./input/BaseInstances/6M1_n=340,r=0.6,t=431,v0.txt;./input/Processed/ToolSetInt.csv
7;720;1440
Machine: 0
132;0;0;77;0;21,36,40,54,55,56,57,58,59,60,61,62,89,90,91,92,93,94,95,96,97,115,116,135,151,155,183,184,185,186,187,188,189,190,191,192,193,194,207,208,216,220,238,244,250,251,262,277,278,279,280,283,289,305,306,307,313,314,315,316,352,353,354,355,356,357,358,359,375,376,389,390,391,392,419,420,421,422,423,424,
133;0;77;186;0;21,36,40,54,55,56,57,58,59,60,61,62,89,90,91,92,93,94,95,96,97,115,116,135,151,155,183,184,185,186,187,188,189,190,191,192,193,194,207,208,216,220,238,244,250,251,262,277,278,279,280,283,289,305,306,307,313,314,315,316,352,353,354,355,356,357,358,359,375,376,389,390,391,392,419,420,421,422,423,424,
133;1;186;356;0;21,36,40,54,55,56,57,58,59,60,61,62,89,90,91,92,93,94,95,96,97,115,116,135,151,155,183,184,185,186,187,188,189,190,191,192,193,194,207,208,216,220,238,244,250,251,262,277,278,279,280,283,289,305,306,307,313,314,315,316,352,353,354,355,356,357,358,359,375,376,389,390,391,392,419,420,421,422,423,424,
160;0;356;407;0;21,36,40,54,55,56,57,58,59,60,61,62,89,90,91,92,93,94,95,96,97,115,116,135,151,155,183,184,185,186,187,188,189,190,191,192,193,194,207,208,216,220,238,244,250,251,262,277,278,279,280,283,289,305,306,307,313,314,315,316,352,353,354,355,356,357,358,359,375,376,389,390,391,392,419,420,421,422,423,424,
122;0;407;568;0;21,36,40,54,55,56,57,58,59,60,61,62,89,90,91,92,93,94,95,96,97,115,116,135,151,155,183,184,185,186,187,188,189,190,191,192,193,194,207,208,216,220,238,244,250,251,262,277,278,279,280,283,289,305,306,307,313,314,315,316,352,353,354,355,356,357,358,359,375,376,389,390,391,392,419,420,421,422,423,424,
66;0;568;677;1;21,36,40,54,55,56,57,58,59,60,61,62,89,90,91,92,93,94,95,96,97,115,116,135,151,155,183,184,185,186,187,188,189,190,191,192,193,194,207,208,216,220,238,244,250,251,262,277,278,279,280,283,289,305,306,307,313,314,315,316,352,353,354,355,356,357,358,359,375,376,389,390,391,392,419,420,421,422,423,424,
66;1;677;838;1;21,36,40,54,55,56,57,58,59,60,61,62,89,90,91,92,93,94,95,96,97,115,116,135,151,155,183,184,185,186,187,188,189,190,191,192,193,194,207,208,216,220,238,244,250,251,262,277,278,279,280,283,289,305,306,307,313,314,315,316,352,353,354,355,356,357,358,359,375,376,389,390,391,392,419,420,421,422,423,424,
12;0;838;985;0;21,36,40,54,55,56,57,58,59,60,61,62,89,90,91,92,93,94,95,96,97,115,116,135,151,155,183,184,185,186,187,188,189,190,191,192,193,194,207,208,216,220,238,244,250,251,262,277,278,279,280,283,289,305,306,307,313,314,315,316,352,353,354,355,356,357,358,359,375,376,389,390,391,392,419,420,421,422,423,424,
57;0;985;1083;0;21,36,40,54,55,56,57,58,59,60,61,62,89,90,91,92,93,94,95,96,97,115,116,135,151,155,183,184,185,186,187,188,189,190,191,192,193,194,207,208,216,220,238,244,250,251,262,277,278,279,280,283,289,305,306,307,313,314,315,316,352,353,354,355,356,357,358,359,375,376,389,390,391,392,419,420,421,422,423,424,
167;0;1083;1134;0;21,36,40,54,55,56,57,58,59,60,61,62,89,90,91,92,93,94,95,96,97,115,116,135,151,155,183,184,185,186,187,188,189,190,191,192,193,194,207,208,216,220,238,244,250,251,262,277,278,279,280,283,289,305,306,307,313,314,315,316,352,353,354,355,356,357,358,359,375,376,389,390,391,392,419,420,421,422,423,424,
96;0;1134;1281;1;21,36,40,54,55,56,57,58,59,60,61,62,89,90,91,92,93,94,95,96,97,115,116,135,151,155,183,184,185,186,187,188,189,190,191,192,193,194,207,208,216,220,238,244,250,251,262,277,278,279,280,283,289,305,306,307,313,314,315,316,352,353,354,355,356,357,358,359,375,376,389,390,391,392,419,420,421,422,423,424,
96;1;1281;1457;1;21,36,40,54,55,56,57,58,59,60,61,62,89,90,91,92,93,94,95,96,97,115,116,135,151,155,183,184,185,186,187,188,189,190,191,192,193,194,207,208,216,220,238,244,250,251,262,277,278,279,280,283,289,305,306,307,313,314,315,316,352,353,354,355,356,357,358,359,375,376,389,390,391,392,419,420,421,422,423,424,
181;0;1457;1490;1;21,36,40,54,55,56,57,58,59,60,61,62,89,90,91,92,93,94,95,96,97,115,116,135,151,155,183,184,185,186,187,188,189,190,191,192,193,194,207,208,216,220,238,244,250,251,262,277,278,279,280,283,289,305,306,307,313,314,315,316,352,353,354,355,356,357,358,359,375,376,389,390,391,392,419,420,421,422,423,424,
181;1;1490;1590;1;21,36,40,54,55,56,57,58,59,60,61,62,89,90,91,92,93,94,95,96,97,115,116,135,151,155,183,184,185,186,187,188,189,190,191,192,193,194,207,208,216,220,238,244,250,251,262,277,278,279,280,283,289,305,306,307,313,314,315,316,352,353,354,355,356,357,358,359,375,376,389,390,391,392,419,420,421,422,423,424,
184;0;1590;1737;1;21,36,40,54,55,56,57,58,59,60,61,62,89,90,91,92,93,94,95,96,97,115,116,135,151,155,183,184,185,186,187,188,189,190,191,192,193,194,207,208,216,220,238,244,250,251,262,277,278,279,280,283,289,305,306,307,313,314,315,316,352,353,354,355,356,357,358,359,375,376,389,390,391,392,419,420,421,422,423,424,
184;1;1737;1913;1;21,36,40,54,55,56,57,58,59,60,61,62,89,90,91,92,93,94,95,96,97,115,116,135,151,155,183,184,185,186,187,188,189,190,191,192,193,194,207,208,216,220,238,244,250,251,262,277,278,279,280,283,289,305,306,307,313,314,315,316,352,353,354,355,356,357,358,359,375,376,389,390,391,392,419,420,421,422,423,424,
26;0;1913;2085;1;21,36,40,54,55,56,57,58,59,60,61,62,89,90,91,92,93,94,95,96,97,115,116,135,151,155,183,184,185,186,187,188,189,190,191,192,193,194,207,208,216,220,238,244,250,251,262,277,278,279,280,283,289,305,306,307,313,314,315,316,352,353,354,355,356,357,358,359,375,376,389,390,391,392,419,420,421,422,423,424,
26;1;2085;2126;1;21,36,40,54,55,56,57,58,59,60,61,62,89,90,91,92,93,94,95,96,97,115,116,135,151,155,183,184,185,186,187,188,189,190,191,192,193,194,207,208,216,220,238,244,250,251,262,277,278,279,280,283,289,305,306,307,313,314,315,316,352,353,354,355,356,357,358,359,375,376,389,390,391,392,419,420,421,422,423,424,
210;0;2126;2301;0;21,36,40,54,55,56,57,58,59,60,61,62,89,90,91,92,93,94,95,96,97,115,116,135,151,155,183,184,185,186,187,188,189,190,191,192,193,194,207,208,216,220,238,244,250,251,262,277,278,279,280,283,289,305,306,307,313,314,315,316,352,353,354,355,356,357,358,359,375,376,389,390,391,392,419,420,421,422,423,424,
118;0;2301;2411;0;21,36,40,54,55,56,57,58,59,60,61,62,89,90,91,92,93,94,95,96,97,115,116,135,151,155,183,184,185,186,187,188,189,190,191,192,193,194,207,208,216,220,238,244,250,251,262,277,278,279,280,283,289,305,306,307,313,314,315,316,352,353,354,355,356,357,358,359,375,376,389,390,391,392,419,420,421,422,423,424,
118;1;2411;2586;0;21,36,40,54,55,56,57,58,59,60,61,62,89,90,91,92,93,94,95,96,97,115,116,135,151,155,183,184,185,186,187,188,189,190,191,192,193,194,207,208,216,220,238,244,250,251,262,277,278,279,280,283,289,305,306,307,313,314,315,316,352,353,354,355,356,357,358,359,375,376,389,390,391,392,419,420,421,422,423,424,
111;0;2586;2662;1;21,36,40,54,55,56,57,58,59,60,61,62,89,90,91,92,93,94,95,96,97,115,116,135,151,155,183,184,185,186,187,188,189,190,191,192,193,194,207,208,216,220,238,244,250,251,262,277,278,279,280,283,289,305,306,307,313,314,315,316,352,353,354,355,356,357,358,359,375,376,389,390,391,392,419,420,421,422,423,424,
111;1;2662;2685;1;21,36,40,54,55,56,57,58,59,60,61,62,89,90,91,92,93,94,95,96,97,115,116,135,151,155,183,184,185,186,187,188,189,190,191,192,193,194,207,208,216,220,238,244,250,251,262,277,278,279,280,283,289,305,306,307,313,314,315,316,352,353,354,355,356,357,358,359,375,376,389,390,391,392,419,420,421,422,423,424,
72;0;2685;2829;0;21,36,40,54,55,56,57,58,59,60,61,62,89,90,91,92,93,94,95,96,97,115,116,135,151,155,183,184,185,186,187,188,189,190,191,192,193,194,207,208,216,220,238,244,250,251,262,277,278,279,280,283,289,305,306,307,313,314,315,316,352,353,354,355,356,357,358,359,375,376,389,390,391,392,419,420,421,422,423,424,
209;0;2829;2904;1;21,36,40,54,55,56,57,58,59,60,61,62,89,90,91,92,93,94,95,96,97,115,116,135,151,155,183,184,185,186,187,188,189,190,191,192,193,194,207,208,216,220,238,244,250,251,262,277,278,279,280,283,289,305,306,307,313,314,315,316,352,353,354,355,356,357,358,359,375,376,389,390,391,392,419,420,421,422,423,424,
209;1;2904;2940;1;21,36,40,54,55,56,57,58,59,60,61,62,89,90,91,92,93,94,95,96,97,115,116,135,151,155,183,184,185,186,187,188,189,190,191,192,193,194,207,208,216,220,238,244,250,251,262,277,278,279,280,283,289,305,306,307,313,314,315,316,352,353,354,355,356,357,358,359,375,376,389,390,391,392,419,420,421,422,423,424,
46;0;2940;2958;1;21,36,40,54,55,56,57,58,59,60,61,62,89,90,91,92,93,94,95,96,97,115,116,135,151,155,183,184,185,186,187,188,189,190,191,192,193,194,207,208,216,220,238,244,250,251,262,277,278,279,280,283,289,305,306,307,313,314,315,316,352,353,354,355,356,357,358,359,375,376,389,390,391,392,419,420,421,422,423,424,
46;1;2958;3128;1;21,36,40,54,55,56,57,58,59,60,61,62,89,90,91,92,93,94,95,96,97,115,116,135,151,155,183,184,185,186,187,188,189,190,191,192,193,194,207,208,216,220,238,244,250,251,262,277,278,279,280,283,289,305,306,307,313,314,315,316,352,353,354,355,356,357,358,359,375,376,389,390,391,392,419,420,421,422,423,424,
188;0;3128;3264;0;21,36,40,54,55,56,57,58,59,60,61,62,89,90,91,92,93,94,95,96,97,115,116,135,151,155,183,184,185,186,187,188,189,190,191,192,193,194,207,208,216,220,238,244,250,251,262,277,278,279,280,283,289,305,306,307,313,314,315,316,352,353,354,355,356,357,358,359,375,376,389,390,391,392,419,420,421,422,423,424,
188;1;3264;3285;0;21,36,40,54,55,56,57,58,59,60,61,62,89,90,91,92,93,94,95,96,97,115,116,135,151,155,183,184,185,186,187,188,189,190,191,192,193,194,207,208,216,220,238,244,250,251,262,277,278,279,280,283,289,305,306,307,313,314,315,316,352,353,354,355,356,357,358,359,375,376,389,390,391,392,419,420,421,422,423,424,
165;0;3285;3460;0;21,36,40,54,55,56,57,58,59,60,61,62,89,90,91,92,93,94,95,96,97,115,116,135,151,155,183,184,185,186,187,188,189,190,191,192,193,194,207,208,216,220,238,244,250,251,262,277,278,279,280,283,289,305,306,307,313,314,315,316,352,353,354,355,356,357,358,359,375,376,389,390,391,392,419,420,421,422,423,424,
59;0;3460;3553;1;21,36,40,54,55,56,57,58,59,60,61,62,89,90,91,92,93,94,95,96,97,115,116,135,151,155,183,184,185,186,187,188,189,190,191,192,193,194,207,208,216,220,238,244,250,251,262,277,278,279,280,283,289,305,306,307,313,314,315,316,352,353,354,355,356,357,358,359,375,376,389,390,391,392,419,420,421,422,423,424,
59;1;3553;3677;1;21,36,40,54,55,56,57,58,59,60,61,62,89,90,91,92,93,94,95,96,97,115,116,135,151,155,183,184,185,186,187,188,189,190,191,192,193,194,207,208,216,220,238,244,250,251,262,277,278,279,280,283,289,305,306,307,313,314,315,316,352,353,354,355,356,357,358,359,375,376,389,390,391,392,419,420,421,422,423,424,
189;0;3677;3794;1;21,36,40,54,55,56,57,58,59,60,61,62,89,90,91,92,93,94,95,96,97,115,116,135,151,155,183,184,185,186,187,188,189,190,191,192,193,194,207,208,216,220,238,244,250,251,262,277,278,279,280,283,289,305,306,307,313,314,315,316,352,353,354,355,356,357,358,359,375,376,389,390,391,392,419,420,421,422,423,424,
189;1;3794;3815;1;21,36,40,54,55,56,57,58,59,60,61,62,89,90,91,92,93,94,95,96,97,115,116,135,151,155,183,184,185,186,187,188,189,190,191,192,193,194,207,208,216,220,238,244,250,251,262,277,278,279,280,283,289,305,306,307,313,314,315,316,352,353,354,355,356,357,358,359,375,376,389,390,391,392,419,420,421,422,423,424,
187;0;3815;3866;0;21,36,40,54,55,56,57,58,59,60,61,62,89,90,91,92,93,94,95,96,97,115,116,135,151,155,183,184,185,186,187,188,189,190,191,192,193,194,207,208,216,220,238,244,250,251,262,277,278,279,280,283,289,305,306,307,313,314,315,316,352,353,354,355,356,357,358,359,375,376,389,390,391,392,419,420,421,422,423,424,
129;0;3866;3877;1;21,36,40,54,55,56,57,58,59,60,61,62,89,90,91,92,93,94,95,96,97,115,116,135,151,155,183,184,185,186,187,188,189,190,191,192,193,194,207,208,216,220,238,244,250,251,262,277,278,279,280,283,289,305,306,307,313,314,315,316,352,353,354,355,356,357,358,359,375,376,389,390,391,392,419,420,421,422,423,424,
129;1;3877;4053;1;21,36,40,54,55,56,57,58,59,60,61,62,89,90,91,92,93,94,95,96,97,115,116,135,151,155,183,184,185,186,187,188,189,190,191,192,193,194,207,208,216,220,238,244,250,251,262,277,278,279,280,283,289,305,306,307,313,314,315,316,352,353,354,355,356,357,358,359,375,376,389,390,391,392,419,420,421,422,423,424,
79;0;4053;4150;1;21,36,40,54,55,56,57,58,59,60,61,62,89,90,91,92,93,94,95,96,97,115,116,135,151,155,183,184,185,186,187,188,189,190,191,192,193,194,207,208,216,220,238,244,250,251,262,277,278,279,280,283,289,305,306,307,313,314,315,316,352,353,354,355,356,357,358,359,375,376,389,390,391,392,419,420,421,422,423,424,
79;1;4150;4171;1;21,36,40,54,55,56,57,58,59,60,61,62,89,90,91,92,93,94,95,96,97,115,116,135,151,155,183,184,185,186,187,188,189,190,191,192,193,194,207,208,216,220,238,244,250,251,262,277,278,279,280,283,289,305,306,307,313,314,315,316,352,353,354,355,356,357,358,359,375,376,389,390,391,392,419,420,421,422,423,424,
86;0;4171;4280;1;21,36,40,54,55,56,57,58,59,60,61,62,89,90,91,92,93,94,95,96,97,115,116,135,151,155,183,184,185,186,187,188,189,190,191,192,193,194,207,208,216,220,238,244,250,251,262,277,278,279,280,283,289,305,306,307,313,314,315,316,352,353,354,355,356,357,358,359,375,376,389,390,391,392,419,420,421,422,423,424,
86;1;4280;4455;1;21,36,40,54,55,56,57,58,59,60,61,62,89,90,91,92,93,94,95,96,97,115,116,135,151,155,183,184,185,186,187,188,189,190,191,192,193,194,207,208,216,220,238,244,250,251,262,277,278,279,280,283,289,305,306,307,313,314,315,316,352,353,354,355,356,357,358,359,375,376,389,390,391,392,419,420,421,422,423,424,
131;0;4455;4467;1;21,36,40,54,55,56,57,58,59,60,61,62,89,90,91,92,93,94,95,96,97,115,116,135,151,155,183,184,185,186,187,188,189,190,191,192,193,194,207,208,216,220,238,244,250,251,262,277,278,279,280,283,289,305,306,307,313,314,315,316,352,353,354,355,356,357,358,359,375,376,389,390,391,392,419,420,421,422,423,424,
131;1;4467;4591;1;21,36,40,54,55,56,57,58,59,60,61,62,89,90,91,92,93,94,95,96,97,115,116,135,151,155,183,184,185,186,187,188,189,190,191,192,193,194,207,208,216,220,238,244,250,251,262,277,278,279,280,283,289,305,306,307,313,314,315,316,352,353,354,355,356,357,358,359,375,376,389,390,391,392,419,420,421,422,423,424,
190;0;4591;4687;0;21,36,40,54,55,56,57,58,59,60,61,62,89,90,91,92,93,94,95,96,97,115,116,135,151,155,183,184,185,186,187,188,189,190,191,192,193,194,207,208,216,220,238,244,250,251,262,277,278,279,280,283,289,305,306,307,313,314,315,316,352,353,354,355,356,357,358,359,375,376,389,390,391,392,419,420,421,422,423,424,
7;0;4687;4718;0;21,36,40,54,55,56,57,58,59,60,61,62,89,90,91,92,93,94,95,96,97,115,116,135,151,155,183,184,185,186,187,188,189,190,191,192,193,194,207,208,216,220,238,244,250,251,262,277,278,279,280,283,289,305,306,307,313,314,315,316,352,353,354,355,356,357,358,359,375,376,389,390,391,392,419,420,421,422,423,424,
104;0;4718;4729;1;21,36,40,54,55,56,57,58,59,60,61,62,89,90,91,92,93,94,95,96,97,115,116,135,151,155,183,184,185,186,187,188,189,190,191,192,193,194,207,208,216,220,238,244,250,251,262,277,278,279,280,283,289,305,306,307,313,314,315,316,352,353,354,355,356,357,358,359,375,376,389,390,391,392,419,420,421,422,423,424,
104;1;4729;4899;1;21,36,40,54,55,56,57,58,59,60,61,62,89,90,91,92,93,94,95,96,97,115,116,135,151,155,183,184,185,186,187,188,189,190,191,192,193,194,207,208,216,220,238,244,250,251,262,277,278,279,280,283,289,305,306,307,313,314,315,316,352,353,354,355,356,357,358,359,375,376,389,390,391,392,419,420,421,422,423,424,
211;0;4899;4968;1;21,36,40,54,55,56,57,58,59,60,61,62,89,90,91,92,93,94,95,96,97,115,116,135,151,155,183,184,185,186,187,188,189,190,191,192,193,194,207,208,216,220,238,244,250,251,262,277,278,279,280,283,289,305,306,307,313,314,315,316,352,353,354,355,356,357,358,359,375,376,389,390,391,392,419,420,421,422,423,424,
211;1;4968;5045;1;21,36,40,54,55,56,57,58,59,60,61,62,89,90,91,92,93,94,95,96,97,115,116,135,151,155,183,184,185,186,187,188,189,190,191,192,193,194,207,208,216,220,238,244,250,251,262,277,278,279,280,283,289,305,306,307,313,314,315,316,352,353,354,355,356,357,358,359,375,376,389,390,391,392,419,420,421,422,423,424,
78;0;5045;5195;0;21,36,40,54,55,56,57,58,59,60,61,62,89,90,91,92,93,94,95,96,97,115,116,135,151,155,183,184,185,186,187,188,189,190,191,192,193,194,207,208,216,220,238,244,250,251,262,277,278,279,280,283,289,305,306,307,313,314,315,316,352,353,354,355,356,357,358,359,375,376,389,390,391,392,419,420,421,422,423,424,
78;1;5195;5356;0;21,36,40,54,55,56,57,58,59,60,61,62,89,90,91,92,93,94,95,96,97,115,116,135,151,155,183,184,185,186,187,188,189,190,191,192,193,194,207,208,216,220,238,244,250,251,262,277,278,279,280,283,289,305,306,307,313,314,315,316,352,353,354,355,356,357,358,359,375,376,389,390,391,392,419,420,421,422,423,424,
62;0;5356;5503;0;21,36,40,54,55,56,57,58,59,60,61,62,89,90,91,92,93,94,95,96,97,115,116,135,151,155,183,184,185,186,187,188,189,190,191,192,193,194,207,208,216,220,238,244,250,251,262,277,278,279,280,283,289,305,306,307,313,314,315,316,352,353,354,355,356,357,358,359,375,376,389,390,391,392,419,420,421,422,423,424,
102;0;5503;5554;0;21,36,40,54,55,56,57,58,59,60,61,62,89,90,91,92,93,94,95,96,97,115,116,135,151,155,183,184,185,186,187,188,189,190,191,192,193,194,207,208,216,220,238,244,250,251,262,277,278,279,280,283,289,305,306,307,313,314,315,316,352,353,354,355,356,357,358,359,375,376,389,390,391,392,419,420,421,422,423,424,
47;0;5554;5698;0;21,36,40,54,55,56,57,58,59,60,61,62,89,90,91,92,93,94,95,96,97,115,116,135,151,155,183,184,185,186,187,188,189,190,191,192,193,194,207,208,216,220,238,244,250,251,262,277,278,279,280,283,289,305,306,307,313,314,315,316,352,353,354,355,356,357,358,359,375,376,389,390,391,392,419,420,421,422,423,424,
193;0;5698;5730;0;21,36,40,54,55,56,57,58,59,60,61,62,89,90,91,92,93,94,95,96,97,115,116,135,151,155,183,184,185,186,187,188,189,190,191,192,193,194,207,208,216,220,238,244,250,251,262,277,278,279,280,283,289,305,306,307,313,314,315,316,352,353,354,355,356,357,358,359,375,376,389,390,391,392,419,420,421,422,423,424,
193;1;5730;5807;0;21,36,40,54,55,56,57,58,59,60,61,62,89,90,91,92,93,94,95,96,97,115,116,135,151,155,183,184,185,186,187,188,189,190,191,192,193,194,207,208,216,220,238,244,250,251,262,277,278,279,280,283,289,305,306,307,313,314,315,316,352,353,354,355,356,357,358,359,375,376,389,390,391,392,419,420,421,422,423,424,
Machine: 1
134;0;0;12;1;48,53,70,71,72,73,74,75,76,77,78,79,115,120,134,151,153,154,155,156,177,193,194,195,196,197,198,199,208,216,222,223,224,225,226,227,228,229,230,231,232,233,234,235,236,249,250,253,254,255,258,259,269,270,271,272,273,274,275,276,277,278,279,280,281,282,284,293,301,334,373,374,375,376,377,404,405,406,407,408,
134;1;12;106;1;48,53,70,71,72,73,74,75,76,77,78,79,115,120,134,151,153,154,155,156,177,193,194,195,196,197,198,199,208,216,222,223,224,225,226,227,228,229,230,231,232,233,234,235,236,249,250,253,254,255,258,259,269,270,271,272,273,274,275,276,277,278,279,280,281,282,284,293,301,334,373,374,375,376,377,404,405,406,407,408,
107;0;106;118;0;48,53,70,71,72,73,74,75,76,77,78,79,115,120,134,151,153,154,155,156,177,193,194,195,196,197,198,199,208,216,222,223,224,225,226,227,228,229,230,231,232,233,234,235,236,249,250,253,254,255,258,259,269,270,271,272,273,274,275,276,277,278,279,280,281,282,284,293,301,334,373,374,375,376,377,404,405,406,407,408,
40;0;118;282;0;48,53,70,71,72,73,74,75,76,77,78,79,115,120,134,151,153,154,155,156,177,193,194,195,196,197,198,199,208,216,222,223,224,225,226,227,228,229,230,231,232,233,234,235,236,249,250,253,254,255,258,259,269,270,271,272,273,274,275,276,277,278,279,280,281,282,284,293,301,334,373,374,375,376,377,404,405,406,407,408,
49;0;282;433;1;48,53,70,71,72,73,74,75,76,77,78,79,115,120,134,151,153,154,155,156,177,193,194,195,196,197,198,199,208,216,222,223,224,225,226,227,228,229,230,231,232,233,234,235,236,249,250,253,254,255,258,259,269,270,271,272,273,274,275,276,277,278,279,280,281,282,284,293,301,334,373,374,375,376,377,404,405,406,407,408,
49;1;433;506;1;48,53,70,71,72,73,74,75,76,77,78,79,115,120,134,151,153,154,155,156,177,193,194,195,196,197,198,199,208,216,222,223,224,225,226,227,228,229,230,231,232,233,234,235,236,249,250,253,254,255,258,259,269,270,271,272,273,274,275,276,277,278,279,280,281,282,284,293,301,334,373,374,375,376,377,404,405,406,407,408,
117;0;506;686;0;48,53,70,71,72,73,74,75,76,77,78,79,115,120,134,151,153,154,155,156,177,193,194,195,196,197,198,199,208,216,222,223,224,225,226,227,228,229,230,231,232,233,234,235,236,249,250,253,254,255,258,259,269,270,271,272,273,274,275,276,277,278,279,280,281,282,284,293,301,334,373,374,375,376,377,404,405,406,407,408,
158;0;686;704;0;48,53,70,71,72,73,74,75,76,77,78,79,115,120,134,151,153,154,155,156,177,193,194,195,196,197,198,199,208,216,222,223,224,225,226,227,228,229,230,231,232,233,234,235,236,249,250,253,254,255,258,259,269,270,271,272,273,274,275,276,277,278,279,280,281,282,284,293,301,334,373,374,375,376,377,404,405,406,407,408,
158;1;704;798;0;48,53,70,71,72,73,74,75,76,77,78,79,115,120,134,151,153,154,155,156,177,193,194,195,196,197,198,199,208,216,222,223,224,225,226,227,228,229,230,231,232,233,234,235,236,249,250,253,254,255,258,259,269,270,271,272,273,274,275,276,277,278,279,280,281,282,284,293,301,334,373,374,375,376,377,404,405,406,407,408,
116;0;798;887;1;48,53,70,71,72,73,74,75,76,77,78,79,115,120,134,151,153,154,155,156,177,193,194,195,196,197,198,199,208,216,222,223,224,225,226,227,228,229,230,231,232,233,234,235,236,249,250,253,254,255,258,259,269,270,271,272,273,274,275,276,277,278,279,280,281,282,284,293,301,334,373,374,375,376,377,404,405,406,407,408,
116;1;887;1039;1;48,53,70,71,72,73,74,75,76,77,78,79,115,120,134,151,153,154,155,156,177,193,194,195,196,197,198,199,208,216,222,223,224,225,226,227,228,229,230,231,232,233,234,235,236,249,250,253,254,255,258,259,269,270,271,272,273,274,275,276,277,278,279,280,281,282,284,293,301,334,373,374,375,376,377,404,405,406,407,408,
83;0;1039;1127;0;48,53,70,71,72,73,74,75,76,77,78,79,115,120,134,151,153,154,155,156,177,193,194,195,196,197,198,199,208,216,222,223,224,225,226,227,228,229,230,231,232,233,234,235,236,249,250,253,254,255,258,259,269,270,271,272,273,274,275,276,277,278,279,280,281,282,284,293,301,334,373,374,375,376,377,404,405,406,407,408,
83;1;1127;1228;0;48,53,70,71,72,73,74,75,76,77,78,79,115,120,134,151,153,154,155,156,177,193,194,195,196,197,198,199,208,216,222,223,224,225,226,227,228,229,230,231,232,233,234,235,236,249,250,253,254,255,258,259,269,270,271,272,273,274,275,276,277,278,279,280,281,282,284,293,301,334,373,374,375,376,377,404,405,406,407,408,
9;0;1228;1347;1;48,53,70,71,72,73,74,75,76,77,78,79,115,120,134,151,153,154,155,156,177,193,194,195,196,197,198,199,208,216,222,223,224,225,226,227,228,229,230,231,232,233,234,235,236,249,250,253,254,255,258,259,269,270,271,272,273,274,275,276,277,278,279,280,281,282,284,293,301,334,373,374,375,376,377,404,405,406,407,408,
9;1;1347;1410;1;48,53,70,71,72,73,74,75,76,77,78,79,115,120,134,151,153,154,155,156,177,193,194,195,196,197,198,199,208,216,222,223,224,225,226,227,228,229,230,231,232,233,234,235,236,249,250,253,254,255,258,259,269,270,271,272,273,274,275,276,277,278,279,280,281,282,284,293,301,334,373,374,375,376,377,404,405,406,407,408,
31;0;1410;1582;1;48,53,70,71,72,73,74,75,76,77,78,79,115,120,134,151,153,154,155,156,177,193,194,195,196,197,198,199,208,216,222,223,224,225,226,227,228,229,230,231,232,233,234,235,236,249,250,253,254,255,258,259,269,270,271,272,273,274,275,276,277,278,279,280,281,282,284,293,301,334,373,374,375,376,377,404,405,406,407,408,
31;1;1582;1654;1;48,53,70,71,72,73,74,75,76,77,78,79,115,120,134,151,153,154,155,156,177,193,194,195,196,197,198,199,208,216,222,223,224,225,226,227,228,229,230,231,232,233,234,235,236,249,250,253,254,255,258,259,269,270,271,272,273,274,275,276,277,278,279,280,281,282,284,293,301,334,373,374,375,376,377,404,405,406,407,408,
55;0;1654;1726;0;48,53,70,71,72,73,74,75,76,77,78,79,115,120,134,151,153,154,155,156,177,193,194,195,196,197,198,199,208,216,222,223,224,225,226,227,228,229,230,231,232,233,234,235,236,249,250,253,254,255,258,259,269,270,271,272,273,274,275,276,277,278,279,280,281,282,284,293,301,334,373,374,375,376,377,404,405,406,407,408,
205;0;1726;1894;0;48,53,70,71,72,73,74,75,76,77,78,79,115,120,134,151,153,154,155,156,177,193,194,195,196,197,198,199,208,216,222,223,224,225,226,227,228,229,230,231,232,233,234,235,236,249,250,253,254,255,258,259,269,270,271,272,273,274,275,276,277,278,279,280,281,282,284,293,301,334,373,374,375,376,377,404,405,406,407,408,
38;0;1894;2005;0;48,53,70,71,72,73,74,75,76,77,78,79,115,120,134,151,153,154,155,156,177,193,194,195,196,197,198,199,208,216,222,223,224,225,226,227,228,229,230,231,232,233,234,235,236,249,250,253,254,255,258,259,269,270,271,272,273,274,275,276,277,278,279,280,281,282,284,293,301,334,373,374,375,376,377,404,405,406,407,408,
38;1;2005;2081;0;48,53,70,71,72,73,74,75,76,77,78,79,115,120,134,151,153,154,155,156,177,193,194,195,196,197,198,199,208,216,222,223,224,225,226,227,228,229,230,231,232,233,234,235,236,249,250,253,254,255,258,259,269,270,271,272,273,274,275,276,277,278,279,280,281,282,284,293,301,334,373,374,375,376,377,404,405,406,407,408,
130;0;2081;2212;0;0,1,33,48,53,70,71,72,73,74,75,76,115,117,120,123,125,126,127,128,129,130,131,134,151,155,177,179,208,209,216,220,221,229,230,231,232,233,234,235,236,240,248,249,250,251,252,253,254,255,256,257,258,259,260,261,277,278,279,280,281,282,284,297,298,299,300,301,302,404,405,406,407,408,425,426,427,428,429,430,
125;0;2212;2251;0;0,1,33,48,53,70,71,72,73,74,75,76,115,117,120,123,125,126,127,128,129,130,131,134,151,155,177,179,208,209,216,220,221,229,230,231,232,233,234,235,236,240,248,249,250,251,252,253,254,255,256,257,258,259,260,261,277,278,279,280,281,282,284,297,298,299,300,301,302,404,405,406,407,408,425,426,427,428,429,430,
154;0;2251;2395;1;0,1,33,48,53,70,71,72,73,74,75,76,115,117,120,123,125,126,127,128,129,130,131,134,151,155,177,179,208,209,216,220,221,229,230,231,232,233,234,235,236,240,248,249,250,251,252,253,254,255,256,257,258,259,260,261,277,278,279,280,281,282,284,297,298,299,300,301,302,404,405,406,407,408,425,426,427,428,429,430,
154;1;2395;2509;1;0,1,33,48,53,70,71,72,73,74,75,76,115,117,120,123,125,126,127,128,129,130,131,134,151,155,177,179,208,209,216,220,221,229,230,231,232,233,234,235,236,240,248,249,250,251,252,253,254,255,256,257,258,259,260,261,277,278,279,280,281,282,284,297,298,299,300,301,302,404,405,406,407,408,425,426,427,428,429,430,
142;0;2509;2630;0;0,1,33,48,53,70,71,72,73,74,75,76,115,117,120,123,125,126,127,128,129,130,131,134,151,155,177,179,208,209,216,220,221,229,230,231,232,233,234,235,236,240,248,249,250,251,252,253,254,255,256,257,258,259,260,261,277,278,279,280,281,282,284,297,298,299,300,301,302,404,405,406,407,408,425,426,427,428,429,430,
192;0;2630;2674;0;0,1,33,48,53,70,71,72,73,74,75,76,115,117,120,123,125,126,127,128,129,130,131,134,151,155,177,179,208,209,216,220,221,229,230,231,232,233,234,235,236,240,248,249,250,251,252,253,254,255,256,257,258,259,260,261,277,278,279,280,281,282,284,297,298,299,300,301,302,404,405,406,407,408,425,426,427,428,429,430,
45;0;2674;2713;0;0,1,33,48,53,70,71,72,73,74,75,76,115,117,120,123,125,126,127,128,129,130,131,134,151,155,177,179,208,209,216,220,221,229,230,231,232,233,234,235,236,240,248,249,250,251,252,253,254,255,256,257,258,259,260,261,277,278,279,280,281,282,284,297,298,299,300,301,302,404,405,406,407,408,425,426,427,428,429,430,
206;0;2713;2749;1;0,1,33,48,53,70,71,72,73,74,75,76,115,117,120,123,125,126,127,128,129,130,131,134,151,155,177,179,208,209,216,220,221,229,230,231,232,233,234,235,236,240,248,249,250,251,252,253,254,255,256,257,258,259,260,261,277,278,279,280,281,282,284,297,298,299,300,301,302,404,405,406,407,408,425,426,427,428,429,430,
206;1;2749;2897;1;0,1,33,48,53,70,71,72,73,74,75,76,115,117,120,123,125,126,127,128,129,130,131,134,151,155,177,179,208,209,216,220,221,229,230,231,232,233,234,235,236,240,248,249,250,251,252,253,254,255,256,257,258,259,260,261,277,278,279,280,281,282,284,297,298,299,300,301,302,404,405,406,407,408,425,426,427,428,429,430,
141;0;2897;2933;1;0,1,33,48,53,70,71,72,73,74,75,76,115,117,120,123,125,126,127,128,129,130,131,134,151,155,177,179,208,209,216,220,221,229,230,231,232,233,234,235,236,240,248,249,250,251,252,253,254,255,256,257,258,259,260,261,277,278,279,280,281,282,284,297,298,299,300,301,302,404,405,406,407,408,425,426,427,428,429,430,
141;1;2933;3016;1;0,1,33,48,53,70,71,72,73,74,75,76,115,117,120,123,125,126,127,128,129,130,131,134,151,155,177,179,208,209,216,220,221,229,230,231,232,233,234,235,236,240,248,249,250,251,252,253,254,255,256,257,258,259,260,261,277,278,279,280,281,282,284,297,298,299,300,301,302,404,405,406,407,408,425,426,427,428,429,430,
43;0;3016;3076;0;0,1,33,48,53,70,71,72,73,74,75,76,115,117,120,123,125,126,127,128,129,130,131,134,151,155,177,179,208,209,216,220,221,229,230,231,232,233,234,235,236,240,248,249,250,251,252,253,254,255,256,257,258,259,260,261,277,278,279,280,281,282,284,297,298,299,300,301,302,404,405,406,407,408,425,426,427,428,429,430,
43;1;3076;3240;0;0,1,33,48,53,70,71,72,73,74,75,76,115,117,120,123,125,126,127,128,129,130,131,134,151,155,177,179,208,209,216,220,221,229,230,231,232,233,234,235,236,240,248,249,250,251,252,253,254,255,256,257,258,259,260,261,277,278,279,280,281,282,284,297,298,299,300,301,302,404,405,406,407,408,425,426,427,428,429,430,
157;0;3240;3354;0;0,1,33,48,53,70,71,72,73,74,75,76,115,117,120,123,125,126,127,128,129,130,131,134,151,155,177,179,208,209,216,220,221,229,230,231,232,233,234,235,236,240,248,249,250,251,252,253,254,255,256,257,258,259,260,261,277,278,279,280,281,282,284,297,298,299,300,301,302,404,405,406,407,408,425,426,427,428,429,430,
182;0;3354;3448;0;0,1,33,48,53,70,71,72,73,74,75,76,115,117,120,123,125,126,127,128,129,130,131,134,151,155,177,179,208,209,216,220,221,229,230,231,232,233,234,235,236,240,248,249,250,251,252,253,254,255,256,257,258,259,260,261,277,278,279,280,281,282,284,297,298,299,300,301,302,404,405,406,407,408,425,426,427,428,429,430,
92;0;3448;3579;0;0,1,33,48,53,70,71,72,73,74,75,76,115,117,120,123,125,126,127,128,129,130,131,134,151,155,177,179,208,209,216,220,221,229,230,231,232,233,234,235,236,240,248,249,250,251,252,253,254,255,256,257,258,259,260,261,277,278,279,280,281,282,284,297,298,299,300,301,302,404,405,406,407,408,425,426,427,428,429,430,
17;0;3579;3662;0;0,1,33,48,53,70,71,72,73,74,75,76,115,117,120,123,125,126,127,128,129,130,131,134,151,155,177,179,208,209,216,220,221,229,230,231,232,233,234,235,236,240,248,249,250,251,252,253,254,255,256,257,258,259,260,261,277,278,279,280,281,282,284,297,298,299,300,301,302,404,405,406,407,408,425,426,427,428,429,430,
202;0;3662;3826;0;0,1,33,48,53,70,71,72,73,74,75,76,115,117,120,123,125,126,127,128,129,130,131,134,151,155,177,179,208,209,216,220,221,229,230,231,232,233,234,235,236,240,248,249,250,251,252,253,254,255,256,257,258,259,260,261,277,278,279,280,281,282,284,297,298,299,300,301,302,404,405,406,407,408,425,426,427,428,429,430,
44;0;3826;3865;1;0,1,33,48,53,70,71,72,73,74,75,76,115,117,120,123,125,126,127,128,129,130,131,134,151,155,177,179,208,209,216,220,221,229,230,231,232,233,234,235,236,240,248,249,250,251,252,253,254,255,256,257,258,259,260,261,277,278,279,280,281,282,284,297,298,299,300,301,302,404,405,406,407,408,425,426,427,428,429,430,
44;1;3865;3904;1;0,1,33,48,53,70,71,72,73,74,75,76,115,117,120,123,125,126,127,128,129,130,131,134,151,155,177,179,208,209,216,220,221,229,230,231,232,233,234,235,236,240,248,249,250,251,252,253,254,255,256,257,258,259,260,261,277,278,279,280,281,282,284,297,298,299,300,301,302,404,405,406,407,408,425,426,427,428,429,430,
199;0;3904;4007;1;0,1,33,48,53,70,71,72,73,74,75,76,115,117,120,123,125,126,127,128,129,130,131,134,151,155,177,179,208,209,216,220,221,229,230,231,232,233,234,235,236,240,248,249,250,251,252,253,254,255,256,257,258,259,260,261,277,278,279,280,281,282,284,297,298,299,300,301,302,404,405,406,407,408,425,426,427,428,429,430,
199;1;4007;4046;1;0,1,33,48,53,70,71,72,73,74,75,76,115,117,120,123,125,126,127,128,129,130,131,134,151,155,177,179,208,209,216,220,221,229,230,231,232,233,234,235,236,240,248,249,250,251,252,253,254,255,256,257,258,259,260,261,277,278,279,280,281,282,284,297,298,299,300,301,302,404,405,406,407,408,425,426,427,428,429,430,
148;0;4046;4067;0;0,1,33,48,53,70,71,72,73,74,75,76,115,117,120,123,125,126,127,128,129,130,131,134,151,155,177,179,208,209,216,220,221,229,230,231,232,233,234,235,236,240,248,249,250,251,252,253,254,255,256,257,258,259,260,261,277,278,279,280,281,282,284,297,298,299,300,301,302,404,405,406,407,408,425,426,427,428,429,430,
148;1;4067;4106;0;0,1,33,48,53,70,71,72,73,74,75,76,115,117,120,123,125,126,127,128,129,130,131,134,151,155,177,179,208,209,216,220,221,229,230,231,232,233,234,235,236,240,248,249,250,251,252,253,254,255,256,257,258,259,260,261,277,278,279,280,281,282,284,297,298,299,300,301,302,404,405,406,407,408,425,426,427,428,429,430,
99;0;4106;4256;1;0,1,33,48,53,70,71,72,73,74,75,76,115,117,120,123,125,126,127,128,129,130,131,134,151,155,177,179,208,209,216,220,221,229,230,231,232,233,234,235,236,240,248,249,250,251,252,253,254,255,256,257,258,259,260,261,277,278,279,280,281,282,284,297,298,299,300,301,302,404,405,406,407,408,425,426,427,428,429,430,
99;1;4256;4409;1;0,1,33,48,53,70,71,72,73,74,75,76,115,117,120,123,125,126,127,128,129,130,131,134,151,155,177,179,208,209,216,220,221,229,230,231,232,233,234,235,236,240,248,249,250,251,252,253,254,255,256,257,258,259,260,261,277,278,279,280,281,282,284,297,298,299,300,301,302,404,405,406,407,408,425,426,427,428,429,430,
115;0;4409;4532;0;0,1,33,48,53,70,71,72,73,74,75,76,115,117,120,123,125,126,127,128,129,130,131,134,151,155,177,179,208,209,216,220,221,229,230,231,232,233,234,235,236,240,248,249,250,251,252,253,254,255,256,257,258,259,260,261,277,278,279,280,281,282,284,297,298,299,300,301,302,404,405,406,407,408,425,426,427,428,429,430,
54;0;4532;4698;1;0,1,33,48,53,70,71,72,73,74,75,76,115,117,120,123,125,126,127,128,129,130,131,134,151,155,177,179,208,209,216,220,221,229,230,231,232,233,234,235,236,240,248,249,250,251,252,253,254,255,256,257,258,259,260,261,277,278,279,280,281,282,284,297,298,299,300,301,302,404,405,406,407,408,425,426,427,428,429,430,
54;1;4698;4789;1;0,1,33,48,53,70,71,72,73,74,75,76,115,117,120,123,125,126,127,128,129,130,131,134,151,155,177,179,208,209,216,220,221,229,230,231,232,233,234,235,236,240,248,249,250,251,252,253,254,255,256,257,258,259,260,261,277,278,279,280,281,282,284,297,298,299,300,301,302,404,405,406,407,408,425,426,427,428,429,430,
179;0;4789;4862;1;0,1,33,48,53,70,71,72,73,74,75,76,115,117,120,123,125,126,127,128,129,130,131,134,151,155,177,179,208,209,216,220,221,229,230,231,232,233,234,235,236,240,248,249,250,251,252,253,254,255,256,257,258,259,260,261,277,278,279,280,281,282,284,297,298,299,300,301,302,404,405,406,407,408,425,426,427,428,429,430,
179;1;4862;5010;1;0,1,33,48,53,70,71,72,73,74,75,76,115,117,120,123,125,126,127,128,129,130,131,134,151,155,177,179,208,209,216,220,221,229,230,231,232,233,234,235,236,240,248,249,250,251,252,253,254,255,256,257,258,259,260,261,277,278,279,280,281,282,284,297,298,299,300,301,302,404,405,406,407,408,425,426,427,428,429,430,
177;0;5010;5174;0;0,1,33,48,53,70,71,72,73,74,75,76,115,117,120,123,125,126,127,128,129,130,131,134,151,155,177,179,208,209,216,220,221,229,230,231,232,233,234,235,236,240,248,249,250,251,252,253,254,255,256,257,258,259,260,261,277,278,279,280,281,282,284,297,298,299,300,301,302,404,405,406,407,408,425,426,427,428,429,430,
162;0;5174;5213;0;0,1,33,48,53,70,71,72,73,74,75,76,115,117,120,123,125,126,127,128,129,130,131,134,151,155,177,179,208,209,216,220,221,229,230,231,232,233,234,235,236,240,248,249,250,251,252,253,254,255,256,257,258,259,260,261,277,278,279,280,281,282,284,297,298,299,300,301,302,404,405,406,407,408,425,426,427,428,429,430,
Machine: 2
74;0;0;123;1;2,20,24,26,27,28,30,31,32,33,34,35,36,37,45,46,47,48,49,50,51,52,53,54,55,56,57,58,59,60,61,62,63,64,65,66,67,68,69,82,105,115,116,117,118,119,120,121,122,123,124,169,173,174,175,176,186,360,361,362,363,364,365,366,367,368,369,378,379,380,381,382,409,410,411,412,413,414,415,416,
74;1;123;165;1;2,20,24,26,27,28,30,31,32,33,34,35,36,37,45,46,47,48,49,50,51,52,53,54,55,56,57,58,59,60,61,62,63,64,65,66,67,68,69,82,105,115,116,117,118,119,120,121,122,123,124,169,173,174,175,176,186,360,361,362,363,364,365,366,367,368,369,378,379,380,381,382,409,410,411,412,413,414,415,416,
80;0;165;242;0;2,20,24,26,27,28,30,31,32,33,34,35,36,37,45,46,47,48,49,50,51,52,53,54,55,56,57,58,59,60,61,62,63,64,65,66,67,68,69,82,105,115,116,117,118,119,120,121,122,123,124,169,173,174,175,176,186,360,361,362,363,364,365,366,367,368,369,378,379,380,381,382,409,410,411,412,413,414,415,416,
93;0;242;246;0;2,20,24,26,27,28,30,31,32,33,34,35,36,37,45,46,47,48,49,50,51,52,53,54,55,56,57,58,59,60,61,62,63,64,65,66,67,68,69,82,105,115,116,117,118,119,120,121,122,123,124,169,173,174,175,176,186,360,361,362,363,364,365,366,367,368,369,378,379,380,381,382,409,410,411,412,413,414,415,416,
93;1;246;361;0;2,20,24,26,27,28,30,31,32,33,34,35,36,37,45,46,47,48,49,50,51,52,53,54,55,56,57,58,59,60,61,62,63,64,65,66,67,68,69,82,105,115,116,117,118,119,120,121,122,123,124,169,173,174,175,176,186,360,361,362,363,364,365,366,367,368,369,378,379,380,381,382,409,410,411,412,413,414,415,416,
8;0;361;521;0;2,20,24,26,27,28,30,31,32,33,34,35,36,37,45,46,47,48,49,50,51,52,53,54,55,56,57,58,59,60,61,62,63,64,65,66,67,68,69,82,105,115,116,117,118,119,120,121,122,123,124,169,173,174,175,176,186,360,361,362,363,364,365,366,367,368,369,378,379,380,381,382,409,410,411,412,413,414,415,416,
8;1;521;657;0;2,20,24,26,27,28,30,31,32,33,34,35,36,37,45,46,47,48,49,50,51,52,53,54,55,56,57,58,59,60,61,62,63,64,65,66,67,68,69,82,105,115,116,117,118,119,120,121,122,123,124,169,173,174,175,176,186,360,361,362,363,364,365,366,367,368,369,378,379,380,381,382,409,410,411,412,413,414,415,416,
163;0;657;741;0;2,20,24,26,27,28,30,31,32,33,34,35,36,37,45,46,47,48,49,50,51,52,53,54,55,56,57,58,59,60,61,62,63,64,65,66,67,68,69,82,105,115,116,117,118,119,120,121,122,123,124,169,173,174,175,176,186,360,361,362,363,364,365,366,367,368,369,378,379,380,381,382,409,410,411,412,413,414,415,416,
163;1;741;807;0;2,20,24,26,27,28,30,31,32,33,34,35,36,37,45,46,47,48,49,50,51,52,53,54,55,56,57,58,59,60,61,62,63,64,65,66,67,68,69,82,105,115,116,117,118,119,120,121,122,123,124,169,173,174,175,176,186,360,361,362,363,364,365,366,367,368,369,378,379,380,381,382,409,410,411,412,413,414,415,416,
63;0;807;876;0;2,20,24,26,27,28,30,31,32,33,34,35,36,37,45,46,47,48,49,50,51,52,53,54,55,56,57,58,59,60,61,62,63,64,65,66,67,68,69,82,105,115,116,117,118,119,120,121,122,123,124,169,173,174,175,176,186,360,361,362,363,364,365,366,367,368,369,378,379,380,381,382,409,410,411,412,413,414,415,416,
63;1;876;907;0;2,20,24,26,27,28,30,31,32,33,34,35,36,37,45,46,47,48,49,50,51,52,53,54,55,56,57,58,59,60,61,62,63,64,65,66,67,68,69,82,105,115,116,117,118,119,120,121,122,123,124,169,173,174,175,176,186,360,361,362,363,364,365,366,367,368,369,378,379,380,381,382,409,410,411,412,413,414,415,416,
84;0;907;954;1;2,20,24,26,27,28,30,31,32,33,34,35,36,37,45,46,47,48,49,50,51,52,53,54,55,56,57,58,59,60,61,62,63,64,65,66,67,68,69,82,105,115,116,117,118,119,120,121,122,123,124,169,173,174,175,176,186,360,361,362,363,364,365,366,367,368,369,378,379,380,381,382,409,410,411,412,413,414,415,416,
84;1;954;969;1;2,20,24,26,27,28,30,31,32,33,34,35,36,37,45,46,47,48,49,50,51,52,53,54,55,56,57,58,59,60,61,62,63,64,65,66,67,68,69,82,105,115,116,117,118,119,120,121,122,123,124,169,173,174,175,176,186,360,361,362,363,364,365,366,367,368,369,378,379,380,381,382,409,410,411,412,413,414,415,416,
97;0;969;976;0;2,20,24,26,27,28,30,31,32,33,34,35,36,37,45,46,47,48,49,50,51,52,53,54,55,56,57,58,59,60,61,62,63,64,65,66,67,68,69,82,105,115,116,117,118,119,120,121,122,123,124,169,173,174,175,176,186,360,361,362,363,364,365,366,367,368,369,378,379,380,381,382,409,410,411,412,413,414,415,416,
3;0;976;1133;0;2,20,24,26,27,28,30,31,32,33,34,35,36,37,45,46,47,48,49,50,51,52,53,54,55,56,57,58,59,60,61,62,63,64,65,66,67,68,69,82,105,115,116,117,118,119,120,121,122,123,124,169,173,174,175,176,186,360,361,362,363,364,365,366,367,368,369,378,379,380,381,382,409,410,411,412,413,414,415,416,
3;1;1133;1175;0;2,20,24,26,27,28,30,31,32,33,34,35,36,37,45,46,47,48,49,50,51,52,53,54,55,56,57,58,59,60,61,62,63,64,65,66,67,68,69,82,105,115,116,117,118,119,120,121,122,123,124,169,173,174,175,176,186,360,361,362,363,364,365,366,367,368,369,378,379,380,381,382,409,410,411,412,413,414,415,416,
6;0;1175;1269;1;2,20,24,26,27,28,30,31,32,33,34,35,36,37,45,46,47,48,49,50,51,52,53,54,55,56,57,58,59,60,61,62,63,64,65,66,67,68,69,82,105,115,116,117,118,119,120,121,122,123,124,169,173,174,175,176,186,360,361,362,363,364,365,366,367,368,369,378,379,380,381,382,409,410,411,412,413,414,415,416,
6;1;1269;1359;1;2,20,24,26,27,28,30,31,32,33,34,35,36,37,45,46,47,48,49,50,51,52,53,54,55,56,57,58,59,60,61,62,63,64,65,66,67,68,69,82,105,115,116,117,118,119,120,121,122,123,124,169,173,174,175,176,186,360,361,362,363,364,365,366,367,368,369,378,379,380,381,382,409,410,411,412,413,414,415,416,
186;0;1359;1462;1;2,20,24,26,27,28,30,31,32,33,34,35,36,37,45,46,47,48,49,50,51,52,53,54,55,56,57,58,59,60,61,62,63,64,65,66,67,68,69,82,105,115,116,117,118,119,120,121,122,123,124,169,173,174,175,176,186,360,361,362,363,364,365,366,367,368,369,378,379,380,381,382,409,410,411,412,413,414,415,416,
186;1;1462;1606;1;2,20,24,26,27,28,30,31,32,33,34,35,36,37,45,46,47,48,49,50,51,52,53,54,55,56,57,58,59,60,61,62,63,64,65,66,67,68,69,82,105,115,116,117,118,119,120,121,122,123,124,169,173,174,175,176,186,360,361,362,363,364,365,366,367,368,369,378,379,380,381,382,409,410,411,412,413,414,415,416,
24;0;1606;1781;1;2,20,24,26,27,28,30,31,32,33,34,35,36,37,45,46,47,48,49,50,51,52,53,54,55,56,57,58,59,60,61,62,63,64,65,66,67,68,69,82,105,115,116,117,118,119,120,121,122,123,124,169,173,174,175,176,186,360,361,362,363,364,365,366,367,368,369,378,379,380,381,382,409,410,411,412,413,414,415,416,
24;1;1781;1793;1;2,20,24,26,27,28,30,31,32,33,34,35,36,37,45,46,47,48,49,50,51,52,53,54,55,56,57,58,59,60,61,62,63,64,65,66,67,68,69,82,105,115,116,117,118,119,120,121,122,123,124,169,173,174,175,176,186,360,361,362,363,364,365,366,367,368,369,378,379,380,381,382,409,410,411,412,413,414,415,416,
16;0;1793;1873;1;2,20,24,26,27,28,30,31,32,33,34,35,36,37,45,46,47,48,49,50,51,52,53,54,55,56,57,58,59,60,61,62,63,64,65,66,67,68,69,82,105,115,116,117,118,119,120,121,122,123,124,169,173,174,175,176,186,360,361,362,363,364,365,366,367,368,369,378,379,380,381,382,409,410,411,412,413,414,415,416,
16;1;1873;1970;1;2,20,24,26,27,28,30,31,32,33,34,35,36,37,45,46,47,48,49,50,51,52,53,54,55,56,57,58,59,60,61,62,63,64,65,66,67,68,69,82,105,115,116,117,118,119,120,121,122,123,124,169,173,174,175,176,186,360,361,362,363,364,365,366,367,368,369,378,379,380,381,382,409,410,411,412,413,414,415,416,
5;0;1970;2036;0;2,20,24,26,27,28,30,31,32,33,34,35,36,37,45,46,47,48,49,50,51,52,53,54,55,56,57,58,59,60,61,62,63,64,65,66,67,68,69,82,105,115,116,117,118,119,120,121,122,123,124,169,173,174,175,176,186,360,361,362,363,364,365,366,367,368,369,378,379,380,381,382,409,410,411,412,413,414,415,416,
172;0;2036;2113;0;2,20,24,26,27,28,30,31,32,33,34,35,36,37,45,46,47,48,49,50,51,52,53,54,55,56,57,58,59,60,61,62,63,64,65,66,67,68,69,82,105,115,116,117,118,119,120,121,122,123,124,169,173,174,175,176,186,360,361,362,363,364,365,366,367,368,369,378,379,380,381,382,409,410,411,412,413,414,415,416,
151;0;2113;2210;1;2,20,21,22,23,24,25,26,27,28,29,30,36,37,48,53,54,55,56,57,58,59,60,61,62,63,64,65,66,67,68,69,105,115,116,117,118,119,120,121,122,123,124,155,186,208,220,248,250,263,264,265,266,267,268,283,307,338,339,340,341,342,343,344,345,346,347,348,349,350,351,383,384,385,386,387,388,401,402,403,
151;1;2210;2262;1;2,20,21,22,23,24,25,26,27,28,29,30,36,37,48,53,54,55,56,57,58,59,60,61,62,63,64,65,66,67,68,69,105,115,116,117,118,119,120,121,122,123,124,155,186,208,220,248,250,263,264,265,266,267,268,283,307,338,339,340,341,342,343,344,345,346,347,348,349,350,351,383,384,385,386,387,388,401,402,403,
76;0;2262;2375;1;2,20,21,22,23,24,25,26,27,28,29,30,36,37,48,53,54,55,56,57,58,59,60,61,62,63,64,65,66,67,68,69,105,115,116,117,118,119,120,121,122,123,124,155,186,208,220,248,250,263,264,265,266,267,268,283,307,338,339,340,341,342,343,344,345,346,347,348,349,350,351,383,384,385,386,387,388,401,402,403,
76;1;2375;2511;1;2,20,21,22,23,24,25,26,27,28,29,30,36,37,48,53,54,55,56,57,58,59,60,61,62,63,64,65,66,67,68,69,105,115,116,117,118,119,120,121,122,123,124,155,186,208,220,248,250,263,264,265,266,267,268,283,307,338,339,340,341,342,343,344,345,346,347,348,349,350,351,383,384,385,386,387,388,401,402,403,
140;0;2511;2538;0;2,20,21,22,23,24,25,26,27,28,29,30,36,37,48,53,54,55,56,57,58,59,60,61,62,63,64,65,66,67,68,69,105,115,116,117,118,119,120,121,122,123,124,155,186,208,220,248,250,263,264,265,266,267,268,283,307,338,339,340,341,342,343,344,345,346,347,348,349,350,351,383,384,385,386,387,388,401,402,403,
94;0;2538;2597;1;2,20,21,22,23,24,25,26,27,28,29,30,36,37,48,53,54,55,56,57,58,59,60,61,62,63,64,65,66,67,68,69,105,115,116,117,118,119,120,121,122,123,124,155,186,208,220,248,250,263,264,265,266,267,268,283,307,338,339,340,341,342,343,344,345,346,347,348,349,350,351,383,384,385,386,387,388,401,402,403,
94;1;2597;2642;1;2,20,21,22,23,24,25,26,27,28,29,30,36,37,48,53,54,55,56,57,58,59,60,61,62,63,64,65,66,67,68,69,105,115,116,117,118,119,120,121,122,123,124,155,186,208,220,248,250,263,264,265,266,267,268,283,307,338,339,340,341,342,343,344,345,346,347,348,349,350,351,383,384,385,386,387,388,401,402,403,
27;0;2642;2747;0;2,20,21,22,23,24,25,26,27,28,29,30,36,37,48,53,54,55,56,57,58,59,60,61,62,63,64,65,66,67,68,69,105,115,116,117,118,119,120,121,122,123,124,155,186,208,220,248,250,263,264,265,266,267,268,283,307,338,339,340,341,342,343,344,345,346,347,348,349,350,351,383,384,385,386,387,388,401,402,403,
91;0;2747;2868;1;2,20,21,22,23,24,25,26,27,28,29,30,36,37,48,53,54,55,56,57,58,59,60,61,62,63,64,65,66,67,68,69,105,115,116,117,118,119,120,121,122,123,124,155,186,208,220,248,250,263,264,265,266,267,268,283,307,338,339,340,341,342,343,344,345,346,347,348,349,350,351,383,384,385,386,387,388,401,402,403,
91;1;2868;3017;1;2,20,21,22,23,24,25,26,27,28,29,30,36,37,48,53,54,55,56,57,58,59,60,61,62,63,64,65,66,67,68,69,105,115,116,117,118,119,120,121,122,123,124,155,186,208,220,248,250,263,264,265,266,267,268,283,307,338,339,340,341,342,343,344,345,346,347,348,349,350,351,383,384,385,386,387,388,401,402,403,
85;0;3017;3044;0;2,20,21,22,23,24,25,26,27,28,29,30,36,37,48,53,54,55,56,57,58,59,60,61,62,63,64,65,66,67,68,69,105,115,116,117,118,119,120,121,122,123,124,155,186,208,220,248,250,263,264,265,266,267,268,283,307,338,339,340,341,342,343,344,345,346,347,348,349,350,351,383,384,385,386,387,388,401,402,403,
61;0;3044;3091;1;2,20,21,22,23,24,25,26,27,28,29,30,36,37,48,53,54,55,56,57,58,59,60,61,62,63,64,65,66,67,68,69,105,115,116,117,118,119,120,121,122,123,124,155,186,208,220,248,250,263,264,265,266,267,268,283,307,338,339,340,341,342,343,344,345,346,347,348,349,350,351,383,384,385,386,387,388,401,402,403,
61;1;3091;3181;1;2,20,21,22,23,24,25,26,27,28,29,30,36,37,48,53,54,55,56,57,58,59,60,61,62,63,64,65,66,67,68,69,105,115,116,117,118,119,120,121,122,123,124,155,186,208,220,248,250,263,264,265,266,267,268,283,307,338,339,340,341,342,343,344,345,346,347,348,349,350,351,383,384,385,386,387,388,401,402,403,
28;0;3181;3340;0;2,20,21,22,23,24,25,26,27,28,29,30,36,37,48,53,54,55,56,57,58,59,60,61,62,63,64,65,66,67,68,69,105,115,116,117,118,119,120,121,122,123,124,155,186,208,220,248,250,263,264,265,266,267,268,283,307,338,339,340,341,342,343,344,345,346,347,348,349,350,351,383,384,385,386,387,388,401,402,403,
28;1;3340;3484;0;2,20,21,22,23,24,25,26,27,28,29,30,36,37,48,53,54,55,56,57,58,59,60,61,62,63,64,65,66,67,68,69,105,115,116,117,118,119,120,121,122,123,124,155,186,208,220,248,250,263,264,265,266,267,268,283,307,338,339,340,341,342,343,344,345,346,347,348,349,350,351,383,384,385,386,387,388,401,402,403,
164;0;3484;3660;1;2,20,21,22,23,24,25,26,27,28,29,30,36,37,48,53,54,55,56,57,58,59,60,61,62,63,64,65,66,67,68,69,105,115,116,117,118,119,120,121,122,123,124,155,186,208,220,248,250,263,264,265,266,267,268,283,307,338,339,340,341,342,343,344,345,346,347,348,349,350,351,383,384,385,386,387,388,401,402,403,
164;1;3660;3705;1;2,20,21,22,23,24,25,26,27,28,29,30,36,37,48,53,54,55,56,57,58,59,60,61,62,63,64,65,66,67,68,69,105,115,116,117,118,119,120,121,122,123,124,155,186,208,220,248,250,263,264,265,266,267,268,283,307,338,339,340,341,342,343,344,345,346,347,348,349,350,351,383,384,385,386,387,388,401,402,403,
176;0;3705;3746;1;2,20,21,22,23,24,25,26,27,28,29,30,36,37,48,53,54,55,56,57,58,59,60,61,62,63,64,65,66,67,68,69,105,115,116,117,118,119,120,121,122,123,124,155,186,208,220,248,250,263,264,265,266,267,268,283,307,338,339,340,341,342,343,344,345,346,347,348,349,350,351,383,384,385,386,387,388,401,402,403,
176;1;3746;3843;1;2,20,21,22,23,24,25,26,27,28,29,30,36,37,48,53,54,55,56,57,58,59,60,61,62,63,64,65,66,67,68,69,105,115,116,117,118,119,120,121,122,123,124,155,186,208,220,248,250,263,264,265,266,267,268,283,307,338,339,340,341,342,343,344,345,346,347,348,349,350,351,383,384,385,386,387,388,401,402,403,
156;0;3843;3853;1;2,20,21,22,23,24,25,26,27,28,29,30,36,37,48,53,54,55,56,57,58,59,60,61,62,63,64,65,66,67,68,69,105,115,116,117,118,119,120,121,122,123,124,155,186,208,220,248,250,263,264,265,266,267,268,283,307,338,339,340,341,342,343,344,345,346,347,348,349,350,351,383,384,385,386,387,388,401,402,403,
156;1;3853;4025;1;2,20,21,22,23,24,25,26,27,28,29,30,36,37,48,53,54,55,56,57,58,59,60,61,62,63,64,65,66,67,68,69,105,115,116,117,118,119,120,121,122,123,124,155,186,208,220,248,250,263,264,265,266,267,268,283,307,338,339,340,341,342,343,344,345,346,347,348,349,350,351,383,384,385,386,387,388,401,402,403,
110;0;4025;4123;0;2,20,21,22,23,24,25,26,27,28,29,30,36,37,48,53,54,55,56,57,58,59,60,61,62,63,64,65,66,67,68,69,105,115,116,117,118,119,120,121,122,123,124,155,186,208,220,248,250,263,264,265,266,267,268,283,307,338,339,340,341,342,343,344,345,346,347,348,349,350,351,383,384,385,386,387,388,401,402,403,
208;0;4123;4162;0;2,20,21,22,23,24,25,26,27,28,29,30,36,37,48,53,54,55,56,57,58,59,60,61,62,63,64,65,66,67,68,69,105,115,116,117,118,119,120,121,122,123,124,155,186,208,220,248,250,263,264,265,266,267,268,283,307,338,339,340,341,342,343,344,345,346,347,348,349,350,351,383,384,385,386,387,388,401,402,403,
208;1;4162;4206;0;2,20,21,22,23,24,25,26,27,28,29,30,36,37,48,53,54,55,56,57,58,59,60,61,62,63,64,65,66,67,68,69,105,115,116,117,118,119,120,121,122,123,124,155,186,208,220,248,250,263,264,265,266,267,268,283,307,338,339,340,341,342,343,344,345,346,347,348,349,350,351,383,384,385,386,387,388,401,402,403,
29;0;4206;4344;1;2,20,21,22,23,24,25,26,27,28,29,30,36,37,48,53,54,55,56,57,58,59,60,61,62,63,64,65,66,67,68,69,105,115,116,117,118,119,120,121,122,123,124,155,186,208,220,248,250,263,264,265,266,267,268,283,307,338,339,340,341,342,343,344,345,346,347,348,349,350,351,383,384,385,386,387,388,401,402,403,
29;1;4344;4388;1;2,20,21,22,23,24,25,26,27,28,29,30,36,37,48,53,54,55,56,57,58,59,60,61,62,63,64,65,66,67,68,69,105,115,116,117,118,119,120,121,122,123,124,155,186,208,220,248,250,263,264,265,266,267,268,283,307,338,339,340,341,342,343,344,345,346,347,348,349,350,351,383,384,385,386,387,388,401,402,403,
2;0;4388;4560;1;2,20,21,22,23,24,25,26,27,28,29,30,36,37,48,53,54,55,56,57,58,59,60,61,62,63,64,65,66,67,68,69,105,115,116,117,118,119,120,121,122,123,124,155,186,208,220,248,250,263,264,265,266,267,268,283,307,338,339,340,341,342,343,344,345,346,347,348,349,350,351,383,384,385,386,387,388,401,402,403,
75;0;4560;4675;0;2,20,21,22,23,24,25,26,27,28,29,30,36,37,48,53,54,55,56,57,58,59,60,61,62,63,64,65,66,67,68,69,105,115,116,117,118,119,120,121,122,123,124,155,186,208,220,248,250,263,264,265,266,267,268,283,307,338,339,340,341,342,343,344,345,346,347,348,349,350,351,383,384,385,386,387,388,401,402,403,
48;0;4675;4716;0;2,20,21,22,23,24,25,26,27,28,29,30,36,37,48,53,54,55,56,57,58,59,60,61,62,63,64,65,66,67,68,69,105,115,116,117,118,119,120,121,122,123,124,155,186,208,220,248,250,263,264,265,266,267,268,283,307,338,339,340,341,342,343,344,345,346,347,348,349,350,351,383,384,385,386,387,388,401,402,403,
48;1;4716;4768;0;2,20,21,22,23,24,25,26,27,28,29,30,36,37,48,53,54,55,56,57,58,59,60,61,62,63,64,65,66,67,68,69,105,115,116,117,118,119,120,121,122,123,124,155,186,208,220,248,250,263,264,265,266,267,268,283,307,338,339,340,341,342,343,344,345,346,347,348,349,350,351,383,384,385,386,387,388,401,402,403,
10;0;4768;4864;0;2,20,21,22,23,24,25,26,27,28,29,30,36,37,48,53,54,55,56,57,58,59,60,61,62,63,64,65,66,67,68,69,105,115,116,117,118,119,120,121,122,123,124,155,186,208,220,248,250,263,264,265,266,267,268,283,307,338,339,340,341,342,343,344,345,346,347,348,349,350,351,383,384,385,386,387,388,401,402,403,
77;0;4864;4909;0;2,20,21,22,23,24,25,26,27,28,29,30,36,37,48,53,54,55,56,57,58,59,60,61,62,63,64,65,66,67,68,69,105,115,116,117,118,119,120,121,122,123,124,155,186,208,220,248,250,263,264,265,266,267,268,283,307,338,339,340,341,342,343,344,345,346,347,348,349,350,351,383,384,385,386,387,388,401,402,403,
Machine: 3
42;0;0;71;0;0,18,24,36,37,38,39,40,41,42,43,44,45,54,66,80,81,82,83,84,85,86,87,88,98,99,100,101,102,103,104,105,106,107,108,109,110,111,112,113,114,169,170,171,172,191,206,207,211,212,213,216,218,219,245,246,247,253,254,259,260,277,278,286,287,288,289,307,333,334,335,336,337,370,371,372,404,406,417,418,
191;0;71;110;1;0,18,24,36,37,38,39,40,41,42,43,44,45,54,66,80,81,82,83,84,85,86,87,88,98,99,100,101,102,103,104,105,106,107,108,109,110,111,112,113,114,169,170,171,172,191,206,207,211,212,213,216,218,219,245,246,247,253,254,259,260,277,278,286,287,288,289,307,333,334,335,336,337,370,371,372,404,406,417,418,
191;1;110;253;1;0,18,24,36,37,38,39,40,41,42,43,44,45,54,66,80,81,82,83,84,85,86,87,88,98,99,100,101,102,103,104,105,106,107,108,109,110,111,112,113,114,169,170,171,172,191,206,207,211,212,213,216,218,219,245,246,247,253,254,259,260,277,278,286,287,288,289,307,333,334,335,336,337,370,371,372,404,406,417,418,
14;0;253;275;1;0,18,24,36,37,38,39,40,41,42,43,44,45,54,66,80,81,82,83,84,85,86,87,88,98,99,100,101,102,103,104,105,106,107,108,109,110,111,112,113,114,169,170,171,172,191,206,207,211,212,213,216,218,219,245,246,247,253,254,259,260,277,278,286,287,288,289,307,333,334,335,336,337,370,371,372,404,406,417,418,
14;1;275;426;1;0,18,24,36,37,38,39,40,41,42,43,44,45,54,66,80,81,82,83,84,85,86,87,88,98,99,100,101,102,103,104,105,106,107,108,109,110,111,112,113,114,169,170,171,172,191,206,207,211,212,213,216,218,219,245,246,247,253,254,259,260,277,278,286,287,288,289,307,333,334,335,336,337,370,371,372,404,406,417,418,
137;0;426;606;0;0,18,24,36,37,38,39,40,41,42,43,44,45,54,66,80,81,82,83,84,85,86,87,88,98,99,100,101,102,103,104,105,106,107,108,109,110,111,112,113,114,169,170,171,172,191,206,207,211,212,213,216,218,219,245,246,247,253,254,259,260,277,278,286,287,288,289,307,333,334,335,336,337,370,371,372,404,406,417,418,
139;0;606;618;1;0,18,24,36,37,38,39,40,41,42,43,44,45,54,66,80,81,82,83,84,85,86,87,88,98,99,100,101,102,103,104,105,106,107,108,109,110,111,112,113,114,169,170,171,172,191,206,207,211,212,213,216,218,219,245,246,247,253,254,259,260,277,278,286,287,288,289,307,333,334,335,336,337,370,371,372,404,406,417,418,
139;1;618;798;1;0,18,24,36,37,38,39,40,41,42,43,44,45,54,66,80,81,82,83,84,85,86,87,88,98,99,100,101,102,103,104,105,106,107,108,109,110,111,112,113,114,169,170,171,172,191,206,207,211,212,213,216,218,219,245,246,247,253,254,259,260,277,278,286,287,288,289,307,333,334,335,336,337,370,371,372,404,406,417,418,
203;0;798;962;0;0,18,24,36,37,38,39,40,41,42,43,44,45,54,66,80,81,82,83,84,85,86,87,88,98,99,100,101,102,103,104,105,106,107,108,109,110,111,112,113,114,169,170,171,172,191,206,207,211,212,213,216,218,219,245,246,247,253,254,259,260,277,278,286,287,288,289,307,333,334,335,336,337,370,371,372,404,406,417,418,
203;1;962;1093;0;0,18,24,36,37,38,39,40,41,42,43,44,45,54,66,80,81,82,83,84,85,86,87,88,98,99,100,101,102,103,104,105,106,107,108,109,110,111,112,113,114,169,170,171,172,191,206,207,211,212,213,216,218,219,245,246,247,253,254,259,260,277,278,286,287,288,289,307,333,334,335,336,337,370,371,372,404,406,417,418,
95;0;1093;1230;0;0,18,24,36,37,38,39,40,41,42,43,44,45,54,66,80,81,82,83,84,85,86,87,88,98,99,100,101,102,103,104,105,106,107,108,109,110,111,112,113,114,169,170,171,172,191,206,207,211,212,213,216,218,219,245,246,247,253,254,259,260,277,278,286,287,288,289,307,333,334,335,336,337,370,371,372,404,406,417,418,
98;0;1230;1282;0;0,18,24,36,37,38,39,40,41,42,43,44,45,54,66,80,81,82,83,84,85,86,87,88,98,99,100,101,102,103,104,105,106,107,108,109,110,111,112,113,114,169,170,171,172,191,206,207,211,212,213,216,218,219,245,246,247,253,254,259,260,277,278,286,287,288,289,307,333,334,335,336,337,370,371,372,404,406,417,418,
98;1;1282;1439;0;0,18,24,36,37,38,39,40,41,42,43,44,45,54,66,80,81,82,83,84,85,86,87,88,98,99,100,101,102,103,104,105,106,107,108,109,110,111,112,113,114,169,170,171,172,191,206,207,211,212,213,216,218,219,245,246,247,253,254,259,260,277,278,286,287,288,289,307,333,334,335,336,337,370,371,372,404,406,417,418,
124;0;1439;1505;1;0,18,24,36,37,38,39,40,41,42,43,44,45,54,66,80,81,82,83,84,85,86,87,88,98,99,100,101,102,103,104,105,106,107,108,109,110,111,112,113,114,169,170,171,172,191,206,207,211,212,213,216,218,219,245,246,247,253,254,259,260,277,278,286,287,288,289,307,333,334,335,336,337,370,371,372,404,406,417,418,
124;1;1505;1519;1;0,18,24,36,37,38,39,40,41,42,43,44,45,54,66,80,81,82,83,84,85,86,87,88,98,99,100,101,102,103,104,105,106,107,108,109,110,111,112,113,114,169,170,171,172,191,206,207,211,212,213,216,218,219,245,246,247,253,254,259,260,277,278,286,287,288,289,307,333,334,335,336,337,370,371,372,404,406,417,418,
34;0;1519;1692;1;0,18,24,36,37,38,39,40,41,42,43,44,45,54,66,80,81,82,83,84,85,86,87,88,98,99,100,101,102,103,104,105,106,107,108,109,110,111,112,113,114,169,170,171,172,191,206,207,211,212,213,216,218,219,245,246,247,253,254,259,260,277,278,286,287,288,289,307,333,334,335,336,337,370,371,372,404,406,417,418,
34;1;1692;1741;1;0,18,24,36,37,38,39,40,41,42,43,44,45,54,66,80,81,82,83,84,85,86,87,88,98,99,100,101,102,103,104,105,106,107,108,109,110,111,112,113,114,169,170,171,172,191,206,207,211,212,213,216,218,219,245,246,247,253,254,259,260,277,278,286,287,288,289,307,333,334,335,336,337,370,371,372,404,406,417,418,
159;0;1741;1838;1;0,18,24,36,37,38,39,40,41,42,43,44,45,54,66,80,81,82,83,84,85,86,87,88,98,99,100,101,102,103,104,105,106,107,108,109,110,111,112,113,114,169,170,171,172,191,206,207,211,212,213,216,218,219,245,246,247,253,254,259,260,277,278,286,287,288,289,307,333,334,335,336,337,370,371,372,404,406,417,418,
159;1;1838;1937;1;0,18,24,36,37,38,39,40,41,42,43,44,45,54,66,80,81,82,83,84,85,86,87,88,98,99,100,101,102,103,104,105,106,107,108,109,110,111,112,113,114,169,170,171,172,191,206,207,211,212,213,216,218,219,245,246,247,253,254,259,260,277,278,286,287,288,289,307,333,334,335,336,337,370,371,372,404,406,417,418,
51;0;1937;2025;1;0,18,24,36,37,38,39,40,41,42,43,44,45,54,66,80,81,82,83,84,85,86,87,88,98,99,100,101,102,103,104,105,106,107,108,109,110,111,112,113,114,169,170,171,172,191,206,207,211,212,213,216,218,219,245,246,247,253,254,259,260,277,278,286,287,288,289,307,333,334,335,336,337,370,371,372,404,406,417,418,
51;1;2025;2162;1;0,18,24,36,37,38,39,40,41,42,43,44,45,54,66,80,81,82,83,84,85,86,87,88,98,99,100,101,102,103,104,105,106,107,108,109,110,111,112,113,114,169,170,171,172,191,206,207,211,212,213,216,218,219,245,246,247,253,254,259,260,277,278,286,287,288,289,307,333,334,335,336,337,370,371,372,404,406,417,418,
73;0;2162;2245;0;0,18,24,36,37,38,39,40,41,42,43,44,45,54,66,80,81,82,83,84,85,86,87,88,98,99,100,101,102,103,104,105,106,107,108,109,110,111,112,113,114,169,170,171,172,191,206,207,211,212,213,216,218,219,245,246,247,253,254,259,260,277,278,286,287,288,289,307,333,334,335,336,337,370,371,372,404,406,417,418,
73;1;2245;2329;0;0,18,24,36,37,38,39,40,41,42,43,44,45,54,66,80,81,82,83,84,85,86,87,88,98,99,100,101,102,103,104,105,106,107,108,109,110,111,112,113,114,169,170,171,172,191,206,207,211,212,213,216,218,219,245,246,247,253,254,259,260,277,278,286,287,288,289,307,333,334,335,336,337,370,371,372,404,406,417,418,
30;0;2329;2460;0;0,18,24,36,37,38,39,40,41,42,43,44,45,54,66,80,81,82,83,84,85,86,87,88,98,99,100,101,102,103,104,105,106,107,108,109,110,111,112,113,114,169,170,171,172,191,206,207,211,212,213,216,218,219,245,246,247,253,254,259,260,277,278,286,287,288,289,307,333,334,335,336,337,370,371,372,404,406,417,418,
120;0;2460;2611;0;0,18,24,36,37,38,39,40,41,42,43,44,45,54,66,80,81,82,83,84,85,86,87,88,98,99,100,101,102,103,104,105,106,107,108,109,110,111,112,113,114,169,170,171,172,191,206,207,211,212,213,216,218,219,245,246,247,253,254,259,260,277,278,286,287,288,289,307,333,334,335,336,337,370,371,372,404,406,417,418,
127;0;2611;2768;0;0,18,24,36,37,38,39,40,41,42,43,44,45,54,66,80,81,82,83,84,85,86,87,88,98,99,100,101,102,103,104,105,106,107,108,109,110,111,112,113,114,169,170,171,172,191,206,207,211,212,213,216,218,219,245,246,247,253,254,259,260,277,278,286,287,288,289,307,333,334,335,336,337,370,371,372,404,406,417,418,
196;0;2768;2931;1;0,18,24,36,37,38,39,40,41,42,43,44,45,54,66,80,81,82,83,84,85,86,87,88,98,99,100,101,102,103,104,105,106,107,108,109,110,111,112,113,114,169,170,171,172,191,206,207,211,212,213,216,218,219,245,246,247,253,254,259,260,277,278,286,287,288,289,307,333,334,335,336,337,370,371,372,404,406,417,418,
196;1;2931;3068;1;0,18,24,36,37,38,39,40,41,42,43,44,45,54,66,80,81,82,83,84,85,86,87,88,98,99,100,101,102,103,104,105,106,107,108,109,110,111,112,113,114,169,170,171,172,191,206,207,211,212,213,216,218,219,245,246,247,253,254,259,260,277,278,286,287,288,289,307,333,334,335,336,337,370,371,372,404,406,417,418,
23;0;3068;3202;0;0,18,24,36,37,38,39,40,41,42,43,44,45,54,66,80,81,82,83,84,85,86,87,88,98,99,100,101,102,103,104,105,106,107,108,109,110,111,112,113,114,169,170,171,172,191,206,207,211,212,213,216,218,219,245,246,247,253,254,259,260,277,278,286,287,288,289,307,333,334,335,336,337,370,371,372,404,406,417,418,
23;1;3202;3359;0;0,18,24,36,37,38,39,40,41,42,43,44,45,54,66,80,81,82,83,84,85,86,87,88,98,99,100,101,102,103,104,105,106,107,108,109,110,111,112,113,114,169,170,171,172,191,206,207,211,212,213,216,218,219,245,246,247,253,254,259,260,277,278,286,287,288,289,307,333,334,335,336,337,370,371,372,404,406,417,418,
36;0;3359;3379;1;0,18,24,36,37,38,39,40,41,42,43,44,45,54,66,80,81,82,83,84,85,86,87,88,98,99,100,101,102,103,104,105,106,107,108,109,110,111,112,113,114,169,170,171,172,191,206,207,211,212,213,216,218,219,245,246,247,253,254,259,260,277,278,286,287,288,289,307,333,334,335,336,337,370,371,372,404,406,417,418,
36;1;3379;3478;1;0,18,24,36,37,38,39,40,41,42,43,44,45,54,66,80,81,82,83,84,85,86,87,88,98,99,100,101,102,103,104,105,106,107,108,109,110,111,112,113,114,169,170,171,172,191,206,207,211,212,213,216,218,219,245,246,247,253,254,259,260,277,278,286,287,288,289,307,333,334,335,336,337,370,371,372,404,406,417,418,
173;0;3478;3482;0;0,18,24,36,37,38,39,40,41,42,43,44,45,54,66,80,81,82,83,84,85,86,87,88,98,99,100,101,102,103,104,105,106,107,108,109,110,111,112,113,114,169,170,171,172,191,206,207,211,212,213,216,218,219,245,246,247,253,254,259,260,277,278,286,287,288,289,307,333,334,335,336,337,370,371,372,404,406,417,418,
173;1;3482;3496;0;0,18,24,36,37,38,39,40,41,42,43,44,45,54,66,80,81,82,83,84,85,86,87,88,98,99,100,101,102,103,104,105,106,107,108,109,110,111,112,113,114,169,170,171,172,191,206,207,211,212,213,216,218,219,245,246,247,253,254,259,260,277,278,286,287,288,289,307,333,334,335,336,337,370,371,372,404,406,417,418,
175;0;3496;3633;0;0,18,24,36,37,38,39,40,41,42,43,44,45,54,66,80,81,82,83,84,85,86,87,88,98,99,100,101,102,103,104,105,106,107,108,109,110,111,112,113,114,169,170,171,172,191,206,207,211,212,213,216,218,219,245,246,247,253,254,259,260,277,278,286,287,288,289,307,333,334,335,336,337,370,371,372,404,406,417,418,
13;0;3633;3710;0;0,18,24,36,37,38,39,40,41,42,43,44,45,54,66,80,81,82,83,84,85,86,87,88,98,99,100,101,102,103,104,105,106,107,108,109,110,111,112,113,114,169,170,171,172,191,206,207,211,212,213,216,218,219,245,246,247,253,254,259,260,277,278,286,287,288,289,307,333,334,335,336,337,370,371,372,404,406,417,418,
13;1;3710;3890;0;0,18,24,36,37,38,39,40,41,42,43,44,45,54,66,80,81,82,83,84,85,86,87,88,98,99,100,101,102,103,104,105,106,107,108,109,110,111,112,113,114,169,170,171,172,191,206,207,211,212,213,216,218,219,245,246,247,253,254,259,260,277,278,286,287,288,289,307,333,334,335,336,337,370,371,372,404,406,417,418,
4;0;3890;4019;1;0,18,24,36,37,38,39,40,41,42,43,44,45,54,66,80,81,82,83,84,85,86,87,88,98,99,100,101,102,103,104,105,106,107,108,109,110,111,112,113,114,169,170,171,172,191,206,207,211,212,213,216,218,219,245,246,247,253,254,259,260,277,278,286,287,288,289,307,333,334,335,336,337,370,371,372,404,406,417,418,
4;1;4019;4063;1;0,18,24,36,37,38,39,40,41,42,43,44,45,54,66,80,81,82,83,84,85,86,87,88,98,99,100,101,102,103,104,105,106,107,108,109,110,111,112,113,114,169,170,171,172,191,206,207,211,212,213,216,218,219,245,246,247,253,254,259,260,277,278,286,287,288,289,307,333,334,335,336,337,370,371,372,404,406,417,418,
70;0;4063;4200;0;0,18,24,36,37,38,39,40,41,42,43,44,45,54,66,80,81,82,83,84,85,86,87,88,98,99,100,101,102,103,104,105,106,107,108,109,110,111,112,113,114,169,170,171,172,191,206,207,211,212,213,216,218,219,245,246,247,253,254,259,260,277,278,286,287,288,289,307,333,334,335,336,337,370,371,372,404,406,417,418,
180;0;4200;4234;0;0,18,24,36,37,38,39,40,41,42,43,44,45,54,66,80,81,82,83,84,85,86,87,88,98,99,100,101,102,103,104,105,106,107,108,109,110,111,112,113,114,169,170,171,172,191,206,207,211,212,213,216,218,219,245,246,247,253,254,259,260,277,278,286,287,288,289,307,333,334,335,336,337,370,371,372,404,406,417,418,
39;0;4234;4263;1;0,18,24,36,37,38,39,40,41,42,43,44,45,54,66,80,81,82,83,84,85,86,87,88,98,99,100,101,102,103,104,105,106,107,108,109,110,111,112,113,114,169,170,171,172,191,206,207,211,212,213,216,218,219,245,246,247,253,254,259,260,277,278,286,287,288,289,307,333,334,335,336,337,370,371,372,404,406,417,418,
39;1;4263;4414;1;0,18,24,36,37,38,39,40,41,42,43,44,45,54,66,80,81,82,83,84,85,86,87,88,98,99,100,101,102,103,104,105,106,107,108,109,110,111,112,113,114,169,170,171,172,191,206,207,211,212,213,216,218,219,245,246,247,253,254,259,260,277,278,286,287,288,289,307,333,334,335,336,337,370,371,372,404,406,417,418,
71;0;4414;4571;1;0,18,24,36,37,38,39,40,41,42,43,44,45,54,66,80,81,82,83,84,85,86,87,88,98,99,100,101,102,103,104,105,106,107,108,109,110,111,112,113,114,169,170,171,172,191,206,207,211,212,213,216,218,219,245,246,247,253,254,259,260,277,278,286,287,288,289,307,333,334,335,336,337,370,371,372,404,406,417,418,
71;1;4571;4722;1;0,18,24,36,37,38,39,40,41,42,43,44,45,54,66,80,81,82,83,84,85,86,87,88,98,99,100,101,102,103,104,105,106,107,108,109,110,111,112,113,114,169,170,171,172,191,206,207,211,212,213,216,218,219,245,246,247,253,254,259,260,277,278,286,287,288,289,307,333,334,335,336,337,370,371,372,404,406,417,418,
126;0;4722;4859;1;0,18,24,36,37,38,39,40,41,42,43,44,45,54,66,80,81,82,83,84,85,86,87,88,98,99,100,101,102,103,104,105,106,107,108,109,110,111,112,113,114,169,170,171,172,191,206,207,211,212,213,216,218,219,245,246,247,253,254,259,260,277,278,286,287,288,289,307,333,334,335,336,337,370,371,372,404,406,417,418,
126;1;4859;4893;1;0,18,24,36,37,38,39,40,41,42,43,44,45,54,66,80,81,82,83,84,85,86,87,88,98,99,100,101,102,103,104,105,106,107,108,109,110,111,112,113,114,169,170,171,172,191,206,207,211,212,213,216,218,219,245,246,247,253,254,259,260,277,278,286,287,288,289,307,333,334,335,336,337,370,371,372,404,406,417,418,
103;0;4893;4992;0;0,18,24,36,37,38,39,40,41,42,43,44,45,54,66,80,81,82,83,84,85,86,87,88,98,99,100,101,102,103,104,105,106,107,108,109,110,111,112,113,114,169,170,171,172,191,206,207,211,212,213,216,218,219,245,246,247,253,254,259,260,277,278,286,287,288,289,307,333,334,335,336,337,370,371,372,404,406,417,418,
103;1;4992;5054;0;0,18,24,36,37,38,39,40,41,42,43,44,45,54,66,80,81,82,83,84,85,86,87,88,98,99,100,101,102,103,104,105,106,107,108,109,110,111,112,113,114,169,170,171,172,191,206,207,211,212,213,216,218,219,245,246,247,253,254,259,260,277,278,286,287,288,289,307,333,334,335,336,337,370,371,372,404,406,417,418,
11;0;5054;5212;1;0,18,24,36,37,38,39,40,41,42,43,44,45,54,66,80,81,82,83,84,85,86,87,88,98,99,100,101,102,103,104,105,106,107,108,109,110,111,112,113,114,169,170,171,172,191,206,207,211,212,213,216,218,219,245,246,247,253,254,259,260,277,278,286,287,288,289,307,333,334,335,336,337,370,371,372,404,406,417,418,
11;1;5212;5226;1;0,18,24,36,37,38,39,40,41,42,43,44,45,54,66,80,81,82,83,84,85,86,87,88,98,99,100,101,102,103,104,105,106,107,108,109,110,111,112,113,114,169,170,171,172,191,206,207,211,212,213,216,218,219,245,246,247,253,254,259,260,277,278,286,287,288,289,307,333,334,335,336,337,370,371,372,404,406,417,418,
161;0;5226;5324;1;0,18,24,36,37,38,39,40,41,42,43,44,45,54,66,80,81,82,83,84,85,86,87,88,98,99,100,101,102,103,104,105,106,107,108,109,110,111,112,113,114,169,170,171,172,191,206,207,211,212,213,216,218,219,245,246,247,253,254,259,260,277,278,286,287,288,289,307,333,334,335,336,337,370,371,372,404,406,417,418,
161;1;5324;5408;1;0,18,24,36,37,38,39,40,41,42,43,44,45,54,66,80,81,82,83,84,85,86,87,88,98,99,100,101,102,103,104,105,106,107,108,109,110,111,112,113,114,169,170,171,172,191,206,207,211,212,213,216,218,219,245,246,247,253,254,259,260,277,278,286,287,288,289,307,333,334,335,336,337,370,371,372,404,406,417,418,
15;0;5408;5539;0;0,18,24,36,37,38,39,40,41,42,43,44,45,54,66,80,81,82,83,84,85,86,87,88,98,99,100,101,102,103,104,105,106,107,108,109,110,111,112,113,114,169,170,171,172,191,206,207,211,212,213,216,218,219,245,246,247,253,254,259,260,277,278,286,287,288,289,307,333,334,335,336,337,370,371,372,404,406,417,418,
82;0;5539;5660;0;0,18,24,36,37,38,39,40,41,42,43,44,45,54,66,80,81,82,83,84,85,86,87,88,98,99,100,101,102,103,104,105,106,107,108,109,110,111,112,113,114,169,170,171,172,191,206,207,211,212,213,216,218,219,245,246,247,253,254,259,260,277,278,286,287,288,289,307,333,334,335,336,337,370,371,372,404,406,417,418,
119;0;5660;5726;1;0,18,24,36,37,38,39,40,41,42,43,44,45,54,66,80,81,82,83,84,85,86,87,88,98,99,100,101,102,103,104,105,106,107,108,109,110,111,112,113,114,169,170,171,172,191,206,207,211,212,213,216,218,219,245,246,247,253,254,259,260,277,278,286,287,288,289,307,333,334,335,336,337,370,371,372,404,406,417,418,
119;1;5726;5794;1;0,18,24,36,37,38,39,40,41,42,43,44,45,54,66,80,81,82,83,84,85,86,87,88,98,99,100,101,102,103,104,105,106,107,108,109,110,111,112,113,114,169,170,171,172,191,206,207,211,212,213,216,218,219,245,246,247,253,254,259,260,277,278,286,287,288,289,307,333,334,335,336,337,370,371,372,404,406,417,418,
121;0;5794;5928;1;0,18,24,36,37,38,39,40,41,42,43,44,45,54,66,80,81,82,83,84,85,86,87,88,98,99,100,101,102,103,104,105,106,107,108,109,110,111,112,113,114,169,170,171,172,191,206,207,211,212,213,216,218,219,245,246,247,253,254,259,260,277,278,286,287,288,289,307,333,334,335,336,337,370,371,372,404,406,417,418,
121;1;5928;5981;1;0,18,24,36,37,38,39,40,41,42,43,44,45,54,66,80,81,82,83,84,85,86,87,88,98,99,100,101,102,103,104,105,106,107,108,109,110,111,112,113,114,169,170,171,172,191,206,207,211,212,213,216,218,219,245,246,247,253,254,259,260,277,278,286,287,288,289,307,333,334,335,336,337,370,371,372,404,406,417,418,
Machine: 4
178;0;0;73;0;0,1,2,3,4,5,6,7,8,9,10,11,12,13,14,15,16,17,18,19,33,85,88,90,120,125,127,131,132,133,134,135,136,137,138,139,140,141,142,143,144,145,146,147,148,149,150,151,152,153,154,155,156,157,158,159,167,168,182,183,199,200,201,202,203,204,205,206,207,208,209,210,214,215,216,217,277,278,303,304,
178;1;73;146;0;0,1,2,3,4,5,6,7,8,9,10,11,12,13,14,15,16,17,18,19,33,85,88,90,120,125,127,131,132,133,134,135,136,137,138,139,140,141,142,143,144,145,146,147,148,149,150,151,152,153,154,155,156,157,158,159,167,168,182,183,199,200,201,202,203,204,205,206,207,208,209,210,214,215,216,217,277,278,303,304,
204;0;146;305;1;0,1,2,3,4,5,6,7,8,9,10,11,12,13,14,15,16,17,18,19,33,85,88,90,120,125,127,131,132,133,134,135,136,137,138,139,140,141,142,143,144,145,146,147,148,149,150,151,152,153,154,155,156,157,158,159,167,168,182,183,199,200,201,202,203,204,205,206,207,208,209,210,214,215,216,217,277,278,303,304,
204;1;305;414;1;0,1,2,3,4,5,6,7,8,9,10,11,12,13,14,15,16,17,18,19,33,85,88,90,120,125,127,131,132,133,134,135,136,137,138,139,140,141,142,143,144,145,146,147,148,149,150,151,152,153,154,155,156,157,158,159,167,168,182,183,199,200,201,202,203,204,205,206,207,208,209,210,214,215,216,217,277,278,303,304,
200;0;414;569;0;0,1,2,3,4,5,6,7,8,9,10,11,12,13,14,15,16,17,18,19,33,85,88,90,120,125,127,131,132,133,134,135,136,137,138,139,140,141,142,143,144,145,146,147,148,149,150,151,152,153,154,155,156,157,158,159,167,168,182,183,199,200,201,202,203,204,205,206,207,208,209,210,214,215,216,217,277,278,303,304,
22;0;569;678;0;0,1,2,3,4,5,6,7,8,9,10,11,12,13,14,15,16,17,18,19,33,85,88,90,120,125,127,131,132,133,134,135,136,137,138,139,140,141,142,143,144,145,146,147,148,149,150,151,152,153,154,155,156,157,158,159,167,168,182,183,199,200,201,202,203,204,205,206,207,208,209,210,214,215,216,217,277,278,303,304,
33;0;678;727;0;0,1,2,3,4,5,6,7,8,9,10,11,12,13,14,15,16,17,18,19,33,85,88,90,120,125,127,131,132,133,134,135,136,137,138,139,140,141,142,143,144,145,146,147,148,149,150,151,152,153,154,155,156,157,158,159,167,168,182,183,199,200,201,202,203,204,205,206,207,208,209,210,214,215,216,217,277,278,303,304,
33;1;727;870;0;0,1,2,3,4,5,6,7,8,9,10,11,12,13,14,15,16,17,18,19,33,85,88,90,120,125,127,131,132,133,134,135,136,137,138,139,140,141,142,143,144,145,146,147,148,149,150,151,152,153,154,155,156,157,158,159,167,168,182,183,199,200,201,202,203,204,205,206,207,208,209,210,214,215,216,217,277,278,303,304,
58;0;870;918;0;0,1,2,3,4,5,6,7,8,9,10,11,12,13,14,15,16,17,18,19,33,85,88,90,120,125,127,131,132,133,134,135,136,137,138,139,140,141,142,143,144,145,146,147,148,149,150,151,152,153,154,155,156,157,158,159,167,168,182,183,199,200,201,202,203,204,205,206,207,208,209,210,214,215,216,217,277,278,303,304,
58;1;918;995;0;0,1,2,3,4,5,6,7,8,9,10,11,12,13,14,15,16,17,18,19,33,85,88,90,120,125,127,131,132,133,134,135,136,137,138,139,140,141,142,143,144,145,146,147,148,149,150,151,152,153,154,155,156,157,158,159,167,168,182,183,199,200,201,202,203,204,205,206,207,208,209,210,214,215,216,217,277,278,303,304,
65;0;995;1159;0;0,1,2,3,4,5,6,7,8,9,10,11,12,13,14,15,16,17,18,19,33,85,88,90,120,125,127,131,132,133,134,135,136,137,138,139,140,141,142,143,144,145,146,147,148,149,150,151,152,153,154,155,156,157,158,159,167,168,182,183,199,200,201,202,203,204,205,206,207,208,209,210,214,215,216,217,277,278,303,304,
143;0;1159;1167;0;0,1,2,3,4,5,6,7,8,9,10,11,12,13,14,15,16,17,18,19,33,85,88,90,120,125,127,131,132,133,134,135,136,137,138,139,140,141,142,143,144,145,146,147,148,149,150,151,152,153,154,155,156,157,158,159,167,168,182,183,199,200,201,202,203,204,205,206,207,208,209,210,214,215,216,217,277,278,303,304,
143;1;1167;1232;0;0,1,2,3,4,5,6,7,8,9,10,11,12,13,14,15,16,17,18,19,33,85,88,90,120,125,127,131,132,133,134,135,136,137,138,139,140,141,142,143,144,145,146,147,148,149,150,151,152,153,154,155,156,157,158,159,167,168,182,183,199,200,201,202,203,204,205,206,207,208,209,210,214,215,216,217,277,278,303,304,
20;0;1232;1305;0;0,1,2,3,4,5,6,7,8,9,10,11,12,13,14,15,16,17,18,19,33,85,88,90,120,125,127,131,132,133,134,135,136,137,138,139,140,141,142,143,144,145,146,147,148,149,150,151,152,153,154,155,156,157,158,159,167,168,182,183,199,200,201,202,203,204,205,206,207,208,209,210,214,215,216,217,277,278,303,304,
64;0;1305;1339;1;0,1,2,3,4,5,6,7,8,9,10,11,12,13,14,15,16,17,18,19,33,85,88,90,120,125,127,131,132,133,134,135,136,137,138,139,140,141,142,143,144,145,146,147,148,149,150,151,152,153,154,155,156,157,158,159,167,168,182,183,199,200,201,202,203,204,205,206,207,208,209,210,214,215,216,217,277,278,303,304,
64;1;1339;1404;1;0,1,2,3,4,5,6,7,8,9,10,11,12,13,14,15,16,17,18,19,33,85,88,90,120,125,127,131,132,133,134,135,136,137,138,139,140,141,142,143,144,145,146,147,148,149,150,151,152,153,154,155,156,157,158,159,167,168,182,183,199,200,201,202,203,204,205,206,207,208,209,210,214,215,216,217,277,278,303,304,
123;0;1404;1541;0;0,1,2,3,4,5,6,7,8,9,10,11,12,13,14,15,16,17,18,19,33,85,88,90,120,125,127,131,132,133,134,135,136,137,138,139,140,141,142,143,144,145,146,147,148,149,150,151,152,153,154,155,156,157,158,159,167,168,182,183,199,200,201,202,203,204,205,206,207,208,209,210,214,215,216,217,277,278,303,304,
123;1;1541;1596;0;0,1,2,3,4,5,6,7,8,9,10,11,12,13,14,15,16,17,18,19,33,85,88,90,120,125,127,131,132,133,134,135,136,137,138,139,140,141,142,143,144,145,146,147,148,149,150,151,152,153,154,155,156,157,158,159,167,168,182,183,199,200,201,202,203,204,205,206,207,208,209,210,214,215,216,217,277,278,303,304,
185;0;1596;1744;0;0,1,2,3,4,5,6,7,8,9,10,11,12,13,14,15,16,17,18,19,33,85,88,90,120,125,127,131,132,133,134,135,136,137,138,139,140,141,142,143,144,145,146,147,148,149,150,151,152,153,154,155,156,157,158,159,167,168,182,183,199,200,201,202,203,204,205,206,207,208,209,210,214,215,216,217,277,278,303,304,
201;0;1744;1859;1;0,1,2,3,4,5,6,7,8,9,10,11,12,13,14,15,16,17,18,19,33,85,88,90,120,125,127,131,132,133,134,135,136,137,138,139,140,141,142,143,144,145,146,147,148,149,150,151,152,153,154,155,156,157,158,159,167,168,182,183,199,200,201,202,203,204,205,206,207,208,209,210,214,215,216,217,277,278,303,304,
201;1;1859;2023;1;0,1,2,3,4,5,6,7,8,9,10,11,12,13,14,15,16,17,18,19,33,85,88,90,120,125,127,131,132,133,134,135,136,137,138,139,140,141,142,143,144,145,146,147,148,149,150,151,152,153,154,155,156,157,158,159,167,168,182,183,199,200,201,202,203,204,205,206,207,208,209,210,214,215,216,217,277,278,303,304,
67;0;2023;2078;0;0,1,2,3,4,5,6,7,8,9,10,11,12,13,14,15,16,17,18,19,33,85,88,90,120,125,127,131,132,133,134,135,136,137,138,139,140,141,142,143,144,145,146,147,148,149,150,151,152,153,154,155,156,157,158,159,167,168,182,183,199,200,201,202,203,204,205,206,207,208,209,210,214,215,216,217,277,278,303,304,
35;0;2078;2082;0;0,1,2,3,4,5,6,7,8,9,10,11,12,13,14,15,16,17,18,19,33,85,88,90,120,125,127,131,132,133,134,135,136,137,138,139,140,141,142,143,144,145,146,147,148,149,150,151,152,153,154,155,156,157,158,159,167,168,182,183,199,200,201,202,203,204,205,206,207,208,209,210,214,215,216,217,277,278,303,304,
1;0;2082;2206;0;0,1,2,3,4,5,6,7,8,9,10,11,12,13,14,15,16,17,18,19,33,85,88,90,120,125,127,131,132,133,134,135,136,137,138,139,140,141,142,143,144,145,146,147,148,149,150,151,152,153,154,155,156,157,158,159,167,168,182,183,199,200,201,202,203,204,205,206,207,208,209,210,214,215,216,217,277,278,303,304,
1;1;2206;2271;0;0,1,2,3,4,5,6,7,8,9,10,11,12,13,14,15,16,17,18,19,33,85,88,90,120,125,127,131,132,133,134,135,136,137,138,139,140,141,142,143,144,145,146,147,148,149,150,151,152,153,154,155,156,157,158,159,167,168,182,183,199,200,201,202,203,204,205,206,207,208,209,210,214,215,216,217,277,278,303,304,
19;0;2271;2396;1;0,1,2,3,4,5,6,7,8,9,10,11,12,13,14,15,16,17,18,19,33,85,88,90,120,125,127,131,132,133,134,135,136,137,138,139,140,141,142,143,144,145,146,147,148,149,150,151,152,153,154,155,156,157,158,159,167,168,182,183,199,200,201,202,203,204,205,206,207,208,209,210,214,215,216,217,277,278,303,304,
19;1;2396;2560;1;0,1,2,3,4,5,6,7,8,9,10,11,12,13,14,15,16,17,18,19,33,85,88,90,120,125,127,131,132,133,134,135,136,137,138,139,140,141,142,143,144,145,146,147,148,149,150,151,152,153,154,155,156,157,158,159,167,168,182,183,199,200,201,202,203,204,205,206,207,208,209,210,214,215,216,217,277,278,303,304,
136;0;2560;2681;1;0,1,2,3,4,5,6,7,8,9,10,11,12,13,14,15,16,17,18,19,33,85,88,90,120,125,127,131,132,133,134,135,136,137,138,139,140,141,142,143,144,145,146,147,148,149,150,151,152,153,154,155,156,157,158,159,167,168,182,183,199,200,201,202,203,204,205,206,207,208,209,210,214,215,216,217,277,278,303,304,
136;1;2681;2785;1;0,1,2,3,4,5,6,7,8,9,10,11,12,13,14,15,16,17,18,19,33,85,88,90,120,125,127,131,132,133,134,135,136,137,138,139,140,141,142,143,144,145,146,147,148,149,150,151,152,153,154,155,156,157,158,159,167,168,182,183,199,200,201,202,203,204,205,206,207,208,209,210,214,215,216,217,277,278,303,304,
18;0;2785;2799;0;0,1,2,3,4,5,6,7,8,9,10,11,12,13,14,15,16,17,18,19,33,85,88,90,120,125,127,131,132,133,134,135,136,137,138,139,140,141,142,143,144,145,146,147,148,149,150,151,152,153,154,155,156,157,158,159,167,168,182,183,199,200,201,202,203,204,205,206,207,208,209,210,214,215,216,217,277,278,303,304,
18;1;2799;2933;0;0,1,2,3,4,5,6,7,8,9,10,11,12,13,14,15,16,17,18,19,33,85,88,90,120,125,127,131,132,133,134,135,136,137,138,139,140,141,142,143,144,145,146,147,148,149,150,151,152,153,154,155,156,157,158,159,167,168,182,183,199,200,201,202,203,204,205,206,207,208,209,210,214,215,216,217,277,278,303,304,
81;0;2933;2989;1;0,1,2,3,4,5,6,7,8,9,10,11,12,13,14,15,16,17,18,19,33,85,88,90,120,125,127,131,132,133,134,135,136,137,138,139,140,141,142,143,144,145,146,147,148,149,150,151,152,153,154,155,156,157,158,159,167,168,182,183,199,200,201,202,203,204,205,206,207,208,209,210,214,215,216,217,277,278,303,304,
81;1;2989;3098;1;0,1,2,3,4,5,6,7,8,9,10,11,12,13,14,15,16,17,18,19,33,85,88,90,120,125,127,131,132,133,134,135,136,137,138,139,140,141,142,143,144,145,146,147,148,149,150,151,152,153,154,155,156,157,158,159,167,168,182,183,199,200,201,202,203,204,205,206,207,208,209,210,214,215,216,217,277,278,303,304,
88;0;3098;3267;0;0,1,2,3,4,5,6,7,8,9,10,11,12,13,14,15,16,17,18,19,33,85,88,90,120,125,127,131,132,133,134,135,136,137,138,139,140,141,142,143,144,145,146,147,148,149,150,151,152,153,154,155,156,157,158,159,167,168,182,183,199,200,201,202,203,204,205,206,207,208,209,210,214,215,216,217,277,278,303,304,
88;1;3267;3401;0;0,1,2,3,4,5,6,7,8,9,10,11,12,13,14,15,16,17,18,19,33,85,88,90,120,125,127,131,132,133,134,135,136,137,138,139,140,141,142,143,144,145,146,147,148,149,150,151,152,153,154,155,156,157,158,159,167,168,182,183,199,200,201,202,203,204,205,206,207,208,209,210,214,215,216,217,277,278,303,304,
109;0;3401;3451;1;0,1,2,3,4,5,6,7,8,9,10,11,12,13,14,15,16,17,18,19,33,85,88,90,120,125,127,131,132,133,134,135,136,137,138,139,140,141,142,143,144,145,146,147,148,149,150,151,152,153,154,155,156,157,158,159,167,168,182,183,199,200,201,202,203,204,205,206,207,208,209,210,214,215,216,217,277,278,303,304,
109;1;3451;3560;1;0,1,2,3,4,5,6,7,8,9,10,11,12,13,14,15,16,17,18,19,33,85,88,90,120,125,127,131,132,133,134,135,136,137,138,139,140,141,142,143,144,145,146,147,148,149,150,151,152,153,154,155,156,157,158,159,167,168,182,183,199,200,201,202,203,204,205,206,207,208,209,210,214,215,216,217,277,278,303,304,
32;0;3560;3664;0;0,1,2,3,4,5,6,7,8,9,10,11,12,13,14,15,16,17,18,19,33,53,85,88,89,90,120,127,132,133,134,135,136,137,138,139,140,141,151,157,158,159,160,161,162,163,164,165,166,183,200,201,202,203,204,205,208,209,210,214,215,216,217,277,278,279,280,281,303,304,323,324,325,326,327,328,329,330,331,332,
108;0;3664;3844;0;0,1,2,3,4,5,6,7,8,9,10,11,12,13,14,15,16,17,18,19,33,53,85,88,89,90,120,127,132,133,134,135,136,137,138,139,140,141,151,157,158,159,160,161,162,163,164,165,166,183,200,201,202,203,204,205,208,209,210,214,215,216,217,277,278,279,280,281,303,304,323,324,325,326,327,328,329,330,331,332,
108;1;3844;3921;0;0,1,2,3,4,5,6,7,8,9,10,11,12,13,14,15,16,17,18,19,33,53,85,88,89,90,120,127,132,133,134,135,136,137,138,139,140,141,151,157,158,159,160,161,162,163,164,165,166,183,200,201,202,203,204,205,208,209,210,214,215,216,217,277,278,279,280,281,303,304,323,324,325,326,327,328,329,330,331,332,
90;0;3921;4030;0;0,1,2,3,4,5,6,7,8,9,10,11,12,13,14,15,16,17,18,19,33,53,85,88,89,90,120,127,132,133,134,135,136,137,138,139,140,141,151,157,158,159,160,161,162,163,164,165,166,183,200,201,202,203,204,205,208,209,210,214,215,216,217,277,278,279,280,281,303,304,323,324,325,326,327,328,329,330,331,332,
0;0;4030;4114;1;0,1,2,3,4,5,6,7,8,9,10,11,12,13,14,15,16,17,18,19,33,53,85,88,89,90,120,127,132,133,134,135,136,137,138,139,140,141,151,157,158,159,160,161,162,163,164,165,166,183,200,201,202,203,204,205,208,209,210,214,215,216,217,277,278,279,280,281,303,304,323,324,325,326,327,328,329,330,331,332,
0;1;4114;4169;1;0,1,2,3,4,5,6,7,8,9,10,11,12,13,14,15,16,17,18,19,33,53,85,88,89,90,120,127,132,133,134,135,136,137,138,139,140,141,151,157,158,159,160,161,162,163,164,165,166,183,200,201,202,203,204,205,208,209,210,214,215,216,217,277,278,279,280,281,303,304,323,324,325,326,327,328,329,330,331,332,
146;0;4169;4298;1;0,1,2,3,4,5,6,7,8,9,10,11,12,13,14,15,16,17,18,19,33,53,85,88,89,90,120,127,132,133,134,135,136,137,138,139,140,141,151,157,158,159,160,161,162,163,164,165,166,183,200,201,202,203,204,205,208,209,210,214,215,216,217,277,278,279,280,281,303,304,323,324,325,326,327,328,329,330,331,332,
146;1;4298;4353;1;0,1,2,3,4,5,6,7,8,9,10,11,12,13,14,15,16,17,18,19,33,53,85,88,89,90,120,127,132,133,134,135,136,137,138,139,140,141,151,157,158,159,160,161,162,163,164,165,166,183,200,201,202,203,204,205,208,209,210,214,215,216,217,277,278,279,280,281,303,304,323,324,325,326,327,328,329,330,331,332,
56;0;4353;4518;1;0,1,2,3,4,5,6,7,8,9,10,11,12,13,14,15,16,17,18,19,33,53,85,88,89,90,120,127,132,133,134,135,136,137,138,139,140,141,151,157,158,159,160,161,162,163,164,165,166,183,200,201,202,203,204,205,208,209,210,214,215,216,217,277,278,279,280,281,303,304,323,324,325,326,327,328,329,330,331,332,
56;1;4518;4622;1;0,1,2,3,4,5,6,7,8,9,10,11,12,13,14,15,16,17,18,19,33,53,85,88,89,90,120,127,132,133,134,135,136,137,138,139,140,141,151,157,158,159,160,161,162,163,164,165,166,183,200,201,202,203,204,205,208,209,210,214,215,216,217,277,278,279,280,281,303,304,323,324,325,326,327,328,329,330,331,332,
195;0;4622;4626;0;0,1,2,3,4,5,6,7,8,9,10,11,12,13,14,15,16,17,18,19,33,53,85,88,89,90,120,127,132,133,134,135,136,137,138,139,140,141,151,157,158,159,160,161,162,163,164,165,166,183,200,201,202,203,204,205,208,209,210,214,215,216,217,277,278,279,280,281,303,304,323,324,325,326,327,328,329,330,331,332,
21;0;4626;4650;1;0,1,2,3,4,5,6,7,8,9,10,11,12,13,14,15,16,17,18,19,33,53,85,88,89,90,120,127,132,133,134,135,136,137,138,139,140,141,151,157,158,159,160,161,162,163,164,165,166,183,200,201,202,203,204,205,208,209,210,214,215,216,217,277,278,279,280,281,303,304,323,324,325,326,327,328,329,330,331,332,
21;1;4650;4759;1;0,1,2,3,4,5,6,7,8,9,10,11,12,13,14,15,16,17,18,19,33,53,85,88,89,90,120,127,132,133,134,135,136,137,138,139,140,141,151,157,158,159,160,161,162,163,164,165,166,183,200,201,202,203,204,205,208,209,210,214,215,216,217,277,278,279,280,281,303,304,323,324,325,326,327,328,329,330,331,332,
152;0;4759;4840;0;0,1,2,3,4,5,6,7,8,9,10,11,12,13,14,15,16,17,18,19,33,53,85,88,89,90,120,127,132,133,134,135,136,137,138,139,140,141,151,157,158,159,160,161,162,163,164,165,166,183,200,201,202,203,204,205,208,209,210,214,215,216,217,277,278,279,280,281,303,304,323,324,325,326,327,328,329,330,331,332,
168;0;4840;4870;0;0,1,2,3,4,5,6,7,8,9,10,11,12,13,14,15,16,17,18,19,33,53,85,88,89,90,120,127,132,133,134,135,136,137,138,139,140,141,151,157,158,159,160,161,162,163,164,165,166,183,200,201,202,203,204,205,208,209,210,214,215,216,217,277,278,279,280,281,303,304,323,324,325,326,327,328,329,330,331,332,
168;1;4870;4903;0;0,1,2,3,4,5,6,7,8,9,10,11,12,13,14,15,16,17,18,19,33,53,85,88,89,90,120,127,132,133,134,135,136,137,138,139,140,141,151,157,158,159,160,161,162,163,164,165,166,183,200,201,202,203,204,205,208,209,210,214,215,216,217,277,278,279,280,281,303,304,323,324,325,326,327,328,329,330,331,332,
69;0;4903;4944;1;0,1,2,3,4,5,6,7,8,9,10,11,12,13,14,15,16,17,18,19,33,53,85,88,89,90,120,127,132,133,134,135,136,137,138,139,140,141,151,157,158,159,160,161,162,163,164,165,166,183,200,201,202,203,204,205,208,209,210,214,215,216,217,277,278,279,280,281,303,304,323,324,325,326,327,328,329,330,331,332,
69;1;4944;4977;1;0,1,2,3,4,5,6,7,8,9,10,11,12,13,14,15,16,17,18,19,33,53,85,88,89,90,120,127,132,133,134,135,136,137,138,139,140,141,151,157,158,159,160,161,162,163,164,165,166,183,200,201,202,203,204,205,208,209,210,214,215,216,217,277,278,279,280,281,303,304,323,324,325,326,327,328,329,330,331,332,
100;0;4977;5077;0;0,1,2,3,4,5,6,7,8,9,10,11,12,13,14,15,16,17,18,19,33,53,85,88,89,90,120,127,132,133,134,135,136,137,138,139,140,141,151,157,158,159,160,161,162,163,164,165,166,183,200,201,202,203,204,205,208,209,210,214,215,216,217,277,278,279,280,281,303,304,323,324,325,326,327,328,329,330,331,332,
153;0;5077;5116;0;0,1,2,3,4,5,6,7,8,9,10,11,12,13,14,15,16,17,18,19,33,53,85,88,89,90,120,127,132,133,134,135,136,137,138,139,140,141,151,157,158,159,160,161,162,163,164,165,166,183,200,201,202,203,204,205,208,209,210,214,215,216,217,277,278,279,280,281,303,304,323,324,325,326,327,328,329,330,331,332,
153;1;5116;5250;0;0,1,2,3,4,5,6,7,8,9,10,11,12,13,14,15,16,17,18,19,33,53,85,88,89,90,120,127,132,133,134,135,136,137,138,139,140,141,151,157,158,159,160,161,162,163,164,165,166,183,200,201,202,203,204,205,208,209,210,214,215,216,217,277,278,279,280,281,303,304,323,324,325,326,327,328,329,330,331,332,
Machine: 5
68;0;0;179;0;18,22,27,29,36,53,70,85,90,112,135,148,151,153,155,165,169,177,178,179,180,181,182,194,197,208,216,220,221,235,237,238,239,240,241,242,243,244,267,277,278,279,280,281,282,283,284,285,289,290,291,292,293,294,295,296,308,309,310,311,312,317,318,319,320,321,322,328,330,371,393,394,395,396,397,398,399,400,419,420,
68;1;179;341;0;18,22,27,29,36,53,70,85,90,112,135,148,151,153,155,165,169,177,178,179,180,181,182,194,197,208,216,220,221,235,237,238,239,240,241,242,243,244,267,277,278,279,280,281,282,283,284,285,289,290,291,292,293,294,295,296,308,309,310,311,312,317,318,319,320,321,322,328,330,371,393,394,395,396,397,398,399,400,419,420,
150;0;341;493;0;18,22,27,29,36,53,70,85,90,112,135,148,151,153,155,165,169,177,178,179,180,181,182,194,197,208,216,220,221,235,237,238,239,240,241,242,243,244,267,277,278,279,280,281,282,283,284,285,289,290,291,292,293,294,295,296,308,309,310,311,312,317,318,319,320,321,322,328,330,371,393,394,395,396,397,398,399,400,419,420,
198;0;493;515;0;18,22,27,29,36,53,70,85,90,112,135,148,151,153,155,165,169,177,178,179,180,181,182,194,197,208,216,220,221,235,237,238,239,240,241,242,243,244,267,277,278,279,280,281,282,283,284,285,289,290,291,292,293,294,295,296,308,309,310,311,312,317,318,319,320,321,322,328,330,371,393,394,395,396,397,398,399,400,419,420,
198;1;515;646;0;18,22,27,29,36,53,70,85,90,112,135,148,151,153,155,165,169,177,178,179,180,181,182,194,197,208,216,220,221,235,237,238,239,240,241,242,243,244,267,277,278,279,280,281,282,283,284,285,289,290,291,292,293,294,295,296,308,309,310,311,312,317,318,319,320,321,322,328,330,371,393,394,395,396,397,398,399,400,419,420,
194;0;646;666;1;18,22,27,29,36,53,70,85,90,112,135,148,151,153,155,165,169,177,178,179,180,181,182,194,197,208,216,220,221,235,237,238,239,240,241,242,243,244,267,277,278,279,280,281,282,283,284,285,289,290,291,292,293,294,295,296,308,309,310,311,312,317,318,319,320,321,322,328,330,371,393,394,395,396,397,398,399,400,419,420,
194;1;666;726;1;18,22,27,29,36,53,70,85,90,112,135,148,151,153,155,165,169,177,178,179,180,181,182,194,197,208,216,220,221,235,237,238,239,240,241,242,243,244,267,277,278,279,280,281,282,283,284,285,289,290,291,292,293,294,295,296,308,309,310,311,312,317,318,319,320,321,322,328,330,371,393,394,395,396,397,398,399,400,419,420,
183;0;726;890;0;18,22,27,29,36,53,70,85,90,112,135,148,151,153,155,165,169,177,178,179,180,181,182,194,197,208,216,220,221,235,237,238,239,240,241,242,243,244,267,277,278,279,280,281,282,283,284,285,289,290,291,292,293,294,295,296,308,309,310,311,312,317,318,319,320,321,322,328,330,371,393,394,395,396,397,398,399,400,419,420,
183;1;890;1021;0;18,22,27,29,36,53,70,85,90,112,135,148,151,153,155,165,169,177,178,179,180,181,182,194,197,208,216,220,221,235,237,238,239,240,241,242,243,244,267,277,278,279,280,281,282,283,284,285,289,290,291,292,293,294,295,296,308,309,310,311,312,317,318,319,320,321,322,328,330,371,393,394,395,396,397,398,399,400,419,420,
41;0;1021;1152;1;18,22,27,29,36,53,70,85,90,112,135,148,151,153,155,165,169,177,178,179,180,181,182,194,197,208,216,220,221,235,237,238,239,240,241,242,243,244,267,277,278,279,280,281,282,283,284,285,289,290,291,292,293,294,295,296,308,309,310,311,312,317,318,319,320,321,322,328,330,371,393,394,395,396,397,398,399,400,419,420,
41;1;1152;1186;1;18,22,27,29,36,53,70,85,90,112,135,148,151,153,155,165,169,177,178,179,180,181,182,194,197,208,216,220,221,235,237,238,239,240,241,242,243,244,267,277,278,279,280,281,282,283,284,285,289,290,291,292,293,294,295,296,308,309,310,311,312,317,318,319,320,321,322,328,330,371,393,394,395,396,397,398,399,400,419,420,
50;0;1186;1325;0;18,22,27,29,36,53,70,85,90,112,135,148,151,153,155,165,169,177,178,179,180,181,182,194,197,208,216,220,221,235,237,238,239,240,241,242,243,244,267,277,278,279,280,281,282,283,284,285,289,290,291,292,293,294,295,296,308,309,310,311,312,317,318,319,320,321,322,328,330,371,393,394,395,396,397,398,399,400,419,420,
37;0;1325;1375;0;18,22,27,29,36,53,70,85,90,112,135,148,151,153,155,165,169,177,178,179,180,181,182,194,197,208,216,220,221,235,237,238,239,240,241,242,243,244,267,277,278,279,280,281,282,283,284,285,289,290,291,292,293,294,295,296,308,309,310,311,312,317,318,319,320,321,322,328,330,371,393,394,395,396,397,398,399,400,419,420,
112;0;1375;1425;0;18,22,27,29,36,53,70,85,90,112,135,148,151,153,155,165,169,177,178,179,180,181,182,194,197,208,216,220,221,235,237,238,239,240,241,242,243,244,267,277,278,279,280,281,282,283,284,285,289,290,291,292,293,294,295,296,308,309,310,311,312,317,318,319,320,321,322,328,330,371,393,394,395,396,397,398,399,400,419,420,
106;0;1425;1576;1;18,22,27,29,36,53,70,85,90,112,135,148,151,153,155,165,169,177,178,179,180,181,182,194,197,208,216,220,221,235,237,238,239,240,241,242,243,244,267,277,278,279,280,281,282,283,284,285,289,290,291,292,293,294,295,296,308,309,310,311,312,317,318,319,320,321,322,328,330,371,393,394,395,396,397,398,399,400,419,420,
106;1;1576;1738;1;18,22,27,29,36,53,70,85,90,112,135,148,151,153,155,165,169,177,178,179,180,181,182,194,197,208,216,220,221,235,237,238,239,240,241,242,243,244,267,277,278,279,280,281,282,283,284,285,289,290,291,292,293,294,295,296,308,309,310,311,312,317,318,319,320,321,322,328,330,371,393,394,395,396,397,398,399,400,419,420,
207;0;1738;1906;0;18,22,27,29,36,53,70,85,90,112,135,148,151,153,155,165,169,177,178,179,180,181,182,194,197,208,216,220,221,235,237,238,239,240,241,242,243,244,267,277,278,279,280,281,282,283,284,285,289,290,291,292,293,294,295,296,308,309,310,311,312,317,318,319,320,321,322,328,330,371,393,394,395,396,397,398,399,400,419,420,
155;0;1906;2037;0;18,22,27,29,36,53,70,85,90,112,135,148,151,153,155,165,169,177,178,179,180,181,182,194,197,208,216,220,221,235,237,238,239,240,241,242,243,244,267,277,278,279,280,281,282,283,284,285,289,290,291,292,293,294,295,296,308,309,310,311,312,317,318,319,320,321,322,328,330,371,393,394,395,396,397,398,399,400,419,420,
52;0;2037;2071;0;18,22,27,29,36,53,70,85,90,112,135,148,151,153,155,165,169,177,178,179,180,181,182,194,197,208,216,220,221,235,237,238,239,240,241,242,243,244,267,277,278,279,280,281,282,283,284,285,289,290,291,292,293,294,295,296,308,309,310,311,312,317,318,319,320,321,322,328,330,371,393,394,395,396,397,398,399,400,419,420,
147;0;2071;2167;0;18,22,27,29,36,53,70,85,90,112,135,148,151,153,155,165,169,177,178,179,180,181,182,194,197,208,216,220,221,235,237,238,239,240,241,242,243,244,267,277,278,279,280,281,282,283,284,285,289,290,291,292,293,294,295,296,308,309,310,311,312,317,318,319,320,321,322,328,330,371,393,394,395,396,397,398,399,400,419,420,
197;0;2167;2227;0;18,22,27,29,36,53,70,85,90,112,135,148,151,153,155,165,169,177,178,179,180,181,182,194,197,208,216,220,221,235,237,238,239,240,241,242,243,244,267,277,278,279,280,281,282,283,284,285,289,290,291,292,293,294,295,296,308,309,310,311,312,317,318,319,320,321,322,328,330,371,393,394,395,396,397,398,399,400,419,420,
60;0;2227;2392;0;18,22,27,29,36,53,70,85,90,112,135,148,151,153,155,165,169,177,178,179,180,181,182,194,197,208,216,220,221,235,237,238,239,240,241,242,243,244,267,277,278,279,280,281,282,283,284,285,289,290,291,292,293,294,295,296,308,309,310,311,312,317,318,319,320,321,322,328,330,371,393,394,395,396,397,398,399,400,419,420,
135;0;2392;2428;0;18,22,27,29,36,53,70,85,90,112,135,148,151,153,155,165,169,177,178,179,180,181,182,194,197,208,216,220,221,235,237,238,239,240,241,242,243,244,267,277,278,279,280,281,282,283,284,285,289,290,291,292,293,294,295,296,308,309,310,311,312,317,318,319,320,321,322,328,330,371,393,394,395,396,397,398,399,400,419,420,
149;0;2428;2588;1;18,22,27,29,36,53,70,85,90,112,135,148,151,153,155,165,169,177,178,179,180,181,182,194,197,208,216,220,221,235,237,238,239,240,241,242,243,244,267,277,278,279,280,281,282,283,284,285,289,290,291,292,293,294,295,296,308,309,310,311,312,317,318,319,320,321,322,328,330,371,393,394,395,396,397,398,399,400,419,420,
149;1;2588;2622;1;18,22,27,29,36,53,70,85,90,112,135,148,151,153,155,165,169,177,178,179,180,181,182,194,197,208,216,220,221,235,237,238,239,240,241,242,243,244,267,277,278,279,280,281,282,283,284,285,289,290,291,292,293,294,295,296,308,309,310,311,312,317,318,319,320,321,322,328,330,371,393,394,395,396,397,398,399,400,419,420,
101;0;2622;2670;1;18,22,27,29,36,53,70,85,90,112,135,148,151,153,155,165,169,177,178,179,180,181,182,194,197,208,216,220,221,235,237,238,239,240,241,242,243,244,267,277,278,279,280,281,282,283,284,285,289,290,291,292,293,294,295,296,308,309,310,311,312,317,318,319,320,321,322,328,330,371,393,394,395,396,397,398,399,400,419,420,
101;1;2670;2692;1;18,22,27,29,36,53,70,85,90,112,135,148,151,153,155,165,169,177,178,179,180,181,182,194,197,208,216,220,221,235,237,238,239,240,241,242,243,244,267,277,278,279,280,281,282,283,284,285,289,290,291,292,293,294,295,296,308,309,310,311,312,317,318,319,320,321,322,328,330,371,393,394,395,396,397,398,399,400,419,420,
89;0;2692;2845;1;18,22,27,29,36,53,70,85,90,112,135,148,151,153,155,165,169,177,178,179,180,181,182,194,197,208,216,220,221,235,237,238,239,240,241,242,243,244,267,277,278,279,280,281,282,283,284,285,289,290,291,292,293,294,295,296,308,309,310,311,312,317,318,319,320,321,322,328,330,371,393,394,395,396,397,398,399,400,419,420,
89;1;2845;2929;1;18,22,27,29,36,53,70,85,90,112,135,148,151,153,155,165,169,177,178,179,180,181,182,194,197,208,216,220,221,235,237,238,239,240,241,242,243,244,267,277,278,279,280,281,282,283,284,285,289,290,291,292,293,294,295,296,308,309,310,311,312,317,318,319,320,321,322,328,330,371,393,394,395,396,397,398,399,400,419,420,
170;0;2929;3007;0;18,22,27,29,36,53,70,85,90,112,135,148,151,153,155,165,169,177,178,179,180,181,182,194,197,208,216,220,221,235,237,238,239,240,241,242,243,244,267,277,278,279,280,281,282,283,284,285,289,290,291,292,293,294,295,296,308,309,310,311,312,317,318,319,320,321,322,328,330,371,393,394,395,396,397,398,399,400,419,420,
25;0;3007;3091;0;18,22,27,29,36,53,70,85,90,112,135,148,151,153,155,165,169,177,178,179,180,181,182,194,197,208,216,220,221,235,237,238,239,240,241,242,243,244,267,277,278,279,280,281,282,283,284,285,289,290,291,292,293,294,295,296,308,309,310,311,312,317,318,319,320,321,322,328,330,371,393,394,395,396,397,398,399,400,419,420,
144;0;3091;3125;1;18,22,27,29,36,53,70,85,90,112,135,148,151,153,155,165,169,177,178,179,180,181,182,194,197,208,216,220,221,235,237,238,239,240,241,242,243,244,267,277,278,279,280,281,282,283,284,285,289,290,291,292,293,294,295,296,308,309,310,311,312,317,318,319,320,321,322,328,330,371,393,394,395,396,397,398,399,400,419,420,
144;1;3125;3185;1;18,22,27,29,36,53,70,85,90,112,135,148,151,153,155,165,169,177,178,179,180,181,182,194,197,208,216,220,221,235,237,238,239,240,241,242,243,244,267,277,278,279,280,281,282,283,284,285,289,290,291,292,293,294,295,296,308,309,310,311,312,317,318,319,320,321,322,328,330,371,393,394,395,396,397,398,399,400,419,420,
53;0;3185;3283;0;18,22,27,29,36,53,70,85,90,112,135,148,151,153,155,165,169,177,178,179,180,181,182,194,197,208,216,220,221,235,237,238,239,240,241,242,243,244,267,277,278,279,280,281,282,283,284,285,289,290,291,292,293,294,295,296,308,309,310,311,312,317,318,319,320,321,322,328,330,371,393,394,395,396,397,398,399,400,419,420,
53;1;3283;3343;0;18,22,27,29,36,53,70,85,90,112,135,148,151,153,155,165,169,177,178,179,180,181,182,194,197,208,216,220,221,235,237,238,239,240,241,242,243,244,267,277,278,279,280,281,282,283,284,285,289,290,291,292,293,294,295,296,308,309,310,311,312,317,318,319,320,321,322,328,330,371,393,394,395,396,397,398,399,400,419,420,
105;0;3343;3409;0;18,22,27,29,36,53,70,85,90,112,135,148,151,153,155,165,169,177,178,179,180,181,182,194,197,208,216,220,221,235,237,238,239,240,241,242,243,244,267,277,278,279,280,281,282,283,284,285,289,290,291,292,293,294,295,296,308,309,310,311,312,317,318,319,320,321,322,328,330,371,393,394,395,396,397,398,399,400,419,420,
114;0;3409;3541;1;18,22,27,29,36,53,70,85,90,112,135,148,151,153,155,165,169,177,178,179,180,181,182,194,197,208,216,220,221,235,237,238,239,240,241,242,243,244,267,277,278,279,280,281,282,283,284,285,289,290,291,292,293,294,295,296,308,309,310,311,312,317,318,319,320,321,322,328,330,371,393,394,395,396,397,398,399,400,419,420,
114;1;3541;3622;1;18,22,27,29,36,53,70,85,90,112,135,148,151,153,155,165,169,177,178,179,180,181,182,194,197,208,216,220,221,235,237,238,239,240,241,242,243,244,267,277,278,279,280,281,282,283,284,285,289,290,291,292,293,294,295,296,308,309,310,311,312,317,318,319,320,321,322,328,330,371,393,394,395,396,397,398,399,400,419,420,
166;0;3622;3708;1;18,22,27,29,36,53,70,85,90,112,135,148,151,153,155,165,169,177,178,179,180,181,182,194,197,208,216,220,221,235,237,238,239,240,241,242,243,244,267,277,278,279,280,281,282,283,284,285,289,290,291,292,293,294,295,296,308,309,310,311,312,317,318,319,320,321,322,328,330,371,393,394,395,396,397,398,399,400,419,420,
166;1;3708;3880;1;18,22,27,29,36,53,70,85,90,112,135,148,151,153,155,165,169,177,178,179,180,181,182,194,197,208,216,220,221,235,237,238,239,240,241,242,243,244,267,277,278,279,280,281,282,283,284,285,289,290,291,292,293,294,295,296,308,309,310,311,312,317,318,319,320,321,322,328,330,371,393,394,395,396,397,398,399,400,419,420,
138;0;3880;3974;0;18,22,27,29,36,53,70,85,90,112,135,148,151,153,155,165,169,177,178,179,180,181,182,194,197,208,216,220,221,235,237,238,239,240,241,242,243,244,267,277,278,279,280,281,282,283,284,285,289,290,291,292,293,294,295,296,308,309,310,311,312,317,318,319,320,321,322,328,330,371,393,394,395,396,397,398,399,400,419,420,
138;1;3974;4110;0;18,22,27,29,36,53,70,85,90,112,135,148,151,153,155,165,169,177,178,179,180,181,182,194,197,208,216,220,221,235,237,238,239,240,241,242,243,244,267,277,278,279,280,281,282,283,284,285,289,290,291,292,293,294,295,296,308,309,310,311,312,317,318,319,320,321,322,328,330,371,393,394,395,396,397,398,399,400,419,420,
169;0;4110;4138;1;18,22,27,29,36,53,70,85,90,112,135,148,151,153,155,165,169,177,178,179,180,181,182,194,197,208,216,220,221,235,237,238,239,240,241,242,243,244,267,277,278,279,280,281,282,283,284,285,289,290,291,292,293,294,295,296,308,309,310,311,312,317,318,319,320,321,322,328,330,371,393,394,395,396,397,398,399,400,419,420,
169;1;4138;4277;1;18,22,27,29,36,53,70,85,90,112,135,148,151,153,155,165,169,177,178,179,180,181,182,194,197,208,216,220,221,235,237,238,239,240,241,242,243,244,267,277,278,279,280,281,282,283,284,285,289,290,291,292,293,294,295,296,308,309,310,311,312,317,318,319,320,321,322,328,330,371,393,394,395,396,397,398,399,400,419,420,
171;0;4277;4365;1;18,22,27,29,36,53,70,85,90,112,135,148,151,153,155,165,169,177,178,179,180,181,182,194,197,208,216,220,221,235,237,238,239,240,241,242,243,244,267,277,278,279,280,281,282,283,284,285,289,290,291,292,293,294,295,296,308,309,310,311,312,317,318,319,320,321,322,328,330,371,393,394,395,396,397,398,399,400,419,420,
171;1;4365;4541;1;18,22,27,29,36,53,70,85,90,112,135,148,151,153,155,165,169,177,178,179,180,181,182,194,197,208,216,220,221,235,237,238,239,240,241,242,243,244,267,277,278,279,280,281,282,283,284,285,289,290,291,292,293,294,295,296,308,309,310,311,312,317,318,319,320,321,322,328,330,371,393,394,395,396,397,398,399,400,419,420,
87;0;4541;4577;0;18,22,27,29,36,53,70,85,90,112,135,148,151,153,155,165,169,177,178,179,180,181,182,194,197,208,216,220,221,235,237,238,239,240,241,242,243,244,267,277,278,279,280,281,282,283,284,285,289,290,291,292,293,294,295,296,308,309,310,311,312,317,318,319,320,321,322,328,330,371,393,394,395,396,397,398,399,400,419,420,
174;0;4577;4705;1;18,22,27,29,36,53,70,85,90,112,135,148,151,153,155,165,169,177,178,179,180,181,182,194,197,208,216,220,221,235,237,238,239,240,241,242,243,244,267,277,278,279,280,281,282,283,284,285,289,290,291,292,293,294,295,296,308,309,310,311,312,317,318,319,320,321,322,328,330,371,393,394,395,396,397,398,399,400,419,420,
174;1;4705;4853;1;18,22,27,29,36,53,70,85,90,112,135,148,151,153,155,165,169,177,178,179,180,181,182,194,197,208,216,220,221,235,237,238,239,240,241,242,243,244,267,277,278,279,280,281,282,283,284,285,289,290,291,292,293,294,295,296,308,309,310,311,312,317,318,319,320,321,322,328,330,371,393,394,395,396,397,398,399,400,419,420,
113;0;4853;4966;0;18,22,27,29,36,53,70,85,90,112,135,148,151,153,155,165,169,177,178,179,180,181,182,194,197,208,216,220,221,235,237,238,239,240,241,242,243,244,267,277,278,279,280,281,282,283,284,285,289,290,291,292,293,294,295,296,308,309,310,311,312,317,318,319,320,321,322,328,330,371,393,394,395,396,397,398,399,400,419,420,
113;1;4966;5055;0;18,22,27,29,36,53,70,85,90,112,135,148,151,153,155,165,169,177,178,179,180,181,182,194,197,208,216,220,221,235,237,238,239,240,241,242,243,244,267,277,278,279,280,281,282,283,284,285,289,290,291,292,293,294,295,296,308,309,310,311,312,317,318,319,320,321,322,328,330,371,393,394,395,396,397,398,399,400,419,420,
145;0;5055;5229;0;18,22,27,29,36,53,70,85,90,112,135,148,151,153,155,165,169,177,178,179,180,181,182,194,197,208,216,220,221,235,237,238,239,240,241,242,243,244,267,277,278,279,280,281,282,283,284,285,289,290,291,292,293,294,295,296,308,309,310,311,312,317,318,319,320,321,322,328,330,371,393,394,395,396,397,398,399,400,419,420,
128;0;5229;5263;0;18,22,27,29,36,53,70,85,90,112,135,148,151,153,155,165,169,177,178,179,180,181,182,194,197,208,216,220,221,235,237,238,239,240,241,242,243,244,267,277,278,279,280,281,282,283,284,285,289,290,291,292,293,294,295,296,308,309,310,311,312,317,318,319,320,321,322,328,330,371,393,394,395,396,397,398,399,400,419,420,
128;1;5263;5341;0;18,22,27,29,36,53,70,85,90,112,135,148,151,153,155,165,169,177,178,179,180,181,182,194,197,208,216,220,221,235,237,238,239,240,241,242,243,244,267,277,278,279,280,281,282,283,284,285,289,290,291,292,293,294,295,296,308,309,310,311,312,317,318,319,320,321,322,328,330,371,393,394,395,396,397,398,399,400,419,420,
END
fineshedJobsCount: 340
switchs: 98
switchsInstances: 3
unfineshedPriorityCount: 0
totalUnfineshed: 0
criticalMachineSwitchs: 0
criticalMachineTime: 5981
Final Solution: 10072
Time: 510802
PTL: 438
MCMC: 486
Best Initial: 9026
Mean Initial: 8952.36
