./input/BaseInstances/6M1_n=1201,r=0.6,t=1525,v0.txt;./input/Processed/ToolSetInt.csv
7;720;1440
Machine: 0
441;0;0;160;1;32,48,70,88,90,93,105,150,151,152,157,194,223,225,226,229,233,234,235,252,253,263,264,265,269,272,320,332,337,345,371,388,393,402,436,438,439,444,484,497,651,662,663,664,665,666,667,803,845,846,847,848,849,850,851,852,853,854,855,856,857,858,859,860,861,862,863,864,865,866,867,868,869,870,871,872,873,983,984,1409,
441;1;160;310;1;32,48,70,88,90,93,105,150,151,152,157,194,223,225,226,229,233,234,235,252,253,263,264,265,269,272,320,332,337,345,371,388,393,402,436,438,439,444,484,497,651,662,663,664,665,666,667,803,845,846,847,848,849,850,851,852,853,854,855,856,857,858,859,860,861,862,863,864,865,866,867,868,869,870,871,872,873,983,984,1409,
354;0;310;384;1;32,48,70,88,90,93,105,150,151,152,157,194,223,225,226,229,233,234,235,252,253,263,264,265,269,272,320,332,337,345,371,388,393,402,436,438,439,444,484,497,651,662,663,664,665,666,667,803,845,846,847,848,849,850,851,852,853,854,855,856,857,858,859,860,861,862,863,864,865,866,867,868,869,870,871,872,873,983,984,1409,
354;1;384;534;1;32,48,70,88,90,93,105,150,151,152,157,194,223,225,226,229,233,234,235,252,253,263,264,265,269,272,320,332,337,345,371,388,393,402,436,438,439,444,484,497,651,662,663,664,665,666,667,803,845,846,847,848,849,850,851,852,853,854,855,856,857,858,859,860,861,862,863,864,865,866,867,868,869,870,871,872,873,983,984,1409,
246;0;534;609;1;32,48,70,88,90,93,105,150,151,152,157,194,223,225,226,229,233,234,235,252,253,263,264,265,269,272,320,332,337,345,371,388,393,402,436,438,439,444,484,497,651,662,663,664,665,666,667,803,845,846,847,848,849,850,851,852,853,854,855,856,857,858,859,860,861,862,863,864,865,866,867,868,869,870,871,872,873,983,984,1409,
246;1;609;724;1;32,48,70,88,90,93,105,150,151,152,157,194,223,225,226,229,233,234,235,252,253,263,264,265,269,272,320,332,337,345,371,388,393,402,436,438,439,444,484,497,651,662,663,664,665,666,667,803,845,846,847,848,849,850,851,852,853,854,855,856,857,858,859,860,861,862,863,864,865,866,867,868,869,870,871,872,873,983,984,1409,
226;0;724;812;1;32,48,70,88,90,93,105,150,151,152,157,194,223,225,226,229,233,234,235,252,253,263,264,265,269,272,320,332,337,345,371,388,393,402,436,438,439,444,484,497,651,662,663,664,665,666,667,803,845,846,847,848,849,850,851,852,853,854,855,856,857,858,859,860,861,862,863,864,865,866,867,868,869,870,871,872,873,983,984,1409,
226;1;812;902;1;32,48,70,88,90,93,105,150,151,152,157,194,223,225,226,229,233,234,235,252,253,263,264,265,269,272,320,332,337,345,371,388,393,402,436,438,439,444,484,497,651,662,663,664,665,666,667,803,845,846,847,848,849,850,851,852,853,854,855,856,857,858,859,860,861,862,863,864,865,866,867,868,869,870,871,872,873,983,984,1409,
501;0;902;964;1;32,48,70,88,90,93,105,150,151,152,157,194,223,225,226,229,233,234,235,252,253,263,264,265,269,272,320,332,337,345,371,388,393,402,436,438,439,444,484,497,651,662,663,664,665,666,667,803,845,846,847,848,849,850,851,852,853,854,855,856,857,858,859,860,861,862,863,864,865,866,867,868,869,870,871,872,873,983,984,1409,
501;1;964;1114;1;32,48,70,88,90,93,105,150,151,152,157,194,223,225,226,229,233,234,235,252,253,263,264,265,269,272,320,332,337,345,371,388,393,402,436,438,439,444,484,497,651,662,663,664,665,666,667,803,845,846,847,848,849,850,851,852,853,854,855,856,857,858,859,860,861,862,863,864,865,866,867,868,869,870,871,872,873,983,984,1409,
719;0;1114;1202;1;32,48,70,88,90,93,105,150,151,152,157,194,223,225,226,229,233,234,235,252,253,263,264,265,269,272,320,332,337,345,371,388,393,402,436,438,439,444,484,497,651,662,663,664,665,666,667,803,845,846,847,848,849,850,851,852,853,854,855,856,857,858,859,860,861,862,863,864,865,866,867,868,869,870,871,872,873,983,984,1409,
719;1;1202;1339;1;32,48,70,88,90,93,105,150,151,152,157,194,223,225,226,229,233,234,235,252,253,263,264,265,269,272,320,332,337,345,371,388,393,402,436,438,439,444,484,497,651,662,663,664,665,666,667,803,845,846,847,848,849,850,851,852,853,854,855,856,857,858,859,860,861,862,863,864,865,866,867,868,869,870,871,872,873,983,984,1409,
588;0;1339;1380;0;32,48,70,88,90,93,105,150,151,152,157,194,223,225,226,229,233,234,235,252,253,263,264,265,269,272,320,332,337,345,371,388,393,402,436,438,439,444,484,497,651,662,663,664,665,666,667,803,845,846,847,848,849,850,851,852,853,854,855,856,857,858,859,860,861,862,863,864,865,866,867,868,869,870,871,872,873,983,984,1409,
588;1;1380;1448;0;32,48,70,88,90,93,105,150,151,152,157,194,223,225,226,229,233,234,235,252,253,263,264,265,269,272,320,332,337,345,371,388,393,402,436,438,439,444,484,497,651,662,663,664,665,666,667,803,845,846,847,848,849,850,851,852,853,854,855,856,857,858,859,860,861,862,863,864,865,866,867,868,869,870,871,872,873,983,984,1409,
59;0;1448;1609;1;32,48,70,88,90,93,105,150,151,152,157,194,223,225,226,229,233,234,235,252,253,263,264,265,269,272,320,332,337,345,371,388,393,402,436,438,439,444,484,497,651,662,663,664,665,666,667,803,845,846,847,848,849,850,851,852,853,854,855,856,857,858,859,860,861,862,863,864,865,866,867,868,869,870,871,872,873,983,984,1409,
59;1;1609;1733;1;32,48,70,88,90,93,105,150,151,152,157,194,223,225,226,229,233,234,235,252,253,263,264,265,269,272,320,332,337,345,371,388,393,402,436,438,439,444,484,497,651,662,663,664,665,666,667,803,845,846,847,848,849,850,851,852,853,854,855,856,857,858,859,860,861,862,863,864,865,866,867,868,869,870,871,872,873,983,984,1409,
379;0;1733;1800;1;32,48,70,88,90,93,105,150,151,152,157,194,223,225,226,229,233,234,235,252,253,263,264,265,269,272,320,332,337,345,371,388,393,402,436,438,439,444,484,497,651,662,663,664,665,666,667,803,845,846,847,848,849,850,851,852,853,854,855,856,857,858,859,860,861,862,863,864,865,866,867,868,869,870,871,872,873,983,984,1409,
379;1;1800;1937;1;32,48,70,88,90,93,105,150,151,152,157,194,223,225,226,229,233,234,235,252,253,263,264,265,269,272,320,332,337,345,371,388,393,402,436,438,439,444,484,497,651,662,663,664,665,666,667,803,845,846,847,848,849,850,851,852,853,854,855,856,857,858,859,860,861,862,863,864,865,866,867,868,869,870,871,872,873,983,984,1409,
136;0;1937;1981;1;32,48,70,88,90,93,105,150,151,152,157,194,223,225,226,229,233,234,235,252,253,263,264,265,269,272,320,332,337,345,371,385,388,393,402,414,415,416,417,418,419,436,438,439,444,484,497,651,662,663,664,665,666,667,803,845,846,847,848,849,850,851,852,853,854,855,856,857,858,859,860,861,862,863,864,867,871,872,983,984,
136;1;1981;2085;1;32,48,70,88,90,93,105,150,151,152,157,194,223,225,226,229,233,234,235,252,253,263,264,265,269,272,320,332,337,345,371,385,388,393,402,414,415,416,417,418,419,436,438,439,444,484,497,651,662,663,664,665,666,667,803,845,846,847,848,849,850,851,852,853,854,855,856,857,858,859,860,861,862,863,864,867,871,872,983,984,
14;0;2085;2203;1;48,59,63,70,71,72,93,105,106,138,149,150,151,152,153,156,157,194,195,196,197,198,223,224,225,226,227,228,229,230,231,232,233,234,235,236,237,238,239,240,241,242,243,244,272,337,358,371,385,393,402,414,415,416,417,418,419,436,437,438,439,440,441,442,443,444,445,446,447,651,872,949,961,983,984,1007,1161,1162,1163,1164,
14;1;2203;2354;1;48,59,63,70,71,72,93,105,106,138,149,150,151,152,153,156,157,194,195,196,197,198,223,224,225,226,227,228,229,230,231,232,233,234,235,236,237,238,239,240,241,242,243,244,272,337,358,371,385,393,402,414,415,416,417,418,419,436,437,438,439,440,441,442,443,444,445,446,447,651,872,949,961,983,984,1007,1161,1162,1163,1164,
321;0;2354;2406;1;48,59,63,70,71,72,93,105,106,138,149,150,151,152,153,156,157,194,195,196,197,198,223,224,225,226,227,228,229,230,231,232,233,234,235,236,237,238,239,240,241,242,243,244,272,337,358,371,385,393,402,414,415,416,417,418,419,436,437,438,439,440,441,442,443,444,445,446,447,651,872,949,961,983,984,1007,1161,1162,1163,1164,
321;1;2406;2531;1;48,59,63,70,71,72,93,105,106,138,149,150,151,152,153,156,157,194,195,196,197,198,223,224,225,226,227,228,229,230,231,232,233,234,235,236,237,238,239,240,241,242,243,244,272,337,358,371,385,393,402,414,415,416,417,418,419,436,437,438,439,440,441,442,443,444,445,446,447,651,872,949,961,983,984,1007,1161,1162,1163,1164,
39;0;2531;2535;1;48,59,63,70,71,72,93,105,106,138,149,150,151,152,153,156,157,194,195,196,197,198,223,224,225,226,227,228,229,230,231,232,233,234,235,236,237,238,239,240,241,242,243,244,272,337,358,371,385,393,402,414,415,416,417,418,419,436,437,438,439,440,441,442,443,444,445,446,447,651,872,949,961,983,984,1007,1161,1162,1163,1164,
39;1;2535;2686;1;48,59,63,70,71,72,93,105,106,138,149,150,151,152,153,156,157,194,195,196,197,198,223,224,225,226,227,228,229,230,231,232,233,234,235,236,237,238,239,240,241,242,243,244,272,337,358,371,385,393,402,414,415,416,417,418,419,436,437,438,439,440,441,442,443,444,445,446,447,651,872,949,961,983,984,1007,1161,1162,1163,1164,
119;0;2686;2827;1;48,59,63,70,71,72,93,105,106,138,149,150,151,152,153,156,157,194,195,196,197,198,223,224,225,226,227,228,229,230,231,232,233,234,235,236,237,238,239,240,241,242,243,244,272,337,358,371,385,393,402,414,415,416,417,418,419,436,437,438,439,440,441,442,443,444,445,446,447,651,872,949,961,983,984,1007,1161,1162,1163,1164,
119;1;2827;2895;1;48,59,63,70,71,72,93,105,106,138,149,150,151,152,153,156,157,194,195,196,197,198,223,224,225,226,227,228,229,230,231,232,233,234,235,236,237,238,239,240,241,242,243,244,272,337,358,371,385,393,402,414,415,416,417,418,419,436,437,438,439,440,441,442,443,444,445,446,447,651,872,949,961,983,984,1007,1161,1162,1163,1164,
454;0;2895;2992;1;48,59,63,70,71,72,93,105,106,138,149,150,151,152,153,156,157,194,195,196,197,198,223,224,225,226,227,228,229,230,231,232,233,234,235,236,237,238,239,240,241,242,243,244,272,337,358,371,385,393,402,414,415,416,417,418,419,436,437,438,439,440,441,442,443,444,445,446,447,651,872,949,961,983,984,1007,1161,1162,1163,1164,
454;1;2992;3091;1;48,59,63,70,71,72,93,105,106,138,149,150,151,152,153,156,157,194,195,196,197,198,223,224,225,226,227,228,229,230,231,232,233,234,235,236,237,238,239,240,241,242,243,244,272,337,358,371,385,393,402,414,415,416,417,418,419,436,437,438,439,440,441,442,443,444,445,446,447,651,872,949,961,983,984,1007,1161,1162,1163,1164,
6;0;3091;3139;1;48,59,63,70,71,72,93,105,106,138,149,150,151,152,153,156,157,194,195,196,197,198,223,224,225,226,227,228,229,230,231,232,233,234,235,236,237,238,239,240,241,242,243,244,272,337,358,371,385,393,402,414,415,416,417,418,419,436,437,438,439,440,441,442,443,444,445,446,447,651,872,949,961,983,984,1007,1161,1162,1163,1164,
6;1;3139;3229;1;48,59,63,70,71,72,93,105,106,138,149,150,151,152,153,156,157,194,195,196,197,198,223,224,225,226,227,228,229,230,231,232,233,234,235,236,237,238,239,240,241,242,243,244,272,337,358,371,385,393,402,414,415,416,417,418,419,436,437,438,439,440,441,442,443,444,445,446,447,651,872,949,961,983,984,1007,1161,1162,1163,1164,
542;0;3229;3233;0;48,59,63,70,71,72,93,105,106,138,149,150,151,152,153,156,157,194,195,196,197,198,223,224,225,226,227,228,229,230,231,232,233,234,235,236,237,238,239,240,241,242,243,244,272,337,358,371,385,393,402,414,415,416,417,418,419,436,437,438,439,440,441,442,443,444,445,446,447,651,872,949,961,983,984,1007,1161,1162,1163,1164,
251;0;3233;3238;1;48,59,63,70,71,72,93,105,106,138,149,150,151,152,153,156,157,194,195,196,197,198,223,224,225,226,227,228,229,230,231,232,233,234,235,236,237,238,239,240,241,242,243,244,272,337,358,371,385,393,402,414,415,416,417,418,419,436,437,438,439,440,441,442,443,444,445,446,447,651,872,949,961,983,984,1007,1161,1162,1163,1164,
251;1;3238;3334;1;48,59,63,70,71,72,93,105,106,138,149,150,151,152,153,156,157,194,195,196,197,198,223,224,225,226,227,228,229,230,231,232,233,234,235,236,237,238,239,240,241,242,243,244,272,337,358,371,385,393,402,414,415,416,417,418,419,436,437,438,439,440,441,442,443,444,445,446,447,651,872,949,961,983,984,1007,1161,1162,1163,1164,
506;0;3334;3485;1;27,48,70,72,105,138,150,151,176,197,223,224,225,226,227,229,230,231,272,316,355,358,385,414,415,416,417,418,419,544,651,763,772,872,961,964,983,1041,1043,1066,1161,1162,1163,1164,1443,1468,1469,1470,1471,1472,1473,1474,1475,1476,1477,1478,1479,1480,1481,1482,1483,1484,1485,1486,1487,1488,1489,1490,1491,1492,1493,1494,1495,1496,1497,1498,1499,1500,1501,1502,
506;1;3485;3554;1;27,48,70,72,105,138,150,151,176,197,223,224,225,226,227,229,230,231,272,316,355,358,385,414,415,416,417,418,419,544,651,763,772,872,961,964,983,1041,1043,1066,1161,1162,1163,1164,1443,1468,1469,1470,1471,1472,1473,1474,1475,1476,1477,1478,1479,1480,1481,1482,1483,1484,1485,1486,1487,1488,1489,1490,1491,1492,1493,1494,1495,1496,1497,1498,1499,1500,1501,1502,
281;0;3554;3644;1;0,2,3,27,48,70,72,92,105,138,147,150,151,197,223,224,225,226,227,229,230,231,272,282,286,316,346,355,358,382,385,396,414,415,416,417,418,419,566,650,651,652,653,654,655,696,827,828,872,961,964,983,1011,1041,1043,1066,1126,1127,1128,1129,1130,1131,1132,1133,1134,1135,1136,1137,1138,1139,1140,1141,1142,1143,1144,1161,1162,1163,1164,1443,
281;1;3644;3792;1;0,2,3,27,48,70,72,92,105,138,147,150,151,197,223,224,225,226,227,229,230,231,272,282,286,316,346,355,358,382,385,396,414,415,416,417,418,419,566,650,651,652,653,654,655,696,827,828,872,961,964,983,1011,1041,1043,1066,1126,1127,1128,1129,1130,1131,1132,1133,1134,1135,1136,1137,1138,1139,1140,1141,1142,1143,1144,1161,1162,1163,1164,1443,
649;0;3792;3887;1;0,2,3,27,48,70,72,92,105,138,147,150,151,197,223,224,225,226,227,229,230,231,272,282,286,316,346,355,358,382,385,396,414,415,416,417,418,419,566,650,651,652,653,654,655,696,827,828,872,961,964,983,1011,1041,1043,1066,1126,1127,1128,1129,1130,1131,1132,1133,1134,1135,1136,1137,1138,1139,1140,1141,1142,1143,1144,1161,1162,1163,1164,1443,
649;1;3887;4036;1;0,2,3,27,48,70,72,92,105,138,147,150,151,197,223,224,225,226,227,229,230,231,272,282,286,316,346,355,358,382,385,396,414,415,416,417,418,419,566,650,651,652,653,654,655,696,827,828,872,961,964,983,1011,1041,1043,1066,1126,1127,1128,1129,1130,1131,1132,1133,1134,1135,1136,1137,1138,1139,1140,1141,1142,1143,1144,1161,1162,1163,1164,1443,
579;0;4036;4135;1;0,2,3,27,48,70,72,92,105,138,147,150,151,197,223,224,225,226,227,229,230,231,272,282,286,316,346,355,358,382,385,396,414,415,416,417,418,419,566,650,651,652,653,654,655,696,827,828,872,961,964,983,1011,1041,1043,1066,1126,1127,1128,1129,1130,1131,1132,1133,1134,1135,1136,1137,1138,1139,1140,1141,1142,1143,1144,1161,1162,1163,1164,1443,
579;1;4135;4305;1;0,2,3,27,48,70,72,92,105,138,147,150,151,197,223,224,225,226,227,229,230,231,272,282,286,316,346,355,358,382,385,396,414,415,416,417,418,419,566,650,651,652,653,654,655,696,827,828,872,961,964,983,1011,1041,1043,1066,1126,1127,1128,1129,1130,1131,1132,1133,1134,1135,1136,1137,1138,1139,1140,1141,1142,1143,1144,1161,1162,1163,1164,1443,
54;0;4305;4437;1;0,2,3,27,48,70,72,92,105,138,147,150,151,197,223,224,225,226,227,229,230,231,272,282,286,316,346,355,358,382,385,396,414,415,416,417,418,419,566,650,651,652,653,654,655,696,827,828,872,961,964,983,1011,1041,1043,1066,1126,1127,1128,1129,1130,1131,1132,1133,1134,1135,1136,1137,1138,1139,1140,1141,1142,1143,1144,1161,1162,1163,1164,1443,
54;1;4437;4528;1;0,2,3,27,48,70,72,92,105,138,147,150,151,197,223,224,225,226,227,229,230,231,272,282,286,316,346,355,358,382,385,396,414,415,416,417,418,419,566,650,651,652,653,654,655,696,827,828,872,961,964,983,1011,1041,1043,1066,1126,1127,1128,1129,1130,1131,1132,1133,1134,1135,1136,1137,1138,1139,1140,1141,1142,1143,1144,1161,1162,1163,1164,1443,
237;0;4528;4561;0;0,2,3,27,38,48,70,72,92,105,138,147,150,151,197,223,224,225,226,227,229,231,272,282,286,316,346,352,355,358,368,382,385,396,414,415,416,417,418,419,546,554,566,650,651,652,653,654,655,696,704,705,706,707,708,709,710,711,712,713,714,715,716,717,718,719,720,721,872,961,964,983,1011,1041,1043,1161,1162,1163,1164,1443,
56;0;4561;4662;1;0,2,3,27,38,48,70,72,92,105,138,147,150,151,197,223,224,225,226,227,229,231,272,282,286,316,346,352,355,358,368,382,385,396,414,415,416,417,418,419,546,554,566,650,651,652,653,654,655,696,704,705,706,707,708,709,710,711,712,713,714,715,716,717,718,719,720,721,872,961,964,983,1011,1041,1043,1161,1162,1163,1164,1443,
56;1;4662;4766;1;0,2,3,27,38,48,70,72,92,105,138,147,150,151,197,223,224,225,226,227,229,231,272,282,286,316,346,352,355,358,368,382,385,396,414,415,416,417,418,419,546,554,566,650,651,652,653,654,655,696,704,705,706,707,708,709,710,711,712,713,714,715,716,717,718,719,720,721,872,961,964,983,1011,1041,1043,1161,1162,1163,1164,1443,
739;0;4766;4780;1;0,2,3,27,38,48,70,72,92,105,138,147,150,151,197,223,224,225,226,227,229,231,272,282,286,316,346,352,355,358,368,382,385,396,414,415,416,417,418,419,546,554,566,650,651,652,653,654,655,696,704,705,706,707,708,709,710,711,712,713,714,715,716,717,718,719,720,721,872,961,964,983,1011,1041,1043,1161,1162,1163,1164,1443,
739;1;4780;4813;1;0,2,3,27,38,48,70,72,92,105,138,147,150,151,197,223,224,225,226,227,229,231,272,282,286,316,346,352,355,358,368,382,385,396,414,415,416,417,418,419,546,554,566,650,651,652,653,654,655,696,704,705,706,707,708,709,710,711,712,713,714,715,716,717,718,719,720,721,872,961,964,983,1011,1041,1043,1161,1162,1163,1164,1443,
494;0;4813;4952;1;0,2,3,27,38,48,70,72,92,105,138,147,150,151,197,223,224,225,226,227,229,231,272,282,286,316,346,352,355,358,368,382,385,396,414,415,416,417,418,419,546,554,566,650,651,652,653,654,655,696,704,705,706,707,708,709,710,711,712,713,714,715,716,717,718,719,720,721,872,961,964,983,1011,1041,1043,1161,1162,1163,1164,1443,
494;1;4952;4985;1;0,2,3,27,38,48,70,72,92,105,138,147,150,151,197,223,224,225,226,227,229,231,272,282,286,316,346,352,355,358,368,382,385,396,414,415,416,417,418,419,546,554,566,650,651,652,653,654,655,696,704,705,706,707,708,709,710,711,712,713,714,715,716,717,718,719,720,721,872,961,964,983,1011,1041,1043,1161,1162,1163,1164,1443,
526;0;4985;5135;1;2,27,38,48,70,72,94,105,115,138,150,151,154,155,173,197,220,223,224,225,226,227,229,231,245,246,247,248,249,250,251,316,346,352,358,368,382,546,554,650,651,652,653,654,655,688,704,705,706,707,708,709,710,711,712,713,714,715,716,717,718,719,720,721,872,961,983,985,986,987,988,989,990,991,992,1160,1161,1162,1163,1164,
526;1;5135;5303;1;2,27,38,48,70,72,94,105,115,138,150,151,154,155,173,197,220,223,224,225,226,227,229,231,245,246,247,248,249,250,251,316,346,352,358,368,382,546,554,650,651,652,653,654,655,688,704,705,706,707,708,709,710,711,712,713,714,715,716,717,718,719,720,721,872,961,983,985,986,987,988,989,990,991,992,1160,1161,1162,1163,1164,
636;0;5303;5460;1;2,27,38,48,70,72,94,105,115,138,150,151,154,155,173,197,220,223,224,225,226,227,229,231,245,246,247,248,249,250,251,316,346,352,358,368,382,546,554,650,651,652,653,654,655,688,704,705,706,707,708,709,710,711,712,713,714,715,716,717,718,719,720,721,872,961,983,985,986,987,988,989,990,991,992,1160,1161,1162,1163,1164,
636;1;5460;5513;1;2,27,38,48,70,72,94,105,115,138,150,151,154,155,173,197,220,223,224,225,226,227,229,231,245,246,247,248,249,250,251,316,346,352,358,368,382,546,554,650,651,652,653,654,655,688,704,705,706,707,708,709,710,711,712,713,714,715,716,717,718,719,720,721,872,961,983,985,986,987,988,989,990,991,992,1160,1161,1162,1163,1164,
121;0;5513;5573;1;2,27,38,48,70,72,94,105,115,138,150,151,154,155,173,197,220,223,224,225,226,227,229,231,245,246,247,248,249,250,251,316,346,352,358,368,382,546,554,650,651,652,653,654,655,688,704,705,706,707,708,709,710,711,712,713,714,715,716,717,718,719,720,721,872,961,983,985,986,987,988,989,990,991,992,1160,1161,1162,1163,1164,
121;1;5573;5626;1;2,27,38,48,70,72,94,105,115,138,150,151,154,155,173,197,220,223,224,225,226,227,229,231,245,246,247,248,249,250,251,316,346,352,358,368,382,546,554,650,651,652,653,654,655,688,704,705,706,707,708,709,710,711,712,713,714,715,716,717,718,719,720,721,872,961,983,985,986,987,988,989,990,991,992,1160,1161,1162,1163,1164,
168;0;5626;5751;0;2,27,38,48,70,72,94,105,115,138,150,151,154,155,173,197,220,223,224,225,226,227,229,231,245,246,247,248,249,250,251,316,346,352,358,368,382,546,554,650,651,652,653,654,655,688,704,705,706,707,708,709,710,711,712,713,714,715,716,717,718,719,720,721,872,961,983,985,986,987,988,989,990,991,992,1160,1161,1162,1163,1164,
168;1;5751;5784;0;2,27,38,48,70,72,94,105,115,138,150,151,154,155,173,197,220,223,224,225,226,227,229,231,245,246,247,248,249,250,251,316,346,352,358,368,382,546,554,650,651,652,653,654,655,688,704,705,706,707,708,709,710,711,712,713,714,715,716,717,718,719,720,721,872,961,983,985,986,987,988,989,990,991,992,1160,1161,1162,1163,1164,
336;0;5784;5878;1;2,27,38,48,70,72,94,105,115,138,150,151,154,155,173,197,220,223,224,225,226,227,229,231,245,246,247,248,249,250,251,316,346,352,358,368,382,546,554,650,651,652,653,654,655,688,704,705,706,707,708,709,710,711,712,713,714,715,716,717,718,719,720,721,872,961,983,985,986,987,988,989,990,991,992,1160,1161,1162,1163,1164,
336;1;5878;5911;1;2,27,38,48,70,72,94,105,115,138,150,151,154,155,173,197,220,223,224,225,226,227,229,231,245,246,247,248,249,250,251,316,346,352,358,368,382,546,554,650,651,652,653,654,655,688,704,705,706,707,708,709,710,711,712,713,714,715,716,717,718,719,720,721,872,961,983,985,986,987,988,989,990,991,992,1160,1161,1162,1163,1164,
411;0;5911;6059;1;2,27,38,48,70,72,94,105,115,138,150,151,154,155,173,197,220,223,224,225,226,227,229,231,245,246,247,248,249,250,251,316,346,352,358,368,382,546,554,650,651,652,653,654,655,688,704,705,706,707,708,709,710,711,712,713,714,715,716,717,718,719,720,721,872,961,983,985,986,987,988,989,990,991,992,1160,1161,1162,1163,1164,
411;1;6059;6190;1;2,27,38,48,70,72,94,105,115,138,150,151,154,155,173,197,220,223,224,225,226,227,229,231,245,246,247,248,249,250,251,316,346,352,358,368,382,546,554,650,651,652,653,654,655,688,704,705,706,707,708,709,710,711,712,713,714,715,716,717,718,719,720,721,872,961,983,985,986,987,988,989,990,991,992,1160,1161,1162,1163,1164,
711;0;6190;6229;1;2,27,38,48,70,72,94,105,115,138,150,151,154,155,173,197,220,223,224,225,226,227,229,231,245,246,247,248,249,250,251,316,346,352,358,368,382,546,554,650,651,652,653,654,655,688,704,705,706,707,708,709,710,711,712,713,714,715,716,717,718,719,720,721,872,961,983,985,986,987,988,989,990,991,992,1160,1161,1162,1163,1164,
711;1;6229;6282;1;2,27,38,48,70,72,94,105,115,138,150,151,154,155,173,197,220,223,224,225,226,227,229,231,245,246,247,248,249,250,251,316,346,352,358,368,382,546,554,650,651,652,653,654,655,688,704,705,706,707,708,709,710,711,712,713,714,715,716,717,718,719,720,721,872,961,983,985,986,987,988,989,990,991,992,1160,1161,1162,1163,1164,
654;0;6282;6445;1;2,27,38,48,70,71,72,73,74,75,76,77,78,79,80,81,82,94,105,115,138,150,151,156,197,224,227,245,246,247,248,249,250,251,316,346,358,382,438,442,546,650,651,652,653,654,655,688,716,717,721,864,867,961,1107,1108,1109,1110,1111,1112,1113,1114,1115,1116,1117,1118,1161,1162,1306,1307,1308,1309,1310,1311,1312,1313,1314,1315,1316,1317,
654;1;6445;6497;1;2,27,38,48,70,71,72,73,74,75,76,77,78,79,80,81,82,94,105,115,138,150,151,156,197,224,227,245,246,247,248,249,250,251,316,346,358,382,438,442,546,650,651,652,653,654,655,688,716,717,721,864,867,961,1107,1108,1109,1110,1111,1112,1113,1114,1115,1116,1117,1118,1161,1162,1306,1307,1308,1309,1310,1311,1312,1313,1314,1315,1316,1317,
505;0;6497;6588;0;2,27,38,48,70,71,72,73,74,75,76,77,78,79,80,81,82,94,105,115,138,150,151,156,197,224,227,245,246,247,248,249,250,251,316,346,358,382,438,442,546,650,651,652,653,654,655,688,716,717,721,864,867,961,1107,1108,1109,1110,1111,1112,1113,1114,1115,1116,1117,1118,1161,1162,1306,1307,1308,1309,1310,1311,1312,1313,1314,1315,1316,1317,
166;0;6588;6632;1;2,27,38,48,70,71,72,73,74,75,76,77,78,79,80,81,82,94,105,115,138,150,151,156,197,224,227,245,246,247,248,249,250,251,316,346,358,382,438,442,546,650,651,652,653,654,655,688,716,717,721,864,867,961,1107,1108,1109,1110,1111,1112,1113,1114,1115,1116,1117,1118,1161,1162,1306,1307,1308,1309,1310,1311,1312,1313,1314,1315,1316,1317,
166;1;6632;6804;1;2,27,38,48,70,71,72,73,74,75,76,77,78,79,80,81,82,94,105,115,138,150,151,156,197,224,227,245,246,247,248,249,250,251,316,346,358,382,438,442,546,650,651,652,653,654,655,688,716,717,721,864,867,961,1107,1108,1109,1110,1111,1112,1113,1114,1115,1116,1117,1118,1161,1162,1306,1307,1308,1309,1310,1311,1312,1313,1314,1315,1316,1317,
659;0;6804;6956;1;2,27,38,48,70,71,72,73,74,75,76,77,78,79,80,81,82,94,105,115,138,150,151,156,197,224,227,245,246,247,248,249,250,251,316,346,358,382,438,442,546,650,651,652,653,654,655,688,716,717,721,864,867,961,1107,1108,1109,1110,1111,1112,1113,1114,1115,1116,1117,1118,1161,1162,1306,1307,1308,1309,1310,1311,1312,1313,1314,1315,1316,1317,
659;1;6956;7000;1;2,27,38,48,70,71,72,73,74,75,76,77,78,79,80,81,82,94,105,115,138,150,151,156,197,224,227,245,246,247,248,249,250,251,316,346,358,382,438,442,546,650,651,652,653,654,655,688,716,717,721,864,867,961,1107,1108,1109,1110,1111,1112,1113,1114,1115,1116,1117,1118,1161,1162,1306,1307,1308,1309,1310,1311,1312,1313,1314,1315,1316,1317,
4;0;7000;7036;1;2,27,38,48,70,71,72,73,74,75,76,77,78,79,80,81,82,94,105,115,138,150,151,156,197,224,227,245,246,247,248,249,250,251,316,346,358,382,438,442,546,650,651,652,653,654,655,688,716,717,721,864,867,961,1107,1108,1109,1110,1111,1112,1113,1114,1115,1116,1117,1118,1161,1162,1306,1307,1308,1309,1310,1311,1312,1313,1314,1315,1316,1317,
4;1;7036;7080;1;2,27,38,48,70,71,72,73,74,75,76,77,78,79,80,81,82,94,105,115,138,150,151,156,197,224,227,245,246,247,248,249,250,251,316,346,358,382,438,442,546,650,651,652,653,654,655,688,716,717,721,864,867,961,1107,1108,1109,1110,1111,1112,1113,1114,1115,1116,1117,1118,1161,1162,1306,1307,1308,1309,1310,1311,1312,1313,1314,1315,1316,1317,
533;0;7080;7091;0;2,27,38,48,70,71,72,73,74,75,76,77,78,79,80,81,82,94,105,115,138,150,151,156,197,224,227,245,246,247,248,249,250,251,316,346,358,382,438,442,546,650,651,652,653,654,655,688,716,717,721,864,867,961,1107,1108,1109,1110,1111,1112,1113,1114,1115,1116,1117,1118,1161,1162,1306,1307,1308,1309,1310,1311,1312,1313,1314,1315,1316,1317,
533;1;7091;7222;0;2,27,38,48,70,71,72,73,74,75,76,77,78,79,80,81,82,94,105,115,138,150,151,156,197,224,227,245,246,247,248,249,250,251,316,346,358,382,438,442,546,650,651,652,653,654,655,688,716,717,721,864,867,961,1107,1108,1109,1110,1111,1112,1113,1114,1115,1116,1117,1118,1161,1162,1306,1307,1308,1309,1310,1311,1312,1313,1314,1315,1316,1317,
412;0;7222;7274;0;2,27,38,48,70,71,72,73,74,75,76,77,78,79,80,81,82,94,105,115,138,150,151,156,197,224,227,245,246,247,248,249,250,251,316,346,358,382,438,442,546,650,651,652,653,654,655,688,716,717,721,864,867,961,1107,1108,1109,1110,1111,1112,1113,1114,1115,1116,1117,1118,1161,1162,1306,1307,1308,1309,1310,1311,1312,1313,1314,1315,1316,1317,
448;0;7274;7283;0;2,27,38,48,70,71,72,73,74,75,76,77,78,79,80,81,82,94,105,115,138,150,151,156,197,224,227,245,246,247,248,249,250,251,316,346,358,382,438,442,546,650,651,652,653,654,655,688,716,717,721,864,867,961,1107,1108,1109,1110,1111,1112,1113,1114,1115,1116,1117,1118,1161,1162,1306,1307,1308,1309,1310,1311,1312,1313,1314,1315,1316,1317,
448;1;7283;7335;0;2,27,38,48,70,71,72,73,74,75,76,77,78,79,80,81,82,94,105,115,138,150,151,156,197,224,227,245,246,247,248,249,250,251,316,346,358,382,438,442,546,650,651,652,653,654,655,688,716,717,721,864,867,961,1107,1108,1109,1110,1111,1112,1113,1114,1115,1116,1117,1118,1161,1162,1306,1307,1308,1309,1310,1311,1312,1313,1314,1315,1316,1317,
294;0;7335;7485;1;2,27,38,48,70,71,72,73,74,75,76,77,78,79,80,81,82,94,105,115,138,150,151,156,197,224,227,245,246,247,248,249,250,251,316,346,358,382,438,442,546,650,651,652,653,654,655,688,716,717,721,864,867,961,1107,1108,1109,1110,1111,1112,1113,1114,1115,1116,1117,1118,1161,1162,1306,1307,1308,1309,1310,1311,1312,1313,1314,1315,1316,1317,
294;1;7485;7537;1;2,27,38,48,70,71,72,73,74,75,76,77,78,79,80,81,82,94,105,115,138,150,151,156,197,224,227,245,246,247,248,249,250,251,316,346,358,382,438,442,546,650,651,652,653,654,655,688,716,717,721,864,867,961,1107,1108,1109,1110,1111,1112,1113,1114,1115,1116,1117,1118,1161,1162,1306,1307,1308,1309,1310,1311,1312,1313,1314,1315,1316,1317,
671;0;7537;7688;1;2,27,38,48,70,71,72,73,74,75,76,77,78,79,80,81,82,94,105,115,138,150,151,156,197,224,227,245,246,247,248,249,250,251,316,346,358,382,438,442,546,650,651,652,653,654,655,688,716,717,721,864,867,961,1107,1108,1109,1110,1111,1112,1113,1114,1115,1116,1117,1118,1161,1162,1306,1307,1308,1309,1310,1311,1312,1313,1314,1315,1316,1317,
671;1;7688;7779;1;2,27,38,48,70,71,72,73,74,75,76,77,78,79,80,81,82,94,105,115,138,150,151,156,197,224,227,245,246,247,248,249,250,251,316,346,358,382,438,442,546,650,651,652,653,654,655,688,716,717,721,864,867,961,1107,1108,1109,1110,1111,1112,1113,1114,1115,1116,1117,1118,1161,1162,1306,1307,1308,1309,1310,1311,1312,1313,1314,1315,1316,1317,
749;0;7779;7936;1;17,18,19,20,21,22,23,24,25,26,27,28,29,30,31,32,33,34,35,36,37,38,39,40,41,42,43,70,71,78,91,94,95,96,97,98,99,100,101,102,103,104,105,106,110,138,249,299,305,316,338,346,527,555,566,588,589,590,591,592,593,594,595,596,597,598,599,600,601,602,603,604,605,656,657,658,659,1123,1124,1125,
749;1;7936;8034;1;17,18,19,20,21,22,23,24,25,26,27,28,29,30,31,32,33,34,35,36,37,38,39,40,41,42,43,70,71,78,91,94,95,96,97,98,99,100,101,102,103,104,105,106,110,138,249,299,305,316,338,346,527,555,566,588,589,590,591,592,593,594,595,596,597,598,599,600,601,602,603,604,605,656,657,658,659,1123,1124,1125,
174;0;8034;8062;1;17,18,19,20,21,22,23,24,25,26,27,28,29,30,31,32,33,34,35,36,37,38,39,40,41,42,43,70,71,78,91,94,95,96,97,98,99,100,101,102,103,104,105,106,110,138,249,299,305,316,338,346,527,555,566,588,589,590,591,592,593,594,595,596,597,598,599,600,601,602,603,604,605,656,657,658,659,1123,1124,1125,
174;1;8062;8210;1;17,18,19,20,21,22,23,24,25,26,27,28,29,30,31,32,33,34,35,36,37,38,39,40,41,42,43,70,71,78,91,94,95,96,97,98,99,100,101,102,103,104,105,106,110,138,249,299,305,316,338,346,527,555,566,588,589,590,591,592,593,594,595,596,597,598,599,600,601,602,603,604,605,656,657,658,659,1123,1124,1125,
64;0;8210;8261;1;17,18,19,20,21,22,23,24,25,26,27,28,29,30,31,32,33,34,35,36,37,38,39,40,41,42,43,70,71,78,91,94,95,96,97,98,99,100,101,102,103,104,105,106,110,138,249,299,305,316,338,346,527,555,566,588,589,590,591,592,593,594,595,596,597,598,599,600,601,602,603,604,605,656,657,658,659,1123,1124,1125,
64;1;8261;8326;1;17,18,19,20,21,22,23,24,25,26,27,28,29,30,31,32,33,34,35,36,37,38,39,40,41,42,43,70,71,78,91,94,95,96,97,98,99,100,101,102,103,104,105,106,110,138,249,299,305,316,338,346,527,555,566,588,589,590,591,592,593,594,595,596,597,598,599,600,601,602,603,604,605,656,657,658,659,1123,1124,1125,
271;0;8326;8499;1;17,18,19,20,21,22,23,24,25,26,27,28,29,30,31,32,33,34,35,36,37,38,39,40,41,42,43,70,71,78,91,94,95,96,97,98,99,100,101,102,103,104,105,106,110,138,249,299,305,316,338,346,527,555,566,588,589,590,591,592,593,594,595,596,597,598,599,600,601,602,603,604,605,656,657,658,659,1123,1124,1125,
271;1;8499;8647;1;17,18,19,20,21,22,23,24,25,26,27,28,29,30,31,32,33,34,35,36,37,38,39,40,41,42,43,70,71,78,91,94,95,96,97,98,99,100,101,102,103,104,105,106,110,138,249,299,305,316,338,346,527,555,566,588,589,590,591,592,593,594,595,596,597,598,599,600,601,602,603,604,605,656,657,658,659,1123,1124,1125,
216;0;8647;8811;1;17,18,19,20,21,22,23,24,25,26,27,28,29,30,31,32,33,34,35,36,37,38,39,40,41,42,43,70,71,78,91,94,95,96,97,98,99,100,101,102,103,104,105,106,110,138,249,299,305,316,338,346,527,555,566,588,589,590,591,592,593,594,595,596,597,598,599,600,601,602,603,604,605,656,657,658,659,1123,1124,1125,
216;1;8811;8981;1;17,18,19,20,21,22,23,24,25,26,27,28,29,30,31,32,33,34,35,36,37,38,39,40,41,42,43,70,71,78,91,94,95,96,97,98,99,100,101,102,103,104,105,106,110,138,249,299,305,316,338,346,527,555,566,588,589,590,591,592,593,594,595,596,597,598,599,600,601,602,603,604,605,656,657,658,659,1123,1124,1125,
1;0;8981;9034;0;17,18,19,20,21,22,23,24,25,26,27,28,29,30,31,32,33,34,35,36,37,38,39,40,41,42,43,70,71,78,91,94,95,96,97,98,99,100,101,102,103,104,105,106,110,138,249,299,305,316,338,346,527,555,566,588,589,590,591,592,593,594,595,596,597,598,599,600,601,602,603,604,605,656,657,658,659,1123,1124,1125,
1;1;9034;9099;0;17,18,19,20,21,22,23,24,25,26,27,28,29,30,31,32,33,34,35,36,37,38,39,40,41,42,43,70,71,78,91,94,95,96,97,98,99,100,101,102,103,104,105,106,110,138,249,299,305,316,338,346,527,555,566,588,589,590,591,592,593,594,595,596,597,598,599,600,601,602,603,604,605,656,657,658,659,1123,1124,1125,
419;0;9099;9179;1;17,18,19,20,21,22,23,24,25,26,27,28,29,30,31,32,33,34,35,36,37,38,39,40,41,42,43,70,71,78,91,94,95,96,97,98,99,100,101,102,103,104,105,106,110,138,249,299,305,316,338,346,527,555,566,588,589,590,591,592,593,594,595,596,597,598,599,600,601,602,603,604,605,656,657,658,659,1123,1124,1125,
419;1;9179;9252;1;17,18,19,20,21,22,23,24,25,26,27,28,29,30,31,32,33,34,35,36,37,38,39,40,41,42,43,70,71,78,91,94,95,96,97,98,99,100,101,102,103,104,105,106,110,138,249,299,305,316,338,346,527,555,566,588,589,590,591,592,593,594,595,596,597,598,599,600,601,602,603,604,605,656,657,658,659,1123,1124,1125,
158;0;9252;9341;0;8,17,18,25,32,34,35,42,43,54,70,71,78,91,94,95,96,97,98,99,100,101,102,103,104,105,106,110,138,249,299,305,316,338,346,527,555,588,589,590,591,592,593,594,595,596,597,598,599,600,601,602,603,604,605,656,657,658,659,1002,1008,1009,1010,1011,1012,1013,1014,1015,1016,1017,1018,1019,1020,1021,1022,1023,1024,1025,1026,1027,
158;1;9341;9435;0;8,17,18,25,32,34,35,42,43,54,70,71,78,91,94,95,96,97,98,99,100,101,102,103,104,105,106,110,138,249,299,305,316,338,346,527,555,588,589,590,591,592,593,594,595,596,597,598,599,600,601,602,603,604,605,656,657,658,659,1002,1008,1009,1010,1011,1012,1013,1014,1015,1016,1017,1018,1019,1020,1021,1022,1023,1024,1025,1026,1027,
134;0;9435;9538;1;8,17,18,25,32,34,35,42,43,54,70,71,78,91,94,95,96,97,98,99,100,101,102,103,104,105,106,110,138,249,299,305,316,338,346,527,555,588,589,590,591,592,593,594,595,596,597,598,599,600,601,602,603,604,605,656,657,658,659,1002,1008,1009,1010,1011,1012,1013,1014,1015,1016,1017,1018,1019,1020,1021,1022,1023,1024,1025,1026,1027,
134;1;9538;9632;1;8,17,18,25,32,34,35,42,43,54,70,71,78,91,94,95,96,97,98,99,100,101,102,103,104,105,106,110,138,249,299,305,316,338,346,527,555,588,589,590,591,592,593,594,595,596,597,598,599,600,601,602,603,604,605,656,657,658,659,1002,1008,1009,1010,1011,1012,1013,1014,1015,1016,1017,1018,1019,1020,1021,1022,1023,1024,1025,1026,1027,
601;0;9632;9735;1;8,17,18,25,32,34,35,42,43,54,70,71,78,91,94,95,96,97,98,99,100,101,102,103,104,105,106,110,138,249,299,305,316,338,346,527,555,588,589,590,591,592,593,594,595,596,597,598,599,600,601,602,603,604,605,656,657,658,659,1002,1008,1009,1010,1011,1012,1013,1014,1015,1016,1017,1018,1019,1020,1021,1022,1023,1024,1025,1026,1027,
601;1;9735;9833;1;8,17,18,25,32,34,35,42,43,54,70,71,78,91,94,95,96,97,98,99,100,101,102,103,104,105,106,110,138,249,299,305,316,338,346,527,555,588,589,590,591,592,593,594,595,596,597,598,599,600,601,602,603,604,605,656,657,658,659,1002,1008,1009,1010,1011,1012,1013,1014,1015,1016,1017,1018,1019,1020,1021,1022,1023,1024,1025,1026,1027,
49;0;9833;10007;1;8,17,18,25,32,34,35,42,43,54,70,71,78,91,94,95,96,97,98,99,100,101,102,103,104,105,106,110,138,249,299,305,316,338,346,527,555,588,589,590,591,592,593,594,595,596,597,598,599,600,601,602,603,604,605,656,657,658,659,1002,1008,1009,1010,1011,1012,1013,1014,1015,1016,1017,1018,1019,1020,1021,1022,1023,1024,1025,1026,1027,
49;1;10007;10080;1;8,17,18,25,32,34,35,42,43,54,70,71,78,91,94,95,96,97,98,99,100,101,102,103,104,105,106,110,138,249,299,305,316,338,346,527,555,588,589,590,591,592,593,594,595,596,597,598,599,600,601,602,603,604,605,656,657,658,659,1002,1008,1009,1010,1011,1012,1013,1014,1015,1016,1017,1018,1019,1020,1021,1022,1023,1024,1025,1026,1027,
Machine: 1
746;0;0;171;1;1,2,45,63,70,71,74,78,91,94,95,96,97,98,99,100,101,102,103,104,105,106,110,165,196,235,379,385,387,388,389,390,391,392,393,394,395,396,397,398,399,414,656,657,658,659,686,687,688,689,690,691,692,693,694,695,696,697,860,1112,1387,1388,1389,1390,1391,1392,1393,1394,1395,1396,1397,1398,1399,1400,1401,1402,1403,1404,1523,1524,
746;1;171;264;1;1,2,45,63,70,71,74,78,91,94,95,96,97,98,99,100,101,102,103,104,105,106,110,165,196,235,379,385,387,388,389,390,391,392,393,394,395,396,397,398,399,414,656,657,658,659,686,687,688,689,690,691,692,693,694,695,696,697,860,1112,1387,1388,1389,1390,1391,1392,1393,1394,1395,1396,1397,1398,1399,1400,1401,1402,1403,1404,1523,1524,
716;0;264;353;1;1,2,45,63,70,71,74,78,91,94,95,96,97,98,99,100,101,102,103,104,105,106,110,165,196,235,379,385,387,388,389,390,391,392,393,394,395,396,397,398,399,414,656,657,658,659,686,687,688,689,690,691,692,693,694,695,696,697,860,1112,1387,1388,1389,1390,1391,1392,1393,1394,1395,1396,1397,1398,1399,1400,1401,1402,1403,1404,1523,1524,
716;1;353;514;1;1,2,45,63,70,71,74,78,91,94,95,96,97,98,99,100,101,102,103,104,105,106,110,165,196,235,379,385,387,388,389,390,391,392,393,394,395,396,397,398,399,414,656,657,658,659,686,687,688,689,690,691,692,693,694,695,696,697,860,1112,1387,1388,1389,1390,1391,1392,1393,1394,1395,1396,1397,1398,1399,1400,1401,1402,1403,1404,1523,1524,
261;0;514;629;1;1,2,45,63,70,71,74,78,91,94,95,96,97,98,99,100,101,102,103,104,105,106,110,147,148,196,229,235,299,379,385,388,390,392,396,402,403,414,543,656,657,658,659,686,687,688,689,690,691,692,860,943,960,961,962,963,964,1112,1387,1388,1389,1390,1391,1392,1393,1394,1395,1396,1397,1398,1399,1400,1401,1402,1403,1404,1405,1406,1407,1408,
261;1;629;727;1;1,2,45,63,70,71,74,78,91,94,95,96,97,98,99,100,101,102,103,104,105,106,110,147,148,196,229,235,299,379,385,388,390,392,396,402,403,414,543,656,657,658,659,686,687,688,689,690,691,692,860,943,960,961,962,963,964,1112,1387,1388,1389,1390,1391,1392,1393,1394,1395,1396,1397,1398,1399,1400,1401,1402,1403,1404,1405,1406,1407,1408,
559;0;727;862;1;1,2,45,63,70,71,74,78,91,94,95,96,97,98,99,100,101,102,103,104,105,106,110,147,148,196,229,235,299,379,385,388,390,392,396,402,403,414,543,656,657,658,659,686,687,688,689,690,691,692,860,943,960,961,962,963,964,1112,1387,1388,1389,1390,1391,1392,1393,1394,1395,1396,1397,1398,1399,1400,1401,1402,1403,1404,1405,1406,1407,1408,
559;1;862;891;1;1,2,45,63,70,71,74,78,91,94,95,96,97,98,99,100,101,102,103,104,105,106,110,147,148,196,229,235,299,379,385,388,390,392,396,402,403,414,543,656,657,658,659,686,687,688,689,690,691,692,860,943,960,961,962,963,964,1112,1387,1388,1389,1390,1391,1392,1393,1394,1395,1396,1397,1398,1399,1400,1401,1402,1403,1404,1405,1406,1407,1408,
359;0;891;974;1;1,2,45,63,70,71,74,78,91,94,95,96,97,98,99,100,101,102,103,104,105,106,110,147,148,196,229,235,299,379,385,388,390,392,396,402,403,414,543,656,657,658,659,686,687,688,689,690,691,692,860,943,960,961,962,963,964,1112,1387,1388,1389,1390,1391,1392,1393,1394,1395,1396,1397,1398,1399,1400,1401,1402,1403,1404,1405,1406,1407,1408,
359;1;974;1097;1;1,2,45,63,70,71,74,78,91,94,95,96,97,98,99,100,101,102,103,104,105,106,110,147,148,196,229,235,299,379,385,388,390,392,396,402,403,414,543,656,657,658,659,686,687,688,689,690,691,692,860,943,960,961,962,963,964,1112,1387,1388,1389,1390,1391,1392,1393,1394,1395,1396,1397,1398,1399,1400,1401,1402,1403,1404,1405,1406,1407,1408,
424;0;1097;1195;1;1,2,45,63,70,71,74,78,91,94,95,96,97,98,99,100,101,102,103,104,105,106,110,147,148,196,229,235,299,379,385,388,390,392,396,402,403,414,543,656,657,658,659,686,687,688,689,690,691,692,860,943,960,961,962,963,964,1112,1387,1388,1389,1390,1391,1392,1393,1394,1395,1396,1397,1398,1399,1400,1401,1402,1403,1404,1405,1406,1407,1408,
424;1;1195;1300;1;1,2,45,63,70,71,74,78,91,94,95,96,97,98,99,100,101,102,103,104,105,106,110,147,148,196,229,235,299,379,385,388,390,392,396,402,403,414,543,656,657,658,659,686,687,688,689,690,691,692,860,943,960,961,962,963,964,1112,1387,1388,1389,1390,1391,1392,1393,1394,1395,1396,1397,1398,1399,1400,1401,1402,1403,1404,1405,1406,1407,1408,
353;0;1300;1325;0;1,2,45,63,70,71,74,78,91,94,95,96,97,98,99,100,101,102,103,104,105,106,110,147,148,196,229,235,299,379,385,388,390,392,396,402,403,414,543,656,657,658,659,686,687,688,689,690,691,692,860,943,960,961,962,963,964,1112,1387,1388,1389,1390,1391,1392,1393,1394,1395,1396,1397,1398,1399,1400,1401,1402,1403,1404,1405,1406,1407,1408,
353;1;1325;1469;0;1,2,45,63,70,71,74,78,91,94,95,96,97,98,99,100,101,102,103,104,105,106,110,147,148,196,229,235,299,379,385,388,390,392,396,402,403,414,543,656,657,658,659,686,687,688,689,690,691,692,860,943,960,961,962,963,964,1112,1387,1388,1389,1390,1391,1392,1393,1394,1395,1396,1397,1398,1399,1400,1401,1402,1403,1404,1405,1406,1407,1408,
731;0;1469;1550;1;1,2,45,63,70,71,74,78,91,94,95,96,97,98,99,100,101,102,103,104,105,106,110,147,148,196,229,235,299,379,385,388,390,392,396,402,403,414,543,656,657,658,659,686,687,688,689,690,691,692,860,943,960,961,962,963,964,1112,1387,1388,1389,1390,1391,1392,1393,1394,1395,1396,1397,1398,1399,1400,1401,1402,1403,1404,1405,1406,1407,1408,
731;1;1550;1579;1;1,2,45,63,70,71,74,78,91,94,95,96,97,98,99,100,101,102,103,104,105,106,110,147,148,196,229,235,299,379,385,388,390,392,396,402,403,414,543,656,657,658,659,686,687,688,689,690,691,692,860,943,960,961,962,963,964,1112,1387,1388,1389,1390,1391,1392,1393,1394,1395,1396,1397,1398,1399,1400,1401,1402,1403,1404,1405,1406,1407,1408,
694;0;1579;1722;1;1,2,45,63,70,71,74,78,91,94,95,96,97,98,99,100,101,102,103,104,105,106,110,147,148,196,229,235,299,379,385,388,390,392,396,402,403,414,543,656,657,658,659,686,687,688,689,690,691,692,860,943,960,961,962,963,964,1112,1387,1388,1389,1390,1391,1392,1393,1394,1395,1396,1397,1398,1399,1400,1401,1402,1403,1404,1405,1406,1407,1408,
694;1;1722;1827;1;1,2,45,63,70,71,74,78,91,94,95,96,97,98,99,100,101,102,103,104,105,106,110,147,148,196,229,235,299,379,385,388,390,392,396,402,403,414,543,656,657,658,659,686,687,688,689,690,691,692,860,943,960,961,962,963,964,1112,1387,1388,1389,1390,1391,1392,1393,1394,1395,1396,1397,1398,1399,1400,1401,1402,1403,1404,1405,1406,1407,1408,
549;0;1827;2003;1;2,32,45,63,70,71,72,74,78,94,95,96,97,98,99,100,101,102,103,104,105,106,110,129,138,147,148,186,196,217,235,299,316,337,343,379,382,385,388,390,392,396,403,405,406,407,408,409,410,411,412,413,414,423,424,425,428,686,687,688,689,690,691,692,693,694,695,696,697,936,937,938,939,940,941,942,984,1006,1007,1145,
549;1;2003;2164;1;2,32,45,63,70,71,72,74,78,94,95,96,97,98,99,100,101,102,103,104,105,106,110,129,138,147,148,186,196,217,235,299,316,337,343,379,382,385,388,390,392,396,403,405,406,407,408,409,410,411,412,413,414,423,424,425,428,686,687,688,689,690,691,692,693,694,695,696,697,936,937,938,939,940,941,942,984,1006,1007,1145,
172;0;2164;2241;0;2,32,45,63,70,71,72,74,78,94,95,96,97,98,99,100,101,102,103,104,105,106,110,129,138,147,148,186,196,217,235,299,316,337,343,379,382,385,388,390,392,396,403,405,406,407,408,409,410,411,412,413,414,423,424,425,428,686,687,688,689,690,691,692,693,694,695,696,697,936,937,938,939,940,941,942,984,1006,1007,1145,
366;0;2241;2318;1;2,32,45,63,70,71,72,74,78,94,95,96,97,98,99,100,101,102,103,104,105,106,110,129,138,147,148,186,196,217,235,299,316,337,343,379,382,385,388,390,392,396,403,405,406,407,408,409,410,411,412,413,414,423,424,425,428,686,687,688,689,690,691,692,693,694,695,696,697,936,937,938,939,940,941,942,984,1006,1007,1145,
366;1;2318;2395;1;2,32,45,63,70,71,72,74,78,94,95,96,97,98,99,100,101,102,103,104,105,106,110,129,138,147,148,186,196,217,235,299,316,337,343,379,382,385,388,390,392,396,403,405,406,407,408,409,410,411,412,413,414,423,424,425,428,686,687,688,689,690,691,692,693,694,695,696,697,936,937,938,939,940,941,942,984,1006,1007,1145,
186;0;2395;2461;1;2,32,45,63,70,71,72,74,78,94,95,96,97,98,99,100,101,102,103,104,105,106,110,129,138,147,148,186,196,217,235,299,316,337,343,379,382,385,388,390,392,396,403,405,406,407,408,409,410,411,412,413,414,423,424,425,428,686,687,688,689,690,691,692,693,694,695,696,697,936,937,938,939,940,941,942,984,1006,1007,1145,
186;1;2461;2605;1;2,32,45,63,70,71,72,74,78,94,95,96,97,98,99,100,101,102,103,104,105,106,110,129,138,147,148,186,196,217,235,299,316,337,343,379,382,385,388,390,392,396,403,405,406,407,408,409,410,411,412,413,414,423,424,425,428,686,687,688,689,690,691,692,693,694,695,696,697,936,937,938,939,940,941,942,984,1006,1007,1145,
242;0;2605;2654;0;2,32,45,63,70,71,72,74,78,94,95,96,97,98,99,100,101,102,103,104,105,106,110,129,138,147,148,186,196,217,235,299,316,337,343,379,382,385,388,390,392,396,403,405,406,407,408,409,410,411,412,413,414,423,424,425,428,686,687,688,689,690,691,692,693,694,695,696,697,936,937,938,939,940,941,942,984,1006,1007,1145,
728;0;2654;2684;0;2,32,45,63,70,71,72,74,78,94,95,96,97,98,99,100,101,102,103,104,105,106,110,129,138,147,148,186,196,217,235,299,316,337,343,379,382,385,388,390,392,396,403,405,406,407,408,409,410,411,412,413,414,423,424,425,428,686,687,688,689,690,691,692,693,694,695,696,697,936,937,938,939,940,941,942,984,1006,1007,1145,
728;1;2684;2756;0;2,32,45,63,70,71,72,74,78,94,95,96,97,98,99,100,101,102,103,104,105,106,110,129,138,147,148,186,196,217,235,299,316,337,343,379,382,385,388,390,392,396,403,405,406,407,408,409,410,411,412,413,414,423,424,425,428,686,687,688,689,690,691,692,693,694,695,696,697,936,937,938,939,940,941,942,984,1006,1007,1145,
293;0;2756;2885;0;2,32,45,63,70,71,72,74,78,94,95,96,97,98,99,100,101,102,103,104,105,106,110,129,138,147,148,186,196,217,235,299,316,337,343,379,382,385,388,390,392,396,403,405,406,407,408,409,410,411,412,413,414,423,424,425,428,686,687,688,689,690,691,692,693,694,695,696,697,936,937,938,939,940,941,942,984,1006,1007,1145,
293;1;2885;2906;0;2,32,45,63,70,71,72,74,78,94,95,96,97,98,99,100,101,102,103,104,105,106,110,129,138,147,148,186,196,217,235,299,316,337,343,379,382,385,388,390,392,396,403,405,406,407,408,409,410,411,412,413,414,423,424,425,428,686,687,688,689,690,691,692,693,694,695,696,697,936,937,938,939,940,941,942,984,1006,1007,1145,
188;0;2906;2950;0;2,32,45,63,70,71,72,74,78,94,95,96,97,98,99,100,101,102,103,104,105,106,110,129,138,147,148,186,196,217,235,299,316,337,343,379,382,385,388,390,392,396,403,405,406,407,408,409,410,411,412,413,414,423,424,425,428,686,687,688,689,690,691,692,693,694,695,696,697,936,937,938,939,940,941,942,984,1006,1007,1145,
188;1;2950;2971;0;2,32,45,63,70,71,72,74,78,94,95,96,97,98,99,100,101,102,103,104,105,106,110,129,138,147,148,186,196,217,235,299,316,337,343,379,382,385,388,390,392,396,403,405,406,407,408,409,410,411,412,413,414,423,424,425,428,686,687,688,689,690,691,692,693,694,695,696,697,936,937,938,939,940,941,942,984,1006,1007,1145,
244;0;2971;2996;1;2,32,45,63,70,71,72,74,78,94,95,96,97,98,99,100,101,102,103,104,105,106,110,129,138,147,148,186,196,217,235,299,316,337,343,379,382,385,388,390,392,396,403,405,406,407,408,409,410,411,412,413,414,423,424,425,428,686,687,688,689,690,691,692,693,694,695,696,697,936,937,938,939,940,941,942,984,1006,1007,1145,
244;1;2996;3073;1;2,32,45,63,70,71,72,74,78,94,95,96,97,98,99,100,101,102,103,104,105,106,110,129,138,147,148,186,196,217,235,299,316,337,343,379,382,385,388,390,392,396,403,405,406,407,408,409,410,411,412,413,414,423,424,425,428,686,687,688,689,690,691,692,693,694,695,696,697,936,937,938,939,940,941,942,984,1006,1007,1145,
31;0;3073;3126;1;2,32,45,63,70,71,72,74,78,94,95,96,97,98,99,100,101,102,103,104,105,106,110,129,138,147,148,186,196,217,235,299,316,337,343,379,382,385,388,390,392,396,403,405,406,407,408,409,410,411,412,413,414,423,424,425,428,686,687,688,689,690,691,692,693,694,695,696,697,936,937,938,939,940,941,942,984,1006,1007,1145,
31;1;3126;3198;1;2,32,45,63,70,71,72,74,78,94,95,96,97,98,99,100,101,102,103,104,105,106,110,129,138,147,148,186,196,217,235,299,316,337,343,379,382,385,388,390,392,396,403,405,406,407,408,409,410,411,412,413,414,423,424,425,428,686,687,688,689,690,691,692,693,694,695,696,697,936,937,938,939,940,941,942,984,1006,1007,1145,
111;0;3198;3227;1;2,32,45,63,70,71,72,74,78,94,95,96,97,98,99,100,101,102,103,104,105,106,110,129,138,147,148,186,196,217,235,299,316,337,343,379,382,385,388,390,392,396,403,405,406,407,408,409,410,411,412,413,414,423,424,425,428,686,687,688,689,690,691,692,693,694,695,696,697,936,937,938,939,940,941,942,984,1006,1007,1145,
111;1;3227;3250;1;2,32,45,63,70,71,72,74,78,94,95,96,97,98,99,100,101,102,103,104,105,106,110,129,138,147,148,186,196,217,235,299,316,337,343,379,382,385,388,390,392,396,403,405,406,407,408,409,410,411,412,413,414,423,424,425,428,686,687,688,689,690,691,692,693,694,695,696,697,936,937,938,939,940,941,942,984,1006,1007,1145,
129;0;3250;3291;1;2,32,45,63,70,71,72,74,78,94,95,96,97,98,99,100,101,102,103,104,105,106,110,129,138,147,148,186,196,217,235,299,316,337,343,379,382,385,388,390,392,396,403,405,406,407,408,409,410,411,412,413,414,423,424,425,428,686,687,688,689,690,691,692,693,694,695,696,697,936,937,938,939,940,941,942,984,1006,1007,1145,
129;1;3291;3467;1;2,32,45,63,70,71,72,74,78,94,95,96,97,98,99,100,101,102,103,104,105,106,110,129,138,147,148,186,196,217,235,299,316,337,343,379,382,385,388,390,392,396,403,405,406,407,408,409,410,411,412,413,414,423,424,425,428,686,687,688,689,690,691,692,693,694,695,696,697,936,937,938,939,940,941,942,984,1006,1007,1145,
641;0;3467;3533;1;0,2,3,32,45,46,53,58,63,70,72,74,78,92,105,110,138,196,230,235,249,272,279,282,286,340,379,385,388,390,392,396,414,423,424,425,482,505,686,687,688,689,690,691,692,693,694,695,696,697,874,875,876,877,878,879,1002,1003,1004,1005,1011,1126,1127,1128,1129,1130,1131,1132,1133,1134,1135,1136,1137,1138,1139,1140,1141,1142,1143,1144,
641;1;3533;3681;1;0,2,3,32,45,46,53,58,63,70,72,74,78,92,105,110,138,196,230,235,249,272,279,282,286,340,379,385,388,390,392,396,414,423,424,425,482,505,686,687,688,689,690,691,692,693,694,695,696,697,874,875,876,877,878,879,1002,1003,1004,1005,1011,1126,1127,1128,1129,1130,1131,1132,1133,1134,1135,1136,1137,1138,1139,1140,1141,1142,1143,1144,
296;0;3681;3747;1;0,2,3,32,45,46,53,58,63,70,72,74,78,92,105,110,138,196,230,235,249,272,279,282,286,340,379,385,388,390,392,396,414,423,424,425,482,505,686,687,688,689,690,691,692,693,694,695,696,697,874,875,876,877,878,879,1002,1003,1004,1005,1011,1126,1127,1128,1129,1130,1131,1132,1133,1134,1135,1136,1137,1138,1139,1140,1141,1142,1143,1144,
296;1;3747;3796;1;0,2,3,32,45,46,53,58,63,70,72,74,78,92,105,110,138,196,230,235,249,272,279,282,286,340,379,385,388,390,392,396,414,423,424,425,482,505,686,687,688,689,690,691,692,693,694,695,696,697,874,875,876,877,878,879,1002,1003,1004,1005,1011,1126,1127,1128,1129,1130,1131,1132,1133,1134,1135,1136,1137,1138,1139,1140,1141,1142,1143,1144,
574;0;3796;3846;1;0,2,3,32,45,46,53,58,63,70,72,74,78,92,105,110,138,196,230,235,249,272,279,282,286,340,379,385,388,390,392,396,414,423,424,425,482,505,686,687,688,689,690,691,692,693,694,695,696,697,874,875,876,877,878,879,1002,1003,1004,1005,1011,1126,1127,1128,1129,1130,1131,1132,1133,1134,1135,1136,1137,1138,1139,1140,1141,1142,1143,1144,
574;1;3846;3994;1;0,2,3,32,45,46,53,58,63,70,72,74,78,92,105,110,138,196,230,235,249,272,279,282,286,340,379,385,388,390,392,396,414,423,424,425,482,505,686,687,688,689,690,691,692,693,694,695,696,697,874,875,876,877,878,879,1002,1003,1004,1005,1011,1126,1127,1128,1129,1130,1131,1132,1133,1134,1135,1136,1137,1138,1139,1140,1141,1142,1143,1144,
304;0;3994;4105;1;0,2,3,32,45,46,53,58,63,70,72,74,78,92,105,110,138,196,230,235,249,272,279,282,286,340,379,385,388,390,392,396,414,423,424,425,482,505,686,687,688,689,690,691,692,693,694,695,696,697,874,875,876,877,878,879,1002,1003,1004,1005,1011,1126,1127,1128,1129,1130,1131,1132,1133,1134,1135,1136,1137,1138,1139,1140,1141,1142,1143,1144,
304;1;4105;4183;1;0,2,3,32,45,46,53,58,63,70,72,74,78,92,105,110,138,196,230,235,249,272,279,282,286,340,379,385,388,390,392,396,414,423,424,425,482,505,686,687,688,689,690,691,692,693,694,695,696,697,874,875,876,877,878,879,1002,1003,1004,1005,1011,1126,1127,1128,1129,1130,1131,1132,1133,1134,1135,1136,1137,1138,1139,1140,1141,1142,1143,1144,
184;0;4183;4245;1;0,2,3,32,45,46,53,58,63,70,72,74,78,92,105,110,138,196,230,235,249,272,279,282,286,340,379,385,388,390,392,396,414,423,424,425,482,505,686,687,688,689,690,691,692,693,694,695,696,697,874,875,876,877,878,879,1002,1003,1004,1005,1011,1126,1127,1128,1129,1130,1131,1132,1133,1134,1135,1136,1137,1138,1139,1140,1141,1142,1143,1144,
184;1;4245;4421;1;0,2,3,32,45,46,53,58,63,70,72,74,78,92,105,110,138,196,230,235,249,272,279,282,286,340,379,385,388,390,392,396,414,423,424,425,482,505,686,687,688,689,690,691,692,693,694,695,696,697,874,875,876,877,878,879,1002,1003,1004,1005,1011,1126,1127,1128,1129,1130,1131,1132,1133,1134,1135,1136,1137,1138,1139,1140,1141,1142,1143,1144,
206;0;4421;4454;1;0,2,3,32,45,46,53,58,63,70,72,74,78,92,105,110,138,196,230,235,249,272,279,282,286,340,379,385,388,390,392,396,414,423,424,425,482,505,686,687,688,689,690,691,692,693,694,695,696,697,874,875,876,877,878,879,1002,1003,1004,1005,1011,1126,1127,1128,1129,1130,1131,1132,1133,1134,1135,1136,1137,1138,1139,1140,1141,1142,1143,1144,
206;1;4454;4602;1;0,2,3,32,45,46,53,58,63,70,72,74,78,92,105,110,138,196,230,235,249,272,279,282,286,340,379,385,388,390,392,396,414,423,424,425,482,505,686,687,688,689,690,691,692,693,694,695,696,697,874,875,876,877,878,879,1002,1003,1004,1005,1011,1126,1127,1128,1129,1130,1131,1132,1133,1134,1135,1136,1137,1138,1139,1140,1141,1142,1143,1144,
287;0;4602;4680;0;0,2,3,32,45,46,53,58,63,70,72,74,78,92,105,110,138,196,230,235,249,272,279,282,286,340,379,385,388,390,392,396,414,423,424,425,482,505,686,687,688,689,690,691,692,693,694,695,696,697,874,875,876,877,878,879,1002,1003,1004,1005,1011,1126,1127,1128,1129,1130,1131,1132,1133,1134,1135,1136,1137,1138,1139,1140,1141,1142,1143,1144,
676;0;4680;4692;1;0,2,3,32,45,46,51,53,58,63,70,72,74,78,87,92,105,110,138,143,196,198,230,234,235,249,272,279,282,286,340,371,379,385,388,390,392,396,401,414,423,424,425,482,505,686,687,688,689,690,691,692,693,694,695,696,697,802,803,804,805,806,807,808,809,810,874,875,876,877,878,879,1002,1003,1004,1005,1011,1126,1135,1137,
676;1;4692;4707;1;0,2,3,32,45,46,51,53,58,63,70,72,74,78,87,92,105,110,138,143,196,198,230,234,235,249,272,279,282,286,340,371,379,385,388,390,392,396,401,414,423,424,425,482,505,686,687,688,689,690,691,692,693,694,695,696,697,802,803,804,805,806,807,808,809,810,874,875,876,877,878,879,1002,1003,1004,1005,1011,1126,1135,1137,
66;0;4707;4711;1;0,2,3,32,45,46,51,53,58,63,70,72,74,78,87,92,105,110,138,143,196,198,230,234,235,249,272,279,282,286,340,371,379,385,388,390,392,396,401,414,423,424,425,482,505,686,687,688,689,690,691,692,693,694,695,696,697,802,803,804,805,806,807,808,809,810,874,875,876,877,878,879,1002,1003,1004,1005,1011,1126,1135,1137,
66;1;4711;4872;1;0,2,3,32,45,46,51,53,58,63,70,72,74,78,87,92,105,110,138,143,196,198,230,234,235,249,272,279,282,286,340,371,379,385,388,390,392,396,401,414,423,424,425,482,505,686,687,688,689,690,691,692,693,694,695,696,697,802,803,804,805,806,807,808,809,810,874,875,876,877,878,879,1002,1003,1004,1005,1011,1126,1135,1137,
84;0;4872;4968;1;0,2,3,32,45,46,51,53,58,63,70,72,74,78,87,92,105,110,138,143,196,198,230,234,235,249,272,279,282,286,340,371,379,385,388,390,392,396,401,414,423,424,425,482,505,686,687,688,689,690,691,692,693,694,695,696,697,802,803,804,805,806,807,808,809,810,874,875,876,877,878,879,1002,1003,1004,1005,1011,1126,1135,1137,
84;1;4968;4983;1;0,2,3,32,45,46,51,53,58,63,70,72,74,78,87,92,105,110,138,143,196,198,230,234,235,249,272,279,282,286,340,371,379,385,388,390,392,396,401,414,423,424,425,482,505,686,687,688,689,690,691,692,693,694,695,696,697,802,803,804,805,806,807,808,809,810,874,875,876,877,878,879,1002,1003,1004,1005,1011,1126,1135,1137,
568;0;4983;5038;0;2,3,32,58,65,70,72,78,92,105,110,138,143,155,196,198,230,235,249,286,293,337,371,377,379,385,388,390,392,396,401,414,423,424,425,505,517,529,692,696,802,858,919,1066,1108,1119,1120,1121,1122,1125,1126,1135,1137,1147,1234,1235,1236,1237,1238,1239,1240,1241,1242,1243,1244,1245,1246,1247,1248,1249,1250,1251,1252,1253,1254,1255,1256,1257,1258,1508,
568;1;5038;5134;0;2,3,32,58,65,70,72,78,92,105,110,138,143,155,196,198,230,235,249,286,293,337,371,377,379,385,388,390,392,396,401,414,423,424,425,505,517,529,692,696,802,858,919,1066,1108,1119,1120,1121,1122,1125,1126,1135,1137,1147,1234,1235,1236,1237,1238,1239,1240,1241,1242,1243,1244,1245,1246,1247,1248,1249,1250,1251,1252,1253,1254,1255,1256,1257,1258,1508,
147;0;5134;5230;0;2,3,32,58,65,70,72,78,92,105,110,138,143,155,196,198,230,235,249,286,293,337,371,377,379,385,388,390,392,396,401,414,423,424,425,505,517,529,692,696,802,858,919,1066,1108,1119,1120,1121,1122,1125,1126,1135,1137,1147,1234,1235,1236,1237,1238,1239,1240,1241,1242,1243,1244,1245,1246,1247,1248,1249,1250,1251,1252,1253,1254,1255,1256,1257,1258,1508,
429;0;5230;5326;1;2,3,32,58,65,70,72,78,92,105,110,138,143,155,196,198,230,235,249,286,293,337,371,377,379,385,388,390,392,396,401,414,423,424,425,505,517,529,692,696,802,858,919,1066,1108,1119,1120,1121,1122,1125,1126,1135,1137,1147,1234,1235,1236,1237,1238,1239,1240,1241,1242,1243,1244,1245,1246,1247,1248,1249,1250,1251,1252,1253,1254,1255,1256,1257,1258,1508,
429;1;5326;5465;1;2,3,32,58,65,70,72,78,92,105,110,138,143,155,196,198,230,235,249,286,293,337,371,377,379,385,388,390,392,396,401,414,423,424,425,505,517,529,692,696,802,858,919,1066,1108,1119,1120,1121,1122,1125,1126,1135,1137,1147,1234,1235,1236,1237,1238,1239,1240,1241,1242,1243,1244,1245,1246,1247,1248,1249,1250,1251,1252,1253,1254,1255,1256,1257,1258,1508,
254;0;5465;5634;1;2,3,32,58,65,70,72,78,92,105,110,138,143,155,196,198,230,235,249,286,293,337,371,377,379,385,388,390,392,396,401,414,423,424,425,505,517,529,692,696,802,858,919,1066,1108,1119,1120,1121,1122,1125,1126,1135,1137,1147,1234,1235,1236,1237,1238,1239,1240,1241,1242,1243,1244,1245,1246,1247,1248,1249,1250,1251,1252,1253,1254,1255,1256,1257,1258,1508,
254;1;5634;5695;1;2,3,32,58,65,70,72,78,92,105,110,138,143,155,196,198,230,235,249,286,293,337,371,377,379,385,388,390,392,396,401,414,423,424,425,505,517,529,692,696,802,858,919,1066,1108,1119,1120,1121,1122,1125,1126,1135,1137,1147,1234,1235,1236,1237,1238,1239,1240,1241,1242,1243,1244,1245,1246,1247,1248,1249,1250,1251,1252,1253,1254,1255,1256,1257,1258,1508,
486;0;5695;5754;1;2,3,32,58,65,70,72,78,92,105,110,138,143,155,196,198,230,235,249,286,293,337,371,377,379,385,388,390,392,396,401,414,423,424,425,505,517,529,692,696,802,858,919,1066,1108,1119,1120,1121,1122,1125,1126,1135,1137,1147,1234,1235,1236,1237,1238,1239,1240,1241,1242,1243,1244,1245,1246,1247,1248,1249,1250,1251,1252,1253,1254,1255,1256,1257,1258,1508,
486;1;5754;5841;1;2,3,32,58,65,70,72,78,92,105,110,138,143,155,196,198,230,235,249,286,293,337,371,377,379,385,388,390,392,396,401,414,423,424,425,505,517,529,692,696,802,858,919,1066,1108,1119,1120,1121,1122,1125,1126,1135,1137,1147,1234,1235,1236,1237,1238,1239,1240,1241,1242,1243,1244,1245,1246,1247,1248,1249,1250,1251,1252,1253,1254,1255,1256,1257,1258,1508,
396;0;5841;5978;1;32,70,72,78,105,130,133,135,138,155,186,264,316,336,371,377,396,408,423,424,425,472,517,519,529,622,625,626,627,639,696,717,721,781,798,919,931,1063,1066,1108,1203,1204,1205,1206,1207,1208,1209,1210,1211,1212,1213,1214,1215,1216,1217,1234,1235,1236,1237,1238,1239,1240,1241,1242,1243,1244,1245,1246,1247,1248,1249,1250,1251,1252,1253,1254,1255,1256,1257,1258,
396;1;5978;6010;1;32,70,72,78,105,130,133,135,138,155,186,264,316,336,371,377,396,408,423,424,425,472,517,519,529,622,625,626,627,639,696,717,721,781,798,919,931,1063,1066,1108,1203,1204,1205,1206,1207,1208,1209,1210,1211,1212,1213,1214,1215,1216,1217,1234,1235,1236,1237,1238,1239,1240,1241,1242,1243,1244,1245,1246,1247,1248,1249,1250,1251,1252,1253,1254,1255,1256,1257,1258,
456;0;6010;6185;1;32,70,72,78,105,130,133,135,138,155,186,264,316,336,371,377,396,408,423,424,425,472,517,519,529,622,625,626,627,639,696,717,721,781,798,919,931,1063,1066,1108,1203,1204,1205,1206,1207,1208,1209,1210,1211,1212,1213,1214,1215,1216,1217,1234,1235,1236,1237,1238,1239,1240,1241,1242,1243,1244,1245,1246,1247,1248,1249,1250,1251,1252,1253,1254,1255,1256,1257,1258,
456;1;6185;6246;1;32,70,72,78,105,130,133,135,138,155,186,264,316,336,371,377,396,408,423,424,425,472,517,519,529,622,625,626,627,639,696,717,721,781,798,919,931,1063,1066,1108,1203,1204,1205,1206,1207,1208,1209,1210,1211,1212,1213,1214,1215,1216,1217,1234,1235,1236,1237,1238,1239,1240,1241,1242,1243,1244,1245,1246,1247,1248,1249,1250,1251,1252,1253,1254,1255,1256,1257,1258,
609;0;6246;6270;1;32,70,72,78,105,130,133,135,138,155,186,264,316,336,371,377,396,408,423,424,425,472,517,519,529,622,625,626,627,639,696,717,721,781,798,919,931,1063,1066,1108,1203,1204,1205,1206,1207,1208,1209,1210,1211,1212,1213,1214,1215,1216,1217,1234,1235,1236,1237,1238,1239,1240,1241,1242,1243,1244,1245,1246,1247,1248,1249,1250,1251,1252,1253,1254,1255,1256,1257,1258,
609;1;6270;6302;1;32,70,72,78,105,130,133,135,138,155,186,264,316,336,371,377,396,408,423,424,425,472,517,519,529,622,625,626,627,639,696,717,721,781,798,919,931,1063,1066,1108,1203,1204,1205,1206,1207,1208,1209,1210,1211,1212,1213,1214,1215,1216,1217,1234,1235,1236,1237,1238,1239,1240,1241,1242,1243,1244,1245,1246,1247,1248,1249,1250,1251,1252,1253,1254,1255,1256,1257,1258,
290;0;6302;6334;0;32,70,72,78,105,130,133,135,138,155,186,264,316,336,371,377,396,408,423,424,425,472,517,519,529,622,625,626,627,639,696,717,721,781,798,919,931,1063,1066,1108,1203,1204,1205,1206,1207,1208,1209,1210,1211,1212,1213,1214,1215,1216,1217,1234,1235,1236,1237,1238,1239,1240,1241,1242,1243,1244,1245,1246,1247,1248,1249,1250,1251,1252,1253,1254,1255,1256,1257,1258,
311;0;6334;6375;1;32,70,72,78,105,130,133,135,138,147,155,186,264,271,301,316,327,336,348,349,350,351,352,353,354,355,356,357,358,359,360,361,362,363,364,365,366,367,368,371,396,408,423,424,425,428,472,497,519,606,607,608,609,610,611,612,613,614,615,616,622,625,626,627,639,696,717,721,781,798,827,828,919,931,1203,1463,1464,1465,1466,1467,
311;1;6375;6524;1;32,70,72,78,105,130,133,135,138,147,155,186,264,271,301,316,327,336,348,349,350,351,352,353,354,355,356,357,358,359,360,361,362,363,364,365,366,367,368,371,396,408,423,424,425,428,472,497,519,606,607,608,609,610,611,612,613,614,615,616,622,625,626,627,639,696,717,721,781,798,827,828,919,931,1203,1463,1464,1465,1466,1467,
704;0;6524;6558;1;32,70,72,78,105,130,133,135,138,147,155,186,264,271,301,316,327,336,348,349,350,351,352,353,354,355,356,357,358,359,360,361,362,363,364,365,366,367,368,371,396,408,423,424,425,428,472,497,519,606,607,608,609,610,611,612,613,614,615,616,622,625,626,627,639,696,717,721,781,798,827,828,919,931,1203,1463,1464,1465,1466,1467,
704;1;6558;6607;1;32,70,72,78,105,130,133,135,138,147,155,186,264,271,301,316,327,336,348,349,350,351,352,353,354,355,356,357,358,359,360,361,362,363,364,365,366,367,368,371,396,408,423,424,425,428,472,497,519,606,607,608,609,610,611,612,613,614,615,616,622,625,626,627,639,696,717,721,781,798,827,828,919,931,1203,1463,1464,1465,1466,1467,
408;0;6607;6669;0;32,70,72,78,105,130,133,135,138,147,155,186,264,271,301,316,327,336,348,349,350,351,352,353,354,355,356,357,358,359,360,361,362,363,364,365,366,367,368,371,396,408,423,424,425,428,472,497,519,606,607,608,609,610,611,612,613,614,615,616,622,625,626,627,639,696,717,721,781,798,827,828,919,931,1203,1463,1464,1465,1466,1467,
408;1;6669;6747;0;32,70,72,78,105,130,133,135,138,147,155,186,264,271,301,316,327,336,348,349,350,351,352,353,354,355,356,357,358,359,360,361,362,363,364,365,366,367,368,371,396,408,423,424,425,428,472,497,519,606,607,608,609,610,611,612,613,614,615,616,622,625,626,627,639,696,717,721,781,798,827,828,919,931,1203,1463,1464,1465,1466,1467,
611;0;6747;6825;1;32,70,72,78,105,130,133,135,138,147,155,186,264,271,301,316,327,336,348,349,350,351,352,353,354,355,356,357,358,359,360,361,362,363,364,365,366,367,368,371,396,408,423,424,425,428,472,497,519,606,607,608,609,610,611,612,613,614,615,616,622,625,626,627,639,696,717,721,781,798,827,828,919,931,1203,1463,1464,1465,1466,1467,
611;1;6825;6934;1;32,70,72,78,105,130,133,135,138,147,155,186,264,271,301,316,327,336,348,349,350,351,352,353,354,355,356,357,358,359,360,361,362,363,364,365,366,367,368,371,396,408,423,424,425,428,472,497,519,606,607,608,609,610,611,612,613,614,615,616,622,625,626,627,639,696,717,721,781,798,827,828,919,931,1203,1463,1464,1465,1466,1467,
259;0;6934;7072;1;32,70,72,78,105,130,133,135,138,147,155,186,264,271,301,316,327,336,348,349,350,351,352,353,354,355,356,357,358,359,360,361,362,363,364,365,366,367,368,371,396,408,423,424,425,428,472,497,519,606,607,608,609,610,611,612,613,614,615,616,622,625,626,627,639,696,717,721,781,798,827,828,919,931,1203,1463,1464,1465,1466,1467,
259;1;7072;7148;1;32,70,72,78,105,130,133,135,138,147,155,186,264,271,301,316,327,336,348,349,350,351,352,353,354,355,356,357,358,359,360,361,362,363,364,365,366,367,368,371,396,408,423,424,425,428,472,497,519,606,607,608,609,610,611,612,613,614,615,616,622,625,626,627,639,696,717,721,781,798,827,828,919,931,1203,1463,1464,1465,1466,1467,
459;0;7148;7318;1;32,70,72,78,105,130,133,135,138,147,155,186,264,271,301,316,327,336,348,349,350,351,352,353,354,355,356,357,358,359,360,361,362,363,364,365,366,367,368,371,396,408,423,424,425,428,472,497,519,606,607,608,609,610,611,612,613,614,615,616,622,625,626,627,639,696,717,721,781,798,827,828,919,931,1203,1463,1464,1465,1466,1467,
459;1;7318;7467;1;32,70,72,78,105,130,133,135,138,147,155,186,264,271,301,316,327,336,348,349,350,351,352,353,354,355,356,357,358,359,360,361,362,363,364,365,366,367,368,371,396,408,423,424,425,428,472,497,519,606,607,608,609,610,611,612,613,614,615,616,622,625,626,627,639,696,717,721,781,798,827,828,919,931,1203,1463,1464,1465,1466,1467,
21;0;7467;7631;1;32,70,72,78,105,130,133,135,138,147,155,186,264,271,301,316,327,336,348,349,350,351,352,353,354,355,356,357,358,359,360,361,362,363,364,365,366,367,368,371,396,408,423,424,425,428,472,497,519,606,607,608,609,610,611,612,613,614,615,616,622,625,626,627,639,696,717,721,781,798,827,828,919,931,1203,1463,1464,1465,1466,1467,
21;1;7631;7740;1;32,70,72,78,105,130,133,135,138,147,155,186,264,271,301,316,327,336,348,349,350,351,352,353,354,355,356,357,358,359,360,361,362,363,364,365,366,367,368,371,396,408,423,424,425,428,472,497,519,606,607,608,609,610,611,612,613,614,615,616,622,625,626,627,639,696,717,721,781,798,827,828,919,931,1203,1463,1464,1465,1466,1467,
326;0;7740;7855;1;32,38,90,138,148,185,186,197,198,316,327,336,352,368,371,378,379,380,381,397,428,443,445,497,546,554,606,607,608,609,610,611,612,613,614,615,616,704,705,706,707,708,709,710,711,712,713,714,715,716,717,718,719,720,721,802,857,898,931,1218,1219,1220,1221,1222,1223,1224,1225,1226,1322,1409,1432,1433,1434,1435,1436,1437,1438,1439,1440,1441,
326;1;7855;8005;1;32,38,90,138,148,185,186,197,198,316,327,336,352,368,371,378,379,380,381,397,428,443,445,497,546,554,606,607,608,609,610,611,612,613,614,615,616,704,705,706,707,708,709,710,711,712,713,714,715,716,717,718,719,720,721,802,857,898,931,1218,1219,1220,1221,1222,1223,1224,1225,1226,1322,1409,1432,1433,1434,1435,1436,1437,1438,1439,1440,1441,
491;0;8005;8038;1;32,38,90,138,148,185,186,197,198,316,327,336,352,368,371,378,379,380,381,397,428,443,445,497,546,554,606,607,608,609,610,611,612,613,614,615,616,704,705,706,707,708,709,710,711,712,713,714,715,716,717,718,719,720,721,802,857,898,931,1218,1219,1220,1221,1222,1223,1224,1225,1226,1322,1409,1432,1433,1434,1435,1436,1437,1438,1439,1440,1441,
491;1;8038;8114;1;32,38,90,138,148,185,186,197,198,316,327,336,352,368,371,378,379,380,381,397,428,443,445,497,546,554,606,607,608,609,610,611,612,613,614,615,616,704,705,706,707,708,709,710,711,712,713,714,715,716,717,718,719,720,721,802,857,898,931,1218,1219,1220,1221,1222,1223,1224,1225,1226,1322,1409,1432,1433,1434,1435,1436,1437,1438,1439,1440,1441,
399;0;8114;8140;1;32,38,90,138,148,185,186,197,198,316,327,336,352,368,371,378,379,380,381,397,428,443,445,497,546,554,606,607,608,609,610,611,612,613,614,615,616,704,705,706,707,708,709,710,711,712,713,714,715,716,717,718,719,720,721,802,857,898,931,1218,1219,1220,1221,1222,1223,1224,1225,1226,1322,1409,1432,1433,1434,1435,1436,1437,1438,1439,1440,1441,
399;1;8140;8173;1;32,38,90,138,148,185,186,197,198,316,327,336,352,368,371,378,379,380,381,397,428,443,445,497,546,554,606,607,608,609,610,611,612,613,614,615,616,704,705,706,707,708,709,710,711,712,713,714,715,716,717,718,719,720,721,802,857,898,931,1218,1219,1220,1221,1222,1223,1224,1225,1226,1322,1409,1432,1433,1434,1435,1436,1437,1438,1439,1440,1441,
409;0;8173;8303;1;32,38,90,138,148,185,186,197,198,316,327,336,352,368,371,378,379,380,381,397,428,443,445,497,546,554,606,607,608,609,610,611,612,613,614,615,616,704,705,706,707,708,709,710,711,712,713,714,715,716,717,718,719,720,721,802,857,898,931,1218,1219,1220,1221,1222,1223,1224,1225,1226,1322,1409,1432,1433,1434,1435,1436,1437,1438,1439,1440,1441,
409;1;8303;8365;1;32,38,90,138,148,185,186,197,198,316,327,336,352,368,371,378,379,380,381,397,428,443,445,497,546,554,606,607,608,609,610,611,612,613,614,615,616,704,705,706,707,708,709,710,711,712,713,714,715,716,717,718,719,720,721,802,857,898,931,1218,1219,1220,1221,1222,1223,1224,1225,1226,1322,1409,1432,1433,1434,1435,1436,1437,1438,1439,1440,1441,
181;0;8365;8386;1;32,38,90,138,148,185,186,197,198,316,327,336,352,368,371,378,379,380,381,397,428,443,445,497,546,554,606,607,608,609,610,611,612,613,614,615,616,704,705,706,707,708,709,710,711,712,713,714,715,716,717,718,719,720,721,802,857,898,931,1218,1219,1220,1221,1222,1223,1224,1225,1226,1322,1409,1432,1433,1434,1435,1436,1437,1438,1439,1440,1441,
181;1;8386;8486;1;32,38,90,138,148,185,186,197,198,316,327,336,352,368,371,378,379,380,381,397,428,443,445,497,546,554,606,607,608,609,610,611,612,613,614,615,616,704,705,706,707,708,709,710,711,712,713,714,715,716,717,718,719,720,721,802,857,898,931,1218,1219,1220,1221,1222,1223,1224,1225,1226,1322,1409,1432,1433,1434,1435,1436,1437,1438,1439,1440,1441,
463;0;8486;8628;0;32,38,90,138,148,185,186,197,198,316,327,336,352,368,371,378,379,380,381,397,428,443,445,497,546,554,606,607,608,609,610,611,612,613,614,615,616,704,705,706,707,708,709,710,711,712,713,714,715,716,717,718,719,720,721,802,857,898,931,1218,1219,1220,1221,1222,1223,1224,1225,1226,1322,1409,1432,1433,1434,1435,1436,1437,1438,1439,1440,1441,
463;1;8628;8640;0;32,38,90,138,148,185,186,197,198,316,327,336,352,368,371,378,379,380,381,397,428,443,445,497,546,554,606,607,608,609,610,611,612,613,614,615,616,704,705,706,707,708,709,710,711,712,713,714,715,716,717,718,719,720,721,802,857,898,931,1218,1219,1220,1221,1222,1223,1224,1225,1226,1322,1409,1432,1433,1434,1435,1436,1437,1438,1439,1440,1441,
374;0;8640;8666;1;32,38,90,138,148,185,186,197,198,316,327,336,352,368,371,378,379,380,381,397,428,443,445,497,546,554,606,607,608,609,610,611,612,613,614,615,616,704,705,706,707,708,709,710,711,712,713,714,715,716,717,718,719,720,721,802,857,898,931,1218,1219,1220,1221,1222,1223,1224,1225,1226,1322,1409,1432,1433,1434,1435,1436,1437,1438,1439,1440,1441,
374;1;8666;8726;1;32,38,90,138,148,185,186,197,198,316,327,336,352,368,371,378,379,380,381,397,428,443,445,497,546,554,606,607,608,609,610,611,612,613,614,615,616,704,705,706,707,708,709,710,711,712,713,714,715,716,717,718,719,720,721,802,857,898,931,1218,1219,1220,1221,1222,1223,1224,1225,1226,1322,1409,1432,1433,1434,1435,1436,1437,1438,1439,1440,1441,
351;0;8726;8757;1;32,38,90,138,148,185,186,197,198,316,327,336,352,368,371,378,379,380,381,397,428,443,445,497,546,554,606,607,608,609,610,611,612,613,614,615,616,704,705,706,707,708,709,710,711,712,713,714,715,716,717,718,719,720,721,802,857,898,931,1218,1219,1220,1221,1222,1223,1224,1225,1226,1322,1409,1432,1433,1434,1435,1436,1437,1438,1439,1440,1441,
351;1;8757;8819;1;32,38,90,138,148,185,186,197,198,316,327,336,352,368,371,378,379,380,381,397,428,443,445,497,546,554,606,607,608,609,610,611,612,613,614,615,616,704,705,706,707,708,709,710,711,712,713,714,715,716,717,718,719,720,721,802,857,898,931,1218,1219,1220,1221,1222,1223,1224,1225,1226,1322,1409,1432,1433,1434,1435,1436,1437,1438,1439,1440,1441,
572;0;8819;8831;0;32,38,90,138,148,185,186,197,198,316,327,336,352,368,371,378,379,380,381,397,428,443,445,497,546,554,606,607,608,609,610,611,612,613,614,615,616,704,705,706,707,708,709,710,711,712,713,714,715,716,717,718,719,720,721,802,857,898,931,1218,1219,1220,1221,1222,1223,1224,1225,1226,1322,1409,1432,1433,1434,1435,1436,1437,1438,1439,1440,1441,
221;0;8831;8895;1;32,38,90,138,148,185,186,197,198,316,327,336,352,368,371,378,379,380,381,397,428,443,445,497,546,554,606,607,608,609,610,611,612,613,614,615,616,704,705,706,707,708,709,710,711,712,713,714,715,716,717,718,719,720,721,802,857,898,931,1218,1219,1220,1221,1222,1223,1224,1225,1226,1322,1409,1432,1433,1434,1435,1436,1437,1438,1439,1440,1441,
221;1;8895;8928;1;32,38,90,138,148,185,186,197,198,316,327,336,352,368,371,378,379,380,381,397,428,443,445,497,546,554,606,607,608,609,610,611,612,613,614,615,616,704,705,706,707,708,709,710,711,712,713,714,715,716,717,718,719,720,721,802,857,898,931,1218,1219,1220,1221,1222,1223,1224,1225,1226,1322,1409,1432,1433,1434,1435,1436,1437,1438,1439,1440,1441,
621;0;8928;8970;1;32,38,90,138,148,185,186,197,198,316,327,336,352,368,371,378,379,380,381,397,428,443,445,497,546,554,606,607,608,609,610,611,612,613,614,615,616,704,705,706,707,708,709,710,711,712,713,714,715,716,717,718,719,720,721,802,857,898,931,1218,1219,1220,1221,1222,1223,1224,1225,1226,1322,1409,1432,1433,1434,1435,1436,1437,1438,1439,1440,1441,
621;1;8970;9046;1;32,38,90,138,148,185,186,197,198,316,327,336,352,368,371,378,379,380,381,397,428,443,445,497,546,554,606,607,608,609,610,611,612,613,614,615,616,704,705,706,707,708,709,710,711,712,713,714,715,716,717,718,719,720,721,802,857,898,931,1218,1219,1220,1221,1222,1223,1224,1225,1226,1322,1409,1432,1433,1434,1435,1436,1437,1438,1439,1440,1441,
679;0;9046;9195;1;32,38,90,138,148,185,186,197,198,316,327,336,352,368,371,378,379,380,381,397,428,443,445,497,546,554,606,607,608,609,610,611,612,613,614,615,616,704,705,706,707,708,709,710,711,712,713,714,715,716,717,718,719,720,721,802,857,898,931,1218,1219,1220,1221,1222,1223,1224,1225,1226,1322,1409,1432,1433,1434,1435,1436,1437,1438,1439,1440,1441,
679;1;9195;9334;1;32,38,90,138,148,185,186,197,198,316,327,336,352,368,371,378,379,380,381,397,428,443,445,497,546,554,606,607,608,609,610,611,612,613,614,615,616,704,705,706,707,708,709,710,711,712,713,714,715,716,717,718,719,720,721,802,857,898,931,1218,1219,1220,1221,1222,1223,1224,1225,1226,1322,1409,1432,1433,1434,1435,1436,1437,1438,1439,1440,1441,
447;0;9334;9418;0;32,38,132,134,138,140,148,186,197,252,263,266,315,316,317,318,320,325,327,332,335,336,341,345,352,368,382,383,384,420,428,448,456,496,501,546,554,599,617,704,705,706,707,708,709,710,711,712,713,714,715,716,717,718,719,720,721,722,723,724,725,726,727,728,729,931,1218,1219,1220,1221,1222,1223,1224,1225,1226,1458,1459,1460,1461,1462,
245;0;9418;9478;0;32,38,132,134,138,140,148,186,197,252,263,266,315,316,317,318,320,325,327,332,335,336,341,345,352,368,382,383,384,420,428,448,456,496,501,546,554,599,617,704,705,706,707,708,709,710,711,712,713,714,715,716,717,718,719,720,721,722,723,724,725,726,727,728,729,931,1218,1219,1220,1221,1222,1223,1224,1225,1226,1458,1459,1460,1461,1462,
386;0;9478;9584;1;32,38,132,134,138,140,148,186,197,252,263,266,315,316,317,318,320,325,327,332,335,336,341,345,352,368,382,383,384,420,428,448,456,496,501,546,554,599,617,704,705,706,707,708,709,710,711,712,713,714,715,716,717,718,719,720,721,722,723,724,725,726,727,728,729,931,1218,1219,1220,1221,1222,1223,1224,1225,1226,1458,1459,1460,1461,1462,
386;1;9584;9740;1;32,38,132,134,138,140,148,186,197,252,263,266,315,316,317,318,320,325,327,332,335,336,341,345,352,368,382,383,384,420,428,448,456,496,501,546,554,599,617,704,705,706,707,708,709,710,711,712,713,714,715,716,717,718,719,720,721,722,723,724,725,726,727,728,729,931,1218,1219,1220,1221,1222,1223,1224,1225,1226,1458,1459,1460,1461,1462,
69;0;9740;9755;1;32,38,132,134,138,140,148,186,197,252,263,266,315,316,317,318,320,325,327,332,335,336,341,345,352,368,382,383,384,420,428,448,456,496,501,546,554,599,617,704,705,706,707,708,709,710,711,712,713,714,715,716,717,718,719,720,721,722,723,724,725,726,727,728,729,931,1218,1219,1220,1221,1222,1223,1224,1225,1226,1458,1459,1460,1461,1462,
69;1;9755;9788;1;32,38,132,134,138,140,148,186,197,252,263,266,315,316,317,318,320,325,327,332,335,336,341,345,352,368,382,383,384,420,428,448,456,496,501,546,554,599,617,704,705,706,707,708,709,710,711,712,713,714,715,716,717,718,719,720,721,722,723,724,725,726,727,728,729,931,1218,1219,1220,1221,1222,1223,1224,1225,1226,1458,1459,1460,1461,1462,
37;0;9788;9838;0;32,38,132,134,138,140,148,186,197,252,263,266,315,316,317,318,320,325,327,332,335,336,341,345,352,368,382,383,384,420,428,448,456,496,501,546,554,599,617,704,705,706,707,708,709,710,711,712,713,714,715,716,717,718,719,720,721,722,723,724,725,726,727,728,729,931,1218,1219,1220,1221,1222,1223,1224,1225,1226,1458,1459,1460,1461,1462,
161;0;9838;9915;1;32,38,132,134,138,140,148,186,197,252,263,266,315,316,317,318,320,325,327,332,335,336,341,345,352,368,382,383,384,420,428,448,456,496,501,546,554,599,617,704,705,706,707,708,709,710,711,712,713,714,715,716,717,718,719,720,721,722,723,724,725,726,727,728,729,931,1218,1219,1220,1221,1222,1223,1224,1225,1226,1458,1459,1460,1461,1462,
161;1;9915;9999;1;32,38,132,134,138,140,148,186,197,252,263,266,315,316,317,318,320,325,327,332,335,336,341,345,352,368,382,383,384,420,428,448,456,496,501,546,554,599,617,704,705,706,707,708,709,710,711,712,713,714,715,716,717,718,719,720,721,722,723,724,725,726,727,728,729,931,1218,1219,1220,1221,1222,1223,1224,1225,1226,1458,1459,1460,1461,1462,
413;0;9999;10038;0;32,38,132,134,138,140,148,186,197,252,263,266,315,316,317,318,320,325,327,332,335,336,341,345,352,368,382,383,384,420,428,448,456,496,501,546,554,599,617,704,705,706,707,708,709,710,711,712,713,714,715,716,717,718,719,720,721,722,723,724,725,726,727,728,729,931,1218,1219,1220,1221,1222,1223,1224,1225,1226,1458,1459,1460,1461,1462,
413;1;10038;10071;0;32,38,132,134,138,140,148,186,197,252,263,266,315,316,317,318,320,325,327,332,335,336,341,345,352,368,382,383,384,420,428,448,456,496,501,546,554,599,617,704,705,706,707,708,709,710,711,712,713,714,715,716,717,718,719,720,721,722,723,724,725,726,727,728,729,931,1218,1219,1220,1221,1222,1223,1224,1225,1226,1458,1459,1460,1461,1462,
Machine: 2
201;0;0;68;1;0,2,3,5,32,128,132,135,136,138,140,252,253,254,255,256,257,258,259,260,261,262,263,264,265,266,267,268,269,310,311,312,313,314,315,316,317,318,319,320,321,322,323,324,325,326,327,328,329,330,331,332,333,346,347,382,404,412,498,506,518,519,520,521,522,523,524,525,526,527,528,627,660,661,677,823,824,825,826,965,
201;1;68;232;1;0,2,3,5,32,128,132,135,136,138,140,252,253,254,255,256,257,258,259,260,261,262,263,264,265,266,267,268,269,310,311,312,313,314,315,316,317,318,319,320,321,322,323,324,325,326,327,328,329,330,331,332,333,346,347,382,404,412,498,506,518,519,520,521,522,523,524,525,526,527,528,627,660,661,677,823,824,825,826,965,
176;0;232;384;1;0,2,3,5,32,128,132,135,136,138,140,252,253,254,255,256,257,258,259,260,261,262,263,264,265,266,267,268,269,310,311,312,313,314,315,316,317,318,319,320,321,322,323,324,325,326,327,328,329,330,331,332,333,346,347,382,404,412,498,506,518,519,520,521,522,523,524,525,526,527,528,627,660,661,677,823,824,825,826,965,
176;1;384;481;1;0,2,3,5,32,128,132,135,136,138,140,252,253,254,255,256,257,258,259,260,261,262,263,264,265,266,267,268,269,310,311,312,313,314,315,316,317,318,319,320,321,322,323,324,325,326,327,328,329,330,331,332,333,346,347,382,404,412,498,506,518,519,520,521,522,523,524,525,526,527,528,627,660,661,677,823,824,825,826,965,
116;0;481;528;1;0,2,3,5,32,128,132,135,136,138,140,252,253,254,255,256,257,258,259,260,261,262,263,264,265,266,267,268,269,310,311,312,313,314,315,316,317,318,319,320,321,322,323,324,325,326,327,328,329,330,331,332,333,346,347,382,404,412,498,506,518,519,520,521,522,523,524,525,526,527,528,627,660,661,677,823,824,825,826,965,
116;1;528;680;1;0,2,3,5,32,128,132,135,136,138,140,252,253,254,255,256,257,258,259,260,261,262,263,264,265,266,267,268,269,310,311,312,313,314,315,316,317,318,319,320,321,322,323,324,325,326,327,328,329,330,331,332,333,346,347,382,404,412,498,506,518,519,520,521,522,523,524,525,526,527,528,627,660,661,677,823,824,825,826,965,
634;0;680;792;1;0,2,3,5,32,128,132,135,136,138,140,252,253,254,255,256,257,258,259,260,261,262,263,264,265,266,267,268,269,310,311,312,313,314,315,316,317,318,319,320,321,322,323,324,325,326,327,328,329,330,331,332,333,346,347,382,404,412,498,506,518,519,520,521,522,523,524,525,526,527,528,627,660,661,677,823,824,825,826,965,
634;1;792;956;1;0,2,3,5,32,128,132,135,136,138,140,252,253,254,255,256,257,258,259,260,261,262,263,264,265,266,267,268,269,310,311,312,313,314,315,316,317,318,319,320,321,322,323,324,325,326,327,328,329,330,331,332,333,346,347,382,404,412,498,506,518,519,520,521,522,523,524,525,526,527,528,627,660,661,677,823,824,825,826,965,
19;0;956;975;1;0,2,3,5,32,128,132,135,136,138,140,252,253,254,255,256,257,258,259,260,261,262,263,264,265,266,267,268,269,310,311,312,313,314,315,316,317,318,319,320,321,322,323,324,325,326,327,328,329,330,331,332,333,346,347,382,404,412,498,506,518,519,520,521,522,523,524,525,526,527,528,627,660,661,677,823,824,825,826,965,
19;1;975;1139;1;0,2,3,5,32,128,132,135,136,138,140,252,253,254,255,256,257,258,259,260,261,262,263,264,265,266,267,268,269,310,311,312,313,314,315,316,317,318,319,320,321,322,323,324,325,326,327,328,329,330,331,332,333,346,347,382,404,412,498,506,518,519,520,521,522,523,524,525,526,527,528,627,660,661,677,823,824,825,826,965,
29;0;1139;1319;1;0,2,3,5,32,128,132,135,136,138,140,252,253,254,255,256,257,258,259,260,261,262,263,264,265,266,267,268,269,310,311,312,313,314,315,316,317,318,319,320,321,322,323,324,325,326,327,328,329,330,331,332,333,346,347,382,404,412,498,506,518,519,520,521,522,523,524,525,526,527,528,627,660,661,677,823,824,825,826,965,
29;1;1319;1363;1;0,2,3,5,32,128,132,135,136,138,140,252,253,254,255,256,257,258,259,260,261,262,263,264,265,266,267,268,269,310,311,312,313,314,315,316,317,318,319,320,321,322,323,324,325,326,327,328,329,330,331,332,333,346,347,382,404,412,498,506,518,519,520,521,522,523,524,525,526,527,528,627,660,661,677,823,824,825,826,965,
474;0;1363;1489;1;0,2,3,5,32,128,132,135,136,138,140,252,253,254,255,256,257,258,259,260,261,262,263,264,265,266,267,268,269,310,311,312,313,314,315,316,317,318,319,320,321,322,323,324,325,326,327,328,329,330,331,332,333,346,347,382,404,412,498,506,518,519,520,521,522,523,524,525,526,527,528,627,660,661,677,823,824,825,826,965,
474;1;1489;1533;1;0,2,3,5,32,128,132,135,136,138,140,252,253,254,255,256,257,258,259,260,261,262,263,264,265,266,267,268,269,310,311,312,313,314,315,316,317,318,319,320,321,322,323,324,325,326,327,328,329,330,331,332,333,346,347,382,404,412,498,506,518,519,520,521,522,523,524,525,526,527,528,627,660,661,677,823,824,825,826,965,
446;0;1533;1645;1;0,2,3,5,32,128,132,135,136,138,140,252,253,254,255,256,257,258,259,260,261,262,263,264,265,266,267,268,269,310,311,312,313,314,315,316,317,318,319,320,321,322,323,324,325,326,327,328,329,330,331,332,333,346,347,382,404,412,498,506,518,519,520,521,522,523,524,525,526,527,528,627,660,661,677,823,824,825,826,965,
446;1;1645;1681;1;0,2,3,5,32,128,132,135,136,138,140,252,253,254,255,256,257,258,259,260,261,262,263,264,265,266,267,268,269,310,311,312,313,314,315,316,317,318,319,320,321,322,323,324,325,326,327,328,329,330,331,332,333,346,347,382,404,412,498,506,518,519,520,521,522,523,524,525,526,527,528,627,660,661,677,823,824,825,826,965,
502;0;1681;1717;0;0,2,3,5,32,128,132,135,136,138,140,252,253,254,255,256,257,258,259,260,261,262,263,264,265,266,267,268,269,310,311,312,313,314,315,316,317,318,319,320,321,322,323,324,325,326,327,328,329,330,331,332,333,346,347,382,404,412,498,506,518,519,520,521,522,523,524,525,526,527,528,627,660,661,677,823,824,825,826,965,
58;0;1717;1794;0;0,2,3,5,32,128,132,135,136,138,140,252,253,254,255,256,257,258,259,260,261,262,263,264,265,266,267,268,269,310,311,312,313,314,315,316,317,318,319,320,321,322,323,324,325,326,327,328,329,330,331,332,333,346,347,382,404,412,498,506,518,519,520,521,522,523,524,525,526,527,528,627,660,661,677,823,824,825,826,965,
58;1;1794;1871;0;0,2,3,5,32,128,132,135,136,138,140,252,253,254,255,256,257,258,259,260,261,262,263,264,265,266,267,268,269,310,311,312,313,314,315,316,317,318,319,320,321,322,323,324,325,326,327,328,329,330,331,332,333,346,347,382,404,412,498,506,518,519,520,521,522,523,524,525,526,527,528,627,660,661,677,823,824,825,826,965,
148;0;1871;1885;0;0,2,3,5,32,128,132,135,136,138,140,252,253,254,255,256,257,258,259,260,261,262,263,264,265,266,267,268,269,310,311,312,313,314,315,316,317,318,319,320,321,322,323,324,325,326,327,332,346,347,382,412,498,506,518,519,520,521,522,523,524,525,526,527,528,529,530,531,532,533,534,535,536,627,677,823,824,825,826,965,
148;1;1885;1924;0;0,2,3,5,32,128,132,135,136,138,140,252,253,254,255,256,257,258,259,260,261,262,263,264,265,266,267,268,269,310,311,312,313,314,315,316,317,318,319,320,321,322,323,324,325,326,327,332,346,347,382,412,498,506,518,519,520,521,522,523,524,525,526,527,528,529,530,531,532,533,534,535,536,627,677,823,824,825,826,965,
44;0;1924;1935;1;0,2,3,5,32,128,132,135,136,138,140,252,253,254,255,256,257,258,259,260,261,262,263,264,265,266,267,268,269,310,311,312,313,314,315,316,317,318,319,320,321,322,323,324,325,326,327,332,346,347,382,412,498,506,518,519,520,521,522,523,524,525,526,527,528,529,530,531,532,533,534,535,536,627,677,823,824,825,826,965,
44;1;1935;1974;1;0,2,3,5,32,128,132,135,136,138,140,252,253,254,255,256,257,258,259,260,261,262,263,264,265,266,267,268,269,310,311,312,313,314,315,316,317,318,319,320,321,322,323,324,325,326,327,332,346,347,382,412,498,506,518,519,520,521,522,523,524,525,526,527,528,529,530,531,532,533,534,535,536,627,677,823,824,825,826,965,
536;0;1974;2131;1;0,2,3,5,32,50,51,70,81,104,128,132,135,140,228,252,253,254,255,256,257,258,259,260,261,262,263,264,265,266,267,268,269,310,316,320,327,382,400,402,412,498,527,627,677,763,823,824,825,826,880,881,882,883,884,885,886,887,888,889,890,891,892,893,894,895,896,897,949,950,951,952,953,954,955,956,957,958,959,965,
536;1;2131;2212;1;0,2,3,5,32,50,51,70,81,104,128,132,135,140,228,252,253,254,255,256,257,258,259,260,261,262,263,264,265,266,267,268,269,310,316,320,327,382,400,402,412,498,527,627,677,763,823,824,825,826,880,881,882,883,884,885,886,887,888,889,890,891,892,893,894,895,896,897,949,950,951,952,953,954,955,956,957,958,959,965,
99;0;2212;2376;1;0,2,3,5,32,50,51,70,81,104,128,132,135,140,228,252,253,254,255,256,257,258,259,260,261,262,263,264,265,266,267,268,269,310,316,320,327,382,400,402,412,498,527,627,677,763,823,824,825,826,880,881,882,883,884,885,886,887,888,889,890,891,892,893,894,895,896,897,949,950,951,952,953,954,955,956,957,958,959,965,
99;1;2376;2529;1;0,2,3,5,32,50,51,70,81,104,128,132,135,140,228,252,253,254,255,256,257,258,259,260,261,262,263,264,265,266,267,268,269,310,316,320,327,382,400,402,412,498,527,627,677,763,823,824,825,826,880,881,882,883,884,885,886,887,888,889,890,891,892,893,894,895,896,897,949,950,951,952,953,954,955,956,957,958,959,965,
674;0;2529;2682;1;0,2,3,5,32,50,51,70,81,104,128,132,135,140,228,252,253,254,255,256,257,258,259,260,261,262,263,264,265,266,267,268,269,310,316,320,327,382,400,402,412,498,527,627,677,763,823,824,825,826,880,881,882,883,884,885,886,887,888,889,890,891,892,893,894,895,896,897,949,950,951,952,953,954,955,956,957,958,959,965,
674;1;2682;2835;1;0,2,3,5,32,50,51,70,81,104,128,132,135,140,228,252,253,254,255,256,257,258,259,260,261,262,263,264,265,266,267,268,269,310,316,320,327,382,400,402,412,498,527,627,677,763,823,824,825,826,880,881,882,883,884,885,886,887,888,889,890,891,892,893,894,895,896,897,949,950,951,952,953,954,955,956,957,958,959,965,
383;0;2835;2958;0;0,2,3,5,32,50,51,70,81,104,128,132,135,140,228,252,253,254,255,256,257,258,259,260,261,262,263,264,265,266,267,268,269,310,316,320,327,382,400,402,412,498,527,627,677,763,823,824,825,826,880,881,882,883,884,885,886,887,888,889,890,891,892,893,894,895,896,897,949,950,951,952,953,954,955,956,957,958,959,965,
383;1;2958;2994;0;0,2,3,5,32,50,51,70,81,104,128,132,135,140,228,252,253,254,255,256,257,258,259,260,261,262,263,264,265,266,267,268,269,310,316,320,327,382,400,402,412,498,527,627,677,763,823,824,825,826,880,881,882,883,884,885,886,887,888,889,890,891,892,893,894,895,896,897,949,950,951,952,953,954,955,956,957,958,959,965,
726;0;2994;3046;1;0,2,3,5,32,50,51,70,81,104,128,132,135,140,228,252,253,254,255,256,257,258,259,260,261,262,263,264,265,266,267,268,269,310,316,320,327,382,400,402,412,498,527,627,677,763,823,824,825,826,880,881,882,883,884,885,886,887,888,889,890,891,892,893,894,895,896,897,949,950,951,952,953,954,955,956,957,958,959,965,
726;1;3046;3198;1;0,2,3,5,32,50,51,70,81,104,128,132,135,140,228,252,253,254,255,256,257,258,259,260,261,262,263,264,265,266,267,268,269,310,316,320,327,382,400,402,412,498,527,627,677,763,823,824,825,826,880,881,882,883,884,885,886,887,888,889,890,891,892,893,894,895,896,897,949,950,951,952,953,954,955,956,957,958,959,965,
114;0;3198;3281;1;0,2,3,5,32,50,51,70,81,104,128,132,135,140,228,252,253,254,255,256,257,258,259,260,261,262,263,264,265,266,267,268,269,310,316,320,327,382,400,402,412,498,527,627,677,763,823,824,825,826,880,881,882,883,884,885,886,887,888,889,890,891,892,893,894,895,896,897,949,950,951,952,953,954,955,956,957,958,959,965,
114;1;3281;3362;1;0,2,3,5,32,50,51,70,81,104,128,132,135,140,228,252,253,254,255,256,257,258,259,260,261,262,263,264,265,266,267,268,269,310,316,320,327,382,400,402,412,498,527,627,677,763,823,824,825,826,880,881,882,883,884,885,886,887,888,889,890,891,892,893,894,895,896,897,949,950,951,952,953,954,955,956,957,958,959,965,
299;0;3362;3391;1;0,2,3,5,32,50,51,70,81,104,128,132,135,140,228,252,253,254,255,256,257,258,259,260,261,262,263,264,265,266,267,268,269,310,316,320,327,382,400,402,412,498,527,627,677,763,823,824,825,826,880,881,882,883,884,885,886,887,888,889,890,891,892,893,894,895,896,897,949,950,951,952,953,954,955,956,957,958,959,965,
299;1;3391;3488;1;0,2,3,5,32,50,51,70,81,104,128,132,135,140,228,252,253,254,255,256,257,258,259,260,261,262,263,264,265,266,267,268,269,310,316,320,327,382,400,402,412,498,527,627,677,763,823,824,825,826,880,881,882,883,884,885,886,887,888,889,890,891,892,893,894,895,896,897,949,950,951,952,953,954,955,956,957,958,959,965,
581;0;3488;3523;1;0,1,2,5,32,44,48,50,51,54,70,71,72,81,87,105,106,112,113,114,115,116,117,118,119,120,121,149,150,151,153,156,157,194,195,196,197,198,223,224,225,226,227,228,229,252,254,261,262,264,320,327,369,370,371,382,393,402,412,436,437,438,439,440,441,442,443,444,445,446,447,498,527,627,677,777,823,824,825,826,
581;1;3523;3644;1;0,1,2,5,32,44,48,50,51,54,70,71,72,81,87,105,106,112,113,114,115,116,117,118,119,120,121,149,150,151,153,156,157,194,195,196,197,198,223,224,225,226,227,228,229,252,254,261,262,264,320,327,369,370,371,382,393,402,412,436,437,438,439,440,441,442,443,444,445,446,447,498,527,627,677,777,823,824,825,826,
394;0;3644;3683;1;0,1,2,5,32,44,48,50,51,54,70,71,72,81,87,105,106,112,113,114,115,116,117,118,119,120,121,149,150,151,153,156,157,194,195,196,197,198,223,224,225,226,227,228,229,252,254,261,262,264,320,327,369,370,371,382,393,402,412,436,437,438,439,440,441,442,443,444,445,446,447,498,527,627,677,777,823,824,825,826,
394;1;3683;3782;1;0,1,2,5,32,44,48,50,51,54,70,71,72,81,87,105,106,112,113,114,115,116,117,118,119,120,121,149,150,151,153,156,157,194,195,196,197,198,223,224,225,226,227,228,229,252,254,261,262,264,320,327,369,370,371,382,393,402,412,436,437,438,439,440,441,442,443,444,445,446,447,498,527,627,677,777,823,824,825,826,
701;0;3782;3888;1;0,1,2,5,32,44,48,50,51,54,70,71,72,81,87,105,106,112,113,114,115,116,117,118,119,120,121,149,150,151,153,156,157,194,195,196,197,198,223,224,225,226,227,228,229,252,254,261,262,264,320,327,369,370,371,382,393,402,412,436,437,438,439,440,441,442,443,444,445,446,447,498,527,627,677,777,823,824,825,826,
701;1;3888;3918;1;0,1,2,5,32,44,48,50,51,54,70,71,72,81,87,105,106,112,113,114,115,116,117,118,119,120,121,149,150,151,153,156,157,194,195,196,197,198,223,224,225,226,227,228,229,252,254,261,262,264,320,327,369,370,371,382,393,402,412,436,437,438,439,440,441,442,443,444,445,446,447,498,527,627,677,777,823,824,825,826,
349;0;3918;4047;1;0,1,2,5,32,44,48,50,51,54,70,71,72,81,87,105,106,112,113,114,115,116,117,118,119,120,121,149,150,151,153,156,157,194,195,196,197,198,223,224,225,226,227,228,229,252,254,261,262,264,320,327,369,370,371,382,393,402,412,436,437,438,439,440,441,442,443,444,445,446,447,498,527,627,677,777,823,824,825,826,
349;1;4047;4156;1;0,1,2,5,32,44,48,50,51,54,70,71,72,81,87,105,106,112,113,114,115,116,117,118,119,120,121,149,150,151,153,156,157,194,195,196,197,198,223,224,225,226,227,228,229,252,254,261,262,264,320,327,369,370,371,382,393,402,412,436,437,438,439,440,441,442,443,444,445,446,447,498,527,627,677,777,823,824,825,826,
691;0;4156;4253;1;0,1,2,5,32,44,48,50,51,54,70,71,72,81,87,105,106,112,113,114,115,116,117,118,119,120,121,149,150,151,153,156,157,194,195,196,197,198,223,224,225,226,227,228,229,252,254,261,262,264,320,327,369,370,371,382,393,402,412,436,437,438,439,440,441,442,443,444,445,446,447,498,527,627,677,777,823,824,825,826,
691;1;4253;4352;1;0,1,2,5,32,44,48,50,51,54,70,71,72,81,87,105,106,112,113,114,115,116,117,118,119,120,121,149,150,151,153,156,157,194,195,196,197,198,223,224,225,226,227,228,229,252,254,261,262,264,320,327,369,370,371,382,393,402,412,436,437,438,439,440,441,442,443,444,445,446,447,498,527,627,677,777,823,824,825,826,
274;0;4352;4381;1;0,1,2,5,32,44,48,50,51,54,70,71,72,81,87,105,106,112,113,114,115,116,117,118,119,120,121,149,150,151,153,156,157,194,195,196,197,198,223,224,225,226,227,228,229,252,254,261,262,264,320,327,369,370,371,382,393,402,412,436,437,438,439,440,441,442,443,444,445,446,447,498,527,627,677,777,823,824,825,826,
274;1;4381;4480;1;0,1,2,5,32,44,48,50,51,54,70,71,72,81,87,105,106,112,113,114,115,116,117,118,119,120,121,149,150,151,153,156,157,194,195,196,197,198,223,224,225,226,227,228,229,252,254,261,262,264,320,327,369,370,371,382,393,402,412,436,437,438,439,440,441,442,443,444,445,446,447,498,527,627,677,777,823,824,825,826,
135;0;4480;4516;0;0,1,2,5,32,44,48,50,51,54,70,71,72,81,87,105,106,112,113,114,115,116,117,118,119,120,121,149,150,151,153,156,157,194,195,196,197,198,223,224,225,226,227,228,229,252,254,261,262,264,320,327,369,370,371,382,393,402,412,436,437,438,439,440,441,442,443,444,445,446,447,498,527,627,677,777,823,824,825,826,
436;0;4516;4668;1;0,1,2,5,32,44,48,50,51,54,70,71,72,81,87,105,106,112,113,114,115,116,117,118,119,120,121,149,150,151,153,156,157,194,195,196,197,198,223,224,225,226,227,228,229,252,254,261,262,264,320,327,369,370,371,382,393,402,412,436,437,438,439,440,441,442,443,444,445,446,447,498,527,627,677,777,823,824,825,826,
436;1;4668;4704;1;0,1,2,5,32,44,48,50,51,54,70,71,72,81,87,105,106,112,113,114,115,116,117,118,119,120,121,149,150,151,153,156,157,194,195,196,197,198,223,224,225,226,227,228,229,252,254,261,262,264,320,327,369,370,371,382,393,402,412,436,437,438,439,440,441,442,443,444,445,446,447,498,527,627,677,777,823,824,825,826,
36;0;4704;4743;1;0,1,2,5,32,44,48,50,51,54,70,71,72,81,87,105,106,112,113,114,115,116,117,118,119,120,121,149,150,151,153,156,157,194,195,196,197,198,223,224,225,226,227,228,229,252,254,261,262,264,320,327,369,370,371,382,393,402,412,436,437,438,439,440,441,442,443,444,445,446,447,498,527,627,677,777,823,824,825,826,
36;1;4743;4842;1;0,1,2,5,32,44,48,50,51,54,70,71,72,81,87,105,106,112,113,114,115,116,117,118,119,120,121,149,150,151,153,156,157,194,195,196,197,198,223,224,225,226,227,228,229,252,254,261,262,264,320,327,369,370,371,382,393,402,412,436,437,438,439,440,441,442,443,444,445,446,447,498,527,627,677,777,823,824,825,826,
159;0;4842;4846;1;0,1,2,5,32,44,48,50,51,54,70,71,72,81,87,105,106,112,113,114,115,116,117,118,119,120,121,149,150,151,153,156,157,194,195,196,197,198,223,224,225,226,227,228,229,252,254,261,262,264,320,327,369,370,371,382,393,402,412,436,437,438,439,440,441,442,443,444,445,446,447,498,527,627,677,777,823,824,825,826,
159;1;4846;4945;1;0,1,2,5,32,44,48,50,51,54,70,71,72,81,87,105,106,112,113,114,115,116,117,118,119,120,121,149,150,151,153,156,157,194,195,196,197,198,223,224,225,226,227,228,229,252,254,261,262,264,320,327,369,370,371,382,393,402,412,436,437,438,439,440,441,442,443,444,445,446,447,498,527,627,677,777,823,824,825,826,
51;0;4945;5025;1;17,25,32,42,44,48,50,51,54,61,70,71,72,81,87,105,106,148,149,150,151,153,155,173,182,183,194,195,196,197,198,199,200,201,202,203,204,205,206,207,208,209,210,211,212,213,214,215,216,217,218,219,220,221,222,224,229,254,262,264,304,327,366,382,393,403,412,438,442,443,445,446,447,498,527,543,1166,1167,1168,1169,
51;1;5025;5162;1;17,25,32,42,44,48,50,51,54,61,70,71,72,81,87,105,106,148,149,150,151,153,155,173,182,183,194,195,196,197,198,199,200,201,202,203,204,205,206,207,208,209,210,211,212,213,214,215,216,217,218,219,220,221,222,224,229,254,262,264,304,327,366,382,393,403,412,438,442,443,445,446,447,498,527,543,1166,1167,1168,1169,
139;0;5162;5249;1;17,25,32,42,44,48,50,51,54,61,70,71,72,81,87,105,106,148,149,150,151,153,155,173,182,183,194,195,196,197,198,199,200,201,202,203,204,205,206,207,208,209,210,211,212,213,214,215,216,217,218,219,220,221,222,224,229,254,262,264,304,327,366,382,393,403,412,438,442,443,445,446,447,498,527,543,1166,1167,1168,1169,
139;1;5249;5429;1;17,25,32,42,44,48,50,51,54,61,70,71,72,81,87,105,106,148,149,150,151,153,155,173,182,183,194,195,196,197,198,199,200,201,202,203,204,205,206,207,208,209,210,211,212,213,214,215,216,217,218,219,220,221,222,224,229,254,262,264,304,327,366,382,393,403,412,438,442,443,445,446,447,498,527,543,1166,1167,1168,1169,
416;0;5429;5578;1;17,25,32,42,44,48,50,51,54,61,70,71,72,81,87,105,106,148,149,150,151,153,155,173,182,183,194,195,196,197,198,199,200,201,202,203,204,205,206,207,208,209,210,211,212,213,214,215,216,217,218,219,220,221,222,224,229,254,262,264,304,327,366,382,393,403,412,438,442,443,445,446,447,498,527,543,1166,1167,1168,1169,
416;1;5578;5728;1;17,25,32,42,44,48,50,51,54,61,70,71,72,81,87,105,106,148,149,150,151,153,155,173,182,183,194,195,196,197,198,199,200,201,202,203,204,205,206,207,208,209,210,211,212,213,214,215,216,217,218,219,220,221,222,224,229,254,262,264,304,327,366,382,393,403,412,438,442,443,445,446,447,498,527,543,1166,1167,1168,1169,
284;0;5728;5753;1;17,25,32,42,44,48,50,51,54,61,70,71,72,81,87,105,106,148,149,150,151,153,155,173,182,183,194,195,196,197,198,199,200,201,202,203,204,205,206,207,208,209,210,211,212,213,214,215,216,217,218,219,220,221,222,224,229,254,262,264,304,327,366,382,393,403,412,438,442,443,445,446,447,498,527,543,1166,1167,1168,1169,
284;1;5753;5933;1;17,25,32,42,44,48,50,51,54,61,70,71,72,81,87,105,106,148,149,150,151,153,155,173,182,183,194,195,196,197,198,199,200,201,202,203,204,205,206,207,208,209,210,211,212,213,214,215,216,217,218,219,220,221,222,224,229,254,262,264,304,327,366,382,393,403,412,438,442,443,445,446,447,498,527,543,1166,1167,1168,1169,
529;0;5933;6050;1;17,25,32,42,44,48,50,51,54,61,70,71,72,81,87,105,106,148,149,150,151,153,155,173,182,183,194,195,196,197,198,199,200,201,202,203,204,205,206,207,208,209,210,211,212,213,214,215,216,217,218,219,220,221,222,224,229,254,262,264,304,327,366,382,393,403,412,438,442,443,445,446,447,498,527,543,1166,1167,1168,1169,
529;1;6050;6200;1;17,25,32,42,44,48,50,51,54,61,70,71,72,81,87,105,106,148,149,150,151,153,155,173,182,183,194,195,196,197,198,199,200,201,202,203,204,205,206,207,208,209,210,211,212,213,214,215,216,217,218,219,220,221,222,224,229,254,262,264,304,327,366,382,393,403,412,438,442,443,445,446,447,498,527,543,1166,1167,1168,1169,
504;0;6200;6274;1;17,25,32,42,44,48,50,51,54,61,70,71,72,81,87,105,106,148,149,150,151,153,155,173,182,183,194,195,196,197,198,199,200,201,202,203,204,205,206,207,208,209,210,211,212,213,214,215,216,217,218,219,220,221,222,224,229,254,262,264,304,327,366,382,393,403,412,438,442,443,445,446,447,498,527,543,1166,1167,1168,1169,
504;1;6274;6454;1;17,25,32,42,44,48,50,51,54,61,70,71,72,81,87,105,106,148,149,150,151,153,155,173,182,183,194,195,196,197,198,199,200,201,202,203,204,205,206,207,208,209,210,211,212,213,214,215,216,217,218,219,220,221,222,224,229,254,262,264,304,327,366,382,393,403,412,438,442,443,445,446,447,498,527,543,1166,1167,1168,1169,
352;0;6454;6458;0;17,25,32,42,44,48,50,51,54,61,70,71,72,81,87,105,106,126,134,148,149,150,151,153,155,173,182,183,186,194,195,196,197,198,199,200,201,202,203,204,205,206,217,224,229,254,262,264,304,327,335,339,341,345,366,382,393,403,412,421,422,426,427,428,429,430,431,432,433,434,435,438,442,443,445,446,447,498,527,543,
156;0;6458;6622;1;25,32,42,44,45,46,47,48,49,50,51,52,53,54,55,56,57,58,59,60,61,62,63,65,70,71,72,79,81,83,84,85,86,87,88,89,90,91,92,105,106,150,151,155,176,194,196,197,198,224,229,264,327,366,382,393,412,421,438,442,445,447,498,517,527,543,627,646,649,677,823,824,825,826,1125,1146,1147,1148,1149,1508,
156;1;6622;6794;1;25,32,42,44,45,46,47,48,49,50,51,52,53,54,55,56,57,58,59,60,61,62,63,65,70,71,72,79,81,83,84,85,86,87,88,89,90,91,92,105,106,150,151,155,176,194,196,197,198,224,229,264,327,366,382,393,412,421,438,442,445,447,498,517,527,543,627,646,649,677,823,824,825,826,1125,1146,1147,1148,1149,1508,
191;0;6794;6850;1;25,32,42,44,45,46,47,48,49,50,51,52,53,54,55,56,57,58,59,60,61,62,63,65,70,71,72,79,81,83,84,85,86,87,88,89,90,91,92,105,106,150,151,155,176,194,196,197,198,224,229,264,327,366,382,393,412,421,438,442,445,447,498,517,527,543,627,646,649,677,823,824,825,826,1125,1146,1147,1148,1149,1508,
191;1;6850;6993;1;25,32,42,44,45,46,47,48,49,50,51,52,53,54,55,56,57,58,59,60,61,62,63,65,70,71,72,79,81,83,84,85,86,87,88,89,90,91,92,105,106,150,151,155,176,194,196,197,198,224,229,264,327,366,382,393,412,421,438,442,445,447,498,517,527,543,627,646,649,677,823,824,825,826,1125,1146,1147,1148,1149,1508,
163;0;6993;7030;0;25,32,42,44,45,46,47,48,49,50,51,52,53,54,55,56,57,58,59,60,61,62,63,65,70,71,72,79,81,83,84,85,86,87,88,89,90,91,92,105,106,150,151,155,176,194,196,197,198,224,229,264,327,366,382,393,412,421,438,442,445,447,498,517,527,543,627,646,649,677,823,824,825,826,1125,1146,1147,1148,1149,1508,
163;1;7030;7096;0;25,32,42,44,45,46,47,48,49,50,51,52,53,54,55,56,57,58,59,60,61,62,63,65,70,71,72,79,81,83,84,85,86,87,88,89,90,91,92,105,106,150,151,155,176,194,196,197,198,224,229,264,327,366,382,393,412,421,438,442,445,447,498,517,527,543,627,646,649,677,823,824,825,826,1125,1146,1147,1148,1149,1508,
592;0;7096;7132;0;25,32,42,44,45,46,47,48,49,50,51,52,53,54,55,56,57,58,59,60,61,62,63,65,70,71,72,79,81,83,84,85,86,87,88,89,90,91,92,105,106,150,151,155,176,194,196,197,198,224,229,264,327,366,382,393,412,421,438,442,445,447,498,517,527,543,627,646,649,677,823,824,825,826,1125,1146,1147,1148,1149,1508,
376;0;7132;7241;1;25,32,42,44,45,46,47,48,49,50,51,52,53,54,55,56,57,58,59,60,61,62,63,65,70,71,72,79,81,83,84,85,86,87,88,89,90,91,92,105,106,150,151,155,176,194,196,197,198,224,229,264,327,366,382,393,412,421,438,442,445,447,498,517,527,543,627,646,649,677,823,824,825,826,1125,1146,1147,1148,1149,1508,
376;1;7241;7307;1;25,32,42,44,45,46,47,48,49,50,51,52,53,54,55,56,57,58,59,60,61,62,63,65,70,71,72,79,81,83,84,85,86,87,88,89,90,91,92,105,106,150,151,155,176,194,196,197,198,224,229,264,327,366,382,393,412,421,438,442,445,447,498,517,527,543,627,646,649,677,823,824,825,826,1125,1146,1147,1148,1149,1508,
744;0;7307;7341;1;25,32,42,44,45,46,47,48,49,50,51,52,53,54,55,56,57,58,59,60,61,62,63,65,70,71,72,79,81,83,84,85,86,87,88,89,90,91,92,105,106,150,151,155,176,194,196,197,198,224,229,264,327,366,382,393,412,421,438,442,445,447,498,517,527,543,627,646,649,677,823,824,825,826,1125,1146,1147,1148,1149,1508,
744;1;7341;7428;1;25,32,42,44,45,46,47,48,49,50,51,52,53,54,55,56,57,58,59,60,61,62,63,65,70,71,72,79,81,83,84,85,86,87,88,89,90,91,92,105,106,150,151,155,176,194,196,197,198,224,229,264,327,366,382,393,412,421,438,442,445,447,498,517,527,543,627,646,649,677,823,824,825,826,1125,1146,1147,1148,1149,1508,
551;0;7428;7565;1;25,32,42,44,45,46,47,48,50,51,53,54,58,59,63,70,71,72,79,81,87,90,91,92,105,106,150,151,155,176,194,196,197,198,224,226,229,264,327,366,382,393,412,421,437,438,442,444,445,447,517,527,543,627,646,649,871,991,1141,1182,1183,1184,1185,1186,1187,1188,1189,1190,1191,1192,1193,1194,1195,1196,1197,1198,1199,1200,1201,1202,
551;1;7565;7622;1;25,32,42,44,45,46,47,48,50,51,53,54,58,59,63,70,71,72,79,81,87,90,91,92,105,106,150,151,155,176,194,196,197,198,224,226,229,264,327,366,382,393,412,421,437,438,442,444,445,447,517,527,543,627,646,649,871,991,1141,1182,1183,1184,1185,1186,1187,1188,1189,1190,1191,1192,1193,1194,1195,1196,1197,1198,1199,1200,1201,1202,
339;0;7622;7702;1;25,32,42,44,45,46,47,48,50,51,53,54,58,59,63,70,71,72,79,81,87,90,91,92,105,106,150,151,155,176,194,196,197,198,224,226,229,264,327,366,382,393,412,421,437,438,442,444,445,447,517,527,543,627,646,649,871,991,1141,1182,1183,1184,1185,1186,1187,1188,1189,1190,1191,1192,1193,1194,1195,1196,1197,1198,1199,1200,1201,1202,
339;1;7702;7759;1;25,32,42,44,45,46,47,48,50,51,53,54,58,59,63,70,71,72,79,81,87,90,91,92,105,106,150,151,155,176,194,196,197,198,224,226,229,264,327,366,382,393,412,421,437,438,442,444,445,447,517,527,543,627,646,649,871,991,1141,1182,1183,1184,1185,1186,1187,1188,1189,1190,1191,1192,1193,1194,1195,1196,1197,1198,1199,1200,1201,1202,
484;0;7759;7934;1;25,34,44,45,54,70,71,72,78,87,105,112,113,114,115,116,117,118,119,120,121,176,196,230,261,277,327,366,378,379,380,381,388,390,392,393,395,396,421,423,424,425,478,527,537,538,543,545,636,829,960,961,991,993,994,995,996,997,998,999,1000,1001,1003,1137,1145,1170,1171,1172,1173,1174,1175,1176,1177,1178,1190,1191,1200,1231,1232,1233,
484;1;7934;8086;1;25,34,44,45,54,70,71,72,78,87,105,112,113,114,115,116,117,118,119,120,121,176,196,230,261,277,327,366,378,379,380,381,388,390,392,393,395,396,421,423,424,425,478,527,537,538,543,545,636,829,960,961,991,993,994,995,996,997,998,999,1000,1001,1003,1137,1145,1170,1171,1172,1173,1174,1175,1176,1177,1178,1190,1191,1200,1231,1232,1233,
576;0;8086;8184;1;25,34,44,45,54,70,71,72,78,87,105,112,113,114,115,116,117,118,119,120,121,176,196,230,261,277,327,366,378,379,380,381,388,390,392,393,395,396,421,423,424,425,478,527,537,538,543,545,636,829,960,961,991,993,994,995,996,997,998,999,1000,1001,1003,1137,1145,1170,1171,1172,1173,1174,1175,1176,1177,1178,1190,1191,1200,1231,1232,1233,
576;1;8184;8214;1;25,34,44,45,54,70,71,72,78,87,105,112,113,114,115,116,117,118,119,120,121,176,196,230,261,277,327,366,378,379,380,381,388,390,392,393,395,396,421,423,424,425,478,527,537,538,543,545,636,829,960,961,991,993,994,995,996,997,998,999,1000,1001,1003,1137,1145,1170,1171,1172,1173,1174,1175,1176,1177,1178,1190,1191,1200,1231,1232,1233,
389;0;8214;8378;1;25,34,44,45,54,70,71,72,78,87,105,112,113,114,115,116,117,118,119,120,121,176,196,230,261,277,327,366,378,379,380,381,388,390,392,393,395,396,421,423,424,425,478,527,537,538,543,545,636,829,960,961,991,993,994,995,996,997,998,999,1000,1001,1003,1137,1145,1170,1171,1172,1173,1174,1175,1176,1177,1178,1190,1191,1200,1231,1232,1233,
389;1;8378;8399;1;25,34,44,45,54,70,71,72,78,87,105,112,113,114,115,116,117,118,119,120,121,176,196,230,261,277,327,366,378,379,380,381,388,390,392,393,395,396,421,423,424,425,478,527,537,538,543,545,636,829,960,961,991,993,994,995,996,997,998,999,1000,1001,1003,1137,1145,1170,1171,1172,1173,1174,1175,1176,1177,1178,1190,1191,1200,1231,1232,1233,
76;0;8399;8512;1;25,34,44,45,54,70,71,72,78,87,105,112,113,114,115,116,117,118,119,120,121,176,196,230,261,277,327,366,378,379,380,381,388,390,392,393,395,396,421,423,424,425,478,527,537,538,543,545,636,829,960,961,991,993,994,995,996,997,998,999,1000,1001,1003,1137,1145,1170,1171,1172,1173,1174,1175,1176,1177,1178,1190,1191,1200,1231,1232,1233,
76;1;8512;8648;1;25,34,44,45,54,70,71,72,78,87,105,112,113,114,115,116,117,118,119,120,121,176,196,230,261,277,327,366,378,379,380,381,388,390,392,393,395,396,421,423,424,425,478,527,537,538,543,545,636,829,960,961,991,993,994,995,996,997,998,999,1000,1001,1003,1137,1145,1170,1171,1172,1173,1174,1175,1176,1177,1178,1190,1191,1200,1231,1232,1233,
34;0;8648;8701;1;25,34,44,45,54,70,71,72,78,87,105,112,113,114,115,116,117,118,119,120,121,176,196,230,261,277,327,366,378,379,380,381,388,390,392,393,395,396,421,423,424,425,478,527,537,538,543,545,636,829,960,961,991,993,994,995,996,997,998,999,1000,1001,1003,1137,1145,1170,1171,1172,1173,1174,1175,1176,1177,1178,1190,1191,1200,1231,1232,1233,
34;1;8701;8750;1;25,34,44,45,54,70,71,72,78,87,105,112,113,114,115,116,117,118,119,120,121,176,196,230,261,277,327,366,378,379,380,381,388,390,392,393,395,396,421,423,424,425,478,527,537,538,543,545,636,829,960,961,991,993,994,995,996,997,998,999,1000,1001,1003,1137,1145,1170,1171,1172,1173,1174,1175,1176,1177,1178,1190,1191,1200,1231,1232,1233,
126;0;8750;8902;1;25,34,44,45,54,70,71,72,78,87,105,112,113,114,115,116,117,118,119,120,121,176,196,230,261,277,327,366,378,379,380,381,388,390,392,393,395,396,421,423,424,425,478,527,537,538,543,545,636,829,960,961,991,993,994,995,996,997,998,999,1000,1001,1003,1137,1145,1170,1171,1172,1173,1174,1175,1176,1177,1178,1190,1191,1200,1231,1232,1233,
126;1;8902;8936;1;25,34,44,45,54,70,71,72,78,87,105,112,113,114,115,116,117,118,119,120,121,176,196,230,261,277,327,366,378,379,380,381,388,390,392,393,395,396,421,423,424,425,478,527,537,538,543,545,636,829,960,961,991,993,994,995,996,997,998,999,1000,1001,1003,1137,1145,1170,1171,1172,1173,1174,1175,1176,1177,1178,1190,1191,1200,1231,1232,1233,
509;0;8936;8977;1;25,34,44,45,54,70,71,72,78,87,105,112,113,114,115,116,117,118,119,120,121,176,196,230,261,277,327,366,378,379,380,381,388,390,392,393,395,396,421,423,424,425,478,527,537,538,543,545,636,829,960,961,991,993,994,995,996,997,998,999,1000,1001,1003,1137,1145,1170,1171,1172,1173,1174,1175,1176,1177,1178,1190,1191,1200,1231,1232,1233,
509;1;8977;9075;1;25,34,44,45,54,70,71,72,78,87,105,112,113,114,115,116,117,118,119,120,121,176,196,230,261,277,327,366,378,379,380,381,388,390,392,393,395,396,421,423,424,425,478,527,537,538,543,545,636,829,960,961,991,993,994,995,996,997,998,999,1000,1001,1003,1137,1145,1170,1171,1172,1173,1174,1175,1176,1177,1178,1190,1191,1200,1231,1232,1233,
489;0;9075;9170;1;25,34,44,45,54,70,71,72,78,87,105,112,113,114,115,116,117,118,119,120,121,176,196,230,261,277,327,366,378,379,380,381,388,390,392,393,395,396,421,423,424,425,478,527,537,538,543,545,636,829,960,961,991,993,994,995,996,997,998,999,1000,1001,1003,1137,1145,1170,1171,1172,1173,1174,1175,1176,1177,1178,1190,1191,1200,1231,1232,1233,
489;1;9170;9182;1;25,34,44,45,54,70,71,72,78,87,105,112,113,114,115,116,117,118,119,120,121,176,196,230,261,277,327,366,378,379,380,381,388,390,392,393,395,396,421,423,424,425,478,527,537,538,543,545,636,829,960,961,991,993,994,995,996,997,998,999,1000,1001,1003,1137,1145,1170,1171,1172,1173,1174,1175,1176,1177,1178,1190,1191,1200,1231,1232,1233,
633;0;9182;9218;0;25,34,44,45,54,70,71,72,78,87,105,112,113,114,115,116,117,118,119,120,121,176,196,230,261,277,327,366,378,379,380,381,388,390,392,393,395,396,421,423,424,425,478,527,537,538,543,545,636,829,960,961,991,993,994,995,996,997,998,999,1000,1001,1003,1137,1145,1170,1171,1172,1173,1174,1175,1176,1177,1178,1190,1191,1200,1231,1232,1233,
633;1;9218;9252;0;25,34,44,45,54,70,71,72,78,87,105,112,113,114,115,116,117,118,119,120,121,176,196,230,261,277,327,366,378,379,380,381,388,390,392,393,395,396,421,423,424,425,478,527,537,538,543,545,636,829,960,961,991,993,994,995,996,997,998,999,1000,1001,1003,1137,1145,1170,1171,1172,1173,1174,1175,1176,1177,1178,1190,1191,1200,1231,1232,1233,
521;0;9252;9285;1;0,2,3,4,25,34,45,67,70,72,105,125,127,129,133,156,176,187,196,252,261,270,276,277,320,327,366,379,388,390,393,415,421,449,478,505,527,537,538,543,545,601,621,622,636,722,796,829,960,961,991,993,994,995,996,997,998,999,1000,1001,1155,1156,1157,1158,1159,1165,1191,1200,1203,1442,1443,1444,1445,1446,1447,1448,1449,1450,1451,1452,
521;1;9285;9373;1;0,2,3,4,25,34,45,67,70,72,105,125,127,129,133,156,176,187,196,252,261,270,276,277,320,327,366,379,388,390,393,415,421,449,478,505,527,537,538,543,545,601,621,622,636,722,796,829,960,961,991,993,994,995,996,997,998,999,1000,1001,1155,1156,1157,1158,1159,1165,1191,1200,1203,1442,1443,1444,1445,1446,1447,1448,1449,1450,1451,1452,
714;0;9373;9512;1;0,2,3,4,25,34,45,67,70,72,105,125,127,129,133,156,176,187,196,252,261,270,276,277,320,327,366,379,388,390,393,415,421,449,478,505,527,537,538,543,545,601,621,622,636,722,796,829,960,961,991,993,994,995,996,997,998,999,1000,1001,1155,1156,1157,1158,1159,1165,1191,1200,1203,1442,1443,1444,1445,1446,1447,1448,1449,1450,1451,1452,
714;1;9512;9600;1;0,2,3,4,25,34,45,67,70,72,105,125,127,129,133,156,176,187,196,252,261,270,276,277,320,327,366,379,388,390,393,415,421,449,478,505,527,537,538,543,545,601,621,622,636,722,796,829,960,961,991,993,994,995,996,997,998,999,1000,1001,1155,1156,1157,1158,1159,1165,1191,1200,1203,1442,1443,1444,1445,1446,1447,1448,1449,1450,1451,1452,
330;0;9600;9636;0;0,2,3,4,25,34,45,67,70,72,105,125,127,129,133,156,176,187,196,252,261,270,276,277,320,327,366,379,388,390,393,415,421,449,478,505,527,537,538,543,545,601,621,622,636,722,796,829,960,961,991,993,994,995,996,997,998,999,1000,1001,1155,1156,1157,1158,1159,1165,1191,1200,1203,1442,1443,1444,1445,1446,1447,1448,1449,1450,1451,1452,
229;0;9636;9702;1;0,2,3,4,25,34,45,67,70,72,105,125,127,129,133,156,176,187,196,252,261,270,276,277,320,327,366,379,388,390,393,415,421,449,478,505,527,537,538,543,545,601,621,622,636,722,796,829,960,961,991,993,994,995,996,997,998,999,1000,1001,1155,1156,1157,1158,1159,1165,1191,1200,1203,1442,1443,1444,1445,1446,1447,1448,1449,1450,1451,1452,
229;1;9702;9857;1;0,2,3,4,25,34,45,67,70,72,105,125,127,129,133,156,176,187,196,252,261,270,276,277,320,327,366,379,388,390,393,415,421,449,478,505,527,537,538,543,545,601,621,622,636,722,796,829,960,961,991,993,994,995,996,997,998,999,1000,1001,1155,1156,1157,1158,1159,1165,1191,1200,1203,1442,1443,1444,1445,1446,1447,1448,1449,1450,1451,1452,
356;0;9857;9955;1;0,2,3,4,25,34,45,67,70,72,105,125,127,129,133,156,176,187,196,252,261,270,276,277,320,327,366,379,388,390,393,415,421,449,478,505,527,537,538,543,545,601,621,622,636,722,796,829,960,961,991,993,994,995,996,997,998,999,1000,1001,1155,1156,1157,1158,1159,1165,1191,1200,1203,1442,1443,1444,1445,1446,1447,1448,1449,1450,1451,1452,
356;1;9955;10043;1;0,2,3,4,25,34,45,67,70,72,105,125,127,129,133,156,176,187,196,252,261,270,276,277,320,327,366,379,388,390,393,415,421,449,478,505,527,537,538,543,545,601,621,622,636,722,796,829,960,961,991,993,994,995,996,997,998,999,1000,1001,1155,1156,1157,1158,1159,1165,1191,1200,1203,1442,1443,1444,1445,1446,1447,1448,1449,1450,1451,1452,
180;0;10043;10077;0;0,2,3,4,25,34,45,67,70,72,105,125,127,129,133,156,176,187,196,252,261,270,276,277,320,327,366,379,388,390,393,415,421,449,478,505,527,537,538,543,545,601,621,622,636,722,796,829,960,961,991,993,994,995,996,997,998,999,1000,1001,1155,1156,1157,1158,1159,1165,1191,1200,1203,1442,1443,1444,1445,1446,1447,1448,1449,1450,1451,1452,
Machine: 3
318;0;0;53;0;0,1,2,3,5,7,9,32,44,54,67,70,71,72,73,74,75,76,77,78,79,80,81,82,87,94,95,96,97,98,99,100,101,102,103,104,105,106,112,113,114,115,116,117,118,119,120,121,132,138,140,148,156,186,270,271,327,335,342,346,347,366,382,383,384,403,406,428,617,660,661,728,821,1028,1029,1030,1153,1154,1165,1430,
318;1;53;137;0;0,1,2,3,5,7,9,32,44,54,67,70,71,72,73,74,75,76,77,78,79,80,81,82,87,94,95,96,97,98,99,100,101,102,103,104,105,106,112,113,114,115,116,117,118,119,120,121,132,138,140,148,156,186,270,271,327,335,342,346,347,366,382,383,384,403,406,428,617,660,661,728,821,1028,1029,1030,1153,1154,1165,1430,
534;0;137;288;1;0,1,2,3,5,7,9,32,44,54,67,70,71,72,73,74,75,76,77,78,79,80,81,82,87,94,95,96,97,98,99,100,101,102,103,104,105,106,112,113,114,115,116,117,118,119,120,121,132,138,140,148,156,186,270,271,327,335,342,346,347,366,382,383,384,403,406,428,617,660,661,728,821,1028,1029,1030,1153,1154,1165,1430,
534;1;288;318;1;0,1,2,3,5,7,9,32,44,54,67,70,71,72,73,74,75,76,77,78,79,80,81,82,87,94,95,96,97,98,99,100,101,102,103,104,105,106,112,113,114,115,116,117,118,119,120,121,132,138,140,148,156,186,270,271,327,335,342,346,347,366,382,383,384,403,406,428,617,660,661,728,821,1028,1029,1030,1153,1154,1165,1430,
524;0;318;436;1;0,1,2,3,5,7,9,32,44,54,67,70,71,72,73,74,75,76,77,78,79,80,81,82,87,94,95,96,97,98,99,100,101,102,103,104,105,106,112,113,114,115,116,117,118,119,120,121,132,138,140,148,156,186,270,271,327,335,342,346,347,366,382,383,384,403,406,428,617,660,661,728,821,1028,1029,1030,1153,1154,1165,1430,
524;1;436;513;1;0,1,2,3,5,7,9,32,44,54,67,70,71,72,73,74,75,76,77,78,79,80,81,82,87,94,95,96,97,98,99,100,101,102,103,104,105,106,112,113,114,115,116,117,118,119,120,121,132,138,140,148,156,186,270,271,327,335,342,346,347,366,382,383,384,403,406,428,617,660,661,728,821,1028,1029,1030,1153,1154,1165,1430,
316;0;513;517;1;0,1,2,3,5,7,9,32,44,54,67,70,71,72,73,74,75,76,77,78,79,80,81,82,87,94,95,96,97,98,99,100,101,102,103,104,105,106,112,113,114,115,116,117,118,119,120,121,132,138,140,148,156,186,270,271,327,335,342,346,347,366,382,383,384,403,406,428,617,660,661,728,821,1028,1029,1030,1153,1154,1165,1430,
316;1;517;638;1;0,1,2,3,5,7,9,32,44,54,67,70,71,72,73,74,75,76,77,78,79,80,81,82,87,94,95,96,97,98,99,100,101,102,103,104,105,106,112,113,114,115,116,117,118,119,120,121,132,138,140,148,156,186,270,271,327,335,342,346,347,366,382,383,384,403,406,428,617,660,661,728,821,1028,1029,1030,1153,1154,1165,1430,
630;0;638;715;0;0,1,2,3,5,7,9,32,44,54,67,70,71,72,73,74,75,76,77,78,79,80,81,82,87,94,95,96,97,98,99,100,101,102,103,104,105,106,112,113,114,115,116,117,118,119,120,121,132,138,140,148,156,186,270,271,327,335,342,346,347,366,382,383,384,403,406,428,617,660,661,728,821,1028,1029,1030,1153,1154,1165,1430,
476;0;715;734;1;0,1,2,3,5,7,9,32,44,54,67,70,71,72,73,74,75,76,77,78,79,80,81,82,87,94,95,96,97,98,99,100,101,102,103,104,105,106,112,113,114,115,116,117,118,119,120,121,132,138,140,148,156,186,270,271,327,335,342,346,347,366,382,383,384,403,406,428,617,660,661,728,821,1028,1029,1030,1153,1154,1165,1430,
476;1;734;770;1;0,1,2,3,5,7,9,32,44,54,67,70,71,72,73,74,75,76,77,78,79,80,81,82,87,94,95,96,97,98,99,100,101,102,103,104,105,106,112,113,114,115,116,117,118,119,120,121,132,138,140,148,156,186,270,271,327,335,342,346,347,366,382,383,384,403,406,428,617,660,661,728,821,1028,1029,1030,1153,1154,1165,1430,
561;0;770;899;1;0,1,2,3,5,7,9,32,44,54,67,70,71,72,73,74,75,76,77,78,79,80,81,82,87,94,95,96,97,98,99,100,101,102,103,104,105,106,112,113,114,115,116,117,118,119,120,121,132,138,140,148,156,186,270,271,327,335,342,346,347,366,382,383,384,403,406,428,617,660,661,728,821,1028,1029,1030,1153,1154,1165,1430,
561;1;899;943;1;0,1,2,3,5,7,9,32,44,54,67,70,71,72,73,74,75,76,77,78,79,80,81,82,87,94,95,96,97,98,99,100,101,102,103,104,105,106,112,113,114,115,116,117,118,119,120,121,132,138,140,148,156,186,270,271,327,335,342,346,347,366,382,383,384,403,406,428,617,660,661,728,821,1028,1029,1030,1153,1154,1165,1430,
334;0;943;957;1;0,1,2,3,5,7,9,32,44,54,67,70,71,72,73,74,75,76,77,78,79,80,81,82,87,94,95,96,97,98,99,100,101,102,103,104,105,106,112,113,114,115,116,117,118,119,120,121,132,138,140,148,156,186,270,271,327,335,342,346,347,366,382,383,384,403,406,428,617,660,661,728,821,1028,1029,1030,1153,1154,1165,1430,
334;1;957;1093;1;0,1,2,3,5,7,9,32,44,54,67,70,71,72,73,74,75,76,77,78,79,80,81,82,87,94,95,96,97,98,99,100,101,102,103,104,105,106,112,113,114,115,116,117,118,119,120,121,132,138,140,148,156,186,270,271,327,335,342,346,347,366,382,383,384,403,406,428,617,660,661,728,821,1028,1029,1030,1153,1154,1165,1430,
458;0;1093;1227;0;0,1,2,3,5,7,9,32,44,54,67,70,71,72,73,74,75,76,77,78,79,80,81,82,87,94,95,96,97,98,99,100,101,102,103,104,105,106,112,113,114,115,116,117,118,119,120,121,132,138,140,148,156,186,270,271,327,335,342,346,347,366,382,383,384,403,406,428,617,660,661,728,821,1028,1029,1030,1153,1154,1165,1430,
458;1;1227;1304;0;0,1,2,3,5,7,9,32,44,54,67,70,71,72,73,74,75,76,77,78,79,80,81,82,87,94,95,96,97,98,99,100,101,102,103,104,105,106,112,113,114,115,116,117,118,119,120,121,132,138,140,148,156,186,270,271,327,335,342,346,347,366,382,383,384,403,406,428,617,660,661,728,821,1028,1029,1030,1153,1154,1165,1430,
138;0;1304;1318;0;0,1,2,3,5,7,9,32,44,54,67,70,71,72,73,74,75,76,77,78,79,80,81,82,87,94,95,96,97,98,99,100,101,102,103,104,105,106,112,113,114,115,116,117,118,119,120,121,132,138,140,148,156,186,270,271,327,335,342,346,347,366,382,383,384,403,406,428,617,660,661,728,821,1028,1029,1030,1153,1154,1165,1430,
138;1;1318;1454;0;0,1,2,3,5,7,9,32,44,54,67,70,71,72,73,74,75,76,77,78,79,80,81,82,87,94,95,96,97,98,99,100,101,102,103,104,105,106,112,113,114,115,116,117,118,119,120,121,132,138,140,148,156,186,270,271,327,335,342,346,347,366,382,383,384,403,406,428,617,660,661,728,821,1028,1029,1030,1153,1154,1165,1430,
666;0;1454;1468;1;0,1,2,3,7,9,32,44,54,67,70,71,72,77,79,87,94,95,96,97,98,99,100,101,102,103,104,105,106,112,113,114,115,116,117,118,119,120,121,132,138,140,156,186,270,271,272,273,274,275,276,277,278,279,280,281,282,283,284,285,286,287,288,289,290,291,292,293,294,295,296,327,335,346,347,382,383,384,428,821,
666;1;1468;1551;1;0,1,2,3,7,9,32,44,54,67,70,71,72,77,79,87,94,95,96,97,98,99,100,101,102,103,104,105,106,112,113,114,115,116,117,118,119,120,121,132,138,140,156,186,270,271,272,273,274,275,276,277,278,279,280,281,282,283,284,285,286,287,288,289,290,291,292,293,294,295,296,327,335,346,347,382,383,384,428,821,
141;0;1551;1595;1;0,1,2,3,7,9,32,44,54,67,70,71,72,77,79,87,94,95,96,97,98,99,100,101,102,103,104,105,106,112,113,114,115,116,117,118,119,120,121,132,138,140,156,186,270,271,272,273,274,275,276,277,278,279,280,281,282,283,284,285,286,287,288,289,290,291,292,293,294,295,296,327,335,346,347,382,383,384,428,821,
141;1;1595;1678;1;0,1,2,3,7,9,32,44,54,67,70,71,72,77,79,87,94,95,96,97,98,99,100,101,102,103,104,105,106,112,113,114,115,116,117,118,119,120,121,132,138,140,156,186,270,271,272,273,274,275,276,277,278,279,280,281,282,283,284,285,286,287,288,289,290,291,292,293,294,295,296,327,335,346,347,382,383,384,428,821,
257;0;1678;1708;0;0,1,2,3,7,9,32,44,54,67,70,71,72,77,79,87,94,95,96,97,98,99,100,101,102,103,104,105,106,112,113,114,115,116,117,118,119,120,121,132,138,140,156,186,270,271,272,273,274,275,276,277,278,279,280,281,282,283,284,285,286,287,288,289,290,291,292,293,294,295,296,327,335,346,347,382,383,384,428,821,
89;0;1708;1727;1;0,1,2,3,7,9,32,44,54,67,70,71,72,77,79,87,94,95,96,97,98,99,100,101,102,103,104,105,106,112,113,114,115,116,117,118,119,120,121,132,138,140,156,186,270,271,272,273,274,275,276,277,278,279,280,281,282,283,284,285,286,287,288,289,290,291,292,293,294,295,296,327,335,346,347,382,383,384,428,821,
89;1;1727;1811;1;0,1,2,3,7,9,32,44,54,67,70,71,72,77,79,87,94,95,96,97,98,99,100,101,102,103,104,105,106,112,113,114,115,116,117,118,119,120,121,132,138,140,156,186,270,271,272,273,274,275,276,277,278,279,280,281,282,283,284,285,286,287,288,289,290,291,292,293,294,295,296,327,335,346,347,382,383,384,428,821,
211;0;1811;1873;1;0,1,2,3,7,9,32,44,54,67,70,71,72,77,79,87,94,95,96,97,98,99,100,101,102,103,104,105,106,110,112,113,114,115,116,132,138,140,147,156,186,270,271,272,273,274,275,276,277,278,279,280,281,282,283,284,285,286,287,288,289,290,291,292,293,294,295,296,327,335,346,347,382,383,384,428,821,984,1006,1007,
211;1;1873;1950;1;0,1,2,3,7,9,32,44,54,67,70,71,72,77,79,87,94,95,96,97,98,99,100,101,102,103,104,105,106,110,112,113,114,115,116,132,138,140,147,156,186,270,271,272,273,274,275,276,277,278,279,280,281,282,283,284,285,286,287,288,289,290,291,292,293,294,295,296,327,335,346,347,382,383,384,428,821,984,1006,1007,
451;0;1950;2048;1;0,1,2,3,7,9,32,44,54,67,70,71,72,77,79,87,94,95,96,97,98,99,100,101,102,103,104,105,106,110,112,113,114,115,116,132,138,140,147,156,186,270,271,272,273,274,275,276,277,278,279,280,281,282,283,284,285,286,287,288,289,290,291,292,293,294,295,296,327,335,346,347,382,383,384,428,821,984,1006,1007,
451;1;2048;2131;1;0,1,2,3,7,9,32,44,54,67,70,71,72,77,79,87,94,95,96,97,98,99,100,101,102,103,104,105,106,110,112,113,114,115,116,132,138,140,147,156,186,270,271,272,273,274,275,276,277,278,279,280,281,282,283,284,285,286,287,288,289,290,291,292,293,294,295,296,327,335,346,347,382,383,384,428,821,984,1006,1007,
464;0;2131;2257;1;0,1,2,3,27,32,44,54,57,70,71,72,79,87,105,106,110,132,138,140,156,186,197,198,224,225,229,279,307,327,335,346,347,368,371,372,373,374,375,376,377,382,383,384,428,485,537,538,539,542,543,596,613,636,710,713,821,829,830,831,832,833,834,835,836,837,838,839,840,841,842,843,844,943,944,945,946,947,948,1007,
464;1;2257;2388;1;0,1,2,3,27,32,44,54,57,70,71,72,79,87,105,106,110,132,138,140,156,186,197,198,224,225,229,279,307,327,335,346,347,368,371,372,373,374,375,376,377,382,383,384,428,485,537,538,539,542,543,596,613,636,710,713,821,829,830,831,832,833,834,835,836,837,838,839,840,841,842,843,844,943,944,945,946,947,948,1007,
98;0;2388;2465;0;0,1,2,3,27,32,44,54,57,70,71,72,79,87,105,106,110,132,138,140,156,186,197,198,224,225,229,279,307,327,335,346,347,368,371,372,373,374,375,376,377,382,383,384,428,485,537,538,539,542,543,596,613,636,710,713,821,829,830,831,832,833,834,835,836,837,838,839,840,841,842,843,844,943,944,945,946,947,948,1007,
98;1;2465;2622;0;0,1,2,3,27,32,44,54,57,70,71,72,79,87,105,106,110,132,138,140,156,186,197,198,224,225,229,279,307,327,335,346,347,368,371,372,373,374,375,376,377,382,383,384,428,485,537,538,539,542,543,596,613,636,710,713,821,829,830,831,832,833,834,835,836,837,838,839,840,841,842,843,844,943,944,945,946,947,948,1007,
401;0;2622;2781;1;0,1,2,3,27,32,44,54,57,70,71,72,79,87,105,106,110,132,138,140,156,186,197,198,224,225,229,279,307,327,335,346,347,368,371,372,373,374,375,376,377,382,383,384,428,485,537,538,539,542,543,596,613,636,710,713,821,829,830,831,832,833,834,835,836,837,838,839,840,841,842,843,844,943,944,945,946,947,948,1007,
401;1;2781;2870;1;0,1,2,3,27,32,44,54,57,70,71,72,79,87,105,106,110,132,138,140,156,186,197,198,224,225,229,279,307,327,335,346,347,368,371,372,373,374,375,376,377,382,383,384,428,485,537,538,539,542,543,596,613,636,710,713,821,829,830,831,832,833,834,835,836,837,838,839,840,841,842,843,844,943,944,945,946,947,948,1007,
289;0;2870;2884;1;0,1,2,3,27,32,44,54,57,70,71,72,79,87,105,106,110,132,138,140,156,186,197,198,224,225,229,279,307,327,335,346,347,368,371,372,373,374,375,376,377,382,383,384,428,485,537,538,539,542,543,596,613,636,710,713,821,829,830,831,832,833,834,835,836,837,838,839,840,841,842,843,844,943,944,945,946,947,948,1007,
289;1;2884;3015;1;0,1,2,3,27,32,44,54,57,70,71,72,79,87,105,106,110,132,138,140,156,186,197,198,224,225,229,279,307,327,335,346,347,368,371,372,373,374,375,376,377,382,383,384,428,485,537,538,539,542,543,596,613,636,710,713,821,829,830,831,832,833,834,835,836,837,838,839,840,841,842,843,844,943,944,945,946,947,948,1007,
25;0;3015;3099;0;0,1,2,3,27,32,44,54,57,70,71,72,79,87,105,106,110,132,138,140,156,186,197,198,224,225,229,279,307,327,335,346,347,368,371,372,373,374,375,376,377,382,383,384,428,485,537,538,539,542,543,596,613,636,710,713,821,829,830,831,832,833,834,835,836,837,838,839,840,841,842,843,844,943,944,945,946,947,948,1007,
219;0;3099;3251;1;0,1,2,3,27,32,44,54,57,70,71,72,79,87,105,106,110,132,138,140,156,186,197,198,224,225,229,279,307,327,335,346,347,368,371,372,373,374,375,376,377,382,383,384,428,485,537,538,539,542,543,596,613,636,710,713,821,829,830,831,832,833,834,835,836,837,838,839,840,841,842,843,844,943,944,945,946,947,948,1007,
219;1;3251;3382;1;0,1,2,3,27,32,44,54,57,70,71,72,79,87,105,106,110,132,138,140,156,186,197,198,224,225,229,279,307,327,335,346,347,368,371,372,373,374,375,376,377,382,383,384,428,485,537,538,539,542,543,596,613,636,710,713,821,829,830,831,832,833,834,835,836,837,838,839,840,841,842,843,844,943,944,945,946,947,948,1007,
721;0;3382;3455;1;2,32,44,51,54,57,70,71,72,79,87,105,106,110,132,138,140,143,156,185,186,187,188,189,190,191,192,193,197,198,224,225,229,234,252,320,327,335,337,345,346,347,371,372,373,374,375,376,377,382,383,384,401,428,496,497,537,748,749,750,751,752,802,803,804,805,806,807,808,809,810,821,874,899,900,901,902,903,904,905,
721;1;3455;3612;1;2,32,44,51,54,57,70,71,72,79,87,105,106,110,132,138,140,143,156,185,186,187,188,189,190,191,192,193,197,198,224,225,229,234,252,320,327,335,337,345,346,347,371,372,373,374,375,376,377,382,383,384,401,428,496,497,537,748,749,750,751,752,802,803,804,805,806,807,808,809,810,821,874,899,900,901,902,903,904,905,
709;0;3612;3685;1;2,32,44,51,54,57,70,71,72,79,87,105,106,110,132,138,140,143,156,185,186,187,188,189,190,191,192,193,197,198,224,225,229,234,252,320,327,335,337,345,346,347,371,372,373,374,375,376,377,382,383,384,401,428,496,497,537,748,749,750,751,752,802,803,804,805,806,807,808,809,810,821,874,899,900,901,902,903,904,905,
709;1;3685;3832;1;2,32,44,51,54,57,70,71,72,79,87,105,106,110,132,138,140,143,156,185,186,187,188,189,190,191,192,193,197,198,224,225,229,234,252,320,327,335,337,345,346,347,371,372,373,374,375,376,377,382,383,384,401,428,496,497,537,748,749,750,751,752,802,803,804,805,806,807,808,809,810,821,874,899,900,901,902,903,904,905,
528;0;3832;3898;0;2,32,44,51,54,57,70,71,72,79,87,105,106,110,132,138,140,143,156,185,186,187,188,189,190,191,192,193,197,198,224,225,229,234,252,320,327,335,337,345,346,347,371,372,373,374,375,376,377,382,383,384,401,428,496,497,537,748,749,750,751,752,802,803,804,805,806,807,808,809,810,821,874,899,900,901,902,903,904,905,
528;1;3898;3920;0;2,32,44,51,54,57,70,71,72,79,87,105,106,110,132,138,140,143,156,185,186,187,188,189,190,191,192,193,197,198,224,225,229,234,252,320,327,335,337,345,346,347,371,372,373,374,375,376,377,382,383,384,401,428,496,497,537,748,749,750,751,752,802,803,804,805,806,807,808,809,810,821,874,899,900,901,902,903,904,905,
164;0;3920;4061;1;2,32,44,51,54,57,70,71,72,79,87,105,106,110,132,138,140,143,156,185,186,187,188,189,190,191,192,193,197,198,224,225,229,234,252,320,327,335,337,345,346,347,371,372,373,374,375,376,377,382,383,384,401,428,496,497,537,748,749,750,751,752,802,803,804,805,806,807,808,809,810,821,874,899,900,901,902,903,904,905,
164;1;4061;4106;1;2,32,44,51,54,57,70,71,72,79,87,105,106,110,132,138,140,143,156,185,186,187,188,189,190,191,192,193,197,198,224,225,229,234,252,320,327,335,337,345,346,347,371,372,373,374,375,376,377,382,383,384,401,428,496,497,537,748,749,750,751,752,802,803,804,805,806,807,808,809,810,821,874,899,900,901,902,903,904,905,
94;0;4106;4120;1;2,32,44,51,54,57,70,71,72,79,87,105,106,110,132,138,140,143,156,185,186,187,188,189,190,191,192,193,197,198,224,225,229,234,252,320,327,335,337,345,346,347,371,372,373,374,375,376,377,382,383,384,401,428,496,497,537,748,749,750,751,752,802,803,804,805,806,807,808,809,810,821,874,899,900,901,902,903,904,905,
94;1;4120;4165;1;2,32,44,51,54,57,70,71,72,79,87,105,106,110,132,138,140,143,156,185,186,187,188,189,190,191,192,193,197,198,224,225,229,234,252,320,327,335,337,345,346,347,371,372,373,374,375,376,377,382,383,384,401,428,496,497,537,748,749,750,751,752,802,803,804,805,806,807,808,809,810,821,874,899,900,901,902,903,904,905,
306;0;4165;4217;1;2,32,44,51,54,57,70,71,72,79,87,105,106,110,132,138,140,143,156,185,186,187,188,189,190,191,192,193,197,198,224,225,229,234,252,320,327,335,337,345,346,347,371,372,373,374,375,376,377,382,383,384,401,428,496,497,537,748,749,750,751,752,802,803,804,805,806,807,808,809,810,821,874,899,900,901,902,903,904,905,
306;1;4217;4374;1;2,32,44,51,54,57,70,71,72,79,87,105,106,110,132,138,140,143,156,185,186,187,188,189,190,191,192,193,197,198,224,225,229,234,252,320,327,335,337,345,346,347,371,372,373,374,375,376,377,382,383,384,401,428,496,497,537,748,749,750,751,752,802,803,804,805,806,807,808,809,810,821,874,899,900,901,902,903,904,905,
309;0;4374;4429;1;2,32,44,51,54,57,70,71,72,79,87,105,106,110,132,138,140,143,156,185,186,187,188,189,190,191,192,193,197,198,224,225,229,234,252,320,327,335,337,345,346,347,371,372,373,374,375,376,377,382,383,384,401,428,496,497,537,748,749,750,751,752,802,803,804,805,806,807,808,809,810,821,874,899,900,901,902,903,904,905,
309;1;4429;4444;1;2,32,44,51,54,57,70,71,72,79,87,105,106,110,132,138,140,143,156,185,186,187,188,189,190,191,192,193,197,198,224,225,229,234,252,320,327,335,337,345,346,347,371,372,373,374,375,376,377,382,383,384,401,428,496,497,537,748,749,750,751,752,802,803,804,805,806,807,808,809,810,821,874,899,900,901,902,903,904,905,
256;0;4444;4474;1;2,32,42,44,51,54,70,71,72,79,87,105,106,110,132,138,140,143,150,151,155,185,186,194,197,198,224,226,229,234,327,335,345,371,382,383,384,401,428,437,442,444,445,447,646,649,802,803,804,805,806,807,808,809,810,821,871,991,1141,1182,1183,1184,1185,1186,1187,1188,1189,1190,1191,1192,1193,1194,1195,1196,1197,1198,1199,1200,1201,1202,
256;1;4474;4531;1;2,32,42,44,51,54,70,71,72,79,87,105,106,110,132,138,140,143,150,151,155,185,186,194,197,198,224,226,229,234,327,335,345,371,382,383,384,401,428,437,442,444,445,447,646,649,802,803,804,805,806,807,808,809,810,821,871,991,1141,1182,1183,1184,1185,1186,1187,1188,1189,1190,1191,1192,1193,1194,1195,1196,1197,1198,1199,1200,1201,1202,
228;0;4531;4583;0;2,32,42,44,51,54,70,71,72,79,87,105,106,110,132,138,140,143,150,151,155,185,186,194,197,198,224,226,229,234,327,335,345,371,382,383,384,401,428,437,442,444,445,447,646,649,802,803,804,805,806,807,808,809,810,821,871,991,1141,1182,1183,1184,1185,1186,1187,1188,1189,1190,1191,1192,1193,1194,1195,1196,1197,1198,1199,1200,1201,1202,
228;1;4583;4598;0;2,32,42,44,51,54,70,71,72,79,87,105,106,110,132,138,140,143,150,151,155,185,186,194,197,198,224,226,229,234,327,335,345,371,382,383,384,401,428,437,442,444,445,447,646,649,802,803,804,805,806,807,808,809,810,821,871,991,1141,1182,1183,1184,1185,1186,1187,1188,1189,1190,1191,1192,1193,1194,1195,1196,1197,1198,1199,1200,1201,1202,
83;0;4598;4662;0;2,32,42,44,51,54,70,71,72,79,87,105,106,123,125,129,132,138,140,150,151,155,185,186,194,197,198,224,229,234,317,327,335,336,341,343,344,345,371,382,383,384,428,444,445,447,465,519,621,626,639,646,778,779,780,781,782,783,784,785,786,787,788,789,790,791,792,793,794,795,796,797,798,799,800,801,802,803,821,1141,
83;1;4662;4763;0;2,32,42,44,51,54,70,71,72,79,87,105,106,123,125,129,132,138,140,150,151,155,185,186,194,197,198,224,229,234,317,327,335,336,341,343,344,345,371,382,383,384,428,444,445,447,465,519,621,626,639,646,778,779,780,781,782,783,784,785,786,787,788,789,790,791,792,793,794,795,796,797,798,799,800,801,802,803,821,1141,
699;0;4763;4812;1;2,32,42,44,51,54,70,71,72,79,87,105,106,123,125,129,132,138,140,150,151,155,185,186,194,197,198,224,229,234,317,327,335,336,341,343,344,345,371,382,383,384,428,444,445,447,465,519,621,626,639,646,778,779,780,781,782,783,784,785,786,787,788,789,790,791,792,793,794,795,796,797,798,799,800,801,802,803,821,1141,
699;1;4812;4913;1;2,32,42,44,51,54,70,71,72,79,87,105,106,123,125,129,132,138,140,150,151,155,185,186,194,197,198,224,229,234,317,327,335,336,341,343,344,345,371,382,383,384,428,444,445,447,465,519,621,626,639,646,778,779,780,781,782,783,784,785,786,787,788,789,790,791,792,793,794,795,796,797,798,799,800,801,802,803,821,1141,
736;0;4913;5070;1;32,44,51,52,54,70,79,81,83,84,85,86,87,88,89,90,91,92,105,126,129,132,134,138,140,153,185,186,262,263,315,317,318,325,327,332,335,336,339,341,345,360,382,383,384,393,402,410,420,421,422,426,427,428,429,430,431,432,433,434,435,436,444,599,626,654,777,780,821,898,931,932,933,934,935,1458,1459,1460,1461,1462,
736;1;5070;5154;1;32,44,51,52,54,70,79,81,83,84,85,86,87,88,89,90,91,92,105,126,129,132,134,138,140,153,185,186,262,263,315,317,318,325,327,332,335,336,339,341,345,360,382,383,384,393,402,410,420,421,422,426,427,428,429,430,431,432,433,434,435,436,444,599,626,654,777,780,821,898,931,932,933,934,935,1458,1459,1460,1461,1462,
195;0;5154;5158;0;32,44,51,52,54,70,79,81,83,84,85,86,87,88,89,90,91,92,105,126,129,132,134,138,140,153,185,186,262,263,315,317,318,325,327,332,335,336,339,341,345,360,382,383,384,393,402,410,420,421,422,426,427,428,429,430,431,432,433,434,435,436,444,599,626,654,777,780,821,898,931,932,933,934,935,1458,1459,1460,1461,1462,
478;0;5158;5172;0;32,44,51,52,54,70,79,81,83,84,85,86,87,88,89,90,91,92,105,126,129,132,134,138,140,153,185,186,262,263,315,317,318,325,327,332,335,336,339,341,345,360,382,383,384,393,402,410,420,421,422,426,427,428,429,430,431,432,433,434,435,436,444,599,626,654,777,780,821,898,931,932,933,934,935,1458,1459,1460,1461,1462,
478;1;5172;5328;0;32,44,51,52,54,70,79,81,83,84,85,86,87,88,89,90,91,92,105,126,129,132,134,138,140,153,185,186,262,263,315,317,318,325,327,332,335,336,339,341,345,360,382,383,384,393,402,410,420,421,422,426,427,428,429,430,431,432,433,434,435,436,444,599,626,654,777,780,821,898,931,932,933,934,935,1458,1459,1460,1461,1462,
681;0;5328;5381;1;32,44,51,52,54,70,79,81,83,84,85,86,87,88,89,90,91,92,105,126,129,132,134,138,140,153,185,186,262,263,315,317,318,325,327,332,335,336,339,341,345,360,382,383,384,393,402,410,420,421,422,426,427,428,429,430,431,432,433,434,435,436,444,599,626,654,777,780,821,898,931,932,933,934,935,1458,1459,1460,1461,1462,
681;1;5381;5502;1;32,44,51,52,54,70,79,81,83,84,85,86,87,88,89,90,91,92,105,126,129,132,134,138,140,153,185,186,262,263,315,317,318,325,327,332,335,336,339,341,345,360,382,383,384,393,402,410,420,421,422,426,427,428,429,430,431,432,433,434,435,436,444,599,626,654,777,780,821,898,931,932,933,934,935,1458,1459,1460,1461,1462,
272;0;5502;5514;0;32,44,51,52,54,70,79,81,83,84,85,86,87,88,89,90,91,92,105,126,129,132,134,138,140,153,185,186,262,263,315,317,318,325,327,332,335,336,339,341,345,360,382,383,384,393,402,410,420,421,422,426,427,428,429,430,431,432,433,434,435,436,444,599,626,654,777,780,821,898,931,932,933,934,935,1458,1459,1460,1461,1462,
35;0;5514;5518;0;32,44,51,52,54,70,79,81,83,84,85,86,87,88,89,90,91,92,105,126,129,132,134,138,140,153,185,186,262,263,315,317,318,325,327,332,335,336,339,341,345,360,382,383,384,393,402,410,420,421,422,426,427,428,429,430,431,432,433,434,435,436,444,599,626,654,777,780,821,898,931,932,933,934,935,1458,1459,1460,1461,1462,
380;0;5518;5530;0;32,44,51,52,54,70,79,81,83,84,85,86,87,88,89,90,91,92,105,126,129,132,134,138,140,153,185,186,262,263,315,317,318,325,327,332,335,336,339,341,345,360,382,383,384,393,402,410,420,421,422,426,427,428,429,430,431,432,433,434,435,436,444,599,626,654,777,780,821,898,931,932,933,934,935,1458,1459,1460,1461,1462,
741;0;5530;5590;1;32,44,51,52,54,70,79,81,83,84,85,86,87,88,89,90,91,92,105,126,129,132,134,138,140,153,185,186,262,263,315,317,318,325,327,332,335,336,339,341,345,360,382,383,384,393,402,410,420,421,422,426,427,428,429,430,431,432,433,434,435,436,444,599,626,654,777,780,821,898,931,932,933,934,935,1458,1459,1460,1461,1462,
741;1;5590;5594;1;32,44,51,52,54,70,79,81,83,84,85,86,87,88,89,90,91,92,105,126,129,132,134,138,140,153,185,186,262,263,315,317,318,325,327,332,335,336,339,341,345,360,382,383,384,393,402,410,420,421,422,426,427,428,429,430,431,432,433,434,435,436,444,599,626,654,777,780,821,898,931,932,933,934,935,1458,1459,1460,1461,1462,
332;0;5594;5598;0;32,44,51,52,54,70,79,81,83,84,85,86,87,88,89,90,91,92,105,126,129,132,134,138,140,153,185,186,262,263,315,317,318,325,327,332,335,336,339,341,345,360,382,383,384,393,402,410,420,421,422,426,427,428,429,430,431,432,433,434,435,436,444,599,626,654,777,780,821,898,931,932,933,934,935,1458,1459,1460,1461,1462,
724;0;5598;5679;1;32,44,51,52,54,70,79,81,83,84,85,86,87,88,89,90,91,92,105,126,129,132,134,138,140,153,185,186,262,263,315,317,318,325,327,332,335,336,339,341,345,360,382,383,384,393,402,410,420,421,422,426,427,428,429,430,431,432,433,434,435,436,444,599,626,654,777,780,821,898,931,932,933,934,935,1458,1459,1460,1461,1462,
724;1;5679;5800;1;32,44,51,52,54,70,79,81,83,84,85,86,87,88,89,90,91,92,105,126,129,132,134,138,140,153,185,186,262,263,315,317,318,325,327,332,335,336,339,341,345,360,382,383,384,393,402,410,420,421,422,426,427,428,429,430,431,432,433,434,435,436,444,599,626,654,777,780,821,898,931,932,933,934,935,1458,1459,1460,1461,1462,
511;0;5800;5832;1;32,44,51,52,54,70,79,81,83,84,85,86,87,88,89,90,91,92,105,126,129,132,134,138,140,153,185,186,262,263,315,317,318,325,327,332,335,336,339,341,345,360,382,383,384,393,402,410,420,421,422,426,427,428,429,430,431,432,433,434,435,436,444,599,626,654,777,780,821,898,931,932,933,934,935,1458,1459,1460,1461,1462,
511;1;5832;5916;1;32,44,51,52,54,70,79,81,83,84,85,86,87,88,89,90,91,92,105,126,129,132,134,138,140,153,185,186,262,263,315,317,318,325,327,332,335,336,339,341,345,360,382,383,384,393,402,410,420,421,422,426,427,428,429,430,431,432,433,434,435,436,444,599,626,654,777,780,821,898,931,932,933,934,935,1458,1459,1460,1461,1462,
571;0;5916;5952;1;32,44,51,52,54,70,79,81,83,84,85,86,87,88,89,90,91,92,105,126,129,132,134,138,140,153,185,186,262,263,315,317,318,325,327,332,335,336,339,341,345,360,382,383,384,393,402,410,420,421,422,426,427,428,429,430,431,432,433,434,435,436,444,599,626,654,777,780,821,898,931,932,933,934,935,1458,1459,1460,1461,1462,
571;1;5952;6052;1;32,44,51,52,54,70,79,81,83,84,85,86,87,88,89,90,91,92,105,126,129,132,134,138,140,153,185,186,262,263,315,317,318,325,327,332,335,336,339,341,345,360,382,383,384,393,402,410,420,421,422,426,427,428,429,430,431,432,433,434,435,436,444,599,626,654,777,780,821,898,931,932,933,934,935,1458,1459,1460,1461,1462,
594;0;6052;6084;1;32,44,51,52,54,70,79,81,83,84,85,86,87,88,89,90,91,92,105,126,129,132,134,138,140,153,185,186,262,263,315,317,318,325,327,332,335,336,339,341,345,360,382,383,384,393,402,410,420,421,422,426,427,428,429,430,431,432,433,434,435,436,444,599,626,654,777,780,821,898,931,932,933,934,935,1458,1459,1460,1461,1462,
594;1;6084;6240;1;32,44,51,52,54,70,79,81,83,84,85,86,87,88,89,90,91,92,105,126,129,132,134,138,140,153,185,186,262,263,315,317,318,325,327,332,335,336,339,341,345,360,382,383,384,393,402,410,420,421,422,426,427,428,429,430,431,432,433,434,435,436,444,599,626,654,777,780,821,898,931,932,933,934,935,1458,1459,1460,1461,1462,
5;0;6240;6306;0;32,44,51,52,54,70,79,81,83,84,85,86,87,88,89,90,91,92,105,126,129,132,134,138,140,153,185,186,262,263,315,317,318,325,327,332,335,336,339,341,345,360,382,383,384,393,402,410,420,421,422,426,427,428,429,430,431,432,433,434,435,436,444,599,626,654,777,780,821,898,931,932,933,934,935,1458,1459,1460,1461,1462,
646;0;6306;6317;1;32,44,51,52,54,70,79,81,83,84,85,86,87,88,89,90,91,92,105,126,129,132,134,138,140,153,185,186,262,263,315,317,318,325,327,332,335,336,339,341,345,360,382,383,384,393,402,410,420,421,422,426,427,428,429,430,431,432,433,434,435,436,444,599,626,654,777,780,821,898,931,932,933,934,935,1458,1459,1460,1461,1462,
646;1;6317;6460;1;32,44,51,52,54,70,79,81,83,84,85,86,87,88,89,90,91,92,105,126,129,132,134,138,140,153,185,186,262,263,315,317,318,325,327,332,335,336,339,341,345,360,382,383,384,393,402,410,420,421,422,426,427,428,429,430,431,432,433,434,435,436,444,599,626,654,777,780,821,898,931,932,933,934,935,1458,1459,1460,1461,1462,
421;0;6460;6624;1;32,44,51,52,54,70,79,81,83,84,85,86,87,88,89,90,91,92,105,124,132,134,138,140,153,186,254,259,263,311,315,317,318,325,327,332,335,336,339,341,345,346,360,382,393,402,410,420,421,422,432,436,444,509,599,624,634,650,651,652,653,654,655,777,931,1088,1089,1090,1091,1092,1093,1094,1095,1096,1097,1458,1459,1460,1461,1462,
421;1;6624;6738;1;32,44,51,52,54,70,79,81,83,84,85,86,87,88,89,90,91,92,105,124,132,134,138,140,153,186,254,259,263,311,315,317,318,325,327,332,335,336,339,341,345,346,360,382,393,402,410,420,421,422,432,436,444,509,599,624,634,650,651,652,653,654,655,777,931,1088,1089,1090,1091,1092,1093,1094,1095,1096,1097,1458,1459,1460,1461,1462,
626;0;6738;6885;1;32,44,51,52,54,70,79,81,83,84,85,86,87,88,89,90,91,92,105,124,132,134,138,140,153,186,254,259,263,311,315,317,318,325,327,332,335,336,339,341,345,346,360,382,393,402,410,420,421,422,432,436,444,509,599,624,634,650,651,652,653,654,655,777,931,1088,1089,1090,1091,1092,1093,1094,1095,1096,1097,1458,1459,1460,1461,1462,
626;1;6885;6951;1;32,44,51,52,54,70,79,81,83,84,85,86,87,88,89,90,91,92,105,124,132,134,138,140,153,186,254,259,263,311,315,317,318,325,327,332,335,336,339,341,345,346,360,382,393,402,410,420,421,422,432,436,444,509,599,624,634,650,651,652,653,654,655,777,931,1088,1089,1090,1091,1092,1093,1094,1095,1096,1097,1458,1459,1460,1461,1462,
154;0;6951;7016;1;32,44,51,52,54,70,79,81,83,84,85,86,87,88,89,90,91,92,105,124,132,134,138,140,153,186,254,259,263,311,315,317,318,325,327,332,335,336,339,341,345,346,360,382,393,402,410,420,421,422,432,436,444,509,599,624,634,650,651,652,653,654,655,777,931,1088,1089,1090,1091,1092,1093,1094,1095,1096,1097,1458,1459,1460,1461,1462,
154;1;7016;7130;1;32,44,51,52,54,70,79,81,83,84,85,86,87,88,89,90,91,92,105,124,132,134,138,140,153,186,254,259,263,311,315,317,318,325,327,332,335,336,339,341,345,346,360,382,393,402,410,420,421,422,432,436,444,509,599,624,634,650,651,652,653,654,655,777,931,1088,1089,1090,1091,1092,1093,1094,1095,1096,1097,1458,1459,1460,1461,1462,
619;0;7130;7198;1;32,44,51,52,54,70,79,81,83,84,85,86,87,88,89,90,91,92,105,124,132,134,138,140,153,186,254,259,263,311,315,317,318,325,327,332,335,336,339,341,345,346,360,382,393,402,410,420,421,422,432,436,444,509,599,624,634,650,651,652,653,654,655,777,931,1088,1089,1090,1091,1092,1093,1094,1095,1096,1097,1458,1459,1460,1461,1462,
619;1;7198;7289;1;32,44,51,52,54,70,79,81,83,84,85,86,87,88,89,90,91,92,105,124,132,134,138,140,153,186,254,259,263,311,315,317,318,325,327,332,335,336,339,341,345,346,360,382,393,402,410,420,421,422,432,436,444,509,599,624,634,650,651,652,653,654,655,777,931,1088,1089,1090,1091,1092,1093,1094,1095,1096,1097,1458,1459,1460,1461,1462,
734;0;7289;7425;1;32,44,51,52,54,70,79,81,83,84,85,86,87,88,89,90,91,92,105,124,132,134,138,140,153,186,254,259,263,311,315,317,318,325,327,332,335,336,339,341,345,346,360,382,393,402,410,420,421,422,432,436,444,509,599,624,634,650,651,652,653,654,655,777,931,1088,1089,1090,1091,1092,1093,1094,1095,1096,1097,1458,1459,1460,1461,1462,
734;1;7425;7546;1;32,44,51,52,54,70,79,81,83,84,85,86,87,88,89,90,91,92,105,124,132,134,138,140,153,186,254,259,263,311,315,317,318,325,327,332,335,336,339,341,345,346,360,382,393,402,410,420,421,422,432,436,444,509,599,624,634,650,651,652,653,654,655,777,931,1088,1089,1090,1091,1092,1093,1094,1095,1096,1097,1458,1459,1460,1461,1462,
689;0;7546;7626;1;32,44,51,52,54,70,79,81,83,84,85,86,87,88,89,90,91,92,105,124,132,134,138,140,153,186,254,259,263,311,315,317,318,325,327,332,335,336,339,341,345,346,360,382,393,402,410,420,421,422,432,436,444,509,599,624,634,650,651,652,653,654,655,777,931,1088,1089,1090,1091,1092,1093,1094,1095,1096,1097,1458,1459,1460,1461,1462,
689;1;7626;7782;1;32,44,51,52,54,70,79,81,83,84,85,86,87,88,89,90,91,92,105,124,132,134,138,140,153,186,254,259,263,311,315,317,318,325,327,332,335,336,339,341,345,346,360,382,393,402,410,420,421,422,432,436,444,509,599,624,634,650,651,652,653,654,655,777,931,1088,1089,1090,1091,1092,1093,1094,1095,1096,1097,1458,1459,1460,1461,1462,
61;0;7782;7880;1;32,44,46,51,52,53,54,58,70,79,81,83,84,85,86,87,88,89,90,91,92,93,105,132,138,186,249,263,279,303,327,335,336,339,341,345,346,410,414,420,421,422,448,478,533,537,538,539,540,541,542,543,544,545,546,547,548,549,550,551,552,553,554,555,556,557,558,559,560,561,562,563,564,565,652,1002,1003,1004,1005,1097,
61;1;7880;7970;1;32,44,46,51,52,53,54,58,70,79,81,83,84,85,86,87,88,89,90,91,92,93,105,132,138,186,249,263,279,303,327,335,336,339,341,345,346,410,414,420,421,422,448,478,533,537,538,539,540,541,542,543,544,545,546,547,548,549,550,551,552,553,554,555,556,557,558,559,560,561,562,563,564,565,652,1002,1003,1004,1005,1097,
431;0;7970;8068;1;32,44,46,51,52,53,54,58,70,79,81,83,84,85,86,87,88,89,90,91,92,93,105,132,138,186,249,263,279,303,327,335,336,339,341,345,346,410,414,420,421,422,448,478,533,537,538,539,540,541,542,543,544,545,546,547,548,549,550,551,552,553,554,555,556,557,558,559,560,561,562,563,564,565,652,1002,1003,1004,1005,1097,
431;1;8068;8107;1;32,44,46,51,52,53,54,58,70,79,81,83,84,85,86,87,88,89,90,91,92,93,105,132,138,186,249,263,279,303,327,335,336,339,341,345,346,410,414,420,421,422,448,478,533,537,538,539,540,541,542,543,544,545,546,547,548,549,550,551,552,553,554,555,556,557,558,559,560,561,562,563,564,565,652,1002,1003,1004,1005,1097,
162;0;8107;8146;0;32,44,46,51,52,53,54,58,70,79,81,83,84,85,86,87,88,89,90,91,92,93,105,132,138,186,249,263,279,303,327,335,336,339,341,345,346,410,414,420,421,422,448,478,533,537,538,539,540,541,542,543,544,545,546,547,548,549,550,551,552,553,554,555,556,557,558,559,560,561,562,563,564,565,652,1002,1003,1004,1005,1097,
644;0;8146;8164;1;32,44,46,51,52,53,54,58,70,79,81,83,84,85,86,87,88,89,90,91,92,93,105,132,138,186,249,263,279,303,327,335,336,339,341,345,346,410,414,420,421,422,448,478,533,537,538,539,540,541,542,543,544,545,546,547,548,549,550,551,552,553,554,555,556,557,558,559,560,561,562,563,564,565,652,1002,1003,1004,1005,1097,
644;1;8164;8230;1;32,44,46,51,52,53,54,58,70,79,81,83,84,85,86,87,88,89,90,91,92,93,105,132,138,186,249,263,279,303,327,335,336,339,341,345,346,410,414,420,421,422,448,478,533,537,538,539,540,541,542,543,544,545,546,547,548,549,550,551,552,553,554,555,556,557,558,559,560,561,562,563,564,565,652,1002,1003,1004,1005,1097,
45;0;8230;8269;0;32,44,46,51,52,53,54,58,70,79,81,83,84,85,86,87,88,89,90,91,92,93,105,132,138,186,249,263,279,303,327,335,336,339,341,345,346,410,414,420,421,422,448,478,533,537,538,539,540,541,542,543,544,545,546,547,548,549,550,551,552,553,554,555,556,557,558,559,560,561,562,563,564,565,652,1002,1003,1004,1005,1097,
688;0;8269;8320;0;32,44,46,51,52,53,54,58,70,79,81,83,84,85,86,87,88,89,90,91,92,93,105,132,138,186,249,263,279,303,327,335,336,339,341,345,346,410,414,420,421,422,448,478,533,537,538,539,540,541,542,543,544,545,546,547,548,549,550,551,552,553,554,555,556,557,558,559,560,561,562,563,564,565,652,1002,1003,1004,1005,1097,
688;1;8320;8359;0;32,44,46,51,52,53,54,58,70,79,81,83,84,85,86,87,88,89,90,91,92,93,105,132,138,186,249,263,279,303,327,335,336,339,341,345,346,410,414,420,421,422,448,478,533,537,538,539,540,541,542,543,544,545,546,547,548,549,550,551,552,553,554,555,556,557,558,559,560,561,562,563,564,565,652,1002,1003,1004,1005,1097,
266;0;8359;8521;1;32,44,46,51,52,53,54,58,70,79,81,83,84,85,86,87,88,89,90,91,92,93,105,132,138,186,249,263,279,303,327,335,336,339,341,345,346,410,414,420,421,422,448,478,533,537,538,539,540,541,542,543,544,545,546,547,548,549,550,551,552,553,554,555,556,557,558,559,560,561,562,563,564,565,652,1002,1003,1004,1005,1097,
266;1;8521;8599;1;32,44,46,51,52,53,54,58,70,79,81,83,84,85,86,87,88,89,90,91,92,93,105,132,138,186,249,263,279,303,327,335,336,339,341,345,346,410,414,420,421,422,448,478,533,537,538,539,540,541,542,543,544,545,546,547,548,549,550,551,552,553,554,555,556,557,558,559,560,561,562,563,564,565,652,1002,1003,1004,1005,1097,
391;0;8599;8635;1;32,44,46,51,52,53,54,58,70,79,81,83,84,85,86,87,88,89,90,91,92,93,105,132,138,186,249,263,279,303,327,335,336,339,341,345,346,410,414,420,421,422,448,478,533,537,538,539,540,541,542,543,544,545,546,547,548,549,550,551,552,553,554,555,556,557,558,559,560,561,562,563,564,565,652,1002,1003,1004,1005,1097,
391;1;8635;8725;1;32,44,46,51,52,53,54,58,70,79,81,83,84,85,86,87,88,89,90,91,92,93,105,132,138,186,249,263,279,303,327,335,336,339,341,345,346,410,414,420,421,422,448,478,533,537,538,539,540,541,542,543,544,545,546,547,548,549,550,551,552,553,554,555,556,557,558,559,560,561,562,563,564,565,652,1002,1003,1004,1005,1097,
79;0;8725;8843;1;32,44,51,52,54,70,79,81,83,84,85,86,87,88,89,90,91,92,93,105,132,138,186,263,279,303,327,335,336,339,341,345,346,410,414,420,421,422,448,478,533,537,538,539,540,541,542,543,544,545,546,547,548,549,550,551,552,553,554,555,556,557,558,559,560,561,562,563,564,565,652,753,754,755,756,757,758,759,760,1097,
79;1;8843;8864;1;32,44,51,52,54,70,79,81,83,84,85,86,87,88,89,90,91,92,93,105,132,138,186,263,279,303,327,335,336,339,341,345,346,410,414,420,421,422,448,478,533,537,538,539,540,541,542,543,544,545,546,547,548,549,550,551,552,553,554,555,556,557,558,559,560,561,562,563,564,565,652,753,754,755,756,757,758,759,760,1097,
199;0;8864;9030;1;32,44,51,52,54,70,79,81,83,84,85,86,87,88,89,90,91,92,93,105,132,138,186,263,279,303,327,335,336,339,341,345,346,410,414,420,421,422,448,478,533,537,538,539,540,541,542,543,544,545,546,547,548,549,550,551,552,553,554,555,556,557,558,559,560,561,562,563,564,565,652,753,754,755,756,757,758,759,760,1097,
199;1;9030;9069;1;32,44,51,52,54,70,79,81,83,84,85,86,87,88,89,90,91,92,93,105,132,138,186,263,279,303,327,335,336,339,341,345,346,410,414,420,421,422,448,478,533,537,538,539,540,541,542,543,544,545,546,547,548,549,550,551,552,553,554,555,556,557,558,559,560,561,562,563,564,565,652,753,754,755,756,757,758,759,760,1097,
686;0;9069;9201;1;32,44,51,52,54,70,79,81,83,84,85,86,87,88,89,90,91,92,93,105,132,138,186,263,279,303,327,335,336,339,341,345,346,410,414,420,421,422,448,478,533,537,538,539,540,541,542,543,544,545,546,547,548,549,550,551,552,553,554,555,652,730,731,732,733,734,735,736,737,738,739,740,741,742,743,744,745,746,747,1097,
686;1;9201;9316;1;32,44,51,52,54,70,79,81,83,84,85,86,87,88,89,90,91,92,93,105,132,138,186,263,279,303,327,335,336,339,341,345,346,410,414,420,421,422,448,478,533,537,538,539,540,541,542,543,544,545,546,547,548,549,550,551,552,553,554,555,652,730,731,732,733,734,735,736,737,738,739,740,741,742,743,744,745,746,747,1097,
241;0;9316;9388;1;32,44,51,52,54,70,72,78,79,81,83,84,85,86,87,88,89,90,91,92,93,105,132,135,138,186,252,263,279,303,320,327,334,335,336,337,338,339,340,341,342,343,344,345,346,347,410,414,420,421,422,423,424,425,448,472,478,496,497,533,537,538,539,540,542,543,544,546,548,622,652,748,749,750,751,752,949,1007,1097,1431,
241;1;9388;9531;1;32,44,51,52,54,70,72,78,79,81,83,84,85,86,87,88,89,90,91,92,93,105,132,135,138,186,252,263,279,303,320,327,334,335,336,337,338,339,340,341,342,343,344,345,346,347,410,414,420,421,422,423,424,425,448,472,478,496,497,533,537,538,539,540,542,543,544,546,548,622,652,748,749,750,751,752,949,1007,1097,1431,
438;0;9531;9580;0;32,44,51,52,54,70,72,78,79,81,83,84,85,86,87,88,89,90,91,92,93,105,132,135,138,186,252,263,279,303,320,327,334,335,336,337,338,339,340,341,342,343,344,345,346,347,410,414,420,421,422,423,424,425,448,472,478,496,497,533,537,538,539,540,542,543,544,546,548,622,652,748,749,750,751,752,949,1007,1097,1431,
438;1;9580;9653;0;32,44,51,52,54,70,72,78,79,81,83,84,85,86,87,88,89,90,91,92,93,105,132,135,138,186,252,263,279,303,320,327,334,335,336,337,338,339,340,341,342,343,344,345,346,347,410,414,420,421,422,423,424,425,448,472,478,496,497,533,537,538,539,540,542,543,544,546,548,622,652,748,749,750,751,752,949,1007,1097,1431,
499;0;9653;9724;1;32,44,51,52,54,70,72,78,79,81,83,84,85,86,87,88,89,90,91,92,93,105,132,135,138,186,252,263,279,303,320,327,334,335,336,337,338,339,340,341,342,343,344,345,346,347,410,414,420,421,422,423,424,425,448,472,478,496,497,533,537,538,539,540,542,543,544,546,548,622,652,748,749,750,751,752,949,1007,1097,1431,
499;1;9724;9790;1;32,44,51,52,54,70,72,78,79,81,83,84,85,86,87,88,89,90,91,92,93,105,132,135,138,186,252,263,279,303,320,327,334,335,336,337,338,339,340,341,342,343,344,345,346,347,410,414,420,421,422,423,424,425,448,472,478,496,497,533,537,538,539,540,542,543,544,546,548,622,652,748,749,750,751,752,949,1007,1097,1431,
514;0;9790;9807;1;32,44,51,52,54,70,72,78,79,81,83,84,85,86,87,88,89,90,91,92,93,105,132,135,138,186,252,263,279,303,320,327,334,335,336,337,338,339,340,341,342,343,344,345,346,347,410,414,420,421,422,423,424,425,448,472,478,496,497,533,537,538,539,540,542,543,544,546,548,622,652,748,749,750,751,752,949,1007,1097,1431,
514;1;9807;9856;1;32,44,51,52,54,70,72,78,79,81,83,84,85,86,87,88,89,90,91,92,93,105,132,135,138,186,252,263,279,303,320,327,334,335,336,337,338,339,340,341,342,343,344,345,346,347,410,414,420,421,422,423,424,425,448,472,478,496,497,533,537,538,539,540,542,543,544,546,548,622,652,748,749,750,751,752,949,1007,1097,1431,
522;0;9856;9860;0;32,44,51,52,54,70,72,78,79,81,83,84,85,86,87,88,89,90,91,92,93,105,132,135,138,186,252,263,279,303,320,327,334,335,336,337,338,339,340,341,342,343,344,345,346,347,410,414,420,421,422,423,424,425,448,472,478,496,497,533,537,538,539,540,542,543,544,546,548,622,652,748,749,750,751,752,949,1007,1097,1431,
320;0;9860;9905;0;32,44,51,52,54,70,72,78,79,81,83,84,85,86,87,88,89,90,91,92,93,105,132,135,138,186,252,263,279,303,320,327,334,335,336,337,338,339,340,341,342,343,344,345,346,347,410,414,420,421,422,423,424,425,448,472,478,496,497,533,537,538,539,540,542,543,544,546,548,622,652,748,749,750,751,752,949,1007,1097,1431,
247;0;9905;9954;0;32,44,51,52,54,70,72,78,79,81,83,84,85,86,87,88,89,90,91,92,93,105,132,135,138,186,252,263,279,303,320,327,334,335,336,337,338,339,340,341,342,343,344,345,346,347,410,414,420,421,422,423,424,425,448,472,478,496,497,533,537,538,539,540,542,543,544,546,548,622,652,748,749,750,751,752,949,1007,1097,1431,
350;0;9954;9981;0;32,44,51,52,54,70,72,78,79,81,83,84,85,86,87,88,89,90,91,92,93,105,132,135,138,186,252,263,279,303,320,327,334,335,336,337,338,339,340,341,342,343,344,345,346,347,410,414,420,421,422,423,424,425,448,472,478,496,497,533,537,538,539,540,542,543,544,546,548,622,652,748,749,750,751,752,949,1007,1097,1431,
557;0;9981;10077;0;32,44,51,52,54,70,72,78,79,81,83,84,85,86,87,88,89,90,91,92,93,105,132,135,138,186,252,263,279,303,320,327,334,335,336,337,338,339,340,341,342,343,344,345,346,347,410,414,420,421,422,423,424,425,448,472,478,496,497,533,537,538,539,540,542,543,544,546,548,622,652,748,749,750,751,752,949,1007,1097,1431,
Machine: 4
599;0;0;148;1;0,2,3,4,5,67,70,71,72,105,149,150,151,156,159,194,196,197,198,224,230,234,252,263,266,271,272,286,320,345,393,420,428,436,440,443,446,456,496,501,617,660,661,722,723,724,725,726,727,728,729,1123,1126,1135,1137,1227,1228,1229,1230,1366,1367,1368,1369,1370,1371,1372,1373,1374,1375,1376,1377,1378,1379,1380,1381,1382,1383,1384,1385,1386,
599;1;148;232;1;0,2,3,4,5,67,70,71,72,105,149,150,151,156,159,194,196,197,198,224,230,234,252,263,266,271,272,286,320,345,393,420,428,436,440,443,446,456,496,501,617,660,661,722,723,724,725,726,727,728,729,1123,1126,1135,1137,1227,1228,1229,1230,1366,1367,1368,1369,1370,1371,1372,1373,1374,1375,1376,1377,1378,1379,1380,1381,1382,1383,1384,1385,1386,
358;0;232;263;0;0,2,3,4,5,67,70,71,72,105,149,150,151,156,159,194,196,197,198,224,230,234,252,263,266,271,272,286,320,345,393,420,428,436,440,443,446,456,496,501,617,660,661,722,723,724,725,726,727,728,729,1123,1126,1135,1137,1227,1228,1229,1230,1366,1367,1368,1369,1370,1371,1372,1373,1374,1375,1376,1377,1378,1379,1380,1381,1382,1383,1384,1385,1386,
358;1;263;292;0;0,2,3,4,5,67,70,71,72,105,149,150,151,156,159,194,196,197,198,224,230,234,252,263,266,271,272,286,320,345,393,420,428,436,440,443,446,456,496,501,617,660,661,722,723,724,725,726,727,728,729,1123,1126,1135,1137,1227,1228,1229,1230,1366,1367,1368,1369,1370,1371,1372,1373,1374,1375,1376,1377,1378,1379,1380,1381,1382,1383,1384,1385,1386,
635;0;292;369;0;0,2,3,4,5,67,70,71,72,105,149,150,151,156,159,194,196,197,198,224,230,234,252,263,266,271,272,286,320,345,393,420,428,436,440,443,446,456,496,501,617,660,661,722,723,724,725,726,727,728,729,1123,1126,1135,1137,1227,1228,1229,1230,1366,1367,1368,1369,1370,1371,1372,1373,1374,1375,1376,1377,1378,1379,1380,1381,1382,1383,1384,1385,1386,
73;0;369;373;0;0,2,3,4,5,67,70,71,72,105,149,150,151,156,159,194,196,197,198,224,230,234,252,263,266,271,272,286,320,345,393,420,428,436,440,443,446,456,496,501,617,660,661,722,723,724,725,726,727,728,729,1123,1126,1135,1137,1227,1228,1229,1230,1366,1367,1368,1369,1370,1371,1372,1373,1374,1375,1376,1377,1378,1379,1380,1381,1382,1383,1384,1385,1386,
73;1;373;457;0;0,2,3,4,5,67,70,71,72,105,149,150,151,156,159,194,196,197,198,224,230,234,252,263,266,271,272,286,320,345,393,420,428,436,440,443,446,456,496,501,617,660,661,722,723,724,725,726,727,728,729,1123,1126,1135,1137,1227,1228,1229,1230,1366,1367,1368,1369,1370,1371,1372,1373,1374,1375,1376,1377,1378,1379,1380,1381,1382,1383,1384,1385,1386,
531;0;457;528;1;0,2,3,4,5,67,70,71,72,105,149,150,151,156,159,194,196,197,198,224,230,234,252,263,266,271,272,286,320,345,393,420,428,436,440,443,446,456,496,501,617,660,661,722,723,724,725,726,727,728,729,1123,1126,1135,1137,1227,1228,1229,1230,1366,1367,1368,1369,1370,1371,1372,1373,1374,1375,1376,1377,1378,1379,1380,1381,1382,1383,1384,1385,1386,
531;1;528;567;1;0,2,3,4,5,67,70,71,72,105,149,150,151,156,159,194,196,197,198,224,230,234,252,263,266,271,272,286,320,345,393,420,428,436,440,443,446,456,496,501,617,660,661,722,723,724,725,726,727,728,729,1123,1126,1135,1137,1227,1228,1229,1230,1366,1367,1368,1369,1370,1371,1372,1373,1374,1375,1376,1377,1378,1379,1380,1381,1382,1383,1384,1385,1386,
414;0;567;665;1;0,32,70,72,92,94,105,106,115,135,138,150,156,165,185,186,196,197,198,224,229,237,245,246,247,249,334,335,336,337,338,339,340,341,342,343,344,345,346,347,378,379,380,381,385,386,387,388,389,390,391,392,393,394,395,396,397,398,399,400,401,428,438,445,447,514,515,516,517,617,728,821,898,1123,1124,1125,1153,1154,1263,1264,
414;1;665;813;1;0,32,70,72,92,94,105,106,115,135,138,150,156,165,185,186,196,197,198,224,229,237,245,246,247,249,334,335,336,337,338,339,340,341,342,343,344,345,346,347,378,379,380,381,385,386,387,388,389,390,391,392,393,394,395,396,397,398,399,400,401,428,438,445,447,514,515,516,517,617,728,821,898,1123,1124,1125,1153,1154,1263,1264,
607;0;813;854;0;0,32,70,72,92,94,105,106,115,135,138,150,156,165,185,186,196,197,198,224,229,237,245,246,247,249,334,335,336,337,338,339,340,341,342,343,344,345,346,347,378,379,380,381,385,386,387,388,389,390,391,392,393,394,395,396,397,398,399,400,401,428,438,445,447,514,515,516,517,617,728,821,898,1123,1124,1125,1153,1154,1263,1264,
26;0;854;909;1;0,32,70,72,92,94,105,106,115,135,138,150,156,165,185,186,196,197,198,224,229,237,245,246,247,249,334,335,336,337,338,339,340,341,342,343,344,345,346,347,378,379,380,381,385,386,387,388,389,390,391,392,393,394,395,396,397,398,399,400,401,428,438,445,447,514,515,516,517,617,728,821,898,1123,1124,1125,1153,1154,1263,1264,
26;1;909;950;1;0,32,70,72,92,94,105,106,115,135,138,150,156,165,185,186,196,197,198,224,229,237,245,246,247,249,334,335,336,337,338,339,340,341,342,343,344,345,346,347,378,379,380,381,385,386,387,388,389,390,391,392,393,394,395,396,397,398,399,400,401,428,438,445,447,514,515,516,517,617,728,821,898,1123,1124,1125,1153,1154,1263,1264,
24;0;950;1080;1;0,32,70,72,92,94,105,106,115,135,138,150,156,165,185,186,196,197,198,224,229,237,245,246,247,249,334,335,336,337,338,339,340,341,342,343,344,345,346,347,378,379,380,381,385,386,387,388,389,390,391,392,393,394,395,396,397,398,399,400,401,428,438,445,447,514,515,516,517,617,728,821,898,1123,1124,1125,1153,1154,1263,1264,
24;1;1080;1092;1;0,32,70,72,92,94,105,106,115,135,138,150,156,165,185,186,196,197,198,224,229,237,245,246,247,249,334,335,336,337,338,339,340,341,342,343,344,345,346,347,378,379,380,381,385,386,387,388,389,390,391,392,393,394,395,396,397,398,399,400,401,428,438,445,447,514,515,516,517,617,728,821,898,1123,1124,1125,1153,1154,1263,1264,
178;0;1092;1144;0;0,32,70,72,92,94,105,106,115,135,138,150,156,165,185,186,196,197,198,224,229,237,245,246,247,249,334,335,336,337,338,339,340,341,342,343,344,345,346,347,378,379,380,381,385,386,387,388,389,390,391,392,393,394,395,396,397,398,399,400,401,428,438,445,447,514,515,516,517,617,728,821,898,1123,1124,1125,1153,1154,1263,1264,
178;1;1144;1217;0;0,32,70,72,92,94,105,106,115,135,138,150,156,165,185,186,196,197,198,224,229,237,245,246,247,249,334,335,336,337,338,339,340,341,342,343,344,345,346,347,378,379,380,381,385,386,387,388,389,390,391,392,393,394,395,396,397,398,399,400,401,428,438,445,447,514,515,516,517,617,728,821,898,1123,1124,1125,1153,1154,1263,1264,
341;0;1217;1364;1;0,32,70,72,92,94,105,106,115,135,138,150,156,165,185,186,196,197,198,224,229,237,245,246,247,249,334,335,336,337,338,339,340,341,342,343,344,345,346,347,378,379,380,381,385,386,387,388,389,390,391,392,393,394,395,396,397,398,399,400,401,428,438,445,447,514,515,516,517,617,728,821,898,1123,1124,1125,1153,1154,1263,1264,
341;1;1364;1464;1;0,32,70,72,92,94,105,106,115,135,138,150,156,165,185,186,196,197,198,224,229,237,245,246,247,249,334,335,336,337,338,339,340,341,342,343,344,345,346,347,378,379,380,381,385,386,387,388,389,390,391,392,393,394,395,396,397,398,399,400,401,428,438,445,447,514,515,516,517,617,728,821,898,1123,1124,1125,1153,1154,1263,1264,
269;0;1464;1513;1;0,32,70,72,92,94,105,106,115,135,138,150,156,165,185,186,196,197,198,224,229,237,245,246,247,249,334,335,336,337,338,339,340,341,342,343,344,345,346,347,378,379,380,381,385,386,387,388,389,390,391,392,393,394,395,396,397,398,399,400,401,428,438,445,447,514,515,516,517,617,728,821,898,1123,1124,1125,1153,1154,1263,1264,
269;1;1513;1537;1;0,32,70,72,92,94,105,106,115,135,138,150,156,165,185,186,196,197,198,224,229,237,245,246,247,249,334,335,336,337,338,339,340,341,342,343,344,345,346,347,378,379,380,381,385,386,387,388,389,390,391,392,393,394,395,396,397,398,399,400,401,428,438,445,447,514,515,516,517,617,728,821,898,1123,1124,1125,1153,1154,1263,1264,
546;0;1537;1612;1;0,32,70,72,92,94,105,106,115,135,138,150,156,165,185,186,196,197,198,224,229,237,245,246,247,249,334,335,336,337,338,339,340,341,342,343,344,345,346,347,378,379,380,381,385,386,387,388,389,390,391,392,393,394,395,396,397,398,399,400,401,428,438,445,447,514,515,516,517,617,728,821,898,1123,1124,1125,1153,1154,1263,1264,
546;1;1612;1689;1;0,32,70,72,92,94,105,106,115,135,138,150,156,165,185,186,196,197,198,224,229,237,245,246,247,249,334,335,336,337,338,339,340,341,342,343,344,345,346,347,378,379,380,381,385,386,387,388,389,390,391,392,393,394,395,396,397,398,399,400,401,428,438,445,447,514,515,516,517,617,728,821,898,1123,1124,1125,1153,1154,1263,1264,
20;0;1689;1762;0;0,32,70,72,92,94,105,106,115,135,138,150,156,165,185,186,196,197,198,224,229,237,245,246,247,249,334,335,336,337,338,339,340,341,342,343,344,345,346,347,378,379,380,381,385,386,387,388,389,390,391,392,393,394,395,396,397,398,399,400,401,428,438,445,447,514,515,516,517,617,728,821,898,1123,1124,1125,1153,1154,1263,1264,
482;0;1762;1803;0;0,32,70,72,92,94,105,106,115,135,138,150,156,165,185,186,196,197,198,224,229,237,245,246,247,249,334,335,336,337,338,339,340,341,342,343,344,345,346,347,378,379,380,381,385,386,387,388,389,390,391,392,393,394,395,396,397,398,399,400,401,428,438,445,447,514,515,516,517,617,728,821,898,1123,1124,1125,1153,1154,1263,1264,
319;0;1803;1909;1;0,32,70,72,92,94,105,106,115,135,138,150,156,165,185,186,196,197,198,224,229,237,245,246,247,249,334,335,336,337,338,339,340,341,342,343,344,345,346,347,378,379,380,381,385,386,387,388,389,390,391,392,393,394,395,396,397,398,399,400,401,428,438,445,447,514,515,516,517,617,728,821,898,1123,1124,1125,1153,1154,1263,1264,
319;1;1909;1980;1;0,32,70,72,92,94,105,106,115,135,138,150,156,165,185,186,196,197,198,224,229,237,245,246,247,249,334,335,336,337,338,339,340,341,342,343,344,345,346,347,378,379,380,381,385,386,387,388,389,390,391,392,393,394,395,396,397,398,399,400,401,428,438,445,447,514,515,516,517,617,728,821,898,1123,1124,1125,1153,1154,1263,1264,
346;0;1980;2148;1;32,45,50,51,63,70,74,81,104,135,138,185,186,196,228,235,334,335,336,337,338,339,340,341,342,343,346,347,379,385,388,390,392,396,400,402,405,428,520,530,532,617,626,686,687,688,689,690,691,692,693,694,695,696,697,728,780,814,815,816,817,818,819,820,821,822,898,949,950,951,952,953,954,955,956,957,958,959,1153,1154,
346;1;2148;2229;1;32,45,50,51,63,70,74,81,104,135,138,185,186,196,228,235,334,335,336,337,338,339,340,341,342,343,346,347,379,385,388,390,392,396,400,402,405,428,520,530,532,617,626,686,687,688,689,690,691,692,693,694,695,696,697,728,780,814,815,816,817,818,819,820,821,822,898,949,950,951,952,953,954,955,956,957,958,959,1153,1154,
100;0;2229;2329;0;32,45,50,51,63,70,74,81,104,135,138,185,186,196,228,235,334,335,336,337,338,339,340,341,342,343,346,347,379,385,388,390,392,396,400,402,405,428,520,530,532,617,626,686,687,688,689,690,691,692,693,694,695,696,697,728,780,814,815,816,817,818,819,820,821,822,898,949,950,951,952,953,954,955,956,957,958,959,1153,1154,
479;0;2329;2361;1;32,45,50,51,63,70,74,81,104,135,138,185,186,196,228,235,334,335,336,337,338,339,340,341,342,343,346,347,379,385,388,390,392,396,400,402,405,428,520,530,532,617,626,686,687,688,689,690,691,692,693,694,695,696,697,728,780,814,815,816,817,818,819,820,821,822,898,949,950,951,952,953,954,955,956,957,958,959,1153,1154,
479;1;2361;2536;1;32,45,50,51,63,70,74,81,104,135,138,185,186,196,228,235,334,335,336,337,338,339,340,341,342,343,346,347,379,385,388,390,392,396,400,402,405,428,520,530,532,617,626,686,687,688,689,690,691,692,693,694,695,696,697,728,780,814,815,816,817,818,819,820,821,822,898,949,950,951,952,953,954,955,956,957,958,959,1153,1154,
214;0;2536;2550;1;32,45,50,51,63,70,74,81,104,135,138,185,186,196,228,235,334,335,336,337,338,339,340,341,342,343,346,347,379,385,388,390,392,396,400,402,405,428,520,530,532,617,626,686,687,688,689,690,691,692,693,694,695,696,697,728,780,814,815,816,817,818,819,820,821,822,898,949,950,951,952,953,954,955,956,957,958,959,1153,1154,
214;1;2550;2711;1;32,45,50,51,63,70,74,81,104,135,138,185,186,196,228,235,334,335,336,337,338,339,340,341,342,343,346,347,379,385,388,390,392,396,400,402,405,428,520,530,532,617,626,686,687,688,689,690,691,692,693,694,695,696,697,728,780,814,815,816,817,818,819,820,821,822,898,949,950,951,952,953,954,955,956,957,958,959,1153,1154,
364;0;2711;2869;1;32,45,50,51,63,70,74,81,104,135,138,185,186,196,228,235,334,335,336,337,338,339,340,341,342,343,346,347,379,385,388,390,392,396,400,402,405,428,520,530,532,617,626,686,687,688,689,690,691,692,693,694,695,696,697,728,780,814,815,816,817,818,819,820,821,822,898,949,950,951,952,953,954,955,956,957,958,959,1153,1154,
364;1;2869;3030;1;32,45,50,51,63,70,74,81,104,135,138,185,186,196,228,235,334,335,336,337,338,339,340,341,342,343,346,347,379,385,388,390,392,396,400,402,405,428,520,530,532,617,626,686,687,688,689,690,691,692,693,694,695,696,697,728,780,814,815,816,817,818,819,820,821,822,898,949,950,951,952,953,954,955,956,957,958,959,1153,1154,
584;0;3030;3187;1;32,45,50,51,63,70,74,81,104,135,138,185,186,196,228,235,334,335,336,337,338,339,340,341,342,343,346,347,379,385,388,390,392,396,400,402,405,428,520,530,532,617,626,686,687,688,689,690,691,692,693,694,695,696,697,728,780,814,815,816,817,818,819,820,821,822,898,949,950,951,952,953,954,955,956,957,958,959,1153,1154,
584;1;3187;3287;1;32,45,50,51,63,70,74,81,104,135,138,185,186,196,228,235,334,335,336,337,338,339,340,341,342,343,346,347,379,385,388,390,392,396,400,402,405,428,520,530,532,617,626,686,687,688,689,690,691,692,693,694,695,696,697,728,780,814,815,816,817,818,819,820,821,822,898,949,950,951,952,953,954,955,956,957,958,959,1153,1154,
86;0;3287;3321;1;32,45,50,51,63,70,74,81,104,135,138,185,186,196,228,235,334,335,336,337,338,339,340,341,342,343,346,347,379,385,388,390,392,396,400,402,405,428,520,530,532,617,626,686,687,688,689,690,691,692,693,694,695,696,697,728,780,814,815,816,817,818,819,820,821,822,898,949,950,951,952,953,954,955,956,957,958,959,1153,1154,
86;1;3321;3496;1;32,45,50,51,63,70,74,81,104,135,138,185,186,196,228,235,334,335,336,337,338,339,340,341,342,343,346,347,379,385,388,390,392,396,400,402,405,428,520,530,532,617,626,686,687,688,689,690,691,692,693,694,695,696,697,728,780,814,815,816,817,818,819,820,821,822,898,949,950,951,952,953,954,955,956,957,958,959,1153,1154,
544;0;3496;3667;1;0,1,2,5,32,135,138,185,186,259,334,335,336,337,338,339,340,341,342,343,344,345,346,347,369,370,428,448,468,477,482,497,504,505,506,507,508,509,510,511,512,513,606,607,608,609,610,611,612,613,614,615,616,617,626,728,780,821,875,899,901,922,923,924,925,926,927,928,929,930,1031,1032,1033,1034,1035,1036,1037,1038,1153,1154,
544;1;3667;3744;1;0,1,2,5,32,135,138,185,186,259,334,335,336,337,338,339,340,341,342,343,344,345,346,347,369,370,428,448,468,477,482,497,504,505,506,507,508,509,510,511,512,513,606,607,608,609,610,611,612,613,614,615,616,617,626,728,780,821,875,899,901,922,923,924,925,926,927,928,929,930,1031,1032,1033,1034,1035,1036,1037,1038,1153,1154,
283;0;3744;3841;0;0,1,2,5,32,135,138,185,186,259,334,335,336,337,338,339,340,341,342,343,344,345,346,347,369,370,428,448,468,477,482,497,504,505,506,507,508,509,510,511,512,513,606,607,608,609,610,611,612,613,614,615,616,617,626,728,780,821,875,899,901,922,923,924,925,926,927,928,929,930,1031,1032,1033,1034,1035,1036,1037,1038,1153,1154,
283;1;3841;3914;0;0,1,2,5,32,135,138,185,186,259,334,335,336,337,338,339,340,341,342,343,344,345,346,347,369,370,428,448,468,477,482,497,504,505,506,507,508,509,510,511,512,513,606,607,608,609,610,611,612,613,614,615,616,617,626,728,780,821,875,899,901,922,923,924,925,926,927,928,929,930,1031,1032,1033,1034,1035,1036,1037,1038,1153,1154,
218;0;3914;3944;0;0,1,2,5,32,135,138,185,186,259,334,335,336,337,338,339,340,341,342,343,344,345,346,347,369,370,428,448,468,477,482,497,504,505,506,507,508,509,510,511,512,513,606,607,608,609,610,611,612,613,614,615,616,617,626,728,780,821,875,899,901,922,923,924,925,926,927,928,929,930,1031,1032,1033,1034,1035,1036,1037,1038,1153,1154,
218;1;3944;4010;0;0,1,2,5,32,135,138,185,186,259,334,335,336,337,338,339,340,341,342,343,344,345,346,347,369,370,428,448,468,477,482,497,504,505,506,507,508,509,510,511,512,513,606,607,608,609,610,611,612,613,614,615,616,617,626,728,780,821,875,899,901,922,923,924,925,926,927,928,929,930,1031,1032,1033,1034,1035,1036,1037,1038,1153,1154,
314;0;4010;4070;1;0,1,2,5,32,135,138,185,186,259,334,335,336,337,338,339,340,341,342,343,344,345,346,347,369,370,428,448,468,477,482,497,504,505,506,507,508,509,510,511,512,513,606,607,608,609,610,611,612,613,614,615,616,617,626,728,780,821,875,899,901,922,923,924,925,926,927,928,929,930,1031,1032,1033,1034,1035,1036,1037,1038,1153,1154,
314;1;4070;4130;1;0,1,2,5,32,135,138,185,186,259,334,335,336,337,338,339,340,341,342,343,344,345,346,347,369,370,428,448,468,477,482,497,504,505,506,507,508,509,510,511,512,513,606,607,608,609,610,611,612,613,614,615,616,617,626,728,780,821,875,899,901,922,923,924,925,926,927,928,929,930,1031,1032,1033,1034,1035,1036,1037,1038,1153,1154,
492;0;4130;4190;0;0,1,2,5,32,135,138,185,186,259,334,335,336,337,338,339,340,341,342,343,344,345,346,347,369,370,428,448,468,477,482,497,504,505,506,507,508,509,510,511,512,513,606,607,608,609,610,611,612,613,614,615,616,617,626,728,780,821,875,899,901,922,923,924,925,926,927,928,929,930,1031,1032,1033,1034,1035,1036,1037,1038,1153,1154,
481;0;4190;4350;1;0,1,2,5,32,135,138,185,186,259,334,335,336,337,338,339,340,341,342,343,344,345,346,347,369,370,428,448,468,477,482,497,504,505,506,507,508,509,510,511,512,513,606,607,608,609,610,611,612,613,614,615,616,617,626,728,780,821,875,899,901,922,923,924,925,926,927,928,929,930,1031,1032,1033,1034,1035,1036,1037,1038,1153,1154,
481;1;4350;4423;1;0,1,2,5,32,135,138,185,186,259,334,335,336,337,338,339,340,341,342,343,344,345,346,347,369,370,428,448,468,477,482,497,504,505,506,507,508,509,510,511,512,513,606,607,608,609,610,611,612,613,614,615,616,617,626,728,780,821,875,899,901,922,923,924,925,926,927,928,929,930,1031,1032,1033,1034,1035,1036,1037,1038,1153,1154,
41;0;4423;4565;1;0,1,2,5,32,135,138,185,186,259,334,335,336,337,338,339,340,341,342,343,344,345,346,347,369,370,428,448,468,477,482,497,504,505,506,507,508,509,510,511,512,513,606,607,608,609,610,611,612,613,614,615,616,617,626,728,780,821,875,899,901,922,923,924,925,926,927,928,929,930,1031,1032,1033,1034,1035,1036,1037,1038,1153,1154,
41;1;4565;4599;1;0,1,2,5,32,135,138,185,186,259,334,335,336,337,338,339,340,341,342,343,344,345,346,347,369,370,428,448,468,477,482,497,504,505,506,507,508,509,510,511,512,513,606,607,608,609,610,611,612,613,614,615,616,617,626,728,780,821,875,899,901,922,923,924,925,926,927,928,929,930,1031,1032,1033,1034,1035,1036,1037,1038,1153,1154,
586;0;4599;4665;1;0,1,2,5,32,135,138,185,186,259,334,335,336,337,338,339,340,341,342,343,344,345,346,347,369,370,428,448,468,477,482,497,504,505,506,507,508,509,510,511,512,513,606,607,608,609,610,611,612,613,614,615,616,617,626,728,780,821,875,899,901,922,923,924,925,926,927,928,929,930,1031,1032,1033,1034,1035,1036,1037,1038,1153,1154,
586;1;4665;4725;1;0,1,2,5,32,135,138,185,186,259,334,335,336,337,338,339,340,341,342,343,344,345,346,347,369,370,428,448,468,477,482,497,504,505,506,507,508,509,510,511,512,513,606,607,608,609,610,611,612,613,614,615,616,617,626,728,780,821,875,899,901,922,923,924,925,926,927,928,929,930,1031,1032,1033,1034,1035,1036,1037,1038,1153,1154,
613;0;4725;4786;0;0,1,2,5,32,135,138,185,186,259,334,335,336,337,338,339,340,341,342,343,344,345,346,347,369,370,428,448,468,477,482,497,504,505,506,507,508,509,510,511,512,513,606,607,608,609,610,611,612,613,614,615,616,617,626,728,780,821,875,899,901,922,923,924,925,926,927,928,929,930,1031,1032,1033,1034,1035,1036,1037,1038,1153,1154,
613;1;4786;4862;0;0,1,2,5,32,135,138,185,186,259,334,335,336,337,338,339,340,341,342,343,344,345,346,347,369,370,428,448,468,477,482,497,504,505,506,507,508,509,510,511,512,513,606,607,608,609,610,611,612,613,614,615,616,617,626,728,780,821,875,899,901,922,923,924,925,926,927,928,929,930,1031,1032,1033,1034,1035,1036,1037,1038,1153,1154,
144;0;4862;4892;1;0,1,2,5,32,135,138,185,186,259,334,335,336,337,338,339,340,341,342,343,344,345,346,347,369,370,428,448,468,477,482,497,504,505,506,507,508,509,510,511,512,513,606,607,608,609,610,611,612,613,614,615,616,617,626,728,780,821,875,899,901,922,923,924,925,926,927,928,929,930,1031,1032,1033,1034,1035,1036,1037,1038,1153,1154,
144;1;4892;4952;1;0,1,2,5,32,135,138,185,186,259,334,335,336,337,338,339,340,341,342,343,344,345,346,347,369,370,428,448,468,477,482,497,504,505,506,507,508,509,510,511,512,513,606,607,608,609,610,611,612,613,614,615,616,617,626,728,780,821,875,899,901,922,923,924,925,926,927,928,929,930,1031,1032,1033,1034,1035,1036,1037,1038,1153,1154,
236;0;4952;5050;1;0,1,2,5,32,135,138,185,186,259,334,335,336,337,338,339,340,341,342,343,344,345,346,347,369,370,428,448,468,477,482,497,504,505,506,507,508,509,510,511,512,513,606,607,608,609,610,611,612,613,614,615,616,617,626,728,780,821,875,899,901,922,923,924,925,926,927,928,929,930,1031,1032,1033,1034,1035,1036,1037,1038,1153,1154,
236;1;5050;5127;1;0,1,2,5,32,135,138,185,186,259,334,335,336,337,338,339,340,341,342,343,344,345,346,347,369,370,428,448,468,477,482,497,504,505,506,507,508,509,510,511,512,513,606,607,608,609,610,611,612,613,614,615,616,617,626,728,780,821,875,899,901,922,923,924,925,926,927,928,929,930,1031,1032,1033,1034,1035,1036,1037,1038,1153,1154,
81;0;5127;5281;1;0,1,2,5,32,135,138,185,186,259,334,335,336,337,338,339,340,341,342,343,344,345,346,347,369,370,428,448,468,477,482,497,504,505,506,507,508,509,510,511,512,513,606,607,608,609,610,611,612,613,614,615,616,617,626,728,780,821,875,899,901,922,923,924,925,926,927,928,929,930,1031,1032,1033,1034,1035,1036,1037,1038,1153,1154,
81;1;5281;5390;1;0,1,2,5,32,135,138,185,186,259,334,335,336,337,338,339,340,341,342,343,344,345,346,347,369,370,428,448,468,477,482,497,504,505,506,507,508,509,510,511,512,513,606,607,608,609,610,611,612,613,614,615,616,617,626,728,780,821,875,899,901,922,923,924,925,926,927,928,929,930,1031,1032,1033,1034,1035,1036,1037,1038,1153,1154,
642;0;5390;5486;0;0,1,2,5,32,135,138,185,186,259,334,335,336,337,338,339,340,341,342,343,344,345,346,347,369,370,428,448,468,477,482,497,504,505,506,507,508,509,510,511,512,513,606,607,608,609,610,611,612,613,614,615,616,617,626,728,780,821,875,899,901,922,923,924,925,926,927,928,929,930,1031,1032,1033,1034,1035,1036,1037,1038,1153,1154,
578;0;5486;5490;0;0,1,2,5,32,135,138,185,186,259,334,335,336,337,338,339,340,341,342,343,344,345,346,347,369,370,428,448,468,477,482,497,504,505,506,507,508,509,510,511,512,513,606,607,608,609,610,611,612,613,614,615,616,617,626,728,780,821,875,899,901,922,923,924,925,926,927,928,929,930,1031,1032,1033,1034,1035,1036,1037,1038,1153,1154,
578;1;5490;5524;0;0,1,2,5,32,135,138,185,186,259,334,335,336,337,338,339,340,341,342,343,344,345,346,347,369,370,428,448,468,477,482,497,504,505,506,507,508,509,510,511,512,513,606,607,608,609,610,611,612,613,614,615,616,617,626,728,780,821,875,899,901,922,923,924,925,926,927,928,929,930,1031,1032,1033,1034,1035,1036,1037,1038,1153,1154,
589;0;5524;5554;1;0,1,2,5,32,135,138,185,186,259,334,335,336,337,338,339,340,341,342,343,344,345,346,347,369,370,428,448,468,477,482,497,504,505,506,507,508,509,510,511,512,513,606,607,608,609,610,611,612,613,614,615,616,617,626,728,780,821,875,899,901,922,923,924,925,926,927,928,929,930,1031,1032,1033,1034,1035,1036,1037,1038,1153,1154,
589;1;5554;5693;1;0,1,2,5,32,135,138,185,186,259,334,335,336,337,338,339,340,341,342,343,344,345,346,347,369,370,428,448,468,477,482,497,504,505,506,507,508,509,510,511,512,513,606,607,608,609,610,611,612,613,614,615,616,617,626,728,780,821,875,899,901,922,923,924,925,926,927,928,929,930,1031,1032,1033,1034,1035,1036,1037,1038,1153,1154,
234;0;5693;5796;1;0,1,2,5,32,135,138,185,186,259,334,335,336,337,338,339,340,341,342,343,344,345,346,347,369,370,428,448,468,477,482,497,504,505,506,507,508,509,510,511,512,513,606,607,608,609,610,611,612,613,614,615,616,617,626,728,780,821,875,899,901,922,923,924,925,926,927,928,929,930,1031,1032,1033,1034,1035,1036,1037,1038,1153,1154,
234;1;5796;5830;1;0,1,2,5,32,135,138,185,186,259,334,335,336,337,338,339,340,341,342,343,344,345,346,347,369,370,428,448,468,477,482,497,504,505,506,507,508,509,510,511,512,513,606,607,608,609,610,611,612,613,614,615,616,617,626,728,780,821,875,899,901,922,923,924,925,926,927,928,929,930,1031,1032,1033,1034,1035,1036,1037,1038,1153,1154,
596;0;5830;5834;1;0,1,2,5,32,135,138,185,186,259,334,335,336,337,338,339,340,341,342,343,344,345,346,347,369,370,428,448,468,477,482,497,504,505,506,507,508,509,510,511,512,513,606,607,608,609,610,611,612,613,614,615,616,617,626,728,780,821,875,899,901,922,923,924,925,926,927,928,929,930,1031,1032,1033,1034,1035,1036,1037,1038,1153,1154,
596;1;5834;5900;1;0,1,2,5,32,135,138,185,186,259,334,335,336,337,338,339,340,341,342,343,344,345,346,347,369,370,428,448,468,477,482,497,504,505,506,507,508,509,510,511,512,513,606,607,608,609,610,611,612,613,614,615,616,617,626,728,780,821,875,899,901,922,923,924,925,926,927,928,929,930,1031,1032,1033,1034,1035,1036,1037,1038,1153,1154,
426;0;5900;5984;1;0,1,2,5,32,135,138,185,186,259,334,335,336,337,338,339,340,341,342,343,344,345,346,347,369,370,428,448,468,477,482,497,504,505,506,507,508,509,510,511,512,513,606,607,608,609,610,611,612,613,614,615,616,617,626,728,780,821,875,899,901,922,923,924,925,926,927,928,929,930,1031,1032,1033,1034,1035,1036,1037,1038,1153,1154,
426;1;5984;6057;1;0,1,2,5,32,135,138,185,186,259,334,335,336,337,338,339,340,341,342,343,344,345,346,347,369,370,428,448,468,477,482,497,504,505,506,507,508,509,510,511,512,513,606,607,608,609,610,611,612,613,614,615,616,617,626,728,780,821,875,899,901,922,923,924,925,926,927,928,929,930,1031,1032,1033,1034,1035,1036,1037,1038,1153,1154,
631;0;6057;6137;1;0,1,2,5,32,43,122,129,131,135,138,139,185,186,252,259,304,316,320,332,335,336,337,342,343,345,346,347,358,366,369,370,408,412,428,434,448,456,497,506,519,613,617,618,619,620,621,622,623,624,625,626,627,628,629,630,631,632,633,634,635,636,637,638,639,640,641,642,643,644,645,646,647,648,649,728,780,821,1153,1154,
631;1;6137;6197;1;0,1,2,5,32,43,122,129,131,135,138,139,185,186,252,259,304,316,320,332,335,336,337,342,343,345,346,347,358,366,369,370,408,412,428,434,448,456,497,506,519,613,617,618,619,620,621,622,623,624,625,626,627,628,629,630,631,632,633,634,635,636,637,638,639,640,641,642,643,644,645,646,647,648,649,728,780,821,1153,1154,
215;0;6197;6247;0;0,1,2,5,32,43,122,129,131,135,138,139,185,186,252,259,304,316,320,332,335,336,337,342,343,345,346,347,358,366,369,370,408,412,428,434,448,456,497,506,519,613,617,618,619,620,621,622,623,624,625,626,627,628,629,630,631,632,633,634,635,636,637,638,639,640,641,642,643,644,645,646,647,648,649,728,780,821,1153,1154,
639;0;6247;6302;1;0,1,2,5,32,43,122,129,131,135,138,139,185,186,252,259,304,316,320,332,335,336,337,342,343,345,346,347,358,366,369,370,408,412,428,434,448,456,497,506,519,613,617,618,619,620,621,622,623,624,625,626,627,628,629,630,631,632,633,634,635,636,637,638,639,640,641,642,643,644,645,646,647,648,649,728,780,821,1153,1154,
639;1;6302;6411;1;0,1,2,5,32,43,122,129,131,135,138,139,185,186,252,259,304,316,320,332,335,336,337,342,343,345,346,347,358,366,369,370,408,412,428,434,448,456,497,506,519,613,617,618,619,620,621,622,623,624,625,626,627,628,629,630,631,632,633,634,635,636,637,638,639,640,641,642,643,644,645,646,647,648,649,728,780,821,1153,1154,
623;0;6411;6437;0;0,1,2,5,32,128,129,134,135,138,185,186,252,253,254,255,256,257,258,259,260,261,262,263,264,265,266,267,268,269,320,327,332,335,336,337,342,343,345,346,347,358,360,404,428,449,450,451,452,453,454,455,456,457,458,459,484,497,613,617,626,636,651,654,662,663,664,665,666,667,728,780,821,931,932,933,934,935,1153,1154,
623;1;6437;6534;0;0,1,2,5,32,128,129,134,135,138,185,186,252,253,254,255,256,257,258,259,260,261,262,263,264,265,266,267,268,269,320,327,332,335,336,337,342,343,345,346,347,358,360,404,428,449,450,451,452,453,454,455,456,457,458,459,484,497,613,617,626,636,651,654,662,663,664,665,666,667,728,780,821,931,932,933,934,935,1153,1154,
387;0;6534;6546;0;0,1,2,5,32,128,129,134,135,138,185,186,252,253,254,255,256,257,258,259,260,261,262,263,264,265,266,267,268,269,320,327,332,335,336,337,342,343,345,346,347,358,360,404,428,449,450,451,452,453,454,455,456,457,458,459,484,497,613,617,626,636,651,654,662,663,664,665,666,667,728,780,821,931,932,933,934,935,1153,1154,
498;0;6546;6647;0;0,1,2,5,32,128,129,134,135,138,185,186,252,253,254,255,256,257,258,259,260,261,262,263,264,265,266,267,268,269,320,327,332,335,336,337,342,343,345,346,347,358,360,404,428,449,450,451,452,453,454,455,456,457,458,459,484,497,613,617,626,636,651,654,662,663,664,665,666,667,728,780,821,931,932,933,934,935,1153,1154,
498;1;6647;6659;0;0,1,2,5,32,128,129,134,135,138,185,186,252,253,254,255,256,257,258,259,260,261,262,263,264,265,266,267,268,269,320,327,332,335,336,337,342,343,345,346,347,358,360,404,428,449,450,451,452,453,454,455,456,457,458,459,484,497,613,617,626,636,651,654,662,663,664,665,666,667,728,780,821,931,932,933,934,935,1153,1154,
131;0;6659;6799;1;0,1,2,5,32,128,129,134,135,138,185,186,252,253,254,255,256,257,258,259,260,261,262,263,264,265,266,267,268,269,320,327,332,335,336,337,342,343,345,346,347,358,360,404,428,449,450,451,452,453,454,455,456,457,458,459,484,497,613,617,626,636,651,654,662,663,664,665,666,667,728,780,821,931,932,933,934,935,1153,1154,
131;1;6799;6923;1;0,1,2,5,32,128,129,134,135,138,185,186,252,253,254,255,256,257,258,259,260,261,262,263,264,265,266,267,268,269,320,327,332,335,336,337,342,343,345,346,347,358,360,404,428,449,450,451,452,453,454,455,456,457,458,459,484,497,613,617,626,636,651,654,662,663,664,665,666,667,728,780,821,931,932,933,934,935,1153,1154,
208;0;6923;6945;0;0,1,2,5,32,128,129,134,135,138,185,186,252,253,254,255,256,257,258,259,260,261,262,263,264,265,266,267,268,269,320,327,332,335,336,337,342,343,345,346,347,358,360,404,428,449,450,451,452,453,454,455,456,457,458,459,484,497,613,617,626,636,651,654,662,663,664,665,666,667,728,780,821,931,932,933,934,935,1153,1154,
208;1;6945;6989;0;0,1,2,5,32,128,129,134,135,138,185,186,252,253,254,255,256,257,258,259,260,261,262,263,264,265,266,267,268,269,320,327,332,335,336,337,342,343,345,346,347,358,360,404,428,449,450,451,452,453,454,455,456,457,458,459,484,497,613,617,626,636,651,654,662,663,664,665,666,667,728,780,821,931,932,933,934,935,1153,1154,
653;0;6989;7004;0;0,1,2,5,32,128,129,134,135,138,185,186,252,253,254,255,256,257,258,259,260,261,262,263,264,265,266,267,268,269,320,327,332,335,336,337,342,343,345,346,347,358,360,404,428,449,450,451,452,453,454,455,456,457,458,459,484,497,613,617,626,636,651,654,662,663,664,665,666,667,728,780,821,931,932,933,934,935,1153,1154,
653;1;7004;7016;0;0,1,2,5,32,128,129,134,135,138,185,186,252,253,254,255,256,257,258,259,260,261,262,263,264,265,266,267,268,269,320,327,332,335,336,337,342,343,345,346,347,358,360,404,428,449,450,451,452,453,454,455,456,457,458,459,484,497,613,617,626,636,651,654,662,663,664,665,666,667,728,780,821,931,932,933,934,935,1153,1154,
16;0;7016;7167;1;0,1,2,5,32,128,129,134,135,138,185,186,252,253,254,255,256,257,258,259,260,261,262,263,264,265,266,267,268,269,320,327,332,335,336,337,342,343,345,346,347,358,360,404,428,449,450,451,452,453,454,455,456,457,458,459,484,497,613,617,626,636,651,654,662,663,664,665,666,667,728,780,821,931,932,933,934,935,1153,1154,
16;1;7167;7264;1;0,1,2,5,32,128,129,134,135,138,185,186,252,253,254,255,256,257,258,259,260,261,262,263,264,265,266,267,268,269,320,327,332,335,336,337,342,343,345,346,347,358,360,404,428,449,450,451,452,453,454,455,456,457,458,459,484,497,613,617,626,636,651,654,662,663,664,665,666,667,728,780,821,931,932,933,934,935,1153,1154,
406;0;7264;7270;1;0,1,2,5,32,128,129,134,135,138,185,186,252,253,254,255,256,257,258,259,260,261,262,263,264,265,266,267,268,269,320,327,332,335,336,337,342,343,345,346,347,358,360,404,428,449,450,451,452,453,454,455,456,457,458,459,484,497,613,617,626,636,651,654,662,663,664,665,666,667,728,780,821,931,932,933,934,935,1153,1154,
406;1;7270;7346;1;0,1,2,5,32,128,129,134,135,138,185,186,252,253,254,255,256,257,258,259,260,261,262,263,264,265,266,267,268,269,320,327,332,335,336,337,342,343,345,346,347,358,360,404,428,449,450,451,452,453,454,455,456,457,458,459,484,497,613,617,626,636,651,654,662,663,664,665,666,667,728,780,821,931,932,933,934,935,1153,1154,
471;0;7346;7351;1;0,1,2,5,32,128,129,134,135,138,185,186,252,253,254,255,256,257,258,259,260,261,262,263,264,265,266,267,268,269,320,327,332,335,336,337,342,343,345,346,347,358,360,404,428,449,450,451,452,453,454,455,456,457,458,459,484,497,613,617,626,636,651,654,662,663,664,665,666,667,728,780,821,931,932,933,934,935,1153,1154,
471;1;7351;7428;1;0,1,2,5,32,128,129,134,135,138,185,186,252,253,254,255,256,257,258,259,260,261,262,263,264,265,266,267,268,269,320,327,332,335,336,337,342,343,345,346,347,358,360,404,428,449,450,451,452,453,454,455,456,457,458,459,484,497,613,617,626,636,651,654,662,663,664,665,666,667,728,780,821,931,932,933,934,935,1153,1154,
249;0;7428;7514;1;0,1,2,5,32,128,129,134,135,138,185,186,252,253,254,255,256,257,258,259,260,261,262,263,264,265,266,267,268,269,320,327,332,335,336,337,342,343,345,346,347,358,360,404,428,449,450,451,452,453,454,455,456,457,458,459,484,497,613,617,626,636,651,654,662,663,664,665,666,667,728,780,821,931,932,933,934,935,1153,1154,
249;1;7514;7591;1;0,1,2,5,32,128,129,134,135,138,185,186,252,253,254,255,256,257,258,259,260,261,262,263,264,265,266,267,268,269,320,327,332,335,336,337,342,343,345,346,347,358,360,404,428,449,450,451,452,453,454,455,456,457,458,459,484,497,613,617,626,636,651,654,662,663,664,665,666,667,728,780,821,931,932,933,934,935,1153,1154,
382;0;7591;7667;0;0,1,2,5,32,128,129,134,135,138,185,186,252,253,254,255,256,257,258,259,260,261,262,263,264,265,266,267,268,269,320,327,332,335,336,337,342,343,345,346,347,358,360,404,428,449,450,451,452,453,454,455,456,457,458,459,484,497,613,617,626,636,651,654,662,663,664,665,666,667,728,780,821,931,932,933,934,935,1153,1154,
223;0;7667;7720;0;0,1,2,5,32,128,129,134,135,138,185,186,252,253,254,255,256,257,258,259,260,261,262,263,264,265,266,267,268,269,320,327,332,335,336,337,342,343,345,346,347,358,360,404,428,449,450,451,452,453,454,455,456,457,458,459,484,497,613,617,626,636,651,654,662,663,664,665,666,667,728,780,821,931,932,933,934,935,1153,1154,
223;1;7720;7732;0;0,1,2,5,32,128,129,134,135,138,185,186,252,253,254,255,256,257,258,259,260,261,262,263,264,265,266,267,268,269,320,327,332,335,336,337,342,343,345,346,347,358,360,404,428,449,450,451,452,453,454,455,456,457,458,459,484,497,613,617,626,636,651,654,662,663,664,665,666,667,728,780,821,931,932,933,934,935,1153,1154,
331;0;7732;7850;1;0,1,2,3,4,5,6,7,8,9,10,11,12,13,14,15,16,27,32,129,135,138,185,186,217,254,256,258,297,307,316,332,337,342,346,347,358,368,406,428,485,566,596,605,613,626,636,710,713,780,821,935,936,937,938,939,940,941,942,943,944,945,946,947,948,961,1098,1099,1100,1101,1102,1103,1104,1105,1106,1301,1302,1303,1304,1305,
331;1;7850;7981;1;0,1,2,3,4,5,6,7,8,9,10,11,12,13,14,15,16,27,32,129,135,138,185,186,217,254,256,258,297,307,316,332,337,342,346,347,358,368,406,428,485,566,596,605,613,626,636,710,713,780,821,935,936,937,938,939,940,941,942,943,944,945,946,947,948,961,1098,1099,1100,1101,1102,1103,1104,1105,1106,1301,1302,1303,1304,1305,
113;0;7981;8034;0;0,1,2,3,4,5,6,7,8,9,10,11,12,13,14,15,16,27,32,129,135,138,185,186,217,254,256,258,297,307,316,332,337,342,346,347,358,368,406,428,485,566,596,605,613,626,636,710,713,780,821,935,936,937,938,939,940,941,942,943,944,945,946,947,948,961,1098,1099,1100,1101,1102,1103,1104,1105,1106,1301,1302,1303,1304,1305,
113;1;8034;8123;0;0,1,2,3,4,5,6,7,8,9,10,11,12,13,14,15,16,27,32,129,135,138,185,186,217,254,256,258,297,307,316,332,337,342,346,347,358,368,406,428,485,566,596,605,613,626,636,710,713,780,821,935,936,937,938,939,940,941,942,943,944,945,946,947,948,961,1098,1099,1100,1101,1102,1103,1104,1105,1106,1301,1302,1303,1304,1305,
381;0;8123;8243;1;0,1,2,3,4,5,6,7,8,9,10,11,12,13,14,15,16,27,32,129,135,138,185,186,217,254,256,258,297,307,316,332,337,342,346,347,358,368,406,428,485,566,596,605,613,626,636,710,713,780,821,935,936,937,938,939,940,941,942,943,944,945,946,947,948,961,1098,1099,1100,1101,1102,1103,1104,1105,1106,1301,1302,1303,1304,1305,
381;1;8243;8298;1;0,1,2,3,4,5,6,7,8,9,10,11,12,13,14,15,16,27,32,129,135,138,185,186,217,254,256,258,297,307,316,332,337,342,346,347,358,368,406,428,485,566,596,605,613,626,636,710,713,780,821,935,936,937,938,939,940,941,942,943,944,945,946,947,948,961,1098,1099,1100,1101,1102,1103,1104,1105,1106,1301,1302,1303,1304,1305,
371;0;8298;8316;1;0,1,2,3,4,5,6,7,8,9,10,11,12,13,14,15,16,27,32,129,135,138,185,186,217,254,256,258,297,307,316,332,337,342,346,347,358,368,406,428,485,566,596,605,613,626,636,710,713,780,821,935,936,937,938,939,940,941,942,943,944,945,946,947,948,961,1098,1099,1100,1101,1102,1103,1104,1105,1106,1301,1302,1303,1304,1305,
371;1;8316;8447;1;0,1,2,3,4,5,6,7,8,9,10,11,12,13,14,15,16,27,32,129,135,138,185,186,217,254,256,258,297,307,316,332,337,342,346,347,358,368,406,428,485,566,596,605,613,626,636,710,713,780,821,935,936,937,938,939,940,941,942,943,944,945,946,947,948,961,1098,1099,1100,1101,1102,1103,1104,1105,1106,1301,1302,1303,1304,1305,
496;0;8447;8525;1;0,1,2,3,4,5,6,7,8,9,10,11,12,13,14,15,16,27,32,129,135,138,185,186,217,254,256,258,297,307,316,332,337,342,346,347,358,368,406,428,485,566,596,605,613,626,636,710,713,780,821,935,936,937,938,939,940,941,942,943,944,945,946,947,948,961,1098,1099,1100,1101,1102,1103,1104,1105,1106,1301,1302,1303,1304,1305,
496;1;8525;8694;1;0,1,2,3,4,5,6,7,8,9,10,11,12,13,14,15,16,27,32,129,135,138,185,186,217,254,256,258,297,307,316,332,337,342,346,347,358,368,406,428,485,566,596,605,613,626,636,710,713,780,821,935,936,937,938,939,940,941,942,943,944,945,946,947,948,961,1098,1099,1100,1101,1102,1103,1104,1105,1106,1301,1302,1303,1304,1305,
243;0;8694;8715;0;0,1,2,3,4,5,6,7,8,9,10,11,12,13,14,15,16,27,32,129,135,138,185,186,217,254,256,258,297,307,316,332,337,342,346,347,358,368,406,428,485,566,596,605,613,626,636,710,713,780,821,935,936,937,938,939,940,941,942,943,944,945,946,947,948,961,1098,1099,1100,1101,1102,1103,1104,1105,1106,1301,1302,1303,1304,1305,
243;1;8715;8738;0;0,1,2,3,4,5,6,7,8,9,10,11,12,13,14,15,16,27,32,129,135,138,185,186,217,254,256,258,297,307,316,332,337,342,346,347,358,368,406,428,485,566,596,605,613,626,636,710,713,780,821,935,936,937,938,939,940,941,942,943,944,945,946,947,948,961,1098,1099,1100,1101,1102,1103,1104,1105,1106,1301,1302,1303,1304,1305,
123;0;8738;8811;0;0,1,2,3,4,5,6,7,8,9,10,11,12,13,14,15,16,27,32,129,135,138,185,186,217,254,256,258,297,307,316,332,337,342,346,347,358,368,406,428,485,566,596,605,613,626,636,710,713,780,821,935,936,937,938,939,940,941,942,943,944,945,946,947,948,961,1098,1099,1100,1101,1102,1103,1104,1105,1106,1301,1302,1303,1304,1305,
123;1;8811;8866;0;0,1,2,3,4,5,6,7,8,9,10,11,12,13,14,15,16,27,32,129,135,138,185,186,217,254,256,258,297,307,316,332,337,342,346,347,358,368,406,428,485,566,596,605,613,626,636,710,713,780,821,935,936,937,938,939,940,941,942,943,944,945,946,947,948,961,1098,1099,1100,1101,1102,1103,1104,1105,1106,1301,1302,1303,1304,1305,
104;0;8866;9030;1;0,1,2,3,4,5,6,7,8,9,10,11,12,13,14,15,16,27,32,129,135,138,185,186,217,254,256,258,297,307,316,332,337,342,346,347,358,368,406,428,485,566,596,605,613,626,636,710,713,780,821,935,936,937,938,939,940,941,942,943,944,945,946,947,948,961,1098,1099,1100,1101,1102,1103,1104,1105,1106,1301,1302,1303,1304,1305,
104;1;9030;9200;1;0,1,2,3,4,5,6,7,8,9,10,11,12,13,14,15,16,27,32,129,135,138,185,186,217,254,256,258,297,307,316,332,337,342,346,347,358,368,406,428,485,566,596,605,613,626,636,710,713,780,821,935,936,937,938,939,940,941,942,943,944,945,946,947,948,961,1098,1099,1100,1101,1102,1103,1104,1105,1106,1301,1302,1303,1304,1305,
569;0;9200;9344;1;3,4,8,27,32,129,132,135,136,138,185,186,217,254,256,258,307,316,332,337,342,346,347,368,382,405,406,412,428,485,506,518,519,520,521,522,523,524,525,526,527,528,529,530,531,532,533,534,535,536,566,596,613,626,710,713,780,814,815,816,817,818,819,820,821,822,936,937,938,939,940,941,942,943,944,945,946,947,948,1165,
569;1;9344;9519;1;3,4,8,27,32,129,132,135,136,138,185,186,217,254,256,258,307,316,332,337,342,346,347,368,382,405,406,412,428,485,506,518,519,520,521,522,523,524,525,526,527,528,529,530,531,532,533,534,535,536,566,596,613,626,710,713,780,814,815,816,817,818,819,820,821,822,936,937,938,939,940,941,942,943,944,945,946,947,948,1165,
325;0;9519;9542;0;3,4,8,27,32,129,132,135,136,138,185,186,217,254,256,258,307,316,332,337,342,346,347,368,382,405,406,412,428,485,506,518,519,520,521,522,523,524,525,526,527,528,529,530,531,532,533,534,535,536,566,596,613,626,710,713,780,814,815,816,817,818,819,820,821,822,936,937,938,939,940,941,942,943,944,945,946,947,948,1165,
369;0;9542;9593;1;3,4,8,27,32,129,132,135,136,138,185,186,217,254,256,258,307,316,332,337,342,346,347,368,382,405,406,412,428,485,506,518,519,520,521,522,523,524,525,526,527,528,529,530,531,532,533,534,535,536,566,596,613,626,710,713,780,814,815,816,817,818,819,820,821,822,936,937,938,939,940,941,942,943,944,945,946,947,948,1165,
369;1;9593;9632;1;3,4,8,27,32,129,132,135,136,138,185,186,217,254,256,258,307,316,332,337,342,346,347,368,382,405,406,412,428,485,506,518,519,520,521,522,523,524,525,526,527,528,529,530,531,532,533,534,535,536,566,596,613,626,710,713,780,814,815,816,817,818,819,820,821,822,936,937,938,939,940,941,942,943,944,945,946,947,948,1165,
125;0;9632;9671;0;3,4,8,27,32,129,132,135,136,138,185,186,217,254,256,258,307,316,332,337,342,346,347,368,382,405,406,412,428,485,506,518,519,520,521,522,523,524,525,526,527,528,529,530,531,532,533,534,535,536,566,596,613,626,710,713,780,814,815,816,817,818,819,820,821,822,936,937,938,939,940,941,942,943,944,945,946,947,948,1165,
614;0;9671;9691;1;3,4,8,27,32,129,132,135,136,138,185,186,217,254,256,258,307,316,332,337,342,346,347,368,382,405,406,412,428,485,506,518,519,520,521,522,523,524,525,526,527,528,529,530,531,532,533,534,535,536,566,596,613,626,710,713,780,814,815,816,817,818,819,820,821,822,936,937,938,939,940,941,942,943,944,945,946,947,948,1165,
614;1;9691;9780;1;3,4,8,27,32,129,132,135,136,138,185,186,217,254,256,258,307,316,332,337,342,346,347,368,382,405,406,412,428,485,506,518,519,520,521,522,523,524,525,526,527,528,529,530,531,532,533,534,535,536,566,596,613,626,710,713,780,814,815,816,817,818,819,820,821,822,936,937,938,939,940,941,942,943,944,945,946,947,948,1165,
209;0;9780;9930;1;3,4,8,27,32,129,132,135,136,138,185,186,217,254,256,258,307,316,332,337,342,346,347,368,382,405,406,412,428,485,506,518,519,520,521,522,523,524,525,526,527,528,529,530,531,532,533,534,535,536,566,596,613,626,710,713,780,814,815,816,817,818,819,820,821,822,936,937,938,939,940,941,942,943,944,945,946,947,948,1165,
209;1;9930;9966;1;3,4,8,27,32,129,132,135,136,138,185,186,217,254,256,258,307,316,332,337,342,346,347,368,382,405,406,412,428,485,506,518,519,520,521,522,523,524,525,526,527,528,529,530,531,532,533,534,535,536,566,596,613,626,710,713,780,814,815,816,817,818,819,820,821,822,936,937,938,939,940,941,942,943,944,945,946,947,948,1165,
250;0;9966;10002;0;3,4,8,27,32,129,132,135,136,138,185,186,217,254,256,258,307,316,332,337,342,346,347,368,382,405,406,412,428,485,506,518,519,520,521,522,523,524,525,526,527,528,529,530,531,532,533,534,535,536,566,596,613,626,710,713,780,814,815,816,817,818,819,820,821,822,936,937,938,939,940,941,942,943,944,945,946,947,948,1165,
Machine: 5
248;0;0;75;0;0,1,2,3,4,5,32,59,63,67,70,72,105,129,134,135,136,138,150,156,157,186,196,223,224,225,226,227,228,229,230,231,232,233,234,235,236,237,238,239,240,241,242,243,244,254,271,272,286,327,332,335,336,360,369,370,428,518,522,527,626,629,654,660,661,763,780,811,812,813,821,931,932,1126,1135,1137,1227,1228,1229,1230,
248;1;75;104;0;0,1,2,3,4,5,32,59,63,67,70,72,105,129,134,135,136,138,150,156,157,186,196,223,224,225,226,227,228,229,230,231,232,233,234,235,236,237,238,239,240,241,242,243,244,254,271,272,286,327,332,335,336,360,369,370,428,518,522,527,626,629,654,660,661,763,780,811,812,813,821,931,932,1126,1135,1137,1227,1228,1229,1230,
675;0;104;131;0;0,1,2,3,4,5,32,59,63,67,70,72,105,129,134,135,136,138,150,156,157,186,196,223,224,225,226,227,228,229,230,231,232,233,234,235,236,237,238,239,240,241,242,243,244,254,271,272,286,327,332,335,336,360,369,370,428,518,522,527,626,629,654,660,661,763,780,811,812,813,821,931,932,1126,1135,1137,1227,1228,1229,1230,
507;0;131;208;0;0,1,2,3,4,5,32,59,63,67,70,72,105,129,134,135,136,138,150,156,157,186,196,223,224,225,226,227,228,229,230,231,232,233,234,235,236,237,238,239,240,241,242,243,244,254,271,272,286,327,332,335,336,360,369,370,428,518,522,527,626,629,654,660,661,763,780,811,812,813,821,931,932,1126,1135,1137,1227,1228,1229,1230,
71;0;208;230;1;0,1,2,3,4,5,32,59,63,67,70,72,105,129,134,135,136,138,150,156,157,186,196,223,224,225,226,227,228,229,230,231,232,233,234,235,236,237,238,239,240,241,242,243,244,254,271,272,286,327,332,335,336,360,369,370,428,518,522,527,626,629,654,660,661,763,780,811,812,813,821,931,932,1126,1135,1137,1227,1228,1229,1230,
71;1;230;381;1;0,1,2,3,4,5,32,59,63,67,70,72,105,129,134,135,136,138,150,156,157,186,196,223,224,225,226,227,228,229,230,231,232,233,234,235,236,237,238,239,240,241,242,243,244,254,271,272,286,327,332,335,336,360,369,370,428,518,522,527,626,629,654,660,661,763,780,811,812,813,821,931,932,1126,1135,1137,1227,1228,1229,1230,
324;0;381;510;1;0,1,2,3,4,5,32,59,63,67,70,72,105,129,134,135,136,138,150,156,157,186,196,223,224,225,226,227,228,229,230,231,232,233,234,235,236,237,238,239,240,241,242,243,244,254,271,272,286,327,332,335,336,360,369,370,428,518,522,527,626,629,654,660,661,763,780,811,812,813,821,931,932,1126,1135,1137,1227,1228,1229,1230,
324;1;510;539;1;0,1,2,3,4,5,32,59,63,67,70,72,105,129,134,135,136,138,150,156,157,186,196,223,224,225,226,227,228,229,230,231,232,233,234,235,236,237,238,239,240,241,242,243,244,254,271,272,286,327,332,335,336,360,369,370,428,518,522,527,626,629,654,660,661,763,780,811,812,813,821,931,932,1126,1135,1137,1227,1228,1229,1230,
204;0;539;718;1;0,1,2,3,4,5,6,7,8,9,10,11,12,13,14,15,16,32,67,70,105,122,123,124,125,126,127,128,129,130,131,132,133,134,135,136,137,138,139,140,141,150,156,157,186,225,234,237,254,327,332,335,336,360,369,370,378,379,380,381,428,518,522,527,626,629,654,660,661,763,780,811,812,813,821,931,932,933,934,935,
204;1;718;827;1;0,1,2,3,4,5,6,7,8,9,10,11,12,13,14,15,16,32,67,70,105,122,123,124,125,126,127,128,129,130,131,132,133,134,135,136,137,138,139,140,141,150,156,157,186,225,234,237,254,327,332,335,336,360,369,370,378,379,380,381,428,518,522,527,626,629,654,660,661,763,780,811,812,813,821,931,932,933,934,935,
107;0;827;839;0;0,1,2,3,4,5,6,7,8,9,10,11,12,13,14,15,16,32,67,70,105,122,123,124,125,126,127,128,129,130,131,132,133,134,135,136,137,138,139,140,141,150,156,157,186,225,234,237,254,327,332,335,336,360,369,370,378,379,380,381,428,518,522,527,626,629,654,660,661,763,780,811,812,813,821,931,932,933,934,935,
9;0;839;919;1;0,1,2,3,4,5,6,7,8,9,10,11,12,13,14,15,16,32,67,70,105,122,123,124,125,126,127,128,129,130,131,132,133,134,135,136,137,138,139,140,141,150,156,157,186,225,234,237,254,327,332,335,336,360,369,370,378,379,380,381,428,518,522,527,626,629,654,660,661,763,780,811,812,813,821,931,932,933,934,935,
9;1;919;982;1;0,1,2,3,4,5,6,7,8,9,10,11,12,13,14,15,16,32,67,70,105,122,123,124,125,126,127,128,129,130,131,132,133,134,135,136,137,138,139,140,141,150,156,157,186,225,234,237,254,327,332,335,336,360,369,370,378,379,380,381,428,518,522,527,626,629,654,660,661,763,780,811,812,813,821,931,932,933,934,935,
338;0;982;1035;0;0,1,2,3,4,5,6,7,8,9,10,11,12,13,14,15,16,32,67,70,105,122,123,124,125,126,127,128,129,130,131,132,133,134,135,136,137,138,139,140,141,150,156,157,186,225,234,237,254,327,332,335,336,360,369,370,378,379,380,381,428,518,522,527,626,629,654,660,661,763,780,811,812,813,821,931,932,933,934,935,
338;1;1035;1090;0;0,1,2,3,4,5,6,7,8,9,10,11,12,13,14,15,16,32,67,70,105,122,123,124,125,126,127,128,129,130,131,132,133,134,135,136,137,138,139,140,141,150,156,157,186,225,234,237,254,327,332,335,336,360,369,370,378,379,380,381,428,518,522,527,626,629,654,660,661,763,780,811,812,813,821,931,932,933,934,935,
109;0;1090;1142;1;0,1,2,3,4,5,6,7,8,9,10,11,12,13,14,15,16,32,67,70,105,122,123,124,125,126,127,128,129,130,131,132,133,134,135,136,137,138,139,140,141,150,156,157,186,225,234,237,254,327,332,335,336,360,369,370,378,379,380,381,428,518,522,527,626,629,654,660,661,763,780,811,812,813,821,931,932,933,934,935,
109;1;1142;1251;1;0,1,2,3,4,5,6,7,8,9,10,11,12,13,14,15,16,32,67,70,105,122,123,124,125,126,127,128,129,130,131,132,133,134,135,136,137,138,139,140,141,150,156,157,186,225,234,237,254,327,332,335,336,360,369,370,378,379,380,381,428,518,522,527,626,629,654,660,661,763,780,811,812,813,821,931,932,933,934,935,
566;0;1251;1342;1;0,1,2,3,4,5,6,7,8,9,10,11,12,13,14,15,16,32,67,70,105,122,123,124,125,126,127,128,129,130,131,132,133,134,135,136,137,138,139,140,141,150,156,157,186,225,234,237,254,327,332,335,336,360,369,370,378,379,380,381,428,518,522,527,626,629,654,660,661,763,780,811,812,813,821,931,932,933,934,935,
566;1;1342;1354;1;0,1,2,3,4,5,6,7,8,9,10,11,12,13,14,15,16,32,67,70,105,122,123,124,125,126,127,128,129,130,131,132,133,134,135,136,137,138,139,140,141,150,156,157,186,225,234,237,254,327,332,335,336,360,369,370,378,379,380,381,428,518,522,527,626,629,654,660,661,763,780,811,812,813,821,931,932,933,934,935,
85;0;1354;1381;0;0,1,2,3,4,5,6,7,8,9,10,11,12,13,14,15,16,32,67,70,105,122,123,124,125,126,127,128,129,130,131,132,133,134,135,136,137,138,139,140,141,150,156,157,186,225,234,237,254,327,332,335,336,360,369,370,378,379,380,381,428,518,522,527,626,629,654,660,661,763,780,811,812,813,821,931,932,933,934,935,
0;0;1381;1556;1;0,1,2,3,4,5,6,7,8,9,10,11,12,13,14,15,16,32,67,70,105,122,123,124,125,126,127,128,129,130,131,132,133,134,135,136,137,138,139,140,141,150,156,157,186,225,234,237,254,327,332,335,336,360,369,370,378,379,380,381,428,518,522,527,626,629,654,660,661,763,780,811,812,813,821,931,932,933,934,935,
0;1;1556;1611;1;0,1,2,3,4,5,6,7,8,9,10,11,12,13,14,15,16,32,67,70,105,122,123,124,125,126,127,128,129,130,131,132,133,134,135,136,137,138,139,140,141,150,156,157,186,225,234,237,254,327,332,335,336,360,369,370,378,379,380,381,428,518,522,527,626,629,654,660,661,763,780,811,812,813,821,931,932,933,934,935,
108;0;1611;1655;0;0,1,2,3,4,5,6,7,8,9,10,11,12,13,14,15,16,32,67,70,105,122,123,124,125,126,127,128,129,130,131,132,133,134,135,136,137,138,139,140,141,150,156,157,186,225,234,237,254,327,332,335,336,360,369,370,378,379,380,381,428,518,522,527,626,629,654,660,661,763,780,811,812,813,821,931,932,933,934,935,
108;1;1655;1732;0;0,1,2,3,4,5,6,7,8,9,10,11,12,13,14,15,16,32,67,70,105,122,123,124,125,126,127,128,129,130,131,132,133,134,135,136,137,138,139,140,141,150,156,157,186,225,234,237,254,327,332,335,336,360,369,370,378,379,380,381,428,518,522,527,626,629,654,660,661,763,780,811,812,813,821,931,932,933,934,935,
344;0;1732;1851;1;0,1,2,3,4,5,6,7,8,9,10,11,12,13,14,15,16,32,67,70,105,122,123,124,125,126,127,128,129,130,131,132,133,134,135,136,137,138,139,140,141,150,156,157,186,225,234,237,254,327,332,335,336,360,369,370,378,379,380,381,428,518,522,527,626,629,654,660,661,763,780,811,812,813,821,931,932,933,934,935,
344;1;1851;1960;1;0,1,2,3,4,5,6,7,8,9,10,11,12,13,14,15,16,32,67,70,105,122,123,124,125,126,127,128,129,130,131,132,133,134,135,136,137,138,139,140,141,150,156,157,186,225,234,237,254,327,332,335,336,360,369,370,378,379,380,381,428,518,522,527,626,629,654,660,661,763,780,811,812,813,821,931,932,933,934,935,
146;0;1960;2036;1;0,1,2,3,4,5,6,7,8,9,10,11,12,13,14,15,16,32,67,70,105,122,123,124,125,126,127,128,129,130,131,132,133,134,135,136,137,138,139,140,141,150,156,157,186,225,234,237,254,327,332,335,336,360,369,370,378,379,380,381,428,518,522,527,626,629,654,660,661,763,780,811,812,813,821,931,932,933,934,935,
146;1;2036;2091;1;0,1,2,3,4,5,6,7,8,9,10,11,12,13,14,15,16,32,67,70,105,122,123,124,125,126,127,128,129,130,131,132,133,134,135,136,137,138,139,140,141,150,156,157,186,225,234,237,254,327,332,335,336,360,369,370,378,379,380,381,428,518,522,527,626,629,654,660,661,763,780,811,812,813,821,931,932,933,934,935,
282;0;2091;2146;0;0,1,2,3,4,5,6,7,8,9,10,11,12,13,14,15,16,32,67,70,105,122,123,124,125,126,127,128,129,130,131,132,133,134,135,136,137,138,139,140,141,150,156,157,186,225,234,237,254,327,332,335,336,360,369,370,378,379,380,381,428,518,522,527,626,629,654,660,661,763,780,811,812,813,821,931,932,933,934,935,
268;0;2146;2198;0;0,1,2,3,4,5,6,7,8,9,10,11,12,13,14,15,16,32,56,67,70,92,105,122,123,124,127,128,129,131,132,134,135,138,139,140,150,156,157,186,225,234,237,254,270,276,277,327,332,335,336,345,360,366,382,400,406,415,428,442,448,527,626,629,692,763,780,821,932,935,1027,1028,1155,1156,1157,1158,1159,1179,1180,1181,
268;1;2198;2318;0;0,1,2,3,4,5,6,7,8,9,10,11,12,13,14,15,16,32,56,67,70,92,105,122,123,124,127,128,129,131,132,134,135,138,139,140,150,156,157,186,225,234,237,254,270,276,277,327,332,335,336,345,360,366,382,400,406,415,428,442,448,527,626,629,692,763,780,821,932,935,1027,1028,1155,1156,1157,1158,1159,1179,1180,1181,
466;0;2318;2367;1;0,1,2,3,4,5,6,7,8,9,10,11,12,13,14,15,16,32,56,67,70,92,105,122,123,124,127,128,129,131,132,134,135,138,139,140,150,156,157,186,225,234,237,254,270,276,277,327,332,335,336,345,360,366,382,400,406,415,428,442,448,527,626,629,692,763,780,821,932,935,1027,1028,1155,1156,1157,1158,1159,1179,1180,1181,
466;1;2367;2522;1;0,1,2,3,4,5,6,7,8,9,10,11,12,13,14,15,16,32,56,67,70,92,105,122,123,124,127,128,129,131,132,134,135,138,139,140,150,156,157,186,225,234,237,254,270,276,277,327,332,335,336,345,360,366,382,400,406,415,428,442,448,527,626,629,692,763,780,821,932,935,1027,1028,1155,1156,1157,1158,1159,1179,1180,1181,
329;0;2522;2600;1;0,1,2,3,4,5,6,7,8,9,10,11,12,13,14,15,16,32,56,67,70,92,105,122,123,124,127,128,129,131,132,134,135,138,139,140,150,156,157,186,225,234,237,254,270,276,277,327,332,335,336,345,360,366,382,400,406,415,428,442,448,527,626,629,692,763,780,821,932,935,1027,1028,1155,1156,1157,1158,1159,1179,1180,1181,
329;1;2600;2736;1;0,1,2,3,4,5,6,7,8,9,10,11,12,13,14,15,16,32,56,67,70,92,105,122,123,124,127,128,129,131,132,134,135,138,139,140,150,156,157,186,225,234,237,254,270,276,277,327,332,335,336,345,360,366,382,400,406,415,428,442,448,527,626,629,692,763,780,821,932,935,1027,1028,1155,1156,1157,1158,1159,1179,1180,1181,
264;0;2736;2764;1;0,1,2,3,4,5,6,7,8,9,10,11,12,13,14,15,16,32,56,67,70,92,105,122,123,124,127,128,129,131,132,134,135,138,139,140,150,156,157,186,225,234,237,254,270,276,277,327,332,335,336,345,360,366,382,400,406,415,428,442,448,527,626,629,692,763,780,821,932,935,1027,1028,1155,1156,1157,1158,1159,1179,1180,1181,
264;1;2764;2814;1;0,1,2,3,4,5,6,7,8,9,10,11,12,13,14,15,16,32,56,67,70,92,105,122,123,124,127,128,129,131,132,134,135,138,139,140,150,156,157,186,225,234,237,254,270,276,277,327,332,335,336,345,360,366,382,400,406,415,428,442,448,527,626,629,692,763,780,821,932,935,1027,1028,1155,1156,1157,1158,1159,1179,1180,1181,
603;0;2814;2822;0;0,1,2,3,4,5,6,7,8,9,10,11,12,13,14,15,16,32,56,67,70,92,105,122,123,124,127,128,129,131,132,134,135,138,139,140,150,156,157,186,225,234,237,254,270,276,277,327,332,335,336,345,360,366,382,400,406,415,428,442,448,527,626,629,692,763,780,821,932,935,1027,1028,1155,1156,1157,1158,1159,1179,1180,1181,
603;1;2822;2958;0;0,1,2,3,4,5,6,7,8,9,10,11,12,13,14,15,16,32,56,67,70,92,105,122,123,124,127,128,129,131,132,134,135,138,139,140,150,156,157,186,225,234,237,254,270,276,277,327,332,335,336,345,360,366,382,400,406,415,428,442,448,527,626,629,692,763,780,821,932,935,1027,1028,1155,1156,1157,1158,1159,1179,1180,1181,
151;0;2958;3063;1;0,1,2,3,8,32,48,50,56,58,67,70,92,105,122,127,128,129,131,132,134,135,138,139,140,143,147,150,156,157,186,225,234,237,254,327,332,335,336,345,360,366,382,388,406,415,428,442,448,527,567,568,569,570,571,572,573,574,575,576,577,578,579,580,581,582,583,584,585,586,587,626,629,763,780,821,932,935,1027,1028,
151;1;3063;3115;1;0,1,2,3,8,32,48,50,56,58,67,70,92,105,122,127,128,129,131,132,134,135,138,139,140,143,147,150,156,157,186,225,234,237,254,327,332,335,336,345,360,366,382,388,406,415,428,442,448,527,567,568,569,570,571,572,573,574,575,576,577,578,579,580,581,582,583,584,585,586,587,626,629,763,780,821,932,935,1027,1028,
194;0;3115;3175;1;2,32,43,48,56,58,67,70,92,105,122,129,131,135,138,139,143,147,150,156,157,225,234,237,252,254,304,316,320,332,336,345,358,360,366,382,388,408,412,415,434,448,456,519,527,617,618,619,620,621,622,623,624,625,626,627,628,629,630,631,632,633,634,635,636,637,638,639,640,641,642,643,644,645,646,647,648,649,763,935,
194;1;3175;3235;1;2,32,43,48,56,58,67,70,92,105,122,129,131,135,138,139,143,147,150,156,157,225,234,237,252,254,304,316,320,332,336,345,358,360,366,382,388,408,412,415,434,448,456,519,527,617,618,619,620,621,622,623,624,625,626,627,628,629,630,631,632,633,634,635,636,637,638,639,640,641,642,643,644,645,646,647,648,649,763,935,
656;0;3235;3354;1;2,32,43,48,56,58,67,70,92,105,122,129,131,135,138,139,143,147,150,156,157,225,234,237,252,254,304,316,320,332,336,345,358,360,366,382,388,408,412,415,434,448,456,519,527,617,618,619,620,621,622,623,624,625,626,627,628,629,630,631,632,633,634,635,636,637,638,639,640,641,642,643,644,645,646,647,648,649,763,935,
656;1;3354;3414;1;2,32,43,48,56,58,67,70,92,105,122,129,131,135,138,139,143,147,150,156,157,225,234,237,252,254,304,316,320,332,336,345,358,360,366,382,388,408,412,415,434,448,456,519,527,617,618,619,620,621,622,623,624,625,626,627,628,629,630,631,632,633,634,635,636,637,638,639,640,641,642,643,644,645,646,647,648,649,763,935,
669;0;3414;3450;1;2,32,43,48,56,58,67,70,92,105,122,129,131,135,138,139,143,147,150,156,157,225,234,237,252,254,304,316,320,332,336,345,358,360,366,382,388,408,412,415,434,448,456,519,527,617,618,619,620,621,622,623,624,625,626,627,628,629,630,631,632,633,634,635,636,637,638,639,640,641,642,643,644,645,646,647,648,649,763,935,
669;1;3450;3510;1;2,32,43,48,56,58,67,70,92,105,122,129,131,135,138,139,143,147,150,156,157,225,234,237,252,254,304,316,320,332,336,345,358,360,366,382,388,408,412,415,434,448,456,519,527,617,618,619,620,621,622,623,624,625,626,627,628,629,630,631,632,633,634,635,636,637,638,639,640,641,642,643,644,645,646,647,648,649,763,935,
616;0;3510;3570;1;2,17,25,32,51,56,67,70,71,87,91,92,94,95,96,97,98,99,100,101,102,103,104,105,106,110,135,138,142,143,144,145,146,147,148,150,198,234,237,254,260,299,304,336,348,360,364,366,371,401,403,448,527,543,554,639,802,803,804,805,806,807,808,809,810,1077,1078,1079,1080,1081,1082,1083,1084,1085,1086,1087,1166,1167,1168,1169,
616;1;3570;3651;1;2,17,25,32,51,56,67,70,71,87,91,92,94,95,96,97,98,99,100,101,102,103,104,105,106,110,135,138,142,143,144,145,146,147,148,150,198,234,237,254,260,299,304,336,348,360,364,366,371,401,403,448,527,543,554,639,802,803,804,805,806,807,808,809,810,1077,1078,1079,1080,1081,1082,1083,1084,1085,1086,1087,1166,1167,1168,1169,
595;0;3651;3747;0;2,17,25,32,51,56,67,70,71,87,91,92,94,95,96,97,98,99,100,101,102,103,104,105,106,110,135,138,142,143,144,145,146,147,148,150,198,234,237,254,260,299,304,336,348,360,364,366,371,401,403,448,527,543,554,639,802,803,804,805,806,807,808,809,810,1077,1078,1079,1080,1081,1082,1083,1084,1085,1086,1087,1166,1167,1168,1169,
706;0;3747;3752;1;2,17,25,32,51,56,67,70,71,87,91,92,94,95,96,97,98,99,100,101,102,103,104,105,106,110,135,138,142,143,144,145,146,147,148,150,198,234,237,254,260,299,304,336,348,360,364,366,371,401,403,448,527,543,554,639,802,803,804,805,806,807,808,809,810,1077,1078,1079,1080,1081,1082,1083,1084,1085,1086,1087,1166,1167,1168,1169,
706;1;3752;3767;1;2,17,25,32,51,56,67,70,71,87,91,92,94,95,96,97,98,99,100,101,102,103,104,105,106,110,135,138,142,143,144,145,146,147,148,150,198,234,237,254,260,299,304,336,348,360,364,366,371,401,403,448,527,543,554,639,802,803,804,805,806,807,808,809,810,1077,1078,1079,1080,1081,1082,1083,1084,1085,1086,1087,1166,1167,1168,1169,
628;0;3767;3808;0;2,17,25,32,51,56,67,70,71,87,91,92,94,95,96,97,98,99,100,101,102,103,104,105,106,110,135,138,142,143,144,145,146,147,148,150,198,234,237,254,260,299,304,336,348,360,364,366,371,401,403,448,527,543,554,639,802,803,804,805,806,807,808,809,810,1077,1078,1079,1080,1081,1082,1083,1084,1085,1086,1087,1166,1167,1168,1169,
628;1;3808;3823;0;2,17,25,32,51,56,67,70,71,87,91,92,94,95,96,97,98,99,100,101,102,103,104,105,106,110,135,138,142,143,144,145,146,147,148,150,198,234,237,254,260,299,304,336,348,360,364,366,371,401,403,448,527,543,554,639,802,803,804,805,806,807,808,809,810,1077,1078,1079,1080,1081,1082,1083,1084,1085,1086,1087,1166,1167,1168,1169,
469;0;3823;3884;1;2,17,25,32,51,56,67,70,71,87,91,92,94,95,96,97,98,99,100,101,102,103,104,105,106,110,135,138,142,143,144,145,146,147,148,150,198,234,237,254,260,299,304,336,348,360,364,366,371,401,403,448,527,543,554,639,802,803,804,805,806,807,808,809,810,1077,1078,1079,1080,1081,1082,1083,1084,1085,1086,1087,1166,1167,1168,1169,
469;1;3884;4028;1;2,17,25,32,51,56,67,70,71,87,91,92,94,95,96,97,98,99,100,101,102,103,104,105,106,110,135,138,142,143,144,145,146,147,148,150,198,234,237,254,260,299,304,336,348,360,364,366,371,401,403,448,527,543,554,639,802,803,804,805,806,807,808,809,810,1077,1078,1079,1080,1081,1082,1083,1084,1085,1086,1087,1166,1167,1168,1169,
519;0;4028;4050;1;2,17,25,32,51,56,67,70,71,87,91,92,94,95,96,97,98,99,100,101,102,103,104,105,106,110,135,138,142,143,144,145,146,147,148,150,198,234,237,254,260,299,304,336,348,360,364,366,371,401,403,448,527,543,554,639,802,803,804,805,806,807,808,809,810,1077,1078,1079,1080,1081,1082,1083,1084,1085,1086,1087,1166,1167,1168,1169,
519;1;4050;4146;1;2,17,25,32,51,56,67,70,71,87,91,92,94,95,96,97,98,99,100,101,102,103,104,105,106,110,135,138,142,143,144,145,146,147,148,150,198,234,237,254,260,299,304,336,348,360,364,366,371,401,403,448,527,543,554,639,802,803,804,805,806,807,808,809,810,1077,1078,1079,1080,1081,1082,1083,1084,1085,1086,1087,1166,1167,1168,1169,
629;0;4146;4263;1;2,17,25,32,51,56,67,70,71,87,91,92,94,95,96,97,98,99,100,101,102,103,104,105,106,110,135,138,142,143,144,145,146,147,148,150,198,234,237,254,260,299,304,336,348,360,364,366,371,401,403,448,527,543,554,639,802,803,804,805,806,807,808,809,810,1077,1078,1079,1080,1081,1082,1083,1084,1085,1086,1087,1166,1167,1168,1169,
629;1;4263;4413;1;2,17,25,32,51,56,67,70,71,87,91,92,94,95,96,97,98,99,100,101,102,103,104,105,106,110,135,138,142,143,144,145,146,147,148,150,198,234,237,254,260,299,304,336,348,360,364,366,371,401,403,448,527,543,554,639,802,803,804,805,806,807,808,809,810,1077,1078,1079,1080,1081,1082,1083,1084,1085,1086,1087,1166,1167,1168,1169,
152;0;4413;4494;0;2,17,25,32,51,56,67,70,71,87,91,92,94,95,96,97,98,99,100,101,102,103,104,105,106,110,135,138,142,143,144,145,146,147,148,150,198,234,237,254,260,299,304,336,348,360,364,366,371,401,403,448,527,543,554,639,802,803,804,805,806,807,808,809,810,1077,1078,1079,1080,1081,1082,1083,1084,1085,1086,1087,1166,1167,1168,1169,
149;0;4494;4646;1;2,17,25,32,51,56,67,70,71,87,91,92,94,95,96,97,98,99,100,101,102,103,104,105,106,110,135,138,142,143,144,145,146,147,148,150,198,234,237,254,259,260,299,304,336,343,348,360,364,366,371,401,403,448,468,477,482,504,505,506,507,508,509,510,511,512,513,527,543,554,639,802,803,804,805,806,1166,1167,1168,1169,
149;1;4646;4680;1;2,17,25,32,51,56,67,70,71,87,91,92,94,95,96,97,98,99,100,101,102,103,104,105,106,110,135,138,142,143,144,145,146,147,148,150,198,234,237,254,259,260,299,304,336,343,348,360,364,366,371,401,403,448,468,477,482,504,505,506,507,508,509,510,511,512,513,527,543,554,639,802,803,804,805,806,1166,1167,1168,1169,
532;0;4680;4701;0;2,17,25,32,51,56,67,70,71,87,91,92,94,95,96,97,98,99,100,101,102,103,104,105,106,110,135,138,142,143,144,145,146,147,148,150,198,234,237,254,259,260,299,304,336,343,360,366,371,403,448,468,477,482,504,505,506,507,508,509,510,511,512,513,527,543,554,753,754,755,756,757,758,759,760,803,1166,1167,1168,1169,
554;0;4701;4754;1;2,17,25,32,51,56,67,70,71,87,91,92,94,95,96,97,98,99,100,101,102,103,104,105,106,110,135,138,142,143,144,145,146,147,148,150,198,234,237,254,259,260,299,304,336,343,360,366,371,403,448,468,477,482,504,505,506,507,508,509,510,511,512,513,527,543,554,753,754,755,756,757,758,759,760,803,1166,1167,1168,1169,
554;1;4754;4904;1;2,17,25,32,51,56,67,70,71,87,91,92,94,95,96,97,98,99,100,101,102,103,104,105,106,110,135,138,142,143,144,145,146,147,148,150,198,234,237,254,259,260,299,304,336,343,360,366,371,403,448,468,477,482,504,505,506,507,508,509,510,511,512,513,527,543,554,753,754,755,756,757,758,759,760,803,1166,1167,1168,1169,
239;0;4904;5063;1;17,32,56,67,70,71,87,91,92,94,95,96,97,98,99,100,101,102,103,104,105,106,110,135,138,142,143,144,145,146,147,148,150,198,237,259,299,336,343,371,448,468,477,482,504,505,506,507,508,509,510,511,512,513,527,698,699,700,701,702,703,753,754,755,756,757,758,759,760,874,879,900,929,1031,1035,1265,1266,1267,1268,1503,
239;1;5063;5225;1;17,32,56,67,70,71,87,91,92,94,95,96,97,98,99,100,101,102,103,104,105,106,110,135,138,142,143,144,145,146,147,148,150,198,237,259,299,336,343,371,448,468,477,482,504,505,506,507,508,509,510,511,512,513,527,698,699,700,701,702,703,753,754,755,756,757,758,759,760,874,879,900,929,1031,1035,1265,1266,1267,1268,1503,
97;0;5225;5232;0;17,32,56,67,70,71,87,91,92,94,95,96,97,98,99,100,101,102,103,104,105,106,110,135,138,142,143,144,145,146,147,148,150,198,237,259,299,336,343,371,448,468,477,482,504,505,506,507,508,509,510,511,512,513,527,698,699,700,701,702,703,753,754,755,756,757,758,759,760,874,879,900,929,1031,1035,1265,1266,1267,1268,1503,
278;0;5232;5380;0;17,32,56,67,70,71,87,91,92,94,95,96,97,98,99,100,101,102,103,104,105,106,110,135,138,142,143,144,145,146,147,148,150,198,237,259,299,336,343,371,448,468,477,482,504,505,506,507,508,509,510,511,512,513,527,698,699,700,701,702,703,753,754,755,756,757,758,759,760,874,879,900,929,1031,1035,1265,1266,1267,1268,1503,
278;1;5380;5389;0;17,32,56,67,70,71,87,91,92,94,95,96,97,98,99,100,101,102,103,104,105,106,110,135,138,142,143,144,145,146,147,148,150,198,237,259,299,336,343,371,448,468,477,482,504,505,506,507,508,509,510,511,512,513,527,698,699,700,701,702,703,753,754,755,756,757,758,759,760,874,879,900,929,1031,1035,1265,1266,1267,1268,1503,
270;0;5389;5423;0;17,32,56,67,70,71,87,91,92,94,95,96,97,98,99,100,101,102,103,104,105,106,110,135,138,142,143,144,145,146,147,148,150,198,237,259,299,336,343,371,448,468,477,482,504,505,506,507,508,509,510,511,512,513,527,698,699,700,701,702,703,753,754,755,756,757,758,759,760,874,879,900,929,1031,1035,1265,1266,1267,1268,1503,
564;0;5423;5574;1;17,32,56,67,70,71,87,91,92,94,95,96,97,98,99,100,101,102,103,104,105,106,110,135,138,142,143,144,145,146,147,148,150,198,237,259,299,336,343,371,448,468,477,482,504,505,506,507,508,509,510,511,512,513,527,698,699,700,701,702,703,753,754,755,756,757,758,759,760,874,879,900,929,1031,1035,1265,1266,1267,1268,1503,
564;1;5574;5662;1;17,32,56,67,70,71,87,91,92,94,95,96,97,98,99,100,101,102,103,104,105,106,110,135,138,142,143,144,145,146,147,148,150,198,237,259,299,336,343,371,448,468,477,482,504,505,506,507,508,509,510,511,512,513,527,698,699,700,701,702,703,753,754,755,756,757,758,759,760,874,879,900,929,1031,1035,1265,1266,1267,1268,1503,
189;0;5662;5759;1;17,32,56,67,70,71,87,91,92,94,95,96,97,98,99,100,101,102,103,104,105,106,110,135,138,142,143,144,145,146,147,148,150,198,237,259,299,336,343,371,448,468,477,482,504,505,506,507,508,509,510,511,512,513,527,698,699,700,701,702,703,753,754,755,756,757,758,759,760,874,879,900,929,1031,1035,1265,1266,1267,1268,1503,
189;1;5759;5780;1;17,32,56,67,70,71,87,91,92,94,95,96,97,98,99,100,101,102,103,104,105,106,110,135,138,142,143,144,145,146,147,148,150,198,237,259,299,336,343,371,448,468,477,482,504,505,506,507,508,509,510,511,512,513,527,698,699,700,701,702,703,753,754,755,756,757,758,759,760,874,879,900,929,1031,1035,1265,1266,1267,1268,1503,
661;0;5780;5889;1;17,32,56,67,70,71,87,91,92,94,95,96,97,98,99,100,101,102,103,104,105,106,110,135,138,142,143,144,145,146,147,148,150,198,237,259,299,336,343,371,448,468,477,482,504,505,506,507,508,509,510,511,512,513,527,698,699,700,701,702,703,753,754,755,756,757,758,759,760,874,879,900,929,1031,1035,1265,1266,1267,1268,1503,
661;1;5889;5985;1;17,32,56,67,70,71,87,91,92,94,95,96,97,98,99,100,101,102,103,104,105,106,110,135,138,142,143,144,145,146,147,148,150,198,237,259,299,336,343,371,448,468,477,482,504,505,506,507,508,509,510,511,512,513,527,698,699,700,701,702,703,753,754,755,756,757,758,759,760,874,879,900,929,1031,1035,1265,1266,1267,1268,1503,
231;0;5985;6132;1;17,32,56,67,70,71,87,91,92,94,95,96,97,98,99,100,101,102,103,104,105,106,110,135,138,142,143,144,145,146,147,148,150,198,237,259,299,336,343,371,448,468,477,482,504,505,506,507,508,509,510,511,512,513,527,698,699,700,701,702,703,753,754,755,756,757,758,759,760,874,879,900,929,1031,1035,1265,1266,1267,1268,1503,
231;1;6132;6166;1;17,32,56,67,70,71,87,91,92,94,95,96,97,98,99,100,101,102,103,104,105,106,110,135,138,142,143,144,145,146,147,148,150,198,237,259,299,336,343,371,448,468,477,482,504,505,506,507,508,509,510,511,512,513,527,698,699,700,701,702,703,753,754,755,756,757,758,759,760,874,879,900,929,1031,1035,1265,1266,1267,1268,1503,
106;0;6166;6277;1;17,32,56,67,70,71,87,91,92,94,95,96,97,98,99,100,101,102,103,104,105,106,110,135,138,142,143,144,145,146,147,148,150,198,237,259,299,336,343,371,448,468,477,482,504,505,506,507,508,509,510,511,512,513,527,698,699,700,701,702,703,753,754,755,756,757,758,759,760,874,879,900,929,1031,1035,1265,1266,1267,1268,1503,
106;1;6277;6439;1;17,32,56,67,70,71,87,91,92,94,95,96,97,98,99,100,101,102,103,104,105,106,110,135,138,142,143,144,145,146,147,148,150,198,237,259,299,336,343,371,448,468,477,482,504,505,506,507,508,509,510,511,512,513,527,698,699,700,701,702,703,753,754,755,756,757,758,759,760,874,879,900,929,1031,1035,1265,1266,1267,1268,1503,
91;0;6439;6494;1;17,32,44,54,67,70,71,87,94,105,106,112,113,114,115,116,117,118,119,120,121,135,138,142,147,148,150,198,259,299,336,343,371,396,448,468,477,482,504,505,506,507,508,509,510,511,512,513,527,753,754,755,756,757,758,759,760,827,828,874,879,899,900,901,902,903,904,905,922,923,924,925,926,927,928,929,930,1031,1035,1503,
91;1;6494;6643;1;17,32,44,54,67,70,71,87,94,105,106,112,113,114,115,116,117,118,119,120,121,135,138,142,147,148,150,198,259,299,336,343,371,396,448,468,477,482,504,505,506,507,508,509,510,511,512,513,527,753,754,755,756,757,758,759,760,827,828,874,879,899,900,901,902,903,904,905,922,923,924,925,926,927,928,929,930,1031,1035,1503,
101;0;6643;6684;1;17,32,44,54,67,70,71,87,94,105,106,112,113,114,115,116,117,118,119,120,121,135,138,142,147,148,150,198,259,299,336,343,371,396,448,468,477,482,504,505,506,507,508,509,510,511,512,513,527,753,754,755,756,757,758,759,760,827,828,874,879,899,900,901,902,903,904,905,922,923,924,925,926,927,928,929,930,1031,1035,1503,
101;1;6684;6706;1;17,32,44,54,67,70,71,87,94,105,106,112,113,114,115,116,117,118,119,120,121,135,138,142,147,148,150,198,259,299,336,343,371,396,448,468,477,482,504,505,506,507,508,509,510,511,512,513,527,753,754,755,756,757,758,759,760,827,828,874,879,899,900,901,902,903,904,905,922,923,924,925,926,927,928,929,930,1031,1035,1503,
440;0;6706;6794;0;17,32,44,54,67,70,71,87,94,105,106,112,113,114,115,116,117,118,119,120,121,135,138,142,147,148,150,198,259,299,336,343,371,396,448,468,477,482,504,505,506,507,508,509,510,511,512,513,527,753,754,755,756,757,758,759,760,827,828,874,879,899,900,901,902,903,904,905,922,923,924,925,926,927,928,929,930,1031,1035,1503,
393;0;6794;6833;0;17,32,44,54,67,70,71,87,94,105,106,112,113,114,115,116,117,118,119,120,121,135,138,142,147,148,150,198,259,299,336,343,371,396,448,468,477,482,504,505,506,507,508,509,510,511,512,513,527,753,754,755,756,757,758,759,760,827,828,874,879,899,900,901,902,903,904,905,922,923,924,925,926,927,928,929,930,1031,1035,1503,
393;1;6833;6863;0;17,32,44,54,67,70,71,87,94,105,106,112,113,114,115,116,117,118,119,120,121,135,138,142,147,148,150,198,259,299,336,343,371,396,448,468,477,482,504,505,506,507,508,509,510,511,512,513,527,753,754,755,756,757,758,759,760,827,828,874,879,899,900,901,902,903,904,905,922,923,924,925,926,927,928,929,930,1031,1035,1503,
105;0;6863;6929;0;17,32,44,54,67,70,71,87,94,105,106,112,113,114,115,116,117,118,119,120,121,135,138,142,147,148,150,198,259,299,336,343,371,396,448,468,477,482,504,505,506,507,508,509,510,511,512,513,527,753,754,755,756,757,758,759,760,827,828,874,879,899,900,901,902,903,904,905,922,923,924,925,926,927,928,929,930,1031,1035,1503,
52;0;6929;6963;0;17,32,44,54,67,70,71,87,94,105,106,112,113,114,115,116,117,118,119,120,121,135,138,142,147,148,150,198,259,299,336,343,371,396,448,468,477,482,504,505,506,507,508,509,510,511,512,513,527,753,754,755,756,757,758,759,760,827,828,874,879,899,900,901,902,903,904,905,922,923,924,925,926,927,928,929,930,1031,1035,1503,
743;0;6963;7014;0;17,32,44,54,67,70,71,87,94,105,106,112,113,114,115,116,117,118,119,120,121,135,138,142,147,148,150,198,259,299,336,343,371,396,448,468,477,482,504,505,506,507,508,509,510,511,512,513,527,753,754,755,756,757,758,759,760,827,828,874,879,899,900,901,902,903,904,905,922,923,924,925,926,927,928,929,930,1031,1035,1503,
743;1;7014;7102;0;17,32,44,54,67,70,71,87,94,105,106,112,113,114,115,116,117,118,119,120,121,135,138,142,147,148,150,198,259,299,336,343,371,396,448,468,477,482,504,505,506,507,508,509,510,511,512,513,527,753,754,755,756,757,758,759,760,827,828,874,879,899,900,901,902,903,904,905,922,923,924,925,926,927,928,929,930,1031,1035,1503,
434;0;7102;7154;1;17,32,44,54,67,70,71,87,94,105,106,112,113,114,115,116,117,118,119,120,121,135,138,142,147,148,150,198,259,299,336,343,371,396,448,468,477,482,504,505,506,507,508,509,510,511,512,513,527,753,754,755,756,757,758,759,760,827,828,874,879,899,900,901,902,903,904,905,922,923,924,925,926,927,928,929,930,1031,1035,1503,
434;1;7154;7184;1;17,32,44,54,67,70,71,87,94,105,106,112,113,114,115,116,117,118,119,120,121,135,138,142,147,148,150,198,259,299,336,343,371,396,448,468,477,482,504,505,506,507,508,509,510,511,512,513,527,753,754,755,756,757,758,759,760,827,828,874,879,899,900,901,902,903,904,905,922,923,924,925,926,927,928,929,930,1031,1035,1503,
696;0;7184;7335;1;17,32,44,54,67,70,71,87,94,105,106,112,113,114,115,116,117,118,119,120,121,135,138,142,147,148,150,198,259,299,336,343,371,396,448,468,477,482,504,505,506,507,508,509,510,511,512,513,527,753,754,755,756,757,758,759,760,827,828,874,879,899,900,901,902,903,904,905,922,923,924,925,926,927,928,929,930,1031,1035,1503,
696;1;7335;7423;1;17,32,44,54,67,70,71,87,94,105,106,112,113,114,115,116,117,118,119,120,121,135,138,142,147,148,150,198,259,299,336,343,371,396,448,468,477,482,504,505,506,507,508,509,510,511,512,513,527,753,754,755,756,757,758,759,760,827,828,874,879,899,900,901,902,903,904,905,922,923,924,925,926,927,928,929,930,1031,1035,1503,
665;0;7423;7444;0;17,32,44,54,67,70,71,87,94,105,106,112,113,114,115,116,117,118,119,120,121,135,138,142,147,148,150,198,259,299,336,343,371,396,448,468,477,482,504,505,506,507,508,509,510,511,512,513,527,753,754,755,756,757,758,759,760,827,828,874,879,899,900,901,902,903,904,905,922,923,924,925,926,927,928,929,930,1031,1035,1503,
606;0;7444;7480;1;17,32,44,54,67,70,71,87,94,105,106,112,113,114,115,116,117,118,119,120,121,135,138,142,147,148,150,176,198,299,336,343,371,396,448,468,477,504,505,506,507,508,527,827,828,847,899,914,922,923,924,925,926,927,928,929,930,991,1191,1200,1410,1411,1412,1413,1414,1415,1416,1417,1418,1419,1420,1421,1422,1423,1424,1425,1426,1427,1428,1429,
606;1;7480;7542;1;17,32,44,54,67,70,71,87,94,105,106,112,113,114,115,116,117,118,119,120,121,135,138,142,147,148,150,176,198,299,336,343,371,396,448,468,477,504,505,506,507,508,527,827,828,847,899,914,922,923,924,925,926,927,928,929,930,991,1191,1200,1410,1411,1412,1413,1414,1415,1416,1417,1418,1419,1420,1421,1422,1423,1424,1425,1426,1427,1428,1429,
664;0;7542;7651;1;17,32,44,54,67,70,71,87,94,105,106,112,113,114,115,116,117,118,119,120,121,135,138,142,147,148,150,176,198,299,336,343,371,396,448,468,477,504,505,506,507,508,527,827,828,847,899,914,922,923,924,925,926,927,928,929,930,991,1191,1200,1410,1411,1412,1413,1414,1415,1416,1417,1418,1419,1420,1421,1422,1423,1424,1425,1426,1427,1428,1429,
664;1;7651;7717;1;17,32,44,54,67,70,71,87,94,105,106,112,113,114,115,116,117,118,119,120,121,135,138,142,147,148,150,176,198,299,336,343,371,396,448,468,477,504,505,506,507,508,527,827,828,847,899,914,922,923,924,925,926,927,928,929,930,991,1191,1200,1410,1411,1412,1413,1414,1415,1416,1417,1418,1419,1420,1421,1422,1423,1424,1425,1426,1427,1428,1429,
423;0;7717;7759;0;17,32,44,54,67,70,71,87,94,105,106,112,113,114,115,116,117,118,119,120,121,135,138,142,147,148,150,176,198,299,336,343,371,396,448,468,477,504,505,506,507,508,527,827,828,847,899,914,922,923,924,925,926,927,928,929,930,991,1191,1200,1410,1411,1412,1413,1414,1415,1416,1417,1418,1419,1420,1421,1422,1423,1424,1425,1426,1427,1428,1429,
423;1;7759;7821;0;17,32,44,54,67,70,71,87,94,105,106,112,113,114,115,116,117,118,119,120,121,135,138,142,147,148,150,176,198,299,336,343,371,396,448,468,477,504,505,506,507,508,527,827,828,847,899,914,922,923,924,925,926,927,928,929,930,991,1191,1200,1410,1411,1412,1413,1414,1415,1416,1417,1418,1419,1420,1421,1422,1423,1424,1425,1426,1427,1428,1429,
3;0;7821;7887;0;32,44,54,61,64,65,66,67,68,69,70,71,87,105,106,112,113,114,115,116,117,118,119,120,121,142,147,149,150,151,152,153,154,155,156,157,158,159,160,161,162,163,164,165,166,167,168,169,170,171,172,173,174,175,176,177,178,179,180,181,182,183,184,198,293,299,371,396,468,477,527,566,827,828,858,914,1119,1120,1121,1122,
3;1;7887;7929;0;32,44,54,61,64,65,66,67,68,69,70,71,87,105,106,112,113,114,115,116,117,118,119,120,121,142,147,149,150,151,152,153,154,155,156,157,158,159,160,161,162,163,164,165,166,167,168,169,170,171,172,173,174,175,176,177,178,179,180,181,182,183,184,198,293,299,371,396,468,477,527,566,827,828,858,914,1119,1120,1121,1122,
690;0;7929;7971;0;32,44,54,61,64,65,66,67,68,69,70,71,87,105,106,112,113,114,115,116,117,118,119,120,121,142,147,149,150,151,152,153,154,155,156,157,158,159,160,161,162,163,164,165,166,167,168,169,170,171,172,173,174,175,176,177,178,179,180,181,182,183,184,198,293,299,371,396,468,477,527,566,827,828,858,914,1119,1120,1121,1122,
543;0;7971;8005;0;32,44,54,61,64,65,66,67,68,69,70,71,87,105,106,112,113,114,115,116,117,118,119,120,121,142,147,149,150,151,152,153,154,155,156,157,158,159,160,161,162,163,164,165,166,167,168,169,170,171,172,173,174,175,176,177,178,179,180,181,182,183,184,198,293,299,371,396,468,477,527,566,827,828,858,914,1119,1120,1121,1122,
543;1;8005;8144;0;32,44,54,61,64,65,66,67,68,69,70,71,87,105,106,112,113,114,115,116,117,118,119,120,121,142,147,149,150,151,152,153,154,155,156,157,158,159,160,161,162,163,164,165,166,167,168,169,170,171,172,173,174,175,176,177,178,179,180,181,182,183,184,198,293,299,371,396,468,477,527,566,827,828,858,914,1119,1120,1121,1122,
286;0;8144;8221;1;32,44,54,61,64,65,66,67,68,69,70,71,87,105,106,112,113,114,115,116,117,118,119,120,121,142,147,149,150,151,152,153,154,155,156,157,158,159,160,161,162,163,164,165,166,167,168,169,170,171,172,173,174,175,176,177,178,179,180,181,182,183,184,198,293,299,371,396,468,477,527,566,827,828,858,914,1119,1120,1121,1122,
286;1;8221;8235;1;32,44,54,61,64,65,66,67,68,69,70,71,87,105,106,112,113,114,115,116,117,118,119,120,121,142,147,149,150,151,152,153,154,155,156,157,158,159,160,161,162,163,164,165,166,167,168,169,170,171,172,173,174,175,176,177,178,179,180,181,182,183,184,198,293,299,371,396,468,477,527,566,827,828,858,914,1119,1120,1121,1122,
11;0;8235;8355;1;32,44,54,61,64,65,66,67,68,69,70,71,87,105,106,112,113,114,115,116,117,118,119,120,121,142,147,149,150,151,152,153,154,155,156,157,158,159,160,161,162,163,164,165,166,167,168,169,170,171,172,173,174,175,176,177,178,179,180,181,182,183,184,198,293,299,371,396,468,477,527,566,827,828,858,914,1119,1120,1121,1122,
11;1;8355;8369;1;32,44,54,61,64,65,66,67,68,69,70,71,87,105,106,112,113,114,115,116,117,118,119,120,121,142,147,149,150,151,152,153,154,155,156,157,158,159,160,161,162,163,164,165,166,167,168,169,170,171,172,173,174,175,176,177,178,179,180,181,182,183,184,198,293,299,371,396,468,477,527,566,827,828,858,914,1119,1120,1121,1122,
604;0;8369;8373;1;32,44,54,61,64,65,66,67,68,69,70,71,87,105,106,112,113,114,115,116,117,118,119,120,121,142,147,149,150,151,152,153,154,155,156,157,158,159,160,161,162,163,164,165,166,167,168,169,170,171,172,173,174,175,176,177,178,179,180,181,182,183,184,198,293,299,371,396,468,477,527,566,827,828,858,914,1119,1120,1121,1122,
604;1;8373;8387;1;32,44,54,61,64,65,66,67,68,69,70,71,87,105,106,112,113,114,115,116,117,118,119,120,121,142,147,149,150,151,152,153,154,155,156,157,158,159,160,161,162,163,164,165,166,167,168,169,170,171,172,173,174,175,176,177,178,179,180,181,182,183,184,198,293,299,371,396,468,477,527,566,827,828,858,914,1119,1120,1121,1122,
74;0;8387;8423;1;32,44,54,61,64,65,66,67,68,69,70,71,87,105,106,112,113,114,115,116,117,118,119,120,121,142,147,149,150,151,152,153,154,155,156,157,158,159,160,161,162,163,164,165,166,167,168,169,170,171,172,173,174,175,176,177,178,179,180,181,182,183,184,198,293,299,371,396,468,477,527,566,827,828,858,914,1119,1120,1121,1122,
74;1;8423;8465;1;32,44,54,61,64,65,66,67,68,69,70,71,87,105,106,112,113,114,115,116,117,118,119,120,121,142,147,149,150,151,152,153,154,155,156,157,158,159,160,161,162,163,164,165,166,167,168,169,170,171,172,173,174,175,176,177,178,179,180,181,182,183,184,198,293,299,371,396,468,477,527,566,827,828,858,914,1119,1120,1121,1122,
368;0;8465;8509;0;32,44,54,61,64,65,66,67,68,69,70,71,87,105,106,112,113,114,115,116,117,118,119,120,121,142,147,149,150,151,152,153,154,155,156,157,158,159,160,161,162,163,164,165,166,167,168,169,170,171,172,173,174,175,176,177,178,179,180,181,182,183,184,198,293,299,371,396,468,477,527,566,827,828,858,914,1119,1120,1121,1122,
368;1;8509;8523;0;32,44,54,61,64,65,66,67,68,69,70,71,87,105,106,112,113,114,115,116,117,118,119,120,121,142,147,149,150,151,152,153,154,155,156,157,158,159,160,161,162,163,164,165,166,167,168,169,170,171,172,173,174,175,176,177,178,179,180,181,182,183,184,198,293,299,371,396,468,477,527,566,827,828,858,914,1119,1120,1121,1122,
124;0;8523;8534;1;32,44,54,61,64,65,66,67,68,69,70,71,87,105,106,112,113,114,115,116,117,118,119,120,121,142,147,149,150,151,152,153,154,155,156,157,158,159,160,161,162,163,164,165,166,167,168,169,170,171,172,173,174,175,176,177,178,179,180,181,182,183,184,198,293,299,371,396,468,477,527,566,827,828,858,914,1119,1120,1121,1122,
124;1;8534;8548;1;32,44,54,61,64,65,66,67,68,69,70,71,87,105,106,112,113,114,115,116,117,118,119,120,121,142,147,149,150,151,152,153,154,155,156,157,158,159,160,161,162,163,164,165,166,167,168,169,170,171,172,173,174,175,176,177,178,179,180,181,182,183,184,198,293,299,371,396,468,477,527,566,827,828,858,914,1119,1120,1121,1122,
539;0;8548;8649;1;32,44,54,61,64,65,66,67,68,69,70,71,87,105,106,112,113,114,115,116,117,118,119,120,121,142,147,149,150,151,152,153,154,155,156,157,158,159,160,161,162,163,164,165,166,167,168,169,170,171,172,173,174,175,176,177,178,179,180,181,182,183,184,198,293,299,371,396,468,477,527,566,827,828,858,914,1119,1120,1121,1122,
539;1;8649;8679;1;32,44,54,61,64,65,66,67,68,69,70,71,87,105,106,112,113,114,115,116,117,118,119,120,121,142,147,149,150,151,152,153,154,155,156,157,158,159,160,161,162,163,164,165,166,167,168,169,170,171,172,173,174,175,176,177,178,179,180,181,182,183,184,198,293,299,371,396,468,477,527,566,827,828,858,914,1119,1120,1121,1122,
169;0;8679;8689;1;32,44,54,61,64,65,66,67,68,69,70,71,87,105,106,112,113,114,115,116,117,118,119,120,121,142,147,149,150,151,152,153,154,155,156,157,158,159,160,161,162,163,164,165,166,167,168,169,170,171,172,173,174,175,176,177,178,179,180,181,182,183,184,198,293,299,371,396,468,477,527,566,827,828,858,914,1119,1120,1121,1122,
169;1;8689;8828;1;32,44,54,61,64,65,66,67,68,69,70,71,87,105,106,112,113,114,115,116,117,118,119,120,121,142,147,149,150,151,152,153,154,155,156,157,158,159,160,161,162,163,164,165,166,167,168,169,170,171,172,173,174,175,176,177,178,179,180,181,182,183,184,198,293,299,371,396,468,477,527,566,827,828,858,914,1119,1120,1121,1122,
46;0;8828;8856;1;32,44,54,61,64,65,66,67,68,69,70,71,87,105,106,112,113,114,115,116,117,118,119,120,121,142,147,149,150,151,152,153,154,155,156,157,158,159,160,161,162,163,164,165,166,167,168,169,170,171,172,173,174,175,176,177,178,179,180,181,182,183,184,198,293,299,371,396,468,477,527,566,827,828,858,914,1119,1120,1121,1122,
46;1;8856;9026;1;32,44,54,61,64,65,66,67,68,69,70,71,87,105,106,112,113,114,115,116,117,118,119,120,121,142,147,149,150,151,152,153,154,155,156,157,158,159,160,161,162,163,164,165,166,167,168,169,170,171,172,173,174,175,176,177,178,179,180,181,182,183,184,198,293,299,371,396,468,477,527,566,827,828,858,914,1119,1120,1121,1122,
224;0;9026;9062;1;32,61,70,71,105,106,142,147,149,150,151,152,153,154,155,156,157,158,159,160,161,162,163,164,165,166,167,168,169,170,171,172,173,174,175,176,177,178,179,180,181,182,183,184,198,293,299,305,338,371,396,468,527,555,588,589,590,591,592,593,594,595,596,597,598,599,600,601,602,603,604,605,827,828,858,914,1119,1120,1121,1122,
224;1;9062;9135;1;32,61,70,71,105,106,142,147,149,150,151,152,153,154,155,156,157,158,159,160,161,162,163,164,165,166,167,168,169,170,171,172,173,174,175,176,177,178,179,180,181,182,183,184,198,293,299,305,338,371,396,468,527,555,588,589,590,591,592,593,594,595,596,597,598,599,600,601,602,603,604,605,827,828,858,914,1119,1120,1121,1122,
555;0;9135;9149;0;32,61,70,71,105,106,142,147,149,150,151,152,153,154,155,156,157,158,159,160,161,162,163,164,165,166,167,168,169,170,171,172,173,174,175,176,177,178,179,180,181,182,183,184,198,293,299,305,338,371,396,468,527,555,588,589,590,591,592,593,594,595,596,597,598,599,600,601,602,603,604,605,827,828,858,914,1119,1120,1121,1122,
556;0;9149;9205;1;32,61,70,71,105,106,142,147,149,150,151,152,153,154,155,156,157,158,159,160,161,162,163,164,165,166,182,183,198,293,299,305,338,371,396,468,527,555,588,589,590,591,592,593,594,595,596,597,598,599,600,601,602,603,604,605,761,762,763,764,765,766,767,768,769,770,771,772,773,774,775,776,827,828,858,914,1119,1120,1121,1122,
556;1;9205;9282;1;32,61,70,71,105,106,142,147,149,150,151,152,153,154,155,156,157,158,159,160,161,162,163,164,165,166,182,183,198,293,299,305,338,371,396,468,527,555,588,589,590,591,592,593,594,595,596,597,598,599,600,601,602,603,604,605,761,762,763,764,765,766,767,768,769,770,771,772,773,774,775,776,827,828,858,914,1119,1120,1121,1122,
591;0;9282;9338;1;32,42,48,61,70,71,72,105,106,147,149,150,151,152,153,154,155,156,157,159,182,183,194,195,196,197,198,199,219,220,224,225,235,251,293,299,305,338,371,374,396,445,447,468,527,555,588,589,590,591,605,646,827,828,858,872,907,908,909,910,911,912,913,914,915,916,917,918,919,920,921,1119,1120,1121,1122,1453,1454,1455,1456,1457,
591;1;9338;9504;1;32,42,48,61,70,71,72,105,106,147,149,150,151,152,153,154,155,156,157,159,182,183,194,195,196,197,198,199,219,220,224,225,235,251,293,299,305,338,371,374,396,445,447,468,527,555,588,589,590,591,605,646,827,828,858,872,907,908,909,910,911,912,913,914,915,916,917,918,919,920,921,1119,1120,1121,1122,1453,1454,1455,1456,1457,
276;0;9504;9592;1;32,42,48,61,70,71,72,105,106,147,149,150,151,152,153,154,155,156,157,159,182,183,194,195,196,197,198,199,219,220,224,225,235,251,293,299,305,338,371,374,396,445,447,468,527,555,588,589,590,591,605,646,827,828,858,872,907,908,909,910,911,912,913,914,915,916,917,918,919,920,921,1119,1120,1121,1122,1453,1454,1455,1456,1457,
276;1;9592;9654;1;32,42,48,61,70,71,72,105,106,147,149,150,151,152,153,154,155,156,157,159,182,183,194,195,196,197,198,199,219,220,224,225,235,251,293,299,305,338,371,374,396,445,447,468,527,555,588,589,590,591,605,646,827,828,858,872,907,908,909,910,911,912,913,914,915,916,917,918,919,920,921,1119,1120,1121,1122,1453,1454,1455,1456,1457,
439;0;9654;9737;1;32,42,48,61,70,71,72,105,106,147,149,150,151,152,153,154,155,156,157,159,182,183,194,195,196,197,198,199,219,220,224,225,235,251,293,299,305,338,371,374,396,445,447,468,527,555,588,589,590,591,605,646,827,828,858,872,907,908,909,910,911,912,913,914,915,916,917,918,919,920,921,1119,1120,1121,1122,1453,1454,1455,1456,1457,
439;1;9737;9876;1;32,42,48,61,70,71,72,105,106,147,149,150,151,152,153,154,155,156,157,159,182,183,194,195,196,197,198,199,219,220,224,225,235,251,293,299,305,338,371,374,396,445,447,468,527,555,588,589,590,591,605,646,827,828,858,872,907,908,909,910,911,912,913,914,915,916,917,918,919,920,921,1119,1120,1121,1122,1453,1454,1455,1456,1457,
328;0;9876;9924;0;32,42,48,61,70,71,72,105,106,147,149,150,151,152,153,154,155,156,157,159,182,183,194,195,196,197,198,199,219,220,224,225,235,251,293,299,305,338,371,374,396,445,447,468,527,555,588,589,590,591,605,646,827,828,858,872,907,908,909,910,911,912,913,914,915,916,917,918,919,920,921,1119,1120,1121,1122,1453,1454,1455,1456,1457,
328;1;9924;10073;0;32,42,48,61,70,71,72,105,106,147,149,150,151,152,153,154,155,156,157,159,182,183,194,195,196,197,198,199,219,220,224,225,235,251,293,299,305,338,371,374,396,445,447,468,527,555,588,589,590,591,605,646,827,828,858,872,907,908,909,910,911,912,913,914,915,916,917,918,919,920,921,1119,1120,1121,1122,1453,1454,1455,1456,1457,
END
fineshedJobsCount: 742
switchs: 2090
switchsInstances: 60
unfineshedPriorityCount: 39
totalUnfineshed: 459
criticalMachineSwitchs: 315
criticalMachineTime: 10080
Final Solution: 18400
Time: 1735214
PTL: 498
MCMC: 132
Best Initial: 1523
Mean Initial: 820.182
