./input/BaseInstances/6M2_n=339,r=0.4,t=339,v0.txt;./input/Processed/ToolSetInt.csv
7;720;1440
Machine: 0
57;0;0;159;1;5,6,10,17,18,19,21,23,32,47,48,49,50,51,56,63,64,65,66,67,77,78,79,80,81,82,83,84,85,86,87,88,89,90,91,92,93,94,95,96,97,98,99,100,101,102,103,104,105,106,107,108,109,110,111,112,113,114,115,116,127,129,132,134,136,137,144,167,168,169,170,171,172,173,248,300,335,336,337,338,
57;1;159;207;1;5,6,10,17,18,19,21,23,32,47,48,49,50,51,56,63,64,65,66,67,77,78,79,80,81,82,83,84,85,86,87,88,89,90,91,92,93,94,95,96,97,98,99,100,101,102,103,104,105,106,107,108,109,110,111,112,113,114,115,116,127,129,132,134,136,137,144,167,168,169,170,171,172,173,248,300,335,336,337,338,
197;0;207;377;1;5,6,10,17,18,19,21,23,32,47,48,49,50,51,56,63,64,65,66,67,77,78,79,80,81,82,83,84,85,86,87,88,89,90,91,92,93,94,95,96,97,98,99,100,101,102,103,104,105,106,107,108,109,110,111,112,113,114,115,116,127,129,132,134,136,137,144,167,168,169,170,171,172,173,248,300,335,336,337,338,
197;1;377;395;1;5,6,10,17,18,19,21,23,32,47,48,49,50,51,56,63,64,65,66,67,77,78,79,80,81,82,83,84,85,86,87,88,89,90,91,92,93,94,95,96,97,98,99,100,101,102,103,104,105,106,107,108,109,110,111,112,113,114,115,116,127,129,132,134,136,137,144,167,168,169,170,171,172,173,248,300,335,336,337,338,
73;0;395;464;1;5,6,10,17,18,19,21,23,32,47,48,49,50,51,56,63,64,65,66,67,77,78,79,80,81,82,83,84,85,86,87,88,89,90,91,92,93,94,95,96,97,98,99,100,101,102,103,104,105,106,107,108,109,110,111,112,113,114,115,116,127,129,132,134,136,137,144,167,168,169,170,171,172,173,248,300,335,336,337,338,
199;0;464;516;0;5,6,10,17,18,19,21,23,32,47,48,49,50,51,56,63,64,65,66,67,77,78,79,80,81,82,83,84,85,86,87,88,89,90,91,92,93,94,95,96,97,98,99,100,101,102,103,104,105,106,107,108,109,110,111,112,113,114,115,116,127,129,132,134,136,137,144,167,168,169,170,171,172,173,248,300,335,336,337,338,
199;1;516;693;0;5,6,10,17,18,19,21,23,32,47,48,49,50,51,56,63,64,65,66,67,77,78,79,80,81,82,83,84,85,86,87,88,89,90,91,92,93,94,95,96,97,98,99,100,101,102,103,104,105,106,107,108,109,110,111,112,113,114,115,116,127,129,132,134,136,137,144,167,168,169,170,171,172,173,248,300,335,336,337,338,
149;0;693;765;0;5,6,10,17,18,19,21,23,32,47,48,49,50,51,56,63,64,65,66,67,77,78,79,80,81,82,83,84,85,86,87,88,89,90,91,92,93,94,95,96,97,98,99,100,101,102,103,104,105,106,107,108,109,110,111,112,113,114,115,116,127,129,132,134,136,137,144,167,168,169,170,171,172,173,248,300,335,336,337,338,
149;1;765;820;0;5,6,10,17,18,19,21,23,32,47,48,49,50,51,56,63,64,65,66,67,77,78,79,80,81,82,83,84,85,86,87,88,89,90,91,92,93,94,95,96,97,98,99,100,101,102,103,104,105,106,107,108,109,110,111,112,113,114,115,116,127,129,132,134,136,137,144,167,168,169,170,171,172,173,248,300,335,336,337,338,
21;0;820;854;1;5,6,10,17,18,19,21,23,32,47,48,49,50,51,56,63,64,65,66,67,77,78,79,80,81,82,83,84,85,86,87,88,89,90,91,92,93,94,95,96,97,98,99,100,101,102,103,104,105,106,107,108,109,110,111,112,113,114,115,116,127,129,132,134,136,137,144,167,168,169,170,171,172,173,248,300,335,336,337,338,
106;0;854;934;0;5,6,10,17,18,19,21,23,32,47,48,49,50,51,56,63,64,65,66,67,77,78,79,80,81,82,83,84,85,86,87,88,89,90,91,92,93,94,95,96,97,98,99,100,101,102,103,104,105,106,107,108,109,110,111,112,113,114,115,116,127,129,132,134,136,137,144,167,168,169,170,171,172,173,248,300,335,336,337,338,
200;0;934;1003;1;5,6,10,17,18,19,21,23,32,47,48,49,50,51,56,63,64,65,66,67,77,78,79,80,81,82,83,84,85,86,87,88,89,90,91,92,93,94,95,96,97,98,99,100,101,102,103,104,105,106,107,108,109,110,111,112,113,114,115,116,127,129,132,134,136,137,144,167,168,169,170,171,172,173,248,300,335,336,337,338,
112;0;1003;1044;0;5,6,10,17,18,19,21,23,32,47,48,49,50,51,56,63,64,65,66,67,77,78,79,80,81,82,83,84,85,86,87,88,89,90,91,92,93,94,95,96,97,98,99,100,101,102,103,104,105,106,107,108,109,110,111,112,113,114,115,116,127,129,132,134,136,137,144,167,168,169,170,171,172,173,248,300,335,336,337,338,
112;1;1044;1200;0;5,6,10,17,18,19,21,23,32,47,48,49,50,51,56,63,64,65,66,67,77,78,79,80,81,82,83,84,85,86,87,88,89,90,91,92,93,94,95,96,97,98,99,100,101,102,103,104,105,106,107,108,109,110,111,112,113,114,115,116,127,129,132,134,136,137,144,167,168,169,170,171,172,173,248,300,335,336,337,338,
29;0;1200;1269;0;5,6,10,17,18,19,21,23,32,47,48,49,50,51,56,63,64,65,66,67,77,78,79,80,81,82,83,84,85,86,87,88,89,90,91,92,93,94,95,96,97,98,99,100,101,102,103,104,105,106,107,108,109,110,111,112,113,114,115,116,127,129,132,134,136,137,144,167,168,169,170,171,172,173,248,300,335,336,337,338,
29;1;1269;1429;0;5,6,10,17,18,19,21,23,32,47,48,49,50,51,56,63,64,65,66,67,77,78,79,80,81,82,83,84,85,86,87,88,89,90,91,92,93,94,95,96,97,98,99,100,101,102,103,104,105,106,107,108,109,110,111,112,113,114,115,116,127,129,132,134,136,137,144,167,168,169,170,171,172,173,248,300,335,336,337,338,
17;0;1429;1497;1;5,6,10,17,18,19,21,23,32,47,48,49,50,51,56,63,64,65,66,67,77,78,79,80,81,82,83,84,85,86,87,88,89,90,91,92,93,94,95,96,97,98,99,100,101,102,103,104,105,106,107,108,109,110,111,112,113,114,115,116,127,129,132,134,136,137,144,167,168,169,170,171,172,173,248,300,335,336,337,338,
17;1;1497;1531;1;5,6,10,17,18,19,21,23,32,47,48,49,50,51,56,63,64,65,66,67,77,78,79,80,81,82,83,84,85,86,87,88,89,90,91,92,93,94,95,96,97,98,99,100,101,102,103,104,105,106,107,108,109,110,111,112,113,114,115,116,127,129,132,134,136,137,144,167,168,169,170,171,172,173,248,300,335,336,337,338,
104;0;1531;1608;1;5,6,10,17,18,19,21,23,32,47,48,49,50,51,56,63,64,65,66,67,77,78,79,80,81,82,83,84,85,86,87,88,89,90,91,92,93,94,95,96,97,98,99,100,101,102,103,104,105,106,107,108,109,110,111,112,113,114,115,116,127,129,132,134,136,137,144,167,168,169,170,171,172,173,248,300,335,336,337,338,
104;1;1608;1749;1;5,6,10,17,18,19,21,23,32,47,48,49,50,51,56,63,64,65,66,67,77,78,79,80,81,82,83,84,85,86,87,88,89,90,91,92,93,94,95,96,97,98,99,100,101,102,103,104,105,106,107,108,109,110,111,112,113,114,115,116,127,129,132,134,136,137,144,167,168,169,170,171,172,173,248,300,335,336,337,338,
228;0;1749;1767;0;5,6,10,17,18,19,21,23,32,47,48,49,50,51,56,63,64,65,66,67,77,78,79,80,81,82,83,84,85,86,87,88,89,90,91,92,93,94,95,96,97,98,99,100,101,102,103,104,105,106,107,108,109,110,111,112,113,114,115,116,127,129,132,134,136,137,144,167,168,169,170,171,172,173,248,300,335,336,337,338,
79;0;1767;1844;0;5,6,10,17,18,19,21,23,32,47,48,49,50,51,56,63,64,65,66,67,77,78,79,80,81,82,83,84,85,86,87,88,89,90,91,92,93,94,95,96,97,98,99,100,101,102,103,104,105,106,107,108,109,110,111,112,113,114,115,116,127,129,132,134,136,137,144,167,168,169,170,171,172,173,248,300,335,336,337,338,
79;1;1844;1981;0;5,6,10,17,18,19,21,23,32,47,48,49,50,51,56,63,64,65,66,67,77,78,79,80,81,82,83,84,85,86,87,88,89,90,91,92,93,94,95,96,97,98,99,100,101,102,103,104,105,106,107,108,109,110,111,112,113,114,115,116,127,129,132,134,136,137,144,167,168,169,170,171,172,173,248,300,335,336,337,338,
70;0;1981;2057;1;5,6,10,17,18,19,21,23,32,47,48,49,50,51,56,63,64,65,66,67,77,78,79,80,81,82,83,84,85,86,87,88,89,90,91,92,93,94,95,96,97,98,99,100,101,102,103,104,105,106,107,108,109,110,111,112,113,114,115,116,127,129,132,134,136,137,144,167,168,169,170,171,172,173,248,300,335,336,337,338,
225;0;2057;2190;0;5,6,10,17,18,19,21,23,32,47,48,49,50,51,56,63,64,65,66,67,77,78,79,80,81,82,83,84,85,86,87,88,89,90,91,92,93,94,95,96,97,98,99,100,101,102,103,104,105,106,107,108,109,110,111,112,113,114,115,116,127,129,132,134,136,137,144,167,168,169,170,171,172,173,248,300,335,336,337,338,
72;0;2190;2353;0;5,6,10,17,18,19,21,23,32,47,48,49,50,51,56,63,64,65,66,67,77,78,79,80,81,82,83,84,85,86,87,88,89,90,91,92,93,94,95,96,97,98,99,100,101,102,103,104,105,106,107,108,109,110,111,112,113,114,115,116,127,129,132,134,136,137,144,167,168,169,170,171,172,173,248,300,335,336,337,338,
72;1;2353;2458;0;5,6,10,17,18,19,21,23,32,47,48,49,50,51,56,63,64,65,66,67,77,78,79,80,81,82,83,84,85,86,87,88,89,90,91,92,93,94,95,96,97,98,99,100,101,102,103,104,105,106,107,108,109,110,111,112,113,114,115,116,127,129,132,134,136,137,144,167,168,169,170,171,172,173,248,300,335,336,337,338,
235;0;2458;2503;0;5,6,10,17,18,19,21,23,32,47,48,49,50,51,56,63,64,65,66,67,77,78,79,80,81,82,83,84,85,86,87,88,89,90,91,92,93,94,95,96,97,98,99,100,101,102,103,104,105,106,107,108,109,110,111,112,113,114,115,116,127,129,132,134,136,137,144,167,168,169,170,171,172,173,248,300,335,336,337,338,
44;0;2503;2584;1;5,6,10,17,18,19,21,23,32,47,48,49,50,51,56,63,64,65,66,67,77,78,79,80,81,82,83,84,85,86,87,88,89,90,91,92,93,94,95,96,97,98,99,100,101,102,103,104,105,106,107,108,109,110,111,112,113,114,115,116,127,129,132,134,136,137,144,167,168,169,170,171,172,173,248,300,335,336,337,338,
44;1;2584;2740;1;5,6,10,17,18,19,21,23,32,47,48,49,50,51,56,63,64,65,66,67,77,78,79,80,81,82,83,84,85,86,87,88,89,90,91,92,93,94,95,96,97,98,99,100,101,102,103,104,105,106,107,108,109,110,111,112,113,114,115,116,127,129,132,134,136,137,144,167,168,169,170,171,172,173,248,300,335,336,337,338,
184;0;2740;2914;1;5,6,10,17,18,19,21,23,32,47,48,49,50,51,56,63,64,65,66,67,77,78,79,80,81,82,83,84,85,86,87,88,89,90,91,92,93,94,95,96,97,98,99,100,101,102,103,104,105,106,107,108,109,110,111,112,113,114,115,116,127,129,132,134,136,137,144,167,168,169,170,171,172,173,248,300,335,336,337,338,
184;1;2914;3079;1;5,6,10,17,18,19,21,23,32,47,48,49,50,51,56,63,64,65,66,67,77,78,79,80,81,82,83,84,85,86,87,88,89,90,91,92,93,94,95,96,97,98,99,100,101,102,103,104,105,106,107,108,109,110,111,112,113,114,115,116,127,129,132,134,136,137,144,167,168,169,170,171,172,173,248,300,335,336,337,338,
123;0;3079;3127;1;5,6,10,17,18,19,21,23,32,47,48,49,50,51,56,63,64,65,66,67,77,78,79,80,81,82,83,84,85,86,87,88,89,90,91,92,93,94,95,96,97,98,99,100,101,102,103,104,105,106,107,108,109,110,111,112,113,114,115,116,127,129,132,134,136,137,144,167,168,169,170,171,172,173,248,300,335,336,337,338,
130;0;3127;3264;1;5,6,10,17,18,19,21,23,32,47,48,49,50,51,56,63,64,65,66,67,77,78,79,80,81,82,83,84,85,86,87,88,89,90,91,92,93,94,95,96,97,98,99,100,101,102,103,104,105,106,107,108,109,110,111,112,113,114,115,116,127,129,132,134,136,137,144,167,168,169,170,171,172,173,248,300,335,336,337,338,
20;0;3264;3328;1;5,6,10,17,18,19,21,23,32,47,48,49,50,51,56,63,64,65,66,67,77,78,79,80,81,82,83,84,85,86,87,88,89,90,91,92,93,94,95,96,97,98,99,100,101,102,103,104,105,106,107,108,109,110,111,112,113,114,115,116,127,129,132,134,136,137,144,167,168,169,170,171,172,173,248,300,335,336,337,338,
217;0;3328;3438;1;5,6,10,17,18,19,21,23,32,47,48,49,50,51,56,63,64,65,66,67,77,78,79,80,81,82,83,84,85,86,87,88,89,90,91,92,93,94,95,96,97,98,99,100,101,102,103,104,105,106,107,108,109,110,111,112,113,114,115,116,127,129,132,134,136,137,144,167,168,169,170,171,172,173,248,300,335,336,337,338,
217;1;3438;3594;1;5,6,10,17,18,19,21,23,32,47,48,49,50,51,56,63,64,65,66,67,77,78,79,80,81,82,83,84,85,86,87,88,89,90,91,92,93,94,95,96,97,98,99,100,101,102,103,104,105,106,107,108,109,110,111,112,113,114,115,116,127,129,132,134,136,137,144,167,168,169,170,171,172,173,248,300,335,336,337,338,
238;0;3594;3741;0;5,6,10,17,18,19,21,23,32,47,48,49,50,51,56,63,64,65,66,67,77,78,79,80,81,82,83,84,85,86,87,88,89,90,91,92,93,94,95,96,97,98,99,100,101,102,103,104,105,106,107,108,109,110,111,112,113,114,115,116,127,129,132,134,136,137,144,167,168,169,170,171,172,173,248,300,335,336,337,338,
170;0;3741;3805;1;5,6,10,17,18,19,21,23,32,47,48,49,50,51,56,63,64,65,66,67,77,78,79,80,81,82,83,84,85,86,87,88,89,90,91,92,93,94,95,96,97,98,99,100,101,102,103,104,105,106,107,108,109,110,111,112,113,114,115,116,127,129,132,134,136,137,144,167,168,169,170,171,172,173,248,300,335,336,337,338,
220;0;3805;3827;1;5,6,10,17,18,19,21,23,32,47,48,49,50,51,56,63,64,65,66,67,77,78,79,80,81,82,83,84,85,86,87,88,89,90,91,92,93,94,95,96,97,98,99,100,101,102,103,104,105,106,107,108,109,110,111,112,113,114,115,116,127,129,132,134,136,137,144,167,168,169,170,171,172,173,248,300,335,336,337,338,
45;0;3827;3896;0;5,6,10,17,18,19,21,23,32,47,48,49,50,51,56,63,64,65,66,67,77,78,79,80,81,82,83,84,85,86,87,88,89,90,91,92,93,94,95,96,97,98,99,100,101,102,103,104,105,106,107,108,109,110,111,112,113,114,115,116,127,129,132,134,136,137,144,167,168,169,170,171,172,173,248,300,335,336,337,338,
80;0;3896;3931;1;5,6,10,17,18,19,21,23,32,47,48,49,50,51,56,63,64,65,66,67,77,78,79,80,81,82,83,84,85,86,87,88,89,90,91,92,93,94,95,96,97,98,99,100,101,102,103,104,105,106,107,108,109,110,111,112,113,114,115,116,127,129,132,134,136,137,144,167,168,169,170,171,172,173,248,300,335,336,337,338,
87;0;3931;4106;1;5,6,10,17,18,19,21,23,32,47,48,49,50,51,56,63,64,65,66,67,77,78,79,80,81,82,83,84,85,86,87,88,89,90,91,92,93,94,95,96,97,98,99,100,101,102,103,104,105,106,107,108,109,110,111,112,113,114,115,116,127,129,132,134,136,137,144,167,168,169,170,171,172,173,248,300,335,336,337,338,
87;1;4106;4211;1;5,6,10,17,18,19,21,23,32,47,48,49,50,51,56,63,64,65,66,67,77,78,79,80,81,82,83,84,85,86,87,88,89,90,91,92,93,94,95,96,97,98,99,100,101,102,103,104,105,106,107,108,109,110,111,112,113,114,115,116,127,129,132,134,136,137,144,167,168,169,170,171,172,173,248,300,335,336,337,338,
23;0;4211;4384;1;5,6,10,17,18,19,21,23,32,47,48,49,50,51,56,63,64,65,66,67,77,78,79,80,81,82,83,84,85,86,87,88,89,90,91,92,93,94,95,96,97,98,99,100,101,102,103,104,105,106,107,108,109,110,111,112,113,114,115,116,127,129,132,134,136,137,144,167,168,169,170,171,172,173,248,300,335,336,337,338,
191;0;4384;4450;1;5,6,10,17,18,19,21,23,32,47,48,49,50,51,56,63,64,65,66,67,77,78,79,80,81,82,83,84,85,86,87,88,89,90,91,92,93,94,95,96,97,98,99,100,101,102,103,104,105,106,107,108,109,110,111,112,113,114,115,116,127,129,132,134,136,137,144,167,168,169,170,171,172,173,248,300,335,336,337,338,
94;0;4450;4502;1;5,6,10,17,18,19,21,23,32,47,48,49,50,51,56,63,64,65,66,67,77,78,79,80,81,82,83,84,85,86,87,88,89,90,91,92,93,94,95,96,97,98,99,100,101,102,103,104,105,106,107,108,109,110,111,112,113,114,115,116,127,129,132,134,136,137,144,167,168,169,170,171,172,173,248,300,335,336,337,338,
94;1;4502;4575;1;5,6,10,17,18,19,21,23,32,47,48,49,50,51,56,63,64,65,66,67,77,78,79,80,81,82,83,84,85,86,87,88,89,90,91,92,93,94,95,96,97,98,99,100,101,102,103,104,105,106,107,108,109,110,111,112,113,114,115,116,127,129,132,134,136,137,144,167,168,169,170,171,172,173,248,300,335,336,337,338,
129;0;4575;4673;0;5,6,10,17,18,19,21,23,32,47,48,49,50,51,56,63,64,65,66,67,77,78,79,80,81,82,83,84,85,86,87,88,89,90,91,92,93,94,95,96,97,98,99,100,101,102,103,104,105,106,107,108,109,110,111,112,113,114,115,116,127,129,132,134,136,137,144,167,168,169,170,171,172,173,248,300,335,336,337,338,
129;1;4673;4729;0;5,6,10,17,18,19,21,23,32,47,48,49,50,51,56,63,64,65,66,67,77,78,79,80,81,82,83,84,85,86,87,88,89,90,91,92,93,94,95,96,97,98,99,100,101,102,103,104,105,106,107,108,109,110,111,112,113,114,115,116,127,129,132,134,136,137,144,167,168,169,170,171,172,173,248,300,335,336,337,338,
71;0;4729;4844;1;5,6,10,17,18,19,21,23,32,47,48,49,50,51,56,63,64,65,66,67,77,78,79,80,81,82,83,84,85,86,87,88,89,90,91,92,93,94,95,96,97,98,99,100,101,102,103,104,105,106,107,108,109,110,111,112,113,114,115,116,127,129,132,134,136,137,144,167,168,169,170,171,172,173,248,300,335,336,337,338,
211;0;4844;4888;1;5,6,10,17,18,19,21,23,32,47,48,49,50,51,56,63,64,65,66,67,77,78,79,80,81,82,83,84,85,86,87,88,89,90,91,92,93,94,95,96,97,98,99,100,101,102,103,104,105,106,107,108,109,110,111,112,113,114,115,116,127,129,132,134,136,137,144,167,168,169,170,171,172,173,248,300,335,336,337,338,
192;0;4888;4972;0;5,6,10,17,18,19,21,23,32,47,48,49,50,51,56,63,64,65,66,67,77,78,79,80,81,82,83,84,85,86,87,88,89,90,91,92,93,94,95,96,97,98,99,100,101,102,103,104,105,106,107,108,109,110,111,112,113,114,115,116,127,129,132,134,136,137,144,167,168,169,170,171,172,173,248,300,335,336,337,338,
192;1;4972;5006;0;5,6,10,17,18,19,21,23,32,47,48,49,50,51,56,63,64,65,66,67,77,78,79,80,81,82,83,84,85,86,87,88,89,90,91,92,93,94,95,96,97,98,99,100,101,102,103,104,105,106,107,108,109,110,111,112,113,114,115,116,127,129,132,134,136,137,144,167,168,169,170,171,172,173,248,300,335,336,337,338,
221;0;5006;5051;1;5,6,10,17,18,19,21,23,32,47,48,49,50,51,56,63,64,65,66,67,77,78,79,80,81,82,83,84,85,86,87,88,89,90,91,92,93,94,95,96,97,98,99,100,101,102,103,104,105,106,107,108,109,110,111,112,113,114,115,116,127,129,132,134,136,137,144,167,168,169,170,171,172,173,248,300,335,336,337,338,
99;0;5051;5083;0;5,6,10,17,18,19,21,23,32,47,48,49,50,51,56,63,64,65,66,67,77,78,79,80,81,82,83,84,85,86,87,88,89,90,91,92,93,94,95,96,97,98,99,100,101,102,103,104,105,106,107,108,109,110,111,112,113,114,115,116,127,129,132,134,136,137,144,167,168,169,170,171,172,173,248,300,335,336,337,338,
99;1;5083;5128;0;5,6,10,17,18,19,21,23,32,47,48,49,50,51,56,63,64,65,66,67,77,78,79,80,81,82,83,84,85,86,87,88,89,90,91,92,93,94,95,96,97,98,99,100,101,102,103,104,105,106,107,108,109,110,111,112,113,114,115,116,127,129,132,134,136,137,144,167,168,169,170,171,172,173,248,300,335,336,337,338,
230;0;5128;5233;1;5,6,10,17,18,19,21,23,32,47,48,49,50,51,56,63,64,65,66,67,77,78,79,80,81,82,83,84,85,86,87,88,89,90,91,92,93,94,95,96,97,98,99,100,101,102,103,104,105,106,107,108,109,110,111,112,113,114,115,116,127,129,132,134,136,137,144,167,168,169,170,171,172,173,248,300,335,336,337,338,
91;0;5233;5406;1;5,6,10,17,18,19,21,23,32,47,48,49,50,51,56,63,64,65,66,67,77,78,79,80,81,82,83,84,85,86,87,88,89,90,91,92,93,94,95,96,97,98,99,100,101,102,103,104,105,106,107,108,109,110,111,112,113,114,115,116,127,129,132,134,136,137,144,167,168,169,170,171,172,173,248,300,335,336,337,338,
Machine: 1
33;0;0;163;1;0,1,2,5,6,7,10,11,12,20,21,22,23,26,41,42,43,44,45,47,48,49,50,51,52,53,63,64,68,69,70,71,78,79,80,81,117,118,119,120,121,135,138,139,140,141,142,143,144,145,146,147,164,165,166,174,175,176,178,192,233,234,235,236,237,244,245,246,247,249,256,257,258,259,274,295,296,297,298,323,
24;0;163;282;1;0,1,2,5,6,7,10,11,12,20,21,22,23,26,41,42,43,44,45,47,48,49,50,51,52,53,63,64,68,69,70,71,78,79,80,81,117,118,119,120,121,135,138,139,140,141,142,143,144,145,146,147,164,165,166,174,175,176,178,192,233,234,235,236,237,244,245,246,247,249,256,257,258,259,274,295,296,297,298,323,
24;1;282;350;1;0,1,2,5,6,7,10,11,12,20,21,22,23,26,41,42,43,44,45,47,48,49,50,51,52,53,63,64,68,69,70,71,78,79,80,81,117,118,119,120,121,135,138,139,140,141,142,143,144,145,146,147,164,165,166,174,175,176,178,192,233,234,235,236,237,244,245,246,247,249,256,257,258,259,274,295,296,297,298,323,
83;0;350;425;1;0,1,2,5,6,7,10,11,12,20,21,22,23,26,41,42,43,44,45,47,48,49,50,51,52,53,63,64,68,69,70,71,78,79,80,81,117,118,119,120,121,135,138,139,140,141,142,143,144,145,146,147,164,165,166,174,175,176,178,192,233,234,235,236,237,244,245,246,247,249,256,257,258,259,274,295,296,297,298,323,
119;0;425;521;0;0,1,2,5,6,7,10,11,12,20,21,22,23,26,41,42,43,44,45,47,48,49,50,51,52,53,63,64,68,69,70,71,78,79,80,81,117,118,119,120,121,135,138,139,140,141,142,143,144,145,146,147,164,165,166,174,175,176,178,192,233,234,235,236,237,244,245,246,247,249,256,257,258,259,274,295,296,297,298,323,
119;1;521;666;0;0,1,2,5,6,7,10,11,12,20,21,22,23,26,41,42,43,44,45,47,48,49,50,51,52,53,63,64,68,69,70,71,78,79,80,81,117,118,119,120,121,135,138,139,140,141,142,143,144,145,146,147,164,165,166,174,175,176,178,192,233,234,235,236,237,244,245,246,247,249,256,257,258,259,274,295,296,297,298,323,
12;0;666;816;0;0,1,2,5,6,7,10,11,12,20,21,22,23,26,41,42,43,44,45,47,48,49,50,51,52,53,63,64,68,69,70,71,78,79,80,81,117,118,119,120,121,135,138,139,140,141,142,143,144,145,146,147,164,165,166,174,175,176,178,192,233,234,235,236,237,244,245,246,247,249,256,257,258,259,274,295,296,297,298,323,
12;1;816;869;0;0,1,2,5,6,7,10,11,12,20,21,22,23,26,41,42,43,44,45,47,48,49,50,51,52,53,63,64,68,69,70,71,78,79,80,81,117,118,119,120,121,135,138,139,140,141,142,143,144,145,146,147,164,165,166,174,175,176,178,192,233,234,235,236,237,244,245,246,247,249,256,257,258,259,274,295,296,297,298,323,
88;0;869;1041;0;0,1,2,5,6,7,10,11,12,20,21,22,23,26,41,42,43,44,45,47,48,49,50,51,52,53,63,64,68,69,70,71,78,79,80,81,117,118,119,120,121,135,138,139,140,141,142,143,144,145,146,147,164,165,166,174,175,176,178,192,233,234,235,236,237,244,245,246,247,249,256,257,258,259,274,295,296,297,298,323,
68;0;1041;1200;0;0,1,2,5,6,7,10,11,12,20,21,22,23,26,41,42,43,44,45,47,48,49,50,51,52,53,63,64,68,69,70,71,78,79,80,81,117,118,119,120,121,135,138,139,140,141,142,143,144,145,146,147,164,165,166,174,175,176,178,192,233,234,235,236,237,244,245,246,247,249,256,257,258,259,274,295,296,297,298,323,
202;0;1200;1337;0;0,1,2,5,6,7,10,11,12,20,21,22,23,26,41,42,43,44,45,47,48,49,50,51,52,53,63,64,68,69,70,71,78,79,80,81,117,118,119,120,121,135,138,139,140,141,142,143,144,145,146,147,164,165,166,174,175,176,178,192,233,234,235,236,237,244,245,246,247,249,256,257,258,259,274,295,296,297,298,323,
202;1;1337;1423;0;0,1,2,5,6,7,10,11,12,20,21,22,23,26,41,42,43,44,45,47,48,49,50,51,52,53,63,64,68,69,70,71,78,79,80,81,117,118,119,120,121,135,138,139,140,141,142,143,144,145,146,147,164,165,166,174,175,176,178,192,233,234,235,236,237,244,245,246,247,249,256,257,258,259,274,295,296,297,298,323,
195;0;1423;1487;0;0,1,2,5,6,7,10,11,12,20,21,22,23,26,41,42,43,44,45,47,48,49,50,51,52,53,63,64,68,69,70,71,78,79,80,81,117,118,119,120,121,135,138,139,140,141,142,143,144,145,146,147,164,165,166,174,175,176,178,192,233,234,235,236,237,244,245,246,247,249,256,257,258,259,274,295,296,297,298,323,
193;0;1487;1660;1;0,1,2,5,6,7,10,11,12,20,21,22,23,26,41,42,43,44,45,47,48,49,50,51,52,53,63,64,68,69,70,71,78,79,80,81,117,118,119,120,121,135,138,139,140,141,142,143,144,145,146,147,164,165,166,174,175,176,178,192,233,234,235,236,237,244,245,246,247,249,256,257,258,259,274,295,296,297,298,323,
109;0;1660;1820;0;0,1,2,5,6,7,10,11,12,20,21,22,23,26,41,42,43,44,45,47,48,49,50,51,52,53,63,64,68,69,70,71,78,79,80,81,117,118,119,120,121,135,138,139,140,141,142,143,144,145,146,147,164,165,166,174,175,176,178,192,233,234,235,236,237,244,245,246,247,249,256,257,258,259,274,295,296,297,298,323,
109;1;1820;1985;0;0,1,2,5,6,7,10,11,12,20,21,22,23,26,41,42,43,44,45,47,48,49,50,51,52,53,63,64,68,69,70,71,78,79,80,81,117,118,119,120,121,135,138,139,140,141,142,143,144,145,146,147,164,165,166,174,175,176,178,192,233,234,235,236,237,244,245,246,247,249,256,257,258,259,274,295,296,297,298,323,
11;0;1985;2051;1;0,1,2,5,6,7,10,11,12,20,21,22,23,26,41,42,43,44,45,47,48,49,50,51,52,53,63,64,68,69,70,71,78,79,80,81,117,118,119,120,121,135,138,139,140,141,142,143,144,145,146,147,164,165,166,174,175,176,178,192,233,234,235,236,237,244,245,246,247,249,256,257,258,259,274,295,296,297,298,323,
127;0;2051;2083;1;0,1,2,5,6,7,10,11,12,20,21,22,23,26,41,42,43,44,45,47,48,49,50,51,52,53,63,64,68,69,70,71,78,79,80,81,117,118,119,120,121,135,138,139,140,141,142,143,144,145,146,147,164,165,166,174,175,176,178,192,233,234,235,236,237,244,245,246,247,249,256,257,258,259,274,295,296,297,298,323,
127;1;2083;2163;1;0,1,2,5,6,7,10,11,12,20,21,22,23,26,41,42,43,44,45,47,48,49,50,51,52,53,63,64,68,69,70,71,78,79,80,81,117,118,119,120,121,135,138,139,140,141,142,143,144,145,146,147,164,165,166,174,175,176,178,192,233,234,235,236,237,244,245,246,247,249,256,257,258,259,274,295,296,297,298,323,
209;0;2163;2195;0;0,1,2,5,6,7,10,11,12,20,21,22,23,26,41,42,43,44,45,47,48,49,50,51,52,53,63,64,68,69,70,71,78,79,80,81,117,118,119,120,121,135,138,139,140,141,142,143,144,145,146,147,164,165,166,174,175,176,178,192,233,234,235,236,237,244,245,246,247,249,256,257,258,259,274,295,296,297,298,323,
209;1;2195;2369;0;0,1,2,5,6,7,10,11,12,20,21,22,23,26,41,42,43,44,45,47,48,49,50,51,52,53,63,64,68,69,70,71,78,79,80,81,117,118,119,120,121,135,138,139,140,141,142,143,144,145,146,147,164,165,166,174,175,176,178,192,233,234,235,236,237,244,245,246,247,249,256,257,258,259,274,295,296,297,298,323,
61;0;2369;2421;1;0,1,2,5,6,7,10,11,12,20,21,22,23,26,41,42,43,44,45,47,48,49,50,51,52,53,63,64,68,69,70,71,78,79,80,81,117,118,119,120,121,135,138,139,140,141,142,143,144,145,146,147,164,165,166,174,175,176,178,192,233,234,235,236,237,244,245,246,247,249,256,257,258,259,274,295,296,297,298,323,
102;0;2421;2545;0;0,1,2,5,6,7,10,11,12,20,21,22,23,26,41,42,43,44,45,47,48,49,50,51,52,53,63,64,68,69,70,71,78,79,80,81,117,118,119,120,121,135,138,139,140,141,142,143,144,145,146,147,164,165,166,174,175,176,178,192,233,234,235,236,237,244,245,246,247,249,256,257,258,259,274,295,296,297,298,323,
102;1;2545;2696;0;0,1,2,5,6,7,10,11,12,20,21,22,23,26,41,42,43,44,45,47,48,49,50,51,52,53,63,64,68,69,70,71,78,79,80,81,117,118,119,120,121,135,138,139,140,141,142,143,144,145,146,147,164,165,166,174,175,176,178,192,233,234,235,236,237,244,245,246,247,249,256,257,258,259,274,295,296,297,298,323,
5;0;2696;2725;0;0,1,2,5,6,7,10,11,12,20,21,22,23,26,41,42,43,44,45,47,48,49,50,51,52,53,63,64,68,69,70,71,78,79,80,81,117,118,119,120,121,135,138,139,140,141,142,143,144,145,146,147,164,165,166,174,175,176,178,192,233,234,235,236,237,244,245,246,247,249,256,257,258,259,274,295,296,297,298,323,
177;0;2725;2806;1;0,1,2,5,6,7,10,11,12,20,21,22,23,26,41,42,43,44,45,47,48,49,50,51,52,53,63,64,68,69,70,71,78,79,80,81,117,118,119,120,121,135,138,139,140,141,142,143,144,145,146,147,164,165,166,174,175,176,178,192,233,234,235,236,237,244,245,246,247,249,256,257,258,259,274,295,296,297,298,323,
177;1;2806;2841;1;0,1,2,5,6,7,10,11,12,20,21,22,23,26,41,42,43,44,45,47,48,49,50,51,52,53,63,64,68,69,70,71,78,79,80,81,117,118,119,120,121,135,138,139,140,141,142,143,144,145,146,147,164,165,166,174,175,176,178,192,233,234,235,236,237,244,245,246,247,249,256,257,258,259,274,295,296,297,298,323,
32;0;2841;2847;0;0,1,2,5,6,7,10,11,12,20,21,22,23,26,41,42,43,44,45,47,48,49,50,51,52,53,63,64,68,69,70,71,78,79,80,81,117,118,119,120,121,135,138,139,140,141,142,143,144,145,146,147,164,165,166,174,175,176,178,192,233,234,235,236,237,244,245,246,247,249,256,257,258,259,274,295,296,297,298,323,
32;1;2847;2915;0;0,1,2,5,6,7,10,11,12,20,21,22,23,26,41,42,43,44,45,47,48,49,50,51,52,53,63,64,68,69,70,71,78,79,80,81,117,118,119,120,121,135,138,139,140,141,142,143,144,145,146,147,164,165,166,174,175,176,178,192,233,234,235,236,237,244,245,246,247,249,256,257,258,259,274,295,296,297,298,323,
181;0;2915;2979;1;0,1,2,5,6,7,10,11,12,20,21,22,23,26,41,42,43,44,45,47,48,49,50,51,52,53,63,64,68,69,70,71,78,79,80,81,117,118,119,120,121,135,138,139,140,141,142,143,144,145,146,147,164,165,166,174,175,176,178,192,233,234,235,236,237,244,245,246,247,249,256,257,258,259,274,295,296,297,298,323,
120;0;2979;3047;1;0,1,2,5,6,7,10,11,12,20,21,22,23,26,41,42,43,44,45,47,48,49,50,51,52,53,63,64,68,69,70,71,78,79,80,81,117,118,119,120,121,135,138,139,140,141,142,143,144,145,146,147,164,165,166,174,175,176,178,192,233,234,235,236,237,244,245,246,247,249,256,257,258,259,274,295,296,297,298,323,
107;0;3047;3176;1;0,1,2,5,6,7,10,11,12,20,21,22,23,26,41,42,43,44,45,47,48,49,50,51,52,53,63,64,68,69,70,71,78,79,80,81,117,118,119,120,121,135,138,139,140,141,142,143,144,145,146,147,164,165,166,174,175,176,178,192,233,234,235,236,237,244,245,246,247,249,256,257,258,259,274,295,296,297,298,323,
107;1;3176;3286;1;0,1,2,5,6,7,10,11,12,20,21,22,23,26,41,42,43,44,45,47,48,49,50,51,52,53,63,64,68,69,70,71,78,79,80,81,117,118,119,120,121,135,138,139,140,141,142,143,144,145,146,147,164,165,166,174,175,176,178,192,233,234,235,236,237,244,245,246,247,249,256,257,258,259,274,295,296,297,298,323,
30;0;3286;3294;1;0,1,2,5,6,7,10,11,12,20,21,22,23,26,41,42,43,44,45,47,48,49,50,51,52,53,63,64,68,69,70,71,78,79,80,81,117,118,119,120,121,135,138,139,140,141,142,143,144,145,146,147,164,165,166,174,175,176,178,192,233,234,235,236,237,244,245,246,247,249,256,257,258,259,274,295,296,297,298,323,
154;0;3294;3403;1;0,1,2,5,6,7,10,11,12,20,21,22,23,26,41,42,43,44,45,47,48,49,50,51,52,53,63,64,68,69,70,71,78,79,80,81,117,118,119,120,121,135,138,139,140,141,142,143,144,145,146,147,164,165,166,174,175,176,178,192,233,234,235,236,237,244,245,246,247,249,256,257,258,259,274,295,296,297,298,323,
154;1;3403;3463;1;0,1,2,5,6,7,10,11,12,20,21,22,23,26,41,42,43,44,45,47,48,49,50,51,52,53,63,64,68,69,70,71,78,79,80,81,117,118,119,120,121,135,138,139,140,141,142,143,144,145,146,147,164,165,166,174,175,176,178,192,233,234,235,236,237,244,245,246,247,249,256,257,258,259,274,295,296,297,298,323,
86;0;3463;3500;0;0,1,2,5,6,7,10,11,12,20,21,22,23,26,41,42,43,44,45,47,48,49,50,51,52,53,63,64,68,69,70,71,78,79,80,81,117,118,119,120,121,135,138,139,140,141,142,143,144,145,146,147,164,165,166,174,175,176,178,192,233,234,235,236,237,244,245,246,247,249,256,257,258,259,274,295,296,297,298,323,
173;0;3500;3560;1;0,1,2,5,6,7,10,11,12,20,21,22,23,26,41,42,43,44,45,47,48,49,50,51,52,53,63,64,68,69,70,71,78,79,80,81,117,118,119,120,121,135,138,139,140,141,142,143,144,145,146,147,164,165,166,174,175,176,178,192,233,234,235,236,237,244,245,246,247,249,256,257,258,259,274,295,296,297,298,323,
124;0;3560;3720;1;0,1,2,5,6,7,10,11,12,20,21,22,23,26,41,42,43,44,45,47,48,49,50,51,52,53,63,64,68,69,70,71,78,79,80,81,117,118,119,120,121,135,138,139,140,141,142,143,144,145,146,147,164,165,166,174,175,176,178,192,233,234,235,236,237,244,245,246,247,249,256,257,258,259,274,295,296,297,298,323,
124;1;3720;3764;1;0,1,2,5,6,7,10,11,12,20,21,22,23,26,41,42,43,44,45,47,48,49,50,51,52,53,63,64,68,69,70,71,78,79,80,81,117,118,119,120,121,135,138,139,140,141,142,143,144,145,146,147,164,165,166,174,175,176,178,192,233,234,235,236,237,244,245,246,247,249,256,257,258,259,274,295,296,297,298,323,
53;0;3764;3782;1;0,1,2,5,6,7,10,11,12,20,21,22,23,26,41,42,43,44,45,47,48,49,50,51,52,53,63,64,68,69,70,71,78,79,80,81,117,118,119,120,121,135,138,139,140,141,142,143,144,145,146,147,164,165,166,174,175,176,178,192,233,234,235,236,237,244,245,246,247,249,256,257,258,259,274,295,296,297,298,323,
60;0;3782;3819;1;0,1,2,5,6,7,10,11,12,20,21,22,23,26,41,42,43,44,45,47,48,49,50,51,52,53,63,64,68,69,70,71,78,79,80,81,117,118,119,120,121,135,138,139,140,141,142,143,144,145,146,147,164,165,166,174,175,176,178,192,233,234,235,236,237,244,245,246,247,249,256,257,258,259,274,295,296,297,298,323,
116;0;3819;3861;0;0,1,2,5,6,7,10,11,12,20,21,22,23,26,41,42,43,44,45,47,48,49,50,51,52,53,63,64,68,69,70,71,78,79,80,81,117,118,119,120,121,135,138,139,140,141,142,143,144,145,146,147,164,165,166,174,175,176,178,192,233,234,235,236,237,244,245,246,247,249,256,257,258,259,274,295,296,297,298,323,
175;0;3861;3903;0;0,1,2,5,6,7,10,11,12,20,21,22,23,26,41,42,43,44,45,47,48,49,50,51,52,53,63,64,68,69,70,71,78,79,80,81,117,118,119,120,121,135,138,139,140,141,142,143,144,145,146,147,164,165,166,174,175,176,178,192,233,234,235,236,237,244,245,246,247,249,256,257,258,259,274,295,296,297,298,323,
165;0;3903;3963;0;0,1,2,5,6,7,10,11,12,20,21,22,23,26,41,42,43,44,45,47,48,49,50,51,52,53,63,64,68,69,70,71,78,79,80,81,117,118,119,120,121,135,138,139,140,141,142,143,144,145,146,147,164,165,166,174,175,176,178,192,233,234,235,236,237,244,245,246,247,249,256,257,258,259,274,295,296,297,298,323,
18;0;3963;3968;0;0,1,2,5,6,7,10,11,12,20,21,22,23,26,41,42,43,44,45,47,48,49,50,51,52,53,63,64,68,69,70,71,78,79,80,81,117,118,119,120,121,135,138,139,140,141,142,143,144,145,146,147,164,165,166,174,175,176,178,192,233,234,235,236,237,244,245,246,247,249,256,257,258,259,274,295,296,297,298,323,
216;0;3968;4105;0;0,1,2,5,6,7,10,11,12,20,21,22,23,26,41,42,43,44,45,47,48,49,50,51,52,53,63,64,68,69,70,71,78,79,80,81,117,118,119,120,121,135,138,139,140,141,142,143,144,145,146,147,164,165,166,174,175,176,178,192,233,234,235,236,237,244,245,246,247,249,256,257,258,259,274,295,296,297,298,323,
157;0;4105;4214;1;0,1,2,5,6,7,10,11,12,20,21,22,23,26,41,42,43,44,45,47,48,49,50,51,52,53,63,64,68,69,70,71,78,79,80,81,117,118,119,120,121,135,138,139,140,141,142,143,144,145,146,147,164,165,166,174,175,176,178,192,233,234,235,236,237,244,245,246,247,249,256,257,258,259,274,295,296,297,298,323,
157;1;4214;4250;1;0,1,2,5,6,7,10,11,12,20,21,22,23,26,41,42,43,44,45,47,48,49,50,51,52,53,63,64,68,69,70,71,78,79,80,81,117,118,119,120,121,135,138,139,140,141,142,143,144,145,146,147,164,165,166,174,175,176,178,192,233,234,235,236,237,244,245,246,247,249,256,257,258,259,274,295,296,297,298,323,
41;0;4250;4294;1;0,1,2,5,6,7,10,11,12,20,21,22,23,26,41,42,43,44,45,47,48,49,50,51,52,53,63,64,68,69,70,71,78,79,80,81,117,118,119,120,121,135,138,139,140,141,142,143,144,145,146,147,164,165,166,174,175,176,178,192,233,234,235,236,237,244,245,246,247,249,256,257,258,259,274,295,296,297,298,323,
9;0;4294;4378;0;0,1,2,5,6,7,10,11,12,20,21,22,23,26,41,42,43,44,45,47,48,49,50,51,52,53,63,64,68,69,70,71,78,79,80,81,117,118,119,120,121,135,138,139,140,141,142,143,144,145,146,147,164,165,166,174,175,176,178,192,233,234,235,236,237,244,245,246,247,249,256,257,258,259,274,295,296,297,298,323,
9;1;4378;4438;0;0,1,2,5,6,7,10,11,12,20,21,22,23,26,41,42,43,44,45,47,48,49,50,51,52,53,63,64,68,69,70,71,78,79,80,81,117,118,119,120,121,135,138,139,140,141,142,143,144,145,146,147,164,165,166,174,175,176,178,192,233,234,235,236,237,244,245,246,247,249,256,257,258,259,274,295,296,297,298,323,
131;0;4438;4446;1;0,1,2,5,6,7,10,11,12,20,21,22,23,26,41,42,43,44,45,47,48,49,50,51,52,53,63,64,68,69,70,71,78,79,80,81,117,118,119,120,121,135,138,139,140,141,142,143,144,145,146,147,164,165,166,174,175,176,178,192,233,234,235,236,237,244,245,246,247,249,256,257,258,259,274,295,296,297,298,323,
128;0;4446;4532;0;0,1,2,5,6,7,10,11,12,20,21,22,23,26,41,42,43,44,45,47,48,49,50,51,52,53,63,64,68,69,70,71,78,79,80,81,117,118,119,120,121,135,138,139,140,141,142,143,144,145,146,147,164,165,166,174,175,176,178,192,233,234,235,236,237,244,245,246,247,249,256,257,258,259,274,295,296,297,298,323,
92;0;4532;4653;0;0,1,2,5,6,7,10,11,12,20,21,22,23,26,41,42,43,44,45,47,48,49,50,51,52,53,63,64,68,69,70,71,78,79,80,81,117,118,119,120,121,135,138,139,140,141,142,143,144,145,146,147,164,165,166,174,175,176,178,192,233,234,235,236,237,244,245,246,247,249,256,257,258,259,274,295,296,297,298,323,
92;1;4653;4661;0;0,1,2,5,6,7,10,11,12,20,21,22,23,26,41,42,43,44,45,47,48,49,50,51,52,53,63,64,68,69,70,71,78,79,80,81,117,118,119,120,121,135,138,139,140,141,142,143,144,145,146,147,164,165,166,174,175,176,178,192,233,234,235,236,237,244,245,246,247,249,256,257,258,259,274,295,296,297,298,323,
133;0;4661;4747;1;0,1,2,5,6,7,10,11,12,20,21,22,23,26,41,42,43,44,45,47,48,49,50,51,52,53,63,64,68,69,70,71,78,79,80,81,117,118,119,120,121,135,138,139,140,141,142,143,144,145,146,147,164,165,166,174,175,176,178,192,233,234,235,236,237,244,245,246,247,249,256,257,258,259,274,295,296,297,298,323,
Machine: 2
194;0;0;91;1;0,1,2,5,6,7,8,9,10,11,12,15,16,17,18,19,20,21,22,23,24,70,72,73,74,75,76,77,78,81,82,83,84,85,86,87,88,90,91,117,123,125,126,127,128,129,130,131,132,133,134,135,136,137,200,249,251,252,253,254,255,275,276,277,278,279,300,301,302,303,304,305,306,307,308,309,310,311,312,313,
194;1;91;125;1;0,1,2,5,6,7,8,9,10,11,12,15,16,17,18,19,20,21,22,23,24,70,72,73,74,75,76,77,78,81,82,83,84,85,86,87,88,90,91,117,123,125,126,127,128,129,130,131,132,133,134,135,136,137,200,249,251,252,253,254,255,275,276,277,278,279,300,301,302,303,304,305,306,307,308,309,310,311,312,313,
56;0;125;142;0;0,1,2,5,6,7,8,9,10,11,12,15,16,17,18,19,20,21,22,23,24,70,72,73,74,75,76,77,78,81,82,83,84,85,86,87,88,90,91,117,123,125,126,127,128,129,130,131,132,133,134,135,136,137,200,249,251,252,253,254,255,275,276,277,278,279,300,301,302,303,304,305,306,307,308,309,310,311,312,313,
64;0;142;220;1;0,1,2,5,6,7,8,9,10,11,12,15,16,17,18,19,20,21,22,23,24,70,72,73,74,75,76,77,78,81,82,83,84,85,86,87,88,90,91,117,123,125,126,127,128,129,130,131,132,133,134,135,136,137,200,249,251,252,253,254,255,275,276,277,278,279,300,301,302,303,304,305,306,307,308,309,310,311,312,313,
64;1;220;390;1;0,1,2,5,6,7,8,9,10,11,12,15,16,17,18,19,20,21,22,23,24,70,72,73,74,75,76,77,78,81,82,83,84,85,86,87,88,90,91,117,123,125,126,127,128,129,130,131,132,133,134,135,136,137,200,249,251,252,253,254,255,275,276,277,278,279,300,301,302,303,304,305,306,307,308,309,310,311,312,313,
55;0;390;534;0;0,1,2,5,6,7,8,9,10,11,12,15,16,17,18,19,20,21,22,23,24,70,72,73,74,75,76,77,78,81,82,83,84,85,86,87,88,90,91,117,123,125,126,127,128,129,130,131,132,133,134,135,136,137,200,249,251,252,253,254,255,275,276,277,278,279,300,301,302,303,304,305,306,307,308,309,310,311,312,313,
90;0;534;575;1;0,1,2,5,6,7,8,9,10,11,12,15,16,17,18,19,20,21,22,23,24,70,72,73,74,75,76,77,78,81,82,83,84,85,86,87,88,90,91,117,123,125,126,127,128,129,130,131,132,133,134,135,136,137,200,249,251,252,253,254,255,275,276,277,278,279,300,301,302,303,304,305,306,307,308,309,310,311,312,313,
19;0;575;743;0;0,1,2,5,6,7,8,9,10,11,12,15,16,17,18,19,20,21,22,23,24,70,72,73,74,75,76,77,78,81,82,83,84,85,86,87,88,90,91,117,123,125,126,127,128,129,130,131,132,133,134,135,136,137,200,249,251,252,253,254,255,275,276,277,278,279,300,301,302,303,304,305,306,307,308,309,310,311,312,313,
19;1;743;817;0;0,1,2,5,6,7,8,9,10,11,12,15,16,17,18,19,20,21,22,23,24,70,72,73,74,75,76,77,78,81,82,83,84,85,86,87,88,90,91,117,123,125,126,127,128,129,130,131,132,133,134,135,136,137,200,249,251,252,253,254,255,275,276,277,278,279,300,301,302,303,304,305,306,307,308,309,310,311,312,313,
126;0;817;946;0;0,1,2,5,6,7,8,9,10,11,12,15,16,17,18,19,20,21,22,23,24,70,72,73,74,75,76,77,78,81,82,83,84,85,86,87,88,90,91,117,123,125,126,127,128,129,130,131,132,133,134,135,136,137,200,249,251,252,253,254,255,275,276,277,278,279,300,301,302,303,304,305,306,307,308,309,310,311,312,313,
47;0;946;1087;1;0,1,2,5,6,7,8,9,10,11,12,15,16,17,18,19,20,21,22,23,24,70,72,73,74,75,76,77,78,81,82,83,84,85,86,87,88,90,91,117,123,125,126,127,128,129,130,131,132,133,134,135,136,137,200,249,251,252,253,254,255,275,276,277,278,279,300,301,302,303,304,305,306,307,308,309,310,311,312,313,
47;1;1087;1183;1;0,1,2,5,6,7,8,9,10,11,12,15,16,17,18,19,20,21,22,23,24,70,72,73,74,75,76,77,78,81,82,83,84,85,86,87,88,90,91,117,123,125,126,127,128,129,130,131,132,133,134,135,136,137,200,249,251,252,253,254,255,275,276,277,278,279,300,301,302,303,304,305,306,307,308,309,310,311,312,313,
37;0;1183;1276;1;0,1,2,5,6,7,8,9,10,11,12,15,16,17,18,19,20,21,22,23,24,70,72,73,74,75,76,77,78,81,82,83,84,85,86,87,88,90,91,117,123,125,126,127,128,129,130,131,132,133,134,135,136,137,200,249,251,252,253,254,255,275,276,277,278,279,300,301,302,303,304,305,306,307,308,309,310,311,312,313,
37;1;1276;1327;1;0,1,2,5,6,7,8,9,10,11,12,15,16,17,18,19,20,21,22,23,24,70,72,73,74,75,76,77,78,81,82,83,84,85,86,87,88,90,91,117,123,125,126,127,128,129,130,131,132,133,134,135,136,137,200,249,251,252,253,254,255,275,276,277,278,279,300,301,302,303,304,305,306,307,308,309,310,311,312,313,
224;0;1327;1425;1;0,1,2,5,6,7,8,9,10,11,12,15,16,17,18,19,20,21,22,23,24,70,72,73,74,75,76,77,78,81,82,83,84,85,86,87,88,90,91,117,123,125,126,127,128,129,130,131,132,133,134,135,136,137,200,249,251,252,253,254,255,275,276,277,278,279,300,301,302,303,304,305,306,307,308,309,310,311,312,313,
224;1;1425;1572;1;0,1,2,5,6,7,8,9,10,11,12,15,16,17,18,19,20,21,22,23,24,70,72,73,74,75,76,77,78,81,82,83,84,85,86,87,88,90,91,117,123,125,126,127,128,129,130,131,132,133,134,135,136,137,200,249,251,252,253,254,255,275,276,277,278,279,300,301,302,303,304,305,306,307,308,309,310,311,312,313,
76;0;1572;1582;0;0,1,2,5,6,7,8,9,10,11,12,15,16,17,18,19,20,21,22,23,24,70,72,73,74,75,76,77,78,81,82,83,84,85,86,87,88,90,91,117,123,125,126,127,128,129,130,131,132,133,134,135,136,137,200,249,251,252,253,254,255,275,276,277,278,279,300,301,302,303,304,305,306,307,308,309,310,311,312,313,
63;0;1582;1662;1;0,1,2,5,6,7,8,9,10,11,12,15,16,17,18,19,20,21,22,23,24,70,72,73,74,75,76,77,78,81,82,83,84,85,86,87,88,90,91,117,123,125,126,127,128,129,130,131,132,133,134,135,136,137,200,249,251,252,253,254,255,275,276,277,278,279,300,301,302,303,304,305,306,307,308,309,310,311,312,313,
132;0;1662;1691;0;0,1,2,5,6,7,8,9,10,11,12,15,16,17,18,19,20,21,22,23,24,70,72,73,74,75,76,77,78,81,82,83,84,85,86,87,88,90,91,117,123,125,126,127,128,129,130,131,132,133,134,135,136,137,200,249,251,252,253,254,255,275,276,277,278,279,300,301,302,303,304,305,306,307,308,309,310,311,312,313,
132;1;1691;1809;0;0,1,2,5,6,7,8,9,10,11,12,15,16,17,18,19,20,21,22,23,24,70,72,73,74,75,76,77,78,81,82,83,84,85,86,87,88,90,91,117,123,125,126,127,128,129,130,131,132,133,134,135,136,137,200,249,251,252,253,254,255,275,276,277,278,279,300,301,302,303,304,305,306,307,308,309,310,311,312,313,
146;0;1809;1860;0;0,1,2,5,6,7,8,9,10,11,12,15,16,17,18,19,20,21,22,23,24,70,72,73,74,75,76,77,78,81,82,83,84,85,86,87,88,90,91,117,123,125,126,127,128,129,130,131,132,133,134,135,136,137,200,249,251,252,253,254,255,275,276,277,278,279,300,301,302,303,304,305,306,307,308,309,310,311,312,313,
2;0;1860;1974;0;0,1,2,5,6,7,8,9,10,11,12,15,16,17,18,19,20,21,22,23,24,70,72,73,74,75,76,77,78,81,82,83,84,85,86,87,88,90,91,117,123,125,126,127,128,129,130,131,132,133,134,135,136,137,200,249,251,252,253,254,255,275,276,277,278,279,300,301,302,303,304,305,306,307,308,309,310,311,312,313,
2;1;1974;2021;0;0,1,2,5,6,7,8,9,10,11,12,15,16,17,18,19,20,21,22,23,24,70,72,73,74,75,76,77,78,81,82,83,84,85,86,87,88,90,91,117,123,125,126,127,128,129,130,131,132,133,134,135,136,137,200,249,251,252,253,254,255,275,276,277,278,279,300,301,302,303,304,305,306,307,308,309,310,311,312,313,
182;0;2021;2029;0;0,1,2,5,6,7,8,9,10,11,12,15,16,17,18,19,20,21,22,23,24,70,72,73,74,75,76,77,78,81,82,83,84,85,86,87,88,90,91,117,123,125,126,127,128,129,130,131,132,133,134,135,136,137,200,249,251,252,253,254,255,275,276,277,278,279,300,301,302,303,304,305,306,307,308,309,310,311,312,313,
182;1;2029;2039;0;0,1,2,5,6,7,8,9,10,11,12,15,16,17,18,19,20,21,22,23,24,70,72,73,74,75,76,77,78,81,82,83,84,85,86,87,88,90,91,117,123,125,126,127,128,129,130,131,132,133,134,135,136,137,200,249,251,252,253,254,255,275,276,277,278,279,300,301,302,303,304,305,306,307,308,309,310,311,312,313,
201;0;2039;2073;1;0,1,2,5,6,7,8,9,10,11,12,15,16,17,18,19,20,21,22,23,24,70,72,73,74,75,76,77,78,81,82,83,84,85,86,87,88,90,91,117,123,125,126,127,128,129,130,131,132,133,134,135,136,137,200,249,251,252,253,254,255,275,276,277,278,279,300,301,302,303,304,305,306,307,308,309,310,311,312,313,
158;0;2073;2233;0;0,1,2,5,6,7,8,9,10,11,12,15,16,17,18,19,20,21,22,23,24,70,72,73,74,75,76,77,78,81,82,83,84,85,86,87,88,90,91,117,123,125,126,127,128,129,130,131,132,133,134,135,136,137,200,249,251,252,253,254,255,275,276,277,278,279,300,301,302,303,304,305,306,307,308,309,310,311,312,313,
161;0;2233;2343;1;0,1,2,5,6,7,8,9,10,11,12,15,16,17,18,19,20,21,22,23,24,70,72,73,74,75,76,77,78,81,82,83,84,85,86,87,88,90,91,117,123,125,126,127,128,129,130,131,132,133,134,135,136,137,200,249,251,252,253,254,255,275,276,277,278,279,300,301,302,303,304,305,306,307,308,309,310,311,312,313,
22;0;2343;2474;0;0,1,2,5,6,7,8,9,10,11,12,15,16,17,18,19,20,21,22,23,24,70,72,73,74,75,76,77,78,81,82,83,84,85,86,87,88,90,91,117,123,125,126,127,128,129,130,131,132,133,134,135,136,137,200,249,251,252,253,254,255,275,276,277,278,279,300,301,302,303,304,305,306,307,308,309,310,311,312,313,
22;1;2474;2601;0;0,1,2,5,6,7,8,9,10,11,12,15,16,17,18,19,20,21,22,23,24,70,72,73,74,75,76,77,78,81,82,83,84,85,86,87,88,90,91,117,123,125,126,127,128,129,130,131,132,133,134,135,136,137,200,249,251,252,253,254,255,275,276,277,278,279,300,301,302,303,304,305,306,307,308,309,310,311,312,313,
1;0;2601;2748;0;0,1,2,5,6,7,8,9,10,11,12,15,16,17,18,19,20,21,22,23,24,70,72,73,74,75,76,77,78,81,82,83,84,85,86,87,88,90,91,117,123,125,126,127,128,129,130,131,132,133,134,135,136,137,200,249,251,252,253,254,255,275,276,277,278,279,300,301,302,303,304,305,306,307,308,309,310,311,312,313,
144;0;2748;2792;1;0,1,2,5,6,7,8,9,10,11,12,15,16,17,18,19,20,21,22,23,24,70,72,73,74,75,76,77,78,81,82,83,84,85,86,87,88,90,91,117,123,125,126,127,128,129,130,131,132,133,134,135,136,137,200,249,251,252,253,254,255,275,276,277,278,279,300,301,302,303,304,305,306,307,308,309,310,311,312,313,
144;1;2792;2901;1;0,1,2,5,6,7,8,9,10,11,12,15,16,17,18,19,20,21,22,23,24,70,72,73,74,75,76,77,78,81,82,83,84,85,86,87,88,90,91,117,123,125,126,127,128,129,130,131,132,133,134,135,136,137,200,249,251,252,253,254,255,275,276,277,278,279,300,301,302,303,304,305,306,307,308,309,310,311,312,313,
215;0;2901;3045;0;0,1,2,5,6,7,8,9,10,11,12,15,16,17,18,19,20,21,22,23,24,70,72,73,74,75,76,77,78,81,82,83,84,85,86,87,88,90,91,117,123,125,126,127,128,129,130,131,132,133,134,135,136,137,200,249,251,252,253,254,255,275,276,277,278,279,300,301,302,303,304,305,306,307,308,309,310,311,312,313,
150;0;3045;3224;1;0,1,2,5,6,7,8,9,10,11,12,15,16,17,18,19,20,21,22,23,24,70,72,73,74,75,76,77,78,81,82,83,84,85,86,87,88,90,91,117,123,125,126,127,128,129,130,131,132,133,134,135,136,137,200,249,251,252,253,254,255,275,276,277,278,279,300,301,302,303,304,305,306,307,308,309,310,311,312,313,
110;0;3224;3403;1;0,1,2,5,6,7,8,9,10,11,12,15,16,17,18,19,20,21,22,23,24,70,72,73,74,75,76,77,78,81,82,83,84,85,86,87,88,90,91,117,123,125,126,127,128,129,130,131,132,133,134,135,136,137,200,249,251,252,253,254,255,275,276,277,278,279,300,301,302,303,304,305,306,307,308,309,310,311,312,313,
118;0;3403;3499;0;0,1,2,5,6,7,8,9,10,11,12,15,16,17,18,19,20,21,22,23,24,70,72,73,74,75,76,77,78,81,82,83,84,85,86,87,88,90,91,117,123,125,126,127,128,129,130,131,132,133,134,135,136,137,200,249,251,252,253,254,255,275,276,277,278,279,300,301,302,303,304,305,306,307,308,309,310,311,312,313,
52;0;3499;3576;0;0,1,2,5,6,7,8,9,10,11,12,15,16,17,18,19,20,21,22,23,24,70,72,73,74,75,76,77,78,81,82,83,84,85,86,87,88,90,91,117,123,125,126,127,128,129,130,131,132,133,134,135,136,137,200,249,251,252,253,254,255,275,276,277,278,279,300,301,302,303,304,305,306,307,308,309,310,311,312,313,
52;1;3576;3612;0;0,1,2,5,6,7,8,9,10,11,12,15,16,17,18,19,20,21,22,23,24,70,72,73,74,75,76,77,78,81,82,83,84,85,86,87,88,90,91,117,123,125,126,127,128,129,130,131,132,133,134,135,136,137,200,249,251,252,253,254,255,275,276,277,278,279,300,301,302,303,304,305,306,307,308,309,310,311,312,313,
178;0;3612;3723;0;0,1,2,5,6,7,8,9,10,11,12,15,16,17,18,19,20,21,22,23,24,70,72,73,74,75,76,77,78,81,82,83,84,85,86,87,88,90,91,117,123,125,126,127,128,129,130,131,132,133,134,135,136,137,200,249,251,252,253,254,255,275,276,277,278,279,300,301,302,303,304,305,306,307,308,309,310,311,312,313,
153;0;3723;3797;1;0,1,2,5,6,7,8,9,10,11,12,15,16,17,18,19,20,21,22,23,24,70,72,73,74,75,76,77,78,81,82,83,84,85,86,87,88,90,91,117,123,125,126,127,128,129,130,131,132,133,134,135,136,137,200,249,251,252,253,254,255,275,276,277,278,279,300,301,302,303,304,305,306,307,308,309,310,311,312,313,
6;0;3797;3928;0;0,1,2,5,6,7,8,9,10,11,12,15,16,17,18,19,20,21,22,23,24,70,72,73,74,75,76,77,78,81,82,83,84,85,86,87,88,90,91,117,123,125,126,127,128,129,130,131,132,133,134,135,136,137,200,249,251,252,253,254,255,275,276,277,278,279,300,301,302,303,304,305,306,307,308,309,310,311,312,313,
156;0;3928;3994;0;0,1,2,5,6,7,8,9,10,11,12,15,16,17,18,19,20,21,22,23,24,70,72,73,74,75,76,77,78,81,82,83,84,85,86,87,88,90,91,117,123,125,126,127,128,129,130,131,132,133,134,135,136,137,200,249,251,252,253,254,255,275,276,277,278,279,300,301,302,303,304,305,306,307,308,309,310,311,312,313,
207;0;3994;4159;1;0,1,2,5,6,7,8,9,10,11,12,15,16,17,18,19,20,21,22,23,24,70,72,73,74,75,76,77,78,81,82,83,84,85,86,87,88,90,91,117,123,125,126,127,128,129,130,131,132,133,134,135,136,137,200,249,251,252,253,254,255,275,276,277,278,279,300,301,302,303,304,305,306,307,308,309,310,311,312,313,
207;1;4159;4304;1;0,1,2,5,6,7,8,9,10,11,12,15,16,17,18,19,20,21,22,23,24,70,72,73,74,75,76,77,78,81,82,83,84,85,86,87,88,90,91,117,123,125,126,127,128,129,130,131,132,133,134,135,136,137,200,249,251,252,253,254,255,275,276,277,278,279,300,301,302,303,304,305,306,307,308,309,310,311,312,313,
204;0;4304;4460;1;0,1,2,5,6,7,8,9,10,11,12,15,16,17,18,19,20,21,22,23,24,70,72,73,74,75,76,77,78,81,82,83,84,85,86,87,88,90,91,117,123,125,126,127,128,129,130,131,132,133,134,135,136,137,200,249,251,252,253,254,255,275,276,277,278,279,300,301,302,303,304,305,306,307,308,309,310,311,312,313,
204;1;4460;4539;1;0,1,2,5,6,7,8,9,10,11,12,15,16,17,18,19,20,21,22,23,24,70,72,73,74,75,76,77,78,81,82,83,84,85,86,87,88,90,91,117,123,125,126,127,128,129,130,131,132,133,134,135,136,137,200,249,251,252,253,254,255,275,276,277,278,279,300,301,302,303,304,305,306,307,308,309,310,311,312,313,
105;0;4539;4686;0;0,1,2,5,6,7,8,9,10,11,12,15,16,17,18,19,20,21,22,23,24,70,72,73,74,75,76,77,78,81,82,83,84,85,86,87,88,90,91,117,123,125,126,127,128,129,130,131,132,133,134,135,136,137,200,249,251,252,253,254,255,275,276,277,278,279,300,301,302,303,304,305,306,307,308,309,310,311,312,313,
155;0;4686;4857;0;0,1,2,5,6,7,8,9,10,11,12,15,16,17,18,19,20,21,22,23,24,70,72,73,74,75,76,77,78,81,82,83,84,85,86,87,88,90,91,117,123,125,126,127,128,129,130,131,132,133,134,135,136,137,200,249,251,252,253,254,255,275,276,277,278,279,300,301,302,303,304,305,306,307,308,309,310,311,312,313,
223;0;4857;4871;1;0,1,2,5,6,7,8,9,10,11,12,15,16,17,18,19,20,21,22,23,24,70,72,73,74,75,76,77,78,81,82,83,84,85,86,87,88,90,91,117,123,125,126,127,128,129,130,131,132,133,134,135,136,137,200,249,251,252,253,254,255,275,276,277,278,279,300,301,302,303,304,305,306,307,308,309,310,311,312,313,
4;0;4871;5019;1;0,1,2,5,6,7,8,9,10,11,12,15,16,17,18,19,20,21,22,23,24,70,72,73,74,75,76,77,78,81,82,83,84,85,86,87,88,90,91,117,123,125,126,127,128,129,130,131,132,133,134,135,136,137,200,249,251,252,253,254,255,275,276,277,278,279,300,301,302,303,304,305,306,307,308,309,310,311,312,313,
4;1;5019;5116;1;0,1,2,5,6,7,8,9,10,11,12,15,16,17,18,19,20,21,22,23,24,70,72,73,74,75,76,77,78,81,82,83,84,85,86,87,88,90,91,117,123,125,126,127,128,129,130,131,132,133,134,135,136,137,200,249,251,252,253,254,255,275,276,277,278,279,300,301,302,303,304,305,306,307,308,309,310,311,312,313,
28;0;5116;5291;0;0,1,2,5,6,7,8,9,10,11,12,15,16,17,18,19,20,21,22,23,24,70,72,73,74,75,76,77,78,81,82,83,84,85,86,87,88,90,91,117,123,125,126,127,128,129,130,131,132,133,134,135,136,137,200,249,251,252,253,254,255,275,276,277,278,279,300,301,302,303,304,305,306,307,308,309,310,311,312,313,
143;0;5291;5305;1;0,1,2,5,6,7,8,9,10,11,12,15,16,17,18,19,20,21,22,23,24,70,72,73,74,75,76,77,78,81,82,83,84,85,86,87,88,90,91,117,123,125,126,127,128,129,130,131,132,133,134,135,136,137,200,249,251,252,253,254,255,275,276,277,278,279,300,301,302,303,304,305,306,307,308,309,310,311,312,313,
213;0;5305;5341;1;0,1,2,5,6,7,8,9,10,11,12,15,16,17,18,19,20,21,22,23,24,70,72,73,74,75,76,77,78,81,82,83,84,85,86,87,88,90,91,117,123,125,126,127,128,129,130,131,132,133,134,135,136,137,200,249,251,252,253,254,255,275,276,277,278,279,300,301,302,303,304,305,306,307,308,309,310,311,312,313,
Machine: 3
48;0;0;26;0;0,1,2,3,4,12,13,14,15,20,25,26,27,28,29,30,31,32,33,40,46,54,55,56,57,58,59,60,61,62,122,123,124,148,149,150,151,152,153,154,155,156,157,158,159,160,161,162,163,193,194,195,196,197,198,199,242,243,283,284,285,286,287,288,289,290,291,292,293,324,325,326,327,328,329,330,331,332,333,334,
139;0;26;202;0;0,1,2,3,4,12,13,14,15,20,25,26,27,28,29,30,31,32,33,40,46,54,55,56,57,58,59,60,61,62,122,123,124,148,149,150,151,152,153,154,155,156,157,158,159,160,161,162,163,193,194,195,196,197,198,199,242,243,283,284,285,286,287,288,289,290,291,292,293,324,325,326,327,328,329,330,331,332,333,334,
139;1;202;208;0;0,1,2,3,4,12,13,14,15,20,25,26,27,28,29,30,31,32,33,40,46,54,55,56,57,58,59,60,61,62,122,123,124,148,149,150,151,152,153,154,155,156,157,158,159,160,161,162,163,193,194,195,196,197,198,199,242,243,283,284,285,286,287,288,289,290,291,292,293,324,325,326,327,328,329,330,331,332,333,334,
42;0;208;253;0;0,1,2,3,4,12,13,14,15,20,25,26,27,28,29,30,31,32,33,40,46,54,55,56,57,58,59,60,61,62,122,123,124,148,149,150,151,152,153,154,155,156,157,158,159,160,161,162,163,193,194,195,196,197,198,199,242,243,283,284,285,286,287,288,289,290,291,292,293,324,325,326,327,328,329,330,331,332,333,334,
42;1;253;378;0;0,1,2,3,4,12,13,14,15,20,25,26,27,28,29,30,31,32,33,40,46,54,55,56,57,58,59,60,61,62,122,123,124,148,149,150,151,152,153,154,155,156,157,158,159,160,161,162,163,193,194,195,196,197,198,199,242,243,283,284,285,286,287,288,289,290,291,292,293,324,325,326,327,328,329,330,331,332,333,334,
82;0;378;455;0;0,1,2,3,4,12,13,14,15,20,25,26,27,28,29,30,31,32,33,40,46,54,55,56,57,58,59,60,61,62,122,123,124,148,149,150,151,152,153,154,155,156,157,158,159,160,161,162,163,193,194,195,196,197,198,199,242,243,283,284,285,286,287,288,289,290,291,292,293,324,325,326,327,328,329,330,331,332,333,334,
82;1;455;470;0;0,1,2,3,4,12,13,14,15,20,25,26,27,28,29,30,31,32,33,40,46,54,55,56,57,58,59,60,61,62,122,123,124,148,149,150,151,152,153,154,155,156,157,158,159,160,161,162,163,193,194,195,196,197,198,199,242,243,283,284,285,286,287,288,289,290,291,292,293,324,325,326,327,328,329,330,331,332,333,334,
10;0;470;573;1;0,1,2,3,4,12,13,14,15,20,25,26,27,28,29,30,31,32,33,40,46,54,55,56,57,58,59,60,61,62,122,123,124,148,149,150,151,152,153,154,155,156,157,158,159,160,161,162,163,193,194,195,196,197,198,199,242,243,283,284,285,286,287,288,289,290,291,292,293,324,325,326,327,328,329,330,331,332,333,334,
39;0;573;720;0;0,1,2,3,4,12,13,14,15,20,25,26,27,28,29,30,31,32,33,40,46,54,55,56,57,58,59,60,61,62,122,123,124,148,149,150,151,152,153,154,155,156,157,158,159,160,161,162,163,193,194,195,196,197,198,199,242,243,283,284,285,286,287,288,289,290,291,292,293,324,325,326,327,328,329,330,331,332,333,334,
39;1;720;840;0;0,1,2,3,4,12,13,14,15,20,25,26,27,28,29,30,31,32,33,40,46,54,55,56,57,58,59,60,61,62,122,123,124,148,149,150,151,152,153,154,155,156,157,158,159,160,161,162,163,193,194,195,196,197,198,199,242,243,283,284,285,286,287,288,289,290,291,292,293,324,325,326,327,328,329,330,331,332,333,334,
100;0;840;959;1;0,1,2,3,4,12,13,14,15,20,25,26,27,28,29,30,31,32,33,40,46,54,55,56,57,58,59,60,61,62,122,123,124,148,149,150,151,152,153,154,155,156,157,158,159,160,161,162,163,193,194,195,196,197,198,199,242,243,283,284,285,286,287,288,289,290,291,292,293,324,325,326,327,328,329,330,331,332,333,334,
69;0;959;1019;0;0,1,2,3,4,12,13,14,15,20,25,26,27,28,29,30,31,32,33,40,46,54,55,56,57,58,59,60,61,62,122,123,124,148,149,150,151,152,153,154,155,156,157,158,159,160,161,162,163,193,194,195,196,197,198,199,242,243,283,284,285,286,287,288,289,290,291,292,293,324,325,326,327,328,329,330,331,332,333,334,
69;1;1019;1188;0;0,1,2,3,4,12,13,14,15,20,25,26,27,28,29,30,31,32,33,40,46,54,55,56,57,58,59,60,61,62,122,123,124,148,149,150,151,152,153,154,155,156,157,158,159,160,161,162,163,193,194,195,196,197,198,199,242,243,283,284,285,286,287,288,289,290,291,292,293,324,325,326,327,328,329,330,331,332,333,334,
13;0;1188;1239;1;0,1,2,3,4,12,13,14,15,20,25,26,27,28,29,30,31,32,33,40,46,54,55,56,57,58,59,60,61,62,122,123,124,148,149,150,151,152,153,154,155,156,157,158,159,160,161,162,163,193,194,195,196,197,198,199,242,243,283,284,285,286,287,288,289,290,291,292,293,324,325,326,327,328,329,330,331,332,333,334,
226;0;1239;1383;0;0,1,2,3,4,12,13,14,15,20,25,26,27,28,29,30,31,32,33,40,46,54,55,56,57,58,59,60,61,62,122,123,124,148,149,150,151,152,153,154,155,156,157,158,159,160,161,162,163,193,194,195,196,197,198,199,242,243,283,284,285,286,287,288,289,290,291,292,293,324,325,326,327,328,329,330,331,332,333,334,
98;0;1383;1463;0;0,1,2,3,4,12,13,14,15,20,25,26,27,28,29,30,31,32,33,40,46,54,55,56,57,58,59,60,61,62,122,123,124,148,149,150,151,152,153,154,155,156,157,158,159,160,161,162,163,193,194,195,196,197,198,199,242,243,283,284,285,286,287,288,289,290,291,292,293,324,325,326,327,328,329,330,331,332,333,334,
95;0;1463;1553;0;0,1,2,3,4,12,13,14,15,20,25,26,27,28,29,30,31,32,33,40,46,54,55,56,57,58,59,60,61,62,122,123,124,148,149,150,151,152,153,154,155,156,157,158,159,160,161,162,163,193,194,195,196,197,198,199,242,243,283,284,285,286,287,288,289,290,291,292,293,324,325,326,327,328,329,330,331,332,333,334,
236;0;1553;1636;0;0,1,2,3,4,12,13,14,15,20,25,26,27,28,29,30,31,32,33,40,46,54,55,56,57,58,59,60,61,62,122,123,124,148,149,150,151,152,153,154,155,156,157,158,159,160,161,162,163,193,194,195,196,197,198,199,242,243,283,284,285,286,287,288,289,290,291,292,293,324,325,326,327,328,329,330,331,332,333,334,
164;0;1636;1801;1;0,1,2,3,4,12,13,14,15,20,25,26,27,28,29,30,31,32,33,40,46,54,55,56,57,58,59,60,61,62,122,123,124,148,149,150,151,152,153,154,155,156,157,158,159,160,161,162,163,193,194,195,196,197,198,199,242,243,283,284,285,286,287,288,289,290,291,292,293,324,325,326,327,328,329,330,331,332,333,334,
164;1;1801;1930;1;0,1,2,3,4,12,13,14,15,20,25,26,27,28,29,30,31,32,33,40,46,54,55,56,57,58,59,60,61,62,122,123,124,148,149,150,151,152,153,154,155,156,157,158,159,160,161,162,163,193,194,195,196,197,198,199,242,243,283,284,285,286,287,288,289,290,291,292,293,324,325,326,327,328,329,330,331,332,333,334,
3;0;1930;1979;1;0,1,2,3,4,12,13,14,15,20,25,26,27,28,29,30,31,32,33,40,46,54,55,56,57,58,59,60,61,62,122,123,124,148,149,150,151,152,153,154,155,156,157,158,159,160,161,162,163,193,194,195,196,197,198,199,242,243,283,284,285,286,287,288,289,290,291,292,293,324,325,326,327,328,329,330,331,332,333,334,
171;0;1979;2091;1;0,1,2,3,4,12,13,14,15,20,25,26,27,28,29,30,31,32,33,40,46,54,55,56,57,58,59,60,61,62,122,123,124,148,149,150,151,152,153,154,155,156,157,158,159,160,161,162,163,193,194,195,196,197,198,199,242,243,283,284,285,286,287,288,289,290,291,292,293,324,325,326,327,328,329,330,331,332,333,334,
187;0;2091;2172;1;0,1,2,3,4,12,13,14,15,20,25,26,27,28,29,30,31,32,33,40,46,54,55,56,57,58,59,60,61,62,122,123,124,148,149,150,151,152,153,154,155,156,157,158,159,160,161,162,163,193,194,195,196,197,198,199,242,243,283,284,285,286,287,288,289,290,291,292,293,324,325,326,327,328,329,330,331,332,333,334,
187;1;2172;2323;1;0,1,2,3,4,12,13,14,15,20,25,26,27,28,29,30,31,32,33,40,46,54,55,56,57,58,59,60,61,62,122,123,124,148,149,150,151,152,153,154,155,156,157,158,159,160,161,162,163,193,194,195,196,197,198,199,242,243,283,284,285,286,287,288,289,290,291,292,293,324,325,326,327,328,329,330,331,332,333,334,
122;0;2323;2396;0;0,1,2,3,4,12,13,14,15,20,25,26,27,28,29,30,31,32,33,40,46,54,55,56,57,58,59,60,61,62,122,123,124,148,149,150,151,152,153,154,155,156,157,158,159,160,161,162,163,193,194,195,196,197,198,199,242,243,283,284,285,286,287,288,289,290,291,292,293,324,325,326,327,328,329,330,331,332,333,334,
122;1;2396;2474;0;0,1,2,3,4,12,13,14,15,20,25,26,27,28,29,30,31,32,33,40,46,54,55,56,57,58,59,60,61,62,122,123,124,148,149,150,151,152,153,154,155,156,157,158,159,160,161,162,163,193,194,195,196,197,198,199,242,243,283,284,285,286,287,288,289,290,291,292,293,324,325,326,327,328,329,330,331,332,333,334,
103;0;2474;2579;1;0,1,2,3,4,12,13,14,15,20,25,26,27,28,29,30,31,32,33,40,46,54,55,56,57,58,59,60,61,62,122,123,124,148,149,150,151,152,153,154,155,156,157,158,159,160,161,162,163,193,194,195,196,197,198,199,242,243,283,284,285,286,287,288,289,290,291,292,293,324,325,326,327,328,329,330,331,332,333,334,
227;0;2579;2726;1;0,1,2,3,4,12,13,14,15,20,25,26,27,28,29,30,31,32,33,40,46,54,55,56,57,58,59,60,61,62,122,123,124,148,149,150,151,152,153,154,155,156,157,158,159,160,161,162,163,193,194,195,196,197,198,199,242,243,283,284,285,286,287,288,289,290,291,292,293,324,325,326,327,328,329,330,331,332,333,334,
227;1;2726;2877;1;0,1,2,3,4,12,13,14,15,20,25,26,27,28,29,30,31,32,33,40,46,54,55,56,57,58,59,60,61,62,122,123,124,148,149,150,151,152,153,154,155,156,157,158,159,160,161,162,163,193,194,195,196,197,198,199,242,243,283,284,285,286,287,288,289,290,291,292,293,324,325,326,327,328,329,330,331,332,333,334,
38;0;2877;2955;0;0,1,2,3,4,12,13,14,15,20,25,26,27,28,29,30,31,32,33,40,46,54,55,56,57,58,59,60,61,62,122,123,124,148,149,150,151,152,153,154,155,156,157,158,159,160,161,162,163,193,194,195,196,197,198,199,242,243,283,284,285,286,287,288,289,290,291,292,293,324,325,326,327,328,329,330,331,332,333,334,
67;0;2955;3084;1;0,1,2,3,4,12,13,14,15,20,25,26,27,28,29,30,31,32,33,40,46,54,55,56,57,58,59,60,61,62,122,123,124,148,149,150,151,152,153,154,155,156,157,158,159,160,161,162,163,193,194,195,196,197,198,199,242,243,283,284,285,286,287,288,289,290,291,292,293,324,325,326,327,328,329,330,331,332,333,334,
67;1;3084;3109;1;0,1,2,3,4,12,13,14,15,20,25,26,27,28,29,30,31,32,33,40,46,54,55,56,57,58,59,60,61,62,122,123,124,148,149,150,151,152,153,154,155,156,157,158,159,160,161,162,163,193,194,195,196,197,198,199,242,243,283,284,285,286,287,288,289,290,291,292,293,324,325,326,327,328,329,330,331,332,333,334,
81;0;3109;3210;1;0,1,2,3,4,12,13,14,15,20,25,26,27,28,29,30,31,32,33,40,46,54,55,56,57,58,59,60,61,62,122,123,124,148,149,150,151,152,153,154,155,156,157,158,159,160,161,162,163,193,194,195,196,197,198,199,242,243,283,284,285,286,287,288,289,290,291,292,293,324,325,326,327,328,329,330,331,332,333,334,
15;0;3210;3234;0;0,1,2,3,4,12,13,14,15,20,25,26,27,28,29,30,31,32,33,40,46,54,55,56,57,58,59,60,61,62,122,123,124,148,149,150,151,152,153,154,155,156,157,158,159,160,161,162,163,193,194,195,196,197,198,199,242,243,283,284,285,286,287,288,289,290,291,292,293,324,325,326,327,328,329,330,331,332,333,334,
145;0;3234;3332;0;0,1,2,3,4,12,13,14,15,20,25,26,27,28,29,30,31,32,33,40,46,54,55,56,57,58,59,60,61,62,122,123,124,148,149,150,151,152,153,154,155,156,157,158,159,160,161,162,163,193,194,195,196,197,198,199,242,243,283,284,285,286,287,288,289,290,291,292,293,324,325,326,327,328,329,330,331,332,333,334,
16;0;3332;3426;0;0,1,2,3,4,12,13,14,15,20,25,26,27,28,29,30,31,32,33,40,46,54,55,56,57,58,59,60,61,62,122,123,124,148,149,150,151,152,153,154,155,156,157,158,159,160,161,162,163,193,194,195,196,197,198,199,242,243,283,284,285,286,287,288,289,290,291,292,293,324,325,326,327,328,329,330,331,332,333,334,
190;0;3426;3583;1;0,1,2,3,4,12,13,14,15,20,25,26,27,28,29,30,31,32,33,40,46,54,55,56,57,58,59,60,61,62,122,123,124,148,149,150,151,152,153,154,155,156,157,158,159,160,161,162,163,193,194,195,196,197,198,199,242,243,283,284,285,286,287,288,289,290,291,292,293,324,325,326,327,328,329,330,331,332,333,334,
134;0;3583;3730;1;0,1,2,3,4,12,13,14,15,20,25,26,27,28,29,30,31,32,33,40,46,54,55,56,57,58,59,60,61,62,122,123,124,148,149,150,151,152,153,154,155,156,157,158,159,160,161,162,163,193,194,195,196,197,198,199,242,243,283,284,285,286,287,288,289,290,291,292,293,324,325,326,327,328,329,330,331,332,333,334,
134;1;3730;3841;1;0,1,2,3,4,12,13,14,15,20,25,26,27,28,29,30,31,32,33,40,46,54,55,56,57,58,59,60,61,62,122,123,124,148,149,150,151,152,153,154,155,156,157,158,159,160,161,162,163,193,194,195,196,197,198,199,242,243,283,284,285,286,287,288,289,290,291,292,293,324,325,326,327,328,329,330,331,332,333,334,
141;0;3841;3922;1;0,1,2,3,4,12,13,14,15,20,25,26,27,28,29,30,31,32,33,40,46,54,55,56,57,58,59,60,61,62,122,123,124,148,149,150,151,152,153,154,155,156,157,158,159,160,161,162,163,193,194,195,196,197,198,199,242,243,283,284,285,286,287,288,289,290,291,292,293,324,325,326,327,328,329,330,331,332,333,334,
26;0;3922;3966;0;0,1,2,3,4,12,13,14,15,20,25,26,27,28,29,30,31,32,33,40,46,54,55,56,57,58,59,60,61,62,122,123,124,148,149,150,151,152,153,154,155,156,157,158,159,160,161,162,163,193,194,195,196,197,198,199,242,243,283,284,285,286,287,288,289,290,291,292,293,324,325,326,327,328,329,330,331,332,333,334,
163;0;3966;4122;1;0,1,2,3,4,12,13,14,15,20,25,26,27,28,29,30,31,32,33,40,46,54,55,56,57,58,59,60,61,62,122,123,124,148,149,150,151,152,153,154,155,156,157,158,159,160,161,162,163,193,194,195,196,197,198,199,242,243,283,284,285,286,287,288,289,290,291,292,293,324,325,326,327,328,329,330,331,332,333,334,
36;0;4122;4171;0;0,1,2,3,4,12,13,14,15,20,25,26,27,28,29,30,31,32,33,40,46,54,55,56,57,58,59,60,61,62,122,123,124,148,149,150,151,152,153,154,155,156,157,158,159,160,161,162,163,193,194,195,196,197,198,199,242,243,283,284,285,286,287,288,289,290,291,292,293,324,325,326,327,328,329,330,331,332,333,334,
214;0;4171;4186;1;0,1,2,3,4,12,13,14,15,20,25,26,27,28,29,30,31,32,33,40,46,54,55,56,57,58,59,60,61,62,122,123,124,148,149,150,151,152,153,154,155,156,157,158,159,160,161,162,163,193,194,195,196,197,198,199,242,243,283,284,285,286,287,288,289,290,291,292,293,324,325,326,327,328,329,330,331,332,333,334,
214;1;4186;4289;1;0,1,2,3,4,12,13,14,15,20,25,26,27,28,29,30,31,32,33,40,46,54,55,56,57,58,59,60,61,62,122,123,124,148,149,150,151,152,153,154,155,156,157,158,159,160,161,162,163,193,194,195,196,197,198,199,242,243,283,284,285,286,287,288,289,290,291,292,293,324,325,326,327,328,329,330,331,332,333,334,
49;0;4289;4320;0;0,1,2,3,4,12,13,14,15,20,25,26,27,28,29,30,31,32,33,40,46,54,55,56,57,58,59,60,61,62,122,123,124,148,149,150,151,152,153,154,155,156,157,158,159,160,161,162,163,193,194,195,196,197,198,199,242,243,283,284,285,286,287,288,289,290,291,292,293,324,325,326,327,328,329,330,331,332,333,334,
49;1;4320;4345;0;0,1,2,3,4,12,13,14,15,20,25,26,27,28,29,30,31,32,33,40,46,54,55,56,57,58,59,60,61,62,122,123,124,148,149,150,151,152,153,154,155,156,157,158,159,160,161,162,163,193,194,195,196,197,198,199,242,243,283,284,285,286,287,288,289,290,291,292,293,324,325,326,327,328,329,330,331,332,333,334,
151;0;4345;4470;1;0,1,2,3,4,12,13,14,15,20,25,26,27,28,29,30,31,32,33,40,46,54,55,56,57,58,59,60,61,62,122,123,124,148,149,150,151,152,153,154,155,156,157,158,159,160,161,162,163,193,194,195,196,197,198,199,242,243,283,284,285,286,287,288,289,290,291,292,293,324,325,326,327,328,329,330,331,332,333,334,
168;0;4470;4589;0;0,1,2,3,4,12,13,14,15,20,25,26,27,28,29,30,31,32,33,40,46,54,55,56,57,58,59,60,61,62,122,123,124,148,149,150,151,152,153,154,155,156,157,158,159,160,161,162,163,193,194,195,196,197,198,199,242,243,283,284,285,286,287,288,289,290,291,292,293,324,325,326,327,328,329,330,331,332,333,334,
174;0;4589;4749;1;0,1,2,3,4,12,13,14,15,20,25,26,27,28,29,30,31,32,33,40,46,54,55,56,57,58,59,60,61,62,122,123,124,148,149,150,151,152,153,154,155,156,157,158,159,160,161,162,163,193,194,195,196,197,198,199,242,243,283,284,285,286,287,288,289,290,291,292,293,324,325,326,327,328,329,330,331,332,333,334,
174;1;4749;4825;1;0,1,2,3,4,12,13,14,15,20,25,26,27,28,29,30,31,32,33,40,46,54,55,56,57,58,59,60,61,62,122,123,124,148,149,150,151,152,153,154,155,156,157,158,159,160,161,162,163,193,194,195,196,197,198,199,242,243,283,284,285,286,287,288,289,290,291,292,293,324,325,326,327,328,329,330,331,332,333,334,
27;0;4825;4975;1;0,1,2,3,4,12,13,14,15,20,25,26,27,28,29,30,31,32,33,40,46,54,55,56,57,58,59,60,61,62,122,123,124,148,149,150,151,152,153,154,155,156,157,158,159,160,161,162,163,193,194,195,196,197,198,199,242,243,283,284,285,286,287,288,289,290,291,292,293,324,325,326,327,328,329,330,331,332,333,334,
27;1;4975;5005;1;0,1,2,3,4,12,13,14,15,20,25,26,27,28,29,30,31,32,33,40,46,54,55,56,57,58,59,60,61,62,122,123,124,148,149,150,151,152,153,154,155,156,157,158,159,160,161,162,163,193,194,195,196,197,198,199,242,243,283,284,285,286,287,288,289,290,291,292,293,324,325,326,327,328,329,330,331,332,333,334,
50;0;5005;5175;1;0,1,2,3,4,12,13,14,15,20,25,26,27,28,29,30,31,32,33,40,46,54,55,56,57,58,59,60,61,62,122,123,124,148,149,150,151,152,153,154,155,156,157,158,159,160,161,162,163,193,194,195,196,197,198,199,242,243,283,284,285,286,287,288,289,290,291,292,293,324,325,326,327,328,329,330,331,332,333,334,
219;0;5175;5351;0;0,1,2,3,4,12,13,14,15,20,25,26,27,28,29,30,31,32,33,40,46,54,55,56,57,58,59,60,61,62,122,123,124,148,149,150,151,152,153,154,155,156,157,158,159,160,161,162,163,193,194,195,196,197,198,199,242,243,283,284,285,286,287,288,289,290,291,292,293,324,325,326,327,328,329,330,331,332,333,334,
219;1;5351;5512;0;0,1,2,3,4,12,13,14,15,20,25,26,27,28,29,30,31,32,33,40,46,54,55,56,57,58,59,60,61,62,122,123,124,148,149,150,151,152,153,154,155,156,157,158,159,160,161,162,163,193,194,195,196,197,198,199,242,243,283,284,285,286,287,288,289,290,291,292,293,324,325,326,327,328,329,330,331,332,333,334,
Machine: 4
117;0;0;49;1;0,1,2,4,12,13,14,15,20,25,26,27,32,36,40,55,61,62,122,123,124,138,150,177,193,195,196,201,202,203,204,205,206,207,208,209,210,211,212,213,214,215,216,217,218,219,220,221,222,223,224,225,226,227,228,229,230,231,232,238,239,240,241,250,260,261,262,263,264,265,266,267,268,269,270,271,272,273,294,299,
117;1;49;184;1;0,1,2,4,12,13,14,15,20,25,26,27,32,36,40,55,61,62,122,123,124,138,150,177,193,195,196,201,202,203,204,205,206,207,208,209,210,211,212,213,214,215,216,217,218,219,220,221,222,223,224,225,226,227,228,229,230,231,232,238,239,240,241,250,260,261,262,263,264,265,266,267,268,269,270,271,272,273,294,299,
137;0;184;315;1;0,1,2,4,12,13,14,15,20,25,26,27,32,36,40,55,61,62,122,123,124,138,150,177,193,195,196,201,202,203,204,205,206,207,208,209,210,211,212,213,214,215,216,217,218,219,220,221,222,223,224,225,226,227,228,229,230,231,232,238,239,240,241,250,260,261,262,263,264,265,266,267,268,269,270,271,272,273,294,299,
137;1;315;444;1;0,1,2,4,12,13,14,15,20,25,26,27,32,36,40,55,61,62,122,123,124,138,150,177,193,195,196,201,202,203,204,205,206,207,208,209,210,211,212,213,214,215,216,217,218,219,220,221,222,223,224,225,226,227,228,229,230,231,232,238,239,240,241,250,260,261,262,263,264,265,266,267,268,269,270,271,272,273,294,299,
140;0;444;559;1;0,1,2,4,12,13,14,15,20,25,26,27,32,36,40,55,61,62,122,123,124,138,150,177,193,195,196,201,202,203,204,205,206,207,208,209,210,211,212,213,214,215,216,217,218,219,220,221,222,223,224,225,226,227,228,229,230,231,232,238,239,240,241,250,260,261,262,263,264,265,266,267,268,269,270,271,272,273,294,299,
167;0;559;569;1;0,1,2,4,12,13,14,15,20,25,26,27,32,36,40,55,61,62,122,123,124,138,150,177,193,195,196,201,202,203,204,205,206,207,208,209,210,211,212,213,214,215,216,217,218,219,220,221,222,223,224,225,226,227,228,229,230,231,232,238,239,240,241,250,260,261,262,263,264,265,266,267,268,269,270,271,272,273,294,299,
167;1;569;663;1;0,1,2,4,12,13,14,15,20,25,26,27,32,36,40,55,61,62,122,123,124,138,150,177,193,195,196,201,202,203,204,205,206,207,208,209,210,211,212,213,214,215,216,217,218,219,220,221,222,223,224,225,226,227,228,229,230,231,232,238,239,240,241,250,260,261,262,263,264,265,266,267,268,269,270,271,272,273,294,299,
97;0;663;832;1;0,1,2,4,12,13,14,15,20,25,26,27,32,36,40,55,61,62,122,123,124,138,150,177,193,195,196,201,202,203,204,205,206,207,208,209,210,211,212,213,214,215,216,217,218,219,220,221,222,223,224,225,226,227,228,229,230,231,232,238,239,240,241,250,260,261,262,263,264,265,266,267,268,269,270,271,272,273,294,299,
97;1;832;996;1;0,1,2,4,12,13,14,15,20,25,26,27,32,36,40,55,61,62,122,123,124,138,150,177,193,195,196,201,202,203,204,205,206,207,208,209,210,211,212,213,214,215,216,217,218,219,220,221,222,223,224,225,226,227,228,229,230,231,232,238,239,240,241,250,260,261,262,263,264,265,266,267,268,269,270,271,272,273,294,299,
40;0;996;1025;1;0,1,2,4,12,13,14,15,20,25,26,27,32,36,40,55,61,62,122,123,124,138,150,177,193,195,196,201,202,203,204,205,206,207,208,209,210,211,212,213,214,215,216,217,218,219,220,221,222,223,224,225,226,227,228,229,230,231,232,238,239,240,241,250,260,261,262,263,264,265,266,267,268,269,270,271,272,273,294,299,
169;0;1025;1172;0;0,1,2,4,12,13,14,15,20,25,26,27,32,36,40,55,61,62,122,123,124,138,150,177,193,195,196,201,202,203,204,205,206,207,208,209,210,211,212,213,214,215,216,217,218,219,220,221,222,223,224,225,226,227,228,229,230,231,232,238,239,240,241,250,260,261,262,263,264,265,266,267,268,269,270,271,272,273,294,299,
169;1;1172;1266;0;0,1,2,4,12,13,14,15,20,25,26,27,32,36,40,55,61,62,122,123,124,138,150,177,193,195,196,201,202,203,204,205,206,207,208,209,210,211,212,213,214,215,216,217,218,219,220,221,222,223,224,225,226,227,228,229,230,231,232,238,239,240,241,250,260,261,262,263,264,265,266,267,268,269,270,271,272,273,294,299,
210;0;1266;1380;1;0,1,2,4,12,13,14,15,20,25,26,27,32,36,40,55,61,62,122,123,124,138,150,177,193,195,196,201,202,203,204,205,206,207,208,209,210,211,212,213,214,215,216,217,218,219,220,221,222,223,224,225,226,227,228,229,230,231,232,238,239,240,241,250,260,261,262,263,264,265,266,267,268,269,270,271,272,273,294,299,
25;0;1380;1406;0;0,1,2,4,12,13,14,15,20,25,26,27,32,36,40,55,61,62,122,123,124,138,150,177,193,195,196,201,202,203,204,205,206,207,208,209,210,211,212,213,214,215,216,217,218,219,220,221,222,223,224,225,226,227,228,229,230,231,232,238,239,240,241,250,260,261,262,263,264,265,266,267,268,269,270,271,272,273,294,299,
54;0;1406;1448;1;0,1,2,4,12,13,14,15,20,25,26,27,32,36,40,55,61,62,122,123,124,138,150,177,193,195,196,201,202,203,204,205,206,207,208,209,210,211,212,213,214,215,216,217,218,219,220,221,222,223,224,225,226,227,228,229,230,231,232,238,239,240,241,250,260,261,262,263,264,265,266,267,268,269,270,271,272,273,294,299,
54;1;1448;1489;1;0,1,2,4,12,13,14,15,20,25,26,27,32,36,40,55,61,62,122,123,124,138,150,177,193,195,196,201,202,203,204,205,206,207,208,209,210,211,212,213,214,215,216,217,218,219,220,221,222,223,224,225,226,227,228,229,230,231,232,238,239,240,241,250,260,261,262,263,264,265,266,267,268,269,270,271,272,273,294,299,
185;0;1489;1541;0;0,1,2,4,12,13,14,15,20,25,26,27,32,36,40,55,61,62,122,123,124,138,150,177,193,195,196,201,202,203,204,205,206,207,208,209,210,211,212,213,214,215,216,217,218,219,220,221,222,223,224,225,226,227,228,229,230,231,232,238,239,240,241,250,260,261,262,263,264,265,266,267,268,269,270,271,272,273,294,299,
188;0;1541;1619;0;0,1,2,4,12,13,14,15,20,25,26,27,32,36,40,55,61,62,122,123,124,138,150,177,193,195,196,201,202,203,204,205,206,207,208,209,210,211,212,213,214,215,216,217,218,219,220,221,222,223,224,225,226,227,228,229,230,231,232,238,239,240,241,250,260,261,262,263,264,265,266,267,268,269,270,271,272,273,294,299,
222;0;1619;1688;0;0,1,2,4,12,13,14,15,20,25,26,27,32,36,40,55,61,62,122,123,124,138,150,177,193,195,196,201,202,203,204,205,206,207,208,209,210,211,212,213,214,215,216,217,218,219,220,221,222,223,224,225,226,227,228,229,230,231,232,238,239,240,241,250,260,261,262,263,264,265,266,267,268,269,270,271,272,273,294,299,
222;1;1688;1729;0;0,1,2,4,12,13,14,15,20,25,26,27,32,36,40,55,61,62,122,123,124,138,150,177,193,195,196,201,202,203,204,205,206,207,208,209,210,211,212,213,214,215,216,217,218,219,220,221,222,223,224,225,226,227,228,229,230,231,232,238,239,240,241,250,260,261,262,263,264,265,266,267,268,269,270,271,272,273,294,299,
198;0;1729;1805;0;0,1,2,4,12,13,14,15,20,25,26,27,32,36,40,55,61,62,122,123,124,138,150,177,193,195,196,201,202,203,204,205,206,207,208,209,210,211,212,213,214,215,216,217,218,219,220,221,222,223,224,225,226,227,228,229,230,231,232,238,239,240,241,250,260,261,262,263,264,265,266,267,268,269,270,271,272,273,294,299,
237;0;1805;1944;1;0,1,2,4,12,13,14,15,20,25,26,27,32,36,40,55,61,62,122,123,124,138,150,177,193,195,196,201,202,203,204,205,206,207,208,209,210,211,212,213,214,215,216,217,218,219,220,221,222,223,224,225,226,227,228,229,230,231,232,238,239,240,241,250,260,261,262,263,264,265,266,267,268,269,270,271,272,273,294,299,
237;1;1944;2038;1;0,1,2,4,12,13,14,15,20,25,26,27,32,36,40,55,61,62,122,123,124,138,150,177,193,195,196,201,202,203,204,205,206,207,208,209,210,211,212,213,214,215,216,217,218,219,220,221,222,223,224,225,226,227,228,229,230,231,232,238,239,240,241,250,260,261,262,263,264,265,266,267,268,269,270,271,272,273,294,299,
183;0;2038;2058;1;0,1,2,4,12,13,14,15,20,25,26,27,32,36,40,55,61,62,122,123,124,138,150,177,193,195,196,201,202,203,204,205,206,207,208,209,210,211,212,213,214,215,216,217,218,219,220,221,222,223,224,225,226,227,228,229,230,231,232,238,239,240,241,250,260,261,262,263,264,265,266,267,268,269,270,271,272,273,294,299,
62;0;2058;2153;0;0,1,2,4,12,13,14,15,20,25,26,27,32,36,40,55,61,62,122,123,124,138,150,177,193,195,196,201,202,203,204,205,206,207,208,209,210,211,212,213,214,215,216,217,218,219,220,221,222,223,224,225,226,227,228,229,230,231,232,238,239,240,241,250,260,261,262,263,264,265,266,267,268,269,270,271,272,273,294,299,
62;1;2153;2243;0;0,1,2,4,12,13,14,15,20,25,26,27,32,36,40,55,61,62,122,123,124,138,150,177,193,195,196,201,202,203,204,205,206,207,208,209,210,211,212,213,214,215,216,217,218,219,220,221,222,223,224,225,226,227,228,229,230,231,232,238,239,240,241,250,260,261,262,263,264,265,266,267,268,269,270,271,272,273,294,299,
125;0;2243;2385;0;0,1,2,4,12,13,14,15,20,25,26,27,32,36,40,55,61,62,122,123,124,138,150,177,193,195,196,201,202,203,204,205,206,207,208,209,210,211,212,213,214,215,216,217,218,219,220,221,222,223,224,225,226,227,228,229,230,231,232,238,239,240,241,250,260,261,262,263,264,265,266,267,268,269,270,271,272,273,294,299,
58;0;2385;2511;0;0,1,2,4,12,13,14,15,20,25,26,27,32,36,40,55,61,62,122,123,124,138,150,177,193,195,196,201,202,203,204,205,206,207,208,209,210,211,212,213,214,215,216,217,218,219,220,221,222,223,224,225,226,227,228,229,230,231,232,238,239,240,241,250,260,261,262,263,264,265,266,267,268,269,270,271,272,273,294,299,
78;0;2511;2598;0;0,1,2,4,12,13,14,15,20,25,26,27,32,36,40,55,61,62,122,123,124,138,150,177,193,195,196,201,202,203,204,205,206,207,208,209,210,211,212,213,214,215,216,217,218,219,220,221,222,223,224,225,226,227,228,229,230,231,232,238,239,240,241,250,260,261,262,263,264,265,266,267,268,269,270,271,272,273,294,299,
172;0;2598;2724;0;0,1,2,4,12,13,14,15,20,25,26,27,32,36,40,55,61,62,122,123,124,138,150,177,193,195,196,201,202,203,204,205,206,207,208,209,210,211,212,213,214,215,216,217,218,219,220,221,222,223,224,225,226,227,228,229,230,231,232,238,239,240,241,250,260,261,262,263,264,265,266,267,268,269,270,271,272,273,294,299,
172;1;2724;2874;0;0,1,2,4,12,13,14,15,20,25,26,27,32,36,40,55,61,62,122,123,124,138,150,177,193,195,196,201,202,203,204,205,206,207,208,209,210,211,212,213,214,215,216,217,218,219,220,221,222,223,224,225,226,227,228,229,230,231,232,238,239,240,241,250,260,261,262,263,264,265,266,267,268,269,270,271,272,273,294,299,
96;0;2874;2950;0;0,1,2,4,12,13,14,15,20,25,26,27,32,36,40,55,61,62,122,123,124,138,150,177,193,195,196,201,202,203,204,205,206,207,208,209,210,211,212,213,214,215,216,217,218,219,220,221,222,223,224,225,226,227,228,229,230,231,232,238,239,240,241,250,260,261,262,263,264,265,266,267,268,269,270,271,272,273,294,299,
114;0;2950;3114;1;0,1,2,4,12,13,14,15,20,25,26,27,32,36,40,55,61,62,122,123,124,138,150,177,193,195,196,201,202,203,204,205,206,207,208,209,210,211,212,213,214,215,216,217,218,219,220,221,222,223,224,225,226,227,228,229,230,231,232,238,239,240,241,250,260,261,262,263,264,265,266,267,268,269,270,271,272,273,294,299,
114;1;3114;3200;1;0,1,2,4,12,13,14,15,20,25,26,27,32,36,40,55,61,62,122,123,124,138,150,177,193,195,196,201,202,203,204,205,206,207,208,209,210,211,212,213,214,215,216,217,218,219,220,221,222,223,224,225,226,227,228,229,230,231,232,238,239,240,241,250,260,261,262,263,264,265,266,267,268,269,270,271,272,273,294,299,
229;0;3200;3297;0;0,1,2,4,12,13,14,15,20,25,26,27,32,36,40,55,61,62,122,123,124,138,150,177,193,195,196,201,202,203,204,205,206,207,208,209,210,211,212,213,214,215,216,217,218,219,220,221,222,223,224,225,226,227,228,229,230,231,232,238,239,240,241,250,260,261,262,263,264,265,266,267,268,269,270,271,272,273,294,299,
229;1;3297;3391;0;0,1,2,4,12,13,14,15,20,25,26,27,32,36,40,55,61,62,122,123,124,138,150,177,193,195,196,201,202,203,204,205,206,207,208,209,210,211,212,213,214,215,216,217,218,219,220,221,222,223,224,225,226,227,228,229,230,231,232,238,239,240,241,250,260,261,262,263,264,265,266,267,268,269,270,271,272,273,294,299,
152;0;3391;3536;0;0,1,2,4,12,13,14,15,20,25,26,27,32,36,40,55,61,62,122,123,124,138,150,177,193,195,196,201,202,203,204,205,206,207,208,209,210,211,212,213,214,215,216,217,218,219,220,221,222,223,224,225,226,227,228,229,230,231,232,238,239,240,241,250,260,261,262,263,264,265,266,267,268,269,270,271,272,273,294,299,
152;1;3536;3588;0;0,1,2,4,12,13,14,15,20,25,26,27,32,36,40,55,61,62,122,123,124,138,150,177,193,195,196,201,202,203,204,205,206,207,208,209,210,211,212,213,214,215,216,217,218,219,220,221,222,223,224,225,226,227,228,229,230,231,232,238,239,240,241,250,260,261,262,263,264,265,266,267,268,269,270,271,272,273,294,299,
14;0;3588;3662;1;0,1,2,4,12,13,14,15,20,25,26,27,32,36,40,55,61,62,122,123,124,138,150,177,193,195,196,201,202,203,204,205,206,207,208,209,210,211,212,213,214,215,216,217,218,219,220,221,222,223,224,225,226,227,228,229,230,231,232,238,239,240,241,250,260,261,262,263,264,265,266,267,268,269,270,271,272,273,294,299,
14;1;3662;3752;1;0,1,2,4,12,13,14,15,20,25,26,27,32,36,40,55,61,62,122,123,124,138,150,177,193,195,196,201,202,203,204,205,206,207,208,209,210,211,212,213,214,215,216,217,218,219,220,221,222,223,224,225,226,227,228,229,230,231,232,238,239,240,241,250,260,261,262,263,264,265,266,267,268,269,270,271,272,273,294,299,
239;0;3752;3924;0;0,1,2,4,12,13,14,15,20,25,26,27,32,36,40,55,61,62,122,123,124,138,150,177,193,195,196,201,202,203,204,205,206,207,208,209,210,211,212,213,214,215,216,217,218,219,220,221,222,223,224,225,226,227,228,229,230,231,232,238,239,240,241,250,260,261,262,263,264,265,266,267,268,269,270,271,272,273,294,299,
239;1;3924;4002;0;0,1,2,4,12,13,14,15,20,25,26,27,32,36,40,55,61,62,122,123,124,138,150,177,193,195,196,201,202,203,204,205,206,207,208,209,210,211,212,213,214,215,216,217,218,219,220,221,222,223,224,225,226,227,228,229,230,231,232,238,239,240,241,250,260,261,262,263,264,265,266,267,268,269,270,271,272,273,294,299,
115;0;4002;4022;0;0,1,2,4,12,13,14,15,20,25,26,27,32,36,40,55,61,62,122,123,124,138,150,177,193,195,196,201,202,203,204,205,206,207,208,209,210,211,212,213,214,215,216,217,218,219,220,221,222,223,224,225,226,227,228,229,230,231,232,238,239,240,241,250,260,261,262,263,264,265,266,267,268,269,270,271,272,273,294,299,
77;0;4022;4059;1;0,1,2,4,12,13,14,15,20,25,26,27,32,36,40,55,61,62,122,123,124,138,150,177,193,195,196,201,202,203,204,205,206,207,208,209,210,211,212,213,214,215,216,217,218,219,220,221,222,223,224,225,226,227,228,229,230,231,232,238,239,240,241,250,260,261,262,263,264,265,266,267,268,269,270,271,272,273,294,299,
77;1;4059;4146;1;0,1,2,4,12,13,14,15,20,25,26,27,32,36,40,55,61,62,122,123,124,138,150,177,193,195,196,201,202,203,204,205,206,207,208,209,210,211,212,213,214,215,216,217,218,219,220,221,222,223,224,225,226,227,228,229,230,231,232,238,239,240,241,250,260,261,262,263,264,265,266,267,268,269,270,271,272,273,294,299,
108;0;4146;4260;0;0,1,2,4,12,13,14,15,20,25,26,27,32,36,40,55,61,62,122,123,124,138,150,177,193,195,196,201,202,203,204,205,206,207,208,209,210,211,212,213,214,215,216,217,218,219,220,221,222,223,224,225,226,227,228,229,230,231,232,238,239,240,241,250,260,261,262,263,264,265,266,267,268,269,270,271,272,273,294,299,
203;0;4260;4340;1;0,1,2,4,12,13,14,15,20,25,26,27,32,36,40,55,61,62,122,123,124,138,150,177,193,195,196,201,202,203,204,205,206,207,208,209,210,211,212,213,214,215,216,217,218,219,220,221,222,223,224,225,226,227,228,229,230,231,232,238,239,240,241,250,260,261,262,263,264,265,266,267,268,269,270,271,272,273,294,299,
34;0;4340;4344;1;0,1,2,4,12,13,14,15,20,25,26,27,32,36,40,55,61,62,122,123,124,138,150,177,193,195,196,201,202,203,204,205,206,207,208,209,210,211,212,213,214,215,216,217,218,219,220,221,222,223,224,225,226,227,228,229,230,231,232,238,239,240,241,250,260,261,262,263,264,265,266,267,268,269,270,271,272,273,294,299,
34;1;4344;4488;1;0,1,2,4,12,13,14,15,20,25,26,27,32,36,40,55,61,62,122,123,124,138,150,177,193,195,196,201,202,203,204,205,206,207,208,209,210,211,212,213,214,215,216,217,218,219,220,221,222,223,224,225,226,227,228,229,230,231,232,238,239,240,241,250,260,261,262,263,264,265,266,267,268,269,270,271,272,273,294,299,
176;0;4488;4529;0;0,1,2,4,12,13,14,15,20,25,26,27,32,36,40,55,61,62,122,123,124,138,150,177,193,195,196,201,202,203,204,205,206,207,208,209,210,211,212,213,214,215,216,217,218,219,220,221,222,223,224,225,226,227,228,229,230,231,232,238,239,240,241,250,260,261,262,263,264,265,266,267,268,269,270,271,272,273,294,299,
51;0;4529;4675;1;0,1,2,4,12,13,14,15,20,25,26,27,32,36,40,55,61,62,122,123,124,138,150,177,193,195,196,201,202,203,204,205,206,207,208,209,210,211,212,213,214,215,216,217,218,219,220,221,222,223,224,225,226,227,228,229,230,231,232,238,239,240,241,250,260,261,262,263,264,265,266,267,268,269,270,271,272,273,294,299,
166;0;4675;4789;0;0,1,2,4,12,13,14,15,20,25,26,27,32,36,40,55,61,62,122,123,124,138,150,177,193,195,196,201,202,203,204,205,206,207,208,209,210,211,212,213,214,215,216,217,218,219,220,221,222,223,224,225,226,227,228,229,230,231,232,238,239,240,241,250,260,261,262,263,264,265,266,267,268,269,270,271,272,273,294,299,
148;0;4789;4890;0;0,1,2,4,12,13,14,15,20,25,26,27,32,36,40,55,61,62,122,123,124,138,150,177,193,195,196,201,202,203,204,205,206,207,208,209,210,211,212,213,214,215,216,217,218,219,220,221,222,223,224,225,226,227,228,229,230,231,232,238,239,240,241,250,260,261,262,263,264,265,266,267,268,269,270,271,272,273,294,299,
208;0;4890;5054;0;0,1,2,4,12,13,14,15,20,25,26,27,32,36,40,55,61,62,122,123,124,138,150,177,193,195,196,201,202,203,204,205,206,207,208,209,210,211,212,213,214,215,216,217,218,219,220,221,222,223,224,225,226,227,228,229,230,231,232,238,239,240,241,250,260,261,262,263,264,265,266,267,268,269,270,271,272,273,294,299,
85;0;5054;5185;0;0,1,2,4,12,13,14,15,20,25,26,27,32,36,40,55,61,62,122,123,124,138,150,177,193,195,196,201,202,203,204,205,206,207,208,209,210,211,212,213,214,215,216,217,218,219,220,221,222,223,224,225,226,227,228,229,230,231,232,238,239,240,241,250,260,261,262,263,264,265,266,267,268,269,270,271,272,273,294,299,
31;0;5185;5341;1;0,1,2,4,12,13,14,15,20,25,26,27,32,36,40,55,61,62,122,123,124,138,150,177,193,195,196,201,202,203,204,205,206,207,208,209,210,211,212,213,214,215,216,217,218,219,220,221,222,223,224,225,226,227,228,229,230,231,232,238,239,240,241,250,260,261,262,263,264,265,266,267,268,269,270,271,272,273,294,299,
180;0;5341;5361;1;0,1,2,4,12,13,14,15,20,25,26,27,32,36,40,55,61,62,122,123,124,138,150,177,193,195,196,201,202,203,204,205,206,207,208,209,210,211,212,213,214,215,216,217,218,219,220,221,222,223,224,225,226,227,228,229,230,231,232,238,239,240,241,250,260,261,262,263,264,265,266,267,268,269,270,271,272,273,294,299,
Machine: 5
159;0;0;53;0;0,1,2,3,4,5,6,7,10,11,12,13,14,15,20,21,22,23,25,26,27,28,29,30,31,32,33,34,35,36,37,38,39,40,50,53,55,78,79,124,137,143,144,145,146,147,167,168,169,177,178,179,180,181,182,183,184,185,186,187,188,189,190,191,192,195,196,213,280,281,282,314,315,316,317,318,319,320,321,322,
159;1;53;156;0;0,1,2,3,4,5,6,7,10,11,12,13,14,15,20,21,22,23,25,26,27,28,29,30,31,32,33,34,35,36,37,38,39,40,50,53,55,78,79,124,137,143,144,145,146,147,167,168,169,177,178,179,180,181,182,183,184,185,186,187,188,189,190,191,192,195,196,213,280,281,282,314,315,316,317,318,319,320,321,322,
179;0;156;332;0;0,1,2,3,4,5,6,7,10,11,12,13,14,15,20,21,22,23,25,26,27,28,29,30,31,32,33,34,35,36,37,38,39,40,50,53,55,78,79,124,137,143,144,145,146,147,167,168,169,177,178,179,180,181,182,183,184,185,186,187,188,189,190,191,192,195,196,213,280,281,282,314,315,316,317,318,319,320,321,322,
179;1;332;343;0;0,1,2,3,4,5,6,7,10,11,12,13,14,15,20,21,22,23,25,26,27,28,29,30,31,32,33,34,35,36,37,38,39,40,50,53,55,78,79,124,137,143,144,145,146,147,167,168,169,177,178,179,180,181,182,183,184,185,186,187,188,189,190,191,192,195,196,213,280,281,282,314,315,316,317,318,319,320,321,322,
232;0;343;351;0;0,1,2,3,4,5,6,7,10,11,12,13,14,15,20,21,22,23,25,26,27,28,29,30,31,32,33,34,35,36,37,38,39,40,50,53,55,78,79,124,137,143,144,145,146,147,167,168,169,177,178,179,180,181,182,183,184,185,186,187,188,189,190,191,192,195,196,213,280,281,282,314,315,316,317,318,319,320,321,322,
232;1;351;508;0;0,1,2,3,4,5,6,7,10,11,12,13,14,15,20,21,22,23,25,26,27,28,29,30,31,32,33,34,35,36,37,38,39,40,50,53,55,78,79,124,137,143,144,145,146,147,167,168,169,177,178,179,180,181,182,183,184,185,186,187,188,189,190,191,192,195,196,213,280,281,282,314,315,316,317,318,319,320,321,322,
189;0;508;576;0;0,1,2,3,4,5,6,7,10,11,12,13,14,15,20,21,22,23,25,26,27,28,29,30,31,32,33,34,35,36,37,38,39,40,50,53,55,78,79,124,137,143,144,145,146,147,167,168,169,177,178,179,180,181,182,183,184,185,186,187,188,189,190,191,192,195,196,213,280,281,282,314,315,316,317,318,319,320,321,322,
189;1;576;701;0;0,1,2,3,4,5,6,7,10,11,12,13,14,15,20,21,22,23,25,26,27,28,29,30,31,32,33,34,35,36,37,38,39,40,50,53,55,78,79,124,137,143,144,145,146,147,167,168,169,177,178,179,180,181,182,183,184,185,186,187,188,189,190,191,192,195,196,213,280,281,282,314,315,316,317,318,319,320,321,322,
93;0;701;795;1;0,1,2,3,4,5,6,7,10,11,12,13,14,15,20,21,22,23,25,26,27,28,29,30,31,32,33,34,35,36,37,38,39,40,50,53,55,78,79,124,137,143,144,145,146,147,167,168,169,177,178,179,180,181,182,183,184,185,186,187,188,189,190,191,192,195,196,213,280,281,282,314,315,316,317,318,319,320,321,322,
75;0;795;855;0;0,1,2,3,4,5,6,7,10,11,12,13,14,15,20,21,22,23,25,26,27,28,29,30,31,32,33,34,35,36,37,38,39,40,50,53,55,78,79,124,137,143,144,145,146,147,167,168,169,177,178,179,180,181,182,183,184,185,186,187,188,189,190,191,192,195,196,213,280,281,282,314,315,316,317,318,319,320,321,322,
233;0;855;1014;1;0,1,2,3,4,5,6,7,10,11,12,13,14,15,20,21,22,23,25,26,27,28,29,30,31,32,33,34,35,36,37,38,39,40,50,53,55,78,79,124,137,143,144,145,146,147,167,168,169,177,178,179,180,181,182,183,184,185,186,187,188,189,190,191,192,195,196,213,280,281,282,314,315,316,317,318,319,320,321,322,
240;0;1014;1063;1;0,1,2,3,4,5,6,7,10,11,12,13,14,15,20,21,22,23,25,26,27,28,29,30,31,32,33,34,35,36,37,38,39,40,50,53,55,78,79,124,137,143,144,145,146,147,167,168,169,177,178,179,180,181,182,183,184,185,186,187,188,189,190,191,192,195,196,213,280,281,282,314,315,316,317,318,319,320,321,322,
59;0;1063;1215;0;0,1,2,3,4,5,6,7,10,11,12,13,14,15,20,21,22,23,25,26,27,28,29,30,31,32,33,34,35,36,37,38,39,40,50,53,55,78,79,124,137,143,144,145,146,147,167,168,169,177,178,179,180,181,182,183,184,185,186,187,188,189,190,191,192,195,196,213,280,281,282,314,315,316,317,318,319,320,321,322,
59;1;1215;1340;0;0,1,2,3,4,5,6,7,10,11,12,13,14,15,20,21,22,23,25,26,27,28,29,30,31,32,33,34,35,36,37,38,39,40,50,53,55,78,79,124,137,143,144,145,146,147,167,168,169,177,178,179,180,181,182,183,184,185,186,187,188,189,190,191,192,195,196,213,280,281,282,314,315,316,317,318,319,320,321,322,
206;0;1340;1434;0;0,1,2,3,4,5,6,7,10,11,12,13,14,15,20,21,22,23,25,26,27,28,29,30,31,32,33,34,35,36,37,38,39,40,50,53,55,78,79,124,137,143,144,145,146,147,167,168,169,177,178,179,180,181,182,183,184,185,186,187,188,189,190,191,192,195,196,213,280,281,282,314,315,316,317,318,319,320,321,322,
46;0;1434;1585;0;0,1,2,3,4,5,6,7,10,11,12,13,14,15,20,21,22,23,25,26,27,28,29,30,31,32,33,34,35,36,37,38,39,40,50,53,55,78,79,124,137,143,144,145,146,147,167,168,169,177,178,179,180,181,182,183,184,185,186,187,188,189,190,191,192,195,196,213,280,281,282,314,315,316,317,318,319,320,321,322,
74;0;1585;1617;1;0,1,2,3,4,5,6,7,10,11,12,13,14,15,20,21,22,23,25,26,27,28,29,30,31,32,33,34,35,36,37,38,39,40,50,53,55,78,79,124,137,143,144,145,146,147,167,168,169,177,178,179,180,181,182,183,184,185,186,187,188,189,190,191,192,195,196,213,280,281,282,314,315,316,317,318,319,320,321,322,
74;1;1617;1795;1;0,1,2,3,4,5,6,7,10,11,12,13,14,15,20,21,22,23,25,26,27,28,29,30,31,32,33,34,35,36,37,38,39,40,50,53,55,78,79,124,137,143,144,145,146,147,167,168,169,177,178,179,180,181,182,183,184,185,186,187,188,189,190,191,192,195,196,213,280,281,282,314,315,316,317,318,319,320,321,322,
231;0;1795;1850;1;0,1,2,3,4,5,6,7,10,11,12,13,14,15,20,21,22,23,25,26,27,28,29,30,31,32,33,34,35,36,37,38,39,40,50,53,55,78,79,124,137,143,144,145,146,147,167,168,169,177,178,179,180,181,182,183,184,185,186,187,188,189,190,191,192,195,196,213,280,281,282,314,315,316,317,318,319,320,321,322,
142;0;1850;1927;0;0,1,2,3,4,5,6,7,10,11,12,13,14,15,20,21,22,23,25,26,27,28,29,30,31,32,33,34,35,36,37,38,39,40,50,53,55,78,79,124,137,143,144,145,146,147,167,168,169,177,178,179,180,181,182,183,184,185,186,187,188,189,190,191,192,195,196,213,280,281,282,314,315,316,317,318,319,320,321,322,
142;1;1927;1936;0;0,1,2,3,4,5,6,7,10,11,12,13,14,15,20,21,22,23,25,26,27,28,29,30,31,32,33,34,35,36,37,38,39,40,50,53,55,78,79,124,137,143,144,145,146,147,167,168,169,177,178,179,180,181,182,183,184,185,186,187,188,189,190,191,192,195,196,213,280,281,282,314,315,316,317,318,319,320,321,322,
162;0;1936;2054;0;0,1,2,3,4,5,6,7,10,11,12,13,14,15,20,21,22,23,25,26,27,28,29,30,31,32,33,34,35,36,37,38,39,40,50,53,55,78,79,124,137,143,144,145,146,147,167,168,169,177,178,179,180,181,182,183,184,185,186,187,188,189,190,191,192,195,196,213,280,281,282,314,315,316,317,318,319,320,321,322,
162;1;2054;2086;0;0,1,2,3,4,5,6,7,10,11,12,13,14,15,20,21,22,23,25,26,27,28,29,30,31,32,33,34,35,36,37,38,39,40,50,53,55,78,79,124,137,143,144,145,146,147,167,168,169,177,178,179,180,181,182,183,184,185,186,187,188,189,190,191,192,195,196,213,280,281,282,314,315,316,317,318,319,320,321,322,
218;0;2086;2146;0;0,1,2,3,4,5,6,7,10,11,12,13,14,15,20,21,22,23,25,26,27,28,29,30,31,32,33,34,35,36,37,38,39,40,50,53,55,78,79,124,137,143,144,145,146,147,167,168,169,177,178,179,180,181,182,183,184,185,186,187,188,189,190,191,192,195,196,213,280,281,282,314,315,316,317,318,319,320,321,322,
234;0;2146;2175;1;0,1,2,3,4,5,6,7,10,11,12,13,14,15,20,21,22,23,25,26,27,28,29,30,31,32,33,34,35,36,37,38,39,40,50,53,55,78,79,124,137,143,144,145,146,147,167,168,169,177,178,179,180,181,182,183,184,185,186,187,188,189,190,191,192,195,196,213,280,281,282,314,315,316,317,318,319,320,321,322,
234;1;2175;2207;1;0,1,2,3,4,5,6,7,10,11,12,13,14,15,20,21,22,23,25,26,27,28,29,30,31,32,33,34,35,36,37,38,39,40,50,53,55,78,79,124,137,143,144,145,146,147,167,168,169,177,178,179,180,181,182,183,184,185,186,187,188,189,190,191,192,195,196,213,280,281,282,314,315,316,317,318,319,320,321,322,
135;0;2207;2332;0;0,1,2,3,4,5,6,7,10,11,12,13,14,15,20,21,22,23,25,26,27,28,29,30,31,32,33,34,35,36,37,38,39,40,50,53,55,78,79,124,137,143,144,145,146,147,167,168,169,177,178,179,180,181,182,183,184,185,186,187,188,189,190,191,192,195,196,213,280,281,282,314,315,316,317,318,319,320,321,322,
65;0;2332;2506;0;0,1,2,3,4,5,6,7,10,11,12,13,14,15,20,21,22,23,25,26,27,28,29,30,31,32,33,34,35,36,37,38,39,40,50,53,55,78,79,124,137,143,144,145,146,147,167,168,169,177,178,179,180,181,182,183,184,185,186,187,188,189,190,191,192,195,196,213,280,281,282,314,315,316,317,318,319,320,321,322,
66;0;2506;2632;0;0,1,2,3,4,5,6,7,10,11,12,13,14,15,20,21,22,23,25,26,27,28,29,30,31,32,33,34,35,36,37,38,39,40,50,53,55,78,79,124,137,143,144,145,146,147,167,168,169,177,178,179,180,181,182,183,184,185,186,187,188,189,190,191,192,195,196,213,280,281,282,314,315,316,317,318,319,320,321,322,
186;0;2632;2806;0;0,1,2,3,4,5,6,7,10,11,12,13,14,15,20,21,22,23,25,26,27,28,29,30,31,32,33,34,35,36,37,38,39,40,50,53,55,78,79,124,137,143,144,145,146,147,167,168,169,177,178,179,180,181,182,183,184,185,186,187,188,189,190,191,192,195,196,213,280,281,282,314,315,316,317,318,319,320,321,322,
84;0;2806;2875;1;0,1,2,3,4,5,6,7,10,11,12,13,14,15,20,21,22,23,25,26,27,28,29,30,31,32,33,34,35,36,37,38,39,40,50,53,55,78,79,124,137,143,144,145,146,147,167,168,169,177,178,179,180,181,182,183,184,185,186,187,188,189,190,191,192,195,196,213,280,281,282,314,315,316,317,318,319,320,321,322,
84;1;2875;2951;1;0,1,2,3,4,5,6,7,10,11,12,13,14,15,20,21,22,23,25,26,27,28,29,30,31,32,33,34,35,36,37,38,39,40,50,53,55,78,79,124,137,143,144,145,146,147,167,168,169,177,178,179,180,181,182,183,184,185,186,187,188,189,190,191,192,195,196,213,280,281,282,314,315,316,317,318,319,320,321,322,
241;0;2951;3049;1;0,1,2,3,4,5,6,7,10,11,12,13,14,15,20,21,22,23,25,26,27,28,29,30,31,32,33,34,35,36,37,38,39,40,50,53,55,78,79,124,137,143,144,145,146,147,167,168,169,177,178,179,180,181,182,183,184,185,186,187,188,189,190,191,192,195,196,213,280,281,282,314,315,316,317,318,319,320,321,322,
7;0;3049;3057;1;0,1,2,3,4,5,6,7,10,11,12,13,14,15,20,21,22,23,25,26,27,28,29,30,31,32,33,34,35,36,37,38,39,40,50,53,55,78,79,124,137,143,144,145,146,147,167,168,169,177,178,179,180,181,182,183,184,185,186,187,188,189,190,191,192,195,196,213,280,281,282,314,315,316,317,318,319,320,321,322,
7;1;3057;3231;1;0,1,2,3,4,5,6,7,10,11,12,13,14,15,20,21,22,23,25,26,27,28,29,30,31,32,33,34,35,36,37,38,39,40,50,53,55,78,79,124,137,143,144,145,146,147,167,168,169,177,178,179,180,181,182,183,184,185,186,187,188,189,190,191,192,195,196,213,280,281,282,314,315,316,317,318,319,320,321,322,
196;0;3231;3308;0;0,1,2,3,4,5,6,7,10,11,12,13,14,15,20,21,22,23,25,26,27,28,29,30,31,32,33,34,35,36,37,38,39,40,50,53,55,78,79,124,137,143,144,145,146,147,167,168,169,177,178,179,180,181,182,183,184,185,186,187,188,189,190,191,192,195,196,213,280,281,282,314,315,316,317,318,319,320,321,322,
205;0;3308;3340;0;0,1,2,3,4,5,6,7,10,11,12,13,14,15,20,21,22,23,25,26,27,28,29,30,31,32,33,34,35,36,37,38,39,40,50,53,55,78,79,124,137,143,144,145,146,147,167,168,169,177,178,179,180,181,182,183,184,185,186,187,188,189,190,191,192,195,196,213,280,281,282,314,315,316,317,318,319,320,321,322,
101;0;3340;3443;1;0,1,2,3,4,5,6,7,10,11,12,13,14,15,20,21,22,23,25,26,27,28,29,30,31,32,33,34,35,36,37,38,39,40,50,53,55,78,79,124,137,143,144,145,146,147,167,168,169,177,178,179,180,181,182,183,184,185,186,187,188,189,190,191,192,195,196,213,280,281,282,314,315,316,317,318,319,320,321,322,
35;0;3443;3621;0;0,1,2,3,4,5,6,7,10,11,12,13,14,15,20,21,22,23,25,26,27,28,29,30,31,32,33,34,35,36,37,38,39,40,50,53,55,78,79,124,137,143,144,145,146,147,167,168,169,177,178,179,180,181,182,183,184,185,186,187,188,189,190,191,192,195,196,213,280,281,282,314,315,316,317,318,319,320,321,322,
160;0;3621;3630;1;0,1,2,3,4,5,6,7,10,11,12,13,14,15,20,21,22,23,25,26,27,28,29,30,31,32,33,34,35,36,37,38,39,40,50,53,55,78,79,124,137,143,144,145,146,147,167,168,169,177,178,179,180,181,182,183,184,185,186,187,188,189,190,191,192,195,196,213,280,281,282,314,315,316,317,318,319,320,321,322,
43;0;3630;3706;1;0,1,2,3,4,5,6,7,10,11,12,13,14,15,20,21,22,23,25,26,27,28,29,30,31,32,33,34,35,36,37,38,39,40,50,53,55,78,79,124,137,143,144,145,146,147,167,168,169,177,178,179,180,181,182,183,184,185,186,187,188,189,190,191,192,195,196,213,280,281,282,314,315,316,317,318,319,320,321,322,
138;0;3706;3863;0;0,1,2,3,4,5,6,7,10,11,12,13,14,15,20,21,22,23,25,26,27,28,29,30,31,32,33,34,35,36,37,38,39,40,50,53,55,78,79,124,137,143,144,145,146,147,167,168,169,177,178,179,180,181,182,183,184,185,186,187,188,189,190,191,192,195,196,213,280,281,282,314,315,316,317,318,319,320,321,322,
0;0;3863;3992;1;0,1,2,3,4,5,6,7,10,11,12,13,14,15,20,21,22,23,25,26,27,28,29,30,31,32,33,34,35,36,37,38,39,40,50,53,55,78,79,124,137,143,144,145,146,147,167,168,169,177,178,179,180,181,182,183,184,185,186,187,188,189,190,191,192,195,196,213,280,281,282,314,315,316,317,318,319,320,321,322,
0;1;3992;4038;1;0,1,2,3,4,5,6,7,10,11,12,13,14,15,20,21,22,23,25,26,27,28,29,30,31,32,33,34,35,36,37,38,39,40,50,53,55,78,79,124,137,143,144,145,146,147,167,168,169,177,178,179,180,181,182,183,184,185,186,187,188,189,190,191,192,195,196,213,280,281,282,314,315,316,317,318,319,320,321,322,
212;0;4038;4187;0;0,1,2,3,4,5,6,7,10,11,12,13,14,15,20,21,22,23,25,26,27,28,29,30,31,32,33,34,35,36,37,38,39,40,50,53,55,78,79,124,137,143,144,145,146,147,167,168,169,177,178,179,180,181,182,183,184,185,186,187,188,189,190,191,192,195,196,213,280,281,282,314,315,316,317,318,319,320,321,322,
212;1;4187;4337;0;0,1,2,3,4,5,6,7,10,11,12,13,14,15,20,21,22,23,25,26,27,28,29,30,31,32,33,34,35,36,37,38,39,40,50,53,55,78,79,124,137,143,144,145,146,147,167,168,169,177,178,179,180,181,182,183,184,185,186,187,188,189,190,191,192,195,196,213,280,281,282,314,315,316,317,318,319,320,321,322,
147;0;4337;4345;1;0,1,2,3,4,5,6,7,10,11,12,13,14,15,20,21,22,23,25,26,27,28,29,30,31,32,33,34,35,36,37,38,39,40,50,53,55,78,79,124,137,143,144,145,146,147,167,168,169,177,178,179,180,181,182,183,184,185,186,187,188,189,190,191,192,195,196,213,280,281,282,314,315,316,317,318,319,320,321,322,
147;1;4345;4370;1;0,1,2,3,4,5,6,7,10,11,12,13,14,15,20,21,22,23,25,26,27,28,29,30,31,32,33,34,35,36,37,38,39,40,50,53,55,78,79,124,137,143,144,145,146,147,167,168,169,177,178,179,180,181,182,183,184,185,186,187,188,189,190,191,192,195,196,213,280,281,282,314,315,316,317,318,319,320,321,322,
121;0;4370;4535;1;0,1,2,3,4,5,6,7,10,11,12,13,14,15,20,21,22,23,25,26,27,28,29,30,31,32,33,34,35,36,37,38,39,40,50,53,55,78,79,124,137,143,144,145,146,147,167,168,169,177,178,179,180,181,182,183,184,185,186,187,188,189,190,191,192,195,196,213,280,281,282,314,315,316,317,318,319,320,321,322,
113;0;4535;4612;1;0,1,2,3,4,5,6,7,10,11,12,13,14,15,20,21,22,23,25,26,27,28,29,30,31,32,33,34,35,36,37,38,39,40,50,53,55,78,79,124,137,143,144,145,146,147,167,168,169,177,178,179,180,181,182,183,184,185,186,187,188,189,190,191,192,195,196,213,280,281,282,314,315,316,317,318,319,320,321,322,
8;0;4612;4689;0;0,1,2,3,4,5,6,7,10,11,12,13,14,15,20,21,22,23,25,26,27,28,29,30,31,32,33,34,35,36,37,38,39,40,50,53,55,78,79,124,137,143,144,145,146,147,167,168,169,177,178,179,180,181,182,183,184,185,186,187,188,189,190,191,192,195,196,213,280,281,282,314,315,316,317,318,319,320,321,322,
136;0;4689;4762;0;0,1,2,3,4,5,6,7,10,11,12,13,14,15,20,21,22,23,25,26,27,28,29,30,31,32,33,34,35,36,37,38,39,40,50,53,55,78,79,124,137,143,144,145,146,147,167,168,169,177,178,179,180,181,182,183,184,185,186,187,188,189,190,191,192,195,196,213,280,281,282,314,315,316,317,318,319,320,321,322,
111;0;4762;4834;1;0,1,2,3,4,5,6,7,10,11,12,13,14,15,20,21,22,23,25,26,27,28,29,30,31,32,33,34,35,36,37,38,39,40,50,53,55,78,79,124,137,143,144,145,146,147,167,168,169,177,178,179,180,181,182,183,184,185,186,187,188,189,190,191,192,195,196,213,280,281,282,314,315,316,317,318,319,320,321,322,
89;0;4834;4885;0;0,1,2,3,4,5,6,7,10,11,12,13,14,15,20,21,22,23,25,26,27,28,29,30,31,32,33,34,35,36,37,38,39,40,50,53,55,78,79,124,137,143,144,145,146,147,167,168,169,177,178,179,180,181,182,183,184,185,186,187,188,189,190,191,192,195,196,213,280,281,282,314,315,316,317,318,319,320,321,322,
89;1;4885;5063;0;0,1,2,3,4,5,6,7,10,11,12,13,14,15,20,21,22,23,25,26,27,28,29,30,31,32,33,34,35,36,37,38,39,40,50,53,55,78,79,124,137,143,144,145,146,147,167,168,169,177,178,179,180,181,182,183,184,185,186,187,188,189,190,191,192,195,196,213,280,281,282,314,315,316,317,318,319,320,321,322,
END
fineshedJobsCount: 339
switchs: 0
switchsInstances: 0
unfineshedPriorityCount: 0
totalUnfineshed: 0
criticalMachineSwitchs: 0
criticalMachineTime: 5512
Final Solution: 10170
Time: 468565
PTL: 184
MCMC: 495
Best Initial: 9594
Mean Initial: 9448
