./input/BaseInstances/6M2_n=629,r=0.4,t=629,v0.txt;./input/Processed/ToolSetInt.csv
7;720;1440
Machine: 0
286;0;0;94;0;0,1,2,3,4,5,6,7,15,16,17,18,23,24,25,26,27,28,29,30,31,32,33,34,39,40,42,43,79,80,81,85,89,90,91,93,94,99,184,212,230,231,232,236,237,238,239,264,280,281,282,283,284,292,328,329,330,331,337,338,339,340,382,383,384,399,400,401,451,452,453,454,455,456,457,458,459,598,599,600,
96;0;94;170;0;0,1,2,3,4,5,6,7,15,16,17,18,23,24,25,26,27,28,29,30,31,32,33,34,39,40,42,43,79,80,81,85,89,90,91,93,94,99,184,212,230,231,232,236,237,238,239,264,280,281,282,283,284,292,328,329,330,331,337,338,339,340,382,383,384,399,400,401,451,452,453,454,455,456,457,458,459,598,599,600,
252;0;170;270;0;0,1,2,3,4,5,6,7,15,16,17,18,23,24,25,26,27,28,29,30,31,32,33,34,39,40,42,43,79,80,81,85,89,90,91,93,94,99,184,212,230,231,232,236,237,238,239,264,280,281,282,283,284,292,328,329,330,331,337,338,339,340,382,383,384,399,400,401,451,452,453,454,455,456,457,458,459,598,599,600,
252;1;270;314;0;0,1,2,3,4,5,6,7,15,16,17,18,23,24,25,26,27,28,29,30,31,32,33,34,39,40,42,43,79,80,81,85,89,90,91,93,94,99,184,212,230,231,232,236,237,238,239,264,280,281,282,283,284,292,328,329,330,331,337,338,339,340,382,383,384,399,400,401,451,452,453,454,455,456,457,458,459,598,599,600,
48;0;314;340;0;0,1,2,3,4,5,6,7,15,16,17,18,23,24,25,26,27,28,29,30,31,32,33,34,39,40,42,43,79,80,81,85,89,90,91,93,94,99,184,212,230,231,232,236,237,238,239,264,280,281,282,283,284,292,328,329,330,331,337,338,339,340,382,383,384,399,400,401,451,452,453,454,455,456,457,458,459,598,599,600,
289;0;340;365;0;0,1,2,3,4,5,6,7,15,16,17,18,23,24,25,26,27,28,29,30,31,32,33,34,39,40,42,43,79,80,81,85,89,90,91,93,94,99,184,212,230,231,232,236,237,238,239,264,280,281,282,283,284,292,328,329,330,331,337,338,339,340,382,383,384,399,400,401,451,452,453,454,455,456,457,458,459,598,599,600,
289;1;365;383;0;0,1,2,3,4,5,6,7,15,16,17,18,23,24,25,26,27,28,29,30,31,32,33,34,39,40,42,43,79,80,81,85,89,90,91,93,94,99,184,212,230,231,232,236,237,238,239,264,280,281,282,283,284,292,328,329,330,331,337,338,339,340,382,383,384,399,400,401,451,452,453,454,455,456,457,458,459,598,599,600,
139;0;383;424;0;0,1,2,3,4,5,6,7,15,16,17,18,23,24,25,26,27,28,29,30,31,32,33,34,39,40,42,43,79,80,81,85,89,90,91,93,94,99,184,212,230,231,232,236,237,238,239,264,280,281,282,283,284,292,328,329,330,331,337,338,339,340,382,383,384,399,400,401,451,452,453,454,455,456,457,458,459,598,599,600,
139;1;424;430;0;0,1,2,3,4,5,6,7,15,16,17,18,23,24,25,26,27,28,29,30,31,32,33,34,39,40,42,43,79,80,81,85,89,90,91,93,94,99,184,212,230,231,232,236,237,238,239,264,280,281,282,283,284,292,328,329,330,331,337,338,339,340,382,383,384,399,400,401,451,452,453,454,455,456,457,458,459,598,599,600,
317;0;430;516;1;0,1,2,3,4,5,6,7,15,16,17,18,23,24,25,26,27,28,29,30,31,32,33,34,39,40,42,43,79,80,81,85,89,90,91,93,94,99,184,212,230,231,232,236,237,238,239,264,280,281,282,283,284,292,328,329,330,331,337,338,339,340,382,383,384,399,400,401,451,452,453,454,455,456,457,458,459,598,599,600,
317;1;516;524;1;0,1,2,3,4,5,6,7,15,16,17,18,23,24,25,26,27,28,29,30,31,32,33,34,39,40,42,43,79,80,81,85,89,90,91,93,94,99,184,212,230,231,232,236,237,238,239,264,280,281,282,283,284,292,328,329,330,331,337,338,339,340,382,383,384,399,400,401,451,452,453,454,455,456,457,458,459,598,599,600,
214;0;524;538;1;0,1,2,3,4,5,6,7,15,16,17,18,23,24,25,26,27,28,29,30,31,32,33,34,39,40,42,43,79,80,81,85,89,90,91,93,94,99,184,212,230,231,232,236,237,238,239,264,280,281,282,283,284,292,328,329,330,331,337,338,339,340,382,383,384,399,400,401,451,452,453,454,455,456,457,458,459,598,599,600,
214;1;538;641;1;0,1,2,3,4,5,6,7,15,16,17,18,23,24,25,26,27,28,29,30,31,32,33,34,39,40,42,43,79,80,81,85,89,90,91,93,94,99,184,212,230,231,232,236,237,238,239,264,280,281,282,283,284,292,328,329,330,331,337,338,339,340,382,383,384,399,400,401,451,452,453,454,455,456,457,458,459,598,599,600,
437;0;641;778;1;0,1,2,3,4,5,6,7,15,16,17,18,23,24,25,26,27,28,29,30,31,32,33,34,39,40,42,43,79,80,81,85,89,90,91,93,94,99,184,212,230,231,232,236,237,238,239,264,280,281,282,283,284,292,328,329,330,331,337,338,339,340,382,383,384,399,400,401,451,452,453,454,455,456,457,458,459,598,599,600,
437;1;778;856;1;0,1,2,3,4,5,6,7,15,16,17,18,23,24,25,26,27,28,29,30,31,32,33,34,39,40,42,43,79,80,81,85,89,90,91,93,94,99,184,212,230,231,232,236,237,238,239,264,280,281,282,283,284,292,328,329,330,331,337,338,339,340,382,383,384,399,400,401,451,452,453,454,455,456,457,458,459,598,599,600,
102;0;856;860;0;0,1,2,3,4,5,6,7,15,16,17,18,23,24,25,26,27,28,29,30,31,32,33,34,39,40,42,43,79,80,81,85,89,90,91,93,94,99,184,212,230,231,232,236,237,238,239,264,280,281,282,283,284,292,328,329,330,331,337,338,339,340,382,383,384,399,400,401,451,452,453,454,455,456,457,458,459,598,599,600,
102;1;860;1011;0;0,1,2,3,4,5,6,7,15,16,17,18,23,24,25,26,27,28,29,30,31,32,33,34,39,40,42,43,79,80,81,85,89,90,91,93,94,99,184,212,230,231,232,236,237,238,239,264,280,281,282,283,284,292,328,329,330,331,337,338,339,340,382,383,384,399,400,401,451,452,453,454,455,456,457,458,459,598,599,600,
336;0;1011;1043;0;0,1,2,3,4,5,6,7,15,16,17,18,23,24,25,26,27,28,29,30,31,32,33,34,39,40,42,43,79,80,81,85,89,90,91,93,94,99,184,212,230,231,232,236,237,238,239,264,280,281,282,283,284,292,328,329,330,331,337,338,339,340,382,383,384,399,400,401,451,452,453,454,455,456,457,458,459,598,599,600,
85;0;1043;1174;0;0,1,2,3,4,5,6,7,15,16,17,18,23,24,25,26,27,28,29,30,31,32,33,34,39,40,42,43,79,80,81,85,89,90,91,93,94,99,184,212,230,231,232,236,237,238,239,264,280,281,282,283,284,292,328,329,330,331,337,338,339,340,382,383,384,399,400,401,451,452,453,454,455,456,457,458,459,598,599,600,
67;0;1174;1218;1;0,1,2,3,4,5,6,7,15,16,17,18,23,24,25,26,27,28,29,30,31,32,33,34,39,40,42,43,79,80,81,85,89,90,91,93,94,99,184,212,230,231,232,236,237,238,239,264,280,281,282,283,284,292,328,329,330,331,337,338,339,340,382,383,384,399,400,401,451,452,453,454,455,456,457,458,459,598,599,600,
67;1;1218;1243;1;0,1,2,3,4,5,6,7,15,16,17,18,23,24,25,26,27,28,29,30,31,32,33,34,39,40,42,43,79,80,81,85,89,90,91,93,94,99,184,212,230,231,232,236,237,238,239,264,280,281,282,283,284,292,328,329,330,331,337,338,339,340,382,383,384,399,400,401,451,452,453,454,455,456,457,458,459,598,599,600,
217;0;1243;1293;1;0,1,2,3,4,5,6,7,15,16,17,18,23,24,25,26,27,28,29,30,31,32,33,34,39,40,42,43,79,80,81,85,89,90,91,93,94,99,184,212,230,231,232,236,237,238,239,264,280,281,282,283,284,292,328,329,330,331,337,338,339,340,382,383,384,399,400,401,451,452,453,454,455,456,457,458,459,598,599,600,
217;1;1293;1449;1;0,1,2,3,4,5,6,7,15,16,17,18,23,24,25,26,27,28,29,30,31,32,33,34,39,40,42,43,79,80,81,85,89,90,91,93,94,99,184,212,230,231,232,236,237,238,239,264,280,281,282,283,284,292,328,329,330,331,337,338,339,340,382,383,384,399,400,401,451,452,453,454,455,456,457,458,459,598,599,600,
396;0;1449;1482;0;0,1,2,3,4,5,6,7,15,16,17,18,23,24,25,26,27,28,29,30,31,32,33,34,39,40,42,43,79,80,81,85,89,90,91,93,94,99,184,212,230,231,232,236,237,238,239,264,280,281,282,283,284,292,328,329,330,331,337,338,339,340,382,383,384,399,400,401,451,452,453,454,455,456,457,458,459,598,599,600,
51;0;1482;1628;1;0,1,2,3,4,5,6,7,15,16,17,18,23,24,25,26,27,28,29,30,31,32,33,34,39,40,42,43,79,80,81,85,89,90,91,93,94,99,184,212,230,231,232,236,237,238,239,264,280,281,282,283,284,292,328,329,330,331,337,338,339,340,382,383,384,399,400,401,451,452,453,454,455,456,457,458,459,598,599,600,
124;0;1628;1780;1;0,1,2,3,4,5,6,7,15,16,17,18,23,24,25,26,27,28,29,30,31,32,33,34,39,40,42,43,79,80,81,85,89,90,91,93,94,99,184,212,230,231,232,236,237,238,239,264,280,281,282,283,284,292,328,329,330,331,337,338,339,340,382,383,384,399,400,401,451,452,453,454,455,456,457,458,459,598,599,600,
124;1;1780;1824;1;0,1,2,3,4,5,6,7,15,16,17,18,23,24,25,26,27,28,29,30,31,32,33,34,39,40,42,43,79,80,81,85,89,90,91,93,94,99,184,212,230,231,232,236,237,238,239,264,280,281,282,283,284,292,328,329,330,331,337,338,339,340,382,383,384,399,400,401,451,452,453,454,455,456,457,458,459,598,599,600,
41;0;1824;1868;1;0,1,2,3,4,5,6,7,15,16,17,18,23,24,25,26,27,28,29,30,31,32,33,34,39,40,42,43,79,80,81,85,89,90,91,93,94,99,184,212,230,231,232,236,237,238,239,264,280,281,282,283,284,292,328,329,330,331,337,338,339,340,382,383,384,399,400,401,451,452,453,454,455,456,457,458,459,598,599,600,
314;0;1868;1888;1;0,1,2,3,4,5,6,7,15,16,17,18,23,24,25,26,27,28,29,30,31,32,33,34,39,40,42,43,79,80,81,85,89,90,91,93,94,99,184,212,230,231,232,236,237,238,239,264,280,281,282,283,284,292,328,329,330,331,337,338,339,340,382,383,384,399,400,401,451,452,453,454,455,456,457,458,459,598,599,600,
314;1;1888;1936;1;0,1,2,3,4,5,6,7,15,16,17,18,23,24,25,26,27,28,29,30,31,32,33,34,39,40,42,43,79,80,81,85,89,90,91,93,94,99,184,212,230,231,232,236,237,238,239,264,280,281,282,283,284,292,328,329,330,331,337,338,339,340,382,383,384,399,400,401,451,452,453,454,455,456,457,458,459,598,599,600,
389;0;1936;2114;0;0,1,2,3,4,5,6,7,15,16,17,18,23,24,25,26,27,28,29,30,31,32,33,34,39,40,42,43,79,80,81,85,89,90,91,93,94,99,184,212,230,231,232,236,237,238,239,264,280,281,282,283,284,292,328,329,330,331,337,338,339,340,382,383,384,399,400,401,451,452,453,454,455,456,457,458,459,598,599,600,
389;1;2114;2146;0;0,1,2,3,4,5,6,7,15,16,17,18,23,24,25,26,27,28,29,30,31,32,33,34,39,40,42,43,79,80,81,85,89,90,91,93,94,99,184,212,230,231,232,236,237,238,239,264,280,281,282,283,284,292,328,329,330,331,337,338,339,340,382,383,384,399,400,401,451,452,453,454,455,456,457,458,459,598,599,600,
274;0;2146;2206;1;0,1,2,3,4,5,6,7,15,16,17,18,23,24,25,26,27,28,29,30,31,32,33,34,39,40,42,43,79,80,81,85,89,90,91,93,94,99,184,212,230,231,232,236,237,238,239,264,280,281,282,283,284,292,328,329,330,331,337,338,339,340,382,383,384,399,400,401,451,452,453,454,455,456,457,458,459,598,599,600,
274;1;2206;2303;1;0,1,2,3,4,5,6,7,15,16,17,18,23,24,25,26,27,28,29,30,31,32,33,34,39,40,42,43,79,80,81,85,89,90,91,93,94,99,184,212,230,231,232,236,237,238,239,264,280,281,282,283,284,292,328,329,330,331,337,338,339,340,382,383,384,399,400,401,451,452,453,454,455,456,457,458,459,598,599,600,
406;0;2303;2406;0;0,1,2,3,4,5,6,7,15,16,17,18,23,24,25,26,27,28,29,30,31,32,33,34,39,40,42,43,79,80,81,85,89,90,91,93,94,99,184,212,230,231,232,236,237,238,239,264,280,281,282,283,284,292,328,329,330,331,337,338,339,340,382,383,384,399,400,401,451,452,453,454,455,456,457,458,459,598,599,600,
258;0;2406;2484;0;0,1,2,3,4,5,6,7,15,16,17,18,23,24,25,26,27,28,29,30,31,32,33,34,39,40,42,43,79,80,81,85,89,90,91,93,94,99,184,212,230,231,232,236,237,238,239,264,280,281,282,283,284,292,328,329,330,331,337,338,339,340,382,383,384,399,400,401,451,452,453,454,455,456,457,458,459,598,599,600,
440;0;2484;2504;1;0,1,2,3,4,5,6,7,15,16,17,18,23,24,25,26,27,28,29,30,31,32,33,34,39,40,42,43,79,80,81,85,89,90,91,93,94,99,184,212,230,231,232,236,237,238,239,264,280,281,282,283,284,292,328,329,330,331,337,338,339,340,382,383,384,399,400,401,451,452,453,454,455,456,457,458,459,598,599,600,
141;0;2504;2585;1;0,1,2,3,4,5,6,7,15,16,17,18,23,24,25,26,27,28,29,30,31,32,33,34,39,40,42,43,79,80,81,85,89,90,91,93,94,99,184,212,230,231,232,236,237,238,239,264,280,281,282,283,284,292,328,329,330,331,337,338,339,340,382,383,384,399,400,401,451,452,453,454,455,456,457,458,459,598,599,600,
111;0;2585;2657;1;0,1,2,3,4,5,6,7,15,16,17,18,23,24,25,26,27,28,29,30,31,32,33,34,39,40,42,43,79,80,81,85,89,90,91,93,94,99,184,212,230,231,232,236,237,238,239,264,280,281,282,283,284,292,328,329,330,331,337,338,339,340,382,383,384,399,400,401,451,452,453,454,455,456,457,458,459,598,599,600,
407;0;2657;2816;1;0,1,2,3,4,5,6,7,15,16,17,18,23,24,25,26,27,28,29,30,31,32,33,34,39,40,42,43,79,80,81,85,89,90,91,93,94,99,184,212,230,231,232,236,237,238,239,264,280,281,282,283,284,292,328,329,330,331,337,338,339,340,382,383,384,399,400,401,451,452,453,454,455,456,457,458,459,598,599,600,
407;1;2816;2948;1;0,1,2,3,4,5,6,7,15,16,17,18,23,24,25,26,27,28,29,30,31,32,33,34,39,40,42,43,79,80,81,85,89,90,91,93,94,99,184,212,230,231,232,236,237,238,239,264,280,281,282,283,284,292,328,329,330,331,337,338,339,340,382,383,384,399,400,401,451,452,453,454,455,456,457,458,459,598,599,600,
5;0;2948;2977;0;0,1,2,3,4,5,6,7,15,16,17,18,23,24,25,26,27,28,29,30,31,32,33,34,39,40,42,43,79,80,81,85,89,90,91,93,94,99,184,212,230,231,232,236,237,238,239,264,280,281,282,283,284,292,328,329,330,331,337,338,339,340,382,383,384,399,400,401,451,452,453,454,455,456,457,458,459,598,599,600,
387;0;2977;3025;1;0,1,2,3,4,5,6,7,15,16,17,18,23,24,25,26,27,28,29,30,31,32,33,34,39,40,42,43,79,80,81,85,89,90,91,93,94,99,184,212,230,231,232,236,237,238,239,264,280,281,282,283,284,292,328,329,330,331,337,338,339,340,382,383,384,399,400,401,451,452,453,454,455,456,457,458,459,598,599,600,
387;1;3025;3157;1;0,1,2,3,4,5,6,7,15,16,17,18,23,24,25,26,27,28,29,30,31,32,33,34,39,40,42,43,79,80,81,85,89,90,91,93,94,99,184,212,230,231,232,236,237,238,239,264,280,281,282,283,284,292,328,329,330,331,337,338,339,340,382,383,384,399,400,401,451,452,453,454,455,456,457,458,459,598,599,600,
25;0;3157;3183;0;0,1,2,3,4,5,6,7,15,16,17,18,23,24,25,26,27,28,29,30,31,32,33,34,39,40,42,43,79,80,81,85,89,90,91,93,94,99,184,212,230,231,232,236,237,238,239,264,280,281,282,283,284,292,328,329,330,331,337,338,339,340,382,383,384,399,400,401,451,452,453,454,455,456,457,458,459,598,599,600,
126;0;3183;3312;0;0,1,2,3,4,5,6,7,15,16,17,18,23,24,25,26,27,28,29,30,31,32,33,34,39,40,42,43,79,80,81,85,89,90,91,93,94,99,184,212,230,231,232,236,237,238,239,264,280,281,282,283,284,292,328,329,330,331,337,338,339,340,382,383,384,399,400,401,451,452,453,454,455,456,457,458,459,598,599,600,
348;0;3312;3410;0;0,1,2,3,4,5,6,7,15,16,17,18,23,24,25,26,27,28,29,30,31,32,33,34,39,40,42,43,79,80,81,85,89,90,91,93,94,99,184,212,230,231,232,236,237,238,239,264,280,281,282,283,284,292,328,329,330,331,337,338,339,340,382,383,384,399,400,401,451,452,453,454,455,456,457,458,459,598,599,600,
246;0;3410;3539;0;0,1,2,3,4,5,6,7,15,16,17,18,23,24,25,26,27,28,29,30,31,32,33,34,39,40,42,43,79,80,81,85,89,90,91,93,94,99,184,212,230,231,232,236,237,238,239,264,280,281,282,283,284,292,328,329,330,331,337,338,339,340,382,383,384,399,400,401,451,452,453,454,455,456,457,458,459,598,599,600,
369;0;3539;3663;0;0,1,2,3,4,5,6,7,15,16,17,18,23,24,25,26,27,28,29,30,31,32,33,34,39,40,42,43,79,80,81,85,89,90,91,93,94,99,184,212,230,231,232,236,237,238,239,264,280,281,282,283,284,292,328,329,330,331,337,338,339,340,382,383,384,399,400,401,451,452,453,454,455,456,457,458,459,598,599,600,
369;1;3663;3669;0;0,1,2,3,4,5,6,7,15,16,17,18,23,24,25,26,27,28,29,30,31,32,33,34,39,40,42,43,79,80,81,85,89,90,91,93,94,99,184,212,230,231,232,236,237,238,239,264,280,281,282,283,284,292,328,329,330,331,337,338,339,340,382,383,384,399,400,401,451,452,453,454,455,456,457,458,459,598,599,600,
368;0;3669;3709;0;0,1,2,3,4,5,6,7,15,16,17,18,23,24,25,26,27,28,29,30,31,32,33,34,39,40,42,43,79,80,81,85,89,90,91,93,94,99,184,212,230,231,232,236,237,238,239,264,280,281,282,283,284,292,328,329,330,331,337,338,339,340,382,383,384,399,400,401,451,452,453,454,455,456,457,458,459,598,599,600,
162;0;3709;3788;0;0,1,2,3,4,5,6,7,15,16,17,18,23,24,25,26,27,28,29,30,31,32,33,34,39,40,42,43,79,80,81,85,89,90,91,93,94,99,184,212,230,231,232,236,237,238,239,264,280,281,282,283,284,292,328,329,330,331,337,338,339,340,382,383,384,399,400,401,451,452,453,454,455,456,457,458,459,598,599,600,
162;1;3788;3820;0;0,1,2,3,4,5,6,7,15,16,17,18,23,24,25,26,27,28,29,30,31,32,33,34,39,40,42,43,79,80,81,85,89,90,91,93,94,99,184,212,230,231,232,236,237,238,239,264,280,281,282,283,284,292,328,329,330,331,337,338,339,340,382,383,384,399,400,401,451,452,453,454,455,456,457,458,459,598,599,600,
122;0;3820;3888;0;0,1,2,3,4,5,6,7,15,16,17,18,23,24,25,26,27,28,29,30,31,32,33,34,39,40,42,43,79,80,81,85,89,90,91,93,94,99,184,212,230,231,232,236,237,238,239,264,280,281,282,283,284,292,328,329,330,331,337,338,339,340,382,383,384,399,400,401,451,452,453,454,455,456,457,458,459,598,599,600,
122;1;3888;3966;0;0,1,2,3,4,5,6,7,15,16,17,18,23,24,25,26,27,28,29,30,31,32,33,34,39,40,42,43,79,80,81,85,89,90,91,93,94,99,184,212,230,231,232,236,237,238,239,264,280,281,282,283,284,292,328,329,330,331,337,338,339,340,382,383,384,399,400,401,451,452,453,454,455,456,457,458,459,598,599,600,
412;0;3966;4015;0;0,1,2,3,4,5,6,7,15,16,17,18,23,24,25,26,27,28,29,30,31,32,33,34,39,40,42,43,79,80,81,85,89,90,91,93,94,99,184,212,230,231,232,236,237,238,239,264,280,281,282,283,284,292,328,329,330,331,337,338,339,340,382,383,384,399,400,401,451,452,453,454,455,456,457,458,459,598,599,600,
412;1;4015;4095;0;0,1,2,3,4,5,6,7,15,16,17,18,23,24,25,26,27,28,29,30,31,32,33,34,39,40,42,43,79,80,81,85,89,90,91,93,94,99,184,212,230,231,232,236,237,238,239,264,280,281,282,283,284,292,328,329,330,331,337,338,339,340,382,383,384,399,400,401,451,452,453,454,455,456,457,458,459,598,599,600,
115;0;4095;4115;0;0,1,2,3,4,5,6,7,15,16,17,18,23,24,25,26,27,28,29,30,31,32,33,34,39,40,42,43,79,80,81,85,89,90,91,93,94,99,184,212,230,231,232,236,237,238,239,264,280,281,282,283,284,292,328,329,330,331,337,338,339,340,382,383,384,399,400,401,451,452,453,454,455,456,457,458,459,598,599,600,
253;0;4115;4212;1;0,1,2,3,4,5,6,7,15,16,17,18,23,24,25,26,27,28,29,30,31,32,33,34,39,40,42,43,79,80,81,85,89,90,91,93,94,99,184,212,230,231,232,236,237,238,239,264,280,281,282,283,284,292,328,329,330,331,337,338,339,340,382,383,384,399,400,401,451,452,453,454,455,456,457,458,459,598,599,600,
77;0;4212;4267;1;0,1,2,3,4,5,6,7,15,16,17,18,23,24,25,26,27,28,29,30,31,32,33,34,39,40,42,43,79,80,81,85,89,90,91,93,94,99,184,212,230,231,232,236,237,238,239,264,280,281,282,283,284,292,328,329,330,331,337,338,339,340,382,383,384,399,400,401,451,452,453,454,455,456,457,458,459,598,599,600,
77;1;4267;4354;1;0,1,2,3,4,5,6,7,15,16,17,18,23,24,25,26,27,28,29,30,31,32,33,34,39,40,42,43,79,80,81,85,89,90,91,93,94,99,184,212,230,231,232,236,237,238,239,264,280,281,282,283,284,292,328,329,330,331,337,338,339,340,382,383,384,399,400,401,451,452,453,454,455,456,457,458,459,598,599,600,
112;0;4354;4417;0;0,1,2,3,4,5,6,7,15,16,17,18,23,24,25,26,27,28,29,30,31,32,33,34,39,40,42,43,79,80,81,85,89,90,91,93,94,99,184,212,230,231,232,236,237,238,239,264,280,281,282,283,284,292,328,329,330,331,337,338,339,340,382,383,384,399,400,401,451,452,453,454,455,456,457,458,459,598,599,600,
112;1;4417;4573;0;0,1,2,3,4,5,6,7,15,16,17,18,23,24,25,26,27,28,29,30,31,32,33,34,39,40,42,43,79,80,81,85,89,90,91,93,94,99,184,212,230,231,232,236,237,238,239,264,280,281,282,283,284,292,328,329,330,331,337,338,339,340,382,383,384,399,400,401,451,452,453,454,455,456,457,458,459,598,599,600,
234;0;4573;4633;1;0,1,2,3,4,5,6,7,15,16,17,18,23,24,25,26,27,28,29,30,31,32,33,34,39,40,42,43,79,80,81,85,89,90,91,93,94,99,184,212,230,231,232,236,237,238,239,264,280,281,282,283,284,292,328,329,330,331,337,338,339,340,382,383,384,399,400,401,451,452,453,454,455,456,457,458,459,598,599,600,
234;1;4633;4665;1;0,1,2,3,4,5,6,7,15,16,17,18,23,24,25,26,27,28,29,30,31,32,33,34,39,40,42,43,79,80,81,85,89,90,91,93,94,99,184,212,230,231,232,236,237,238,239,264,280,281,282,283,284,292,328,329,330,331,337,338,339,340,382,383,384,399,400,401,451,452,453,454,455,456,457,458,459,598,599,600,
137;0;4665;4816;1;0,1,2,3,4,5,6,7,15,16,17,18,23,24,25,26,27,28,29,30,31,32,33,34,39,40,42,43,79,80,81,85,89,90,91,93,94,99,184,212,230,231,232,236,237,238,239,264,280,281,282,283,284,292,328,329,330,331,337,338,339,340,382,383,384,399,400,401,451,452,453,454,455,456,457,458,459,598,599,600,
137;1;4816;4945;1;0,1,2,3,4,5,6,7,15,16,17,18,23,24,25,26,27,28,29,30,31,32,33,34,39,40,42,43,79,80,81,85,89,90,91,93,94,99,184,212,230,231,232,236,237,238,239,264,280,281,282,283,284,292,328,329,330,331,337,338,339,340,382,383,384,399,400,401,451,452,453,454,455,456,457,458,459,598,599,600,
343;0;4945;5050;1;0,1,2,3,4,5,6,7,15,16,17,18,23,24,25,26,27,28,29,30,31,32,33,34,39,40,42,43,79,80,81,85,89,90,91,93,94,99,184,212,230,231,232,236,237,238,239,264,280,281,282,283,284,292,328,329,330,331,337,338,339,340,382,383,384,399,400,401,451,452,453,454,455,456,457,458,459,598,599,600,
42;0;5050;5082;0;0,1,2,3,4,5,6,7,15,16,17,18,23,24,25,26,27,28,29,30,31,32,33,34,39,40,42,43,79,80,81,85,89,90,91,93,94,99,184,212,230,231,232,236,237,238,239,264,280,281,282,283,284,292,328,329,330,331,337,338,339,340,382,383,384,399,400,401,451,452,453,454,455,456,457,458,459,598,599,600,
42;1;5082;5207;0;0,1,2,3,4,5,6,7,15,16,17,18,23,24,25,26,27,28,29,30,31,32,33,34,39,40,42,43,79,80,81,85,89,90,91,93,94,99,184,212,230,231,232,236,237,238,239,264,280,281,282,283,284,292,328,329,330,331,337,338,339,340,382,383,384,399,400,401,451,452,453,454,455,456,457,458,459,598,599,600,
196;0;5207;5284;0;0,1,2,3,4,5,6,7,15,16,17,18,23,24,25,26,27,28,29,30,31,32,33,34,39,40,42,43,79,80,81,85,89,90,91,93,94,99,184,212,230,231,232,236,237,238,239,264,280,281,282,283,284,292,328,329,330,331,337,338,339,340,382,383,384,399,400,401,451,452,453,454,455,456,457,458,459,598,599,600,
340;0;5284;5328;1;0,1,2,3,4,5,6,7,15,16,17,18,23,24,25,26,27,28,29,30,31,32,33,34,39,40,42,43,79,80,81,85,89,90,91,93,94,99,184,212,230,231,232,236,237,238,239,264,280,281,282,283,284,292,328,329,330,331,337,338,339,340,382,383,384,399,400,401,451,452,453,454,455,456,457,458,459,598,599,600,
309;0;5328;5426;0;0,1,2,3,4,5,6,7,15,16,17,18,23,24,25,26,27,28,29,30,31,32,33,34,39,40,42,43,79,80,81,85,89,90,91,93,94,99,184,212,230,231,232,236,237,238,239,264,280,281,282,283,284,292,328,329,330,331,337,338,339,340,382,383,384,399,400,401,451,452,453,454,455,456,457,458,459,598,599,600,
309;1;5426;5557;0;0,1,2,3,4,5,6,7,15,16,17,18,23,24,25,26,27,28,29,30,31,32,33,34,39,40,42,43,79,80,81,85,89,90,91,93,94,99,184,212,230,231,232,236,237,238,239,264,280,281,282,283,284,292,328,329,330,331,337,338,339,340,382,383,384,399,400,401,451,452,453,454,455,456,457,458,459,598,599,600,
181;0;5557;5621;1;0,1,2,3,4,5,6,7,15,16,17,18,23,24,25,26,27,28,29,30,31,32,33,34,39,40,42,43,79,80,81,85,89,90,91,93,94,99,184,212,230,231,232,236,237,238,239,264,280,281,282,283,284,292,328,329,330,331,337,338,339,340,382,383,384,399,400,401,451,452,453,454,455,456,457,458,459,598,599,600,
0;0;5621;5738;1;0,1,2,3,4,5,6,7,15,16,17,18,23,24,25,26,27,28,29,30,31,32,33,34,39,40,42,43,79,80,81,85,89,90,91,93,94,99,184,212,230,231,232,236,237,238,239,264,280,281,282,283,284,292,328,329,330,331,337,338,339,340,382,383,384,399,400,401,451,452,453,454,455,456,457,458,459,598,599,600,
0;1;5738;5784;1;0,1,2,3,4,5,6,7,15,16,17,18,23,24,25,26,27,28,29,30,31,32,33,34,39,40,42,43,79,80,81,85,89,90,91,93,94,99,184,212,230,231,232,236,237,238,239,264,280,281,282,283,284,292,328,329,330,331,337,338,339,340,382,383,384,399,400,401,451,452,453,454,455,456,457,458,459,598,599,600,
230;0;5784;5889;1;0,1,2,3,4,5,6,7,15,16,17,18,23,24,25,26,27,28,29,30,31,32,33,34,39,40,42,43,79,80,81,85,89,90,91,93,94,99,184,212,230,231,232,236,237,238,239,264,280,281,282,283,284,292,328,329,330,331,337,338,339,340,382,383,384,399,400,401,451,452,453,454,455,456,457,458,459,598,599,600,
131;0;5889;5897;1;0,1,2,3,4,5,6,7,15,16,17,18,23,24,25,26,27,28,29,30,31,32,33,34,39,40,42,43,79,80,81,85,89,90,91,93,94,99,184,212,230,231,232,236,237,238,239,264,280,281,282,283,284,292,328,329,330,331,337,338,339,340,382,383,384,399,400,401,451,452,453,454,455,456,457,458,459,598,599,600,
95;0;5897;5987;0;0,1,2,3,4,5,6,7,15,16,17,18,23,24,25,26,27,28,29,30,31,32,33,34,39,40,42,43,79,80,81,85,89,90,91,93,94,99,184,212,230,231,232,236,237,238,239,264,280,281,282,283,284,292,328,329,330,331,337,338,339,340,382,383,384,399,400,401,451,452,453,454,455,456,457,458,459,598,599,600,
148;0;5987;6088;0;0,1,2,3,4,5,6,7,15,16,17,18,23,24,25,26,27,28,29,30,31,32,33,34,39,40,42,43,79,80,81,85,89,90,91,93,94,99,184,212,230,231,232,236,237,238,239,264,280,281,282,283,284,292,328,329,330,331,337,338,339,340,382,383,384,399,400,401,451,452,453,454,455,456,457,458,459,598,599,600,
127;0;6088;6161;1;0,1,2,3,4,5,6,7,15,16,17,18,23,24,25,26,27,28,29,30,31,32,33,34,39,40,42,43,79,80,81,85,89,90,91,93,94,99,184,212,230,231,232,236,237,238,239,264,280,281,282,283,284,292,328,329,330,331,337,338,339,340,382,383,384,399,400,401,451,452,453,454,455,456,457,458,459,598,599,600,
127;1;6161;6241;1;0,1,2,3,4,5,6,7,15,16,17,18,23,24,25,26,27,28,29,30,31,32,33,34,39,40,42,43,79,80,81,85,89,90,91,93,94,99,184,212,230,231,232,236,237,238,239,264,280,281,282,283,284,292,328,329,330,331,337,338,339,340,382,383,384,399,400,401,451,452,453,454,455,456,457,458,459,598,599,600,
26;0;6241;6285;0;0,1,2,3,4,5,6,7,15,16,17,18,23,24,25,26,27,28,29,30,31,32,33,34,39,40,42,43,79,80,81,85,89,90,91,93,94,99,184,212,230,231,232,236,237,238,239,264,280,281,282,283,284,292,328,329,330,331,337,338,339,340,382,383,384,399,400,401,451,452,453,454,455,456,457,458,459,598,599,600,
350;0;6285;6329;1;0,1,2,3,4,5,6,7,15,16,17,18,23,24,25,26,27,28,29,30,31,32,33,34,39,40,42,43,79,80,81,85,89,90,91,93,94,99,184,212,230,231,232,236,237,238,239,264,280,281,282,283,284,292,328,329,330,331,337,338,339,340,382,383,384,399,400,401,451,452,453,454,455,456,457,458,459,598,599,600,
393;0;6329;6384;1;0,1,2,3,4,5,6,7,15,16,17,18,23,24,25,26,27,28,29,30,31,32,33,34,39,40,42,43,79,80,81,85,89,90,91,93,94,99,184,212,230,231,232,236,237,238,239,264,280,281,282,283,284,292,328,329,330,331,337,338,339,340,382,383,384,399,400,401,451,452,453,454,455,456,457,458,459,598,599,600,
247;0;6384;6549;1;0,1,2,3,4,5,6,7,15,16,17,18,23,24,25,26,27,28,29,30,31,32,33,34,39,40,42,43,44,89,90,91,92,93,95,184,213,264,282,324,353,385,399,400,401,543,544,545,546,547,548,549,550,551,552,553,554,555,556,557,571,572,573,574,575,576,577,578,579,580,581,582,583,584,585,586,587,588,589,590,
247;1;6549;6661;1;0,1,2,3,4,5,6,7,15,16,17,18,23,24,25,26,27,28,29,30,31,32,33,34,39,40,42,43,44,89,90,91,92,93,95,184,213,264,282,324,353,385,399,400,401,543,544,545,546,547,548,549,550,551,552,553,554,555,556,557,571,572,573,574,575,576,577,578,579,580,581,582,583,584,585,586,587,588,589,590,
114;0;6661;6730;1;0,1,2,3,4,5,6,7,15,16,17,18,23,24,25,26,27,28,29,30,31,32,33,34,39,40,42,43,44,89,90,91,92,93,95,184,213,264,282,324,353,385,399,400,401,543,544,545,546,547,548,549,550,551,552,553,554,555,556,557,571,572,573,574,575,576,577,578,579,580,581,582,583,584,585,586,587,588,589,590,
114;1;6730;6816;1;0,1,2,3,4,5,6,7,15,16,17,18,23,24,25,26,27,28,29,30,31,32,33,34,39,40,42,43,44,89,90,91,92,93,95,184,213,264,282,324,353,385,399,400,401,543,544,545,546,547,548,549,550,551,552,553,554,555,556,557,571,572,573,574,575,576,577,578,579,580,581,582,583,584,585,586,587,588,589,590,
410;0;6816;6864;1;0,1,2,3,4,5,6,7,15,16,17,18,23,24,25,26,27,28,29,30,31,32,33,34,39,40,42,43,44,89,90,91,92,93,95,184,213,264,282,324,353,385,399,400,401,543,544,545,546,547,548,549,550,551,552,553,554,555,556,557,571,572,573,574,575,576,577,578,579,580,581,582,583,584,585,586,587,588,589,590,
320;0;6864;6969;1;0,1,2,3,4,5,6,7,15,16,17,18,23,24,25,26,27,28,29,30,31,32,33,34,39,40,42,43,44,89,90,91,92,93,95,184,213,264,282,324,353,385,399,400,401,543,544,545,546,547,548,549,550,551,552,553,554,555,556,557,571,572,573,574,575,576,577,578,579,580,581,582,583,584,585,586,587,588,589,590,
198;0;6969;7045;0;0,1,2,3,4,5,6,7,15,16,17,18,23,24,25,26,27,28,29,30,31,32,33,34,39,40,42,43,44,89,90,91,92,93,95,184,213,264,282,324,353,385,399,400,401,543,544,545,546,547,548,549,550,551,552,553,554,555,556,557,571,572,573,574,575,576,577,578,579,580,581,582,583,584,585,586,587,588,589,590,
13;0;7045;7096;1;0,1,2,3,4,5,6,7,15,16,17,18,23,24,25,26,27,28,29,30,31,32,33,34,39,40,42,43,44,89,90,91,92,93,95,184,213,264,282,324,353,385,399,400,401,543,544,545,546,547,548,549,550,551,552,553,554,555,556,557,571,572,573,574,575,576,577,578,579,580,581,582,583,584,585,586,587,588,589,590,
159;0;7096;7243;0;0,1,2,3,4,5,6,7,15,16,17,18,23,24,25,26,27,28,29,30,31,32,33,34,39,40,42,43,44,89,90,91,92,93,95,184,213,264,282,324,353,385,399,400,401,543,544,545,546,547,548,549,550,551,552,553,554,555,556,557,571,572,573,574,575,576,577,578,579,580,581,582,583,584,585,586,587,588,589,590,
159;1;7243;7346;0;0,1,2,3,4,5,6,7,15,16,17,18,23,24,25,26,27,28,29,30,31,32,33,34,39,40,42,43,44,89,90,91,92,93,95,184,213,264,282,324,353,385,399,400,401,543,544,545,546,547,548,549,550,551,552,553,554,555,556,557,571,572,573,574,575,576,577,578,579,580,581,582,583,584,585,586,587,588,589,590,
390;0;7346;7410;1;0,1,2,3,4,5,6,7,15,16,17,18,23,24,25,26,27,28,29,30,31,32,33,34,39,40,42,43,44,89,90,91,92,93,95,184,213,264,282,324,353,385,399,400,401,543,544,545,546,547,548,549,550,551,552,553,554,555,556,557,571,572,573,574,575,576,577,578,579,580,581,582,583,584,585,586,587,588,589,590,
318;0;7410;7458;0;0,1,2,3,4,5,6,7,15,16,17,18,23,24,25,26,27,28,29,30,31,32,33,34,39,40,42,43,44,89,90,91,92,93,95,184,213,264,282,324,353,385,399,400,401,543,544,545,546,547,548,549,550,551,552,553,554,555,556,557,571,572,573,574,575,576,577,578,579,580,581,582,583,584,585,586,587,588,589,590,
145;0;7458;7556;0;0,1,2,3,4,5,6,7,15,16,17,18,23,24,25,26,27,28,29,30,31,32,33,34,39,40,42,43,44,89,90,91,92,93,95,184,213,264,282,324,353,385,399,400,401,543,544,545,546,547,548,549,550,551,552,553,554,555,556,557,571,572,573,574,575,576,577,578,579,580,581,582,583,584,585,586,587,588,589,590,
358;0;7556;7645;0;0,1,2,3,4,5,6,7,15,16,17,18,23,24,25,26,27,28,29,30,31,32,33,34,39,40,42,43,44,89,90,91,92,93,95,184,213,264,282,324,353,385,399,400,401,543,544,545,546,547,548,549,550,551,552,553,554,555,556,557,571,572,573,574,575,576,577,578,579,580,581,582,583,584,585,586,587,588,589,590,
372;0;7645;7793;0;0,1,2,3,4,5,6,7,15,16,17,18,23,24,25,26,27,28,29,30,31,32,33,34,39,40,42,43,44,89,90,91,92,93,95,184,213,264,282,324,353,385,399,400,401,543,544,545,546,547,548,549,550,551,552,553,554,555,556,557,571,572,573,574,575,576,577,578,579,580,581,582,583,584,585,586,587,588,589,590,
372;1;7793;7859;0;0,1,2,3,4,5,6,7,15,16,17,18,23,24,25,26,27,28,29,30,31,32,33,34,39,40,42,43,44,89,90,91,92,93,95,184,213,264,282,324,353,385,399,400,401,543,544,545,546,547,548,549,550,551,552,553,554,555,556,557,571,572,573,574,575,576,577,578,579,580,581,582,583,584,585,586,587,588,589,590,
65;0;7859;8033;0;0,1,2,3,4,5,6,7,15,16,17,18,23,24,25,26,27,28,29,30,31,32,33,34,39,40,41,42,43,44,45,46,47,48,49,50,51,52,53,54,55,56,57,58,59,60,61,62,63,64,65,66,67,68,69,70,71,72,73,74,75,76,358,359,360,361,362,363,364,365,366,367,368,369,370,371,372,373,374,375,
186;0;8033;8207;0;0,1,2,3,4,5,6,7,15,16,17,18,23,24,25,26,27,28,29,30,31,32,33,34,39,40,41,42,43,44,45,46,47,48,49,50,51,52,53,54,55,56,57,58,59,60,61,62,63,64,65,66,67,68,69,70,71,72,73,74,75,76,358,359,360,361,362,363,364,365,366,367,368,369,370,371,372,373,374,375,
7;0;8207;8379;1;0,1,2,3,4,5,6,7,15,16,17,18,23,24,25,26,27,28,29,30,31,32,33,34,39,40,41,42,43,44,45,46,47,48,49,50,51,52,53,54,55,56,57,58,59,60,61,62,63,64,65,66,67,68,69,70,71,72,73,74,75,76,358,359,360,361,362,363,364,365,366,367,368,369,370,371,372,373,374,375,
7;1;8379;8553;1;0,1,2,3,4,5,6,7,15,16,17,18,23,24,25,26,27,28,29,30,31,32,33,34,39,40,41,42,43,44,45,46,47,48,49,50,51,52,53,54,55,56,57,58,59,60,61,62,63,64,65,66,67,68,69,70,71,72,73,74,75,76,358,359,360,361,362,363,364,365,366,367,368,369,370,371,372,373,374,375,
125;0;8553;8695;0;0,1,2,3,4,5,6,7,15,16,17,18,23,24,25,26,27,28,29,30,31,32,33,34,39,40,41,42,43,44,45,46,47,48,49,50,51,52,53,54,55,56,57,58,59,60,61,62,63,64,65,66,67,68,69,70,71,72,73,74,75,76,358,359,360,361,362,363,364,365,366,367,368,369,370,371,372,373,374,375,
Machine: 1
352;0;0;151;0;0,8,9,10,11,12,13,14,19,20,21,22,35,36,37,38,81,82,83,84,85,86,113,114,115,116,124,127,128,129,130,131,138,141,145,178,179,180,181,182,183,186,188,193,196,233,234,235,263,279,321,322,342,380,381,403,404,405,406,407,408,409,410,411,412,413,414,415,416,417,536,602,603,604,605,606,607,608,610,611,
352;1;151;215;0;0,8,9,10,11,12,13,14,19,20,21,22,35,36,37,38,81,82,83,84,85,86,113,114,115,116,124,127,128,129,130,131,138,141,145,178,179,180,181,182,183,186,188,193,196,233,234,235,263,279,321,322,342,380,381,403,404,405,406,407,408,409,410,411,412,413,414,415,416,417,536,602,603,604,605,606,607,608,610,611,
155;0;215;386;0;0,8,9,10,11,12,13,14,19,20,21,22,35,36,37,38,81,82,83,84,85,86,113,114,115,116,124,127,128,129,130,131,138,141,145,178,179,180,181,182,183,186,188,193,196,233,234,235,263,279,321,322,342,380,381,403,404,405,406,407,408,409,410,411,412,413,414,415,416,417,536,602,603,604,605,606,607,608,610,611,
182;0;386;427;0;0,8,9,10,11,12,13,14,19,20,21,22,35,36,37,38,81,82,83,84,85,86,113,114,115,116,124,127,128,129,130,131,138,141,145,178,179,180,181,182,183,186,188,193,196,233,234,235,263,279,321,322,342,380,381,403,404,405,406,407,408,409,410,411,412,413,414,415,416,417,536,602,603,604,605,606,607,608,610,611,
182;1;427;437;0;0,8,9,10,11,12,13,14,19,20,21,22,35,36,37,38,81,82,83,84,85,86,113,114,115,116,124,127,128,129,130,131,138,141,145,178,179,180,181,182,183,186,188,193,196,233,234,235,263,279,321,322,342,380,381,403,404,405,406,407,408,409,410,411,412,413,414,415,416,417,536,602,603,604,605,606,607,608,610,611,
391;0;437;574;1;0,8,9,10,11,12,13,14,19,20,21,22,35,36,37,38,81,82,83,84,85,86,113,114,115,116,124,127,128,129,130,131,138,141,145,178,179,180,181,182,183,186,188,193,196,233,234,235,263,279,321,322,342,380,381,403,404,405,406,407,408,409,410,411,412,413,414,415,416,417,536,602,603,604,605,606,607,608,610,611,
91;0;574;747;1;0,8,9,10,11,12,13,14,19,20,21,22,35,36,37,38,81,82,83,84,85,86,113,114,115,116,124,127,128,129,130,131,138,141,145,178,179,180,181,182,183,186,188,193,196,233,234,235,263,279,321,322,342,380,381,403,404,405,406,407,408,409,410,411,412,413,414,415,416,417,536,602,603,604,605,606,607,608,610,611,
120;0;747;815;1;0,8,9,10,11,12,13,14,19,20,21,22,35,36,37,38,81,82,83,84,85,86,113,114,115,116,124,127,128,129,130,131,138,141,145,178,179,180,181,182,183,186,188,193,196,233,234,235,263,279,321,322,342,380,381,403,404,405,406,407,408,409,410,411,412,413,414,415,416,417,536,602,603,604,605,606,607,608,610,611,
194;0;815;868;1;0,8,9,10,11,12,13,14,19,20,21,22,35,36,37,38,81,82,83,84,85,86,113,114,115,116,124,127,128,129,130,131,138,141,145,178,179,180,181,182,183,186,188,193,196,233,234,235,263,279,321,322,342,380,381,403,404,405,406,407,408,409,410,411,412,413,414,415,416,417,536,602,603,604,605,606,607,608,610,611,
194;1;868;902;1;0,8,9,10,11,12,13,14,19,20,21,22,35,36,37,38,81,82,83,84,85,86,113,114,115,116,124,127,128,129,130,131,138,141,145,178,179,180,181,182,183,186,188,193,196,233,234,235,263,279,321,322,342,380,381,403,404,405,406,407,408,409,410,411,412,413,414,415,416,417,536,602,603,604,605,606,607,608,610,611,
431;0;902;995;1;0,8,9,10,11,12,13,14,19,20,21,22,35,36,37,38,81,82,83,84,85,86,113,114,115,116,124,127,128,129,130,131,138,141,145,178,179,180,181,182,183,186,188,193,196,233,234,235,263,279,321,322,342,380,381,403,404,405,406,407,408,409,410,411,412,413,414,415,416,417,536,602,603,604,605,606,607,608,610,611,
351;0;995;1063;1;0,8,9,10,11,12,13,14,19,20,21,22,35,36,37,38,81,82,83,84,85,86,113,114,115,116,124,127,128,129,130,131,138,141,145,178,179,180,181,182,183,186,188,193,196,233,234,235,263,279,321,322,342,380,381,403,404,405,406,407,408,409,410,411,412,413,414,415,416,417,536,602,603,604,605,606,607,608,610,611,
376;0;1063;1129;0;0,8,9,10,11,12,13,14,19,20,21,22,35,36,37,38,81,82,83,84,85,86,113,114,115,116,124,127,128,129,130,131,138,141,145,178,179,180,181,182,183,186,188,193,196,233,234,235,263,279,321,322,342,380,381,403,404,405,406,407,408,409,410,411,412,413,414,415,416,417,536,602,603,604,605,606,607,608,610,611,
60;0;1129;1166;1;0,8,9,10,11,12,13,14,19,20,21,22,35,36,37,38,81,82,83,84,85,86,113,114,115,116,124,127,128,129,130,131,138,141,145,178,179,180,181,182,183,186,188,193,196,233,234,235,263,279,321,322,342,380,381,403,404,405,406,407,408,409,410,411,412,413,414,415,416,417,536,602,603,604,605,606,607,608,610,611,
191;0;1166;1232;1;0,8,9,10,11,12,13,14,19,20,21,22,35,36,37,38,81,82,83,84,85,86,113,114,115,116,124,127,128,129,130,131,138,141,145,178,179,180,181,182,183,186,188,193,196,233,234,235,263,279,321,322,342,380,381,403,404,405,406,407,408,409,410,411,412,413,414,415,416,417,536,602,603,604,605,606,607,608,610,611,
273;0;1232;1287;1;0,8,9,10,11,12,13,14,19,20,21,22,35,36,37,38,81,82,83,84,85,86,113,114,115,116,124,127,128,129,130,131,138,141,145,178,179,180,181,182,183,186,188,193,196,233,234,235,263,279,321,322,342,380,381,403,404,405,406,407,408,409,410,411,412,413,414,415,416,417,536,602,603,604,605,606,607,608,610,611,
347;0;1287;1306;1;0,8,9,10,11,12,13,14,19,20,21,22,35,36,37,38,81,82,83,84,85,86,113,114,115,116,124,127,128,129,130,131,138,141,145,178,179,180,181,182,183,186,188,193,196,233,234,235,263,279,321,322,342,380,381,403,404,405,406,407,408,409,410,411,412,413,414,415,416,417,536,602,603,604,605,606,607,608,610,611,
347;1;1306;1374;1;0,8,9,10,11,12,13,14,19,20,21,22,35,36,37,38,81,82,83,84,85,86,113,114,115,116,124,127,128,129,130,131,138,141,145,178,179,180,181,182,183,186,188,193,196,233,234,235,263,279,321,322,342,380,381,403,404,405,406,407,408,409,410,411,412,413,414,415,416,417,536,602,603,604,605,606,607,608,610,611,
417;0;1374;1438;1;0,8,9,10,11,12,13,14,19,20,21,22,35,36,37,38,81,82,83,84,85,86,113,114,115,116,124,127,128,129,130,131,138,141,145,178,179,180,181,182,183,186,188,193,196,233,234,235,263,279,321,322,342,380,381,403,404,405,406,407,408,409,410,411,412,413,414,415,416,417,536,602,603,604,605,606,607,608,610,611,
417;1;1438;1443;1;0,8,9,10,11,12,13,14,19,20,21,22,35,36,37,38,81,82,83,84,85,86,113,114,115,116,124,127,128,129,130,131,138,141,145,178,179,180,181,182,183,186,188,193,196,233,234,235,263,279,321,322,342,380,381,403,404,405,406,407,408,409,410,411,412,413,414,415,416,417,536,602,603,604,605,606,607,608,610,611,
24;0;1443;1507;1;0,8,9,10,11,12,13,14,19,20,21,22,35,36,37,38,81,82,83,84,85,86,113,114,115,116,124,127,128,129,130,131,138,141,145,178,179,180,181,182,183,186,188,193,196,233,234,235,263,279,321,322,342,380,381,403,404,405,406,407,408,409,410,411,412,413,414,415,416,417,536,602,603,604,605,606,607,608,610,611,
24;1;1507;1575;1;0,8,9,10,11,12,13,14,19,20,21,22,35,36,37,38,81,82,83,84,85,86,113,114,115,116,124,127,128,129,130,131,138,141,145,178,179,180,181,182,183,186,188,193,196,233,234,235,263,279,321,322,342,380,381,403,404,405,406,407,408,409,410,411,412,413,414,415,416,417,536,602,603,604,605,606,607,608,610,611,
94;0;1575;1714;1;0,8,9,10,11,12,13,14,19,20,21,22,35,36,37,38,81,82,83,84,85,86,113,114,115,116,124,127,128,129,130,131,138,141,145,178,179,180,181,182,183,186,188,193,196,233,234,235,263,279,321,322,342,380,381,403,404,405,406,407,408,409,410,411,412,413,414,415,416,417,536,602,603,604,605,606,607,608,610,611,
94;1;1714;1787;1;0,8,9,10,11,12,13,14,19,20,21,22,35,36,37,38,81,82,83,84,85,86,113,114,115,116,124,127,128,129,130,131,138,141,145,178,179,180,181,182,183,186,188,193,196,233,234,235,263,279,321,322,342,380,381,403,404,405,406,407,408,409,410,411,412,413,414,415,416,417,536,602,603,604,605,606,607,608,610,611,
76;0;1787;1797;0;0,8,9,10,11,12,13,14,19,20,21,22,35,36,37,38,81,82,83,84,85,86,113,114,115,116,124,127,128,129,130,131,138,141,145,178,179,180,181,182,183,186,188,193,196,233,234,235,263,279,321,322,342,380,381,403,404,405,406,407,408,409,410,411,412,413,414,415,416,417,536,602,603,604,605,606,607,608,610,611,
413;0;1797;1969;1;0,8,9,10,11,12,13,14,19,20,21,22,35,36,37,38,81,82,83,84,85,86,113,114,115,116,124,127,128,129,130,131,138,141,145,178,179,180,181,182,183,186,188,193,196,233,234,235,263,279,321,322,342,380,381,403,404,405,406,407,408,409,410,411,412,413,414,415,416,417,536,602,603,604,605,606,607,608,610,611,
63;0;1969;2049;1;0,8,9,10,11,12,13,14,19,20,21,22,35,36,37,38,81,82,83,84,85,86,113,114,115,116,124,127,128,129,130,131,138,141,145,178,179,180,181,182,183,186,188,193,196,233,234,235,263,279,321,322,342,380,381,403,404,405,406,407,408,409,410,411,412,413,414,415,416,417,536,602,603,604,605,606,607,608,610,611,
257;0;2049;2108;1;0,8,9,10,11,12,13,14,19,20,21,22,35,36,37,38,81,82,83,84,85,86,113,114,115,116,124,127,128,129,130,131,138,141,145,178,179,180,181,182,183,186,188,193,196,233,234,235,263,279,321,322,342,380,381,403,404,405,406,407,408,409,410,411,412,413,414,415,416,417,536,602,603,604,605,606,607,608,610,611,
257;1;2108;2252;1;0,8,9,10,11,12,13,14,19,20,21,22,35,36,37,38,81,82,83,84,85,86,113,114,115,116,124,127,128,129,130,131,138,141,145,178,179,180,181,182,183,186,188,193,196,233,234,235,263,279,321,322,342,380,381,403,404,405,406,407,408,409,410,411,412,413,414,415,416,417,536,602,603,604,605,606,607,608,610,611,
57;0;2252;2328;1;0,8,9,10,11,12,13,14,19,20,21,22,35,36,37,38,81,82,83,84,85,86,113,114,115,116,124,127,128,129,130,131,138,141,145,178,179,180,181,182,183,186,188,193,196,233,234,235,263,279,321,322,342,380,381,403,404,405,406,407,408,409,410,411,412,413,414,415,416,417,536,602,603,604,605,606,607,608,610,611,
57;1;2328;2376;1;0,8,9,10,11,12,13,14,19,20,21,22,35,36,37,38,81,82,83,84,85,86,113,114,115,116,124,127,128,129,130,131,138,141,145,178,179,180,181,182,183,186,188,193,196,233,234,235,263,279,321,322,342,380,381,403,404,405,406,407,408,409,410,411,412,413,414,415,416,417,536,602,603,604,605,606,607,608,610,611,
403;0;2376;2398;1;0,8,9,10,11,12,13,14,19,20,21,22,35,36,37,38,81,82,83,84,85,86,113,114,115,116,124,127,128,129,130,131,138,141,145,178,179,180,181,182,183,186,188,193,196,233,234,235,263,279,321,322,342,380,381,403,404,405,406,407,408,409,410,411,412,413,414,415,416,417,536,602,603,604,605,606,607,608,610,611,
80;0;2398;2433;1;0,8,9,10,11,12,13,14,19,20,21,22,35,36,37,38,81,82,83,84,85,86,113,114,115,116,124,127,128,129,130,131,138,141,145,178,179,180,181,182,183,186,188,193,196,233,234,235,263,279,321,322,342,380,381,403,404,405,406,407,408,409,410,411,412,413,414,415,416,417,536,602,603,604,605,606,607,608,610,611,
359;0;2433;2587;0;0,8,9,10,11,12,13,14,19,20,21,22,35,36,37,38,81,82,83,84,85,86,113,114,115,116,124,127,128,129,130,131,138,141,145,178,179,180,181,182,183,186,188,193,196,233,234,235,263,279,321,322,342,380,381,403,404,405,406,407,408,409,410,411,412,413,414,415,416,417,536,602,603,604,605,606,607,608,610,611,
359;1;2587;2667;0;0,8,9,10,11,12,13,14,19,20,21,22,35,36,37,38,81,82,83,84,85,86,113,114,115,116,124,127,128,129,130,131,138,141,145,178,179,180,181,182,183,186,188,193,196,233,234,235,263,279,321,322,342,380,381,403,404,405,406,407,408,409,410,411,412,413,414,415,416,417,536,602,603,604,605,606,607,608,610,611,
370;0;2667;2792;1;0,8,9,10,11,12,13,14,19,20,21,22,35,36,37,38,81,82,83,84,85,86,113,114,115,116,124,127,128,129,130,131,138,141,145,178,179,180,181,182,183,186,188,193,196,233,234,235,263,279,321,322,342,380,381,403,404,405,406,407,408,409,410,411,412,413,414,415,416,417,536,602,603,604,605,606,607,608,610,611,
245;0;2792;2963;0;0,8,9,10,11,12,13,14,19,20,21,22,35,36,37,38,81,82,83,84,85,86,113,114,115,116,124,127,128,129,130,131,138,141,145,178,179,180,181,182,183,186,188,193,196,233,234,235,263,279,321,322,342,380,381,403,404,405,406,407,408,409,410,411,412,413,414,415,416,417,536,602,603,604,605,606,607,608,610,611,
428;0;2963;2973;0;0,8,9,10,11,12,13,14,19,20,21,22,35,36,37,38,81,82,83,84,85,86,113,114,115,116,124,127,128,129,130,131,138,141,145,178,179,180,181,182,183,186,188,193,196,233,234,235,263,279,321,322,342,380,381,403,404,405,406,407,408,409,410,411,412,413,414,415,416,417,536,602,603,604,605,606,607,608,610,611,
276;0;2973;3009;0;0,8,9,10,11,12,13,14,19,20,21,22,35,36,37,38,81,82,83,84,85,86,113,114,115,116,124,127,128,129,130,131,138,141,145,178,179,180,181,182,183,186,188,193,196,233,234,235,263,279,321,322,342,380,381,403,404,405,406,407,408,409,410,411,412,413,414,415,416,417,536,602,603,604,605,606,607,608,610,611,
43;0;3009;3085;1;0,8,9,10,11,12,13,14,19,20,21,22,35,36,37,38,81,82,83,84,85,86,113,114,115,116,124,127,128,129,130,131,138,141,145,178,179,180,181,182,183,186,188,193,196,233,234,235,263,279,321,322,342,380,381,403,404,405,406,407,408,409,410,411,412,413,414,415,416,417,536,602,603,604,605,606,607,608,610,611,
193;0;3085;3258;1;0,8,9,10,11,12,13,14,19,20,21,22,35,36,37,38,81,82,83,84,85,86,113,114,115,116,124,127,128,129,130,131,138,141,145,178,179,180,181,182,183,186,188,193,196,233,234,235,263,279,321,322,342,380,381,403,404,405,406,407,408,409,410,411,412,413,414,415,416,417,536,602,603,604,605,606,607,608,610,611,
366;0;3258;3337;0;0,8,9,10,11,12,13,14,19,20,21,22,35,36,37,38,81,82,83,84,85,86,113,114,115,116,124,127,128,129,130,131,138,141,145,178,179,180,181,182,183,186,188,193,196,233,234,235,263,279,321,322,342,380,381,403,404,405,406,407,408,409,410,411,412,413,414,415,416,417,536,602,603,604,605,606,607,608,610,611,
279;0;3337;3497;0;0,8,9,10,11,12,13,14,19,20,21,22,35,36,37,38,81,82,83,84,85,86,113,114,115,116,124,127,128,129,130,131,138,141,145,178,179,180,181,182,183,186,188,193,196,233,234,235,263,279,321,322,342,380,381,403,404,405,406,407,408,409,410,411,412,413,414,415,416,417,536,602,603,604,605,606,607,608,610,611,
279;1;3497;3657;0;0,8,9,10,11,12,13,14,19,20,21,22,35,36,37,38,81,82,83,84,85,86,113,114,115,116,124,127,128,129,130,131,138,141,145,178,179,180,181,182,183,186,188,193,196,233,234,235,263,279,321,322,342,380,381,403,404,405,406,407,408,409,410,411,412,413,414,415,416,417,536,602,603,604,605,606,607,608,610,611,
264;0;3657;3813;1;0,8,9,10,11,12,13,14,19,20,21,22,35,36,37,38,81,82,83,84,85,86,113,114,115,116,124,127,128,129,130,131,138,141,145,178,179,180,181,182,183,186,188,193,196,233,234,235,263,279,321,322,342,380,381,403,404,405,406,407,408,409,410,411,412,413,414,415,416,417,536,602,603,604,605,606,607,608,610,611,
264;1;3813;3938;1;0,8,9,10,11,12,13,14,19,20,21,22,35,36,37,38,81,82,83,84,85,86,113,114,115,116,124,127,128,129,130,131,138,141,145,178,179,180,181,182,183,186,188,193,196,233,234,235,263,279,321,322,342,380,381,403,404,405,406,407,408,409,410,411,412,413,414,415,416,417,536,602,603,604,605,606,607,608,610,611,
23;0;3938;4111;1;0,8,9,10,11,12,13,14,19,20,21,22,35,36,37,38,81,82,83,84,85,86,113,114,115,116,124,127,128,129,130,131,138,141,145,178,179,180,181,182,183,186,188,193,196,233,234,235,263,279,321,322,342,380,381,403,404,405,406,407,408,409,410,411,412,413,414,415,416,417,536,602,603,604,605,606,607,608,610,611,
202;0;4111;4177;0;0,8,9,10,11,12,13,14,19,20,21,22,35,36,37,38,81,82,83,84,85,86,113,114,115,116,124,127,128,129,130,131,138,141,145,178,179,180,181,182,183,186,188,193,196,233,234,235,263,279,321,322,342,380,381,403,404,405,406,407,408,409,410,411,412,413,414,415,416,417,536,602,603,604,605,606,607,608,610,611,
202;1;4177;4263;0;0,8,9,10,11,12,13,14,19,20,21,22,35,36,37,38,81,82,83,84,85,86,113,114,115,116,124,127,128,129,130,131,138,141,145,178,179,180,181,182,183,186,188,193,196,233,234,235,263,279,321,322,342,380,381,403,404,405,406,407,408,409,410,411,412,413,414,415,416,417,536,602,603,604,605,606,607,608,610,611,
189;0;4263;4387;0;0,8,9,10,11,12,13,14,19,20,21,22,35,36,37,38,81,82,83,84,85,86,113,114,115,116,124,127,128,129,130,131,138,141,145,178,179,180,181,182,183,186,188,193,196,233,234,235,263,279,321,322,342,380,381,403,404,405,406,407,408,409,410,411,412,413,414,415,416,417,536,602,603,604,605,606,607,608,610,611,
189;1;4387;4512;0;0,8,9,10,11,12,13,14,19,20,21,22,35,36,37,38,81,82,83,84,85,86,113,114,115,116,124,127,128,129,130,131,138,141,145,178,179,180,181,182,183,186,188,193,196,233,234,235,263,279,321,322,342,380,381,403,404,405,406,407,408,409,410,411,412,413,414,415,416,417,536,602,603,604,605,606,607,608,610,611,
157;0;4512;4670;1;0,8,9,10,11,12,13,14,19,20,21,22,35,36,37,38,81,82,83,84,85,86,113,114,115,116,124,127,128,129,130,131,138,141,145,178,179,180,181,182,183,186,188,193,196,233,234,235,263,279,321,322,342,380,381,403,404,405,406,407,408,409,410,411,412,413,414,415,416,417,536,602,603,604,605,606,607,608,610,611,
157;1;4670;4706;1;0,8,9,10,11,12,13,14,19,20,21,22,35,36,37,38,81,82,83,84,85,86,113,114,115,116,124,127,128,129,130,131,138,141,145,178,179,180,181,182,183,186,188,193,196,233,234,235,263,279,321,322,342,380,381,403,404,405,406,407,408,409,410,411,412,413,414,415,416,417,536,602,603,604,605,606,607,608,610,611,
201;0;4706;4740;1;0,8,9,10,11,12,13,14,19,20,21,22,35,36,37,38,81,82,83,84,85,86,113,114,115,116,124,127,128,129,130,131,138,141,145,178,179,180,181,182,183,186,188,193,196,233,234,235,263,279,321,322,342,380,381,403,404,405,406,407,408,409,410,411,412,413,414,415,416,417,536,602,603,604,605,606,607,608,610,611,
434;0;4740;4915;1;0,8,9,10,11,12,13,14,19,20,21,22,35,36,37,38,81,82,83,84,85,86,113,114,115,116,124,127,128,129,130,131,138,141,145,178,179,180,181,182,183,186,188,193,196,233,234,235,263,279,321,322,342,380,381,403,404,405,406,407,408,409,410,411,412,413,414,415,416,417,536,602,603,604,605,606,607,608,610,611,
434;1;4915;5078;1;0,8,9,10,11,12,13,14,19,20,21,22,35,36,37,38,81,82,83,84,85,86,113,114,115,116,124,127,128,129,130,131,138,141,145,178,179,180,181,182,183,186,188,193,196,233,234,235,263,279,321,322,342,380,381,403,404,405,406,407,408,409,410,411,412,413,414,415,416,417,536,602,603,604,605,606,607,608,610,611,
415;0;5078;5151;0;0,8,9,10,11,12,13,14,19,20,21,22,35,36,37,38,81,82,83,84,85,86,113,114,115,116,124,127,128,129,130,131,138,141,145,178,179,180,181,182,183,186,188,193,196,233,234,235,263,279,321,322,342,380,381,403,404,405,406,407,408,409,410,411,412,413,414,415,416,417,536,602,603,604,605,606,607,608,610,611,
307;0;5151;5329;1;0,8,9,10,11,12,13,14,19,20,21,22,35,36,37,38,81,82,83,84,85,86,113,114,115,116,124,127,128,129,130,131,138,141,145,178,179,180,181,182,183,186,188,193,196,233,234,235,263,279,321,322,342,380,381,403,404,405,406,407,408,409,410,411,412,413,414,415,416,417,536,602,603,604,605,606,607,608,610,611,
307;1;5329;5492;1;0,8,9,10,11,12,13,14,19,20,21,22,35,36,37,38,81,82,83,84,85,86,113,114,115,116,124,127,128,129,130,131,138,141,145,178,179,180,181,182,183,186,188,193,196,233,234,235,263,279,321,322,342,380,381,403,404,405,406,407,408,409,410,411,412,413,414,415,416,417,536,602,603,604,605,606,607,608,610,611,
133;0;5492;5578;1;0,8,9,10,11,12,13,14,19,20,21,22,35,36,37,38,81,82,83,84,85,86,113,114,115,116,124,127,128,129,130,131,138,141,145,178,179,180,181,182,183,186,188,193,196,233,234,235,263,279,321,322,342,380,381,403,404,405,406,407,408,409,410,411,412,413,414,415,416,417,536,602,603,604,605,606,607,608,610,611,
22;0;5578;5597;0;0,8,9,10,11,12,13,14,19,20,21,22,35,36,37,38,81,82,83,84,85,86,113,114,115,116,124,127,128,129,130,131,138,141,145,178,179,180,181,182,183,186,188,193,196,233,234,235,263,279,321,322,342,380,381,403,404,405,406,407,408,409,410,411,412,413,414,415,416,417,536,602,603,604,605,606,607,608,610,611,
22;1;5597;5724;0;0,8,9,10,11,12,13,14,19,20,21,22,35,36,37,38,81,82,83,84,85,86,113,114,115,116,124,127,128,129,130,131,138,141,145,178,179,180,181,182,183,186,188,193,196,233,234,235,263,279,321,322,342,380,381,403,404,405,406,407,408,409,410,411,412,413,414,415,416,417,536,602,603,604,605,606,607,608,610,611,
204;0;5724;5774;1;0,8,9,10,11,12,13,14,19,20,21,22,35,36,37,38,81,82,83,84,85,86,113,114,115,116,124,127,128,129,130,131,138,141,145,178,179,180,181,182,183,186,188,193,196,233,234,235,263,279,321,322,342,380,381,403,404,405,406,407,408,409,410,411,412,413,414,415,416,417,536,602,603,604,605,606,607,608,610,611,
204;1;5774;5853;1;0,8,9,10,11,12,13,14,19,20,21,22,35,36,37,38,81,82,83,84,85,86,113,114,115,116,124,127,128,129,130,131,138,141,145,178,179,180,181,182,183,186,188,193,196,233,234,235,263,279,321,322,342,380,381,403,404,405,406,407,408,409,410,411,412,413,414,415,416,417,536,602,603,604,605,606,607,608,610,611,
290;0;5853;5905;1;0,8,9,10,11,12,13,14,19,20,21,22,35,36,37,38,81,82,83,84,85,86,113,114,115,116,124,127,128,129,130,131,138,141,145,178,179,180,181,182,183,186,188,193,196,233,234,235,263,279,321,322,342,380,381,403,404,405,406,407,408,409,410,411,412,413,414,415,416,417,536,602,603,604,605,606,607,608,610,611,
381;0;5905;5939;1;0,8,9,10,11,12,13,14,19,20,21,22,35,36,37,38,81,82,83,84,85,86,113,114,115,116,124,127,128,129,130,131,138,141,145,178,179,180,181,182,183,186,188,193,196,233,234,235,263,279,321,322,342,380,381,403,404,405,406,407,408,409,410,411,412,413,414,415,416,417,536,602,603,604,605,606,607,608,610,611,
408;0;5939;6035;0;0,8,9,10,11,12,13,14,19,20,21,22,35,36,37,38,81,82,83,84,85,86,113,114,115,116,124,127,128,129,130,131,138,141,145,178,179,180,181,182,183,186,188,193,196,233,234,235,263,279,321,322,342,380,381,403,404,405,406,407,408,409,410,411,412,413,414,415,416,417,536,602,603,604,605,606,607,608,610,611,
367;0;6035;6080;1;0,8,9,10,11,12,13,14,19,20,21,22,35,36,37,38,81,82,83,84,85,86,113,114,115,116,124,127,128,129,130,131,138,141,145,178,179,180,181,182,183,186,188,193,196,233,234,235,263,279,321,322,342,380,381,403,404,405,406,407,408,409,410,411,412,413,414,415,416,417,536,602,603,604,605,606,607,608,610,611,
367;1;6080;6251;1;0,8,9,10,11,12,13,14,19,20,21,22,35,36,37,38,81,82,83,84,85,86,113,114,115,116,124,127,128,129,130,131,138,141,145,178,179,180,181,182,183,186,188,193,196,233,234,235,263,279,321,322,342,380,381,403,404,405,406,407,408,409,410,411,412,413,414,415,416,417,536,602,603,604,605,606,607,608,610,611,
84;0;6251;6270;1;0,8,9,10,11,12,13,14,19,20,21,22,35,36,37,38,81,82,83,84,85,86,113,114,115,116,124,127,128,129,130,131,138,141,145,178,179,180,181,182,183,186,188,193,196,233,234,235,263,279,321,322,342,380,381,403,404,405,406,407,408,409,410,411,412,413,414,415,416,417,536,602,603,604,605,606,607,608,610,611,
84;1;6270;6346;1;0,8,9,10,11,12,13,14,19,20,21,22,35,36,37,38,81,82,83,84,85,86,113,114,115,116,124,127,128,129,130,131,138,141,145,178,179,180,181,182,183,186,188,193,196,233,234,235,263,279,321,322,342,380,381,403,404,405,406,407,408,409,410,411,412,413,414,415,416,417,536,602,603,604,605,606,607,608,610,611,
177;0;6346;6398;1;0,8,9,10,11,12,13,14,19,20,21,22,35,36,37,38,81,82,83,84,85,86,113,114,115,116,124,127,128,129,130,131,138,141,145,178,179,180,181,182,183,186,188,193,196,233,234,235,263,279,321,322,342,380,381,403,404,405,406,407,408,409,410,411,412,413,414,415,416,417,536,602,603,604,605,606,607,608,610,611,
177;1;6398;6433;1;0,8,9,10,11,12,13,14,19,20,21,22,35,36,37,38,81,82,83,84,85,86,113,114,115,116,124,127,128,129,130,131,138,141,145,178,179,180,181,182,183,186,188,193,196,233,234,235,263,279,321,322,342,380,381,403,404,405,406,407,408,409,410,411,412,413,414,415,416,417,536,602,603,604,605,606,607,608,610,611,
244;0;6433;6612;1;0,8,9,10,11,12,13,14,19,20,21,22,35,36,37,38,81,82,83,84,85,86,113,114,115,116,124,127,128,129,130,131,138,141,145,178,179,180,181,182,183,186,188,193,196,233,234,235,263,279,321,322,342,380,381,403,404,405,406,407,408,409,410,411,412,413,414,415,416,417,536,602,603,604,605,606,607,608,610,611,
244;1;6612;6785;1;0,8,9,10,11,12,13,14,19,20,21,22,35,36,37,38,81,82,83,84,85,86,113,114,115,116,124,127,128,129,130,131,138,141,145,178,179,180,181,182,183,186,188,193,196,233,234,235,263,279,321,322,342,380,381,403,404,405,406,407,408,409,410,411,412,413,414,415,416,417,536,602,603,604,605,606,607,608,610,611,
249;0;6785;6927;0;0,8,9,10,11,12,13,14,19,20,21,22,35,36,37,38,81,82,83,84,85,86,113,114,115,116,124,127,128,129,130,131,138,141,145,178,179,180,181,182,183,186,188,193,196,233,234,235,263,279,321,322,342,380,381,403,404,405,406,407,408,409,410,411,412,413,414,415,416,417,536,602,603,604,605,606,607,608,610,611,
249;1;6927;6996;0;0,8,9,10,11,12,13,14,19,20,21,22,35,36,37,38,81,82,83,84,85,86,113,114,115,116,124,127,128,129,130,131,138,141,145,178,179,180,181,182,183,186,188,193,196,233,234,235,263,279,321,322,342,380,381,403,404,405,406,407,408,409,410,411,412,413,414,415,416,417,536,602,603,604,605,606,607,608,610,611,
380;0;6996;7062;1;0,8,9,10,11,12,13,14,19,20,21,22,35,36,37,38,81,82,83,84,85,86,113,114,115,116,124,127,128,129,130,131,138,141,145,178,179,180,181,182,183,186,188,193,196,233,234,235,263,279,321,322,342,380,381,403,404,405,406,407,408,409,410,411,412,413,414,415,416,417,536,602,603,604,605,606,607,608,610,611,
224;0;7062;7210;1;0,8,9,10,11,12,13,14,19,20,21,22,35,36,37,38,81,82,83,84,85,86,113,114,115,116,124,127,128,129,130,131,138,141,145,178,179,180,181,182,183,186,188,193,196,233,234,235,263,279,321,322,342,380,381,403,404,405,406,407,408,409,410,411,412,413,414,415,416,417,536,602,603,604,605,606,607,608,610,611,
224;1;7210;7357;1;0,8,9,10,11,12,13,14,19,20,21,22,35,36,37,38,81,82,83,84,85,86,113,114,115,116,124,127,128,129,130,131,138,141,145,178,179,180,181,182,183,186,188,193,196,233,234,235,263,279,321,322,342,380,381,403,404,405,406,407,408,409,410,411,412,413,414,415,416,417,536,602,603,604,605,606,607,608,610,611,
18;0;7357;7362;0;0,8,9,10,11,12,13,14,19,20,21,22,35,36,37,38,81,82,83,84,85,86,113,114,115,116,124,127,128,129,130,131,138,141,145,178,179,180,181,182,183,186,188,193,196,233,234,235,263,279,321,322,342,380,381,403,404,405,406,407,408,409,410,411,412,413,414,415,416,417,536,602,603,604,605,606,607,608,610,611,
178;0;7362;7473;0;0,8,9,10,11,12,13,14,19,20,21,22,35,36,37,38,81,82,83,84,85,86,113,114,115,116,124,127,128,129,130,131,138,141,145,178,179,180,181,182,183,186,188,193,196,233,234,235,263,279,321,322,342,380,381,403,404,405,406,407,408,409,410,411,412,413,414,415,416,417,536,602,603,604,605,606,607,608,610,611,
45;0;7473;7542;0;0,8,9,10,11,12,13,14,19,20,21,22,35,36,37,38,81,82,83,84,85,86,113,114,115,116,124,127,128,129,130,131,138,141,145,178,179,180,181,182,183,186,188,193,196,233,234,235,263,279,321,322,342,380,381,403,404,405,406,407,408,409,410,411,412,413,414,415,416,417,536,602,603,604,605,606,607,608,610,611,
270;0;7542;7593;1;0,8,9,10,11,12,13,14,19,20,21,22,35,36,37,38,81,82,83,84,85,86,113,114,115,116,124,127,128,129,130,131,138,141,145,178,179,180,181,182,183,186,188,193,196,233,234,235,263,279,321,322,342,380,381,403,404,405,406,407,408,409,410,411,412,413,414,415,416,417,536,602,603,604,605,606,607,608,610,611,
105;0;7593;7740;0;0,8,9,10,11,12,13,14,19,20,21,22,35,36,37,38,81,82,83,84,85,86,113,114,115,116,124,127,128,129,130,131,138,141,145,178,179,180,181,182,183,186,188,193,196,233,234,235,263,279,321,322,342,380,381,403,404,405,406,407,408,409,410,411,412,413,414,415,416,417,536,602,603,604,605,606,607,608,610,611,
4;0;7740;7806;1;0,8,9,10,11,12,13,14,19,20,21,22,35,36,37,38,81,82,83,84,85,86,113,114,115,116,124,127,128,129,130,131,138,141,145,178,179,180,181,182,183,186,188,193,196,233,234,235,263,279,321,322,342,380,381,403,404,405,406,407,408,409,410,411,412,413,414,415,416,417,536,602,603,604,605,606,607,608,610,611,
4;1;7806;7903;1;0,8,9,10,11,12,13,14,19,20,21,22,35,36,37,38,81,82,83,84,85,86,113,114,115,116,124,127,128,129,130,131,138,141,145,178,179,180,181,182,183,186,188,193,196,233,234,235,263,279,321,322,342,380,381,403,404,405,406,407,408,409,410,411,412,413,414,415,416,417,536,602,603,604,605,606,607,608,610,611,
363;0;7903;7972;1;0,8,9,10,11,12,13,14,19,20,21,22,35,36,37,38,81,82,83,84,85,86,113,114,115,116,124,127,128,129,130,131,132,135,138,140,141,145,178,179,180,181,182,183,186,188,193,195,196,233,234,235,263,279,321,322,342,380,381,403,404,405,406,407,408,409,410,411,412,413,414,415,416,417,513,514,515,536,602,603,
211;0;7972;8016;1;0,8,9,10,11,12,13,14,19,20,21,22,35,36,37,38,81,82,83,84,85,86,113,114,115,116,124,127,128,129,130,131,132,135,138,140,141,145,178,179,180,181,182,183,186,188,193,195,196,233,234,235,263,279,321,322,342,380,381,403,404,405,406,407,408,409,410,411,412,413,414,415,416,417,513,514,515,536,602,603,
128;0;8016;8102;0;0,8,9,10,11,12,13,14,19,20,21,22,35,36,37,38,81,82,83,84,85,86,113,114,115,116,124,127,128,129,130,131,132,135,138,140,141,145,178,179,180,181,182,183,186,188,193,195,196,233,234,235,263,279,321,322,342,380,381,403,404,405,406,407,408,409,410,411,412,413,414,415,416,417,513,514,515,536,602,603,
323;0;8102;8170;1;0,8,9,10,11,12,13,14,19,20,21,22,35,36,37,38,81,82,83,84,85,86,113,114,115,116,124,127,128,129,130,131,132,135,138,140,141,145,178,179,180,181,182,183,186,188,193,195,196,233,234,235,263,279,321,322,342,380,381,403,404,405,406,407,408,409,410,411,412,413,414,415,416,417,513,514,515,536,602,603,
55;0;8170;8314;0;0,8,9,10,11,12,13,14,19,20,21,22,35,36,37,38,81,82,83,84,85,86,113,114,115,116,124,127,128,129,130,131,132,135,138,140,141,145,178,179,180,181,182,183,186,188,193,195,196,233,234,235,263,279,321,322,342,380,381,403,404,405,406,407,408,409,410,411,412,413,414,415,416,417,513,514,515,536,602,603,
6;0;8314;8445;0;0,8,9,10,11,12,13,14,19,20,21,22,35,36,37,38,81,82,83,84,85,86,113,114,115,116,124,127,128,129,130,131,132,135,138,140,141,145,178,179,180,181,182,183,186,188,193,195,196,233,234,235,263,279,321,322,342,380,381,403,404,405,406,407,408,409,410,411,412,413,414,415,416,417,513,514,515,536,602,603,
215;0;8445;8589;0;0,8,9,10,11,12,13,14,19,20,21,22,35,36,37,38,81,82,83,84,85,86,113,114,115,116,124,127,128,129,130,131,132,135,138,140,141,145,178,179,180,181,182,183,186,188,193,195,196,233,234,235,263,279,321,322,342,380,381,403,404,405,406,407,408,409,410,411,412,413,414,415,416,417,513,514,515,536,602,603,
287;0;8589;8619;1;0,8,9,10,11,12,13,14,19,20,21,22,35,36,37,38,81,82,83,84,85,86,113,114,115,116,124,127,128,129,130,131,132,135,138,140,141,145,178,179,180,181,182,183,186,188,193,195,196,233,234,235,263,279,321,322,342,380,381,403,404,405,406,407,408,409,410,411,412,413,414,415,416,417,513,514,515,536,602,603,
287;1;8619;8768;1;0,8,9,10,11,12,13,14,19,20,21,22,35,36,37,38,81,82,83,84,85,86,113,114,115,116,124,127,128,129,130,131,132,135,138,140,141,145,178,179,180,181,182,183,186,188,193,195,196,233,234,235,263,279,321,322,342,380,381,403,404,405,406,407,408,409,410,411,412,413,414,415,416,417,513,514,515,536,602,603,
272;0;8768;8844;0;0,8,9,10,11,12,13,14,19,20,21,22,35,36,37,38,81,82,83,84,85,86,113,114,115,116,124,127,128,129,130,131,132,135,138,140,141,145,178,179,180,181,182,183,186,188,193,195,196,233,234,235,263,279,321,322,342,380,381,403,404,405,406,407,408,409,410,411,412,413,414,415,416,417,513,514,515,536,602,603,
272;1;8844;8920;0;0,8,9,10,11,12,13,14,19,20,21,22,35,36,37,38,81,82,83,84,85,86,113,114,115,116,124,127,128,129,130,131,132,135,138,140,141,145,178,179,180,181,182,183,186,188,193,195,196,233,234,235,263,279,321,322,342,380,381,403,404,405,406,407,408,409,410,411,412,413,414,415,416,417,513,514,515,536,602,603,
330;0;8920;9029;1;0,8,9,10,11,12,13,14,19,20,21,22,35,36,37,38,81,82,83,84,85,86,113,114,115,116,124,127,128,129,130,131,132,135,138,140,141,145,178,179,180,181,182,183,186,188,193,195,196,233,234,235,263,279,321,322,342,380,381,403,404,405,406,407,408,409,410,411,412,413,414,415,416,417,513,514,515,536,602,603,
195;0;9029;9093;0;0,8,9,10,11,12,13,14,19,20,21,22,35,36,37,38,81,82,83,84,85,86,113,114,115,116,124,127,128,129,130,131,132,135,138,140,141,145,178,179,180,181,182,183,186,188,193,195,196,233,234,235,263,279,321,322,342,380,381,403,404,405,406,407,408,409,410,411,412,413,414,415,416,417,513,514,515,536,602,603,
79;0;9093;9155;0;0,8,9,10,11,12,13,14,19,20,21,22,35,36,37,38,81,82,83,84,85,86,113,114,115,116,124,127,128,129,130,131,132,135,138,140,141,145,178,179,180,181,182,183,186,188,193,195,196,233,234,235,263,279,321,322,342,380,381,403,404,405,406,407,408,409,410,411,412,413,414,415,416,417,513,514,515,536,602,603,
79;1;9155;9292;0;0,8,9,10,11,12,13,14,19,20,21,22,35,36,37,38,81,82,83,84,85,86,113,114,115,116,124,127,128,129,130,131,132,135,138,140,141,145,178,179,180,181,182,183,186,188,193,195,196,233,234,235,263,279,321,322,342,380,381,403,404,405,406,407,408,409,410,411,412,413,414,415,416,417,513,514,515,536,602,603,
364;0;9292;9369;1;0,8,9,10,11,12,13,14,19,20,21,22,35,36,37,38,81,82,83,84,85,86,113,114,115,116,124,127,128,129,130,131,132,135,138,140,141,145,178,179,180,181,182,183,186,188,193,195,196,233,234,235,263,279,321,322,342,380,381,403,404,405,406,407,408,409,410,411,412,413,414,415,416,417,513,514,515,536,602,603,
364;1;9369;9404;1;0,8,9,10,11,12,13,14,19,20,21,22,35,36,37,38,81,82,83,84,85,86,113,114,115,116,124,127,128,129,130,131,132,135,138,140,141,145,178,179,180,181,182,183,186,188,193,195,196,233,234,235,263,279,321,322,342,380,381,403,404,405,406,407,408,409,410,411,412,413,414,415,416,417,513,514,515,536,602,603,
374;0;9404;9491;1;0,8,9,10,11,12,13,14,19,20,21,22,35,36,37,38,81,82,83,84,85,86,113,114,115,116,124,127,128,129,130,131,132,135,138,140,141,145,178,179,180,181,182,183,186,188,193,195,196,233,234,235,263,279,321,322,342,380,381,403,404,405,406,407,408,409,410,411,412,413,414,415,416,417,513,514,515,536,602,603,
374;1;9491;9651;1;0,8,9,10,11,12,13,14,19,20,21,22,35,36,37,38,81,82,83,84,85,86,113,114,115,116,124,127,128,129,130,131,132,135,138,140,141,145,178,179,180,181,182,183,186,188,193,195,196,233,234,235,263,279,321,322,342,380,381,403,404,405,406,407,408,409,410,411,412,413,414,415,416,417,513,514,515,536,602,603,
Machine: 2
237;0;0;36;1;0,1,2,3,4,5,6,7,15,16,17,18,23,24,25,26,27,28,29,30,31,32,33,34,39,40,41,42,43,71,82,83,84,85,86,89,90,91,94,184,185,207,212,222,223,224,225,226,227,228,229,242,243,264,273,333,334,335,336,385,386,387,388,389,390,391,392,393,394,395,396,421,539,540,541,542,558,559,560,601,
237;1;36;130;1;0,1,2,3,4,5,6,7,15,16,17,18,23,24,25,26,27,28,29,30,31,32,33,34,39,40,41,42,43,71,82,83,84,85,86,89,90,91,94,184,185,207,212,222,223,224,225,226,227,228,229,242,243,264,273,333,334,335,336,385,386,387,388,389,390,391,392,393,394,395,396,421,539,540,541,542,558,559,560,601,
444;0;130;213;1;0,1,2,3,4,5,6,7,15,16,17,18,23,24,25,26,27,28,29,30,31,32,33,34,39,40,41,42,43,71,82,83,84,85,86,89,90,91,94,184,185,207,212,222,223,224,225,226,227,228,229,242,243,264,273,333,334,335,336,385,386,387,388,389,390,391,392,393,394,395,396,421,539,540,541,542,558,559,560,601,
444;1;213;350;1;0,1,2,3,4,5,6,7,15,16,17,18,23,24,25,26,27,28,29,30,31,32,33,34,39,40,41,42,43,71,82,83,84,85,86,89,90,91,94,184,185,207,212,222,223,224,225,226,227,228,229,242,243,264,273,333,334,335,336,385,386,387,388,389,390,391,392,393,394,395,396,421,539,540,541,542,558,559,560,601,
98;0;350;430;0;0,1,2,3,4,5,6,7,15,16,17,18,23,24,25,26,27,28,29,30,31,32,33,34,39,40,41,42,43,71,82,83,84,85,86,89,90,91,94,184,185,207,212,222,223,224,225,226,227,228,229,242,243,264,273,333,334,335,336,385,386,387,388,389,390,391,392,393,394,395,396,421,539,540,541,542,558,559,560,601,
169;0;430;507;0;0,1,2,3,4,5,6,7,15,16,17,18,23,24,25,26,27,28,29,30,31,32,33,34,39,40,41,42,43,71,82,83,84,85,86,89,90,91,94,184,185,207,212,222,223,224,225,226,227,228,229,242,243,264,273,333,334,335,336,385,386,387,388,389,390,391,392,393,394,395,396,421,539,540,541,542,558,559,560,601,
169;1;507;601;0;0,1,2,3,4,5,6,7,15,16,17,18,23,24,25,26,27,28,29,30,31,32,33,34,39,40,41,42,43,71,82,83,84,85,86,89,90,91,94,184,185,207,212,222,223,224,225,226,227,228,229,242,243,264,273,333,334,335,336,385,386,387,388,389,390,391,392,393,394,395,396,421,539,540,541,542,558,559,560,601,
242;0;601;777;0;0,1,2,3,4,5,6,7,15,16,17,18,23,24,25,26,27,28,29,30,31,32,33,34,39,40,41,42,43,71,82,83,84,85,86,89,90,91,94,184,185,207,212,222,223,224,225,226,227,228,229,242,243,264,273,333,334,335,336,385,386,387,388,389,390,391,392,393,394,395,396,421,539,540,541,542,558,559,560,601,
242;1;777;888;0;0,1,2,3,4,5,6,7,15,16,17,18,23,24,25,26,27,28,29,30,31,32,33,34,39,40,41,42,43,71,82,83,84,85,86,89,90,91,94,184,185,207,212,222,223,224,225,226,227,228,229,242,243,264,273,333,334,335,336,385,386,387,388,389,390,391,392,393,394,395,396,421,539,540,541,542,558,559,560,601,
138;0;888;1045;0;0,1,2,3,4,5,6,7,15,16,17,18,23,24,25,26,27,28,29,30,31,32,33,34,39,40,41,42,43,71,82,83,84,85,86,89,90,91,94,184,185,207,212,222,223,224,225,226,227,228,229,242,243,264,273,333,334,335,336,385,386,387,388,389,390,391,392,393,394,395,396,421,539,540,541,542,558,559,560,601,
140;0;1045;1160;1;0,1,2,3,4,5,6,7,15,16,17,18,23,24,25,26,27,28,29,30,31,32,33,34,39,40,41,42,43,71,82,83,84,85,86,89,90,91,94,184,185,207,212,222,223,224,225,226,227,228,229,242,243,264,273,333,334,335,336,385,386,387,388,389,390,391,392,393,394,395,396,421,539,540,541,542,558,559,560,601,
397;0;1160;1249;1;0,1,2,3,4,5,6,7,15,16,17,18,23,24,25,26,27,28,29,30,31,32,33,34,39,40,41,42,43,71,82,83,84,85,86,89,90,91,94,184,185,207,212,222,223,224,225,226,227,228,229,242,243,264,273,333,334,335,336,385,386,387,388,389,390,391,392,393,394,395,396,421,539,540,541,542,558,559,560,601,
397;1;1249;1405;1;0,1,2,3,4,5,6,7,15,16,17,18,23,24,25,26,27,28,29,30,31,32,33,34,39,40,41,42,43,71,82,83,84,85,86,89,90,91,94,184,185,207,212,222,223,224,225,226,227,228,229,242,243,264,273,333,334,335,336,385,386,387,388,389,390,391,392,393,394,395,396,421,539,540,541,542,558,559,560,601,
163;0;1405;1561;1;0,1,2,3,4,5,6,7,15,16,17,18,23,24,25,26,27,28,29,30,31,32,33,34,39,40,41,42,43,71,82,83,84,85,86,89,90,91,94,184,185,207,212,222,223,224,225,226,227,228,229,242,243,264,273,333,334,335,336,385,386,387,388,389,390,391,392,393,394,395,396,421,539,540,541,542,558,559,560,601,
39;0;1561;1691;0;0,1,2,3,4,5,6,7,15,16,17,18,23,24,25,26,27,28,29,30,31,32,33,34,39,40,41,42,43,71,82,83,84,85,86,89,90,91,94,184,185,207,212,222,223,224,225,226,227,228,229,242,243,264,273,333,334,335,336,385,386,387,388,389,390,391,392,393,394,395,396,421,539,540,541,542,558,559,560,601,
39;1;1691;1811;0;0,1,2,3,4,5,6,7,15,16,17,18,23,24,25,26,27,28,29,30,31,32,33,34,39,40,41,42,43,71,82,83,84,85,86,89,90,91,94,184,185,207,212,222,223,224,225,226,227,228,229,242,243,264,273,333,334,335,336,385,386,387,388,389,390,391,392,393,394,395,396,421,539,540,541,542,558,559,560,601,
66;0;1811;1937;0;0,1,2,3,4,5,6,7,15,16,17,18,23,24,25,26,27,28,29,30,31,32,33,34,39,40,41,42,43,71,82,83,84,85,86,89,90,91,94,184,185,207,212,222,223,224,225,226,227,228,229,242,243,264,273,333,334,335,336,385,386,387,388,389,390,391,392,393,394,395,396,421,539,540,541,542,558,559,560,601,
346;0;1937;1986;0;0,1,2,3,4,5,6,7,15,16,17,18,23,24,25,26,27,28,29,30,31,32,33,34,39,40,41,42,43,71,82,83,84,85,86,89,90,91,94,184,185,207,212,222,223,224,225,226,227,228,229,242,243,264,273,333,334,335,336,385,386,387,388,389,390,391,392,393,394,395,396,421,539,540,541,542,558,559,560,601,
360;0;1986;1990;1;0,1,2,3,4,5,6,7,15,16,17,18,23,24,25,26,27,28,29,30,31,32,33,34,39,40,41,42,43,71,82,83,84,85,86,89,90,91,94,184,185,207,212,222,223,224,225,226,227,228,229,242,243,264,273,333,334,335,336,385,386,387,388,389,390,391,392,393,394,395,396,421,539,540,541,542,558,559,560,601,
321;0;1990;2040;1;0,1,2,3,4,5,6,7,15,16,17,18,23,24,25,26,27,28,29,30,31,32,33,34,39,40,41,42,43,71,82,83,84,85,86,89,90,91,94,184,185,207,212,222,223,224,225,226,227,228,229,242,243,264,273,333,334,335,336,385,386,387,388,389,390,391,392,393,394,395,396,421,539,540,541,542,558,559,560,601,
188;0;2040;2118;0;0,1,2,3,4,5,6,7,15,16,17,18,23,24,25,26,27,28,29,30,31,32,33,34,39,40,41,42,43,71,82,83,84,85,86,89,90,91,94,184,185,207,212,222,223,224,225,226,227,228,229,242,243,264,273,333,334,335,336,385,386,387,388,389,390,391,392,393,394,395,396,421,539,540,541,542,558,559,560,601,
299;0;2118;2223;0;0,1,2,3,4,5,6,7,15,16,17,18,23,24,25,26,27,28,29,30,31,32,33,34,39,40,41,42,43,71,82,83,84,85,86,89,90,91,94,184,185,207,212,222,223,224,225,226,227,228,229,242,243,264,273,333,334,335,336,385,386,387,388,389,390,391,392,393,394,395,396,421,539,540,541,542,558,559,560,601,
299;1;2223;2269;0;0,1,2,3,4,5,6,7,15,16,17,18,23,24,25,26,27,28,29,30,31,32,33,34,39,40,41,42,43,71,82,83,84,85,86,89,90,91,94,184,185,207,212,222,223,224,225,226,227,228,229,242,243,264,273,333,334,335,336,385,386,387,388,389,390,391,392,393,394,395,396,421,539,540,541,542,558,559,560,601,
392;0;2269;2440;0;0,1,2,3,4,5,6,7,15,16,17,18,23,24,25,26,27,28,29,30,31,32,33,34,39,40,41,42,43,71,82,83,84,85,86,89,90,91,94,184,185,207,212,222,223,224,225,226,227,228,229,242,243,264,273,333,334,335,336,385,386,387,388,389,390,391,392,393,394,395,396,421,539,540,541,542,558,559,560,601,
392;1;2440;2479;0;0,1,2,3,4,5,6,7,15,16,17,18,23,24,25,26,27,28,29,30,31,32,33,34,39,40,41,42,43,71,82,83,84,85,86,89,90,91,94,184,185,207,212,222,223,224,225,226,227,228,229,242,243,264,273,333,334,335,336,385,386,387,388,389,390,391,392,393,394,395,396,421,539,540,541,542,558,559,560,601,
281;0;2479;2554;1;0,1,2,3,4,5,6,7,15,16,17,18,23,24,25,26,27,28,29,30,31,32,33,34,39,40,41,42,43,71,82,83,84,85,86,89,90,91,94,184,185,207,212,222,223,224,225,226,227,228,229,242,243,264,273,333,334,335,336,385,386,387,388,389,390,391,392,393,394,395,396,421,539,540,541,542,558,559,560,601,
400;0;2554;2666;1;0,1,2,3,4,5,6,7,15,16,17,18,23,24,25,26,27,28,29,30,31,32,33,34,39,40,41,42,43,71,82,83,84,85,86,89,90,91,94,184,185,207,212,222,223,224,225,226,227,228,229,242,243,264,273,333,334,335,336,385,386,387,388,389,390,391,392,393,394,395,396,421,539,540,541,542,558,559,560,601,
134;0;2666;2767;1;0,1,2,3,4,5,6,7,15,16,17,18,23,24,25,26,27,28,29,30,31,32,33,34,39,40,41,42,43,71,82,83,84,85,86,89,90,91,94,184,185,207,212,222,223,224,225,226,227,228,229,242,243,264,273,333,334,335,336,385,386,387,388,389,390,391,392,393,394,395,396,421,539,540,541,542,558,559,560,601,
134;1;2767;2878;1;0,1,2,3,4,5,6,7,15,16,17,18,23,24,25,26,27,28,29,30,31,32,33,34,39,40,41,42,43,71,82,83,84,85,86,89,90,91,94,184,185,207,212,222,223,224,225,226,227,228,229,242,243,264,273,333,334,335,336,385,386,387,388,389,390,391,392,393,394,395,396,421,539,540,541,542,558,559,560,601,
174;0;2878;2889;1;0,1,2,3,4,5,6,7,15,16,17,18,23,24,25,26,27,28,29,30,31,32,33,34,39,40,41,42,43,71,82,83,84,85,86,89,90,91,94,184,185,207,212,222,223,224,225,226,227,228,229,242,243,264,273,333,334,335,336,385,386,387,388,389,390,391,392,393,394,395,396,421,539,540,541,542,558,559,560,601,
174;1;2889;2965;1;0,1,2,3,4,5,6,7,15,16,17,18,23,24,25,26,27,28,29,30,31,32,33,34,39,40,41,42,43,71,82,83,84,85,86,89,90,91,94,184,185,207,212,222,223,224,225,226,227,228,229,242,243,264,273,333,334,335,336,385,386,387,388,389,390,391,392,393,394,395,396,421,539,540,541,542,558,559,560,601,
147;0;2965;3122;1;0,1,2,3,4,5,6,7,15,16,17,18,23,24,25,26,27,28,29,30,31,32,33,34,39,40,41,42,43,71,82,83,84,85,86,89,90,91,94,184,185,207,212,222,223,224,225,226,227,228,229,242,243,264,273,333,334,335,336,385,386,387,388,389,390,391,392,393,394,395,396,421,539,540,541,542,558,559,560,601,
147;1;3122;3147;1;0,1,2,3,4,5,6,7,15,16,17,18,23,24,25,26,27,28,29,30,31,32,33,34,39,40,41,42,43,71,82,83,84,85,86,89,90,91,94,184,185,207,212,222,223,224,225,226,227,228,229,242,243,264,273,333,334,335,336,385,386,387,388,389,390,391,392,393,394,395,396,421,539,540,541,542,558,559,560,601,
164;0;3147;3272;1;0,1,2,3,4,5,6,7,15,16,17,18,23,24,25,26,27,28,29,30,31,32,33,34,39,40,41,42,43,71,82,83,84,85,86,89,90,91,94,184,185,207,212,222,223,224,225,226,227,228,229,242,243,264,273,333,334,335,336,385,386,387,388,389,390,391,392,393,394,395,396,421,539,540,541,542,558,559,560,601,
164;1;3272;3401;1;0,1,2,3,4,5,6,7,15,16,17,18,23,24,25,26,27,28,29,30,31,32,33,34,39,40,41,42,43,71,82,83,84,85,86,89,90,91,94,184,185,207,212,222,223,224,225,226,227,228,229,242,243,264,273,333,334,335,336,385,386,387,388,389,390,391,392,393,394,395,396,421,539,540,541,542,558,559,560,601,
255;0;3401;3521;0;0,1,2,3,4,5,6,7,15,16,17,18,23,24,25,26,27,28,29,30,31,32,33,34,39,40,41,42,43,71,82,83,84,85,86,89,90,91,94,184,185,207,212,222,223,224,225,226,227,228,229,242,243,264,273,333,334,335,336,385,386,387,388,389,390,391,392,393,394,395,396,421,539,540,541,542,558,559,560,601,
227;0;3521;3655;1;0,1,2,3,4,5,6,7,15,16,17,18,23,24,25,26,27,28,29,30,31,32,33,34,39,40,41,42,43,71,82,83,84,85,86,89,90,91,94,184,185,207,212,222,223,224,225,226,227,228,229,242,243,264,273,333,334,335,336,385,386,387,388,389,390,391,392,393,394,395,396,421,539,540,541,542,558,559,560,601,
227;1;3655;3806;1;0,1,2,3,4,5,6,7,15,16,17,18,23,24,25,26,27,28,29,30,31,32,33,34,39,40,41,42,43,71,82,83,84,85,86,89,90,91,94,184,185,207,212,222,223,224,225,226,227,228,229,242,243,264,273,333,334,335,336,385,386,387,388,389,390,391,392,393,394,395,396,421,539,540,541,542,558,559,560,601,
311;0;3806;3966;1;0,1,2,3,4,5,6,7,15,16,17,18,23,24,25,26,27,28,29,30,31,32,33,34,39,40,41,42,43,71,82,83,84,85,86,89,90,91,94,184,185,207,212,222,223,224,225,226,227,228,229,242,243,264,273,333,334,335,336,385,386,387,388,389,390,391,392,393,394,395,396,421,539,540,541,542,558,559,560,601,
443;0;3966;4085;1;0,1,2,3,4,5,6,7,15,16,17,18,23,24,25,26,27,28,29,30,31,32,33,34,39,40,41,42,43,71,82,83,84,85,86,89,90,91,94,184,185,207,212,222,223,224,225,226,227,228,229,242,243,264,273,333,334,335,336,385,386,387,388,389,390,391,392,393,394,395,396,421,539,540,541,542,558,559,560,601,
168;0;4085;4204;0;0,1,2,3,4,5,6,7,15,16,17,18,23,24,25,26,27,28,29,30,31,32,33,34,39,40,41,42,43,71,82,83,84,85,86,89,90,91,94,184,185,207,212,222,223,224,225,226,227,228,229,242,243,264,273,333,334,335,336,385,386,387,388,389,390,391,392,393,394,395,396,421,539,540,541,542,558,559,560,601,
414;0;4204;4266;1;0,1,2,3,4,5,6,7,15,16,17,18,23,24,25,26,27,28,29,30,31,32,33,34,39,40,41,42,43,71,82,83,84,85,86,89,90,91,94,184,185,207,212,222,223,224,225,226,227,228,229,242,243,264,273,333,334,335,336,385,386,387,388,389,390,391,392,393,394,395,396,421,539,540,541,542,558,559,560,601,
414;1;4266;4422;1;0,1,2,3,4,5,6,7,15,16,17,18,23,24,25,26,27,28,29,30,31,32,33,34,39,40,41,42,43,71,82,83,84,85,86,89,90,91,94,184,185,207,212,222,223,224,225,226,227,228,229,242,243,264,273,333,334,335,336,385,386,387,388,389,390,391,392,393,394,395,396,421,539,540,541,542,558,559,560,601,
103;0;4422;4527;1;0,1,2,3,4,5,6,7,15,16,17,18,23,24,25,26,27,28,29,30,31,32,33,34,39,40,41,42,43,71,82,83,84,85,86,89,90,91,94,184,185,207,212,222,223,224,225,226,227,228,229,242,243,264,273,333,334,335,336,385,386,387,388,389,390,391,392,393,394,395,396,421,539,540,541,542,558,559,560,601,
373;0;4527;4547;1;0,1,2,3,4,5,6,7,15,16,17,18,23,24,25,26,27,28,29,30,31,32,33,34,39,40,41,42,43,71,82,83,84,85,86,89,90,91,94,184,185,207,212,222,223,224,225,226,227,228,229,242,243,264,273,333,334,335,336,385,386,387,388,389,390,391,392,393,394,395,396,421,539,540,541,542,558,559,560,601,
355;0;4547;4600;0;0,1,2,3,4,5,6,7,15,16,17,18,23,24,25,26,27,28,29,30,31,32,33,34,39,40,41,42,43,71,82,83,84,85,86,89,90,91,94,184,185,207,212,222,223,224,225,226,227,228,229,242,243,264,273,333,334,335,336,385,386,387,388,389,390,391,392,393,394,395,396,421,539,540,541,542,558,559,560,601,
62;0;4600;4666;0;0,1,2,3,4,5,6,7,15,16,17,18,23,24,25,26,27,28,29,30,31,32,33,34,39,40,41,42,43,71,82,83,84,85,86,89,90,91,94,184,185,207,212,222,223,224,225,226,227,228,229,242,243,264,273,333,334,335,336,385,386,387,388,389,390,391,392,393,394,395,396,421,539,540,541,542,558,559,560,601,
62;1;4666;4756;0;0,1,2,3,4,5,6,7,15,16,17,18,23,24,25,26,27,28,29,30,31,32,33,34,39,40,41,42,43,71,82,83,84,85,86,89,90,91,94,184,185,207,212,222,223,224,225,226,227,228,229,242,243,264,273,333,334,335,336,385,386,387,388,389,390,391,392,393,394,395,396,421,539,540,541,542,558,559,560,601,
101;0;4756;4859;1;0,1,2,3,4,5,6,7,15,16,17,18,23,24,25,26,27,28,29,30,31,32,33,34,39,40,41,42,43,71,82,83,84,85,86,89,90,91,94,184,185,207,212,222,223,224,225,226,227,228,229,242,243,264,273,333,334,335,336,385,386,387,388,389,390,391,392,393,394,395,396,421,539,540,541,542,558,559,560,601,
425;0;4859;4874;0;0,1,2,3,4,5,6,7,15,16,17,18,23,24,25,26,27,28,29,30,31,32,33,34,39,40,41,42,43,71,82,83,84,85,86,89,90,91,94,184,185,207,212,222,223,224,225,226,227,228,229,242,243,264,273,333,334,335,336,385,386,387,388,389,390,391,392,393,394,395,396,421,539,540,541,542,558,559,560,601,
50;0;4874;5044;1;0,1,2,3,4,5,6,7,15,16,17,18,23,24,25,26,27,28,29,30,31,32,33,34,39,40,41,42,43,71,82,83,84,85,86,89,90,91,184,185,207,212,222,223,224,225,226,227,228,229,242,243,264,273,285,287,289,297,299,301,308,314,315,316,333,334,335,336,421,447,448,460,539,540,541,542,558,559,560,597,
64;0;5044;5138;1;0,1,2,3,4,5,6,7,15,16,17,18,23,24,25,26,27,28,29,30,31,32,33,34,39,40,41,42,43,71,82,83,84,85,86,89,90,91,184,185,207,212,222,223,224,225,226,227,228,229,242,243,264,273,285,287,289,297,299,301,308,314,315,316,333,334,335,336,421,447,448,460,539,540,541,542,558,559,560,597,
64;1;5138;5308;1;0,1,2,3,4,5,6,7,15,16,17,18,23,24,25,26,27,28,29,30,31,32,33,34,39,40,41,42,43,71,82,83,84,85,86,89,90,91,184,185,207,212,222,223,224,225,226,227,228,229,242,243,264,273,285,287,289,297,299,301,308,314,315,316,333,334,335,336,421,447,448,460,539,540,541,542,558,559,560,597,
183;0;5308;5328;1;0,1,2,3,4,5,6,7,15,16,17,18,23,24,25,26,27,28,29,30,31,32,33,34,39,40,41,42,43,71,82,83,84,85,86,89,90,91,184,185,207,212,222,223,224,225,226,227,228,229,242,243,264,273,285,287,289,297,299,301,308,314,315,316,333,334,335,336,421,447,448,460,539,540,541,542,558,559,560,597,
308;0;5328;5408;0;0,1,2,3,4,5,6,7,15,16,17,18,23,24,25,26,27,28,29,30,31,32,33,34,39,40,41,42,43,71,82,83,84,85,86,89,90,91,184,185,207,212,222,223,224,225,226,227,228,229,242,243,264,273,285,287,289,297,299,301,308,314,315,316,333,334,335,336,421,447,448,460,539,540,541,542,558,559,560,597,
310;0;5408;5559;1;0,1,2,3,4,5,6,7,15,16,17,18,23,24,25,26,27,28,29,30,31,32,33,34,39,40,41,42,43,71,82,83,84,85,86,89,90,91,184,185,207,212,222,223,224,225,226,227,228,229,242,243,264,273,285,287,289,297,299,301,308,314,315,316,333,334,335,336,421,447,448,460,539,540,541,542,558,559,560,597,
106;0;5559;5639;0;0,1,2,3,4,5,6,7,15,16,17,18,23,24,25,26,27,28,29,30,31,32,33,34,39,40,41,42,43,71,82,83,84,85,86,89,90,91,184,185,207,212,222,223,224,225,226,227,228,229,242,243,264,273,285,287,289,297,299,301,308,314,315,316,333,334,335,336,421,447,448,460,539,540,541,542,558,559,560,597,
268;0;5639;5688;0;0,1,2,3,4,5,6,7,15,16,17,18,23,24,25,26,27,28,29,30,31,32,33,34,39,40,41,42,43,71,82,83,84,85,86,89,90,91,184,185,207,212,222,223,224,225,226,227,228,229,242,243,264,273,285,287,289,297,299,301,308,314,315,316,333,334,335,336,421,447,448,460,539,540,541,542,558,559,560,597,
384;0;5688;5696;1;0,1,2,3,4,5,6,7,15,16,17,18,23,24,25,26,27,28,29,30,31,32,33,34,39,40,41,42,43,71,82,83,84,85,86,89,90,91,184,185,207,212,222,223,224,225,226,227,228,229,242,243,264,273,285,287,289,297,299,301,308,314,315,316,333,334,335,336,421,447,448,460,539,540,541,542,558,559,560,597,
384;1;5696;5783;1;0,1,2,3,4,5,6,7,15,16,17,18,23,24,25,26,27,28,29,30,31,32,33,34,39,40,41,42,43,71,82,83,84,85,86,89,90,91,184,185,207,212,222,223,224,225,226,227,228,229,242,243,264,273,285,287,289,297,299,301,308,314,315,316,333,334,335,336,421,447,448,460,539,540,541,542,558,559,560,597,
40;0;5783;5812;1;0,1,2,3,4,5,6,7,15,16,17,18,23,24,25,26,27,28,29,30,31,32,33,34,39,40,41,42,43,71,82,83,84,85,86,89,90,91,184,185,207,212,222,223,224,225,226,227,228,229,242,243,264,273,285,287,289,297,299,301,308,314,315,316,333,334,335,336,421,447,448,460,539,540,541,542,558,559,560,597,
8;0;5812;5889;0;0,1,2,3,4,5,6,7,15,16,17,18,23,24,25,26,27,28,29,30,31,32,33,34,39,40,41,42,43,71,82,83,84,85,86,89,90,91,184,185,207,212,222,223,224,225,226,227,228,229,242,243,264,273,285,287,289,297,299,301,308,314,315,316,333,334,335,336,421,447,448,460,539,540,541,542,558,559,560,597,
438;0;5889;6004;0;0,1,2,3,4,5,6,7,15,16,17,18,23,24,25,26,27,28,29,30,31,32,33,34,39,40,41,42,43,71,82,83,84,85,86,89,90,91,184,185,207,212,222,223,224,225,226,227,228,229,242,243,264,273,285,287,289,297,299,301,308,314,315,316,333,334,335,336,421,447,448,460,539,540,541,542,558,559,560,597,
304;0;6004;6026;1;0,1,2,3,4,5,6,7,15,16,17,18,23,24,25,26,27,28,29,30,31,32,33,34,39,40,41,42,43,71,82,83,84,85,86,89,90,91,184,185,207,212,222,223,224,225,226,227,228,229,242,243,264,273,285,287,289,297,299,301,308,314,315,316,333,334,335,336,421,447,448,460,539,540,541,542,558,559,560,597,
304;1;6026;6138;1;0,1,2,3,4,5,6,7,15,16,17,18,23,24,25,26,27,28,29,30,31,32,33,34,39,40,41,42,43,71,82,83,84,85,86,89,90,91,184,185,207,212,222,223,224,225,226,227,228,229,242,243,264,273,285,287,289,297,299,301,308,314,315,316,333,334,335,336,421,447,448,460,539,540,541,542,558,559,560,597,
341;0;6138;6168;1;0,1,2,3,4,5,6,7,15,16,17,18,23,24,25,26,27,28,29,30,31,32,33,34,39,40,41,42,43,71,82,83,84,85,86,89,90,91,184,185,207,212,222,223,224,225,226,227,228,229,242,243,264,273,285,287,289,297,299,301,308,314,315,316,333,334,335,336,421,447,448,460,539,540,541,542,558,559,560,597,
251;0;6168;6172;1;0,1,2,3,4,5,6,7,15,16,17,18,23,24,25,26,27,28,29,30,31,32,33,34,39,40,41,42,43,71,82,83,84,85,86,89,90,91,184,185,207,212,222,223,224,225,226,227,228,229,242,243,264,273,285,287,289,297,299,301,308,314,315,316,333,334,335,336,421,447,448,460,539,540,541,542,558,559,560,597,
236;0;6172;6255;0;0,1,2,3,4,5,6,7,15,16,17,18,23,24,25,26,27,28,29,30,31,32,33,34,39,40,41,42,43,71,82,83,84,85,86,89,90,91,184,185,207,212,222,223,224,225,226,227,228,229,242,243,264,273,285,287,289,297,299,301,308,314,315,316,333,334,335,336,421,447,448,460,539,540,541,542,558,559,560,597,
277;0;6255;6302;1;0,1,2,3,4,5,6,7,15,16,17,18,23,24,25,26,27,28,29,30,31,32,33,34,39,40,41,42,43,71,82,83,84,85,86,89,90,91,184,185,207,212,222,223,224,225,226,227,228,229,242,243,264,273,285,287,289,297,299,301,308,314,315,316,333,334,335,336,421,447,448,460,539,540,541,542,558,559,560,597,
277;1;6302;6306;1;0,1,2,3,4,5,6,7,15,16,17,18,23,24,25,26,27,28,29,30,31,32,33,34,39,40,41,42,43,71,82,83,84,85,86,89,90,91,184,185,207,212,222,223,224,225,226,227,228,229,242,243,264,273,285,287,289,297,299,301,308,314,315,316,333,334,335,336,421,447,448,460,539,540,541,542,558,559,560,597,
27;0;6306;6409;1;0,1,2,3,4,5,6,7,15,16,17,18,23,24,25,26,27,28,29,30,31,32,33,34,39,40,41,42,43,71,82,83,84,85,86,89,90,91,184,185,207,212,222,223,224,225,226,227,228,229,242,243,264,273,285,287,289,297,299,301,308,314,315,316,333,334,335,336,421,447,448,460,539,540,541,542,558,559,560,597,
27;1;6409;6439;1;0,1,2,3,4,5,6,7,15,16,17,18,23,24,25,26,27,28,29,30,31,32,33,34,39,40,41,42,43,71,82,83,84,85,86,89,90,91,184,185,207,212,222,223,224,225,226,227,228,229,242,243,264,273,285,287,289,297,299,301,308,314,315,316,333,334,335,336,421,447,448,460,539,540,541,542,558,559,560,597,
200;0;6439;6508;1;0,1,2,3,4,5,6,7,15,16,17,18,23,24,25,26,27,28,29,30,31,32,33,34,39,40,41,42,43,71,82,83,84,85,86,89,90,91,184,185,207,212,222,223,224,225,226,227,228,229,242,243,264,273,285,287,289,297,299,301,308,314,315,316,333,334,335,336,421,447,448,460,539,540,541,542,558,559,560,597,
399;0;6508;6542;0;0,1,2,3,4,5,6,7,15,16,17,18,23,24,25,26,27,28,29,30,31,32,33,34,39,40,41,42,43,71,82,83,84,85,86,89,90,91,184,185,207,212,222,223,224,225,226,227,228,229,242,243,264,273,285,287,289,297,299,301,308,314,315,316,333,334,335,336,421,447,448,460,539,540,541,542,558,559,560,597,
399;1;6542;6679;0;0,1,2,3,4,5,6,7,15,16,17,18,23,24,25,26,27,28,29,30,31,32,33,34,39,40,41,42,43,71,82,83,84,85,86,89,90,91,184,185,207,212,222,223,224,225,226,227,228,229,242,243,264,273,285,287,289,297,299,301,308,314,315,316,333,334,335,336,421,447,448,460,539,540,541,542,558,559,560,597,
426;0;6679;6683;0;0,1,2,3,4,5,6,7,15,16,17,18,23,24,25,26,27,28,29,30,31,32,33,34,39,40,41,42,43,71,82,83,84,85,86,89,90,91,184,185,207,212,222,223,224,225,226,227,228,229,242,243,264,273,285,287,289,297,299,301,308,314,315,316,333,334,335,336,421,447,448,460,539,540,541,542,558,559,560,597,
442;0;6683;6820;0;0,1,2,3,4,5,6,7,15,16,17,18,23,24,25,26,27,28,29,30,31,32,33,34,39,40,41,42,43,71,82,83,84,85,86,89,90,91,184,185,207,212,222,223,224,225,226,227,228,229,242,243,264,273,285,287,289,297,299,301,308,314,315,316,333,334,335,336,421,447,448,460,539,540,541,542,558,559,560,597,
442;1;6820;6873;0;0,1,2,3,4,5,6,7,15,16,17,18,23,24,25,26,27,28,29,30,31,32,33,34,39,40,41,42,43,71,82,83,84,85,86,89,90,91,184,185,207,212,222,223,224,225,226,227,228,229,242,243,264,273,285,287,289,297,299,301,308,314,315,316,333,334,335,336,421,447,448,460,539,540,541,542,558,559,560,597,
342;0;6873;6954;0;0,1,2,3,4,5,6,7,15,16,17,18,23,24,25,26,27,28,29,30,31,32,33,34,39,40,41,42,43,71,82,83,84,85,86,89,90,91,184,185,207,212,222,223,224,225,226,227,228,229,242,243,264,273,285,287,289,297,299,301,308,314,315,316,333,334,335,336,421,447,448,460,539,540,541,542,558,559,560,597,
342;1;6954;7007;0;0,1,2,3,4,5,6,7,15,16,17,18,23,24,25,26,27,28,29,30,31,32,33,34,39,40,41,42,43,71,82,83,84,85,86,89,90,91,184,185,207,212,222,223,224,225,226,227,228,229,242,243,264,273,285,287,289,297,299,301,308,314,315,316,333,334,335,336,421,447,448,460,539,540,541,542,558,559,560,597,
100;0;7007;7126;1;0,1,2,3,4,5,6,7,15,16,17,18,23,24,25,26,27,28,29,30,31,32,33,34,39,40,41,42,43,71,82,83,84,85,86,89,90,91,184,185,207,212,222,223,224,225,226,227,228,229,242,243,264,273,285,287,289,297,299,301,308,314,315,316,333,334,335,336,421,447,448,460,539,540,541,542,558,559,560,597,
446;0;7126;7192;0;0,1,2,3,4,5,6,7,15,16,17,18,23,24,25,26,27,28,29,30,31,32,33,34,39,40,41,42,43,71,82,83,84,85,86,89,90,91,184,185,207,212,222,223,224,225,226,227,228,229,242,243,264,273,285,287,289,297,299,301,308,314,315,316,333,334,335,336,421,447,448,460,539,540,541,542,558,559,560,597,
312;0;7192;7265;0;0,1,2,3,4,5,6,7,15,16,17,18,23,24,25,26,27,28,29,30,31,32,33,34,39,40,41,42,43,71,82,83,84,85,86,89,90,91,184,185,207,212,222,223,224,225,226,227,228,229,242,243,264,273,285,287,289,297,299,301,308,314,315,316,333,334,335,336,421,447,448,460,539,540,541,542,558,559,560,597,
312;1;7265;7334;0;0,1,2,3,4,5,6,7,15,16,17,18,23,24,25,26,27,28,29,30,31,32,33,34,39,40,41,42,43,71,82,83,84,85,86,89,90,91,184,185,207,212,222,223,224,225,226,227,228,229,242,243,264,273,285,287,289,297,299,301,308,314,315,316,333,334,335,336,421,447,448,460,539,540,541,542,558,559,560,597,
266;0;7334;7338;0;0,1,2,3,4,5,6,7,15,16,17,18,23,24,25,26,27,28,29,30,31,32,33,34,39,40,41,42,43,71,82,83,84,85,86,89,90,91,184,185,207,212,222,223,224,225,226,227,228,229,242,243,264,273,285,287,289,297,299,301,308,314,315,316,333,334,335,336,421,447,448,460,539,540,541,542,558,559,560,597,
58;0;7338;7464;0;0,1,2,3,4,5,6,7,15,16,17,18,23,24,25,26,27,28,29,30,31,32,33,34,39,40,41,42,43,71,82,83,84,85,86,89,90,91,184,185,207,212,222,223,224,225,226,227,228,229,242,243,264,273,285,287,289,297,299,301,308,314,315,316,333,334,335,336,421,447,448,460,539,540,541,542,558,559,560,597,
14;0;7464;7475;1;0,1,2,3,4,5,6,7,15,16,17,18,23,24,25,26,27,28,29,30,31,32,33,34,39,40,41,42,43,71,82,83,84,85,86,89,90,91,184,185,207,212,222,223,224,225,226,227,228,229,242,243,264,273,285,287,289,297,299,301,308,314,315,316,333,334,335,336,421,447,448,460,539,540,541,542,558,559,560,597,
14;1;7475;7565;1;0,1,2,3,4,5,6,7,15,16,17,18,23,24,25,26,27,28,29,30,31,32,33,34,39,40,41,42,43,71,82,83,84,85,86,89,90,91,184,185,207,212,222,223,224,225,226,227,228,229,242,243,264,273,285,287,289,297,299,301,308,314,315,316,333,334,335,336,421,447,448,460,539,540,541,542,558,559,560,597,
280;0;7565;7685;1;0,1,2,3,4,5,6,7,15,16,17,18,23,24,25,26,27,28,29,30,31,32,33,34,39,40,41,42,43,71,82,83,84,85,86,89,90,91,184,185,207,212,222,223,224,225,226,227,228,229,242,243,264,273,285,287,289,297,299,301,308,314,315,316,333,334,335,336,421,447,448,460,539,540,541,542,558,559,560,597,
254;0;7685;7689;1;0,1,2,3,4,5,6,7,15,16,17,18,23,24,25,26,27,28,29,30,31,32,33,34,39,40,41,42,43,71,82,83,84,85,86,89,90,91,184,185,207,212,222,223,224,225,226,227,228,229,242,243,264,273,285,287,289,297,299,301,308,314,315,316,333,334,335,336,421,447,448,460,539,540,541,542,558,559,560,597,
254;1;7689;7719;1;0,1,2,3,4,5,6,7,15,16,17,18,23,24,25,26,27,28,29,30,31,32,33,34,39,40,41,42,43,71,82,83,84,85,86,89,90,91,184,185,207,212,222,223,224,225,226,227,228,229,242,243,264,273,285,287,289,297,299,301,308,314,315,316,333,334,335,336,421,447,448,460,539,540,541,542,558,559,560,597,
300;0;7719;7863;1;0,1,2,3,4,5,6,7,15,16,17,18,23,24,25,26,27,28,29,30,31,32,33,34,39,40,41,42,43,71,82,83,84,85,86,89,90,91,184,185,207,212,222,223,224,225,226,227,228,229,242,243,264,273,285,287,289,297,299,301,308,314,315,316,333,334,335,336,421,447,448,460,539,540,541,542,558,559,560,597,
322;0;7863;8002;0;0,1,2,3,4,5,6,7,15,16,17,18,23,24,25,26,27,28,29,30,31,32,42,90,91,184,264,273,421,462,463,464,465,466,467,468,469,470,471,472,473,474,475,476,477,478,479,480,481,482,483,484,485,486,487,488,489,490,491,492,493,494,495,496,497,498,499,500,501,502,503,504,505,506,507,508,509,510,511,512,
322;1;8002;8054;0;0,1,2,3,4,5,6,7,15,16,17,18,23,24,25,26,27,28,29,30,31,32,42,90,91,184,264,273,421,462,463,464,465,466,467,468,469,470,471,472,473,474,475,476,477,478,479,480,481,482,483,484,485,486,487,488,489,490,491,492,493,494,495,496,497,498,499,500,501,502,503,504,505,506,507,508,509,510,511,512,
345;0;8054;8155;0;0,1,2,3,4,5,6,7,15,16,17,18,23,24,25,26,27,28,29,30,31,32,42,90,91,184,264,273,421,462,463,464,465,466,467,468,469,470,471,472,473,474,475,476,477,478,479,480,481,482,483,484,485,486,487,488,489,490,491,492,493,494,495,496,497,498,499,500,501,502,503,504,505,506,507,508,509,510,511,512,
335;0;8155;8301;0;0,1,2,3,4,5,6,7,15,16,17,18,23,24,25,26,27,28,29,30,31,32,42,90,91,184,264,273,421,462,463,464,465,466,467,468,469,470,471,472,473,474,475,476,477,478,479,480,481,482,483,484,485,486,487,488,489,490,491,492,493,494,495,496,497,498,499,500,501,502,503,504,505,506,507,508,509,510,511,512,
291;0;8301;8332;1;0,1,2,3,4,5,6,7,15,16,17,18,23,24,25,26,27,28,29,30,31,32,42,90,91,184,264,273,421,462,463,464,465,466,467,468,469,470,471,472,473,474,475,476,477,478,479,480,481,482,483,484,485,486,487,488,489,490,491,492,493,494,495,496,497,498,499,500,501,502,503,504,505,506,507,508,509,510,511,512,
383;0;8332;8443;1;0,1,2,3,4,5,6,7,15,16,17,18,23,24,25,26,27,28,29,30,31,32,42,90,91,184,264,273,421,462,463,464,465,466,467,468,469,470,471,472,473,474,475,476,477,478,479,480,481,482,483,484,485,486,487,488,489,490,491,492,493,494,495,496,497,498,499,500,501,502,503,504,505,506,507,508,509,510,511,512,
34;0;8443;8512;1;0,1,2,3,4,5,6,7,15,16,17,18,23,24,25,26,27,28,29,30,31,32,42,90,91,184,264,273,421,462,463,464,465,466,467,468,469,470,471,472,473,474,475,476,477,478,479,480,481,482,483,484,485,486,487,488,489,490,491,492,493,494,495,496,497,498,499,500,501,502,503,504,505,506,507,508,509,510,511,512,
34;1;8512;8656;1;0,1,2,3,4,5,6,7,15,16,17,18,23,24,25,26,27,28,29,30,31,32,42,90,91,184,264,273,421,462,463,464,465,466,467,468,469,470,471,472,473,474,475,476,477,478,479,480,481,482,483,484,485,486,487,488,489,490,491,492,493,494,495,496,497,498,499,500,501,502,503,504,505,506,507,508,509,510,511,512,
229;0;8656;8761;0;0,1,2,3,4,5,6,7,15,16,17,18,23,24,25,26,27,28,29,30,31,32,42,90,91,184,264,273,421,462,463,464,465,466,467,468,469,470,471,472,473,474,475,476,477,478,479,480,481,482,483,484,485,486,487,488,489,490,491,492,493,494,495,496,497,498,499,500,501,502,503,504,505,506,507,508,509,510,511,512,
229;1;8761;8855;0;0,1,2,3,4,5,6,7,15,16,17,18,23,24,25,26,27,28,29,30,31,32,42,90,91,184,264,273,421,462,463,464,465,466,467,468,469,470,471,472,473,474,475,476,477,478,479,480,481,482,483,484,485,486,487,488,489,490,491,492,493,494,495,496,497,498,499,500,501,502,503,504,505,506,507,508,509,510,511,512,
267;0;8855;8993;1;0,1,2,3,4,5,6,7,15,16,17,18,23,24,25,26,27,28,29,30,31,32,42,90,91,184,264,273,421,462,463,464,465,466,467,468,469,470,471,472,473,474,475,476,477,478,479,480,481,482,483,484,485,486,487,488,489,490,491,492,493,494,495,496,497,498,499,500,501,502,503,504,505,506,507,508,509,510,511,512,
267;1;8993;9018;1;0,1,2,3,4,5,6,7,15,16,17,18,23,24,25,26,27,28,29,30,31,32,42,90,91,184,264,273,421,462,463,464,465,466,467,468,469,470,471,472,473,474,475,476,477,478,479,480,481,482,483,484,485,486,487,488,489,490,491,492,493,494,495,496,497,498,499,500,501,502,503,504,505,506,507,508,509,510,511,512,
402;0;9018;9197;0;0,1,2,3,4,5,6,7,15,16,17,18,23,24,25,26,27,28,29,30,31,32,42,90,91,184,264,273,421,462,463,464,465,466,467,468,469,470,471,472,473,474,475,476,477,478,479,480,481,482,483,484,485,486,487,488,489,490,491,492,493,494,495,496,497,498,499,500,501,502,503,504,505,506,507,508,509,510,511,512,
402;1;9197;9283;0;0,1,2,3,4,5,6,7,15,16,17,18,23,24,25,26,27,28,29,30,31,32,42,90,91,184,264,273,421,462,463,464,465,466,467,468,469,470,471,472,473,474,475,476,477,478,479,480,481,482,483,484,485,486,487,488,489,490,491,492,493,494,495,496,497,498,499,500,501,502,503,504,505,506,507,508,509,510,511,512,
Machine: 3
130;0;0;137;1;8,9,10,11,12,13,14,35,36,37,80,81,82,83,84,85,86,99,100,101,102,103,104,105,106,107,108,109,110,111,112,124,128,129,138,139,178,207,208,209,210,211,233,234,235,240,241,243,244,246,248,251,253,258,265,266,269,342,354,376,377,378,379,421,444,445,446,450,461,512,532,550,568,591,592,593,594,595,596,628,
73;0;137;206;1;8,9,10,11,12,13,14,35,36,37,80,81,82,83,84,85,86,99,100,101,102,103,104,105,106,107,108,109,110,111,112,124,128,129,138,139,178,207,208,209,210,211,233,234,235,240,241,243,244,246,248,251,253,258,265,266,269,342,354,376,377,378,379,421,444,445,446,450,461,512,532,550,568,591,592,593,594,595,596,628,
344;0;206;333;1;8,9,10,11,12,13,14,35,36,37,80,81,82,83,84,85,86,99,100,101,102,103,104,105,106,107,108,109,110,111,112,124,128,129,138,139,178,207,208,209,210,211,233,234,235,240,241,243,244,246,248,251,253,258,265,266,269,342,354,376,377,378,379,421,444,445,446,450,461,512,532,550,568,591,592,593,594,595,596,628,
344;1;333;511;1;8,9,10,11,12,13,14,35,36,37,80,81,82,83,84,85,86,99,100,101,102,103,104,105,106,107,108,109,110,111,112,124,128,129,138,139,178,207,208,209,210,211,233,234,235,240,241,243,244,246,248,251,253,258,265,266,269,342,354,376,377,378,379,421,444,445,446,450,461,512,532,550,568,591,592,593,594,595,596,628,
283;0;511;548;1;8,9,10,11,12,13,14,35,36,37,80,81,82,83,84,85,86,99,100,101,102,103,104,105,106,107,108,109,110,111,112,124,128,129,138,139,178,207,208,209,210,211,233,234,235,240,241,243,244,246,248,251,253,258,265,266,269,342,354,376,377,378,379,421,444,445,446,450,461,512,532,550,568,591,592,593,594,595,596,628,
71;0;548;663;1;8,9,10,11,12,13,14,35,36,37,80,81,82,83,84,85,86,99,100,101,102,103,104,105,106,107,108,109,110,111,112,124,128,129,138,139,178,207,208,209,210,211,233,234,235,240,241,243,244,246,248,251,253,258,265,266,269,342,354,376,377,378,379,421,444,445,446,450,461,512,532,550,568,591,592,593,594,595,596,628,
439;0;663;793;0;8,9,10,11,12,13,14,35,36,37,80,81,82,83,84,85,86,99,100,101,102,103,104,105,106,107,108,109,110,111,112,124,128,129,138,139,178,207,208,209,210,211,233,234,235,240,241,243,244,246,248,251,253,258,265,266,269,342,354,376,377,378,379,421,444,445,446,450,461,512,532,550,568,591,592,593,594,595,596,628,
439;1;793;859;0;8,9,10,11,12,13,14,35,36,37,80,81,82,83,84,85,86,99,100,101,102,103,104,105,106,107,108,109,110,111,112,124,128,129,138,139,178,207,208,209,210,211,233,234,235,240,241,243,244,246,248,251,253,258,265,266,269,342,354,376,377,378,379,421,444,445,446,450,461,512,532,550,568,591,592,593,594,595,596,628,
87;0;859;1025;1;8,9,10,11,12,13,14,35,36,37,80,81,82,83,84,85,86,99,100,101,102,103,104,105,106,107,108,109,110,111,112,124,128,129,138,139,178,207,208,209,210,211,233,234,235,240,241,243,244,246,248,251,253,258,265,266,269,342,354,376,377,378,379,421,444,445,446,450,461,512,532,550,568,591,592,593,594,595,596,628,
87;1;1025;1130;1;8,9,10,11,12,13,14,35,36,37,80,81,82,83,84,85,86,99,100,101,102,103,104,105,106,107,108,109,110,111,112,124,128,129,138,139,178,207,208,209,210,211,233,234,235,240,241,243,244,246,248,251,253,258,265,266,269,342,354,376,377,378,379,421,444,445,446,450,461,512,532,550,568,591,592,593,594,595,596,628,
250;0;1130;1267;1;8,9,10,11,12,13,14,35,36,37,80,81,82,83,84,85,86,99,100,101,102,103,104,105,106,107,108,109,110,111,112,124,128,129,138,139,178,207,208,209,210,211,233,234,235,240,241,243,244,246,248,251,253,258,265,266,269,342,354,376,377,378,379,421,444,445,446,450,461,512,532,550,568,591,592,593,594,595,596,628,
11;0;1267;1333;1;8,9,10,11,12,13,14,35,36,37,80,81,82,83,84,85,86,99,100,101,102,103,104,105,106,107,108,109,110,111,112,124,128,129,138,139,178,207,208,209,210,211,233,234,235,240,241,243,244,246,248,251,253,258,265,266,269,342,354,376,377,378,379,421,444,445,446,450,461,512,532,550,568,591,592,593,594,595,596,628,
192;0;1333;1344;0;8,9,10,11,12,13,14,35,36,37,80,81,82,83,84,85,86,99,100,101,102,103,104,105,106,107,108,109,110,111,112,124,128,129,138,139,178,207,208,209,210,211,233,234,235,240,241,243,244,246,248,251,253,258,265,266,269,342,354,376,377,378,379,421,444,445,446,450,461,512,532,550,568,591,592,593,594,595,596,628,
192;1;1344;1378;0;8,9,10,11,12,13,14,35,36,37,80,81,82,83,84,85,86,99,100,101,102,103,104,105,106,107,108,109,110,111,112,124,128,129,138,139,178,207,208,209,210,211,233,234,235,240,241,243,244,246,248,251,253,258,265,266,269,342,354,376,377,378,379,421,444,445,446,450,461,512,532,550,568,591,592,593,594,595,596,628,
17;0;1378;1452;1;8,9,10,11,12,13,14,35,36,37,80,81,82,83,84,85,86,99,100,101,102,103,104,105,106,107,108,109,110,111,112,124,128,129,138,139,178,207,208,209,210,211,233,234,235,240,241,243,244,246,248,251,253,258,265,266,269,342,354,376,377,378,379,421,444,445,446,450,461,512,532,550,568,591,592,593,594,595,596,628,
17;1;1452;1486;1;8,9,10,11,12,13,14,35,36,37,80,81,82,83,84,85,86,99,100,101,102,103,104,105,106,107,108,109,110,111,112,124,128,129,138,139,178,207,208,209,210,211,233,234,235,240,241,243,244,246,248,251,253,258,265,266,269,342,354,376,377,378,379,421,444,445,446,450,461,512,532,550,568,591,592,593,594,595,596,628,
259;0;1486;1589;0;8,9,10,11,12,13,14,35,36,37,80,81,82,83,84,85,86,99,100,101,102,103,104,105,106,107,108,109,110,111,112,124,128,129,138,139,178,207,208,209,210,211,233,234,235,240,241,243,244,246,248,251,253,258,265,266,269,342,354,376,377,378,379,421,444,445,446,450,461,512,532,550,568,591,592,593,594,595,596,628,
259;1;1589;1633;0;8,9,10,11,12,13,14,35,36,37,80,81,82,83,84,85,86,99,100,101,102,103,104,105,106,107,108,109,110,111,112,124,128,129,138,139,178,207,208,209,210,211,233,234,235,240,241,243,244,246,248,251,253,258,265,266,269,342,354,376,377,378,379,421,444,445,446,450,461,512,532,550,568,591,592,593,594,595,596,628,
430;0;1633;1665;1;8,9,10,11,12,13,14,35,36,37,80,81,82,83,84,85,86,99,100,101,102,103,104,105,106,107,108,109,110,111,112,124,128,129,138,139,178,207,208,209,210,211,233,234,235,240,241,243,244,246,248,251,253,258,265,266,269,342,354,376,377,378,379,421,444,445,446,450,461,512,532,550,568,591,592,593,594,595,596,628,
295;0;1665;1738;0;8,9,10,11,12,13,14,35,36,37,80,81,82,83,84,85,86,99,100,101,102,103,104,105,106,107,108,109,110,111,112,124,128,129,138,139,178,207,208,209,210,211,233,234,235,240,241,243,244,246,248,251,253,258,265,266,269,342,354,376,377,378,379,421,444,445,446,450,461,512,532,550,568,591,592,593,594,595,596,628,
93;0;1738;1832;1;8,9,10,11,12,13,14,35,36,37,80,81,82,83,84,85,86,99,100,101,102,103,104,105,106,107,108,109,110,111,112,124,128,129,138,139,178,207,208,209,210,211,233,234,235,240,241,243,244,246,248,251,253,258,265,266,269,342,354,376,377,378,379,421,444,445,446,450,461,512,532,550,568,591,592,593,594,595,596,628,
88;0;1832;2004;0;8,9,10,11,12,13,14,35,36,37,80,81,82,83,84,85,86,99,100,101,102,103,104,105,106,107,108,109,110,111,112,124,128,129,138,139,178,207,208,209,210,211,233,234,235,240,241,243,244,246,248,251,253,258,265,266,269,342,354,376,377,378,379,421,444,445,446,450,461,512,532,550,568,591,592,593,594,595,596,628,
382;0;2004;2090;0;8,9,10,11,12,13,14,35,36,37,80,81,82,83,84,85,86,99,100,101,102,103,104,105,106,107,108,109,110,111,112,124,128,129,138,139,178,207,208,209,210,211,233,234,235,240,241,243,244,246,248,251,253,258,265,266,269,342,354,376,377,378,379,421,444,445,446,450,461,512,532,550,568,591,592,593,594,595,596,628,
382;1;2090;2222;0;8,9,10,11,12,13,14,35,36,37,80,81,82,83,84,85,86,99,100,101,102,103,104,105,106,107,108,109,110,111,112,124,128,129,138,139,178,207,208,209,210,211,233,234,235,240,241,243,244,246,248,251,253,258,265,266,269,342,354,376,377,378,379,421,444,445,446,450,461,512,532,550,568,591,592,593,594,595,596,628,
284;0;2222;2364;1;8,9,10,11,12,13,14,35,36,37,80,81,82,83,84,85,86,99,100,101,102,103,104,105,106,107,108,109,110,111,112,124,128,129,138,139,178,207,208,209,210,211,233,234,235,240,241,243,244,246,248,251,253,258,265,266,269,342,354,376,377,378,379,421,444,445,446,450,461,512,532,550,568,591,592,593,594,595,596,628,
284;1;2364;2398;1;8,9,10,11,12,13,14,35,36,37,80,81,82,83,84,85,86,99,100,101,102,103,104,105,106,107,108,109,110,111,112,124,128,129,138,139,178,207,208,209,210,211,233,234,235,240,241,243,244,246,248,251,253,258,265,266,269,342,354,376,377,378,379,421,444,445,446,450,461,512,532,550,568,591,592,593,594,595,596,628,
75;0;2398;2458;0;8,9,10,11,12,13,14,35,36,37,80,81,82,83,84,85,86,99,100,101,102,103,104,105,106,107,108,109,110,111,112,124,128,129,138,139,178,207,208,209,210,211,233,234,235,240,241,243,244,246,248,251,253,258,265,266,269,342,354,376,377,378,379,421,444,445,446,450,461,512,532,550,568,591,592,593,594,595,596,628,
53;0;2458;2476;1;8,9,10,11,12,13,14,35,36,37,80,81,82,83,84,85,86,99,100,101,102,103,104,105,106,107,108,109,110,111,112,124,128,129,138,139,178,207,208,209,210,211,233,234,235,240,241,243,244,246,248,251,253,258,265,266,269,342,354,376,377,378,379,421,444,445,446,450,461,512,532,550,568,591,592,593,594,595,596,628,
118;0;2476;2572;0;8,9,10,11,12,13,14,35,36,37,80,81,82,83,84,85,86,99,100,101,102,103,104,105,106,107,108,109,110,111,112,124,128,129,138,139,178,207,208,209,210,211,233,234,235,240,241,243,244,246,248,251,253,258,265,266,269,342,354,376,377,378,379,421,444,445,446,450,461,512,532,550,568,591,592,593,594,595,596,628,
256;0;2572;2590;0;8,9,10,11,12,13,14,35,36,37,80,81,82,83,84,85,86,99,100,101,102,103,104,105,106,107,108,109,110,111,112,124,128,129,138,139,178,207,208,209,210,211,233,234,235,240,241,243,244,246,248,251,253,258,265,266,269,342,354,376,377,378,379,421,444,445,446,450,461,512,532,550,568,591,592,593,594,595,596,628,
306;0;2590;2604;0;8,9,10,11,12,13,14,35,36,37,80,81,82,83,84,85,86,99,100,101,102,103,104,105,106,107,108,109,110,111,112,124,128,129,138,139,178,207,208,209,210,211,233,234,235,240,241,243,244,246,248,251,253,258,265,266,269,342,354,376,377,378,379,421,444,445,446,450,461,512,532,550,568,591,592,593,594,595,596,628,
216;0;2604;2741;0;8,9,10,11,12,13,14,35,36,37,80,81,82,83,84,85,86,99,100,101,102,103,104,105,106,107,108,109,110,111,112,124,128,129,138,139,178,207,208,209,210,211,233,234,235,240,241,243,244,246,248,251,253,258,265,266,269,342,354,376,377,378,379,421,444,445,446,450,461,512,532,550,568,591,592,593,594,595,596,628,
136;0;2741;2814;0;8,9,10,11,12,13,14,35,36,37,80,81,82,83,84,85,86,99,100,101,102,103,104,105,106,107,108,109,110,111,112,124,128,129,138,139,178,207,208,209,210,211,233,234,235,240,241,243,244,246,248,251,253,258,265,266,269,342,354,376,377,378,379,421,444,445,446,450,461,512,532,550,568,591,592,593,594,595,596,628,
213;0;2814;2850;1;8,9,10,11,12,13,14,35,36,37,80,81,82,83,84,85,86,99,100,101,102,103,104,105,106,107,108,109,110,111,112,124,128,129,138,139,178,207,208,209,210,211,233,234,235,240,241,243,244,246,248,251,253,258,265,266,269,342,354,376,377,378,379,421,444,445,446,450,461,512,532,550,568,591,592,593,594,595,596,628,
206;0;2850;2944;0;8,9,10,11,12,13,14,35,36,37,80,81,82,83,84,85,86,99,100,101,102,103,104,105,106,107,108,109,110,111,112,124,128,129,138,139,178,207,208,209,210,211,233,234,235,240,241,243,244,246,248,251,253,258,265,266,269,342,354,376,377,378,379,421,444,445,446,450,461,512,532,550,568,591,592,593,594,595,596,628,
47;0;2944;3081;1;8,9,10,11,12,13,14,35,36,37,80,81,82,83,84,85,86,99,100,101,102,103,104,105,106,107,108,109,110,111,112,124,128,129,138,139,178,207,208,209,210,211,233,234,235,240,241,243,244,246,248,251,253,258,265,266,269,342,354,376,377,378,379,421,444,445,446,450,461,512,532,550,568,591,592,593,594,595,596,628,
47;1;3081;3177;1;8,9,10,11,12,13,14,35,36,37,80,81,82,83,84,85,86,99,100,101,102,103,104,105,106,107,108,109,110,111,112,124,128,129,138,139,178,207,208,209,210,211,233,234,235,240,241,243,244,246,248,251,253,258,265,266,269,342,354,376,377,378,379,421,444,445,446,450,461,512,532,550,568,591,592,593,594,595,596,628,
282;0;3177;3226;0;8,9,10,11,12,13,14,35,36,37,80,81,82,83,84,85,86,99,100,101,102,103,104,105,106,107,108,109,110,111,112,124,128,129,138,139,178,207,208,209,210,211,233,234,235,240,241,243,244,246,248,251,253,258,265,266,269,342,354,376,377,378,379,421,444,445,446,450,461,512,532,550,568,591,592,593,594,595,596,628,
282;1;3226;3260;0;8,9,10,11,12,13,14,35,36,37,80,81,82,83,84,85,86,99,100,101,102,103,104,105,106,107,108,109,110,111,112,124,128,129,138,139,178,207,208,209,210,211,233,234,235,240,241,243,244,246,248,251,253,258,265,266,269,342,354,376,377,378,379,421,444,445,446,450,461,512,532,550,568,591,592,593,594,595,596,628,
225;0;3260;3393;0;8,9,10,11,12,13,14,35,36,37,80,81,82,83,84,85,86,99,100,101,102,103,104,105,106,107,108,109,110,111,112,124,128,129,138,139,178,207,208,209,210,211,233,234,235,240,241,243,244,246,248,251,253,258,265,266,269,342,354,376,377,378,379,421,444,445,446,450,461,512,532,550,568,591,592,593,594,595,596,628,
433;0;3393;3545;1;8,9,10,11,12,13,14,35,36,37,80,81,82,83,84,85,86,99,100,101,102,103,104,105,106,107,108,109,110,111,112,124,128,129,138,139,178,207,208,209,210,211,233,234,235,240,241,243,244,246,248,251,253,258,265,266,269,342,354,376,377,378,379,421,444,445,446,450,461,512,532,550,568,591,592,593,594,595,596,628,
143;0;3545;3559;1;8,9,10,11,12,13,14,35,36,37,80,81,82,83,84,85,86,99,100,101,102,103,104,105,106,107,108,109,110,111,112,124,128,129,138,139,178,207,208,209,210,211,233,234,235,240,241,243,244,246,248,251,253,258,265,266,269,342,354,376,377,378,379,421,444,445,446,450,461,512,532,550,568,591,592,593,594,595,596,628,
21;0;3559;3593;1;8,9,10,11,12,13,14,35,36,37,80,81,82,83,84,85,86,99,100,101,102,103,104,105,106,107,108,109,110,111,112,124,128,129,138,139,178,207,208,209,210,211,233,234,235,240,241,243,244,246,248,251,253,258,265,266,269,342,354,376,377,378,379,421,444,445,446,450,461,512,532,550,568,591,592,593,594,595,596,628,
1;0;3593;3740;0;8,9,10,11,12,13,14,35,36,37,80,81,82,83,84,85,86,99,100,101,102,103,104,105,106,107,108,109,110,111,112,124,128,129,138,139,178,207,208,209,210,211,233,234,235,240,241,243,244,246,248,251,253,258,265,266,269,342,354,376,377,378,379,421,444,445,446,450,461,512,532,550,568,591,592,593,594,595,596,628,
305;0;3740;3796;0;8,9,10,11,12,13,14,35,36,37,80,81,82,83,84,85,86,99,100,101,102,103,104,105,106,107,108,109,110,111,112,124,128,129,138,139,178,207,208,209,210,211,233,234,235,240,241,243,244,246,248,251,253,258,265,266,269,342,354,376,377,378,379,421,444,445,446,450,461,512,532,550,568,591,592,593,594,595,596,628,
319;0;3796;3890;0;8,9,10,11,12,13,14,35,36,37,80,81,82,83,84,85,86,99,100,101,102,103,104,105,106,107,108,109,110,111,112,124,128,129,138,139,178,207,208,209,210,211,233,234,235,240,241,243,244,246,248,251,253,258,265,266,269,342,354,376,377,378,379,421,444,445,446,450,461,512,532,550,568,591,592,593,594,595,596,628,
319;1;3890;3999;0;8,9,10,11,12,13,14,35,36,37,80,81,82,83,84,85,86,99,100,101,102,103,104,105,106,107,108,109,110,111,112,124,128,129,138,139,178,207,208,209,210,211,233,234,235,240,241,243,244,246,248,251,253,258,265,266,269,342,354,376,377,378,379,421,444,445,446,450,461,512,532,550,568,591,592,593,594,595,596,628,
205;0;3999;4031;0;8,9,10,11,12,13,14,35,36,37,80,81,82,83,84,85,86,99,100,101,102,103,104,105,106,107,108,109,110,111,112,124,128,129,138,139,178,207,208,209,210,211,233,234,235,240,241,243,244,246,248,251,253,258,265,266,269,342,354,376,377,378,379,421,444,445,446,450,461,512,532,550,568,591,592,593,594,595,596,628,
263;0;4031;4104;1;8,9,10,11,12,13,14,35,36,37,80,81,82,83,84,85,86,99,100,101,102,103,104,105,106,107,108,109,110,111,112,124,128,129,138,139,178,207,208,209,210,211,233,234,235,240,241,243,244,246,248,251,253,258,265,266,269,342,354,376,377,378,379,421,444,445,446,450,461,512,532,550,568,591,592,593,594,595,596,628,
70;0;4104;4180;1;8,9,10,11,12,13,14,35,36,37,80,81,82,83,84,85,86,99,100,101,102,103,104,105,106,107,108,109,110,111,112,124,128,129,138,139,178,207,208,209,210,211,233,234,235,240,241,243,244,246,248,251,253,258,265,266,269,342,354,376,377,378,379,421,444,445,446,450,461,512,532,550,568,591,592,593,594,595,596,628,
448;0;4180;4255;0;8,9,10,11,12,13,14,35,36,37,80,81,82,83,84,85,86,99,100,101,102,103,104,105,106,107,108,109,110,111,112,124,128,129,138,139,178,207,208,209,210,211,233,234,235,240,241,243,244,246,248,251,253,258,265,266,269,342,354,376,377,378,379,421,444,445,446,450,461,512,532,550,568,591,592,593,594,595,596,628,
313;0;4255;4373;1;8,9,10,11,12,13,14,35,36,37,80,81,82,83,84,85,86,99,100,101,102,103,104,105,106,107,108,109,110,111,112,124,128,129,138,139,178,207,208,209,210,211,233,234,235,240,241,243,244,246,248,251,253,258,265,266,269,342,354,376,377,378,379,421,444,445,446,450,461,512,532,550,568,591,592,593,594,595,596,628,
158;0;4373;4533;0;8,9,10,11,12,13,14,35,36,37,80,81,82,83,84,85,86,99,100,101,102,103,104,105,106,107,108,109,110,111,112,124,128,129,138,139,178,207,208,209,210,211,233,234,235,240,241,243,244,246,248,251,253,258,265,266,269,342,354,376,377,378,379,421,444,445,446,450,461,512,532,550,568,591,592,593,594,595,596,628,
144;0;4533;4611;1;8,9,10,11,12,13,14,35,36,37,80,81,82,83,84,85,86,99,100,101,102,103,104,105,106,107,108,109,110,111,112,124,128,129,138,139,178,207,208,209,210,211,233,234,235,240,241,243,244,246,248,251,253,258,265,266,269,342,354,376,377,378,379,421,444,445,446,450,461,512,532,550,568,591,592,593,594,595,596,628,
144;1;4611;4720;1;8,9,10,11,12,13,14,35,36,37,80,81,82,83,84,85,86,99,100,101,102,103,104,105,106,107,108,109,110,111,112,124,128,129,138,139,178,207,208,209,210,211,233,234,235,240,241,243,244,246,248,251,253,258,265,266,269,342,354,376,377,378,379,421,444,445,446,450,461,512,532,550,568,591,592,593,594,595,596,628,
132;0;4720;4754;0;8,9,10,11,12,13,14,35,36,37,80,81,82,83,84,85,86,99,100,101,102,103,104,105,106,107,108,109,110,111,112,124,128,129,138,139,178,207,208,209,210,211,233,234,235,240,241,243,244,246,248,251,253,258,265,266,269,342,354,376,377,378,379,421,444,445,446,450,461,512,532,550,568,591,592,593,594,595,596,628,
132;1;4754;4872;0;8,9,10,11,12,13,14,35,36,37,80,81,82,83,84,85,86,99,100,101,102,103,104,105,106,107,108,109,110,111,112,124,128,129,138,139,178,207,208,209,210,211,233,234,235,240,241,243,244,246,248,251,253,258,265,266,269,342,354,376,377,378,379,421,444,445,446,450,461,512,532,550,568,591,592,593,594,595,596,628,
328;0;4872;4906;0;8,9,10,11,12,13,14,35,36,37,80,81,82,83,84,85,86,99,100,101,102,103,104,105,106,107,108,109,110,111,112,124,128,129,138,139,178,207,208,209,210,211,233,234,235,240,241,243,244,246,248,251,253,258,265,266,269,342,354,376,377,378,379,421,444,445,446,450,461,512,532,550,568,591,592,593,594,595,596,628,
35;0;4906;5084;0;8,9,10,11,13,14,35,36,37,82,83,84,85,86,99,124,125,128,129,178,199,200,201,202,203,204,205,206,207,208,209,210,211,233,234,243,244,245,246,247,248,249,251,265,266,267,268,269,270,271,272,287,288,289,290,291,292,293,294,295,296,297,298,342,349,350,351,352,402,444,450,461,527,528,529,530,531,532,533,534,
326;0;5084;5116;0;8,9,10,11,13,14,35,36,37,82,83,84,85,86,99,124,125,128,129,178,199,200,201,202,203,204,205,206,207,208,209,210,211,233,234,243,244,245,246,247,248,249,251,265,266,267,268,269,270,271,272,287,288,289,290,291,292,293,294,295,296,297,298,342,349,350,351,352,402,444,450,461,527,528,529,530,531,532,533,534,
30;0;5116;5124;1;8,9,10,11,13,14,35,36,37,82,83,84,85,86,99,124,125,128,129,178,199,200,201,202,203,204,205,206,207,208,209,210,211,233,234,243,244,245,246,247,248,249,251,265,266,267,268,269,270,271,272,287,288,289,290,291,292,293,294,295,296,297,298,342,349,350,351,352,402,444,450,461,527,528,529,530,531,532,533,534,
298;0;5124;5176;0;8,9,10,11,13,14,35,36,37,82,83,84,85,86,99,124,125,128,129,178,199,200,201,202,203,204,205,206,207,208,209,210,211,233,234,243,244,245,246,247,248,249,251,265,266,267,268,269,270,271,272,287,288,289,290,291,292,293,294,295,296,297,298,342,349,350,351,352,402,444,450,461,527,528,529,530,531,532,533,534,
301;0;5176;5198;1;8,9,10,11,13,14,35,36,37,82,83,84,85,86,99,124,125,128,129,178,199,200,201,202,203,204,205,206,207,208,209,210,211,233,234,243,244,245,246,247,248,249,251,265,266,267,268,269,270,271,272,287,288,289,290,291,292,293,294,295,296,297,298,342,349,350,351,352,402,444,450,461,527,528,529,530,531,532,533,534,
260;0;5198;5271;1;8,9,10,11,13,14,35,36,37,82,83,84,85,86,99,124,125,128,129,178,199,200,201,202,203,204,205,206,207,208,209,210,211,233,234,243,244,245,246,247,248,249,251,265,266,267,268,269,270,271,272,287,288,289,290,291,292,293,294,295,296,297,298,342,349,350,351,352,402,444,450,461,527,528,529,530,531,532,533,534,
173;0;5271;5331;1;8,9,10,11,13,14,35,36,37,82,83,84,85,86,99,124,125,128,129,178,199,200,201,202,203,204,205,206,207,208,209,210,211,233,234,243,244,245,246,247,248,249,251,265,266,267,268,269,270,271,272,287,288,289,290,291,292,293,294,295,296,297,298,342,349,350,351,352,402,444,450,461,527,528,529,530,531,532,533,534,
379;0;5331;5420;0;8,9,10,11,13,14,35,36,37,82,83,84,85,86,99,124,125,128,129,178,199,200,201,202,203,204,205,206,207,208,209,210,211,233,234,243,244,245,246,247,248,249,251,265,266,267,268,269,270,271,272,287,288,289,290,291,292,293,294,295,296,297,298,342,349,350,351,352,402,444,450,461,527,528,529,530,531,532,533,534,
379;1;5420;5535;0;8,9,10,11,13,14,35,36,37,82,83,84,85,86,99,124,125,128,129,178,199,200,201,202,203,204,205,206,207,208,209,210,211,233,234,243,244,245,246,247,248,249,251,265,266,267,268,269,270,271,272,287,288,289,290,291,292,293,294,295,296,297,298,342,349,350,351,352,402,444,450,461,527,528,529,530,531,532,533,534,
161;0;5535;5645;1;8,9,10,11,13,14,35,36,37,82,83,84,85,86,99,124,125,128,129,178,199,200,201,202,203,204,205,206,207,208,209,210,211,233,234,243,244,245,246,247,248,249,251,265,266,267,268,269,270,271,272,287,288,289,290,291,292,293,294,295,296,297,298,342,349,350,351,352,402,444,450,461,527,528,529,530,531,532,533,534,
209;0;5645;5653;0;8,9,10,11,13,14,35,36,37,82,83,84,85,86,99,124,125,128,129,178,199,200,201,202,203,204,205,206,207,208,209,210,211,233,234,243,244,245,246,247,248,249,251,265,266,267,268,269,270,271,272,287,288,289,290,291,292,293,294,295,296,297,298,342,349,350,351,352,402,444,450,461,527,528,529,530,531,532,533,534,
209;1;5653;5827;0;8,9,10,11,13,14,35,36,37,82,83,84,85,86,99,124,125,128,129,178,199,200,201,202,203,204,205,206,207,208,209,210,211,233,234,243,244,245,246,247,248,249,251,265,266,267,268,269,270,271,272,287,288,289,290,291,292,293,294,295,296,297,298,342,349,350,351,352,402,444,450,461,527,528,529,530,531,532,533,534,
419;0;5827;5852;0;8,9,10,11,13,14,35,36,37,82,83,84,85,86,99,124,125,128,129,178,199,200,201,202,203,204,205,206,207,208,209,210,211,233,234,243,244,245,246,247,248,249,251,265,266,267,268,269,270,271,272,287,288,289,290,291,292,293,294,295,296,297,298,342,349,350,351,352,402,444,450,461,527,528,529,530,531,532,533,534,
419;1;5852;5932;0;8,9,10,11,13,14,35,36,37,82,83,84,85,86,99,124,125,128,129,178,199,200,201,202,203,204,205,206,207,208,209,210,211,233,234,243,244,245,246,247,248,249,251,265,266,267,268,269,270,271,272,287,288,289,290,291,292,293,294,295,296,297,298,342,349,350,351,352,402,444,450,461,527,528,529,530,531,532,533,534,
74;0;5932;5964;1;8,9,10,11,13,14,35,36,37,82,83,84,85,86,99,124,125,128,129,178,199,200,201,202,203,204,205,206,207,208,209,210,211,233,234,243,244,245,246,247,248,249,251,265,266,267,268,269,270,271,272,287,288,289,290,291,292,293,294,295,296,297,298,342,349,350,351,352,402,444,450,461,527,528,529,530,531,532,533,534,
74;1;5964;6142;1;8,9,10,11,13,14,35,36,37,82,83,84,85,86,99,124,125,128,129,178,199,200,201,202,203,204,205,206,207,208,209,210,211,233,234,243,244,245,246,247,248,249,251,265,266,267,268,269,270,271,272,287,288,289,290,291,292,293,294,295,296,297,298,342,349,350,351,352,402,444,450,461,527,528,529,530,531,532,533,534,
116;0;6142;6184;0;8,9,10,11,13,14,35,36,37,82,83,84,85,86,99,124,125,128,129,178,199,200,201,202,203,204,205,206,207,208,209,210,211,233,234,243,244,245,246,247,248,249,251,265,266,267,268,269,270,271,272,287,288,289,290,291,292,293,294,295,296,297,298,342,349,350,351,352,402,444,450,461,527,528,529,530,531,532,533,534,
233;0;6184;6343;1;8,9,10,11,13,14,35,36,37,82,83,84,85,86,99,124,125,128,129,178,199,200,201,202,203,204,205,206,207,208,209,210,211,233,234,243,244,245,246,247,248,249,251,265,266,267,268,269,270,271,272,287,288,289,290,291,292,293,294,295,296,297,298,342,349,350,351,352,402,444,450,461,527,528,529,530,531,532,533,534,
107;0;6343;6462;1;8,9,10,11,13,14,35,36,37,82,83,84,85,86,99,124,125,128,129,178,199,200,201,202,203,204,205,206,207,208,209,210,211,233,234,243,244,245,246,247,248,249,251,265,266,267,268,269,270,271,272,287,288,289,290,291,292,293,294,295,296,297,298,342,349,350,351,352,402,444,450,461,527,528,529,530,531,532,533,534,
107;1;6462;6572;1;8,9,10,11,13,14,35,36,37,82,83,84,85,86,99,124,125,128,129,178,199,200,201,202,203,204,205,206,207,208,209,210,211,233,234,243,244,245,246,247,248,249,251,265,266,267,268,269,270,271,272,287,288,289,290,291,292,293,294,295,296,297,298,342,349,350,351,352,402,444,450,461,527,528,529,530,531,532,533,534,
119;0;6572;6609;0;8,9,10,11,13,14,35,36,37,82,83,84,85,86,99,124,125,128,129,178,199,200,201,202,203,204,205,206,207,208,209,210,211,233,234,243,244,245,246,247,248,249,251,265,266,267,268,269,270,271,272,287,288,289,290,291,292,293,294,295,296,297,298,342,349,350,351,352,402,444,450,461,527,528,529,530,531,532,533,534,
119;1;6609;6754;0;8,9,10,11,13,14,35,36,37,82,83,84,85,86,99,124,125,128,129,178,199,200,201,202,203,204,205,206,207,208,209,210,211,233,234,243,244,245,246,247,248,249,251,265,266,267,268,269,270,271,272,287,288,289,290,291,292,293,294,295,296,297,298,342,349,350,351,352,402,444,450,461,527,528,529,530,531,532,533,534,
203;0;6754;6834;1;8,9,10,11,13,14,35,36,37,82,83,84,85,86,99,124,125,128,129,178,199,200,201,202,203,204,205,206,207,208,209,210,211,233,234,243,244,245,246,247,248,249,251,265,266,267,268,269,270,271,272,287,288,289,290,291,292,293,294,295,296,297,298,342,349,350,351,352,402,444,450,461,527,528,529,530,531,532,533,534,
422;0;6834;6982;0;8,9,10,11,13,14,35,36,37,82,83,84,85,86,99,124,125,128,129,178,199,200,201,202,203,204,205,206,207,208,209,210,211,233,234,243,244,245,246,247,248,249,251,265,266,267,268,269,270,271,272,287,288,289,290,291,292,293,294,295,296,297,298,342,349,350,351,352,402,444,450,461,527,528,529,530,531,532,533,534,
422;1;6982;7091;0;8,9,10,11,13,14,35,36,37,82,83,84,85,86,99,124,125,128,129,178,199,200,201,202,203,204,205,206,207,208,209,210,211,233,234,243,244,245,246,247,248,249,251,265,266,267,268,269,270,271,272,287,288,289,290,291,292,293,294,295,296,297,298,342,349,350,351,352,402,444,450,461,527,528,529,530,531,532,533,534,
218;0;7091;7151;0;8,9,10,11,13,14,35,36,37,82,83,84,85,86,99,124,125,128,129,178,199,200,201,202,203,204,205,206,207,208,209,210,211,233,234,243,244,245,246,247,248,249,251,265,266,267,268,269,270,271,272,287,288,289,290,291,292,293,294,295,296,297,298,342,349,350,351,352,402,444,450,461,527,528,529,530,531,532,533,534,
68;0;7151;7310;0;8,9,10,11,13,14,35,36,37,82,83,84,85,86,99,124,125,128,129,178,199,200,201,202,203,204,205,206,207,208,209,210,211,233,234,243,244,245,246,247,248,249,251,265,266,267,268,269,270,271,272,287,288,289,290,291,292,293,294,295,296,297,298,342,349,350,351,352,402,444,450,461,527,528,529,530,531,532,533,534,
89;0;7310;7366;0;8,9,10,11,13,14,35,36,37,82,83,84,85,86,99,124,125,128,129,178,199,200,201,202,203,204,205,206,207,208,209,210,211,233,234,243,244,245,246,247,248,249,251,265,266,267,268,269,270,271,272,287,288,289,290,291,292,293,294,295,296,297,298,342,349,350,351,352,402,444,450,461,527,528,529,530,531,532,533,534,
89;1;7366;7544;0;8,9,10,11,13,14,35,36,37,82,83,84,85,86,99,124,125,128,129,178,199,200,201,202,203,204,205,206,207,208,209,210,211,233,234,243,244,245,246,247,248,249,251,265,266,267,268,269,270,271,272,287,288,289,290,291,292,293,294,295,296,297,298,342,349,350,351,352,402,444,450,461,527,528,529,530,531,532,533,534,
123;0;7544;7592;1;8,9,10,11,13,14,35,36,37,82,83,84,85,86,99,124,125,128,129,178,199,200,201,202,203,204,205,206,207,208,209,210,211,233,234,243,244,245,246,247,248,249,251,265,266,267,268,269,270,271,272,287,288,289,290,291,292,293,294,295,296,297,298,342,349,350,351,352,402,444,450,461,527,528,529,530,531,532,533,534,
175;0;7592;7634;0;8,9,10,11,13,14,35,36,37,82,83,84,85,86,99,124,125,128,129,178,199,200,201,202,203,204,205,206,207,208,209,210,211,233,234,243,244,245,246,247,248,249,251,265,266,267,268,269,270,271,272,287,288,289,290,291,292,293,294,295,296,297,298,342,349,350,351,352,402,444,450,461,527,528,529,530,531,532,533,534,
154;0;7634;7735;1;8,9,10,11,13,14,35,36,37,82,83,84,85,86,99,124,125,128,129,178,199,200,201,202,203,204,205,206,207,208,209,210,211,233,234,243,244,245,246,247,248,249,251,265,266,267,268,269,270,271,272,287,288,289,290,291,292,293,294,295,296,297,298,342,349,350,351,352,402,444,450,461,527,528,529,530,531,532,533,534,
154;1;7735;7795;1;8,9,10,11,13,14,35,36,37,82,83,84,85,86,99,124,125,128,129,178,199,200,201,202,203,204,205,206,207,208,209,210,211,233,234,243,244,245,246,247,248,249,251,265,266,267,268,269,270,271,272,287,288,289,290,291,292,293,294,295,296,297,298,342,349,350,351,352,402,444,450,461,527,528,529,530,531,532,533,534,
172;0;7795;7805;0;8,9,10,11,13,14,35,36,37,82,83,84,85,86,99,124,125,128,129,178,199,200,201,202,203,204,205,206,207,208,209,210,211,212,233,234,243,244,245,285,286,287,288,289,290,291,292,293,294,295,296,297,298,299,300,301,302,303,304,305,306,307,308,309,310,311,312,313,314,315,316,317,318,319,320,397,398,402,449,450,
172;1;7805;7955;0;8,9,10,11,13,14,35,36,37,82,83,84,85,86,99,124,125,128,129,178,199,200,201,202,203,204,205,206,207,208,209,210,211,212,233,234,243,244,245,285,286,287,288,289,290,291,292,293,294,295,296,297,298,299,300,301,302,303,304,305,306,307,308,309,310,311,312,313,314,315,316,317,318,319,320,397,398,402,449,450,
353;0;7955;8035;1;8,9,10,11,13,14,35,36,37,82,83,84,85,86,99,124,125,128,129,178,199,200,201,202,203,204,205,206,207,208,209,210,211,212,233,234,243,244,245,285,286,287,288,289,290,291,292,293,294,295,296,297,298,299,300,301,302,303,304,305,306,307,308,309,310,311,312,313,314,315,316,317,318,319,320,397,398,402,449,450,
333;0;8035;8194;1;8,9,10,11,13,14,35,36,37,82,83,84,85,86,99,124,125,128,129,178,199,200,201,202,203,204,205,206,207,208,209,210,211,212,233,234,243,244,245,285,286,287,288,289,290,291,292,293,294,295,296,297,298,299,300,301,302,303,304,305,306,307,308,309,310,311,312,313,314,315,316,317,318,319,320,397,398,402,449,450,
238;0;8194;8341;0;8,9,10,11,13,14,35,36,37,82,83,84,85,86,99,124,125,128,129,178,199,200,201,202,203,204,205,206,207,208,209,210,211,212,233,234,243,244,245,285,286,287,288,289,290,291,292,293,294,295,296,297,298,299,300,301,302,303,304,305,306,307,308,309,310,311,312,313,314,315,316,317,318,319,320,397,398,402,449,450,
231;0;8341;8396;1;8,9,10,11,13,14,35,36,37,82,83,84,85,86,99,124,125,128,129,178,199,200,201,202,203,204,205,206,207,208,209,210,211,212,233,234,243,244,245,285,286,287,288,289,290,291,292,293,294,295,296,297,298,299,300,301,302,303,304,305,306,307,308,309,310,311,312,313,314,315,316,317,318,319,320,397,398,402,449,450,
78;0;8396;8483;0;8,9,10,11,13,14,35,36,37,82,83,84,85,86,99,124,125,128,129,178,199,200,201,202,203,204,205,206,207,208,209,210,211,212,233,234,243,244,245,285,286,287,288,289,290,291,292,293,294,295,296,297,298,299,300,301,302,303,304,305,306,307,308,309,310,311,312,313,314,315,316,317,318,319,320,397,398,402,449,450,
Machine: 4
46;0;0;151;0;0,1,2,5,6,8,9,13,14,15,16,17,18,20,21,22,23,24,25,26,27,28,29,30,31,32,35,36,37,39,41,42,55,60,88,89,91,115,124,128,129,138,141,178,184,185,193,196,212,213,214,215,216,217,218,219,220,221,323,324,325,326,327,341,380,387,389,390,393,422,423,424,425,426,427,428,429,430,431,432,
265;0;151;206;0;0,1,2,5,6,8,9,13,14,15,16,17,18,20,21,22,23,24,25,26,27,28,29,30,31,32,35,36,37,39,41,42,55,60,88,89,91,115,124,128,129,138,141,178,184,185,193,196,212,213,214,215,216,217,218,219,220,221,323,324,325,326,327,341,380,387,389,390,393,422,423,424,425,426,427,428,429,430,431,432,
377;0;206;237;1;0,1,2,5,6,8,9,13,14,15,16,17,18,20,21,22,23,24,25,26,27,28,29,30,31,32,35,36,37,39,41,42,55,60,88,89,91,115,124,128,129,138,141,178,184,185,193,196,212,213,214,215,216,217,218,219,220,221,323,324,325,326,327,341,380,387,389,390,393,422,423,424,425,426,427,428,429,430,431,432,
377;1;237;398;1;0,1,2,5,6,8,9,13,14,15,16,17,18,20,21,22,23,24,25,26,27,28,29,30,31,32,35,36,37,39,41,42,55,60,88,89,91,115,124,128,129,138,141,178,184,185,193,196,212,213,214,215,216,217,218,219,220,221,323,324,325,326,327,341,380,387,389,390,393,422,423,424,425,426,427,428,429,430,431,432,
219;0;398;475;0;0,1,2,5,6,8,9,13,14,15,16,17,18,20,21,22,23,24,25,26,27,28,29,30,31,32,35,36,37,39,41,42,55,60,88,89,91,115,124,128,129,138,141,178,184,185,193,196,212,213,214,215,216,217,218,219,220,221,323,324,325,326,327,341,380,387,389,390,393,422,423,424,425,426,427,428,429,430,431,432,
219;1;475;636;0;0,1,2,5,6,8,9,13,14,15,16,17,18,20,21,22,23,24,25,26,27,28,29,30,31,32,35,36,37,39,41,42,55,60,88,89,91,115,124,128,129,138,141,178,184,185,193,196,212,213,214,215,216,217,218,219,220,221,323,324,325,326,327,341,380,387,389,390,393,422,423,424,425,426,427,428,429,430,431,432,
56;0;636;653;0;0,1,2,5,6,8,9,13,14,15,16,17,18,20,21,22,23,24,25,26,27,28,29,30,31,32,35,36,37,39,41,42,55,60,88,89,91,115,124,128,129,138,141,178,184,185,193,196,212,213,214,215,216,217,218,219,220,221,323,324,325,326,327,341,380,387,389,390,393,422,423,424,425,426,427,428,429,430,431,432,
83;0;653;728;1;0,1,2,5,6,8,9,13,14,15,16,17,18,20,21,22,23,24,25,26,27,28,29,30,31,32,35,36,37,39,41,42,55,60,88,89,91,115,124,128,129,138,141,178,184,185,193,196,212,213,214,215,216,217,218,219,220,221,323,324,325,326,327,341,380,387,389,390,393,422,423,424,425,426,427,428,429,430,431,432,
296;0;728;829;0;0,1,2,5,6,8,9,13,14,15,16,17,18,20,21,22,23,24,25,26,27,28,29,30,31,32,35,36,37,39,41,42,55,60,88,89,91,115,124,128,129,138,141,178,184,185,193,196,212,213,214,215,216,217,218,219,220,221,323,324,325,326,327,341,380,387,389,390,393,422,423,424,425,426,427,428,429,430,431,432,
404;0;829;925;1;0,1,2,5,6,8,9,13,14,15,16,17,18,20,21,22,23,24,25,26,27,28,29,30,31,32,35,36,37,39,41,42,55,60,88,89,91,115,124,128,129,138,141,178,184,185,193,196,212,213,214,215,216,217,218,219,220,221,323,324,325,326,327,341,380,387,389,390,393,422,423,424,425,426,427,428,429,430,431,432,
404;1;925;966;1;0,1,2,5,6,8,9,13,14,15,16,17,18,20,21,22,23,24,25,26,27,28,29,30,31,32,35,36,37,39,41,42,55,60,88,89,91,115,124,128,129,138,141,178,184,185,193,196,212,213,214,215,216,217,218,219,220,221,323,324,325,326,327,341,380,387,389,390,393,422,423,424,425,426,427,428,429,430,431,432,
239;0;966;1064;0;0,1,2,5,6,8,9,13,14,15,16,17,18,20,21,22,23,24,25,26,27,28,29,30,31,32,35,36,37,39,41,42,55,60,88,89,91,115,124,128,129,138,141,178,184,185,193,196,212,213,214,215,216,217,218,219,220,221,323,324,325,326,327,341,380,387,389,390,393,422,423,424,425,426,427,428,429,430,431,432,
239;1;1064;1142;0;0,1,2,5,6,8,9,13,14,15,16,17,18,20,21,22,23,24,25,26,27,28,29,30,31,32,35,36,37,39,41,42,55,60,88,89,91,115,124,128,129,138,141,178,184,185,193,196,212,213,214,215,216,217,218,219,220,221,323,324,325,326,327,341,380,387,389,390,393,422,423,424,425,426,427,428,429,430,431,432,
49;0;1142;1315;0;0,1,2,5,6,8,9,13,14,15,16,17,18,20,21,22,23,24,25,26,27,28,29,30,31,32,35,36,37,39,41,42,55,60,88,89,91,115,124,128,129,138,141,178,184,185,193,196,212,213,214,215,216,217,218,219,220,221,323,324,325,326,327,341,380,387,389,390,393,422,423,424,425,426,427,428,429,430,431,432,
49;1;1315;1340;0;0,1,2,5,6,8,9,13,14,15,16,17,18,20,21,22,23,24,25,26,27,28,29,30,31,32,35,36,37,39,41,42,55,60,88,89,91,115,124,128,129,138,141,178,184,185,193,196,212,213,214,215,216,217,218,219,220,221,323,324,325,326,327,341,380,387,389,390,393,422,423,424,425,426,427,428,429,430,431,432,
226;0;1340;1484;0;0,1,2,5,6,8,9,13,14,15,16,17,18,20,21,22,23,24,25,26,27,28,29,30,31,32,35,36,37,39,41,42,55,60,88,89,91,115,124,128,129,138,141,178,184,185,193,196,212,213,214,215,216,217,218,219,220,221,323,324,325,326,327,341,380,387,389,390,393,422,423,424,425,426,427,428,429,430,431,432,
104;0;1484;1517;1;0,1,2,5,6,8,9,13,14,15,16,17,18,20,21,22,23,24,25,26,27,28,29,30,31,32,35,36,37,39,41,42,55,60,88,89,91,115,124,128,129,138,141,178,184,185,193,196,212,213,214,215,216,217,218,219,220,221,323,324,325,326,327,341,380,387,389,390,393,422,423,424,425,426,427,428,429,430,431,432,
104;1;1517;1658;1;0,1,2,5,6,8,9,13,14,15,16,17,18,20,21,22,23,24,25,26,27,28,29,30,31,32,35,36,37,39,41,42,55,60,88,89,91,115,124,128,129,138,141,178,184,185,193,196,212,213,214,215,216,217,218,219,220,221,323,324,325,326,327,341,380,387,389,390,393,422,423,424,425,426,427,428,429,430,431,432,
411;0;1658;1769;1;0,1,2,5,6,8,9,13,14,15,16,17,18,20,21,22,23,24,25,26,27,28,29,30,31,32,35,36,37,39,41,42,55,60,88,89,91,115,124,128,129,138,141,178,184,185,193,196,212,213,214,215,216,217,218,219,220,221,323,324,325,326,327,341,380,387,389,390,393,422,423,424,425,426,427,428,429,430,431,432,
303;0;1769;1910;1;0,1,2,5,6,8,9,13,14,15,16,17,18,20,21,22,23,24,25,26,27,28,29,30,31,32,35,36,37,39,41,42,55,60,88,89,91,115,124,128,129,138,141,178,184,185,193,196,212,213,214,215,216,217,218,219,220,221,323,324,325,326,327,341,380,387,389,390,393,422,423,424,425,426,427,428,429,430,431,432,
16;0;1910;2004;0;0,1,2,5,6,8,9,13,14,15,16,17,18,20,21,22,23,24,25,26,27,28,29,30,31,32,35,36,37,39,41,42,55,60,88,89,91,115,124,128,129,138,141,178,184,185,193,196,212,213,214,215,216,217,218,219,220,221,323,324,325,326,327,341,380,387,389,390,393,422,423,424,425,426,427,428,429,430,431,432,
38;0;2004;2082;0;0,1,2,5,6,8,9,13,14,15,16,17,18,20,21,22,23,24,25,26,27,28,29,30,31,32,35,36,37,39,41,42,55,60,88,89,91,115,124,128,129,138,141,178,184,185,193,196,212,213,214,215,216,217,218,219,220,221,323,324,325,326,327,341,380,387,389,390,393,422,423,424,425,426,427,428,429,430,431,432,
82;0;2082;2251;0;0,1,2,5,6,8,9,13,14,15,16,17,18,20,21,22,23,24,25,26,27,28,29,31,32,35,36,37,42,88,91,115,124,128,129,132,133,134,136,138,140,141,145,155,178,188,190,193,195,196,197,380,403,404,405,406,407,425,433,434,435,436,437,438,439,440,441,442,443,516,517,518,519,520,521,522,523,524,525,526,
82;1;2251;2266;0;0,1,2,5,6,8,9,13,14,15,16,17,18,20,21,22,23,24,25,26,27,28,29,31,32,35,36,37,42,88,91,115,124,128,129,132,133,134,136,138,140,141,145,155,178,188,190,193,195,196,197,380,403,404,405,406,407,425,433,434,435,436,437,438,439,440,441,442,443,516,517,518,519,520,521,522,523,524,525,526,
405;0;2266;2277;0;0,1,2,5,6,8,9,13,14,15,16,17,18,20,21,22,23,24,25,26,27,28,29,31,32,35,36,37,42,88,91,115,124,128,129,132,133,134,136,138,140,141,145,155,178,188,190,193,195,196,197,380,403,404,405,406,407,425,433,434,435,436,437,438,439,440,441,442,443,516,517,518,519,520,521,522,523,524,525,526,
420;0;2277;2418;1;0,1,2,5,6,8,9,13,14,15,16,17,18,20,21,22,23,24,25,26,27,28,29,31,32,35,36,37,42,88,91,115,124,128,129,132,133,134,136,138,140,141,145,155,178,188,190,193,195,196,197,380,403,404,405,406,407,425,433,434,435,436,437,438,439,440,441,442,443,516,517,518,519,520,521,522,523,524,525,526,
176;0;2418;2459;0;0,1,2,5,6,8,9,13,14,15,16,17,18,20,21,22,23,24,25,26,27,28,29,31,32,35,36,37,42,88,91,115,124,128,129,132,133,134,136,138,140,141,145,155,178,188,190,193,195,196,197,380,403,404,405,406,407,425,433,434,435,436,437,438,439,440,441,442,443,516,517,518,519,520,521,522,523,524,525,526,
294;0;2459;2610;1;0,1,2,5,6,8,9,13,14,15,16,17,18,20,21,22,23,24,25,26,27,28,29,31,32,35,36,37,42,88,91,115,124,128,129,132,133,134,136,138,140,141,145,155,178,188,190,193,195,196,197,380,403,404,405,406,407,425,433,434,435,436,437,438,439,440,441,442,443,516,517,518,519,520,521,522,523,524,525,526,
294;1;2610;2774;1;0,1,2,5,6,8,9,13,14,15,16,17,18,20,21,22,23,24,25,26,27,28,29,31,32,35,36,37,42,88,91,115,124,128,129,132,133,134,136,138,140,141,145,155,178,188,190,193,195,196,197,380,403,404,405,406,407,425,433,434,435,436,437,438,439,440,441,442,443,516,517,518,519,520,521,522,523,524,525,526,
220;0;2774;2796;1;0,1,2,5,6,8,9,13,14,15,16,17,18,20,21,22,23,24,25,26,27,28,29,31,32,35,36,37,42,88,91,115,124,128,129,132,133,134,136,138,140,141,145,155,178,188,190,193,195,196,197,380,403,404,405,406,407,425,433,434,435,436,437,438,439,440,441,442,443,516,517,518,519,520,521,522,523,524,525,526,
331;0;2796;2960;1;0,1,2,5,6,8,9,13,14,15,16,17,18,20,21,22,23,24,25,26,27,28,29,31,32,35,36,37,42,88,91,115,124,128,129,132,133,134,136,138,140,141,145,155,178,188,190,193,195,196,197,380,403,404,405,406,407,425,433,434,435,436,437,438,439,440,441,442,443,516,517,518,519,520,521,522,523,524,525,526,
54;0;2960;3043;1;0,1,2,5,6,8,9,13,14,15,16,17,18,20,21,22,23,24,25,26,27,28,29,31,32,35,36,37,42,88,91,115,124,128,129,132,133,134,136,138,140,141,145,155,178,188,190,193,195,196,197,380,403,404,405,406,407,425,433,434,435,436,437,438,439,440,441,442,443,516,517,518,519,520,521,522,523,524,525,526,
54;1;3043;3084;1;0,1,2,5,6,8,9,13,14,15,16,17,18,20,21,22,23,24,25,26,27,28,29,31,32,35,36,37,42,88,91,115,124,128,129,132,133,134,136,138,140,141,145,155,178,188,190,193,195,196,197,380,403,404,405,406,407,425,433,434,435,436,437,438,439,440,441,442,443,516,517,518,519,520,521,522,523,524,525,526,
432;0;3084;3221;0;0,1,2,5,6,8,9,13,14,15,16,17,18,20,21,22,23,24,25,26,27,28,29,31,32,35,36,37,42,88,91,115,124,128,129,132,133,134,136,138,140,141,145,155,178,188,190,193,195,196,197,380,403,404,405,406,407,425,433,434,435,436,437,438,612,613,614,615,616,617,618,619,620,621,622,623,624,625,626,627,
432;1;3221;3350;0;0,1,2,5,6,8,9,13,14,15,16,17,18,20,21,22,23,24,25,26,27,28,29,31,32,35,36,37,42,88,91,115,124,128,129,132,133,134,136,138,140,141,145,155,178,188,190,193,195,196,197,380,403,404,405,406,407,425,433,434,435,436,437,438,612,613,614,615,616,617,618,619,620,621,622,623,624,625,626,627,
31;0;3350;3506;1;0,1,2,5,6,8,9,13,14,15,16,17,18,20,21,22,23,24,25,26,27,28,29,31,32,35,36,37,42,88,91,115,124,128,129,132,133,134,136,138,140,141,145,155,178,188,190,193,195,196,197,380,403,404,405,406,407,425,433,434,435,436,437,438,612,613,614,615,616,617,618,619,620,621,622,623,624,625,626,627,
171;0;3506;3618;1;0,1,2,8,9,13,14,15,16,17,18,20,21,22,23,25,27,28,29,31,32,35,36,37,88,104,109,117,118,119,120,121,122,123,124,125,126,128,129,130,131,132,133,134,136,138,140,141,145,155,178,188,190,193,196,233,246,248,250,251,269,270,342,461,488,529,535,536,537,538,561,562,563,564,565,566,567,568,569,570,
375;0;3618;3646;0;0,1,2,8,9,13,14,15,16,17,18,20,21,22,23,25,27,28,29,31,32,35,36,37,88,104,109,117,118,119,120,121,122,123,124,125,126,128,129,130,131,132,133,134,136,138,140,141,145,155,178,188,190,193,196,233,246,248,250,251,269,270,342,461,488,529,535,536,537,538,561,562,563,564,565,566,567,568,569,570,
19;0;3646;3777;0;0,1,2,8,9,13,14,15,16,17,18,20,21,22,23,25,27,28,29,31,32,35,36,37,88,104,109,117,118,119,120,121,122,123,124,125,126,128,129,130,131,132,133,134,136,138,140,141,145,155,178,188,190,193,196,233,246,248,250,251,269,270,342,461,488,529,535,536,537,538,561,562,563,564,565,566,567,568,569,570,
19;1;3777;3851;0;0,1,2,8,9,13,14,15,16,17,18,20,21,22,23,25,27,28,29,31,32,35,36,37,88,104,109,117,118,119,120,121,122,123,124,125,126,128,129,130,131,132,133,134,136,138,140,141,145,155,178,188,190,193,196,233,246,248,250,251,269,270,342,461,488,529,535,536,537,538,561,562,563,564,565,566,567,568,569,570,
153;0;3851;3925;1;0,1,2,8,9,13,14,15,16,17,18,20,21,22,23,25,27,28,29,31,32,35,36,37,88,104,109,117,118,119,120,121,122,123,124,125,126,128,129,130,131,132,133,134,136,138,140,141,145,155,178,188,190,193,196,233,246,248,250,251,269,270,342,461,488,529,535,536,537,538,561,562,563,564,565,566,567,568,569,570,
235;0;3925;3970;0;0,1,2,8,9,13,14,15,16,17,18,20,21,22,23,25,27,28,29,31,32,35,36,37,88,104,109,117,118,119,120,121,122,123,124,125,126,128,129,130,131,132,133,134,136,138,140,141,145,155,178,188,190,193,196,233,246,248,250,251,269,270,342,461,488,529,535,536,537,538,561,562,563,564,565,566,567,568,569,570,
427;0;3970;4094;1;0,1,2,8,9,13,14,15,16,17,18,20,21,22,23,25,27,28,29,31,32,35,36,37,88,104,109,117,118,119,120,121,122,123,124,125,126,128,129,130,131,132,133,134,136,138,140,141,145,155,178,188,190,193,196,233,246,248,250,251,269,270,342,461,488,529,535,536,537,538,561,562,563,564,565,566,567,568,569,570,
427;1;4094;4135;1;0,1,2,8,9,13,14,15,16,17,18,20,21,22,23,25,27,28,29,31,32,35,36,37,88,104,109,117,118,119,120,121,122,123,124,125,126,128,129,130,131,132,133,134,136,138,140,141,145,155,178,188,190,193,196,233,246,248,250,251,269,270,342,461,488,529,535,536,537,538,561,562,563,564,565,566,567,568,569,570,
361;0;4135;4146;1;0,1,2,8,9,13,14,15,16,17,18,20,21,22,23,25,27,28,29,31,32,35,36,37,88,104,109,117,118,119,120,121,122,123,124,125,126,128,129,130,131,132,133,134,136,138,140,141,145,155,178,188,190,193,196,233,246,248,250,251,269,270,342,461,488,529,535,536,537,538,561,562,563,564,565,566,567,568,569,570,
232;0;4146;4215;0;0,1,2,8,9,13,14,15,16,17,18,20,21,22,23,25,27,28,29,31,32,35,36,37,88,104,109,117,118,119,120,121,122,123,124,125,126,128,129,130,131,132,133,134,136,138,140,141,145,155,178,188,190,193,196,233,246,248,250,251,269,270,342,461,488,529,535,536,537,538,561,562,563,564,565,566,567,568,569,570,
232;1;4215;4372;0;0,1,2,8,9,13,14,15,16,17,18,20,21,22,23,25,27,28,29,31,32,35,36,37,88,104,109,117,118,119,120,121,122,123,124,125,126,128,129,130,131,132,133,134,136,138,140,141,145,155,178,188,190,193,196,233,246,248,250,251,269,270,342,461,488,529,535,536,537,538,561,562,563,564,565,566,567,568,569,570,
362;0;4372;4440;0;0,1,2,8,9,13,14,15,16,17,18,20,21,22,23,25,27,28,29,31,32,35,36,37,88,104,109,117,118,119,120,121,122,123,124,125,126,128,129,130,131,132,133,134,136,138,140,141,145,155,178,188,190,193,196,233,246,248,250,251,269,270,342,461,488,529,535,536,537,538,561,562,563,564,565,566,567,568,569,570,
362;1;4440;4468;0;0,1,2,8,9,13,14,15,16,17,18,20,21,22,23,25,27,28,29,31,32,35,36,37,88,104,109,117,118,119,120,121,122,123,124,125,126,128,129,130,131,132,133,134,136,138,140,141,145,155,178,188,190,193,196,233,246,248,250,251,269,270,342,461,488,529,535,536,537,538,561,562,563,564,565,566,567,568,569,570,
315;0;4468;4514;0;0,1,2,8,9,13,14,15,16,17,18,20,21,22,23,25,27,28,29,31,32,35,36,37,88,104,109,117,118,119,120,121,122,123,124,125,126,128,129,130,131,132,133,134,136,138,140,141,145,155,178,188,190,193,196,233,246,248,250,251,269,270,342,461,488,529,535,536,537,538,561,562,563,564,565,566,567,568,569,570,
179;0;4514;4684;0;0,1,2,8,9,13,14,15,16,17,18,20,21,22,23,25,27,28,29,31,32,35,36,37,88,104,109,117,118,119,120,121,122,123,124,125,126,128,129,130,131,132,133,134,136,138,140,141,145,155,178,188,190,193,196,233,246,248,250,251,269,270,342,461,488,529,535,536,537,538,561,562,563,564,565,566,567,568,569,570,
179;1;4684;4695;0;0,1,2,8,9,13,14,15,16,17,18,20,21,22,23,25,27,28,29,31,32,35,36,37,88,104,109,117,118,119,120,121,122,123,124,125,126,128,129,130,131,132,133,134,136,138,140,141,145,155,178,188,190,193,196,233,246,248,250,251,269,270,342,461,488,529,535,536,537,538,561,562,563,564,565,566,567,568,569,570,
354;0;4695;4820;1;0,1,2,8,9,13,14,15,16,17,18,20,21,22,23,25,27,28,29,31,32,35,36,37,88,104,109,117,118,119,120,121,122,123,124,125,126,128,129,130,131,132,133,134,136,138,140,141,145,155,178,188,190,193,196,233,246,248,250,251,269,270,342,461,488,529,535,536,537,538,561,562,563,564,565,566,567,568,569,570,
354;1;4820;4929;1;0,1,2,8,9,13,14,15,16,17,18,20,21,22,23,25,27,28,29,31,32,35,36,37,88,104,109,117,118,119,120,121,122,123,124,125,126,128,129,130,131,132,133,134,136,138,140,141,145,155,178,188,190,193,196,233,246,248,250,251,269,270,342,461,488,529,535,536,537,538,561,562,563,564,565,566,567,568,569,570,
409;0;4929;5060;0;0,1,2,8,9,13,14,15,16,17,18,20,21,22,23,25,27,28,29,31,32,35,36,37,88,104,109,117,118,119,120,121,122,123,124,125,126,128,129,130,131,132,133,134,136,138,140,141,145,155,178,188,190,193,196,233,246,248,250,251,269,270,342,461,488,529,535,536,537,538,561,562,563,564,565,566,567,568,569,570,
409;1;5060;5217;0;0,1,2,8,9,13,14,15,16,17,18,20,21,22,23,25,27,28,29,31,32,35,36,37,88,104,109,117,118,119,120,121,122,123,124,125,126,128,129,130,131,132,133,134,136,138,140,141,145,155,178,188,190,193,196,233,246,248,250,251,269,270,342,461,488,529,535,536,537,538,561,562,563,564,565,566,567,568,569,570,
187;0;5217;5290;1;0,1,2,8,9,13,14,15,16,17,18,20,21,22,23,25,27,28,29,31,32,35,36,37,88,104,109,117,118,119,120,121,122,123,124,125,126,128,129,130,131,132,133,134,136,138,140,141,145,155,178,188,190,193,196,233,246,248,250,251,269,270,342,461,488,529,535,536,537,538,561,562,563,564,565,566,567,568,569,570,
187;1;5290;5441;1;0,1,2,8,9,13,14,15,16,17,18,20,21,22,23,25,27,28,29,31,32,35,36,37,88,104,109,117,118,119,120,121,122,123,124,125,126,128,129,130,131,132,133,134,136,138,140,141,145,155,178,188,190,193,196,233,246,248,250,251,269,270,342,461,488,529,535,536,537,538,561,562,563,564,565,566,567,568,569,570,
327;0;5441;5475;1;0,1,2,8,9,13,14,15,16,17,18,20,21,22,23,25,27,28,29,31,32,35,36,37,88,104,109,117,118,119,120,121,122,123,124,125,126,128,129,130,131,132,133,134,136,138,140,141,145,155,178,188,190,193,196,233,246,248,250,251,269,270,342,461,488,529,535,536,537,538,561,562,563,564,565,566,567,568,569,570,
327;1;5475;5623;1;0,1,2,8,9,13,14,15,16,17,18,20,21,22,23,25,27,28,29,31,32,35,36,37,88,104,109,117,118,119,120,121,122,123,124,125,126,128,129,130,131,132,133,134,136,138,140,141,145,155,178,188,190,193,196,233,246,248,250,251,269,270,342,461,488,529,535,536,537,538,561,562,563,564,565,566,567,568,569,570,
356;0;5623;5794;0;0,1,2,8,9,13,14,15,16,17,18,20,21,22,23,25,27,28,29,31,32,35,36,37,88,104,109,117,118,119,120,121,122,123,124,125,126,128,129,130,131,132,133,134,136,138,140,141,145,155,178,188,190,193,196,233,246,248,250,251,269,270,342,461,488,529,535,536,537,538,561,562,563,564,565,566,567,568,569,570,
418;0;5794;5942;0;0,1,2,8,9,13,14,15,16,17,18,20,21,22,23,25,27,28,29,31,32,35,36,37,88,104,109,117,118,119,120,121,122,123,124,125,126,128,129,130,131,132,133,134,136,138,140,141,145,155,178,188,190,193,196,233,246,248,250,251,269,270,342,461,488,529,535,536,537,538,561,562,563,564,565,566,567,568,569,570,
371;0;5942;5953;1;0,1,2,8,9,13,14,15,16,17,18,20,21,22,23,25,27,28,29,31,32,35,36,37,88,104,109,117,118,119,120,121,122,123,124,125,126,128,129,130,131,132,133,134,136,138,140,141,145,155,178,188,190,193,196,233,246,248,250,251,269,270,342,461,488,529,535,536,537,538,561,562,563,564,565,566,567,568,569,570,
33;0;5953;6116;1;0,1,2,8,9,13,14,15,16,17,18,20,21,22,23,25,27,28,29,31,32,35,36,37,88,104,109,117,118,119,120,121,122,123,124,125,126,128,129,130,131,132,133,134,136,138,140,141,145,155,178,188,190,193,196,233,246,248,250,251,269,270,342,461,488,529,535,536,537,538,561,562,563,564,565,566,567,568,569,570,
223;0;6116;6130;1;0,1,2,8,9,13,14,15,16,17,18,20,21,22,23,25,27,28,29,31,32,35,36,37,88,104,109,117,118,119,120,121,122,123,124,125,126,128,129,130,131,132,133,134,136,138,140,141,145,155,178,188,190,193,196,233,246,248,250,251,269,270,342,461,488,529,535,536,537,538,561,562,563,564,565,566,567,568,569,570,
36;0;6130;6179;0;0,1,2,8,9,13,14,15,16,17,18,20,21,22,23,25,27,28,29,31,32,35,36,37,88,104,109,117,118,119,120,121,122,123,124,125,126,128,129,130,131,132,133,134,136,138,140,141,145,155,178,188,190,193,196,233,246,248,250,251,269,270,342,461,488,529,535,536,537,538,561,562,563,564,565,566,567,568,569,570,
167;0;6179;6216;1;0,1,2,8,9,13,14,15,16,17,18,20,21,22,23,25,27,28,29,31,32,35,36,37,88,104,109,117,118,119,120,121,122,123,124,125,126,128,129,130,131,132,133,134,136,138,140,141,145,155,178,188,190,193,196,233,246,248,250,251,269,270,342,461,488,529,535,536,537,538,561,562,563,564,565,566,567,568,569,570,
167;1;6216;6310;1;0,1,2,8,9,13,14,15,16,17,18,20,21,22,23,25,27,28,29,31,32,35,36,37,88,104,109,117,118,119,120,121,122,123,124,125,126,128,129,130,131,132,133,134,136,138,140,141,145,155,178,188,190,193,196,233,246,248,250,251,269,270,342,461,488,529,535,536,537,538,561,562,563,564,565,566,567,568,569,570,
275;0;6310;6458;0;0,1,2,8,9,13,14,15,16,17,18,20,21,22,23,25,27,28,29,31,32,35,36,37,88,104,109,117,118,119,120,121,122,123,124,125,126,128,129,130,131,132,133,134,136,138,140,141,145,155,178,188,190,193,196,233,246,248,250,251,269,270,342,461,488,529,535,536,537,538,561,562,563,564,565,566,567,568,569,570,
149;0;6458;6527;0;0,2,8,9,13,15,16,17,18,20,21,22,27,32,35,37,88,124,125,127,128,129,130,131,132,133,134,135,136,137,138,139,140,141,142,143,144,145,146,147,148,149,150,151,152,153,154,155,156,157,158,159,160,161,162,163,164,165,166,167,168,169,170,171,172,173,174,175,176,177,178,188,190,193,196,233,246,248,250,251,
149;1;6527;6582;0;0,2,8,9,13,15,16,17,18,20,21,22,27,32,35,37,88,124,125,127,128,129,130,131,132,133,134,135,136,137,138,139,140,141,142,143,144,145,146,147,148,149,150,151,152,153,154,155,156,157,158,159,160,161,162,163,164,165,166,167,168,169,170,171,172,173,174,175,176,177,178,188,190,193,196,233,246,248,250,251,
20;0;6582;6646;1;0,2,8,9,13,15,16,17,18,20,21,22,27,32,35,37,88,124,125,127,128,129,130,131,132,133,134,135,136,137,138,139,140,141,142,143,144,145,146,147,148,149,150,151,152,153,154,155,156,157,158,159,160,161,162,163,164,165,166,167,168,169,170,171,172,173,174,175,176,177,178,188,190,193,196,233,246,248,250,251,
37;0;6646;6736;1;0,2,8,9,13,15,16,17,18,20,21,22,27,32,35,37,88,124,125,127,128,129,130,131,132,133,134,135,136,137,138,139,140,141,142,143,144,145,146,147,148,149,150,151,152,153,154,155,156,157,158,159,160,161,162,163,164,165,166,167,168,169,170,171,172,173,174,175,176,177,178,188,190,193,196,233,246,248,250,251,
37;1;6736;6787;1;0,2,8,9,13,15,16,17,18,20,21,22,27,32,35,37,88,124,125,127,128,129,130,131,132,133,134,135,136,137,138,139,140,141,142,143,144,145,146,147,148,149,150,151,152,153,154,155,156,157,158,159,160,161,162,163,164,165,166,167,168,169,170,171,172,173,174,175,176,177,178,188,190,193,196,233,246,248,250,251,
170;0;6787;6851;1;0,2,8,9,13,15,16,17,18,20,21,22,27,32,35,37,88,124,125,127,128,129,130,131,132,133,134,135,136,137,138,139,140,141,142,143,144,145,146,147,148,149,150,151,152,153,154,155,156,157,158,159,160,161,162,163,164,165,166,167,168,169,170,171,172,173,174,175,176,177,178,188,190,193,196,233,246,248,250,251,
447;0;6851;6924;1;0,2,8,9,13,15,16,17,18,20,21,22,27,32,35,37,88,124,125,127,128,129,130,131,132,133,134,135,136,137,138,139,140,141,142,143,144,145,146,147,148,149,150,151,152,153,154,155,156,157,158,159,160,161,162,163,164,165,166,167,168,169,170,171,172,173,174,175,176,177,178,188,190,193,196,233,246,248,250,251,
447;1;6924;7068;1;0,2,8,9,13,15,16,17,18,20,21,22,27,32,35,37,88,124,125,127,128,129,130,131,132,133,134,135,136,137,138,139,140,141,142,143,144,145,146,147,148,149,150,151,152,153,154,155,156,157,158,159,160,161,162,163,164,165,166,167,168,169,170,171,172,173,174,175,176,177,178,188,190,193,196,233,246,248,250,251,
180;0;7068;7088;1;0,2,8,9,13,15,16,17,18,20,21,22,27,32,35,37,88,124,125,127,128,129,130,131,132,133,134,135,136,137,138,139,140,141,142,143,144,145,146,147,148,149,150,151,152,153,154,155,156,157,158,159,160,161,162,163,164,165,166,167,168,169,170,171,172,173,174,175,176,177,178,188,190,193,196,233,246,248,250,251,
324;0;7088;7191;1;0,2,8,9,13,15,16,17,18,20,21,22,27,32,35,37,88,124,125,127,128,129,130,131,132,133,134,135,136,137,138,139,140,141,142,143,144,145,146,147,148,149,150,151,152,153,154,155,156,157,158,159,160,161,162,163,164,165,166,167,168,169,170,171,172,173,174,175,176,177,178,188,190,193,196,233,246,248,250,251,
324;1;7191;7266;1;0,2,8,9,13,15,16,17,18,20,21,22,27,32,35,37,88,124,125,127,128,129,130,131,132,133,134,135,136,137,138,139,140,141,142,143,144,145,146,147,148,149,150,151,152,153,154,155,156,157,158,159,160,161,162,163,164,165,166,167,168,169,170,171,172,173,174,175,176,177,178,188,190,193,196,233,246,248,250,251,
365;0;7266;7431;0;0,2,8,9,13,15,16,17,18,20,21,22,27,32,35,37,88,124,125,127,128,129,130,131,132,133,134,135,136,137,138,139,140,141,142,143,144,145,146,147,148,149,150,151,152,153,154,155,156,157,158,159,160,161,162,163,164,165,166,167,168,169,170,171,172,173,174,175,176,177,178,188,190,193,196,233,246,248,250,251,
99;0;7431;7445;0;0,2,8,9,13,15,16,17,18,20,21,22,27,32,35,37,88,124,125,127,128,129,130,131,132,133,134,135,136,137,138,139,140,141,142,143,144,145,146,147,148,149,150,151,152,153,154,155,156,157,158,159,160,161,162,163,164,165,166,167,168,169,170,171,172,173,174,175,176,177,178,188,190,193,196,233,246,248,250,251,
99;1;7445;7490;0;0,2,8,9,13,15,16,17,18,20,21,22,27,32,35,37,88,124,125,127,128,129,130,131,132,133,134,135,136,137,138,139,140,141,142,143,144,145,146,147,148,149,150,151,152,153,154,155,156,157,158,159,160,161,162,163,164,165,166,167,168,169,170,171,172,173,174,175,176,177,178,188,190,193,196,233,246,248,250,251,
302;0;7490;7624;0;0,2,8,9,13,15,16,17,18,20,21,22,27,32,35,37,88,124,125,127,128,129,130,131,132,133,134,135,136,137,138,139,140,141,142,143,144,145,146,147,148,149,150,151,152,153,154,155,156,157,158,159,160,161,162,163,164,165,166,167,168,169,170,171,172,173,174,175,176,177,178,188,190,193,196,233,246,248,250,251,
302;1;7624;7688;0;0,2,8,9,13,15,16,17,18,20,21,22,27,32,35,37,88,124,125,127,128,129,130,131,132,133,134,135,136,137,138,139,140,141,142,143,144,145,146,147,148,149,150,151,152,153,154,155,156,157,158,159,160,161,162,163,164,165,166,167,168,169,170,171,172,173,174,175,176,177,178,188,190,193,196,233,246,248,250,251,
72;0;7688;7858;0;0,2,8,9,13,15,16,17,18,19,20,21,22,27,32,35,37,82,83,84,85,86,87,88,108,110,124,125,127,128,129,130,131,132,133,134,135,136,137,138,139,140,141,178,186,187,188,189,190,191,192,193,194,195,196,197,198,207,210,233,243,244,245,246,247,248,249,250,251,252,253,254,255,256,257,258,259,260,261,262,
72;1;7858;7963;0;0,2,8,9,13,15,16,17,18,19,20,21,22,27,32,35,37,82,83,84,85,86,87,88,108,110,124,125,127,128,129,130,131,132,133,134,135,136,137,138,139,140,141,178,186,187,188,189,190,191,192,193,194,195,196,197,198,207,210,233,243,244,245,246,247,248,249,250,251,252,253,254,255,256,257,258,259,260,261,262,
129;0;7963;8011;0;0,2,8,9,13,15,16,17,18,19,20,21,22,27,32,35,37,82,83,84,85,86,87,88,108,110,124,125,127,128,129,130,131,132,133,134,135,136,137,138,139,140,141,178,186,187,188,189,190,191,192,193,194,195,196,197,198,207,210,233,243,244,245,246,247,248,249,250,251,252,253,254,255,256,257,258,259,260,261,262,
129;1;8011;8067;0;0,2,8,9,13,15,16,17,18,19,20,21,22,27,32,35,37,82,83,84,85,86,87,88,108,110,124,125,127,128,129,130,131,132,133,134,135,136,137,138,139,140,141,178,186,187,188,189,190,191,192,193,194,195,196,197,198,207,210,233,243,244,245,246,247,248,249,250,251,252,253,254,255,256,257,258,259,260,261,262,
160;0;8067;8076;1;0,2,8,9,13,15,16,17,18,19,20,21,22,27,32,35,37,82,83,84,85,86,87,88,108,110,124,125,127,128,129,130,131,132,133,134,135,136,137,138,139,140,141,178,186,187,188,189,190,191,192,193,194,195,196,197,198,207,210,233,243,244,245,246,247,248,249,250,251,252,253,254,255,256,257,258,259,260,261,262,
398;0;8076;8173;0;0,2,8,9,13,15,16,17,18,19,20,21,22,27,32,35,37,82,83,84,85,86,87,88,108,110,124,125,127,128,129,130,131,132,133,134,135,136,137,138,139,140,141,178,186,187,188,189,190,191,192,193,194,195,196,197,198,207,210,233,243,244,245,246,247,248,249,250,251,252,253,254,255,256,257,258,259,260,261,262,
416;0;8173;8310;0;0,2,8,9,13,15,16,17,18,19,20,21,22,27,32,35,37,82,83,84,85,86,87,88,108,110,124,125,127,128,129,130,131,132,133,134,135,136,137,138,139,140,141,178,186,187,188,189,190,191,192,193,194,195,196,197,198,207,210,233,243,244,245,246,247,248,249,250,251,252,253,254,255,256,257,258,259,260,261,262,
29;0;8310;8485;0;0,2,8,9,13,15,16,17,18,19,20,21,22,27,32,35,37,82,83,84,85,86,87,88,108,110,124,125,127,128,129,130,131,132,133,134,135,136,137,138,139,140,141,178,186,187,188,189,190,191,192,193,194,195,196,197,198,207,210,233,243,244,245,246,247,248,249,250,251,252,253,254,255,256,257,258,259,260,261,262,
29;1;8485;8645;0;0,2,8,9,13,15,16,17,18,19,20,21,22,27,32,35,37,82,83,84,85,86,87,88,108,110,124,125,127,128,129,130,131,132,133,134,135,136,137,138,139,140,141,178,186,187,188,189,190,191,192,193,194,195,196,197,198,207,210,233,243,244,245,246,247,248,249,250,251,252,253,254,255,256,257,258,259,260,261,262,
32;0;8645;8692;0;0,2,8,9,13,15,16,17,18,19,20,21,22,27,32,35,37,82,83,84,85,86,87,88,108,110,124,125,127,128,129,130,131,132,133,134,135,136,137,138,139,140,141,178,186,187,188,189,190,191,192,193,194,195,196,197,198,207,210,233,243,244,245,246,247,248,249,250,251,252,253,254,255,256,257,258,259,260,261,262,
32;1;8692;8760;0;0,2,8,9,13,15,16,17,18,19,20,21,22,27,32,35,37,82,83,84,85,86,87,88,108,110,124,125,127,128,129,130,131,132,133,134,135,136,137,138,139,140,141,178,186,187,188,189,190,191,192,193,194,195,196,197,198,207,210,233,243,244,245,246,247,248,249,250,251,252,253,254,255,256,257,258,259,260,261,262,
441;0;8760;8916;1;0,2,8,9,13,15,16,17,18,19,20,21,22,27,32,35,37,82,83,84,85,86,87,88,108,110,124,125,127,128,129,130,131,132,133,134,135,136,137,138,139,140,141,178,186,187,188,189,190,191,192,193,194,195,196,197,198,207,210,233,243,244,245,246,247,248,249,250,251,252,253,254,255,256,257,258,259,260,261,262,
12;0;8916;8992;0;0,2,8,9,13,15,16,17,18,19,20,21,22,27,32,35,37,82,83,84,85,86,87,88,108,110,124,125,127,128,129,130,131,132,133,134,135,136,137,138,139,140,141,178,186,187,188,189,190,191,192,193,194,195,196,197,198,207,210,233,243,244,245,246,247,248,249,250,251,252,253,254,255,256,257,258,259,260,261,262,
12;1;8992;9045;0;0,2,8,9,13,15,16,17,18,19,20,21,22,27,32,35,37,82,83,84,85,86,87,88,108,110,124,125,127,128,129,130,131,132,133,134,135,136,137,138,139,140,141,178,186,187,188,189,190,191,192,193,194,195,196,197,198,207,210,233,243,244,245,246,247,248,249,250,251,252,253,254,255,256,257,258,259,260,261,262,
28;0;9045;9220;0;0,2,8,9,13,15,16,17,18,19,20,21,22,27,32,35,37,82,83,84,85,86,87,88,108,110,124,125,127,128,129,130,131,132,133,134,135,136,137,138,139,140,141,178,186,187,188,189,190,191,192,193,194,195,196,197,198,207,210,233,243,244,245,246,247,248,249,250,251,252,253,254,255,256,257,258,259,260,261,262,
184;0;9220;9385;1;0,2,8,9,13,15,16,17,18,19,20,21,22,27,32,35,37,82,83,84,85,86,87,88,108,110,124,125,127,128,129,130,131,132,133,134,135,136,137,138,139,140,141,178,186,187,188,189,190,191,192,193,194,195,196,197,198,207,210,233,243,244,245,246,247,248,249,250,251,252,253,254,255,256,257,258,259,260,261,262,
184;1;9385;9550;1;0,2,8,9,13,15,16,17,18,19,20,21,22,27,32,35,37,82,83,84,85,86,87,88,108,110,124,125,127,128,129,130,131,132,133,134,135,136,137,138,139,140,141,178,186,187,188,189,190,191,192,193,194,195,196,197,198,207,210,233,243,244,245,246,247,248,249,250,251,252,253,254,255,256,257,258,259,260,261,262,
59;0;9550;9628;0;0,2,8,9,13,15,16,17,18,19,20,21,22,27,32,35,37,82,83,84,85,86,87,88,108,110,124,125,127,128,129,130,131,132,133,134,135,136,137,138,139,140,141,178,186,187,188,189,190,191,192,193,194,195,196,197,198,207,210,233,243,244,245,246,247,248,249,250,251,252,253,254,255,256,257,258,259,260,261,262,
59;1;9628;9753;0;0,2,8,9,13,15,16,17,18,19,20,21,22,27,32,35,37,82,83,84,85,86,87,88,108,110,124,125,127,128,129,130,131,132,133,134,135,136,137,138,139,140,141,178,186,187,188,189,190,191,192,193,194,195,196,197,198,207,210,233,243,244,245,246,247,248,249,250,251,252,253,254,255,256,257,258,259,260,261,262,
240;0;9753;9802;1;0,2,8,9,13,15,16,17,18,19,20,21,22,27,32,35,37,82,83,84,85,86,87,88,108,110,124,125,127,128,129,130,131,132,133,134,135,136,137,138,139,140,141,178,186,187,188,189,190,191,192,193,194,195,196,197,198,207,210,233,243,244,245,246,247,248,249,250,251,252,253,254,255,256,257,258,259,260,261,262,
142;0;9802;9825;0;0,2,8,9,13,15,16,17,18,19,20,21,22,27,32,35,37,82,83,84,85,86,87,88,108,110,124,125,127,128,129,130,131,132,133,134,135,136,137,138,139,140,141,178,186,187,188,189,190,191,192,193,194,195,196,197,198,207,210,233,243,244,245,246,247,248,249,250,251,252,253,254,255,256,257,258,259,260,261,262,
142;1;9825;9834;0;0,2,8,9,13,15,16,17,18,19,20,21,22,27,32,35,37,82,83,84,85,86,87,88,108,110,124,125,127,128,129,130,131,132,133,134,135,136,137,138,139,140,141,178,186,187,188,189,190,191,192,193,194,195,196,197,198,207,210,233,243,244,245,246,247,248,249,250,251,252,253,254,255,256,257,258,259,260,261,262,
221;0;9834;9879;1;0,2,8,9,13,15,16,17,18,19,20,21,22,27,32,35,37,82,83,84,85,86,87,88,108,110,124,125,127,128,129,130,131,132,133,134,135,136,137,138,139,140,141,178,186,187,188,189,190,191,192,193,194,195,196,197,198,207,210,233,243,244,245,246,247,248,249,250,251,252,253,254,255,256,257,258,259,260,261,262,
297;0;9879;9888;1;0,2,8,9,13,15,16,17,18,19,20,21,22,27,32,35,37,82,83,84,85,86,87,88,108,110,124,125,127,128,129,130,131,132,133,134,135,136,137,138,139,140,141,178,186,187,188,189,190,191,192,193,194,195,196,197,198,207,210,233,243,244,245,246,247,248,249,250,251,252,253,254,255,256,257,258,259,260,261,262,
297;1;9888;10063;1;0,2,8,9,13,15,16,17,18,19,20,21,22,27,32,35,37,82,83,84,85,86,87,88,108,110,124,125,127,128,129,130,131,132,133,134,135,136,137,138,139,140,141,178,186,187,188,189,190,191,192,193,194,195,196,197,198,207,210,233,243,244,245,246,247,248,249,250,251,252,253,254,255,256,257,258,259,260,261,262,
Machine: 5
338;0;0;101;0;0,1,2,5,6,7,8,9,10,11,12,13,14,15,16,17,18,20,21,23,24,26,28,29,35,42,51,77,78,79,80,81,90,91,94,95,96,97,98,99,128,129,186,187,191,192,212,223,232,236,237,238,239,242,263,273,274,275,276,277,278,332,343,344,345,346,347,348,353,354,355,356,357,380,381,418,419,420,450,609,
86;0;101;138;0;0,1,2,5,6,7,8,9,10,11,12,13,14,15,16,17,18,20,21,23,24,26,28,29,35,42,51,77,78,79,80,81,90,91,94,95,96,97,98,99,128,129,186,187,191,192,212,223,232,236,237,238,239,242,263,273,274,275,276,277,278,332,343,344,345,346,347,348,353,354,355,356,357,380,381,418,419,420,450,609,
261;0;138;189;1;0,1,2,5,6,7,8,9,10,11,12,13,14,15,16,17,18,20,21,23,24,26,28,29,35,42,51,77,78,79,80,81,90,91,94,95,96,97,98,99,128,129,186,187,191,192,212,223,232,236,237,238,239,242,263,273,274,275,276,277,278,332,343,344,345,346,347,348,353,354,355,356,357,380,381,418,419,420,450,609,
44;0;189;193;1;0,1,2,5,6,7,8,9,10,11,12,13,14,15,16,17,18,20,21,23,24,26,28,29,35,42,51,77,78,79,80,81,90,91,94,95,96,97,98,99,128,129,186,187,191,192,212,223,232,236,237,238,239,242,263,273,274,275,276,277,278,332,343,344,345,346,347,348,353,354,355,356,357,380,381,418,419,420,450,609,
44;1;193;349;1;0,1,2,5,6,7,8,9,10,11,12,13,14,15,16,17,18,20,21,23,24,26,28,29,35,42,51,77,78,79,80,81,90,91,94,95,96,97,98,99,128,129,186,187,191,192,212,223,232,236,237,238,239,242,263,273,274,275,276,277,278,332,343,344,345,346,347,348,353,354,355,356,357,380,381,418,419,420,450,609,
248;0;349;506;0;0,1,2,5,6,7,8,9,10,11,12,13,14,15,16,17,18,20,21,23,24,26,28,29,35,42,51,77,78,79,80,81,90,91,94,95,96,97,98,99,128,129,186,187,191,192,212,223,232,236,237,238,239,242,263,273,274,275,276,277,278,332,343,344,345,346,347,348,353,354,355,356,357,380,381,418,419,420,450,609,
228;0;506;524;0;0,1,2,5,6,7,8,9,10,11,12,13,14,15,16,17,18,20,21,23,24,26,28,29,35,42,51,77,78,79,80,81,90,91,94,95,96,97,98,99,128,129,186,187,191,192,212,223,232,236,237,238,239,242,263,273,274,275,276,277,278,332,343,344,345,346,347,348,353,354,355,356,357,380,381,418,419,420,450,609,
241;0;524;622;1;0,1,2,5,6,7,8,9,10,11,12,13,14,15,16,17,18,20,21,23,24,26,28,29,35,42,51,77,78,79,80,81,90,91,94,95,96,97,98,99,128,129,186,187,191,192,212,223,232,236,237,238,239,242,263,273,274,275,276,277,278,332,343,344,345,346,347,348,353,354,355,356,357,380,381,418,419,420,450,609,
288;0;622;781;0;0,1,2,5,6,7,8,9,10,11,12,13,14,15,16,17,18,20,21,23,24,26,28,29,35,42,51,77,78,79,80,81,90,91,94,95,96,97,98,99,128,129,186,187,191,192,212,223,232,236,237,238,239,242,263,273,274,275,276,277,278,332,343,344,345,346,347,348,353,354,355,356,357,380,381,418,419,420,450,609,
329;0;781;825;0;0,1,2,5,6,7,8,9,10,11,12,13,14,15,16,17,18,20,21,23,24,26,28,29,35,42,51,77,78,79,80,81,90,91,94,95,96,97,98,99,128,129,186,187,191,192,212,223,232,236,237,238,239,242,263,273,274,275,276,277,278,332,343,344,345,346,347,348,353,354,355,356,357,380,381,418,419,420,450,609,
329;1;825;903;0;0,1,2,5,6,7,8,9,10,11,12,13,14,15,16,17,18,20,21,23,24,26,28,29,35,42,51,77,78,79,80,81,90,91,94,95,96,97,98,99,128,129,186,187,191,192,212,223,232,236,237,238,239,242,263,273,274,275,276,277,278,332,343,344,345,346,347,348,353,354,355,356,357,380,381,418,419,420,450,609,
61;0;903;955;1;0,1,2,5,6,7,8,9,10,11,12,13,14,15,16,17,18,20,21,23,24,26,28,29,35,42,51,77,78,79,80,81,90,91,94,95,96,97,98,99,128,129,186,187,191,192,212,223,232,236,237,238,239,242,263,273,274,275,276,277,278,332,343,344,345,346,347,348,353,354,355,356,357,380,381,418,419,420,450,609,
394;0;955;1080;1;0,1,2,5,6,7,8,9,10,11,12,13,14,15,16,17,18,20,21,23,24,26,28,29,35,42,51,77,78,79,80,81,90,91,94,95,96,97,98,99,128,129,186,187,191,192,212,223,232,236,237,238,239,242,263,273,274,275,276,277,278,332,343,344,345,346,347,348,353,354,355,356,357,380,381,418,419,420,450,609,
394;1;1080;1185;1;0,1,2,5,6,7,8,9,10,11,12,13,14,15,16,17,18,20,21,23,24,26,28,29,35,42,51,77,78,79,80,81,90,91,94,95,96,97,98,99,128,129,186,187,191,192,212,223,232,236,237,238,239,242,263,273,274,275,276,277,278,332,343,344,345,346,347,348,353,354,355,356,357,380,381,418,419,420,450,609,
278;0;1185;1234;0;0,1,2,5,6,7,8,9,10,11,12,13,14,15,16,17,18,20,21,23,24,26,28,29,35,42,51,77,78,79,80,81,90,91,94,95,96,97,98,99,128,129,186,187,191,192,212,223,232,236,237,238,239,242,263,273,274,275,276,277,278,332,343,344,345,346,347,348,353,354,355,356,357,380,381,418,419,420,450,609,
271;0;1234;1283;1;0,1,2,5,6,7,8,9,10,11,12,13,14,15,16,17,18,20,21,23,24,26,28,29,35,42,51,77,78,79,80,81,90,91,94,95,96,97,98,99,128,129,186,187,191,192,212,223,232,236,237,238,239,242,263,273,274,275,276,277,278,332,343,344,345,346,347,348,353,354,355,356,357,380,381,418,419,420,450,609,
395;0;1283;1409;0;0,1,2,5,6,7,8,9,10,11,12,13,14,15,16,17,18,20,21,23,24,26,28,29,35,42,51,77,78,79,80,81,90,91,94,95,96,97,98,99,128,129,186,187,191,192,212,223,232,236,237,238,239,242,263,273,274,275,276,277,278,332,343,344,345,346,347,348,353,354,355,356,357,380,381,418,419,420,450,609,
262;0;1409;1417;0;0,1,2,5,6,7,8,9,10,11,12,13,14,15,16,17,18,20,21,23,24,26,28,29,35,42,51,77,78,79,80,81,90,91,94,95,96,97,98,99,128,129,186,187,191,192,212,223,232,236,237,238,239,242,263,273,274,275,276,277,278,332,343,344,345,346,347,348,353,354,355,356,357,380,381,418,419,420,450,609,
262;1;1417;1568;0;0,1,2,5,6,7,8,9,10,11,12,13,14,15,16,17,18,20,21,23,24,26,28,29,35,42,51,77,78,79,80,81,90,91,94,95,96,97,98,99,128,129,186,187,191,192,212,223,232,236,237,238,239,242,263,273,274,275,276,277,278,332,343,344,345,346,347,348,353,354,355,356,357,380,381,418,419,420,450,609,
292;0;1568;1598;0;0,1,2,5,6,7,8,9,10,11,12,13,14,15,16,17,18,20,21,23,24,26,28,29,35,42,51,77,78,79,80,81,90,91,94,95,96,97,98,99,128,129,186,187,191,192,212,223,232,236,237,238,239,242,263,273,274,275,276,277,278,332,343,344,345,346,347,348,353,354,355,356,357,380,381,418,419,420,450,609,
292;1;1598;1777;0;0,1,2,5,6,7,8,9,10,11,12,13,14,15,16,17,18,20,21,23,24,26,28,29,35,42,51,77,78,79,80,81,90,91,94,95,96,97,98,99,128,129,186,187,191,192,212,223,232,236,237,238,239,242,263,273,274,275,276,277,278,332,343,344,345,346,347,348,353,354,355,356,357,380,381,418,419,420,450,609,
357;0;1777;1929;1;0,1,2,5,6,7,8,9,10,11,12,13,14,15,16,17,18,20,21,23,24,26,28,29,35,42,51,77,78,79,80,81,90,91,94,95,96,97,98,99,128,129,186,187,191,192,212,223,232,236,237,238,239,242,263,273,274,275,276,277,278,332,343,344,345,346,347,348,353,354,355,356,357,380,381,418,419,420,450,609,
357;1;1929;1953;1;0,1,2,5,6,7,8,9,10,11,12,13,14,15,16,17,18,20,21,23,24,26,28,29,35,42,51,77,78,79,80,81,90,91,94,95,96,97,98,99,128,129,186,187,191,192,212,223,232,236,237,238,239,242,263,273,274,275,276,277,278,332,343,344,345,346,347,348,353,354,355,356,357,380,381,418,419,420,450,609,
109;0;1953;2034;0;0,1,2,5,6,7,8,9,10,11,12,13,14,15,16,17,18,20,21,23,24,26,28,29,35,42,51,77,78,79,80,81,90,91,94,95,96,97,98,99,128,129,186,187,191,192,212,223,232,236,237,238,239,242,263,273,274,275,276,277,278,332,343,344,345,346,347,348,353,354,355,356,357,380,381,418,419,420,450,609,
109;1;2034;2199;0;0,1,2,5,6,7,8,9,10,11,12,13,14,15,16,17,18,20,21,23,24,26,28,29,35,42,51,77,78,79,80,81,90,91,94,95,96,97,98,99,128,129,186,187,191,192,212,223,232,236,237,238,239,242,263,273,274,275,276,277,278,332,343,344,345,346,347,348,353,354,355,356,357,380,381,418,419,420,450,609,
52;0;2199;2227;0;0,1,2,5,6,7,8,9,10,11,12,13,14,15,16,17,18,20,21,23,24,26,28,29,35,42,51,77,78,79,80,81,90,91,94,95,96,97,98,99,128,129,186,187,191,192,212,223,232,236,237,238,239,242,263,273,274,275,276,277,278,332,343,344,345,346,347,348,353,354,355,356,357,380,381,418,419,420,450,609,
52;1;2227;2263;0;0,1,2,5,6,7,8,9,10,11,12,13,14,15,16,17,18,20,21,23,24,26,28,29,35,42,51,77,78,79,80,81,90,91,94,95,96,97,98,99,128,129,186,187,191,192,212,223,232,236,237,238,239,242,263,273,274,275,276,277,278,332,343,344,345,346,347,348,353,354,355,356,357,380,381,418,419,420,450,609,
113;0;2263;2340;1;0,1,2,5,6,7,8,9,10,11,12,13,14,15,16,17,18,20,21,23,24,26,28,29,35,42,51,77,78,79,80,81,90,91,94,95,96,97,98,99,128,129,186,187,191,192,212,223,232,236,237,238,239,242,263,273,274,275,276,277,278,332,343,344,345,346,347,348,353,354,355,356,357,380,381,418,419,420,450,609,
190;0;2340;2497;1;0,1,2,5,6,7,8,9,10,11,12,13,14,15,16,17,18,20,21,23,24,26,28,29,35,42,51,77,78,79,80,81,90,91,94,95,96,97,98,99,128,129,186,187,191,192,212,223,232,236,237,238,239,242,263,273,274,275,276,277,278,332,343,344,345,346,347,348,353,354,355,356,357,380,381,418,419,420,450,609,
429;0;2497;2659;0;0,1,2,5,6,7,8,9,10,11,12,13,14,15,16,17,18,20,21,23,24,26,28,29,35,42,51,77,78,79,80,81,90,91,94,95,96,97,98,99,128,129,186,187,191,192,212,223,232,236,237,238,239,242,263,273,274,275,276,277,278,332,343,344,345,346,347,348,353,354,355,356,357,380,381,418,419,420,450,609,
429;1;2659;2757;0;0,1,2,5,6,7,8,9,10,11,12,13,14,15,16,17,18,20,21,23,24,26,28,29,35,42,51,77,78,79,80,81,90,91,94,95,96,97,98,99,128,129,186,187,191,192,212,223,232,236,237,238,239,242,263,273,274,275,276,277,278,332,343,344,345,346,347,348,353,354,355,356,357,380,381,418,419,420,450,609,
339;0;2757;2846;0;0,1,2,5,6,7,8,9,10,11,12,13,14,15,16,17,18,20,21,23,24,26,28,29,35,42,51,77,78,79,80,81,90,91,94,95,96,97,98,99,128,129,186,187,191,192,212,223,232,236,237,238,239,242,263,273,274,275,276,277,278,332,343,344,345,346,347,348,353,354,355,356,357,380,381,418,419,420,450,609,
339;1;2846;2926;0;0,1,2,5,6,7,8,9,10,11,12,13,14,15,16,17,18,20,21,23,24,26,28,29,35,42,51,77,78,79,80,81,90,91,94,95,96,97,98,99,128,129,186,187,191,192,212,223,232,236,237,238,239,242,263,273,274,275,276,277,278,332,343,344,345,346,347,348,353,354,355,356,357,380,381,418,419,420,450,609,
69;0;2926;2977;0;0,1,2,5,6,7,8,9,10,11,12,13,14,15,16,17,18,20,21,23,24,26,28,29,35,42,51,77,78,79,80,81,90,91,94,95,96,97,98,99,128,129,186,187,191,192,212,223,232,236,237,238,239,242,263,273,274,275,276,277,278,332,343,344,345,346,347,348,353,354,355,356,357,380,381,418,419,420,450,609,
69;1;2977;3146;0;0,1,2,5,6,7,8,9,10,11,12,13,14,15,16,17,18,20,21,23,24,26,28,29,35,42,51,77,78,79,80,81,90,91,94,95,96,97,98,99,128,129,186,187,191,192,212,223,232,236,237,238,239,242,263,273,274,275,276,277,278,332,343,344,345,346,347,348,353,354,355,356,357,380,381,418,419,420,450,609,
325;0;3146;3305;0;0,1,2,5,6,7,8,9,10,11,12,13,14,15,16,17,18,20,21,23,24,26,28,29,35,42,51,77,78,79,80,81,90,91,94,95,96,97,98,99,128,129,186,187,191,192,212,223,232,236,237,238,239,242,263,273,274,275,276,277,278,332,343,344,345,346,347,348,353,354,355,356,357,380,381,418,419,420,450,609,
423;0;3305;3474;1;0,1,2,5,6,7,8,9,10,11,12,13,14,15,16,17,18,20,21,23,24,26,28,29,35,42,51,77,78,79,80,81,90,91,94,95,96,97,98,99,128,129,186,187,191,192,212,223,232,236,237,238,239,242,263,273,274,275,276,277,278,332,343,344,345,346,347,348,353,354,355,356,357,380,381,418,419,420,450,609,
212;0;3474;3529;0;0,1,2,5,6,7,8,9,10,11,12,13,14,15,16,17,18,20,21,23,24,26,28,29,35,42,51,77,78,79,80,81,90,91,94,95,96,97,98,99,128,129,186,187,191,192,212,223,232,236,237,238,239,242,263,273,274,275,276,277,278,332,343,344,345,346,347,348,353,354,355,356,357,380,381,418,419,420,450,609,
212;1;3529;3679;0;0,1,2,5,6,7,8,9,10,11,12,13,14,15,16,17,18,20,21,23,24,26,28,29,35,42,51,77,78,79,80,81,90,91,94,95,96,97,98,99,128,129,186,187,191,192,212,223,232,236,237,238,239,242,263,273,274,275,276,277,278,332,343,344,345,346,347,348,353,354,355,356,357,380,381,418,419,420,450,609,
445;0;3679;3699;0;0,1,2,5,6,7,8,9,10,11,12,13,14,15,16,17,18,20,21,23,24,26,28,29,35,42,51,77,78,79,80,81,90,91,94,95,96,97,98,99,128,129,186,187,191,192,212,223,232,236,237,238,239,242,263,273,274,275,276,277,278,332,343,344,345,346,347,348,353,354,355,356,357,380,381,418,419,420,450,609,
285;0;3699;3872;0;0,1,2,5,6,7,8,9,10,11,12,13,14,15,16,17,18,20,21,23,24,26,28,29,35,42,51,77,78,79,80,81,90,91,94,95,96,97,98,99,128,129,186,187,191,192,212,223,232,236,237,238,239,242,263,273,274,275,276,277,278,332,343,344,345,346,347,348,353,354,355,356,357,380,381,418,419,420,450,609,
401;0;3872;4007;1;0,1,2,5,6,7,8,9,10,11,12,13,14,15,16,17,18,20,21,23,24,26,28,29,35,42,51,77,78,79,80,81,90,91,94,95,96,97,98,99,128,129,186,187,191,192,212,223,232,236,237,238,239,242,263,273,274,275,276,277,278,332,343,344,345,346,347,348,353,354,355,356,357,380,381,418,419,420,450,609,
185;0;4007;4059;0;0,1,2,5,6,7,8,9,10,11,12,13,14,15,16,17,18,20,21,23,24,26,28,29,35,42,51,77,78,79,80,81,90,91,94,95,96,97,98,99,128,129,186,187,191,192,212,223,232,236,237,238,239,242,263,273,274,275,276,277,278,332,343,344,345,346,347,348,353,354,355,356,357,380,381,418,419,420,450,609,
10;0;4059;4162;1;0,1,2,5,6,7,8,9,10,11,12,13,14,15,16,17,18,20,21,23,24,26,28,29,35,42,51,77,78,79,80,81,90,91,94,95,96,97,98,99,128,129,186,187,191,192,212,223,232,236,237,238,239,242,263,273,274,275,276,277,278,332,343,344,345,346,347,348,353,354,355,356,357,380,381,418,419,420,450,609,
166;0;4162;4276;0;0,1,2,5,6,7,8,9,10,11,12,13,14,15,16,17,18,20,21,23,24,26,28,29,35,42,51,77,78,79,80,81,90,91,94,95,96,97,98,99,128,129,186,187,191,192,212,223,232,236,237,238,239,242,263,273,274,275,276,277,278,332,343,344,345,346,347,348,353,354,355,356,357,380,381,418,419,420,450,609,
150;0;4276;4455;1;0,1,2,5,6,7,8,9,10,11,12,13,14,15,16,17,18,20,21,23,24,26,28,29,35,42,51,77,78,79,80,81,90,91,94,95,96,97,98,99,128,129,186,187,191,192,212,223,232,236,237,238,239,242,263,273,274,275,276,277,278,332,343,344,345,346,347,348,353,354,355,356,357,380,381,418,419,420,450,609,
110;0;4455;4634;1;0,1,2,5,6,7,8,9,10,11,12,13,14,15,16,17,18,20,21,23,24,26,28,29,35,42,51,77,78,79,80,81,90,91,94,95,96,97,98,99,128,129,186,187,191,192,212,223,232,236,237,238,239,242,263,273,274,275,276,277,278,332,343,344,345,346,347,348,353,354,355,356,357,380,381,418,419,420,450,609,
3;0;4634;4683;1;0,1,2,5,6,7,8,9,10,11,12,13,14,15,16,17,18,20,21,23,24,26,28,29,35,42,51,77,78,79,80,81,90,91,94,95,96,97,98,99,128,129,186,187,191,192,212,223,232,236,237,238,239,242,263,273,274,275,276,277,278,332,343,344,345,346,347,348,353,354,355,356,357,380,381,418,419,420,450,609,
92;0;4683;4738;0;0,1,2,5,6,7,8,9,10,11,12,13,14,15,16,17,18,20,21,23,24,26,28,29,35,42,51,77,78,79,80,81,90,91,94,95,96,97,98,99,128,129,186,187,191,192,212,223,232,236,237,238,239,242,263,273,274,275,276,277,278,332,343,344,345,346,347,348,353,354,355,356,357,380,381,418,419,420,450,609,
92;1;4738;4746;0;0,1,2,5,6,7,8,9,10,11,12,13,14,15,16,17,18,20,21,23,24,26,28,29,35,42,51,77,78,79,80,81,90,91,94,95,96,97,98,99,128,129,186,187,191,192,212,223,232,236,237,238,239,242,263,273,274,275,276,277,278,332,343,344,345,346,347,348,353,354,355,356,357,380,381,418,419,420,450,609,
421;0;4746;4849;1;0,1,2,5,6,7,8,9,10,11,12,13,14,15,16,17,18,20,21,23,24,26,28,29,35,42,51,77,78,79,80,81,90,91,94,95,96,97,98,99,128,129,186,187,191,192,212,223,232,236,237,238,239,242,263,273,274,275,276,277,278,332,343,344,345,346,347,348,353,354,355,356,357,380,381,418,419,420,450,609,
81;0;4849;4950;1;0,1,2,5,6,7,8,9,10,11,12,13,14,15,16,17,18,20,21,23,24,26,28,29,35,42,51,77,78,79,80,81,90,91,94,95,96,97,98,99,128,129,186,187,191,192,212,223,232,236,237,238,239,242,263,273,274,275,276,277,278,332,343,344,345,346,347,348,353,354,355,356,357,380,381,418,419,420,450,609,
332;0;4950;5040;0;0,1,2,5,6,7,8,9,10,11,12,13,14,15,16,17,18,20,21,23,24,26,28,29,35,42,51,77,78,79,80,81,90,91,94,95,96,97,98,99,128,129,186,187,191,192,212,223,232,236,237,238,239,242,263,273,274,275,276,277,278,332,343,344,345,346,347,348,353,354,355,356,357,380,381,418,419,420,450,609,
332;1;5040;5118;0;0,1,2,5,6,7,8,9,10,11,12,13,14,15,16,17,18,20,21,23,24,26,28,29,35,42,51,77,78,79,80,81,90,91,94,95,96,97,98,99,128,129,186,187,191,192,212,223,232,236,237,238,239,242,263,273,274,275,276,277,278,332,343,344,345,346,347,348,353,354,355,356,357,380,381,418,419,420,450,609,
208;0;5118;5282;0;0,1,2,5,6,7,8,9,10,11,12,13,14,15,16,17,18,20,21,23,24,26,28,29,35,42,51,77,78,79,80,81,90,91,94,95,96,97,98,99,128,129,186,187,191,192,212,223,232,236,237,238,239,242,263,273,274,275,276,277,278,332,343,344,345,346,347,348,353,354,355,356,357,380,381,418,419,420,450,609,
349;0;5282;5387;0;0,1,2,5,6,7,8,9,10,11,12,13,14,15,16,17,18,20,21,23,24,26,28,29,35,42,51,77,78,79,80,81,90,91,94,95,96,97,98,99,128,129,186,187,191,192,212,223,232,236,237,238,239,242,263,273,274,275,276,277,278,332,343,344,345,346,347,348,353,354,355,356,357,380,381,418,419,420,450,609,
349;1;5387;5556;0;0,1,2,5,6,7,8,9,10,11,12,13,14,15,16,17,18,20,21,23,24,26,28,29,35,42,51,77,78,79,80,81,90,91,94,95,96,97,98,99,128,129,186,187,191,192,212,223,232,236,237,238,239,242,263,273,274,275,276,277,278,332,343,344,345,346,347,348,353,354,355,356,357,380,381,418,419,420,450,609,
146;0;5556;5607;0;0,1,2,5,6,7,8,9,10,11,12,13,14,15,16,17,18,20,21,23,24,26,28,29,35,42,51,77,78,79,80,81,90,91,94,95,96,97,98,99,128,129,186,187,191,192,212,223,232,236,237,238,239,242,263,273,274,275,276,277,278,332,343,344,345,346,347,348,353,354,355,356,357,380,381,418,419,420,450,609,
151;0;5607;5732;1;0,1,2,5,6,7,8,9,10,11,12,13,14,15,16,17,18,20,21,23,24,26,28,29,35,42,51,77,78,79,80,81,90,91,94,95,96,97,98,99,128,129,186,187,191,192,212,223,232,236,237,238,239,242,263,273,274,275,276,277,278,332,343,344,345,346,347,348,353,354,355,356,357,380,381,418,419,420,450,609,
243;0;5732;5891;1;0,1,2,5,6,7,8,9,10,11,12,13,14,15,16,17,18,20,21,23,24,26,28,29,35,42,51,77,78,79,80,81,90,91,94,95,96,97,98,99,128,129,186,187,191,192,212,223,232,236,237,238,239,242,263,273,274,275,276,277,278,332,343,344,345,346,347,348,353,354,355,356,357,380,381,418,419,420,450,609,
378;0;5891;6060;0;0,1,2,5,6,7,8,9,10,11,12,13,14,15,16,17,18,20,21,23,24,26,28,29,35,42,51,77,78,79,80,81,90,91,94,95,96,97,98,99,128,129,186,187,191,192,212,223,232,236,237,238,239,242,263,273,274,275,276,277,278,332,343,344,345,346,347,348,353,354,355,356,357,380,381,418,419,420,450,609,
108;0;6060;6174;0;0,1,2,5,6,7,8,9,10,11,12,13,14,15,16,17,18,20,21,23,24,26,28,29,35,42,51,77,78,79,80,81,90,91,94,95,96,97,98,99,128,129,186,187,191,192,212,223,232,236,237,238,239,242,263,273,274,275,276,277,278,332,343,344,345,346,347,348,353,354,355,356,357,380,381,418,419,420,450,609,
15;0;6174;6198;0;0,1,2,5,6,7,8,9,10,11,12,13,14,15,16,17,18,20,21,23,24,26,28,29,35,42,51,77,78,79,80,81,90,91,94,95,96,97,98,99,128,129,186,187,191,192,212,223,232,236,237,238,239,242,263,273,274,275,276,277,278,332,343,344,345,346,347,348,353,354,355,356,357,380,381,418,419,420,450,609,
9;0;6198;6355;0;0,1,2,5,6,7,8,9,10,11,12,13,14,15,16,17,18,20,21,23,24,26,28,29,35,42,51,77,78,79,80,81,90,91,94,95,96,97,98,99,128,129,186,187,191,192,212,223,232,236,237,238,239,242,263,273,274,275,276,277,278,332,343,344,345,346,347,348,353,354,355,356,357,380,381,418,419,420,450,609,
9;1;6355;6415;0;0,1,2,5,6,7,8,9,10,11,12,13,14,15,16,17,18,20,21,23,24,26,28,29,35,42,51,77,78,79,80,81,90,91,94,95,96,97,98,99,128,129,186,187,191,192,212,223,232,236,237,238,239,242,263,273,274,275,276,277,278,332,343,344,345,346,347,348,353,354,355,356,357,380,381,418,419,420,450,609,
435;0;6415;6511;0;0,1,2,5,6,7,8,9,10,11,12,13,14,15,16,17,18,20,21,23,24,26,28,29,35,42,51,77,78,79,80,81,90,91,94,95,96,97,98,99,128,129,186,187,191,192,212,223,232,236,237,238,239,242,263,273,274,275,276,277,278,332,343,344,345,346,347,348,353,354,355,356,357,380,381,418,419,420,450,609,
316;0;6511;6609;0;0,1,2,5,6,7,8,9,10,11,12,13,14,15,16,17,18,20,21,23,24,26,28,29,35,42,51,77,78,79,80,81,90,91,94,95,96,97,98,99,128,129,186,187,191,192,212,223,232,236,237,238,239,242,263,273,274,275,276,277,278,332,343,344,345,346,347,348,353,354,355,356,357,380,381,418,419,420,450,609,
197;0;6609;6747;1;0,1,2,5,6,7,8,9,10,11,12,13,14,15,16,17,18,20,21,23,24,26,28,29,35,42,51,77,78,79,80,81,90,91,94,95,96,97,98,99,128,129,186,187,191,192,212,223,232,236,237,238,239,242,263,273,274,275,276,277,278,332,343,344,345,346,347,348,353,354,355,356,357,380,381,418,419,420,450,609,
197;1;6747;6765;1;0,1,2,5,6,7,8,9,10,11,12,13,14,15,16,17,18,20,21,23,24,26,28,29,35,42,51,77,78,79,80,81,90,91,94,95,96,97,98,99,128,129,186,187,191,192,212,223,232,236,237,238,239,242,263,273,274,275,276,277,278,332,343,344,345,346,347,348,353,354,355,356,357,380,381,418,419,420,450,609,
385;0;6765;6812;0;0,1,2,5,6,7,8,9,10,11,12,13,14,15,16,17,18,20,21,23,24,26,28,29,35,42,51,77,78,79,80,81,90,91,94,95,96,97,98,99,128,129,186,187,191,192,212,223,232,236,237,238,239,242,263,273,274,275,276,277,278,332,343,344,345,346,347,348,353,354,355,356,357,380,381,418,419,420,450,609,
2;0;6812;6892;0;0,1,2,5,6,7,8,9,10,11,12,13,14,15,16,17,18,20,21,23,24,26,28,29,35,42,51,77,78,79,80,81,90,91,94,95,96,97,98,99,128,129,186,187,191,192,212,223,232,236,237,238,239,242,263,273,274,275,276,277,278,332,343,344,345,346,347,348,353,354,355,356,357,380,381,418,419,420,450,609,
2;1;6892;6939;0;0,1,2,5,6,7,8,9,10,11,12,13,14,15,16,17,18,20,21,23,24,26,28,29,35,42,51,77,78,79,80,81,90,91,94,95,96,97,98,99,128,129,186,187,191,192,212,223,232,236,237,238,239,242,263,273,274,275,276,277,278,332,343,344,345,346,347,348,353,354,355,356,357,380,381,418,419,420,450,609,
165;0;6939;6999;0;0,1,2,5,6,7,8,9,10,11,12,13,14,15,16,17,18,20,21,23,24,26,28,29,35,42,51,77,78,79,80,81,90,91,94,95,96,97,98,99,128,129,186,187,191,192,212,223,232,236,237,238,239,242,263,273,274,275,276,277,278,332,343,344,345,346,347,348,353,354,355,356,357,380,381,418,419,420,450,609,
207;0;6999;7030;1;0,1,2,5,6,7,8,9,10,11,12,13,14,15,16,17,18,20,21,23,24,26,28,29,35,42,51,77,78,79,80,81,90,91,94,95,96,97,98,99,128,129,186,187,191,192,212,223,232,236,237,238,239,242,263,273,274,275,276,277,278,332,343,344,345,346,347,348,353,354,355,356,357,380,381,418,419,420,450,609,
207;1;7030;7175;1;0,1,2,5,6,7,8,9,10,11,12,13,14,15,16,17,18,20,21,23,24,26,28,29,35,42,51,77,78,79,80,81,90,91,94,95,96,97,98,99,128,129,186,187,191,192,212,223,232,236,237,238,239,242,263,273,274,275,276,277,278,332,343,344,345,346,347,348,353,354,355,356,357,380,381,418,419,420,450,609,
388;0;7175;7339;0;0,1,2,5,6,7,8,9,10,11,12,13,14,15,16,17,18,20,21,23,24,26,28,29,35,42,51,77,78,79,80,81,90,91,94,95,96,97,98,99,128,129,186,187,191,192,212,223,232,236,237,238,239,242,263,273,274,275,276,277,278,332,343,344,345,346,347,348,353,354,355,356,357,380,381,418,419,420,450,609,
135;0;7339;7464;0;0,1,2,5,6,7,8,9,10,11,12,13,14,15,16,17,18,20,21,23,24,26,28,29,35,42,51,77,78,79,80,81,90,91,94,95,96,97,98,99,128,129,186,187,191,192,212,223,232,236,237,238,239,242,263,273,274,275,276,277,278,332,343,344,345,346,347,348,353,354,355,356,357,380,381,418,419,420,450,609,
121;0;7464;7629;1;0,1,2,5,6,7,8,9,10,11,12,13,14,15,16,17,18,20,21,23,24,26,28,29,35,42,51,77,78,79,80,81,90,91,94,95,96,97,98,99,128,129,186,187,191,192,212,223,232,236,237,238,239,242,263,273,274,275,276,277,278,332,343,344,345,346,347,348,353,354,355,356,357,380,381,418,419,420,450,609,
269;0;7629;7727;0;0,1,2,5,6,7,8,9,10,11,12,13,14,15,16,17,18,20,21,23,24,26,28,29,35,42,51,77,78,79,80,81,90,91,94,95,96,97,98,99,128,129,186,187,191,192,212,223,232,236,237,238,239,242,263,273,274,275,276,277,278,332,343,344,345,346,347,348,353,354,355,356,357,380,381,418,419,420,450,609,
269;1;7727;7887;0;0,1,2,5,6,7,8,9,10,11,12,13,14,15,16,17,18,20,21,23,24,26,28,29,35,42,51,77,78,79,80,81,90,91,94,95,96,97,98,99,128,129,186,187,191,192,212,223,232,236,237,238,239,242,263,273,274,275,276,277,278,332,343,344,345,346,347,348,353,354,355,356,357,380,381,418,419,420,450,609,
436;0;7887;7967;0;0,1,2,5,6,7,8,9,10,11,12,13,14,15,16,17,18,20,21,23,24,26,28,29,35,42,51,77,78,79,80,81,90,91,94,95,96,97,98,99,128,129,186,187,191,192,212,223,232,236,237,238,239,242,263,273,274,275,276,277,278,332,343,344,345,346,347,348,353,354,355,356,357,380,381,418,419,420,450,609,
424;0;7967;8072;1;0,1,2,5,6,7,8,9,10,11,12,13,14,15,16,17,18,20,21,23,24,26,28,29,35,42,51,77,78,79,80,81,90,91,94,95,96,97,98,99,128,129,186,187,191,192,212,223,232,236,237,238,239,242,263,273,274,275,276,277,278,332,343,344,345,346,347,348,353,354,355,356,357,380,381,418,419,420,450,609,
424;1;8072;8159;1;0,1,2,5,6,7,8,9,10,11,12,13,14,15,16,17,18,20,21,23,24,26,28,29,35,42,51,77,78,79,80,81,90,91,94,95,96,97,98,99,128,129,186,187,191,192,212,223,232,236,237,238,239,242,263,273,274,275,276,277,278,332,343,344,345,346,347,348,353,354,355,356,357,380,381,418,419,420,450,609,
222;0;8159;8201;0;0,1,2,5,6,7,8,9,10,11,12,13,14,15,16,17,18,20,21,23,24,26,28,29,35,42,51,77,78,79,80,81,90,91,94,95,96,97,98,99,128,129,186,187,191,192,212,223,232,236,237,238,239,242,263,273,274,275,276,277,278,332,343,344,345,346,347,348,353,354,355,356,357,380,381,418,419,420,450,609,
222;1;8201;8242;0;0,1,2,5,6,7,8,9,10,11,12,13,14,15,16,17,18,20,21,23,24,26,28,29,35,42,51,77,78,79,80,81,90,91,94,95,96,97,98,99,128,129,186,187,191,192,212,223,232,236,237,238,239,242,263,273,274,275,276,277,278,332,343,344,345,346,347,348,353,354,355,356,357,380,381,418,419,420,450,609,
334;0;8242;8322;1;0,1,2,5,6,7,8,9,10,11,12,13,14,15,16,17,18,20,21,23,24,26,28,29,35,42,51,77,78,79,80,81,90,91,94,95,96,97,98,99,128,129,186,187,191,192,212,223,232,236,237,238,239,242,263,273,274,275,276,277,278,332,343,344,345,346,347,348,353,354,355,356,357,380,381,418,419,420,450,609,
334;1;8322;8491;1;0,1,2,5,6,7,8,9,10,11,12,13,14,15,16,17,18,20,21,23,24,26,28,29,35,42,51,77,78,79,80,81,90,91,94,95,96,97,98,99,128,129,186,187,191,192,212,223,232,236,237,238,239,242,263,273,274,275,276,277,278,332,343,344,345,346,347,348,353,354,355,356,357,380,381,418,419,420,450,609,
293;0;8491;8651;1;0,1,2,5,6,7,8,9,10,11,12,13,14,15,16,17,18,20,21,23,24,26,28,29,35,42,51,77,78,79,80,81,90,91,94,95,96,97,98,99,128,129,186,187,191,192,212,223,232,236,237,238,239,242,263,273,274,275,276,277,278,332,343,344,345,346,347,348,353,354,355,356,357,380,381,418,419,420,450,609,
156;0;8651;8717;0;0,1,2,5,6,7,8,9,10,11,12,13,14,15,16,17,18,20,21,23,24,26,28,29,35,42,51,77,78,79,80,81,90,91,94,95,96,97,98,99,128,129,186,187,191,192,212,223,232,236,237,238,239,242,263,273,274,275,276,277,278,332,343,344,345,346,347,348,353,354,355,356,357,380,381,418,419,420,450,609,
386;0;8717;8777;0;0,1,2,5,6,7,8,9,10,11,12,13,14,15,16,17,18,20,21,23,24,26,28,29,35,42,51,77,78,79,80,81,90,91,94,95,96,97,98,99,128,129,186,187,191,192,212,223,232,236,237,238,239,242,263,273,274,275,276,277,278,332,343,344,345,346,347,348,353,354,355,356,357,380,381,418,419,420,450,609,
337;0;8777;8934;1;0,1,2,5,6,7,8,9,10,11,12,13,14,15,16,17,18,20,21,23,24,26,28,29,35,42,51,77,78,79,80,81,90,91,94,95,96,97,98,99,128,129,186,187,191,192,212,223,232,236,237,238,239,242,263,273,274,275,276,277,278,332,343,344,345,346,347,348,353,354,355,356,357,380,381,418,419,420,450,609,
337;1;8934;9001;1;0,1,2,5,6,7,8,9,10,11,12,13,14,15,16,17,18,20,21,23,24,26,28,29,35,42,51,77,78,79,80,81,90,91,94,95,96,97,98,99,128,129,186,187,191,192,212,223,232,236,237,238,239,242,263,273,274,275,276,277,278,332,343,344,345,346,347,348,353,354,355,356,357,380,381,418,419,420,450,609,
152;0;9001;9070;0;0,1,2,5,6,7,8,9,10,11,12,13,14,15,16,17,18,20,21,23,24,26,28,29,35,42,51,77,78,79,80,81,90,91,94,95,96,97,98,99,128,129,186,187,191,192,212,223,232,236,237,238,239,242,263,273,274,275,276,277,278,332,343,344,345,346,347,348,353,354,355,356,357,380,381,418,419,420,450,609,
152;1;9070;9122;0;0,1,2,5,6,7,8,9,10,11,12,13,14,15,16,17,18,20,21,23,24,26,28,29,35,42,51,77,78,79,80,81,90,91,94,95,96,97,98,99,128,129,186,187,191,192,212,223,232,236,237,238,239,242,263,273,274,275,276,277,278,332,343,344,345,346,347,348,353,354,355,356,357,380,381,418,419,420,450,609,
117;0;9122;9173;1;0,1,2,5,6,7,8,9,10,11,12,13,14,15,16,17,18,20,21,23,24,26,28,29,35,42,51,77,78,79,80,81,90,91,94,95,96,97,98,99,128,129,186,187,191,192,212,223,232,236,237,238,239,242,263,273,274,275,276,277,278,332,343,344,345,346,347,348,353,354,355,356,357,380,381,418,419,420,450,609,
117;1;9173;9308;1;0,1,2,5,6,7,8,9,10,11,12,13,14,15,16,17,18,20,21,23,24,26,28,29,35,42,51,77,78,79,80,81,90,91,94,95,96,97,98,99,128,129,186,187,191,192,212,223,232,236,237,238,239,242,263,273,274,275,276,277,278,332,343,344,345,346,347,348,353,354,355,356,357,380,381,418,419,420,450,609,
199;0;9308;9325;0;0,1,2,5,6,7,8,9,10,11,12,13,14,15,16,17,18,20,21,23,24,26,28,29,35,42,51,77,78,79,80,81,90,91,94,95,96,97,98,99,128,129,186,187,191,192,212,223,232,236,237,238,239,242,263,273,274,275,276,277,278,332,343,344,345,346,347,348,353,354,355,356,357,380,381,418,419,420,450,609,
199;1;9325;9502;0;0,1,2,5,6,7,8,9,10,11,12,13,14,15,16,17,18,20,21,23,24,26,28,29,35,42,51,77,78,79,80,81,90,91,94,95,96,97,98,99,128,129,186,187,191,192,212,223,232,236,237,238,239,242,263,273,274,275,276,277,278,332,343,344,345,346,347,348,353,354,355,356,357,380,381,418,419,420,450,609,
210;0;9502;9616;1;0,1,2,5,6,7,8,9,10,11,12,13,14,15,16,17,18,20,21,23,24,26,28,29,35,42,51,77,78,79,80,81,90,91,94,95,96,97,98,99,128,129,186,187,191,192,212,223,232,236,237,238,239,242,263,273,274,275,276,277,278,332,343,344,345,346,347,348,353,354,355,356,357,380,381,418,419,420,450,609,
97;0;9616;9740;1;0,1,2,5,6,7,8,9,10,11,12,13,14,15,16,17,18,20,21,23,24,26,28,29,35,42,51,77,78,79,80,81,90,91,94,95,96,97,98,99,128,129,186,187,191,192,212,223,232,236,237,238,239,242,263,273,274,275,276,277,278,332,343,344,345,346,347,348,353,354,355,356,357,380,381,418,419,420,450,609,
97;1;9740;9904;1;0,1,2,5,6,7,8,9,10,11,12,13,14,15,16,17,18,20,21,23,24,26,28,29,35,42,51,77,78,79,80,81,90,91,94,95,96,97,98,99,128,129,186,187,191,192,212,223,232,236,237,238,239,242,263,273,274,275,276,277,278,332,343,344,345,346,347,348,353,354,355,356,357,380,381,418,419,420,450,609,
90;0;9904;9945;1;0,1,2,5,6,7,8,9,10,11,12,13,14,15,16,17,18,20,21,23,24,26,28,29,35,42,51,77,78,79,80,81,90,91,94,95,96,97,98,99,128,129,186,187,191,192,212,223,232,236,237,238,239,242,263,273,274,275,276,277,278,332,343,344,345,346,347,348,353,354,355,356,357,380,381,418,419,420,450,609,
END
fineshedJobsCount: 629
switchs: 400
switchsInstances: 12
unfineshedPriorityCount: 0
totalUnfineshed: 0
criticalMachineSwitchs: 166
criticalMachineTime: 10063
Final Solution: 18350
Time: 1114524
PTL: 499
MCMC: 250
Best Initial: 16233
Mean Initial: 15847.9
