./input/BaseInstances/6M1_n=1201,r=0.6,t=1525,v0.txt;./input/Processed/ToolSetInt.csv
7;720;1440
Machine: 0
459;0;0;170;1;0,1,2,3,4,5,6,7,8,9,10,11,12,13,14,15,16,17,25,44,45,46,47,48,49,50,51,52,53,54,55,56,57,58,59,60,61,62,63,70,105,110,147,254,304,366,396,414,527,543,827,828,860,1112,1166,1167,1168,1169,1387,1388,1389,1390,1391,1392,1393,1394,1395,1396,1397,1398,1399,1400,1401,1402,1403,1404,1405,1406,1407,1408,
459;1;170;319;1;0,1,2,3,4,5,6,7,8,9,10,11,12,13,14,15,16,17,25,44,45,46,47,48,49,50,51,52,53,54,55,56,57,58,59,60,61,62,63,70,105,110,147,254,304,366,396,414,527,543,827,828,860,1112,1166,1167,1168,1169,1387,1388,1389,1390,1391,1392,1393,1394,1395,1396,1397,1398,1399,1400,1401,1402,1403,1404,1405,1406,1407,1408,
559;0;319;454;1;0,1,2,3,4,5,6,7,8,9,10,11,12,13,14,15,16,17,25,44,45,46,47,48,49,50,51,52,53,54,55,56,57,58,59,60,61,62,63,70,105,110,147,254,304,366,396,414,527,543,827,828,860,1112,1166,1167,1168,1169,1387,1388,1389,1390,1391,1392,1393,1394,1395,1396,1397,1398,1399,1400,1401,1402,1403,1404,1405,1406,1407,1408,
559;1;454;483;1;0,1,2,3,4,5,6,7,8,9,10,11,12,13,14,15,16,17,25,44,45,46,47,48,49,50,51,52,53,54,55,56,57,58,59,60,61,62,63,70,105,110,147,254,304,366,396,414,527,543,827,828,860,1112,1166,1167,1168,1169,1387,1388,1389,1390,1391,1392,1393,1394,1395,1396,1397,1398,1399,1400,1401,1402,1403,1404,1405,1406,1407,1408,
731;0;483;564;1;0,1,2,3,4,5,6,7,8,9,10,11,12,13,14,15,16,17,25,44,45,46,47,48,49,50,51,52,53,54,55,56,57,58,59,60,61,62,63,70,105,110,147,254,304,366,396,414,527,543,827,828,860,1112,1166,1167,1168,1169,1387,1388,1389,1390,1391,1392,1393,1394,1395,1396,1397,1398,1399,1400,1401,1402,1403,1404,1405,1406,1407,1408,
731;1;564;593;1;0,1,2,3,4,5,6,7,8,9,10,11,12,13,14,15,16,17,25,44,45,46,47,48,49,50,51,52,53,54,55,56,57,58,59,60,61,62,63,70,105,110,147,254,304,366,396,414,527,543,827,828,860,1112,1166,1167,1168,1169,1387,1388,1389,1390,1391,1392,1393,1394,1395,1396,1397,1398,1399,1400,1401,1402,1403,1404,1405,1406,1407,1408,
2;0;593;765;1;0,1,2,3,4,5,6,7,8,9,10,11,12,13,14,15,16,17,25,44,45,46,47,48,49,50,51,52,53,54,55,56,57,58,59,60,61,62,63,70,105,110,147,254,304,366,396,414,527,543,827,828,860,1112,1166,1167,1168,1169,1387,1388,1389,1390,1391,1392,1393,1394,1395,1396,1397,1398,1399,1400,1401,1402,1403,1404,1405,1406,1407,1408,
338;0;765;818;0;0,1,2,3,4,5,6,7,8,9,10,11,12,13,14,15,16,17,25,44,45,46,47,48,49,50,51,52,53,54,55,56,57,58,59,60,61,62,63,70,105,110,147,254,304,366,396,414,527,543,827,828,860,1112,1166,1167,1168,1169,1387,1388,1389,1390,1391,1392,1393,1394,1395,1396,1397,1398,1399,1400,1401,1402,1403,1404,1405,1406,1407,1408,
338;1;818;873;0;0,1,2,3,4,5,6,7,8,9,10,11,12,13,14,15,16,17,25,44,45,46,47,48,49,50,51,52,53,54,55,56,57,58,59,60,61,62,63,70,105,110,147,254,304,366,396,414,527,543,827,828,860,1112,1166,1167,1168,1169,1387,1388,1389,1390,1391,1392,1393,1394,1395,1396,1397,1398,1399,1400,1401,1402,1403,1404,1405,1406,1407,1408,
461;0;873;1023;1;0,1,2,3,4,5,6,7,8,9,10,11,12,13,14,15,16,17,25,44,45,46,47,48,49,50,51,52,53,54,55,56,57,58,59,60,61,62,63,70,105,110,147,254,304,366,396,414,527,543,827,828,860,1112,1166,1167,1168,1169,1387,1388,1389,1390,1391,1392,1393,1394,1395,1396,1397,1398,1399,1400,1401,1402,1403,1404,1405,1406,1407,1408,
461;1;1023;1195;1;0,1,2,3,4,5,6,7,8,9,10,11,12,13,14,15,16,17,25,44,45,46,47,48,49,50,51,52,53,54,55,56,57,58,59,60,61,62,63,70,105,110,147,254,304,366,396,414,527,543,827,828,860,1112,1166,1167,1168,1169,1387,1388,1389,1390,1391,1392,1393,1394,1395,1396,1397,1398,1399,1400,1401,1402,1403,1404,1405,1406,1407,1408,
529;0;1195;1312;1;0,1,2,3,4,5,6,7,8,9,10,11,12,13,14,15,16,17,25,44,45,46,47,48,49,50,51,52,53,54,55,56,57,58,59,60,61,62,63,70,105,110,147,254,304,366,396,414,527,543,827,828,860,1112,1166,1167,1168,1169,1387,1388,1389,1390,1391,1392,1393,1394,1395,1396,1397,1398,1399,1400,1401,1402,1403,1404,1405,1406,1407,1408,
529;1;1312;1462;1;0,1,2,3,4,5,6,7,8,9,10,11,12,13,14,15,16,17,25,44,45,46,47,48,49,50,51,52,53,54,55,56,57,58,59,60,61,62,63,70,105,110,147,254,304,366,396,414,527,543,827,828,860,1112,1166,1167,1168,1169,1387,1388,1389,1390,1391,1392,1393,1394,1395,1396,1397,1398,1399,1400,1401,1402,1403,1404,1405,1406,1407,1408,
124;0;1462;1473;1;0,1,2,3,4,5,6,7,8,9,10,11,12,13,14,15,16,17,25,45,46,48,51,53,54,56,58,61,70,105,110,142,147,149,150,151,152,153,154,155,156,157,158,159,160,161,162,163,164,165,166,167,168,169,170,171,172,173,174,175,176,177,178,179,180,181,182,183,184,254,304,366,396,414,527,543,1166,1167,1168,1169,
124;1;1473;1487;1;0,1,2,3,4,5,6,7,8,9,10,11,12,13,14,15,16,17,25,45,46,48,51,53,54,56,58,61,70,105,110,142,147,149,150,151,152,153,154,155,156,157,158,159,160,161,162,163,164,165,166,167,168,169,170,171,172,173,174,175,176,177,178,179,180,181,182,183,184,254,304,366,396,414,527,543,1166,1167,1168,1169,
651;0;1487;1648;1;0,1,2,3,4,5,6,7,8,9,10,11,12,13,14,15,16,17,25,45,46,48,51,53,54,56,58,61,70,105,110,142,147,149,150,151,152,153,154,155,156,157,158,159,160,161,162,163,164,165,166,167,168,169,170,171,172,173,174,175,176,177,178,179,180,181,182,183,184,254,304,366,396,414,527,543,1166,1167,1168,1169,
651;1;1648;1798;1;0,1,2,3,4,5,6,7,8,9,10,11,12,13,14,15,16,17,25,45,46,48,51,53,54,56,58,61,70,105,110,142,147,149,150,151,152,153,154,155,156,157,158,159,160,161,162,163,164,165,166,167,168,169,170,171,172,173,174,175,176,177,178,179,180,181,182,183,184,254,304,366,396,414,527,543,1166,1167,1168,1169,
304;0;1798;1909;1;0,1,2,3,4,5,6,7,8,9,10,11,12,13,14,15,16,17,25,46,53,54,58,61,70,105,110,142,147,149,150,151,152,153,154,155,156,157,158,159,160,161,162,163,164,165,166,167,168,169,170,171,172,173,174,175,176,177,178,179,180,181,182,183,184,249,254,279,304,366,414,527,543,1002,1003,1004,1005,1166,1167,1168,
304;1;1909;1987;1;0,1,2,3,4,5,6,7,8,9,10,11,12,13,14,15,16,17,25,46,53,54,58,61,70,105,110,142,147,149,150,151,152,153,154,155,156,157,158,159,160,161,162,163,164,165,166,167,168,169,170,171,172,173,174,175,176,177,178,179,180,181,182,183,184,249,254,279,304,366,414,527,543,1002,1003,1004,1005,1166,1167,1168,
286;0;1987;2064;1;0,1,2,3,4,5,6,7,8,9,10,11,12,13,14,15,16,17,25,46,53,54,58,61,70,105,110,142,147,149,150,151,152,153,154,155,156,157,158,159,160,161,162,163,164,165,166,167,168,169,170,171,172,173,174,175,176,177,178,179,180,181,182,183,184,249,254,279,304,366,414,527,543,1002,1003,1004,1005,1166,1167,1168,
286;1;2064;2078;1;0,1,2,3,4,5,6,7,8,9,10,11,12,13,14,15,16,17,25,46,53,54,58,61,70,105,110,142,147,149,150,151,152,153,154,155,156,157,158,159,160,161,162,163,164,165,166,167,168,169,170,171,172,173,174,175,176,177,178,179,180,181,182,183,184,249,254,279,304,366,414,527,543,1002,1003,1004,1005,1166,1167,1168,
441;0;2078;2238;1;0,1,2,3,4,5,6,7,8,9,10,11,12,13,14,15,16,17,25,54,70,71,90,94,95,96,97,98,99,100,101,102,103,104,105,106,110,147,156,249,254,279,304,366,369,370,371,527,543,984,1002,1006,1007,1008,1009,1010,1011,1012,1013,1014,1015,1016,1017,1018,1019,1020,1021,1022,1023,1024,1025,1026,1027,1123,1124,1125,1166,1167,1168,1409,
441;1;2238;2388;1;0,1,2,3,4,5,6,7,8,9,10,11,12,13,14,15,16,17,25,54,70,71,90,94,95,96,97,98,99,100,101,102,103,104,105,106,110,147,156,249,254,279,304,366,369,370,371,527,543,984,1002,1006,1007,1008,1009,1010,1011,1012,1013,1014,1015,1016,1017,1018,1019,1020,1021,1022,1023,1024,1025,1026,1027,1123,1124,1125,1166,1167,1168,1409,
344;0;2388;2507;1;0,1,2,3,4,5,6,7,8,9,10,11,12,13,14,15,16,17,25,54,70,71,90,94,95,96,97,98,99,100,101,102,103,104,105,106,110,147,156,249,254,279,304,366,369,370,371,527,543,984,1002,1006,1007,1008,1009,1010,1011,1012,1013,1014,1015,1016,1017,1018,1019,1020,1021,1022,1023,1024,1025,1026,1027,1123,1124,1125,1166,1167,1168,1409,
344;1;2507;2616;1;0,1,2,3,4,5,6,7,8,9,10,11,12,13,14,15,16,17,25,54,70,71,90,94,95,96,97,98,99,100,101,102,103,104,105,106,110,147,156,249,254,279,304,366,369,370,371,527,543,984,1002,1006,1007,1008,1009,1010,1011,1012,1013,1014,1015,1016,1017,1018,1019,1020,1021,1022,1023,1024,1025,1026,1027,1123,1124,1125,1166,1167,1168,1409,
279;0;2616;2792;1;0,1,2,3,4,5,6,7,8,9,10,11,12,13,14,15,16,17,25,54,70,71,90,94,95,96,97,98,99,100,101,102,103,104,105,106,110,147,156,249,254,279,304,366,369,370,371,527,543,984,1002,1006,1007,1008,1009,1010,1011,1012,1013,1014,1015,1016,1017,1018,1019,1020,1021,1022,1023,1024,1025,1026,1027,1123,1124,1125,1166,1167,1168,1409,
279;1;2792;2886;1;0,1,2,3,4,5,6,7,8,9,10,11,12,13,14,15,16,17,25,54,70,71,90,94,95,96,97,98,99,100,101,102,103,104,105,106,110,147,156,249,254,279,304,366,369,370,371,527,543,984,1002,1006,1007,1008,1009,1010,1011,1012,1013,1014,1015,1016,1017,1018,1019,1020,1021,1022,1023,1024,1025,1026,1027,1123,1124,1125,1166,1167,1168,1409,
271;0;2886;3059;1;0,1,2,3,4,5,6,7,8,9,10,11,12,13,14,15,16,17,25,54,70,71,90,94,95,96,97,98,99,100,101,102,103,104,105,106,110,147,156,249,254,279,304,366,369,370,371,527,543,984,1002,1006,1007,1008,1009,1010,1011,1012,1013,1014,1015,1016,1017,1018,1019,1020,1021,1022,1023,1024,1025,1026,1027,1123,1124,1125,1166,1167,1168,1409,
271;1;3059;3207;1;0,1,2,3,4,5,6,7,8,9,10,11,12,13,14,15,16,17,25,54,70,71,90,94,95,96,97,98,99,100,101,102,103,104,105,106,110,147,156,249,254,279,304,366,369,370,371,527,543,984,1002,1006,1007,1008,1009,1010,1011,1012,1013,1014,1015,1016,1017,1018,1019,1020,1021,1022,1023,1024,1025,1026,1027,1123,1124,1125,1166,1167,1168,1409,
717;0;3207;3262;0;0,1,2,3,4,5,6,7,8,9,10,11,12,13,14,15,16,17,25,54,70,71,90,94,95,96,97,98,99,100,101,102,103,104,105,106,110,147,156,249,254,279,304,366,369,370,371,527,543,984,1002,1006,1007,1008,1009,1010,1011,1012,1013,1014,1015,1016,1017,1018,1019,1020,1021,1022,1023,1024,1025,1026,1027,1123,1124,1125,1166,1167,1168,1409,
134;0;3262;3365;1;0,1,2,3,4,5,6,7,8,9,10,11,12,13,14,15,16,17,25,54,70,71,90,94,95,96,97,98,99,100,101,102,103,104,105,106,110,147,156,249,254,279,304,366,369,370,371,527,543,984,1002,1006,1007,1008,1009,1010,1011,1012,1013,1014,1015,1016,1017,1018,1019,1020,1021,1022,1023,1024,1025,1026,1027,1123,1124,1125,1166,1167,1168,1409,
134;1;3365;3459;1;0,1,2,3,4,5,6,7,8,9,10,11,12,13,14,15,16,17,25,54,70,71,90,94,95,96,97,98,99,100,101,102,103,104,105,106,110,147,156,249,254,279,304,366,369,370,371,527,543,984,1002,1006,1007,1008,1009,1010,1011,1012,1013,1014,1015,1016,1017,1018,1019,1020,1021,1022,1023,1024,1025,1026,1027,1123,1124,1125,1166,1167,1168,1409,
244;0;3459;3484;1;0,1,2,3,4,5,6,7,8,9,10,11,12,13,14,15,16,17,25,54,70,71,90,94,95,96,97,98,99,100,101,102,103,104,105,106,110,147,156,249,254,279,304,366,369,370,371,527,543,984,1002,1006,1007,1008,1009,1010,1011,1012,1013,1014,1015,1016,1017,1018,1019,1020,1021,1022,1023,1024,1025,1026,1027,1123,1124,1125,1166,1167,1168,1409,
244;1;3484;3561;1;0,1,2,3,4,5,6,7,8,9,10,11,12,13,14,15,16,17,25,54,70,71,90,94,95,96,97,98,99,100,101,102,103,104,105,106,110,147,156,249,254,279,304,366,369,370,371,527,543,984,1002,1006,1007,1008,1009,1010,1011,1012,1013,1014,1015,1016,1017,1018,1019,1020,1021,1022,1023,1024,1025,1026,1027,1123,1124,1125,1166,1167,1168,1409,
451;0;3561;3659;1;0,1,2,3,4,5,6,7,8,9,10,11,12,13,14,15,16,17,25,67,70,71,77,93,94,95,96,97,98,99,100,101,102,103,104,105,106,110,147,156,249,254,270,271,272,273,274,275,276,277,278,279,280,281,282,283,284,285,286,287,288,289,290,291,292,293,294,295,296,304,366,371,527,543,984,1006,1007,1166,1167,1168,
451;1;3659;3742;1;0,1,2,3,4,5,6,7,8,9,10,11,12,13,14,15,16,17,25,67,70,71,77,93,94,95,96,97,98,99,100,101,102,103,104,105,106,110,147,156,249,254,270,271,272,273,274,275,276,277,278,279,280,281,282,283,284,285,286,287,288,289,290,291,292,293,294,295,296,304,366,371,527,543,984,1006,1007,1166,1167,1168,
391;0;3742;3778;1;0,1,2,3,4,5,6,7,8,9,10,11,12,13,14,15,16,17,25,67,70,71,77,93,94,95,96,97,98,99,100,101,102,103,104,105,106,110,147,156,249,254,270,271,272,273,274,275,276,277,278,279,280,281,282,283,284,285,286,287,288,289,290,291,292,293,294,295,296,304,366,371,527,543,984,1006,1007,1166,1167,1168,
391;1;3778;3868;1;0,1,2,3,4,5,6,7,8,9,10,11,12,13,14,15,16,17,25,67,70,71,77,93,94,95,96,97,98,99,100,101,102,103,104,105,106,110,147,156,249,254,270,271,272,273,274,275,276,277,278,279,280,281,282,283,284,285,286,287,288,289,290,291,292,293,294,295,296,304,366,371,527,543,984,1006,1007,1166,1167,1168,
291;0;3868;4039;1;0,1,2,3,4,5,6,7,8,9,10,11,12,13,14,15,16,17,25,67,70,71,77,93,94,95,96,97,98,99,100,101,102,103,104,105,106,110,147,156,249,254,270,271,272,273,274,275,276,277,278,279,280,281,282,283,284,285,286,287,288,289,290,291,292,293,294,295,296,304,366,371,527,543,984,1006,1007,1166,1167,1168,
291;1;4039;4122;1;0,1,2,3,4,5,6,7,8,9,10,11,12,13,14,15,16,17,25,67,70,71,77,93,94,95,96,97,98,99,100,101,102,103,104,105,106,110,147,156,249,254,270,271,272,273,274,275,276,277,278,279,280,281,282,283,284,285,286,287,288,289,290,291,292,293,294,295,296,304,366,371,527,543,984,1006,1007,1166,1167,1168,
141;0;4122;4166;1;0,1,2,3,4,5,6,7,8,9,10,11,12,13,14,15,16,17,25,67,70,71,77,93,94,95,96,97,98,99,100,101,102,103,104,105,106,110,147,156,249,254,270,271,272,273,274,275,276,277,278,279,280,281,282,283,284,285,286,287,288,289,290,291,292,293,294,295,296,304,366,371,527,543,984,1006,1007,1166,1167,1168,
141;1;4166;4249;1;0,1,2,3,4,5,6,7,8,9,10,11,12,13,14,15,16,17,25,67,70,71,77,93,94,95,96,97,98,99,100,101,102,103,104,105,106,110,147,156,249,254,270,271,272,273,274,275,276,277,278,279,280,281,282,283,284,285,286,287,288,289,290,291,292,293,294,295,296,304,366,371,527,543,984,1006,1007,1166,1167,1168,
666;0;4249;4263;1;0,1,2,3,4,5,6,7,8,9,10,11,12,13,14,15,16,17,25,67,70,71,77,93,94,95,96,97,98,99,100,101,102,103,104,105,106,110,147,156,249,254,270,271,272,273,274,275,276,277,278,279,280,281,282,283,284,285,286,287,288,289,290,291,292,293,294,295,296,304,366,371,527,543,984,1006,1007,1166,1167,1168,
666;1;4263;4346;1;0,1,2,3,4,5,6,7,8,9,10,11,12,13,14,15,16,17,25,67,70,71,77,93,94,95,96,97,98,99,100,101,102,103,104,105,106,110,147,156,249,254,270,271,272,273,274,275,276,277,278,279,280,281,282,283,284,285,286,287,288,289,290,291,292,293,294,295,296,304,366,371,527,543,984,1006,1007,1166,1167,1168,
366;0;4346;4423;1;0,1,2,3,4,5,6,7,8,9,10,11,12,13,14,15,16,17,25,67,70,71,77,93,94,95,96,97,98,99,100,101,102,103,104,105,106,110,147,156,249,254,270,271,272,273,274,275,276,277,278,279,280,281,282,283,284,285,286,287,288,289,290,291,292,293,294,295,296,304,366,371,527,543,984,1006,1007,1166,1167,1168,
366;1;4423;4500;1;0,1,2,3,4,5,6,7,8,9,10,11,12,13,14,15,16,17,25,67,70,71,77,93,94,95,96,97,98,99,100,101,102,103,104,105,106,110,147,156,249,254,270,271,272,273,274,275,276,277,278,279,280,281,282,283,284,285,286,287,288,289,290,291,292,293,294,295,296,304,366,371,527,543,984,1006,1007,1166,1167,1168,
512;0;4500;4533;0;0,1,2,3,4,5,6,7,8,9,10,11,12,13,14,15,16,17,25,38,70,71,77,93,94,95,96,97,98,99,100,101,102,103,104,105,106,110,147,156,249,254,272,277,279,293,304,316,352,366,368,371,527,543,546,554,704,705,706,707,708,709,710,711,712,713,714,715,716,717,718,719,720,721,984,1006,1007,1166,1167,1168,
381;0;4533;4653;1;0,1,2,3,4,5,6,7,8,9,10,11,12,13,14,15,16,17,25,38,70,71,77,93,94,95,96,97,98,99,100,101,102,103,104,105,106,110,147,156,249,254,272,277,279,293,304,316,352,366,368,371,527,543,546,554,704,705,706,707,708,709,710,711,712,713,714,715,716,717,718,719,720,721,984,1006,1007,1166,1167,1168,
381;1;4653;4708;1;0,1,2,3,4,5,6,7,8,9,10,11,12,13,14,15,16,17,25,38,70,71,77,93,94,95,96,97,98,99,100,101,102,103,104,105,106,110,147,156,249,254,272,277,279,293,304,316,352,366,368,371,527,543,546,554,704,705,706,707,708,709,710,711,712,713,714,715,716,717,718,719,720,721,984,1006,1007,1166,1167,1168,
221;0;4708;4772;1;0,1,2,3,4,5,6,7,8,9,10,11,12,13,14,15,16,17,25,38,70,71,77,93,94,95,96,97,98,99,100,101,102,103,104,105,106,110,147,156,249,254,272,277,279,293,304,316,352,366,368,371,527,543,546,554,704,705,706,707,708,709,710,711,712,713,714,715,716,717,718,719,720,721,984,1006,1007,1166,1167,1168,
221;1;4772;4805;1;0,1,2,3,4,5,6,7,8,9,10,11,12,13,14,15,16,17,25,38,70,71,77,93,94,95,96,97,98,99,100,101,102,103,104,105,106,110,147,156,249,254,272,277,279,293,304,316,352,366,368,371,527,543,546,554,704,705,706,707,708,709,710,711,712,713,714,715,716,717,718,719,720,721,984,1006,1007,1166,1167,1168,
168;0;4805;4930;0;0,1,2,3,4,5,6,7,8,9,10,11,12,13,14,15,16,17,25,38,70,71,77,93,94,95,96,97,98,99,100,101,102,103,104,105,106,110,147,156,249,254,272,277,279,293,304,316,352,366,368,371,527,543,546,554,704,705,706,707,708,709,710,711,712,713,714,715,716,717,718,719,720,721,984,1006,1007,1166,1167,1168,
168;1;4930;4963;0;0,1,2,3,4,5,6,7,8,9,10,11,12,13,14,15,16,17,25,38,70,71,77,93,94,95,96,97,98,99,100,101,102,103,104,105,106,110,147,156,249,254,272,277,279,293,304,316,352,366,368,371,527,543,546,554,704,705,706,707,708,709,710,711,712,713,714,715,716,717,718,719,720,721,984,1006,1007,1166,1167,1168,
616;0;4963;5023;1;0,2,17,25,70,71,77,91,93,94,95,96,97,98,99,100,101,102,103,104,105,106,110,147,156,229,249,254,260,277,279,293,299,304,316,348,360,364,366,368,371,402,527,543,554,639,761,762,763,764,765,766,767,768,769,770,771,772,773,774,775,776,984,1006,1007,1077,1078,1079,1080,1081,1082,1083,1084,1085,1086,1087,1166,1167,1168,1169,
616;1;5023;5104;1;0,2,17,25,70,71,77,91,93,94,95,96,97,98,99,100,101,102,103,104,105,106,110,147,156,229,249,254,260,277,279,293,299,304,316,348,360,364,366,368,371,402,527,543,554,639,761,762,763,764,765,766,767,768,769,770,771,772,773,774,775,776,984,1006,1007,1077,1078,1079,1080,1081,1082,1083,1084,1085,1086,1087,1166,1167,1168,1169,
556;0;5104;5160;1;0,2,17,25,70,71,77,91,93,94,95,96,97,98,99,100,101,102,103,104,105,106,110,147,156,229,249,254,260,277,279,293,299,304,316,348,360,364,366,368,371,402,527,543,554,639,761,762,763,764,765,766,767,768,769,770,771,772,773,774,775,776,984,1006,1007,1077,1078,1079,1080,1081,1082,1083,1084,1085,1086,1087,1166,1167,1168,1169,
556;1;5160;5237;1;0,2,17,25,70,71,77,91,93,94,95,96,97,98,99,100,101,102,103,104,105,106,110,147,156,229,249,254,260,277,279,293,299,304,316,348,360,364,366,368,371,402,527,543,554,639,761,762,763,764,765,766,767,768,769,770,771,772,773,774,775,776,984,1006,1007,1077,1078,1079,1080,1081,1082,1083,1084,1085,1086,1087,1166,1167,1168,1169,
694;0;5237;5380;1;0,2,17,25,70,71,77,91,93,94,95,96,97,98,99,100,101,102,103,104,105,106,110,147,156,229,249,254,260,277,279,293,299,304,316,348,360,364,366,368,371,402,527,543,554,639,761,762,763,764,765,766,767,768,769,770,771,772,773,774,775,776,984,1006,1007,1077,1078,1079,1080,1081,1082,1083,1084,1085,1086,1087,1166,1167,1168,1169,
694;1;5380;5485;1;0,2,17,25,70,71,77,91,93,94,95,96,97,98,99,100,101,102,103,104,105,106,110,147,156,229,249,254,260,277,279,293,299,304,316,348,360,364,366,368,371,402,527,543,554,639,761,762,763,764,765,766,767,768,769,770,771,772,773,774,775,776,984,1006,1007,1077,1078,1079,1080,1081,1082,1083,1084,1085,1086,1087,1166,1167,1168,1169,
629;0;5485;5602;1;0,2,17,25,70,71,77,91,93,94,95,96,97,98,99,100,101,102,103,104,105,106,110,147,156,229,249,254,260,277,279,293,299,304,316,348,360,364,366,368,371,402,527,543,554,639,761,762,763,764,765,766,767,768,769,770,771,772,773,774,775,776,984,1006,1007,1077,1078,1079,1080,1081,1082,1083,1084,1085,1086,1087,1166,1167,1168,1169,
629;1;5602;5752;1;0,2,17,25,70,71,77,91,93,94,95,96,97,98,99,100,101,102,103,104,105,106,110,147,156,229,249,254,260,277,279,293,299,304,316,348,360,364,366,368,371,402,527,543,554,639,761,762,763,764,765,766,767,768,769,770,771,772,773,774,775,776,984,1006,1007,1077,1078,1079,1080,1081,1082,1083,1084,1085,1086,1087,1166,1167,1168,1169,
535;0;5752;5842;0;0,2,17,25,70,71,77,91,93,94,95,96,97,98,99,100,101,102,103,104,105,106,110,147,156,229,249,254,260,277,279,293,299,304,316,348,360,364,366,368,371,402,527,543,554,639,761,762,763,764,765,766,767,768,769,770,771,772,773,774,775,776,984,1006,1007,1077,1078,1079,1080,1081,1082,1083,1084,1085,1086,1087,1166,1167,1168,1169,
289;0;5842;5856;1;0,2,17,25,70,71,77,91,94,95,96,97,98,99,100,101,102,103,104,105,106,110,147,156,229,249,254,260,277,279,293,299,304,316,348,360,364,366,368,371,402,527,537,538,539,542,543,554,636,639,763,829,830,831,832,833,834,835,836,837,838,839,840,841,842,843,844,984,1006,1007,1077,1078,1079,1080,1081,1082,1166,1167,1168,1169,
289;1;5856;5987;1;0,2,17,25,70,71,77,91,94,95,96,97,98,99,100,101,102,103,104,105,106,110,147,156,229,249,254,260,277,279,293,299,304,316,348,360,364,366,368,371,402,527,537,538,539,542,543,554,636,639,763,829,830,831,832,833,834,835,836,837,838,839,840,841,842,843,844,984,1006,1007,1077,1078,1079,1080,1081,1082,1166,1167,1168,1169,
547;0;5987;6064;0;0,2,17,25,70,71,77,91,94,95,96,97,98,99,100,101,102,103,104,105,106,110,147,156,229,249,254,260,277,279,293,299,304,316,348,360,364,366,368,371,402,527,537,538,539,542,543,554,636,639,763,829,830,831,832,833,834,835,836,837,838,839,840,841,842,843,844,984,1006,1007,1077,1078,1079,1080,1081,1082,1166,1167,1168,1169,
416;0;6064;6213;1;0,2,17,25,70,71,77,91,94,95,96,97,98,99,100,101,102,103,104,105,106,110,147,156,229,249,254,260,277,279,293,299,304,316,348,360,364,366,368,371,402,527,537,538,539,542,543,554,636,639,763,829,830,831,832,833,834,835,836,837,838,839,840,841,842,843,844,984,1006,1007,1077,1078,1079,1080,1081,1082,1166,1167,1168,1169,
416;1;6213;6363;1;0,2,17,25,70,71,77,91,94,95,96,97,98,99,100,101,102,103,104,105,106,110,147,156,229,249,254,260,277,279,293,299,304,316,348,360,364,366,368,371,402,527,537,538,539,542,543,554,636,639,763,829,830,831,832,833,834,835,836,837,838,839,840,841,842,843,844,984,1006,1007,1077,1078,1079,1080,1081,1082,1166,1167,1168,1169,
544;0;6363;6534;1;25,32,34,56,70,71,91,92,94,95,96,97,98,99,100,101,102,103,104,105,106,110,138,142,143,144,145,146,147,148,186,254,261,336,342,346,347,428,478,504,508,509,527,537,538,543,545,617,636,728,821,829,875,901,922,929,960,961,984,993,994,995,996,997,998,999,1000,1001,1006,1007,1031,1032,1033,1034,1035,1036,1037,1038,1153,1154,
544;1;6534;6611;1;25,32,34,56,70,71,91,92,94,95,96,97,98,99,100,101,102,103,104,105,106,110,138,142,143,144,145,146,147,148,186,254,261,336,342,346,347,428,478,504,508,509,527,537,538,543,545,617,636,728,821,829,875,901,922,929,960,961,984,993,994,995,996,997,998,999,1000,1001,1006,1007,1031,1032,1033,1034,1035,1036,1037,1038,1153,1154,
211;0;6611;6673;1;25,32,34,56,70,71,91,92,94,95,96,97,98,99,100,101,102,103,104,105,106,110,138,142,143,144,145,146,147,148,186,254,261,336,342,346,347,428,478,504,508,509,527,537,538,543,545,617,636,728,821,829,875,901,922,929,960,961,984,993,994,995,996,997,998,999,1000,1001,1006,1007,1031,1032,1033,1034,1035,1036,1037,1038,1153,1154,
211;1;6673;6750;1;25,32,34,56,70,71,91,92,94,95,96,97,98,99,100,101,102,103,104,105,106,110,138,142,143,144,145,146,147,148,186,254,261,336,342,346,347,428,478,504,508,509,527,537,538,543,545,617,636,728,821,829,875,901,922,929,960,961,984,993,994,995,996,997,998,999,1000,1001,1006,1007,1031,1032,1033,1034,1035,1036,1037,1038,1153,1154,
314;0;6750;6810;1;25,32,34,56,70,71,91,92,94,95,96,97,98,99,100,101,102,103,104,105,106,110,138,142,143,144,145,146,147,148,186,254,261,336,342,346,347,428,478,504,508,509,527,537,538,543,545,617,636,728,821,829,875,901,922,929,960,961,984,993,994,995,996,997,998,999,1000,1001,1006,1007,1031,1032,1033,1034,1035,1036,1037,1038,1153,1154,
314;1;6810;6870;1;25,32,34,56,70,71,91,92,94,95,96,97,98,99,100,101,102,103,104,105,106,110,138,142,143,144,145,146,147,148,186,254,261,336,342,346,347,428,478,504,508,509,527,537,538,543,545,617,636,728,821,829,875,901,922,929,960,961,984,993,994,995,996,997,998,999,1000,1001,1006,1007,1031,1032,1033,1034,1035,1036,1037,1038,1153,1154,
519;0;6870;6892;1;25,32,34,56,70,71,91,92,94,95,96,97,98,99,100,101,102,103,104,105,106,110,138,142,143,144,145,146,147,148,186,254,261,336,342,346,347,428,478,504,508,509,527,537,538,543,545,617,636,728,821,829,875,901,922,929,960,961,984,993,994,995,996,997,998,999,1000,1001,1006,1007,1031,1032,1033,1034,1035,1036,1037,1038,1153,1154,
519;1;6892;6988;1;25,32,34,56,70,71,91,92,94,95,96,97,98,99,100,101,102,103,104,105,106,110,138,142,143,144,145,146,147,148,186,254,261,336,342,346,347,428,478,504,508,509,527,537,538,543,545,617,636,728,821,829,875,901,922,929,960,961,984,993,994,995,996,997,998,999,1000,1001,1006,1007,1031,1032,1033,1034,1035,1036,1037,1038,1153,1154,
144;0;6988;7018;1;25,32,34,56,70,71,91,92,94,95,96,97,98,99,100,101,102,103,104,105,106,110,138,142,143,144,145,146,147,148,186,254,261,336,342,346,347,428,478,504,508,509,527,537,538,543,545,617,636,728,821,829,875,901,922,929,960,961,984,993,994,995,996,997,998,999,1000,1001,1006,1007,1031,1032,1033,1034,1035,1036,1037,1038,1153,1154,
144;1;7018;7078;1;25,32,34,56,70,71,91,92,94,95,96,97,98,99,100,101,102,103,104,105,106,110,138,142,143,144,145,146,147,148,186,254,261,336,342,346,347,428,478,504,508,509,527,537,538,543,545,617,636,728,821,829,875,901,922,929,960,961,984,993,994,995,996,997,998,999,1000,1001,1006,1007,1031,1032,1033,1034,1035,1036,1037,1038,1153,1154,
236;0;7078;7176;1;25,32,34,56,70,71,91,92,94,95,96,97,98,99,100,101,102,103,104,105,106,110,138,142,143,144,145,146,147,148,186,254,261,336,342,346,347,428,478,504,508,509,527,537,538,543,545,617,636,728,821,829,875,901,922,929,960,961,984,993,994,995,996,997,998,999,1000,1001,1006,1007,1031,1032,1033,1034,1035,1036,1037,1038,1153,1154,
236;1;7176;7253;1;25,32,34,56,70,71,91,92,94,95,96,97,98,99,100,101,102,103,104,105,106,110,138,142,143,144,145,146,147,148,186,254,261,336,342,346,347,428,478,504,508,509,527,537,538,543,545,617,636,728,821,829,875,901,922,929,960,961,984,993,994,995,996,997,998,999,1000,1001,1006,1007,1031,1032,1033,1034,1035,1036,1037,1038,1153,1154,
172;0;7253;7330;0;25,32,34,56,70,71,91,92,94,95,96,97,98,99,100,101,102,103,104,105,106,110,138,142,143,144,145,146,147,148,186,254,261,336,342,346,347,428,478,504,508,509,527,537,538,543,545,617,636,728,821,829,875,901,922,929,960,961,984,993,994,995,996,997,998,999,1000,1001,1006,1007,1031,1032,1033,1034,1035,1036,1037,1038,1153,1154,
586;0;7330;7396;1;25,32,34,56,70,71,91,92,94,95,96,97,98,99,100,101,102,103,104,105,106,110,138,142,143,144,145,146,147,148,186,254,261,336,342,346,347,428,478,504,508,509,527,537,538,543,545,617,636,728,821,829,875,901,922,929,960,961,984,993,994,995,996,997,998,999,1000,1001,1006,1007,1031,1032,1033,1034,1035,1036,1037,1038,1153,1154,
586;1;7396;7456;1;25,32,34,56,70,71,91,92,94,95,96,97,98,99,100,101,102,103,104,105,106,110,138,142,143,144,145,146,147,148,186,254,261,336,342,346,347,428,478,504,508,509,527,537,538,543,545,617,636,728,821,829,875,901,922,929,960,961,984,993,994,995,996,997,998,999,1000,1001,1006,1007,1031,1032,1033,1034,1035,1036,1037,1038,1153,1154,
126;0;7456;7608;1;25,32,34,56,70,71,91,92,94,95,96,97,98,99,100,101,102,103,104,105,106,110,138,142,143,144,145,146,147,148,186,254,261,336,342,346,347,428,478,504,508,509,527,537,538,543,545,617,636,728,821,829,875,901,922,929,960,961,984,993,994,995,996,997,998,999,1000,1001,1006,1007,1031,1032,1033,1034,1035,1036,1037,1038,1153,1154,
126;1;7608;7642;1;25,32,34,56,70,71,91,92,94,95,96,97,98,99,100,101,102,103,104,105,106,110,138,142,143,144,145,146,147,148,186,254,261,336,342,346,347,428,478,504,508,509,527,537,538,543,545,617,636,728,821,829,875,901,922,929,960,961,984,993,994,995,996,997,998,999,1000,1001,1006,1007,1031,1032,1033,1034,1035,1036,1037,1038,1153,1154,
661;0;7642;7751;1;25,32,34,56,70,71,91,92,94,95,96,97,98,99,100,101,102,103,104,105,106,110,138,142,143,144,145,146,147,148,186,254,261,336,342,346,347,428,478,504,508,509,527,537,538,543,545,617,636,728,821,829,875,901,922,929,960,961,984,993,994,995,996,997,998,999,1000,1001,1006,1007,1031,1032,1033,1034,1035,1036,1037,1038,1153,1154,
661;1;7751;7847;1;25,32,34,56,70,71,91,92,94,95,96,97,98,99,100,101,102,103,104,105,106,110,138,142,143,144,145,146,147,148,186,254,261,336,342,346,347,428,478,504,508,509,527,537,538,543,545,617,636,728,821,829,875,901,922,929,960,961,984,993,994,995,996,997,998,999,1000,1001,1006,1007,1031,1032,1033,1034,1035,1036,1037,1038,1153,1154,
16;0;7847;7998;1;25,32,34,70,71,91,94,95,96,97,98,99,100,101,102,103,104,105,106,110,119,128,135,138,143,148,186,229,252,253,254,255,256,257,258,259,260,261,262,263,264,265,266,267,268,269,336,382,402,404,412,428,478,498,509,527,537,538,543,545,627,636,677,823,824,825,826,829,960,961,993,994,995,996,997,998,999,1000,1001,1430,
16;1;7998;8095;1;25,32,34,70,71,91,94,95,96,97,98,99,100,101,102,103,104,105,106,110,119,128,135,138,143,148,186,229,252,253,254,255,256,257,258,259,260,261,262,263,264,265,266,267,268,269,336,382,402,404,412,428,478,498,509,527,537,538,543,545,627,636,677,823,824,825,826,829,960,961,993,994,995,996,997,998,999,1000,1001,1430,
582;0;8095;8131;0;25,32,34,70,71,91,94,95,96,97,98,99,100,101,102,103,104,105,106,110,119,128,135,138,143,148,186,229,252,253,254,255,256,257,258,259,260,261,262,263,264,265,266,267,268,269,336,382,402,404,412,428,478,498,509,527,537,538,543,545,627,636,677,823,824,825,826,829,960,961,993,994,995,996,997,998,999,1000,1001,1430,
334;0;8131;8145;1;25,32,34,70,71,91,94,95,96,97,98,99,100,101,102,103,104,105,106,110,119,128,135,138,143,148,186,229,252,253,254,255,256,257,258,259,260,261,262,263,264,265,266,267,268,269,336,382,402,404,412,428,478,498,509,527,537,538,543,545,627,636,677,823,824,825,826,829,960,961,993,994,995,996,997,998,999,1000,1001,1430,
334;1;8145;8281;1;25,32,34,70,71,91,94,95,96,97,98,99,100,101,102,103,104,105,106,110,119,128,135,138,143,148,186,229,252,253,254,255,256,257,258,259,260,261,262,263,264,265,266,267,268,269,336,382,402,404,412,428,478,498,509,527,537,538,543,545,627,636,677,823,824,825,826,829,960,961,993,994,995,996,997,998,999,1000,1001,1430,
623;0;8281;8307;0;25,32,34,70,71,91,94,95,96,97,98,99,100,101,102,103,104,105,106,110,119,128,135,138,143,148,186,229,252,253,254,255,256,257,258,259,260,261,262,263,264,265,266,267,268,269,336,382,402,404,412,428,478,498,509,527,537,538,543,545,627,636,677,823,824,825,826,829,960,961,993,994,995,996,997,998,999,1000,1001,1430,
623;1;8307;8404;0;25,32,34,70,71,91,94,95,96,97,98,99,100,101,102,103,104,105,106,110,119,128,135,138,143,148,186,229,252,253,254,255,256,257,258,259,260,261,262,263,264,265,266,267,268,269,336,382,402,404,412,428,478,498,509,527,537,538,543,545,627,636,677,823,824,825,826,829,960,961,993,994,995,996,997,998,999,1000,1001,1430,
424;0;8404;8502;1;25,32,34,70,71,91,94,95,96,97,98,99,100,101,102,103,104,105,106,110,119,128,135,138,143,148,186,229,252,253,254,255,256,257,258,259,260,261,262,263,264,265,266,267,268,269,336,382,402,404,412,428,478,498,509,527,537,538,543,545,627,636,677,823,824,825,826,829,960,961,993,994,995,996,997,998,999,1000,1001,1430,
424;1;8502;8607;1;25,32,34,70,71,91,94,95,96,97,98,99,100,101,102,103,104,105,106,110,119,128,135,138,143,148,186,229,252,253,254,255,256,257,258,259,260,261,262,263,264,265,266,267,268,269,336,382,402,404,412,428,478,498,509,527,537,538,543,545,627,636,677,823,824,825,826,829,960,961,993,994,995,996,997,998,999,1000,1001,1430,
208;0;8607;8629;0;25,32,34,70,71,91,94,95,96,97,98,99,100,101,102,103,104,105,106,110,119,128,135,138,143,148,186,229,252,253,254,255,256,257,258,259,260,261,262,263,264,265,266,267,268,269,336,382,402,404,412,428,478,498,509,527,537,538,543,545,627,636,677,823,824,825,826,829,960,961,993,994,995,996,997,998,999,1000,1001,1430,
208;1;8629;8673;0;25,32,34,70,71,91,94,95,96,97,98,99,100,101,102,103,104,105,106,110,119,128,135,138,143,148,186,229,252,253,254,255,256,257,258,259,260,261,262,263,264,265,266,267,268,269,336,382,402,404,412,428,478,498,509,527,537,538,543,545,627,636,677,823,824,825,826,829,960,961,993,994,995,996,997,998,999,1000,1001,1430,
36;0;8673;8712;1;25,32,34,48,70,71,72,105,106,110,138,143,149,150,151,153,156,157,186,194,195,196,197,198,223,224,225,226,227,228,229,254,259,261,264,371,382,393,402,412,428,436,437,438,439,440,441,442,443,444,445,446,447,478,498,509,527,537,538,543,545,627,636,677,823,824,825,826,829,960,961,993,994,995,996,997,998,999,1000,1001,
36;1;8712;8811;1;25,32,34,48,70,71,72,105,106,110,138,143,149,150,151,153,156,157,186,194,195,196,197,198,223,224,225,226,227,228,229,254,259,261,264,371,382,393,402,412,428,436,437,438,439,440,441,442,443,444,445,446,447,478,498,509,527,537,538,543,545,627,636,677,823,824,825,826,829,960,961,993,994,995,996,997,998,999,1000,1001,
633;0;8811;8847;0;25,32,34,48,70,71,72,105,106,110,138,143,149,150,151,153,156,157,186,194,195,196,197,198,223,224,225,226,227,228,229,254,259,261,264,371,382,393,402,412,428,436,437,438,439,440,441,442,443,444,445,446,447,478,498,509,527,537,538,543,545,627,636,677,823,824,825,826,829,960,961,993,994,995,996,997,998,999,1000,1001,
633;1;8847;8881;0;25,32,34,48,70,71,72,105,106,110,138,143,149,150,151,153,156,157,186,194,195,196,197,198,223,224,225,226,227,228,229,254,259,261,264,371,382,393,402,412,428,436,437,438,439,440,441,442,443,444,445,446,447,478,498,509,527,537,538,543,545,627,636,677,823,824,825,826,829,960,961,993,994,995,996,997,998,999,1000,1001,
159;0;8881;8885;1;25,32,34,48,70,71,72,105,106,110,138,143,149,150,151,153,156,157,186,194,195,196,197,198,223,224,225,226,227,228,229,254,259,261,264,371,382,393,402,412,428,436,437,438,439,440,441,442,443,444,445,446,447,478,498,509,527,537,538,543,545,627,636,677,823,824,825,826,829,960,961,993,994,995,996,997,998,999,1000,1001,
159;1;8885;8984;1;25,32,34,48,70,71,72,105,106,110,138,143,149,150,151,153,156,157,186,194,195,196,197,198,223,224,225,226,227,228,229,254,259,261,264,371,382,393,402,412,428,436,437,438,439,440,441,442,443,444,445,446,447,478,498,509,527,537,538,543,545,627,636,677,823,824,825,826,829,960,961,993,994,995,996,997,998,999,1000,1001,
309;0;8984;9039;1;2,25,32,34,48,51,70,71,72,87,105,106,110,138,143,149,150,151,153,156,157,186,194,195,196,197,198,223,224,225,226,227,228,229,234,254,259,261,264,371,382,393,401,402,412,428,436,437,438,439,440,441,442,443,444,445,446,447,478,498,509,543,627,636,677,802,803,804,805,806,807,808,809,810,823,824,825,826,960,961,
309;1;9039;9054;1;2,25,32,34,48,51,70,71,72,87,105,106,110,138,143,149,150,151,153,156,157,186,194,195,196,197,198,223,224,225,226,227,228,229,234,254,259,261,264,371,382,393,401,402,412,428,436,437,438,439,440,441,442,443,444,445,446,447,478,498,509,543,627,636,677,802,803,804,805,806,807,808,809,810,823,824,825,826,960,961,
676;0;9054;9066;1;2,25,32,34,48,51,70,71,72,87,105,106,110,138,143,149,150,151,153,156,157,186,194,195,196,197,198,223,224,225,226,227,228,229,234,254,259,261,264,371,382,393,401,402,412,428,436,437,438,439,440,441,442,443,444,445,446,447,478,498,509,543,627,636,677,802,803,804,805,806,807,808,809,810,823,824,825,826,960,961,
676;1;9066;9081;1;2,25,32,34,48,51,70,71,72,87,105,106,110,138,143,149,150,151,153,156,157,186,194,195,196,197,198,223,224,225,226,227,228,229,234,254,259,261,264,371,382,393,401,402,412,428,436,437,438,439,440,441,442,443,444,445,446,447,478,498,509,543,627,636,677,802,803,804,805,806,807,808,809,810,823,824,825,826,960,961,
171;0;9081;9243;1;32,46,53,58,70,72,78,105,124,138,151,153,186,196,217,224,249,254,259,264,277,279,311,316,337,382,393,396,406,412,414,423,424,425,428,432,443,498,509,624,627,634,636,654,677,823,824,825,826,936,937,938,939,940,941,942,1002,1003,1004,1005,1088,1089,1090,1091,1092,1093,1094,1095,1096,1097,1137,1170,1171,1172,1173,1174,1175,1176,1177,1178,
171;1;9243;9419;1;32,46,53,58,70,72,78,105,124,138,151,153,186,196,217,224,249,254,259,264,277,279,311,316,337,382,393,396,406,412,414,423,424,425,428,432,443,498,509,624,627,634,636,654,677,823,824,825,826,936,937,938,939,940,941,942,1002,1003,1004,1005,1088,1089,1090,1091,1092,1093,1094,1095,1096,1097,1137,1170,1171,1172,1173,1174,1175,1176,1177,1178,
266;0;9419;9581;1;32,46,53,58,70,72,78,105,124,138,151,153,186,196,217,224,249,254,259,264,277,279,311,316,337,382,393,396,406,412,414,423,424,425,428,432,443,498,509,624,627,634,636,654,677,823,824,825,826,936,937,938,939,940,941,942,1002,1003,1004,1005,1088,1089,1090,1091,1092,1093,1094,1095,1096,1097,1137,1170,1171,1172,1173,1174,1175,1176,1177,1178,
266;1;9581;9659;1;32,46,53,58,70,72,78,105,124,138,151,153,186,196,217,224,249,254,259,264,277,279,311,316,337,382,393,396,406,412,414,423,424,425,428,432,443,498,509,624,627,634,636,654,677,823,824,825,826,936,937,938,939,940,941,942,1002,1003,1004,1005,1088,1089,1090,1091,1092,1093,1094,1095,1096,1097,1137,1170,1171,1172,1173,1174,1175,1176,1177,1178,
154;0;9659;9724;1;32,46,53,58,70,72,78,105,124,138,151,153,186,196,217,224,249,254,259,264,277,279,311,316,337,382,393,396,406,412,414,423,424,425,428,432,443,498,509,624,627,634,636,654,677,823,824,825,826,936,937,938,939,940,941,942,1002,1003,1004,1005,1088,1089,1090,1091,1092,1093,1094,1095,1096,1097,1137,1170,1171,1172,1173,1174,1175,1176,1177,1178,
154;1;9724;9838;1;32,46,53,58,70,72,78,105,124,138,151,153,186,196,217,224,249,254,259,264,277,279,311,316,337,382,393,396,406,412,414,423,424,425,428,432,443,498,509,624,627,634,636,654,677,823,824,825,826,936,937,938,939,940,941,942,1002,1003,1004,1005,1088,1089,1090,1091,1092,1093,1094,1095,1096,1097,1137,1170,1171,1172,1173,1174,1175,1176,1177,1178,
509;0;9838;9879;1;32,46,53,58,70,72,78,105,124,138,151,153,186,196,217,224,249,254,259,264,277,279,311,316,337,382,393,396,406,412,414,423,424,425,428,432,443,498,509,624,627,634,636,654,677,823,824,825,826,936,937,938,939,940,941,942,1002,1003,1004,1005,1088,1089,1090,1091,1092,1093,1094,1095,1096,1097,1137,1170,1171,1172,1173,1174,1175,1176,1177,1178,
509;1;9879;9977;1;32,46,53,58,70,72,78,105,124,138,151,153,186,196,217,224,249,254,259,264,277,279,311,316,337,382,393,396,406,412,414,423,424,425,428,432,443,498,509,624,627,634,636,654,677,823,824,825,826,936,937,938,939,940,941,942,1002,1003,1004,1005,1088,1089,1090,1091,1092,1093,1094,1095,1096,1097,1137,1170,1171,1172,1173,1174,1175,1176,1177,1178,
514;0;9977;9994;1;32,46,53,58,70,72,78,105,124,138,151,153,186,196,217,224,249,254,259,264,277,279,311,316,337,382,393,396,406,412,414,423,424,425,428,432,443,498,509,624,627,634,636,654,677,823,824,825,826,936,937,938,939,940,941,942,1002,1003,1004,1005,1088,1089,1090,1091,1092,1093,1094,1095,1096,1097,1137,1170,1171,1172,1173,1174,1175,1176,1177,1178,
514;1;9994;10043;1;32,46,53,58,70,72,78,105,124,138,151,153,186,196,217,224,249,254,259,264,277,279,311,316,337,382,393,396,406,412,414,423,424,425,428,432,443,498,509,624,627,634,636,654,677,823,824,825,826,936,937,938,939,940,941,942,1002,1003,1004,1005,1088,1089,1090,1091,1092,1093,1094,1095,1096,1097,1137,1170,1171,1172,1173,1174,1175,1176,1177,1178,
502;0;10043;10079;0;32,46,53,58,70,72,78,105,124,138,151,153,186,196,217,224,249,254,259,264,277,279,311,316,337,382,393,396,406,412,414,423,424,425,428,432,443,498,509,624,627,634,636,654,677,823,824,825,826,936,937,938,939,940,941,942,1002,1003,1004,1005,1088,1089,1090,1091,1092,1093,1094,1095,1096,1097,1137,1170,1171,1172,1173,1174,1175,1176,1177,1178,
Machine: 1
166;0;0;44;1;32,44,45,135,138,155,156,185,196,230,336,343,377,388,390,392,393,395,396,448,477,504,506,507,517,529,898,899,919,922,923,924,925,926,927,928,929,930,1066,1107,1108,1109,1110,1111,1112,1113,1114,1115,1116,1117,1118,1190,1231,1232,1233,1234,1235,1236,1237,1238,1239,1240,1241,1242,1243,1244,1245,1246,1247,1248,1249,1250,1251,1252,1253,1254,1255,1256,1257,1258,
166;1;44;216;1;32,44,45,135,138,155,156,185,196,230,336,343,377,388,390,392,393,395,396,448,477,504,506,507,517,529,898,899,919,922,923,924,925,926,927,928,929,930,1066,1107,1108,1109,1110,1111,1112,1113,1114,1115,1116,1117,1118,1190,1231,1232,1233,1234,1235,1236,1237,1238,1239,1240,1241,1242,1243,1244,1245,1246,1247,1248,1249,1250,1251,1252,1253,1254,1255,1256,1257,1258,
456;0;216;391;1;32,44,45,135,138,155,156,185,196,230,336,343,377,388,390,392,393,395,396,448,477,504,506,507,517,529,898,899,919,922,923,924,925,926,927,928,929,930,1066,1107,1108,1109,1110,1111,1112,1113,1114,1115,1116,1117,1118,1190,1231,1232,1233,1234,1235,1236,1237,1238,1239,1240,1241,1242,1243,1244,1245,1246,1247,1248,1249,1250,1251,1252,1253,1254,1255,1256,1257,1258,
456;1;391;452;1;32,44,45,135,138,155,156,185,196,230,336,343,377,388,390,392,393,395,396,448,477,504,506,507,517,529,898,899,919,922,923,924,925,926,927,928,929,930,1066,1107,1108,1109,1110,1111,1112,1113,1114,1115,1116,1117,1118,1190,1231,1232,1233,1234,1235,1236,1237,1238,1239,1240,1241,1242,1243,1244,1245,1246,1247,1248,1249,1250,1251,1252,1253,1254,1255,1256,1257,1258,
596;0;452;456;1;32,44,45,135,138,155,156,185,196,230,336,343,377,388,390,392,393,395,396,448,477,504,506,507,517,529,898,899,919,922,923,924,925,926,927,928,929,930,1066,1107,1108,1109,1110,1111,1112,1113,1114,1115,1116,1117,1118,1190,1231,1232,1233,1234,1235,1236,1237,1238,1239,1240,1241,1242,1243,1244,1245,1246,1247,1248,1249,1250,1251,1252,1253,1254,1255,1256,1257,1258,
596;1;456;522;1;32,44,45,135,138,155,156,185,196,230,336,343,377,388,390,392,393,395,396,448,477,504,506,507,517,529,898,899,919,922,923,924,925,926,927,928,929,930,1066,1107,1108,1109,1110,1111,1112,1113,1114,1115,1116,1117,1118,1190,1231,1232,1233,1234,1235,1236,1237,1238,1239,1240,1241,1242,1243,1244,1245,1246,1247,1248,1249,1250,1251,1252,1253,1254,1255,1256,1257,1258,
584;0;522;679;1;32,44,45,59,63,70,72,74,105,135,138,150,156,157,185,196,223,224,225,226,227,228,229,230,231,232,233,234,235,236,237,238,239,240,241,242,243,244,336,343,379,385,388,390,392,393,395,396,448,477,504,506,507,686,687,688,689,690,691,692,693,694,695,696,697,898,899,922,923,924,925,926,927,928,929,930,1190,1231,1232,1233,
584;1;679;779;1;32,44,45,59,63,70,72,74,105,135,138,150,156,157,185,196,223,224,225,226,227,228,229,230,231,232,233,234,235,236,237,238,239,240,241,242,243,244,336,343,379,385,388,390,392,393,395,396,448,477,504,506,507,686,687,688,689,690,691,692,693,694,695,696,697,898,899,922,923,924,925,926,927,928,929,930,1190,1231,1232,1233,
484;0;779;954;1;32,44,45,59,63,70,72,74,105,135,138,150,156,157,185,196,223,224,225,226,227,228,229,230,231,232,233,234,235,236,237,238,239,240,241,242,243,244,336,343,379,385,388,390,392,393,395,396,448,477,504,506,507,686,687,688,689,690,691,692,693,694,695,696,697,898,899,922,923,924,925,926,927,928,929,930,1190,1231,1232,1233,
484;1;954;1106;1;32,44,45,59,63,70,72,74,105,135,138,150,156,157,185,196,223,224,225,226,227,228,229,230,231,232,233,234,235,236,237,238,239,240,241,242,243,244,336,343,379,385,388,390,392,393,395,396,448,477,504,506,507,686,687,688,689,690,691,692,693,694,695,696,697,898,899,922,923,924,925,926,927,928,929,930,1190,1231,1232,1233,
716;0;1106;1195;1;32,44,45,59,63,70,72,74,105,135,138,150,156,157,185,196,223,224,225,226,227,228,229,230,231,232,233,234,235,236,237,238,239,240,241,242,243,244,336,343,379,385,388,390,392,393,395,396,448,477,504,506,507,686,687,688,689,690,691,692,693,694,695,696,697,898,899,922,923,924,925,926,927,928,929,930,1190,1231,1232,1233,
716;1;1195;1356;1;32,44,45,59,63,70,72,74,105,135,138,150,156,157,185,196,223,224,225,226,227,228,229,230,231,232,233,234,235,236,237,238,239,240,241,242,243,244,336,343,379,385,388,390,392,393,395,396,448,477,504,506,507,686,687,688,689,690,691,692,693,694,695,696,697,898,899,922,923,924,925,926,927,928,929,930,1190,1231,1232,1233,
39;0;1356;1360;1;32,44,45,59,63,70,72,74,105,135,138,150,156,157,185,196,223,224,225,226,227,228,229,230,231,232,233,234,235,236,237,238,239,240,241,242,243,244,336,343,379,385,388,390,392,393,395,396,448,477,504,506,507,686,687,688,689,690,691,692,693,694,695,696,697,898,899,922,923,924,925,926,927,928,929,930,1190,1231,1232,1233,
39;1;1360;1511;1;32,44,45,59,63,70,72,74,105,135,138,150,156,157,185,196,223,224,225,226,227,228,229,230,231,232,233,234,235,236,237,238,239,240,241,242,243,244,336,343,379,385,388,390,392,393,395,396,448,477,504,506,507,686,687,688,689,690,691,692,693,694,695,696,697,898,899,922,923,924,925,926,927,928,929,930,1190,1231,1232,1233,
71;0;1511;1533;1;32,44,45,59,63,70,72,74,105,135,138,150,156,157,185,196,223,224,225,226,227,228,229,230,231,232,233,234,235,236,237,238,239,240,241,242,243,244,336,343,379,385,388,390,392,393,395,396,448,477,504,506,507,686,687,688,689,690,691,692,693,694,695,696,697,898,899,922,923,924,925,926,927,928,929,930,1190,1231,1232,1233,
71;1;1533;1684;1;32,44,45,59,63,70,72,74,105,135,138,150,156,157,185,196,223,224,225,226,227,228,229,230,231,232,233,234,235,236,237,238,239,240,241,242,243,244,336,343,379,385,388,390,392,393,395,396,448,477,504,506,507,686,687,688,689,690,691,692,693,694,695,696,697,898,899,922,923,924,925,926,927,928,929,930,1190,1231,1232,1233,
218;0;1684;1714;0;32,44,45,59,63,70,72,74,105,135,138,150,156,157,185,196,223,224,225,226,227,228,229,230,231,232,233,234,235,236,237,238,239,240,241,242,243,244,336,343,379,385,388,390,392,393,395,396,448,477,504,506,507,686,687,688,689,690,691,692,693,694,695,696,697,898,899,922,923,924,925,926,927,928,929,930,1190,1231,1232,1233,
218;1;1714;1780;0;32,44,45,59,63,70,72,74,105,135,138,150,156,157,185,196,223,224,225,226,227,228,229,230,231,232,233,234,235,236,237,238,239,240,241,242,243,244,336,343,379,385,388,390,392,393,395,396,448,477,504,506,507,686,687,688,689,690,691,692,693,694,695,696,697,898,899,922,923,924,925,926,927,928,929,930,1190,1231,1232,1233,
214;0;1780;1794;1;32,44,45,59,63,70,72,74,105,135,138,150,156,157,185,196,223,224,225,226,227,228,229,230,231,232,233,234,235,236,237,238,239,240,241,242,243,244,336,343,379,385,388,390,392,393,395,396,448,477,504,506,507,686,687,688,689,690,691,692,693,694,695,696,697,898,899,922,923,924,925,926,927,928,929,930,1190,1231,1232,1233,
214;1;1794;1955;1;32,44,45,59,63,70,72,74,105,135,138,150,156,157,185,196,223,224,225,226,227,228,229,230,231,232,233,234,235,236,237,238,239,240,241,242,243,244,336,343,379,385,388,390,392,393,395,396,448,477,504,506,507,686,687,688,689,690,691,692,693,694,695,696,697,898,899,922,923,924,925,926,927,928,929,930,1190,1231,1232,1233,
373;0;1955;1964;0;32,44,45,59,63,70,72,74,105,135,138,150,156,157,185,196,223,224,225,226,227,228,229,230,231,232,233,234,235,236,237,238,239,240,241,242,243,244,336,343,379,385,388,390,392,393,395,396,448,477,504,506,507,686,687,688,689,690,691,692,693,694,695,696,697,898,899,922,923,924,925,926,927,928,929,930,1190,1231,1232,1233,
373;1;1964;2115;0;32,44,45,59,63,70,72,74,105,135,138,150,156,157,185,196,223,224,225,226,227,228,229,230,231,232,233,234,235,236,237,238,239,240,241,242,243,244,336,343,379,385,388,390,392,393,395,396,448,477,504,506,507,686,687,688,689,690,691,692,693,694,695,696,697,898,899,922,923,924,925,926,927,928,929,930,1190,1231,1232,1233,
163;0;2115;2152;0;0,2,3,5,32,44,45,51,52,54,63,70,72,79,81,83,84,85,86,87,88,89,90,91,92,94,105,115,135,138,150,156,157,185,186,196,197,223,224,225,226,229,231,233,235,245,246,247,248,249,250,251,336,343,448,472,477,504,506,507,622,652,660,661,688,696,898,899,922,923,924,925,926,927,928,929,930,1097,1190,1431,
163;1;2152;2218;0;0,2,3,5,32,44,45,51,52,54,63,70,72,79,81,83,84,85,86,87,88,89,90,91,92,94,105,115,135,138,150,156,157,185,186,196,197,223,224,225,226,229,231,233,235,245,246,247,248,249,250,251,336,343,448,472,477,504,506,507,622,652,660,661,688,696,898,899,922,923,924,925,926,927,928,929,930,1097,1190,1431,
533;0;2218;2229;0;0,2,3,5,32,44,45,51,52,54,63,70,72,79,81,83,84,85,86,87,88,89,90,91,92,94,105,115,135,138,150,156,157,185,186,196,197,223,224,225,226,229,231,233,235,245,246,247,248,249,250,251,336,343,448,472,477,504,506,507,622,652,660,661,688,696,898,899,922,923,924,925,926,927,928,929,930,1097,1190,1431,
533;1;2229;2360;0;0,2,3,5,32,44,45,51,52,54,63,70,72,79,81,83,84,85,86,87,88,89,90,91,92,94,105,115,135,138,150,156,157,185,186,196,197,223,224,225,226,229,231,233,235,245,246,247,248,249,250,251,336,343,448,472,477,504,506,507,622,652,660,661,688,696,898,899,922,923,924,925,926,927,928,929,930,1097,1190,1431,
58;0;2360;2437;0;0,2,3,5,32,44,45,51,52,54,63,70,72,79,81,83,84,85,86,87,88,89,90,91,92,94,105,115,135,138,150,156,157,185,186,196,197,223,224,225,226,229,231,233,235,245,246,247,248,249,250,251,336,343,448,472,477,504,506,507,622,652,660,661,688,696,898,899,922,923,924,925,926,927,928,929,930,1097,1190,1431,
58;1;2437;2514;0;0,2,3,5,32,44,45,51,52,54,63,70,72,79,81,83,84,85,86,87,88,89,90,91,92,94,105,115,135,138,150,156,157,185,186,196,197,223,224,225,226,229,231,233,235,245,246,247,248,249,250,251,336,343,448,472,477,504,506,507,622,652,660,661,688,696,898,899,922,923,924,925,926,927,928,929,930,1097,1190,1431,
350;0;2514;2541;0;0,2,3,5,32,44,45,51,52,54,63,70,72,79,81,83,84,85,86,87,88,89,90,91,92,94,105,115,135,138,150,156,157,185,186,196,197,223,224,225,226,229,231,233,235,245,246,247,248,249,250,251,336,343,448,472,477,504,506,507,622,652,660,661,688,696,898,899,922,923,924,925,926,927,928,929,930,1097,1190,1431,
499;0;2541;2612;1;0,2,3,5,32,44,45,51,52,54,63,70,72,79,81,83,84,85,86,87,88,89,90,91,92,94,105,115,135,138,150,156,157,185,186,196,197,223,224,225,226,229,231,233,235,245,246,247,248,249,250,251,336,343,448,472,477,504,506,507,622,652,660,661,688,696,898,899,922,923,924,925,926,927,928,929,930,1097,1190,1431,
499;1;2612;2678;1;0,2,3,5,32,44,45,51,52,54,63,70,72,79,81,83,84,85,86,87,88,89,90,91,92,94,105,115,135,138,150,156,157,185,186,196,197,223,224,225,226,229,231,233,235,245,246,247,248,249,250,251,336,343,448,472,477,504,506,507,622,652,660,661,688,696,898,899,922,923,924,925,926,927,928,929,930,1097,1190,1431,
626;0;2678;2825;1;0,2,3,5,32,44,45,51,52,54,63,70,72,79,81,83,84,85,86,87,88,89,90,91,92,94,105,115,135,138,150,156,157,185,186,196,197,223,224,225,226,229,231,233,235,245,246,247,248,249,250,251,336,343,448,472,477,504,506,507,622,652,660,661,688,696,898,899,922,923,924,925,926,927,928,929,930,1097,1190,1431,
626;1;2825;2891;1;0,2,3,5,32,44,45,51,52,54,63,70,72,79,81,83,84,85,86,87,88,89,90,91,92,94,105,115,135,138,150,156,157,185,186,196,197,223,224,225,226,229,231,233,235,245,246,247,248,249,250,251,336,343,448,472,477,504,506,507,622,652,660,661,688,696,898,899,922,923,924,925,926,927,928,929,930,1097,1190,1431,
664;0;2891;3000;1;0,2,3,5,32,44,45,51,52,54,63,70,72,79,81,83,84,85,86,87,88,89,90,91,92,94,105,115,135,138,150,156,157,185,186,196,197,223,224,225,226,229,231,233,235,245,246,247,248,249,250,251,336,343,448,472,477,504,506,507,622,652,660,661,688,696,898,899,922,923,924,925,926,927,928,929,930,1097,1190,1431,
664;1;3000;3066;1;0,2,3,5,32,44,45,51,52,54,63,70,72,79,81,83,84,85,86,87,88,89,90,91,92,94,105,115,135,138,150,156,157,185,186,196,197,223,224,225,226,229,231,233,235,245,246,247,248,249,250,251,336,343,448,472,477,504,506,507,622,652,660,661,688,696,898,899,922,923,924,925,926,927,928,929,930,1097,1190,1431,
108;0;3066;3110;0;0,2,3,5,32,44,45,51,52,54,63,70,72,79,81,83,84,85,86,87,88,89,90,91,92,94,105,115,135,138,150,156,157,185,186,196,197,223,224,225,226,229,231,233,235,245,246,247,248,249,250,251,336,343,448,472,477,504,506,507,622,652,660,661,688,696,898,899,922,923,924,925,926,927,928,929,930,1097,1190,1431,
108;1;3110;3187;0;0,2,3,5,32,44,45,51,52,54,63,70,72,79,81,83,84,85,86,87,88,89,90,91,92,94,105,115,135,138,150,156,157,185,186,196,197,223,224,225,226,229,231,233,235,245,246,247,248,249,250,251,336,343,448,472,477,504,506,507,622,652,660,661,688,696,898,899,922,923,924,925,926,927,928,929,930,1097,1190,1431,
656;0;3187;3306;1;0,2,3,5,32,43,70,72,94,105,122,129,131,135,138,139,150,156,157,185,186,196,197,224,226,229,252,304,316,320,332,336,343,345,358,366,408,412,434,448,456,472,519,617,618,619,620,621,622,623,624,625,626,627,628,629,630,631,632,633,634,635,636,637,638,639,640,641,642,643,644,645,646,647,648,649,652,696,898,1190,
656;1;3306;3366;1;0,2,3,5,32,43,70,72,94,105,122,129,131,135,138,139,150,156,157,185,186,196,197,224,226,229,252,304,316,320,332,336,343,345,358,366,408,412,434,448,456,472,519,617,618,619,620,621,622,623,624,625,626,627,628,629,630,631,632,633,634,635,636,637,638,639,640,641,642,643,644,645,646,647,648,649,652,696,898,1190,
239;0;3366;3525;1;32,70,72,94,105,129,135,138,150,156,157,185,186,196,197,224,226,229,252,253,263,264,265,269,316,320,332,336,337,343,345,382,405,406,407,408,409,410,411,412,413,428,448,472,484,497,519,606,607,608,609,610,611,612,613,614,615,616,622,625,646,649,651,652,662,663,664,665,666,667,696,698,699,700,701,702,703,898,906,1190,
239;1;3525;3687;1;32,70,72,94,105,129,135,138,150,156,157,185,186,196,197,224,226,229,252,253,263,264,265,269,316,320,332,336,337,343,345,382,405,406,407,408,409,410,411,412,413,428,448,472,484,497,519,606,607,608,609,610,611,612,613,614,615,616,622,625,646,649,651,652,662,663,664,665,666,667,696,698,699,700,701,702,703,898,906,1190,
728;0;3687;3717;0;32,70,72,94,105,129,135,138,150,156,157,185,186,196,197,224,226,229,252,253,263,264,265,269,316,320,332,336,337,343,345,382,405,406,407,408,409,410,411,412,413,428,448,472,484,497,519,606,607,608,609,610,611,612,613,614,615,616,622,625,646,649,651,652,662,663,664,665,666,667,696,698,699,700,701,702,703,898,906,1190,
728;1;3717;3789;0;32,70,72,94,105,129,135,138,150,156,157,185,186,196,197,224,226,229,252,253,263,264,265,269,316,320,332,336,337,343,345,382,405,406,407,408,409,410,411,412,413,428,448,472,484,497,519,606,607,608,609,610,611,612,613,614,615,616,622,625,646,649,651,652,662,663,664,665,666,667,696,698,699,700,701,702,703,898,906,1190,
131;0;3789;3929;1;32,70,72,94,105,129,135,138,150,156,157,185,186,196,197,224,226,229,252,253,263,264,265,269,316,320,332,336,337,343,345,382,405,406,407,408,409,410,411,412,413,428,448,472,484,497,519,606,607,608,609,610,611,612,613,614,615,616,622,625,646,649,651,652,662,663,664,665,666,667,696,698,699,700,701,702,703,898,906,1190,
131;1;3929;4053;1;32,70,72,94,105,129,135,138,150,156,157,185,186,196,197,224,226,229,252,253,263,264,265,269,316,320,332,336,337,343,345,382,405,406,407,408,409,410,411,412,413,428,448,472,484,497,519,606,607,608,609,610,611,612,613,614,615,616,622,625,646,649,651,652,662,663,664,665,666,667,696,698,699,700,701,702,703,898,906,1190,
679;0;4053;4202;1;32,70,72,94,105,129,135,138,150,156,157,185,186,196,197,224,226,229,252,253,263,264,265,269,316,320,332,336,337,343,345,382,405,406,407,408,409,410,411,412,413,428,448,472,484,497,519,606,607,608,609,610,611,612,613,614,615,616,622,625,646,649,651,652,662,663,664,665,666,667,696,698,699,700,701,702,703,898,906,1190,
679;1;4202;4341;1;32,70,72,94,105,129,135,138,150,156,157,185,186,196,197,224,226,229,252,253,263,264,265,269,316,320,332,336,337,343,345,382,405,406,407,408,409,410,411,412,413,428,448,472,484,497,519,606,607,608,609,610,611,612,613,614,615,616,622,625,646,649,651,652,662,663,664,665,666,667,696,698,699,700,701,702,703,898,906,1190,
187;0;4341;4392;0;32,70,72,94,105,129,135,138,150,156,157,185,186,196,197,224,226,229,252,253,263,264,265,269,316,320,332,336,337,343,345,382,405,406,407,408,409,410,411,412,413,428,448,472,484,497,519,606,607,608,609,610,611,612,613,614,615,616,622,625,646,649,651,652,662,663,664,665,666,667,696,698,699,700,701,702,703,898,906,1190,
59;0;4392;4553;1;32,70,72,94,105,129,135,138,150,156,157,185,186,196,197,224,226,229,252,253,263,264,265,269,316,320,332,336,337,343,345,382,405,406,407,408,409,410,411,412,413,428,448,472,484,497,519,606,607,608,609,610,611,612,613,614,615,616,622,625,646,649,651,652,662,663,664,665,666,667,696,698,699,700,701,702,703,898,906,1190,
59;1;4553;4677;1;32,70,72,94,105,129,135,138,150,156,157,185,186,196,197,224,226,229,252,253,263,264,265,269,316,320,332,336,337,343,345,382,405,406,407,408,409,410,411,412,413,428,448,472,484,497,519,606,607,608,609,610,611,612,613,614,615,616,622,625,646,649,651,652,662,663,664,665,666,667,696,698,699,700,701,702,703,898,906,1190,
384;0;4677;4856;1;32,70,72,94,105,129,135,138,150,156,157,185,186,196,197,224,226,229,252,253,263,264,265,269,316,320,332,336,337,343,345,382,405,406,407,408,409,410,411,412,413,428,448,472,484,497,519,606,607,608,609,610,611,612,613,614,615,616,622,625,646,649,651,652,662,663,664,665,666,667,696,698,699,700,701,702,703,898,906,1190,
384;1;4856;5018;1;32,70,72,94,105,129,135,138,150,156,157,185,186,196,197,224,226,229,252,253,263,264,265,269,316,320,332,336,337,343,345,382,405,406,407,408,409,410,411,412,413,428,448,472,484,497,519,606,607,608,609,610,611,612,613,614,615,616,622,625,646,649,651,652,662,663,664,665,666,667,696,698,699,700,701,702,703,898,906,1190,
604;0;5018;5022;1;32,61,70,72,94,105,135,138,142,149,150,151,152,153,154,155,156,157,158,159,160,161,162,163,164,165,166,167,168,169,170,171,172,173,174,175,176,177,178,179,180,181,182,183,184,185,186,196,197,224,226,229,252,253,263,264,265,269,316,320,332,336,337,345,382,408,448,472,497,519,607,622,625,646,649,651,652,696,898,1190,
604;1;5022;5036;1;32,61,70,72,94,105,135,138,142,149,150,151,152,153,154,155,156,157,158,159,160,161,162,163,164,165,166,167,168,169,170,171,172,173,174,175,176,177,178,179,180,181,182,183,184,185,186,196,197,224,226,229,252,253,263,264,265,269,316,320,332,336,337,345,382,408,448,472,497,519,607,622,625,646,649,651,652,696,898,1190,
264;0;5036;5064;1;32,61,70,71,72,94,95,96,97,98,99,100,101,102,103,104,105,106,135,138,142,147,148,149,150,151,152,153,154,155,156,157,158,159,173,176,182,183,185,186,196,197,224,226,229,252,253,263,264,265,269,316,320,332,335,336,337,345,382,403,408,448,472,497,519,607,622,625,646,649,651,652,696,898,1190,1453,1454,1455,1456,1457,
264;1;5064;5114;1;32,61,70,71,72,94,95,96,97,98,99,100,101,102,103,104,105,106,135,138,142,147,148,149,150,151,152,153,154,155,156,157,158,159,173,176,182,183,185,186,196,197,224,226,229,252,253,263,264,265,269,316,320,332,335,336,337,345,382,403,408,448,472,497,519,607,622,625,646,649,651,652,696,898,1190,1453,1454,1455,1456,1457,
186;0;5114;5180;1;32,61,70,71,72,94,95,96,97,98,99,100,101,102,103,104,105,106,135,138,142,147,148,149,150,151,152,153,154,155,156,157,158,159,173,176,182,183,185,186,196,197,224,226,229,252,253,263,264,265,269,316,320,332,335,336,337,345,382,403,408,448,472,497,519,607,622,625,646,649,651,652,696,898,1190,1453,1454,1455,1456,1457,
186;1;5180;5324;1;32,61,70,71,72,94,95,96,97,98,99,100,101,102,103,104,105,106,135,138,142,147,148,149,150,151,152,153,154,155,156,157,158,159,173,176,182,183,185,186,196,197,224,226,229,252,253,263,264,265,269,316,320,332,335,336,337,345,382,403,408,448,472,497,519,607,622,625,646,649,651,652,696,898,1190,1453,1454,1455,1456,1457,
353;0;5324;5349;0;32,61,70,71,72,94,95,96,97,98,99,100,101,102,103,104,105,106,135,138,142,147,148,149,150,151,152,153,154,155,156,157,158,159,173,176,182,183,185,186,196,197,224,226,229,252,253,263,264,265,269,316,320,332,335,336,337,345,382,403,408,448,472,497,519,607,622,625,646,649,651,652,696,898,1190,1453,1454,1455,1456,1457,
353;1;5349;5493;0;32,61,70,71,72,94,95,96,97,98,99,100,101,102,103,104,105,106,135,138,142,147,148,149,150,151,152,153,154,155,156,157,158,159,173,176,182,183,185,186,196,197,224,226,229,252,253,263,264,265,269,316,320,332,335,336,337,345,382,403,408,448,472,497,519,607,622,625,646,649,651,652,696,898,1190,1453,1454,1455,1456,1457,
591;0;5493;5549;1;32,61,70,71,72,94,95,96,97,98,99,100,101,102,103,104,105,106,135,138,142,147,148,149,150,151,152,153,154,155,156,157,158,159,173,176,182,183,185,186,196,197,224,226,229,252,253,263,264,265,269,316,320,332,335,336,337,345,382,403,408,448,472,497,519,607,622,625,646,649,651,652,696,898,1190,1453,1454,1455,1456,1457,
591;1;5549;5715;1;32,61,70,71,72,94,95,96,97,98,99,100,101,102,103,104,105,106,135,138,142,147,148,149,150,151,152,153,154,155,156,157,158,159,173,176,182,183,185,186,196,197,224,226,229,252,253,263,264,265,269,316,320,332,335,336,337,345,382,403,408,448,472,497,519,607,622,625,646,649,651,652,696,898,1190,1453,1454,1455,1456,1457,
469;0;5715;5776;1;32,61,70,71,72,94,95,96,97,98,99,100,101,102,103,104,105,106,135,138,142,147,148,149,150,151,152,153,154,155,156,157,158,159,173,176,182,183,185,186,196,197,224,226,229,252,253,263,264,265,269,316,320,332,335,336,337,345,382,403,408,448,472,497,519,607,622,625,646,649,651,652,696,898,1190,1453,1454,1455,1456,1457,
469;1;5776;5920;1;32,61,70,71,72,94,95,96,97,98,99,100,101,102,103,104,105,106,135,138,142,147,148,149,150,151,152,153,154,155,156,157,158,159,173,176,182,183,185,186,196,197,224,226,229,252,253,263,264,265,269,316,320,332,335,336,337,345,382,403,408,448,472,497,519,607,622,625,646,649,651,652,696,898,1190,1453,1454,1455,1456,1457,
571;0;5920;5956;1;32,61,70,71,72,94,95,96,97,98,99,100,101,102,103,104,105,106,135,138,142,147,148,149,150,151,152,153,154,155,156,157,158,159,173,176,182,183,185,186,196,197,224,226,229,252,253,263,264,265,269,316,320,332,335,336,337,345,382,403,408,448,472,497,519,607,622,625,646,649,651,652,696,898,1190,1453,1454,1455,1456,1457,
571;1;5956;6056;1;32,61,70,71,72,94,95,96,97,98,99,100,101,102,103,104,105,106,135,138,142,147,148,149,150,151,152,153,154,155,156,157,158,159,173,176,182,183,185,186,196,197,224,226,229,252,253,263,264,265,269,316,320,332,335,336,337,345,382,403,408,448,472,497,519,607,622,625,646,649,651,652,696,898,1190,1453,1454,1455,1456,1457,
339;0;6056;6136;1;32,42,61,70,71,72,105,106,135,138,149,150,151,152,153,154,155,156,173,176,182,183,186,194,196,197,198,224,226,229,252,253,264,316,320,336,337,345,382,403,408,437,442,444,445,447,472,497,519,622,625,646,649,651,652,696,871,991,1141,1182,1183,1184,1185,1186,1187,1188,1189,1190,1191,1192,1193,1194,1195,1196,1197,1198,1199,1200,1201,1202,
339;1;6136;6193;1;32,42,61,70,71,72,105,106,135,138,149,150,151,152,153,154,155,156,173,176,182,183,186,194,196,197,198,224,226,229,252,253,264,316,320,336,337,345,382,403,408,437,442,444,445,447,472,497,519,622,625,646,649,651,652,696,871,991,1141,1182,1183,1184,1185,1186,1187,1188,1189,1190,1191,1192,1193,1194,1195,1196,1197,1198,1199,1200,1201,1202,
551;0;6193;6330;1;32,42,61,70,71,72,105,106,135,138,149,150,151,152,153,154,155,156,173,176,182,183,186,194,196,197,198,224,226,229,252,253,264,316,320,336,337,345,382,403,408,437,442,444,445,447,472,497,519,622,625,646,649,651,652,696,871,991,1141,1182,1183,1184,1185,1186,1187,1188,1189,1190,1191,1192,1193,1194,1195,1196,1197,1198,1199,1200,1201,1202,
551;1;6330;6387;1;32,42,61,70,71,72,105,106,135,138,149,150,151,152,153,154,155,156,173,176,182,183,186,194,196,197,198,224,226,229,252,253,264,316,320,336,337,345,382,403,408,437,442,444,445,447,472,497,519,622,625,646,649,651,652,696,871,991,1141,1182,1183,1184,1185,1186,1187,1188,1189,1190,1191,1192,1193,1194,1195,1196,1197,1198,1199,1200,1201,1202,
256;0;6387;6417;1;32,42,61,70,71,72,105,106,135,138,149,150,151,152,153,154,155,156,173,176,182,183,186,194,196,197,198,224,226,229,252,253,264,316,320,336,337,345,382,403,408,437,442,444,445,447,472,497,519,622,625,646,649,651,652,696,871,991,1141,1182,1183,1184,1185,1186,1187,1188,1189,1190,1191,1192,1193,1194,1195,1196,1197,1198,1199,1200,1201,1202,
256;1;6417;6474;1;32,42,61,70,71,72,105,106,135,138,149,150,151,152,153,154,155,156,173,176,182,183,186,194,196,197,198,224,226,229,252,253,264,316,320,336,337,345,382,403,408,437,442,444,445,447,472,497,519,622,625,646,649,651,652,696,871,991,1141,1182,1183,1184,1185,1186,1187,1188,1189,1190,1191,1192,1193,1194,1195,1196,1197,1198,1199,1200,1201,1202,
164;0;6474;6615;1;32,42,61,70,71,72,105,106,135,138,149,150,151,152,153,154,155,156,173,176,182,183,186,194,196,197,198,224,226,229,252,264,271,316,320,336,337,345,346,347,382,403,408,438,442,445,447,472,496,497,517,519,622,625,646,649,650,651,652,653,654,655,696,748,749,750,751,752,991,1029,1030,1146,1147,1148,1149,1463,1464,1465,1466,1467,
164;1;6615;6660;1;32,42,61,70,71,72,105,106,135,138,149,150,151,152,153,154,155,156,173,176,182,183,186,194,196,197,198,224,226,229,252,264,271,316,320,336,337,345,346,347,382,403,408,438,442,445,447,472,496,497,517,519,622,625,646,649,650,651,652,653,654,655,696,748,749,750,751,752,991,1029,1030,1146,1147,1148,1149,1463,1464,1465,1466,1467,
316;0;6660;6664;1;32,42,61,70,71,72,105,106,135,138,149,150,151,152,153,154,155,156,173,176,182,183,186,194,196,197,198,224,226,229,252,264,271,316,320,336,337,345,346,347,382,403,408,438,442,445,447,472,496,497,517,519,622,625,646,649,650,651,652,653,654,655,696,748,749,750,751,752,991,1029,1030,1146,1147,1148,1149,1463,1464,1465,1466,1467,
316;1;6664;6785;1;32,42,61,70,71,72,105,106,135,138,149,150,151,152,153,154,155,156,173,176,182,183,186,194,196,197,198,224,226,229,252,264,271,316,320,336,337,345,346,347,382,403,408,438,442,445,447,472,496,497,517,519,622,625,646,649,650,651,652,653,654,655,696,748,749,750,751,752,991,1029,1030,1146,1147,1148,1149,1463,1464,1465,1466,1467,
408;0;6785;6847;0;32,42,61,70,71,72,105,106,135,138,149,150,151,152,153,154,155,156,173,176,182,183,186,194,196,197,198,224,226,229,252,264,271,316,320,336,337,345,346,347,382,403,408,438,442,445,447,472,496,497,517,519,622,625,646,649,650,651,652,653,654,655,696,748,749,750,751,752,991,1029,1030,1146,1147,1148,1149,1463,1464,1465,1466,1467,
408;1;6847;6925;0;32,42,61,70,71,72,105,106,135,138,149,150,151,152,153,154,155,156,173,176,182,183,186,194,196,197,198,224,226,229,252,264,271,316,320,336,337,345,346,347,382,403,408,438,442,445,447,472,496,497,517,519,622,625,646,649,650,651,652,653,654,655,696,748,749,750,751,752,991,1029,1030,1146,1147,1148,1149,1463,1464,1465,1466,1467,
94;0;6925;6939;1;32,42,61,70,71,72,105,106,135,138,149,150,151,152,153,154,155,156,173,176,182,183,186,194,196,197,198,224,226,229,252,264,271,316,320,336,337,345,346,347,382,403,408,438,442,445,447,472,496,497,517,519,622,625,646,649,650,651,652,653,654,655,696,748,749,750,751,752,991,1029,1030,1146,1147,1148,1149,1463,1464,1465,1466,1467,
94;1;6939;6984;1;32,42,61,70,71,72,105,106,135,138,149,150,151,152,153,154,155,156,173,176,182,183,186,194,196,197,198,224,226,229,252,264,271,316,320,336,337,345,346,347,382,403,408,438,442,445,447,472,496,497,517,519,622,625,646,649,650,651,652,653,654,655,696,748,749,750,751,752,991,1029,1030,1146,1147,1148,1149,1463,1464,1465,1466,1467,
54;0;6984;7116;1;32,42,61,70,71,72,105,106,135,138,149,150,151,152,153,154,155,156,173,176,182,183,186,194,196,197,198,224,226,229,252,264,271,316,320,336,337,345,346,347,382,403,408,438,442,445,447,472,496,497,517,519,622,625,646,649,650,651,652,653,654,655,696,748,749,750,751,752,991,1029,1030,1146,1147,1148,1149,1463,1464,1465,1466,1467,
54;1;7116;7207;1;32,42,61,70,71,72,105,106,135,138,149,150,151,152,153,154,155,156,173,176,182,183,186,194,196,197,198,224,226,229,252,264,271,316,320,336,337,345,346,347,382,403,408,438,442,445,447,472,496,497,517,519,622,625,646,649,650,651,652,653,654,655,696,748,749,750,751,752,991,1029,1030,1146,1147,1148,1149,1463,1464,1465,1466,1467,
191;0;7207;7263;1;32,42,61,70,71,72,105,106,135,138,149,150,151,152,153,154,155,156,173,176,182,183,186,194,196,197,198,224,226,229,252,264,271,316,320,336,337,345,346,347,382,403,408,438,442,445,447,472,496,497,517,519,622,625,646,649,650,651,652,653,654,655,696,748,749,750,751,752,991,1029,1030,1146,1147,1148,1149,1463,1464,1465,1466,1467,
191;1;7263;7406;1;32,42,61,70,71,72,105,106,135,138,149,150,151,152,153,154,155,156,173,176,182,183,186,194,196,197,198,224,226,229,252,264,271,316,320,336,337,345,346,347,382,403,408,438,442,445,447,472,496,497,517,519,622,625,646,649,650,651,652,653,654,655,696,748,749,750,751,752,991,1029,1030,1146,1147,1148,1149,1463,1464,1465,1466,1467,
619;0;7406;7474;1;32,42,61,70,71,72,105,106,135,138,149,150,151,152,153,154,155,156,173,176,182,183,186,194,196,197,198,224,226,229,252,264,271,316,320,336,337,345,346,347,382,403,408,438,442,445,447,472,496,497,517,519,622,625,646,649,650,651,652,653,654,655,696,748,749,750,751,752,991,1029,1030,1146,1147,1148,1149,1463,1464,1465,1466,1467,
619;1;7474;7565;1;32,42,61,70,71,72,105,106,135,138,149,150,151,152,153,154,155,156,173,176,182,183,186,194,196,197,198,224,226,229,252,264,271,316,320,336,337,345,346,347,382,403,408,438,442,445,447,472,496,497,517,519,622,625,646,649,650,651,652,653,654,655,696,748,749,750,751,752,991,1029,1030,1146,1147,1148,1149,1463,1464,1465,1466,1467,
396;0;7565;7702;1;32,42,61,70,71,72,105,106,130,133,135,138,149,150,151,152,153,154,155,156,173,176,182,183,186,194,196,197,198,224,226,229,252,264,316,336,337,346,347,382,408,438,445,447,472,519,622,625,626,627,639,646,650,651,652,653,654,655,717,721,781,798,931,991,1063,1203,1204,1205,1206,1207,1208,1209,1210,1211,1212,1213,1214,1215,1216,1217,
396;1;7702;7734;1;32,42,61,70,71,72,105,106,130,133,135,138,149,150,151,152,153,154,155,156,173,176,182,183,186,194,196,197,198,224,226,229,252,264,316,336,337,346,347,382,408,438,445,447,472,519,622,625,626,627,639,646,650,651,652,653,654,655,717,721,781,798,931,991,1063,1203,1204,1205,1206,1207,1208,1209,1210,1211,1212,1213,1214,1215,1216,1217,
609;0;7734;7758;1;32,42,61,70,71,72,105,106,130,133,135,138,149,150,151,152,153,154,155,156,173,176,182,183,186,194,196,197,198,224,226,229,252,264,316,336,337,346,347,382,408,438,445,447,472,519,622,625,626,627,639,646,650,651,652,653,654,655,717,721,781,798,931,991,1063,1203,1204,1205,1206,1207,1208,1209,1210,1211,1212,1213,1214,1215,1216,1217,
609;1;7758;7790;1;32,42,61,70,71,72,105,106,130,133,135,138,149,150,151,152,153,154,155,156,173,176,182,183,186,194,196,197,198,224,226,229,252,264,316,336,337,346,347,382,408,438,445,447,472,519,622,625,626,627,639,646,650,651,652,653,654,655,717,721,781,798,931,991,1063,1203,1204,1205,1206,1207,1208,1209,1210,1211,1212,1213,1214,1215,1216,1217,
284;0;7790;7815;1;0,1,2,3,4,5,6,7,8,9,10,11,12,13,14,15,16,42,61,70,71,72,105,106,138,149,150,151,153,154,155,173,182,183,194,195,196,197,198,199,200,201,202,203,204,205,206,207,208,209,210,211,212,213,214,215,216,217,218,219,220,221,222,224,226,346,358,382,650,651,652,653,654,655,961,1160,1161,1162,1163,1164,
284;1;7815;7995;1;0,1,2,3,4,5,6,7,8,9,10,11,12,13,14,15,16,42,61,70,71,72,105,106,138,149,150,151,153,154,155,173,182,183,194,195,196,197,198,199,200,201,202,203,204,205,206,207,208,209,210,211,212,213,214,215,216,217,218,219,220,221,222,224,226,346,358,382,650,651,652,653,654,655,961,1160,1161,1162,1163,1164,
526;0;7995;8145;1;0,1,2,3,4,5,6,7,8,9,10,11,12,13,14,15,16,42,61,70,71,72,105,106,138,149,150,151,153,154,155,173,182,183,194,195,196,197,198,199,200,201,202,203,204,205,206,207,208,209,210,211,212,213,214,215,216,217,218,219,220,221,222,224,226,346,358,382,650,651,652,653,654,655,961,1160,1161,1162,1163,1164,
526;1;8145;8313;1;0,1,2,3,4,5,6,7,8,9,10,11,12,13,14,15,16,42,61,70,71,72,105,106,138,149,150,151,153,154,155,173,182,183,194,195,196,197,198,199,200,201,202,203,204,205,206,207,208,209,210,211,212,213,214,215,216,217,218,219,220,221,222,224,226,346,358,382,650,651,652,653,654,655,961,1160,1161,1162,1163,1164,
504;0;8313;8387;1;0,1,2,3,4,5,6,7,8,9,10,11,12,13,14,15,16,42,61,70,71,72,105,106,138,149,150,151,153,154,155,173,182,183,194,195,196,197,198,199,200,201,202,203,204,205,206,207,208,209,210,211,212,213,214,215,216,217,218,219,220,221,222,224,226,346,358,382,650,651,652,653,654,655,961,1160,1161,1162,1163,1164,
504;1;8387;8567;1;0,1,2,3,4,5,6,7,8,9,10,11,12,13,14,15,16,42,61,70,71,72,105,106,138,149,150,151,153,154,155,173,182,183,194,195,196,197,198,199,200,201,202,203,204,205,206,207,208,209,210,211,212,213,214,215,216,217,218,219,220,221,222,224,226,346,358,382,650,651,652,653,654,655,961,1160,1161,1162,1163,1164,
67;0;8567;8622;0;0,1,2,3,4,5,6,7,8,9,10,11,12,13,14,15,16,42,61,70,71,72,105,106,138,149,150,151,153,154,155,173,182,183,194,195,196,197,198,199,200,201,202,203,204,205,206,207,208,209,210,211,212,213,214,215,216,217,218,219,220,221,222,224,226,346,358,382,650,651,652,653,654,655,961,1160,1161,1162,1163,1164,
123;0;8622;8695;0;0,1,2,3,4,5,6,7,8,9,10,11,12,13,14,15,16,42,61,70,71,72,105,106,138,149,150,151,153,154,155,173,182,183,194,195,196,197,198,199,200,201,202,203,204,205,206,207,208,209,210,211,212,213,214,215,216,217,218,219,220,221,222,224,226,346,358,382,650,651,652,653,654,655,961,1160,1161,1162,1163,1164,
123;1;8695;8750;0;0,1,2,3,4,5,6,7,8,9,10,11,12,13,14,15,16,42,61,70,71,72,105,106,138,149,150,151,153,154,155,173,182,183,194,195,196,197,198,199,200,201,202,203,204,205,206,207,208,209,210,211,212,213,214,215,216,217,218,219,220,221,222,224,226,346,358,382,650,651,652,653,654,655,961,1160,1161,1162,1163,1164,
0;0;8750;8925;1;0,1,2,3,4,5,6,7,8,9,10,11,12,13,14,15,16,42,61,70,71,72,105,106,138,149,150,151,153,154,155,173,182,183,194,195,196,197,198,199,200,201,202,203,204,205,206,207,208,209,210,211,212,213,214,215,216,217,218,219,220,221,222,224,226,346,358,382,650,651,652,653,654,655,961,1160,1161,1162,1163,1164,
0;1;8925;8980;1;0,1,2,3,4,5,6,7,8,9,10,11,12,13,14,15,16,42,61,70,71,72,105,106,138,149,150,151,153,154,155,173,182,183,194,195,196,197,198,199,200,201,202,203,204,205,206,207,208,209,210,211,212,213,214,215,216,217,218,219,220,221,222,224,226,346,358,382,650,651,652,653,654,655,961,1160,1161,1162,1163,1164,
671;0;8980;9131;1;0,1,2,3,4,5,6,7,8,9,10,11,12,13,14,15,16,42,61,70,71,72,105,106,138,149,150,151,153,154,155,173,182,183,194,195,196,197,198,199,200,201,202,203,204,205,206,207,208,209,210,211,212,213,214,215,216,217,218,219,220,221,222,224,226,346,358,382,650,651,652,653,654,655,961,1160,1161,1162,1163,1164,
671;1;9131;9222;1;0,1,2,3,4,5,6,7,8,9,10,11,12,13,14,15,16,42,61,70,71,72,105,106,138,149,150,151,153,154,155,173,182,183,194,195,196,197,198,199,200,201,202,203,204,205,206,207,208,209,210,211,212,213,214,215,216,217,218,219,220,221,222,224,226,346,358,382,650,651,652,653,654,655,961,1160,1161,1162,1163,1164,
282;0;9222;9277;0;0,1,2,3,4,5,6,7,8,9,10,11,12,13,14,15,16,42,61,70,71,72,105,106,138,149,150,151,153,154,155,173,182,183,194,195,196,197,198,199,200,201,202,203,204,205,206,207,208,209,210,211,212,213,214,215,216,217,218,219,220,221,222,224,226,346,358,382,650,651,652,653,654,655,961,1160,1161,1162,1163,1164,
378;0;9277;9399;0;42,48,70,71,72,105,106,138,150,152,154,155,156,173,182,183,194,195,196,197,198,199,219,220,223,224,225,226,229,231,235,251,346,358,374,382,445,447,646,650,651,652,653,654,655,688,872,907,908,909,910,911,912,913,914,915,916,917,918,919,920,921,983,985,986,987,988,989,990,991,992,1218,1219,1220,1221,1222,1223,1224,1225,1226,
378;1;9399;9459;0;42,48,70,71,72,105,106,138,150,152,154,155,156,173,182,183,194,195,196,197,198,199,219,220,223,224,225,226,229,231,235,251,346,358,374,382,445,447,646,650,651,652,653,654,655,688,872,907,908,909,910,911,912,913,914,915,916,917,918,919,920,921,983,985,986,987,988,989,990,991,992,1218,1219,1220,1221,1222,1223,1224,1225,1226,
245;0;9459;9519;0;42,48,70,71,72,105,106,138,150,152,154,155,156,173,182,183,194,195,196,197,198,199,219,220,223,224,225,226,229,231,235,251,346,358,374,382,445,447,646,650,651,652,653,654,655,688,872,907,908,909,910,911,912,913,914,915,916,917,918,919,920,921,983,985,986,987,988,989,990,991,992,1218,1219,1220,1221,1222,1223,1224,1225,1226,
636;0;9519;9676;1;42,48,70,71,72,105,106,138,150,152,154,155,156,173,182,183,194,195,196,197,198,199,219,220,223,224,225,226,229,231,235,251,346,358,374,382,445,447,646,650,651,652,653,654,655,688,872,907,908,909,910,911,912,913,914,915,916,917,918,919,920,921,983,985,986,987,988,989,990,991,992,1218,1219,1220,1221,1222,1223,1224,1225,1226,
636;1;9676;9729;1;42,48,70,71,72,105,106,138,150,152,154,155,156,173,182,183,194,195,196,197,198,199,219,220,223,224,225,226,229,231,235,251,346,358,374,382,445,447,646,650,651,652,653,654,655,688,872,907,908,909,910,911,912,913,914,915,916,917,918,919,920,921,983,985,986,987,988,989,990,991,992,1218,1219,1220,1221,1222,1223,1224,1225,1226,
374;0;9729;9755;1;42,48,70,71,72,105,106,138,150,152,154,155,156,173,182,183,194,195,196,197,198,199,219,220,223,224,225,226,229,231,235,251,346,358,374,382,445,447,646,650,651,652,653,654,655,688,872,907,908,909,910,911,912,913,914,915,916,917,918,919,920,921,983,985,986,987,988,989,990,991,992,1218,1219,1220,1221,1222,1223,1224,1225,1226,
374;1;9755;9815;1;42,48,70,71,72,105,106,138,150,152,154,155,156,173,182,183,194,195,196,197,198,199,219,220,223,224,225,226,229,231,235,251,346,358,374,382,445,447,646,650,651,652,653,654,655,688,872,907,908,909,910,911,912,913,914,915,916,917,918,919,920,921,983,985,986,987,988,989,990,991,992,1218,1219,1220,1221,1222,1223,1224,1225,1226,
121;0;9815;9875;1;42,48,70,71,72,105,106,138,150,152,154,155,156,173,182,183,194,195,196,197,198,199,219,220,223,224,225,226,229,231,235,251,346,358,374,382,445,447,646,650,651,652,653,654,655,688,872,907,908,909,910,911,912,913,914,915,916,917,918,919,920,921,983,985,986,987,988,989,990,991,992,1218,1219,1220,1221,1222,1223,1224,1225,1226,
121;1;9875;9928;1;42,48,70,71,72,105,106,138,150,152,154,155,156,173,182,183,194,195,196,197,198,199,219,220,223,224,225,226,229,231,235,251,346,358,374,382,445,447,646,650,651,652,653,654,655,688,872,907,908,909,910,911,912,913,914,915,916,917,918,919,920,921,983,985,986,987,988,989,990,991,992,1218,1219,1220,1221,1222,1223,1224,1225,1226,
276;0;9928;10016;1;42,48,70,71,72,105,106,138,150,152,154,155,156,173,182,183,194,195,196,197,198,199,219,220,223,224,225,226,229,231,235,251,346,358,374,382,445,447,646,650,651,652,653,654,655,688,872,907,908,909,910,911,912,913,914,915,916,917,918,919,920,921,983,985,986,987,988,989,990,991,992,1218,1219,1220,1221,1222,1223,1224,1225,1226,
276;1;10016;10078;1;42,48,70,71,72,105,106,138,150,152,154,155,156,173,182,183,194,195,196,197,198,199,219,220,223,224,225,226,229,231,235,251,346,358,374,382,445,447,646,650,651,652,653,654,655,688,872,907,908,909,910,911,912,913,914,915,916,917,918,919,920,921,983,985,986,987,988,989,990,991,992,1218,1219,1220,1221,1222,1223,1224,1225,1226,
Machine: 2
46;0;0;28;1;0,1,2,5,32,50,51,70,81,104,128,132,135,140,228,252,253,254,255,256,257,258,259,260,261,262,263,264,265,266,267,268,269,310,311,312,313,314,315,316,317,318,319,320,321,322,323,324,325,326,327,328,329,330,331,332,333,358,369,370,400,402,404,566,949,950,951,952,953,954,955,956,957,958,959,961,1161,1162,1163,1164,
46;1;28;198;1;0,1,2,5,32,50,51,70,81,104,128,132,135,140,228,252,253,254,255,256,257,258,259,260,261,262,263,264,265,266,267,268,269,310,311,312,313,314,315,316,317,318,319,320,321,322,323,324,325,326,327,328,329,330,331,332,333,358,369,370,400,402,404,566,949,950,951,952,953,954,955,956,957,958,959,961,1161,1162,1163,1164,
204;0;198;377;1;0,1,2,5,32,50,51,70,81,104,128,132,135,140,228,252,253,254,255,256,257,258,259,260,261,262,263,264,265,266,267,268,269,310,311,312,313,314,315,316,317,318,319,320,321,322,323,324,325,326,327,328,329,330,331,332,333,358,369,370,400,402,404,566,949,950,951,952,953,954,955,956,957,958,959,961,1161,1162,1163,1164,
204;1;377;486;1;0,1,2,5,32,50,51,70,81,104,128,132,135,140,228,252,253,254,255,256,257,258,259,260,261,262,263,264,265,266,267,268,269,310,311,312,313,314,315,316,317,318,319,320,321,322,323,324,325,326,327,328,329,330,331,332,333,358,369,370,400,402,404,566,949,950,951,952,953,954,955,956,957,958,959,961,1161,1162,1163,1164,
662;0;486;530;0;0,1,2,5,32,50,51,70,81,104,128,132,135,140,228,252,253,254,255,256,257,258,259,260,261,262,263,264,265,266,267,268,269,310,311,312,313,314,315,316,317,318,319,320,321,322,323,324,325,326,327,328,329,330,331,332,333,358,369,370,400,402,404,566,949,950,951,952,953,954,955,956,957,958,959,961,1161,1162,1163,1164,
216;0;530;694;1;0,1,2,5,32,50,51,70,81,104,128,132,135,140,228,252,253,254,255,256,257,258,259,260,261,262,263,264,265,266,267,268,269,310,311,312,313,314,315,316,317,318,319,320,321,322,323,324,325,326,327,328,329,330,331,332,333,358,369,370,400,402,404,566,949,950,951,952,953,954,955,956,957,958,959,961,1161,1162,1163,1164,
216;1;694;864;1;0,1,2,5,32,50,51,70,81,104,128,132,135,140,228,252,253,254,255,256,257,258,259,260,261,262,263,264,265,266,267,268,269,310,311,312,313,314,315,316,317,318,319,320,321,322,323,324,325,326,327,328,329,330,331,332,333,358,369,370,400,402,404,566,949,950,951,952,953,954,955,956,957,958,959,961,1161,1162,1163,1164,
346;0;864;1032;1;0,1,2,5,32,50,51,70,81,104,128,132,135,140,228,252,253,254,255,256,257,258,259,260,261,262,263,264,265,266,267,268,269,310,311,312,313,314,315,316,317,318,319,320,321,322,323,324,325,326,327,328,329,330,331,332,333,358,369,370,400,402,404,566,949,950,951,952,953,954,955,956,957,958,959,961,1161,1162,1163,1164,
346;1;1032;1113;1;0,1,2,5,32,50,51,70,81,104,128,132,135,140,228,252,253,254,255,256,257,258,259,260,261,262,263,264,265,266,267,268,269,310,311,312,313,314,315,316,317,318,319,320,321,322,323,324,325,326,327,328,329,330,331,332,333,358,369,370,400,402,404,566,949,950,951,952,953,954,955,956,957,958,959,961,1161,1162,1163,1164,
299;0;1113;1142;1;0,1,2,5,32,50,51,70,81,104,128,132,135,140,228,252,253,254,255,256,257,258,259,260,261,262,263,264,265,266,267,268,269,310,311,312,313,314,315,316,317,318,319,320,321,322,323,324,325,326,327,328,329,330,331,332,333,358,369,370,400,402,404,566,949,950,951,952,953,954,955,956,957,958,959,961,1161,1162,1163,1164,
299;1;1142;1239;1;0,1,2,5,32,50,51,70,81,104,128,132,135,140,228,252,253,254,255,256,257,258,259,260,261,262,263,264,265,266,267,268,269,310,311,312,313,314,315,316,317,318,319,320,321,322,323,324,325,326,327,328,329,330,331,332,333,358,369,370,400,402,404,566,949,950,951,952,953,954,955,956,957,958,959,961,1161,1162,1163,1164,
19;0;1239;1258;1;0,1,2,5,32,50,51,70,81,104,128,132,135,140,228,252,253,254,255,256,257,258,259,260,261,262,263,264,265,266,267,268,269,310,311,312,313,314,315,316,317,318,319,320,321,322,323,324,325,326,327,328,329,330,331,332,333,358,369,370,400,402,404,566,949,950,951,952,953,954,955,956,957,958,959,961,1161,1162,1163,1164,
19;1;1258;1422;1;0,1,2,5,32,50,51,70,81,104,128,132,135,140,228,252,253,254,255,256,257,258,259,260,261,262,263,264,265,266,267,268,269,310,311,312,313,314,315,316,317,318,319,320,321,322,323,324,325,326,327,328,329,330,331,332,333,358,369,370,400,402,404,566,949,950,951,952,953,954,955,956,957,958,959,961,1161,1162,1163,1164,
474;0;1422;1548;1;0,1,2,5,32,50,51,70,81,104,128,132,135,140,228,252,253,254,255,256,257,258,259,260,261,262,263,264,265,266,267,268,269,310,311,312,313,314,315,316,317,318,319,320,321,322,323,324,325,326,327,328,329,330,331,332,333,358,369,370,400,402,404,566,949,950,951,952,953,954,955,956,957,958,959,961,1161,1162,1163,1164,
474;1;1548;1592;1;0,1,2,5,32,50,51,70,81,104,128,132,135,140,228,252,253,254,255,256,257,258,259,260,261,262,263,264,265,266,267,268,269,310,311,312,313,314,315,316,317,318,319,320,321,322,323,324,325,326,327,328,329,330,331,332,333,358,369,370,400,402,404,566,949,950,951,952,953,954,955,956,957,958,959,961,1161,1162,1163,1164,
349;0;1592;1721;1;0,1,2,5,32,50,51,70,81,104,128,132,135,140,228,252,253,254,255,256,257,258,259,260,261,262,263,264,265,266,267,268,269,310,311,312,313,314,315,316,317,318,319,320,321,322,323,324,325,326,327,328,329,330,331,332,333,358,369,370,400,402,404,566,949,950,951,952,953,954,955,956,957,958,959,961,1161,1162,1163,1164,
349;1;1721;1830;1;0,1,2,5,32,50,51,70,81,104,128,132,135,140,228,252,253,254,255,256,257,258,259,260,261,262,263,264,265,266,267,268,269,310,311,312,313,314,315,316,317,318,319,320,321,322,323,324,325,326,327,328,329,330,331,332,333,358,369,370,400,402,404,566,949,950,951,952,953,954,955,956,957,958,959,961,1161,1162,1163,1164,
176;0;1830;1982;1;0,1,2,5,32,50,51,70,81,104,128,132,135,140,228,252,253,254,255,256,257,258,259,260,261,262,263,264,265,266,267,268,269,310,311,312,313,314,315,316,317,318,319,320,321,322,323,324,325,326,327,328,329,330,331,332,333,358,369,370,400,402,404,566,949,950,951,952,953,954,955,956,957,958,959,961,1161,1162,1163,1164,
176;1;1982;2079;1;0,1,2,5,32,50,51,70,81,104,128,132,135,140,228,252,253,254,255,256,257,258,259,260,261,262,263,264,265,266,267,268,269,310,311,312,313,314,315,316,317,318,319,320,321,322,323,324,325,326,327,328,329,330,331,332,333,358,369,370,400,402,404,566,949,950,951,952,953,954,955,956,957,958,959,961,1161,1162,1163,1164,
114;0;2079;2162;1;0,1,2,5,32,50,51,70,81,104,128,132,135,140,228,252,253,254,255,256,257,258,259,260,261,262,263,264,265,266,267,268,269,310,311,312,313,314,315,316,317,318,319,320,321,322,323,324,325,326,327,328,329,330,331,332,333,358,369,370,400,402,404,566,949,950,951,952,953,954,955,956,957,958,959,961,1161,1162,1163,1164,
114;1;2162;2243;1;0,1,2,5,32,50,51,70,81,104,128,132,135,140,228,252,253,254,255,256,257,258,259,260,261,262,263,264,265,266,267,268,269,310,311,312,313,314,315,316,317,318,319,320,321,322,323,324,325,326,327,328,329,330,331,332,333,358,369,370,400,402,404,566,949,950,951,952,953,954,955,956,957,958,959,961,1161,1162,1163,1164,
536;0;2243;2400;1;0,1,2,5,32,50,51,70,81,104,128,132,135,140,228,252,253,254,255,256,257,258,259,260,261,262,263,264,265,266,267,268,269,310,311,312,313,314,315,316,317,318,319,320,321,322,323,324,325,326,327,328,329,330,331,332,333,358,369,370,400,402,404,566,949,950,951,952,953,954,955,956,957,958,959,961,1161,1162,1163,1164,
536;1;2400;2481;1;0,1,2,5,32,50,51,70,81,104,128,132,135,140,228,252,253,254,255,256,257,258,259,260,261,262,263,264,265,266,267,268,269,310,311,312,313,314,315,316,317,318,319,320,321,322,323,324,325,326,327,328,329,330,331,332,333,358,369,370,400,402,404,566,949,950,951,952,953,954,955,956,957,958,959,961,1161,1162,1163,1164,
201;0;2481;2549;1;0,1,2,5,32,50,51,70,81,104,128,132,135,140,228,252,253,254,255,256,257,258,259,260,261,262,263,264,265,266,267,268,269,310,311,312,313,314,315,316,317,318,319,320,321,322,323,324,325,326,327,328,329,330,331,332,333,358,369,370,400,402,404,566,949,950,951,952,953,954,955,956,957,958,959,961,1161,1162,1163,1164,
201;1;2549;2713;1;0,1,2,5,32,50,51,70,81,104,128,132,135,140,228,252,253,254,255,256,257,258,259,260,261,262,263,264,265,266,267,268,269,310,311,312,313,314,315,316,317,318,319,320,321,322,323,324,325,326,327,328,329,330,331,332,333,358,369,370,400,402,404,566,949,950,951,952,953,954,955,956,957,958,959,961,1161,1162,1163,1164,
29;0;2713;2893;1;0,1,2,5,32,50,51,70,81,104,128,132,135,140,228,252,253,254,255,256,257,258,259,260,261,262,263,264,265,266,267,268,269,310,311,312,313,314,315,316,317,318,319,320,321,322,323,324,325,326,327,328,329,330,331,332,333,358,369,370,400,402,404,566,949,950,951,952,953,954,955,956,957,958,959,961,1161,1162,1163,1164,
29;1;2893;2937;1;0,1,2,5,32,50,51,70,81,104,128,132,135,140,228,252,253,254,255,256,257,258,259,260,261,262,263,264,265,266,267,268,269,310,311,312,313,314,315,316,317,318,319,320,321,322,323,324,325,326,327,328,329,330,331,332,333,358,369,370,400,402,404,566,949,950,951,952,953,954,955,956,957,958,959,961,1161,1162,1163,1164,
104;0;2937;3101;1;0,1,2,5,32,50,51,70,81,104,128,132,135,140,228,252,253,254,255,256,257,258,259,260,261,262,263,264,265,266,267,268,269,310,311,312,313,314,315,316,317,318,319,320,321,322,323,324,325,326,327,328,329,330,331,332,333,358,369,370,400,402,404,566,949,950,951,952,953,954,955,956,957,958,959,961,1161,1162,1163,1164,
104;1;3101;3271;1;0,1,2,5,32,50,51,70,81,104,128,132,135,140,228,252,253,254,255,256,257,258,259,260,261,262,263,264,265,266,267,268,269,310,311,312,313,314,315,316,317,318,319,320,321,322,323,324,325,326,327,328,329,330,331,332,333,358,369,370,400,402,404,566,949,950,951,952,953,954,955,956,957,958,959,961,1161,1162,1163,1164,
634;0;3271;3383;1;0,1,2,5,32,50,51,70,81,104,128,132,135,140,228,252,253,254,255,256,257,258,259,260,261,262,263,264,265,266,267,268,269,310,311,312,313,314,315,316,317,318,319,320,321,322,323,324,325,326,327,328,329,330,331,332,333,358,369,370,400,402,404,566,949,950,951,952,953,954,955,956,957,958,959,961,1161,1162,1163,1164,
634;1;3383;3547;1;0,1,2,5,32,50,51,70,81,104,128,132,135,140,228,252,253,254,255,256,257,258,259,260,261,262,263,264,265,266,267,268,269,310,311,312,313,314,315,316,317,318,319,320,321,322,323,324,325,326,327,328,329,330,331,332,333,358,369,370,400,402,404,566,949,950,951,952,953,954,955,956,957,958,959,961,1161,1162,1163,1164,
321;0;3547;3599;1;2,32,70,71,72,73,74,75,76,77,78,79,80,81,82,106,128,132,134,135,140,150,156,197,198,224,228,229,237,252,253,262,263,264,265,266,269,293,310,311,312,313,314,315,317,318,320,325,327,332,336,341,345,358,371,402,438,445,447,514,515,516,517,599,858,931,961,1119,1120,1121,1122,1161,1162,1163,1164,1458,1459,1460,1461,1462,
321;1;3599;3724;1;2,32,70,71,72,73,74,75,76,77,78,79,80,81,82,106,128,132,134,135,140,150,156,197,198,224,228,229,237,252,253,262,263,264,265,266,269,293,310,311,312,313,314,315,317,318,320,325,327,332,336,341,345,358,371,402,438,445,447,514,515,516,517,599,858,931,961,1119,1120,1121,1122,1161,1162,1163,1164,1458,1459,1460,1461,1462,
689;0;3724;3804;1;2,32,70,71,72,73,74,75,76,77,78,79,80,81,82,106,128,132,134,135,140,150,156,197,198,224,228,229,237,252,253,262,263,264,265,266,269,293,310,311,312,313,314,315,317,318,320,325,327,332,336,341,345,358,371,402,438,445,447,514,515,516,517,599,858,931,961,1119,1120,1121,1122,1161,1162,1163,1164,1458,1459,1460,1461,1462,
689;1;3804;3960;1;2,32,70,71,72,73,74,75,76,77,78,79,80,81,82,106,128,132,134,135,140,150,156,197,198,224,228,229,237,252,253,262,263,264,265,266,269,293,310,311,312,313,314,315,317,318,320,325,327,332,336,341,345,358,371,402,438,445,447,514,515,516,517,599,858,931,961,1119,1120,1121,1122,1161,1162,1163,1164,1458,1459,1460,1461,1462,
319;0;3960;4066;1;2,32,70,71,72,73,74,75,76,77,78,79,80,81,82,106,128,132,134,135,140,150,156,197,198,224,228,229,237,252,253,262,263,264,265,266,269,293,310,311,312,313,314,315,317,318,320,325,327,332,336,341,345,358,371,402,438,445,447,514,515,516,517,599,858,931,961,1119,1120,1121,1122,1161,1162,1163,1164,1458,1459,1460,1461,1462,
319;1;4066;4137;1;2,32,70,71,72,73,74,75,76,77,78,79,80,81,82,106,128,132,134,135,140,150,156,197,198,224,228,229,237,252,253,262,263,264,265,266,269,293,310,311,312,313,314,315,317,318,320,325,327,332,336,341,345,358,371,402,438,445,447,514,515,516,517,599,858,931,961,1119,1120,1121,1122,1161,1162,1163,1164,1458,1459,1460,1461,1462,
543;0;4137;4171;0;2,32,70,71,72,73,74,75,76,77,78,79,80,81,82,106,128,132,134,135,140,150,156,197,198,224,228,229,237,252,253,262,263,264,265,266,269,293,310,311,312,313,314,315,317,318,320,325,327,332,336,341,345,358,371,402,438,445,447,514,515,516,517,599,858,931,961,1119,1120,1121,1122,1161,1162,1163,1164,1458,1459,1460,1461,1462,
543;1;4171;4310;0;2,32,70,71,72,73,74,75,76,77,78,79,80,81,82,106,128,132,134,135,140,150,156,197,198,224,228,229,237,252,253,262,263,264,265,266,269,293,310,311,312,313,314,315,317,318,320,325,327,332,336,341,345,358,371,402,438,445,447,514,515,516,517,599,858,931,961,1119,1120,1121,1122,1161,1162,1163,1164,1458,1459,1460,1461,1462,
4;0;4310;4346;1;2,32,70,71,72,73,74,75,76,77,78,79,80,81,82,106,128,132,134,135,140,150,156,197,198,224,228,229,237,252,253,262,263,264,265,266,269,293,310,311,312,313,314,315,317,318,320,325,327,332,336,341,345,358,371,402,438,445,447,514,515,516,517,599,858,931,961,1119,1120,1121,1122,1161,1162,1163,1164,1458,1459,1460,1461,1462,
4;1;4346;4390;1;2,32,70,71,72,73,74,75,76,77,78,79,80,81,82,106,128,132,134,135,140,150,156,197,198,224,228,229,237,252,253,262,263,264,265,266,269,293,310,311,312,313,314,315,317,318,320,325,327,332,336,341,345,358,371,402,438,445,447,514,515,516,517,599,858,931,961,1119,1120,1121,1122,1161,1162,1163,1164,1458,1459,1460,1461,1462,
274;0;4390;4419;1;32,48,70,71,72,105,106,128,132,134,135,140,149,150,151,153,156,157,194,195,196,197,198,223,224,225,226,227,228,229,237,252,253,262,263,264,265,266,269,293,310,311,312,313,314,315,317,320,327,332,336,341,345,358,371,393,402,436,437,438,439,440,441,442,443,444,445,446,447,514,515,516,517,858,931,961,1119,1120,1121,1122,
274;1;4419;4518;1;32,48,70,71,72,105,106,128,132,134,135,140,149,150,151,153,156,157,194,195,196,197,198,223,224,225,226,227,228,229,237,252,253,262,263,264,265,266,269,293,310,311,312,313,314,315,317,320,327,332,336,341,345,358,371,393,402,436,437,438,439,440,441,442,443,444,445,446,447,514,515,516,517,858,931,961,1119,1120,1121,1122,
407;0;4518;4589;0;32,48,70,71,72,105,106,128,132,134,135,140,149,150,151,153,156,157,194,195,196,197,198,223,224,225,226,227,228,229,237,252,253,262,263,264,265,266,269,293,310,311,312,313,314,315,317,320,327,332,336,341,345,358,371,393,402,436,437,438,439,440,441,442,443,444,445,446,447,514,515,516,517,858,931,961,1119,1120,1121,1122,
691;0;4589;4686;1;32,48,70,71,72,105,106,128,132,134,135,140,149,150,151,153,156,157,194,195,196,197,198,223,224,225,226,227,228,229,237,252,253,262,263,264,265,266,269,293,310,311,312,313,314,315,317,320,327,332,336,341,345,358,371,393,402,436,437,438,439,440,441,442,443,444,445,446,447,514,515,516,517,858,931,961,1119,1120,1121,1122,
691;1;4686;4785;1;32,48,70,71,72,105,106,128,132,134,135,140,149,150,151,153,156,157,194,195,196,197,198,223,224,225,226,227,228,229,237,252,253,262,263,264,265,266,269,293,310,311,312,313,314,315,317,320,327,332,336,341,345,358,371,393,402,436,437,438,439,440,441,442,443,444,445,446,447,514,515,516,517,858,931,961,1119,1120,1121,1122,
9;0;4785;4865;1;32,48,70,71,72,105,106,122,123,124,125,126,127,128,129,130,131,132,133,134,135,136,137,138,139,140,141,149,150,151,153,156,157,194,195,196,197,198,223,224,225,226,227,228,229,252,262,263,266,269,293,320,327,332,336,341,345,358,371,393,402,436,437,438,439,440,441,442,443,444,445,446,447,858,931,961,1119,1120,1121,1122,
9;1;4865;4928;1;32,48,70,71,72,105,106,122,123,124,125,126,127,128,129,130,131,132,133,134,135,136,137,138,139,140,141,149,150,151,153,156,157,194,195,196,197,198,223,224,225,226,227,228,229,252,262,263,266,269,293,320,327,332,336,341,345,358,371,393,402,436,437,438,439,440,441,442,443,444,445,446,447,858,931,961,1119,1120,1121,1122,
199;0;4928;5094;1;32,70,125,126,127,129,132,133,134,135,138,140,153,186,252,262,293,303,320,327,332,334,335,336,337,338,339,340,341,342,343,344,345,346,347,371,382,383,384,393,402,436,444,448,478,533,537,538,539,540,541,542,543,544,545,546,547,548,549,550,551,552,553,554,555,556,557,558,559,560,561,562,563,564,565,777,858,931,1119,1120,
199;1;5094;5133;1;32,70,125,126,127,129,132,133,134,135,138,140,153,186,252,262,293,303,320,327,332,334,335,336,337,338,339,340,341,342,343,344,345,346,347,371,382,383,384,393,402,436,444,448,478,533,537,538,539,540,541,542,543,544,545,546,547,548,549,550,551,552,553,554,555,556,557,558,559,560,561,562,563,564,565,777,858,931,1119,1120,
511;0;5133;5165;1;32,70,125,126,127,129,132,133,134,135,138,140,153,186,252,262,293,303,320,327,332,334,335,336,337,338,339,340,341,342,343,344,345,346,347,371,382,383,384,393,402,436,444,448,478,533,537,538,539,540,541,542,543,544,545,546,547,548,549,550,551,552,553,554,555,556,557,558,559,560,561,562,563,564,565,777,858,931,1119,1120,
511;1;5165;5249;1;32,70,125,126,127,129,132,133,134,135,138,140,153,186,252,262,293,303,320,327,332,334,335,336,337,338,339,340,341,342,343,344,345,346,347,371,382,383,384,393,402,436,444,448,478,533,537,538,539,540,541,542,543,544,545,546,547,548,549,550,551,552,553,554,555,556,557,558,559,560,561,562,563,564,565,777,858,931,1119,1120,
251;0;5249;5254;1;32,70,125,126,127,129,132,133,134,135,138,140,153,186,252,262,293,303,320,327,332,334,335,336,337,338,339,340,341,342,343,344,345,346,347,371,382,383,384,393,402,436,444,448,478,533,537,538,539,540,541,542,543,544,545,546,547,548,549,550,551,552,553,554,555,556,557,558,559,560,561,562,563,564,565,777,858,931,1119,1120,
251;1;5254;5350;1;32,70,125,126,127,129,132,133,134,135,138,140,153,186,252,262,293,303,320,327,332,334,335,336,337,338,339,340,341,342,343,344,345,346,347,371,382,383,384,393,402,436,444,448,478,533,537,538,539,540,541,542,543,544,545,546,547,548,549,550,551,552,553,554,555,556,557,558,559,560,561,562,563,564,565,777,858,931,1119,1120,
431;0;5350;5448;1;32,70,125,126,127,129,132,133,134,135,138,140,153,186,252,262,293,303,320,327,332,334,335,336,337,338,339,340,341,342,343,344,345,346,347,371,382,383,384,393,402,436,444,448,478,533,537,538,539,540,541,542,543,544,545,546,547,548,549,550,551,552,553,554,555,556,557,558,559,560,561,562,563,564,565,777,858,931,1119,1120,
431;1;5448;5487;1;32,70,125,126,127,129,132,133,134,135,138,140,153,186,252,262,293,303,320,327,332,334,335,336,337,338,339,340,341,342,343,344,345,346,347,371,382,383,384,393,402,436,444,448,478,533,537,538,539,540,541,542,543,544,545,546,547,548,549,550,551,552,553,554,555,556,557,558,559,560,561,562,563,564,565,777,858,931,1119,1120,
45;0;5487;5526;0;32,70,125,126,127,129,132,133,134,135,138,140,153,186,252,262,293,303,320,327,332,334,335,336,337,338,339,340,341,342,343,344,345,346,347,371,382,383,384,393,402,436,444,448,478,533,537,538,539,540,541,542,543,544,545,546,547,548,549,550,551,552,553,554,555,556,557,558,559,560,561,562,563,564,565,777,858,931,1119,1120,
581;0;5526;5561;1;32,70,125,126,127,129,132,133,134,135,138,140,153,186,252,262,293,303,320,327,332,334,335,336,337,338,339,340,341,342,343,344,345,346,347,371,382,383,384,393,402,436,444,448,478,533,537,538,539,540,541,542,543,544,545,546,547,548,549,550,551,552,553,554,555,556,557,558,559,560,561,562,563,564,565,777,858,931,1119,1120,
581;1;5561;5682;1;32,70,125,126,127,129,132,133,134,135,138,140,153,186,252,262,293,303,320,327,332,334,335,336,337,338,339,340,341,342,343,344,345,346,347,371,382,383,384,393,402,436,444,448,478,533,537,538,539,540,541,542,543,544,545,546,547,548,549,550,551,552,553,554,555,556,557,558,559,560,561,562,563,564,565,777,858,931,1119,1120,
481;0;5682;5842;1;32,70,125,126,127,129,132,133,134,135,138,140,153,186,252,262,293,303,320,327,332,334,335,336,337,338,339,340,341,342,343,344,345,346,347,371,382,383,384,393,402,436,444,448,478,533,537,538,539,540,541,542,543,544,545,546,547,548,549,550,551,552,553,554,555,556,557,558,559,560,561,562,563,564,565,777,858,931,1119,1120,
481;1;5842;5915;1;32,70,125,126,127,129,132,133,134,135,138,140,153,186,252,262,293,303,320,327,332,334,335,336,337,338,339,340,341,342,343,344,345,346,347,371,382,383,384,393,402,436,444,448,478,533,537,538,539,540,541,542,543,544,545,546,547,548,549,550,551,552,553,554,555,556,557,558,559,560,561,562,563,564,565,777,858,931,1119,1120,
401;0;5915;6074;1;27,32,70,125,126,127,129,132,133,134,135,138,140,153,186,252,262,293,303,307,320,327,332,334,335,336,337,338,339,340,341,342,343,344,345,346,347,368,371,382,383,384,393,402,436,444,448,478,485,533,537,538,539,540,541,542,543,544,545,546,547,548,549,550,551,596,613,710,713,777,858,931,943,944,945,946,947,948,1119,1120,
401;1;6074;6163;1;27,32,70,125,126,127,129,132,133,134,135,138,140,153,186,252,262,293,303,307,320,327,332,334,335,336,337,338,339,340,341,342,343,344,345,346,347,368,371,382,383,384,393,402,436,444,448,478,485,533,537,538,539,540,541,542,543,544,545,546,547,548,549,550,551,596,613,710,713,777,858,931,943,944,945,946,947,948,1119,1120,
614;0;6163;6183;1;27,32,70,125,126,127,129,132,133,134,135,138,140,153,186,252,262,293,303,307,320,327,332,334,335,336,337,338,339,340,341,342,343,344,345,346,347,368,371,382,383,384,393,402,436,444,448,478,485,533,537,538,539,540,541,542,543,544,545,546,547,548,549,550,551,596,613,710,713,777,858,931,943,944,945,946,947,948,1119,1120,
614;1;6183;6272;1;27,32,70,125,126,127,129,132,133,134,135,138,140,153,186,252,262,293,303,307,320,327,332,334,335,336,337,338,339,340,341,342,343,344,345,346,347,368,371,382,383,384,393,402,436,444,448,478,485,533,537,538,539,540,541,542,543,544,545,546,547,548,549,550,551,596,613,710,713,777,858,931,943,944,945,946,947,948,1119,1120,
724;0;6272;6353;1;27,32,70,125,126,127,129,132,133,134,135,138,140,153,186,252,262,293,303,307,320,327,332,334,335,336,337,338,339,340,341,342,343,344,345,346,347,368,371,382,383,384,393,402,436,444,448,478,485,533,537,538,539,540,541,542,543,544,545,546,547,548,549,550,551,596,613,710,713,777,858,931,943,944,945,946,947,948,1119,1120,
724;1;6353;6474;1;27,32,70,125,126,127,129,132,133,134,135,138,140,153,186,252,262,293,303,307,320,327,332,334,335,336,337,338,339,340,341,342,343,344,345,346,347,368,371,382,383,384,393,402,436,444,448,478,485,533,537,538,539,540,541,542,543,544,545,546,547,548,549,550,551,596,613,710,713,777,858,931,943,944,945,946,947,948,1119,1120,
741;0;6474;6534;1;32,125,126,127,129,132,133,134,135,138,140,186,187,252,262,293,320,327,332,334,335,336,337,338,339,340,341,342,343,344,345,346,347,366,368,371,382,383,384,421,422,426,427,428,429,430,431,432,433,434,435,448,449,505,548,601,621,622,722,796,858,931,1119,1120,1203,1265,1266,1267,1268,1442,1443,1444,1445,1446,1447,1448,1449,1450,1451,1452,
741;1;6534;6538;1;32,125,126,127,129,132,133,134,135,138,140,186,187,252,262,293,320,327,332,334,335,336,337,338,339,340,341,342,343,344,345,346,347,366,368,371,382,383,384,421,422,426,427,428,429,430,431,432,433,434,435,448,449,505,548,601,621,622,722,796,858,931,1119,1120,1203,1265,1266,1267,1268,1442,1443,1444,1445,1446,1447,1448,1449,1450,1451,1452,
278;0;6538;6686;0;32,125,126,127,129,132,133,134,135,138,140,186,187,252,262,293,320,327,332,334,335,336,337,338,339,340,341,342,343,344,345,346,347,366,368,371,382,383,384,421,422,426,427,428,429,430,431,432,433,434,435,448,449,505,548,601,621,622,722,796,858,931,1119,1120,1203,1265,1266,1267,1268,1442,1443,1444,1445,1446,1447,1448,1449,1450,1451,1452,
278;1;6686;6695;0;32,125,126,127,129,132,133,134,135,138,140,186,187,252,262,293,320,327,332,334,335,336,337,338,339,340,341,342,343,344,345,346,347,366,368,371,382,383,384,421,422,426,427,428,429,430,431,432,433,434,435,448,449,505,548,601,621,622,722,796,858,931,1119,1120,1203,1265,1266,1267,1268,1442,1443,1444,1445,1446,1447,1448,1449,1450,1451,1452,
426;0;6695;6779;1;32,125,126,127,129,132,133,134,135,138,140,186,187,252,262,293,320,327,332,334,335,336,337,338,339,340,341,342,343,344,345,346,347,366,368,371,382,383,384,421,422,426,427,428,429,430,431,432,433,434,435,448,449,505,548,601,621,622,722,796,858,931,1119,1120,1203,1265,1266,1267,1268,1442,1443,1444,1445,1446,1447,1448,1449,1450,1451,1452,
426;1;6779;6852;1;32,125,126,127,129,132,133,134,135,138,140,186,187,252,262,293,320,327,332,334,335,336,337,338,339,340,341,342,343,344,345,346,347,366,368,371,382,383,384,421,422,426,427,428,429,430,431,432,433,434,435,448,449,505,548,601,621,622,722,796,858,931,1119,1120,1203,1265,1266,1267,1268,1442,1443,1444,1445,1446,1447,1448,1449,1450,1451,1452,
356;0;6852;6950;1;32,125,126,127,129,132,133,134,135,138,140,186,187,252,262,293,320,327,332,334,335,336,337,338,339,340,341,342,343,344,345,346,347,366,368,371,382,383,384,421,422,426,427,428,429,430,431,432,433,434,435,448,449,505,548,601,621,622,722,796,858,931,1119,1120,1203,1265,1266,1267,1268,1442,1443,1444,1445,1446,1447,1448,1449,1450,1451,1452,
356;1;6950;7038;1;32,125,126,127,129,132,133,134,135,138,140,186,187,252,262,293,320,327,332,334,335,336,337,338,339,340,341,342,343,344,345,346,347,366,368,371,382,383,384,421,422,426,427,428,429,430,431,432,433,434,435,448,449,505,548,601,621,622,722,796,858,931,1119,1120,1203,1265,1266,1267,1268,1442,1443,1444,1445,1446,1447,1448,1449,1450,1451,1452,
37;0;7038;7088;0;32,125,126,127,129,132,133,134,135,138,140,186,187,252,262,293,320,327,332,334,335,336,337,338,339,340,341,342,343,344,345,346,347,366,368,371,382,383,384,421,422,426,427,428,429,430,431,432,433,434,435,448,449,505,548,601,621,622,722,796,858,931,1119,1120,1203,1265,1266,1267,1268,1442,1443,1444,1445,1446,1447,1448,1449,1450,1451,1452,
318;0;7088;7141;0;32,125,126,127,129,132,133,134,135,138,140,186,187,252,262,293,320,327,332,334,335,336,337,338,339,340,341,342,343,344,345,346,347,366,368,371,382,383,384,421,422,426,427,428,429,430,431,432,433,434,435,448,449,505,548,601,621,622,722,796,858,931,1119,1120,1203,1265,1266,1267,1268,1442,1443,1444,1445,1446,1447,1448,1449,1450,1451,1452,
318;1;7141;7225;0;32,125,126,127,129,132,133,134,135,138,140,186,187,252,262,293,320,327,332,334,335,336,337,338,339,340,341,342,343,344,345,346,347,366,368,371,382,383,384,421,422,426,427,428,429,430,431,432,433,434,435,448,449,505,548,601,621,622,722,796,858,931,1119,1120,1203,1265,1266,1267,1268,1442,1443,1444,1445,1446,1447,1448,1449,1450,1451,1452,
438;0;7225;7274;0;32,125,126,127,129,132,133,134,135,138,140,186,187,252,262,293,320,327,332,334,335,336,337,338,339,340,341,342,343,344,345,346,347,366,368,371,382,383,384,421,422,426,427,428,429,430,431,432,433,434,435,448,449,505,548,601,621,622,722,796,858,931,1119,1120,1203,1265,1266,1267,1268,1442,1443,1444,1445,1446,1447,1448,1449,1450,1451,1452,
438;1;7274;7347;0;32,125,126,127,129,132,133,134,135,138,140,186,187,252,262,293,320,327,332,334,335,336,337,338,339,340,341,342,343,344,345,346,347,366,368,371,382,383,384,421,422,426,427,428,429,430,431,432,433,434,435,448,449,505,548,601,621,622,722,796,858,931,1119,1120,1203,1265,1266,1267,1268,1442,1443,1444,1445,1446,1447,1448,1449,1450,1451,1452,
215;0;7347;7397;0;32,125,126,127,129,132,133,134,135,138,140,186,187,252,262,293,320,327,332,334,335,336,337,338,339,340,341,342,343,344,345,346,347,366,368,371,382,383,384,421,422,426,427,428,429,430,431,432,433,434,435,448,449,505,548,601,621,622,722,796,858,931,1119,1120,1203,1265,1266,1267,1268,1442,1443,1444,1445,1446,1447,1448,1449,1450,1451,1452,
714;0;7397;7536;1;32,125,126,127,129,132,133,134,135,138,140,186,187,252,262,293,320,327,332,334,335,336,337,338,339,340,341,342,343,344,345,346,347,366,368,371,382,383,384,421,422,426,427,428,429,430,431,432,433,434,435,448,449,505,548,601,621,622,722,796,858,931,1119,1120,1203,1265,1266,1267,1268,1442,1443,1444,1445,1446,1447,1448,1449,1450,1451,1452,
714;1;7536;7624;1;32,125,126,127,129,132,133,134,135,138,140,186,187,252,262,293,320,327,332,334,335,336,337,338,339,340,341,342,343,344,345,346,347,366,368,371,382,383,384,421,422,426,427,428,429,430,431,432,433,434,435,448,449,505,548,601,621,622,722,796,858,931,1119,1120,1203,1265,1266,1267,1268,1442,1443,1444,1445,1446,1447,1448,1449,1450,1451,1452,
521;0;7624;7657;1;32,125,126,127,129,132,133,134,135,138,140,186,187,252,262,293,320,327,332,334,335,336,337,338,339,340,341,342,343,344,345,346,347,366,368,371,382,383,384,421,422,426,427,428,429,430,431,432,433,434,435,448,449,505,548,601,621,622,722,796,858,931,1119,1120,1203,1265,1266,1267,1268,1442,1443,1444,1445,1446,1447,1448,1449,1450,1451,1452,
521;1;7657;7745;1;32,125,126,127,129,132,133,134,135,138,140,186,187,252,262,293,320,327,332,334,335,336,337,338,339,340,341,342,343,344,345,346,347,366,368,371,382,383,384,421,422,426,427,428,429,430,431,432,433,434,435,448,449,505,548,601,621,622,722,796,858,931,1119,1120,1203,1265,1266,1267,1268,1442,1443,1444,1445,1446,1447,1448,1449,1450,1451,1452,
195;0;7745;7749;0;32,125,126,127,129,132,133,134,135,138,140,186,187,252,262,293,320,327,332,334,335,336,337,338,339,340,341,342,343,344,345,346,347,366,368,371,382,383,384,421,422,426,427,428,429,430,431,432,433,434,435,448,449,505,548,601,621,622,722,796,858,931,1119,1120,1203,1265,1266,1267,1268,1442,1443,1444,1445,1446,1447,1448,1449,1450,1451,1452,
86;0;7749;7783;1;32,126,127,129,132,134,138,140,186,187,252,262,293,320,327,335,336,337,339,341,342,345,346,347,360,371,382,383,384,405,421,422,426,427,428,429,430,431,432,433,434,435,520,530,532,605,626,654,722,780,814,815,816,817,818,819,820,821,822,858,931,932,933,934,935,961,1098,1099,1100,1101,1102,1103,1104,1105,1106,1119,1120,1121,1122,1165,
86;1;7783;7958;1;32,126,127,129,132,134,138,140,186,187,252,262,293,320,327,335,336,337,339,341,342,345,346,347,360,371,382,383,384,405,421,422,426,427,428,429,430,431,432,433,434,435,520,530,532,605,626,654,722,780,814,815,816,817,818,819,820,821,822,858,931,932,933,934,935,961,1098,1099,1100,1101,1102,1103,1104,1105,1106,1119,1120,1121,1122,1165,
223;0;7958;8011;0;32,126,127,129,132,134,138,140,186,187,252,262,293,320,327,335,336,337,339,341,342,345,346,347,360,371,382,383,384,405,421,422,426,427,428,429,430,431,432,433,434,435,520,530,532,605,626,654,722,780,814,815,816,817,818,819,820,821,822,858,931,932,933,934,935,961,1098,1099,1100,1101,1102,1103,1104,1105,1106,1119,1120,1121,1122,1165,
223;1;8011;8023;0;32,126,127,129,132,134,138,140,186,187,252,262,293,320,327,335,336,337,339,341,342,345,346,347,360,371,382,383,384,405,421,422,426,427,428,429,430,431,432,433,434,435,520,530,532,605,626,654,722,780,814,815,816,817,818,819,820,821,822,858,931,932,933,934,935,961,1098,1099,1100,1101,1102,1103,1104,1105,1106,1119,1120,1121,1122,1165,
439;0;8023;8106;1;32,126,127,129,132,134,138,140,186,187,252,262,293,320,327,335,336,337,339,341,342,345,346,347,360,371,382,383,384,405,421,422,426,427,428,429,430,431,432,433,434,435,520,530,532,605,626,654,722,780,814,815,816,817,818,819,820,821,822,858,931,932,933,934,935,961,1098,1099,1100,1101,1102,1103,1104,1105,1106,1119,1120,1121,1122,1165,
439;1;8106;8245;1;32,126,127,129,132,134,138,140,186,187,252,262,293,320,327,335,336,337,339,341,342,345,346,347,360,371,382,383,384,405,421,422,426,427,428,429,430,431,432,433,434,435,520,530,532,605,626,654,722,780,814,815,816,817,818,819,820,821,822,858,931,932,933,934,935,961,1098,1099,1100,1101,1102,1103,1104,1105,1106,1119,1120,1121,1122,1165,
380;0;8245;8257;0;32,126,127,129,132,134,138,140,186,187,252,262,293,320,327,335,336,337,339,341,342,345,346,347,360,371,382,383,384,405,421,422,426,427,428,429,430,431,432,433,434,435,520,530,532,605,626,654,722,780,814,815,816,817,818,819,820,821,822,858,931,932,933,934,935,961,1098,1099,1100,1101,1102,1103,1104,1105,1106,1119,1120,1121,1122,1165,
209;0;8257;8407;1;32,126,127,129,132,134,138,140,186,187,252,262,293,320,327,335,336,337,339,341,342,345,346,347,360,371,382,383,384,405,421,422,426,427,428,429,430,431,432,433,434,435,520,530,532,605,626,654,722,780,814,815,816,817,818,819,820,821,822,858,931,932,933,934,935,961,1098,1099,1100,1101,1102,1103,1104,1105,1106,1119,1120,1121,1122,1165,
209;1;8407;8443;1;32,126,127,129,132,134,138,140,186,187,252,262,293,320,327,335,336,337,339,341,342,345,346,347,360,371,382,383,384,405,421,422,426,427,428,429,430,431,432,433,434,435,520,530,532,605,626,654,722,780,814,815,816,817,818,819,820,821,822,858,931,932,933,934,935,961,1098,1099,1100,1101,1102,1103,1104,1105,1106,1119,1120,1121,1122,1165,
371;0;8443;8461;1;32,126,127,129,132,134,138,140,186,187,252,262,293,320,327,335,336,337,339,341,342,345,346,347,360,371,382,383,384,405,421,422,426,427,428,429,430,431,432,433,434,435,520,530,532,605,626,654,722,780,814,815,816,817,818,819,820,821,822,858,931,932,933,934,935,961,1098,1099,1100,1101,1102,1103,1104,1105,1106,1119,1120,1121,1122,1165,
371;1;8461;8592;1;32,126,127,129,132,134,138,140,186,187,252,262,293,320,327,335,336,337,339,341,342,345,346,347,360,371,382,383,384,405,421,422,426,427,428,429,430,431,432,433,434,435,520,530,532,605,626,654,722,780,814,815,816,817,818,819,820,821,822,858,931,932,933,934,935,961,1098,1099,1100,1101,1102,1103,1104,1105,1106,1119,1120,1121,1122,1165,
35;0;8592;8596;0;32,126,127,129,132,134,138,140,186,187,252,262,293,320,327,335,336,337,339,341,342,345,346,347,360,371,382,383,384,405,421,422,426,427,428,429,430,431,432,433,434,435,520,530,532,605,626,654,722,780,814,815,816,817,818,819,820,821,822,858,931,932,933,934,935,961,1098,1099,1100,1101,1102,1103,1104,1105,1106,1119,1120,1121,1122,1165,
653;0;8596;8611;0;32,126,127,129,132,134,138,140,186,187,252,262,293,320,327,335,336,337,339,341,342,345,346,347,360,371,382,383,384,405,421,422,426,427,428,429,430,431,432,433,434,435,520,530,532,605,626,654,722,780,814,815,816,817,818,819,820,821,822,858,931,932,933,934,935,961,1098,1099,1100,1101,1102,1103,1104,1105,1106,1119,1120,1121,1122,1165,
653;1;8611;8623;0;32,126,127,129,132,134,138,140,186,187,252,262,293,320,327,335,336,337,339,341,342,345,346,347,360,371,382,383,384,405,421,422,426,427,428,429,430,431,432,433,434,435,520,530,532,605,626,654,722,780,814,815,816,817,818,819,820,821,822,858,931,932,933,934,935,961,1098,1099,1100,1101,1102,1103,1104,1105,1106,1119,1120,1121,1122,1165,
652;0;8623;8707;0;32,126,127,129,132,134,138,140,186,187,252,262,293,320,327,335,336,337,339,341,342,345,346,347,360,371,382,383,384,405,421,422,426,427,428,429,430,431,432,433,434,435,520,530,532,605,626,654,722,780,814,815,816,817,818,819,820,821,822,858,931,932,933,934,935,961,1098,1099,1100,1101,1102,1103,1104,1105,1106,1119,1120,1121,1122,1165,
429;0;8707;8803;1;32,126,127,129,132,134,138,140,186,187,252,262,293,320,327,335,336,337,339,341,342,345,346,347,360,371,382,383,384,405,421,422,426,427,428,429,430,431,432,433,434,435,520,530,532,605,626,654,722,780,814,815,816,817,818,819,820,821,822,858,931,932,933,934,935,961,1098,1099,1100,1101,1102,1103,1104,1105,1106,1119,1120,1121,1122,1165,
429;1;8803;8942;1;32,126,127,129,132,134,138,140,186,187,252,262,293,320,327,335,336,337,339,341,342,345,346,347,360,371,382,383,384,405,421,422,426,427,428,429,430,431,432,433,434,435,520,530,532,605,626,654,722,780,814,815,816,817,818,819,820,821,822,858,931,932,933,934,935,961,1098,1099,1100,1101,1102,1103,1104,1105,1106,1119,1120,1121,1122,1165,
479;0;8942;8974;1;32,126,127,129,132,134,138,140,186,187,252,262,293,320,327,335,336,337,339,341,342,345,346,347,360,371,382,383,384,405,421,422,426,427,428,429,430,431,432,433,434,435,520,530,532,605,626,654,722,780,814,815,816,817,818,819,820,821,822,858,931,932,933,934,935,961,1098,1099,1100,1101,1102,1103,1104,1105,1106,1119,1120,1121,1122,1165,
479;1;8974;9149;1;32,126,127,129,132,134,138,140,186,187,252,262,293,320,327,335,336,337,339,341,342,345,346,347,360,371,382,383,384,405,421,422,426,427,428,429,430,431,432,433,434,435,520,530,532,605,626,654,722,780,814,815,816,817,818,819,820,821,822,858,931,932,933,934,935,961,1098,1099,1100,1101,1102,1103,1104,1105,1106,1119,1120,1121,1122,1165,
331;0;9149;9267;1;32,126,127,132,134,138,140,185,186,187,188,189,190,191,192,193,252,262,263,266,293,320,327,335,336,337,339,341,345,346,347,360,371,382,420,421,422,426,427,428,429,430,431,432,433,434,435,456,496,501,520,605,617,626,654,722,723,724,725,726,727,728,729,858,935,961,1098,1099,1100,1101,1102,1103,1104,1105,1106,1119,1120,1121,1122,1165,
331;1;9267;9398;1;32,126,127,132,134,138,140,185,186,187,188,189,190,191,192,193,252,262,263,266,293,320,327,335,336,337,339,341,345,346,347,360,371,382,420,421,422,426,427,428,429,430,431,432,433,434,435,456,496,501,520,605,617,626,654,722,723,724,725,726,727,728,729,858,935,961,1098,1099,1100,1101,1102,1103,1104,1105,1106,1119,1120,1121,1122,1165,
352;0;9398;9402;0;32,126,127,132,134,138,140,185,186,187,188,189,190,191,192,193,252,262,263,266,293,320,327,335,336,337,339,341,345,346,347,360,371,382,420,421,422,426,427,428,429,430,431,432,433,434,435,456,496,501,520,605,617,626,654,722,723,724,725,726,727,728,729,858,935,961,1098,1099,1100,1101,1102,1103,1104,1105,1106,1119,1120,1121,1122,1165,
599;0;9402;9550;1;32,126,127,132,134,138,140,185,186,187,188,189,190,191,192,193,252,262,263,266,293,320,327,335,336,337,339,341,345,346,347,360,371,382,420,421,422,426,427,428,429,430,431,432,433,434,435,456,496,501,520,605,617,626,654,722,723,724,725,726,727,728,729,858,935,961,1098,1099,1100,1101,1102,1103,1104,1105,1106,1119,1120,1121,1122,1165,
599;1;9550;9634;1;32,126,127,132,134,138,140,185,186,187,188,189,190,191,192,193,252,262,263,266,293,320,327,335,336,337,339,341,345,346,347,360,371,382,420,421,422,426,427,428,429,430,431,432,433,434,435,456,496,501,520,605,617,626,654,722,723,724,725,726,727,728,729,858,935,961,1098,1099,1100,1101,1102,1103,1104,1105,1106,1119,1120,1121,1122,1165,
709;0;9634;9707;1;32,126,127,132,134,138,140,185,186,187,188,189,190,191,192,193,252,262,263,266,293,320,327,335,336,337,339,341,345,346,347,360,371,382,420,421,422,426,427,428,429,430,431,432,433,434,435,456,496,501,520,605,617,626,654,722,723,724,725,726,727,728,729,858,935,961,1098,1099,1100,1101,1102,1103,1104,1105,1106,1119,1120,1121,1122,1165,
709;1;9707;9854;1;32,126,127,132,134,138,140,185,186,187,188,189,190,191,192,193,252,262,263,266,293,320,327,335,336,337,339,341,345,346,347,360,371,382,420,421,422,426,427,428,429,430,431,432,433,434,435,456,496,501,520,605,617,626,654,722,723,724,725,726,727,728,729,858,935,961,1098,1099,1100,1101,1102,1103,1104,1105,1106,1119,1120,1121,1122,1165,
169;0;9854;9864;1;32,126,127,132,134,138,140,185,186,187,188,189,190,191,192,193,252,262,263,266,293,320,327,335,336,337,339,341,345,346,347,360,371,382,420,421,422,426,427,428,429,430,431,432,433,434,435,456,496,501,520,605,617,626,654,722,723,724,725,726,727,728,729,858,935,961,1098,1099,1100,1101,1102,1103,1104,1105,1106,1119,1120,1121,1122,1165,
169;1;9864;10003;1;32,126,127,132,134,138,140,185,186,187,188,189,190,191,192,193,252,262,263,266,293,320,327,335,336,337,339,341,345,346,347,360,371,382,420,421,422,426,427,428,429,430,431,432,433,434,435,456,496,501,520,605,617,626,654,722,723,724,725,726,727,728,729,858,935,961,1098,1099,1100,1101,1102,1103,1104,1105,1106,1119,1120,1121,1122,1165,
250;0;10003;10039;0;32,126,127,132,134,138,140,185,186,187,188,189,190,191,192,193,252,262,263,266,293,320,327,335,336,337,339,341,345,346,347,360,371,382,420,421,422,426,427,428,429,430,431,432,433,434,435,456,496,501,520,605,617,626,654,722,723,724,725,726,727,728,729,858,935,961,1098,1099,1100,1101,1102,1103,1104,1105,1106,1119,1120,1121,1122,1165,
332;0;10039;10043;0;32,126,127,132,134,138,140,185,186,187,188,189,190,191,192,193,252,262,263,266,293,320,327,335,336,337,339,341,345,346,347,360,371,382,420,421,422,426,427,428,429,430,431,432,433,434,435,456,496,501,520,605,617,626,654,722,723,724,725,726,727,728,729,858,935,961,1098,1099,1100,1101,1102,1103,1104,1105,1106,1119,1120,1121,1122,1165,
330;0;10043;10079;0;32,126,127,132,134,138,140,185,186,187,188,189,190,191,192,193,252,262,263,266,293,320,327,335,336,337,339,341,345,346,347,360,371,382,420,421,422,426,427,428,429,430,431,432,433,434,435,456,496,501,520,605,617,626,654,722,723,724,725,726,727,728,729,858,935,961,1098,1099,1100,1101,1102,1103,1104,1105,1106,1119,1120,1121,1122,1165,
Machine: 3
522;0;0;4;0;0,1,2,3,4,5,32,44,51,52,54,65,67,70,71,72,73,74,75,76,77,78,79,80,81,82,83,84,85,86,87,88,89,90,91,92,93,105,112,113,114,115,116,117,118,119,120,121,132,138,140,156,186,327,335,337,366,369,370,371,382,383,384,406,566,698,699,700,701,702,703,949,1007,1028,1123,1124,1125,1147,1409,1508,
486;0;4;63;1;0,1,2,3,4,5,32,44,51,52,54,65,67,70,71,72,73,74,75,76,77,78,79,80,81,82,83,84,85,86,87,88,89,90,91,92,93,105,112,113,114,115,116,117,118,119,120,121,132,138,140,156,186,327,335,337,366,369,370,371,382,383,384,406,566,698,699,700,701,702,703,949,1007,1028,1123,1124,1125,1147,1409,1508,
486;1;63;150;1;0,1,2,3,4,5,32,44,51,52,54,65,67,70,71,72,73,74,75,76,77,78,79,80,81,82,83,84,85,86,87,88,89,90,91,92,93,105,112,113,114,115,116,117,118,119,120,121,132,138,140,156,186,327,335,337,366,369,370,371,382,383,384,406,566,698,699,700,701,702,703,949,1007,1028,1123,1124,1125,1147,1409,1508,
329;0;150;228;1;0,1,2,3,4,5,32,44,51,52,54,65,67,70,71,72,73,74,75,76,77,78,79,80,81,82,83,84,85,86,87,88,89,90,91,92,93,105,112,113,114,115,116,117,118,119,120,121,132,138,140,156,186,327,335,337,366,369,370,371,382,383,384,406,566,698,699,700,701,702,703,949,1007,1028,1123,1124,1125,1147,1409,1508,
329;1;228;364;1;0,1,2,3,4,5,32,44,51,52,54,65,67,70,71,72,73,74,75,76,77,78,79,80,81,82,83,84,85,86,87,88,89,90,91,92,93,105,112,113,114,115,116,117,118,119,120,121,132,138,140,156,186,327,335,337,366,369,370,371,382,383,384,406,566,698,699,700,701,702,703,949,1007,1028,1123,1124,1125,1147,1409,1508,
354;0;364;438;1;0,1,2,3,4,5,32,44,51,52,54,65,67,70,71,72,73,74,75,76,77,78,79,80,81,82,83,84,85,86,87,88,89,90,91,92,93,105,112,113,114,115,116,117,118,119,120,121,132,138,140,156,186,327,335,337,366,369,370,371,382,383,384,406,566,698,699,700,701,702,703,949,1007,1028,1123,1124,1125,1147,1409,1508,
354;1;438;588;1;0,1,2,3,4,5,32,44,51,52,54,65,67,70,71,72,73,74,75,76,77,78,79,80,81,82,83,84,85,86,87,88,89,90,91,92,93,105,112,113,114,115,116,117,118,119,120,121,132,138,140,156,186,327,335,337,366,369,370,371,382,383,384,406,566,698,699,700,701,702,703,949,1007,1028,1123,1124,1125,1147,1409,1508,
542;0;588;592;0;0,1,2,3,4,5,32,44,51,52,54,65,67,70,71,72,73,74,75,76,77,78,79,80,81,82,83,84,85,86,87,88,89,90,91,92,93,105,112,113,114,115,116,117,118,119,120,121,132,138,140,156,186,327,335,337,366,369,370,371,382,383,384,406,566,698,699,700,701,702,703,949,1007,1028,1123,1124,1125,1147,1409,1508,
76;0;592;705;1;0,1,2,3,4,5,32,44,51,52,54,65,67,70,71,72,73,74,75,76,77,78,79,80,81,82,83,84,85,86,87,88,89,90,91,92,93,105,112,113,114,115,116,117,118,119,120,121,132,138,140,156,186,327,335,337,366,369,370,371,382,383,384,406,566,698,699,700,701,702,703,949,1007,1028,1123,1124,1125,1147,1409,1508,
76;1;705;841;1;0,1,2,3,4,5,32,44,51,52,54,65,67,70,71,72,73,74,75,76,77,78,79,80,81,82,83,84,85,86,87,88,89,90,91,92,93,105,112,113,114,115,116,117,118,119,120,121,132,138,140,156,186,327,335,337,366,369,370,371,382,383,384,406,566,698,699,700,701,702,703,949,1007,1028,1123,1124,1125,1147,1409,1508,
579;0;841;940;1;0,1,2,3,4,5,32,44,51,52,54,65,67,70,71,72,73,74,75,76,77,78,79,80,81,82,83,84,85,86,87,88,89,90,91,92,93,105,112,113,114,115,116,117,118,119,120,121,132,138,140,156,186,327,335,337,366,369,370,371,382,383,384,406,566,698,699,700,701,702,703,949,1007,1028,1123,1124,1125,1147,1409,1508,
579;1;940;1110;1;0,1,2,3,4,5,32,44,51,52,54,65,67,70,71,72,73,74,75,76,77,78,79,80,81,82,83,84,85,86,87,88,89,90,91,92,93,105,112,113,114,115,116,117,118,119,120,121,132,138,140,156,186,327,335,337,366,369,370,371,382,383,384,406,566,698,699,700,701,702,703,949,1007,1028,1123,1124,1125,1147,1409,1508,
89;0;1110;1129;1;0,1,2,3,4,5,32,44,51,52,54,65,67,70,71,72,73,74,75,76,77,78,79,80,81,82,83,84,85,86,87,88,89,90,91,92,93,105,112,113,114,115,116,117,118,119,120,121,132,138,140,156,186,327,335,337,366,369,370,371,382,383,384,406,566,698,699,700,701,702,703,949,1007,1028,1123,1124,1125,1147,1409,1508,
89;1;1129;1213;1;0,1,2,3,4,5,32,44,51,52,54,65,67,70,71,72,73,74,75,76,77,78,79,80,81,82,83,84,85,86,87,88,89,90,91,92,93,105,112,113,114,115,116,117,118,119,120,121,132,138,140,156,186,327,335,337,366,369,370,371,382,383,384,406,566,698,699,700,701,702,703,949,1007,1028,1123,1124,1125,1147,1409,1508,
238;0;1213;1290;0;0,1,2,3,4,5,32,44,51,52,54,65,67,70,71,72,73,74,75,76,77,78,79,80,81,82,83,84,85,86,87,88,89,90,91,92,93,105,112,113,114,115,116,117,118,119,120,121,132,138,140,156,186,327,335,337,366,369,370,371,382,383,384,406,566,698,699,700,701,702,703,949,1007,1028,1123,1124,1125,1147,1409,1508,
238;1;1290;1380;0;0,1,2,3,4,5,32,44,51,52,54,65,67,70,71,72,73,74,75,76,77,78,79,80,81,82,83,84,85,86,87,88,89,90,91,92,93,105,112,113,114,115,116,117,118,119,120,121,132,138,140,156,186,327,335,337,366,369,370,371,382,383,384,406,566,698,699,700,701,702,703,949,1007,1028,1123,1124,1125,1147,1409,1508,
736;0;1380;1537;1;0,1,2,3,4,5,32,44,51,52,54,65,67,70,71,72,73,74,75,76,77,78,79,80,81,82,83,84,85,86,87,88,89,90,91,92,93,105,112,113,114,115,116,117,118,119,120,121,132,138,140,156,186,327,335,337,366,369,370,371,382,383,384,406,566,698,699,700,701,702,703,949,1007,1028,1123,1124,1125,1147,1409,1508,
736;1;1537;1621;1;0,1,2,3,4,5,32,44,51,52,54,65,67,70,71,72,73,74,75,76,77,78,79,80,81,82,83,84,85,86,87,88,89,90,91,92,93,105,112,113,114,115,116,117,118,119,120,121,132,138,140,156,186,327,335,337,366,369,370,371,382,383,384,406,566,698,699,700,701,702,703,949,1007,1028,1123,1124,1125,1147,1409,1508,
659;0;1621;1773;1;0,1,2,3,4,5,32,44,51,52,54,65,67,70,71,72,73,74,75,76,77,78,79,80,81,82,83,84,85,86,87,88,89,90,91,92,93,105,112,113,114,115,116,117,118,119,120,121,132,138,140,156,186,327,335,337,366,369,370,371,382,383,384,406,566,698,699,700,701,702,703,949,1007,1028,1123,1124,1125,1147,1409,1508,
659;1;1773;1817;1;0,1,2,3,4,5,32,44,51,52,54,65,67,70,71,72,73,74,75,76,77,78,79,80,81,82,83,84,85,86,87,88,89,90,91,92,93,105,112,113,114,115,116,117,118,119,120,121,132,138,140,156,186,327,335,337,366,369,370,371,382,383,384,406,566,698,699,700,701,702,703,949,1007,1028,1123,1124,1125,1147,1409,1508,
722;0;1817;1861;0;0,1,2,3,4,5,32,44,51,52,54,65,67,70,71,72,73,74,75,76,77,78,79,80,81,82,83,84,85,86,87,88,89,90,91,92,93,105,112,113,114,115,116,117,118,119,120,121,132,138,140,156,186,327,335,337,366,369,370,371,382,383,384,406,566,698,699,700,701,702,703,949,1007,1028,1123,1124,1125,1147,1409,1508,
644;0;1861;1879;1;0,1,2,3,4,5,32,44,51,52,54,65,67,70,71,72,73,74,75,76,77,78,79,80,81,82,83,84,85,86,87,88,89,90,91,92,93,105,112,113,114,115,116,117,118,119,120,121,132,138,140,156,186,327,335,337,366,369,370,371,382,383,384,406,566,698,699,700,701,702,703,949,1007,1028,1123,1124,1125,1147,1409,1508,
644;1;1879;1945;1;0,1,2,3,4,5,32,44,51,52,54,65,67,70,71,72,73,74,75,76,77,78,79,80,81,82,83,84,85,86,87,88,89,90,91,92,93,105,112,113,114,115,116,117,118,119,120,121,132,138,140,156,186,327,335,337,366,369,370,371,382,383,384,406,566,698,699,700,701,702,703,949,1007,1028,1123,1124,1125,1147,1409,1508,
326;0;1945;2060;1;0,1,2,3,4,5,32,44,51,52,54,65,67,70,71,72,73,74,75,76,77,78,79,80,81,82,83,84,85,86,87,88,89,90,91,92,93,105,112,113,114,115,116,117,118,119,120,121,132,138,140,156,186,327,335,337,366,369,370,371,382,383,384,406,566,698,699,700,701,702,703,949,1007,1028,1123,1124,1125,1147,1409,1508,
326;1;2060;2210;1;0,1,2,3,4,5,32,44,51,52,54,65,67,70,71,72,73,74,75,76,77,78,79,80,81,82,83,84,85,86,87,88,89,90,91,92,93,105,112,113,114,115,116,117,118,119,120,121,132,138,140,156,186,327,335,337,366,369,370,371,382,383,384,406,566,698,699,700,701,702,703,949,1007,1028,1123,1124,1125,1147,1409,1508,
393;0;2210;2249;0;0,1,2,3,4,5,32,44,51,52,54,65,67,70,71,72,73,74,75,76,77,78,79,80,81,82,83,84,85,86,87,88,89,90,91,92,93,105,112,113,114,115,116,117,118,119,120,121,132,138,140,156,186,327,335,337,366,369,370,371,382,383,384,406,566,698,699,700,701,702,703,949,1007,1028,1123,1124,1125,1147,1409,1508,
393;1;2249;2279;0;0,1,2,3,4,5,32,44,51,52,54,65,67,70,71,72,73,74,75,76,77,78,79,80,81,82,83,84,85,86,87,88,89,90,91,92,93,105,112,113,114,115,116,117,118,119,120,121,132,138,140,156,186,327,335,337,366,369,370,371,382,383,384,406,566,698,699,700,701,702,703,949,1007,1028,1123,1124,1125,1147,1409,1508,
580;0;2279;2345;0;0,1,2,3,4,5,32,44,51,52,54,65,67,70,71,72,73,74,75,76,77,78,79,80,81,82,83,84,85,86,87,88,89,90,91,92,93,105,112,113,114,115,116,117,118,119,120,121,132,138,140,156,186,327,335,337,366,369,370,371,382,383,384,406,566,698,699,700,701,702,703,949,1007,1028,1123,1124,1125,1147,1409,1508,
106;0;2345;2456;1;0,1,2,3,4,5,32,44,51,52,54,65,67,70,71,72,73,74,75,76,77,78,79,80,81,82,83,84,85,86,87,88,89,90,91,92,93,105,112,113,114,115,116,117,118,119,120,121,132,138,140,156,186,327,335,337,366,369,370,371,382,383,384,406,566,698,699,700,701,702,703,949,1007,1028,1123,1124,1125,1147,1409,1508,
106;1;2456;2618;1;0,1,2,3,4,5,32,44,51,52,54,65,67,70,71,72,73,74,75,76,77,78,79,80,81,82,83,84,85,86,87,88,89,90,91,92,93,105,112,113,114,115,116,117,118,119,120,121,132,138,140,156,186,327,335,337,366,369,370,371,382,383,384,406,566,698,699,700,701,702,703,949,1007,1028,1123,1124,1125,1147,1409,1508,
376;0;2618;2727;1;0,1,2,3,4,5,32,44,51,52,54,65,67,70,71,72,73,74,75,76,77,78,79,80,81,82,83,84,85,86,87,88,89,90,91,92,93,105,112,113,114,115,116,117,118,119,120,121,132,138,140,156,186,327,335,337,366,369,370,371,382,383,384,406,566,698,699,700,701,702,703,949,1007,1028,1123,1124,1125,1147,1409,1508,
376;1;2727;2793;1;0,1,2,3,4,5,32,44,51,52,54,65,67,70,71,72,73,74,75,76,77,78,79,80,81,82,83,84,85,86,87,88,89,90,91,92,93,105,112,113,114,115,116,117,118,119,120,121,132,138,140,156,186,327,335,337,366,369,370,371,382,383,384,406,566,698,699,700,701,702,703,949,1007,1028,1123,1124,1125,1147,1409,1508,
744;0;2793;2827;1;0,1,2,3,4,5,32,44,51,52,54,65,67,70,71,72,73,74,75,76,77,78,79,80,81,82,83,84,85,86,87,88,89,90,91,92,93,105,112,113,114,115,116,117,118,119,120,121,132,138,140,156,186,327,335,337,366,369,370,371,382,383,384,406,566,698,699,700,701,702,703,949,1007,1028,1123,1124,1125,1147,1409,1508,
744;1;2827;2914;1;0,1,2,3,4,5,32,44,51,52,54,65,67,70,71,72,73,74,75,76,77,78,79,80,81,82,83,84,85,86,87,88,89,90,91,92,93,105,112,113,114,115,116,117,118,119,120,121,132,138,140,156,186,327,335,337,366,369,370,371,382,383,384,406,566,698,699,700,701,702,703,949,1007,1028,1123,1124,1125,1147,1409,1508,
257;0;2914;2944;0;0,1,2,3,4,5,32,44,51,52,54,65,67,70,71,72,73,74,75,76,77,78,79,80,81,82,83,84,85,86,87,88,89,90,91,92,93,105,112,113,114,115,116,117,118,119,120,121,132,138,140,156,186,327,335,337,366,369,370,371,382,383,384,406,566,698,699,700,701,702,703,949,1007,1028,1123,1124,1125,1147,1409,1508,
138;0;2944;2958;0;0,1,2,3,4,5,32,44,51,52,54,65,67,70,71,72,73,74,75,76,77,78,79,80,81,82,83,84,85,86,87,88,89,90,91,92,93,105,112,113,114,115,116,117,118,119,120,121,132,138,140,156,186,327,335,337,366,369,370,371,382,383,384,406,566,698,699,700,701,702,703,949,1007,1028,1123,1124,1125,1147,1409,1508,
138;1;2958;3094;0;0,1,2,3,4,5,32,44,51,52,54,65,67,70,71,72,73,74,75,76,77,78,79,80,81,82,83,84,85,86,87,88,89,90,91,92,93,105,112,113,114,115,116,117,118,119,120,121,132,138,140,156,186,327,335,337,366,369,370,371,382,383,384,406,566,698,699,700,701,702,703,949,1007,1028,1123,1124,1125,1147,1409,1508,
561;0;3094;3223;1;0,1,2,3,4,5,32,44,51,52,54,65,67,70,71,72,73,74,75,76,77,78,79,80,81,82,83,84,85,86,87,88,89,90,91,92,93,105,112,113,114,115,116,117,118,119,120,121,132,138,140,156,186,327,335,337,366,369,370,371,382,383,384,406,566,698,699,700,701,702,703,949,1007,1028,1123,1124,1125,1147,1409,1508,
561;1;3223;3267;1;0,1,2,3,4,5,32,44,51,52,54,65,67,70,71,72,73,74,75,76,77,78,79,80,81,82,83,84,85,86,87,88,89,90,91,92,93,105,112,113,114,115,116,117,118,119,120,121,132,138,140,156,186,327,335,337,366,369,370,371,382,383,384,406,566,698,699,700,701,702,703,949,1007,1028,1123,1124,1125,1147,1409,1508,
603;0;3267;3275;0;0,1,2,3,4,5,32,44,51,52,54,65,67,70,71,72,73,74,75,76,77,78,79,80,81,82,83,84,85,86,87,88,89,90,91,92,93,105,112,113,114,115,116,117,118,119,120,121,132,138,140,156,186,327,335,337,366,369,370,371,382,383,384,406,566,698,699,700,701,702,703,949,1007,1028,1123,1124,1125,1147,1409,1508,
603;1;3275;3411;0;0,1,2,3,4,5,32,44,51,52,54,65,67,70,71,72,73,74,75,76,77,78,79,80,81,82,83,84,85,86,87,88,89,90,91,92,93,105,112,113,114,115,116,117,118,119,120,121,132,138,140,156,186,327,335,337,366,369,370,371,382,383,384,406,566,698,699,700,701,702,703,949,1007,1028,1123,1124,1125,1147,1409,1508,
174;0;3411;3439;1;0,1,2,3,4,5,32,44,51,52,54,65,67,70,71,72,73,74,75,76,77,78,79,80,81,82,83,84,85,86,87,88,89,90,91,92,93,105,112,113,114,115,116,117,118,119,120,121,132,138,140,156,186,327,335,337,366,369,370,371,382,383,384,406,566,698,699,700,701,702,703,949,1007,1028,1123,1124,1125,1147,1409,1508,
174;1;3439;3587;1;0,1,2,3,4,5,32,44,51,52,54,65,67,70,71,72,73,74,75,76,77,78,79,80,81,82,83,84,85,86,87,88,89,90,91,92,93,105,112,113,114,115,116,117,118,119,120,121,132,138,140,156,186,327,335,337,366,369,370,371,382,383,384,406,566,698,699,700,701,702,703,949,1007,1028,1123,1124,1125,1147,1409,1508,
568;0;3587;3642;0;0,1,2,3,4,5,32,48,50,58,67,70,72,78,92,93,105,132,134,138,140,143,147,156,186,225,270,276,277,315,317,318,325,327,332,336,337,341,345,366,369,370,388,415,567,568,569,570,571,572,573,574,575,576,577,578,579,580,581,582,583,584,585,586,587,599,931,1123,1124,1125,1155,1156,1157,1158,1159,1458,1459,1460,1461,1462,
568;1;3642;3738;0;0,1,2,3,4,5,32,48,50,58,67,70,72,78,92,93,105,132,134,138,140,143,147,156,186,225,270,276,277,315,317,318,325,327,332,336,337,341,345,366,369,370,388,415,567,568,569,570,571,572,573,574,575,576,577,578,579,580,581,582,583,584,585,586,587,599,931,1123,1124,1125,1155,1156,1157,1158,1159,1458,1459,1460,1461,1462,
109;0;3738;3790;1;0,1,2,3,4,5,32,48,50,58,67,70,72,78,92,93,105,132,134,138,140,143,147,156,186,225,270,276,277,315,317,318,325,327,332,336,337,341,345,366,369,370,388,415,567,568,569,570,571,572,573,574,575,576,577,578,579,580,581,582,583,584,585,586,587,599,931,1123,1124,1125,1155,1156,1157,1158,1159,1458,1459,1460,1461,1462,
109;1;3790;3899;1;0,1,2,3,4,5,32,48,50,58,67,70,72,78,92,93,105,132,134,138,140,143,147,156,186,225,270,276,277,315,317,318,325,327,332,336,337,341,345,366,369,370,388,415,567,568,569,570,571,572,573,574,575,576,577,578,579,580,581,582,583,584,585,586,587,599,931,1123,1124,1125,1155,1156,1157,1158,1159,1458,1459,1460,1461,1462,
466;0;3899;3948;1;0,1,2,3,4,5,32,48,50,58,67,70,72,78,92,93,105,132,134,138,140,143,147,156,186,225,270,276,277,315,317,318,325,327,332,336,337,341,345,366,369,370,388,415,567,568,569,570,571,572,573,574,575,576,577,578,579,580,581,582,583,584,585,586,587,599,931,1123,1124,1125,1155,1156,1157,1158,1159,1458,1459,1460,1461,1462,
466;1;3948;4103;1;0,1,2,3,4,5,32,48,50,58,67,70,72,78,92,93,105,132,134,138,140,143,147,156,186,225,270,276,277,315,317,318,325,327,332,336,337,341,345,366,369,370,388,415,567,568,569,570,571,572,573,574,575,576,577,578,579,580,581,582,583,584,585,586,587,599,931,1123,1124,1125,1155,1156,1157,1158,1159,1458,1459,1460,1461,1462,
594;0;4103;4135;1;0,1,2,3,4,5,32,48,50,58,67,70,72,78,92,93,105,132,134,138,140,143,147,156,186,225,270,276,277,315,317,318,325,327,332,336,337,341,345,366,369,370,388,415,567,568,569,570,571,572,573,574,575,576,577,578,579,580,581,582,583,584,585,586,587,599,931,1123,1124,1125,1155,1156,1157,1158,1159,1458,1459,1460,1461,1462,
594;1;4135;4291;1;0,1,2,3,4,5,32,48,50,58,67,70,72,78,92,93,105,132,134,138,140,143,147,156,186,225,270,276,277,315,317,318,325,327,332,336,337,341,345,366,369,370,388,415,567,568,569,570,571,572,573,574,575,576,577,578,579,580,581,582,583,584,585,586,587,599,931,1123,1124,1125,1155,1156,1157,1158,1159,1458,1459,1460,1461,1462,
151;0;4291;4396;1;0,1,2,3,4,5,32,48,50,58,67,70,72,78,92,93,105,132,134,138,140,143,147,156,186,225,270,276,277,315,317,318,325,327,332,336,337,341,345,366,369,370,388,415,567,568,569,570,571,572,573,574,575,576,577,578,579,580,581,582,583,584,585,586,587,599,931,1123,1124,1125,1155,1156,1157,1158,1159,1458,1459,1460,1461,1462,
151;1;4396;4448;1;0,1,2,3,4,5,32,48,50,58,67,70,72,78,92,93,105,132,134,138,140,143,147,156,186,225,270,276,277,315,317,318,325,327,332,336,337,341,345,366,369,370,388,415,567,568,569,570,571,572,573,574,575,576,577,578,579,580,581,582,583,584,585,586,587,599,931,1123,1124,1125,1155,1156,1157,1158,1159,1458,1459,1460,1461,1462,
386;0;4448;4554;1;0,1,2,3,4,5,32,48,50,58,67,70,72,78,92,93,105,132,134,138,140,143,147,156,186,225,270,276,277,315,317,318,325,327,332,336,337,341,345,366,369,370,388,415,567,568,569,570,571,572,573,574,575,576,577,578,579,580,581,582,583,584,585,586,587,599,931,1123,1124,1125,1155,1156,1157,1158,1159,1458,1459,1460,1461,1462,
386;1;4554;4710;1;0,1,2,3,4,5,32,48,50,58,67,70,72,78,92,93,105,132,134,138,140,143,147,156,186,225,270,276,277,315,317,318,325,327,332,336,337,341,345,366,369,370,388,415,567,568,569,570,571,572,573,574,575,576,577,578,579,580,581,582,583,584,585,586,587,599,931,1123,1124,1125,1155,1156,1157,1158,1159,1458,1459,1460,1461,1462,
11;0;4710;4830;1;0,1,2,3,4,5,32,48,50,61,67,70,72,78,92,93,105,132,138,142,147,149,150,151,152,153,154,155,156,157,158,159,160,161,162,163,164,165,166,167,168,169,170,171,172,173,174,175,176,177,178,179,180,181,182,183,184,186,270,276,277,327,332,336,337,341,345,366,369,370,388,415,1123,1124,1125,1155,1156,1157,1158,1159,
11;1;4830;4844;1;0,1,2,3,4,5,32,48,50,61,67,70,72,78,92,93,105,132,138,142,147,149,150,151,152,153,154,155,156,157,158,159,160,161,162,163,164,165,166,167,168,169,170,171,172,173,174,175,176,177,178,179,180,181,182,183,184,186,270,276,277,327,332,336,337,341,345,366,369,370,388,415,1123,1124,1125,1155,1156,1157,1158,1159,
368;0;4844;4888;0;0,1,2,3,4,5,32,48,50,61,67,70,72,78,92,93,105,132,138,142,147,149,150,151,152,153,154,155,156,157,158,159,160,161,162,163,164,165,166,167,168,169,170,171,172,173,174,175,176,177,178,179,180,181,182,183,184,186,270,276,277,327,332,336,337,341,345,366,369,370,388,415,1123,1124,1125,1155,1156,1157,1158,1159,
368;1;4888;4902;0;0,1,2,3,4,5,32,48,50,61,67,70,72,78,92,93,105,132,138,142,147,149,150,151,152,153,154,155,156,157,158,159,160,161,162,163,164,165,166,167,168,169,170,171,172,173,174,175,176,177,178,179,180,181,182,183,184,186,270,276,277,327,332,336,337,341,345,366,369,370,388,415,1123,1124,1125,1155,1156,1157,1158,1159,
324;0;4902;5031;1;0,2,3,4,32,67,70,72,78,92,93,105,132,138,156,186,230,270,271,272,276,277,286,301,327,332,336,337,341,342,345,346,347,348,349,350,351,352,353,354,355,356,357,358,359,360,361,362,363,364,365,366,367,368,415,423,424,425,428,617,728,821,1123,1124,1125,1126,1135,1137,1153,1154,1155,1156,1157,1158,1159,1165,1227,1228,1229,1230,
324;1;5031;5060;1;0,2,3,4,32,67,70,72,78,92,93,105,132,138,156,186,230,270,271,272,276,277,286,301,327,332,336,337,341,342,345,346,347,348,349,350,351,352,353,354,355,356,357,358,359,360,361,362,363,364,365,366,367,368,415,423,424,425,428,617,728,821,1123,1124,1125,1126,1135,1137,1153,1154,1155,1156,1157,1158,1159,1165,1227,1228,1229,1230,
21;0;5060;5224;1;0,2,3,4,32,67,70,72,78,92,93,105,132,138,156,186,230,270,271,272,276,277,286,301,327,332,336,337,341,342,345,346,347,348,349,350,351,352,353,354,355,356,357,358,359,360,361,362,363,364,365,366,367,368,415,423,424,425,428,617,728,821,1123,1124,1125,1126,1135,1137,1153,1154,1155,1156,1157,1158,1159,1165,1227,1228,1229,1230,
21;1;5224;5333;1;0,2,3,4,32,67,70,72,78,92,93,105,132,138,156,186,230,270,271,272,276,277,286,301,327,332,336,337,341,342,345,346,347,348,349,350,351,352,353,354,355,356,357,358,359,360,361,362,363,364,365,366,367,368,415,423,424,425,428,617,728,821,1123,1124,1125,1126,1135,1137,1153,1154,1155,1156,1157,1158,1159,1165,1227,1228,1229,1230,
61;0;5333;5431;1;0,2,3,4,32,67,70,72,78,92,93,105,132,138,156,186,230,270,271,272,276,277,286,301,327,332,336,337,341,342,345,346,347,348,349,350,351,352,353,354,355,356,357,358,359,360,361,362,363,364,365,366,367,368,415,423,424,425,428,617,728,821,1123,1124,1125,1126,1135,1137,1153,1154,1155,1156,1157,1158,1159,1165,1227,1228,1229,1230,
61;1;5431;5521;1;0,2,3,4,32,67,70,72,78,92,93,105,132,138,156,186,230,270,271,272,276,277,286,301,327,332,336,337,341,342,345,346,347,348,349,350,351,352,353,354,355,356,357,358,359,360,361,362,363,364,365,366,367,368,415,423,424,425,428,617,728,821,1123,1124,1125,1126,1135,1137,1153,1154,1155,1156,1157,1158,1159,1165,1227,1228,1229,1230,
476;0;5521;5540;1;0,2,3,4,32,67,70,72,78,92,93,105,132,138,156,186,230,270,271,272,276,277,286,301,327,332,336,337,341,342,345,346,347,348,349,350,351,352,353,354,355,356,357,358,359,360,361,362,363,364,365,366,367,368,415,423,424,425,428,617,728,821,1123,1124,1125,1126,1135,1137,1153,1154,1155,1156,1157,1158,1159,1165,1227,1228,1229,1230,
476;1;5540;5576;1;0,2,3,4,32,67,70,72,78,92,93,105,132,138,156,186,230,270,271,272,276,277,286,301,327,332,336,337,341,342,345,346,347,348,349,350,351,352,353,354,355,356,357,358,359,360,361,362,363,364,365,366,367,368,415,423,424,425,428,617,728,821,1123,1124,1125,1126,1135,1137,1153,1154,1155,1156,1157,1158,1159,1165,1227,1228,1229,1230,
611;0;5576;5654;1;0,2,3,4,32,67,70,72,78,92,93,105,132,138,156,186,230,270,271,272,276,277,286,301,327,332,336,337,341,342,345,346,347,348,349,350,351,352,353,354,355,356,357,358,359,360,361,362,363,364,365,366,367,368,415,423,424,425,428,617,728,821,1123,1124,1125,1126,1135,1137,1153,1154,1155,1156,1157,1158,1159,1165,1227,1228,1229,1230,
611;1;5654;5763;1;0,2,3,4,32,67,70,72,78,92,93,105,132,138,156,186,230,270,271,272,276,277,286,301,327,332,336,337,341,342,345,346,347,348,349,350,351,352,353,354,355,356,357,358,359,360,361,362,363,364,365,366,367,368,415,423,424,425,428,617,728,821,1123,1124,1125,1126,1135,1137,1153,1154,1155,1156,1157,1158,1159,1165,1227,1228,1229,1230,
229;0;5763;5829;1;0,2,3,4,32,67,70,72,78,92,93,105,132,138,156,186,230,270,271,272,276,277,286,301,327,332,336,337,341,342,345,346,347,348,349,350,351,352,353,354,355,356,357,358,359,360,361,362,363,364,365,366,367,368,415,423,424,425,428,617,728,821,1123,1124,1125,1126,1135,1137,1153,1154,1155,1156,1157,1158,1159,1165,1227,1228,1229,1230,
229;1;5829;5984;1;0,2,3,4,32,67,70,72,78,92,93,105,132,138,156,186,230,270,271,272,276,277,286,301,327,332,336,337,341,342,345,346,347,348,349,350,351,352,353,354,355,356,357,358,359,360,361,362,363,364,365,366,367,368,415,423,424,425,428,617,728,821,1123,1124,1125,1126,1135,1137,1153,1154,1155,1156,1157,1158,1159,1165,1227,1228,1229,1230,
34;0;5984;6037;1;0,2,3,4,32,67,70,72,78,92,93,105,132,138,156,186,230,270,271,272,276,277,286,301,327,332,336,337,341,342,345,346,347,348,349,350,351,352,353,354,355,356,357,358,359,360,361,362,363,364,365,366,367,368,415,423,424,425,428,617,728,821,1123,1124,1125,1126,1135,1137,1153,1154,1155,1156,1157,1158,1159,1165,1227,1228,1229,1230,
34;1;6037;6086;1;0,2,3,4,32,67,70,72,78,92,93,105,132,138,156,186,230,270,271,272,276,277,286,301,327,332,336,337,341,342,345,346,347,348,349,350,351,352,353,354,355,356,357,358,359,360,361,362,363,364,365,366,367,368,415,423,424,425,428,617,728,821,1123,1124,1125,1126,1135,1137,1153,1154,1155,1156,1157,1158,1159,1165,1227,1228,1229,1230,
249;0;6086;6172;1;0,2,3,4,32,67,70,72,78,92,93,105,132,138,156,186,230,270,271,272,276,277,286,301,327,332,336,337,341,342,345,346,347,348,349,350,351,352,353,354,355,356,357,358,359,360,361,362,363,364,365,366,367,368,415,423,424,425,428,617,728,821,1123,1124,1125,1126,1135,1137,1153,1154,1155,1156,1157,1158,1159,1165,1227,1228,1229,1230,
249;1;6172;6249;1;0,2,3,4,32,67,70,72,78,92,93,105,132,138,156,186,230,270,271,272,276,277,286,301,327,332,336,337,341,342,345,346,347,348,349,350,351,352,353,354,355,356,357,358,359,360,361,362,363,364,365,366,367,368,415,423,424,425,428,617,728,821,1123,1124,1125,1126,1135,1137,1153,1154,1155,1156,1157,1158,1159,1165,1227,1228,1229,1230,
358;0;6249;6280;0;0,2,3,4,32,67,70,72,78,92,93,105,132,138,156,186,230,270,271,272,276,277,286,301,327,332,336,337,341,342,345,346,347,348,349,350,351,352,353,354,355,356,357,358,359,360,361,362,363,364,365,366,367,368,415,423,424,425,428,617,728,821,1123,1124,1125,1126,1135,1137,1153,1154,1155,1156,1157,1158,1159,1165,1227,1228,1229,1230,
358;1;6280;6309;0;0,2,3,4,32,67,70,72,78,92,93,105,132,138,156,186,230,270,271,272,276,277,286,301,327,332,336,337,341,342,345,346,347,348,349,350,351,352,353,354,355,356,357,358,359,360,361,362,363,364,365,366,367,368,415,423,424,425,428,617,728,821,1123,1124,1125,1126,1135,1137,1153,1154,1155,1156,1157,1158,1159,1165,1227,1228,1229,1230,
641;0;6309;6375;1;0,2,3,32,38,67,92,93,132,138,186,230,272,282,286,316,332,336,337,340,341,342,345,346,347,352,368,428,482,505,546,554,696,704,705,706,707,708,709,710,711,712,713,714,715,716,717,718,719,720,721,874,875,876,877,878,879,1011,1123,1124,1125,1126,1127,1128,1129,1130,1131,1132,1133,1134,1135,1136,1137,1138,1139,1140,1141,1142,1143,1144,
641;1;6375;6523;1;0,2,3,32,38,67,92,93,132,138,186,230,272,282,286,316,332,336,337,340,341,342,345,346,347,352,368,428,482,505,546,554,696,704,705,706,707,708,709,710,711,712,713,714,715,716,717,718,719,720,721,874,875,876,877,878,879,1011,1123,1124,1125,1126,1127,1128,1129,1130,1131,1132,1133,1134,1135,1136,1137,1138,1139,1140,1141,1142,1143,1144,
184;0;6523;6585;1;0,2,3,32,38,67,92,93,132,138,186,230,272,282,286,316,332,336,337,340,341,342,345,346,347,352,368,428,482,505,546,554,696,704,705,706,707,708,709,710,711,712,713,714,715,716,717,718,719,720,721,874,875,876,877,878,879,1011,1123,1124,1125,1126,1127,1128,1129,1130,1131,1132,1133,1134,1135,1136,1137,1138,1139,1140,1141,1142,1143,1144,
184;1;6585;6761;1;0,2,3,32,38,67,92,93,132,138,186,230,272,282,286,316,332,336,337,340,341,342,345,346,347,352,368,428,482,505,546,554,696,704,705,706,707,708,709,710,711,712,713,714,715,716,717,718,719,720,721,874,875,876,877,878,879,1011,1123,1124,1125,1126,1127,1128,1129,1130,1131,1132,1133,1134,1135,1136,1137,1138,1139,1140,1141,1142,1143,1144,
414;0;6761;6859;1;0,2,3,32,38,67,92,93,132,138,186,230,272,282,286,316,332,336,337,340,341,342,345,346,347,352,368,428,482,505,546,554,696,704,705,706,707,708,709,710,711,712,713,714,715,716,717,718,719,720,721,874,875,876,877,878,879,1011,1123,1124,1125,1126,1127,1128,1129,1130,1131,1132,1133,1134,1135,1136,1137,1138,1139,1140,1141,1142,1143,1144,
414;1;6859;7007;1;0,2,3,32,38,67,92,93,132,138,186,230,272,282,286,316,332,336,337,340,341,342,345,346,347,352,368,428,482,505,546,554,696,704,705,706,707,708,709,710,711,712,713,714,715,716,717,718,719,720,721,874,875,876,877,878,879,1011,1123,1124,1125,1126,1127,1128,1129,1130,1131,1132,1133,1134,1135,1136,1137,1138,1139,1140,1141,1142,1143,1144,
69;0;7007;7022;1;0,2,3,32,38,67,92,93,132,138,186,230,272,282,286,316,332,336,337,340,341,342,345,346,347,352,368,428,482,505,546,554,696,704,705,706,707,708,709,710,711,712,713,714,715,716,717,718,719,720,721,874,875,876,877,878,879,1011,1123,1124,1125,1126,1127,1128,1129,1130,1131,1132,1133,1134,1135,1136,1137,1138,1139,1140,1141,1142,1143,1144,
69;1;7022;7055;1;0,2,3,32,38,67,92,93,132,138,186,230,272,282,286,316,332,336,337,340,341,342,345,346,347,352,368,428,482,505,546,554,696,704,705,706,707,708,709,710,711,712,713,714,715,716,717,718,719,720,721,874,875,876,877,878,879,1011,1123,1124,1125,1126,1127,1128,1129,1130,1131,1132,1133,1134,1135,1136,1137,1138,1139,1140,1141,1142,1143,1144,
6;0;7055;7103;1;0,2,3,32,38,67,92,93,132,138,186,230,272,282,286,316,332,336,337,340,341,342,345,346,347,352,368,428,482,505,546,554,696,704,705,706,707,708,709,710,711,712,713,714,715,716,717,718,719,720,721,874,875,876,877,878,879,1011,1123,1124,1125,1126,1127,1128,1129,1130,1131,1132,1133,1134,1135,1136,1137,1138,1139,1140,1141,1142,1143,1144,
6;1;7103;7193;1;0,2,3,32,38,67,92,93,132,138,186,230,272,282,286,316,332,336,337,340,341,342,345,346,347,352,368,428,482,505,546,554,696,704,705,706,707,708,709,710,711,712,713,714,715,716,717,718,719,720,721,874,875,876,877,878,879,1011,1123,1124,1125,1126,1127,1128,1129,1130,1131,1132,1133,1134,1135,1136,1137,1138,1139,1140,1141,1142,1143,1144,
413;0;7193;7232;0;0,2,3,32,38,67,92,93,132,138,186,230,272,282,286,316,332,336,337,340,341,342,345,346,347,352,368,428,482,505,546,554,696,704,705,706,707,708,709,710,711,712,713,714,715,716,717,718,719,720,721,874,875,876,877,878,879,1011,1123,1124,1125,1126,1127,1128,1129,1130,1131,1132,1133,1134,1135,1136,1137,1138,1139,1140,1141,1142,1143,1144,
413;1;7232;7265;0;0,2,3,32,38,67,92,93,132,138,186,230,272,282,286,316,332,336,337,340,341,342,345,346,347,352,368,428,482,505,546,554,696,704,705,706,707,708,709,710,711,712,713,714,715,716,717,718,719,720,721,874,875,876,877,878,879,1011,1123,1124,1125,1126,1127,1128,1129,1130,1131,1132,1133,1134,1135,1136,1137,1138,1139,1140,1141,1142,1143,1144,
336;0;7265;7359;1;0,2,3,32,38,67,92,93,132,138,186,230,272,282,286,316,332,336,337,340,341,342,345,346,347,352,368,428,482,505,546,554,696,704,705,706,707,708,709,710,711,712,713,714,715,716,717,718,719,720,721,874,875,876,877,878,879,1011,1123,1124,1125,1126,1127,1128,1129,1130,1131,1132,1133,1134,1135,1136,1137,1138,1139,1140,1141,1142,1143,1144,
336;1;7359;7392;1;0,2,3,32,38,67,92,93,132,138,186,230,272,282,286,316,332,336,337,340,341,342,345,346,347,352,368,428,482,505,546,554,696,704,705,706,707,708,709,710,711,712,713,714,715,716,717,718,719,720,721,874,875,876,877,878,879,1011,1123,1124,1125,1126,1127,1128,1129,1130,1131,1132,1133,1134,1135,1136,1137,1138,1139,1140,1141,1142,1143,1144,
237;0;7392;7425;0;0,2,3,32,38,67,92,93,132,138,186,230,272,282,286,316,332,336,337,340,341,342,345,346,347,352,368,428,482,505,546,554,696,704,705,706,707,708,709,710,711,712,713,714,715,716,717,718,719,720,721,874,875,876,877,878,879,1011,1123,1124,1125,1126,1127,1128,1129,1130,1131,1132,1133,1134,1135,1136,1137,1138,1139,1140,1141,1142,1143,1144,
281;0;7425;7515;1;0,2,3,32,38,67,92,93,132,138,186,230,272,282,286,316,332,336,337,340,341,342,345,346,347,352,368,428,482,505,546,554,696,704,705,706,707,708,709,710,711,712,713,714,715,716,717,718,719,720,721,874,875,876,877,878,879,1011,1123,1124,1125,1126,1127,1128,1129,1130,1131,1132,1133,1134,1135,1136,1137,1138,1139,1140,1141,1142,1143,1144,
281;1;7515;7663;1;0,2,3,32,38,67,92,93,132,138,186,230,272,282,286,316,332,336,337,340,341,342,345,346,347,352,368,428,482,505,546,554,696,704,705,706,707,708,709,710,711,712,713,714,715,716,717,718,719,720,721,874,875,876,877,878,879,1011,1123,1124,1125,1126,1127,1128,1129,1130,1131,1132,1133,1134,1135,1136,1137,1138,1139,1140,1141,1142,1143,1144,
206;0;7663;7696;1;0,2,3,32,38,67,92,93,132,138,186,230,272,282,286,316,332,336,337,340,341,342,345,346,347,352,368,428,482,505,546,554,696,704,705,706,707,708,709,710,711,712,713,714,715,716,717,718,719,720,721,874,875,876,877,878,879,1011,1123,1124,1125,1126,1127,1128,1129,1130,1131,1132,1133,1134,1135,1136,1137,1138,1139,1140,1141,1142,1143,1144,
206;1;7696;7844;1;0,2,3,32,38,67,92,93,132,138,186,230,272,282,286,316,332,336,337,340,341,342,345,346,347,352,368,428,482,505,546,554,696,704,705,706,707,708,709,710,711,712,713,714,715,716,717,718,719,720,721,874,875,876,877,878,879,1011,1123,1124,1125,1126,1127,1128,1129,1130,1131,1132,1133,1134,1135,1136,1137,1138,1139,1140,1141,1142,1143,1144,
3;0;7844;7910;0;0,2,3,32,64,65,66,67,68,69,92,93,132,135,136,138,186,230,254,256,258,259,272,282,332,334,335,336,337,338,339,340,341,342,343,344,345,346,347,382,412,428,468,477,482,504,505,506,507,508,509,510,511,512,513,518,519,520,521,522,523,524,525,526,527,528,529,530,531,532,533,534,535,536,617,728,821,965,1153,1154,
3;1;7910;7952;0;0,2,3,32,64,65,66,67,68,69,92,93,132,135,136,138,186,230,254,256,258,259,272,282,332,334,335,336,337,338,339,340,341,342,343,344,345,346,347,382,412,428,468,477,482,504,505,506,507,508,509,510,511,512,513,518,519,520,521,522,523,524,525,526,527,528,529,530,531,532,533,534,535,536,617,728,821,965,1153,1154,
44;0;7952;7963;1;0,2,3,32,64,65,66,67,68,69,92,93,132,135,136,138,186,230,254,256,258,259,272,282,332,334,335,336,337,338,339,340,341,342,343,344,345,346,347,382,412,428,468,477,482,504,505,506,507,508,509,510,511,512,513,518,519,520,521,522,523,524,525,526,527,528,529,530,531,532,533,534,535,536,617,728,821,965,1153,1154,
44;1;7963;8002;1;0,2,3,32,64,65,66,67,68,69,92,93,132,135,136,138,186,230,254,256,258,259,272,282,332,334,335,336,337,338,339,340,341,342,343,344,345,346,347,382,412,428,468,477,482,504,505,506,507,508,509,510,511,512,513,518,519,520,521,522,523,524,525,526,527,528,529,530,531,532,533,534,535,536,617,728,821,965,1153,1154,
578;0;8002;8006;0;0,2,3,32,64,65,66,67,68,69,92,93,132,135,136,138,186,230,254,256,258,259,272,282,332,334,335,336,337,338,339,340,341,342,343,344,345,346,347,382,412,428,468,477,482,504,505,506,507,508,509,510,511,512,513,518,519,520,521,522,523,524,525,526,527,528,529,530,531,532,533,534,535,536,617,728,821,965,1153,1154,
578;1;8006;8040;0;0,2,3,32,64,65,66,67,68,69,92,93,132,135,136,138,186,230,254,256,258,259,272,282,332,334,335,336,337,338,339,340,341,342,343,344,345,346,347,382,412,428,468,477,482,504,505,506,507,508,509,510,511,512,513,518,519,520,521,522,523,524,525,526,527,528,529,530,531,532,533,534,535,536,617,728,821,965,1153,1154,
283;0;8040;8137;0;0,2,3,32,64,65,66,67,68,69,92,93,132,135,136,138,186,230,254,256,258,259,272,282,332,334,335,336,337,338,339,340,341,342,343,344,345,346,347,382,412,428,468,477,482,504,505,506,507,508,509,510,511,512,513,518,519,520,521,522,523,524,525,526,527,528,529,530,531,532,533,534,535,536,617,728,821,965,1153,1154,
283;1;8137;8210;0;0,2,3,32,64,65,66,67,68,69,92,93,132,135,136,138,186,230,254,256,258,259,272,282,332,334,335,336,337,338,339,340,341,342,343,344,345,346,347,382,412,428,468,477,482,504,505,506,507,508,509,510,511,512,513,518,519,520,521,522,523,524,525,526,527,528,529,530,531,532,533,534,535,536,617,728,821,965,1153,1154,
234;0;8210;8313;1;0,2,3,32,64,65,66,67,68,69,92,93,132,135,136,138,186,230,254,256,258,259,272,282,332,334,335,336,337,338,339,340,341,342,343,344,345,346,347,382,412,428,468,477,482,504,505,506,507,508,509,510,511,512,513,518,519,520,521,522,523,524,525,526,527,528,529,530,531,532,533,534,535,536,617,728,821,965,1153,1154,
234;1;8313;8347;1;0,2,3,32,64,65,66,67,68,69,92,93,132,135,136,138,186,230,254,256,258,259,272,282,332,334,335,336,337,338,339,340,341,342,343,344,345,346,347,382,412,428,468,477,482,504,505,506,507,508,509,510,511,512,513,518,519,520,521,522,523,524,525,526,527,528,529,530,531,532,533,534,535,536,617,728,821,965,1153,1154,
471;0;8347;8352;1;0,2,3,32,64,65,66,67,68,69,92,93,132,135,136,138,186,230,254,256,258,259,272,282,332,334,335,336,337,338,339,340,341,342,343,344,345,346,347,382,412,428,468,477,482,504,505,506,507,508,509,510,511,512,513,518,519,520,521,522,523,524,525,526,527,528,529,530,531,532,533,534,535,536,617,728,821,965,1153,1154,
471;1;8352;8429;1;0,2,3,32,64,65,66,67,68,69,92,93,132,135,136,138,186,230,254,256,258,259,272,282,332,334,335,336,337,338,339,340,341,342,343,344,345,346,347,382,412,428,468,477,482,504,505,506,507,508,509,510,511,512,513,518,519,520,521,522,523,524,525,526,527,528,529,530,531,532,533,534,535,536,617,728,821,965,1153,1154,
369;0;8429;8480;1;0,2,3,32,64,65,66,67,68,69,92,93,132,135,136,138,186,230,254,256,258,259,272,282,332,334,335,336,337,338,339,340,341,342,343,344,345,346,347,382,412,428,468,477,482,504,505,506,507,508,509,510,511,512,513,518,519,520,521,522,523,524,525,526,527,528,529,530,531,532,533,534,535,536,617,728,821,965,1153,1154,
369;1;8480;8519;1;0,2,3,32,64,65,66,67,68,69,92,93,132,135,136,138,186,230,254,256,258,259,272,282,332,334,335,336,337,338,339,340,341,342,343,344,345,346,347,382,412,428,468,477,482,504,505,506,507,508,509,510,511,512,513,518,519,520,521,522,523,524,525,526,527,528,529,530,531,532,533,534,535,536,617,728,821,965,1153,1154,
193;0;8519;8658;0;0,2,3,32,64,65,66,67,68,69,92,93,132,135,136,138,186,230,254,256,258,259,272,282,332,334,335,336,337,338,339,340,341,342,343,344,345,346,347,382,412,428,468,477,482,504,505,506,507,508,509,510,511,512,513,518,519,520,521,522,523,524,525,526,527,528,529,530,531,532,533,534,535,536,617,728,821,965,1153,1154,
193;1;8658;8735;0;0,2,3,32,64,65,66,67,68,69,92,93,132,135,136,138,186,230,254,256,258,259,272,282,332,334,335,336,337,338,339,340,341,342,343,344,345,346,347,382,412,428,468,477,482,504,505,506,507,508,509,510,511,512,513,518,519,520,521,522,523,524,525,526,527,528,529,530,531,532,533,534,535,536,617,728,821,965,1153,1154,
524;0;8735;8853;1;0,2,3,32,64,65,66,67,68,69,92,93,132,135,136,138,186,230,254,256,258,259,272,282,332,334,335,336,337,338,339,340,341,342,343,344,345,346,347,382,412,428,468,477,482,504,505,506,507,508,509,510,511,512,513,518,519,520,521,522,523,524,525,526,527,528,529,530,531,532,533,534,535,536,617,728,821,965,1153,1154,
524;1;8853;8930;1;0,2,3,32,64,65,66,67,68,69,92,93,132,135,136,138,186,230,254,256,258,259,272,282,332,334,335,336,337,338,339,340,341,342,343,344,345,346,347,382,412,428,468,477,482,504,505,506,507,508,509,510,511,512,513,518,519,520,521,522,523,524,525,526,527,528,529,530,531,532,533,534,535,536,617,728,821,965,1153,1154,
178;0;8930;8982;0;0,2,3,32,64,65,66,67,68,69,92,93,132,135,136,138,186,230,254,256,258,259,272,282,332,334,335,336,337,338,339,340,341,342,343,344,345,346,347,382,412,428,468,477,482,504,505,506,507,508,509,510,511,512,513,518,519,520,521,522,523,524,525,526,527,528,529,530,531,532,533,534,535,536,617,728,821,965,1153,1154,
178;1;8982;9055;0;0,2,3,32,64,65,66,67,68,69,92,93,132,135,136,138,186,230,254,256,258,259,272,282,332,334,335,336,337,338,339,340,341,342,343,344,345,346,347,382,412,428,468,477,482,504,505,506,507,508,509,510,511,512,513,518,519,520,521,522,523,524,525,526,527,528,529,530,531,532,533,534,535,536,617,728,821,965,1153,1154,
116;0;9055;9102;1;0,2,3,32,64,65,66,67,68,69,92,93,132,135,136,138,186,230,254,256,258,259,272,282,332,334,335,336,337,338,339,340,341,342,343,344,345,346,347,382,412,428,468,477,482,504,505,506,507,508,509,510,511,512,513,518,519,520,521,522,523,524,525,526,527,528,529,530,531,532,533,534,535,536,617,728,821,965,1153,1154,
116;1;9102;9254;1;0,2,3,32,64,65,66,67,68,69,92,93,132,135,136,138,186,230,254,256,258,259,272,282,332,334,335,336,337,338,339,340,341,342,343,344,345,346,347,382,412,428,468,477,482,504,505,506,507,508,509,510,511,512,513,518,519,520,521,522,523,524,525,526,527,528,529,530,531,532,533,534,535,536,617,728,821,965,1153,1154,
74;0;9254;9290;1;0,2,3,32,64,65,66,67,68,69,92,93,132,135,136,138,186,230,254,256,258,259,272,282,332,334,335,336,337,338,339,340,341,342,343,344,345,346,347,382,412,428,468,477,482,504,505,506,507,508,509,510,511,512,513,518,519,520,521,522,523,524,525,526,527,528,529,530,531,532,533,534,535,536,617,728,821,965,1153,1154,
74;1;9290;9332;1;0,2,3,32,64,65,66,67,68,69,92,93,132,135,136,138,186,230,254,256,258,259,272,282,332,334,335,336,337,338,339,340,341,342,343,344,345,346,347,382,412,428,468,477,482,504,505,506,507,508,509,510,511,512,513,518,519,520,521,522,523,524,525,526,527,528,529,530,531,532,533,534,535,536,617,728,821,965,1153,1154,
219;0;9332;9484;1;0,32,93,129,132,135,136,138,186,252,254,256,258,320,332,342,343,346,347,382,412,428,449,450,451,452,453,454,455,456,457,458,459,506,518,519,520,521,522,523,524,525,526,527,528,529,530,531,532,533,534,535,536,537,538,539,542,543,617,636,728,821,829,830,831,832,833,834,835,836,837,838,839,840,841,842,843,844,1153,1154,
219;1;9484;9615;1;0,32,93,129,132,135,136,138,186,252,254,256,258,320,332,342,343,346,347,382,412,428,449,450,451,452,453,454,455,456,457,458,459,506,518,519,520,521,522,523,524,525,526,527,528,529,530,531,532,533,534,535,536,537,538,539,542,543,617,636,728,821,829,830,831,832,833,834,835,836,837,838,839,840,841,842,843,844,1153,1154,
226;0;9615;9703;1;0,32,93,129,132,135,136,138,186,252,254,256,258,320,332,342,343,346,347,382,412,428,449,450,451,452,453,454,455,456,457,458,459,506,518,519,520,521,522,523,524,525,526,527,528,529,530,531,532,533,534,535,536,537,538,539,542,543,617,636,728,821,829,830,831,832,833,834,835,836,837,838,839,840,841,842,843,844,1153,1154,
226;1;9703;9793;1;0,32,93,129,132,135,136,138,186,252,254,256,258,320,332,342,343,346,347,382,412,428,449,450,451,452,453,454,455,456,457,458,459,506,518,519,520,521,522,523,524,525,526,527,528,529,530,531,532,533,534,535,536,537,538,539,542,543,617,636,728,821,829,830,831,832,833,834,835,836,837,838,839,840,841,842,843,844,1153,1154,
406;0;9793;9799;1;0,32,93,129,132,135,136,138,186,252,254,256,258,320,332,342,343,346,347,382,412,428,449,450,451,452,453,454,455,456,457,458,459,506,518,519,520,521,522,523,524,525,526,527,528,529,530,531,532,533,534,535,536,537,538,539,542,543,617,636,728,821,829,830,831,832,833,834,835,836,837,838,839,840,841,842,843,844,1153,1154,
406;1;9799;9875;1;0,32,93,129,132,135,136,138,186,252,254,256,258,320,332,342,343,346,347,382,412,428,449,450,451,452,453,454,455,456,457,458,459,506,518,519,520,521,522,523,524,525,526,527,528,529,530,531,532,533,534,535,536,537,538,539,542,543,617,636,728,821,829,830,831,832,833,834,835,836,837,838,839,840,841,842,843,844,1153,1154,
546;0;9875;9950;1;0,32,93,129,132,135,136,138,186,252,254,256,258,320,332,342,343,346,347,382,412,428,449,450,451,452,453,454,455,456,457,458,459,506,518,519,520,521,522,523,524,525,526,527,528,529,530,531,532,533,534,535,536,537,538,539,542,543,617,636,728,821,829,830,831,832,833,834,835,836,837,838,839,840,841,842,843,844,1153,1154,
546;1;9950;10027;1;0,32,93,129,132,135,136,138,186,252,254,256,258,320,332,342,343,346,347,382,412,428,449,450,451,452,453,454,455,456,457,458,459,506,518,519,520,521,522,523,524,525,526,527,528,529,530,531,532,533,534,535,536,537,538,539,542,543,617,636,728,821,829,830,831,832,833,834,835,836,837,838,839,840,841,842,843,844,1153,1154,
148;0;10027;10041;0;0,32,93,129,132,135,136,138,186,252,254,256,258,320,332,342,343,346,347,382,412,428,449,450,451,452,453,454,455,456,457,458,459,506,518,519,520,521,522,523,524,525,526,527,528,529,530,531,532,533,534,535,536,537,538,539,542,543,617,636,728,821,829,830,831,832,833,834,835,836,837,838,839,840,841,842,843,844,1153,1154,
148;1;10041;10080;0;0,32,93,129,132,135,136,138,186,252,254,256,258,320,332,342,343,346,347,382,412,428,449,450,451,452,453,454,455,456,457,458,459,506,518,519,520,521,522,523,524,525,526,527,528,529,530,531,532,533,534,535,536,537,538,539,542,543,617,636,728,821,829,830,831,832,833,834,835,836,837,838,839,840,841,842,843,844,1153,1154,
Machine: 4
189;0;0;97;1;0,1,2,3,5,32,45,63,74,92,165,196,230,235,264,272,282,286,369,370,379,382,385,386,387,388,389,390,391,392,393,396,412,498,627,677,686,687,688,689,690,691,692,693,694,695,696,697,753,754,755,756,757,758,759,760,823,824,825,826,1011,1126,1127,1128,1129,1130,1131,1132,1133,1134,1135,1136,1137,1138,1139,1140,1141,1142,1143,1144,
189;1;97;118;1;0,1,2,3,5,32,45,63,74,92,165,196,230,235,264,272,282,286,369,370,379,382,385,386,387,388,389,390,391,392,393,396,412,498,627,677,686,687,688,689,690,691,692,693,694,695,696,697,753,754,755,756,757,758,759,760,823,824,825,826,1011,1126,1127,1128,1129,1130,1131,1132,1133,1134,1135,1136,1137,1138,1139,1140,1141,1142,1143,1144,
574;0;118;168;1;0,1,2,3,5,32,45,63,74,92,165,196,230,235,264,272,282,286,369,370,379,382,385,386,387,388,389,390,391,392,393,396,412,498,627,677,686,687,688,689,690,691,692,693,694,695,696,697,753,754,755,756,757,758,759,760,823,824,825,826,1011,1126,1127,1128,1129,1130,1131,1132,1133,1134,1135,1136,1137,1138,1139,1140,1141,1142,1143,1144,
574;1;168;316;1;0,1,2,3,5,32,45,63,74,92,165,196,230,235,264,272,282,286,369,370,379,382,385,386,387,388,389,390,391,392,393,396,412,498,627,677,686,687,688,689,690,691,692,693,694,695,696,697,753,754,755,756,757,758,759,760,823,824,825,826,1011,1126,1127,1128,1129,1130,1131,1132,1133,1134,1135,1136,1137,1138,1139,1140,1141,1142,1143,1144,
179;0;316;427;1;0,1,2,3,5,32,45,63,74,92,165,196,230,235,264,272,282,286,369,370,379,382,385,386,387,388,389,390,391,392,393,396,412,498,627,677,686,687,688,689,690,691,692,693,694,695,696,697,753,754,755,756,757,758,759,760,823,824,825,826,1011,1126,1127,1128,1129,1130,1131,1132,1133,1134,1135,1136,1137,1138,1139,1140,1141,1142,1143,1144,
179;1;427;575;1;0,1,2,3,5,32,45,63,74,92,165,196,230,235,264,272,282,286,369,370,379,382,385,386,387,388,389,390,391,392,393,396,412,498,627,677,686,687,688,689,690,691,692,693,694,695,696,697,753,754,755,756,757,758,759,760,823,824,825,826,1011,1126,1127,1128,1129,1130,1131,1132,1133,1134,1135,1136,1137,1138,1139,1140,1141,1142,1143,1144,
135;0;575;611;0;0,1,2,3,5,32,45,63,74,92,165,196,230,235,264,272,282,286,369,370,379,382,385,386,387,388,389,390,391,392,393,396,412,498,627,677,686,687,688,689,690,691,692,693,694,695,696,697,753,754,755,756,757,758,759,760,823,824,825,826,1011,1126,1127,1128,1129,1130,1131,1132,1133,1134,1135,1136,1137,1138,1139,1140,1141,1142,1143,1144,
81;0;611;765;1;0,1,2,3,5,32,45,63,70,74,92,153,165,196,230,235,264,272,282,286,369,370,379,382,385,386,387,388,389,390,391,392,393,394,395,396,397,398,399,400,401,402,412,436,444,498,627,677,686,687,688,689,690,691,692,693,694,695,696,697,753,754,755,756,757,758,759,760,777,823,824,825,826,965,1011,1126,1127,1128,1129,1141,
81;1;765;874;1;0,1,2,3,5,32,45,63,70,74,92,153,165,196,230,235,264,272,282,286,369,370,379,382,385,386,387,388,389,390,391,392,393,394,395,396,397,398,399,400,401,402,412,436,444,498,627,677,686,687,688,689,690,691,692,693,694,695,696,697,753,754,755,756,757,758,759,760,777,823,824,825,826,965,1011,1126,1127,1128,1129,1141,
66;0;874;878;1;0,1,2,3,5,32,45,63,70,74,92,153,165,196,230,235,264,272,282,286,369,370,379,382,385,386,387,388,389,390,391,392,393,394,395,396,397,398,399,400,401,402,412,436,444,498,627,677,686,687,688,689,690,691,692,693,694,695,696,697,753,754,755,756,757,758,759,760,777,823,824,825,826,965,1011,1126,1127,1128,1129,1141,
66;1;878;1039;1;0,1,2,3,5,32,45,63,70,74,92,153,165,196,230,235,264,272,282,286,369,370,379,382,385,386,387,388,389,390,391,392,393,394,395,396,397,398,399,400,401,402,412,436,444,498,627,677,686,687,688,689,690,691,692,693,694,695,696,697,753,754,755,756,757,758,759,760,777,823,824,825,826,965,1011,1126,1127,1128,1129,1141,
532;0;1039;1060;0;0,1,2,3,5,32,45,63,70,74,92,153,165,196,230,235,264,272,282,286,369,370,379,382,385,386,387,388,389,390,391,392,393,394,395,396,397,398,399,400,401,402,412,436,444,498,627,677,686,687,688,689,690,691,692,693,694,695,696,697,753,754,755,756,757,758,759,760,777,823,824,825,826,965,1011,1126,1127,1128,1129,1141,
26;0;1060;1115;1;0,1,2,3,5,32,45,63,70,74,92,153,165,196,230,235,264,272,282,286,369,370,379,382,385,386,387,388,389,390,391,392,393,394,395,396,397,398,399,400,401,402,412,436,444,498,627,677,686,687,688,689,690,691,692,693,694,695,696,697,753,754,755,756,757,758,759,760,777,823,824,825,826,965,1011,1126,1127,1128,1129,1141,
26;1;1115;1156;1;0,1,2,3,5,32,45,63,70,74,92,153,165,196,230,235,264,272,282,286,369,370,379,382,385,386,387,388,389,390,391,392,393,394,395,396,397,398,399,400,401,402,412,436,444,498,627,677,686,687,688,689,690,691,692,693,694,695,696,697,753,754,755,756,757,758,759,760,777,823,824,825,826,965,1011,1126,1127,1128,1129,1141,
681;0;1156;1209;1;0,1,2,3,5,32,45,63,70,74,92,153,165,196,230,235,264,272,282,286,369,370,379,382,385,386,387,388,389,390,391,392,393,394,395,396,397,398,399,400,401,402,412,436,444,498,627,677,686,687,688,689,690,691,692,693,694,695,696,697,753,754,755,756,757,758,759,760,777,823,824,825,826,965,1011,1126,1127,1128,1129,1141,
681;1;1209;1330;1;0,1,2,3,5,32,45,63,70,74,92,153,165,196,230,235,264,272,282,286,369,370,379,382,385,386,387,388,389,390,391,392,393,394,395,396,397,398,399,400,401,402,412,436,444,498,627,677,686,687,688,689,690,691,692,693,694,695,696,697,753,754,755,756,757,758,759,760,777,823,824,825,826,965,1011,1126,1127,1128,1129,1141,
726;0;1330;1382;1;0,1,2,3,5,32,45,63,70,74,92,153,165,196,230,235,264,272,282,286,369,370,379,382,385,386,387,388,389,390,391,392,393,394,395,396,397,398,399,400,401,402,412,436,444,498,627,677,686,687,688,689,690,691,692,693,694,695,696,697,753,754,755,756,757,758,759,760,777,823,824,825,826,965,1011,1126,1127,1128,1129,1141,
726;1;1382;1534;1;0,1,2,3,5,32,45,63,70,74,92,153,165,196,230,235,264,272,282,286,369,370,379,382,385,386,387,388,389,390,391,392,393,394,395,396,397,398,399,400,401,402,412,436,444,498,627,677,686,687,688,689,690,691,692,693,694,695,696,697,753,754,755,756,757,758,759,760,777,823,824,825,826,965,1011,1126,1127,1128,1129,1141,
364;0;1534;1692;1;0,1,2,3,5,32,45,63,70,74,92,153,165,196,230,235,264,272,282,286,369,370,379,382,385,386,387,388,389,390,391,392,393,394,395,396,397,398,399,400,401,402,412,436,444,498,627,677,686,687,688,689,690,691,692,693,694,695,696,697,753,754,755,756,757,758,759,760,777,823,824,825,826,965,1011,1126,1127,1128,1129,1141,
364;1;1692;1853;1;0,1,2,3,5,32,45,63,70,74,92,153,165,196,230,235,264,272,282,286,369,370,379,382,385,386,387,388,389,390,391,392,393,394,395,396,397,398,399,400,401,402,412,436,444,498,627,677,686,687,688,689,690,691,692,693,694,695,696,697,753,754,755,756,757,758,759,760,777,823,824,825,826,965,1011,1126,1127,1128,1129,1141,
639;0;1853;1908;1;0,1,2,3,5,32,45,63,70,74,92,153,165,196,230,235,264,272,282,286,369,370,379,382,385,386,387,388,389,390,391,392,393,394,395,396,397,398,399,400,401,402,412,436,444,498,627,677,686,687,688,689,690,691,692,693,694,695,696,697,753,754,755,756,757,758,759,760,777,823,824,825,826,965,1011,1126,1127,1128,1129,1141,
639;1;1908;2017;1;0,1,2,3,5,32,45,63,70,74,92,153,165,196,230,235,264,272,282,286,369,370,379,382,385,386,387,388,389,390,391,392,393,394,395,396,397,398,399,400,401,402,412,436,444,498,627,677,686,687,688,689,690,691,692,693,694,695,696,697,753,754,755,756,757,758,759,760,777,823,824,825,826,965,1011,1126,1127,1128,1129,1141,
554;0;2017;2070;1;0,1,2,3,4,5,6,7,8,9,10,11,12,13,14,15,16,17,25,32,45,70,92,105,196,235,254,264,272,304,366,382,385,393,396,401,412,414,415,416,417,418,419,428,436,444,497,498,527,543,606,607,608,609,610,611,612,613,614,615,616,627,677,753,754,755,756,757,758,759,760,823,824,825,826,1141,1166,1167,1168,1169,
554;1;2070;2220;1;0,1,2,3,4,5,6,7,8,9,10,11,12,13,14,15,16,17,25,32,45,70,92,105,196,235,254,264,272,304,366,382,385,393,396,401,412,414,415,416,417,418,419,428,436,444,497,498,527,543,606,607,608,609,610,611,612,613,614,615,616,627,677,753,754,755,756,757,758,759,760,823,824,825,826,1141,1166,1167,1168,1169,
146;0;2220;2296;1;0,1,2,3,4,5,6,7,8,9,10,11,12,13,14,15,16,17,25,32,45,70,92,105,196,235,254,264,272,304,366,382,385,393,396,401,412,414,415,416,417,418,419,428,436,444,497,498,527,543,606,607,608,609,610,611,612,613,614,615,616,627,677,753,754,755,756,757,758,759,760,823,824,825,826,1141,1166,1167,1168,1169,
146;1;2296;2351;1;0,1,2,3,4,5,6,7,8,9,10,11,12,13,14,15,16,17,25,32,45,70,92,105,196,235,254,264,272,304,366,382,385,393,396,401,412,414,415,416,417,418,419,428,436,444,497,498,527,543,606,607,608,609,610,611,612,613,614,615,616,627,677,753,754,755,756,757,758,759,760,823,824,825,826,1141,1166,1167,1168,1169,
613;0;2351;2412;0;0,1,2,3,4,5,6,7,8,9,10,11,12,13,14,15,16,17,25,32,45,70,92,105,196,235,254,264,272,304,366,382,385,393,396,401,412,414,415,416,417,418,419,428,436,444,497,498,527,543,606,607,608,609,610,611,612,613,614,615,616,627,677,753,754,755,756,757,758,759,760,823,824,825,826,1141,1166,1167,1168,1169,
613;1;2412;2488;0;0,1,2,3,4,5,6,7,8,9,10,11,12,13,14,15,16,17,25,32,45,70,92,105,196,235,254,264,272,304,366,382,385,393,396,401,412,414,415,416,417,418,419,428,436,444,497,498,527,543,606,607,608,609,610,611,612,613,614,615,616,627,677,753,754,755,756,757,758,759,760,823,824,825,826,1141,1166,1167,1168,1169,
491;0;2488;2521;1;0,1,2,3,4,5,6,7,8,9,10,11,12,13,14,15,16,17,25,32,45,70,92,105,196,235,254,264,272,304,366,382,385,393,396,401,412,414,415,416,417,418,419,428,436,444,497,498,527,543,606,607,608,609,610,611,612,613,614,615,616,627,677,753,754,755,756,757,758,759,760,823,824,825,826,1141,1166,1167,1168,1169,
491;1;2521;2597;1;0,1,2,3,4,5,6,7,8,9,10,11,12,13,14,15,16,17,25,32,45,70,92,105,196,235,254,264,272,304,366,382,385,393,396,401,412,414,415,416,417,418,419,428,436,444,497,498,527,543,606,607,608,609,610,611,612,613,614,615,616,627,677,753,754,755,756,757,758,759,760,823,824,825,826,1141,1166,1167,1168,1169,
259;0;2597;2735;1;0,1,2,3,4,5,6,7,8,9,10,11,12,13,14,15,16,17,25,32,45,70,92,105,196,235,254,264,272,304,366,382,385,393,396,401,412,414,415,416,417,418,419,428,436,444,497,498,527,543,606,607,608,609,610,611,612,613,614,615,616,627,677,753,754,755,756,757,758,759,760,823,824,825,826,1141,1166,1167,1168,1169,
259;1;2735;2811;1;0,1,2,3,4,5,6,7,8,9,10,11,12,13,14,15,16,17,25,32,45,70,92,105,196,235,254,264,272,304,366,382,385,393,396,401,412,414,415,416,417,418,419,428,436,444,497,498,527,543,606,607,608,609,610,611,612,613,614,615,616,627,677,753,754,755,756,757,758,759,760,823,824,825,826,1141,1166,1167,1168,1169,
136;0;2811;2855;1;0,1,2,3,4,5,6,7,8,9,10,11,12,13,14,15,16,17,25,32,45,70,92,105,196,235,254,264,272,304,366,382,385,393,396,401,412,414,415,416,417,418,419,428,436,444,497,498,527,543,606,607,608,609,610,611,612,613,614,615,616,627,677,753,754,755,756,757,758,759,760,823,824,825,826,1141,1166,1167,1168,1169,
136;1;2855;2959;1;0,1,2,3,4,5,6,7,8,9,10,11,12,13,14,15,16,17,25,32,45,70,92,105,196,235,254,264,272,304,366,382,385,393,396,401,412,414,415,416,417,418,419,428,436,444,497,498,527,543,606,607,608,609,610,611,612,613,614,615,616,627,677,753,754,755,756,757,758,759,760,823,824,825,826,1141,1166,1167,1168,1169,
436;0;2959;3111;1;0,1,2,3,4,5,6,7,8,9,10,11,12,13,14,15,16,17,25,32,45,70,92,105,196,235,254,264,272,304,366,382,385,393,396,401,412,414,415,416,417,418,419,428,436,444,497,498,527,543,606,607,608,609,610,611,612,613,614,615,616,627,677,753,754,755,756,757,758,759,760,823,824,825,826,1141,1166,1167,1168,1169,
436;1;3111;3147;1;0,1,2,3,4,5,6,7,8,9,10,11,12,13,14,15,16,17,25,32,45,70,92,105,196,235,254,264,272,304,366,382,385,393,396,401,412,414,415,416,417,418,419,428,436,444,497,498,527,543,606,607,608,609,610,611,612,613,614,615,616,627,677,753,754,755,756,757,758,759,760,823,824,825,826,1141,1166,1167,1168,1169,
359;0;3147;3230;1;0,1,2,3,4,5,6,7,8,9,10,11,12,13,14,25,32,45,70,92,105,196,235,254,264,272,299,304,366,382,385,393,396,401,412,414,415,416,417,418,419,428,436,444,497,498,527,543,606,607,608,609,610,611,612,613,614,615,616,627,677,753,754,755,756,757,758,759,760,823,824,825,826,943,960,961,962,963,964,1141,
359;1;3230;3353;1;0,1,2,3,4,5,6,7,8,9,10,11,12,13,14,25,32,45,70,92,105,196,235,254,264,272,299,304,366,382,385,393,396,401,412,414,415,416,417,418,419,428,436,444,497,498,527,543,606,607,608,609,610,611,612,613,614,615,616,627,677,753,754,755,756,757,758,759,760,823,824,825,826,943,960,961,962,963,964,1141,
56;0;3353;3454;1;0,1,2,3,4,5,6,7,8,9,10,11,12,13,14,25,32,45,70,92,105,196,235,254,264,272,299,304,366,382,385,393,396,401,412,414,415,416,417,418,419,428,436,444,497,498,527,543,606,607,608,609,610,611,612,613,614,615,616,627,677,753,754,755,756,757,758,759,760,823,824,825,826,943,960,961,962,963,964,1141,
56;1;3454;3558;1;0,1,2,3,4,5,6,7,8,9,10,11,12,13,14,25,32,45,70,92,105,196,235,254,264,272,299,304,366,382,385,393,396,401,412,414,415,416,417,418,419,428,436,444,497,498,527,543,606,607,608,609,610,611,612,613,614,615,616,627,677,753,754,755,756,757,758,759,760,823,824,825,826,943,960,961,962,963,964,1141,
665;0;3558;3579;0;0,1,2,3,4,5,6,7,8,9,10,11,12,13,14,25,32,45,70,92,105,196,235,254,264,272,299,304,366,382,385,393,396,401,412,414,415,416,417,418,419,428,436,444,497,498,527,543,606,607,608,609,610,611,612,613,614,615,616,627,677,753,754,755,756,757,758,759,760,823,824,825,826,943,960,961,962,963,964,1141,
87;0;3579;3615;0;2,32,70,105,135,136,138,185,186,196,235,254,264,299,304,332,366,382,393,396,401,412,428,436,444,497,498,518,522,527,543,606,607,608,609,610,611,612,613,614,615,616,627,629,677,730,731,732,733,734,735,736,737,738,739,740,741,742,743,744,745,746,747,753,754,755,756,757,758,759,760,763,811,812,813,823,824,825,826,898,
140;0;3615;3642;0;2,32,70,105,135,136,138,185,186,196,235,254,264,299,304,332,366,382,393,396,401,412,428,436,444,497,498,518,522,527,543,606,607,608,609,610,611,612,613,614,615,616,627,629,677,730,731,732,733,734,735,736,737,738,739,740,741,742,743,744,745,746,747,753,754,755,756,757,758,759,760,763,811,812,813,823,824,825,826,898,
181;0;3642;3663;1;2,32,70,105,135,136,138,185,186,196,235,254,264,299,304,332,366,382,393,396,401,412,428,436,444,497,498,518,522,527,543,606,607,608,609,610,611,612,613,614,615,616,627,629,677,730,731,732,733,734,735,736,737,738,739,740,741,742,743,744,745,746,747,753,754,755,756,757,758,759,760,763,811,812,813,823,824,825,826,898,
181;1;3663;3763;1;2,32,70,105,135,136,138,185,186,196,235,254,264,299,304,332,366,382,393,396,401,412,428,436,444,497,498,518,522,527,543,606,607,608,609,610,611,612,613,614,615,616,627,629,677,730,731,732,733,734,735,736,737,738,739,740,741,742,743,744,745,746,747,753,754,755,756,757,758,759,760,763,811,812,813,823,824,825,826,898,
85;0;3763;3790;0;2,32,70,105,135,136,138,185,186,196,235,254,264,299,304,332,366,382,393,396,401,412,428,436,444,497,498,518,522,527,543,606,607,608,609,610,611,612,613,614,615,616,627,629,677,730,731,732,733,734,735,736,737,738,739,740,741,742,743,744,745,746,747,753,754,755,756,757,758,759,760,763,811,812,813,823,824,825,826,898,
686;0;3790;3922;1;2,32,70,105,135,136,138,185,186,196,235,254,264,299,304,332,366,382,393,396,401,412,428,436,444,497,498,518,522,527,543,606,607,608,609,610,611,612,613,614,615,616,627,629,677,730,731,732,733,734,735,736,737,738,739,740,741,742,743,744,745,746,747,753,754,755,756,757,758,759,760,763,811,812,813,823,824,825,826,898,
686;1;3922;4037;1;2,32,70,105,135,136,138,185,186,196,235,254,264,299,304,332,366,382,393,396,401,412,428,436,444,497,498,518,522,527,543,606,607,608,609,610,611,612,613,614,615,616,627,629,677,730,731,732,733,734,735,736,737,738,739,740,741,742,743,744,745,746,747,753,754,755,756,757,758,759,760,763,811,812,813,823,824,825,826,898,
446;0;4037;4149;1;2,32,70,105,135,136,138,185,186,196,235,254,264,299,304,332,366,382,393,396,401,412,428,436,444,497,498,518,522,527,543,606,607,608,609,610,611,612,613,614,615,616,627,629,677,730,731,732,733,734,735,736,737,738,739,740,741,742,743,744,745,746,747,753,754,755,756,757,758,759,760,763,811,812,813,823,824,825,826,898,
446;1;4149;4185;1;2,32,70,105,135,136,138,185,186,196,235,254,264,299,304,332,366,382,393,396,401,412,428,436,444,497,498,518,522,527,543,606,607,608,609,610,611,612,613,614,615,616,627,629,677,730,731,732,733,734,735,736,737,738,739,740,741,742,743,744,745,746,747,753,754,755,756,757,758,759,760,763,811,812,813,823,824,825,826,898,
621;0;4185;4227;1;2,32,70,105,135,136,138,185,186,196,235,254,264,299,304,332,366,382,393,396,401,412,428,436,444,497,498,518,522,527,543,606,607,608,609,610,611,612,613,614,615,616,627,629,677,730,731,732,733,734,735,736,737,738,739,740,741,742,743,744,745,746,747,753,754,755,756,757,758,759,760,763,811,812,813,823,824,825,826,898,
621;1;4227;4303;1;2,32,70,105,135,136,138,185,186,196,235,254,264,299,304,332,366,382,393,396,401,412,428,436,444,497,498,518,522,527,543,606,607,608,609,610,611,612,613,614,615,616,627,629,677,730,731,732,733,734,735,736,737,738,739,740,741,742,743,744,745,746,747,753,754,755,756,757,758,759,760,763,811,812,813,823,824,825,826,898,
79;0;4303;4421;1;2,32,70,105,135,136,138,185,186,196,235,254,264,299,304,332,366,382,393,396,401,412,428,436,444,497,498,518,522,527,543,606,607,608,609,610,611,612,613,614,615,616,627,629,677,730,731,732,733,734,735,736,737,738,739,740,741,742,743,744,745,746,747,753,754,755,756,757,758,759,760,763,811,812,813,823,824,825,826,898,
79;1;4421;4442;1;2,32,70,105,135,136,138,185,186,196,235,254,264,299,304,332,366,382,393,396,401,412,428,436,444,497,498,518,522,527,543,606,607,608,609,610,611,612,613,614,615,616,627,629,677,730,731,732,733,734,735,736,737,738,739,740,741,742,743,744,745,746,747,753,754,755,756,757,758,759,760,763,811,812,813,823,824,825,826,898,
488;0;4442;4619;0;2,32,70,105,135,136,138,185,186,196,235,254,264,299,304,332,366,382,393,396,401,412,428,436,444,497,498,518,522,527,543,606,607,608,609,610,611,612,613,614,615,616,627,629,677,730,731,732,733,734,735,736,737,738,739,740,741,742,743,744,745,746,747,753,754,755,756,757,758,759,760,763,811,812,813,823,824,825,826,898,
488;1;4619;4646;0;2,32,70,105,135,136,138,185,186,196,235,254,264,299,304,332,366,382,393,396,401,412,428,436,444,497,498,518,522,527,543,606,607,608,609,610,611,612,613,614,615,616,627,629,677,730,731,732,733,734,735,736,737,738,739,740,741,742,743,744,745,746,747,753,754,755,756,757,758,759,760,763,811,812,813,823,824,825,826,898,
675;0;4646;4673;0;2,32,70,105,135,136,138,185,186,196,235,254,264,299,304,332,366,382,393,396,401,412,428,436,444,497,498,518,522,527,543,606,607,608,609,610,611,612,613,614,615,616,627,629,677,730,731,732,733,734,735,736,737,738,739,740,741,742,743,744,745,746,747,753,754,755,756,757,758,759,760,763,811,812,813,823,824,825,826,898,
589;0;4673;4703;1;2,32,70,105,135,136,138,185,186,196,235,254,264,299,304,332,366,382,393,396,401,412,428,436,444,497,498,518,522,527,543,606,607,608,609,610,611,612,613,614,615,616,627,629,677,730,731,732,733,734,735,736,737,738,739,740,741,742,743,744,745,746,747,753,754,755,756,757,758,759,760,763,811,812,813,823,824,825,826,898,
589;1;4703;4842;1;2,32,70,105,135,136,138,185,186,196,235,254,264,299,304,332,366,382,393,396,401,412,428,436,444,497,498,518,522,527,543,606,607,608,609,610,611,612,613,614,615,616,627,629,677,730,731,732,733,734,735,736,737,738,739,740,741,742,743,744,745,746,747,753,754,755,756,757,758,759,760,763,811,812,813,823,824,825,826,898,
194;0;4842;4902;1;2,32,43,70,105,122,129,131,135,136,138,139,185,186,235,252,254,299,304,316,320,332,345,358,366,396,401,408,412,428,434,436,456,497,518,519,522,527,606,607,608,609,617,618,619,620,621,622,623,624,625,626,627,628,629,630,631,632,633,634,635,636,637,638,639,640,641,642,643,644,645,646,647,648,649,763,811,812,813,898,
194;1;4902;4962;1;2,32,43,70,105,122,129,131,135,136,138,139,185,186,235,252,254,299,304,316,320,332,345,358,366,396,401,408,412,428,434,436,456,497,518,519,522,527,606,607,608,609,617,618,619,620,621,622,623,624,625,626,627,628,629,630,631,632,633,634,635,636,637,638,639,640,641,642,643,644,645,646,647,648,649,763,811,812,813,898,
341;0;4962;5109;1;2,32,48,70,105,129,134,135,136,138,147,150,185,186,225,229,233,235,254,299,327,332,335,336,345,358,360,396,401,428,436,438,439,507,508,509,518,522,527,626,629,636,654,763,780,811,812,813,821,827,828,864,865,866,867,868,869,870,871,872,873,874,879,898,899,900,901,902,903,904,905,929,931,932,933,934,935,1031,1035,1503,
341;1;5109;5209;1;2,32,48,70,105,129,134,135,136,138,147,150,185,186,225,229,233,235,254,299,327,332,335,336,345,358,360,396,401,428,436,438,439,507,508,509,518,522,527,626,629,636,654,763,780,811,812,813,821,827,828,864,865,866,867,868,869,870,871,872,873,874,879,898,899,900,901,902,903,904,905,929,931,932,933,934,935,1031,1035,1503,
101;0;5209;5250;1;2,32,48,70,105,129,134,135,136,138,147,150,185,186,225,229,233,235,254,299,327,332,335,336,345,358,360,396,401,428,436,438,439,507,508,509,518,522,527,626,629,636,654,763,780,811,812,813,821,827,828,864,865,866,867,868,869,870,871,872,873,874,879,898,899,900,901,902,903,904,905,929,931,932,933,934,935,1031,1035,1503,
101;1;5250;5272;1;2,32,48,70,105,129,134,135,136,138,147,150,185,186,225,229,233,235,254,299,327,332,335,336,345,358,360,396,401,428,436,438,439,507,508,509,518,522,527,626,629,636,654,763,780,811,812,813,821,827,828,864,865,866,867,868,869,870,871,872,873,874,879,898,899,900,901,902,903,904,905,929,931,932,933,934,935,1031,1035,1503,
91;0;5272;5327;1;2,32,48,70,105,129,134,135,136,138,147,150,185,186,225,229,233,235,254,299,327,332,335,336,345,358,360,396,401,428,436,438,439,507,508,509,518,522,527,626,629,636,654,763,780,811,812,813,821,827,828,864,865,866,867,868,869,870,871,872,873,874,879,898,899,900,901,902,903,904,905,929,931,932,933,934,935,1031,1035,1503,
91;1;5327;5476;1;2,32,48,70,105,129,134,135,136,138,147,150,185,186,225,229,233,235,254,299,327,332,335,336,345,358,360,396,401,428,436,438,439,507,508,509,518,522,527,626,629,636,654,763,780,811,812,813,821,827,828,864,865,866,867,868,869,870,871,872,873,874,879,898,899,900,901,902,903,904,905,929,931,932,933,934,935,1031,1035,1503,
498;0;5476;5577;0;2,32,48,70,105,129,134,135,136,138,147,150,185,186,225,229,233,235,254,299,327,332,335,336,345,358,360,396,401,428,436,438,439,507,508,509,518,522,527,626,629,636,654,763,780,811,812,813,821,827,828,864,865,866,867,868,869,870,871,872,873,874,879,898,899,900,901,902,903,904,905,929,931,932,933,934,935,1031,1035,1503,
498;1;5577;5589;0;2,32,48,70,105,129,134,135,136,138,147,150,185,186,225,229,233,235,254,299,327,332,335,336,345,358,360,396,401,428,436,438,439,507,508,509,518,522,527,626,629,636,654,763,780,811,812,813,821,827,828,864,865,866,867,868,869,870,871,872,873,874,879,898,899,900,901,902,903,904,905,929,931,932,933,934,935,1031,1035,1503,
743;0;5589;5640;0;2,32,48,70,105,129,134,135,136,138,147,150,185,186,225,229,233,235,254,299,327,332,335,336,345,358,360,396,401,428,436,438,439,507,508,509,518,522,527,626,629,636,654,763,780,811,812,813,821,827,828,864,865,866,867,868,869,870,871,872,873,874,879,898,899,900,901,902,903,904,905,929,931,932,933,934,935,1031,1035,1503,
743;1;5640;5728;0;2,32,48,70,105,129,134,135,136,138,147,150,185,186,225,229,233,235,254,299,327,332,335,336,345,358,360,396,401,428,436,438,439,507,508,509,518,522,527,626,629,636,654,763,780,811,812,813,821,827,828,864,865,866,867,868,869,870,871,872,873,874,879,898,899,900,901,902,903,904,905,929,931,932,933,934,935,1031,1035,1503,
719;0;5728;5816;1;2,32,48,70,105,129,134,135,136,138,147,150,185,186,225,229,233,235,254,299,327,332,335,336,345,358,360,396,401,428,436,438,439,507,508,509,518,522,527,626,629,636,654,763,780,811,812,813,821,827,828,864,865,866,867,868,869,870,871,872,873,874,879,898,899,900,901,902,903,904,905,929,931,932,933,934,935,1031,1035,1503,
719;1;5816;5953;1;2,32,48,70,105,129,134,135,136,138,147,150,185,186,225,229,233,235,254,299,327,332,335,336,345,358,360,396,401,428,436,438,439,507,508,509,518,522,527,626,629,636,654,763,780,811,812,813,821,827,828,864,865,866,867,868,869,870,871,872,873,874,879,898,899,900,901,902,903,904,905,929,931,932,933,934,935,1031,1035,1503,
379;0;5953;6020;1;2,32,48,70,105,129,134,135,136,138,147,150,185,186,225,229,233,235,254,299,327,332,335,336,345,358,360,396,401,428,436,438,439,507,508,509,518,522,527,626,629,636,654,763,780,811,812,813,821,827,828,864,865,866,867,868,869,870,871,872,873,874,879,898,899,900,901,902,903,904,905,929,931,932,933,934,935,1031,1035,1503,
379;1;6020;6157;1;2,32,48,70,105,129,134,135,136,138,147,150,185,186,225,229,233,235,254,299,327,332,335,336,345,358,360,396,401,428,436,438,439,507,508,509,518,522,527,626,629,636,654,763,780,811,812,813,821,827,828,864,865,866,867,868,869,870,871,872,873,874,879,898,899,900,901,902,903,904,905,929,931,932,933,934,935,1031,1035,1503,
272;0;6157;6169;0;2,32,48,70,105,129,134,135,136,138,147,150,185,186,225,229,233,235,254,299,327,332,335,336,345,358,360,396,401,428,436,438,439,507,508,509,518,522,527,626,629,636,654,763,780,811,812,813,821,827,828,864,865,866,867,868,869,870,871,872,873,874,879,898,899,900,901,902,903,904,905,929,931,932,933,934,935,1031,1035,1503,
696;0;6169;6320;1;2,32,48,70,105,129,134,135,136,138,147,150,185,186,225,229,233,235,254,299,327,332,335,336,345,358,360,396,401,428,436,438,439,507,508,509,518,522,527,626,629,636,654,763,780,811,812,813,821,827,828,864,865,866,867,868,869,870,871,872,873,874,879,898,899,900,901,902,903,904,905,929,931,932,933,934,935,1031,1035,1503,
696;1;6320;6408;1;2,32,48,70,105,129,134,135,136,138,147,150,185,186,225,229,233,235,254,299,327,332,335,336,345,358,360,396,401,428,436,438,439,507,508,509,518,522,527,626,629,636,654,763,780,811,812,813,821,827,828,864,865,866,867,868,869,870,871,872,873,874,879,898,899,900,901,902,903,904,905,929,931,932,933,934,935,1031,1035,1503,
311;0;6408;6449;1;2,32,48,70,105,129,134,135,136,138,147,150,185,186,225,229,235,254,263,297,299,327,332,335,336,345,358,360,368,396,401,410,420,421,422,428,436,438,507,508,509,518,522,527,626,629,636,654,763,780,811,812,813,821,827,828,864,867,871,872,874,879,899,900,901,902,903,904,905,929,931,932,1031,1035,1301,1302,1303,1304,1305,1503,
311;1;6449;6598;1;2,32,48,70,105,129,134,135,136,138,147,150,185,186,225,229,235,254,263,297,299,327,332,335,336,345,358,360,368,396,401,410,420,421,422,428,436,438,507,508,509,518,522,527,626,629,636,654,763,780,811,812,813,821,827,828,864,867,871,872,874,879,899,900,901,902,903,904,905,929,931,932,1031,1035,1301,1302,1303,1304,1305,1503,
496;0;6598;6676;1;2,32,48,70,105,129,134,135,136,138,147,150,185,186,225,229,235,254,263,297,299,327,332,335,336,345,358,360,368,396,401,410,420,421,422,428,436,438,507,508,509,518,522,527,626,629,636,654,763,780,811,812,813,821,827,828,864,867,871,872,874,879,899,900,901,902,903,904,905,929,931,932,1031,1035,1301,1302,1303,1304,1305,1503,
496;1;6676;6845;1;2,32,48,70,105,129,134,135,136,138,147,150,185,186,225,229,235,254,263,297,299,327,332,335,336,345,358,360,368,396,401,410,420,421,422,428,436,438,507,508,509,518,522,527,626,629,636,654,763,780,811,812,813,821,827,828,864,867,871,872,874,879,899,900,901,902,903,904,905,929,931,932,1031,1035,1301,1302,1303,1304,1305,1503,
241;0;6845;6917;1;2,32,48,70,105,129,134,135,136,138,147,150,185,186,225,229,235,254,263,297,299,327,332,335,336,345,358,360,368,396,401,410,420,421,422,428,436,438,507,508,509,518,522,527,626,629,636,654,763,780,811,812,813,821,827,828,864,867,871,872,874,879,899,900,901,902,903,904,905,929,931,932,1031,1035,1301,1302,1303,1304,1305,1503,
241;1;6917;7060;1;2,32,48,70,105,129,134,135,136,138,147,150,185,186,225,229,235,254,263,297,299,327,332,335,336,345,358,360,368,396,401,410,420,421,422,428,436,438,507,508,509,518,522,527,626,629,636,654,763,780,811,812,813,821,827,828,864,867,871,872,874,879,899,900,901,902,903,904,905,929,931,932,1031,1035,1301,1302,1303,1304,1305,1503,
747;0;7060;7087;0;2,32,48,70,105,129,134,135,136,138,147,150,185,186,225,229,235,254,263,297,299,327,332,335,336,345,358,360,368,396,401,410,420,421,422,428,436,438,507,508,509,518,522,527,626,629,636,654,763,780,811,812,813,821,827,828,864,867,871,872,874,879,899,900,901,902,903,904,905,929,931,932,1031,1035,1301,1302,1303,1304,1305,1503,
528;0;7087;7153;0;2,32,48,70,105,129,134,135,136,138,147,150,185,186,225,229,235,254,263,297,299,327,332,335,336,345,358,360,368,396,401,410,420,421,422,428,436,438,507,508,509,518,522,527,626,629,636,654,763,780,811,812,813,821,827,828,864,867,871,872,874,879,899,900,901,902,903,904,905,929,931,932,1031,1035,1301,1302,1303,1304,1305,1503,
528;1;7153;7175;0;2,32,48,70,105,129,134,135,136,138,147,150,185,186,225,229,235,254,263,297,299,327,332,335,336,345,358,360,368,396,401,410,420,421,422,428,436,438,507,508,509,518,522,527,626,629,636,654,763,780,811,812,813,821,827,828,864,867,871,872,874,879,899,900,901,902,903,904,905,929,931,932,1031,1035,1301,1302,1303,1304,1305,1503,
564;0;7175;7326;1;2,32,48,70,105,129,134,135,136,138,147,150,185,186,225,229,235,254,263,297,299,327,332,335,336,345,358,360,368,396,401,410,420,421,422,428,436,438,507,508,509,518,522,527,626,629,636,654,763,780,811,812,813,821,827,828,864,867,871,872,874,879,899,900,901,902,903,904,905,929,931,932,1031,1035,1301,1302,1303,1304,1305,1503,
564;1;7326;7414;1;2,32,48,70,105,129,134,135,136,138,147,150,185,186,225,229,235,254,263,297,299,327,332,335,336,345,358,360,368,396,401,410,420,421,422,428,436,438,507,508,509,518,522,527,626,629,636,654,763,780,811,812,813,821,827,828,864,867,871,872,874,879,899,900,901,902,903,904,905,929,931,932,1031,1035,1301,1302,1303,1304,1305,1503,
649;0;7414;7509;1;2,32,48,70,105,129,134,135,136,138,147,150,185,186,225,229,235,254,263,297,299,327,332,335,336,345,358,360,368,396,401,410,420,421,422,428,436,438,507,508,509,518,522,527,626,629,636,654,763,780,811,812,813,821,827,828,864,867,871,872,874,879,899,900,901,902,903,904,905,929,931,932,1031,1035,1301,1302,1303,1304,1305,1503,
649;1;7509;7658;1;2,32,48,70,105,129,134,135,136,138,147,150,185,186,225,229,235,254,263,297,299,327,332,335,336,345,358,360,368,396,401,410,420,421,422,428,436,438,507,508,509,518,522,527,626,629,636,654,763,780,811,812,813,821,827,828,864,867,871,872,874,879,899,900,901,902,903,904,905,929,931,932,1031,1035,1301,1302,1303,1304,1305,1503,
646;0;7658;7669;1;2,32,48,70,105,129,134,135,136,138,147,150,185,186,225,229,235,254,263,297,299,327,332,335,336,345,358,360,368,396,401,410,420,421,422,428,436,438,507,508,509,518,522,527,626,629,636,654,763,780,811,812,813,821,827,828,864,867,871,872,874,879,899,900,901,902,903,904,905,929,931,932,1031,1035,1301,1302,1303,1304,1305,1503,
646;1;7669;7812;1;2,32,48,70,105,129,134,135,136,138,147,150,185,186,225,229,235,254,263,297,299,327,332,335,336,345,358,360,368,396,401,410,420,421,422,428,436,438,507,508,509,518,522,527,626,629,636,654,763,780,811,812,813,821,827,828,864,867,871,872,874,879,899,900,901,902,903,904,905,929,931,932,1031,1035,1301,1302,1303,1304,1305,1503,
534;0;7812;7963;1;2,32,44,48,51,54,70,71,87,94,105,110,112,113,114,115,116,117,118,119,120,121,129,138,143,150,197,198,234,245,246,247,249,263,299,305,332,336,337,338,345,360,371,401,420,428,438,527,555,588,589,590,591,592,593,594,595,596,597,598,599,600,601,602,603,604,605,802,803,804,805,806,807,808,809,810,864,867,1263,1264,
534;1;7963;7993;1;2,32,44,48,51,54,70,71,87,94,105,110,112,113,114,115,116,117,118,119,120,121,129,138,143,150,197,198,234,245,246,247,249,263,299,305,332,336,337,338,345,360,371,401,420,428,438,527,555,588,589,590,591,592,593,594,595,596,597,598,599,600,601,602,603,604,605,802,803,804,805,806,807,808,809,810,864,867,1263,1264,
224;0;7993;8029;1;2,32,44,48,51,54,70,71,87,94,105,110,112,113,114,115,116,117,118,119,120,121,129,138,143,150,197,198,234,245,246,247,249,263,299,305,332,336,337,338,345,360,371,401,420,428,438,527,555,588,589,590,591,592,593,594,595,596,597,598,599,600,601,602,603,604,605,802,803,804,805,806,807,808,809,810,864,867,1263,1264,
224;1;8029;8102;1;2,32,44,48,51,54,70,71,87,94,105,110,112,113,114,115,116,117,118,119,120,121,129,138,143,150,197,198,234,245,246,247,249,263,299,305,332,336,337,338,345,360,371,401,420,428,438,527,555,588,589,590,591,592,593,594,595,596,597,598,599,600,601,602,603,604,605,802,803,804,805,806,807,808,809,810,864,867,1263,1264,
628;0;8102;8143;0;2,32,44,48,51,54,70,71,87,94,105,110,112,113,114,115,116,117,118,119,120,121,129,138,143,150,197,198,234,245,246,247,249,263,299,305,332,336,337,338,345,360,371,401,420,428,438,527,555,588,589,590,591,592,593,594,595,596,597,598,599,600,601,602,603,604,605,802,803,804,805,806,807,808,809,810,864,867,1263,1264,
628;1;8143;8158;0;2,32,44,48,51,54,70,71,87,94,105,110,112,113,114,115,116,117,118,119,120,121,129,138,143,150,197,198,234,245,246,247,249,263,299,305,332,336,337,338,345,360,371,401,420,428,438,527,555,588,589,590,591,592,593,594,595,596,597,598,599,600,601,602,603,604,605,802,803,804,805,806,807,808,809,810,864,867,1263,1264,
402;0;8158;8254;0;2,32,44,48,51,54,70,71,87,94,105,110,112,113,114,115,116,117,118,119,120,121,129,138,143,150,197,198,234,245,246,247,249,263,299,305,332,336,337,338,345,360,371,401,420,428,438,527,555,588,589,590,591,592,593,594,595,596,597,598,599,600,601,602,603,604,605,802,803,804,805,806,807,808,809,810,864,867,1263,1264,
434;0;8254;8306;1;2,32,44,48,51,54,70,71,87,94,105,110,112,113,114,115,116,117,118,119,120,121,129,138,143,150,197,198,234,245,246,247,249,263,299,305,332,336,337,338,345,360,371,401,420,428,438,527,555,588,589,590,591,592,593,594,595,596,597,598,599,600,601,602,603,604,605,802,803,804,805,806,807,808,809,810,864,867,1263,1264,
434;1;8306;8336;1;2,32,44,48,51,54,70,71,87,94,105,110,112,113,114,115,116,117,118,119,120,121,129,138,143,150,197,198,234,245,246,247,249,263,299,305,332,336,337,338,345,360,371,401,420,428,438,527,555,588,589,590,591,592,593,594,595,596,597,598,599,600,601,602,603,604,605,802,803,804,805,806,807,808,809,810,864,867,1263,1264,
539;0;8336;8437;1;2,32,44,48,51,54,70,71,87,94,105,110,112,113,114,115,116,117,118,119,120,121,129,138,143,150,197,198,234,245,246,247,249,263,299,305,332,336,337,338,345,360,371,401,420,428,438,527,555,588,589,590,591,592,593,594,595,596,597,598,599,600,601,602,603,604,605,802,803,804,805,806,807,808,809,810,864,867,1263,1264,
539;1;8437;8467;1;2,32,44,48,51,54,70,71,87,94,105,110,112,113,114,115,116,117,118,119,120,121,129,138,143,150,197,198,234,245,246,247,249,263,299,305,332,336,337,338,345,360,371,401,420,428,438,527,555,588,589,590,591,592,593,594,595,596,597,598,599,600,601,602,603,604,605,802,803,804,805,806,807,808,809,810,864,867,1263,1264,
419;0;8467;8547;1;2,32,44,48,51,54,70,71,87,94,105,110,112,113,114,115,116,117,118,119,120,121,129,138,143,150,197,198,234,245,246,247,249,263,299,305,332,336,337,338,345,360,371,401,420,428,438,527,555,588,589,590,591,592,593,594,595,596,597,598,599,600,601,602,603,604,605,802,803,804,805,806,807,808,809,810,864,867,1263,1264,
419;1;8547;8620;1;2,32,44,48,51,54,70,71,87,94,105,110,112,113,114,115,116,117,118,119,120,121,129,138,143,150,197,198,234,245,246,247,249,263,299,305,332,336,337,338,345,360,371,401,420,428,438,527,555,588,589,590,591,592,593,594,595,596,597,598,599,600,601,602,603,604,605,802,803,804,805,806,807,808,809,810,864,867,1263,1264,
602;0;8620;8644;0;2,32,44,48,51,54,70,71,87,94,105,110,112,113,114,115,116,117,118,119,120,121,129,138,143,150,197,198,234,245,246,247,249,263,299,305,332,336,337,338,345,360,371,401,420,428,438,527,555,588,589,590,591,592,593,594,595,596,597,598,599,600,601,602,603,604,605,802,803,804,805,806,807,808,809,810,864,867,1263,1264,
701;0;8644;8750;1;2,32,44,48,51,54,70,71,87,94,105,110,112,113,114,115,116,117,118,119,120,121,129,138,143,150,197,198,234,245,246,247,249,263,299,305,332,336,337,338,345,360,371,401,420,428,438,527,555,588,589,590,591,592,593,594,595,596,597,598,599,600,601,602,603,604,605,802,803,804,805,806,807,808,809,810,864,867,1263,1264,
701;1;8750;8780;1;2,32,44,48,51,54,70,71,87,94,105,110,112,113,114,115,116,117,118,119,120,121,129,138,143,150,197,198,234,245,246,247,249,263,299,305,332,336,337,338,345,360,371,401,420,428,438,527,555,588,589,590,591,592,593,594,595,596,597,598,599,600,601,602,603,604,605,802,803,804,805,806,807,808,809,810,864,867,1263,1264,
84;0;8780;8876;1;2,32,44,48,51,54,70,71,87,94,105,110,112,113,114,115,116,117,118,119,120,121,129,138,143,150,197,198,234,245,246,247,249,263,299,305,332,336,337,338,345,360,371,401,420,428,438,527,555,588,589,590,591,592,593,594,595,596,597,598,599,600,601,602,603,604,605,802,803,804,805,806,807,808,809,810,864,867,1263,1264,
84;1;8876;8891;1;2,32,44,48,51,54,70,71,87,94,105,110,112,113,114,115,116,117,118,119,120,121,129,138,143,150,197,198,234,245,246,247,249,263,299,305,332,336,337,338,345,360,371,401,420,428,438,527,555,588,589,590,591,592,593,594,595,596,597,598,599,600,601,602,603,604,605,802,803,804,805,806,807,808,809,810,864,867,1263,1264,
49;0;8891;9065;1;2,32,44,48,51,54,70,71,87,94,105,110,112,113,114,115,116,117,118,119,120,121,129,138,143,150,197,198,234,245,246,247,249,263,299,305,332,336,337,338,345,360,371,401,420,428,438,527,555,588,589,590,591,592,593,594,595,596,597,598,599,600,601,602,603,604,605,802,803,804,805,806,807,808,809,810,864,867,1263,1264,
49;1;9065;9138;1;2,32,44,48,51,54,70,71,87,94,105,110,112,113,114,115,116,117,118,119,120,121,129,138,143,150,197,198,234,245,246,247,249,263,299,305,332,336,337,338,345,360,371,401,420,428,438,527,555,588,589,590,591,592,593,594,595,596,597,598,599,600,601,602,603,604,605,802,803,804,805,806,807,808,809,810,864,867,1263,1264,
576;0;9138;9236;1;2,32,44,48,51,54,70,71,87,94,105,110,112,113,114,115,116,117,118,119,120,121,129,138,143,150,197,198,234,245,246,247,249,263,299,305,332,336,337,338,345,360,371,401,420,428,438,527,555,588,589,590,591,592,593,594,595,596,597,598,599,600,601,602,603,604,605,802,803,804,805,806,807,808,809,810,864,867,1263,1264,
576;1;9236;9266;1;2,32,44,48,51,54,70,71,87,94,105,110,112,113,114,115,116,117,118,119,120,121,129,138,143,150,197,198,234,245,246,247,249,263,299,305,332,336,337,338,345,360,371,401,420,428,438,527,555,588,589,590,591,592,593,594,595,596,597,598,599,600,601,602,603,604,605,802,803,804,805,806,807,808,809,810,864,867,1263,1264,
411;0;9266;9414;1;32,48,70,71,72,94,105,110,115,129,138,150,151,155,197,224,227,245,246,247,248,249,250,251,263,332,336,345,360,377,420,428,438,442,517,529,864,867,919,1066,1108,1234,1235,1236,1237,1238,1239,1240,1241,1242,1243,1244,1245,1246,1247,1248,1249,1250,1251,1252,1253,1254,1255,1256,1257,1258,1263,1264,1306,1307,1308,1309,1310,1311,1312,1313,1314,1315,1316,1317,
411;1;9414;9545;1;32,48,70,71,72,94,105,110,115,129,138,150,151,155,197,224,227,245,246,247,248,249,250,251,263,332,336,345,360,377,420,428,438,442,517,529,864,867,919,1066,1108,1234,1235,1236,1237,1238,1239,1240,1241,1242,1243,1244,1245,1246,1247,1248,1249,1250,1251,1252,1253,1254,1255,1256,1257,1258,1263,1264,1306,1307,1308,1309,1310,1311,1312,1313,1314,1315,1316,1317,
254;0;9545;9714;1;32,48,70,71,72,94,105,110,115,129,138,150,151,155,197,224,227,245,246,247,248,249,250,251,263,332,336,345,360,377,420,428,438,442,517,529,864,867,919,1066,1108,1234,1235,1236,1237,1238,1239,1240,1241,1242,1243,1244,1245,1246,1247,1248,1249,1250,1251,1252,1253,1254,1255,1256,1257,1258,1263,1264,1306,1307,1308,1309,1310,1311,1312,1313,1314,1315,1316,1317,
254;1;9714;9775;1;32,48,70,71,72,94,105,110,115,129,138,150,151,155,197,224,227,245,246,247,248,249,250,251,263,332,336,345,360,377,420,428,438,442,517,529,864,867,919,1066,1108,1234,1235,1236,1237,1238,1239,1240,1241,1242,1243,1244,1245,1246,1247,1248,1249,1250,1251,1252,1253,1254,1255,1256,1257,1258,1263,1264,1306,1307,1308,1309,1310,1311,1312,1313,1314,1315,1316,1317,
269;0;9775;9824;1;32,48,70,71,72,94,105,110,115,129,138,150,151,155,197,224,227,245,246,247,248,249,250,251,263,332,336,345,360,377,420,428,438,442,517,529,864,867,919,1066,1108,1234,1235,1236,1237,1238,1239,1240,1241,1242,1243,1244,1245,1246,1247,1248,1249,1250,1251,1252,1253,1254,1255,1256,1257,1258,1263,1264,1306,1307,1308,1309,1310,1311,1312,1313,1314,1315,1316,1317,
269;1;9824;9848;1;32,48,70,71,72,94,105,110,115,129,138,150,151,155,197,224,227,245,246,247,248,249,250,251,263,332,336,345,360,377,420,428,438,442,517,529,864,867,919,1066,1108,1234,1235,1236,1237,1238,1239,1240,1241,1242,1243,1244,1245,1246,1247,1248,1249,1250,1251,1252,1253,1254,1255,1256,1257,1258,1263,1264,1306,1307,1308,1309,1310,1311,1312,1313,1314,1315,1316,1317,
654;0;9848;10011;1;32,48,70,71,72,94,105,110,115,129,138,150,151,155,197,224,227,245,246,247,248,249,250,251,263,332,336,345,360,377,420,428,438,442,517,529,864,867,919,1066,1108,1234,1235,1236,1237,1238,1239,1240,1241,1242,1243,1244,1245,1246,1247,1248,1249,1250,1251,1252,1253,1254,1255,1256,1257,1258,1263,1264,1306,1307,1308,1309,1310,1311,1312,1313,1314,1315,1316,1317,
654;1;10011;10063;1;32,48,70,71,72,94,105,110,115,129,138,150,151,155,197,224,227,245,246,247,248,249,250,251,263,332,336,345,360,377,420,428,438,442,517,529,864,867,919,1066,1108,1234,1235,1236,1237,1238,1239,1240,1241,1242,1243,1244,1245,1246,1247,1248,1249,1250,1251,1252,1253,1254,1255,1256,1257,1258,1263,1264,1306,1307,1308,1309,1310,1311,1312,1313,1314,1315,1316,1317,
Machine: 5
389;0;0;164;1;0,2,3,4,32,43,45,67,122,129,131,135,139,230,252,259,271,272,286,304,316,320,332,336,343,345,358,366,390,408,412,434,456,468,477,482,504,505,519,617,618,619,620,621,622,623,624,625,626,627,628,629,630,631,632,633,634,635,636,637,638,639,640,641,642,643,644,645,646,647,648,649,1126,1135,1137,1145,1227,1228,1229,1230,
389;1;164;185;1;0,2,3,4,32,43,45,67,122,129,131,135,139,230,252,259,271,272,286,304,316,320,332,336,343,345,358,366,390,408,412,434,456,468,477,482,504,505,519,617,618,619,620,621,622,623,624,625,626,627,628,629,630,631,632,633,634,635,636,637,638,639,640,641,642,643,644,645,646,647,648,649,1126,1135,1137,1145,1227,1228,1229,1230,
669;0;185;221;1;0,2,3,4,32,43,45,67,122,129,131,135,139,230,252,259,271,272,286,304,316,320,332,336,343,345,358,366,390,408,412,434,456,468,477,482,504,505,519,617,618,619,620,621,622,623,624,625,626,627,628,629,630,631,632,633,634,635,636,637,638,639,640,641,642,643,644,645,646,647,648,649,1126,1135,1137,1145,1227,1228,1229,1230,
669;1;221;281;1;0,2,3,4,32,43,45,67,122,129,131,135,139,230,252,259,271,272,286,304,316,320,332,336,343,345,358,366,390,408,412,434,456,468,477,482,504,505,519,617,618,619,620,621,622,623,624,625,626,627,628,629,630,631,632,633,634,635,636,637,638,639,640,641,642,643,644,645,646,647,648,649,1126,1135,1137,1145,1227,1228,1229,1230,
631;0;281;361;1;0,2,3,4,32,43,45,67,122,129,131,135,139,230,252,259,271,272,286,304,316,320,332,336,343,345,358,366,390,408,412,434,456,468,477,482,504,505,519,617,618,619,620,621,622,623,624,625,626,627,628,629,630,631,632,633,634,635,636,637,638,639,640,641,642,643,644,645,646,647,648,649,1126,1135,1137,1145,1227,1228,1229,1230,
631;1;361;421;1;0,2,3,4,32,43,45,67,122,129,131,135,139,230,252,259,271,272,286,304,316,320,332,336,343,345,358,366,390,408,412,434,456,468,477,482,504,505,519,617,618,619,620,621,622,623,624,625,626,627,628,629,630,631,632,633,634,635,636,637,638,639,640,641,642,643,644,645,646,647,648,649,1126,1135,1137,1145,1227,1228,1229,1230,
188;0;421;465;0;0,2,3,4,32,43,45,67,122,129,131,135,139,230,252,259,271,272,286,304,316,320,332,336,343,345,358,366,390,408,412,434,456,468,477,482,504,505,519,617,618,619,620,621,622,623,624,625,626,627,628,629,630,631,632,633,634,635,636,637,638,639,640,641,642,643,644,645,646,647,648,649,1126,1135,1137,1145,1227,1228,1229,1230,
188;1;465;486;0;0,2,3,4,32,43,45,67,122,129,131,135,139,230,252,259,271,272,286,304,316,320,332,336,343,345,358,366,390,408,412,434,456,468,477,482,504,505,519,617,618,619,620,621,622,623,624,625,626,627,628,629,630,631,632,633,634,635,636,637,638,639,640,641,642,643,644,645,646,647,648,649,1126,1135,1137,1145,1227,1228,1229,1230,
248;0;486;561;0;0,2,3,4,32,43,45,67,122,129,131,135,139,230,252,259,271,272,286,304,316,320,332,336,343,345,358,366,390,408,412,434,456,468,477,482,504,505,519,617,618,619,620,621,622,623,624,625,626,627,628,629,630,631,632,633,634,635,636,637,638,639,640,641,642,643,644,645,646,647,648,649,1126,1135,1137,1145,1227,1228,1229,1230,
248;1;561;590;0;0,2,3,4,32,43,45,67,122,129,131,135,139,230,252,259,271,272,286,304,316,320,332,336,343,345,358,366,390,408,412,434,456,468,477,482,504,505,519,617,618,619,620,621,622,623,624,625,626,627,628,629,630,631,632,633,634,635,636,637,638,639,640,641,642,643,644,645,646,647,648,649,1126,1135,1137,1145,1227,1228,1229,1230,
41;0;590;732;1;2,3,4,32,43,67,129,138,186,252,259,263,266,316,320,332,336,337,342,343,345,346,347,382,390,405,406,407,408,409,410,411,412,413,420,428,456,468,477,482,496,501,504,505,506,507,508,509,510,511,512,513,519,520,530,532,617,621,624,626,634,639,722,723,724,725,726,727,728,729,780,814,815,816,817,818,819,820,821,822,
41;1;732;766;1;2,3,4,32,43,67,129,138,186,252,259,263,266,316,320,332,336,337,342,343,345,346,347,382,390,405,406,407,408,409,410,411,412,413,420,428,456,468,477,482,496,501,504,505,506,507,508,509,510,511,512,513,519,520,530,532,617,621,624,626,634,639,722,723,724,725,726,727,728,729,780,814,815,816,817,818,819,820,821,822,
149;0;766;918;1;2,3,4,32,43,67,129,138,186,252,259,263,266,316,320,332,336,337,342,343,345,346,347,382,390,405,406,407,408,409,410,411,412,413,420,428,456,468,477,482,496,501,504,505,506,507,508,509,510,511,512,513,519,520,530,532,617,621,624,626,634,639,722,723,724,725,726,727,728,729,780,814,815,816,817,818,819,820,821,822,
149;1;918;952;1;2,3,4,32,43,67,129,138,186,252,259,263,266,316,320,332,336,337,342,343,345,346,347,382,390,405,406,407,408,409,410,411,412,413,420,428,456,468,477,482,496,501,504,505,506,507,508,509,510,511,512,513,519,520,530,532,617,621,624,626,634,639,722,723,724,725,726,727,728,729,780,814,815,816,817,818,819,820,821,822,
161;0;952;1029;1;2,3,4,32,43,67,129,138,186,252,259,263,266,316,320,332,336,337,342,343,345,346,347,382,390,405,406,407,408,409,410,411,412,413,420,428,456,468,477,482,496,501,504,505,506,507,508,509,510,511,512,513,519,520,530,532,617,621,624,626,634,639,722,723,724,725,726,727,728,729,780,814,815,816,817,818,819,820,821,822,
161;1;1029;1113;1;2,3,4,32,43,67,129,138,186,252,259,263,266,316,320,332,336,337,342,343,345,346,347,382,390,405,406,407,408,409,410,411,412,413,420,428,456,468,477,482,496,501,504,505,506,507,508,509,510,511,512,513,519,520,530,532,617,621,624,626,634,639,722,723,724,725,726,727,728,729,780,814,815,816,817,818,819,820,821,822,
31;0;1113;1166;1;2,3,4,32,43,67,129,138,186,252,259,263,266,316,320,332,336,337,342,343,345,346,347,382,390,405,406,407,408,409,410,411,412,413,420,428,456,468,477,482,496,501,504,505,506,507,508,509,510,511,512,513,519,520,530,532,617,621,624,626,634,639,722,723,724,725,726,727,728,729,780,814,815,816,817,818,819,820,821,822,
31;1;1166;1238;1;2,3,4,32,43,67,129,138,186,252,259,263,266,316,320,332,336,337,342,343,345,346,347,382,390,405,406,407,408,409,410,411,412,413,420,428,456,468,477,482,496,501,504,505,506,507,508,509,510,511,512,513,519,520,530,532,617,621,624,626,634,639,722,723,724,725,726,727,728,729,780,814,815,816,817,818,819,820,821,822,
73;0;1238;1242;0;2,3,4,32,43,67,129,138,186,252,259,263,266,316,320,332,336,337,342,343,345,346,347,382,390,405,406,407,408,409,410,411,412,413,420,428,456,468,477,482,496,501,504,505,506,507,508,509,510,511,512,513,519,520,530,532,617,621,624,626,634,639,722,723,724,725,726,727,728,729,780,814,815,816,817,818,819,820,821,822,
73;1;1242;1326;0;2,3,4,32,43,67,129,138,186,252,259,263,266,316,320,332,336,337,342,343,345,346,347,382,390,405,406,407,408,409,410,411,412,413,420,428,456,468,477,482,496,501,504,505,506,507,508,509,510,511,512,513,519,520,530,532,617,621,624,626,634,639,722,723,724,725,726,727,728,729,780,814,815,816,817,818,819,820,821,822,
231;0;1326;1473;1;2,3,4,32,43,67,129,138,186,252,259,263,266,316,320,332,336,337,342,343,345,346,347,382,390,405,406,407,408,409,410,411,412,413,420,428,456,468,477,482,496,501,504,505,506,507,508,509,510,511,512,513,519,520,530,532,617,621,624,626,634,639,722,723,724,725,726,727,728,729,780,814,815,816,817,818,819,820,821,822,
231;1;1473;1507;1;2,3,4,32,43,67,129,138,186,252,259,263,266,316,320,332,336,337,342,343,345,346,347,382,390,405,406,407,408,409,410,411,412,413,420,428,456,468,477,482,496,501,504,505,506,507,508,509,510,511,512,513,519,520,530,532,617,621,624,626,634,639,722,723,724,725,726,727,728,729,780,814,815,816,817,818,819,820,821,822,
52;0;1507;1541;0;2,3,4,32,43,67,129,138,186,252,259,263,266,316,320,332,336,337,342,343,345,346,347,382,390,405,406,407,408,409,410,411,412,413,420,428,456,468,477,482,496,501,504,505,506,507,508,509,510,511,512,513,519,520,530,532,617,621,624,626,634,639,722,723,724,725,726,727,728,729,780,814,815,816,817,818,819,820,821,822,
569;0;1541;1685;1;2,3,4,32,43,67,129,138,186,252,259,263,266,316,320,332,336,337,342,343,345,346,347,382,390,405,406,407,408,409,410,411,412,413,420,428,456,468,477,482,496,501,504,505,506,507,508,509,510,511,512,513,519,520,530,532,617,621,624,626,634,639,722,723,724,725,726,727,728,729,780,814,815,816,817,818,819,820,821,822,
569;1;1685;1860;1;2,3,4,32,43,67,129,138,186,252,259,263,266,316,320,332,336,337,342,343,345,346,347,382,390,405,406,407,408,409,410,411,412,413,420,428,456,468,477,482,496,501,504,505,506,507,508,509,510,511,512,513,519,520,530,532,617,621,624,626,634,639,722,723,724,725,726,727,728,729,780,814,815,816,817,818,819,820,821,822,
746;0;1860;2031;1;2,3,4,32,43,67,129,138,165,186,252,259,263,266,316,320,332,336,337,342,343,345,346,347,382,387,388,389,390,391,392,393,394,395,396,397,398,399,405,406,407,408,409,410,411,412,413,420,428,456,468,477,482,496,501,504,505,506,507,508,509,510,511,512,513,519,520,530,532,617,621,624,626,634,639,722,723,780,1523,1524,
746;1;2031;2124;1;2,3,4,32,43,67,129,138,165,186,252,259,263,266,316,320,332,336,337,342,343,345,346,347,382,387,388,389,390,391,392,393,394,395,396,397,398,399,405,406,407,408,409,410,411,412,413,420,428,456,468,477,482,496,501,504,505,506,507,508,509,510,511,512,513,519,520,530,532,617,621,624,626,634,639,722,723,780,1523,1524,
399;0;2124;2150;1;32,38,124,129,138,186,254,259,311,316,332,335,336,337,343,345,352,368,378,379,380,381,388,393,397,406,428,432,448,468,477,482,504,505,506,507,508,509,510,511,512,513,519,546,554,621,624,626,634,639,654,704,705,706,707,708,709,710,711,712,713,714,715,716,717,718,719,720,721,780,1088,1089,1090,1091,1092,1093,1094,1095,1096,1097,
399;1;2150;2183;1;32,38,124,129,138,186,254,259,311,316,332,335,336,337,343,345,352,368,378,379,380,381,388,393,397,406,428,432,448,468,477,482,504,505,506,507,508,509,510,511,512,513,519,546,554,621,624,626,634,639,654,704,705,706,707,708,709,710,711,712,713,714,715,716,717,718,719,720,721,780,1088,1089,1090,1091,1092,1093,1094,1095,1096,1097,
739;0;2183;2197;1;32,38,124,129,138,186,254,259,311,316,332,335,336,337,343,345,352,368,378,379,380,381,388,393,397,406,428,432,448,468,477,482,504,505,506,507,508,509,510,511,512,513,519,546,554,621,624,626,634,639,654,704,705,706,707,708,709,710,711,712,713,714,715,716,717,718,719,720,721,780,1088,1089,1090,1091,1092,1093,1094,1095,1096,1097,
739;1;2197;2230;1;32,38,124,129,138,186,254,259,311,316,332,335,336,337,343,345,352,368,378,379,380,381,388,393,397,406,428,432,448,468,477,482,504,505,506,507,508,509,510,511,512,513,519,546,554,621,624,626,634,639,654,704,705,706,707,708,709,710,711,712,713,714,715,716,717,718,719,720,721,780,1088,1089,1090,1091,1092,1093,1094,1095,1096,1097,
421;0;2230;2394;1;32,38,124,129,138,186,254,259,311,316,332,335,336,337,343,345,352,368,378,379,380,381,388,393,397,406,428,432,448,468,477,482,504,505,506,507,508,509,510,511,512,513,519,546,554,621,624,626,634,639,654,704,705,706,707,708,709,710,711,712,713,714,715,716,717,718,719,720,721,780,1088,1089,1090,1091,1092,1093,1094,1095,1096,1097,
421;1;2394;2508;1;32,38,124,129,138,186,254,259,311,316,332,335,336,337,343,345,352,368,378,379,380,381,388,393,397,406,428,432,448,468,477,482,504,505,506,507,508,509,510,511,512,513,519,546,554,621,624,626,634,639,654,704,705,706,707,708,709,710,711,712,713,714,715,716,717,718,719,720,721,780,1088,1089,1090,1091,1092,1093,1094,1095,1096,1097,
112;0;2508;2558;0;32,38,124,129,138,186,254,259,311,316,332,335,336,337,343,345,352,368,378,379,380,381,388,393,397,406,428,432,448,468,477,482,504,505,506,507,508,509,510,511,512,513,519,546,554,621,624,626,634,639,654,704,705,706,707,708,709,710,711,712,713,714,715,716,717,718,719,720,721,780,1088,1089,1090,1091,1092,1093,1094,1095,1096,1097,
270;0;2558;2592;0;32,38,124,129,138,186,254,259,311,316,332,335,336,337,343,345,352,368,378,379,380,381,388,393,397,406,428,432,448,468,477,482,504,505,506,507,508,509,510,511,512,513,519,546,554,621,624,626,634,639,654,704,705,706,707,708,709,710,711,712,713,714,715,716,717,718,719,720,721,780,1088,1089,1090,1091,1092,1093,1094,1095,1096,1097,
24;0;2592;2722;1;32,38,124,129,138,186,254,259,311,316,332,335,336,337,343,345,352,368,378,379,380,381,388,393,397,406,428,432,448,468,477,482,504,505,506,507,508,509,510,511,512,513,519,546,554,621,624,626,634,639,654,704,705,706,707,708,709,710,711,712,713,714,715,716,717,718,719,720,721,780,1088,1089,1090,1091,1092,1093,1094,1095,1096,1097,
24;1;2722;2734;1;32,38,124,129,138,186,254,259,311,316,332,335,336,337,343,345,352,368,378,379,380,381,388,393,397,406,428,432,448,468,477,482,504,505,506,507,508,509,510,511,512,513,519,546,554,621,624,626,634,639,654,704,705,706,707,708,709,710,711,712,713,714,715,716,717,718,719,720,721,780,1088,1089,1090,1091,1092,1093,1094,1095,1096,1097,
489;0;2734;2829;1;32,38,124,129,138,186,254,259,311,316,332,335,336,337,343,345,352,368,378,379,380,381,388,393,397,406,428,432,448,468,477,482,504,505,506,507,508,509,510,511,512,513,519,546,554,621,624,626,634,639,654,704,705,706,707,708,709,710,711,712,713,714,715,716,717,718,719,720,721,780,1088,1089,1090,1091,1092,1093,1094,1095,1096,1097,
489;1;2829;2841;1;32,38,124,129,138,186,254,259,311,316,332,335,336,337,343,345,352,368,378,379,380,381,388,393,397,406,428,432,448,468,477,482,504,505,506,507,508,509,510,511,512,513,519,546,554,621,624,626,634,639,654,704,705,706,707,708,709,710,711,712,713,714,715,716,717,718,719,720,721,780,1088,1089,1090,1091,1092,1093,1094,1095,1096,1097,
494;0;2841;2980;1;32,38,124,129,138,186,254,259,311,316,332,335,336,337,343,345,352,368,378,379,380,381,388,393,397,406,428,432,448,468,477,482,504,505,506,507,508,509,510,511,512,513,519,546,554,621,624,626,634,639,654,704,705,706,707,708,709,710,711,712,713,714,715,716,717,718,719,720,721,780,1088,1089,1090,1091,1092,1093,1094,1095,1096,1097,
494;1;2980;3013;1;32,38,124,129,138,186,254,259,311,316,332,335,336,337,343,345,352,368,378,379,380,381,388,393,397,406,428,432,448,468,477,482,504,505,506,507,508,509,510,511,512,513,519,546,554,621,624,626,634,639,654,704,705,706,707,708,709,710,711,712,713,714,715,716,717,718,719,720,721,780,1088,1089,1090,1091,1092,1093,1094,1095,1096,1097,
572;0;3013;3025;0;32,38,124,129,138,186,254,259,311,316,332,335,336,337,343,345,352,368,378,379,380,381,388,393,397,406,428,432,448,468,477,482,504,505,506,507,508,509,510,511,512,513,519,546,554,621,624,626,634,639,654,704,705,706,707,708,709,710,711,712,713,714,715,716,717,718,719,720,721,780,1088,1089,1090,1091,1092,1093,1094,1095,1096,1097,
508;0;3025;3102;0;32,38,123,124,125,129,138,186,254,259,311,316,317,327,332,335,336,337,341,343,344,345,352,368,378,379,380,381,388,393,397,406,428,432,448,465,468,477,482,504,505,506,507,508,509,519,546,554,621,626,639,654,710,713,717,721,778,779,780,781,782,783,784,785,786,787,788,789,790,791,792,793,794,795,796,797,798,799,800,801,
508;1;3102;3203;0;32,38,123,124,125,129,138,186,254,259,311,316,317,327,332,335,336,337,341,343,344,345,352,368,378,379,380,381,388,393,397,406,428,432,448,465,468,477,482,504,505,506,507,508,509,519,546,554,621,626,639,654,710,713,717,721,778,779,780,781,782,783,784,785,786,787,788,789,790,791,792,793,794,795,796,797,798,799,800,801,
699;0;3203;3252;1;32,38,123,124,125,129,138,186,254,259,311,316,317,327,332,335,336,337,341,343,344,345,352,368,378,379,380,381,388,393,397,406,428,432,448,465,468,477,482,504,505,506,507,508,509,519,546,554,621,626,639,654,710,713,717,721,778,779,780,781,782,783,784,785,786,787,788,789,790,791,792,793,794,795,796,797,798,799,800,801,
699;1;3252;3353;1;32,38,123,124,125,129,138,186,254,259,311,316,317,327,332,335,336,337,341,343,344,345,352,368,378,379,380,381,388,393,397,406,428,432,448,465,468,477,482,504,505,506,507,508,509,519,546,554,621,626,639,654,710,713,717,721,778,779,780,781,782,783,784,785,786,787,788,789,790,791,792,793,794,795,796,797,798,799,800,801,
463;0;3353;3495;0;32,38,123,124,125,129,138,186,254,259,311,316,317,327,332,335,336,337,341,343,344,345,352,368,378,379,380,381,388,393,397,406,428,432,448,465,468,477,482,504,505,506,507,508,509,519,546,554,621,626,639,654,710,713,717,721,778,779,780,781,782,783,784,785,786,787,788,789,790,791,792,793,794,795,796,797,798,799,800,801,
463;1;3495;3507;0;32,38,123,124,125,129,138,186,254,259,311,316,317,327,332,335,336,337,341,343,344,345,352,368,378,379,380,381,388,393,397,406,428,432,448,465,468,477,482,504,505,506,507,508,509,519,546,554,621,626,639,654,710,713,717,721,778,779,780,781,782,783,784,785,786,787,788,789,790,791,792,793,794,795,796,797,798,799,800,801,
96;0;3507;3686;1;32,38,90,138,148,176,186,197,198,217,316,337,340,341,371,378,379,380,381,388,393,397,406,428,443,445,482,505,802,847,857,874,875,876,877,878,879,914,936,937,938,939,940,941,942,991,1191,1200,1322,1409,1410,1411,1412,1413,1414,1415,1416,1417,1418,1419,1420,1421,1422,1423,1424,1425,1426,1427,1428,1429,1432,1433,1434,1435,1436,1437,1438,1439,1440,1441,
96;1;3686;3862;1;32,38,90,138,148,176,186,197,198,217,316,337,340,341,371,378,379,380,381,388,393,397,406,428,443,445,482,505,802,847,857,874,875,876,877,878,879,914,936,937,938,939,940,941,942,991,1191,1200,1322,1409,1410,1411,1412,1413,1414,1415,1416,1417,1418,1419,1420,1421,1422,1423,1424,1425,1426,1427,1428,1429,1432,1433,1434,1435,1436,1437,1438,1439,1440,1441,
409;0;3862;3992;1;32,38,90,138,148,176,186,197,198,217,316,337,340,341,371,378,379,380,381,388,393,397,406,428,443,445,482,505,802,847,857,874,875,876,877,878,879,914,936,937,938,939,940,941,942,991,1191,1200,1322,1409,1410,1411,1412,1413,1414,1415,1416,1417,1418,1419,1420,1421,1422,1423,1424,1425,1426,1427,1428,1429,1432,1433,1434,1435,1436,1437,1438,1439,1440,1441,
409;1;3992;4054;1;32,38,90,138,148,176,186,197,198,217,316,337,340,341,371,378,379,380,381,388,393,397,406,428,443,445,482,505,802,847,857,874,875,876,877,878,879,914,936,937,938,939,940,941,942,991,1191,1200,1322,1409,1410,1411,1412,1413,1414,1415,1416,1417,1418,1419,1420,1421,1422,1423,1424,1425,1426,1427,1428,1429,1432,1433,1434,1435,1436,1437,1438,1439,1440,1441,
729;0;4054;4211;1;32,38,90,138,148,176,186,197,198,217,316,337,340,341,371,378,379,380,381,388,393,397,406,428,443,445,482,505,802,847,857,874,875,876,877,878,879,914,936,937,938,939,940,941,942,991,1191,1200,1322,1409,1410,1411,1412,1413,1414,1415,1416,1417,1418,1419,1420,1421,1422,1423,1424,1425,1426,1427,1428,1429,1432,1433,1434,1435,1436,1437,1438,1439,1440,1441,
729;1;4211;4387;1;32,38,90,138,148,176,186,197,198,217,316,337,340,341,371,378,379,380,381,388,393,397,406,428,443,445,482,505,802,847,857,874,875,876,877,878,879,914,936,937,938,939,940,941,942,991,1191,1200,1322,1409,1410,1411,1412,1413,1414,1415,1416,1417,1418,1419,1420,1421,1422,1423,1424,1425,1426,1427,1428,1429,1432,1433,1434,1435,1436,1437,1438,1439,1440,1441,
501;0;4387;4449;1;32,38,90,138,148,176,186,197,198,217,316,337,340,341,371,378,379,380,381,388,393,397,406,428,443,445,482,505,802,847,857,874,875,876,877,878,879,914,936,937,938,939,940,941,942,991,1191,1200,1322,1409,1410,1411,1412,1413,1414,1415,1416,1417,1418,1419,1420,1421,1422,1423,1424,1425,1426,1427,1428,1429,1432,1433,1434,1435,1436,1437,1438,1439,1440,1441,
501;1;4449;4599;1;32,38,90,138,148,176,186,197,198,217,316,337,340,341,371,378,379,380,381,388,393,397,406,428,443,445,482,505,802,847,857,874,875,876,877,878,879,914,936,937,938,939,940,941,942,991,1191,1200,1322,1409,1410,1411,1412,1413,1414,1415,1416,1417,1418,1419,1420,1421,1422,1423,1424,1425,1426,1427,1428,1429,1432,1433,1434,1435,1436,1437,1438,1439,1440,1441,
606;0;4599;4635;1;32,38,90,138,148,176,186,197,198,217,316,337,340,341,371,378,379,380,381,388,393,397,406,428,443,445,482,505,802,847,857,874,875,876,877,878,879,914,936,937,938,939,940,941,942,991,1191,1200,1322,1409,1410,1411,1412,1413,1414,1415,1416,1417,1418,1419,1420,1421,1422,1423,1424,1425,1426,1427,1428,1429,1432,1433,1434,1435,1436,1437,1438,1439,1440,1441,
606;1;4635;4697;1;32,38,90,138,148,176,186,197,198,217,316,337,340,341,371,378,379,380,381,388,393,397,406,428,443,445,482,505,802,847,857,874,875,876,877,878,879,914,936,937,938,939,940,941,942,991,1191,1200,1322,1409,1410,1411,1412,1413,1414,1415,1416,1417,1418,1419,1420,1421,1422,1423,1424,1425,1426,1427,1428,1429,1432,1433,1434,1435,1436,1437,1438,1439,1440,1441,
111;0;4697;4726;1;32,38,90,138,148,176,186,197,198,217,316,337,340,341,371,378,379,380,381,388,393,397,406,428,443,445,482,505,802,847,857,874,875,876,877,878,879,914,936,937,938,939,940,941,942,991,1191,1200,1322,1409,1410,1411,1412,1413,1414,1415,1416,1417,1418,1419,1420,1421,1422,1423,1424,1425,1426,1427,1428,1429,1432,1433,1434,1435,1436,1437,1438,1439,1440,1441,
111;1;4726;4749;1;32,38,90,138,148,176,186,197,198,217,316,337,340,341,371,378,379,380,381,388,393,397,406,428,443,445,482,505,802,847,857,874,875,876,877,878,879,914,936,937,938,939,940,941,942,991,1191,1200,1322,1409,1410,1411,1412,1413,1414,1415,1416,1417,1418,1419,1420,1421,1422,1423,1424,1425,1426,1427,1428,1429,1432,1433,1434,1435,1436,1437,1438,1439,1440,1441,
351;0;4749;4780;1;32,38,90,138,148,176,186,197,198,217,316,337,340,341,371,378,379,380,381,388,393,397,406,428,443,445,482,505,802,847,857,874,875,876,877,878,879,914,936,937,938,939,940,941,942,991,1191,1200,1322,1409,1410,1411,1412,1413,1414,1415,1416,1417,1418,1419,1420,1421,1422,1423,1424,1425,1426,1427,1428,1429,1432,1433,1434,1435,1436,1437,1438,1439,1440,1441,
351;1;4780;4842;1;32,38,90,138,148,176,186,197,198,217,316,337,340,341,371,378,379,380,381,388,393,397,406,428,443,445,482,505,802,847,857,874,875,876,877,878,879,914,936,937,938,939,940,941,942,991,1191,1200,1322,1409,1410,1411,1412,1413,1414,1415,1416,1417,1418,1419,1420,1421,1422,1423,1424,1425,1426,1427,1428,1429,1432,1433,1434,1435,1436,1437,1438,1439,1440,1441,
721;0;4842;4915;1;32,38,48,57,70,72,105,138,148,150,151,152,153,154,155,156,157,173,186,194,197,198,217,220,223,224,225,226,229,231,316,337,341,371,372,373,374,375,376,377,378,379,380,381,388,393,402,403,406,428,443,444,445,446,482,688,802,847,857,872,875,936,937,938,939,940,941,942,983,984,985,986,987,988,989,990,991,992,1191,1200,
721;1;4915;5072;1;32,38,48,57,70,72,105,138,148,150,151,152,153,154,155,156,157,173,186,194,197,198,217,220,223,224,225,226,229,231,316,337,341,371,372,373,374,375,376,377,378,379,380,381,388,393,402,403,406,428,443,444,445,446,482,688,802,847,857,872,875,936,937,938,939,940,941,942,983,984,985,986,987,988,989,990,991,992,1191,1200,
588;0;5072;5113;0;32,38,48,57,70,72,105,138,148,150,151,152,153,154,155,156,157,173,186,194,197,198,217,220,223,224,225,226,229,231,316,337,341,371,372,373,374,375,376,377,378,379,380,381,388,393,402,403,406,428,443,444,445,446,482,688,802,847,857,872,875,936,937,938,939,940,941,942,983,984,985,986,987,988,989,990,991,992,1191,1200,
588;1;5113;5181;0;32,38,48,57,70,72,105,138,148,150,151,152,153,154,155,156,157,173,186,194,197,198,217,220,223,224,225,226,229,231,316,337,341,371,372,373,374,375,376,377,378,379,380,381,388,393,402,403,406,428,443,444,445,446,482,688,802,847,857,872,875,936,937,938,939,940,941,942,983,984,985,986,987,988,989,990,991,992,1191,1200,
306;0;5181;5233;1;32,38,48,57,70,72,105,138,148,150,151,152,153,154,155,156,157,173,186,194,197,198,217,220,223,224,225,226,229,231,316,337,341,371,372,373,374,375,376,377,378,379,380,381,388,393,402,403,406,428,443,444,445,446,482,688,802,847,857,872,875,936,937,938,939,940,941,942,983,984,985,986,987,988,989,990,991,992,1191,1200,
306;1;5233;5390;1;32,38,48,57,70,72,105,138,148,150,151,152,153,154,155,156,157,173,186,194,197,198,217,220,223,224,225,226,229,231,316,337,341,371,372,373,374,375,376,377,378,379,380,381,388,393,402,403,406,428,443,444,445,446,482,688,802,847,857,872,875,936,937,938,939,940,941,942,983,984,985,986,987,988,989,990,991,992,1191,1200,
51;0;5390;5470;1;32,38,48,57,70,72,105,138,148,150,151,152,153,154,155,156,157,173,186,194,197,198,217,220,223,224,225,226,229,231,316,337,341,371,372,373,374,375,376,377,378,379,380,381,388,393,402,403,406,428,443,444,445,446,482,688,802,847,857,872,875,936,937,938,939,940,941,942,983,984,985,986,987,988,989,990,991,992,1191,1200,
51;1;5470;5607;1;32,38,48,57,70,72,105,138,148,150,151,152,153,154,155,156,157,173,186,194,197,198,217,220,223,224,225,226,229,231,316,337,341,371,372,373,374,375,376,377,378,379,380,381,388,393,402,403,406,428,443,444,445,446,482,688,802,847,857,872,875,936,937,938,939,940,941,942,983,984,985,986,987,988,989,990,991,992,1191,1200,
711;0;5607;5646;1;32,38,48,57,70,72,105,138,148,150,151,152,153,154,155,156,157,173,186,194,197,198,217,220,223,224,225,226,229,231,316,337,341,371,372,373,374,375,376,377,378,379,380,381,388,393,402,403,406,428,443,444,445,446,482,688,802,847,857,872,875,936,937,938,939,940,941,942,983,984,985,986,987,988,989,990,991,992,1191,1200,
711;1;5646;5699;1;32,38,48,57,70,72,105,138,148,150,151,152,153,154,155,156,157,173,186,194,197,198,217,220,223,224,225,226,229,231,316,337,341,371,372,373,374,375,376,377,378,379,380,381,388,393,402,403,406,428,443,444,445,446,482,688,802,847,857,872,875,936,937,938,939,940,941,942,983,984,985,986,987,988,989,990,991,992,1191,1200,
243;0;5699;5720;0;32,38,48,57,70,72,105,138,148,150,151,152,153,154,155,156,157,173,186,194,197,198,217,220,223,224,225,226,229,231,316,337,341,371,372,373,374,375,376,377,378,379,380,381,388,393,402,403,406,428,443,444,445,446,482,688,802,847,857,872,875,936,937,938,939,940,941,942,983,984,985,986,987,988,989,990,991,992,1191,1200,
243;1;5720;5743;0;32,38,48,57,70,72,105,138,148,150,151,152,153,154,155,156,157,173,186,194,197,198,217,220,223,224,225,226,229,231,316,337,341,371,372,373,374,375,376,377,378,379,380,381,388,393,402,403,406,428,443,444,445,446,482,688,802,847,857,872,875,936,937,938,939,940,941,942,983,984,985,986,987,988,989,990,991,992,1191,1200,
119;0;5743;5884;1;32,38,48,57,70,72,105,138,148,150,151,152,153,154,155,156,157,173,186,194,197,198,217,220,223,224,225,226,229,231,316,337,341,371,372,373,374,375,376,377,378,379,380,381,388,393,402,403,406,428,443,444,445,446,482,688,802,847,857,872,875,936,937,938,939,940,941,942,983,984,985,986,987,988,989,990,991,992,1191,1200,
119;1;5884;5952;1;32,38,48,57,70,72,105,138,148,150,151,152,153,154,155,156,157,173,186,194,197,198,217,220,223,224,225,226,229,231,316,337,341,371,372,373,374,375,376,377,378,379,380,381,388,393,402,403,406,428,443,444,445,446,482,688,802,847,857,872,875,936,937,938,939,940,941,942,983,984,985,986,987,988,989,990,991,992,1191,1200,
129;0;5952;5993;1;32,38,48,57,70,72,105,138,148,150,151,152,153,154,155,156,157,173,186,194,197,198,217,220,223,224,225,226,229,231,316,337,341,371,372,373,374,375,376,377,378,379,380,381,388,393,402,403,406,428,443,444,445,446,482,688,802,847,857,872,875,936,937,938,939,940,941,942,983,984,985,986,987,988,989,990,991,992,1191,1200,
129;1;5993;6169;1;32,38,48,57,70,72,105,138,148,150,151,152,153,154,155,156,157,173,186,194,197,198,217,220,223,224,225,226,229,231,316,337,341,371,372,373,374,375,376,377,378,379,380,381,388,393,402,403,406,428,443,444,445,446,482,688,802,847,857,872,875,936,937,938,939,940,941,942,983,984,985,986,987,988,989,990,991,992,1191,1200,
246;0;6169;6244;1;32,38,48,57,70,72,88,105,138,148,150,151,153,155,156,157,186,194,197,198,217,223,224,225,226,229,234,316,337,341,371,378,379,380,381,388,393,402,403,406,428,443,444,445,446,482,688,802,803,845,846,847,848,849,850,851,852,853,854,855,856,857,858,859,860,861,862,863,875,936,937,938,939,940,941,942,984,991,1191,1200,
246;1;6244;6359;1;32,38,48,57,70,72,88,105,138,148,150,151,153,155,156,157,186,194,197,198,217,223,224,225,226,229,234,316,337,341,371,378,379,380,381,388,393,402,403,406,428,443,444,445,446,482,688,802,803,845,846,847,848,849,850,851,852,853,854,855,856,857,858,859,860,861,862,863,875,936,937,938,939,940,941,942,984,991,1191,1200,
734;0;6359;6495;1;32,38,48,64,65,66,67,68,69,70,72,78,105,138,148,150,151,153,156,157,186,194,197,198,217,223,224,225,226,227,229,234,316,337,341,371,378,379,380,381,393,402,403,406,423,424,425,428,436,438,442,443,444,445,446,482,777,802,803,864,867,936,937,938,939,940,941,942,1306,1307,1308,1309,1310,1311,1312,1313,1314,1315,1316,1317,
734;1;6495;6616;1;32,38,48,64,65,66,67,68,69,70,72,78,105,138,148,150,151,153,156,157,186,194,197,198,217,223,224,225,226,227,229,234,316,337,341,371,378,379,380,381,393,402,403,406,423,424,425,428,436,438,442,443,444,445,446,482,777,802,803,864,867,936,937,938,939,940,941,942,1306,1307,1308,1309,1310,1311,1312,1313,1314,1315,1316,1317,
465;0;6616;6665;0;32,38,48,64,65,66,67,68,69,70,72,78,105,138,148,150,151,153,156,157,186,194,197,198,217,223,224,225,226,227,229,234,316,337,341,371,378,379,380,381,393,402,403,406,423,424,425,428,436,438,442,443,444,445,446,482,777,802,803,864,867,936,937,938,939,940,941,942,1306,1307,1308,1309,1310,1311,1312,1313,1314,1315,1316,1317,
418;0;6665;6706;0;32,38,48,64,65,66,67,68,69,70,72,78,105,138,148,150,151,153,156,157,186,194,197,198,217,223,224,225,226,227,229,234,316,337,341,371,378,379,380,381,393,402,403,406,423,424,425,428,436,438,442,443,444,445,446,482,777,802,803,864,867,936,937,938,939,940,941,942,1306,1307,1308,1309,1310,1311,1312,1313,1314,1315,1316,1317,
418;1;6706;6843;0;32,38,48,64,65,66,67,68,69,70,72,78,105,138,148,150,151,153,156,157,186,194,197,198,217,223,224,225,226,227,229,234,316,337,341,371,378,379,380,381,393,402,403,406,423,424,425,428,436,438,442,443,444,445,446,482,777,802,803,864,867,936,937,938,939,940,941,942,1306,1307,1308,1309,1310,1311,1312,1313,1314,1315,1316,1317,
448;0;6843;6852;0;32,38,48,64,65,66,67,68,69,70,72,78,105,138,148,150,151,153,156,157,186,194,197,198,217,223,224,225,226,227,229,234,316,337,341,371,378,379,380,381,393,402,403,406,423,424,425,428,436,438,442,443,444,445,446,482,777,802,803,864,867,936,937,938,939,940,941,942,1306,1307,1308,1309,1310,1311,1312,1313,1314,1315,1316,1317,
448;1;6852;6904;0;32,38,48,64,65,66,67,68,69,70,72,78,105,138,148,150,151,153,156,157,186,194,197,198,217,223,224,225,226,227,229,234,316,337,341,371,378,379,380,381,393,402,403,406,423,424,425,428,436,438,442,443,444,445,446,482,777,802,803,864,867,936,937,938,939,940,941,942,1306,1307,1308,1309,1310,1311,1312,1313,1314,1315,1316,1317,
325;0;6904;6927;0;32,38,48,64,65,66,67,68,69,70,72,78,105,138,148,150,151,153,156,157,186,194,197,198,217,223,224,225,226,227,229,234,316,337,341,371,378,379,380,381,393,402,403,406,423,424,425,428,436,438,442,443,444,445,446,482,777,802,803,864,867,936,937,938,939,940,941,942,1306,1307,1308,1309,1310,1311,1312,1313,1314,1315,1316,1317,
190;0;6927;7023;0;32,38,48,64,65,66,67,68,69,70,72,78,105,138,148,150,151,153,156,157,186,194,197,198,217,223,224,225,226,227,229,234,316,337,341,371,378,379,380,381,393,402,403,406,423,424,425,428,436,438,442,443,444,445,446,482,777,802,803,864,867,936,937,938,939,940,941,942,1306,1307,1308,1309,1310,1311,1312,1313,1314,1315,1316,1317,
690;0;7023;7065;0;32,38,48,64,65,66,67,68,69,70,72,78,105,138,148,150,151,153,156,157,186,194,197,198,217,223,224,225,226,227,229,234,316,337,341,371,378,379,380,381,393,402,403,406,423,424,425,428,436,438,442,443,444,445,446,482,777,802,803,864,867,936,937,938,939,940,941,942,1306,1307,1308,1309,1310,1311,1312,1313,1314,1315,1316,1317,
294;0;7065;7215;1;32,38,48,64,65,66,67,68,69,70,72,78,105,138,148,150,151,153,156,157,186,194,197,198,217,223,224,225,226,227,229,234,316,337,341,371,378,379,380,381,393,402,403,406,423,424,425,428,436,438,442,443,444,445,446,482,777,802,803,864,867,936,937,938,939,940,941,942,1306,1307,1308,1309,1310,1311,1312,1313,1314,1315,1316,1317,
294;1;7215;7267;1;32,38,48,64,65,66,67,68,69,70,72,78,105,138,148,150,151,153,156,157,186,194,197,198,217,223,224,225,226,227,229,234,316,337,341,371,378,379,380,381,393,402,403,406,423,424,425,428,436,438,442,443,444,445,446,482,777,802,803,864,867,936,937,938,939,940,941,942,1306,1307,1308,1309,1310,1311,1312,1313,1314,1315,1316,1317,
247;0;7267;7316;0;32,38,48,64,65,66,67,68,69,70,72,78,105,138,148,150,151,153,156,157,186,194,197,198,217,223,224,225,226,227,229,234,316,337,341,371,378,379,380,381,393,402,403,406,423,424,425,428,436,438,442,443,444,445,446,482,777,802,803,864,867,936,937,938,939,940,941,942,1306,1307,1308,1309,1310,1311,1312,1313,1314,1315,1316,1317,
500;0;7316;7358;0;32,38,48,64,65,66,67,68,69,70,72,78,105,138,148,150,151,153,156,157,186,194,197,198,217,223,224,225,226,227,229,234,316,337,341,371,378,379,380,381,393,402,403,406,423,424,425,428,436,438,442,443,444,445,446,482,777,802,803,864,867,936,937,938,939,940,941,942,1306,1307,1308,1309,1310,1311,1312,1313,1314,1315,1316,1317,
531;0;7358;7429;1;32,38,48,64,65,66,67,70,71,72,78,105,138,148,149,150,151,153,156,157,159,186,194,196,197,198,223,224,225,226,227,229,234,316,337,341,371,378,379,380,381,393,402,403,406,423,424,425,436,438,440,442,443,444,445,446,482,802,803,1366,1367,1368,1369,1370,1371,1372,1373,1374,1375,1376,1377,1378,1379,1380,1381,1382,1383,1384,1385,1386,
531;1;7429;7468;1;32,38,48,64,65,66,67,70,71,72,78,105,138,148,149,150,151,153,156,157,159,186,194,196,197,198,223,224,225,226,227,229,234,316,337,341,371,378,379,380,381,393,402,403,406,423,424,425,436,438,440,442,443,444,445,446,482,802,803,1366,1367,1368,1369,1370,1371,1372,1373,1374,1375,1376,1377,1378,1379,1380,1381,1382,1383,1384,1385,1386,
682;0;7468;7507;0;32,38,48,64,65,66,67,70,71,72,78,105,138,148,149,150,151,153,156,157,159,186,194,196,197,198,223,224,225,226,227,229,234,316,337,341,371,378,379,380,381,393,402,403,406,423,424,425,436,438,440,442,443,444,445,446,482,802,803,1366,1367,1368,1369,1370,1371,1372,1373,1374,1375,1376,1377,1378,1379,1380,1381,1382,1383,1384,1385,1386,
196;0;7507;7683;1;32,38,48,64,65,66,67,70,71,72,78,105,138,148,149,150,151,153,156,157,159,186,194,196,197,198,223,224,225,226,227,229,234,316,337,341,371,378,379,380,381,393,402,403,406,423,424,425,436,438,440,442,443,444,445,446,482,802,803,1366,1367,1368,1369,1370,1371,1372,1373,1374,1375,1376,1377,1378,1379,1380,1381,1382,1383,1384,1385,1386,
196;1;7683;7820;1;32,38,48,64,65,66,67,70,71,72,78,105,138,148,149,150,151,153,156,157,159,186,194,196,197,198,223,224,225,226,227,229,234,316,337,341,371,378,379,380,381,393,402,403,406,423,424,425,436,438,440,442,443,444,445,446,482,802,803,1366,1367,1368,1369,1370,1371,1372,1373,1374,1375,1376,1377,1378,1379,1380,1381,1382,1383,1384,1385,1386,
749;0;7820;7977;1;32,38,48,70,71,72,78,91,94,95,96,97,98,99,100,101,102,103,104,105,106,107,108,109,110,111,138,149,150,151,153,156,157,186,194,195,196,197,198,223,224,225,226,227,228,229,234,237,316,337,341,371,378,379,380,381,393,402,423,424,425,436,437,438,439,440,441,442,443,444,445,446,447,482,656,657,658,659,802,803,
749;1;7977;8075;1;32,38,48,70,71,72,78,91,94,95,96,97,98,99,100,101,102,103,104,105,106,107,108,109,110,111,138,149,150,151,153,156,157,186,194,195,196,197,198,223,224,225,226,227,228,229,234,237,316,337,341,371,378,379,380,381,393,402,423,424,425,436,437,438,439,440,441,442,443,444,445,446,447,482,656,657,658,659,802,803,
566;0;8075;8166;1;32,38,48,70,71,72,78,91,94,95,96,97,98,99,100,101,102,103,104,105,106,107,108,109,110,111,138,149,150,151,153,156,157,186,194,195,196,197,198,223,224,225,226,227,228,229,234,237,316,337,341,371,378,379,380,381,393,402,423,424,425,436,437,438,439,440,441,442,443,444,445,446,447,482,656,657,658,659,802,803,
566;1;8166;8178;1;32,38,48,70,71,72,78,91,94,95,96,97,98,99,100,101,102,103,104,105,106,107,108,109,110,111,138,149,150,151,153,156,157,186,194,195,196,197,198,223,224,225,226,227,228,229,234,237,316,337,341,371,378,379,380,381,393,402,423,424,425,436,437,438,439,440,441,442,443,444,445,446,447,482,656,657,658,659,802,803,
7;0;8178;8209;0;32,38,48,70,71,72,78,91,94,95,96,97,98,99,100,101,102,103,104,105,106,107,108,109,110,111,138,149,150,151,153,156,157,186,194,195,196,197,198,223,224,225,226,227,228,229,234,237,316,337,341,371,378,379,380,381,393,402,423,424,425,436,437,438,439,440,441,442,443,444,445,446,447,482,656,657,658,659,802,803,
261;0;8209;8324;1;32,38,48,70,71,72,78,91,94,95,96,97,98,99,100,101,102,103,104,105,106,107,108,109,110,111,138,149,150,151,153,156,157,186,194,195,196,197,198,223,224,225,226,227,228,229,234,237,316,337,341,371,378,379,380,381,393,402,423,424,425,436,437,438,439,440,441,442,443,444,445,446,447,482,656,657,658,659,802,803,
261;1;8324;8422;1;32,38,48,70,71,72,78,91,94,95,96,97,98,99,100,101,102,103,104,105,106,107,108,109,110,111,138,149,150,151,153,156,157,186,194,195,196,197,198,223,224,225,226,227,228,229,234,237,316,337,341,371,378,379,380,381,393,402,423,424,425,436,437,438,439,440,441,442,443,444,445,446,447,482,656,657,658,659,802,803,
704;0;8422;8456;1;32,38,48,70,71,72,78,91,94,95,96,97,98,99,100,101,102,103,104,105,106,107,108,109,110,111,138,149,150,151,153,156,157,186,194,195,196,197,198,223,224,225,226,227,228,229,234,237,316,337,341,371,378,379,380,381,393,402,423,424,425,436,437,438,439,440,441,442,443,444,445,446,447,482,656,657,658,659,802,803,
704;1;8456;8505;1;32,38,48,70,71,72,78,91,94,95,96,97,98,99,100,101,102,103,104,105,106,107,108,109,110,111,138,149,150,151,153,156,157,186,194,195,196,197,198,223,224,225,226,227,228,229,234,237,316,337,341,371,378,379,380,381,393,402,423,424,425,436,437,438,439,440,441,442,443,444,445,446,447,482,656,657,658,659,802,803,
601;0;8505;8608;1;32,38,48,70,71,72,78,91,94,95,96,97,98,99,100,101,102,103,104,105,106,107,108,109,110,111,138,149,150,151,153,156,157,186,194,195,196,197,198,223,224,225,226,227,228,229,234,237,316,337,341,371,378,379,380,381,393,402,423,424,425,436,437,438,439,440,441,442,443,444,445,446,447,482,656,657,658,659,802,803,
601;1;8608;8706;1;32,38,48,70,71,72,78,91,94,95,96,97,98,99,100,101,102,103,104,105,106,107,108,109,110,111,138,149,150,151,153,156,157,186,194,195,196,197,198,223,224,225,226,227,228,229,234,237,316,337,341,371,378,379,380,381,393,402,423,424,425,436,437,438,439,440,441,442,443,444,445,446,447,482,656,657,658,659,802,803,
454;0;8706;8803;1;32,38,48,70,71,72,78,91,94,95,96,97,98,99,100,101,102,103,104,105,106,107,108,109,110,111,138,149,150,151,153,156,157,186,194,195,196,197,198,223,224,225,226,227,228,229,234,237,316,337,341,371,378,379,380,381,393,402,423,424,425,436,437,438,439,440,441,442,443,444,445,446,447,482,656,657,658,659,802,803,
454;1;8803;8902;1;32,38,48,70,71,72,78,91,94,95,96,97,98,99,100,101,102,103,104,105,106,107,108,109,110,111,138,149,150,151,153,156,157,186,194,195,196,197,198,223,224,225,226,227,228,229,234,237,316,337,341,371,378,379,380,381,393,402,423,424,425,436,437,438,439,440,441,442,443,444,445,446,447,482,656,657,658,659,802,803,
97;0;8902;8909;0;32,38,48,70,71,72,78,91,94,95,96,97,98,99,100,101,102,103,104,105,106,107,108,109,110,111,138,149,150,151,153,156,157,186,194,195,196,197,198,223,224,225,226,227,228,229,234,237,316,337,341,371,378,379,380,381,393,402,423,424,425,436,437,438,439,440,441,442,443,444,445,446,447,482,656,657,658,659,802,803,
63;0;8909;9043;0;32,38,48,70,71,72,78,91,94,95,96,97,98,99,100,101,102,103,104,105,106,107,108,109,110,111,138,149,150,151,153,156,157,186,194,195,196,197,198,223,224,225,226,227,228,229,234,237,316,337,341,371,378,379,380,381,393,402,423,424,425,436,437,438,439,440,441,442,443,444,445,446,447,482,656,657,658,659,802,803,
63;1;9043;9074;0;32,38,48,70,71,72,78,91,94,95,96,97,98,99,100,101,102,103,104,105,106,107,108,109,110,111,138,149,150,151,153,156,157,186,194,195,196,197,198,223,224,225,226,227,228,229,234,237,316,337,341,371,378,379,380,381,393,402,423,424,425,436,437,438,439,440,441,442,443,444,445,446,447,482,656,657,658,659,802,803,
296;0;9074;9140;1;32,38,48,70,71,72,78,91,94,95,96,97,98,99,100,101,102,103,104,105,106,107,108,109,110,111,138,149,150,151,153,156,157,186,194,195,196,197,198,223,224,225,226,227,228,229,234,237,316,337,341,371,378,379,380,381,393,402,423,424,425,436,437,438,439,440,441,442,443,444,445,446,447,482,656,657,658,659,802,803,
296;1;9140;9189;1;32,38,48,70,71,72,78,91,94,95,96,97,98,99,100,101,102,103,104,105,106,107,108,109,110,111,138,149,150,151,153,156,157,186,194,195,196,197,198,223,224,225,226,227,228,229,234,237,316,337,341,371,378,379,380,381,393,402,423,424,425,436,437,438,439,440,441,442,443,444,445,446,447,482,656,657,658,659,802,803,
394;0;9189;9228;1;32,38,48,70,71,72,78,91,94,95,96,97,98,99,100,101,102,103,104,105,106,107,108,109,110,111,138,149,150,151,153,156,157,186,194,195,196,197,198,223,224,225,226,227,228,229,234,237,316,337,341,371,378,379,380,381,393,402,423,424,425,436,437,438,439,440,441,442,443,444,445,446,447,482,656,657,658,659,802,803,
394;1;9228;9327;1;32,38,48,70,71,72,78,91,94,95,96,97,98,99,100,101,102,103,104,105,106,107,108,109,110,111,138,149,150,151,153,156,157,186,194,195,196,197,198,223,224,225,226,227,228,229,234,237,316,337,341,371,378,379,380,381,393,402,423,424,425,436,437,438,439,440,441,442,443,444,445,446,447,482,656,657,658,659,802,803,
228;0;9327;9379;0;2,3,4,9,17,18,19,20,21,22,23,24,25,26,27,28,29,30,31,32,33,34,35,36,37,38,39,40,41,42,43,48,51,70,71,87,94,95,96,97,98,99,100,101,102,103,104,105,106,110,138,143,170,186,198,225,230,234,286,337,341,371,401,482,802,803,804,805,806,807,808,809,810,1126,1135,1137,1504,1505,1506,1507,
228;1;9379;9394;0;2,3,4,9,17,18,19,20,21,22,23,24,25,26,27,28,29,30,31,32,33,34,35,36,37,38,39,40,41,42,43,48,51,70,71,87,94,95,96,97,98,99,100,101,102,103,104,105,106,110,138,143,170,186,198,225,230,234,286,337,341,371,401,482,802,803,804,805,806,807,808,809,810,1126,1135,1137,1504,1505,1506,1507,
64;0;9394;9445;1;2,3,4,9,17,18,19,20,21,22,23,24,25,26,27,28,29,30,31,32,33,34,35,36,37,38,39,40,41,42,43,48,51,70,71,87,94,95,96,97,98,99,100,101,102,103,104,105,106,110,138,143,170,186,198,225,230,234,286,337,341,371,401,482,802,803,804,805,806,807,808,809,810,1126,1135,1137,1504,1505,1506,1507,
64;1;9445;9510;1;2,3,4,9,17,18,19,20,21,22,23,24,25,26,27,28,29,30,31,32,33,34,35,36,37,38,39,40,41,42,43,48,51,70,71,87,94,95,96,97,98,99,100,101,102,103,104,105,106,110,138,143,170,186,198,225,230,234,286,337,341,371,401,482,802,803,804,805,806,807,808,809,810,1126,1135,1137,1504,1505,1506,1507,
706;0;9510;9515;1;2,3,4,9,17,18,19,20,21,22,23,24,25,26,27,28,29,30,31,32,33,34,35,36,37,38,39,40,41,42,43,48,51,70,71,87,94,95,96,97,98,99,100,101,102,103,104,105,106,110,138,143,170,186,198,225,230,234,286,337,341,371,401,482,802,803,804,805,806,807,808,809,810,1126,1135,1137,1504,1505,1506,1507,
706;1;9515;9530;1;2,3,4,9,17,18,19,20,21,22,23,24,25,26,27,28,29,30,31,32,33,34,35,36,37,38,39,40,41,42,43,48,51,70,71,87,94,95,96,97,98,99,100,101,102,103,104,105,106,110,138,143,170,186,198,225,230,234,286,337,341,371,401,482,802,803,804,805,806,807,808,809,810,1126,1135,1137,1504,1505,1506,1507,
1;0;9530;9583;0;2,3,4,9,17,18,19,20,21,22,23,24,25,26,27,28,29,30,31,32,33,34,35,36,37,38,39,40,41,42,43,48,51,70,71,87,94,95,96,97,98,99,100,101,102,103,104,105,106,110,138,143,170,186,198,225,230,234,286,337,341,371,401,482,802,803,804,805,806,807,808,809,810,1126,1135,1137,1504,1505,1506,1507,
1;1;9583;9648;0;2,3,4,9,17,18,19,20,21,22,23,24,25,26,27,28,29,30,31,32,33,34,35,36,37,38,39,40,41,42,43,48,51,70,71,87,94,95,96,97,98,99,100,101,102,103,104,105,106,110,138,143,170,186,198,225,230,234,286,337,341,371,401,482,802,803,804,805,806,807,808,809,810,1126,1135,1137,1504,1505,1506,1507,
444;0;9648;9823;1;2,3,4,9,17,18,19,20,21,22,23,24,25,26,27,28,29,30,31,32,33,34,35,36,37,38,39,40,41,42,43,48,51,70,71,87,94,95,96,97,98,99,100,101,102,103,104,105,106,110,138,143,170,186,198,225,230,234,286,337,341,371,401,482,802,803,804,805,806,807,808,809,810,1126,1135,1137,1504,1505,1506,1507,
444;1;9823;9995;1;2,3,4,9,17,18,19,20,21,22,23,24,25,26,27,28,29,30,31,32,33,34,35,36,37,38,39,40,41,42,43,48,51,70,71,87,94,95,96,97,98,99,100,101,102,103,104,105,106,110,138,143,170,186,198,225,230,234,286,337,341,371,401,482,802,803,804,805,806,807,808,809,810,1126,1135,1137,1504,1505,1506,1507,
422;0;9995;10060;0;2,3,4,9,17,18,19,20,21,22,23,24,25,26,27,28,29,30,31,32,33,34,35,36,37,38,39,40,41,42,43,48,51,70,71,87,94,95,96,97,98,99,100,101,102,103,104,105,106,110,138,143,170,186,198,225,230,234,286,337,341,371,401,482,802,803,804,805,806,807,808,809,810,1126,1135,1137,1504,1505,1506,1507,
END
fineshedJobsCount: 733
switchs: 2013
switchsInstances: 57
unfineshedPriorityCount: 32
totalUnfineshed: 468
criticalMachineSwitchs: 276
criticalMachineTime: 10080
Final Solution: 18447
Time: 1735197
PTL: 497
MCMC: 195
Best Initial: 2089
Mean Initial: 1198.55
