./input/BaseInstances/6M2_n=339,r=0.4,t=339,v0.txt;./input/Processed/ToolSetInt.csv
7;720;1440
Machine: 0
56;0;0;17;0;0,1,2,3,5,6,7,10,11,12,13,14,15,20,21,22,23,25,26,27,28,29,30,31,32,33,34,35,36,37,38,39,40,52,53,77,78,79,80,81,82,83,84,85,86,87,88,89,90,91,92,93,94,95,96,97,98,99,100,101,102,103,104,105,106,107,108,109,110,111,112,113,114,115,116,117,192,249,250,274,
164;0;17;182;1;0,1,2,3,5,6,7,10,11,12,13,14,15,20,21,22,23,25,26,27,28,29,30,31,32,33,34,35,36,37,38,39,40,52,53,77,78,79,80,81,82,83,84,85,86,87,88,89,90,91,92,93,94,95,96,97,98,99,100,101,102,103,104,105,106,107,108,109,110,111,112,113,114,115,116,117,192,249,250,274,
164;1;182;311;1;0,1,2,3,5,6,7,10,11,12,13,14,15,20,21,22,23,25,26,27,28,29,30,31,32,33,34,35,36,37,38,39,40,52,53,77,78,79,80,81,82,83,84,85,86,87,88,89,90,91,92,93,94,95,96,97,98,99,100,101,102,103,104,105,106,107,108,109,110,111,112,113,114,115,116,117,192,249,250,274,
121;0;311;476;1;0,1,2,3,5,6,7,10,11,12,13,14,15,20,21,22,23,25,26,27,28,29,30,31,32,33,34,35,36,37,38,39,40,52,53,77,78,79,80,81,82,83,84,85,86,87,88,89,90,91,92,93,94,95,96,97,98,99,100,101,102,103,104,105,106,107,108,109,110,111,112,113,114,115,116,117,192,249,250,274,
194;0;476;567;1;0,1,2,3,5,6,7,10,11,12,13,14,15,20,21,22,23,25,26,27,28,29,30,31,32,33,34,35,36,37,38,39,40,52,53,77,78,79,80,81,82,83,84,85,86,87,88,89,90,91,92,93,94,95,96,97,98,99,100,101,102,103,104,105,106,107,108,109,110,111,112,113,114,115,116,117,192,249,250,274,
194;1;567;601;1;0,1,2,3,5,6,7,10,11,12,13,14,15,20,21,22,23,25,26,27,28,29,30,31,32,33,34,35,36,37,38,39,40,52,53,77,78,79,80,81,82,83,84,85,86,87,88,89,90,91,92,93,94,95,96,97,98,99,100,101,102,103,104,105,106,107,108,109,110,111,112,113,114,115,116,117,192,249,250,274,
201;0;601;635;1;0,1,2,3,5,6,7,10,11,12,13,14,15,20,21,22,23,25,26,27,28,29,30,31,32,33,34,35,36,37,38,39,40,52,53,77,78,79,80,81,82,83,84,85,86,87,88,89,90,91,92,93,94,95,96,97,98,99,100,101,102,103,104,105,106,107,108,109,110,111,112,113,114,115,116,117,192,249,250,274,
22;0;635;766;0;0,1,2,3,5,6,7,10,11,12,13,14,15,20,21,22,23,25,26,27,28,29,30,31,32,33,34,35,36,37,38,39,40,52,53,77,78,79,80,81,82,83,84,85,86,87,88,89,90,91,92,93,94,95,96,97,98,99,100,101,102,103,104,105,106,107,108,109,110,111,112,113,114,115,116,117,192,249,250,274,
22;1;766;893;0;0,1,2,3,5,6,7,10,11,12,13,14,15,20,21,22,23,25,26,27,28,29,30,31,32,33,34,35,36,37,38,39,40,52,53,77,78,79,80,81,82,83,84,85,86,87,88,89,90,91,92,93,94,95,96,97,98,99,100,101,102,103,104,105,106,107,108,109,110,111,112,113,114,115,116,117,192,249,250,274,
155;0;893;1064;0;0,1,2,3,5,6,7,10,11,12,13,14,15,20,21,22,23,25,26,27,28,29,30,31,32,33,34,35,36,37,38,39,40,52,53,77,78,79,80,81,82,83,84,85,86,87,88,89,90,91,92,93,94,95,96,97,98,99,100,101,102,103,104,105,106,107,108,109,110,111,112,113,114,115,116,117,192,249,250,274,
107;0;1064;1193;1;0,1,2,3,5,6,7,10,11,12,13,14,15,20,21,22,23,25,26,27,28,29,30,31,32,33,34,35,36,37,38,39,40,52,53,77,78,79,80,81,82,83,84,85,86,87,88,89,90,91,92,93,94,95,96,97,98,99,100,101,102,103,104,105,106,107,108,109,110,111,112,113,114,115,116,117,192,249,250,274,
107;1;1193;1303;1;0,1,2,3,5,6,7,10,11,12,13,14,15,20,21,22,23,25,26,27,28,29,30,31,32,33,34,35,36,37,38,39,40,52,53,77,78,79,80,81,82,83,84,85,86,87,88,89,90,91,92,93,94,95,96,97,98,99,100,101,102,103,104,105,106,107,108,109,110,111,112,113,114,115,116,117,192,249,250,274,
186;0;1303;1477;0;0,1,2,3,5,6,7,10,11,12,13,14,15,20,21,22,23,25,26,27,28,29,30,31,32,33,34,35,36,37,38,39,40,52,53,77,78,79,80,81,82,83,84,85,86,87,88,89,90,91,92,93,94,95,96,97,98,99,100,101,102,103,104,105,106,107,108,109,110,111,112,113,114,115,116,117,192,249,250,274,
210;0;1477;1591;1;0,1,2,3,5,6,7,10,11,12,13,14,15,20,21,22,23,25,26,27,28,29,30,31,32,33,34,35,36,37,38,39,40,52,53,77,78,79,80,81,82,83,84,85,86,87,88,89,90,91,92,93,94,95,96,97,98,99,100,101,102,103,104,105,106,107,108,109,110,111,112,113,114,115,116,117,192,249,250,274,
5;0;1591;1620;0;0,1,2,3,5,6,7,10,11,12,13,14,15,20,21,22,23,25,26,27,28,29,30,31,32,33,34,35,36,37,38,39,40,52,53,77,78,79,80,81,82,83,84,85,86,87,88,89,90,91,92,93,94,95,96,97,98,99,100,101,102,103,104,105,106,107,108,109,110,111,112,113,114,115,116,117,192,249,250,274,
195;0;1620;1684;0;0,1,2,3,5,6,7,10,11,12,13,14,15,20,21,22,23,25,26,27,28,29,30,31,32,33,34,35,36,37,38,39,40,52,53,77,78,79,80,81,82,83,84,85,86,87,88,89,90,91,92,93,94,95,96,97,98,99,100,101,102,103,104,105,106,107,108,109,110,111,112,113,114,115,116,117,192,249,250,274,
161;0;1684;1794;1;0,1,2,3,5,6,7,10,11,12,13,14,15,20,21,22,23,25,26,27,28,29,30,31,32,33,34,35,36,37,38,39,40,52,53,77,78,79,80,81,82,83,84,85,86,87,88,89,90,91,92,93,94,95,96,97,98,99,100,101,102,103,104,105,106,107,108,109,110,111,112,113,114,115,116,117,192,249,250,274,
54;0;1794;1836;1;0,1,2,3,5,6,7,10,11,12,13,14,15,20,21,22,23,25,26,27,28,29,30,31,32,33,34,35,36,37,38,39,40,52,53,77,78,79,80,81,82,83,84,85,86,87,88,89,90,91,92,93,94,95,96,97,98,99,100,101,102,103,104,105,106,107,108,109,110,111,112,113,114,115,116,117,192,249,250,274,
54;1;1836;1877;1;0,1,2,3,5,6,7,10,11,12,13,14,15,20,21,22,23,25,26,27,28,29,30,31,32,33,34,35,36,37,38,39,40,52,53,77,78,79,80,81,82,83,84,85,86,87,88,89,90,91,92,93,94,95,96,97,98,99,100,101,102,103,104,105,106,107,108,109,110,111,112,113,114,115,116,117,192,249,250,274,
88;0;1877;2049;0;0,1,2,3,5,6,7,10,11,12,13,14,15,20,21,22,23,25,26,27,28,29,30,31,32,33,34,35,36,37,38,39,40,52,53,77,78,79,80,81,82,83,84,85,86,87,88,89,90,91,92,93,94,95,96,97,98,99,100,101,102,103,104,105,106,107,108,109,110,111,112,113,114,115,116,117,192,249,250,274,
154;0;2049;2158;1;0,1,2,3,5,6,7,10,11,12,13,14,15,20,21,22,23,25,26,27,28,29,30,31,32,33,34,35,36,37,38,39,40,52,53,77,78,79,80,81,82,83,84,85,86,87,88,89,90,91,92,93,94,95,96,97,98,99,100,101,102,103,104,105,106,107,108,109,110,111,112,113,114,115,116,117,192,249,250,274,
154;1;2158;2218;1;0,1,2,3,5,6,7,10,11,12,13,14,15,20,21,22,23,25,26,27,28,29,30,31,32,33,34,35,36,37,38,39,40,52,53,77,78,79,80,81,82,83,84,85,86,87,88,89,90,91,92,93,94,95,96,97,98,99,100,101,102,103,104,105,106,107,108,109,110,111,112,113,114,115,116,117,192,249,250,274,
61;0;2218;2270;1;0,1,2,3,5,6,7,10,11,12,13,14,15,20,21,22,23,25,26,27,28,29,30,31,32,33,34,35,36,37,38,39,40,52,53,77,78,79,80,81,82,83,84,85,86,87,88,89,90,91,92,93,94,95,96,97,98,99,100,101,102,103,104,105,106,107,108,109,110,111,112,113,114,115,116,117,192,249,250,274,
82;0;2270;2347;0;0,1,2,3,5,6,7,10,11,12,13,14,15,20,21,22,23,25,26,27,28,29,30,31,32,33,34,35,36,37,38,39,40,52,53,77,78,79,80,81,82,83,84,85,86,87,88,89,90,91,92,93,94,95,96,97,98,99,100,101,102,103,104,105,106,107,108,109,110,111,112,113,114,115,116,117,192,249,250,274,
82;1;2347;2362;0;0,1,2,3,5,6,7,10,11,12,13,14,15,20,21,22,23,25,26,27,28,29,30,31,32,33,34,35,36,37,38,39,40,52,53,77,78,79,80,81,82,83,84,85,86,87,88,89,90,91,92,93,94,95,96,97,98,99,100,101,102,103,104,105,106,107,108,109,110,111,112,113,114,115,116,117,192,249,250,274,
20;0;2362;2426;1;0,1,2,3,5,6,7,10,11,12,13,14,15,20,21,22,23,25,26,27,28,29,30,31,32,33,34,35,36,37,38,39,40,52,53,77,78,79,80,81,82,83,84,85,86,87,88,89,90,91,92,93,94,95,96,97,98,99,100,101,102,103,104,105,106,107,108,109,110,111,112,113,114,115,116,117,192,249,250,274,
227;0;2426;2573;1;0,1,2,3,5,6,7,10,11,12,13,14,15,20,21,22,23,25,26,27,28,29,30,31,32,33,34,35,36,37,38,39,40,52,53,77,78,79,80,81,82,83,84,85,86,87,88,89,90,91,92,93,94,95,96,97,98,99,100,101,102,103,104,105,106,107,108,109,110,111,112,113,114,115,116,117,192,249,250,274,
227;1;2573;2724;1;0,1,2,3,5,6,7,10,11,12,13,14,15,20,21,22,23,25,26,27,28,29,30,31,32,33,34,35,36,37,38,39,40,52,53,77,78,79,80,81,82,83,84,85,86,87,88,89,90,91,92,93,94,95,96,97,98,99,100,101,102,103,104,105,106,107,108,109,110,111,112,113,114,115,116,117,192,249,250,274,
23;0;2724;2897;1;0,1,2,3,5,6,7,10,11,12,13,14,15,20,21,22,23,25,26,27,28,29,30,31,32,33,34,35,36,37,38,39,40,52,53,77,78,79,80,81,82,83,84,85,86,87,88,89,90,91,92,93,94,95,96,97,98,99,100,101,102,103,104,105,106,107,108,109,110,111,112,113,114,115,116,117,192,249,250,274,
166;0;2897;3011;0;0,1,2,3,5,6,7,10,11,12,13,14,15,20,21,22,23,25,26,27,28,29,30,31,32,33,34,35,36,37,38,39,40,52,53,77,78,79,80,81,82,83,84,85,86,87,88,89,90,91,92,93,94,95,96,97,98,99,100,101,102,103,104,105,106,107,108,109,110,111,112,113,114,115,116,117,192,249,250,274,
67;0;3011;3140;1;0,1,2,3,5,6,7,10,11,12,13,14,15,20,21,22,23,25,26,27,28,29,30,31,32,33,34,35,36,37,38,39,40,52,53,77,78,79,80,81,82,83,84,85,86,87,88,89,90,91,92,93,94,95,96,97,98,99,100,101,102,103,104,105,106,107,108,109,110,111,112,113,114,115,116,117,192,249,250,274,
67;1;3140;3165;1;0,1,2,3,5,6,7,10,11,12,13,14,15,20,21,22,23,25,26,27,28,29,30,31,32,33,34,35,36,37,38,39,40,52,53,77,78,79,80,81,82,83,84,85,86,87,88,89,90,91,92,93,94,95,96,97,98,99,100,101,102,103,104,105,106,107,108,109,110,111,112,113,114,115,116,117,192,249,250,274,
209;0;3165;3197;0;0,1,2,3,5,6,7,10,11,12,13,14,15,20,21,22,23,25,26,27,28,29,30,31,32,33,34,35,36,37,38,39,40,52,53,77,78,79,80,81,82,83,84,85,86,87,88,89,90,91,92,93,94,95,96,97,98,99,100,101,102,103,104,105,106,107,108,109,110,111,112,113,114,115,116,117,192,249,250,274,
209;1;3197;3371;0;0,1,2,3,5,6,7,10,11,12,13,14,15,20,21,22,23,25,26,27,28,29,30,31,32,33,34,35,36,37,38,39,40,52,53,77,78,79,80,81,82,83,84,85,86,87,88,89,90,91,92,93,94,95,96,97,98,99,100,101,102,103,104,105,106,107,108,109,110,111,112,113,114,115,116,117,192,249,250,274,
223;0;3371;3385;1;0,1,2,3,5,6,7,10,11,12,13,14,15,20,21,22,23,25,26,27,28,29,30,31,32,33,34,35,36,37,38,39,40,52,53,77,78,79,80,81,82,83,84,85,86,87,88,89,90,91,92,93,94,95,96,97,98,99,100,101,102,103,104,105,106,107,108,109,110,111,112,113,114,115,116,117,192,249,250,274,
7;0;3385;3393;1;0,1,2,3,5,6,7,10,11,12,13,14,15,20,21,22,23,25,26,27,28,29,30,31,32,33,34,35,36,37,38,39,40,52,53,77,78,79,80,81,82,83,84,85,86,87,88,89,90,91,92,93,94,95,96,97,98,99,100,101,102,103,104,105,106,107,108,109,110,111,112,113,114,115,116,117,192,249,250,274,
7;1;3393;3567;1;0,1,2,3,5,6,7,10,11,12,13,14,15,20,21,22,23,25,26,27,28,29,30,31,32,33,34,35,36,37,38,39,40,52,53,77,78,79,80,81,82,83,84,85,86,87,88,89,90,91,92,93,94,95,96,97,98,99,100,101,102,103,104,105,106,107,108,109,110,111,112,113,114,115,116,117,192,249,250,274,
173;0;3567;3627;1;0,1,2,3,5,6,7,10,11,12,13,14,15,20,21,22,23,25,26,27,28,29,30,31,32,33,34,35,36,37,38,39,40,52,53,77,78,79,80,81,82,83,84,85,86,87,88,89,90,91,92,93,94,95,96,97,98,99,100,101,102,103,104,105,106,107,108,109,110,111,112,113,114,115,116,117,192,249,250,274,
128;0;3627;3713;0;0,1,2,3,5,6,7,10,11,12,13,14,15,20,21,22,23,25,26,27,28,29,30,31,32,33,34,35,36,37,38,39,40,52,53,77,78,79,80,81,82,83,84,85,86,87,88,89,90,91,92,93,94,95,96,97,98,99,100,101,102,103,104,105,106,107,108,109,110,111,112,113,114,115,116,117,192,249,250,274,
170;0;3713;3777;1;0,1,2,3,5,6,7,10,11,12,13,14,15,20,21,22,23,25,26,27,28,29,30,31,32,33,34,35,36,37,38,39,40,52,53,77,78,79,80,81,82,83,84,85,86,87,88,89,90,91,92,93,94,95,96,97,98,99,100,101,102,103,104,105,106,107,108,109,110,111,112,113,114,115,116,117,192,249,250,274,
12;0;3777;3927;0;0,1,2,3,5,6,7,10,11,12,13,14,15,20,21,22,23,25,26,27,28,29,30,31,32,33,34,35,36,37,38,39,40,52,53,77,78,79,80,81,82,83,84,85,86,87,88,89,90,91,92,93,94,95,96,97,98,99,100,101,102,103,104,105,106,107,108,109,110,111,112,113,114,115,116,117,192,249,250,274,
12;1;3927;3980;0;0,1,2,3,5,6,7,10,11,12,13,14,15,20,21,22,23,25,26,27,28,29,30,31,32,33,34,35,36,37,38,39,40,52,53,77,78,79,80,81,82,83,84,85,86,87,88,89,90,91,92,93,94,95,96,97,98,99,100,101,102,103,104,105,106,107,108,109,110,111,112,113,114,115,116,117,192,249,250,274,
8;0;3980;4057;0;0,1,2,3,5,6,7,10,11,12,13,14,15,20,21,22,23,25,26,27,28,29,30,31,32,33,34,35,36,37,38,39,40,52,53,77,78,79,80,81,82,83,84,85,86,87,88,89,90,91,92,93,94,95,96,97,98,99,100,101,102,103,104,105,106,107,108,109,110,111,112,113,114,115,116,117,192,249,250,274,
50;0;4057;4227;1;0,1,2,3,5,6,7,10,11,12,13,14,15,20,21,22,23,25,26,27,28,29,30,31,32,33,34,35,36,37,38,39,40,52,53,77,78,79,80,81,82,83,84,85,86,87,88,89,90,91,92,93,94,95,96,97,98,99,100,101,102,103,104,105,106,107,108,109,110,111,112,113,114,115,116,117,192,249,250,274,
65;0;4227;4401;0;0,1,2,3,5,6,7,10,11,12,13,14,15,20,21,22,23,25,26,27,28,29,30,31,32,33,34,35,36,37,38,39,40,52,53,77,78,79,80,81,82,83,84,85,86,87,88,89,90,91,92,93,94,95,96,97,98,99,100,101,102,103,104,105,106,107,108,109,110,111,112,113,114,115,116,117,192,249,250,274,
226;0;4401;4545;0;0,1,2,3,5,6,7,10,11,12,13,14,15,20,21,22,23,25,26,27,28,29,30,31,32,33,34,35,36,37,38,39,40,52,53,77,78,79,80,81,82,83,84,85,86,87,88,89,90,91,92,93,94,95,96,97,98,99,100,101,102,103,104,105,106,107,108,109,110,111,112,113,114,115,116,117,192,249,250,274,
60;0;4545;4582;1;0,1,2,3,5,6,7,10,11,12,13,14,15,20,21,22,23,25,26,27,28,29,30,31,32,33,34,35,36,37,38,39,40,52,53,77,78,79,80,81,82,83,84,85,86,87,88,89,90,91,92,93,94,95,96,97,98,99,100,101,102,103,104,105,106,107,108,109,110,111,112,113,114,115,116,117,192,249,250,274,
207;0;4582;4747;1;0,1,2,3,5,6,7,10,11,12,13,14,15,20,21,22,23,25,26,27,28,29,30,31,32,33,34,35,36,37,38,39,40,52,53,77,78,79,80,81,82,83,84,85,86,87,88,89,90,91,92,93,94,95,96,97,98,99,100,101,102,103,104,105,106,107,108,109,110,111,112,113,114,115,116,117,192,249,250,274,
207;1;4747;4892;1;0,1,2,3,5,6,7,10,11,12,13,14,15,20,21,22,23,25,26,27,28,29,30,31,32,33,34,35,36,37,38,39,40,52,53,77,78,79,80,81,82,83,84,85,86,87,88,89,90,91,92,93,94,95,96,97,98,99,100,101,102,103,104,105,106,107,108,109,110,111,112,113,114,115,116,117,192,249,250,274,
40;0;4892;4921;1;0,1,2,3,5,6,7,10,11,12,13,14,15,20,21,22,23,25,26,27,28,29,30,31,32,33,34,35,36,37,38,39,40,52,53,77,78,79,80,81,82,83,84,85,86,87,88,89,90,91,92,93,94,95,96,97,98,99,100,101,102,103,104,105,106,107,108,109,110,111,112,113,114,115,116,117,192,249,250,274,
37;0;4921;5014;1;0,1,2,3,5,6,7,10,11,12,13,14,15,20,21,22,23,25,26,27,28,29,30,31,32,33,34,35,36,37,38,39,40,52,53,77,78,79,80,81,82,83,84,85,86,87,88,89,90,91,92,93,94,95,96,97,98,99,100,101,102,103,104,105,106,107,108,109,110,111,112,113,114,115,116,117,192,249,250,274,
37;1;5014;5065;1;0,1,2,3,5,6,7,10,11,12,13,14,15,20,21,22,23,25,26,27,28,29,30,31,32,33,34,35,36,37,38,39,40,52,53,77,78,79,80,81,82,83,84,85,86,87,88,89,90,91,92,93,94,95,96,97,98,99,100,101,102,103,104,105,106,107,108,109,110,111,112,113,114,115,116,117,192,249,250,274,
133;0;5065;5151;1;0,1,2,3,5,6,7,10,11,12,13,14,15,20,21,22,23,25,26,27,28,29,30,31,32,33,34,35,36,37,38,39,40,52,53,77,78,79,80,81,82,83,84,85,86,87,88,89,90,91,92,93,94,95,96,97,98,99,100,101,102,103,104,105,106,107,108,109,110,111,112,113,114,115,116,117,192,249,250,274,
189;0;5151;5219;0;0,1,2,3,5,6,7,10,11,12,13,14,15,20,21,22,23,25,26,27,28,29,30,31,32,33,34,35,36,37,38,39,40,52,53,77,78,79,80,81,82,83,84,85,86,87,88,89,90,91,92,93,94,95,96,97,98,99,100,101,102,103,104,105,106,107,108,109,110,111,112,113,114,115,116,117,192,249,250,274,
189;1;5219;5344;0;0,1,2,3,5,6,7,10,11,12,13,14,15,20,21,22,23,25,26,27,28,29,30,31,32,33,34,35,36,37,38,39,40,52,53,77,78,79,80,81,82,83,84,85,86,87,88,89,90,91,92,93,94,95,96,97,98,99,100,101,102,103,104,105,106,107,108,109,110,111,112,113,114,115,116,117,192,249,250,274,
86;0;5344;5381;0;0,1,2,3,5,6,7,10,11,12,13,14,15,20,21,22,23,25,26,27,28,29,30,31,32,33,34,35,36,37,38,39,40,52,53,77,78,79,80,81,82,83,84,85,86,87,88,89,90,91,92,93,94,95,96,97,98,99,100,101,102,103,104,105,106,107,108,109,110,111,112,113,114,115,116,117,192,249,250,274,
Machine: 1
0;0;0;129;1;0,1,2,3,4,5,6,7,8,9,10,11,12,13,14,15,20,21,23,25,26,40,41,42,43,44,45,50,53,55,61,62,63,78,79,124,137,143,144,146,164,165,166,167,168,177,178,179,180,181,182,183,184,185,186,187,188,189,190,191,201,202,203,204,205,244,245,246,247,295,296,297,298,314,315,316,317,318,319,323,
0;1;129;175;1;0,1,2,3,4,5,6,7,8,9,10,11,12,13,14,15,20,21,23,25,26,40,41,42,43,44,45,50,53,55,61,62,63,78,79,124,137,143,144,146,164,165,166,167,168,177,178,179,180,181,182,183,184,185,186,187,188,189,190,191,201,202,203,204,205,244,245,246,247,295,296,297,298,314,315,316,317,318,319,323,
38;0;175;253;0;0,1,2,3,4,5,6,7,8,9,10,11,12,13,14,15,20,21,23,25,26,40,41,42,43,44,45,50,53,55,61,62,63,78,79,124,137,143,144,146,164,165,166,167,168,177,178,179,180,181,182,183,184,185,186,187,188,189,190,191,201,202,203,204,205,244,245,246,247,295,296,297,298,314,315,316,317,318,319,323,
179;0;253;429;0;0,1,2,3,4,5,6,7,8,9,10,11,12,13,14,15,20,21,23,25,26,40,41,42,43,44,45,50,53,55,61,62,63,78,79,124,137,143,144,146,164,165,166,167,168,177,178,179,180,181,182,183,184,185,186,187,188,189,190,191,201,202,203,204,205,244,245,246,247,295,296,297,298,314,315,316,317,318,319,323,
179;1;429;440;0;0,1,2,3,4,5,6,7,8,9,10,11,12,13,14,15,20,21,23,25,26,40,41,42,43,44,45,50,53,55,61,62,63,78,79,124,137,143,144,146,164,165,166,167,168,177,178,179,180,181,182,183,184,185,186,187,188,189,190,191,201,202,203,204,205,244,245,246,247,295,296,297,298,314,315,316,317,318,319,323,
237;0;440;579;1;0,1,2,3,4,5,6,7,8,9,10,11,12,13,14,15,20,21,23,25,26,40,41,42,43,44,45,50,53,55,61,62,63,78,79,124,137,143,144,146,164,165,166,167,168,177,178,179,180,181,182,183,184,185,186,187,188,189,190,191,201,202,203,204,205,244,245,246,247,295,296,297,298,314,315,316,317,318,319,323,
237;1;579;673;1;0,1,2,3,4,5,6,7,8,9,10,11,12,13,14,15,20,21,23,25,26,40,41,42,43,44,45,50,53,55,61,62,63,78,79,124,137,143,144,146,164,165,166,167,168,177,178,179,180,181,182,183,184,185,186,187,188,189,190,191,201,202,203,204,205,244,245,246,247,295,296,297,298,314,315,316,317,318,319,323,
148;0;673;774;0;0,1,2,3,4,5,6,7,8,9,10,11,12,13,14,15,20,21,23,25,26,40,41,42,43,44,45,50,53,55,61,62,63,78,79,124,137,143,144,146,164,165,166,167,168,177,178,179,180,181,182,183,184,185,186,187,188,189,190,191,201,202,203,204,205,244,245,246,247,295,296,297,298,314,315,316,317,318,319,323,
188;0;774;852;0;0,1,2,3,4,5,6,7,8,9,10,11,12,13,14,15,20,21,23,25,26,40,41,42,43,44,45,50,53,55,61,62,63,78,79,124,137,143,144,146,164,165,166,167,168,177,178,179,180,181,182,183,184,185,186,187,188,189,190,191,201,202,203,204,205,244,245,246,247,295,296,297,298,314,315,316,317,318,319,323,
95;0;852;942;0;0,1,2,3,4,5,6,7,8,9,10,11,12,13,14,15,20,21,23,25,26,40,41,42,43,44,45,50,53,55,61,62,63,78,79,124,137,143,144,146,164,165,166,167,168,177,178,179,180,181,182,183,184,185,186,187,188,189,190,191,201,202,203,204,205,244,245,246,247,295,296,297,298,314,315,316,317,318,319,323,
151;0;942;1067;1;0,1,2,3,4,5,6,7,8,9,10,11,12,13,14,15,20,21,23,25,26,40,41,42,43,44,45,50,53,55,61,62,63,78,79,124,137,143,144,146,164,165,166,167,168,177,178,179,180,181,182,183,184,185,186,187,188,189,190,191,201,202,203,204,205,244,245,246,247,295,296,297,298,314,315,316,317,318,319,323,
9;0;1067;1151;0;0,1,2,3,4,5,6,7,8,9,10,11,12,13,14,15,20,21,23,25,26,40,41,42,43,44,45,50,53,55,61,62,63,78,79,124,137,143,144,146,164,165,166,167,168,177,178,179,180,181,182,183,184,185,186,187,188,189,190,191,201,202,203,204,205,244,245,246,247,295,296,297,298,314,315,316,317,318,319,323,
9;1;1151;1211;0;0,1,2,3,4,5,6,7,8,9,10,11,12,13,14,15,20,21,23,25,26,40,41,42,43,44,45,50,53,55,61,62,63,78,79,124,137,143,144,146,164,165,166,167,168,177,178,179,180,181,182,183,184,185,186,187,188,189,190,191,201,202,203,204,205,244,245,246,247,295,296,297,298,314,315,316,317,318,319,323,
160;0;1211;1220;1;0,1,2,3,4,5,6,7,8,9,10,11,12,13,14,15,20,21,23,25,26,40,41,42,43,44,45,50,53,55,61,62,63,78,79,124,137,143,144,146,164,165,166,167,168,177,178,179,180,181,182,183,184,185,186,187,188,189,190,191,201,202,203,204,205,244,245,246,247,295,296,297,298,314,315,316,317,318,319,323,
229;0;1220;1317;0;0,1,2,3,4,5,6,7,8,9,10,11,12,13,14,15,20,21,23,25,26,40,41,42,43,44,45,50,53,55,61,62,63,78,79,124,137,143,144,146,164,165,166,167,168,177,178,179,180,181,182,183,184,185,186,187,188,189,190,191,201,202,203,204,205,244,245,246,247,295,296,297,298,314,315,316,317,318,319,323,
229;1;1317;1411;0;0,1,2,3,4,5,6,7,8,9,10,11,12,13,14,15,20,21,23,25,26,40,41,42,43,44,45,50,53,55,61,62,63,78,79,124,137,143,144,146,164,165,166,167,168,177,178,179,180,181,182,183,184,185,186,187,188,189,190,191,201,202,203,204,205,244,245,246,247,295,296,297,298,314,315,316,317,318,319,323,
159;0;1411;1464;0;0,1,2,3,4,5,6,7,8,9,10,11,12,13,14,15,20,21,23,25,26,40,41,42,43,44,45,50,53,55,61,62,63,78,79,124,137,143,144,146,164,165,166,167,168,177,178,179,180,181,182,183,184,185,186,187,188,189,190,191,201,202,203,204,205,244,245,246,247,295,296,297,298,314,315,316,317,318,319,323,
159;1;1464;1567;0;0,1,2,3,4,5,6,7,8,9,10,11,12,13,14,15,20,21,23,25,26,40,41,42,43,44,45,50,53,55,61,62,63,78,79,124,137,143,144,146,164,165,166,167,168,177,178,179,180,181,182,183,184,185,186,187,188,189,190,191,201,202,203,204,205,244,245,246,247,295,296,297,298,314,315,316,317,318,319,323,
77;0;1567;1604;1;0,1,2,3,4,5,6,7,8,9,10,11,12,13,14,15,20,21,23,25,26,40,41,42,43,44,45,50,53,55,61,62,63,78,79,124,137,143,144,146,164,165,166,167,168,177,178,179,180,181,182,183,184,185,186,187,188,189,190,191,201,202,203,204,205,244,245,246,247,295,296,297,298,314,315,316,317,318,319,323,
77;1;1604;1691;1;0,1,2,3,4,5,6,7,8,9,10,11,12,13,14,15,20,21,23,25,26,40,41,42,43,44,45,50,53,55,61,62,63,78,79,124,137,143,144,146,164,165,166,167,168,177,178,179,180,181,182,183,184,185,186,187,188,189,190,191,201,202,203,204,205,244,245,246,247,295,296,297,298,314,315,316,317,318,319,323,
113;0;1691;1768;1;0,1,2,3,4,5,6,7,8,9,10,11,12,13,14,15,20,21,23,25,26,40,41,42,43,44,45,50,53,55,61,62,63,78,79,124,137,143,144,146,164,165,166,167,168,177,178,179,180,181,182,183,184,185,186,187,188,189,190,191,201,202,203,204,205,244,245,246,247,295,296,297,298,314,315,316,317,318,319,323,
71;0;1768;1883;1;0,1,2,3,4,5,6,7,8,9,10,11,12,13,14,15,20,21,23,25,26,40,41,42,43,44,45,50,53,55,61,62,63,78,79,124,137,143,144,146,164,165,166,167,168,177,178,179,180,181,182,183,184,185,186,187,188,189,190,191,201,202,203,204,205,244,245,246,247,295,296,297,298,314,315,316,317,318,319,323,
91;0;1883;2056;1;0,1,2,3,4,5,6,7,8,9,10,11,12,13,14,15,20,21,23,25,26,40,41,42,43,44,45,50,53,55,61,62,63,78,79,124,137,143,144,146,164,165,166,167,168,177,178,179,180,181,182,183,184,185,186,187,188,189,190,191,201,202,203,204,205,244,245,246,247,295,296,297,298,314,315,316,317,318,319,323,
181;0;2056;2120;1;0,1,2,3,4,5,6,7,8,9,10,11,12,13,14,15,20,21,23,25,26,40,41,42,43,44,45,50,53,55,61,62,63,78,79,124,137,143,144,146,164,165,166,167,168,177,178,179,180,181,182,183,184,185,186,187,188,189,190,191,201,202,203,204,205,244,245,246,247,295,296,297,298,314,315,316,317,318,319,323,
122;0;2120;2193;0;0,1,2,3,4,5,6,7,8,9,10,11,12,13,14,15,20,21,23,25,26,40,41,42,43,44,45,50,53,55,61,62,63,78,79,124,137,143,144,146,164,165,166,167,168,177,178,179,180,181,182,183,184,185,186,187,188,189,190,191,201,202,203,204,205,244,245,246,247,295,296,297,298,314,315,316,317,318,319,323,
122;1;2193;2271;0;0,1,2,3,4,5,6,7,8,9,10,11,12,13,14,15,20,21,23,25,26,40,41,42,43,44,45,50,53,55,61,62,63,78,79,124,137,143,144,146,164,165,166,167,168,177,178,179,180,181,182,183,184,185,186,187,188,189,190,191,201,202,203,204,205,244,245,246,247,295,296,297,298,314,315,316,317,318,319,323,
131;0;2271;2279;1;0,1,2,3,4,5,6,7,8,9,10,11,12,13,14,15,20,21,23,25,26,40,41,42,43,44,45,50,53,55,61,62,63,78,79,124,137,143,144,146,164,165,166,167,168,177,178,179,180,181,182,183,184,185,186,187,188,189,190,191,201,202,203,204,205,244,245,246,247,295,296,297,298,314,315,316,317,318,319,323,
218;0;2279;2339;0;0,1,2,3,4,5,6,7,8,9,10,11,12,13,14,15,20,21,23,25,26,40,41,42,43,44,45,50,53,55,61,62,63,78,79,124,137,143,144,146,164,165,166,167,168,177,178,179,180,181,182,183,184,185,186,187,188,189,190,191,201,202,203,204,205,244,245,246,247,295,296,297,298,314,315,316,317,318,319,323,
137;0;2339;2470;1;0,1,2,3,4,5,6,7,8,9,10,11,12,13,14,15,20,21,23,25,26,40,41,42,43,44,45,50,53,55,61,62,63,78,79,124,137,143,144,146,164,165,166,167,168,177,178,179,180,181,182,183,184,185,186,187,188,189,190,191,201,202,203,204,205,244,245,246,247,295,296,297,298,314,315,316,317,318,319,323,
137;1;2470;2599;1;0,1,2,3,4,5,6,7,8,9,10,11,12,13,14,15,20,21,23,25,26,40,41,42,43,44,45,50,53,55,61,62,63,78,79,124,137,143,144,146,164,165,166,167,168,177,178,179,180,181,182,183,184,185,186,187,188,189,190,191,201,202,203,204,205,244,245,246,247,295,296,297,298,314,315,316,317,318,319,323,
178;0;2599;2710;0;0,1,2,3,4,5,6,7,8,9,10,11,12,13,14,15,20,21,23,25,26,40,41,42,43,44,45,50,53,55,61,62,63,78,79,124,137,143,144,146,164,165,166,167,168,177,178,179,180,181,182,183,184,185,186,187,188,189,190,191,201,202,203,204,205,244,245,246,247,295,296,297,298,314,315,316,317,318,319,323,
59;0;2710;2862;0;0,1,2,3,4,5,6,7,8,9,10,11,12,13,14,15,20,21,23,25,26,40,41,42,43,44,45,50,53,55,61,62,63,78,79,124,137,143,144,146,164,165,166,167,168,177,178,179,180,181,182,183,184,185,186,187,188,189,190,191,201,202,203,204,205,244,245,246,247,295,296,297,298,314,315,316,317,318,319,323,
59;1;2862;2987;0;0,1,2,3,4,5,6,7,8,9,10,11,12,13,14,15,20,21,23,25,26,40,41,42,43,44,45,50,53,55,61,62,63,78,79,124,137,143,144,146,164,165,166,167,168,177,178,179,180,181,182,183,184,185,186,187,188,189,190,191,201,202,203,204,205,244,245,246,247,295,296,297,298,314,315,316,317,318,319,323,
142;0;2987;3064;0;0,1,2,3,4,5,6,7,8,9,10,11,12,13,14,15,20,21,23,25,26,40,41,42,43,44,45,50,53,55,61,62,63,78,79,124,137,143,144,146,164,165,166,167,168,177,178,179,180,181,182,183,184,185,186,187,188,189,190,191,201,202,203,204,205,244,245,246,247,295,296,297,298,314,315,316,317,318,319,323,
142;1;3064;3073;0;0,1,2,3,4,5,6,7,8,9,10,11,12,13,14,15,20,21,23,25,26,40,41,42,43,44,45,50,53,55,61,62,63,78,79,124,137,143,144,146,164,165,166,167,168,177,178,179,180,181,182,183,184,185,186,187,188,189,190,191,201,202,203,204,205,244,245,246,247,295,296,297,298,314,315,316,317,318,319,323,
2;0;3073;3187;0;0,1,2,3,4,5,6,7,8,9,10,11,12,13,14,15,20,21,23,25,26,40,41,42,43,44,45,50,53,55,61,62,63,78,79,124,137,143,144,146,164,165,166,167,168,177,178,179,180,181,182,183,184,185,186,187,188,189,190,191,201,202,203,204,205,244,245,246,247,295,296,297,298,314,315,316,317,318,319,323,
2;1;3187;3234;0;0,1,2,3,4,5,6,7,8,9,10,11,12,13,14,15,20,21,23,25,26,40,41,42,43,44,45,50,53,55,61,62,63,78,79,124,137,143,144,146,164,165,166,167,168,177,178,179,180,181,182,183,184,185,186,187,188,189,190,191,201,202,203,204,205,244,245,246,247,295,296,297,298,314,315,316,317,318,319,323,
169;0;3234;3381;0;0,1,2,3,4,5,6,7,8,9,10,11,12,13,14,15,20,21,23,25,26,40,41,42,43,44,45,50,53,55,61,62,63,78,79,124,137,143,144,146,164,165,166,167,168,177,178,179,180,181,182,183,184,185,186,187,188,189,190,191,201,202,203,204,205,244,245,246,247,295,296,297,298,314,315,316,317,318,319,323,
169;1;3381;3475;0;0,1,2,3,4,5,6,7,8,9,10,11,12,13,14,15,20,21,23,25,26,40,41,42,43,44,45,50,53,55,61,62,63,78,79,124,137,143,144,146,164,165,166,167,168,177,178,179,180,181,182,183,184,185,186,187,188,189,190,191,201,202,203,204,205,244,245,246,247,295,296,297,298,314,315,316,317,318,319,323,
102;0;3475;3599;0;0,1,2,3,4,5,6,7,8,9,10,11,12,13,14,15,20,21,23,25,26,40,41,42,43,44,45,50,53,55,61,62,63,78,79,124,137,143,144,146,164,165,166,167,168,177,178,179,180,181,182,183,184,185,186,187,188,189,190,191,201,202,203,204,205,244,245,246,247,295,296,297,298,314,315,316,317,318,319,323,
102;1;3599;3750;0;0,1,2,3,4,5,6,7,8,9,10,11,12,13,14,15,20,21,23,25,26,40,41,42,43,44,45,50,53,55,61,62,63,78,79,124,137,143,144,146,164,165,166,167,168,177,178,179,180,181,182,183,184,185,186,187,188,189,190,191,201,202,203,204,205,244,245,246,247,295,296,297,298,314,315,316,317,318,319,323,
214;0;3750;3765;1;0,1,2,3,4,5,6,7,8,9,10,11,12,13,14,15,20,21,23,25,26,40,41,42,43,44,45,50,53,55,61,62,63,78,79,124,137,143,144,146,164,165,166,167,168,177,178,179,180,181,182,183,184,185,186,187,188,189,190,191,201,202,203,204,205,244,245,246,247,295,296,297,298,314,315,316,317,318,319,323,
214;1;3765;3868;1;0,1,2,3,4,5,6,7,8,9,10,11,12,13,14,15,20,21,23,25,26,40,41,42,43,44,45,50,53,55,61,62,63,78,79,124,137,143,144,146,164,165,166,167,168,177,178,179,180,181,182,183,184,185,186,187,188,189,190,191,201,202,203,204,205,244,245,246,247,295,296,297,298,314,315,316,317,318,319,323,
64;0;3868;3946;1;0,1,2,3,4,5,6,7,8,9,10,11,12,13,14,15,20,21,23,25,26,40,41,42,43,44,45,50,53,55,61,62,63,78,79,124,137,143,144,146,164,165,166,167,168,177,178,179,180,181,182,183,184,185,186,187,188,189,190,191,201,202,203,204,205,244,245,246,247,295,296,297,298,314,315,316,317,318,319,323,
64;1;3946;4116;1;0,1,2,3,4,5,6,7,8,9,10,11,12,13,14,15,20,21,23,25,26,40,41,42,43,44,45,50,53,55,61,62,63,78,79,124,137,143,144,146,164,165,166,167,168,177,178,179,180,181,182,183,184,185,186,187,188,189,190,191,201,202,203,204,205,244,245,246,247,295,296,297,298,314,315,316,317,318,319,323,
205;0;4116;4148;0;0,1,2,3,4,5,6,7,8,9,10,11,12,13,14,15,20,21,23,25,26,40,41,42,43,44,45,50,53,55,61,62,63,78,79,124,137,143,144,146,164,165,166,167,168,177,178,179,180,181,182,183,184,185,186,187,188,189,190,191,201,202,203,204,205,244,245,246,247,295,296,297,298,314,315,316,317,318,319,323,
81;0;4148;4249;1;0,1,2,3,4,5,6,7,8,9,10,11,12,13,14,15,20,21,23,25,26,40,41,42,43,44,45,50,53,55,61,62,63,78,79,124,137,143,144,146,164,165,166,167,168,177,178,179,180,181,182,183,184,185,186,187,188,189,190,191,201,202,203,204,205,244,245,246,247,295,296,297,298,314,315,316,317,318,319,323,
183;0;4249;4269;1;0,1,2,3,4,5,6,7,8,9,10,11,12,13,14,15,20,21,23,25,26,40,41,42,43,44,45,50,53,55,61,62,63,78,79,124,137,143,144,146,164,165,166,167,168,177,178,179,180,181,182,183,184,185,186,187,188,189,190,191,201,202,203,204,205,244,245,246,247,295,296,297,298,314,315,316,317,318,319,323,
66;0;4269;4395;0;0,1,2,3,4,5,6,7,8,9,10,11,12,13,14,15,20,21,23,25,26,40,41,42,43,44,45,50,53,55,61,62,63,78,79,124,137,143,144,146,164,165,166,167,168,177,178,179,180,181,182,183,184,185,186,187,188,189,190,191,201,202,203,204,205,244,245,246,247,295,296,297,298,314,315,316,317,318,319,323,
216;0;4395;4532;0;0,1,2,3,4,5,6,7,8,9,10,11,12,13,14,15,20,21,23,25,26,40,41,42,43,44,45,50,53,55,61,62,63,78,79,124,137,143,144,146,164,165,166,167,168,177,178,179,180,181,182,183,184,185,186,187,188,189,190,191,201,202,203,204,205,244,245,246,247,295,296,297,298,314,315,316,317,318,319,323,
41;0;4532;4576;1;0,1,2,3,4,5,6,7,8,9,10,11,12,13,14,15,20,21,23,25,26,40,41,42,43,44,45,50,53,55,61,62,63,78,79,124,137,143,144,146,164,165,166,167,168,177,178,179,180,181,182,183,184,185,186,187,188,189,190,191,201,202,203,204,205,244,245,246,247,295,296,297,298,314,315,316,317,318,319,323,
124;0;4576;4736;1;0,1,2,3,4,5,6,7,8,9,10,11,12,13,14,15,20,21,23,25,26,40,41,42,43,44,45,50,53,55,61,62,63,78,79,124,137,143,144,146,164,165,166,167,168,177,178,179,180,181,182,183,184,185,186,187,188,189,190,191,201,202,203,204,205,244,245,246,247,295,296,297,298,314,315,316,317,318,319,323,
124;1;4736;4780;1;0,1,2,3,4,5,6,7,8,9,10,11,12,13,14,15,20,21,23,25,26,40,41,42,43,44,45,50,53,55,61,62,63,78,79,124,137,143,144,146,164,165,166,167,168,177,178,179,180,181,182,183,184,185,186,187,188,189,190,191,201,202,203,204,205,244,245,246,247,295,296,297,298,314,315,316,317,318,319,323,
165;0;4780;4840;0;0,1,2,3,4,5,6,7,8,9,10,11,12,13,14,15,20,21,23,25,26,40,41,42,43,44,45,50,53,55,61,62,63,78,79,124,137,143,144,146,164,165,166,167,168,177,178,179,180,181,182,183,184,185,186,187,188,189,190,191,201,202,203,204,205,244,245,246,247,295,296,297,298,314,315,316,317,318,319,323,
16;0;4840;4934;0;0,1,2,3,4,5,6,7,8,9,10,11,12,13,14,15,20,21,23,25,26,40,41,42,43,44,45,50,53,55,61,62,63,78,79,124,137,143,144,146,164,165,166,167,168,177,178,179,180,181,182,183,184,185,186,187,188,189,190,191,201,202,203,204,205,244,245,246,247,295,296,297,298,314,315,316,317,318,319,323,
118;0;4934;5030;0;0,1,2,3,4,5,6,7,8,9,10,11,12,13,14,15,20,21,23,25,26,40,41,42,43,44,45,50,53,55,61,62,63,78,79,124,137,143,144,146,164,165,166,167,168,177,178,179,180,181,182,183,184,185,186,187,188,189,190,191,201,202,203,204,205,244,245,246,247,295,296,297,298,314,315,316,317,318,319,323,
127;0;5030;5062;1;0,1,2,3,4,5,6,7,8,9,10,11,12,13,14,15,20,21,23,25,26,40,41,42,43,44,45,50,53,55,61,62,63,78,79,124,137,143,144,146,164,165,166,167,168,177,178,179,180,181,182,183,184,185,186,187,188,189,190,191,201,202,203,204,205,244,245,246,247,295,296,297,298,314,315,316,317,318,319,323,
127;1;5062;5142;1;0,1,2,3,4,5,6,7,8,9,10,11,12,13,14,15,20,21,23,25,26,40,41,42,43,44,45,50,53,55,61,62,63,78,79,124,137,143,144,146,164,165,166,167,168,177,178,179,180,181,182,183,184,185,186,187,188,189,190,191,201,202,203,204,205,244,245,246,247,295,296,297,298,314,315,316,317,318,319,323,
147;0;5142;5150;1;0,1,2,3,4,5,6,7,8,9,10,11,12,13,14,15,20,21,23,25,26,40,41,42,43,44,45,50,53,55,61,62,63,78,79,124,137,143,144,146,164,165,166,167,168,177,178,179,180,181,182,183,184,185,186,187,188,189,190,191,201,202,203,204,205,244,245,246,247,295,296,297,298,314,315,316,317,318,319,323,
147;1;5150;5175;1;0,1,2,3,4,5,6,7,8,9,10,11,12,13,14,15,20,21,23,25,26,40,41,42,43,44,45,50,53,55,61,62,63,78,79,124,137,143,144,146,164,165,166,167,168,177,178,179,180,181,182,183,184,185,186,187,188,189,190,191,201,202,203,204,205,244,245,246,247,295,296,297,298,314,315,316,317,318,319,323,
Machine: 2
240;0;0;49;1;0,1,2,12,13,14,15,26,32,36,43,44,45,46,47,48,49,50,51,55,56,57,58,59,60,63,64,65,66,67,72,73,74,75,76,123,124,137,138,139,140,141,142,150,152,166,167,168,169,174,175,176,193,194,195,196,197,198,199,213,238,239,240,241,265,266,267,268,269,270,271,272,273,275,276,277,278,280,281,282,
45;0;49;118;0;0,1,2,12,13,14,15,26,32,36,43,44,45,46,47,48,49,50,51,55,56,57,58,59,60,63,64,65,66,67,72,73,74,75,76,123,124,137,138,139,140,141,142,150,152,166,167,168,169,174,175,176,193,194,195,196,197,198,199,213,238,239,240,241,265,266,267,268,269,270,271,272,273,275,276,277,278,280,281,282,
180;0;118;138;1;0,1,2,12,13,14,15,26,32,36,43,44,45,46,47,48,49,50,51,55,56,57,58,59,60,63,64,65,66,67,72,73,74,75,76,123,124,137,138,139,140,141,142,150,152,166,167,168,169,174,175,176,193,194,195,196,197,198,199,213,238,239,240,241,265,266,267,268,269,270,271,272,273,275,276,277,278,280,281,282,
141;0;138;219;1;0,1,2,12,13,14,15,26,32,36,43,44,45,46,47,48,49,50,51,55,56,57,58,59,60,63,64,65,66,67,72,73,74,75,76,123,124,137,138,139,140,141,142,150,152,166,167,168,169,174,175,176,193,194,195,196,197,198,199,213,238,239,240,241,265,266,267,268,269,270,271,272,273,275,276,277,278,280,281,282,
143;0;219;233;1;0,1,2,12,13,14,15,26,32,36,43,44,45,46,47,48,49,50,51,55,56,57,58,59,60,63,64,65,66,67,72,73,74,75,76,123,124,137,138,139,140,141,142,150,152,166,167,168,169,174,175,176,193,194,195,196,197,198,199,213,238,239,240,241,265,266,267,268,269,270,271,272,273,275,276,277,278,280,281,282,
79;0;233;310;0;0,1,2,12,13,14,15,26,32,36,43,44,45,46,47,48,49,50,51,55,56,57,58,59,60,63,64,65,66,67,72,73,74,75,76,123,124,137,138,139,140,141,142,150,152,166,167,168,169,174,175,176,193,194,195,196,197,198,199,213,238,239,240,241,265,266,267,268,269,270,271,272,273,275,276,277,278,280,281,282,
79;1;310;447;0;0,1,2,12,13,14,15,26,32,36,43,44,45,46,47,48,49,50,51,55,56,57,58,59,60,63,64,65,66,67,72,73,74,75,76,123,124,137,138,139,140,141,142,150,152,166,167,168,169,174,175,176,193,194,195,196,197,198,199,213,238,239,240,241,265,266,267,268,269,270,271,272,273,275,276,277,278,280,281,282,
21;0;447;481;1;0,1,2,12,13,14,15,26,32,36,43,44,45,46,47,48,49,50,51,55,56,57,58,59,60,63,64,65,66,67,72,73,74,75,76,123,124,137,138,139,140,141,142,150,152,166,167,168,169,174,175,176,193,194,195,196,197,198,199,213,238,239,240,241,265,266,267,268,269,270,271,272,273,275,276,277,278,280,281,282,
153;0;481;555;1;0,1,2,12,13,14,15,26,32,36,43,44,45,46,47,48,49,50,51,55,56,57,58,59,60,63,64,65,66,67,72,73,74,75,76,123,124,137,138,139,140,141,142,150,152,166,167,168,169,174,175,176,193,194,195,196,197,198,199,213,238,239,240,241,265,266,267,268,269,270,271,272,273,275,276,277,278,280,281,282,
30;0;555;563;1;0,1,2,12,13,14,15,26,32,36,43,44,45,46,47,48,49,50,51,55,56,57,58,59,60,63,64,65,66,67,72,73,74,75,76,123,124,137,138,139,140,141,142,150,152,166,167,168,169,174,175,176,193,194,195,196,197,198,199,213,238,239,240,241,265,266,267,268,269,270,271,272,273,275,276,277,278,280,281,282,
135;0;563;688;0;0,1,2,12,13,14,15,26,32,36,43,44,45,46,47,48,49,50,51,55,56,57,58,59,60,63,64,65,66,67,72,73,74,75,76,123,124,137,138,139,140,141,142,150,152,166,167,168,169,174,175,176,193,194,195,196,197,198,199,213,238,239,240,241,265,266,267,268,269,270,271,272,273,275,276,277,278,280,281,282,
69;0;688;748;0;0,1,2,12,13,14,15,26,32,36,43,44,45,46,47,48,49,50,51,55,56,57,58,59,60,63,64,65,66,67,72,73,74,75,76,123,124,137,138,139,140,141,142,150,152,166,167,168,169,174,175,176,193,194,195,196,197,198,199,213,238,239,240,241,265,266,267,268,269,270,271,272,273,275,276,277,278,280,281,282,
69;1;748;917;0;0,1,2,12,13,14,15,26,32,36,43,44,45,46,47,48,49,50,51,55,56,57,58,59,60,63,64,65,66,67,72,73,74,75,76,123,124,137,138,139,140,141,142,150,152,166,167,168,169,174,175,176,193,194,195,196,197,198,199,213,238,239,240,241,265,266,267,268,269,270,271,272,273,275,276,277,278,280,281,282,
132;0;917;946;0;0,1,2,12,13,14,15,26,32,36,43,44,45,46,47,48,49,50,51,55,56,57,58,59,60,63,64,65,66,67,72,73,74,75,76,123,124,137,138,139,140,141,142,150,152,166,167,168,169,174,175,176,193,194,195,196,197,198,199,213,238,239,240,241,265,266,267,268,269,270,271,272,273,275,276,277,278,280,281,282,
132;1;946;1064;0;0,1,2,12,13,14,15,26,32,36,43,44,45,46,47,48,49,50,51,55,56,57,58,59,60,63,64,65,66,67,72,73,74,75,76,123,124,137,138,139,140,141,142,150,152,166,167,168,169,174,175,176,193,194,195,196,197,198,199,213,238,239,240,241,265,266,267,268,269,270,271,272,273,275,276,277,278,280,281,282,
200;0;1064;1133;1;0,1,2,12,13,14,15,26,32,36,43,44,45,46,47,48,49,50,51,55,56,57,58,59,60,63,64,65,66,67,72,73,74,75,76,123,124,137,138,139,140,141,142,150,152,166,167,168,169,174,175,176,193,194,195,196,197,198,199,213,238,239,240,241,265,266,267,268,269,270,271,272,273,275,276,277,278,280,281,282,
190;0;1133;1290;1;0,1,2,12,13,14,15,26,32,36,43,44,45,46,47,48,49,50,51,55,56,57,58,59,60,63,64,65,66,67,72,73,74,75,76,123,124,137,138,139,140,141,142,150,152,166,167,168,169,174,175,176,193,194,195,196,197,198,199,213,238,239,240,241,265,266,267,268,269,270,271,272,273,275,276,277,278,280,281,282,
85;0;1290;1421;0;0,1,2,12,13,14,15,26,32,36,43,44,45,46,47,48,49,50,51,55,56,57,58,59,60,63,64,65,66,67,72,73,74,75,76,123,124,137,138,139,140,141,142,150,152,166,167,168,169,174,175,176,193,194,195,196,197,198,199,213,238,239,240,241,265,266,267,268,269,270,271,272,273,275,276,277,278,280,281,282,
225;0;1421;1554;0;0,1,2,12,13,14,15,26,32,36,43,44,45,46,47,48,49,50,51,55,56,57,58,59,60,63,64,65,66,67,72,73,74,75,76,123,124,137,138,139,140,141,142,150,152,166,167,168,169,174,175,176,193,194,195,196,197,198,199,213,238,239,240,241,265,266,267,268,269,270,271,272,273,275,276,277,278,280,281,282,
234;0;1554;1583;1;0,1,2,12,13,14,15,26,32,36,43,44,45,46,47,48,49,50,51,55,56,57,58,59,60,63,64,65,66,67,72,73,74,75,76,123,124,137,138,139,140,141,142,150,152,166,167,168,169,174,175,176,193,194,195,196,197,198,199,213,238,239,240,241,265,266,267,268,269,270,271,272,273,275,276,277,278,280,281,282,
234;1;1583;1615;1;0,1,2,12,13,14,15,26,32,36,43,44,45,46,47,48,49,50,51,55,56,57,58,59,60,63,64,65,66,67,72,73,74,75,76,123,124,137,138,139,140,141,142,150,152,166,167,168,169,174,175,176,193,194,195,196,197,198,199,213,238,239,240,241,265,266,267,268,269,270,271,272,273,275,276,277,278,280,281,282,
125;0;1615;1757;0;0,1,2,12,13,14,15,26,32,36,43,44,45,46,47,48,49,50,51,55,56,57,58,59,60,63,64,65,66,67,72,73,74,75,76,123,124,137,138,139,140,141,142,150,152,166,167,168,169,174,175,176,193,194,195,196,197,198,199,213,238,239,240,241,265,266,267,268,269,270,271,272,273,275,276,277,278,280,281,282,
97;0;1757;1926;1;0,1,2,12,13,14,15,26,32,36,43,44,45,46,47,48,49,50,51,55,56,57,58,59,60,63,64,65,66,67,72,73,74,75,76,123,124,137,138,139,140,141,142,150,152,166,167,168,169,174,175,176,193,194,195,196,197,198,199,213,238,239,240,241,265,266,267,268,269,270,271,272,273,275,276,277,278,280,281,282,
97;1;1926;2090;1;0,1,2,12,13,14,15,26,32,36,43,44,45,46,47,48,49,50,51,55,56,57,58,59,60,63,64,65,66,67,72,73,74,75,76,123,124,137,138,139,140,141,142,150,152,166,167,168,169,174,175,176,193,194,195,196,197,198,199,213,238,239,240,241,265,266,267,268,269,270,271,272,273,275,276,277,278,280,281,282,
17;0;2090;2158;1;0,1,2,12,13,14,15,26,32,36,43,44,45,46,47,48,49,50,51,55,56,57,58,59,60,63,64,65,66,67,72,73,74,75,76,123,124,137,138,139,140,141,142,150,152,166,167,168,169,174,175,176,193,194,195,196,197,198,199,213,238,239,240,241,265,266,267,268,269,270,271,272,273,275,276,277,278,280,281,282,
17;1;2158;2192;1;0,1,2,12,13,14,15,26,32,36,43,44,45,46,47,48,49,50,51,55,56,57,58,59,60,63,64,65,66,67,72,73,74,75,76,123,124,137,138,139,140,141,142,150,152,166,167,168,169,174,175,176,193,194,195,196,197,198,199,213,238,239,240,241,265,266,267,268,269,270,271,272,273,275,276,277,278,280,281,282,
211;0;2192;2236;1;0,1,2,12,13,14,15,26,32,36,43,44,45,46,47,48,49,50,51,55,56,57,58,59,60,63,64,65,66,67,72,73,74,75,76,123,124,137,138,139,140,141,142,150,152,166,167,168,169,174,175,176,193,194,195,196,197,198,199,213,238,239,240,241,265,266,267,268,269,270,271,272,273,275,276,277,278,280,281,282,
123;0;2236;2284;1;0,1,2,12,13,14,15,26,32,36,43,44,45,46,47,48,49,50,51,55,56,57,58,59,60,63,64,65,66,67,72,73,74,75,76,123,124,137,138,139,140,141,142,150,152,166,167,168,169,174,175,176,193,194,195,196,197,198,199,213,238,239,240,241,265,266,267,268,269,270,271,272,273,275,276,277,278,280,281,282,
92;0;2284;2405;0;0,1,2,12,13,14,15,26,32,36,43,44,45,46,47,48,49,50,51,55,56,57,58,59,60,63,64,65,66,67,72,73,74,75,76,123,124,137,138,139,140,141,142,150,152,166,167,168,169,174,175,176,193,194,195,196,197,198,199,213,238,239,240,241,265,266,267,268,269,270,271,272,273,275,276,277,278,280,281,282,
92;1;2405;2413;0;0,1,2,12,13,14,15,26,32,36,43,44,45,46,47,48,49,50,51,55,56,57,58,59,60,63,64,65,66,67,72,73,74,75,76,123,124,137,138,139,140,141,142,150,152,166,167,168,169,174,175,176,193,194,195,196,197,198,199,213,238,239,240,241,265,266,267,268,269,270,271,272,273,275,276,277,278,280,281,282,
162;0;2413;2531;0;0,1,2,12,13,14,15,26,32,36,43,44,45,46,47,48,49,50,51,55,56,57,58,59,60,63,64,65,66,67,72,73,74,75,76,123,124,137,138,139,140,141,142,150,152,166,167,168,169,174,175,176,193,194,195,196,197,198,199,213,238,239,240,241,265,266,267,268,269,270,271,272,273,275,276,277,278,280,281,282,
162;1;2531;2563;0;0,1,2,12,13,14,15,26,32,36,43,44,45,46,47,48,49,50,51,55,56,57,58,59,60,63,64,65,66,67,72,73,74,75,76,123,124,137,138,139,140,141,142,150,152,166,167,168,169,174,175,176,193,194,195,196,197,198,199,213,238,239,240,241,265,266,267,268,269,270,271,272,273,275,276,277,278,280,281,282,
106;0;2563;2643;0;0,1,2,12,13,14,15,26,32,36,43,44,45,46,47,48,49,50,51,55,56,57,58,59,60,63,64,65,66,67,72,73,74,75,76,123,124,137,138,139,140,141,142,150,152,166,167,168,169,174,175,176,193,194,195,196,197,198,199,213,238,239,240,241,265,266,267,268,269,270,271,272,273,275,276,277,278,280,281,282,
70;0;2643;2719;1;0,1,2,12,13,14,15,26,32,36,43,44,45,46,47,48,49,50,51,55,56,57,58,59,60,63,64,65,66,67,72,73,74,75,76,123,124,137,138,139,140,141,142,150,152,166,167,168,169,174,175,176,193,194,195,196,197,198,199,213,238,239,240,241,265,266,267,268,269,270,271,272,273,275,276,277,278,280,281,282,
238;0;2719;2866;0;0,1,2,12,13,14,15,26,32,36,43,44,45,46,47,48,49,50,51,55,56,57,58,59,60,63,64,65,66,67,72,73,74,75,76,123,124,137,138,139,140,141,142,150,152,166,167,168,169,174,175,176,193,194,195,196,197,198,199,213,238,239,240,241,265,266,267,268,269,270,271,272,273,275,276,277,278,280,281,282,
130;0;2866;3003;1;0,1,2,12,13,14,15,26,32,36,43,44,45,46,47,48,49,50,51,55,56,57,58,59,60,63,64,65,66,67,72,73,74,75,76,123,124,137,138,139,140,141,142,150,152,166,167,168,169,174,175,176,193,194,195,196,197,198,199,213,238,239,240,241,265,266,267,268,269,270,271,272,273,275,276,277,278,280,281,282,
192;0;3003;3087;0;0,1,2,12,13,14,15,26,32,36,43,44,45,46,47,48,49,50,51,55,56,57,58,59,60,63,64,65,66,67,72,73,74,75,76,123,124,137,138,139,140,141,142,150,152,166,167,168,169,174,175,176,193,194,195,196,197,198,199,213,238,239,240,241,265,266,267,268,269,270,271,272,273,275,276,277,278,280,281,282,
192;1;3087;3121;0;0,1,2,12,13,14,15,26,32,36,43,44,45,46,47,48,49,50,51,55,56,57,58,59,60,63,64,65,66,67,72,73,74,75,76,123,124,137,138,139,140,141,142,150,152,166,167,168,169,174,175,176,193,194,195,196,197,198,199,213,238,239,240,241,265,266,267,268,269,270,271,272,273,275,276,277,278,280,281,282,
19;0;3121;3289;0;0,1,2,12,13,14,15,26,32,36,43,44,45,46,47,48,49,50,51,55,56,57,58,59,60,63,64,65,66,67,72,73,74,75,76,123,124,137,138,139,140,141,142,150,152,166,167,168,169,174,175,176,193,194,195,196,197,198,199,213,238,239,240,241,265,266,267,268,269,270,271,272,273,275,276,277,278,280,281,282,
19;1;3289;3363;0;0,1,2,12,13,14,15,26,32,36,43,44,45,46,47,48,49,50,51,55,56,57,58,59,60,63,64,65,66,67,72,73,74,75,76,123,124,137,138,139,140,141,142,150,152,166,167,168,169,174,175,176,193,194,195,196,197,198,199,213,238,239,240,241,265,266,267,268,269,270,271,272,273,275,276,277,278,280,281,282,
138;0;3363;3520;0;0,1,2,12,13,14,15,26,32,36,43,44,45,46,47,48,49,50,51,55,56,57,58,59,60,63,64,65,66,67,72,73,74,75,76,123,124,137,138,139,140,141,142,150,152,166,167,168,169,174,175,176,193,194,195,196,197,198,199,213,238,239,240,241,265,266,267,268,269,270,271,272,273,275,276,277,278,280,281,282,
43;0;3520;3596;1;0,1,2,12,13,14,15,26,32,36,43,44,45,46,47,48,49,50,51,55,56,57,58,59,60,63,64,65,66,67,72,73,74,75,76,123,124,137,138,139,140,141,142,150,152,166,167,168,169,174,175,176,193,194,195,196,197,198,199,213,238,239,240,241,265,266,267,268,269,270,271,272,273,275,276,277,278,280,281,282,
15;0;3596;3620;0;0,1,2,12,13,14,15,26,32,36,43,44,45,46,47,48,49,50,51,55,56,57,58,59,60,63,64,65,66,67,72,73,74,75,76,123,124,137,138,139,140,141,142,150,152,166,167,168,169,174,175,176,193,194,195,196,197,198,199,213,238,239,240,241,265,266,267,268,269,270,271,272,273,275,276,277,278,280,281,282,
232;0;3620;3628;0;0,1,2,12,13,14,15,26,32,36,43,44,45,46,47,48,49,50,51,55,56,57,58,59,60,63,64,65,66,67,72,73,74,75,76,123,124,137,138,139,140,141,142,150,152,166,167,168,169,174,175,176,193,194,195,196,197,198,199,213,238,239,240,241,265,266,267,268,269,270,271,272,273,275,276,277,278,280,281,282,
232;1;3628;3785;0;0,1,2,12,13,14,15,26,32,36,43,44,45,46,47,48,49,50,51,55,56,57,58,59,60,63,64,65,66,67,72,73,74,75,76,123,124,137,138,139,140,141,142,150,152,166,167,168,169,174,175,176,193,194,195,196,197,198,199,213,238,239,240,241,265,266,267,268,269,270,271,272,273,275,276,277,278,280,281,282,
208;0;3785;3949;0;0,1,2,12,13,14,15,26,32,36,43,44,45,46,47,48,49,50,51,55,56,57,58,59,60,63,64,65,66,67,72,73,74,75,76,123,124,137,138,139,140,141,142,150,152,166,167,168,169,174,175,176,193,194,195,196,197,198,199,213,238,239,240,241,265,266,267,268,269,270,271,272,273,275,276,277,278,280,281,282,
134;0;3949;4096;1;0,1,2,12,13,14,15,26,32,36,43,44,45,46,47,48,49,50,51,55,56,57,58,59,60,63,64,65,66,67,72,73,74,75,76,123,124,137,138,139,140,141,142,150,152,166,167,168,169,174,175,176,193,194,195,196,197,198,199,213,238,239,240,241,265,266,267,268,269,270,271,272,273,275,276,277,278,280,281,282,
134;1;4096;4207;1;0,1,2,12,13,14,15,26,32,36,43,44,45,46,47,48,49,50,51,55,56,57,58,59,60,63,64,65,66,67,72,73,74,75,76,123,124,137,138,139,140,141,142,150,152,166,167,168,169,174,175,176,193,194,195,196,197,198,199,213,238,239,240,241,265,266,267,268,269,270,271,272,273,275,276,277,278,280,281,282,
144;0;4207;4251;1;0,1,2,12,13,14,15,26,32,36,43,44,45,46,47,48,49,50,51,55,56,57,58,59,60,63,64,65,66,67,72,73,74,75,76,123,124,137,138,139,140,141,142,150,152,166,167,168,169,174,175,176,193,194,195,196,197,198,199,213,238,239,240,241,265,266,267,268,269,270,271,272,273,275,276,277,278,280,281,282,
144;1;4251;4360;1;0,1,2,12,13,14,15,26,32,36,43,44,45,46,47,48,49,50,51,55,56,57,58,59,60,63,64,65,66,67,72,73,74,75,76,123,124,137,138,139,140,141,142,150,152,166,167,168,169,174,175,176,193,194,195,196,197,198,199,213,238,239,240,241,265,266,267,268,269,270,271,272,273,275,276,277,278,280,281,282,
84;0;4360;4429;1;0,1,2,12,13,14,15,26,32,36,43,44,45,46,47,48,49,50,51,55,56,57,58,59,60,63,64,65,66,67,72,73,74,75,76,123,124,137,138,139,140,141,142,150,152,166,167,168,169,174,175,176,193,194,195,196,197,198,199,213,238,239,240,241,265,266,267,268,269,270,271,272,273,275,276,277,278,280,281,282,
84;1;4429;4505;1;0,1,2,12,13,14,15,26,32,36,43,44,45,46,47,48,49,50,51,55,56,57,58,59,60,63,64,65,66,67,72,73,74,75,76,123,124,137,138,139,140,141,142,150,152,166,167,168,169,174,175,176,193,194,195,196,197,198,199,213,238,239,240,241,265,266,267,268,269,270,271,272,273,275,276,277,278,280,281,282,
3;0;4505;4554;1;0,1,2,12,13,14,15,26,32,36,43,44,45,46,47,48,49,50,51,55,56,57,58,59,60,63,64,65,66,67,72,73,74,75,76,123,124,137,138,139,140,141,142,150,152,166,167,168,169,174,175,176,193,194,195,196,197,198,199,213,238,239,240,241,265,266,267,268,269,270,271,272,273,275,276,277,278,280,281,282,
53;0;4554;4572;1;0,1,2,12,13,14,15,26,32,36,43,44,45,46,47,48,49,50,51,55,56,57,58,59,60,63,64,65,66,67,72,73,74,75,76,123,124,137,138,139,140,141,142,150,152,166,167,168,169,174,175,176,193,194,195,196,197,198,199,213,238,239,240,241,265,266,267,268,269,270,271,272,273,275,276,277,278,280,281,282,
Machine: 3
74;0;0;32;1;5,6,10,16,17,18,19,21,23,47,48,49,50,51,63,70,78,79,80,81,82,83,84,85,86,87,90,91,95,117,123,125,126,127,128,129,130,131,132,133,134,135,136,137,143,144,145,146,147,178,200,248,251,252,253,254,255,256,257,258,259,279,300,301,302,303,304,305,306,307,308,309,310,311,312,313,335,336,337,338,
74;1;32;210;1;5,6,10,16,17,18,19,21,23,47,48,49,50,51,63,70,78,79,80,81,82,83,84,85,86,87,90,91,95,117,123,125,126,127,128,129,130,131,132,133,134,135,136,137,143,144,145,146,147,178,200,248,251,252,253,254,255,256,257,258,259,279,300,301,302,303,304,305,306,307,308,309,310,311,312,313,335,336,337,338,
177;0;210;291;1;5,6,10,16,17,18,19,21,23,47,48,49,50,51,63,70,78,79,80,81,82,83,84,85,86,87,90,91,95,117,123,125,126,127,128,129,130,131,132,133,134,135,136,137,143,144,145,146,147,178,200,248,251,252,253,254,255,256,257,258,259,279,300,301,302,303,304,305,306,307,308,309,310,311,312,313,335,336,337,338,
177;1;291;326;1;5,6,10,16,17,18,19,21,23,47,48,49,50,51,63,70,78,79,80,81,82,83,84,85,86,87,90,91,95,117,123,125,126,127,128,129,130,131,132,133,134,135,136,137,143,144,145,146,147,178,200,248,251,252,253,254,255,256,257,258,259,279,300,301,302,303,304,305,306,307,308,309,310,311,312,313,335,336,337,338,
193;0;326;499;1;5,6,10,16,17,18,19,21,23,47,48,49,50,51,63,70,78,79,80,81,82,83,84,85,86,87,90,91,95,117,123,125,126,127,128,129,130,131,132,133,134,135,136,137,143,144,145,146,147,178,200,248,251,252,253,254,255,256,257,258,259,279,300,301,302,303,304,305,306,307,308,309,310,311,312,313,335,336,337,338,
73;0;499;568;1;5,6,10,16,17,18,19,21,23,47,48,49,50,51,63,70,78,79,80,81,82,83,84,85,86,87,90,91,95,117,123,125,126,127,128,129,130,131,132,133,134,135,136,137,143,144,145,146,147,178,200,248,251,252,253,254,255,256,257,258,259,279,300,301,302,303,304,305,306,307,308,309,310,311,312,313,335,336,337,338,
104;0;568;645;1;5,6,10,16,17,18,19,21,23,47,48,49,50,51,63,70,78,79,80,81,82,83,84,85,86,87,90,91,95,117,123,125,126,127,128,129,130,131,132,133,134,135,136,137,143,144,145,146,147,178,200,248,251,252,253,254,255,256,257,258,259,279,300,301,302,303,304,305,306,307,308,309,310,311,312,313,335,336,337,338,
104;1;645;786;1;5,6,10,16,17,18,19,21,23,47,48,49,50,51,63,70,78,79,80,81,82,83,84,85,86,87,90,91,95,117,123,125,126,127,128,129,130,131,132,133,134,135,136,137,143,144,145,146,147,178,200,248,251,252,253,254,255,256,257,258,259,279,300,301,302,303,304,305,306,307,308,309,310,311,312,313,335,336,337,338,
4;0;786;934;1;5,6,10,16,17,18,19,21,23,47,48,49,50,51,63,70,78,79,80,81,82,83,84,85,86,87,90,91,95,117,123,125,126,127,128,129,130,131,132,133,134,135,136,137,143,144,145,146,147,178,200,248,251,252,253,254,255,256,257,258,259,279,300,301,302,303,304,305,306,307,308,309,310,311,312,313,335,336,337,338,
4;1;934;1031;1;5,6,10,16,17,18,19,21,23,47,48,49,50,51,63,70,78,79,80,81,82,83,84,85,86,87,90,91,95,117,123,125,126,127,128,129,130,131,132,133,134,135,136,137,143,144,145,146,147,178,200,248,251,252,253,254,255,256,257,258,259,279,300,301,302,303,304,305,306,307,308,309,310,311,312,313,335,336,337,338,
182;0;1031;1039;0;5,6,10,16,17,18,19,21,23,47,48,49,50,51,63,70,78,79,80,81,82,83,84,85,86,87,90,91,95,117,123,125,126,127,128,129,130,131,132,133,134,135,136,137,143,144,145,146,147,178,200,248,251,252,253,254,255,256,257,258,259,279,300,301,302,303,304,305,306,307,308,309,310,311,312,313,335,336,337,338,
182;1;1039;1049;0;5,6,10,16,17,18,19,21,23,47,48,49,50,51,63,70,78,79,80,81,82,83,84,85,86,87,90,91,95,117,123,125,126,127,128,129,130,131,132,133,134,135,136,137,143,144,145,146,147,178,200,248,251,252,253,254,255,256,257,258,259,279,300,301,302,303,304,305,306,307,308,309,310,311,312,313,335,336,337,338,
57;0;1049;1208;1;5,6,10,16,17,18,19,21,23,47,48,49,50,51,63,70,78,79,80,81,82,83,84,85,86,87,90,91,95,117,123,125,126,127,128,129,130,131,132,133,134,135,136,137,143,144,145,146,147,178,200,248,251,252,253,254,255,256,257,258,259,279,300,301,302,303,304,305,306,307,308,309,310,311,312,313,335,336,337,338,
57;1;1208;1256;1;5,6,10,16,17,18,19,21,23,47,48,49,50,51,63,70,78,79,80,81,82,83,84,85,86,87,90,91,95,117,123,125,126,127,128,129,130,131,132,133,134,135,136,137,143,144,145,146,147,178,200,248,251,252,253,254,255,256,257,258,259,279,300,301,302,303,304,305,306,307,308,309,310,311,312,313,335,336,337,338,
116;0;1256;1298;0;5,6,10,16,17,18,19,21,23,47,48,49,50,51,63,70,78,79,80,81,82,83,84,85,86,87,90,91,95,117,123,125,126,127,128,129,130,131,132,133,134,135,136,137,143,144,145,146,147,178,200,248,251,252,253,254,255,256,257,258,259,279,300,301,302,303,304,305,306,307,308,309,310,311,312,313,335,336,337,338,
11;0;1298;1364;1;5,6,10,16,17,18,19,21,23,47,48,49,50,51,63,70,78,79,80,81,82,83,84,85,86,87,90,91,95,117,123,125,126,127,128,129,130,131,132,133,134,135,136,137,143,144,145,146,147,178,200,248,251,252,253,254,255,256,257,258,259,279,300,301,302,303,304,305,306,307,308,309,310,311,312,313,335,336,337,338,
136;0;1364;1437;0;5,6,10,16,17,18,19,21,23,47,48,49,50,51,63,70,78,79,80,81,82,83,84,85,86,87,90,91,95,117,123,125,126,127,128,129,130,131,132,133,134,135,136,137,143,144,145,146,147,178,200,248,251,252,253,254,255,256,257,258,259,279,300,301,302,303,304,305,306,307,308,309,310,311,312,313,335,336,337,338,
93;0;1437;1531;1;5,6,10,16,17,18,19,21,23,47,48,49,50,51,63,70,78,79,80,81,82,83,84,85,86,87,90,91,95,117,123,125,126,127,128,129,130,131,132,133,134,135,136,137,143,144,145,146,147,178,200,248,251,252,253,254,255,256,257,258,259,279,300,301,302,303,304,305,306,307,308,309,310,311,312,313,335,336,337,338,
184;0;1531;1705;1;5,6,10,16,17,18,19,21,23,47,48,49,50,51,63,70,78,79,80,81,82,83,84,85,86,87,90,91,95,117,123,125,126,127,128,129,130,131,132,133,134,135,136,137,143,144,145,146,147,178,200,248,251,252,253,254,255,256,257,258,259,279,300,301,302,303,304,305,306,307,308,309,310,311,312,313,335,336,337,338,
184;1;1705;1870;1;5,6,10,16,17,18,19,21,23,47,48,49,50,51,63,70,78,79,80,81,82,83,84,85,86,87,90,91,95,117,123,125,126,127,128,129,130,131,132,133,134,135,136,137,143,144,145,146,147,178,200,248,251,252,253,254,255,256,257,258,259,279,300,301,302,303,304,305,306,307,308,309,310,311,312,313,335,336,337,338,
235;0;1870;1915;0;5,6,10,16,17,18,19,21,23,47,48,49,50,51,63,70,78,79,80,81,82,83,84,85,86,87,90,91,95,117,123,125,126,127,128,129,130,131,132,133,134,135,136,137,143,144,145,146,147,178,200,248,251,252,253,254,255,256,257,258,259,279,300,301,302,303,304,305,306,307,308,309,310,311,312,313,335,336,337,338,
87;0;1915;2090;1;5,6,10,16,17,18,19,21,23,47,48,49,50,51,63,70,78,79,80,81,82,83,84,85,86,87,90,91,95,117,123,125,126,127,128,129,130,131,132,133,134,135,136,137,143,144,145,146,147,178,200,248,251,252,253,254,255,256,257,258,259,279,300,301,302,303,304,305,306,307,308,309,310,311,312,313,335,336,337,338,
87;1;2090;2195;1;5,6,10,16,17,18,19,21,23,47,48,49,50,51,63,70,78,79,80,81,82,83,84,85,86,87,90,91,95,117,123,125,126,127,128,129,130,131,132,133,134,135,136,137,143,144,145,146,147,178,200,248,251,252,253,254,255,256,257,258,259,279,300,301,302,303,304,305,306,307,308,309,310,311,312,313,335,336,337,338,
150;0;2195;2374;1;5,6,10,16,17,18,19,21,23,47,48,49,50,51,63,70,78,79,80,81,82,83,84,85,86,87,90,91,95,117,123,125,126,127,128,129,130,131,132,133,134,135,136,137,143,144,145,146,147,178,200,248,251,252,253,254,255,256,257,258,259,279,300,301,302,303,304,305,306,307,308,309,310,311,312,313,335,336,337,338,
204;0;2374;2530;1;5,6,10,16,17,18,19,21,23,47,48,49,50,51,63,70,78,79,80,81,82,83,84,85,86,87,90,91,95,117,123,125,126,127,128,129,130,131,132,133,134,135,136,137,143,144,145,146,147,178,200,248,251,252,253,254,255,256,257,258,259,279,300,301,302,303,304,305,306,307,308,309,310,311,312,313,335,336,337,338,
204;1;2530;2609;1;5,6,10,16,17,18,19,21,23,47,48,49,50,51,63,70,78,79,80,81,82,83,84,85,86,87,90,91,95,117,123,125,126,127,128,129,130,131,132,133,134,135,136,137,143,144,145,146,147,178,200,248,251,252,253,254,255,256,257,258,259,279,300,301,302,303,304,305,306,307,308,309,310,311,312,313,335,336,337,338,
146;0;2609;2660;0;5,6,10,16,17,18,19,21,23,47,48,49,50,51,63,70,78,79,80,81,82,83,84,85,86,87,90,91,95,117,123,125,126,127,128,129,130,131,132,133,134,135,136,137,143,144,145,146,147,178,200,248,251,252,253,254,255,256,257,258,259,279,300,301,302,303,304,305,306,307,308,309,310,311,312,313,335,336,337,338,
68;0;2660;2819;0;5,6,10,16,17,18,19,21,23,47,48,49,50,51,63,70,78,79,80,81,82,83,84,85,86,87,90,91,95,117,123,125,126,127,128,129,130,131,132,133,134,135,136,137,143,144,145,146,147,178,200,248,251,252,253,254,255,256,257,258,259,279,300,301,302,303,304,305,306,307,308,309,310,311,312,313,335,336,337,338,
35;0;2819;2997;0;5,6,10,16,17,18,19,21,23,47,48,49,50,51,63,70,78,79,80,81,82,83,84,85,86,87,90,91,95,117,123,125,126,127,128,129,130,131,132,133,134,135,136,137,143,144,145,146,147,178,200,248,251,252,253,254,255,256,257,258,259,279,300,301,302,303,304,305,306,307,308,309,310,311,312,313,335,336,337,338,
29;0;2997;3066;0;5,6,10,16,17,18,19,21,23,47,48,49,50,51,63,70,78,79,80,81,82,83,84,85,86,87,90,91,95,117,123,125,126,127,128,129,130,131,132,133,134,135,136,137,143,144,145,146,147,178,200,248,251,252,253,254,255,256,257,258,259,279,300,301,302,303,304,305,306,307,308,309,310,311,312,313,335,336,337,338,
29;1;3066;3226;0;5,6,10,16,17,18,19,21,23,47,48,49,50,51,63,70,78,79,80,81,82,83,84,85,86,87,90,91,95,117,123,125,126,127,128,129,130,131,132,133,134,135,136,137,143,144,145,146,147,178,200,248,251,252,253,254,255,256,257,258,259,279,300,301,302,303,304,305,306,307,308,309,310,311,312,313,335,336,337,338,
110;0;3226;3405;1;5,6,10,16,17,18,19,21,23,47,48,49,50,51,63,70,78,79,80,81,82,83,84,85,86,87,90,91,95,117,123,125,126,127,128,129,130,131,132,133,134,135,136,137,143,144,145,146,147,178,200,248,251,252,253,254,255,256,257,258,259,279,300,301,302,303,304,305,306,307,308,309,310,311,312,313,335,336,337,338,
191;0;3405;3471;1;5,6,10,16,17,18,19,21,23,47,48,49,50,51,63,70,78,79,80,81,82,83,84,85,86,87,90,91,95,117,123,125,126,127,128,129,130,131,132,133,134,135,136,137,143,144,145,146,147,178,200,248,251,252,253,254,255,256,257,258,259,279,300,301,302,303,304,305,306,307,308,309,310,311,312,313,335,336,337,338,
206;0;3471;3565;0;5,6,10,16,17,18,19,21,23,47,48,49,50,51,63,70,78,79,80,81,82,83,84,85,86,87,90,91,95,117,123,125,126,127,128,129,130,131,132,133,134,135,136,137,143,144,145,146,147,178,200,248,251,252,253,254,255,256,257,258,259,279,300,301,302,303,304,305,306,307,308,309,310,311,312,313,335,336,337,338,
33;0;3565;3728;1;5,6,10,16,17,18,19,21,23,47,48,49,50,51,63,70,78,79,80,81,82,83,84,85,86,87,90,91,95,117,123,125,126,127,128,129,130,131,132,133,134,135,136,137,143,144,145,146,147,178,200,248,251,252,253,254,255,256,257,258,259,279,300,301,302,303,304,305,306,307,308,309,310,311,312,313,335,336,337,338,
129;0;3728;3826;0;5,6,10,16,17,18,19,21,23,47,48,49,50,51,63,70,78,79,80,81,82,83,84,85,86,87,90,91,95,117,123,125,126,127,128,129,130,131,132,133,134,135,136,137,143,144,145,146,147,178,200,248,251,252,253,254,255,256,257,258,259,279,300,301,302,303,304,305,306,307,308,309,310,311,312,313,335,336,337,338,
129;1;3826;3882;0;5,6,10,16,17,18,19,21,23,47,48,49,50,51,63,70,78,79,80,81,82,83,84,85,86,87,90,91,95,117,123,125,126,127,128,129,130,131,132,133,134,135,136,137,143,144,145,146,147,178,200,248,251,252,253,254,255,256,257,258,259,279,300,301,302,303,304,305,306,307,308,309,310,311,312,313,335,336,337,338,
221;0;3882;3927;1;5,6,10,16,17,18,19,21,23,47,48,49,50,51,63,70,78,79,80,81,82,83,84,85,86,87,90,91,95,117,123,125,126,127,128,129,130,131,132,133,134,135,136,137,143,144,145,146,147,178,200,248,251,252,253,254,255,256,257,258,259,279,300,301,302,303,304,305,306,307,308,309,310,311,312,313,335,336,337,338,
149;0;3927;3999;0;5,6,10,16,17,18,19,21,23,47,48,49,50,51,63,70,78,79,80,81,82,83,84,85,86,87,90,91,95,117,123,125,126,127,128,129,130,131,132,133,134,135,136,137,143,144,145,146,147,178,200,248,251,252,253,254,255,256,257,258,259,279,300,301,302,303,304,305,306,307,308,309,310,311,312,313,335,336,337,338,
149;1;3999;4054;0;5,6,10,16,17,18,19,21,23,47,48,49,50,51,63,70,78,79,80,81,82,83,84,85,86,87,90,91,95,117,123,125,126,127,128,129,130,131,132,133,134,135,136,137,143,144,145,146,147,178,200,248,251,252,253,254,255,256,257,258,259,279,300,301,302,303,304,305,306,307,308,309,310,311,312,313,335,336,337,338,
32;0;4054;4060;0;5,6,10,16,17,18,19,21,23,47,48,49,50,51,63,70,78,79,80,81,82,83,84,85,86,87,90,91,95,117,123,125,126,127,128,129,130,131,132,133,134,135,136,137,143,144,145,146,147,178,200,248,251,252,253,254,255,256,257,258,259,279,300,301,302,303,304,305,306,307,308,309,310,311,312,313,335,336,337,338,
32;1;4060;4128;0;5,6,10,16,17,18,19,21,23,47,48,49,50,51,63,70,78,79,80,81,82,83,84,85,86,87,90,91,95,117,123,125,126,127,128,129,130,131,132,133,134,135,136,137,143,144,145,146,147,178,200,248,251,252,253,254,255,256,257,258,259,279,300,301,302,303,304,305,306,307,308,309,310,311,312,313,335,336,337,338,
80;0;4128;4163;1;5,6,10,16,17,18,19,21,23,47,48,49,50,51,63,70,78,79,80,81,82,83,84,85,86,87,90,91,95,117,123,125,126,127,128,129,130,131,132,133,134,135,136,137,143,144,145,146,147,178,200,248,251,252,253,254,255,256,257,258,259,279,300,301,302,303,304,305,306,307,308,309,310,311,312,313,335,336,337,338,
233;0;4163;4322;1;5,6,10,16,17,18,19,21,23,47,48,49,50,51,63,70,78,79,80,81,82,83,84,85,86,87,90,91,95,117,123,125,126,127,128,129,130,131,132,133,134,135,136,137,143,144,145,146,147,178,200,248,251,252,253,254,255,256,257,258,259,279,300,301,302,303,304,305,306,307,308,309,310,311,312,313,335,336,337,338,
231;0;4322;4377;1;5,6,10,16,17,18,19,21,23,47,48,49,50,51,63,70,78,79,80,81,82,83,84,85,86,87,90,91,95,117,123,125,126,127,128,129,130,131,132,133,134,135,136,137,143,144,145,146,147,178,200,248,251,252,253,254,255,256,257,258,259,279,300,301,302,303,304,305,306,307,308,309,310,311,312,313,335,336,337,338,
109;0;4377;4537;0;5,6,10,16,17,18,19,21,23,47,48,49,50,51,63,70,78,79,80,81,82,83,84,85,86,87,90,91,95,117,123,125,126,127,128,129,130,131,132,133,134,135,136,137,143,144,145,146,147,178,200,248,251,252,253,254,255,256,257,258,259,279,300,301,302,303,304,305,306,307,308,309,310,311,312,313,335,336,337,338,
109;1;4537;4702;0;5,6,10,16,17,18,19,21,23,47,48,49,50,51,63,70,78,79,80,81,82,83,84,85,86,87,90,91,95,117,123,125,126,127,128,129,130,131,132,133,134,135,136,137,143,144,145,146,147,178,200,248,251,252,253,254,255,256,257,258,259,279,300,301,302,303,304,305,306,307,308,309,310,311,312,313,335,336,337,338,
72;0;4702;4865;0;5,6,10,16,17,18,19,21,23,47,48,49,50,51,63,70,78,79,80,81,82,83,84,85,86,87,90,91,95,117,123,125,126,127,128,129,130,131,132,133,134,135,136,137,143,144,145,146,147,178,200,248,251,252,253,254,255,256,257,258,259,279,300,301,302,303,304,305,306,307,308,309,310,311,312,313,335,336,337,338,
72;1;4865;4970;0;5,6,10,16,17,18,19,21,23,47,48,49,50,51,63,70,78,79,80,81,82,83,84,85,86,87,90,91,95,117,123,125,126,127,128,129,130,131,132,133,134,135,136,137,143,144,145,146,147,178,200,248,251,252,253,254,255,256,257,258,259,279,300,301,302,303,304,305,306,307,308,309,310,311,312,313,335,336,337,338,
76;0;4970;4980;0;5,6,10,16,17,18,19,21,23,47,48,49,50,51,63,70,78,79,80,81,82,83,84,85,86,87,90,91,95,117,123,125,126,127,128,129,130,131,132,133,134,135,136,137,143,144,145,146,147,178,200,248,251,252,253,254,255,256,257,258,259,279,300,301,302,303,304,305,306,307,308,309,310,311,312,313,335,336,337,338,
28;0;4980;5155;0;5,6,10,16,17,18,19,21,23,47,48,49,50,51,63,70,78,79,80,81,82,83,84,85,86,87,90,91,95,117,123,125,126,127,128,129,130,131,132,133,134,135,136,137,143,144,145,146,147,178,200,248,251,252,253,254,255,256,257,258,259,279,300,301,302,303,304,305,306,307,308,309,310,311,312,313,335,336,337,338,
175;0;5155;5197;0;5,6,10,16,17,18,19,21,23,47,48,49,50,51,63,70,78,79,80,81,82,83,84,85,86,87,90,91,95,117,123,125,126,127,128,129,130,131,132,133,134,135,136,137,143,144,145,146,147,178,200,248,251,252,253,254,255,256,257,258,259,279,300,301,302,303,304,305,306,307,308,309,310,311,312,313,335,336,337,338,
220;0;5197;5219;1;5,6,10,16,17,18,19,21,23,47,48,49,50,51,63,70,78,79,80,81,82,83,84,85,86,87,90,91,95,117,123,125,126,127,128,129,130,131,132,133,134,135,136,137,143,144,145,146,147,178,200,248,251,252,253,254,255,256,257,258,259,279,300,301,302,303,304,305,306,307,308,309,310,311,312,313,335,336,337,338,
89;0;5219;5270;0;5,6,10,16,17,18,19,21,23,47,48,49,50,51,63,70,78,79,80,81,82,83,84,85,86,87,90,91,95,117,123,125,126,127,128,129,130,131,132,133,134,135,136,137,143,144,145,146,147,178,200,248,251,252,253,254,255,256,257,258,259,279,300,301,302,303,304,305,306,307,308,309,310,311,312,313,335,336,337,338,
89;1;5270;5448;0;5,6,10,16,17,18,19,21,23,47,48,49,50,51,63,70,78,79,80,81,82,83,84,85,86,87,90,91,95,117,123,125,126,127,128,129,130,131,132,133,134,135,136,137,143,144,145,146,147,178,200,248,251,252,253,254,255,256,257,258,259,279,300,301,302,303,304,305,306,307,308,309,310,311,312,313,335,336,337,338,
99;0;5448;5480;0;5,6,10,16,17,18,19,21,23,47,48,49,50,51,63,70,78,79,80,81,82,83,84,85,86,87,90,91,95,117,123,125,126,127,128,129,130,131,132,133,134,135,136,137,143,144,145,146,147,178,200,248,251,252,253,254,255,256,257,258,259,279,300,301,302,303,304,305,306,307,308,309,310,311,312,313,335,336,337,338,
99;1;5480;5525;0;5,6,10,16,17,18,19,21,23,47,48,49,50,51,63,70,78,79,80,81,82,83,84,85,86,87,90,91,95,117,123,125,126,127,128,129,130,131,132,133,134,135,136,137,143,144,145,146,147,178,200,248,251,252,253,254,255,256,257,258,259,279,300,301,302,303,304,305,306,307,308,309,310,311,312,313,335,336,337,338,
Machine: 4
203;0;0;80;1;0,1,2,5,6,7,8,9,10,11,12,13,14,15,20,21,22,23,24,26,32,40,56,77,78,79,117,118,119,120,121,138,170,171,172,173,177,196,206,207,208,209,210,211,212,213,214,215,216,217,218,219,220,221,222,223,224,225,226,227,228,229,230,231,232,233,234,235,236,237,249,250,260,261,262,263,264,274,294,299,
78;0;80;167;0;0,1,2,5,6,7,8,9,10,11,12,13,14,15,20,21,22,23,24,26,32,40,56,77,78,79,117,118,119,120,121,138,170,171,172,173,177,196,206,207,208,209,210,211,212,213,214,215,216,217,218,219,220,221,222,223,224,225,226,227,228,229,230,231,232,233,234,235,236,237,249,250,260,261,262,263,264,274,294,299,
202;0;167;304;0;0,1,2,5,6,7,8,9,10,11,12,13,14,15,20,21,22,23,24,26,32,40,56,77,78,79,117,118,119,120,121,138,170,171,172,173,177,196,206,207,208,209,210,211,212,213,214,215,216,217,218,219,220,221,222,223,224,225,226,227,228,229,230,231,232,233,234,235,236,237,249,250,260,261,262,263,264,274,294,299,
202;1;304;390;0;0,1,2,5,6,7,8,9,10,11,12,13,14,15,20,21,22,23,24,26,32,40,56,77,78,79,117,118,119,120,121,138,170,171,172,173,177,196,206,207,208,209,210,211,212,213,214,215,216,217,218,219,220,221,222,223,224,225,226,227,228,229,230,231,232,233,234,235,236,237,249,250,260,261,262,263,264,274,294,299,
112;0;390;431;0;0,1,2,5,6,7,8,9,10,11,12,13,14,15,20,21,22,23,24,26,32,40,56,77,78,79,117,118,119,120,121,138,170,171,172,173,177,196,206,207,208,209,210,211,212,213,214,215,216,217,218,219,220,221,222,223,224,225,226,227,228,229,230,231,232,233,234,235,236,237,249,250,260,261,262,263,264,274,294,299,
112;1;431;587;0;0,1,2,5,6,7,8,9,10,11,12,13,14,15,20,21,22,23,24,26,32,40,56,77,78,79,117,118,119,120,121,138,170,171,172,173,177,196,206,207,208,209,210,211,212,213,214,215,216,217,218,219,220,221,222,223,224,225,226,227,228,229,230,231,232,233,234,235,236,237,249,250,260,261,262,263,264,274,294,299,
156;0;587;653;0;0,1,2,5,6,7,8,9,10,11,12,13,14,15,20,21,22,23,24,26,32,40,56,77,78,79,117,118,119,120,121,138,170,171,172,173,177,196,206,207,208,209,210,211,212,213,214,215,216,217,218,219,220,221,222,223,224,225,226,227,228,229,230,231,232,233,234,235,236,237,249,250,260,261,262,263,264,274,294,299,
117;0;653;702;1;0,1,2,5,6,7,8,9,10,11,12,13,14,15,20,21,22,23,24,26,32,40,56,77,78,79,117,118,119,120,121,138,170,171,172,173,177,196,206,207,208,209,210,211,212,213,214,215,216,217,218,219,220,221,222,223,224,225,226,227,228,229,230,231,232,233,234,235,236,237,249,250,260,261,262,263,264,274,294,299,
117;1;702;837;1;0,1,2,5,6,7,8,9,10,11,12,13,14,15,20,21,22,23,24,26,32,40,56,77,78,79,117,118,119,120,121,138,170,171,172,173,177,196,206,207,208,209,210,211,212,213,214,215,216,217,218,219,220,221,222,223,224,225,226,227,228,229,230,231,232,233,234,235,236,237,249,250,260,261,262,263,264,274,294,299,
58;0;837;963;0;0,1,2,5,6,7,8,9,10,11,12,13,14,15,20,21,22,23,24,26,32,40,56,77,78,79,117,118,119,120,121,138,170,171,172,173,177,196,206,207,208,209,210,211,212,213,214,215,216,217,218,219,220,221,222,223,224,225,226,227,228,229,230,231,232,233,234,235,236,237,249,250,260,261,262,263,264,274,294,299,
34;0;963;967;1;0,1,2,5,6,7,8,9,10,11,12,13,14,15,20,21,22,23,24,26,32,40,56,77,78,79,117,118,119,120,121,138,170,171,172,173,177,196,206,207,208,209,210,211,212,213,214,215,216,217,218,219,220,221,222,223,224,225,226,227,228,229,230,231,232,233,234,235,236,237,249,250,260,261,262,263,264,274,294,299,
34;1;967;1111;1;0,1,2,5,6,7,8,9,10,11,12,13,14,15,20,21,22,23,24,26,32,40,56,77,78,79,117,118,119,120,121,138,170,171,172,173,177,196,206,207,208,209,210,211,212,213,214,215,216,217,218,219,220,221,222,223,224,225,226,227,228,229,230,231,232,233,234,235,236,237,249,250,260,261,262,263,264,274,294,299,
217;0;1111;1221;1;0,1,2,5,6,7,8,9,10,11,12,13,14,15,20,21,22,23,24,26,32,40,56,77,78,79,117,118,119,120,121,138,170,171,172,173,177,196,206,207,208,209,210,211,212,213,214,215,216,217,218,219,220,221,222,223,224,225,226,227,228,229,230,231,232,233,234,235,236,237,249,250,260,261,262,263,264,274,294,299,
217;1;1221;1377;1;0,1,2,5,6,7,8,9,10,11,12,13,14,15,20,21,22,23,24,26,32,40,56,77,78,79,117,118,119,120,121,138,170,171,172,173,177,196,206,207,208,209,210,211,212,213,214,215,216,217,218,219,220,221,222,223,224,225,226,227,228,229,230,231,232,233,234,235,236,237,249,250,260,261,262,263,264,274,294,299,
213;0;1377;1413;1;0,1,2,5,6,7,8,9,10,11,12,13,14,15,20,21,22,23,24,26,32,40,56,77,78,79,117,118,119,120,121,138,170,171,172,173,177,196,206,207,208,209,210,211,212,213,214,215,216,217,218,219,220,221,222,223,224,225,226,227,228,229,230,231,232,233,234,235,236,237,249,250,260,261,262,263,264,274,294,299,
196;0;1413;1490;0;0,1,2,5,6,7,8,9,10,11,12,13,14,15,20,21,22,23,24,26,32,40,56,77,78,79,117,118,119,120,121,138,170,171,172,173,177,196,206,207,208,209,210,211,212,213,214,215,216,217,218,219,220,221,222,223,224,225,226,227,228,229,230,231,232,233,234,235,236,237,249,250,260,261,262,263,264,274,294,299,
197;0;1490;1660;1;0,1,2,5,6,7,8,9,10,11,12,13,14,15,20,21,22,23,24,26,32,40,56,77,78,79,117,118,119,120,121,138,170,171,172,173,177,196,206,207,208,209,210,211,212,213,214,215,216,217,218,219,220,221,222,223,224,225,226,227,228,229,230,231,232,233,234,235,236,237,249,250,260,261,262,263,264,274,294,299,
197;1;1660;1678;1;0,1,2,5,6,7,8,9,10,11,12,13,14,15,20,21,22,23,24,26,32,40,56,77,78,79,117,118,119,120,121,138,170,171,172,173,177,196,206,207,208,209,210,211,212,213,214,215,216,217,218,219,220,221,222,223,224,225,226,227,228,229,230,231,232,233,234,235,236,237,249,250,260,261,262,263,264,274,294,299,
119;0;1678;1774;0;0,1,2,5,6,7,8,9,10,11,12,13,14,15,20,21,22,23,24,26,32,40,56,77,78,79,117,118,119,120,121,138,170,171,172,173,177,196,206,207,208,209,210,211,212,213,214,215,216,217,218,219,220,221,222,223,224,225,226,227,228,229,230,231,232,233,234,235,236,237,249,250,260,261,262,263,264,274,294,299,
119;1;1774;1919;0;0,1,2,5,6,7,8,9,10,11,12,13,14,15,20,21,22,23,24,26,32,40,56,77,78,79,117,118,119,120,121,138,170,171,172,173,177,196,206,207,208,209,210,211,212,213,214,215,216,217,218,219,220,221,222,223,224,225,226,227,228,229,230,231,232,233,234,235,236,237,249,250,260,261,262,263,264,274,294,299,
224;0;1919;2017;1;0,1,2,5,6,7,8,9,10,11,12,13,14,15,20,21,22,23,24,26,32,40,56,77,78,79,117,118,119,120,121,138,170,171,172,173,177,196,206,207,208,209,210,211,212,213,214,215,216,217,218,219,220,221,222,223,224,225,226,227,228,229,230,231,232,233,234,235,236,237,249,250,260,261,262,263,264,274,294,299,
224;1;2017;2164;1;0,1,2,5,6,7,8,9,10,11,12,13,14,15,20,21,22,23,24,26,32,40,56,77,78,79,117,118,119,120,121,138,170,171,172,173,177,196,206,207,208,209,210,211,212,213,214,215,216,217,218,219,220,221,222,223,224,225,226,227,228,229,230,231,232,233,234,235,236,237,249,250,260,261,262,263,264,274,294,299,
228;0;2164;2182;0;0,1,2,5,6,7,8,9,10,11,12,13,14,15,20,21,22,23,24,26,32,40,56,77,78,79,117,118,119,120,121,138,170,171,172,173,177,196,206,207,208,209,210,211,212,213,214,215,216,217,218,219,220,221,222,223,224,225,226,227,228,229,230,231,232,233,234,235,236,237,249,250,260,261,262,263,264,274,294,299,
96;0;2182;2258;0;0,1,2,5,6,7,8,9,10,11,12,13,14,15,20,21,22,23,24,26,32,40,56,77,78,79,117,118,119,120,121,138,170,171,172,173,177,196,206,207,208,209,210,211,212,213,214,215,216,217,218,219,220,221,222,223,224,225,226,227,228,229,230,231,232,233,234,235,236,237,249,250,260,261,262,263,264,274,294,299,
172;0;2258;2384;0;0,1,2,5,6,7,8,9,10,11,12,13,14,15,20,21,22,23,24,26,32,40,56,77,78,79,117,118,119,120,121,138,170,171,172,173,177,196,206,207,208,209,210,211,212,213,214,215,216,217,218,219,220,221,222,223,224,225,226,227,228,229,230,231,232,233,234,235,236,237,249,250,260,261,262,263,264,274,294,299,
172;1;2384;2534;0;0,1,2,5,6,7,8,9,10,11,12,13,14,15,20,21,22,23,24,26,32,40,56,77,78,79,117,118,119,120,121,138,170,171,172,173,177,196,206,207,208,209,210,211,212,213,214,215,216,217,218,219,220,221,222,223,224,225,226,227,228,229,230,231,232,233,234,235,236,237,249,250,260,261,262,263,264,274,294,299,
108;0;2534;2648;0;0,1,2,5,6,7,8,9,10,11,12,13,14,15,20,21,22,23,24,26,32,40,56,77,78,79,117,118,119,120,121,138,170,171,172,173,177,196,206,207,208,209,210,211,212,213,214,215,216,217,218,219,220,221,222,223,224,225,226,227,228,229,230,231,232,233,234,235,236,237,249,250,260,261,262,263,264,274,294,299,
63;0;2648;2728;1;0,1,2,5,6,7,8,9,10,11,12,13,14,15,20,21,22,23,24,26,32,40,56,77,78,79,117,118,119,120,121,138,170,171,172,173,177,196,206,207,208,209,210,211,212,213,214,215,216,217,218,219,220,221,222,223,224,225,226,227,228,229,230,231,232,233,234,235,236,237,249,250,260,261,262,263,264,274,294,299,
174;0;2728;2888;1;0,1,2,5,6,7,8,9,10,11,12,13,14,15,20,21,22,23,24,26,32,40,56,77,78,79,117,118,119,120,121,138,170,171,172,173,177,196,206,207,208,209,210,211,212,213,214,215,216,217,218,219,220,221,222,223,224,225,226,227,228,229,230,231,232,233,234,235,236,237,249,250,260,261,262,263,264,274,294,299,
174;1;2888;2964;1;0,1,2,5,6,7,8,9,10,11,12,13,14,15,20,21,22,23,24,26,32,40,56,77,78,79,117,118,119,120,121,138,170,171,172,173,177,196,206,207,208,209,210,211,212,213,214,215,216,217,218,219,220,221,222,223,224,225,226,227,228,229,230,231,232,233,234,235,236,237,249,250,260,261,262,263,264,274,294,299,
47;0;2964;3105;1;0,1,2,5,6,7,8,9,10,11,12,13,14,15,20,21,22,23,24,26,32,40,56,77,78,79,117,118,119,120,121,138,170,171,172,173,177,196,206,207,208,209,210,211,212,213,214,215,216,217,218,219,220,221,222,223,224,225,226,227,228,229,230,231,232,233,234,235,236,237,249,250,260,261,262,263,264,274,294,299,
47;1;3105;3201;1;0,1,2,5,6,7,8,9,10,11,12,13,14,15,20,21,22,23,24,26,32,40,56,77,78,79,117,118,119,120,121,138,170,171,172,173,177,196,206,207,208,209,210,211,212,213,214,215,216,217,218,219,220,221,222,223,224,225,226,227,228,229,230,231,232,233,234,235,236,237,249,250,260,261,262,263,264,274,294,299,
120;0;3201;3269;1;0,1,2,5,6,7,8,9,10,11,12,13,14,15,20,21,22,23,24,26,32,40,56,77,78,79,117,118,119,120,121,138,170,171,172,173,177,196,206,207,208,209,210,211,212,213,214,215,216,217,218,219,220,221,222,223,224,225,226,227,228,229,230,231,232,233,234,235,236,237,249,250,260,261,262,263,264,274,294,299,
52;0;3269;3346;0;0,1,2,5,6,7,8,9,10,11,12,13,14,15,20,21,22,23,24,26,32,40,56,77,78,79,117,118,119,120,121,138,170,171,172,173,177,196,206,207,208,209,210,211,212,213,214,215,216,217,218,219,220,221,222,223,224,225,226,227,228,229,230,231,232,233,234,235,236,237,249,250,260,261,262,263,264,274,294,299,
52;1;3346;3382;0;0,1,2,5,6,7,8,9,10,11,12,13,14,15,20,21,22,23,24,26,32,40,56,77,78,79,117,118,119,120,121,138,170,171,172,173,177,196,206,207,208,209,210,211,212,213,214,215,216,217,218,219,220,221,222,223,224,225,226,227,228,229,230,231,232,233,234,235,236,237,249,250,260,261,262,263,264,274,294,299,
44;0;3382;3463;1;0,1,2,5,6,7,8,9,10,11,12,13,14,15,20,21,22,23,24,26,32,40,56,77,78,79,117,118,119,120,121,138,170,171,172,173,177,196,206,207,208,209,210,211,212,213,214,215,216,217,218,219,220,221,222,223,224,225,226,227,228,229,230,231,232,233,234,235,236,237,249,250,260,261,262,263,264,274,294,299,
44;1;3463;3619;1;0,1,2,5,6,7,8,9,10,11,12,13,14,15,20,21,22,23,24,26,32,40,56,77,78,79,117,118,119,120,121,138,170,171,172,173,177,196,206,207,208,209,210,211,212,213,214,215,216,217,218,219,220,221,222,223,224,225,226,227,228,229,230,231,232,233,234,235,236,237,249,250,260,261,262,263,264,274,294,299,
198;0;3619;3695;0;0,1,2,5,6,7,8,9,10,11,12,13,14,15,20,21,22,23,24,26,32,40,56,77,78,79,117,118,119,120,121,138,170,171,172,173,177,196,206,207,208,209,210,211,212,213,214,215,216,217,218,219,220,221,222,223,224,225,226,227,228,229,230,231,232,233,234,235,236,237,249,250,260,261,262,263,264,274,294,299,
6;0;3695;3826;0;0,1,2,5,6,7,8,9,10,11,12,13,14,15,20,21,22,23,24,26,32,40,56,77,78,79,117,118,119,120,121,138,170,171,172,173,177,196,206,207,208,209,210,211,212,213,214,215,216,217,218,219,220,221,222,223,224,225,226,227,228,229,230,231,232,233,234,235,236,237,249,250,260,261,262,263,264,274,294,299,
55;0;3826;3970;0;0,1,2,5,6,7,8,9,10,11,12,13,14,15,20,21,22,23,24,26,32,40,56,77,78,79,117,118,119,120,121,138,170,171,172,173,177,196,206,207,208,209,210,211,212,213,214,215,216,217,218,219,220,221,222,223,224,225,226,227,228,229,230,231,232,233,234,235,236,237,249,250,260,261,262,263,264,274,294,299,
158;0;3970;4130;0;0,1,2,5,6,7,8,9,10,11,12,13,14,15,20,21,22,23,24,26,32,40,56,77,78,79,117,118,119,120,121,138,170,171,172,173,177,196,206,207,208,209,210,211,212,213,214,215,216,217,218,219,220,221,222,223,224,225,226,227,228,229,230,231,232,233,234,235,236,237,249,250,260,261,262,263,264,274,294,299,
90;0;4130;4171;1;0,1,2,5,6,7,8,9,10,11,12,13,14,15,20,21,22,23,24,26,32,40,56,77,78,79,117,118,119,120,121,138,170,171,172,173,177,196,206,207,208,209,210,211,212,213,214,215,216,217,218,219,220,221,222,223,224,225,226,227,228,229,230,231,232,233,234,235,236,237,249,250,260,261,262,263,264,274,294,299,
24;0;4171;4290;1;0,1,2,5,6,7,8,9,10,11,12,13,14,15,20,21,22,23,24,26,32,40,56,77,78,79,117,118,119,120,121,138,170,171,172,173,177,196,206,207,208,209,210,211,212,213,214,215,216,217,218,219,220,221,222,223,224,225,226,227,228,229,230,231,232,233,234,235,236,237,249,250,260,261,262,263,264,274,294,299,
24;1;4290;4358;1;0,1,2,5,6,7,8,9,10,11,12,13,14,15,20,21,22,23,24,26,32,40,56,77,78,79,117,118,119,120,121,138,170,171,172,173,177,196,206,207,208,209,210,211,212,213,214,215,216,217,218,219,220,221,222,223,224,225,226,227,228,229,230,231,232,233,234,235,236,237,249,250,260,261,262,263,264,274,294,299,
187;0;4358;4439;1;0,1,2,5,6,7,8,9,10,11,12,13,14,15,20,21,22,23,24,26,32,40,56,77,78,79,117,118,119,120,121,138,170,171,172,173,177,196,206,207,208,209,210,211,212,213,214,215,216,217,218,219,220,221,222,223,224,225,226,227,228,229,230,231,232,233,234,235,236,237,249,250,260,261,262,263,264,274,294,299,
187;1;4439;4590;1;0,1,2,5,6,7,8,9,10,11,12,13,14,15,20,21,22,23,24,26,32,40,56,77,78,79,117,118,119,120,121,138,170,171,172,173,177,196,206,207,208,209,210,211,212,213,214,215,216,217,218,219,220,221,222,223,224,225,226,227,228,229,230,231,232,233,234,235,236,237,249,250,260,261,262,263,264,274,294,299,
1;0;4590;4737;0;0,1,2,5,6,7,8,9,10,11,12,13,14,15,20,21,22,23,24,26,32,40,56,77,78,79,117,118,119,120,121,138,170,171,172,173,177,196,206,207,208,209,210,211,212,213,214,215,216,217,218,219,220,221,222,223,224,225,226,227,228,229,230,231,232,233,234,235,236,237,249,250,260,261,262,263,264,274,294,299,
126;0;4737;4866;0;0,1,2,5,6,7,8,9,10,11,12,13,14,15,20,21,22,23,24,26,32,40,56,77,78,79,117,118,119,120,121,138,170,171,172,173,177,196,206,207,208,209,210,211,212,213,214,215,216,217,218,219,220,221,222,223,224,225,226,227,228,229,230,231,232,233,234,235,236,237,249,250,260,261,262,263,264,274,294,299,
230;0;4866;4971;1;0,1,2,5,6,7,8,9,10,11,12,13,14,15,20,21,22,23,24,26,32,40,56,77,78,79,117,118,119,120,121,138,170,171,172,173,177,196,206,207,208,209,210,211,212,213,214,215,216,217,218,219,220,221,222,223,224,225,226,227,228,229,230,231,232,233,234,235,236,237,249,250,260,261,262,263,264,274,294,299,
199;0;4971;5023;0;0,1,2,5,6,7,8,9,10,11,12,13,14,15,20,21,22,23,24,26,32,40,56,77,78,79,117,118,119,120,121,138,170,171,172,173,177,196,206,207,208,209,210,211,212,213,214,215,216,217,218,219,220,221,222,223,224,225,226,227,228,229,230,231,232,233,234,235,236,237,249,250,260,261,262,263,264,274,294,299,
199;1;5023;5200;0;0,1,2,5,6,7,8,9,10,11,12,13,14,15,20,21,22,23,24,26,32,40,56,77,78,79,117,118,119,120,121,138,170,171,172,173,177,196,206,207,208,209,210,211,212,213,214,215,216,217,218,219,220,221,222,223,224,225,226,227,228,229,230,231,232,233,234,235,236,237,249,250,260,261,262,263,264,274,294,299,
75;0;5200;5260;0;0,1,2,5,6,7,8,9,10,11,12,13,14,15,20,21,22,23,24,26,32,40,56,77,78,79,117,118,119,120,121,138,170,171,172,173,177,196,206,207,208,209,210,211,212,213,214,215,216,217,218,219,220,221,222,223,224,225,226,227,228,229,230,231,232,233,234,235,236,237,249,250,260,261,262,263,264,274,294,299,
215;0;5260;5404;0;0,1,2,5,6,7,8,9,10,11,12,13,14,15,20,21,22,23,24,26,32,40,56,77,78,79,117,118,119,120,121,138,170,171,172,173,177,196,206,207,208,209,210,211,212,213,214,215,216,217,218,219,220,221,222,223,224,225,226,227,228,229,230,231,232,233,234,235,236,237,249,250,260,261,262,263,264,274,294,299,
83;0;5404;5479;1;0,1,2,5,6,7,8,9,10,11,12,13,14,15,20,21,22,23,24,26,32,40,56,77,78,79,117,118,119,120,121,138,170,171,172,173,177,196,206,207,208,209,210,211,212,213,214,215,216,217,218,219,220,221,222,223,224,225,226,227,228,229,230,231,232,233,234,235,236,237,249,250,260,261,262,263,264,274,294,299,
94;0;5479;5531;1;0,1,2,5,6,7,8,9,10,11,12,13,14,15,20,21,22,23,24,26,32,40,56,77,78,79,117,118,119,120,121,138,170,171,172,173,177,196,206,207,208,209,210,211,212,213,214,215,216,217,218,219,220,221,222,223,224,225,226,227,228,229,230,231,232,233,234,235,236,237,249,250,260,261,262,263,264,274,294,299,
94;1;5531;5604;1;0,1,2,5,6,7,8,9,10,11,12,13,14,15,20,21,22,23,24,26,32,40,56,77,78,79,117,118,119,120,121,138,170,171,172,173,177,196,206,207,208,209,210,211,212,213,214,215,216,217,218,219,220,221,222,223,224,225,226,227,228,229,230,231,232,233,234,235,236,237,249,250,260,261,262,263,264,274,294,299,
105;0;5604;5751;0;0,1,2,5,6,7,8,9,10,11,12,13,14,15,20,21,22,23,24,26,32,40,56,77,78,79,117,118,119,120,121,138,170,171,172,173,177,196,206,207,208,209,210,211,212,213,214,215,216,217,218,219,220,221,222,223,224,225,226,227,228,229,230,231,232,233,234,235,236,237,249,250,260,261,262,263,264,274,294,299,
Machine: 5
46;0;0;151;0;0,1,2,3,4,5,12,13,14,15,20,25,26,27,28,29,30,31,32,33,40,45,46,54,55,56,61,62,68,69,70,71,122,123,124,148,149,150,151,152,153,154,155,156,157,158,159,160,161,162,163,193,196,242,243,283,284,285,286,287,288,289,290,291,292,293,320,321,322,324,325,326,327,328,329,330,331,332,333,334,
27;0;151;301;1;0,1,2,3,4,5,12,13,14,15,20,25,26,27,28,29,30,31,32,33,40,45,46,54,55,56,61,62,68,69,70,71,122,123,124,148,149,150,151,152,153,154,155,156,157,158,159,160,161,162,163,193,196,242,243,283,284,285,286,287,288,289,290,291,292,293,320,321,322,324,325,326,327,328,329,330,331,332,333,334,
27;1;301;331;1;0,1,2,3,4,5,12,13,14,15,20,25,26,27,28,29,30,31,32,33,40,45,46,54,55,56,61,62,68,69,70,71,122,123,124,148,149,150,151,152,153,154,155,156,157,158,159,160,161,162,163,193,196,242,243,283,284,285,286,287,288,289,290,291,292,293,320,321,322,324,325,326,327,328,329,330,331,332,333,334,
100;0;331;450;1;0,1,2,3,4,5,12,13,14,15,20,25,26,27,28,29,30,31,32,33,40,45,46,54,55,56,61,62,68,69,70,71,122,123,124,148,149,150,151,152,153,154,155,156,157,158,159,160,161,162,163,193,196,242,243,283,284,285,286,287,288,289,290,291,292,293,320,321,322,324,325,326,327,328,329,330,331,332,333,334,
111;0;450;522;1;0,1,2,3,4,5,12,13,14,15,20,25,26,27,28,29,30,31,32,33,40,45,46,54,55,56,61,62,68,69,70,71,122,123,124,148,149,150,151,152,153,154,155,156,157,158,159,160,161,162,163,193,196,242,243,283,284,285,286,287,288,289,290,291,292,293,320,321,322,324,325,326,327,328,329,330,331,332,333,334,
103;0;522;627;1;0,1,2,3,4,5,12,13,14,15,20,25,26,27,28,29,30,31,32,33,40,45,46,54,55,56,61,62,68,69,70,71,122,123,124,148,149,150,151,152,153,154,155,156,157,158,159,160,161,162,163,193,196,242,243,283,284,285,286,287,288,289,290,291,292,293,320,321,322,324,325,326,327,328,329,330,331,332,333,334,
18;0;627;632;0;0,1,2,3,4,5,12,13,14,15,20,25,26,27,28,29,30,31,32,33,40,45,46,54,55,56,61,62,68,69,70,71,122,123,124,148,149,150,151,152,153,154,155,156,157,158,159,160,161,162,163,193,196,242,243,283,284,285,286,287,288,289,290,291,292,293,320,321,322,324,325,326,327,328,329,330,331,332,333,334,
51;0;632;778;1;0,1,2,3,4,5,12,13,14,15,20,25,26,27,28,29,30,31,32,33,40,45,46,54,55,56,61,62,68,69,70,71,122,123,124,148,149,150,151,152,153,154,155,156,157,158,159,160,161,162,163,193,196,242,243,283,284,285,286,287,288,289,290,291,292,293,320,321,322,324,325,326,327,328,329,330,331,332,333,334,
167;0;778;788;1;0,1,2,3,4,5,12,13,14,15,20,25,26,27,28,29,30,31,32,33,40,45,46,54,55,56,61,62,68,69,70,71,122,123,124,148,149,150,151,152,153,154,155,156,157,158,159,160,161,162,163,193,196,242,243,283,284,285,286,287,288,289,290,291,292,293,320,321,322,324,325,326,327,328,329,330,331,332,333,334,
167;1;788;882;1;0,1,2,3,4,5,12,13,14,15,20,25,26,27,28,29,30,31,32,33,40,45,46,54,55,56,61,62,68,69,70,71,122,123,124,148,149,150,151,152,153,154,155,156,157,158,159,160,161,162,163,193,196,242,243,283,284,285,286,287,288,289,290,291,292,293,320,321,322,324,325,326,327,328,329,330,331,332,333,334,
39;0;882;1029;0;0,1,2,3,4,5,12,13,14,15,20,25,26,27,28,29,30,31,32,33,40,45,46,54,55,56,61,62,68,69,70,71,122,123,124,148,149,150,151,152,153,154,155,156,157,158,159,160,161,162,163,193,196,242,243,283,284,285,286,287,288,289,290,291,292,293,320,321,322,324,325,326,327,328,329,330,331,332,333,334,
39;1;1029;1149;0;0,1,2,3,4,5,12,13,14,15,20,25,26,27,28,29,30,31,32,33,40,45,46,54,55,56,61,62,68,69,70,71,122,123,124,148,149,150,151,152,153,154,155,156,157,158,159,160,161,162,163,193,196,242,243,283,284,285,286,287,288,289,290,291,292,293,320,321,322,324,325,326,327,328,329,330,331,332,333,334,
36;0;1149;1198;0;0,1,2,3,4,5,12,13,14,15,20,25,26,27,28,29,30,31,32,33,40,45,46,54,55,56,61,62,68,69,70,71,122,123,124,148,149,150,151,152,153,154,155,156,157,158,159,160,161,162,163,193,196,242,243,283,284,285,286,287,288,289,290,291,292,293,320,321,322,324,325,326,327,328,329,330,331,332,333,334,
222;0;1198;1267;0;0,1,2,3,4,5,12,13,14,15,20,25,26,27,28,29,30,31,32,33,40,45,46,54,55,56,61,62,68,69,70,71,122,123,124,148,149,150,151,152,153,154,155,156,157,158,159,160,161,162,163,193,196,242,243,283,284,285,286,287,288,289,290,291,292,293,320,321,322,324,325,326,327,328,329,330,331,332,333,334,
222;1;1267;1308;0;0,1,2,3,4,5,12,13,14,15,20,25,26,27,28,29,30,31,32,33,40,45,46,54,55,56,61,62,68,69,70,71,122,123,124,148,149,150,151,152,153,154,155,156,157,158,159,160,161,162,163,193,196,242,243,283,284,285,286,287,288,289,290,291,292,293,320,321,322,324,325,326,327,328,329,330,331,332,333,334,
42;0;1308;1353;0;0,1,2,3,4,5,12,13,14,15,20,25,26,27,28,29,30,31,32,33,40,45,46,54,55,56,61,62,68,69,70,71,122,123,124,148,149,150,151,152,153,154,155,156,157,158,159,160,161,162,163,193,196,242,243,283,284,285,286,287,288,289,290,291,292,293,320,321,322,324,325,326,327,328,329,330,331,332,333,334,
42;1;1353;1478;0;0,1,2,3,4,5,12,13,14,15,20,25,26,27,28,29,30,31,32,33,40,45,46,54,55,56,61,62,68,69,70,71,122,123,124,148,149,150,151,152,153,154,155,156,157,158,159,160,161,162,163,193,196,242,243,283,284,285,286,287,288,289,290,291,292,293,320,321,322,324,325,326,327,328,329,330,331,332,333,334,
176;0;1478;1519;0;0,1,2,3,4,5,12,13,14,15,20,25,26,27,28,29,30,31,32,33,40,45,46,54,55,56,61,62,68,69,70,71,122,123,124,148,149,150,151,152,153,154,155,156,157,158,159,160,161,162,163,193,196,242,243,283,284,285,286,287,288,289,290,291,292,293,320,321,322,324,325,326,327,328,329,330,331,332,333,334,
139;0;1519;1695;0;0,1,2,3,4,5,12,13,14,15,20,25,26,27,28,29,30,31,32,33,40,45,46,54,55,56,61,62,68,69,70,71,122,123,124,148,149,150,151,152,153,154,155,156,157,158,159,160,161,162,163,193,196,242,243,283,284,285,286,287,288,289,290,291,292,293,320,321,322,324,325,326,327,328,329,330,331,332,333,334,
139;1;1695;1701;0;0,1,2,3,4,5,12,13,14,15,20,25,26,27,28,29,30,31,32,33,40,45,46,54,55,56,61,62,68,69,70,71,122,123,124,148,149,150,151,152,153,154,155,156,157,158,159,160,161,162,163,193,196,242,243,283,284,285,286,287,288,289,290,291,292,293,320,321,322,324,325,326,327,328,329,330,331,332,333,334,
115;0;1701;1721;0;0,1,2,3,4,5,12,13,14,15,20,25,26,27,28,29,30,31,32,33,40,45,46,54,55,56,61,62,68,69,70,71,122,123,124,148,149,150,151,152,153,154,155,156,157,158,159,160,161,162,163,193,196,242,243,283,284,285,286,287,288,289,290,291,292,293,320,321,322,324,325,326,327,328,329,330,331,332,333,334,
114;0;1721;1885;1;0,1,2,3,4,5,12,13,14,15,20,25,26,27,28,29,30,31,32,33,40,45,46,54,55,56,61,62,68,69,70,71,122,123,124,148,149,150,151,152,153,154,155,156,157,158,159,160,161,162,163,193,196,242,243,283,284,285,286,287,288,289,290,291,292,293,320,321,322,324,325,326,327,328,329,330,331,332,333,334,
114;1;1885;1971;1;0,1,2,3,4,5,12,13,14,15,20,25,26,27,28,29,30,31,32,33,40,45,46,54,55,56,61,62,68,69,70,71,122,123,124,148,149,150,151,152,153,154,155,156,157,158,159,160,161,162,163,193,196,242,243,283,284,285,286,287,288,289,290,291,292,293,320,321,322,324,325,326,327,328,329,330,331,332,333,334,
239;0;1971;2143;0;0,1,2,3,4,5,12,13,14,15,20,25,26,27,28,29,30,31,32,33,40,45,46,54,55,56,61,62,68,69,70,71,122,123,124,148,149,150,151,152,153,154,155,156,157,158,159,160,161,162,163,193,196,242,243,283,284,285,286,287,288,289,290,291,292,293,320,321,322,324,325,326,327,328,329,330,331,332,333,334,
239;1;2143;2221;0;0,1,2,3,4,5,12,13,14,15,20,25,26,27,28,29,30,31,32,33,40,45,46,54,55,56,61,62,68,69,70,71,122,123,124,148,149,150,151,152,153,154,155,156,157,158,159,160,161,162,163,193,196,242,243,283,284,285,286,287,288,289,290,291,292,293,320,321,322,324,325,326,327,328,329,330,331,332,333,334,
13;0;2221;2272;1;0,1,2,3,4,5,12,13,14,15,20,25,26,27,28,29,30,31,32,33,40,45,46,54,55,56,61,62,68,69,70,71,122,123,124,148,149,150,151,152,153,154,155,156,157,158,159,160,161,162,163,193,196,242,243,283,284,285,286,287,288,289,290,291,292,293,320,321,322,324,325,326,327,328,329,330,331,332,333,334,
168;0;2272;2391;0;0,1,2,3,4,5,12,13,14,15,20,25,26,27,28,29,30,31,32,33,40,45,46,54,55,56,61,62,68,69,70,71,122,123,124,148,149,150,151,152,153,154,155,156,157,158,159,160,161,162,163,193,196,242,243,283,284,285,286,287,288,289,290,291,292,293,320,321,322,324,325,326,327,328,329,330,331,332,333,334,
48;0;2391;2417;0;0,1,2,3,4,5,12,13,14,15,20,25,26,27,28,29,30,31,32,33,40,45,46,54,55,56,61,62,68,69,70,71,122,123,124,148,149,150,151,152,153,154,155,156,157,158,159,160,161,162,163,193,196,242,243,283,284,285,286,287,288,289,290,291,292,293,320,321,322,324,325,326,327,328,329,330,331,332,333,334,
49;0;2417;2448;0;0,1,2,3,4,5,12,13,14,15,20,25,26,27,28,29,30,31,32,33,40,45,46,54,55,56,61,62,68,69,70,71,122,123,124,148,149,150,151,152,153,154,155,156,157,158,159,160,161,162,163,193,196,242,243,283,284,285,286,287,288,289,290,291,292,293,320,321,322,324,325,326,327,328,329,330,331,332,333,334,
49;1;2448;2473;0;0,1,2,3,4,5,12,13,14,15,20,25,26,27,28,29,30,31,32,33,40,45,46,54,55,56,61,62,68,69,70,71,122,123,124,148,149,150,151,152,153,154,155,156,157,158,159,160,161,162,163,193,196,242,243,283,284,285,286,287,288,289,290,291,292,293,320,321,322,324,325,326,327,328,329,330,331,332,333,334,
101;0;2473;2576;1;0,1,2,3,4,5,12,13,14,15,20,25,26,27,28,29,30,31,32,33,40,45,46,54,55,56,61,62,68,69,70,71,122,123,124,148,149,150,151,152,153,154,155,156,157,158,159,160,161,162,163,193,196,242,243,283,284,285,286,287,288,289,290,291,292,293,320,321,322,324,325,326,327,328,329,330,331,332,333,334,
236;0;2576;2659;0;0,1,2,3,4,5,12,13,14,15,20,25,26,27,28,29,30,31,32,33,40,45,46,54,55,56,61,62,68,69,70,71,122,123,124,148,149,150,151,152,153,154,155,156,157,158,159,160,161,162,163,193,196,242,243,283,284,285,286,287,288,289,290,291,292,293,320,321,322,324,325,326,327,328,329,330,331,332,333,334,
241;0;2659;2757;1;0,1,2,3,4,5,12,13,14,15,20,25,26,27,28,29,30,31,32,33,40,45,46,54,55,56,61,62,68,69,70,71,122,123,124,148,149,150,151,152,153,154,155,156,157,158,159,160,161,162,163,193,196,242,243,283,284,285,286,287,288,289,290,291,292,293,320,321,322,324,325,326,327,328,329,330,331,332,333,334,
10;0;2757;2860;1;0,1,2,3,4,5,12,13,14,15,20,25,26,27,28,29,30,31,32,33,40,45,46,54,55,56,61,62,68,69,70,71,122,123,124,148,149,150,151,152,153,154,155,156,157,158,159,160,161,162,163,193,196,242,243,283,284,285,286,287,288,289,290,291,292,293,320,321,322,324,325,326,327,328,329,330,331,332,333,334,
98;0;2860;2940;0;0,1,2,3,4,5,12,13,14,15,20,25,26,27,28,29,30,31,32,33,40,45,46,54,55,56,61,62,68,69,70,71,122,123,124,148,149,150,151,152,153,154,155,156,157,158,159,160,161,162,163,193,196,242,243,283,284,285,286,287,288,289,290,291,292,293,320,321,322,324,325,326,327,328,329,330,331,332,333,334,
163;0;2940;3096;1;0,1,2,3,4,5,12,13,14,15,20,25,26,27,28,29,30,31,32,33,40,45,46,54,55,56,61,62,68,69,70,71,122,123,124,148,149,150,151,152,153,154,155,156,157,158,159,160,161,162,163,193,196,242,243,283,284,285,286,287,288,289,290,291,292,293,320,321,322,324,325,326,327,328,329,330,331,332,333,334,
171;0;3096;3208;1;0,1,2,3,4,5,12,13,14,15,20,25,26,27,28,29,30,31,32,33,40,45,46,54,55,56,61,62,68,69,70,71,122,123,124,148,149,150,151,152,153,154,155,156,157,158,159,160,161,162,163,193,196,242,243,283,284,285,286,287,288,289,290,291,292,293,320,321,322,324,325,326,327,328,329,330,331,332,333,334,
140;0;3208;3323;1;0,1,2,3,4,5,12,13,14,15,20,25,26,27,28,29,30,31,32,33,40,45,46,54,55,56,61,62,68,69,70,71,122,123,124,148,149,150,151,152,153,154,155,156,157,158,159,160,161,162,163,193,196,242,243,283,284,285,286,287,288,289,290,291,292,293,320,321,322,324,325,326,327,328,329,330,331,332,333,334,
26;0;3323;3367;0;0,1,2,3,4,5,12,13,14,15,20,25,26,27,28,29,30,31,32,33,40,45,46,54,55,56,61,62,68,69,70,71,122,123,124,148,149,150,151,152,153,154,155,156,157,158,159,160,161,162,163,193,196,242,243,283,284,285,286,287,288,289,290,291,292,293,320,321,322,324,325,326,327,328,329,330,331,332,333,334,
152;0;3367;3512;0;0,1,2,3,4,5,12,13,14,15,20,25,26,27,28,29,30,31,32,33,40,45,46,54,55,56,61,62,68,69,70,71,122,123,124,148,149,150,151,152,153,154,155,156,157,158,159,160,161,162,163,193,196,242,243,283,284,285,286,287,288,289,290,291,292,293,320,321,322,324,325,326,327,328,329,330,331,332,333,334,
152;1;3512;3564;0;0,1,2,3,4,5,12,13,14,15,20,25,26,27,28,29,30,31,32,33,40,45,46,54,55,56,61,62,68,69,70,71,122,123,124,148,149,150,151,152,153,154,155,156,157,158,159,160,161,162,163,193,196,242,243,283,284,285,286,287,288,289,290,291,292,293,320,321,322,324,325,326,327,328,329,330,331,332,333,334,
25;0;3564;3590;0;0,1,2,3,4,5,12,13,14,15,20,25,26,27,28,29,30,31,32,33,40,45,46,54,55,56,61,62,68,69,70,71,122,123,124,148,149,150,151,152,153,154,155,156,157,158,159,160,161,162,163,193,196,242,243,283,284,285,286,287,288,289,290,291,292,293,320,321,322,324,325,326,327,328,329,330,331,332,333,334,
31;0;3590;3746;1;0,1,2,3,4,5,12,13,14,15,20,25,26,27,28,29,30,31,32,33,40,45,46,54,55,56,61,62,68,69,70,71,122,123,124,148,149,150,151,152,153,154,155,156,157,158,159,160,161,162,163,193,196,242,243,283,284,285,286,287,288,289,290,291,292,293,320,321,322,324,325,326,327,328,329,330,331,332,333,334,
157;0;3746;3855;1;0,1,2,3,4,5,12,13,14,15,20,25,26,27,28,29,30,31,32,33,40,45,46,54,55,56,61,62,68,69,70,71,122,123,124,148,149,150,151,152,153,154,155,156,157,158,159,160,161,162,163,193,196,242,243,283,284,285,286,287,288,289,290,291,292,293,320,321,322,324,325,326,327,328,329,330,331,332,333,334,
157;1;3855;3891;1;0,1,2,3,4,5,12,13,14,15,20,25,26,27,28,29,30,31,32,33,40,45,46,54,55,56,61,62,68,69,70,71,122,123,124,148,149,150,151,152,153,154,155,156,157,158,159,160,161,162,163,193,196,242,243,283,284,285,286,287,288,289,290,291,292,293,320,321,322,324,325,326,327,328,329,330,331,332,333,334,
62;0;3891;3986;0;0,1,2,3,4,5,12,13,14,15,20,25,26,27,28,29,30,31,32,33,40,45,46,54,55,56,61,62,68,69,70,71,122,123,124,148,149,150,151,152,153,154,155,156,157,158,159,160,161,162,163,193,196,242,243,283,284,285,286,287,288,289,290,291,292,293,320,321,322,324,325,326,327,328,329,330,331,332,333,334,
62;1;3986;4076;0;0,1,2,3,4,5,12,13,14,15,20,25,26,27,28,29,30,31,32,33,40,45,46,54,55,56,61,62,68,69,70,71,122,123,124,148,149,150,151,152,153,154,155,156,157,158,159,160,161,162,163,193,196,242,243,283,284,285,286,287,288,289,290,291,292,293,320,321,322,324,325,326,327,328,329,330,331,332,333,334,
185;0;4076;4128;0;0,1,2,3,4,5,12,13,14,15,20,25,26,27,28,29,30,31,32,33,40,45,46,54,55,56,61,62,68,69,70,71,122,123,124,148,149,150,151,152,153,154,155,156,157,158,159,160,161,162,163,193,196,242,243,283,284,285,286,287,288,289,290,291,292,293,320,321,322,324,325,326,327,328,329,330,331,332,333,334,
14;0;4128;4202;1;0,1,2,3,4,5,12,13,14,15,20,25,26,27,28,29,30,31,32,33,40,45,46,54,55,56,61,62,68,69,70,71,122,123,124,148,149,150,151,152,153,154,155,156,157,158,159,160,161,162,163,193,196,242,243,283,284,285,286,287,288,289,290,291,292,293,320,321,322,324,325,326,327,328,329,330,331,332,333,334,
14;1;4202;4292;1;0,1,2,3,4,5,12,13,14,15,20,25,26,27,28,29,30,31,32,33,40,45,46,54,55,56,61,62,68,69,70,71,122,123,124,148,149,150,151,152,153,154,155,156,157,158,159,160,161,162,163,193,196,242,243,283,284,285,286,287,288,289,290,291,292,293,320,321,322,324,325,326,327,328,329,330,331,332,333,334,
145;0;4292;4390;0;0,1,2,3,4,5,12,13,14,15,20,25,26,27,28,29,30,31,32,33,40,45,46,54,55,56,61,62,68,69,70,71,122,123,124,148,149,150,151,152,153,154,155,156,157,158,159,160,161,162,163,193,196,242,243,283,284,285,286,287,288,289,290,291,292,293,320,321,322,324,325,326,327,328,329,330,331,332,333,334,
212;0;4390;4539;0;0,1,2,3,4,5,12,13,14,15,20,25,26,27,28,29,30,31,32,33,40,45,46,54,55,56,61,62,68,69,70,71,122,123,124,148,149,150,151,152,153,154,155,156,157,158,159,160,161,162,163,193,196,242,243,283,284,285,286,287,288,289,290,291,292,293,320,321,322,324,325,326,327,328,329,330,331,332,333,334,
212;1;4539;4689;0;0,1,2,3,4,5,12,13,14,15,20,25,26,27,28,29,30,31,32,33,40,45,46,54,55,56,61,62,68,69,70,71,122,123,124,148,149,150,151,152,153,154,155,156,157,158,159,160,161,162,163,193,196,242,243,283,284,285,286,287,288,289,290,291,292,293,320,321,322,324,325,326,327,328,329,330,331,332,333,334,
219;0;4689;4865;0;0,1,2,3,4,5,12,13,14,15,20,25,26,27,28,29,30,31,32,33,40,45,46,54,55,56,61,62,68,69,70,71,122,123,124,148,149,150,151,152,153,154,155,156,157,158,159,160,161,162,163,193,196,242,243,283,284,285,286,287,288,289,290,291,292,293,320,321,322,324,325,326,327,328,329,330,331,332,333,334,
219;1;4865;5026;0;0,1,2,3,4,5,12,13,14,15,20,25,26,27,28,29,30,31,32,33,40,45,46,54,55,56,61,62,68,69,70,71,122,123,124,148,149,150,151,152,153,154,155,156,157,158,159,160,161,162,163,193,196,242,243,283,284,285,286,287,288,289,290,291,292,293,320,321,322,324,325,326,327,328,329,330,331,332,333,334,
END
fineshedJobsCount: 339
switchs: 0
switchsInstances: 0
unfineshedPriorityCount: 0
totalUnfineshed: 0
criticalMachineSwitchs: 0
criticalMachineTime: 5751
Final Solution: 10170
Time: 472178
PTL: 245
MCMC: 114
Best Initial: 9494
Mean Initial: 9425.55
