./input/BaseInstances/6M1_n=629,r=0.6,t=798,v0.txt;./input/Processed/ToolSetInt.csv
7;720;1440
Machine: 0
204;0;0;67;1;0,1,2,3,4,5,6,7,8,9,22,27,29,36,48,85,89,112,134,135,151,156,158,167,168,173,174,175,176,262,267,269,270,271,272,273,274,275,276,346,373,374,375,376,384,434,450,451,452,453,454,455,456,457,477,478,479,480,481,482,483,510,511,512,513,514,515,516,517,518,519,520,521,549,550,551,552,553,554,555,
204;1;67;176;1;0,1,2,3,4,5,6,7,8,9,22,27,29,36,48,85,89,112,134,135,151,156,158,167,168,173,174,175,176,262,267,269,270,271,272,273,274,275,276,346,373,374,375,376,384,434,450,451,452,453,454,455,456,457,477,478,479,480,481,482,483,510,511,512,513,514,515,516,517,518,519,520,521,549,550,551,552,553,554,555,
266;0;176;253;1;0,1,2,3,4,5,6,7,8,9,22,27,29,36,48,85,89,112,134,135,151,156,158,167,168,173,174,175,176,262,267,269,270,271,272,273,274,275,276,346,373,374,375,376,384,434,450,451,452,453,454,455,456,457,477,478,479,480,481,482,483,510,511,512,513,514,515,516,517,518,519,520,521,549,550,551,552,553,554,555,
266;1;253;331;1;0,1,2,3,4,5,6,7,8,9,22,27,29,36,48,85,89,112,134,135,151,156,158,167,168,173,174,175,176,262,267,269,270,271,272,273,274,275,276,346,373,374,375,376,384,434,450,451,452,453,454,455,456,457,477,478,479,480,481,482,483,510,511,512,513,514,515,516,517,518,519,520,521,549,550,551,552,553,554,555,
300;0;331;440;0;0,1,2,3,4,5,6,7,8,9,22,27,29,36,48,85,89,112,134,135,151,156,158,167,168,173,174,175,176,262,267,269,270,271,272,273,274,275,276,346,373,374,375,376,384,434,450,451,452,453,454,455,456,457,477,478,479,480,481,482,483,510,511,512,513,514,515,516,517,518,519,520,521,549,550,551,552,553,554,555,
133;0;440;574;0;0,1,2,3,4,5,6,7,8,9,22,27,29,36,48,85,89,112,134,135,151,156,158,167,168,173,174,175,176,262,267,269,270,271,272,273,274,275,276,346,373,374,375,376,384,434,450,451,452,453,454,455,456,457,477,478,479,480,481,482,483,510,511,512,513,514,515,516,517,518,519,520,521,549,550,551,552,553,554,555,
133;1;574;744;0;0,1,2,3,4,5,6,7,8,9,22,27,29,36,48,85,89,112,134,135,151,156,158,167,168,173,174,175,176,262,267,269,270,271,272,273,274,275,276,346,373,374,375,376,384,434,450,451,452,453,454,455,456,457,477,478,479,480,481,482,483,510,511,512,513,514,515,516,517,518,519,520,521,549,550,551,552,553,554,555,
101;0;744;817;1;0,1,2,3,4,5,6,7,8,9,22,27,29,36,48,85,89,112,134,135,151,156,158,167,168,173,174,175,176,262,267,269,270,271,272,273,274,275,276,346,373,374,375,376,384,434,450,451,452,453,454,455,456,457,477,478,479,480,481,482,483,510,511,512,513,514,515,516,517,518,519,520,521,549,550,551,552,553,554,555,
101;1;817;839;1;0,1,2,3,4,5,6,7,8,9,22,27,29,36,48,85,89,112,134,135,151,156,158,167,168,173,174,175,176,262,267,269,270,271,272,273,274,275,276,346,373,374,375,376,384,434,450,451,452,453,454,455,456,457,477,478,479,480,481,482,483,510,511,512,513,514,515,516,517,518,519,520,521,549,550,551,552,553,554,555,
100;0;839;939;0;0,1,2,3,4,5,6,7,8,9,22,27,29,36,48,85,89,112,134,135,151,156,158,167,168,173,174,175,176,262,267,269,270,271,272,273,274,275,276,346,373,374,375,376,384,434,450,451,452,453,454,455,456,457,477,478,479,480,481,482,483,510,511,512,513,514,515,516,517,518,519,520,521,549,550,551,552,553,554,555,
24;0;939;1042;1;0,1,2,3,4,5,6,7,8,9,22,27,29,36,48,85,89,112,134,135,151,156,158,167,168,173,174,175,176,262,267,269,270,271,272,273,274,275,276,346,373,374,375,376,384,434,450,451,452,453,454,455,456,457,477,478,479,480,481,482,483,510,511,512,513,514,515,516,517,518,519,520,521,549,550,551,552,553,554,555,
24;1;1042;1054;1;0,1,2,3,4,5,6,7,8,9,22,27,29,36,48,85,89,112,134,135,151,156,158,167,168,173,174,175,176,262,267,269,270,271,272,273,274,275,276,346,373,374,375,376,384,434,450,451,452,453,454,455,456,457,477,478,479,480,481,482,483,510,511,512,513,514,515,516,517,518,519,520,521,549,550,551,552,553,554,555,
315;0;1054;1135;0;0,1,2,3,4,5,6,7,8,9,22,27,29,36,48,85,89,112,134,135,151,156,158,167,168,173,174,175,176,262,267,269,270,271,272,273,274,275,276,346,373,374,375,376,384,434,450,451,452,453,454,455,456,457,477,478,479,480,481,482,483,510,511,512,513,514,515,516,517,518,519,520,521,549,550,551,552,553,554,555,
146;0;1135;1150;1;0,1,2,3,4,5,6,7,8,9,22,27,29,36,48,85,89,112,134,135,151,156,158,167,168,173,174,175,176,262,267,269,270,271,272,273,274,275,276,346,373,374,375,376,384,434,450,451,452,453,454,455,456,457,477,478,479,480,481,482,483,510,511,512,513,514,515,516,517,518,519,520,521,549,550,551,552,553,554,555,
146;1;1150;1205;1;0,1,2,3,4,5,6,7,8,9,22,27,29,36,48,85,89,112,134,135,151,156,158,167,168,173,174,175,176,262,267,269,270,271,272,273,274,275,276,346,373,374,375,376,384,434,450,451,452,453,454,455,456,457,477,478,479,480,481,482,483,510,511,512,513,514,515,516,517,518,519,520,521,549,550,551,552,553,554,555,
224;0;1205;1282;1;0,1,2,3,4,5,6,7,8,9,22,27,29,36,48,85,89,112,134,135,151,156,158,167,168,173,174,175,176,262,267,269,270,271,272,273,274,275,276,346,373,374,375,376,384,434,450,451,452,453,454,455,456,457,477,478,479,480,481,482,483,510,511,512,513,514,515,516,517,518,519,520,521,549,550,551,552,553,554,555,
224;1;1282;1355;1;0,1,2,3,4,5,6,7,8,9,22,27,29,36,48,85,89,112,134,135,151,156,158,167,168,173,174,175,176,262,267,269,270,271,272,273,274,275,276,346,373,374,375,376,384,434,450,451,452,453,454,455,456,457,477,478,479,480,481,482,483,510,511,512,513,514,515,516,517,518,519,520,521,549,550,551,552,553,554,555,
49;0;1355;1519;1;0,1,2,3,4,5,6,7,8,9,22,27,29,36,48,85,89,112,134,135,151,156,158,167,168,173,174,175,176,262,267,269,270,271,272,273,274,275,276,346,373,374,375,376,384,434,450,451,452,453,454,455,456,457,477,478,479,480,481,482,483,510,511,512,513,514,515,516,517,518,519,520,521,549,550,551,552,553,554,555,
49;1;1519;1592;1;0,1,2,3,4,5,6,7,8,9,22,27,29,36,48,85,89,112,134,135,151,156,158,167,168,173,174,175,176,262,267,269,270,271,272,273,274,275,276,346,373,374,375,376,384,434,450,451,452,453,454,455,456,457,477,478,479,480,481,482,483,510,511,512,513,514,515,516,517,518,519,520,521,549,550,551,552,553,554,555,
134;0;1592;1771;1;0,1,2,3,4,5,6,7,8,9,22,27,29,36,48,85,89,112,134,135,151,156,158,167,168,173,174,175,176,262,267,269,270,271,272,273,274,275,276,346,373,374,375,376,384,434,450,451,452,453,454,455,456,457,477,478,479,480,481,482,483,510,511,512,513,514,515,516,517,518,519,520,521,549,550,551,552,553,554,555,
134;1;1771;1865;1;0,1,2,3,4,5,6,7,8,9,22,27,29,36,48,85,89,112,134,135,151,156,158,167,168,173,174,175,176,262,267,269,270,271,272,273,274,275,276,346,373,374,375,376,384,434,450,451,452,453,454,455,456,457,477,478,479,480,481,482,483,510,511,512,513,514,515,516,517,518,519,520,521,549,550,551,552,553,554,555,
152;0;1865;1946;0;0,1,2,3,4,5,6,7,8,9,22,27,29,36,48,85,89,112,134,135,151,156,158,167,168,173,174,175,176,262,267,269,270,271,272,273,274,275,276,346,373,374,375,376,384,434,450,451,452,453,454,455,456,457,477,478,479,480,481,482,483,510,511,512,513,514,515,516,517,518,519,520,521,549,550,551,552,553,554,555,
341;0;1946;2044;1;0,1,2,3,4,5,6,7,8,9,22,27,29,36,48,85,89,112,134,135,151,156,158,167,168,173,174,175,176,262,267,269,270,271,272,273,274,275,276,346,373,374,375,376,384,434,450,451,452,453,454,455,456,457,477,478,479,480,481,482,483,510,511,512,513,514,515,516,517,518,519,520,521,549,550,551,552,553,554,555,
341;1;2044;2144;1;0,1,2,3,4,5,6,7,8,9,22,27,29,36,48,85,89,112,134,135,151,156,158,167,168,173,174,175,176,262,267,269,270,271,272,273,274,275,276,346,373,374,375,376,384,434,450,451,452,453,454,455,456,457,477,478,479,480,481,482,483,510,511,512,513,514,515,516,517,518,519,520,521,549,550,551,552,553,554,555,
80;0;2144;2221;0;0,1,2,3,4,5,6,10,11,12,13,14,15,16,17,18,19,22,29,36,48,85,89,90,112,117,120,135,151,167,168,216,220,248,250,267,289,304,373,374,375,376,377,378,379,380,381,382,400,401,402,403,404,405,450,510,511,512,513,514,515,516,517,518,519,520,521,570,571,572,573,574,575,576,577,578,579,602,603,604,
140;0;2221;2248;0;0,1,2,3,4,5,6,10,11,12,13,14,15,16,17,18,19,22,29,36,48,85,89,90,112,117,120,135,151,167,168,216,220,248,250,267,289,304,373,374,375,376,377,378,379,380,381,382,400,401,402,403,404,405,450,510,511,512,513,514,515,516,517,518,519,520,521,570,571,572,573,574,575,576,577,578,579,602,603,604,
287;0;2248;2326;0;0,1,2,3,4,5,6,10,11,12,13,14,15,16,17,18,19,22,29,36,48,85,89,90,112,117,120,135,151,167,168,216,220,248,250,267,289,304,373,374,375,376,377,378,379,380,381,382,400,401,402,403,404,405,450,510,511,512,513,514,515,516,517,518,519,520,521,570,571,572,573,574,575,576,577,578,579,602,603,604,
1;0;2326;2330;0;0,1,2,3,4,5,6,10,11,12,13,14,15,16,17,18,19,22,29,36,48,85,89,90,112,117,120,135,151,167,168,216,220,248,250,267,289,304,373,374,375,376,377,378,379,380,381,382,400,401,402,403,404,405,450,510,511,512,513,514,515,516,517,518,519,520,521,570,571,572,573,574,575,576,577,578,579,602,603,604,
1;1;2330;2395;0;0,1,2,3,4,5,6,10,11,12,13,14,15,16,17,18,19,22,29,36,48,85,89,90,112,117,120,135,151,167,168,216,220,248,250,267,289,304,373,374,375,376,377,378,379,380,381,382,400,401,402,403,404,405,450,510,511,512,513,514,515,516,517,518,519,520,521,570,571,572,573,574,575,576,577,578,579,602,603,604,
377;0;2395;2567;0;0,1,2,3,4,5,6,10,11,12,13,14,15,16,17,18,19,22,29,36,48,85,89,90,112,117,120,135,151,167,168,216,220,248,250,267,289,304,373,374,375,376,377,378,379,380,381,382,400,401,402,403,404,405,450,510,511,512,513,514,515,516,517,518,519,520,521,570,571,572,573,574,575,576,577,578,579,602,603,604,
193;0;2567;2668;0;0,1,2,3,4,5,6,10,11,12,13,14,15,16,17,18,19,22,29,36,48,85,89,90,112,117,120,135,151,167,168,216,220,248,250,267,289,304,373,374,375,376,377,378,379,380,381,382,400,401,402,403,404,405,450,510,511,512,513,514,515,516,517,518,519,520,521,570,571,572,573,574,575,576,577,578,579,602,603,604,
193;1;2668;2745;0;0,1,2,3,4,5,6,10,11,12,13,14,15,16,17,18,19,22,29,36,48,85,89,90,112,117,120,135,151,167,168,216,220,248,250,267,289,304,373,374,375,376,377,378,379,380,381,382,400,401,402,403,404,405,450,510,511,512,513,514,515,516,517,518,519,520,521,570,571,572,573,574,575,576,577,578,579,602,603,604,
347;0;2745;2917;0;0,1,2,3,4,5,6,10,11,12,13,14,15,16,17,18,19,22,29,36,48,85,89,90,112,117,120,135,151,167,168,216,220,248,250,267,289,304,373,374,375,376,377,378,379,380,381,382,400,401,402,403,404,405,450,510,511,512,513,514,515,516,517,518,519,520,521,570,571,572,573,574,575,576,577,578,579,602,603,604,
170;0;2917;2995;0;0,1,2,3,4,5,6,10,11,12,13,14,15,16,17,18,19,22,29,36,48,85,89,90,112,117,120,135,151,167,168,216,220,248,250,267,289,304,373,374,375,376,377,378,379,380,381,382,400,401,402,403,404,405,450,510,511,512,513,514,515,516,517,518,519,520,521,570,571,572,573,574,575,576,577,578,579,602,603,604,
143;0;2995;3108;0;0,1,2,3,4,5,6,10,11,12,13,14,15,16,17,18,19,22,29,36,48,85,89,90,112,117,120,135,151,167,168,216,220,248,250,267,289,304,373,374,375,376,377,378,379,380,381,382,400,401,402,403,404,405,450,510,511,512,513,514,515,516,517,518,519,520,521,570,571,572,573,574,575,576,577,578,579,602,603,604,
143;1;3108;3173;0;0,1,2,3,4,5,6,10,11,12,13,14,15,16,17,18,19,22,29,36,48,85,89,90,112,117,120,135,151,167,168,216,220,248,250,267,289,304,373,374,375,376,377,378,379,380,381,382,400,401,402,403,404,405,450,510,511,512,513,514,515,516,517,518,519,520,521,570,571,572,573,574,575,576,577,578,579,602,603,604,
166;0;3173;3241;1;0,1,2,3,4,5,6,10,11,12,13,14,15,16,17,18,19,22,29,36,48,85,89,90,112,117,120,135,151,167,168,216,220,248,250,267,289,304,373,374,375,376,377,378,379,380,381,382,400,401,402,403,404,405,450,510,511,512,513,514,515,516,517,518,519,520,521,570,571,572,573,574,575,576,577,578,579,602,603,604,
166;1;3241;3413;1;0,1,2,3,4,5,6,10,11,12,13,14,15,16,17,18,19,22,29,36,48,85,89,90,112,117,120,135,151,167,168,216,220,248,250,267,289,304,373,374,375,376,377,378,379,380,381,382,400,401,402,403,404,405,450,510,511,512,513,514,515,516,517,518,519,520,521,570,571,572,573,574,575,576,577,578,579,602,603,604,
331;0;3413;3479;1;0,1,2,3,4,5,6,10,11,12,13,14,15,16,17,18,19,22,29,36,38,44,48,85,89,90,112,115,116,117,118,119,120,121,122,123,124,135,151,167,168,211,212,213,216,220,248,250,289,304,314,315,400,401,402,403,404,405,450,485,511,514,515,516,517,518,519,520,521,562,563,564,565,566,567,568,569,602,603,604,
331;1;3479;3610;1;0,1,2,3,4,5,6,10,11,12,13,14,15,16,17,18,19,22,29,36,38,44,48,85,89,90,112,115,116,117,118,119,120,121,122,123,124,135,151,167,168,211,212,213,216,220,248,250,289,304,314,315,400,401,402,403,404,405,450,485,511,514,515,516,517,518,519,520,521,562,563,564,565,566,567,568,569,602,603,604,
236;0;3610;3734;1;0,1,2,3,4,5,6,10,11,12,13,14,15,16,17,18,19,22,29,36,38,44,48,85,89,90,112,115,116,117,118,119,120,121,122,123,124,135,151,167,168,211,212,213,216,220,248,250,289,304,314,315,400,401,402,403,404,405,450,485,511,514,515,516,517,518,519,520,521,562,563,564,565,566,567,568,569,602,603,604,
236;1;3734;3811;1;0,1,2,3,4,5,6,10,11,12,13,14,15,16,17,18,19,22,29,36,38,44,48,85,89,90,112,115,116,117,118,119,120,121,122,123,124,135,151,167,168,211,212,213,216,220,248,250,289,304,314,315,400,401,402,403,404,405,450,485,511,514,515,516,517,518,519,520,521,562,563,564,565,566,567,568,569,602,603,604,
16;0;3811;3906;1;0,1,2,3,4,5,6,10,11,12,13,14,15,16,17,18,19,22,29,36,38,44,48,85,89,90,112,115,116,117,118,119,120,121,122,123,124,135,151,167,168,211,212,213,216,220,248,250,289,304,314,315,400,401,402,403,404,405,450,485,511,514,515,516,517,518,519,520,521,562,563,564,565,566,567,568,569,602,603,604,
16;1;3906;4003;1;0,1,2,3,4,5,6,10,11,12,13,14,15,16,17,18,19,22,29,36,38,44,48,85,89,90,112,115,116,117,118,119,120,121,122,123,124,135,151,167,168,211,212,213,216,220,248,250,289,304,314,315,400,401,402,403,404,405,450,485,511,514,515,516,517,518,519,520,521,562,563,564,565,566,567,568,569,602,603,604,
299;0;4003;4063;1;0,1,2,3,4,5,6,10,11,12,13,14,15,16,17,18,19,22,29,36,38,44,48,85,89,90,112,115,116,117,118,119,120,121,122,123,124,135,151,167,168,211,212,213,216,220,248,250,289,304,314,315,400,401,402,403,404,405,450,485,511,514,515,516,517,518,519,520,521,562,563,564,565,566,567,568,569,602,603,604,
299;1;4063;4160;1;0,1,2,3,4,5,6,10,11,12,13,14,15,16,17,18,19,22,29,36,38,44,48,85,89,90,112,115,116,117,118,119,120,121,122,123,124,135,151,167,168,211,212,213,216,220,248,250,289,304,314,315,400,401,402,403,404,405,450,485,511,514,515,516,517,518,519,520,521,562,563,564,565,566,567,568,569,602,603,604,
349;0;4160;4238;1;0,1,2,3,4,5,6,10,11,12,13,14,15,16,17,18,19,22,29,36,38,44,48,85,89,90,112,115,116,117,118,119,120,121,122,123,124,135,151,167,168,211,212,213,216,220,248,250,289,304,314,315,400,401,402,403,404,405,450,485,511,514,515,516,517,518,519,520,521,562,563,564,565,566,567,568,569,602,603,604,
349;1;4238;4347;1;0,1,2,3,4,5,6,10,11,12,13,14,15,16,17,18,19,22,29,36,38,44,48,85,89,90,112,115,116,117,118,119,120,121,122,123,124,135,151,167,168,211,212,213,216,220,248,250,289,304,314,315,400,401,402,403,404,405,450,485,511,514,515,516,517,518,519,520,521,562,563,564,565,566,567,568,569,602,603,604,
296;0;4347;4512;1;0,1,2,3,4,5,6,10,11,12,13,14,15,16,17,18,19,22,29,36,38,44,48,85,89,90,112,115,116,117,118,119,120,121,122,123,124,135,151,167,168,211,212,213,216,220,248,250,289,304,314,315,400,401,402,403,404,405,450,485,511,514,515,516,517,518,519,520,521,562,563,564,565,566,567,568,569,602,603,604,
296;1;4512;4561;1;0,1,2,3,4,5,6,10,11,12,13,14,15,16,17,18,19,22,29,36,38,44,48,85,89,90,112,115,116,117,118,119,120,121,122,123,124,135,151,167,168,211,212,213,216,220,248,250,289,304,314,315,400,401,402,403,404,405,450,485,511,514,515,516,517,518,519,520,521,562,563,564,565,566,567,568,569,602,603,604,
155;0;4561;4692;0;0,1,2,3,4,5,6,10,11,12,13,14,15,16,17,18,19,22,29,36,38,44,48,85,89,90,112,115,116,117,118,119,120,121,122,123,124,135,151,167,168,211,212,213,216,220,248,250,289,304,314,315,400,401,402,403,404,405,450,485,511,514,515,516,517,518,519,520,521,562,563,564,565,566,567,568,569,602,603,604,
158;0;4692;4743;0;0,1,2,3,4,5,6,10,11,12,13,14,15,16,17,18,19,22,29,36,38,44,48,85,89,90,112,115,116,117,118,119,120,121,122,123,124,135,151,167,168,211,212,213,216,220,248,250,289,304,314,315,400,401,402,403,404,405,450,485,511,514,515,516,517,518,519,520,521,562,563,564,565,566,567,568,569,602,603,604,
158;1;4743;4837;0;0,1,2,3,4,5,6,10,11,12,13,14,15,16,17,18,19,22,29,36,38,44,48,85,89,90,112,115,116,117,118,119,120,121,122,123,124,135,151,167,168,211,212,213,216,220,248,250,289,304,314,315,400,401,402,403,404,405,450,485,511,514,515,516,517,518,519,520,521,562,563,564,565,566,567,568,569,602,603,604,
208;0;4837;4952;0;0,1,2,3,4,5,6,10,11,12,13,14,15,16,17,18,19,22,29,36,38,44,48,85,89,90,112,115,116,117,118,119,120,121,122,123,124,135,151,167,168,211,212,213,216,220,248,250,289,304,314,315,400,401,402,403,404,405,450,485,511,514,515,516,517,518,519,520,521,562,563,564,565,566,567,568,569,602,603,604,
208;1;4952;4996;0;0,1,2,3,4,5,6,10,11,12,13,14,15,16,17,18,19,22,29,36,38,44,48,85,89,90,112,115,116,117,118,119,120,121,122,123,124,135,151,167,168,211,212,213,216,220,248,250,289,304,314,315,400,401,402,403,404,405,450,485,511,514,515,516,517,518,519,520,521,562,563,564,565,566,567,568,569,602,603,604,
183;0;4996;5045;0;0,1,2,3,4,5,6,10,11,12,13,14,15,16,17,18,19,22,29,36,38,44,48,85,89,90,112,115,116,117,118,119,120,121,122,123,124,135,151,167,168,211,212,213,216,220,248,250,289,304,314,315,400,401,402,403,404,405,450,485,511,514,515,516,517,518,519,520,521,562,563,564,565,566,567,568,569,602,603,604,
183;1;5045;5176;0;0,1,2,3,4,5,6,10,11,12,13,14,15,16,17,18,19,22,29,36,38,44,48,85,89,90,112,115,116,117,118,119,120,121,122,123,124,135,151,167,168,211,212,213,216,220,248,250,289,304,314,315,400,401,402,403,404,405,450,485,511,514,515,516,517,518,519,520,521,562,563,564,565,566,567,568,569,602,603,604,
22;0;5176;5285;0;0,1,2,3,4,5,6,10,11,12,13,14,15,16,17,18,19,22,29,36,38,44,48,85,89,90,112,115,116,117,118,119,120,121,122,123,124,135,151,167,168,211,212,213,216,220,248,250,289,304,314,315,400,401,402,403,404,405,450,485,511,514,515,516,517,518,519,520,521,562,563,564,565,566,567,568,569,602,603,604,
64;0;5285;5454;1;0,1,2,3,4,5,6,10,11,12,13,14,15,16,17,18,19,22,29,36,38,44,48,85,89,90,112,115,116,117,118,119,120,121,122,123,124,135,151,167,168,211,212,213,216,220,248,250,289,304,314,315,400,401,402,403,404,405,450,485,511,514,515,516,517,518,519,520,521,562,563,564,565,566,567,568,569,602,603,604,
64;1;5454;5519;1;0,1,2,3,4,5,6,10,11,12,13,14,15,16,17,18,19,22,29,36,38,44,48,85,89,90,112,115,116,117,118,119,120,121,122,123,124,135,151,167,168,211,212,213,216,220,248,250,289,304,314,315,400,401,402,403,404,405,450,485,511,514,515,516,517,518,519,520,521,562,563,564,565,566,567,568,569,602,603,604,
58;0;5519;5674;0;0,1,2,3,4,5,6,10,11,12,13,14,15,16,17,18,19,22,29,36,38,44,48,85,89,90,112,115,116,117,118,119,120,121,122,123,124,135,151,167,168,211,212,213,216,220,248,250,289,304,314,315,400,401,402,403,404,405,450,485,511,514,515,516,517,518,519,520,521,562,563,564,565,566,567,568,569,602,603,604,
58;1;5674;5751;0;0,1,2,3,4,5,6,10,11,12,13,14,15,16,17,18,19,22,29,36,38,44,48,85,89,90,112,115,116,117,118,119,120,121,122,123,124,135,151,167,168,211,212,213,216,220,248,250,289,304,314,315,400,401,402,403,404,405,450,485,511,514,515,516,517,518,519,520,521,562,563,564,565,566,567,568,569,602,603,604,
279;0;5751;5912;1;0,1,2,3,4,5,6,10,11,12,13,14,15,16,17,18,19,22,29,36,38,44,48,85,89,90,112,115,116,117,118,119,120,121,122,123,124,135,151,167,168,211,212,213,216,220,248,250,289,304,314,315,400,401,402,403,404,405,450,485,511,514,515,516,517,518,519,520,521,562,563,564,565,566,567,568,569,602,603,604,
279;1;5912;6006;1;0,1,2,3,4,5,6,10,11,12,13,14,15,16,17,18,19,22,29,36,38,44,48,85,89,90,112,115,116,117,118,119,120,121,122,123,124,135,151,167,168,211,212,213,216,220,248,250,289,304,314,315,400,401,402,403,404,405,450,485,511,514,515,516,517,518,519,520,521,562,563,564,565,566,567,568,569,602,603,604,
85;0;6006;6033;0;0,1,2,3,4,5,6,10,11,12,13,14,15,16,17,18,19,22,29,36,38,44,48,85,89,90,112,115,116,117,118,119,120,121,122,123,124,135,151,167,168,211,212,213,216,220,248,250,289,304,314,315,400,401,402,403,404,405,450,485,511,514,515,516,517,518,519,520,521,562,563,564,565,566,567,568,569,602,603,604,
258;0;6033;6065;0;0,1,2,3,4,5,6,10,11,12,13,14,15,16,17,18,19,22,29,36,38,44,48,85,89,90,112,115,116,117,118,119,120,121,122,123,124,135,151,167,168,211,212,213,216,220,248,250,289,304,314,315,400,401,402,403,404,405,450,485,511,514,515,516,517,518,519,520,521,562,563,564,565,566,567,568,569,602,603,604,
258;1;6065;6159;0;0,1,2,3,4,5,6,10,11,12,13,14,15,16,17,18,19,22,29,36,38,44,48,85,89,90,112,115,116,117,118,119,120,121,122,123,124,135,151,167,168,211,212,213,216,220,248,250,289,304,314,315,400,401,402,403,404,405,450,485,511,514,515,516,517,518,519,520,521,562,563,564,565,566,567,568,569,602,603,604,
249;0;6159;6174;1;0,1,2,3,4,5,6,10,11,12,13,14,15,16,17,18,19,22,29,36,38,44,48,85,89,90,112,115,116,117,118,119,120,121,122,123,124,135,151,167,168,211,212,213,216,220,248,250,289,304,314,315,400,401,402,403,404,405,450,485,511,514,515,516,517,518,519,520,521,562,563,564,565,566,567,568,569,602,603,604,
249;1;6174;6251;1;0,1,2,3,4,5,6,10,11,12,13,14,15,16,17,18,19,22,29,36,38,44,48,85,89,90,112,115,116,117,118,119,120,121,122,123,124,135,151,167,168,211,212,213,216,220,248,250,289,304,314,315,400,401,402,403,404,405,450,485,511,514,515,516,517,518,519,520,521,562,563,564,565,566,567,568,569,602,603,604,
108;0;6251;6324;0;0,1,2,3,4,5,6,10,11,12,13,14,15,16,17,18,19,22,29,36,38,44,48,85,89,90,112,115,116,117,118,119,120,121,122,123,124,135,151,167,168,211,212,213,216,220,248,250,289,304,314,315,400,401,402,403,404,405,450,485,511,514,515,516,517,518,519,520,521,562,563,564,565,566,567,568,569,602,603,604,
108;1;6324;6401;0;0,1,2,3,4,5,6,10,11,12,13,14,15,16,17,18,19,22,29,36,38,44,48,85,89,90,112,115,116,117,118,119,120,121,122,123,124,135,151,167,168,211,212,213,216,220,248,250,289,304,314,315,400,401,402,403,404,405,450,485,511,514,515,516,517,518,519,520,521,562,563,564,565,566,567,568,569,602,603,604,
174;0;6401;6522;1;36,38,44,48,77,81,85,89,98,99,100,101,103,105,113,115,116,117,118,119,120,121,122,123,124,132,135,151,153,154,169,170,211,212,213,216,246,286,288,301,312,388,397,421,450,461,462,463,470,485,489,502,511,514,515,516,517,518,519,520,521,562,563,564,565,566,567,568,569,586,587,588,683,684,685,686,687,778,779,780,
174;1;6522;6670;1;36,38,44,48,77,81,85,89,98,99,100,101,103,105,113,115,116,117,118,119,120,121,122,123,124,132,135,151,153,154,169,170,211,212,213,216,246,286,288,301,312,388,397,421,450,461,462,463,470,485,489,502,511,514,515,516,517,518,519,520,521,562,563,564,565,566,567,568,569,586,587,588,683,684,685,686,687,778,779,780,
247;0;6670;6719;0;36,38,44,48,77,81,85,89,98,99,100,101,103,105,113,115,116,117,118,119,120,121,122,123,124,132,135,151,153,154,169,170,211,212,213,216,246,286,288,301,312,388,397,421,450,461,462,463,470,485,489,502,511,514,515,516,517,518,519,520,521,562,563,564,565,566,567,568,569,586,587,588,683,684,685,686,687,778,779,780,
351;0;6719;6748;1;36,38,44,48,77,81,85,89,98,99,100,101,103,105,113,115,116,117,118,119,120,121,122,123,124,132,135,151,153,154,169,170,211,212,213,216,246,286,288,301,312,388,397,421,450,461,462,463,470,485,489,502,511,514,515,516,517,518,519,520,521,562,563,564,565,566,567,568,569,586,587,588,683,684,685,686,687,778,779,780,
351;1;6748;6810;1;36,38,44,48,77,81,85,89,98,99,100,101,103,105,113,115,116,117,118,119,120,121,122,123,124,132,135,151,153,154,169,170,211,212,213,216,246,286,288,301,312,388,397,421,450,461,462,463,470,485,489,502,511,514,515,516,517,518,519,520,521,562,563,564,565,566,567,568,569,586,587,588,683,684,685,686,687,778,779,780,
292;0;6810;6979;0;36,38,44,48,77,81,85,89,98,99,100,101,103,105,113,115,116,117,118,119,120,121,122,123,124,132,135,151,153,154,169,170,211,212,213,216,246,286,288,301,312,388,397,421,450,461,462,463,470,485,489,502,511,514,515,516,517,518,519,520,521,562,563,564,565,566,567,568,569,586,587,588,683,684,685,686,687,778,779,780,
29;0;6979;7000;1;36,38,44,48,77,81,85,89,98,99,100,101,103,105,113,115,116,117,118,119,120,121,122,123,124,132,135,151,153,154,169,170,211,212,213,216,246,286,288,301,312,388,397,421,450,461,462,463,470,485,489,502,511,514,515,516,517,518,519,520,521,562,563,564,565,566,567,568,569,586,587,588,683,684,685,686,687,778,779,780,
29;1;7000;7044;1;36,38,44,48,77,81,85,89,98,99,100,101,103,105,113,115,116,117,118,119,120,121,122,123,124,132,135,151,153,154,169,170,211,212,213,216,246,286,288,301,312,388,397,421,450,461,462,463,470,485,489,502,511,514,515,516,517,518,519,520,521,562,563,564,565,566,567,568,569,586,587,588,683,684,685,686,687,778,779,780,
271;0;7044;7204;1;36,38,44,48,77,81,85,89,98,99,100,101,103,105,113,115,116,117,118,119,120,121,122,123,124,132,135,151,153,154,169,170,211,212,213,216,246,286,288,301,312,388,397,421,450,461,462,463,470,485,489,502,511,514,515,516,517,518,519,520,521,562,563,564,565,566,567,568,569,586,587,588,683,684,685,686,687,778,779,780,
271;1;7204;7352;1;36,38,44,48,77,81,85,89,98,99,100,101,103,105,113,115,116,117,118,119,120,121,122,123,124,132,135,151,153,154,169,170,211,212,213,216,246,286,288,301,312,388,397,421,450,461,462,463,470,485,489,502,511,514,515,516,517,518,519,520,521,562,563,564,565,566,567,568,569,586,587,588,683,684,685,686,687,778,779,780,
355;0;7352;7414;0;36,38,44,48,77,81,85,89,98,99,100,101,103,105,113,115,116,117,118,119,120,121,122,123,124,132,135,151,153,154,169,170,211,212,213,216,246,286,288,301,312,388,397,421,450,461,462,463,470,485,489,502,511,514,515,516,517,518,519,520,521,562,563,564,565,566,567,568,569,586,587,588,683,684,685,686,687,778,779,780,
107;0;7414;7426;0;36,38,44,48,77,81,85,89,98,99,100,101,103,105,113,115,116,117,118,119,120,121,122,123,124,132,135,151,153,154,169,170,211,212,213,216,246,286,288,301,312,388,397,421,450,461,462,463,470,485,489,502,511,514,515,516,517,518,519,520,521,562,563,564,565,566,567,568,569,586,587,588,683,684,685,686,687,778,779,780,
185;0;7426;7574;0;36,38,44,48,77,81,85,89,98,99,100,101,103,105,113,115,116,117,118,119,120,121,122,123,124,132,135,151,153,154,169,170,211,212,213,216,246,286,288,301,312,388,397,421,450,461,462,463,470,485,489,502,511,514,515,516,517,518,519,520,521,562,563,564,565,566,567,568,569,586,587,588,683,684,685,686,687,778,779,780,
335;0;7574;7668;0;36,38,44,48,77,81,85,89,98,99,100,101,103,105,113,115,116,117,118,119,120,121,122,123,124,132,135,151,153,154,169,170,211,212,213,216,246,286,288,301,312,388,397,421,450,461,462,463,470,485,489,502,511,514,515,516,517,518,519,520,521,562,563,564,565,566,567,568,569,586,587,588,683,684,685,686,687,778,779,780,
34;0;7668;7815;1;36,38,44,48,77,81,85,89,98,99,100,101,103,105,113,115,116,117,118,119,120,121,122,123,124,132,135,151,153,154,169,170,211,212,213,216,246,286,288,301,312,388,397,421,450,461,462,463,470,485,489,502,511,514,515,516,517,518,519,520,521,562,563,564,565,566,567,568,569,586,587,588,683,684,685,686,687,778,779,780,
34;1;7815;7864;1;36,38,44,48,77,81,85,89,98,99,100,101,103,105,113,115,116,117,118,119,120,121,122,123,124,132,135,151,153,154,169,170,211,212,213,216,246,286,288,301,312,388,397,421,450,461,462,463,470,485,489,502,511,514,515,516,517,518,519,520,521,562,563,564,565,566,567,568,569,586,587,588,683,684,685,686,687,778,779,780,
371;0;7864;7868;1;36,38,44,48,77,81,85,89,98,99,100,101,103,105,113,115,116,117,118,119,120,121,122,123,124,132,135,151,153,154,169,170,211,212,213,216,246,286,288,301,312,388,397,421,450,461,462,463,470,485,489,502,511,514,515,516,517,518,519,520,521,562,563,564,565,566,567,568,569,586,587,588,683,684,685,686,687,778,779,780,
371;1;7868;7999;1;36,38,44,48,77,81,85,89,98,99,100,101,103,105,113,115,116,117,118,119,120,121,122,123,124,132,135,151,153,154,169,170,211,212,213,216,246,286,288,301,312,388,397,421,450,461,462,463,470,485,489,502,511,514,515,516,517,518,519,520,521,562,563,564,565,566,567,568,569,586,587,588,683,684,685,686,687,778,779,780,
150;0;7999;8151;0;36,38,44,48,77,81,85,89,98,99,100,101,103,105,113,115,116,117,118,119,120,121,122,123,124,132,135,151,153,154,169,170,211,212,213,216,246,286,288,301,312,388,397,421,450,461,462,463,470,485,489,502,511,514,515,516,517,518,519,520,521,562,563,564,565,566,567,568,569,586,587,588,683,684,685,686,687,778,779,780,
182;0;8151;8245;0;36,38,44,48,77,81,85,89,98,99,100,101,103,105,113,115,116,117,118,119,120,121,122,123,124,132,135,151,153,154,169,170,211,212,213,216,246,286,288,301,312,388,397,421,450,461,462,463,470,485,489,502,511,514,515,516,517,518,519,520,521,562,563,564,565,566,567,568,569,586,587,588,683,684,685,686,687,778,779,780,
181;0;8245;8332;1;36,38,44,48,77,81,85,89,98,99,100,101,103,105,113,115,116,117,118,119,120,121,122,123,124,132,135,151,153,154,169,170,211,212,213,216,246,286,288,301,312,388,397,421,450,461,462,463,470,485,489,502,511,514,515,516,517,518,519,520,521,562,563,564,565,566,567,568,569,586,587,588,683,684,685,686,687,778,779,780,
181;1;8332;8432;1;36,38,44,48,77,81,85,89,98,99,100,101,103,105,113,115,116,117,118,119,120,121,122,123,124,132,135,151,153,154,169,170,211,212,213,216,246,286,288,301,312,388,397,421,450,461,462,463,470,485,489,502,511,514,515,516,517,518,519,520,521,562,563,564,565,566,567,568,569,586,587,588,683,684,685,686,687,778,779,780,
277;0;8432;8584;0;36,38,44,48,77,81,85,89,98,99,100,101,103,105,113,115,116,117,118,119,120,121,122,123,124,132,135,151,153,154,169,170,211,212,213,216,246,286,288,301,312,388,397,421,450,461,462,463,470,485,489,502,511,514,515,516,517,518,519,520,521,562,563,564,565,566,567,568,569,586,587,588,683,684,685,686,687,778,779,780,
223;0;8584;8756;0;36,38,44,48,77,81,85,89,98,99,100,101,103,105,113,115,116,117,118,119,120,121,122,123,124,132,135,151,153,154,169,170,211,212,213,216,246,286,288,301,312,388,397,421,450,461,462,463,470,485,489,502,511,514,515,516,517,518,519,520,521,562,563,564,565,566,567,568,569,586,587,588,683,684,685,686,687,778,779,780,
223;1;8756;8768;0;36,38,44,48,77,81,85,89,98,99,100,101,103,105,113,115,116,117,118,119,120,121,122,123,124,132,135,151,153,154,169,170,211,212,213,216,246,286,288,301,312,388,397,421,450,461,462,463,470,485,489,502,511,514,515,516,517,518,519,520,521,562,563,564,565,566,567,568,569,586,587,588,683,684,685,686,687,778,779,780,
276;0;8768;8859;1;36,38,44,48,77,81,85,89,98,99,100,101,103,105,113,115,116,117,118,119,120,121,122,123,124,132,135,151,153,154,169,170,211,212,213,216,246,286,288,301,312,388,397,421,450,461,462,463,470,485,489,502,511,514,515,516,517,518,519,520,521,562,563,564,565,566,567,568,569,586,587,588,683,684,685,686,687,778,779,780,
276;1;8859;8921;1;36,38,44,48,77,81,85,89,98,99,100,101,103,105,113,115,116,117,118,119,120,121,122,123,124,132,135,151,153,154,169,170,211,212,213,216,246,286,288,301,312,388,397,421,450,461,462,463,470,485,489,502,511,514,515,516,517,518,519,520,521,562,563,564,565,566,567,568,569,586,587,588,683,684,685,686,687,778,779,780,
272;0;8921;8933;0;36,38,44,48,77,81,85,89,98,99,100,101,103,105,113,115,116,117,118,119,120,121,122,123,124,132,135,151,153,154,169,170,211,212,213,216,246,286,288,301,312,388,397,421,450,461,462,463,470,485,489,502,511,514,515,516,517,518,519,520,521,562,563,564,565,566,567,568,569,586,587,588,683,684,685,686,687,778,779,780,
380;0;8933;8945;0;36,38,44,48,77,81,85,89,98,99,100,101,103,105,113,115,116,117,118,119,120,121,122,123,124,132,135,151,153,154,169,170,211,212,213,216,246,286,288,301,312,388,397,421,450,461,462,463,470,485,489,502,511,514,515,516,517,518,519,520,521,562,563,564,565,566,567,568,569,586,587,588,683,684,685,686,687,778,779,780,
103;0;8945;8998;0;36,38,44,48,77,81,85,89,98,99,100,101,103,105,113,115,116,117,118,119,120,121,122,123,124,132,135,151,153,154,169,170,211,212,213,216,246,286,288,301,312,388,397,421,450,461,462,463,470,485,489,502,511,514,515,516,517,518,519,520,521,562,563,564,565,566,567,568,569,586,587,588,683,684,685,686,687,778,779,780,
103;1;8998;9060;0;36,38,44,48,77,81,85,89,98,99,100,101,103,105,113,115,116,117,118,119,120,121,122,123,124,132,135,151,153,154,169,170,211,212,213,216,246,286,288,301,312,388,397,421,450,461,462,463,470,485,489,502,511,514,515,516,517,518,519,520,521,562,563,564,565,566,567,568,569,586,587,588,683,684,685,686,687,778,779,780,
176;0;9060;9172;1;36,38,44,48,77,81,85,89,98,99,100,101,103,105,113,115,116,117,118,119,120,121,122,123,124,132,135,151,153,154,169,170,211,212,213,216,246,286,288,301,312,388,397,421,450,461,462,463,470,485,489,502,511,514,515,516,517,518,519,520,521,562,563,564,565,566,567,568,569,586,587,588,683,684,685,686,687,778,779,780,
176;1;9172;9269;1;36,38,44,48,77,81,85,89,98,99,100,101,103,105,113,115,116,117,118,119,120,121,122,123,124,132,135,151,153,154,169,170,211,212,213,216,246,286,288,301,312,388,397,421,450,461,462,463,470,485,489,502,511,514,515,516,517,518,519,520,521,562,563,564,565,566,567,568,569,586,587,588,683,684,685,686,687,778,779,780,
242;0;9269;9318;0;36,38,44,48,77,81,85,89,98,99,100,101,103,105,113,115,116,117,118,119,120,121,122,123,124,132,135,151,153,154,169,170,211,212,213,216,246,286,288,301,312,388,397,421,450,461,462,463,470,485,489,502,511,514,515,516,517,518,519,520,521,562,563,564,565,566,567,568,569,586,587,588,683,684,685,686,687,778,779,780,
198;0;9318;9486;0;36,38,44,48,77,81,85,89,98,99,100,101,103,105,113,115,116,117,118,119,120,121,122,123,124,132,135,151,153,154,169,170,211,212,213,216,246,286,288,301,312,388,397,421,450,461,462,463,470,485,489,502,511,514,515,516,517,518,519,520,521,562,563,564,565,566,567,568,569,586,587,588,683,684,685,686,687,778,779,780,
198;1;9486;9617;0;36,38,44,48,77,81,85,89,98,99,100,101,103,105,113,115,116,117,118,119,120,121,122,123,124,132,135,151,153,154,169,170,211,212,213,216,246,286,288,301,312,388,397,421,450,461,462,463,470,485,489,502,511,514,515,516,517,518,519,520,521,562,563,564,565,566,567,568,569,586,587,588,683,684,685,686,687,778,779,780,
Machine: 1
114;0;0;29;1;27,36,38,80,81,82,83,84,85,86,87,88,90,98,99,100,101,102,103,105,106,135,151,155,171,191,194,216,218,238,244,337,338,339,340,341,342,343,344,345,346,351,352,353,354,355,356,357,358,359,360,383,384,385,434,435,436,437,438,439,464,465,466,467,477,478,479,480,481,482,483,505,506,624,625,626,627,628,629,630,
114;1;29;110;1;27,36,38,80,81,82,83,84,85,86,87,88,90,98,99,100,101,102,103,105,106,135,151,155,171,191,194,216,218,238,244,337,338,339,340,341,342,343,344,345,346,351,352,353,354,355,356,357,358,359,360,383,384,385,434,435,436,437,438,439,464,465,466,467,477,478,479,480,481,482,483,505,506,624,625,626,627,628,629,630,
305;0;110;286;0;27,36,38,80,81,82,83,84,85,86,87,88,90,98,99,100,101,102,103,105,106,135,151,155,171,191,194,216,218,238,244,337,338,339,340,341,342,343,344,345,346,351,352,353,354,355,356,357,358,359,360,383,384,385,434,435,436,437,438,439,464,465,466,467,477,478,479,480,481,482,483,505,506,624,625,626,627,628,629,630,
137;0;286;466;0;27,36,38,80,81,82,83,84,85,86,87,88,90,98,99,100,101,102,103,105,106,135,151,155,171,191,194,216,218,238,244,337,338,339,340,341,342,343,344,345,346,351,352,353,354,355,356,357,358,359,360,383,384,385,434,435,436,437,438,439,464,465,466,467,477,478,479,480,481,482,483,505,506,624,625,626,627,628,629,630,
121;0;466;510;1;27,36,38,80,81,82,83,84,85,86,87,88,90,98,99,100,101,102,103,105,106,135,151,155,171,191,194,216,218,238,244,337,338,339,340,341,342,343,344,345,346,351,352,353,354,355,356,357,358,359,360,383,384,385,434,435,436,437,438,439,464,465,466,467,477,478,479,480,481,482,483,505,506,624,625,626,627,628,629,630,
121;1;510;563;1;27,36,38,80,81,82,83,84,85,86,87,88,90,98,99,100,101,102,103,105,106,135,151,155,171,191,194,216,218,238,244,337,338,339,340,341,342,343,344,345,346,351,352,353,354,355,356,357,358,359,360,383,384,385,434,435,436,437,438,439,464,465,466,467,477,478,479,480,481,482,483,505,506,624,625,626,627,628,629,630,
286;0;563;702;1;27,36,38,80,81,82,83,84,85,86,87,88,90,98,99,100,101,102,103,105,106,135,151,155,171,191,194,216,218,238,244,337,338,339,340,341,342,343,344,345,346,351,352,353,354,355,356,357,358,359,360,383,384,385,434,435,436,437,438,439,464,465,466,467,477,478,479,480,481,482,483,505,506,624,625,626,627,628,629,630,
286;1;702;716;1;27,36,38,80,81,82,83,84,85,86,87,88,90,98,99,100,101,102,103,105,106,135,151,155,171,191,194,216,218,238,244,337,338,339,340,341,342,343,344,345,346,351,352,353,354,355,356,357,358,359,360,383,384,385,434,435,436,437,438,439,464,465,466,467,477,478,479,480,481,482,483,505,506,624,625,626,627,628,629,630,
298;0;716;861;0;27,36,38,80,81,82,83,84,85,86,87,88,90,98,99,100,101,102,103,105,106,135,151,155,171,191,194,216,218,238,244,337,338,339,340,341,342,343,344,345,346,351,352,353,354,355,356,357,358,359,360,383,384,385,434,435,436,437,438,439,464,465,466,467,477,478,479,480,481,482,483,505,506,624,625,626,627,628,629,630,
298;1;861;982;0;27,36,38,80,81,82,83,84,85,86,87,88,90,98,99,100,101,102,103,105,106,135,151,155,171,191,194,216,218,238,244,337,338,339,340,341,342,343,344,345,346,351,352,353,354,355,356,357,358,359,360,383,384,385,434,435,436,437,438,439,464,465,466,467,477,478,479,480,481,482,483,505,506,624,625,626,627,628,629,630,
75;0;982;1097;0;27,36,38,80,81,82,83,84,85,86,87,88,90,98,99,100,101,102,103,105,106,135,151,155,171,191,194,216,218,238,244,337,338,339,340,341,342,343,344,345,346,351,352,353,354,355,356,357,358,359,360,383,384,385,434,435,436,437,438,439,464,465,466,467,477,478,479,480,481,482,483,505,506,624,625,626,627,628,629,630,
336;0;1097;1166;1;27,36,38,80,81,82,83,84,85,86,87,88,90,98,99,100,101,102,103,105,106,135,151,155,171,191,194,216,218,238,244,337,338,339,340,341,342,343,344,345,346,351,352,353,354,355,356,357,358,359,360,383,384,385,434,435,436,437,438,439,464,465,466,467,477,478,479,480,481,482,483,505,506,624,625,626,627,628,629,630,
336;1;1166;1199;1;27,36,38,80,81,82,83,84,85,86,87,88,90,98,99,100,101,102,103,105,106,135,151,155,171,191,194,216,218,238,244,337,338,339,340,341,342,343,344,345,346,351,352,353,354,355,356,357,358,359,360,383,384,385,434,435,436,437,438,439,464,465,466,467,477,478,479,480,481,482,483,505,506,624,625,626,627,628,629,630,
69;0;1199;1378;1;27,36,38,80,81,82,83,84,85,86,87,88,90,98,99,100,101,102,103,105,106,135,151,155,171,191,194,216,218,238,244,337,338,339,340,341,342,343,344,345,346,351,352,353,354,355,356,357,358,359,360,383,384,385,434,435,436,437,438,439,464,465,466,467,477,478,479,480,481,482,483,505,506,624,625,626,627,628,629,630,
69;1;1378;1411;1;27,36,38,80,81,82,83,84,85,86,87,88,90,98,99,100,101,102,103,105,106,135,151,155,171,191,194,216,218,238,244,337,338,339,340,341,342,343,344,345,346,351,352,353,354,355,356,357,358,359,360,383,384,385,434,435,436,437,438,439,464,465,466,467,477,478,479,480,481,482,483,505,506,624,625,626,627,628,629,630,
11;0;1411;1554;1;27,36,38,80,81,82,83,84,85,86,87,88,90,98,99,100,101,102,103,105,106,135,151,155,171,191,194,216,218,238,244,337,338,339,340,341,342,343,344,345,346,351,352,353,354,355,356,357,358,359,360,383,384,385,434,435,436,437,438,439,464,465,466,467,477,478,479,480,481,482,483,505,506,624,625,626,627,628,629,630,
11;1;1554;1568;1;27,36,38,80,81,82,83,84,85,86,87,88,90,98,99,100,101,102,103,105,106,135,151,155,171,191,194,216,218,238,244,337,338,339,340,341,342,343,344,345,346,351,352,353,354,355,356,357,358,359,360,383,384,385,434,435,436,437,438,439,464,465,466,467,477,478,479,480,481,482,483,505,506,624,625,626,627,628,629,630,
184;0;1568;1705;1;27,36,38,80,81,82,83,84,85,86,87,88,90,98,99,100,101,102,103,105,106,135,151,155,171,191,194,216,218,238,244,337,338,339,340,341,342,343,344,345,346,351,352,353,354,355,356,357,358,359,360,383,384,385,434,435,436,437,438,439,464,465,466,467,477,478,479,480,481,482,483,505,506,624,625,626,627,628,629,630,
184;1;1705;1881;1;27,36,38,80,81,82,83,84,85,86,87,88,90,98,99,100,101,102,103,105,106,135,151,155,171,191,194,216,218,238,244,337,338,339,340,341,342,343,344,345,346,351,352,353,354,355,356,357,358,359,360,383,384,385,434,435,436,437,438,439,464,465,466,467,477,478,479,480,481,482,483,505,506,624,625,626,627,628,629,630,
343;0;1881;1953;0;27,36,38,80,81,82,83,84,85,86,87,88,90,98,99,100,101,102,103,105,106,135,151,155,171,191,194,216,218,238,244,337,338,339,340,341,342,343,344,345,346,351,352,353,354,355,356,357,358,359,360,383,384,385,434,435,436,437,438,439,464,465,466,467,477,478,479,480,481,482,483,505,506,624,625,626,627,628,629,630,
343;1;1953;2073;0;27,36,38,80,81,82,83,84,85,86,87,88,90,98,99,100,101,102,103,105,106,135,151,155,171,191,194,216,218,238,244,337,338,339,340,341,342,343,344,345,346,351,352,353,354,355,356,357,358,359,360,383,384,385,434,435,436,437,438,439,464,465,466,467,477,478,479,480,481,482,483,505,506,624,625,626,627,628,629,630,
200;0;2073;2228;0;0,2,3,4,27,33,36,37,38,80,81,82,83,84,85,87,88,90,98,99,100,101,102,103,104,105,106,107,113,125,131,135,151,155,170,171,191,194,201,216,218,245,246,247,286,287,383,384,385,464,465,466,467,477,478,479,480,481,482,483,605,624,625,626,627,628,629,630,734,735,736,737,738,739,740,741,742,743,744,745,
39;0;2228;2401;1;0,2,3,4,27,33,36,37,38,80,81,82,83,84,85,87,88,90,98,99,100,101,102,103,104,105,106,107,113,125,131,135,151,155,170,171,191,194,201,216,218,245,246,247,286,287,383,384,385,464,465,466,467,477,478,479,480,481,482,483,605,624,625,626,627,628,629,630,734,735,736,737,738,739,740,741,742,743,744,745,
39;1;2401;2552;1;0,2,3,4,27,33,36,37,38,80,81,82,83,84,85,87,88,90,98,99,100,101,102,103,104,105,106,107,113,125,131,135,151,155,170,171,191,194,201,216,218,245,246,247,286,287,383,384,385,464,465,466,467,477,478,479,480,481,482,483,605,624,625,626,627,628,629,630,734,735,736,737,738,739,740,741,742,743,744,745,
111;0;2552;2690;1;0,2,3,4,27,33,36,37,38,80,81,82,83,84,85,87,88,90,98,99,100,101,102,103,104,105,106,107,113,125,131,135,151,155,170,171,191,194,201,216,218,245,246,247,286,287,383,384,385,464,465,466,467,477,478,479,480,481,482,483,605,624,625,626,627,628,629,630,734,735,736,737,738,739,740,741,742,743,744,745,
111;1;2690;2713;1;0,2,3,4,27,33,36,37,38,80,81,82,83,84,85,87,88,90,98,99,100,101,102,103,104,105,106,107,113,125,131,135,151,155,170,171,191,194,201,216,218,245,246,247,286,287,383,384,385,464,465,466,467,477,478,479,480,481,482,483,605,624,625,626,627,628,629,630,734,735,736,737,738,739,740,741,742,743,744,745,
346;0;2713;2872;1;0,2,3,4,27,33,36,37,38,80,81,82,83,84,85,87,88,90,98,99,100,101,102,103,104,105,106,107,113,125,131,135,151,155,170,171,191,194,201,216,218,245,246,247,286,287,383,384,385,464,465,466,467,477,478,479,480,481,482,483,605,624,625,626,627,628,629,630,734,735,736,737,738,739,740,741,742,743,744,745,
346;1;2872;2953;1;0,2,3,4,27,33,36,37,38,80,81,82,83,84,85,87,88,90,98,99,100,101,102,103,104,105,106,107,113,125,131,135,151,155,170,171,191,194,201,216,218,245,246,247,286,287,383,384,385,464,465,466,467,477,478,479,480,481,482,483,605,624,625,626,627,628,629,630,734,735,736,737,738,739,740,741,742,743,744,745,
268;0;2953;3026;0;0,2,3,4,27,33,36,37,38,80,81,82,83,84,85,87,88,90,98,99,100,101,102,103,104,105,106,107,113,125,131,135,151,155,170,171,191,194,201,216,218,245,246,247,286,287,383,384,385,464,465,466,467,477,478,479,480,481,482,483,605,624,625,626,627,628,629,630,734,735,736,737,738,739,740,741,742,743,744,745,
268;1;3026;3146;0;0,2,3,4,27,33,36,37,38,80,81,82,83,84,85,87,88,90,98,99,100,101,102,103,104,105,106,107,113,125,131,135,151,155,170,171,191,194,201,216,218,245,246,247,286,287,383,384,385,464,465,466,467,477,478,479,480,481,482,483,605,624,625,626,627,628,629,630,734,735,736,737,738,739,740,741,742,743,744,745,
230;0;3146;3266;0;0,2,3,4,27,33,36,37,38,80,81,82,83,84,85,87,88,90,98,99,100,101,102,103,104,105,106,107,113,125,131,135,151,155,170,171,191,194,201,216,218,245,246,247,286,287,383,384,385,464,465,466,467,477,478,479,480,481,482,483,605,624,625,626,627,628,629,630,734,735,736,737,738,739,740,741,742,743,744,745,
297;0;3266;3347;0;0,2,3,4,27,33,36,37,38,80,81,82,83,84,85,87,88,90,98,99,100,101,102,103,104,105,106,107,113,125,131,135,151,155,170,171,191,194,201,216,218,245,246,247,286,287,383,384,385,464,465,466,467,477,478,479,480,481,482,483,605,624,625,626,627,628,629,630,734,735,736,737,738,739,740,741,742,743,744,745,
229;0;3347;3420;1;0,2,3,4,27,33,36,37,38,80,81,82,83,84,85,87,88,90,98,99,100,101,102,103,104,105,106,107,113,125,131,135,151,155,170,171,191,194,201,216,218,245,246,247,286,287,383,384,385,464,465,466,467,477,478,479,480,481,482,483,605,624,625,626,627,628,629,630,734,735,736,737,738,739,740,741,742,743,744,745,
229;1;3420;3575;1;0,2,3,4,27,33,36,37,38,80,81,82,83,84,85,87,88,90,98,99,100,101,102,103,104,105,106,107,113,125,131,135,151,155,170,171,191,194,201,216,218,245,246,247,286,287,383,384,385,464,465,466,467,477,478,479,480,481,482,483,605,624,625,626,627,628,629,630,734,735,736,737,738,739,740,741,742,743,744,745,
14;0;3575;3712;1;0,2,3,4,27,33,36,37,38,80,81,82,83,84,85,87,88,90,98,99,100,101,102,103,104,105,106,107,113,125,131,135,151,155,170,171,191,194,201,216,218,245,246,247,286,287,383,384,385,464,465,466,467,477,478,479,480,481,482,483,605,624,625,626,627,628,629,630,734,735,736,737,738,739,740,741,742,743,744,745,
14;1;3712;3863;1;0,2,3,4,27,33,36,37,38,80,81,82,83,84,85,87,88,90,98,99,100,101,102,103,104,105,106,107,113,125,131,135,151,155,170,171,191,194,201,216,218,245,246,247,286,287,383,384,385,464,465,466,467,477,478,479,480,481,482,483,605,624,625,626,627,628,629,630,734,735,736,737,738,739,740,741,742,743,744,745,
190;0;3863;3959;0;0,2,3,4,27,33,36,37,38,80,81,82,83,84,85,87,88,90,98,99,100,101,102,103,104,105,106,107,113,125,131,135,151,155,170,171,191,194,201,216,218,245,246,247,286,287,383,384,385,464,465,466,467,477,478,479,480,481,482,483,605,624,625,626,627,628,629,630,734,735,736,737,738,739,740,741,742,743,744,745,
307;0;3959;3998;0;0,2,3,4,27,33,36,37,38,80,81,82,83,84,85,87,88,90,98,99,100,101,102,103,104,105,106,107,113,125,131,135,151,155,170,171,191,194,201,216,218,245,246,247,286,287,383,384,385,464,465,466,467,477,478,479,480,481,482,483,605,624,625,626,627,628,629,630,734,735,736,737,738,739,740,741,742,743,744,745,
191;0;3998;4109;1;0,2,3,4,27,33,36,37,38,80,81,82,83,84,85,87,88,90,98,99,100,101,102,103,104,105,106,107,113,125,131,135,151,155,170,171,191,194,201,216,218,245,246,247,286,287,383,384,385,464,465,466,467,477,478,479,480,481,482,483,605,624,625,626,627,628,629,630,734,735,736,737,738,739,740,741,742,743,744,745,
191;1;4109;4252;1;0,2,3,4,27,33,36,37,38,80,81,82,83,84,85,87,88,90,98,99,100,101,102,103,104,105,106,107,113,125,131,135,151,155,170,171,191,194,201,216,218,245,246,247,286,287,383,384,385,464,465,466,467,477,478,479,480,481,482,483,605,624,625,626,627,628,629,630,734,735,736,737,738,739,740,741,742,743,744,745,
283;0;4320;4464;0;0,2,3,4,27,33,36,37,38,80,81,82,83,84,85,87,88,90,98,99,100,101,102,103,104,105,106,107,113,120,125,131,135,151,152,153,154,155,156,157,170,171,191,194,201,216,218,245,246,247,286,287,383,384,385,464,465,466,467,477,478,479,480,481,482,483,605,624,625,626,627,628,629,630,734,735,736,737,738,739,
283;1;4464;4537;0;0,2,3,4,27,33,36,37,38,80,81,82,83,84,85,87,88,90,98,99,100,101,102,103,104,105,106,107,113,120,125,131,135,151,152,153,154,155,156,157,170,171,191,194,201,216,218,245,246,247,286,287,383,384,385,464,465,466,467,477,478,479,480,481,482,483,605,624,625,626,627,628,629,630,734,735,736,737,738,739,
303;0;4537;4700;0;0,2,3,4,27,33,36,37,38,80,81,82,83,84,85,87,88,90,98,99,100,101,102,103,104,105,106,107,113,120,125,131,135,151,152,153,154,155,156,157,170,171,191,194,201,216,218,245,246,247,286,287,383,384,385,464,465,466,467,477,478,479,480,481,482,483,605,624,625,626,627,628,629,630,734,735,736,737,738,739,
303;1;4700;4773;0;0,2,3,4,27,33,36,37,38,80,81,82,83,84,85,87,88,90,98,99,100,101,102,103,104,105,106,107,113,120,125,131,135,151,152,153,154,155,156,157,170,171,191,194,201,216,218,245,246,247,286,287,383,384,385,464,465,466,467,477,478,479,480,481,482,483,605,624,625,626,627,628,629,630,734,735,736,737,738,739,
327;0;4773;4893;0;0,2,3,4,27,33,36,37,38,80,81,82,83,84,85,87,88,90,98,99,100,101,102,103,104,105,106,107,113,120,125,131,135,151,152,153,154,155,156,157,170,171,191,194,201,216,218,245,246,247,286,287,383,384,385,464,465,466,467,477,478,479,480,481,482,483,605,624,625,626,627,628,629,630,734,735,736,737,738,739,
20;0;4893;4966;0;0,2,3,4,27,33,36,37,38,80,81,82,83,84,85,87,88,90,98,99,100,101,102,103,104,105,106,107,113,120,125,131,135,151,152,153,154,155,156,157,170,171,191,194,201,216,218,245,246,247,286,287,383,384,385,464,465,466,467,477,478,479,480,481,482,483,605,624,625,626,627,628,629,630,734,735,736,737,738,739,
308;0;4966;5032;0;24,30,31,32,33,34,35,36,38,80,81,82,83,84,85,90,98,99,100,101,102,103,104,105,106,107,113,120,127,135,151,152,153,154,155,156,157,170,171,183,191,194,200,201,202,203,204,205,216,218,219,221,245,246,247,253,254,255,256,257,258,259,260,261,383,384,385,419,420,421,422,423,432,433,464,465,466,467,624,688,
308;1;5032;5071;0;24,30,31,32,33,34,35,36,38,80,81,82,83,84,85,90,98,99,100,101,102,103,104,105,106,107,113,120,127,135,151,152,153,154,155,156,157,170,171,183,191,194,200,201,202,203,204,205,216,218,219,221,245,246,247,253,254,255,256,257,258,259,260,261,383,384,385,419,420,421,422,423,432,433,464,465,466,467,624,688,
56;0;5071;5100;1;24,30,31,32,33,34,35,36,38,80,81,82,83,84,85,90,98,99,100,101,102,103,104,105,106,107,113,120,127,135,151,152,153,154,155,156,157,170,171,183,191,194,200,201,202,203,204,205,216,218,219,221,245,246,247,253,254,255,256,257,258,259,260,261,383,384,385,419,420,421,422,423,432,433,464,465,466,467,624,688,
56;1;5100;5204;1;24,30,31,32,33,34,35,36,38,80,81,82,83,84,85,90,98,99,100,101,102,103,104,105,106,107,113,120,127,135,151,152,153,154,155,156,157,170,171,183,191,194,200,201,202,203,204,205,216,218,219,221,245,246,247,253,254,255,256,257,258,259,260,261,383,384,385,419,420,421,422,423,432,433,464,465,466,467,624,688,
162;0;5204;5243;0;24,30,31,32,33,34,35,36,38,80,81,82,83,84,85,90,98,99,100,101,102,103,104,105,106,107,113,120,127,135,151,152,153,154,155,156,157,170,171,183,191,194,200,201,202,203,204,205,216,218,219,221,245,246,247,253,254,255,256,257,258,259,260,261,383,384,385,419,420,421,422,423,432,433,464,465,466,467,624,688,
232;0;5243;5300;0;24,30,31,32,33,34,35,36,38,80,81,82,83,84,85,90,98,99,100,101,102,103,104,105,106,107,113,120,127,135,151,152,153,154,155,156,157,170,171,183,191,194,200,201,202,203,204,205,216,218,219,221,245,246,247,253,254,255,256,257,258,259,260,261,383,384,385,419,420,421,422,423,432,433,464,465,466,467,624,688,
219;0;5300;5369;1;24,30,31,32,33,34,35,36,38,80,81,82,83,84,85,90,98,99,100,101,102,103,104,105,106,107,113,120,127,135,151,152,153,154,155,156,157,170,171,183,191,194,200,201,202,203,204,205,216,218,219,221,245,246,247,253,254,255,256,257,258,259,260,261,383,384,385,419,420,421,422,423,432,433,464,465,466,467,624,688,
219;1;5369;5500;1;24,30,31,32,33,34,35,36,38,80,81,82,83,84,85,90,98,99,100,101,102,103,104,105,106,107,113,120,127,135,151,152,153,154,155,156,157,170,171,183,191,194,200,201,202,203,204,205,216,218,219,221,245,246,247,253,254,255,256,257,258,259,260,261,383,384,385,419,420,421,422,423,432,433,464,465,466,467,624,688,
71;0;5500;5619;1;24,30,31,32,33,34,35,36,38,80,81,82,83,84,85,90,98,99,100,101,102,103,104,105,106,107,113,120,127,135,151,152,153,154,155,156,157,170,171,183,191,194,200,201,202,203,204,205,216,218,219,221,245,246,247,253,254,255,256,257,258,259,260,261,383,384,385,419,420,421,422,423,432,433,464,465,466,467,624,688,
71;1;5619;5770;1;24,30,31,32,33,34,35,36,38,80,81,82,83,84,85,90,98,99,100,101,102,103,104,105,106,107,113,120,127,135,151,152,153,154,155,156,157,170,171,183,191,194,200,201,202,203,204,205,216,218,219,221,245,246,247,253,254,255,256,257,258,259,260,261,383,384,385,419,420,421,422,423,432,433,464,465,466,467,624,688,
280;0;5770;5874;0;24,30,31,32,33,34,35,36,38,80,81,82,83,84,85,90,98,99,100,101,102,103,104,105,106,107,113,120,127,135,151,152,153,154,155,156,157,170,171,183,191,194,200,201,202,203,204,205,216,218,219,221,245,246,247,253,254,255,256,257,258,259,260,261,383,384,385,419,420,421,422,423,432,433,464,465,466,467,624,688,
294;0;5874;6050;1;24,30,31,32,33,34,35,36,38,80,81,82,83,84,85,90,98,99,100,101,102,103,104,105,106,107,113,120,127,135,151,152,153,154,155,156,157,170,171,183,191,194,200,201,202,203,204,205,216,218,219,221,245,246,247,253,254,255,256,257,258,259,260,261,383,384,385,419,420,421,422,423,432,433,464,465,466,467,624,688,
294;1;6050;6102;1;24,30,31,32,33,34,35,36,38,80,81,82,83,84,85,90,98,99,100,101,102,103,104,105,106,107,113,120,127,135,151,152,153,154,155,156,157,170,171,183,191,194,200,201,202,203,204,205,216,218,219,221,245,246,247,253,254,255,256,257,258,259,260,261,383,384,385,419,420,421,422,423,432,433,464,465,466,467,624,688,
74;0;6102;6162;1;24,30,31,32,33,34,35,36,38,80,81,82,83,84,85,90,98,99,100,101,102,103,104,105,106,107,113,120,127,135,151,152,153,154,155,156,157,170,171,183,191,194,200,201,202,203,204,205,216,218,219,221,245,246,247,253,254,255,256,257,258,259,260,261,383,384,385,419,420,421,422,423,432,433,464,465,466,467,624,688,
74;1;6162;6204;1;24,30,31,32,33,34,35,36,38,80,81,82,83,84,85,90,98,99,100,101,102,103,104,105,106,107,113,120,127,135,151,152,153,154,155,156,157,170,171,183,191,194,200,201,202,203,204,205,216,218,219,221,245,246,247,253,254,255,256,257,258,259,260,261,383,384,385,419,420,421,422,423,432,433,464,465,466,467,624,688,
392;0;6204;6335;0;24,30,31,32,33,34,35,36,38,80,81,82,83,84,85,90,98,99,100,101,102,103,104,105,106,107,113,120,127,135,151,152,153,154,155,156,157,170,171,183,191,194,200,201,202,203,204,205,216,218,219,221,245,246,247,253,254,255,256,257,258,259,260,261,383,384,385,419,420,421,422,423,432,433,464,465,466,467,624,688,
136;0;6335;6450;1;24,30,31,32,33,34,35,36,38,80,81,82,83,84,85,90,98,99,100,101,102,103,104,105,106,107,113,120,127,135,151,152,153,154,155,156,157,170,171,183,191,194,200,201,202,203,204,205,216,218,219,221,245,246,247,253,254,255,256,257,258,259,260,261,383,384,385,419,420,421,422,423,432,433,464,465,466,467,624,688,
136;1;6450;6554;1;24,30,31,32,33,34,35,36,38,80,81,82,83,84,85,90,98,99,100,101,102,103,104,105,106,107,113,120,127,135,151,152,153,154,155,156,157,170,171,183,191,194,200,201,202,203,204,205,216,218,219,221,245,246,247,253,254,255,256,257,258,259,260,261,383,384,385,419,420,421,422,423,432,433,464,465,466,467,624,688,
385;0;6554;6622;0;24,30,31,32,33,34,35,36,38,80,81,82,83,84,85,90,98,99,100,101,102,103,104,105,106,107,113,120,127,135,151,152,153,154,155,156,157,170,171,183,191,194,200,201,202,203,204,205,216,218,219,221,245,246,247,253,254,255,256,257,258,259,260,261,383,384,385,419,420,421,422,423,432,433,464,465,466,467,624,688,
32;0;6622;6726;0;24,30,31,32,33,34,35,36,38,80,81,82,83,84,85,90,98,99,100,101,102,103,104,105,106,107,113,120,127,135,151,152,153,154,155,156,157,170,171,183,191,194,200,201,202,203,204,205,216,218,219,221,245,246,247,253,254,255,256,257,258,259,260,261,383,384,385,419,420,421,422,423,432,433,464,465,466,467,624,688,
171;0;6726;6762;1;24,30,31,32,33,34,35,36,38,80,81,82,83,84,85,90,98,99,100,101,102,103,104,105,106,107,113,120,127,135,151,152,153,154,155,156,157,170,171,183,191,194,200,201,202,203,204,205,216,218,219,221,245,246,247,253,254,255,256,257,258,259,260,261,383,384,385,419,420,421,422,423,432,433,464,465,466,467,624,688,
171;1;6762;6938;1;24,30,31,32,33,34,35,36,38,80,81,82,83,84,85,90,98,99,100,101,102,103,104,105,106,107,113,120,127,135,151,152,153,154,155,156,157,170,171,183,191,194,200,201,202,203,204,205,216,218,219,221,245,246,247,253,254,255,256,257,258,259,260,261,383,384,385,419,420,421,422,423,432,433,464,465,466,467,624,688,
379;0;6938;6987;1;24,30,31,32,33,34,35,36,38,80,81,82,83,84,85,90,98,99,100,101,102,103,104,105,106,107,113,120,127,135,151,152,153,154,155,156,157,170,171,183,191,194,200,201,202,203,204,205,216,218,219,221,245,246,247,253,254,255,256,257,258,259,260,261,383,384,385,419,420,421,422,423,432,433,464,465,466,467,624,688,
379;1;6987;7124;1;24,30,31,32,33,34,35,36,38,80,81,82,83,84,85,90,98,99,100,101,102,103,104,105,106,107,113,120,127,135,151,152,153,154,155,156,157,170,171,183,191,194,200,201,202,203,204,205,216,218,219,221,245,246,247,253,254,255,256,257,258,259,260,261,383,384,385,419,420,421,422,423,432,433,464,465,466,467,624,688,
119;0;7124;7233;1;24,30,31,32,33,34,35,36,38,80,81,82,83,84,85,90,98,99,100,101,102,103,104,105,106,107,113,120,127,135,151,152,153,154,155,156,157,170,171,183,191,194,200,201,202,203,204,205,216,218,219,221,245,246,247,253,254,255,256,257,258,259,260,261,383,384,385,419,420,421,422,423,432,433,464,465,466,467,624,688,
119;1;7233;7301;1;24,30,31,32,33,34,35,36,38,80,81,82,83,84,85,90,98,99,100,101,102,103,104,105,106,107,113,120,127,135,151,152,153,154,155,156,157,170,171,183,191,194,200,201,202,203,204,205,216,218,219,221,245,246,247,253,254,255,256,257,258,259,260,261,383,384,385,419,420,421,422,423,432,433,464,465,466,467,624,688,
199;0;7301;7401;1;24,30,31,32,33,34,35,36,38,80,81,82,83,84,85,90,98,99,100,101,102,103,104,105,106,107,113,120,127,135,151,152,153,154,155,156,157,170,171,183,191,194,200,201,202,203,204,205,216,218,219,221,245,246,247,253,254,255,256,257,258,259,260,261,383,384,385,419,420,421,422,423,432,433,464,465,466,467,624,688,
199;1;7401;7440;1;24,30,31,32,33,34,35,36,38,80,81,82,83,84,85,90,98,99,100,101,102,103,104,105,106,107,113,120,127,135,151,152,153,154,155,156,157,170,171,183,191,194,200,201,202,203,204,205,216,218,219,221,245,246,247,253,254,255,256,257,258,259,260,261,383,384,385,419,420,421,422,423,432,433,464,465,466,467,624,688,
235;0;7440;7571;0;24,30,31,32,33,34,35,36,38,80,81,82,83,84,85,90,98,99,100,101,102,103,104,105,106,107,113,120,127,135,151,152,153,154,155,156,157,170,171,183,191,194,200,201,202,203,204,205,216,218,219,221,245,246,247,253,254,255,256,257,258,259,260,261,383,384,385,419,420,421,422,423,432,433,464,465,466,467,624,688,
256;0;7571;7610;1;24,30,31,32,33,34,35,36,38,80,81,82,83,84,85,90,98,99,100,101,102,103,104,105,106,107,113,120,127,135,151,152,153,154,155,156,157,170,171,183,191,194,200,201,202,203,204,205,216,218,219,221,245,246,247,253,254,255,256,257,258,259,260,261,383,384,385,419,420,421,422,423,432,433,464,465,466,467,624,688,
256;1;7610;7667;1;24,30,31,32,33,34,35,36,38,80,81,82,83,84,85,90,98,99,100,101,102,103,104,105,106,107,113,120,127,135,151,152,153,154,155,156,157,170,171,183,191,194,200,201,202,203,204,205,216,218,219,221,245,246,247,253,254,255,256,257,258,259,260,261,383,384,385,419,420,421,422,423,432,433,464,465,466,467,624,688,
95;0;7667;7804;0;24,30,31,32,33,34,35,36,38,80,81,82,83,84,85,90,98,99,100,101,102,103,104,105,106,107,113,120,127,135,151,152,153,154,155,156,157,170,171,183,191,194,200,201,202,203,204,205,216,218,219,221,245,246,247,253,254,255,256,257,258,259,260,261,383,384,385,419,420,421,422,423,432,433,464,465,466,467,624,688,
42;0;7804;7875;0;24,30,31,32,33,34,35,36,38,80,81,82,83,84,85,90,98,99,100,101,102,103,104,105,106,107,113,120,127,135,151,152,153,154,155,156,157,170,171,183,191,194,200,201,202,203,204,205,216,218,219,221,245,246,247,253,254,255,256,257,258,259,260,261,383,384,385,419,420,421,422,423,432,433,464,465,466,467,624,688,
45;0;7875;7914;0;24,30,31,32,33,34,35,36,38,80,81,82,83,84,85,90,98,99,100,101,102,103,104,105,106,107,113,120,127,135,151,152,153,154,155,156,157,170,171,183,191,194,200,201,202,203,204,205,216,218,219,221,245,246,247,253,254,255,256,257,258,259,260,261,383,384,385,419,420,421,422,423,432,433,464,465,466,467,624,688,
265;0;7914;8035;0;24,30,31,32,33,34,35,36,38,80,81,82,83,84,85,90,98,99,100,101,102,103,104,105,106,107,113,120,135,151,152,153,154,155,156,157,170,191,194,208,209,210,214,215,216,217,218,219,245,246,247,253,254,255,258,259,383,384,385,419,420,421,422,423,440,441,442,443,444,445,446,447,448,449,464,465,466,467,611,624,
92;0;8035;8166;0;24,30,31,32,33,34,35,36,38,80,81,82,83,84,85,90,98,99,100,101,102,103,104,105,106,107,113,120,135,151,152,153,154,155,156,157,170,191,194,208,209,210,214,215,216,217,218,219,245,246,247,253,254,255,258,259,383,384,385,419,420,421,422,423,440,441,442,443,444,445,446,447,448,449,464,465,466,467,611,624,
129;0;8166;8193;1;24,30,31,32,33,34,35,36,38,80,81,82,83,84,85,90,98,99,100,101,102,103,104,105,106,107,113,120,135,151,152,153,154,155,156,157,170,191,194,208,209,210,214,215,216,217,218,219,245,246,247,253,254,255,258,259,383,384,385,419,420,421,422,423,440,441,442,443,444,445,446,447,448,449,464,465,466,467,611,624,
129;1;8193;8369;1;24,30,31,32,33,34,35,36,38,80,81,82,83,84,85,90,98,99,100,101,102,103,104,105,106,107,113,120,135,151,152,153,154,155,156,157,170,191,194,208,209,210,214,215,216,217,218,219,245,246,247,253,254,255,258,259,383,384,385,419,420,421,422,423,440,441,442,443,444,445,446,447,448,449,464,465,466,467,611,624,
178;0;8369;8414;0;24,30,31,32,33,34,35,36,38,80,81,82,83,84,85,90,98,99,100,101,102,103,104,105,106,107,113,120,135,151,152,153,154,155,156,157,170,191,194,208,209,210,214,215,216,217,218,219,245,246,247,253,254,255,258,259,383,384,385,419,420,421,422,423,440,441,442,443,444,445,446,447,448,449,464,465,466,467,611,624,
178;1;8414;8487;0;24,30,31,32,33,34,35,36,38,80,81,82,83,84,85,90,98,99,100,101,102,103,104,105,106,107,113,120,135,151,152,153,154,155,156,157,170,191,194,208,209,210,214,215,216,217,218,219,245,246,247,253,254,255,258,259,383,384,385,419,420,421,422,423,440,441,442,443,444,445,446,447,448,449,464,465,466,467,611,624,
325;0;8487;8510;0;24,30,31,32,33,34,35,36,38,80,81,82,83,84,85,90,98,99,100,101,102,103,104,105,106,107,113,120,135,151,152,153,154,155,156,157,170,191,194,208,209,210,214,215,216,217,218,219,245,246,247,253,254,255,258,259,383,384,385,419,420,421,422,423,440,441,442,443,444,445,446,447,448,449,464,465,466,467,611,624,
289;0;8510;8669;1;24,30,31,32,33,34,35,36,38,80,81,82,83,84,85,90,98,99,100,101,102,103,104,105,106,107,113,120,135,151,152,153,154,155,156,157,170,191,194,208,209,210,214,215,216,217,218,219,245,246,247,253,254,255,258,259,383,384,385,419,420,421,422,423,440,441,442,443,444,445,446,447,448,449,464,465,466,467,611,624,
289;1;8669;8800;1;24,30,31,32,33,34,35,36,38,80,81,82,83,84,85,90,98,99,100,101,102,103,104,105,106,107,113,120,135,151,152,153,154,155,156,157,170,191,194,208,209,210,214,215,216,217,218,219,245,246,247,253,254,255,258,259,383,384,385,419,420,421,422,423,440,441,442,443,444,445,446,447,448,449,464,465,466,467,611,624,
243;0;8800;8855;0;24,30,31,32,33,34,35,36,38,80,81,82,83,84,85,90,98,99,100,101,102,103,104,105,106,107,113,120,135,151,152,153,154,155,156,157,170,191,194,208,209,210,214,215,216,217,218,219,245,246,247,253,254,255,258,259,383,384,385,419,420,421,422,423,440,441,442,443,444,445,446,447,448,449,464,465,466,467,611,624,
243;1;8855;8878;0;24,30,31,32,33,34,35,36,38,80,81,82,83,84,85,90,98,99,100,101,102,103,104,105,106,107,113,120,135,151,152,153,154,155,156,157,170,191,194,208,209,210,214,215,216,217,218,219,245,246,247,253,254,255,258,259,383,384,385,419,420,421,422,423,440,441,442,443,444,445,446,447,448,449,464,465,466,467,611,624,
99;0;8878;9028;1;24,30,31,32,33,34,35,36,38,80,81,82,83,84,85,90,98,99,100,101,102,103,104,105,106,107,113,120,135,151,152,153,154,155,156,157,170,191,194,208,209,210,214,215,216,217,218,219,245,246,247,253,254,255,258,259,383,384,385,419,420,421,422,423,440,441,442,443,444,445,446,447,448,449,464,465,466,467,611,624,
99;1;9028;9181;1;24,30,31,32,33,34,35,36,38,80,81,82,83,84,85,90,98,99,100,101,102,103,104,105,106,107,113,120,135,151,152,153,154,155,156,157,170,191,194,208,209,210,214,215,216,217,218,219,245,246,247,253,254,255,258,259,383,384,385,419,420,421,422,423,440,441,442,443,444,445,446,447,448,449,464,465,466,467,611,624,
130;0;9181;9312;0;24,30,31,32,33,34,35,36,38,80,81,82,83,84,85,90,98,99,100,101,102,103,104,105,106,107,113,120,135,151,152,153,154,155,156,157,170,191,194,208,209,210,214,215,216,217,218,219,245,246,247,253,254,255,258,259,383,384,385,419,420,421,422,423,440,441,442,443,444,445,446,447,448,449,464,465,466,467,611,624,
195;0;9312;9316;0;24,30,31,32,33,34,35,36,38,80,81,82,83,84,85,90,98,99,100,101,102,103,104,105,106,107,113,120,135,151,152,153,154,155,156,157,170,191,194,208,209,210,214,215,216,217,218,219,245,246,247,253,254,255,258,259,383,384,385,419,420,421,422,423,440,441,442,443,444,445,446,447,448,449,464,465,466,467,611,624,
357;0;9316;9415;0;24,30,31,32,33,34,35,36,38,80,81,82,83,84,85,90,98,99,100,101,102,103,104,105,106,107,113,120,135,151,152,153,154,155,156,157,170,191,194,208,209,210,214,215,216,217,218,219,245,246,247,253,254,255,258,259,383,384,385,419,420,421,422,423,440,441,442,443,444,445,446,447,448,449,464,465,466,467,611,624,
319;0;9415;9456;1;24,30,31,32,33,34,35,36,38,80,81,82,83,84,85,90,98,99,100,101,102,103,104,105,106,107,113,120,135,151,152,153,154,155,156,157,170,191,194,208,209,210,214,215,216,217,218,219,245,246,247,253,254,255,258,259,383,384,385,419,420,421,422,423,440,441,442,443,444,445,446,447,448,449,464,465,466,467,611,624,
319;1;9456;9527;1;24,30,31,32,33,34,35,36,38,80,81,82,83,84,85,90,98,99,100,101,102,103,104,105,106,107,113,120,135,151,152,153,154,155,156,157,170,191,194,208,209,210,214,215,216,217,218,219,245,246,247,253,254,255,258,259,383,384,385,419,420,421,422,423,440,441,442,443,444,445,446,447,448,449,464,465,466,467,611,624,
339;0;9527;9616;1;24,30,31,32,33,34,35,36,38,80,81,82,83,84,85,90,98,99,100,101,102,103,104,105,106,107,113,120,135,151,152,153,154,155,156,157,170,191,194,208,209,210,214,215,216,217,218,219,245,246,247,253,254,255,258,259,383,384,385,419,420,421,422,423,440,441,442,443,444,445,446,447,448,449,464,465,466,467,611,624,
339;1;9616;9673;1;24,30,31,32,33,34,35,36,38,80,81,82,83,84,85,90,98,99,100,101,102,103,104,105,106,107,113,120,135,151,152,153,154,155,156,157,170,191,194,208,209,210,214,215,216,217,218,219,245,246,247,253,254,255,258,259,383,384,385,419,420,421,422,423,440,441,442,443,444,445,446,447,448,449,464,465,466,467,611,624,
330;0;9673;9709;0;24,30,31,32,33,34,35,36,38,80,81,82,83,84,85,90,98,99,100,101,102,103,104,105,106,107,113,120,135,151,152,153,154,155,156,157,170,191,194,208,209,210,214,215,216,217,218,219,245,246,247,253,254,255,258,259,383,384,385,419,420,421,422,423,440,441,442,443,444,445,446,447,448,449,464,465,466,467,611,624,
274;0;9709;9782;1;24,30,31,32,33,34,35,36,38,80,81,82,83,84,85,90,98,99,100,101,102,103,104,105,106,107,113,120,135,151,152,153,154,155,156,157,170,191,194,208,209,210,214,215,216,217,218,219,245,246,247,253,254,255,258,259,383,384,385,419,420,421,422,423,440,441,442,443,444,445,446,447,448,449,464,465,466,467,611,624,
274;1;9782;9881;1;24,30,31,32,33,34,35,36,38,80,81,82,83,84,85,90,98,99,100,101,102,103,104,105,106,107,113,120,135,151,152,153,154,155,156,157,170,191,194,208,209,210,214,215,216,217,218,219,245,246,247,253,254,255,258,259,383,384,385,419,420,421,422,423,440,441,442,443,444,445,446,447,448,449,464,465,466,467,611,624,
3;0;9881;9965;0;24,30,31,32,33,34,35,36,38,80,81,82,83,84,85,90,98,99,100,101,102,103,104,105,106,107,113,120,135,151,152,153,154,155,156,157,170,191,194,208,209,210,214,215,216,217,218,219,245,246,247,253,254,255,258,259,383,384,385,419,420,421,422,423,440,441,442,443,444,445,446,447,448,449,464,465,466,467,611,624,
3;1;9965;10007;0;24,30,31,32,33,34,35,36,38,80,81,82,83,84,85,90,98,99,100,101,102,103,104,105,106,107,113,120,135,151,152,153,154,155,156,157,170,191,194,208,209,210,214,215,216,217,218,219,245,246,247,253,254,255,258,259,383,384,385,419,420,421,422,423,440,441,442,443,444,445,446,447,448,449,464,465,466,467,611,624,
Machine: 2
278;0;0;36;0;36,38,54,55,56,57,58,59,60,61,62,77,80,81,82,84,98,99,100,101,102,115,135,143,151,153,154,179,193,196,197,208,216,218,219,220,222,223,224,225,226,227,228,250,251,262,294,298,301,363,388,405,406,407,408,461,490,491,492,493,494,495,496,497,498,499,500,501,502,503,504,599,662,663,664,665,794,795,796,797,
278;1;36;45;0;36,38,54,55,56,57,58,59,60,61,62,77,80,81,82,84,98,99,100,101,102,115,135,143,151,153,154,179,193,196,197,208,216,218,219,220,222,223,224,225,226,227,228,250,251,262,294,298,301,363,388,405,406,407,408,461,490,491,492,493,494,495,496,497,498,499,500,501,502,503,504,599,662,663,664,665,794,795,796,797,
210;0;45;220;0;36,38,54,55,56,57,58,59,60,61,62,77,80,81,82,84,98,99,100,101,102,115,135,143,151,153,154,179,193,196,197,208,216,218,219,220,222,223,224,225,226,227,228,250,251,262,294,298,301,363,388,405,406,407,408,461,490,491,492,493,494,495,496,497,498,499,500,501,502,503,504,599,662,663,664,665,794,795,796,797,
13;0;220;398;0;36,38,54,55,56,57,58,59,60,61,62,77,80,81,82,84,98,99,100,101,102,115,135,143,151,153,154,179,193,196,197,208,216,218,219,220,222,223,224,225,226,227,228,250,251,262,294,298,301,363,388,405,406,407,408,461,490,491,492,493,494,495,496,497,498,499,500,501,502,503,504,599,662,663,664,665,794,795,796,797,
13;1;398;578;0;36,38,54,55,56,57,58,59,60,61,62,77,80,81,82,84,98,99,100,101,102,115,135,143,151,153,154,179,193,196,197,208,216,218,219,220,222,223,224,225,226,227,228,250,251,262,294,298,301,363,388,405,406,407,408,461,490,491,492,493,494,495,496,497,498,499,500,501,502,503,504,599,662,663,664,665,794,795,796,797,
216;0;578;735;1;36,38,54,55,56,57,58,59,60,61,62,77,80,81,82,84,98,99,100,101,102,115,135,143,151,153,154,179,193,196,197,208,216,218,219,220,222,223,224,225,226,227,228,250,251,262,294,298,301,363,388,405,406,407,408,461,490,491,492,493,494,495,496,497,498,499,500,501,502,503,504,599,662,663,664,665,794,795,796,797,
216;1;735;905;1;36,38,54,55,56,57,58,59,60,61,62,77,80,81,82,84,98,99,100,101,102,115,135,143,151,153,154,179,193,196,197,208,216,218,219,220,222,223,224,225,226,227,228,250,251,262,294,298,301,363,388,405,406,407,408,461,490,491,492,493,494,495,496,497,498,499,500,501,502,503,504,599,662,663,664,665,794,795,796,797,
36;0;905;909;1;36,38,54,55,56,57,58,59,60,61,62,77,80,81,82,84,98,99,100,101,102,115,135,143,151,153,154,179,193,196,197,208,216,218,219,220,222,223,224,225,226,227,228,250,251,262,294,298,301,363,388,405,406,407,408,461,490,491,492,493,494,495,496,497,498,499,500,501,502,503,504,599,662,663,664,665,794,795,796,797,
36;1;909;1008;1;36,38,54,55,56,57,58,59,60,61,62,77,80,81,82,84,98,99,100,101,102,115,135,143,151,153,154,179,193,196,197,208,216,218,219,220,222,223,224,225,226,227,228,250,251,262,294,298,301,363,388,405,406,407,408,461,490,491,492,493,494,495,496,497,498,499,500,501,502,503,504,599,662,663,664,665,794,795,796,797,
353;0;1008;1108;0;36,38,54,55,56,57,58,59,60,61,62,77,80,81,82,84,98,99,100,101,102,115,135,143,151,153,154,179,193,196,197,208,216,218,219,220,222,223,224,225,226,227,228,250,251,262,294,298,301,363,388,405,406,407,408,461,490,491,492,493,494,495,496,497,498,499,500,501,502,503,504,599,662,663,664,665,794,795,796,797,
353;1;1108;1252;0;36,38,54,55,56,57,58,59,60,61,62,77,80,81,82,84,98,99,100,101,102,115,135,143,151,153,154,179,193,196,197,208,216,218,219,220,222,223,224,225,226,227,228,250,251,262,294,298,301,363,388,405,406,407,408,461,490,491,492,493,494,495,496,497,498,499,500,501,502,503,504,599,662,663,664,665,794,795,796,797,
261;0;1252;1363;1;36,38,54,55,56,57,58,59,60,61,62,77,80,81,82,84,98,99,100,101,102,115,135,143,151,153,154,179,193,196,197,208,216,218,219,220,222,223,224,225,226,227,228,250,251,262,294,298,301,363,388,405,406,407,408,461,490,491,492,493,494,495,496,497,498,499,500,501,502,503,504,599,662,663,664,665,794,795,796,797,
261;1;1363;1461;1;36,38,54,55,56,57,58,59,60,61,62,77,80,81,82,84,98,99,100,101,102,115,135,143,151,153,154,179,193,196,197,208,216,218,219,220,222,223,224,225,226,227,228,250,251,262,294,298,301,363,388,405,406,407,408,461,490,491,492,493,494,495,496,497,498,499,500,501,502,503,504,599,662,663,664,665,794,795,796,797,
46;0;1461;1521;1;36,38,54,55,56,57,58,59,60,61,62,77,80,81,82,84,98,99,100,101,102,115,135,143,151,153,154,179,193,196,197,208,216,218,219,220,222,223,224,225,226,227,228,250,251,262,294,298,301,363,388,405,406,407,408,461,490,491,492,493,494,495,496,497,498,499,500,501,502,503,504,599,662,663,664,665,794,795,796,797,
46;1;1521;1691;1;36,38,54,55,56,57,58,59,60,61,62,77,80,81,82,84,98,99,100,101,102,115,135,143,151,153,154,179,193,196,197,208,216,218,219,220,222,223,224,225,226,227,228,250,251,262,294,298,301,363,388,405,406,407,408,461,490,491,492,493,494,495,496,497,498,499,500,501,502,503,504,599,662,663,664,665,794,795,796,797,
284;0;1691;1849;1;36,38,54,55,56,57,58,59,60,61,62,77,80,81,82,84,98,99,100,101,102,115,135,143,151,153,154,179,193,196,197,208,216,218,219,220,222,223,224,225,226,227,228,250,251,262,294,298,301,363,388,405,406,407,408,461,490,491,492,493,494,495,496,497,498,499,500,501,502,503,504,599,662,663,664,665,794,795,796,797,
284;1;1849;2029;1;36,38,54,55,56,57,58,59,60,61,62,77,80,81,82,84,98,99,100,101,102,115,135,143,151,153,154,179,193,196,197,208,216,218,219,220,222,223,224,225,226,227,228,250,251,262,294,298,301,363,388,405,406,407,408,461,490,491,492,493,494,495,496,497,498,499,500,501,502,503,504,599,662,663,664,665,794,795,796,797,
97;0;2029;2036;0;36,38,54,55,56,57,58,59,60,61,62,77,80,81,82,84,98,99,100,101,102,115,135,143,151,153,154,179,193,196,197,208,216,218,219,220,222,223,224,225,226,227,228,250,251,262,294,298,301,363,388,405,406,407,408,461,490,491,492,493,494,495,496,497,498,499,500,501,502,503,504,599,662,663,664,665,794,795,796,797,
159;0;2036;2048;1;36,38,54,55,56,57,58,59,60,61,62,77,80,81,82,84,98,99,100,101,102,115,135,143,151,153,154,179,193,196,197,208,216,218,219,220,222,223,224,225,226,227,228,250,251,262,294,298,301,363,388,405,406,407,408,461,490,491,492,493,494,495,496,497,498,499,500,501,502,503,504,599,662,663,664,665,794,795,796,797,
159;1;2048;2147;1;36,38,54,55,56,57,58,59,60,61,62,77,80,81,82,84,98,99,100,101,102,115,135,143,151,153,154,179,193,196,197,208,216,218,219,220,222,223,224,225,226,227,228,250,251,262,294,298,301,363,388,405,406,407,408,461,490,491,492,493,494,495,496,497,498,499,500,501,502,503,504,599,662,663,664,665,794,795,796,797,
363;0;2147;2307;0;36,38,54,55,56,57,58,59,60,61,62,77,80,81,82,84,98,99,100,101,102,115,135,143,151,153,154,179,193,196,197,208,216,218,219,220,222,223,224,225,226,227,228,250,251,262,294,298,301,363,388,405,406,407,408,461,490,491,492,493,494,495,496,497,498,499,500,501,502,503,504,599,662,663,664,665,794,795,796,797,
363;1;2307;2403;0;36,38,54,55,56,57,58,59,60,61,62,77,80,81,82,84,98,99,100,101,102,115,135,143,151,153,154,179,193,196,197,208,216,218,219,220,222,223,224,225,226,227,228,250,251,262,294,298,301,363,388,405,406,407,408,461,490,491,492,493,494,495,496,497,498,499,500,501,502,503,504,599,662,663,664,665,794,795,796,797,
117;0;2403;2583;0;36,38,54,55,56,57,58,59,60,61,62,77,80,81,82,84,98,99,100,101,102,115,135,143,151,153,154,179,193,196,197,208,216,218,219,220,222,223,224,225,226,227,228,250,251,262,294,298,301,363,388,405,406,407,408,461,490,491,492,493,494,495,496,497,498,499,500,501,502,503,504,599,662,663,664,665,794,795,796,797,
386;0;2583;2629;1;36,38,54,55,56,57,58,59,60,61,62,77,80,81,82,84,98,99,100,101,102,115,135,143,151,153,154,179,193,196,197,208,216,218,219,220,222,223,224,225,226,227,228,250,251,262,294,298,301,363,388,405,406,407,408,461,490,491,492,493,494,495,496,497,498,499,500,501,502,503,504,599,662,663,664,665,794,795,796,797,
386;1;2629;2785;1;36,38,54,55,56,57,58,59,60,61,62,77,80,81,82,84,98,99,100,101,102,115,135,143,151,153,154,179,193,196,197,208,216,218,219,220,222,223,224,225,226,227,228,250,251,262,294,298,301,363,388,405,406,407,408,461,490,491,492,493,494,495,496,497,498,499,500,501,502,503,504,599,662,663,664,665,794,795,796,797,
38;0;2785;2859;0;36,38,54,55,56,57,58,59,60,61,62,77,80,81,82,84,98,99,100,101,102,115,135,143,151,153,154,179,193,196,197,208,216,218,219,220,222,223,224,225,226,227,228,250,251,262,294,298,301,363,388,405,406,407,408,461,490,491,492,493,494,495,496,497,498,499,500,501,502,503,504,599,662,663,664,665,794,795,796,797,
38;1;2859;2935;0;36,38,54,55,56,57,58,59,60,61,62,77,80,81,82,84,98,99,100,101,102,115,135,143,151,153,154,179,193,196,197,208,216,218,219,220,222,223,224,225,226,227,228,250,251,262,294,298,301,363,388,405,406,407,408,461,490,491,492,493,494,495,496,497,498,499,500,501,502,503,504,599,662,663,664,665,794,795,796,797,
118;0;2935;3011;0;36,38,54,55,56,57,58,59,60,61,62,77,80,81,82,84,98,99,100,101,102,115,135,143,151,153,154,179,193,196,197,208,216,218,219,220,222,223,224,225,226,227,228,250,251,262,294,298,301,363,388,405,406,407,408,461,490,491,492,493,494,495,496,497,498,499,500,501,502,503,504,599,662,663,664,665,794,795,796,797,
118;1;3011;3186;0;36,38,54,55,56,57,58,59,60,61,62,77,80,81,82,84,98,99,100,101,102,115,135,143,151,153,154,179,193,196,197,208,216,218,219,220,222,223,224,225,226,227,228,250,251,262,294,298,301,363,388,405,406,407,408,461,490,491,492,493,494,495,496,497,498,499,500,501,502,503,504,599,662,663,664,665,794,795,796,797,
382;0;3186;3262;0;36,38,54,55,56,57,58,59,60,61,62,77,80,81,82,84,98,99,100,101,102,115,135,143,151,153,154,179,193,196,197,208,216,218,219,220,222,223,224,225,226,227,228,250,251,262,294,298,301,363,388,405,406,407,408,461,490,491,492,493,494,495,496,497,498,499,500,501,502,503,504,599,662,663,664,665,794,795,796,797,
139;0;3262;3363;1;36,38,54,55,56,57,58,59,60,61,62,77,80,81,82,84,98,99,100,101,102,115,135,143,151,153,154,179,193,196,197,208,216,218,219,220,222,223,224,225,226,227,228,250,251,262,294,298,301,363,388,405,406,407,408,461,490,491,492,493,494,495,496,497,498,499,500,501,502,503,504,599,662,663,664,665,794,795,796,797,
139;1;3363;3543;1;36,38,54,55,56,57,58,59,60,61,62,77,80,81,82,84,98,99,100,101,102,115,135,143,151,153,154,179,193,196,197,208,216,218,219,220,222,223,224,225,226,227,228,250,251,262,294,298,301,363,388,405,406,407,408,461,490,491,492,493,494,495,496,497,498,499,500,501,502,503,504,599,662,663,664,665,794,795,796,797,
211;0;3543;3626;1;20,36,37,38,48,54,55,56,57,58,59,60,61,62,63,64,65,66,67,68,69,77,80,81,82,83,84,85,86,87,88,98,99,100,101,102,115,116,135,143,151,153,154,155,179,182,193,196,197,199,206,207,208,209,210,216,218,219,220,238,244,250,251,283,301,305,316,317,388,405,406,407,408,434,435,436,437,438,439,461,
211;1;3626;3703;1;20,36,37,38,48,54,55,56,57,58,59,60,61,62,63,64,65,66,67,68,69,77,80,81,82,83,84,85,86,87,88,98,99,100,101,102,115,116,135,143,151,153,154,155,179,182,193,196,197,199,206,207,208,209,210,216,218,219,220,238,244,250,251,283,301,305,316,317,388,405,406,407,408,434,435,436,437,438,439,461,
340;0;3703;3879;0;20,36,37,38,48,54,55,56,57,58,59,60,61,62,63,64,65,66,67,68,69,77,80,81,82,83,84,85,86,87,88,98,99,100,101,102,115,116,135,143,151,153,154,155,179,182,193,196,197,199,206,207,208,209,210,216,218,219,220,238,244,250,251,283,301,305,316,317,388,405,406,407,408,434,435,436,437,438,439,461,
165;0;3879;4054;0;20,36,37,38,48,54,55,56,57,58,59,60,61,62,63,64,65,66,67,68,69,77,80,81,82,83,84,85,86,87,88,98,99,100,101,102,115,116,135,143,151,153,154,155,179,182,193,196,197,199,206,207,208,209,210,216,218,219,220,238,244,250,251,283,301,305,316,317,388,405,406,407,408,434,435,436,437,438,439,461,
33;0;4054;4228;0;20,36,37,38,48,54,55,56,57,58,59,60,61,62,63,64,65,66,67,68,69,77,80,81,82,83,84,85,86,87,88,98,99,100,101,102,115,116,135,143,151,153,154,155,179,182,193,196,197,199,206,207,208,209,210,216,218,219,220,238,244,250,251,283,301,305,316,317,388,405,406,407,408,434,435,436,437,438,439,461,
33;1;4228;4371;0;20,36,37,38,48,54,55,56,57,58,59,60,61,62,63,64,65,66,67,68,69,77,80,81,82,83,84,85,86,87,88,98,99,100,101,102,115,116,135,143,151,153,154,155,179,182,193,196,197,199,206,207,208,209,210,216,218,219,220,238,244,250,251,283,301,305,316,317,388,405,406,407,408,434,435,436,437,438,439,461,
241;0;4371;4433;1;20,36,37,38,48,54,55,56,57,58,59,60,61,62,63,64,65,66,67,68,69,77,80,81,82,83,84,85,86,87,88,98,99,100,101,102,115,116,135,143,151,153,154,155,179,182,193,196,197,199,206,207,208,209,210,216,218,219,220,238,244,250,251,283,301,305,316,317,388,405,406,407,408,434,435,436,437,438,439,461,
241;1;4433;4576;1;20,36,37,38,48,54,55,56,57,58,59,60,61,62,63,64,65,66,67,68,69,77,80,81,82,83,84,85,86,87,88,98,99,100,101,102,115,116,135,143,151,153,154,155,179,182,193,196,197,199,206,207,208,209,210,216,218,219,220,238,244,250,251,283,301,305,316,317,388,405,406,407,408,434,435,436,437,438,439,461,
368;0;4576;4748;0;20,36,37,38,48,54,55,56,57,58,59,60,61,62,63,64,65,66,67,68,69,77,80,81,82,83,84,85,86,87,88,98,99,100,101,102,115,116,135,143,151,153,154,155,179,182,193,196,197,199,206,207,208,209,210,216,218,219,220,238,244,250,251,283,301,305,316,317,388,405,406,407,408,434,435,436,437,438,439,461,
368;1;4748;4762;0;20,36,37,38,48,54,55,56,57,58,59,60,61,62,63,64,65,66,67,68,69,77,80,81,82,83,84,85,86,87,88,98,99,100,101,102,115,116,135,143,151,153,154,155,179,182,193,196,197,199,206,207,208,209,210,216,218,219,220,238,244,250,251,283,301,305,316,317,388,405,406,407,408,434,435,436,437,438,439,461,
131;0;4762;4924;1;20,36,37,38,48,54,55,56,57,58,59,60,61,62,63,64,65,66,67,68,69,77,80,81,82,83,84,85,86,87,88,98,99,100,101,102,115,116,135,143,151,153,154,155,179,182,193,196,197,199,206,207,208,209,210,216,218,219,220,238,244,250,251,283,301,305,316,317,388,405,406,407,408,434,435,436,437,438,439,461,
131;1;4924;5048;1;20,36,37,38,48,54,55,56,57,58,59,60,61,62,63,64,65,66,67,68,69,77,80,81,82,83,84,85,86,87,88,98,99,100,101,102,115,116,135,143,151,153,154,155,179,182,193,196,197,199,206,207,208,209,210,216,218,219,220,238,244,250,251,283,301,305,316,317,388,405,406,407,408,434,435,436,437,438,439,461,
260;0;5048;5191;0;20,36,37,38,48,54,55,56,57,58,59,60,61,62,63,64,65,66,67,68,69,77,80,81,82,83,84,85,86,87,88,98,99,100,101,102,115,116,135,143,151,153,154,155,179,182,193,196,197,199,206,207,208,209,210,216,218,219,220,238,244,250,251,283,301,305,316,317,388,405,406,407,408,434,435,436,437,438,439,461,
8;0;5191;5363;0;20,36,37,38,48,54,55,56,57,58,59,60,61,62,63,64,65,66,67,68,69,77,80,81,82,83,84,85,86,87,88,98,99,100,101,102,115,116,135,143,151,153,154,155,179,182,193,196,197,199,206,207,208,209,210,216,218,219,220,238,244,250,251,283,301,305,316,317,388,405,406,407,408,434,435,436,437,438,439,461,
8;1;5363;5499;0;20,36,37,38,48,54,55,56,57,58,59,60,61,62,63,64,65,66,67,68,69,77,80,81,82,83,84,85,86,87,88,98,99,100,101,102,115,116,135,143,151,153,154,155,179,182,193,196,197,199,206,207,208,209,210,216,218,219,220,238,244,250,251,283,301,305,316,317,388,405,406,407,408,434,435,436,437,438,439,461,
187;0;5499;5550;0;20,36,37,38,48,54,55,56,57,58,59,60,61,62,63,64,65,66,67,68,69,77,80,81,82,83,84,85,86,87,88,98,99,100,101,102,115,116,135,143,151,153,154,155,179,182,193,196,197,199,206,207,208,209,210,216,218,219,220,238,244,250,251,283,301,305,316,317,388,405,406,407,408,434,435,436,437,438,439,461,
96;0;5550;5704;1;20,36,37,38,48,54,55,56,57,58,59,60,61,62,63,64,65,66,67,68,69,77,80,81,82,83,84,85,86,87,88,98,99,100,101,102,115,116,135,143,151,153,154,155,179,182,193,196,197,199,206,207,208,209,210,216,218,219,220,238,244,250,251,283,301,305,316,317,388,405,406,407,408,434,435,436,437,438,439,461,
96;1;5704;5880;1;20,36,37,38,48,54,55,56,57,58,59,60,61,62,63,64,65,66,67,68,69,77,80,81,82,83,84,85,86,87,88,98,99,100,101,102,115,116,135,143,151,153,154,155,179,182,193,196,197,199,206,207,208,209,210,216,218,219,220,238,244,250,251,283,301,305,316,317,388,405,406,407,408,434,435,436,437,438,439,461,
86;0;5880;5898;1;20,36,37,38,48,54,55,56,57,58,59,60,61,62,63,64,65,66,67,68,69,77,80,81,82,83,84,85,86,87,88,98,99,100,101,102,115,116,135,143,151,153,154,155,179,182,193,196,197,199,206,207,208,209,210,216,218,219,220,238,244,250,251,283,301,305,316,317,388,405,406,407,408,434,435,436,437,438,439,461,
86;1;5898;6073;1;20,36,37,38,48,54,55,56,57,58,59,60,61,62,63,64,65,66,67,68,69,77,80,81,82,83,84,85,86,87,88,98,99,100,101,102,115,116,135,143,151,153,154,155,179,182,193,196,197,199,206,207,208,209,210,216,218,219,220,238,244,250,251,283,301,305,316,317,388,405,406,407,408,434,435,436,437,438,439,461,
334;0;6073;6133;1;20,36,37,38,48,54,55,56,57,58,59,60,61,62,63,64,65,66,67,68,69,77,80,81,82,83,84,85,86,87,88,98,99,100,101,102,115,116,135,143,151,153,154,155,179,182,193,196,197,199,206,207,208,209,210,216,218,219,220,238,244,250,251,283,301,305,316,317,388,405,406,407,408,434,435,436,437,438,439,461,
334;1;6133;6269;1;20,36,37,38,48,54,55,56,57,58,59,60,61,62,63,64,65,66,67,68,69,77,80,81,82,83,84,85,86,87,88,98,99,100,101,102,115,116,135,143,151,153,154,155,179,182,193,196,197,199,206,207,208,209,210,216,218,219,220,238,244,250,251,283,301,305,316,317,388,405,406,407,408,434,435,436,437,438,439,461,
344;0;6269;6417;1;0,1,2,3,4,5,6,7,8,9,20,33,36,37,38,48,63,64,65,66,67,68,69,77,80,81,82,83,84,85,86,87,88,115,116,120,125,126,127,128,129,130,131,135,151,153,154,155,167,168,177,179,193,194,195,196,197,198,199,207,208,209,216,220,240,248,249,250,251,252,283,301,305,312,316,317,388,461,462,463,
344;1;6417;6526;1;0,1,2,3,4,5,6,7,8,9,20,33,36,37,38,48,63,64,65,66,67,68,69,77,80,81,82,83,84,85,86,87,88,115,116,120,125,126,127,128,129,130,131,135,151,153,154,155,167,168,177,179,193,194,195,196,197,198,199,207,208,209,216,220,240,248,249,250,251,252,283,301,305,312,316,317,388,461,462,463,
338;0;6526;6548;0;0,1,2,3,4,5,6,7,8,9,20,33,36,37,38,48,63,64,65,66,67,68,69,77,80,81,82,83,84,85,86,87,88,115,116,120,125,126,127,128,129,130,131,135,151,153,154,155,167,168,177,179,193,194,195,196,197,198,199,207,208,209,216,220,240,248,249,250,251,252,283,301,305,312,316,317,388,461,462,463,
338;1;6548;6603;0;0,1,2,3,4,5,6,7,8,9,20,33,36,37,38,48,63,64,65,66,67,68,69,77,80,81,82,83,84,85,86,87,88,115,116,120,125,126,127,128,129,130,131,135,151,153,154,155,167,168,177,179,193,194,195,196,197,198,199,207,208,209,216,220,240,248,249,250,251,252,283,301,305,312,316,317,388,461,462,463,
257;0;6603;6633;0;0,1,2,3,4,5,6,7,8,9,20,33,36,37,38,48,63,64,65,66,67,68,69,77,80,81,82,83,84,85,86,87,88,115,116,120,125,126,127,128,129,130,131,135,151,153,154,155,167,168,177,179,193,194,195,196,197,198,199,207,208,209,216,220,240,248,249,250,251,252,283,301,305,312,316,317,388,461,462,463,
282;0;6633;6688;0;0,1,2,3,4,5,6,7,8,9,20,33,36,37,38,48,63,64,65,66,67,68,69,77,80,81,82,83,84,85,86,87,88,115,116,120,125,126,127,128,129,130,131,135,151,153,154,155,167,168,177,179,193,194,195,196,197,198,199,207,208,209,216,220,240,248,249,250,251,252,283,301,305,312,316,317,388,461,462,463,
262;0;6688;6739;0;0,1,2,3,4,5,6,7,8,9,20,33,36,37,38,48,63,64,65,66,67,68,69,77,80,81,82,83,84,85,86,87,88,115,116,120,125,126,127,128,129,130,131,135,151,153,154,155,167,168,177,179,193,194,195,196,197,198,199,207,208,209,216,220,240,248,249,250,251,252,283,301,305,312,316,317,388,461,462,463,
125;0;6739;6778;0;0,1,2,3,4,5,6,7,8,9,20,33,36,37,38,48,63,64,65,66,67,68,69,77,80,81,82,83,84,85,86,87,88,115,116,120,125,126,127,128,129,130,131,135,151,153,154,155,167,168,177,179,193,194,195,196,197,198,199,207,208,209,216,220,240,248,249,250,251,252,283,301,305,312,316,317,388,461,462,463,
387;0;6778;6790;0;0,1,2,3,4,5,6,7,8,9,20,33,36,37,38,48,63,64,65,66,67,68,69,77,80,81,82,83,84,85,86,87,88,115,116,120,125,126,127,128,129,130,131,135,151,153,154,155,167,168,177,179,193,194,195,196,197,198,199,207,208,209,216,220,240,248,249,250,251,252,283,301,305,312,316,317,388,461,462,463,
55;0;6790;6862;0;0,1,2,3,4,5,6,7,8,9,20,33,36,37,38,48,63,64,65,66,67,68,69,77,80,81,82,83,84,85,86,87,88,115,116,120,125,126,127,128,129,130,131,135,151,153,154,155,167,168,177,179,193,194,195,196,197,198,199,207,208,209,216,220,240,248,249,250,251,252,283,301,305,312,316,317,388,461,462,463,
291;0;6862;6948;1;0,1,2,3,4,5,6,7,8,9,20,33,36,37,38,48,63,64,65,66,67,68,69,77,80,81,82,83,84,85,86,87,88,115,116,120,125,126,127,128,129,130,131,135,151,153,154,155,167,168,177,179,193,194,195,196,197,198,199,207,208,209,216,220,240,248,249,250,251,252,283,301,305,312,316,317,388,461,462,463,
291;1;6948;7031;1;0,1,2,3,4,5,6,7,8,9,20,33,36,37,38,48,63,64,65,66,67,68,69,77,80,81,82,83,84,85,86,87,88,115,116,120,125,126,127,128,129,130,131,135,151,153,154,155,167,168,177,179,193,194,195,196,197,198,199,207,208,209,216,220,240,248,249,250,251,252,283,301,305,312,316,317,388,461,462,463,
17;0;7031;7114;0;0,1,2,3,4,5,6,7,8,9,20,33,36,37,38,48,63,64,65,66,67,68,69,77,80,81,82,83,84,85,86,87,88,115,116,120,125,126,127,128,129,130,131,135,151,153,154,155,167,168,177,179,193,194,195,196,197,198,199,207,208,209,216,220,240,248,249,250,251,252,283,301,305,312,316,317,388,461,462,463,
109;0;7114;7150;1;0,1,2,3,4,5,6,7,8,9,20,33,36,37,38,48,63,64,65,66,67,68,69,77,80,81,82,83,84,85,86,87,88,115,116,120,125,126,127,128,129,130,131,135,151,153,154,155,167,168,177,179,193,194,195,196,197,198,199,207,208,209,216,220,240,248,249,250,251,252,283,301,305,312,316,317,388,461,462,463,
109;1;7150;7259;1;0,1,2,3,4,5,6,7,8,9,20,33,36,37,38,48,63,64,65,66,67,68,69,77,80,81,82,83,84,85,86,87,88,115,116,120,125,126,127,128,129,130,131,135,151,153,154,155,167,168,177,179,193,194,195,196,197,198,199,207,208,209,216,220,240,248,249,250,251,252,283,301,305,312,316,317,388,461,462,463,
222;0;7259;7289;0;0,1,2,3,4,5,6,7,8,9,20,33,36,37,38,48,63,64,65,66,67,68,69,77,80,81,82,83,84,85,86,87,88,115,116,120,125,126,127,128,129,130,131,135,151,153,154,155,167,168,177,179,193,194,195,196,197,198,199,207,208,209,216,220,240,248,249,250,251,252,283,301,305,312,316,317,388,461,462,463,
173;0;7289;7434;0;0,1,2,3,4,5,6,7,8,9,20,33,36,37,38,48,63,64,65,66,67,68,69,77,80,81,82,83,84,85,86,87,88,115,116,120,125,126,127,128,129,130,131,135,151,153,154,155,167,168,177,179,193,194,195,196,197,198,199,207,208,209,216,220,240,248,249,250,251,252,283,301,305,312,316,317,388,461,462,463,
173;1;7434;7448;0;0,1,2,3,4,5,6,7,8,9,20,33,36,37,38,48,63,64,65,66,67,68,69,77,80,81,82,83,84,85,86,87,88,115,116,120,125,126,127,128,129,130,131,135,151,153,154,155,167,168,177,179,193,194,195,196,197,198,199,207,208,209,216,220,240,248,249,250,251,252,283,301,305,312,316,317,388,461,462,463,
81;0;7448;7616;1;0,1,2,3,4,5,6,7,8,9,20,33,36,37,38,48,63,64,65,66,67,68,69,77,80,81,82,83,84,85,86,87,88,115,116,120,125,126,127,128,129,130,131,135,151,153,154,155,167,168,177,179,193,194,195,196,197,198,199,207,208,209,216,220,240,248,249,250,251,252,283,301,305,312,316,317,388,461,462,463,
81;1;7616;7725;1;0,1,2,3,4,5,6,7,8,9,20,33,36,37,38,48,63,64,65,66,67,68,69,77,80,81,82,83,84,85,86,87,88,115,116,120,125,126,127,128,129,130,131,135,151,153,154,155,167,168,177,179,193,194,195,196,197,198,199,207,208,209,216,220,240,248,249,250,251,252,283,301,305,312,316,317,388,461,462,463,
124;0;7725;7846;1;0,1,2,3,4,5,6,7,8,9,20,33,36,37,38,48,63,64,65,66,67,68,69,77,80,81,82,83,84,85,86,87,88,115,116,120,125,126,127,128,129,130,131,135,151,153,154,155,167,168,177,179,193,194,195,196,197,198,199,207,208,209,216,220,240,248,249,250,251,252,283,301,305,312,316,317,388,461,462,463,
124;1;7846;7860;1;0,1,2,3,4,5,6,7,8,9,20,33,36,37,38,48,63,64,65,66,67,68,69,77,80,81,82,83,84,85,86,87,88,115,116,120,125,126,127,128,129,130,131,135,151,153,154,155,167,168,177,179,193,194,195,196,197,198,199,207,208,209,216,220,240,248,249,250,251,252,283,301,305,312,316,317,388,461,462,463,
163;0;7860;7896;0;0,1,2,3,4,5,6,7,8,9,20,24,26,28,33,36,37,38,45,46,47,48,49,50,51,52,63,64,65,66,67,68,69,77,80,81,82,83,84,85,86,87,88,105,115,116,120,125,126,127,128,129,130,131,135,151,153,154,155,167,177,179,186,208,209,216,220,240,248,249,250,251,252,263,264,265,266,267,268,312,
163;1;7896;7962;0;0,1,2,3,4,5,6,7,8,9,20,24,26,28,33,36,37,38,45,46,47,48,49,50,51,52,63,64,65,66,67,68,69,77,80,81,82,83,84,85,86,87,88,105,115,116,120,125,126,127,128,129,130,131,135,151,153,154,155,167,177,179,186,208,209,216,220,240,248,249,250,251,252,263,264,265,266,267,268,312,
48;0;7962;8084;0;0,1,2,3,4,5,6,7,8,9,20,24,26,28,33,36,37,38,45,46,47,48,49,50,51,52,63,64,65,66,67,68,69,77,80,81,82,83,84,85,86,87,88,105,115,116,120,125,126,127,128,129,130,131,135,151,153,154,155,167,177,179,186,208,209,216,220,240,248,249,250,251,252,263,264,265,266,267,268,312,
48;1;8084;8136;0;0,1,2,3,4,5,6,7,8,9,20,24,26,28,33,36,37,38,45,46,47,48,49,50,51,52,63,64,65,66,67,68,69,77,80,81,82,83,84,85,86,87,88,105,115,116,120,125,126,127,128,129,130,131,135,151,153,154,155,167,177,179,186,208,209,216,220,240,248,249,250,251,252,263,264,265,266,267,268,312,
5;0;8136;8202;0;0,1,2,3,4,5,6,7,8,9,20,24,26,28,33,36,37,38,45,46,47,48,49,50,51,52,63,64,65,66,67,68,69,77,80,81,82,83,84,85,86,87,88,105,115,116,120,125,126,127,128,129,130,131,135,151,153,154,155,167,177,179,186,208,209,216,220,240,248,249,250,251,252,263,264,265,266,267,268,312,
369;0;8202;8232;1;0,1,2,3,4,5,6,7,8,9,20,24,26,28,33,36,37,38,45,46,47,48,49,50,51,52,63,64,65,66,67,68,69,77,80,81,82,83,84,85,86,87,88,105,115,116,120,125,126,127,128,129,130,131,135,151,153,154,155,167,177,179,186,208,209,216,220,240,248,249,250,251,252,263,264,265,266,267,268,312,
369;1;8232;8271;1;0,1,2,3,4,5,6,7,8,9,20,24,26,28,33,36,37,38,45,46,47,48,49,50,51,52,63,64,65,66,67,68,69,77,80,81,82,83,84,85,86,87,88,105,115,116,120,125,126,127,128,129,130,131,135,151,153,154,155,167,177,179,186,208,209,216,220,240,248,249,250,251,252,263,264,265,266,267,268,312,
67;0;8271;8326;0;0,1,2,3,4,5,6,7,8,9,20,24,26,28,33,36,37,38,45,46,47,48,49,50,51,52,63,64,65,66,67,68,69,77,80,81,82,83,84,85,86,87,88,105,115,116,120,125,126,127,128,129,130,131,135,151,153,154,155,167,177,179,186,208,209,216,220,240,248,249,250,251,252,263,264,265,266,267,268,312,
141;0;8326;8405;1;0,1,2,3,4,5,6,7,8,9,20,24,26,28,33,36,37,38,45,46,47,48,49,50,51,52,63,64,65,66,67,68,69,77,80,81,82,83,84,85,86,87,88,105,115,116,120,125,126,127,128,129,130,131,135,151,153,154,155,167,177,179,186,208,209,216,220,240,248,249,250,251,252,263,264,265,266,267,268,312,
141;1;8405;8488;1;0,1,2,3,4,5,6,7,8,9,20,24,26,28,33,36,37,38,45,46,47,48,49,50,51,52,63,64,65,66,67,68,69,77,80,81,82,83,84,85,86,87,88,105,115,116,120,125,126,127,128,129,130,131,135,151,153,154,155,167,177,179,186,208,209,216,220,240,248,249,250,251,252,263,264,265,266,267,268,312,
76;0;8488;8571;1;0,1,2,3,4,5,6,7,8,9,20,24,26,28,33,36,37,38,45,46,47,48,49,50,51,52,63,64,65,66,67,68,69,77,80,81,82,83,84,85,86,87,88,105,115,116,120,125,126,127,128,129,130,131,135,151,153,154,155,167,177,179,186,208,209,216,220,240,248,249,250,251,252,263,264,265,266,267,268,312,
76;1;8571;8707;1;0,1,2,3,4,5,6,7,8,9,20,24,26,28,33,36,37,38,45,46,47,48,49,50,51,52,63,64,65,66,67,68,69,77,80,81,82,83,84,85,86,87,88,105,115,116,120,125,126,127,128,129,130,131,135,151,153,154,155,167,177,179,186,208,209,216,220,240,248,249,250,251,252,263,264,265,266,267,268,312,
123;0;8707;8784;0;0,1,2,3,4,5,6,7,8,9,20,24,26,28,33,36,37,38,45,46,47,48,49,50,51,52,63,64,65,66,67,68,69,77,80,81,82,83,84,85,86,87,88,105,115,116,120,125,126,127,128,129,130,131,135,151,153,154,155,167,177,179,186,208,209,216,220,240,248,249,250,251,252,263,264,265,266,267,268,312,
123;1;8784;8839;0;0,1,2,3,4,5,6,7,8,9,20,24,26,28,33,36,37,38,45,46,47,48,49,50,51,52,63,64,65,66,67,68,69,77,80,81,82,83,84,85,86,87,88,105,115,116,120,125,126,127,128,129,130,131,135,151,153,154,155,167,177,179,186,208,209,216,220,240,248,249,250,251,252,263,264,265,266,267,268,312,
44;0;8839;9003;1;0,1,2,3,4,5,6,7,8,9,20,24,26,28,33,36,37,38,45,46,47,48,49,50,51,52,63,64,65,66,67,68,69,77,80,81,82,83,84,85,86,87,88,105,115,116,120,125,126,127,128,129,130,131,135,151,153,154,155,167,177,179,186,208,209,216,220,240,248,249,250,251,252,263,264,265,266,267,268,312,
44;1;9003;9042;1;0,1,2,3,4,5,6,7,8,9,20,24,26,28,33,36,37,38,45,46,47,48,49,50,51,52,63,64,65,66,67,68,69,77,80,81,82,83,84,85,86,87,88,105,115,116,120,125,126,127,128,129,130,131,135,151,153,154,155,167,177,179,186,208,209,216,220,240,248,249,250,251,252,263,264,265,266,267,268,312,
285;0;9042;9094;0;0,1,2,3,4,5,6,7,8,9,20,24,26,28,33,36,37,38,45,46,47,48,49,50,51,52,63,64,65,66,67,68,69,77,80,81,82,83,84,85,86,87,88,105,115,116,120,125,126,127,128,129,130,131,135,151,153,154,155,167,177,179,186,208,209,216,220,240,248,249,250,251,252,263,264,265,266,267,268,312,
151;0;9094;9224;1;0,1,2,3,4,5,6,7,8,9,20,24,26,28,33,36,37,38,45,46,47,48,49,50,51,52,63,64,65,66,67,68,69,77,80,81,82,83,84,85,86,87,88,105,115,116,120,125,126,127,128,129,130,131,135,151,153,154,155,167,177,179,186,208,209,216,220,240,248,249,250,251,252,263,264,265,266,267,268,312,
151;1;9224;9276;1;0,1,2,3,4,5,6,7,8,9,20,24,26,28,33,36,37,38,45,46,47,48,49,50,51,52,63,64,65,66,67,68,69,77,80,81,82,83,84,85,86,87,88,105,115,116,120,125,126,127,128,129,130,131,135,151,153,154,155,167,177,179,186,208,209,216,220,240,248,249,250,251,252,263,264,265,266,267,268,312,
213;0;9276;9364;0;0,1,2,3,4,5,6,7,8,9,20,24,28,36,37,38,39,40,41,42,43,44,45,46,47,48,49,50,51,52,63,64,65,66,67,68,69,90,120,135,151,157,177,179,200,208,209,210,214,215,216,217,220,240,248,249,250,251,252,308,309,310,311,312,313,398,746,747,748,749,750,751,752,753,754,755,756,757,758,759,
213;1;9364;9500;0;0,1,2,3,4,5,6,7,8,9,20,24,28,36,37,38,39,40,41,42,43,44,45,46,47,48,49,50,51,52,63,64,65,66,67,68,69,90,120,135,151,157,177,179,200,208,209,210,214,215,216,217,220,240,248,249,250,251,252,308,309,310,311,312,313,398,746,747,748,749,750,751,752,753,754,755,756,757,758,759,
381;0;9500;9536;1;0,1,2,3,4,5,6,7,8,9,20,24,28,36,37,38,39,40,41,42,43,44,45,46,47,48,49,50,51,52,63,64,65,66,67,68,69,90,120,135,151,157,177,179,200,208,209,210,214,215,216,217,220,240,248,249,250,251,252,308,309,310,311,312,313,398,746,747,748,749,750,751,752,753,754,755,756,757,758,759,
381;1;9536;9591;1;0,1,2,3,4,5,6,7,8,9,20,24,28,36,37,38,39,40,41,42,43,44,45,46,47,48,49,50,51,52,63,64,65,66,67,68,69,90,120,135,151,157,177,179,200,208,209,210,214,215,216,217,220,240,248,249,250,251,252,308,309,310,311,312,313,398,746,747,748,749,750,751,752,753,754,755,756,757,758,759,
0;0;9591;9641;1;0,1,2,3,4,5,6,7,8,9,20,24,28,36,37,38,39,40,41,42,43,44,45,46,47,48,49,50,51,52,63,64,65,66,67,68,69,90,120,135,151,157,177,179,200,208,209,210,214,215,216,217,220,240,248,249,250,251,252,308,309,310,311,312,313,398,746,747,748,749,750,751,752,753,754,755,756,757,758,759,
0;1;9641;9696;1;0,1,2,3,4,5,6,7,8,9,20,24,28,36,37,38,39,40,41,42,43,44,45,46,47,48,49,50,51,52,63,64,65,66,67,68,69,90,120,135,151,157,177,179,200,208,209,210,214,215,216,217,220,240,248,249,250,251,252,308,309,310,311,312,313,398,746,747,748,749,750,751,752,753,754,755,756,757,758,759,
310;0;9696;9725;0;0,1,2,3,4,5,6,7,8,9,20,24,28,36,37,38,39,40,41,42,43,44,45,46,47,48,49,50,51,52,63,64,65,66,67,68,69,90,120,135,151,157,177,179,200,208,209,210,214,215,216,217,220,240,248,249,250,251,252,308,309,310,311,312,313,398,746,747,748,749,750,751,752,753,754,755,756,757,758,759,
148;0;9725;9737;0;0,1,2,3,4,5,6,7,8,9,20,24,28,36,37,38,39,40,41,42,43,44,45,46,47,48,49,50,51,52,63,64,65,66,67,68,69,90,120,135,151,157,177,179,200,208,209,210,214,215,216,217,220,240,248,249,250,251,252,308,309,310,311,312,313,398,746,747,748,749,750,751,752,753,754,755,756,757,758,759,
148;1;9737;9776;0;0,1,2,3,4,5,6,7,8,9,20,24,28,36,37,38,39,40,41,42,43,44,45,46,47,48,49,50,51,52,63,64,65,66,67,68,69,90,120,135,151,157,177,179,200,208,209,210,214,215,216,217,220,240,248,249,250,251,252,308,309,310,311,312,313,398,746,747,748,749,750,751,752,753,754,755,756,757,758,759,
376;0;9776;9808;1;0,1,2,3,4,5,6,7,8,9,20,24,28,36,37,38,39,40,41,42,43,44,45,46,47,48,49,50,51,52,63,64,65,66,67,68,69,90,120,135,151,157,177,179,200,208,209,210,214,215,216,217,220,240,248,249,250,251,252,308,309,310,311,312,313,398,746,747,748,749,750,751,752,753,754,755,756,757,758,759,
376;1;9808;9874;1;0,1,2,3,4,5,6,7,8,9,20,24,28,36,37,38,39,40,41,42,43,44,45,46,47,48,49,50,51,52,63,64,65,66,67,68,69,90,120,135,151,157,177,179,200,208,209,210,214,215,216,217,220,240,248,249,250,251,252,308,309,310,311,312,313,398,746,747,748,749,750,751,752,753,754,755,756,757,758,759,
4;0;9874;9926;1;0,1,2,3,4,5,6,7,8,9,20,24,28,36,37,38,39,40,41,42,43,44,45,46,47,48,49,50,51,52,63,64,65,66,67,68,69,90,120,135,151,157,177,179,200,208,209,210,214,215,216,217,220,240,248,249,250,251,252,308,309,310,311,312,313,398,746,747,748,749,750,751,752,753,754,755,756,757,758,759,
4;1;9926;9970;1;0,1,2,3,4,5,6,7,8,9,20,24,28,36,37,38,39,40,41,42,43,44,45,46,47,48,49,50,51,52,63,64,65,66,67,68,69,90,120,135,151,157,177,179,200,208,209,210,214,215,216,217,220,240,248,249,250,251,252,308,309,310,311,312,313,398,746,747,748,749,750,751,752,753,754,755,756,757,758,759,
54;0;9970;9982;1;0,1,2,3,4,5,6,7,8,9,20,24,28,36,37,38,39,40,41,42,43,44,45,46,47,48,49,50,51,52,63,64,65,66,67,68,69,90,120,135,151,157,177,179,200,208,209,210,214,215,216,217,220,240,248,249,250,251,252,308,309,310,311,312,313,398,746,747,748,749,750,751,752,753,754,755,756,757,758,759,
54;1;9982;10073;1;0,1,2,3,4,5,6,7,8,9,20,24,28,36,37,38,39,40,41,42,43,44,45,46,47,48,49,50,51,52,63,64,65,66,67,68,69,90,120,135,151,157,177,179,200,208,209,210,214,215,216,217,220,240,248,249,250,251,252,308,309,310,311,312,313,398,746,747,748,749,750,751,752,753,754,755,756,757,758,759,
352;0;10073;10077;0;0,1,2,3,4,5,6,7,8,9,20,24,28,36,37,38,39,40,41,42,43,44,45,46,47,48,49,50,51,52,63,64,65,66,67,68,69,90,120,135,151,157,177,179,200,208,209,210,214,215,216,217,220,240,248,249,250,251,252,308,309,310,311,312,313,398,746,747,748,749,750,751,752,753,754,755,756,757,758,759,
Machine: 3
359;0;0;155;1;18,21,36,53,54,55,56,57,58,59,60,61,62,90,132,133,134,135,136,137,138,139,140,141,151,153,169,177,178,179,180,181,182,188,194,208,220,221,237,240,241,242,243,253,254,259,260,294,419,421,435,451,453,458,459,460,468,484,485,486,487,488,489,507,508,509,522,526,527,528,529,580,581,582,583,584,585,598,760,761,
359;1;155;278;1;18,21,36,53,54,55,56,57,58,59,60,61,62,90,132,133,134,135,136,137,138,139,140,141,151,153,169,177,178,179,180,181,182,188,194,208,220,221,237,240,241,242,243,253,254,259,260,294,419,421,435,451,453,458,459,460,468,484,485,486,487,488,489,507,508,509,522,526,527,528,529,580,581,582,583,584,585,598,760,761,
28;0;278;305;0;18,21,36,53,54,55,56,57,58,59,60,61,62,90,132,133,134,135,136,137,138,139,140,141,151,153,169,177,178,179,180,181,182,188,194,208,220,221,237,240,241,242,243,253,254,259,260,294,419,421,435,451,453,458,459,460,468,484,485,486,487,488,489,507,508,509,522,526,527,528,529,580,581,582,583,584,585,598,760,761,
28;1;305;449;0;18,21,36,53,54,55,56,57,58,59,60,61,62,90,132,133,134,135,136,137,138,139,140,141,151,153,169,177,178,179,180,181,182,188,194,208,220,221,237,240,241,242,243,253,254,259,260,294,419,421,435,451,453,458,459,460,468,484,485,486,487,488,489,507,508,509,522,526,527,528,529,580,581,582,583,584,585,598,760,761,
10;0;449;545;0;18,21,36,53,54,55,56,57,58,59,60,61,62,90,132,133,134,135,136,137,138,139,140,141,151,153,169,177,178,179,180,181,182,188,194,208,220,221,237,240,241,242,243,253,254,259,260,294,419,421,435,451,453,458,459,460,468,484,485,486,487,488,489,507,508,509,522,526,527,528,529,580,581,582,583,584,585,598,760,761,
314;0;545;628;1;18,21,36,53,54,55,56,57,58,59,60,61,62,90,132,133,134,135,136,137,138,139,140,141,151,153,169,177,178,179,180,181,182,188,194,208,220,221,237,240,241,242,243,253,254,259,260,294,419,421,435,451,453,458,459,460,468,484,485,486,487,488,489,507,508,509,522,526,527,528,529,580,581,582,583,584,585,598,760,761,
314;1;628;688;1;18,21,36,53,54,55,56,57,58,59,60,61,62,90,132,133,134,135,136,137,138,139,140,141,151,153,169,177,178,179,180,181,182,188,194,208,220,221,237,240,241,242,243,253,254,259,260,294,419,421,435,451,453,458,459,460,468,484,485,486,487,488,489,507,508,509,522,526,527,528,529,580,581,582,583,584,585,598,760,761,
116;0;688;789;1;18,21,36,53,54,55,56,57,58,59,60,61,62,90,132,133,134,135,136,137,138,139,140,141,151,153,169,177,178,179,180,181,182,188,194,208,220,221,237,240,241,242,243,253,254,259,260,294,419,421,435,451,453,458,459,460,468,484,485,486,487,488,489,507,508,509,522,526,527,528,529,580,581,582,583,584,585,598,760,761,
116;1;789;941;1;18,21,36,53,54,55,56,57,58,59,60,61,62,90,132,133,134,135,136,137,138,139,140,141,151,153,169,177,178,179,180,181,182,188,194,208,220,221,237,240,241,242,243,253,254,259,260,294,419,421,435,451,453,458,459,460,468,484,485,486,487,488,489,507,508,509,522,526,527,528,529,580,581,582,583,584,585,598,760,761,
238;0;941;1053;0;18,21,36,53,54,55,56,57,58,59,60,61,62,90,132,133,134,135,136,137,138,139,140,141,151,153,169,177,178,179,180,181,182,188,194,208,220,221,237,240,241,242,243,253,254,259,260,294,419,421,435,451,453,458,459,460,468,484,485,486,487,488,489,507,508,509,522,526,527,528,529,580,581,582,583,584,585,598,760,761,
238;1;1053;1143;0;18,21,36,53,54,55,56,57,58,59,60,61,62,90,132,133,134,135,136,137,138,139,140,141,151,153,169,177,178,179,180,181,182,188,194,208,220,221,237,240,241,242,243,253,254,259,260,294,419,421,435,451,453,458,459,460,468,484,485,486,487,488,489,507,508,509,522,526,527,528,529,580,581,582,583,584,585,598,760,761,
366;0;1143;1147;1;18,21,36,53,54,55,56,57,58,59,60,61,62,90,132,133,134,135,136,137,138,139,140,141,151,153,169,177,178,179,180,181,182,188,194,208,220,221,237,240,241,242,243,253,254,259,260,294,419,421,435,451,453,458,459,460,468,484,485,486,487,488,489,507,508,509,522,526,527,528,529,580,581,582,583,584,585,598,760,761,
366;1;1147;1224;1;18,21,36,53,54,55,56,57,58,59,60,61,62,90,132,133,134,135,136,137,138,139,140,141,151,153,169,177,178,179,180,181,182,188,194,208,220,221,237,240,241,242,243,253,254,259,260,294,419,421,435,451,453,458,459,460,468,484,485,486,487,488,489,507,508,509,522,526,527,528,529,580,581,582,583,584,585,598,760,761,
47;0;1224;1368;0;18,21,36,53,54,55,56,57,58,59,60,61,62,90,132,133,134,135,136,137,138,139,140,141,151,153,169,177,178,179,180,181,182,188,194,208,220,221,237,240,241,242,243,253,254,259,260,294,419,421,435,451,453,458,459,460,468,484,485,486,487,488,489,507,508,509,522,526,527,528,529,580,581,582,583,584,585,598,760,761,
313;0;1368;1385;0;18,21,36,53,54,55,56,57,58,59,60,61,62,90,132,133,134,135,136,137,138,139,140,141,151,153,169,177,178,179,180,181,182,188,194,208,220,221,237,240,241,242,243,253,254,259,260,294,419,421,435,451,453,458,459,460,468,484,485,486,487,488,489,507,508,509,522,526,527,528,529,580,581,582,583,584,585,598,760,761,
313;1;1385;1508;0;18,21,36,53,54,55,56,57,58,59,60,61,62,90,132,133,134,135,136,137,138,139,140,141,151,153,169,177,178,179,180,181,182,188,194,208,220,221,237,240,241,242,243,253,254,259,260,294,419,421,435,451,453,458,459,460,468,484,485,486,487,488,489,507,508,509,522,526,527,528,529,580,581,582,583,584,585,598,760,761,
57;0;1508;1606;0;18,21,36,53,54,55,56,57,58,59,60,61,62,90,132,133,134,135,136,137,138,139,140,141,151,153,169,177,178,179,180,181,182,188,194,208,220,221,237,240,241,242,243,253,254,259,260,294,419,421,435,451,453,458,459,460,468,484,485,486,487,488,489,507,508,509,522,526,527,528,529,580,581,582,583,584,585,598,760,761,
329;0;1606;1687;1;18,21,36,53,54,55,56,57,58,59,60,61,62,90,132,133,134,135,136,137,138,139,140,141,151,153,169,177,178,179,180,181,182,188,194,208,220,221,237,240,241,242,243,253,254,259,260,294,419,421,435,451,453,458,459,460,468,484,485,486,487,488,489,507,508,509,522,526,527,528,529,580,581,582,583,584,585,598,760,761,
329;1;1687;1823;1;18,21,36,53,54,55,56,57,58,59,60,61,62,90,132,133,134,135,136,137,138,139,140,141,151,153,169,177,178,179,180,181,182,188,194,208,220,221,237,240,241,242,243,253,254,259,260,294,419,421,435,451,453,458,459,460,468,484,485,486,487,488,489,507,508,509,522,526,527,528,529,580,581,582,583,584,585,598,760,761,
138;0;1823;1952;0;18,21,36,53,54,55,56,57,58,59,60,61,62,90,132,133,134,135,136,137,138,139,140,141,151,153,169,177,178,179,180,181,182,188,194,208,220,221,237,240,241,242,243,253,254,259,260,294,419,421,435,451,453,458,459,460,468,484,485,486,487,488,489,507,508,509,522,526,527,528,529,580,581,582,583,584,585,598,760,761,
138;1;1952;2088;0;18,21,36,53,54,55,56,57,58,59,60,61,62,90,132,133,134,135,136,137,138,139,140,141,151,153,169,177,178,179,180,181,182,188,194,208,220,221,237,240,241,242,243,253,254,259,260,294,419,421,435,451,453,458,459,460,468,484,485,486,487,488,489,507,508,509,522,526,527,528,529,580,581,582,583,584,585,598,760,761,
25;0;2088;2172;0;18,21,36,53,54,55,56,57,58,59,60,61,62,90,132,133,134,135,136,137,138,139,140,141,151,153,169,177,178,179,180,181,182,188,194,208,220,221,237,240,241,242,243,253,254,259,260,294,419,421,435,451,453,458,459,460,468,484,485,486,487,488,489,507,508,509,522,526,527,528,529,580,581,582,583,584,585,598,760,761,
169;0;2172;2211;1;18,21,36,53,54,55,56,57,58,59,60,61,62,90,132,133,134,135,136,137,138,139,140,141,151,153,169,177,178,179,180,181,182,188,194,208,220,221,237,240,241,242,243,253,254,259,260,294,419,421,435,451,453,458,459,460,468,484,485,486,487,488,489,507,508,509,522,526,527,528,529,580,581,582,583,584,585,598,760,761,
169;1;2211;2350;1;18,21,36,53,54,55,56,57,58,59,60,61,62,90,132,133,134,135,136,137,138,139,140,141,151,153,169,177,178,179,180,181,182,188,194,208,220,221,237,240,241,242,243,253,254,259,260,294,419,421,435,451,453,458,459,460,468,484,485,486,487,488,489,507,508,509,522,526,527,528,529,580,581,582,583,584,585,598,760,761,
89;0;2350;2391;1;18,21,36,53,54,55,56,57,58,59,60,61,62,90,132,133,134,135,136,137,138,139,140,141,151,153,169,177,178,179,180,181,182,188,194,208,220,221,237,240,241,242,243,253,254,259,260,294,419,421,435,451,453,458,459,460,468,484,485,486,487,488,489,507,508,509,522,526,527,528,529,580,581,582,583,584,585,598,760,761,
89;1;2391;2475;1;18,21,36,53,54,55,56,57,58,59,60,61,62,90,132,133,134,135,136,137,138,139,140,141,151,153,169,177,178,179,180,181,182,188,194,208,220,221,237,240,241,242,243,253,254,259,260,294,419,421,435,451,453,458,459,460,468,484,485,486,487,488,489,507,508,509,522,526,527,528,529,580,581,582,583,584,585,598,760,761,
215;0;2475;2525;0;18,21,36,53,54,55,56,57,58,59,60,61,62,90,132,133,134,135,136,137,138,139,140,141,151,153,169,177,178,179,180,181,182,188,194,208,220,221,237,240,241,242,243,253,254,259,260,294,419,421,435,451,453,458,459,460,468,484,485,486,487,488,489,507,508,509,522,526,527,528,529,580,581,582,583,584,585,598,760,761,
293;0;2525;2681;0;18,21,36,53,54,55,56,57,58,59,60,61,62,90,132,133,134,135,136,137,138,139,140,141,151,153,169,177,178,179,180,181,182,188,194,208,220,221,237,240,241,242,243,253,254,259,260,294,419,421,435,451,453,458,459,460,468,484,485,486,487,488,489,507,508,509,522,526,527,528,529,580,581,582,583,584,585,598,760,761,
293;1;2681;2702;0;18,21,36,53,54,55,56,57,58,59,60,61,62,90,132,133,134,135,136,137,138,139,140,141,151,153,169,177,178,179,180,181,182,188,194,208,220,221,237,240,241,242,243,253,254,259,260,294,419,421,435,451,453,458,459,460,468,484,485,486,487,488,489,507,508,509,522,526,527,528,529,580,581,582,583,584,585,598,760,761,
88;0;2702;2806;0;18,21,36,53,54,55,56,57,58,59,60,61,62,90,132,133,134,135,136,137,138,139,140,141,151,153,169,177,178,179,180,181,182,188,194,208,220,221,237,240,241,242,243,253,254,259,260,294,419,421,435,451,453,458,459,460,468,484,485,486,487,488,489,507,508,509,522,526,527,528,529,580,581,582,583,584,585,598,760,761,
88;1;2806;2940;0;18,21,36,53,54,55,56,57,58,59,60,61,62,90,132,133,134,135,136,137,138,139,140,141,151,153,169,177,178,179,180,181,182,188,194,208,220,221,237,240,241,242,243,253,254,259,260,294,419,421,435,451,453,458,459,460,468,484,485,486,487,488,489,507,508,509,522,526,527,528,529,580,581,582,583,584,585,598,760,761,
264;0;2940;3054;1;18,21,36,53,54,55,56,57,58,59,60,61,62,90,132,133,134,135,136,137,138,139,140,141,151,153,169,177,178,179,180,181,182,188,194,208,220,221,237,240,241,242,243,253,254,259,260,294,419,421,435,451,453,458,459,460,468,484,485,486,487,488,489,507,508,509,522,526,527,528,529,580,581,582,583,584,585,598,760,761,
264;1;3054;3104;1;18,21,36,53,54,55,56,57,58,59,60,61,62,90,132,133,134,135,136,137,138,139,140,141,151,153,169,177,178,179,180,181,182,188,194,208,220,221,237,240,241,242,243,253,254,259,260,294,419,421,435,451,453,458,459,460,468,484,485,486,487,488,489,507,508,509,522,526,527,528,529,580,581,582,583,584,585,598,760,761,
391;0;3104;3165;1;18,21,36,53,54,55,56,57,58,59,60,61,62,90,132,133,134,135,136,137,138,139,140,141,151,153,169,177,178,179,180,181,182,188,194,208,220,221,237,240,241,242,243,253,254,259,260,294,419,421,435,451,453,458,459,460,468,484,485,486,487,488,489,507,508,509,522,526,527,528,529,580,581,582,583,584,585,598,760,761,
391;1;3165;3255;1;18,21,36,53,54,55,56,57,58,59,60,61,62,90,132,133,134,135,136,137,138,139,140,141,151,153,169,177,178,179,180,181,182,188,194,208,220,221,237,240,241,242,243,253,254,259,260,294,419,421,435,451,453,458,459,460,468,484,485,486,487,488,489,507,508,509,522,526,527,528,529,580,581,582,583,584,585,598,760,761,
153;0;3255;3266;0;18,21,36,53,54,55,56,57,58,59,60,61,62,90,132,133,134,135,136,137,138,139,140,141,151,153,169,177,178,179,180,181,182,188,194,208,220,221,237,240,241,242,243,253,254,259,260,294,419,421,435,451,453,458,459,460,468,484,485,486,487,488,489,507,508,509,522,526,527,528,529,580,581,582,583,584,585,598,760,761,
153;1;3266;3400;0;18,21,36,53,54,55,56,57,58,59,60,61,62,90,132,133,134,135,136,137,138,139,140,141,151,153,169,177,178,179,180,181,182,188,194,208,220,221,237,240,241,242,243,253,254,259,260,294,419,421,435,451,453,458,459,460,468,484,485,486,487,488,489,507,508,509,522,526,527,528,529,580,581,582,583,584,585,598,760,761,
197;0;3400;3460;0;18,21,36,53,54,55,56,57,58,59,60,61,62,90,132,133,134,135,136,137,138,139,140,141,151,153,169,177,178,179,180,181,182,188,194,208,220,221,237,240,241,242,243,253,254,259,260,294,419,421,435,451,453,458,459,460,468,484,485,486,487,488,489,507,508,509,522,526,527,528,529,580,581,582,583,584,585,598,760,761,
312;0;3460;3599;0;18,21,36,53,54,55,56,57,58,59,60,61,62,90,132,133,134,135,136,137,138,139,140,141,151,153,169,177,178,179,180,181,182,188,194,208,220,221,237,240,241,242,243,253,254,259,260,294,419,421,435,451,453,458,459,460,468,484,485,486,487,488,489,507,508,509,522,526,527,528,529,580,581,582,583,584,585,598,760,761,
115;0;3599;3722;0;18,21,36,53,54,55,56,57,58,59,60,61,62,90,132,133,134,135,136,137,138,139,140,141,151,153,169,177,178,179,180,181,182,188,194,208,220,221,237,240,241,242,243,253,254,259,260,294,419,421,435,451,453,458,459,460,468,484,485,486,487,488,489,507,508,509,522,526,527,528,529,580,581,582,583,584,585,598,760,761,
218;0;3722;3897;0;18,21,36,53,54,55,56,57,58,59,60,61,62,90,132,133,134,135,136,137,138,139,140,141,151,153,169,177,178,179,180,181,182,188,194,208,220,221,237,240,241,242,243,253,254,259,260,294,419,421,435,451,453,458,459,460,468,484,485,486,487,488,489,507,508,509,522,526,527,528,529,580,581,582,583,584,585,598,760,761,
218;1;3897;3963;0;18,21,36,53,54,55,56,57,58,59,60,61,62,90,132,133,134,135,136,137,138,139,140,141,151,153,169,177,178,179,180,181,182,188,194,208,220,221,237,240,241,242,243,253,254,259,260,294,419,421,435,451,453,458,459,460,468,484,485,486,487,488,489,507,508,509,522,526,527,528,529,580,581,582,583,584,585,598,760,761,
126;0;3963;4077;1;18,21,36,53,54,55,56,57,58,59,60,61,62,90,132,133,134,135,136,137,138,139,140,141,151,153,169,177,178,179,180,181,182,188,194,208,220,221,237,240,241,242,243,253,254,259,260,294,419,421,435,451,453,458,459,460,468,484,485,486,487,488,489,507,508,509,522,526,527,528,529,580,581,582,583,584,585,598,760,761,
126;1;4077;4111;1;18,21,36,53,54,55,56,57,58,59,60,61,62,90,132,133,134,135,136,137,138,139,140,141,151,153,169,177,178,179,180,181,182,188,194,208,220,221,237,240,241,242,243,253,254,259,260,294,419,421,435,451,453,458,459,460,468,484,485,486,487,488,489,507,508,509,522,526,527,528,529,580,581,582,583,584,585,598,760,761,
105;0;4111;4177;0;18,21,36,53,54,55,56,57,58,59,60,61,62,90,132,133,134,135,136,137,138,139,140,141,151,153,169,177,178,179,180,181,182,188,194,208,220,221,237,240,241,242,243,253,254,259,260,294,419,421,435,451,453,458,459,460,468,484,485,486,487,488,489,507,508,509,522,526,527,528,529,580,581,582,583,584,585,598,760,761,
144;0;4177;4243;1;18,21,36,53,54,55,56,57,58,59,60,61,62,90,132,133,134,135,136,137,138,139,140,141,151,153,169,177,178,179,180,181,182,188,194,208,220,221,237,240,241,242,243,253,254,259,260,294,419,421,435,451,453,458,459,460,468,484,485,486,487,488,489,507,508,509,522,526,527,528,529,580,581,582,583,584,585,598,760,761,
144;1;4243;4303;1;18,21,36,53,54,55,56,57,58,59,60,61,62,90,132,133,134,135,136,137,138,139,140,141,151,153,169,177,178,179,180,181,182,188,194,208,220,221,237,240,241,242,243,253,254,259,260,294,419,421,435,451,453,458,459,460,468,484,485,486,487,488,489,507,508,509,522,526,527,528,529,580,581,582,583,584,585,598,760,761,
18;0;4303;4447;0;18,21,36,53,54,55,56,57,58,59,60,61,62,90,132,133,134,135,136,137,138,139,140,141,151,153,169,177,178,179,180,181,182,188,194,208,220,221,237,240,241,242,243,253,254,259,260,294,419,421,435,451,453,458,459,460,468,484,485,486,487,488,489,507,508,509,522,526,527,528,529,580,581,582,583,584,585,598,760,761,
18;1;4447;4581;0;18,21,36,53,54,55,56,57,58,59,60,61,62,90,132,133,134,135,136,137,138,139,140,141,151,153,169,177,178,179,180,181,182,188,194,208,220,221,237,240,241,242,243,253,254,259,260,294,419,421,435,451,453,458,459,460,468,484,485,486,487,488,489,507,508,509,522,526,527,528,529,580,581,582,583,584,585,598,760,761,
354;0;4581;4634;1;18,21,36,53,54,55,56,57,58,59,60,61,62,90,132,133,134,135,136,137,138,139,140,141,151,153,169,177,178,179,180,181,182,188,194,208,220,221,237,240,241,242,243,253,254,259,260,294,419,421,435,451,453,458,459,460,468,484,485,486,487,488,489,507,508,509,522,526,527,528,529,580,581,582,583,584,585,598,760,761,
354;1;4634;4784;1;18,21,36,53,54,55,56,57,58,59,60,61,62,90,132,133,134,135,136,137,138,139,140,141,151,153,169,177,178,179,180,181,182,188,194,208,220,221,237,240,241,242,243,253,254,259,260,294,419,421,435,451,453,458,459,460,468,484,485,486,487,488,489,507,508,509,522,526,527,528,529,580,581,582,583,584,585,598,760,761,
188;0;4784;4809;0;18,21,36,53,54,55,56,57,58,59,60,61,62,90,132,133,134,135,136,137,138,139,140,141,151,153,169,177,178,179,180,181,182,188,194,208,220,221,237,240,241,242,243,253,254,259,260,294,419,421,435,451,453,458,459,460,468,484,485,486,487,488,489,507,508,509,522,526,527,528,529,580,581,582,583,584,585,598,760,761,
188;1;4809;4830;0;18,21,36,53,54,55,56,57,58,59,60,61,62,90,132,133,134,135,136,137,138,139,140,141,151,153,169,177,178,179,180,181,182,188,194,208,220,221,237,240,241,242,243,253,254,259,260,294,419,421,435,451,453,458,459,460,468,484,485,486,487,488,489,507,508,509,522,526,527,528,529,580,581,582,583,584,585,598,760,761,
180;0;4830;4864;0;18,21,36,53,54,55,56,57,58,59,60,61,62,90,132,133,134,135,136,137,138,139,140,141,151,153,169,177,178,179,180,181,182,188,194,208,220,221,237,240,241,242,243,253,254,259,260,294,419,421,435,451,453,458,459,460,468,484,485,486,487,488,489,507,508,509,522,526,527,528,529,580,581,582,583,584,585,598,760,761,
128;0;4864;4965;0;18,22,29,36,38,53,54,55,56,57,58,59,60,61,62,66,85,88,90,103,105,108,109,110,111,112,113,114,115,116,135,151,155,169,170,171,172,177,178,179,180,181,182,207,208,216,220,267,277,278,279,280,281,282,283,284,285,305,316,317,510,511,512,513,523,524,525,633,634,635,636,637,638,639,640,641,660,661,760,761,
128;1;4965;5043;0;18,22,29,36,38,53,54,55,56,57,58,59,60,61,62,66,85,88,90,103,105,108,109,110,111,112,113,114,115,116,135,151,155,169,170,171,172,177,178,179,180,181,182,207,208,216,220,267,277,278,279,280,281,282,283,284,285,305,316,317,510,511,512,513,523,524,525,633,634,635,636,637,638,639,640,641,660,661,760,761,
251;0;5043;5082;1;18,22,29,36,38,53,54,55,56,57,58,59,60,61,62,66,85,88,90,103,105,108,109,110,111,112,113,114,115,116,135,151,155,169,170,171,172,177,178,179,180,181,182,207,208,216,220,267,277,278,279,280,281,282,283,284,285,305,316,317,510,511,512,513,523,524,525,633,634,635,636,637,638,639,640,641,660,661,760,761,
251;1;5082;5178;1;18,22,29,36,38,53,54,55,56,57,58,59,60,61,62,66,85,88,90,103,105,108,109,110,111,112,113,114,115,116,135,151,155,169,170,171,172,177,178,179,180,181,182,207,208,216,220,267,277,278,279,280,281,282,283,284,285,305,316,317,510,511,512,513,523,524,525,633,634,635,636,637,638,639,640,641,660,661,760,761,
72;0;5178;5322;0;18,22,29,36,38,53,54,55,56,57,58,59,60,61,62,66,85,88,90,103,105,108,109,110,111,112,113,114,115,116,135,151,155,169,170,171,172,177,178,179,180,181,182,207,208,216,220,267,277,278,279,280,281,282,283,284,285,305,316,317,510,511,512,513,523,524,525,633,634,635,636,637,638,639,640,641,660,661,760,761,
50;0;5322;5461;0;18,22,29,36,38,53,54,55,56,57,58,59,60,61,62,66,85,88,90,103,105,108,109,110,111,112,113,114,115,116,135,151,155,169,170,171,172,177,178,179,180,181,182,207,208,216,220,267,277,278,279,280,281,282,283,284,285,305,316,317,510,511,512,513,523,524,525,633,634,635,636,637,638,639,640,641,660,661,760,761,
269;0;5461;5476;1;18,22,29,36,38,53,54,55,56,57,58,59,60,61,62,66,85,88,90,103,105,108,109,110,111,112,113,114,115,116,135,151,155,169,170,171,172,177,178,179,180,181,182,207,208,216,220,267,277,278,279,280,281,282,283,284,285,305,316,317,510,511,512,513,523,524,525,633,634,635,636,637,638,639,640,641,660,661,760,761,
269;1;5476;5500;1;18,22,29,36,38,53,54,55,56,57,58,59,60,61,62,66,85,88,90,103,105,108,109,110,111,112,113,114,115,116,135,151,155,169,170,171,172,177,178,179,180,181,182,207,208,216,220,267,277,278,279,280,281,282,283,284,285,305,316,317,510,511,512,513,523,524,525,633,634,635,636,637,638,639,640,641,660,661,760,761,
59;0;5500;5672;1;18,22,29,36,38,53,54,55,56,57,58,59,60,61,62,66,85,88,90,103,105,108,109,110,111,112,113,114,115,116,135,151,155,169,170,171,172,177,178,179,180,181,182,207,208,216,220,267,277,278,279,280,281,282,283,284,285,305,316,317,510,511,512,513,523,524,525,633,634,635,636,637,638,639,640,641,660,661,760,761,
59;1;5672;5796;1;18,22,29,36,38,53,54,55,56,57,58,59,60,61,62,66,85,88,90,103,105,108,109,110,111,112,113,114,115,116,135,151,155,169,170,171,172,177,178,179,180,181,182,207,208,216,220,267,277,278,279,280,281,282,283,284,285,305,316,317,510,511,512,513,523,524,525,633,634,635,636,637,638,639,640,641,660,661,760,761,
30;0;5796;5927;0;18,22,29,36,38,53,54,55,56,57,58,59,60,61,62,66,85,88,90,103,105,108,109,110,111,112,113,114,115,116,135,151,155,169,170,171,172,177,178,179,180,181,182,207,208,216,220,267,277,278,279,280,281,282,283,284,285,305,316,317,510,511,512,513,523,524,525,633,634,635,636,637,638,639,640,641,660,661,760,761,
348;0;5927;6007;0;18,22,29,36,38,53,54,55,56,57,58,59,60,61,62,66,85,88,90,103,105,108,109,110,111,112,113,114,115,116,135,151,155,169,170,171,172,177,178,179,180,181,182,207,208,216,220,267,277,278,279,280,281,282,283,284,285,305,316,317,510,511,512,513,523,524,525,633,634,635,636,637,638,639,640,641,660,661,760,761,
348;1;6007;6131;0;18,22,29,36,38,53,54,55,56,57,58,59,60,61,62,66,85,88,90,103,105,108,109,110,111,112,113,114,115,116,135,151,155,169,170,171,172,177,178,179,180,181,182,207,208,216,220,267,277,278,279,280,281,282,283,284,285,305,316,317,510,511,512,513,523,524,525,633,634,635,636,637,638,639,640,641,660,661,760,761,
142;0;6131;6252;0;18,22,29,36,38,53,54,55,56,57,58,59,60,61,62,66,85,88,90,103,105,108,109,110,111,112,113,114,115,116,135,151,155,169,170,171,172,177,178,179,180,181,182,207,208,216,220,267,277,278,279,280,281,282,283,284,285,305,316,317,510,511,512,513,523,524,525,633,634,635,636,637,638,639,640,641,660,661,760,761,
127;0;6252;6409;0;18,22,29,36,38,53,54,55,56,57,58,59,60,61,62,66,85,88,90,103,105,108,109,110,111,112,113,114,115,116,135,151,155,169,170,171,172,177,178,179,180,181,182,207,208,216,220,267,277,278,279,280,281,282,283,284,285,305,316,317,510,511,512,513,523,524,525,633,634,635,636,637,638,639,640,641,660,661,760,761,
172;0;6409;6486;0;18,22,29,36,38,53,54,55,56,57,58,59,60,61,62,66,85,88,90,103,105,108,109,110,111,112,113,114,115,116,135,151,155,169,170,171,172,177,178,179,180,181,182,207,208,216,220,267,277,278,279,280,281,282,283,284,285,305,316,317,510,511,512,513,523,524,525,633,634,635,636,637,638,639,640,641,660,661,760,761,
167;0;6486;6537;0;18,22,29,36,38,53,54,55,56,57,58,59,60,61,62,66,85,88,90,103,105,108,109,110,111,112,113,114,115,116,135,151,155,169,170,171,172,177,178,179,180,181,182,207,208,216,220,267,277,278,279,280,281,282,283,284,285,305,316,317,510,511,512,513,523,524,525,633,634,635,636,637,638,639,640,641,660,661,760,761,
374;0;6537;6648;1;18,22,29,36,38,53,54,55,56,57,58,59,60,61,62,66,85,88,90,103,105,108,109,110,111,112,113,114,115,116,135,151,155,169,170,171,172,177,178,179,180,181,182,207,208,216,220,267,277,278,279,280,281,282,283,284,285,305,316,317,510,511,512,513,523,524,525,633,634,635,636,637,638,639,640,641,660,661,760,761,
374;1;6648;6708;1;18,22,29,36,38,53,54,55,56,57,58,59,60,61,62,66,85,88,90,103,105,108,109,110,111,112,113,114,115,116,135,151,155,169,170,171,172,177,178,179,180,181,182,207,208,216,220,267,277,278,279,280,281,282,283,284,285,305,316,317,510,511,512,513,523,524,525,633,634,635,636,637,638,639,640,641,660,661,760,761,
98;0;6708;6729;0;18,22,29,36,38,53,54,55,56,57,58,59,60,61,62,66,85,88,90,103,105,108,109,110,111,112,113,114,115,116,135,151,155,169,170,171,172,177,178,179,180,181,182,207,208,216,220,267,277,278,279,280,281,282,283,284,285,305,316,317,510,511,512,513,523,524,525,633,634,635,636,637,638,639,640,641,660,661,760,761,
98;1;6729;6886;0;18,22,29,36,38,53,54,55,56,57,58,59,60,61,62,66,85,88,90,103,105,108,109,110,111,112,113,114,115,116,135,151,155,169,170,171,172,177,178,179,180,181,182,207,208,216,220,267,277,278,279,280,281,282,283,284,285,305,316,317,510,511,512,513,523,524,525,633,634,635,636,637,638,639,640,641,660,661,760,761,
203;0;6886;7050;0;18,22,29,36,38,53,54,55,56,57,58,59,60,61,62,66,85,88,90,103,105,108,109,110,111,112,113,114,115,116,135,151,155,169,170,171,172,177,178,179,180,181,182,207,208,216,220,267,277,278,279,280,281,282,283,284,285,305,316,317,510,511,512,513,523,524,525,633,634,635,636,637,638,639,640,641,660,661,760,761,
203;1;7050;7181;0;18,22,29,36,38,53,54,55,56,57,58,59,60,61,62,66,85,88,90,103,105,108,109,110,111,112,113,114,115,116,135,151,155,169,170,171,172,177,178,179,180,181,182,207,208,216,220,267,277,278,279,280,281,282,283,284,285,305,316,317,510,511,512,513,523,524,525,633,634,635,636,637,638,639,640,641,660,661,760,761,
306;0;7181;7215;1;18,22,29,36,38,53,54,55,56,57,58,59,60,61,62,66,85,88,90,103,105,108,109,110,111,112,113,114,115,116,135,151,155,169,170,171,172,177,178,179,180,181,182,207,208,216,220,267,277,278,279,280,281,282,283,284,285,305,316,317,510,511,512,513,523,524,525,633,634,635,636,637,638,639,640,641,660,661,760,761,
306;1;7215;7372;1;18,22,29,36,38,53,54,55,56,57,58,59,60,61,62,66,85,88,90,103,105,108,109,110,111,112,113,114,115,116,135,151,155,169,170,171,172,177,178,179,180,181,182,207,208,216,220,267,277,278,279,280,281,282,283,284,285,305,316,317,510,511,512,513,523,524,525,633,634,635,636,637,638,639,640,641,660,661,760,761,
27;0;7372;7477;0;18,22,29,36,38,53,54,55,56,57,58,59,60,61,62,66,85,88,90,103,105,108,109,110,111,112,113,114,115,116,135,151,155,169,170,171,172,177,178,179,180,181,182,207,208,216,220,267,277,278,279,280,281,282,283,284,285,305,316,317,510,511,512,513,523,524,525,633,634,635,636,637,638,639,640,641,660,661,760,761,
316;0;7477;7531;1;18,22,29,36,38,53,54,55,56,57,58,59,60,61,62,66,85,88,90,103,105,108,109,110,111,112,113,114,115,116,135,151,155,169,170,171,172,177,178,179,180,181,182,207,208,216,220,267,277,278,279,280,281,282,283,284,285,305,316,317,510,511,512,513,523,524,525,633,634,635,636,637,638,639,640,641,660,661,760,761,
316;1;7531;7652;1;18,22,29,36,38,53,54,55,56,57,58,59,60,61,62,66,85,88,90,103,105,108,109,110,111,112,113,114,115,116,135,151,155,169,170,171,172,177,178,179,180,181,182,207,208,216,220,267,277,278,279,280,281,282,283,284,285,305,316,317,510,511,512,513,523,524,525,633,634,635,636,637,638,639,640,641,660,661,760,761,
102;0;7652;7703;0;18,22,29,36,38,53,54,55,56,57,58,59,60,61,62,66,85,88,90,103,105,108,109,110,111,112,113,114,115,116,135,151,155,169,170,171,172,177,178,179,180,181,182,207,208,216,220,267,277,278,279,280,281,282,283,284,285,305,316,317,510,511,512,513,523,524,525,633,634,635,636,637,638,639,640,641,660,661,760,761,
61;0;7703;7754;1;18,22,29,36,38,53,54,55,56,57,58,59,60,61,62,66,85,88,90,103,105,108,109,110,111,112,113,114,115,116,135,151,155,169,170,171,172,177,178,179,180,181,182,207,208,216,220,267,277,278,279,280,281,282,283,284,285,305,316,317,510,511,512,513,523,524,525,633,634,635,636,637,638,639,640,641,660,661,760,761,
61;1;7754;7844;1;18,22,29,36,38,53,54,55,56,57,58,59,60,61,62,66,85,88,90,103,105,108,109,110,111,112,113,114,115,116,135,151,155,169,170,171,172,177,178,179,180,181,182,207,208,216,220,267,277,278,279,280,281,282,283,284,285,305,316,317,510,511,512,513,523,524,525,633,634,635,636,637,638,639,640,641,660,661,760,761,
15;0;7844;7975;0;18,22,29,36,38,53,54,55,56,57,58,59,60,61,62,66,85,88,90,103,105,108,109,110,111,112,113,114,115,116,135,151,155,169,170,171,172,177,178,179,180,181,182,207,208,216,220,267,277,278,279,280,281,282,283,284,285,305,316,317,510,511,512,513,523,524,525,633,634,635,636,637,638,639,640,641,660,661,760,761,
186;0;7975;8073;1;18,22,29,36,38,53,54,55,56,57,58,59,60,61,62,66,85,88,90,103,105,108,109,110,111,112,113,114,115,116,135,151,155,169,170,171,172,177,178,179,180,181,182,207,208,216,220,267,277,278,279,280,281,282,283,284,285,305,316,317,510,511,512,513,523,524,525,633,634,635,636,637,638,639,640,641,660,661,760,761,
186;1;8073;8217;1;18,22,29,36,38,53,54,55,56,57,58,59,60,61,62,66,85,88,90,103,105,108,109,110,111,112,113,114,115,116,135,151,155,169,170,171,172,177,178,179,180,181,182,207,208,216,220,267,277,278,279,280,281,282,283,284,285,305,316,317,510,511,512,513,523,524,525,633,634,635,636,637,638,639,640,641,660,661,760,761,
259;0;8217;8318;1;18,22,29,36,38,53,54,55,56,57,58,59,60,61,62,66,85,88,90,103,105,108,109,110,111,112,113,114,115,116,135,151,155,169,170,171,172,177,178,179,180,181,182,207,208,216,220,267,277,278,279,280,281,282,283,284,285,305,316,317,510,511,512,513,523,524,525,633,634,635,636,637,638,639,640,641,660,661,760,761,
259;1;8318;8394;1;18,22,29,36,38,53,54,55,56,57,58,59,60,61,62,66,85,88,90,103,105,108,109,110,111,112,113,114,115,116,135,151,155,169,170,171,172,177,178,179,180,181,182,207,208,216,220,267,277,278,279,280,281,282,283,284,285,305,316,317,510,511,512,513,523,524,525,633,634,635,636,637,638,639,640,641,660,661,760,761,
322;0;8394;8533;0;18,22,29,36,38,53,54,55,56,57,58,59,60,61,62,66,85,88,90,103,105,108,109,110,111,112,113,114,115,116,135,151,155,169,170,171,172,177,178,179,180,181,182,207,208,216,220,267,277,278,279,280,281,282,283,284,285,305,316,317,510,511,512,513,523,524,525,633,634,635,636,637,638,639,640,641,660,661,760,761,
23;0;8533;8627;0;18,22,29,36,38,53,54,55,56,57,58,59,60,61,62,66,85,88,90,103,105,108,109,110,111,112,113,114,115,116,135,151,155,169,170,171,172,177,178,179,180,181,182,207,208,216,220,267,277,278,279,280,281,282,283,284,285,305,316,317,510,511,512,513,523,524,525,633,634,635,636,637,638,639,640,641,660,661,760,761,
23;1;8627;8784;0;18,22,29,36,38,53,54,55,56,57,58,59,60,61,62,66,85,88,90,103,105,108,109,110,111,112,113,114,115,116,135,151,155,169,170,171,172,177,178,179,180,181,182,207,208,216,220,267,277,278,279,280,281,282,283,284,285,305,316,317,510,511,512,513,523,524,525,633,634,635,636,637,638,639,640,641,660,661,760,761,
160;0;8784;8835;0;18,22,29,36,38,53,54,55,56,57,58,59,60,61,62,66,85,88,90,103,105,108,109,110,111,112,113,114,115,116,135,151,155,169,170,171,172,177,178,179,180,181,182,207,208,216,220,267,277,278,279,280,281,282,283,284,285,305,316,317,510,511,512,513,523,524,525,633,634,635,636,637,638,639,640,641,660,661,760,761,
318;0;8835;8876;0;18,22,29,36,38,53,54,55,56,57,58,59,60,61,62,66,85,88,90,103,105,108,109,110,111,112,113,114,115,116,135,151,155,169,170,171,172,177,178,179,180,181,182,207,208,216,220,267,277,278,279,280,281,282,283,284,285,305,316,317,510,511,512,513,523,524,525,633,634,635,636,637,638,639,640,641,660,661,760,761,
318;1;8876;8960;0;18,22,29,36,38,53,54,55,56,57,58,59,60,61,62,66,85,88,90,103,105,108,109,110,111,112,113,114,115,116,135,151,155,169,170,171,172,177,178,179,180,181,182,207,208,216,220,267,277,278,279,280,281,282,283,284,285,305,316,317,510,511,512,513,523,524,525,633,634,635,636,637,638,639,640,641,660,661,760,761,
378;0;8960;9089;0;18,22,29,36,38,53,54,55,56,57,58,59,60,61,62,66,85,88,90,103,105,108,109,110,111,112,113,114,115,116,135,151,155,169,170,171,172,177,178,179,180,181,182,207,208,216,220,267,277,278,279,280,281,282,283,284,285,305,316,317,510,511,512,513,523,524,525,633,634,635,636,637,638,639,640,641,660,661,760,761,
378;1;9089;9149;0;18,22,29,36,38,53,54,55,56,57,58,59,60,61,62,66,85,88,90,103,105,108,109,110,111,112,113,114,115,116,135,151,155,169,170,171,172,177,178,179,180,181,182,207,208,216,220,267,277,278,279,280,281,282,283,284,285,305,316,317,510,511,512,513,523,524,525,633,634,635,636,637,638,639,640,641,660,661,760,761,
263;0;9149;9167;0;18,22,29,36,38,53,54,55,56,57,58,59,60,61,62,66,85,88,90,103,105,108,109,110,111,112,113,114,115,116,135,151,155,169,170,171,172,177,178,179,180,181,182,207,208,216,220,267,277,278,279,280,281,282,283,284,285,305,316,317,510,511,512,513,523,524,525,633,634,635,636,637,638,639,640,641,660,661,760,761,
263;1;9167;9288;0;18,22,29,36,38,53,54,55,56,57,58,59,60,61,62,66,85,88,90,103,105,108,109,110,111,112,113,114,115,116,135,151,155,169,170,171,172,177,178,179,180,181,182,207,208,216,220,267,277,278,279,280,281,282,283,284,285,305,316,317,510,511,512,513,523,524,525,633,634,635,636,637,638,639,640,641,660,661,760,761,
245;0;9288;9348;0;18,22,29,36,38,53,54,55,56,57,58,59,60,61,62,66,85,88,90,103,105,108,109,110,111,112,113,114,115,116,135,151,155,169,170,171,172,177,178,179,180,181,182,207,208,216,220,267,277,278,279,280,281,282,283,284,285,305,316,317,510,511,512,513,523,524,525,633,634,635,636,637,638,639,640,641,660,661,760,761,
304;0;9348;9484;1;18,22,29,36,38,53,54,55,56,57,58,59,60,61,62,66,85,88,90,103,105,108,109,110,111,112,113,114,115,116,135,151,155,169,170,171,172,177,178,179,180,181,182,207,208,216,220,267,277,278,279,280,281,282,283,284,285,305,316,317,510,511,512,513,523,524,525,633,634,635,636,637,638,639,640,641,660,661,760,761,
304;1;9484;9562;1;18,22,29,36,38,53,54,55,56,57,58,59,60,61,62,66,85,88,90,103,105,108,109,110,111,112,113,114,115,116,135,151,155,169,170,171,172,177,178,179,180,181,182,207,208,216,220,267,277,278,279,280,281,282,283,284,285,305,316,317,510,511,512,513,523,524,525,633,634,635,636,637,638,639,640,641,660,661,760,761,
326;0;9562;9587;1;18,22,29,36,38,53,54,55,56,57,58,59,60,61,62,66,85,88,90,103,105,108,109,110,111,112,113,114,115,116,135,151,155,169,170,171,172,177,178,179,180,181,182,207,208,216,220,267,277,278,279,280,281,282,283,284,285,305,316,317,510,511,512,513,523,524,525,633,634,635,636,637,638,639,640,641,660,661,760,761,
326;1;9587;9737;1;18,22,29,36,38,53,54,55,56,57,58,59,60,61,62,66,85,88,90,103,105,108,109,110,111,112,113,114,115,116,135,151,155,169,170,171,172,177,178,179,180,181,182,207,208,216,220,267,277,278,279,280,281,282,283,284,285,305,316,317,510,511,512,513,523,524,525,633,634,635,636,637,638,639,640,641,660,661,760,761,
110;0;9737;9835;0;18,22,29,36,38,53,54,55,56,57,58,59,60,61,62,66,85,88,90,103,105,108,109,110,111,112,113,114,115,116,135,151,155,169,170,171,172,177,178,179,180,181,182,207,208,216,220,267,277,278,279,280,281,282,283,284,285,305,316,317,510,511,512,513,523,524,525,633,634,635,636,637,638,639,640,641,660,661,760,761,
Machine: 4
7;0;0;31;0;2,27,36,38,52,54,55,56,57,58,59,60,61,62,82,84,85,87,90,103,135,137,157,158,159,160,161,162,163,164,165,166,169,191,206,207,208,209,210,214,215,216,217,218,268,286,287,288,289,298,305,347,348,349,350,383,384,385,395,396,397,398,399,416,417,418,571,649,650,651,652,653,654,655,656,789,790,791,792,793,
91;0;31;195;1;2,27,36,38,52,54,55,56,57,58,59,60,61,62,82,84,85,87,90,103,135,137,157,158,159,160,161,162,163,164,165,166,169,191,206,207,208,209,210,214,215,216,217,218,268,286,287,288,289,298,305,347,348,349,350,383,384,385,395,396,397,398,399,416,417,418,571,649,650,651,652,653,654,655,656,789,790,791,792,793,
91;1;195;344;1;2,27,36,38,52,54,55,56,57,58,59,60,61,62,82,84,85,87,90,103,135,137,157,158,159,160,161,162,163,164,165,166,169,191,206,207,208,209,210,214,215,216,217,218,268,286,287,288,289,298,305,347,348,349,350,383,384,385,395,396,397,398,399,416,417,418,571,649,650,651,652,653,654,655,656,789,790,791,792,793,
35;0;344;348;0;2,27,36,38,52,54,55,56,57,58,59,60,61,62,82,84,85,87,90,103,135,137,157,158,159,160,161,162,163,164,165,166,169,191,206,207,208,209,210,214,215,216,217,218,268,286,287,288,289,298,305,347,348,349,350,383,384,385,395,396,397,398,399,416,417,418,571,649,650,651,652,653,654,655,656,789,790,791,792,793,
21;0;348;474;1;2,27,36,38,52,54,55,56,57,58,59,60,61,62,82,84,85,87,90,103,135,137,157,158,159,160,161,162,163,164,165,166,169,191,206,207,208,209,210,214,215,216,217,218,268,286,287,288,289,298,305,347,348,349,350,383,384,385,395,396,397,398,399,416,417,418,571,649,650,651,652,653,654,655,656,789,790,791,792,793,
21;1;474;583;1;2,27,36,38,52,54,55,56,57,58,59,60,61,62,82,84,85,87,90,103,135,137,157,158,159,160,161,162,163,164,165,166,169,191,206,207,208,209,210,214,215,216,217,218,268,286,287,288,289,298,305,347,348,349,350,383,384,385,395,396,397,398,399,416,417,418,571,649,650,651,652,653,654,655,656,789,790,791,792,793,
233;0;583;657;0;2,27,36,38,52,54,55,56,57,58,59,60,61,62,82,84,85,87,90,103,135,137,157,158,159,160,161,162,163,164,165,166,169,191,206,207,208,209,210,214,215,216,217,218,268,286,287,288,289,298,305,347,348,349,350,383,384,385,395,396,397,398,399,416,417,418,571,649,650,651,652,653,654,655,656,789,790,791,792,793,
233;1;657;766;0;2,27,36,38,52,54,55,56,57,58,59,60,61,62,82,84,85,87,90,103,135,137,157,158,159,160,161,162,163,164,165,166,169,191,206,207,208,209,210,214,215,216,217,218,268,286,287,288,289,298,305,347,348,349,350,383,384,385,395,396,397,398,399,416,417,418,571,649,650,651,652,653,654,655,656,789,790,791,792,793,
63;0;766;847;0;2,27,36,38,52,54,55,56,57,58,59,60,61,62,82,84,85,87,90,103,135,137,157,158,159,160,161,162,163,164,165,166,169,191,206,207,208,209,210,214,215,216,217,218,268,286,287,288,289,298,305,347,348,349,350,383,384,385,395,396,397,398,399,416,417,418,571,649,650,651,652,653,654,655,656,789,790,791,792,793,
63;1;847;878;0;2,27,36,38,52,54,55,56,57,58,59,60,61,62,82,84,85,87,90,103,135,137,157,158,159,160,161,162,163,164,165,166,169,191,206,207,208,209,210,214,215,216,217,218,268,286,287,288,289,298,305,347,348,349,350,383,384,385,395,396,397,398,399,416,417,418,571,649,650,651,652,653,654,655,656,789,790,791,792,793,
244;0;878;1042;1;2,27,36,38,52,54,55,56,57,58,59,60,61,62,82,84,85,87,90,103,135,137,157,158,159,160,161,162,163,164,165,166,169,191,206,207,208,209,210,214,215,216,217,218,268,286,287,288,289,298,305,347,348,349,350,383,384,385,395,396,397,398,399,416,417,418,571,649,650,651,652,653,654,655,656,789,790,791,792,793,
244;1;1042;1119;1;2,27,36,38,52,54,55,56,57,58,59,60,61,62,82,84,85,87,90,103,135,137,157,158,159,160,161,162,163,164,165,166,169,191,206,207,208,209,210,214,215,216,217,218,268,286,287,288,289,298,305,347,348,349,350,383,384,385,395,396,397,398,399,416,417,418,571,649,650,651,652,653,654,655,656,789,790,791,792,793,
254;0;1119;1293;1;2,27,36,38,52,54,55,56,57,58,59,60,61,62,82,84,85,87,90,103,135,137,157,158,159,160,161,162,163,164,165,166,169,191,206,207,208,209,210,214,215,216,217,218,268,286,287,288,289,298,305,347,348,349,350,383,384,385,395,396,397,398,399,416,417,418,571,649,650,651,652,653,654,655,656,789,790,791,792,793,
254;1;1293;1354;1;2,27,36,38,52,54,55,56,57,58,59,60,61,62,82,84,85,87,90,103,135,137,157,158,159,160,161,162,163,164,165,166,169,191,206,207,208,209,210,214,215,216,217,218,268,286,287,288,289,298,305,347,348,349,350,383,384,385,395,396,397,398,399,416,417,418,571,649,650,651,652,653,654,655,656,789,790,791,792,793,
332;0;1354;1358;0;2,27,36,38,52,54,55,56,57,58,59,60,61,62,82,84,85,87,90,103,135,137,157,158,159,160,161,162,163,164,165,166,169,191,206,207,208,209,210,214,215,216,217,218,268,286,287,288,289,298,305,347,348,349,350,383,384,385,395,396,397,398,399,416,417,418,571,649,650,651,652,653,654,655,656,789,790,791,792,793,
362;0;1358;1456;0;2,27,36,38,52,54,55,56,57,58,59,60,61,62,82,84,85,87,90,103,135,137,157,158,159,160,161,162,163,164,165,166,169,191,206,207,208,209,210,214,215,216,217,218,268,286,287,288,289,298,305,347,348,349,350,383,384,385,395,396,397,398,399,416,417,418,571,649,650,651,652,653,654,655,656,789,790,791,792,793,
161;0;1456;1511;1;2,27,36,38,52,54,55,56,57,58,59,60,61,62,82,84,85,87,90,103,135,137,157,158,159,160,161,162,163,164,165,166,169,191,206,207,208,209,210,214,215,216,217,218,268,286,287,288,289,298,305,347,348,349,350,383,384,385,395,396,397,398,399,416,417,418,571,649,650,651,652,653,654,655,656,789,790,791,792,793,
161;1;1511;1595;1;2,27,36,38,52,54,55,56,57,58,59,60,61,62,82,84,85,87,90,103,135,137,157,158,159,160,161,162,163,164,165,166,169,191,206,207,208,209,210,214,215,216,217,218,268,286,287,288,289,298,305,347,348,349,350,383,384,385,395,396,397,398,399,416,417,418,571,649,650,651,652,653,654,655,656,789,790,791,792,793,
228;0;1595;1748;0;2,27,36,38,52,54,55,56,57,58,59,60,61,62,82,84,85,87,90,103,135,137,157,158,159,160,161,162,163,164,165,166,169,191,206,207,208,209,210,214,215,216,217,218,268,286,287,288,289,298,305,347,348,349,350,383,384,385,395,396,397,398,399,416,417,418,571,649,650,651,652,653,654,655,656,789,790,791,792,793,
228;1;1748;1763;0;2,27,36,38,52,54,55,56,57,58,59,60,61,62,82,84,85,87,90,103,135,137,157,158,159,160,161,162,163,164,165,166,169,191,206,207,208,209,210,214,215,216,217,218,268,286,287,288,289,298,305,347,348,349,350,383,384,385,395,396,397,398,399,416,417,418,571,649,650,651,652,653,654,655,656,789,790,791,792,793,
370;0;1763;1824;0;2,27,36,38,52,54,55,56,57,58,59,60,61,62,82,84,85,87,90,103,135,137,157,158,159,160,161,162,163,164,165,166,169,191,206,207,208,209,210,214,215,216,217,218,268,286,287,288,289,298,305,347,348,349,350,383,384,385,395,396,397,398,399,416,417,418,571,649,650,651,652,653,654,655,656,789,790,791,792,793,
365;0;1824;1990;0;2,27,36,38,52,54,55,56,57,58,59,60,61,62,82,84,85,87,90,103,135,137,157,158,159,160,161,162,163,164,165,166,169,191,206,207,208,209,210,214,215,216,217,218,268,286,287,288,289,298,305,347,348,349,350,383,384,385,395,396,397,398,399,416,417,418,571,649,650,651,652,653,654,655,656,789,790,791,792,793,
84;0;1990;2034;1;2,27,36,38,52,54,55,56,57,58,59,60,61,62,82,84,85,87,90,103,135,137,157,158,159,160,161,162,163,164,165,166,169,191,206,207,208,209,210,214,215,216,217,218,268,286,287,288,289,298,305,347,348,349,350,383,384,385,395,396,397,398,399,416,417,418,571,649,650,651,652,653,654,655,656,789,790,791,792,793,
84;1;2034;2049;1;2,27,36,38,52,54,55,56,57,58,59,60,61,62,82,84,85,87,90,103,135,137,157,158,159,160,161,162,163,164,165,166,169,191,206,207,208,209,210,214,215,216,217,218,268,286,287,288,289,298,305,347,348,349,350,383,384,385,395,396,397,398,399,416,417,418,571,649,650,651,652,653,654,655,656,789,790,791,792,793,
90;0;2049;2158;0;2,27,36,38,52,54,55,56,57,58,59,60,61,62,82,84,85,87,90,103,135,137,157,158,159,160,161,162,163,164,165,166,169,191,206,207,208,209,210,214,215,216,217,218,268,286,287,288,289,298,305,347,348,349,350,383,384,385,395,396,397,398,399,416,417,418,571,649,650,651,652,653,654,655,656,789,790,791,792,793,
275;0;2158;2279;0;2,27,36,38,52,54,55,56,57,58,59,60,61,62,82,84,85,87,90,103,135,137,151,158,165,169,191,206,207,208,216,218,229,230,231,232,233,234,235,236,268,286,287,288,289,298,305,337,338,339,340,341,342,343,344,345,346,347,348,349,350,383,384,385,395,396,397,398,399,416,417,418,424,425,426,427,428,429,430,431,
70;0;2279;2416;0;2,27,36,38,52,54,55,56,57,58,59,60,61,62,82,84,85,87,90,103,135,137,151,158,165,169,191,206,207,208,216,218,229,230,231,232,233,234,235,236,268,286,287,288,289,298,305,337,338,339,340,341,342,343,344,345,346,347,348,349,350,383,384,385,395,396,397,398,399,416,417,418,424,425,426,427,428,429,430,431,
132;0;2416;2493;0;2,27,36,38,52,54,55,56,57,58,59,60,61,62,82,84,85,87,90,103,135,137,151,158,165,169,191,206,207,208,216,218,229,230,231,232,233,234,235,236,268,286,287,288,289,298,305,337,338,339,340,341,342,343,344,345,346,347,348,349,350,383,384,385,395,396,397,398,399,416,417,418,424,425,426,427,428,429,430,431,
177;0;2493;2657;0;2,27,36,38,52,54,55,56,57,58,59,60,61,62,82,84,85,87,90,103,135,137,151,158,165,169,191,206,207,208,216,218,229,230,231,232,233,234,235,236,268,286,287,288,289,298,305,337,338,339,340,341,342,343,344,345,346,347,348,349,350,383,384,385,395,396,397,398,399,416,417,418,424,425,426,427,428,429,430,431,
73;0;2657;2811;0;2,27,36,38,52,54,55,56,57,58,59,60,61,62,82,84,85,87,90,103,135,137,151,158,165,169,191,206,207,208,216,218,229,230,231,232,233,234,235,236,268,286,287,288,289,298,305,337,338,339,340,341,342,343,344,345,346,347,348,349,350,383,384,385,395,396,397,398,399,416,417,418,424,425,426,427,428,429,430,431,
73;1;2811;2895;0;2,27,36,38,52,54,55,56,57,58,59,60,61,62,82,84,85,87,90,103,135,137,151,158,165,169,191,206,207,208,216,218,229,230,231,232,233,234,235,236,268,286,287,288,289,298,305,337,338,339,340,341,342,343,344,345,346,347,348,349,350,383,384,385,395,396,397,398,399,416,417,418,424,425,426,427,428,429,430,431,
360;0;2895;2972;0;2,27,36,38,52,54,55,56,57,58,59,60,61,62,82,84,85,87,90,103,135,137,151,158,165,169,191,206,207,208,216,218,229,230,231,232,233,234,235,236,268,286,287,288,289,298,305,337,338,339,340,341,342,343,344,345,346,347,348,349,350,383,384,385,395,396,397,398,399,416,417,418,424,425,426,427,428,429,430,431,
367;0;2972;3136;0;2,27,36,38,52,54,55,56,57,58,59,60,61,62,82,84,85,87,90,103,135,137,151,158,165,169,191,206,207,208,216,218,229,230,231,232,233,234,235,236,268,286,287,288,289,298,305,337,338,339,340,341,342,343,344,345,346,347,348,349,350,383,384,385,395,396,397,398,399,416,417,418,424,425,426,427,428,429,430,431,
246;0;3136;3177;1;2,27,36,38,52,54,55,56,57,58,59,60,61,62,82,84,85,87,90,103,135,137,151,158,165,169,191,206,207,208,216,218,229,230,231,232,233,234,235,236,268,286,287,288,289,298,305,337,338,339,340,341,342,343,344,345,346,347,348,349,350,383,384,385,395,396,397,398,399,416,417,418,424,425,426,427,428,429,430,431,
246;1;3177;3292;1;2,27,36,38,52,54,55,56,57,58,59,60,61,62,82,84,85,87,90,103,135,137,151,158,165,169,191,206,207,208,216,218,229,230,231,232,233,234,235,236,268,286,287,288,289,298,305,337,338,339,340,341,342,343,344,345,346,347,348,349,350,383,384,385,395,396,397,398,399,416,417,418,424,425,426,427,428,429,430,431,
309;0;3292;3450;1;2,27,36,38,52,54,55,56,57,58,59,60,61,62,82,84,85,87,90,103,135,137,151,158,165,169,191,206,207,208,216,218,229,230,231,232,233,234,235,236,268,286,287,288,289,298,305,337,338,339,340,341,342,343,344,345,346,347,348,349,350,383,384,385,395,396,397,398,399,416,417,418,424,425,426,427,428,429,430,431,
309;1;3450;3465;1;2,27,36,38,52,54,55,56,57,58,59,60,61,62,82,84,85,87,90,103,135,137,151,158,165,169,191,206,207,208,216,218,229,230,231,232,233,234,235,236,268,286,287,288,289,298,305,337,338,339,340,341,342,343,344,345,346,347,348,349,350,383,384,385,395,396,397,398,399,416,417,418,424,425,426,427,428,429,430,431,
40;0;3465;3629;0;2,27,36,38,52,54,55,56,57,58,59,60,61,62,82,84,85,87,90,103,135,137,151,158,165,169,191,206,207,208,216,218,229,230,231,232,233,234,235,236,268,286,287,288,289,298,305,337,338,339,340,341,342,343,344,345,346,347,348,349,350,383,384,385,395,396,397,398,399,416,417,418,424,425,426,427,428,429,430,431,
43;0;3629;3675;0;2,27,36,38,52,54,55,56,57,58,59,60,61,62,82,84,85,87,90,103,135,137,151,158,165,169,191,206,207,208,216,218,229,230,231,232,233,234,235,236,268,286,287,288,289,298,305,337,338,339,340,341,342,343,344,345,346,347,348,349,350,383,384,385,395,396,397,398,399,416,417,418,424,425,426,427,428,429,430,431,
43;1;3675;3839;0;2,27,36,38,52,54,55,56,57,58,59,60,61,62,82,84,85,87,90,103,135,137,151,158,165,169,191,206,207,208,216,218,229,230,231,232,233,234,235,236,268,286,287,288,289,298,305,337,338,339,340,341,342,343,344,345,346,347,348,349,350,383,384,385,395,396,397,398,399,416,417,418,424,425,426,427,428,429,430,431,
202;0;3839;4003;0;2,27,36,38,52,54,55,56,57,58,59,60,61,62,82,84,85,87,90,103,135,137,151,158,165,169,191,206,207,208,216,218,229,230,231,232,233,234,235,236,268,286,287,288,289,298,305,337,338,339,340,341,342,343,344,345,346,347,348,349,350,383,384,385,395,396,397,398,399,416,417,418,424,425,426,427,428,429,430,431,
82;0;4003;4124;0;2,27,36,38,52,54,55,56,57,58,59,60,61,62,82,84,85,87,90,103,135,137,151,158,165,169,191,206,207,208,216,218,229,230,231,232,233,234,235,236,268,286,287,288,289,298,305,337,338,339,340,341,342,343,344,345,346,347,348,349,350,383,384,385,395,396,397,398,399,416,417,418,424,425,426,427,428,429,430,431,
168;0;4124;4170;0;2,27,36,38,52,54,55,56,57,58,59,60,61,62,82,84,85,87,90,103,135,137,151,158,165,169,191,206,207,208,216,218,229,230,231,232,233,234,235,236,268,286,287,288,289,298,305,337,338,339,340,341,342,343,344,345,346,347,348,349,350,383,384,385,395,396,397,398,399,416,417,418,424,425,426,427,428,429,430,431,
168;1;4170;4203;0;2,27,36,38,52,54,55,56,57,58,59,60,61,62,82,84,85,87,90,103,135,137,151,158,165,169,191,206,207,208,216,218,229,230,231,232,233,234,235,236,268,286,287,288,289,298,305,337,338,339,340,341,342,343,344,345,346,347,348,349,350,383,384,385,395,396,397,398,399,416,417,418,424,425,426,427,428,429,430,431,
317;0;4203;4301;0;2,27,36,38,52,54,55,56,57,58,59,60,61,62,82,84,85,87,90,103,135,137,151,158,165,169,191,206,207,208,216,218,229,230,231,232,233,234,235,236,268,286,287,288,289,298,305,337,338,339,340,341,342,343,344,345,346,347,348,349,350,383,384,385,395,396,397,398,399,416,417,418,424,425,426,427,428,429,430,431,
93;0;4301;4431;0;2,27,36,38,52,54,55,56,57,58,59,60,61,62,82,84,85,87,90,103,135,137,151,158,165,169,191,206,207,208,216,218,229,230,231,232,233,234,235,236,268,286,287,288,289,298,305,337,338,339,340,341,342,343,344,345,346,347,348,349,350,383,384,385,395,396,397,398,399,416,417,418,424,425,426,427,428,429,430,431,
93;1;4431;4546;0;2,27,36,38,52,54,55,56,57,58,59,60,61,62,82,84,85,87,90,103,135,137,151,158,165,169,191,206,207,208,216,218,229,230,231,232,233,234,235,236,268,286,287,288,289,298,305,337,338,339,340,341,342,343,344,345,346,347,348,349,350,383,384,385,395,396,397,398,399,416,417,418,424,425,426,427,428,429,430,431,
390;0;4546;4683;0;2,27,36,38,52,54,55,56,57,58,59,60,61,62,82,84,85,87,90,103,135,137,151,158,165,169,191,206,207,208,216,218,229,230,231,232,233,234,235,236,268,286,287,288,289,298,305,337,338,339,340,341,342,343,344,345,346,347,348,349,350,383,384,385,395,396,397,398,399,416,417,418,424,425,426,427,428,429,430,431,
51;0;4683;4687;1;2,27,36,38,52,54,55,56,57,58,59,60,61,62,82,84,85,87,90,103,135,137,151,158,165,169,191,206,207,208,216,218,229,230,231,232,233,234,235,236,268,286,287,288,289,298,305,337,338,339,340,341,342,343,344,345,346,347,348,349,350,383,384,385,395,396,397,398,399,416,417,418,424,425,426,427,428,429,430,431,
51;1;4687;4824;1;2,27,36,38,52,54,55,56,57,58,59,60,61,62,82,84,85,87,90,103,135,137,151,158,165,169,191,206,207,208,216,218,229,230,231,232,233,234,235,236,268,286,287,288,289,298,305,337,338,339,340,341,342,343,344,345,346,347,348,349,350,383,384,385,395,396,397,398,399,416,417,418,424,425,426,427,428,429,430,431,
196;0;4824;4945;1;2,18,27,36,38,52,54,78,82,84,85,90,103,135,136,142,143,144,145,146,147,148,149,150,151,158,165,191,196,235,249,268,286,287,288,295,300,301,302,337,338,339,340,341,342,343,344,345,346,349,416,417,418,426,461,476,484,488,530,531,532,533,534,535,536,537,538,539,540,541,542,543,544,545,546,547,548,611,631,632,
196;1;4945;5082;1;2,18,27,36,38,52,54,78,82,84,85,90,103,135,136,142,143,144,145,146,147,148,149,150,151,158,165,191,196,235,249,268,286,287,288,295,300,301,302,337,338,339,340,341,342,343,344,345,346,349,416,417,418,426,461,476,484,488,530,531,532,533,534,535,536,537,538,539,540,541,542,543,544,545,546,547,548,611,631,632,
221;0;5082;5159;1;2,18,27,36,38,52,54,78,82,84,85,90,103,135,136,142,143,144,145,146,147,148,149,150,151,158,165,191,196,235,249,268,286,287,288,295,300,301,302,337,338,339,340,341,342,343,344,345,346,349,416,417,418,426,461,476,484,488,530,531,532,533,534,535,536,537,538,539,540,541,542,543,544,545,546,547,548,611,631,632,
221;1;5159;5192;1;2,18,27,36,38,52,54,78,82,84,85,90,103,135,136,142,143,144,145,146,147,148,149,150,151,158,165,191,196,235,249,268,286,287,288,295,300,301,302,337,338,339,340,341,342,343,344,345,346,349,416,417,418,426,461,476,484,488,530,531,532,533,534,535,536,537,538,539,540,541,542,543,544,545,546,547,548,611,631,632,
237;0;5192;5225;0;2,18,27,36,38,52,54,78,82,84,85,90,103,135,136,142,143,144,145,146,147,148,149,150,151,158,165,191,196,235,249,268,286,287,288,295,300,301,302,337,338,339,340,341,342,343,344,345,346,349,416,417,418,426,461,476,484,488,530,531,532,533,534,535,536,537,538,539,540,541,542,543,544,545,546,547,548,611,631,632,
65;0;5225;5389;0;2,18,27,36,38,52,54,78,82,84,85,90,103,135,136,142,143,144,145,146,147,148,149,150,151,158,165,191,196,235,249,268,286,287,288,295,300,301,302,337,338,339,340,341,342,343,344,345,346,349,416,417,418,426,461,476,484,488,530,531,532,533,534,535,536,537,538,539,540,541,542,543,544,545,546,547,548,611,631,632,
250;0;5389;5425;0;2,18,27,36,38,52,54,78,82,84,85,90,103,135,136,142,143,144,145,146,147,148,149,150,151,158,165,191,196,235,249,268,286,287,288,295,300,301,302,337,338,339,340,341,342,343,344,345,346,349,416,417,418,426,461,476,484,488,530,531,532,533,534,535,536,537,538,539,540,541,542,543,544,545,546,547,548,611,631,632,
375;0;5425;5457;0;2,18,27,36,38,52,54,78,82,84,85,90,103,135,136,142,143,144,145,146,147,148,149,150,151,158,165,191,196,235,249,268,286,287,288,295,300,301,302,337,338,339,340,341,342,343,344,345,346,349,416,417,418,426,461,476,484,488,530,531,532,533,534,535,536,537,538,539,540,541,542,543,544,545,546,547,548,611,631,632,
145;0;5457;5631;0;2,18,27,36,38,52,54,78,82,84,85,90,103,135,136,142,143,144,145,146,147,148,149,150,151,158,165,191,196,235,249,268,286,287,288,295,300,301,302,337,338,339,340,341,342,343,344,345,346,349,416,417,418,426,461,476,484,488,530,531,532,533,534,535,536,537,538,539,540,541,542,543,544,545,546,547,548,611,631,632,
342;0;5631;5805;0;2,18,27,36,38,52,54,78,82,84,85,90,103,135,136,142,143,144,145,146,147,148,149,150,151,158,165,191,196,235,249,268,286,287,288,295,300,301,302,337,338,339,340,341,342,343,344,345,346,349,416,417,418,426,461,476,484,488,530,531,532,533,534,535,536,537,538,539,540,541,542,543,544,545,546,547,548,611,631,632,
290;0;5805;5837;0;2,18,27,36,38,52,54,78,82,84,85,90,103,135,136,142,143,144,145,146,147,148,149,150,151,158,165,191,196,235,249,268,286,287,288,295,300,301,302,337,338,339,340,341,342,343,344,345,346,349,416,417,418,426,461,476,484,488,530,531,532,533,534,535,536,537,538,539,540,541,542,543,544,545,546,547,548,611,631,632,
240;0;5837;5869;0;2,18,27,36,38,52,54,78,82,84,85,90,103,135,136,142,143,144,145,146,147,148,149,150,151,158,165,191,196,235,249,268,286,287,288,295,300,301,302,337,338,339,340,341,342,343,344,345,346,349,416,417,418,426,461,476,484,488,530,531,532,533,534,535,536,537,538,539,540,541,542,543,544,545,546,547,548,611,631,632,
201;0;5869;5908;1;2,18,27,36,38,52,54,78,82,84,85,90,103,135,136,142,143,144,145,146,147,148,149,150,151,158,165,191,196,235,249,268,286,287,288,295,300,301,302,337,338,339,340,341,342,343,344,345,346,349,416,417,418,426,461,476,484,488,530,531,532,533,534,535,536,537,538,539,540,541,542,543,544,545,546,547,548,611,631,632,
201;1;5908;6072;1;2,18,27,36,38,52,54,78,82,84,85,90,103,135,136,142,143,144,145,146,147,148,149,150,151,158,165,191,196,235,249,268,286,287,288,295,300,301,302,337,338,339,340,341,342,343,344,345,346,349,416,417,418,426,461,476,484,488,530,531,532,533,534,535,536,537,538,539,540,541,542,543,544,545,546,547,548,611,631,632,
175;0;6072;6209;0;2,18,27,36,38,52,54,78,82,84,85,90,103,135,136,142,143,144,145,146,147,148,149,150,151,158,165,191,196,235,249,268,286,287,288,295,300,301,302,337,338,339,340,341,342,343,344,345,346,349,416,417,418,426,461,476,484,488,530,531,532,533,534,535,536,537,538,539,540,541,542,543,544,545,546,547,548,611,631,632,
311;0;6209;6255;1;2,18,27,36,38,52,54,78,82,84,85,90,103,135,136,142,143,144,145,146,147,148,149,150,151,158,165,191,196,235,249,268,286,287,288,295,300,301,302,337,338,339,340,341,342,343,344,345,346,349,416,417,418,426,461,476,484,488,530,531,532,533,534,535,536,537,538,539,540,541,542,543,544,545,546,547,548,611,631,632,
311;1;6255;6404;1;2,18,27,36,38,52,54,78,82,84,85,90,103,135,136,142,143,144,145,146,147,148,149,150,151,158,165,191,196,235,249,268,286,287,288,295,300,301,302,337,338,339,340,341,342,343,344,345,346,349,416,417,418,426,461,476,484,488,530,531,532,533,534,535,536,537,538,539,540,541,542,543,544,545,546,547,548,611,631,632,
333;0;6404;6490;0;2,18,27,36,38,52,54,78,81,82,84,85,90,100,102,103,104,105,106,107,135,136,142,143,144,145,146,147,148,149,150,151,158,165,191,196,235,238,239,242,249,268,286,287,288,295,300,301,302,318,319,320,321,322,323,324,325,326,337,338,344,349,416,417,418,426,476,762,763,764,765,766,767,768,769,770,771,772,773,774,
333;1;6490;6552;0;2,18,27,36,38,52,54,78,81,82,84,85,90,100,102,103,104,105,106,107,135,136,142,143,144,145,146,147,148,149,150,151,158,165,191,196,235,238,239,242,249,268,286,287,288,295,300,301,302,318,319,320,321,322,323,324,325,326,337,338,344,349,416,417,418,426,476,762,763,764,765,766,767,768,769,770,771,772,773,774,
328;0;6552;6683;0;2,18,27,36,38,52,54,78,81,82,84,85,90,100,102,103,104,105,106,107,135,136,142,143,144,145,146,147,148,149,150,151,158,165,191,196,235,238,239,242,249,268,286,287,288,295,300,301,302,318,319,320,321,322,323,324,325,326,337,338,344,349,416,417,418,426,476,762,763,764,765,766,767,768,769,770,771,772,773,774,
328;1;6683;6832;0;2,18,27,36,38,52,54,78,81,82,84,85,90,100,102,103,104,105,106,107,135,136,142,143,144,145,146,147,148,149,150,151,158,165,191,196,235,238,239,242,249,268,286,287,288,295,300,301,302,318,319,320,321,322,323,324,325,326,337,338,344,349,416,417,418,426,476,762,763,764,765,766,767,768,769,770,771,772,773,774,
373;0;6832;6983;0;2,18,27,36,38,52,54,78,81,82,84,85,90,100,102,103,104,105,106,107,135,136,142,143,144,145,146,147,148,149,150,151,158,165,191,196,235,238,239,242,249,268,286,287,288,295,300,301,302,318,319,320,321,322,323,324,325,326,337,338,344,349,416,417,418,426,476,762,763,764,765,766,767,768,769,770,771,772,773,774,
373;1;6983;7134;0;2,18,27,36,38,52,54,78,81,82,84,85,90,100,102,103,104,105,106,107,135,136,142,143,144,145,146,147,148,149,150,151,158,165,191,196,235,238,239,242,249,268,286,287,288,295,300,301,302,318,319,320,321,322,323,324,325,326,337,338,344,349,416,417,418,426,476,762,763,764,765,766,767,768,769,770,771,772,773,774,
60;0;7134;7299;0;2,18,27,36,38,52,54,78,81,82,84,85,90,100,102,103,104,105,106,107,135,136,142,143,144,145,146,147,148,149,150,151,158,165,191,196,235,238,239,242,249,268,286,287,288,295,300,301,302,318,319,320,321,322,323,324,325,326,337,338,344,349,416,417,418,426,476,762,763,764,765,766,767,768,769,770,771,772,773,774,
19;0;7299;7447;1;2,18,27,36,38,52,54,78,81,82,84,85,90,100,102,103,104,105,106,107,135,136,142,143,144,145,146,147,148,149,150,151,158,165,191,196,235,238,239,242,249,268,286,287,288,295,300,301,302,318,319,320,321,322,323,324,325,326,337,338,344,349,416,417,418,426,476,762,763,764,765,766,767,768,769,770,771,772,773,774,
19;1;7447;7611;1;2,18,27,36,38,52,54,78,81,82,84,85,90,100,102,103,104,105,106,107,135,136,142,143,144,145,146,147,148,149,150,151,158,165,191,196,235,238,239,242,249,268,286,287,288,295,300,301,302,318,319,320,321,322,323,324,325,326,337,338,344,349,416,417,418,426,476,762,763,764,765,766,767,768,769,770,771,772,773,774,
120;0;7611;7762;0;2,18,27,36,38,52,54,78,81,82,84,85,90,100,102,103,104,105,106,107,135,136,142,143,144,145,146,147,148,149,150,151,158,165,191,196,235,238,239,242,249,268,286,287,288,295,300,301,302,318,319,320,321,322,323,324,325,326,337,338,344,349,416,417,418,426,476,762,763,764,765,766,767,768,769,770,771,772,773,774,
361;0;7762;7903;1;2,18,20,21,22,23,24,25,26,27,28,29,36,38,52,54,78,81,82,84,85,89,90,100,135,142,143,144,145,146,147,148,149,150,151,154,177,183,184,185,186,187,188,189,190,191,192,196,199,250,251,301,319,344,349,375,418,476,491,522,646,647,648,666,667,668,669,670,671,672,673,674,675,676,677,678,679,680,681,682,
361;1;7903;8067;1;2,18,20,21,22,23,24,25,26,27,28,29,36,38,52,54,78,81,82,84,85,89,90,100,135,142,143,144,145,146,147,148,149,150,151,154,177,183,184,185,186,187,188,189,190,191,192,196,199,250,251,301,319,344,349,375,418,476,491,522,646,647,648,666,667,668,669,670,671,672,673,674,675,676,677,678,679,680,681,682,
288;0;8067;8191;0;2,18,20,21,22,23,24,25,26,27,28,29,36,38,52,54,78,81,82,84,85,89,90,100,135,142,143,144,145,146,147,148,149,150,151,154,177,183,184,185,186,187,188,189,190,191,192,196,199,250,251,301,319,344,349,375,418,476,491,522,646,647,648,666,667,668,669,670,671,672,673,674,675,676,677,678,679,680,681,682,
288;1;8191;8278;0;2,18,20,21,22,23,24,25,26,27,28,29,36,38,52,54,78,81,82,84,85,89,90,100,135,142,143,144,145,146,147,148,149,150,151,154,177,183,184,185,186,187,188,189,190,191,192,196,199,250,251,301,319,344,349,375,418,476,491,522,646,647,648,666,667,668,669,670,671,672,673,674,675,676,677,678,679,680,681,682,
220;0;8278;8319;0;2,18,20,21,22,23,24,25,26,27,28,29,36,38,52,54,78,81,82,84,85,89,90,100,135,142,143,144,145,146,147,148,149,150,151,154,177,183,184,185,186,187,188,189,190,191,192,196,199,250,251,301,319,344,349,375,418,476,491,522,646,647,648,666,667,668,669,670,671,672,673,674,675,676,677,678,679,680,681,682,
252;0;8319;8471;0;2,18,20,21,22,23,24,25,26,27,28,29,36,38,52,54,78,81,82,84,85,89,90,100,135,142,143,144,145,146,147,148,149,150,151,154,177,183,184,185,186,187,188,189,190,191,192,196,199,250,251,301,319,344,349,375,418,476,491,522,646,647,648,666,667,668,669,670,671,672,673,674,675,676,677,678,679,680,681,682,
156;0;8471;8565;1;2,18,20,21,22,23,24,25,26,27,28,29,36,38,52,54,78,81,82,84,85,89,90,100,135,142,143,144,145,146,147,148,149,150,151,154,177,183,184,185,186,187,188,189,190,191,192,196,199,250,251,301,319,344,349,375,418,476,491,522,646,647,648,666,667,668,669,670,671,672,673,674,675,676,677,678,679,680,681,682,
156;1;8565;8737;1;2,18,20,21,22,23,24,25,26,27,28,29,36,38,52,54,78,81,82,84,85,89,90,100,135,142,143,144,145,146,147,148,149,150,151,154,177,183,184,185,186,187,188,189,190,191,192,196,199,250,251,301,319,344,349,375,418,476,491,522,646,647,648,666,667,668,669,670,671,672,673,674,675,676,677,678,679,680,681,682,
2;0;8737;8909;1;2,18,20,21,22,23,24,25,26,27,28,29,36,38,52,54,78,81,82,84,85,89,90,100,135,142,143,144,145,146,147,148,149,150,151,154,177,183,184,185,186,187,188,189,190,191,192,196,199,250,251,301,319,344,349,375,418,476,491,522,646,647,648,666,667,668,669,670,671,672,673,674,675,676,677,678,679,680,681,682,
295;0;8909;8996;0;2,18,20,21,22,23,24,25,26,27,28,29,36,38,52,54,78,81,82,84,85,89,90,100,135,142,143,144,145,146,147,148,149,150,151,154,177,183,184,185,186,187,188,189,190,191,192,196,199,250,251,301,319,344,349,375,418,476,491,522,646,647,648,666,667,668,669,670,671,672,673,674,675,676,677,678,679,680,681,682,
26;0;8996;9084;1;2,18,20,21,22,23,24,25,26,27,28,29,36,38,52,54,78,81,82,84,85,89,90,100,135,142,143,144,145,146,147,148,149,150,151,154,177,183,184,185,186,187,188,189,190,191,192,196,199,250,251,301,319,344,349,375,418,476,491,522,646,647,648,666,667,668,669,670,671,672,673,674,675,676,677,678,679,680,681,682,
26;1;9084;9125;1;2,18,20,21,22,23,24,25,26,27,28,29,36,38,52,54,78,81,82,84,85,89,90,100,135,142,143,144,145,146,147,148,149,150,151,154,177,183,184,185,186,187,188,189,190,191,192,196,199,250,251,301,319,344,349,375,418,476,491,522,646,647,648,666,667,668,669,670,671,672,673,674,675,676,677,678,679,680,681,682,
301;0;9125;9300;1;2,18,53,73,77,94,96,135,151,154,196,199,220,301,319,344,386,389,410,468,469,470,471,472,473,474,475,476,489,496,509,556,567,664,682,689,690,691,692,693,694,695,696,697,698,699,700,701,702,703,704,705,706,707,708,709,710,711,712,713,714,715,716,717,718,719,720,721,722,723,724,725,726,727,728,729,730,731,732,733,
301;1;9300;9379;1;2,18,53,73,77,94,96,135,151,154,196,199,220,301,319,344,386,389,410,468,469,470,471,472,473,474,475,476,489,496,509,556,567,664,682,689,690,691,692,693,694,695,696,697,698,699,700,701,702,703,704,705,706,707,708,709,710,711,712,713,714,715,716,717,718,719,720,721,722,723,724,725,726,727,728,729,730,731,732,733,
302;0;9379;9531;0;2,18,53,73,77,94,96,135,151,154,196,199,220,301,319,344,386,389,410,468,469,470,471,472,473,474,475,476,489,496,509,556,567,664,682,689,690,691,692,693,694,695,696,697,698,699,700,701,702,703,704,705,706,707,708,709,710,711,712,713,714,715,716,717,718,719,720,721,722,723,724,725,726,727,728,729,730,731,732,733,
6;0;9531;9603;1;2,18,53,73,77,94,96,135,151,154,196,199,220,301,319,344,386,389,410,468,469,470,471,472,473,474,475,476,489,496,509,556,567,664,682,689,690,691,692,693,694,695,696,697,698,699,700,701,702,703,704,705,706,707,708,709,710,711,712,713,714,715,716,717,718,719,720,721,722,723,724,725,726,727,728,729,730,731,732,733,
6;1;9603;9693;1;2,18,53,73,77,94,96,135,151,154,196,199,220,301,319,344,386,389,410,468,469,470,471,472,473,474,475,476,489,496,509,556,567,664,682,689,690,691,692,693,694,695,696,697,698,699,700,701,702,703,704,705,706,707,708,709,710,711,712,713,714,715,716,717,718,719,720,721,722,723,724,725,726,727,728,729,730,731,732,733,
113;0;9693;9853;0;2,18,53,73,77,94,96,135,151,154,196,199,220,301,319,344,386,389,410,468,469,470,471,472,473,474,475,476,489,496,509,556,567,664,682,689,690,691,692,693,694,695,696,697,698,699,700,701,702,703,704,705,706,707,708,709,710,711,712,713,714,715,716,717,718,719,720,721,722,723,724,725,726,727,728,729,730,731,732,733,
113;1;9853;9942;0;2,18,53,73,77,94,96,135,151,154,196,199,220,301,319,344,386,389,410,468,469,470,471,472,473,474,475,476,489,496,509,556,567,664,682,689,690,691,692,693,694,695,696,697,698,699,700,701,702,703,704,705,706,707,708,709,710,711,712,713,714,715,716,717,718,719,720,721,722,723,724,725,726,727,728,729,730,731,732,733,
Machine: 5
112;0;0;50;0;10,18,21,40,73,75,77,89,90,91,92,93,94,95,96,97,115,117,135,140,151,153,155,182,183,186,188,190,197,208,209,220,221,237,238,239,240,241,242,243,244,250,259,262,278,279,283,293,295,305,312,327,328,329,330,331,332,333,334,335,336,361,362,363,364,502,598,599,600,601,611,631,781,782,783,784,785,786,787,788,
77;0;50;95;0;10,18,21,40,73,75,77,89,90,91,92,93,94,95,96,97,115,117,135,140,151,153,155,182,183,186,188,190,197,208,209,220,221,237,238,239,240,241,242,243,244,250,259,262,278,279,283,293,295,305,312,327,328,329,330,331,332,333,334,335,336,361,362,363,364,502,598,599,600,601,611,631,781,782,783,784,785,786,787,788,
94;0;95;99;1;10,18,21,40,73,75,77,89,90,91,92,93,94,95,96,97,115,117,135,140,151,153,155,182,183,186,188,190,197,208,209,220,221,237,238,239,240,241,242,243,244,250,259,262,278,279,283,293,295,305,312,327,328,329,330,331,332,333,334,335,336,361,362,363,364,502,598,599,600,601,611,631,781,782,783,784,785,786,787,788,
94;1;99;144;1;10,18,21,40,73,75,77,89,90,91,92,93,94,95,96,97,115,117,135,140,151,153,155,182,183,186,188,190,197,208,209,220,221,237,238,239,240,241,242,243,244,250,259,262,278,279,283,293,295,305,312,327,328,329,330,331,332,333,334,335,336,361,362,363,364,502,598,599,600,601,611,631,781,782,783,784,785,786,787,788,
62;0;144;291;0;10,18,21,40,73,75,77,89,90,91,92,93,94,95,96,97,115,117,135,140,151,153,155,182,183,186,188,190,197,208,209,220,221,237,238,239,240,241,242,243,244,250,259,262,278,279,283,293,295,305,312,327,328,329,330,331,332,333,334,335,336,361,362,363,364,502,598,599,600,601,611,631,781,782,783,784,785,786,787,788,
214;0;291;464;1;10,18,21,40,73,75,77,89,90,91,92,93,94,95,96,97,115,117,135,140,151,153,155,182,183,186,188,190,197,208,209,220,221,237,238,239,240,241,242,243,244,250,259,262,278,279,283,293,295,305,312,327,328,329,330,331,332,333,334,335,336,361,362,363,364,502,598,599,600,601,611,631,781,782,783,784,785,786,787,788,
214;1;464;625;1;10,18,21,40,73,75,77,89,90,91,92,93,94,95,96,97,115,117,135,140,151,153,155,182,183,186,188,190,197,208,209,220,221,237,238,239,240,241,242,243,244,250,259,262,278,279,283,293,295,305,312,327,328,329,330,331,332,333,334,335,336,361,362,363,364,502,598,599,600,601,611,631,781,782,783,784,785,786,787,788,
212;0;625;786;0;10,18,21,40,73,75,77,89,90,91,92,93,94,95,96,97,115,117,135,140,151,153,155,182,183,186,188,190,197,208,209,220,221,237,238,239,240,241,242,243,244,250,259,262,278,279,283,293,295,305,312,327,328,329,330,331,332,333,334,335,336,361,362,363,364,502,598,599,600,601,611,631,781,782,783,784,785,786,787,788,
12;0;786;933;0;10,18,21,40,73,75,77,89,90,91,92,93,94,95,96,97,115,117,135,140,151,153,155,182,183,186,188,190,197,208,209,220,221,237,238,239,240,241,242,243,244,250,259,262,278,279,283,293,295,305,312,327,328,329,330,331,332,333,334,335,336,361,362,363,364,502,598,599,600,601,611,631,781,782,783,784,785,786,787,788,
68;0;933;1061;0;10,18,21,40,73,75,77,89,90,91,92,93,94,95,96,97,115,117,135,140,151,153,155,182,183,186,188,190,197,208,209,220,221,237,238,239,240,241,242,243,244,250,259,262,278,279,283,293,295,305,312,327,328,329,330,331,332,333,334,335,336,361,362,363,364,502,598,599,600,601,611,631,781,782,783,784,785,786,787,788,
68;1;1061;1223;0;10,18,21,40,73,75,77,89,90,91,92,93,94,95,96,97,115,117,135,140,151,153,155,182,183,186,188,190,197,208,209,220,221,237,238,239,240,241,242,243,244,250,259,262,278,279,283,293,295,305,312,327,328,329,330,331,332,333,334,335,336,361,362,363,364,502,598,599,600,601,611,631,781,782,783,784,785,786,787,788,
209;0;1223;1362;1;10,18,21,40,73,75,77,89,90,91,92,93,94,95,96,97,115,117,135,140,151,153,155,182,183,186,188,190,197,208,209,220,221,237,238,239,240,241,242,243,244,250,259,262,278,279,283,293,295,305,312,327,328,329,330,331,332,333,334,335,336,361,362,363,364,502,598,599,600,601,611,631,781,782,783,784,785,786,787,788,
209;1;1362;1398;1;10,18,21,40,73,75,77,89,90,91,92,93,94,95,96,97,115,117,135,140,151,153,155,182,183,186,188,190,197,208,209,220,221,237,238,239,240,241,242,243,244,250,259,262,278,279,283,293,295,305,312,327,328,329,330,331,332,333,334,335,336,361,362,363,364,502,598,599,600,601,611,631,781,782,783,784,785,786,787,788,
104;0;1398;1546;1;10,18,21,40,73,75,77,89,90,91,92,93,94,95,96,97,115,117,135,140,151,153,155,182,183,186,188,190,197,208,209,220,221,237,238,239,240,241,242,243,244,250,259,262,278,279,283,293,295,305,312,327,328,329,330,331,332,333,334,335,336,361,362,363,364,502,598,599,600,601,611,631,781,782,783,784,785,786,787,788,
104;1;1546;1716;1;10,18,21,40,73,75,77,89,90,91,92,93,94,95,96,97,115,117,135,140,151,153,155,182,183,186,188,190,197,208,209,220,221,237,238,239,240,241,242,243,244,250,259,262,278,279,283,293,295,305,312,327,328,329,330,331,332,333,334,335,336,361,362,363,364,502,598,599,600,601,611,631,781,782,783,784,785,786,787,788,
192;0;1716;1760;0;10,18,21,40,73,75,77,89,90,91,92,93,94,95,96,97,115,117,135,140,151,153,155,182,183,186,188,190,197,208,209,220,221,237,238,239,240,241,242,243,244,250,259,262,278,279,283,293,295,305,312,327,328,329,330,331,332,333,334,335,336,361,362,363,364,502,598,599,600,601,611,631,781,782,783,784,785,786,787,788,
270;0;1760;1794;0;10,18,21,40,73,75,77,89,90,91,92,93,94,95,96,97,115,117,135,140,151,153,155,182,183,186,188,190,197,208,209,220,221,237,238,239,240,241,242,243,244,250,259,262,278,279,283,293,295,305,312,327,328,329,330,331,332,333,334,335,336,361,362,363,364,502,598,599,600,601,611,631,781,782,783,784,785,786,787,788,
234;0;1794;1843;1;10,18,21,40,73,75,77,89,90,91,92,93,94,95,96,97,115,117,135,140,151,153,155,182,183,186,188,190,197,208,209,220,221,237,238,239,240,241,242,243,244,250,259,262,278,279,283,293,295,305,312,327,328,329,330,331,332,333,334,335,336,361,362,363,364,502,598,599,600,601,611,631,781,782,783,784,785,786,787,788,
234;1;1843;1877;1;10,18,21,40,73,75,77,89,90,91,92,93,94,95,96,97,115,117,135,140,151,153,155,182,183,186,188,190,197,208,209,220,221,237,238,239,240,241,242,243,244,250,259,262,278,279,283,293,295,305,312,327,328,329,330,331,332,333,334,335,336,361,362,363,364,502,598,599,600,601,611,631,781,782,783,784,785,786,787,788,
164;0;1877;1943;1;10,18,21,40,73,75,77,89,90,91,92,93,94,95,96,97,115,117,135,140,151,153,155,182,183,186,188,190,197,208,209,220,221,237,238,239,240,241,242,243,244,250,259,262,278,279,283,293,295,305,312,327,328,329,330,331,332,333,334,335,336,361,362,363,364,502,598,599,600,601,611,631,781,782,783,784,785,786,787,788,
164;1;1943;1988;1;10,18,21,40,73,75,77,89,90,91,92,93,94,95,96,97,115,117,135,140,151,153,155,182,183,186,188,190,197,208,209,220,221,237,238,239,240,241,242,243,244,250,259,262,278,279,283,293,295,305,312,327,328,329,330,331,332,333,334,335,336,361,362,363,364,502,598,599,600,601,611,631,781,782,783,784,785,786,787,788,
253;0;1988;2107;0;10,18,21,40,73,75,77,89,90,91,92,93,94,95,96,97,115,117,135,140,151,153,155,182,183,186,188,190,197,208,209,220,221,237,238,239,240,241,242,243,244,250,259,262,278,279,283,293,295,305,312,327,328,329,330,331,332,333,334,335,336,361,362,363,364,502,598,599,600,601,611,631,781,782,783,784,785,786,787,788,
253;1;2107;2254;0;10,18,21,40,73,75,77,89,90,91,92,93,94,95,96,97,115,117,135,140,151,153,155,182,183,186,188,190,197,208,209,220,221,237,238,239,240,241,242,243,244,250,259,262,278,279,283,293,295,305,312,327,328,329,330,331,332,333,334,335,336,361,362,363,364,502,598,599,600,601,611,631,781,782,783,784,785,786,787,788,
52;0;2254;2288;0;10,18,21,40,73,75,77,89,90,91,92,93,94,95,96,97,115,117,135,140,151,153,155,182,183,186,188,190,197,208,209,220,221,237,238,239,240,241,242,243,244,250,259,262,278,279,283,293,295,305,312,327,328,329,330,331,332,333,334,335,336,361,362,363,364,502,598,599,600,601,611,631,781,782,783,784,785,786,787,788,
323;0;2288;2430;0;10,18,21,40,73,75,77,89,90,91,92,93,94,95,96,97,115,117,135,140,151,153,155,182,183,186,188,190,197,208,209,220,221,237,238,239,240,241,242,243,244,250,259,262,278,279,283,293,295,305,312,327,328,329,330,331,332,333,334,335,336,361,362,363,364,502,598,599,600,601,611,631,781,782,783,784,785,786,787,788,
323;1;2430;2474;0;10,18,21,40,73,75,77,89,90,91,92,93,94,95,96,97,115,117,135,140,151,153,155,182,183,186,188,190,197,208,209,220,221,237,238,239,240,241,242,243,244,250,259,262,278,279,283,293,295,305,312,327,328,329,330,331,332,333,334,335,336,361,362,363,364,502,598,599,600,601,611,631,781,782,783,784,785,786,787,788,
37;0;2474;2524;0;10,18,21,40,73,75,77,89,90,91,92,93,94,95,96,97,115,117,135,140,151,153,155,182,183,186,188,190,197,208,209,220,221,237,238,239,240,241,242,243,244,250,259,262,278,279,283,293,295,305,312,327,328,329,330,331,332,333,334,335,336,361,362,363,364,502,598,599,600,601,611,631,781,782,783,784,785,786,787,788,
389;0;2524;2625;1;10,18,21,40,73,75,77,89,90,91,92,93,94,95,96,97,115,117,135,140,151,153,155,182,183,186,188,190,197,208,209,220,221,237,238,239,240,241,242,243,244,250,259,262,278,279,283,293,295,305,312,327,328,329,330,331,332,333,334,335,336,361,362,363,364,502,598,599,600,601,611,631,781,782,783,784,785,786,787,788,
389;1;2625;2646;1;10,18,21,40,73,75,77,89,90,91,92,93,94,95,96,97,115,117,135,140,151,153,155,182,183,186,188,190,197,208,209,220,221,237,238,239,240,241,242,243,244,250,259,262,278,279,283,293,295,305,312,327,328,329,330,331,332,333,334,335,336,361,362,363,364,502,598,599,600,601,611,631,781,782,783,784,785,786,787,788,
66;0;2646;2712;1;10,18,21,40,73,75,77,89,90,91,92,93,94,95,96,97,115,117,135,140,151,153,155,182,183,186,188,190,197,208,209,220,221,237,238,239,240,241,242,243,244,250,259,262,278,279,283,293,295,305,312,327,328,329,330,331,332,333,334,335,336,361,362,363,364,502,598,599,600,601,611,631,781,782,783,784,785,786,787,788,
66;1;2712;2873;1;10,18,21,40,73,75,77,89,90,91,92,93,94,95,96,97,115,117,135,140,151,153,155,182,183,186,188,190,197,208,209,220,221,237,238,239,240,241,242,243,244,250,259,262,278,279,283,293,295,305,312,327,328,329,330,331,332,333,334,335,336,361,362,363,364,502,598,599,600,601,611,631,781,782,783,784,785,786,787,788,
345;0;2873;3034;0;10,18,21,40,73,75,77,89,90,91,92,93,94,95,96,97,115,117,135,140,151,153,155,182,183,186,188,190,197,208,209,220,221,237,238,239,240,241,242,243,244,250,259,262,278,279,283,293,295,305,312,327,328,329,330,331,332,333,334,335,336,361,362,363,364,502,598,599,600,601,611,631,781,782,783,784,785,786,787,788,
356;0;3034;3044;1;10,18,21,40,73,75,77,89,90,91,92,93,94,95,96,97,115,117,135,140,151,153,155,182,183,186,188,190,197,208,209,220,221,237,238,239,240,241,242,243,244,250,259,262,278,279,283,293,295,305,312,327,328,329,330,331,332,333,334,335,336,361,362,363,364,502,598,599,600,601,611,631,781,782,783,784,785,786,787,788,
356;1;3044;3132;1;10,18,21,40,73,75,77,89,90,91,92,93,94,95,96,97,115,117,135,140,151,153,155,182,183,186,188,190,197,208,209,220,221,237,238,239,240,241,242,243,244,250,259,262,278,279,283,293,295,305,312,327,328,329,330,331,332,333,334,335,336,361,362,363,364,502,598,599,600,601,611,631,781,782,783,784,785,786,787,788,
384;0;3132;3212;1;10,18,21,40,73,75,77,89,90,91,92,93,94,95,96,97,115,117,135,140,151,153,155,182,183,186,188,190,197,208,209,220,221,237,238,239,240,241,242,243,244,250,259,262,278,279,283,293,295,305,312,327,328,329,330,331,332,333,334,335,336,361,362,363,364,502,598,599,600,601,611,631,781,782,783,784,785,786,787,788,
384;1;3212;3374;1;10,18,21,40,73,75,77,89,90,91,92,93,94,95,96,97,115,117,135,140,151,153,155,182,183,186,188,190,197,208,209,220,221,237,238,239,240,241,242,243,244,250,259,262,278,279,283,293,295,305,312,327,328,329,330,331,332,333,334,335,336,361,362,363,364,502,598,599,600,601,611,631,781,782,783,784,785,786,787,788,
273;0;3374;3470;0;10,18,21,40,71,73,75,77,89,90,91,92,115,117,135,140,151,153,154,155,183,186,188,190,197,208,220,237,238,239,240,241,242,243,244,249,250,259,283,293,295,301,305,327,328,329,330,331,332,333,334,335,336,361,362,363,364,365,366,367,368,369,370,371,372,386,387,388,389,390,391,392,393,394,502,509,612,613,614,615,
273;1;3470;3620;0;10,18,21,40,71,73,75,77,89,90,91,92,115,117,135,140,151,153,154,155,183,186,188,190,197,208,220,237,238,239,240,241,242,243,244,249,250,259,283,293,295,301,305,327,328,329,330,331,332,333,334,335,336,361,362,363,364,365,366,367,368,369,370,371,372,386,387,388,389,390,391,392,393,394,502,509,612,613,614,615,
231;0;3620;3757;1;10,18,21,40,71,73,75,77,89,90,91,92,115,117,135,140,151,153,154,155,183,186,188,190,197,208,220,237,238,239,240,241,242,243,244,249,250,259,283,293,295,301,305,327,328,329,330,331,332,333,334,335,336,361,362,363,364,365,366,367,368,369,370,371,372,386,387,388,389,390,391,392,393,394,502,509,612,613,614,615,
231;1;3757;3791;1;10,18,21,40,71,73,75,77,89,90,91,92,115,117,135,140,151,153,154,155,183,186,188,190,197,208,220,237,238,239,240,241,242,243,244,249,250,259,283,293,295,301,305,327,328,329,330,331,332,333,334,335,336,361,362,363,364,365,366,367,368,369,370,371,372,386,387,388,389,390,391,392,393,394,502,509,612,613,614,615,
189;0;3791;3909;1;10,18,21,40,71,73,75,77,89,90,91,92,115,117,135,140,151,153,154,155,183,186,188,190,197,208,220,237,238,239,240,241,242,243,244,249,250,259,283,293,295,301,305,327,328,329,330,331,332,333,334,335,336,361,362,363,364,365,366,367,368,369,370,371,372,386,387,388,389,390,391,392,393,394,502,509,612,613,614,615,
189;1;3909;3930;1;10,18,21,40,71,73,75,77,89,90,91,92,115,117,135,140,151,153,154,155,183,186,188,190,197,208,220,237,238,239,240,241,242,243,244,249,250,259,283,293,295,301,305,327,328,329,330,331,332,333,334,335,336,361,362,363,364,365,366,367,368,369,370,371,372,386,387,388,389,390,391,392,393,394,502,509,612,613,614,615,
41;0;3930;3963;1;10,18,21,40,71,73,75,77,89,90,91,92,115,117,135,140,151,153,154,155,183,186,188,190,197,208,220,237,238,239,240,241,242,243,244,249,250,259,283,293,295,301,305,327,328,329,330,331,332,333,334,335,336,361,362,363,364,365,366,367,368,369,370,371,372,386,387,388,389,390,391,392,393,394,502,509,612,613,614,615,
41;1;3963;3997;1;10,18,21,40,71,73,75,77,89,90,91,92,115,117,135,140,151,153,154,155,183,186,188,190,197,208,220,237,238,239,240,241,242,243,244,249,250,259,283,293,295,301,305,327,328,329,330,331,332,333,334,335,336,361,362,363,364,365,366,367,368,369,370,371,372,386,387,388,389,390,391,392,393,394,502,509,612,613,614,615,
217;0;3997;4147;0;10,18,21,40,71,73,75,77,89,90,91,92,115,117,135,140,151,153,154,155,183,186,188,190,197,208,220,237,238,239,240,241,242,243,244,249,250,259,283,293,295,301,305,327,328,329,330,331,332,333,334,335,336,361,362,363,364,365,366,367,368,369,370,371,372,386,387,388,389,390,391,392,393,394,502,509,612,613,614,615,
337;0;4147;4248;0;10,18,21,40,71,73,75,77,89,90,91,92,115,117,135,140,151,153,154,155,183,186,188,190,197,208,220,237,238,239,240,241,242,243,244,249,250,259,283,293,295,301,305,327,328,329,330,331,332,333,334,335,336,361,362,363,364,365,366,367,368,369,370,371,372,386,387,388,389,390,391,392,393,394,502,509,612,613,614,615,
78;0;4248;4272;0;10,18,21,40,71,73,75,77,89,90,91,92,115,117,135,140,151,153,154,155,183,186,188,190,197,208,220,237,238,239,240,241,242,243,244,249,250,259,283,293,295,301,305,327,328,329,330,331,332,333,334,335,336,361,362,363,364,365,366,367,368,369,370,371,372,386,387,388,389,390,391,392,393,394,502,509,612,613,614,615,
78;1;4272;4433;0;10,18,21,40,71,73,75,77,89,90,91,92,115,117,135,140,151,153,154,155,183,186,188,190,197,208,220,237,238,239,240,241,242,243,244,249,250,259,283,293,295,301,305,327,328,329,330,331,332,333,334,335,336,361,362,363,364,365,366,367,368,369,370,371,372,386,387,388,389,390,391,392,393,394,502,509,612,613,614,615,
79;0;4433;4513;1;10,18,21,40,71,73,75,77,89,90,91,92,115,117,135,140,151,153,154,155,183,186,188,190,197,208,220,237,238,239,240,241,242,243,244,249,250,259,283,293,295,301,305,327,328,329,330,331,332,333,334,335,336,361,362,363,364,365,366,367,368,369,370,371,372,386,387,388,389,390,391,392,393,394,502,509,612,613,614,615,
79;1;4513;4534;1;10,18,21,40,71,73,75,77,89,90,91,92,115,117,135,140,151,153,154,155,183,186,188,190,197,208,220,237,238,239,240,241,242,243,244,249,250,259,283,293,295,301,305,327,328,329,330,331,332,333,334,335,336,361,362,363,364,365,366,367,368,369,370,371,372,386,387,388,389,390,391,392,393,394,502,509,612,613,614,615,
372;0;4534;4630;0;10,18,21,40,71,73,75,77,89,90,91,92,115,117,135,140,151,153,154,155,183,186,188,190,197,208,220,237,238,239,240,241,242,243,244,249,250,259,283,293,295,301,305,327,328,329,330,331,332,333,334,335,336,361,362,363,364,365,366,367,368,369,370,371,372,386,387,388,389,390,391,392,393,394,502,509,612,613,614,615,
83;0;4630;4750;0;10,18,21,40,71,73,75,77,89,90,91,92,115,117,135,140,151,153,154,155,183,186,188,190,197,208,220,237,238,239,240,241,242,243,244,249,250,259,283,293,295,301,305,327,328,329,330,331,332,333,334,335,336,361,362,363,364,365,366,367,368,369,370,371,372,386,387,388,389,390,391,392,393,394,502,509,612,613,614,615,
83;1;4750;4851;0;10,18,21,40,71,73,75,77,89,90,91,92,115,117,135,140,151,153,154,155,183,186,188,190,197,208,220,237,238,239,240,241,242,243,244,249,250,259,283,293,295,301,305,327,328,329,330,331,332,333,334,335,336,361,362,363,364,365,366,367,368,369,370,371,372,386,387,388,389,390,391,392,393,394,502,509,612,613,614,615,
149;0;4851;4956;1;10,18,21,40,71,73,75,77,89,90,91,92,115,117,135,140,151,153,154,155,183,186,188,190,197,208,220,237,238,239,240,241,242,243,244,249,250,259,283,293,295,301,305,327,328,329,330,331,332,333,334,335,336,361,362,363,364,365,366,367,368,369,370,371,372,386,387,388,389,390,391,392,393,394,502,509,612,613,614,615,
149;1;4956;4990;1;10,18,21,40,71,73,75,77,89,90,91,92,115,117,135,140,151,153,154,155,183,186,188,190,197,208,220,237,238,239,240,241,242,243,244,249,250,259,283,293,295,301,305,327,328,329,330,331,332,333,334,335,336,361,362,363,364,365,366,367,368,369,370,371,372,386,387,388,389,390,391,392,393,394,502,509,612,613,614,615,
388;0;4990;5070;0;0,10,18,21,40,70,71,73,75,77,79,89,90,115,117,120,135,151,153,155,183,186,188,190,196,197,208,220,249,250,283,289,290,291,292,293,294,295,296,297,298,299,300,301,302,303,304,305,306,307,327,328,329,330,331,332,333,334,335,336,361,362,363,364,388,485,502,589,590,591,592,593,594,595,596,597,607,608,609,610,
388;1;5070;5232;0;0,10,18,21,40,70,71,73,75,77,79,89,90,115,117,120,135,151,153,155,183,186,188,190,196,197,208,220,249,250,283,289,290,291,292,293,294,295,296,297,298,299,300,301,302,303,304,305,306,307,327,328,329,330,331,332,333,334,335,336,361,362,363,364,388,485,502,589,590,591,592,593,594,595,596,597,607,608,609,610,
179;0;5232;5283;1;0,10,18,21,40,70,71,73,75,77,79,89,90,115,117,120,135,151,153,155,183,186,188,190,196,197,208,220,249,250,283,289,290,291,292,293,294,295,296,297,298,299,300,301,302,303,304,305,306,307,327,328,329,330,331,332,333,334,335,336,361,362,363,364,388,485,502,589,590,591,592,593,594,595,596,597,607,608,609,610,
179;1;5283;5431;1;0,10,18,21,40,70,71,73,75,77,79,89,90,115,117,120,135,151,153,155,183,186,188,190,196,197,208,220,249,250,283,289,290,291,292,293,294,295,296,297,298,299,300,301,302,303,304,305,306,307,327,328,329,330,331,332,333,334,335,336,361,362,363,364,388,485,502,589,590,591,592,593,594,595,596,597,607,608,609,610,
321;0;5431;5453;1;0,10,18,21,40,70,71,73,75,77,79,89,90,115,117,120,135,151,153,155,183,186,188,190,196,197,208,220,249,250,283,289,290,291,292,293,294,295,296,297,298,299,300,301,302,303,304,305,306,307,327,328,329,330,331,332,333,334,335,336,361,362,363,364,388,485,502,589,590,591,592,593,594,595,596,597,607,608,609,610,
321;1;5453;5578;1;0,10,18,21,40,70,71,73,75,77,79,89,90,115,117,120,135,151,153,155,183,186,188,190,196,197,208,220,249,250,283,289,290,291,292,293,294,295,296,297,298,299,300,301,302,303,304,305,306,307,327,328,329,330,331,332,333,334,335,336,361,362,363,364,388,485,502,589,590,591,592,593,594,595,596,597,607,608,609,610,
106;0;5578;5748;1;0,10,18,21,40,70,71,73,75,77,79,89,90,115,117,120,135,151,153,155,183,186,188,190,196,197,208,220,249,250,283,289,290,291,292,293,294,295,296,297,298,299,300,301,302,303,304,305,306,307,327,328,329,330,331,332,333,334,335,336,361,362,363,364,388,485,502,589,590,591,592,593,594,595,596,597,607,608,609,610,
106;1;5748;5910;1;0,10,18,21,40,70,71,73,75,77,79,89,90,115,117,120,135,151,153,155,183,186,188,190,196,197,208,220,249,250,283,289,290,291,292,293,294,295,296,297,298,299,300,301,302,303,304,305,306,307,327,328,329,330,331,332,333,334,335,336,361,362,363,364,388,485,502,589,590,591,592,593,594,595,596,597,607,608,609,610,
281;0;5910;6057;1;0,10,18,21,40,70,71,73,75,77,79,89,90,115,117,120,135,151,153,155,183,186,188,190,196,197,208,220,249,250,283,289,290,291,292,293,294,295,296,297,298,299,300,301,302,303,304,305,306,307,327,328,329,330,331,332,333,334,335,336,361,362,363,364,388,485,502,589,590,591,592,593,594,595,596,597,607,608,609,610,
281;1;6057;6205;1;0,10,18,21,40,70,71,73,75,77,79,89,90,115,117,120,135,151,153,155,183,186,188,190,196,197,208,220,249,250,283,289,290,291,292,293,294,295,296,297,298,299,300,301,302,303,304,305,306,307,327,328,329,330,331,332,333,334,335,336,361,362,363,364,388,485,502,589,590,591,592,593,594,595,596,597,607,608,609,610,
206;0;6205;6350;1;0,10,18,21,40,70,71,73,75,77,79,89,90,115,117,120,135,151,153,155,183,186,188,190,196,197,208,220,249,250,283,289,290,291,292,293,294,295,296,297,298,299,300,301,302,303,304,305,306,307,327,328,329,330,331,332,333,334,335,336,361,362,363,364,388,485,502,589,590,591,592,593,594,595,596,597,607,608,609,610,
206;1;6350;6498;1;0,10,18,21,40,70,71,73,75,77,79,89,90,115,117,120,135,151,153,155,183,186,188,190,196,197,208,220,249,250,283,289,290,291,292,293,294,295,296,297,298,299,300,301,302,303,304,305,306,307,327,328,329,330,331,332,333,334,335,336,361,362,363,364,388,485,502,589,590,591,592,593,594,595,596,597,607,608,609,610,
255;0;6498;6659;0;0,10,18,21,40,70,71,73,75,77,79,89,90,115,117,120,135,151,153,155,183,186,188,190,196,197,208,220,249,250,283,289,290,291,292,293,294,295,296,297,298,299,300,301,302,303,304,305,306,307,327,328,329,330,331,332,333,334,335,336,361,362,363,364,388,485,502,589,590,591,592,593,594,595,596,597,607,608,609,610,
194;0;6659;6679;1;0,10,18,21,40,70,71,73,75,77,79,89,90,115,117,120,135,151,153,155,183,186,188,190,196,197,208,220,249,250,283,289,290,291,292,293,294,295,296,297,298,299,300,301,302,303,304,305,306,307,327,328,329,330,331,332,333,334,335,336,361,362,363,364,388,485,502,589,590,591,592,593,594,595,596,597,607,608,609,610,
194;1;6679;6739;1;0,10,18,21,40,70,71,73,75,77,79,89,90,115,117,120,135,151,153,155,183,186,188,190,196,197,208,220,249,250,283,289,290,291,292,293,294,295,296,297,298,299,300,301,302,303,304,305,306,307,327,328,329,330,331,332,333,334,335,336,361,362,363,364,388,485,502,589,590,591,592,593,594,595,596,597,607,608,609,610,
364;0;6739;6859;1;0,10,18,21,40,70,71,73,75,77,79,89,90,115,117,120,135,151,153,155,183,186,188,190,196,197,208,220,249,250,283,289,290,291,292,293,294,295,296,297,298,299,300,301,302,303,304,305,306,307,327,328,329,330,331,332,333,334,335,336,361,362,363,364,388,485,502,589,590,591,592,593,594,595,596,597,607,608,609,610,
364;1;6859;7020;1;0,10,18,21,40,70,71,73,75,77,79,89,90,115,117,120,135,151,153,155,183,186,188,190,196,197,208,220,249,250,283,289,290,291,292,293,294,295,296,297,298,299,300,301,302,303,304,305,306,307,327,328,329,330,331,332,333,334,335,336,361,362,363,364,388,485,502,589,590,591,592,593,594,595,596,597,607,608,609,610,
147;0;7020;7116;0;0,10,18,21,40,70,71,73,75,77,79,89,90,115,117,120,135,151,153,155,183,186,188,190,196,197,208,220,249,250,283,289,290,291,292,293,294,295,296,297,298,299,300,301,302,303,304,305,306,307,327,328,329,330,331,332,333,334,335,336,361,362,363,364,388,485,502,589,590,591,592,593,594,595,596,597,607,608,609,610,
239;0;7116;7277;1;0,10,18,21,40,70,71,73,75,77,79,89,90,115,117,120,135,151,153,155,183,186,188,190,196,197,208,220,249,250,283,289,290,291,292,293,294,295,296,297,298,299,300,301,302,303,304,305,306,307,327,328,329,330,331,332,333,334,335,336,361,362,363,364,388,485,502,589,590,591,592,593,594,595,596,597,607,608,609,610,
239;1;7277;7439;1;0,10,18,21,40,70,71,73,75,77,79,89,90,115,117,120,135,151,153,155,183,186,188,190,196,197,208,220,249,250,283,289,290,291,292,293,294,295,296,297,298,299,300,301,302,303,304,305,306,307,327,328,329,330,331,332,333,334,335,336,361,362,363,364,388,485,502,589,590,591,592,593,594,595,596,597,607,608,609,610,
320;0;7439;7484;0;0,10,18,21,40,70,71,73,75,77,79,89,90,115,117,120,135,151,153,155,183,186,188,190,196,197,208,220,249,250,283,289,290,291,292,293,294,295,296,297,298,299,300,301,302,303,304,305,306,307,327,328,329,330,331,332,333,334,335,336,361,362,363,364,388,485,502,589,590,591,592,593,594,595,596,597,607,608,609,610,
53;0;7484;7633;0;0,10,18,21,40,70,71,73,75,77,79,89,90,115,117,120,135,151,153,155,183,186,188,190,196,197,208,220,249,250,283,289,290,291,292,293,294,295,296,297,298,299,300,301,302,303,304,305,306,307,327,328,329,330,331,332,333,334,335,336,361,362,363,364,388,485,502,589,590,591,592,593,594,595,596,597,607,608,609,610,
53;1;7633;7693;0;0,10,18,21,40,70,71,73,75,77,79,89,90,115,117,120,135,151,153,155,183,186,188,190,196,197,208,220,249,250,283,289,290,291,292,293,294,295,296,297,298,299,300,301,302,303,304,305,306,307,327,328,329,330,331,332,333,334,335,336,361,362,363,364,388,485,502,589,590,591,592,593,594,595,596,597,607,608,609,610,
122;0;7693;7854;0;0,10,18,21,40,70,71,73,75,77,79,89,90,115,117,120,135,151,153,155,183,186,188,190,196,197,208,220,249,250,283,289,290,291,292,293,294,295,296,297,298,299,300,301,302,303,304,305,306,307,327,328,329,330,331,332,333,334,335,336,361,362,363,364,388,485,502,589,590,591,592,593,594,595,596,597,607,608,609,610,
226;0;7854;7865;1;0,10,18,33,53,70,71,72,73,74,75,76,77,78,79,90,117,120,123,126,127,135,151,153,155,177,193,194,195,196,197,198,199,295,299,302,310,388,409,410,411,412,413,414,415,418,462,485,502,512,556,557,558,559,560,561,589,606,607,608,609,610,616,617,618,619,620,621,622,623,642,643,644,645,657,658,659,775,776,777,
226;1;7865;7955;1;0,10,18,33,53,70,71,72,73,74,75,76,77,78,79,90,117,120,123,126,127,135,151,153,155,177,193,194,195,196,197,198,199,295,299,302,310,388,409,410,411,412,413,414,415,418,462,485,502,512,556,557,558,559,560,561,589,606,607,608,609,610,616,617,618,619,620,621,622,623,642,643,644,645,657,658,659,775,776,777,
267;0;7955;8038;0;0,10,18,33,53,70,71,72,73,74,75,76,77,78,79,90,117,120,123,126,127,135,151,153,155,177,193,194,195,196,197,198,199,295,299,302,310,388,409,410,411,412,413,414,415,418,462,485,502,512,556,557,558,559,560,561,589,606,607,608,609,610,616,617,618,619,620,621,622,623,642,643,644,645,657,658,659,775,776,777,
205;0;8038;8206;0;0,10,18,33,53,70,71,72,73,74,75,76,77,78,79,90,117,120,123,126,127,135,151,153,155,177,193,194,195,196,197,198,199,295,299,302,310,388,409,410,411,412,413,414,415,418,462,485,502,512,556,557,558,559,560,561,589,606,607,608,609,610,616,617,618,619,620,621,622,623,642,643,644,645,657,658,659,775,776,777,
207;0;8206;8374;0;0,10,18,33,53,70,71,72,73,74,75,76,77,78,79,90,117,120,123,126,127,135,151,153,155,177,193,194,195,196,197,198,199,295,299,302,310,388,409,410,411,412,413,414,415,418,462,485,502,512,556,557,558,559,560,561,589,606,607,608,609,610,616,617,618,619,620,621,622,623,642,643,644,645,657,658,659,775,776,777,
135;0;8374;8410;0;0,10,18,33,53,70,71,72,73,74,75,76,77,78,79,90,117,120,123,126,127,135,151,153,155,177,193,194,195,196,197,198,199,295,299,302,310,388,409,410,411,412,413,414,415,418,462,485,502,512,556,557,558,559,560,561,589,606,607,608,609,610,616,617,618,619,620,621,622,623,642,643,644,645,657,658,659,775,776,777,
157;0;8410;8524;0;0,10,18,33,53,70,71,72,73,74,75,76,77,78,79,90,117,120,123,126,127,135,151,153,155,177,193,194,195,196,197,198,199,295,299,302,310,388,409,410,411,412,413,414,415,418,462,485,502,512,556,557,558,559,560,561,589,606,607,608,609,610,616,617,618,619,620,621,622,623,642,643,644,645,657,658,659,775,776,777,
31;0;8524;8692;1;0,10,18,33,53,70,71,72,73,74,75,76,77,78,79,90,117,120,123,126,127,135,151,153,155,177,193,194,195,196,197,198,199,295,299,302,310,388,409,410,411,412,413,414,415,418,462,485,502,512,556,557,558,559,560,561,589,606,607,608,609,610,616,617,618,619,620,621,622,623,642,643,644,645,657,658,659,775,776,777,
31;1;8692;8764;1;0,10,18,33,53,70,71,72,73,74,75,76,77,78,79,90,117,120,123,126,127,135,151,153,155,177,193,194,195,196,197,198,199,295,299,302,310,388,409,410,411,412,413,414,415,418,462,485,502,512,556,557,558,559,560,561,589,606,607,608,609,610,616,617,618,619,620,621,622,623,642,643,644,645,657,658,659,775,776,777,
225;0;8764;8862;0;0,10,18,33,53,70,71,72,73,74,75,76,77,78,79,90,117,120,123,126,127,135,151,153,155,177,193,194,195,196,197,198,199,295,299,302,310,388,409,410,411,412,413,414,415,418,462,485,502,512,556,557,558,559,560,561,589,606,607,608,609,610,616,617,618,619,620,621,622,623,642,643,644,645,657,658,659,775,776,777,
324;0;8862;8939;1;0,10,18,33,53,70,71,72,73,74,75,76,77,78,79,90,117,120,123,126,127,135,151,153,155,177,193,194,195,196,197,198,199,295,299,302,310,388,409,410,411,412,413,414,415,418,462,485,502,512,556,557,558,559,560,561,589,606,607,608,609,610,616,617,618,619,620,621,622,623,642,643,644,645,657,658,659,775,776,777,
324;1;8939;8968;1;0,10,18,33,53,70,71,72,73,74,75,76,77,78,79,90,117,120,123,126,127,135,151,153,155,177,193,194,195,196,197,198,199,295,299,302,310,388,409,410,411,412,413,414,415,418,462,485,502,512,556,557,558,559,560,561,589,606,607,608,609,610,616,617,618,619,620,621,622,623,642,643,644,645,657,658,659,775,776,777,
383;0;8968;9025;0;0,10,18,33,53,70,71,72,73,74,75,76,77,78,79,90,117,120,123,126,127,135,151,153,155,177,193,194,195,196,197,198,199,295,299,302,310,388,409,410,411,412,413,414,415,418,462,485,502,512,556,557,558,559,560,561,589,606,607,608,609,610,616,617,618,619,620,621,622,623,642,643,644,645,657,658,659,775,776,777,
383;1;9025;9061;0;0,10,18,33,53,70,71,72,73,74,75,76,77,78,79,90,117,120,123,126,127,135,151,153,155,177,193,194,195,196,197,198,199,295,299,302,310,388,409,410,411,412,413,414,415,418,462,485,502,512,556,557,558,559,560,561,589,606,607,608,609,610,616,617,618,619,620,621,622,623,642,643,644,645,657,658,659,775,776,777,
154;0;9061;9196;1;0,10,18,33,53,70,71,72,73,74,75,76,77,78,79,90,117,120,123,126,127,135,151,153,155,177,193,194,195,196,197,198,199,295,299,302,310,388,409,410,411,412,413,414,415,418,462,485,502,512,556,557,558,559,560,561,589,606,607,608,609,610,616,617,618,619,620,621,622,623,642,643,644,645,657,658,659,775,776,777,
154;1;9196;9310;1;0,10,18,33,53,70,71,72,73,74,75,76,77,78,79,90,117,120,123,126,127,135,151,153,155,177,193,194,195,196,197,198,199,295,299,302,310,388,409,410,411,412,413,414,415,418,462,485,502,512,556,557,558,559,560,561,589,606,607,608,609,610,616,617,618,619,620,621,622,623,642,643,644,645,657,658,659,775,776,777,
87;0;9310;9346;0;0,10,18,33,53,70,71,72,73,74,75,76,77,78,79,90,117,120,123,126,127,135,151,153,155,177,193,194,195,196,197,198,199,295,299,302,310,388,409,410,411,412,413,414,415,418,462,485,502,512,556,557,558,559,560,561,589,606,607,608,609,610,616,617,618,619,620,621,622,623,642,643,644,645,657,658,659,775,776,777,
248;0;9346;9515;0;0,10,18,33,53,70,71,72,73,74,75,76,77,78,79,90,117,120,123,126,127,135,151,153,155,177,193,194,195,196,197,198,199,295,299,302,310,388,409,410,411,412,413,414,415,418,462,485,502,512,556,557,558,559,560,561,589,606,607,608,609,610,616,617,618,619,620,621,622,623,642,643,644,645,657,658,659,775,776,777,
248;1;9515;9544;0;0,10,18,33,53,70,71,72,73,74,75,76,77,78,79,90,117,120,123,126,127,135,151,153,155,177,193,194,195,196,197,198,199,295,299,302,310,388,409,410,411,412,413,414,415,418,462,485,502,512,556,557,558,559,560,561,589,606,607,608,609,610,616,617,618,619,620,621,622,623,642,643,644,645,657,658,659,775,776,777,
350;0;9544;9571;0;0,10,18,33,53,70,71,72,73,74,75,76,77,78,79,90,117,120,123,126,127,135,151,153,155,177,193,194,195,196,197,198,199,295,299,302,310,388,409,410,411,412,413,414,415,418,462,485,502,512,556,557,558,559,560,561,589,606,607,608,609,610,616,617,618,619,620,621,622,623,642,643,644,645,657,658,659,775,776,777,
9;0;9571;9697;1;0,10,18,33,53,70,71,72,73,74,75,76,77,78,79,90,117,120,123,126,127,135,151,153,155,177,193,194,195,196,197,198,199,295,299,302,310,388,409,410,411,412,413,414,415,418,462,485,502,512,556,557,558,559,560,561,589,606,607,608,609,610,616,617,618,619,620,621,622,623,642,643,644,645,657,658,659,775,776,777,
9;1;9697;9760;1;0,10,18,33,53,70,71,72,73,74,75,76,77,78,79,90,117,120,123,126,127,135,151,153,155,177,193,194,195,196,197,198,199,295,299,302,310,388,409,410,411,412,413,414,415,418,462,485,502,512,556,557,558,559,560,561,589,606,607,608,609,610,616,617,618,619,620,621,622,623,642,643,644,645,657,658,659,775,776,777,
358;0;9760;9925;0;0,10,18,33,53,70,71,72,73,74,75,76,77,78,79,90,117,120,123,126,127,135,151,153,155,177,193,194,195,196,197,198,199,295,299,302,310,388,409,410,411,412,413,414,415,418,462,485,502,512,556,557,558,559,560,561,589,606,607,608,609,610,616,617,618,619,620,621,622,623,642,643,644,645,657,658,659,775,776,777,
358;1;9925;9954;0;0,10,18,33,53,70,71,72,73,74,75,76,77,78,79,90,117,120,123,126,127,135,151,153,155,177,193,194,195,196,197,198,199,295,299,302,310,388,409,410,411,412,413,414,415,418,462,485,502,512,556,557,558,559,560,561,589,606,607,608,609,610,616,617,618,619,620,621,622,623,642,643,644,645,657,658,659,775,776,777,
227;0;9954;10044;0;0,10,18,33,53,70,71,72,73,74,75,76,77,78,79,90,117,120,123,126,127,135,151,153,155,177,193,194,195,196,197,198,199,295,299,302,310,388,409,410,411,412,413,414,415,418,462,485,502,512,556,557,558,559,560,561,589,606,607,608,609,610,616,617,618,619,620,621,622,623,642,643,644,645,657,658,659,775,776,777,
END
fineshedJobsCount: 629
switchs: 694
switchsInstances: 20
unfineshedPriorityCount: 0
totalUnfineshed: 0
criticalMachineSwitchs: 118
criticalMachineTime: 10077
Final Solution: 17976
Time: 1008394
PTL: 494
MCMC: 493
Best Initial: 12789
Mean Initial: 11898.5
