input/MyInstancesDiferentToolSets/n=1000,p=0.50,r=0.6,t=1265,v0.csv;./input/Processed/ToolSetInt.csv
9;720;1440;12960
Machine: 0
841;0;0;4;1;1,3,24,144,149,225,231,241,249,262,321,391,396,400,640,677,682,715,814,827,1198,1200,1203,1204,1214,1363,1397,1398,1401,1473,1476,1477,1481,1502,1529,1681,1682,1822,2054,2064,2109,2134,2475,2602,2626,2628,2661,2812,2821,2934,3278,3379,3703,4217,4792,4832,4841,4913,5246,5249,5275,5276,5277,5336,5637,5722,5795,5869,6023,6229,6311,6312,6313,6977,7990,8130,8131,8132,8133,8354,
881;0;4;22;1;1,3,24,144,149,225,231,241,249,262,321,391,396,400,640,677,682,715,814,827,1198,1200,1203,1204,1214,1363,1397,1398,1401,1473,1476,1477,1481,1502,1529,1681,1682,1822,2054,2064,2109,2134,2475,2602,2626,2628,2661,2812,2821,2934,3278,3379,3703,4217,4792,4832,4841,4913,5246,5249,5275,5276,5277,5336,5637,5722,5795,5869,6023,6229,6311,6312,6313,6977,7990,8130,8131,8132,8133,8354,
715;0;22;48;1;1,3,24,144,149,225,231,241,249,262,321,391,396,400,640,677,682,715,814,827,1198,1200,1203,1204,1214,1363,1397,1398,1401,1473,1476,1477,1481,1502,1529,1681,1682,1822,2054,2064,2109,2134,2475,2602,2626,2628,2661,2812,2821,2934,3278,3379,3703,4217,4792,4832,4841,4913,5246,5249,5275,5276,5277,5336,5637,5722,5795,5869,6023,6229,6311,6312,6313,6977,7990,8130,8131,8132,8133,8354,
728;0;48;80;1;1,3,24,144,149,225,231,241,249,262,269,288,321,391,396,400,640,677,682,715,814,827,1198,1200,1203,1204,1214,1363,1397,1398,1401,1473,1476,1477,1481,1502,1529,1538,1676,1681,1682,1822,2054,2064,2109,2134,2475,2602,2626,2628,2661,2812,2821,2934,3278,3379,3703,4217,4535,4719,4792,4832,4841,4913,4954,4955,4956,4957,4958,4959,4960,4961,5246,5249,5275,5722,5795,5869,6023,8354,
929;0;80;121;1;1,3,24,27,144,149,210,225,231,241,249,255,262,269,288,321,391,396,400,491,640,677,682,715,760,814,827,995,1089,1204,1214,1275,1363,1398,1401,1473,1476,1477,1481,1502,1538,1558,1676,1822,2064,2074,2109,2134,2200,2475,2537,2602,2626,2628,2661,2812,2934,3278,3609,3703,3774,3865,4535,4719,4792,4913,4954,4955,4956,4957,4958,4959,4960,4961,5722,5795,5869,6023,8354,9194,
207;0;121;160;1;3,24,26,27,144,149,164,210,225,231,249,255,262,269,288,321,391,396,400,491,640,677,682,715,814,827,1089,1214,1275,1280,1293,1295,1363,1398,1401,1473,1476,1477,1481,1502,1538,1558,1676,1822,2064,2074,2200,2475,2602,2611,2626,2628,2661,2934,3278,3386,3598,3609,3703,3774,3831,3986,4462,4535,4719,4792,4913,4954,4955,4956,4957,4958,4959,4960,4961,5722,5869,6961,7003,8354,
207;1;160;171;1;3,24,26,27,38,40,144,149,205,210,225,231,249,255,262,269,288,321,391,396,400,486,491,522,570,632,640,677,682,715,827,1089,1196,1261,1275,1280,1293,1363,1401,1425,1473,1476,1477,1481,1502,1538,1558,1560,1676,1822,2064,2074,2201,2315,2564,2835,2934,3278,3345,3598,3609,3703,3774,3870,3883,3886,4535,4719,4792,4954,4955,4956,4957,4958,4959,4960,4961,5180,5184,8354,
980;0;171;223;1;3,24,26,27,38,40,144,149,205,210,225,231,249,251,255,262,269,288,321,391,396,400,486,491,632,640,677,682,715,754,827,1089,1196,1261,1275,1280,1284,1293,1363,1401,1425,1473,1476,1477,1481,1502,1538,1558,1676,1822,2064,2074,2315,2408,2564,2836,2934,2958,3278,3345,3598,3609,3703,3709,3774,3814,3819,3870,4535,4719,4792,4954,4955,4956,4957,4958,4959,4960,4961,8354,
664;0;223;283;1;3,24,26,27,38,144,149,205,210,225,231,249,251,255,262,269,288,321,391,396,400,486,491,632,640,677,682,715,754,827,1089,1196,1261,1275,1280,1293,1363,1401,1425,1473,1476,1477,1481,1502,1538,1558,1676,1822,2064,2074,2315,2564,2836,2934,3278,3345,3598,3609,3686,3703,3774,3814,3819,3870,4535,4719,4792,4954,4955,4956,4957,4958,4959,4960,4961,5077,5963,6013,6085,8354,
803;0;283;345;1;24,26,27,144,149,152,165,189,225,231,255,262,269,288,321,486,536,598,602,632,682,722,754,875,1196,1275,1279,1280,1293,1322,1341,1363,1425,1473,1481,1502,1778,1796,1822,2074,2148,2151,2172,2315,2352,2849,2873,2934,2968,3409,3609,3703,3774,3802,3805,4060,4078,4207,4719,4792,4864,4865,4866,4867,4868,4869,4870,4871,4872,4873,4874,4875,4876,4877,4878,4879,4880,4954,5077,8354,
53;0;345;349;1;24,26,27,144,149,152,165,189,225,231,255,262,269,288,321,486,536,598,602,632,682,722,754,875,1196,1275,1279,1280,1293,1322,1341,1363,1425,1473,1481,1502,1778,1796,1822,2074,2148,2151,2172,2315,2352,2849,2873,2934,2968,3409,3609,3703,3774,3802,3805,4060,4078,4207,4719,4792,4864,4865,4866,4954,5077,5953,5958,5959,5966,5976,5979,5987,5992,6146,6147,6148,6149,6150,6151,8354,
53;1;349;418;1;24,26,27,139,144,146,149,152,165,189,225,231,255,262,269,288,321,436,486,536,598,602,632,682,722,754,852,875,921,1196,1236,1275,1279,1280,1293,1322,1341,1363,1424,1425,1470,1473,1481,1502,1778,1796,1822,2074,2172,2315,2352,2382,2391,2849,2934,2968,3609,3703,3774,3802,4033,4719,4792,4934,4954,4974,5077,5206,5397,5768,5943,5976,5987,5992,6107,6163,6169,6179,6180,8354,
801;0;418;495;1;24,26,27,137,139,144,149,189,225,231,240,255,262,269,288,291,292,321,329,351,382,429,486,632,647,682,754,852,891,1118,1196,1275,1279,1280,1293,1322,1363,1424,1425,1473,1480,1481,1502,1671,1778,1811,1814,1822,1944,2132,2391,2492,2496,2824,3391,3580,3609,3703,3774,4033,4658,4719,4792,4954,5077,5206,5377,5648,5654,5655,5656,5657,5658,5659,5660,5661,5976,5987,5992,8354,
277;0;495;539;1;24,26,27,137,139,144,149,189,225,231,240,255,262,269,288,291,292,321,329,351,382,429,449,476,479,486,632,647,682,754,852,891,1118,1196,1270,1271,1275,1279,1280,1293,1322,1334,1363,1424,1425,1473,1480,1481,1502,1671,1778,1811,1814,1822,1944,2391,2492,3070,3336,3348,3349,3355,3360,3361,3609,3703,3774,4033,4719,4792,4909,4954,5077,5206,5474,5487,5976,5987,5992,8354,
277;1;539;578;1;24,26,27,55,66,137,139,144,149,225,231,240,255,262,269,288,291,292,321,329,382,429,486,632,647,682,754,852,1118,1196,1270,1275,1279,1280,1293,1294,1306,1322,1363,1425,1473,1480,1481,1502,1671,1778,1822,1994,1995,1996,1997,1998,1999,2000,2001,2002,2003,2004,2005,2006,2007,2008,2009,2010,2011,2012,2013,2014,2015,2391,2492,3703,4033,4719,4792,4954,5077,5206,5992,8354,
746;0;578;666;1;24,26,55,100,137,139,144,149,225,231,240,255,262,269,288,291,321,329,377,379,382,429,486,632,644,647,682,754,852,854,938,1117,1118,1171,1270,1275,1280,1293,1294,1322,1363,1425,1447,1473,1474,1478,1480,1481,1502,1661,1667,1668,1736,1768,1822,1973,1999,2222,2362,2391,2636,2638,2675,3099,3703,3793,4033,4719,4792,4954,5077,5138,5206,5808,5992,6263,7840,8125,8127,8354,
61;0;666;710;1;24,26,55,100,137,139,144,149,225,231,240,255,262,269,288,291,321,329,377,429,486,528,529,632,644,647,682,748,754,854,938,1117,1118,1171,1268,1269,1270,1272,1275,1277,1280,1287,1288,1291,1293,1294,1322,1363,1425,1473,1474,1478,1480,1481,1502,1661,1667,1668,1822,1973,1999,2080,2147,2675,3099,3597,3703,3704,4033,4451,4719,4792,4954,5077,5206,5992,6018,7041,7840,8354,
61;1;710;757;1;24,26,55,87,95,126,137,139,144,145,149,208,225,231,255,262,274,288,301,321,377,427,429,440,480,486,499,504,528,547,578,632,647,765,769,964,1070,1278,1286,1287,1291,1293,1372,1474,1480,1502,1521,1549,1587,1701,1772,1773,1774,1936,1978,1999,2018,2069,2133,2198,2199,2306,2419,2847,2848,3204,3395,3978,3980,4472,5077,5206,5316,5992,6161,6162,7035,7980,8111,8354,
87;0;757;823;1;24,26,55,87,95,126,137,139,144,145,149,208,225,231,255,262,274,288,301,321,377,427,429,440,480,486,499,504,528,547,578,632,647,765,769,964,1070,1278,1286,1287,1291,1293,1372,1474,1480,1502,1521,1549,1587,1701,1772,1773,1774,1936,1978,1999,2018,2069,2133,2198,2199,2306,2419,2847,2848,3204,3395,3978,3980,4472,5077,5206,5316,5992,6161,6162,7035,7980,8111,8354,
87;1;823;853;1;24,26,55,87,95,126,137,139,144,145,149,208,225,231,255,262,274,288,301,321,377,427,429,440,480,486,499,504,528,547,578,632,647,765,769,964,1070,1278,1286,1287,1291,1293,1372,1474,1480,1502,1521,1549,1587,1701,1772,1773,1774,1936,1978,1999,2018,2069,2133,2198,2199,2306,2419,2847,2848,3204,3395,3978,3980,4472,5077,5206,5316,5992,6161,6162,7035,7980,8111,8354,
915;0;853;950;1;24,26,55,87,95,126,137,139,144,145,149,208,225,231,255,262,274,288,301,321,377,427,429,440,480,486,499,504,528,547,578,632,647,765,769,964,1070,1278,1286,1287,1291,1293,1372,1474,1480,1502,1521,1549,1587,1701,1772,1773,1774,1936,1978,1999,2018,2069,2133,2198,2199,2306,2419,2847,2848,3204,3395,3978,3980,4472,5077,5206,5316,5992,6161,6162,7035,7980,8111,8354,
771;0;950;1051;1;24,26,55,87,95,126,137,139,144,145,149,208,225,231,255,262,274,288,301,321,377,427,429,440,480,486,499,504,528,547,578,632,647,765,769,964,1070,1278,1286,1287,1291,1293,1372,1474,1480,1502,1521,1549,1587,1701,1772,1773,1774,1936,1978,1999,2018,2069,2133,2198,2199,2306,2419,2847,2848,3204,3395,3978,3980,4472,5077,5206,5316,5992,6161,6162,7035,7980,8111,8354,
213;0;1051;1059;1;24,26,55,87,95,126,137,139,144,145,149,208,225,231,255,262,274,288,301,321,377,427,429,440,480,486,499,504,528,547,578,632,647,765,769,964,1070,1278,1286,1287,1291,1293,1372,1474,1480,1502,1521,1549,1587,1701,1772,1773,1774,1936,1978,1999,2018,2069,2133,2198,2199,2306,2419,2847,2848,3204,3395,3978,3980,4472,5077,5206,5316,5992,6161,6162,7035,7980,8111,8354,
213;1;1059;1157;1;24,26,55,87,95,126,137,139,144,145,149,208,225,231,255,262,274,288,301,321,377,427,429,440,480,486,499,504,528,547,578,632,647,765,769,964,1070,1278,1286,1287,1291,1293,1372,1474,1480,1502,1521,1549,1587,1701,1772,1773,1774,1936,1978,1999,2018,2069,2133,2198,2199,2306,2419,2847,2848,3204,3395,3978,3980,4472,5077,5206,5316,5992,6161,6162,7035,7980,8111,8354,
779;0;1440;1549;1;24,26,55,95,96,117,126,137,139,144,145,148,149,208,225,231,262,274,275,288,301,321,377,395,429,434,480,486,528,632,647,765,855,863,912,948,949,1060,1071,1093,1278,1287,1293,1474,1480,1502,1521,1549,1587,1670,1750,1759,1914,1936,1999,2018,2069,2198,2199,2224,2306,2337,2419,2573,2848,3034,4359,4394,4396,4397,5077,5206,5627,5721,5992,6441,6874,7010,7011,8354,
244;0;1549;1629;1;24,26,55,95,96,117,126,137,139,144,145,148,149,208,225,231,262,274,275,288,301,321,377,395,429,434,480,486,528,632,647,765,855,863,912,948,949,1060,1071,1093,1180,1278,1287,1293,1474,1480,1502,1521,1549,1587,1670,1750,1759,1914,1936,1999,2018,2069,2198,2199,2224,2306,2337,2419,2573,2848,3034,3837,4003,4359,4394,4396,4397,5077,5206,5627,5721,5992,6441,8354,
244;1;1629;1670;1;24,26,55,95,96,117,126,137,139,144,145,148,149,208,225,231,262,274,275,288,301,321,377,395,429,434,480,486,528,632,647,765,855,863,912,948,949,1060,1093,1278,1287,1293,1474,1480,1502,1521,1549,1587,1670,1750,1759,1914,1936,1999,2018,2069,2198,2199,2224,2306,2337,2419,2573,2848,3034,3178,3232,3538,3665,3673,5077,5088,5721,5984,5992,6468,6584,7154,8354,8703,
823;0;1670;1800;1;24,26,55,60,95,117,126,137,139,144,145,148,149,206,208,209,225,231,262,274,275,288,301,321,377,395,429,480,528,632,647,765,855,912,948,949,1062,1093,1195,1278,1287,1293,1474,1480,1502,1521,1549,1587,1657,1670,1759,1914,1930,1935,1936,1999,2018,2069,2198,2199,2224,2306,2337,2419,2573,2848,2918,3034,3241,3545,3665,4212,4213,4214,5077,5088,5721,5984,8354,8703,
727;0;1800;1931;1;24,26,55,60,95,117,126,137,139,144,145,148,149,206,208,209,225,231,262,274,275,288,301,321,377,395,429,480,528,632,647,765,855,912,948,949,1062,1093,1195,1278,1287,1293,1474,1480,1502,1521,1549,1587,1630,1657,1670,1759,1914,1930,1935,1936,1999,2018,2069,2198,2199,2224,2306,2337,2407,2419,2573,2848,2918,3034,3241,3545,3665,5077,5088,5091,5721,5984,8354,8703,
857;0;1931;2062;1;24,26,55,60,95,117,126,137,139,144,145,148,149,206,208,209,225,231,262,274,275,288,301,321,377,395,429,480,528,632,647,765,855,912,948,949,1062,1093,1195,1274,1278,1287,1293,1474,1480,1502,1521,1549,1587,1630,1657,1670,1759,1914,1930,1935,1936,1999,2018,2069,2198,2199,2224,2306,2337,2407,2419,2573,2848,2918,3034,3241,3665,5077,5088,5091,5721,5984,8354,8703,
96;0;2062;2241;0;36,95,144,177,225,234,262,269,275,288,302,304,305,308,314,317,374,429,442,595,682,1363,1425,1430,1473,1481,1538,1676,1822,1932,1933,3218,3226,3289,3482,3484,3503,3577,3578,3579,3677,3679,4535,4719,4792,4954,4955,4956,4957,4958,4959,4960,4961,5073,5074,5075,5076,5077,5078,5079,5080,5081,5082,5083,5084,5085,5086,5087,5088,5274,7332,8014,8170,8171,8174,8429,8431,9098,9099,9100,
96;1;2241;2373;0;36,95,144,177,225,234,262,269,275,288,302,304,305,308,314,317,374,429,442,595,682,1363,1425,1430,1473,1481,1538,1676,1822,1932,1933,3218,3226,3289,3482,3484,3503,3577,3578,3579,3677,3679,4535,4719,4792,4954,4955,4956,4957,4958,4959,4960,4961,5073,5074,5075,5076,5077,5078,5079,5080,5081,5082,5083,5084,5085,5086,5087,5088,5274,7332,8014,8170,8171,8174,8429,8431,9098,9099,9100,
202;0;2373;2533;0;36,95,144,177,225,234,262,269,275,288,302,304,305,308,314,317,374,429,442,595,682,1363,1425,1430,1473,1481,1538,1676,1822,1932,1933,3218,3226,3289,3482,3484,3503,3577,3578,3579,3677,3679,4535,4719,4792,4954,4955,4956,4957,4958,4959,4960,4961,5073,5074,5075,5076,5077,5078,5079,5080,5081,5082,5083,5084,5085,5086,5087,5088,5274,7332,8014,8170,8171,8174,8429,8431,9098,9099,9100,
202;1;2533;2675;0;36,95,144,177,225,234,262,269,275,288,302,304,305,308,314,317,374,429,442,595,682,1363,1425,1430,1473,1481,1538,1676,1822,1932,1933,3218,3226,3289,3482,3484,3503,3577,3578,3579,3677,3679,4535,4719,4792,4954,4955,4956,4957,4958,4959,4960,4961,5073,5074,5075,5076,5077,5078,5079,5080,5081,5082,5083,5084,5085,5086,5087,5088,5274,7332,8014,8170,8171,8174,8429,8431,9098,9099,9100,
106;0;2675;2841;0;36,95,144,177,225,234,262,269,275,288,302,304,305,308,314,317,374,429,442,595,682,1363,1425,1430,1473,1481,1538,1676,1822,1932,1933,3218,3226,3289,3482,3484,3503,3577,3578,3579,3677,3679,4535,4719,4792,4954,4955,4956,4957,4958,4959,4960,4961,5073,5074,5075,5076,5077,5078,5079,5080,5081,5082,5083,5084,5085,5086,5087,5088,5274,7332,8014,8170,8171,8174,8429,8431,9098,9099,9100,
106;1;2841;2922;0;36,95,144,177,225,234,262,269,275,288,302,304,305,308,314,317,374,429,442,595,682,1363,1425,1430,1473,1481,1538,1676,1822,1932,1933,3218,3226,3289,3482,3484,3503,3577,3578,3579,3677,3679,4535,4719,4792,4954,4955,4956,4957,4958,4959,4960,4961,5073,5074,5075,5076,5077,5078,5079,5080,5081,5082,5083,5084,5085,5086,5087,5088,5274,7332,8014,8170,8171,8174,8429,8431,9098,9099,9100,
36;0;2922;3020;0;36,95,144,177,225,234,262,269,275,288,297,302,304,305,308,314,317,374,393,429,442,595,682,899,1050,1051,1363,1378,1425,1430,1473,1481,1538,1668,1676,1725,1726,1727,1728,1729,1730,1731,1732,1733,1822,1932,1933,3218,3226,3289,3482,3484,3503,3577,3578,3579,3677,3679,4535,4719,4792,4954,4955,4956,4957,4958,4959,4960,4961,5073,5074,5075,5076,5077,5078,5079,5088,5274,8170,8171,
36;1;3020;3167;0;36,95,138,144,177,225,228,229,233,234,240,242,245,262,266,275,288,297,302,305,308,314,393,429,430,607,612,645,818,827,911,1051,1075,1099,1309,1425,1472,1473,1481,1623,1661,1667,1668,1725,1843,1933,1973,2103,2299,2432,2435,2440,3112,3289,3484,3639,3640,3641,3642,3643,3644,3645,3646,3647,3648,3649,3650,3651,3652,3653,3654,3655,4535,4956,4959,4960,5088,5274,8170,8171,
189;0;3167;3212;0;36,95,136,138,139,144,177,183,225,229,231,233,234,245,262,275,277,288,297,302,305,308,314,393,429,430,607,827,911,948,1051,1075,1093,1309,1425,1472,1473,1478,1481,1661,1667,1668,1669,1725,1807,1922,1973,2053,2103,2953,3112,3278,3289,3484,4033,4427,4533,4535,4553,4902,4956,4959,4960,5088,5274,5432,6644,6645,6967,6968,6969,6970,6971,6972,6973,6974,6975,6976,8170,8171,
189;1;3212;3392;0;36,95,136,138,139,144,149,177,183,225,229,231,233,234,245,262,275,277,288,297,302,305,308,314,321,377,391,393,396,397,404,429,430,607,640,827,911,948,1051,1075,1093,1118,1309,1425,1468,1472,1473,1476,1478,1479,1481,1661,1667,1668,1669,1725,1807,1922,1973,2053,2103,2223,2953,3112,3278,3289,3484,4033,4093,4427,4533,4535,4553,4902,4956,4959,4960,5088,8170,8171,
18;0;3392;3486;0;95,139,144,149,225,231,233,234,245,262,275,277,288,290,291,302,308,314,321,329,377,391,395,429,640,677,911,948,949,1073,1093,1118,1390,1425,1451,1476,1478,1481,1668,1669,1915,1973,2091,2223,2253,2573,2627,2631,2677,2679,2691,2806,2893,3263,3289,4033,4093,4361,4365,4635,5088,5329,6803,7423,7663,7943,8099,8129,8166,8170,8171,8187,8407,8686,8687,8696,8698,8699,8787,8788,
18;1;3486;3611;0;24,26,139,144,225,231,288,292,314,321,377,429,528,591,640,704,948,949,1134,1269,1270,1272,1273,1275,1279,1280,1288,1293,1322,1343,1401,1474,1477,1478,1480,1539,1592,1668,2116,2340,2492,2642,2658,2692,2723,2778,2783,2796,2888,3263,3421,4322,4323,4603,4604,4612,4613,4617,4629,4740,5406,5644,5873,6595,6749,6750,6751,7018,7059,7225,8147,8148,8149,8150,8151,8152,8153,8154,8155,8156,
134;0;3611;3733;0;24,26,139,144,225,231,288,292,314,321,377,429,528,591,640,704,948,949,1134,1269,1270,1272,1273,1275,1279,1280,1288,1293,1322,1343,1401,1474,1477,1478,1480,1539,1592,1668,2116,2340,2492,2642,2658,2692,2723,2778,2783,2796,2888,3263,3421,4322,4323,4603,4604,4612,4613,4617,4629,4740,5406,5644,5873,6595,6749,6750,6751,7018,7059,7225,8147,8148,8149,8150,8151,8152,8153,8154,8155,8156,
134;1;3733;3827;0;24,26,139,144,225,231,288,292,314,321,377,429,528,591,640,704,948,949,1134,1269,1270,1272,1273,1275,1279,1280,1288,1293,1322,1343,1401,1474,1477,1478,1480,1539,1592,1668,2116,2340,2492,2642,2658,2692,2723,2778,2783,2796,2888,3263,3421,4322,4323,4603,4604,4612,4613,4617,4629,4740,5406,5644,5873,6595,6749,6750,6751,7018,7059,7225,8147,8148,8149,8150,8151,8152,8153,8154,8155,8156,
130;0;3827;3902;0;24,26,139,144,225,231,288,292,314,321,377,429,528,591,640,704,948,949,1134,1269,1270,1272,1273,1275,1279,1280,1288,1293,1322,1343,1401,1474,1477,1478,1480,1539,1592,1668,2116,2340,2492,2642,2658,2692,2723,2778,2783,2796,2888,3263,3421,4322,4323,4603,4604,4612,4613,4617,4629,4740,5406,5644,5873,6595,6749,6750,6751,7018,7059,7225,8147,8148,8149,8150,8151,8152,8153,8154,8155,8156,
130;1;4320;4449;0;24,26,139,144,225,231,288,292,314,321,377,429,528,591,640,704,948,949,1134,1269,1270,1272,1273,1275,1279,1280,1288,1293,1322,1343,1401,1474,1477,1478,1480,1539,1592,1668,2116,2340,2492,2642,2658,2692,2723,2778,2783,2796,2888,3263,3421,4322,4323,4603,4604,4612,4613,4617,4629,4740,5406,5644,5873,6360,6595,6749,6750,6751,7018,7059,8219,8379,8380,8383,8384,8386,8387,8388,8389,8390,
188;0;4449;4530;0;24,26,139,144,225,231,288,292,314,321,377,429,528,591,640,704,948,949,1134,1269,1270,1272,1273,1275,1279,1280,1288,1293,1322,1343,1401,1474,1477,1478,1480,1539,1592,1668,2116,2340,2347,2492,2642,2645,2658,2692,2723,2778,2783,2796,2888,3263,3421,4322,4323,4603,4604,4612,4613,4617,4629,4740,5392,5406,5644,5873,6360,6595,6749,6750,6751,7018,7059,7213,7295,7316,8219,8379,8380,8442,
188;1;4530;4640;0;24,26,139,144,225,231,244,276,288,292,314,321,377,400,429,528,591,640,704,715,948,949,1052,1117,1134,1269,1270,1272,1273,1275,1279,1280,1288,1293,1322,1343,1401,1474,1477,1478,1480,1539,1592,1668,1671,2116,2340,2347,2492,2642,2645,2658,2692,2723,2778,2783,2796,2888,3263,3284,3421,3517,4603,4604,4612,4613,4617,4740,4804,4859,5406,5873,6129,6130,6360,6749,6750,6751,7316,7683,
283;0;4640;4736;0;24,26,95,139,144,225,231,276,288,290,291,321,395,429,528,591,640,677,715,948,949,1052,1073,1117,1134,1270,1273,1288,1293,1322,1451,1474,1478,1480,1668,1671,1915,2091,2253,2573,2627,2642,2645,2677,2679,2691,2774,2775,2778,2806,2893,3263,4361,4365,4603,4604,4635,4740,5329,5406,5873,6360,6475,6803,7316,7423,7663,7943,8099,8129,8187,8686,8687,8691,8696,8697,8698,8699,8700,8701,
283;1;4736;4827;0;24,26,95,135,139,144,149,225,231,262,276,288,290,291,321,395,429,528,591,640,677,715,854,948,949,1052,1073,1093,1117,1118,1134,1270,1273,1288,1293,1322,1361,1451,1474,1478,1480,1502,1668,1670,1671,1915,1973,2091,2253,2573,2627,2642,2645,2677,2679,2691,2774,2775,2778,2806,2893,3263,4033,4361,4365,4603,4604,4635,4740,5329,5406,5873,6360,6412,6475,6803,7316,7423,7663,7943,
95;0;4827;4861;0;24,26,95,139,144,149,169,208,225,231,251,262,276,288,290,291,321,395,408,415,429,480,518,528,591,640,677,715,854,948,949,987,1052,1093,1117,1118,1134,1157,1270,1273,1288,1293,1322,1361,1474,1478,1480,1502,1580,1668,1671,1895,1915,1935,2018,2091,2412,2538,2573,2627,2642,2645,2677,2679,2765,2774,2775,2778,3263,4033,4603,4604,4740,5406,5493,5674,5873,6360,7316,7423,
95;1;4861;5012;0;24,26,27,38,61,95,139,144,149,205,225,231,251,262,276,288,290,291,321,395,429,528,591,640,677,715,854,948,1052,1093,1117,1118,1134,1270,1288,1293,1322,1361,1425,1474,1478,1480,1502,1541,1558,1580,1596,1668,1671,1897,1915,1935,2022,2091,2573,2627,2642,2645,2677,2679,2774,2775,2778,3263,3314,3345,3778,4033,4436,4437,4482,4483,4484,4485,4486,4604,4740,6360,7316,7423,
171;0;5012;5089;0;26,28,38,95,221,288,395,429,528,565,591,1287,1288,1293,1294,1322,1478,1481,1541,1778,2064,2239,2240,2241,2242,2573,3010,3686,5529,5951,5963,5968,5969,5976,5980,5987,5988,6007,6079,6360,6424,6537,6538,6539,6541,6542,6549,6550,6552,6557,6559,6560,6741,6791,6930,7029,7132,7134,7286,8083,8084,8085,8086,8087,8088,8089,8090,8091,8092,8093,8134,8137,8190,8195,8196,8197,8198,8400,8502,8503,
171;1;5089;5194;0;26,28,38,95,221,288,395,429,528,565,591,1287,1288,1293,1294,1322,1478,1481,1541,1778,2064,2239,2240,2241,2242,2573,3010,3686,5529,5951,5963,5968,5969,5976,5980,5987,5988,6007,6079,6360,6424,6537,6538,6539,6541,6542,6549,6550,6552,6557,6559,6560,6741,6791,6930,7029,7132,7134,7286,8083,8084,8085,8086,8087,8088,8089,8090,8091,8092,8093,8134,8137,8190,8195,8196,8197,8198,8400,8502,8503,
922;0;5194;5365;0;26,28,38,95,221,288,395,429,528,565,591,1287,1288,1293,1294,1322,1478,1481,1541,1778,2064,2239,2240,2241,2242,2573,3010,3686,5529,5951,5963,5968,5969,5976,5980,5987,5988,6007,6079,6360,6424,6537,6538,6539,6541,6542,6549,6550,6552,6557,6559,6560,6741,6791,6930,7029,7132,7134,7286,8083,8084,8085,8086,8087,8088,8089,8090,8091,8092,8093,8134,8137,8190,8195,8196,8197,8198,8400,8502,8503,
836;0;5365;5535;0;26,28,38,95,221,288,395,429,528,565,591,1287,1288,1293,1294,1322,1478,1481,1541,1778,2064,2239,2240,2241,2242,2573,3010,3686,5529,5951,5963,5968,5969,5976,5980,5987,5988,6007,6079,6360,6424,6537,6538,6539,6541,6542,6549,6550,6552,6557,6559,6560,6741,6791,6930,7029,7132,7134,7286,8083,8084,8085,8086,8087,8088,8089,8090,8091,8092,8093,8134,8137,8190,8195,8196,8197,8198,8400,8502,8503,
164;0;5535;5687;0;26,28,38,95,221,288,395,429,528,565,591,1287,1288,1293,1294,1322,1478,1481,1541,1778,2064,2239,2240,2241,2242,2573,3010,3686,5529,5951,5963,5968,5969,5976,5980,5987,5988,6007,6079,6360,6424,6537,6538,6539,6541,6542,6549,6550,6552,6557,6559,6560,6741,6791,6930,7029,7132,7134,7286,8083,8084,8085,8086,8087,8088,8089,8090,8091,8092,8093,8134,8137,8190,8195,8196,8197,8198,8400,8502,8503,
164;1;5687;5698;0;26,28,38,95,221,288,395,429,528,565,591,1287,1288,1293,1294,1322,1478,1481,1541,1778,2064,2239,2240,2241,2242,2573,3010,3686,5529,5951,5963,5968,5969,5976,5980,5987,5988,6007,6079,6360,6424,6537,6538,6539,6541,6542,6549,6550,6552,6557,6559,6560,6741,6791,6930,7029,7132,7134,7286,8083,8084,8085,8086,8087,8088,8089,8090,8091,8092,8093,8134,8137,8190,8195,8196,8197,8198,8400,8502,8503,
941;0;5760;5921;0;17,20,26,28,34,35,38,52,54,95,198,221,288,395,429,490,528,565,591,653,1287,1288,1293,1294,1322,1478,1481,1541,1778,2064,2239,2240,2241,2242,2326,2573,3010,3686,3717,5353,5474,5498,5529,5951,5963,5968,5969,5976,5980,5987,5988,6007,6079,6360,6424,6537,6538,6539,6541,6542,6549,6550,6552,6557,6559,6560,6741,6791,6930,7029,7132,7134,7286,8083,8084,8085,8086,8087,8088,8089,
626;0;5921;6080;0;17,20,26,28,34,35,38,52,54,95,117,137,198,221,268,273,288,351,395,398,429,490,528,565,591,653,1287,1288,1293,1294,1322,1478,1481,1541,1752,1763,1778,1919,1974,2064,2239,2240,2241,2242,2326,2573,2804,3010,3099,3686,3717,3915,4469,4504,4565,5197,5353,5474,5498,5529,5951,5963,5968,5969,5976,5980,5987,5988,6007,6079,6223,6360,6365,6424,7029,7286,8655,8975,8976,8977,
15;0;6080;6132;0;17,20,26,28,34,35,38,52,54,95,117,137,198,221,268,273,288,351,395,398,429,490,528,565,591,653,1287,1288,1293,1294,1322,1478,1481,1541,1752,1763,1778,1919,1974,1980,1993,2059,2060,2061,2062,2063,2064,2065,2066,2067,2068,2069,2070,2239,2240,2241,2242,2326,2573,2804,3010,3099,3686,3717,3915,4469,4504,4565,5197,5353,5474,5498,5529,5951,5963,5968,5969,6360,7029,7286,
15;1;6132;6237;0;17,20,26,28,34,35,38,52,54,95,117,137,198,221,268,273,288,351,395,398,429,490,528,565,591,653,1287,1288,1293,1294,1322,1478,1481,1541,1752,1763,1778,1919,1974,1980,1993,2059,2060,2061,2062,2063,2064,2065,2066,2067,2068,2069,2070,2239,2240,2241,2242,2326,2573,2804,3010,3099,3686,3717,3915,4469,4504,4565,5197,5353,5474,5498,5529,5951,5963,6360,7029,7286,7972,7973,
624;0;6237;6393;0;17,20,26,28,34,35,38,52,54,95,117,137,139,143,145,198,221,268,273,288,294,351,395,398,429,490,528,565,591,644,653,948,1135,1287,1288,1293,1294,1322,1478,1481,1541,1752,1763,1778,1919,1974,1980,1993,2059,2060,2061,2062,2063,2064,2065,2066,2067,2068,2069,2070,2239,2240,2241,2242,2326,2573,2804,3010,3099,3268,3280,3686,5911,5951,5963,6089,6090,6360,7029,7286,
67;0;6393;6541;0;3,24,26,27,38,139,144,145,148,149,221,249,262,274,275,276,321,391,398,644,849,854,855,911,948,1091,1093,1118,1134,1143,1287,1293,1361,1374,1424,1481,1502,1751,1759,1808,1816,2062,2063,2064,2223,2224,2961,3034,3527,3703,3814,3819,3820,3821,3822,3829,5354,5443,5900,5951,5963,6022,6201,6360,7463,8119,8286,8354,8413,8449,8470,8475,8476,8477,8478,8479,8582,8583,8584,8861,
67;1;6541;6545;0;3,24,26,27,38,139,144,145,148,149,221,249,262,274,275,276,321,391,398,644,849,854,855,911,948,1091,1093,1118,1134,1143,1287,1293,1361,1374,1424,1481,1502,1751,1759,1808,1816,2062,2063,2064,2223,2224,2961,3034,3527,3703,3814,3819,3820,3821,3822,3829,5354,5443,5900,5951,5963,6022,6201,6360,7463,8119,8286,8354,8413,8449,8470,8475,8476,8477,8478,8479,8582,8583,8584,8861,
707;0;6545;6695;0;3,24,26,27,38,139,144,145,148,149,221,249,262,274,275,276,321,391,398,644,849,854,855,911,948,1091,1093,1118,1134,1143,1287,1293,1361,1374,1424,1481,1502,1751,1759,1808,1816,2062,2063,2064,2223,2224,2961,3034,3527,3703,3814,3819,3820,3821,3822,3829,5354,5443,5900,5951,5963,6022,6201,6360,7463,8119,8286,8354,8413,8449,8470,8475,8476,8477,8478,8479,8582,8583,8584,8861,
670;0;6695;6843;0;3,24,26,27,38,139,144,145,148,149,221,249,262,274,275,276,321,391,398,644,849,854,855,911,948,1091,1093,1118,1134,1143,1287,1293,1361,1374,1424,1481,1502,1751,1759,1808,1816,2062,2063,2064,2223,2224,2961,3034,3527,3703,3814,3819,3820,3821,3822,3829,5354,5443,5900,5951,5963,6022,6201,6360,7463,8119,8286,8354,8413,8449,8470,8475,8476,8477,8478,8479,8582,8583,8584,8861,
750;0;6843;6989;0;3,24,26,27,38,139,144,145,148,149,221,249,262,274,275,276,321,391,398,644,849,854,855,911,948,1091,1093,1118,1134,1143,1287,1293,1361,1374,1424,1481,1502,1751,1759,1808,1816,2062,2063,2064,2223,2224,2961,3034,3527,3703,3814,3819,3820,3821,3822,3829,5354,5443,5900,5951,5963,6022,6201,6360,7463,8119,8286,8354,8413,8449,8470,8475,8476,8477,8478,8479,8582,8583,8584,8861,
42;0;6989;7042;0;3,24,26,27,38,139,144,145,148,149,221,249,262,274,275,276,321,391,398,644,849,854,855,911,948,1091,1093,1118,1134,1143,1287,1293,1361,1374,1424,1481,1502,1751,1759,1808,1816,2062,2063,2064,2223,2224,2961,3034,3527,3703,3814,3819,3820,3821,3822,3829,5354,5443,5900,5951,5963,6022,6201,6360,7463,8119,8286,8354,8413,8449,8470,8475,8476,8477,8478,8479,8582,8583,8584,8861,
42;1;7042;7125;0;3,24,26,27,38,139,144,145,148,149,221,249,262,274,275,276,321,391,398,644,849,854,855,911,948,1091,1093,1118,1134,1143,1287,1293,1361,1374,1424,1481,1502,1751,1759,1808,1816,2062,2063,2064,2223,2224,2961,3034,3527,3703,3814,3819,3820,3821,3822,3829,5354,5443,5900,5951,5963,6022,6201,6360,7463,8119,8286,8354,8413,8449,8470,8475,8476,8477,8478,8479,8582,8583,8584,8861,
824;0;7125;7254;0;3,24,26,27,38,139,144,145,148,149,221,249,262,274,275,276,321,391,398,644,849,854,855,911,948,1091,1093,1118,1134,1143,1287,1293,1361,1374,1424,1481,1502,1751,1759,1808,1816,2062,2063,2064,2223,2224,2961,3034,3527,3703,3814,3819,3820,3821,3822,3829,5354,5443,5900,5951,5963,6022,6201,6360,7463,8119,8286,8354,8413,8449,8470,8475,8476,8477,8478,8479,8582,8583,8584,8861,
982;0;7254;7379;0;3,24,26,27,38,61,72,139,144,145,148,149,189,221,249,262,274,275,276,280,321,391,398,491,644,849,854,855,911,948,1089,1091,1093,1118,1134,1143,1287,1293,1361,1374,1424,1481,1502,1751,1759,1808,1816,1936,2062,2063,2064,2223,2224,2961,3034,3527,3703,3814,3819,3820,3821,3822,3829,3888,5056,5057,5058,5354,5443,5900,5951,5963,6022,6201,6360,7463,8119,8286,8354,8583,
9;0;7379;7401;0;3,24,26,27,38,61,72,139,144,145,148,149,189,221,249,262,274,275,276,280,321,391,398,491,644,849,854,855,911,948,1089,1091,1093,1118,1134,1143,1287,1293,1361,1374,1424,1481,1502,1751,1759,1808,1816,1936,2062,2063,2064,2223,2224,2961,3034,3527,3703,3814,3819,3820,3821,3822,3829,3888,5056,5057,5058,5354,5951,5963,6022,6360,8551,8552,8553,8554,8555,8556,8557,8583,
9;1;7401;7502;0;3,24,26,27,38,61,72,139,144,145,146,148,149,189,221,226,249,262,274,275,276,280,321,390,391,398,491,644,849,854,855,911,948,1089,1091,1093,1118,1134,1143,1287,1293,1361,1374,1424,1481,1488,1502,1751,1759,1808,1816,1936,2062,2063,2064,2223,2224,2961,3034,3527,3535,3703,3814,3819,3820,3821,3822,3829,3888,4033,5056,5057,5058,5354,5951,5963,6022,6360,8551,8583,
149;0;7502;7576;0;3,24,26,27,38,61,72,139,144,145,146,148,149,189,221,226,249,262,274,275,276,280,321,390,391,398,491,580,637,644,849,854,855,911,948,1089,1091,1093,1118,1134,1143,1287,1293,1297,1361,1374,1424,1481,1488,1502,1695,1751,1759,1808,1816,1936,2062,2063,2064,2171,2223,2224,2263,2273,2350,2351,2352,2961,3034,3527,3535,3703,3814,3819,4033,5951,5963,6022,6360,8583,
149;1;7576;7621;0;3,24,26,27,38,61,72,139,144,145,146,148,149,189,221,226,249,262,274,275,276,280,321,390,391,398,491,580,637,644,849,854,855,911,948,1089,1091,1093,1118,1134,1143,1287,1293,1297,1361,1374,1424,1481,1488,1502,1695,1751,1759,1808,1816,1936,2017,2062,2063,2064,2171,2223,2224,2263,2273,2350,2351,2352,2961,3034,3527,3535,3703,4033,5951,5963,6022,6360,7587,8583,
996;0;7621;7739;0;3,24,26,27,38,61,72,139,144,145,146,148,149,189,221,226,249,251,262,274,275,276,280,321,390,391,398,491,580,637,644,849,854,855,911,948,1089,1091,1093,1118,1134,1143,1287,1293,1297,1361,1374,1424,1481,1488,1502,1695,1751,1759,1808,1816,1936,2017,2062,2063,2064,2171,2223,2224,2263,2273,2350,2351,2352,2407,2961,3034,3527,4033,5951,5963,6022,6033,6360,8583,
90;0;7739;7825;0;3,24,26,27,29,38,61,72,139,144,145,146,148,149,189,221,226,249,251,262,274,275,276,280,321,390,391,398,491,580,637,644,849,854,855,911,948,1089,1091,1093,1118,1134,1143,1287,1293,1297,1361,1374,1424,1481,1488,1502,1695,1751,1759,1808,1816,1936,2017,2062,2063,2064,2171,2223,2224,2263,2273,2350,2351,2352,3346,3527,4033,4314,4318,5951,5963,6022,6360,8583,
90;1;7825;7855;0;3,24,26,27,29,38,61,72,139,144,145,146,148,149,189,221,226,249,251,262,274,275,276,280,321,390,391,398,491,580,637,644,849,854,855,911,948,1089,1091,1093,1118,1134,1143,1287,1293,1297,1361,1481,1502,1695,1751,1759,2062,2063,2174,2263,2273,2419,2611,3269,3346,3527,3598,3797,4033,4210,4314,4318,4439,4459,4460,4478,4479,4480,4481,5951,5963,6022,6360,8583,
767;0;7855;7969;0;79,126,127,185,186,189,206,221,224,290,291,398,410,412,439,450,497,564,644,739,754,773,784,838,849,911,946,948,979,1117,1196,1293,1336,1423,1425,1434,1440,1463,1674,1898,2074,2428,2586,2645,2690,2849,2896,3259,3289,3290,3416,3774,3870,3876,3908,4104,4370,4633,5259,5668,5862,5951,6389,6731,6732,6742,7251,7299,7837,8037,8170,8171,8322,8342,8497,8511,8512,8513,8518,8566,
205;0;7969;8030;0;79,126,127,185,186,189,206,221,224,290,291,398,410,412,439,450,497,564,644,739,754,773,784,838,849,911,946,948,979,1117,1196,1293,1336,1423,1425,1434,1440,1463,1674,1898,2074,2428,2586,2645,2690,2849,2896,3259,3289,3290,3416,3774,3870,3876,3908,4104,4370,4633,5259,5668,5862,5951,6389,6731,6732,6742,7251,7299,7837,8037,8170,8171,8322,8342,8497,8511,8512,8513,8518,8566,
205;1;8030;8081;0;79,126,127,185,186,189,206,221,224,290,291,398,410,412,439,450,497,564,644,739,754,773,784,838,849,911,946,948,979,1117,1196,1293,1336,1423,1425,1434,1440,1463,1674,1898,2074,2428,2586,2645,2690,2849,2896,3259,3289,3290,3416,3774,3870,3876,3908,4104,4370,4633,5259,5668,5862,5951,6389,6731,6732,6742,7251,7299,7837,8037,8170,8171,8322,8342,8497,8511,8512,8513,8518,8566,
829;0;8081;8186;0;79,126,127,185,186,189,206,221,224,290,291,398,410,412,439,450,497,564,644,739,754,773,784,838,849,911,946,948,979,1117,1196,1293,1336,1423,1425,1434,1440,1463,1674,1898,2074,2428,2586,2645,2690,2849,2896,3259,3289,3290,3416,3774,3870,3876,3908,4104,4370,4633,5259,5668,5862,5951,6389,6731,6732,6742,7251,7299,7837,8037,8170,8171,8322,8342,8497,8511,8512,8513,8518,8566,
718;0;8186;8291;0;79,126,127,185,186,189,206,221,224,290,291,398,410,412,439,450,497,564,644,739,754,773,784,838,849,911,946,948,979,1117,1196,1293,1336,1423,1425,1434,1440,1463,1674,1898,2074,2428,2586,2645,2690,2849,2896,3259,3289,3290,3416,3774,3870,3876,3908,4104,4370,4633,5259,5668,5862,5951,6389,6731,6732,6742,7251,7299,7837,8037,8170,8171,8322,8342,8497,8511,8512,8513,8518,8566,
0;0;8291;8325;0;79,126,127,185,186,189,206,221,224,290,291,398,410,412,439,450,497,564,644,739,754,773,784,838,849,911,946,948,979,1117,1196,1293,1336,1423,1425,1434,1440,1463,1674,1898,2074,2428,2586,2645,2690,2849,2896,3259,3289,3290,3416,3774,3870,3876,3908,4104,4370,4633,5259,5668,5862,5951,6389,6731,6732,6742,7251,7299,7837,8037,8170,8171,8322,8342,8497,8511,8512,8513,8518,8566,
0;1;8325;8394;0;79,126,127,185,186,189,206,221,224,290,291,398,410,412,439,450,497,564,644,739,754,773,784,838,849,911,946,948,979,1117,1196,1293,1336,1423,1425,1434,1440,1463,1674,1898,2074,2428,2586,2645,2690,2849,2896,3259,3289,3290,3416,3774,3870,3876,3908,4104,4370,4633,5259,5668,5862,5951,6389,6731,6732,6742,7251,7299,7837,8037,8170,8171,8322,8342,8497,8511,8512,8513,8518,8566,
959;0;8640;8738;0;79,126,127,185,186,189,206,221,224,290,291,398,410,412,439,450,497,564,644,739,754,773,784,838,849,911,946,948,979,1117,1196,1293,1336,1423,1425,1434,1440,1463,1674,1898,2074,2428,2586,2645,2690,2849,2896,3212,3259,3289,3290,3416,3774,3870,3876,3908,4104,4370,4633,5088,5259,5668,5862,5951,5952,5963,5964,5984,6354,6355,6356,6357,6358,6359,6360,6389,7251,7837,8170,8171,
38;0;8738;8783;0;79,126,127,185,186,189,206,221,224,290,291,398,410,412,439,450,497,564,644,698,739,754,773,784,838,849,911,946,948,979,1117,1196,1293,1336,1423,1425,1434,1481,1898,2074,2318,2428,2582,2645,2668,2690,2713,2849,3581,3870,3876,4398,4733,4734,5088,5259,5649,5721,6180,6357,6360,7227,7251,7324,7801,7802,7804,7805,7806,7812,7814,7837,7839,7840,7841,7842,7843,7844,8170,8171,
38;1;8783;8833;0;79,126,127,185,186,189,206,221,224,290,291,398,410,412,439,450,497,564,644,698,739,754,773,784,838,849,911,946,948,979,1117,1196,1293,1336,1423,1425,1434,1481,1898,2074,2318,2428,2582,2645,2668,2690,2713,2849,3581,3870,3876,4398,4733,4734,5088,5259,5649,5721,6133,6136,6138,6180,6357,6360,7227,7251,7324,7837,8170,8171,8230,8276,8278,8280,8284,8285,8317,8318,8319,8358,
992;0;8833;8926;0;79,126,127,144,185,186,189,206,221,224,290,291,398,410,412,439,450,497,564,644,694,698,739,754,772,773,784,838,849,911,946,948,979,1117,1147,1196,1293,1336,1423,1425,1434,1481,1898,2074,2318,2428,2582,2645,2668,2690,2713,2849,2955,3581,3870,3876,4398,4733,4734,5088,5259,5484,5525,5634,5649,5721,5722,5869,6024,6099,6133,6136,6173,6357,6360,7227,7251,7837,8170,8171,
65;0;8926;8958;0;79,126,127,144,146,185,186,189,206,221,224,245,290,291,398,410,412,439,450,497,564,644,694,698,739,754,772,773,784,838,849,903,911,946,948,979,1117,1147,1196,1293,1336,1423,1425,1434,1481,1604,1898,2074,2318,2428,2582,2645,2668,2690,2713,2849,2955,3581,3870,3876,4398,4733,4734,5088,5254,5259,5484,5525,5634,5722,5869,6099,6357,6360,6513,7227,7251,7837,8170,8171,
65;1;8958;9011;0;15,24,54,60,79,126,127,144,146,185,186,189,206,221,224,245,290,291,398,410,412,439,450,497,564,644,694,698,739,754,772,773,838,871,911,948,979,1117,1147,1196,1293,1336,1434,1481,1604,1898,2062,2063,2074,2318,2428,2645,2713,2849,3345,3346,3581,3870,3876,4313,4314,4315,4316,4317,4318,4733,5088,5254,5259,5525,5722,5869,6099,6357,6360,7227,7251,7837,8170,8171,
737;0;9011;9095;0;15,24,54,60,79,126,127,144,146,149,185,206,221,233,245,262,277,290,291,398,412,591,644,694,772,773,838,871,911,948,979,1117,1147,1196,1293,1336,1434,1481,1604,1898,2062,2063,2074,2318,2428,2645,2713,2774,2775,2816,2849,3345,3346,3581,3870,3876,4313,4314,4315,4316,4317,4318,4600,4733,4740,5088,5254,5259,5331,5525,5722,5869,6099,6357,6360,7227,7251,7837,8170,8171,
665;0;9095;9175;0;15,24,53,54,60,79,144,146,149,206,221,245,262,277,290,291,398,412,528,581,591,644,694,772,773,838,871,911,948,979,1117,1147,1196,1293,1434,1481,1604,1898,2062,2063,2074,2318,2428,2645,2713,2774,2775,2849,3345,3346,3581,3797,3798,3799,3800,3801,3802,3870,3876,4313,4314,4315,4316,4317,4318,4733,4740,5088,5254,5259,5525,5722,5869,6099,6360,7227,7251,7837,8170,8171,
933;0;9175;9254;0;15,24,54,137,144,146,149,206,245,262,277,290,291,308,390,391,395,398,528,591,644,773,838,871,891,911,938,948,1117,1145,1146,1147,1148,1163,1165,1166,1167,1168,1170,1171,1172,1173,1174,1196,1293,1434,1481,1604,2062,2063,2074,2318,2428,2645,2713,2774,2775,2849,3345,3346,3870,3876,4313,4314,4315,4316,4317,4318,5088,5254,5259,5525,5722,5869,6099,7227,7251,7837,8170,8171,
675;0;9254;9332;0;15,24,54,137,144,146,149,206,245,262,277,290,291,308,390,391,395,398,528,591,644,677,773,838,871,891,911,938,948,1117,1145,1146,1147,1163,1166,1170,1196,1201,1293,1434,1481,1604,2062,2074,2091,2106,2318,2405,2428,2546,2627,2645,2695,2713,2774,2775,2777,2778,2849,3263,3870,3876,4313,4314,4315,4567,5088,5254,5259,5525,5537,5722,5869,6099,6486,7227,7251,7837,8170,8171,
646;0;9332;9407;0;3,29,38,41,117,137,139,144,225,231,234,277,290,302,312,329,390,391,539,598,647,693,773,810,838,872,875,904,948,972,1087,1142,1262,1293,1398,1428,1457,1464,1465,1474,1476,1478,1549,1587,1669,1671,1680,2091,2117,2157,2198,2199,2200,2202,2220,2337,2844,3037,3665,3707,4033,4630,4645,4913,4926,5088,5091,5379,5681,5703,5725,5949,5995,6099,8702,8703,8704,8705,8706,8707,
88;0;9407;9427;0;3,29,38,41,117,137,139,144,225,231,234,277,290,302,312,329,390,391,539,598,647,693,773,810,838,872,875,904,948,972,1087,1142,1262,1293,1398,1428,1457,1464,1465,1474,1476,1478,1549,1587,1669,1671,1680,2091,2117,2157,2198,2199,2200,2202,2220,2337,2844,3037,3665,3707,4033,4630,4645,4913,4926,5088,5091,5379,5681,5703,5725,5949,5995,6099,8702,8703,8704,8705,8706,8707,
88;1;9427;9477;0;3,29,38,41,117,137,139,144,225,231,234,277,290,302,312,329,390,391,539,598,647,693,773,810,838,872,875,904,948,972,1087,1142,1262,1293,1398,1428,1457,1464,1465,1474,1476,1478,1549,1587,1669,1671,1680,2091,2117,2157,2198,2199,2200,2202,2220,2337,2844,3037,3665,3707,4033,4630,4645,4913,4926,5088,5091,5379,5681,5703,5725,5949,5995,6099,8702,8703,8704,8705,8706,8707,
968;0;9477;9545;0;3,29,38,41,117,137,139,144,225,231,234,277,290,302,312,329,390,391,539,598,647,693,773,810,838,872,875,904,948,972,1087,1142,1262,1293,1398,1428,1457,1464,1465,1474,1476,1478,1549,1587,1669,1671,1680,2091,2117,2157,2198,2199,2200,2202,2220,2337,2844,3037,3665,3707,4033,4630,4645,4913,4926,5088,5091,5379,5681,5703,5725,5949,5995,6099,8702,8703,8704,8705,8706,8707,
6;0;9545;9567;0;3,29,38,41,117,137,139,144,225,231,234,277,290,302,312,329,390,391,539,598,647,693,773,810,838,872,875,904,948,972,1087,1142,1262,1293,1398,1428,1457,1464,1465,1474,1476,1478,1549,1587,1669,1671,1680,2091,2117,2157,2198,2199,2200,2202,2220,2337,2844,3037,3665,3707,4033,4630,4645,4913,4926,5088,5091,5379,5681,5703,5725,5949,5995,6099,8702,8703,8704,8705,8706,8707,
6;1;9567;9612;0;3,29,38,41,117,137,139,144,225,231,234,277,290,302,312,329,390,391,539,598,647,693,773,810,838,872,875,904,948,972,1087,1142,1262,1293,1398,1428,1457,1464,1465,1474,1476,1478,1549,1587,1669,1671,1680,2091,2117,2157,2198,2199,2200,2202,2220,2337,2844,3037,3665,3707,4033,4630,4645,4913,4926,5088,5091,5379,5681,5703,5725,5949,5995,6099,8702,8703,8704,8705,8706,8707,
756;0;9612;9677;0;3,29,38,41,117,137,139,144,225,231,234,277,290,302,312,329,390,391,539,598,647,693,773,810,838,872,875,904,948,972,1087,1142,1262,1293,1398,1428,1457,1464,1465,1474,1476,1478,1549,1587,1669,1671,1680,2091,2117,2157,2198,2199,2200,2202,2220,2337,2844,3037,3665,3707,4033,4630,4645,4913,4926,5088,5091,5379,5681,5703,5725,5949,5995,6099,8702,8703,8704,8705,8706,8707,
669;0;9677;9732;0;3,29,38,41,117,137,139,144,225,231,234,277,290,302,312,329,390,391,539,598,647,693,773,810,838,872,875,904,948,972,1087,1142,1262,1293,1398,1428,1457,1464,1465,1474,1476,1478,1549,1587,1669,1671,1680,2091,2117,2157,2198,2199,2200,2202,2220,2337,2844,3037,3665,3707,4033,4630,4645,4913,4926,5088,5091,5379,5681,5703,5725,5949,5995,6099,8702,8703,8704,8705,8706,8707,
678;0;10080;10133;0;3,29,38,41,88,97,117,137,139,144,225,231,234,277,290,302,312,329,390,391,539,598,608,647,693,767,773,810,814,838,854,872,875,904,948,972,1087,1142,1262,1293,1395,1398,1428,1457,1464,1465,1474,1476,1478,1549,1587,1669,1671,1680,1914,1915,2091,2117,2157,2198,2199,2200,2337,2670,2677,2844,2898,2988,4033,4093,4926,5091,5454,5511,5725,6098,6099,7217,7423,8238,
993;0;10133;10182;0;3,4,29,38,41,88,95,97,117,137,139,144,225,231,234,277,290,301,302,306,312,329,390,391,392,404,405,539,598,608,647,693,767,773,810,814,838,854,872,875,904,948,972,1052,1087,1142,1146,1262,1293,1395,1398,1417,1428,1457,1464,1465,1473,1474,1476,1478,1549,1587,1620,1664,1669,1671,1914,2091,2337,2428,2820,2844,2898,4033,4093,4926,5091,5588,5725,6098,
961;0;10182;10230;0;3,4,29,38,41,88,95,97,117,137,139,144,225,231,234,277,290,301,302,306,312,329,390,391,392,396,397,404,405,539,598,608,647,693,767,773,810,814,838,854,872,875,904,948,972,1052,1087,1142,1146,1236,1262,1293,1395,1398,1417,1428,1457,1473,1474,1476,1478,1480,1549,1587,1671,1914,2091,2337,2503,2844,2898,4033,4093,4650,4651,4926,5091,5725,6098,6215,
851;0;10230;10276;0;3,4,29,38,41,88,95,97,117,137,139,144,225,231,234,277,290,301,302,306,329,390,391,396,404,598,647,677,715,765,773,838,854,872,875,948,972,1142,1146,1236,1293,1395,1398,1428,1457,1473,1474,1476,1478,1480,1481,1549,1587,1671,1914,2091,2337,2475,2628,2661,2844,2898,4033,4093,4802,4926,5091,5525,5722,5725,5869,6098,6352,7254,7255,7256,7257,7258,7259,7260,
945;0;10276;10320;0;3,4,29,38,41,88,95,97,100,117,137,139,144,225,231,234,277,290,291,301,302,306,329,390,391,395,396,404,598,647,677,715,765,773,838,848,854,872,875,948,972,1142,1146,1236,1293,1395,1398,1428,1457,1473,1474,1476,1478,1480,1481,1549,1587,1671,1914,2091,2337,2394,2475,2628,2645,2679,2687,2844,2898,4033,4093,4802,4926,5091,5525,5725,5869,6098,7316,8391,
844;0;10320;10362;0;3,26,38,61,88,95,97,100,137,139,144,175,198,225,234,249,277,290,302,329,390,391,395,396,404,557,598,647,677,765,773,838,854,872,875,948,972,1142,1146,1287,1293,1398,1428,1457,1473,1474,1476,1478,1480,1481,1549,1587,1671,1785,1786,1795,2091,2175,2264,2577,2628,2645,2844,2898,2968,3410,3765,4033,4112,4926,5091,5525,5944,7009,7029,7879,7906,8734,8735,8736,
786;0;10362;10401;0;3,26,38,61,88,95,97,100,137,139,144,175,198,225,234,249,277,290,302,329,390,391,395,396,404,557,598,647,677,765,773,838,854,872,875,948,972,1142,1146,1287,1293,1398,1428,1457,1462,1473,1474,1476,1478,1480,1481,1549,1587,1671,1785,1786,1795,2091,2175,2264,2577,2628,2645,2844,2898,2968,3410,3765,4033,4112,4926,5091,5525,5944,7009,7029,7879,7906,8734,8735,
716;0;10401;10437;0;3,15,16,17,18,19,21,24,25,26,35,37,38,39,54,61,88,95,97,100,137,139,144,175,198,225,234,249,277,290,302,329,364,390,391,395,396,404,476,557,598,632,647,677,765,773,838,854,872,875,948,972,1142,1146,1287,1293,1398,1428,1473,1474,1476,1478,1480,1481,1549,1587,1671,2091,2175,2264,2628,2645,2844,2898,2968,3074,4033,4926,5525,7029,
916;0;10437;10471;0;3,15,16,17,18,19,21,24,25,26,35,37,38,54,61,88,95,97,100,137,139,144,225,234,277,290,302,329,390,391,395,396,404,632,647,677,765,773,838,854,875,948,1146,1287,1293,1398,1428,1473,1474,1476,1478,1480,1481,1521,1549,1587,1671,1972,2091,2175,2264,2602,2626,2628,2645,2646,2649,2678,2844,2898,2968,4033,4926,5525,5538,5723,7029,7320,7653,7654,
806;0;10471;10500;0;3,15,16,17,18,19,21,24,25,26,35,37,38,54,61,88,95,97,100,137,138,139,144,225,234,277,288,290,302,329,348,390,391,395,396,404,632,647,677,765,773,838,854,875,948,1146,1287,1293,1398,1428,1472,1473,1474,1476,1478,1480,1481,1521,1549,1587,1671,1972,2091,2175,2264,2602,2626,2628,2645,2646,2649,2844,2898,2968,4033,4422,4423,4926,7029,7653,
852;0;10500;10522;0;3,15,16,17,19,24,25,26,37,54,61,88,95,97,100,137,138,139,144,177,225,234,277,288,290,302,305,310,313,329,390,391,395,396,404,429,632,647,765,773,838,854,875,905,948,1146,1287,1293,1428,1472,1473,1474,1476,1478,1481,1549,1587,1661,1671,1675,1759,1814,1972,2091,2175,2264,2455,2602,2626,2628,2645,2646,2844,2898,2968,4033,4926,5255,7029,7653,
850;0;10522;10536;0;3,15,16,17,19,24,25,26,37,54,61,88,95,97,100,137,138,139,144,177,225,234,277,288,290,329,359,390,391,395,396,404,409,429,632,647,765,773,838,854,875,948,1146,1287,1293,1428,1472,1473,1474,1476,1478,1481,1549,1587,1651,1671,1759,1972,2091,2175,2264,2602,2626,2628,2645,2646,2844,2846,2848,2849,2850,2898,2968,4033,4709,4710,4926,5255,7029,7653,
702;0;10536;10546;0;3,15,16,17,19,24,25,26,34,36,37,44,54,61,88,95,97,100,137,138,139,144,177,225,234,277,288,290,329,359,390,391,395,396,404,421,429,632,647,765,773,838,854,875,948,1146,1179,1247,1261,1287,1293,1428,1472,1473,1474,1476,1478,1481,1587,1605,1606,1671,1759,1972,2091,2175,2264,2602,2626,2628,2645,2646,2846,2898,2968,4033,4926,5255,7029,7653,
882;0;10546;10550;0;15,24,26,54,61,88,95,100,137,139,144,145,225,234,262,277,288,290,297,321,329,390,391,398,429,632,640,644,647,765,773,838,854,855,875,911,948,1054,1069,1119,1146,1287,1293,1359,1428,1473,1476,1478,1481,1587,1668,1671,1916,1951,1972,2175,2264,2364,2573,2626,2628,2645,2646,2770,2898,2914,2968,3267,3569,4939,5255,6366,6646,7022,7227,7605,8519,8520,8521,8522,
699;0;10550;10687;1;15,24,26,54,61,88,95,100,137,139,144,145,206,225,234,262,277,288,290,297,321,329,390,391,398,429,491,502,516,632,640,644,647,765,773,838,854,855,875,911,948,991,1054,1069,1119,1146,1287,1293,1359,1428,1473,1476,1478,1481,1580,1587,1668,1671,1695,1916,1951,1972,2175,2264,2364,2512,2573,2626,2628,2645,2646,2770,2898,2914,2968,3267,3544,3569,4939,5255,
856;0;10687;10825;1;26,27,95,100,144,329,458,632,644,765,861,1072,1196,1270,1434,1577,1588,1666,1687,1781,1782,2175,2268,2420,2488,2625,2626,2627,2628,2629,2634,2645,2646,2657,2663,2706,2713,2736,2802,2836,2898,3056,3057,3058,3059,3060,3061,3062,3063,3064,3065,3066,3067,3068,3281,3876,4894,5053,6401,6783,6918,6919,6920,6921,6922,7248,7249,7250,7251,7837,7882,8165,8166,8167,8168,8169,8170,8171,8172,8173,
64;0;10825;10869;1;26,27,95,100,144,329,458,632,644,765,861,1072,1196,1270,1434,1577,1588,1666,1687,1781,1782,2175,2268,2420,2488,2625,2626,2627,2628,2629,2634,2645,2646,2657,2663,2706,2713,2736,2802,2836,2898,3056,3057,3058,3059,3060,3061,3062,3063,3064,3065,3066,3067,3068,3281,3876,4894,5053,6401,6783,6918,6919,6920,6921,6922,7248,7249,7250,7251,7837,7882,8165,8166,8167,8168,8169,8170,8171,8172,8173,
64;1;10869;10967;1;26,27,95,100,144,329,458,632,644,765,861,1072,1196,1270,1434,1577,1588,1666,1687,1781,1782,2175,2268,2420,2488,2625,2626,2627,2628,2629,2634,2645,2646,2657,2663,2706,2713,2736,2802,2836,2898,3056,3057,3058,3059,3060,3061,3062,3063,3064,3065,3066,3067,3068,3281,3876,4894,5053,6401,6783,6918,6919,6920,6921,6922,7248,7249,7250,7251,7837,7882,8165,8166,8167,8168,8169,8170,8171,8172,8173,
879;0;10967;11114;1;26,27,95,100,144,329,458,632,644,765,861,1072,1196,1270,1434,1577,1588,1666,1687,1781,1782,2175,2268,2420,2488,2625,2626,2627,2628,2629,2634,2645,2646,2657,2663,2706,2713,2736,2802,2836,2898,3056,3057,3058,3059,3060,3061,3062,3063,3064,3065,3066,3067,3068,3281,3876,4894,5053,6401,6783,6918,6919,6920,6921,6922,7248,7249,7250,7251,7837,7882,8165,8166,8167,8168,8169,8170,8171,8172,8173,
254;0;11114;11239;1;26,27,95,100,144,329,458,632,644,765,861,1072,1196,1270,1434,1577,1588,1666,1687,1781,1782,2175,2268,2420,2488,2625,2626,2627,2628,2629,2634,2645,2646,2657,2663,2706,2713,2736,2802,2836,2898,3056,3057,3058,3059,3060,3061,3062,3063,3064,3065,3066,3067,3068,3281,3876,4894,5053,6401,6783,6918,6919,6920,6921,6922,7248,7249,7250,7251,7837,7882,8165,8166,8167,8168,8169,8170,8171,8172,8173,
254;1;11520;11548;1;26,27,95,100,144,329,458,632,644,765,861,1072,1196,1270,1434,1577,1588,1666,1687,1781,1782,2175,2268,2420,2488,2625,2626,2627,2628,2629,2634,2645,2646,2657,2663,2706,2713,2736,2802,2836,2898,3056,3057,3058,3059,3060,3061,3062,3063,3064,3065,3066,3067,3068,3281,3876,4894,5053,7837,9222,9223,9224,9225,9229,9230,9231,9233,9234,9235,9236,9241,9243,9244,9250,9251,9252,9253,9254,9255,9256,
795;0;11548;11704;1;26,27,95,100,144,289,299,329,343,458,591,632,644,765,861,1019,1072,1196,1214,1270,1434,1577,1588,1666,1687,1781,1782,2175,2225,2268,2318,2405,2420,2488,2625,2626,2627,2628,2629,2630,2631,2632,2634,2635,2637,2640,2642,2643,2644,2645,2646,2652,2657,2663,2675,2680,2686,2706,2713,2720,2721,2736,2752,2802,2836,2898,3056,3057,3058,3059,3060,3061,3062,3063,3064,3065,3066,3067,3068,7837,
668;0;11704;11864;1;26,27,95,100,144,289,299,329,343,458,591,632,644,691,765,861,1019,1072,1196,1214,1270,1434,1577,1588,1666,1687,1781,1782,2175,2225,2268,2318,2405,2420,2488,2625,2626,2627,2628,2629,2630,2631,2632,2634,2635,2637,2640,2642,2643,2644,2645,2646,2652,2657,2663,2675,2680,2686,2706,2713,2720,2721,2736,2752,2774,2775,2777,2778,2802,2836,2898,3056,3057,3058,3059,3060,3447,4604,4606,7837,
965;0;11864;12028;1;26,27,88,95,100,144,289,299,329,337,343,458,591,632,644,691,765,835,843,855,858,861,1019,1072,1196,1214,1270,1434,1518,1577,1588,1666,1687,1781,1782,1972,2175,2225,2268,2318,2403,2405,2420,2488,2625,2626,2627,2628,2629,2630,2631,2632,2634,2635,2637,2640,2642,2643,2644,2645,2646,2652,2653,2657,2663,2675,2680,2686,2706,2713,2721,2774,2775,2778,2898,3618,4389,4604,5337,7837,
894;0;12028;12193;1;26,27,88,95,100,144,289,299,329,337,343,458,591,632,644,691,765,835,843,855,858,861,875,1019,1072,1196,1214,1270,1273,1277,1294,1434,1518,1577,1588,1666,1687,1781,1782,1972,2074,2175,2225,2268,2318,2403,2405,2420,2488,2625,2626,2627,2628,2629,2630,2631,2632,2634,2635,2637,2640,2642,2643,2644,2645,2646,2652,2653,2721,2774,2775,2778,2965,2966,2967,2968,2969,3618,4604,7837,
173;0;12193;12266;1;63,95,103,137,144,149,210,245,264,286,288,308,340,391,528,765,773,835,838,855,891,938,949,978,1056,1117,1147,1163,1164,1166,1170,1176,1177,1273,1294,1428,1447,1467,2149,2172,2221,2231,2233,2315,2372,2444,2628,2689,2778,2829,2899,2941,2968,3263,3613,4230,4263,4265,4268,4269,4604,4794,5795,6023,6225,7188,7575,7834,7835,7836,7837,7838,8021,8098,8841,8844,9265,9266,9267,9268,
173;1;12266;12361;1;63,95,103,137,144,149,210,245,264,286,288,308,340,391,528,765,773,835,838,855,891,938,949,978,1056,1117,1147,1163,1164,1166,1170,1176,1177,1273,1294,1428,1447,1467,2149,2172,2221,2231,2233,2315,2372,2444,2628,2689,2778,2829,2899,2941,2968,3263,3613,4230,4263,4265,4268,4269,4604,4794,5795,6023,6225,7188,7575,7834,7835,7836,7837,7838,8021,8098,8841,8844,9265,9266,9267,9268,
838;0;12361;12534;1;63,95,103,137,144,149,210,245,264,286,288,308,340,391,528,765,773,835,838,855,891,938,949,978,1056,1117,1147,1163,1164,1166,1170,1176,1177,1273,1294,1428,1447,1467,2149,2172,2221,2231,2233,2315,2372,2444,2628,2689,2778,2829,2899,2941,2968,3263,3613,4230,4263,4265,4268,4269,4604,4794,5795,6023,6225,7188,7575,7834,7835,7836,7837,7838,8021,8098,8841,8844,9265,9266,9267,9268,
43;0;12534;12663;1;63,95,103,137,144,149,210,245,264,286,288,308,340,391,528,765,773,835,838,855,891,938,949,978,1056,1117,1147,1163,1164,1166,1170,1176,1177,1273,1294,1428,1447,1467,2149,2172,2221,2231,2233,2315,2372,2444,2628,2689,2778,2829,2899,2941,2968,3263,3613,4230,4263,4265,4268,4269,4604,4794,5795,6023,6225,7188,7575,7834,7835,7836,7837,7838,8021,8098,8841,8844,9265,9266,9267,9268,
43;1;12663;12709;1;63,95,103,137,144,149,210,245,264,286,288,308,340,391,528,765,773,835,838,855,891,938,949,978,1056,1117,1147,1163,1164,1166,1170,1176,1177,1273,1294,1428,1447,1467,2149,2172,2221,2231,2233,2315,2372,2444,2628,2689,2778,2829,2899,2941,2968,3263,3613,4230,4263,4265,4268,4269,4604,4794,5795,6023,6225,7188,7575,7834,7835,7836,7837,7838,8021,8098,8841,8844,9265,9266,9267,9268,
Machine: 1
674;0;0;4;1;89,90,100,144,228,234,268,395,400,430,437,608,694,715,773,835,849,927,949,1068,1095,1207,1378,1417,1525,1529,1671,2337,2339,2491,2510,2531,2636,2661,2677,2683,2691,2714,2715,2728,2974,3581,4031,4425,4475,4673,5138,5140,5141,5144,5147,5228,5323,5538,5691,5706,5723,6225,6226,6723,7208,7217,7299,7319,7320,7583,7584,7683,7871,8129,8425,8528,8529,8530,8531,8595,8596,8597,8598,8599,
826;0;4;18;1;89,90,100,144,228,234,268,395,400,430,437,606,608,609,694,715,773,835,849,927,949,1068,1095,1207,1347,1378,1395,1406,1417,1525,1529,1671,1913,2094,2337,2339,2491,2510,2531,2636,2661,2677,2683,2691,2714,2715,2728,2974,3111,3581,4031,4161,4425,4475,4673,5067,5138,5140,5141,5144,5147,5149,5228,5323,5538,5691,5706,5723,6225,6226,6723,7217,7299,7683,8595,8596,8597,8598,8599,8600,
923;0;18;38;1;89,90,100,144,228,234,268,395,400,430,437,606,608,609,694,715,773,835,849,927,949,1068,1095,1207,1347,1378,1395,1406,1417,1525,1529,1671,1913,2094,2337,2339,2491,2510,2531,2636,2661,2662,2677,2683,2691,2714,2715,2728,2974,3111,3329,3581,4031,4161,4425,4475,4673,5067,5138,5140,5141,5144,5147,5149,5228,5323,5538,5691,5706,5723,6225,6226,6723,7217,7299,7683,8595,8596,8597,8598,
979;0;38;60;1;89,90,95,100,102,144,228,234,268,329,395,400,430,437,591,606,608,609,694,715,764,773,835,849,858,927,949,1068,1095,1207,1347,1364,1378,1395,1406,1417,1516,1518,1525,1529,1666,1671,1913,2094,2337,2339,2491,2531,2636,2643,2658,2661,2677,2679,2683,2691,2913,2949,2956,3462,3581,4031,4369,4373,4393,4413,4414,4415,4416,4417,4418,4419,4420,4421,5144,5538,5706,6723,7217,7299,
787;0;60;88;1;24,89,90,95,100,102,144,228,234,268,329,395,400,430,437,591,606,608,609,632,694,715,764,773,835,849,858,927,949,1068,1095,1196,1207,1347,1364,1378,1395,1406,1417,1516,1518,1525,1529,1651,1666,1671,1913,2094,2337,2339,2491,2531,2636,2643,2658,2661,2677,2679,2683,2691,2913,2949,2956,3462,3581,4031,4369,4373,4393,4413,4414,4415,5144,5538,5706,6723,6745,7159,7217,7299,
696;0;88;122;1;4,24,89,90,95,100,102,144,228,234,268,329,390,391,395,400,402,404,430,437,591,606,608,609,632,694,715,764,773,835,849,858,927,949,1068,1095,1163,1196,1207,1347,1364,1378,1395,1406,1417,1516,1518,1525,1529,1651,1666,1671,1801,1913,2094,2223,2337,2339,2491,2531,2636,2643,2661,2677,2679,2683,2691,2949,2956,3581,4031,4369,4373,5144,5538,5650,5706,6723,7217,7299,
969;0;122;166;1;4,24,89,90,95,100,102,144,228,234,268,329,390,391,395,400,402,404,430,437,591,606,608,609,632,694,715,764,773,835,849,858,927,949,1068,1095,1163,1196,1207,1288,1347,1364,1378,1395,1406,1417,1516,1518,1525,1529,1651,1666,1671,1801,1913,2223,2337,2407,2531,2636,2643,2661,2677,2679,2683,2691,2949,2956,3581,4010,4031,4217,4369,4373,5144,5538,5706,6723,7217,7299,
927;0;166;210;1;4,24,89,90,95,100,102,144,228,234,268,329,390,391,395,400,402,404,430,437,591,609,632,694,715,764,773,835,848,849,858,927,949,1068,1073,1095,1163,1169,1196,1288,1417,1516,1518,1523,1525,1666,1671,2223,2337,2407,2531,2547,2636,2643,2649,2661,2677,2679,2683,2691,2693,2949,2956,3260,3581,4031,4217,4369,4371,4372,4373,4374,4375,4376,5144,5538,5706,6723,7217,7299,
948;0;210;256;1;4,24,89,90,95,100,102,144,228,234,268,329,390,391,395,400,402,404,430,437,591,609,632,694,715,764,773,835,848,849,858,927,949,1068,1073,1095,1163,1169,1196,1288,1417,1479,1516,1518,1523,1525,1666,1671,2223,2337,2407,2531,2547,2636,2643,2649,2661,2677,2679,2683,2691,2693,2949,2956,3260,3447,3581,4031,4217,4369,4371,4376,4598,4599,5144,5538,5706,6723,7217,7299,
677;0;256;305;1;4,24,89,90,95,100,102,144,228,234,268,329,390,391,395,400,402,404,430,437,518,549,591,609,632,694,715,764,773,835,848,849,858,927,949,1068,1073,1095,1163,1169,1196,1288,1417,1479,1516,1518,1523,1525,1666,1671,2223,2337,2407,2531,2547,2636,2643,2649,2661,2677,2679,2683,2691,2949,2956,3447,3581,4031,4217,4369,4371,4376,4912,5144,5538,5706,6723,7217,7299,7831,
763;0;305;365;1;4,24,89,90,95,100,102,144,228,234,268,329,390,391,395,400,402,404,430,437,457,518,549,591,609,632,694,715,764,773,835,849,858,927,949,992,1068,1095,1163,1196,1288,1417,1479,1516,1518,1523,1525,1565,1657,1671,1853,2179,2223,2337,2407,2531,2636,2643,2649,2661,2677,2679,2691,2941,2949,2956,3447,3581,4031,4217,4369,4371,4376,5020,5144,5538,5706,6723,7217,7299,
730;0;365;430;1;4,24,89,90,95,100,144,234,274,275,329,390,391,395,400,404,430,591,632,694,715,764,769,773,816,835,843,849,858,927,948,949,951,1043,1068,1072,1163,1196,1288,1417,1479,1516,1518,1523,1525,1610,1853,1916,2179,2223,2337,2338,2398,2407,2531,2636,2643,2649,2661,2677,2679,2680,2691,2941,2949,2956,3447,4080,4217,4369,4371,4747,4753,4829,5144,5531,5706,5757,7217,7299,
294;0;430;448;1;4,24,89,90,95,100,144,234,274,329,390,391,395,400,404,430,591,632,694,715,764,769,773,835,843,849,858,927,948,949,951,1068,1072,1163,1196,1288,1479,1516,1518,1523,1525,1610,1853,1916,2179,2223,2337,2398,2407,2531,2636,2643,2649,2661,2677,2679,2680,2691,2941,2949,2956,3447,4217,4369,4371,5531,5706,6136,6145,7217,7299,8229,8230,8231,8232,8233,8234,8235,8236,8237,
294;1;448;497;1;4,24,89,90,95,100,144,179,180,234,274,307,329,390,391,395,400,404,430,591,592,594,632,694,715,764,769,773,835,843,849,858,927,948,949,951,1039,1068,1072,1163,1196,1288,1396,1479,1516,1518,1523,1525,1610,1853,1916,2179,2223,2337,2398,2407,2531,2636,2643,2649,2661,2677,2679,2680,2691,2941,2949,2956,3447,4217,4369,4371,5531,5706,6136,6145,7217,7299,8229,8230,
832;0;497;565;1;4,24,26,95,144,274,329,390,391,395,400,404,430,528,529,591,632,658,715,764,769,773,835,843,849,858,948,949,1163,1196,1269,1278,1279,1287,1288,1293,1322,1479,1516,1518,1523,1525,1587,1591,1592,1783,1785,1795,1853,1916,2179,2223,2407,2643,2661,2677,2679,2680,2691,2941,2949,2956,3447,3704,3788,3879,4217,4324,4325,4326,4327,4328,4329,4330,4369,4371,5531,5706,7217,7299,
182;0;565;606;1;4,24,26,95,144,274,329,390,391,395,400,404,430,528,529,591,632,658,715,764,769,773,835,843,849,858,948,949,1163,1196,1269,1278,1279,1287,1288,1293,1322,1479,1516,1518,1523,1525,1587,1591,1592,1783,1785,1795,1853,1916,2179,2223,2407,2643,2661,2677,2679,2680,2691,2941,2949,2956,3447,3704,3788,3811,3879,4217,4324,4325,4326,4327,4328,4330,4369,4371,5531,5706,7217,7299,
182;1;606;636;1;4,24,26,95,144,274,329,390,391,395,400,404,430,528,591,632,715,764,769,773,835,843,849,858,948,949,1147,1163,1196,1278,1287,1293,1348,1479,1516,1528,1587,1853,1916,2179,2223,2407,2589,2627,2643,2661,2677,2679,2680,2691,2779,2808,2941,2949,2956,3447,3745,4217,4330,4369,4371,5531,5532,5706,7217,7299,7318,7460,7816,7886,8391,8583,8978,8979,8980,8981,8982,8983,8984,8985,
157;0;636;648;1;4,24,26,95,144,274,292,314,329,390,391,395,400,404,430,528,591,632,677,715,764,769,773,835,843,849,858,948,949,1147,1163,1196,1278,1287,1293,1348,1479,1516,1528,1587,1853,1916,2179,2223,2407,2589,2627,2643,2661,2677,2679,2680,2691,2779,2808,2941,2949,2956,3263,3447,3745,4217,4330,4369,4371,4608,4609,5531,5532,5706,7217,7299,7318,7460,7816,7886,7887,7888,8391,8583,
157;1;648;712;1;4,24,26,95,144,274,292,314,329,390,391,395,400,404,430,528,591,632,677,715,764,769,773,835,843,849,858,948,949,1147,1163,1196,1278,1287,1293,1348,1479,1516,1528,1587,1853,1916,2179,2223,2407,2589,2627,2643,2661,2677,2679,2680,2691,2779,2808,2941,2949,2956,3263,3447,3745,4217,4330,4369,4371,4608,4609,5531,5532,5706,7217,7299,7318,7460,7816,7886,7887,8391,8488,8489,
724;0;712;789;1;95,135,144,225,289,301,321,335,337,391,395,400,404,429,430,591,644,715,764,830,843,849,858,949,1019,1117,1146,1163,1360,1478,1479,1481,1484,1485,1814,2223,2225,2318,2321,2371,2405,2548,2584,2625,2627,2634,2640,2642,2643,2652,2657,2661,2663,2679,2680,2686,2691,3920,4033,4217,4369,5706,6342,7188,7212,7296,7299,7308,7316,7338,8415,8432,8799,8801,8803,8804,8806,8808,8809,8810,
144;0;789;801;1;95,135,144,225,289,301,321,335,337,391,395,400,404,429,430,591,644,715,764,830,843,849,858,949,1019,1117,1146,1163,1360,1478,1479,1481,1484,1485,1814,2223,2225,2318,2321,2371,2405,2548,2584,2625,2627,2634,2640,2642,2643,2652,2657,2661,2663,2679,2680,2686,2691,3920,4033,4217,4369,5706,6342,7188,7212,7296,7299,7308,7316,7338,8415,8432,8799,8801,8803,8804,8806,8808,8809,8810,
144;1;801;867;1;95,135,144,225,289,301,321,335,337,391,395,400,404,429,430,591,644,715,764,830,843,849,858,949,1019,1117,1146,1163,1360,1478,1479,1481,1484,1485,1814,2223,2225,2318,2321,2371,2405,2548,2584,2625,2627,2634,2640,2642,2643,2652,2657,2661,2663,2679,2680,2686,2691,3920,4033,4217,4369,5706,6342,7188,7212,7296,7299,7308,7316,7338,8415,8432,8799,8801,8803,8804,8806,8808,8809,8810,
950;0;867;947;1;95,135,144,225,289,301,321,335,337,391,395,400,404,429,430,591,644,715,764,830,843,849,858,949,1019,1117,1146,1163,1360,1478,1479,1481,1484,1485,1814,2223,2225,2318,2321,2371,2405,2548,2584,2625,2627,2634,2640,2642,2643,2652,2657,2661,2663,2679,2680,2686,2691,3920,4033,4217,4369,5706,6342,7188,7212,7296,7299,7308,7316,7338,8415,8432,8799,8801,8803,8804,8806,8808,8809,8810,
796;0;1440;1526;1;92,95,104,135,144,225,276,289,301,321,335,337,343,391,395,400,404,429,430,591,644,693,715,764,765,830,838,843,849,854,858,890,949,1019,1117,1146,1163,1360,1365,1478,1479,1481,1484,1485,1814,1884,2223,2225,2318,2371,2459,2461,2627,2640,2643,2652,2661,2663,2678,2679,2680,2685,2986,3618,4217,4369,4385,4387,4574,4650,4728,4729,4730,4731,4732,4733,4734,5706,7212,7296,
813;0;1526;1615;1;92,95,104,135,144,145,149,225,231,241,276,277,289,301,321,335,337,343,391,395,396,400,404,429,430,591,644,647,693,715,764,765,830,838,843,849,854,855,858,890,949,1019,1117,1146,1163,1476,1478,1479,1481,1484,1502,1814,1920,1922,2223,2225,2318,2371,2461,2627,2640,2643,2652,2661,2663,2678,2679,2680,2986,3387,3618,4217,4369,4728,4733,4832,5244,5706,7212,7296,
644;0;1615;1707;1;95,144,145,149,225,231,277,289,301,321,391,395,396,404,429,430,591,644,647,715,764,765,838,843,854,855,858,890,949,1117,1146,1163,1478,1479,1481,1484,1502,1814,1920,2223,2225,2318,2371,2461,2627,2640,2643,2652,2661,2663,2678,2679,2986,3484,3485,3486,3489,3490,3491,3492,3493,3494,3496,3498,3499,3500,3501,3502,3503,3504,3505,3618,3659,3660,4217,4369,4733,4832,5706,7296,
897;0;1707;1802;1;19,34,38,40,46,95,144,145,149,225,231,277,289,301,321,364,391,395,396,404,429,430,476,546,591,644,647,715,722,764,765,778,838,843,854,855,858,890,949,1117,1146,1163,1390,1478,1479,1481,1484,1502,1560,1814,1920,2091,2197,2223,2371,2461,2627,2643,2652,2661,2663,2678,2679,2986,3486,3490,3500,3501,3618,3766,4217,4369,4645,4733,4832,5706,5825,6244,7296,7658,
784;0;1802;1898;1;19,34,38,40,46,95,144,145,149,225,231,277,289,301,321,364,391,395,396,404,429,430,476,546,591,644,647,715,722,764,765,778,838,843,854,855,858,890,949,1117,1146,1163,1390,1478,1479,1481,1484,1502,1560,1814,1920,2091,2197,2223,2371,2461,2627,2643,2652,2661,2663,2678,2679,2986,3486,3490,3500,3501,3618,3766,4217,4369,4645,4733,4832,5706,5825,6244,7296,7513,
267;0;1898;2064;0;19,34,38,40,46,95,138,144,145,149,225,231,277,289,301,321,364,391,395,396,398,404,429,430,591,644,647,715,764,765,778,838,843,854,855,858,890,949,1052,1117,1146,1163,1390,1474,1478,1479,1481,1484,1502,1560,1814,1920,2053,2091,2103,2223,2371,2461,2627,2643,2652,2661,2663,2678,2679,2986,3121,3486,3490,3500,3501,3527,3618,4217,4369,4733,4832,5706,5825,7296,
267;1;2064;2228;0;34,38,40,95,138,144,145,149,189,225,277,288,301,321,345,351,395,396,398,404,429,591,640,647,671,764,765,838,843,854,855,858,890,949,1093,1146,1163,1356,1361,1474,1478,1481,1484,1502,1802,1808,1814,2053,2091,2223,2315,2371,2419,2627,2631,2643,2651,2652,2678,2679,3337,3486,3490,3500,3501,3532,3618,4112,4217,4369,4733,4832,5348,6042,6137,6756,6757,6758,7487,7977,
169;0;2228;2372;0;34,38,40,95,138,144,145,149,189,225,277,288,301,321,345,351,395,396,398,404,429,591,640,647,671,764,765,838,843,854,855,858,890,949,1093,1146,1163,1356,1361,1474,1478,1481,1484,1502,1802,1808,1814,2053,2091,2223,2315,2371,2419,2627,2631,2643,2651,2652,2678,2679,3337,3486,3490,3500,3501,3532,3618,4112,4217,4369,4733,4832,5348,6042,6137,6756,6757,6758,7487,7977,
169;1;2372;2546;0;34,38,40,95,138,144,145,149,189,225,277,288,301,321,345,351,395,396,398,404,429,591,640,647,671,764,765,838,843,854,855,858,890,949,1093,1146,1163,1356,1361,1474,1478,1481,1484,1502,1802,1808,1814,2053,2091,2223,2315,2371,2419,2627,2631,2643,2651,2652,2678,2679,3337,3486,3490,3500,3501,3532,3618,4112,4217,4369,4733,4832,5348,6042,6137,6756,6757,6758,7487,7977,
272;0;2546;2677;0;34,38,40,95,138,144,145,149,189,225,277,288,301,321,345,351,395,396,398,404,429,591,640,647,671,764,765,838,843,854,855,858,890,949,1093,1146,1163,1356,1361,1474,1478,1481,1484,1502,1802,1808,1814,2053,2091,2223,2315,2371,2419,2627,2631,2643,2651,2652,2678,2679,3337,3486,3490,3500,3501,3532,3618,4112,4217,4369,4733,4832,5348,6042,6137,6756,6757,6758,7487,7977,
272;1;2677;2818;0;34,38,40,95,138,144,145,149,189,225,277,288,301,321,345,351,395,396,398,404,429,591,640,647,671,764,765,838,843,854,855,858,890,949,1093,1146,1163,1356,1361,1474,1478,1481,1484,1502,1802,1808,1814,2053,2091,2223,2315,2371,2419,2627,2631,2643,2651,2652,2678,2679,3337,3486,3490,3500,3501,3532,3618,4112,4217,4369,4733,4832,5348,6042,6137,6756,6757,6758,7487,7977,
115;0;2818;2912;0;34,38,40,95,138,144,145,149,189,225,277,288,301,321,345,351,395,396,398,404,429,591,640,647,671,764,765,838,843,854,855,858,890,949,1093,1146,1163,1356,1361,1474,1478,1481,1484,1502,1802,1808,1814,2053,2091,2223,2315,2371,2419,2627,2631,2643,2651,2652,2678,2679,3337,3486,3490,3500,3501,3532,3618,4112,4217,4369,4733,4832,5348,6042,6137,6756,6757,6758,7487,7977,
115;1;2912;3082;0;34,38,40,95,138,144,145,149,189,225,288,292,301,314,321,351,395,396,404,429,591,677,765,818,838,843,854,855,858,890,949,1093,1146,1163,1361,1474,1478,1481,1484,1502,1808,1814,2053,2091,2223,2371,2627,2678,2679,2774,2777,2778,2803,2812,3263,3486,3490,3500,3501,3618,3640,4217,4600,4603,4604,4605,4606,4607,4608,4609,4610,4611,4612,4613,4614,4615,4616,4617,4618,4832,
289;0;3082;3170;0;1,34,38,40,95,138,144,145,189,225,288,301,321,351,396,404,429,591,677,765,838,854,855,858,1093,1146,1163,1171,1233,1234,1361,1397,1474,1478,1481,1484,1502,1682,1808,1814,2109,2134,2223,2371,2508,2627,2678,2679,2774,2777,2778,2821,2926,3263,3267,3278,3486,3490,3500,3501,3618,4217,4600,4603,4604,4605,4832,4857,4889,4897,4925,5237,5239,5240,5246,5377,6101,6102,6103,6104,
289;1;3170;3338;0;1,26,34,38,40,95,138,144,145,189,225,288,301,321,351,396,404,429,591,677,765,838,854,855,858,1093,1146,1163,1171,1233,1234,1266,1267,1268,1272,1276,1278,1287,1291,1292,1293,1361,1397,1474,1478,1481,1484,1502,1682,1808,1814,2109,2134,2223,2371,2508,2627,2678,2679,2774,2777,2778,2821,2926,3263,3267,3278,3486,3490,3500,3501,3609,3618,4217,4600,4603,4604,4605,4857,6101,
138;0;3338;3485;0;34,38,40,95,138,144,145,189,225,288,301,321,351,396,404,429,458,591,677,765,838,854,855,858,1093,1146,1163,1171,1233,1268,1278,1287,1291,1293,1361,1474,1478,1481,1484,1543,1587,1808,1814,1859,2074,2089,2223,2371,2611,2627,2678,2679,2774,2777,2778,2958,3263,3381,3382,3486,3490,3500,3501,3618,3861,3862,3863,3864,3865,3866,3867,3868,3869,3870,4217,4600,4603,4604,4605,4857,
138;1;3485;3575;0;34,38,40,95,138,144,145,189,225,288,301,321,351,396,404,429,458,503,505,534,591,677,765,838,854,855,858,1063,1093,1146,1163,1171,1233,1268,1278,1287,1291,1293,1333,1361,1474,1478,1481,1484,1543,1587,1659,1808,1814,1859,2074,2089,2223,2371,2611,2627,2678,2679,2774,2777,2778,2958,3263,3381,3382,3486,3490,3500,3501,3618,3861,3862,3863,3864,4217,4600,4603,4604,4605,4857,
24;0;3575;3712;0;24,28,35,38,60,97,138,144,145,150,175,196,202,225,288,374,404,569,591,598,634,677,995,1087,1196,1262,1278,1284,1293,1295,1401,1474,1478,1693,1781,1853,1984,1989,2173,2203,2216,2220,2334,2355,2518,2519,2523,2527,2627,2628,2645,2692,2777,2778,2825,2826,2827,2829,2830,2831,2832,2833,2834,3447,3516,4217,4456,4603,4605,4759,4760,4761,5229,5230,5231,5232,5233,5234,5235,5949,
24;1;3712;3805;0;24,28,35,38,60,97,138,144,145,150,175,196,202,225,288,374,404,569,591,598,634,677,995,1087,1196,1262,1278,1284,1293,1295,1401,1474,1478,1693,1781,1853,1984,1989,2173,2203,2216,2220,2334,2355,2518,2519,2523,2527,2627,2628,2645,2692,2777,2778,2825,2826,2827,2829,2830,2831,2832,2833,2834,3447,3516,4217,4456,4603,4605,4759,4760,4761,5229,5230,5231,5232,5233,5234,5235,5949,
252;0;3805;3847;0;24,28,35,38,60,97,138,144,145,150,175,196,202,225,288,374,404,569,591,598,634,677,995,1087,1196,1262,1278,1284,1293,1295,1401,1474,1478,1693,1781,1853,1984,1989,2173,2203,2216,2220,2334,2355,2518,2519,2523,2527,2627,2628,2645,2692,2777,2778,2825,2826,2827,2829,2830,2831,2832,2833,2834,3447,3516,4217,4456,4603,4605,4759,4760,4761,5229,5230,5231,5232,5233,5234,5235,5949,
252;1;3847;4027;0;24,28,35,38,60,97,138,144,145,150,175,196,202,225,288,374,404,569,591,598,634,677,995,1087,1196,1262,1278,1284,1293,1295,1401,1474,1478,1693,1781,1853,1984,1989,2173,2203,2216,2220,2334,2355,2518,2519,2523,2527,2627,2628,2645,2692,2777,2778,2825,2826,2827,2829,2830,2831,2832,2833,2834,3447,3516,4217,4456,4603,4605,4759,4760,4761,5229,5230,5231,5232,5233,5234,5235,5949,
174;0;4320;4457;0;24,28,35,38,60,61,97,138,144,145,150,175,196,202,208,225,288,374,404,569,591,598,634,677,995,1087,1196,1262,1278,1284,1293,1295,1401,1474,1478,1693,1781,1853,1984,1989,2173,2203,2216,2220,2334,2355,2518,2519,2523,2527,2627,2628,2645,2692,2777,2778,2825,2826,2827,2829,2830,2831,2832,2833,2834,3347,3447,3516,4217,4456,4603,4605,4759,4760,4761,5229,5230,5231,5232,8546,
174;1;4457;4525;0;24,28,35,38,60,61,97,138,144,145,150,175,196,202,208,225,288,374,404,569,591,598,634,677,995,1087,1196,1262,1278,1284,1293,1295,1401,1474,1478,1693,1781,1853,1984,1989,2173,2203,2216,2220,2334,2355,2518,2519,2523,2527,2627,2628,2645,2692,2777,2778,2825,2826,2827,2829,2830,3447,4217,4759,5951,5959,5963,5966,5968,5976,5980,5987,5992,6151,6556,6583,6727,6729,7132,7134,
264;0;4525;4701;0;24,28,35,38,60,61,97,138,144,145,150,175,196,202,208,225,288,348,374,404,569,591,598,634,677,995,1087,1196,1262,1278,1284,1293,1295,1398,1401,1472,1474,1478,1480,1693,1781,1853,1984,1989,2173,2203,2216,2220,2334,2355,2518,2519,2523,2527,2627,2628,2645,2692,2777,2778,2825,2826,2827,2829,2830,3447,4217,4422,4423,4759,5951,5959,5963,5968,5976,5980,5987,6556,6727,6729,
264;1;4701;4719;0;24,28,35,38,60,61,97,138,144,145,150,175,196,198,202,208,225,288,348,374,404,484,528,544,569,591,598,634,677,995,1087,1196,1262,1280,1293,1401,1472,1474,1478,1544,1587,1781,1853,1984,2074,2171,2190,2216,2355,2518,2627,2628,2645,2692,2777,2778,3008,3060,3447,3707,3831,4009,4012,4013,4026,4119,4120,4121,4217,4423,4759,5951,5963,5968,5976,5980,5987,6556,6727,6729,
256;0;4719;4871;0;24,28,35,38,60,61,97,138,144,145,150,175,196,198,202,208,225,288,348,351,374,404,484,528,591,677,765,995,1196,1280,1293,1401,1472,1474,1478,1587,1781,1853,1984,2074,2216,2355,2518,2627,2628,2645,2678,2679,2692,2774,2775,2777,2778,3008,3447,4217,4332,4423,4600,4604,4627,4759,4852,4853,4854,4855,4856,4857,4858,4859,4860,5951,5963,5968,5976,5980,5987,6556,6727,6729,
256;1;4871;4911;0;24,28,35,38,60,61,97,138,144,145,150,175,196,198,202,208,225,288,329,348,351,374,404,429,484,528,591,677,765,937,995,1134,1165,1196,1280,1293,1401,1447,1472,1474,1478,1481,1587,1781,1811,1853,1919,1984,2074,2216,2355,2382,2492,2518,2627,2628,2645,2678,2679,2692,2774,2775,2777,2778,3008,3447,4217,4332,4423,4759,5649,5951,5963,5968,5976,5980,5987,6556,6727,6729,
20;0;4911;5052;0;24,28,38,139,144,177,182,225,269,301,321,340,377,390,396,429,769,851,854,855,1118,1134,1146,1163,1196,1293,1473,1481,1484,1538,1808,1809,1984,2074,2128,2223,2371,2588,2807,3008,4503,4545,4956,4957,4958,4959,4960,4961,4962,4963,4981,5029,5274,6296,6517,7294,7332,8165,8166,8190,8196,8198,8199,8200,8201,8202,8203,8320,8391,8407,8428,8730,9000,9001,9002,9003,9004,9005,9006,9007,
20;1;5052;5099;0;24,28,38,139,144,177,182,225,269,301,321,340,377,390,396,429,769,851,854,855,1118,1134,1146,1163,1196,1293,1473,1481,1484,1538,1808,1809,1984,2074,2128,2223,2371,2588,2807,3008,4503,4545,4956,4957,4958,4959,4960,4961,4962,4963,4981,5029,5274,6296,6517,7294,7332,8165,8166,8190,8196,8198,8199,8200,8201,8202,8203,8320,8391,8407,8428,8730,9000,9001,9002,9003,9004,9005,9006,9007,
257;0;5099;5186;0;24,28,38,139,144,177,182,225,269,301,321,340,377,390,396,429,769,851,854,855,1118,1134,1146,1163,1196,1293,1473,1481,1484,1538,1808,1809,1984,2074,2128,2223,2371,2588,2807,3008,4503,4545,4956,4957,4958,4959,4960,4961,4962,4963,4981,5029,5274,6296,6517,7294,7332,8165,8166,8190,8196,8198,8199,8200,8201,8202,8203,8320,8391,8407,8428,8730,9000,9001,9002,9003,9004,9005,9006,9007,
257;1;5186;5281;0;24,28,38,139,144,177,182,225,269,301,321,340,377,390,396,429,769,851,854,855,1118,1134,1146,1163,1196,1293,1473,1481,1484,1538,1808,1809,1984,2074,2128,2223,2371,2588,2807,3008,4503,4545,4956,4957,4958,4959,4960,4961,4962,4963,4981,5029,5274,6296,6517,7294,7332,8165,8166,8190,8196,8198,8199,8200,8201,8202,8203,8320,8391,8407,8428,8730,9000,9001,9002,9003,9004,9005,9006,9007,
156;0;5760;5858;0;24,28,38,139,144,177,182,225,269,301,321,340,377,390,396,429,769,851,854,855,871,872,874,972,1118,1134,1142,1146,1163,1196,1293,1456,1463,1473,1481,1484,1538,1808,1809,1984,2074,2128,2223,2371,2588,2807,3008,4503,4545,4956,4957,4958,4959,4960,4961,4962,4963,4981,5029,5274,6296,6517,7294,7332,8165,8166,8190,8196,8198,8199,8200,8201,8202,8203,8320,8391,8407,8428,8730,9000,
156;1;5858;5939;0;24,25,28,34,36,37,38,44,52,54,139,144,177,182,225,269,301,321,340,377,390,396,422,429,769,851,854,855,871,872,874,972,1118,1134,1142,1146,1163,1196,1293,1456,1463,1473,1481,1484,1538,1808,1809,1984,2074,2128,2223,2371,2588,2807,3008,3553,4503,4545,4619,4956,4957,4958,4959,4960,4961,4962,4963,4981,5029,5274,6296,6517,7294,7332,8190,8198,8199,8200,8203,8730,
719;0;5939;6117;0;24,25,28,34,36,37,38,44,52,54,93,139,144,177,182,225,269,293,301,321,340,377,390,396,422,429,691,766,769,835,851,854,855,858,871,872,874,898,972,1118,1134,1142,1146,1163,1196,1293,1456,1463,1473,1481,1484,1538,1808,1809,1984,2074,2128,2223,2354,2371,2588,2594,2637,2807,3008,3152,3291,3553,3618,4371,4503,4545,4619,5627,8190,8198,8199,8200,8203,8730,
167;0;6117;6246;0;24,25,28,34,36,37,38,44,52,54,93,139,144,177,182,225,269,293,301,321,340,377,390,396,422,429,691,766,769,835,851,854,855,858,871,872,874,898,972,1118,1134,1142,1146,1163,1196,1293,1456,1463,1473,1481,1484,1538,1808,1809,1984,2074,2128,2223,2354,2371,2588,2594,2637,2807,3008,3152,3486,3487,3490,3500,3501,3618,4503,4545,8190,8198,8199,8200,8203,8730,
167;1;6246;6290;0;24,25,28,34,36,37,38,44,52,54,93,139,144,177,182,225,269,293,301,321,340,377,390,396,422,429,691,766,769,835,851,854,855,858,871,872,874,898,972,1118,1134,1142,1146,1163,1196,1293,1456,1463,1473,1481,1484,1538,1808,1809,1984,2074,2128,2223,2354,2371,2588,2594,2637,2807,3008,3152,3486,3487,3618,4503,4545,8190,8198,8199,8200,8203,8465,8466,8467,8730,
296;0;6290;6351;0;24,25,28,34,36,37,38,44,52,54,93,139,144,177,182,225,269,293,301,321,340,377,390,396,422,429,691,766,769,835,851,854,855,858,871,872,874,898,972,1051,1118,1134,1142,1145,1146,1163,1196,1293,1456,1463,1473,1481,1484,1538,1808,1809,1984,2074,2128,2223,2354,2371,2489,2490,2588,2594,2637,2807,3008,3152,3486,3618,4503,4545,8190,8198,8199,8200,8203,8730,
296;1;6351;6462;0;24,25,27,28,30,34,37,38,44,52,54,93,139,144,155,169,177,225,251,293,321,377,390,396,407,408,415,427,429,504,510,691,748,769,835,854,855,858,871,872,1051,1118,1134,1145,1146,1162,1196,1293,1463,1473,1481,1484,1580,1809,1849,1984,2036,2074,2128,2179,2223,2285,2371,2588,3003,3004,3005,3006,3007,3008,3009,3010,3618,4503,4545,8190,8198,8199,8200,8203,
302;0;6462;6524;0;15,24,25,27,34,40,54,60,93,139,144,185,186,189,225,321,359,377,390,396,419,429,504,691,759,769,854,858,871,872,979,1051,1118,1134,1145,1146,1196,1282,1291,1293,1463,1481,1484,1587,1636,1887,1898,1934,1984,2036,2062,2063,2240,2306,2371,2407,2794,3005,3252,3345,3346,3606,3618,3703,3721,4313,4314,4315,4316,4317,4318,4450,4545,6092,6385,6787,6788,6789,8199,9221,
302;1;6524;6630;0;15,24,25,27,34,40,54,60,93,139,144,185,186,189,225,321,359,377,390,396,419,429,504,691,759,769,854,858,871,872,979,1051,1118,1134,1145,1146,1196,1282,1291,1293,1463,1481,1484,1587,1636,1887,1898,1934,1984,2036,2062,2063,2240,2306,2371,2407,2794,3005,3252,3345,3346,3606,3618,3703,3721,4313,4314,4315,4316,4317,4318,4450,4545,6092,6385,6787,6788,6789,8199,9221,
62;0;6630;6671;0;15,24,25,27,34,40,54,60,93,139,144,185,186,189,225,321,359,377,390,396,419,429,504,691,759,769,854,858,871,872,979,1051,1118,1134,1145,1146,1196,1282,1291,1293,1463,1481,1484,1587,1636,1887,1898,1934,1984,2036,2062,2063,2240,2306,2371,2407,2794,3005,3252,3345,3346,3606,3618,3703,3721,4313,4314,4315,4316,4317,4318,4450,4545,6092,6385,6787,6788,6789,8199,9221,
62;1;7200;7325;0;5,9,24,25,34,54,93,95,137,139,144,148,149,189,225,288,321,377,382,383,390,393,394,396,404,429,691,769,838,854,858,890,949,1030,1050,1051,1118,1134,1145,1146,1149,1171,1196,1231,1232,1293,1361,1362,1484,1505,1506,1604,1668,1669,1758,1761,1799,1811,1814,2106,2240,2359,2371,2407,2717,2822,3263,3345,3435,3523,3618,3721,4043,5223,5700,6198,6525,6526,6527,6528,
946;0;7325;7489;0;3,24,25,34,54,93,95,137,139,144,148,149,189,225,288,291,295,321,329,377,382,390,394,396,404,429,691,769,838,854,858,891,949,1050,1051,1118,1133,1134,1145,1146,1148,1149,1171,1196,1236,1293,1361,1484,1540,1604,1669,1811,1814,1815,2053,2106,2133,2224,2240,2371,2407,2544,2696,2822,3263,3345,3618,3630,3721,4227,4428,4553,4996,5011,5206,5217,5218,5223,5322,5338,
842;0;7489;7653;0;3,24,25,34,54,93,95,137,139,144,148,149,189,225,288,291,295,321,329,377,382,390,394,396,404,429,691,769,838,854,858,891,949,1050,1051,1118,1133,1134,1145,1146,1148,1149,1171,1196,1210,1236,1293,1361,1484,1540,1604,1669,1744,1752,1753,1754,1768,1811,1814,2053,2106,2240,2371,2407,2544,2696,3263,3345,3618,3630,3721,4428,4553,4996,5011,5206,5217,5218,5223,5338,
309;0;7653;7727;0;3,17,24,25,34,54,93,95,137,139,144,148,149,189,202,206,225,288,291,295,321,377,382,390,394,404,429,691,769,794,838,854,858,891,949,987,1050,1051,1118,1133,1134,1145,1146,1149,1171,1196,1210,1236,1293,1361,1484,1540,1604,1669,1744,1752,1753,1754,1811,1814,1992,2053,2106,2240,2371,2407,2413,2937,2941,3263,3345,3618,3630,3721,4553,4982,4996,5011,5206,5338,
309;1;7727;7814;0;4,17,24,25,34,54,95,137,139,144,149,189,202,225,288,291,295,321,377,382,390,394,404,429,691,698,769,838,841,843,854,858,891,949,1050,1051,1070,1118,1133,1134,1146,1149,1171,1196,1210,1236,1293,1361,1447,1484,1540,1604,1669,1811,1814,2053,2106,2240,2371,2407,2413,2941,2949,2950,2951,2952,2953,2954,2955,2956,3263,3345,3618,3630,3721,4553,4996,5011,5206,5338,
651;0;7814;7971;0;24,95,137,139,144,149,189,245,273,289,290,291,297,321,379,395,398,647,769,773,831,891,904,946,948,949,1024,1052,1093,1118,1119,1121,1236,1268,1293,1294,1332,1359,1361,1474,1484,1541,1567,1669,1680,1781,1816,1920,2371,2388,2410,2600,2816,2868,3080,3263,3292,3414,3721,3767,3797,3859,4217,4330,4353,4552,4563,5010,5091,5206,5225,5351,5416,6039,6093,6184,7215,7216,7217,8067,
175;0;7971;8063;0;24,95,137,139,144,149,189,245,273,289,290,291,297,321,379,395,398,647,769,773,831,891,904,946,948,949,1024,1052,1093,1118,1119,1121,1236,1268,1293,1294,1332,1359,1361,1474,1484,1541,1567,1669,1680,1781,1816,1920,2371,2388,2410,2600,2816,2868,3080,3263,3292,3414,3721,3767,3797,3859,4217,4330,4353,4552,4563,5010,5091,5206,5225,5351,5416,6039,6093,6184,7215,7216,7217,8067,
175;1;8063;8127;0;24,95,137,139,144,149,189,245,273,289,290,291,297,321,379,395,398,647,769,773,831,891,904,946,948,949,1024,1052,1093,1118,1119,1121,1236,1268,1293,1294,1332,1359,1361,1474,1484,1541,1567,1669,1680,1781,1816,1920,2371,2388,2410,2600,2816,2868,3080,3263,3292,3414,3721,3767,3797,3859,4217,4330,4353,4552,4563,5010,5091,5206,5225,5351,5416,6039,6093,6184,7215,7216,7217,8067,
652;0;8127;8276;0;24,95,137,139,144,149,189,245,273,289,290,291,297,321,379,395,398,647,769,773,831,891,904,946,948,949,1024,1052,1093,1118,1119,1121,1236,1268,1293,1294,1332,1359,1361,1474,1484,1541,1567,1669,1680,1781,1816,1920,2371,2388,2410,2600,2816,2868,3080,3263,3292,3414,3721,3767,3797,3859,4217,4330,4353,4552,4563,5010,5091,5206,5225,5351,5416,6039,6093,6184,7215,7216,7217,8067,
637;0;8276;8423;0;24,95,137,139,144,149,189,245,273,289,290,291,297,321,379,395,398,647,769,773,831,891,904,946,948,949,1024,1052,1093,1118,1119,1121,1236,1268,1293,1294,1332,1359,1361,1474,1484,1541,1567,1669,1680,1781,1816,1920,2371,2388,2410,2600,2816,2868,3080,3263,3292,3414,3721,3767,3797,3859,4217,4330,4353,4552,4563,5010,5091,5206,5225,5351,5416,6039,6093,6184,7215,7216,7217,8067,
932;0;8423;8559;0;24,95,137,139,144,149,189,245,273,289,290,291,297,321,379,395,398,647,769,773,831,891,904,946,948,949,1024,1052,1093,1118,1119,1121,1236,1268,1293,1294,1332,1359,1361,1474,1484,1541,1567,1669,1680,1781,1816,1920,2371,2388,2410,2600,2816,2868,3080,3263,3292,3414,3721,3767,3797,3859,4217,4330,4353,4552,4563,5010,5091,5206,5225,5351,5416,6039,6093,6184,7215,7216,7217,8067,
28;0;8559;8672;0;24,95,137,139,144,149,189,245,273,289,290,291,297,321,379,395,398,647,769,773,831,891,904,946,948,949,1024,1052,1093,1118,1119,1121,1236,1268,1293,1294,1332,1359,1361,1474,1484,1541,1567,1669,1680,1781,1816,1920,2371,2388,2410,2600,2816,2868,3080,3263,3292,3414,3721,3767,3797,3859,4217,4330,4353,4552,4563,5010,5091,5206,5225,5351,5416,6039,6093,6184,7215,7216,7217,8067,
28;1;8672;8690;0;24,95,137,139,144,149,189,231,245,262,273,277,289,290,291,297,321,379,395,398,647,769,773,831,891,904,946,948,949,1024,1052,1093,1118,1119,1121,1236,1268,1293,1294,1332,1359,1361,1474,1484,1541,1567,1669,1680,1781,1816,1920,2370,2371,2388,2410,2600,2645,2774,2775,2816,2868,3080,3099,3263,3292,3414,3721,3767,3797,3859,4217,4330,4353,4552,4563,4946,5010,5091,5206,5340,
717;0;8690;8820;0;24,95,137,139,144,149,189,231,245,249,262,273,277,289,290,291,297,321,379,395,398,647,655,662,769,773,831,891,904,946,948,949,1024,1052,1093,1118,1119,1121,1236,1268,1293,1294,1332,1359,1361,1474,1484,1541,1567,1669,1680,1781,1816,1920,2370,2371,2388,2410,2512,2600,2645,2774,2775,2816,2868,3080,3099,3263,3292,3414,3577,3721,3767,3797,3859,4217,4330,4353,4552,4563,
991;0;8820;8946;0;24,95,137,139,144,149,189,231,245,249,262,273,274,277,289,290,291,297,321,336,379,395,398,647,655,662,677,765,769,773,831,856,891,904,946,948,949,1024,1052,1093,1118,1119,1121,1236,1268,1293,1294,1332,1359,1361,1474,1484,1541,1567,1669,1680,1781,1816,1920,2370,2371,2388,2410,2512,2600,2645,2689,2774,2775,2816,2868,3080,3099,3263,3292,3414,3577,3715,3721,3767,
744;0;8946;9067;0;24,95,137,139,144,149,189,231,245,249,262,273,274,277,289,290,291,297,321,336,379,395,398,647,655,662,677,765,769,773,831,856,891,904,946,948,949,1024,1052,1093,1118,1119,1121,1236,1268,1293,1294,1332,1359,1361,1474,1484,1541,1567,1669,1680,1781,1816,1920,2370,2371,2388,2410,2512,2600,2645,2689,2774,2775,2816,2868,3080,3099,3263,3292,3414,3577,3715,3721,9158,
159;0;9067;9165;0;24,95,137,139,144,149,189,225,231,245,249,262,273,274,277,289,290,291,295,297,321,336,379,395,398,607,647,655,662,677,765,769,773,831,856,891,904,946,948,949,1024,1052,1093,1118,1119,1121,1133,1134,1236,1268,1293,1294,1332,1359,1361,1474,1478,1484,1541,1567,1669,1680,1781,1816,1875,1916,1920,2053,2370,2600,2774,2775,2816,3263,3630,4553,4754,4996,5011,5338,
159;1;9165;9176;0;24,76,95,137,139,144,149,189,205,225,231,245,249,262,273,274,277,289,290,291,295,297,321,336,379,395,398,607,647,655,662,677,765,769,773,831,856,891,904,946,948,949,1024,1052,1093,1118,1119,1121,1133,1134,1236,1268,1293,1294,1332,1359,1361,1474,1478,1484,1541,1567,1723,1781,1816,1875,1920,2034,2035,2600,2774,2775,2816,3263,3630,4553,5494,5995,6990,8666,
654;0;9176;9282;0;24,76,95,137,139,144,145,146,149,189,205,225,231,245,249,262,273,274,277,289,290,291,295,297,298,321,336,379,395,397,398,607,647,655,662,677,765,769,773,831,856,891,904,946,948,949,1024,1052,1093,1118,1119,1121,1133,1134,1236,1268,1293,1294,1332,1359,1361,1474,1478,1479,1484,1540,1675,1781,1816,1875,1920,2600,2774,2775,2816,3263,3630,4553,5050,5494,
701;0;9282;9387;0;19,24,25,34,42,50,51,54,95,137,139,144,145,146,149,189,205,210,225,231,248,262,289,291,314,321,377,379,429,522,581,591,632,647,677,765,803,948,1024,1054,1117,1118,1120,1124,1196,1268,1293,1294,1425,1474,1478,1560,1735,1736,1763,1781,1936,2201,2315,2564,2600,2622,2677,2774,2775,2898,3263,3345,3348,3883,3886,4225,4230,4834,4908,5180,5257,5494,5511,5512,
653;0;9387;9490;0;19,24,25,34,42,50,51,54,95,137,139,144,145,146,149,189,205,210,225,231,248,262,289,291,314,321,377,379,429,522,581,591,632,647,677,765,803,948,1024,1054,1117,1118,1120,1124,1196,1268,1293,1294,1425,1474,1478,1560,1735,1736,1763,1781,1936,2201,2315,2564,2600,2622,2677,2774,2775,2898,3263,3345,3348,3883,3886,4225,4230,4834,4908,5180,5257,5494,5511,5512,
663;0;9490;9591;0;19,24,25,34,42,50,51,54,95,137,139,144,145,146,149,189,205,210,225,231,248,262,289,291,314,321,377,379,429,522,581,591,632,647,677,765,803,948,1024,1054,1117,1118,1120,1124,1196,1268,1293,1294,1425,1474,1478,1560,1735,1736,1763,1781,1936,2201,2315,2564,2600,2622,2677,2774,2775,2898,3263,3345,3348,3883,3886,4225,4230,4834,4908,5180,5257,5494,5511,5512,
947;0;9591;9689;0;19,24,25,34,42,50,51,54,95,137,139,144,145,146,149,189,205,210,225,231,248,262,289,291,314,321,377,379,429,522,581,591,632,647,677,765,803,948,1024,1054,1117,1118,1120,1124,1196,1268,1293,1294,1425,1474,1478,1560,1735,1736,1763,1781,1936,2201,2315,2564,2600,2622,2677,2774,2775,2898,3263,3345,3348,3883,3886,4225,4230,4834,4908,5180,5257,5494,5511,5512,
222;0;10080;10134;0;4,19,24,25,34,51,54,87,89,90,95,137,139,144,145,149,189,225,231,262,289,291,314,321,377,379,429,591,632,647,677,764,765,768,770,833,836,858,862,944,945,948,1024,1054,1117,1118,1151,1196,1214,1268,1293,1294,1474,1478,1515,1516,1517,1518,1519,1520,1521,1522,1523,1524,1525,1526,1527,1735,1736,1781,1936,2564,2600,2677,2774,2775,3263,3345,3348,5494,
222;1;10134;10173;0;4,19,24,25,34,51,54,87,89,90,95,137,139,144,145,149,189,225,231,262,289,291,314,321,377,379,429,430,591,632,647,677,764,765,768,770,833,836,858,862,944,945,948,1024,1054,1117,1118,1151,1196,1214,1268,1293,1294,1474,1478,1515,1516,1517,1518,1519,1520,1735,1736,1781,1936,2564,2600,2663,2677,2774,2775,3263,3345,3348,5494,7296,8396,8826,8827,8828,
47;0;10173;10177;0;4,19,24,25,34,51,54,87,89,90,95,137,139,144,145,149,189,225,231,262,289,291,314,321,377,379,429,430,591,632,647,677,691,698,764,765,768,770,833,836,858,862,944,945,948,1024,1054,1117,1118,1136,1151,1196,1214,1268,1293,1294,1474,1478,1515,1518,1735,1736,1781,1936,2564,2600,2627,2677,2774,2775,2986,3263,3345,3348,3618,4744,4746,4791,5494,8396,
47;1;10177;10257;0;2,4,6,19,24,25,34,51,54,87,89,90,95,137,139,142,144,145,149,189,225,231,262,289,291,314,321,377,379,391,404,429,430,591,632,647,677,691,698,764,765,836,911,948,1024,1050,1051,1053,1054,1117,1118,1136,1196,1214,1233,1268,1293,1294,1474,1478,1518,1603,1735,1736,1781,1918,1936,2564,2600,2627,2677,2774,2775,2986,3263,3345,3348,4791,5494,8396,
30;0;10257;10291;0;4,24,95,137,139,142,144,145,149,189,225,231,262,289,291,321,377,379,404,429,591,647,677,765,836,948,1024,1050,1051,1053,1054,1117,1118,1196,1268,1293,1294,1474,1478,1603,1735,1736,1781,2564,2600,2677,2774,2775,3177,3206,3263,3345,3348,3674,3675,3677,3678,3679,3686,3690,5077,5082,5494,6004,6008,6009,6010,6012,6013,6458,6459,6460,6461,6462,6463,6464,6465,6466,6467,6468,
30;1;10291;10340;0;4,24,95,100,137,139,142,144,145,149,189,225,231,262,289,291,321,377,379,382,404,429,591,644,647,677,765,836,838,948,1023,1024,1050,1051,1053,1054,1117,1118,1171,1196,1268,1293,1294,1447,1474,1478,1513,1603,1667,1735,1736,1781,1973,2391,2394,2564,2600,2636,2677,2774,2775,3177,3206,3263,3345,3348,3674,3675,3677,3678,3679,3686,3690,5077,5082,5494,6004,6008,6009,6010,
726;0;10340;10419;0;4,24,26,61,95,100,137,139,142,144,145,149,189,225,231,262,289,291,321,377,404,429,528,566,591,644,647,677,765,836,838,948,1050,1051,1053,1054,1117,1118,1171,1196,1267,1268,1269,1273,1287,1288,1289,1293,1294,1322,1474,1478,1547,1603,1667,1735,1781,1782,2240,2241,2407,2409,2485,2564,2600,2677,2774,2775,3263,3345,3348,3702,4357,4884,4940,4941,4942,4943,4944,5494,
658;0;10419;10492;0;4,7,8,24,26,61,95,100,137,139,142,144,145,149,189,225,231,262,289,291,321,377,390,392,394,404,429,528,566,591,644,647,677,765,836,838,948,1049,1050,1051,1053,1054,1055,1057,1058,1059,1117,1118,1146,1171,1196,1228,1229,1267,1268,1269,1273,1287,1288,1289,1293,1294,1322,1474,1478,1547,1603,1633,1667,1735,1781,2564,2600,2677,2774,2775,3263,3345,3348,5494,
681;0;10492;10554;0;4,7,24,61,95,100,137,139,142,144,145,149,189,225,231,262,289,291,321,377,390,394,404,429,528,591,644,647,666,677,694,715,765,836,838,948,1050,1051,1054,1055,1057,1117,1118,1146,1171,1196,1293,1474,1478,1481,1482,1483,1603,1667,1735,2052,2106,2225,2318,2461,2475,2564,2600,2626,2628,2661,2677,2678,2679,2774,2775,2903,3263,3345,3348,5494,5525,5722,6022,6114,
84;0;10554;10587;0;4,7,24,61,95,137,139,142,144,145,149,189,225,231,262,289,291,292,321,377,390,394,404,429,528,591,644,647,677,715,765,838,948,1050,1051,1054,1055,1057,1117,1118,1146,1171,1196,1201,1293,1474,1478,1481,1603,1667,1735,1915,2052,2091,2475,2564,2600,2626,2640,2661,2677,2679,2774,2775,2777,2778,2790,3263,3345,3348,3447,4773,5494,5499,5500,5502,5525,5722,6022,6629,
84;1;10587;10610;0;4,7,24,61,95,137,139,142,144,145,149,189,225,231,262,289,291,292,321,377,390,394,404,429,528,579,591,644,647,677,715,765,838,948,1050,1051,1054,1055,1057,1117,1118,1146,1171,1196,1201,1293,1474,1478,1481,1603,1667,1735,1915,2052,2091,2475,2564,2600,2626,2640,2661,2677,2679,2774,2775,2777,2778,2790,3263,3345,3348,3447,4773,5494,5499,5500,5502,5525,5722,6022,
760;0;10610;10663;0;4,7,24,61,95,137,139,142,144,145,149,189,225,231,262,289,291,292,321,377,390,394,404,429,528,579,591,644,647,677,715,765,784,813,838,948,1050,1051,1054,1055,1057,1117,1118,1146,1171,1196,1201,1293,1474,1478,1481,1603,1667,1735,1915,2052,2091,2198,2475,2564,2570,2600,2626,2640,2661,2677,2679,2774,2775,2777,2778,3345,3348,5494,5525,5722,6022,6390,6391,6392,
168;0;10663;10699;0;4,7,24,61,95,97,137,139,142,144,145,149,189,225,231,262,288,289,291,292,321,377,380,390,394,404,429,528,579,591,644,647,677,715,765,784,813,838,948,1050,1051,1054,1055,1057,1117,1118,1146,1171,1196,1201,1293,1401,1474,1478,1481,1603,1667,1735,1915,2052,2091,2198,2355,2475,2564,2570,2600,2626,2640,2661,2677,2679,2774,2775,3345,3348,5494,5525,5722,6022,
168;1;10699;10716;0;4,7,24,61,62,95,97,137,139,142,144,145,149,152,186,188,189,225,231,262,288,289,291,292,321,377,380,390,394,404,429,490,528,591,644,647,677,715,765,784,838,872,948,1050,1051,1054,1055,1057,1117,1118,1146,1171,1196,1293,1474,1478,1481,1603,1605,1667,1735,2052,2198,2475,2564,2626,2661,2936,3005,3070,3345,3348,3361,3877,5493,5494,5495,5525,5722,6022,
710;0;10716;10767;0;4,7,17,24,61,62,95,97,137,139,142,144,145,149,186,189,202,225,231,262,288,289,291,292,321,377,390,394,404,429,479,490,504,528,591,644,647,677,715,765,784,838,872,948,1050,1051,1054,1055,1057,1117,1118,1143,1146,1171,1293,1463,1474,1478,1481,1558,1603,1667,1735,2052,2198,2413,2475,2564,2626,2661,2836,2876,2936,2941,2942,3345,4283,5525,5722,6022,
221;0;10767;10798;0;4,7,17,24,61,62,95,97,137,139,142,144,145,149,186,189,202,225,231,262,288,289,291,292,321,377,390,394,404,429,479,490,504,528,591,644,647,677,715,730,765,784,838,872,948,1050,1051,1054,1055,1057,1117,1118,1143,1146,1171,1293,1463,1474,1478,1481,1558,1572,1603,1667,1735,2052,2198,2413,2475,2564,2626,2661,2936,2941,3345,3609,3610,5525,5722,6022,
221;1;10798;10815;0;4,7,24,62,95,97,137,139,142,143,144,145,149,186,189,202,225,231,262,288,291,292,321,359,390,394,395,404,429,439,591,647,838,854,872,927,948,1051,1054,1055,1056,1062,1092,1117,1118,1146,1293,1336,1370,1373,1375,1474,1478,1481,1603,1667,1735,1811,1859,2052,2063,2198,2509,2531,2564,2614,2816,2936,3286,3345,3906,4018,4103,4545,6263,6413,6414,6415,6416,6417,
989;0;10815;10856;0;4,7,24,62,95,97,137,139,142,143,144,145,149,186,189,202,225,231,262,288,291,292,321,359,390,394,395,404,429,439,591,647,838,854,872,927,948,1051,1054,1055,1056,1062,1092,1117,1118,1146,1293,1336,1370,1373,1375,1474,1478,1481,1603,1667,1735,1811,1859,2052,2063,2198,2509,2531,2564,2614,2816,2936,3286,3345,3906,4018,4103,4545,6263,6413,6414,6415,6416,6417,
782;0;11520;11559;0;1,3,4,24,62,93,97,137,143,144,148,186,189,202,225,262,277,288,291,323,390,394,400,404,591,872,1051,1054,1055,1146,1149,1167,1210,1361,1469,1481,1535,1603,1604,1667,1735,1737,1738,1740,1741,1742,1743,1744,1745,1748,1750,1751,1752,1753,1754,1755,1757,1760,1762,1764,1765,1767,1769,1770,1771,1811,1812,1814,2052,2198,2603,2646,2936,3250,3630,6415,6416,7056,7057,7058,
924;0;11559;11595;0;1,3,4,24,62,93,97,137,141,143,144,147,148,186,189,202,225,262,277,288,291,323,390,394,400,404,591,872,1048,1051,1054,1055,1145,1146,1149,1167,1210,1358,1361,1469,1481,1535,1603,1604,1667,1726,1735,1737,1738,1740,1741,1742,1743,1744,1745,1748,1750,1751,1752,1753,1754,1755,1757,1760,1762,1764,1765,1767,1769,1770,1771,1811,1812,1814,1941,1946,1947,2052,2198,2936,
913;0;11595;11627;0;1,3,4,24,62,93,97,137,141,143,144,147,148,186,189,202,225,262,277,286,288,291,303,312,323,390,394,400,404,591,872,905,1048,1051,1054,1055,1071,1145,1146,1149,1167,1210,1358,1361,1469,1481,1535,1603,1604,1667,1726,1735,1737,1738,1740,1741,1742,1743,1744,1745,1748,1750,1751,1752,1753,1754,1755,1757,1760,1762,1764,1765,1767,1769,1814,1941,2051,2052,2198,2936,
712;0;11627;11657;0;1,3,4,24,62,93,97,137,141,143,144,147,148,186,189,202,225,262,277,286,288,291,303,312,323,390,394,400,404,591,872,905,1048,1051,1054,1055,1071,1145,1146,1149,1167,1210,1358,1361,1469,1481,1535,1603,1604,1667,1726,1735,1737,1738,1740,1741,1742,1743,1744,1745,1748,1750,1751,1752,1753,1757,1814,1941,2198,2936,8143,8190,8194,8197,8198,8199,8200,8203,8204,8205,
749;0;11657;11668;0;1,3,4,24,62,93,97,137,141,143,144,147,148,186,189,198,202,225,262,277,286,288,291,303,312,323,390,394,400,404,591,872,905,995,1048,1051,1054,1055,1071,1145,1146,1149,1167,1210,1358,1361,1466,1469,1481,1535,1603,1604,1667,1726,1735,1737,1738,1740,1741,1742,1743,1744,1745,1748,1750,1751,1752,1753,1757,1814,1941,2198,2555,2611,2839,2840,2841,2842,2843,2936,
970;0;11668;11672;0;3,24,74,97,117,137,143,144,147,150,185,186,189,202,225,262,277,286,288,291,303,312,390,394,404,578,591,655,867,872,979,1051,1068,1071,1145,1146,1152,1167,1226,1361,1481,1511,1562,1604,1718,1726,1757,1814,1875,1941,2198,2276,2337,2845,2921,2936,3004,3082,3612,4074,5030,5175,5266,5290,5708,5927,6283,6510,6568,6678,6776,7826,7975,8060,8061,8062,8063,8064,8065,8066,
770;0;11672;11769;1;3,24,74,97,117,137,143,144,147,150,177,179,185,186,189,202,225,234,262,272,273,277,286,287,288,291,303,304,305,311,312,317,390,394,404,446,578,591,655,867,872,979,1051,1068,1071,1131,1136,1137,1145,1146,1152,1167,1226,1361,1481,1511,1562,1604,1676,1677,1718,1726,1757,1814,1875,1941,2198,2276,2337,2845,2921,2936,3004,3082,3612,4074,5030,5175,5266,5290,
160;0;11769;11845;1;3,24,74,97,117,137,143,144,147,150,177,179,185,186,189,202,225,231,234,262,272,273,277,286,287,288,291,303,304,305,311,312,317,390,394,404,446,578,591,655,867,872,979,1051,1068,1071,1131,1136,1137,1145,1146,1152,1167,1226,1361,1474,1481,1511,1562,1604,1676,1677,1718,1726,1757,1814,1875,1941,2198,2276,2337,2649,2845,3004,3612,4470,5030,5290,6196,6197,
160;1;11845;11874;1;3,24,74,97,117,137,143,144,145,147,150,177,179,185,186,189,202,225,229,231,232,234,262,272,273,277,286,287,288,291,303,304,305,311,312,317,390,394,404,429,446,578,591,655,827,867,872,979,1051,1068,1071,1094,1131,1136,1137,1145,1146,1152,1167,1226,1361,1407,1474,1481,1511,1562,1604,1676,1677,1726,1757,1814,1941,2243,2244,2245,3004,3612,5030,5290,
914;0;11874;11987;1;3,24,74,97,117,137,139,143,144,145,147,149,150,177,179,185,186,189,202,225,229,231,232,233,234,241,262,272,273,277,286,287,288,291,303,304,305,311,312,314,317,321,390,391,394,404,429,446,578,591,647,655,827,855,867,872,979,1051,1068,1094,1117,1137,1145,1146,1167,1361,1474,1478,1479,1481,1604,1726,1757,1814,1941,2244,3004,3612,5030,5290,
875;0;11987;12101;1;3,24,25,37,39,44,46,52,54,74,97,117,137,139,143,144,145,147,149,150,177,179,185,186,202,225,229,231,234,241,262,272,273,277,286,288,291,303,305,312,314,321,390,391,394,404,429,591,647,827,855,979,1051,1094,1137,1145,1146,1167,1311,1361,1474,1478,1479,1481,1599,1604,1726,1757,1814,1941,2244,3004,3349,3612,3774,5030,5290,5353,5682,5825,
114;0;12101;12184;1;3,24,25,37,39,44,46,52,54,74,97,117,137,139,143,144,145,147,149,150,177,179,186,202,225,229,231,234,241,245,262,272,273,277,286,288,291,303,305,312,314,321,390,391,394,396,404,429,591,647,827,855,979,1050,1051,1057,1094,1137,1145,1146,1167,1361,1474,1478,1479,1481,1604,1726,1757,1814,1941,2105,2244,3004,3612,5030,5611,5613,5626,5803,
114;1;12184;12217;1;3,24,25,37,39,44,46,52,54,97,137,139,143,144,145,147,149,186,202,225,229,231,241,245,262,272,273,274,275,277,286,288,291,303,305,312,314,321,390,391,396,404,429,591,647,769,843,855,948,951,979,1050,1057,1072,1094,1137,1145,1146,1167,1361,1474,1478,1479,1481,1518,1604,1610,1726,1757,1814,1941,2244,2398,2588,2680,3612,4747,5030,5531,5757,
281;0;12217;12266;1;27,76,95,97,137,139,144,191,225,262,277,288,291,303,305,312,314,321,329,377,390,395,398,408,415,460,503,528,640,647,648,724,855,875,891,949,1093,1145,1146,1148,1293,1363,1417,1479,1488,1540,1575,1604,1814,1920,2074,2221,2244,2309,2503,2544,2559,2696,3130,3258,3832,3833,3834,3835,4428,4818,4991,5217,5218,5219,5220,5221,5222,5223,5253,5600,6611,6729,7171,7933,
281;1;12266;12335;1;27,76,95,97,137,139,144,191,225,262,277,288,291,303,305,312,314,321,329,377,390,395,398,408,415,460,503,528,640,647,648,724,855,875,891,949,1093,1145,1146,1148,1293,1363,1417,1479,1488,1540,1575,1604,1814,1920,2074,2221,2244,2309,2503,2544,2559,2696,3130,3258,3832,3833,3834,3835,4428,4818,4991,5217,5218,5219,5220,5221,5222,5223,5253,5600,6611,6729,7171,7933,
77;0;12335;12433;1;27,76,95,97,137,139,144,191,225,262,277,288,291,303,305,312,314,321,329,377,390,395,398,408,415,460,503,528,640,647,648,724,855,875,891,949,1093,1145,1146,1148,1293,1363,1417,1479,1488,1540,1575,1604,1814,1920,2074,2221,2244,2309,2503,2544,2559,2696,3130,3258,3832,3833,3834,3835,4428,4818,4991,5217,5218,5219,5220,5221,5222,5223,5253,5600,6611,6729,7171,7933,
77;1;12433;12455;1;27,76,95,97,137,139,144,191,225,262,277,288,291,303,305,312,314,321,329,377,390,395,398,408,415,460,503,528,640,647,648,724,855,875,891,949,1093,1145,1146,1148,1293,1363,1417,1479,1488,1540,1575,1604,1814,1920,2074,2221,2244,2309,2503,2544,2559,2696,3130,3258,3832,3833,3834,3835,4428,4818,4991,5217,5218,5219,5220,5221,5222,5223,5253,5600,6611,6729,7171,7933,
Machine: 2
853;0;0;4;1;3,27,34,117,137,139,150,169,208,251,276,288,292,321,329,396,497,632,647,769,838,911,912,979,989,1091,1118,1196,1236,1293,1294,1295,1322,1434,1481,1809,1887,2036,2091,2157,2198,2305,2306,2407,2412,2564,2645,2774,2775,2776,2777,2778,2783,2895,3070,3263,3435,4247,4327,4605,4606,4612,4650,4759,4760,5305,5499,5632,5698,5700,7711,7712,7713,7714,7715,7945,7971,8007,8011,8012,
761;0;4;11;1;3,27,34,117,137,139,150,169,208,251,276,288,292,321,329,396,497,632,647,769,838,911,912,979,989,1091,1118,1196,1236,1293,1294,1295,1322,1434,1481,1809,1887,2036,2091,2157,2198,2305,2306,2407,2412,2564,2645,2774,2775,2776,2777,2778,2783,2895,3070,3263,3435,4247,4327,4605,4606,4612,4650,4759,4760,5305,5499,5632,5698,5700,7711,7712,7713,7714,7715,7945,7971,8007,8011,8012,
939;0;11;31;1;3,27,34,117,137,139,150,169,208,251,276,288,292,321,329,396,497,632,647,769,838,911,912,979,989,1091,1118,1196,1236,1293,1294,1295,1322,1434,1481,1809,1887,2036,2091,2157,2198,2305,2306,2407,2412,2564,2645,2774,2775,2776,2777,2778,2783,2895,3070,3263,3435,4247,4327,4605,4606,4612,4650,4759,4760,5305,5499,5632,5698,5700,7711,7712,7713,7714,7715,7945,7971,8007,8011,8012,
666;0;31;54;1;3,27,34,117,137,139,144,169,251,276,288,292,321,329,396,632,647,769,838,854,855,911,912,979,989,1091,1093,1118,1236,1293,1294,1295,1322,1481,1488,1809,2036,2091,2157,2305,2306,2407,2492,2532,2645,2695,2774,2775,2776,2777,2778,2783,3263,3435,4552,4605,4606,4632,4650,5259,5499,5698,5700,7711,7712,7713,7714,7715,7716,7717,7718,7719,7720,7721,7722,7723,7724,7725,7726,7727,
898;0;54;83;1;3,27,34,117,137,139,144,169,251,276,288,292,321,329,396,632,647,769,838,854,855,911,912,979,989,1091,1093,1118,1236,1293,1294,1295,1322,1481,1488,1809,2036,2091,2157,2305,2306,2407,2492,2532,2645,2695,2774,2775,2776,2777,2778,2783,3263,3435,4552,4605,4606,4632,4650,5259,5499,5698,5700,6133,6136,7711,7712,7713,7714,7715,7716,7717,7718,7719,7720,7721,7722,7956,8282,8284,
864;0;83;115;1;3,27,34,88,117,137,139,144,169,251,276,288,292,314,321,329,396,632,647,769,838,847,854,855,911,912,979,989,1091,1093,1118,1236,1293,1294,1295,1322,1481,1488,1809,2036,2091,2157,2305,2306,2407,2492,2532,2645,2695,2774,2775,2776,2777,2778,2783,3263,3309,3435,4552,4605,4606,4632,4650,5259,5499,5698,5700,6133,6136,7711,7712,7713,7714,7715,7716,7717,7718,7719,7720,7956,
768;0;115;151;1;3,27,34,88,117,137,139,144,169,225,231,233,251,276,288,292,314,321,329,396,435,591,632,647,769,838,847,854,855,911,912,949,979,989,1091,1093,1118,1236,1293,1294,1295,1322,1474,1478,1481,1488,1669,1671,1809,2036,2091,2157,2305,2306,2337,2407,2492,2532,2645,2695,2774,2775,2776,2777,2778,3263,3435,4547,4548,4552,4605,4606,4630,4632,4645,5259,5499,6136,6393,7956,
633;0;151;192;1;5,27,95,137,139,144,149,225,233,251,276,288,314,321,393,647,769,838,849,854,911,948,949,1093,1118,1198,1199,1214,1236,1354,1474,1478,1481,1674,1744,1745,1747,1756,1757,1759,1760,1766,1769,1976,2036,2306,2543,2545,2546,2547,2583,2586,2593,2594,2595,2597,2598,2599,2600,2601,2602,2604,2605,2608,2609,2627,2990,3161,3459,3460,3461,3462,3463,3464,3465,3466,3467,3468,4552,4645,
657;0;192;239;1;5,27,95,137,139,144,149,225,228,233,251,266,276,284,288,314,321,393,430,644,647,769,827,838,849,854,911,948,949,1093,1118,1198,1199,1214,1236,1354,1407,1474,1478,1481,1674,1744,1745,1747,1756,1757,1759,1760,1766,1769,1976,2036,2306,2543,2545,2546,2547,2583,2586,2593,2594,2595,2597,2598,2599,2600,2601,2602,2604,2605,2608,2609,2627,3161,3461,3574,4552,4645,5212,5213,
863;0;239;292;1;5,27,95,137,139,144,149,225,228,233,251,266,276,284,288,295,314,321,393,430,644,647,769,827,838,849,854,911,948,949,1093,1118,1133,1134,1198,1199,1214,1236,1354,1361,1407,1474,1478,1481,1674,1744,1745,1747,1756,1757,1759,1760,1766,1769,1916,1976,2036,2053,2306,2338,2543,2545,2546,2547,2583,2586,2593,2594,2627,3161,3461,3630,4552,4553,4645,4754,4996,5011,5338,6746,
868;0;292;348;1;5,15,24,27,54,60,95,137,139,144,149,225,228,233,251,266,276,284,288,295,314,321,393,430,644,647,769,827,838,849,854,871,911,948,949,1093,1118,1133,1134,1198,1199,1214,1236,1354,1361,1407,1474,1478,1481,1674,1744,1745,1747,1756,1757,1759,1760,1916,1976,2036,2053,2062,2063,2306,2338,2583,2627,3161,3345,3346,3461,4313,4314,4315,4316,4317,4318,4552,4553,4645,
942;0;348;416;1;5,15,24,27,54,60,95,137,139,144,149,225,228,233,251,266,276,284,288,295,314,321,393,430,644,647,769,827,838,849,854,871,911,948,949,1093,1118,1133,1134,1198,1199,1214,1236,1354,1361,1407,1474,1478,1481,1674,1744,1745,1747,1756,1757,1759,1760,1916,1976,2036,2053,2306,2338,2583,2627,3161,3345,3346,3461,3472,3473,4313,4316,4318,4552,4553,4645,5952,6042,6043,
648;0;416;489;1;15,24,27,54,60,95,137,139,144,149,177,181,225,233,234,251,262,276,284,288,295,302,305,308,310,313,314,317,321,380,401,403,430,442,644,647,769,827,838,854,871,911,948,949,1093,1118,1121,1133,1214,1236,1361,1430,1472,1474,1478,1481,1655,1674,1676,1756,1916,1932,1976,2036,2053,2306,2338,2627,3120,3121,3161,3345,3346,3461,4313,4316,4318,4552,4553,4645,
751;0;489;565;1;15,24,27,54,60,95,137,139,143,144,149,177,181,225,233,234,251,262,276,284,288,295,302,305,308,310,313,314,317,321,380,401,403,430,644,647,769,827,838,854,871,911,948,949,1051,1093,1118,1121,1133,1146,1214,1236,1361,1430,1472,1474,1478,1481,1674,1676,1756,1916,1976,2036,2053,2306,2338,2627,2988,3161,3345,3346,3461,4313,4316,4318,4552,4553,4645,7036,
995;0;565;642;1;15,24,27,54,60,95,137,138,139,144,149,177,181,225,233,234,251,262,276,284,288,295,302,305,308,310,313,314,321,380,390,397,401,430,644,645,647,769,827,854,871,911,948,949,1051,1093,1118,1121,1133,1146,1214,1236,1361,1430,1472,1474,1478,1481,1674,1676,1756,1814,1916,1976,2036,2053,2222,2223,2306,2338,2627,2988,3345,3346,4313,4316,4318,4552,4553,4645,
999;0;642;720;1;15,24,27,54,60,95,137,139,144,149,177,181,225,233,234,251,262,276,284,288,295,302,305,308,310,313,314,321,390,397,401,408,415,426,430,567,644,645,647,769,827,854,871,911,1051,1093,1118,1121,1133,1146,1214,1236,1286,1361,1430,1472,1474,1478,1481,1674,1676,1814,1916,2036,2053,2306,2338,2352,2471,2627,2988,3004,3345,3346,3606,4313,4316,4318,4552,4645,
236;0;1440;1454;1;15,24,27,54,60,95,137,139,144,149,177,181,225,233,234,251,256,262,276,284,288,302,305,308,310,313,314,321,390,397,401,415,430,644,645,647,655,769,827,854,871,911,971,1051,1093,1118,1121,1133,1146,1214,1236,1286,1361,1430,1472,1474,1478,1481,1580,1674,1676,1814,1916,2036,2053,2306,2338,2471,2555,2627,2988,3345,3346,3396,4313,4316,4318,4552,4645,8128,
236;1;1454;1520;1;15,24,27,54,60,95,137,139,144,149,177,181,225,233,234,251,256,262,276,284,288,302,305,308,310,313,314,321,390,397,401,415,430,644,645,647,655,769,827,854,871,911,971,1051,1093,1118,1121,1133,1146,1214,1236,1286,1361,1405,1430,1472,1474,1478,1481,1580,1674,1676,1814,1916,2036,2053,2306,2338,2471,2555,2627,2988,3345,3346,3712,4313,4316,4318,4552,4645,
810;0;1520;1604;1;15,24,27,54,60,95,137,139,144,149,177,181,225,233,234,251,262,276,284,288,302,305,308,310,313,314,321,390,397,401,415,430,644,645,647,765,769,827,854,871,911,1051,1093,1118,1121,1133,1146,1214,1236,1286,1361,1430,1472,1474,1478,1481,1529,1569,1674,1676,1814,1916,2053,2306,2338,2471,2625,2627,2972,2988,3345,3346,3527,3742,3743,3744,3745,4313,4552,4645,
630;0;1604;1693;1;24,27,54,60,95,98,137,139,144,149,225,233,234,235,245,251,262,267,273,276,283,290,291,302,305,306,308,310,313,314,321,390,397,430,644,645,647,765,769,854,911,1093,1118,1121,1146,1214,1430,1472,1474,1478,1481,1496,1529,1668,1681,1920,2052,2306,2370,2372,2376,2627,2988,3345,3346,3527,4424,4425,4426,4427,4428,4429,4430,4473,4474,4475,4476,4477,4552,4645,
693;0;1693;1785;1;24,27,54,60,95,98,137,139,144,149,225,233,234,235,245,251,262,267,273,276,283,290,291,302,305,306,308,310,313,314,321,390,397,430,644,645,647,765,769,854,911,1093,1118,1121,1146,1214,1430,1472,1474,1478,1481,1496,1529,1668,1681,1920,2052,2306,2370,2372,2376,2627,2988,3345,3346,3527,4424,4425,4426,4427,4428,4429,4430,4473,4474,4475,4476,4552,4645,7759,
163;0;1785;1942;0;24,27,54,60,95,98,137,139,144,149,225,233,234,235,245,251,262,267,273,276,283,290,291,302,305,306,308,310,313,314,321,390,397,430,644,645,647,715,765,769,833,854,911,1093,1118,1121,1146,1214,1430,1472,1474,1478,1481,1496,1529,1668,1681,1920,2052,2306,2370,2372,2376,2627,2663,2988,3345,3346,3527,3529,4424,4425,4426,4427,4428,4473,4552,4645,4948,4949,
163;1;1942;2105;0;24,27,54,60,95,137,139,144,149,225,233,234,245,251,262,267,273,290,291,302,305,310,313,314,321,390,397,430,644,645,647,715,769,854,911,1093,1118,1121,1146,1214,1430,1472,1474,1478,1481,1529,1920,2306,2627,2988,3345,3346,3474,3527,3679,4473,4552,4645,4949,5953,5960,5962,5964,5987,5991,5992,6011,6552,6741,6886,6926,6932,6936,7075,7076,7077,7078,7079,7080,7081,
52;0;2105;2242;0;61,95,139,188,225,234,245,251,267,273,289,290,291,297,303,305,310,312,313,314,395,398,430,438,640,644,647,769,891,911,1023,1024,1118,1171,1214,1474,1665,1712,1816,1868,1920,1922,1936,2107,2244,2306,2628,2705,2709,3255,3692,3693,3694,3695,3696,3697,4552,5153,5155,5206,5224,5225,5226,5227,5228,5351,5987,5991,5992,6184,7215,7216,7218,7219,7296,7308,7316,8305,8801,8805,
52;1;2242;2390;0;61,95,139,188,225,234,245,251,267,273,289,290,291,297,303,305,310,312,313,314,395,398,430,438,640,644,647,769,891,911,1023,1024,1118,1171,1214,1474,1665,1712,1816,1868,1920,1922,1936,2107,2244,2306,2628,2705,2709,3255,3692,3693,3694,3695,3696,3697,4552,5153,5155,5206,5224,5225,5226,5227,5228,5351,5987,5991,5992,6184,7215,7216,7218,7219,7296,7308,7316,8305,8801,8805,
56;0;2390;2554;0;61,95,139,188,225,234,245,251,267,273,289,290,291,297,303,305,310,312,313,314,395,398,430,438,640,644,647,769,891,911,1023,1024,1118,1171,1214,1474,1665,1712,1816,1868,1920,1922,1936,2107,2244,2306,2628,2705,2709,3255,3692,3693,3694,3695,3696,3697,4552,5153,5155,5206,5224,5225,5226,5227,5228,5351,5987,5991,5992,6184,7215,7216,7218,7219,7296,7308,7316,8305,8801,8805,
56;1;2554;2663;0;61,95,139,188,225,234,245,251,267,273,289,290,291,297,303,305,310,312,313,314,395,398,430,438,640,644,647,769,891,911,1023,1024,1118,1171,1214,1474,1665,1712,1816,1868,1920,1922,1936,2107,2244,2306,2628,2705,2709,3255,3692,3693,3694,3695,3696,3697,4552,5153,5155,5206,5224,5225,5226,5227,5228,5351,5987,5991,5992,6184,7215,7216,7218,7219,7296,7308,7316,8305,8801,8805,
311;0;2880;3037;0;61,95,139,188,225,234,245,251,267,273,289,290,291,297,303,305,310,312,313,314,395,398,430,438,640,644,647,769,891,911,1023,1024,1118,1171,1214,1474,1665,1712,1816,1868,1920,1922,1936,2107,2244,2306,2628,2705,2709,3255,3312,3484,3503,3682,3692,3693,3694,3695,5206,5951,5955,5959,5966,5968,5976,5980,5987,5991,5992,6463,6559,6711,6712,6713,6714,6715,6716,6717,6718,6719,
311;1;3037;3136;0;61,95,139,188,225,234,245,251,267,273,289,290,291,297,303,305,310,312,313,314,339,395,398,430,438,640,644,647,769,891,911,1023,1024,1118,1146,1171,1214,1474,1665,1712,1816,1868,1920,1922,1936,2107,2244,2306,2628,2705,2709,3255,3312,3484,3503,3682,3692,3693,3694,3695,5206,5951,5955,5959,5966,5968,5976,5980,5987,5991,5992,6463,6559,6711,6712,6713,6714,6715,6716,6717,
307;0;3136;3217;0;61,95,139,188,225,234,245,251,267,273,289,290,291,297,303,305,310,312,313,314,339,395,398,430,438,640,644,647,769,891,911,1023,1024,1118,1146,1171,1214,1474,1665,1712,1816,1868,1920,1922,1936,2107,2244,2306,2628,2705,2709,3255,3312,3484,3503,3682,3692,3693,3694,3695,5206,5951,5955,5959,5966,5968,5976,5980,5987,5991,5992,6463,6559,6711,6712,6713,6714,6715,6716,7431,
307;1;3217;3382;0;61,95,100,139,144,188,225,234,245,251,267,273,289,290,291,297,303,305,310,312,313,314,339,395,398,430,438,609,640,644,647,666,715,769,862,891,911,1023,1024,1118,1146,1171,1214,1346,1365,1474,1481,1599,1665,1712,1816,1868,1920,1922,1936,2107,2244,2306,2339,2475,2628,2678,2689,2705,2709,3255,3312,3484,4645,5206,5525,5530,5538,5637,5869,5976,6311,6314,6322,7871,
103;0;3382;3532;0;61,95,100,139,144,188,225,234,245,251,267,273,289,290,291,297,303,305,310,312,313,314,339,395,398,430,438,609,640,644,647,666,715,769,862,891,911,1023,1024,1118,1146,1171,1214,1346,1365,1474,1481,1599,1665,1712,1816,1868,1920,1922,1936,2107,2244,2306,2339,2475,2628,2678,2689,2705,2709,3255,3267,3312,5206,5525,5530,5538,5637,5869,5976,6311,7834,8165,8846,9000,
103;1;3532;3623;0;27,60,100,144,145,149,152,175,189,197,225,233,254,262,277,291,321,377,391,397,551,666,715,729,769,875,1050,1093,1117,1121,1268,1269,1270,1291,1293,1294,1295,1322,1341,1346,1359,1426,1474,1478,1675,1680,1913,1930,1973,2148,2174,2220,2233,2258,2407,2613,2856,2873,2994,3014,3126,3409,3703,3721,3797,3802,3829,4060,4112,4217,4225,4353,4866,4868,4869,5525,5779,6757,7217,7891,
211;0;3623;3770;0;27,60,100,144,145,149,152,175,189,197,225,233,254,262,277,291,321,377,391,397,551,666,715,729,769,875,1050,1093,1117,1121,1268,1269,1270,1291,1293,1294,1295,1322,1341,1346,1359,1426,1474,1478,1675,1680,1913,1930,1973,2148,2174,2220,2233,2258,2407,2613,2856,2873,2994,3014,3126,3409,3703,3721,3797,3802,3829,4060,4112,4217,4225,4353,4866,4868,4869,5525,5779,6757,7217,7891,
211;1;3770;3861;0;27,60,100,144,145,149,152,175,189,197,225,233,254,262,277,291,321,377,391,397,551,666,715,729,769,875,1050,1093,1117,1121,1268,1269,1270,1291,1293,1294,1295,1322,1341,1346,1359,1426,1474,1478,1675,1680,1913,1930,1973,2148,2174,2220,2233,2258,2407,2613,2856,2873,2994,3014,3126,3409,3703,3721,3797,3802,3829,4060,4112,4217,4225,4353,4866,4868,4869,5525,5779,6757,7217,7891,
255;0;3861;3970;0;27,60,100,144,145,149,152,175,189,197,225,233,254,262,277,291,321,377,391,397,551,666,715,729,769,875,1050,1093,1117,1121,1268,1269,1270,1291,1293,1294,1295,1322,1341,1346,1359,1426,1474,1478,1675,1680,1913,1930,1973,2148,2174,2220,2233,2258,2407,2613,2856,2873,2994,3014,3126,3409,3703,3721,3797,3802,3829,4060,4112,4217,4225,4353,4866,4868,4869,5525,5779,6757,7217,7891,
255;1;3970;4095;0;27,60,100,144,145,149,152,175,189,197,225,233,254,262,277,291,321,377,391,397,551,666,715,729,769,875,1050,1093,1117,1121,1268,1269,1270,1291,1293,1294,1295,1322,1341,1346,1359,1426,1474,1478,1675,1680,1913,1930,1973,2148,2174,2220,2233,2258,2407,2613,2856,2873,2994,3014,3126,3409,3703,3721,3797,3802,3829,4060,4112,4217,4225,4353,4866,4868,4869,5525,5779,6757,7217,7891,
200;0;4320;4361;0;60,74,100,144,145,149,152,175,189,197,225,233,262,277,291,321,391,512,518,551,607,612,615,616,617,666,715,729,739,814,875,1050,1093,1121,1268,1269,1270,1291,1293,1294,1295,1322,1341,1346,1359,1390,1474,1478,1530,1558,1559,1675,1849,1940,2094,2148,2174,2179,2220,2233,2258,2407,2856,2873,2941,3014,3409,3797,3802,3829,4060,4465,4514,4866,4868,4869,5525,5779,6786,7217,
200;1;4361;4537;0;60,88,97,100,144,145,149,152,175,189,197,225,233,262,277,291,321,391,512,551,607,612,666,715,729,767,773,814,875,1050,1093,1121,1268,1269,1270,1291,1293,1294,1295,1322,1341,1359,1390,1474,1478,1530,1558,1675,1849,1914,1915,2148,2174,2220,2233,2258,2407,2668,2714,2806,2856,2873,2898,2988,3409,3797,3802,3829,4060,4093,4866,4868,4869,5525,5779,6098,6099,7217,7423,8129,
180;0;4537;4687;0;60,88,97,100,144,145,149,152,175,189,197,225,233,262,277,291,321,391,512,551,607,612,666,715,729,767,773,814,875,1050,1093,1121,1268,1269,1270,1291,1293,1294,1295,1322,1341,1359,1390,1474,1478,1530,1558,1675,1849,1914,1915,2148,2174,2220,2233,2258,2407,2668,2714,2806,2856,2873,2898,2988,3409,3797,3802,3829,4060,4093,4866,4868,4869,5525,5779,6098,6099,7217,7423,7453,
180;1;4687;4749;0;60,88,97,100,144,145,149,152,175,189,197,225,233,262,277,291,321,391,512,551,607,612,666,715,729,767,773,814,875,1093,1121,1269,1291,1293,1294,1322,1341,1478,1530,1558,1675,1914,1915,2148,2174,2220,2233,2258,2407,2668,2714,2802,2803,2804,2805,2806,2807,2808,2809,2810,2811,2812,2813,2856,2873,2898,2988,3409,3797,3802,3829,4060,4093,4866,5525,5779,6098,6099,7217,7423,
69;0;4749;4854;0;60,88,97,100,144,145,149,152,175,189,197,225,233,262,277,291,321,391,512,551,607,612,666,715,729,767,773,814,875,1093,1121,1269,1291,1293,1294,1322,1341,1478,1530,1558,1675,1914,1915,2148,2174,2220,2233,2258,2407,2668,2714,2774,2802,2803,2804,2805,2806,2807,2808,2812,2856,2873,2898,2903,2988,3409,3797,3802,3829,4060,4093,4567,4600,4866,5525,5779,6098,6099,7217,7423,
69;1;4854;4951;0;60,87,88,97,100,102,144,145,149,152,175,189,225,233,262,277,291,321,391,512,607,612,666,715,729,767,773,814,854,855,875,1093,1121,1269,1293,1294,1322,1341,1478,1515,1530,1558,1675,1914,1915,2148,2220,2258,2318,2407,2627,2668,2679,2692,2714,2774,2802,2806,2873,2898,2903,2986,2988,3131,3291,3292,3409,3797,3802,3829,4060,4093,4747,4791,5525,6098,6099,6248,7217,7423,
73;0;4951;4981;0;60,87,88,97,100,102,144,145,149,152,175,189,225,233,262,277,291,321,391,512,607,612,666,715,729,767,773,814,854,855,875,1093,1121,1269,1293,1294,1322,1341,1478,1515,1530,1558,1675,1783,1914,1915,2148,2220,2258,2318,2407,2627,2668,2679,2692,2714,2774,2802,2806,2873,2898,2903,2986,2988,3131,3291,3292,3409,3410,3797,3802,3829,4060,4093,4438,5525,6098,6099,7217,7423,
73;1;4981;5145;0;20,24,25,26,37,39,41,43,48,50,54,60,61,76,86,100,144,145,149,194,217,225,262,277,512,528,529,666,677,715,814,875,1269,1273,1277,1282,1287,1288,1292,1293,1294,1322,1478,1481,1529,1707,2540,2635,2661,2678,2802,3346,3379,3414,3527,4286,4949,5432,5513,5525,5722,6023,6024,6360,6426,6496,6497,6498,6499,7243,7510,7657,7658,8219,8373,8374,8375,8376,8377,8378,
92;0;5145;5248;0;20,24,25,26,37,39,41,43,48,50,54,60,61,76,86,100,144,145,149,194,217,225,262,277,512,528,529,666,677,715,814,875,1269,1273,1277,1282,1287,1288,1292,1293,1294,1322,1478,1481,1529,1707,2540,2635,2661,2678,2802,3346,3379,3414,3527,4286,4949,5432,5513,5525,5722,6023,6024,6360,6426,6496,6497,6498,6499,7243,7510,7657,7658,8219,8373,8374,8375,8376,8377,8378,
92;1;5248;5338;0;20,24,25,26,37,39,41,43,48,50,54,60,61,76,86,100,144,145,149,194,217,225,262,277,512,528,529,666,677,715,814,875,1269,1273,1277,1282,1287,1288,1292,1293,1294,1322,1478,1481,1529,1707,2540,2635,2661,2678,2802,3346,3379,3414,3527,4286,4949,5432,5513,5525,5722,6023,6024,6360,6426,6496,6497,6498,6499,7243,7510,7657,7658,8219,8373,8374,8375,8376,8377,8378,
132;0;5338;5356;0;20,24,25,26,37,39,41,43,48,50,54,60,61,76,86,100,144,145,149,194,217,225,262,277,512,528,529,666,677,715,814,875,1269,1273,1277,1282,1287,1288,1292,1293,1294,1322,1478,1481,1529,1707,2540,2635,2661,2678,2802,3346,3379,3414,3527,4286,4949,5432,5513,5525,5722,6023,6024,6360,6426,6496,6497,6498,6499,7243,7510,7657,7658,8219,8373,8374,8375,8376,8377,8378,
132;1;5356;5524;0;20,24,25,26,37,39,41,43,48,50,54,60,61,76,86,100,144,145,149,194,217,225,262,277,512,528,529,666,677,715,814,875,1269,1273,1277,1282,1287,1288,1292,1293,1294,1322,1478,1481,1529,1707,2540,2635,2661,2678,2802,3346,3379,3414,3527,4286,4949,5432,5513,5525,5722,6023,6024,6360,6426,6496,6497,6498,6499,7243,7510,7657,7658,8219,8373,8374,8375,8376,8377,8378,
659;0;5524;5704;0;20,24,25,26,37,39,41,43,48,50,54,60,61,76,86,100,144,145,149,194,217,225,262,277,512,528,529,666,677,715,814,875,1269,1273,1277,1282,1287,1288,1292,1293,1294,1322,1478,1481,1529,1707,2540,2635,2661,2678,2802,3346,3379,3414,3527,4286,4949,5432,5513,5525,5722,6023,6024,6360,6426,6496,6497,6498,6499,7243,7510,7657,7658,8219,8373,8374,8375,8376,8377,8378,
837;0;5760;5939;0;20,24,25,26,37,39,41,43,48,50,54,60,61,76,86,100,137,144,145,149,194,217,225,262,277,512,528,529,640,666,677,715,814,875,1045,1269,1273,1277,1282,1287,1288,1292,1293,1294,1322,1478,1481,1529,1707,2540,2635,2661,2678,2802,3346,3379,3414,3527,4286,4721,4949,5432,5513,5525,5722,6023,6024,6360,6426,6496,6497,6498,6499,7243,7510,7657,7658,8219,8373,8374,
82;0;5939;6000;0;20,24,25,26,37,39,41,43,48,50,54,60,61,76,86,100,137,144,145,149,194,217,225,262,277,512,528,529,640,666,677,715,814,875,1045,1269,1273,1277,1282,1287,1288,1292,1293,1294,1322,1478,1481,1529,1707,2321,2540,2635,2661,2678,2802,3346,3379,3414,3527,4286,4473,4632,4721,4949,5432,5513,5525,5685,5722,6023,6024,6129,6360,6386,6387,6426,6496,6497,6498,6499,
82;1;6000;6115;0;20,24,25,26,37,39,41,43,48,50,54,60,61,76,86,95,100,137,144,145,149,194,217,225,262,274,277,512,528,529,640,666,677,715,772,814,875,1045,1269,1273,1277,1282,1287,1288,1292,1293,1294,1322,1478,1481,1529,1707,2321,2353,2354,2540,2635,2661,2678,2802,3346,3379,3414,3527,4286,4473,4632,4721,4949,5432,5513,5525,5685,5722,6023,6024,6129,6360,6386,6426,
831;0;6115;6284;0;20,24,25,26,37,39,41,43,48,50,54,55,60,61,76,86,95,100,137,144,145,149,194,205,217,225,262,274,277,512,528,529,640,659,666,677,715,772,814,875,1045,1269,1273,1277,1282,1287,1288,1292,1293,1294,1322,1478,1481,1529,1605,1707,1999,2157,2321,2353,2354,2540,2635,2661,2678,2802,3345,3346,3349,3379,3414,3527,3855,4286,4473,5525,5722,6023,6129,6426,
741;0;6284;6448;0;24,25,26,37,39,54,55,60,61,95,100,137,144,145,149,198,205,225,247,262,274,277,528,529,557,640,659,666,677,715,727,875,1269,1277,1282,1287,1288,1290,1293,1294,1322,1478,1481,1529,1577,1775,1776,1777,1778,1779,1780,1781,1782,1783,1784,1785,1786,1787,1788,1789,1790,1791,1792,1793,1794,1795,2321,2353,2635,2661,2678,2802,3414,3855,4473,5525,5722,6023,6129,6426,
231;0;6448;6557;0;3,4,24,25,37,54,95,97,100,137,144,145,177,178,179,181,182,183,184,225,238,241,262,272,277,302,308,321,382,390,391,392,404,529,607,640,645,715,720,1052,1146,1234,1417,1430,1470,1472,1473,1478,1481,1676,1679,1800,1809,1884,1944,2108,2109,2434,2635,2721,2818,2820,2821,2824,3132,4889,4890,4891,4892,4893,4894,4895,4896,4897,4898,4899,5525,5588,5722,6565,
231;1;6557;6609;0;3,4,24,25,37,54,95,97,100,137,144,145,177,178,179,181,182,183,184,225,238,241,262,272,277,302,308,321,382,390,391,392,404,529,607,640,645,715,720,1052,1146,1234,1417,1430,1470,1472,1473,1478,1481,1676,1679,1800,1809,1884,1944,2108,2109,2434,2635,2721,2818,2820,2821,2824,3132,4889,4890,4891,4892,4893,4894,4895,4896,4897,4898,4899,5525,5588,5722,6565,
827;0;6609;6768;0;3,4,24,25,37,54,95,97,100,137,144,145,177,178,179,181,182,183,184,225,238,241,262,272,277,302,308,321,382,390,391,392,404,529,607,640,645,715,720,1052,1146,1234,1417,1430,1470,1472,1473,1478,1481,1676,1679,1800,1809,1884,1944,2108,2109,2434,2635,2721,2818,2820,2821,2824,3132,4889,4890,4891,4892,4893,4894,4895,4896,4897,4898,4899,5525,5588,5722,6565,
295;0;6768;6919;0;3,4,24,25,37,54,95,97,100,137,144,145,177,178,179,181,182,183,184,225,238,241,262,272,277,302,308,321,382,390,391,392,404,529,607,640,645,715,720,1052,1146,1234,1417,1430,1470,1472,1473,1478,1481,1676,1679,1800,1809,1884,1944,2108,2109,2434,2635,2721,2818,2820,2821,2824,3132,4889,4890,4891,4892,4893,4894,4895,4896,4897,4898,4899,5525,5588,5722,6565,
295;1;7200;7204;0;1,3,4,24,25,37,54,95,97,100,136,137,144,145,177,178,179,181,182,183,184,225,238,241,262,272,277,302,308,321,382,390,391,392,404,529,607,640,645,647,715,720,1052,1093,1146,1234,1361,1397,1417,1430,1470,1472,1473,1478,1481,1676,1679,1800,1807,1809,1884,1944,2053,2108,2109,2434,2635,2721,2818,2820,2821,3278,4677,4891,5525,5722,6517,6518,6519,6520,
640;0;7204;7356;0;1,3,4,24,25,37,54,95,97,100,136,137,139,144,145,177,178,179,181,182,183,184,225,238,241,262,272,276,277,302,308,321,382,390,391,392,404,529,640,647,715,1052,1093,1121,1146,1171,1234,1361,1430,1472,1473,1478,1481,1675,1679,1809,1814,1884,1944,2053,2109,2635,3278,3915,3916,3917,3918,3919,3920,3921,3922,3923,3924,3925,3926,3927,3928,4891,5525,5722,
177;0;7356;7410;0;24,25,37,54,95,100,137,139,144,145,225,226,233,234,241,262,267,268,273,275,277,284,285,286,287,288,289,290,291,292,301,429,430,529,609,612,640,715,827,1099,1146,1172,1358,1481,1519,1525,1734,1735,1915,1916,1918,2052,2091,2133,2337,2338,2573,2635,3763,4426,4533,5185,5186,5187,5188,5189,5190,5191,5192,5193,5194,5195,5196,5197,5198,5199,5200,5201,5525,5722,
177;1;7410;7507;0;24,25,37,49,54,95,100,137,139,144,145,225,226,233,234,241,262,267,268,273,275,277,284,285,286,287,288,289,290,291,292,301,429,430,516,529,609,612,640,715,827,1013,1091,1099,1146,1172,1329,1358,1481,1519,1525,1734,1735,1915,1916,1918,2052,2091,2133,2221,2337,2338,2407,2573,2635,3763,4426,4533,4647,5185,5186,5187,5188,5189,5190,5191,5192,5525,5722,6385,
890;0;7507;7656;0;24,25,37,49,54,95,100,137,139,144,145,225,226,233,234,241,262,267,268,273,275,277,284,285,286,287,288,289,290,291,292,301,429,430,516,529,609,612,640,694,715,765,827,1013,1091,1099,1146,1172,1329,1358,1445,1481,1519,1525,1734,1735,1915,1916,1918,2052,2091,2221,2337,2338,2407,2573,2625,2635,2653,4376,4533,5185,5525,5722,6025,6114,6225,6449,6512,6513,
713;0;7656;7803;0;24,25,37,49,54,95,100,137,139,144,145,225,226,233,234,241,262,267,268,273,275,277,284,285,286,287,288,289,290,291,292,301,429,430,516,529,609,612,640,694,715,765,827,1013,1091,1099,1146,1172,1329,1358,1445,1481,1519,1525,1734,1735,1915,1916,1918,2052,2091,2221,2337,2338,2407,2573,2625,2635,2653,4376,4533,5185,5525,5722,6025,6114,6225,6449,8468,8469,
704;0;7803;7950;0;15,19,24,25,35,37,38,42,54,57,95,100,137,139,144,145,225,226,231,262,267,277,288,289,291,292,329,343,429,581,640,715,803,836,1043,1051,1146,1172,1286,1329,1401,1476,1481,1558,1818,1915,1936,2052,2061,2221,2407,2461,2466,2626,2661,2903,3336,3708,4259,4365,4597,5352,5525,5637,5722,5795,6136,6225,6369,6370,6371,6372,6373,6374,6407,7953,7954,7956,7957,8120,
225;0;7950;8010;0;15,19,24,25,35,37,38,42,54,57,95,100,137,139,144,145,225,226,231,262,267,277,288,289,291,292,329,343,429,581,640,715,803,836,1043,1051,1146,1172,1286,1329,1401,1476,1481,1558,1818,1915,1936,2052,2061,2221,2407,2461,2466,2626,2661,2903,3336,3708,4259,4365,4597,5352,5525,5637,5722,5795,6136,6225,6369,6370,6371,6372,6373,6374,6407,7953,7954,7956,7957,8120,
225;1;8010;8090;0;15,19,24,25,35,37,38,42,54,57,95,100,137,139,144,145,225,226,231,262,267,277,288,289,291,292,329,343,429,581,640,715,803,836,1043,1051,1146,1172,1286,1329,1401,1476,1481,1558,1818,1915,1936,2052,2061,2221,2407,2461,2466,2626,2661,2903,3336,3708,4259,4365,4597,5352,5525,5637,5722,5795,6136,6225,6369,6370,6371,6372,6373,6374,6407,7953,7954,7956,7957,8120,
743;0;8090;8227;0;15,19,24,25,35,37,38,42,54,57,95,100,137,139,144,145,225,226,231,262,267,277,288,289,291,292,329,343,429,581,640,715,803,836,1043,1051,1146,1172,1286,1329,1401,1476,1481,1558,1818,1915,1936,2052,2061,2221,2407,2461,2466,2626,2661,2903,3336,3708,4259,4365,4597,5352,5525,5637,5722,5795,6136,6225,6369,6370,6371,6372,6373,6374,6407,7953,7954,7956,7957,8120,
747;0;8227;8363;0;15,19,24,25,35,37,38,42,54,57,95,100,137,139,144,145,225,226,231,262,267,277,288,289,291,292,329,343,429,581,640,715,803,836,1043,1051,1146,1172,1286,1329,1401,1476,1481,1558,1818,1915,1936,2052,2061,2221,2407,2461,2466,2626,2661,2903,3336,3708,4259,4365,4597,5352,5525,5637,5722,5795,6136,6225,6369,6370,6371,6372,6373,6374,6407,7953,7954,7956,7957,8120,
814;0;8363;8494;0;15,19,24,25,35,37,38,42,54,57,95,100,137,139,144,145,225,226,231,262,267,277,288,289,291,292,329,343,429,581,640,715,803,836,1043,1051,1146,1172,1286,1329,1401,1476,1481,1558,1818,1915,1936,2052,2061,2221,2407,2461,2466,2626,2661,2903,3336,3708,4259,4365,4597,5352,5525,5637,5722,5795,6136,6225,6369,6370,6371,6372,6373,6374,6407,7953,7954,7956,7957,8120,
179;0;8494;8572;0;15,19,24,25,35,37,38,42,54,57,95,100,137,139,144,145,225,226,231,262,267,277,288,289,291,292,329,343,429,581,640,715,803,836,1043,1051,1146,1172,1286,1329,1401,1476,1481,1558,1818,1915,1936,2052,2061,2221,2407,2461,2466,2626,2661,2903,3336,3708,4259,4365,4597,5352,5525,5637,5722,5795,6136,6225,6369,6370,6371,6372,6373,6374,6407,7953,7954,7956,7957,8120,
179;1;8640;8691;0;15,19,24,25,35,37,38,42,54,57,95,100,137,139,144,145,225,226,231,262,267,277,288,289,291,292,329,343,429,581,640,690,715,803,836,1043,1051,1146,1172,1286,1329,1401,1476,1481,1556,1674,1915,2052,2221,2407,2461,2626,2642,2661,2677,2679,2774,2775,2778,2903,3263,3447,4259,4365,4854,4855,5370,5499,5502,5525,5637,5673,5722,6136,6225,6372,7953,7954,7956,7957,
288;0;8691;8740;0;15,19,24,25,35,37,38,42,54,57,95,100,137,139,144,145,225,226,231,242,245,262,267,277,288,289,291,292,329,343,390,395,429,581,640,690,715,836,895,1051,1146,1172,1230,1286,1329,1401,1476,1481,1522,1674,1726,1816,1915,2052,2221,2407,2461,2465,2626,2661,2677,2774,2775,2778,2892,2903,3263,4259,4365,5525,5637,5722,6045,6136,6225,6372,7953,7954,7956,7957,
288;1;8740;8814;0;24,25,38,54,88,95,97,100,137,139,144,145,225,226,231,245,262,267,277,288,289,291,292,329,390,395,429,640,715,767,773,836,1051,1146,1172,1286,1329,1401,1476,1481,1530,1674,1726,1914,1915,2052,2221,2407,2461,2626,2661,2668,2677,2714,2774,2775,2778,2806,2898,2988,3263,4093,4259,4365,5525,5637,5722,6098,6099,6136,6372,7217,7423,7953,7954,7956,7957,8238,8567,8568,
758;0;8814;8933;0;24,25,38,54,88,95,97,100,137,139,144,145,225,226,231,245,262,267,277,288,289,291,292,329,390,395,429,640,715,767,773,836,1051,1146,1172,1286,1329,1401,1476,1481,1530,1674,1726,1914,1915,2052,2221,2407,2461,2626,2661,2668,2677,2714,2774,2775,2778,2806,2898,2988,3263,4093,4259,4365,5525,5637,5722,6098,6099,6106,6136,6372,7217,7423,7953,7954,7956,7957,8238,8567,
147;0;8933;8977;0;24,25,38,54,95,97,100,137,139,144,145,152,175,189,197,225,226,231,262,277,288,289,291,292,329,390,395,415,429,551,640,715,729,875,1051,1146,1172,1286,1291,1329,1341,1401,1476,1481,1545,1726,1777,2052,2068,2148,2174,2221,2233,2258,2407,2774,2775,2778,2856,2873,2988,3263,3409,3802,3829,4060,4259,4864,4866,4868,4869,4871,5722,5779,5780,6136,7953,7954,7956,7957,
147;1;8977;9050;0;24,25,38,54,95,97,100,137,139,144,145,189,225,226,231,262,277,288,289,291,292,329,351,382,390,395,400,429,551,640,715,875,912,1051,1055,1146,1167,1170,1172,1200,1286,1329,1401,1474,1476,1481,1726,1814,1834,1835,1836,1840,1843,2052,2221,2247,2370,2407,2774,2775,2778,2873,2988,3037,3249,3263,3802,4259,4500,4575,5722,5742,5792,5834,5835,6136,7953,7954,7956,7957,
635;0;9050;9159;0;24,25,26,38,54,95,97,100,137,139,144,145,155,189,225,226,231,248,255,262,277,288,289,291,329,382,390,395,400,429,528,551,640,715,754,875,912,1051,1055,1146,1172,1268,1269,1270,1275,1285,1286,1287,1288,1289,1293,1295,1329,1401,1474,1476,1481,1726,1814,2052,2221,2407,2774,2775,2778,2873,2988,3037,3263,3802,4259,5722,6136,6514,7012,7013,7953,7954,7956,7957,
870;0;9159;9257;0;24,25,26,34,38,54,55,61,95,97,100,137,139,144,145,189,225,226,248,262,277,288,289,291,329,366,382,390,395,429,457,509,528,551,640,778,875,1051,1146,1172,1269,1275,1285,1287,1288,1289,1293,1329,1401,1474,1476,1481,1687,1814,1849,2052,2221,2407,2774,2778,2873,2988,3037,3273,3802,4259,6136,6424,6425,6426,6427,6428,6429,6430,6431,6432,7953,7954,7956,7957,
642;0;9257;9354;0;24,25,26,34,38,54,55,61,95,97,100,117,137,139,144,145,189,225,226,248,262,277,288,289,291,329,359,366,382,390,395,429,457,509,528,551,640,875,1051,1146,1172,1269,1275,1278,1285,1287,1288,1289,1293,1329,1401,1474,1476,1481,1814,2025,2052,2221,2281,2310,2407,2774,2778,2873,2968,2988,3037,3802,4162,4259,5607,6136,7936,7953,7954,7956,7957,8450,8451,8452,
259;0;9354;9434;0;8,61,95,97,142,144,145,185,202,205,206,225,248,251,288,329,390,392,395,401,404,429,528,591,660,791,868,964,989,995,1011,1133,1146,1275,1287,1288,1293,1401,1463,1474,1480,1565,1587,1809,1814,1921,2053,2244,2538,2966,3247,3264,3724,3802,4840,4841,5791,5954,5964,5976,5984,6138,6675,8123,8283,8285,8315,8316,8317,8318,8319,8559,9020,9021,9022,9023,9034,9165,9166,9167,
259;1;9434;9451;0;8,61,95,97,142,144,145,185,202,205,206,225,248,251,288,329,390,392,395,401,404,429,528,591,660,791,868,964,989,995,1011,1133,1146,1275,1287,1288,1293,1401,1463,1474,1480,1565,1587,1809,1814,1921,2053,2244,2538,2966,3247,3264,3724,3802,4840,4841,5791,5954,5964,5976,5984,6138,6675,8123,8283,8285,8315,8316,8317,8318,8319,8559,9020,9021,9022,9023,9034,9165,9166,9167,
840;0;9451;9546;0;8,61,95,97,142,144,145,185,202,205,206,225,248,251,288,329,390,392,395,401,404,429,528,591,660,791,868,964,989,995,1011,1133,1146,1275,1287,1288,1293,1401,1463,1474,1480,1565,1587,1809,1814,1921,2053,2244,2538,2966,3247,3264,3724,3802,4840,4841,5791,5954,5964,5976,5984,6138,6675,8123,8283,8285,8315,8316,8317,8318,8319,8559,9020,9021,9022,9023,9034,9165,9166,9167,
641;0;9546;9632;0;8,61,95,97,142,144,145,185,202,205,206,225,248,251,288,329,390,392,395,401,404,429,528,591,660,791,868,964,989,995,1011,1133,1146,1275,1287,1288,1293,1401,1463,1474,1480,1565,1587,1809,1814,1921,2053,2244,2538,2966,3247,3264,3724,3802,4840,4841,5791,5954,5964,5976,5984,6138,6675,8123,8283,8285,8315,8316,8317,8318,8319,8559,9020,9021,9022,9023,9034,9165,9166,9167,
692;0;9632;9715;0;8,61,95,97,142,144,145,185,202,205,206,225,248,251,288,329,390,392,395,401,404,429,528,591,660,791,868,964,989,995,1011,1133,1146,1275,1287,1288,1293,1401,1463,1474,1480,1565,1587,1809,1814,1921,2053,2244,2538,2966,3247,3264,3724,3802,4840,4841,5791,5954,5964,5976,5984,6138,6675,8123,8283,8285,8315,8316,8317,8318,8319,8559,9020,9021,9022,9023,9034,9165,9166,9167,
912;0;9715;9794;0;8,61,95,97,142,144,145,185,202,205,206,225,248,251,288,329,390,392,395,401,404,429,528,591,660,791,868,964,989,995,1011,1133,1146,1275,1287,1288,1293,1401,1463,1474,1480,1565,1587,1809,1814,1921,2053,2244,2538,2966,3247,3264,3724,3802,4840,4841,5791,5954,5964,5976,5984,6138,6675,8123,8283,8285,8315,8316,8317,8318,8319,8559,9020,9021,9022,9023,9034,9165,9166,9167,
698;0;9794;9866;0;8,61,95,97,142,144,145,185,202,205,206,225,248,251,288,329,390,392,395,401,404,429,528,591,660,791,868,964,989,995,1011,1133,1146,1275,1287,1288,1293,1401,1463,1474,1480,1565,1587,1809,1814,1921,2053,2244,2538,2966,3247,3264,3724,3802,4840,4841,5791,5954,5964,5976,5984,6138,6675,8123,8283,8285,8315,8316,8317,8318,8319,8559,9020,9021,9022,9023,9034,9165,9166,9167,
185;0;9866;9911;0;8,61,95,97,142,144,145,185,202,205,206,225,248,251,288,329,390,392,395,401,404,429,528,591,660,791,868,964,989,995,1011,1133,1146,1275,1287,1288,1293,1401,1463,1474,1480,1565,1587,1809,1814,1921,2053,2244,2538,2966,3247,3264,3724,3802,4840,4841,5791,5954,5964,5976,5984,6138,6675,8123,8283,8285,8315,8316,8317,8318,8319,8559,9020,9021,9022,9023,9034,9165,9166,9167,
185;1;9911;9933;0;8,61,95,97,142,144,145,185,202,205,206,225,248,251,288,329,390,392,395,401,404,429,528,591,660,791,868,964,989,995,1011,1133,1146,1275,1287,1288,1293,1401,1463,1474,1480,1565,1587,1809,1814,1921,2053,2244,2538,2966,3247,3264,3724,3802,4840,4841,5791,5954,5964,5976,5984,6138,6675,8123,8283,8285,8315,8316,8317,8318,8319,8559,9020,9021,9022,9023,9034,9165,9166,9167,
839;0;10080;10146;0;8,61,95,97,142,144,145,185,202,205,206,225,248,251,288,329,390,392,395,398,401,404,429,528,591,660,791,868,964,989,995,1011,1050,1052,1054,1133,1146,1275,1287,1288,1293,1359,1401,1463,1474,1480,1565,1587,1669,1809,1814,1921,2053,2134,2244,2355,2426,2538,2966,3247,3264,3724,3802,4840,4841,5791,5954,5964,5976,5984,6138,6675,8123,8283,8285,8315,8316,8317,8318,8319,
798;0;10146;10208;0;8,61,95,97,142,144,145,185,202,205,206,225,248,251,288,329,390,392,395,398,401,404,429,528,591,660,791,868,964,989,995,1011,1050,1052,1054,1133,1146,1275,1287,1288,1293,1359,1401,1463,1474,1480,1565,1587,1669,1679,1809,1814,1921,2053,2134,2244,2355,2426,2495,2538,2814,2966,3247,3264,3724,3802,4545,4840,4841,4972,5767,5768,5769,5770,5791,5954,5964,5976,5984,6138,
647;0;10208;10268;0;8,61,95,97,142,144,145,185,202,205,206,225,248,251,288,329,390,392,395,398,401,404,429,528,591,660,791,868,964,989,995,1011,1050,1052,1054,1133,1146,1275,1287,1288,1293,1359,1401,1463,1474,1480,1565,1587,1669,1679,1809,1814,1921,2053,2134,2244,2259,2264,2355,2410,2417,2418,2419,2420,2426,2471,2495,2538,2814,2966,3247,3264,3307,3308,3724,3802,4545,4972,5768,5984,
930;0;10268;10321;0;8,61,70,95,97,142,144,145,169,185,189,202,205,206,225,248,251,288,329,390,392,395,398,401,404,419,429,528,591,660,787,791,868,964,989,995,1011,1050,1052,1054,1063,1133,1146,1275,1287,1288,1293,1359,1401,1463,1474,1480,1541,1565,1587,1669,1679,1809,1814,1921,2053,2134,2206,2244,2259,2264,2355,2410,2417,2419,2512,2918,3255,3577,3827,3990,4545,4972,5768,5984,
988;0;10321;10373;0;1,3,70,95,97,142,144,145,149,189,206,225,226,248,262,270,277,288,329,390,391,395,398,429,591,787,995,1054,1063,1069,1093,1146,1204,1214,1288,1293,1473,1474,1475,1476,1477,1587,1599,1667,1669,1803,1809,1814,1825,2109,2134,2419,2451,3108,3278,4033,4535,4545,4857,4891,4902,4925,4926,4927,4928,4929,4930,4931,4932,4933,4934,4935,4936,4937,4938,4939,4972,5296,5768,5984,
729;0;10373;10422;0;1,3,70,95,97,100,137,142,144,145,149,189,206,225,226,248,262,270,277,288,291,322,329,379,382,390,391,395,398,429,591,787,995,1054,1063,1069,1093,1118,1146,1171,1204,1214,1236,1288,1293,1473,1474,1475,1476,1477,1478,1587,1599,1667,1669,1803,1809,1814,1825,2052,2109,2134,2250,2419,2451,2697,2951,3108,3260,3284,3698,4469,4470,4471,4472,4545,4934,4972,5768,5984,
858;0;10422;10470;0;1,3,24,38,70,95,97,100,137,142,144,145,149,189,206,225,226,248,262,270,277,288,291,322,329,379,382,390,391,395,398,429,591,787,871,873,874,875,876,877,880,995,1054,1063,1069,1093,1118,1146,1171,1204,1214,1236,1288,1293,1473,1474,1475,1476,1477,1478,1587,1599,1667,1669,1803,1809,1814,1825,2052,2109,2213,2419,3284,3448,4472,4545,4934,4972,5768,5984,
720;0;10470;10514;0;1,3,24,38,70,95,97,100,137,142,144,145,149,189,206,225,226,248,262,270,277,288,291,322,329,379,382,390,391,395,398,429,580,591,787,871,873,874,875,876,877,880,995,1054,1063,1069,1093,1118,1146,1171,1204,1214,1288,1293,1329,1473,1474,1475,1476,1478,1512,1587,1667,1669,1809,1814,1825,2221,2240,2407,2419,2836,3284,3702,4472,4545,4934,4972,5768,5984,
807;0;10514;10558;0;1,3,24,38,70,95,97,100,137,142,144,145,146,149,189,206,225,226,248,262,270,277,288,291,322,329,379,382,390,391,395,398,429,580,591,704,787,871,873,874,875,876,877,880,995,1054,1063,1069,1093,1118,1146,1214,1288,1293,1329,1473,1474,1475,1476,1478,1587,1667,1669,1683,1809,1814,1825,2240,2407,2419,2489,3284,3535,3536,4472,4545,4934,4972,5768,5984,
748;0;10558;10597;0;3,24,95,97,100,137,142,144,145,146,147,149,206,225,226,248,270,277,288,329,379,390,395,398,429,436,580,591,787,875,876,995,1054,1063,1068,1117,1118,1146,1149,1293,1329,1390,1473,1474,1475,1476,1478,1479,1481,1587,1669,1809,1814,1825,1920,2407,2419,3284,4405,4472,4473,4545,4934,4964,4965,4966,4967,4968,4969,4970,4971,4972,4973,4974,4975,4976,4977,4978,5768,5984,
628;0;10597;10631;0;3,24,54,60,95,97,100,113,137,142,144,145,146,147,149,206,225,226,248,270,277,280,288,329,379,390,395,398,429,436,501,510,580,591,659,787,875,876,995,1054,1063,1068,1117,1118,1146,1149,1293,1329,1390,1473,1474,1475,1476,1478,1479,1481,1587,1669,1809,1814,1825,1920,2407,2419,2870,2924,3284,3414,4135,4313,4316,4318,4405,4472,4473,4545,4968,5496,5768,5984,
772;0;10631;10661;0;3,24,28,39,54,60,95,97,100,113,137,142,144,145,146,147,149,198,206,225,226,248,270,277,280,288,329,379,390,395,398,427,429,436,501,503,510,580,591,632,659,724,787,875,876,979,995,1054,1063,1068,1117,1118,1146,1149,1293,1329,1390,1473,1474,1475,1476,1478,1481,1580,1587,1669,1809,1814,1825,2159,2163,2326,2407,2419,3284,4472,4545,4968,5768,5984,
846;0;10661;10676;0;3,24,28,39,54,60,95,97,100,113,137,142,144,145,146,147,149,198,206,225,226,248,270,277,280,288,329,379,390,395,398,427,429,436,501,503,510,580,591,632,659,724,787,875,876,979,995,1054,1063,1068,1117,1118,1146,1149,1293,1329,1390,1473,1474,1475,1476,1478,1481,1580,1587,1669,1809,1814,1825,2407,2419,3284,4112,4472,4545,4735,4736,4968,5768,5984,
951;0;10676;10688;0;3,24,28,39,54,60,79,95,97,100,113,137,142,144,145,146,147,149,170,198,206,225,226,248,270,277,280,288,329,379,390,395,398,427,429,436,501,503,510,580,591,632,659,787,968,979,995,1031,1054,1063,1117,1118,1146,1149,1293,1329,1390,1474,1475,1476,1478,1481,1587,1669,1809,1814,1825,2168,2407,2419,3284,3331,3775,4472,4545,4968,5768,5804,5805,5984,
899;0;10688;10782;1;3,24,26,28,39,54,60,79,95,97,100,113,137,142,144,145,146,149,198,206,210,225,226,248,270,277,288,329,379,390,395,398,429,436,580,591,787,968,979,995,1054,1063,1117,1118,1146,1149,1269,1280,1293,1322,1329,1390,1419,1474,1475,1476,1478,1481,1587,1669,1809,1814,1825,2407,2419,3050,3284,3428,4206,4472,4545,4968,5768,5984,6092,6981,6982,6983,6984,6985,
966;0;10782;10883;1;24,28,55,100,144,146,225,247,248,250,295,397,436,517,787,790,957,979,995,1095,1269,1274,1280,1282,1285,1289,1293,1294,1322,1329,1399,1474,1521,1587,1589,1980,2036,2220,2382,2407,2419,2567,2861,2873,3269,3482,3598,3703,3721,3797,4003,4103,4114,4167,4168,4169,4170,4172,4439,4459,4460,4461,4462,4463,4816,4968,5082,5202,5397,5768,5926,5941,5942,5943,5984,6092,6340,6945,7379,7413,
299;0;10883;10931;1;24,28,55,100,144,146,225,247,248,250,295,397,436,517,787,790,957,979,995,1095,1269,1274,1280,1282,1285,1289,1293,1294,1322,1329,1399,1474,1521,1587,1589,1980,2036,2220,2382,2407,2419,2567,2861,2873,3269,3482,3598,3703,3721,3797,4003,4103,4114,4167,4168,4169,4170,4172,4439,4459,4460,4461,4462,4463,4816,4968,5082,5202,5397,5768,5926,5941,5942,5943,5984,6092,6340,6945,7379,7413,
299;1;10931;10986;1;24,28,55,100,144,146,225,247,248,250,295,397,436,517,787,790,957,979,995,1095,1269,1274,1280,1282,1285,1289,1293,1294,1322,1329,1399,1474,1521,1587,1589,1980,2036,2220,2382,2407,2419,2567,2861,2873,3269,3482,3598,3703,3721,3797,4003,4103,4114,4167,4168,4169,4170,4172,4439,4459,4460,4461,4462,4463,4816,4968,5082,5202,5397,5768,5926,5941,5942,5943,5984,6092,6340,6945,7379,7413,
258;0;10986;11037;1;24,28,55,100,144,146,225,247,248,250,295,397,436,517,787,790,957,979,995,1095,1269,1274,1280,1282,1285,1289,1293,1294,1322,1329,1399,1474,1521,1587,1589,1980,2036,2220,2382,2407,2419,2567,2861,2873,3269,3482,3598,3703,3721,3797,4003,4103,4114,4167,4168,4169,4170,4172,4439,4459,4460,4461,4462,4463,4816,4968,5082,5202,5397,5768,5926,5941,5942,5943,5984,6092,6340,6945,7379,7413,
258;1;11037;11091;1;24,28,55,100,144,146,225,247,248,250,295,397,436,517,787,790,957,979,995,1095,1269,1274,1280,1282,1285,1289,1293,1294,1322,1329,1399,1474,1521,1587,1589,1980,2036,2220,2382,2407,2419,2567,2861,2873,3269,3482,3598,3703,3721,3797,4003,4103,4114,4167,4168,4169,4170,4172,4439,4459,4460,4461,4462,4463,4816,4968,5082,5202,5397,5768,5926,5941,5942,5943,5984,6092,6340,6945,7379,7413,
636;0;11091;11200;1;24,28,55,100,144,146,225,247,248,250,295,397,436,517,787,790,957,979,995,1095,1269,1274,1280,1282,1285,1289,1293,1294,1322,1329,1399,1474,1521,1587,1589,1980,2036,2220,2382,2407,2419,2567,2861,2873,3269,3482,3598,3703,3721,3797,4003,4103,4114,4167,4168,4169,4170,4172,4439,4459,4460,4461,4462,4463,4816,4968,5082,5202,5397,5768,5926,5941,5942,5943,5984,6092,6340,6945,7379,7413,
949;0;11200;11313;1;24,28,55,100,144,146,225,247,248,250,295,397,436,517,787,790,957,979,995,1095,1269,1274,1280,1282,1285,1289,1293,1294,1322,1329,1399,1474,1521,1587,1589,1980,2036,2220,2382,2407,2419,2567,2861,2873,3269,3482,3598,3703,3721,3797,4003,4103,4114,4167,4168,4169,4170,4172,4439,4459,4460,4461,4462,4463,4816,4968,5082,5202,5397,5768,5926,5941,5942,5943,5984,6092,6340,6945,7379,7413,
4;0;11313;11389;1;24,28,55,100,144,146,225,247,248,250,295,397,436,517,787,790,957,979,995,1095,1269,1274,1280,1282,1285,1289,1293,1294,1322,1329,1399,1474,1521,1587,1589,1980,2036,2220,2382,2407,2419,2567,2861,2873,3269,3482,3598,3703,3721,3797,4003,4103,4114,4167,4168,4169,4170,4172,4439,4459,4460,4461,4462,4463,4816,4968,5082,5202,5397,5768,5926,5941,5942,5943,5984,6092,6340,6945,7379,7413,
4;1;11389;11428;1;24,28,55,100,144,146,225,247,248,250,295,397,436,517,787,790,957,979,995,1095,1269,1274,1280,1282,1285,1289,1293,1294,1322,1329,1399,1474,1521,1587,1589,1980,2036,2220,2382,2407,2419,2567,2861,2873,3269,3482,3598,3703,3721,3797,4003,4103,4114,4167,4168,4169,4170,4172,4439,4459,4460,4461,4462,4463,4816,4968,5082,5202,5397,5768,5926,5941,5942,5943,5984,6092,6340,6945,7379,7413,
938;0;11520;11641;1;24,28,46,55,100,144,146,206,225,247,248,250,295,397,436,517,787,790,957,979,995,1095,1269,1274,1280,1282,1285,1289,1293,1294,1322,1329,1399,1474,1521,1561,1587,1589,1980,2036,2220,2305,2382,2407,2419,2567,2861,2873,3006,3269,3482,3598,3703,3721,3796,3797,3808,3900,3906,4003,4103,4114,4167,4168,4169,4170,4172,4273,4274,4275,4439,4459,4460,4461,4462,4463,4816,4968,5082,5926,
184;0;11641;11670;1;24,28,46,55,100,144,146,206,225,247,248,250,295,397,436,517,787,790,957,979,995,1095,1269,1274,1280,1282,1285,1289,1293,1294,1322,1329,1399,1474,1521,1561,1587,1589,1980,2036,2220,2305,2382,2407,2419,2567,2861,2873,3006,3269,3482,3598,3703,3721,3796,3797,3808,3900,3906,4003,4103,4114,4167,4168,4169,4170,4172,4273,4274,4275,4439,4459,4460,4461,4462,4463,4467,4816,4968,5926,
184;1;11670;11766;1;24,28,46,55,100,137,144,146,148,206,225,247,248,250,288,295,395,397,436,517,591,647,787,790,855,863,911,921,949,957,979,995,1095,1172,1269,1274,1280,1282,1285,1289,1293,1294,1322,1329,1399,1474,1478,1484,1502,1521,1561,1587,1589,1633,1670,1980,2036,2220,2224,2305,2382,2407,2419,2567,2861,2873,3006,3034,3269,3284,3482,3598,3721,4397,4401,4472,4795,5206,5695,5926,
187;0;11766;11778;1;3,24,28,95,100,137,144,148,225,226,230,247,288,329,379,395,397,591,640,647,694,854,855,863,921,949,1060,1095,1117,1118,1146,1147,1172,1269,1289,1293,1294,1322,1360,1361,1375,1428,1474,1478,1502,1521,1561,1587,1669,1670,1675,1762,1814,1944,1973,2220,2224,2321,2781,2861,2873,2891,3037,3279,3284,3721,3744,4533,4545,4553,5185,7575,8449,8739,8740,8741,8742,8743,8744,8745,
187;1;11778;11893;1;3,24,28,95,100,137,139,144,148,225,226,230,247,270,288,289,329,379,395,397,591,640,647,694,854,855,863,921,924,949,1060,1095,1117,1118,1146,1147,1172,1234,1269,1289,1293,1294,1322,1360,1361,1375,1424,1428,1474,1475,1478,1502,1521,1561,1587,1669,1670,1675,1762,1814,1944,1973,2220,2224,2321,2781,2861,2873,2891,3037,3279,3284,3721,3744,4259,4533,4545,4553,5185,7575,
245;0;11893;12008;1;3,24,28,95,97,100,137,139,144,148,225,226,230,247,260,270,288,289,329,345,379,395,397,584,591,640,647,694,854,855,863,890,921,924,949,1060,1095,1117,1118,1146,1147,1172,1269,1289,1293,1294,1322,1374,1424,1428,1474,1478,1502,1521,1561,1587,1669,1670,1756,1814,1944,1973,2220,2405,2645,2861,2873,2988,3037,3284,3519,3699,3721,4259,4553,5867,6198,6199,6200,6201,
245;1;12008;12024;1;3,24,28,95,97,100,137,139,144,148,178,225,226,230,247,260,270,288,289,329,345,379,395,396,397,584,591,640,647,694,854,855,863,890,921,924,949,1060,1095,1117,1118,1145,1146,1147,1172,1269,1289,1293,1294,1322,1374,1424,1428,1474,1478,1502,1521,1561,1587,1669,1670,1756,1814,1941,1942,1944,1945,1973,2220,2405,2645,2861,2873,2988,3037,3284,3519,3721,4259,4553,
10;0;12024;12060;1;3,24,28,95,97,100,137,139,144,148,178,225,226,230,247,260,270,288,289,329,345,379,395,396,397,584,591,640,647,694,854,855,863,890,921,924,949,1060,1095,1117,1118,1145,1146,1147,1172,1269,1289,1293,1294,1322,1424,1428,1474,1478,1502,1521,1561,1587,1669,1670,1814,1944,1945,1973,2220,2645,2861,2873,3037,3284,3721,4259,4553,6136,7952,7953,7954,7955,7956,7957,
10;1;12060;12157;1;3,24,28,95,97,100,137,139,144,148,178,225,226,230,247,260,270,288,289,329,345,379,390,395,396,397,398,591,640,647,694,854,855,863,921,949,1048,1051,1054,1095,1117,1118,1145,1146,1147,1172,1269,1289,1293,1294,1322,1358,1424,1428,1474,1478,1502,1521,1561,1587,1604,1669,1670,1814,1944,1945,1970,1971,1973,2220,2645,2861,2873,3037,3284,3721,4259,4553,7953,7954,
765;0;12157;12301;1;100,144,145,198,225,231,277,289,290,390,395,429,438,580,644,647,824,855,931,1015,1051,1054,1058,1476,1478,1669,1779,2092,2337,2645,2774,2775,2777,2778,2790,2969,3078,3099,3263,3395,3651,3726,3727,3728,3729,3730,3731,3732,3970,4437,4570,4600,4604,4605,4606,4740,5053,5290,5340,5516,5596,5901,6469,6475,7055,7363,7403,7404,7405,7406,7549,7550,8148,8569,9119,9120,9121,9122,9123,9124,
925;0;12301;12457;1;100,144,145,198,225,231,277,289,290,390,395,429,438,580,644,647,824,855,931,1015,1051,1054,1058,1476,1478,1669,1779,2092,2337,2645,2774,2775,2777,2778,2790,2969,3078,3099,3263,3395,3651,3726,3727,3728,3729,3730,3731,3732,3970,4437,4570,4600,4604,4605,4606,4740,5053,5290,5340,5516,5596,5901,6469,6475,7055,7363,7403,7404,7405,7406,7549,7550,8148,8569,9119,9120,9121,9122,9123,9124,
667;0;12457;12614;1;100,144,145,198,225,231,277,289,290,390,395,429,438,580,644,647,824,855,931,1015,1051,1054,1058,1476,1478,1669,1779,2092,2337,2645,2774,2775,2777,2778,2790,2969,3078,3099,3263,3395,3651,3726,3727,3728,3729,3730,3731,3732,3970,4437,4570,4600,4604,4605,4606,4740,5053,5290,5340,5516,5596,5901,6469,6475,7055,7363,7403,7404,7405,7406,7549,7550,8148,8569,9119,9120,9121,9122,9123,9124,
629;0;12614;12771;1;100,144,145,198,225,231,277,289,290,390,395,429,438,580,644,647,824,855,931,1015,1051,1054,1058,1476,1478,1669,1779,2092,2337,2645,2774,2775,2777,2778,2790,2969,3078,3099,3263,3395,3651,3726,3727,3728,3729,3730,3731,3732,3970,4437,4570,4600,4604,4605,4606,4740,5053,5290,5340,5516,5596,5901,6469,6475,7055,7363,7403,7404,7405,7406,7549,7550,8148,8569,9119,9120,9121,9122,9123,9124,
833;0;12771;12931;1;100,144,145,198,225,231,277,289,290,390,395,429,438,580,644,647,824,855,931,1015,1051,1054,1058,1476,1478,1669,1779,2092,2337,2645,2774,2775,2777,2778,2790,2969,3078,3099,3263,3395,3651,3726,3727,3728,3729,3730,3731,3732,3970,4437,4570,4600,4604,4605,4606,4740,5053,5290,5340,5516,5596,5901,6469,6475,7055,7363,7403,7404,7405,7406,7549,7550,8148,8569,9119,9120,9121,9122,9123,9124,
Machine: 3
694;0;0;4;1;4,7,8,137,138,139,148,235,288,321,377,379,390,393,395,398,435,644,645,647,891,892,896,911,1050,1051,1052,1075,1117,1118,1119,1362,1472,1484,1604,1623,1661,1667,1668,1669,1801,1806,1814,1973,2103,2427,2428,2429,2430,2431,2432,2433,2434,2435,2436,2437,2438,2439,2440,2441,2442,3037,3286,3435,4495,5739,6136,6145,6384,7360,8282,8356,8551,8559,8640,9053,9059,9112,9113,9114,
808;0;4;12;1;4,7,8,137,138,139,148,235,288,321,377,379,390,393,395,398,435,644,645,647,891,892,896,911,1050,1051,1052,1075,1117,1118,1119,1362,1472,1484,1604,1623,1661,1667,1668,1669,1801,1806,1814,1973,2103,2427,2428,2429,2430,2431,2432,2433,2434,2435,2436,2437,2438,2439,2440,2441,2442,3037,3286,3435,4495,5739,6136,6145,6384,7360,8282,8356,8551,8559,8640,9053,9059,9112,9113,9114,
797;0;12;26;1;4,7,8,137,138,139,148,235,288,321,377,379,390,393,395,398,435,644,645,647,891,892,896,911,1050,1051,1052,1075,1117,1118,1119,1362,1472,1484,1604,1623,1661,1667,1668,1669,1801,1806,1814,1973,2103,2427,2428,2429,2430,2431,2432,2433,2434,2435,2436,2437,2438,2439,2440,2441,2442,3037,3286,3435,4495,5739,6136,6145,6384,7360,8282,8356,8551,8559,8640,9053,9059,9112,9113,9114,
682;0;26;41;1;4,7,8,137,138,139,148,235,288,321,377,379,390,393,395,398,435,644,645,647,891,892,896,911,1050,1051,1052,1075,1117,1118,1119,1362,1472,1484,1604,1623,1661,1667,1668,1669,1801,1806,1814,1973,2103,2427,2428,2429,2430,2431,2432,2433,2434,2435,2436,2437,2438,2439,2440,2441,2442,3037,3286,3435,4495,5739,6136,6145,6384,7360,8282,8356,8551,8559,8640,9053,9059,9112,9113,9114,
125;0;41;182;0;4,7,8,137,138,139,148,235,288,321,377,379,390,393,395,398,435,644,645,647,891,892,896,911,1050,1051,1052,1075,1117,1118,1119,1362,1472,1484,1604,1623,1661,1667,1668,1669,1801,1806,1814,1973,2103,2427,2428,2429,2430,2431,2432,2433,2434,2435,2436,2437,2438,2439,2440,2441,2442,3037,3286,3435,4495,5739,6136,6145,6384,7360,8282,8356,8551,8559,8640,9053,9059,9112,9113,9114,
125;1;182;338;0;4,7,8,95,137,138,139,143,148,149,234,235,288,297,321,351,377,379,390,393,395,398,435,644,645,647,854,891,892,896,898,911,949,1024,1050,1051,1052,1075,1117,1118,1119,1121,1210,1362,1472,1474,1484,1604,1623,1661,1667,1668,1669,1680,1751,1801,1806,1814,1973,2103,2432,2436,2492,2536,2783,3037,3263,3286,3435,3744,4495,4501,5206,5739,6145,6384,6614,7261,8551,8559,
234;0;338;498;0;4,7,8,95,137,138,139,143,148,149,234,245,274,288,297,321,343,351,377,379,390,395,398,644,645,647,854,891,892,898,911,949,1024,1050,1051,1052,1117,1118,1119,1121,1210,1362,1472,1474,1484,1604,1661,1668,1669,1680,1751,1801,1806,1814,1973,2103,2432,2436,2492,2774,2775,2778,2783,3037,3263,3286,3435,3744,4604,4639,4641,4739,4740,4741,4742,4743,5206,6145,8551,8559,
234;1;498;612;0;8,95,137,139,143,144,148,149,177,181,234,245,274,288,302,305,308,313,314,321,343,351,377,379,390,395,398,403,442,595,644,645,647,854,891,892,898,911,949,1050,1051,1052,1117,1118,1121,1210,1362,1430,1472,1474,1484,1604,1661,1668,1669,1676,1751,1814,1922,1932,1933,1973,2103,2432,2436,2774,2775,2778,3037,3121,3130,3263,3286,3435,4604,4740,5206,6145,8551,8559,
146;0;612;710;0;8,95,137,139,143,144,148,149,177,181,225,234,245,274,288,302,305,308,314,321,343,351,377,379,390,395,396,398,404,442,595,640,644,645,647,854,855,891,892,898,911,949,1050,1051,1052,1117,1118,1121,1210,1362,1398,1430,1472,1474,1484,1521,1604,1669,1676,1751,1763,1814,1922,1933,1973,2432,2436,2774,2775,2778,3037,3130,3263,3286,3435,4604,4740,5206,6145,8551,
146;1;710;853;0;8,24,26,61,95,97,143,144,145,149,178,179,225,226,230,231,266,277,301,307,311,312,377,390,398,429,528,634,645,647,827,1039,1040,1093,1133,1267,1268,1269,1270,1273,1279,1287,1288,1293,1294,1295,1322,1407,1476,1778,1783,1784,1973,2053,2054,2055,2056,2241,2264,2485,2503,3037,3130,3590,3700,4620,4888,5105,5122,5123,5379,9222,9223,9224,9225,9226,9227,9228,9229,9230,
79;0;853;956;0;8,24,26,61,95,97,143,144,145,149,178,179,225,226,230,231,266,277,301,307,311,312,377,390,398,429,528,634,645,647,827,1039,1040,1093,1133,1267,1268,1269,1270,1273,1279,1287,1288,1293,1294,1295,1322,1407,1476,1778,1783,1784,1973,2053,2054,2055,2056,2241,2264,2485,2503,3037,3130,3590,3700,4620,4888,5105,5122,5123,5379,9222,9223,9224,9225,9226,9227,9228,9229,9230,
79;1;956;1092;0;8,24,26,61,95,97,143,144,145,149,178,179,225,226,230,231,266,277,301,307,311,312,377,390,398,429,528,634,645,647,827,1039,1040,1093,1133,1267,1268,1269,1270,1273,1279,1287,1288,1293,1294,1295,1322,1407,1476,1778,1783,1784,1973,2053,2054,2055,2056,2241,2264,2485,2503,3037,3130,3590,3700,4620,4888,5105,5122,5123,5379,9222,9223,9224,9225,9226,9227,9228,9229,9230,
165;0;1092;1218;0;8,24,26,61,95,97,143,144,145,149,178,179,225,226,230,231,266,277,301,307,311,312,377,390,398,429,528,634,645,647,827,1039,1040,1093,1133,1267,1268,1269,1270,1273,1279,1287,1288,1293,1294,1295,1322,1407,1476,1778,1783,1784,1973,2053,2054,2055,2056,2241,2264,2485,2503,3037,3130,3590,3700,4620,4888,5105,5122,5123,5379,9222,9223,9224,9225,9226,9227,9228,9229,9230,
165;1;1218;1327;0;8,24,26,61,95,97,143,144,145,149,178,179,225,226,230,231,266,277,301,307,311,312,377,390,398,429,528,634,645,647,827,1039,1040,1093,1133,1267,1268,1269,1270,1273,1279,1287,1288,1293,1294,1295,1322,1407,1476,1778,1783,1784,1973,2053,2054,2055,2056,2241,2264,2485,2503,3037,3130,3590,3700,4620,4888,5105,5122,5123,5379,9222,9223,9224,9225,9226,9227,9228,9229,9230,
233;0;1327;1471;0;8,24,26,61,95,97,143,144,145,149,178,179,225,226,230,231,266,277,301,307,311,312,377,390,398,429,528,634,645,647,827,1039,1040,1093,1133,1267,1268,1269,1270,1273,1279,1287,1288,1293,1294,1295,1322,1407,1476,1778,1783,1784,1973,2053,2054,2055,2056,2241,2264,2485,2503,3037,3130,3590,3700,4620,4888,5105,5122,5123,5379,9222,9223,9224,9225,9226,9227,9228,9229,9230,
233;1;1471;1554;0;8,9,24,26,61,95,97,143,144,145,146,149,178,179,225,226,231,259,277,307,312,377,382,390,398,429,528,645,647,775,838,893,895,1054,1093,1095,1124,1171,1267,1269,1270,1273,1279,1287,1288,1293,1294,1295,1322,1361,1397,1476,1488,1683,1783,1799,1809,1973,2053,2224,2455,2485,2821,2988,3037,3130,3267,3743,4533,4637,4748,4890,6513,6809,6813,6814,6815,6821,6822,6823,
232;0;1554;1712;0;8,9,24,26,61,95,97,143,144,145,146,149,178,179,225,226,231,241,259,277,307,312,377,382,390,398,402,429,528,640,644,645,647,775,838,893,895,1054,1057,1093,1095,1124,1146,1171,1267,1269,1270,1273,1279,1287,1288,1293,1294,1295,1322,1361,1397,1476,1488,1683,1783,1799,1809,1973,2053,2107,2224,2455,2485,2815,2821,2988,3037,3130,3267,3435,3743,4533,4637,4748,
232;1;1712;1776;0;8,9,24,26,61,95,97,143,144,145,146,149,178,179,225,226,231,234,241,259,277,288,307,312,329,377,382,390,398,399,402,429,528,640,644,645,647,775,838,893,895,1054,1057,1093,1095,1124,1146,1171,1267,1269,1270,1273,1279,1287,1288,1293,1294,1295,1322,1361,1397,1472,1476,1488,1683,1783,1799,1809,1973,2053,2117,2224,2455,2485,2815,3037,4533,4585,6411,6412,
46;0;1776;1853;0;8,9,24,26,61,95,97,143,144,145,146,149,178,179,225,226,231,234,241,277,288,307,312,329,377,382,390,398,402,429,528,640,644,645,647,787,790,838,995,1054,1093,1146,1171,1267,1269,1270,1273,1279,1287,1288,1293,1294,1295,1322,1361,1476,1488,1589,1783,1809,1973,1980,2036,2053,2224,2455,2485,2567,2815,3037,4003,4103,4114,4167,4168,4169,4170,4171,4172,4533,
46;1;1853;1990;0;8,9,24,26,61,95,97,144,145,149,178,179,225,226,231,241,277,288,291,292,307,312,329,377,382,390,398,402,429,528,640,644,645,647,765,838,995,1054,1093,1146,1201,1267,1269,1270,1273,1279,1287,1288,1293,1295,1322,1361,1476,1488,1783,1809,1915,1973,2053,2091,2455,2485,2640,2679,2774,2775,2777,2778,2815,3019,3037,3263,3447,4606,4608,4773,5499,5500,5502,6774,
80;0;1990;2116;0;8,9,24,26,61,95,97,144,145,149,178,179,225,226,231,241,277,288,291,292,307,312,329,377,382,390,398,402,429,448,528,640,644,645,647,765,838,995,1054,1093,1146,1201,1267,1269,1270,1273,1279,1287,1288,1293,1295,1322,1361,1476,1488,1783,1809,1915,1973,2053,2091,2455,2485,2640,2679,2774,2775,2777,2778,2815,3019,3037,3263,3447,4606,4608,4773,5499,5500,5502,
80;1;2116;2197;0;24,26,55,61,95,144,145,177,178,179,180,181,183,189,225,288,291,292,304,329,377,382,555,640,644,647,736,1054,1273,1278,1279,1322,1433,1915,1937,1973,2091,2150,2153,2178,2230,2273,2306,2640,2774,2777,2778,2836,3037,3263,3395,3403,3409,3469,3470,3471,3472,3473,3474,3475,3476,3477,3478,3479,3480,3481,3482,3546,3611,3657,3658,3722,3784,4450,4606,5111,5499,7009,7884,7885,
140;0;2197;2326;0;24,26,55,61,95,144,145,177,178,179,180,181,183,189,225,288,291,292,304,329,377,382,555,640,644,647,736,1054,1273,1278,1279,1322,1433,1915,1937,1973,2091,2150,2153,2178,2230,2273,2306,2640,2774,2777,2778,2836,3037,3263,3395,3403,3409,3469,3470,3471,3472,3473,3474,3475,3476,3477,3478,3479,3480,3481,3482,3546,3611,3657,3658,3722,3784,4450,4606,5111,5499,7009,7884,7885,
140;1;2326;2395;0;24,26,55,61,95,144,145,177,178,179,180,181,183,189,225,288,291,292,304,329,377,382,555,640,644,647,736,1054,1273,1278,1279,1322,1433,1915,1937,1973,2091,2150,2153,2178,2230,2273,2306,2640,2774,2777,2778,2836,3037,3263,3395,3403,3409,3469,3470,3471,3472,3473,3474,3475,3476,3477,3478,3479,3480,3481,3482,3546,3611,3657,3658,3722,3784,4450,4606,5111,5499,7009,7884,7885,
135;0;2395;2567;0;24,26,55,61,95,144,145,177,178,179,180,181,183,189,225,288,291,292,304,329,377,382,555,640,644,647,736,1054,1273,1278,1279,1322,1433,1915,1937,1973,2091,2150,2153,2178,2230,2273,2306,2640,2774,2777,2778,2836,3037,3263,3395,3403,3409,3469,3470,3471,3472,3473,3474,3475,3476,3477,3478,3479,3480,3481,3482,3546,3611,3657,3658,3722,3784,4450,4606,5111,5499,7009,7884,7885,
135;1;2880;2902;0;24,26,55,61,95,144,145,177,178,179,180,181,183,189,225,275,288,291,292,296,304,329,377,382,400,555,640,644,647,736,1054,1068,1117,1118,1121,1177,1273,1278,1279,1307,1322,1433,1733,1821,1915,1973,2091,2134,2150,2153,2230,2273,2640,2645,2723,2774,2777,2778,2788,3037,3263,3403,3470,3472,3473,3474,4526,4604,4605,4606,4610,4612,4759,4996,5305,5499,5890,7900,7901,7902,
101;0;2902;3061;0;24,26,55,61,95,144,145,177,178,179,180,181,183,189,225,275,288,291,292,296,304,329,377,382,400,555,640,644,647,736,1054,1068,1117,1118,1121,1177,1273,1278,1279,1307,1322,1433,1733,1821,1915,1973,2091,2134,2150,2153,2230,2273,2640,2645,2723,2774,2777,2778,2788,3037,3263,3403,3470,3472,3473,3474,4526,4604,4605,4606,4610,4612,4759,5499,5890,6357,6360,6585,7478,7526,
101;1;3061;3095;0;24,26,55,61,95,144,145,177,178,179,180,181,183,189,225,233,275,288,291,292,296,329,377,382,396,400,434,640,644,647,1054,1117,1118,1121,1134,1177,1273,1278,1279,1322,1821,1915,1971,1973,2091,2134,2150,2153,2230,2273,2640,2645,2658,2723,2729,2774,2777,2778,3037,3263,3403,3470,3472,3473,3474,4567,4605,4606,4612,4627,5411,5499,5605,5748,5841,5853,5854,5858,5890,6360,
22;0;3095;3129;0;24,26,55,61,95,144,145,177,178,179,180,181,183,189,225,233,275,288,291,292,296,329,377,382,396,397,400,434,640,644,647,1054,1117,1118,1121,1134,1177,1273,1278,1279,1322,1821,1915,1971,1973,2091,2134,2150,2153,2230,2273,2640,2645,2658,2723,2729,2774,2777,2778,3037,3263,3403,3470,3472,3473,3474,4567,4605,4606,4612,4627,5411,5499,5605,5748,5841,5853,5854,5890,6360,
22;1;3129;3283;0;18,26,34,44,46,55,57,59,61,95,128,144,145,177,178,179,198,225,288,291,292,329,371,377,382,400,413,415,427,496,640,644,647,757,1013,1054,1117,1118,1134,1177,1273,1565,1652,1915,1973,2034,2035,2071,2074,2091,2395,2396,2611,2640,2645,2723,2774,2777,2778,2979,3006,3037,3263,3867,3902,4074,4605,4606,5405,5474,5499,5708,5927,5928,5929,5930,5931,5932,5933,5934,
51;0;3283;3351;0;18,26,34,44,46,55,57,59,61,95,100,128,144,145,177,178,179,198,225,288,289,291,292,329,371,377,382,400,430,640,644,647,715,768,1013,1054,1117,1118,1134,1177,1273,1565,1768,1915,1973,2034,2035,2074,2091,2611,2636,2640,2645,2654,2680,2699,2714,2723,2733,2750,2756,2774,2777,2778,3037,3263,4605,4606,5195,5499,5932,7296,7299,7308,8432,8801,8825,8826,8827,8828,
51;1;3351;3466;0;18,26,34,44,46,55,57,59,61,95,100,128,144,145,177,178,179,198,225,288,289,291,292,321,329,371,377,382,400,430,640,644,647,715,768,1013,1054,1117,1118,1134,1177,1273,1360,1565,1768,1915,1973,2034,2035,2074,2091,2249,2508,2611,2636,2640,2645,2654,2680,2699,2714,2723,2733,2750,2756,2774,2777,2778,3037,3263,3293,4605,4606,5195,5499,5932,7296,7299,7308,8432,
676;0;3466;3646;0;61,95,144,148,157,225,260,273,288,290,377,379,382,400,457,612,647,658,815,875,911,921,933,1054,1117,1118,1177,1210,1236,1390,1417,1469,1481,1501,1670,1675,1734,1736,1744,1749,1751,1755,1756,1811,1814,1851,1973,2051,2092,2222,2415,2416,2432,2645,2674,2695,2723,3037,3284,3286,3920,4323,4511,5174,5206,5882,6347,6348,6349,6350,6351,6352,6353,6399,6400,7449,7790,8258,8259,9030,
634;0;3646;3825;0;61,95,144,148,157,225,260,273,288,290,377,379,382,400,457,612,647,658,815,875,911,921,933,1054,1117,1118,1177,1210,1236,1390,1417,1469,1481,1501,1670,1675,1734,1736,1744,1749,1751,1755,1756,1811,1814,1851,1973,2051,2092,2222,2415,2416,2432,2645,2674,2695,2723,3037,3284,3286,3920,4323,4511,5174,5206,5882,6347,6348,6349,6350,6351,6352,6353,6399,6400,7449,7790,8258,8259,9030,
243;0;3825;3878;0;61,95,144,148,157,225,260,273,288,290,377,379,382,400,457,612,647,658,815,875,911,921,933,1054,1117,1118,1177,1210,1236,1390,1417,1469,1481,1501,1670,1675,1734,1736,1744,1749,1751,1755,1756,1811,1814,1851,1973,2051,2092,2222,2415,2416,2432,2645,2674,2695,2723,3037,3284,3286,3920,4323,4511,5174,5206,5882,6347,6348,6349,6350,6351,6352,6353,6399,6400,7449,7790,8258,8259,9030,
243;1;3878;4002;0;61,95,144,148,157,225,260,273,288,290,377,379,382,400,457,612,647,658,815,875,911,921,933,1054,1117,1118,1177,1210,1236,1390,1417,1469,1481,1501,1670,1675,1734,1736,1744,1749,1751,1755,1756,1811,1814,1851,1973,2051,2092,2222,2415,2416,2432,2645,2674,2695,2723,3037,3284,3286,3920,4323,4511,5174,5206,5882,6347,6348,6349,6350,6351,6352,6353,6399,6400,7449,7790,8258,8259,9030,
705;0;4320;4489;0;61,95,144,148,157,225,260,262,268,273,286,288,290,302,305,308,310,377,379,380,382,400,457,595,612,647,658,815,875,892,894,911,921,933,1054,1117,1118,1131,1177,1210,1236,1390,1417,1430,1469,1481,1501,1670,1675,1734,1736,1744,1749,1751,1755,1756,1811,1814,1844,1851,1973,2051,2092,2222,2415,2416,2432,2645,2674,2695,2723,3037,3284,3286,3920,4323,4511,5174,5206,6400,
172;0;4489;4595;0;61,95,144,148,157,225,260,262,268,273,286,288,290,302,305,308,310,377,379,380,382,400,457,595,612,647,658,815,875,892,894,911,921,933,1054,1117,1118,1131,1177,1210,1236,1390,1417,1430,1469,1481,1501,1670,1675,1734,1736,1744,1749,1751,1755,1756,1811,1814,1844,1851,1973,2645,2695,2723,3284,3310,4511,5076,5078,5206,5951,5952,5976,5987,5992,6355,6400,6729,7077,7641,
172;1;4595;4655;0;61,95,144,148,157,210,225,260,262,268,273,286,288,290,302,305,308,310,377,379,380,382,400,457,595,612,647,658,815,875,892,894,911,921,933,1054,1117,1118,1131,1177,1210,1236,1273,1390,1417,1430,1481,1670,1675,1749,1811,1814,1844,1973,2645,2695,2723,2934,2941,2968,3284,3310,3578,3615,3809,3814,4261,4262,4263,4264,4265,4266,4511,5206,5951,5952,5976,5987,5992,6400,
972;0;4655;4819;0;8,61,95,137,144,148,157,210,225,260,262,268,273,286,288,290,302,305,308,310,377,379,380,382,390,391,398,400,404,457,595,612,640,645,647,648,658,815,875,892,894,911,921,933,1054,1117,1118,1131,1146,1273,1468,1473,1481,1670,1675,1749,1811,1814,1844,1933,1973,2102,2108,2458,2645,2695,2723,2941,3284,3310,3615,4262,4511,5206,5951,5952,5976,5987,5992,6400,
843;0;4819;4981;0;8,61,95,137,144,148,157,210,225,260,262,268,273,286,288,290,302,305,308,310,377,379,380,382,390,391,398,400,404,457,595,612,640,645,647,648,658,815,875,892,894,911,921,933,1054,1117,1118,1131,1146,1273,1468,1473,1481,1670,1675,1749,1811,1814,1844,1933,1973,2458,2645,2695,2723,2941,3284,3310,3615,4262,4511,5206,5951,5952,5976,5987,5992,6400,6720,8797,
305;0;4981;5059;0;76,95,117,137,144,159,225,262,291,292,329,377,390,398,404,530,645,690,756,765,848,875,891,1050,1051,1054,1148,1273,1481,1488,1540,1556,1582,1604,1670,1674,1675,1811,1915,1922,2106,2133,2279,2280,2281,2282,2283,2284,2285,2286,2287,2288,2509,2510,2544,2642,2645,2677,2679,2689,2696,2774,2775,2778,2941,3015,3263,3447,4227,4287,4373,4428,4854,4855,5217,5218,5370,5499,5500,7897,
305;1;5059;5140;0;76,95,117,137,144,159,225,262,291,292,329,377,390,398,404,530,645,690,756,765,848,875,891,1050,1051,1054,1148,1273,1481,1488,1540,1556,1582,1604,1670,1674,1675,1811,1915,1922,2106,2133,2279,2280,2281,2282,2283,2284,2285,2286,2287,2288,2509,2510,2544,2642,2645,2677,2679,2689,2696,2774,2775,2778,2941,3015,3263,3447,4227,4287,4373,4428,4854,4855,5217,5218,5370,5499,5500,7897,
246;0;5140;5245;0;76,95,117,137,144,159,225,262,291,292,329,377,390,398,404,530,645,690,756,765,848,875,891,1050,1051,1054,1148,1273,1481,1488,1540,1556,1582,1604,1670,1674,1675,1811,1915,1922,2106,2133,2279,2280,2281,2282,2283,2284,2285,2286,2287,2288,2509,2510,2544,2642,2645,2677,2679,2689,2696,2774,2775,2778,2941,3015,3263,3447,4227,4287,4373,4428,4854,4855,5217,5218,5370,5499,5500,7897,
246;1;5245;5297;0;76,95,117,137,144,159,225,262,291,292,329,377,390,398,404,530,645,690,756,765,848,875,891,1050,1051,1054,1148,1273,1481,1488,1540,1556,1582,1604,1670,1674,1675,1811,1915,1922,2106,2133,2279,2280,2281,2282,2283,2284,2285,2286,2287,2288,2509,2510,2544,2642,2645,2677,2679,2689,2696,2774,2775,2778,2941,3015,3263,3447,4227,4287,4373,4428,4854,4855,5217,5218,5370,5499,5500,7897,
752;0;5297;5454;0;76,95,117,137,144,159,225,262,291,292,329,377,390,398,404,530,645,690,756,765,848,875,891,1050,1051,1054,1148,1273,1481,1488,1540,1556,1582,1604,1670,1674,1675,1811,1915,1922,2106,2133,2279,2280,2281,2282,2283,2284,2285,2286,2287,2288,2509,2510,2544,2642,2645,2677,2679,2689,2696,2774,2775,2778,2941,3015,3263,3447,4227,4287,4373,4428,4854,4855,5217,5218,5370,5499,5500,7897,
926;0;5454;5609;0;76,95,117,137,144,159,225,262,291,292,329,377,390,398,404,530,645,690,756,765,848,875,891,1050,1051,1054,1148,1273,1481,1488,1540,1556,1582,1604,1670,1674,1675,1811,1915,1922,2106,2133,2279,2280,2281,2282,2283,2284,2285,2286,2287,2288,2509,2510,2544,2642,2645,2677,2679,2689,2696,2774,2775,2778,2941,3015,3263,3447,4227,4287,4373,4428,4854,4855,5217,5218,5370,5499,5500,7897,
93;0;5609;5696;0;76,95,117,137,144,159,225,262,291,292,329,377,390,398,404,530,645,690,756,765,848,875,891,1050,1051,1054,1148,1273,1481,1488,1540,1556,1582,1604,1670,1674,1675,1811,1915,1922,2106,2133,2279,2280,2281,2282,2283,2284,2285,2286,2287,2288,2509,2510,2544,2642,2645,2677,2679,2689,2696,2774,2775,2778,2941,3015,3263,3447,4227,4287,4373,4428,4854,4855,5217,5218,5370,5499,5500,7897,
93;1;5760;5825;0;76,95,117,137,144,159,225,262,289,291,292,329,377,390,398,404,530,645,690,695,756,765,848,875,891,946,1050,1051,1054,1148,1273,1481,1488,1540,1556,1582,1604,1670,1674,1675,1811,1915,1922,2106,2133,2279,2280,2281,2282,2283,2284,2285,2286,2287,2645,2679,2691,2696,2774,2775,2778,2941,3015,3263,4093,4412,5370,6297,7465,7608,7609,7610,7611,7612,7613,7614,7615,7616,7617,7618,
725;0;5825;5976;0;76,95,117,137,144,149,159,225,262,289,291,292,329,377,390,398,404,530,645,690,695,756,765,848,875,891,946,1050,1051,1054,1148,1273,1478,1481,1488,1540,1556,1582,1604,1670,1674,1675,1811,1915,1922,2106,2133,2279,2280,2281,2282,2283,2284,2285,2286,2287,2645,2679,2691,2696,2774,2775,2778,2941,3015,3263,4093,4412,5370,6297,7465,7608,7609,7610,7611,7612,7613,7614,7615,8261,
977;0;5976;6126;0;76,95,117,137,144,149,159,225,231,262,289,291,292,329,351,377,390,398,404,429,530,645,690,695,756,765,848,875,891,946,1050,1051,1054,1148,1273,1478,1481,1488,1540,1556,1582,1604,1670,1674,1675,1811,1915,1922,2106,2133,2279,2280,2281,2282,2283,2284,2285,2286,2287,2645,2679,2691,2696,2774,2775,2777,2778,2802,2807,2812,2941,3015,3263,4600,4605,4606,5025,5370,9046,9047,
952;0;6126;6274;0;76,95,100,117,137,144,149,159,225,231,262,289,291,292,329,351,377,390,398,404,429,530,645,677,690,715,765,848,875,891,946,1051,1054,1148,1273,1478,1481,1540,1556,1568,1582,1604,1675,1811,1913,1915,1922,2091,2106,2461,2590,2626,2645,2679,2688,2696,2774,2775,2777,2778,2802,2941,2984,3015,3263,4385,4413,4605,4606,5025,5266,5370,5525,5868,5869,6022,7582,8002,8003,8004,
974;0;6274;6414;0;76,95,100,117,137,139,144,149,159,179,225,231,262,289,291,292,314,329,351,377,390,398,404,429,442,530,677,715,765,848,875,891,946,1051,1054,1145,1148,1273,1478,1481,1484,1540,1556,1582,1604,1675,1811,1915,1922,1941,2091,2106,2223,2436,2461,2465,2626,2645,2679,2696,2774,2775,2777,2778,2802,2892,2941,2984,3015,3263,3337,3338,3339,3340,4605,4606,5025,5370,5525,6022,
170;0;6414;6445;0;26,76,95,100,117,137,139,144,149,156,159,179,225,231,262,289,291,292,314,329,351,377,390,398,404,429,442,530,677,715,765,848,875,891,946,1051,1054,1145,1148,1273,1478,1481,1484,1540,1556,1582,1604,1675,1811,1915,1922,2091,2106,2177,2461,2626,2645,2679,2696,2774,2775,2777,2778,2802,2941,2984,3015,3263,3988,4462,4605,4606,5025,5370,5525,6015,6022,6706,7370,7371,
170;1;6445;6548;0;3,48,60,137,144,177,178,179,180,181,182,183,184,206,208,262,502,569,729,973,1013,1047,1062,1261,1288,1293,1361,1650,1809,1895,1949,1950,1951,1952,1954,1955,1956,1957,1958,1959,1960,1961,1962,1963,1964,1965,1966,1967,1968,1969,1989,2270,2337,2645,2676,2774,2775,2984,3621,3870,4192,4553,4727,4740,5278,5279,5280,5830,6101,6107,6109,6113,6166,6167,6168,6748,6766,6921,7026,7594,
781;0;6548;6679;0;3,48,60,137,144,177,178,179,180,181,182,183,184,206,208,262,502,569,729,973,1013,1047,1062,1261,1288,1293,1361,1650,1809,1895,1949,1950,1951,1952,1954,1955,1956,1957,1958,1959,1960,1961,1962,1963,1964,1965,1966,1967,1968,1969,1989,2270,2337,2645,2676,2774,2775,2984,3621,3870,4192,4553,4727,4740,5278,5279,5280,5830,6101,6107,6109,6113,6166,6167,6168,6748,6766,6921,7026,7594,
780;0;6679;6804;0;3,48,60,137,144,177,178,179,180,181,182,183,184,206,208,262,502,569,729,973,1013,1047,1062,1261,1288,1293,1361,1650,1809,1895,1949,1950,1951,1952,1954,1955,1956,1957,1958,1959,1960,1961,1962,1963,1964,1965,1966,1967,1968,1969,1989,2270,2337,2645,2676,2774,2775,2984,3621,3870,4192,4553,4727,4740,5278,5279,5280,5830,6101,6107,6109,6113,6166,6167,6168,6748,6766,6921,7026,7594,
306;0;6804;6923;0;3,48,60,137,144,177,178,179,180,181,182,183,184,206,208,262,502,569,729,973,1013,1047,1062,1261,1288,1293,1361,1650,1809,1895,1949,1950,1951,1952,1954,1955,1956,1957,1958,1959,1960,1961,1962,1963,1964,1965,1966,1967,1968,1969,1989,2270,2337,2645,2676,2774,2775,2984,3621,3870,4192,4553,4727,4740,5278,5279,5280,5830,6101,6107,6109,6113,6166,6167,6168,6748,6766,6921,7026,7594,
306;1;6923;6927;0;3,48,60,137,144,177,178,179,180,181,182,183,184,206,208,262,502,569,729,973,1013,1047,1062,1261,1288,1293,1361,1650,1809,1895,1949,1950,1951,1952,1954,1955,1956,1957,1958,1959,1960,1961,1962,1963,1964,1965,1966,1967,1968,1969,1989,2270,2337,2645,2676,2774,2775,2984,3621,3870,4192,4553,4727,4740,5278,5279,5280,5830,6101,6107,6109,6113,6166,6167,6168,6748,6766,6921,7026,7594,
986;0;6927;7037;0;3,48,60,137,144,177,178,179,180,181,182,183,184,206,208,262,502,569,729,973,1013,1047,1062,1261,1288,1293,1361,1650,1809,1895,1949,1950,1951,1952,1954,1955,1956,1957,1958,1959,1960,1961,1962,1963,1964,1965,1966,1967,1968,1969,1989,2270,2337,2645,2676,2774,2775,2984,3621,3870,4192,4553,4727,4740,5278,5279,5280,5830,6101,6107,6109,6113,6166,6167,6168,6748,6766,6921,7026,7594,
800;0;7037;7142;0;3,48,60,137,144,177,178,179,180,181,182,183,184,206,208,262,502,569,729,973,1013,1047,1062,1261,1288,1293,1361,1650,1809,1895,1949,1950,1951,1952,1954,1955,1956,1957,1958,1959,1960,1961,1962,1963,1964,1965,1966,1967,1968,1969,1989,2270,2337,2645,2676,2774,2775,2984,3621,3870,4192,4553,4727,4740,5278,5279,5280,5830,6101,6107,6109,6113,6166,6167,6168,6748,6766,6921,7026,7594,
278;0;7200;7221;0;3,48,60,100,117,137,144,177,178,179,180,181,182,183,184,206,208,262,291,351,502,569,729,848,973,1013,1047,1062,1261,1288,1293,1361,1530,1650,1809,1895,1915,1949,1950,1951,1952,1954,1955,1956,1957,1958,1959,1960,1961,1962,1963,1964,1965,1966,1967,1968,1969,1989,2337,2394,2643,2645,2678,2679,2774,2775,3016,3915,4553,4775,5053,5890,6098,6401,7316,7463,8368,8369,8370,8371,
278;1;7221;7304;0;3,48,60,95,100,117,137,144,177,178,179,180,181,182,183,184,206,208,262,277,291,351,502,569,677,729,764,766,843,848,973,1013,1047,1062,1261,1288,1293,1361,1530,1650,1809,1895,1915,1922,1949,1950,1951,1952,1954,1955,1956,1957,1958,1959,1960,1961,1962,1963,1964,1965,1966,1967,1968,2337,2354,2498,2626,2645,2661,2678,2679,2774,2775,3608,4553,4775,5053,5230,6401,7463,
706;0;7304;7400;0;3,24,48,60,95,100,117,137,144,177,178,179,180,181,182,183,184,206,208,247,262,277,291,351,502,569,677,729,734,753,764,766,843,848,973,1013,1047,1062,1261,1273,1288,1293,1297,1332,1361,1530,1650,1651,1809,1895,1915,1922,1949,1950,1951,1952,1954,1955,1956,1957,1958,2148,2149,2150,2151,2152,2153,2337,2626,2645,2661,2678,2679,2774,2775,4553,4775,5053,6401,7463,
274;0;7400;7439;0;3,24,48,60,95,97,100,117,137,139,144,177,178,179,180,181,182,183,184,206,208,247,262,277,291,351,390,404,429,502,569,677,729,734,753,764,766,843,848,948,973,1013,1047,1062,1261,1273,1288,1293,1297,1332,1361,1424,1530,1650,1651,1809,1895,1915,1922,1949,1950,1951,2153,2337,2626,2645,2661,2678,2679,2774,2775,4536,4553,4575,4683,4775,5053,6401,7031,7463,
274;1;7439;7492;0;3,24,48,60,95,97,100,117,137,139,144,177,178,179,180,181,182,183,184,206,208,247,262,277,291,314,351,390,404,429,502,569,677,729,734,753,764,766,843,848,948,973,1013,1047,1062,1261,1273,1288,1293,1297,1332,1361,1424,1442,1481,1530,1567,1650,1809,1915,1922,2153,2337,2626,2645,2661,2678,2679,2774,2775,4536,4553,4575,4683,4775,5053,6401,6418,6419,7463,
962;0;7492;7581;0;3,24,48,60,95,97,100,117,137,139,144,177,178,179,180,181,182,183,184,206,208,247,262,277,291,314,351,390,404,429,502,569,677,729,734,753,766,848,948,1062,1261,1273,1288,1293,1361,1424,1442,1481,1567,1809,1915,1922,2153,2337,2626,2645,2661,2678,2679,2774,2775,4536,4553,4575,4683,4775,5053,6145,6401,6418,6419,7463,8271,8585,8586,8587,8588,8589,8590,8591,
228;0;7581;7623;0;3,24,60,95,100,117,137,139,144,180,206,208,247,262,274,277,314,343,351,352,390,395,404,429,502,569,666,677,729,766,769,772,848,946,948,951,1062,1261,1273,1288,1293,1361,1424,1442,1447,1481,1567,1809,1915,1922,2153,2319,2337,2626,2645,2661,2678,2679,2774,2775,2911,3131,3152,3160,3164,3291,3292,3293,3294,4536,4553,4575,4683,4775,5053,6401,6418,6419,7463,8271,
228;1;7623;7667;0;3,24,60,61,68,95,100,117,137,139,144,169,180,196,198,206,208,247,262,274,277,314,351,390,395,404,429,502,569,609,677,729,766,769,848,875,948,1261,1273,1281,1288,1293,1361,1423,1424,1442,1481,1560,1567,1580,1809,1915,1922,2091,2153,2337,2626,2645,2661,2678,2679,2774,2775,3070,3291,4364,4383,4536,4553,4575,4683,4775,5053,5435,6401,6418,6419,7463,8158,8271,
865;0;7667;7750;0;3,24,54,60,95,100,117,137,139,144,180,198,206,247,262,274,277,314,351,390,395,404,429,502,518,569,609,677,729,766,769,803,875,948,995,1188,1261,1273,1288,1293,1361,1423,1424,1442,1481,1558,1560,1567,1580,1809,1915,1922,1936,2091,2153,2337,2486,2519,2626,2645,2661,2679,2774,2775,2916,3708,3966,4536,4553,4575,4683,4706,4775,4909,5430,5431,6418,6419,7463,8271,
735;0;7750;7830;0;3,24,54,60,95,100,117,137,139,144,145,149,180,198,206,241,247,262,274,277,314,351,390,391,395,396,404,429,502,518,569,609,677,729,766,769,875,948,995,1093,1118,1214,1261,1273,1288,1293,1361,1423,1424,1442,1468,1481,1560,1567,1809,1915,1922,2091,2109,2153,2451,2626,2645,2661,2709,2774,2775,2926,3708,4536,4553,4575,4683,4775,5243,6125,6418,6419,7463,8271,
722;0;7830;7907;0;3,24,54,60,95,100,117,137,139,144,145,149,180,198,241,256,262,274,277,314,351,390,391,395,396,404,429,518,569,609,677,729,766,769,875,948,1118,1282,1288,1292,1293,1423,1442,1481,1560,1567,1809,1867,2021,2089,2091,2109,2221,2407,2410,2477,2625,2626,2645,2661,2774,2775,3416,3706,3929,4435,4553,4775,5106,5703,6418,6419,6757,7367,7463,7879,8271,8606,9257,9258,
732;0;7907;7980;0;3,91,98,135,139,144,145,149,225,251,262,276,277,314,321,333,337,340,364,429,518,540,583,765,769,858,948,1078,1134,1233,1442,1478,1497,1551,1552,1553,1555,1556,1557,1567,1633,1676,1749,1816,1844,1883,1884,1885,1886,2412,2564,2806,3129,4033,4165,4247,4327,4471,4553,4643,6418,6419,7892,8551,8644,8838,9020,9021,9022,9023,9024,9032,9090,9130,9131,9132,9133,9134,9135,9136,
911;0;7980;8048;0;3,91,98,135,139,144,145,149,225,251,262,276,277,314,321,333,337,340,364,429,518,540,583,765,769,858,948,1078,1134,1233,1442,1478,1497,1551,1552,1553,1555,1556,1557,1567,1633,1676,1749,1816,1844,1883,1884,1885,1886,2412,2564,2806,3129,4033,4165,4247,4327,4471,4553,4643,6418,6419,7892,8551,8644,8838,9020,9021,9022,9023,9024,9032,9090,9130,9131,9132,9133,9134,9135,9136,
755;0;8048;8116;0;3,91,98,135,139,144,145,149,225,251,262,276,277,314,321,333,337,340,364,429,518,540,583,765,769,858,948,1078,1134,1233,1442,1478,1497,1551,1552,1553,1555,1556,1557,1567,1633,1676,1749,1816,1844,1883,1884,1885,1886,2412,2564,2806,3129,4033,4165,4247,4327,4471,4553,4643,6418,6419,7892,8551,8644,8838,9020,9021,9022,9023,9024,9032,9090,9130,9131,9132,9133,9134,9135,9136,
931;0;8116;8169;0;3,91,98,135,139,144,145,149,225,251,262,276,277,314,321,333,337,340,364,429,518,540,583,765,769,858,948,1078,1134,1233,1442,1478,1497,1551,1552,1553,1555,1556,1557,1567,1633,1676,1749,1816,1844,1883,1884,1885,1886,2412,2564,2806,3129,4033,4165,4247,4327,4471,4553,4643,6418,6419,7892,8551,8644,8838,9020,9021,9022,9023,9024,9032,9090,9130,9131,9132,9133,9134,9135,9136,
739;0;8169;8221;0;3,91,98,135,139,144,145,149,225,251,262,276,277,314,321,333,337,340,364,429,518,540,583,765,769,858,948,1078,1134,1233,1442,1478,1497,1551,1552,1553,1555,1556,1557,1567,1633,1676,1749,1816,1844,1883,1884,1885,1886,2412,2564,2806,3129,4033,4165,4247,4327,4471,4553,4643,6418,6419,7892,8551,8644,8838,9020,9021,9022,9023,9024,9032,9090,9130,9131,9132,9133,9134,9135,9136,
869;0;8221;8271;0;3,91,98,135,139,144,145,149,225,251,262,276,277,314,321,333,337,340,364,429,518,540,583,765,769,858,948,1078,1134,1233,1442,1478,1497,1551,1552,1553,1555,1556,1557,1567,1633,1676,1749,1816,1844,1883,1884,1885,1886,2412,2564,2806,3129,4033,4165,4247,4327,4471,4553,4643,6418,6419,7892,8551,8644,8838,9020,9021,9022,9023,9024,9032,9090,9130,9131,9132,9133,9134,9135,9136,
794;0;8271;8319;0;3,91,98,135,139,144,145,149,225,251,262,276,277,314,321,333,337,340,364,429,518,540,583,765,769,858,948,1078,1134,1233,1442,1478,1497,1551,1552,1553,1555,1556,1557,1567,1633,1676,1749,1816,1844,1883,1884,1885,1886,2412,2564,2806,3129,4033,4165,4247,4327,4471,4553,4643,6418,6419,7892,8551,8644,8838,9020,9021,9022,9023,9024,9032,9090,9130,9131,9132,9133,9134,9135,9136,
877;0;8319;8363;0;3,91,98,135,139,144,145,149,225,251,262,276,277,314,321,333,337,340,364,429,518,540,583,765,769,858,948,1078,1134,1233,1442,1478,1497,1551,1552,1553,1555,1556,1557,1567,1633,1676,1749,1816,1844,1883,1884,1885,1886,2412,2564,2806,3129,4033,4165,4247,4327,4471,4553,4643,6418,6419,7892,8551,8644,8838,9020,9021,9022,9023,9024,9032,9090,9130,9131,9132,9133,9134,9135,9136,
792;0;8363;8397;0;3,91,98,135,139,144,145,149,225,251,262,276,277,314,321,333,337,340,364,429,518,540,583,765,769,858,948,1078,1134,1233,1442,1478,1497,1551,1552,1553,1555,1556,1557,1567,1633,1676,1749,1816,1844,1883,1884,1885,1886,2412,2564,2806,3129,4033,4165,4247,4327,4471,4553,4643,6418,6419,7892,8551,8644,8838,9020,9021,9022,9023,9024,9032,9090,9130,9131,9132,9133,9134,9135,9136,
975;0;8640;8673;0;3,91,98,135,139,144,145,149,225,251,262,276,277,314,321,333,337,340,364,429,518,540,583,765,769,858,948,1078,1134,1233,1442,1478,1497,1551,1552,1553,1555,1556,1557,1567,1633,1676,1749,1816,1844,1883,1884,1885,1886,2412,2564,2806,3129,4033,4165,4247,4327,4471,4553,4643,5758,5759,5760,6418,6419,7892,8551,8644,8838,9020,9021,9022,9023,9024,9032,9090,9130,9131,9132,9133,
987;0;8673;8694;1;3,91,98,135,139,144,145,149,225,251,262,276,277,314,321,333,337,340,364,429,518,540,583,765,769,858,948,1078,1134,1233,1442,1478,1497,1551,1552,1553,1555,1556,1557,1567,1633,1676,1749,1816,1844,1883,1884,1885,1886,2168,2412,2564,2806,3129,3414,4033,4165,4247,4327,4471,4553,4643,5758,5759,5760,6418,6419,6705,7892,8551,8644,8838,9020,9021,9022,9023,9024,9032,9090,9130,
891;0;8694;8717;1;3,91,98,135,139,144,145,149,225,233,251,262,276,277,314,321,333,337,340,364,429,518,540,583,640,765,769,858,948,1078,1134,1233,1442,1478,1484,1497,1551,1552,1553,1555,1556,1557,1567,1633,1676,1749,1816,1844,1883,1884,1885,1886,2128,2168,2412,2564,2806,3129,3414,4033,4165,4247,4327,4471,4553,4643,4749,5758,5759,5760,6418,6419,6705,7892,8551,8644,8838,9020,9021,9090,
963;0;8717;8746;1;3,91,98,135,139,144,145,149,225,233,251,262,276,277,288,314,321,333,337,340,364,396,429,434,518,540,583,640,765,769,858,948,1078,1134,1233,1442,1478,1484,1497,1551,1552,1553,1555,1556,1557,1567,1633,1676,1749,1816,1844,1883,1884,1885,1886,1971,2128,2168,2412,2658,2729,2774,2778,3414,4033,4392,4553,4567,4627,4650,4651,5411,5605,5695,5841,5853,5854,5855,6705,9090,
983;0;8746;8776;1;3,17,20,24,25,34,37,38,39,40,46,52,54,91,98,117,135,139,144,145,149,192,225,233,251,262,276,277,288,314,321,333,337,340,364,396,412,429,434,460,518,540,583,640,765,769,778,858,948,1078,1134,1311,1478,1484,1560,1816,1853,1858,1971,2091,2128,2168,2338,2729,2774,2778,3014,3015,3061,3414,4033,4553,4567,5472,5825,6428,6705,6706,8988,9090,
884;0;8776;8813;1;3,17,20,24,25,34,46,54,100,104,117,139,144,145,149,225,233,251,262,276,277,288,314,321,396,412,429,438,518,540,640,765,766,769,831,833,834,835,854,855,863,948,949,1311,1453,1478,1484,1529,1816,1971,2091,2128,2168,2626,2633,2661,2711,2729,2774,2778,3015,3414,3459,3511,3512,3516,3517,3518,3519,3520,3521,3523,3524,3525,4033,4553,4567,5825,6705,9090,
876;0;8813;8853;1;3,17,20,24,25,34,46,54,100,104,117,139,144,145,149,225,233,251,262,274,276,277,288,314,321,396,412,429,438,518,540,640,765,766,769,831,833,834,835,849,854,855,863,948,949,1311,1374,1453,1478,1484,1529,1759,1816,1971,2091,2128,2168,2626,2638,2661,2729,2774,2778,3015,3414,3511,3527,4033,4553,4567,4802,5825,6022,6705,7463,8449,8582,8583,8584,9090,
818;0;8853;8895;1;100,117,139,144,145,149,225,233,251,262,277,288,314,321,396,429,640,765,854,855,863,948,949,1311,1478,2128,2626,2774,2778,3015,3310,3312,3472,3679,3684,3686,5825,5950,5951,5952,5953,5954,5955,5956,5957,5958,5959,5960,5961,5962,5963,5964,5965,5966,5967,5968,5969,5970,5971,5972,5973,5974,5975,5976,5977,5978,5979,5980,5981,5982,5983,5984,5985,5986,5987,5988,5989,5990,5991,5992,
859;0;8895;8940;1;26,100,117,139,144,145,149,225,233,251,262,277,288,314,321,368,396,429,640,765,854,855,863,948,949,1266,1277,1288,1293,1311,1478,2128,2626,2774,2778,3015,3307,3310,3312,3472,3679,3684,3686,4514,5825,5950,5951,5952,5953,5954,5955,5956,5957,5958,5959,5960,5961,5962,5963,5964,5965,5966,5967,5968,5969,5970,5971,5972,5973,5974,5975,5976,5977,5978,5979,5980,5981,5982,7890,7891,
691;0;8940;8987;1;26,100,117,137,139,144,145,149,225,231,233,251,262,277,288,314,316,321,329,368,396,404,429,640,765,838,854,855,863,948,949,1027,1118,1266,1277,1288,1293,1311,1476,1478,1480,1669,1809,1811,1821,2128,2626,2774,2778,2951,3015,3307,3310,3312,3472,3634,3679,3684,3686,4503,4514,4654,4718,5439,5767,5825,5950,5951,5952,5953,5954,5955,5956,5957,5958,6187,6188,6189,6190,6191,
954;0;8987;9040;1;26,95,100,117,137,139,144,145,149,225,231,233,251,262,277,288,314,316,321,329,368,396,404,429,609,640,765,818,838,854,855,863,948,949,1027,1118,1266,1277,1288,1293,1311,1476,1478,1480,1669,1809,1811,1821,2128,2626,2774,2775,2776,2777,2778,2951,3015,3307,3310,3312,3472,3634,3679,3684,3686,3970,4606,4771,5022,5023,5024,5025,5026,5027,5028,5029,5030,5031,5032,5825,
776;0;9040;9097;1;26,95,100,117,137,139,144,145,149,189,225,231,233,251,262,277,288,314,316,321,329,368,396,404,429,609,640,729,765,818,838,854,855,863,948,949,1027,1118,1266,1269,1277,1288,1293,1295,1311,1476,1478,1480,1669,1809,1811,1821,2128,2216,2217,2218,2219,2220,2221,2626,2774,2775,2776,2777,2778,2951,3015,3307,3310,3312,3472,3634,3679,3684,3686,3970,4606,4771,5022,5825,
764;0;9097;9157;1;26,95,100,117,137,139,144,145,149,189,225,231,233,245,251,262,277,288,289,314,316,321,329,368,379,395,396,404,429,609,640,729,765,818,838,854,855,863,898,921,922,948,949,1027,1052,1058,1118,1266,1269,1277,1288,1293,1295,1311,1362,1476,1478,1480,1669,1809,1811,1821,1918,2128,2216,2626,2723,2774,2775,2776,2777,2778,3015,3250,3679,3686,4088,4606,5825,6263,
655;0;9157;9219;1;26,95,100,117,137,139,144,145,149,189,225,231,233,245,251,262,277,288,289,314,316,321,329,368,379,395,396,404,429,609,640,729,765,818,838,854,855,863,898,921,922,948,949,1052,1058,1118,1266,1269,1277,1288,1293,1295,1311,1474,1476,1478,1479,1669,1679,1803,1809,1811,1821,2128,2216,2455,2626,2774,2775,2776,2777,2778,3015,3679,3686,4606,4934,5679,5680,5825,
129;0;9219;9255;1;26,60,95,100,117,137,139,144,145,149,152,189,225,231,233,245,251,262,277,288,289,314,316,321,329,368,379,395,396,404,429,569,609,640,765,838,854,855,863,868,948,949,1052,1058,1118,1266,1269,1277,1288,1293,1295,1311,1474,1476,1478,1479,1669,1679,1809,1811,1821,2128,2216,2230,2273,2455,2626,2774,2775,2776,2777,2778,3015,3679,3686,4606,5487,5825,5932,7997,
129;1;9255;9285;1;26,60,95,100,117,137,139,144,145,149,225,231,251,262,277,288,289,314,321,329,379,395,396,404,429,640,677,715,765,838,854,855,863,948,949,1058,1118,1266,1269,1277,1293,1295,1311,1474,1476,1478,1479,1481,1669,1679,1809,1821,2128,2216,2273,2455,2461,2475,2626,2628,2774,2775,2776,2777,2778,2903,3015,3679,3686,4606,5525,5691,5722,5723,5795,5825,6114,6115,6116,6117,
783;0;9285;9357;1;26,60,95,100,117,137,139,144,145,149,225,231,251,262,277,288,289,314,321,329,379,395,396,404,429,640,677,715,765,838,854,855,863,948,949,1058,1118,1266,1269,1277,1293,1295,1311,1474,1476,1478,1479,1481,1669,1679,1809,1821,2022,2128,2216,2273,2455,2461,2475,2626,2628,2774,2775,2776,2777,2778,2903,3015,3679,3686,4606,5525,5691,5722,5723,5795,5825,6114,6115,6116,
984;0;9357;9433;1;95,117,137,139,144,149,198,225,231,262,270,288,314,379,396,410,429,457,591,640,644,647,854,855,863,948,949,1118,1138,1170,1267,1269,1270,1272,1275,1279,1287,1292,1295,1311,1474,1475,1476,1478,1493,1809,2179,2774,2775,2777,2778,2815,3015,3284,3988,4124,4398,4470,4472,4511,4596,4606,4673,4674,4675,5146,5825,6244,6360,7479,8219,8375,8376,8379,8380,8381,8382,8383,8384,8385,
697;0;9433;9511;1;95,117,137,139,144,149,198,225,231,262,270,288,314,379,396,410,429,457,591,640,644,647,854,855,863,948,949,1118,1138,1170,1267,1269,1270,1272,1275,1279,1287,1292,1295,1311,1474,1475,1476,1478,1493,1809,2179,2774,2775,2777,2778,2815,3015,3284,3988,4124,4398,4470,4472,4511,4596,4606,4673,4674,4675,5146,5825,6244,6360,7479,8219,8375,8376,8379,8380,8381,8382,8383,8384,8385,
687;0;9511;9592;1;95,117,137,139,144,149,198,225,231,262,270,288,314,379,396,410,429,457,591,640,644,647,854,855,863,948,949,1118,1138,1170,1267,1269,1270,1272,1275,1279,1287,1292,1295,1311,1474,1475,1476,1478,1493,1809,2179,2774,2775,2777,2778,2815,3015,3284,3988,4124,4398,4470,4472,4511,4596,4606,4673,4674,4675,5146,5825,6244,6360,7479,8219,8375,8376,8379,8380,8381,8382,8383,8384,8385,
226;0;9592;9626;1;95,117,137,139,144,149,198,225,231,262,270,288,314,379,396,410,429,457,591,640,644,647,854,855,863,948,949,1118,1138,1170,1267,1269,1270,1272,1275,1279,1287,1292,1295,1311,1474,1475,1476,1478,1493,1809,2179,2774,2775,2777,2778,2815,3015,3284,3988,4124,4398,4470,4472,4511,4596,4606,4673,4674,4675,5146,5825,6244,6360,7479,8219,8375,8376,8379,8380,8381,8382,8383,8384,8385,
226;1;10080;10130;1;95,117,137,139,144,149,198,225,231,262,270,288,314,351,379,396,397,410,429,457,591,640,644,647,854,855,863,948,949,1118,1138,1170,1267,1269,1270,1272,1275,1279,1287,1292,1295,1311,1474,1475,1476,1478,1493,1809,2179,2645,2774,2775,2777,2778,2802,2815,3015,3263,3284,3988,4124,4398,4470,4472,4511,4596,4605,4606,4612,4628,4673,4674,4675,4775,5052,6841,8007,8008,8009,8010,
769;0;10130;10224;1;95,117,137,139,144,149,198,225,231,241,262,270,288,290,314,351,379,390,396,397,400,402,410,429,457,591,640,644,647,854,855,863,948,949,1118,1138,1170,1267,1269,1270,1272,1275,1279,1287,1292,1295,1311,1474,1475,1476,1478,1493,1809,2103,2179,2645,2774,2775,2777,2778,2802,2815,3015,3263,3284,3988,4124,4398,4470,4472,4511,4596,4605,4606,4612,4628,4673,4674,4675,5594,
955;0;10224;10321;1;95,117,137,139,144,149,198,225,231,241,262,270,288,290,314,351,379,390,396,397,400,402,410,429,457,591,640,644,647,854,855,863,948,949,1118,1138,1170,1267,1269,1270,1272,1275,1279,1287,1292,1295,1311,1445,1474,1475,1476,1478,1493,1809,2103,2179,2645,2774,2775,2777,2778,2802,2815,3015,3263,3284,3988,4124,4398,4511,4605,4745,4746,5378,5381,5382,5383,6216,6219,6220,
124;0;10321;10352;1;95,117,137,139,144,149,180,198,225,231,241,262,270,288,290,305,307,312,314,351,379,380,381,384,385,390,396,397,400,402,410,429,442,457,591,592,593,594,596,640,644,647,854,855,863,948,949,1118,1138,1170,1267,1269,1270,1272,1275,1279,1287,1292,1295,1311,1445,1474,1475,1476,1478,1493,1809,2103,2179,2645,2774,2775,2777,2778,2802,2815,3015,3263,4511,4605,
124;1;10352;10418;1;95,117,137,139,144,149,180,198,225,231,241,262,270,288,290,305,307,312,314,351,379,380,381,384,385,390,396,397,400,402,410,429,442,457,591,592,593,594,596,640,644,647,854,855,863,948,949,1118,1138,1170,1267,1269,1270,1272,1275,1279,1287,1292,1295,1474,1476,1478,1493,1809,2645,2774,2775,2777,2778,3263,4511,4605,8134,8137,8143,8231,8271,8272,8285,8291,
738;0;10418;10516;1;95,117,137,139,144,149,180,198,225,231,241,262,270,288,290,305,307,312,314,351,379,380,381,384,385,390,396,397,400,402,410,429,442,457,591,592,593,594,596,640,644,647,854,855,863,948,949,1118,1138,1170,1267,1269,1270,1272,1275,1279,1287,1292,1295,1474,1476,1478,1493,1809,2645,2774,2775,2777,2778,3263,4511,4605,8134,8137,8143,8231,8271,8272,8285,8487,
789;0;10516;10617;1;95,117,136,137,139,142,144,145,149,180,198,225,231,241,262,270,288,290,305,307,312,314,329,351,379,380,381,384,385,390,391,396,397,400,402,410,429,442,457,591,592,593,594,640,647,854,948,949,1058,1117,1118,1267,1269,1270,1279,1287,1474,1476,1478,1479,1493,1802,1809,1947,2109,2645,2716,2774,2775,2777,2778,3263,4511,4605,6185,7010,7321,7855,7856,7857,
908;0;10617;10723;1;95,117,136,137,139,142,144,145,149,180,198,225,231,241,262,270,288,290,305,307,312,314,329,351,379,380,381,384,385,390,391,396,397,400,402,410,429,442,457,591,592,593,640,647,854,948,949,1117,1118,1267,1269,1270,1279,1287,1293,1322,1474,1476,1478,1493,1809,2109,2188,2216,2645,2774,2775,2777,2778,3048,3263,3591,3802,4112,4511,4605,4950,4951,4952,4953,
985;0;10723;10832;1;15,26,30,60,79,150,198,202,205,251,458,490,504,507,557,875,987,995,1063,1258,1261,1270,1273,1293,1322,1423,1582,1587,1787,1868,2028,2070,2074,2163,2174,2232,2273,3380,3381,3382,3383,3384,3385,3386,3403,3599,3600,3601,3615,3694,3831,3948,3949,3950,3951,4280,4647,4648,4649,5645,8074,8075,8076,8077,8078,8079,8080,8081,8118,8555,8557,8559,8642,9089,9090,9091,9092,9093,9094,9095,
293;0;10832;10915;1;15,26,30,60,79,150,198,202,205,251,458,490,504,507,557,875,987,995,1063,1258,1261,1270,1273,1293,1322,1423,1582,1587,1787,1868,2028,2070,2074,2163,2174,2232,2273,3380,3381,3382,3383,3384,3385,3386,3403,3599,3600,3601,3615,3694,3831,3948,3949,3950,3951,4280,4647,4648,4649,5645,8074,8075,8076,8077,8078,8079,8080,8081,8118,8555,8557,8559,8642,9089,9090,9091,9092,9093,9094,9095,
293;1;10915;10945;1;15,26,30,60,79,150,198,202,205,251,458,490,504,507,557,875,987,995,1063,1258,1261,1270,1273,1293,1322,1423,1582,1587,1787,1868,2028,2070,2074,2163,2174,2232,2273,3380,3381,3382,3383,3384,3385,3386,3403,3599,3600,3601,3615,3694,3831,3948,3949,3950,3951,4280,4647,4648,4649,5645,8074,8075,8076,8077,8078,8079,8080,8081,8118,8555,8557,8559,8642,9089,9090,9091,9092,9093,9094,9095,
825;0;10945;11060;1;15,26,30,60,79,150,198,202,205,251,458,490,504,507,557,875,987,995,1063,1258,1261,1270,1273,1293,1322,1423,1582,1587,1787,1868,2028,2070,2074,2163,2174,2232,2273,3380,3381,3382,3383,3384,3385,3386,3403,3599,3600,3601,3615,3694,3831,3948,3949,3950,3951,4280,4647,4648,4649,5645,8074,8075,8076,8077,8078,8079,8080,8081,8118,8555,8557,8559,8642,9089,9090,9091,9092,9093,9094,9095,
119;0;11060;11109;1;15,26,30,60,79,150,198,202,205,251,458,490,504,507,557,875,987,995,1063,1258,1261,1270,1273,1293,1322,1423,1582,1587,1787,1868,2028,2070,2074,2163,2174,2232,2273,3380,3381,3382,3383,3384,3385,3386,3403,3599,3600,3601,3615,3694,3831,3948,3949,3950,3951,4280,4647,4648,4649,5645,8074,8075,8076,8077,8078,8079,8080,8081,8118,8555,8557,8559,8642,9089,9090,9091,9092,9093,9094,9095,
119;1;11109;11177;1;15,26,30,60,79,150,198,202,205,251,458,490,504,507,557,875,987,995,1063,1258,1261,1270,1273,1293,1322,1423,1582,1587,1787,1868,2028,2070,2074,2163,2174,2232,2273,3380,3381,3382,3383,3384,3385,3386,3403,3599,3600,3601,3615,3694,3831,3948,3949,3950,3951,4280,4647,4648,4649,5645,8074,8075,8076,8077,8078,8079,8080,8081,8118,8555,8557,8559,8642,9089,9090,9091,9092,9093,9094,9095,
866;0;11177;11296;1;15,26,30,60,79,150,198,202,205,251,458,490,504,507,557,875,987,995,1063,1258,1261,1270,1273,1293,1322,1423,1582,1587,1787,1868,2028,2070,2074,2163,2174,2232,2273,3380,3381,3382,3383,3384,3385,3386,3403,3599,3600,3601,3615,3694,3831,3948,3949,3950,3951,4280,4647,4648,4649,5645,8074,8075,8076,8077,8078,8079,8080,8081,8118,8555,8557,8559,8642,9089,9090,9091,9092,9093,9094,9095,
111;0;11296;11311;1;15,26,30,60,79,150,198,202,205,251,458,490,504,507,557,875,987,995,1063,1258,1261,1270,1273,1293,1322,1423,1582,1587,1787,1868,2028,2070,2074,2163,2174,2232,2273,3380,3381,3382,3383,3384,3385,3386,3403,3599,3600,3601,3615,3694,3831,3948,3949,3950,3951,4280,4647,4648,4649,5645,8074,8075,8076,8077,8078,8079,8080,8081,8118,8555,8557,8559,8642,9089,9090,9091,9092,9093,9094,9095,
111;1;11520;11626;1;15,26,30,60,79,150,198,202,205,247,248,251,458,490,504,507,528,557,875,987,995,1063,1258,1261,1264,1270,1273,1277,1278,1293,1322,1423,1512,1582,1587,1710,1787,1868,2028,2070,2074,2163,2174,2232,2273,2611,3380,3381,3382,3383,3384,3385,3386,3403,3599,3600,3601,3615,3694,3831,3948,3949,3950,3951,4280,4647,4648,4649,5316,5334,5645,8074,8075,8076,8077,8078,8079,8080,8081,8118,
953;0;11626;11753;1;15,26,30,44,46,55,60,79,150,170,198,202,205,218,247,248,251,458,490,504,507,518,528,557,875,987,995,1063,1258,1261,1264,1270,1273,1277,1278,1293,1322,1423,1512,1565,1582,1587,1710,1716,1787,1868,2028,2034,2035,2070,2074,2163,2174,2197,2232,2273,2315,2326,2611,3380,3381,3382,3383,3384,3385,3386,3403,3599,3600,3601,3615,3694,3831,3948,3949,3950,3951,4280,4647,5316,
3;0;11753;11817;1;15,26,30,44,46,55,60,79,144,150,170,198,202,205,218,225,231,247,248,251,458,490,504,507,518,528,557,875,987,995,1063,1258,1261,1264,1270,1273,1277,1278,1293,1322,1423,1478,1484,1512,1565,1582,1587,1710,1716,1787,1868,2028,2034,2035,2070,2074,2163,2174,2197,2232,2273,2315,2326,2611,3380,3381,3382,3383,3384,3385,3386,3403,3599,3600,3601,3615,3694,3831,3948,5316,
3;1;11817;11883;1;15,26,30,44,46,55,60,79,144,150,170,198,202,205,218,225,231,247,248,249,251,458,476,490,499,504,507,518,528,529,557,598,722,875,987,995,1063,1087,1258,1261,1264,1270,1273,1277,1278,1293,1322,1423,1478,1484,1512,1565,1577,1582,1587,1710,1716,1783,1785,1787,1789,1790,1868,2028,2034,2035,2070,2074,2163,2174,2175,2197,2315,2873,3606,4262,4487,4490,4491,5316,
689;0;11883;12014;1;15,26,30,44,46,53,55,60,79,144,150,170,198,202,205,218,225,231,247,248,249,251,458,476,490,499,504,507,518,528,529,557,598,627,722,875,987,995,1063,1087,1258,1261,1264,1267,1270,1273,1277,1278,1279,1293,1322,1423,1478,1484,1512,1565,1577,1582,1587,1710,1716,1783,1785,1787,1789,1790,1868,2028,2034,2035,2070,2074,2175,2315,3347,3767,3768,3769,3770,3771,
638;0;12014;12151;1;15,26,30,44,46,53,55,60,79,144,150,170,198,202,205,218,225,231,247,248,249,251,458,476,490,499,504,507,518,528,529,557,598,627,677,722,875,987,995,1063,1087,1201,1258,1261,1264,1267,1270,1273,1277,1278,1279,1293,1322,1423,1478,1484,1512,1539,1565,1577,1582,1587,1710,1783,2091,2106,2175,2315,2627,2645,2695,2729,2778,3767,4603,5229,5270,5537,6750,8991,
944;0;12151;12288;1;9,10,15,24,53,136,137,144,150,225,288,390,591,838,949,1048,1051,1054,1118,1145,1146,1266,1269,1324,1358,1359,1360,1361,1363,1400,1401,1478,1505,1596,1604,1762,1783,1813,1821,1906,1970,1971,2153,2175,2315,2419,2454,2455,2456,2457,2458,2479,2480,2481,2485,2774,2775,2776,3269,3306,3604,3605,3708,3767,3807,3841,4874,5058,5112,5351,5432,5433,5434,5463,5476,7359,7397,7398,7399,7945,
186;0;12288;12299;1;9,10,15,24,53,136,137,144,150,225,288,390,591,838,949,1048,1051,1054,1118,1145,1146,1266,1269,1324,1358,1359,1360,1361,1363,1400,1401,1478,1505,1596,1604,1762,1783,1813,1821,1906,1970,1971,2153,2175,2315,2419,2454,2455,2456,2457,2458,2479,2480,2481,2485,2774,2775,2776,3269,3306,3604,3605,3708,3767,3807,3841,4874,5058,5112,5351,5432,5433,5434,5463,5476,7359,7397,7398,7399,7945,
186;1;12299;12432;1;9,10,15,24,53,136,137,144,150,225,288,390,591,838,949,1048,1051,1054,1118,1145,1146,1266,1269,1324,1358,1359,1360,1361,1363,1400,1401,1478,1505,1596,1604,1762,1783,1813,1821,1906,1970,1971,2153,2175,2315,2419,2454,2455,2456,2457,2458,2479,2480,2481,2485,2774,2775,2776,3269,3306,3604,3605,3708,3767,3807,3841,4874,5058,5112,5351,5432,5433,5434,5463,5476,7359,7397,7398,7399,7945,
835;0;12432;12579;1;9,10,15,24,53,136,137,144,150,225,288,390,591,838,949,1048,1051,1054,1118,1145,1146,1266,1269,1324,1358,1359,1360,1361,1363,1400,1401,1478,1505,1596,1604,1762,1783,1813,1821,1906,1970,1971,2153,2175,2315,2419,2454,2455,2456,2457,2458,2479,2480,2481,2485,2774,2775,2776,3269,3306,3604,3605,3708,3767,3807,3841,4874,5058,5112,5351,5432,5433,5434,5463,5476,7359,7397,7398,7399,7945,
733;0;12579;12735;1;9,10,15,24,53,136,137,144,150,225,288,390,591,838,949,1048,1051,1054,1118,1145,1146,1266,1269,1324,1358,1359,1360,1361,1363,1400,1401,1478,1505,1596,1604,1762,1783,1813,1821,1906,1970,1971,2153,2175,2315,2419,2454,2455,2456,2457,2458,2479,2480,2481,2485,2774,2775,2776,3269,3306,3604,3605,3708,3767,3807,3841,4874,5058,5112,5351,5432,5433,5434,5463,5476,7359,7397,7398,7399,7945,
Machine: 4
861;0;0;4;1;3,24,41,137,139,144,149,222,225,262,280,301,321,377,398,491,553,805,838,855,880,891,926,939,948,995,1093,1118,1134,1196,1242,1284,1294,1478,1484,1587,1608,1675,1809,1891,1930,1935,2070,2222,2513,2519,2836,2961,3126,3293,3870,3888,3966,4187,4216,4352,4371,4424,4535,4553,4664,4738,4887,5117,5595,5695,5702,5807,6101,6107,6907,6909,7105,7543,7544,7545,7546,7547,7548,7883,
753;0;4;18;1;3,24,41,137,139,144,149,222,225,262,280,301,321,377,398,491,553,805,838,855,880,891,926,939,948,995,1093,1118,1134,1196,1242,1284,1294,1478,1484,1587,1608,1675,1809,1891,1930,1935,2070,2222,2513,2519,2836,2961,3126,3293,3870,3888,3966,4187,4216,4352,4371,4424,4535,4553,4664,4738,4887,5117,5595,5695,5702,5807,6101,6107,6907,6909,7105,7543,7544,7545,7546,7547,7548,7883,
998;0;18;47;1;3,24,41,137,139,144,149,222,225,262,280,301,321,377,398,491,553,805,838,855,880,891,926,939,948,995,1093,1118,1134,1196,1242,1284,1294,1478,1484,1587,1608,1675,1809,1891,1930,1935,2070,2222,2513,2519,2836,2961,3126,3293,3870,3888,3966,4187,4216,4352,4371,4424,4535,4553,4664,4738,4887,5117,5595,5695,5702,5807,6101,6107,6907,6909,7105,7543,7544,7545,7546,7547,7548,7883,
19;0;47;196;0;3,24,137,139,144,145,146,149,225,262,288,301,316,377,398,429,591,838,852,854,855,891,926,939,948,949,1118,1134,1165,1284,1294,1476,1478,1484,1675,1768,2247,2292,2370,2371,2583,2587,2707,2738,2904,3133,3436,3438,3634,4424,4473,4537,4658,5248,5251,5298,5452,5695,5697,5698,5700,5702,5807,5808,5809,5810,5811,5812,5813,5814,5815,5816,5817,5818,5819,5820,5821,5822,5823,5824,
19;1;196;360;0;3,24,137,139,144,145,146,149,225,231,262,277,288,301,316,377,398,404,429,591,640,647,838,852,854,855,891,926,939,948,949,1117,1118,1134,1165,1284,1294,1476,1478,1479,1484,1675,1768,1920,1922,2247,2292,2370,2371,2583,2587,2707,2738,2904,3133,3436,3438,3634,4220,4424,4473,4537,4658,5248,5251,5298,5452,5695,5697,5698,5700,5702,5807,5808,5809,5810,5811,5812,5813,5814,
208;0;360;512;0;3,24,137,139,143,144,145,146,149,225,231,245,262,277,288,301,316,377,398,404,429,591,640,645,647,838,852,854,855,891,926,939,948,949,1057,1117,1118,1134,1165,1284,1294,1476,1478,1479,1484,1675,1768,1920,1922,2052,2128,2247,2292,2370,2371,2583,2587,2645,2707,2738,2904,3045,3133,3436,3438,3634,4220,4424,4472,4473,4537,4658,5248,5251,5298,5452,5695,5697,5741,5749,
208;1;512;668;0;3,24,26,137,139,143,144,145,146,149,225,231,245,255,262,277,288,301,316,377,398,404,429,591,640,645,647,838,852,854,855,891,926,939,948,949,1057,1117,1118,1134,1165,1269,1272,1280,1284,1286,1287,1290,1293,1294,1295,1322,1476,1478,1479,1484,1675,1768,1920,1922,2052,2080,2128,2247,2292,2370,2371,2583,2587,2645,2904,3597,3624,4472,4473,4866,5695,7062,7063,7064,
31;0;668;807;0;3,24,60,137,139,144,145,146,149,177,178,179,181,182,183,184,187,225,231,262,277,288,333,377,398,404,429,490,581,640,647,762,838,854,855,891,926,948,949,1057,1117,1118,1133,1233,1236,1293,1322,1476,1478,1479,1481,1749,1920,2053,2259,2904,2943,4471,4472,4473,4553,5432,5529,8014,8143,8190,8194,8195,8196,8197,8198,8551,8555,9032,9075,9101,9102,9103,9104,9105,
31;1;807;916;0;3,24,60,137,139,144,145,146,149,177,178,179,181,182,183,184,187,225,231,262,277,288,333,377,398,404,429,490,581,640,647,762,838,854,855,891,926,948,949,1057,1117,1118,1133,1233,1236,1293,1322,1476,1478,1479,1481,1749,1920,2053,2259,2904,2943,4471,4472,4473,4553,5432,5529,8014,8143,8190,8194,8195,8196,8197,8198,8551,8555,9032,9075,9101,9102,9103,9104,9105,
199;0;916;1002;0;3,24,60,137,139,144,145,146,149,177,178,179,181,182,183,184,187,225,231,262,277,288,333,377,398,404,429,490,581,640,647,762,838,854,855,891,926,948,949,1057,1117,1118,1133,1233,1236,1293,1322,1476,1478,1479,1481,1749,1920,2053,2259,2904,2943,4471,4472,4473,4553,5432,5529,8014,8143,8190,8194,8195,8196,8197,8198,8551,8555,9032,9075,9101,9102,9103,9104,9105,
199;1;1002;1163;0;3,24,60,137,139,144,145,146,149,177,178,179,181,182,183,184,187,225,231,262,277,288,333,377,398,404,429,490,581,640,647,762,838,854,855,891,926,948,949,1057,1117,1118,1133,1233,1236,1293,1322,1476,1478,1479,1481,1749,1920,2053,2259,2904,2943,4471,4472,4473,4553,5432,5529,8014,8143,8190,8194,8195,8196,8197,8198,8551,8555,9032,9075,9101,9102,9103,9104,9105,
41;0;1163;1283;0;3,24,60,137,139,144,145,146,149,177,178,179,181,182,183,184,187,225,231,262,277,288,333,377,398,404,429,490,581,640,647,762,838,854,855,891,926,948,949,1057,1117,1118,1133,1233,1236,1293,1322,1476,1478,1479,1481,1749,1920,2053,2259,2904,2943,4471,4472,4473,4553,5432,5529,8014,8143,8190,8194,8195,8196,8197,8198,8551,8555,9032,9075,9101,9102,9103,9104,9105,
41;1;1283;1406;0;3,24,60,137,139,144,145,146,149,177,178,179,181,182,183,184,187,225,231,262,277,288,333,377,398,404,429,490,581,640,647,762,838,854,855,891,926,948,949,1057,1117,1118,1133,1233,1236,1293,1322,1476,1478,1479,1481,1749,1920,2053,2259,2904,2943,4471,4472,4473,4553,5432,5529,8014,8143,8190,8194,8195,8196,8197,8198,8551,8555,9032,9075,9101,9102,9103,9104,9105,
193;0;1406;1498;0;3,24,60,137,139,144,145,146,149,177,178,179,181,182,183,184,187,225,231,262,277,288,333,377,398,404,429,490,581,640,647,762,838,854,855,891,926,948,949,1057,1117,1118,1133,1233,1236,1293,1322,1476,1478,1479,1481,1749,1920,2053,2259,2904,2943,4471,4472,4473,4553,5432,5529,8014,8143,8190,8194,8195,8196,8197,8198,8551,8555,9032,9075,9101,9102,9103,9104,9105,
193;1;1498;1624;0;3,24,60,137,139,144,145,146,149,177,178,179,181,182,183,184,187,225,231,262,276,277,288,333,377,398,404,429,490,581,640,647,762,772,773,838,849,854,855,891,926,946,948,949,1057,1117,1118,1133,1233,1236,1293,1322,1476,1478,1479,1481,1749,1920,2053,2259,2510,2635,2653,2904,2943,3447,4471,4472,4473,4553,5432,5529,5594,6226,7556,8014,8190,8534,8551,9032,
27;0;1624;1741;0;3,24,28,46,55,60,137,139,144,145,146,149,177,178,179,181,187,225,231,262,276,277,288,377,398,404,429,490,503,581,640,647,772,773,838,854,855,891,926,948,949,979,1057,1117,1118,1233,1236,1293,1322,1476,1478,1479,1481,1562,1716,1920,2018,2036,2074,2090,2635,2653,2890,2904,2943,3006,3246,3447,3449,3808,3906,4114,4273,4472,4473,4553,5432,8190,8551,9032,
27;1;1741;1832;0;3,24,28,46,55,60,137,139,144,145,146,149,177,178,179,181,187,225,231,262,276,277,288,295,297,321,377,397,398,404,429,490,503,581,640,647,772,773,838,854,855,891,911,926,948,949,979,1057,1117,1118,1233,1236,1293,1322,1476,1478,1479,1481,1562,1716,1735,1920,2018,2036,2074,2635,2653,2904,2943,3006,3447,3906,4114,4472,4473,4553,5432,8190,8551,9032,
116;0;1832;1861;0;3,24,28,46,60,137,139,144,145,146,149,178,187,225,231,241,262,276,277,288,295,297,321,377,391,397,398,400,404,429,490,503,581,640,647,648,772,773,838,854,855,891,911,926,948,949,979,1057,1117,1118,1233,1236,1293,1322,1476,1478,1479,1481,1735,1803,1920,2018,2036,2635,2653,2904,2943,3006,3278,3447,3906,4114,4472,4473,4553,5432,6342,8190,8551,9032,
116;1;1861;2030;0;3,137,140,144,145,225,231,262,270,290,291,292,351,377,386,397,398,404,429,503,647,678,694,854,920,926,948,979,1057,1093,1117,1118,1170,1378,1380,1475,1476,1477,1501,1521,1762,2120,2127,2657,2815,2904,3712,3906,4034,4093,4390,4470,4472,4545,4572,4573,4574,4575,4576,4577,4578,4579,4580,4581,4582,4583,4584,4585,4586,4587,4588,4589,4590,4591,4592,4593,4594,4595,4596,4597,
218;0;2030;2060;0;3,27,137,140,144,145,152,208,225,231,262,270,290,291,292,351,363,377,386,397,398,404,429,499,503,647,678,694,854,920,926,948,979,987,1057,1093,1117,1118,1170,1244,1378,1380,1475,1476,1477,1501,1521,1762,1940,1999,2120,2127,2657,2815,2904,3345,3361,3605,3712,3774,3899,3900,3901,3902,3903,3904,3905,3906,3907,3908,3909,3910,3911,4034,4093,4390,4470,4545,4575,4597,
218;1;2060;2225;0;2,3,27,90,95,103,137,144,145,146,149,225,231,234,262,277,288,291,304,314,329,351,377,379,397,398,404,429,640,644,647,704,766,769,831,838,843,854,948,949,987,1057,1117,1118,1163,1474,1476,1477,1491,1811,1812,1920,2132,2536,2657,2903,2904,2951,2961,2962,2964,3104,3267,3268,3293,4372,4545,4630,4859,5274,5457,5458,5459,5460,5461,5624,5627,5828,6749,7458,
204;0;2225;2400;0;2,3,27,90,95,103,137,144,145,146,149,225,231,234,262,277,288,291,304,314,329,351,377,379,397,398,404,429,640,644,647,704,766,769,831,838,843,854,948,949,987,1057,1117,1118,1163,1474,1476,1477,1491,1811,1812,1920,2132,2536,2657,2903,2904,2951,2961,2962,2964,3104,3267,3268,3293,4372,4545,4630,4859,5274,5457,5458,5459,5460,5461,5624,5627,5828,6749,7458,
204;1;2400;2412;0;2,3,27,90,95,103,137,144,145,146,149,225,231,234,262,277,288,291,304,314,329,351,377,379,397,398,404,429,640,644,647,704,766,769,831,838,843,854,948,949,987,1057,1117,1118,1163,1474,1476,1477,1491,1811,1812,1920,2132,2536,2657,2903,2904,2951,2961,2962,2964,3104,3267,3268,3293,4372,4545,4630,4859,5274,5457,5458,5459,5460,5461,5624,5627,5828,6749,7458,
44;0;2412;2559;0;2,3,27,90,95,103,137,144,145,146,149,225,231,234,262,277,288,291,304,314,329,351,377,379,397,398,404,429,640,644,647,704,766,769,831,838,843,854,948,949,987,1057,1117,1118,1163,1474,1476,1477,1491,1811,1812,1920,2132,2536,2657,2903,2904,2951,2961,2962,2964,3104,3267,3268,3293,4372,4545,4630,4859,5274,5457,5458,5459,5460,5461,5624,5627,5828,6749,7458,
44;1;2880;2914;0;2,3,27,90,95,103,137,144,145,146,149,225,231,234,262,277,288,291,304,314,329,351,377,379,397,398,404,429,640,644,647,704,766,769,831,838,843,854,948,949,987,1057,1117,1118,1163,1474,1476,1477,1491,1811,1812,1920,2132,2536,2657,2903,2904,2951,2961,2962,2964,3104,3267,4165,4545,4859,5458,6749,8551,8559,9031,9041,9131,9137,9138,9139,9140,9141,9142,9143,
145;0;2914;3075;0;2,3,27,90,95,103,137,144,145,146,149,225,231,234,262,277,288,291,304,314,329,351,377,379,397,398,404,429,640,644,647,704,766,769,831,838,843,854,948,949,987,1057,1117,1118,1163,1474,1476,1477,1491,1811,1812,1920,2132,2536,2657,2903,2904,2951,2961,2962,2964,3104,3267,4165,4545,4859,5458,5976,6340,6749,8551,8559,9031,9041,9131,9137,9138,9139,9140,9141,
145;1;3075;3087;0;3,27,95,103,137,144,145,146,149,225,231,234,262,267,268,272,273,277,287,288,289,291,303,308,329,351,377,379,397,398,404,429,434,640,644,647,766,769,838,843,854,902,903,904,905,921,922,936,940,948,949,987,1057,1117,1118,1204,1205,1206,1207,1208,1209,1210,1211,1212,1474,1476,1477,1920,2536,2903,2904,2951,2962,3621,4545,4859,5458,6749,8559,9031,
143;0;3087;3218;0;3,27,95,103,137,144,145,146,149,225,231,234,248,262,267,268,272,273,277,287,288,289,291,303,308,329,351,377,379,397,398,404,429,434,640,644,647,766,769,838,843,854,905,921,922,948,949,987,1057,1117,1118,1207,1209,1211,1277,1282,1292,1293,1322,1332,1333,1474,1476,1477,1920,2101,2190,2536,2903,2904,2951,2962,4450,4545,4859,5458,6749,7153,8559,9031,
143;1;3218;3254;0;3,27,95,103,137,139,144,145,146,149,225,231,234,248,262,267,268,272,273,277,288,289,291,303,329,351,377,379,397,398,404,429,434,640,644,647,766,769,838,843,854,863,891,905,921,922,948,949,987,1057,1117,1118,1207,1209,1211,1277,1282,1292,1293,1322,1332,1333,1474,1476,1477,1920,2101,2536,2903,2904,2951,2962,3037,4450,4545,4859,5458,6749,8559,9031,
862;0;3254;3419;0;3,27,95,103,137,139,144,145,146,149,225,231,262,267,268,277,280,288,289,291,329,351,398,404,429,640,769,843,854,948,949,987,1057,1117,1118,1277,1282,1292,1293,1322,1474,1476,1477,1920,2101,2315,2536,2842,2903,2904,2951,2962,3037,3304,4450,4703,5458,5468,5477,5513,6251,6252,6253,6446,6986,6987,6988,6989,6990,6991,6992,6993,6994,6995,6996,6997,6998,6999,7000,7001,
774;0;3419;3582;0;3,27,95,103,137,139,144,145,146,149,225,231,262,267,268,277,280,288,289,291,329,351,398,404,429,640,769,843,854,948,949,987,1057,1117,1118,1277,1282,1292,1293,1322,1474,1476,1477,1920,2101,2315,2536,2842,2903,2904,2951,2962,3037,3304,4450,4703,5080,5458,5468,5477,5513,5984,5992,6251,6252,6253,6360,6446,6585,6986,6987,6988,6989,6990,6991,6992,6993,7138,7478,8040,
631;0;3582;3742;0;1,3,27,54,61,74,95,103,144,145,146,149,204,225,231,262,277,288,289,291,321,329,351,391,396,398,400,404,429,640,769,843,854,949,987,1011,1117,1118,1186,1277,1282,1292,1293,1322,1397,1398,1401,1474,1476,1477,1502,1681,1682,1920,2003,2068,2101,2109,2134,2512,2821,2866,2903,2904,3037,3278,3314,3337,4450,4832,4857,4927,5246,5249,5275,5276,5277,7712,7720,7721,
901;0;3742;3902;0;1,3,27,54,61,74,95,103,144,145,146,149,204,225,231,262,277,288,289,291,321,329,351,391,396,398,400,404,429,640,769,843,854,949,987,1011,1117,1118,1186,1277,1282,1292,1293,1322,1397,1398,1401,1474,1476,1477,1502,1681,1682,1920,2003,2068,2101,2109,2134,2512,2821,2866,2903,2904,3037,3278,3314,3337,4450,4832,4857,4927,5246,5249,5275,5276,5277,7712,7720,7721,
99;0;3902;3962;0;1,3,27,54,61,74,95,103,144,145,146,149,204,225,231,262,277,288,289,291,321,329,351,391,396,398,400,404,429,640,769,843,854,949,987,1011,1117,1118,1186,1277,1282,1292,1293,1322,1397,1398,1401,1474,1476,1477,1502,1681,1682,1920,2003,2068,2101,2109,2134,2512,2821,2866,2903,2904,3037,3278,3314,3337,4450,4832,4857,4927,5246,5249,5275,5276,5277,7712,7720,7721,
99;1;3962;4059;0;1,3,27,54,61,74,95,103,144,145,146,149,204,225,231,262,277,288,289,291,321,329,351,391,396,398,400,404,429,640,769,843,854,949,987,1011,1117,1118,1186,1277,1282,1292,1293,1322,1397,1398,1401,1474,1476,1477,1502,1681,1682,1920,2003,2068,2101,2109,2134,2512,2821,2866,2903,2904,3037,3278,3314,3337,4450,4832,4857,4927,5246,5249,5275,5276,5277,7712,7720,7721,
290;0;4320;4374;0;27,54,61,95,100,103,104,144,145,146,149,225,231,276,277,288,289,291,297,321,351,391,396,398,400,404,429,438,769,834,843,854,931,947,949,987,1117,1118,1151,1168,1277,1282,1292,1293,1322,1474,1519,1528,1674,1920,2101,2491,2667,2678,2737,2903,2904,3037,3531,3638,4400,4450,4858,5456,5656,5774,5841,6022,6106,7320,7463,8022,8095,8152,8303,8364,8578,8579,8580,8581,
290;1;4374;4475;0;24,27,54,61,95,100,103,104,144,145,146,149,225,231,276,277,288,289,291,297,321,391,396,398,400,404,429,438,516,769,834,843,931,947,987,1117,1118,1151,1168,1277,1282,1292,1293,1322,1474,1519,1528,1587,1674,1920,2101,2407,2491,2667,2678,2737,2868,2903,2904,3037,3510,3531,3544,3638,3719,3767,3781,3807,4400,4450,5456,5656,5774,5841,6022,7320,7463,7999,8095,8578,
754;0;4475;4627;0;24,27,54,61,95,100,103,144,145,146,149,225,231,276,277,288,289,291,321,391,396,398,400,404,429,677,769,814,827,834,843,931,947,987,1096,1097,1117,1118,1151,1277,1282,1292,1293,1322,1474,1481,1519,1587,1920,2101,2407,2468,2491,2644,2661,2678,2690,2903,2904,3037,3531,3638,4450,5525,5530,5637,5640,5656,5722,5868,6022,6024,6025,6099,6496,6561,6562,6563,6564,8095,
997;0;4627;4777;0;24,27,54,61,95,100,103,144,145,146,149,225,231,241,276,277,288,289,291,321,391,396,398,400,404,429,677,769,814,827,834,843,931,947,987,1096,1097,1117,1118,1151,1277,1282,1292,1293,1322,1474,1478,1481,1519,1587,1920,2101,2407,2468,2491,2644,2661,2678,2690,2903,2904,3037,3531,3638,4450,5525,5530,5637,5640,5656,5722,5868,6022,6024,6025,6099,6496,6561,6564,8095,
118;0;4777;4886;0;24,27,54,61,95,100,103,144,145,146,149,225,276,277,288,289,291,321,391,396,398,400,404,429,436,677,769,827,834,843,931,947,987,1117,1118,1149,1277,1282,1292,1293,1322,1473,1474,1478,1479,1481,1587,1920,2101,2407,2491,2661,2678,2690,2903,2904,3037,3531,3638,4405,4450,4473,4675,4964,4965,4966,4967,4971,4972,4973,4974,5525,5530,5637,5656,5722,5868,6022,6099,6564,
118;1;4886;4923;0;24,27,54,61,95,100,103,144,145,146,149,225,226,230,276,277,288,289,291,321,391,396,398,400,404,429,436,677,769,827,834,843,931,947,987,1117,1118,1149,1277,1282,1292,1293,1322,1473,1474,1478,1479,1481,1587,1814,1920,2101,2407,2491,2597,2661,2678,2690,2903,2904,3037,3531,3638,4405,4450,4473,4675,4965,4966,4974,5206,5525,5530,5637,5656,5722,5868,6022,6099,6564,
136;0;4923;4955;0;24,27,54,61,95,100,103,144,145,149,225,226,276,277,288,289,291,321,391,396,398,400,404,429,677,768,769,827,834,843,931,947,987,1117,1118,1201,1277,1282,1292,1293,1322,1473,1474,1478,1481,1587,1814,2101,2399,2400,2401,2405,2407,2491,2499,2631,2651,2653,2661,2678,2690,2903,2904,3037,3152,3531,4450,4611,5525,5530,5637,5656,5690,5691,5692,5722,5868,6022,6099,6564,
136;1;4955;5064;0;24,26,27,54,61,95,100,103,144,277,288,289,291,294,321,322,395,404,429,430,445,528,769,987,1118,1146,1214,1267,1268,1270,1277,1278,1282,1285,1287,1288,1289,1292,1293,1294,1295,1322,1450,1473,1478,1513,1567,1587,1814,1922,2101,2220,2380,2417,2543,2661,2697,2897,2898,2899,2900,2901,2902,2903,2904,2905,2906,2907,2908,2909,2910,2911,2912,2913,3037,4450,6099,7009,8354,8948,
883;0;5064;5201;0;24,26,27,54,61,95,100,103,144,277,288,289,291,294,321,322,395,404,429,430,445,528,769,987,1118,1146,1214,1267,1268,1270,1277,1278,1282,1285,1287,1288,1289,1292,1293,1294,1295,1322,1450,1473,1478,1513,1567,1587,1814,1922,2101,2220,2380,2417,2543,2661,2697,2897,2898,2899,2900,2901,2902,2903,2904,2905,2906,2907,2908,2909,2910,2911,2912,2913,3037,4450,6099,7009,8354,8948,
874;0;5201;5332;0;24,26,27,54,61,95,100,103,144,277,288,289,291,294,321,322,395,404,429,430,445,528,769,987,1118,1146,1214,1267,1268,1270,1277,1278,1282,1285,1287,1288,1289,1292,1293,1294,1295,1322,1450,1473,1478,1513,1567,1587,1814,1922,2101,2220,2380,2417,2543,2661,2697,2897,2898,2899,2900,2901,2902,2903,2904,2905,2906,2907,2908,2909,2910,2911,2912,2913,3037,4450,6099,7009,8354,8948,
166;0;5332;5410;0;24,26,27,54,61,95,100,103,144,277,288,289,291,294,321,322,395,404,429,430,445,528,769,987,1118,1146,1214,1267,1268,1270,1277,1278,1282,1285,1287,1288,1289,1292,1293,1294,1295,1322,1450,1473,1478,1513,1567,1587,1814,1922,2101,2220,2380,2417,2543,2661,2697,2897,2898,2899,2900,2901,2902,2903,2904,2905,2906,2907,2908,2909,2910,2911,2912,2913,3037,4450,6099,7009,8354,8948,
166;1;5410;5451;0;24,26,27,54,61,95,100,103,144,277,288,289,291,294,321,322,395,404,429,430,445,528,769,987,1118,1146,1214,1267,1268,1270,1277,1278,1282,1285,1287,1288,1289,1292,1293,1294,1295,1322,1450,1473,1478,1513,1567,1587,1814,1922,2101,2220,2380,2417,2543,2661,2697,2897,2898,2899,2900,2901,2902,2903,2904,2905,2906,2907,2908,2909,2910,2911,2912,2913,3037,4450,6099,7009,8354,8948,
151;0;5451;5485;0;24,26,27,54,61,95,100,103,144,277,288,289,291,294,321,322,395,404,429,430,445,528,769,987,1118,1146,1214,1267,1268,1270,1277,1278,1282,1285,1287,1288,1289,1292,1293,1294,1295,1322,1450,1473,1478,1513,1567,1587,1814,1922,2101,2220,2380,2417,2543,2661,2697,2897,2898,2899,2900,2901,2902,2903,2904,2905,2906,2907,2908,2909,2910,2911,2912,2913,3037,4450,6099,7009,8354,8948,
151;1;5760;5837;0;24,26,27,54,61,88,95,100,103,144,245,277,288,289,291,294,321,322,343,395,404,429,430,445,528,765,769,835,987,1051,1118,1146,1214,1267,1268,1270,1277,1278,1282,1285,1287,1288,1289,1292,1293,1294,1295,1322,1450,1473,1478,1513,1567,1587,1814,1922,2101,2122,2220,2543,2661,2693,2897,2898,2899,2900,2901,2903,2905,2907,2910,3037,3447,3618,3745,4450,6099,7009,7161,8354,
679;0;5837;5943;0;24,26,27,54,61,88,95,100,103,144,245,277,288,289,291,294,321,322,343,395,404,429,430,445,528,765,769,835,987,1051,1118,1146,1214,1267,1268,1270,1277,1278,1285,1287,1288,1289,1292,1293,1294,1295,1322,1450,1473,1478,1513,1567,1587,1922,2543,2661,2693,2897,2898,2899,2900,2901,2903,2905,2907,2910,3037,3447,3618,3705,4280,4450,7009,7395,8076,8077,8078,8079,8081,8354,
828;0;5943;6044;0;24,26,27,54,61,88,95,100,103,144,245,277,288,289,291,294,321,322,343,395,404,429,430,445,528,765,769,835,987,1051,1118,1146,1214,1267,1268,1270,1277,1278,1285,1287,1288,1289,1292,1293,1294,1295,1322,1450,1473,1478,1513,1567,1587,1922,2543,2661,2693,2897,2898,2899,2900,2901,2903,2905,2907,2910,2960,3037,3447,3618,3705,4280,4450,7009,7395,8076,8077,8078,8079,8354,
871;0;6044;6142;0;24,26,27,54,60,61,88,95,100,103,144,245,251,256,277,288,289,291,294,321,322,343,395,404,429,430,528,555,655,765,769,835,971,987,1051,1118,1146,1267,1268,1270,1277,1278,1285,1287,1288,1289,1292,1293,1295,1322,1450,1473,1478,1513,1567,1580,1587,1922,2036,2543,2661,2693,2897,2898,2899,2900,2901,2903,2905,2907,2910,3037,3396,3447,3618,3705,7009,7831,8077,8354,
700;0;6142;6238;0;8,24,26,27,54,60,61,88,95,100,103,144,245,251,256,277,288,289,291,294,321,322,343,390,395,404,429,430,528,555,765,769,835,1051,1118,1134,1146,1267,1268,1270,1277,1278,1285,1287,1288,1289,1292,1293,1295,1322,1450,1473,1478,1513,1567,1587,1757,1809,1922,2543,2661,2693,2897,2898,2899,2900,2901,2903,2905,2907,2910,3037,3257,3435,3447,3618,3705,7009,8077,8354,
639;0;6238;6324;0;8,24,26,27,54,60,61,88,95,100,103,144,255,277,288,289,291,294,343,390,395,404,429,430,528,765,769,826,835,1051,1118,1134,1146,1267,1268,1270,1277,1286,1287,1288,1289,1292,1293,1295,1322,1450,1473,1478,1513,1567,1685,1809,1922,2091,2197,2337,2543,2661,2693,2897,2898,2900,2901,2903,2905,2907,3015,3411,3435,3447,3618,3774,4487,4488,5162,5471,5682,7671,8077,8836,
112;0;6324;6364;0;8,24,26,27,54,60,61,88,95,100,103,144,255,277,288,289,291,294,343,390,395,404,429,430,528,765,769,826,835,1051,1118,1134,1146,1267,1268,1270,1277,1286,1287,1288,1289,1292,1293,1295,1322,1450,1473,1478,1513,1567,1685,1809,1922,2091,2159,2197,2305,2337,2543,2661,2693,2897,2898,2900,2901,2903,2905,2907,3015,3411,3435,3447,3618,3774,4487,4488,5162,5471,5682,8077,
112;1;6364;6408;0;8,24,26,27,34,54,60,61,95,100,103,144,190,202,277,288,289,291,294,343,390,395,404,429,430,506,528,765,769,835,1051,1118,1134,1146,1268,1270,1272,1277,1283,1286,1287,1288,1289,1292,1293,1295,1322,1450,1473,1478,1513,1558,1567,1809,1922,1994,2091,2152,2337,2543,2661,2693,2897,2898,2900,2901,2903,2905,2907,3022,3345,3435,3447,3618,3774,5099,5263,5375,5376,8077,
721;0;6408;6491;0;24,26,27,40,46,52,60,95,100,139,144,145,152,204,225,289,329,359,390,400,404,429,430,501,506,515,528,591,722,769,858,948,1051,1117,1146,1256,1268,1271,1275,1276,1277,1287,1293,1322,1450,1474,1478,1488,1524,1558,1782,1994,2350,2407,2492,2512,2547,2649,2661,2680,2693,2783,2836,2903,2968,3003,3080,3515,3539,3721,3753,3774,4109,4110,4111,4112,4371,6742,7994,8463,
643;0;6491;6571;0;24,26,27,40,46,52,60,95,100,139,144,145,152,204,225,289,329,359,390,400,404,429,430,501,506,515,528,591,722,769,858,948,1051,1117,1146,1256,1268,1271,1275,1276,1277,1287,1293,1322,1450,1474,1478,1488,1524,1558,1782,1994,2350,2407,2492,2512,2547,2649,2661,2680,2693,2783,2836,2903,2968,3003,3080,3515,3539,3721,3753,3774,4109,4110,4111,4112,4371,6742,7994,8463,
301;0;6571;6615;0;24,26,27,40,46,52,60,95,100,139,144,145,152,204,225,289,329,359,390,400,404,429,430,501,506,515,528,591,722,769,858,948,1051,1117,1146,1256,1268,1271,1275,1276,1277,1287,1293,1322,1450,1474,1478,1488,1524,1558,1782,1994,2350,2407,2492,2512,2547,2649,2661,2680,2693,2783,2836,2903,2968,3003,3080,3515,3539,3721,3753,3774,4109,4110,4111,4112,4371,6742,7994,8463,
301;1;6615;6643;0;24,26,27,40,46,52,60,95,100,139,144,145,152,204,225,289,329,359,390,400,404,429,430,501,506,515,528,591,722,769,858,948,1051,1117,1146,1256,1268,1271,1275,1276,1277,1287,1293,1322,1450,1474,1478,1488,1524,1558,1782,1994,2350,2407,2492,2512,2547,2649,2661,2680,2693,2783,2836,2903,2968,3003,3080,3515,3539,3721,3753,3774,4109,4110,4111,4112,4371,6742,7994,8463,
867;0;6643;6711;0;24,26,27,40,46,52,60,95,100,139,144,145,152,204,225,289,329,359,390,400,404,429,430,501,506,515,528,591,722,769,858,948,1051,1117,1146,1256,1268,1271,1275,1276,1277,1287,1293,1322,1450,1474,1478,1488,1524,1558,1782,1994,2350,2407,2492,2512,2547,2649,2661,2680,2693,2783,2836,2903,2968,3003,3080,3515,3539,3721,3753,3774,4109,4110,4111,4112,4371,6742,7994,8463,
778;0;6711;6777;0;24,26,27,40,46,52,60,95,100,139,144,145,152,204,225,289,329,359,390,400,404,429,430,501,506,515,528,591,722,769,858,948,1051,1117,1146,1256,1268,1271,1275,1276,1277,1287,1293,1322,1450,1474,1478,1488,1524,1558,1782,1994,2350,2407,2492,2512,2547,2649,2661,2680,2693,2783,2836,2903,2968,3003,3080,3515,3539,3721,3753,3774,4109,4110,4111,4112,4371,6742,7994,8463,
117;0;6777;6785;0;24,26,27,40,46,52,60,95,100,139,144,145,152,204,225,289,329,359,390,400,404,429,430,501,506,515,528,591,722,769,858,948,1051,1117,1146,1256,1268,1271,1275,1276,1277,1287,1293,1322,1450,1474,1478,1488,1524,1558,1782,1994,2350,2407,2492,2512,2547,2649,2661,2680,2693,2783,2836,2903,2968,3003,3080,3515,3539,3721,3753,3774,4109,4110,4111,4112,4371,6742,7994,8463,
117;1;6785;6840;0;24,26,27,40,46,52,60,95,100,139,144,145,152,204,225,289,329,359,390,400,404,429,430,501,506,515,528,591,722,769,858,948,1051,1117,1146,1256,1268,1271,1275,1276,1277,1287,1293,1322,1450,1474,1478,1488,1524,1558,1782,1994,2350,2407,2492,2512,2547,2649,2661,2680,2693,2783,2836,2903,2968,3003,3080,3515,3539,3721,3753,3774,4109,4110,4111,4112,4371,6742,7994,8463,
284;0;6840;6889;0;24,26,27,40,46,52,60,95,100,139,144,145,152,204,225,289,329,359,390,400,404,429,430,501,506,515,528,591,722,769,858,948,1051,1117,1146,1256,1268,1271,1275,1276,1277,1287,1293,1322,1450,1474,1478,1488,1524,1558,1782,1994,2350,2407,2492,2512,2547,2649,2661,2680,2693,2783,2836,2903,2968,3003,3080,3515,3539,3721,3753,3774,4109,4110,4111,4112,4371,6742,7994,8463,
284;1;7200;7212;0;24,26,27,40,46,52,60,95,100,139,144,145,152,156,204,225,289,329,359,390,400,404,429,430,501,505,506,515,528,591,722,729,769,858,948,1051,1117,1146,1256,1268,1271,1275,1276,1277,1287,1293,1322,1435,1450,1474,1478,1488,1524,1558,1782,1994,2080,2179,2330,2350,2407,2492,2512,2547,2649,2661,2680,2693,2849,2903,2957,3080,3126,3774,3847,4064,4112,4285,6015,6686,
809;0;7212;7269;0;24,26,27,30,40,46,52,60,95,100,139,144,145,152,156,204,225,289,329,359,390,400,404,415,429,430,484,501,505,506,515,528,591,722,729,753,769,858,948,995,1051,1117,1146,1160,1256,1268,1271,1275,1276,1277,1287,1293,1322,1435,1450,1463,1474,1478,1657,1719,1782,1935,2407,2512,2661,2693,2849,2903,2941,3080,3126,3336,3627,4112,4225,4510,5435,5487,5488,5489,
178;0;7269;7301;0;24,26,27,30,40,46,52,60,95,100,139,144,145,152,156,204,225,289,329,359,390,400,404,405,415,429,430,484,501,505,506,515,528,591,722,729,753,769,858,948,995,1051,1117,1146,1160,1256,1268,1271,1275,1276,1277,1287,1293,1322,1435,1450,1463,1474,1478,1657,1719,1782,1935,2407,2512,2661,2693,2849,2903,2941,3034,3080,3126,3627,4112,5109,5487,5505,5506,5507,
178;1;7301;7321;0;24,26,27,30,40,46,52,57,60,95,100,139,144,145,152,156,204,225,247,289,329,359,390,400,404,405,415,429,430,484,493,501,505,506,528,591,734,753,769,948,995,1051,1063,1117,1146,1268,1271,1273,1275,1277,1287,1293,1322,1450,1474,1478,1657,1782,2258,2291,2407,2512,2518,2661,2693,2849,2903,2941,3034,3080,3126,3403,3597,3627,4112,5109,5487,5510,7262,7468,
740;0;7321;7371;0;24,26,27,30,40,46,52,57,60,95,100,139,144,145,152,156,204,225,247,289,329,359,390,394,400,404,405,415,429,430,484,493,501,505,506,528,591,734,753,769,948,995,1051,1063,1117,1146,1268,1271,1273,1275,1277,1287,1293,1322,1363,1450,1474,1478,1657,1782,2258,2291,2381,2407,2512,2518,2661,2693,2849,2903,2941,3034,3080,3126,3403,3597,3627,4112,5109,5487,
731;0;7371;7420;0;24,26,27,95,100,139,144,145,204,225,247,267,268,289,329,390,400,404,429,430,435,439,506,528,606,609,612,715,769,927,941,948,1051,1057,1094,1099,1117,1146,1268,1273,1287,1293,1322,1346,1363,1406,1417,1450,1474,1478,1540,1671,2094,2512,2661,2715,2903,3034,3099,4475,4637,5134,5135,5136,5137,5138,5139,5140,5141,5142,5143,5144,5145,5146,5147,5148,5149,5150,5151,5152,
812;0;7420;7461;0;24,26,27,95,100,139,144,145,204,225,247,267,268,276,289,329,390,400,404,429,430,435,439,506,528,606,609,612,715,769,927,941,948,1051,1057,1058,1094,1099,1117,1146,1147,1268,1273,1287,1293,1322,1346,1363,1406,1417,1450,1474,1478,1540,1671,2094,2512,2661,2715,2903,3034,3099,3925,4016,4017,4018,4475,4637,5134,5135,5136,5137,5138,5139,5140,5141,5142,5143,5144,5145,
154;0;7461;7465;0;24,26,27,95,100,139,144,145,204,225,247,267,268,276,289,329,390,400,404,429,430,435,439,506,528,606,609,612,715,769,927,941,948,1051,1057,1058,1094,1099,1117,1146,1147,1268,1273,1287,1293,1322,1346,1363,1406,1417,1450,1474,1478,1540,1671,2094,2512,2661,2715,2903,3034,3099,3739,3925,4016,4017,4018,4475,4637,5134,5135,5136,5137,5138,5139,5140,5141,5142,5143,5144,
154;1;7465;7499;0;24,26,27,74,79,95,100,139,144,145,204,225,247,267,268,276,289,329,390,400,404,429,430,435,439,502,506,528,606,609,612,715,769,787,790,927,941,948,960,1051,1057,1058,1094,1099,1117,1146,1147,1162,1181,1268,1273,1287,1293,1322,1346,1363,1406,1417,1450,1474,1478,1540,1589,1671,1996,2070,2094,2512,2661,2715,2903,3034,3099,3348,3810,3948,4114,4115,4116,5135,
971;0;7499;7533;0;24,26,27,74,79,95,100,139,144,145,204,225,247,267,268,276,289,329,390,400,404,429,430,435,439,502,506,528,606,609,612,715,769,787,790,927,941,948,960,1051,1057,1058,1094,1099,1117,1146,1147,1162,1181,1268,1273,1287,1293,1322,1346,1363,1406,1417,1450,1474,1478,1540,1589,1671,1996,2070,2094,2512,2661,2715,2903,3034,3051,3099,3348,3810,5135,6095,6096,6097,
627;0;7533;7563;0;24,26,27,74,79,95,100,139,144,145,204,225,247,267,276,289,292,329,390,400,404,429,430,439,528,609,677,715,769,787,927,947,948,1051,1057,1117,1146,1147,1162,1268,1273,1287,1293,1322,1363,1417,1450,1474,1478,1481,1671,2052,2225,2318,2512,2536,2602,2628,2661,2678,2715,2903,2951,2962,3034,3531,5135,5458,5525,5530,5532,5534,5723,5865,5866,5867,5868,5869,5870,5871,
745;0;7563;7588;0;24,26,27,74,79,95,100,139,144,145,204,225,233,247,267,274,276,289,292,329,390,400,404,429,430,439,528,609,677,715,769,787,927,947,948,1051,1057,1117,1146,1147,1162,1268,1273,1287,1293,1322,1363,1417,1450,1474,1478,1481,1671,2052,2225,2318,2512,2536,2602,2628,2645,2661,2678,2715,2774,2775,2903,2951,2962,3034,3531,4604,4628,5135,5432,5525,5530,5723,5868,5869,
845;0;7588;7609;0;24,26,27,95,100,139,144,145,225,233,247,274,276,289,290,292,329,390,400,404,429,439,528,609,677,715,769,787,947,948,1051,1057,1117,1146,1147,1268,1273,1287,1293,1322,1363,1474,1478,1481,1671,1836,1884,2052,2318,2512,2559,2628,2645,2658,2661,2678,2715,2774,2775,2778,2951,3034,3531,4604,4854,5331,5340,5370,5525,5530,5683,5684,5685,5686,5687,5688,5689,5723,5868,5869,
817;0;7609;7626;0;24,26,27,95,100,139,144,145,225,233,247,274,276,289,290,292,329,390,400,404,429,439,528,609,677,715,769,787,947,948,1051,1057,1117,1146,1147,1268,1273,1287,1293,1322,1363,1474,1478,1481,1671,1836,1884,2052,2318,2512,2559,2628,2645,2658,2661,2678,2715,2774,2775,2778,2951,3034,3531,3835,4138,4604,4854,5331,5340,5370,5525,5530,5683,5684,5685,5686,5723,5868,5869,7402,
920;0;7626;7634;0;26,95,100,139,144,145,225,247,276,329,390,404,429,528,617,618,666,715,769,827,833,836,947,948,1051,1117,1136,1146,1147,1268,1273,1287,1293,1322,1363,1474,1478,1481,1599,2318,2346,2347,2625,2626,2635,2653,2661,2678,2690,2778,3034,3147,3531,3835,4449,4604,5336,5350,5525,5530,5531,5538,5637,5722,5868,6022,6023,6026,6309,6310,6564,6594,6595,6596,6597,6598,6599,6600,6601,6602,
66;0;7634;7652;1;26,95,100,139,144,145,225,247,276,329,390,404,429,528,617,618,666,715,769,827,833,836,947,948,1051,1117,1136,1146,1147,1268,1273,1287,1293,1322,1363,1474,1478,1481,1599,1834,2318,2346,2347,2625,2626,2635,2653,2661,2678,2690,2778,3034,3147,3531,3835,4449,4604,5336,5350,5525,5530,5531,5538,5637,5722,5868,6022,6023,6026,6309,6310,6564,6594,6595,6596,6597,6598,6599,6600,6601,
66;1;7652;7669;1;26,95,100,137,139,144,145,147,178,225,247,276,329,390,396,404,429,528,617,618,666,715,769,827,833,836,947,948,1027,1051,1117,1136,1145,1146,1147,1268,1273,1287,1293,1322,1363,1474,1478,1481,1599,1834,1942,1943,1944,2318,2346,2347,2625,2626,2635,2653,2661,2678,2690,2778,3034,3147,3531,3835,4449,4604,5336,5350,5525,5530,5531,5538,5637,5722,5868,6022,6023,6026,6309,6310,
656;0;7669;7711;1;26,95,100,137,139,144,145,147,178,225,247,276,329,390,396,404,429,528,529,617,618,666,715,769,827,833,836,947,948,1027,1051,1117,1136,1145,1146,1147,1268,1269,1270,1273,1279,1287,1288,1292,1293,1322,1363,1474,1478,1481,1599,1834,1942,1943,1944,2318,2346,2347,2625,2626,2661,2678,2778,2873,2874,2875,2876,2877,3034,3147,3531,3835,4604,5525,5530,5538,5637,5722,6022,6026,
262;0;7711;7741;1;26,95,100,137,139,144,145,147,178,225,247,276,329,390,396,404,429,528,529,617,618,666,715,769,827,833,836,947,948,1051,1117,1146,1147,1201,1268,1269,1270,1273,1279,1287,1288,1292,1293,1322,1363,1474,1478,1481,1943,1944,2318,2346,2347,2625,2626,2661,2678,2778,3034,3147,3531,3835,4603,4604,4612,4613,5305,5525,5530,5538,5637,5722,5873,6022,6026,6749,8070,8071,8072,8073,
262;1;7741;7755;1;26,95,100,137,139,144,145,147,178,225,247,276,329,332,390,396,404,429,528,529,617,618,666,715,769,827,833,836,947,948,1051,1117,1146,1147,1201,1268,1269,1270,1273,1279,1287,1288,1292,1293,1322,1363,1398,1424,1473,1474,1478,1481,1809,1943,1944,2318,2346,2347,2359,2625,2626,2661,2678,2778,3034,3147,3531,3835,4604,4612,4979,4980,4981,5525,5530,5538,5637,5722,6022,6026,
12;0;7755;7767;1;26,95,100,137,139,144,145,147,178,225,247,276,329,332,390,396,404,429,528,529,617,618,666,715,769,827,833,836,947,948,1051,1117,1146,1147,1201,1268,1269,1270,1273,1279,1287,1288,1292,1293,1322,1363,1398,1424,1474,1478,1481,1809,1943,1944,2318,2346,2347,2625,2626,2661,2678,2778,2943,3034,3147,3531,3835,4604,4612,5525,5530,5538,5637,5722,6022,6026,8559,9031,9032,9033,
12;1;7767;7800;1;26,95,100,137,139,143,144,145,149,178,225,234,247,262,276,329,390,396,398,404,429,528,529,618,644,666,715,769,833,836,838,862,947,948,1051,1117,1146,1147,1268,1269,1270,1273,1279,1287,1288,1293,1363,1424,1474,1478,1481,1809,1816,1943,1944,2318,2346,2347,2388,2625,2626,2661,2678,2778,3034,3147,3531,3835,4604,4612,5525,5530,5538,5637,5722,6022,6026,8559,9032,9033,
934;0;7800;7848;1;26,95,100,137,139,143,144,145,149,178,225,234,247,262,276,329,390,398,404,429,528,529,598,644,666,715,769,833,836,862,947,948,1051,1117,1146,1147,1268,1269,1270,1279,1287,1288,1293,1424,1474,1478,1481,1809,1816,1858,1944,2318,2346,2347,2625,2661,2678,2778,3034,3049,3147,3413,3531,3835,4604,4612,5525,5530,5538,5637,5722,6022,6026,7363,8077,8559,8576,8577,9032,9033,
685;0;7848;7901;1;26,92,95,100,137,139,143,144,145,149,178,225,234,247,262,276,329,390,398,404,429,528,529,598,644,666,715,769,773,833,836,862,947,948,1051,1117,1146,1147,1268,1269,1270,1279,1287,1288,1293,1424,1474,1478,1481,1809,1816,1858,1944,2318,2346,2347,2625,2661,2678,2778,3034,3049,3147,3413,3531,4604,4612,5525,5530,5538,5637,5722,6022,6026,7626,7804,7840,8559,9032,9033,
110;0;7901;7920;1;26,92,95,100,137,139,143,144,145,149,178,225,234,247,262,276,329,390,391,395,398,404,429,528,529,598,644,666,715,769,773,833,836,862,891,947,948,1051,1117,1146,1147,1268,1269,1270,1279,1287,1288,1293,1424,1469,1474,1478,1481,1809,1816,1944,2346,2347,2625,2661,2678,2778,3034,3049,3147,3531,4604,4612,5525,5530,5538,5637,5722,6022,6026,7626,7804,8559,9032,9033,
110;1;8640;8675;1;26,95,100,137,139,143,144,145,149,225,226,234,247,262,276,277,329,390,391,395,398,404,429,528,529,640,666,715,769,773,833,836,862,947,948,1051,1146,1147,1268,1269,1270,1279,1287,1288,1293,1424,1474,1476,1478,1481,1809,2346,2347,2625,2661,2678,2778,3034,3049,3147,3531,4536,4545,4575,4604,4612,4683,4793,5525,5530,5538,5637,5722,6022,6026,7626,7804,8559,9032,9033,
89;0;8675;8716;1;26,95,100,137,139,143,144,145,149,180,225,234,247,262,276,277,302,303,305,307,311,312,329,379,380,381,384,385,390,391,395,398,404,429,529,592,593,594,640,666,715,769,773,833,836,947,948,1051,1130,1146,1268,1270,1279,1287,1288,1293,1428,1474,1478,1481,1809,1845,2346,2347,2661,2678,2778,3034,3531,4604,4612,5525,5530,5538,5637,5722,6022,6026,7626,7804,
89;1;8716;8744;1;26,95,100,104,137,139,143,144,145,149,225,234,247,276,277,297,329,390,395,398,404,429,438,529,640,666,715,769,773,834,854,931,947,949,1051,1146,1151,1168,1268,1270,1279,1287,1288,1293,1474,1481,1519,1528,1674,1809,2491,2661,2667,2678,2737,2778,3034,3531,3638,4400,4604,4612,5456,5525,5530,5538,5637,5656,5722,5774,5841,6022,6441,7320,7463,7804,8022,8095,8303,8578,
282;0;8744;8748;1;26,95,100,137,139,143,144,145,149,225,234,247,276,277,329,390,395,398,404,429,529,558,577,600,640,666,715,769,773,931,949,1051,1146,1151,1221,1268,1270,1279,1287,1288,1290,1293,1474,1481,1592,1651,1674,1700,1809,2064,2491,2512,2661,2678,2778,3029,3034,3050,3531,3829,4440,4452,4604,4612,4813,5091,5092,5093,5094,5095,5096,5525,5530,5538,5637,5656,5722,6022,7804,8095,
282;1;8748;8817;1;26,95,100,103,137,139,143,144,145,149,225,234,247,276,277,329,390,395,398,404,429,529,558,577,609,640,666,715,765,769,773,931,949,1041,1051,1146,1151,1268,1270,1279,1287,1288,1293,1474,1481,1674,1809,2052,2491,2628,2642,2650,2661,2678,2778,3034,3531,4452,4604,4612,5230,5392,5525,5530,5538,5637,5656,5722,5723,5869,6022,6225,6311,6312,6313,7582,7804,8095,8790,8791,
695;0;8817;8893;1;26,95,100,103,137,139,143,144,145,149,225,234,247,276,277,329,390,395,398,404,429,529,558,577,609,640,666,715,765,769,773,931,949,1041,1051,1146,1151,1268,1270,1279,1287,1288,1293,1474,1481,1674,1809,2052,2491,2628,2642,2650,2661,2678,2778,3034,3531,4452,4604,4612,5230,5392,5525,5530,5538,5637,5656,5722,5723,5869,6022,6225,6311,7804,8095,8467,8471,8472,8473,8474,
223;0;8893;8943;1;26,95,100,103,137,139,143,144,145,149,225,234,247,276,277,291,329,390,395,398,404,429,434,529,558,577,609,640,666,715,765,769,773,931,949,1041,1051,1146,1151,1268,1270,1279,1287,1288,1293,1474,1481,1674,1809,2052,2491,2628,2642,2650,2661,2774,2775,2776,2778,3034,3531,4452,4567,4604,4612,4639,4765,5043,5392,5525,5538,5637,5656,5722,5723,5869,6022,7804,8095,9204,
223;1;8943;8971;1;26,95,100,103,137,139,143,144,145,149,225,234,247,276,277,291,329,390,395,398,404,429,434,529,558,577,609,640,666,715,765,769,773,931,949,1041,1051,1146,1151,1268,1270,1279,1287,1288,1293,1474,1481,1674,1809,2052,2491,2628,2642,2650,2661,2774,2775,2776,2778,3034,3531,4452,4567,4604,4612,5392,5525,5538,5637,5656,5722,5723,5869,6022,7804,8095,8175,8190,8208,8425,
2;0;8971;9012;1;24,26,41,45,48,95,100,103,137,139,143,144,145,149,225,234,247,276,277,291,329,390,395,398,404,429,434,529,558,577,609,640,666,715,765,769,773,931,949,989,1041,1051,1146,1151,1268,1270,1279,1287,1288,1293,1474,1481,1674,1809,2491,2581,2642,2661,2774,2775,2778,3034,3345,3531,4313,4315,4317,4452,4604,4612,5392,5525,5538,5637,5656,5722,5723,5869,6022,8095,
2;1;9012;9049;1;24,26,100,117,137,139,143,144,145,149,225,231,234,277,288,329,377,395,397,398,404,429,715,769,773,839,901,949,1051,1118,1146,1268,1270,1279,1287,1288,1293,1308,1474,1481,1674,1809,1915,2091,2504,2573,2645,2661,2774,2775,2777,2778,3034,3263,3435,4605,4606,4612,4759,4761,4822,5191,5299,5492,5525,5538,5665,5722,5723,5890,5891,5892,5899,5901,6126,6362,6363,6364,6366,6367,
860;0;9049;9132;1;24,26,27,100,117,137,139,143,144,145,149,175,225,231,234,277,288,329,377,395,397,398,404,429,715,754,769,773,839,901,949,1051,1118,1146,1268,1270,1279,1287,1288,1293,1308,1474,1481,1674,1809,1915,2091,2174,2230,2478,2504,2573,2645,2661,2774,2775,2777,2778,3034,3263,3435,3598,4605,4606,4612,4759,4761,4822,5191,5299,5525,5538,5722,5723,5899,5901,6126,6362,6363,6364,
777;0;9132;9221;1;24,26,27,61,63,100,117,137,139,143,144,145,149,175,225,231,234,277,288,329,377,395,397,398,404,429,715,754,769,773,839,901,949,1051,1118,1146,1266,1268,1270,1275,1277,1279,1287,1288,1293,1308,1474,1481,1674,1809,1915,2091,2174,2230,2478,2504,2573,2645,2661,2774,2775,2777,2778,3034,3263,3435,3598,4605,4606,5191,5525,5538,5722,5723,5899,5901,6126,6362,6363,6364,
849;0;9221;9313;1;24,26,27,38,61,63,70,100,117,137,139,143,144,145,149,175,189,225,231,234,277,288,329,377,395,397,398,404,429,715,754,769,773,787,839,871,874,875,876,877,880,901,949,1051,1118,1146,1266,1268,1270,1275,1277,1287,1288,1293,1474,1481,1674,1809,1915,2091,2504,2645,2661,2774,2778,3034,3263,3448,4605,5191,5525,5538,5722,5723,5899,5901,6126,6362,6363,6364,
906;0;9313;9407;1;54,101,102,139,143,144,146,149,234,277,288,295,329,377,398,400,402,404,607,645,766,769,773,911,949,1051,1146,1289,1291,1295,1359,1474,1479,1567,1973,2091,2092,2120,2233,2240,2286,2337,2341,2407,2475,2503,2715,2794,2824,2988,3034,3035,3108,3606,3700,3703,3942,4093,4343,4419,4420,4431,4501,4553,4753,4816,4859,5247,5320,5538,5722,5725,6216,6332,6333,6334,6335,6336,6337,6957,
766;0;9407;9504;1;54,101,102,139,143,144,146,149,234,277,288,295,329,377,398,400,402,404,607,645,766,769,773,911,949,1051,1146,1289,1291,1295,1359,1474,1479,1567,1973,2091,2092,2120,2233,2240,2286,2337,2341,2407,2475,2503,2715,2794,2824,2988,3034,3035,3108,3606,3700,3703,3942,4093,4343,4419,4420,4431,4501,4553,4753,4816,4859,5247,5320,5538,5722,5725,6216,6332,6333,6334,6335,6336,6337,6957,
650;0;9504;9602;1;54,101,102,139,143,144,146,149,234,277,288,295,329,377,398,400,402,404,607,645,766,769,773,911,949,1051,1146,1289,1291,1295,1359,1474,1479,1567,1973,2091,2092,2120,2233,2240,2286,2337,2341,2407,2475,2503,2715,2794,2824,2988,3034,3035,3108,3606,3700,3703,3942,4093,4343,4419,4420,4431,4501,4553,4753,4816,4859,5247,5320,5538,5722,5725,6216,6332,6333,6334,6335,6336,6337,6957,
250;0;9602;9675;1;54,101,102,139,143,144,146,149,234,277,288,295,329,377,398,400,402,404,607,645,766,769,773,911,949,1051,1146,1289,1291,1295,1359,1474,1479,1567,1973,2091,2092,2120,2233,2240,2286,2337,2341,2407,2475,2503,2715,2794,2824,2988,3034,3035,3108,3606,3700,3703,3942,4093,4343,4419,4420,4431,4501,4553,4753,4816,4859,5247,5320,5538,5722,5725,6216,6332,6333,6334,6335,6336,6337,6957,
250;1;9675;9706;1;54,101,102,139,143,144,146,149,234,277,288,295,329,377,398,400,402,404,607,645,766,769,773,911,949,1051,1146,1289,1291,1295,1359,1474,1479,1567,1973,2091,2092,2120,2233,2240,2286,2337,2341,2407,2475,2503,2715,2794,2824,2988,3034,3035,3108,3606,3700,3703,3942,4093,4343,4419,4420,4431,4501,4553,4753,4816,4859,5247,5320,5538,5722,5725,6216,6332,6333,6334,6335,6336,6337,6957,
660;0;9706;9811;1;54,101,102,139,143,144,146,149,234,277,288,295,329,377,398,400,402,404,607,645,766,769,773,911,949,1051,1146,1289,1291,1295,1359,1474,1479,1567,1973,2091,2092,2120,2233,2240,2286,2337,2341,2407,2475,2503,2715,2794,2824,2988,3034,3035,3108,3606,3700,3703,3942,4093,4343,4419,4420,4431,4501,4553,4753,4816,4859,5247,5320,5538,5722,5725,6216,6332,6333,6334,6335,6336,6337,6957,
822;0;10080;10189;1;54,90,101,102,139,143,144,146,149,234,277,288,295,329,377,398,400,402,404,607,645,766,769,772,773,843,911,949,1051,1146,1289,1291,1295,1359,1474,1479,1567,1922,1973,2091,2092,2120,2233,2240,2286,2337,2341,2407,2475,2498,2503,2715,2794,2824,2988,3034,3035,3108,3606,3700,3703,3942,4093,4343,4419,4420,4427,4431,4501,4553,4728,4747,4753,4816,4859,5107,5108,5109,5722,5725,
690;0;10189;10303;1;54,90,100,101,102,139,143,144,146,149,234,277,288,295,299,329,343,376,377,395,398,400,402,404,607,645,677,682,715,766,769,772,773,843,911,949,1051,1146,1289,1291,1295,1359,1445,1474,1479,1481,1567,1674,1922,1973,2091,2092,2120,2233,2240,2337,2366,2407,2498,2661,2687,2794,2824,3034,3700,3703,4388,4553,5107,5525,5528,5537,5722,5723,5724,5725,5726,5727,5728,5729,
887;0;10303;10418;1;7,8,54,90,95,100,101,102,138,139,143,144,146,149,234,277,288,295,299,329,343,376,377,390,392,394,395,398,400,402,404,607,645,677,682,715,766,769,772,773,843,911,949,1049,1050,1051,1054,1055,1057,1146,1289,1291,1295,1359,1445,1474,1479,1481,1567,1674,1675,1922,1973,2091,2092,2120,2233,2240,2337,2407,2498,2794,2824,3034,3700,3703,4553,5107,5525,5722,
195;0;10418;10482;1;7,8,24,38,54,90,95,100,101,102,138,139,143,144,146,149,189,234,277,288,295,299,329,343,376,377,390,392,394,395,398,400,402,404,490,607,645,677,682,715,766,769,772,773,871,872,873,874,911,949,1049,1050,1054,1146,1289,1291,1295,1359,1456,1474,1481,1567,1674,1675,1922,1973,2091,2233,2337,2407,2498,2794,2824,3034,3700,3703,4553,5107,5525,5722,
195;1;10482;10535;1;8,24,28,38,44,66,95,100,139,144,149,187,189,277,288,295,329,359,377,390,395,398,400,404,658,677,715,766,769,772,864,871,872,873,874,911,949,1049,1050,1054,1091,1146,1281,1283,1286,1289,1291,1295,1304,1359,1423,1456,1474,1481,1567,1674,1675,1851,1922,1973,2032,2091,2158,2233,2337,2498,2518,2537,2794,2824,2941,3006,3034,3126,3247,3700,3703,4553,5525,5722,
976;0;10535;10656;1;8,24,38,95,100,139,144,149,189,277,288,289,291,292,295,390,395,398,404,439,591,640,677,715,769,772,871,872,873,874,911,922,949,1049,1050,1146,1151,1289,1295,1456,1474,1481,1513,1567,1675,1763,1915,1916,1922,1973,2091,2233,2337,2498,2645,2677,2679,2688,2804,2824,2950,3126,3700,3703,5053,5525,5540,5659,5722,6401,7188,8095,8166,8368,8406,8407,8408,8409,8410,8411,
58;0;10656;10765;1;8,24,38,95,100,139,144,149,189,277,288,289,291,292,295,390,395,398,404,439,591,640,677,715,765,769,772,836,871,872,873,874,911,922,949,1049,1050,1146,1151,1289,1295,1456,1474,1481,1513,1567,1675,1763,1922,1973,2091,2233,2337,2346,2347,2461,2498,2645,2657,2824,3126,3700,3703,4376,5392,5484,5485,5525,5634,5637,5722,5869,6022,6024,6026,6401,7099,7736,7737,8095,
58;1;10765;10779;1;8,24,38,95,100,139,144,149,189,277,288,289,291,292,294,295,390,395,398,404,439,591,640,677,715,765,769,772,836,871,872,873,874,911,922,944,945,949,1049,1050,1146,1151,1289,1295,1456,1474,1481,1513,1567,1675,1763,1922,1973,2091,2233,2337,2346,2347,2461,2498,2543,2645,2657,2824,2897,2898,2900,2901,2905,2907,3126,3262,3378,3379,3700,3703,4376,6022,6401,8095,
960;0;10779;10904;1;8,61,95,100,139,144,149,150,196,275,277,288,391,395,404,429,516,667,677,704,765,775,833,835,863,911,921,948,949,1047,1049,1050,1146,1157,1196,1236,1293,1973,1988,2091,2337,2412,2413,2414,2498,2651,2824,2951,2985,2986,2995,3447,3531,3618,3715,4094,4853,5155,5224,5378,5739,5897,6022,6098,6188,6457,7625,7626,7627,7628,7629,7630,7631,7632,7633,7634,7635,7636,7637,8095,
230;0;10904;10941;1;8,61,95,100,139,144,149,150,196,275,277,288,391,395,404,429,516,667,677,704,765,775,833,835,863,911,921,948,949,1047,1049,1050,1146,1157,1196,1236,1293,1973,1988,2091,2337,2412,2413,2414,2498,2651,2824,2951,2985,2986,2995,3447,3531,3618,3715,4094,4853,5155,5224,5378,5739,5897,6022,6098,6188,6457,7625,7626,7627,7628,7629,7630,7631,7632,7633,7634,7635,7636,7637,8095,
230;1;10941;11031;1;8,61,95,100,139,144,149,150,196,275,277,288,391,395,404,429,516,667,677,704,765,775,833,835,863,911,921,948,949,1047,1049,1050,1146,1157,1196,1236,1293,1973,1988,2091,2337,2412,2413,2414,2498,2651,2824,2951,2985,2986,2995,3447,3531,3618,3715,4094,4853,5155,5224,5378,5739,5897,6022,6098,6188,6457,7625,7626,7627,7628,7629,7630,7631,7632,7633,7634,7635,7636,7637,8095,
804;0;11520;11650;1;8,61,95,100,117,137,139,144,149,150,196,225,275,276,277,288,391,395,404,429,516,647,667,677,704,765,775,816,833,835,863,911,921,948,949,1047,1049,1050,1134,1146,1157,1196,1236,1293,1361,1478,1671,1973,1988,2091,2337,2391,2412,2413,2414,2498,2651,2695,2824,2951,2985,2986,2995,3447,3531,3618,3715,4094,4853,5155,5224,5378,5739,5897,6022,6098,6188,7655,7656,8095,
625;0;11650;11781;1;8,61,88,95,100,104,117,137,139,144,149,150,196,225,275,276,277,288,297,391,395,404,429,438,516,586,647,667,677,704,765,767,770,775,816,833,835,844,862,863,911,921,931,947,948,949,1049,1050,1134,1146,1236,1293,1478,1519,1520,1671,1988,2091,2391,2413,2491,2695,2824,3531,3638,3715,4094,5155,5456,5656,5739,5774,6022,6441,7583,7585,8022,8095,8303,8304,
210;0;11781;11793;1;8,61,88,95,100,104,117,137,139,144,149,150,196,225,275,276,277,288,297,391,395,404,429,438,516,586,647,667,677,704,765,767,770,775,816,833,835,844,862,863,911,921,931,947,948,949,1049,1050,1134,1146,1236,1293,1478,1519,1520,1671,1988,2091,2391,2413,2491,2695,2824,3531,3638,3715,4094,5155,5456,5656,5739,5774,6022,6441,7583,7585,8022,8095,8303,8486,
210;1;11793;11915;1;8,61,88,95,100,104,117,137,139,144,149,150,196,225,275,276,277,288,297,391,395,404,429,438,516,586,647,667,677,704,765,767,770,775,816,833,835,844,862,863,911,921,931,947,948,949,1049,1050,1134,1146,1236,1293,1478,1519,1520,1671,1988,2091,2338,2391,2413,2695,2824,3715,4094,4359,5155,5739,8559,8644,9032,9033,9041,9134,9159,9160,9161,9162,9163,9164,
896;0;11915;12053;1;1,3,4,8,95,100,137,144,149,225,226,241,262,277,288,304,391,404,429,436,647,677,777,933,948,1050,1132,1146,1149,1207,1211,1293,1431,1478,1484,1681,1682,1735,1809,1918,1921,2109,2127,2319,2382,2391,2613,2822,2824,3267,3744,3920,4470,4496,4597,4749,4836,4857,4892,4931,4965,4966,4974,5046,5202,5206,5258,5379,5695,5943,6293,6665,7186,7400,9272,9273,9274,9275,9276,9277,
886;0;12053;12200;1;1,3,4,8,95,100,137,144,145,149,225,226,231,241,262,277,288,304,314,321,391,404,429,436,647,677,777,854,933,948,1050,1118,1132,1146,1149,1163,1207,1211,1293,1431,1478,1484,1502,1670,1681,1682,1735,1809,1918,1921,2109,2127,2223,2319,2382,2391,2613,2822,2824,3267,3744,3920,4470,4496,4597,4749,4836,4857,4892,4931,4965,4966,4974,5046,5202,5206,5258,5379,5695,5943,
8;0;12200;12223;1;1,2,3,4,8,95,100,137,144,145,149,225,226,231,241,262,277,288,304,314,321,391,404,429,436,647,677,777,854,933,948,1050,1118,1132,1146,1149,1163,1207,1211,1293,1431,1478,1481,1484,1502,1670,1681,1682,1735,1809,1918,1921,2109,2127,2223,2224,2319,2382,2391,2613,2822,2824,3267,3744,3920,4470,4496,4597,4749,4836,4857,4892,4931,4965,4966,4974,5046,5182,5202,5206,
8;1;12223;12348;1;4,24,26,38,95,144,149,189,243,262,277,320,528,647,677,736,738,748,871,872,873,874,948,972,1070,1118,1147,1268,1269,1271,1272,1285,1287,1288,1289,1293,1332,1419,1428,1456,1570,1577,1780,1781,1793,1795,1843,2187,2223,2239,2257,2264,2265,2321,2625,2849,2856,2899,3147,3249,3280,3527,3700,3701,3702,3703,3704,3705,3706,3707,3708,3709,5206,5259,5501,6682,8098,8842,8844,8847,
775;0;12348;12499;1;4,24,26,38,95,144,149,189,243,262,277,320,528,647,677,736,738,748,871,872,873,874,948,972,1070,1118,1147,1268,1269,1271,1272,1285,1287,1288,1289,1293,1332,1419,1428,1456,1570,1577,1780,1781,1793,1795,1843,2187,2223,2239,2257,2264,2265,2321,2625,2849,2856,2899,3147,3249,3280,3527,3700,3701,3702,3703,3704,3705,3706,3707,3708,3709,5206,5259,5501,6682,8098,8842,8844,8847,
212;0;12499;12578;1;4,24,26,38,95,144,149,189,243,262,277,320,528,647,677,736,738,748,871,872,873,874,948,972,1070,1118,1147,1268,1269,1271,1272,1285,1287,1288,1289,1293,1332,1419,1428,1456,1570,1577,1780,1781,1793,1795,1843,2187,2223,2239,2257,2264,2265,2321,2625,2849,2856,2899,3147,3249,3280,3527,3700,3701,3702,3703,3704,3705,3706,3707,3708,3709,5206,5259,5501,6682,8098,8842,8844,8847,
212;1;12578;12655;1;4,24,26,38,95,144,149,189,243,262,277,320,528,647,677,736,738,748,871,872,873,874,948,972,1070,1118,1147,1268,1269,1271,1272,1285,1287,1288,1289,1293,1332,1419,1428,1456,1570,1577,1780,1781,1793,1795,1843,2187,2223,2239,2257,2264,2265,2321,2625,2849,2856,2899,3147,3249,3280,3527,3700,3701,3702,3703,3704,3705,3706,3707,3708,3709,5206,5259,5501,6682,8098,8842,8844,8847,
Machine: 5
847;0;0;4;1;118,591,617,618,620,696,773,827,838,914,1096,1097,1098,1310,1315,1412,1413,1414,1415,1447,1529,1877,1879,2271,2348,2576,2578,2593,2627,2731,2931,2962,2989,3161,3260,3572,3573,3574,4083,4084,4130,4574,4732,4755,4922,5107,5585,5714,5825,6030,6564,6589,6772,6966,7818,7865,7904,7905,7906,7907,7908,7909,7910,7911,7912,7913,7914,7915,7916,7917,7918,7919,7920,9173,9174,9177,9178,9179,9180,9183,
943;0;4;12;1;118,245,591,617,618,620,696,765,773,827,838,854,914,1096,1097,1098,1310,1315,1412,1413,1414,1415,1447,1513,1529,1877,1879,2271,2348,2576,2578,2593,2627,2731,2931,2962,2989,3161,3260,3572,3573,3574,4083,4084,4130,4310,4574,4732,4755,4922,5107,5585,5714,5825,6030,6564,6589,6772,6966,7818,7865,7904,7905,7906,7907,7908,7909,7910,7911,7912,8427,9173,9174,9177,9178,9179,9180,9183,9186,9192,
672;0;12;30;1;96,100,101,118,144,245,291,335,338,343,351,591,617,618,620,696,698,765,773,823,827,838,854,914,1096,1097,1098,1178,1310,1315,1395,1412,1413,1414,1415,1447,1481,1513,1529,1877,1879,1972,2225,2271,2348,2576,2578,2593,2627,2628,2660,2679,2690,2731,2931,2951,2962,2989,3161,3260,3572,3573,3574,4083,4084,4130,4310,4574,4949,4989,5542,5633,5634,5635,5636,5637,5638,5639,5640,6966,
788;0;30;61;1;96,100,101,118,144,245,291,335,338,343,351,591,617,618,620,696,698,765,773,823,827,838,854,914,1096,1097,1098,1178,1273,1310,1315,1395,1412,1413,1414,1415,1447,1481,1513,1529,1570,1877,1879,1972,2089,2225,2271,2348,2576,2578,2593,2627,2628,2660,2679,2690,2731,2931,2941,2951,2962,2989,3161,3260,3572,3573,3574,3604,3988,4083,4084,4130,4263,4268,4310,4574,4949,5633,5637,6966,
742;0;61;95;1;96,100,101,118,144,233,245,271,288,290,291,292,335,338,343,351,400,591,617,618,620,696,698,765,773,823,827,838,839,854,914,1096,1097,1098,1117,1118,1178,1273,1310,1315,1395,1412,1413,1447,1481,1513,1529,1540,1915,2089,2091,2092,2225,2338,2627,2628,2645,2679,2774,2775,2777,2778,2941,2951,2962,3263,3267,4605,4606,4617,5340,5410,5633,5637,6226,6329,6366,6966,8035,8036,
889;0;95;131;1;96,100,101,118,144,233,245,271,288,290,291,292,335,338,343,351,400,591,617,618,620,696,698,765,766,773,823,827,838,839,854,914,1096,1097,1098,1117,1118,1178,1273,1310,1315,1395,1412,1413,1447,1481,1513,1529,1540,1915,2089,2091,2092,2225,2338,2627,2628,2645,2679,2774,2775,2777,2778,2941,2951,2962,3263,3267,4605,4606,4617,5276,5340,5377,5410,5633,5637,6226,6329,6966,
799;0;131;170;1;97,100,101,144,225,233,245,271,277,288,290,291,292,302,343,351,382,400,591,681,765,766,773,823,827,838,854,904,914,1117,1118,1273,1430,1447,1473,1474,1478,1481,1513,1529,1674,1800,2089,2091,2109,2141,2225,2338,2627,2628,2643,2645,2679,2774,2775,2777,2778,2818,2821,2941,2951,2962,3263,4538,4605,4606,4675,4889,4892,4895,4896,4898,4899,5214,5215,5216,5633,5637,6329,6966,
684;0;170;218;1;97,100,101,144,152,225,233,245,271,277,288,290,291,292,302,343,351,382,400,426,567,591,681,765,766,773,823,827,838,854,904,914,1117,1118,1273,1280,1293,1430,1447,1473,1474,1478,1481,1513,1529,1572,1674,1940,2089,2091,2109,2179,2225,2230,2338,2627,2628,2645,2679,2774,2775,2777,2778,2826,2941,2951,2962,3263,3409,3606,4605,4606,4672,5214,5633,5637,5876,6152,6329,6966,
683;0;218;267;1;97,100,101,144,152,225,233,245,271,277,288,290,291,292,302,343,351,382,400,426,567,591,681,765,766,773,823,827,838,854,904,914,1117,1118,1273,1280,1293,1430,1447,1473,1474,1478,1481,1513,1529,1572,1674,1940,2089,2091,2109,2179,2225,2338,2627,2628,2645,2679,2774,2775,2777,2778,2941,2951,2962,3133,3263,3409,3606,3636,4605,4606,5049,5214,5633,5637,5733,5843,6329,6966,
271;0;267;288;1;97,100,101,144,152,225,233,245,271,277,288,290,291,292,302,343,351,382,400,426,567,591,681,765,766,773,823,827,838,854,904,914,1117,1118,1123,1273,1280,1293,1430,1431,1447,1473,1474,1478,1481,1513,1529,1572,1674,1726,2089,2091,2109,2225,2338,2627,2628,2645,2679,2774,2775,2777,2778,2941,2951,2962,3133,3263,3409,3606,4605,4606,5049,5214,5633,5637,5733,6180,6329,6966,
271;1;288;317;1;89,97,100,101,144,225,233,245,271,277,288,290,291,292,302,343,351,395,400,591,765,766,773,827,838,854,904,1117,1118,1123,1273,1280,1293,1430,1473,1474,1478,1481,1513,1529,1674,1726,1916,2089,2091,2109,2225,2338,2627,2628,2645,2679,2774,2775,2777,2778,2941,2951,2962,3133,3263,3409,3606,3619,4605,4606,5049,5214,5637,5733,6180,6329,6966,7459,7460,7461,7462,7463,7464,7465,
32;0;317;329;1;89,97,100,101,144,225,233,245,271,277,288,290,291,292,302,343,351,395,400,591,765,766,773,827,838,854,904,1117,1118,1123,1273,1280,1293,1430,1473,1474,1478,1481,1513,1529,1674,1726,1916,2089,2091,2109,2225,2338,2513,2627,2628,2645,2679,2774,2775,2777,2778,2941,2951,2962,3133,3243,3263,3270,3343,3409,3606,3619,4605,4606,5049,5214,5637,5733,6180,6329,6966,7459,7460,7463,
32;1;329;370;1;24,89,97,100,101,144,225,233,245,249,271,277,288,290,291,292,302,343,351,395,400,591,766,773,827,838,854,904,1117,1118,1123,1279,1280,1281,1293,1332,1430,1473,1474,1478,1481,1513,1529,1674,1726,1916,2064,2089,2091,2175,2225,2338,2627,2628,2645,2679,2774,2775,2777,2778,2941,2951,2962,3256,3263,3343,3606,3619,4605,4606,4913,5214,5637,5733,5791,6180,6329,6966,7463,8354,
802;0;370;430;1;24,89,97,100,101,144,225,233,245,249,271,277,288,290,291,292,302,343,351,395,400,591,766,773,827,838,854,904,1117,1118,1123,1279,1280,1281,1293,1332,1430,1473,1474,1478,1481,1513,1529,1674,1726,1916,2064,2089,2091,2225,2240,2338,2627,2628,2645,2679,2774,2775,2777,2778,2836,2941,2951,2962,3263,3343,3606,3619,4605,4606,4913,5214,5637,5733,5998,6180,6329,6617,6966,7463,
155;0;430;454;1;3,24,89,97,100,101,137,144,225,249,277,288,290,291,292,343,351,390,395,398,400,591,766,773,827,838,854,904,1048,1051,1117,1118,1123,1145,1279,1280,1293,1358,1430,1473,1474,1478,1481,1513,1604,1725,1726,1805,1916,1945,1970,1971,2089,2091,2338,2627,2628,2645,2679,2774,2775,2777,2778,2836,2941,2951,3263,3343,3606,3619,4605,4606,5214,5637,5733,5998,6180,6329,6966,7463,
155;1;454;491;1;3,24,89,97,100,101,137,144,225,249,277,288,290,291,292,343,351,390,395,398,400,591,766,773,827,838,854,904,1048,1051,1117,1118,1123,1145,1279,1280,1293,1358,1430,1473,1474,1478,1481,1513,1604,1725,1726,1916,1970,1971,2089,2091,2338,2627,2628,2645,2679,2774,2775,2777,2778,2836,2941,2951,3263,3343,3606,3619,4605,4606,5214,5637,5733,5998,6039,6040,6180,6329,6966,7463,
892;0;491;555;1;24,89,97,137,144,225,249,277,288,290,291,343,390,395,398,400,591,704,766,827,838,854,862,1048,1051,1117,1123,1145,1279,1280,1293,1307,1473,1478,1481,1970,1971,2089,2091,2338,2468,2627,2645,2676,2679,2774,2775,2777,2778,2941,2951,3263,3343,3532,3606,4604,4605,4606,4639,4641,4994,4995,4996,4997,4998,4999,5000,5001,5002,5003,5004,5005,5006,5007,5008,5214,5733,6180,6966,7463,
793;0;555;621;1;24,89,97,137,144,225,249,277,288,290,291,343,390,395,398,400,591,704,766,827,838,854,862,1048,1051,1117,1123,1145,1279,1280,1293,1307,1473,1478,1481,1814,1970,1971,2089,2091,2338,2468,2627,2645,2676,2679,2774,2775,2777,2778,2941,2951,3263,3343,3532,3606,4604,4605,4606,4639,4641,4994,4995,4996,4997,4998,4999,5000,5002,5003,5004,5005,5006,5007,5008,5214,5733,6180,6966,7463,
680;0;621;689;1;15,24,66,89,97,137,144,202,205,206,225,249,277,288,290,291,343,390,395,398,400,480,487,503,510,516,591,766,827,838,854,862,964,965,1048,1051,1117,1123,1145,1279,1280,1282,1293,1473,1478,1481,1587,1814,1970,1971,2089,2091,2338,2468,2627,2645,2679,2774,2775,2777,2778,2941,2951,3263,3343,3532,3606,4184,4604,4605,4606,4639,4641,4994,4997,5214,5733,6180,6966,7463,
904;0;689;765;1;24,93,137,144,202,205,225,276,277,288,290,291,343,390,395,398,487,503,591,691,766,769,827,838,843,854,858,1048,1051,1117,1123,1145,1279,1280,1282,1293,1473,1478,1481,1587,1970,1971,2089,2091,2594,2637,2645,2679,2692,2774,2777,2778,2941,3152,3263,3343,3606,3618,4184,4408,4604,4605,4606,5214,6180,6966,7222,7223,7224,7225,7226,7227,7228,7229,7230,7231,7232,7233,7234,7463,
711;0;1440;1518;1;24,137,138,202,231,244,267,268,288,290,297,301,434,438,442,591,647,921,927,1057,1123,1363,1476,1478,1603,1608,1668,1669,1671,1750,1756,1765,1920,1921,1970,2052,2105,2250,2391,2491,2532,2645,2649,2774,3263,4397,4399,4400,4401,4472,4604,4605,4606,5205,5214,5223,5400,5656,5697,5738,5739,5741,5746,5747,5748,5749,5750,5751,5752,5753,5754,5755,5756,6180,6193,6607,6799,6872,6873,6874,
880;0;1518;1598;1;24,74,117,137,150,185,186,189,202,231,267,268,288,290,297,301,434,454,460,578,647,655,867,872,921,927,979,1068,1152,1226,1476,1478,1511,1562,1668,1669,1671,1718,1875,1920,2198,2276,2337,2645,2774,2845,2921,2936,3004,3082,3263,3612,4074,4397,4472,4604,4605,4606,5175,5223,5266,5290,5708,5748,5927,6510,6568,6678,6776,6799,7826,7975,8060,8061,8062,8063,8064,8065,8066,8256,
905;0;1598;1695;1;24,74,117,137,150,185,186,189,202,231,267,268,288,290,291,297,301,329,434,454,460,578,647,655,677,872,921,927,979,1068,1476,1478,1511,1668,1669,1671,1718,1875,1884,1920,2198,2337,2600,2635,2645,2653,2678,2679,2774,3263,4397,4472,4568,4604,4605,4606,4612,4634,4759,4800,5043,5175,5223,5230,5290,5528,5748,5890,5891,5892,5893,5894,5895,5896,5897,5898,5899,5900,5901,6799,
973;0;1695;1793;1;5,24,74,95,117,137,150,185,186,189,202,231,267,268,288,290,291,297,301,308,329,390,395,434,454,460,578,647,655,677,838,854,872,891,921,927,948,979,1053,1068,1145,1146,1148,1149,1150,1151,1476,1478,1511,1668,1669,1671,1718,1875,1884,1920,2198,2337,2600,2635,2645,2653,2678,2679,2774,3263,4397,4472,4568,4604,4605,4606,4612,4634,5175,5223,5230,5290,5748,6799,
253;0;1793;1834;1;5,24,74,95,117,137,145,150,189,231,267,268,288,290,291,297,301,308,329,390,395,429,434,647,677,824,838,854,872,921,927,948,1068,1117,1146,1149,1150,1476,1478,1511,1668,1669,1671,1718,1875,1884,1920,2198,2253,2322,2337,2645,2678,2679,2774,2777,2778,2789,2816,3099,3111,3263,4397,4472,4604,4606,4634,4771,4855,5175,5223,5290,5748,6799,9121,9123,9124,9152,9153,9154,
253;1;1834;1895;1;5,24,74,95,117,137,145,150,189,231,267,268,277,288,290,291,297,301,308,329,390,395,396,429,434,647,677,838,854,872,921,927,948,1068,1117,1134,1146,1149,1150,1476,1478,1668,1669,1671,1718,1875,1884,1920,1971,2198,2337,2645,2658,2678,2679,2729,2774,2777,2778,2816,3099,3263,4472,4567,4604,4627,4634,5175,5223,5290,5411,5605,5748,5841,5853,5854,5855,5858,6158,6799,
235;0;1895;1931;1;5,24,74,95,145,189,231,267,268,277,288,290,301,308,390,395,429,647,677,715,815,854,872,898,948,1117,1146,1444,1476,1478,1524,1669,1718,1875,1919,1920,2091,2198,2337,2546,2553,2602,2645,2658,2677,2774,2777,2778,2816,2900,2984,3263,3291,3519,4472,5140,5175,5223,5290,5723,5830,6799,7463,7835,8095,8321,8625,8626,8627,8628,8629,8630,8631,8632,8633,8634,8635,8636,8637,8638,
235;1;1931;1999;1;5,24,38,74,78,95,145,189,231,267,268,277,288,290,301,308,390,395,429,647,677,715,815,854,871,872,873,874,898,948,1117,1146,1444,1456,1466,1476,1478,1524,1669,1718,1875,1919,1920,2091,2198,2337,2546,2553,2602,2645,2658,2677,2774,2777,2778,2816,2900,2984,3263,3291,3519,4472,5140,5175,5223,5290,5723,5830,6799,7463,7835,8095,8321,8625,8626,8627,8628,8629,8630,8631,
773;0;1999;2105;1;5,24,27,38,74,78,95,145,189,231,267,268,277,288,290,301,308,390,395,429,647,677,715,815,854,871,872,873,874,898,948,1117,1146,1270,1293,1294,1295,1444,1456,1466,1476,1478,1524,1669,1718,1875,1919,1920,2091,2198,2220,2337,2407,2546,2553,2602,2645,2658,2677,2774,2777,2778,2816,2900,2984,3263,3291,3606,3703,3721,3797,3802,3829,4112,4217,4353,4472,5223,5290,6799,
830;0;2105;2219;1;26,55,60,74,139,156,205,208,225,231,255,288,301,395,419,487,528,553,554,640,647,1146,1242,1269,1275,1277,1279,1280,1282,1287,1293,1295,1322,1361,1390,1476,1478,1512,1587,1893,1920,2261,2465,2512,2546,2577,2795,2842,2849,2941,2957,3037,3413,3577,3627,3831,3869,3986,4007,4021,4026,4450,5290,5376,5434,6015,6957,6958,6959,6960,6961,6962,6963,6964,6965,6966,7408,7751,8041,9202,
286;0;2219;2295;1;26,55,60,74,139,156,205,208,225,231,255,288,301,395,419,487,528,553,554,640,647,1146,1242,1269,1275,1277,1279,1280,1282,1287,1293,1295,1322,1361,1390,1476,1478,1512,1587,1893,1920,2261,2465,2512,2546,2577,2795,2842,2849,2941,2957,3037,3413,3577,3627,3831,3869,3986,4007,4021,4026,4450,5290,5376,5434,6015,6957,6958,6959,6960,6961,6962,6963,6964,6965,6966,7408,7751,8041,9202,
286;1;2295;2336;1;26,55,60,74,139,156,205,208,225,231,255,288,301,395,419,487,528,553,554,640,647,1146,1242,1269,1275,1277,1279,1280,1282,1287,1293,1295,1322,1361,1390,1476,1478,1512,1587,1893,1920,2261,2465,2512,2546,2577,2795,2842,2849,2941,2957,3037,3413,3577,3627,3831,3869,3986,4007,4021,4026,4450,5290,5376,5434,6015,6957,6958,6959,6960,6961,6962,6963,6964,6965,6966,7408,7751,8041,9202,
260;0;2336;2483;0;26,55,60,74,139,156,205,208,225,231,255,288,301,395,419,487,528,553,554,640,647,1146,1242,1269,1275,1277,1279,1280,1282,1287,1293,1295,1322,1361,1390,1476,1478,1512,1587,1893,1920,2261,2465,2512,2546,2577,2795,2842,2849,2941,2957,3037,3413,3577,3627,3831,3869,3986,4007,4021,4026,4450,5290,5376,5434,6015,6957,6958,6959,6960,6961,6962,6963,6964,6965,6966,7408,7751,8041,9202,
260;1;2483;2647;0;26,55,60,74,139,156,205,208,225,231,255,288,301,395,419,487,528,553,554,640,647,1146,1242,1269,1275,1277,1279,1280,1282,1287,1293,1295,1322,1361,1390,1476,1478,1512,1587,1893,1920,2261,2465,2512,2546,2577,2795,2842,2849,2941,2957,3037,3413,3577,3627,3831,3869,3986,4007,4021,4026,4450,5290,5376,5434,6015,6957,6958,6959,6960,6961,6962,6963,6964,6965,6966,7408,7751,8041,9202,
14;0;2647;2799;0;26,55,60,74,139,156,205,208,225,231,255,288,301,395,419,487,528,553,554,640,647,1146,1242,1269,1275,1277,1279,1280,1282,1287,1293,1295,1322,1361,1390,1476,1478,1512,1587,1893,1920,2261,2465,2512,2546,2577,2795,2842,2849,2941,2957,3037,3413,3577,3627,3831,3869,3986,4007,4021,4026,4450,5290,5376,5434,6015,6957,6958,6959,6960,6961,6962,6963,6964,6965,6966,7408,7751,8041,9202,
14;1;2880;3030;0;26,28,55,60,74,139,156,205,208,225,231,255,288,301,395,419,487,528,553,554,640,647,1146,1196,1242,1269,1275,1277,1279,1280,1282,1287,1293,1295,1322,1361,1390,1463,1476,1478,1512,1587,1893,1901,1920,2089,2261,2465,2512,2546,2577,2795,2842,2849,2941,2957,3037,3274,3413,3577,3627,3831,3869,3986,4007,4021,4026,4270,4271,4272,4450,5290,5376,5434,6015,6957,6958,6959,6960,6961,
297;0;3030;3152;0;26,28,55,60,74,139,144,146,156,205,208,225,231,255,288,301,395,398,419,487,528,553,554,640,647,1146,1196,1242,1269,1275,1277,1279,1280,1282,1287,1293,1295,1322,1361,1390,1463,1476,1478,1479,1512,1587,1893,1901,1920,2089,2261,2465,2512,2546,2577,2795,2842,2849,2941,2957,3037,3274,3413,3577,3627,3831,3869,3986,4007,4021,4026,4270,4271,4272,4450,4965,5290,5376,5434,6015,
297;1;3152;3316;0;26,28,55,60,74,139,144,146,156,205,208,225,231,255,288,301,395,398,407,419,487,528,553,554,640,647,971,1146,1196,1242,1269,1275,1277,1279,1280,1282,1287,1293,1295,1322,1361,1390,1463,1476,1478,1479,1512,1587,1893,1901,1920,2089,2261,2465,2512,2546,2577,2795,2842,2849,2941,2957,3037,3274,3413,3577,3627,3831,3869,3986,4007,4021,4026,4270,4271,4272,4450,4965,5290,5376,
217;0;3316;3472;0;26,28,55,60,74,139,144,146,156,205,208,225,231,255,288,301,395,398,407,419,487,528,553,554,640,647,971,1146,1196,1242,1269,1275,1277,1279,1280,1282,1287,1293,1295,1322,1361,1390,1463,1476,1478,1479,1512,1587,1893,1901,1920,2089,2261,2465,2512,2546,2577,2795,2842,2849,2941,2957,3037,3274,3413,3577,3627,3831,3869,3986,4007,4021,4026,4270,4450,4965,5290,8453,8454,8455,
217;1;3472;3591;0;26,28,55,60,74,139,144,146,156,205,208,225,231,255,288,301,395,398,407,419,487,528,553,554,640,647,971,1146,1196,1242,1269,1275,1277,1279,1280,1282,1287,1293,1295,1322,1361,1390,1463,1476,1478,1479,1512,1587,1893,1901,1920,2089,2261,2465,2512,2546,2577,2795,2842,2849,2941,2957,3037,3274,3413,3577,3627,3831,3840,3869,3986,4007,4021,4026,4270,4450,4965,5290,8453,8454,
76;0;3591;3735;0;20,25,33,34,39,46,48,52,60,76,79,126,127,128,144,198,205,225,231,241,295,359,397,413,427,452,483,502,503,506,551,559,640,647,759,962,989,1063,1089,1157,1196,1261,1282,1283,1284,1478,1480,1521,1580,1587,1605,1796,1797,1853,1858,1936,1984,2034,2035,2315,2540,2546,2555,2842,2887,2957,2959,3304,3343,3349,3999,4122,4184,4867,4884,5290,5314,5477,5478,7416,
76;1;3735;3838;0;20,25,33,34,39,46,48,52,60,76,79,126,127,128,144,198,205,225,231,241,295,359,397,413,427,452,483,502,503,506,551,559,640,647,759,962,989,1063,1089,1157,1196,1261,1282,1283,1284,1478,1480,1521,1580,1587,1605,1796,1797,1853,1858,1936,1984,2034,2035,2315,2540,2546,2555,2842,2887,2957,2959,3304,3343,3349,3999,4122,4184,4867,4884,5290,5314,5477,5478,7416,
158;0;3838;4001;0;20,25,33,34,39,46,48,52,60,76,79,126,127,128,144,198,205,225,231,241,295,359,397,413,427,452,483,502,503,506,551,559,640,647,759,962,989,1063,1089,1157,1196,1261,1282,1283,1284,1478,1480,1521,1580,1587,1605,1796,1797,1853,1858,1936,1984,2034,2035,2315,2540,2546,2555,2842,2887,2957,2959,3304,3343,3349,3999,4122,4184,4867,4884,5290,5314,5477,5478,7416,
158;1;4001;4081;0;20,25,33,34,39,46,48,52,60,76,79,126,127,128,144,198,205,225,231,241,295,359,397,413,427,452,483,502,503,506,551,559,640,647,759,962,989,1063,1089,1157,1196,1261,1282,1283,1284,1478,1480,1521,1580,1587,1605,1796,1797,1853,1858,1936,1984,2034,2035,2315,2540,2546,2555,2842,2887,2957,2959,3304,3343,3349,3999,4122,4184,4867,4884,5290,5314,5477,5478,7416,
191;0;4081;4149;0;20,25,33,34,39,46,48,52,60,76,79,126,127,128,144,198,205,225,231,241,295,359,397,413,427,452,483,502,503,506,551,559,640,647,759,962,989,1063,1089,1157,1196,1261,1282,1283,1284,1478,1480,1521,1580,1587,1605,1796,1797,1853,1858,1936,1984,2034,2035,2315,2540,2546,2555,2842,2887,2957,2959,3304,3343,3349,3999,4122,4184,4867,4884,5290,5314,5477,5478,7416,
191;1;4320;4489;0;20,25,33,34,39,46,48,52,60,76,79,126,127,128,144,198,205,225,231,241,295,359,397,413,427,452,483,502,503,506,551,559,640,647,759,858,962,989,1063,1089,1157,1196,1261,1282,1283,1284,1478,1480,1521,1580,1587,1605,1796,1797,1853,1858,1936,1984,2034,2035,2315,2540,2546,2555,2842,2887,2957,2959,3304,3343,3349,3999,4122,4184,4867,4884,5254,5290,6513,7961,
120;0;4489;4582;0;5,20,25,33,34,39,46,48,52,60,76,79,126,127,128,144,198,205,225,231,241,266,288,295,359,390,397,404,413,427,452,483,502,503,506,551,559,640,647,759,854,858,962,989,1048,1050,1051,1060,1063,1089,1157,1196,1261,1282,1283,1284,1470,1478,1480,1521,1580,1587,1605,1669,1796,1797,1853,1858,1936,1973,1984,2034,2134,2315,2355,2425,2546,2555,5254,6513,
120;1;4582;4683;0;5,20,25,33,34,39,46,52,60,79,144,145,198,225,226,229,230,231,232,240,241,242,243,274,288,390,397,404,429,430,503,559,640,647,818,819,821,822,827,854,858,1050,1051,1060,1092,1099,1282,1398,1407,1473,1478,1580,1587,1669,1681,1843,1853,1973,1984,2246,2248,2292,2293,2294,2295,2296,2297,2298,2299,2300,2301,2302,2303,2315,2355,2425,2546,2555,5254,6513,
183;0;4683;4769;0;5,20,25,29,33,34,39,46,52,60,79,144,145,198,225,226,229,230,231,232,240,241,242,243,274,288,390,397,404,429,430,503,504,539,559,640,647,782,810,818,819,821,822,827,854,858,875,972,1050,1051,1060,1092,1099,1282,1398,1407,1473,1478,1549,1580,1587,1669,1681,1843,1853,1973,1984,2198,2199,2200,2201,2202,2246,2315,2355,2425,2546,2555,5254,6513,
183;1;4769;4874;0;5,20,25,29,33,34,39,46,52,60,79,144,145,198,225,226,229,230,231,232,240,241,242,243,274,288,390,397,404,429,430,503,504,539,559,640,647,782,810,818,819,821,822,827,854,858,875,972,1050,1051,1060,1092,1099,1282,1398,1407,1473,1478,1549,1580,1587,1669,1681,1843,1853,1973,1984,2315,2355,2425,2546,2555,5080,5254,5984,5992,6377,6513,6584,6585,
29;0;4874;5054;0;34,40,60,95,144,210,225,248,249,395,397,414,559,581,640,644,647,722,803,843,944,946,1270,1360,1481,1587,1701,1718,1788,1815,1875,1898,1973,2238,2273,2315,2338,2339,2564,2599,2922,2968,3291,3698,3699,3765,3861,4026,5053,5097,5098,5099,5100,5150,5161,5560,6254,6360,6373,6401,6926,7009,7284,7644,7648,7877,7878,7879,7880,7881,7882,8216,8219,8221,8225,8227,8228,8493,8494,8495,
29;1;5054;5061;0;34,40,60,95,144,210,225,248,249,395,397,414,559,581,640,644,647,722,803,843,944,946,1270,1360,1481,1587,1701,1718,1788,1815,1875,1898,1973,2238,2273,2315,2338,2339,2564,2599,2922,2968,3291,3698,3699,3765,3861,4026,5053,5097,5098,5099,5100,5150,5161,5560,6254,6360,6373,6401,6926,7009,7284,7644,7648,7877,7878,7879,7880,7881,7882,8216,8219,8221,8225,8227,8228,8493,8494,8495,
81;0;5061;5096;0;34,40,60,95,144,210,225,248,249,395,397,414,559,581,640,644,647,722,803,843,944,946,1270,1360,1481,1587,1701,1718,1788,1815,1875,1898,1973,2238,2273,2315,2338,2339,2564,2599,2922,2968,3291,3698,3699,3765,3861,4026,5053,5097,5098,5099,5100,5150,5161,5560,6254,6360,6373,6401,6926,7009,7284,7644,7648,7877,7878,7879,7880,7881,7882,8216,8219,8221,8225,8227,8228,8493,8494,8495,
81;1;5096;5246;0;34,40,60,95,144,210,225,248,249,395,397,414,559,581,640,644,647,722,803,843,944,946,1270,1360,1481,1587,1701,1718,1788,1815,1875,1898,1973,2238,2273,2315,2338,2339,2564,2599,2922,2968,3291,3698,3699,3765,3861,4026,5053,5097,5098,5099,5100,5150,5161,5560,6254,6360,6373,6401,6926,7009,7284,7644,7648,7877,7878,7879,7880,7881,7882,8216,8219,8221,8225,8227,8228,8493,8494,8495,
141;0;5246;5376;0;34,40,60,95,144,210,225,248,249,395,397,414,559,581,640,644,647,722,803,843,944,946,1270,1360,1481,1587,1701,1718,1788,1815,1875,1898,1973,2238,2273,2315,2338,2339,2564,2599,2922,2968,3291,3698,3699,3765,3861,4026,5053,5097,5098,5099,5100,5150,5161,5560,6254,6360,6373,6401,6926,7009,7284,7644,7648,7877,7878,7879,7880,7881,7882,8216,8219,8221,8225,8227,8228,8493,8494,8495,
141;1;5376;5428;0;34,40,60,95,144,210,225,248,249,395,397,414,559,581,640,644,647,722,803,843,944,946,1270,1360,1481,1587,1701,1718,1788,1815,1875,1898,1973,2238,2273,2315,2338,2339,2564,2599,2922,2968,3291,3698,3699,3765,3861,4026,5053,5097,5098,5099,5100,5150,5161,5560,6254,6360,6373,6401,6926,7009,7284,7644,7648,7877,7878,7879,7880,7881,7882,8216,8219,8221,8225,8227,8228,8493,8494,8495,
673;0;5760;5939;0;34,40,60,62,95,144,204,210,225,248,249,395,397,414,448,559,581,640,644,647,722,803,843,944,946,1248,1270,1360,1481,1587,1701,1718,1788,1815,1875,1898,1973,1999,2006,2185,2238,2273,2315,2338,2339,2564,2599,2849,2922,2968,3291,3698,3699,3765,3861,3906,4026,4103,4104,4105,5053,5097,5098,5099,5100,5150,5161,5560,6254,6360,6373,6401,6926,7009,7284,7644,7648,7877,7878,7879,
75;0;5939;6064;0;34,40,60,62,95,144,204,210,225,248,249,395,397,414,448,559,581,640,644,647,722,803,843,944,946,1248,1270,1360,1481,1587,1701,1718,1788,1815,1875,1898,1973,1999,2006,2185,2238,2273,2315,2338,2339,2564,2599,2849,2922,2968,3291,3698,3699,3765,3861,3906,4026,4103,4104,4105,4331,4332,4333,5053,5097,5098,5099,5100,5150,5161,5560,6254,6360,6373,6401,6926,7009,7284,7644,7879,
75;1;6064;6114;0;26,34,40,60,62,95,144,204,210,225,248,249,395,397,414,448,559,581,640,644,647,722,803,843,944,946,1248,1270,1360,1481,1587,1701,1718,1788,1815,1875,1898,1973,1999,2006,2185,2238,2273,2315,2338,2339,2564,2599,2849,2922,2968,3291,3698,3699,3765,3774,3861,3906,4026,4103,4104,4105,4331,4332,4333,5053,5097,5098,5099,5100,5150,5161,5560,7029,7879,8074,8075,8077,8115,8116,
275;0;6114;6201;0;26,34,40,60,62,95,144,204,210,225,248,249,395,397,414,448,559,581,640,644,647,722,803,843,944,946,1248,1270,1360,1481,1587,1701,1718,1788,1815,1875,1898,1973,1999,2006,2185,2238,2273,2315,2338,2339,2564,2599,2849,2922,2968,3291,3698,3699,3765,3774,3861,3906,4026,4103,4104,4105,4331,4332,4333,5053,5097,5098,5099,5100,5150,5161,5560,7029,7879,8074,8075,8077,8469,8470,
275;1;6201;6287;0;2,26,34,40,60,62,95,144,204,210,225,234,248,249,395,397,414,448,559,581,640,644,647,722,803,843,855,944,946,1093,1117,1172,1236,1248,1270,1360,1481,1502,1587,1701,1718,1788,1815,1875,1898,1973,1999,2006,2185,2238,2273,2315,2338,2339,2564,2599,2849,2922,2968,2998,2999,3000,3001,3291,3698,3699,3765,3774,3861,3906,4026,4103,4104,4105,4331,4332,4333,5053,5097,5098,
964;0;6287;6456;0;2,26,34,40,60,62,95,97,144,178,179,181,184,204,210,225,234,248,249,267,268,272,273,285,305,307,308,309,317,395,397,414,448,559,581,640,644,647,722,803,843,855,944,946,1093,1117,1132,1172,1236,1248,1270,1360,1379,1481,1502,1587,1680,1701,1718,1788,1815,1875,1898,1973,1999,2006,2185,2238,2273,2315,2338,2339,2564,2599,2849,3000,3291,3698,3861,3906,
17;0;6456;6470;0;2,26,34,40,60,62,95,97,139,144,145,178,179,181,184,204,210,225,234,248,249,262,267,268,272,273,277,285,305,307,308,309,314,317,321,395,397,398,400,414,448,559,581,640,644,647,722,803,843,855,933,944,948,1093,1117,1172,1236,1270,1360,1476,1478,1479,1481,1502,1587,1680,1875,1973,2315,2338,2425,2536,2849,3000,3291,3698,3861,3906,5181,5182,
17;1;6470;6623;0;89,97,225,262,289,290,304,305,395,429,666,692,719,825,853,895,945,952,1068,1069,1121,1147,1171,1444,1481,1558,1587,1913,2475,2509,2534,2627,2645,2774,2775,2777,2778,2815,2816,2903,2947,2951,2985,2987,2988,2990,2991,2992,2993,2994,2995,2996,2997,3261,3263,3284,3633,3712,4472,4569,4585,4739,5185,5731,5733,6329,6748,6796,6797,6798,6799,6800,6801,6802,6803,6804,6805,6806,6807,7368,
910;0;6623;6787;0;89,97,225,262,289,290,304,305,395,429,666,692,719,825,853,895,945,952,1068,1069,1121,1147,1171,1444,1481,1558,1587,1913,2475,2509,2534,2627,2645,2774,2775,2777,2778,2815,2816,2903,2947,2951,2985,2987,2988,2990,2991,2992,2993,2994,2995,2996,2997,3261,3263,3284,3633,3712,4472,4569,4585,4739,5185,5731,5733,6329,6748,6796,6797,6798,6799,6800,6801,6802,6803,6804,6805,6806,6807,7368,
206;0;6787;6870;0;89,97,225,262,289,290,304,305,395,429,666,692,719,825,853,895,945,952,1068,1069,1121,1147,1171,1444,1481,1558,1587,1913,2475,2509,2534,2627,2645,2774,2775,2777,2778,2815,2816,2903,2947,2951,2985,2987,2988,2990,2991,2992,2993,2994,2995,2996,2997,3261,3263,3284,3633,3712,4472,4569,4585,4739,5185,5731,5733,6329,6748,6796,6797,6798,6799,6800,6801,6802,6803,6804,6805,6806,6807,7368,
206;1;6870;6950;0;89,97,225,262,289,290,304,305,395,429,666,692,719,825,853,895,945,952,1068,1069,1121,1147,1171,1444,1481,1558,1587,1913,2475,2509,2534,2627,2645,2774,2775,2777,2778,2815,2816,2903,2947,2951,2985,2987,2988,2990,2991,2992,2993,2994,2995,2996,2997,3261,3263,3284,3633,3712,4472,4569,4585,4739,5185,5731,5733,6329,6748,6796,6797,6798,6799,6800,6801,6802,6803,6804,6805,6806,6807,7368,
854;0;6950;7110;0;89,97,225,262,289,290,304,305,395,429,666,692,719,825,853,895,945,952,1068,1069,1121,1147,1171,1444,1481,1558,1587,1913,2475,2509,2534,2627,2645,2774,2775,2777,2778,2815,2816,2903,2947,2951,2985,2987,2988,2990,2991,2992,2993,2994,2995,2996,2997,3261,3263,3284,3633,3712,4472,4569,4585,4739,5185,5731,5733,6329,6748,6796,6797,6798,6799,6800,6801,6802,6803,6804,6805,6806,6807,7368,
917;0;7200;7357;0;24,55,58,89,97,225,247,262,289,290,304,305,395,429,666,692,719,825,853,895,945,952,1068,1069,1121,1147,1171,1444,1481,1558,1587,1913,2418,2420,2475,2509,2534,2537,2627,2645,2774,2775,2777,2778,2815,2816,2836,2903,2947,2951,2985,2987,2988,2990,2991,2992,2993,2994,2995,2996,2997,3261,3263,3284,3609,3633,3691,3706,3712,3842,3852,4472,4569,4585,4739,5731,5733,5998,5999,6014,
127;0;7357;7382;0;24,55,58,89,97,144,225,247,262,289,290,304,305,395,429,666,692,719,825,853,895,945,952,1068,1069,1121,1147,1171,1444,1481,1558,1587,1913,2418,2420,2475,2509,2534,2537,2627,2645,2774,2775,2777,2778,2815,2816,2836,2903,2947,2951,2985,2987,2988,2990,2991,2992,2993,2994,2995,2996,2997,3261,3263,3284,3609,3633,3691,3706,3712,3842,3852,4472,4569,4585,4739,5731,5733,5998,5999,
127;1;7382;7513;0;24,55,58,89,97,144,225,247,255,262,289,290,304,305,395,429,476,666,692,719,729,754,825,853,895,945,952,987,1068,1069,1121,1147,1171,1444,1481,1558,1587,1719,1913,2074,2080,2418,2420,2475,2509,2534,2537,2555,2627,2645,2774,2775,2777,2778,2815,2816,2836,2849,2903,2941,2947,2951,2985,2987,2988,2990,2991,2992,2993,2994,3263,3284,3633,3814,4472,4739,5731,5733,6686,9194,
227;0;7513;7537;0;3,24,55,58,89,97,100,144,225,247,255,262,289,290,304,305,395,429,476,666,692,719,729,754,825,853,854,895,945,952,987,1068,1069,1118,1121,1147,1171,1444,1481,1558,1587,1719,1809,1913,2074,2080,2418,2420,2475,2509,2534,2537,2555,2627,2645,2774,2775,2777,2778,2815,2816,2836,2849,2903,2941,2947,2951,2985,2987,2988,3263,3284,3633,4472,4553,4739,5685,5731,5733,8057,
227;1;7537;7668;0;3,24,55,58,89,97,100,144,225,247,255,262,289,290,304,305,395,429,476,666,692,719,729,754,825,853,854,895,945,952,987,1068,1069,1118,1121,1147,1171,1444,1481,1558,1587,1719,1809,1913,2074,2080,2418,2420,2475,2509,2534,2537,2555,2627,2645,2774,2775,2777,2778,2815,2816,2836,2849,2903,2941,2947,2951,2985,2987,2988,3263,3284,3633,4472,4553,4739,5731,5733,6134,6136,
940;0;7668;7820;0;3,24,55,58,89,97,100,144,225,247,255,262,289,290,304,305,395,429,476,666,692,719,729,754,825,853,854,895,945,952,987,1068,1069,1118,1121,1147,1171,1293,1294,1444,1481,1558,1587,1719,1809,1913,2074,2080,2418,2420,2475,2509,2534,2537,2555,2627,2645,2774,2775,2777,2778,2815,2816,2836,2849,2903,2916,2941,2947,2951,2985,2987,3263,3284,3633,4472,4553,4739,5731,5733,
893;0;7820;7972;0;3,24,55,89,97,100,144,149,225,241,251,262,275,277,288,289,290,291,305,321,351,390,395,398,404,429,520,640,666,715,719,728,854,895,945,949,1068,1118,1121,1146,1147,1163,1171,1293,1294,1481,1719,1809,1814,1884,2223,2419,2420,2475,2546,2627,2628,2645,2678,2679,2774,2775,2778,2837,2903,3284,3291,3698,3744,4472,4553,4803,5209,5651,6126,6410,7262,7838,8171,8174,
1;0;7972;8045;0;3,24,55,89,97,100,144,149,225,241,251,262,275,277,288,289,290,291,305,321,351,390,395,398,404,429,520,640,666,715,719,728,854,895,945,949,1068,1118,1121,1146,1147,1163,1171,1293,1294,1481,1719,1809,1814,1884,2223,2419,2420,2475,2546,2627,2628,2645,2678,2679,2774,2775,2778,2837,2903,3284,3291,3698,3744,4472,4553,4803,5209,5651,6126,6410,7262,7838,8171,8174,
1;1;8045;8120;0;3,24,55,89,97,100,144,149,225,241,251,262,275,277,288,289,290,291,305,321,351,390,395,398,404,429,520,640,666,715,719,728,854,895,945,949,1068,1118,1121,1146,1147,1163,1171,1293,1294,1481,1719,1809,1814,1884,2223,2419,2420,2475,2546,2627,2628,2645,2678,2679,2774,2775,2778,2837,2903,3284,3291,3698,3744,4472,4553,4803,5209,5651,6126,6410,7262,7838,8171,8174,
209;0;8120;8206;0;3,24,55,89,97,100,144,149,225,241,251,262,275,277,288,289,290,291,305,321,351,390,395,398,404,429,520,640,666,715,719,728,854,895,945,949,1068,1118,1121,1146,1147,1163,1171,1293,1294,1481,1719,1809,1814,1884,2223,2419,2420,2475,2546,2627,2628,2645,2678,2679,2774,2775,2778,2837,2903,3284,3291,3698,3744,4472,4553,4803,5209,5651,6126,6410,7262,7838,8171,8174,
209;1;8206;8266;0;3,24,55,89,97,100,144,149,225,241,251,262,275,277,288,289,290,291,305,321,351,390,395,398,404,429,520,640,666,715,719,728,854,895,945,949,1068,1118,1121,1146,1147,1163,1171,1293,1294,1481,1719,1809,1814,1884,2223,2419,2420,2475,2546,2627,2628,2645,2678,2679,2774,2775,2778,2837,2903,3284,3291,3698,3744,4472,4553,4803,5209,5651,6126,6410,7262,7838,8171,8174,
734;0;8640;8781;0;3,100,137,144,177,262,267,277,290,297,305,306,318,321,395,398,429,434,854,855,890,892,894,895,896,897,898,899,900,901,907,908,911,912,913,915,916,918,919,920,921,923,924,925,926,927,928,929,930,931,932,934,938,939,942,943,948,1121,1171,1293,1361,1378,1668,1671,1809,1814,2370,3618,3619,3620,4469,4553,4658,6101,6107,6108,6109,6110,6111,6112,
25;0;8781;8798;0;3,100,137,144,177,262,267,277,290,297,305,306,318,321,395,398,429,434,854,855,890,892,894,895,896,897,898,899,900,901,907,908,911,912,913,915,916,918,919,920,921,923,924,925,926,927,928,929,930,931,932,934,938,939,942,943,948,1121,1171,1287,1293,1322,1361,1378,1668,1671,1809,1814,2370,3606,3618,3619,3620,3703,4469,4553,4658,4952,5606,5607,
25;1;8798;8918;0;3,100,137,144,177,262,267,277,288,290,292,297,305,306,318,321,395,398,429,434,644,647,854,855,890,892,894,895,896,897,898,899,900,901,907,908,911,912,913,915,916,918,919,920,921,923,924,925,926,927,928,929,931,948,1117,1121,1146,1214,1287,1293,1322,1361,1474,1478,1668,1671,1814,1978,2716,3387,3606,3618,3703,3920,4553,4658,5206,5734,6347,6384,
310;0;8918;8986;0;3,100,137,144,177,262,267,277,288,290,292,297,305,306,318,321,340,395,398,429,434,644,647,851,854,855,890,892,894,895,896,897,898,899,900,901,907,908,911,912,913,915,916,918,919,920,921,927,931,948,1117,1121,1146,1214,1287,1293,1322,1361,1474,1478,1668,1671,2891,3606,3618,3703,3745,4553,4658,5734,8134,8137,8190,8197,8198,8199,8200,8203,8204,8205,
310;1;8986;9052;0;3,100,137,144,177,225,231,244,262,267,277,288,290,292,297,305,306,318,321,340,354,357,395,398,404,429,434,591,644,647,851,854,855,890,892,894,895,896,897,898,899,900,901,907,908,911,912,913,915,927,931,948,1117,1121,1146,1214,1287,1293,1322,1361,1474,1478,1666,1668,1671,2714,2891,3284,3606,3618,3703,4311,4312,4472,4553,4658,5734,6848,8190,8199,
918;0;9052;9183;0;3,100,137,144,177,225,231,244,262,267,277,288,290,292,297,305,306,318,321,340,354,357,395,398,404,429,434,591,644,647,851,854,855,890,892,894,895,896,897,898,899,900,901,907,908,911,912,913,915,927,931,948,1117,1121,1146,1214,1287,1293,1322,1361,1474,1478,1481,1666,1668,1671,2714,2891,3284,3606,3618,3703,4311,4312,4472,4553,4658,5734,8190,8199,
109;0;9183;9292;0;3,95,97,100,137,144,177,225,231,234,262,267,268,272,273,277,287,288,297,305,306,321,395,398,404,429,434,591,647,838,854,855,892,898,911,912,927,948,1121,1146,1166,1200,1214,1287,1293,1322,1361,1474,1478,1481,1493,1513,1666,1668,1671,1728,1729,1812,1973,2365,2371,2405,2891,3000,3436,3437,3438,3439,3440,3441,3442,3443,3444,3445,3703,4472,4553,5734,8190,8199,
109;1;9292;9313;0;3,95,97,100,137,139,144,149,177,225,231,234,262,267,268,272,273,275,277,287,288,297,301,305,306,321,395,398,404,429,434,591,647,833,838,854,855,863,892,898,911,912,927,948,1060,1093,1121,1134,1146,1166,1200,1214,1287,1293,1322,1361,1474,1478,1481,1493,1502,1513,1666,1668,1670,1671,1973,2224,2405,2891,3703,4472,4535,4553,4746,5432,5627,5734,8190,8199,
805;0;9313;9438;0;2,4,89,90,95,139,144,145,177,208,225,262,265,267,268,272,276,277,288,300,305,306,321,393,400,583,588,764,768,773,833,836,854,855,858,862,863,911,944,945,947,948,949,1045,1046,1050,1051,1052,1150,1174,1214,1232,1371,1478,1513,1524,1525,1532,1533,1534,1535,1536,1537,1538,1930,2017,2018,2019,2020,2021,2022,2023,2355,2851,2852,2853,2854,2855,3314,3906,
686;0;9438;9559;0;2,4,89,90,95,139,144,145,177,208,225,262,265,267,268,272,276,277,288,300,305,306,321,393,400,583,588,764,768,773,833,836,854,855,858,862,863,911,944,945,947,948,949,1045,1046,1050,1051,1052,1150,1174,1214,1232,1371,1478,1513,1524,1525,1532,1533,1534,1535,1536,1537,1538,1930,2017,2018,2019,2020,2021,2022,2023,2355,2851,2852,2853,2854,2855,3314,3906,
820;0;9559;9674;0;2,4,89,90,95,139,144,145,177,208,225,262,265,267,268,272,276,277,288,300,305,306,321,393,400,583,588,764,768,773,833,836,854,855,858,862,863,911,944,945,947,948,949,1045,1046,1050,1051,1052,1150,1174,1214,1232,1371,1478,1513,1524,1525,1532,1533,1534,1535,1536,1537,1538,1930,2017,2018,2019,2020,2021,2022,2023,2355,2851,2852,2853,2854,2855,3314,3906,
21;0;9674;9684;0;2,4,89,90,95,139,144,145,177,208,225,262,265,267,268,272,276,277,288,300,305,306,321,393,400,583,588,764,768,773,833,836,854,855,858,862,863,911,944,945,947,948,949,1045,1046,1050,1051,1052,1150,1174,1214,1232,1371,1478,1513,1524,1525,1532,1533,1534,1535,1536,1537,1538,1930,2017,2018,2019,2020,2021,2022,2023,2355,2851,2852,2853,2854,2855,3314,3906,
21;1;9684;9785;0;2,4,89,90,95,139,144,145,177,208,225,262,265,267,268,272,276,277,288,300,305,306,321,393,400,583,588,764,768,773,833,836,854,855,858,862,863,911,944,945,947,948,949,1045,1046,1050,1051,1052,1150,1174,1214,1232,1371,1478,1513,1524,1525,1532,1533,1534,1535,1536,1537,1538,1930,2017,2018,2019,2020,2021,2022,2023,2355,2851,2852,2853,2854,2855,3314,3906,
909;0;9785;9894;0;2,4,89,90,95,139,144,145,177,208,225,262,265,267,268,272,276,277,288,300,305,306,321,393,400,583,588,764,768,773,833,836,854,855,858,862,863,911,944,945,947,948,949,1045,1046,1050,1051,1052,1150,1174,1214,1232,1371,1478,1513,1524,1525,1532,1533,1534,1535,1536,1537,1538,1930,2017,2018,2019,2020,2021,2022,2023,2355,2851,2852,2853,2854,2855,3314,3906,
937;0;10080;10185;0;2,4,89,90,95,139,144,145,177,208,225,262,265,267,268,272,276,277,286,288,300,305,306,310,313,314,321,385,393,400,436,583,588,764,768,773,833,836,854,855,858,862,863,911,944,945,947,948,949,1045,1046,1050,1051,1052,1131,1150,1174,1214,1232,1363,1371,1429,1430,1478,1513,1524,1525,1532,1533,1534,1535,1536,1537,1538,1676,2018,2117,2462,3390,3391,
98;0;10185;10240;0;2,4,89,90,95,139,144,145,177,208,225,262,265,267,268,272,276,277,286,288,300,305,306,310,313,314,321,385,393,400,436,583,588,640,764,768,773,833,836,854,855,858,862,863,911,944,945,947,948,949,1045,1046,1050,1051,1052,1131,1150,1174,1214,1232,1363,1371,1429,1430,1478,1513,1524,1525,1532,1533,1534,1535,1536,1537,1538,1676,2018,2117,5771,5772,
98;1;10240;10285;0;2,4,10,89,90,95,117,139,144,145,177,208,225,262,265,267,268,272,276,277,286,288,300,305,306,310,313,314,321,400,436,583,640,719,773,836,854,855,862,863,948,949,1051,1068,1172,1346,1358,1478,1676,1875,1947,2018,2091,2338,2711,2723,2774,2778,4581,4604,4627,4628,4629,4630,4631,4632,4633,4634,4635,4636,4637,4638,4639,4640,4641,4642,4643,4644,4645,4646,
790;0;10285;10381;0;2,4,10,89,90,95,117,139,144,145,177,208,225,262,265,267,268,272,276,277,286,288,300,305,306,310,313,314,321,400,436,583,640,719,773,836,854,855,862,863,948,949,1051,1068,1172,1346,1358,1478,1676,1875,1947,2018,2091,2338,2711,2723,2774,2778,4581,4604,4627,4628,4629,4630,4631,4632,4633,4634,4635,4636,4637,4638,4639,4640,4641,4642,4643,4644,4645,8289,
888;0;10381;10476;0;2,4,10,89,90,95,117,139,144,145,177,208,225,262,265,267,268,272,276,277,286,288,300,305,306,310,313,314,321,329,379,398,400,436,583,640,719,773,836,854,855,862,863,898,948,949,1051,1068,1118,1172,1346,1358,1359,1474,1478,1676,1680,1875,1947,1973,2018,2091,2338,2711,2723,2774,2778,3099,4581,4604,4627,4628,4629,4630,4631,4632,4639,4641,5223,5224,
150;0;10476;10531;0;2,4,10,89,90,95,101,117,139,144,145,146,177,208,225,262,265,267,268,272,276,277,286,288,300,305,306,310,313,314,321,329,379,398,400,436,583,640,719,773,836,854,855,862,863,898,948,949,1051,1068,1118,1359,1474,1478,1604,1676,1680,1726,1973,2018,2091,2774,2778,3099,4035,4219,4604,4627,4639,4641,5777,5984,5987,5992,6090,6513,6584,7926,7927,7958,
150;1;10531;10568;0;2,4,10,24,26,38,46,52,54,79,89,90,95,101,117,139,144,145,146,177,208,225,262,265,267,268,272,276,277,286,288,300,305,306,310,313,314,321,329,379,398,400,408,436,583,640,719,773,836,854,855,862,863,898,948,949,1051,1068,1118,1359,1474,1478,1676,1680,1719,1720,1721,1722,1723,1724,1973,2018,2091,2774,2778,3099,4604,4627,4639,4641,
885;0;10568;10657;0;2,4,10,24,26,38,46,52,54,79,89,90,95,117,139,144,145,146,177,208,225,262,267,268,272,276,277,286,288,305,310,314,321,329,398,400,408,436,528,583,640,773,836,854,855,862,863,898,948,949,1051,1118,1268,1274,1287,1293,1295,1297,1359,1474,1478,1676,1680,1702,1973,2018,2091,2261,2419,2420,2444,2446,2774,2778,3099,4206,4604,4627,4639,4641,
878;0;10657;10743;0;2,4,10,24,26,38,46,52,54,79,89,90,95,117,139,144,145,146,177,208,225,262,267,268,272,276,277,286,288,305,310,314,321,329,398,400,408,436,528,583,640,773,836,854,855,862,863,898,948,949,1051,1118,1268,1274,1287,1293,1295,1297,1359,1474,1478,1676,1680,1702,1973,2018,2091,2261,2419,2420,2444,2446,2774,2778,3099,4604,4627,4639,4641,7329,
304;0;10743;10820;0;26,35,55,63,68,117,150,196,278,374,515,528,565,569,715,826,965,995,1266,1267,1282,1285,1287,1289,1292,1293,1294,1295,1419,1481,1693,1853,1916,1984,1989,2149,2216,2221,2231,2315,2518,2519,2520,2521,2522,2523,2524,2525,2526,2527,2528,2774,2778,3703,3870,4229,4230,4327,4620,5392,5471,6225,6244,7026,7213,7296,7301,7316,7868,8199,8364,8461,8462,8581,8798,9125,9126,9127,9128,9129,
304;1;10820;10828;0;26,35,55,63,68,117,150,196,278,374,515,528,565,569,715,826,965,995,1266,1267,1282,1285,1287,1289,1292,1293,1294,1295,1419,1481,1693,1853,1916,1984,1989,2149,2216,2221,2231,2315,2518,2519,2520,2521,2522,2523,2524,2525,2526,2527,2528,2774,2778,3703,3870,4229,4230,4327,4620,5392,5471,6225,6244,7026,7213,7296,7301,7316,7868,8199,8364,8461,8462,8581,8798,9125,9126,9127,9128,9129,
736;0;10828;10911;0;26,35,55,63,68,117,150,196,278,374,515,528,565,569,715,826,965,995,1266,1267,1282,1285,1287,1289,1292,1293,1294,1295,1419,1481,1693,1853,1916,1984,1989,2149,2216,2221,2231,2315,2518,2519,2520,2521,2522,2523,2524,2525,2526,2527,2528,2774,2778,3703,3870,4229,4230,4327,4620,5392,5471,6225,6244,7026,7213,7296,7301,7316,7868,8199,8364,8461,8462,8581,8798,9125,9126,9127,9128,9129,
215;0;10911;10941;0;26,35,55,63,68,117,150,196,278,374,515,528,565,569,715,826,965,995,1266,1267,1282,1285,1287,1289,1292,1293,1294,1295,1419,1481,1693,1853,1916,1984,1989,2149,2216,2221,2231,2315,2518,2519,2520,2521,2522,2523,2524,2525,2526,2527,2528,2774,2778,3703,3870,4229,4230,4327,4620,5392,5471,6225,6244,7026,7213,7296,7301,7316,7868,8199,8364,8461,8462,8581,8798,9125,9126,9127,9128,9129,
215;1;10941;10994;0;26,35,55,63,68,117,150,196,278,374,515,528,565,569,715,826,965,995,1266,1267,1282,1285,1287,1289,1292,1293,1294,1295,1419,1481,1693,1853,1916,1984,1989,2149,2216,2221,2231,2315,2518,2519,2520,2521,2522,2523,2524,2525,2526,2527,2528,2774,2778,3703,3870,4229,4230,4327,4620,5392,5471,6225,6244,7026,7213,7296,7301,7316,7868,8199,8364,8461,8462,8581,8798,9125,9126,9127,9128,9129,
703;0;10994;11072;0;26,35,55,63,68,117,150,196,278,374,515,528,565,569,715,826,965,995,1266,1267,1282,1285,1287,1289,1292,1293,1294,1295,1419,1481,1693,1853,1916,1984,1989,2149,2216,2221,2231,2315,2518,2519,2520,2521,2522,2523,2524,2525,2526,2527,2528,2774,2778,3703,3870,4229,4230,4327,4620,5392,5471,6225,6244,7026,7213,7296,7301,7316,7868,8199,8364,8461,8462,8581,8798,9125,9126,9127,9128,9129,
873;0;11072;11146;0;26,35,55,63,68,117,150,196,278,374,515,528,565,569,715,826,965,995,1266,1267,1282,1285,1287,1289,1292,1293,1294,1295,1419,1481,1693,1853,1916,1984,1989,2149,2216,2221,2231,2315,2518,2519,2520,2521,2522,2523,2524,2525,2526,2527,2528,2774,2778,3703,3870,4229,4230,4327,4620,5392,5471,6225,6244,7026,7213,7296,7301,7316,7868,8199,8364,8461,8462,8581,8798,9125,9126,9127,9128,9129,
709;0;11520;11593;0;26,35,55,63,68,117,150,196,231,278,297,374,515,528,565,569,715,826,965,995,1266,1267,1282,1285,1287,1289,1292,1293,1294,1295,1419,1476,1481,1693,1853,1916,1984,1989,2149,2216,2221,2231,2315,2405,2518,2519,2520,2521,2522,2523,2524,2525,2526,2527,2528,2658,2774,2775,2778,3703,3870,4229,4230,4327,4620,4946,5392,5471,6225,6244,7026,7213,7296,7301,7316,7868,8199,8364,8461,8462,
821;0;11593;11662;0;26,35,55,63,68,100,117,144,150,196,231,278,297,374,515,528,565,569,666,715,826,862,965,995,1266,1267,1282,1285,1287,1289,1292,1293,1294,1295,1419,1476,1481,1482,1483,1693,1853,1916,1984,1989,2052,2149,2216,2221,2231,2315,2405,2468,2475,2518,2519,2520,2521,2522,2523,2524,2525,2526,2678,2774,2775,2778,2903,3703,4365,4620,4946,5392,5525,5637,5722,5868,6022,6311,6312,6313,
762;0;11662;11716;0;2,26,35,55,63,68,100,137,139,144,149,231,262,297,301,374,400,528,569,647,666,676,715,830,854,855,862,863,904,917,933,948,1093,1116,1118,1121,1125,1287,1293,1294,1295,1362,1476,1481,1484,1485,1486,1487,1488,1489,1490,1491,1492,1493,1494,1495,1496,1497,1498,1499,1500,1501,1502,1503,1504,1505,1506,2315,2468,2475,2518,2678,2774,2775,2778,2903,3703,4620,4946,5525,
994;0;11716;11768;0;2,26,35,55,63,68,100,137,139,144,149,231,262,297,301,374,400,528,569,647,666,676,715,830,854,855,862,863,904,917,933,948,1093,1116,1118,1121,1125,1268,1277,1287,1293,1294,1295,1322,1362,1476,1481,1484,1485,1486,1487,1488,1489,1490,1491,1492,1493,1494,1495,1496,1497,1498,1499,2263,2315,2407,2468,2475,2518,2561,2562,2678,2774,2775,2778,2903,3703,4620,4946,5525,
919;0;11768;11813;0;2,26,35,55,63,68,97,100,137,139,144,149,225,231,234,262,268,272,273,286,287,291,297,301,302,310,351,374,395,400,528,569,640,647,666,676,715,830,854,855,862,863,904,933,948,1116,1118,1121,1236,1268,1287,1293,1295,1322,1476,1481,1484,1486,1624,1740,2225,2315,2407,2468,2475,2518,2678,2695,2774,2775,2778,2903,3698,3703,3793,4620,4946,5525,7033,7034,
967;0;11813;11857;0;2,26,35,55,63,68,97,100,137,139,144,149,225,231,234,245,262,268,272,273,286,287,289,291,297,301,302,310,351,374,395,400,528,569,640,647,666,676,715,773,830,854,855,862,863,904,933,948,1116,1118,1121,1236,1268,1287,1293,1295,1322,1476,1481,1484,1486,1624,2315,2407,2468,2475,2518,2678,2774,2775,2778,2903,2962,3703,4620,4946,5525,7804,7805,8190,
723;0;11857;11899;0;2,26,55,68,100,137,138,139,144,149,225,234,262,273,289,291,297,301,310,342,351,374,395,400,528,569,591,640,647,666,677,715,766,836,854,855,862,863,927,933,948,949,1116,1118,1121,1147,1268,1287,1293,1295,1322,1476,1481,1484,1486,1661,1662,1663,1664,1665,1666,1667,1668,1669,1670,1671,1672,1673,1674,2315,2468,2475,2518,2774,2775,2778,3703,4620,4946,5525,
811;0;11899;11940;0;2,26,55,68,100,137,138,139,144,149,225,234,241,262,271,273,289,291,297,301,310,342,351,374,390,395,398,400,528,569,591,640,645,647,648,666,677,715,766,836,854,855,862,863,927,933,948,949,1116,1118,1121,1147,1268,1287,1293,1295,1322,1474,1476,1481,1484,1486,1661,1662,1663,1668,1670,1671,2315,2468,2475,2518,2774,2775,2778,2891,3703,4620,4946,5525,
900;0;11940;11969;0;2,26,55,68,100,137,139,144,145,149,225,233,234,241,262,273,277,288,289,291,297,301,310,321,351,374,390,397,398,400,404,429,434,528,569,645,647,648,666,677,715,854,855,862,927,933,948,949,1116,1118,1121,1147,1268,1287,1293,1295,1322,1398,1473,1474,1476,1478,1481,1484,1486,1595,1661,1668,1670,1671,2315,2468,2475,2518,2774,2775,2778,4946,5525,5734,
848;0;11969;11995;0;2,26,55,68,100,137,139,144,145,149,225,233,234,241,262,273,277,288,289,291,297,301,310,321,351,374,390,397,398,400,404,429,528,569,645,647,648,666,677,715,854,855,862,927,933,948,1116,1118,1121,1147,1268,1287,1293,1295,1322,1398,1473,1474,1476,1478,1481,1484,1486,1661,1668,1670,1671,2315,2468,2475,2518,2774,2775,2778,4946,5525,7335,7336,7410,7411,
815;0;11995;12017;0;2,26,55,68,100,137,139,144,145,149,225,233,234,241,262,273,288,289,291,297,301,310,321,351,374,390,398,400,404,429,528,569,645,647,648,666,677,715,854,855,862,927,933,948,1116,1118,1121,1147,1268,1287,1293,1295,1322,1398,1473,1474,1476,1478,1481,1484,1486,1529,1661,1668,1670,1671,2131,2315,2468,2475,2518,2627,2651,2774,2775,2778,4946,5525,6194,6309,
819;0;12017;12031;0;2,26,68,100,137,139,144,149,225,234,241,262,288,289,301,321,390,398,400,404,429,528,569,645,647,648,677,855,862,948,1116,1121,1147,1268,1287,1293,1295,1322,1398,1473,1474,1476,1481,1486,1661,1670,2315,2468,2475,2518,2627,2774,2775,2778,6194,9222,9223,9224,9225,9229,9230,9231,9232,9233,9234,9235,9236,9237,9238,9239,9240,9241,9242,9243,9244,9245,9246,9247,9248,9249,
834;0;12031;12150;1;2,26,68,100,137,139,144,149,225,234,241,262,288,289,301,321,390,398,400,404,429,528,569,645,647,648,677,855,862,948,1116,1121,1147,1262,1268,1287,1293,1295,1322,1398,1473,1474,1476,1481,1486,1661,1670,2315,2468,2475,2518,2627,2774,2775,2778,2829,4489,5262,6194,9222,9223,9224,9225,9229,9230,9231,9232,9233,9234,9235,9236,9237,9238,9239,9240,9241,9242,9243,9244,9245,
251;0;12150;12185;1;2,4,26,68,100,137,139,144,149,225,234,241,262,288,289,301,321,390,391,398,400,404,429,528,569,645,647,648,677,855,862,948,1051,1116,1121,1146,1147,1262,1268,1287,1293,1295,1322,1359,1361,1398,1401,1473,1474,1476,1477,1481,1486,1661,1670,2109,2315,2468,2475,2518,2627,2774,2775,2778,2829,3121,4489,5262,6181,6194,9222,9223,9224,9225,9229,9230,9231,9232,9233,9234,
251;1;12185;12273;1;26,40,100,144,146,149,189,193,198,234,255,321,329,362,363,366,398,408,415,528,532,544,561,677,700,732,952,978,1117,1146,1147,1149,1270,1271,1278,1279,1287,1293,1295,1322,1476,1479,1481,1567,1920,2080,2089,2475,2602,2626,3133,3413,3606,3633,3707,3876,3907,3908,4108,4472,4473,4964,4965,4966,4972,4997,5049,5101,5182,5731,5733,6194,6441,6790,6791,6792,6793,6794,6795,7074,
688;0;12273;12402;1;26,40,100,144,146,149,189,193,198,234,255,321,329,362,363,366,398,408,415,528,532,544,561,677,700,732,952,978,1117,1146,1147,1149,1270,1271,1278,1279,1287,1293,1295,1322,1476,1479,1481,1567,1920,2080,2089,2475,2602,2626,3133,3413,3606,3633,3707,3876,3907,3908,4108,4472,4473,4964,4965,4966,4972,4997,5049,5101,5182,5731,5733,6194,6441,6790,6791,6792,6793,6794,6795,7074,
903;0;12402;12533;1;26,40,100,144,146,149,189,193,198,234,255,321,329,362,363,366,398,408,415,528,532,544,561,677,700,732,952,978,1117,1146,1147,1149,1270,1271,1278,1279,1287,1293,1295,1322,1476,1479,1481,1567,1920,2080,2089,2475,2602,2626,3133,3413,3606,3633,3707,3876,3907,3908,4108,4472,4473,4964,4965,4966,4972,4997,5049,5101,5182,5731,5733,6194,6441,6790,6791,6792,6793,6794,6795,7074,
990;0;12533;12671;1;26,40,100,144,146,149,189,193,198,234,255,321,329,362,363,366,398,408,415,528,532,544,561,677,700,732,952,978,1117,1146,1147,1149,1270,1271,1278,1279,1287,1293,1295,1322,1476,1479,1481,1567,1920,2080,2089,2475,2602,2626,3133,3413,3606,3633,3707,3876,3907,3908,4108,4472,4473,4964,4965,4966,4972,4997,5049,5101,5182,5731,5733,6194,6441,6790,6791,6792,6793,6794,6795,7074,
936;0;12671;12818;1;26,40,100,144,146,149,189,193,198,234,255,321,329,362,363,366,398,408,415,528,532,544,561,677,700,732,952,978,1117,1146,1147,1149,1270,1271,1278,1279,1287,1293,1295,1322,1476,1479,1481,1567,1920,2080,2089,2475,2602,2626,3133,3413,3606,3633,3707,3876,3907,3908,4108,4472,4473,4964,4965,4966,4972,4997,5049,5101,5182,5731,5733,6194,6441,6790,6791,6792,6793,6794,6795,7074,
END
fineshedJobsCount: 772
switchs: 9730
switchsInstances: 522
unfineshedPriorityCount: 226
finalSolution: 1430
totalUnfineshed: 228
Time: 66
