input/MyInstancesDiferentToolSets/n=1000,p=0.25,r=0.6,t=1265,v0.csv;./input/Processed/ToolSetInt.csv
9;720;1440;12960
Machine: 0
892;0;0;8;1;1,3,7,17,26,95,100,144,156,178,225,276,308,321,569,854,855,1027,1048,1093,1118,1145,1171,1233,1234,1262,1397,1502,1682,1807,1809,1942,1943,1945,1979,2109,2134,2177,2391,2508,2777,2778,2821,2829,2926,2941,3267,3278,3988,4424,4462,4489,4553,4604,4607,4627,4832,4857,4889,4897,4925,5237,5239,5240,5246,5262,5329,5377,5685,6015,6101,6102,6103,6104,6361,6706,7272,7367,7370,7371,
692;0;8;19;1;1,3,7,17,26,95,100,144,156,178,225,276,308,321,569,854,855,1027,1048,1093,1118,1145,1171,1233,1234,1262,1397,1502,1682,1807,1809,1942,1943,1945,1979,2109,2134,2177,2391,2508,2777,2778,2821,2829,2926,2941,3267,3278,3988,4424,4462,4489,4553,4604,4607,4627,4832,4857,4889,4897,4925,5237,5239,5240,5246,5262,5329,5377,5685,6015,6101,6102,6103,6104,6361,6706,7272,7367,7370,7371,
841;0;19;33;1;1,3,7,17,26,95,100,144,156,178,225,276,308,321,569,854,855,1027,1048,1093,1118,1145,1171,1233,1234,1262,1397,1502,1682,1807,1809,1942,1943,1945,1979,2109,2134,2177,2391,2508,2777,2778,2821,2829,2926,2941,3267,3278,3988,4424,4462,4489,4553,4604,4607,4627,4832,4857,4889,4897,4925,5237,5239,5240,5246,5262,5329,5377,5685,6015,6101,6102,6103,6104,6361,6706,7272,7367,7370,7371,
794;0;33;59;1;1,3,7,17,26,95,100,144,156,178,225,276,308,321,569,854,855,1027,1048,1093,1118,1145,1171,1233,1234,1262,1397,1502,1682,1807,1809,1942,1943,1945,1979,2109,2134,2177,2391,2508,2777,2778,2821,2829,2926,2941,3267,3278,3988,4424,4462,4489,4553,4604,4607,4627,4832,4857,4889,4897,4925,5237,5239,5240,5246,5262,5329,5377,5685,6015,6101,6102,6103,6104,6361,6706,7272,7367,7370,7371,
863;0;59;91;1;1,3,7,17,26,95,100,144,156,178,225,276,308,321,569,854,855,1027,1048,1093,1118,1145,1171,1233,1234,1262,1397,1502,1682,1807,1809,1942,1943,1945,1979,2109,2134,2177,2391,2508,2777,2778,2821,2829,2926,2941,3267,3278,3988,4424,4462,4489,4553,4604,4607,4627,4832,4857,4889,4897,4925,5237,5239,5240,5246,5262,5329,5377,5685,6015,6101,6102,6103,6104,6361,6706,7272,7367,7370,7371,
899;0;91;125;1;1,3,7,17,26,95,100,144,156,178,225,276,308,321,569,854,855,1027,1048,1093,1118,1145,1171,1233,1234,1262,1397,1502,1682,1807,1809,1942,1943,1945,1979,2109,2134,2177,2391,2508,2777,2778,2821,2829,2926,2941,3267,3278,3988,4424,4462,4489,4553,4604,4607,4627,4832,4857,4889,4897,4925,5237,5239,5240,5246,5262,5329,5377,5685,6015,6101,6102,6103,6104,6361,6706,7272,7367,7370,7371,
132;0;125;202;0;1,3,7,17,26,95,100,144,156,178,225,276,308,321,569,854,855,1027,1048,1093,1118,1145,1171,1233,1234,1262,1397,1502,1682,1807,1809,1942,1943,1945,1979,2109,2134,2177,2391,2508,2777,2778,2821,2829,2926,2941,3267,3278,3988,4424,4462,4489,4553,4604,4607,4627,4832,4857,4889,4897,4925,5237,5239,5240,5246,5262,5329,5377,5685,6015,6101,6102,6103,6104,6361,6706,7272,7367,7370,7371,
132;1;202;300;0;1,3,7,17,20,24,25,26,38,40,46,52,76,95,100,144,156,178,225,276,308,321,480,569,854,855,1027,1048,1093,1118,1145,1171,1233,1234,1262,1397,1502,1682,1707,1807,1809,1942,1943,1945,1979,2109,2134,2177,2391,2508,2777,2778,2821,2829,2926,2941,3267,3278,3988,4424,4462,4489,4553,4604,4607,4627,4832,4857,4889,4897,4925,5237,5239,5240,5246,5262,5329,5377,5685,6015,
958;0;300;451;0;1,3,7,17,20,24,25,26,38,40,46,52,76,95,100,144,156,178,225,276,308,321,480,528,569,854,855,1027,1048,1093,1118,1145,1171,1233,1234,1262,1268,1274,1287,1293,1295,1297,1397,1502,1682,1702,1707,1807,1809,1942,1943,1945,1979,2109,2134,2177,2261,2391,2419,2420,2444,2446,2508,2777,2778,2821,2829,2926,2941,3267,3278,3988,4206,4424,4553,4604,4627,5329,5685,6015,
635;0;451;499;1;1,3,7,17,20,24,25,26,38,40,46,52,76,95,100,144,156,178,225,276,308,321,480,528,569,579,854,855,1027,1048,1093,1118,1145,1171,1233,1234,1262,1268,1274,1287,1293,1295,1297,1397,1502,1682,1702,1707,1807,1809,1942,1943,1945,1979,2109,2134,2177,2261,2391,2419,2420,2444,2446,2508,2777,2778,2821,2829,2926,2941,3267,3278,3988,4206,4553,4604,4627,5329,5685,6015,
5;0;499;674;0;1,3,7,8,17,20,24,25,26,38,40,46,52,76,95,100,137,142,144,156,178,225,241,276,289,308,321,390,404,405,429,480,528,644,645,646,648,854,855,1048,1056,1062,1093,1118,1145,1146,1171,1262,1268,1287,1293,1295,1397,1473,1474,1502,1807,1809,1823,1942,1945,2102,2109,2134,2155,2391,2419,2777,2778,2821,2941,3267,3278,3988,4553,4604,4627,5329,5685,6015,
5;1;674;832;0;4,87,89,90,100,137,144,145,225,275,276,288,289,291,292,296,308,329,377,400,640,764,768,770,833,836,858,862,1046,1068,1117,1118,1121,1146,1177,1214,1268,1293,1307,1474,1515,1516,1518,1519,1520,1521,1522,1526,1527,1528,1529,1733,1821,1915,2091,2134,2391,2419,2645,2723,2777,2778,2788,3263,4526,4604,4605,4606,4610,4612,4759,4996,5305,5499,5890,6720,7900,7901,7902,8797,
26;0;832;1012;0;4,87,89,90,100,137,144,145,225,275,276,288,289,291,292,296,308,329,377,400,640,764,768,770,833,836,858,862,1046,1068,1117,1118,1121,1146,1177,1214,1268,1293,1307,1474,1515,1516,1518,1519,1520,1521,1522,1526,1527,1528,1529,1733,1821,1915,2091,2134,2391,2419,2645,2723,2777,2778,2788,3263,4526,4604,4605,4606,4610,4612,4759,4996,5305,5499,5890,6720,7900,7901,7902,8797,
26;1;1012;1150;0;4,87,89,90,100,137,144,145,225,275,276,288,289,291,292,296,308,329,377,400,640,764,768,770,833,836,858,862,1046,1068,1117,1118,1121,1146,1177,1214,1268,1293,1307,1474,1515,1516,1518,1519,1520,1521,1522,1526,1527,1528,1529,1733,1821,1915,2091,2134,2391,2419,2645,2723,2777,2778,2788,3263,4526,4604,4605,4606,4610,4612,4759,4996,5305,5499,5890,6720,7900,7901,7902,8797,
51;0;1440;1608;0;4,87,89,90,100,137,144,145,225,275,276,288,289,291,292,296,308,329,377,400,640,764,768,770,833,836,858,862,1046,1068,1117,1118,1121,1146,1177,1214,1268,1293,1307,1474,1515,1516,1518,1519,1521,1528,1529,1915,2091,2391,2419,2645,2723,2777,2778,2807,3263,4604,4605,4606,4612,5029,5499,6296,7294,8165,8166,8320,8391,8407,8428,8730,9000,9001,9002,9003,9004,9005,9006,9007,
51;1;1608;1744;0;4,87,89,90,100,137,144,145,225,275,276,288,289,291,292,296,308,329,377,400,640,764,768,770,833,836,858,862,1046,1068,1117,1118,1121,1146,1177,1214,1268,1293,1307,1474,1515,1516,1518,1519,1521,1528,1529,1679,1915,2091,2391,2419,2495,2645,2723,2777,2778,2807,2814,3263,4545,4604,4605,4606,4612,4972,5029,5499,5767,5768,5769,5770,6296,7294,8165,8166,8320,8391,8407,8730,
304;0;1744;1865;0;4,87,89,90,100,117,137,144,145,225,275,276,288,289,291,292,296,308,329,377,395,400,640,647,764,768,770,816,833,836,858,862,863,911,1046,1049,1068,1117,1118,1121,1134,1146,1177,1214,1268,1293,1307,1361,1474,1478,1515,1516,1518,1519,1521,1528,1529,1671,1915,2091,2337,2391,2419,2645,2695,2723,2777,2778,3263,4545,4604,4605,4606,4612,5499,7655,7656,8166,8407,8730,
304;1;1865;2033;0;4,100,117,137,144,145,225,275,276,280,288,289,291,292,308,329,377,395,400,640,647,911,1117,1118,1121,1134,1146,1268,1293,1361,1474,1478,1518,1528,1671,1915,2091,2315,2337,2419,2645,2695,2723,2777,2778,2842,3263,3304,4545,4604,4606,4612,4703,5468,5477,5513,6251,6252,6253,6446,6986,6987,6988,6989,6990,6991,6992,6993,6994,6995,6996,6997,6998,6999,7000,7001,7655,7656,8166,8407,
39;0;2033;2166;0;100,137,144,157,177,251,255,262,267,268,272,273,275,287,289,291,292,302,303,305,308,310,314,317,395,434,442,520,640,728,902,903,904,905,921,922,936,940,1117,1121,1132,1146,1204,1205,1206,1207,1208,1209,1210,1211,1212,1268,1269,1273,1279,1286,1288,1293,1474,1518,1528,1676,1915,1932,2091,2315,2337,2419,2645,2778,2837,2984,3005,3050,3389,3621,8166,8352,8353,8407,
39;1;2166;2314;0;100,137,144,157,177,251,255,262,267,268,272,273,275,287,289,291,292,302,303,305,308,310,314,317,395,434,442,520,640,728,902,903,904,905,921,922,936,940,1117,1121,1132,1146,1204,1205,1206,1207,1208,1209,1210,1211,1212,1268,1269,1273,1279,1286,1288,1293,1474,1518,1528,1676,1915,1932,2091,2315,2337,2419,2645,2778,2837,2984,3005,3050,3389,3621,8166,8352,8353,8407,
1;0;2314;2452;0;100,137,144,157,177,251,255,262,267,268,272,273,275,287,289,291,292,302,303,305,308,310,314,317,395,434,442,520,640,728,902,903,904,905,921,922,936,940,1117,1121,1132,1146,1204,1205,1206,1207,1208,1209,1210,1211,1212,1268,1269,1273,1279,1286,1288,1293,1474,1518,1528,1676,1915,1932,2091,2315,2337,2419,2645,2778,2837,2984,3005,3050,3389,3621,8166,8352,8353,8407,
1;1;2452;2589;0;100,137,144,157,177,251,255,262,267,268,272,273,275,287,289,291,292,302,303,305,308,310,314,317,395,434,442,520,640,728,902,903,904,905,921,922,936,940,1117,1121,1132,1146,1204,1205,1206,1207,1208,1209,1210,1211,1212,1268,1269,1273,1279,1286,1288,1293,1474,1518,1528,1676,1915,1932,2091,2315,2337,2419,2645,2778,2837,2984,3005,3050,3389,3621,8166,8352,8353,8407,
58;0;2880;3052;0;100,137,144,157,177,251,255,262,267,268,272,273,275,287,289,291,292,295,302,303,305,308,310,314,317,395,434,439,442,520,591,640,728,902,903,921,922,1117,1121,1146,1151,1210,1268,1269,1273,1286,1288,1293,1474,1513,1518,1528,1676,1763,1915,1916,2091,2315,2337,2645,2677,2679,2688,2778,2804,2950,5053,5540,5659,6401,7188,8095,8166,8368,8406,8407,8408,8409,8410,8411,
58;1;3052;3146;0;100,137,144,157,177,251,255,262,267,268,272,273,275,287,289,291,292,295,302,303,305,308,310,314,317,395,434,439,442,520,591,640,728,902,903,921,922,1117,1121,1146,1151,1210,1268,1269,1273,1286,1288,1293,1474,1513,1518,1528,1676,1763,1915,1916,2091,2315,2337,2645,2677,2679,2688,2778,2804,2950,3607,5053,5540,5659,6401,7188,8095,8166,8368,8406,8407,8408,8409,8410,
306;0;3146;3320;0;24,100,137,144,157,177,187,189,251,255,262,267,268,272,273,275,287,289,291,292,295,302,303,305,308,310,314,317,395,434,439,442,491,520,591,640,728,902,903,921,922,1117,1121,1146,1151,1210,1268,1269,1273,1286,1288,1293,1474,1513,1518,1528,1676,1763,1915,1916,2091,2315,2337,2645,2677,2679,2688,2778,2804,2950,3607,4913,5053,5540,5659,6401,7188,8095,8166,8368,
306;1;3320;3400;0;24,100,137,144,157,177,178,179,180,181,182,184,187,189,251,255,262,267,268,272,273,275,287,289,291,292,295,302,303,304,305,308,310,314,317,395,434,439,442,491,520,591,640,728,902,903,921,922,1117,1121,1146,1151,1210,1268,1269,1273,1286,1288,1293,1474,1513,1518,1528,1676,1763,1915,1916,2091,2315,2337,2645,2677,2679,2688,2778,2804,2950,4913,6401,7188,
24;0;3400;3493;0;24,100,137,144,157,177,178,179,180,181,182,184,187,189,251,255,262,267,268,272,273,275,287,289,291,292,295,302,303,304,305,308,310,314,317,395,434,439,491,591,640,728,921,1117,1121,1146,1210,1268,1269,1273,1286,1288,1293,1474,1513,1518,1528,1676,1763,1915,2091,2315,2337,2645,2677,2679,2778,4913,5951,5959,5966,5976,5992,6401,6552,6556,6583,6729,7137,7188,
24;1;3493;3645;0;19,20,24,26,30,34,43,50,100,137,144,152,175,178,189,197,274,275,308,314,395,551,729,769,843,875,948,951,1072,1117,1146,1266,1267,1268,1272,1276,1278,1287,1288,1291,1292,1293,1341,1442,1481,1518,1528,1567,1610,2148,2168,2174,2197,2233,2254,2255,2256,2258,2398,2588,2679,2680,2778,2856,2873,3409,3609,3802,3829,4060,4217,4747,4866,4868,4869,5531,5757,5779,6418,6419,
70;0;3645;3809;0;19,20,24,26,30,34,43,50,100,137,144,152,175,178,189,197,274,275,308,314,395,551,729,769,843,875,948,951,1072,1117,1146,1266,1267,1268,1272,1276,1278,1287,1288,1291,1292,1293,1341,1442,1481,1518,1528,1567,1610,2148,2168,2174,2197,2233,2254,2255,2256,2258,2398,2588,2679,2680,2778,2856,2873,3409,3609,3802,3829,4060,4217,4747,4866,4868,4869,5531,5757,5779,6418,6419,
70;1;3809;3886;0;19,20,24,26,30,34,43,50,100,137,144,152,175,178,189,197,274,275,308,314,395,551,729,769,843,875,948,951,1072,1117,1146,1266,1267,1268,1272,1276,1278,1287,1288,1291,1292,1293,1341,1442,1481,1518,1528,1567,1610,2148,2168,2174,2197,2233,2254,2255,2256,2258,2398,2588,2679,2680,2778,2856,2873,3409,3609,3802,3829,4060,4217,4747,4866,4868,4869,5531,5757,5779,6418,6419,
168;0;3886;4057;0;19,20,24,26,30,34,43,50,100,137,144,152,175,178,189,197,274,275,308,314,395,551,729,769,843,875,948,951,1072,1117,1146,1266,1267,1268,1272,1276,1278,1287,1288,1291,1292,1293,1341,1442,1481,1518,1528,1567,1610,2148,2168,2174,2197,2233,2254,2255,2256,2258,2398,2588,2679,2680,2778,2856,2873,3409,3609,3802,3829,4060,4217,4747,4866,4868,4869,5531,5757,5779,6418,6419,
168;1;4057;4121;0;19,20,24,26,30,34,43,50,100,137,144,152,175,178,189,197,274,275,308,314,395,551,729,769,843,875,948,951,1072,1117,1146,1266,1267,1268,1272,1276,1278,1287,1288,1291,1292,1293,1341,1442,1481,1518,1528,1567,1610,2148,2168,2174,2197,2233,2254,2255,2256,2258,2398,2588,2679,2680,2778,2856,2873,3409,3609,3802,3829,4060,4217,4747,4866,4868,4869,5531,5757,5779,6418,6419,
52;0;4320;4472;0;19,20,24,26,30,34,43,50,100,137,144,149,152,175,178,189,197,274,275,308,314,390,391,395,551,729,769,838,843,875,891,938,948,951,1072,1117,1145,1146,1147,1148,1163,1165,1166,1167,1168,1170,1171,1172,1173,1174,1266,1267,1268,1272,1276,1278,1287,1288,1291,1292,1293,1341,1442,1481,1518,1528,1567,1610,2148,2168,2174,2197,2233,2254,2255,2256,2679,2778,2873,3609,
52;1;4472;4550;0;19,20,24,26,30,34,43,50,100,137,144,149,152,175,178,189,197,274,275,308,314,390,391,395,396,551,729,769,838,843,875,891,938,948,951,1072,1117,1145,1146,1147,1148,1163,1165,1166,1167,1168,1170,1171,1172,1173,1174,1266,1267,1268,1272,1276,1278,1287,1288,1291,1292,1293,1341,1442,1481,1518,1528,1567,1610,1941,1942,1944,1945,2168,2174,2233,2679,2778,2873,3609,
257;0;4550;4603;0;19,20,24,26,30,34,43,50,100,137,144,149,152,175,178,189,197,274,275,308,314,390,391,395,396,551,729,769,838,843,875,891,938,948,951,1072,1117,1145,1146,1147,1148,1163,1165,1166,1167,1168,1170,1171,1172,1173,1174,1266,1267,1268,1272,1287,1288,1293,1341,1481,1528,1567,1610,1945,2168,2174,2233,2679,2778,2873,3609,6360,7510,8219,8373,8374,8375,8376,8377,8378,
257;1;4603;4773;0;19,20,24,26,30,34,43,50,100,137,144,149,152,175,178,189,197,274,275,308,314,390,391,395,396,551,729,769,838,843,875,891,938,948,951,1072,1117,1145,1146,1147,1148,1163,1165,1166,1167,1168,1170,1171,1172,1173,1174,1266,1267,1268,1272,1287,1288,1293,1341,1481,1528,1567,1610,1945,2150,2168,2172,2174,2233,2239,2240,2679,2778,2861,2873,3609,3720,3721,3753,6360,
280;0;4773;4824;0;19,20,24,26,30,34,43,50,100,102,137,144,149,152,175,178,189,275,314,343,390,391,395,396,715,769,838,843,875,891,938,948,1043,1072,1117,1145,1146,1163,1168,1171,1199,1268,1287,1293,1341,1444,1481,1528,1567,1610,1945,2168,2174,2233,2240,2498,2628,2649,2679,2683,2778,3609,3721,3753,5526,5530,5537,5690,5723,5865,5867,5868,7320,7580,7581,7582,7583,7584,7585,7586,
280;1;4824;4992;0;19,20,24,26,29,30,34,43,50,100,102,137,144,149,152,175,178,189,275,314,343,390,391,395,396,715,769,838,843,875,891,938,948,1043,1072,1117,1145,1146,1163,1168,1171,1199,1268,1287,1293,1341,1444,1481,1528,1567,1610,1945,2168,2174,2233,2240,2498,2628,2649,2679,2683,2778,3346,3609,3721,3753,4314,4318,5526,5530,5537,5690,5723,5865,5867,5868,7320,7580,7581,7582,
128;0;4992;5167;0;3,24,100,117,137,144,225,233,276,288,314,390,396,404,434,608,715,769,838,854,927,948,1117,1118,1134,1146,1171,1236,1308,1343,1478,1481,1502,1671,1809,1914,1915,1920,1922,1971,2091,2094,2337,2339,2492,2628,2649,2658,2695,2696,2729,2774,2778,2783,3013,4161,4553,4567,4627,5206,5411,5530,5605,5748,5841,5853,5854,5858,5868,6184,7408,7655,7656,7664,7665,7666,7680,7681,7682,7683,
128;1;5167;5204;0;3,24,100,117,137,144,225,233,276,288,314,390,396,404,434,608,715,769,838,854,927,948,1117,1118,1134,1146,1171,1236,1308,1343,1478,1481,1502,1671,1809,1914,1915,1920,1922,1971,2091,2094,2337,2339,2492,2628,2649,2658,2695,2696,2729,2774,2778,2783,3013,4161,4553,4567,4627,5206,5411,5530,5605,5748,5841,5853,5854,5858,5868,6184,7408,7655,7656,7664,7665,7666,7680,7681,7682,7683,
84;0;5204;5264;0;3,24,100,117,137,144,225,233,276,288,314,390,396,404,434,608,715,769,838,854,927,948,1117,1118,1134,1146,1171,1236,1308,1343,1478,1481,1502,1671,1809,1914,1915,1920,1922,1971,2091,2094,2337,2339,2492,2628,2649,2658,2695,2696,2729,2774,2778,2783,3013,4161,4553,4567,4627,5206,5411,5530,5605,5748,5841,5853,5854,5858,5868,6184,7408,7655,7656,7664,7665,7666,7680,7681,7682,7683,
84;1;5760;5904;0;3,24,100,117,137,144,225,233,276,288,314,390,396,404,434,608,640,715,769,838,854,927,948,1036,1117,1118,1134,1146,1171,1236,1308,1343,1359,1361,1376,1478,1481,1502,1671,1809,1914,1915,1920,1922,1971,2091,2094,2337,2339,2492,2530,2628,2649,2658,2695,2696,2729,2774,2778,2783,3013,3630,4161,4430,4545,4553,4567,4627,5206,5411,5530,5605,5748,5841,5868,6129,6184,7408,7683,8059,
293;0;5904;6080;0;3,24,100,137,144,225,233,276,288,314,390,396,404,434,640,677,715,769,838,854,927,948,1117,1118,1134,1146,1171,1236,1343,1359,1361,1451,1478,1481,1502,1671,1809,1915,1920,1922,1971,2091,2339,2492,2626,2628,2649,2658,2660,2689,2774,2778,2783,4400,4553,4567,4627,5206,5507,5530,5633,5868,6022,6114,6129,6184,6370,6723,7203,7204,7205,7206,7207,7208,7209,7210,7211,7212,7213,7683,
293;1;6080;6101;0;3,24,100,137,144,225,233,276,288,314,390,396,404,434,640,677,715,769,838,854,927,948,1117,1118,1134,1146,1171,1236,1343,1359,1361,1451,1478,1481,1502,1671,1809,1915,1920,1922,1971,2091,2339,2492,2626,2628,2649,2658,2660,2689,2774,2778,2783,4400,4553,4567,4627,5080,5206,5507,5530,5633,5868,5984,5992,6022,6114,6129,6184,6370,6377,6584,6585,6723,7203,7204,7205,7206,7212,7683,
96;0;6101;6135;0;3,24,100,137,144,225,276,288,314,390,396,404,640,715,769,838,854,948,1117,1118,1134,1146,1171,1236,1343,1359,1361,1478,1481,1502,1671,1809,1915,1920,1922,1971,2091,2492,2658,2689,2774,2778,2783,3178,3180,3311,3663,3664,3665,3666,3667,3668,3669,3670,3671,3672,3673,3674,3675,3676,3677,3678,3679,3680,3681,3682,3683,3684,3685,3686,4553,4627,5206,5530,5633,5868,6129,6184,7212,7683,
96;1;6135;6295;0;3,8,24,100,137,142,144,225,276,288,289,314,390,396,398,404,405,429,640,644,645,646,648,715,769,838,854,948,1056,1062,1117,1118,1134,1146,1171,1236,1343,1359,1361,1478,1481,1502,1671,1809,1915,1920,1922,1971,2091,2102,2106,2155,2492,2658,2689,2774,2778,2783,3178,3180,3311,3663,3664,3665,3666,3667,3668,3669,3670,3671,4553,4627,5206,5530,5633,5868,6129,6184,7212,7683,
56;0;6295;6442;0;3,8,24,100,137,142,144,146,225,276,288,289,314,390,396,398,404,405,429,640,644,645,646,648,704,715,769,838,854,948,1056,1062,1117,1118,1134,1146,1171,1236,1343,1359,1361,1478,1481,1502,1671,1683,1809,1915,1920,1922,1971,2091,2102,2106,2155,2489,2492,2658,2689,2774,2778,2783,3178,3180,3311,3535,3536,3663,3664,3665,4553,4627,5206,5530,5633,5868,6129,6184,7212,7683,
56;1;6442;6481;0;24,136,139,144,183,225,231,234,277,288,292,329,377,398,698,715,948,1093,1117,1474,1478,1481,1669,1807,1922,2053,2318,2529,2582,2668,2713,2953,3278,3581,4033,4398,4427,4533,4535,4553,4733,4734,4902,4956,4959,4960,5274,5432,5649,5721,5976,6180,6340,6644,6645,6967,6968,6969,6970,6971,6972,6973,6974,6975,6976,7227,7324,7801,7802,7804,7805,7806,7812,7814,7839,7840,7841,7842,7843,7844,
125;0;6481;6631;0;24,136,139,144,183,225,231,234,277,288,292,329,377,398,698,715,948,1093,1117,1474,1478,1481,1669,1807,1922,2053,2318,2529,2582,2668,2713,2953,3278,3581,4033,4398,4427,4533,4535,4553,4733,4734,4902,4956,4959,4960,5274,5432,5649,5721,5976,6180,6340,6644,6645,6967,6968,6969,6970,6971,6972,6973,6974,6975,6976,7227,7324,7801,7802,7804,7805,7806,7812,7814,7839,7840,7841,7842,7843,7844,
125;1;6631;6665;0;24,136,139,144,183,225,231,234,277,288,292,329,377,398,698,715,948,1093,1117,1474,1478,1481,1669,1807,1922,2053,2318,2529,2582,2668,2713,2953,3278,3581,4033,4398,4427,4533,4535,4553,4733,4734,4902,4956,4959,4960,5274,5432,5649,5721,5976,6180,6340,6644,6645,6967,6968,6969,6970,6971,6972,6973,6974,6975,6976,7227,7324,7801,7802,7804,7805,7806,7812,7814,7839,7840,7841,7842,7843,7844,
886;0;6665;6845;0;24,136,139,144,183,225,231,234,277,288,292,329,377,398,698,715,948,1093,1117,1474,1478,1481,1669,1807,1922,2053,2318,2529,2582,2668,2713,2953,3278,3581,4033,4398,4427,4533,4535,4553,4733,4734,4902,4956,4959,4960,5274,5432,5649,5721,5976,6180,6340,6644,6645,6967,6968,6969,6970,6971,6972,6973,6974,6975,6976,7227,7324,7801,7802,7804,7805,7806,7812,7814,7839,7840,7841,7842,7843,7844,
79;0;7200;7311;0;24,38,136,139,144,183,225,231,234,277,288,292,329,377,398,659,698,715,948,1093,1117,1474,1478,1481,1669,1723,1807,1922,2053,2318,2529,2582,2668,2713,2953,3126,3278,3345,3581,4033,4313,4317,4398,4427,4533,4535,4553,4733,4734,4902,4956,4959,4960,5274,5432,5649,5721,5976,6180,6340,6644,6645,6967,6968,6969,6970,6971,6972,6973,6974,6975,6976,7227,7324,7801,7802,7804,7805,7806,7840,
79;1;7311;7377;0;24,27,38,136,139,144,183,225,231,234,277,288,292,329,377,398,408,415,426,567,659,698,715,948,1093,1117,1286,1474,1478,1481,1669,1723,1807,1922,2053,2318,2352,2471,2529,2582,2668,2713,2953,3004,3126,3278,3345,3581,3606,4033,4313,4317,4398,4427,4533,4535,4553,4733,4734,4902,4956,4959,4960,5274,5432,5649,5721,5976,6180,6340,6644,6645,6967,6968,6969,6970,6971,6972,6973,7840,
42;0;7377;7381;0;24,27,38,100,136,139,144,183,225,231,234,277,288,292,329,377,398,408,415,426,567,659,666,715,765,814,948,1093,1117,1352,1390,1474,1478,1481,1523,1922,2053,2318,2635,2653,2678,2721,2802,2803,2812,3345,3527,3581,4033,4313,4398,4533,4553,4733,5274,5336,5525,5530,5633,5637,5721,5722,5868,6024,6308,6309,6310,6311,6312,6313,6314,6315,6316,6317,6318,6319,6320,6321,6322,7840,
42;1;7381;7551;0;24,27,38,100,136,139,144,145,149,183,225,231,234,241,277,288,292,314,321,329,377,398,408,415,426,429,567,659,666,715,765,814,854,948,1093,1117,1118,1163,1352,1390,1474,1478,1481,1502,1523,1670,1922,2053,2223,2318,2635,2653,2678,2721,2802,2812,3345,3527,3581,4033,4313,4398,4533,4553,4733,5274,5336,5525,5530,5637,5721,5722,6024,6310,6311,6312,6313,6314,6322,7840,
98;0;7551;7701;0;24,27,38,76,100,139,144,145,149,183,191,225,231,234,241,277,288,292,314,321,329,377,398,408,415,429,460,503,659,666,715,724,765,814,854,948,1093,1117,1118,1163,1390,1474,1478,1481,1502,1670,1922,2053,2074,2223,2318,2635,2653,2678,2721,2812,3345,3527,3581,4033,4313,4398,4533,4553,4733,4991,5274,5336,5525,5530,5600,5637,5721,5722,6024,6310,6311,6314,6322,7840,
98;1;7701;7723;0;24,27,38,100,139,144,145,149,183,225,231,234,288,292,314,321,377,398,429,503,591,704,715,765,854,948,1093,1117,1118,1134,1163,1343,1390,1474,1478,1502,1539,1922,2053,2074,2223,2340,2492,2642,2658,2692,2723,2778,2783,3263,3345,4553,4603,4604,4612,4613,4617,4629,4740,5406,5722,5873,6024,6310,6595,6749,6750,6751,7225,7840,8147,8148,8149,8150,8151,8152,8153,8154,8155,8156,
800;0;7723;7893;0;24,27,29,38,100,139,144,145,149,183,225,231,234,288,292,314,321,377,398,429,503,504,539,591,704,715,765,782,810,854,875,948,972,1093,1117,1118,1134,1163,1343,1390,1474,1478,1502,1539,1549,1587,1922,2053,2074,2198,2199,2200,2201,2202,2223,2340,2492,2642,2658,2692,2723,2778,2783,3263,3345,4553,4603,4604,4612,4613,4617,4629,4740,5406,5722,6024,6310,6749,7840,8147,
80;0;7893;8053;0;3,24,27,38,95,102,139,144,145,148,149,225,234,245,262,273,275,288,289,290,291,292,297,321,391,395,397,398,400,429,503,591,647,765,766,769,854,855,891,911,948,1023,1024,1093,1118,1133,1134,1163,1361,1424,1474,1480,1502,1567,1587,1751,1759,1808,1816,1920,1921,1922,2053,2223,2224,2475,2778,2961,3034,3263,3345,4552,5206,5351,6184,6216,7215,7216,7218,7219,
80;1;8053;8061;0;3,24,27,38,95,102,139,144,145,148,149,225,234,245,262,273,275,288,289,290,291,292,297,321,391,395,397,398,400,429,503,591,647,765,766,769,854,855,891,911,948,1023,1024,1093,1118,1133,1134,1163,1361,1424,1474,1480,1502,1567,1587,1751,1759,1808,1816,1920,1921,1922,2053,2223,2224,2475,2778,2961,3034,3263,3345,4552,5206,5351,6184,6216,7215,7216,7218,7219,
748;0;8061;8226;0;3,24,27,38,95,102,139,144,145,148,149,225,234,245,262,273,275,288,289,290,291,292,297,321,391,395,397,398,400,429,503,591,647,765,766,769,854,855,891,911,948,1023,1024,1093,1118,1133,1134,1163,1361,1424,1474,1480,1502,1567,1587,1751,1759,1808,1816,1920,1921,1922,2053,2223,2224,2475,2778,2961,3034,3263,3345,4552,5206,5351,6184,6216,7215,7216,7218,7219,
67;0;8226;8338;0;3,24,27,38,95,102,139,144,145,148,149,225,234,245,262,273,275,288,289,290,291,292,297,321,391,395,397,398,400,429,503,591,647,765,766,769,854,855,891,911,948,1023,1024,1093,1118,1133,1134,1163,1361,1424,1474,1480,1502,1567,1587,1751,1759,1808,1816,1920,1921,1922,2053,2223,2224,2475,2778,2961,3034,3263,3345,4552,5206,5351,6184,6216,7215,7216,7218,7219,
67;1;8338;8390;0;3,24,27,38,95,102,139,144,145,148,149,225,234,245,262,273,275,288,289,290,291,292,297,321,391,395,397,398,400,429,503,591,647,765,766,769,854,855,891,911,948,1023,1024,1093,1118,1133,1134,1163,1361,1424,1474,1480,1502,1567,1587,1751,1759,1808,1816,1920,1921,1922,2053,2223,2224,2475,2778,2961,3034,3263,3345,4552,5206,5351,6184,6216,7215,7216,7218,7219,
737;0;8640;8804;0;3,15,24,27,38,95,102,139,144,145,148,149,186,189,225,234,245,262,273,275,288,289,290,291,292,297,321,391,395,397,398,400,429,503,591,647,662,765,766,769,854,855,891,911,948,979,1088,1093,1118,1133,1134,1163,1361,1474,1480,1502,1550,1567,1580,1587,1751,1759,1808,1922,2053,2157,2223,2224,2475,2555,2778,2961,3022,3034,3127,3263,3345,3627,4552,5206,
776;0;8804;8965;0;3,4,24,27,38,95,139,144,145,149,186,189,225,234,245,262,273,275,288,289,290,291,292,297,321,391,395,397,398,400,429,503,591,647,765,766,769,854,855,891,911,948,979,1051,1093,1118,1133,1134,1146,1163,1359,1361,1401,1474,1477,1480,1567,1580,1587,1751,1808,1922,2053,2109,2157,2223,2224,2475,2555,2778,2961,3022,3034,3121,3263,3345,3627,4552,5206,6181,
659;0;8965;9126;0;3,4,24,27,38,95,139,144,145,149,186,189,225,234,245,262,273,275,288,289,290,291,292,321,391,395,397,398,400,429,503,591,647,765,766,769,854,855,948,979,1051,1118,1134,1146,1163,1201,1359,1361,1401,1474,1567,1587,1751,1915,2091,2157,2223,2224,2475,2555,2640,2679,2774,2775,2777,2778,2961,3019,3034,3263,3345,3447,3627,4606,4608,4773,5499,5500,5502,6774,
143;0;9126;9202;0;3,4,24,27,38,95,139,144,145,149,186,189,225,234,245,262,273,275,288,289,290,291,292,321,391,395,397,398,400,429,503,591,647,765,766,769,854,855,948,979,1051,1118,1134,1146,1163,1201,1359,1361,1401,1474,1567,1587,1751,1915,2091,2157,2223,2224,2475,2555,2640,2679,2774,2775,2777,2778,2961,3019,3034,3263,3345,3447,3627,4606,4608,5499,5500,5502,9155,9156,
143;1;9202;9286;0;3,4,24,27,38,95,139,144,145,149,186,189,225,234,245,262,273,275,288,289,290,291,292,321,391,395,397,398,400,429,503,591,647,765,766,769,854,855,948,979,1051,1118,1134,1146,1163,1201,1359,1361,1401,1474,1567,1587,1751,1915,2091,2157,2223,2224,2475,2555,2640,2679,2774,2775,2777,2778,2961,3019,3034,3263,3345,3447,3627,4606,5499,5500,5502,6204,7454,8899,
91;0;9286;9385;0;4,27,38,61,79,95,144,145,152,170,208,225,234,245,273,288,363,390,391,402,404,412,429,499,503,598,979,987,1087,1163,1244,1262,1293,1401,1474,1587,1657,1801,1940,1999,2157,2220,2223,2413,2518,2555,2774,2775,2778,2941,3263,3345,3361,3605,3707,3774,3877,3899,3900,3901,3902,3903,3904,3905,3906,3907,3908,3909,3910,3911,4913,5091,5650,5681,5703,5758,5759,5760,5949,5995,
91;1;9385;9445;0;4,27,38,61,79,95,144,145,152,170,208,225,234,245,273,288,363,390,391,402,404,412,429,499,503,598,979,987,1087,1163,1244,1262,1293,1401,1474,1587,1657,1801,1940,1999,2157,2220,2223,2413,2518,2555,2774,2775,2778,2941,3263,3345,3361,3605,3707,3774,3877,3899,3900,3901,3902,3903,3904,3905,3906,3907,3908,3909,3910,3911,4913,5091,5650,5681,5703,5758,5759,5760,5949,5995,
960;0;9445;9602;0;4,27,38,61,79,95,144,145,152,170,208,225,234,245,273,288,363,390,391,402,404,412,429,499,503,598,979,987,1087,1163,1244,1262,1293,1401,1474,1587,1657,1801,1940,1999,2157,2220,2223,2413,2518,2555,2774,2775,2778,2941,3263,3345,3361,3605,3707,3774,3877,3899,3900,3901,3902,3903,3904,3905,3906,3907,3908,3909,3910,3911,4913,5091,5650,5681,5703,5758,5759,5760,5949,5995,
895;0;9602;9756;0;4,27,38,61,79,95,144,145,152,170,208,225,234,245,273,288,363,390,391,402,404,412,429,499,503,598,979,987,1087,1163,1244,1262,1293,1401,1474,1587,1657,1801,1940,1999,2157,2220,2223,2413,2518,2555,2774,2775,2778,2941,3263,3345,3361,3605,3707,3774,3877,3899,3900,3901,3902,3903,3904,3905,3906,3907,3908,3909,3910,3911,4913,5091,5650,5681,5703,5758,5759,5760,5949,5995,
264;0;9756;9879;0;4,27,38,61,79,95,144,145,152,170,208,225,234,245,273,288,363,390,391,402,404,412,429,499,503,598,979,987,1087,1163,1244,1262,1293,1401,1474,1587,1657,1801,1940,1999,2157,2220,2223,2413,2518,2555,2774,2775,2778,2941,3263,3345,3361,3605,3707,3774,3877,3899,3900,3901,3902,3903,3904,3905,3906,3907,3908,3909,3910,3911,4913,5091,5650,5681,5703,5758,5759,5760,5949,5995,
264;1;10080;10110;0;4,17,20,26,27,28,34,35,38,52,54,61,79,95,144,145,152,170,198,208,225,234,245,273,288,363,390,391,402,404,412,429,490,499,503,598,653,979,987,1087,1163,1244,1262,1293,1401,1474,1587,1657,1801,1940,1999,2157,2220,2223,2326,2413,2518,2555,2774,2775,2778,2941,3263,3345,3361,3605,3707,3717,3774,3877,3899,3900,3901,3902,3903,3906,3908,5353,5474,5498,
971;0;10110;10260;0;4,17,20,26,27,28,34,35,38,52,54,61,79,95,144,145,152,170,198,208,225,228,229,234,240,243,245,268,273,286,288,363,390,391,402,404,412,429,490,499,503,598,653,827,979,987,1087,1094,1096,1097,1099,1163,1244,1262,1293,1390,1401,1472,1474,1587,1657,1801,1940,1999,2103,2157,2220,2223,2326,2555,2774,2775,2778,2941,3263,3774,3906,3908,4881,4882,
207;0;10260;10324;0;4,17,20,26,27,28,34,35,38,52,54,61,79,95,97,144,145,152,170,198,208,225,228,229,234,240,243,245,268,273,286,288,363,390,391,402,404,412,429,490,499,503,598,653,827,979,987,1087,1094,1096,1097,1099,1163,1244,1262,1293,1390,1401,1472,1474,1478,1587,1657,1801,1940,1999,2103,2157,2220,2223,2355,2555,2774,2775,2778,2941,3263,3774,3906,3908,
207;1;10324;10408;0;4,17,20,26,27,28,34,35,38,52,54,61,79,95,97,144,145,152,170,198,208,225,228,229,234,240,243,245,268,273,286,288,291,292,363,390,391,402,404,412,429,490,499,503,598,653,690,765,827,979,1163,1293,1401,1472,1474,1478,1587,1657,1999,2103,2220,2223,2555,2677,2679,2774,2775,2778,2941,3263,3447,3774,3906,3908,4854,4855,5370,5499,5500,5502,
798;0;10408;10555;0;4,17,20,26,27,28,34,35,38,52,54,61,79,95,100,137,144,145,170,198,208,225,229,234,240,245,268,288,291,292,322,379,382,390,391,404,429,503,765,827,979,1118,1146,1163,1171,1236,1293,1401,1472,1474,1478,1587,1657,1999,2052,2103,2220,2223,2250,2555,2677,2679,2697,2774,2775,2778,2941,2951,3260,3263,3284,3698,3774,3906,3908,4469,4470,4471,4472,5370,
727;0;10555;10694;0;4,17,20,26,27,28,34,54,61,79,95,100,137,144,145,170,198,208,225,229,234,240,245,268,288,290,291,292,322,379,382,390,391,398,404,429,503,765,827,838,979,1117,1118,1146,1163,1171,1236,1293,1401,1472,1474,1478,1587,1657,1999,2103,2220,2223,2555,2677,2679,2690,2774,2775,2778,2941,2951,3260,3263,3284,3774,3906,3908,4472,4633,5259,5370,6731,6732,6742,
9;0;10694;10722;0;27,28,54,79,95,100,137,144,145,170,198,225,229,234,240,245,268,288,291,292,379,382,390,398,404,429,458,503,765,838,979,1117,1118,1146,1163,1171,1236,1293,1401,1472,1474,1478,1577,1587,1781,1782,1999,2103,2220,2223,2268,2555,2679,2774,2775,2778,2836,2941,2951,3056,3057,3058,3059,3060,3061,3062,3063,3064,3065,3066,3067,3068,3260,3263,3284,3774,3906,3908,4472,5370,
9;1;10722;10828;0;3,27,28,79,95,100,137,144,145,156,225,247,291,366,390,395,398,429,457,503,719,728,833,854,979,1117,1118,1146,1177,1201,1242,1275,1293,1358,1360,1474,1751,1809,2174,2190,2220,2232,2240,2774,2775,2836,2849,2914,2915,2941,2955,2957,3060,3263,3284,3421,3422,3609,3627,3774,3831,3842,3906,3908,4026,4553,5685,5722,6015,6024,6136,6145,6310,6709,6710,7972,7973,8057,8282,8356,
197;0;10828;10909;0;3,27,28,79,95,100,137,144,145,156,225,247,291,366,390,395,398,429,457,503,719,728,833,854,979,1117,1118,1146,1177,1201,1242,1275,1293,1358,1360,1474,1751,1809,2174,2190,2220,2232,2240,2774,2775,2836,2849,2914,2915,2941,2955,2957,3060,3263,3284,3421,3422,3609,3627,3774,3831,3842,3906,3908,4026,4553,5685,5722,6015,6024,6136,6145,6310,6709,6710,7972,7973,8057,8282,8356,
197;1;10909;10956;0;3,27,28,79,95,100,137,144,145,156,225,247,291,366,390,395,398,429,457,503,719,728,833,854,979,1117,1118,1146,1177,1201,1242,1275,1293,1358,1360,1474,1751,1809,2174,2190,2220,2232,2240,2774,2775,2836,2849,2914,2915,2941,2955,2957,3060,3263,3284,3421,3422,3609,3627,3774,3831,3842,3906,3908,4026,4553,5685,5722,6015,6024,6136,6145,6310,6709,6710,7972,7973,8057,8282,8356,
209;0;10956;11006;0;3,27,28,79,95,100,137,144,145,156,225,247,291,366,390,395,398,429,457,503,719,728,833,854,979,1117,1118,1146,1177,1201,1242,1275,1293,1358,1360,1474,1751,1809,2174,2190,2220,2232,2240,2774,2775,2836,2849,2914,2915,2941,2955,2957,3060,3263,3284,3421,3422,3609,3627,3774,3831,3842,3906,3908,4026,4553,5685,5722,6015,6024,6136,6145,6310,6709,6710,7972,7973,8057,8282,8356,
209;1;11006;11081;0;3,27,28,79,95,100,137,144,145,156,225,247,291,366,390,395,398,429,457,503,719,728,833,854,979,1117,1118,1146,1177,1201,1242,1275,1293,1358,1360,1474,1751,1809,2174,2190,2220,2232,2240,2774,2775,2836,2849,2914,2915,2941,2955,2957,3060,3263,3284,3421,3422,3609,3627,3774,3831,3842,3906,3908,4026,4553,5685,5722,6015,6024,6136,6145,6310,6709,6710,7972,7973,8057,8282,8356,
287;0;11081;11103;0;3,27,28,79,95,100,137,144,145,156,225,247,291,366,390,395,398,429,457,503,719,728,833,854,979,1117,1118,1146,1177,1201,1242,1275,1293,1358,1360,1474,1751,1809,2174,2190,2220,2232,2240,2774,2775,2836,2849,2914,2915,2941,2955,2957,3060,3263,3284,3421,3422,3609,3627,3774,3831,3842,3906,3908,4026,4553,5685,5722,6015,6024,6136,6145,6310,6709,6710,7972,7973,8057,8282,8356,
287;1;11103;11204;0;3,27,28,79,95,100,137,144,145,156,225,247,291,366,390,395,398,429,457,503,719,728,833,854,979,1117,1118,1146,1177,1201,1242,1275,1293,1358,1360,1474,1751,1809,2174,2190,2220,2232,2240,2774,2775,2836,2849,2914,2915,2941,2955,2957,3060,3263,3284,3421,3422,3609,3627,3774,3831,3842,3906,3908,4026,4553,5685,5722,6015,6024,6136,6145,6310,6709,6710,7972,7973,8057,8282,8356,
689;0;11520;11641;0;3,27,28,79,95,100,126,137,144,145,156,185,186,189,221,225,247,291,366,390,395,398,410,429,450,457,497,503,719,728,739,754,784,833,854,979,1117,1118,1146,1177,1196,1201,1242,1275,1293,1336,1358,1360,1423,1425,1434,1440,1463,1474,1751,1809,2074,2232,2774,2775,2836,2896,2941,3060,3263,3284,3416,3627,3774,3870,3876,3906,3908,4026,4104,5722,5862,7251,8037,8342,
705;0;11641;11761;0;3,27,28,79,95,100,126,137,144,145,156,185,186,189,221,225,247,291,366,390,395,398,410,429,448,450,457,497,503,578,719,728,730,739,754,784,833,854,979,1117,1118,1146,1158,1177,1196,1201,1242,1275,1293,1336,1358,1360,1423,1425,1434,1440,1463,1474,1751,1809,2028,2074,2232,2517,2774,2775,2836,2941,3060,3263,3284,3627,3870,3906,3929,3930,3931,3932,4026,5722,
832;0;11761;11872;0;3,27,28,79,95,100,126,137,144,145,156,185,186,189,221,225,247,291,366,390,395,398,410,429,448,450,457,497,503,578,719,728,730,739,754,784,833,854,979,1117,1118,1146,1158,1177,1196,1201,1242,1275,1289,1293,1336,1358,1360,1423,1425,1434,1463,1474,1809,2074,2232,2233,2407,2774,2775,2836,2941,3060,3263,3284,3627,3700,3870,3906,3942,4026,4431,5320,5722,6957,
924;0;11872;11981;0;3,27,28,79,95,100,126,137,139,144,145,156,185,186,189,221,225,244,247,276,291,321,366,377,390,395,398,400,410,429,448,450,457,497,503,578,591,715,719,728,730,754,833,854,948,949,979,1052,1117,1118,1146,1196,1293,1358,1463,1474,1668,1671,1809,2074,2232,2407,2774,2775,2836,2941,3060,3263,3284,3517,3627,3870,3906,4026,4804,4859,5722,6129,6130,7683,
16;0;11981;12058;0;3,27,28,79,95,100,137,139,144,145,225,276,291,321,377,390,395,398,429,457,497,503,578,591,715,719,754,833,854,948,949,979,1117,1118,1146,1196,1293,1358,1463,1474,1668,1809,2074,2232,2407,2774,2775,2836,2941,3178,3207,3209,3210,3214,3263,3284,3627,3870,3906,4026,4859,6013,8265,8339,8340,8397,8763,8764,8765,8766,8767,8768,8769,8770,8771,8772,8773,8774,8775,8776,
16;1;12058;12089;0;3,24,27,28,46,55,79,95,100,137,139,144,145,225,276,291,321,377,390,395,398,429,457,497,503,578,591,715,719,754,833,854,948,949,979,1117,1118,1146,1196,1293,1358,1463,1474,1562,1668,1716,1809,2018,2036,2074,2090,2232,2407,2774,2775,2836,2890,2941,3006,3178,3207,3209,3210,3214,3246,3263,3284,3449,3627,3808,3870,3906,4026,4114,4273,4859,6013,8265,8339,8340,
901;0;12089;12194;0;3,24,27,28,46,55,79,95,100,137,139,144,145,225,276,291,321,351,377,390,395,398,429,457,497,503,578,591,640,715,719,754,833,854,948,949,979,1117,1118,1146,1196,1293,1358,1463,1474,1540,1562,1668,1716,1809,2018,2036,2074,2090,2232,2407,2645,2774,2775,2836,2890,2941,3006,3178,3207,3209,3210,3214,3246,3263,3284,3449,3627,3870,4026,4859,5051,5209,5409,6472,
127;0;12194;12250;0;3,95,100,137,139,144,145,177,178,179,180,182,183,225,231,251,276,304,321,377,379,382,390,398,429,640,644,647,754,833,852,854,938,949,1048,1051,1054,1117,1118,1145,1146,1171,1284,1358,1447,1474,1478,1604,1661,1667,1668,1736,1768,1809,1945,1970,1971,1973,2222,2315,2362,2391,2408,2636,2638,2675,2836,2958,3099,3703,3709,3793,3814,3819,5138,5808,6263,7840,8125,8127,
127;1;12250;12296;0;3,95,100,137,139,144,145,177,178,179,180,182,183,225,231,251,276,304,321,377,379,382,390,398,429,640,644,647,754,833,852,854,938,949,1048,1051,1054,1117,1118,1145,1146,1171,1284,1358,1447,1474,1478,1604,1661,1667,1668,1736,1768,1809,1945,1970,1971,1973,2222,2315,2362,2391,2408,2636,2638,2675,2836,2958,3099,3703,3709,3793,3814,3819,5138,5808,6263,7840,8125,8127,
852;0;12296;12397;0;3,95,100,137,139,144,145,177,178,179,180,182,183,225,231,251,276,304,321,377,379,382,390,398,429,640,644,647,754,833,852,854,938,949,1048,1051,1054,1117,1118,1145,1146,1171,1284,1358,1447,1474,1478,1604,1661,1667,1668,1736,1768,1809,1945,1970,1971,1973,2222,2315,2362,2391,2408,2636,2638,2675,2836,2958,3099,3703,3709,3793,3814,3819,5138,5808,6263,7840,8125,8127,
650;0;12397;12496;0;3,95,100,137,139,144,145,177,178,179,180,182,183,225,231,251,276,304,321,377,379,382,390,398,429,640,644,647,754,833,852,854,938,949,1048,1051,1054,1117,1118,1145,1146,1171,1284,1358,1447,1474,1478,1604,1661,1667,1668,1736,1768,1809,1945,1970,1971,1973,2222,2315,2362,2391,2408,2636,2638,2675,2836,2958,3099,3703,3709,3793,3814,3819,5138,5808,6263,7840,8125,8127,
Machine: 1
628;0;0;23;1;24,26,27,40,46,52,100,144,180,204,225,251,262,289,305,307,312,313,359,380,381,384,385,442,592,593,594,595,596,644,722,734,765,868,875,876,1214,1256,1271,1275,1276,1286,1587,1674,1782,1994,2179,2225,2273,2309,2310,2311,2312,2313,2314,2315,2316,2407,2512,2626,2627,2628,2635,2637,2647,2653,2654,2660,2661,2675,2705,2968,3003,4109,4110,4111,4112,4735,4736,7452,
721;0;23;53;1;24,26,27,40,46,52,100,144,180,204,225,251,262,289,305,307,312,313,359,380,381,384,385,442,592,593,594,595,596,644,722,734,765,868,875,876,1214,1256,1271,1275,1276,1286,1587,1674,1782,1994,2179,2225,2273,2309,2310,2311,2312,2313,2314,2315,2316,2407,2512,2626,2627,2628,2635,2637,2647,2653,2654,2660,2661,2675,2705,2968,3003,4109,4110,4111,4112,4735,4736,7452,
631;0;53;85;1;24,26,27,40,46,52,100,144,180,204,225,251,262,289,305,307,312,313,359,380,381,384,385,442,592,593,594,595,596,644,722,734,765,868,875,876,1214,1256,1271,1275,1276,1286,1587,1674,1782,1994,2179,2225,2273,2309,2310,2311,2312,2313,2314,2315,2316,2407,2512,2626,2627,2628,2635,2637,2647,2653,2654,2660,2661,2675,2705,2968,3003,4109,4110,4111,4112,4735,4736,7452,
624;0;85;129;1;24,26,27,40,46,52,100,144,180,204,225,251,262,289,305,307,312,313,359,380,381,384,385,442,592,593,594,595,596,644,722,734,765,868,875,876,1214,1256,1271,1275,1276,1286,1587,1674,1782,1994,2179,2225,2273,2309,2310,2311,2312,2313,2314,2315,2316,2407,2512,2626,2627,2628,2635,2637,2647,2653,2654,2660,2661,2675,2705,2968,3003,4109,4110,4111,4112,4735,4736,7452,
30;0;129;280;0;24,26,27,40,46,52,100,144,180,204,225,251,262,289,305,307,312,313,359,380,381,384,385,442,592,593,594,595,596,644,722,734,765,868,875,876,1214,1256,1271,1275,1276,1286,1587,1674,1782,1994,2179,2225,2273,2309,2310,2311,2312,2313,2314,2315,2316,2407,2512,2626,2627,2628,2635,2637,2647,2653,2654,2660,2661,2675,2705,2968,3003,4109,4110,4111,4112,4735,4736,7452,
30;1;280;449;0;24,26,27,40,46,52,100,144,180,204,225,251,262,289,305,307,312,313,359,380,381,384,385,442,592,593,594,595,596,644,722,734,765,868,875,876,1214,1256,1271,1275,1276,1286,1587,1674,1782,1994,2179,2225,2273,2309,2310,2311,2312,2313,2314,2315,2316,2407,2512,2626,2627,2628,2635,2637,2647,2653,2654,2660,2661,2675,2705,2968,3003,4109,4110,4111,4112,4735,4736,7452,
104;0;449;625;0;24,26,27,40,46,52,97,100,144,177,179,180,204,225,234,251,262,272,273,287,289,304,305,307,311,312,313,317,359,380,381,384,385,442,446,592,593,594,595,596,644,722,734,765,868,875,876,1131,1136,1137,1214,1256,1271,1275,1276,1286,1587,1674,1676,1677,1782,1994,2179,2225,2273,2309,2310,2311,2312,2313,2314,2315,2407,2512,2626,2627,2628,2635,2653,2661,
104;1;625;756;0;24,26,27,95,97,100,137,139,143,144,145,149,177,204,225,234,262,272,273,289,305,313,317,380,390,395,398,429,442,528,598,644,765,769,838,862,948,1131,1136,1146,1214,1268,1275,1286,1287,1288,1292,1293,1294,1322,1474,1587,1674,1676,1782,1816,2239,2241,2242,2263,2388,2407,2512,2626,2627,2628,2635,2653,2661,3026,3027,3034,3267,4803,7834,8165,8468,8469,8846,9000,
2;0;756;868;0;24,26,27,95,97,100,137,139,143,144,145,149,177,204,225,234,262,272,273,289,305,313,317,380,390,395,398,429,442,528,598,644,765,769,838,862,948,1131,1136,1146,1214,1268,1275,1286,1287,1288,1292,1293,1294,1322,1474,1587,1674,1676,1782,1816,2239,2241,2242,2263,2388,2407,2512,2626,2627,2628,2635,2653,2661,3026,3027,3034,3267,4803,7834,8165,8468,8469,8846,9000,
2;1;868;1038;0;24,26,27,95,97,100,137,139,143,144,145,149,177,204,225,234,262,272,273,289,305,313,317,380,390,395,398,429,442,528,598,644,765,769,838,862,948,1131,1136,1146,1214,1268,1275,1286,1287,1288,1292,1293,1294,1322,1474,1587,1674,1676,1782,1816,2239,2241,2242,2263,2388,2407,2512,2626,2627,2628,2635,2653,2661,3026,3027,3034,3267,4803,7834,8165,8468,8469,8846,9000,
161;0;1038;1193;0;24,26,27,95,97,100,137,139,143,144,145,149,177,204,225,234,262,272,273,289,305,313,317,380,390,395,398,429,442,528,598,644,765,769,838,862,948,1131,1136,1146,1214,1268,1275,1286,1287,1288,1292,1293,1294,1322,1474,1587,1674,1676,1782,1816,2239,2241,2242,2263,2388,2407,2512,2626,2627,2628,2635,2653,2661,3026,3027,3034,3267,4803,7834,8165,8468,8469,8846,9000,
161;1;1193;1313;0;24,26,27,95,97,100,137,139,143,144,145,149,177,204,225,234,262,272,273,289,305,313,317,380,390,395,398,429,442,528,598,644,765,769,838,862,948,1131,1136,1146,1214,1268,1275,1286,1287,1288,1292,1293,1294,1322,1474,1587,1674,1676,1782,1816,2239,2241,2242,2263,2388,2407,2512,2626,2627,2628,2635,2653,2661,3026,3027,3034,3267,4803,7834,8165,8468,8469,8846,9000,
279;0;1440;1576;0;26,27,95,97,100,137,138,139,143,144,149,177,225,234,262,297,305,313,317,380,390,395,398,400,429,442,528,591,640,644,677,765,766,836,854,863,948,949,1118,1136,1146,1147,1172,1268,1275,1287,1288,1293,1294,1322,1453,1469,1474,1502,1661,1664,1667,1668,1670,1671,1673,1674,1676,1782,1944,1972,1973,1974,1975,1976,1977,1978,2241,2407,2626,2627,2628,2635,2653,2661,
279;1;1576;1711;0;26,27,95,97,100,137,138,139,143,144,149,177,225,234,262,297,305,313,317,380,390,395,398,400,429,442,528,591,640,644,677,765,766,836,854,863,948,949,1118,1136,1146,1147,1172,1268,1275,1287,1288,1293,1294,1322,1453,1469,1474,1502,1661,1664,1667,1668,1670,1671,1673,1674,1676,1782,1944,1972,1973,1974,1975,1976,1978,2241,2407,2626,2627,2628,2635,2653,2661,3840,
71;0;1711;1885;0;26,27,95,97,100,137,138,139,143,144,149,177,225,234,262,295,297,305,313,317,380,390,395,398,400,429,442,528,591,640,644,677,765,766,836,854,863,948,949,1118,1136,1146,1147,1172,1268,1275,1287,1288,1293,1294,1322,1453,1469,1474,1502,1661,1664,1667,1668,1670,1671,1673,1674,1676,1782,1944,1972,1973,1974,1975,1978,2241,2407,2626,2627,2628,2635,2653,2661,4816,
71;1;1885;1979;0;26,27,95,97,100,137,138,139,143,144,149,177,202,225,234,262,295,297,305,313,317,380,390,395,398,400,427,429,442,528,591,640,644,677,765,766,836,854,863,948,949,987,1118,1136,1146,1147,1172,1268,1275,1287,1288,1293,1294,1322,1423,1453,1469,1474,1502,1667,1668,1670,1671,1676,1782,1944,1973,1974,1978,2241,2407,2626,2627,2628,2635,2653,2661,4280,5645,8118,
103;0;1979;2069;0;26,27,95,97,100,137,139,143,144,149,177,202,225,234,262,295,297,305,313,317,380,390,395,398,400,429,442,528,580,591,640,644,765,836,854,863,948,949,987,1118,1136,1146,1268,1275,1287,1288,1293,1294,1322,1469,1474,1667,1668,1670,1671,1676,1779,1782,1944,1973,1974,1978,2241,2407,2626,2627,2628,2635,2653,2661,2969,3078,3395,3726,3727,3728,3729,3730,3731,3732,
103;1;2069;2226;0;26,27,97,117,137,144,192,225,247,291,329,377,395,407,495,528,644,765,891,1148,1201,1268,1279,1287,1288,1293,1294,1322,1488,1539,1540,1604,1837,1849,1915,2133,2216,2241,2485,2544,2628,2696,2767,2778,2875,2941,3015,3263,3986,3987,3988,3989,4227,4331,4332,4333,4357,4428,4489,4603,4604,4612,4613,4617,4761,5110,5217,5218,5229,5270,5406,5873,6749,6750,6751,6752,6753,6754,6766,6945,
211;0;2226;2309;0;26,27,97,117,137,144,192,225,247,291,329,377,395,407,495,528,644,765,891,1148,1201,1268,1279,1287,1288,1293,1294,1322,1488,1539,1540,1604,1837,1849,1915,2133,2216,2241,2485,2544,2628,2696,2767,2778,2875,2941,3015,3263,3986,3987,3988,3989,4227,4331,4332,4333,4357,4428,4489,4603,4604,4612,4613,4617,4761,5110,5217,5218,5229,5270,5406,5873,6749,6750,6751,6752,6753,6754,6766,6945,
211;1;2309;2468;0;26,27,97,117,137,144,192,225,247,291,329,377,395,407,495,528,644,765,891,1148,1201,1268,1279,1287,1288,1293,1294,1322,1488,1539,1540,1604,1837,1849,1915,2133,2216,2241,2485,2544,2628,2696,2767,2778,2875,2941,3015,3263,3986,3987,3988,3989,4227,4331,4332,4333,4357,4428,4489,4603,4604,4612,4613,4617,4761,5110,5217,5218,5229,5270,5406,5873,6749,6750,6751,6752,6753,6754,6766,6945,
78;0;2468;2562;0;26,27,97,117,137,144,192,225,247,291,329,377,395,407,495,528,644,765,891,1148,1201,1268,1279,1287,1288,1293,1294,1322,1488,1539,1540,1604,1837,1849,1915,2133,2216,2241,2485,2544,2628,2696,2767,2778,2875,2941,3015,3263,3986,3987,3988,3989,4227,4331,4332,4333,4357,4428,4489,4603,4604,4612,4613,4617,4761,5110,5217,5218,5229,5270,5406,5873,6749,6750,6751,6752,6753,6754,6766,6945,
78;1;2562;2704;0;26,27,97,117,137,144,192,225,247,291,329,377,395,407,495,528,644,765,891,1148,1201,1268,1279,1287,1288,1293,1294,1322,1488,1539,1540,1604,1837,1849,1915,2133,2216,2241,2485,2544,2628,2696,2767,2778,2875,2941,3015,3263,3986,3987,3988,3989,4227,4331,4332,4333,4357,4428,4489,4603,4604,4612,4613,4617,4761,5110,5217,5218,5229,5270,5406,5873,6749,6750,6751,6752,6753,6754,6766,6945,
139;0;2704;2883;0;26,27,97,117,137,144,192,225,247,291,329,377,395,407,495,528,644,765,891,1148,1201,1268,1279,1287,1288,1293,1294,1322,1488,1539,1540,1604,1837,1849,1915,2133,2216,2241,2485,2544,2628,2696,2767,2778,2875,2941,3015,3263,3986,3987,3988,3989,4227,4331,4332,4333,4357,4428,4489,4603,4604,4612,4613,4617,4761,5110,5217,5218,5229,5270,5406,5873,6749,6750,6751,6752,6753,6754,6766,6945,
139;1;2883;2934;0;26,27,97,117,137,144,192,225,247,260,291,329,345,377,395,407,495,528,584,644,765,890,891,1148,1201,1268,1279,1287,1288,1293,1294,1322,1374,1488,1539,1540,1604,1756,1837,1849,1915,2133,2216,2241,2405,2485,2544,2628,2645,2696,2767,2778,2875,2941,2988,3015,3263,3519,3699,3986,3987,3988,3989,4227,4331,4332,4333,4357,4428,4489,4603,4604,4617,5217,5218,5867,6198,6199,6200,6201,
107;0;2934;3110;0;26,27,61,97,117,137,144,192,225,247,260,291,329,345,377,395,407,495,528,566,584,644,765,890,891,1148,1201,1267,1268,1269,1273,1279,1287,1288,1289,1293,1294,1322,1374,1488,1539,1540,1547,1604,1756,1781,1782,1837,1849,1915,2133,2216,2240,2241,2407,2409,2485,2544,2628,2645,2696,2778,2941,3015,3263,3702,3986,3988,4357,4428,4604,4617,4884,4940,4941,4942,4943,4944,5217,5218,
107;1;3110;3161;0;26,27,61,97,117,137,144,177,181,192,225,234,247,260,262,288,291,302,305,308,310,313,314,317,329,345,377,380,395,401,403,407,442,528,644,765,891,1121,1148,1267,1269,1279,1287,1288,1289,1293,1294,1322,1430,1472,1474,1488,1540,1604,1655,1676,1915,1932,2133,2216,2240,2407,2485,2544,2628,2645,2696,2778,2941,3015,3120,3121,3263,3986,3988,4428,4604,4617,5217,5218,
149;0;3161;3225;0;26,27,61,97,117,137,144,177,181,225,241,247,262,288,291,305,310,313,314,329,342,377,380,390,395,401,402,528,640,644,765,891,892,1056,1057,1062,1121,1148,1267,1269,1279,1287,1288,1293,1322,1430,1472,1474,1488,1540,1604,1676,1843,1915,1933,2102,2103,2104,2105,2106,2107,2216,2240,2407,2544,2628,2645,2696,2778,2941,3015,3120,3121,3263,3986,4428,4604,4617,5217,5218,
149;1;3225;3382;0;3,26,27,61,97,117,137,144,177,181,225,241,247,262,288,291,305,310,313,314,329,377,380,390,395,401,402,528,640,644,765,891,1048,1051,1054,1056,1057,1062,1121,1145,1148,1267,1269,1279,1287,1288,1293,1322,1358,1430,1474,1488,1540,1604,1676,1725,1805,1915,1945,2103,2105,2107,2216,2240,2407,2544,2628,2645,2696,2778,2941,3015,3120,3263,3986,4428,4604,4617,5217,5218,
200;0;3382;3545;0;3,26,27,97,100,137,144,225,241,262,380,390,395,401,528,617,618,666,715,765,827,833,836,947,1048,1051,1054,1057,1121,1136,1145,1269,1279,1287,1293,1322,1358,1481,1599,1604,1945,2318,2346,2347,2625,2626,2635,2645,2653,2661,2678,2690,2941,3147,3986,4449,5336,5350,5525,5530,5531,5538,5637,5722,5868,6022,6023,6026,6309,6310,6564,6594,6595,6596,6597,6598,6599,6600,6601,6602,
200;1;3545;3601;0;3,17,26,27,87,97,137,139,143,144,202,206,225,245,262,277,333,380,390,398,404,429,528,591,645,691,765,794,948,987,1048,1051,1054,1057,1136,1145,1146,1233,1236,1269,1279,1287,1293,1322,1358,1424,1476,1478,1604,1749,1814,1945,1970,1971,1992,2052,2128,2413,2627,2645,2937,2941,2986,3045,3618,3986,4472,4536,4553,4575,4683,4744,4745,4746,4791,4982,5741,5749,6850,7031,
36;0;3601;3638;0;3,17,26,27,87,97,137,139,143,144,202,206,225,245,262,277,333,380,390,398,404,429,528,591,645,691,765,794,948,987,1048,1051,1054,1057,1136,1145,1146,1233,1236,1269,1279,1287,1293,1322,1358,1424,1476,1478,1604,1749,1814,1945,1970,1971,1992,2052,2128,2413,2627,2645,2937,2941,2986,3045,3618,3986,4472,4536,4553,4575,4683,4744,4745,4746,4791,4982,5741,5749,6850,7031,
36;1;3638;3813;0;3,17,26,27,87,97,137,139,143,144,202,206,225,245,262,277,333,380,390,398,404,429,528,591,645,691,765,794,948,987,1048,1051,1054,1057,1136,1145,1146,1233,1236,1269,1279,1287,1293,1322,1358,1424,1476,1478,1604,1749,1814,1945,1970,1971,1992,2052,2128,2413,2627,2645,2937,2941,2986,3045,3618,3986,4472,4536,4553,4575,4683,4744,4745,4746,4791,4982,5741,5749,6850,7031,
57;0;3813;3979;0;3,17,26,27,87,97,137,139,143,144,202,206,225,245,262,277,333,380,390,398,404,429,528,591,645,691,765,794,948,987,1048,1051,1054,1057,1136,1145,1146,1233,1236,1269,1279,1287,1293,1322,1358,1424,1476,1478,1604,1749,1814,1945,1970,1971,1992,2052,2128,2413,2627,2645,2937,2941,2986,3045,3618,3986,4472,4536,4553,4575,4683,4744,4745,4746,4791,4982,5741,5749,6850,7031,
57;1;3979;4023;0;3,17,26,27,87,97,137,139,143,144,202,206,225,245,262,277,333,380,390,398,404,429,528,591,645,691,765,794,948,987,1048,1051,1054,1057,1136,1145,1146,1233,1236,1269,1279,1287,1293,1322,1358,1424,1476,1478,1604,1749,1814,1945,1970,1971,1992,2052,2128,2413,2627,2645,2937,2941,2986,3045,3618,3986,4472,4536,4553,4575,4683,4744,4745,4746,4791,4982,5741,5749,6850,7031,
212;0;4023;4202;0;3,17,26,27,87,97,137,139,143,144,202,206,225,245,262,277,333,380,390,398,404,429,528,591,645,691,765,794,948,987,1048,1051,1054,1057,1136,1145,1146,1233,1236,1269,1279,1287,1293,1322,1358,1424,1476,1478,1604,1749,1814,1945,1970,1971,1992,2052,2128,2413,2627,2645,2937,2941,2986,3045,3618,3986,4472,4536,4553,4575,4683,4744,4745,4746,4791,4982,5741,5749,6850,7031,
212;1;4320;4345;0;3,26,27,97,137,139,143,144,202,206,225,245,255,262,277,380,390,398,404,429,528,591,645,691,765,948,1048,1051,1054,1057,1136,1145,1146,1233,1236,1269,1275,1277,1279,1280,1287,1293,1295,1322,1358,1390,1476,1478,1604,1814,1893,1945,1970,1971,2052,2261,2577,2627,2645,2795,2842,2941,3413,3831,3869,3986,4007,4021,4553,4746,6957,6958,6959,6960,6961,6962,6963,6964,6965,6966,
242;0;4345;4517;0;3,7,8,26,27,95,97,137,139,143,144,202,206,225,245,255,262,277,380,390,392,394,398,404,429,528,591,645,691,765,948,1048,1049,1050,1051,1053,1054,1055,1057,1058,1059,1136,1145,1146,1228,1229,1233,1236,1269,1275,1277,1279,1280,1287,1293,1295,1322,1358,1390,1476,1478,1604,1633,1814,1893,1945,1970,1971,2052,2261,2577,2627,2645,2795,2842,2941,3831,3869,4553,4746,
242;1;4517;4545;0;3,7,8,26,27,95,97,137,139,143,144,202,206,225,245,255,262,277,380,390,392,394,398,404,429,528,591,645,691,765,948,1048,1049,1050,1051,1053,1054,1055,1057,1058,1059,1136,1145,1146,1228,1229,1233,1236,1269,1275,1277,1279,1280,1287,1293,1295,1322,1358,1390,1476,1478,1604,1633,1814,1893,1945,1970,1971,2052,2261,2592,2627,2645,2842,2941,3656,3831,3869,4553,4746,
176;0;4545;4592;0;3,7,8,26,27,95,97,137,139,143,144,202,206,210,225,245,255,262,277,380,390,394,398,404,429,491,528,591,645,691,760,765,948,995,1048,1050,1051,1053,1054,1055,1057,1058,1089,1136,1145,1146,1229,1233,1236,1269,1275,1277,1279,1280,1287,1293,1295,1322,1358,1390,1476,1478,1558,1604,1814,1945,1970,1971,2052,2074,2200,2537,2627,2645,3609,3774,3831,3865,4553,9194,
176;1;4592;4742;0;3,7,8,26,27,95,97,137,139,142,143,144,149,202,225,245,255,262,277,315,379,380,390,394,398,399,400,404,429,528,591,645,765,948,995,1048,1050,1051,1053,1054,1055,1057,1058,1061,1145,1146,1149,1231,1233,1236,1269,1277,1279,1287,1293,1322,1358,1363,1478,1604,1726,1809,1822,1823,1824,1825,1826,1827,1828,1829,1830,1831,1832,1945,1970,1971,2052,2645,3774,4553,
167;0;4742;4903;0;3,7,26,27,95,97,137,139,142,143,144,149,202,225,245,255,262,276,277,337,390,394,398,400,404,429,528,591,645,680,681,765,844,849,948,995,1048,1050,1051,1053,1054,1057,1058,1145,1146,1149,1233,1236,1269,1277,1279,1287,1293,1322,1358,1363,1478,1529,1604,1726,1809,1945,1970,1971,2052,2645,3529,3532,3745,3774,4404,4405,4406,4407,4408,4409,4410,4411,4412,4553,
167;1;4903;4937;0;3,7,26,27,95,97,137,139,142,143,144,149,202,225,245,255,262,276,277,337,390,394,395,398,400,401,404,429,528,591,645,680,681,765,844,849,948,995,1048,1050,1051,1052,1053,1054,1057,1058,1145,1146,1149,1233,1236,1269,1277,1279,1287,1293,1322,1358,1359,1363,1478,1529,1604,1669,1726,1809,1945,1970,1971,2052,2134,2355,2426,2645,3529,3532,3745,3774,4412,4553,
192;0;4937;4985;0;3,7,26,27,95,97,137,139,142,143,144,145,146,149,202,225,241,245,255,262,276,277,321,337,390,394,395,398,400,404,429,528,591,645,765,844,948,995,1048,1050,1051,1052,1053,1054,1057,1058,1121,1145,1146,1149,1233,1236,1269,1277,1279,1287,1293,1322,1358,1359,1363,1478,1529,1604,1669,1680,1726,1809,1816,1945,1970,1971,2052,2355,2645,3774,4033,4412,4553,6105,
192;1;4985;5128;0;24,26,38,55,137,142,144,145,189,288,292,314,351,374,390,398,405,528,529,591,658,871,872,873,874,972,1050,1051,1058,1117,1233,1269,1278,1279,1287,1288,1293,1322,1456,1587,1591,1592,1669,1768,1783,1785,1795,2253,2645,2774,2775,2778,2780,2816,2950,3034,3263,3381,3704,3788,3879,4012,4018,4262,4324,4325,4326,4327,4328,4329,4330,4456,4458,4564,4740,4805,5109,5505,5506,5507,
202;0;5128;5178;0;24,26,38,55,137,142,144,145,189,288,292,314,351,374,390,398,405,528,529,591,658,871,872,873,874,972,1050,1051,1058,1117,1233,1269,1278,1279,1287,1288,1293,1322,1456,1587,1591,1592,1669,1768,1783,1785,1795,2253,2645,2774,2775,2778,2780,2816,2950,3034,3263,3381,3704,3788,3879,4012,4018,4262,4324,4325,4326,4327,4328,4329,4330,4456,4458,4564,4740,4805,5109,5505,5506,5507,
202;1;5178;5308;0;24,26,38,55,137,142,144,145,189,288,292,314,351,374,390,398,405,528,529,591,658,871,872,873,874,972,1050,1051,1058,1117,1233,1269,1278,1279,1287,1288,1293,1322,1456,1587,1591,1592,1669,1768,1783,1785,1795,2253,2645,2774,2775,2778,2780,2816,2950,3034,3263,3381,3704,3788,3879,4012,4018,4262,4324,4325,4326,4327,4328,4329,4330,4456,4458,4564,4740,4805,5109,5505,5506,5507,
178;0;5308;5477;0;24,26,38,55,137,142,144,145,189,288,292,314,351,374,390,398,405,528,529,591,658,871,872,873,874,972,1050,1051,1058,1117,1233,1269,1278,1279,1287,1288,1293,1322,1456,1587,1591,1592,1669,1768,1783,1785,1795,2253,2645,2774,2775,2778,2780,2816,2950,3034,3263,3381,3704,3788,3879,4012,4018,4262,4324,4325,4326,4327,4328,4329,4330,4456,4458,4564,4740,4805,5109,5505,5506,5507,
178;1;5477;5486;0;24,26,38,55,137,142,144,145,189,288,292,314,351,374,390,398,405,528,529,591,658,871,872,873,874,972,1050,1051,1058,1117,1233,1269,1278,1279,1287,1288,1293,1322,1456,1587,1591,1592,1669,1768,1783,1785,1795,2253,2645,2774,2775,2778,2780,2816,2950,3034,3263,3381,3704,3788,3879,4012,4018,4262,4324,4325,4326,4327,4328,4329,4330,4456,4458,4564,4740,4805,5109,5505,5506,5507,
954;0;5760;5935;0;24,26,38,55,96,101,137,142,144,145,189,288,292,314,351,374,390,398,405,528,529,591,658,871,872,873,874,891,972,1050,1051,1058,1117,1233,1269,1278,1279,1287,1288,1293,1322,1456,1567,1587,1591,1592,1669,1768,1783,1785,1795,2253,2628,2645,2678,2774,2775,2778,2780,2816,2950,3034,3263,3381,3704,3788,3879,4012,4018,4093,4262,4324,4325,4326,4327,4328,4329,4330,4740,5230,
736;0;5935;6109;0;24,26,38,55,96,101,117,137,142,144,145,189,268,273,288,292,314,351,374,390,398,405,528,529,591,658,871,872,873,874,891,972,1050,1051,1058,1117,1233,1269,1278,1279,1287,1288,1293,1322,1456,1587,1592,1669,1752,1763,1919,1974,2573,2628,2645,2678,2774,2775,2778,2804,2816,3099,3263,3381,3879,3915,4012,4018,4469,4504,4565,4740,5197,5230,6223,6365,8655,8975,8976,8977,
998;0;6109;6281;0;18,24,26,34,38,51,55,96,101,117,137,142,144,145,189,268,273,288,292,314,351,374,390,398,405,528,529,549,573,591,658,871,872,873,874,891,968,972,1050,1051,1058,1117,1233,1269,1278,1279,1287,1288,1293,1322,1456,1587,1592,1669,1752,1763,1919,1974,2027,2573,2628,2645,2678,2774,2775,2778,2804,2816,3099,3263,3314,3381,3879,3915,4012,4018,4469,4504,4740,5230,
972;0;6281;6451;0;2,6,18,24,26,34,38,51,55,96,101,117,137,142,144,145,189,268,273,288,292,314,351,374,390,391,398,404,405,528,529,549,573,591,658,871,872,873,874,891,911,968,972,1050,1051,1053,1058,1117,1233,1269,1278,1279,1287,1288,1293,1322,1587,1592,1603,1669,1763,1918,1919,2628,2645,2678,2774,2775,2778,2816,3099,3263,3314,3381,3879,3915,4012,4018,4740,5230,
746;0;6451;6620;0;3,60,137,139,144,145,225,276,288,292,295,321,390,426,591,607,647,769,854,855,911,912,948,1093,1118,1133,1134,1236,1277,1293,1361,1478,1481,1488,1565,1572,1809,1875,1916,2053,2416,2492,2532,2628,2645,2695,2783,2826,3630,4450,4552,4553,4632,4650,4754,4996,5011,5259,5338,5698,5700,5876,7372,7711,7712,7713,7714,7715,7716,7717,7718,7719,7720,7721,7722,7723,7724,7725,7726,7727,
665;0;6620;6788;0;3,60,137,139,144,145,225,276,288,292,295,321,390,426,591,607,647,769,854,855,911,912,948,1093,1118,1133,1134,1236,1277,1293,1361,1478,1481,1488,1565,1572,1809,1875,1916,2053,2416,2492,2532,2628,2645,2695,2783,2826,3630,4450,4552,4553,4632,4650,4754,4996,5011,5259,5338,5698,5700,5876,7372,7711,7712,7713,7714,7715,7716,7717,7718,7719,7720,7721,7722,7723,7724,7725,7726,7727,
709;0;6788;6954;0;3,60,137,139,144,145,225,276,288,292,295,321,390,426,591,607,647,769,854,855,911,912,948,1093,1118,1133,1134,1236,1277,1293,1361,1478,1481,1488,1565,1572,1809,1875,1916,2053,2416,2492,2532,2628,2645,2695,2783,2826,3630,4450,4552,4553,4632,4650,4754,4996,5011,5259,5338,5698,5700,5876,7372,7711,7712,7713,7714,7715,7716,7717,7718,7719,7720,7721,7722,7723,7724,7725,7726,7727,
908;0;6954;7118;0;3,60,137,139,144,145,225,276,288,292,295,321,390,426,591,607,647,769,854,855,911,912,948,1093,1118,1133,1134,1236,1277,1293,1361,1478,1481,1488,1565,1572,1809,1875,1916,2053,2416,2492,2532,2628,2645,2695,2783,2826,3630,4450,4552,4553,4632,4650,4754,4996,5011,5259,5338,5698,5700,5876,7372,7711,7712,7713,7714,7715,7716,7717,7718,7719,7720,7721,7722,7723,7724,7725,7726,7727,
759;0;7118;7282;0;3,60,137,139,144,145,225,276,288,292,295,321,390,426,591,607,647,769,854,855,911,912,948,1093,1118,1133,1134,1236,1277,1293,1361,1478,1481,1488,1565,1572,1809,1875,1916,2053,2416,2492,2532,2628,2645,2695,2783,2826,3630,4450,4552,4553,4632,4650,4754,4996,5011,5259,5338,5698,5700,5876,7372,7711,7712,7713,7714,7715,7716,7717,7718,7719,7720,7721,7722,7723,7724,7725,7726,7727,
299;0;7282;7403;0;3,4,60,89,90,137,139,144,145,225,276,288,292,295,321,390,426,583,591,607,647,764,768,769,773,833,836,854,855,858,862,863,911,912,944,945,947,948,949,1046,1093,1118,1133,1134,1174,1214,1236,1277,1293,1361,1371,1478,1481,1488,1513,1524,1525,1532,1533,1534,1535,1536,1537,1538,1565,1572,1809,1875,1916,2053,2416,2492,2532,2628,2645,2695,2826,4450,5011,5259,
299;1;7403;7444;0;3,4,60,89,102,137,139,144,145,225,276,288,292,321,390,591,647,715,769,771,773,833,836,854,855,858,862,863,911,912,947,948,949,1093,1118,1134,1204,1236,1277,1293,1361,1478,1481,1488,1529,1572,1809,1875,2053,2416,2460,2602,2605,2628,2645,2650,2679,2681,2826,2984,4412,4449,4450,4945,5011,5259,5530,5859,5868,5869,6022,7301,7653,7826,7871,8583,8682,8683,8684,8685,
100;0;7444;7549;0;3,4,7,95,137,139,142,143,144,145,225,276,288,292,321,390,395,429,439,591,647,715,769,833,838,854,855,858,862,863,911,912,927,947,948,949,1056,1062,1092,1093,1118,1134,1236,1293,1361,1370,1373,1375,1478,1481,1488,1809,1811,1875,2053,2416,2509,2531,2614,2628,2645,2650,2816,2826,3286,4018,4450,4545,5011,5259,5530,5869,6022,6263,6413,6414,6415,6416,6417,7826,
100;1;7549;7605;0;3,4,27,95,137,139,143,144,145,225,255,276,288,292,321,390,395,429,591,647,715,769,826,833,838,854,855,858,862,863,911,912,927,947,948,949,1093,1118,1134,1236,1267,1270,1286,1287,1293,1361,1478,1481,1488,1685,1809,1875,2053,2091,2197,2337,2416,2628,2645,2650,2826,3015,3411,3774,4018,4450,4487,4488,4545,5011,5162,5259,5471,5530,5682,5869,6022,7671,7826,8836,
889;0;7605;7765;0;3,4,95,137,139,143,144,145,225,276,288,292,321,390,395,429,591,647,715,769,833,854,855,858,862,863,911,927,947,948,949,1093,1118,1134,1236,1293,1361,1478,1481,1488,1809,1875,1949,1950,1951,1952,1954,1955,1956,1957,1958,1959,1960,1961,1962,1963,1964,1965,1966,1967,1968,1969,2053,2091,2337,2416,2628,2645,2650,2826,4018,4450,4545,5259,5530,5869,6022,6166,6167,6168,
17;0;7765;7780;0;3,4,95,137,139,143,144,145,225,247,276,288,292,321,390,395,429,529,558,577,591,600,647,715,769,833,854,855,858,862,863,911,927,947,948,949,1093,1118,1134,1221,1236,1290,1293,1361,1478,1481,1488,1592,1651,1700,1809,2053,2064,2091,2337,2416,2512,2628,2645,2650,2826,3029,3050,3829,4018,4440,4450,4452,4545,4813,5091,5092,5093,5094,5095,5096,5259,5530,5869,6022,
17;1;7780;7924;0;3,24,137,144,225,288,321,390,395,398,715,787,790,949,957,995,1048,1051,1145,1236,1358,1478,1481,1589,1604,1725,1805,1945,1970,1971,1980,2036,2567,2628,2650,2774,2775,2776,2779,2812,2947,4003,4052,4103,4114,4167,4168,4169,4170,4172,4740,4781,4853,5530,5757,5809,5869,6022,6570,6571,6572,6573,6574,6575,6576,6577,6578,6579,6580,6581,6582,7893,8122,8124,8271,8272,8273,8275,8277,8283,
963;0;7924;8081;0;3,24,137,144,225,288,321,390,395,398,715,787,790,949,957,995,1048,1051,1145,1236,1358,1478,1481,1589,1604,1725,1805,1945,1970,1971,1980,2036,2567,2628,2650,2774,2775,2776,2779,2812,2947,4003,4052,4103,4114,4167,4168,4169,4170,4172,4740,4781,4853,5530,5757,5809,5869,6022,6570,6571,6572,6573,6574,6575,6576,6577,6578,6579,6580,6581,6582,7893,8122,8124,8271,8272,8273,8275,8277,8283,
862;0;8081;8236;0;3,24,137,144,225,288,321,390,395,398,715,787,790,949,957,995,1048,1051,1145,1236,1358,1478,1481,1589,1604,1725,1805,1945,1970,1971,1980,2036,2567,2628,2650,2774,2775,2776,2779,2812,2947,4003,4052,4103,4114,4167,4168,4169,4170,4172,4740,4781,4853,5530,5757,5809,5869,6022,6570,6571,6572,6573,6574,6575,6576,6577,6578,6579,6580,6581,6582,7893,8122,8124,8271,8272,8273,8275,8277,8283,
925;0;8236;8389;0;3,24,137,144,225,288,321,390,395,398,715,787,790,949,957,995,1048,1051,1145,1236,1358,1478,1481,1589,1604,1725,1805,1945,1970,1971,1980,2036,2567,2628,2650,2774,2775,2776,2779,2812,2947,4003,4052,4103,4114,4167,4168,4169,4170,4172,4740,4781,4853,5530,5757,5809,5869,6022,6570,6571,6572,6573,6574,6575,6576,6577,6578,6579,6580,6581,6582,7893,8122,8124,8271,8272,8273,8275,8277,8283,
108;0;8640;8655;0;3,24,103,137,144,225,288,321,390,395,398,609,666,715,765,787,790,949,957,995,1041,1048,1051,1145,1236,1358,1478,1481,1589,1604,1725,1805,1945,1970,1971,1980,2036,2052,2567,2628,2642,2650,2678,2774,2775,2776,2779,2812,2947,4003,4052,4103,4114,4167,4168,4169,4170,4172,4740,4781,4853,5230,5392,5525,5530,5637,5722,5723,5757,5809,5869,6022,6225,6311,6312,6313,6570,7582,8790,8791,
108;1;8655;8792;0;3,24,103,137,144,225,288,321,390,395,398,609,666,715,765,787,790,949,957,995,1041,1048,1051,1145,1236,1358,1478,1481,1589,1604,1725,1805,1945,1970,1971,1980,2036,2052,2567,2628,2642,2650,2678,2774,2775,2776,2779,2812,2947,3511,3527,3580,3581,3582,4003,4052,4103,4114,4167,4168,4169,4170,4172,4740,4781,4853,5230,5392,5525,5530,5637,5722,5723,5757,5809,5869,6022,6225,6311,7582,
833;0;8792;8943;0;2,3,24,103,137,144,225,265,288,300,321,390,393,395,398,609,666,715,765,787,790,949,957,995,1041,1048,1050,1051,1052,1145,1150,1232,1236,1358,1478,1481,1589,1604,1725,1805,1945,1970,1971,1980,2036,2052,2355,2567,2628,2642,2650,2678,2774,2775,2776,2779,2812,2947,3511,3527,3580,3581,3582,4003,4052,4103,4114,4167,4168,4169,4170,4172,5392,5525,5637,5722,5869,6022,6225,7582,
907;0;8943;9093;0;2,3,24,97,103,137,144,149,225,231,265,288,300,321,390,393,395,398,404,432,609,666,715,765,787,790,949,957,995,1041,1048,1050,1051,1052,1145,1150,1232,1236,1358,1474,1475,1478,1480,1481,1521,1589,1604,1725,1805,1945,1970,1971,1978,1980,2036,2052,2355,2508,2567,2628,2642,2650,2678,2774,2775,2776,3511,5143,5392,5525,5619,5637,5699,5722,5869,6022,6177,6178,6225,7582,
216;0;9093;9135;0;2,3,24,28,35,38,97,103,137,144,149,150,175,196,202,225,231,265,288,300,321,374,390,393,395,398,404,569,609,715,765,949,995,1048,1050,1051,1145,1196,1284,1358,1474,1478,1481,1604,1693,1853,1980,1984,1989,2052,2203,2216,2334,2355,2518,2519,2523,2527,2678,2774,2775,2776,2825,2826,2827,2829,2830,2831,2832,2833,2834,3511,5392,5525,5637,5722,5869,6022,6225,7582,
216;1;9135;9240;0;2,3,24,28,35,38,95,97,103,137,144,149,150,175,196,202,225,231,265,288,300,321,374,390,393,395,398,404,429,569,609,715,765,818,949,995,1048,1050,1051,1145,1196,1284,1358,1474,1478,1481,1604,1809,1980,2052,2355,2678,2774,2775,2776,2777,2778,3511,3970,4606,4771,5022,5023,5024,5025,5026,5027,5028,5029,5030,5031,5032,5392,5525,5637,5722,5869,6022,6225,7582,
904;0;9240;9383;0;1,3,24,100,136,137,144,145,225,249,262,277,289,290,395,404,429,644,647,824,854,1050,1051,1058,1093,1118,1145,1361,1397,1474,1478,1481,1807,1809,2053,2064,2109,2774,2775,2777,2778,2790,2934,2951,3263,3267,3268,3278,3703,4217,4545,4570,4604,4605,4606,4677,4841,4913,6469,6517,6518,6519,6520,6977,7055,7990,8148,8354,8456,8457,8458,8459,8460,8569,9119,9120,9121,9122,9123,9124,
993;0;9383;9522;0;1,3,24,100,136,137,144,145,225,249,262,277,289,290,395,404,429,644,647,824,854,1050,1051,1058,1093,1118,1145,1361,1397,1474,1478,1481,1807,1809,2053,2064,2109,2774,2775,2777,2778,2790,2934,2951,3263,3267,3268,3278,3703,4217,4545,4570,4604,4605,4606,4677,4841,4913,6469,6517,6518,6519,6520,6977,7055,7990,8148,8354,8456,8457,8458,8459,8460,8569,9119,9120,9121,9122,9123,9124,
913;0;9522;9659;0;1,3,24,100,136,137,144,145,225,249,262,277,289,290,395,404,429,644,647,824,854,1050,1051,1058,1093,1118,1145,1361,1397,1474,1478,1481,1807,1809,2053,2064,2109,2774,2775,2777,2778,2790,2934,2951,3263,3267,3268,3278,3703,4217,4545,4570,4604,4605,4606,4677,4841,4913,6469,6517,6518,6519,6520,6977,7055,7990,8148,8354,8456,8457,8458,8459,8460,8569,9119,9120,9121,9122,9123,9124,
175;0;9659;9721;0;1,3,24,100,136,137,144,145,225,249,262,277,289,290,395,404,429,644,647,824,854,1050,1051,1058,1093,1118,1145,1361,1397,1474,1478,1481,1807,1809,2053,2064,2109,2774,2775,2777,2778,2790,2934,2951,3263,3267,3268,3278,3703,4217,4545,4570,4604,4605,4606,4677,4841,4913,6469,6517,6518,6519,6520,6977,7055,7990,8148,8354,8456,8457,8458,8459,8460,8569,9119,9120,9121,9122,9123,9124,
175;1;9721;9790;0;1,3,24,100,136,137,144,145,225,249,262,277,289,290,395,404,429,644,647,824,854,1050,1051,1058,1093,1118,1145,1361,1397,1474,1478,1481,1807,1809,2053,2064,2109,2774,2775,2777,2778,2790,2934,2951,3263,3267,3268,3278,3703,4217,4545,4570,4604,4605,4606,4677,4841,4913,6469,6517,6518,6519,6520,6977,7055,7990,8148,8354,8456,8457,8458,8459,8460,8569,9119,9120,9121,9122,9123,9124,
783;0;10080;10203;0;1,3,24,100,136,137,144,145,225,249,262,277,289,290,377,395,396,404,429,644,647,824,854,855,911,1050,1051,1058,1093,1118,1134,1145,1148,1173,1361,1397,1474,1478,1481,1484,1807,1809,2053,2064,2103,2109,2774,2775,2777,2778,2790,2934,2951,3263,3267,3268,3278,3703,4217,4545,4570,4604,4605,4606,4677,4841,4913,5706,6469,6517,6518,6519,6520,6977,7055,7990,8148,8354,8456,8457,
160;0;10203;10299;0;1,3,24,100,136,137,144,145,225,245,249,262,277,289,290,377,394,395,396,404,429,644,647,824,854,855,911,1050,1051,1057,1058,1093,1118,1134,1145,1148,1173,1361,1397,1474,1478,1481,1484,1807,1809,2053,2064,2103,2105,2109,2774,2775,2777,2778,2790,2934,2951,3263,3267,3268,3278,3703,4217,4545,4570,4604,4605,4606,4677,4841,4913,5611,5613,5626,5706,5803,6469,6517,6518,8354,
160;1;10299;10324;0;1,3,24,100,136,137,144,145,225,245,249,262,277,289,290,377,394,395,396,404,429,644,647,720,824,854,855,911,1050,1051,1057,1058,1093,1118,1134,1145,1148,1173,1361,1397,1470,1474,1478,1481,1484,1679,1807,1809,1944,2053,2064,2103,2105,2109,2434,2721,2774,2775,2777,2778,2790,2934,2951,3263,3267,3268,3278,3703,4217,4545,4570,4604,4605,4606,4677,4841,4913,5611,6565,8354,
303;0;10324;10400;0;1,3,24,100,136,137,144,145,225,245,249,262,277,289,290,377,394,395,396,404,429,644,647,720,824,854,855,911,1050,1051,1057,1058,1093,1118,1134,1145,1148,1173,1361,1397,1419,1470,1474,1478,1481,1484,1679,1807,1809,1944,2053,2064,2103,2105,2109,2434,2721,2774,2775,2777,2778,2790,2884,2934,2951,3263,3267,3610,3703,3808,4217,4605,4606,4913,7333,7334,7335,7336,7337,8354,
303;1;10400;10444;0;1,3,24,100,136,137,144,145,225,233,245,249,262,271,277,288,289,290,291,292,377,394,395,396,400,404,429,591,644,647,720,824,839,854,855,911,1050,1051,1057,1093,1117,1118,1134,1145,1148,1419,1474,1478,1481,1484,1540,1807,1809,1915,2064,2091,2092,2338,2645,2774,2775,2777,2778,3263,3267,3610,3703,4217,4605,4606,4617,4913,5340,5410,6226,6329,6366,8035,8036,8354,
824;0;10444;10562;0;1,3,24,100,136,137,139,144,145,225,231,233,245,249,262,271,277,288,289,290,291,292,377,394,395,396,400,404,429,591,644,647,720,824,839,854,855,911,948,1050,1051,1057,1093,1117,1118,1134,1145,1148,1419,1474,1478,1479,1481,1484,1540,1807,1809,1915,2064,2091,2092,2338,2645,2774,2775,2777,2778,3263,3267,3610,3703,4217,4220,4605,4606,4617,4913,5340,5410,8354,
927;0;10562;10673;0;1,3,24,100,136,137,139,144,145,225,231,233,245,249,262,271,277,288,289,290,291,292,377,394,395,396,400,404,429,591,644,647,720,824,839,854,855,911,948,1050,1051,1057,1093,1117,1118,1134,1145,1148,1419,1474,1478,1479,1481,1484,1540,1807,1809,1915,2064,2091,2092,2338,2645,2774,2775,2777,2778,3263,3267,3610,3703,4217,4220,4605,4606,4617,4913,5340,7362,8354,
62;0;10673;10709;0;24,100,136,137,139,144,145,146,149,225,231,262,277,288,290,291,297,377,395,400,404,429,436,644,647,854,855,911,914,927,948,1051,1057,1093,1117,1118,1145,1148,1149,1211,1419,1474,1478,1479,1484,1540,1618,1668,1670,1671,1807,1920,1922,1973,2064,2091,2635,2651,3263,3703,4018,4572,4654,4748,4968,5015,5135,5139,5250,5251,5252,5253,5254,5255,5256,5257,5258,5259,5260,5261,
62;1;10709;10783;0;24,100,136,137,139,144,145,146,149,225,231,262,277,288,290,291,297,314,329,377,395,400,404,429,436,644,647,854,855,891,911,914,927,948,949,1051,1057,1093,1117,1118,1145,1148,1149,1211,1417,1419,1474,1478,1479,1484,1488,1540,1604,1618,1668,1670,1671,1807,1920,1922,1973,2064,2091,2544,2635,2696,3130,3258,3263,3703,4428,4818,5217,5218,5219,5220,5221,5222,5223,5254,
758;0;10783;10888;0;143,144,149,189,231,262,288,297,374,400,644,949,1051,1057,1093,1118,1145,1149,1210,1234,1282,1291,1363,1425,1469,1604,1736,1737,1740,1744,1746,1747,1750,1751,1755,1759,1762,1763,1764,1765,1769,1771,1834,2240,2306,2407,2794,3218,3226,3482,3484,3503,3577,3578,3579,3606,3677,3679,3703,3721,4450,5073,5074,5075,5076,5077,5078,5079,5080,5081,5082,5083,5084,5085,5086,5087,5088,6092,6385,9221,
897;0;10888;10993;0;143,144,149,189,231,262,288,297,374,400,644,949,1051,1057,1093,1118,1145,1149,1210,1234,1282,1291,1363,1425,1469,1604,1736,1737,1740,1744,1746,1747,1750,1751,1755,1759,1762,1763,1764,1765,1769,1771,1834,2240,2306,2407,2794,3218,3226,3482,3484,3503,3577,3578,3579,3606,3677,3679,3703,3721,4450,5073,5074,5075,5076,5077,5078,5079,5080,5081,5082,5083,5084,5085,5086,5087,5088,6092,6385,9221,
885;0;10993;11094;0;143,144,149,189,231,262,288,297,374,400,644,949,1051,1057,1093,1118,1145,1149,1210,1234,1282,1291,1363,1425,1469,1604,1736,1737,1740,1744,1746,1747,1750,1751,1755,1759,1762,1763,1764,1765,1769,1771,1834,2240,2306,2407,2794,3218,3226,3482,3484,3503,3577,3578,3579,3606,3677,3679,3703,3721,4450,5073,5074,5075,5076,5077,5078,5079,5080,5081,5082,5083,5084,5085,5086,5087,5088,6092,6385,9221,
992;0;11094;11194;0;143,144,149,189,231,262,288,297,374,400,644,949,1051,1057,1093,1118,1145,1149,1210,1234,1282,1291,1363,1425,1469,1604,1736,1737,1740,1744,1746,1747,1750,1751,1755,1759,1762,1763,1764,1765,1769,1771,1834,2240,2306,2407,2794,3218,3226,3482,3484,3503,3577,3578,3579,3606,3677,3679,3703,3721,4450,5073,5074,5075,5076,5077,5078,5079,5080,5081,5082,5083,5084,5085,5086,5087,5088,6092,6385,9221,
296;0;11194;11254;0;143,144,149,189,231,262,288,297,374,400,644,949,1051,1057,1093,1118,1145,1149,1210,1234,1282,1291,1363,1425,1469,1604,1736,1737,1740,1744,1746,1747,1750,1751,1755,1759,1762,1763,1764,1765,1769,1771,1834,2240,2306,2407,2794,3218,3226,3482,3484,3503,3577,3578,3579,3606,3677,3679,3703,3721,4450,5073,5074,5075,5076,5077,5078,5079,5080,5081,5082,5083,5084,5085,5086,5087,5088,6092,6385,9221,
296;1;11520;11557;0;4,141,143,144,147,149,189,231,262,288,297,374,390,400,644,949,1048,1051,1054,1057,1093,1118,1145,1146,1149,1210,1234,1282,1291,1358,1363,1425,1469,1604,1667,1726,1736,1737,1740,1744,1746,1747,1750,1751,1755,1759,1762,1763,1764,1765,1769,1771,1834,1941,1946,1947,2240,2306,2407,2794,3218,3226,3482,3484,3503,3577,3578,3579,3606,3677,3679,3703,3721,4450,5073,5074,5075,5076,5077,5078,
825;0;11557;11653;0;4,61,141,143,144,147,149,157,189,231,262,288,297,374,390,400,457,644,658,949,1048,1051,1054,1057,1093,1118,1145,1146,1149,1210,1234,1282,1291,1358,1363,1425,1469,1604,1667,1726,1736,1737,1740,1744,1746,1747,1750,1751,1755,1759,1762,1763,1764,1765,1769,1771,1834,1851,1941,1946,1947,2240,2306,2407,2415,2416,2794,3218,3226,3482,3484,3503,3577,3578,3579,3606,3677,3679,3703,4450,
177;0;11653;11708;0;4,54,61,141,143,144,147,149,157,189,204,231,262,288,297,374,390,400,457,644,658,949,1011,1048,1051,1054,1057,1093,1118,1145,1146,1149,1186,1210,1234,1282,1291,1358,1363,1425,1469,1604,1667,1726,1736,1737,1740,1744,1746,1747,1750,1751,1755,1759,1762,1763,1764,1765,1769,1771,1834,1851,1941,1946,1947,2003,2240,2306,2407,2415,2416,2512,2794,3218,3226,3482,3577,3703,4450,5021,
177;1;11708;11744;0;4,54,61,88,104,141,143,144,147,149,157,189,204,231,262,276,288,297,374,390,400,438,457,586,644,658,767,770,833,844,862,863,931,947,949,1011,1048,1051,1054,1057,1093,1118,1145,1146,1149,1186,1210,1234,1282,1291,1358,1363,1425,1469,1519,1520,1604,1667,1763,2240,2407,2491,2512,2794,3531,3577,3638,3703,4450,5456,5656,5774,6022,6441,7583,7585,8022,8095,8303,8304,
822;0;11744;11828;0;4,8,54,61,88,104,141,143,144,147,149,157,189,204,231,241,262,276,288,297,374,390,400,402,438,457,586,640,644,645,658,767,770,833,844,862,863,931,947,949,1011,1048,1051,1054,1057,1093,1118,1145,1146,1149,1186,1210,1234,1282,1291,1358,1363,1425,1469,1519,1520,1604,1667,1763,2107,2240,2407,2491,2512,2794,2815,3435,3531,3577,3638,3703,4450,5456,5656,6022,
4;0;11828;11877;0;4,8,54,61,88,104,141,143,144,147,149,157,189,204,231,241,262,276,288,297,374,390,400,402,438,457,586,640,644,645,658,767,770,833,844,862,863,931,947,949,1011,1048,1051,1054,1057,1093,1118,1145,1146,1149,1186,1210,1234,1282,1291,1358,1363,1425,1469,1519,1520,1604,1667,1763,2107,2240,2407,2491,2512,2794,2815,3435,3531,3577,3638,3703,4450,4467,5456,6022,
4;1;11877;11909;0;2,4,8,54,61,88,104,137,139,144,149,189,231,241,262,276,288,301,390,400,457,640,647,676,830,833,854,855,863,904,917,933,948,949,1051,1054,1093,1116,1118,1121,1125,1146,1282,1362,1363,1425,1469,1484,1485,1486,1487,1488,1489,1490,1491,1492,1493,1494,1495,1496,1497,1498,1499,1500,1501,1502,1503,1504,1505,1506,1763,2240,2407,2512,2794,3435,3577,3703,4450,6022,
850;0;11909;11989;0;2,4,8,54,61,88,104,113,137,139,144,149,189,206,221,231,241,262,276,288,301,390,400,457,502,640,647,676,830,833,854,855,863,904,917,933,948,949,1051,1054,1093,1116,1118,1121,1125,1146,1282,1362,1363,1425,1469,1484,1485,1486,1487,1488,1489,1490,1491,1492,1493,1494,1495,1496,1497,1498,1499,1500,1502,1587,1763,2240,2407,2512,2794,3435,3577,3703,4450,6022,
873;0;11989;12066;0;2,4,8,54,61,88,95,104,113,137,139,144,149,181,189,206,221,231,241,262,276,288,301,335,337,390,400,457,502,640,647,676,694,766,769,830,833,843,854,855,858,863,904,917,933,948,949,1051,1054,1093,1116,1118,1121,1125,1146,1282,1362,1363,1425,1469,1484,1485,1486,1487,1488,1496,1502,1587,1763,2240,2407,2512,2627,2794,3435,3577,3583,3703,4450,6022,
949;0;12066;12142;0;2,4,8,54,61,88,95,104,113,137,139,144,149,181,189,206,221,231,241,262,276,288,301,335,337,390,400,457,502,640,647,676,694,766,769,830,833,843,854,855,858,863,904,917,933,948,949,1051,1054,1093,1116,1118,1121,1125,1146,1282,1362,1363,1425,1469,1496,1502,1587,1763,2240,2407,2512,2627,2794,3435,3577,3703,4450,6022,8470,8475,8476,8477,8478,8479,
768;0;12142;12216;0;2,4,8,54,61,88,95,104,113,137,139,144,149,181,189,206,221,231,241,262,276,288,301,335,337,390,400,457,502,640,647,676,694,766,769,830,833,843,854,855,858,863,904,917,933,948,949,1051,1054,1093,1116,1118,1121,1125,1146,1282,1362,1363,1425,1469,1496,1502,1587,1763,2240,2407,2512,2546,2627,2794,3435,3577,3703,4450,5254,6022,6513,7961,8470,8475,
703;0;12216;12289;0;8,61,95,137,144,149,189,198,231,241,256,262,276,288,301,390,400,457,484,528,544,640,647,833,855,933,1051,1054,1118,1121,1146,1280,1282,1292,1363,1425,1496,1502,1544,1587,1763,1867,2021,2074,2089,2171,2190,2221,2240,2407,2410,2477,2625,2627,3008,3060,3416,3435,3706,3707,3831,3929,4009,4012,4013,4026,4119,4120,4121,4435,5106,5703,6022,6757,7367,7879,8470,8606,9257,9258,
Machine: 2
806;0;0;14;1;40,60,137,144,189,193,198,202,240,254,255,262,288,291,292,329,351,362,363,382,429,528,561,647,732,891,978,987,1118,1287,1293,1423,1426,1480,1481,1671,1811,1814,1930,1944,2080,2089,2132,2163,2492,2496,2676,2774,2775,2824,3126,3391,3580,3606,3707,3907,4225,4658,4740,5101,5377,5645,5648,5654,5655,5656,5657,5658,5659,5660,5661,6748,6757,6790,6791,6792,6793,6794,6795,7891,
740;0;14;41;1;40,60,137,144,189,193,198,202,240,254,255,262,288,291,292,329,351,362,363,382,429,528,561,647,732,891,978,987,1118,1287,1293,1423,1426,1480,1481,1671,1811,1814,1930,1944,2080,2089,2132,2163,2492,2496,2676,2774,2775,2824,3126,3391,3580,3606,3707,3907,4225,4658,4740,5101,5377,5645,5648,5654,5655,5656,5657,5658,5659,5660,5661,6748,6757,6790,6791,6792,6793,6794,6795,7891,
99;0;41;56;1;40,60,137,144,189,193,198,202,240,254,255,262,288,291,292,329,351,362,363,382,429,528,561,647,732,891,978,987,1118,1287,1293,1423,1426,1480,1481,1671,1811,1814,1930,1944,2080,2089,2132,2163,2492,2496,2676,2774,2775,2824,3126,3391,3580,3606,3707,3907,4225,4658,4740,5101,5377,5645,5648,5654,5655,5656,5657,5658,5659,5660,5661,6748,6757,6790,6791,6792,6793,6794,6795,7891,
99;1;56;77;1;40,60,137,144,189,193,198,202,240,254,255,262,288,291,292,329,351,362,363,382,429,528,561,647,732,891,978,987,1118,1287,1293,1423,1426,1480,1481,1671,1811,1814,1930,1944,2080,2089,2132,2163,2492,2496,2676,2774,2775,2824,3126,3391,3580,3606,3707,3907,4225,4658,4740,5101,5377,5645,5648,5654,5655,5656,5657,5658,5659,5660,5661,6748,6757,6790,6791,6792,6793,6794,6795,7891,
858;0;77;121;1;40,60,137,144,189,193,198,202,240,254,255,262,288,291,292,329,351,362,363,382,429,528,561,647,732,875,891,978,987,1118,1287,1293,1423,1426,1480,1481,1671,1811,1814,1930,1944,2080,2089,2132,2163,2492,2496,2676,2774,2775,2824,3126,3391,3580,3606,3707,3907,4225,4280,4658,4740,5101,5377,5645,5648,5654,5655,5656,5657,5658,5659,5660,5661,6748,6757,6790,6791,6792,6793,8118,
784;0;121;188;1;40,60,137,144,189,193,198,202,240,254,255,262,288,291,292,329,351,362,363,382,429,528,561,647,732,875,891,978,987,1118,1287,1288,1293,1423,1426,1480,1481,1671,1811,1814,1930,1944,2080,2089,2132,2163,2259,2410,2417,2418,2419,2420,2421,2492,2496,2676,2774,2775,2824,3126,3391,3580,3606,3707,3907,4225,4280,4658,4740,5101,5377,5645,5648,5654,5655,5656,5657,5658,5659,5660,
859;0;188;271;1;40,60,92,137,144,189,193,198,202,240,254,255,262,288,291,292,329,351,362,363,382,429,528,561,647,732,773,875,891,978,987,1118,1287,1288,1293,1423,1426,1480,1481,1671,1811,1814,1930,1944,2080,2089,2132,2163,2259,2318,2410,2417,2418,2419,2420,2421,2492,2496,2676,2774,2775,2824,3126,3391,3580,3606,3707,3907,4225,4280,4658,4740,5101,5377,5645,5648,5654,7626,7804,7840,
268;0;271;349;1;40,60,88,92,137,144,189,193,198,202,240,245,254,255,262,277,288,291,292,329,343,351,362,363,382,429,528,561,647,732,765,773,835,875,891,978,987,1051,1118,1287,1288,1293,1423,1426,1480,1481,1671,1811,1814,1930,1944,2080,2122,2132,2163,2259,2410,2417,2418,2419,2420,2661,2676,2693,2774,2775,2824,2897,3037,3126,3447,3606,3618,3707,3745,4280,4740,6099,7161,7804,
268;1;349;357;1;40,60,88,92,137,144,189,193,198,202,240,245,254,255,262,277,288,291,292,329,343,351,362,363,382,429,528,561,647,732,765,773,835,875,891,978,987,1051,1118,1287,1288,1293,1423,1426,1478,1480,1481,1671,1811,1814,1930,1944,2080,2122,2132,2163,2259,2410,2417,2418,2419,2420,2661,2676,2693,2774,2775,2824,2897,3037,3126,3447,3606,3618,3707,3745,4280,4740,6099,7804,
170;0;357;517;0;40,60,88,92,137,144,189,193,198,202,225,240,245,254,255,262,277,288,291,292,329,343,351,362,363,382,400,401,404,429,528,561,647,732,765,773,835,875,891,978,1051,1118,1287,1288,1293,1401,1423,1474,1478,1480,1481,1671,1762,1811,1814,1930,1944,2132,2163,2259,2410,2417,2418,2419,2420,2676,2693,2774,2775,2824,3126,3447,3606,3707,3745,4280,4502,4740,6099,7804,
170;1;517;669;0;40,60,137,144,177,189,198,225,245,262,269,277,288,291,292,329,343,351,377,382,396,400,401,404,429,528,647,765,875,891,1051,1118,1287,1288,1293,1401,1423,1473,1474,1478,1480,1481,1538,1671,1762,1811,1814,1930,1944,2132,2163,2259,2410,2417,2418,2419,2420,2676,2693,2774,2775,2824,3126,3447,3707,3745,4280,4545,4956,4957,4958,4959,4960,4961,4962,4963,5274,6099,7332,7804,
262;0;669;787;0;60,136,137,144,148,225,234,262,288,329,343,390,640,677,765,772,836,838,1048,1051,1054,1118,1119,1145,1146,1358,1360,1363,1474,1478,1481,1604,1970,1971,2346,2347,2461,2657,4376,5392,5484,5485,5525,5529,5634,5637,5722,5869,6022,6024,6026,6099,7099,7736,7737,8143,8190,8194,8195,8196,8197,8198,8551,8559,9049,9050,9051,9052,9053,9054,9055,9056,9057,9058,9059,9060,9061,9062,9063,9064,
262;1;787;951;0;60,136,137,144,148,225,234,262,288,329,343,390,640,677,765,772,836,838,1048,1051,1054,1118,1119,1145,1146,1358,1360,1363,1474,1478,1481,1604,1970,1971,2346,2347,2461,2657,4376,5392,5484,5485,5525,5529,5634,5637,5722,5869,6022,6024,6026,6099,7099,7736,7737,8143,8190,8194,8195,8196,8197,8198,8551,8559,9049,9050,9051,9052,9053,9054,9055,9056,9057,9058,9059,9060,9061,9062,9063,9064,
310;0;951;1002;0;60,136,137,144,148,225,234,262,288,329,343,390,640,677,765,772,836,838,1048,1051,1054,1118,1119,1145,1146,1358,1360,1363,1474,1478,1481,1604,1970,1971,2346,2347,2461,2657,4376,5392,5484,5485,5525,5529,5634,5637,5722,5869,6022,6024,6026,6099,7099,7736,7737,8143,8190,8194,8195,8196,8197,8198,8551,8559,9049,9050,9051,9052,9053,9054,9055,9056,9057,9058,9059,9060,9061,9062,9063,9064,
310;1;1002;1178;0;60,136,137,144,148,225,234,262,288,329,343,390,640,677,765,772,836,838,1048,1051,1054,1118,1119,1145,1146,1358,1360,1363,1474,1478,1481,1604,1970,1971,2346,2347,2461,2657,4376,5392,5484,5485,5525,5529,5634,5637,5722,5869,6022,6024,6026,6099,7099,7736,7737,8143,8190,8194,8195,8196,8197,8198,8551,8559,9049,9050,9051,9052,9053,9054,9055,9056,9057,9058,9059,9060,9061,9062,9063,9064,
105;0;1178;1251;0;60,136,137,144,148,225,234,262,288,329,343,390,640,677,765,772,836,838,1048,1051,1054,1118,1119,1145,1146,1358,1360,1363,1474,1478,1481,1604,1970,1971,2346,2347,2461,2657,4376,5392,5484,5485,5525,5529,5634,5637,5722,5869,6022,6024,6026,6099,7099,7736,7737,8143,8190,8194,8195,8196,8197,8198,8551,8559,9049,9050,9051,9052,9053,9054,9055,9056,9057,9058,9059,9060,9061,9062,9063,9064,
105;1;1440;1589;0;60,136,137,144,146,148,149,225,234,262,288,329,343,390,398,640,677,765,772,836,838,1048,1051,1054,1117,1118,1119,1145,1146,1149,1358,1360,1363,1474,1476,1478,1479,1481,1604,1920,1970,1971,2346,2347,2461,2657,4376,4473,4964,4965,4966,4972,5182,5392,5484,5485,5525,5529,5634,5637,5722,5869,6022,6024,6026,6099,6441,7099,7736,7737,8143,8190,8194,8195,8196,8197,8198,8551,8559,9049,
89;0;1589;1600;0;60,136,137,144,146,148,149,225,234,262,288,329,343,390,398,640,677,694,765,772,836,838,1048,1051,1054,1117,1118,1119,1145,1146,1147,1149,1358,1360,1363,1474,1476,1478,1479,1481,1604,1920,1970,1971,2346,2347,2461,2657,2690,2955,4376,4473,4964,4965,4966,4972,5182,5392,5484,5485,5525,5529,5634,5637,5722,5869,6022,6024,6026,6099,6173,6441,7099,7736,7737,8143,8190,8194,8195,8196,
89;1;1600;1773;0;15,24,54,60,136,137,144,146,148,149,225,234,262,288,329,343,390,398,640,677,694,765,772,836,838,871,1048,1051,1054,1117,1118,1119,1145,1146,1147,1149,1358,1360,1363,1474,1476,1478,1479,1481,1604,1920,1970,1971,2062,2063,2346,2347,2461,2657,2690,2955,3345,3346,4313,4314,4315,4316,4317,4318,4376,4473,4964,4965,4966,4972,5182,5392,5484,5485,5525,5529,5637,6022,6099,8190,
829;0;1773;1953;0;15,24,54,60,100,136,137,144,146,148,149,225,234,262,288,329,343,390,398,640,677,694,715,765,772,836,838,849,871,1048,1051,1054,1117,1118,1119,1145,1146,1147,1149,1358,1360,1363,1474,1476,1478,1479,1481,1599,1604,1920,1970,1971,2062,2063,2346,2657,2678,2683,2955,3346,4376,4965,5392,5484,5485,5530,5637,5795,5868,6022,6099,6225,7295,7296,7297,7299,7943,8190,8777,8778,
834;0;1953;2110;0;15,24,54,60,100,135,136,137,144,146,148,149,225,234,262,288,321,329,343,390,398,640,677,694,715,765,772,836,838,849,854,871,1048,1051,1054,1093,1117,1118,1119,1134,1145,1146,1147,1149,1358,1360,1361,1363,1474,1476,1478,1479,1481,1502,1599,1604,1670,1920,1971,1973,2657,2678,2683,2955,3346,4033,4376,4965,5392,5484,5485,5795,6022,6099,6225,6412,7296,7299,7943,8190,
169;0;2110;2193;0;3,15,97,100,139,144,149,150,152,225,238,241,262,276,277,302,321,333,366,382,404,480,497,499,547,640,838,948,962,1058,1117,1118,1133,1147,1233,1234,1236,1430,1463,1473,1474,1478,1481,1541,1749,1800,1935,1973,2053,2109,2818,2821,2824,2860,3132,3455,3456,3457,3745,3925,4016,4017,4018,4471,4553,4889,4890,4891,4892,4893,4894,4895,4896,4897,4898,4899,5254,7804,8190,8208,
169;1;2193;2259;0;3,15,97,100,139,144,149,150,152,225,238,241,262,276,277,302,321,333,366,382,404,480,497,499,547,640,838,948,962,1058,1117,1118,1133,1147,1233,1234,1236,1430,1463,1473,1474,1478,1481,1541,1749,1800,1935,1973,2053,2109,2818,2821,2824,2860,3132,3455,3456,3457,3745,3925,4016,4017,4018,4471,4553,4889,4890,4891,4892,4893,4894,4895,4896,4897,4898,4899,5254,7804,8190,8208,
205;0;2259;2319;0;3,15,97,100,139,144,149,150,152,225,238,241,262,276,277,302,321,333,366,382,404,480,497,499,547,640,838,948,962,1058,1117,1118,1133,1147,1233,1234,1236,1430,1463,1473,1474,1478,1481,1541,1749,1800,1935,1973,2053,2109,2818,2821,2824,2860,3132,3455,3456,3457,3745,3925,4016,4017,4018,4471,4553,4889,4890,4891,4892,4893,4894,4895,4896,4897,4898,4899,5254,7804,8190,8208,
205;1;2319;2402;0;3,15,97,100,139,144,149,150,152,225,238,241,262,276,277,302,321,333,366,382,404,480,497,499,547,640,838,948,962,1058,1117,1118,1133,1147,1233,1234,1236,1430,1463,1473,1474,1478,1481,1541,1749,1800,1935,1973,2053,2109,2818,2821,2824,2860,3132,3455,3456,3457,3745,3925,4016,4017,4018,4471,4553,4889,4890,4891,4892,4893,4894,4895,4896,4897,4898,4899,5254,7804,8190,8208,
961;0;2402;2541;0;3,15,97,100,139,144,149,150,152,225,238,241,262,276,277,302,321,333,366,382,404,480,497,499,547,640,838,948,962,1058,1117,1118,1133,1147,1233,1234,1236,1430,1463,1473,1474,1478,1481,1541,1749,1800,1935,1973,2053,2109,2818,2821,2824,2860,3132,3455,3456,3457,3745,3925,4016,4017,4018,4471,4553,4889,4890,4891,4892,4893,4894,4895,4896,4897,4898,4899,5254,7804,8190,8208,
647;0;2880;3014;0;3,15,97,100,139,144,149,150,152,225,231,238,241,262,276,277,302,321,333,366,377,379,382,404,480,497,499,547,640,644,647,838,948,962,1023,1024,1058,1117,1118,1133,1147,1171,1233,1234,1236,1430,1447,1463,1473,1474,1478,1481,1513,1541,1667,1736,1749,1800,1935,1973,2053,2109,2391,2394,2636,2818,2821,2824,2860,3132,3455,3456,3457,3745,3925,4018,4553,4898,4899,5254,
215;0;3014;3044;0;3,15,97,100,139,144,145,149,150,152,225,231,238,241,262,276,277,302,321,333,366,377,379,382,391,400,404,480,497,499,547,640,644,647,648,838,855,948,962,1023,1024,1058,1117,1118,1133,1147,1171,1233,1234,1236,1430,1447,1463,1473,1474,1478,1481,1513,1541,1667,1736,1803,1935,1973,2053,2109,2636,2821,2824,2860,3278,3455,3457,3745,4018,4553,4898,4899,5254,6342,
215;1;3044;3119;0;3,15,48,97,100,139,144,145,149,150,152,225,231,238,241,262,276,277,302,321,333,366,377,379,382,391,400,404,497,499,547,640,644,647,648,838,855,948,973,1013,1047,1117,1118,1133,1147,1171,1236,1261,1430,1447,1463,1473,1474,1478,1481,1541,1650,1667,1736,1935,1973,2053,2109,2270,2636,2821,2824,2860,3278,3455,3457,3745,4018,4553,4898,4899,5254,5278,5279,5280,
646;0;3119;3213;0;3,15,48,97,100,139,144,145,149,150,152,225,226,230,231,238,241,262,276,277,302,321,333,366,377,379,382,391,396,398,400,404,497,499,547,640,644,647,648,838,855,948,973,1013,1117,1118,1133,1147,1171,1236,1430,1447,1463,1473,1474,1478,1481,1541,1667,1736,1814,1935,1973,2053,2109,2597,2636,2821,2824,2860,3278,3455,3457,3745,4018,4553,4898,4899,5206,5254,
679;0;3213;3264;0;3,100,137,139,144,145,148,149,150,152,225,226,231,241,262,276,277,288,302,321,377,391,395,396,398,400,404,497,499,547,591,640,644,647,648,838,855,863,911,921,948,949,1117,1118,1147,1171,1172,1463,1473,1474,1478,1484,1502,1541,1633,1667,1670,1736,1935,1973,2053,2109,2224,2636,2860,3034,3284,3455,3457,3745,4018,4397,4401,4472,4553,4795,5206,5254,5695,5926,
752;0;3264;3284;0;3,100,137,139,144,145,148,149,150,152,225,226,231,241,262,276,277,288,302,321,377,391,395,396,398,400,404,497,499,547,591,640,644,647,648,838,855,863,911,921,948,949,1117,1118,1147,1171,1172,1274,1463,1473,1474,1478,1484,1502,1541,1633,1667,1670,1736,1935,1973,2053,2109,2224,2636,2860,3034,3284,3455,3457,3745,4018,4397,4401,4472,4553,4795,5206,5254,5926,
41;0;3284;3457;0;3,26,137,139,144,145,149,150,152,225,231,262,321,377,395,404,497,499,528,547,591,640,644,647,736,738,748,838,855,863,948,1117,1118,1147,1268,1269,1271,1272,1285,1287,1288,1289,1293,1332,1419,1463,1478,1502,1541,1570,1577,1670,1736,1780,1781,1793,1795,1935,2187,2224,2239,2257,2264,2265,2849,2856,2860,3457,3700,3701,3702,3703,3704,3705,3706,3707,3708,3709,3745,4553,
41;1;3457;3628;0;3,139,144,149,231,262,275,297,301,321,377,395,528,591,644,647,736,833,838,848,855,858,863,948,1060,1073,1093,1117,1118,1134,1147,1169,1293,1476,1502,1523,1666,1670,1736,2224,2405,2547,2649,2658,2677,2683,2693,2774,2775,2778,3260,3469,3470,3471,3472,3473,3474,3475,3476,3477,3478,3479,3480,3481,3482,3657,3658,3745,4371,4372,4373,4374,4375,4376,4535,4553,4746,4946,5432,5627,
233;0;3628;3797;0;3,139,144,149,231,262,275,297,301,321,377,395,528,591,644,647,736,833,838,848,855,858,863,948,1060,1073,1093,1117,1118,1134,1147,1169,1293,1476,1502,1523,1666,1670,1736,2224,2405,2547,2649,2658,2677,2683,2693,2774,2775,2778,3260,3469,3470,3471,3472,3473,3474,3475,3476,3477,3478,3479,3480,3481,3482,3657,3658,3745,4371,4372,4373,4374,4375,4376,4535,4553,4746,4946,5432,5627,
233;1;3797;3950;0;3,139,144,149,231,262,275,297,301,321,377,395,528,591,644,647,736,833,838,848,855,858,863,948,1060,1073,1093,1117,1118,1134,1147,1169,1293,1476,1502,1523,1666,1670,1736,2224,2405,2547,2649,2658,2677,2683,2693,2774,2775,2778,3260,3469,3470,3471,3472,3473,3474,3475,3476,3477,3478,3479,3480,3481,3482,3657,3658,3745,4371,4372,4373,4374,4375,4376,4535,4553,4746,4946,5432,5627,
94;0;3950;4064;0;3,139,144,149,231,262,275,297,301,321,377,395,528,591,644,647,736,833,838,848,855,858,863,948,1060,1073,1093,1117,1118,1134,1147,1169,1293,1476,1502,1523,1666,1670,1736,2224,2405,2547,2649,2658,2677,2683,2693,2774,2775,2778,3260,3469,3470,3471,3472,3473,3474,3475,3476,3477,3478,3479,3480,3481,3482,3657,3658,3745,4371,4372,4373,4374,4375,4376,4535,4553,4746,4946,5432,5627,
94;1;4320;4481;0;3,55,139,144,149,189,231,262,275,297,301,321,377,395,528,591,644,647,736,814,833,838,848,855,858,863,948,1060,1073,1093,1117,1118,1134,1147,1169,1293,1322,1390,1476,1502,1510,1523,1573,1666,1670,1736,2153,2224,2405,2547,2649,2658,2677,2683,2693,2774,2775,2778,2806,3260,3469,3470,3471,3472,3473,3474,3475,3476,3477,3478,3745,3849,3850,3851,3852,3853,3854,4373,4376,4553,
145;0;4481;4615;0;3,55,139,144,149,189,231,262,275,297,301,321,377,395,528,591,644,647,736,814,833,838,848,855,858,863,948,1060,1073,1093,1117,1118,1134,1147,1169,1293,1322,1390,1476,1502,1510,1523,1573,1666,1670,1736,2153,2224,2405,2547,2649,2658,2677,2683,2693,2774,2775,2778,2806,3260,3469,3470,3471,3472,3473,3474,3475,3476,3477,3478,3745,3849,3850,3851,3852,3853,4373,4376,4553,8486,
145;1;4615;4752;0;3,55,139,144,149,189,231,262,275,297,301,321,377,395,528,591,644,647,736,814,833,838,848,855,858,863,948,1060,1073,1093,1117,1118,1134,1147,1169,1293,1322,1390,1476,1502,1510,1523,1573,1666,1670,1736,2153,2224,2405,2547,2649,2658,2677,2693,2774,2775,2778,2806,3470,3472,3745,4373,4376,4553,5951,5959,5963,5966,5968,5976,5980,5987,5992,6151,6556,6583,6727,6729,7132,7134,
301;0;4752;4832;0;3,19,55,139,144,149,188,189,231,262,275,297,301,321,377,395,528,591,644,647,736,814,833,838,848,855,858,863,875,948,1060,1073,1093,1117,1118,1134,1147,1169,1293,1322,1390,1476,1502,1510,1523,1573,1666,1670,1736,2153,2224,2305,2405,2547,2649,2658,2677,2693,2774,2775,2778,2806,3470,3472,3627,3740,3741,3745,4373,4376,4553,5951,5959,5963,5966,5968,5976,5980,5987,5992,
301;1;4832;4995;0;3,19,24,55,139,144,149,188,189,231,249,262,275,297,301,321,377,395,528,591,644,647,655,662,736,814,833,838,848,855,858,863,875,948,1060,1073,1093,1117,1118,1134,1147,1169,1293,1322,1390,1476,1502,1510,1523,1573,1666,1670,1736,2153,2224,2305,2512,2649,2677,2693,2774,2775,2778,2806,3470,3472,3577,3745,4373,4376,4553,5951,5959,5963,5966,5968,5976,5980,5987,5992,
83;0;4995;5159;0;95,144,146,291,292,314,377,429,591,690,765,814,833,848,858,1046,1054,1117,1118,1120,1124,1147,1348,1442,1523,1528,1556,1567,1674,1735,1736,1763,1922,2106,2589,2627,2642,2677,2679,2689,2774,2775,2778,2779,2808,2898,3263,3447,3539,3745,4373,4834,4854,4855,5257,5370,5499,5500,5511,5512,5531,5532,6418,6419,6578,7318,7460,7816,7886,8391,8543,8583,8978,8979,8980,8981,8982,8983,8984,8985,
83;1;5159;5232;0;95,144,146,291,292,314,377,429,591,690,765,814,833,848,858,1046,1054,1117,1118,1120,1124,1147,1348,1442,1523,1528,1556,1567,1674,1735,1736,1763,1922,2106,2589,2627,2642,2677,2679,2689,2774,2775,2778,2779,2808,2898,3263,3447,3539,3745,4373,4834,4854,4855,5257,5370,5499,5500,5511,5512,5531,5532,6418,6419,6578,7318,7460,7816,7886,8391,8543,8583,8978,8979,8980,8981,8982,8983,8984,8985,
150;0;5232;5391;0;95,144,146,291,292,314,377,429,591,690,765,814,833,848,858,1046,1054,1117,1118,1120,1124,1147,1348,1442,1523,1528,1556,1567,1674,1735,1736,1763,1922,2106,2589,2627,2642,2677,2679,2689,2774,2775,2778,2779,2808,2898,3263,3447,3539,3745,4373,4834,4854,4855,5257,5370,5499,5500,5511,5512,5531,5532,6418,6419,6578,7318,7460,7816,7886,8391,8543,8583,8978,8979,8980,8981,8982,8983,8984,8985,
150;1;5391;5464;0;95,144,146,291,292,314,377,429,591,690,765,814,833,848,858,1046,1054,1117,1118,1120,1124,1147,1348,1442,1523,1528,1556,1567,1674,1735,1736,1763,1922,2106,2589,2627,2642,2677,2679,2689,2774,2775,2778,2779,2808,2898,3263,3447,3539,3745,4373,4834,4854,4855,5257,5370,5499,5500,5511,5512,5531,5532,6418,6419,6578,7318,7460,7816,7886,8391,8543,8583,8978,8979,8980,8981,8982,8983,8984,8985,
172;0;5464;5642;0;95,144,146,291,292,314,377,429,591,690,765,814,833,848,858,1046,1054,1117,1118,1120,1124,1147,1348,1442,1523,1528,1556,1567,1674,1735,1736,1763,1922,2106,2589,2627,2642,2677,2679,2689,2774,2775,2778,2779,2808,2898,3263,3447,3539,3745,4373,4834,4854,4855,5257,5370,5499,5500,5511,5512,5531,5532,6418,6419,6578,7318,7460,7816,7886,8391,8543,8583,8978,8979,8980,8981,8982,8983,8984,8985,
172;1;5760;5801;0;4,87,89,90,95,144,146,291,292,314,377,429,591,690,764,765,768,770,814,833,836,848,858,862,944,945,1046,1054,1117,1118,1120,1124,1147,1151,1214,1348,1442,1515,1516,1517,1518,1519,1520,1521,1522,1523,1524,1525,1526,1527,1528,1556,1567,1674,1735,1736,1763,1922,2106,2589,2627,2642,2677,2679,2689,2774,2775,2778,2779,2808,2898,3263,3447,3539,3745,4373,4834,5257,5499,8583,
85;0;5801;5936;0;4,87,89,90,95,144,146,291,292,314,377,395,429,591,644,690,764,765,768,770,814,833,836,843,848,858,862,944,945,946,1046,1054,1117,1118,1120,1124,1147,1151,1214,1348,1442,1515,1516,1517,1518,1519,1520,1521,1522,1523,1524,1525,1526,1527,1556,1674,1815,1922,2106,2599,2627,2642,2677,2679,2689,2774,2775,2778,2779,2808,2898,3263,3291,3447,3698,3699,4373,5257,5499,8583,
85;1;5936;6014;0;4,87,89,90,95,137,144,145,146,225,231,291,292,314,316,321,329,377,395,404,429,591,640,644,690,765,768,836,838,843,854,862,1027,1054,1117,1118,1147,1214,1476,1478,1480,1556,1669,1674,1809,1811,1815,1821,1922,2106,2128,2627,2642,2677,2679,2689,2774,2775,2778,2779,2808,2898,2951,3263,3447,3634,4373,4503,4654,4718,5257,5439,5499,5767,6187,6188,6189,6190,6191,8583,
11;0;6014;6158;0;4,87,89,90,95,137,144,145,146,225,231,291,292,314,316,321,329,377,395,404,429,591,640,644,690,765,768,836,838,843,854,862,1027,1054,1117,1118,1147,1214,1287,1476,1478,1480,1556,1669,1674,1809,1811,1815,1821,1922,2106,2128,2627,2642,2677,2679,2689,2774,2775,2778,2779,2808,2898,2951,3051,3263,3447,3634,4373,4503,4654,4718,5257,5439,5499,5767,6095,6096,6097,8583,
11;1;6158;6218;0;4,26,87,89,90,95,137,144,145,146,225,231,291,292,314,316,321,329,377,395,404,429,591,640,644,765,768,836,838,843,854,862,1027,1054,1117,1118,1147,1214,1270,1287,1476,1478,1480,1556,1588,1669,1674,1809,1815,1821,1922,2106,2128,2175,2420,2488,2627,2642,2677,2679,2689,2774,2775,2778,2779,2808,2898,2951,3263,3447,4373,4654,5257,5499,6918,6919,6920,6921,6922,8583,
247;0;6218;6366;0;4,26,68,95,137,144,145,146,150,152,225,231,291,292,314,321,329,377,395,404,429,497,499,547,591,640,644,765,768,836,838,843,854,862,1027,1054,1117,1118,1147,1214,1270,1287,1463,1476,1478,1480,1541,1669,1674,1815,1922,1935,2028,2106,2128,2175,2540,2627,2642,2677,2679,2689,2774,2775,2778,2779,2808,2860,2951,3263,3447,3452,3455,3457,4373,4654,5257,5499,5806,8583,
247;1;6366;6419;0;24,26,41,68,95,137,144,145,146,150,222,225,231,280,321,395,491,499,553,591,640,644,768,805,836,838,854,880,995,1117,1118,1147,1196,1214,1242,1270,1284,1287,1294,1463,1476,1478,1480,1587,1669,1674,1891,1922,1930,1935,2070,2128,2175,2513,2519,2774,2836,3126,3870,3888,3966,4187,4216,4352,4654,4664,4738,4887,5117,5257,6907,6909,7105,7543,7544,7545,7546,7547,7548,8583,
286;0;6419;6530;0;3,24,136,144,145,225,226,231,274,276,288,321,400,436,591,640,838,849,1118,1126,1287,1374,1470,1478,1480,1486,1609,1661,1668,1679,1759,1807,1920,2053,2109,2114,2118,2120,2123,2124,2125,2128,2129,2130,2132,2134,2135,2140,2142,2143,2638,2854,2855,2953,3527,4511,4533,4534,4543,4546,4551,4553,4554,4555,4656,4676,4677,4678,4679,4680,4681,4682,4802,6022,6665,7463,8449,8582,8583,8584,
286;1;6530;6617;0;3,24,136,144,145,225,226,231,274,276,288,321,400,436,591,640,838,849,1118,1126,1287,1374,1470,1478,1480,1486,1609,1661,1668,1679,1759,1807,1920,2053,2109,2114,2118,2120,2123,2124,2125,2128,2129,2130,2132,2134,2135,2140,2142,2143,2638,2854,2855,2953,3527,4511,4533,4534,4543,4546,4551,4553,4554,4555,4656,4676,4677,4678,4679,4680,4681,4682,4802,6022,6665,7463,8449,8582,8583,8584,
276;0;7200;7331;0;3,24,136,144,145,225,226,231,274,276,288,321,400,436,503,591,640,838,849,1062,1118,1126,1287,1288,1374,1470,1478,1480,1486,1609,1661,1668,1679,1707,1759,1807,1920,2053,2109,2114,2118,2120,2123,2124,2125,2128,2129,2130,2132,2134,2135,2140,2142,2143,2154,2638,2854,2855,2953,3346,3414,3527,4511,4533,4534,4543,4546,4551,4553,4554,4555,4656,4676,4677,4678,4679,4680,5948,7003,7214,
276;1;7331;7391;0;3,24,136,144,145,149,225,226,231,262,274,276,288,321,400,436,503,591,640,838,849,1062,1118,1126,1287,1288,1359,1374,1470,1478,1480,1486,1609,1661,1668,1679,1707,1759,1807,1920,2053,2109,2114,2118,2120,2123,2124,2125,2128,2129,2130,2132,2134,2135,2140,2142,2143,2154,2509,2510,2638,2854,2855,2953,3346,3414,3527,4511,4533,4534,4543,4546,4551,4553,4554,4555,4656,4676,4677,6193,
15;0;7391;7565;0;3,24,136,144,145,149,198,225,226,231,247,262,274,276,288,321,400,436,503,529,557,591,640,727,838,849,875,1062,1118,1126,1287,1288,1290,1359,1374,1470,1478,1480,1486,1577,1609,1661,1668,1679,1707,1759,1775,1776,1777,1778,1779,1780,1781,1782,1783,1784,1785,1786,1787,1788,1789,1790,1791,1792,1793,1794,1795,1807,1920,2053,2109,2114,2118,2128,2134,2509,2953,3527,4511,4553,
15;1;7565;7569;0;3,24,136,144,145,149,198,225,226,231,247,262,274,276,288,321,397,400,436,503,529,557,591,640,727,838,849,875,1062,1118,1126,1287,1288,1290,1359,1374,1470,1474,1478,1480,1486,1577,1609,1661,1668,1679,1707,1759,1775,1776,1777,1778,1779,1780,1781,1782,1783,1784,1785,1786,1787,1788,1789,1790,1791,1792,1793,1794,1920,1921,2053,2109,2128,2134,2509,2953,3527,4511,4553,6860,
217;0;7569;7635;0;3,24,136,144,145,149,198,225,226,231,247,262,274,276,288,321,397,400,436,503,529,557,591,640,727,838,849,875,1062,1118,1126,1287,1288,1290,1359,1374,1470,1474,1478,1480,1486,1577,1609,1661,1668,1679,1707,1759,1775,1776,1777,1778,1779,1780,1781,1782,1783,1784,1785,1787,1920,2053,2109,2128,2134,2509,2953,3205,3207,3210,3218,3470,3492,3501,3527,4511,4553,8339,8340,8341,
217;1;7635;7744;0;3,24,136,144,145,146,149,198,225,226,231,247,262,274,276,288,301,321,397,398,400,436,503,529,557,591,640,727,838,849,875,1062,1118,1126,1146,1287,1288,1290,1359,1374,1470,1474,1476,1478,1479,1480,1486,1577,1609,1661,1668,1679,1707,1759,1775,1776,1777,1778,1779,1780,1781,1782,1783,1784,1785,1787,1920,2053,2109,2128,2134,2509,2953,3205,3210,3527,4511,4553,4965,8340,
237;0;7744;7756;0;3,24,55,136,144,145,146,149,198,225,226,231,247,251,262,274,276,288,301,321,397,398,400,436,503,529,557,591,640,727,838,849,875,1062,1118,1126,1146,1287,1288,1290,1304,1359,1374,1463,1470,1474,1476,1478,1479,1480,1486,1577,1609,1661,1668,1679,1707,1759,1775,1776,1777,1778,1781,1783,1784,1787,1920,2053,2109,2128,2134,2305,2509,2953,3210,3527,4334,4511,4553,8340,
237;1;7756;7918;0;3,24,55,136,144,145,146,149,198,225,226,231,247,251,262,274,276,288,301,321,397,398,400,436,503,529,557,591,640,727,838,849,875,1062,1118,1126,1146,1287,1288,1290,1304,1359,1374,1463,1470,1474,1476,1478,1479,1480,1486,1577,1609,1661,1668,1679,1707,1759,1775,1776,1778,1781,1783,1784,1787,1920,2053,2109,2128,2134,2305,2509,2953,3210,3527,4511,4553,8340,8484,8485,
857;0;7918;8090;0;24,55,100,136,138,144,145,146,149,198,241,262,277,342,390,391,393,395,396,436,591,640,647,677,766,836,838,854,855,863,875,921,927,949,1048,1051,1093,1118,1145,1147,1214,1287,1288,1358,1359,1468,1489,1604,1661,1662,1663,1664,1665,1666,1667,1668,1669,1670,1671,1672,1673,1674,1778,1783,1784,1920,2109,2305,2451,2709,2926,3210,3267,3268,5243,6090,6125,7431,8340,9200,
909;0;8090;8261;0;24,55,100,136,138,144,145,146,149,198,241,262,277,342,390,391,393,395,396,436,591,640,647,677,766,836,838,854,855,863,875,921,927,949,1048,1051,1093,1118,1145,1147,1214,1287,1288,1358,1359,1468,1489,1604,1661,1662,1663,1664,1665,1666,1667,1668,1669,1670,1671,1672,1673,1674,1778,1783,1784,1920,2109,2305,2451,2709,2926,3210,3267,3268,5243,6090,6125,7431,8340,9200,
45;0;8261;8370;0;24,55,100,136,138,144,145,146,149,198,241,262,277,342,390,391,393,395,396,436,591,640,647,677,766,836,838,854,855,863,875,921,927,949,1048,1051,1093,1118,1145,1147,1214,1287,1288,1358,1359,1468,1489,1604,1661,1662,1663,1664,1665,1666,1667,1668,1669,1670,1671,1672,1673,1674,1778,1783,1784,1920,2109,2305,2451,2709,2926,3210,3267,3268,5243,6090,6125,7431,8340,9200,
45;1;8370;8429;0;24,55,100,136,138,144,145,146,149,198,241,262,277,342,390,391,393,395,396,436,591,640,647,677,766,836,838,854,855,863,875,921,927,949,1048,1051,1093,1118,1145,1147,1214,1287,1288,1358,1359,1468,1489,1604,1661,1662,1663,1664,1665,1666,1667,1668,1669,1670,1671,1672,1673,1674,1778,1783,1784,1920,2109,2305,2451,2709,2926,3210,3267,3268,5243,6090,6125,7431,8340,9200,
68;0;8429;8563;0;24,55,100,136,138,144,145,146,149,198,241,262,277,342,390,391,393,395,396,436,591,640,647,677,766,836,838,854,855,863,875,921,927,949,1048,1051,1093,1118,1145,1147,1214,1287,1288,1358,1359,1468,1489,1604,1661,1662,1663,1664,1665,1666,1667,1668,1669,1670,1671,1672,1673,1674,1778,1783,1784,1920,2109,2305,2451,2709,2926,3210,3267,3268,5243,6090,6125,7431,8340,9200,
68;1;8640;8672;0;24,55,61,68,100,136,138,144,145,146,149,169,196,198,208,241,262,277,342,390,391,393,395,396,436,502,591,609,640,647,677,766,836,838,854,855,863,875,921,927,949,1048,1051,1093,1118,1145,1147,1214,1281,1287,1288,1358,1359,1423,1468,1560,1580,1604,1665,1668,1669,1670,1671,1674,1778,1783,1784,1920,2091,2109,2305,3070,3210,4364,4383,5053,5435,6401,8158,8340,
633;0;8672;8836;0;24,55,61,68,100,136,138,144,145,146,149,169,196,198,208,241,262,277,342,390,391,393,395,396,436,502,591,609,640,647,677,766,836,838,854,855,875,921,927,949,1048,1051,1093,1118,1145,1147,1281,1287,1288,1297,1358,1359,1560,1580,1604,1665,1668,1669,1670,1671,1674,1778,1783,1784,1920,2091,2109,2149,2179,2257,2305,2315,3210,3831,3866,4215,4216,4383,5053,8340,
964;0;8836;9000;0;24,55,61,68,100,136,144,145,146,149,196,262,277,289,390,391,395,396,430,436,591,640,644,647,677,715,768,838,854,875,921,927,1048,1051,1118,1145,1147,1281,1287,1288,1358,1359,1560,1604,1665,1668,1670,1671,1674,1768,1778,1783,1784,1920,2091,2179,2305,2315,2636,2640,2654,2680,2699,2714,2733,2750,2756,3210,3831,5195,7296,7299,7308,8340,8432,8801,8825,8826,8827,8828,
75;0;9000;9127;0;24,55,61,68,100,136,144,145,146,149,196,262,277,289,390,391,395,396,430,436,591,640,644,647,677,715,768,838,854,875,887,921,927,1048,1051,1118,1145,1147,1281,1287,1288,1358,1359,1560,1604,1665,1668,1670,1671,1674,1768,1778,1783,1784,1920,2091,2179,2221,2264,2279,2305,2315,2636,2640,2654,2680,2699,2714,2733,2934,3005,3210,3831,3870,6869,7971,8332,8340,8523,9074,
75;1;9127;9163;0;24,55,61,68,100,136,144,145,146,149,196,262,277,289,390,391,395,396,430,436,499,591,640,644,647,677,715,768,838,854,875,887,921,927,1048,1051,1118,1145,1147,1281,1287,1288,1358,1359,1560,1604,1665,1668,1670,1671,1674,1768,1778,1783,1784,1920,1988,2091,2179,2221,2264,2279,2305,2315,2636,2640,2654,2680,2699,2714,2733,2934,3005,3210,3831,3870,6869,7971,8332,8340,
920;0;9163;9325;0;24,26,55,61,68,100,136,144,145,146,149,196,262,277,289,390,391,395,396,430,436,499,528,591,634,640,644,647,677,838,854,875,921,927,1048,1051,1118,1145,1147,1267,1269,1273,1281,1287,1288,1293,1294,1295,1322,1358,1359,1560,1604,1665,1668,1670,1671,1674,1778,1783,1784,1920,2091,2179,2221,2241,2264,2305,2315,2485,2714,3210,3700,3831,3870,4620,5105,5122,5123,8340,
898;0;9325;9486;0;24,26,35,44,46,55,68,136,144,146,149,150,170,196,218,374,436,518,569,640,644,647,854,927,995,1118,1565,1668,1670,1671,1693,1716,1853,1920,1984,1989,2017,2034,2035,2197,2216,2305,2315,2326,2518,2519,2520,2521,2522,2523,2524,2525,2526,2527,2528,3209,3210,3488,4569,4612,4759,4800,5047,5440,5490,5491,5492,6930,7587,8340,8397,8763,8765,8766,8767,8768,8769,8770,8773,8774,
968;0;9486;9646;0;24,26,35,44,46,55,68,136,144,146,149,150,170,196,218,374,436,518,569,640,644,647,854,927,995,1118,1565,1668,1670,1671,1693,1716,1853,1920,1984,1989,2017,2034,2035,2197,2216,2305,2315,2326,2518,2519,2520,2521,2522,2523,2524,2525,2526,2527,2528,3209,3210,3488,4569,4612,4759,4800,5047,5440,5490,5491,5492,6930,7587,8340,8397,8763,8765,8766,8767,8768,8769,8770,8773,8774,
967;0;9646;9806;0;24,26,35,44,46,55,68,136,144,146,149,150,170,196,218,374,436,518,569,640,644,647,854,927,995,1118,1565,1668,1670,1671,1693,1716,1853,1920,1984,1989,2017,2034,2035,2197,2216,2305,2315,2326,2518,2519,2520,2521,2522,2523,2524,2525,2526,2527,2528,3209,3210,3488,4569,4612,4759,4800,5047,5440,5490,5491,5492,6930,7587,8340,8397,8763,8765,8766,8767,8768,8769,8770,8773,8774,
654;0;9806;9962;0;24,26,35,44,46,55,68,136,144,146,149,150,170,196,218,374,436,518,569,640,644,647,854,927,995,1118,1565,1668,1670,1671,1693,1716,1853,1920,1984,1989,2017,2034,2035,2197,2216,2305,2315,2326,2518,2519,2520,2521,2522,2523,2524,2525,2526,2527,2528,3209,3210,3488,4569,4612,4759,4800,5047,5440,5490,5491,5492,6930,7587,8340,8397,8763,8765,8766,8767,8768,8769,8770,8773,8774,
69;0;9962;10056;0;24,26,35,44,46,55,68,136,144,146,149,150,170,196,218,374,436,518,569,640,644,647,854,927,995,1118,1565,1668,1670,1671,1693,1716,1853,1920,1984,1989,2017,2034,2035,2197,2216,2305,2315,2326,2518,2519,2520,2521,2522,2523,2524,2525,2526,2527,2528,3209,3210,3488,4569,4612,4759,4800,5047,5440,5490,5491,5492,6930,7587,8340,8397,8763,8765,8766,8767,8768,8769,8770,8773,8774,
69;1;10080;10140;0;24,26,35,44,46,55,68,136,137,144,146,149,150,170,196,218,290,297,374,436,518,569,640,644,647,854,914,927,995,1118,1149,1211,1484,1565,1618,1668,1670,1671,1693,1716,1825,1853,1920,1922,1973,1984,1989,2017,2034,2035,2197,2216,2305,2315,2326,2518,2519,2524,2635,2651,4018,4572,4654,4759,4968,5015,5135,5139,5250,5251,5252,5253,5254,5255,5256,5257,5258,5259,5260,5261,
976;0;10140;10292;0;24,26,28,35,44,46,55,68,136,137,144,146,149,150,170,196,206,218,290,297,374,436,518,569,640,644,647,854,914,927,979,995,1118,1149,1211,1484,1561,1565,1618,1668,1670,1671,1693,1716,1825,1853,1920,1922,1973,1984,1989,2017,2034,2035,2197,2216,2305,2315,2326,2518,2519,2524,2635,2651,3006,3796,3808,3900,3906,4018,4273,4274,4275,4572,4654,4759,4968,5015,5135,5139,
988;0;10292;10442;0;24,26,28,35,44,46,55,68,95,136,137,144,146,149,150,170,196,206,218,290,297,308,374,391,436,518,569,640,644,647,838,854,891,914,927,938,979,995,1056,1117,1118,1148,1149,1164,1165,1166,1167,1169,1170,1171,1172,1176,1211,1359,1467,1484,1561,1565,1618,1668,1670,1671,1693,1716,1825,1853,1920,1922,1973,1984,1989,2017,2034,2035,2197,2216,2305,2524,4759,4968,
40;0;10442;10479;0;24,26,28,35,38,41,44,46,55,68,95,136,137,144,146,149,150,170,196,206,218,290,297,308,374,391,436,518,569,640,644,647,838,854,872,891,914,927,938,972,979,995,1056,1117,1118,1142,1148,1149,1164,1165,1166,1167,1169,1170,1171,1172,1176,1211,1359,1457,1464,1465,1467,1484,1561,1565,1618,1668,1670,1671,1693,1716,1825,1853,1922,1989,2197,2524,4759,4968,
40;1;10479;10579;0;24,26,28,35,38,41,44,46,53,55,68,95,136,137,144,146,149,150,170,196,206,218,290,297,308,374,391,436,518,569,640,644,647,838,854,872,891,914,927,938,1056,1118,1142,1148,1170,1171,1266,1269,1324,1484,1596,1783,1906,1922,1989,2153,2175,2197,2419,2479,2480,2481,2485,2524,3269,3306,3604,3605,3708,3767,3807,3841,4759,4874,4968,5058,5112,5463,7359,7945,
779;0;10579;10711;0;24,26,28,35,38,41,44,46,53,55,68,95,136,137,144,146,149,150,170,196,206,218,290,297,308,374,391,436,518,528,529,569,640,644,647,838,854,872,891,914,927,938,1056,1118,1142,1148,1170,1171,1266,1268,1269,1270,1273,1279,1287,1288,1292,1293,1322,1324,1484,1596,1783,1906,1922,1989,2153,2175,2197,2419,2479,2524,2873,2874,2875,2876,2877,3708,4759,4968,
148;0;10711;10815;0;19,24,26,34,38,40,46,70,95,117,137,144,146,149,189,291,292,308,364,476,518,546,549,640,722,765,778,787,871,874,875,876,877,880,1056,1201,1390,1484,1560,1674,1915,1922,2028,2070,2091,2106,2197,2642,2677,2678,2679,2689,2696,2774,2775,2777,2778,2803,2804,2808,3013,3263,3447,3448,3766,3948,3949,3950,3951,4373,4645,4773,4912,5052,5499,5825,6244,6767,7658,7831,
148;1;10815;10835;0;19,24,26,34,38,40,46,70,95,117,137,144,146,149,189,291,292,308,364,476,518,546,549,640,722,765,778,787,871,874,875,876,877,880,1056,1201,1390,1484,1560,1674,1915,1922,2028,2070,2091,2106,2197,2642,2677,2678,2679,2689,2696,2774,2775,2777,2778,2803,2804,2808,3013,3263,3447,3448,3766,3948,3949,3950,3951,4373,4645,4773,4912,5052,5499,5825,6244,6767,7658,7831,
997;0;10835;10953;0;19,24,26,34,38,40,46,70,95,117,137,144,146,149,189,291,292,308,364,476,518,546,549,640,722,765,778,787,871,874,875,876,877,880,1056,1201,1390,1484,1560,1674,1915,1922,2028,2070,2091,2106,2197,2642,2677,2678,2679,2689,2696,2774,2775,2777,2778,2803,2804,2808,3013,3263,3447,3448,3766,3948,3949,3950,3951,4373,4645,4773,4912,5052,5499,5825,6244,6767,7658,7831,
7;0;10953;10979;0;19,24,26,34,38,40,46,70,95,117,137,144,146,149,189,291,292,308,364,476,518,546,549,640,722,765,778,787,871,874,875,876,877,880,1056,1201,1390,1484,1560,1674,1915,1922,2028,2070,2091,2106,2197,2642,2677,2678,2679,2689,2696,2774,2775,2777,2778,2803,2804,2808,3013,3263,3447,3448,3766,3948,3949,3950,3951,4373,4645,4773,4912,5052,5499,5825,6244,6767,7658,7831,
7;1;10979;11069;0;19,24,26,34,38,40,46,70,95,117,137,144,146,149,189,291,292,308,364,476,518,546,549,640,722,765,778,787,871,874,875,876,877,880,1056,1201,1390,1484,1560,1674,1915,1922,2028,2070,2091,2106,2197,2642,2677,2678,2679,2689,2696,2774,2775,2777,2778,2803,2804,2808,3013,3263,3447,3448,3766,3948,3949,3950,3951,4373,4645,4773,4912,5052,5499,5825,6244,6767,7658,7831,
879;0;11520;11632;0;19,24,26,34,38,40,46,70,95,117,137,144,146,147,149,189,291,292,301,308,364,398,476,518,546,549,640,722,765,778,787,871,874,875,876,877,880,1056,1146,1201,1390,1473,1476,1479,1484,1560,1674,1915,1922,2028,2070,2091,2106,2197,2642,2677,2678,2679,2689,2696,2774,2775,2777,2778,2803,2804,2808,3013,3263,3447,3448,3766,3948,3949,3950,3951,4373,4645,4773,6244,
860;0;11632;11742;0;19,24,26,34,38,40,46,70,95,117,137,144,146,147,149,177,178,179,181,182,183,184,189,272,291,292,301,308,321,364,398,476,518,546,549,640,722,765,778,787,871,874,875,876,877,880,1056,1146,1201,1390,1473,1476,1479,1484,1560,1674,1676,1915,1922,2028,2070,2091,2106,2197,2642,2677,2678,2679,2689,2696,2774,2775,2777,2778,2803,2804,2808,3263,3447,6244,
851;0;11742;11851;0;1,8,19,24,26,34,38,40,70,95,117,137,139,142,144,146,147,149,177,178,179,183,184,189,234,272,289,291,292,308,321,323,390,395,398,402,405,518,640,645,648,765,787,871,874,875,892,897,1056,1062,1146,1201,1229,1397,1472,1474,1476,1479,1484,1502,1620,1674,1681,1682,1683,1915,2091,2197,2642,2677,2679,2689,2696,2774,2775,2777,2778,3263,3447,6244,
912;0;11851;11957;0;1,8,19,24,26,34,38,40,70,95,117,137,139,142,144,146,147,149,177,178,179,183,184,189,234,272,289,291,292,308,321,323,390,395,398,402,405,518,553,554,640,645,648,765,787,871,874,875,892,897,1146,1201,1397,1474,1476,1479,1484,1502,1674,1681,1682,1915,2091,2197,2642,2677,2679,2689,2696,2774,2775,2777,2778,3263,3447,4238,4280,6244,6694,7339,
55;0;11957;11987;0;1,8,24,26,34,38,70,79,95,110,117,137,139,144,146,147,149,177,178,179,183,184,189,234,272,289,291,292,308,321,323,390,395,398,402,518,640,645,765,787,871,874,875,892,1031,1146,1201,1217,1225,1240,1281,1397,1474,1476,1479,1484,1502,1507,1508,1509,1510,1511,1674,1681,1682,1915,2091,2156,2197,2642,2677,2679,2689,2696,2774,2775,2777,2778,3263,6244,
55;1;11987;12060;0;1,8,24,26,34,38,70,79,95,110,117,137,139,144,146,147,149,177,178,179,183,184,189,234,272,289,291,292,308,321,323,390,395,398,402,518,640,645,765,787,871,874,875,892,1031,1146,1201,1217,1225,1240,1281,1397,1474,1476,1479,1484,1502,1507,1508,1509,1510,1674,1681,1682,1915,2091,2197,2642,2677,2679,2689,2696,2774,2775,2777,2778,3263,6244,8488,8489,
938;0;12060;12161;0;1,8,24,26,34,38,70,79,95,110,117,137,139,144,146,147,149,177,178,179,183,184,189,234,272,289,291,292,302,304,305,308,311,321,323,384,390,395,398,402,518,640,645,765,787,871,874,875,892,1031,1128,1129,1130,1131,1146,1201,1217,1397,1474,1476,1479,1484,1502,1674,1681,1682,1915,2091,2197,2642,2677,2679,2689,2696,2774,2775,2777,2778,3263,6244,
871;0;12161;12257;0;24,26,55,137,144,145,147,149,178,179,180,197,225,233,249,262,277,307,314,321,396,429,466,499,592,594,640,826,1027,1039,1051,1145,1146,1267,1341,1396,1484,1781,1897,1942,1943,1944,2128,2151,2163,2197,2306,2774,2777,2827,3263,3403,3410,3615,3774,3835,4138,4435,4442,4468,4487,4488,4749,5471,5510,5682,6722,7402,7671,7834,7835,7836,7837,7838,7889,7964,8532,8836,8838,9017,
32;0;12257;12301;0;24,26,55,137,144,145,147,149,178,179,180,197,225,233,249,262,277,307,314,321,396,429,466,499,592,594,640,826,1027,1039,1051,1145,1146,1267,1341,1396,1484,1781,1897,1942,1943,1944,2128,2151,2163,2197,2306,2774,2777,2827,3263,3403,3410,3615,3774,3835,4138,4435,4442,4468,4487,4488,4749,5471,5510,5682,6722,7402,7671,7834,7835,7836,7837,7838,7889,7964,8532,8836,8838,9017,
32;1;12301;12349;0;24,26,55,137,144,145,147,149,178,179,180,197,225,233,249,262,277,307,314,321,396,429,466,499,592,594,640,826,1027,1039,1051,1145,1146,1267,1341,1396,1484,1781,1897,1942,1943,1944,2128,2151,2163,2197,2306,2774,2777,2827,3263,3403,3410,3615,3774,3835,4138,4435,4442,4468,4487,4488,4749,5471,5510,5682,6722,7402,7671,7834,7835,7836,7837,7838,7889,7964,8532,8836,8838,9017,
129;0;12349;12384;0;24,26,55,137,144,145,147,149,178,179,180,197,225,233,249,262,277,307,314,321,396,429,466,499,592,594,640,826,1027,1039,1051,1145,1146,1267,1341,1396,1484,1781,1897,1942,1943,1944,2128,2151,2163,2197,2306,2774,2777,2827,3263,3403,3410,3615,3774,3835,4138,4435,4442,4468,4487,4488,4749,5471,5510,5682,6722,7402,7671,7834,7835,7836,7837,7838,7889,7964,8532,8836,8838,9017,
129;1;12384;12438;0;24,26,55,137,144,145,147,149,178,179,180,197,225,233,249,262,277,307,314,321,396,429,466,499,592,594,640,826,1027,1039,1051,1145,1146,1267,1341,1396,1484,1781,1897,1942,1943,1944,2128,2151,2163,2197,2306,2774,2777,2827,3263,3403,3410,3615,3774,3835,4138,4435,4442,4468,4487,4488,4749,5471,5510,5682,6722,7402,7671,7834,7835,7836,7837,7838,7889,7964,8532,8836,8838,9017,
258;0;12438;12518;0;24,26,55,137,144,145,147,149,178,179,180,197,225,233,249,262,277,307,314,321,396,429,466,499,592,594,640,826,1027,1039,1051,1145,1146,1267,1341,1396,1484,1781,1897,1942,1943,1944,2128,2151,2163,2197,2306,2774,2777,2827,3263,3403,3410,3615,3774,3835,4138,4435,4442,4468,4487,4488,4749,5471,5510,5682,6722,7402,7671,7834,7835,7836,7837,7838,7889,7964,8532,8836,8838,9017,
258;1;12518;12522;0;24,26,55,137,144,145,147,149,178,179,180,197,225,233,249,262,277,307,314,321,396,429,466,499,592,594,640,826,1027,1039,1051,1145,1146,1267,1341,1396,1484,1781,1897,1942,1943,1944,2128,2151,2163,2197,2306,2774,2777,2827,3263,3403,3410,3615,3774,3835,4138,4435,4442,4468,4487,4488,4749,5471,5510,5682,6722,7402,7671,7834,7835,7836,7837,7838,7889,7964,8532,8836,8838,9017,
887;0;12522;12603;0;24,26,55,137,144,145,147,149,178,179,180,197,225,233,249,262,277,307,314,321,396,429,466,499,592,594,640,826,1027,1039,1051,1145,1146,1267,1341,1396,1484,1781,1897,1942,1943,1944,2128,2151,2163,2197,2306,2774,2777,2827,3263,3403,3410,3615,3774,3835,4138,4435,4442,4468,4487,4488,4749,5471,5510,5682,6722,7402,7671,7834,7835,7836,7837,7838,7889,7964,8532,8836,8838,9017,
Machine: 3
811;0;0;4;1;117,137,144,196,225,231,241,247,248,262,275,288,292,329,395,396,404,528,591,640,647,677,838,912,933,948,949,1117,1145,1201,1269,1478,1480,1539,1671,2091,2106,2216,2388,2627,2645,2695,2729,2774,2775,2776,2777,2778,2941,3263,3435,3603,3604,3605,3606,3744,4564,4603,4605,4606,4612,4759,4760,5229,5270,5305,5499,5537,6126,6179,6343,6344,6345,6346,6410,6750,8007,8011,8012,8991,
809;0;4;18;1;117,137,144,196,225,231,241,247,248,262,275,288,292,329,395,396,404,528,591,640,647,677,838,912,933,948,949,1117,1145,1201,1269,1478,1480,1539,1671,2091,2106,2216,2388,2627,2645,2695,2729,2774,2775,2776,2777,2778,2941,3263,3435,3603,3604,3605,3606,3744,4564,4603,4605,4606,4612,4759,4760,5229,5270,5305,5499,5537,6126,6179,6343,6344,6345,6346,6410,6750,8007,8011,8012,8991,
884;0;18;46;1;117,137,144,196,225,231,241,247,248,262,275,288,292,329,395,396,404,528,591,640,647,677,838,912,933,948,949,1117,1145,1201,1269,1478,1480,1539,1671,2091,2106,2216,2388,2627,2645,2695,2729,2774,2775,2776,2777,2778,2941,3263,3435,3603,3604,3605,3606,3744,4564,4603,4605,4606,4612,4759,4760,5229,5270,5305,5499,5537,6126,6179,6343,6344,6345,6346,6410,6750,8007,8011,8012,8991,
911;0;46;79;1;117,137,144,196,225,231,241,247,248,262,275,288,292,329,395,396,404,528,591,640,647,677,838,912,933,948,949,1117,1145,1201,1269,1478,1480,1539,1671,2091,2106,2216,2388,2627,2645,2695,2729,2774,2775,2776,2777,2778,2941,3263,3435,3603,3604,3605,3606,3744,4564,4603,4605,4606,4612,4759,4760,5229,5270,5305,5499,5537,6126,6179,6343,6344,6345,6346,6410,6750,8007,8011,8012,8991,
919;0;79;113;1;117,137,144,196,225,231,241,247,248,262,275,288,292,329,395,396,404,528,591,640,647,677,838,912,933,948,949,1117,1145,1201,1269,1478,1480,1539,1671,2091,2106,2216,2388,2627,2645,2695,2729,2774,2775,2776,2777,2778,2941,3263,3435,3603,3604,3605,3606,3744,4564,4603,4605,4606,4612,4759,4760,5229,5270,5305,5499,5537,6126,6179,6343,6344,6345,6346,6410,6750,8007,8011,8012,8991,
724;0;113;155;1;117,137,144,196,225,231,241,247,248,262,275,288,292,329,395,396,404,528,591,640,647,677,838,912,933,948,949,1117,1145,1201,1269,1478,1480,1539,1671,2091,2106,2216,2388,2627,2645,2695,2729,2774,2775,2776,2777,2778,2941,3263,3435,3603,3604,3605,3606,3744,4564,4603,4605,4606,4612,4759,4760,5229,5270,5305,5499,5537,6126,6179,6343,6344,6345,6346,6410,6750,8007,8011,8012,8991,
660;0;155;200;1;61,74,117,137,144,196,225,231,241,247,248,262,275,288,292,329,395,396,404,528,591,640,647,677,838,912,933,948,949,1117,1145,1201,1269,1293,1478,1480,1539,1671,2091,2106,2216,2388,2627,2645,2695,2729,2774,2775,2776,2777,2778,2866,2941,3263,3435,3603,3604,3605,3606,3744,4564,4603,4605,4606,4612,4759,4760,5229,5270,5305,5499,5537,6126,6179,6343,6344,6345,6346,6410,8007,
642;0;200;248;1;3,61,74,117,137,139,144,149,196,225,231,241,247,248,262,275,288,292,301,321,329,395,396,404,528,591,640,647,677,838,855,912,933,948,949,1093,1117,1145,1201,1269,1293,1478,1480,1539,1608,1671,1809,2091,2106,2216,2222,2388,2627,2645,2695,2729,2774,2775,2776,2777,2778,2941,2961,3263,3293,3606,4371,4535,4553,4605,4606,4612,4759,5499,6101,6107,6126,6179,7883,8007,
940;0;248;299;1;3,61,74,117,137,139,144,149,196,225,231,241,247,248,262,275,288,292,301,321,329,395,396,404,528,591,640,647,677,838,855,912,933,948,949,1093,1117,1145,1201,1269,1293,1478,1480,1539,1608,1671,1809,2091,2106,2216,2222,2388,2627,2645,2695,2729,2774,2775,2776,2777,2778,2941,2961,3263,3293,3606,4371,4535,4553,4605,4606,4612,4759,5499,6107,6126,6179,8007,8502,8503,
791;0;299;359;1;100,104,117,137,139,144,149,196,225,231,241,248,262,275,276,288,292,297,321,329,395,396,404,438,528,591,640,647,677,834,838,854,855,931,947,948,949,1117,1151,1168,1293,1478,1480,1519,1528,1674,1809,2091,2491,2627,2645,2667,2737,2774,2775,2777,2778,2941,3263,3531,3638,4371,4400,4605,4606,4612,5456,5656,5774,5841,6022,6126,6441,7320,7463,8007,8022,8095,8303,8578,
259;0;359;391;1;88,97,100,117,137,139,144,149,196,225,231,241,248,262,275,276,277,288,291,292,297,321,329,395,396,404,438,528,591,640,647,677,767,773,834,838,854,855,947,948,949,1117,1151,1293,1478,1480,1530,1674,1809,1914,1915,2091,2491,2627,2645,2668,2714,2774,2775,2777,2778,2806,2898,2941,2988,3263,3531,4093,4371,4605,4606,4612,6022,6098,6099,6126,7217,7423,8007,8129,
259;1;391;445;1;88,97,100,117,137,138,139,144,149,196,225,231,241,248,262,275,276,277,288,291,292,297,321,329,348,395,396,404,438,528,591,640,647,677,767,773,834,838,854,855,948,949,1117,1293,1398,1472,1478,1480,1674,1809,1914,1915,2091,2627,2645,2774,2775,2777,2778,2806,2898,2941,2988,3263,3531,4093,4371,4422,4423,4605,4606,4612,6022,6098,6099,6126,7217,7423,8007,8129,
843;0;445;537;1;2,88,97,100,117,137,138,139,144,149,196,225,231,241,248,262,275,276,277,288,291,292,297,321,329,348,395,396,404,438,528,591,640,647,677,767,773,834,838,854,855,948,949,1117,1293,1398,1478,1480,1481,1809,1914,1915,2091,2224,2627,2645,2774,2775,2777,2778,2806,2898,2941,2988,3263,3531,4093,4371,4605,4606,4612,5182,5206,6098,6099,6126,7217,7423,8007,8129,
733;0;537;635;1;88,100,117,137,139,144,149,196,225,231,233,241,262,274,275,277,288,290,291,292,321,329,395,396,404,438,528,591,640,647,677,767,834,838,854,855,948,949,1117,1293,1398,1478,1480,1481,1836,1884,1915,2091,2559,2627,2645,2658,2774,2775,2777,2778,2806,2898,2941,3263,3531,4371,4605,4606,4612,4854,5206,5331,5340,5370,5683,5684,5685,5686,5687,5688,5689,7423,8007,8129,
713;0;635;735;1;25,34,46,52,60,79,95,100,126,127,128,137,139,142,144,149,198,225,231,241,262,275,277,288,293,321,329,359,390,395,396,398,404,413,429,551,640,644,647,684,759,772,834,855,948,949,962,1117,1147,1148,1163,1172,1174,1398,1468,1470,1471,1478,1480,1521,1587,1763,1813,1853,1858,2034,2035,2223,2315,2842,2941,3304,3999,4122,4371,5290,5314,5477,5478,5594,
742;0;735;841;1;25,34,46,52,60,79,95,100,126,127,128,137,139,142,144,149,198,225,231,241,262,275,277,288,293,321,329,359,390,395,396,398,404,413,429,551,640,644,647,684,759,772,834,855,948,949,962,1117,1147,1148,1163,1172,1174,1398,1468,1470,1471,1478,1480,1521,1587,1763,1813,1853,1858,2034,2035,2223,2315,2842,2941,3304,3999,4122,4371,5290,5314,5477,5478,5594,
82;0;841;937;1;25,34,46,52,60,79,95,100,126,127,128,137,139,142,144,149,198,225,231,241,262,275,277,288,293,321,329,359,390,395,396,398,404,413,429,551,640,644,647,684,759,772,834,855,948,949,962,1117,1147,1148,1163,1172,1174,1398,1468,1470,1471,1478,1480,1521,1587,1763,1813,1853,1858,2034,2035,2223,2315,2842,2941,3304,3999,4122,4371,5290,5314,5477,5478,5594,
82;1;937;957;1;25,34,46,52,60,79,95,100,126,127,128,137,139,142,144,149,198,225,231,241,262,275,277,288,293,321,329,359,390,395,396,398,404,413,429,551,640,644,647,684,759,772,834,855,948,949,962,1117,1147,1148,1163,1172,1174,1398,1468,1470,1471,1478,1480,1521,1587,1763,1813,1853,1858,2034,2035,2223,2315,2842,2941,3304,3999,4122,4371,5290,5314,5477,5478,5594,
22;0;957;1127;0;25,34,46,52,60,79,95,100,126,127,128,137,139,142,144,149,198,225,231,241,262,275,277,288,293,321,329,359,390,395,396,398,404,413,429,551,640,644,647,684,759,772,834,855,948,949,962,1117,1147,1148,1163,1172,1174,1398,1468,1470,1471,1478,1480,1521,1587,1763,1813,1853,1858,2034,2035,2223,2315,2842,2941,3304,3999,4122,4371,5290,5314,5477,5478,5594,
22;1;1440;1539;0;25,28,34,44,46,52,60,66,79,95,100,126,128,137,139,142,144,149,187,198,225,231,241,262,275,277,288,293,321,329,359,390,395,396,398,404,413,429,551,640,644,647,658,772,834,855,864,948,949,1091,1117,1147,1148,1163,1281,1283,1286,1304,1398,1423,1468,1470,1478,1480,1521,1587,1851,2032,2034,2035,2158,2223,2315,2518,2537,2941,3006,3126,3247,4371,
979;0;1539;1697;0;25,28,34,44,46,52,60,66,79,95,100,126,128,137,139,142,144,149,187,198,225,226,231,241,262,275,277,288,293,321,329,359,390,395,396,398,404,413,429,551,640,644,647,658,772,834,855,948,949,1091,1117,1147,1148,1163,1281,1286,1398,1424,1468,1470,1476,1478,1480,1521,1587,2034,2035,2223,2315,2518,2537,2941,3006,3126,4371,4536,4545,4575,4683,4793,
787;0;1697;1838;0;25,28,34,44,46,52,60,66,79,95,100,126,128,137,139,142,144,145,149,187,198,225,226,231,241,262,275,277,288,293,321,329,359,390,395,396,398,404,413,429,551,640,644,647,658,772,834,855,948,949,1045,1091,1117,1147,1148,1163,1281,1286,1398,1424,1468,1470,1476,1478,1480,1521,1587,2034,2035,2223,2315,2518,2537,2941,3006,3126,4371,4545,4575,4721,
975;0;1838;1959;0;25,28,34,44,46,52,60,95,100,128,137,139,142,144,145,149,198,225,226,231,241,262,275,277,288,293,321,329,359,390,395,396,398,404,413,429,551,640,644,647,772,834,855,948,949,1091,1117,1147,1148,1163,1281,1286,1398,1401,1424,1468,1470,1474,1476,1477,1478,1480,1521,1587,2034,2035,2116,2223,2315,2518,2537,2941,3006,3126,4322,4323,4371,4545,4575,4721,
674;0;1959;2109;1;25,28,34,44,46,52,60,95,100,128,137,139,142,144,145,149,198,225,226,231,241,262,275,277,288,293,321,329,390,395,396,398,404,413,429,640,644,647,772,833,834,835,855,948,949,1091,1117,1147,1163,1281,1286,1398,1424,1470,1474,1476,1478,1480,1587,2034,2035,2223,2315,2518,2537,2594,2941,2986,3006,3126,3152,3618,4371,4721,4733,5612,7419,7420,7421,7422,
227;0;2109;2268;1;25,34,44,46,95,100,128,137,139,144,145,149,198,225,226,231,262,277,288,321,329,395,396,398,413,429,438,640,644,647,766,767,770,833,834,835,838,854,855,863,948,949,1043,1117,1453,1474,1478,1526,1527,1529,2034,2035,2315,2370,2626,2633,2661,2711,3006,3459,3511,3512,3513,3516,3517,3518,3519,3520,3526,3527,3528,3529,3530,3531,3532,3533,3534,3618,3739,4721,
227;1;2268;2272;1;25,34,44,46,95,100,128,137,139,144,145,149,198,225,226,231,262,277,288,321,329,395,396,398,413,429,438,640,644,647,766,767,770,833,834,835,838,854,855,863,948,949,1043,1117,1453,1474,1478,1526,1527,1529,2034,2035,2315,2370,2626,2633,2661,2711,3006,3459,3511,3512,3513,3516,3517,3518,3519,3520,3526,3527,3528,3529,3530,3531,3532,3533,3534,3618,3739,4721,
196;0;2880;3052;0;34,44,46,95,100,128,137,139,144,145,149,198,225,226,231,262,277,288,290,291,321,329,395,396,398,413,429,640,644,647,677,835,855,948,949,1073,1117,1390,1451,1474,1478,1915,2034,2035,2091,2253,2315,2370,2573,2626,2627,2631,2677,2679,2691,2806,2893,3263,3618,4361,4365,4635,4721,5329,6803,7423,7663,7943,8099,8129,8166,8187,8407,8686,8687,8696,8698,8699,8787,8788,
196;1;3052;3203;0;34,44,46,95,100,128,137,139,144,145,149,198,225,226,231,262,277,288,289,290,291,321,329,395,396,398,413,429,640,644,647,677,715,765,835,855,948,949,1073,1117,1390,1451,1474,1478,1481,1915,2034,2035,2091,2253,2315,2370,2461,2475,2573,2626,2627,2628,2631,2677,2679,2691,2806,2903,3263,3618,4365,4721,5329,5525,5691,5722,5723,5795,6114,6115,6116,6117,7423,8166,
201;0;3203;3364;0;34,44,46,59,95,100,128,137,139,144,145,149,170,196,198,221,225,226,231,262,277,288,289,290,291,321,329,395,396,398,413,429,547,640,644,647,677,715,765,835,855,948,949,1117,1280,1390,1474,1478,1481,1541,1915,1936,2031,2034,2035,2091,2315,2370,2414,2461,2475,2573,2626,2627,2628,2631,2677,2679,2903,3263,3347,3618,4365,4721,5525,5722,5723,6114,7423,8166,
201;1;3364;3518;0;34,44,46,59,95,100,128,137,139,144,145,146,149,170,198,221,225,226,231,262,277,288,289,290,291,321,329,395,396,398,413,429,591,640,644,647,677,715,765,835,855,948,949,1117,1118,1146,1149,1280,1390,1474,1478,1479,1481,1915,1920,1973,2034,2035,2091,2315,2370,2475,2573,2626,2627,2628,2631,2677,2679,2903,3263,3618,4365,4473,4721,4965,4972,5525,5722,7423,
157;0;3518;3667;0;26,46,88,98,137,144,225,234,235,249,262,267,273,283,289,290,291,306,308,310,337,396,428,528,765,835,843,855,858,1121,1287,1288,1293,1294,1322,1419,1518,1668,1681,1895,1920,1922,1972,2052,2263,2264,2315,2370,2376,2403,2419,2485,2631,2635,2653,2898,3026,3094,3263,3349,3421,3618,4217,4357,4389,4424,4425,4426,4427,4428,4429,4430,4440,5102,5103,5104,5105,5106,5337,7360,
157;1;3667;3819;0;26,46,88,98,137,144,225,234,235,249,262,267,273,283,289,290,291,306,308,310,337,396,428,528,765,835,843,855,858,1121,1287,1288,1293,1294,1322,1419,1518,1668,1681,1895,1920,1922,1972,2052,2263,2264,2315,2370,2376,2403,2419,2485,2631,2635,2653,2898,3026,3094,3263,3349,3421,3618,4217,4357,4389,4424,4425,4426,4427,4428,4429,4430,4440,5102,5103,5104,5105,5106,5337,7360,
44;0;3819;3979;0;26,46,88,98,137,144,225,234,235,249,262,267,273,283,289,290,291,306,308,310,337,396,428,528,765,835,843,855,858,1121,1287,1288,1293,1294,1322,1419,1518,1668,1681,1895,1920,1922,1972,2052,2263,2264,2315,2370,2376,2403,2419,2485,2631,2635,2653,2898,3026,3094,3263,3349,3421,3618,4217,4357,4389,4424,4425,4426,4427,4428,4429,4430,4440,5102,5103,5104,5105,5106,5337,7360,
44;1;3979;4104;0;26,46,88,98,137,144,225,234,235,249,262,267,273,283,289,290,291,306,308,310,337,396,428,528,765,835,843,855,858,1121,1287,1288,1293,1294,1322,1419,1518,1668,1681,1895,1920,1922,1972,2052,2263,2264,2315,2370,2376,2403,2419,2485,2631,2635,2653,2898,3026,3094,3263,3349,3421,3618,4217,4357,4389,4424,4425,4426,4427,4428,4429,4430,4440,5102,5103,5104,5105,5106,5337,7360,
120;0;4104;4275;0;26,46,88,98,137,144,225,234,235,249,262,267,273,283,289,290,291,306,308,310,337,396,428,528,765,835,843,855,858,1121,1287,1288,1293,1294,1322,1419,1518,1668,1681,1895,1920,1922,1972,2052,2263,2264,2315,2370,2376,2403,2419,2485,2631,2635,2653,2898,3026,3094,3263,3349,3421,3618,4217,4357,4389,4424,4425,4426,4427,4428,4429,4430,4440,5102,5103,5104,5105,5106,5337,7360,
120;1;4275;4380;0;26,46,88,98,137,144,225,234,235,249,262,267,273,283,289,290,291,306,308,310,337,396,428,528,765,835,843,855,858,1121,1287,1288,1293,1294,1322,1419,1518,1668,1681,1895,1920,1922,1972,2052,2263,2264,2315,2370,2376,2403,2419,2485,2631,2635,2653,2898,3026,3094,3263,3349,3421,3618,4217,4357,4389,4424,4425,4426,4427,4428,4429,4430,4440,5102,5103,5104,5105,5106,5337,7360,
66;0;4380;4521;0;26,46,88,98,117,137,144,225,234,235,249,262,267,273,283,289,290,291,306,308,310,337,351,396,397,428,528,765,835,843,855,858,1121,1287,1288,1293,1294,1322,1419,1518,1668,1681,1895,1920,1922,1972,2052,2263,2264,2315,2370,2376,2403,2419,2631,2635,2645,2653,2774,2775,2777,2778,2802,2898,3263,3349,3618,4217,4424,4605,4606,4612,4628,4775,5052,6841,8007,8008,8009,8010,
66;1;4521;4652;0;26,46,88,98,117,137,144,225,234,235,249,262,267,273,283,289,290,291,306,308,310,337,351,396,397,428,528,765,835,843,855,858,1121,1287,1288,1293,1294,1322,1419,1518,1668,1681,1895,1920,1922,1972,2052,2168,2263,2264,2315,2370,2376,2403,2419,2631,2635,2645,2653,2774,2775,2777,2778,2802,2898,2937,3263,3349,3618,4217,4424,4605,4606,4612,4628,4775,5052,6841,8007,8008,
255;0;4652;4811;0;26,38,40,46,88,98,117,137,144,205,210,225,234,235,249,262,267,273,283,289,290,291,306,308,310,337,351,396,397,486,522,528,570,632,765,835,855,1121,1196,1261,1287,1288,1293,1294,1322,1425,1560,1668,1920,1922,2052,2201,2263,2315,2370,2564,2631,2635,2645,2653,2774,2775,2777,2778,2835,2898,3263,3345,3349,3618,3870,3883,3886,4217,4424,4605,4606,4612,5180,5184,
255;1;4811;4891;0;26,38,46,88,100,117,137,144,210,225,234,262,267,277,288,289,290,291,292,306,308,310,321,351,396,397,398,429,528,632,644,647,765,835,855,1117,1121,1146,1214,1287,1288,1293,1294,1322,1474,1478,1668,1814,1920,1922,1978,2052,2263,2370,2564,2631,2635,2645,2653,2716,2774,2775,2777,2778,2898,3263,3345,3349,3387,3618,3920,4217,4424,4605,4606,4612,5206,5734,6347,6384,
102;0;4891;4963;0;26,38,46,88,100,117,137,144,210,225,234,262,267,277,288,289,290,291,292,306,308,310,321,351,396,397,398,429,528,632,644,647,765,835,855,1117,1121,1146,1214,1287,1288,1293,1294,1322,1474,1478,1481,1668,1814,1920,1922,1978,2052,2263,2370,2564,2631,2635,2645,2653,2774,2775,2777,2778,2898,3263,3345,3349,3618,3920,4217,4424,4605,4606,4612,5206,5706,5734,6384,7338,
102;1;4963;5123;0;26,38,46,88,100,137,144,145,225,226,230,231,234,247,248,262,277,288,289,321,329,377,396,397,398,429,528,644,647,765,839,855,1118,1146,1214,1264,1270,1277,1278,1288,1293,1322,1474,1478,1481,1512,1668,1710,1809,1814,1884,1922,2504,2611,2631,2635,2645,2774,2778,2898,3263,3349,4604,4605,4721,5191,5316,5334,5706,5894,5895,5898,5899,5901,6126,6128,6129,6362,6363,6364,
250;0;5123;5297;0;26,38,46,88,100,137,144,145,225,226,230,231,234,247,248,262,277,288,289,321,329,377,396,397,398,429,528,644,647,765,839,855,1118,1146,1214,1264,1270,1277,1278,1288,1293,1322,1474,1478,1481,1512,1668,1710,1809,1814,1884,1922,2504,2611,2631,2635,2645,2774,2778,2898,3263,3349,4604,4605,4721,5191,5316,5334,5706,5894,5895,5898,5899,5901,6126,6128,6129,6362,6363,6364,
250;1;5760;5815;0;26,38,46,88,100,137,139,144,145,225,231,234,247,262,277,288,289,297,321,377,396,398,429,528,640,644,647,765,855,911,948,1054,1069,1118,1119,1146,1214,1270,1277,1278,1288,1293,1322,1359,1474,1478,1481,1668,1809,1814,1884,1916,1922,1951,2364,2573,2611,2631,2635,2645,2770,2774,2778,2898,2914,3263,3267,3349,3569,4939,5706,6366,6646,7022,7227,7605,8519,8520,8521,8522,
229;0;5815;5966;0;18,26,34,38,44,46,55,57,59,88,100,128,137,139,144,198,225,231,262,277,288,289,321,371,396,398,413,415,427,429,496,640,644,647,757,765,855,948,1013,1118,1146,1214,1270,1322,1478,1481,1565,1652,1809,1814,1884,1922,2034,2035,2071,2074,2395,2396,2611,2631,2635,2898,2979,3006,3349,3867,3902,4074,5405,5474,5706,5708,5927,5928,5929,5930,5931,5932,5933,5934,
229;1;5966;6039;0;18,26,34,38,44,46,55,57,59,88,97,100,128,137,139,144,198,225,231,262,277,288,289,321,371,396,398,413,415,427,429,496,608,640,644,647,757,765,767,773,814,854,855,948,1013,1118,1146,1214,1270,1322,1395,1478,1481,1565,1652,1809,1814,1884,1914,1915,1922,2034,2091,2631,2635,2670,2677,2898,2988,3349,4093,5454,5474,5511,5706,6098,6099,7217,7423,8238,
188;0;6039;6130;0;15,18,24,25,26,34,35,37,38,42,44,46,54,55,57,59,88,97,100,128,137,139,144,198,225,231,262,277,288,289,321,371,396,398,413,415,427,429,496,608,640,644,647,757,765,767,773,814,854,855,948,1013,1118,1146,1214,1270,1322,1395,1478,1481,1809,1814,1884,1922,2061,2091,2631,2635,2677,2898,2988,3349,4093,5352,5474,5511,5706,6098,7217,7423,
188;1;6130;6261;0;15,18,24,25,26,37,38,42,46,54,55,57,97,100,128,137,139,144,198,225,231,262,277,288,289,321,340,396,398,415,427,429,640,644,647,765,773,814,851,854,855,948,1013,1118,1146,1214,1270,1322,1478,1481,1809,1814,1884,1922,2091,2631,2635,2677,2891,2898,2988,3349,3745,4093,5474,5511,5706,6098,7217,7423,8134,8137,8190,8197,8198,8199,8200,8203,8204,8205,
65;0;6261;6334;0;18,24,25,37,38,42,46,97,100,103,137,139,144,225,231,262,277,288,289,294,321,396,398,427,429,430,445,640,644,647,765,773,814,854,855,948,1118,1146,1214,1270,1322,1450,1478,1481,1513,1567,1809,1814,1884,1922,2380,2543,2631,2635,2897,2898,2899,2900,2901,2902,2903,2904,2905,2906,2907,2908,2909,2910,2911,2912,2913,3349,5474,5706,7423,8190,8197,8199,8200,8204,
65;1;6334;6479;0;18,24,25,37,38,42,46,97,100,103,137,139,144,225,231,262,277,288,289,294,321,396,398,427,429,430,445,640,644,647,765,773,814,854,855,948,1118,1146,1214,1270,1322,1450,1478,1481,1484,1513,1567,1809,1814,1884,1922,2380,2543,2631,2635,2897,2898,2899,2900,2901,2902,2903,2904,2905,2906,2907,2908,2909,2910,2911,2912,3349,5474,5706,7423,8190,8197,8199,8200,8204,
174;0;6479;6583;0;18,24,25,27,28,37,38,42,46,100,137,139,144,178,221,225,262,276,277,288,289,321,396,398,429,449,476,479,565,640,644,647,765,773,814,854,855,948,1027,1118,1145,1146,1214,1270,1271,1275,1322,1334,1481,1484,1809,1814,1884,1941,1942,1943,1944,1945,2631,2635,2903,2910,3010,3070,3336,3348,3349,3355,3360,3361,3609,3774,4909,5474,5487,5706,6169,6171,7423,8487,
174;1;6583;6693;0;18,24,25,27,28,37,38,42,46,100,137,139,144,178,221,225,262,276,277,288,289,321,396,398,429,449,476,479,565,640,644,647,765,773,814,854,855,948,1027,1118,1145,1146,1214,1270,1271,1275,1322,1334,1481,1484,1809,1814,1884,1941,1942,1943,1944,1945,2631,2635,2903,2910,3010,3070,3336,3348,3349,3355,3360,3361,3609,3774,4909,5474,5487,5706,6169,6171,7423,8487,
92;0;6693;6762;0;18,24,25,27,28,37,38,42,46,100,137,139,144,178,221,225,262,276,277,288,289,321,396,398,429,449,476,479,565,640,644,647,765,773,814,854,855,948,1027,1118,1145,1146,1214,1270,1271,1275,1322,1334,1481,1484,1809,1814,1884,1941,1942,1943,1944,1945,2631,2635,2903,2910,3010,3070,3336,3348,3349,3355,3360,3361,3609,3774,4909,5474,5487,5706,6169,6171,7423,8487,
92;1;6762;6904;0;18,24,25,27,28,37,38,42,46,100,137,139,144,178,221,225,262,276,277,288,289,321,396,398,429,449,476,479,565,640,644,647,765,773,814,854,855,948,1027,1118,1145,1146,1214,1270,1271,1275,1322,1334,1481,1484,1809,1814,1884,1941,1942,1943,1944,1945,2631,2635,2903,2910,3010,3070,3336,3348,3349,3355,3360,3361,3609,3774,4909,5474,5487,5706,6169,6171,7423,8487,
194;0;6904;7005;0;18,24,25,27,28,37,38,42,46,100,137,139,144,178,221,225,262,276,277,288,289,321,396,398,429,449,476,479,565,640,644,647,765,773,814,854,855,948,1027,1118,1145,1146,1214,1270,1271,1275,1322,1334,1481,1484,1809,1814,1884,1941,1942,1943,1944,1945,2631,2635,2903,2910,3010,3070,3336,3348,3349,3355,3360,3361,3609,3774,4909,5474,5487,5706,6169,6171,7423,8487,
194;1;7200;7303;0;18,24,25,27,37,38,42,46,95,100,137,139,144,178,225,262,277,288,289,299,321,343,396,398,429,591,640,644,647,765,773,814,854,855,948,1019,1118,1146,1214,1270,1271,1322,1481,1484,1809,1814,1884,2225,2318,2405,2625,2626,2627,2628,2629,2630,2631,2632,2634,2635,2637,2640,2642,2643,2644,2646,2652,2657,2663,2675,2680,2686,2720,2721,2752,2903,2910,3010,5706,7423,
224;0;7303;7475;0;18,21,24,25,27,37,38,42,45,46,50,52,95,100,137,139,144,178,225,262,277,288,289,321,343,396,398,429,502,591,622,640,644,647,765,773,778,814,854,855,948,977,1006,1007,1011,1118,1146,1214,1270,1271,1305,1322,1390,1427,1481,1484,1809,1814,1884,2225,2318,2405,2413,2626,2627,2628,2635,2642,2657,2903,2910,3010,3125,4917,4918,5706,7423,7796,7797,7798,
224;1;7475;7505;0;18,21,24,25,27,37,38,42,45,46,50,52,95,100,137,139,144,149,178,225,241,262,277,288,289,321,343,390,396,398,404,429,502,591,622,640,644,647,765,773,778,814,854,855,948,949,977,1006,1007,1011,1118,1146,1163,1214,1270,1271,1305,1322,1390,1481,1484,1809,1814,1884,2223,2225,2318,2405,2626,2627,2628,2635,2642,2657,2903,2910,3010,5651,5706,7423,
118;0;7505;7583;0;18,24,27,38,95,100,137,139,144,149,178,182,225,241,262,277,288,289,301,321,322,343,390,391,395,396,398,404,429,502,591,640,644,647,765,773,775,814,854,855,948,949,1118,1146,1163,1214,1236,1270,1271,1322,1390,1481,1484,1675,1809,1814,1884,2223,2225,2318,2394,2405,2626,2627,2628,2635,2642,2657,2816,2892,2903,2910,3010,4094,4821,5155,5432,5706,5739,7423,
118;1;7583;7703;0;2,4,24,27,38,95,100,137,139,144,148,149,178,225,241,262,277,288,289,300,301,321,343,390,391,393,395,396,398,401,404,429,502,591,640,644,647,765,773,854,855,948,949,1050,1051,1052,1118,1133,1146,1150,1163,1232,1233,1236,1270,1271,1322,1481,1484,1604,1675,1801,1806,1809,1814,1884,2223,2225,2318,2355,2628,2635,2642,2657,2817,2818,2903,3010,5155,7423,
124;0;7703;7798;0;4,24,27,95,100,137,139,144,149,225,262,277,288,289,293,301,321,343,348,390,396,398,404,429,502,591,640,644,647,765,773,854,855,949,1050,1051,1052,1118,1146,1163,1236,1270,1271,1322,1481,1484,1604,1675,1809,1814,2223,2353,2498,2628,2642,2903,3010,5155,6334,6595,7302,7304,7305,7306,7423,7800,7801,7802,7803,7804,7805,7806,7807,7808,7809,7810,7811,7812,7813,7814,
124;1;7798;7899;0;4,24,27,61,95,100,137,139,144,149,225,262,277,288,289,293,301,321,343,348,390,396,398,404,429,502,528,591,640,644,647,765,773,854,855,949,1050,1051,1052,1118,1146,1163,1236,1270,1271,1277,1278,1282,1288,1292,1293,1322,1481,1484,1604,1675,1809,1814,2101,2223,2353,2498,2628,2642,2903,3010,5155,6334,6595,7302,7304,7305,7306,7423,7800,7801,7802,7803,7804,7805,
23;0;7899;8035;0;7,8,27,95,100,137,138,139,142,144,225,243,288,289,342,343,390,392,394,398,402,429,502,640,643,644,666,677,694,715,765,1049,1050,1051,1054,1055,1057,1118,1270,1271,1288,1293,1309,1322,1474,1475,1481,1529,1675,1843,1933,2109,2628,2651,2679,2821,2903,2955,3010,3015,4369,5155,5525,5637,5859,6023,6024,6225,6449,6450,6451,6452,6453,6454,6455,8453,8454,8455,9216,9217,
23;1;8035;8091;0;7,8,27,95,100,137,138,139,142,144,225,243,288,289,342,343,390,392,394,398,402,429,502,640,643,644,666,677,694,715,765,1049,1050,1051,1054,1055,1057,1118,1270,1271,1288,1293,1309,1322,1474,1475,1481,1529,1675,1843,1933,2109,2628,2651,2679,2821,2903,2955,3010,3015,4369,5155,5525,5637,5859,6023,6024,6225,6449,6450,6451,6452,6453,6454,6455,8453,8454,8455,9216,9217,
294;0;8091;8160;0;7,8,27,95,100,137,138,139,142,144,225,243,288,289,342,343,390,392,394,398,402,429,502,640,643,644,666,677,694,715,765,1049,1050,1051,1054,1055,1057,1118,1270,1271,1288,1293,1309,1322,1474,1475,1481,1529,1675,1843,1933,2109,2628,2651,2679,2821,2903,2955,3010,3015,4369,5155,5525,5637,5859,6023,6024,6225,6449,6450,6451,6452,6453,6454,6455,8453,8454,8455,9216,9217,
294;1;8160;8278;0;7,8,27,95,100,137,138,139,142,144,225,243,288,289,342,343,390,392,394,398,402,429,502,640,643,644,666,677,694,715,765,1049,1050,1051,1054,1055,1057,1118,1270,1271,1288,1293,1309,1322,1474,1475,1481,1529,1675,1843,1933,2109,2628,2651,2679,2821,2903,2955,3010,3015,4369,5155,5525,5637,5859,6023,6024,6225,6449,6450,6451,6452,6453,6454,6455,8453,8454,8455,9216,9217,
291;0;8640;8735;0;7,8,27,95,100,117,137,138,139,142,144,225,243,288,289,342,343,390,392,394,398,402,429,502,640,643,644,666,677,694,715,765,862,1049,1050,1051,1054,1055,1057,1118,1270,1271,1288,1293,1309,1322,1474,1475,1481,1482,1483,1529,1675,1843,1933,2052,2109,2468,2475,2628,2651,2678,2679,2821,2903,2955,3010,3015,4365,4369,5155,5392,5525,5637,5722,5868,6022,6311,6312,6313,
291;1;8735;8824;0;7,8,27,30,95,100,117,137,138,139,142,144,169,206,208,225,243,251,288,289,342,343,390,392,394,398,402,427,429,502,504,510,640,643,644,666,677,694,715,765,862,1049,1050,1051,1054,1055,1057,1089,1118,1270,1271,1281,1288,1293,1322,1474,1475,1481,1482,1483,1529,1580,1587,1675,2052,2109,2475,2628,2651,2678,2679,2903,3010,3028,5155,5392,5525,5722,5868,6022,
790;0;8824;9003;0;7,8,27,30,95,100,117,137,138,139,142,144,169,206,208,225,243,251,288,289,342,343,390,392,394,398,402,427,429,640,644,666,677,694,715,765,1050,1051,1057,1118,1268,1269,1270,1271,1288,1293,1294,1295,1322,1474,1475,1481,1482,1483,1529,1580,1587,1675,2052,2109,2220,2407,2475,2628,2651,2678,2679,2903,3703,3721,3797,4112,4217,4353,5155,5392,5525,5722,5868,6022,
122;0;9003;9100;0;8,27,95,100,117,137,138,139,142,144,206,225,251,288,289,390,392,394,398,427,429,640,666,677,694,715,765,1050,1051,1057,1118,1268,1269,1270,1271,1276,1287,1288,1293,1294,1295,1322,1474,1475,1481,1482,1483,1580,1587,1675,2052,2109,2148,2220,2240,2241,2407,2410,2418,2472,2475,2628,2651,2678,2679,2903,3048,3049,3050,3051,3703,3721,3797,4112,4217,5155,5525,5722,5868,6022,
122;1;9100;9177;0;8,27,95,97,100,137,138,139,142,144,206,225,267,288,289,291,303,305,310,312,313,314,380,390,392,394,398,429,438,640,666,677,694,715,765,1050,1051,1057,1118,1171,1268,1269,1270,1271,1287,1288,1293,1294,1295,1322,1474,1475,1481,1580,1587,1675,2052,2107,2220,2244,2407,2475,2628,2651,2678,2679,2903,3703,3721,3797,4112,4217,5144,5153,5154,5155,5525,5722,5868,6022,
745;0;9177;9350;0;8,27,95,97,100,137,138,139,142,144,206,225,267,274,288,289,291,303,305,310,312,313,314,336,390,392,394,398,429,438,640,666,677,694,715,765,856,1050,1051,1057,1118,1268,1269,1270,1271,1287,1288,1293,1294,1295,1322,1474,1475,1481,1580,1587,1675,2052,2220,2244,2407,2475,2628,2645,2651,2678,2679,2689,2903,3703,3715,3721,3797,4112,4217,5144,5525,5722,5868,6022,
928;0;9350;9519;0;137,139,142,144,145,146,149,225,262,288,289,301,316,377,392,398,429,591,838,852,854,855,891,926,939,949,1118,1134,1165,1475,1476,1478,1481,1484,1675,1768,2247,2292,2370,2371,2583,2587,2707,2738,2904,3133,3436,3438,3634,4424,4473,4537,4658,5248,5251,5298,5452,5695,5697,5698,5700,5702,5807,5808,5809,5810,5811,5812,5813,5814,5815,5816,5817,5818,5819,5820,5821,5822,5823,5824,
861;0;10080;10249;0;137,139,142,144,145,146,149,225,262,270,288,289,301,316,377,392,398,429,591,838,852,854,855,891,924,926,939,949,1118,1134,1165,1234,1424,1475,1476,1478,1481,1484,1675,1768,2247,2292,2370,2371,2583,2587,2707,2738,2904,3133,3436,3438,3634,4259,4424,4473,4537,4658,5248,5251,5298,5452,5695,5697,5698,5700,5702,5807,5808,5809,5810,5811,5812,5813,5814,5815,5816,5817,5818,5819,
877;0;10249;10415;0;137,139,142,144,145,146,149,225,262,270,288,289,301,316,377,392,398,400,429,591,838,852,854,855,891,924,926,939,949,1118,1134,1165,1234,1424,1475,1476,1478,1481,1484,1675,1768,2247,2292,2370,2371,2583,2587,2707,2738,2904,3133,3436,3438,3634,4259,4424,4473,4537,4658,5248,5251,5298,5452,5695,5697,5698,5700,5702,5807,5808,5809,5810,5811,5812,5813,5814,5815,5816,5817,6742,
206;0;10415;10488;0;61,137,139,142,144,145,146,149,210,225,262,270,288,289,301,316,377,392,398,400,429,591,838,852,854,855,891,924,926,939,949,1118,1134,1165,1234,1273,1424,1475,1476,1478,1481,1484,1675,1768,2247,2292,2370,2371,2583,2587,2707,2738,2904,2934,2941,2968,3133,3436,3438,3578,3615,3634,3809,3814,4259,4261,4262,4263,4264,4265,4266,4424,4473,4537,4658,5248,5251,5298,5452,5697,
206;1;10488;10579;0;61,137,139,142,144,145,146,149,210,225,262,270,288,289,301,316,377,392,398,400,429,591,838,852,854,855,891,924,926,939,949,1118,1134,1165,1234,1273,1424,1475,1476,1478,1481,1484,1675,1768,2247,2292,2370,2371,2583,2587,2707,2738,2904,2934,2941,2968,3133,3436,3438,3578,3615,3634,3809,3814,4259,4261,4262,4263,4264,5697,8143,8190,8194,8197,8198,8199,8200,8203,8204,8205,
813;0;10579;10743;0;15,24,54,60,61,137,139,142,144,145,146,149,210,225,262,270,288,289,301,316,377,392,398,400,429,591,838,852,854,855,871,891,924,926,939,949,1118,1134,1165,1234,1273,1424,1475,1476,1478,1481,1484,1675,1768,2062,2063,2247,2292,2370,2371,2583,2587,2707,2738,2904,2934,2941,2968,3133,3345,3346,3436,3438,3578,3615,3634,3809,3814,4313,4314,4315,4316,4317,4318,5697,
271;0;10743;10748;0;8,15,24,54,60,61,95,97,137,139,142,144,145,146,149,210,225,262,270,288,289,301,316,377,392,398,400,429,591,838,852,854,855,871,891,924,926,939,949,1118,1134,1146,1165,1234,1273,1424,1475,1476,1478,1481,1484,1675,1768,1809,1814,2062,2063,2244,2247,2292,2370,2371,2583,2587,2707,2738,2904,2934,2941,2968,3133,3345,3346,3436,3438,3578,3615,3634,3809,5697,
271;1;10748;10905;0;24,26,54,60,61,95,137,144,145,146,149,225,262,288,291,292,302,316,366,377,390,392,398,400,408,415,429,440,528,532,544,690,949,1146,1147,1270,1271,1273,1278,1279,1287,1293,1295,1322,1478,1479,1556,1674,2642,2677,2679,2774,2775,2778,2941,3263,3284,3285,3286,3287,3288,3413,3447,3615,3876,3908,4108,4598,4599,4854,4855,5370,5476,5499,5502,5673,7074,7397,7398,7399,
905;0;10905;11066;0;24,26,54,60,61,95,137,144,145,146,149,225,262,288,291,292,302,316,366,377,390,392,398,400,408,415,429,440,528,532,544,690,949,1146,1147,1270,1271,1273,1278,1279,1287,1293,1295,1322,1478,1479,1556,1674,2642,2677,2679,2774,2775,2778,2941,3263,3284,3285,3286,3287,3288,3413,3447,3615,3876,3908,4108,4598,4599,4854,4855,5370,5476,5499,5502,5673,7074,7397,7398,7399,
777;0;11066;11227;0;24,26,54,60,61,95,137,144,145,146,149,225,262,288,291,292,302,316,366,377,390,392,398,400,408,415,429,440,528,532,544,690,949,1146,1147,1270,1271,1273,1278,1279,1287,1293,1295,1322,1478,1479,1556,1674,2642,2677,2679,2774,2775,2778,2941,3263,3284,3285,3286,3287,3288,3413,3447,3615,3876,3908,4108,4598,4599,4854,4855,5370,5476,5499,5502,5673,7074,7397,7398,7399,
648;0;11227;11387;0;24,26,54,60,61,95,137,144,145,146,149,225,262,288,291,292,302,316,366,377,390,392,398,400,408,415,429,440,528,532,544,690,949,1146,1147,1270,1271,1273,1278,1279,1287,1293,1295,1322,1478,1479,1556,1674,2642,2677,2679,2774,2775,2778,2941,3263,3284,3285,3286,3287,3288,3413,3447,3615,3876,3908,4108,4598,4599,4854,4855,5370,5476,5499,5502,5673,7074,7397,7398,7399,
8;0;11387;11462;0;24,26,54,60,61,95,137,144,145,146,149,225,262,288,291,292,302,316,366,377,390,392,398,400,408,415,429,440,528,532,544,690,949,1146,1147,1270,1271,1273,1278,1279,1287,1293,1295,1322,1478,1479,1556,1674,2642,2677,2679,2774,2775,2778,2941,3263,3284,3285,3286,3287,3288,3413,3447,3615,3876,3908,4108,4598,4599,4854,4855,5370,5476,5499,5502,5673,7074,7397,7398,7399,
8;1;11520;11601;0;24,26,54,60,61,95,101,137,144,145,146,149,225,262,288,291,292,302,316,366,377,390,392,398,400,408,415,429,440,528,532,544,690,949,1146,1147,1270,1271,1273,1278,1279,1287,1293,1295,1322,1478,1479,1556,1604,1674,1726,2642,2677,2679,2774,2775,2778,2941,3263,3284,3285,3286,3287,3447,3615,4035,4219,4855,5777,5984,5987,5992,6090,6513,6584,7397,7399,7926,7927,7958,
46;0;11601;11652;0;24,26,54,60,61,95,101,137,144,145,146,149,225,231,262,269,277,288,291,292,302,316,321,366,377,390,392,396,398,400,404,408,415,429,440,528,532,544,647,949,1146,1163,1236,1270,1271,1273,1278,1279,1287,1293,1295,1322,1378,1417,1473,1474,1478,1479,2223,2649,2677,2679,2774,2775,2778,2941,3108,3263,3447,3615,4855,5734,5987,6090,6263,6286,6287,6384,7397,7399,
46;1;11652;11755;0;24,26,54,60,61,95,101,137,144,145,146,149,186,225,231,254,262,269,277,288,291,292,302,316,321,366,377,390,392,396,398,400,404,429,452,528,647,784,949,1063,1146,1236,1270,1271,1273,1278,1279,1287,1293,1295,1322,1378,1417,1426,1473,1474,1478,1479,1580,1930,1935,2086,2223,2649,2677,2679,2774,2775,2778,2941,3108,3263,3447,3612,3615,4855,5987,6090,7397,7399,
995;0;11755;11907;0;24,26,54,60,61,95,128,137,144,145,146,149,225,231,262,269,277,288,291,292,316,321,366,377,390,392,396,398,400,404,429,528,647,949,1063,1138,1146,1236,1268,1269,1270,1271,1272,1273,1278,1279,1287,1288,1293,1294,1295,1322,1378,1417,1473,1474,1478,1580,1781,2261,2262,2649,2677,2679,2774,2775,2778,2868,2941,3108,3263,3447,3615,3837,4260,4855,5987,6090,7397,7399,
816;0;11907;12058;0;24,26,54,60,61,95,128,137,144,145,146,149,225,231,262,269,277,288,291,292,316,321,366,377,390,392,396,398,400,404,429,528,647,949,1063,1138,1146,1236,1268,1269,1270,1271,1272,1273,1278,1279,1287,1288,1293,1294,1295,1322,1378,1417,1473,1474,1478,1580,1781,2261,2262,2649,2677,2679,2774,2775,2778,2868,2941,3108,3263,3447,3615,3837,4855,5987,6090,7262,7397,7399,
673;0;12058;12234;0;24,26,54,57,61,95,137,144,146,149,225,231,247,262,269,277,288,291,292,316,321,366,377,390,392,398,400,404,429,493,528,647,734,949,1063,1146,1236,1268,1269,1270,1271,1273,1278,1279,1287,1288,1293,1294,1295,1322,1378,1417,1473,1474,1478,1580,2258,2291,2518,2649,2677,2679,2774,2775,2868,2941,3108,3263,3403,3447,3597,3615,4112,5510,5987,6090,7262,7397,7399,7468,
131;0;12234;12329;0;4,24,95,144,225,288,390,391,392,400,404,528,640,645,1052,1146,1268,1269,1270,1293,1294,1322,1417,1472,1884,2108,2662,2820,3329,3472,4165,5588,5644,5951,5963,5968,5969,5976,5980,5985,5986,5987,6360,6378,6537,6538,6539,6540,6541,6542,6543,6544,6545,6546,6547,6548,6549,6550,6551,6552,6553,6554,6555,6556,6557,6558,6559,6560,8551,8559,9031,9041,9131,9137,9138,9139,9140,9141,9142,9143,
131;1;12329;12384;0;4,24,95,144,225,288,390,391,392,400,404,528,640,645,1052,1146,1268,1269,1270,1293,1294,1322,1417,1472,1884,2108,2662,2820,3329,3472,4165,5588,5644,5951,5963,5968,5969,5976,5980,5985,5986,5987,6360,6378,6537,6538,6539,6540,6541,6542,6543,6544,6545,6546,6547,6548,6549,6550,6551,6552,6553,6554,6555,6556,6557,6558,6559,6560,8551,8559,9031,9041,9131,9137,9138,9139,9140,9141,9142,9143,
785;0;12384;12531;0;4,24,95,144,225,288,390,391,392,400,404,528,640,645,1052,1146,1268,1269,1270,1293,1294,1322,1417,1472,1884,2108,2662,2820,3329,3472,4165,5588,5644,5951,5963,5968,5969,5976,5980,5985,5986,5987,6360,6378,6537,6538,6539,6540,6541,6542,6543,6544,6545,6546,6547,6548,6549,6550,6551,6552,6553,6554,6555,6556,6557,6558,6559,6560,8551,8559,9031,9041,9131,9137,9138,9139,9140,9141,9142,9143,
308;0;12531;12575;0;4,24,95,144,225,288,390,391,392,400,404,528,640,645,1052,1146,1268,1269,1270,1293,1294,1322,1417,1472,1884,2108,2662,2820,3329,3472,4165,5588,5644,5951,5963,5968,5969,5976,5980,5985,5986,5987,6360,6378,6537,6538,6539,6540,6541,6542,6543,6544,6545,6546,6547,6548,6549,6550,6551,6552,6553,6554,6555,6556,6557,6558,6559,6560,8551,8559,9031,9041,9131,9137,9138,9139,9140,9141,9142,9143,
308;1;12575;12676;0;4,24,95,144,225,288,390,391,392,400,404,528,640,645,1052,1146,1268,1269,1270,1293,1294,1322,1417,1472,1884,2108,2662,2820,3329,3472,4165,5588,5644,5951,5963,5968,5969,5976,5980,5985,5986,5987,6360,6378,6537,6538,6539,6540,6541,6542,6543,6544,6545,6546,6547,6548,6549,6550,6551,6552,6553,6554,6555,6556,6557,6558,6559,6560,8551,8559,9031,9041,9131,9137,9138,9139,9140,9141,9142,9143,
Machine: 4
774;0;0;11;1;24,27,144,145,225,226,227,229,231,266,267,272,273,274,276,286,295,297,314,329,397,429,430,1046,1092,1198,1270,1288,1293,1294,1295,1442,1521,1567,2220,2247,2248,2299,2318,2407,2600,2628,2645,2770,2774,2775,2778,3174,3263,3606,3703,3721,3797,3802,3829,4010,4031,4112,4217,4353,4567,4739,4740,4802,4946,5054,5230,5434,5633,6401,6418,6419,7425,7426,7427,7428,7429,7430,8544,8545,
973;0;11;29;1;24,27,144,145,225,226,227,229,231,266,267,272,273,274,276,286,295,297,314,329,397,429,430,1046,1092,1198,1270,1288,1293,1294,1295,1442,1521,1567,2220,2247,2248,2299,2318,2407,2600,2628,2645,2770,2774,2775,2778,3174,3263,3606,3703,3721,3797,3802,3829,4010,4031,4112,4217,4353,4567,4739,4740,4802,4946,5054,5230,5434,5633,6401,6418,6419,7425,7426,7427,7428,7429,7430,8544,8545,
956;0;29;49;1;24,27,144,145,225,226,227,229,231,266,267,272,273,274,276,286,295,297,314,329,397,429,430,1046,1092,1198,1270,1288,1293,1294,1295,1442,1521,1567,2220,2247,2248,2299,2318,2407,2600,2628,2645,2770,2774,2775,2778,3174,3263,3606,3703,3721,3797,3802,3829,4010,4031,4112,4217,4353,4567,4739,4740,4802,4946,5054,5230,5434,5633,6401,6418,6419,7425,7426,7427,7428,7429,7430,8544,8545,
232;0;49;200;0;24,27,144,145,225,226,227,229,231,266,267,272,273,274,276,286,295,297,314,329,397,429,430,1046,1092,1198,1270,1288,1293,1294,1295,1442,1521,1567,2220,2247,2248,2299,2318,2407,2600,2628,2645,2770,2774,2775,2778,3174,3263,3606,3703,3721,3797,3802,3829,4010,4031,4112,4217,4353,4567,4739,4740,4802,4946,5054,5230,5434,5633,6401,6418,6419,7425,7426,7427,7428,7429,7430,8544,8545,
232;1;200;372;0;24,27,144,145,225,226,227,229,231,266,267,272,273,274,276,286,295,297,314,329,397,429,430,1046,1092,1198,1270,1288,1293,1294,1295,1442,1521,1567,2220,2247,2248,2299,2318,2407,2600,2628,2645,2770,2774,2775,2778,3174,3263,3606,3703,3721,3797,3802,3829,4010,4031,4112,4217,4353,4567,4739,4740,4802,4946,5054,5230,5434,5633,6401,6418,6419,7425,7426,7427,7428,7429,7430,8544,8545,
307;0;372;512;0;24,27,144,145,225,226,227,229,231,266,267,272,273,274,276,286,295,297,314,329,397,429,430,1046,1092,1198,1270,1288,1293,1294,1295,1442,1521,1567,2220,2247,2248,2299,2318,2407,2600,2628,2645,2770,2774,2775,2778,3174,3263,3606,3703,3721,3797,3802,3829,4010,4031,4112,4217,4353,4567,4739,4740,4802,4946,5054,5230,5434,5633,6401,6418,6419,7425,7426,7427,7428,7429,7430,8544,8545,
307;1;512;660;0;24,27,144,145,147,182,225,226,227,229,231,266,267,272,273,274,276,286,295,297,301,314,329,397,429,430,1046,1058,1092,1094,1137,1198,1270,1288,1293,1294,1295,1442,1447,1473,1521,1567,1819,1825,1832,2128,2220,2247,2248,2299,2318,2382,2407,2600,2628,2645,2770,2774,2775,2778,3263,3606,3703,3721,3797,3802,3829,4018,4031,4112,4353,4423,4472,4739,4740,4946,5136,5230,5736,6401,
43;0;660;787;0;4,27,74,79,89,90,144,146,204,210,245,276,366,429,502,506,559,581,768,773,787,790,831,833,836,858,862,863,884,903,944,945,960,978,1046,1162,1181,1273,1293,1513,1525,1532,1533,1536,1537,1539,1540,1604,1996,2070,2172,2231,2233,2273,2829,2941,2968,3060,3348,3421,3422,3613,3797,3802,3820,3829,3831,3948,4114,4115,4263,4265,4268,4269,5254,5487,5644,5995,6513,6869,
43;1;787;938;0;4,27,74,79,89,90,144,146,204,210,245,276,366,429,502,506,559,581,768,773,787,790,831,833,836,858,862,863,884,903,944,945,960,978,1046,1162,1181,1273,1293,1513,1525,1532,1533,1536,1537,1539,1540,1604,1996,2070,2172,2231,2233,2273,2829,2941,2968,3060,3348,3421,3422,3613,3797,3802,3820,3829,3831,3948,4114,4115,4263,4265,4268,4269,5254,5487,5644,5995,6513,6869,
273;0;938;1080;0;4,27,74,79,89,90,144,146,204,210,245,276,366,429,502,506,559,581,768,773,787,790,831,833,836,858,862,863,884,903,944,945,960,978,1046,1162,1181,1273,1293,1513,1525,1532,1533,1536,1537,1539,1540,1604,1996,2070,2172,2231,2233,2273,2829,2941,2968,3060,3348,3421,3422,3613,3797,3802,3820,3829,3831,3948,4114,4115,4263,4265,4268,4269,5254,5487,5644,5995,6513,6869,
273;1;1080;1210;0;4,27,74,79,89,90,144,146,204,210,245,276,366,429,502,506,559,581,768,773,787,790,831,833,836,858,862,863,884,903,944,945,960,978,1046,1162,1181,1273,1293,1513,1525,1532,1533,1536,1537,1539,1540,1604,1996,2070,2172,2231,2233,2273,2829,2941,2968,3060,3348,3421,3422,3613,3797,3802,3820,3829,3831,3948,4114,4115,4263,4265,4268,4269,5254,5487,5644,5995,6513,6869,
254;0;1210;1325;0;4,27,74,79,89,90,144,146,204,210,245,276,366,429,502,506,559,581,768,773,787,790,831,833,836,858,862,863,884,903,944,945,960,978,1046,1162,1181,1273,1293,1513,1525,1532,1533,1536,1537,1539,1540,1604,1996,2070,2172,2231,2233,2273,2829,2941,2968,3060,3348,3421,3422,3613,3797,3802,3820,3829,3831,3948,4114,4115,4263,4265,4268,4269,5254,5487,5644,5995,6513,6869,
254;1;1440;1587;0;4,27,74,79,89,90,95,137,144,146,149,204,210,245,276,288,308,340,366,391,429,502,506,559,581,768,773,787,790,831,833,836,838,858,862,863,884,891,903,938,944,945,949,960,978,1046,1056,1117,1162,1163,1164,1166,1170,1176,1177,1181,1273,1293,1467,1513,1525,1532,1533,1536,1604,1996,2070,2941,2968,3060,3348,3421,3422,3797,3802,3829,3831,3948,4114,4115,
204;0;1587;1761;0;4,27,74,79,89,90,95,137,139,144,146,149,204,210,245,275,276,288,308,340,366,391,429,502,506,559,581,768,773,775,787,790,831,833,836,838,858,862,863,884,891,903,944,945,948,949,960,1056,1117,1146,1162,1163,1170,1177,1181,1236,1273,1293,1604,1973,1996,2070,2941,2951,2968,3060,3348,3421,3422,3797,3802,3829,3831,3948,4094,4114,4115,5155,5739,6457,
204;1;1761;1839;0;4,27,53,74,79,89,90,95,137,139,144,146,149,204,210,245,275,276,288,308,340,366,391,429,502,506,528,559,581,768,773,775,787,790,831,833,836,838,858,863,891,944,945,948,949,960,1056,1117,1146,1162,1163,1170,1177,1181,1236,1273,1293,1604,1973,1996,2070,2941,2951,2968,3060,3348,3421,3422,3797,3798,3799,3800,3801,3802,3829,3831,3948,4114,4115,5739,
147;0;1839;1957;0;4,24,27,53,74,79,89,90,95,137,139,144,146,149,204,210,245,275,276,288,308,340,366,391,429,502,506,528,559,581,768,773,775,787,790,831,833,836,838,858,863,891,944,945,948,949,960,1056,1117,1143,1146,1162,1163,1170,1177,1181,1236,1273,1287,1293,1604,1973,1996,2070,2941,2951,2968,3060,3348,3421,3422,3797,3802,3829,3831,3948,4114,4115,5739,8861,
147;1;1957;2084;0;4,24,27,53,74,79,89,90,95,135,137,139,144,146,149,204,210,225,245,262,275,276,288,308,321,366,391,429,502,506,528,559,773,775,787,790,831,833,838,858,863,891,944,945,948,949,960,1056,1117,1134,1146,1162,1163,1170,1177,1181,1236,1273,1287,1293,1478,1604,1816,1973,1996,2070,2941,2951,2968,3060,3348,3421,3422,3802,3831,3948,4033,4114,4115,5739,
241;0;2084;2141;0;4,24,27,74,79,89,90,95,135,137,139,144,149,204,210,225,245,262,276,288,308,321,366,391,398,429,502,506,528,773,787,790,831,833,838,858,863,891,944,945,948,949,960,1054,1056,1117,1134,1146,1162,1163,1170,1177,1181,1236,1273,1287,1293,1478,1604,1670,1811,1816,1973,1996,2070,2941,2968,3060,3348,3421,3422,3802,3831,3948,4033,4093,4114,4115,5739,8261,
241;1;2141;2313;0;15,24,26,34,52,61,79,95,117,137,139,144,149,175,198,210,225,245,249,262,276,288,308,321,359,366,398,429,506,528,557,598,838,891,948,949,1117,1170,1177,1236,1278,1287,1293,1478,1726,1785,1786,1795,2025,2091,2175,2264,2281,2310,2577,2872,2941,2968,3410,3765,3802,4093,4112,4162,5091,5468,5607,5739,5944,7009,7029,7879,7906,7936,8450,8451,8452,8734,8735,8736,
214;0;2313;2489;0;15,24,26,34,52,61,79,95,117,137,139,144,149,175,198,210,225,245,249,262,276,288,308,321,359,366,398,429,506,528,557,598,838,891,948,949,1117,1170,1177,1236,1278,1287,1293,1478,1726,1785,1786,1795,2025,2091,2175,2264,2281,2310,2577,2872,2941,2968,3410,3765,3802,4093,4112,4162,5091,5468,5607,5739,5944,7009,7029,7879,7906,7936,8450,8451,8452,8734,8735,8736,
214;1;2489;2535;0;15,24,26,34,52,61,79,95,117,137,139,144,149,175,198,210,225,245,249,262,276,288,308,321,359,366,398,429,506,528,557,598,838,891,948,949,1117,1170,1177,1236,1278,1287,1293,1478,1726,1785,1786,1795,2025,2091,2175,2264,2281,2310,2577,2872,2941,2968,3410,3765,3802,4093,4112,4162,5091,5468,5607,5739,5944,7009,7029,7879,7906,7936,8450,8451,8452,8734,8735,8736,
243;0;2535;2584;0;15,24,26,34,52,61,79,95,117,137,139,144,149,175,198,210,225,245,249,262,276,288,308,321,359,366,398,429,506,528,557,598,838,891,948,949,1117,1170,1177,1236,1278,1287,1293,1478,1726,1785,1786,1795,2025,2091,2175,2264,2281,2310,2577,2872,2941,2968,3410,3765,3802,4093,4112,4162,5091,5468,5607,5739,5944,7009,7029,7879,7906,7936,8450,8451,8452,8734,8735,8736,
243;1;2880;3051;0;24,26,95,137,139,144,225,234,245,249,262,267,268,273,276,285,288,290,291,304,306,313,314,317,321,351,382,395,398,434,528,595,892,905,912,939,948,1165,1170,1177,1207,1209,1211,1236,1287,1293,1478,1484,1676,1738,1919,1970,2132,2133,2356,2357,2358,2359,2360,2361,2362,2363,2364,2365,2366,2367,2368,2369,2370,2371,2372,2373,2374,2375,2376,2377,2378,2379,2380,2381,
119;0;3051;3117;0;24,26,95,137,139,144,145,225,234,245,249,262,267,268,273,276,277,285,288,290,291,304,306,313,314,317,321,351,382,395,398,400,434,528,595,892,905,912,939,948,1045,1165,1170,1177,1207,1209,1211,1236,1287,1293,1478,1484,1676,1738,1919,1970,2132,2133,2356,2357,2358,2359,2360,2361,2362,2363,2364,2365,2366,2367,2368,2369,2370,2371,2372,2373,2374,2375,2376,2377,
119;1;3117;3266;0;24,26,95,137,139,144,145,189,225,234,245,249,262,267,268,273,276,277,285,288,290,291,304,306,313,314,317,321,351,382,395,398,400,434,528,529,595,892,905,912,939,948,1045,1165,1170,1177,1207,1209,1211,1236,1282,1287,1291,1293,1478,1484,1676,1738,1919,1970,2132,2133,2258,2309,2356,2357,2358,2359,2360,2361,2362,2370,2371,2376,2407,2419,3256,3703,3753,6657,
266;0;3266;3400;0;24,26,95,137,139,144,145,152,189,225,234,245,249,262,267,268,273,276,277,285,288,290,291,304,306,313,314,317,321,351,382,395,398,400,426,434,528,529,567,595,892,905,912,939,948,1045,1165,1170,1177,1207,1209,1236,1280,1282,1287,1291,1293,1478,1484,1572,1676,1919,1940,2132,2179,2230,2309,2359,2370,2371,2376,2407,2419,2826,3409,3606,3703,4672,5876,6152,
266;1;3400;3477;0;24,26,95,137,139,144,145,152,189,225,234,245,249,262,267,268,273,276,277,285,288,290,291,304,306,313,314,317,321,351,382,395,398,400,426,434,528,529,567,595,892,905,912,948,1165,1170,1177,1236,1282,1287,1291,1293,1478,1484,1676,1919,1940,2132,2230,2309,2359,2370,2371,2376,2407,2419,3409,3606,3703,8555,8557,8559,8642,9089,9090,9091,9092,9093,9094,9095,
13;0;3477;3549;0;24,26,95,137,138,139,144,145,152,189,225,234,245,249,262,267,268,273,276,277,285,288,290,291,304,306,313,314,317,321,351,382,395,398,400,426,434,528,529,567,591,595,892,905,912,948,1052,1165,1170,1177,1236,1282,1287,1291,1293,1474,1478,1484,1676,1919,1940,2053,2103,2132,2230,2309,2359,2370,2371,2376,2407,2419,3121,3409,3527,3606,3703,5706,8555,8557,
13;1;3549;3675;0;24,26,38,100,137,139,144,145,189,225,233,248,267,268,274,276,288,289,290,291,528,529,640,872,904,972,1093,1121,1142,1170,1171,1236,1277,1282,1287,1292,1293,1322,1332,1333,1359,1361,1457,1462,1472,1675,1814,2101,2190,2645,2774,2775,2903,3703,3915,3916,3917,3918,3919,3920,3921,3922,3923,3924,3925,3926,3927,3928,4450,4604,4628,5225,5432,6039,7153,7346,7347,7397,7444,7445,
133;0;3675;3708;0;24,26,38,100,137,139,144,145,189,225,233,248,267,268,274,276,288,289,290,291,528,529,640,872,904,972,1093,1121,1142,1170,1171,1236,1277,1282,1287,1292,1293,1322,1332,1333,1359,1361,1457,1462,1472,1675,1814,2101,2190,2645,2774,2775,2903,3703,3915,3916,3917,3918,3919,3920,3921,3922,3923,3924,3925,3926,3927,3928,4450,4604,4628,5225,5432,6039,7153,7346,7347,7397,7444,7445,
133;1;3708;3862;0;24,26,38,100,137,139,144,145,189,225,233,248,267,268,274,276,288,289,290,291,528,529,640,872,904,972,1093,1121,1142,1170,1171,1236,1277,1282,1287,1292,1293,1322,1332,1333,1359,1361,1457,1462,1472,1675,1814,2101,2190,2645,2774,2775,2903,3703,3915,3916,3917,3918,3919,3920,3921,3922,3923,3924,3925,3926,3927,3928,4450,4604,4628,5225,5432,6039,7153,7346,7347,7397,7444,7445,
183;0;3862;3896;0;24,26,38,100,137,139,144,145,189,225,233,248,267,268,274,276,288,289,290,291,528,529,640,872,904,972,1093,1121,1142,1170,1171,1236,1277,1282,1287,1292,1293,1322,1332,1333,1359,1361,1457,1462,1472,1675,1814,2101,2190,2645,2774,2775,2903,3703,3915,3916,3917,3918,3919,3920,3921,3922,3923,3924,3925,3926,3927,3928,4450,4604,4628,5225,5432,6039,7153,7346,7347,7397,7444,7445,
183;1;3896;4046;0;24,26,38,100,137,139,144,145,189,225,233,248,267,268,274,276,288,289,290,291,528,529,640,872,904,972,1093,1121,1142,1170,1171,1236,1277,1282,1287,1292,1293,1322,1332,1333,1359,1361,1457,1462,1472,1675,1814,2101,2190,2645,2774,2775,2903,3703,3915,3916,3917,3918,3919,3920,3921,3922,3923,3924,3925,3926,3927,3928,4450,4604,4628,5225,5432,6039,7153,7346,7347,7397,7444,7445,
187;0;4046;4066;0;24,26,38,100,137,139,144,145,189,225,233,248,267,268,274,276,288,289,290,291,528,529,640,872,904,972,1093,1121,1142,1170,1171,1236,1277,1282,1287,1292,1293,1322,1332,1333,1359,1361,1457,1462,1472,1675,1814,2101,2190,2645,2774,2775,2903,3703,3915,3916,3917,3918,3919,3920,3921,3922,3923,3924,3925,3926,3927,3928,4450,4604,4628,5225,5432,6039,7153,7346,7347,7397,7444,7445,
187;1;4066;4228;0;24,26,38,100,137,139,144,145,189,225,233,248,267,268,274,276,288,289,290,291,528,529,640,872,904,972,1093,1121,1142,1170,1171,1236,1277,1282,1287,1292,1293,1322,1332,1333,1359,1361,1457,1462,1472,1675,1814,2101,2190,2645,2774,2775,2903,3703,3915,3916,3917,3918,3919,3920,3921,3922,3923,3924,3925,3926,3927,3928,4450,4604,4628,5225,5432,6039,7153,7346,7347,7397,7444,7445,
820;0;4320;4499;0;24,26,38,78,100,137,139,144,145,189,225,233,248,267,268,274,276,288,289,290,291,528,529,640,872,904,972,1093,1121,1142,1170,1171,1236,1268,1277,1282,1285,1287,1288,1289,1292,1293,1295,1322,1332,1333,1359,1361,1457,1462,1472,1675,1702,1779,1783,1814,2101,2175,2190,2263,2282,2471,2645,2774,2775,2903,3049,3701,3702,3703,3716,3717,3915,3916,3917,3918,3919,3920,4450,4604,
272;0;4499;4604;0;24,26,38,78,100,137,139,144,145,189,225,233,248,267,268,274,276,288,289,290,291,528,529,640,872,904,972,1093,1121,1142,1170,1171,1236,1268,1277,1282,1285,1287,1288,1289,1292,1293,1295,1322,1332,1333,1359,1361,1457,1462,1472,1675,1702,1707,1779,1783,1814,2101,2175,2190,2263,2282,2471,2540,2645,2774,2775,2903,3049,3346,3414,3701,3702,3703,3716,3717,3915,3920,4450,4604,
272;1;4604;4672;0;24,26,38,78,100,137,139,144,145,189,225,233,248,267,268,274,276,288,289,290,291,528,529,640,871,872,873,874,875,876,877,878,879,904,972,1093,1121,1142,1170,1171,1236,1268,1277,1282,1285,1287,1288,1289,1292,1293,1295,1322,1332,1333,1359,1361,1457,1462,1472,1675,1702,1707,1779,1783,1814,2101,2175,2190,2263,2471,2645,2774,2775,3414,3702,3703,3915,3920,4450,4604,
171;0;4672;4749;0;24,26,38,100,137,139,144,145,189,225,231,248,267,268,274,276,288,289,290,291,329,377,397,429,528,640,838,839,871,872,873,874,875,901,949,1093,1118,1121,1170,1171,1236,1268,1277,1293,1322,1361,1472,1675,1707,1809,1814,1884,2504,2645,2774,2775,2778,2779,3263,3435,3702,3703,3915,3920,4450,4604,4605,4606,5894,5895,5898,5899,5901,6126,6127,6128,6129,6361,6362,6363,
171;1;4749;4843;0;24,26,38,100,137,139,144,145,189,225,231,248,267,268,274,276,288,289,290,291,329,377,397,429,528,640,838,839,871,872,873,874,875,901,949,1051,1093,1118,1121,1145,1170,1171,1236,1268,1277,1293,1322,1361,1472,1675,1707,1809,1814,1884,2489,2490,2504,2645,2774,2775,2778,3263,3435,3702,3703,3915,3920,4450,4604,4605,4606,5894,5895,5898,5899,5901,6126,6127,6128,6129,
702;0;4843;5012;0;24,38,97,100,137,139,144,145,178,179,181,184,189,225,231,234,248,267,268,272,273,274,285,288,289,290,291,305,307,308,309,317,329,377,397,429,528,640,838,871,872,873,874,875,901,949,1118,1121,1132,1145,1170,1171,1277,1293,1361,1379,1472,1680,1707,1809,1814,1884,2504,2645,2774,2775,2778,3263,3435,3702,4450,4604,4605,4606,5894,5895,5898,5899,5901,6126,
782;0;5012;5181;0;24,38,60,137,139,144,145,181,189,214,225,234,248,268,273,274,288,289,291,305,307,308,429,528,576,640,695,838,871,872,873,874,875,882,946,949,1118,1121,1145,1171,1277,1293,1361,1472,1680,1707,1814,1980,2005,2158,2645,2691,2774,2775,2778,3263,3435,3542,3702,4093,4221,4222,4223,4224,4225,4412,4664,6297,7465,7608,7609,7610,7611,7612,7613,7614,7615,7616,7617,7618,
693;0;5181;5347;0;24,38,60,137,139,144,145,181,189,214,225,234,248,268,273,274,288,289,291,305,307,308,429,528,576,640,695,838,871,872,873,874,875,882,946,949,1118,1121,1145,1171,1277,1293,1361,1472,1680,1707,1814,1980,2005,2158,2645,2691,2774,2775,2778,3263,3435,3542,3702,4093,4221,4222,4223,4224,4225,4412,4664,6297,7465,7608,7609,7610,7611,7612,7613,7614,7615,7616,7617,7618,
664;0;5347;5511;0;24,38,60,137,139,144,145,181,189,214,225,234,248,268,273,274,288,289,291,305,307,308,429,528,576,640,695,838,871,872,873,874,875,882,946,949,1118,1121,1145,1171,1277,1293,1361,1472,1680,1707,1814,1980,2005,2158,2645,2691,2774,2775,2778,3263,3435,3542,3702,4093,4221,4222,4223,4224,4225,4412,4664,6297,7465,7608,7609,7610,7611,7612,7613,7614,7615,7616,7617,7618,
712;0;5760;5924;0;24,38,95,137,139,143,144,145,149,189,225,234,248,268,273,274,288,289,291,297,321,351,379,390,395,398,429,435,528,640,647,838,854,871,872,873,874,875,891,898,949,1024,1050,1117,1118,1119,1121,1145,1171,1210,1293,1361,1474,1484,1668,1669,1680,1707,1751,1814,2492,2536,2645,2774,2775,2778,2783,3037,3263,3286,3435,3702,3744,4495,4501,5206,5739,6384,6614,7261,
937;0;5924;6087;0;24,38,95,137,139,144,145,149,189,225,226,229,230,232,240,241,242,243,248,268,273,274,288,289,390,395,429,430,528,640,647,818,819,821,822,827,838,854,871,872,873,874,875,949,1050,1092,1099,1145,1171,1293,1361,1398,1407,1473,1668,1669,1681,1707,1814,1843,2246,2248,2292,2293,2294,2295,2296,2297,2298,2299,2300,2301,2302,2303,2645,3037,3263,3435,3702,7261,
154;0;6087;6218;0;24,38,95,137,139,144,145,149,189,225,226,229,230,232,240,241,242,243,248,268,273,274,288,289,390,395,429,430,528,640,647,818,819,821,822,827,838,854,871,872,873,874,875,949,1050,1092,1099,1145,1171,1293,1361,1398,1407,1473,1481,1668,1669,1681,1707,1814,1843,2246,2248,2292,2293,2294,2295,2296,2297,2298,2299,2645,2738,3037,3263,3435,3702,6517,6644,7261,
154;1;6218;6249;0;24,38,54,95,137,139,144,145,149,189,202,225,226,229,230,232,240,241,243,248,268,273,274,288,289,390,395,429,430,474,487,504,506,528,640,647,658,722,756,827,838,854,871,872,873,874,875,949,1050,1089,1145,1171,1293,1361,1398,1407,1473,1481,1558,1580,1668,1669,1707,1814,1936,1994,2163,2230,2306,2645,3003,3022,3037,3263,3435,3702,3864,5404,5405,7261,
957;0;6249;6410;0;24,38,54,95,137,139,144,145,149,189,202,225,226,229,230,232,240,241,243,248,268,273,274,288,289,390,395,429,430,474,487,504,506,528,580,640,647,658,722,756,827,838,854,871,872,873,874,875,949,1050,1089,1145,1171,1293,1329,1361,1398,1407,1473,1481,1512,1558,1580,1668,1669,1707,1814,1936,1994,2221,2240,2306,2407,2645,2836,3037,3263,3435,3702,7261,
686;0;6410;6571;0;1,24,27,38,40,79,95,117,148,150,189,198,208,210,248,251,366,390,395,457,474,490,528,653,728,871,872,873,874,979,987,1056,1146,1275,1390,1456,1558,1560,1604,1707,1799,1801,1806,1898,1936,1937,1940,2091,2174,2220,2232,2564,2814,2815,2816,2817,2818,2819,2820,2821,2822,2924,2940,2941,3060,3361,3421,3422,3609,3802,3831,3842,3948,4138,4464,4465,4466,4840,4841,8159,
761;0;6571;6731;0;1,24,27,38,40,79,95,117,148,150,189,198,208,210,248,251,366,390,395,457,474,490,528,653,728,871,872,873,874,979,987,1056,1146,1275,1390,1456,1558,1560,1604,1707,1799,1801,1806,1898,1936,1937,1940,2091,2174,2220,2232,2564,2814,2815,2816,2817,2818,2819,2820,2821,2822,2924,2940,2941,3060,3361,3421,3422,3609,3802,3831,3842,3948,4138,4464,4465,4466,4840,4841,8159,
274;0;6731;6825;0;1,24,27,38,40,79,95,117,148,150,189,198,208,210,248,251,366,390,395,457,474,490,528,653,728,871,872,873,874,979,987,1056,1146,1275,1390,1456,1558,1560,1604,1707,1799,1801,1806,1898,1936,1937,1940,2091,2174,2220,2232,2564,2814,2815,2816,2817,2818,2819,2820,2821,2822,2924,2940,2941,3060,3361,3421,3422,3609,3802,3831,3842,3948,4138,4464,4465,4466,4840,4841,8159,
274;1;6825;6887;0;1,24,27,38,40,79,95,117,148,150,189,198,208,210,248,251,366,390,395,457,474,490,528,653,728,871,872,873,874,979,987,1056,1146,1275,1390,1456,1558,1560,1604,1707,1799,1801,1806,1898,1936,1937,1940,2091,2174,2220,2232,2564,2814,2815,2816,2817,2818,2819,2820,2821,2822,2924,2940,2941,3060,3361,3421,3422,3609,3802,3831,3842,3948,4138,4464,4465,4466,4840,4841,8159,
756;0;6887;7041;0;1,24,27,38,40,79,95,117,148,150,189,198,208,210,248,251,366,390,395,457,474,490,528,653,728,871,872,873,874,979,987,1056,1146,1275,1390,1456,1558,1560,1604,1707,1799,1801,1806,1898,1936,1937,1940,2091,2174,2220,2232,2564,2814,2815,2816,2817,2818,2819,2820,2821,2822,2924,2940,2941,3060,3361,3421,3422,3609,3802,3831,3842,3948,4138,4464,4465,4466,4840,4841,8159,
980;0;7041;7192;0;1,24,27,38,40,79,95,117,148,150,189,198,208,210,248,251,366,390,395,457,474,490,528,653,728,871,872,873,874,979,987,1056,1146,1275,1390,1456,1558,1560,1604,1707,1799,1801,1806,1898,1936,1937,1940,2091,2174,2220,2232,2564,2814,2815,2816,2817,2818,2819,2820,2821,2822,2924,2940,2941,3060,3361,3421,3422,3609,3802,3831,3842,3948,4138,4464,4465,4466,4840,4841,8159,
944;0;7200;7350;0;1,24,27,38,40,79,95,117,148,150,189,198,208,210,248,251,366,390,395,457,474,486,490,528,653,728,871,872,873,874,979,987,1056,1146,1180,1275,1390,1456,1558,1560,1604,1707,1799,1801,1806,1898,1936,1937,1940,2091,2174,2220,2232,2564,2814,2815,2816,2817,2818,2819,2820,2821,2822,2924,2940,2941,3060,3361,3421,3422,3609,3802,3831,3837,3842,3948,4003,4138,4464,4465,
817;0;7350;7500;0;1,24,27,38,40,79,95,117,148,150,189,198,208,210,248,251,277,366,390,395,457,474,486,490,528,653,677,728,764,766,843,871,872,873,874,979,987,1056,1146,1180,1275,1390,1456,1558,1560,1604,1707,1799,1801,1806,1898,1922,1936,1937,1940,2091,2174,2220,2232,2354,2498,2564,2626,2661,2814,2815,2816,2817,2818,2819,2820,2821,2822,2924,2940,2941,3608,3802,3948,5230,
767;0;7500;7645;0;1,24,27,38,40,79,95,117,148,150,189,198,208,210,248,251,277,366,390,395,457,474,486,490,528,653,677,728,764,766,843,871,872,873,874,979,987,1056,1136,1146,1180,1275,1390,1456,1501,1558,1560,1604,1707,1799,1801,1806,1817,1898,1922,1936,1937,1940,2091,2174,2220,2232,2354,2428,2450,2451,2452,2453,2498,2564,2626,2661,2814,2815,2816,2817,2822,2924,3802,3948,
667;0;7645;7789;0;1,24,27,38,40,79,95,117,148,150,189,198,208,210,248,251,277,366,390,395,457,474,486,490,528,653,677,728,764,766,843,871,872,873,874,979,987,1056,1136,1146,1180,1275,1390,1456,1501,1558,1560,1604,1707,1799,1801,1806,1817,1898,1922,1936,1937,1940,2091,2159,2174,2220,2232,2305,2354,2428,2450,2451,2452,2453,2498,2564,2626,2661,2814,2816,2822,2924,3802,3948,
989;0;7789;7931;0;10,24,55,61,68,95,144,145,188,206,208,251,255,268,273,274,359,390,412,415,439,474,490,491,516,528,547,578,655,736,794,796,875,965,1146,1283,1293,1423,1481,1549,1558,1575,1587,1604,1707,1799,1935,2018,2128,2198,2199,2221,2305,2309,2428,2645,2822,2847,2848,3070,3279,3280,3281,3282,3283,3345,3486,3487,3490,3500,3501,3832,3833,3834,3835,3978,3979,3993,5857,7261,
21;0;7931;8017;0;10,24,55,61,68,95,144,145,188,206,208,251,255,268,273,274,359,390,412,415,439,474,490,491,516,528,547,578,655,736,794,796,875,965,1146,1283,1293,1423,1481,1549,1558,1575,1587,1604,1707,1799,1935,2018,2128,2198,2199,2221,2305,2309,2428,2645,2822,2847,2848,3070,3279,3280,3281,3282,3283,3345,3486,3487,3490,3500,3501,3832,3833,3834,3835,3978,3979,3993,5857,7261,
21;1;8017;8069;0;10,24,55,61,68,95,144,145,188,206,208,251,255,268,273,274,359,390,412,415,439,474,490,491,516,528,547,578,655,736,794,796,875,965,1146,1283,1293,1423,1481,1549,1558,1575,1587,1604,1707,1799,1935,2018,2128,2198,2199,2221,2305,2309,2428,2645,2822,2847,2848,3070,3279,3280,3281,3282,3283,3345,3486,3487,3490,3500,3501,3832,3833,3834,3835,3978,3979,3993,5857,7261,
760;0;8069;8205;0;10,24,55,61,68,95,144,145,188,206,208,251,255,268,273,274,359,390,412,415,439,474,490,491,516,528,547,578,655,736,794,796,875,965,1146,1283,1293,1423,1481,1549,1558,1575,1587,1604,1707,1799,1935,2018,2128,2198,2199,2221,2305,2309,2428,2645,2822,2847,2848,3070,3279,3280,3281,3282,3283,3345,3486,3487,3490,3500,3501,3832,3833,3834,3835,3978,3979,3993,5857,7261,
60;0;8205;8334;0;10,24,55,61,68,95,144,145,188,206,208,251,255,268,273,274,359,390,412,415,439,474,490,491,516,528,547,578,655,736,794,796,875,965,1146,1283,1293,1423,1481,1549,1558,1575,1587,1604,1707,1799,1935,2018,2128,2198,2199,2221,2305,2309,2428,2645,2822,2847,2848,3070,3279,3280,3281,3282,3283,3345,3486,3487,3490,3500,3501,3832,3833,3834,3835,3978,3979,3993,5857,7261,
60;1;8334;8338;0;10,24,55,61,68,95,144,145,188,206,208,251,255,268,273,274,359,390,412,415,439,474,490,491,516,528,547,578,655,736,794,796,875,965,1146,1283,1293,1423,1481,1549,1558,1575,1587,1604,1707,1799,1935,2018,2128,2198,2199,2221,2305,2309,2428,2645,2822,2847,2848,3070,3279,3280,3281,3282,3283,3345,3486,3487,3490,3500,3501,3832,3833,3834,3835,3978,3979,3993,5857,7261,
869;0;8338;8462;0;10,24,55,61,68,95,144,145,188,206,208,251,255,268,273,274,359,390,412,415,439,474,490,491,516,528,547,578,655,736,794,796,875,965,1146,1283,1293,1423,1481,1549,1558,1575,1587,1604,1707,1799,1935,2018,2128,2198,2199,2221,2305,2309,2428,2645,2822,2847,2848,3070,3279,3280,3281,3282,3283,3345,3486,3487,3490,3500,3501,3832,3833,3834,3835,3978,3979,3993,5857,7261,
121;0;8640;8644;0;10,15,16,19,22,24,25,34,39,44,55,61,68,95,144,145,188,206,208,251,255,268,273,274,359,390,412,415,421,439,474,490,491,516,528,547,578,655,736,794,796,875,965,1146,1179,1247,1261,1283,1293,1423,1481,1549,1558,1575,1587,1604,1606,1650,1707,1799,1935,2018,2128,2198,2199,2221,2305,2309,2428,2645,2822,2847,2848,3070,3279,3280,3281,3282,3283,3345,
121;1;8644;8762;0;5,9,15,19,24,25,34,44,55,61,93,95,137,144,145,148,149,206,208,268,273,274,288,382,383,390,393,394,396,404,421,528,736,838,854,875,890,949,1030,1050,1145,1146,1149,1171,1179,1231,1232,1261,1293,1361,1362,1481,1505,1506,1587,1604,1668,1669,1758,1761,1799,1811,1814,1935,2106,2359,2645,2717,2822,3263,3435,3523,4043,5223,5700,6198,6525,6526,6527,6528,
965;0;8762;8882;0;5,9,15,19,24,25,34,44,55,61,93,95,137,144,145,148,149,206,208,268,273,274,277,288,289,294,382,383,390,393,394,396,404,421,528,736,769,838,854,875,890,944,945,949,1030,1050,1145,1146,1149,1179,1261,1293,1361,1362,1481,1567,1587,1604,1668,1669,1814,1935,2359,2543,2645,2897,2898,2900,2901,2905,2907,2909,2910,2911,2913,3262,3263,3378,3435,3523,
248;0;8882;8932;0;5,9,15,19,24,25,34,44,55,61,93,95,137,139,144,145,148,149,206,208,225,268,273,274,277,288,289,294,382,383,390,393,394,395,396,404,421,528,640,647,736,769,838,854,875,890,944,945,949,1030,1050,1145,1146,1149,1179,1261,1293,1361,1362,1481,1567,1587,1604,1668,1669,1814,1920,1935,2359,2465,2543,2645,2913,3037,3263,3435,3523,7408,7751,8041,
248;1;8932;8998;0;5,9,15,19,24,25,34,44,55,61,93,95,137,139,144,145,148,149,206,208,225,268,273,274,277,288,289,292,294,382,383,390,393,394,395,396,400,404,421,438,528,591,640,647,736,769,838,854,875,890,944,945,949,1146,1163,1179,1261,1293,1361,1362,1481,1567,1587,1604,1668,1669,1680,1732,1814,1920,1935,2223,2359,2543,2645,2913,3263,3435,3523,7408,
771;0;8998;9112;0;5,15,19,24,25,34,44,55,61,90,95,137,139,144,145,148,149,206,208,225,268,273,274,277,288,289,292,382,390,393,395,400,404,421,438,528,591,640,647,736,769,772,773,838,843,854,875,890,949,1146,1179,1261,1293,1361,1362,1481,1567,1587,1604,1668,1669,1680,1814,1920,1922,1935,2359,2498,2543,2645,2913,3263,3435,3523,4427,4728,4747,5107,5108,5109,
704;0;9112;9223;0;15,19,24,25,34,44,55,61,95,137,139,144,145,148,149,206,208,225,268,273,274,277,286,288,289,291,292,303,312,382,390,393,395,400,404,421,438,528,591,640,647,736,769,773,838,843,854,875,890,905,949,1071,1146,1179,1261,1293,1361,1362,1481,1567,1587,1604,1668,1669,1680,1814,1920,1922,1935,2051,2052,2359,2498,2645,2913,3263,3435,3523,4747,5107,
684;0;9223;9332;0;19,24,25,34,55,61,95,137,139,144,145,148,149,206,208,225,268,273,274,277,286,288,289,291,292,312,382,390,393,395,400,404,438,528,591,640,647,736,765,769,838,854,875,949,1146,1201,1293,1361,1362,1481,1604,1668,1669,1680,1915,1920,1922,1935,2051,2091,2359,2600,2640,2645,2677,2679,2774,2775,2777,2778,2790,3263,3435,3447,3523,4773,5499,5500,5502,6629,
117;0;9332;9408;0;24,137,144,145,177,180,181,225,262,273,288,291,302,305,307,308,312,313,314,379,380,381,382,384,385,400,403,438,442,592,593,594,595,596,736,838,854,875,949,1430,1472,1474,1481,1676,1922,1932,1933,2051,2645,2774,2777,2778,3121,3130,3263,3435,3474,3523,3679,5953,5960,5962,5964,5987,5991,5992,6011,6552,6741,6886,6926,6932,6936,7075,7076,7077,7078,7079,7080,7081,
117;1;9408;9438;0;24,137,144,145,177,180,181,225,262,273,288,291,302,305,307,308,312,313,314,379,380,381,382,384,385,400,403,438,442,592,593,594,595,596,736,838,854,875,949,1430,1472,1474,1481,1676,1922,1932,1933,2051,2645,2774,2777,2778,3121,3130,3263,3435,3474,3523,3679,5953,5960,5962,5964,5987,5991,5992,6011,6552,6741,6886,6926,6932,6936,7075,7076,7077,7078,7079,7080,7081,
655;0;9438;9543;0;24,137,144,145,177,180,181,225,262,273,288,291,302,305,307,308,312,313,314,379,380,381,382,384,385,400,403,438,442,592,593,594,595,596,736,838,854,875,949,1430,1472,1474,1481,1676,1922,1932,1933,2051,2645,2774,2777,2778,3121,3130,3263,3435,3474,3523,3679,5953,5960,5962,5964,5987,5991,5992,6011,6552,6741,6886,6926,6932,6936,7075,7076,7077,7078,7079,7080,7081,
714;0;10080;10184;0;24,100,104,137,144,145,177,180,181,225,262,273,288,291,302,305,307,308,312,313,314,379,380,381,382,384,385,400,403,438,442,592,593,594,595,596,736,766,831,833,834,835,838,854,855,863,875,949,1430,1453,1472,1474,1481,1529,1676,1922,1933,2051,2626,2633,2645,2661,2711,2774,2777,2778,3263,3435,3459,3511,3512,3516,3517,3518,3519,3520,3521,3523,3524,3525,
888;0;10184;10285;0;24,100,104,137,144,145,177,180,181,189,225,262,273,288,291,302,305,307,308,312,313,314,379,380,381,382,384,385,400,403,438,442,555,592,593,594,595,596,736,766,831,833,834,835,838,854,855,875,949,1278,1279,1430,1472,1474,1481,1529,1676,1922,1933,1937,2051,2150,2645,2774,2777,2778,2836,3263,3395,3409,3435,3459,3546,3611,3722,4450,5111,7009,7884,7885,
231;0;10285;10291;0;24,100,104,137,144,145,177,180,181,189,225,262,273,288,290,291,302,305,307,308,312,313,314,379,380,381,382,384,385,400,403,429,438,442,736,766,824,831,838,854,855,875,949,1117,1279,1430,1472,1474,1481,1529,1676,1922,1933,2051,2253,2322,2645,2774,2777,2778,2789,2816,3099,3111,3263,3409,3435,3459,4397,4604,4606,4771,4855,7009,9121,9123,9124,9152,9153,9154,
231;1;10291;10385;0;24,100,137,144,145,177,180,181,225,231,262,273,288,290,291,302,305,308,312,313,314,329,377,379,382,397,400,429,736,766,838,839,855,875,901,949,1117,1118,1170,1279,1430,1472,1474,1481,1529,1676,1809,1884,1922,1933,2051,2504,2645,2774,2778,2816,3263,3435,4604,4605,4606,4612,4759,4800,4855,5043,5890,5891,5892,5894,5895,5898,5899,5901,6126,6127,6128,6129,6130,7009,
793;0;10385;10483;0;24,100,137,144,177,180,181,225,231,260,262,273,288,290,291,302,305,308,312,313,314,329,377,379,382,400,429,736,766,838,875,921,949,1117,1118,1177,1236,1279,1417,1430,1469,1472,1474,1481,1501,1529,1670,1675,1676,1749,1756,1922,1933,1973,2051,2222,2432,2645,2674,2695,2723,2774,2778,2816,3284,3435,3920,4323,4511,4604,4855,5206,5882,6347,6348,6349,6350,6351,6352,6353,
671;0;10483;10580;0;24,38,100,137,144,177,180,181,210,225,231,260,262,273,288,290,291,302,305,308,312,313,314,329,377,379,382,400,429,651,736,766,838,875,921,949,1117,1118,1177,1236,1279,1417,1430,1469,1472,1474,1481,1501,1529,1670,1675,1676,1723,1749,1756,1922,1933,1973,1996,2051,2222,2432,2645,2674,2695,2723,2774,2778,2816,3284,3435,3920,4323,4511,4604,4855,5206,5882,6347,6348,
106;0;10580;10610;0;24,38,95,100,137,139,144,177,181,225,231,245,262,273,288,289,290,291,297,302,305,308,312,313,314,321,329,377,379,395,398,429,647,766,769,875,891,949,1024,1052,1117,1118,1119,1121,1236,1279,1430,1472,1474,1481,1529,1669,1676,1680,1723,1756,1816,1920,1922,1933,1996,2371,2388,2432,2645,2774,2778,2816,3292,3435,4552,4563,4604,4855,5206,5351,6184,7215,7216,7217,
106;1;10610;10676;0;24,38,95,100,137,139,144,177,181,225,231,245,262,273,288,290,291,297,302,305,308,312,313,314,321,329,377,395,398,429,647,766,769,875,891,1024,1052,1117,1118,1165,1236,1279,1363,1430,1472,1474,1478,1481,1529,1676,1680,1723,1756,1816,1920,1922,1933,1944,1996,2386,2432,2645,2774,2778,3435,3634,4552,4604,4855,5206,5351,5725,6184,7215,7216,7470,7471,7472,7473,7474,
818;0;10676;10771;0;24,38,95,100,137,139,144,177,181,225,231,245,262,273,288,290,291,297,302,305,308,312,313,314,321,329,377,395,398,404,429,432,443,647,766,769,875,891,1024,1052,1093,1117,1118,1236,1279,1399,1430,1472,1474,1476,1478,1481,1529,1676,1680,1723,1756,1816,1920,1922,1933,1996,2359,2432,2645,2774,2778,3435,4552,4604,4855,4903,5206,5351,5725,6181,6184,6186,7215,7216,
770;0;10771;10863;0;26,61,74,79,139,144,204,225,276,277,290,295,302,312,398,404,502,506,528,647,715,787,790,948,960,1118,1133,1134,1162,1181,1236,1268,1270,1279,1293,1361,1398,1428,1474,1478,1481,1589,1916,1933,1996,2053,2070,2117,2338,3348,3590,3630,3810,3948,4114,4115,4116,4553,4754,4888,4926,4996,5011,5338,6225,6746,7213,7296,7301,7316,7868,8199,8364,8581,8798,9125,9126,9127,9128,9129,
281;0;10863;10946;0;26,61,74,79,139,144,204,225,276,277,290,295,302,312,398,404,502,506,528,647,715,787,790,948,960,1118,1133,1134,1162,1181,1236,1268,1270,1279,1293,1361,1398,1428,1474,1478,1481,1589,1916,1933,1996,2053,2070,2117,2338,3348,3590,3630,3810,3948,4114,4115,4116,4553,4754,4888,4926,4996,5011,5338,6225,6746,7213,7296,7301,7316,7868,8199,8364,8581,8798,9125,9126,9127,9128,9129,
281;1;10946;10952;0;26,61,74,79,139,144,204,225,276,277,290,295,302,312,398,404,502,506,528,647,715,787,790,948,960,1118,1133,1134,1162,1181,1236,1268,1270,1279,1293,1361,1398,1428,1474,1478,1481,1589,1916,1933,1996,2053,2070,2117,2338,3348,3590,3630,3810,3948,4114,4115,4116,4553,4754,4888,4926,4996,5011,5338,6225,6746,7213,7296,7301,7316,7868,8199,8364,8581,8798,9125,9126,9127,9128,9129,
636;0;10952;11038;0;26,61,74,79,139,144,204,225,276,277,290,295,302,312,398,404,502,506,528,647,715,787,790,948,960,1118,1133,1134,1162,1181,1236,1268,1270,1279,1293,1361,1398,1428,1474,1478,1481,1589,1916,1933,1996,2053,2070,2117,2338,3348,3590,3630,3810,3948,4114,4115,4116,4553,4754,4888,4926,4996,5011,5338,6225,6746,7213,7296,7301,7316,7868,8199,8364,8581,8798,9125,9126,9127,9128,9129,
991;0;11038;11121;0;26,61,74,79,139,144,204,225,276,277,290,295,302,312,398,404,502,506,528,647,715,787,790,948,960,1118,1133,1134,1162,1181,1236,1268,1270,1279,1293,1361,1398,1428,1474,1478,1481,1589,1916,1933,1996,2053,2070,2117,2338,3348,3590,3630,3810,3948,4114,4115,4116,4553,4754,4888,4926,4996,5011,5338,6225,6746,7213,7296,7301,7316,7868,8199,8364,8581,8798,9125,9126,9127,9128,9129,
309;0;11121;11125;0;26,61,74,79,139,144,204,225,276,277,290,295,302,312,398,404,502,506,528,647,715,787,790,948,960,1118,1133,1134,1162,1181,1236,1268,1270,1279,1293,1361,1398,1428,1474,1478,1481,1589,1916,1933,1996,2053,2070,2117,2338,3348,3590,3630,3810,3948,4114,4115,4116,4553,4754,4888,4926,4996,5011,5338,6225,6746,7213,7296,7301,7316,7868,8199,8364,8581,8798,9125,9126,9127,9128,9129,
309;1;11520;11597;0;8,26,61,74,79,137,139,144,204,225,276,277,290,295,302,312,390,391,398,404,502,506,528,640,645,647,648,715,787,790,948,960,1118,1133,1134,1146,1162,1181,1236,1268,1270,1279,1293,1361,1398,1428,1468,1473,1474,1478,1481,1589,1916,1933,1996,2053,2070,2102,2108,2117,2338,2458,3348,3590,3630,3810,3948,4114,4115,4116,4553,4754,4888,4926,4996,5011,6225,7296,7301,7316,
235;0;11597;11627;0;8,26,61,74,79,137,139,144,204,225,276,277,290,295,302,312,390,391,398,404,502,506,528,640,645,647,648,715,787,790,948,960,1118,1133,1134,1146,1162,1181,1236,1268,1270,1279,1293,1361,1398,1428,1468,1473,1474,1478,1481,1589,1916,1933,1996,2053,2070,2102,2108,2117,2338,2458,2802,2803,2804,2805,2806,2807,2808,2809,2810,2811,2812,2813,3590,4553,6225,7296,7301,7316,
235;1;11627;11675;0;8,26,61,74,79,137,139,144,204,225,229,231,234,240,243,245,266,267,268,272,273,276,277,286,288,290,295,302,312,351,390,391,398,404,429,502,506,528,640,645,647,648,715,787,790,948,960,1118,1133,1134,1146,1162,1172,1210,1214,1236,1268,1270,1293,1398,1474,1478,1481,1668,1756,1916,2053,2338,2432,3286,3590,4553,4859,5371,5372,5373,6225,7296,7301,7316,
773;0;11675;11752;0;8,26,61,74,79,137,139,144,204,225,229,231,234,240,243,245,266,267,268,272,273,276,277,286,288,290,295,302,312,351,390,391,398,404,429,502,506,528,640,645,647,648,715,787,790,948,960,1118,1133,1134,1146,1162,1172,1210,1214,1236,1268,1270,1293,1398,1474,1478,1481,1668,1756,1916,2053,2338,2432,3286,3590,4553,4859,6225,6756,6757,6758,7296,7301,7316,
946;0;11752;11827;0;8,18,19,21,25,26,34,54,61,62,74,79,137,139,144,198,204,225,229,231,234,240,243,245,266,267,268,272,273,276,277,286,288,290,295,302,312,351,390,391,398,404,429,502,506,528,640,645,647,648,715,787,948,1118,1134,1146,1172,1214,1236,1268,1270,1293,1398,1474,1478,1481,1668,1756,1916,2053,2338,3590,3778,4553,4859,5315,6225,7296,7301,7316,
63;0;11827;11859;0;8,26,54,79,144,225,231,234,245,267,268,272,273,286,288,290,302,351,390,647,715,1146,1172,1236,1293,1481,1668,3177,3178,3179,3180,3181,3182,3183,3184,3185,3186,3187,3188,3189,3190,3191,3192,3193,3194,3195,3196,3197,3198,3199,3200,3201,3202,3203,3204,3205,3206,3207,3208,3209,3210,3211,3212,3213,3214,3215,3216,3217,3218,3219,3220,3221,3222,3223,3224,3225,4859,6225,7296,7301,
63;1;11859;11901;0;8,26,54,79,95,144,177,181,225,231,234,245,262,267,268,272,273,286,288,290,302,305,306,308,310,313,314,351,390,647,715,1131,1146,1172,1236,1293,1430,1481,1668,1676,3177,3178,3179,3180,3181,3182,3183,3184,3185,3186,3187,3188,3189,3190,3191,3192,3193,3194,3195,3196,3197,3198,3199,3200,3201,3202,3203,3204,3205,3206,3207,3208,3209,3210,3211,3212,4859,6225,7296,7301,
802;0;11901;11974;0;8,24,26,38,46,52,54,79,95,144,177,181,225,231,234,245,262,267,268,272,273,286,288,290,302,305,306,308,310,313,314,351,390,408,647,715,1131,1146,1172,1236,1293,1430,1481,1668,1676,1719,1720,1721,1722,1723,1724,3177,3178,3179,3180,3181,3182,3183,3184,3185,3186,3187,3188,3189,3190,3191,3192,3193,3194,3195,3196,3197,3198,3199,3209,3210,4859,6225,7296,7301,
985;0;11974;12041;0;8,24,26,38,46,52,54,79,87,95,144,177,181,225,231,234,245,262,267,268,272,273,286,288,290,302,305,306,308,310,313,314,351,390,408,647,691,715,765,767,849,898,1131,1136,1146,1172,1236,1293,1430,1481,1668,1676,1680,1719,1720,1721,1722,1723,1724,2627,2986,3177,3178,3179,3180,3181,3182,3183,3184,3185,3209,3210,3291,3618,4744,4791,4859,6225,7296,7301,
672;0;12041;12106;0;8,24,26,38,46,52,54,79,87,95,144,177,181,225,231,234,245,262,267,268,272,273,286,288,290,302,305,306,308,310,313,314,351,390,408,591,647,677,691,715,765,767,849,898,1131,1136,1146,1172,1236,1293,1481,1668,2627,2645,2678,2679,2774,2775,2778,2986,3209,3210,3447,3618,4332,4600,4604,4627,4852,4853,4854,4855,4856,4857,4858,4859,4860,6225,7296,7301,
837;0;12106;12169;0;8,24,26,38,46,52,54,55,60,79,87,95,144,177,181,206,208,209,225,231,234,245,262,267,268,272,273,286,288,290,302,305,306,308,310,313,314,351,390,591,647,691,715,765,849,1062,1146,1172,1195,1236,1293,1481,1657,1668,1930,1935,1999,2306,2627,2645,2679,2774,2775,2778,2918,2986,3209,3210,3241,3545,3618,4212,4213,4214,4600,4604,4859,6225,7296,7301,
263;0;12169;12219;0;8,24,26,38,46,52,54,55,60,79,87,95,144,177,181,206,208,209,225,231,234,245,262,267,268,272,273,274,286,288,290,302,305,306,308,310,313,314,343,351,390,591,647,691,715,765,849,1062,1146,1172,1236,1293,1481,1668,1999,2306,2627,2645,2679,2774,2775,2778,2986,3209,3210,3618,3744,4600,4604,4639,4641,4739,4740,4741,4742,4743,4859,6225,7296,7301,
263;1;12219;12223;0;8,24,26,38,46,52,54,55,60,79,87,95,144,177,181,206,208,209,225,231,234,245,262,267,268,272,273,274,286,288,290,302,305,306,308,310,313,314,343,351,390,591,647,691,715,765,849,1062,1146,1172,1236,1293,1481,1668,1999,2306,2627,2645,2679,2774,2775,2778,2986,3209,3210,3618,3744,4600,4604,4639,4641,4739,4740,4741,4742,4859,5595,6225,7296,7301,
651;0;12223;12273;0;4,7,8,87,95,101,103,148,149,225,235,267,268,274,305,308,313,348,377,390,393,436,440,609,691,715,765,769,1051,1052,1070,1362,1372,1481,1521,1604,1772,1773,1774,1801,1806,1814,2461,2498,2643,2690,3435,3745,3915,4937,5296,5392,5525,5538,5637,5726,6026,6225,6334,7294,7295,7296,7297,7298,7299,7300,7301,7302,7303,7304,7305,7306,7307,7308,7309,7310,7311,7312,7313,7314,
854;0;12273;12322;0;4,7,8,87,95,101,103,148,149,225,235,267,268,274,305,308,313,348,377,390,393,436,440,609,691,715,765,769,1051,1052,1070,1362,1372,1481,1521,1604,1772,1773,1774,1801,1806,1814,2461,2498,2643,2690,3435,3745,3915,4937,5296,5392,5525,5538,5637,5726,6026,6225,6334,7294,7295,7296,7297,7298,7299,7300,7301,7302,7303,7304,7305,7306,7307,7308,7309,7310,7311,7312,7313,7314,
747;0;12322;12369;0;4,7,8,87,95,101,103,148,149,225,235,267,268,274,305,308,313,348,377,390,393,436,440,609,691,715,765,769,1051,1052,1070,1362,1372,1481,1521,1604,1772,1773,1774,1801,1806,1814,2461,2498,2643,2690,3435,3745,3915,4937,5296,5392,5525,5538,5637,5726,6026,6225,6334,7294,7295,7296,7297,7298,7299,7300,7301,7302,7303,7304,7305,7306,7307,7308,7309,7310,7311,7312,7313,7314,
Machine: 5
936;0;0;6;1;2,24,53,60,136,139,144,145,225,226,234,262,288,321,329,332,397,399,404,429,581,627,948,952,1093,1116,1207,1267,1279,1398,1424,1472,1473,1476,1478,1666,1668,1752,1809,1920,2053,2117,2224,2259,2359,2904,3347,3630,3631,3632,3633,3634,3635,3636,3637,3638,3767,3768,3769,3770,3771,4585,4979,4980,4981,6411,6412,6645,8557,8559,9031,9032,9112,9115,9132,9137,9148,9149,9150,9151,
696;0;6;27;1;2,24,53,60,136,139,144,145,225,226,234,262,288,321,329,332,397,399,404,429,581,627,948,952,1093,1116,1207,1267,1279,1398,1424,1472,1473,1476,1478,1666,1668,1752,1809,1920,2053,2117,2224,2259,2359,2904,3347,3630,3631,3632,3633,3634,3635,3636,3637,3638,3767,3768,3769,3770,3771,4585,4979,4980,4981,6411,6412,6645,8557,8559,9031,9032,9112,9115,9132,9137,9148,9149,9150,9151,
749;0;27;63;1;2,24,53,60,136,139,144,145,225,226,234,262,288,321,329,332,397,399,404,429,581,627,948,952,1093,1116,1207,1267,1279,1398,1424,1472,1473,1476,1478,1666,1668,1752,1809,1920,2053,2117,2224,2259,2359,2904,3347,3630,3631,3632,3633,3634,3635,3636,3637,3638,3767,3768,3769,3770,3771,4585,4979,4980,4981,6411,6412,6645,8557,8559,9031,9032,9112,9115,9132,9137,9148,9149,9150,9151,
796;0;63;107;1;2,24,53,60,136,139,144,145,225,226,234,262,288,321,329,332,397,399,404,429,581,627,948,952,1093,1116,1207,1267,1279,1398,1424,1472,1473,1476,1478,1666,1668,1752,1809,1920,2053,2117,2224,2259,2359,2904,3347,3630,3631,3632,3633,3634,3635,3636,3637,3638,3767,3768,3769,3770,3771,4585,4979,4980,4981,6411,6412,6645,8557,8559,9031,9032,9112,9115,9132,9137,9148,9149,9150,9151,
962;0;107;175;1;2,24,53,60,136,139,144,145,225,226,234,262,288,321,329,332,397,399,404,429,581,627,948,952,1093,1116,1207,1267,1279,1398,1424,1472,1473,1476,1478,1666,1668,1752,1809,1920,2053,2117,2224,2259,2359,2904,3347,3630,3631,3632,3633,3634,3635,3636,3637,3638,3767,3768,3769,3770,3771,4585,4979,4980,4981,6411,6412,6645,8557,8559,9031,9032,9112,9115,9132,9137,9148,9149,9150,9151,
116;0;175;221;1;2,24,53,60,136,139,144,145,225,226,234,262,288,321,329,332,397,399,404,429,581,627,948,952,1093,1116,1207,1267,1279,1398,1424,1472,1473,1476,1478,1666,1668,1752,1809,1920,2053,2117,2224,2259,2359,2904,3347,3630,3631,3632,3633,3634,3635,3636,3637,3638,3767,3768,3769,3770,3771,4585,4979,4980,4981,6411,6412,6645,8557,8559,9031,9032,9112,9115,9132,9137,9148,9149,9150,9151,
116;1;221;255;1;2,24,53,60,136,139,144,145,149,225,226,234,241,262,269,277,288,321,329,332,397,399,404,429,581,627,948,952,1093,1116,1207,1267,1279,1398,1424,1472,1473,1476,1478,1666,1668,1752,1809,1920,1922,2053,2117,2224,2259,2321,2359,2904,3278,3347,3630,3631,3632,3633,3634,3635,3636,3637,3638,3767,3768,3769,3770,3771,4553,4585,4979,4980,4981,6411,6412,6645,6971,8557,8559,9031,
893;0;255;353;1;2,24,53,60,97,136,139,144,145,149,225,226,234,241,262,269,277,288,302,321,329,332,382,397,399,404,429,581,627,681,904,948,952,1093,1116,1207,1267,1279,1398,1424,1430,1472,1473,1474,1476,1478,1666,1668,1674,1752,1800,1809,1920,1922,2053,2109,2117,2141,2643,2818,2821,2904,3278,3630,3633,3767,4538,4553,4675,4889,4892,4895,4896,4898,4899,5214,5215,5216,8557,8559,
663;0;353;462;1;2,15,16,17,18,19,21,24,25,35,37,39,53,54,60,97,136,139,144,145,149,225,226,234,241,262,269,277,288,302,321,329,332,364,382,397,399,404,429,476,581,627,632,681,904,948,952,1093,1116,1207,1267,1279,1398,1424,1430,1472,1473,1474,1476,1478,1666,1668,1674,1809,1920,2053,2109,2821,2904,3074,3278,3630,3633,3767,4553,4675,4892,5214,8557,8559,
981;0;462;573;1;2,15,16,17,18,19,21,24,25,35,37,39,53,54,60,97,136,139,144,145,149,225,226,234,241,262,269,277,288,302,321,329,332,364,382,397,399,404,429,476,581,627,632,681,904,948,952,1093,1116,1207,1267,1279,1398,1424,1430,1472,1473,1474,1476,1478,1666,1668,1674,1809,1920,2053,2109,2821,2904,2960,3278,3630,3633,3767,4553,4675,4892,5214,8557,8559,
269;0;573;727;0;1,15,24,25,30,37,54,60,79,97,100,119,136,137,139,144,145,149,150,225,251,262,277,321,379,397,404,429,507,815,871,1093,1258,1361,1390,1397,1474,1478,1481,1587,1807,1809,2053,2062,2063,2109,3278,3345,3346,3599,3600,3601,4313,4314,4315,4316,4317,4318,4677,6360,6399,6403,6519,6520,6521,6522,6523,6524,6926,7284,7644,7648,8216,8219,8221,8225,8227,8228,8557,8559,
269;1;727;899;0;1,15,24,25,30,37,54,60,79,97,100,119,136,137,139,144,145,149,150,225,251,262,277,321,379,397,404,429,507,815,871,1093,1258,1361,1390,1397,1474,1478,1481,1587,1807,1809,2053,2062,2063,2109,3278,3345,3346,3599,3600,3601,4313,4314,4315,4316,4317,4318,4677,6360,6399,6403,6519,6520,6521,6522,6523,6524,6926,7284,7644,7648,8216,8219,8221,8225,8227,8228,8557,8559,
184;0;899;1043;0;1,15,24,25,30,37,54,60,79,97,100,119,136,137,139,144,145,149,150,225,251,262,277,321,379,397,404,429,507,815,871,1093,1258,1361,1390,1397,1474,1478,1481,1587,1807,1809,2053,2062,2063,2109,3278,3345,3346,3599,3600,3601,4313,4314,4315,4316,4317,4318,4677,6360,6399,6403,6519,6520,6521,6522,6523,6524,6926,7284,7644,7648,8216,8219,8221,8225,8227,8228,8557,8559,
184;1;1043;1216;0;1,15,24,25,30,37,54,60,79,97,100,119,136,137,139,144,145,149,150,225,251,262,277,321,379,397,404,429,507,815,871,1093,1258,1361,1390,1397,1474,1478,1481,1587,1807,1809,2053,2062,2063,2109,3278,3345,3346,3599,3600,3601,4313,4314,4315,4316,4317,4318,4677,6360,6399,6403,6519,6520,6521,6522,6523,6524,6926,7284,7644,7648,8216,8219,8221,8225,8227,8228,8557,8559,
35;0;1440;1578;0;1,15,24,25,30,37,54,60,79,97,100,119,136,137,139,144,145,149,150,225,251,262,277,321,379,397,404,429,507,677,715,765,815,871,1093,1258,1361,1390,1397,1474,1478,1481,1587,1807,1809,2053,2062,2063,2109,2475,2628,2661,3278,3345,3346,3599,3600,3601,4313,4314,4315,4316,4317,4318,4802,5525,5722,5869,6352,6360,6399,7254,7255,7256,7257,7258,7259,7260,8557,8559,
35;1;1578;1742;0;1,15,24,25,30,34,36,37,44,52,54,60,79,97,100,119,136,137,139,144,145,149,150,225,251,262,277,321,379,397,404,422,429,507,677,715,765,815,871,1093,1258,1361,1390,1397,1474,1478,1481,1587,1807,1809,2053,2062,2063,2109,2475,2628,2661,3278,3345,3346,3553,3599,3600,3601,4313,4314,4315,4316,4317,4318,4619,4802,5525,5722,5869,6352,6360,6399,8557,8559,
111;0;1742;1873;0;1,15,24,25,30,34,36,37,44,52,54,60,79,97,100,119,136,137,139,144,145,149,150,225,231,251,262,277,321,377,379,397,404,422,429,507,677,715,765,815,871,1093,1258,1361,1390,1397,1474,1478,1480,1481,1521,1587,1807,1809,1978,2053,2062,2063,2109,2475,2628,2661,3278,3345,3346,4313,4314,4315,4316,4317,4318,5525,5722,5869,6161,6162,6360,6399,8557,8559,
111;1;1873;2030;0;1,15,24,25,30,34,36,37,44,52,54,60,79,97,100,119,136,137,139,144,145,149,150,225,231,251,262,277,321,377,379,397,404,422,429,430,507,591,644,677,715,765,815,871,1093,1361,1390,1397,1474,1478,1480,1481,1587,1809,2062,2063,2109,2405,2475,2628,2661,2674,2676,3069,3278,3345,3346,4313,4314,4315,4316,4317,4318,5525,5722,5869,6360,6399,8557,8559,
86;0;2030;2139;0;1,15,24,25,30,34,36,37,44,52,54,60,79,97,100,119,136,137,139,144,145,149,150,225,231,251,262,277,321,377,379,397,404,422,429,430,532,591,644,677,715,765,815,871,1361,1390,1397,1474,1478,1480,1481,1587,1809,2062,2063,2109,2405,2475,2628,2661,2674,2676,2868,3278,3345,3346,3691,4313,4314,4315,4316,4317,4318,5525,5722,5869,6360,6399,8557,8559,
86;1;2139;2309;0;24,30,34,37,46,54,55,60,95,97,100,144,145,146,225,262,298,377,390,395,397,401,404,580,637,655,677,715,727,778,815,875,1050,1052,1054,1114,1117,1140,1293,1297,1304,1311,1336,1359,1478,1479,1481,1540,1669,1675,1695,1718,1809,2075,2134,2171,2263,2273,2350,2351,2352,2355,2426,2661,3380,4059,4060,4061,4122,5050,5525,5722,5825,6244,6784,8557,8559,8957,8958,8959,
28;0;2309;2461;0;24,30,34,37,46,54,55,60,95,97,100,144,145,146,225,262,298,377,390,395,397,401,404,580,637,655,677,715,727,778,815,875,1050,1052,1054,1114,1117,1140,1293,1297,1304,1311,1336,1359,1478,1479,1481,1540,1669,1675,1695,1718,1809,2075,2134,2171,2263,2273,2350,2351,2352,2355,2426,2661,3380,4059,4060,4061,4122,5050,5525,5722,5825,6244,6784,8557,8559,8957,8958,8959,
28;1;2461;2581;0;24,30,34,37,46,54,55,60,95,97,100,144,145,146,225,262,298,377,390,395,397,401,404,580,637,655,677,715,727,778,815,875,1050,1052,1054,1114,1117,1140,1293,1297,1304,1311,1336,1359,1478,1479,1481,1540,1669,1675,1695,1718,1809,2075,2134,2171,2263,2273,2350,2351,2352,2355,2426,2661,3380,4059,4060,4061,4122,5050,5525,5722,5825,6244,6784,8557,8559,8957,8958,8959,
289;0;2581;2755;0;24,30,34,37,46,54,55,60,95,97,100,144,145,146,225,262,298,377,390,395,397,401,404,580,637,655,677,715,727,778,815,875,1050,1052,1054,1114,1117,1140,1293,1297,1304,1311,1336,1359,1478,1479,1481,1540,1669,1675,1695,1718,1809,2075,2134,2171,2263,2273,2350,2351,2352,2355,2426,2661,3380,4059,4060,4061,4122,5050,5525,5722,5825,6244,6784,8557,8559,8957,8958,8959,
289;1;2755;2851;0;24,30,34,37,46,54,55,60,95,97,100,144,145,146,225,262,298,377,390,395,397,401,404,580,637,655,677,715,727,778,815,875,1050,1052,1054,1114,1117,1140,1293,1297,1304,1311,1336,1359,1478,1479,1481,1540,1669,1675,1695,1718,1809,2075,2134,2171,2263,2273,2350,2351,2352,2355,2426,2661,3380,4059,4060,4061,4122,5050,5525,5722,5825,6244,6784,8557,8559,8957,8958,8959,
93;0;2880;2968;0;24,30,34,37,46,54,55,60,95,97,100,144,145,146,225,262,298,377,390,395,397,401,404,580,637,655,666,677,715,727,778,814,815,875,1050,1052,1054,1114,1117,1140,1293,1297,1304,1311,1336,1359,1478,1479,1481,1529,1540,1669,1675,1695,1718,1809,2134,2352,2355,2635,2661,2678,2802,3379,3527,4060,4949,5050,5432,5525,5722,5825,6023,6024,6496,6497,6498,6499,8557,8559,
93;1;2968;3132;0;3,24,30,34,37,46,54,55,60,95,97,100,144,145,146,225,262,298,377,390,395,397,401,404,580,607,637,655,666,677,715,720,727,778,814,815,875,1050,1052,1054,1114,1117,1140,1293,1297,1304,1311,1336,1470,1478,1479,1481,1529,1540,1669,1675,1679,1718,1809,1944,2134,2352,2355,2434,2635,2661,2678,2721,2802,3527,4060,4949,5050,5525,5722,5825,6024,6565,8557,8559,
238;0;3132;3279;0;3,24,30,34,37,46,54,55,60,95,97,100,144,145,146,225,262,298,377,390,395,397,401,404,580,607,637,655,666,677,715,720,778,815,875,1050,1052,1054,1117,1293,1311,1478,1479,1481,1529,1540,1669,1675,1718,1809,2134,2352,2355,2635,2661,2678,2802,3527,4060,4949,5050,5525,5722,5825,6024,6133,6136,6138,8230,8276,8278,8280,8284,8285,8317,8318,8319,8358,8557,8559,
238;1;3279;3377;0;3,24,30,34,37,46,54,55,60,95,97,100,144,145,146,185,202,205,206,225,262,298,377,390,395,397,401,404,580,607,637,655,660,666,677,715,720,778,791,815,868,875,964,1011,1050,1052,1054,1117,1293,1311,1463,1478,1479,1481,1529,1540,1669,1675,1718,1809,2134,2352,2355,2635,2661,2678,2802,2966,3264,3527,4060,4949,5050,5525,5722,5825,6024,6133,8557,8559,
180;0;3377;3436;0;3,24,30,34,37,46,54,55,60,95,97,100,144,145,146,185,202,205,206,225,262,291,298,377,390,395,397,401,404,434,607,666,677,715,778,815,875,1011,1050,1052,1054,1117,1293,1311,1463,1478,1479,1481,1529,1540,1669,1675,1718,1809,2134,2352,2355,2635,2661,2678,2774,2775,2776,2802,3527,4060,4567,4604,4639,4765,4949,5043,5050,5525,5722,5825,6024,8557,8559,9204,
180;1;3436;3610;0;95,100,144,241,262,290,291,390,400,402,644,647,1481,1529,2103,3177,3178,3179,3180,3181,3185,3186,3187,3188,3189,3191,3196,3197,3198,3199,3200,3201,3203,3204,3205,3206,3207,3208,3209,3211,3212,3213,3214,3216,3218,3219,3220,3221,3224,3226,3227,3228,3229,3230,3231,3232,3233,3234,3235,3236,3237,3238,3239,3240,4949,5594,7953,7954,8275,8551,8555,8557,8558,8559,8560,8561,8562,8563,8564,8565,
77;0;3610;3690;0;95,100,144,241,262,290,291,390,400,402,644,647,1481,1529,2103,3177,3178,3179,3180,3181,3185,3186,3187,3188,3189,3191,3196,3197,3198,3199,3200,3201,3203,3204,3205,3206,3207,3208,3209,3211,3212,3213,3214,3216,3218,3219,3220,3221,3224,3226,3227,3228,3229,3230,3231,3232,3233,3234,3235,3236,3237,3238,3239,3240,4949,5594,7953,7954,8275,8551,8555,8557,8558,8559,8560,8561,8562,8563,8564,8565,
77;1;3690;3839;0;95,100,144,241,262,290,291,390,400,402,644,647,1481,1529,2103,3177,3178,3179,3180,3181,3185,3186,3187,3188,3189,3191,3196,3197,3198,3199,3200,3201,3203,3204,3205,3206,3207,3208,3209,3211,3212,3213,3214,3216,3218,3219,3220,3221,3224,3226,3227,3228,3229,3230,3231,3232,3233,3234,3235,3236,3237,3238,3239,3240,4949,5594,7953,7954,8275,8551,8555,8557,8558,8559,8560,8561,8562,8563,8564,8565,
33;0;3839;3999;0;95,100,144,241,262,290,291,390,400,402,644,647,1481,1529,2103,3177,3178,3179,3180,3181,3185,3186,3187,3188,3189,3191,3196,3197,3198,3199,3200,3201,3203,3204,3205,3206,3207,3208,3209,3211,3212,3213,3214,3216,3218,3219,3220,3221,3224,3226,3227,3228,3229,3230,3231,3232,3233,3234,3235,3236,3237,3238,3239,3240,4949,5594,7953,7954,8275,8551,8555,8557,8558,8559,8560,8561,8562,8563,8564,8565,
33;1;4320;4386;0;95,96,100,101,144,241,262,290,291,335,338,343,351,390,400,402,644,647,698,823,1096,1097,1178,1395,1481,1529,1972,2103,2225,2627,2628,2660,2679,2690,2951,3177,3178,3179,3180,3181,3185,3186,3187,3188,3189,3191,3196,3197,3198,3199,3200,3201,3203,3204,3205,3206,3207,3208,3209,3211,3212,3213,3214,3216,3218,3219,3220,3221,3224,4949,4989,5542,5633,5634,5635,5636,5637,5638,5639,5640,
186;0;4386;4475;0;95,96,100,101,144,146,147,149,241,262,290,291,335,338,343,351,390,398,400,402,436,644,647,698,823,1068,1096,1097,1117,1118,1146,1149,1178,1390,1395,1473,1479,1481,1529,1814,1920,1972,2103,2225,2627,2628,2660,2679,2690,2951,3177,3178,3179,3180,3181,3185,3186,3187,3188,3212,4405,4473,4934,4949,4964,4965,4966,4967,4968,4969,4970,4971,4972,4973,4974,4975,4976,4977,4978,5637,
186;1;4475;4606;0;95,96,100,101,144,146,147,149,241,262,290,291,335,338,343,351,390,398,400,402,436,581,644,647,698,742,823,1068,1096,1097,1117,1118,1146,1149,1178,1262,1390,1395,1473,1479,1481,1529,1563,1814,1920,1972,2103,2216,2225,2627,2628,2660,2679,2690,2876,2951,3177,3178,3179,3180,3181,3185,3212,3807,3808,3809,3810,4405,4473,4949,4964,4965,4966,4967,4968,4971,4972,4973,4974,5637,
210;0;4606;4765;0;10,95,100,117,144,146,149,241,262,290,291,351,398,436,644,719,949,1068,1117,1118,1146,1149,1172,1346,1358,1390,1395,1473,1479,1481,1814,1875,1920,1947,2091,2216,2225,2338,2627,2628,2679,2711,2723,2774,2778,2951,3212,4405,4473,4581,4604,4627,4628,4629,4630,4631,4632,4633,4634,4635,4636,4637,4638,4639,4640,4641,4642,4643,4644,4645,4646,4949,4964,4965,4966,4967,4971,4972,4973,4974,
210;1;4765;4825;0;95,100,117,138,144,145,148,225,226,229,230,234,241,244,267,268,272,273,275,285,286,287,288,290,291,292,351,379,382,404,429,430,609,644,815,827,1075,1118,1146,1236,1309,1395,1447,1481,1502,1671,1718,1732,1914,1973,2091,2216,2225,2246,2337,2378,2391,2436,2674,2951,3016,3099,3100,3101,3102,3103,3104,3105,3106,3107,3108,3109,3110,3111,3112,3113,3114,3115,3116,3117,
73;0;4825;4995;0;95,100,117,138,144,145,148,225,226,229,230,234,241,244,267,268,272,273,275,285,286,287,288,290,291,292,297,351,379,382,393,404,429,430,609,644,815,827,899,1050,1051,1075,1118,1146,1236,1309,1378,1395,1447,1481,1502,1668,1671,1718,1725,1726,1727,1728,1729,1730,1731,1732,1733,1914,1973,2091,2216,2225,2246,2337,2378,2391,2436,2674,2951,3016,3099,3100,3101,3102,
73;1;4995;5032;0;95,100,117,138,144,145,148,225,226,229,230,234,241,244,267,268,272,273,275,285,286,287,288,290,291,292,297,351,379,382,393,404,429,430,609,644,815,827,899,1050,1051,1075,1118,1146,1236,1309,1378,1395,1447,1481,1502,1668,1671,1718,1725,1726,1727,1728,1729,1730,1731,1732,1733,1914,1973,2091,2157,2178,2216,2225,2232,2337,2391,2436,2847,2951,3099,5944,5945,5946,
278;0;5032;5183;0;26,61,87,88,89,90,95,100,144,145,165,225,234,247,251,255,268,272,273,275,286,287,288,291,351,395,429,528,533,583,734,763,764,765,766,767,768,773,831,833,836,844,862,863,944,945,1146,1214,1236,1268,1269,1273,1278,1286,1287,1291,1293,1481,1513,1514,1916,1973,2216,2221,2225,2419,2823,2951,3619,4308,4309,5316,7035,7459,7460,7461,7462,7463,7464,7465,
278;1;5183;5235;0;26,61,87,88,89,90,95,100,144,145,165,225,234,247,251,255,268,272,273,275,286,287,288,291,351,395,429,528,533,583,734,763,764,765,766,767,768,773,831,833,836,844,862,863,944,945,1146,1214,1236,1268,1269,1273,1278,1286,1287,1291,1293,1481,1513,1514,1916,1973,2216,2221,2225,2419,2823,2951,3619,4308,4309,5316,7035,7459,7460,7461,7462,7463,7464,7465,
228;0;5235;5308;0;26,61,87,88,89,90,95,100,144,145,165,225,234,247,251,255,268,272,273,275,286,287,288,291,351,395,429,528,533,583,734,763,764,765,766,767,768,773,831,833,836,844,862,863,944,945,1146,1214,1236,1268,1269,1273,1278,1286,1287,1291,1293,1481,1513,1514,1916,1973,2216,2221,2225,2419,2823,2951,3619,4308,4309,5316,7035,7459,7460,7461,7462,7463,7464,7465,
228;1;5308;5434;0;26,61,87,88,89,90,95,100,144,145,165,225,234,247,251,255,268,272,273,275,286,287,288,291,351,395,429,528,533,583,734,763,764,765,766,767,768,773,831,833,836,844,862,863,944,945,1146,1214,1236,1268,1269,1273,1278,1286,1287,1291,1293,1481,1513,1514,1916,1973,2216,2221,2225,2419,2823,2951,3619,4308,4309,5316,7035,7459,7460,7461,7462,7463,7464,7465,
208;0;5434;5468;0;26,61,87,88,89,90,95,100,144,145,165,225,234,247,251,255,268,272,273,275,286,287,288,291,351,395,429,528,533,583,734,763,764,765,766,767,768,773,831,833,836,844,862,863,944,945,1146,1214,1236,1268,1269,1273,1278,1286,1287,1291,1293,1481,1513,1514,1916,1973,2216,2221,2225,2419,2823,2951,3619,4308,4309,5316,7035,7459,7460,7461,7462,7463,7464,7465,
208;1;5760;5922;0;26,61,87,88,89,90,95,97,100,144,145,165,225,234,247,251,255,268,272,273,275,286,287,288,291,302,310,351,395,429,528,533,583,640,734,763,764,765,766,767,768,773,831,833,836,844,862,863,944,945,1146,1214,1236,1268,1269,1273,1278,1286,1287,1291,1293,1481,1513,1514,1624,1740,1916,1973,2216,2221,2225,2419,2695,2823,2951,3619,3698,3793,7033,7034,
37;0;5922;6084;0;26,61,87,88,89,90,95,97,100,144,145,165,189,225,234,247,251,255,268,272,273,275,286,287,288,291,302,310,351,395,429,528,533,583,640,729,734,763,764,765,766,767,768,773,831,833,836,844,862,863,944,945,1146,1214,1236,1268,1269,1273,1278,1286,1287,1291,1293,1295,1481,1513,1514,1916,1973,2216,2217,2218,2219,2220,2221,2419,2695,2951,3619,3698,
37;1;6084;6116;0;26,61,87,88,89,90,95,97,100,126,144,145,165,189,198,225,234,247,251,255,268,272,273,275,286,287,288,291,302,310,351,395,429,472,528,533,583,640,729,734,763,764,765,766,767,768,773,831,833,836,844,862,863,944,945,1146,1214,1236,1268,1269,1273,1278,1286,1287,1291,1293,1295,1481,1513,1514,1916,1973,2146,2147,2216,2419,2695,2951,3619,3698,
61;0;6116;6290;0;26,61,87,88,89,90,95,97,100,126,144,145,165,189,198,225,234,247,251,255,268,272,273,275,286,287,288,291,302,310,351,395,429,472,528,533,583,640,729,734,763,764,765,766,767,768,773,831,833,836,844,862,944,945,1146,1236,1268,1269,1273,1278,1287,1291,1293,1295,1481,1513,1916,1973,2147,2419,2695,2951,3619,3698,8504,8505,8506,8507,8508,8509,
61;1;6290;6306;0;26,61,87,88,89,90,95,97,100,126,144,145,165,189,198,225,231,234,247,251,255,268,272,273,275,286,287,288,291,302,310,329,351,395,429,472,528,533,583,640,729,734,763,764,765,766,767,768,773,831,833,836,862,944,945,1146,1236,1268,1269,1273,1278,1287,1291,1293,1295,1401,1476,1481,1513,1818,1916,1973,2147,2419,2695,2951,3619,3698,4597,6407,
199;0;6306;6450;0;26,61,87,88,89,90,95,97,100,126,144,145,165,189,198,225,231,234,247,251,255,268,272,273,275,286,287,288,291,302,310,329,351,395,429,472,528,533,583,640,729,734,763,764,765,766,767,831,833,862,944,945,1146,1236,1268,1269,1273,1278,1287,1291,1293,1295,1401,1476,1481,1513,1916,1973,2147,2419,2695,2951,3619,3686,3698,4597,5077,5963,6013,6085,
199;1;6450;6491;0;15,24,26,34,36,54,55,60,95,139,144,145,146,149,189,190,202,225,251,262,275,304,377,379,391,397,429,506,528,530,644,736,765,775,831,948,979,989,1057,1117,1146,1236,1268,1272,1283,1293,1295,1425,1481,1558,1580,1812,1920,1973,1984,1994,2152,2157,2513,2536,2695,2951,3022,3243,3270,3284,3293,3343,3345,3718,4094,5099,5155,5263,5375,5376,5457,5739,5963,6457,
109;0;6491;6551;0;15,24,26,34,36,54,55,60,95,139,144,145,146,149,189,190,202,225,251,262,275,304,377,379,391,397,429,506,528,530,644,736,765,775,831,948,979,989,1057,1117,1146,1236,1268,1272,1283,1293,1295,1425,1481,1558,1580,1812,1920,1973,1984,1994,2152,2157,2513,2536,2695,2951,3022,3243,3270,3284,3293,3343,3345,3718,4094,5099,5155,5263,5375,5376,5457,5739,5963,6457,
109;1;6551;6671;0;15,24,26,34,36,54,55,60,95,139,144,145,146,149,189,190,202,225,251,262,275,304,377,379,391,397,429,506,528,530,644,736,765,775,831,948,979,989,1057,1117,1146,1236,1268,1272,1283,1293,1295,1425,1481,1558,1580,1812,1920,1973,1984,1994,2152,2157,2513,2536,2695,2951,3022,3243,3270,3284,3293,3343,3345,3718,4094,5099,5155,5263,5375,5376,5457,5739,5963,6457,
948;0;6671;6848;0;15,24,26,34,36,54,55,60,95,139,144,145,146,149,189,190,202,225,251,262,275,304,377,379,391,397,429,506,528,530,644,736,765,775,831,948,979,989,1057,1117,1146,1236,1268,1272,1283,1293,1295,1425,1481,1558,1580,1812,1920,1973,1984,1994,2152,2157,2513,2536,2695,2951,3022,3243,3270,3284,3293,3343,3345,3718,4094,5099,5155,5263,5375,5376,5457,5739,5963,6457,
744;0;6848;7022;0;15,24,26,34,36,54,55,60,95,139,144,145,146,149,189,190,202,225,251,262,275,304,377,379,391,397,429,506,528,530,644,736,765,775,831,948,979,989,1057,1117,1146,1236,1268,1272,1283,1293,1295,1425,1481,1558,1580,1812,1920,1973,1984,1994,2152,2157,2513,2536,2695,2951,3022,3243,3270,3284,3293,3343,3345,3718,4094,5099,5155,5263,5375,5376,5457,5739,5963,6457,
190;0;7022;7057;0;15,24,26,34,36,54,55,60,95,139,144,145,146,149,189,190,202,225,251,262,275,304,377,379,391,397,429,506,528,530,644,736,765,775,831,948,979,989,1057,1117,1146,1236,1268,1272,1283,1293,1295,1425,1481,1558,1580,1812,1920,1973,1984,1994,2152,2157,2513,2536,2695,2951,3022,3243,3270,3284,3293,3343,3345,3718,4094,5099,5155,5263,5375,5376,5457,5739,5963,6457,
190;1;7057;7194;0;15,24,26,34,36,54,55,60,95,139,144,145,146,149,189,190,202,225,251,262,275,304,377,379,391,397,429,506,528,530,644,736,765,775,831,948,979,989,1057,1117,1146,1236,1268,1272,1283,1293,1295,1425,1481,1558,1580,1812,1920,1973,1984,1994,2152,2157,2513,2536,2695,2951,3022,3243,3270,3284,3293,3343,3345,3718,4094,5099,5155,5263,5375,5376,5457,5739,5963,6457,
970;0;7200;7370;0;15,24,26,27,34,36,54,55,60,95,139,144,145,146,149,150,169,189,190,202,208,225,251,262,275,304,377,379,391,397,429,497,506,528,530,632,644,736,765,775,831,948,979,989,1057,1091,1117,1146,1196,1236,1268,1272,1283,1293,1295,1425,1434,1481,1558,1887,1920,1973,1984,2036,2157,2198,2305,2306,2412,2564,2695,2895,3070,3284,3345,4094,4247,4327,5632,5963,
984;0;7370;7539;0;15,24,26,27,34,54,55,60,95,139,144,145,146,149,150,169,189,202,225,251,262,275,304,377,379,391,397,429,497,506,528,644,677,765,831,948,979,989,1091,1117,1146,1196,1201,1268,1272,1283,1293,1295,1481,1887,1920,1973,1984,2036,2091,2106,2157,2405,2412,2546,2564,2627,2645,2695,2774,2775,2777,2778,2895,3070,3263,3284,3345,4094,4247,4327,4567,5537,5963,6486,
189;0;7539;7667;0;15,24,26,27,34,38,54,55,60,70,95,139,144,145,146,149,150,169,189,202,225,251,262,275,377,379,391,397,429,497,506,528,644,677,765,831,871,873,874,875,876,877,880,948,979,1117,1146,1268,1272,1283,1293,1295,1481,1887,1920,1973,1984,2036,2091,2157,2213,2412,2546,2564,2645,2774,2775,2777,2778,2895,3070,3263,3284,3345,3448,4094,4247,4327,4567,5963,
189;1;7667;7706;0;15,24,26,27,34,38,54,55,60,95,139,144,145,146,149,150,189,202,225,251,262,275,377,379,391,397,429,497,506,528,644,677,765,831,858,871,873,874,948,979,1117,1146,1268,1272,1283,1293,1295,1481,1887,1920,1973,1984,2036,2091,2157,2412,2546,2564,2645,2774,2775,2777,2778,2895,3070,3263,3284,3345,3511,3527,3532,4094,4247,4327,4567,4633,4949,5116,5343,5963,
146;0;7706;7856;0;24,26,27,34,38,54,55,60,95,139,144,145,146,149,150,189,202,225,251,262,275,377,379,391,397,429,497,506,528,644,765,831,871,948,979,1117,1146,1268,1272,1283,1293,1295,1445,1481,1887,1920,1973,1984,2036,2091,2157,2412,2546,2564,2645,2774,2775,2777,2778,2895,3070,3263,3284,3345,3527,3532,4094,4247,4327,4567,4745,4746,5378,5381,5382,5383,5963,6216,6219,6220,
146;1;7856;7870;0;24,26,27,34,38,54,55,60,95,139,144,145,146,149,150,189,202,205,225,251,262,275,377,379,391,397,429,497,506,528,644,659,765,831,871,948,979,1117,1146,1268,1272,1282,1283,1293,1295,1445,1481,1605,1887,1920,1973,1984,1999,2036,2091,2157,2412,2546,2564,2645,2774,2775,2777,2778,2895,3070,3263,3284,3345,3349,3527,3532,3855,4094,4247,4327,4567,4745,4746,5963,
732;0;7870;8033;0;26,144,145,262,379,528,644,694,715,765,831,948,1268,1277,1279,1288,1293,1294,1295,1322,1445,1481,2080,2315,2625,2635,2653,2774,2796,3212,3609,4376,5088,5525,5722,5951,5952,5963,5964,5984,6025,6114,6225,6354,6355,6356,6357,6358,6359,6360,6449,6512,6513,6586,6882,6957,7029,7045,7071,7072,7073,7138,7286,7484,7492,7496,7503,7507,7521,7522,7523,7524,7525,7527,7529,7530,7531,7532,7533,7534,
134;0;8033;8077;0;26,144,145,262,379,528,644,694,715,765,831,948,1268,1277,1279,1288,1293,1294,1295,1322,1445,1481,2080,2315,2625,2635,2653,2774,2796,3212,3609,4376,5088,5525,5722,5951,5952,5963,5964,5984,6025,6114,6225,6354,6355,6356,6357,6358,6359,6360,6449,6512,6513,6586,6882,6957,7029,7045,7071,7072,7073,7138,7286,7484,7492,7496,7503,7507,7521,7522,7523,7524,7525,7527,7529,7530,7531,7532,7533,7534,
134;1;8077;8196;0;26,144,145,262,379,528,644,694,715,765,831,948,1268,1277,1279,1288,1293,1294,1295,1322,1445,1481,2080,2315,2625,2635,2653,2774,2796,3212,3609,4376,5088,5525,5722,5951,5952,5963,5964,5984,6025,6114,6225,6354,6355,6356,6357,6358,6359,6360,6449,6512,6513,6586,6882,6957,7029,7045,7071,7072,7073,7138,7286,7484,7492,7496,7503,7507,7521,7522,7523,7524,7525,7527,7529,7530,7531,7532,7533,7534,
966;0;8196;8357;0;26,144,145,262,379,528,644,694,715,765,831,948,1268,1277,1279,1288,1293,1294,1295,1322,1445,1481,2080,2315,2625,2635,2653,2774,2796,3212,3609,4376,5088,5525,5722,5951,5952,5963,5964,5984,6025,6114,6225,6354,6355,6356,6357,6358,6359,6360,6449,6512,6513,6586,6882,6957,7029,7045,7071,7072,7073,7138,7286,7484,7492,7496,7503,7507,7521,7522,7523,7524,7525,7527,7529,7530,7531,7532,7533,7534,
156;0;8640;8762;0;26,144,145,262,274,379,396,528,644,694,715,765,831,855,898,946,948,1268,1277,1279,1288,1293,1294,1295,1322,1445,1481,1569,1764,2080,2315,2468,2625,2635,2653,2774,2796,3212,3291,3609,4376,5088,5331,5525,5722,5951,5952,5963,5964,5984,6025,6114,6225,6354,6355,6356,6357,6358,6359,6360,6449,6512,6513,6586,6882,6957,7029,7045,7071,7072,7073,7138,7286,7484,7492,7496,7503,7507,7521,7522,
156;1;8762;8801;0;26,117,137,144,145,225,231,262,288,329,377,379,396,397,429,528,644,694,715,765,839,855,898,901,948,1118,1268,1277,1279,1288,1293,1294,1308,1322,1445,1481,1809,1915,2080,2091,2315,2468,2504,2573,2645,2653,2774,2775,2777,2778,3263,3291,3435,3609,4605,4606,4612,4759,4761,4822,5191,5299,5492,5525,5665,5722,5890,5891,5892,5899,5901,6126,6225,6362,6363,6364,6366,6367,6449,7029,
688;0;8801;8958;0;26,117,137,144,145,225,231,262,288,291,329,351,377,379,396,397,429,528,644,694,715,765,839,855,898,901,948,1118,1268,1277,1279,1288,1293,1294,1308,1322,1445,1481,1809,1915,2080,2091,2315,2468,2504,2546,2573,2628,2645,2653,2678,2679,2774,2775,2777,2778,3263,3291,3435,3609,3698,4605,4606,4612,4759,4761,4803,4822,5191,5209,5299,5492,5525,5722,6225,6449,7029,7838,8171,8174,
638;0;8958;9111;0;26,117,137,139,144,145,225,231,262,276,288,291,292,329,351,377,379,395,396,429,528,694,715,855,898,901,912,948,1118,1147,1167,1268,1288,1293,1294,1478,1481,1493,1513,1670,1809,1915,2091,2315,2371,2468,2531,2573,2645,2653,2774,2775,2777,2778,3001,3250,3257,3263,3284,3291,3609,3711,3712,4019,4085,4086,4087,4088,4089,4090,4091,4092,4093,4094,4095,4606,5191,5525,5722,7029,
658;0;9111;9263;0;26,117,137,139,144,145,225,231,262,288,291,292,351,379,395,396,429,528,694,704,715,855,862,898,901,912,948,1118,1147,1167,1268,1288,1293,1294,1307,1478,1481,1809,1915,2091,2315,2468,2573,2645,2653,2676,2774,2775,2777,2778,3250,3263,3291,3532,3609,3712,4088,4604,4606,4639,4641,4994,4995,4996,4997,4998,4999,5000,5002,5003,5004,5005,5006,5007,5008,5009,5191,5525,5722,7029,
142;0;9263;9366;0;26,66,137,139,144,146,170,246,251,262,288,291,364,395,398,429,436,454,486,497,506,528,540,715,762,855,898,901,912,948,1117,1118,1149,1268,1288,1293,1294,1463,1473,1479,1481,1701,1707,1716,1809,1859,1915,1920,1999,2036,2091,2315,2412,2564,2895,3274,3609,3993,4000,4001,4002,4003,4004,4005,4006,4007,4008,4247,4327,4405,4473,4675,4964,4965,4966,4967,4971,4972,4973,4974,
142;1;9366;9413;0;26,66,137,139,144,146,170,246,251,262,288,291,364,395,398,429,436,454,486,497,506,528,540,715,762,855,898,901,912,948,1117,1118,1149,1268,1288,1293,1294,1463,1473,1479,1481,1701,1707,1716,1809,1859,1915,1920,1999,2036,2091,2315,2412,2564,2895,3274,3609,3993,4000,4001,4002,4003,4004,4005,4006,4007,4008,4247,4327,4405,4473,4675,4964,4965,4966,4967,4971,4972,4973,4974,
804;0;9413;9563;0;26,66,137,139,144,146,170,246,251,262,288,291,364,395,398,429,436,454,486,497,506,528,540,715,762,855,898,901,912,948,1117,1118,1149,1268,1288,1293,1294,1463,1473,1479,1481,1701,1707,1716,1809,1859,1915,1920,1999,2036,2091,2315,2412,2564,2895,3274,3609,3993,4000,4001,4002,4003,4004,4005,4006,4007,4008,4247,4327,4405,4473,4675,4964,4965,4966,4967,4971,4972,4973,4974,
716;0;9563;9709;0;26,66,137,139,144,146,170,246,251,262,288,291,364,395,398,429,436,454,486,497,506,528,540,715,762,855,898,901,912,948,1117,1118,1149,1268,1288,1293,1294,1463,1473,1479,1481,1701,1707,1716,1809,1859,1915,1920,1999,2036,2091,2315,2412,2564,2895,3274,3609,3993,4000,4001,4002,4003,4004,4005,4006,4007,4008,4247,4327,4405,4473,4675,4964,4965,4966,4967,4971,4972,4973,4974,
812;0;10080;10224;0;3,26,137,144,177,251,262,267,297,305,306,318,395,434,528,854,855,890,892,894,895,896,897,898,899,900,901,907,908,911,912,913,915,916,918,919,920,921,923,924,925,926,927,928,929,930,931,932,934,938,939,942,943,948,1171,1268,1288,1293,1294,1361,1378,1668,1671,1809,2036,2315,2370,3618,3619,3620,4469,4553,4658,6101,6107,6108,6109,6110,6111,6112,
251;0;10224;10325;0;3,26,137,144,177,251,262,267,297,305,306,318,395,434,528,854,855,890,892,894,895,896,897,898,899,900,901,907,908,911,912,913,915,916,918,919,920,921,923,924,925,926,927,928,929,930,931,932,934,938,939,942,943,948,1171,1268,1288,1293,1294,1361,1378,1668,1671,1781,1809,2036,2315,2370,3618,3721,3797,3859,4217,4330,4353,4553,5416,6101,6107,6109,
251;1;10325;10366;0;3,26,27,137,144,150,155,177,248,251,262,267,297,305,306,318,395,434,457,528,731,732,854,855,890,892,894,895,896,897,898,899,900,901,907,908,911,912,913,915,916,918,921,948,1268,1280,1288,1293,1294,1326,1361,1548,1671,1809,1849,1853,2036,2315,2370,2408,2873,2982,3004,3070,3598,3613,3618,3797,3814,3830,3842,4124,4462,4553,5487,6101,6107,6109,6656,9194,
823;0;10366;10504;0;3,26,27,137,144,150,155,177,248,251,262,267,297,305,306,318,395,434,457,528,731,732,854,855,890,892,894,895,896,897,898,899,900,901,907,908,911,912,913,915,921,948,1242,1268,1270,1271,1272,1275,1276,1278,1280,1283,1288,1290,1291,1293,1294,1361,1419,1671,1702,1777,1783,1809,1849,2036,2315,2370,2873,3070,3598,3618,3797,3842,4282,4462,4553,6101,6107,6109,
261;0;10504;10560;0;3,26,27,40,137,144,150,155,177,185,186,189,248,251,262,267,297,305,306,318,359,395,419,434,457,528,731,732,759,854,855,872,890,892,894,895,898,911,912,921,948,979,1242,1268,1270,1272,1275,1278,1280,1288,1291,1293,1294,1361,1636,1671,1809,1849,1887,1898,1934,1984,2036,2315,2370,2873,3070,3252,3598,3618,3797,3842,4462,4553,6101,6107,6109,6787,6788,6789,
261;1;10560;10637;0;3,24,26,27,34,38,40,54,60,137,144,150,155,177,185,186,189,248,251,262,267,297,305,306,318,359,395,419,434,457,528,731,732,759,854,855,872,890,892,894,895,898,911,912,921,948,979,1242,1268,1270,1272,1275,1278,1280,1288,1291,1293,1294,1361,1636,1671,1723,1809,1849,2315,2370,2512,2873,3070,3598,3618,3797,3842,4462,4553,6101,6107,6109,6686,6687,
786;0;10637;10768;0;3,24,26,27,34,38,40,54,60,137,144,150,155,177,185,186,189,202,248,251,262,267,297,305,306,318,359,395,419,434,457,528,854,855,864,872,890,895,898,911,912,921,948,979,1242,1268,1270,1272,1275,1278,1280,1288,1291,1293,1294,1361,1509,1671,1809,1849,1895,2315,2370,2413,2512,2518,2873,2941,3070,3598,3618,3797,3842,3891,4462,4514,4553,6101,6107,6109,
163;0;10768;10842;0;24,55,58,138,139,144,247,277,288,289,291,292,351,382,395,400,429,607,645,715,898,912,921,1055,1118,1146,1167,1170,1200,1278,1390,1474,1481,1671,1675,1756,1814,1834,1835,1836,1840,1843,1915,1916,1920,2091,2247,2317,2337,2339,2370,2418,2420,2537,2836,3037,3070,3249,3527,3609,3691,3706,3842,3852,4161,4500,4575,4753,5742,5792,5834,5835,5998,5999,6014,6386,6399,7683,7743,7744,
163;1;10842;10895;0;24,55,58,138,139,144,247,277,288,289,291,292,351,382,395,400,429,607,645,715,898,912,921,1055,1118,1146,1167,1170,1200,1278,1390,1474,1481,1671,1675,1756,1814,1834,1835,1836,1840,1843,1915,1916,1920,2091,2247,2317,2337,2339,2370,2418,2420,2537,2836,3037,3070,3249,3527,3609,3691,3706,3842,3852,4161,4500,4575,4753,5742,5792,5834,5835,5998,5999,6014,6386,6399,7683,7743,7744,
955;0;10895;11020;0;24,55,58,138,139,144,247,277,288,289,291,292,351,382,395,400,429,607,645,715,898,912,921,1055,1118,1146,1167,1170,1200,1278,1390,1474,1481,1671,1675,1756,1814,1834,1835,1836,1840,1843,1915,1916,1920,2091,2247,2317,2337,2339,2370,2418,2420,2537,2836,3037,3070,3249,3527,3609,3691,3706,3842,3852,4161,4500,4575,4753,5742,5792,5834,5835,5998,5999,6014,6386,6399,7683,7743,7744,
155;0;11520;11600;0;24,55,58,138,139,144,247,249,277,288,289,291,292,351,382,395,400,429,512,607,645,715,898,912,921,1055,1085,1118,1146,1167,1170,1200,1278,1390,1474,1481,1671,1675,1756,1814,1834,1835,1836,1840,1843,1915,1916,1920,2091,2247,2317,2337,2339,2370,2418,2420,2537,2836,2968,3037,3070,3249,3369,3527,3609,3691,3706,3842,3852,4161,4492,4500,4575,4624,4710,4753,4864,5308,7125,8510,
155;1;11600;11642;0;24,55,58,138,139,144,225,245,247,249,277,288,289,291,292,321,351,379,382,395,400,429,512,607,645,715,898,912,921,922,1052,1055,1058,1085,1118,1146,1167,1170,1200,1278,1362,1390,1474,1481,1669,1671,1675,1756,1814,1834,1835,1836,1840,1843,1915,1916,1918,1920,2091,2247,2317,2337,2339,2370,2418,2420,2537,2723,2836,2968,3037,3070,3249,3250,3369,3527,3609,4088,4864,6263,
945;0;11642;11763;0;24,55,58,138,139,144,225,245,247,249,277,288,289,291,292,321,351,379,382,395,400,429,512,607,645,715,898,912,921,922,1052,1055,1058,1085,1118,1146,1167,1170,1200,1278,1362,1390,1474,1481,1669,1671,1675,1756,1814,1834,1835,1836,1840,1843,1915,1916,1918,1920,2091,2247,2317,2337,2339,2370,2418,2420,2537,2723,2836,2968,3037,3070,3249,3250,3369,3527,4864,8511,8512,8513,
977;0;11763;11883;0;1,3,24,55,58,138,139,144,149,225,231,245,247,249,262,277,288,289,291,292,321,351,379,382,391,395,396,400,429,512,607,640,645,715,898,912,921,922,1052,1055,1058,1085,1118,1146,1167,1170,1200,1390,1397,1398,1401,1474,1476,1477,1481,1502,1675,1681,1682,1814,1915,1916,1918,1920,2091,2109,2134,2337,2821,2968,3278,4832,4857,4864,4927,5246,5249,5275,5276,5277,
881;0;11883;11998;0;1,3,24,55,58,138,139,144,149,225,231,245,247,249,262,277,288,289,291,292,321,351,379,382,391,395,396,400,429,512,607,640,645,715,898,912,921,922,1052,1055,1058,1085,1118,1146,1167,1170,1200,1390,1397,1398,1401,1474,1476,1477,1481,1502,1675,1681,1682,1814,1915,1916,1918,1920,2091,2109,2134,2337,2821,2968,3278,4832,4857,4864,4927,5246,5249,5275,8136,8292,
221;0;11998;12087;0;3,24,55,139,144,145,149,225,226,233,234,241,262,267,268,273,275,277,284,285,286,287,288,289,290,291,292,301,351,391,396,429,430,609,612,640,715,827,898,1099,1146,1172,1358,1390,1398,1481,1519,1525,1734,1735,1814,1915,1916,1918,2052,2091,2133,2337,2338,2573,3763,4426,4533,5185,5186,5187,5188,5189,5190,5191,5192,5193,5194,5195,5196,5197,5198,5199,5200,5201,
221;1;12087;12110;0;3,24,55,139,144,145,149,225,226,233,234,241,262,267,268,273,275,277,284,285,286,287,288,289,290,291,292,301,351,391,396,429,430,434,609,612,640,715,827,898,1099,1134,1146,1172,1358,1390,1398,1481,1519,1525,1734,1735,1814,1915,1916,1918,1971,2052,2091,2133,2337,2338,2573,2658,2729,2774,2778,3763,4392,4567,4627,4650,4651,5411,5605,5695,5841,5853,5854,5855,
236;0;12110;12196;0;3,24,55,139,144,145,149,225,226,233,234,241,262,267,268,273,275,277,284,285,286,287,288,289,290,291,292,301,351,391,396,429,430,434,609,612,640,715,827,898,1099,1134,1146,1172,1358,1390,1398,1405,1481,1519,1525,1734,1735,1814,1915,1916,1918,1971,2052,2091,2133,2337,2338,2573,2658,2729,2774,2778,3712,3763,4392,4567,4627,4650,4651,5411,5605,5695,5841,5853,
236;1;12196;12218;0;3,24,26,55,139,144,145,149,225,226,233,234,241,262,267,268,273,275,277,284,285,286,287,288,289,290,291,292,301,351,391,396,429,430,434,609,612,640,715,827,898,1099,1134,1146,1172,1358,1390,1398,1405,1481,1519,1525,1734,1735,1814,1915,1916,1918,1971,2052,2091,2133,2337,2338,2573,2774,2778,3712,3774,4567,4627,4650,5695,7029,7879,8074,8075,8077,8115,8116,
625;0;12218;12323;0;3,24,38,95,96,137,139,143,144,145,149,189,225,262,351,390,391,404,429,640,691,871,872,873,874,911,948,1050,1142,1146,1361,1398,1424,1456,1460,1461,1468,1472,1478,1481,1814,1916,1973,2425,2613,2774,2775,2777,2778,3447,3484,3485,3486,3489,3490,3491,3492,3493,3494,3496,3498,3499,3500,3501,3502,3503,3504,3505,3659,3660,4391,4604,4606,5214,6684,7408,9261,9262,9263,9264,
876;0;12323;12428;0;3,24,38,95,96,137,139,143,144,145,149,189,225,262,351,390,391,404,429,640,691,871,872,873,874,911,948,1050,1142,1146,1361,1398,1424,1456,1460,1461,1468,1472,1478,1481,1814,1916,1973,2425,2613,2774,2775,2777,2778,3447,3484,3485,3486,3489,3490,3491,3492,3493,3494,3496,3498,3499,3500,3501,3502,3503,3504,3505,3659,3660,4391,4604,4606,5214,6684,7408,9261,9262,9263,9264,
797;0;12428;12529;0;3,24,38,95,96,137,139,143,144,145,149,189,225,262,351,390,391,404,429,640,691,871,872,873,874,911,948,1050,1142,1146,1361,1398,1424,1456,1460,1461,1468,1472,1478,1481,1814,1916,1973,2425,2613,2774,2775,2777,2778,3447,3484,3485,3486,3489,3490,3491,3492,3493,3494,3496,3498,3499,3500,3501,3502,3503,3504,3505,3659,3660,4391,4604,4606,5214,6684,7408,9261,9262,9263,9264,
114;0;12529;12615;0;3,24,38,95,96,137,139,143,144,145,149,189,225,262,351,390,391,404,429,640,691,871,872,873,874,911,948,1050,1142,1146,1361,1398,1424,1456,1460,1461,1468,1472,1478,1481,1814,1916,1973,2425,2613,2774,2775,2777,2778,3447,3484,3485,3486,3489,3490,3491,3492,3493,3494,3496,3498,3499,3500,3501,3502,3503,3504,3505,3659,3660,4391,4604,4606,5214,6684,7408,9261,9262,9263,9264,
114;1;12615;12740;0;3,24,38,95,96,137,139,143,144,145,149,189,225,262,351,390,391,404,429,640,691,871,872,873,874,911,948,1050,1142,1146,1361,1398,1424,1456,1460,1461,1468,1472,1478,1481,1814,1916,1973,2425,2613,2774,2775,2777,2778,3447,3484,3485,3486,3489,3490,3491,3492,3493,3494,3496,3498,3499,3500,3501,3502,3503,3504,3505,3659,3660,4391,4604,4606,5214,6684,7408,9261,9262,9263,9264,
722;0;12740;12840;0;3,24,38,95,96,137,139,143,144,145,149,189,225,262,351,390,391,404,429,640,691,871,872,873,874,911,948,1050,1142,1146,1361,1398,1424,1456,1460,1461,1468,1472,1478,1481,1814,1916,1973,2425,2613,2774,2775,2777,2778,3447,3484,3485,3486,3489,3490,3491,3492,3493,3494,3496,3498,3499,3500,3501,3502,3503,3504,3505,3659,3660,4391,4604,4606,5214,6684,7408,9261,9262,9263,9264,
END
fineshedJobsCount: 613
switchs: 7939
switchsInstances: 385
unfineshedPriorityCount: 197
finalSolution: 691
totalUnfineshed: 387
Time: 141
