input/MyInstancesDiferentToolSets/n=1236,p=0.75,r=0.6,t=1265,v0.csv;./input/Processed/ToolSetInt.csv
11;720;1440;15840
Machine: 0
1015;0;0;7;1;15,24,54,60,100,139,182,245,289,301,321,390,394,396,429,644,765,769,871,991,1050,1051,1057,1118,1134,1145,1146,1163,1214,1473,1484,1497,1551,1552,1553,1555,1556,1557,1674,1808,1809,2062,2063,2105,2128,2223,2225,2371,2588,2626,2627,2628,2635,2637,2647,2653,2654,2660,2661,2675,2705,3129,3345,3346,3482,4313,4314,4315,4316,4317,4318,4981,5082,5611,5613,5626,5803,5984,6340,6727,
1186;0;7;22;1;15,24,54,60,100,139,182,245,289,301,321,390,394,396,429,644,765,769,871,991,1050,1051,1057,1118,1134,1145,1146,1163,1214,1473,1484,1497,1551,1552,1553,1555,1556,1557,1674,1808,1809,2062,2063,2105,2128,2223,2225,2371,2588,2626,2627,2628,2635,2637,2647,2653,2654,2660,2661,2675,2705,3129,3345,3346,3482,4313,4314,4315,4316,4317,4318,4981,5082,5611,5613,5626,5803,5984,6340,6727,
794;0;22;39;1;15,24,54,60,100,139,182,245,289,301,321,390,394,396,429,644,765,769,871,991,1050,1051,1057,1118,1134,1145,1146,1163,1214,1473,1484,1497,1551,1552,1553,1555,1556,1557,1674,1808,1809,2062,2063,2105,2128,2223,2225,2371,2588,2626,2627,2628,2635,2637,2647,2653,2654,2660,2661,2675,2705,3129,3345,3346,3482,4313,4314,4315,4316,4317,4318,4981,5082,5611,5613,5626,5803,5984,6340,6727,
1027;0;39;60;1;15,24,54,60,100,139,182,245,289,301,321,390,394,396,429,644,765,769,871,991,1050,1051,1057,1118,1134,1145,1146,1163,1214,1473,1484,1497,1551,1552,1553,1555,1556,1557,1674,1808,1809,2062,2063,2105,2128,2223,2225,2371,2588,2626,2627,2628,2635,2637,2647,2653,2654,2660,2661,2675,2705,3129,3345,3346,3482,4313,4314,4315,4316,4317,4318,4981,5082,5611,5613,5626,5803,5984,6340,6727,
1157;0;60;84;1;15,24,54,60,100,139,182,245,289,301,321,390,394,396,429,644,765,769,871,991,1050,1051,1057,1118,1134,1145,1146,1163,1214,1473,1484,1497,1551,1552,1553,1555,1556,1557,1674,1808,1809,2062,2063,2105,2128,2223,2225,2371,2588,2626,2627,2628,2635,2637,2647,2653,2654,2660,2661,2675,2705,3129,3345,3346,3482,4313,4314,4315,4316,4317,4318,4981,5082,5611,5613,5626,5803,5984,6340,6727,
1044;0;84;109;1;15,24,54,60,100,139,182,245,289,301,321,390,394,396,429,644,765,769,871,991,1050,1051,1057,1118,1134,1145,1146,1163,1214,1473,1484,1497,1551,1552,1553,1555,1556,1557,1674,1808,1809,2062,2063,2105,2128,2223,2225,2371,2588,2626,2627,2628,2635,2637,2647,2653,2654,2660,2661,2675,2705,3129,3345,3346,3482,4313,4314,4315,4316,4317,4318,4981,5082,5611,5613,5626,5803,5984,6340,6727,
100;0;109;273;0;15,24,54,60,100,139,182,245,289,301,321,390,394,396,429,644,765,769,854,855,871,991,1050,1051,1057,1118,1134,1145,1146,1163,1214,1473,1484,1497,1551,1552,1553,1555,1556,1557,1674,1808,1809,2062,2063,2105,2128,2223,2225,2371,2588,2626,2627,2628,2635,2637,2647,2653,2654,2660,2661,2675,2705,3129,3345,3346,3482,4313,4314,4315,4316,4317,4318,4503,4981,5082,5611,5613,5984,6727,
100;1;273;417;0;3,15,24,54,60,100,139,144,182,225,245,289,301,321,390,394,396,404,429,607,644,720,765,769,854,855,871,991,1050,1051,1057,1118,1134,1145,1146,1163,1214,1470,1473,1478,1484,1497,1551,1552,1553,1555,1674,1679,1808,1809,1944,2062,2063,2105,2223,2225,2371,2434,2626,2627,2628,2635,2637,2653,2654,2660,2661,2705,2721,3345,3346,4313,4314,4315,4316,4317,4318,5984,6565,6727,
255;0;417;570;0;3,15,24,54,60,100,139,144,182,225,245,289,301,321,390,394,396,404,429,607,644,720,765,769,854,855,871,1050,1051,1057,1118,1134,1145,1146,1163,1214,1277,1293,1470,1473,1478,1484,1674,1679,1809,1944,2062,2105,2194,2223,2225,2371,2434,2626,2627,2628,2635,2637,2653,2654,2660,2661,2705,2721,3346,3597,3703,4119,4313,4314,4315,4316,4317,4318,4450,4620,5476,5984,6565,6727,
255;1;570;675;0;3,15,24,54,60,100,139,144,182,225,245,289,301,321,390,394,396,404,429,607,632,644,720,765,769,854,855,871,1050,1051,1057,1118,1134,1145,1146,1163,1214,1277,1293,1470,1473,1478,1484,1549,1674,1679,1809,1936,1944,2018,2062,2105,2198,2199,2223,2225,2371,2434,2626,2627,2628,2635,2637,2653,2654,2660,2661,2705,2721,2847,2848,3346,3703,3978,3980,4313,4314,5984,6565,6727,
277;0;675;823;0;24,61,96,100,101,138,144,202,225,291,294,335,338,343,351,390,394,398,404,429,591,645,698,823,989,995,1052,1096,1097,1145,1178,1275,1293,1395,1398,1474,1478,1481,1484,1529,1565,1587,1972,2053,2064,2103,2225,2538,2627,2628,2635,2653,2660,2679,2690,2951,3121,3247,3527,4949,4989,5542,5633,5634,5635,5636,5637,5638,5639,5640,5706,5791,6424,6675,6791,7029,8400,8511,8512,8513,
277;1;823;919;0;24,61,96,100,101,138,144,202,225,291,294,335,338,343,351,390,394,398,404,429,591,645,698,823,989,995,1052,1096,1097,1145,1178,1275,1293,1395,1398,1474,1478,1481,1484,1529,1565,1587,1972,2053,2064,2103,2225,2538,2627,2628,2635,2653,2660,2679,2690,2951,3121,3247,3527,4949,4989,5542,5633,5634,5635,5636,5637,5638,5639,5640,5706,5791,6424,6675,6791,7029,8400,8511,8512,8513,
246;0;919;1084;0;24,61,96,100,101,138,144,202,225,291,294,335,338,343,351,390,394,398,404,429,591,645,698,823,989,995,1052,1096,1097,1145,1178,1275,1293,1395,1398,1474,1478,1481,1484,1529,1565,1587,1972,2053,2064,2103,2225,2538,2627,2628,2635,2653,2660,2679,2690,2951,3121,3247,3527,4949,4989,5542,5633,5634,5635,5636,5637,5638,5639,5640,5706,5791,6424,6675,6791,7029,8400,8511,8512,8513,
246;1;1084;1150;0;24,61,96,100,101,138,144,202,225,291,294,335,338,343,351,390,394,398,404,429,591,645,698,823,989,995,1052,1096,1097,1145,1178,1275,1293,1395,1398,1474,1478,1481,1484,1529,1565,1587,1972,2053,2064,2103,2225,2538,2627,2628,2635,2653,2660,2679,2690,2951,3121,3247,3527,4949,4989,5542,5633,5634,5635,5636,5637,5638,5639,5640,5706,5791,6424,6675,6791,7029,8400,8511,8512,8513,
225;0;1150;1230;0;24,61,96,100,101,138,144,202,225,291,294,335,338,343,351,390,394,398,404,429,591,645,698,823,989,995,1052,1096,1097,1145,1178,1275,1293,1395,1398,1474,1478,1481,1484,1529,1565,1587,1972,2053,2064,2103,2225,2538,2627,2628,2635,2653,2660,2679,2690,2951,3121,3247,3527,4949,4989,5542,5633,5634,5635,5636,5637,5638,5639,5640,5706,5791,6424,6675,6791,7029,8400,8511,8512,8513,
225;1;1230;1377;0;24,61,96,100,101,138,144,202,225,291,294,335,338,343,351,390,394,398,404,429,591,645,698,823,989,995,1052,1096,1097,1145,1178,1275,1293,1395,1398,1474,1478,1481,1484,1529,1565,1587,1972,2053,2064,2103,2225,2538,2627,2628,2635,2653,2660,2679,2690,2951,3121,3247,3527,4949,4989,5542,5633,5634,5635,5636,5637,5638,5639,5640,5706,5791,6424,6675,6791,7029,8400,8511,8512,8513,
327;0;1440;1600;0;24,33,48,61,76,96,100,101,138,144,202,225,291,294,335,338,343,351,390,394,398,404,427,429,452,591,645,698,823,962,989,995,1052,1096,1097,1145,1178,1261,1275,1293,1395,1398,1474,1478,1481,1484,1529,1565,1587,1605,1796,1797,1972,2053,2064,2103,2225,2538,2627,2628,2635,2653,2660,2679,2690,2951,3121,3247,3527,4949,4989,5542,5633,5634,5635,5636,5637,5638,6424,7029,
327;1;1600;1661;0;24,33,48,61,76,96,100,101,138,144,202,225,291,294,335,338,343,351,390,394,398,404,427,429,452,591,645,698,823,962,989,995,1052,1096,1097,1145,1178,1261,1275,1293,1395,1398,1474,1478,1481,1484,1529,1565,1587,1605,2053,2064,2103,2225,2627,2628,2635,2653,2679,2951,3121,3527,4165,4949,5633,5637,6424,7029,8551,8559,9031,9041,9131,9137,9138,9139,9140,9141,9142,9143,
4;0;1661;1712;0;24,33,48,61,76,96,100,101,137,138,144,145,202,225,277,291,294,322,335,338,343,351,379,390,394,398,404,427,429,452,591,645,698,823,962,989,995,1052,1096,1097,1145,1178,1261,1275,1293,1395,1398,1474,1478,1481,1484,1529,1565,1587,1605,2053,2064,2103,2225,2394,2627,2628,2635,2653,2679,2951,3121,3284,3292,3527,4165,4472,4949,5633,5637,6424,7029,8551,8559,9031,
4;1;1712;1862;0;24,33,61,76,96,100,101,137,138,144,145,202,225,277,288,291,329,343,351,379,390,394,395,398,404,429,591,640,645,647,838,912,933,948,949,962,995,1052,1117,1145,1261,1275,1293,1395,1398,1474,1478,1481,1484,1529,1565,1587,1671,2053,2064,2103,2225,2388,2627,2628,2635,2653,2679,2951,3121,3284,3527,4564,4949,5633,5637,6179,6343,6344,6345,6346,6424,7029,8551,8559,
171;0;1862;1897;0;24,61,76,100,137,138,144,145,180,202,225,262,277,288,291,305,307,312,313,329,343,351,379,380,381,384,385,390,394,395,398,404,429,442,591,592,593,594,595,596,640,645,647,838,912,933,948,949,962,1052,1117,1145,1275,1293,1398,1474,1478,1481,1484,1529,1565,1587,1671,2053,2064,2103,2627,2635,2653,2679,2951,3121,3284,3527,4949,5633,5637,7029,8551,8559,
171;1;1897;2057;0;24,61,76,100,137,138,144,145,149,180,202,225,262,276,277,288,291,305,307,312,329,343,351,379,380,381,384,385,390,394,395,398,404,429,591,592,593,594,640,645,647,772,773,838,849,933,946,948,949,962,1052,1117,1145,1275,1293,1398,1474,1478,1481,1484,1529,1565,1587,2064,2103,2510,2627,2635,2653,2679,3121,3447,3527,5594,5637,6226,7556,8534,8551,8559,
949;0;2057;2237;0;24,66,100,137,144,170,225,246,247,277,288,329,351,390,394,398,404,429,454,486,497,506,591,647,734,753,773,838,933,948,1052,1117,1273,1293,1297,1332,1463,1478,1481,1484,1529,1565,1587,1651,1701,1707,1716,1859,1999,2036,2064,2148,2149,2150,2151,2152,2153,2627,2895,3274,3665,3993,4000,4001,4002,4003,4004,4005,4006,4007,4008,5088,8551,8559,8702,8703,8704,8705,8706,8707,
1016;0;2237;2416;0;24,66,100,137,144,170,225,246,247,277,288,329,351,390,394,398,404,429,454,486,497,506,591,647,734,753,773,838,933,948,1052,1117,1273,1293,1297,1332,1463,1478,1481,1484,1529,1565,1587,1651,1701,1707,1716,1859,1999,2036,2064,2148,2149,2150,2151,2152,2153,2627,2895,3274,3665,3993,4000,4001,4002,4003,4004,4005,4006,4007,4008,5088,8551,8559,8702,8703,8704,8705,8706,8707,
885;0;2416;2592;0;24,66,100,137,144,170,225,246,247,277,288,329,351,390,394,398,404,429,454,486,497,506,591,647,734,753,773,838,933,948,1052,1117,1273,1293,1297,1332,1463,1478,1481,1484,1529,1565,1587,1651,1701,1707,1716,1859,1999,2036,2064,2148,2149,2150,2151,2152,2153,2627,2895,3274,3665,3993,4000,4001,4002,4003,4004,4005,4006,4007,4008,5088,8551,8559,8702,8703,8704,8705,8706,8707,
283;0;2880;3032;0;1,3,93,100,137,143,144,148,225,277,288,323,329,351,390,394,398,400,404,429,647,773,838,933,948,1055,1117,1149,1167,1210,1361,1469,1478,1481,1484,1529,1535,1587,1603,1604,1735,1737,1738,1740,1741,1742,1743,1744,1745,1748,1750,1751,1752,1753,1754,1755,1757,1760,1762,1764,1765,1767,1769,1770,1771,1811,1812,1814,2603,2627,2646,3250,3630,6415,6416,7056,7057,7058,8551,8559,
283;1;3032;3054;0;1,3,86,93,100,137,143,144,148,225,277,288,323,329,351,390,394,398,400,404,429,647,773,838,933,948,1055,1117,1149,1167,1210,1361,1469,1478,1481,1484,1529,1535,1587,1603,1604,1735,1737,1738,1740,1741,1742,1743,1744,1745,1748,1750,1751,1752,1753,1754,1755,1757,1760,1762,1764,1765,1767,1769,1770,1771,1811,1812,1814,2603,2627,2646,3250,3630,6415,6416,7056,7057,8551,8559,
1132;0;3054;3218;0;1,3,86,93,100,137,143,144,148,225,277,288,323,329,351,390,394,398,400,404,429,647,773,838,933,948,1055,1117,1149,1167,1210,1361,1469,1478,1481,1484,1529,1535,1558,1587,1603,1604,1735,1737,1738,1740,1741,1742,1743,1744,1745,1748,1750,1751,1752,1753,1754,1755,1757,1760,1762,1764,1765,1767,1769,1770,1771,1811,1812,1814,2603,2627,2646,3250,3630,6415,6416,7056,8551,8559,
34;0;3218;3290;0;1,3,86,93,100,137,143,144,148,225,277,288,323,329,351,390,394,398,400,404,429,647,773,838,933,948,1055,1117,1149,1167,1210,1361,1469,1478,1481,1484,1529,1535,1558,1587,1603,1604,1735,1737,1738,1740,1741,1742,1743,1744,1745,1748,1750,1751,1752,1753,1755,1762,1764,1765,1769,1771,1811,1814,2627,3250,3630,6415,6416,8551,8555,8557,8558,8559,8560,8561,8562,8563,8564,8565,
34;1;3290;3380;0;1,3,86,93,100,137,143,144,148,225,231,277,288,323,329,351,390,394,398,400,404,429,647,773,838,933,948,1055,1117,1149,1167,1210,1361,1469,1478,1481,1484,1529,1535,1558,1587,1603,1604,1735,1737,1738,1740,1741,1742,1743,1744,1745,1750,1751,1755,1762,1764,1765,1769,1771,1811,1814,2627,2774,2777,2778,2802,2807,2812,3250,3263,3630,4600,4605,4606,5025,6415,6416,9046,9047,
862;0;3380;3537;0;1,3,86,93,100,137,143,144,148,225,231,277,288,292,323,329,351,390,394,398,400,404,429,647,773,838,933,948,1055,1117,1149,1167,1210,1229,1361,1447,1469,1476,1478,1481,1484,1529,1535,1558,1587,1604,1735,1737,1740,1744,1750,1751,1755,1762,1764,1765,1769,1771,1811,1814,2627,2774,2777,2778,2802,2812,3250,3263,3630,4605,4606,4658,5025,5654,5664,5665,5666,5667,6415,6416,
823;0;3537;3681;0;3,100,113,135,137,139,144,206,221,225,245,288,298,301,321,390,394,398,426,502,591,647,696,765,773,830,838,854,855,914,948,1360,1447,1476,1478,1481,1484,1485,1513,1529,1565,1572,1587,2321,2371,2416,2584,2593,2627,2731,2826,2931,2962,2989,3161,3260,4033,4310,4552,4574,4632,4650,4732,5107,5876,6342,7713,7716,7720,7721,8427,9173,9174,9177,9178,9179,9180,9183,9186,9192,
838;0;3681;3820;0;3,100,113,135,137,139,144,206,221,225,245,288,298,301,321,390,394,398,426,502,591,647,696,765,773,830,838,854,855,914,948,1360,1447,1476,1478,1481,1484,1485,1513,1529,1565,1572,1587,2321,2371,2416,2584,2593,2627,2731,2826,2931,2962,2989,3161,3260,4033,4310,4552,4574,4632,4650,4732,5107,5876,6342,7713,7716,7720,7721,8427,9173,9174,9177,9178,9179,9180,9183,9186,9192,
1202;0;3820;3955;0;3,100,113,135,137,139,144,206,221,225,245,288,298,301,321,390,394,398,426,502,591,647,696,765,773,830,838,854,855,914,948,1360,1447,1476,1478,1481,1484,1485,1513,1529,1565,1572,1587,2321,2371,2416,2584,2593,2627,2731,2826,2931,2962,2989,3161,3260,4033,4310,4552,4574,4632,4650,4732,5107,5876,6342,7713,7716,7720,7721,8427,9173,9174,9177,9178,9179,9180,9183,9186,9192,
1213;0;3955;4086;0;3,100,113,135,137,139,144,206,221,225,245,288,298,301,321,390,394,398,426,502,591,647,696,765,773,830,838,854,855,914,948,1360,1447,1476,1478,1481,1484,1485,1513,1529,1565,1572,1587,2321,2371,2416,2584,2593,2627,2731,2826,2931,2962,2989,3161,3260,4033,4310,4552,4574,4632,4650,4732,5107,5876,6342,7713,7716,7720,7721,8427,9173,9174,9177,9178,9179,9180,9183,9186,9192,
195;0;4086;4146;0;3,100,113,135,137,139,144,206,221,225,245,288,298,301,321,390,394,398,426,502,591,647,696,765,773,830,838,854,855,914,948,1360,1447,1476,1478,1481,1484,1485,1513,1529,1565,1572,1587,2321,2371,2416,2584,2593,2627,2731,2826,2931,2962,2989,3161,3260,4033,4310,4552,4574,4632,4650,4732,5107,5876,6342,7713,7716,7720,7721,8427,9173,9174,9177,9178,9179,9180,9183,9186,9192,
195;1;4320;4375;0;3,100,113,135,137,139,144,206,221,225,245,247,288,298,301,321,390,394,398,426,502,529,558,577,591,600,647,696,765,773,830,838,854,855,914,948,1221,1290,1293,1360,1447,1476,1478,1481,1484,1485,1513,1529,1565,1572,1587,1592,1651,1700,2064,2321,2371,2416,2512,2584,2593,2627,3029,3050,3260,3829,4033,4440,4452,4552,4574,4732,4813,5091,5092,5093,5094,5095,5096,5107,
1183;0;4375;4488;0;3,100,113,135,137,139,144,206,221,225,245,247,288,298,301,321,390,394,398,426,502,529,558,577,591,600,647,696,765,773,830,838,854,855,914,948,1221,1290,1293,1360,1447,1476,1478,1481,1484,1485,1513,1529,1565,1572,1587,1592,1651,1700,2064,2321,2371,2416,2512,2584,2593,2627,3029,3050,3260,4033,4552,4574,4732,5107,5951,5959,5966,5976,5992,6552,6556,6583,6729,7137,
996;0;4488;4586;0;3,100,113,135,137,139,144,206,221,225,245,247,288,298,301,321,390,394,398,426,502,529,558,577,591,600,647,696,765,773,830,838,854,855,914,948,1221,1290,1293,1360,1447,1476,1478,1481,1484,1485,1513,1529,1565,1572,1587,1592,1651,1700,2064,2321,2371,2416,2512,2584,2593,2627,3260,3724,4033,4552,4574,4732,5107,5951,5954,5959,5964,5966,5976,5984,5992,6556,6583,6729,
352;0;4586;4632;0;3,100,113,135,137,139,144,206,221,225,245,247,288,298,301,321,390,394,398,426,502,529,558,577,591,600,647,696,765,773,830,838,854,855,914,948,1134,1221,1290,1293,1360,1447,1476,1478,1481,1484,1485,1513,1529,1565,1572,1587,1592,1651,1700,2064,2371,2512,2627,2775,2776,3260,4033,4552,4574,4732,4771,5107,5951,5954,5959,5964,5966,5976,5984,5992,6556,6583,6729,6747,
352;1;4632;4676;0;3,7,8,95,100,113,135,137,139,144,206,221,225,245,247,288,298,301,321,390,392,394,398,426,502,529,558,591,647,765,773,838,854,855,914,948,1049,1050,1051,1052,1053,1054,1057,1058,1059,1134,1293,1360,1447,1476,1478,1481,1484,1513,1529,1587,2064,2371,2512,2627,2775,2776,3260,4033,4552,4574,4732,4771,5107,5951,5954,5959,5964,5966,5976,5984,5992,6556,6583,6729,
1229;0;4676;4762;0;3,7,8,95,100,137,139,144,225,245,247,288,301,321,343,390,392,394,398,529,591,647,694,715,765,773,838,849,854,855,914,948,1049,1050,1051,1052,1054,1057,1058,1134,1293,1476,1478,1481,1484,1513,1529,1587,1599,2064,2371,2512,2678,2683,2775,4033,5392,5530,5637,5795,5868,5951,5954,5959,5964,5966,5976,5984,5992,6225,6556,6583,6729,7295,7296,7297,7299,7943,8777,8778,
52;0;4762;4784;0;3,7,8,95,100,104,137,139,144,225,245,247,276,288,297,321,390,392,394,398,438,647,765,834,838,854,855,931,947,948,949,1049,1050,1051,1052,1054,1057,1058,1151,1168,1293,1476,1478,1519,1528,1529,1587,1674,2491,2512,2667,2737,2775,3531,3638,4033,4400,5456,5656,5774,5841,5951,5954,5959,5964,5966,5976,5984,5992,6022,6441,6556,6583,6729,7320,7463,8022,8095,8303,8578,
52;1;4784;4832;0;3,7,8,95,100,104,137,139,144,208,225,245,247,276,288,297,321,390,392,394,398,438,647,765,834,838,854,855,931,947,948,949,1049,1050,1051,1052,1054,1057,1058,1151,1168,1293,1476,1478,1519,1528,1529,1587,1674,1930,2017,2018,2019,2020,2021,2022,2023,2491,2512,2667,2737,2775,3314,3531,3638,3906,4033,5951,5954,5959,5964,5966,5976,5984,5992,6022,6556,6583,6729,7463,
853;0;4832;4892;0;3,7,8,95,100,104,137,139,144,208,225,226,234,245,247,276,288,297,321,329,390,392,394,398,399,438,647,765,834,838,854,855,931,947,948,949,1049,1050,1051,1052,1054,1057,1058,1151,1168,1293,1472,1476,1478,1519,1528,1529,1587,1674,1930,2017,2022,2117,2512,2667,2775,3314,3638,4033,4585,5951,5954,5959,5964,5966,5976,5984,5992,6022,6411,6412,6556,6583,6729,7463,
1119;0;4892;4951;0;3,7,8,95,100,104,137,139,144,225,226,234,245,247,276,288,297,321,329,390,392,394,398,399,404,438,647,720,765,834,838,854,855,948,949,1049,1050,1051,1052,1054,1057,1058,1168,1293,1470,1472,1476,1478,1519,1528,1529,1587,1674,1679,1809,1944,2022,2117,2434,2512,2667,2721,2775,3314,3638,4033,5951,5954,5959,5964,5966,5976,5984,5992,6022,6556,6565,6583,6729,7463,
1080;0;4951;5006;0;3,7,8,95,100,104,137,139,144,148,225,226,234,245,247,276,288,297,321,329,390,392,394,398,399,404,438,640,647,720,765,834,838,854,855,948,949,1049,1050,1051,1052,1054,1057,1058,1119,1168,1293,1472,1474,1476,1478,1519,1528,1529,1587,1674,1679,1809,2022,2117,2512,2667,2721,2775,3314,3638,4033,5951,5954,5959,5964,5966,5976,5984,5992,6022,6556,6583,6729,7463,
1136;0;5006;5047;0;1,3,95,100,144,149,225,226,231,241,245,247,262,270,277,321,329,390,391,392,393,394,399,607,640,647,1048,1049,1050,1051,1052,1054,1057,1058,1069,1093,1145,1204,1214,1358,1472,1473,1474,1475,1476,1477,1478,1480,1530,1570,1604,1667,1803,1809,1825,2109,2134,2451,3108,3278,4033,4535,4857,4891,4902,4925,4926,4927,4928,4929,4930,4931,4932,4933,4934,4935,4936,4937,4938,4939,
1194;0;5047;5083;0;1,3,95,100,144,149,225,226,231,241,245,247,262,270,277,321,329,390,391,392,393,394,399,607,640,647,1048,1049,1050,1051,1052,1054,1057,1058,1069,1093,1145,1204,1214,1358,1472,1473,1474,1475,1476,1477,1478,1480,1530,1570,1604,1667,1803,1809,1825,2109,2134,2451,3108,3278,4033,4535,4857,4891,4902,4925,4926,4927,4928,4929,4930,4931,4932,4933,4934,4935,4936,4937,4938,4939,
873;0;5083;5117;0;1,3,95,100,144,149,225,226,231,241,245,247,262,270,277,321,329,390,391,392,393,394,399,607,640,647,1048,1049,1050,1051,1052,1054,1057,1058,1069,1093,1145,1204,1214,1358,1472,1473,1474,1475,1476,1477,1478,1480,1530,1570,1604,1667,1803,1809,1825,2109,2134,2451,3108,3278,4033,4535,4857,4891,4902,4925,4926,4927,4928,4929,4930,4931,4932,4933,4934,4935,4936,4937,4938,4939,
943;0;5117;5150;0;1,3,95,100,144,149,225,226,231,241,245,247,262,270,277,321,329,390,391,392,393,394,399,607,640,647,1048,1049,1050,1051,1052,1054,1057,1058,1069,1093,1145,1204,1214,1358,1472,1473,1474,1475,1476,1477,1478,1480,1530,1570,1604,1667,1803,1809,1825,2109,2134,2451,3108,3278,4033,4535,4857,4891,4902,4925,4926,4927,4928,4929,4930,4931,4932,4933,4934,4935,4936,4937,4938,4939,
982;0;5760;5780;0;1,3,95,100,142,144,149,225,226,231,241,245,247,262,270,277,315,321,329,379,380,390,391,392,393,394,399,400,607,640,647,1048,1049,1050,1051,1052,1054,1055,1057,1058,1061,1069,1093,1145,1149,1204,1214,1231,1358,1363,1472,1473,1474,1475,1476,1477,1478,1480,1530,1570,1604,1667,1726,1809,1822,1823,1824,1825,1826,1827,1828,1829,1830,1831,1832,2109,3108,4033,4926,4937,
859;0;5780;5792;0;1,3,95,100,142,144,149,225,226,231,241,245,247,262,270,277,315,321,329,342,379,380,390,391,392,393,394,399,400,402,607,640,644,647,892,1048,1049,1050,1051,1052,1054,1055,1056,1057,1058,1061,1062,1069,1093,1145,1149,1204,1214,1231,1358,1472,1473,1474,1476,1477,1478,1480,1604,1667,1726,1809,1825,1843,1933,2102,2103,2104,2105,2106,2107,2109,3108,4033,4926,4937,
888;0;5792;5797;0;1,3,95,100,142,144,149,225,226,231,241,245,247,262,270,277,315,321,329,342,379,380,390,391,392,393,394,399,400,402,607,640,644,647,892,1048,1049,1050,1051,1052,1054,1055,1056,1057,1058,1061,1062,1069,1093,1145,1149,1204,1214,1231,1358,1472,1473,1474,1476,1477,1478,1480,1604,1667,1726,1809,1825,1843,2105,2109,3108,4033,4926,4937,6136,7953,7954,7956,7957,8120,
842;0;5797;5801;0;1,3,95,100,142,144,146,149,225,226,231,241,245,247,262,270,277,321,329,379,380,390,391,392,393,394,400,402,436,640,644,647,892,1048,1049,1050,1051,1052,1054,1055,1056,1057,1058,1062,1093,1095,1145,1149,1214,1358,1399,1472,1473,1474,1476,1477,1478,1480,1604,1667,1726,1809,1825,1843,2105,2109,2382,3108,4033,4926,4937,4968,5202,5397,5768,5926,5941,5942,5943,6136,
882;0;5801;5830;1;1,3,95,100,142,144,146,149,225,226,231,241,245,247,262,277,321,329,379,380,390,391,392,393,394,400,402,436,632,640,644,647,892,1048,1049,1050,1051,1052,1054,1055,1056,1057,1058,1062,1093,1145,1149,1196,1214,1358,1434,1472,1473,1474,1476,1477,1478,1480,1604,1667,1687,1726,1809,1825,1843,2105,2109,3061,3108,3876,4033,4926,4937,4968,5768,6136,7248,7249,7250,7251,
889;0;5830;5860;1;1,95,100,142,144,146,149,225,226,231,241,245,247,262,277,289,321,329,379,380,390,391,392,393,394,395,400,402,429,436,640,644,647,898,921,922,1048,1049,1050,1051,1052,1054,1055,1056,1057,1058,1062,1093,1145,1149,1358,1362,1473,1474,1476,1477,1478,1480,1604,1667,1669,1687,1726,1809,1825,1843,1918,2105,2109,2723,3061,3108,3250,4033,4088,4926,4968,5768,6136,6263,
1169;0;5860;5892;1;1,95,100,142,144,149,225,226,231,241,245,247,262,277,280,321,329,379,380,390,391,392,393,394,395,400,402,429,640,644,647,1049,1050,1051,1052,1054,1055,1057,1149,1358,1474,1476,1477,1478,1480,1604,1809,2109,2315,2842,3061,3250,3304,4088,4703,4926,5468,5477,5513,6136,6251,6252,6253,6446,6986,6987,6988,6989,6990,6991,6992,6993,6994,6995,6996,6997,6998,6999,7000,7001,
875;0;5892;5931;1;1,7,8,95,100,138,142,144,149,225,226,231,241,245,247,262,277,280,288,321,329,379,380,390,391,392,393,394,395,398,400,402,429,640,644,647,1049,1050,1051,1052,1054,1055,1057,1149,1358,1474,1476,1477,1478,1480,1604,1675,1809,2109,2315,2842,3061,3250,3304,4088,4703,4926,5468,5477,5513,6136,6251,6252,6253,6446,6986,6987,6988,6989,6990,6991,6992,6993,6994,6995,
1164;0;5931;5975;1;1,7,8,95,100,138,142,144,149,177,178,179,181,182,183,184,225,226,231,241,245,247,262,277,280,288,321,329,379,380,390,391,392,393,394,395,398,400,402,429,640,644,647,1049,1050,1051,1052,1054,1055,1057,1149,1358,1474,1476,1477,1478,1480,1604,1675,1809,2109,2315,2842,3061,3250,3304,4088,4703,4926,5432,5468,5477,5513,6136,6251,6252,6253,6446,6986,6990,
280;0;5975;6011;1;1,7,8,95,100,138,142,144,149,177,178,179,181,182,183,184,225,226,231,241,245,247,262,277,278,280,288,321,329,379,380,390,391,392,393,394,395,398,400,402,429,515,640,644,647,965,1049,1050,1051,1052,1054,1055,1057,1149,1358,1419,1474,1476,1477,1478,1480,1604,1675,1809,2109,2315,2842,3061,3250,3304,4088,4703,4926,5432,5468,5477,5513,6136,6251,6990,
280;1;6011;6020;1;1,2,4,7,8,95,100,138,142,144,148,149,177,178,179,181,182,184,225,226,231,241,245,247,262,277,288,300,321,329,379,380,390,391,393,395,398,400,401,402,429,515,640,644,647,1050,1051,1052,1054,1133,1149,1150,1232,1233,1358,1474,1476,1477,1478,1480,1604,1675,1801,1806,1809,2109,2315,2355,2817,2818,2842,3061,3250,3304,4088,4926,5432,5477,6136,6990,
792;0;6020;6069;1;1,2,4,7,8,95,100,138,139,142,144,145,148,149,177,178,179,181,182,184,225,226,231,241,245,247,262,277,288,300,321,329,379,380,390,391,393,395,398,400,401,402,429,515,640,644,647,948,1045,1050,1051,1052,1054,1133,1149,1150,1358,1474,1476,1477,1478,1480,1604,1675,1801,1806,1809,2109,2315,2818,2842,3061,3250,3304,4088,4926,5432,5477,6136,6990,
1219;0;6069;6120;1;1,4,8,95,139,142,144,145,149,225,226,241,247,262,277,288,321,329,379,380,390,391,429,640,647,948,1050,1051,1358,1474,1476,1477,1478,1801,1806,1809,2109,3310,3312,3472,3684,3686,5951,5952,5953,5954,5955,5957,5958,5959,5962,5963,5964,5965,5966,5968,5970,5975,5976,5978,5979,5980,5984,5985,5986,5987,5988,5991,5992,6136,6375,6376,6377,6378,6379,6380,6381,6382,6383,6990,
851;0;6120;6173;1;1,4,8,95,139,142,144,145,149,225,226,241,247,262,277,288,321,329,379,380,390,391,429,640,645,647,948,1050,1051,1358,1474,1476,1477,1478,1801,1806,1809,1811,2109,2509,2510,3310,3312,3472,3684,3686,5951,5952,5953,5954,5955,5957,5958,5959,5962,5963,5964,5965,5966,5968,5970,5975,5976,5978,5979,5980,5984,5985,5986,5987,5988,5991,5992,6136,6375,6376,6377,6378,6379,6990,
1216;0;6173;6229;1;1,4,8,95,139,142,144,145,149,225,226,241,247,262,277,288,321,329,379,380,390,391,429,640,645,647,948,1050,1051,1146,1358,1359,1361,1401,1474,1476,1477,1478,1801,1806,1809,1811,2109,2509,2510,3121,3310,3312,3472,3684,3686,5951,5952,5953,5954,5955,5957,5958,5959,5962,5963,5964,5965,5966,5968,5970,5975,5976,5978,5979,5980,5984,5985,5986,5987,5991,5992,6136,6181,6990,
920;0;6229;6291;1;1,4,8,95,139,142,144,145,149,225,226,241,247,262,277,288,321,329,379,380,390,391,429,640,645,647,948,1051,1146,1358,1359,1361,1474,1476,1478,1801,1806,1809,1811,1948,1949,1950,1951,1952,1953,1954,1955,1956,1957,1958,1959,1960,1961,1962,1963,1964,1965,1966,1967,1968,1969,2109,2509,2510,3312,3686,5951,5955,5959,5963,5966,5968,5976,5980,5984,5987,5991,5992,6136,6990,
1006;0;6291;6355;1;1,4,8,76,95,139,142,144,145,149,205,225,226,241,247,262,277,288,321,329,379,380,390,391,429,640,645,647,948,1051,1146,1358,1359,1361,1474,1476,1478,1723,1801,1806,1809,1811,1948,1949,1950,1951,1952,1953,1954,1955,1956,1957,1958,1959,1960,1961,2034,2035,2109,2509,2510,3312,3686,5494,5951,5955,5959,5963,5966,5968,5976,5980,5984,5987,5991,5992,5995,6136,6990,8666,
962;0;6355;6422;1;1,4,8,76,87,95,139,142,144,145,149,205,225,226,241,247,262,274,277,288,321,329,379,380,390,391,429,440,640,645,647,765,769,948,1051,1070,1146,1358,1359,1361,1372,1474,1476,1478,1521,1723,1772,1773,1774,1801,1806,1809,1811,1948,1949,1950,1951,1952,1953,1954,2034,2035,2109,2509,2510,3312,3686,5951,5955,5959,5963,5966,5968,5976,5980,5984,5987,5991,5992,6136,
1154;0;6422;6490;1;24,60,95,97,139,144,145,225,226,247,262,277,288,291,292,314,321,329,379,380,390,396,397,404,429,581,640,647,765,814,948,949,1046,1051,1201,1236,1417,1424,1442,1474,1476,1478,1521,1567,1801,1809,1915,2091,2259,2640,2679,2774,2775,2777,2778,3019,3263,3447,4536,4545,4553,4575,4606,4608,4683,4773,4793,5499,5500,5502,6136,6145,6418,6419,6578,6774,7031,8282,8356,8543,
1143;0;6490;6564;1;24,60,95,97,139,144,145,225,226,247,262,277,288,291,292,314,321,329,379,380,390,396,397,404,429,581,640,647,765,814,948,949,1046,1051,1201,1236,1417,1424,1442,1474,1476,1478,1521,1567,1801,1809,1915,2091,2259,2640,2679,2774,2775,2777,2778,3019,3263,3447,4536,4545,4553,4575,4606,4608,4683,4773,4793,5499,5500,5502,6136,6145,6418,6419,6578,6774,7031,8282,8356,8543,
1162;0;6564;6639;1;24,60,95,97,139,144,145,225,226,247,262,277,288,291,292,314,321,329,379,380,390,396,397,404,429,581,640,647,765,814,948,949,1046,1051,1201,1236,1417,1424,1442,1474,1476,1478,1521,1567,1801,1809,1915,2091,2259,2640,2679,2774,2775,2777,2778,3019,3263,3447,4536,4545,4553,4575,4606,4608,4683,4773,4793,5499,5500,5502,6136,6145,6418,6419,6578,6774,7031,8282,8356,8543,
1024;0;6639;6714;1;24,60,95,97,139,144,145,225,226,247,262,277,288,291,292,314,321,329,379,380,390,396,397,404,429,581,640,647,765,814,948,949,1046,1051,1201,1236,1417,1424,1442,1474,1476,1478,1521,1567,1801,1809,1915,2091,2259,2640,2679,2774,2775,2777,2778,3019,3263,3447,4536,4545,4553,4575,4606,4608,4683,4773,4793,5499,5500,5502,6136,6145,6418,6419,6578,6774,7031,8282,8356,8543,
944;0;6714;6790;1;24,60,95,97,139,144,145,225,226,247,262,277,288,291,292,314,321,329,379,380,390,396,397,404,429,581,640,647,765,814,948,949,1046,1051,1201,1236,1417,1424,1442,1474,1476,1478,1521,1567,1801,1809,1915,2091,2259,2640,2679,2774,2775,2777,2778,3019,3263,3447,4536,4545,4553,4575,4606,4608,4683,4773,4793,5499,5500,5502,6136,6145,6418,6419,6578,6774,7031,8282,8356,8543,
148;0;6790;6856;1;24,60,95,97,139,144,145,225,226,247,262,277,288,291,292,314,321,329,379,380,390,396,397,404,429,581,640,647,765,814,948,949,1046,1051,1201,1236,1417,1424,1442,1474,1476,1478,1521,1567,1801,1809,1915,2091,2259,2640,2679,2774,2775,2777,2778,3019,3263,3447,4536,4545,4553,4575,4606,4608,4683,4773,4793,5499,5500,5502,6136,6145,6418,6419,6578,6774,7031,8282,8356,8543,
148;1;6856;6866;1;24,60,95,97,139,144,145,225,226,247,262,277,288,291,292,314,321,329,379,380,390,396,397,404,429,581,640,647,765,814,948,949,1046,1051,1201,1236,1417,1424,1442,1474,1476,1478,1521,1567,1801,1809,1915,2091,2259,2640,2679,2774,2775,2777,2778,3019,3263,3447,4536,4545,4553,4575,4606,4608,4683,4773,4793,5499,5500,5502,6136,6145,6418,6419,6578,6774,7031,8282,8356,8543,
1037;0;7200;7277;1;24,60,61,95,97,139,144,145,165,225,226,247,251,262,277,288,291,292,314,321,329,379,380,390,396,397,404,429,528,533,581,640,647,734,765,814,948,949,1046,1051,1201,1236,1268,1269,1273,1417,1424,1442,1474,1476,1478,1521,1567,1801,1809,1915,2091,2221,2259,2640,2679,2774,2775,2777,2778,3019,3263,3447,4308,4309,4536,4545,4553,4575,4606,4608,5499,5500,5502,6578,
991;0;7277;7354;1;24,60,61,95,97,139,144,145,165,225,226,247,251,262,277,288,291,292,314,321,329,379,380,390,396,397,404,429,528,533,581,640,647,734,765,814,948,949,1046,1051,1201,1236,1268,1269,1273,1417,1424,1442,1474,1476,1478,1521,1529,1567,1569,1801,1809,2091,2625,2640,2679,2774,2775,2777,2778,2972,3263,3447,3527,3742,3743,3744,3745,4545,4553,4606,5499,5500,5502,6578,
878;0;7354;7432;1;24,60,61,95,97,139,144,145,165,225,226,247,251,262,277,288,291,292,314,321,329,379,380,390,396,397,404,429,528,533,581,640,647,734,765,814,855,948,949,1046,1051,1201,1236,1268,1269,1273,1398,1417,1424,1442,1474,1476,1478,1521,1529,1567,1569,1763,1801,1809,2091,2625,2640,2679,2774,2775,2777,2778,2972,3263,3447,3527,3745,4545,4553,4606,5499,5500,5502,6578,
913;0;7432;7511;1;24,60,95,139,144,145,202,210,225,226,247,251,262,277,288,291,292,314,321,329,379,380,390,396,397,404,429,491,497,528,630,640,647,765,814,855,948,949,1051,1063,1236,1268,1269,1281,1284,1286,1304,1398,1417,1474,1476,1478,1521,1529,1558,1582,1763,1801,1809,1895,2279,2471,2537,2679,2774,2775,2778,2924,3263,3353,3447,3527,3612,3745,3774,5499,5500,5502,6448,6965,
791;0;7511;7594;1;24,60,95,139,144,145,180,225,226,247,251,262,277,288,291,292,302,303,305,307,311,312,314,321,329,379,380,381,384,385,390,396,397,404,429,491,528,592,593,594,640,647,765,814,855,948,949,1051,1130,1236,1268,1269,1286,1398,1417,1428,1474,1476,1478,1521,1529,1558,1763,1801,1809,1845,2279,2471,2679,2774,2775,2778,3263,3447,3527,3745,3774,5499,5500,5502,
1086;0;7594;7678;1;1,8,24,60,95,139,141,142,144,145,180,225,226,230,241,247,251,262,277,288,291,292,302,303,305,311,312,314,321,329,379,390,396,397,402,404,429,528,640,647,765,814,855,948,949,1051,1146,1236,1268,1269,1286,1358,1398,1417,1428,1474,1476,1478,1521,1529,1558,1763,1801,1806,1809,1945,2279,2471,2679,2774,2775,2778,3263,3447,3527,3745,3774,5499,5500,5502,
1042;0;7678;7766;1;24,25,34,46,52,60,79,126,127,128,139,144,145,198,225,251,262,277,288,291,292,302,312,314,321,359,396,397,404,413,429,528,551,640,647,759,765,814,948,949,962,1051,1146,1236,1268,1269,1286,1398,1417,1428,1474,1476,1478,1521,1529,1558,1587,1763,1853,1858,2034,2035,2279,2315,2679,2774,2775,2778,2842,3263,3304,3447,3527,3745,3999,4122,5290,5314,5477,5478,
796;0;7766;7856;1;24,25,34,46,52,60,79,127,139,144,145,198,225,251,262,277,288,291,292,302,312,314,321,359,396,397,404,429,528,551,640,647,759,765,814,948,949,1051,1146,1236,1268,1269,1286,1398,1417,1428,1474,1476,1478,1521,1529,1558,1587,1763,2279,2315,2679,2774,2775,2778,3263,3447,3527,3745,5951,5959,5963,5966,5968,5976,5980,5987,5992,6151,6556,6583,6727,6729,7132,7134,
797;0;7856;7948;1;24,34,38,54,60,139,143,144,145,159,225,231,245,267,277,288,290,302,312,321,395,396,397,404,429,503,647,756,759,948,949,1146,1149,1210,1234,1236,1275,1293,1398,1417,1428,1469,1474,1478,1521,1558,1723,1736,1737,1740,1744,1746,1747,1750,1751,1755,1759,1762,1763,1764,1765,1769,1771,2117,2279,2280,2281,2282,2283,2284,2285,2286,2287,2288,2512,3306,4926,6106,6686,6687,
134;0;7948;8015;1;24,34,38,54,60,139,143,144,145,159,225,231,245,267,277,288,290,302,312,321,395,396,397,404,429,503,647,756,759,948,949,1146,1149,1210,1234,1236,1275,1293,1398,1417,1428,1469,1474,1478,1521,1558,1723,1736,1737,1740,1744,1746,1747,1750,1751,1755,1759,1762,1763,1764,1765,1769,1771,2117,2279,2280,2281,2282,2283,2284,2285,2286,2287,2288,2512,3306,4926,6106,6686,6687,
134;1;8015;8043;1;24,34,38,54,60,139,143,144,145,159,225,231,245,267,277,288,290,302,312,321,395,396,397,404,429,503,647,756,759,948,949,1146,1149,1210,1234,1236,1275,1293,1398,1417,1428,1469,1474,1478,1521,1558,1723,1736,1737,1740,1744,1746,1747,1750,1751,1755,1759,1762,1763,1764,1765,1769,1771,2117,2279,2280,2281,2282,2283,2284,2285,2286,2287,2288,2512,3306,4926,6106,6686,6687,
126;0;8043;8095;1;24,34,38,54,60,139,143,144,145,159,225,231,245,267,277,288,290,302,312,321,395,396,397,404,429,503,647,756,759,948,949,1146,1149,1210,1234,1236,1275,1293,1398,1417,1428,1469,1474,1478,1521,1558,1723,1736,1737,1740,1744,1746,1747,1750,1751,1755,1759,1762,1763,1764,1765,1769,1771,2117,2279,2280,2281,2282,2283,2284,2285,2286,2287,2288,2512,3306,4926,6106,6686,6687,
126;1;8095;8139;1;24,34,38,54,60,139,143,144,145,159,225,231,245,267,277,288,290,302,312,321,395,396,397,404,429,503,647,756,759,948,949,1146,1149,1210,1234,1236,1275,1293,1398,1417,1428,1469,1474,1478,1521,1558,1723,1736,1737,1740,1744,1746,1747,1750,1751,1755,1759,1762,1763,1764,1765,1769,1771,2117,2279,2280,2281,2282,2283,2284,2285,2286,2287,2288,2512,3306,4926,6106,6686,6687,
1;0;8139;8153;1;24,34,38,54,60,139,143,144,145,159,225,231,245,267,277,288,290,302,312,321,395,396,397,404,429,503,647,756,759,948,949,1146,1149,1210,1234,1236,1275,1293,1398,1417,1428,1469,1474,1478,1521,1558,1723,1736,1737,1740,1744,1746,1747,1750,1751,1755,1759,1762,1763,1764,1765,1769,1771,2117,2279,2280,2281,2282,2283,2284,2285,2286,2287,2288,2512,3306,4926,6106,6686,6687,
1;1;8153;8236;1;24,34,38,54,60,139,143,144,145,159,225,231,245,267,277,288,290,302,312,321,395,396,397,404,429,503,647,756,759,948,949,1146,1149,1210,1234,1236,1275,1293,1398,1417,1428,1469,1474,1478,1521,1558,1723,1736,1737,1740,1744,1746,1747,1750,1751,1755,1759,1762,1763,1764,1765,1769,1771,2117,2279,2280,2281,2282,2283,2284,2285,2286,2287,2288,2512,3306,4926,6106,6686,6687,
200;0;8640;8736;1;24,34,38,54,60,139,143,144,145,159,225,231,245,267,277,288,290,302,312,321,395,396,397,404,429,503,647,756,759,948,949,1146,1149,1210,1234,1236,1275,1293,1398,1417,1428,1469,1474,1478,1521,1558,1723,1736,1737,1740,1744,1746,1747,1750,1751,1755,1759,1762,1763,1764,1765,1769,1771,2117,2279,2280,2281,2282,2283,2284,2285,2286,2287,2288,2512,3306,4926,6106,6686,7759,
200;1;8736;8740;1;19,24,34,38,54,55,60,139,143,144,145,159,225,231,245,251,267,277,288,290,302,312,321,395,396,397,404,429,503,647,756,759,948,949,1146,1149,1210,1234,1236,1275,1293,1398,1417,1428,1469,1474,1478,1521,1558,1723,1736,1737,1740,1744,1746,1747,1750,1751,1755,1759,1762,1763,1764,1765,1769,1771,2117,2279,2280,2281,2282,2283,2284,2285,2286,2287,2288,2305,2306,2512,
1102;0;8740;8841;1;19,24,34,38,54,55,60,88,139,143,144,145,159,225,231,245,251,267,277,288,290,302,312,321,343,395,396,397,404,429,503,647,756,759,765,835,948,949,1051,1146,1149,1210,1234,1236,1275,1293,1398,1417,1428,1469,1474,1478,1521,1558,1723,1736,1737,1740,1744,1746,1747,1750,1751,1755,1759,1762,1763,1764,1765,2122,2512,2661,2693,2897,3037,3447,3618,3745,6099,7161,
380;0;8841;8845;1;19,24,34,38,54,55,60,88,139,143,144,145,159,225,231,245,251,267,277,288,290,302,312,321,343,395,396,397,404,429,503,644,647,756,759,765,773,835,849,946,948,949,1051,1146,1149,1210,1234,1236,1275,1293,1398,1417,1428,1469,1474,1478,1521,1558,1674,1723,1736,1737,1751,1759,2512,2586,2645,2661,2693,3037,3259,3447,3618,4370,7299,7837,8170,8171,8322,8566,
380;1;8845;8944;1;19,24,34,38,54,55,60,88,139,143,144,145,159,225,231,245,251,267,277,288,290,302,312,321,343,395,396,397,404,429,503,644,647,756,759,765,773,835,849,946,948,949,1051,1146,1149,1210,1234,1236,1275,1293,1398,1417,1428,1469,1474,1478,1521,1558,1674,1723,1736,1737,1751,1759,2512,2586,2645,2661,2693,2943,2944,2945,2946,2947,2948,3037,3259,3447,3618,7299,
198;0;8944;8996;1;19,24,34,38,54,55,60,88,139,143,144,145,159,225,231,245,251,267,277,288,290,302,312,321,343,395,396,397,404,429,503,591,644,647,756,759,765,773,835,849,946,948,949,1051,1146,1149,1210,1234,1236,1275,1293,1398,1417,1428,1469,1474,1478,1480,1521,1558,1674,1723,1736,1737,1751,1759,1921,2053,2512,2586,2645,2661,2693,2943,3037,3259,3447,3618,6860,7299,
198;1;8996;9048;1;19,24,34,38,54,55,60,88,139,143,144,145,159,225,231,245,251,267,277,288,290,302,312,321,343,395,396,397,404,429,430,503,591,644,647,756,759,765,773,835,849,946,948,949,1051,1146,1149,1210,1234,1236,1275,1293,1398,1417,1428,1469,1474,1478,1480,1521,1558,1674,1751,1759,2053,2512,2645,2661,2663,2693,3037,3259,3447,3618,7296,7299,8396,8826,8827,8828,
1077;0;9048;9153;1;19,24,34,38,54,55,60,88,139,143,144,145,159,225,231,245,251,267,277,288,290,302,312,321,343,395,396,397,404,429,430,470,503,591,644,647,756,759,765,773,835,849,946,948,949,1051,1146,1149,1210,1234,1236,1275,1293,1341,1398,1417,1428,1469,1474,1478,1480,1521,1558,1674,1751,1759,2053,2512,2645,2661,2663,2693,3037,3259,3447,3618,7296,7299,8396,8826,
170;0;9153;9185;1;19,24,34,38,54,55,60,88,139,143,144,145,159,225,231,245,251,267,277,288,290,302,312,321,343,395,396,397,404,429,430,470,503,528,591,644,647,756,759,765,773,835,849,948,949,1051,1146,1149,1210,1236,1275,1287,1288,1293,1294,1322,1428,1474,1478,1558,1674,1751,1759,1778,2053,2239,2240,2241,2242,2512,2645,2661,2693,3037,3259,3447,3618,7296,7299,8396,
170;1;9185;9258;1;19,24,34,38,54,55,60,88,139,143,144,145,159,225,231,245,251,267,277,288,290,302,312,321,343,395,396,397,404,429,430,470,503,528,591,644,647,756,759,765,773,835,849,948,949,1051,1146,1149,1210,1236,1275,1287,1288,1293,1294,1322,1428,1474,1478,1558,1674,1751,1759,1778,2053,2239,2240,2512,2645,2661,2693,3037,3259,3447,3618,7296,7299,7972,7973,8396,
1069;0;9258;9367;1;24,26,100,139,144,145,155,225,231,248,255,277,288,290,312,321,395,503,528,591,644,647,666,677,715,754,765,814,835,948,949,1051,1149,1268,1269,1270,1275,1285,1286,1287,1288,1289,1293,1294,1295,1322,1474,1478,1481,1529,2512,2635,2661,2678,2802,3379,3447,3527,3618,4949,5080,5432,5525,5722,5984,5992,6023,6024,6360,6496,6497,6498,6499,6514,6585,7012,7013,7138,7478,8040,
1087;0;9367;9476;1;24,26,100,139,144,145,155,225,231,248,255,277,288,290,312,321,395,503,528,591,644,647,666,677,715,754,765,814,835,948,949,1051,1149,1268,1269,1270,1275,1285,1286,1287,1288,1289,1293,1294,1295,1322,1474,1478,1481,1529,2512,2635,2661,2678,2802,3379,3447,3527,3618,4949,5080,5432,5525,5722,5984,5992,6023,6024,6360,6496,6497,6498,6499,6514,6585,7012,7013,7138,7478,8040,
1112;0;9476;9587;1;24,26,100,139,144,145,155,225,231,248,255,277,288,290,312,321,395,503,528,591,644,647,666,677,715,754,765,814,835,948,949,1051,1149,1268,1269,1270,1275,1285,1286,1287,1288,1289,1293,1294,1295,1322,1474,1478,1481,1529,2512,2635,2661,2678,2802,3379,3447,3527,3618,4949,5080,5432,5525,5722,5984,5992,6023,6024,6360,6496,6497,6498,6499,6514,6585,7012,7013,7138,7478,8040,
189;0;10080;10157;1;24,26,100,137,139,144,145,225,231,276,277,288,290,291,292,312,321,351,395,503,528,644,647,666,715,765,814,835,912,948,949,1051,1118,1147,1149,1167,1268,1275,1287,1288,1293,1294,1295,1322,1474,1478,1481,1493,1513,1670,2371,2512,2531,2635,2678,2802,3001,3250,3257,3284,3447,3527,3618,3711,3712,4019,4085,4086,4087,4088,4089,4090,4091,4092,4093,4094,4095,5525,5722,6024,
189;1;10157;10196;1;24,26,100,137,139,144,145,225,231,276,277,288,290,291,292,312,321,351,395,503,528,644,647,666,715,765,814,835,876,912,948,949,1051,1118,1147,1149,1167,1268,1275,1287,1288,1293,1294,1295,1322,1474,1478,1481,1493,1513,1587,1670,2371,2407,2512,2531,2635,2678,2802,3001,3250,3257,3284,3447,3527,3618,3711,3712,4019,4085,4086,4087,4088,4093,4112,4735,4736,5525,5722,6024,
75;0;10196;10248;1;24,26,27,100,137,139,144,145,225,231,276,277,288,290,291,292,312,321,351,395,458,503,528,644,647,666,715,765,814,835,948,949,1051,1118,1149,1268,1275,1287,1288,1293,1294,1295,1322,1474,1478,1481,1577,1587,1670,1781,1782,2268,2512,2531,2635,2678,2802,2836,3056,3057,3058,3059,3060,3061,3062,3063,3064,3065,3066,3067,3068,3257,3447,3527,3618,4093,4112,5525,5722,6024,
75;1;10248;10314;1;2,24,26,27,100,137,139,144,145,225,231,262,276,277,288,290,291,292,312,314,321,351,395,398,400,458,503,528,640,644,647,666,715,765,814,835,933,948,949,1051,1093,1118,1149,1268,1275,1287,1288,1293,1294,1295,1322,1474,1476,1478,1479,1481,1577,1587,1670,1781,1782,1973,2425,2512,2531,2536,2635,2678,2802,3257,3447,3527,3618,4093,4112,5181,5182,5525,5722,6024,
347;0;10314;10392;1;2,24,26,27,100,137,139,144,145,225,231,262,276,277,288,290,291,292,312,314,321,351,395,398,400,458,503,528,640,644,647,666,715,765,814,835,933,948,949,1051,1093,1118,1149,1268,1275,1287,1288,1293,1294,1295,1322,1474,1476,1478,1479,1481,1577,1587,1670,1781,1782,1973,2425,2512,2531,2536,2635,2678,2802,3257,3447,3527,3618,4093,4112,5181,5525,5722,6024,8412,
347;1;10392;10433;1;24,26,27,95,100,137,139,144,145,225,231,262,277,288,290,291,292,312,314,321,395,398,400,503,528,640,644,647,666,690,715,765,814,835,948,949,1051,1093,1118,1149,1268,1275,1287,1288,1293,1294,1295,1322,1474,1476,1478,1481,1587,1670,1782,1973,2512,2531,2635,2677,2678,2679,2774,2775,2778,2802,3263,3447,3527,3618,4112,4854,4855,5370,5499,5500,5502,5525,5722,6024,
262;0;10433;10477;1;15,24,26,27,95,100,137,139,144,145,186,189,225,231,262,277,288,290,291,292,312,314,321,395,398,400,503,528,640,644,647,662,666,715,765,814,835,948,949,979,1051,1088,1093,1118,1149,1268,1275,1287,1288,1293,1294,1295,1322,1474,1476,1478,1481,1550,1580,1587,1670,1782,1973,2157,2512,2531,2555,2635,2678,2679,2802,3022,3127,3527,3618,3627,4112,5525,5722,6024,
262;1;10477;10554;1;24,26,27,95,100,117,137,139,144,145,225,231,262,277,288,290,291,292,312,321,398,400,528,640,644,647,666,715,765,814,835,862,949,1051,1093,1118,1149,1268,1275,1287,1288,1293,1294,1295,1322,1474,1476,1478,1481,1482,1483,1587,1670,1782,1973,2052,2468,2475,2512,2531,2635,2678,2679,2802,2903,3022,3527,3618,4112,4365,5392,5525,5637,5722,5868,6022,6024,6311,6312,6313,
897;0;10554;10676;1;24,26,27,95,100,117,137,139,144,145,225,231,247,262,277,288,290,291,292,312,321,398,400,528,640,644,647,666,715,765,814,835,862,949,1051,1093,1118,1149,1268,1275,1287,1288,1293,1294,1295,1322,1474,1476,1478,1481,1482,1483,1587,1670,1782,1973,2052,2468,2475,2512,2531,2635,2678,2679,2802,2903,3022,3527,3618,4112,5525,5637,5722,5868,6022,6024,6311,6312,6313,6945,
17;0;10676;10727;1;24,26,27,95,100,117,137,139,144,145,225,231,247,262,277,288,290,291,292,312,321,398,400,528,640,644,647,666,715,765,814,835,862,949,1051,1093,1118,1149,1268,1275,1287,1288,1293,1294,1295,1322,1474,1476,1478,1481,1482,1483,1587,1670,1782,1973,2052,2468,2475,2512,2531,2635,2678,2679,2802,2903,3022,3527,3618,4112,5525,5637,5722,5868,6022,6024,6311,6312,6313,6945,
17;1;10727;10799;1;24,26,100,137,144,225,231,262,277,288,290,291,398,400,528,644,647,666,715,765,814,835,949,1051,1093,1118,1149,1268,1275,1287,1288,1293,1294,1295,1322,1352,1390,1474,1476,1481,1523,1587,1670,1782,1973,2512,2635,2653,2678,2679,2721,2802,2803,2812,3527,3618,4112,5336,5525,5530,5633,5637,5722,5868,6024,6308,6309,6310,6311,6312,6313,6314,6315,6316,6317,6318,6319,6320,6321,6322,
772;0;10799;10925;1;87,136,137,144,146,149,290,297,319,400,436,644,647,765,767,833,835,854,863,898,914,927,1118,1134,1149,1211,1287,1293,1322,1484,1618,1668,1670,1671,1825,1920,1922,1973,2188,2216,2354,2498,2635,2651,2679,2951,2986,3048,3051,3291,3591,3802,4018,4112,4572,4654,4950,4951,4952,4953,4968,5015,5135,5139,5250,5251,5252,5253,5254,5255,5256,5257,5258,5259,5260,5261,6095,6096,6097,6742,
8;0;10925;11005;1;87,136,137,144,146,149,290,297,319,400,436,644,647,765,767,833,835,854,863,898,914,927,1118,1134,1149,1211,1287,1293,1322,1484,1618,1668,1670,1671,1825,1920,1922,1973,2188,2216,2354,2498,2635,2651,2679,2951,2986,3048,3051,3291,3591,3802,4018,4112,4572,4654,4950,4951,4952,4953,4968,5015,5135,5139,5250,5251,5252,5253,5254,5255,5256,5257,5258,5259,5260,5261,6095,6096,6097,6742,
8;1;11005;11053;1;87,136,137,144,146,149,290,297,319,400,436,644,647,765,767,833,835,854,863,898,914,927,1118,1134,1149,1211,1287,1293,1322,1484,1618,1668,1670,1671,1825,1920,1922,1973,2188,2216,2354,2498,2635,2651,2679,2951,2986,3048,3051,3291,3591,3802,4018,4112,4572,4654,4950,4951,4952,4953,4968,5015,5135,5139,5250,5251,5252,5253,5254,5255,5256,5257,5258,5259,5260,5261,6095,6096,6097,6742,
849;0;11053;11182;1;87,136,137,144,146,149,290,297,319,400,436,644,647,765,767,833,835,854,863,898,914,927,1118,1134,1149,1211,1287,1293,1322,1484,1618,1668,1670,1671,1825,1920,1922,1973,2188,2216,2354,2498,2635,2651,2679,2951,2986,3048,3051,3291,3591,3802,4018,4112,4572,4654,4950,4951,4952,4953,4968,5015,5135,5139,5250,5251,5252,5253,5254,5255,5256,5257,5258,5259,5260,5261,6095,6096,6097,6742,
1094;0;11182;11313;1;87,136,137,144,146,149,290,297,319,400,436,644,647,765,767,833,835,854,863,898,914,927,1118,1134,1149,1211,1287,1293,1322,1484,1618,1668,1670,1671,1825,1920,1922,1973,2188,2216,2354,2498,2635,2651,2679,2951,2986,3048,3051,3291,3591,3802,4018,4112,4572,4654,4950,4951,4952,4953,4968,5015,5135,5139,5250,5251,5252,5253,5254,5255,5256,5257,5258,5259,5260,5261,6095,6096,6097,6742,
61;0;11520;11568;1;87,93,136,137,144,146,149,290,293,297,319,400,436,644,647,691,765,766,767,769,833,835,854,855,858,863,898,914,927,1118,1134,1149,1211,1287,1293,1322,1484,1618,1668,1670,1671,1825,1920,1922,1973,2188,2216,2354,2498,2594,2635,2637,2651,2679,2951,2986,3048,3051,3152,3291,3591,3618,3802,4018,4112,4371,4572,4654,4950,4951,4952,4953,4968,5015,5135,5139,5250,5251,5252,5627,
61;1;11568;11654;1;29,87,93,136,137,144,146,149,290,293,297,319,400,436,539,644,647,691,765,766,767,769,810,833,835,854,855,858,863,875,898,914,927,1118,1134,1149,1211,1287,1293,1322,1484,1549,1587,1618,1668,1670,1671,1825,1920,1922,1973,2188,2198,2199,2200,2202,2216,2354,2498,2594,2635,2637,2651,2679,2844,2951,2986,3048,3051,3152,3291,3591,3618,3802,4018,4112,4371,4572,4654,5627,
1137;0;11654;11791;1;29,87,93,136,137,144,146,149,290,293,297,319,400,436,539,644,647,691,765,766,767,769,810,833,835,854,855,858,863,875,898,914,927,1118,1134,1149,1211,1287,1293,1322,1484,1549,1587,1618,1668,1670,1671,1825,1920,1922,1973,2188,2198,2199,2200,2202,2216,2354,2498,2594,2635,2637,2651,2679,2844,2951,2986,3048,3051,3152,3291,3591,3618,3802,4018,4112,4371,5627,8462,8464,
237;0;11791;11855;1;4,7,8,29,87,93,136,137,144,146,148,149,235,290,293,297,319,377,390,393,400,436,539,644,647,691,765,766,767,769,810,833,835,854,855,858,863,875,898,914,927,1051,1052,1118,1134,1149,1211,1287,1293,1322,1362,1484,1549,1587,1604,1618,1668,1670,1671,1801,1806,1814,1920,1922,1973,2198,2199,2200,2202,2354,2498,2635,2679,2986,3291,3435,3618,4018,4112,5627,
237;1;11855;11930;1;4,7,8,29,87,93,136,137,144,146,148,149,235,290,293,297,319,377,390,393,400,436,539,644,647,691,765,766,767,769,810,833,835,854,855,858,863,875,898,914,927,1051,1052,1118,1134,1149,1211,1287,1293,1322,1362,1484,1549,1587,1604,1618,1668,1670,1671,1801,1814,1920,1922,1973,2198,2199,2200,2202,2354,2498,2635,2679,2986,3291,3618,4018,4112,5627,7365,7652,
953;0;11930;12071;1;4,7,8,29,87,136,137,144,146,148,149,225,235,262,277,288,290,293,297,329,377,379,390,398,400,539,644,647,691,765,766,767,769,810,833,835,854,855,863,875,898,927,949,1051,1052,1118,1134,1287,1293,1322,1359,1362,1474,1549,1587,1604,1668,1671,1680,1814,1920,1922,1973,2198,2199,2200,2202,2354,2498,2635,2679,2986,3099,3291,3618,4018,4112,5223,5224,5627,
960;0;12071;12213;1;4,7,29,87,136,137,144,146,148,149,225,226,230,231,235,262,277,288,290,293,297,301,329,377,379,390,398,400,539,644,647,765,766,767,769,810,833,835,854,855,863,875,927,949,1051,1052,1093,1118,1134,1287,1293,1322,1359,1362,1474,1476,1549,1587,1604,1668,1671,1680,1814,1920,1922,1973,2198,2199,2200,2202,2354,2498,2503,2635,2679,3099,4018,4112,5379,5627,
23;0;12213;12285;1;24,26,40,46,52,137,144,187,204,225,249,277,286,291,303,312,359,400,490,515,528,529,591,722,905,1071,1091,1256,1266,1268,1269,1270,1271,1275,1276,1277,1279,1287,1288,1293,1294,1295,1322,1587,1680,1782,1994,2051,2052,2064,2080,2217,2315,2485,2512,2796,2968,3003,3609,3703,4109,4110,4111,4112,5354,5443,6203,6957,7029,7071,7072,7073,7978,7989,8354,8413,8873,8874,8875,8876,
23;1;12285;12360;1;24,26,40,46,52,137,144,187,204,225,249,277,286,291,303,312,359,400,490,515,528,529,591,722,905,1071,1091,1256,1266,1268,1269,1270,1271,1275,1276,1277,1279,1287,1288,1293,1294,1295,1322,1587,1680,1782,1994,2051,2052,2064,2080,2217,2315,2485,2512,2796,2968,3003,3609,3703,4109,4110,4111,4112,5354,5443,6203,6957,7029,7071,7072,7073,7978,7989,8354,8413,8873,8874,8875,8876,
1023;0;12360;12508;1;24,26,40,46,52,137,144,187,204,225,249,277,286,291,303,312,359,400,490,515,528,529,591,722,905,1071,1091,1256,1266,1268,1269,1270,1271,1275,1276,1277,1279,1287,1288,1293,1294,1295,1322,1587,1680,1782,1994,2051,2052,2064,2080,2217,2315,2485,2512,2796,2968,3003,3609,3703,4109,4110,4111,4112,5354,5443,6203,6957,7029,7071,7072,7073,7978,7989,8354,8413,8873,8874,8875,8876,
989;0;12508;12657;1;24,26,40,46,52,137,144,187,204,225,249,277,286,291,303,312,359,400,490,515,528,529,591,722,905,1071,1091,1256,1266,1268,1269,1270,1271,1275,1276,1277,1279,1287,1288,1293,1294,1295,1322,1587,1680,1782,1994,2051,2052,2064,2080,2217,2315,2485,2512,2796,2968,3003,3609,3703,4109,4110,4111,4112,5354,5443,6203,6957,7029,7071,7072,7073,7978,7989,8354,8413,8873,8874,8875,8876,
1133;0;12657;12807;1;24,26,40,46,52,137,144,187,204,225,249,277,286,291,303,312,359,400,490,515,528,529,591,722,905,1071,1091,1256,1266,1268,1269,1270,1271,1275,1276,1277,1279,1287,1288,1293,1294,1295,1322,1587,1680,1782,1994,2051,2052,2064,2080,2217,2315,2485,2512,2796,2968,3003,3609,3703,4109,4110,4111,4112,5354,5443,6203,6957,7029,7071,7072,7073,7978,7989,8354,8413,8873,8874,8875,8876,
1226;0;12807;12958;1;24,26,40,46,52,137,144,187,204,225,249,277,286,291,303,312,359,400,490,515,528,529,591,722,905,1071,1091,1256,1266,1268,1269,1270,1271,1275,1276,1277,1279,1287,1288,1293,1294,1295,1322,1587,1680,1782,1994,2051,2052,2064,2080,2217,2315,2485,2512,2796,2968,3003,3609,3703,4109,4110,4111,4112,5354,5443,6203,6957,7029,7071,7072,7073,7978,7989,8354,8413,8873,8874,8875,8876,
98;0;12960;13000;1;24,26,40,46,52,137,144,187,204,225,249,277,286,291,303,312,359,400,490,515,528,529,591,722,905,1071,1091,1256,1266,1268,1269,1270,1271,1275,1276,1277,1279,1287,1288,1293,1294,1295,1322,1587,1680,1782,1994,2051,2052,2064,2080,2217,2315,2485,2512,2796,2968,3003,3609,3703,3774,4109,4110,4111,4112,5354,5443,6203,6957,7029,7071,7072,7073,7879,7978,8074,8075,8077,8115,8116,
98;1;13000;13112;1;24,26,27,40,46,52,137,144,187,204,225,249,277,286,291,303,312,359,400,408,415,426,490,515,528,529,567,591,722,905,1071,1091,1256,1266,1268,1269,1270,1271,1275,1276,1277,1279,1286,1287,1288,1293,1294,1295,1322,1587,1680,1782,1994,2051,2052,2064,2080,2217,2315,2352,2471,2485,2512,2796,2968,3003,3004,3606,3609,3703,3774,4109,4110,4111,4112,5354,5443,6203,6957,7029,
961;0;13112;13265;1;24,26,27,40,46,52,137,144,187,204,225,249,277,286,291,292,303,312,359,400,408,415,426,438,490,515,528,529,567,591,722,838,905,1071,1091,1163,1256,1266,1268,1269,1270,1271,1275,1276,1277,1279,1286,1287,1288,1293,1294,1295,1322,1587,1669,1680,1732,1782,1994,2051,2052,2064,2080,2217,2223,2315,2352,2471,2485,2512,2796,2968,3003,3004,3606,3609,3703,3774,4109,7408,
99;0;13265;13306;1;19,24,26,27,34,38,40,46,52,137,144,187,204,225,249,277,286,291,292,303,312,359,364,400,408,415,426,438,476,490,515,528,529,546,567,591,722,778,838,905,1071,1091,1163,1256,1266,1268,1269,1270,1271,1275,1276,1277,1279,1286,1287,1288,1293,1294,1295,1322,1390,1560,1587,1669,1680,1732,1782,1994,2051,2052,2064,2091,2197,2223,3766,4645,5825,6244,7408,7658,
99;1;13306;13421;1;19,24,26,27,30,34,38,40,46,52,137,144,152,169,187,190,204,225,249,277,286,291,292,303,312,359,364,400,408,415,426,438,476,490,504,515,528,529,546,567,591,722,778,838,872,905,972,1071,1091,1163,1256,1266,1268,1269,1270,1271,1275,1276,1277,1279,1286,1288,1293,1561,1562,1587,1680,1732,1887,2052,2091,2223,2563,2572,2765,3022,3346,7408,7649,7650,
866;0;13421;13578;1;19,24,26,27,30,34,38,40,46,52,137,144,152,169,187,190,204,225,249,277,286,291,292,295,297,303,312,321,359,364,397,400,408,415,426,438,476,490,504,515,528,529,546,567,591,640,722,778,838,855,872,905,911,972,1071,1091,1163,1256,1266,1268,1269,1270,1271,1275,1276,1277,1279,1286,1288,1293,1561,1587,1680,1732,1735,2052,2091,2223,3346,7408,
1007;0;13578;13737;1;7,26,34,95,137,139,142,143,144,145,225,277,288,291,292,321,390,395,429,438,439,591,647,778,838,854,855,927,948,1051,1056,1062,1092,1118,1145,1370,1373,1375,1811,2052,2489,2490,2509,2531,2614,2816,2960,3286,3346,4018,4545,6263,6413,6414,6415,6416,6417,8497,8518,9222,9223,9224,9225,9229,9230,9231,9233,9234,9235,9236,9241,9243,9244,9250,9251,9252,9253,9254,9255,9256,
1063;0;13737;13898;1;7,26,34,95,137,139,142,143,144,145,225,277,288,291,292,321,390,395,429,438,439,591,647,778,838,854,855,927,948,1051,1056,1062,1092,1118,1145,1370,1373,1375,1811,2052,2489,2490,2509,2531,2614,2816,2960,3286,3346,4018,4545,6263,6413,6414,6415,6416,6417,8497,8518,9222,9223,9224,9225,9229,9230,9231,9233,9234,9235,9236,9241,9243,9244,9250,9251,9252,9253,9254,9255,9256,
70;0;13898;13925;1;7,26,34,95,137,139,142,143,144,145,225,277,288,291,292,321,390,395,429,438,439,591,647,778,838,854,855,927,948,1051,1056,1062,1092,1118,1145,1370,1373,1375,1811,2052,2489,2490,2509,2531,2614,2816,2960,3286,3346,4018,4545,6263,6413,6414,6415,6416,6417,8497,8518,9222,9223,9224,9225,9229,9230,9231,9233,9234,9235,9236,9241,9243,9244,9250,9251,9252,9253,9254,9255,9256,
70;1;13925;14063;1;7,26,34,95,137,139,142,143,144,145,225,277,288,291,292,321,390,395,429,438,439,591,647,778,838,854,855,927,948,1051,1056,1062,1092,1118,1145,1370,1373,1375,1811,2052,2489,2490,2509,2531,2614,2816,2960,3286,3346,4018,4545,6263,6413,6414,6415,6416,6417,8497,8518,9222,9223,9224,9225,9229,9230,9231,9233,9234,9235,9236,9241,9243,9244,9250,9251,9252,9253,9254,9255,9256,
861;0;14063;14229;1;7,26,34,95,137,139,142,143,144,145,225,277,288,291,292,321,390,395,429,438,439,591,647,778,838,854,855,927,948,1051,1056,1062,1092,1118,1145,1370,1373,1375,1811,2052,2489,2490,2509,2531,2614,2816,2960,3286,3346,4018,4545,6263,6413,6414,6415,6416,6417,8497,8518,9222,9223,9224,9225,9229,9230,9231,9233,9234,9235,9236,9241,9243,9244,9250,9251,9252,9253,9254,9255,9256,
104;0;14400;14432;1;7,26,34,95,100,104,137,139,142,143,144,145,225,277,288,291,292,321,390,395,429,438,439,591,647,766,778,831,833,834,835,838,854,855,863,927,948,949,1051,1056,1062,1092,1118,1145,1370,1373,1375,1453,1529,1811,2052,2489,2490,2509,2531,2614,2626,2633,2661,2711,2816,2960,3286,3346,3459,3511,3512,3516,3517,3518,3519,3520,3521,3523,3524,3525,4018,4545,6263,6413,
104;1;14432;14568;1;26,34,95,100,137,139,142,144,145,225,277,288,291,292,321,390,395,429,430,591,647,715,766,768,778,831,833,834,838,854,863,948,949,1051,1072,1118,1145,1529,2052,2225,2318,2405,2531,2626,2630,2632,2634,2640,2641,2654,2657,2661,2667,2689,2693,2705,2706,2757,3346,3511,3516,4545,5344,7188,7212,7296,7299,7308,7316,7319,7423,8396,8415,8432,8799,8801,8803,8804,8805,8810,
1209;0;14568;14737;1;25,26,34,55,61,95,100,137,139,142,144,145,225,277,288,291,292,321,366,390,395,429,430,457,509,551,591,647,715,766,768,778,831,833,834,838,854,863,948,949,1051,1072,1118,1145,1529,1687,1849,2052,2225,2318,2405,2531,2626,2630,2632,2634,2640,2641,2654,2657,2661,2667,2689,2693,2705,3273,3346,3511,3516,4545,5344,6424,6425,6426,6427,6428,6429,6430,6431,6432,
77;0;14737;14756;1;25,26,34,55,61,95,100,137,139,142,144,145,225,277,288,291,292,321,366,390,395,429,430,457,509,551,591,644,647,715,766,768,778,831,833,834,838,854,863,948,949,1051,1072,1118,1145,1529,1687,1849,2052,2225,2318,2405,2531,2626,2630,2632,2634,2640,2641,2654,2657,2661,2667,2674,2676,2689,2693,2705,3069,3273,3346,3511,3516,4545,5344,6424,6425,6426,6427,6428,
77;1;14756;14907;1;25,26,34,55,61,95,100,137,139,142,144,145,177,225,262,273,277,288,291,292,302,305,310,314,317,321,366,390,395,429,430,442,457,509,551,591,644,647,715,766,768,778,831,833,834,838,854,863,948,949,1051,1072,1118,1121,1132,1145,1474,1529,1676,1687,1849,1932,2052,2225,2318,2405,2531,2626,2630,2632,2634,2661,2674,2693,3346,3389,3511,3516,4545,5344,
1083;0;14907;15077;1;25,26,34,55,61,95,96,100,101,137,139,142,144,145,177,225,262,273,277,288,291,292,302,305,310,314,317,321,366,390,395,429,430,442,457,509,551,591,644,647,715,766,768,778,831,833,834,838,854,863,891,948,949,1051,1072,1118,1121,1132,1145,1474,1529,1567,1676,1687,1849,2052,2531,2626,2628,2661,2674,2678,2693,3346,3511,3516,4093,4545,5230,5344,
25;0;15077;15175;1;15,95,98,137,144,145,146,149,177,225,226,234,235,245,262,267,273,277,283,288,290,291,292,306,308,310,390,395,429,430,677,764,766,843,891,1118,1121,1488,1496,1668,1679,1681,1920,1922,2052,2354,2370,2372,2376,2495,2498,2626,2661,2674,2814,3346,3535,3608,4033,4424,4425,4426,4427,4428,4429,4430,4473,4474,4475,4476,4477,4545,4972,5230,5767,5768,5769,5770,7452,7899,
25;1;15175;15248;1;15,95,98,137,144,145,146,149,177,225,226,234,235,245,262,267,273,277,283,288,290,291,292,306,308,310,390,395,429,430,677,764,766,843,891,1118,1121,1488,1496,1668,1679,1681,1920,1922,2052,2354,2370,2372,2376,2495,2498,2626,2661,2674,2814,3346,3535,3608,4033,4424,4425,4426,4427,4428,4429,4430,4473,4474,4475,4476,4477,4545,4972,5230,5767,5768,5769,5770,7452,7899,
811;0;15248;15422;1;15,95,98,137,144,145,146,149,177,225,226,234,235,245,262,267,273,277,283,288,290,291,292,306,308,310,390,395,429,430,677,764,766,843,891,1118,1121,1488,1496,1668,1679,1681,1920,1922,2052,2354,2370,2372,2376,2495,2498,2626,2661,2674,2814,3346,3535,3608,4033,4424,4425,4426,4427,4428,4429,4430,4473,4474,4475,4476,4477,4545,4972,5230,5767,5768,5769,5770,7452,7899,
66;0;15422;15572;1;15,95,98,137,144,145,146,149,177,225,226,234,235,245,262,267,273,277,283,288,290,291,292,306,308,310,390,395,429,430,677,764,766,843,891,1118,1121,1488,1496,1668,1679,1681,1920,1922,2052,2354,2370,2372,2376,2495,2498,2626,2661,2674,2814,3346,3535,3608,4033,4424,4425,4426,4427,4428,4429,4430,4473,4474,4475,4476,4477,4545,4972,5230,5767,5768,5769,5770,7452,7899,
66;1;15572;15598;1;15,95,98,137,144,145,146,149,177,225,226,234,235,245,262,267,273,277,283,288,290,291,292,306,308,310,390,395,429,430,677,764,766,843,891,1118,1121,1488,1496,1668,1679,1681,1920,1922,2052,2354,2370,2372,2376,2495,2498,2626,2661,2674,2814,3346,3535,3608,4033,4424,4425,4426,4427,4428,4429,4430,4473,4474,4475,4476,4477,4545,4972,5230,5767,5768,5769,5770,7452,7899,
Machine: 1
1198;0;0;4;1;26,27,61,137,145,231,255,291,297,351,366,528,529,538,634,640,748,754,875,1118,1143,1268,1269,1270,1272,1277,1280,1284,1287,1288,1291,1293,1294,1322,1476,1540,1575,2080,2089,2147,2221,2265,2309,2405,2407,2516,2537,2543,2645,2658,2774,2775,2778,2864,2873,2897,2898,2941,3263,3402,3597,3606,3703,3704,3709,3832,3833,3834,3835,3861,4217,4218,4451,4946,5051,5209,5409,6018,6472,7041,
1062;0;4;12;1;26,27,61,137,145,231,255,291,297,351,366,528,529,538,634,640,748,754,875,1118,1143,1268,1269,1270,1272,1277,1280,1284,1287,1288,1291,1293,1294,1322,1476,1540,1575,2080,2089,2147,2221,2265,2309,2405,2407,2516,2537,2543,2645,2658,2774,2775,2778,2864,2873,2897,2898,2941,3263,3402,3597,3606,3703,3704,3709,3832,3833,3834,3835,3861,4217,4218,4451,4946,5051,5209,5409,6018,6472,7041,
898;0;12;24;1;26,27,61,137,145,231,255,291,297,351,366,528,529,538,634,640,748,754,875,1118,1143,1268,1269,1270,1272,1277,1280,1284,1287,1288,1291,1293,1294,1322,1476,1540,1575,2080,2089,2147,2221,2265,2309,2405,2407,2516,2537,2543,2645,2658,2774,2775,2778,2864,2873,2897,2898,2941,3263,3402,3597,3606,3703,3704,3709,3832,3833,3834,3835,3861,4217,4218,4451,4946,5051,5209,5409,6018,6472,7041,
1197;0;24;39;1;26,27,61,137,145,231,255,291,297,351,366,528,529,538,634,640,748,754,875,1118,1143,1268,1269,1270,1272,1277,1280,1284,1287,1288,1291,1293,1294,1322,1476,1540,1575,2080,2089,2147,2221,2265,2309,2405,2407,2516,2537,2543,2645,2658,2774,2775,2778,2864,2873,2897,2898,2941,3263,3402,3597,3606,3703,3704,3709,3832,3833,3834,3835,3861,4217,4218,4451,4946,5051,5209,5409,6018,6472,7041,
1026;0;39;57;1;26,27,61,137,145,231,255,291,297,351,366,528,529,538,634,640,748,754,875,1118,1143,1268,1269,1270,1272,1277,1280,1284,1287,1288,1291,1293,1294,1322,1476,1540,1575,2080,2089,2147,2221,2265,2309,2405,2407,2516,2537,2543,2645,2658,2774,2775,2778,2864,2873,2897,2898,2941,3263,3402,3597,3606,3703,3704,3709,3832,3833,3834,3835,3861,4217,4218,4451,4946,5051,5209,5409,6018,6472,7041,
1034;0;57;77;1;26,27,61,137,145,231,255,291,294,297,351,366,528,529,538,634,640,748,754,769,875,944,945,1118,1143,1268,1269,1270,1272,1277,1280,1284,1287,1288,1291,1293,1294,1322,1476,1540,1567,1575,2080,2089,2147,2221,2265,2309,2405,2407,2516,2537,2543,2645,2658,2774,2775,2778,2864,2873,2897,2898,2900,2901,2905,2907,2941,3262,3263,3378,3379,3402,3597,3606,3703,3704,3861,4217,4946,5209,
914;0;77;98;1;26,27,61,137,145,198,231,255,291,294,297,351,410,457,528,529,634,640,754,769,875,944,945,1118,1138,1143,1267,1268,1269,1270,1272,1275,1277,1279,1284,1287,1288,1291,1292,1293,1294,1295,1311,1322,1476,1540,1567,2080,2147,2179,2265,2309,2405,2407,2516,2543,2645,2658,2774,2775,2778,2873,2897,2898,2900,2941,3015,3263,3402,3606,3703,3861,3988,4124,4217,4946,5146,5209,5825,6244,
1076;0;98;123;1;24,26,27,61,137,145,198,231,255,291,294,297,351,410,457,503,528,529,634,640,754,769,875,944,945,1062,1118,1143,1268,1269,1270,1277,1279,1284,1287,1288,1291,1292,1293,1294,1295,1311,1322,1476,1540,1707,2080,2147,2154,2179,2265,2309,2405,2407,2516,2645,2658,2774,2775,2778,2873,2897,2898,2900,2941,3263,3346,3402,3414,3606,3703,3861,4217,4946,5209,5825,5948,6244,7003,7214,
879;0;123;152;1;24,26,27,55,61,137,145,198,231,255,291,294,297,351,410,457,528,529,634,640,736,754,769,875,944,945,1118,1268,1270,1277,1279,1284,1287,1288,1291,1292,1293,1294,1295,1311,1322,1433,1476,1540,1707,2080,2147,2153,2154,2178,2179,2230,2265,2273,2306,2309,2407,2516,2645,2658,2774,2775,2778,2873,2898,2900,2941,3263,3346,3402,3403,3414,3606,3703,3784,4217,4946,5209,5825,6244,
779;0;152;185;1;24,26,27,55,61,137,145,175,198,231,249,255,291,294,297,457,528,557,598,640,754,769,875,944,945,1118,1268,1270,1277,1279,1287,1288,1291,1292,1293,1294,1322,1540,1707,1785,1786,1795,2080,2091,2147,2154,2175,2179,2230,2264,2273,2309,2577,2645,2774,2775,2778,2873,2898,2941,2968,3263,3346,3410,3414,3703,3765,4112,4217,4946,5091,5944,6244,7009,7029,7879,7906,8734,8735,8736,
931;0;185;220;1;24,26,27,55,61,137,145,175,189,198,231,247,249,255,291,294,297,457,528,557,598,640,734,754,769,875,944,945,1118,1268,1270,1277,1279,1287,1288,1291,1292,1293,1294,1322,1540,1707,1785,1786,1795,2080,2091,2147,2154,2175,2179,2230,2264,2273,2309,2577,2645,2774,2775,2778,2873,2898,2941,2968,3263,3346,3410,3414,3703,3765,4112,4217,4946,5091,5944,6244,7009,7029,7879,7906,
1222;0;220;257;1;24,26,27,55,61,95,137,142,145,175,189,198,231,241,247,249,255,291,293,294,297,390,398,429,457,528,640,644,647,734,754,769,772,875,944,945,1118,1268,1270,1277,1279,1287,1288,1291,1292,1293,1294,1322,1468,1540,1707,1813,2080,2091,2147,2179,2223,2230,2273,2309,2645,2774,2775,2778,2873,2898,2941,3263,3346,3414,3703,3765,4217,4946,5091,5594,6244,7009,7879,7906,
1049;0;257;296;1;24,26,27,61,95,100,137,144,145,175,189,225,231,241,255,291,297,377,379,382,390,398,429,457,528,640,644,647,734,754,769,852,854,875,938,1117,1118,1171,1268,1277,1279,1288,1292,1293,1294,1447,1468,1474,1478,1540,1661,1667,1668,1736,1768,1973,2080,2091,2179,2222,2230,2273,2309,2362,2391,2636,2638,2645,2675,2898,2941,3099,3346,3793,5138,5808,6263,7840,8125,8127,
924;0;296;340;1;24,26,27,61,95,100,137,144,145,175,189,225,231,241,255,277,291,297,377,379,382,390,398,429,457,528,591,640,644,647,734,754,769,835,849,852,854,855,875,938,1095,1117,1118,1268,1277,1279,1288,1292,1293,1294,1468,1474,1478,1540,1661,1667,1668,1973,2080,2091,2179,2230,2273,2309,2638,2645,2898,2941,3099,3346,3581,4406,6106,7212,8004,8365,8366,8394,8395,8396,
60;0;340;351;1;8,24,26,27,61,95,100,137,144,145,175,189,225,231,241,255,277,291,297,377,379,382,390,391,398,404,429,457,528,591,640,644,645,647,648,734,754,769,835,849,852,854,855,875,938,1117,1118,1146,1268,1277,1279,1288,1292,1293,1294,1468,1473,1474,1478,1540,1661,1667,1668,1933,1973,2080,2091,2102,2108,2179,2230,2273,2309,2458,2638,2645,2898,2941,3099,3346,
60;1;351;387;1;8,24,26,27,61,95,100,137,144,145,175,189,225,231,241,255,277,291,297,377,379,382,390,391,398,404,429,457,528,591,640,644,645,647,648,734,754,769,835,849,852,854,855,875,938,1117,1118,1146,1268,1277,1279,1288,1292,1293,1294,1468,1473,1474,1478,1540,1661,1667,1668,1973,2080,2091,2179,2230,2273,2309,2458,2638,2645,2898,2941,3099,3346,7363,7549,7550,
814;0;387;436;1;4,24,26,27,61,87,89,90,95,100,137,144,145,175,189,231,241,255,277,291,297,377,391,398,404,429,457,528,640,647,734,754,764,768,769,770,833,835,836,854,855,858,862,875,1046,1117,1118,1146,1214,1268,1277,1279,1288,1292,1293,1294,1474,1478,1515,1516,1518,1519,1520,1521,1522,1526,1527,1528,1529,1540,2080,2091,2179,2230,2273,2309,2645,2898,2941,3346,
917;0;436;487;1;4,24,26,27,61,87,89,90,95,100,137,144,145,175,189,231,241,255,276,277,291,297,377,391,398,404,429,457,528,640,647,734,754,764,768,769,770,833,835,836,854,855,858,862,875,1046,1058,1117,1118,1146,1147,1214,1268,1277,1279,1288,1292,1293,1294,1474,1478,1515,1516,1518,1529,1540,2080,2091,2179,2230,2273,2309,2645,2898,2941,3346,3925,4016,4017,4018,
880;0;487;540;1;4,24,26,27,61,89,90,95,100,137,144,145,175,189,231,241,251,255,276,277,291,297,377,391,398,404,429,457,528,640,647,734,754,768,769,833,835,836,854,855,858,862,868,875,1046,1117,1118,1146,1147,1268,1277,1279,1286,1288,1292,1293,1294,1474,1478,1516,1518,1529,1540,2080,2091,2179,2230,2273,2309,2310,2311,2312,2313,2314,2315,2316,2645,2898,2941,3346,
1179;0;540;595;1;24,26,27,61,89,90,95,100,137,144,145,175,189,231,241,255,276,277,291,297,377,391,398,404,429,457,528,640,647,754,768,769,835,854,855,858,862,875,1117,1118,1146,1268,1277,1279,1288,1292,1293,1294,1474,1478,1518,1529,1540,2080,2091,2230,2645,2898,2941,3346,3484,3485,3486,3489,3490,3491,3492,3493,3494,3496,3498,3499,3500,3501,3502,3503,3504,3505,3659,3660,
825;0;595;652;1;24,26,27,61,89,90,95,100,137,139,144,145,146,149,175,189,231,241,255,262,276,277,288,291,297,314,321,329,377,391,398,404,429,457,528,640,647,754,768,769,835,838,854,855,858,862,875,948,949,1117,1118,1146,1268,1277,1279,1288,1292,1293,1294,1474,1478,1479,1488,1513,1518,1529,1540,2080,2091,2230,2645,2898,2941,3346,3484,3485,3498,4968,5050,5646,
1002;0;652;711;1;24,26,27,61,95,100,137,139,144,145,149,175,189,231,241,255,262,276,277,288,291,297,321,329,377,391,398,429,457,528,647,677,715,754,765,769,835,838,854,855,858,875,949,1117,1118,1146,1268,1277,1279,1288,1292,1293,1294,1474,1478,1481,1518,2080,2091,2230,2475,2628,2645,2661,2898,2941,3346,3498,4802,5525,5722,5869,6352,7254,7255,7256,7257,7258,7259,7260,
159;0;711;723;1;24,26,95,139,144,145,149,189,231,241,245,248,255,273,274,277,289,290,291,297,321,336,377,391,395,398,400,429,528,558,647,677,754,765,769,835,855,856,858,891,911,979,1023,1024,1118,1277,1288,1292,1293,1294,1474,1478,1518,1587,1777,1816,1920,1922,2080,2408,2409,2419,2645,2689,2898,2941,3315,3715,4552,5206,5351,6184,6957,7035,7060,7061,7215,7216,7218,7219,
159;1;723;772;1;24,26,95,139,144,145,149,189,231,241,245,248,255,273,274,277,289,290,291,297,321,336,377,391,395,398,400,429,528,558,647,677,754,765,769,835,855,856,858,891,911,979,1023,1024,1118,1277,1288,1292,1293,1294,1474,1478,1518,1587,1777,1816,1920,1922,2080,2408,2409,2419,2645,2689,2898,2941,3315,3715,4552,5206,5351,6184,6957,7035,7060,7061,7215,7216,7218,7219,
1218;0;772;835;1;24,26,95,139,144,145,149,189,231,241,245,248,255,273,274,277,289,290,291,297,321,336,377,391,395,398,400,429,528,558,647,677,754,765,769,835,855,856,858,891,911,979,1023,1024,1118,1277,1288,1292,1293,1294,1474,1478,1518,1587,1777,1816,1920,1922,2080,2408,2409,2419,2645,2689,2898,2941,3315,3715,4552,5206,5351,6184,6957,7035,7060,7061,7215,7216,7218,7219,
892;0;835;901;1;24,26,95,139,144,145,149,189,231,241,245,248,255,273,274,277,289,290,291,297,321,336,377,391,395,398,400,429,528,558,647,677,754,765,769,835,855,856,858,891,911,979,1023,1024,1118,1277,1288,1292,1293,1294,1474,1478,1518,1587,1777,1816,1920,1922,2080,2408,2409,2419,2645,2689,2898,2941,3315,3715,4552,5206,5351,6184,6957,7035,7060,7061,7215,7216,7218,7219,
1048;0;901;968;1;24,26,95,139,144,145,149,189,231,241,245,248,255,273,274,277,289,290,291,297,321,336,377,391,395,398,400,429,528,558,647,677,754,765,769,835,855,856,858,891,911,979,1023,1024,1118,1277,1288,1292,1293,1294,1474,1478,1518,1587,1777,1816,1920,1922,2080,2408,2409,2419,2645,2689,2898,2941,3315,3715,4552,5206,5351,6184,6957,7035,7060,7061,7215,7216,7218,7219,
1184;0;1440;1508;1;24,26,95,139,144,145,149,189,231,241,245,248,255,273,274,277,289,290,291,297,321,336,377,391,395,398,400,429,476,528,558,647,677,729,754,765,769,835,855,858,891,911,979,987,1024,1118,1277,1288,1292,1293,1294,1474,1478,1518,1587,1719,1777,1816,1920,1922,2074,2080,2409,2419,2555,2645,2849,2898,2941,3814,4552,5206,5351,6184,6686,6957,7035,7215,7216,9194,
321;0;1508;1558;1;24,26,38,95,139,144,145,149,189,231,241,245,248,255,273,274,277,289,290,291,297,321,377,391,395,398,400,429,528,647,677,729,754,765,769,835,855,858,871,872,873,874,891,911,979,987,1024,1118,1142,1277,1288,1292,1293,1294,1456,1460,1461,1474,1478,1518,1587,1777,1816,1920,1922,2074,2409,2419,2555,2645,2898,2941,4552,5206,5351,6184,6957,7035,7215,7216,
321;1;1558;1582;1;24,26,38,88,95,139,144,145,149,189,231,241,245,248,273,277,289,290,291,297,321,337,377,391,395,398,400,429,528,647,677,729,754,765,769,835,843,855,858,871,872,873,874,891,979,987,1024,1118,1142,1277,1288,1292,1293,1456,1474,1478,1518,1587,1777,1920,1922,1972,2074,2403,2555,2631,2635,2645,2653,2898,2941,3618,4389,4552,5206,5337,5351,6184,7215,7216,
152;0;1582;1606;1;24,26,38,88,95,100,137,139,144,145,149,189,231,232,245,248,273,276,277,288,289,290,291,297,321,337,377,391,395,398,400,429,528,596,647,677,729,754,769,843,855,858,871,872,873,874,979,987,1054,1117,1118,1119,1142,1288,1293,1456,1474,1478,1518,1587,1763,1777,1843,1919,1920,1922,2052,2074,2555,2645,2898,2941,4088,4834,5011,5206,5511,5516,5589,5590,
152;1;1606;1657;1;24,26,38,88,95,100,137,139,144,145,149,189,231,232,245,248,273,276,277,288,289,290,291,297,321,335,337,377,391,395,398,400,429,528,596,647,677,729,754,769,843,855,858,871,872,873,874,979,987,1054,1117,1118,1119,1142,1288,1293,1456,1474,1478,1518,1587,1763,1777,1843,1919,1920,1922,2052,2074,2548,2555,2627,2645,2898,2941,4088,4834,5011,5206,5511,
1170;0;1657;1732;1;24,26,28,38,88,95,100,137,139,144,145,149,189,221,231,232,245,248,273,276,277,288,289,290,291,297,321,335,337,377,391,395,398,400,429,528,565,596,647,677,729,754,769,843,855,858,871,872,873,874,979,987,1054,1117,1118,1119,1142,1288,1293,1456,1474,1478,1518,1587,1763,1777,1843,1919,1920,1922,2052,2074,2555,2627,2645,2898,2941,3010,5206,5511,
806;0;1732;1809;1;24,26,38,88,95,97,137,139,144,145,149,189,221,231,245,273,276,277,288,289,290,291,297,321,377,395,398,429,528,608,647,677,729,754,767,769,773,814,843,854,855,858,871,872,873,874,979,1117,1118,1142,1288,1293,1395,1456,1478,1587,1777,1914,1915,1919,1920,1922,2074,2091,2555,2627,2645,2670,2677,2898,2941,2988,4093,5454,5511,6098,6099,7217,7423,8238,
1207;0;1809;1886;1;24,26,38,61,88,95,97,137,139,144,145,149,157,189,221,231,245,273,276,277,288,289,290,291,297,321,377,395,398,429,457,528,647,658,677,729,754,767,769,773,814,843,854,855,858,871,872,873,874,979,1117,1118,1288,1293,1456,1478,1587,1777,1851,1914,1915,1919,1920,1922,2074,2091,2415,2416,2555,2627,2645,2677,2898,2941,2988,4093,6098,6099,7217,7423,
975;0;1886;1964;1;24,26,38,61,70,88,95,97,137,139,144,145,149,189,221,231,245,273,276,277,288,289,290,291,297,321,377,395,398,429,528,647,677,729,754,767,769,773,814,843,854,855,858,871,872,873,874,875,876,877,880,979,1117,1118,1288,1293,1456,1478,1587,1777,1914,1915,1919,1920,1922,2074,2091,2213,2555,2627,2645,2677,2898,2988,3448,4093,6098,6099,7217,7423,
32;0;1964;2001;1;15,24,26,38,54,60,61,88,95,97,137,139,144,145,149,189,231,245,273,276,277,288,289,290,291,297,321,377,395,398,429,528,647,729,754,767,773,843,854,855,858,871,872,873,874,875,979,1117,1118,1288,1293,1456,1478,1587,1777,1914,1915,1920,1922,2062,2063,2091,2555,2627,2645,2898,2988,3345,3346,4093,4313,4314,4315,4316,4317,4318,6098,6099,7217,7423,
32;1;2001;2043;1;15,24,26,27,38,54,60,61,88,95,97,137,139,144,145,149,175,189,231,245,273,276,277,288,289,290,291,297,321,377,395,398,429,528,647,729,754,767,773,843,854,855,858,871,872,873,874,875,979,1117,1118,1268,1279,1288,1293,1456,1478,1587,1777,1914,1915,1920,1922,2091,2174,2230,2478,2555,2627,2645,2898,2988,3345,3346,3598,4093,6098,6099,7217,7423,
896;0;2043;2126;1;24,26,38,54,60,61,88,95,97,137,139,144,145,149,175,189,231,245,273,276,277,288,289,290,291,297,321,377,395,398,429,528,647,729,767,773,843,855,858,871,872,873,874,875,979,1117,1118,1288,1293,1456,1478,1777,1914,1915,1920,1922,2091,2174,2555,2627,2645,2898,2988,3311,3345,3346,3475,3498,3664,3672,3681,3683,3685,3724,3725,4093,6098,6099,7217,7423,
884;0;2126;2210;1;18,19,21,24,26,34,37,38,54,55,62,95,137,144,145,149,178,189,198,212,231,277,288,290,291,321,377,396,398,429,773,843,871,872,873,874,875,995,1118,1145,1146,1288,1313,1456,1466,1920,1922,1941,1942,1944,1945,2197,2555,2611,2645,2839,2840,2841,2842,2843,3469,3470,3471,3472,3473,3474,3475,3476,3477,3478,3479,3480,3481,3482,3657,3658,5471,5846,6244,7658,
288;0;2210;2286;1;18,19,21,24,26,34,37,38,54,55,62,95,137,144,145,149,178,189,198,212,231,277,288,290,291,321,377,396,398,429,773,843,871,872,873,874,875,995,1118,1145,1146,1288,1313,1456,1466,1920,1922,1941,1942,1944,1945,2197,2555,2611,2645,2839,2840,2841,2842,2843,3469,3470,3471,3472,3473,3474,3475,3476,3477,3478,3479,3480,3481,3482,3657,3658,5471,5846,6244,7658,
288;1;2286;2297;1;18,19,21,24,26,34,37,38,54,55,62,95,137,144,145,149,178,189,198,212,231,277,288,290,291,321,377,396,398,429,773,843,871,872,873,874,875,995,1118,1145,1146,1288,1313,1456,1466,1920,1922,1941,1942,1944,1945,2197,2555,2611,2645,2839,2840,2841,2842,2843,3469,3470,3471,3472,3473,3474,3475,3476,3477,3478,3479,3480,3481,3482,3657,3658,5471,5846,6244,7658,
102;0;2297;2357;1;18,19,21,24,26,34,37,38,54,55,62,95,137,144,145,149,178,189,198,212,231,277,288,290,291,321,377,396,398,429,773,843,871,872,873,874,875,995,1118,1145,1146,1288,1313,1456,1466,1920,1922,1941,1942,1944,1945,2197,2555,2611,2645,2839,2840,2841,2842,2843,3469,3470,3471,3472,3473,3474,3475,3476,3477,3478,3479,3480,3481,3482,3657,3658,5471,5846,6244,7658,
102;1;2880;2910;1;18,19,21,24,26,34,37,38,54,55,62,95,137,144,145,149,178,189,198,231,277,288,290,291,321,329,377,396,397,398,429,773,838,839,843,871,872,873,874,875,901,949,995,1118,1146,1170,1288,1456,1466,1809,1884,1920,1922,2197,2504,2555,2611,2645,2774,2778,2779,3263,3435,4604,4605,4606,5894,5895,5898,5899,5901,6126,6127,6128,6129,6244,6361,6362,6363,7658,
815;0;2910;3000;1;19,24,26,34,37,38,54,55,95,137,144,145,149,178,189,198,231,277,288,290,291,321,329,377,396,397,398,429,773,838,839,843,871,872,873,874,875,901,949,995,1118,1146,1288,1456,1466,1809,1884,1920,1922,2150,2172,2239,2240,2504,2555,2645,2774,2778,2861,2873,3263,3435,3720,3721,3753,4604,4605,4606,5894,5895,5898,5899,5901,6126,6128,6129,6244,6362,6363,7658,
785;0;3000;3095;1;19,24,26,34,37,38,54,55,95,126,137,144,145,149,178,189,198,231,277,288,290,291,321,329,377,396,397,398,429,472,773,838,839,843,871,872,873,874,875,901,949,995,1118,1146,1288,1456,1466,1809,1884,1920,1922,2146,2147,2150,2172,2239,2240,2504,2555,2645,2774,2778,2873,3263,3435,4604,4605,4606,5894,5895,5898,5899,5901,6126,6128,6129,6244,6362,6363,7658,
1091;0;3095;3193;1;19,24,26,34,37,38,54,55,95,126,137,144,145,149,178,189,231,262,277,288,291,321,329,377,390,397,398,429,640,648,773,838,839,843,871,872,873,874,875,901,949,995,1093,1118,1146,1363,1456,1466,1809,1814,1884,1920,1922,2240,2503,2504,2555,2559,2645,2774,2778,2873,3263,3435,4604,4605,4606,5253,5894,5895,5898,5899,5901,6126,6128,6244,6362,6363,6611,7658,
382;0;3193;3261;1;19,24,26,34,37,38,54,55,95,126,137,144,145,149,178,189,231,262,277,288,291,321,329,377,390,397,398,429,490,640,648,773,838,839,843,871,872,873,874,875,901,949,995,1093,1118,1146,1363,1456,1466,1809,1814,1884,1920,1922,2240,2503,2504,2555,2559,2645,2774,2778,2873,3263,3435,4604,4605,4606,5253,5894,5895,5898,5899,5901,6126,6128,6244,6362,6363,7658,
382;1;3261;3293;1;19,24,26,34,37,38,54,55,90,95,126,137,144,145,149,178,189,231,262,277,288,291,321,329,377,390,397,398,429,640,772,773,838,839,843,872,875,901,949,995,1093,1118,1146,1363,1466,1809,1814,1884,1920,1922,2240,2498,2504,2555,2645,2774,2778,2873,3263,3435,4427,4604,4605,4606,4728,4747,5107,5108,5109,5894,5895,5898,5899,5901,6126,6128,6244,6362,6363,7658,
335;0;3293;3380;1;19,20,24,25,26,34,37,38,39,41,43,48,50,54,55,76,90,95,126,137,144,145,178,189,194,217,231,277,288,291,321,329,377,390,397,398,429,512,773,838,839,872,875,901,949,995,1093,1118,1146,1363,1466,1809,1884,1922,2240,2504,2555,2645,2774,2778,2873,3263,3435,4286,4427,4604,4605,4606,5109,5513,5894,5899,5901,6126,6244,6362,6363,7243,7657,7658,
335;1;3380;3394;1;19,20,24,25,26,34,37,38,39,41,43,48,50,54,55,76,90,95,126,137,144,145,178,189,194,217,231,277,288,291,321,329,377,390,397,398,429,512,518,773,838,839,872,875,901,949,995,1093,1118,1146,1363,1466,1809,1884,1922,2168,2240,2504,2555,2645,2774,2778,2873,3263,3414,3435,4286,4427,4604,4605,4606,5109,5894,5899,5901,6126,6244,6362,6363,6705,
179;0;3394;3495;1;19,20,24,25,26,34,37,38,39,41,43,48,50,54,55,76,90,95,126,137,144,145,178,189,194,217,231,277,288,291,321,329,377,390,397,398,429,512,518,579,773,838,839,872,875,901,949,995,1093,1118,1146,1363,1466,1809,1884,1922,2168,2240,2504,2555,2645,2774,2778,2873,3263,3414,3435,4286,4427,4604,4605,4606,5109,5894,5899,5901,6126,6244,6362,6363,
179;1;3495;3499;1;19,20,24,25,26,34,37,38,39,41,43,48,50,54,55,76,90,95,126,137,144,145,178,189,231,277,288,291,321,329,377,390,397,398,429,518,773,838,839,872,875,901,949,995,1093,1118,1146,1363,1466,1809,1884,1922,2168,2240,2504,2555,2645,2774,2778,2873,3263,3414,3435,4427,4604,4605,4606,5109,5894,5899,5901,6126,6244,6362,6363,8484,8498,8499,8500,8501,
1206;0;3499;3605;1;2,24,26,54,88,90,97,139,144,145,189,225,231,234,270,277,288,289,291,397,429,647,692,767,773,855,875,924,1093,1117,1172,1201,1234,1236,1424,1475,1502,1529,1530,1914,1915,1922,2168,2627,2657,2668,2692,2714,2806,2873,2898,2986,2988,2998,2999,3000,3001,3414,4093,4259,4280,4376,4427,5402,5484,5485,6098,6099,6235,7217,7423,8074,8075,8076,8077,8078,8079,8080,8081,8129,
1115;0;3605;3716;1;2,24,26,54,88,90,97,139,144,145,189,225,231,234,270,277,288,289,291,397,429,647,692,767,773,855,875,924,1093,1117,1172,1201,1234,1236,1424,1475,1502,1529,1530,1914,1915,1922,2168,2627,2657,2668,2692,2714,2806,2873,2898,2986,2988,2998,2999,3000,3001,3414,4093,4259,4280,4376,4427,5402,5484,5485,6098,6099,6235,7217,7423,8074,8075,8076,8077,8078,8079,8080,8081,8129,
266;0;3716;3720;1;2,24,26,54,88,90,97,139,144,145,189,225,231,234,270,277,288,289,291,397,429,647,692,767,773,855,875,924,1093,1117,1172,1201,1234,1236,1424,1475,1502,1529,1530,1914,1915,1922,2168,2627,2657,2668,2692,2714,2806,2873,2898,2986,2988,2998,2999,3000,3001,3414,4093,4259,4280,4376,4427,5402,5484,5485,6098,6099,6235,7217,7423,8074,8075,8076,8077,8078,8079,8080,8081,8129,
266;1;3720;3829;1;2,24,26,54,88,90,97,139,144,145,189,225,231,234,270,277,288,289,291,397,429,647,692,767,773,855,875,924,1093,1117,1172,1201,1234,1236,1424,1475,1502,1529,1530,1914,1915,1922,2168,2627,2657,2668,2692,2714,2806,2873,2898,2986,2988,2998,2999,3000,3001,3414,4093,4259,4280,4376,4427,5402,5484,5485,6098,6099,6235,7217,7423,8074,8075,8076,8077,8078,8079,8080,8081,8129,
343;0;3829;3868;1;2,24,26,54,88,90,97,139,144,145,189,225,231,234,270,277,288,289,291,397,429,647,692,767,773,855,875,924,1093,1117,1172,1201,1234,1236,1424,1475,1502,1529,1530,1914,1915,1922,2168,2627,2657,2668,2692,2714,2806,2873,2898,2986,2988,2998,2999,3000,3001,3414,4093,4259,4280,4376,4427,5402,5484,5485,6098,6099,6235,7217,7423,8074,8075,8076,8077,8078,8079,8080,8081,8129,
343;1;4320;4399;1;2,24,26,54,88,90,97,139,144,145,152,175,189,197,225,231,234,270,277,288,289,291,397,429,551,647,692,729,767,773,855,875,924,1093,1117,1172,1201,1234,1236,1291,1341,1424,1475,1502,1529,1530,1914,1915,1922,2148,2168,2174,2233,2258,2627,2657,2668,2692,2714,2856,2873,2898,2986,2988,2998,3409,3414,3802,3829,4060,4093,4217,4280,4427,4866,4868,4869,5779,6099,7217,
306;0;4399;4502;0;2,24,26,54,88,90,97,139,144,145,152,175,189,197,225,231,234,270,277,288,289,291,397,415,429,551,647,692,729,773,855,875,1093,1117,1172,1201,1236,1291,1341,1424,1475,1502,1529,1545,1777,1914,1915,1922,2068,2148,2168,2174,2233,2258,2627,2692,2856,2873,2898,2986,2988,2998,3409,3414,3802,3829,4060,4093,4217,4280,4427,4864,4866,4868,4869,4871,5779,5780,6099,7217,
306;1;4502;4613;0;2,24,26,54,88,90,97,139,144,145,152,175,189,197,225,231,234,270,277,288,289,291,397,415,429,528,551,647,692,729,773,855,875,1093,1117,1172,1201,1236,1291,1293,1341,1424,1475,1502,1529,1545,1777,1914,1915,1922,2068,2148,2168,2174,2220,2233,2258,2417,2627,2692,2856,2873,2898,2986,2988,2998,3409,3414,3802,3829,4060,4093,4217,4280,4427,4450,4864,4866,6099,7217,
1117;0;4613;4732;1;4,24,26,54,88,89,90,97,139,144,145,152,189,225,231,234,270,276,277,288,289,291,397,429,528,647,768,773,831,833,836,855,858,862,863,875,944,945,1046,1093,1117,1172,1201,1236,1291,1293,1424,1475,1502,1513,1525,1529,1532,1533,1536,1537,1539,1540,1914,1915,1922,2168,2233,2258,2627,2692,2873,2898,2986,2988,3409,3414,3829,4093,4217,4280,4427,4450,6099,7217,
1199;0;4732;4853;1;4,24,26,46,54,88,89,90,97,139,144,145,152,189,225,231,234,270,276,277,288,289,291,397,429,528,647,768,773,831,833,836,855,858,862,863,875,944,945,1046,1093,1117,1172,1201,1236,1291,1293,1424,1475,1502,1513,1525,1529,1532,1533,1536,1537,1914,1915,1922,2168,2233,2258,2627,2692,2873,2898,2937,2986,2988,3409,3414,3829,4093,4217,4280,4427,4450,6099,7217,
41;0;4853;4947;1;4,24,26,46,54,88,89,90,97,139,144,145,152,189,225,231,234,270,276,277,288,289,291,397,429,528,647,768,773,831,833,836,855,858,862,863,875,944,945,1046,1093,1117,1172,1201,1236,1291,1293,1424,1475,1502,1513,1525,1529,1532,1533,1536,1537,1914,1915,1922,2168,2233,2258,2627,2692,2873,2898,2986,2988,3409,3414,3829,4093,4217,4280,4427,4450,6099,7217,7453,
41;1;4947;4977;1;4,24,26,46,54,88,89,90,97,139,144,145,152,189,225,231,234,270,276,277,288,289,291,397,429,528,647,768,773,831,833,836,855,858,862,863,875,944,945,1046,1093,1117,1172,1201,1236,1291,1293,1424,1475,1502,1513,1525,1529,1532,1533,1536,1707,1914,1915,1922,2233,2258,2540,2627,2692,2873,2898,2986,2988,3346,3409,3414,3829,4093,4217,4280,4427,4450,6099,7217,
857;0;4977;5103;1;24,46,54,74,79,88,97,113,139,144,145,189,225,228,229,231,234,240,243,245,268,273,277,286,288,291,397,429,497,578,647,827,833,855,858,863,979,1093,1094,1096,1097,1099,1196,1291,1293,1390,1472,1502,1529,1898,1914,1915,1922,1936,2103,2627,2692,2986,2988,3022,3133,3627,3636,3796,3870,4093,4217,4294,4427,4467,4881,4882,5049,5058,5100,5496,5733,5843,6099,7217,
385;0;5103;5165;1;24,46,54,74,79,88,97,113,139,144,145,189,225,228,229,231,234,240,243,245,268,273,277,286,288,291,397,429,497,578,647,827,833,855,858,863,979,1093,1094,1096,1097,1099,1196,1291,1293,1390,1472,1502,1529,1898,1914,1915,1922,1936,2103,2627,2692,2986,2988,3022,3133,3627,3636,3796,3870,4093,4217,4294,4427,4467,4881,4882,5049,5058,5100,5496,5733,5843,6099,7217,
385;1;5165;5231;1;24,46,54,74,79,88,97,113,139,144,145,189,225,228,229,231,234,240,243,245,268,273,277,286,288,291,397,429,497,578,647,827,833,855,858,863,979,1093,1094,1096,1097,1099,1196,1291,1293,1390,1472,1502,1529,1898,1914,1915,1922,1936,2103,2627,2692,2986,2988,3022,3133,3627,3636,3796,3870,4093,4217,4294,4427,4467,4881,4882,5049,5058,5100,5496,5733,5843,6099,7217,
147;0;5231;5394;0;24,46,54,74,79,88,97,113,139,144,145,189,225,228,229,231,234,240,243,245,268,273,277,286,288,291,397,429,497,578,647,827,833,855,858,863,979,1093,1094,1096,1097,1099,1196,1291,1293,1390,1472,1502,1529,1898,1914,1915,1922,1936,2103,2627,2692,2986,2988,3022,3133,3627,3636,3796,3870,4093,4217,4294,4427,4467,4881,4882,5049,5058,5100,5496,5733,5843,6099,7217,
147;1;5760;5856;0;24,46,54,79,88,97,136,139,144,145,183,189,225,231,245,273,277,288,291,397,429,497,647,827,833,855,858,863,948,1093,1096,1097,1196,1291,1293,1478,1502,1529,1669,1807,1914,1915,1922,1936,2053,2627,2692,2953,2986,2988,3278,3870,4033,4093,4217,4427,4533,4535,4553,4902,4956,4959,4960,5274,5432,5733,6099,6644,6645,6967,6968,6969,6970,6971,6972,6973,6974,6975,6976,7217,
232;0;5856;6028;0;19,24,46,54,79,88,97,136,139,144,145,183,189,225,231,245,273,277,288,291,397,429,497,647,803,827,833,855,858,863,948,1093,1096,1097,1196,1291,1293,1478,1502,1529,1558,1669,1807,1914,1915,1922,1936,2053,2627,2692,2953,2986,2988,3278,3870,4033,4093,4217,4427,4533,4535,4553,4902,4956,4959,4960,5274,5432,5733,6099,6644,6645,6967,6968,6969,6970,6971,6972,6973,7217,
232;1;6028;6111;0;19,24,46,54,79,88,97,136,139,144,145,183,189,225,231,245,273,277,288,291,390,397,405,429,497,647,803,827,833,855,858,863,948,1093,1096,1097,1196,1291,1293,1478,1502,1529,1558,1669,1807,1914,1915,1922,1936,2053,2627,2692,2953,2986,2988,3034,3278,3870,4033,4093,4217,4427,4533,4535,4553,4902,4956,4959,4960,5109,5274,5432,5505,5506,5507,5733,6099,6644,6645,7217,
127;0;6111;6163;0;24,46,54,61,79,88,97,139,144,145,189,225,231,245,247,273,277,288,291,390,397,429,497,647,757,827,833,855,858,863,948,1093,1096,1097,1196,1291,1293,1466,1478,1502,1529,1669,1914,1915,2073,2627,2692,2868,2986,2988,3034,3072,3278,3589,3590,3703,3870,3908,4093,4119,4217,4535,4736,4956,4959,4960,5274,5733,6092,6099,7009,7217,8354,8536,8537,8538,8539,8540,8541,8542,
127;1;6163;6314;0;24,46,54,61,79,97,117,137,139,144,145,189,225,231,288,291,329,377,390,397,429,497,647,827,839,858,901,948,1096,1097,1118,1196,1291,1308,1478,1529,1669,1809,1915,2091,2504,2573,2627,2645,2774,2775,2777,2778,2988,3034,3263,3435,3703,3870,3908,4093,4605,4606,4612,4759,4761,4822,5191,5299,5492,5665,5733,5890,5891,5892,5899,5901,6099,6126,6362,6363,6364,6366,6367,8354,
248;0;6314;6347;0;24,46,54,61,79,97,117,137,139,144,145,189,225,231,288,291,329,377,390,397,404,429,497,647,827,839,858,901,948,1096,1097,1118,1146,1196,1291,1308,1473,1478,1529,1669,1809,1915,2091,2504,2573,2627,2645,2774,2775,2777,2778,2988,3034,3263,3435,3703,3870,3908,4093,4503,4605,4606,4612,4759,4761,4822,5191,5299,5492,5733,5890,5899,5901,6000,6099,6126,6362,6363,6364,8354,
248;1;6347;6494;0;24,95,97,139,143,144,145,225,288,294,297,329,339,390,395,398,429,644,647,853,895,948,952,1041,1135,1146,1147,1198,1478,1481,1529,2091,2318,2599,2600,2627,2628,2645,2770,2774,2775,2778,2970,2971,2972,2973,2974,2975,2976,2977,2988,3034,3174,3263,3268,3280,3284,3633,3712,4093,4472,4567,4739,4740,4802,4946,5230,5633,5731,5733,5911,6089,6090,6099,7425,7426,7427,7428,7429,7430,
1092;0;6494;6673;0;24,95,97,139,143,144,145,225,288,294,297,329,339,390,395,398,429,644,647,853,895,948,952,1041,1135,1146,1147,1198,1478,1481,1529,2091,2318,2599,2600,2627,2628,2645,2770,2774,2775,2778,2970,2971,2972,2973,2974,2975,2976,2977,2988,3034,3174,3263,3268,3280,3284,3633,3712,4093,4472,4567,4739,4740,4802,4946,5230,5633,5731,5733,5911,6089,6090,6099,7425,7426,7427,7428,7429,7430,
963;0;6673;6847;0;24,95,97,139,143,144,145,225,288,294,297,329,339,390,395,398,429,644,647,853,895,948,952,1041,1135,1146,1147,1198,1478,1481,1529,2091,2318,2599,2600,2627,2628,2645,2770,2774,2775,2778,2970,2971,2972,2973,2974,2975,2976,2977,2988,3034,3174,3263,3268,3280,3284,3633,3712,4093,4472,4567,4739,4740,4802,4946,5230,5633,5731,5733,5911,6089,6090,6099,7425,7426,7427,7428,7429,7430,
832;0;6847;7011;0;24,95,97,139,143,144,145,225,288,294,297,329,339,390,395,398,429,644,647,853,895,948,952,1041,1135,1146,1147,1198,1478,1481,1529,2091,2318,2599,2600,2627,2628,2645,2770,2774,2775,2778,2970,2971,2972,2973,2974,2975,2976,2977,2988,3034,3174,3263,3268,3280,3284,3633,3712,4093,4472,4567,4739,4740,4802,4946,5230,5633,5731,5733,5911,6089,6090,6099,7425,7426,7427,7428,7429,7430,
1096;0;7200;7357;0;24,95,97,139,143,144,145,225,288,294,297,329,339,390,395,398,429,644,647,787,790,853,895,948,952,957,995,1041,1135,1146,1147,1198,1478,1481,1529,1589,1980,2036,2091,2318,2567,2599,2600,2627,2628,2645,2770,2774,2775,2778,2970,2971,2972,2973,2974,2975,2976,2977,2988,3034,3174,3263,3268,3284,3633,3712,4003,4093,4103,4114,4167,4168,4169,4170,4172,4472,4567,4740,4802,6099,
1182;0;7357;7513;0;24,95,97,139,143,144,145,185,206,225,288,294,297,329,339,390,395,398,429,644,647,787,790,853,895,948,952,957,995,1041,1063,1135,1146,1147,1198,1333,1478,1481,1529,1589,1980,1988,2036,2091,2318,2567,2599,2600,2627,2628,2645,2770,2774,2775,2778,2970,2971,2972,2973,2974,2975,2976,2977,2988,3034,3174,3256,3263,3268,3284,3345,3633,3712,4003,4093,4472,4567,4740,4802,6099,
986;0;7513;7662;0;24,95,97,139,143,144,145,185,206,225,288,294,297,329,339,390,395,398,429,644,647,787,790,853,895,948,952,957,995,1041,1063,1135,1146,1147,1198,1333,1478,1481,1529,1589,1980,1988,2036,2091,2318,2567,2599,2600,2627,2628,2645,2770,2774,2775,2778,2970,2971,2972,2988,3034,3263,3284,3345,3633,3712,4093,4472,4567,4740,4802,6099,8787,8788,8968,8969,8970,8971,8972,8973,8974,
1187;0;7662;7806;0;24,27,60,95,97,139,143,144,145,185,206,225,251,256,288,294,297,329,339,390,395,398,429,644,647,655,787,790,853,895,948,952,957,971,995,1041,1063,1135,1146,1147,1198,1333,1478,1481,1529,1580,1589,1980,1988,2036,2091,2318,2555,2567,2599,2600,2627,2628,2645,2770,2774,2775,2778,2970,2971,2988,3034,3263,3284,3345,3396,3633,3712,4093,4472,4567,4740,4802,6099,8128,
24;0;7806;7820;0;5,24,27,60,95,97,139,143,144,145,146,185,206,225,251,256,288,292,294,297,321,329,339,390,395,398,429,644,647,655,704,787,790,853,854,895,948,952,971,1051,1063,1146,1231,1359,1361,1375,1478,1481,1488,1580,1980,2036,2091,2318,2321,2555,2627,2628,2645,2774,2775,2778,2821,2824,2892,2988,3034,3263,3284,3345,3396,3633,3712,4093,4472,4567,4740,4802,6099,6169,
24;1;7820;7946;0;60,95,97,144,169,178,179,185,206,225,251,256,307,311,312,329,395,483,502,506,516,569,655,677,715,815,872,898,971,1039,1040,1363,1444,1481,1524,1580,1834,1919,2036,2091,2337,2412,2546,2553,2555,2602,2658,2677,2900,2984,3291,3396,3519,5140,5175,5223,5464,5723,5830,6099,7463,7835,8095,8321,8502,8503,8625,8626,8627,8628,8629,8630,8631,8632,8633,8634,8635,8636,8637,8638,
1180;0;7946;8085;0;60,95,97,144,169,178,179,185,206,225,251,256,307,311,312,329,395,483,502,506,516,569,655,677,715,815,872,898,971,1039,1040,1363,1444,1481,1524,1580,1834,1919,2036,2091,2337,2412,2546,2553,2555,2602,2658,2677,2900,2984,3291,3396,3519,5140,5175,5223,5464,5723,5830,6099,7463,7835,8095,8321,8502,8503,8625,8626,8627,8628,8629,8630,8631,8632,8633,8634,8635,8636,8637,8638,
270;0;8085;8190;0;60,95,97,144,169,178,179,185,206,225,251,256,307,311,312,329,395,483,502,506,516,569,655,677,715,815,872,898,971,1039,1040,1363,1444,1481,1524,1580,1834,1919,2036,2091,2337,2412,2546,2553,2555,2602,2658,2677,2900,2984,3291,3396,3519,5140,5175,5223,5464,5723,5830,6099,7463,7835,8095,8321,8502,8503,8625,8626,8627,8628,8629,8630,8631,8632,8633,8634,8635,8636,8637,8638,
270;1;8190;8222;0;60,95,97,144,169,178,179,185,206,225,251,256,307,311,312,329,395,483,502,506,516,569,655,677,715,815,872,898,971,1039,1040,1363,1444,1481,1524,1580,1834,1919,2036,2091,2337,2412,2546,2553,2555,2602,2658,2677,2900,2984,3291,3396,3519,5140,5175,5223,5464,5723,5830,6099,7463,7835,8095,8321,8502,8503,8625,8626,8627,8628,8629,8630,8631,8632,8633,8634,8635,8636,8637,8638,
800;0;8222;8358;0;60,95,97,144,169,178,179,185,206,225,251,256,307,311,312,329,395,483,502,506,516,569,655,677,715,815,872,898,971,1039,1040,1363,1444,1481,1524,1580,1834,1919,2036,2091,2337,2412,2546,2553,2555,2602,2658,2677,2900,2984,3291,3396,3519,5140,5175,5223,5464,5723,5830,6099,7463,7835,8095,8321,8502,8503,8625,8626,8627,8628,8629,8630,8631,8632,8633,8634,8635,8636,8637,8638,
928;0;8640;8771;0;60,95,97,144,169,178,179,185,206,225,251,256,307,311,312,329,395,483,502,506,516,569,655,677,715,814,815,827,872,898,971,1039,1040,1096,1097,1363,1444,1481,1524,1580,1834,1919,2036,2091,2337,2412,2468,2546,2553,2555,2602,2644,2658,2661,2677,2690,2900,2984,3291,3396,3519,5140,5175,5223,5464,5525,5530,5637,5640,5722,5868,6024,6025,6099,6496,6561,6562,6563,6564,7463,
959;0;8771;8893;0;60,95,97,144,169,178,179,185,206,225,251,256,307,311,312,329,395,483,502,506,516,569,655,677,715,814,815,827,872,898,971,1039,1040,1096,1097,1363,1444,1481,1524,1580,1834,1919,2036,2091,2337,2412,2468,2546,2553,2555,2602,2644,2658,2661,2677,2690,2900,2984,3291,3396,3519,5140,5175,5223,5464,5525,5530,5637,5640,5722,5868,6136,6564,7463,7952,7953,7954,7955,7956,7957,
1032;0;8893;9010;0;60,95,97,126,144,169,178,179,185,186,189,206,221,225,251,256,307,311,312,329,395,410,450,483,497,502,506,516,569,655,677,715,739,754,784,814,815,827,872,898,971,1039,1040,1096,1097,1196,1336,1363,1423,1425,1434,1440,1463,1481,1524,1580,2036,2074,2091,2337,2546,2555,2658,2896,2900,3291,3396,3416,3774,3870,3876,3908,4104,5175,5862,6564,7251,7463,8037,8342,
27;0;9010;9056;0;60,95,97,126,144,169,178,179,185,186,189,206,221,225,251,256,307,311,312,329,395,410,450,483,497,502,506,516,569,655,677,715,739,754,784,814,815,827,872,898,971,1039,1040,1096,1097,1196,1336,1363,1423,1425,1434,1440,1463,1481,1524,1580,2036,2074,2091,2337,2546,2555,2658,2896,2900,3291,3396,3416,3774,3870,3876,3908,5175,6564,7463,9107,9108,9109,9110,9111,
27;1;9056;9125;0;60,95,97,126,144,169,178,179,185,186,189,206,221,225,251,256,307,311,312,329,395,410,450,483,497,502,506,516,569,591,655,677,715,739,754,769,784,814,815,827,858,872,898,971,1039,1040,1096,1097,1196,1336,1363,1423,1425,1434,1440,1463,1481,1524,1580,2036,2074,2091,2337,2492,2546,2547,2555,2649,2658,2693,2783,2900,3291,3396,3870,3876,4371,5175,6564,7463,
1176;0;9125;9234;0;60,61,79,95,97,126,144,169,170,178,179,185,186,189,206,221,225,251,256,307,311,312,329,395,410,412,450,483,497,502,506,516,569,591,655,677,715,739,754,769,784,814,815,827,858,872,898,971,1096,1097,1196,1336,1363,1423,1463,1481,1580,1587,1657,2036,2074,2091,2337,2413,2518,2546,2555,2658,2900,2941,3291,3361,3396,3870,3876,3877,4371,5175,6564,7463,
1211;0;9234;9343;0;38,41,60,61,79,95,97,126,144,169,170,178,179,185,186,189,206,221,225,251,256,307,311,312,329,395,410,412,450,483,497,502,506,516,569,591,655,677,715,739,769,815,827,858,872,971,972,1096,1097,1142,1196,1336,1363,1423,1457,1463,1464,1465,1481,1580,1587,2036,2074,2091,2337,2518,2546,2658,2900,2941,3291,3361,3396,3870,3876,3877,4371,5175,6564,7463,
972;0;9343;9447;0;24,27,60,95,100,102,144,225,251,256,329,395,555,591,655,715,764,769,815,827,858,971,987,1096,1097,1336,1363,1364,1481,1516,1518,1580,1587,1630,1666,2036,2091,2337,2407,2491,2546,2643,2658,2679,2683,2913,2949,2956,3291,3396,3462,4369,4373,4393,4413,4414,4415,4416,4417,4418,4419,4420,4421,5091,6039,6040,6564,7831,8354,8555,8557,8559,8642,9089,9090,9091,9092,9093,9094,9095,
1113;0;9447;9550;0;24,27,60,95,100,102,144,225,251,256,329,395,555,591,655,715,764,769,815,827,858,971,987,1096,1097,1336,1363,1364,1481,1516,1518,1580,1587,1630,1666,2036,2091,2337,2407,2491,2546,2643,2658,2679,2683,2913,2949,2956,3291,3396,3462,4369,4373,4393,4413,4414,4415,4416,4417,4418,4419,4420,4421,5091,6039,6040,6564,7831,8354,8555,8557,8559,8642,9089,9090,9091,9092,9093,9094,9095,
867;0;9550;9647;0;24,27,60,95,100,102,144,225,251,256,329,395,555,591,655,715,764,769,815,827,858,971,987,1096,1097,1336,1363,1364,1481,1516,1518,1580,1587,1630,1666,2036,2091,2337,2407,2491,2546,2643,2658,2679,2683,2913,2949,2956,3291,3396,3462,4369,4373,4393,4413,4414,4415,4416,4417,4418,4419,4420,4421,5091,6039,6040,6564,7831,8354,8555,8557,8559,8642,9089,9090,9091,9092,9093,9094,9095,
836;0;9647;9743;0;24,27,60,95,100,102,144,225,251,256,329,395,555,591,655,715,764,769,815,827,858,971,987,1096,1097,1336,1363,1364,1481,1516,1518,1580,1587,1630,1666,2036,2091,2337,2407,2491,2546,2643,2658,2679,2683,2913,2949,2956,3291,3396,3462,4369,4373,4393,4413,4414,4415,4416,4417,4418,4419,4420,4421,5091,6039,6040,6564,7831,8354,8555,8557,8559,8642,9089,9090,9091,9092,9093,9094,9095,
929;0;9743;9835;0;24,27,60,95,100,102,144,225,251,256,329,395,555,591,655,715,764,769,815,827,858,971,987,1096,1097,1336,1363,1364,1481,1516,1518,1580,1587,1630,1666,2036,2091,2337,2407,2491,2546,2643,2658,2679,2683,2913,2949,2956,3291,3396,3462,4369,4373,4393,4413,4414,4415,4416,4417,4418,4419,4420,4421,5091,6039,6040,6564,7831,8354,8555,8557,8559,8642,9089,9090,9091,9092,9093,9094,9095,
269;0;10080;10124;0;24,27,30,34,37,46,54,55,60,95,100,102,144,225,251,256,329,395,555,591,655,715,764,769,778,815,827,858,971,987,1096,1097,1114,1140,1304,1311,1336,1363,1364,1481,1516,1518,1580,1587,1630,1666,1718,2036,2091,2337,2407,2491,2546,2643,2658,2679,2683,2913,2949,2956,3291,3396,3462,4122,4369,4373,4393,4413,4419,4420,5825,6244,6564,6784,8354,8555,8559,8957,8958,8959,
269;1;10124;10168;0;24,27,30,34,37,46,54,55,60,95,100,102,144,225,251,256,329,395,555,591,655,715,764,769,778,815,827,858,971,987,1096,1097,1114,1140,1291,1295,1304,1311,1336,1363,1364,1481,1516,1518,1580,1587,1630,1666,1718,2036,2091,2240,2286,2337,2407,2491,2546,2643,2658,2679,2683,2794,2913,2949,2956,3291,3396,3462,3606,3703,4122,4343,4369,4419,4420,5825,6564,8354,8555,8559,
985;0;10168;10246;0;27,95,102,144,225,251,329,395,591,715,769,778,827,1096,1097,1363,1481,1580,1587,1718,2091,2337,2407,2546,2679,3177,3178,3179,3180,3181,3182,3183,3184,3185,3186,3187,3188,3189,3190,3191,3192,3193,3194,3195,3196,3197,3198,3199,3200,3201,3202,3203,3204,3205,3206,3207,3208,3209,3210,3211,3212,3213,3214,3215,3216,3217,3218,3219,3220,3221,3222,3223,3224,3225,3291,5825,6564,8354,8555,8559,
910;0;10246;10322;0;27,95,102,144,225,251,329,395,591,715,769,778,827,1096,1097,1363,1481,1580,1587,1718,2091,2337,2407,2546,2679,3177,3178,3179,3180,3181,3182,3183,3184,3185,3186,3187,3188,3189,3190,3191,3192,3193,3194,3195,3196,3197,3198,3199,3200,3201,3202,3203,3204,3205,3206,3207,3208,3209,3210,3211,3212,3213,3214,3215,3216,3291,5825,6564,7893,8122,8124,8271,8272,8273,8275,8277,8283,8354,8555,8559,
847;0;10322;10394;0;27,95,102,144,225,251,291,329,351,395,591,715,769,778,827,1096,1097,1363,1481,1580,1587,1718,2091,2337,2407,2546,2628,2645,2678,2679,3177,3178,3179,3180,3181,3182,3183,3184,3185,3186,3187,3188,3189,3190,3191,3192,3193,3194,3195,3196,3197,3198,3199,3200,3201,3202,3203,3204,3205,3206,3207,3208,3209,3210,3211,3212,3213,3291,3698,4803,5209,5825,6564,7838,8171,8174,8271,8354,8555,8559,
826;0;10394;10436;0;27,95,102,117,137,144,225,231,233,251,288,291,329,351,395,435,591,715,769,778,827,838,949,1096,1097,1363,1474,1478,1481,1580,1587,1669,1671,1718,2091,2337,2407,2546,2628,2645,2678,2679,3177,3178,3179,3180,3181,3182,3183,3184,3185,3186,3187,3188,3189,3190,3191,3192,3193,3194,3195,3196,3197,3198,3199,3200,3209,3210,3291,4547,4548,4630,4645,5825,6393,6564,8271,8354,8555,8559,
828;0;10436;10468;0;27,95,102,117,137,144,145,225,226,230,231,233,251,288,291,329,351,377,395,397,429,435,591,715,769,778,827,838,839,949,1096,1097,1118,1363,1474,1478,1481,1580,1587,1669,1671,1718,1809,1884,2091,2337,2407,2504,2546,2628,2645,2678,2679,2774,2778,3209,3210,3263,3291,4604,4605,4721,5191,5825,5894,5895,5898,5899,5901,6126,6128,6129,6362,6363,6364,6564,8271,8354,8555,8559,
1052;0;10468;10498;0;8,27,95,102,117,137,144,145,225,226,230,231,233,251,288,291,329,351,377,390,395,397,404,429,435,591,715,769,778,827,838,839,949,1051,1096,1097,1118,1134,1146,1363,1473,1474,1478,1481,1580,1587,1669,1671,1718,1757,1809,1884,2091,2337,2407,2504,2546,2628,2645,2678,2679,2774,2778,3209,3210,3257,3263,3291,3435,4604,4605,4721,5191,5825,5894,6564,8271,8354,8555,8559,
895;0;10498;10522;0;8,27,95,102,117,137,144,145,225,226,230,231,233,251,288,291,329,351,377,390,395,397,404,429,591,769,778,827,838,949,1051,1096,1097,1118,1134,1146,1363,1473,1474,1478,1481,1580,1587,1669,1718,1809,2091,2337,2338,2407,2546,2645,2679,2774,2778,3209,3210,3263,3291,3435,4359,4604,4605,5825,6564,8271,8354,8555,8559,8644,9032,9033,9041,9134,9159,9160,9161,9162,9163,9164,
1059;0;10522;10527;0;27,95,96,102,117,137,139,144,145,148,225,231,233,251,275,288,395,429,434,647,769,778,827,855,863,912,948,949,1060,1071,1093,1096,1097,1118,1134,1363,1473,1474,1478,1481,1502,1580,1587,1669,1670,1718,1750,1759,1914,2091,2224,2337,2338,2407,2546,2573,2645,2679,2774,2778,3034,3263,3291,4359,4394,4396,4397,5206,5627,5721,5825,6441,6564,6874,7010,7011,8354,8555,8644,9032,
1123;0;10527;10656;1;27,95,96,102,117,137,139,144,145,148,225,231,233,251,275,288,395,429,434,647,769,778,827,855,863,912,948,949,1060,1071,1093,1096,1097,1118,1134,1363,1473,1474,1478,1481,1502,1580,1587,1669,1670,1718,1750,1759,1914,2091,2224,2337,2338,2407,2546,2645,2679,2774,2778,2943,3034,3263,3291,4397,5206,5721,5825,6564,8014,8354,8551,8555,8644,9032,9075,9101,9102,9103,9104,9105,
820;0;10656;10787;1;95,118,144,145,225,231,288,395,429,617,618,620,647,769,827,1096,1097,1098,1118,1310,1315,1363,1412,1413,1414,1415,1473,1474,1478,1481,1502,1587,1669,1670,1718,1750,1877,1879,2271,2338,2348,2576,2578,2679,3572,3573,3574,4083,4084,4130,4755,4922,5206,5585,5714,5825,6030,6564,6589,6772,6966,7818,7865,7904,7905,7906,7907,7908,7909,7910,7911,7912,7913,7914,7915,7916,7917,7918,7919,7920,
780;0;10787;10921;1;88,95,118,144,145,225,231,248,249,269,288,314,395,414,429,559,617,618,620,647,682,769,827,847,1096,1097,1098,1118,1270,1310,1315,1363,1473,1474,1478,1481,1502,1538,1587,1669,1670,1718,1750,1788,1822,1875,2238,2338,2339,2679,3309,3765,4535,4719,4792,4954,4955,4956,4957,4958,4959,4960,4961,5053,5150,5161,5206,5274,5560,6254,6373,6401,7009,7332,7877,7878,7879,7880,7881,7882,
333;0;10921;11018;1;88,95,118,144,145,225,231,248,249,269,288,314,395,414,429,559,617,618,620,647,682,769,827,847,1096,1097,1098,1118,1270,1310,1315,1363,1473,1474,1478,1481,1502,1538,1587,1669,1670,1718,1750,1788,1822,1875,2238,2338,2339,2679,3309,3765,4535,4719,4792,4954,4955,4956,4957,4958,4959,4960,4961,5053,5150,5161,5206,5274,5560,6254,6373,6401,7009,7332,7877,7878,7879,7880,7881,7882,
333;1;11018;11062;1;88,95,118,144,145,225,231,248,249,269,288,314,395,414,429,559,617,618,620,647,682,769,827,847,1096,1097,1098,1118,1270,1310,1315,1363,1473,1474,1478,1481,1502,1538,1587,1669,1670,1718,1750,1788,1822,1875,2238,2338,2339,2679,3309,3765,4535,4719,4792,4954,4955,4956,4957,4958,4959,4960,4961,5053,5150,5161,5206,5274,5560,6254,6373,6401,7009,7332,7877,7878,7879,7880,7881,7882,
1200;0;11520;11663;1;1,3,88,95,118,144,145,149,225,231,248,249,262,269,288,314,321,391,395,396,400,414,429,559,617,618,620,640,647,682,769,1118,1270,1363,1397,1398,1401,1473,1474,1476,1477,1478,1481,1502,1538,1587,1669,1670,1681,1682,1718,1750,1822,1875,2109,2134,2679,2821,3278,4535,4719,4792,4832,4857,4927,4954,4955,4956,4957,4958,4959,4960,4961,5206,5246,5249,5275,5276,5277,7009,
973;0;11663;11810;1;1,3,95,144,145,149,225,231,245,248,249,262,269,273,288,290,297,314,321,391,395,396,398,400,429,640,647,682,769,891,1024,1118,1270,1363,1397,1398,1401,1473,1474,1476,1477,1478,1481,1484,1502,1538,1587,1669,1670,1718,1750,1822,1875,1920,2109,2134,2679,3278,4535,4552,4719,4792,4857,4927,4954,4955,4956,4957,4958,4959,4960,4961,5206,5351,5706,6184,7009,7215,7216,7217,
937;0;11810;11958;1;1,3,95,144,145,149,225,231,241,245,248,249,262,269,273,277,288,290,297,314,321,391,395,396,398,400,429,640,647,682,769,854,891,1024,1118,1163,1270,1363,1397,1398,1401,1473,1474,1476,1477,1478,1481,1484,1502,1538,1587,1669,1670,1718,1750,1822,1875,1920,2109,2134,2223,2679,3278,4535,4552,4719,4792,4857,4927,4954,4955,4956,4957,4958,4959,4960,4961,5206,5351,7009,
876;0;11958;12108;1;1,3,87,95,102,144,145,149,225,231,241,248,249,262,269,277,288,314,321,391,395,396,398,400,429,640,647,682,769,854,855,1118,1270,1363,1397,1398,1401,1473,1474,1476,1477,1478,1481,1484,1502,1515,1538,1587,1669,1670,1822,1920,2109,2134,2318,2627,2679,2692,2986,3131,3278,3291,3292,4535,4719,4747,4791,4792,4857,4927,4954,4955,4956,4957,4958,4959,4960,5206,6248,7009,
1067;0;12108;12259;1;27,30,61,117,144,169,206,208,251,275,396,427,502,504,510,529,634,772,778,833,835,855,1089,1270,1279,1281,1284,1285,1287,1288,1289,1290,1293,1580,1587,1876,1915,2265,2407,2516,2594,2627,2986,3010,3028,3152,3402,3618,4217,4371,4733,5539,5540,5612,6360,6926,7009,7284,7360,7419,7420,7421,7422,7644,7648,7999,8216,8219,8221,8225,8227,8228,8354,8355,8487,8551,8552,8644,9032,9097,
919;0;12259;12411;1;27,30,61,117,144,169,206,208,251,275,396,427,502,504,510,529,634,772,778,833,835,855,1089,1270,1279,1281,1284,1285,1287,1288,1289,1290,1293,1580,1587,1876,1915,2265,2407,2516,2594,2627,2986,3010,3028,3152,3402,3618,4217,4371,4733,5539,5540,5612,6360,6926,7009,7284,7360,7419,7420,7421,7422,7644,7648,7999,8216,8219,8221,8225,8227,8228,8354,8355,8487,8551,8552,8644,9032,9097,
373;0;12411;12510;1;27,30,61,117,144,169,206,208,251,275,396,427,502,504,510,529,634,772,778,833,835,855,1089,1270,1279,1281,1284,1285,1287,1288,1289,1290,1293,1580,1587,1876,1915,2265,2407,2516,2594,2627,2986,3010,3028,3152,3402,3618,4217,4371,4733,5539,5540,5612,6360,6926,7009,7284,7360,7419,7420,7421,7422,7644,7648,7999,8216,8219,8221,8225,8227,8228,8354,8355,8487,8551,8552,8644,9032,9097,
373;1;12510;12565;1;27,30,61,117,144,169,206,208,251,275,396,427,502,504,510,529,634,772,778,833,835,855,1089,1270,1279,1281,1284,1285,1287,1288,1289,1290,1293,1580,1587,1876,1915,2265,2407,2516,2594,2627,2986,3010,3028,3152,3402,3618,4217,4371,4733,5539,5540,5612,6360,6926,7009,7284,7360,7419,7420,7421,7422,7644,7648,7999,8216,8219,8221,8225,8227,8228,8354,8355,8487,8551,8552,8644,9032,9097,
238;0;12565;12709;1;27,30,61,117,144,169,206,208,251,275,396,427,502,504,510,529,634,772,778,833,835,855,1089,1270,1279,1281,1284,1285,1287,1288,1289,1290,1293,1580,1587,1876,1915,2265,2407,2516,2594,2627,2986,3010,3028,3152,3402,3618,4217,4371,4733,5539,5540,5612,6360,6926,7009,7284,7360,7419,7420,7421,7422,7644,7648,7999,8216,8219,8221,8225,8227,8228,8354,8355,8487,8551,8552,8644,9032,9097,
238;1;12709;12723;1;27,30,61,117,144,169,206,208,251,275,396,427,502,504,510,529,634,772,778,833,835,855,1089,1270,1279,1281,1284,1285,1287,1288,1289,1290,1293,1580,1587,1876,1915,2265,2407,2516,2594,2627,2986,3010,3028,3152,3402,3618,4217,4371,4733,5539,5540,5612,6360,6926,7009,7284,7360,7419,7420,7421,7422,7644,7648,7999,8216,8219,8221,8225,8227,8228,8354,8355,8487,8551,8552,8644,9032,9097,
221;0;12723;12771;1;27,30,61,117,144,169,206,208,251,275,396,427,502,504,510,529,634,772,778,833,835,855,1089,1270,1279,1281,1284,1285,1287,1288,1289,1290,1293,1580,1587,1876,1915,2265,2407,2516,2594,2627,2986,3010,3028,3152,3402,3618,4217,4371,4733,5539,5540,5612,6360,6926,7009,7284,7360,7419,7420,7421,7422,7644,7648,7999,8216,8219,8221,8225,8227,8228,8354,8355,8487,8551,8552,8644,9032,9097,
221;1;12960;13071;1;27,30,61,117,144,169,206,208,251,275,396,427,502,504,510,529,634,772,778,833,835,855,1089,1270,1279,1281,1284,1285,1287,1288,1289,1290,1293,1580,1587,1876,1915,2265,2407,2516,2594,2627,2986,3010,3028,3152,3402,3618,3663,3679,3686,3690,4217,4371,4733,5082,5539,5540,5612,6003,6004,6005,6006,6007,6008,6009,6010,6011,6012,6013,6058,6360,6926,7009,7284,7360,7419,7420,7421,8354,
1025;0;13071;13232;1;27,30,61,117,144,169,206,208,251,275,396,427,502,504,510,529,634,677,772,778,833,835,855,1089,1201,1270,1279,1281,1284,1285,1287,1288,1289,1290,1293,1580,1587,1876,1915,2091,2106,2265,2405,2407,2516,2546,2594,2627,2645,2695,2774,2775,2777,2778,2986,3010,3028,3152,3263,3402,3618,3663,3679,3686,3690,4217,4371,4567,4733,5082,5537,5539,5540,5612,6003,6004,6005,6486,7009,8354,
922;0;13232;13395;1;27,30,61,117,144,169,206,208,251,275,396,427,502,504,510,529,634,677,772,778,833,835,855,1089,1201,1270,1279,1281,1284,1285,1287,1288,1289,1290,1293,1580,1587,1876,1915,2091,2106,2265,2405,2407,2516,2546,2594,2627,2645,2695,2774,2775,2777,2778,2986,3010,3028,3152,3263,3402,3618,3663,3679,3686,3690,4217,4331,4332,4333,4371,4567,4733,5082,5537,5539,5540,5612,6003,7009,8354,
336;0;13395;13530;1;15,27,30,40,55,61,79,117,144,165,169,170,206,208,221,251,275,396,412,427,502,504,510,529,634,677,772,778,833,835,855,979,1089,1201,1270,1279,1281,1284,1285,1287,1288,1289,1290,1293,1580,1587,1876,1915,1935,2091,2106,2265,2405,2407,2516,2546,2594,2627,2645,2695,2774,2775,2777,2778,2941,2986,3010,3028,3152,3263,3345,3348,3402,3618,3891,4106,4217,4567,7009,8354,
336;1;13530;13560;1;15,27,30,40,55,61,79,117,144,165,169,170,206,208,221,233,251,275,288,396,412,427,434,502,504,510,529,634,677,772,778,833,835,855,979,1089,1134,1201,1270,1279,1281,1284,1285,1287,1288,1289,1290,1293,1580,1587,1876,1915,1935,1971,2091,2407,2645,2658,2729,2774,2775,2777,2778,3263,3345,3348,3618,3891,4217,4567,4627,5411,5605,5748,5841,5853,5854,5858,7009,8354,
976;0;13560;13726;1;24,27,55,61,144,145,170,210,248,275,288,291,292,296,329,377,396,400,529,581,640,722,803,1068,1117,1118,1121,1143,1177,1287,1288,1293,1307,1587,1733,1821,1898,1915,2091,2134,2232,2273,2315,2564,2645,2723,2774,2775,2777,2778,2788,3263,3829,3861,3870,4026,4117,4217,4526,4604,4605,4606,4610,4612,4627,4759,4996,5097,5098,5099,5100,5101,5305,5499,5890,7900,7901,7902,8354,8861,
1131;0;13726;13894;1;24,27,55,61,144,145,170,210,248,275,288,291,292,296,329,377,396,400,529,581,640,722,803,1068,1117,1118,1121,1143,1177,1287,1288,1293,1307,1587,1733,1821,1898,1915,2091,2134,2232,2273,2315,2564,2645,2723,2774,2775,2777,2778,2788,3263,3829,3861,3870,4026,4117,4217,4526,4604,4605,4606,4610,4612,4627,4759,4996,5097,5098,5099,5100,5101,5305,5499,5890,7900,7901,7902,8354,8861,
88;0;13894;14035;1;24,27,55,61,144,145,170,210,248,275,288,291,292,296,329,377,396,400,529,581,640,722,803,1068,1117,1118,1121,1143,1177,1287,1288,1293,1307,1587,1733,1821,1898,1915,2091,2134,2232,2273,2315,2564,2645,2723,2774,2775,2777,2778,2788,3263,3829,3861,3870,4026,4117,4217,4526,4604,4605,4606,4610,4612,4627,4759,4996,5097,5098,5099,5100,5101,5305,5499,5890,7900,7901,7902,8354,8861,
88;1;14400;14428;1;24,26,27,55,61,144,145,170,210,248,275,288,291,292,296,329,377,396,400,528,529,581,640,722,803,1068,1117,1118,1121,1143,1177,1269,1273,1277,1282,1287,1288,1292,1293,1294,1307,1322,1587,1733,1821,1898,1915,2091,2134,2232,2273,2315,2564,2645,2723,2774,2775,2777,2778,2788,3263,3829,3861,3870,4026,4117,4217,4526,4604,4605,4606,4610,4612,4627,4759,4996,5305,5499,6426,8354,
247;0;14428;14483;1;24,26,27,55,61,137,144,145,170,210,234,248,275,288,291,292,295,296,329,377,396,400,404,528,529,581,640,722,803,838,911,949,1068,1117,1118,1121,1143,1170,1177,1273,1287,1288,1293,1294,1322,1359,1474,1587,1821,2091,2120,2134,2315,2645,2715,2774,2775,2777,2778,3108,3263,4217,4419,4420,4470,4604,4605,4606,4612,4627,4759,4816,5305,5499,6332,6334,6335,8113,8114,8354,
247;1;14483;14598;1;24,26,27,55,61,137,144,145,170,210,234,248,275,288,291,292,295,296,329,377,396,400,404,528,529,581,640,722,803,838,911,949,1068,1117,1118,1121,1143,1170,1177,1273,1287,1288,1293,1294,1322,1359,1474,1587,1821,2091,2120,2134,2315,2645,2715,2774,2775,2777,2778,3108,3263,4217,4604,4605,4606,4612,4627,4759,5305,5499,6145,8271,8354,8585,8586,8587,8588,8589,8590,8591,
220;0;14598;14682;1;24,26,27,55,61,137,144,145,170,210,234,243,248,275,288,291,292,295,296,329,377,396,400,404,528,529,581,640,722,803,838,911,949,1068,1117,1118,1121,1143,1170,1177,1273,1287,1288,1293,1294,1322,1359,1474,1587,1821,2091,2120,2134,2315,2645,2715,2774,2775,2777,2778,3108,3263,4217,4604,4605,4606,4612,4627,4759,5259,5305,5499,5501,6145,8271,8354,8585,8586,8587,8588,
220;1;14682;14768;1;24,26,27,55,61,137,144,145,170,210,234,243,248,275,288,291,292,295,296,329,377,396,400,404,528,529,581,583,640,722,803,838,862,911,949,1068,1117,1118,1121,1143,1170,1177,1273,1287,1288,1293,1294,1322,1359,1474,1587,1821,2091,2120,2134,2315,2645,2715,2774,2775,2777,2778,3099,3108,3263,4217,4604,4605,4606,4612,4627,4759,4765,4766,4773,5259,5305,5499,6132,8354,
120;0;14768;14904;1;24,26,27,55,61,137,144,145,170,210,234,243,248,249,275,288,291,292,295,296,329,377,396,400,404,528,529,581,583,640,722,803,838,862,911,949,1068,1117,1118,1121,1143,1170,1177,1273,1287,1288,1293,1294,1322,1359,1474,1587,1821,2064,2091,2134,2315,2645,2774,2775,2777,2778,2934,3108,3263,3703,4217,4604,4605,4606,4612,4759,4765,4841,4913,5305,5499,6977,7990,8354,
120;1;14904;14939;1;24,26,27,55,61,95,137,144,145,170,177,181,234,248,262,267,268,272,275,286,288,292,295,305,306,310,313,314,329,377,396,400,404,528,529,595,640,838,862,911,949,1068,1117,1118,1121,1131,1236,1273,1287,1288,1293,1294,1322,1363,1429,1430,1474,1587,1655,1676,1821,2091,2117,2134,2315,2645,2774,2775,2777,2778,3108,3263,4217,4605,4606,4612,4759,4913,5305,5499,
1029;0;14939;15114;1;24,26,27,55,61,95,137,144,145,170,177,181,234,248,262,267,268,272,275,286,288,292,295,305,306,310,313,314,329,377,396,400,404,528,529,595,640,838,862,911,949,1068,1117,1118,1121,1131,1236,1273,1287,1288,1293,1294,1322,1360,1363,1429,1430,1474,1481,1587,1676,1821,2091,2134,2315,2645,2774,2775,2777,2778,3108,3263,4217,4605,4606,4612,4759,4913,5305,5499,
211;0;15114;15239;1;26,55,60,97,144,145,149,214,225,226,230,231,241,255,262,277,288,329,391,396,398,404,432,443,528,591,882,1093,1117,1118,1214,1278,1286,1287,1291,1293,1399,1401,1468,1472,1474,1476,1478,1481,1513,1814,1980,2005,2109,2158,2355,2359,2419,2451,2597,2676,2709,2774,2775,2926,3162,3435,3542,4221,4222,4223,4224,4225,4740,4903,5206,5243,5316,5647,5648,6125,6181,6186,6748,7035,
211;1;15239;15290;1;26,55,60,97,144,145,149,214,225,226,230,231,241,255,262,277,288,329,391,396,398,404,432,443,528,591,882,1093,1117,1118,1214,1278,1286,1287,1291,1293,1399,1401,1468,1472,1474,1476,1478,1481,1513,1814,1980,2005,2109,2158,2355,2359,2419,2451,2597,2676,2709,2774,2775,2926,3162,3435,3542,4221,4222,4223,4224,4225,4740,4903,5206,5243,5316,5647,5648,6125,6181,6186,6748,7035,
1082;0;15290;15467;1;26,55,60,97,144,145,149,214,225,226,230,231,241,255,262,277,288,329,391,396,398,404,432,443,528,591,882,1093,1117,1118,1214,1278,1286,1287,1291,1293,1399,1401,1468,1472,1474,1476,1478,1481,1513,1814,1980,2005,2109,2158,2355,2359,2419,2451,2597,2676,2709,2774,2775,2926,3162,3435,3542,4221,4222,4223,4224,4225,4740,4903,5206,5243,5316,5647,5648,6125,6181,6186,6748,7035,
303;0;15467;15508;1;26,55,60,97,144,145,149,214,225,226,230,231,241,255,262,277,288,329,391,396,398,404,432,443,528,591,882,1093,1117,1118,1214,1278,1286,1287,1291,1293,1399,1401,1468,1472,1474,1476,1478,1481,1513,1814,1980,2005,2109,2158,2355,2359,2419,2451,2597,2676,2709,2774,2775,2926,3162,3435,3542,4221,4222,4223,4224,4225,4740,4903,5206,5243,5316,5647,5648,6125,6181,6186,6748,7035,
303;1;15508;15645;1;26,55,60,97,144,145,149,214,225,226,230,231,241,255,262,277,288,329,391,396,398,404,432,443,528,591,882,1093,1117,1118,1214,1278,1286,1287,1291,1293,1399,1401,1468,1472,1474,1476,1478,1481,1513,1814,1980,2005,2109,2158,2355,2359,2419,2451,2597,2676,2709,2774,2775,2926,3162,3435,3542,4221,4222,4223,4224,4225,4740,4903,5206,5243,5316,5647,5648,6125,6181,6186,6748,7035,
51;0;15645;15668;1;26,55,60,97,144,145,149,214,225,226,230,231,241,255,262,277,288,329,391,396,398,404,432,443,528,591,882,1093,1117,1118,1214,1278,1286,1287,1291,1293,1399,1401,1468,1472,1474,1476,1478,1481,1513,1814,1980,2005,2109,2158,2355,2359,2419,2451,2597,2676,2709,2774,2775,2926,3162,3435,3542,4221,4222,4223,4224,4225,4740,4903,5206,5243,5316,5647,5648,6125,6181,6186,6748,7035,
51;1;15668;15827;1;26,55,60,97,144,145,149,214,225,226,230,231,241,255,262,277,288,329,391,396,398,404,432,443,528,591,882,1093,1117,1118,1214,1278,1286,1287,1291,1293,1399,1401,1468,1472,1474,1476,1478,1481,1513,1814,1980,2005,2109,2158,2355,2359,2419,2451,2597,2676,2709,2774,2775,2926,3162,3435,3542,4221,4222,4223,4224,4225,4740,4903,5206,5243,5316,5647,5648,6125,6181,6186,6748,7035,
Machine: 2
1191;0;0;4;1;27,95,137,157,225,234,245,262,268,273,285,288,290,291,304,306,313,314,317,351,382,395,412,434,540,595,715,892,905,912,1165,1170,1177,1209,1481,1484,1738,1919,2133,2356,2357,2358,2359,2360,2361,2362,2363,2364,2365,2366,2367,2368,2369,2370,2371,2941,3334,3449,4181,6225,7213,7296,7301,7316,7868,8199,8364,8581,8798,8838,9020,9021,9022,9023,9024,9125,9126,9127,9128,9129,
877;0;4;12;1;27,95,137,157,225,234,245,262,268,273,285,288,290,291,304,306,313,314,317,351,382,395,412,434,540,595,715,892,905,912,1165,1170,1177,1209,1481,1484,1738,1919,2133,2356,2357,2358,2359,2360,2361,2362,2363,2364,2365,2366,2367,2368,2369,2370,2371,2941,3334,3449,4181,6225,7213,7296,7301,7316,7868,8199,8364,8581,8798,8838,9020,9021,9022,9023,9024,9125,9126,9127,9128,9129,
1146;0;12;24;1;27,95,137,157,225,234,245,262,268,273,285,288,290,291,304,306,313,314,317,351,382,395,412,434,540,595,715,892,905,912,1165,1170,1177,1209,1481,1484,1738,1919,2133,2356,2357,2358,2359,2360,2361,2362,2363,2364,2365,2366,2367,2368,2369,2370,2371,2941,3334,3449,4181,6225,7213,7296,7301,7316,7868,8199,8364,8581,8798,8838,9020,9021,9022,9023,9024,9125,9126,9127,9128,9129,
908;0;24;42;1;27,95,137,157,225,234,245,262,267,268,273,285,288,290,291,304,306,313,314,317,351,382,395,434,540,595,715,892,905,912,939,1165,1170,1177,1207,1209,1211,1481,1484,1676,1738,1919,1970,2132,2133,2356,2357,2358,2359,2360,2361,2362,2363,2364,2365,2366,2367,2368,2369,2370,2371,2372,2373,2374,2375,2376,2377,2378,2379,2380,2381,2941,6225,7213,8199,8838,9020,9021,9022,9023,
1090;0;42;62;1;27,95,137,157,225,234,245,262,267,268,273,285,288,290,291,301,304,306,313,314,317,351,382,395,434,540,595,715,892,905,912,939,1165,1170,1177,1207,1209,1211,1481,1484,1676,1738,1919,1970,2132,2133,2356,2357,2358,2359,2360,2361,2362,2363,2364,2365,2366,2367,2368,2369,2370,2371,2372,2373,2374,2375,2376,2377,2378,2379,2941,4472,6225,7213,8199,8838,9020,9021,9022,9023,
1205;0;62;84;1;27,95,137,157,225,234,245,262,267,268,273,285,288,290,291,301,304,306,313,314,317,351,382,391,395,434,540,595,715,891,892,905,912,939,1117,1147,1165,1170,1177,1207,1209,1211,1469,1481,1484,1676,1738,1919,1970,2132,2133,2356,2357,2358,2359,2360,2361,2362,2363,2364,2365,2366,2367,2368,2369,2370,2371,2372,2373,2376,2941,4472,6225,7213,8199,8838,9020,9021,9022,9023,
805;0;84;108;1;27,95,137,157,225,234,245,262,267,268,273,285,288,290,291,301,304,306,313,314,317,351,382,391,395,434,540,595,715,891,892,905,912,939,1117,1147,1165,1170,1177,1207,1209,1211,1469,1481,1484,1676,1738,1919,1970,2132,2133,2356,2357,2358,2359,2360,2361,2362,2363,2364,2365,2366,2367,2368,2369,2370,2371,2372,2376,2941,4472,6225,7213,7362,8199,8838,9020,9021,9022,9023,
2;0;108;264;0;24,27,95,137,145,157,225,234,245,262,266,267,268,273,285,288,290,291,301,304,306,313,314,317,351,382,391,395,429,434,540,595,715,827,891,892,905,912,939,1117,1133,1147,1165,1170,1177,1207,1209,1211,1407,1469,1481,1484,1676,1738,1919,1970,2053,2054,2055,2056,2132,2133,2356,2357,2358,2359,2360,2366,2370,2376,2941,4472,6225,7213,8199,8838,9020,9021,9022,9023,
2;1;264;430;0;3,24,27,95,137,145,157,225,234,245,262,266,267,268,273,285,288,290,291,301,304,306,313,314,317,351,382,390,391,395,398,429,434,540,595,715,827,891,892,905,912,939,1048,1051,1054,1117,1133,1145,1146,1147,1165,1170,1177,1207,1209,1358,1407,1469,1481,1484,1604,1676,1945,1970,1971,2053,2132,2366,2370,2376,2941,4472,6225,7213,8199,8838,9020,9021,9022,9023,
161;0;430;579;0;3,9,24,27,137,144,145,225,226,229,231,240,242,245,262,266,268,285,288,290,301,306,314,351,382,390,391,395,398,401,405,429,430,432,443,540,595,715,719,1048,1051,1054,1117,1119,1145,1146,1147,1149,1358,1469,1481,1484,1604,1607,1608,1609,1610,1611,1612,1613,1614,1615,1616,1617,1618,1619,1620,1621,1622,1623,1624,1625,1626,1945,1970,1971,2366,2941,4472,8199,
161;1;579;730;0;17,27,137,144,145,152,202,206,225,231,249,262,290,339,351,391,395,426,429,476,499,529,567,598,715,722,794,987,1087,1117,1146,1274,1280,1293,1481,1484,1572,1577,1783,1785,1787,1789,1790,1940,1988,1992,2090,2175,2179,2230,2366,2413,2826,2873,2937,2941,3126,3409,3587,3588,3589,3590,3591,3592,3593,3594,3595,3596,3597,3606,4262,4472,4487,4490,4491,4672,4982,5316,5876,6152,
208;0;730;774;0;17,27,137,144,145,152,202,206,225,231,249,262,290,339,351,391,395,426,429,476,499,529,567,598,715,722,794,987,1087,1117,1146,1274,1280,1293,1481,1484,1572,1577,1783,1785,1787,1789,1790,1940,1988,1992,2090,2175,2179,2230,2366,2413,2826,2873,2937,2941,3126,3409,3587,3588,3589,3590,3591,3592,3593,3594,3595,3596,3597,3606,4262,4472,4487,4490,4491,4672,4982,5316,5876,6152,
208;1;774;946;0;17,27,137,144,145,152,202,206,225,231,249,262,290,339,351,391,395,426,429,476,499,529,567,598,715,722,794,987,1087,1117,1146,1274,1280,1293,1481,1484,1572,1577,1783,1785,1787,1789,1790,1940,1988,1992,2090,2175,2179,2230,2366,2413,2826,2873,2937,2941,3126,3409,3587,3588,3589,3590,3591,3592,3593,3594,3595,3596,3597,3606,4262,4472,4487,4490,4491,4672,4982,5316,5876,6152,
44;0;946;997;0;17,27,137,144,145,152,202,206,225,231,249,262,290,339,351,391,395,426,429,476,499,529,567,598,715,722,794,987,1087,1117,1146,1274,1280,1293,1481,1484,1572,1577,1783,1785,1787,1789,1790,1940,1988,1992,2090,2175,2179,2230,2366,2413,2826,2873,2937,2941,3126,3409,3587,3588,3589,3590,3591,3592,3593,3594,3595,3596,3597,3606,4262,4472,4487,4490,4491,4672,4982,5316,5876,6152,
44;1;997;1149;0;17,27,137,144,145,152,202,206,225,231,249,262,290,339,351,391,395,426,429,476,499,529,567,598,715,722,794,987,1087,1117,1146,1274,1280,1293,1481,1484,1572,1577,1783,1785,1787,1789,1790,1940,1988,1992,2090,2175,2179,2230,2366,2413,2826,2873,2937,2941,3126,3409,3587,3588,3589,3590,3591,3592,3593,3594,3595,3596,3597,3606,4262,4472,4487,4490,4491,4672,4982,5316,5876,6152,
139;0;1149;1252;0;17,27,137,144,145,152,202,206,225,231,249,262,290,339,351,391,395,426,429,476,499,529,567,598,715,722,794,987,1087,1117,1146,1274,1280,1293,1481,1484,1572,1577,1783,1785,1787,1789,1790,1940,1988,1992,2090,2175,2179,2230,2366,2413,2826,2873,2937,2941,3126,3409,3587,3588,3589,3590,3591,3592,3593,3594,3595,3596,3597,3606,4262,4472,4487,4490,4491,4672,4982,5316,5876,6152,
139;1;1440;1538;0;17,27,100,137,144,145,152,202,206,225,231,249,262,290,299,339,343,351,376,391,395,426,429,476,499,529,567,598,677,682,715,722,794,987,1087,1117,1146,1274,1280,1293,1445,1481,1484,1572,1577,1674,1783,1785,1787,1789,1790,1940,1988,1992,2175,2230,2366,2413,2661,2687,2873,2941,3126,3597,3606,4262,4388,4472,4487,5525,5528,5537,5722,5723,5724,5725,5726,5727,5728,5729,
109;0;1538;1634;0;17,27,61,100,137,144,145,150,152,196,202,206,225,231,249,262,290,299,339,343,351,376,391,395,426,429,476,499,516,529,567,598,677,682,715,722,794,987,1047,1087,1117,1146,1157,1196,1274,1280,1293,1445,1481,1484,1572,1577,1674,1783,1785,1787,1789,1790,1940,1988,1992,2175,2230,2366,2412,2413,2414,2661,2687,2873,2941,3126,3597,3606,4262,4472,4487,5525,5722,5723,
109;1;1634;1737;0;17,27,61,100,137,144,145,150,152,196,202,206,225,231,249,262,275,290,299,339,343,351,376,391,395,426,429,476,499,516,529,567,598,677,682,715,722,794,987,1047,1087,1117,1146,1157,1196,1274,1280,1293,1445,1481,1484,1572,1577,1674,1783,1785,1787,1940,1988,2175,2230,2412,2414,2661,2774,2778,2873,2941,3126,3597,3606,3744,4262,4472,4487,5525,5722,5723,6126,6410,
218;0;1737;1745;0;17,27,61,100,137,144,145,150,152,196,202,206,225,231,249,262,275,290,299,339,343,351,376,391,395,426,429,476,499,516,529,567,598,677,682,715,722,794,952,987,1047,1087,1117,1146,1157,1196,1274,1280,1293,1445,1481,1484,1572,1674,1783,1940,1988,2175,2230,2412,2414,2661,2774,2778,2873,2941,3126,3133,3597,3606,3633,4262,4472,4487,5049,5525,5722,5723,5731,5733,
218;1;1745;1922;0;17,27,61,100,137,144,145,150,152,196,202,206,225,231,249,262,275,290,299,339,343,351,376,391,395,426,429,476,499,516,529,567,580,598,677,682,715,722,794,952,987,1087,1117,1146,1196,1274,1280,1293,1329,1445,1481,1484,1512,1674,1783,1940,1988,2175,2221,2230,2240,2407,2412,2414,2661,2774,2778,2836,2873,2941,3126,3597,3606,3702,4262,4472,4487,5525,5722,5723,
1138;0;1922;2097;0;27,61,100,137,144,145,150,152,189,196,202,206,225,231,249,262,275,290,343,351,391,395,429,476,499,529,598,677,715,722,987,1087,1117,1146,1196,1274,1280,1282,1291,1293,1329,1445,1481,1484,1512,1674,1783,1940,1988,2175,2221,2230,2240,2306,2407,2412,2414,2661,2774,2778,2794,2836,2873,2941,3126,3597,3606,3702,3703,3721,4262,4450,4472,4487,5525,5722,5723,6092,6385,9221,
39;0;2097;2211;0;27,88,100,117,137,144,145,233,274,289,290,351,396,397,429,666,694,824,833,1095,1117,1293,1390,1481,1530,2253,2322,2337,2626,2645,2653,2661,2683,2774,2775,2777,2778,2789,2802,2816,2903,3099,3111,3263,4397,4487,4604,4605,4606,4612,4628,4771,4775,4855,5052,5259,5432,5525,5538,5539,5637,5722,6029,6311,6312,6313,6562,6841,7414,7415,8007,8008,8009,8010,9121,9123,9124,9152,9153,9154,
39;1;2211;2271;0;27,88,100,117,137,144,145,233,274,289,290,351,396,397,429,666,694,824,833,1095,1117,1293,1390,1481,1530,2253,2322,2337,2626,2645,2653,2661,2683,2774,2775,2777,2778,2789,2802,2816,2903,3099,3111,3263,4397,4487,4604,4605,4606,4612,4628,4771,4775,4855,5052,5259,5432,5525,5538,5539,5637,5722,6029,6311,6312,6313,6562,6841,7414,7415,8007,8008,8009,8010,9121,9123,9124,9152,9153,9154,
72;0;2271;2411;0;27,88,100,117,137,144,145,233,274,289,290,351,396,397,429,666,694,824,833,1095,1117,1293,1390,1481,1530,2253,2322,2337,2626,2645,2653,2661,2683,2774,2775,2777,2778,2789,2802,2816,2903,3099,3111,3263,4397,4487,4604,4605,4606,4612,4628,4771,4775,4855,5052,5259,5432,5525,5538,5539,5637,5722,6029,6311,6312,6313,6562,6841,7414,7415,8007,8008,8009,8010,9121,9123,9124,9152,9153,9154,
72;1;2411;2440;0;27,88,100,117,137,144,145,233,274,289,290,351,396,397,429,666,694,824,833,1095,1117,1293,1390,1481,1530,2253,2322,2337,2626,2645,2653,2661,2683,2774,2775,2777,2778,2789,2802,2816,2903,3099,3111,3263,4397,4487,4604,4605,4606,4612,4628,4771,4775,4855,5052,5259,5432,5525,5538,5539,5637,5722,6029,6311,6312,6313,6562,6841,7414,7415,8007,8008,8009,8010,9121,9123,9124,9152,9153,9154,
1165;0;2880;3046;0;27,88,91,98,100,117,137,144,145,233,274,276,289,290,337,340,351,396,397,429,583,666,694,765,824,833,858,1078,1095,1117,1293,1390,1481,1530,1844,1883,1884,1885,1886,2253,2322,2337,2626,2645,2653,2661,2683,2774,2775,2777,2778,2789,2802,2816,2903,3099,3111,3263,4397,4487,4604,4605,4606,4612,4628,4771,4775,4855,5052,5259,5432,5525,5538,5539,5637,5722,6029,9121,9123,9124,
363;0;3046;3106;0;27,88,91,98,100,117,137,144,145,233,255,274,276,289,290,337,340,351,396,397,429,583,666,694,765,824,826,833,858,1078,1095,1117,1267,1270,1286,1287,1293,1390,1481,1530,1685,1884,2091,2197,2253,2337,2626,2645,2661,2683,2774,2775,2777,2778,2802,2816,2903,3015,3263,3411,3774,4487,4488,4604,4605,4606,4612,4855,5162,5471,5525,5538,5637,5682,5722,7671,8836,9121,9123,9124,
363;1;3106;3204;0;27,88,91,98,100,117,137,144,145,233,255,274,276,289,290,337,340,351,396,397,429,583,666,694,765,824,826,833,858,1078,1095,1117,1267,1270,1286,1287,1293,1294,1390,1481,1530,1685,1884,2091,2197,2253,2337,2626,2645,2661,2683,2774,2775,2777,2778,2802,2816,2903,2916,3015,3263,3774,4487,4488,4604,4605,4606,4612,4855,5471,5525,5538,5637,5682,5722,7671,8836,9121,9123,9124,
30;0;3204;3309;0;100,117,137,144,145,149,231,233,241,274,276,277,289,290,340,351,391,396,397,400,429,583,647,765,824,826,833,855,858,1095,1117,1267,1270,1286,1287,1293,1294,1390,1476,1478,1479,1481,1502,1884,1920,1922,2091,2197,2253,2626,2645,2661,2683,2774,2775,2777,2778,2802,2816,2903,3263,3387,3774,4487,4488,4604,4605,4606,4832,5244,5471,5525,5637,5682,5722,7671,8836,9121,9123,9124,
30;1;3309;3358;0;100,117,137,144,145,149,231,233,241,274,276,277,289,290,340,351,391,396,397,400,429,583,647,765,824,826,833,855,858,1095,1117,1267,1270,1286,1287,1293,1294,1390,1476,1478,1479,1481,1502,1884,1920,2091,2197,2253,2645,2774,2775,2777,2778,2802,2816,3263,3774,4487,4488,4604,4605,4606,5471,5525,5637,5682,5722,7671,8551,8559,8640,8836,9053,9059,9112,9113,9114,9121,9123,9124,
998;0;3358;3508;0;100,117,137,144,145,149,225,231,233,241,274,276,277,289,290,340,351,391,396,397,400,429,583,647,765,824,826,833,855,858,1095,1117,1267,1270,1286,1287,1293,1294,1390,1476,1478,1479,1481,1484,1502,1884,1920,2091,2197,2253,2645,2774,2775,2777,2778,2802,2816,3263,3774,4487,4488,4604,4605,4606,5471,5525,5637,5682,5722,7671,8551,8559,8640,8836,9053,9059,9112,9121,9123,9124,
980;0;3508;3651;0;6,26,113,128,137,144,148,149,169,190,208,225,231,251,340,390,391,394,400,480,534,540,647,753,851,855,949,987,1052,1054,1138,1162,1268,1269,1270,1272,1286,1287,1288,1293,1294,1295,1322,1358,1363,1476,1484,1502,1580,1603,1726,1781,1800,1811,1812,1814,2233,2261,2262,2538,2868,2891,3080,3508,3509,3510,3745,3837,4260,4383,8134,8137,8190,8197,8198,8199,8200,8203,8204,8205,
856;0;3651;3791;0;6,26,113,128,137,144,148,149,169,190,208,225,231,251,340,390,391,394,400,480,534,540,647,753,851,855,949,987,1052,1054,1138,1162,1268,1269,1270,1272,1286,1287,1288,1293,1294,1295,1322,1358,1363,1476,1484,1502,1580,1603,1726,1781,1800,1811,1812,1814,2233,2261,2262,2538,2868,2891,3080,3508,3509,3510,3745,3837,4260,4383,8134,8137,8190,8197,8198,8199,8200,8203,8204,8205,
846;0;3791;3930;0;6,26,113,128,137,144,148,149,169,190,208,225,231,251,340,390,391,394,400,480,534,540,647,753,851,855,949,987,1052,1054,1138,1162,1268,1269,1270,1272,1286,1287,1288,1293,1294,1295,1322,1358,1363,1476,1484,1502,1580,1603,1726,1781,1800,1811,1812,1814,2233,2261,2262,2538,2868,2891,3080,3508,3509,3510,3745,3837,4260,4383,8134,8137,8190,8197,8198,8199,8200,8203,8204,8205,
362;0;3930;3950;0;6,26,113,128,137,144,148,149,169,190,208,225,231,251,340,390,391,394,400,480,534,540,647,753,851,855,949,987,1052,1054,1138,1162,1268,1269,1270,1272,1286,1287,1288,1293,1294,1295,1322,1358,1363,1476,1484,1502,1580,1603,1726,1781,1800,1811,1812,1814,2233,2261,2262,2538,2868,2891,3080,3508,3509,3510,3745,3837,4260,4383,8134,8137,8190,8197,8198,8199,8200,8203,8204,8205,
362;1;3950;4068;0;6,26,113,128,137,144,148,149,169,190,208,225,231,251,340,390,391,394,400,480,534,540,647,753,851,855,949,987,1052,1054,1138,1162,1268,1269,1270,1272,1286,1287,1288,1293,1294,1295,1322,1358,1363,1476,1484,1502,1580,1603,1726,1781,1800,1811,1812,1814,2233,2261,2262,2538,2868,2891,3080,3508,3509,3510,3745,3837,4260,4383,8134,8137,8190,8197,8198,8199,8200,8203,8204,8205,
841;0;4320;4451;0;6,26,113,128,137,144,148,149,169,190,208,225,231,251,340,390,391,394,400,480,528,534,536,540,647,851,855,949,987,1052,1054,1268,1269,1270,1272,1286,1287,1288,1290,1293,1294,1295,1322,1329,1358,1476,1484,1502,1580,1781,1811,1812,1814,2240,2261,2263,2264,2265,2407,2447,2485,3702,3708,3745,3837,4357,4453,4810,4811,4812,4813,4814,4815,8134,8137,8190,8198,8199,8200,8203,
178;0;4451;4532;0;2,26,137,139,144,148,149,225,231,251,262,301,390,391,400,528,534,647,676,830,854,855,863,904,917,933,948,949,1054,1093,1116,1118,1121,1125,1268,1269,1270,1272,1286,1287,1288,1290,1293,1294,1295,1322,1358,1362,1476,1484,1485,1486,1487,1488,1489,1490,1491,1492,1493,1494,1495,1496,1497,1498,1499,1500,1501,1502,1503,1504,1505,1506,1580,1781,1811,1814,2264,2485,8134,8137,
178;1;4532;4572;0;2,26,28,32,38,55,61,68,79,137,139,144,148,149,170,196,206,225,231,251,262,301,364,390,391,400,503,528,534,647,676,724,757,830,854,855,863,904,948,949,979,1054,1093,1118,1121,1268,1269,1270,1272,1275,1286,1287,1288,1290,1293,1294,1295,1322,1358,1419,1476,1486,1489,1580,1657,1781,1811,1814,1898,1934,1935,1936,1937,1938,1939,1940,2264,2485,8134,8137,
813;0;4572;4691;0;2,15,26,28,32,38,55,60,61,68,79,137,139,144,148,149,170,196,206,225,231,251,262,301,364,390,391,400,503,528,534,647,724,736,854,855,863,948,949,979,989,1054,1093,1118,1121,1268,1269,1270,1272,1275,1286,1287,1288,1290,1293,1294,1295,1322,1358,1419,1425,1476,1486,1489,1580,1781,1811,1814,1898,1935,1936,1937,1940,1984,2157,2264,2485,3718,8134,8137,
138;0;4691;4695;0;26,28,38,55,60,61,79,87,137,139,144,148,149,170,206,225,231,251,262,301,364,390,391,400,503,528,534,647,691,698,724,736,854,855,863,948,949,979,989,1054,1118,1121,1136,1268,1269,1270,1272,1275,1286,1287,1288,1290,1293,1294,1295,1322,1358,1419,1425,1476,1486,1489,1580,1781,1811,1814,1935,1936,1940,2157,2264,2485,2627,2986,3618,4744,4746,4791,8134,8137,
138;1;4695;4806;0;26,28,38,55,60,61,137,139,144,148,149,177,178,179,184,206,225,231,251,262,272,301,364,379,380,382,383,390,391,400,503,528,534,647,854,855,863,948,949,979,1032,1033,1034,1035,1036,1037,1038,1054,1118,1121,1131,1268,1269,1270,1272,1275,1286,1287,1288,1290,1293,1294,1295,1322,1358,1419,1476,1486,1489,1781,1811,1814,2157,2264,2485,2627,2986,3618,8134,8137,
909;0;4806;4909;0;24,26,28,29,38,55,60,61,137,139,144,148,149,177,178,179,184,206,225,231,251,262,272,301,364,379,380,382,383,390,391,400,503,528,534,647,854,855,863,948,949,979,1032,1036,1054,1118,1121,1131,1268,1269,1270,1272,1275,1286,1287,1288,1290,1293,1294,1295,1322,1358,1419,1476,1486,1489,1781,1811,1814,2157,2264,2485,2627,2986,3346,3618,4314,4318,8134,8137,
1061;0;4909;5007;0;24,26,28,29,38,55,60,61,137,139,144,148,149,177,178,179,184,206,225,231,251,262,272,301,364,379,380,390,391,400,503,528,534,647,854,855,863,948,949,979,1036,1054,1118,1121,1131,1268,1269,1270,1272,1275,1286,1287,1288,1290,1293,1294,1295,1322,1358,1419,1476,1486,1489,1781,1811,1814,2157,2264,2485,2627,2986,3618,8134,8137,8143,8231,8271,8272,8285,8291,
38;0;5007;5023;0;24,26,38,55,60,61,137,139,144,145,148,149,225,231,251,262,314,329,364,379,380,390,391,400,503,528,534,640,647,854,855,863,948,949,1036,1054,1095,1118,1121,1147,1178,1268,1269,1270,1272,1275,1287,1288,1290,1293,1294,1295,1322,1354,1358,1360,1419,1476,1480,1486,1489,1781,1811,1814,1920,2157,2264,2485,2627,2986,3034,3618,3630,3715,4407,4553,4675,5135,5206,5207,
38;1;5023;5096;0;18,19,21,24,25,26,34,38,54,61,62,137,144,145,146,193,198,298,314,359,397,409,410,503,505,529,534,569,598,863,949,1063,1087,1147,1287,1288,1290,1293,1333,1479,1540,1549,1651,1659,1675,1777,1811,1814,2264,2844,2846,2848,2849,2850,3778,4280,4709,4710,5050,5315,5705,5953,5958,5959,5966,5976,5979,5987,5992,6146,6147,6148,6149,6150,6151,7029,8074,8075,8077,8115,
252;0;5096;5100;0;18,19,21,24,25,26,34,38,54,61,62,137,144,145,146,193,198,298,314,359,397,409,410,503,505,529,534,569,598,863,949,1063,1087,1147,1287,1288,1290,1293,1333,1479,1540,1549,1651,1659,1675,1777,1811,1814,2264,2844,2846,2848,2849,2850,3778,4280,4709,4710,5050,5315,5705,5953,5958,5959,5966,5976,5979,5987,5992,6146,6147,6148,6149,6150,6151,7029,8074,8075,8077,8115,
252;1;5100;5181;0;18,19,21,24,25,26,34,38,54,61,62,137,144,145,146,193,198,298,314,359,397,409,410,503,505,529,534,569,598,863,949,1063,1087,1147,1287,1288,1290,1293,1333,1479,1540,1549,1651,1659,1675,1777,1811,1814,2264,2844,2846,2848,2849,2850,3778,4280,4709,4710,5050,5315,5705,5953,5958,5959,5966,5976,5979,5987,5992,6146,6147,6148,6149,6150,6151,7029,8074,8075,8077,8115,
105;0;5181;5196;0;18,19,21,24,25,26,34,38,54,61,62,137,144,145,146,193,198,298,314,359,397,409,410,503,505,529,534,569,598,863,949,1063,1087,1147,1287,1288,1290,1293,1333,1479,1540,1549,1651,1659,1675,1777,1811,1814,2264,2844,2846,2848,2849,2850,3778,4280,4709,4710,5050,5315,5705,5953,5958,5959,5966,5976,5979,5987,5992,6146,6147,6148,6149,6150,6151,7029,8074,8075,8077,8115,
105;1;5196;5262;0;18,19,21,24,25,26,34,38,54,61,62,137,144,145,146,193,198,298,314,359,397,409,410,503,505,529,534,569,598,863,949,1063,1087,1147,1287,1288,1290,1293,1333,1479,1540,1549,1651,1659,1675,1777,1811,1814,2264,2844,2846,2848,2849,2850,3778,4280,4709,4710,5050,5315,5705,5953,5958,5959,5966,5976,5979,5987,5992,6146,6147,6148,6149,6150,6151,7029,8074,8075,8077,8115,
379;0;5262;5315;0;18,19,21,24,25,26,34,38,54,61,62,137,144,145,146,193,198,298,314,359,397,409,410,503,505,529,534,569,598,863,949,1063,1087,1147,1287,1288,1290,1293,1333,1479,1540,1549,1651,1659,1675,1777,1811,1814,2264,2844,2846,2848,2849,2850,3778,4280,4709,4710,5050,5315,5705,5953,5958,5959,5966,5976,5979,5987,5992,6146,6147,6148,6149,6150,6151,7029,8074,8075,8077,8115,
379;1;5315;5340;0;18,19,21,24,25,26,34,38,54,61,62,137,144,145,146,193,198,298,314,359,397,409,410,503,505,529,534,569,598,863,949,1063,1087,1147,1287,1288,1290,1293,1333,1479,1540,1549,1651,1659,1675,1777,1811,1814,2264,2844,2846,2848,2849,2850,3778,4280,4709,4710,5050,5315,5705,5953,5958,5959,5966,5976,5979,5987,5992,6146,6147,6148,6149,6150,6151,7029,8074,8075,8077,8115,
1035;0;5760;5837;0;18,19,21,24,25,26,34,38,54,61,62,137,144,145,146,193,198,289,290,298,314,359,397,409,410,429,503,505,529,534,569,598,644,824,863,949,1058,1063,1087,1147,1287,1288,1290,1293,1333,1479,1540,1549,1651,1659,1675,1777,1811,1814,2264,2774,2777,2778,2790,2844,2846,2848,2849,3263,4570,4604,4605,4606,5976,5987,6469,7055,8148,8569,9119,9120,9121,9122,9123,9124,
822;0;5837;5906;0;18,19,21,24,25,26,34,38,54,61,62,137,144,145,146,193,198,289,290,298,314,359,397,409,410,429,503,505,529,534,569,598,644,824,863,949,1058,1063,1087,1147,1287,1288,1290,1293,1333,1479,1540,1549,1651,1659,1675,1777,1811,1814,2264,2531,2552,2553,2554,2774,2777,2778,2790,2844,2846,2848,2849,3263,4570,4604,4605,4606,5976,5987,6469,7055,8148,8569,9119,9120,
1030;0;5906;5970;0;18,19,21,24,25,26,34,38,54,61,62,137,144,145,146,193,198,289,290,298,314,359,397,409,410,429,503,505,529,598,644,677,765,772,836,863,949,1058,1063,1147,1287,1288,1290,1293,1479,1481,1540,1675,1777,1811,1814,2264,2346,2347,2461,2657,2774,2777,2778,3263,4376,4604,4605,4606,5392,5484,5485,5525,5634,5637,5722,5869,5976,5987,6022,6024,6026,7099,7736,7737,
117;0;5970;5974;0;4,19,24,25,26,34,38,54,61,89,90,137,144,145,146,198,276,289,290,314,429,529,583,644,677,764,765,768,773,833,836,858,862,863,944,945,947,949,1046,1058,1147,1174,1214,1287,1288,1290,1293,1371,1479,1481,1513,1524,1525,1532,1533,1534,1535,1536,1537,1538,1540,1675,1777,1811,1814,2264,2346,2347,2461,2774,2777,2778,3263,4605,4606,5392,5525,5637,5722,6022,
117;1;5974;6023;0;4,19,24,25,26,34,38,54,61,89,90,137,144,145,146,198,276,289,290,314,396,429,529,583,644,677,764,765,768,773,833,836,858,862,863,944,945,947,949,1046,1058,1147,1174,1214,1287,1288,1290,1293,1371,1479,1481,1513,1524,1525,1532,1533,1534,1540,1675,1777,1811,1814,2264,2346,2347,2461,2774,2777,2778,3263,3310,3311,3312,4605,4606,5392,5525,5637,5722,6022,
1235;0;6023;6053;0;4,19,24,25,26,34,38,54,61,89,90,137,144,145,146,198,276,289,290,314,396,429,529,583,644,677,764,765,768,773,833,836,858,862,863,944,945,947,949,995,1046,1058,1147,1174,1214,1287,1288,1290,1293,1371,1432,1479,1481,1513,1524,1525,1532,1533,1534,1540,1675,1777,1811,1814,2264,2346,2347,2461,2774,2777,2778,3263,3310,4605,4606,5392,5525,5637,5722,6022,
793;0;6053;6068;0;4,19,24,25,26,34,38,54,61,70,89,90,137,144,145,146,189,198,276,289,290,314,396,429,529,583,644,677,764,765,768,773,787,833,836,858,862,863,871,874,875,876,877,880,944,945,947,949,995,1046,1058,1147,1214,1287,1288,1290,1293,1479,1481,1540,1675,1777,1811,1814,2264,2346,2347,2461,2774,2777,2778,3263,3448,4605,4606,5392,5525,5637,5722,6022,
942;0;6068;6073;0;4,19,24,25,26,34,38,54,61,70,89,90,137,144,145,146,189,198,276,289,290,314,396,429,529,583,644,677,764,765,768,773,833,836,858,862,871,874,875,880,949,995,1058,1147,1214,1287,1288,1290,1293,1479,1481,1540,1675,1777,1811,1814,2259,2264,2346,2347,2410,2417,2418,2419,2420,2461,2471,2774,2777,2778,3263,3307,3308,4605,4606,5392,5525,5637,5722,6022,
1073;0;6073;6099;1;19,24,25,26,34,38,54,61,137,144,145,146,198,276,288,289,290,292,314,351,396,429,529,644,677,765,773,836,858,862,871,874,875,880,949,995,1058,1117,1147,1214,1287,1288,1290,1293,1479,1481,1540,1669,1675,1768,1777,1811,1814,2253,2264,2346,2347,2419,2420,2461,2645,2774,2775,2777,2778,2780,2816,2950,3263,4018,4564,4605,4606,4740,4805,5392,5525,5637,5722,6022,
926;0;6099;6128;1;19,24,25,26,34,38,54,61,117,137,144,145,146,198,276,288,289,290,292,314,393,429,529,644,677,765,773,836,838,858,862,871,874,875,880,949,995,1058,1117,1147,1214,1287,1288,1290,1293,1390,1451,1479,1481,1540,1675,1777,1811,1814,2264,2346,2347,2419,2420,2461,2645,2649,2774,2775,2777,2778,3263,4018,4597,4605,4606,5392,5525,5637,5722,6022,7834,7838,8391,8849,
1075;0;6128;6160;1;19,20,24,26,34,38,40,46,54,61,76,117,137,144,145,146,198,276,288,290,292,314,364,393,429,476,529,546,644,677,765,778,836,838,858,949,1058,1117,1147,1214,1287,1288,1290,1293,1390,1451,1479,1481,1540,1675,1777,1811,1814,2066,2091,2197,2264,2419,2420,2461,2645,2649,2774,2775,2777,2778,3263,3766,4018,4605,4606,4645,5392,5525,5637,5722,5825,6022,6244,7834,
833;0;6160;6193;1;24,26,38,54,61,137,144,145,146,198,233,274,276,288,290,292,314,393,429,644,677,765,836,838,858,949,1058,1117,1147,1214,1287,1288,1290,1293,1390,1451,1479,1481,1540,1675,1777,1811,1814,1836,1884,2091,2197,2264,2419,2420,2461,2559,2645,2649,2658,2774,2775,2777,2778,3263,4018,4605,4606,4854,5331,5340,5370,5392,5525,5637,5683,5684,5685,5686,5687,5688,5689,5722,6022,7834,
783;0;6193;6229;1;3,24,26,38,54,61,137,144,145,146,198,233,274,276,288,290,292,314,390,393,398,429,644,677,765,836,838,858,949,1048,1051,1058,1117,1145,1147,1214,1287,1288,1290,1293,1358,1390,1451,1479,1481,1540,1604,1675,1725,1777,1805,1811,1814,1945,1970,1971,2091,2197,2264,2419,2420,2461,2645,2649,2774,2775,2777,2778,3263,4018,4605,4606,5340,5392,5525,5637,5685,5722,6022,7834,
852;0;6229;6266;1;3,24,26,38,54,61,137,144,145,146,198,233,274,276,288,290,292,314,390,393,398,429,644,677,765,836,838,858,949,1048,1051,1058,1117,1145,1147,1214,1287,1288,1290,1293,1358,1390,1451,1479,1481,1540,1604,1675,1777,1811,1814,2091,2197,2264,2419,2420,2461,2645,2649,2774,2775,2777,2778,3263,4018,4605,4606,5340,5392,5525,5637,5685,5722,6022,7834,8456,8457,8458,8459,8460,
1036;0;6266;6306;1;26,38,61,144,145,146,148,198,233,276,288,314,377,379,399,400,429,647,677,765,815,836,858,920,1051,1056,1117,1118,1147,1167,1287,1288,1293,1390,1469,1481,1489,1675,1734,1736,1744,1751,1755,1764,1811,1814,2197,2264,2338,2339,2419,2420,2461,2573,2583,2645,2751,2778,2802,3037,3286,3461,5030,5174,5392,5525,5637,5722,6022,6399,6968,7448,7449,7787,7788,7789,7790,7791,7792,7834,
1159;0;6306;6348;1;26,38,61,100,144,145,146,148,198,225,233,276,277,288,314,377,379,399,400,429,647,677,765,815,836,858,920,1051,1056,1117,1118,1121,1147,1167,1287,1288,1293,1359,1390,1469,1474,1478,1481,1489,1675,1680,1734,1736,1744,1751,1755,1814,1913,1973,2197,2264,2338,2339,2419,2420,2461,2573,2583,2613,2645,2778,2994,3014,3037,3286,3461,5030,5392,5525,5637,5722,6022,6399,7217,7834,
1121;0;6348;6393;1;26,38,61,100,144,145,146,148,198,225,233,276,277,288,314,377,379,399,400,429,647,677,714,765,815,836,858,920,1051,1056,1117,1118,1121,1147,1167,1287,1288,1293,1359,1390,1469,1474,1478,1481,1489,1675,1680,1734,1736,1744,1751,1755,1814,1913,1973,2197,2264,2338,2339,2419,2420,2461,2573,2583,2613,2645,2778,2994,3037,3286,3461,5030,5392,5525,5637,5722,6022,6399,7217,7834,
76;0;6393;6397;1;26,38,61,100,144,145,146,198,225,233,276,277,288,314,377,400,429,484,528,544,647,677,765,836,858,1051,1117,1118,1121,1147,1280,1287,1288,1293,1390,1474,1478,1481,1544,1587,1675,1736,1744,1814,2074,2171,2190,2197,2264,2338,2339,2419,2420,2461,2573,2583,2645,2778,3008,3037,3060,3286,3461,3707,3831,4009,4012,4013,4026,4119,4120,4121,5030,5392,5525,5637,5722,6022,6399,7834,
76;1;6397;6441;1;26,38,61,100,144,145,146,198,225,233,276,277,285,286,288,305,306,310,312,314,377,380,400,429,484,528,544,595,647,677,765,836,858,1036,1051,1117,1118,1121,1147,1280,1287,1288,1293,1390,1428,1429,1430,1431,1474,1478,1481,1544,1587,1675,1736,1744,1814,2197,2264,2338,2339,2419,2420,2461,2573,2583,2645,2778,3037,3286,3461,4119,5030,5392,5525,5637,5722,6022,6399,7834,
831;0;6441;6490;1;56,61,74,144,251,275,276,395,520,728,835,836,855,858,861,927,946,948,1051,1270,1293,1365,1419,1595,2299,2419,2420,2638,2645,2778,2837,2866,2884,2943,2947,2986,3161,3581,3610,3618,3739,3785,3786,3787,3788,3789,3790,3791,3792,3808,3878,3945,4087,4733,5612,5874,5875,6401,6949,7333,7334,7335,7336,7337,7410,7411,7419,7420,7421,7422,7423,7424,8551,8559,8560,9039,9040,9041,9042,9043,
135;0;6490;6494;1;56,61,74,144,251,275,276,395,520,728,835,836,855,858,861,927,946,948,1051,1270,1293,1365,1419,1595,2299,2419,2420,2638,2645,2778,2837,2866,2884,2943,2947,2986,3161,3581,3610,3618,3739,3785,3786,3787,3788,3789,3790,3791,3792,3808,3878,3945,4087,4733,5612,5874,5875,6401,6949,7333,7334,7335,7336,7337,7410,7411,7419,7420,7421,7422,7423,7424,8551,8559,8560,9039,9040,9041,9042,9043,
135;1;6494;6542;1;56,61,74,144,251,275,276,395,520,728,835,836,855,858,861,927,946,948,1051,1270,1293,1365,1419,1595,2299,2419,2420,2638,2645,2778,2837,2866,2884,2943,2947,2986,3161,3581,3610,3618,3739,3785,3786,3787,3788,3789,3790,3791,3792,3808,3878,3945,4087,4733,5612,5874,5875,6401,6949,7333,7334,7335,7336,7337,7410,7411,7419,7420,7421,7422,7423,7424,8551,8559,8560,9039,9040,9041,9042,9043,
56;0;6542;6558;1;56,61,74,144,251,275,276,395,520,728,835,836,855,858,861,927,946,948,1051,1270,1293,1365,1419,1595,2299,2419,2420,2638,2645,2778,2837,2866,2884,2943,2947,2986,3161,3581,3610,3618,3739,3785,3786,3787,3788,3789,3790,3791,3792,3808,3878,3945,4087,4733,5612,5874,5875,6401,6949,7333,7334,7335,7336,7337,7410,7411,7419,7420,7421,7422,7423,7424,8551,8559,8560,9039,9040,9041,9042,9043,
56;1;6558;6597;1;56,61,74,144,251,275,276,395,520,728,835,836,855,858,861,927,946,948,1051,1270,1293,1365,1419,1595,2299,2419,2420,2638,2645,2778,2837,2866,2884,2943,2947,2986,3161,3581,3610,3618,3739,3785,3786,3787,3788,3789,3790,3791,3792,3808,3878,3945,4087,4733,5612,5874,5875,6401,6949,7333,7334,7335,7336,7337,7410,7411,7419,7420,7421,7422,7423,7424,8551,8559,8560,9039,9040,9041,9042,9043,
999;0;6597;6654;1;56,61,74,144,251,275,276,395,520,728,835,836,855,858,861,927,946,948,1051,1270,1293,1365,1419,1595,2299,2419,2420,2638,2645,2778,2837,2866,2884,2943,2947,2986,3161,3581,3610,3618,3739,3785,3786,3787,3788,3789,3790,3791,3792,3808,3878,3945,4087,4733,5612,5874,5875,6401,6949,7333,7334,7335,7336,7337,7410,7411,7419,7420,7421,7422,7423,7424,8551,8559,8560,9039,9040,9041,9042,9043,
1109;0;6654;6714;1;56,61,74,144,251,275,276,395,520,728,835,836,855,858,861,927,946,948,1051,1270,1293,1365,1419,1595,2299,2419,2420,2638,2645,2778,2837,2866,2884,2943,2947,2986,3161,3581,3610,3618,3739,3785,3786,3787,3788,3789,3790,3791,3792,3808,3878,3945,4087,4733,5612,5874,5875,6401,6949,7333,7334,7335,7336,7337,7410,7411,7419,7420,7421,7422,7423,7424,8551,8559,8560,9039,9040,9041,9042,9043,
886;0;6714;6776;1;56,61,74,144,251,275,276,395,520,728,835,836,855,858,861,927,946,948,1051,1270,1293,1365,1419,1595,2299,2419,2420,2638,2645,2778,2837,2866,2884,2943,2947,2986,3161,3581,3610,3618,3739,3785,3786,3787,3788,3789,3790,3791,3792,3808,3878,3945,4087,4733,5612,5874,5875,6401,6949,7333,7334,7335,7336,7337,7410,7411,7419,7420,7421,7422,7423,7424,8551,8559,8560,9039,9040,9041,9042,9043,
1166;0;6776;6842;1;56,61,74,144,251,275,276,395,520,728,835,836,855,858,861,927,946,948,1051,1270,1293,1365,1419,1595,2299,2419,2420,2638,2645,2778,2837,2866,2884,2943,2947,2986,3161,3581,3610,3618,3739,3785,3786,3787,3788,3789,3790,3791,3792,3808,3878,3945,4087,4733,5612,5874,5875,6401,6949,7333,7334,7335,7336,7337,7410,7411,7419,7420,7421,7422,7423,7424,8551,8559,8560,9039,9040,9041,9042,9043,
890;0;6842;6909;1;56,61,74,144,251,275,276,395,520,728,835,836,855,858,861,927,946,948,1051,1270,1293,1365,1419,1595,2299,2419,2420,2638,2645,2778,2837,2866,2884,2943,2947,2986,3161,3581,3610,3618,3739,3785,3786,3787,3788,3789,3790,3791,3792,3808,3878,3945,4087,4733,5612,5874,5875,6401,6949,7333,7334,7335,7336,7337,7410,7411,7419,7420,7421,7422,7423,7424,8551,8559,8560,9039,9040,9041,9042,9043,
1057;0;6909;6981;1;56,61,74,144,251,275,276,395,520,728,835,836,855,858,861,927,946,948,1051,1270,1293,1365,1419,1595,2299,2419,2420,2638,2645,2778,2837,2866,2884,2943,2947,2986,3161,3581,3610,3618,3739,3785,3786,3787,3788,3789,3790,3791,3792,3808,3878,3945,4087,4733,5612,5874,5875,6401,6949,7333,7334,7335,7336,7337,7410,7411,7419,7420,7421,7422,7423,7424,8551,8559,8560,9039,9040,9041,9042,9043,
956;0;7200;7274;1;56,61,74,103,144,251,275,276,395,520,728,835,836,855,858,861,927,946,948,1051,1270,1293,1365,1419,1595,2299,2419,2420,2627,2638,2645,2778,2837,2866,2884,2898,2943,2947,2986,3043,3161,3447,3581,3610,3618,3739,3785,3786,3787,3788,3789,3790,3791,3792,3808,3878,3945,4087,4733,5030,5609,5612,5897,6090,6783,7022,7419,7423,7834,7835,8166,8170,8559,8730,9083,9084,9085,9086,9087,9088,
984;0;7274;7349;1;38,56,61,74,103,144,251,275,276,395,520,728,835,836,855,858,861,872,927,946,948,972,1051,1142,1270,1293,1365,1419,1457,1462,1595,2299,2419,2420,2627,2638,2645,2778,2837,2866,2884,2898,2943,2947,2986,3043,3161,3447,3581,3610,3618,3739,3785,3786,3787,3788,3789,3790,3791,3792,3808,3878,3945,4087,4733,5030,5609,5612,5897,6090,6783,7022,7419,7423,7834,7835,8166,8170,8559,8730,
1022;0;7349;7425;1;38,56,61,74,103,139,144,145,149,231,241,251,275,276,277,391,395,429,520,728,835,836,855,858,861,872,927,946,948,972,1051,1142,1270,1293,1365,1419,1457,1462,1478,1595,1816,2299,2419,2420,2627,2638,2645,2778,2837,2866,2884,2898,2943,2947,2986,3043,3161,3447,3581,3610,3618,3739,3785,3786,3787,3788,3789,3790,3791,3792,3808,3878,3945,4087,4733,7022,7423,8166,8559,8730,
131;0;7425;7471;1;38,56,61,74,103,139,144,145,149,231,241,251,275,276,277,391,395,429,520,728,835,836,855,858,861,872,927,946,948,972,1051,1142,1270,1293,1365,1419,1457,1462,1478,1595,1783,1816,2220,2299,2419,2420,2627,2638,2645,2778,2837,2866,2884,2898,2943,2947,2986,3043,3161,3410,3447,3581,3610,3618,3739,3785,3786,3787,3788,3789,3790,3791,3797,3808,4438,7022,7423,8166,8559,8730,
131;1;7471;7501;1;38,56,61,74,103,139,144,145,146,149,231,241,251,275,276,277,291,314,377,391,395,429,520,591,728,835,836,855,858,861,872,927,946,948,972,1051,1054,1117,1118,1120,1124,1142,1270,1293,1365,1419,1457,1462,1478,1595,1735,1736,1763,1783,1816,2220,2299,2419,2420,2627,2638,2645,2778,2837,2866,2898,3161,3410,3447,3797,3808,4834,5257,5511,5512,7022,7423,8166,8559,8730,
1129;0;7501;7578;1;26,38,56,61,74,103,139,144,145,146,149,231,241,251,275,276,277,291,314,377,391,395,429,520,528,591,634,728,835,836,855,858,872,948,972,1051,1117,1118,1142,1267,1269,1270,1273,1287,1288,1293,1294,1295,1322,1419,1478,1595,1778,1783,1784,2220,2241,2264,2419,2420,2485,2627,2645,2778,2898,3161,3410,3447,3700,3797,3808,4620,5105,5122,5123,7022,7423,8166,8559,8730,
216;0;7578;7615;1;26,38,55,56,60,61,74,103,139,144,145,146,149,205,231,241,251,275,276,277,291,314,377,391,395,429,520,528,591,659,836,872,948,972,1051,1117,1118,1142,1267,1269,1270,1273,1282,1287,1288,1293,1294,1295,1322,1419,1478,1595,1605,1783,1999,2157,2220,2241,2264,2419,2420,2485,2627,2645,2778,2898,3161,3345,3349,3410,3447,3797,3808,3855,4620,7022,7423,8166,8559,8730,
216;1;7615;7656;1;26,38,55,56,60,61,74,103,139,144,145,149,205,225,229,231,232,241,251,276,277,291,314,391,395,429,528,591,827,836,872,948,972,1051,1094,1117,1118,1142,1267,1269,1270,1273,1282,1287,1288,1293,1294,1295,1322,1407,1419,1478,1595,1783,2157,2220,2241,2243,2244,2245,2264,2419,2420,2485,2627,2645,2778,2898,3161,3345,3410,3447,3797,3808,4620,7022,7423,8166,8559,8730,
1122;0;7656;7739;1;26,38,55,56,60,61,74,102,103,139,144,145,149,205,225,229,231,241,251,276,277,291,314,391,395,429,528,591,766,836,872,948,972,1051,1094,1117,1118,1142,1267,1269,1270,1273,1282,1287,1288,1293,1294,1295,1322,1419,1478,1567,1595,1783,2157,2220,2241,2244,2264,2419,2420,2475,2485,2627,2645,2778,2898,3161,3345,3410,3447,3797,3808,4620,6216,7022,7423,8166,8559,8730,
78;0;7739;7778;1;26,38,55,60,61,139,144,145,149,197,205,225,229,231,241,251,276,277,291,314,391,395,429,466,528,591,826,836,872,948,972,1051,1094,1117,1118,1142,1267,1269,1270,1273,1282,1287,1288,1293,1294,1295,1322,1341,1419,1478,1781,1783,2157,2197,2241,2244,2264,2419,2475,2627,2645,2778,2898,3161,3345,3410,3774,3797,3808,4487,4488,4620,5471,5682,7022,7423,7671,8166,8836,8838,
78;1;7778;7826;1;26,38,55,60,61,139,144,145,149,205,225,229,231,241,251,276,291,343,395,429,528,591,826,836,872,948,972,1043,1051,1094,1117,1118,1142,1267,1269,1270,1273,1282,1287,1288,1293,1294,1295,1419,1478,1481,1781,1783,2419,2461,2466,2475,2626,2627,2645,2661,2778,2903,3161,3345,3797,3808,4259,4365,4620,5471,5525,5637,5722,5795,6225,6369,6370,6371,6372,6373,6374,7022,7423,8166,
1101;0;7826;7916;1;26,38,55,60,61,139,144,145,149,205,225,229,231,241,251,276,291,343,395,429,528,591,826,836,872,948,972,1043,1051,1094,1117,1118,1142,1267,1269,1270,1273,1282,1287,1288,1293,1294,1295,1419,1478,1481,1781,1783,2419,2461,2466,2475,2626,2627,2645,2661,2778,2903,3161,3345,3797,3808,4259,4365,4620,5471,5525,5637,5722,5795,6225,6369,6370,6371,6372,6373,7022,7367,7423,8166,
863;0;7916;8006;1;26,97,118,144,260,291,302,345,390,395,440,528,584,591,677,715,765,836,890,1096,1117,1118,1147,1201,1270,1288,1293,1294,1374,1481,1756,1781,2405,2498,2628,2643,2645,2661,2683,2690,2778,2903,2988,3284,3285,3286,3287,3288,3519,3699,3797,4447,5108,5109,5281,5392,5525,5530,5538,5633,5640,5723,5867,6022,6133,6136,6198,6199,6200,6201,6225,6597,6784,7581,7956,7968,7969,7970,8282,8284,
256;0;8006;8054;1;26,97,118,144,260,291,302,345,390,395,440,528,584,591,677,715,765,836,890,1096,1117,1118,1147,1201,1270,1288,1293,1294,1374,1481,1756,1781,2405,2498,2628,2643,2645,2661,2683,2690,2778,2903,2988,3284,3285,3286,3287,3288,3519,3699,3797,4447,5108,5109,5281,5392,5525,5530,5538,5633,5640,5723,5867,6022,6133,6136,6198,6199,6200,6201,6225,6597,6784,7581,7956,7968,7969,7970,8282,8284,
256;1;8054;8098;1;26,97,118,144,260,291,302,345,390,395,440,528,584,591,677,715,765,836,890,1096,1117,1118,1147,1201,1270,1288,1293,1294,1374,1481,1756,1781,2405,2498,2628,2643,2645,2661,2683,2690,2778,2903,2988,3284,3285,3286,3287,3288,3519,3699,3797,4447,5108,5109,5281,5392,5525,5530,5538,5633,5640,5723,5867,6022,6133,6136,6198,6199,6200,6201,6225,6597,6784,7581,7956,7968,7969,7970,8282,8284,
14;0;8098;8149;1;26,97,118,144,260,291,302,345,390,395,440,528,584,591,677,715,765,836,890,1096,1117,1118,1147,1201,1270,1288,1293,1294,1374,1481,1756,1781,2405,2498,2628,2643,2645,2661,2683,2690,2778,2903,2988,3284,3285,3286,3287,3288,3519,3699,3797,4447,5108,5109,5281,5392,5525,5530,5538,5633,5640,5723,5867,6022,6133,6136,6198,6199,6200,6201,6225,6597,6784,7581,7956,7968,7969,7970,8282,8284,
14;1;8640;8684;1;26,97,118,144,233,260,271,288,290,291,292,302,345,390,395,400,440,528,584,591,677,715,765,836,839,890,1096,1117,1118,1147,1201,1270,1288,1293,1294,1374,1481,1540,1756,1781,1915,2091,2092,2338,2405,2498,2628,2643,2645,2661,2683,2690,2774,2775,2777,2778,2903,2988,3263,3267,3284,3285,3797,4605,4606,4617,5340,5392,5410,5525,5538,5633,5723,6022,6225,6226,6329,6366,8035,8036,
1160;0;8684;8780;1;26,97,118,144,233,260,271,288,290,291,292,302,345,390,395,400,440,528,584,591,677,715,765,836,839,890,1096,1117,1118,1147,1201,1268,1270,1288,1293,1294,1374,1481,1540,1756,1781,1915,2091,2092,2338,2405,2498,2628,2643,2645,2661,2683,2690,2774,2775,2777,2778,2903,2988,3263,3267,3284,3285,3721,3797,3859,4217,4330,4353,4605,4617,5392,5416,5525,5538,5633,5723,6022,6225,6226,
1068;0;8780;8877;1;26,27,97,118,144,233,260,271,288,290,291,292,302,345,390,395,400,407,440,528,584,591,677,715,765,836,839,890,1096,1117,1118,1147,1201,1268,1270,1279,1288,1293,1294,1374,1481,1540,1756,1781,1915,2091,2092,2338,2405,2498,2628,2643,2645,2661,2767,2774,2775,2777,2778,2875,2903,2941,2988,3263,3721,3797,3986,3987,3988,3989,4217,4617,5392,5525,5538,5633,5723,6022,6225,6226,
1174;0;8877;8977;1;26,27,54,97,118,144,204,233,260,271,288,290,291,292,302,345,390,395,400,407,440,528,584,591,677,715,765,836,839,890,1011,1096,1117,1118,1147,1186,1201,1268,1270,1279,1288,1293,1294,1374,1481,1540,1756,1781,1915,2003,2068,2091,2092,2338,2405,2512,2628,2661,2774,2775,2777,2778,2903,2941,2988,3263,3314,3721,3797,3988,4217,4617,5392,5525,5538,5633,5723,6022,6225,6226,
781;0;8977;9078;1;26,27,54,97,118,144,204,233,260,271,288,290,291,292,302,345,390,395,400,407,440,528,584,677,715,765,836,890,1118,1201,1242,1268,1270,1271,1272,1275,1276,1278,1279,1283,1288,1290,1291,1293,1294,1419,1481,1540,1702,1756,1777,1781,1783,1915,2091,2512,2628,2661,2774,2775,2777,2778,2903,2941,2988,3263,3721,3797,3988,4217,4282,4617,5392,5525,5538,5633,5723,6022,6225,6226,
801;0;9078;9183;1;26,27,54,97,101,118,144,204,233,260,271,288,290,291,292,302,345,390,395,400,407,440,528,584,677,715,765,836,890,1118,1201,1242,1268,1270,1271,1272,1275,1276,1278,1279,1283,1288,1290,1291,1293,1294,1419,1479,1481,1540,1702,1756,1781,1915,2091,2512,2628,2661,2774,2775,2777,2778,2903,2941,2988,3263,3721,3797,3988,4217,4617,5247,5392,5525,5538,5633,5723,6022,6225,6226,
1078;0;9183;9288;1;26,27,54,97,101,118,144,204,233,260,271,288,290,291,292,302,345,390,395,400,407,440,528,584,677,715,765,836,890,1118,1201,1242,1268,1270,1271,1272,1275,1276,1278,1279,1283,1288,1290,1291,1293,1294,1419,1479,1481,1540,1702,1756,1781,1915,2091,2512,2628,2661,2774,2775,2777,2778,2903,2941,2988,3263,3721,3797,3988,4217,4617,5392,5525,5538,5633,5723,6022,6225,6226,8463,
1079;0;9288;9394;1;3,26,27,54,61,95,144,152,156,231,241,248,251,262,288,290,291,390,400,402,528,581,644,647,677,693,715,742,765,1118,1262,1268,1270,1275,1278,1288,1291,1293,1294,1476,1481,1563,1756,1988,2091,2103,2177,2216,2414,2512,2628,2661,2774,2775,2876,2941,3037,3577,3802,3807,3808,3809,3810,3988,4033,4225,4462,4840,4841,5379,5392,5525,5594,5633,6015,6022,6706,7370,7371,9203,
945;0;9394;9503;1;3,26,27,54,61,95,144,152,156,231,241,248,251,262,288,290,291,390,400,402,528,581,644,647,677,693,715,742,765,1118,1262,1268,1270,1275,1278,1288,1291,1293,1294,1476,1481,1563,1756,1988,2091,2103,2177,2216,2414,2512,2628,2661,2774,2775,2876,2941,3037,3577,3802,3807,3808,3809,3810,3988,4033,4225,4462,4840,4841,5379,5392,5525,5594,5633,6015,6022,6706,7370,7371,9203,
354;0;9503;9580;1;3,26,27,54,61,95,144,152,156,231,241,248,251,262,288,290,291,390,400,402,528,581,644,647,677,693,715,742,765,1118,1262,1268,1270,1275,1278,1288,1291,1293,1294,1476,1481,1563,1756,1988,2091,2103,2177,2216,2414,2512,2628,2661,2774,2775,2876,2941,3037,3577,3802,3807,3808,3809,3810,3988,4033,4225,4462,4840,4841,5379,5392,5525,5594,5633,6015,6022,6706,7370,7371,9203,
354;1;9580;9612;1;3,26,27,54,61,95,144,152,156,231,241,248,251,262,288,290,291,390,400,402,528,581,644,647,677,693,715,742,765,1118,1262,1268,1270,1275,1278,1288,1291,1293,1294,1476,1481,1563,1756,1988,2091,2103,2177,2216,2414,2512,2628,2661,2774,2775,2876,2941,3037,3577,3802,3807,3808,3809,3810,3988,4033,4225,4462,4840,4841,5379,5392,5525,5594,5633,6015,6022,6706,7370,7371,9203,
230;0;9612;9652;1;3,26,27,54,61,95,144,152,156,231,241,248,251,262,288,290,291,390,400,402,528,581,644,647,677,693,715,742,765,1118,1262,1268,1270,1275,1278,1288,1291,1293,1294,1476,1481,1563,1756,1988,2091,2103,2177,2216,2414,2512,2628,2661,2774,2775,2876,2941,3037,3577,3802,3807,3808,3809,3810,3988,4033,4225,4462,4840,4841,5379,5392,5525,5594,5633,6015,6022,6706,7370,7371,9203,
230;1;9652;9724;1;3,26,27,54,61,95,144,152,156,231,241,248,251,262,288,290,291,390,400,402,528,581,644,647,677,693,715,742,765,1118,1262,1268,1270,1275,1278,1288,1291,1293,1294,1476,1481,1563,1756,1988,2091,2103,2177,2216,2414,2512,2628,2661,2774,2775,2876,2941,3037,3577,3802,3807,3808,3809,3810,3988,4033,4225,4462,4840,4841,5379,5392,5525,5594,5633,6015,6022,6706,7370,7371,9203,
93;0;10080;10134;1;3,26,95,136,144,225,226,231,288,400,436,528,677,838,1118,1126,1268,1270,1278,1288,1291,1293,1470,1478,1481,1486,1609,1661,1668,1679,1756,1807,1920,2053,2109,2114,2118,2120,2123,2124,2125,2128,2129,2130,2132,2134,2135,2140,2142,2143,2512,2628,2854,2855,2941,2953,3577,3808,3988,4511,4533,4534,4543,4546,4551,4553,4554,4555,4656,4676,4677,4678,4679,4680,4681,4682,5392,5633,6022,6665,
93;1;10134;10194;1;3,26,95,136,144,225,226,231,288,400,436,528,677,838,1118,1126,1268,1270,1278,1288,1291,1293,1470,1478,1481,1486,1609,1661,1668,1679,1756,1807,1920,2053,2109,2114,2118,2120,2123,2124,2125,2128,2129,2130,2132,2134,2135,2140,2142,2143,2512,2628,2854,2855,2941,2953,3577,3808,3988,4511,4533,4534,4543,4546,4551,4553,4554,4555,4656,4676,4677,5392,5633,6022,8504,8505,8506,8507,8508,8509,
377;0;10194;10238;1;3,26,55,95,136,144,205,208,225,226,231,288,400,419,436,487,528,553,554,677,838,1118,1126,1268,1270,1278,1282,1288,1291,1293,1470,1478,1481,1486,1512,1587,1609,1661,1668,1679,1756,1807,1920,2053,2109,2114,2118,2120,2123,2124,2125,2128,2129,2130,2132,2134,2135,2140,2142,2143,2512,2628,2854,2855,2941,2953,3577,3808,3988,4511,4533,4534,4543,4546,4553,5376,5392,5633,6022,9202,
377;1;10238;10311;1;3,26,55,95,136,144,177,178,179,180,182,183,205,208,225,226,231,288,304,400,419,436,487,528,553,554,677,838,1118,1126,1268,1270,1278,1282,1288,1291,1293,1470,1478,1481,1486,1512,1587,1609,1661,1668,1679,1756,1807,1920,2053,2109,2114,2118,2120,2123,2124,2125,2128,2129,2130,2132,2134,2135,2140,2142,2143,2512,2628,2854,2855,2941,2953,3577,3808,3988,4553,5392,5633,6022,
894;0;10311;10430;1;3,26,55,95,136,144,177,178,179,180,182,183,205,208,225,226,231,288,304,400,419,436,487,528,553,554,677,838,1118,1126,1268,1270,1278,1282,1288,1291,1293,1470,1478,1481,1486,1512,1587,1609,1661,1668,1679,1756,1807,1920,2053,2109,2114,2118,2120,2123,2124,2125,2128,2129,2130,2132,2134,2135,2140,2142,2143,2512,2628,2854,2855,2941,2953,3808,3988,4553,5392,5633,6022,8159,
1005;0;10430;10552;1;3,26,55,95,136,144,177,178,179,180,182,183,205,208,225,226,231,288,304,400,419,436,487,528,553,554,677,838,1118,1126,1268,1270,1278,1282,1288,1291,1293,1470,1478,1481,1486,1512,1587,1609,1661,1668,1679,1756,1807,1920,2053,2109,2114,2118,2120,2123,2124,2125,2128,2129,2130,2132,2134,2135,2140,2142,2143,2628,2854,2855,2941,3808,3988,4553,5392,5633,6022,7953,7954,8275,
265;0;10552;10603;1;5,26,95,144,149,182,225,226,231,393,528,677,838,849,854,948,949,1198,1199,1214,1268,1270,1278,1282,1288,1291,1293,1354,1481,1674,1744,1745,1747,1756,1757,1759,1760,1766,1769,1976,2128,2543,2545,2546,2547,2583,2586,2593,2594,2595,2597,2598,2599,2600,2601,2602,2604,2605,2608,2609,2627,2628,2941,2990,3161,3459,3460,3461,3462,3463,3464,3465,3466,3467,3468,3808,3988,5392,5633,6022,
265;1;10603;10676;1;5,26,95,144,149,182,225,226,231,393,528,677,838,849,854,948,949,1198,1199,1214,1268,1270,1278,1280,1282,1288,1291,1293,1354,1481,1674,1744,1745,1747,1756,1757,1759,1760,1766,1769,1976,2128,2332,2543,2545,2546,2547,2583,2586,2593,2594,2595,2597,2598,2599,2600,2601,2602,2604,2605,2608,2609,2627,2628,2941,2990,3161,3459,3460,3461,3462,3463,3464,3465,3466,3808,3988,5392,5633,6022,
124;0;10676;10753;1;5,26,95,144,149,182,225,226,231,393,528,677,838,849,854,948,949,1198,1199,1214,1268,1270,1273,1278,1280,1282,1288,1291,1293,1354,1481,1570,1674,1744,1745,1747,1756,1757,1759,1760,1766,1769,1976,2089,2128,2332,2543,2545,2546,2547,2583,2586,2593,2594,2595,2597,2598,2599,2600,2601,2602,2604,2605,2608,2609,2627,2628,2941,2990,3161,3459,3460,3604,3808,3988,4263,4268,5392,5633,6022,
124;1;10753;10802;1;26,144,145,147,182,225,226,227,229,231,266,267,272,273,274,276,286,301,429,430,528,677,1058,1092,1094,1137,1268,1270,1273,1278,1280,1282,1288,1291,1293,1447,1451,1473,1481,1756,1819,1825,1832,2128,2247,2248,2382,2626,2628,2649,2660,2689,3808,4018,4031,4400,4423,4472,5136,5392,5507,5633,5736,6022,6114,6370,6720,6723,7203,7204,7205,7206,7207,7208,7209,7210,7211,7212,7213,8797,
214;0;10802;10908;1;26,144,145,147,182,225,226,227,229,231,266,267,272,273,274,276,286,301,429,430,528,677,1058,1092,1094,1137,1268,1270,1273,1278,1280,1282,1288,1291,1293,1447,1451,1473,1481,1756,1819,1825,1832,2128,2247,2248,2382,2626,2628,2649,2660,2689,3808,4018,4031,4400,4423,4472,5136,5392,5507,5633,5736,6022,6114,6370,6720,6723,7203,7204,7205,7206,7207,7208,7209,7210,7211,7212,7213,8797,
214;1;10908;10930;1;26,144,145,147,182,225,226,227,229,231,266,267,272,273,274,276,286,301,429,430,528,677,1058,1092,1094,1137,1268,1270,1273,1278,1280,1282,1288,1291,1293,1447,1451,1473,1481,1756,1819,1825,1832,2128,2247,2248,2382,2626,2628,2649,2660,2689,3808,4018,4031,4400,4423,4472,5136,5392,5507,5633,5736,6022,6114,6370,6720,6723,7203,7204,7205,7206,7207,7208,7209,7210,7211,7212,7213,8797,
1177;0;11520;11650;1;24,26,28,46,144,145,147,182,206,225,226,227,229,231,266,267,272,273,274,276,286,301,429,430,528,677,979,1058,1092,1094,1137,1268,1270,1273,1278,1280,1282,1288,1291,1293,1447,1451,1473,1481,1561,1756,1819,1825,1832,2128,2247,2248,2305,2382,2626,2628,2649,2660,2689,3006,3796,3808,3900,3906,4018,4031,4273,4274,4275,4400,4423,4472,5136,5392,5507,5633,5736,6022,6114,6370,
317;0;11650;11759;1;24,26,28,46,144,145,147,182,206,225,226,227,229,231,266,267,272,273,274,276,286,301,429,430,528,677,979,1058,1092,1094,1137,1268,1270,1273,1278,1280,1282,1288,1291,1293,1447,1451,1473,1481,1561,1756,1819,1825,1832,2128,2247,2248,2305,2382,2626,2628,2649,2660,2689,3006,3796,3808,3900,3906,4018,4031,4273,4274,5392,6022,6114,6138,8123,8283,8285,8315,8316,8317,8318,8319,
317;1;11759;11781;1;24,26,28,46,117,144,145,147,182,206,225,226,227,229,231,266,267,272,273,274,276,286,301,429,430,528,677,826,979,1058,1092,1094,1137,1266,1267,1268,1270,1273,1278,1280,1282,1285,1287,1288,1289,1291,1292,1293,1295,1447,1451,1473,1481,1561,1756,1819,1825,1832,1916,2128,2221,2247,2248,2305,2382,2626,2628,2649,2660,2689,3006,3703,3796,3808,4620,5392,5471,6022,6114,6244,
28;0;11781;11867;1;24,26,28,46,117,144,145,147,182,206,225,226,227,229,231,255,266,267,272,273,276,286,301,429,528,529,614,618,619,677,979,1137,1240,1266,1267,1268,1269,1270,1273,1278,1280,1282,1285,1286,1287,1288,1289,1291,1292,1293,1294,1295,1451,1473,1481,1512,1756,1916,2091,2221,2305,2346,2347,2577,2626,2628,2689,3703,4206,4620,5392,6022,6114,6966,7017,7018,7019,7020,7021,7022,
28;1;11867;11915;1;24,26,28,38,46,117,144,145,147,182,206,225,226,227,229,231,255,266,267,272,273,276,286,301,429,528,529,614,618,619,677,871,872,874,972,979,1137,1142,1240,1266,1267,1268,1269,1270,1273,1278,1280,1282,1285,1286,1287,1288,1289,1291,1292,1293,1294,1295,1451,1456,1463,1473,1481,1512,1756,1916,2091,2221,2305,2346,2347,2577,2626,2628,2689,3703,4620,5392,6022,6114,
233;0;11915;11977;1;24,26,28,38,46,79,110,117,144,145,147,182,206,225,226,227,229,231,255,266,267,272,273,276,286,301,429,528,529,614,618,677,871,979,1031,1137,1217,1225,1240,1266,1267,1268,1269,1270,1273,1280,1281,1282,1285,1287,1288,1289,1292,1293,1294,1295,1451,1463,1473,1481,1507,1508,1509,1510,1511,1756,1916,2091,2156,2221,2305,2347,2626,2628,2689,3703,4620,5392,6022,6114,
233;1;11977;12051;1;24,26,28,38,46,79,110,117,144,145,147,182,206,225,226,227,229,231,255,266,267,272,273,276,286,288,301,400,401,404,429,528,529,614,618,677,871,979,1031,1137,1266,1267,1268,1269,1270,1273,1280,1281,1282,1285,1287,1288,1289,1292,1293,1294,1295,1401,1451,1463,1473,1474,1478,1481,1756,1762,1916,2091,2221,2305,2347,2626,2628,2689,3703,4502,4620,5392,6022,6114,
12;0;12051;12104;1;24,26,28,38,46,60,79,110,117,144,145,147,182,206,225,226,227,229,231,255,267,272,273,276,286,288,301,404,429,528,677,727,871,875,979,1137,1266,1267,1268,1269,1270,1273,1280,1281,1282,1285,1287,1288,1289,1292,1293,1294,1295,1401,1451,1463,1473,1474,1478,1481,1756,1916,2091,2221,2305,2347,2626,2628,2689,3065,3380,3703,3979,4059,4060,4061,4620,5392,6022,6114,
12;1;12104;12192;1;24,26,27,28,38,46,60,61,63,79,110,117,144,145,147,182,206,225,226,227,229,231,255,267,272,273,276,286,288,301,404,429,528,677,727,871,875,979,1137,1266,1267,1268,1269,1270,1273,1275,1277,1280,1281,1282,1285,1287,1288,1289,1292,1293,1294,1295,1401,1451,1463,1473,1474,1478,1481,1756,1916,2091,2221,2305,2347,2626,2628,2689,3065,3703,4620,5392,6022,6114,
987;0;12192;12336;1;19,24,25,34,42,50,51,54,60,98,137,144,225,234,235,262,267,273,283,289,290,291,306,308,310,677,704,862,1121,1294,1307,1481,1668,1681,1920,1922,2052,2370,2376,2468,2626,2628,2676,2774,2775,2851,2852,2853,2854,2855,3348,3532,4424,4425,4426,4427,4428,4429,4430,4604,4639,4641,4908,4994,4995,4996,4997,4998,4999,5000,5001,5002,5003,5004,5005,5006,5007,5008,6022,6114,
1019;0;12336;12483;1;19,24,25,34,42,50,51,54,60,98,137,144,225,234,235,262,267,273,283,289,290,291,306,308,310,677,704,862,1121,1294,1307,1481,1668,1681,1920,1922,2052,2370,2376,2468,2626,2628,2676,2774,2775,2851,2852,2853,2854,2855,3348,3532,4424,4425,4426,4427,4428,4429,4430,4604,4639,4641,4908,4994,4995,4996,4997,4998,4999,5000,5001,5002,5003,5004,5005,5006,5007,5008,6022,6114,
1158;0;12483;12631;1;19,24,25,34,42,50,51,54,60,98,137,144,225,234,235,262,267,273,283,289,290,291,306,308,310,677,704,862,1121,1294,1307,1481,1668,1681,1920,1922,2052,2370,2376,2468,2626,2628,2676,2774,2775,2851,2852,2853,2854,2855,3348,3532,4424,4425,4426,4427,4428,4429,4430,4604,4639,4641,4908,4994,4995,4996,4997,4998,4999,5000,5001,5002,5003,5004,5005,5006,5007,5008,6022,6114,
807;0;12631;12782;1;19,24,25,34,42,50,51,54,60,98,137,144,225,234,235,262,267,273,283,289,290,291,306,308,310,677,704,862,1121,1294,1307,1481,1668,1681,1920,1922,2052,2370,2376,2468,2626,2628,2676,2774,2775,2851,2852,2853,2854,2855,3348,3532,4424,4425,4426,4427,4428,4429,4430,4604,4639,4641,4908,4994,4995,4996,4997,4998,4999,5000,5001,5002,5003,5004,5005,5006,5007,5008,6022,6114,
934;0;12960;13112;1;19,24,25,34,42,50,51,54,60,98,100,137,144,225,234,235,262,267,273,283,289,290,291,306,308,310,666,677,694,704,715,765,836,862,1121,1294,1307,1481,1482,1483,1668,1681,1920,1922,2052,2106,2225,2318,2370,2376,2461,2468,2475,2626,2628,2661,2676,2678,2679,2774,2775,2851,2852,2853,2854,2855,2903,3348,3532,4424,4425,4426,4427,4428,4604,4997,5525,5722,6022,6114,
1168;0;13112;13265;1;19,24,34,41,54,60,100,137,144,222,225,234,262,267,273,280,289,290,291,306,310,491,553,666,677,694,715,765,805,862,880,995,1196,1242,1284,1294,1481,1587,1891,1920,1922,1930,1935,2052,2070,2318,2513,2519,2628,2661,2678,2679,2775,2836,2903,3126,3348,3870,3888,3966,4187,4216,4352,4604,4664,4738,4887,5117,5525,5722,6022,6907,6909,7105,7543,7544,7545,7546,7547,7548,
955;0;13265;13421;1;19,24,34,41,54,60,92,100,137,144,222,225,234,262,267,273,280,289,290,291,306,310,491,553,666,677,694,715,765,773,805,862,880,995,1196,1242,1284,1294,1481,1587,1891,1920,1922,1930,1935,2052,2070,2318,2513,2519,2628,2661,2678,2679,2775,2836,2903,3126,3348,3870,3888,3966,4187,4216,4352,4604,4664,4738,4887,5117,5525,5722,6022,6907,6909,7105,7543,7626,7804,7840,
1051;0;13421;13578;1;19,24,34,41,54,60,92,100,137,144,222,225,234,254,262,267,273,280,289,290,291,306,310,491,553,666,677,694,715,765,773,805,862,880,995,1196,1242,1284,1293,1294,1426,1481,1587,1891,1920,1922,1930,1935,2052,2070,2318,2513,2519,2628,2661,2678,2679,2775,2836,2903,3126,3348,3870,3888,3966,4187,4216,4225,4352,4604,4664,4738,4887,5117,5525,5722,6022,6757,6907,7891,
1126;0;13578;13738;1;19,24,60,126,137,138,139,186,188,208,254,288,289,291,427,452,480,499,504,526,547,578,607,645,715,736,784,875,964,1063,1118,1271,1293,1390,1426,1463,1474,1481,1580,1587,1671,1675,1701,1716,1756,1814,1915,1916,1920,1930,1935,1936,2069,2086,2091,2305,2306,2317,2337,2339,2679,2894,2895,2896,3122,3348,3395,3527,3612,3627,3740,3741,4161,4753,6386,6399,7683,7743,7744,7980,
843;0;13738;13899;1;19,24,60,126,137,138,139,186,188,208,254,288,289,291,427,452,480,499,504,526,547,578,607,645,715,736,784,875,964,1063,1118,1271,1293,1390,1426,1463,1474,1481,1580,1587,1671,1675,1701,1716,1756,1814,1915,1916,1920,1930,1935,1936,2069,2086,2091,2305,2306,2317,2337,2339,2679,2894,2895,2896,3122,3348,3395,3527,3612,3627,3740,3741,4161,4753,6386,6399,7683,7743,7744,7980,
958;0;13899;14062;1;19,24,60,126,137,138,139,186,188,208,254,288,289,291,427,452,480,499,504,526,547,578,607,645,715,736,784,875,964,1063,1118,1271,1293,1390,1426,1463,1474,1481,1580,1587,1671,1675,1701,1716,1756,1814,1915,1916,1920,1930,1935,1936,2069,2086,2091,2305,2306,2317,2337,2339,2679,2894,2895,2896,3122,3348,3395,3527,3612,3627,3740,3741,4161,4753,6386,6399,7683,7743,7744,7980,
947;0;14062;14226;1;19,24,60,126,137,138,139,186,188,208,254,288,289,291,427,452,480,499,504,526,547,578,607,645,715,736,784,875,964,1063,1118,1271,1293,1390,1426,1463,1474,1481,1580,1587,1671,1675,1701,1716,1756,1814,1915,1916,1920,1930,1935,1936,2069,2086,2091,2305,2306,2317,2337,2339,2679,2894,2895,2896,3122,3348,3395,3527,3612,3627,3740,3741,4161,4753,6386,6399,7683,7743,7744,7980,
267;0;14226;14307;1;19,24,60,126,137,138,139,186,188,208,254,288,289,291,427,452,480,499,504,526,547,578,607,645,715,736,784,875,964,1063,1118,1271,1293,1390,1426,1463,1474,1481,1580,1587,1671,1675,1701,1716,1756,1814,1915,1916,1920,1930,1935,1936,2069,2086,2091,2305,2306,2317,2337,2339,2679,2894,2895,2896,3122,3348,3395,3527,3612,3627,3740,3741,4161,4753,6386,6399,7683,7743,7744,7980,
267;1;14307;14395;1;19,24,60,126,137,138,139,186,188,208,254,288,289,291,427,452,480,499,504,526,547,578,607,645,715,736,784,875,964,1063,1118,1271,1293,1390,1426,1463,1474,1481,1580,1587,1671,1675,1701,1716,1756,1814,1915,1916,1920,1930,1935,1936,2069,2086,2091,2305,2306,2317,2337,2339,2679,2894,2895,2896,3122,3348,3395,3527,3612,3627,3740,3741,4161,4753,6386,6399,7683,7743,7744,7980,
850;0;14400;14570;1;19,24,60,126,137,138,139,147,178,186,188,208,254,288,289,291,396,427,452,480,499,504,526,547,578,607,645,715,736,784,875,964,1027,1051,1063,1118,1145,1146,1271,1293,1390,1426,1463,1474,1481,1580,1587,1671,1675,1701,1716,1756,1814,1915,1916,1920,1930,1935,1936,1942,1943,1944,2069,2086,2091,2305,2306,2317,2337,2339,2679,2894,2895,2896,3122,3348,3395,3527,3612,6386,
844;0;14570;14740;1;19,24,60,126,137,138,139,147,178,186,188,208,254,288,289,291,396,427,452,499,504,547,607,715,875,1051,1146,1293,1390,1463,1474,1481,1580,1587,1915,1920,1935,1936,2091,2305,2306,2679,2895,3472,5951,5963,5968,5969,5976,5980,5985,5986,5987,6360,6378,6386,6537,6538,6539,6540,6541,6542,6543,6544,6545,6546,6547,6548,6549,6550,6551,6552,6553,6554,6555,6556,6557,6558,6559,6560,
1085;0;14740;14912;1;19,24,60,126,137,138,139,147,178,186,188,208,254,288,289,291,396,427,452,499,504,547,607,715,875,1051,1146,1293,1390,1463,1474,1481,1580,1587,1915,1920,1935,1936,2091,2305,2306,2679,2895,3472,5951,5963,5968,5969,5976,5980,5985,5986,5987,6360,6378,6386,6537,6538,6539,6540,6541,6542,6543,6544,6545,6546,6547,6548,6549,6550,6551,6552,6553,6554,6555,6556,6557,6558,7376,7377,
33;0;14912;15044;1;19,24,60,95,126,137,138,139,147,178,186,188,208,254,288,289,290,291,329,395,396,427,499,504,547,607,677,715,875,949,1051,1073,1146,1293,1390,1451,1463,1474,1481,1580,1587,1915,1920,1935,1936,2091,2253,2305,2306,2573,2627,2631,2677,2679,2691,2806,2893,2895,3263,4361,4365,4635,5329,6386,6803,7423,7663,7943,8099,8129,8166,8187,8407,8686,8687,8696,8698,8699,8787,8788,
33;1;15044;15088;1;19,24,38,40,60,95,126,137,138,139,147,178,186,188,205,208,210,254,288,289,290,291,329,395,396,427,486,499,504,522,547,570,607,632,677,715,875,949,1051,1073,1146,1196,1261,1293,1390,1425,1451,1463,1474,1481,1560,1580,1587,1915,1920,1935,1936,2091,2201,2253,2305,2306,2315,2564,2573,2627,2677,2679,2806,2835,2895,3263,3345,3870,3883,3886,5180,5184,6386,7423,
199;0;15088;15105;1;19,24,38,40,60,95,97,126,137,138,139,144,147,177,178,179,186,208,210,225,234,262,272,273,287,288,290,291,304,305,311,317,329,395,396,427,446,486,499,504,547,607,632,677,715,875,1051,1131,1136,1137,1146,1196,1293,1390,1463,1474,1481,1560,1580,1587,1676,1677,1915,1920,1935,1936,2091,2305,2306,2315,2564,2573,2677,2679,2806,2895,3263,3870,6386,7423,
199;1;15105;15265;1;24,95,117,137,144,145,170,189,208,288,290,292,329,351,396,397,404,427,429,597,631,632,647,677,715,817,875,898,1146,1196,1236,1293,1474,1476,1480,1481,1540,1560,1580,1837,2091,2240,2305,2306,2315,2419,2503,2564,2573,2679,2775,2776,2777,2778,2780,2781,2782,2808,2836,2895,2903,3263,4112,4217,4272,4629,4650,4651,5409,5500,5645,5998,6215,6617,7977,8601,8602,8663,8664,8665,
1190;0;15265;15443;1;24,95,117,137,144,145,170,189,208,288,290,292,329,351,396,397,404,427,429,597,631,632,647,677,715,817,875,898,1146,1196,1236,1293,1474,1476,1480,1481,1540,1560,1580,1837,2091,2240,2305,2306,2315,2419,2503,2564,2573,2679,2775,2776,2777,2778,2780,2781,2782,2808,2836,2895,2903,3263,4112,4217,4272,4629,4650,4651,5409,5500,5645,5998,6215,6617,7977,8601,8602,8663,8664,8665,
355;0;15443;15498;1;24,95,117,137,144,145,170,189,208,288,290,292,329,351,396,397,404,427,429,597,631,632,647,677,715,817,875,898,1146,1196,1236,1293,1474,1476,1480,1481,1540,1560,1580,1837,2091,2240,2305,2306,2315,2419,2503,2564,2573,2679,2775,2776,2777,2778,2780,2781,2782,2808,2836,2895,2903,3263,4112,4217,4272,4629,4650,4651,5409,5500,5645,5998,6215,6617,7977,8601,8602,8663,8664,8665,
355;1;15498;15622;1;24,95,117,137,144,145,170,189,208,288,290,292,329,351,396,397,404,427,429,597,631,632,647,677,715,817,875,898,1146,1196,1236,1293,1474,1476,1480,1481,1540,1560,1580,1837,2091,2240,2305,2306,2315,2419,2503,2564,2573,2679,2775,2776,2777,2778,2780,2781,2782,2808,2836,2895,2903,3263,4112,4217,4272,4629,4650,4651,5409,5500,5645,5998,6215,6617,7977,8601,8602,8663,8664,8665,
Machine: 3
1234;0;0;4;1;24,38,89,90,100,144,225,295,395,437,476,659,694,715,773,835,849,949,1270,1271,1275,1529,1723,2491,2510,2636,2661,2677,2683,2714,2728,2943,2974,3070,3126,3345,3470,3473,3474,3581,3609,4313,4317,4673,4816,4909,5487,5538,5691,5706,5723,6225,6226,6723,7208,7217,7299,7319,7320,7583,7584,7871,8129,8265,8340,8425,8528,8529,8530,8531,8559,8764,8765,8770,9014,9015,9016,9031,9032,9033,
1004;0;4;9;1;24,38,89,90,100,144,225,295,395,437,476,659,694,715,773,835,849,949,1270,1271,1275,1529,1723,2491,2510,2636,2661,2677,2683,2714,2728,2943,2974,3070,3126,3345,3470,3473,3474,3581,3609,4313,4317,4673,4816,4909,5487,5538,5691,5706,5723,6225,6226,6723,7208,7217,7299,7319,7320,7583,7584,7871,8129,8265,8340,8425,8528,8529,8530,8531,8559,8764,8765,8770,9014,9015,9016,9031,9032,9033,
1045;0;9;17;1;24,38,89,90,100,144,225,295,395,437,476,659,694,715,773,835,849,949,1270,1271,1275,1529,1723,2491,2510,2636,2661,2677,2683,2714,2728,2943,2974,3070,3126,3345,3470,3473,3474,3581,3609,4313,4317,4673,4816,4909,5487,5538,5691,5706,5723,6225,6226,6723,7208,7217,7299,7319,7320,7583,7584,7871,8129,8265,8340,8425,8528,8529,8530,8531,8559,8764,8765,8770,9014,9015,9016,9031,9032,9033,
921;0;17;31;1;24,38,89,90,100,144,225,295,395,437,476,659,694,715,773,835,849,949,1270,1271,1275,1529,1723,2491,2510,2636,2661,2677,2683,2714,2728,2943,2974,3070,3126,3345,3470,3473,3474,3581,3609,4313,4317,4673,4816,4909,5487,5538,5691,5706,5723,6225,6226,6723,7208,7217,7299,7319,7320,7583,7584,7871,8129,8265,8340,8425,8528,8529,8530,8531,8559,8764,8765,8770,9014,9015,9016,9031,9032,9033,
936;0;31;47;1;24,38,89,90,100,144,225,295,395,437,476,659,694,715,773,835,849,949,1270,1271,1275,1529,1723,2491,2510,2636,2661,2677,2683,2714,2728,2943,2974,3070,3126,3345,3470,3473,3474,3581,3609,4313,4317,4673,4816,4909,5487,5538,5691,5706,5723,6225,6226,6723,7208,7217,7299,7319,7320,7583,7584,7871,8129,8265,8340,8425,8528,8529,8530,8531,8559,8764,8765,8770,9014,9015,9016,9031,9032,9033,
968;0;47;65;1;24,27,38,89,90,100,144,225,295,395,437,449,476,479,659,694,715,773,835,849,949,1270,1271,1275,1334,1529,1723,2491,2510,2636,2661,2677,2683,2714,2728,2943,2974,3070,3126,3336,3345,3348,3349,3355,3360,3361,3470,3473,3474,3581,3609,3774,4313,4317,4673,4816,4909,5474,5487,5538,5691,5706,5723,6225,6226,6723,7208,7217,7299,7319,7320,7583,7584,7871,8129,8425,8528,8559,9031,9032,
1011;0;65;85;1;24,27,38,89,90,97,100,144,225,238,241,262,277,295,302,382,395,404,437,449,476,694,715,773,835,949,1234,1270,1271,1430,1473,1478,1529,1723,1800,2109,2661,2677,2728,2818,2821,2824,3070,3126,3132,3336,3345,3349,3473,3581,3609,3774,4313,4317,4673,4816,4889,4890,4891,4892,4893,4894,4895,4896,4897,4898,4899,5474,5487,5538,5706,5723,6225,7299,8129,8425,8528,8559,9031,9032,
918;0;85;107;1;24,27,38,89,90,97,100,137,144,225,238,241,262,277,288,295,302,382,390,395,404,437,476,694,715,773,835,949,1048,1051,1054,1145,1270,1271,1358,1473,1478,1529,1604,1723,1725,1805,1945,1970,1971,2109,2661,2677,2728,2818,2821,2824,3070,3126,3336,3345,3349,3473,3581,3609,3774,4313,4317,4673,4816,4889,4892,5474,5487,5538,5706,5723,6225,7299,8129,8425,8528,8559,9031,9032,
868;0;107;131;1;24,27,38,89,97,100,137,144,225,241,262,277,288,290,292,295,321,382,390,395,398,404,429,644,647,694,715,773,835,949,1054,1117,1121,1146,1214,1270,1473,1474,1478,1529,1604,1814,1971,1978,2109,2661,2677,2716,2821,2824,3070,3336,3345,3349,3387,3473,3581,3609,3774,3920,4313,4317,4673,4816,4889,4892,5206,5487,5538,5706,5734,6225,6347,6384,8129,8425,8528,8559,9031,9032,
293;0;131;147;1;24,27,38,89,97,100,137,144,146,149,225,241,262,277,288,290,292,295,321,382,390,395,398,404,429,647,694,715,949,1054,1117,1121,1146,1149,1214,1270,1473,1474,1476,1478,1479,1481,1529,1604,1814,1920,1971,1978,2109,2661,2677,2824,3345,3349,3473,3581,3609,3920,4313,4317,4473,4673,4816,4892,4964,4965,4966,4972,5182,5206,5487,5538,5706,6441,8129,8425,8528,8559,9031,9032,
293;1;147;162;1;24,27,38,89,97,100,137,144,146,149,189,225,241,262,277,288,290,295,321,390,395,398,404,429,647,694,715,871,872,873,874,875,876,877,878,879,949,1054,1117,1121,1146,1149,1214,1270,1473,1474,1476,1478,1479,1481,1529,1604,1814,1971,2109,2661,2677,2824,3345,3349,3473,3581,3609,3920,4313,4317,4673,4816,4892,4965,4966,5206,5538,5706,8129,8425,8528,8559,9031,9032,
1110;0;162;195;1;24,89,97,100,117,137,144,149,189,225,241,262,288,321,343,429,647,666,677,715,850,1043,1149,1270,1365,1390,1450,1481,1529,1971,1972,2052,2094,2318,2337,2339,2626,2627,2628,2645,2663,2678,2689,2708,2951,3161,3581,3752,3920,4447,4965,4966,5140,5206,5525,5526,5527,5528,5529,5530,5531,5532,5533,5534,5535,5536,5537,5538,5539,5540,5541,5542,5543,5544,5545,5546,5547,5548,5549,5550,
782;0;195;229;1;24,89,97,100,117,137,144,149,189,225,233,241,262,288,321,343,396,429,434,647,666,677,715,850,1043,1134,1149,1270,1365,1390,1450,1481,1529,1971,1972,2052,2094,2318,2337,2339,2626,2627,2628,2645,2658,2663,2678,2689,2708,2729,2774,2778,2951,3161,3581,3752,3920,4392,4447,4567,4627,4650,4651,4965,4966,5140,5206,5411,5525,5526,5527,5536,5537,5540,5605,5695,5841,5853,5854,5855,
1124;0;229;266;1;24,49,89,97,100,117,137,144,149,189,225,233,241,262,288,321,343,396,429,434,516,529,647,666,677,715,850,1013,1043,1091,1134,1149,1270,1329,1365,1390,1450,1481,1529,1971,1972,2052,2094,2221,2318,2337,2339,2407,2626,2627,2628,2645,2658,2663,2678,2689,2729,2774,2778,2951,3581,3920,4567,4627,4647,4965,4966,5206,5411,5525,5536,5537,5540,5605,5695,5841,5853,5854,5855,6385,
1201;0;266;306;1;24,26,89,97,100,117,137,144,149,189,225,233,241,262,288,321,396,429,434,647,666,677,715,1134,1149,1270,1283,1284,1285,1288,1290,1293,1297,1419,1450,1481,1529,1971,2052,2221,2263,2265,2337,2407,2410,2419,2516,2626,2627,2628,2645,2658,2678,2729,2774,2778,2856,2951,3581,3703,3768,3920,4206,4207,4208,4209,4210,4211,4567,4627,4965,4966,5206,5411,5525,5536,5537,5605,5695,5853,
1203;0;306;356;1;24,26,89,97,100,117,137,144,149,189,225,233,241,262,288,321,396,429,434,647,666,677,715,1134,1149,1270,1284,1285,1288,1290,1293,1297,1419,1450,1481,1529,1971,2052,2149,2179,2221,2257,2263,2315,2337,2407,2410,2626,2627,2628,2645,2658,2678,2729,2774,2778,2856,2951,3581,3703,3831,3866,3920,4206,4207,4208,4215,4216,4567,4627,4965,4966,5206,5411,5525,5536,5537,5605,5695,5853,
835;0;356;408;1;24,26,89,97,100,117,137,144,149,189,202,225,233,241,262,288,321,396,429,434,647,666,677,715,1134,1149,1270,1284,1285,1288,1290,1293,1419,1450,1481,1529,1971,2052,2168,2179,2221,2257,2263,2315,2337,2407,2410,2626,2627,2628,2645,2658,2678,2729,2774,2778,2856,2951,3414,3581,3703,3831,3866,3920,4206,4207,4208,4567,4627,4965,4966,5206,5411,5525,5536,5537,5605,5695,5853,6705,
1114;0;408;461;1;24,26,89,97,100,117,137,144,149,177,178,179,181,182,183,184,189,225,233,241,262,272,288,308,321,396,429,434,647,666,677,715,1134,1149,1270,1284,1285,1293,1419,1450,1481,1529,1676,1971,2052,2179,2221,2263,2337,2407,2410,2626,2627,2628,2645,2658,2678,2729,2774,2778,2856,2951,3414,3581,3866,3920,4206,4208,4567,4627,4965,4966,5206,5411,5525,5536,5537,5605,5695,5853,
992;0;461;521;1;24,26,89,97,100,117,137,144,149,177,178,179,181,183,184,189,225,233,241,262,272,288,308,321,396,429,434,647,666,677,715,1134,1149,1270,1285,1293,1419,1450,1481,1529,1676,1971,2052,2179,2221,2263,2337,2407,2410,2626,2627,2628,2645,2658,2678,2729,2774,2778,2856,2951,3414,3581,3866,3920,4206,4208,4567,4627,4965,4966,5206,5411,5525,5536,5537,5605,5695,5853,6145,8290,
997;0;521;583;1;24,89,94,97,100,117,137,144,149,177,179,189,225,233,241,262,276,288,321,429,434,586,647,666,765,770,833,834,838,854,890,1134,1149,1168,1481,1489,1519,1524,1528,1529,2179,2337,2410,2602,2693,2721,2742,2774,3260,3414,3511,3527,3581,3638,3920,4537,4574,4732,4802,4937,4949,4965,4966,5206,5339,5341,5342,5343,5344,5345,5346,5347,5451,5452,5453,5454,5455,5456,5525,5695,
1151;0;583;647;1;24,89,94,97,100,137,139,144,149,179,189,225,241,262,267,276,288,289,291,303,305,310,312,313,314,380,429,438,586,640,647,765,770,833,834,838,854,890,1118,1149,1168,1171,1519,1524,1528,1529,2107,2179,2244,2410,2602,2693,2721,2774,3414,3527,3581,3638,3920,4537,4574,4732,4802,4937,4949,4965,4966,5144,5153,5154,5155,5206,5339,5341,5342,5343,5344,5345,5451,5695,
946;0;647;716;1;24,89,94,97,100,137,139,144,149,179,189,225,241,262,267,276,288,289,291,303,305,310,312,313,314,429,438,586,640,647,765,770,833,834,838,854,890,1118,1149,1168,1171,1332,1519,1524,1528,1529,2179,2244,2410,2602,2693,2721,2774,2868,3080,3414,3527,3581,3638,3767,3920,4537,4574,4732,4802,4937,4949,4965,4966,5091,5206,5339,5341,5342,5343,5344,5345,5451,5695,8067,
1012;0;716;789;1;1,3,4,8,95,100,137,144,149,179,225,226,241,262,288,304,391,404,429,436,640,647,777,854,933,1050,1118,1132,1146,1149,1207,1211,1431,1484,1681,1682,1735,1809,1918,1921,2109,2127,2179,2319,2382,2391,2613,2822,2824,3267,3744,3920,4470,4496,4597,4749,4836,4857,4892,4931,4965,4966,4974,5046,5202,5206,5258,5379,5695,5943,6293,6665,7186,7400,9272,9273,9274,9275,9276,9277,
175;0;1440;1475;1;1,3,4,8,95,100,137,144,149,179,225,226,241,262,288,304,391,404,429,436,457,518,640,647,777,854,933,992,1050,1118,1132,1146,1149,1207,1211,1431,1484,1565,1657,1681,1682,1735,1809,1853,1918,1921,2109,2127,2179,2319,2382,2391,2613,2822,2824,2941,3267,3744,3920,4470,4496,4597,4749,4836,4857,4892,4931,4965,4966,4974,5020,5046,5202,5206,5258,5379,5695,5943,6293,6665,
175;1;1475;1514;1;1,3,4,8,95,100,137,144,149,179,225,226,231,241,262,270,288,304,391,404,429,436,457,518,591,640,647,777,854,933,948,949,992,1050,1118,1132,1146,1149,1170,1207,1211,1431,1474,1475,1484,1493,1565,1657,1681,1682,1735,1809,1853,1918,1921,2109,2127,2179,2319,2382,2391,2815,2822,2941,3267,3284,3744,3920,4398,4470,4472,4511,4596,4597,4673,4674,4675,4857,5206,5258,
95;0;1514;1525;1;1,3,4,8,95,100,137,144,149,179,180,225,226,231,241,262,270,288,304,307,391,404,429,436,457,518,591,592,594,640,647,777,854,933,948,949,992,1039,1050,1118,1132,1146,1149,1170,1207,1211,1396,1431,1474,1475,1484,1493,1565,1657,1681,1682,1735,1809,1853,1918,1921,2109,2127,2179,2382,2391,2815,2822,2941,3267,3284,3744,3920,4470,4472,4511,4597,4857,5206,5258,
95;1;1525;1589;1;1,3,4,8,89,94,95,100,137,144,149,179,180,225,226,231,241,262,276,288,304,391,404,429,583,586,591,640,647,765,770,833,834,838,854,890,948,949,1118,1146,1168,1447,1474,1519,1524,1528,1529,1681,1809,1853,1921,2179,2382,2602,2659,2693,2721,2941,3284,3527,3581,3582,3638,3920,4470,4472,4537,4574,4732,4802,4937,4949,5206,5339,5341,5342,5343,5344,5345,5451,
930;0;1589;1665;1;1,3,4,8,95,100,137,144,149,179,180,225,226,231,241,262,276,288,304,391,404,429,591,640,647,704,765,833,834,854,862,890,948,949,1118,1146,1307,1447,1474,1529,1681,1809,1853,1921,2179,2382,2468,2602,2676,2774,2775,2941,3284,3527,3532,3920,4470,4472,4604,4639,4641,4949,4994,4995,4996,4997,4998,4999,5000,5002,5003,5004,5005,5006,5007,5008,5009,5206,5343,5344,
854;0;1665;1742;1;1,3,4,8,95,100,137,144,149,179,180,225,226,231,241,262,276,288,291,295,304,329,377,391,404,429,591,640,647,834,854,890,891,948,949,1118,1133,1134,1146,1148,1236,1447,1474,1529,1540,1604,1681,1809,1815,1853,1921,2053,2133,2179,2224,2382,2544,2602,2696,2774,2775,2941,3284,3527,3532,3630,3920,4227,4428,4553,4949,4996,5011,5206,5217,5218,5322,5338,5343,5344,
1150;0;1742;1819;1;1,3,4,8,95,137,144,145,149,179,180,225,226,229,230,231,232,240,241,242,243,262,274,276,288,291,295,329,377,391,404,429,430,647,818,819,821,822,827,854,890,891,948,949,1092,1099,1146,1148,1398,1407,1473,1474,1540,1604,1681,1809,1843,2133,2246,2248,2292,2293,2294,2295,2296,2297,2298,2299,2300,2301,2302,2303,2544,2696,3920,4227,4428,4553,5217,5218,
1033;0;1819;1897;1;1,3,4,8,95,137,144,145,146,147,149,179,180,225,226,229,230,231,232,240,241,242,243,262,274,276,288,291,295,301,329,377,391,398,404,429,430,647,818,819,821,822,827,854,890,891,948,949,1092,1099,1146,1148,1398,1407,1473,1474,1476,1479,1540,1604,1681,1809,1843,2133,2246,2248,2292,2293,2294,2295,2296,2299,2544,2696,3920,4227,4428,4553,5217,5218,
802;0;1897;1975;1;1,2,3,4,5,6,7,8,9,10,11,12,13,95,137,144,145,146,147,149,179,180,225,226,229,230,231,232,240,241,242,243,262,274,276,288,291,295,301,329,377,391,398,404,429,430,647,818,819,821,822,827,854,890,891,948,949,1092,1099,1146,1148,1398,1407,1473,1474,1476,1479,1540,1604,1809,2133,2299,2544,2696,3920,4227,4428,4553,5217,5218,
978;0;1975;2064;1;3,8,137,144,177,262,267,276,295,297,305,306,318,377,395,404,429,434,854,855,890,892,894,895,896,897,898,899,900,901,907,908,911,912,913,915,916,918,919,920,921,923,924,925,926,927,928,929,930,931,932,934,938,939,942,943,948,1146,1171,1361,1378,1473,1668,1671,1809,2370,3618,3619,3620,3920,4469,4553,4658,6101,6107,6108,6109,6110,6111,6112,
1053;0;2064;2154;1;3,8,137,144,177,262,267,276,295,297,305,306,318,377,395,404,429,434,854,855,890,892,894,895,896,897,898,899,900,901,907,908,911,912,913,915,916,918,919,920,921,923,924,925,926,927,928,929,930,931,932,934,938,939,942,943,948,1117,1146,1171,1361,1378,1473,1481,1668,1671,1809,1814,2370,3618,3619,3620,3920,4469,4553,4658,5706,6101,6107,7338,
1127;0;2154;2245;1;8,86,137,138,144,177,262,267,271,276,289,295,297,305,377,395,404,429,434,442,666,694,772,854,855,890,898,911,948,1117,1119,1146,1147,1171,1242,1281,1473,1481,1590,1668,1671,1779,1809,1814,1827,2207,2370,2429,2474,2518,2597,2690,2955,2985,2986,2987,2988,2989,2990,3347,3409,3445,4469,4495,4545,5484,5525,5634,5722,5869,6024,6099,6114,6173,6810,6872,9168,9169,9170,9171,
345;0;2245;2277;1;8,86,137,138,144,177,262,267,271,276,289,295,297,305,377,395,404,429,434,442,666,694,772,854,855,890,898,911,948,1117,1119,1146,1147,1171,1242,1281,1473,1481,1590,1668,1671,1779,1809,1814,1827,2207,2370,2429,2474,2518,2597,2690,2955,2985,2986,2987,2988,2989,2990,3347,3409,3445,4469,4495,4545,5484,5525,5634,5722,5869,6024,6099,6114,6173,6810,6872,9168,9169,9170,9171,
345;1;2277;2337;1;8,86,137,138,144,177,262,267,271,276,289,295,297,305,377,395,404,429,434,442,666,694,772,854,855,890,898,911,948,1117,1119,1146,1147,1171,1242,1281,1473,1481,1590,1668,1671,1779,1809,1814,1827,2207,2370,2429,2474,2518,2597,2690,2955,2985,2986,2987,2988,2989,2990,3347,3409,3445,4469,4495,4545,5484,5525,5634,5722,5869,6024,6099,6114,6173,6810,6872,9168,9169,9170,9171,
1130;0;2337;2432;1;8,86,137,138,144,177,262,267,271,276,289,295,297,305,377,395,404,429,434,442,666,694,772,854,855,890,898,911,948,1117,1119,1146,1147,1171,1242,1281,1473,1481,1590,1668,1671,1779,1809,1814,1827,2207,2370,2429,2474,2518,2597,2690,2955,2985,2986,2987,2988,2989,2990,3347,3409,3445,4469,4495,4545,5484,5525,5634,5722,5869,6024,6099,6114,6173,6810,6872,9168,9169,9170,9171,
950;0;2880;2978;1;8,86,137,138,144,177,234,262,267,271,276,288,289,295,297,305,329,377,395,400,404,429,434,442,607,666,694,854,855,890,898,911,948,949,1117,1119,1146,1147,1171,1281,1359,1473,1474,1481,1668,1671,1809,1814,1973,2091,2092,2120,2337,2341,2370,2518,2715,2986,2988,3108,3347,3409,4419,4420,4469,4495,4545,4753,4816,4859,5525,5722,5725,5869,6332,6333,6334,6335,6336,6337,
1128;0;2978;3078;1;8,86,137,138,144,177,234,262,267,271,276,288,289,295,297,305,329,377,395,400,404,429,434,442,607,666,694,854,855,890,898,911,948,949,1117,1119,1146,1147,1171,1281,1359,1400,1401,1473,1474,1481,1505,1668,1671,1762,1809,1813,1814,1821,1973,2091,2092,2120,2337,2341,2370,2454,2455,2456,2457,2458,2518,2715,2986,2988,3108,3347,3409,4469,4495,4545,4859,5525,5722,5869,
1135;0;3078;3181;1;8,86,137,138,144,177,234,262,267,271,276,288,289,295,297,305,314,329,377,395,400,404,429,434,442,607,666,694,854,855,890,898,911,948,949,1046,1117,1119,1146,1147,1171,1281,1359,1400,1401,1442,1473,1474,1481,1505,1567,1668,1671,1762,1809,1814,1973,2091,2120,2299,2337,2370,2518,2986,2988,3347,3409,4469,4495,4545,4859,5054,5525,5722,5869,6401,6418,6419,8544,8545,
155;0;3181;3264;1;8,86,93,95,137,138,144,149,177,234,262,267,271,276,288,289,295,297,305,314,329,377,395,400,404,429,434,442,607,666,694,854,855,890,898,911,948,949,1046,1054,1117,1119,1121,1146,1147,1171,1281,1359,1400,1401,1442,1473,1474,1481,1567,1668,1671,1809,1814,1973,2091,2120,2337,2370,2518,2583,2986,2988,3347,3409,4469,4495,4545,4859,5525,5722,5869,6401,6418,6419,
155;1;3264;3286;1;8,95,137,144,149,177,234,262,267,276,288,289,295,297,305,314,329,377,395,400,404,429,434,442,607,854,855,890,898,911,948,949,1054,1117,1119,1121,1146,1147,1171,1281,1359,1401,1442,1473,1474,1481,1567,1668,1671,1809,1814,2091,2120,2337,2370,2518,2986,3347,3409,4469,4495,4545,4859,5722,5869,6401,6418,6419,8557,8559,9031,9032,9112,9115,9132,9137,9148,9149,9150,9151,
1139;0;3286;3391;1;8,95,117,137,144,149,177,225,234,262,267,276,288,289,291,297,305,314,329,377,395,400,404,429,434,442,854,855,890,891,898,948,949,1054,1117,1119,1121,1146,1147,1148,1171,1281,1359,1401,1442,1473,1474,1481,1488,1540,1567,1604,1668,1671,1809,1814,1915,2091,2120,2133,2370,2518,2544,2696,3015,3347,3409,4227,4428,4469,4495,4545,4859,5217,5218,5722,5869,6401,6418,6419,
881;0;3391;3497;1;8,95,117,137,139,144,145,149,177,225,231,233,234,241,262,267,276,277,288,289,291,297,305,314,321,329,377,391,395,400,404,429,434,442,647,854,855,890,891,898,948,949,1054,1117,1119,1121,1146,1147,1171,1281,1359,1401,1442,1473,1474,1478,1479,1481,1567,1604,1668,1671,1809,1814,1915,2091,2120,2370,2518,3015,3347,4469,4495,4545,4859,5722,5869,6401,6418,6419,
1009;0;3497;3606;1;26,95,144,177,178,179,180,181,183,247,248,276,291,304,377,395,400,429,528,677,715,814,827,949,1117,1198,1200,1203,1214,1264,1266,1267,1268,1270,1272,1276,1277,1278,1287,1291,1292,1293,1322,1339,1474,1481,1512,1529,1668,1671,1710,1915,2091,2475,2602,2611,2626,2628,2661,2812,3347,3379,3609,4859,5316,5334,5336,5637,5722,5795,5869,6023,6229,6311,6312,6313,8130,8131,8132,8133,
316;0;3606;3627;1;26,95,144,177,178,179,180,181,183,247,248,276,291,304,377,395,400,429,528,677,715,814,827,949,1117,1198,1200,1203,1214,1264,1266,1267,1268,1270,1272,1276,1277,1278,1287,1291,1292,1293,1322,1339,1474,1481,1512,1529,1668,1671,1710,1915,2091,2475,2602,2611,2626,2628,2661,2812,3347,3379,3609,4859,5316,5334,5336,5637,5722,5795,5869,6023,6229,6311,6312,6313,8130,8131,8132,8133,
316;1;3627;3716;1;26,95,144,177,178,179,180,181,183,247,248,276,291,304,377,395,400,429,528,677,715,814,827,949,1117,1198,1200,1203,1214,1264,1266,1267,1268,1270,1272,1276,1277,1278,1287,1291,1292,1293,1322,1339,1474,1481,1512,1529,1668,1671,1710,1915,2091,2475,2602,2611,2626,2628,2661,2812,3347,3379,3609,4859,5316,5334,5336,5637,5722,5795,5869,6023,6229,6311,6312,6313,8130,8131,8132,8133,
297;0;3716;3880;0;26,95,144,177,178,179,180,181,183,247,248,276,291,304,377,395,400,429,528,677,715,814,827,949,1117,1198,1200,1203,1214,1264,1266,1267,1268,1270,1272,1276,1277,1278,1287,1291,1292,1293,1322,1339,1474,1481,1512,1529,1668,1671,1710,1915,2091,2475,2602,2611,2626,2628,2661,2812,3347,3379,3609,4859,5316,5334,5336,5637,5722,5795,5869,6023,6229,6311,6312,6313,8130,8131,8132,8133,
297;1;3880;4040;0;26,95,144,177,178,179,180,181,183,247,248,276,291,304,377,395,400,429,528,677,715,814,827,949,1117,1198,1200,1203,1214,1264,1266,1267,1268,1270,1272,1276,1277,1278,1287,1291,1292,1293,1322,1339,1474,1481,1512,1529,1668,1671,1710,1915,2091,2475,2602,2611,2626,2628,2661,2812,3347,3379,3609,4859,5316,5334,5336,5637,5722,5795,5869,6023,6229,6311,6312,6313,8130,8131,8132,8133,
268;0;4320;4434;0;26,95,144,177,178,179,180,181,183,247,248,256,276,291,304,377,395,400,429,528,677,715,814,827,949,1117,1198,1200,1214,1268,1270,1272,1277,1278,1282,1287,1292,1293,1322,1474,1481,1529,1668,1671,1867,1915,2021,2089,2091,2221,2407,2410,2477,2611,2625,2626,2628,2661,3347,3416,3609,3706,3929,4435,4859,5106,5637,5703,5722,5795,5869,6023,6312,6313,6757,7367,7879,8606,9257,9258,
268;1;4434;4584;0;26,28,95,144,177,178,179,180,181,183,247,248,256,276,291,304,377,395,400,429,528,677,715,814,827,949,1117,1196,1198,1200,1214,1268,1270,1272,1277,1278,1282,1287,1292,1293,1322,1463,1474,1481,1529,1668,1671,1867,1901,1915,2021,2089,2091,2221,2407,2410,2512,2611,2625,2626,2628,2661,3274,3347,3609,3706,4270,4271,4272,4435,4859,5637,5703,5722,5795,5869,6023,6312,6313,6757,
176;0;4584;4685;0;26,95,144,178,179,181,247,276,290,291,377,395,400,429,528,677,715,949,1073,1117,1196,1214,1278,1287,1293,1322,1451,1463,1474,1481,1529,1668,1671,1915,2091,2253,2512,2573,2625,2626,2627,2628,2661,2677,2679,2691,2774,2775,2806,2893,3263,3347,4361,4365,4635,4859,5329,5703,5795,6023,6312,6313,6475,6757,6803,7423,7663,7943,8099,8129,8187,8686,8687,8691,8696,8697,8698,8699,8700,8701,
176;1;4685;4841;0;26,27,68,95,144,170,178,179,181,247,276,290,291,377,395,400,429,528,677,715,949,1073,1117,1196,1214,1278,1287,1293,1322,1451,1463,1474,1481,1529,1668,1671,1915,2091,2179,2253,2279,2471,2512,2573,2625,2626,2627,2628,2661,2677,2679,2691,2774,2775,2806,2864,2893,2941,3263,3347,4361,4365,4635,4859,5329,5703,5795,6023,6312,6313,6475,6757,6803,7423,7663,7943,8099,8686,8687,8691,
129;0;4841;4955;0;26,27,60,61,68,95,144,170,178,179,181,208,247,276,290,291,377,395,400,429,528,677,715,949,1073,1117,1196,1214,1278,1287,1293,1322,1451,1463,1474,1481,1529,1668,1671,1915,2091,2179,2253,2279,2471,2512,2573,2625,2626,2627,2628,2661,2677,2679,2691,2774,2775,2806,2864,2893,2941,3263,3347,4361,4365,4635,4859,5329,5703,5795,6023,6312,6313,6757,7943,8099,8546,8686,8687,8691,
129;1;4955;5065;0;15,24,26,27,54,60,61,68,95,139,144,178,179,181,244,276,290,291,321,377,395,400,428,429,591,677,715,871,948,949,1052,1073,1117,1196,1278,1287,1293,1322,1451,1474,1481,1668,1671,1915,2062,2063,2091,2253,2627,2677,2679,2691,2774,2775,2941,3284,3345,3346,3517,4313,4314,4315,4316,4317,4318,4361,4365,4635,4804,4859,5329,6129,6130,6312,6313,7683,7943,8686,8687,8691,
227;0;5065;5119;0;15,24,26,27,54,60,61,68,95,139,144,178,179,181,244,276,290,291,321,377,395,400,428,429,591,677,715,871,948,949,1052,1073,1117,1196,1278,1287,1293,1322,1451,1474,1481,1668,1671,1915,2062,2063,2091,2253,2627,2677,2679,2691,2774,2775,2941,3284,3345,3346,3517,4313,4314,4315,4316,4317,4318,4361,4365,4635,4804,4859,5329,6129,6130,6312,6313,7683,7943,8686,8687,8691,
227;1;5119;5276;0;15,24,26,27,54,60,61,68,95,139,144,178,179,181,244,276,290,291,321,377,395,400,428,429,591,677,715,871,948,949,1052,1073,1117,1196,1278,1287,1293,1322,1451,1474,1481,1668,1671,1915,2062,2063,2091,2253,2627,2677,2679,2691,2774,2775,2941,3284,3345,3346,3517,4313,4314,4315,4316,4317,4318,4361,4365,4635,4804,4859,5329,6129,6130,6312,6313,7683,7943,8686,8687,8691,
16;0;5760;5850;0;24,26,27,54,60,61,68,95,139,144,178,179,290,291,297,321,341,377,395,429,591,677,715,834,949,1073,1117,1196,1278,1287,1293,1308,1322,1395,1451,1474,1481,1489,1668,1915,2091,2253,2338,2627,2637,2675,2677,2679,2684,2686,2691,2770,2774,2775,2776,2941,3284,3292,3534,4361,4365,4567,4635,4859,5329,5344,6312,6313,7458,7626,7943,8528,8686,8687,8688,8689,8690,8691,8692,8693,
16;1;5850;5954;0;24,26,27,54,60,61,68,95,139,144,178,179,290,291,297,321,341,377,395,429,591,677,715,834,949,1073,1117,1196,1278,1287,1293,1308,1322,1395,1451,1474,1481,1489,1668,1915,2091,2253,2338,2627,2637,2675,2677,2679,2684,2686,2691,2770,2774,2775,2776,2941,3284,3292,3534,4361,4365,4567,4635,4859,5329,5344,6312,6313,7458,7626,7943,8465,8466,8467,8528,8686,8687,8688,8689,8690,
116;0;5954;6120;0;24,26,27,54,60,61,68,95,139,144,178,179,290,291,297,321,341,377,395,429,591,677,715,834,949,1073,1117,1196,1278,1287,1293,1308,1322,1395,1445,1451,1474,1481,1489,1668,1915,2091,2253,2338,2627,2637,2675,2677,2679,2684,2686,2691,2770,2774,2775,2776,2941,3284,3292,3534,4361,4365,4567,4635,4745,4746,4859,5329,5344,5378,5381,5382,5383,6216,6219,6220,6312,6313,7458,7943,
116;1;6120;6124;0;24,26,27,54,60,61,68,95,139,144,178,179,210,290,291,297,321,341,377,395,429,591,677,715,834,949,1063,1073,1117,1196,1269,1278,1280,1287,1293,1308,1322,1395,1419,1445,1451,1474,1481,1489,1668,1915,2091,2253,2338,2627,2637,2675,2677,2679,2686,2691,2770,2774,2775,2776,2941,3050,3284,3428,3534,4206,4567,4635,4745,4746,4859,6092,6312,6313,6981,6982,6983,6984,6985,7943,
883;0;6124;6293;0;24,26,27,54,60,61,68,95,139,144,149,178,179,210,241,262,277,288,290,291,297,321,341,377,390,395,398,404,429,591,640,677,715,834,949,1063,1117,1146,1163,1196,1269,1278,1280,1287,1293,1322,1419,1474,1481,1668,1814,1884,1915,2091,2223,2338,2627,2637,2675,2677,2679,2686,2691,2770,2774,2775,2776,2941,3284,3534,4206,4567,4635,4745,4746,4859,5651,6312,6313,7943,
799;0;6293;6457;0;24,26,27,54,60,61,68,95,139,144,149,178,179,210,241,262,277,288,290,291,297,321,377,390,395,398,404,429,591,640,677,834,949,1063,1117,1146,1163,1196,1269,1278,1280,1287,1293,1322,1419,1474,1481,1668,1814,1884,1915,2091,2223,2338,2627,2637,2675,2677,2679,2686,2691,2774,2775,2776,2941,3284,3534,4567,4635,4745,4746,4859,6312,6313,7804,7943,8175,8190,8208,8425,
1038;0;6457;6610;0;17,27,60,61,100,144,210,288,291,395,429,490,591,598,634,677,848,979,1087,1196,1262,1278,1287,1293,1295,1561,1582,1781,1915,1935,2091,2173,2220,2222,2223,2305,2394,2627,2645,2679,2687,2765,2836,2924,2940,2941,2959,3212,4217,4319,4320,4321,4456,4770,5088,5949,5951,5952,5963,5964,5984,6098,6312,6313,6354,6355,6356,6357,6358,6359,6360,7316,7894,7895,7896,7943,8120,8121,8122,8391,
149;0;6610;6727;0;17,27,60,61,100,144,210,288,291,395,429,490,591,598,634,677,848,979,1087,1196,1262,1278,1287,1293,1295,1561,1582,1781,1915,1935,2091,2173,2220,2222,2223,2305,2394,2627,2645,2679,2687,2765,2836,2924,2940,2941,2959,3212,4217,4319,4320,4321,4456,4770,5088,5949,5951,5952,5963,5964,5984,6098,6312,6313,6354,6355,6356,6357,6358,6359,6360,7316,7894,7895,7896,7943,8120,8121,8122,8391,
149;1;6727;6759;0;17,27,60,61,100,144,210,288,291,395,429,490,591,598,634,677,848,979,1087,1196,1262,1278,1287,1293,1295,1561,1582,1781,1915,1935,2091,2173,2220,2222,2223,2305,2394,2627,2645,2679,2687,2765,2836,2924,2940,2941,2959,3212,4217,4319,4320,4321,4456,4770,5088,5949,5951,5952,5963,5964,5984,6098,6312,6313,6354,6355,6356,6357,6358,6359,6360,7316,7894,7895,7896,7943,8120,8121,8122,8391,
1003;0;6759;6900;0;17,27,60,61,100,144,210,288,291,395,429,490,591,598,634,677,848,979,1087,1196,1262,1278,1287,1293,1295,1561,1582,1781,1915,1935,2091,2173,2220,2222,2223,2305,2394,2627,2645,2679,2687,2765,2836,2924,2940,2941,2959,3212,4217,4319,4320,4321,4456,4770,5088,5949,5951,5952,5963,5964,5984,6098,6312,6313,6354,6355,6356,6357,6358,6359,6360,7316,7894,7895,7896,7943,8120,8121,8122,8391,
1155;0;6900;7040;0;17,27,60,61,100,144,210,288,291,395,429,490,591,598,634,677,848,979,1087,1196,1262,1278,1287,1293,1295,1561,1582,1781,1915,1935,2091,2173,2220,2222,2223,2305,2394,2627,2645,2679,2687,2765,2836,2924,2940,2941,2959,3212,4217,4319,4320,4321,4456,4770,5088,5949,5951,5952,5963,5964,5984,6098,6312,6313,6354,6355,6356,6357,6358,6359,6360,7316,7894,7895,7896,7943,8120,8121,8122,8391,
241;0;7040;7123;0;17,27,60,61,100,144,210,288,291,395,429,490,591,598,634,677,848,979,1087,1196,1262,1278,1287,1293,1295,1561,1582,1781,1915,1935,2091,2173,2220,2222,2223,2305,2394,2627,2645,2679,2687,2765,2836,2924,2940,2941,2959,3212,4217,4319,4320,4321,4456,4770,5088,5949,5951,5952,5963,5964,5984,6098,6312,6313,6354,6355,6356,6357,6358,6359,6360,7316,7894,7895,7896,7943,8120,8121,8122,8391,
241;1;7123;7167;0;17,27,60,61,100,144,210,288,291,395,429,490,591,598,634,677,848,979,1087,1196,1262,1278,1287,1293,1295,1561,1582,1781,1915,1935,2091,2173,2220,2222,2223,2305,2394,2627,2645,2679,2687,2765,2836,2924,2940,2941,2959,3212,4217,4319,4320,4321,4456,4770,5088,5949,5951,5952,5963,5964,5984,6098,6312,6313,6354,6355,6356,6357,6358,6359,6360,7316,7894,7895,7896,7943,8120,8121,8122,8391,
168;0;7200;7266;0;17,23,27,60,61,100,117,144,210,288,291,395,429,490,591,598,677,1087,1262,1278,1285,1287,1289,1293,1295,1313,1577,1582,1599,1781,1915,1935,2091,2187,2220,2223,2394,2627,2645,2679,2836,2856,2941,2968,3702,4217,4487,4488,4754,4986,5088,5175,5949,5952,5984,6312,6313,6360,6784,6791,7026,7038,7060,7875,7943,8332,8401,8863,8875,8902,8934,8935,8936,8937,8938,8939,8940,8941,8942,8943,
168;1;7266;7319;0;17,23,27,60,61,100,117,144,210,288,291,395,429,490,591,598,677,978,1087,1262,1273,1278,1285,1287,1289,1293,1295,1313,1577,1582,1599,1781,1915,1935,2091,2172,2187,2220,2223,2231,2233,2394,2627,2645,2679,2829,2836,2856,2941,2968,3613,3702,4217,4263,4265,4268,4269,4487,4488,4754,4986,5088,5175,5949,5952,5984,6312,6313,6360,6784,6791,7026,7038,7060,7875,7943,8332,8401,8863,8875,
951;0;7319;7420;0;17,23,27,60,61,100,117,144,210,288,291,395,429,490,591,598,677,978,1087,1262,1273,1278,1285,1287,1289,1293,1295,1313,1577,1582,1599,1781,1915,1935,2091,2172,2187,2220,2223,2231,2233,2394,2627,2645,2679,2829,2836,2856,2941,2968,3472,3473,3613,3702,4217,4263,4265,4268,4269,4487,4488,4754,4986,5088,5175,5949,5952,5984,6042,6043,6312,6313,6360,6784,6791,7026,7038,7060,7875,7943,
68;0;7420;7514;0;17,23,27,60,61,100,117,144,210,288,291,395,429,490,591,598,677,978,1087,1262,1273,1278,1285,1287,1289,1293,1295,1313,1577,1582,1599,1781,1915,1935,2091,2172,2187,2220,2223,2231,2233,2394,2627,2645,2679,2829,2836,2856,2941,2968,3472,3473,3613,3702,4217,4263,4265,4268,4269,4487,4488,4754,4986,5088,5175,5949,5952,5984,6042,6043,6312,6313,6360,6784,6791,7026,7038,7060,8461,8462,
68;1;7514;7518;0;17,23,27,60,61,100,117,144,210,288,291,395,429,490,591,598,677,978,1087,1201,1262,1273,1278,1285,1287,1289,1293,1295,1313,1539,1577,1582,1599,1781,1915,1935,2091,2106,2172,2187,2220,2223,2231,2233,2394,2627,2645,2679,2695,2729,2778,2829,2836,2856,2941,2968,3472,3473,3613,3702,4217,4263,4265,4268,4269,4487,4603,4754,5088,5175,5229,5270,5537,5949,5984,6042,6360,6750,7026,8991,
803;0;7518;7615;0;17,23,27,60,61,100,117,144,210,288,291,395,429,490,591,598,677,978,1087,1201,1262,1273,1278,1285,1287,1289,1293,1295,1313,1539,1577,1582,1599,1781,1915,1935,2022,2091,2106,2172,2187,2220,2223,2231,2233,2394,2627,2645,2679,2695,2729,2778,2829,2836,2856,2941,2968,3472,3473,3613,3702,4217,4263,4265,4268,4269,4487,4603,4754,5088,5175,5229,5270,5537,5949,5984,6042,6360,6750,7026,
988;0;7615;7702;0;17,23,27,60,61,100,117,144,145,210,288,291,329,395,429,490,591,598,677,937,978,1087,1134,1165,1201,1262,1273,1278,1285,1287,1289,1293,1295,1313,1447,1481,1539,1577,1582,1599,1781,1811,1915,1919,1935,2091,2172,2187,2220,2223,2231,2382,2394,2492,2627,2645,2679,2695,2729,2778,2829,2836,2856,2941,2968,3472,3702,4217,4603,4754,5088,5175,5229,5649,5949,5984,6042,6360,6750,7026,
290;0;7702;7755;0;17,20,24,25,34,37,38,39,40,46,52,54,60,61,100,117,144,145,192,210,288,291,329,395,412,429,460,591,598,677,778,1087,1134,1165,1262,1278,1287,1293,1295,1311,1447,1481,1539,1560,1582,1599,1781,1853,1858,1919,1935,2091,2220,2223,2231,2338,2394,2492,2627,2645,2679,2729,2778,2941,2968,3014,3015,3061,4603,5472,5825,5949,5984,6042,6360,6428,6706,6750,7026,8988,
290;1;7755;7788;0;24,25,37,38,39,46,52,54,60,61,100,117,144,145,152,210,288,291,329,395,412,429,519,591,598,677,778,783,1087,1134,1143,1165,1262,1278,1287,1293,1295,1311,1447,1481,1539,1560,1582,1599,1781,1853,1919,1935,2091,2220,2223,2231,2338,2394,2492,2524,2567,2627,2645,2679,2729,2778,2921,2941,2968,3349,4208,4603,5786,5787,5788,5789,5790,5825,5949,5984,6042,6360,6750,7026,
1021;0;7788;7871;0;25,35,37,39,46,52,54,61,68,100,117,144,145,150,152,196,288,291,329,374,395,412,429,569,591,598,677,995,1087,1134,1165,1262,1287,1293,1295,1311,1447,1481,1539,1560,1599,1693,1853,1919,1935,1984,1989,2091,2216,2220,2223,2231,2394,2492,2518,2519,2520,2521,2522,2523,2524,2525,2526,2527,2528,2627,2645,2679,2729,2778,2941,3349,4603,5825,5949,5984,6042,6360,6750,7026,
1047;0;7871;7952;0;55,100,144,145,225,234,262,267,268,272,273,285,287,288,290,291,292,297,305,308,313,314,329,351,377,395,398,429,565,591,677,858,890,1117,1118,1134,1236,1442,1450,1474,1478,1481,1567,1668,1841,1919,1920,1921,1922,1923,1924,2231,2529,2592,2645,2679,2778,3511,3527,3532,3656,3705,3870,4280,4327,4633,4949,5116,5343,6418,6419,7026,7395,7655,7656,8076,8077,8078,8079,8081,
1149;0;7952;8028;0;55,100,144,145,225,234,262,267,268,272,273,285,287,288,290,291,292,297,305,308,313,314,329,351,377,395,398,429,565,591,677,858,890,1117,1118,1134,1236,1442,1450,1474,1478,1481,1567,1668,1841,1919,1920,1921,1922,1923,1924,2231,2529,2592,2645,2679,2778,3511,3527,3532,3656,3705,3870,4280,4327,4633,4949,5116,5343,6418,6419,7026,7395,7655,7656,8076,8077,8078,8079,8081,
983;0;8028;8096;0;55,100,144,145,225,234,262,267,268,272,273,285,287,288,290,291,292,297,305,308,313,314,329,351,377,395,398,429,565,591,677,858,890,1117,1118,1134,1236,1442,1450,1474,1478,1481,1567,1668,1841,1919,1920,1921,1922,1923,1924,2231,2529,2592,2645,2679,2778,3511,3527,3532,3656,3705,3870,4280,4327,4633,4949,5116,5343,6418,6419,7026,7395,7655,7656,8076,8077,8078,8079,8081,
891;0;8096;8162;0;55,100,144,145,225,234,262,267,268,272,273,285,287,288,290,291,292,297,305,308,313,314,329,351,377,395,398,429,565,591,677,858,890,1117,1118,1134,1236,1442,1450,1474,1478,1481,1567,1668,1841,1919,1920,1921,1922,1923,1924,2231,2529,2592,2645,2679,2778,3511,3527,3532,3656,3705,3870,4280,4327,4633,4949,5116,5343,6418,6419,7026,7395,7655,7656,8076,8077,8078,8079,8081,
146;0;8162;8215;0;55,100,144,145,225,234,262,267,268,272,273,285,287,288,290,291,292,297,305,308,313,314,329,351,377,395,398,429,565,591,677,858,890,1117,1118,1134,1236,1442,1450,1474,1478,1481,1567,1668,1841,1919,1920,1921,1922,1923,1924,2231,2529,2592,2645,2679,2778,3511,3527,3532,3656,3705,3870,4280,4327,4633,4949,5116,5343,6418,6419,7026,7395,7655,7656,8076,8077,8078,8079,8081,
146;1;8215;8220;0;55,100,144,145,225,234,262,267,268,272,273,285,287,288,290,291,292,297,305,308,313,314,329,351,377,395,398,429,565,591,677,858,890,1117,1118,1134,1236,1442,1450,1474,1478,1481,1567,1668,1841,1919,1920,1921,1922,1923,1924,2231,2529,2592,2645,2679,2778,3511,3527,3532,3656,3705,3870,4280,4327,4633,4949,5116,5343,6418,6419,7026,7395,7655,7656,8076,8077,8078,8079,8081,
1204;0;8220;8275;0;55,100,144,145,225,234,262,267,268,272,273,285,287,288,290,291,292,297,305,308,313,314,329,351,377,395,398,429,565,591,677,858,890,1117,1118,1134,1236,1442,1450,1474,1478,1481,1567,1668,1841,1919,1920,1921,1922,1923,1924,2231,2529,2592,2645,2679,2778,3511,3527,3532,3656,3705,3870,4280,4327,4633,4949,5116,5343,6418,6419,7026,7395,7655,7656,8076,8077,8078,8079,8081,
1058;0;8275;8323;0;55,100,144,145,225,234,262,267,268,272,273,285,287,288,290,291,292,297,305,308,313,314,329,351,377,395,398,429,565,591,677,858,890,1117,1118,1134,1236,1442,1450,1474,1478,1481,1567,1668,1841,1919,1920,1921,1922,1923,1924,2231,2529,2592,2645,2679,2778,3511,3527,3532,3656,3705,3870,4280,4327,4633,4949,5116,5343,6418,6419,7026,7395,7655,7656,8076,8077,8078,8079,8081,
1013;0;8640;8685;0;55,95,100,137,144,145,225,234,262,267,268,272,273,285,287,288,290,291,292,297,305,308,313,314,322,329,351,377,379,382,395,398,429,565,591,677,858,890,1117,1118,1134,1146,1171,1236,1442,1450,1474,1478,1481,1567,1668,1841,1919,1920,1921,1922,2052,2250,2645,2679,2697,2778,2951,3260,3284,3511,3527,3532,3698,3705,3870,4280,4327,4469,4470,4471,4472,4633,7655,7656,
1214;0;8685;8729;0;55,95,100,137,139,144,145,149,225,231,234,262,267,268,272,273,285,287,288,290,291,292,297,305,308,313,314,321,322,329,351,377,379,382,395,398,429,565,591,677,858,890,1117,1118,1134,1146,1171,1236,1442,1450,1474,1478,1480,1481,1521,1567,1668,1919,1920,1922,1978,2052,2645,2679,2778,3511,3527,3532,3698,3705,3870,4280,4327,4470,4472,4633,6161,6162,7655,7656,
1039;0;8729;8765;0;95,100,137,139,144,145,149,225,231,234,262,267,268,272,273,285,288,290,291,292,297,305,308,313,314,321,329,351,377,379,382,395,398,429,591,677,765,1117,1118,1134,1146,1236,1474,1478,1480,1481,1668,1919,1920,2052,2627,2645,2678,2679,2774,2775,2778,3447,3511,3527,3532,3870,4280,4327,4332,4470,4472,4600,4604,4627,4633,4852,4853,4854,4855,4856,4857,4858,4859,4860,
1060;0;8765;8794;0;95,97,100,137,139,144,145,149,178,179,181,184,225,231,234,262,267,268,272,273,285,288,290,291,292,297,305,307,308,309,313,314,317,321,329,351,377,379,382,395,398,429,591,765,1117,1118,1132,1134,1146,1236,1379,1474,1478,1481,1668,1680,1919,1920,2052,2627,2645,2679,2774,2775,2778,3447,3511,3527,3532,3870,4280,4327,4470,4472,4600,4604,4627,4633,4854,4855,
1097;0;8794;8821;0;95,97,100,137,139,144,145,149,179,225,231,234,262,268,272,273,288,290,291,292,297,305,313,314,317,321,329,351,377,379,382,395,398,429,591,640,765,1117,1118,1134,1146,1236,1474,1478,1481,1668,1680,1919,1920,2052,2627,2645,2679,2774,2775,2778,3447,3511,3527,3532,3870,4280,4327,4470,4472,4569,4600,4604,4612,4627,4633,4759,4800,4854,4855,5047,5440,5490,5491,5492,
1017;0;8821;8933;1;95,97,100,137,139,144,145,149,179,225,231,234,262,268,272,273,288,290,291,292,297,305,313,314,317,321,329,351,377,379,382,395,398,429,591,640,765,1117,1118,1134,1146,1236,1474,1478,1481,1668,1680,1919,1920,2052,2627,2645,2679,2774,2775,2778,3447,3511,3527,3532,3870,4280,4327,4470,4472,4569,4600,4604,4612,4627,4633,4759,4800,4854,4855,5047,5440,8493,8494,8495,
858;0;8933;9047;1;4,95,97,100,137,139,144,145,149,179,225,231,234,262,268,272,273,288,290,291,292,297,305,313,314,317,321,329,351,377,379,382,395,398,429,591,640,765,833,838,1117,1118,1134,1146,1236,1474,1478,1481,1668,1680,1919,1920,2052,2388,2627,2645,2679,2774,2775,2778,3447,3511,3527,3532,3870,4280,4327,4470,4472,4569,4600,4604,4612,4627,4633,4759,4800,4854,4855,5536,
935;0;9047;9162;1;4,95,97,100,137,139,144,145,149,179,225,231,234,262,268,272,273,288,290,291,292,297,305,313,314,317,321,329,351,377,379,382,395,398,429,591,640,765,833,838,1071,1117,1118,1134,1146,1236,1474,1478,1481,1668,1680,1919,1920,2052,2627,2645,2649,2679,2774,2775,2778,3447,3511,3527,3532,3870,4280,4327,4470,4472,4600,4604,4612,4627,4633,4759,4854,4855,6196,6197,
122;0;9162;9192;1;30,95,97,100,137,139,144,145,149,179,225,231,234,262,272,273,288,291,292,297,305,314,321,329,351,377,379,395,398,415,429,484,591,640,753,765,833,838,995,1117,1118,1134,1146,1160,1463,1474,1478,1481,1657,1668,1680,1719,1920,1935,2627,2679,2774,2775,2778,2941,3336,3447,3511,3527,3532,3627,3870,4225,4327,4510,4600,4604,4612,4627,4854,4855,5435,5487,5488,5489,
122;1;9192;9279;1;95,97,100,137,139,144,149,234,288,291,292,297,314,321,351,379,395,398,429,591,704,765,833,838,1117,1118,1134,1146,1343,1474,1478,1481,1539,1668,1680,2340,2492,2627,2642,2658,2679,2692,2723,2774,2775,2778,2783,3263,3447,3511,3527,3532,4327,4603,4604,4612,4613,4617,4627,4629,4740,4854,4855,5406,5873,6595,6749,6750,6751,7225,8147,8148,8149,8150,8151,8152,8153,8154,8155,8156,
164;0;9279;9289;1;95,97,100,137,139,144,149,234,277,288,291,292,297,314,321,351,379,395,396,398,429,434,591,704,765,833,838,1117,1118,1134,1146,1343,1474,1478,1481,1539,1668,1680,1971,2340,2492,2627,2642,2658,2679,2692,2723,2729,2774,2775,2778,2783,3263,3447,3511,3527,3532,4327,4567,4603,4604,4612,4613,4617,4627,4629,4740,4854,4855,5406,5411,5605,5748,5841,5853,5854,5855,5858,5873,6158,
164;1;9289;9398;1;25,37,39,44,46,52,54,95,97,101,117,146,291,292,390,395,398,401,598,690,1050,1052,1054,1087,1134,1262,1293,1311,1359,1556,1599,1604,1669,1674,1726,2134,2157,2220,2355,2426,2642,2677,2679,2774,2775,2778,3263,3349,3447,3707,3774,4035,4219,4327,4854,4855,4913,5091,5290,5353,5370,5499,5502,5673,5681,5682,5703,5777,5825,5949,5984,5987,5992,5995,6090,6513,6584,7926,7927,7958,
271;0;9398;9464;1;25,37,39,44,46,52,54,95,97,101,117,146,291,292,390,395,398,401,598,690,1050,1052,1054,1087,1134,1262,1293,1311,1359,1556,1599,1604,1669,1674,1726,2134,2157,2220,2355,2426,2642,2677,2679,2774,2775,2778,3263,3349,3447,3707,3774,4035,4219,4327,4854,4855,4913,5091,5290,5353,5370,5499,5502,5673,5681,5682,5703,5777,5825,5949,5984,5987,5992,5995,6090,6513,6584,7926,7927,7958,
271;1;9464;9519;1;25,37,39,44,46,52,54,95,97,101,117,146,291,292,390,395,398,401,598,690,1050,1052,1054,1087,1134,1262,1293,1311,1359,1556,1599,1604,1669,1674,1726,2134,2157,2220,2355,2426,2642,2677,2679,2774,2775,2778,3263,3349,3447,3707,3774,4035,4219,4327,4854,4855,4913,5091,5290,5353,5370,5499,5502,5673,5681,5682,5703,5777,5825,5949,5984,5987,5992,5995,6090,6513,6584,7926,7927,7958,
3;0;9519;9579;1;25,37,39,44,46,52,54,95,97,101,117,146,291,292,390,395,398,401,598,690,1050,1052,1054,1087,1134,1262,1293,1311,1359,1556,1599,1604,1669,1674,1726,2134,2157,2220,2355,2426,2642,2677,2679,2774,2775,2778,3263,3349,3447,3707,3774,4035,4219,4327,4854,4855,4913,5091,5290,5353,5370,5499,5502,5673,5681,5682,5703,5777,5825,5949,5984,5987,5992,5995,6090,6513,6584,7926,7927,7958,
3;1;9579;9641;1;25,37,39,44,46,52,54,95,97,101,117,146,291,292,390,395,398,401,598,690,1050,1052,1054,1087,1134,1262,1293,1311,1359,1556,1599,1604,1669,1674,1726,2134,2157,2220,2355,2426,2642,2677,2679,2774,2775,2778,3263,3349,3447,3707,3774,4035,4219,4327,4854,4855,4913,5091,5290,5353,5370,5499,5502,5673,5681,5682,5703,5777,5825,5949,5984,5987,5992,5995,6090,6513,6584,7926,7927,7958,
108;0;10080;10131;1;25,37,39,44,46,52,54,95,97,101,117,146,291,292,390,395,398,401,598,690,1050,1052,1054,1087,1134,1262,1293,1311,1359,1556,1599,1604,1669,1674,1726,2134,2157,2220,2355,2426,2642,2677,2679,2774,2775,2778,3263,3349,3447,3707,3774,4035,4219,4327,4854,4855,4913,5091,5290,5353,5370,5499,5502,5673,5681,5682,5703,5777,5825,5949,5984,5987,5992,5995,6513,7834,7835,7836,7837,7838,
108;1;10131;10205;1;25,37,39,44,46,52,54,95,97,101,117,146,251,291,292,364,390,395,398,401,540,598,690,1050,1052,1054,1087,1134,1262,1293,1311,1359,1556,1599,1604,1669,1674,1726,2134,2157,2220,2355,2412,2426,2564,2642,2677,2679,2774,2775,2778,3263,3349,3447,3707,3774,4035,4219,4247,4327,4854,4855,4913,5091,5290,5353,5370,5499,5502,5673,5681,5682,5703,5777,5825,5949,5984,5987,5995,6513,
356;0;10205;10292;1;8,25,37,39,44,46,52,54,95,97,101,117,139,146,251,288,291,292,364,390,395,398,401,404,429,540,598,690,1050,1052,1054,1087,1134,1146,1262,1293,1311,1359,1473,1556,1599,1604,1669,1674,1726,1757,1809,2134,2157,2220,2355,2412,2426,2564,2642,2677,2679,2774,2775,2778,3263,3349,3447,3707,3774,4035,4219,4247,4327,4854,4855,4913,5091,5290,5353,5370,5499,5502,5995,6513,
356;1;10292;10334;1;8,25,37,39,44,46,52,54,95,97,101,117,139,146,204,251,288,291,292,364,390,395,398,401,404,429,540,598,690,1011,1050,1052,1054,1087,1134,1146,1186,1262,1293,1311,1359,1473,1556,1599,1604,1669,1674,1726,1757,1809,2003,2134,2157,2220,2355,2412,2426,2512,2564,2642,2677,2679,2774,2775,2778,3263,3349,3447,3707,3774,4035,4219,4247,4327,4854,5021,5290,5353,5995,6513,
157;0;10334;10431;1;8,25,37,39,44,46,52,54,95,97,101,117,139,146,204,251,288,289,291,292,364,390,395,398,401,404,429,540,598,690,695,946,1011,1050,1052,1054,1087,1134,1146,1186,1262,1293,1359,1473,1604,1669,1809,2134,2220,2512,2642,2677,2679,2691,2774,2775,2778,3263,3447,3707,3774,4093,4412,5290,5353,5995,6297,6513,7465,7608,7609,7610,7611,7612,7613,7614,7615,7616,7617,7618,
157;1;10431;10464;1;8,25,37,39,44,46,52,54,95,97,101,117,139,146,204,251,288,289,291,292,364,390,395,398,401,404,429,540,598,690,695,946,1011,1050,1052,1054,1087,1134,1146,1186,1262,1293,1359,1473,1604,1669,1809,2134,2220,2512,2642,2677,2679,2691,2774,2775,2778,3263,3447,3707,3774,4093,4412,5290,5353,5995,6297,6513,6756,6757,6758,7465,7608,7609,7610,7611,7612,7613,7614,7615,
1192;0;10464;10595;1;8,25,37,39,44,46,52,54,95,97,101,117,139,146,204,251,288,289,291,292,364,390,395,398,401,404,429,540,598,690,695,1050,1052,1054,1134,1146,1293,1359,1473,1604,1669,1809,2134,2220,2512,2642,2677,2679,2691,2774,2775,2778,3263,3447,3707,3774,4412,5290,5353,5995,6360,6513,7137,7167,7168,7169,7170,7171,7172,7173,7174,7175,7176,7177,7178,7179,7180,7181,7182,7183,
893;0;10595;10727;1;52,54,95,97,100,117,139,144,146,251,288,289,291,292,364,390,395,398,404,429,438,598,766,767,770,833,834,835,838,854,855,863,949,1043,1050,1134,1293,1359,1453,1526,1527,1529,1669,1809,2134,2370,2512,2626,2633,2642,2661,2677,2679,2711,2774,2775,2778,3263,3459,3511,3512,3513,3516,3517,3518,3519,3520,3526,3527,3528,3529,3530,3531,3532,3533,3534,3707,3774,5353,6513,
192;0;10727;10738;1;2,52,54,95,97,100,117,139,144,146,251,288,289,291,292,364,390,395,398,404,429,438,598,766,767,770,833,834,835,838,854,855,863,949,1043,1050,1134,1293,1359,1453,1481,1526,1527,1529,1669,1809,2134,2224,2370,2512,2626,2633,2642,2661,2677,2679,2711,2774,2775,2778,3263,3459,3511,3512,3513,3516,3517,3518,3519,3520,3526,3527,3528,3529,3707,3774,5182,5206,5353,6513,
192;1;10738;10861;1;54,70,95,97,100,103,117,139,144,146,169,189,245,251,264,286,288,289,291,340,364,390,395,398,404,419,429,773,787,833,835,838,854,855,949,1050,1063,1147,1293,1359,1428,1447,1541,1669,1809,2134,2206,2224,2370,2372,2512,2626,2628,2642,2689,2711,2774,2778,2899,2918,3255,3263,3577,3827,3990,4794,5206,5795,6023,6225,7188,7575,8021,8098,8841,8844,9265,9266,9267,9268,
840;0;10861;10998;1;54,70,95,97,100,103,117,139,144,146,169,189,245,251,264,286,288,289,291,340,364,390,395,398,404,419,429,773,787,833,835,838,854,855,949,1050,1063,1147,1293,1359,1428,1447,1541,1669,1809,2134,2206,2224,2370,2372,2512,2626,2628,2642,2689,2711,2774,2778,2899,2918,3255,3263,3577,3827,3990,4794,5206,5795,6023,6225,7188,7575,8021,8098,8841,8844,9265,9266,9267,9268,
864;0;11520;11658;1;54,95,97,100,117,139,144,146,169,189,245,251,286,288,289,291,364,390,391,395,398,399,404,429,649,720,787,833,838,854,949,1050,1233,1293,1359,1398,1476,1478,1669,1803,1808,1809,2053,2109,2134,2224,2370,2626,2628,2642,2711,2774,2778,2821,2822,2926,3263,3278,4677,4748,4832,4889,4927,4929,4939,5206,5236,5237,5238,5239,5240,5241,5242,5243,5244,5245,5246,5247,5248,5249,
957;0;11658;11797;1;54,95,97,100,117,139,144,146,169,189,245,251,286,288,289,291,364,390,391,395,398,399,404,429,649,720,787,833,838,854,949,1050,1233,1293,1359,1398,1476,1478,1669,1803,1808,1809,2053,2109,2134,2224,2370,2626,2628,2642,2711,2774,2778,2821,2822,2926,3263,3278,3486,3487,3490,3500,3501,4677,4748,4832,4889,4927,4929,4939,5206,5236,5237,5238,5239,5240,5241,5242,5243,5244,
1054;0;11797;11940;1;54,95,97,100,117,139,144,146,169,189,245,251,286,288,289,291,364,390,391,395,398,399,404,429,649,720,787,833,838,854,949,1050,1233,1293,1359,1398,1476,1478,1669,1803,1808,1809,2053,2109,2134,2224,2370,2626,2628,2642,2711,2774,2778,2821,2822,2926,3263,3278,3486,3487,3490,3500,3501,4677,4748,4832,4889,4927,4929,4939,5206,5236,5237,5238,5239,5240,5241,5242,6042,7487,
223;0;11940;11985;1;54,95,97,100,117,137,139,143,144,146,149,169,189,234,245,251,288,289,291,297,321,351,364,379,390,395,398,404,429,435,647,838,854,891,898,949,1024,1050,1117,1118,1119,1121,1210,1233,1293,1359,1474,1476,1478,1484,1668,1669,1680,1751,1809,2053,2109,2134,2370,2492,2536,2626,2628,2642,2711,2774,2778,2783,3037,3263,3286,3744,4495,4501,4677,5206,5739,6384,6614,7261,
223;1;11985;12084;1;54,95,97,100,117,137,139,143,144,146,149,169,189,234,245,251,288,289,291,297,321,351,364,379,390,395,398,404,429,435,647,838,854,891,898,949,1024,1050,1117,1118,1119,1121,1210,1233,1293,1359,1474,1476,1478,1484,1668,1669,1680,1751,1809,2053,2109,2134,2370,2492,2536,2626,2628,2642,2711,2774,2778,2783,3037,3204,3263,3286,3744,4495,4501,4677,5206,5739,6384,8111,
1144;0;12084;12231;1;54,95,97,100,117,137,139,143,144,146,149,169,189,245,251,288,289,291,299,321,343,351,364,390,395,398,404,429,591,644,765,838,891,1019,1118,1121,1214,1233,1293,1359,1476,1478,1484,1668,1680,1809,2053,2109,2134,2225,2318,2370,2405,2625,2626,2627,2628,2629,2630,2631,2632,2634,2635,2637,2640,2642,2643,2644,2646,2652,2657,2663,2675,2680,2686,2720,2721,2752,2774,4677,
869;0;12231;12381;1;61,68,95,97,100,117,137,139,143,144,145,146,149,169,196,198,208,241,245,247,248,251,262,277,288,291,321,351,364,390,395,398,404,429,502,528,591,609,838,875,891,1118,1121,1269,1281,1293,1423,1476,1478,1484,1560,1580,1668,1680,1809,1816,2053,2091,2109,2134,2216,2370,2774,2941,3070,3603,3604,3605,3606,4033,4364,4383,4677,5053,5435,6105,6401,7892,7897,8158,
1064;0;12381;12532;1;61,68,95,97,100,117,137,139,143,144,145,146,149,169,196,198,208,241,245,247,248,251,262,277,288,291,321,351,364,390,395,398,404,429,502,528,591,609,838,875,891,1118,1121,1269,1281,1293,1423,1476,1478,1484,1560,1580,1668,1680,1809,1816,2053,2091,2109,2134,2216,2370,2774,2941,3070,3603,3604,3605,3606,4033,4364,4383,4677,5053,5435,6105,6401,7892,7897,8158,
977;0;12532;12684;1;61,68,95,97,100,117,137,139,143,144,145,146,149,169,196,198,208,241,245,247,248,251,262,277,288,291,321,351,364,390,395,398,404,429,502,528,591,609,838,875,891,1118,1121,1269,1281,1293,1423,1476,1478,1484,1560,1580,1668,1680,1809,1816,2053,2091,2109,2134,2216,2370,2774,2941,3070,3603,3604,3605,3606,4033,4364,4383,4677,5053,5435,6105,6401,7892,7897,8158,
272;0;12684;12834;1;61,68,95,97,100,117,137,139,143,144,145,146,149,169,196,198,208,241,245,247,248,251,262,277,288,291,321,351,364,390,395,398,404,429,502,528,591,609,838,875,891,1118,1121,1269,1281,1293,1423,1476,1478,1484,1560,1580,1668,1680,1809,1816,2053,2091,2109,2134,2216,2370,2774,2941,3070,3603,3604,3605,3606,4033,4364,4383,4677,5053,5435,6105,6401,7892,7897,8158,
272;1;12834;12838;1;61,68,95,97,100,117,137,139,143,144,145,146,149,169,196,198,208,241,245,247,248,251,262,277,288,291,321,351,364,390,395,398,404,429,502,528,591,609,838,875,891,1118,1121,1269,1281,1293,1423,1476,1478,1484,1560,1580,1668,1680,1809,1816,2053,2091,2109,2134,2216,2370,2774,2941,3070,3603,3604,3605,3606,4033,4364,4383,4677,5053,5435,6105,6401,7892,7897,8158,
1141;0;12960;13116;1;61,68,95,97,100,117,137,139,143,144,145,146,149,169,196,198,208,245,248,251,262,277,288,291,321,351,364,390,395,398,404,429,458,502,528,591,838,875,891,1118,1121,1269,1293,1423,1476,1478,1484,1543,1580,1587,1668,1809,1859,2053,2074,2089,2091,2109,2134,2216,2370,2611,2774,2941,2958,3381,3382,3861,3862,3863,3864,3865,3866,3867,3868,3869,3870,4677,5053,6401,
990;0;13116;13273;1;61,68,95,97,100,117,137,139,143,144,145,146,149,169,196,198,208,245,248,251,262,277,288,291,321,351,364,390,395,398,404,429,458,502,528,580,591,838,875,891,1118,1121,1269,1293,1423,1476,1478,1484,1543,1580,1587,1668,1809,1859,2053,2074,2089,2091,2109,2134,2216,2370,2407,2611,2774,2941,2958,3381,3382,3861,3862,3863,3864,3865,3866,3870,4677,5053,6033,6401,
365;0;13273;13312;1;61,68,95,97,100,117,137,139,143,144,145,146,149,169,196,198,208,225,231,245,248,251,262,277,288,291,321,329,351,364,390,395,398,404,429,458,502,528,580,591,838,875,891,1118,1121,1269,1293,1401,1423,1476,1478,1484,1543,1580,1587,1668,1809,1818,1859,2053,2074,2089,2091,2109,2134,2216,2370,2407,2611,2774,2941,2958,3381,3382,3870,4597,4677,5053,6401,6407,
365;1;13312;13431;1;3,136,139,144,145,225,226,251,262,269,270,277,288,329,398,400,404,429,436,640,838,891,948,1118,1126,1424,1470,1476,1477,1478,1484,1486,1609,1661,1668,1679,1809,1920,2053,2109,2114,2118,2120,2123,2124,2125,2128,2129,2130,2132,2134,2135,2140,2142,2143,2774,2854,2855,2953,4511,4533,4534,4536,4543,4545,4546,4551,4553,4554,4555,4575,4656,4676,4677,4678,4679,4680,4681,4682,4683,
915;0;13431;13591;1;3,136,139,144,145,225,226,251,262,269,270,277,288,329,398,400,404,429,436,640,838,891,948,1118,1126,1424,1470,1476,1477,1478,1484,1486,1609,1661,1668,1679,1809,1920,2053,2109,2114,2118,2120,2123,2124,2125,2128,2129,2130,2132,2134,2135,2140,2142,2143,2774,2854,2855,2903,2953,4511,4533,4534,4536,4543,4545,4546,4551,4553,4554,4555,4567,4575,4600,4656,4676,4677,4678,4679,4680,
784;0;13591;13752;1;3,28,136,139,144,145,152,179,225,226,251,262,269,270,277,288,314,329,364,377,398,400,404,412,429,436,442,476,640,722,838,891,948,1118,1126,1145,1195,1270,1424,1470,1476,1477,1478,1484,1486,1609,1661,1668,1675,1679,1720,1809,1920,1941,2034,2053,2109,2114,2118,2128,2195,2197,2221,2223,2263,2436,2465,2774,2846,2892,2903,3337,3338,3339,3340,4545,4553,5707,5708,5709,
151;0;13752;13883;1;3,28,136,139,144,145,152,179,225,226,251,262,269,270,277,288,314,329,364,377,398,400,404,412,429,436,442,476,640,722,838,891,948,1118,1126,1145,1195,1270,1424,1470,1476,1477,1478,1484,1486,1609,1661,1668,1675,1679,1720,1809,1920,1941,2034,2053,2109,2114,2118,2128,2195,2197,2221,2223,2263,2436,2465,2774,2846,2892,2903,3337,3338,3339,3340,4545,4553,5707,5708,5709,
151;1;13883;13915;1;3,28,136,139,144,145,152,179,225,226,251,262,269,270,277,288,314,329,364,377,398,400,404,412,429,436,442,476,640,722,838,891,948,1118,1126,1145,1195,1270,1424,1470,1476,1477,1478,1484,1486,1609,1661,1668,1675,1679,1720,1809,1920,1941,2034,2053,2109,2114,2118,2128,2195,2197,2221,2223,2263,2436,2465,2774,2846,2892,2903,3337,3338,3339,3340,4545,4553,5707,5708,5709,
905;0;14400;14565;1;3,28,95,97,137,139,144,145,152,179,225,245,262,272,273,288,290,291,303,305,306,310,312,313,317,351,377,382,395,404,429,434,595,640,722,892,905,912,939,948,1118,1165,1170,1209,1424,1470,1476,1477,1478,1484,1676,1809,1919,1970,2053,2128,2133,2197,2263,2356,2357,2358,2360,2361,2362,2363,2364,2367,2370,2375,2377,2378,2387,2390,2391,2392,2393,2394,2774,4553,
318;0;14565;14597;1;3,26,28,95,97,137,139,144,145,152,179,225,245,255,262,272,273,288,290,291,303,305,306,310,312,313,317,351,377,382,395,404,429,434,595,640,722,892,905,912,939,948,1118,1165,1170,1209,1269,1272,1280,1284,1286,1287,1290,1293,1294,1295,1322,1424,1470,1476,1477,1478,1484,1676,1809,2053,2080,2128,2197,2263,2364,2391,2774,3597,3624,4553,4866,7062,7063,7064,
318;1;14597;14731;1;3,26,28,95,97,137,139,143,144,145,152,179,225,245,255,262,272,273,288,290,291,303,305,306,310,312,313,317,351,377,382,395,404,429,434,591,595,640,645,722,892,905,912,948,1057,1118,1269,1272,1280,1284,1287,1290,1293,1294,1295,1322,1424,1470,1476,1477,1478,1484,1676,1809,2052,2053,2080,2128,2197,2263,2364,2391,2645,2774,3045,4472,4553,4866,5741,5749,
15;0;14731;14827;1;3,26,28,95,97,137,139,143,144,145,152,179,225,245,255,262,272,273,288,290,291,303,305,306,310,312,313,317,351,377,382,395,404,429,434,591,595,640,645,722,871,892,905,912,948,1057,1118,1269,1272,1280,1284,1287,1290,1293,1294,1295,1322,1424,1470,1476,1477,1478,1484,1676,1809,2052,2053,2080,2128,2197,2263,2364,2391,2645,2774,3045,3126,4472,4553,4866,
15;1;14827;14900;1;3,26,28,60,95,97,137,139,143,144,145,152,179,206,208,225,245,255,262,272,273,288,290,291,303,305,306,310,312,351,377,395,404,429,502,569,591,640,645,722,729,871,948,1057,1118,1269,1272,1280,1284,1287,1288,1290,1293,1294,1295,1322,1424,1470,1476,1477,1478,1484,1676,1809,1895,1989,2053,2080,2197,2263,2364,2391,2645,2774,3126,3870,4192,4553,4866,6766,
375;0;14900;15019;1;3,26,28,60,95,97,117,137,139,144,145,152,179,225,255,262,272,273,288,290,291,310,351,359,377,395,404,429,569,591,640,645,722,729,871,948,1057,1118,1269,1272,1278,1280,1287,1288,1290,1293,1294,1295,1322,1424,1470,1476,1477,1478,1484,1676,1809,1895,1989,2025,2053,2080,2197,2263,2281,2310,2364,2391,2645,2774,2968,3126,4162,4553,4866,5607,7936,8450,8451,8452,
375;1;15019;15070;1;3,26,28,54,60,95,97,117,137,139,144,145,152,179,225,248,255,262,272,273,288,290,291,310,351,377,395,404,429,591,640,645,722,729,871,948,1057,1118,1269,1272,1277,1280,1287,1288,1290,1293,1295,1322,1424,1470,1476,1477,1478,1484,1582,1676,1781,1809,1895,2053,2080,2197,2239,2263,2364,2391,2645,2774,2968,3126,3703,3728,4026,4450,4553,4866,4888,5462,5463,5464,
383;0;15070;15133;1;3,10,24,38,78,117,137,139,144,152,189,210,225,333,651,719,722,736,871,872,873,874,904,948,949,1057,1068,1093,1172,1233,1236,1322,1346,1358,1359,1361,1456,1466,1476,1478,1723,1749,1875,1947,1996,2091,2338,2711,2723,2774,2778,4553,4581,4604,4627,4628,4629,4630,4631,4632,4633,4634,4635,4636,4637,4638,4639,4640,4641,4642,4643,4644,4645,4646,4866,5225,6039,6850,8496,8497,
383;1;15133;15242;1;3,10,24,38,78,117,137,139,144,152,189,210,225,333,651,719,722,736,871,872,873,874,904,948,949,1057,1068,1093,1172,1233,1236,1322,1346,1358,1359,1361,1456,1466,1476,1478,1723,1749,1875,1947,1996,2091,2338,2711,2723,2774,2778,4553,4581,4604,4627,4628,4629,4630,4631,4632,4633,4634,4635,4636,4637,4638,4639,4640,4641,4642,4643,4644,4645,4646,4866,5225,6039,6850,8496,8497,
1000;0;15242;15416;1;3,10,24,38,78,117,137,139,144,152,189,210,225,333,651,719,722,736,871,872,873,874,904,948,949,1057,1068,1093,1172,1233,1236,1322,1346,1358,1359,1361,1456,1466,1476,1478,1723,1749,1875,1947,1996,2091,2338,2711,2723,2774,2778,4553,4581,4604,4627,4628,4629,4630,4631,4632,4633,4634,4635,4636,4637,4638,4639,4640,4641,4642,4643,4644,4645,4646,4866,5225,6039,6850,8496,8497,
916;0;15416;15591;1;3,10,24,38,78,117,137,139,144,152,189,210,225,333,651,719,722,736,871,872,873,874,904,948,949,1057,1068,1093,1172,1233,1236,1322,1346,1358,1359,1361,1456,1466,1476,1478,1723,1749,1875,1947,1996,2091,2338,2711,2723,2774,2778,4553,4581,4604,4627,4628,4629,4630,4631,4632,4633,4634,4635,4636,4637,4638,4639,4640,4641,4642,4643,4644,4645,4646,4866,5225,6039,6850,8496,8497,
Machine: 4
925;0;0;4;1;100,144,145,225,226,233,234,241,267,268,273,275,277,284,285,286,287,288,289,290,291,292,301,429,430,609,612,768,827,1099,1146,1172,1358,1519,1525,1734,1735,1768,1915,1916,1918,2052,2091,2133,2337,2338,2573,2636,2654,2699,2714,2733,2750,2756,3763,4426,4533,5185,5186,5187,5188,5189,5190,5191,5192,5193,5194,5195,5196,5197,5198,5199,5200,5201,7296,7299,7308,8432,8801,8825,
1189;0;4;15;1;100,144,145,225,226,233,234,241,267,268,273,275,277,284,285,286,287,288,289,290,291,292,301,429,430,609,612,644,715,768,827,1099,1146,1172,1358,1519,1525,1734,1735,1768,1915,1916,1918,2052,2091,2133,2337,2338,2573,2636,2640,2654,2680,2699,2714,2733,2750,2756,3763,4426,4533,5185,5186,5187,5188,5189,5190,5191,5192,5193,5195,7296,7299,7308,8432,8801,8825,8826,8827,8828,
1118;0;15;29;1;8,100,142,144,145,225,226,233,234,241,243,267,268,273,275,277,284,285,286,287,288,289,290,291,292,301,342,390,402,429,430,609,612,643,644,715,768,827,1051,1057,1099,1146,1172,1358,1474,1475,1519,1525,1734,1735,1768,1915,1916,1918,1933,2052,2091,2109,2133,2337,2338,2573,2636,2640,2654,2680,2699,2714,2733,2750,2756,3763,4426,4533,5185,5186,5187,5188,9216,9217,
1188;0;29;47;1;8,100,139,142,144,145,225,226,233,234,241,243,267,268,273,275,277,284,285,286,287,288,289,290,291,292,295,301,342,390,402,429,430,609,612,643,644,715,768,827,948,1051,1057,1099,1118,1133,1134,1146,1172,1236,1358,1361,1474,1475,1478,1519,1525,1734,1735,1915,1916,1933,2052,2053,2091,2337,2338,2573,2636,2640,2714,3630,4533,4553,4754,4996,5011,5185,5338,6746,
874;0;47;68;1;8,74,79,100,139,142,144,145,204,225,226,233,234,241,267,268,273,275,277,287,288,289,290,291,292,295,301,390,402,429,430,502,506,609,612,644,715,768,787,790,884,948,960,1051,1057,1099,1118,1133,1134,1146,1162,1172,1181,1236,1293,1358,1361,1474,1475,1478,1519,1915,1916,1933,1996,2052,2053,2070,2091,2337,2573,2640,2714,3348,3948,4114,4115,4533,4553,5185,
1041;0;68;91;1;8,74,79,100,139,142,144,145,204,225,226,233,234,241,267,268,273,275,277,287,288,289,290,291,292,295,301,390,402,429,430,502,506,609,612,644,715,768,790,948,1051,1057,1099,1118,1133,1134,1146,1172,1236,1293,1358,1361,1474,1475,1478,1519,1915,1916,1933,2052,2053,2070,2091,2337,2573,2640,2714,4114,4533,4553,5185,6360,7510,8219,8373,8374,8375,8376,8377,8378,
901;0;91;118;1;8,74,79,100,139,142,144,145,225,233,234,267,268,273,277,287,288,289,290,291,292,301,390,402,429,430,609,612,644,715,948,1057,1099,1118,1133,1146,1172,1236,1293,1358,1361,1474,1475,1478,1519,1915,1933,2053,2091,2337,2573,2714,4114,4553,5185,9222,9223,9224,9225,9229,9230,9231,9232,9233,9234,9235,9236,9237,9238,9239,9240,9241,9242,9243,9244,9245,9246,9247,9248,9249,
1153;0;118;148;1;8,27,74,76,79,100,139,142,144,145,191,225,233,234,267,268,273,277,287,288,289,290,291,292,301,390,402,408,415,429,430,460,503,609,612,644,715,724,948,1057,1099,1118,1133,1146,1172,1236,1293,1358,1361,1474,1475,1478,1519,1915,1933,2053,2074,2091,2337,2573,2714,4114,4553,4991,5185,5600,9222,9223,9224,9225,9229,9230,9231,9232,9233,9234,9235,9236,9237,9238,
1208;0;148;181;1;27,100,104,139,144,145,225,233,234,267,268,276,277,288,289,290,291,292,297,301,351,390,429,430,438,503,609,612,715,834,854,931,947,948,949,1057,1099,1133,1146,1151,1168,1293,1361,1474,1478,1519,1528,1674,2053,2074,2091,2491,2667,2678,2714,2737,3531,3638,4114,4400,4553,4858,5185,5456,5656,5774,5841,6022,6106,7320,7463,8022,8095,8152,8303,8364,8578,8579,8580,8581,
777;0;181;217;1;27,34,52,100,104,139,144,145,225,233,234,267,268,276,277,288,289,290,291,292,297,301,351,390,429,430,438,503,609,612,715,834,854,931,947,948,949,1057,1099,1133,1146,1151,1168,1293,1361,1474,1478,1519,1528,1674,1726,2053,2074,2091,2491,2667,2678,2714,2737,2872,3531,3638,4114,4400,4553,4858,5185,5456,5468,5656,5774,5841,6022,6106,7320,7463,8022,8095,8152,8303,
872;0;217;256;1;27,34,52,100,104,139,144,145,225,233,234,267,268,276,277,288,289,290,291,292,297,301,351,390,429,430,438,503,609,612,715,834,854,931,947,948,949,1057,1099,1133,1146,1151,1168,1293,1361,1474,1478,1519,1528,1674,1726,2053,2074,2091,2491,2667,2678,2714,2737,2802,2803,2804,2805,2806,2807,2808,2809,2810,2811,2812,2813,2872,4114,4400,4553,5185,5656,6022,7320,7463,
870;0;256;297;1;27,52,100,139,144,145,189,205,225,233,234,246,267,268,276,277,288,289,290,291,292,301,351,390,429,430,438,503,568,609,612,715,752,854,931,948,949,979,1057,1089,1099,1133,1146,1196,1242,1293,1361,1474,1478,1528,1598,1999,2053,2065,2074,2086,2091,2678,2714,2808,3396,3404,3855,3880,3881,3882,3883,3884,3885,3886,3887,3888,3889,3890,4114,4400,4553,5185,6022,7320,
1099;0;297;341;1;27,52,100,139,144,145,189,205,225,233,234,246,267,268,276,277,288,289,290,291,292,301,351,390,429,430,438,503,568,609,612,640,715,752,854,931,948,949,979,1057,1089,1099,1133,1146,1150,1196,1242,1293,1361,1474,1478,1528,1598,1999,2053,2065,2074,2086,2091,2678,2714,2808,3396,3404,3855,3880,3881,3882,3883,3884,3886,3888,4114,4400,4553,5185,5771,5772,6022,7320,
183;0;341;346;1;27,100,139,144,145,177,181,189,205,225,233,234,262,267,268,276,277,288,289,290,291,292,301,302,305,308,310,313,314,317,351,380,390,401,403,429,430,438,442,503,609,612,640,715,854,948,949,979,1057,1089,1099,1121,1133,1146,1196,1242,1293,1361,1430,1472,1474,1478,1528,1655,1676,1932,1999,2053,2074,2091,2678,2714,3120,3121,3888,4114,4400,4553,5185,6022,
183;1;346;386;1;26,27,100,139,144,145,189,225,233,262,267,268,276,277,288,290,291,292,301,314,390,429,430,438,503,528,529,609,612,640,658,715,854,948,949,979,1057,1089,1099,1121,1133,1146,1242,1269,1278,1279,1287,1288,1293,1322,1361,1474,1478,1587,1591,1592,1783,1785,1795,1999,2074,2091,2678,2714,3704,3788,3879,3888,4114,4324,4325,4326,4327,4328,4329,4330,4400,4553,5185,6022,
808;0;386;438;1;24,26,27,55,58,100,139,144,145,189,225,233,247,262,267,268,276,277,288,290,291,292,301,314,390,429,430,438,503,528,529,609,612,640,715,854,948,949,979,1057,1089,1099,1121,1133,1146,1242,1269,1287,1288,1293,1322,1361,1474,1478,1587,1783,1785,1999,2074,2091,2418,2420,2537,2678,2714,2836,3609,3691,3706,3842,3852,3888,4114,4400,4553,5185,5998,5999,6014,6022,
938;0;438;493;1;24,26,27,55,100,139,144,145,152,189,208,225,233,262,267,268,276,277,288,290,291,292,301,314,363,390,429,430,438,499,503,528,609,612,640,715,854,948,949,979,987,1057,1089,1099,1121,1146,1244,1287,1361,1474,1478,1940,1999,2074,2091,2420,2678,2714,3345,3361,3605,3774,3888,3899,3900,3901,3902,3903,3904,3905,3906,3907,3908,3909,3910,3911,4114,4400,5185,6022,
1028;0;493;553;1;24,26,27,55,100,139,144,145,152,189,208,225,233,262,267,268,276,277,288,290,291,292,301,314,363,390,429,430,438,499,503,528,609,612,640,715,854,948,949,979,987,1057,1089,1099,1121,1146,1244,1287,1361,1474,1478,1940,1999,2074,2091,2420,2678,2714,3345,3361,3605,3774,3888,3899,3900,3901,3902,3903,3904,3905,3906,3907,3908,3909,3910,4114,4400,5185,5434,6022,
289;0;553;713;0;24,26,27,55,100,139,144,189,225,262,267,268,288,290,292,314,363,400,429,430,435,439,503,528,606,609,612,715,927,941,949,979,1057,1089,1094,1099,1121,1146,1287,1346,1406,1417,1474,1478,1540,1671,2074,2091,2094,2420,2678,2714,2715,3099,3888,3906,3907,4114,4475,4637,5134,5135,5136,5137,5138,5139,5140,5141,5142,5143,5144,5145,5146,5147,5148,5149,5150,5151,5152,5185,
289;1;713;877;0;15,16,17,18,19,21,24,25,35,37,39,53,54,55,225,262,290,292,314,364,429,476,503,528,576,581,632,692,719,825,895,949,979,1068,1069,1121,1171,1277,1474,1913,2074,2475,2645,2774,2775,2777,2778,2815,2903,2947,3074,3261,3263,3797,3798,3799,3800,3801,3802,3906,4114,4569,4585,4664,4739,5185,6329,6748,6796,6797,6798,6799,6800,6801,6802,6803,6804,6805,6806,6807,
301;0;877;1034;0;15,16,17,18,19,21,24,25,35,37,39,53,54,55,225,262,290,292,314,364,429,476,503,528,576,581,632,692,719,825,895,949,979,1068,1069,1121,1171,1277,1474,1913,2074,2475,2645,2774,2775,2777,2778,2815,2903,2947,3074,3261,3263,3797,3798,3799,3800,3801,3802,3906,4114,4569,4585,4664,4739,5185,6329,6748,6796,6797,6798,6799,6800,6801,6802,6803,6804,6805,6806,6807,
301;1;1034;1171;0;15,16,17,18,19,21,24,25,35,37,39,53,54,55,225,262,290,292,314,364,429,476,503,528,576,581,632,692,719,825,895,949,979,1068,1069,1121,1171,1277,1474,1913,2074,2475,2645,2774,2775,2777,2778,2815,2903,2947,3074,3261,3263,3797,3798,3799,3800,3801,3802,3906,4114,4569,4585,4664,4739,5185,6329,6748,6796,6797,6798,6799,6800,6801,6802,6803,6804,6805,6806,6807,
243;0;1171;1276;0;15,16,17,18,19,21,24,25,35,37,39,53,54,55,225,262,290,292,314,364,429,476,503,528,576,581,632,692,719,825,895,949,979,1068,1069,1121,1171,1277,1474,1913,2074,2475,2645,2774,2775,2777,2778,2815,2903,2947,3074,3261,3263,3797,3798,3799,3800,3801,3802,3906,4114,4569,4585,4664,4739,5185,6329,6748,6796,6797,6798,6799,6800,6801,6802,6803,6804,6805,6806,6807,
243;1;1440;1600;0;15,16,17,18,19,21,24,25,28,35,37,39,46,53,54,55,225,262,290,292,314,364,429,476,503,528,576,581,632,692,719,825,895,949,979,1068,1069,1121,1171,1277,1474,1562,1716,1913,2018,2036,2074,2090,2475,2645,2774,2775,2777,2778,2815,2890,2903,2947,3006,3074,3246,3261,3263,3449,3797,3798,3799,3800,3801,3802,3808,3906,4114,4273,4569,4585,4664,4739,5185,6329,
90;0;1600;1758;0;15,16,17,18,19,21,24,25,28,35,37,39,46,53,54,55,225,262,290,292,314,364,429,476,503,528,576,581,632,677,692,719,825,895,949,979,1068,1069,1121,1171,1277,1474,1562,1716,1913,2018,2036,2074,2090,2475,2645,2774,2775,2777,2778,2815,2890,2903,2947,3006,3074,3246,3261,3263,3449,3797,3798,3799,3800,3801,3802,3808,3906,4114,4608,4609,5185,7886,7887,7888,
90;1;1758;1844;0;15,16,17,18,19,21,24,25,28,35,37,39,46,53,54,55,139,144,225,231,244,262,288,290,292,314,364,377,429,476,503,528,576,581,632,677,692,719,949,979,1117,1121,1171,1277,1474,1480,1716,1913,2018,2074,2091,2475,2536,2645,2774,2775,2777,2778,2903,3006,3161,3263,3906,4114,4365,4391,4608,4609,5185,5417,5733,5750,6159,6160,6161,6162,6163,6164,6165,7886,
217;0;1844;1921;0;15,16,17,18,19,21,24,25,27,28,35,37,38,39,46,53,54,55,61,72,139,144,189,225,231,244,262,280,288,290,292,314,364,377,429,476,491,503,528,576,581,632,677,692,719,949,979,1089,1117,1121,1171,1277,1474,1480,1716,1913,1936,2018,2074,2091,2475,2536,2645,2774,2775,2777,2778,2903,3006,3263,3888,3906,4114,4608,4609,5056,5057,5058,5185,7886,
217;1;1921;2068;0;15,16,17,18,19,21,24,25,26,27,28,35,38,39,46,53,54,55,61,139,144,189,225,231,244,262,288,290,292,314,377,429,491,503,528,581,632,677,949,979,1089,1117,1121,1171,1270,1277,1474,1480,1588,1716,1913,1936,2018,2074,2091,2175,2420,2475,2488,2536,2645,2774,2775,2777,2778,2903,3006,3263,3906,4114,4608,4609,5058,5185,6918,6919,6920,6921,6922,7886,
144;0;2068;2149;0;15,16,17,18,19,24,25,26,27,28,38,39,46,53,54,55,61,139,144,189,225,231,244,262,288,290,292,314,377,429,491,503,528,581,632,677,949,979,1089,1117,1121,1171,1270,1277,1474,1480,1716,1913,1936,2018,2074,2091,2175,2475,2536,2645,2774,2775,2777,2778,2903,3006,3263,3289,3906,4114,4608,4609,5058,5185,7886,8014,8170,8171,8174,8429,8431,9098,9099,9100,
144;1;2149;2285;0;40,87,96,100,144,149,189,193,198,225,244,255,262,343,362,363,395,528,561,647,666,677,704,715,732,766,855,863,952,978,1146,1287,1360,1474,1481,1529,1567,1670,2080,2089,2131,2475,2627,2628,2651,2678,2692,3267,3446,3532,3606,3707,3907,4748,4857,5101,5139,5230,5379,5525,6194,6216,6217,6218,6309,6790,6791,6792,6793,6794,6795,7834,8165,8453,8454,8455,8469,8470,8846,9000,
45;0;2285;2445;0;40,87,96,100,144,149,189,193,198,225,244,255,262,343,362,363,395,528,561,647,666,677,704,715,732,766,855,863,952,978,1146,1287,1360,1474,1481,1529,1567,1670,2080,2089,2131,2475,2627,2628,2651,2678,2692,3267,3446,3532,3606,3707,3907,4748,4857,5101,5139,5230,5379,5525,6194,6216,6217,6218,6309,6790,6791,6792,6793,6794,6795,7834,8165,8453,8454,8455,8469,8470,8846,9000,
45;1;2445;2480;0;40,87,96,100,144,149,189,193,198,225,244,255,262,343,362,363,395,528,561,647,666,677,704,715,732,766,855,863,952,978,1146,1287,1360,1474,1481,1529,1567,1670,2080,2089,2131,2475,2627,2628,2651,2678,2692,3267,3446,3532,3606,3707,3907,4748,4857,5101,5139,5230,5379,5525,6194,6216,6217,6218,6309,6790,6791,6792,6793,6794,6795,7834,8165,8453,8454,8455,8469,8470,8846,9000,
130;0;2480;2522;0;40,87,96,100,144,149,189,193,198,225,244,255,262,343,362,363,395,528,561,647,666,677,704,715,732,766,855,863,952,978,1146,1287,1360,1474,1481,1529,1567,1670,2080,2089,2131,2475,2627,2628,2651,2678,2692,3267,3446,3532,3606,3707,3907,4748,4857,5101,5139,5230,5379,5525,6194,6216,6217,6218,6309,6790,6791,6792,6793,6794,6795,7834,8165,8453,8454,8455,8469,8470,8846,9000,
130;1;2522;2666;0;40,87,96,100,144,149,189,193,198,225,244,255,262,343,362,363,395,528,561,647,666,677,704,715,732,766,855,863,952,978,1146,1287,1360,1474,1481,1529,1567,1670,2080,2089,2131,2475,2627,2628,2651,2678,2692,3267,3446,3532,3606,3707,3907,4748,4857,5101,5139,5230,5379,5525,6194,6216,6217,6218,6309,6790,6791,6792,6793,6794,6795,7834,8165,8453,8454,8455,8469,8470,8846,9000,
1233;0;2666;2841;0;40,87,96,100,144,149,189,193,198,225,244,255,262,343,362,363,395,528,561,647,666,677,704,715,732,766,855,863,952,978,1146,1287,1360,1474,1481,1529,1567,1670,2080,2089,2131,2475,2627,2628,2651,2678,2692,3267,3446,3532,3606,3707,3907,4748,4857,5101,5139,5230,5379,5525,6194,6216,6217,6218,6309,6790,6791,6792,6793,6794,6795,7834,8165,8453,8454,8455,8469,8470,8846,9000,
1215;0;2841;3014;0;40,87,96,100,144,149,189,193,198,225,244,255,262,343,362,363,395,528,561,647,666,677,704,715,732,766,855,863,952,978,1146,1287,1360,1474,1481,1529,1567,1670,2080,2089,2131,2475,2627,2628,2651,2678,2692,3267,3446,3532,3606,3707,3907,4748,4857,5101,5139,5230,5379,5525,6194,6216,6217,6218,6309,6790,6791,6792,6793,6794,6795,7834,8165,8453,8454,8455,8469,8470,8846,9000,
979;0;3014;3184;0;40,87,96,100,144,149,189,193,198,225,231,244,255,262,277,343,354,357,362,363,395,404,528,561,591,647,666,677,704,715,732,766,855,863,952,978,1146,1287,1360,1474,1478,1481,1529,1567,1666,1670,2080,2089,2131,2475,2627,2628,2651,2678,2692,2714,3267,3284,3446,3532,3606,3707,3907,4311,4312,4472,4748,4857,5101,5139,5230,5379,5525,6194,6216,6217,6218,6309,6848,8470,
83;0;3184;3203;0;40,87,100,144,149,189,198,225,231,262,277,291,329,343,395,404,528,591,647,666,677,704,715,732,766,855,863,1146,1287,1360,1474,1478,1481,1529,1567,1666,1670,1884,2475,2600,2627,2628,2635,2645,2651,2653,2678,2679,2692,2774,3263,3267,3284,3606,4568,4604,4605,4606,4612,4634,4759,4800,4857,5043,5230,5525,5528,5890,5891,5892,5893,5894,5895,5896,5897,5898,5899,5900,5901,8470,
83;1;3203;3354;0;2,40,87,100,144,149,189,198,225,231,262,277,291,301,314,329,343,395,400,404,528,591,647,666,677,704,715,732,766,855,863,1116,1121,1146,1287,1360,1474,1478,1481,1486,1529,1567,1661,1666,1670,1680,1884,2475,2476,2600,2627,2628,2635,2645,2651,2653,2678,2679,2692,2774,3263,3267,3284,3606,4568,4604,4605,4606,4612,4634,4759,4800,4857,5043,5230,5525,5528,5890,5901,8470,
1175;0;3354;3523;0;2,40,87,100,139,144,145,149,189,198,225,231,262,277,291,301,314,329,343,395,400,404,429,528,591,647,666,677,704,715,732,766,855,863,948,1116,1117,1121,1146,1287,1360,1474,1478,1481,1486,1529,1567,1661,1666,1670,1680,1884,2475,2476,2600,2627,2628,2635,2645,2651,2653,2678,2679,2692,2774,3263,3267,3284,3606,4604,4605,4606,4612,4759,4857,5230,5525,5890,5901,8470,
1193;0;3523;3685;0;5,9,15,16,24,54,60,93,95,137,139,148,149,225,262,288,382,383,390,393,394,395,396,400,404,647,838,854,871,890,949,1030,1050,1117,1145,1146,1149,1171,1231,1232,1361,1362,1474,1481,1505,1506,1604,1668,1669,1758,1761,1799,1811,1814,2062,2063,2106,2359,2717,2822,3263,3345,3346,3435,3523,4043,4313,4314,4315,4316,4317,4318,4803,5223,5700,6198,6525,6526,6527,6528,
1088;0;3685;3845;0;5,9,15,16,24,54,60,93,95,137,139,148,149,225,262,288,382,383,390,393,394,395,396,400,404,647,838,854,871,890,949,1030,1050,1117,1145,1146,1149,1171,1231,1232,1361,1362,1474,1481,1505,1506,1604,1668,1669,1758,1761,1799,1811,1814,2062,2063,2106,2359,2717,2822,3263,3345,3346,3435,3523,4043,4313,4314,4315,4316,4317,4318,4803,5223,5700,6198,6525,6526,6527,6528,
932;0;3845;4000;0;5,9,15,16,24,54,60,93,95,137,139,148,149,225,262,288,382,383,390,393,394,395,396,400,404,647,838,854,871,890,949,1030,1050,1117,1145,1146,1149,1171,1231,1232,1361,1362,1474,1481,1505,1506,1604,1668,1669,1758,1761,1799,1811,1814,2062,2063,2106,2359,2717,2822,3263,3345,3346,3435,3523,4043,4313,4314,4315,4316,4317,4318,4803,5223,5700,6198,6525,6526,6527,6528,
993;0;4000;4152;0;5,9,15,16,24,54,60,93,95,137,139,148,149,225,262,288,382,383,390,393,394,395,396,400,404,647,838,854,871,890,949,1030,1050,1117,1145,1146,1149,1171,1231,1232,1361,1362,1474,1481,1505,1506,1604,1668,1669,1758,1761,1799,1811,1814,2062,2063,2106,2359,2717,2822,3263,3345,3346,3435,3523,4043,4313,4314,4315,4316,4317,4318,4803,5223,5700,6198,6525,6526,6527,6528,
274;0;4320;4370;0;5,9,15,16,24,54,60,93,95,137,139,148,149,169,208,225,251,262,288,382,383,390,393,394,395,396,400,404,486,518,647,838,854,871,875,890,949,1030,1050,1117,1145,1146,1149,1171,1231,1232,1361,1362,1474,1481,1505,1506,1580,1604,1668,1669,1758,1761,1799,1811,1814,1935,1936,2062,2063,2106,2306,2359,2412,2717,2822,2830,3263,3345,3346,3435,3523,4043,4383,4453,
274;1;4370;4468;0;5,9,15,16,24,54,60,93,95,137,139,148,149,169,208,225,251,262,288,382,383,390,393,394,395,396,400,404,486,518,647,838,854,871,875,890,949,1030,1050,1117,1145,1146,1149,1171,1231,1232,1361,1362,1474,1481,1505,1506,1580,1604,1668,1669,1758,1761,1799,1811,1814,1935,1936,2062,2063,2106,2306,2359,2412,2717,2822,2830,3263,3345,3346,3435,3523,4043,4383,4453,
128;0;4468;4499;0;5,9,15,16,24,54,60,93,95,137,139,148,149,169,208,225,251,262,288,382,383,390,393,394,395,396,400,404,486,518,647,838,854,871,875,890,949,1030,1050,1117,1145,1146,1149,1171,1231,1232,1361,1362,1474,1481,1505,1506,1580,1604,1668,1669,1758,1761,1799,1811,1814,1935,1936,2062,2063,2106,2306,2359,2412,2717,2822,2830,3263,3345,3346,3511,3527,3580,3581,3582,
128;1;4499;4613;0;5,9,15,16,24,54,59,60,93,95,137,139,148,149,169,170,196,208,221,225,251,262,288,382,383,390,393,394,395,396,400,404,486,518,547,647,838,854,871,875,890,949,1030,1050,1117,1145,1146,1149,1171,1231,1232,1280,1361,1362,1474,1481,1505,1506,1541,1580,1604,1668,1669,1758,1811,1814,1935,1936,2031,2063,2106,2306,2412,2414,3263,3345,3347,3527,3580,3581,
236;0;4613;4674;0;9,15,24,93,95,137,139,144,149,170,225,251,262,271,277,288,304,382,390,395,396,400,404,434,438,444,591,647,838,854,871,875,927,948,949,1049,1050,1052,1117,1145,1146,1149,1171,1280,1354,1361,1424,1431,1474,1481,1515,1516,1604,1669,1671,1752,1803,1811,1814,1921,1936,2613,2695,3037,3263,3345,3581,3616,4392,4393,4394,4395,4396,4397,4398,4399,4400,4401,4402,4403,
236;1;4674;4757;0;9,15,24,93,95,102,137,139,144,149,225,251,262,271,277,288,382,390,395,396,400,404,438,591,609,647,677,715,838,854,871,875,927,948,949,1050,1117,1145,1146,1149,1171,1280,1361,1390,1474,1481,1531,1604,1669,1671,1814,1921,1936,2132,2475,2626,2638,2651,2661,2695,2708,3037,3136,3263,3345,3581,4791,5525,5538,5637,5722,5869,6022,6024,6311,6312,6313,6723,6724,6725,
1106;0;4757;4892;0;9,15,24,93,95,102,137,139,144,146,149,225,251,262,271,277,288,382,390,395,396,398,400,404,436,438,591,609,647,677,715,838,854,871,875,927,948,949,1117,1145,1146,1149,1171,1280,1361,1473,1474,1479,1481,1669,1671,1814,1920,1921,1936,2475,2626,2695,3037,3263,3345,3581,4405,4473,4675,4964,4965,4966,4967,4971,4972,4973,4974,5525,5538,5637,5722,5869,6022,6311,
92;0;4892;5013;0;9,15,24,93,95,102,137,139,144,149,225,262,271,276,277,288,343,382,390,395,400,404,591,609,647,677,691,715,766,769,838,843,854,858,927,948,949,1117,1146,1171,1361,1474,1481,1669,1671,1814,1920,1921,1936,2475,2594,2626,2637,2692,2695,3037,3152,3263,3345,3618,4408,5525,5538,5637,5869,6022,6311,7222,7223,7224,7225,7226,7227,7228,7229,7230,7231,7232,7233,7234,
92;1;5013;5024;0;9,15,24,93,95,102,137,139,144,145,149,225,233,262,271,276,277,288,314,321,343,382,390,395,400,404,429,591,609,640,647,677,691,715,766,769,838,843,854,858,927,948,949,1117,1146,1171,1361,1474,1481,1484,1669,1671,1814,1920,1921,1936,2128,2475,2594,2626,2637,2692,2695,3037,3152,3263,3345,3618,4408,4749,5525,5538,5637,5869,6022,6311,7222,7223,7224,7225,
1081;0;5024;5139;0;3,9,15,24,26,66,102,137,139,144,156,202,205,206,225,271,276,277,288,333,382,395,400,404,429,480,487,503,510,516,591,598,715,769,838,948,949,964,965,1133,1146,1171,1233,1242,1282,1293,1361,1474,1478,1480,1481,1587,1633,1671,1749,1814,1858,1920,1921,2053,2163,2849,2957,3037,3049,3413,3627,3835,4026,4184,4471,4553,5869,6015,6022,7363,8077,8532,8576,8577,
163;0;5139;5207;0;3,9,15,24,26,66,102,137,139,144,156,202,205,206,225,271,276,277,288,333,382,395,400,404,429,480,487,503,510,516,591,598,715,769,838,948,949,964,965,1133,1146,1171,1233,1242,1282,1293,1361,1474,1478,1480,1481,1587,1633,1671,1749,1814,1858,1920,1921,2053,2163,2849,2957,3037,3049,3413,3627,3835,4026,4184,4471,4553,5869,6015,6022,7363,8077,8532,8576,8577,
163;1;5207;5241;0;3,9,15,24,26,66,102,137,139,144,156,202,205,206,225,271,276,277,288,333,382,395,400,404,429,480,487,503,510,516,591,598,715,769,838,948,949,964,965,1133,1146,1171,1233,1242,1282,1293,1361,1474,1478,1480,1481,1587,1633,1671,1749,1814,1858,1920,1921,2053,2163,2849,2957,3037,3049,3413,3627,3835,4026,4184,4471,4553,5869,6015,6022,7363,8077,8532,8576,8577,
871;0;5241;5339;0;3,9,15,24,26,66,102,137,139,144,156,202,205,206,225,271,276,277,288,333,382,395,400,404,429,480,487,503,510,516,591,598,715,769,838,948,949,964,965,1133,1146,1171,1233,1242,1282,1293,1361,1474,1478,1480,1481,1587,1633,1671,1749,1814,1858,1920,1921,2053,2163,2849,2957,3037,3049,3413,3627,3835,4026,4184,4471,4553,5869,6015,6022,7363,8077,8532,8576,8577,
795;0;5339;5435;0;3,9,15,24,26,66,102,137,139,144,156,202,205,206,225,271,276,277,288,333,382,395,400,404,429,480,487,503,510,516,591,598,715,769,838,948,949,964,965,1133,1146,1171,1233,1242,1282,1293,1361,1474,1478,1480,1481,1587,1633,1671,1749,1814,1858,1920,1921,2053,2163,2849,2957,3037,3049,3413,3627,3835,4026,4184,4471,4553,5869,6015,6022,7363,8077,8532,8576,8577,
1100;0;5435;5526;0;3,9,15,24,26,66,102,137,139,144,156,202,205,206,225,271,276,277,288,333,382,395,400,404,429,480,487,503,510,516,591,598,715,769,838,948,949,964,965,1133,1146,1171,1233,1242,1282,1293,1361,1474,1478,1480,1481,1587,1633,1671,1749,1814,1858,1920,1921,2053,2163,2849,2957,3037,3049,3413,3627,3835,4026,4184,4471,4553,5869,6015,6022,7363,8077,8532,8576,8577,
260;0;5760;5796;0;3,9,15,24,26,66,102,137,139,144,202,205,225,271,276,277,288,289,292,333,351,382,395,400,404,429,480,503,591,715,769,838,912,948,949,1055,1133,1146,1167,1170,1171,1200,1233,1282,1293,1361,1474,1478,1480,1481,1587,1671,1749,1814,1834,1835,1836,1840,1843,1920,2053,2163,2247,2370,2957,3037,3049,3249,4026,4184,4471,4500,4553,4575,5742,5792,5834,5835,5869,6022,
260;1;5796;5847;0;3,9,15,24,26,102,137,139,144,202,205,225,271,276,288,289,292,333,351,382,395,400,404,429,480,591,715,769,838,912,948,949,1133,1146,1167,1170,1171,1200,1233,1282,1293,1361,1474,1476,1478,1480,1481,1556,1587,1671,1749,1814,1920,2053,2163,2645,2774,2778,3037,3049,3099,3120,4026,4471,4553,4567,4609,4627,4759,4760,4761,4762,4763,4764,4765,4766,4767,4768,5869,6022,
798;0;5847;5925;0;3,9,10,15,24,26,102,137,139,144,202,205,225,271,276,288,289,292,333,351,382,395,400,404,429,480,591,715,769,838,912,948,949,1118,1133,1146,1167,1170,1171,1200,1233,1282,1293,1359,1361,1474,1476,1478,1480,1481,1556,1587,1671,1749,1814,1920,2053,2163,2455,2645,2774,2775,2776,2778,3037,3049,3099,3120,4026,4471,4553,4567,4609,4627,5351,5432,5433,5434,5869,6022,
1084;0;5925;6000;0;3,9,10,15,24,26,102,137,139,144,202,205,225,271,276,288,289,292,333,351,382,395,400,404,429,480,591,632,715,769,838,912,948,949,1118,1133,1146,1167,1170,1171,1196,1200,1233,1282,1293,1359,1361,1474,1476,1478,1480,1481,1556,1587,1651,1671,1749,1814,1920,2053,2163,2455,2645,2774,2775,2776,2778,3037,3049,3099,4026,4471,4553,4609,4627,5432,5869,6022,6745,7159,
49;0;6000;6011;0;3,9,10,15,24,26,102,137,139,144,202,205,225,271,276,288,289,292,333,351,382,395,397,400,404,429,480,591,632,715,769,838,912,948,949,1118,1133,1146,1167,1170,1171,1196,1200,1233,1282,1293,1359,1361,1474,1476,1478,1480,1481,1521,1556,1587,1651,1671,1749,1814,1920,2053,2163,2455,2645,2774,2775,2776,2778,3037,3049,3099,4026,4471,4553,4609,4627,5432,5869,6022,
49;1;6011;6059;0;3,24,26,102,137,139,144,202,225,276,288,289,333,395,400,404,429,480,632,715,769,771,838,912,948,1118,1133,1146,1167,1170,1171,1196,1200,1204,1233,1293,1359,1474,1478,1481,1521,1529,1587,1671,1749,1920,2053,2163,2460,2602,2605,2628,2645,2650,2679,2681,2774,2775,2778,2984,3049,4412,4449,4471,4553,4945,5530,5859,5868,5869,6022,7301,7653,7826,7871,8583,8682,8683,8684,8685,
350;0;6059;6081;0;3,24,26,102,137,139,144,202,225,276,288,289,333,374,395,400,404,429,480,632,715,769,771,838,912,948,1118,1133,1146,1167,1170,1171,1196,1200,1204,1233,1293,1359,1425,1474,1478,1481,1521,1529,1587,1671,1749,1920,2053,2163,2460,2602,2605,2628,2645,2650,2679,2681,2774,2775,2778,2984,3049,3577,3578,3579,4412,4449,4471,4553,4945,5530,5859,5868,5869,6022,7301,7653,7871,8583,
350;1;6081;6113;0;3,24,26,102,137,139,144,192,202,225,276,288,289,333,374,395,400,404,429,480,495,632,715,769,771,838,912,948,1118,1133,1146,1167,1170,1171,1196,1200,1204,1233,1293,1359,1425,1474,1478,1481,1521,1529,1587,1671,1749,1849,1920,2053,2163,2216,2460,2485,2602,2628,2645,2650,2679,2774,2775,2778,2984,3049,3577,4357,4471,4489,4553,5110,5530,5868,5869,6022,6766,7653,7871,8583,
1210;0;6113;6164;0;3,24,26,79,102,137,139,144,189,192,202,225,276,288,289,333,374,395,400,404,429,480,491,495,578,632,715,769,838,912,948,979,1118,1133,1146,1167,1170,1171,1196,1200,1233,1293,1359,1425,1474,1478,1481,1521,1529,1587,1671,1749,1849,1920,2053,2163,2485,2602,2628,2645,2650,2679,2774,2775,2778,2984,3049,3577,4135,4471,4553,4913,5530,5868,5869,6022,7653,7871,8583,8695,
829;0;6164;6212;0;3,24,26,79,97,102,137,139,144,189,192,202,225,276,288,289,305,333,374,395,400,404,429,480,491,495,578,632,715,769,838,912,948,979,1118,1133,1146,1167,1170,1171,1196,1200,1233,1293,1359,1425,1474,1478,1481,1521,1529,1587,1671,1749,1849,1920,2053,2163,2485,2602,2628,2645,2650,2679,2774,2775,2778,2984,3049,3577,4135,4471,4553,5530,5868,5869,6022,7653,7871,8583,
1031;0;6212;6246;0;3,24,26,97,100,117,137,139,144,202,225,276,288,305,333,395,404,429,480,608,715,769,838,854,912,927,948,1118,1133,1146,1167,1170,1171,1200,1233,1293,1308,1343,1359,1474,1478,1481,1502,1521,1671,1749,1809,1914,1915,1920,1922,2053,2091,2094,2163,2337,2339,2492,2602,2628,2695,2696,2783,3013,3049,4161,4471,4553,5206,6184,7408,7653,7664,7665,7666,7680,7681,7682,7683,8583,
1098;0;6246;6277;0;3,24,26,97,100,117,137,139,144,202,225,276,288,305,333,395,404,429,480,608,715,769,838,854,912,927,948,1118,1133,1146,1167,1170,1171,1200,1233,1293,1308,1343,1359,1474,1478,1481,1502,1521,1671,1749,1809,1914,1915,1920,1922,2053,2091,2094,2163,2337,2339,2492,2602,2628,2695,2696,3049,3178,3232,3538,3665,3673,4471,4553,5088,5984,5992,6468,6584,7154,7408,7653,8583,8703,
1001;0;6277;6302;0;3,24,26,97,100,117,137,139,144,202,225,276,288,305,333,395,404,429,480,608,715,769,838,854,912,927,948,1118,1133,1146,1167,1170,1171,1200,1233,1293,1308,1343,1359,1474,1478,1481,1502,1521,1671,1749,1809,1914,1915,1920,1922,2053,2091,2094,2163,2337,2339,2492,2602,2628,2695,2696,2738,3049,3178,3232,3538,3665,3673,4471,4553,5088,5984,5992,6468,6517,6644,7408,7653,8583,
1217;0;6302;6318;0;3,24,26,95,97,100,117,137,139,144,202,225,276,288,305,333,390,395,401,402,404,429,480,608,640,645,715,769,838,854,912,927,948,1057,1118,1133,1146,1167,1170,1171,1200,1233,1293,1359,1474,1475,1478,1481,1502,1521,1671,1749,1809,1915,1920,1922,1933,2053,2091,2094,2103,2104,2108,2163,2337,2339,2492,2602,2628,2696,3049,3178,3665,3673,4471,4553,5992,7408,7653,8583,
1161;0;6318;6323;0;3,24,26,95,97,100,137,139,144,202,225,276,288,305,333,390,395,402,429,480,640,645,715,838,854,912,948,1118,1133,1146,1147,1167,1170,1171,1200,1233,1293,1348,1359,1474,1478,1481,1502,1521,1528,1749,1809,2053,2163,2337,2339,2492,2589,2602,2627,2628,2696,2779,2808,3049,3745,4471,4553,5531,5532,7318,7460,7653,7816,7886,8391,8583,8978,8979,8980,8981,8982,8983,8984,8985,
1181;0;6323;6385;1;3,24,26,28,95,97,100,137,139,144,152,202,225,276,288,305,333,390,395,402,412,429,480,640,645,715,838,854,912,948,1118,1133,1146,1147,1167,1170,1171,1200,1225,1233,1293,1348,1359,1474,1478,1481,1502,1521,1528,1749,1809,2053,2163,2337,2339,2492,2589,2602,2627,2628,2696,2779,2808,2958,3022,3049,3745,4377,4378,4471,4553,5531,5532,7318,7460,7653,7816,7886,8391,8583,
299;0;6385;6407;1;3,24,26,28,95,97,100,137,139,144,152,202,225,276,288,305,333,390,395,402,412,429,480,640,645,677,715,838,854,912,948,1118,1133,1146,1147,1167,1170,1171,1200,1225,1233,1293,1348,1359,1474,1478,1481,1502,1521,1528,1749,1809,1972,2053,2163,2337,2339,2492,2589,2602,2626,2627,2628,2646,2649,2678,2696,2779,2808,3049,3745,4471,4553,5525,5538,5723,7320,7460,7653,7654,
299;1;6407;6449;1;3,24,26,28,95,97,100,137,139,144,149,202,225,276,288,305,308,333,390,391,395,402,412,429,480,640,645,677,715,838,854,891,912,938,948,1056,1117,1118,1133,1146,1147,1148,1164,1165,1166,1167,1169,1170,1171,1172,1176,1200,1233,1293,1359,1467,1474,1478,1481,1502,1521,1749,1809,2053,2163,2337,2339,2492,2626,2627,2628,2678,2696,3049,4471,4553,5525,5538,5723,7460,
899;0;6449;6515;1;3,17,24,26,40,46,74,78,95,97,139,202,234,267,268,272,273,287,305,359,395,528,529,838,892,912,1133,1166,1200,1233,1268,1277,1285,1287,1288,1289,1293,1295,1478,1493,1513,1702,1728,1729,1779,1783,1812,1973,2053,2163,2175,2263,2282,2365,2371,2405,2471,2968,3000,3049,3056,3436,3437,3438,3439,3440,3441,3442,3443,3444,3445,3701,3702,3703,3716,3717,4109,4117,4118,4471,
1171;0;6515;6583;1;3,17,24,26,40,46,74,78,95,97,139,202,234,267,268,272,273,287,305,359,395,528,529,838,892,912,1133,1166,1200,1233,1268,1277,1285,1287,1288,1289,1293,1295,1478,1493,1513,1702,1728,1729,1779,1783,1812,1973,2053,2163,2175,2263,2282,2365,2371,2405,2471,2968,3000,3049,3056,3436,3437,3438,3439,3440,3441,3442,3443,3444,3445,3701,3702,3703,3716,3717,4109,4117,4118,4471,
1185;0;6583;6652;1;3,17,24,26,40,46,74,78,95,97,139,202,234,267,268,272,273,287,305,359,395,528,529,838,892,912,1133,1166,1200,1233,1268,1277,1285,1287,1288,1289,1293,1295,1478,1493,1513,1702,1728,1729,1779,1783,1812,1973,2053,2163,2175,2263,2282,2365,2371,2405,2471,2968,3000,3049,3056,3436,3437,3438,3439,3440,3441,3442,3443,3444,3445,3701,3702,3703,3716,3717,4109,4117,4118,4471,
787;0;7200;7273;1;3,17,24,26,40,46,74,78,95,97,139,144,202,225,234,267,268,272,273,287,305,333,359,395,528,529,838,892,912,948,1133,1166,1200,1233,1236,1268,1277,1285,1287,1288,1289,1293,1295,1478,1493,1513,1702,1728,1729,1749,1779,1783,1812,1973,2053,2163,2175,2263,2282,2365,2371,2405,2471,2968,3000,3049,3056,3436,3437,3438,3439,3440,3441,3442,3443,3444,3702,3703,4471,4553,
827;0;7273;7347;1;3,17,20,24,25,26,38,40,46,52,74,76,78,95,97,139,144,202,225,234,267,268,272,273,287,305,333,359,395,480,528,529,838,892,912,948,1133,1166,1200,1233,1236,1268,1277,1285,1287,1288,1289,1293,1295,1478,1493,1513,1702,1707,1728,1729,1749,1779,1783,1812,1973,2053,2163,2175,2263,2282,2365,2371,2405,2471,2968,3000,3049,3056,3436,3437,3438,3702,3703,4553,
1020;0;7347;7423;1;3,17,20,24,25,26,38,40,46,52,74,76,78,95,97,139,144,202,225,234,267,268,272,273,287,305,333,359,395,480,528,529,838,892,912,948,1133,1166,1200,1233,1236,1268,1277,1285,1287,1288,1289,1293,1295,1478,1493,1513,1702,1707,1728,1729,1749,1779,1783,1812,1973,2053,2163,2175,2263,2282,2365,2371,2405,2471,2968,3000,3049,3056,3436,3437,3702,3703,4553,6849,
1018;0;7423;7499;1;3,17,20,24,25,26,38,40,46,52,74,76,78,95,97,100,139,144,202,225,234,267,268,272,273,287,305,333,359,395,480,528,529,609,666,715,838,862,892,948,1166,1233,1236,1268,1277,1287,1288,1289,1293,1295,1346,1365,1478,1481,1513,1599,1779,1783,1973,2175,2339,2405,2475,2678,2689,2968,3049,3702,3703,4553,4645,5525,5530,5538,5637,5869,6311,6314,6322,7871,
73;0;7499;7532;1;3,17,24,26,38,40,95,100,139,144,145,202,225,234,289,290,395,400,429,480,528,529,609,644,647,666,715,823,824,892,931,948,1117,1118,1236,1277,1287,1288,1289,1293,1295,1478,1481,1779,1783,1973,2391,2573,2645,2678,2696,2774,2775,2777,2778,2816,2968,3019,3263,4553,4604,4605,4606,4771,4855,5299,5329,5523,5525,5530,5637,5869,6311,7055,8569,9121,9123,9124,9144,9145,
73;1;7532;7576;1;1,3,8,17,24,26,38,40,95,100,139,142,144,202,225,234,289,290,323,390,395,400,402,405,429,480,528,529,609,644,645,647,648,666,715,892,897,931,948,1056,1062,1117,1118,1229,1236,1277,1287,1288,1289,1293,1295,1397,1472,1474,1478,1481,1502,1620,1681,1682,1683,1779,1783,1973,2391,2645,2678,2774,2775,2778,2816,2968,3263,4553,4605,5525,5530,5637,5869,6311,
1093;0;7576;7653;1;1,3,8,17,24,26,38,40,95,100,139,142,144,202,225,234,249,289,290,323,390,395,400,402,405,429,480,528,529,609,644,645,647,648,655,662,666,715,931,948,1056,1062,1117,1118,1229,1236,1277,1287,1288,1289,1293,1295,1472,1474,1478,1481,1502,1682,1683,1779,1783,1973,2391,2512,2645,2678,2774,2775,2778,2816,2968,3263,3577,4553,4605,5525,5530,5637,5869,6311,
786;0;7653;7732;1;3,8,17,24,26,38,40,95,100,139,142,144,202,225,234,249,289,290,390,395,400,405,429,480,528,529,609,644,645,647,648,666,715,931,948,1056,1062,1117,1118,1229,1236,1277,1287,1288,1289,1293,1295,1472,1474,1478,1481,1502,1682,1683,1779,1783,1973,2391,2645,2678,2774,2775,2778,2816,2845,2968,3060,3263,4553,4605,5525,5530,5637,5779,5869,6311,6865,6866,6867,7709,
995;0;7732;7813;1;3,8,17,24,26,38,40,95,100,139,142,144,202,205,210,225,248,289,290,390,395,400,429,522,528,529,581,609,632,644,645,647,666,715,803,931,948,1056,1117,1118,1196,1236,1277,1287,1288,1289,1293,1295,1425,1478,1481,1560,1779,1783,1936,1973,2201,2315,2391,2564,2645,2678,2774,2775,2778,2816,2968,3263,3345,3883,3886,4225,4230,4553,5180,5525,5530,5637,5869,6311,
1074;0;7813;7897;1;3,8,17,24,26,38,40,95,100,139,142,144,202,210,225,248,289,290,390,395,400,429,479,504,528,529,581,609,632,644,645,647,666,715,803,931,948,1056,1117,1118,1143,1196,1236,1277,1287,1288,1289,1293,1295,1463,1478,1481,1558,1779,1783,1936,1973,2315,2391,2413,2564,2645,2678,2774,2775,2778,2816,2836,2876,2941,2942,2968,3263,4283,4553,5525,5530,5637,5869,6311,
206;0;7897;7929;1;3,55,100,137,144,178,225,231,248,251,276,290,321,396,438,559,632,854,855,931,1027,1118,1145,1146,1269,1270,1271,1275,1277,1280,1284,1287,1289,1290,1293,1295,1304,1322,1463,1476,1669,1809,1941,1942,1943,1944,1945,2092,2305,2337,2391,2645,2678,2774,2775,2778,2951,3099,3263,3267,3268,3651,3970,4334,4424,4545,4553,4600,4740,5053,5340,5685,5901,6475,7368,7372,7403,7404,7405,7406,
206;1;7929;7983;1;3,55,100,137,144,178,225,231,248,251,276,290,321,396,438,559,632,854,855,931,1027,1118,1145,1146,1269,1270,1271,1275,1277,1280,1284,1287,1289,1290,1293,1295,1304,1322,1463,1476,1669,1809,1941,1942,1943,1944,1945,2092,2305,2337,2391,2645,2678,2774,2775,2778,2951,3099,3263,3267,3268,3651,3970,4334,4424,4545,4553,4600,4740,5053,5340,5685,5901,6475,7368,7372,7403,7404,7405,7406,
810;0;7983;8072;1;3,55,100,137,144,178,225,231,248,251,276,290,321,396,438,559,632,854,855,931,1027,1118,1145,1146,1269,1270,1271,1275,1277,1280,1284,1287,1289,1290,1293,1295,1304,1322,1463,1476,1669,1809,1941,1942,1943,1944,1945,2092,2305,2337,2391,2645,2678,2774,2775,2778,2951,3099,3263,3267,3268,3651,3970,4334,4424,4545,4553,4600,4740,5053,5340,5685,5901,6475,7368,7372,7403,7404,7405,7406,
1050;0;8072;8162;1;3,55,100,137,144,178,225,231,248,251,276,290,321,396,438,559,632,854,855,931,1027,1118,1145,1146,1269,1270,1271,1275,1277,1280,1284,1287,1289,1290,1293,1295,1304,1322,1463,1476,1669,1809,1941,1942,1943,1944,1945,2092,2305,2337,2391,2645,2678,2774,2775,2778,2951,3099,3263,3267,3268,3651,3970,4334,4424,4545,4553,4600,4740,5053,5340,5685,5901,6475,7368,7372,7403,7404,7405,7406,
974;0;8162;8256;1;3,55,100,137,144,178,225,231,248,251,276,290,321,396,438,559,632,854,855,931,1027,1118,1145,1146,1269,1270,1271,1275,1277,1280,1284,1287,1289,1290,1293,1295,1304,1322,1463,1476,1669,1809,1941,1942,1943,1944,1945,2092,2305,2337,2391,2645,2678,2774,2775,2778,2951,3099,3263,3267,3268,3651,3970,4334,4424,4545,4553,4600,4740,5053,5340,5685,5901,6475,7368,7372,7403,7404,7405,7406,
1148;0;8256;8353;1;3,55,100,137,144,178,225,231,248,251,276,290,321,396,438,559,632,854,855,931,1027,1118,1145,1146,1269,1270,1271,1275,1277,1280,1284,1287,1289,1290,1293,1295,1304,1322,1463,1476,1669,1809,1941,1942,1943,1944,1945,2092,2305,2337,2391,2645,2678,2774,2775,2778,2951,3099,3263,3267,3268,3651,3970,4334,4424,4545,4553,4600,4740,5053,5340,5685,5901,6475,7368,7372,7403,7404,7405,7406,
1108;0;8353;8451;1;3,55,100,137,144,178,225,231,248,251,276,290,321,396,438,559,632,854,855,931,1027,1118,1145,1146,1269,1270,1271,1275,1277,1280,1284,1287,1289,1290,1293,1295,1304,1322,1463,1476,1669,1809,1941,1942,1943,1944,1945,2092,2305,2337,2391,2645,2678,2774,2775,2778,2951,3099,3263,3267,3268,3651,3970,4334,4424,4545,4553,4600,4740,5053,5340,5685,5901,6475,7368,7372,7403,7404,7405,7406,
788;0;8451;8552;1;3,55,100,137,144,178,225,231,248,251,276,290,321,396,438,559,632,854,855,931,1027,1118,1145,1146,1269,1270,1271,1275,1277,1280,1284,1287,1289,1290,1293,1295,1304,1322,1463,1476,1669,1809,1941,1942,1943,1944,1945,2092,2305,2337,2391,2645,2678,2774,2775,2778,2951,3099,3263,3267,3268,3651,3970,4334,4424,4545,4553,4600,4740,5053,5340,5685,5901,6475,7368,7372,7403,7404,7405,7406,
818;0;8640;8743;1;3,55,100,137,144,178,225,231,248,251,276,290,321,396,438,559,632,854,855,931,1027,1118,1145,1146,1269,1270,1271,1275,1277,1280,1282,1284,1287,1289,1290,1292,1293,1295,1304,1322,1332,1333,1463,1476,1669,1809,1941,1942,1943,1944,1945,2092,2101,2190,2305,2337,2391,2645,2678,2774,2775,2778,2951,3099,3263,3267,3268,3651,3970,4334,4424,4450,4545,4553,4600,4740,5053,5340,5685,7153,
1196;0;8743;8848;1;3,51,55,100,137,144,178,225,231,248,251,276,290,321,396,438,559,632,854,855,931,1027,1089,1118,1145,1146,1269,1270,1271,1275,1277,1280,1282,1284,1287,1289,1290,1292,1293,1295,1304,1322,1332,1333,1463,1476,1669,1716,1809,1941,1942,1943,1944,1945,2092,2101,2190,2305,2337,2391,2645,2678,2774,2775,2778,2951,3099,3263,3267,3268,3651,3970,3984,3985,4334,4545,4553,4600,5053,5685,
1089;0;8848;8953;1;3,51,55,100,137,144,178,225,231,248,251,276,290,321,396,438,559,632,854,855,931,1027,1089,1118,1145,1146,1269,1270,1271,1275,1277,1280,1282,1284,1287,1289,1290,1292,1293,1295,1304,1322,1332,1333,1463,1476,1669,1716,1809,1941,1942,1943,1944,1945,2092,2101,2190,2305,2337,2391,2645,2678,2774,2775,2778,2951,3099,3263,3267,3268,3651,3970,3984,4334,4545,4553,4600,5053,5685,7262,
1140;0;8953;9059;1;3,51,55,100,137,144,178,225,231,245,248,251,276,290,321,396,438,559,632,773,854,855,863,931,1027,1089,1118,1145,1146,1269,1270,1271,1275,1277,1280,1282,1284,1287,1289,1290,1292,1293,1295,1304,1322,1332,1333,1463,1476,1669,1716,1809,1941,1942,1943,1944,1945,2092,2190,2318,2337,2391,2645,2678,2774,2775,2778,2951,2962,3263,3581,4334,4545,4553,4600,5053,5685,7804,7805,8190,
1116;0;9059;9168;1;3,51,55,100,137,144,178,225,231,245,248,251,276,290,321,396,438,559,632,773,854,855,863,931,1027,1089,1118,1145,1146,1269,1270,1271,1275,1277,1280,1282,1284,1287,1289,1290,1292,1293,1295,1304,1322,1332,1333,1463,1476,1669,1716,1809,1941,1942,1943,1944,1945,2092,2190,2318,2337,2391,2645,2678,2774,2775,2778,2951,2962,3263,4334,4545,4553,4600,5053,5685,7804,7805,8190,8289,
790;0;9168;9278;1;3,100,137,144,178,198,225,231,245,247,248,251,276,529,557,559,727,773,854,855,863,875,1027,1089,1118,1145,1146,1269,1270,1275,1280,1282,1284,1287,1288,1290,1293,1322,1577,1669,1775,1776,1777,1778,1779,1780,1781,1782,1783,1784,1785,1786,1787,1788,1789,1790,1791,1792,1793,1794,1795,1809,1942,1943,1944,1945,2337,2645,2678,2774,2775,2778,2962,3263,4545,4553,5685,7804,7805,8190,
903;0;9278;9390;1;3,7,24,38,40,95,137,139,144,178,189,210,248,308,390,398,581,647,694,715,722,765,803,863,871,872,873,874,891,1027,1048,1051,1054,1118,1142,1145,1146,1358,1445,1456,1460,1461,1481,1604,1701,1807,1814,1898,1942,1943,1945,1970,1971,1979,2273,2315,2536,2564,2625,2635,2653,2678,2922,2968,3037,3861,4026,4376,5097,5098,5099,5100,5525,5722,6025,6114,6225,6449,6512,6513,
286;0;9390;9520;0;3,7,24,38,40,95,137,139,144,178,189,210,248,308,390,398,581,647,694,715,722,765,803,863,871,872,873,874,891,1027,1048,1051,1054,1118,1142,1145,1146,1358,1445,1456,1460,1461,1481,1604,1701,1807,1814,1898,1942,1943,1945,1970,1971,1979,2273,2315,2536,2564,2625,2635,2653,2678,2922,2968,3037,3861,4026,4376,5097,5098,5099,5100,5525,5722,6025,6114,6225,6449,6512,6513,
286;1;9520;9624;0;3,7,24,38,40,95,137,139,144,178,189,210,248,308,390,398,581,647,694,715,722,765,803,863,871,872,873,874,891,1027,1048,1051,1054,1118,1142,1145,1146,1358,1445,1456,1460,1461,1481,1604,1701,1807,1814,1898,1942,1943,1945,1970,1971,1979,2273,2315,2536,2564,2625,2635,2653,2678,2922,2968,3037,3861,4026,4376,5097,5098,5099,5100,5525,5722,6025,6114,6225,6449,6512,6513,
1070;0;9624;9739;1;3,7,24,38,40,95,137,139,144,178,189,210,248,308,390,398,581,647,694,715,722,765,803,863,871,872,873,874,891,1027,1048,1051,1054,1118,1142,1145,1146,1358,1445,1456,1460,1461,1481,1604,1701,1807,1814,1898,1942,1943,1945,1970,1971,1979,2273,2315,2536,2564,2625,2635,2653,2678,2922,2968,3037,3861,4026,4376,5097,5098,5099,5100,5525,5722,6025,6114,6225,6449,6512,6513,
1107;0;9739;9856;1;3,7,24,38,40,95,137,139,144,178,189,210,248,308,390,398,581,647,694,715,722,765,803,863,871,872,873,874,891,1027,1048,1051,1054,1118,1142,1145,1146,1358,1445,1456,1460,1461,1481,1604,1701,1807,1814,1898,1942,1943,1945,1970,1971,1979,2273,2315,2536,2564,2625,2635,2653,2678,2922,2968,3037,3861,4026,4376,5097,5098,5099,5100,5525,5722,6025,6114,6225,6449,6512,6513,
1163;0;9856;9975;1;3,7,24,38,40,95,137,139,144,178,189,210,248,308,390,398,581,647,694,715,722,765,803,863,871,872,873,874,891,1027,1048,1051,1054,1118,1142,1145,1146,1358,1445,1456,1460,1461,1481,1604,1701,1807,1814,1898,1942,1943,1945,1970,1971,1979,2273,2315,2536,2564,2625,2635,2653,2678,2922,2968,3037,3861,4026,4376,5097,5098,5099,5100,5525,5722,6025,6114,6225,6449,6512,6513,
1178;0;9975;10095;1;3,7,24,38,40,95,137,139,144,178,189,210,248,308,390,398,581,647,694,715,722,765,803,863,871,872,873,874,891,1027,1048,1051,1054,1118,1142,1145,1146,1358,1445,1456,1460,1461,1481,1604,1701,1807,1814,1898,1942,1943,1945,1970,1971,1979,2273,2315,2536,2564,2625,2635,2653,2678,2922,2968,3037,3861,4026,4376,5097,5098,5099,5100,5525,5722,6025,6114,6225,6449,6512,6513,
773;0;10095;10216;1;3,7,24,38,40,95,103,137,139,144,178,189,210,248,308,390,398,581,609,647,666,694,715,722,765,803,863,871,872,873,874,891,1027,1041,1048,1051,1054,1118,1142,1145,1146,1358,1445,1456,1460,1461,1481,1604,1701,1807,1814,1945,2052,2273,2315,2564,2625,2628,2642,2650,2653,2678,3037,3861,5230,5392,5525,5530,5637,5722,5723,5869,6022,6225,6311,6312,6313,7582,8790,8791,
312;0;10216;10269;1;3,7,24,38,40,95,103,137,139,144,178,189,210,248,308,390,398,581,609,647,666,694,715,722,765,803,863,871,872,873,874,891,1027,1041,1048,1051,1054,1118,1142,1145,1146,1358,1445,1456,1460,1461,1481,1604,1701,1807,1814,1945,2052,2273,2315,2564,2625,2628,2642,2650,2653,2678,3037,3861,5230,5392,5525,5530,5637,5722,5723,5869,6022,6225,6311,6312,6729,7171,7582,7933,
312;1;10269;10338;1;3,7,24,38,40,79,95,103,137,139,144,170,178,189,210,248,308,390,398,581,609,647,666,694,715,722,765,803,863,871,872,873,874,891,968,1027,1031,1041,1048,1051,1054,1118,1142,1145,1146,1358,1445,1456,1460,1461,1481,1604,1701,1807,1814,1945,2052,2168,2273,2315,2564,2625,2628,2642,2650,2653,2678,3037,3331,3775,3861,5525,5530,5723,5804,5805,5869,6022,6729,7582,
1232;0;10338;10463;1;3,7,24,38,40,79,95,103,137,139,144,170,178,189,210,248,308,390,398,581,609,647,666,694,715,722,762,765,803,863,871,872,873,874,891,968,1027,1031,1041,1048,1051,1054,1118,1142,1145,1146,1358,1445,1456,1460,1461,1481,1604,1701,1807,1814,1945,2052,2168,2273,2315,2564,2625,2628,2642,2650,2653,2678,3037,3331,3775,3861,5525,5530,5723,5804,5869,6022,6729,7582,
186;0;10463;10572;1;3,7,24,79,95,137,139,144,226,230,248,308,329,379,390,395,398,581,640,647,694,715,854,863,891,1048,1051,1054,1060,1117,1118,1146,1147,1360,1361,1375,1428,1478,1481,1669,1675,1762,1814,1944,1973,2224,2273,2315,2321,2564,2625,2628,2653,2678,2781,2891,3037,3279,3284,3744,4533,4545,4553,5185,5525,5530,5723,5869,6022,6729,7575,7582,8449,8739,8740,8741,8742,8743,8744,8745,
186;1;10572;10591;1;3,7,24,79,95,137,139,144,182,226,230,248,301,308,322,329,379,390,391,395,398,429,581,640,647,694,715,775,854,855,863,891,948,1048,1051,1054,1060,1117,1118,1146,1147,1163,1236,1361,1478,1481,1484,1669,1675,1814,1944,1973,2223,2224,2273,2315,2394,2564,2625,2628,2653,2678,2816,2892,2910,3037,4094,4553,4821,5155,5432,5525,5530,5706,5723,5739,5869,6022,6729,7582,
307;0;10591;10617;1;3,7,24,79,95,137,139,144,240,248,288,291,292,308,329,351,382,390,391,395,398,429,581,640,647,694,715,854,855,863,891,948,1048,1051,1054,1060,1117,1118,1146,1163,1361,1478,1480,1481,1669,1671,1811,1814,1944,1973,2132,2223,2224,2273,2315,2492,2496,2625,2653,2678,2824,3391,3580,4553,4658,5377,5525,5648,5654,5655,5656,5657,5658,5659,5660,5661,5869,6022,6729,7582,
307;1;10617;10720;1;3,7,24,26,79,95,137,139,144,240,248,288,291,292,308,329,351,382,390,391,395,398,429,528,581,640,647,694,715,854,855,863,891,948,1048,1051,1054,1060,1117,1118,1146,1163,1269,1270,1272,1273,1275,1279,1280,1288,1293,1322,1361,1478,1480,1481,1592,1669,1671,1811,1944,1973,2223,2224,2273,2315,2625,2653,2678,2796,2888,3421,4553,5525,5869,6022,6729,7018,7059,7582,
855;0;10720;10851;1;3,5,15,27,89,95,100,137,139,144,150,187,188,225,245,266,276,288,289,308,329,390,394,395,398,400,404,412,429,509,567,588,640,647,773,854,855,858,863,948,1048,1050,1051,1060,1118,1146,1363,1470,1478,1481,1669,1671,1809,1916,1973,2134,2315,2355,2381,2425,2653,2678,2903,2962,3313,3314,3619,4553,5685,7459,7460,7461,7462,7463,7464,7465,7804,7805,8057,8190,
1010;0;10851;10982;1;3,5,15,27,89,95,100,137,139,144,150,187,188,225,245,266,276,288,289,308,329,390,394,395,398,400,404,412,429,509,567,588,640,647,773,854,855,858,863,948,1048,1050,1051,1060,1118,1146,1363,1470,1478,1481,1669,1671,1809,1916,1973,2134,2315,2355,2381,2425,2653,2678,2903,2962,3313,3314,3619,4553,5685,7459,7460,7461,7462,7463,7464,7465,7804,7805,8057,8190,
235;0;10982;11018;1;3,5,15,27,89,95,100,137,139,144,150,187,188,225,245,266,276,288,289,308,329,390,394,395,398,400,404,412,429,509,567,588,640,647,773,854,855,858,863,948,1048,1050,1051,1060,1118,1146,1363,1470,1478,1481,1669,1671,1809,1916,1973,2134,2315,2355,2381,2425,2653,2678,2903,2962,3313,3314,3619,4553,5685,7459,7460,7461,7462,7463,7464,7465,7804,7805,8057,8190,
235;1;11018;11119;1;3,5,15,27,89,95,100,137,139,144,150,187,188,225,245,266,276,288,289,308,329,390,394,395,398,400,404,412,429,509,567,588,640,647,773,854,855,858,863,948,1048,1050,1051,1060,1118,1146,1363,1470,1478,1481,1669,1671,1809,1916,1973,2134,2315,2355,2381,2425,2653,2678,2903,2962,3313,3314,3619,4553,5685,7459,7460,7461,7462,7463,7464,7465,7804,7805,8057,8190,
1220;0;11119;11258;1;3,5,15,27,89,95,100,137,139,144,150,187,188,225,245,266,276,288,289,308,329,390,394,395,398,400,404,412,429,509,567,588,640,647,773,854,855,858,863,948,1048,1050,1051,1060,1118,1146,1363,1470,1478,1481,1669,1671,1809,1916,1973,2134,2315,2355,2381,2425,2653,2678,2903,2962,3313,3314,3619,4553,5685,7459,7460,7461,7462,7463,7464,7465,7804,7805,8057,8190,
54;0;11258;11308;1;3,5,15,27,89,95,100,137,139,144,150,187,188,225,245,266,276,288,289,308,329,390,394,395,398,400,404,412,429,509,567,588,640,647,773,854,855,858,863,948,1048,1050,1051,1060,1118,1146,1363,1470,1478,1481,1669,1671,1809,1916,1973,2134,2315,2355,2381,2425,2653,2678,2903,2962,3313,3314,3619,4553,5685,7459,7460,7461,7462,7463,7464,7465,7804,7805,8057,8190,
54;1;11308;11397;1;3,5,15,27,89,95,100,137,139,144,150,187,188,225,245,266,276,288,289,308,329,390,394,395,398,400,404,412,429,509,567,588,640,647,773,854,855,858,863,948,1048,1050,1051,1060,1118,1146,1363,1470,1478,1481,1669,1671,1809,1916,1973,2134,2315,2355,2381,2425,2653,2678,2903,2962,3313,3314,3619,4553,5685,7459,7460,7461,7462,7463,7464,7465,7804,7805,8057,8190,
310;0;11397;11432;1;3,5,15,27,89,95,100,137,139,144,150,187,188,225,245,266,276,288,289,308,329,390,394,395,398,400,404,412,429,509,567,588,640,647,773,854,855,858,863,948,1048,1050,1051,1060,1118,1146,1363,1470,1478,1481,1669,1671,1809,1916,1973,2134,2315,2355,2381,2425,2653,2678,2903,2962,3313,3314,3619,4553,5685,7459,7460,7461,7462,7463,7464,7465,7804,7805,8057,8190,
310;1;11520;11625;1;3,5,8,15,27,89,95,100,137,139,142,144,150,187,188,225,245,266,276,288,289,308,329,390,394,395,398,400,404,405,412,429,509,567,588,640,644,645,646,647,648,773,854,855,858,863,948,1048,1050,1051,1056,1060,1062,1118,1146,1363,1470,1478,1481,1669,1671,1809,1916,1973,2102,2106,2134,2155,2315,2355,2381,2425,2653,2678,2903,2962,4553,7463,7804,8190,
20;0;11625;11689;1;3,5,8,15,27,89,95,100,137,139,142,144,150,169,187,188,208,225,245,251,266,276,288,289,308,329,390,394,395,400,404,408,415,429,480,518,640,644,647,648,773,854,855,863,948,987,1048,1050,1051,1056,1060,1062,1118,1146,1157,1363,1478,1481,1580,1669,1671,1895,1935,1973,2018,2106,2134,2315,2355,2412,2538,2653,2678,2765,4553,5493,5674,7463,7804,8190,
20;1;11689;11766;1;3,5,8,15,27,89,95,100,137,139,142,144,149,150,169,187,188,208,225,245,251,262,266,276,288,289,308,329,390,394,395,400,404,408,415,429,480,518,640,644,647,648,773,854,855,863,948,949,987,1048,1050,1051,1056,1060,1062,1118,1146,1157,1363,1478,1481,1580,1669,1671,1895,1935,1973,2018,2106,2134,2315,2355,2412,2538,2653,2678,4553,7463,7804,8190,
182;0;11766;11842;1;3,8,27,95,100,137,139,144,149,150,177,181,187,188,208,225,251,262,276,288,302,305,308,313,314,329,390,394,400,403,404,429,442,518,595,640,644,647,648,773,854,855,863,948,949,1048,1050,1051,1056,1060,1062,1118,1146,1157,1363,1430,1472,1474,1478,1481,1580,1669,1671,1676,1895,1922,1932,1933,1935,1973,2106,2315,2355,2653,2678,3121,3130,7463,7804,8190,
182;1;11842;11915;1;3,8,27,95,100,137,139,144,149,150,177,187,188,225,251,262,276,288,302,305,308,314,329,390,394,400,404,429,442,518,595,640,647,648,768,773,843,854,855,948,949,1048,1050,1051,1056,1118,1146,1157,1201,1430,1472,1474,1478,1481,1580,1669,1671,1676,1895,1922,1932,1933,2106,2315,2355,2399,2400,2401,2405,2499,2631,2651,2653,3152,4611,5690,5691,5692,7804,8190,
1056;0;11915;12065;1;3,8,27,95,100,117,137,139,144,149,150,177,187,188,225,231,234,251,262,276,288,302,305,308,314,329,390,394,400,404,429,442,518,595,640,647,648,768,773,838,843,854,855,948,949,1048,1050,1051,1056,1118,1146,1157,1201,1430,1472,1474,1478,1481,1580,1669,1671,1676,1895,1922,1932,1933,2106,2315,2337,2355,2399,2400,2653,4611,4630,4645,5690,5725,7804,8190,
837;0;12065;12216;1;3,8,20,27,39,95,100,137,139,144,149,177,187,188,205,225,231,234,251,262,288,302,305,308,314,329,390,394,404,429,442,483,502,503,506,559,595,640,647,773,838,854,855,948,949,989,1050,1051,1056,1063,1089,1118,1146,1157,1196,1282,1283,1284,1430,1478,1580,1676,1922,1932,1933,1936,1984,2315,2540,2555,2653,2887,2957,2959,3343,3349,4184,4867,4884,7416,
1228;0;12216;12369;1;7,8,24,27,28,44,60,66,95,139,187,329,359,390,392,394,396,501,515,640,658,864,1049,1050,1051,1053,1054,1055,1057,1058,1059,1091,1093,1118,1146,1228,1229,1277,1281,1283,1286,1304,1322,1423,1633,1851,2032,2158,2518,2537,2645,2687,2774,2775,2776,2778,2790,2941,3006,3019,3080,3126,3247,3263,3515,3721,3753,3840,4605,4946,5370,6629,7428,7994,8147,8653,8654,8655,8656,8657,
169;0;12369;12373;1;7,8,24,27,28,44,60,66,95,139,187,329,359,390,392,394,396,501,515,640,658,864,1049,1050,1051,1053,1054,1055,1057,1058,1059,1091,1093,1118,1146,1228,1229,1277,1281,1283,1286,1304,1322,1423,1633,1851,2032,2158,2518,2537,2645,2687,2774,2775,2776,2778,2790,2941,3006,3019,3080,3126,3247,3263,3515,3721,3753,3840,4605,4946,5370,6629,7428,7994,8147,8653,8654,8655,8656,8657,
169;1;12373;12525;1;7,8,24,27,28,44,60,66,95,139,187,329,359,390,392,394,396,501,515,640,658,864,1049,1050,1051,1053,1054,1055,1057,1058,1059,1091,1093,1118,1146,1228,1229,1277,1281,1283,1286,1304,1322,1423,1633,1851,2032,2158,2518,2537,2645,2687,2774,2775,2776,2778,2790,2941,3006,3019,3080,3126,3247,3263,3515,3721,3753,3840,4605,4946,5370,6629,7428,7994,8147,8653,8654,8655,8656,8657,
860;0;12525;12682;1;7,8,24,27,28,44,60,66,95,139,187,329,359,390,392,394,396,501,515,640,658,864,1049,1050,1051,1053,1054,1055,1057,1058,1059,1091,1093,1118,1146,1228,1229,1277,1281,1283,1286,1304,1322,1423,1633,1851,2032,2158,2518,2537,2645,2687,2774,2775,2776,2778,2790,2941,3006,3019,3080,3126,3247,3263,3515,3721,3753,3840,4605,4946,5370,6629,7428,7994,8147,8653,8654,8655,8656,8657,
115;0;12682;12704;1;7,8,24,27,28,44,60,66,95,139,187,329,359,390,392,394,396,501,515,640,658,864,1049,1050,1051,1053,1054,1055,1057,1058,1059,1091,1093,1118,1146,1228,1229,1277,1281,1283,1286,1304,1322,1423,1633,1851,2032,2158,2518,2537,2645,2687,2774,2775,2776,2778,2790,2941,3006,3019,3080,3126,3247,3263,3515,3721,3753,3840,4605,4946,5370,6629,7428,7994,8147,8653,8654,8655,8656,8657,
115;1;12960;13096;1;7,8,24,27,28,44,60,66,95,139,187,329,359,390,392,394,396,501,515,640,658,864,1049,1050,1051,1053,1054,1055,1057,1058,1059,1091,1093,1118,1146,1228,1229,1277,1281,1283,1286,1304,1322,1423,1633,1851,2032,2158,2518,2537,2645,2687,2774,2775,2776,2778,2790,2941,3006,3019,3080,3126,3247,3263,3310,3515,3721,3753,4605,5076,5078,5951,5952,5976,5987,5992,6355,6729,7077,7641,
305;0;13096;13149;1;3,7,8,24,27,28,44,60,66,95,139,144,148,149,187,262,275,321,329,359,390,391,392,394,396,501,515,640,658,854,855,864,911,948,1049,1050,1051,1053,1054,1055,1057,1058,1059,1091,1093,1118,1134,1146,1228,1229,1277,1281,1283,1286,1304,1322,1361,1423,1424,1502,1633,1751,1759,1808,1816,1851,2032,2223,2224,2645,2774,2778,2941,2961,3034,3263,4605,5951,5976,5987,
305;1;13149;13259;1;3,7,8,24,27,28,44,60,66,95,137,139,144,148,149,187,262,275,288,308,321,329,340,359,390,391,392,394,396,501,515,640,658,838,854,855,864,891,911,938,948,949,1049,1050,1051,1053,1054,1055,1056,1057,1058,1059,1091,1093,1117,1118,1134,1146,1163,1164,1166,1170,1176,1177,1228,1277,1322,1361,1467,1502,2224,2645,2774,2778,2941,3263,4605,5951,5976,5987,
201;0;13259;13343;1;3,7,8,24,27,28,44,60,66,95,137,139,144,148,149,187,262,275,288,308,321,329,340,359,390,391,392,394,396,501,515,640,658,838,854,855,864,891,911,938,948,949,1050,1051,1054,1093,1117,1118,1134,1146,1271,1276,1277,1287,1288,1293,1295,1322,1361,1502,2148,2224,2240,2241,2410,2418,2472,2645,2774,2778,2941,3048,3049,3050,3051,3263,4605,5951,5976,5987,
201;1;13343;13423;1;3,7,8,24,27,28,44,60,66,95,137,139,144,148,149,187,262,275,288,308,321,329,340,359,390,391,392,394,396,501,515,640,658,838,854,855,864,891,911,938,948,949,1050,1051,1054,1093,1117,1118,1134,1146,1271,1276,1277,1287,1288,1293,1295,1322,1361,1502,2148,2224,2240,2241,2410,2418,2472,2645,2774,2778,2941,3048,3263,4605,5951,5976,5987,6204,7454,8899,
341;0;13423;13491;1;3,7,8,24,27,28,44,60,66,95,137,139,144,148,149,187,262,275,288,308,321,329,340,359,390,391,392,394,396,501,515,640,658,838,854,855,864,891,911,938,948,949,1050,1051,1054,1093,1117,1118,1134,1146,1271,1276,1277,1287,1288,1293,1295,1322,1361,1502,2148,2224,2240,2241,2410,2418,2472,2645,2774,2778,2941,3048,3263,4605,5951,5976,5987,6204,7346,7347,
341;1;13491;13588;1;3,7,8,24,27,28,34,44,60,62,66,95,137,139,144,148,149,187,204,262,275,288,308,321,329,340,359,390,391,392,394,396,448,501,515,640,658,838,854,855,948,1050,1051,1054,1093,1117,1118,1134,1146,1248,1277,1287,1288,1293,1295,1322,1361,1502,1999,2006,2185,2224,2240,2241,2315,2410,2645,2774,2778,2849,2941,3263,3906,4103,4104,4105,4605,5951,5976,5987,
113;0;13588;13618;1;3,7,8,24,27,28,34,44,60,61,62,66,95,137,139,144,148,149,187,188,204,251,262,275,288,308,321,329,340,359,390,391,448,640,838,855,948,1050,1051,1054,1093,1117,1118,1134,1146,1277,1287,1288,1293,1295,1322,1361,1502,1712,1868,1936,1999,2224,2240,2241,2306,2410,2645,2774,2778,2941,3255,3263,3692,3693,3694,3695,3696,3697,3906,4103,4605,5951,5976,5987,
113;1;13618;13755;1;24,26,27,100,139,144,164,177,204,225,234,251,262,288,302,304,305,308,314,317,321,329,391,442,448,581,595,640,694,773,835,849,855,948,1117,1280,1288,1293,1295,1322,1430,1453,1529,1665,1674,1676,1680,1752,1779,1932,1933,2240,2241,2273,2286,2410,2441,2611,2626,2640,2653,2692,2774,2778,2941,3060,3263,3384,3386,3513,3514,3598,3831,3986,4462,4605,4993,5672,6961,7003,
330;0;13755;13846;1;24,26,27,100,139,144,164,177,204,225,234,251,262,288,302,304,305,308,314,317,321,329,391,442,448,581,595,640,694,773,835,849,855,948,1117,1280,1288,1293,1295,1322,1430,1453,1529,1665,1674,1676,1680,1752,1779,1932,1933,2240,2241,2273,2286,2410,2441,2611,2626,2640,2653,2692,2774,2778,2941,3060,3263,3384,3386,3513,3514,3598,3831,3986,4462,4605,4993,5672,6961,7003,
330;1;13846;13926;1;24,26,27,100,139,144,164,177,204,225,234,251,262,288,302,304,305,308,314,317,321,329,391,442,448,581,595,640,694,773,835,849,855,948,1117,1280,1288,1293,1295,1322,1430,1453,1529,1665,1674,1676,1680,1752,1779,1932,1933,2240,2241,2273,2286,2410,2441,2611,2626,2640,2653,2692,2774,2778,2941,3060,3263,3384,3386,3513,3514,3598,3831,3986,4462,4605,4993,5672,6961,7003,
261;0;13926;14056;1;24,26,27,100,139,144,164,177,204,225,234,251,262,288,302,304,305,308,314,317,321,329,391,442,448,581,595,640,694,773,835,849,855,948,1117,1280,1288,1293,1295,1322,1430,1453,1529,1665,1674,1676,1680,1752,1779,1932,1933,2240,2241,2273,2286,2410,2441,2611,2626,2640,2653,2692,2774,2778,2941,3060,3263,3384,3386,3513,3514,3598,3831,3986,4462,4605,4993,5672,6961,7003,
261;1;14056;14100;1;24,26,27,100,139,144,164,177,204,225,234,251,262,288,302,304,305,308,314,317,321,329,391,442,448,581,595,640,694,773,835,849,855,948,1117,1280,1288,1293,1295,1322,1430,1453,1529,1665,1674,1676,1680,1752,1779,1932,1933,2240,2241,2273,2286,2410,2441,2611,2626,2640,2653,2692,2774,2778,2941,3060,3263,3384,3386,3513,3514,3598,3831,3986,4462,4605,4993,5672,6961,7003,
902;0;14400;14576;1;24,26,27,53,100,139,144,164,177,204,225,234,251,262,288,302,304,305,308,314,317,321,329,391,442,448,581,640,855,948,1117,1266,1269,1280,1288,1293,1295,1322,1324,1596,1676,1783,1906,2153,2175,2240,2241,2273,2410,2419,2479,2480,2481,2485,2626,2774,2778,2941,3060,3263,3269,3306,3384,3386,3598,3604,3605,3708,3767,3807,3831,3841,4462,4605,4874,5058,5112,5463,7359,7945,
65;0;14576;14635;1;24,26,27,53,100,139,144,145,164,177,204,225,231,234,251,262,277,288,302,304,305,308,314,317,321,329,391,404,429,442,448,581,640,647,855,948,1117,1266,1269,1280,1288,1293,1295,1322,1324,1478,1479,1596,1676,1783,1906,1920,1922,2153,2175,2240,2241,2273,2410,2419,2479,2480,2481,2485,2626,2774,2778,2941,3060,3263,3269,3306,3384,3386,3598,3604,3831,4220,4462,4605,
65;1;14635;14753;1;24,26,27,100,139,144,145,204,225,231,251,262,277,288,314,321,329,391,404,429,448,640,647,855,948,1117,1266,1269,1280,1288,1293,1295,1322,1478,1479,1676,1920,2240,2241,2273,2410,2626,2774,2778,2941,3060,3178,3180,3263,3311,3384,3386,3598,3663,3664,3665,3666,3667,3668,3669,3670,3671,3672,3673,3674,3675,3676,3677,3678,3679,3680,3681,3682,3683,3684,3685,3686,3831,4462,4605,
197;0;14753;14868;1;24,26,27,100,139,144,145,204,225,231,241,251,262,277,288,314,321,329,391,400,404,429,448,640,647,648,855,948,1117,1233,1266,1269,1280,1288,1293,1295,1322,1478,1479,1676,1803,1920,2240,2241,2273,2410,2626,2774,2778,2941,3060,3178,3180,3263,3278,3311,3384,3386,3598,3663,3664,3665,3666,3667,3668,3669,3670,3671,3672,3673,3674,3675,3676,3677,3678,3686,3831,4462,4605,6342,
197;1;14868;14932;1;24,26,27,100,139,144,145,204,225,231,241,251,262,277,288,314,321,329,391,400,404,429,448,640,647,648,855,948,1117,1233,1266,1269,1280,1288,1293,1295,1322,1478,1479,1676,1803,1920,2240,2241,2273,2410,2626,2774,2778,2941,3060,3178,3180,3263,3278,3311,3384,3386,3598,3663,3664,3665,3666,3667,3668,3669,3670,3671,3672,3673,3686,3831,4462,4605,8470,8475,8476,8477,8478,8479,
830;0;14932;15112;1;24,26,27,100,139,144,145,204,225,231,241,251,262,277,288,314,321,329,391,400,404,429,448,640,647,648,855,948,1072,1117,1233,1266,1269,1280,1288,1293,1295,1322,1478,1479,1666,1676,1803,1920,2240,2241,2273,2410,2625,2626,2627,2629,2634,2657,2663,2706,2713,2736,2774,2778,2941,3060,3178,3180,3263,3278,3311,3384,3386,3598,3663,3664,3665,3666,3667,3668,3686,3831,4462,4605,
1134;0;15112;15292;1;27,79,97,100,139,144,145,146,204,225,251,277,288,292,295,314,329,397,404,429,448,578,677,704,730,818,948,1158,1280,1288,1293,1322,1401,1474,1478,1479,1521,1683,1803,2028,2091,2355,2489,2517,2626,2774,2777,2778,2803,2812,2941,3060,3263,3535,3536,3598,3640,3831,3929,3930,3931,3932,4462,4600,4603,4604,4605,4606,4607,4608,4609,4610,4611,4612,4613,4614,4615,4616,4617,4618,
284;0;15292;15440;1;27,79,97,100,139,144,145,146,204,225,251,277,288,292,295,314,329,397,404,429,448,578,677,704,730,818,948,1158,1280,1288,1293,1322,1401,1474,1478,1479,1521,1683,1803,2028,2091,2355,2489,2517,2626,2774,2777,2778,2803,2812,2941,3060,3263,3535,3536,3598,3640,3831,3929,3930,3931,3932,4462,4600,4603,4604,4605,4606,4607,4608,4609,4610,4611,4612,4613,4614,4615,4616,4617,4618,
284;1;15440;15476;1;27,79,97,100,139,144,145,146,204,225,251,277,288,292,295,314,329,397,404,429,448,578,677,704,730,818,948,1158,1280,1288,1293,1322,1401,1474,1478,1479,1521,1683,1803,2028,2091,2355,2489,2517,2626,2774,2777,2778,2803,2812,2941,3060,3263,3535,3536,3598,3640,3831,3929,3930,3931,3932,4462,4600,4603,4604,4605,4606,4607,4608,4609,4610,4611,4612,4613,4614,4615,4616,4617,4618,
196;0;15476;15613;1;27,79,97,100,139,144,145,146,204,225,251,277,288,292,295,314,329,397,404,429,448,578,677,704,730,818,948,1158,1280,1288,1293,1322,1401,1474,1478,1479,1521,1683,1803,2028,2091,2355,2489,2517,2626,2774,2777,2778,2803,2812,2941,3060,3263,3535,3536,3598,3640,3831,3929,3930,3931,3932,4462,4600,4603,4604,4605,4606,4607,4608,4609,4610,4611,4612,4613,4614,4615,4616,4617,4618,
196;1;15613;15667;1;27,79,97,100,139,144,145,146,204,225,251,277,288,292,295,314,329,397,404,429,448,578,677,704,730,818,948,1158,1280,1288,1293,1322,1401,1474,1478,1479,1521,1683,1803,2028,2091,2355,2489,2517,2626,2774,2777,2778,2803,2812,2941,3060,3263,3535,3536,3598,3640,3831,3929,3930,3931,3932,4462,4600,4603,4604,4605,4606,4607,4608,4609,4610,4611,4612,4613,4614,4615,4616,4617,4618,
Machine: 5
812;0;0;14;1;24,137,145,189,225,231,249,288,291,329,377,397,429,430,529,838,839,875,901,949,1118,1170,1214,1273,1277,1282,1291,1294,1450,1567,1809,1884,2074,2258,2309,2380,2407,2419,2504,2543,2645,2774,2778,2897,2898,2899,2900,2901,2902,2965,2966,2967,2968,2969,3256,3263,3435,3703,3753,4604,4605,4606,4612,4759,4800,5043,5890,5891,5892,5894,5895,5898,5899,5901,6126,6127,6128,6129,6130,6657,
848;0;14;31;1;24,137,145,189,225,231,249,288,291,329,377,397,429,430,529,838,839,875,901,949,1118,1170,1214,1273,1277,1282,1291,1294,1450,1567,1809,1884,2074,2258,2309,2380,2407,2419,2504,2543,2645,2774,2778,2897,2898,2899,2900,2901,2902,2965,2966,2967,2968,2969,3256,3263,3435,3703,3753,4604,4605,4606,4612,4759,4800,5043,5890,5891,5892,5894,5895,5898,5899,5901,6126,6127,6128,6129,6130,6657,
939;0;31;50;1;24,137,145,189,225,231,249,288,291,329,377,397,429,430,529,838,839,875,901,949,1118,1170,1214,1273,1277,1282,1291,1294,1450,1567,1809,1884,2074,2258,2309,2380,2407,2419,2504,2543,2645,2774,2778,2897,2898,2899,2900,2901,2902,2965,2966,2967,2968,2969,3256,3263,3435,3703,3753,4604,4605,4606,4612,4759,4800,5043,5890,5891,5892,5894,5895,5898,5899,5901,6126,6127,6128,6129,6130,6657,
1046;0;50;71;1;24,103,137,144,145,189,225,231,249,288,289,291,294,329,377,397,429,430,445,529,838,839,875,901,949,1118,1170,1214,1273,1277,1294,1450,1513,1567,1809,1884,1922,2074,2380,2407,2504,2543,2645,2774,2778,2897,2898,2899,2900,2901,2902,2903,2904,2905,2906,2907,2908,2909,2910,2911,2912,2913,2966,2968,2969,3263,3435,4604,4605,4606,4612,5894,5895,5898,5899,5901,6126,6127,6128,6129,
824;0;71;94;1;24,103,137,144,145,189,225,231,249,288,289,291,294,329,377,397,429,430,529,729,838,875,901,949,1118,1170,1214,1269,1273,1277,1294,1295,1450,1513,1567,1809,1884,2074,2216,2217,2218,2219,2220,2221,2380,2407,2504,2543,2645,2774,2778,2897,2898,2899,2900,2901,2903,2904,2905,2906,2907,2909,2910,2911,2913,2966,2968,2969,3263,3435,4604,4605,4606,5894,5895,5898,5899,5901,6126,6127,
1111;0;94;124;1;24,60,103,137,144,145,189,225,231,249,288,289,291,294,329,377,397,429,430,529,727,838,875,949,1118,1170,1214,1269,1273,1277,1293,1294,1295,1450,1513,1567,1809,1884,2074,2075,2221,2380,2407,2504,2543,2645,2774,2778,2897,2898,2899,2900,2901,2903,2904,2905,2906,2907,2909,2910,2911,2913,2966,2968,2969,3263,3380,3435,4059,4060,4061,4604,4605,4606,5894,5895,5898,5899,5901,6127,
1173;0;124;158;1;24,60,103,137,144,145,189,225,231,249,288,289,291,294,329,377,397,429,430,521,522,523,524,529,727,838,875,949,1118,1170,1214,1269,1273,1277,1293,1294,1295,1450,1513,1567,1809,1884,2074,2075,2221,2380,2407,2504,2543,2645,2774,2778,2897,2898,2899,2900,2901,2903,2904,2905,2906,2907,2909,2910,2911,2913,2966,2968,2969,3263,3435,4604,4605,4606,5894,5895,5898,5899,5901,6127,
1014;0;158;194;1;24,60,100,103,137,144,145,189,225,231,249,288,289,291,329,377,397,429,430,529,677,715,765,838,875,949,1118,1170,1214,1269,1273,1277,1293,1294,1295,1450,1481,1513,1567,1809,2074,2221,2380,2407,2461,2475,2543,2626,2628,2645,2774,2778,2897,2898,2899,2900,2901,2903,2904,2905,2906,2907,2911,2968,2969,3263,3435,4604,4605,4606,5525,5691,5722,5723,5795,6114,6115,6116,6117,6127,
923;0;194;235;1;24,60,95,100,103,137,144,145,149,189,225,231,249,288,289,291,329,377,397,429,430,529,677,715,765,773,831,838,875,946,948,949,1118,1170,1214,1269,1273,1277,1293,1294,1295,1450,1481,1513,1567,1809,2074,2221,2380,2407,2543,2600,2626,2628,2645,2774,2778,2897,2898,2899,2900,2901,2903,2904,2905,2906,2911,2968,2969,3263,3435,4604,4605,4606,5010,5525,5722,5723,6114,6127,
981;0;235;279;1;24,60,95,100,103,137,144,145,149,177,189,225,231,262,267,268,272,286,288,289,291,305,306,310,313,314,321,329,377,385,397,429,430,436,677,715,765,773,831,838,875,911,946,948,949,1118,1131,1214,1277,1293,1294,1363,1429,1430,1481,1567,1676,1809,2074,2117,2221,2407,2462,2600,2626,2628,2645,2774,2778,2903,2904,3263,3390,3391,3435,4604,4605,4606,5525,5722,
948;0;279;324;1;24,95,100,137,144,145,149,177,189,225,231,262,267,268,288,289,291,305,310,313,314,321,377,397,429,430,677,698,715,765,773,838,875,911,948,949,1118,1293,1481,1567,1809,2074,2318,2462,2582,2626,2645,2668,2713,2774,2778,3263,3435,3581,4398,4604,4605,4606,4733,4734,5525,5649,5721,5722,6180,7227,7324,7801,7802,7804,7805,7806,7812,7814,7839,7840,7841,7842,7843,7844,
1095;0;324;372;1;3,24,95,100,137,144,145,149,177,189,225,231,262,267,268,288,289,291,305,310,313,314,321,377,395,397,429,430,677,698,715,765,773,838,875,907,911,948,949,1118,1293,1361,1481,1567,1671,1809,2074,2318,2462,2582,2626,2645,2713,2774,2778,3263,3435,3621,4553,4604,4605,4606,4727,4733,4734,5525,5722,5830,6101,6107,6109,6113,6180,7801,7802,7804,7805,7806,7812,7814,
1072;0;372;423;1;3,18,21,24,25,37,38,42,45,46,50,52,95,100,137,144,145,149,177,189,225,231,262,268,288,289,291,305,310,313,314,321,377,395,397,429,430,502,622,715,765,773,778,814,838,875,911,948,949,977,1006,1007,1011,1118,1293,1305,1361,1390,1427,1481,1809,2318,2413,2645,2774,2778,3125,3263,4553,4604,4605,4606,4734,4917,4918,6101,6107,7796,7797,7798,
845;0;423;475;1;3,18,21,24,25,37,38,42,45,46,52,95,100,137,144,145,149,177,189,225,231,262,268,288,289,291,297,305,310,313,314,321,377,393,395,397,429,430,715,765,773,814,838,875,899,911,948,949,1011,1050,1051,1118,1293,1361,1378,1390,1481,1668,1725,1726,1727,1728,1729,1730,1731,1732,1733,1809,2318,2645,2774,2778,3263,4553,4604,4605,4606,4734,6101,6107,
145;0;475;505;1;3,24,37,38,42,95,100,137,144,145,149,177,189,225,231,262,268,274,275,288,289,291,297,305,310,313,314,321,377,395,397,429,430,715,765,769,773,816,838,843,875,911,948,949,951,1043,1051,1072,1118,1293,1361,1390,1481,1610,1668,1725,1726,1809,1916,2318,2338,2398,2645,2680,2774,2778,3263,4080,4553,4604,4605,4606,4734,4747,4753,4829,5531,5757,6101,6107,
145;1;505;530;1;3,24,37,38,42,95,100,137,144,145,149,177,189,225,231,262,268,274,275,288,289,291,297,305,310,313,314,321,377,395,397,429,430,715,765,769,773,816,838,843,875,911,948,949,951,1043,1051,1072,1118,1293,1361,1390,1481,1610,1668,1725,1726,1809,1916,2159,2305,2318,2338,2398,2645,2680,2774,2778,3263,4080,4553,4604,4605,4606,4734,4747,5531,5757,6101,6107,
1223;0;530;589;1;3,24,37,38,42,95,97,100,137,144,145,149,177,189,225,231,262,268,274,275,288,289,291,297,302,305,310,313,314,321,377,395,396,397,429,430,715,765,769,773,838,843,875,905,911,948,949,1043,1051,1118,1293,1361,1390,1474,1481,1661,1668,1675,1725,1726,1759,1809,1814,2318,2455,2645,2680,2774,2778,3263,4553,4604,4605,4606,4734,5255,5531,5757,6101,6107,
966;0;589;649;1;3,95,137,144,145,149,189,225,260,262,273,274,275,289,290,291,321,377,382,395,400,429,430,715,765,773,838,875,921,948,1043,1177,1236,1293,1361,1417,1469,1474,1481,1501,1670,1675,1726,1749,1756,1809,1973,2051,2222,2318,2432,2455,2645,2674,2680,2695,2723,2774,2778,3263,3284,3920,4323,4511,4553,4604,4605,4606,4734,5206,5882,6101,6107,6347,6348,6349,6350,6351,6352,6353,
1145;0;649;711;1;3,95,137,144,145,149,189,225,260,262,273,274,275,277,289,290,291,321,377,382,395,400,429,430,715,765,773,838,875,921,948,1043,1177,1236,1293,1361,1417,1469,1474,1481,1501,1670,1675,1726,1749,1756,1809,1973,2051,2222,2318,2432,2455,2645,2674,2679,2680,2695,2723,2774,2775,2777,2778,3263,3284,3920,4323,4511,4553,4604,4605,4606,4734,5206,5882,6101,6107,6347,6348,6349,
240;0;711;771;1;3,8,27,40,95,137,139,142,144,145,185,186,189,241,262,275,289,321,359,377,382,390,391,395,404,405,419,429,430,644,645,646,648,715,759,765,773,775,838,872,875,948,979,1043,1056,1062,1146,1236,1293,1361,1473,1474,1636,1726,1809,1823,1887,1898,1934,1973,1984,2036,2102,2155,2222,2318,2455,2680,2951,3252,3284,4094,4553,4734,5155,5739,6457,6787,6788,6789,
240;1;771;775;1;3,8,27,40,95,137,139,142,144,145,185,186,189,241,262,275,289,321,359,377,382,390,391,395,404,405,419,429,430,644,645,646,648,715,759,765,773,775,838,872,875,948,979,1043,1056,1062,1146,1236,1293,1361,1473,1474,1636,1726,1809,1823,1887,1898,1934,1973,1984,2036,2102,2155,2222,2318,2455,2680,2951,3252,3284,4094,4553,4734,5155,5739,6457,6787,6788,6789,
804;0;775;841;1;3,8,27,40,95,137,139,142,144,145,185,186,189,241,262,275,289,321,359,377,382,390,391,395,404,405,419,429,430,644,645,646,648,715,759,765,773,775,838,872,875,948,979,1043,1056,1062,1146,1236,1293,1361,1473,1474,1636,1726,1809,1823,1887,1898,1934,1973,1984,2036,2102,2155,2222,2318,2455,2680,2951,3252,3284,4094,4553,4734,5155,5739,6457,6787,6788,6789,
821;0;1440;1508;1;3,8,27,40,95,137,139,144,145,189,241,262,275,289,321,377,382,390,391,395,404,429,430,644,645,715,765,773,775,838,872,875,948,1019,1043,1146,1236,1293,1361,1473,1474,1726,1809,1973,2222,2225,2318,2405,2455,2625,2634,2640,2642,2652,2657,2663,2680,2686,2691,2951,4553,4734,5155,5739,7188,7212,7296,7299,7308,7316,8415,8432,8799,8801,8803,8804,8806,8808,8809,8810,
18;0;1508;1538;1;3,8,27,40,95,137,139,144,145,189,241,262,275,289,321,377,382,390,391,395,404,429,430,644,645,715,765,773,775,838,872,875,948,1019,1043,1146,1236,1293,1361,1473,1474,1479,1726,1809,1973,2222,2225,2318,2405,2455,2625,2634,2640,2642,2652,2657,2663,2680,2686,2691,2951,3447,4553,4598,4599,4734,5155,5739,7188,7212,7296,7299,7308,7316,8415,8432,8799,8801,8803,8804,
18;1;1538;1577;1;3,8,27,40,95,137,139,144,145,146,189,241,245,262,275,289,321,377,382,390,391,395,404,429,430,644,645,715,765,773,775,838,872,875,903,948,1019,1043,1146,1236,1293,1361,1473,1474,1479,1604,1726,1809,1973,2222,2225,2318,2405,2455,2625,2634,2640,2642,2652,2657,2663,2680,2686,2691,2951,3447,4553,4598,4599,4734,5155,5254,5739,6513,7188,7212,7296,7308,7316,8801,
1105;0;1577;1650;1;3,8,27,40,76,95,137,139,144,145,146,189,241,245,262,275,289,321,377,382,390,391,395,404,429,430,644,645,715,765,773,775,838,872,875,903,948,1019,1043,1146,1236,1293,1361,1473,1474,1479,1582,1604,1726,1809,1973,2222,2225,2318,2405,2455,2625,2634,2640,2642,2652,2657,2663,2680,2686,2691,2951,3447,4287,4553,4598,4599,4734,5155,5739,6513,7296,7308,7316,8801,
969;0;1650;1725;1;3,8,27,40,76,95,137,139,144,145,146,189,241,245,262,275,289,321,377,382,390,391,395,404,429,430,644,645,715,765,773,775,838,872,875,903,948,1019,1043,1146,1236,1293,1361,1473,1474,1479,1582,1604,1726,1809,1973,2222,2225,2318,2405,2455,2625,2634,2640,2642,2652,2657,2663,2680,2686,2691,2951,3447,4287,4553,4598,4734,5155,5739,6513,7296,7308,7316,7329,8801,
190;0;1725;1876;0;3,8,27,89,95,137,139,144,145,146,189,241,245,262,275,289,321,377,382,390,391,395,404,429,430,644,645,715,765,766,773,775,838,841,851,872,932,948,1043,1146,1147,1236,1293,1361,1473,1474,1479,1529,1604,1726,1809,1943,1973,2222,2318,2376,2455,2625,2627,2647,3447,3635,4369,4373,4553,4655,4734,5107,5155,5502,6513,7296,9175,9179,9185,9187,9188,9189,9190,9191,
190;1;1876;2041;0;3,8,27,89,95,137,139,144,145,146,189,241,245,262,275,289,321,377,380,382,390,391,395,404,429,430,640,644,645,715,765,766,773,775,838,872,948,1043,1134,1146,1147,1174,1236,1293,1361,1473,1474,1479,1529,1604,1726,1763,1809,1970,1973,2222,2318,2455,2493,2625,2658,2728,3099,3133,3447,4369,4553,4563,4650,5048,5155,5502,5516,6153,6154,6155,6156,6157,6513,7296,
308;0;2041;2152;0;3,8,9,27,95,137,139,143,144,145,146,189,241,245,259,262,275,289,321,377,382,390,391,395,398,404,429,430,640,644,645,647,775,838,872,893,895,948,1054,1095,1124,1146,1147,1171,1236,1293,1361,1397,1474,1479,1488,1683,1726,1799,1809,1973,2222,2224,2455,2821,2988,3037,3130,3267,3743,4533,4553,4637,4748,4890,5155,5516,6513,6809,6813,6814,6815,6821,6822,6823,
308;1;2152;2307;0;3,8,27,100,137,139,144,145,149,189,225,241,242,245,262,274,275,277,289,290,301,321,343,377,390,391,395,404,429,430,640,644,645,647,855,872,895,948,1054,1093,1146,1171,1230,1236,1293,1474,1478,1479,1522,1608,1726,1809,1816,1973,2222,2465,2774,2775,2778,2892,2961,3293,3744,4371,4535,4553,4604,4639,4641,4739,4740,4741,4742,4743,5516,5596,6045,6101,6107,7883,
48;0;2307;2413;0;3,8,27,100,137,139,144,145,149,189,225,241,242,245,262,274,275,277,289,290,301,321,343,377,390,391,395,404,429,430,640,644,645,647,855,872,895,948,1054,1093,1146,1171,1230,1236,1293,1474,1478,1479,1522,1608,1726,1809,1816,1973,2222,2465,2774,2775,2778,2892,2961,3293,3744,4371,4535,4553,4604,4639,4641,4739,4740,4741,4742,4743,5516,5596,6045,6101,6107,7883,
48;1;2413;2565;0;3,8,27,100,137,139,144,145,149,189,225,241,242,245,262,274,275,277,289,290,301,321,343,377,390,391,395,404,429,430,640,644,645,647,855,872,895,948,1054,1093,1146,1171,1230,1236,1293,1474,1478,1479,1522,1608,1726,1809,1816,1973,2222,2465,2774,2775,2778,2892,2961,3293,3744,4371,4535,4553,4604,4639,4641,4739,4740,4741,4742,4743,5516,5596,6045,6101,6107,7883,
46;0;2565;2678;0;3,8,27,100,137,139,144,145,149,189,225,241,242,245,262,274,275,277,289,290,301,321,343,377,390,391,395,404,429,430,640,644,645,647,855,872,895,948,1054,1093,1146,1171,1230,1236,1293,1474,1478,1479,1522,1608,1726,1809,1816,1973,2222,2465,2774,2775,2778,2892,2961,3293,3744,4371,4535,4553,4604,4639,4641,4739,4740,4741,4742,4743,5516,5596,6045,6101,6107,7883,
46;1;2880;3011;0;8,27,138,139,144,145,149,189,225,228,229,233,234,240,241,242,245,262,266,275,277,289,302,321,377,390,391,404,429,430,607,612,640,644,645,818,827,872,911,1075,1093,1099,1146,1171,1236,1293,1309,1472,1474,1478,1479,1623,1661,1667,1843,1933,1973,2103,2299,2432,2435,2440,3112,3639,3640,3641,3642,3643,3644,3645,3646,3647,3648,3649,3650,3651,3652,3653,3654,3655,
258;0;3011;3088;0;8,27,138,139,144,145,149,189,225,228,229,231,233,234,240,241,242,245,262,266,275,277,289,302,314,321,377,390,391,396,397,404,429,430,607,612,640,644,645,818,827,872,911,1075,1093,1099,1118,1146,1171,1236,1293,1309,1468,1472,1474,1476,1478,1479,1623,1661,1667,1843,1933,1973,2103,2223,2299,2432,2435,2440,3112,3639,3640,3641,3642,3643,3644,3645,3646,4093,
258;1;3088;3244;0;8,27,138,139,144,145,149,189,225,228,229,231,233,234,240,241,242,245,262,266,275,277,289,302,314,321,377,390,391,396,397,404,429,430,607,612,640,644,645,818,827,872,911,1075,1093,1099,1118,1146,1171,1236,1293,1472,1474,1476,1478,1479,1661,1667,1843,1973,2103,2223,3663,3677,3679,3686,3690,4093,5082,6003,6004,6005,6006,6007,6008,6009,6010,6011,6012,6013,
254;0;3244;3290;0;8,27,97,138,139,144,145,149,189,225,231,233,234,241,245,262,275,277,288,289,314,321,377,390,391,396,397,404,429,430,432,607,612,640,644,645,827,872,911,949,1093,1118,1146,1171,1236,1293,1472,1474,1475,1476,1478,1479,1480,1521,1661,1667,1843,1973,1978,2103,2223,2508,3677,3679,3686,3690,4093,5082,5143,5619,5699,6004,6008,6009,6010,6011,6012,6013,6177,6178,
254;1;3290;3453;0;8,27,97,138,139,144,145,149,189,225,231,234,241,262,275,277,288,289,314,321,377,390,396,397,404,429,430,607,640,644,645,827,872,949,1093,1118,1146,1171,1293,1474,1476,1478,1479,1480,1661,1667,1843,1973,1978,2508,3177,3206,3674,3675,3677,3678,3679,3686,3690,4093,5077,5082,6004,6008,6009,6010,6011,6012,6013,6458,6459,6460,6461,6462,6463,6464,6465,6466,6467,6468,
91;0;3453;3517;0;8,27,97,138,139,144,145,149,189,225,231,234,241,262,275,276,277,288,289,314,321,377,390,396,397,404,429,430,607,640,644,645,827,872,949,1093,1118,1146,1171,1293,1474,1476,1478,1479,1480,1661,1667,1843,1973,1978,2508,3177,3206,3674,3675,3677,3678,3679,3686,3690,4093,5077,5082,6004,6008,6009,6010,6011,6012,6013,6169,6171,6458,6459,6460,6461,6462,6463,6464,6465,
91;1;3517;3648;0;8,10,26,54,63,68,144,145,159,208,241,251,268,273,390,412,415,439,474,528,640,645,655,794,881,1146,1266,1268,1270,1284,1286,1287,1289,1293,1423,1481,1707,1781,1783,1935,2018,2019,2128,2179,2260,2264,2265,2410,2417,2428,2794,2842,2847,2941,3070,3345,3473,3598,3606,3831,4217,4277,4450,4487,4488,4489,4490,4491,4492,5405,5442,5443,7261,8264,8265,8266,8267,8268,8269,8270,
326;0;3648;3687;0;8,10,26,54,63,68,144,145,159,208,241,251,268,273,390,412,415,439,474,528,640,645,655,794,881,1146,1266,1268,1270,1284,1286,1287,1289,1293,1423,1481,1707,1781,1783,1935,2018,2019,2128,2179,2260,2264,2265,2410,2417,2428,2794,2842,2847,2941,3070,3345,3473,3598,3606,3831,4217,4277,4450,4487,4488,4489,4490,4491,4492,5405,5442,5443,7261,8264,8265,8266,8267,8268,8269,8270,
326;1;3687;3834;0;8,10,26,54,63,68,144,145,159,208,241,251,268,273,390,412,415,439,474,528,640,645,655,794,881,1146,1266,1268,1270,1284,1286,1287,1289,1293,1423,1481,1707,1781,1783,1935,2018,2019,2128,2179,2260,2264,2265,2410,2417,2428,2794,2842,2847,2941,3070,3345,3473,3598,3606,3831,4217,4277,4450,4487,4488,4489,4490,4491,4492,5405,5442,5443,7261,8264,8265,8266,8267,8268,8269,8270,
1231;0;3834;4010;0;8,10,26,54,63,68,144,145,159,208,241,251,268,273,390,412,415,439,474,528,640,645,655,794,881,1146,1266,1268,1270,1284,1286,1287,1289,1293,1423,1481,1707,1781,1783,1935,2018,2019,2128,2179,2260,2264,2265,2410,2417,2428,2794,2842,2847,2941,3070,3345,3473,3598,3606,3831,4217,4277,4450,4487,4488,4489,4490,4491,4492,5405,5442,5443,7261,8264,8265,8266,8267,8268,8269,8270,
1008;0;4010;4173;0;8,10,26,54,63,68,144,145,159,208,241,251,268,273,390,412,415,439,474,528,640,645,655,794,881,1146,1266,1268,1270,1284,1286,1287,1289,1293,1423,1481,1707,1781,1783,1935,2018,2019,2128,2179,2260,2264,2265,2410,2417,2428,2794,2842,2847,2941,3070,3345,3473,3598,3606,3831,4217,4277,4450,4487,4488,4489,4490,4491,4492,5405,5442,5443,7261,8264,8265,8266,8267,8268,8269,8270,
839;0;4173;4333;0;8,10,26,54,63,68,144,145,159,208,241,251,268,273,390,412,415,439,474,528,640,645,655,794,881,1146,1266,1268,1270,1284,1286,1287,1289,1293,1423,1481,1707,1781,1783,1935,2018,2019,2128,2179,2260,2264,2265,2410,2417,2428,2794,2842,2847,2941,3070,3345,3473,3598,3606,3831,4217,4277,4450,4487,4488,4489,4490,4491,4492,5405,5442,5443,7261,8264,8265,8266,8267,8268,8269,8270,
79;0;4333;4354;0;8,10,26,54,63,68,144,145,159,208,241,251,268,273,390,402,412,415,439,474,528,640,644,645,655,794,881,1057,1146,1266,1268,1270,1284,1286,1287,1289,1293,1423,1481,1707,1781,1783,1935,2018,2019,2107,2128,2179,2260,2264,2265,2410,2417,2428,2794,2815,2842,2847,2941,3070,3345,3435,3473,3598,3606,3831,4217,4277,4450,4487,4488,4489,4490,4491,4492,5405,5442,5443,7261,8264,
79;1;4354;4490;0;8,10,24,26,38,54,63,68,144,145,159,189,208,241,251,268,273,390,402,412,415,439,474,528,640,644,645,655,794,871,872,873,874,881,972,1057,1146,1266,1268,1270,1284,1286,1287,1289,1293,1423,1456,1481,1707,1781,1783,1935,2018,2019,2107,2128,2179,2260,2264,2265,2410,2417,2428,2794,2815,2842,2847,2941,3070,3345,3435,3473,3598,3606,3831,4217,4277,4450,4489,4492,
1120;0;4490;4640;0;8,10,24,26,38,54,63,68,144,145,159,189,208,241,251,268,273,390,402,412,415,439,474,528,640,644,645,655,794,871,872,873,874,1057,1146,1266,1268,1270,1284,1286,1287,1289,1293,1481,2018,2107,2265,2428,2815,2842,2847,2941,3070,3182,3183,3210,3345,3435,3483,3484,3485,3486,3487,3488,3489,3490,3491,3492,3493,3494,3495,3496,3497,3498,3499,3831,4217,4450,4489,4492,
251;0;4640;4728;0;8,10,24,26,38,54,63,68,144,145,159,189,208,241,251,268,273,390,402,412,415,439,474,528,640,644,645,655,794,871,872,873,874,1057,1146,1266,1268,1270,1284,1286,1287,1289,1293,1481,2018,2107,2265,2428,2622,2677,2815,2842,2847,2941,3070,3182,3183,3210,3345,3435,3483,3484,3485,3486,3488,3489,3490,3491,3492,3493,3494,3496,3497,3498,3499,3831,4217,4450,4489,4492,
251;1;4728;4788;0;24,26,27,38,54,63,144,145,189,210,251,255,268,273,390,402,412,415,491,528,640,644,645,760,995,1057,1089,1146,1266,1268,1270,1275,1284,1286,1287,1289,1293,1481,1558,2018,2074,2107,2200,2428,2537,2677,2815,2842,2847,2941,3070,3182,3183,3210,3345,3435,3483,3484,3485,3486,3488,3489,3490,3491,3492,3493,3494,3496,3497,3498,3499,3609,3774,3831,3865,4217,4450,4489,4492,9194,
1142;0;4788;4919;0;24,26,27,38,54,63,144,145,189,210,251,255,268,273,390,402,412,415,491,528,640,644,645,760,995,1057,1089,1146,1266,1268,1270,1275,1284,1286,1287,1289,1293,1481,1558,2018,2074,2107,2200,2428,2537,2677,2815,2842,2847,2941,3070,3182,3183,3210,3345,3435,3483,3484,3485,3486,3488,3489,3490,3491,3492,3493,3494,3496,3497,3498,3499,3609,3774,3831,3865,4217,4450,4489,4492,8486,
298;0;4919;4999;0;24,26,38,54,63,97,139,144,145,225,251,255,262,267,268,273,277,289,291,295,303,305,310,312,313,314,390,402,438,528,640,644,1057,1089,1118,1146,1171,1268,1270,1275,1287,1293,1481,1558,2018,2107,2244,2462,2677,2842,2847,2941,3070,3182,3183,3210,3345,3483,3484,3485,3486,3488,3489,3490,3491,3492,3493,3494,3496,3497,3498,3499,3609,3831,4450,4492,5144,5153,5154,5155,
298;1;4999;5036;0;24,26,54,63,100,138,139,144,225,251,262,277,291,297,314,390,395,400,528,591,640,644,677,766,836,854,863,948,949,1089,1118,1146,1147,1171,1172,1293,1453,1469,1481,1502,1558,1661,1664,1667,1668,1670,1671,1673,1674,1944,1972,1973,1974,1975,1976,1977,1978,2677,3182,3183,3210,3345,3483,3484,3485,3486,3488,3489,3490,3491,3492,3493,3494,3496,3497,3498,3499,3609,3831,4450,
194;0;5036;5105;0;3,15,24,30,53,79,95,100,137,144,150,251,274,390,490,507,557,627,772,836,891,1048,1051,1054,1145,1258,1267,1279,1358,1374,1484,1566,1567,1568,1569,1587,1604,1725,1805,1971,2353,2354,3347,3599,3600,3601,3609,3767,3768,3769,3770,3771,3831,4406,6093,6360,7479,8134,8135,8136,8137,8138,8139,8140,8141,8142,8143,8144,8145,8146,8219,8375,8376,8379,8380,8381,8382,8383,8384,8385,
194;1;5105;5149;0;3,15,24,30,53,79,95,100,137,144,150,251,274,390,490,507,557,627,772,836,891,1048,1051,1054,1145,1258,1267,1279,1358,1374,1484,1566,1567,1568,1569,1587,1604,1725,1805,1971,2353,2354,3347,3599,3600,3601,3609,3767,3768,3769,3770,3771,3831,4406,6093,6360,7479,8134,8135,8136,8137,8138,8139,8140,8141,8142,8143,8144,8145,8146,8219,8375,8376,8379,8380,8381,8382,8383,8384,8385,
291;0;5149;5153;0;3,15,24,30,53,79,95,100,137,144,150,251,274,390,490,507,557,627,772,836,891,1048,1051,1054,1145,1258,1267,1279,1358,1374,1484,1566,1567,1568,1569,1587,1604,1725,1805,1971,2353,2354,3347,3599,3600,3601,3609,3767,3768,3769,3770,3771,3831,4406,6093,6360,7479,8134,8135,8136,8137,8138,8139,8140,8141,8142,8143,8144,8145,8146,8219,8375,8376,8379,8380,8381,8382,8383,8384,8385,
291;1;5153;5254;0;3,15,24,30,53,79,95,100,137,144,150,251,274,390,490,507,557,627,772,836,891,1048,1051,1054,1145,1258,1267,1279,1358,1374,1484,1566,1567,1568,1569,1587,1604,1725,1805,1971,2353,2354,3347,3599,3600,3601,3609,3767,3768,3769,3770,3771,3831,4406,6093,6360,7479,8134,8135,8136,8137,8138,8139,8140,8141,8142,8143,8144,8145,8146,8219,8375,8376,8379,8380,8381,8382,8383,8384,8385,
994;0;5254;5359;0;3,15,24,30,53,79,95,100,137,144,150,251,274,390,490,507,557,627,772,836,891,1048,1051,1054,1145,1258,1267,1279,1358,1374,1484,1566,1567,1568,1569,1587,1604,1725,1805,1971,2353,2354,3347,3599,3600,3601,3609,3767,3768,3769,3770,3771,3831,4406,6093,6360,7479,8134,8135,8136,8137,8138,8139,8140,8141,8142,8143,8144,8145,8146,8219,8375,8376,8379,8380,8381,8382,8383,8384,8385,
273;0;5359;5457;0;3,15,24,30,53,79,95,100,137,144,150,251,274,390,490,507,557,627,772,836,891,1048,1051,1054,1145,1258,1267,1279,1358,1374,1484,1566,1567,1568,1569,1587,1604,1725,1805,1971,2353,2354,3347,3599,3600,3601,3609,3767,3768,3769,3770,3771,3831,4406,6093,6360,7479,8134,8135,8136,8137,8138,8139,8140,8141,8142,8143,8144,8145,8146,8219,8375,8376,8379,8380,8381,8382,8383,8384,8385,
273;1;5457;5462;0;3,15,24,30,53,79,95,100,137,144,150,251,274,390,490,507,557,627,772,836,891,1048,1051,1054,1145,1258,1267,1279,1358,1374,1484,1566,1567,1568,1569,1587,1604,1725,1805,1971,2353,2354,3347,3599,3600,3601,3609,3767,3768,3769,3770,3771,3831,4406,6093,6360,7479,8134,8135,8136,8137,8138,8139,8140,8141,8142,8143,8144,8145,8146,8219,8375,8376,8379,8380,8381,8382,8383,8384,8385,
287;0;5462;5515;0;3,15,24,30,53,79,95,100,137,144,150,251,274,390,490,507,557,627,772,836,891,1048,1051,1054,1145,1258,1267,1279,1358,1374,1484,1566,1567,1568,1569,1587,1604,1725,1805,1971,2353,2354,3347,3599,3600,3601,3609,3767,3768,3769,3770,3771,3831,4406,6093,6360,7479,8134,8135,8136,8137,8138,8139,8140,8141,8142,8143,8144,8145,8146,8219,8375,8376,8379,8380,8381,8382,8383,8384,8385,
287;1;5515;5565;0;3,15,24,30,53,79,95,100,137,144,150,251,274,390,490,507,557,627,772,836,891,1048,1051,1054,1145,1258,1267,1279,1358,1374,1484,1566,1567,1568,1569,1587,1604,1725,1805,1971,2353,2354,3347,3599,3600,3601,3609,3767,3768,3769,3770,3771,3831,4406,6093,6360,7479,8134,8135,8136,8137,8138,8139,8140,8141,8142,8143,8144,8145,8146,8219,8375,8376,8379,8380,8381,8382,8383,8384,8385,
967;0;5760;5861;0;3,15,24,30,53,55,58,79,95,100,137,144,150,247,251,274,390,490,507,557,627,772,836,891,1048,1051,1054,1145,1258,1267,1279,1358,1374,1484,1566,1567,1568,1569,1587,1604,1725,1805,1971,2353,2354,2418,2420,2836,3347,3599,3600,3601,3609,3691,3706,3767,3768,3769,3770,3771,3831,3842,3852,4406,5997,5998,5999,6093,6360,7479,8134,8135,8136,8137,8138,8139,8140,8141,8142,8143,
887;0;5861;5961;0;3,15,24,55,95,100,137,144,274,390,490,617,618,666,715,772,827,833,836,891,947,1051,1054,1136,1145,1267,1279,1481,1484,1567,1569,1587,1599,1604,2318,2346,2347,2353,2625,2626,2635,2653,2661,2678,2690,3147,3609,3767,3831,3852,4406,4449,5336,5350,5525,5530,5531,5538,5637,5722,5868,6022,6023,6026,6309,6310,6360,6564,6594,6595,6596,6597,6598,6599,6600,6601,6602,8134,8136,8137,
1055;0;5961;6058;0;3,15,24,55,95,100,137,144,146,274,301,390,398,490,617,618,666,715,772,827,833,836,891,947,1051,1054,1136,1145,1146,1267,1279,1476,1479,1481,1484,1567,1569,1587,1599,1604,2318,2346,2347,2353,2625,2626,2635,2653,2661,2678,2690,3147,3609,3767,3831,3852,4406,4449,4965,5336,5350,5525,5530,5531,5538,5637,5722,5868,6022,6023,6026,6309,6310,6360,6564,6594,6595,8134,8136,8137,
952;0;6058;6148;0;3,15,20,24,55,74,95,100,137,144,146,274,301,390,398,490,617,618,666,715,772,827,833,836,891,947,1051,1054,1136,1145,1146,1267,1279,1476,1479,1481,1484,1567,1569,1587,1599,1604,2318,2346,2347,2353,2625,2626,2635,2653,2661,2678,2690,3126,3147,3609,3767,3831,3852,3979,4406,4449,4965,5336,5350,5525,5530,5538,5637,5722,5868,6022,6309,6310,6360,6595,7950,8134,8136,8137,
1172;0;6148;6237;0;3,15,20,24,55,74,95,100,137,144,146,274,301,390,398,490,617,618,666,715,772,827,833,836,891,947,1051,1054,1136,1145,1146,1267,1279,1405,1476,1479,1481,1484,1567,1569,1587,1599,1604,2318,2346,2347,2353,2625,2626,2635,2653,2661,2678,2690,3126,3147,3609,3712,3767,3831,3852,3979,4406,4449,4965,5525,5530,5538,5637,5722,5868,6022,6309,6310,6360,6595,7950,8134,8136,8137,
1221;0;6237;6323;0;3,15,20,24,55,74,95,100,137,144,146,274,301,390,398,490,617,618,666,715,772,827,833,836,891,947,1051,1054,1136,1145,1146,1267,1279,1405,1476,1479,1481,1484,1567,1569,1587,1599,1604,2318,2346,2347,2353,2625,2626,2661,2678,2690,3147,3609,3712,3767,3831,3852,3979,4406,4965,5525,5530,5538,5637,5722,5868,6022,6309,6310,6357,6360,6585,6595,7478,7526,7950,8134,8136,8137,
204;0;6323;6368;0;3,15,20,24,55,74,95,100,102,137,144,146,274,299,301,390,398,490,607,618,666,765,772,833,836,891,947,1051,1054,1145,1146,1267,1279,1476,1479,1481,1484,1569,1587,1604,2318,2346,2347,2353,2625,2626,2661,2683,3015,3147,3712,3767,3831,3852,3979,4406,4608,4965,5392,5525,5530,5538,5637,5722,6022,6225,6309,6310,6311,6312,6313,6357,6360,6449,6585,6595,6746,7950,8134,8137,
204;1;6368;6402;0;15,20,24,55,74,95,137,144,146,147,149,274,301,390,398,436,490,618,765,833,836,891,947,1051,1054,1068,1117,1118,1145,1146,1149,1267,1279,1390,1473,1476,1479,1481,1484,1569,1587,1604,1814,1920,2346,2347,2353,2625,2626,2661,3147,3767,3831,3979,4405,4406,4473,4934,4964,4965,4966,4967,4968,4969,4970,4971,4972,4973,4974,4975,4976,4977,4978,5392,6022,6585,6595,7950,8134,8137,
1065;0;6402;6479;0;15,20,24,34,54,55,74,95,137,144,146,147,149,190,202,274,301,390,398,436,490,506,618,765,833,836,891,947,1051,1054,1068,1117,1118,1145,1146,1149,1267,1272,1279,1283,1390,1473,1476,1479,1481,1484,1558,1569,1587,1604,1814,1920,1994,2152,2346,2347,2353,2625,2626,2661,3022,3147,3345,3767,3831,3979,4405,4406,4473,5099,5263,5375,5376,5392,6022,6585,6595,7950,8134,8137,
1227;0;6479;6555;0;5,24,26,74,95,137,144,149,262,308,390,395,398,407,765,838,854,891,948,971,1053,1054,1089,1145,1146,1148,1149,1150,1151,1478,1541,1604,1670,1811,1980,1993,2017,2059,2060,2061,2062,2063,2064,2065,2066,2067,2068,2069,2070,2626,2661,3474,3627,3679,3979,4093,5953,5960,5962,5964,5987,5991,5992,6011,6552,6741,6886,6926,6932,6936,7075,7076,7077,7078,7079,7080,7081,7587,7950,8261,
1071;0;6555;6630;0;5,24,26,74,95,137,144,149,262,308,390,395,398,407,765,838,854,891,948,971,1053,1054,1089,1145,1146,1148,1149,1150,1151,1478,1541,1604,1670,1811,1980,1993,2017,2059,2060,2061,2062,2063,2064,2065,2066,2067,2068,2069,2070,2626,2661,3474,3627,3679,3979,4093,5953,5960,5962,5964,5987,5991,5992,6011,6552,6741,6886,6926,6932,6936,7075,7076,7077,7078,7079,7080,7081,7587,7950,8261,
1104;0;6630;6684;0;5,24,26,74,95,137,144,149,262,308,390,395,398,407,765,838,854,891,948,971,1053,1054,1089,1145,1146,1148,1149,1150,1151,1478,1541,1604,1670,1811,1980,1993,2017,2059,2060,2061,2062,2063,2064,2065,2066,2067,2068,2069,2070,2626,2661,3474,3627,3679,3979,4093,5953,5960,5962,5964,5987,5991,5992,6011,6552,6741,6886,6926,6932,6936,7075,7076,7077,7078,7079,7080,7081,7587,7950,8261,
809;0;6684;6723;0;5,24,26,74,95,137,144,149,262,308,390,395,398,407,765,838,854,891,948,971,1053,1054,1089,1145,1146,1148,1149,1150,1151,1478,1541,1604,1670,1811,1980,1993,2017,2059,2060,2061,2062,2063,2064,2065,2066,2067,2068,2069,2070,2626,2661,3474,3627,3679,3979,4093,5953,5960,5962,5964,5987,5991,5992,6011,6552,6741,6886,6926,6932,6936,7075,7076,7077,7078,7079,7080,7081,7587,7950,8261,
775;0;6723;6756;0;5,24,26,74,95,137,144,149,262,308,390,395,398,407,765,838,854,891,948,971,1053,1054,1089,1145,1146,1148,1149,1150,1151,1478,1541,1604,1670,1811,1980,1993,2017,2059,2060,2061,2062,2063,2064,2065,2066,2067,2068,2069,2070,2626,2661,3474,3627,3679,3979,4093,5953,5960,5962,5964,5987,5991,5992,6011,6552,6741,6886,6926,6932,6936,7075,7076,7077,7078,7079,7080,7081,7587,7950,8261,
907;0;6756;6787;0;5,24,26,74,95,137,144,149,262,308,390,395,398,407,765,838,854,891,948,971,1053,1054,1089,1145,1146,1148,1149,1150,1151,1478,1541,1604,1670,1811,1980,1993,2017,2059,2060,2061,2062,2063,2064,2065,2066,2067,2068,2069,2070,2626,2661,3474,3627,3679,3979,4093,5953,5960,5962,5964,5987,5991,5992,6011,6552,6741,6886,6926,6932,6936,7075,7076,7077,7078,7079,7080,7081,7587,7950,8261,
906;0;6787;6815;0;5,24,26,74,95,137,144,149,262,308,390,395,398,407,765,838,854,891,948,971,1053,1054,1089,1145,1146,1148,1149,1150,1151,1478,1541,1604,1670,1811,1980,1993,2017,2059,2060,2061,2062,2063,2064,2065,2066,2067,2068,2069,2070,2626,2661,3474,3627,3679,3979,4093,5953,5960,5962,5964,5987,5991,5992,6011,6552,6741,6886,6926,6932,6936,7075,7076,7077,7078,7079,7080,7081,7587,7950,8261,
816;0;7200;7225;0;5,24,26,60,74,95,137,144,149,262,308,390,395,398,407,765,838,854,891,948,971,1053,1054,1089,1145,1146,1148,1149,1150,1151,1277,1293,1478,1541,1604,1670,1811,1980,1993,2017,2059,2060,2061,2062,2063,2064,2065,2066,2067,2068,2069,2070,2626,2661,3474,3627,3679,3979,4093,4450,5953,5960,5962,5964,5987,5991,5992,6011,6552,6741,6886,6926,6932,6936,7075,7076,7077,7078,7079,7080,
1167;0;7225;7236;0;5,24,26,60,63,74,95,137,144,149,262,308,390,395,398,407,528,765,838,854,891,948,971,1053,1054,1089,1145,1146,1148,1149,1150,1151,1277,1293,1294,1478,1541,1604,1670,1811,1980,1993,2017,2059,2060,2061,2062,2063,2064,2065,2066,2067,2068,2069,2070,2149,2221,2315,2626,2661,3474,3627,3679,3979,4093,4229,4230,4450,5953,5960,5962,5964,5987,5991,5992,6011,6552,6741,6886,6926,
776;0;7236;7242;0;5,24,26,60,63,74,95,137,144,149,262,308,390,395,398,407,528,691,765,838,854,891,948,971,1053,1054,1089,1145,1146,1148,1149,1150,1151,1277,1293,1294,1478,1541,1604,1670,1811,1980,1993,2017,2059,2060,2061,2062,2063,2064,2065,2066,2067,2068,2069,2070,2149,2221,2315,2626,2661,2774,2775,2777,2778,3447,3474,3627,3679,3979,4093,4229,4230,4450,4604,4606,5953,5960,5962,5992,
865;0;7242;7246;0;1,5,24,26,60,63,74,95,137,144,149,262,308,390,395,398,407,528,691,765,838,854,891,948,1054,1093,1145,1146,1148,1150,1151,1171,1233,1234,1277,1293,1294,1397,1478,1502,1670,1682,1811,2061,2109,2134,2149,2221,2315,2508,2626,2661,2774,2775,2777,2778,2821,2926,3267,3278,3447,4093,4230,4604,4606,4832,4857,4889,4897,4925,5237,5239,5240,5246,5377,5992,6101,6102,6103,6104,
331;0;7246;7291;1;1,24,26,60,63,95,137,144,149,262,308,390,395,398,528,691,765,838,854,891,948,1054,1093,1145,1146,1148,1150,1151,1171,1277,1293,1294,1397,1478,1502,1670,1811,2061,2109,2149,2221,2315,2508,2626,2661,2774,2775,2776,2777,2778,2779,2812,2947,3267,3278,3447,4052,4093,4230,4604,4606,4740,4781,4853,5757,5809,5992,6570,6571,6572,6573,6574,6575,6576,6577,6578,6579,6580,6581,6582,
331;1;7291;7322;1;1,24,26,60,63,95,137,144,149,262,308,390,395,398,528,691,765,773,838,854,891,948,1043,1054,1093,1145,1146,1148,1150,1151,1171,1277,1293,1294,1397,1478,1502,1670,1811,2061,2109,2149,2221,2315,2508,2626,2633,2661,2774,2775,2776,2777,2778,2779,2812,2947,3267,3278,3447,3511,3512,4052,4093,4230,4604,4606,4740,4781,4853,5757,5809,5992,6570,6571,6572,6573,6574,6575,6576,6577,
971;0;7322;7399;1;1,24,26,60,63,95,137,144,149,231,262,277,290,308,390,395,398,528,691,765,773,838,854,891,948,1043,1054,1093,1145,1146,1148,1150,1151,1171,1277,1293,1294,1397,1478,1502,1670,1811,2061,2109,2149,2221,2315,2370,2508,2626,2633,2645,2661,2774,2775,2776,2777,2778,2779,2812,2947,3099,3263,3267,3278,3447,3511,3512,4052,4093,4230,4604,4606,4740,4781,4853,4946,5340,5809,5992,
1147;0;7399;7477;1;1,24,26,60,95,137,144,149,225,231,234,262,277,288,290,308,314,329,377,390,395,398,404,528,640,691,765,773,838,854,891,948,949,1054,1093,1145,1146,1148,1150,1151,1171,1277,1293,1294,1397,1474,1478,1502,1670,1811,2061,2109,2221,2370,2508,2626,2645,2774,2775,2777,2778,2812,3099,3104,3263,3267,3278,3447,4093,4630,4740,4859,5274,5457,5458,5459,5460,5461,5809,5992,
1230;0;7477;7560;1;1,24,26,60,95,137,144,149,225,231,234,262,277,288,290,308,314,329,377,390,395,398,400,404,429,528,640,691,765,773,838,854,891,948,949,1054,1093,1145,1146,1148,1150,1151,1171,1277,1293,1294,1363,1397,1474,1478,1502,1670,1811,2061,2109,2221,2370,2381,2508,2626,2645,2774,2775,2777,2778,2812,2824,3099,3104,3263,3267,3278,3447,4093,4630,4740,4859,5458,5809,5992,
927;0;7560;7644;1;24,26,60,95,137,144,149,225,231,262,277,288,290,308,314,377,390,395,398,400,404,429,430,528,640,644,691,765,773,838,854,891,948,949,1054,1093,1145,1146,1148,1150,1151,1171,1214,1277,1293,1294,1363,1397,1474,1478,1502,1670,1811,2061,2370,2508,2626,2628,2645,2705,2709,2774,2775,2777,2778,2812,3099,3263,3267,3447,4093,4740,5809,5992,7296,7308,7316,8305,8801,8805,
285;0;7644;7677;1;24,26,60,95,137,144,149,225,231,262,277,288,290,291,292,308,377,390,395,398,400,404,429,528,640,644,691,765,773,838,854,891,948,949,1054,1093,1145,1146,1148,1150,1151,1171,1201,1214,1277,1293,1294,1363,1474,1478,1502,1670,1811,1915,2061,2091,2370,2508,2600,2640,2645,2677,2679,2774,2775,2777,2778,2790,2812,3263,3447,4740,4773,5499,5500,5502,5809,5992,6629,7316,
285;1;7677;7732;1;24,26,60,95,137,144,149,225,231,262,277,288,290,291,292,308,377,390,395,398,400,404,429,528,640,644,691,765,773,838,854,891,948,949,1054,1093,1145,1146,1148,1150,1151,1171,1201,1214,1277,1293,1294,1363,1474,1478,1481,1502,1670,1811,1915,2061,2091,2370,2508,2645,2677,2679,2774,2775,2777,2778,2812,3263,4740,5529,5809,5992,7316,8134,8137,8190,8195,8196,8197,8198,
360;0;7732;7771;1;24,26,55,60,95,137,144,149,225,231,262,277,288,290,291,292,308,374,377,390,395,398,400,404,429,528,640,644,691,765,773,838,854,891,948,949,1054,1093,1145,1146,1148,1150,1151,1171,1201,1214,1277,1293,1294,1363,1474,1478,1481,1502,1670,1811,1915,2061,2091,2370,2508,2645,2677,2679,2774,2775,2777,2778,2812,3263,3381,4012,4262,4456,4458,4740,5529,5809,5992,7316,
360;1;7771;7824;1;24,26,60,95,137,144,149,225,231,262,277,288,290,292,308,377,390,395,398,400,404,429,528,640,644,691,773,838,854,891,948,949,1054,1146,1150,1151,1214,1277,1293,1294,1363,1474,1478,1481,1811,1915,2061,2091,2370,2508,2645,2774,2775,2777,2778,2812,3182,3183,3210,3263,3483,3484,3485,3486,3488,3489,3490,3491,3492,3493,3494,3496,3497,3498,3499,3659,3660,4740,5809,5992,
970;0;7824;7918;1;24,26,60,95,137,144,149,225,231,262,277,288,290,292,308,377,390,395,398,400,404,429,504,528,640,644,691,773,782,838,854,891,948,949,1054,1146,1150,1151,1214,1277,1293,1294,1363,1474,1478,1481,1549,1811,1915,2018,2061,2091,2202,2370,2508,2645,2774,2775,2777,2778,2812,2847,2848,2850,3182,3183,3210,3263,3483,3488,4452,4740,5561,5668,5669,5670,5671,5672,5809,5992,
349;0;7918;7963;1;15,24,25,35,37,38,42,54,57,60,144,145,225,231,262,267,268,272,273,274,287,288,289,303,308,379,396,397,400,429,434,580,637,640,644,831,855,898,902,903,904,905,921,922,936,940,946,948,1123,1146,1204,1205,1206,1207,1208,1209,1210,1211,1212,1297,1431,1474,1569,1695,1726,1764,2061,2171,2263,2273,2350,2351,2352,2468,3291,3621,5331,5352,6180,7513,
349;1;7963;8014;1;15,24,25,35,37,38,42,54,57,60,144,145,225,231,262,267,268,272,273,274,287,288,289,303,308,379,396,397,400,429,434,580,637,640,644,831,855,898,902,903,904,905,921,922,936,940,946,948,1123,1146,1204,1205,1206,1207,1208,1209,1210,1211,1212,1297,1431,1474,1569,1695,1726,1764,2061,2171,2263,2273,2350,2351,2352,2468,3291,3621,5331,5352,6180,7513,
941;0;8014;8112;1;15,24,25,35,37,38,42,54,57,60,144,145,225,231,262,267,268,272,273,274,287,288,289,303,308,379,396,397,400,429,434,580,637,640,644,831,855,898,902,903,904,905,921,922,936,940,946,948,1123,1146,1204,1205,1206,1207,1208,1209,1210,1211,1212,1297,1431,1474,1569,1695,1726,1764,2061,2171,2263,2273,2350,2351,2352,2468,3291,3621,5331,5352,6180,7513,
325;0;8112;8126;1;15,24,25,35,37,38,42,54,57,60,144,145,225,231,262,267,268,272,273,274,287,288,289,303,308,379,396,397,400,429,434,580,637,640,644,831,855,898,902,903,904,905,921,922,936,940,946,948,1123,1146,1204,1205,1206,1207,1208,1209,1210,1211,1212,1297,1431,1474,1569,1695,1726,1764,2061,2171,2263,2273,2350,2351,2352,2468,3291,3621,5331,5352,6180,7513,
325;1;8126;8220;1;15,24,25,35,37,38,42,54,57,60,144,145,225,231,262,267,268,272,273,274,287,288,289,303,308,379,396,397,400,429,434,580,637,640,644,831,855,898,902,903,904,905,921,922,936,940,946,948,1123,1146,1204,1205,1206,1207,1208,1209,1210,1211,1212,1297,1431,1474,1569,1695,1726,1764,2061,2171,2263,2273,2350,2351,2352,2468,3291,3621,5331,5352,6180,7513,
940;0;8220;8329;1;15,24,25,35,37,38,42,54,57,60,144,145,225,231,262,267,268,272,273,274,287,288,289,303,308,379,396,397,400,429,434,580,637,640,644,831,855,898,902,903,904,905,921,922,936,940,946,948,1123,1146,1204,1205,1206,1207,1208,1209,1210,1211,1212,1297,1431,1474,1569,1695,1726,1764,2061,2171,2263,2273,2350,2351,2352,2468,3291,3621,5331,5352,6180,7513,
304;0;8329;8352;1;15,24,25,35,37,38,42,54,57,60,144,145,225,231,262,267,268,272,273,274,287,288,289,303,308,379,396,397,400,429,434,580,637,640,644,831,855,898,902,903,904,905,921,922,936,940,946,948,1123,1146,1204,1205,1206,1207,1208,1209,1210,1211,1212,1297,1431,1474,1569,1695,1726,1764,2061,2171,2263,2273,2350,2351,2352,2468,3291,3621,5331,5352,6180,7513,
304;1;8640;8728;1;2,15,24,25,35,37,38,42,54,57,60,90,103,144,145,225,231,262,267,268,272,273,274,287,288,289,303,308,379,396,397,400,429,434,580,637,640,644,704,766,769,831,843,855,898,902,903,904,905,921,922,936,940,946,948,1123,1146,1163,1207,1210,1474,1491,1726,2132,2263,2657,2903,2904,2961,2962,2964,3291,4372,5331,5624,5627,5828,6180,6749,7458,
774;0;8728;8843;1;2,15,24,25,35,37,38,42,54,57,60,90,103,144,145,225,231,262,267,268,272,273,274,287,288,289,303,308,379,396,397,400,429,434,516,580,637,640,644,704,766,769,831,843,855,898,902,903,904,905,921,946,948,1123,1146,1163,1207,1210,1474,1587,1726,2263,2407,2657,2868,2903,2904,2961,2962,3291,3510,3544,3719,3767,3781,3807,4372,5331,6180,7999,
31;0;8843;8907;1;2,15,24,25,35,37,38,42,54,57,60,90,103,144,145,177,178,179,180,181,182,183,184,225,231,262,267,268,272,273,274,287,288,289,303,308,379,396,397,400,429,434,516,580,637,640,644,704,766,769,831,843,855,898,902,903,904,905,921,946,948,1123,1146,1163,1207,1210,1474,1587,1726,2263,2407,2657,2903,2904,2961,2962,3291,4372,5331,6180,
31;1;8907;8959;1;2,15,24,25,35,37,38,42,54,57,60,90,103,144,145,177,178,179,180,181,182,183,184,225,231,262,267,268,272,273,274,287,288,289,303,308,379,396,397,400,429,434,516,580,637,640,644,704,766,769,831,843,855,898,902,904,921,946,948,1123,1146,1163,1207,1210,1283,1474,1587,1726,2263,2407,2657,2903,2904,2961,2962,3291,4372,4647,5331,6180,
964;0;8959;9078;1;2,15,16,17,20,24,25,34,35,37,38,40,42,45,54,57,60,90,103,144,145,177,178,179,180,181,183,184,225,231,262,267,268,272,273,274,288,289,308,379,396,397,400,429,434,448,490,494,580,640,644,704,766,769,843,855,904,921,946,948,1123,1146,1163,1207,1210,1474,1582,1587,1726,2263,2407,2657,2903,2904,2961,2962,3291,4372,5331,6180,
1152;0;9078;9198;1;2,24,25,34,37,38,54,90,139,143,144,145,181,225,231,262,267,268,273,274,275,288,289,298,308,321,351,379,396,397,400,429,434,435,580,640,644,647,704,766,769,843,855,904,912,921,946,948,1123,1146,1163,1167,1207,1210,1354,1474,1587,1726,1843,2247,2263,2407,2657,2822,2903,2904,2961,2962,3036,3037,3291,4372,4500,5331,5738,5742,5792,5793,5794,6180,
911;0;9198;9320;1;2,24,25,34,37,38,54,90,139,143,144,145,181,225,231,262,267,268,273,274,275,288,289,298,308,321,351,379,396,397,400,429,434,435,580,640,644,647,704,766,769,843,855,904,912,921,946,948,1123,1146,1163,1167,1207,1210,1354,1474,1587,1726,1843,2247,2263,2407,2657,2822,2903,2904,2961,2962,3036,3037,3291,4372,4500,5331,5476,5738,6180,7397,7398,7399,
13;0;9320;9345;1;2,24,25,34,37,38,54,90,139,143,144,145,181,225,231,262,267,268,273,274,275,288,289,298,308,321,351,379,396,397,400,429,434,435,573,580,640,644,647,704,766,769,843,855,904,912,921,946,948,1123,1146,1163,1167,1207,1210,1354,1398,1401,1474,1477,1480,1587,1726,1843,2247,2263,2407,2657,2822,2903,2904,2961,2962,3037,3291,4372,4390,5331,5738,6180,
13;1;9345;9443;1;24,90,95,139,144,148,149,233,262,275,277,290,377,379,429,580,591,612,644,647,815,838,911,933,1054,1117,1118,1146,1207,1210,1390,1493,1513,1728,1729,1734,1736,1744,1751,1755,1779,1811,1814,1973,2092,2405,2774,2775,2816,2969,3000,3037,3078,3286,3395,3436,3437,3438,3439,3440,3441,3442,3443,3726,3727,3728,3729,3730,3731,3732,4600,4740,5174,5331,6399,6400,7449,7790,8258,8259,
965;0;9443;9569;1;24,90,95,139,144,148,149,233,262,275,277,290,377,379,429,580,591,612,644,647,815,838,911,933,1054,1117,1118,1146,1207,1210,1390,1493,1513,1728,1729,1734,1736,1744,1751,1755,1779,1811,1814,1973,2092,2405,2774,2775,2816,2969,3000,3037,3078,3286,3395,3436,3437,3438,3439,3440,3441,3442,3443,3726,3727,3728,3729,3730,3731,3732,4600,4740,5174,5331,6399,6400,7449,7790,8258,8259,
281;0;9569;9652;1;24,90,95,139,144,148,149,233,262,275,277,290,377,379,429,580,591,612,644,647,815,838,911,933,1054,1117,1118,1146,1207,1210,1390,1493,1513,1728,1729,1734,1736,1744,1751,1755,1779,1811,1814,1973,2092,2405,2774,2775,2816,2969,3000,3037,3078,3286,3395,3436,3437,3438,3439,3440,3441,3442,3443,3726,3727,3728,3729,3730,3731,3732,4600,4740,5174,5331,6399,6400,7449,7790,8258,8259,
281;1;9652;9697;1;24,90,95,139,144,148,149,233,262,275,277,290,377,379,429,580,591,612,644,647,815,838,911,933,1054,1117,1118,1146,1207,1210,1390,1493,1513,1728,1729,1734,1736,1744,1751,1755,1779,1811,1814,1973,2092,2405,2774,2775,2816,2969,3000,3037,3078,3286,3395,3436,3437,3438,3439,3440,3441,3442,3443,3726,3727,3728,3729,3730,3731,3732,4600,4740,5174,5331,6399,6400,7449,7790,8258,8259,
371;0;10080;10157;1;4,24,87,89,90,95,139,144,148,149,233,262,275,277,290,377,379,429,580,591,612,644,647,764,768,770,815,833,836,838,858,862,911,933,944,945,1054,1117,1118,1146,1151,1207,1210,1214,1390,1493,1513,1515,1516,1517,1518,1519,1520,1521,1522,1523,1524,1525,1526,1527,1728,1729,1734,1736,1744,1751,1755,1779,1811,1814,1973,2092,2405,2774,2775,2816,2969,3436,3438,4740,
371;1;10157;10209;1;4,24,87,89,90,95,139,144,148,149,233,249,262,275,277,290,377,379,429,512,580,591,612,644,647,764,768,770,815,833,836,838,858,862,911,933,944,945,1054,1085,1117,1118,1146,1151,1207,1210,1214,1278,1390,1493,1513,1515,1516,1517,1518,1519,1520,1521,1522,1523,1524,1525,1814,1973,2774,2775,2816,2968,3070,3369,3436,3438,4492,4624,4710,4740,4864,5308,7125,8510,
59;0;10209;10275;1;4,24,87,89,90,95,139,144,148,149,233,249,262,275,277,290,293,348,377,379,429,512,580,591,644,647,764,770,773,833,836,838,858,862,911,944,945,1117,1118,1146,1278,1390,1481,1513,1519,1520,1521,1523,1814,1973,2353,2498,2774,2775,2816,3436,3438,4740,6334,6595,7302,7304,7305,7306,7423,7800,7801,7802,7803,7804,7805,7806,7807,7808,7809,7810,7811,7812,7813,7814,
59;1;10275;10340;1;4,24,26,87,89,90,95,139,144,148,149,233,249,262,275,277,290,293,348,377,379,429,512,528,529,580,591,644,647,764,770,773,833,836,838,858,862,911,944,945,1117,1118,1146,1268,1269,1270,1273,1278,1279,1287,1288,1292,1293,1322,1390,1481,1513,1519,1520,1521,1523,1814,1973,2353,2498,2774,2775,2816,2873,2874,2875,2876,2877,3436,3438,4740,6334,6595,7302,7304,
292;0;10340;10384;1;4,24,26,87,89,90,95,139,144,148,149,233,249,262,275,277,290,293,348,377,379,429,512,528,529,580,591,644,647,764,770,773,833,836,838,858,862,911,944,945,1117,1118,1146,1268,1269,1270,1273,1278,1279,1287,1288,1292,1293,1322,1390,1481,1513,1519,1520,1521,1523,1814,1973,2353,2498,2774,2775,2816,2873,2874,2875,2876,2877,3436,3438,4740,5644,6334,6595,7302,
292;1;10384;10473;1;4,24,26,87,89,90,95,139,144,148,149,233,249,262,275,277,290,293,348,377,379,391,429,512,528,529,580,591,644,647,764,770,773,775,833,836,838,858,862,911,944,945,948,1117,1118,1146,1236,1268,1269,1270,1273,1278,1279,1287,1288,1292,1293,1322,1390,1481,1513,1519,1520,1521,1523,1814,1973,2353,2774,2775,2816,2873,2951,3436,3438,4094,4740,5155,5739,6457,
181;0;10473;10574;1;4,24,26,87,89,90,95,139,144,148,149,233,249,262,275,277,290,293,348,377,379,391,429,512,528,529,580,591,644,647,764,770,773,775,833,836,838,858,862,911,944,945,948,1117,1118,1146,1236,1268,1269,1270,1273,1278,1279,1287,1288,1292,1293,1322,1390,1481,1513,1519,1520,1521,1523,1814,1973,2353,2774,2775,2816,2873,2951,3436,3438,4094,4740,5155,5739,9030,
181;1;10574;10608;1;4,24,26,87,89,90,95,139,144,148,149,233,249,262,275,277,290,293,348,377,379,391,429,512,528,529,580,591,644,647,764,770,773,775,833,836,838,858,862,911,944,945,948,1117,1118,1146,1236,1268,1269,1270,1273,1278,1279,1287,1288,1292,1293,1322,1390,1481,1513,1519,1520,1521,1523,1814,1973,2353,2774,2775,2816,2873,2951,3436,3438,4094,4740,5739,8484,8485,
1225;0;10608;10745;1;137,138,144,231,244,267,268,288,290,297,301,434,438,442,591,647,770,833,862,921,927,1057,1123,1363,1476,1478,1519,1520,1603,1608,1668,1669,1671,1750,1756,1765,1920,1921,1970,2052,2105,2250,2391,2491,2532,2645,2649,4397,4399,4400,4401,4472,4740,5205,5214,5223,5400,5656,5697,5738,5739,5741,5746,5747,5748,5749,5750,5751,5752,5753,5754,5755,5756,6180,6193,6607,6799,6872,6873,6874,
900;0;10745;10884;1;48,88,104,137,138,144,149,225,231,244,262,276,288,297,301,321,397,400,438,586,591,640,767,770,833,844,862,863,931,947,949,973,1013,1047,1261,1359,1478,1519,1520,1650,2270,2491,2493,2509,2510,2658,2778,2816,3531,3638,4567,4627,4652,4740,5080,5278,5279,5280,5411,5456,5603,5604,5605,5656,5774,5984,5992,6022,6137,6193,6377,6441,6584,6585,7583,7585,8022,8095,8303,8304,
1125;0;10884;11023;1;48,88,104,137,138,144,149,225,231,244,262,276,288,297,301,321,397,400,438,586,591,640,767,770,833,844,862,863,931,947,949,973,1013,1047,1261,1359,1478,1519,1520,1650,2270,2491,2493,2509,2510,2658,2778,2816,3531,3638,4567,4627,4652,4740,5080,5278,5279,5280,5411,5456,5603,5604,5605,5656,5774,5984,5992,6022,6137,6193,6377,6441,6584,6585,7583,7585,8022,8095,8303,8304,
177;0;11023;11132;1;48,88,104,137,138,144,149,225,231,244,262,276,288,297,301,321,397,400,438,586,591,640,767,770,833,844,862,863,931,947,949,973,1013,1047,1261,1359,1478,1519,1520,1650,2270,2491,2493,2509,2510,2658,2778,2816,3531,3638,4567,4627,4652,4740,5080,5278,5279,5280,5411,5456,5603,5604,5605,5656,5774,5984,5992,6022,6137,6193,6377,6441,6584,6585,7583,7585,8022,8095,8303,8304,
177;1;11132;11163;1;48,88,104,137,138,144,149,225,231,244,262,276,288,297,301,321,397,400,438,586,591,640,767,770,833,844,862,863,931,947,949,973,1013,1047,1261,1359,1478,1519,1520,1650,2270,2491,2493,2509,2510,2658,2778,2816,3531,3638,4567,4627,4652,4740,5080,5278,5279,5280,5411,5456,5603,5604,5605,5656,5774,5984,5992,6022,6137,6193,6377,6441,6584,6585,7583,7585,8022,8095,8303,8304,
1043;0;11163;11305;1;48,88,104,137,138,144,149,225,231,244,262,276,288,297,301,321,397,400,438,586,591,640,767,770,833,844,862,863,931,947,949,973,1013,1047,1261,1359,1478,1519,1520,1650,2270,2491,2493,2509,2510,2658,2778,2816,3531,3638,4567,4627,4652,4740,5080,5278,5279,5280,5411,5456,5603,5604,5605,5656,5774,5984,5992,6022,6137,6193,6377,6441,6584,6585,7583,7585,8022,8095,8303,8304,
1066;0;11305;11449;1;48,88,104,137,138,144,149,225,231,244,262,276,288,297,301,321,397,400,438,586,591,640,767,770,833,844,862,863,931,947,949,973,1013,1047,1261,1359,1478,1519,1520,1650,2270,2491,2493,2509,2510,2658,2778,2816,3531,3638,4567,4627,4652,4740,5080,5278,5279,5280,5411,5456,5603,5604,5605,5656,5774,5984,5992,6022,6137,6193,6377,6441,6584,6585,7583,7585,8022,8095,8303,8304,
203;0;11520;11528;1;48,88,104,137,138,144,149,225,231,244,262,276,288,297,301,321,397,400,438,586,591,640,767,770,784,813,833,844,862,863,931,947,949,973,1013,1047,1261,1359,1478,1519,1520,1650,2198,2270,2491,2493,2509,2510,2570,2658,2778,2816,3531,3638,4567,4627,4652,4740,5080,5278,5279,5280,5411,5456,5603,5604,5605,5656,5774,5984,5992,6022,6137,6193,6377,6390,6391,6392,6441,6584,
203;1;11528;11666;1;26,48,88,104,137,138,144,149,225,231,244,255,262,276,288,297,301,321,397,400,438,528,586,591,640,767,770,784,813,833,844,862,863,931,947,949,973,1013,1047,1261,1269,1275,1277,1279,1280,1287,1293,1295,1322,1359,1390,1478,1519,1893,2261,2509,2577,2778,2795,2816,2842,2941,3413,3531,3831,3869,3986,4007,4021,4567,6957,6958,6959,6960,6961,6962,6963,6964,6965,6966,
912;0;11666;11815;1;4,26,48,88,95,104,137,138,144,149,225,231,244,255,262,276,288,297,301,321,390,391,397,400,402,404,438,528,586,591,640,767,770,784,813,833,844,862,863,931,947,949,973,1013,1047,1163,1261,1269,1275,1277,1279,1280,1287,1293,1295,1322,1359,1390,1478,1519,1801,1893,2223,2261,2509,2577,2778,2795,2816,2842,2941,3413,3531,3831,3869,3986,4007,4567,5650,6961,
819;0;11815;11966;1;4,26,48,88,95,104,137,138,144,149,225,231,244,255,262,276,288,292,297,301,321,390,391,397,400,402,404,438,528,586,591,640,691,767,770,784,813,833,844,862,863,931,947,949,973,1013,1047,1163,1261,1269,1275,1277,1279,1287,1293,1295,1322,1359,1390,1478,2106,2223,2509,2577,2774,2775,2777,2778,2816,2941,3263,3413,3531,3831,4567,4568,4569,4570,4571,6961,
1212;0;11966;12118;1;4,26,48,88,95,104,137,138,144,149,225,231,244,255,262,276,288,292,297,301,321,348,390,391,397,400,402,404,438,528,586,591,640,691,767,770,784,813,833,844,862,863,931,947,949,973,1013,1047,1163,1261,1269,1275,1277,1279,1287,1293,1295,1322,1359,1390,1398,1472,1478,1480,2106,2223,2509,2577,2774,2775,2778,2816,2941,3263,3413,3531,3831,4422,4423,6961,
378;0;12118;12267;1;24,25,26,34,36,37,44,52,54,95,117,137,255,262,288,301,412,422,453,485,529,536,591,618,978,1266,1267,1269,1272,1277,1284,1286,1287,1288,1289,1290,1293,1294,1782,1915,2032,2091,2156,2286,2338,2346,2347,2577,2662,2770,2812,2934,2941,3329,3553,3571,3758,3814,4619,5540,5856,5916,6372,6706,6831,6961,7331,7907,7967,8516,8606,8675,8851,8852,8853,8854,8855,8856,8857,8858,
378;1;12267;12271;1;24,25,26,34,36,37,44,52,54,95,117,137,255,262,288,301,412,422,453,485,529,536,591,618,978,1266,1267,1269,1272,1277,1284,1286,1287,1288,1289,1290,1293,1294,1782,1915,2032,2091,2156,2286,2338,2346,2347,2577,2662,2770,2812,2934,2941,3329,3553,3571,3758,3814,4619,5540,5856,5916,6372,6706,6831,6961,7331,7907,7967,8516,8606,8675,8851,8852,8853,8854,8855,8856,8857,8858,
789;0;12271;12427;1;24,25,26,34,36,37,44,52,54,95,117,137,255,262,288,301,412,422,453,485,529,536,591,618,978,1266,1267,1269,1272,1277,1284,1286,1287,1288,1289,1290,1293,1294,1782,1915,2032,2091,2156,2286,2338,2346,2347,2577,2662,2770,2812,2934,2941,3329,3553,3571,3758,3814,4619,5540,5856,5916,6372,6706,6831,6961,7331,7907,7967,8516,8606,8675,8851,8852,8853,8854,8855,8856,8857,8858,
778;0;12960;13116;1;24,25,26,34,36,37,44,52,54,95,117,137,255,262,288,301,412,422,453,485,529,536,591,618,978,1266,1267,1269,1272,1277,1284,1286,1287,1288,1289,1290,1293,1294,1782,1915,2032,2091,2156,2157,2178,2232,2286,2338,2346,2347,2577,2662,2770,2812,2847,2934,2941,3329,3553,3571,3758,3814,4619,5540,5856,5916,5944,5945,5946,6372,6706,6831,6961,7331,7907,7967,8516,8606,8675,8851,
26;0;13116;13270;1;24,25,26,34,36,37,44,52,54,95,117,137,255,262,288,301,345,351,395,412,422,453,485,529,536,591,618,671,764,858,978,1266,1267,1269,1272,1277,1284,1286,1287,1288,1289,1290,1293,1294,1356,1782,1915,2032,2091,2156,2157,2178,2232,2286,2338,2346,2347,2577,2631,2643,2651,2652,2662,2770,2812,2847,2934,2941,3329,3532,3553,3571,3758,3814,4369,4619,4733,5348,5540,5856,
26;1;13270;13274;1;24,26,137,144,145,146,149,262,288,301,316,377,395,398,429,591,838,852,854,855,891,926,939,949,1118,1134,1165,1287,1288,1293,1476,1478,1484,1675,1768,2247,2292,2347,2370,2371,2583,2587,2707,2738,2904,3133,3436,3438,3634,4424,4473,4537,4658,5248,5251,5298,5452,5695,5697,5698,5700,5702,5807,5808,5809,5810,5811,5812,5813,5814,5815,5816,5817,5818,5819,5820,5821,5822,5823,5824,
933;0;13274;13436;1;2,24,26,137,144,145,146,149,262,265,288,300,301,316,377,393,395,398,429,591,838,852,854,855,891,926,939,949,1050,1051,1052,1118,1134,1150,1165,1232,1287,1288,1293,1476,1478,1484,1675,1768,2247,2292,2347,2355,2370,2371,2583,2587,2707,2738,2904,3133,3436,3438,3634,4424,4473,4537,4658,5248,5251,5298,5452,5695,5697,5698,5700,5702,5807,5808,5809,5810,5811,5812,5813,5814,
86;0;13436;13500;1;2,24,26,130,137,144,145,146,149,262,265,288,300,301,316,377,393,395,398,429,591,838,852,854,855,891,926,939,949,1050,1051,1052,1118,1134,1150,1165,1232,1287,1288,1293,1476,1478,1484,1675,1768,2247,2292,2347,2355,2370,2371,2583,2587,2707,2738,2904,3133,3436,3438,3634,4424,4473,4537,7692,7693,7694,7695,7696,7697,7698,7699,7700,7701,7702,7703,7704,7705,7706,7707,7708,
86;1;13500;13601;1;2,24,26,130,137,144,145,146,149,262,265,288,300,301,316,377,393,395,398,429,591,838,852,854,855,891,926,939,949,1050,1051,1052,1118,1134,1150,1165,1232,1287,1288,1293,1476,1478,1484,1675,1768,2247,2292,2347,2355,2370,2371,2407,2583,2587,2707,2738,2904,3133,3436,3438,3634,4010,4217,4424,4473,4537,7692,7693,7694,7695,7696,7697,7698,7699,7700,7701,7702,7703,7704,7705,
1103;0;13601;13766;1;26,97,137,144,145,149,225,262,288,308,321,366,377,380,390,391,395,398,408,415,429,528,532,544,838,854,891,926,938,949,1117,1118,1134,1145,1146,1147,1148,1163,1165,1166,1167,1168,1170,1171,1172,1173,1174,1270,1271,1278,1279,1287,1293,1295,1322,1360,1401,1474,1478,1488,2249,2347,2355,2407,2508,2645,2680,3293,3413,3876,3908,4108,5392,7074,7213,7295,7316,8442,8488,8489,
315;0;13766;13772;1;26,97,137,144,145,149,225,262,288,308,321,366,377,380,390,391,395,398,408,415,429,528,532,544,838,854,891,926,938,949,1117,1118,1134,1145,1146,1147,1148,1163,1165,1166,1167,1168,1170,1171,1172,1173,1174,1270,1271,1278,1279,1287,1293,1295,1322,1360,1401,1474,1478,1488,2249,2347,2355,2407,2508,2645,2680,3293,3413,3876,3908,4108,5392,7074,7213,7295,7316,8442,8488,8489,
315;1;13772;13933;1;26,97,137,144,145,149,225,262,288,308,321,366,377,380,390,391,395,398,408,415,429,528,532,544,838,854,891,926,938,949,1117,1118,1134,1145,1146,1147,1148,1163,1165,1166,1167,1168,1170,1171,1172,1173,1174,1270,1271,1278,1279,1287,1293,1295,1322,1360,1401,1474,1478,1488,2249,2347,2355,2407,2508,2645,2680,3293,3413,3876,3908,4108,5392,7074,7213,7295,7316,8442,8488,8489,
35;0;13933;14061;1;26,97,137,144,145,149,225,262,288,308,321,366,377,380,390,391,395,398,408,415,429,528,532,544,838,854,891,926,938,949,1117,1118,1134,1145,1146,1147,1148,1163,1165,1166,1167,1168,1170,1171,1172,1173,1174,1270,1271,1278,1279,1287,1293,1295,1322,1360,1401,1474,1478,1488,2249,2347,2355,2407,2508,2645,2680,3293,3413,3876,3908,4108,5392,7074,7213,7295,7316,8442,8488,8489,
35;1;14061;14102;1;26,97,137,144,145,149,225,262,288,308,321,366,377,380,390,391,395,398,408,415,429,528,532,544,838,854,891,926,938,949,1117,1118,1134,1145,1146,1147,1148,1163,1165,1166,1167,1168,1170,1171,1172,1173,1174,1270,1271,1278,1279,1287,1293,1295,1322,1360,1401,1474,1478,1488,2249,2347,2355,2407,2508,2645,2680,3293,3413,3876,3908,4108,5392,7074,7213,7295,7316,8442,8488,8489,
376;0;14102;14157;1;26,97,137,144,145,149,225,262,288,308,321,366,377,380,390,391,395,398,408,415,429,528,532,544,838,854,891,926,938,949,1117,1118,1134,1145,1146,1147,1148,1163,1165,1166,1167,1168,1170,1171,1172,1173,1174,1270,1271,1278,1279,1287,1293,1295,1322,1360,1401,1474,1478,1488,2249,2347,2355,2407,2508,2645,2680,3293,3413,3876,3908,4108,5392,7074,7213,7295,7316,8442,8488,8489,
376;1;14157;14272;1;26,97,137,144,145,149,225,262,288,308,321,366,377,380,390,391,395,398,408,415,429,528,532,544,838,854,891,926,938,949,1117,1118,1134,1145,1146,1147,1148,1163,1165,1166,1167,1168,1170,1171,1172,1173,1174,1270,1271,1278,1279,1287,1293,1295,1322,1360,1401,1474,1478,1488,2249,2347,2355,2407,2508,2645,2680,3293,3413,3876,3908,4108,5392,7074,7213,7295,7316,8442,8488,8489,
1195;0;14400;14570;1;26,95,97,137,144,145,149,225,262,276,288,308,321,337,366,377,380,390,391,395,398,408,415,429,528,532,544,680,681,765,838,844,849,854,891,926,938,949,1117,1118,1134,1145,1146,1147,1148,1163,1165,1166,1167,1168,1170,1171,1172,1173,1174,1270,1271,1278,1293,1295,1322,1474,1478,1488,1529,2407,2645,3293,3529,3532,3745,4404,4405,4406,4407,4408,4409,4410,4411,4412,
904;0;14570;14741;1;26,95,97,137,144,145,149,225,231,262,269,276,277,288,308,321,337,366,377,380,390,391,395,396,398,404,408,415,429,528,532,544,647,680,681,765,838,844,849,854,891,926,938,949,1117,1118,1134,1145,1146,1147,1148,1163,1165,1166,1170,1173,1236,1293,1295,1322,1378,1417,1473,1474,1478,1488,1529,2223,2407,2645,2649,3108,3293,3532,4405,5734,6263,6286,6287,6384,
954;0;14741;14915;1;26,95,97,137,144,145,149,225,231,262,269,276,277,288,308,321,337,366,377,380,390,391,395,396,398,404,408,415,429,528,532,544,569,647,680,681,765,838,844,849,854,891,926,938,949,1117,1118,1134,1145,1146,1147,1148,1163,1165,1166,1170,1173,1236,1262,1293,1295,1322,1378,1417,1473,1474,1478,1488,1529,2223,2407,2645,2649,2829,3108,3293,3532,4405,4489,5262,
361;0;14915;15052;1;26,95,97,137,144,145,149,181,225,231,262,269,276,277,288,308,321,335,337,366,377,380,390,391,395,396,398,404,408,415,429,528,532,544,569,647,680,681,694,765,766,769,838,843,844,849,854,858,891,926,938,949,1117,1118,1134,1145,1146,1147,1148,1163,1165,1166,1170,1173,1293,1295,1322,1378,1474,1478,1488,1529,2407,2627,2645,2649,3293,3532,3583,4405,
361;1;15052;15089;1;26,95,97,137,139,144,145,149,181,225,231,262,269,274,276,277,288,296,308,321,335,337,366,377,380,390,391,395,396,398,404,408,415,429,528,532,544,569,640,647,680,694,765,766,769,838,843,854,858,891,926,948,949,1093,1117,1118,1134,1146,1147,1148,1170,1173,1293,1295,1322,1378,1474,1478,1488,1529,1973,2407,2627,2645,2649,3293,3532,3711,4405,4553,
834;0;15089;15265;1;4,135,137,139,144,149,225,231,262,277,320,321,377,395,398,404,528,647,677,694,765,854,926,948,1070,1093,1117,1118,1134,1147,1170,1268,1277,1293,1294,1295,1322,1361,1378,1428,1478,1481,1502,1529,1670,1674,1843,1973,2263,2321,2407,2501,2561,2562,2625,2626,2642,2693,2713,2899,3147,3249,3280,3527,3915,4033,4405,5454,5935,5936,5937,5938,5939,5940,6412,6682,8098,8842,8844,8847,
1156;0;15265;15442;1;4,135,137,139,144,149,225,231,262,277,320,321,377,395,398,404,528,647,677,694,765,854,926,948,1070,1093,1117,1118,1134,1147,1170,1268,1277,1293,1294,1295,1322,1361,1378,1428,1478,1481,1502,1529,1670,1674,1843,1973,2263,2321,2407,2501,2561,2562,2625,2626,2642,2693,2713,2899,3147,3249,3280,3527,3915,4033,4405,5454,5935,5936,5937,5938,5939,5940,6412,6682,8098,8842,8844,8847,
1040;0;15442;15621;1;4,135,137,139,144,149,225,231,262,277,320,321,377,395,398,404,528,647,677,694,765,854,926,948,1070,1093,1117,1118,1134,1147,1170,1268,1277,1293,1294,1295,1322,1361,1378,1428,1478,1481,1502,1529,1670,1674,1843,1973,2263,2321,2407,2501,2561,2562,2625,2626,2642,2693,2713,2899,3147,3249,3280,3527,3915,4033,4405,5454,5935,5936,5937,5938,5939,5940,6412,6682,8098,8842,8844,8847,
END
fineshedJobsCount: 928
switchs: 11713
switchsInstances: 633
unfineshedPriorityCount: 307
finalSolution: 587
totalUnfineshed: 308
Time: 65
