input/MyInstancesDiferentToolSets/n=1236,p=0.25,r=0.6,t=1265,v0.csv;./input/Processed/ToolSetInt.csv
11;720;1440;15840
Machine: 0
858;0;0;10;1;24,139,143,144,146,149,180,225,262,277,288,305,307,312,313,379,380,381,384,385,398,402,429,442,591,592,593,594,595,596,645,769,1051,1117,1133,1146,1480,1481,1814,1921,2053,2503,2802,2803,2804,2805,2806,2807,2808,2809,2810,2811,2812,2813,2824,2988,3034,3035,3920,4093,4165,4501,4553,5644,5706,7338,8468,8469,8551,8559,9031,9041,9131,9137,9138,9139,9140,9141,9142,9143,
1218;0;10;26;1;24,139,143,144,146,149,180,225,262,277,288,305,307,312,313,379,380,381,384,385,398,402,429,442,591,592,593,594,595,596,645,769,1051,1117,1133,1146,1480,1481,1814,1921,2053,2503,2802,2803,2804,2805,2806,2807,2808,2809,2810,2811,2812,2813,2824,2988,3034,3035,3920,4093,4165,4501,4553,5644,5706,7338,8468,8469,8551,8559,9031,9041,9131,9137,9138,9139,9140,9141,9142,9143,
872;0;26;50;1;24,139,143,144,146,149,180,225,262,277,288,305,307,312,313,379,380,381,384,385,398,402,429,442,591,592,593,594,595,596,645,769,1051,1117,1133,1146,1480,1481,1814,1921,2053,2503,2802,2803,2804,2805,2806,2807,2808,2809,2810,2811,2812,2813,2824,2988,3034,3035,3920,4093,4165,4501,4553,5644,5706,7338,8468,8469,8551,8559,9031,9041,9131,9137,9138,9139,9140,9141,9142,9143,
94;0;50;75;0;24,139,143,144,146,149,180,225,262,277,288,305,307,312,313,379,380,381,384,385,398,402,429,442,591,592,593,594,595,596,645,769,1051,1117,1133,1146,1480,1481,1814,1921,2053,2503,2802,2803,2804,2805,2806,2807,2808,2809,2810,2811,2812,2813,2824,2988,3034,3035,3920,4093,4165,4501,4553,5644,5706,7338,8468,8469,8551,8559,9031,9041,9131,9137,9138,9139,9140,9141,9142,9143,
94;1;75;126;0;24,139,143,144,146,149,180,225,262,277,288,305,307,312,313,379,380,381,384,385,398,402,429,442,591,592,593,594,595,596,645,769,1051,1117,1133,1146,1480,1481,1814,1921,2053,2503,2802,2803,2804,2805,2806,2807,2808,2809,2810,2811,2812,2813,2824,2988,3034,3035,3920,4093,4165,4501,4553,5644,5706,7338,8468,8469,8551,8559,9031,9041,9131,9137,9138,9139,9140,9141,9142,9143,
1028;0;126;158;1;24,139,143,144,146,149,180,225,262,277,288,305,307,312,313,379,380,381,384,385,398,402,429,442,591,592,593,594,595,596,645,769,1051,1117,1133,1146,1480,1481,1814,1921,2053,2503,2802,2803,2804,2805,2806,2807,2808,2809,2810,2811,2812,2813,2824,2988,3034,3035,3920,4093,4165,4501,4553,5644,5706,7338,8468,8469,8551,8559,9031,9041,9131,9137,9138,9139,9140,9141,9142,9143,
1207;0;158;191;1;24,139,143,144,146,149,180,225,262,277,288,305,307,312,313,379,380,381,384,385,398,402,429,442,591,592,593,594,595,596,645,769,1051,1117,1133,1146,1480,1481,1814,1921,2053,2503,2802,2803,2804,2805,2806,2807,2808,2809,2810,2811,2812,2813,2824,2988,3034,3035,3920,4093,4165,4501,4553,5644,5706,7338,8468,8469,8551,8559,9031,9041,9131,9137,9138,9139,9140,9141,9142,9143,
4;0;191;196;1;24,139,143,144,146,149,180,225,262,277,288,305,307,312,313,379,380,381,384,385,398,402,429,442,591,592,593,594,595,596,645,769,1051,1117,1133,1146,1480,1481,1814,1921,2053,2503,2802,2803,2804,2805,2806,2807,2808,2809,2810,2811,2812,2813,2824,2988,3034,3035,3920,4093,4165,4501,4553,5644,5706,7338,8468,8469,8551,8559,9031,9041,9131,9137,9138,9139,9140,9141,9142,9143,
4;1;196;231;1;24,139,143,144,146,149,180,225,262,277,288,305,307,312,313,379,380,381,384,385,398,402,429,442,591,592,593,594,595,596,645,769,1051,1117,1133,1146,1480,1481,1814,1921,2053,2503,2802,2803,2804,2805,2806,2807,2808,2809,2810,2811,2812,2813,2824,2988,3034,3035,3920,4093,4165,4501,4553,5644,5706,7338,8468,8469,8551,8559,9031,9041,9131,9137,9138,9139,9140,9141,9142,9143,
134;0;231;240;0;24,139,143,144,146,149,180,225,262,277,288,305,307,312,313,379,380,381,384,385,398,402,429,442,591,592,593,594,595,596,645,769,1051,1117,1133,1146,1480,1481,1814,1921,2053,2503,2802,2803,2804,2805,2806,2807,2808,2809,2810,2811,2812,2813,2824,2988,3034,3035,3470,3473,3474,3920,4093,4165,4501,4553,5644,5706,7338,8265,8340,8468,8469,8559,8764,8765,8770,9014,9015,9016,
134;1;240;333;0;24,139,143,144,146,149,180,225,262,277,288,305,307,312,313,379,380,381,384,385,398,402,429,442,591,592,593,594,595,596,645,769,1051,1117,1133,1146,1480,1481,1814,1921,2053,2503,2802,2803,2804,2805,2806,2807,2808,2809,2810,2811,2812,2813,2824,2988,3034,3035,3470,3473,3474,3920,4093,4165,4501,4553,5644,5706,7338,7362,8265,8340,8468,8469,8559,8764,8765,8770,9014,9015,
241;0;333;488;0;17,24,139,143,144,146,149,180,202,206,225,262,277,288,305,307,312,313,379,380,381,384,385,398,402,429,442,591,592,593,594,595,596,645,769,794,987,1051,1117,1133,1146,1480,1481,1814,1921,1992,2053,2413,2503,2802,2803,2804,2805,2806,2807,2808,2809,2810,2811,2812,2813,2824,2937,2941,2988,3034,3470,3473,3474,4093,4501,4553,4982,5706,8265,8340,8559,8764,8765,8770,
241;1;488;661;0;17,24,139,143,144,146,149,180,206,225,231,262,270,277,288,305,313,379,380,398,402,429,442,591,595,640,645,769,854,948,949,987,1051,1117,1118,1133,1146,1170,1474,1475,1480,1481,1493,1809,1814,1921,2053,2413,2503,2802,2803,2804,2806,2812,2815,2824,2941,2988,3284,3470,3473,3474,4093,4398,4470,4472,4501,4511,4553,4596,4673,4674,4675,5706,8265,8340,8559,8764,8765,8770,
36;0;661;826;0;17,24,139,143,144,146,149,180,206,225,231,262,270,275,277,288,289,298,305,313,321,351,379,380,397,398,402,429,435,442,591,595,640,645,647,769,854,912,948,949,987,1051,1117,1118,1133,1146,1167,1170,1354,1474,1475,1480,1481,1726,1809,1814,1843,1921,2053,2247,2413,2804,2812,2822,2941,2988,3036,3037,3470,4093,4472,4500,4553,5706,5738,5742,5792,5793,5794,8340,
36;1;1440;1596;0;137,138,139,144,225,231,244,267,268,288,290,297,301,434,438,442,591,647,921,927,1051,1057,1118,1123,1133,1363,1476,1478,1603,1608,1668,1669,1671,1750,1756,1765,1920,1921,1970,2052,2053,2105,2250,2391,2491,2532,2645,2649,4397,4399,4400,4401,4472,5205,5214,5223,5400,5656,5697,5738,5739,5741,5746,5747,5748,5749,5750,5751,5752,5753,5754,5755,5756,6180,6193,6607,6799,6872,6873,6874,
44;0;1596;1768;0;137,138,139,144,225,231,244,267,268,288,290,297,301,390,393,434,438,442,591,647,921,927,1048,1051,1057,1118,1123,1133,1145,1358,1363,1476,1478,1603,1604,1608,1668,1669,1671,1750,1756,1765,1920,1921,1970,2052,2053,2105,2250,2391,2491,2532,2645,2649,4397,4399,4400,4401,4472,5205,5214,5223,5400,5656,5697,5738,5739,5741,5746,5747,5748,5749,5750,5751,5752,5753,5754,5755,6180,6872,
44;1;1768;1893;0;137,138,139,144,225,231,244,267,268,288,290,295,297,301,390,393,434,438,442,591,647,921,927,948,1048,1051,1057,1118,1123,1133,1134,1145,1236,1358,1361,1363,1476,1478,1603,1604,1608,1668,1669,1671,1750,1756,1765,1916,1920,1921,1970,2052,2053,2105,2250,2338,2391,2491,2532,2645,2649,3630,4397,4399,4400,4401,4472,4553,4754,4996,5011,5205,5214,5223,5338,5739,5750,6180,6746,6872,
350;0;1893;2031;0;137,138,139,144,225,231,267,268,288,290,301,390,400,430,435,439,442,591,606,609,612,647,715,927,941,948,1048,1051,1057,1094,1099,1118,1134,1145,1236,1346,1358,1361,1363,1406,1417,1478,1540,1604,1669,1671,1916,1970,2052,2053,2094,2338,2645,2649,2715,3099,4400,4475,4553,4637,5134,5135,5136,5137,5138,5139,5140,5141,5142,5143,5144,5145,5146,5147,5148,5149,5150,5151,5152,5739,
350;1;2031;2180;0;137,139,144,177,182,185,206,225,262,273,301,302,305,310,314,317,322,390,391,395,429,442,609,647,715,775,854,855,948,1048,1051,1063,1118,1121,1132,1134,1145,1146,1163,1236,1333,1346,1358,1474,1484,1604,1675,1676,1932,1970,1988,2223,2394,2649,2816,2892,2910,3205,3207,3210,3218,3256,3345,3389,3470,3492,3501,4094,4400,4553,4821,5155,5432,5706,5739,8339,8340,8341,8484,8485,
45;0;2180;2299;0;137,139,144,177,182,185,206,225,262,273,301,302,305,310,314,317,322,390,391,395,429,442,609,647,715,775,854,855,948,1048,1051,1063,1118,1121,1132,1134,1145,1146,1163,1236,1333,1346,1358,1474,1484,1604,1675,1676,1932,1970,1988,2223,2394,2649,2816,2892,2910,3205,3207,3210,3218,3256,3345,3389,3470,3492,3501,4094,4400,4553,4821,5155,5432,5706,5739,8339,8340,8341,8484,8485,
45;1;2299;2458;0;137,139,144,177,182,185,206,225,262,273,301,302,305,310,314,317,322,390,391,395,429,442,609,647,715,775,854,855,948,1048,1051,1063,1118,1121,1132,1134,1145,1146,1163,1236,1333,1346,1358,1474,1484,1604,1675,1676,1932,1970,1988,2223,2394,2649,2816,2892,2910,3205,3207,3210,3218,3256,3345,3389,3470,3492,3501,4094,4400,4553,4821,5155,5432,5706,5739,8339,8340,8341,8484,8485,
150;0;2458;2630;0;137,139,144,177,182,185,206,225,262,273,301,302,305,310,314,317,322,390,391,395,429,442,609,647,715,775,854,855,948,1048,1051,1063,1118,1121,1132,1134,1145,1146,1163,1236,1333,1346,1358,1474,1484,1604,1675,1676,1932,1970,1988,2223,2394,2649,2816,2892,2910,3205,3207,3210,3218,3256,3345,3389,3470,3492,3501,4094,4400,4553,4821,5155,5432,5706,5739,8339,8340,8341,8484,8485,
150;1;2630;2724;0;137,139,144,177,182,185,206,225,262,273,301,302,305,310,314,317,322,390,391,395,429,442,609,647,715,775,854,855,948,1048,1051,1063,1118,1121,1132,1134,1145,1146,1163,1236,1333,1346,1358,1474,1484,1604,1675,1676,1932,1970,1988,2223,2394,2649,2816,2892,2910,3205,3207,3210,3218,3256,3345,3389,3470,3492,3501,4094,4400,4553,4821,5155,5432,5706,5739,8339,8340,8341,8484,8485,
149;0;2880;3028;0;137,139,144,152,175,177,182,189,197,225,262,273,301,302,305,314,390,391,395,415,429,442,551,609,647,715,729,854,855,875,948,1048,1051,1063,1118,1121,1134,1145,1146,1291,1333,1341,1346,1358,1474,1484,1545,1604,1675,1676,1777,1932,1970,2068,2148,2174,2223,2233,2258,2649,2816,2856,2873,2892,3256,3345,3409,3802,3829,4060,4400,4553,4864,4866,4868,4869,4871,5432,5779,5780,
149;1;3028;3143;0;137,139,144,152,175,177,182,189,197,225,255,262,273,301,302,305,314,390,391,395,415,429,442,476,551,609,647,715,729,754,854,855,875,948,987,1048,1051,1063,1118,1121,1134,1145,1146,1291,1333,1341,1346,1358,1474,1484,1545,1604,1675,1676,1719,1777,1932,1970,2068,2074,2080,2223,2233,2555,2649,2816,2849,2892,2941,3256,3345,3409,3802,3814,3829,4400,4553,5432,6686,9194,
318;0;3143;3307;0;137,139,144,152,175,177,182,189,197,198,225,255,262,273,301,302,305,314,390,391,395,415,429,442,476,551,609,647,715,729,754,854,855,875,948,987,1015,1048,1051,1063,1118,1121,1134,1145,1146,1291,1333,1341,1346,1358,1474,1484,1545,1604,1675,1676,1932,1970,2068,2074,2080,2223,2233,2649,2816,2849,2892,2941,3256,3345,3409,3802,3814,3829,4400,4437,4553,5290,5432,6686,
318;1;3307;3400;0;34,52,137,139,144,152,175,177,182,189,197,198,225,255,262,273,301,302,305,314,390,391,395,415,429,442,476,551,609,647,715,729,754,854,855,875,948,987,1048,1051,1063,1118,1121,1134,1145,1146,1291,1333,1346,1358,1474,1484,1604,1675,1676,1726,1932,1970,2068,2074,2080,2223,2233,2649,2816,2849,2872,2892,2941,3256,3345,3409,3802,3814,3829,4400,4553,5432,5468,6686,
95;0;3400;3505;0;52,90,137,139,144,149,152,177,182,189,198,225,255,262,273,301,302,305,314,390,391,395,429,442,476,609,647,715,729,772,773,843,854,855,875,948,1048,1051,1063,1118,1121,1134,1145,1146,1333,1346,1358,1474,1484,1604,1675,1676,1726,1922,1932,1970,2068,2074,2223,2233,2498,2649,2816,2892,2941,3256,3345,3409,3802,3814,3829,4400,4427,4553,4728,4747,5107,5108,5281,5432,
95;1;3505;3650;0;3,24,74,79,139,144,149,189,204,225,226,230,262,275,301,321,390,396,398,502,506,555,647,787,790,833,855,863,875,948,960,1048,1060,1093,1117,1134,1162,1181,1278,1279,1293,1358,1474,1481,1502,1589,1670,1814,1937,1996,2070,2074,2150,2224,2597,2649,2836,3348,3395,3409,3546,3611,3722,3810,3948,4114,4115,4116,4400,4450,4535,4553,4746,5111,5206,5432,5627,7009,7884,7885,
201;0;3650;3827;0;3,24,74,79,139,144,149,189,204,225,226,230,262,275,301,321,390,396,398,502,506,555,647,787,790,833,855,863,875,948,960,1048,1060,1093,1117,1134,1162,1181,1278,1279,1293,1358,1474,1481,1502,1589,1670,1814,1937,1996,2070,2074,2150,2224,2597,2649,2836,3348,3395,3409,3546,3611,3722,3810,3948,4114,4115,4116,4400,4450,4535,4553,4746,5111,5206,5432,5627,7009,7884,7885,
201;1;3827;3895;0;3,24,74,79,139,144,149,189,204,225,226,230,262,275,301,321,390,396,398,502,506,555,647,787,790,833,855,863,875,948,960,1048,1060,1093,1117,1134,1162,1181,1278,1279,1293,1358,1474,1481,1502,1589,1670,1814,1937,1996,2070,2074,2150,2224,2597,2649,2836,3348,3395,3409,3546,3611,3722,3810,3948,4114,4115,4116,4400,4450,4535,4553,4746,5111,5206,5432,5627,7009,7884,7885,
39;0;3895;4014;0;3,24,74,79,139,144,149,189,204,225,226,230,262,275,301,321,390,396,398,502,506,555,647,787,790,833,855,863,875,948,960,1048,1060,1093,1117,1134,1162,1181,1278,1279,1293,1358,1474,1481,1502,1589,1670,1814,1937,1996,2070,2074,2150,2224,2597,2649,2836,3348,3395,3409,3546,3611,3722,3810,3948,4114,4115,4116,4400,4450,4535,4553,4746,5111,5206,5432,5627,7009,7884,7885,
39;1;4320;4439;0;3,24,74,79,139,144,149,189,204,225,226,230,262,275,301,321,390,396,398,502,506,555,647,787,790,833,855,863,875,948,960,1048,1060,1093,1117,1134,1162,1181,1273,1277,1278,1279,1293,1294,1358,1474,1481,1502,1589,1670,1814,1937,1996,2070,2074,2150,2224,2597,2649,2836,2965,2966,2967,2968,2969,3348,3395,3409,3546,3611,3722,3948,4114,4115,4400,4450,4535,4553,4746,5206,
98;0;4439;4499;0;3,24,74,79,139,144,149,189,204,225,226,230,262,275,301,321,390,396,398,502,506,555,647,787,790,833,855,863,875,948,960,1048,1060,1093,1117,1134,1162,1181,1273,1277,1278,1279,1293,1294,1358,1474,1481,1502,1589,1670,1814,1937,1996,2070,2074,2150,2224,2597,2649,2836,2965,2966,2967,2968,2969,3348,3395,3409,3546,3611,3948,4114,4115,4400,4450,4535,4553,4746,5206,7368,
98;1;4499;4674;0;3,24,74,79,139,144,149,189,204,225,226,230,262,275,294,301,321,390,396,398,502,506,555,645,647,787,790,833,855,863,875,948,960,1048,1060,1093,1117,1134,1162,1181,1273,1277,1278,1279,1293,1294,1358,1398,1474,1481,1502,1589,1670,1814,1937,1996,2070,2074,2150,2224,2597,2649,2836,2965,2966,2967,2968,2969,3348,3395,3409,3948,4114,4115,4400,4450,4535,4553,4746,5206,
341;0;4674;4738;0;3,24,74,79,139,144,149,189,204,225,226,230,262,275,301,321,390,396,398,502,506,645,647,677,787,790,855,948,960,1048,1093,1117,1162,1181,1273,1277,1278,1279,1293,1294,1358,1451,1474,1481,1814,1996,2070,2626,2628,2649,2660,2689,2968,3348,3409,3948,4114,4115,4400,4450,4535,4553,5206,5507,5633,6022,6114,6370,6723,7203,7204,7205,7206,7207,7208,7209,7210,7211,7212,7213,
341;1;4738;4906;0;3,24,74,79,139,144,149,189,225,226,230,262,275,301,321,390,396,398,502,506,645,647,787,790,855,948,960,1048,1093,1117,1162,1181,1273,1277,1278,1279,1293,1294,1358,1474,1481,1814,1996,2070,2649,2689,2968,3348,3409,3948,4114,4115,4450,4535,5206,6022,6357,6360,6586,6882,7045,7138,7286,7484,7492,7496,7503,7507,7521,7522,7523,7524,7525,7527,7529,7530,7531,7532,7533,7534,
197;0;4906;5053;0;3,24,26,27,38,61,72,100,137,144,177,178,179,180,181,182,183,184,189,262,280,390,398,491,528,609,647,666,715,862,1048,1051,1054,1089,1093,1145,1146,1268,1274,1277,1287,1293,1294,1295,1297,1346,1358,1365,1481,1599,1604,1702,1936,1945,1970,1971,2261,2339,2419,2420,2444,2446,2475,2678,2689,3888,4206,4645,5056,5057,5058,5525,5530,5538,5637,5869,6311,6314,6322,7871,
197;1;5053;5133;0;3,24,26,27,38,61,72,100,137,144,177,178,179,180,181,182,183,184,189,262,280,390,398,491,528,609,647,666,715,862,1048,1051,1054,1089,1093,1145,1146,1268,1274,1277,1287,1293,1294,1295,1297,1346,1358,1365,1481,1599,1604,1702,1936,1945,1970,1971,2261,2339,2419,2420,2444,2446,2475,2678,2689,3888,4206,4645,5056,5057,5058,5525,5530,5538,5637,5869,6311,6314,6322,7871,
23;0;5133;5206;0;3,24,26,27,38,61,72,100,137,144,177,178,179,180,181,182,183,184,189,262,280,390,398,491,528,609,647,666,715,862,1048,1051,1054,1089,1093,1145,1146,1268,1274,1277,1287,1293,1294,1295,1297,1346,1358,1365,1481,1599,1604,1702,1936,1945,1970,1971,2261,2339,2419,2420,2444,2446,2475,2678,2689,3888,4206,4645,5056,5057,5058,5525,5530,5538,5637,5869,6311,6314,6322,7871,
23;1;5206;5357;0;3,24,26,27,38,61,72,100,137,144,177,178,179,180,181,182,183,184,189,262,280,390,398,491,528,609,647,666,715,862,1048,1051,1054,1089,1093,1145,1146,1268,1274,1277,1287,1293,1294,1295,1297,1346,1358,1365,1481,1599,1604,1702,1936,1945,1970,1971,2261,2339,2419,2420,2444,2446,2475,2678,2689,3888,4206,4645,5056,5057,5058,5525,5530,5538,5637,5869,6311,6314,6322,7871,
129;0;5357;5481;0;3,24,26,27,38,61,72,100,137,144,177,178,179,180,181,182,183,184,189,262,280,390,398,491,528,609,647,666,715,862,1048,1051,1054,1089,1093,1145,1146,1268,1274,1277,1287,1293,1294,1295,1297,1346,1358,1365,1481,1599,1604,1702,1936,1945,1970,1971,2261,2339,2419,2420,2444,2446,2475,2678,2689,3888,4206,4645,5056,5057,5058,5525,5530,5538,5637,5869,6311,6314,6322,7871,
129;1;5760;5857;0;3,24,26,27,38,61,72,100,137,144,177,178,179,180,181,182,183,184,189,262,280,390,398,491,528,609,647,666,715,862,1048,1051,1054,1089,1093,1145,1146,1268,1269,1270,1274,1277,1287,1293,1294,1295,1297,1322,1346,1358,1365,1481,1599,1604,1702,1936,1945,1970,1971,2220,2261,2339,2407,2475,2678,3703,3721,3797,4112,4206,4217,4353,5525,5530,5538,5637,5869,6311,6314,6322,
319;0;5857;5921;0;1,3,24,26,27,38,61,100,136,137,144,177,178,179,180,181,182,183,184,189,262,277,390,398,528,609,647,666,715,862,1048,1051,1054,1093,1145,1146,1268,1269,1270,1277,1287,1293,1294,1295,1322,1358,1361,1397,1481,1599,1604,1702,1807,1936,1945,1971,2053,2109,2220,2407,2475,2678,3278,3703,3721,3797,4112,4217,4353,4677,5525,5530,5538,5637,5869,6311,6517,6518,6519,6520,
319;1;5921;6068;0;1,3,24,26,38,61,78,100,136,137,144,177,178,179,180,181,182,184,189,262,277,390,398,528,529,609,647,666,715,862,1048,1051,1054,1093,1145,1146,1268,1269,1277,1285,1287,1288,1289,1293,1294,1295,1358,1361,1397,1481,1604,1702,1779,1783,1807,1936,1945,1971,2053,2109,2175,2263,2282,2471,2475,2678,3049,3278,3701,3702,3703,3716,3717,4677,5525,5538,5637,6311,6519,6520,
125;0;6068;6228;0;1,3,24,26,38,61,100,136,137,144,177,178,179,180,181,182,184,189,262,277,390,398,528,529,609,647,666,715,862,1048,1051,1054,1093,1145,1146,1268,1269,1277,1285,1287,1288,1289,1293,1294,1295,1358,1361,1397,1481,1604,1807,1936,1945,1971,2053,2109,2175,2263,2475,2678,3278,3703,4677,5525,5538,5637,6311,6360,6519,6520,8219,8379,8380,8383,8384,8386,8387,8388,8389,8390,
125;1;6228;6276;0;1,3,24,26,38,61,100,136,137,144,177,178,179,180,181,182,184,188,189,251,262,277,390,398,528,529,609,647,666,715,862,1048,1051,1054,1093,1145,1146,1268,1269,1277,1285,1287,1288,1289,1293,1294,1295,1358,1361,1397,1481,1604,1712,1807,1868,1936,1945,1971,2053,2109,2175,2263,2306,2475,2678,3255,3278,3692,3693,3694,3695,3696,3697,4677,5525,5538,5637,6311,6519,6520,
212;0;6276;6440;0;1,3,24,38,100,136,137,142,144,149,177,178,179,180,181,182,184,189,262,277,315,379,380,390,394,398,399,400,609,647,666,715,862,1048,1051,1054,1055,1061,1093,1145,1146,1149,1231,1293,1358,1361,1363,1397,1481,1604,1726,1807,1809,1822,1823,1824,1825,1826,1827,1828,1829,1830,1831,1832,1945,1971,2053,2109,2306,2475,2678,3255,3278,4677,5525,5538,5637,6311,6519,6520,
212;1;6440;6481;0;1,8,17,20,24,25,38,40,46,52,76,95,100,137,141,142,144,189,210,230,241,249,276,277,379,390,402,429,480,609,647,666,715,768,843,978,1051,1054,1146,1201,1273,1293,1358,1481,1707,1801,1806,1809,1945,2172,2231,2233,2306,2399,2400,2401,2405,2499,2631,2651,2653,2829,2941,2968,3152,3255,3613,3615,4263,4265,4268,4269,4611,5525,5538,5637,5690,5691,5692,6722,
104;0;6481;6632;0;1,8,17,20,24,25,38,40,46,52,76,95,100,137,141,142,144,189,210,230,241,249,276,277,379,390,402,429,480,609,647,666,715,768,843,978,1051,1054,1146,1201,1273,1293,1358,1481,1707,1801,1806,1809,1945,2172,2231,2233,2306,2399,2400,2401,2405,2499,2631,2651,2653,2829,2941,2968,3152,3255,3613,3615,4263,4265,4268,4269,4611,5525,5538,5637,5690,5691,5692,6722,
104;1;6632;6684;0;1,8,17,20,24,25,38,40,46,52,76,95,100,137,141,142,144,189,210,230,241,249,276,277,379,390,402,429,480,609,647,666,715,768,843,978,1051,1054,1146,1201,1273,1293,1358,1481,1707,1801,1806,1809,1945,2172,2231,2233,2306,2399,2400,2401,2405,2499,2631,2651,2653,2829,2941,2968,3152,3255,3613,3615,4263,4265,4268,4269,4611,5525,5538,5637,5690,5691,5692,6722,
8;0;6684;6840;0;1,8,17,20,24,25,38,40,46,52,76,95,100,137,141,142,144,189,210,230,241,249,276,277,379,390,402,429,480,609,647,666,715,768,843,978,1051,1054,1146,1201,1273,1293,1358,1481,1707,1801,1806,1809,1945,2172,2231,2233,2306,2399,2400,2401,2405,2499,2631,2651,2653,2829,2941,2968,3152,3255,3613,3615,4263,4265,4268,4269,4611,5525,5538,5637,5690,5691,5692,6722,
8;1;6840;6885;0;1,8,17,20,24,25,38,40,46,52,76,95,100,137,141,142,144,189,210,230,241,249,276,277,379,390,402,429,480,609,647,666,715,768,843,978,1051,1054,1146,1201,1273,1293,1358,1481,1707,1801,1806,1809,1945,2172,2231,2233,2306,2399,2400,2401,2405,2499,2631,2651,2653,2829,2941,2968,3152,3255,3613,3615,4263,4265,4268,4269,4611,5525,5538,5637,5690,5691,5692,6722,
16;0;7200;7350;0;1,8,17,20,24,25,38,40,46,52,76,95,100,137,141,142,144,145,189,210,225,228,229,230,234,240,241,243,245,249,268,273,276,277,286,288,379,390,402,429,480,609,647,666,715,768,827,843,978,1051,1054,1094,1096,1097,1099,1146,1201,1273,1293,1358,1390,1472,1481,1707,1801,1806,1809,2103,2405,2631,2651,2653,2941,3152,3255,4881,4882,5525,5538,5637,
16;1;7350;7399;0;1,8,17,20,24,25,38,40,46,52,70,76,95,100,137,141,142,144,145,169,189,210,225,228,229,230,234,240,241,245,249,268,273,276,277,286,288,379,390,419,429,609,647,666,715,787,827,843,978,1051,1054,1063,1099,1146,1201,1273,1293,1358,1390,1472,1481,1541,1707,1809,2206,2405,2512,2631,2651,2653,2918,2941,3152,3255,3577,3827,3990,5525,5538,5637,
332;0;7399;7422;0;1,17,24,25,38,40,46,52,95,100,137,144,145,148,189,225,234,241,245,249,268,273,276,277,286,288,377,379,390,419,429,609,612,647,666,715,787,815,827,843,911,933,978,1051,1054,1099,1117,1118,1146,1201,1210,1293,1358,1390,1472,1481,1734,1736,1744,1751,1755,1809,1811,1814,2092,2405,2653,2941,3037,3286,5174,5525,5538,5637,6399,6400,7449,7790,8258,8259,
332;1;7422;7594;0;1,17,24,25,38,40,46,52,79,95,100,137,144,145,189,225,234,241,245,249,268,273,276,277,286,288,377,379,390,419,429,448,578,609,612,647,666,715,730,787,815,827,843,911,933,978,1051,1054,1099,1117,1118,1146,1158,1201,1293,1358,1390,1472,1481,1734,1736,1751,1809,1811,1814,2028,2405,2517,2653,2941,3037,3286,3929,3930,3931,3932,5525,5538,5637,6399,
352;0;7594;7674;0;1,17,24,25,38,40,46,52,79,95,100,137,144,145,189,225,234,241,245,249,268,273,276,277,286,288,377,379,390,396,419,429,448,578,609,612,647,666,715,730,787,815,827,843,911,933,978,1051,1054,1099,1117,1118,1146,1158,1201,1293,1358,1390,1472,1481,1734,1736,1751,1809,1811,1814,2028,2405,2517,2653,2941,3037,3286,3310,3311,3312,5525,5538,5637,6399,
352;1;7674;7770;0;1,17,24,25,38,40,46,52,79,95,100,137,138,144,145,189,225,234,241,245,249,268,273,276,277,286,288,314,321,377,379,390,396,397,419,429,578,609,612,645,647,666,715,787,815,827,843,911,933,978,1051,1054,1099,1117,1118,1146,1201,1293,1358,1390,1472,1474,1481,1734,1736,1751,1809,1811,1814,2222,2223,2405,2653,2941,3037,3286,5525,5538,5637,6399,
133;0;7770;7904;0;46,52,95,100,101,103,137,144,145,225,234,241,245,268,273,277,286,288,313,314,348,377,390,397,429,436,609,612,666,691,715,827,843,1054,1099,1117,1118,1146,1293,1358,1481,1734,1809,2461,2498,2643,2690,3745,3915,4937,5296,5392,5525,5538,5637,5726,6026,6225,6334,7294,7295,7296,7297,7298,7299,7300,7301,7302,7303,7304,7305,7306,7307,7308,7309,7310,7311,7312,7313,7314,
133;1;7904;7945;0;95,100,144,145,225,226,233,234,241,245,267,268,273,275,277,284,285,286,287,288,289,290,291,292,301,314,397,429,430,609,612,666,715,827,843,1099,1146,1172,1293,1358,1481,1519,1525,1734,1735,1915,1916,1918,2052,2091,2133,2337,2338,2573,3763,4426,4533,5185,5186,5187,5188,5189,5190,5191,5192,5193,5194,5195,5196,5197,5198,5199,5200,5201,5392,5525,5637,8511,8512,8513,
0;0;7945;8084;0;95,100,144,145,225,226,233,234,241,245,267,268,273,275,277,284,285,286,287,288,289,290,291,292,301,314,397,429,430,609,612,666,715,827,843,1099,1146,1172,1293,1358,1481,1519,1525,1734,1735,1915,1916,1918,2052,2091,2133,2337,2338,2573,3763,4426,4533,5185,5186,5187,5188,5189,5190,5191,5192,5193,5194,5195,5196,5197,5198,5199,5200,5201,5392,5525,5637,8511,8512,8513,
0;1;8640;8676;0;95,100,117,144,145,225,226,233,234,241,245,267,268,273,275,277,284,285,286,287,288,289,290,291,292,301,314,397,429,430,609,612,666,715,827,843,862,1099,1146,1172,1293,1358,1481,1482,1483,1519,1525,1734,1735,1915,1916,1918,2052,2091,2133,2337,2338,2468,2475,2573,2678,2903,3763,4365,4426,4533,5185,5186,5187,5188,5197,5392,5525,5637,5722,5868,6022,6311,6312,6313,
801;0;8676;8850;0;95,100,117,144,145,225,226,233,234,241,245,267,268,273,275,277,284,285,286,287,288,289,290,291,292,301,314,395,397,429,430,609,612,644,666,715,827,843,862,944,946,1099,1146,1172,1293,1358,1481,1482,1483,1519,1525,1734,1735,1815,1915,1916,1918,2052,2091,2133,2337,2338,2468,2573,2599,2678,2903,3291,3698,3699,4365,5197,5392,5525,5637,5722,5868,6311,6312,6313,
208;0;8850;8971;0;95,100,117,144,145,225,226,233,234,241,245,267,268,273,275,277,284,285,286,287,288,289,290,291,292,301,314,359,395,397,429,430,609,612,644,666,715,827,843,862,944,946,1099,1146,1172,1293,1336,1358,1481,1482,1483,1519,1525,1859,1915,1916,2052,2063,2091,2337,2338,2564,2573,2678,2903,3291,3345,3699,3906,4103,4365,5197,5392,5525,5637,5722,5868,6311,6312,6313,
208;1;8971;9023;0;95,100,117,144,145,225,226,234,241,245,268,273,275,277,286,288,289,290,291,292,301,314,359,395,397,429,430,591,644,666,715,843,848,858,862,946,1073,1146,1169,1293,1358,1481,1519,1523,1666,1915,1916,2052,2063,2091,2338,2547,2564,2573,2649,2677,2678,2683,2693,2903,3260,3291,3345,3699,4365,4371,4372,4373,4374,4375,4376,5197,5392,5525,5637,5722,5868,6311,6312,6313,
930;0;9023;9194;0;95,100,117,139,144,145,146,225,226,234,241,245,262,268,273,275,277,286,288,289,290,291,292,301,314,359,395,397,429,430,591,644,666,715,843,848,858,862,946,1073,1146,1169,1293,1358,1479,1481,1519,1523,1666,1915,1916,2052,2063,2091,2117,2338,2509,2564,2573,2677,2678,2683,2693,2903,3260,3291,3345,3699,4365,4405,5050,5197,5392,5525,5637,5722,5868,6311,6312,6313,
1031;0;9194;9364;0;95,97,100,117,137,139,144,145,146,225,231,234,241,245,262,277,288,290,291,314,329,359,377,390,395,397,401,429,644,773,838,839,901,903,949,1050,1052,1054,1117,1118,1170,1293,1358,1359,1481,1604,1669,1809,1884,1915,2091,2134,2338,2355,2426,2504,2573,2645,2774,2778,2779,3263,3435,4604,4605,4606,5254,5894,5895,5898,5899,5901,6126,6127,6128,6129,6361,6362,6363,6513,
79;0;9364;9512;0;95,97,100,117,137,139,144,145,146,225,231,234,241,245,262,277,288,290,291,314,329,359,377,390,395,397,401,429,644,773,838,839,901,903,949,1050,1052,1054,1117,1118,1170,1293,1358,1359,1481,1604,1669,1809,1884,1915,2091,2134,2338,2355,2426,2504,2573,2645,2774,2778,2779,3263,3435,4604,4605,4606,5254,5894,5895,5898,5899,5901,6126,6127,6128,6129,6361,6362,6363,6513,
79;1;9512;9533;0;95,97,100,117,137,139,144,145,146,225,231,234,241,245,262,277,288,290,291,314,329,359,377,390,395,397,401,429,644,773,838,839,901,903,949,1050,1052,1054,1117,1118,1170,1293,1358,1359,1481,1604,1669,1809,1884,1915,2091,2134,2338,2355,2426,2504,2573,2645,2774,2778,2779,3263,3435,4604,4605,4606,5254,5894,5895,5898,5899,5901,6126,6127,6128,6129,6361,6362,6363,6513,
1223;0;10080;10248;0;18,21,24,25,37,38,42,45,46,50,52,95,97,100,117,137,139,144,145,146,225,231,234,241,245,262,277,288,290,291,314,329,359,377,390,395,397,429,502,622,644,778,814,838,949,977,1006,1007,1011,1052,1054,1117,1118,1293,1305,1358,1359,1390,1427,1481,1604,1669,1809,1884,1915,2091,2134,2338,2413,2573,2645,2778,3125,3435,4604,4917,4918,7796,7797,7798,
864;0;10248;10413;0;18,21,24,25,37,38,42,45,46,50,52,95,97,100,117,137,139,144,145,146,177,178,179,180,181,182,184,225,231,234,241,245,262,277,288,290,291,304,314,329,359,377,390,395,397,429,502,622,644,778,814,838,949,977,1006,1007,1011,1052,1054,1117,1118,1293,1305,1358,1359,1390,1481,1604,1669,1809,1884,1915,2091,2134,2338,2573,2645,2778,3435,4604,
230;0;10413;10448;0;18,21,24,25,37,38,46,95,97,100,117,137,139,144,145,146,177,178,179,181,184,225,231,234,241,245,262,277,288,290,291,304,314,329,359,377,390,395,397,429,502,644,778,814,838,949,1011,1052,1054,1117,1118,1201,1293,1358,1359,1390,1481,1604,1669,1809,1884,1915,2091,2134,2338,2573,2645,2778,3435,4603,4604,4612,4613,5305,5873,6749,8070,8071,8072,8073,
230;1;10448;10577;0;3,18,21,24,25,37,38,46,95,97,100,117,137,139,144,145,146,177,178,179,181,184,225,231,234,241,245,262,277,288,290,291,304,314,329,359,377,390,395,397,429,502,644,778,814,838,949,1011,1048,1051,1052,1054,1117,1118,1145,1201,1293,1358,1359,1390,1481,1604,1669,1725,1805,1809,1884,1915,1971,2091,2134,2338,2573,2645,2778,3435,4603,4604,4612,5305,
892;0;10577;10741;0;1,3,18,21,24,38,95,97,100,117,119,136,137,139,144,145,177,178,179,181,184,225,231,234,241,245,262,277,288,290,291,304,314,329,359,377,379,390,395,397,429,502,644,778,815,838,949,1052,1054,1093,1117,1118,1145,1293,1359,1361,1390,1397,1481,1669,1807,1809,1915,2053,2091,2109,2134,2338,2573,3278,3435,4677,6399,6403,6519,6520,6521,6522,6523,6524,
67;0;10741;10792;0;1,3,18,21,24,38,95,97,100,117,119,136,137,139,144,145,177,178,179,181,184,225,231,234,241,245,262,277,288,290,291,304,314,329,359,377,379,390,395,397,429,502,644,778,815,838,949,1052,1054,1093,1117,1118,1145,1293,1359,1361,1390,1397,1481,1669,1807,1809,1915,2053,2091,2109,2134,2338,2573,3278,3435,4677,6399,6403,6519,6520,6521,6522,6523,7329,
67;1;10792;10903;0;28,44,66,117,139,144,145,149,177,181,187,225,234,241,262,269,271,288,314,359,390,398,404,640,644,645,648,658,682,864,912,921,1054,1091,1281,1283,1286,1293,1304,1359,1363,1423,1473,1474,1478,1481,1538,1676,1763,1822,1848,1851,1915,2032,2054,2091,2158,2338,2518,2537,2573,2891,2941,3006,3126,3247,3435,4535,4719,4792,4954,4955,4956,4957,4958,4959,4960,4961,6234,6307,
970;0;10903;11063;0;28,44,66,117,139,144,145,149,177,181,187,225,234,241,262,269,271,288,314,359,390,398,404,640,644,645,648,658,682,864,912,921,1054,1091,1281,1283,1286,1293,1304,1359,1363,1423,1473,1474,1478,1481,1538,1676,1763,1822,1848,1851,1915,2032,2054,2091,2158,2338,2518,2537,2573,2891,2941,3006,3126,3247,3435,4535,4719,4792,4954,4955,4956,4957,4958,4959,4960,4961,6234,6307,
233;0;11063;11202;0;28,44,66,117,139,144,145,149,177,181,187,225,234,241,262,269,271,288,314,359,390,398,404,640,644,645,648,658,682,864,912,921,1054,1091,1281,1283,1286,1293,1304,1359,1363,1423,1473,1474,1478,1481,1538,1676,1763,1822,1848,1851,1915,2032,2054,2091,2158,2338,2518,2537,2573,2891,2941,3006,3126,3247,3435,4535,4719,4792,4954,4955,4956,4957,4958,4959,4960,4961,6234,6307,
233;1;11202;11220;0;28,44,66,117,139,144,145,149,177,181,187,225,234,241,262,269,271,288,314,359,390,398,404,640,644,645,648,658,682,864,912,921,1054,1091,1281,1283,1286,1293,1304,1359,1363,1423,1473,1474,1478,1481,1538,1676,1763,1822,1848,1851,1915,2032,2054,2091,2158,2338,2518,2537,2573,2891,2941,3006,3126,3247,3435,4535,4719,4792,4954,4955,4956,4957,4958,4959,4960,4961,6234,6307,
890;0;11520;11677;0;28,44,66,117,139,144,145,149,177,181,187,225,234,241,262,269,271,288,302,305,308,313,314,359,390,398,403,404,442,595,640,644,645,648,658,682,864,912,921,1054,1091,1281,1283,1286,1293,1304,1359,1363,1423,1430,1472,1473,1474,1478,1481,1538,1676,1763,1822,1848,1851,1915,1922,1932,1933,2032,2054,2091,2158,2338,2518,2537,2573,2941,3006,3121,3126,3130,3435,4535,
1068;0;11677;11831;0;28,44,60,66,117,139,144,145,149,177,181,187,225,234,241,262,269,271,288,302,305,308,313,314,359,390,398,403,404,442,595,640,644,645,648,658,682,864,912,921,1054,1091,1277,1281,1283,1286,1293,1304,1359,1363,1423,1430,1472,1473,1474,1478,1481,1538,1676,1763,1822,1848,1851,1915,1922,1932,1933,2032,2054,2091,2158,2338,2518,2573,2941,3006,3126,3435,4450,4535,
89;0;11831;11943;0;26,60,117,139,144,145,225,234,255,262,288,314,398,412,442,453,485,529,536,618,640,644,978,1054,1266,1267,1269,1272,1277,1284,1286,1287,1288,1289,1290,1293,1294,1359,1474,1478,1481,1782,1915,2032,2091,2156,2286,2338,2346,2347,2573,2577,2770,2812,2934,2941,3571,3758,3814,5540,5856,5916,6372,6706,6831,6961,7331,7907,7967,8516,8606,8675,8851,8852,8853,8854,8855,8856,8857,8858,
89;1;11943;11984;0;26,60,117,139,144,145,225,234,255,262,288,297,314,321,398,412,442,453,485,529,536,618,640,644,647,855,911,948,978,1054,1069,1119,1266,1267,1269,1272,1277,1284,1286,1287,1288,1289,1290,1293,1294,1359,1474,1478,1481,1668,1782,1915,1916,1951,2032,2091,2156,2346,2347,2364,2573,2577,2770,2812,2914,2934,2941,3267,3569,4939,6366,6372,6646,7022,7227,7605,8519,8520,8521,8522,
1224;0;11984;12135;0;26,60,117,139,144,145,225,234,255,262,288,297,314,321,398,412,442,453,485,529,536,618,640,644,647,855,891,911,948,978,1054,1069,1119,1266,1267,1269,1272,1277,1284,1286,1287,1288,1289,1290,1293,1294,1359,1474,1478,1481,1484,1668,1782,1915,1916,1951,2032,2091,2156,2346,2347,2364,2573,2577,2770,2812,2914,2934,2941,3267,3569,4939,6093,6366,6372,6646,7022,7227,7605,8519,
948;0;12135;12284;0;26,60,95,139,144,179,225,234,245,262,273,288,289,290,291,292,297,314,321,329,377,379,395,398,412,442,640,647,769,891,949,1024,1052,1069,1117,1118,1119,1121,1145,1269,1277,1287,1290,1293,1474,1478,1481,1484,1669,1675,1680,1782,1816,1920,1941,2091,2223,2371,2388,2436,2465,2529,2816,2892,2941,3267,3292,3337,3338,3339,3340,4552,4563,4939,5206,5351,6184,7215,7216,7217,
910;0;12284;12428;0;26,60,95,139,144,179,225,234,245,262,273,288,289,290,291,292,297,314,321,329,377,379,395,398,412,442,640,647,769,891,949,1024,1052,1069,1117,1118,1119,1121,1145,1269,1277,1287,1290,1293,1474,1478,1481,1484,1669,1675,1680,1782,1816,1920,1941,2091,2223,2371,2388,2436,2465,2529,2816,2892,2941,3267,3292,3337,3338,3339,3340,4552,4563,4939,5206,5351,6184,7215,7216,7217,
347;0;12428;12533;0;26,60,95,139,144,179,225,234,245,262,273,288,289,290,291,292,297,314,321,329,377,379,395,398,412,442,640,647,769,891,949,1024,1052,1069,1117,1118,1119,1121,1145,1269,1277,1287,1290,1293,1474,1478,1481,1484,1669,1675,1680,1782,1816,1920,1941,2091,2223,2371,2388,2436,2465,2529,2816,2892,2941,3267,3292,3337,3338,3339,3340,4552,4563,4939,5206,5351,6184,7215,7216,7217,
347;1;12533;12572;0;26,60,95,139,144,179,225,234,245,262,273,288,289,290,291,292,297,314,321,329,377,379,395,398,412,442,640,647,769,891,949,1024,1052,1069,1117,1118,1119,1121,1145,1269,1277,1287,1290,1293,1474,1478,1481,1484,1669,1675,1680,1782,1816,1920,1941,2091,2223,2371,2388,2436,2465,2529,2816,2892,2941,3267,3292,3337,3338,3339,3340,4552,4563,4939,5206,5351,6184,7215,7216,7217,
260;0;12960;13073;0;15,24,26,54,60,95,139,144,179,225,234,245,262,273,288,289,290,291,292,297,314,321,329,377,379,395,398,412,640,647,769,871,891,949,991,1024,1052,1069,1117,1118,1121,1145,1269,1277,1287,1290,1293,1474,1478,1481,1484,1669,1680,1782,1816,1920,2062,2063,2091,2223,2388,2816,2941,3267,3345,3346,4313,4314,4315,4316,4317,4318,4552,4939,5206,5351,6184,7215,7216,7217,
260;1;13073;13099;0;15,24,26,54,60,95,139,144,179,225,234,245,262,273,288,289,290,291,292,297,314,321,329,377,379,395,398,412,640,647,769,871,891,949,991,1024,1052,1069,1117,1118,1121,1145,1269,1277,1287,1290,1293,1474,1478,1481,1484,1669,1680,1782,1816,1920,2062,2063,2091,2223,2388,2816,2941,3267,3345,3346,4313,4314,4315,4316,4552,4939,5206,5351,6184,7215,7216,7217,8496,8497,
822;0;13099;13236;0;15,24,26,54,95,139,144,179,225,234,245,247,248,262,273,288,289,290,291,292,297,314,321,329,377,379,395,398,412,528,640,647,769,871,891,949,1024,1069,1117,1118,1121,1264,1269,1270,1277,1278,1287,1290,1293,1322,1474,1478,1481,1484,1512,1669,1680,1710,1782,1816,1920,2062,2063,2091,2223,2611,2816,2941,3267,3345,4552,4939,5206,5316,5334,5351,6184,7215,7216,7217,
1205;0;13236;13373;0;15,24,26,38,54,95,139,144,179,189,225,234,245,248,262,273,288,289,290,291,292,297,314,321,329,377,379,395,398,412,528,640,647,769,871,872,873,874,891,949,972,1024,1069,1117,1118,1269,1270,1277,1278,1287,1290,1293,1322,1456,1474,1478,1481,1484,1512,1669,1680,1782,1816,1920,2062,2063,2091,2223,2816,2941,3267,3345,4552,4939,5206,5351,6184,7215,7216,7217,
1174;0;13373;13508;0;1,3,15,24,26,95,139,144,149,189,225,226,248,262,270,277,288,314,321,329,377,391,395,412,528,607,640,949,1069,1093,1117,1118,1204,1214,1269,1277,1287,1290,1293,1322,1473,1474,1475,1476,1477,1530,1667,1782,1803,1825,2091,2109,2134,2223,2451,2941,3108,3267,3278,3345,4033,4535,4857,4891,4902,4925,4926,4927,4928,4929,4930,4931,4932,4933,4934,4935,4936,4937,4938,4939,
1187;0;13508;13640;0;1,3,15,24,26,95,139,144,149,152,189,225,226,248,262,270,277,288,314,321,329,377,391,395,412,426,528,567,607,640,949,1069,1093,1117,1118,1204,1214,1269,1277,1280,1287,1290,1293,1322,1473,1474,1475,1476,1477,1530,1572,1667,1782,1803,1825,1940,2091,2109,2134,2179,2223,2230,2451,2826,2941,3108,3267,3278,3345,3409,3606,4033,4535,4672,4857,4891,4902,4937,5876,6152,
911;0;13640;13771;0;15,24,26,28,40,55,79,95,139,144,152,165,170,189,221,225,231,244,276,288,377,391,395,412,528,588,729,858,949,979,1117,1146,1225,1269,1280,1287,1290,1293,1295,1322,1474,1480,1782,1935,2091,2216,2217,2218,2219,2220,2221,2467,2536,2941,2958,3022,3161,3267,3345,3348,3891,4106,4365,4377,4378,4391,5417,5733,5750,6159,6160,6161,6162,6163,6164,6165,7834,8165,8846,9000,
1213;0;13771;13901;0;15,24,26,28,40,55,79,95,139,144,152,165,170,189,221,225,231,244,276,288,377,391,395,412,528,588,729,858,949,979,1117,1146,1225,1269,1280,1287,1290,1293,1295,1322,1474,1480,1782,1935,2091,2216,2217,2218,2219,2220,2221,2467,2536,2941,2958,3022,3161,3267,3345,3348,3891,4106,4365,4377,4378,4391,5417,5733,5750,6159,6160,6161,6162,6163,6164,6165,7834,8165,8846,9000,
1138;0;13901;14026;0;15,24,26,28,40,55,79,95,139,144,152,165,170,189,221,225,231,244,276,288,377,391,395,412,528,588,729,858,949,979,1117,1146,1225,1269,1280,1287,1290,1293,1295,1322,1474,1480,1782,1935,2091,2216,2217,2218,2219,2220,2221,2467,2536,2941,2958,3022,3161,3267,3345,3348,3891,4106,4365,4377,4378,4391,5417,5733,5750,6159,6160,6161,6162,6163,6164,6165,7834,8165,8846,9000,
235;0;14026;14067;0;15,24,26,28,40,55,79,95,139,144,152,165,170,189,221,225,231,244,276,288,377,391,395,412,528,588,729,858,949,979,1117,1146,1225,1269,1280,1287,1290,1293,1295,1322,1474,1480,1782,1935,2091,2216,2217,2218,2219,2220,2221,2467,2536,2941,2958,3022,3161,3267,3345,3348,3891,4106,4365,4377,4378,4391,5417,5733,5750,6159,6160,6161,6162,6163,6164,6165,7834,8165,8846,9000,
235;1;14067;14150;0;15,24,26,28,40,55,79,95,139,144,152,165,170,189,221,225,231,244,276,288,377,391,395,412,528,588,729,858,949,979,1117,1146,1225,1269,1280,1287,1290,1293,1295,1322,1474,1480,1782,1935,2091,2216,2217,2218,2219,2220,2221,2467,2536,2941,2958,3022,3161,3267,3345,3348,3891,4106,4365,4377,4378,4391,5417,5733,5750,6159,6160,6161,6162,6163,6164,6165,7834,8165,8846,9000,
362;0;14150;14164;0;15,24,26,28,40,55,79,95,139,144,152,165,170,189,221,225,231,244,276,288,377,391,395,412,528,588,729,858,949,979,1117,1146,1225,1269,1280,1287,1290,1293,1295,1322,1474,1480,1782,1935,2091,2216,2217,2218,2219,2220,2221,2467,2536,2941,2958,3022,3161,3267,3345,3348,3891,4106,4365,4377,4378,4391,5417,5733,5750,6159,6160,6161,6162,6163,6164,6165,7834,8165,8846,9000,
362;1;14164;14273;0;15,24,26,28,40,55,79,95,139,144,152,165,170,189,221,225,231,244,276,288,377,391,395,412,528,588,729,858,949,979,1117,1146,1225,1269,1280,1287,1290,1293,1295,1322,1474,1480,1782,1935,2091,2216,2217,2218,2219,2220,2221,2467,2536,2941,2958,3022,3161,3267,3345,3348,3891,4106,4365,4377,4378,4391,5417,5733,5750,6159,6160,6161,6162,6163,6164,6165,7834,8165,8846,9000,
781;0;14400;14521;0;15,24,26,27,28,40,55,79,95,139,144,152,165,170,189,221,225,231,244,276,288,377,391,395,412,528,588,619,729,778,858,949,979,1117,1146,1225,1268,1269,1280,1287,1290,1293,1295,1322,1474,1480,1781,1782,1787,1935,2091,2216,2217,2218,2219,2220,2221,2263,2409,2467,2536,2941,3022,3026,3060,3345,3348,4112,4122,4123,4124,4125,4126,4127,4128,4129,4130,4131,4132,4365,
794;0;14521;14640;0;15,24,26,27,28,40,55,79,95,139,144,152,165,170,189,221,225,231,244,249,276,288,377,391,395,412,528,588,619,729,778,858,949,979,1117,1146,1225,1268,1269,1279,1280,1281,1287,1290,1293,1295,1322,1332,1474,1480,1781,1782,1787,1935,2064,2091,2175,2216,2217,2218,2219,2220,2221,2263,2409,2467,2536,2941,3022,3026,3060,3256,3345,3348,4112,4124,4365,4913,5791,8354,
1099;0;14640;14755;0;15,24,26,27,28,40,55,74,79,95,139,144,152,165,170,189,204,221,225,231,244,249,276,288,377,391,395,412,502,506,528,588,619,729,778,787,790,858,884,949,960,979,1117,1146,1162,1181,1225,1268,1269,1279,1280,1281,1287,1290,1293,1295,1322,1332,1474,1480,1781,1782,1996,2064,2070,2091,2220,2221,2536,3022,3345,3348,3948,4112,4114,4115,4124,4365,4913,8354,
979;0;14755;14869;0;15,24,26,27,28,40,55,74,79,95,139,144,152,165,170,189,204,221,225,231,244,249,276,288,377,391,395,412,502,506,528,588,619,729,778,858,949,979,1117,1146,1268,1269,1279,1280,1287,1293,1295,1322,1332,1474,2064,2070,2091,2220,2221,2536,3022,3345,3663,3679,3686,3690,4112,4124,4365,4913,5082,6003,6004,6005,6006,6007,6008,6009,6010,6011,6012,6013,6058,8354,
119;0;14869;14890;0;15,24,26,27,28,40,74,79,95,139,144,149,152,189,225,231,249,262,276,277,288,314,321,377,391,395,396,397,404,502,506,528,619,640,729,858,949,979,1093,1117,1118,1146,1268,1269,1279,1280,1287,1293,1295,1322,1332,1468,1474,1476,1479,2064,2070,2091,2220,2221,2223,2536,3022,3345,3679,3686,3690,4093,4112,4124,4365,4913,5082,6004,6008,6009,6010,6012,6013,8354,
119;1;14890;14980;0;15,24,26,27,28,40,74,79,95,139,144,149,152,189,225,231,249,262,276,277,288,314,321,377,391,395,396,397,404,502,506,528,619,640,729,858,949,979,1093,1117,1118,1146,1268,1269,1279,1280,1287,1293,1295,1322,1332,1468,1474,1476,2064,2070,2091,2220,2221,2223,2536,3022,3345,3679,3686,3690,4093,4112,4124,4365,4913,5082,6004,6008,6009,6010,6012,6013,8289,8354,
907;0;14980;15090;0;15,24,26,27,28,40,74,79,95,139,144,149,152,189,225,231,248,249,262,276,277,288,314,377,391,395,404,528,619,640,729,858,949,979,1093,1117,1118,1268,1269,1277,1279,1280,1282,1287,1292,1293,1295,1322,1332,1333,1474,1476,2064,2070,2091,2101,2190,2220,2221,2223,2536,3022,3679,3686,3690,4093,4112,4124,4365,4450,4913,5082,6004,6008,6009,6010,6012,6013,7153,8354,
247;0;15090;15120;0;3,15,24,26,27,28,40,74,79,95,100,139,144,149,152,189,225,231,248,249,262,276,277,288,314,377,391,395,404,528,619,640,729,854,858,949,979,1093,1117,1118,1268,1269,1279,1280,1282,1287,1292,1293,1295,1332,1474,1476,1809,2064,2070,2091,2220,2221,2223,2536,3022,3679,3686,3690,4093,4112,4124,4365,4553,4913,5082,5685,6004,6008,6009,6010,6012,6013,8057,8354,
Machine: 1
1230;0;0;21;1;27,95,137,139,145,152,202,208,288,292,321,363,390,429,439,499,503,559,591,647,838,854,864,927,948,979,987,1056,1062,1118,1244,1269,1270,1271,1275,1280,1284,1287,1289,1290,1293,1295,1322,1370,1373,1509,1811,1895,1940,1999,2315,2413,2509,2518,2531,2614,2816,2941,3345,3361,3605,3774,3891,3899,3900,3901,3902,3903,3904,3905,3906,3907,3908,3909,3910,3911,4514,4545,6263,6413,
1042;0;21;50;1;27,95,137,139,145,152,202,208,288,292,321,363,390,429,439,499,503,559,591,647,838,854,864,927,948,979,987,1056,1062,1118,1244,1269,1270,1271,1275,1280,1284,1287,1289,1290,1293,1295,1322,1370,1373,1509,1811,1895,1940,1999,2315,2413,2509,2518,2531,2614,2816,2941,3345,3361,3605,3774,3891,3899,3900,3901,3902,3903,3904,3905,3906,3907,3908,3909,3910,3911,4514,4545,6263,6413,
1129;0;50;81;1;27,95,137,139,145,152,202,208,288,292,321,363,390,429,439,499,503,559,591,647,838,854,864,927,948,979,987,1056,1062,1118,1244,1269,1270,1271,1275,1280,1284,1287,1289,1290,1293,1295,1322,1370,1373,1509,1811,1895,1940,1999,2315,2413,2509,2518,2531,2614,2816,2941,3345,3361,3605,3774,3891,3899,3900,3901,3902,3903,3904,3905,3906,3907,3908,3909,3910,3911,4514,4545,6263,6413,
891;0;81;114;1;7,27,95,137,139,142,143,145,152,202,208,288,292,321,363,390,395,429,439,499,503,559,591,647,838,854,864,927,948,979,987,1056,1062,1092,1118,1244,1269,1270,1271,1275,1280,1284,1287,1289,1290,1293,1295,1322,1370,1373,1375,1509,1811,1895,1940,1999,2315,2413,2509,2518,2531,2614,2816,2941,3286,3345,3361,3605,3774,3900,3906,3908,4018,4545,6263,6413,6414,6415,6416,6417,
894;0;114;159;1;7,27,95,137,139,142,143,145,152,202,208,247,288,292,321,363,366,390,395,429,439,457,499,503,559,591,647,728,838,854,864,927,948,979,987,1056,1062,1092,1118,1244,1269,1270,1271,1275,1280,1284,1287,1289,1290,1293,1295,1322,1370,1373,1811,1895,1999,2174,2190,2220,2232,2315,2509,2531,2816,2941,3060,3345,3361,3421,3422,3609,3774,3831,3842,3900,3906,3908,4018,4545,
975;0;159;208;1;7,27,95,137,139,142,144,145,152,180,202,208,247,262,288,292,302,303,305,307,311,312,321,366,379,380,381,384,385,390,395,429,457,503,559,591,592,593,594,647,838,854,948,979,1118,1130,1269,1270,1271,1275,1280,1284,1287,1289,1290,1293,1295,1322,1428,1811,1845,1895,1999,2220,2232,2315,2531,2816,2941,3060,3345,3361,3421,3422,3609,3774,3831,3900,3906,3908,
1222;0;208;259;1;7,27,95,100,137,139,142,144,145,152,202,208,225,233,247,262,277,288,292,302,305,311,312,321,377,379,390,395,429,457,503,591,647,838,854,948,979,1117,1118,1121,1269,1270,1271,1275,1280,1284,1287,1289,1290,1293,1295,1322,1359,1428,1474,1478,1675,1680,1811,1895,1913,1973,1999,2220,2232,2315,2531,2613,2816,2941,2994,3014,3345,3361,3609,3774,3900,3906,3908,7217,
1231;0;259;325;1;7,27,95,100,137,139,142,144,145,152,202,208,225,228,233,247,262,266,277,284,288,292,302,305,311,312,321,377,379,390,395,429,430,591,644,647,827,838,854,948,979,1093,1117,1118,1121,1269,1270,1271,1275,1280,1284,1287,1289,1290,1293,1295,1322,1407,1428,1474,1478,1675,1811,1895,1973,2232,2315,2531,2816,2941,3345,3361,3574,3609,3774,3900,3906,3908,5212,5213,
1009;0;325;392;1;7,27,95,100,137,139,142,144,145,202,225,247,262,266,277,288,289,291,292,302,305,311,312,377,390,429,644,647,666,677,694,715,765,827,836,838,854,948,979,1118,1121,1269,1284,1287,1289,1290,1293,1295,1322,1428,1474,1478,1481,1482,1483,1811,1895,1973,2052,2106,2225,2232,2315,2318,2461,2475,2531,2626,2628,2661,2678,2679,2816,2903,2941,3774,5525,5722,6022,6114,
924;0;392;461;1;7,27,95,100,137,139,142,144,145,202,225,247,262,266,277,288,289,291,292,302,305,311,312,377,390,429,644,647,666,715,765,827,836,838,854,948,979,1118,1121,1269,1284,1287,1289,1293,1295,1322,1428,1474,1478,1481,1811,1895,1973,2052,2106,2225,2232,2315,2318,2531,2626,2628,2661,2678,2679,2816,2941,3774,5525,5722,6022,7893,8122,8124,8271,8272,8273,8275,8277,8283,
1076;0;461;542;1;3,95,136,137,139,144,202,225,226,247,266,288,291,390,400,436,647,666,838,854,979,1118,1126,1287,1289,1293,1322,1428,1470,1474,1478,1481,1486,1609,1661,1668,1679,1807,1920,1973,2053,2109,2114,2118,2120,2123,2124,2125,2128,2129,2130,2132,2134,2135,2140,2142,2143,2531,2854,2855,2953,4511,4533,4534,4543,4546,4551,4553,4554,4555,4656,4676,4677,4678,4679,4680,4681,4682,5722,6665,
295;0;542;546;1;3,95,136,137,139,144,202,225,226,247,266,288,291,390,400,436,647,666,838,854,979,1118,1126,1287,1289,1293,1322,1400,1401,1428,1470,1474,1478,1481,1486,1505,1609,1661,1668,1679,1762,1807,1813,1821,1920,1973,2053,2109,2114,2118,2120,2123,2124,2125,2128,2129,2130,2132,2134,2135,2140,2142,2143,2454,2455,2456,2457,2458,2531,2854,2855,2953,4511,4533,4534,4543,4546,4551,4553,5722,
295;1;546;624;1;3,95,136,137,138,139,144,202,225,226,247,266,273,276,288,291,310,351,390,400,436,647,666,838,854,979,1118,1126,1287,1289,1293,1322,1400,1401,1428,1470,1474,1478,1481,1486,1505,1609,1661,1668,1676,1679,1762,1807,1813,1821,1919,1920,1973,2053,2109,2114,2118,2120,2123,2124,2125,2128,2129,2130,2132,2134,2135,2140,2142,2143,2376,2455,2531,2532,2533,2534,2535,2536,4553,5722,
111;0;624;677;1;3,61,95,136,137,138,139,144,202,225,226,247,266,273,276,288,291,310,351,390,400,436,528,647,666,838,854,979,1118,1126,1277,1278,1282,1287,1288,1289,1292,1293,1322,1400,1401,1428,1470,1474,1478,1481,1486,1505,1609,1661,1668,1676,1679,1762,1807,1813,1821,1919,1920,1973,2053,2101,2109,2114,2118,2120,2123,2124,2125,2128,2129,2130,2132,2134,2376,2455,2534,2536,4553,5722,
111;1;677;718;1;3,5,61,95,136,137,138,139,144,202,225,226,247,266,273,276,288,291,310,351,390,400,404,436,528,647,666,838,854,979,1048,1050,1051,1060,1118,1126,1277,1278,1282,1287,1288,1289,1292,1293,1322,1400,1401,1428,1470,1474,1478,1481,1486,1505,1609,1661,1668,1669,1676,1679,1762,1807,1813,1821,1919,1920,1973,2053,2101,2109,2132,2134,2355,2376,2425,2455,2534,2536,4553,5722,
799;0;718;814;1;24,74,117,135,137,139,150,185,186,189,202,454,460,528,578,647,655,863,867,872,891,979,1068,1118,1152,1226,1289,1322,1481,1511,1562,1718,1875,2198,2276,2337,2536,2592,2845,2921,2936,3004,3037,3082,3612,3656,4074,5175,5266,5290,5708,5927,6360,6510,6568,6678,6776,6926,7284,7397,7444,7445,7644,7648,7826,7975,8060,8061,8062,8063,8064,8065,8066,8216,8219,8221,8225,8227,8228,8256,
342;0;814;929;1;24,74,117,135,137,139,150,185,186,189,202,454,460,528,578,647,655,863,867,872,891,979,1068,1118,1152,1226,1289,1322,1481,1511,1562,1718,1875,2198,2276,2337,2536,2592,2845,2921,2936,3004,3037,3082,3612,3656,4074,5175,5266,5290,5708,5927,6360,6510,6568,6678,6776,6926,7284,7397,7444,7445,7644,7648,7826,7975,8060,8061,8062,8063,8064,8065,8066,8216,8219,8221,8225,8227,8228,8256,
342;1;929;941;1;24,74,117,135,137,139,150,185,186,189,202,454,460,528,578,647,655,863,867,872,891,979,1068,1118,1152,1226,1289,1322,1481,1511,1562,1718,1875,2198,2276,2337,2536,2592,2845,2921,2936,3004,3037,3082,3612,3656,4074,5175,5266,5290,5708,5927,6360,6510,6568,6678,6776,6926,7284,7397,7444,7445,7644,7648,7826,7975,8060,8061,8062,8063,8064,8065,8066,8216,8219,8221,8225,8227,8228,8256,
990;0;941;1072;1;24,74,117,135,137,139,150,185,186,189,202,454,460,528,578,647,655,863,867,872,891,979,1068,1118,1152,1226,1289,1322,1481,1511,1562,1718,1875,2198,2276,2337,2536,2592,2845,2921,2936,3004,3037,3082,3612,3656,4074,5175,5266,5290,5708,5927,6360,6510,6568,6678,6776,6926,7284,7397,7444,7445,7644,7648,7826,7975,8060,8061,8062,8063,8064,8065,8066,8216,8219,8221,8225,8227,8228,8256,
70;0;1072;1203;1;24,74,117,135,137,139,150,185,186,189,202,454,460,528,578,647,655,863,867,872,891,979,1068,1118,1152,1226,1289,1322,1481,1511,1562,1718,1875,2198,2276,2337,2536,2592,2845,2921,2936,3004,3037,3082,3612,3656,4074,5175,5266,5290,5708,5927,6360,6510,6568,6678,6776,6926,7284,7397,7444,7445,7644,7648,7826,7975,8060,8061,8062,8063,8064,8065,8066,8216,8219,8221,8225,8227,8228,8256,
70;1;1203;1213;1;24,74,117,135,137,139,150,185,186,189,202,454,460,528,578,647,655,863,867,872,891,979,1068,1118,1152,1226,1289,1322,1481,1511,1562,1718,1875,2198,2276,2337,2536,2592,2845,2921,2936,3004,3037,3082,3612,3656,4074,5175,5266,5290,5708,5927,6360,6510,6568,6678,6776,6926,7284,7397,7444,7445,7644,7648,7826,7975,8060,8061,8062,8063,8064,8065,8066,8216,8219,8221,8225,8227,8228,8256,
267;0;1440;1605;0;24,54,60,74,113,117,135,137,139,150,185,186,189,202,280,454,460,501,510,528,578,647,655,659,863,867,872,891,979,1068,1118,1152,1226,1289,1322,1481,1511,1562,1718,1875,2198,2276,2337,2536,2592,2845,2870,2921,2924,2936,3004,3037,3082,3414,3612,3656,4074,4135,4313,4316,4318,5175,5266,5290,5496,5708,5927,6360,6510,6568,6678,6776,6926,7284,7397,7444,7445,7644,7648,7826,
267;1;1605;1775;0;24,54,60,74,113,117,135,137,139,150,185,186,189,202,280,340,454,460,501,510,528,578,647,655,659,851,863,867,872,891,979,1068,1118,1152,1226,1289,1322,1481,1511,1562,1718,1875,2198,2276,2337,2536,2592,2845,2870,2921,2924,2936,3004,3037,3082,3414,3612,3656,4074,4135,4313,4316,4318,5175,5266,5290,5496,5708,5927,6360,6510,6517,8190,8196,8198,8199,8200,8201,8202,8203,
375;0;1775;1916;0;24,54,60,74,113,117,135,137,139,150,185,186,189,202,247,248,280,340,454,460,501,510,528,578,647,655,659,851,863,867,872,891,979,1068,1118,1152,1226,1287,1289,1293,1322,1481,1511,1562,1718,1875,2198,2261,2276,2337,2536,2592,2845,2870,2921,2924,2936,3004,3037,3082,3414,3597,3612,3656,3702,3802,4074,4127,4135,4313,4316,4318,4451,5175,5266,5290,5522,5652,5653,6360,
375;1;1916;2084;0;24,54,60,74,113,117,135,137,139,150,185,186,189,202,247,248,280,340,454,460,501,510,528,578,647,655,659,851,863,867,872,891,979,1068,1118,1152,1226,1287,1289,1293,1322,1481,1511,1562,1718,1875,2198,2261,2276,2337,2536,2592,2845,2870,2921,2924,2936,3004,3037,3082,3414,3597,3612,3656,3702,3802,4074,4127,4135,4313,4316,4318,5080,5175,5984,5992,6360,6377,6584,6585,
262;0;2084;2259;0;24,54,100,144,145,289,290,429,617,618,644,666,715,824,827,833,836,947,1058,1136,1287,1289,1481,1599,2318,2346,2347,2625,2626,2635,2653,2661,2678,2690,2774,2777,2778,2790,3147,3263,3702,4449,4570,4604,4605,4606,5336,5350,5525,5530,5531,5538,5637,5722,5868,6022,6023,6026,6309,6310,6469,6564,6594,6595,6596,6597,6598,6599,6600,6601,6602,7055,8148,8569,9119,9120,9121,9122,9123,9124,
262;1;2259;2382;0;24,54,100,144,145,289,290,429,617,618,644,666,715,824,827,833,836,947,1058,1136,1287,1289,1481,1599,2318,2346,2347,2625,2626,2635,2653,2661,2678,2690,2774,2777,2778,2790,3147,3263,3702,4449,4570,4604,4605,4606,5336,5350,5525,5530,5531,5538,5637,5722,5868,6022,6023,6026,6309,6310,6469,6564,6594,6595,6596,6597,6598,6599,6600,6601,6602,7055,8148,8569,9119,9120,9121,9122,9123,9124,
268;0;2880;3016;0;24,54,100,144,145,289,290,314,429,617,618,644,666,715,824,827,833,836,947,1046,1058,1136,1287,1289,1442,1481,1567,1599,2299,2318,2346,2347,2625,2626,2635,2653,2661,2678,2690,2774,2777,2778,2790,3147,3263,3702,4449,4570,4604,4605,4606,5054,5336,5350,5525,5530,5531,5538,5637,5722,5868,6022,6023,6026,6309,6310,6401,6418,6419,6469,6564,6594,6595,6596,6597,6598,6599,6600,8544,8545,
268;1;3016;3167;0;8,24,54,100,144,145,288,289,290,314,390,404,429,617,618,644,666,715,824,827,833,836,947,1046,1051,1058,1134,1136,1146,1287,1289,1442,1473,1481,1567,1599,1757,1809,2299,2318,2346,2347,2625,2626,2635,2653,2661,2678,2690,2774,2777,2778,2790,3147,3257,3263,3435,3702,4449,4570,4604,4605,4606,5054,5336,5350,5525,5530,5531,5538,5637,5722,5868,6022,6023,6026,6309,6310,6401,6597,
181;0;3167;3298;0;8,24,54,100,144,145,288,289,290,314,390,404,429,516,617,618,644,666,715,824,827,833,836,947,1046,1051,1058,1134,1136,1146,1287,1289,1442,1473,1481,1567,1587,1599,1757,1809,2299,2318,2346,2347,2407,2625,2626,2635,2653,2661,2678,2690,2774,2777,2778,2790,2868,3147,3257,3263,3435,3510,3544,3702,3719,3767,3781,3807,4605,5525,5530,5637,5722,5868,6022,6023,6026,6401,6597,7999,
181;1;3298;3448;0;8,23,24,27,54,61,100,117,144,288,290,314,390,404,644,833,836,1051,1136,1146,1285,1287,1289,1313,1481,1567,1577,1587,1599,1781,1809,1915,2187,2346,2347,2661,2678,2690,2774,2777,2778,2856,2941,2968,3263,3702,4487,4488,4754,4986,5175,5525,5637,5722,6022,6026,6312,6313,6784,6791,7026,7038,7060,7875,7943,8332,8401,8863,8875,8902,8934,8935,8936,8937,8938,8939,8940,8941,8942,8943,
106;0;3448;3620;0;2,4,7,8,60,139,142,144,148,202,210,277,290,302,312,390,394,396,491,497,630,647,727,833,875,948,1051,1052,1063,1159,1229,1232,1233,1281,1284,1286,1293,1304,1398,1428,1474,1558,1582,1587,1604,1812,1895,2075,2117,2279,2338,2471,2537,2924,3118,3119,3263,3353,3380,3612,3774,4059,4060,4061,4359,4926,6448,6965,8559,8644,9032,9033,9041,9134,9159,9160,9161,9162,9163,9164,
106;1;3620;3723;0;2,4,7,8,60,139,142,144,148,202,210,277,290,302,312,390,394,396,491,497,630,647,727,833,875,948,1051,1052,1063,1159,1229,1232,1233,1281,1284,1286,1293,1304,1398,1428,1474,1558,1582,1587,1604,1812,1895,2075,2117,2279,2338,2471,2537,2924,3118,3119,3263,3353,3380,3612,3774,4059,4060,4061,4359,4926,6448,6965,8559,8644,9032,9033,9041,9134,9159,9160,9161,9162,9163,9164,
76;0;3723;3891;0;2,4,7,8,60,139,142,144,148,202,210,277,290,302,312,390,394,396,491,497,630,647,727,833,875,948,1051,1052,1063,1159,1229,1232,1233,1281,1284,1286,1293,1304,1398,1428,1474,1558,1582,1587,1604,1812,1895,2075,2117,2279,2338,2471,2537,2924,3118,3119,3263,3353,3380,3612,3774,4059,4060,4061,4359,4926,6448,6965,8559,8644,9032,9033,9041,9134,9159,9160,9161,9162,9163,9164,
76;1;3891;3989;0;2,4,7,8,60,139,142,144,148,202,210,277,290,302,312,390,394,396,491,497,630,647,727,833,875,948,1051,1052,1063,1159,1229,1232,1233,1281,1284,1286,1293,1304,1398,1428,1474,1558,1582,1587,1604,1812,1895,2075,2117,2279,2338,2471,2537,2924,3118,3119,3263,3353,3380,3612,3774,4059,4060,4061,4359,4926,6448,6965,8559,8644,9032,9033,9041,9134,9159,9160,9161,9162,9163,9164,
298;0;3989;4118;0;2,4,7,8,60,139,142,144,148,202,210,277,290,302,312,390,394,396,491,497,630,647,727,833,875,948,1051,1052,1063,1159,1229,1232,1233,1281,1284,1286,1293,1304,1398,1428,1474,1558,1582,1587,1604,1812,1895,2075,2117,2279,2338,2471,2537,2924,3118,3119,3263,3353,3380,3612,3774,4059,4060,4061,4359,4926,6448,6965,8559,8644,9032,9033,9041,9134,9159,9160,9161,9162,9163,9164,
298;1;4320;4454;0;2,4,7,8,60,139,142,144,148,202,210,248,277,290,302,312,390,394,396,491,497,581,630,647,722,727,803,833,875,948,1051,1052,1063,1159,1229,1232,1233,1281,1284,1286,1293,1304,1398,1428,1474,1558,1582,1587,1604,1812,1895,1898,2075,2117,2232,2273,2279,2315,2338,2471,2537,2564,2924,3118,3119,3263,3353,3774,3861,3870,4026,4060,4117,4359,5097,5098,5099,5100,5101,9032,
285;0;4454;4543;0;2,4,7,8,60,95,139,142,144,148,202,210,248,276,277,290,302,312,390,394,396,491,497,581,630,647,722,727,765,803,833,875,948,1051,1052,1063,1159,1229,1232,1233,1281,1284,1286,1293,1304,1398,1428,1474,1558,1582,1587,1604,1812,1895,1898,2075,2117,2232,2273,2279,2315,2338,2471,2499,2537,2564,2900,2924,3118,3119,3263,3353,3774,3870,4060,4359,4412,4949,5116,9032,
285;1;4543;4711;0;2,4,7,8,60,87,95,96,139,142,144,148,149,202,210,248,276,277,290,302,343,390,394,396,491,497,581,647,704,722,765,766,803,833,863,875,948,952,1051,1052,1229,1232,1233,1281,1284,1286,1293,1304,1428,1474,1558,1567,1582,1587,1604,1812,2117,2273,2315,2471,2628,2678,2692,3263,3446,3532,3774,3870,4060,4359,4412,4748,4857,4949,5230,5379,6216,6217,6218,9032,
146;0;4711;4812;0;1,2,3,4,5,6,7,8,9,10,11,12,13,60,87,95,96,139,142,144,148,149,202,248,276,277,290,302,343,390,394,396,491,497,581,647,704,722,765,766,803,833,863,875,948,952,1051,1052,1229,1232,1233,1281,1284,1286,1293,1304,1428,1474,1558,1567,1582,1587,1604,1812,2117,2273,2315,2471,2628,2678,3263,3532,3774,3870,4060,4359,4412,4949,6216,9032,
146;1;4812;4962;0;2,3,4,5,7,9,60,95,96,137,139,144,148,149,202,225,231,234,276,277,288,290,302,314,329,343,377,390,394,396,404,491,640,647,722,765,803,833,838,863,875,948,949,1051,1052,1229,1232,1281,1284,1286,1293,1304,1428,1474,1558,1582,1587,1604,1811,2315,2628,2678,3104,3263,3532,3774,3870,4060,4359,4412,4630,4859,4949,5274,5457,5458,5459,5460,5461,9032,
27;0;4962;5060;0;7,26,95,96,117,137,144,178,225,234,291,292,308,339,343,491,528,634,647,765,1027,1048,1145,1146,1201,1267,1269,1273,1287,1288,1293,1294,1295,1304,1322,1587,1674,1778,1783,1784,1807,1915,1922,1942,1943,1945,1979,2091,2106,2241,2264,2485,2628,2642,2677,2678,2679,2689,2696,2774,2775,2777,2778,2803,2804,2808,3013,3263,3447,3700,4373,4620,4773,4949,5052,5105,5122,5123,5499,6767,
27;1;5060;5210;0;7,26,95,96,117,137,144,178,225,234,291,292,308,339,343,491,528,634,647,765,1027,1048,1145,1146,1201,1267,1269,1273,1287,1288,1293,1294,1295,1304,1322,1587,1674,1778,1783,1784,1807,1915,1922,1942,1943,1945,1979,2091,2106,2241,2264,2485,2628,2642,2677,2678,2679,2689,2696,2774,2775,2777,2778,2803,2804,2808,3013,3263,3447,3700,4373,4620,4773,4949,5052,5105,5122,5123,5499,6767,
242;0;5210;5366;0;7,26,95,96,117,137,144,178,225,234,291,292,308,339,343,491,528,634,647,765,1027,1048,1145,1146,1201,1267,1269,1273,1287,1288,1293,1294,1295,1304,1322,1587,1674,1778,1783,1784,1807,1915,1922,1942,1943,1945,1979,2091,2106,2241,2264,2485,2628,2642,2677,2678,2679,2689,2696,2774,2775,2777,2778,2803,2804,2808,3013,3263,3447,3700,4373,4620,4773,4949,5052,5105,5122,5123,5499,6767,
242;1;5366;5455;0;7,26,95,96,117,137,144,178,225,234,291,292,308,339,343,491,528,634,647,765,1027,1048,1145,1146,1201,1267,1269,1273,1287,1288,1293,1294,1295,1304,1322,1587,1674,1778,1783,1784,1807,1915,1922,1942,1943,1945,1979,2091,2106,2241,2264,2485,2628,2642,2677,2678,2679,2689,2696,2774,2775,2777,2778,2803,2804,2808,3013,3263,3447,3700,4373,4620,4773,4949,5052,5105,5122,5123,5499,6767,
320;0;5760;5936;0;26,95,96,100,101,117,137,144,178,225,234,291,292,335,338,343,351,491,528,647,698,765,823,1027,1096,1097,1145,1146,1178,1201,1267,1269,1273,1287,1288,1293,1294,1295,1304,1322,1395,1481,1529,1587,1674,1778,1915,1922,1942,1943,1972,2091,2106,2225,2264,2627,2628,2660,2677,2678,2679,2689,2690,2774,2775,2778,2951,3263,3447,4949,4989,5542,5633,5634,5635,5636,5637,5638,5639,5640,
320;1;5936;6000;0;26,95,96,97,100,101,117,137,144,177,178,179,225,234,262,272,273,287,291,292,304,305,311,317,335,338,343,351,446,491,528,647,698,765,1027,1131,1136,1137,1145,1146,1201,1267,1269,1273,1287,1288,1293,1294,1295,1304,1322,1481,1529,1587,1674,1676,1677,1778,1915,1922,1942,1943,2091,2106,2264,2627,2628,2677,2678,2679,2689,2774,2775,2778,2951,3263,3447,4949,5634,5637,
322;0;6000;6169;0;24,26,30,34,37,46,54,55,95,96,97,100,117,137,144,177,225,234,262,272,291,292,304,305,343,491,528,647,655,765,778,815,1114,1140,1145,1146,1201,1267,1269,1273,1287,1288,1293,1294,1295,1304,1311,1322,1336,1481,1529,1587,1676,1718,1778,1915,1922,2091,2106,2264,2627,2628,2677,2679,2689,2774,2775,2778,3263,3447,4122,4949,5634,5637,5825,6244,6784,8957,8958,8959,
322;1;6169;6237;0;24,26,30,46,54,55,95,96,97,100,117,137,144,177,225,234,262,291,292,295,305,343,491,644,647,655,686,765,855,1121,1145,1146,1201,1267,1269,1287,1288,1293,1294,1295,1322,1361,1481,1502,1529,1587,1670,1734,1778,1915,1922,2052,2091,2106,2627,2628,2640,2677,2679,2689,2774,2775,2778,2816,2998,3263,3447,3618,3711,3712,4949,5634,5637,5715,5716,5717,5718,5719,5720,5721,
10;0;6237;6384;0;24,26,30,46,54,55,95,96,97,100,117,137,144,177,225,234,262,291,292,295,305,343,491,644,647,655,686,765,855,1121,1145,1146,1201,1267,1269,1287,1288,1293,1294,1295,1322,1361,1481,1502,1529,1587,1670,1734,1778,1915,1922,2052,2091,2106,2222,2223,2627,2628,2640,2677,2679,2689,2774,2775,2778,2816,2998,3263,3447,3618,3711,3712,4949,5634,5637,5715,5716,5717,5718,5721,
10;1;6384;6470;0;24,26,41,46,54,95,96,97,100,117,137,144,177,222,225,262,280,305,343,491,553,644,647,765,805,855,880,995,1146,1196,1242,1267,1269,1284,1287,1293,1294,1295,1322,1481,1502,1587,1670,1778,1891,1930,1935,2070,2091,2513,2519,2628,2689,2836,3126,3263,3447,3618,3870,3888,3966,4187,4216,4352,4664,4738,4887,5117,5634,5637,5721,6907,6909,7105,7543,7544,7545,7546,7547,7548,
284;0;6470;6642;0;3,19,24,26,86,88,95,97,100,137,139,144,149,225,245,255,262,276,277,288,321,343,644,647,765,803,835,854,855,863,948,949,995,1051,1118,1146,1269,1272,1280,1284,1286,1287,1290,1293,1294,1295,1322,1478,1481,1558,1587,1778,1809,1936,2080,2122,2391,2628,2661,2689,2693,2897,3037,3263,3447,3597,3618,3624,3745,4424,4553,4866,5634,5637,5685,6099,7062,7063,7064,7161,
284;1;6642;6697;0;3,19,24,26,86,88,95,97,100,137,139,144,149,225,245,255,262,276,277,288,321,343,644,647,765,803,835,854,855,863,948,949,995,1051,1118,1146,1269,1272,1280,1284,1286,1287,1290,1293,1294,1295,1322,1478,1481,1558,1587,1778,1809,1936,2080,2122,2391,2628,2661,2689,2693,2897,3037,3263,3447,3597,3618,3624,3745,4424,4553,4866,5634,5637,5685,6099,7062,7063,7064,7161,
255;0;6697;6831;0;3,19,24,26,86,88,95,97,100,137,139,144,149,225,245,255,262,276,277,288,321,343,644,647,765,803,835,854,855,863,948,949,995,1051,1118,1146,1269,1272,1280,1284,1286,1287,1290,1293,1294,1295,1322,1478,1481,1558,1587,1778,1809,1936,2080,2122,2391,2628,2661,2689,2693,2897,3037,3263,3447,3597,3618,3624,3745,4424,4553,4866,5634,5637,5685,6099,7062,7063,7064,7161,
255;1;6831;6921;0;3,19,24,26,86,88,95,97,100,137,139,144,149,225,245,255,262,276,277,288,321,343,644,647,765,803,835,854,855,863,948,949,995,1051,1118,1146,1269,1272,1280,1284,1286,1287,1290,1293,1294,1295,1322,1478,1481,1558,1587,1778,1809,1936,2080,2122,2391,2628,2661,2689,2693,2897,3037,3263,3447,3597,3618,3624,3745,4424,4553,4866,5634,5637,5685,6099,7062,7063,7064,7161,
96;0;6921;6986;0;3,19,24,26,86,88,95,97,100,137,139,144,149,225,245,255,262,276,277,288,321,343,644,647,765,803,835,854,855,863,948,949,995,1051,1118,1146,1269,1272,1280,1284,1286,1287,1290,1293,1294,1295,1322,1478,1481,1558,1587,1778,1809,1936,2080,2122,2391,2628,2661,2689,2693,2897,3037,3263,3447,3597,3618,3624,3745,4424,4553,4866,5634,5637,5685,6099,7062,7063,7064,7161,
96;1;6986;7143;0;3,19,24,26,86,88,95,97,100,137,139,144,149,225,245,255,262,276,277,288,321,343,644,647,765,803,835,854,855,863,948,949,995,1051,1118,1146,1269,1272,1280,1284,1286,1287,1290,1293,1294,1295,1322,1478,1481,1558,1587,1778,1809,1936,2080,2122,2391,2628,2661,2689,2693,2897,3037,3263,3447,3597,3618,3624,3745,4424,4553,4866,5634,5637,5685,6099,7062,7063,7064,7161,
275;0;7200;7336;0;3,19,24,26,86,88,95,97,100,137,139,144,149,225,245,255,262,276,277,288,321,329,343,396,397,404,644,647,765,803,835,854,855,863,948,949,995,1051,1118,1146,1236,1269,1272,1280,1284,1286,1287,1290,1293,1294,1295,1322,1474,1476,1478,1480,1481,1558,1587,1778,1809,1936,2080,2122,2391,2503,2628,2661,2689,2693,3263,3597,3745,4553,4650,4651,4866,5634,5637,6215,
275;1;7336;7419;0;24,95,97,137,139,144,149,225,245,255,277,288,321,396,404,647,765,835,855,863,948,949,995,1146,1236,1286,1287,1293,1322,1474,1478,1480,1481,1587,1778,2628,2689,3263,3686,4866,5634,5637,5951,5963,5968,5969,5976,5980,5987,5988,6007,6079,6360,6537,6538,6539,6541,6542,6549,6550,6552,6557,6559,6560,6741,6930,7132,7134,7286,8083,8084,8085,8086,8087,8088,8089,8090,8091,8092,8093,
35;0;7419;7581;0;24,95,97,137,139,144,149,225,245,255,277,288,321,396,404,647,765,835,855,863,948,949,995,1146,1236,1286,1287,1293,1322,1474,1478,1480,1481,1587,1778,2628,2689,3263,3686,4866,5634,5637,5951,5963,5968,5969,5976,5980,5987,5988,6007,6079,6360,6537,6538,6539,6541,6542,6549,6550,6552,6557,6559,6560,6741,6756,6757,6758,6930,7132,7134,7286,8083,8084,8085,8086,8087,8088,8089,8090,
35;1;7581;7635;0;24,95,97,137,139,144,149,225,245,255,277,288,321,396,404,647,677,765,772,835,836,855,863,948,949,995,1146,1236,1286,1287,1293,1322,1474,1478,1480,1481,1587,1778,2346,2347,2461,2628,2657,2689,3263,3686,4376,4866,5392,5484,5485,5525,5634,5637,5722,5869,5951,5963,5968,5969,5976,5980,5987,5988,6007,6022,6024,6026,6079,6360,6537,6538,6539,6541,6552,6559,6757,7099,7736,7737,
364;0;7635;7782;0;24,61,95,97,137,139,144,149,202,225,245,255,277,288,321,396,404,647,677,765,772,835,836,855,863,948,949,989,995,1146,1236,1275,1286,1287,1293,1322,1474,1478,1480,1481,1565,1587,1778,2346,2347,2461,2538,2628,2657,2689,3247,3263,3686,4376,4866,5392,5484,5485,5525,5634,5637,5722,5791,5869,5951,5963,5968,5969,5976,5980,5987,5988,6007,6022,6024,6360,6552,6559,6675,6757,
364;1;7782;7848;0;24,61,95,97,103,137,139,144,149,225,245,255,264,277,286,288,321,340,396,404,647,677,765,772,773,835,855,863,948,949,989,995,1146,1147,1236,1275,1286,1287,1293,1322,1428,1447,1474,1478,1480,1481,1778,2372,2461,2628,2689,2899,3263,4794,4866,5525,5722,5795,5951,5968,5976,5980,5987,6022,6023,6225,6360,6552,6559,6757,7188,7575,8021,8098,8841,8844,9265,9266,9267,9268,
340;0;7848;7926;0;27,62,152,165,189,198,225,321,449,476,479,536,598,602,722,875,995,1270,1271,1275,1279,1322,1334,1341,1466,1478,1778,1796,2074,2148,2151,2172,2315,2352,2555,2611,2839,2840,2841,2842,2843,2849,2873,2934,2968,3070,3336,3348,3349,3355,3360,3361,3409,3609,3774,3802,3805,4060,4078,4207,4864,4865,4866,4867,4868,4869,4870,4871,4872,4873,4874,4875,4876,4877,4878,4879,4880,4909,5474,5487,
340;1;7926;8053;0;27,62,152,165,189,198,225,321,449,476,479,536,598,602,722,875,995,1270,1271,1275,1279,1322,1334,1341,1466,1478,1778,1796,2074,2148,2151,2172,2315,2352,2555,2611,2839,2840,2841,2842,2843,2849,2873,2934,2968,3070,3336,3348,3349,3355,3360,3361,3409,3609,3774,3802,3805,4060,4078,4207,4864,4865,4866,4867,4868,4869,4870,4871,4872,4873,4874,4875,4876,4877,4878,4879,4880,4909,5474,5487,
112;0;8053;8131;0;27,62,152,165,189,198,225,321,449,476,479,536,598,602,722,875,995,1270,1271,1275,1279,1322,1334,1341,1466,1478,1778,1796,2074,2148,2151,2172,2315,2352,2555,2611,2839,2840,2841,2842,2843,2849,2873,2934,2968,3070,3336,3348,3349,3355,3360,3361,3409,3609,3774,3802,3805,4060,4078,4207,4864,4865,4866,4867,4868,4869,4870,4871,4872,4873,4874,4875,4876,4877,4878,4879,4880,4909,5474,5487,
112;1;8640;8766;0;27,62,97,144,149,152,165,189,198,225,231,288,321,404,432,449,476,479,536,598,602,722,875,949,995,1236,1270,1271,1275,1279,1322,1334,1341,1466,1474,1475,1478,1480,1521,1778,1796,1978,2074,2148,2151,2172,2315,2352,2508,2555,2611,2839,2840,2841,2842,2843,2849,2873,2934,2968,3070,3336,3348,3349,3355,3360,3361,3409,3609,3774,3802,3805,4207,4864,5143,5487,5619,5699,6177,6178,
373;0;8766;8803;0;4,27,62,95,97,144,149,152,165,189,198,225,231,288,301,306,321,390,391,392,404,405,432,449,476,479,536,598,602,722,875,949,995,1052,1146,1236,1270,1271,1275,1279,1322,1334,1341,1417,1466,1473,1474,1475,1478,1480,1521,1620,1664,1778,1796,1978,2074,2148,2151,2172,2315,2352,2428,2508,2555,2611,2820,2839,2842,2849,2873,2968,3070,3361,3774,3802,4207,4864,5487,5588,
373;1;8803;8967;0;4,27,62,79,95,97,144,149,152,165,170,189,198,225,231,288,301,306,321,390,391,392,404,405,432,449,476,479,536,598,602,722,875,949,968,995,1031,1052,1146,1236,1270,1271,1275,1279,1322,1334,1341,1417,1466,1473,1474,1475,1478,1480,1521,1620,1664,1778,2074,2168,2172,2315,2555,2820,2842,2849,2873,2968,3070,3331,3361,3774,3775,3802,4207,4864,5487,5588,5804,5805,
231;0;8967;9087;0;4,24,27,28,46,62,79,95,97,144,149,152,165,170,189,198,206,225,231,288,301,306,321,390,391,392,404,405,432,449,476,479,536,598,602,722,875,949,968,979,1052,1146,1236,1270,1271,1275,1322,1341,1417,1466,1473,1474,1478,1561,2074,2172,2305,2315,2555,2820,2842,2849,2873,2968,3006,3070,3361,3774,3796,3802,3808,3900,3906,4207,4273,4274,4275,4864,5487,5588,
231;1;9087;9163;0;4,24,27,79,95,97,144,149,165,189,198,206,225,231,288,301,306,321,390,391,392,404,875,949,968,979,1052,1146,1236,1270,1271,1275,1322,1341,1417,1466,1473,1474,1478,1949,1950,1951,1952,1954,1955,1956,1957,1958,1959,1960,1961,1962,1963,1964,1965,1966,1967,1968,1969,2074,2172,2305,2315,2555,2820,2842,2849,2873,2968,3070,3361,3774,3802,4207,4864,5487,5588,6166,6167,6168,
303;0;9163;9243;0;24,27,79,95,96,97,117,137,139,144,148,149,165,189,198,225,231,275,288,306,321,390,391,395,404,434,647,855,863,875,912,948,949,979,1060,1071,1093,1146,1236,1270,1275,1322,1341,1466,1473,1474,1478,1502,1670,1750,1759,1914,2074,2172,2224,2305,2315,2337,2573,2842,2873,2968,3034,3070,3361,3774,3802,4359,4394,4396,4397,4864,5206,5487,5627,5721,6441,6874,7010,7011,
303;1;9243;9357;0;24,27,79,95,96,97,117,137,139,144,148,149,165,189,198,225,231,275,288,306,321,390,391,395,404,434,647,855,863,875,912,948,949,979,1060,1071,1093,1146,1236,1270,1275,1287,1322,1341,1466,1473,1474,1478,1502,1670,1750,1759,1914,2074,2172,2224,2305,2315,2337,2573,2842,2873,2968,3034,3051,3070,3361,3774,3802,4359,4394,4396,4397,4864,5206,5487,5627,6095,6096,6097,
62;0;9357;9446;0;15,24,27,54,60,95,97,137,139,144,145,149,177,231,233,241,255,277,302,305,310,313,314,321,391,395,396,429,647,826,855,871,875,905,948,1117,1267,1270,1286,1287,1466,1474,1478,1479,1661,1675,1685,1759,1814,2062,2063,2091,2197,2337,2455,3015,3070,3345,3346,3411,3774,4313,4314,4315,4316,4317,4318,4487,4488,5162,5255,5471,5682,6357,6360,6585,7478,7526,7671,8836,
62;1;9446;9547;0;15,24,27,54,60,95,97,137,139,144,145,149,177,231,233,241,255,277,302,305,310,313,314,321,391,395,396,429,647,826,855,871,875,905,948,1117,1267,1270,1286,1287,1466,1474,1478,1479,1661,1675,1685,1759,1814,2062,2063,2091,2197,2337,2455,3015,3070,3345,3346,3411,3774,4313,4314,4315,4316,4317,4318,4487,4488,5162,5255,5471,5682,6357,6360,6585,7478,7526,7671,8836,
292;0;9547;9695;0;15,24,27,54,60,95,97,137,139,144,145,149,177,231,233,241,255,277,302,305,310,313,314,321,391,395,396,429,647,826,855,871,875,905,948,1117,1267,1270,1286,1287,1466,1474,1478,1479,1661,1675,1685,1759,1814,2062,2063,2091,2197,2337,2455,3015,3070,3345,3346,3411,3774,4313,4314,4315,4316,4317,4318,4487,4488,5162,5255,5471,5682,6357,6360,6585,7478,7526,7671,8836,
292;1;9695;9868;0;15,24,27,54,60,95,97,137,139,144,145,149,177,231,233,241,255,277,302,305,310,313,314,321,391,395,396,429,647,826,855,871,875,905,948,1117,1267,1270,1286,1287,1466,1474,1478,1479,1661,1675,1685,1759,1814,2062,2063,2091,2197,2337,2455,3015,3070,3345,3346,3411,3774,4313,4314,4315,4316,4317,4318,4487,4488,5162,5255,5471,5682,6357,6360,6585,7478,7526,7671,8836,
316;0;9868;10002;0;15,24,27,54,60,95,97,137,139,144,145,149,177,231,233,241,255,277,302,305,310,313,314,321,391,395,396,429,647,826,855,871,875,905,948,1117,1267,1270,1286,1287,1466,1474,1478,1479,1661,1675,1685,1759,1814,2062,2063,2091,2197,2337,2455,3015,3070,3345,3346,3411,3774,4313,4314,4315,4316,4317,4318,4487,4488,5162,5255,5471,5682,6357,6360,6585,7478,7526,7671,8836,
316;1;10002;10056;0;15,24,27,54,60,95,97,137,139,144,145,149,177,231,233,241,255,277,302,305,310,313,314,321,391,395,396,429,647,826,855,871,875,905,948,1117,1267,1270,1286,1287,1466,1474,1478,1479,1661,1675,1685,1759,1814,2062,2063,2091,2197,2337,2455,3015,3070,3345,3346,3411,3774,4313,4314,4315,4316,4317,4318,4487,4488,5162,5255,5471,5682,6357,6360,6585,7478,7526,7671,8836,
257;0;10080;10230;0;15,24,27,54,60,95,97,137,139,144,145,149,177,231,233,241,255,277,302,305,310,313,314,321,391,395,396,429,632,647,826,855,871,875,905,948,1117,1196,1267,1270,1286,1287,1466,1474,1478,1479,1651,1661,1675,1685,1759,1814,2062,2063,2091,2197,2337,2455,3015,3070,3345,3346,3411,3774,4313,4314,4315,4316,4317,4318,4487,4488,5162,5255,5471,5682,6745,7159,7671,8836,
257;1;10230;10262;0;15,24,27,60,95,137,139,144,145,149,177,231,233,241,256,277,302,305,310,313,314,321,391,395,396,429,647,826,855,871,875,948,1117,1196,1267,1270,1282,1287,1292,1466,1474,1478,1479,1759,1814,1867,2021,2089,2091,2197,2221,2337,2407,2410,2477,2625,3070,3345,3346,3416,3706,3774,3929,4314,4318,4435,4487,4488,5106,5471,5682,5703,6757,7367,7671,7879,8606,8836,9257,9258,
881;0;10262;10441;0;15,24,27,60,95,137,139,144,145,149,177,231,233,241,243,256,277,302,305,310,313,314,321,391,395,396,429,647,826,855,871,875,948,1117,1196,1267,1270,1282,1287,1292,1466,1474,1478,1479,1759,1814,1867,2021,2089,2091,2197,2221,2337,2407,2410,2477,2625,3070,3345,3346,3416,3706,3774,3929,4314,4318,4435,4487,4488,5106,5259,5471,5501,5682,5703,6757,7367,7671,7879,8836,
1047;0;10441;10617;0;15,24,27,60,95,137,139,144,145,149,177,231,233,241,243,256,277,302,305,310,313,314,321,391,395,396,429,647,826,855,871,875,921,948,1117,1118,1196,1267,1270,1282,1287,1292,1466,1474,1478,1479,1489,1759,1814,1867,2021,2089,2091,2197,2221,2337,2407,2410,2477,3070,3267,3268,3345,3346,3416,3706,3774,4314,4318,4487,4488,5259,5471,5682,6090,7367,7671,7879,8836,9200,
196;0;10617;10715;0;15,24,27,60,95,137,139,144,145,149,177,231,233,241,243,256,277,302,305,310,313,314,321,391,395,396,429,647,826,855,871,875,921,948,1117,1118,1196,1267,1270,1282,1287,1292,1466,1474,1478,1479,1489,1759,1814,1867,2021,2089,2091,2197,2221,2337,2407,2410,2477,3070,3267,3345,3346,3416,3706,3774,4314,4318,4487,4488,5259,5471,5682,7367,7671,7879,8493,8494,8495,8836,
196;1;10715;10792;0;15,24,27,60,95,137,139,144,145,149,177,231,233,241,243,256,277,302,305,310,313,314,321,391,395,396,429,647,826,855,871,875,921,948,1117,1118,1196,1267,1270,1282,1287,1292,1466,1474,1478,1479,1489,1759,1814,1867,2021,2089,2091,2197,2221,2337,2407,2410,2477,3070,3267,3345,3346,3416,3706,3774,4314,4318,4487,4488,5259,5471,5682,7367,7369,7671,7879,8493,8494,8836,
1117;0;10792;10966;0;61,68,76,95,137,149,208,247,251,274,343,352,395,396,412,415,474,655,666,757,769,772,794,875,946,948,951,1267,1268,1293,1294,1423,1447,1466,1582,1707,1781,1814,1935,2018,2073,2319,2679,2868,2911,3070,3072,3131,3152,3160,3164,3291,3292,3293,3294,3345,3589,3590,3703,3721,3797,3859,3908,4119,4217,4287,4330,4353,4736,5416,6092,7009,8354,8536,8537,8538,8539,8540,8541,8542,
168;0;10966;11005;0;61,68,76,95,137,149,208,247,251,274,343,352,395,396,412,415,474,655,666,757,769,772,794,875,946,948,951,1267,1268,1293,1294,1423,1447,1466,1582,1707,1781,1814,1935,2018,2073,2319,2679,2868,2911,3070,3072,3131,3152,3160,3164,3291,3292,3293,3294,3345,3589,3590,3703,3721,3797,3859,3908,4119,4217,4287,4330,4353,4736,5416,6092,7009,8354,8536,8537,8538,8539,8540,8541,8542,
168;1;11005;11137;0;61,68,76,95,137,149,208,247,251,274,343,352,395,396,412,415,474,655,666,757,769,772,794,875,946,948,951,1267,1268,1293,1294,1423,1447,1466,1582,1707,1781,1814,1935,2018,2073,2319,2679,2868,2911,3070,3072,3131,3152,3160,3164,3291,3292,3293,3294,3345,3589,3590,3703,3721,3797,3859,3908,4119,4217,4287,4330,4353,4736,5416,6092,7009,8354,8536,8537,8538,8539,8540,8541,8542,
19;0;11137;11248;0;61,68,76,95,137,149,208,247,251,274,343,352,395,396,412,415,474,655,666,757,769,772,794,875,946,948,951,1267,1268,1293,1294,1423,1447,1466,1582,1707,1781,1814,1935,2018,2073,2319,2679,2868,2911,3070,3072,3131,3152,3160,3164,3291,3292,3293,3294,3345,3589,3590,3703,3721,3797,3859,3908,4119,4217,4287,4330,4353,4736,5416,6092,7009,8354,8536,8537,8538,8539,8540,8541,8542,
19;1;11248;11307;0;61,68,76,95,137,149,208,247,251,274,343,352,395,396,412,415,474,655,666,757,769,772,794,875,946,948,951,1267,1268,1293,1294,1423,1447,1466,1582,1707,1781,1814,1935,2018,2073,2319,2679,2868,2911,3070,3072,3131,3152,3160,3164,3291,3292,3293,3294,3345,3589,3590,3703,3721,3797,3859,3908,4119,4217,4287,4330,4353,4736,5416,6092,7009,8354,8536,8537,8538,8539,8540,8541,8542,
1232;0;11520;11689;0;61,68,76,95,137,149,208,247,251,274,276,343,352,395,396,412,415,474,655,666,715,757,765,769,772,794,833,875,946,948,951,1267,1268,1293,1294,1423,1447,1466,1582,1707,1781,1814,1935,2018,2073,2319,2663,2679,2868,2911,3070,3072,3131,3152,3160,3164,3291,3292,3293,3294,3345,3527,3529,3589,3590,3703,3721,3797,3859,3908,4119,4217,4287,4330,4353,4736,4948,4949,6092,7009,
359;0;11689;11779;0;61,68,76,95,137,149,208,247,251,274,276,343,352,395,396,412,415,474,655,666,715,757,765,769,772,794,833,875,946,948,951,1267,1268,1293,1294,1423,1447,1466,1582,1707,1781,1814,1935,2018,2073,2319,2663,2679,2868,2911,3070,3072,3131,3152,3160,3164,3291,3292,3293,3294,3345,3527,3529,3589,3590,3703,3721,3797,3859,3908,4119,4217,4287,4330,4353,4736,4949,6092,7009,7431,
359;1;11779;11857;0;5,9,61,68,76,93,95,137,148,149,208,247,251,274,276,288,382,383,390,393,394,395,396,404,415,715,765,838,854,875,890,949,1030,1050,1145,1146,1149,1171,1231,1232,1267,1268,1293,1361,1362,1423,1447,1505,1506,1604,1668,1669,1758,1761,1781,1799,1811,1814,2106,2359,2663,2679,2717,2822,3070,3263,3292,3435,3523,3527,3529,3721,4043,5223,5700,6198,6525,6526,6527,6528,
1007;0;11857;12022;0;5,9,61,68,76,93,95,137,148,149,197,208,247,251,274,276,288,382,383,390,393,394,395,396,404,415,466,715,765,826,838,854,875,890,949,1030,1050,1145,1146,1149,1171,1231,1232,1267,1268,1293,1341,1361,1362,1423,1447,1505,1506,1604,1668,1669,1758,1781,1814,2106,2197,2359,2663,2679,3070,3263,3292,3410,3435,3527,3529,3721,3774,4487,4488,5471,5682,7671,8836,8838,
1054;0;12022;12186;0;2,5,9,61,68,76,93,95,137,148,149,197,208,234,247,251,274,276,288,382,383,390,393,394,395,396,397,404,415,466,647,715,765,826,838,854,855,875,890,949,1030,1050,1093,1117,1145,1146,1149,1171,1172,1236,1267,1268,1293,1361,1362,1423,1447,1502,1604,1668,1669,1781,1814,2106,2359,2663,2679,2998,2999,3000,3001,3070,3263,3292,3435,3527,3529,3721,3774,8838,
202;0;12186;12246;0;19,24,38,55,61,68,70,95,117,137,144,189,208,225,231,233,234,251,288,329,395,396,435,591,647,787,838,855,871,874,875,876,877,880,949,1293,1423,1474,1478,1497,1502,1551,1552,1553,1554,1555,1556,1557,1558,1669,1671,2091,2305,2306,2337,2679,3070,3263,3292,3448,4406,4547,4548,4630,4645,5725,6393,8134,8135,8136,8137,8138,8139,8140,8141,8142,8143,8144,8145,8146,
202;1;12246;12345;0;19,24,38,55,61,68,70,95,117,137,144,189,208,225,231,233,234,251,288,329,395,396,435,591,647,787,838,855,871,874,875,876,877,880,949,1293,1423,1474,1478,1497,1502,1551,1552,1553,1554,1555,1556,1557,1558,1669,1671,2091,2305,2306,2337,2679,3070,3263,3292,3448,4406,4547,4548,4630,4645,5725,6393,8134,8135,8136,8137,8138,8139,8140,8141,8142,8143,8144,8145,8146,
1063;0;12345;12502;0;19,24,38,55,61,68,70,95,117,137,144,189,208,225,231,233,234,251,288,329,395,396,435,591,647,787,838,855,871,874,875,876,877,880,949,1293,1423,1474,1478,1497,1502,1551,1552,1553,1554,1555,1556,1557,1558,1669,1671,2091,2305,2306,2337,2679,3070,3263,3292,3448,4406,4547,4548,4630,4645,5725,6393,8134,8135,8136,8137,8138,8139,8140,8141,8142,8143,8144,8145,8146,
1234;0;12502;12658;0;19,24,38,55,61,68,70,95,117,137,144,189,208,225,231,233,234,251,288,329,395,396,435,591,647,787,838,855,871,874,875,876,877,880,949,1293,1423,1474,1478,1497,1502,1551,1552,1553,1554,1555,1556,1557,1558,1669,1671,2091,2305,2306,2337,2679,3070,3263,3292,3448,4406,4547,4548,4630,4645,5725,6393,8134,8135,8136,8137,8138,8139,8140,8141,8142,8143,8144,8145,8146,
824;0;12658;12812;0;19,24,38,55,61,68,70,95,117,137,144,189,208,225,231,233,234,251,288,329,395,396,435,591,647,787,838,855,871,874,875,876,877,880,949,1293,1423,1474,1478,1497,1502,1551,1552,1553,1554,1555,1556,1557,1558,1669,1671,2091,2305,2306,2337,2679,3070,3263,3292,3448,4406,4547,4548,4630,4645,5725,6393,8134,8135,8136,8137,8138,8139,8140,8141,8142,8143,8144,8145,8146,
828;0;12812;12964;0;19,24,38,55,61,68,70,95,117,137,144,189,208,225,231,233,234,251,288,329,395,396,435,591,647,787,838,855,871,874,875,876,877,880,949,1293,1423,1474,1478,1497,1502,1551,1552,1553,1554,1555,1556,1557,1558,1669,1671,2091,2305,2306,2337,2679,3070,3263,3292,3448,4406,4547,4548,4630,4645,5725,6393,8134,8135,8136,8137,8138,8139,8140,8141,8142,8143,8144,8145,8146,
931;0;12964;13114;0;19,24,38,55,61,68,70,95,117,137,144,189,208,225,231,233,234,251,288,329,395,396,435,591,647,787,838,855,871,872,873,874,875,876,877,880,949,1142,1293,1423,1456,1460,1461,1474,1478,1497,1502,1551,1552,1553,1554,1555,1556,1557,1558,1669,1671,2091,2305,2306,2337,2679,3070,3263,3292,3448,4406,4547,4548,4630,4645,5725,6393,8134,8135,8136,8137,8138,8139,8140,
885;0;13114;13263;0;19,24,38,55,61,68,70,95,117,137,144,145,189,208,225,231,233,234,251,277,288,322,329,379,395,396,429,435,591,647,787,838,855,871,872,873,874,875,876,877,880,949,1142,1293,1423,1456,1460,1461,1474,1478,1497,1502,1551,1552,1553,1554,1555,1556,1557,1558,1669,1671,2091,2305,2306,2337,2394,2679,3070,3263,3284,3292,3448,4406,4472,4547,4548,4630,4645,5725,
899;0;13263;13411;0;19,24,38,55,60,61,68,70,95,117,137,144,145,189,208,214,225,231,233,234,251,277,288,322,329,379,395,396,429,435,591,647,787,838,855,871,872,873,874,875,876,877,880,882,949,1142,1293,1423,1456,1460,1461,1474,1478,1497,1502,1551,1552,1553,1554,1558,1671,1980,2005,2091,2158,2305,2337,2679,3070,3263,3284,3448,3542,4221,4222,4223,4224,4225,4406,4472,
57;0;13411;13495;0;19,24,38,55,60,61,68,70,95,117,137,144,145,189,208,214,225,231,233,234,251,277,288,322,329,379,395,396,429,435,591,647,787,838,855,871,872,873,874,875,876,877,880,882,949,1142,1293,1423,1456,1460,1461,1474,1478,1497,1502,1558,1671,1980,2091,2158,2305,2337,2679,2943,3070,3263,3284,3448,4406,4472,8014,8551,8555,9032,9075,9101,9102,9103,9104,9105,
57;1;13495;13556;0;24,38,55,60,61,68,70,95,144,145,189,208,231,251,277,288,290,291,329,395,396,647,677,855,871,873,874,875,876,877,880,949,1073,1293,1423,1451,1478,1502,1915,1980,2091,2158,2253,2573,2627,2677,2679,2691,2774,2775,2806,2893,3070,3263,3448,4361,4365,4406,4635,5329,6475,6803,7423,7663,7943,8014,8099,8129,8187,8551,8555,8686,8687,8691,8696,8697,8698,8699,8700,8701,
803;0;13556;13700;0;24,26,30,55,60,61,68,144,145,149,169,189,196,198,208,221,231,241,277,329,391,396,400,502,609,647,855,875,1275,1281,1288,1293,1423,1476,1478,1479,1502,1560,1580,1920,1922,1980,1984,1997,1999,2027,2091,2150,2158,2172,2239,2240,2423,2861,2873,3070,3387,3577,3720,3721,3753,3855,3933,3934,3935,3936,3937,3938,3939,3940,3941,4364,4383,4832,5053,5244,5435,6401,8014,8158,
148;0;13700;13766;0;24,26,30,55,60,61,68,144,145,149,169,189,196,198,208,221,231,241,277,329,391,396,400,502,609,647,855,875,1275,1281,1288,1293,1423,1476,1478,1479,1502,1560,1580,1920,1922,1980,1984,1997,1999,2027,2091,2150,2158,2172,2239,2240,2423,2861,2873,3070,3387,3577,3720,3721,3753,3855,3933,3934,3935,3936,3937,3938,3939,3940,3941,4364,4383,4832,5053,5244,5435,6401,8014,8158,
148;1;13766;13839;0;24,26,30,55,60,61,68,144,145,149,169,189,196,198,208,221,231,241,277,329,391,396,400,502,609,647,855,875,1275,1281,1288,1293,1423,1476,1478,1479,1502,1560,1580,1920,1922,1980,1984,1997,1999,2027,2091,2150,2158,2172,2239,2240,2423,2861,2873,3070,3387,3577,3720,3721,3753,3855,3933,3934,3935,3936,3937,3938,3939,3940,3941,4364,4383,4832,5053,5244,5435,6401,8014,8158,
1069;0;13839;13977;0;24,26,30,55,60,61,68,144,145,149,169,189,196,198,208,221,231,241,277,329,391,396,400,502,609,647,855,875,1275,1281,1288,1293,1423,1476,1478,1479,1502,1560,1580,1920,1922,1980,1984,1997,1999,2027,2091,2150,2158,2172,2239,2240,2423,2861,2873,3070,3387,3577,3720,3721,3753,3855,3933,3934,3935,3936,3937,3938,3939,3940,3941,4364,4383,4832,5053,5244,5435,6401,8014,8158,
1032;0;14400;14537;0;24,26,30,55,60,61,68,144,145,149,169,189,196,198,208,221,231,241,277,329,391,396,400,430,502,609,647,855,875,1275,1281,1288,1293,1423,1476,1478,1479,1502,1560,1580,1920,1922,1980,1984,1997,1999,2027,2091,2150,2158,2172,2239,2240,2423,2663,2861,2873,3070,3387,3577,3720,3721,3753,3855,3933,3934,3935,3936,3937,3938,3939,3940,3941,4364,7296,8014,8396,8826,8827,8828,
357;0;14537;14617;0;24,26,29,30,55,60,61,68,144,145,149,169,189,196,198,208,221,231,241,277,329,391,396,400,430,502,609,647,855,875,1275,1281,1288,1293,1423,1476,1478,1479,1502,1560,1580,1920,1922,1980,1984,1997,1999,2027,2091,2150,2158,2172,2239,2240,2423,2663,2861,2873,3070,3346,3387,3577,3720,3721,3753,3855,3933,3934,3935,3936,3937,3938,3939,3940,3941,4314,4318,4364,7296,8014,
357;1;14617;14672;0;24,26,29,30,55,60,61,68,144,145,149,169,189,196,198,208,221,231,241,277,329,391,396,400,430,502,609,647,855,875,1275,1281,1288,1293,1423,1476,1478,1479,1502,1560,1580,1920,1922,1980,1984,1997,1999,2027,2091,2150,2158,2172,2239,2240,2423,2663,2861,2873,3070,3289,3346,3387,3577,3720,3721,3753,3855,3933,3934,3935,7296,8014,8170,8171,8174,8429,8431,9098,9099,9100,
198;0;14672;14720;0;24,26,29,30,55,60,61,68,144,145,149,169,189,196,198,208,221,231,241,277,329,391,396,400,430,502,609,647,855,875,1275,1281,1288,1293,1423,1476,1478,1479,1502,1560,1580,1920,1922,1980,1984,1997,1999,2027,2091,2150,2158,2172,2239,2240,2423,2663,2861,2873,3070,3289,3346,3387,3577,3720,3721,3753,3855,3933,3934,5951,5959,5966,5976,5992,6552,6556,6583,6729,7137,7296,
198;1;14720;14806;0;15,24,26,29,30,55,60,61,68,144,145,149,169,189,196,198,208,221,231,241,277,329,391,396,400,430,502,609,647,736,855,875,979,989,1275,1281,1288,1293,1423,1425,1476,1478,1479,1502,1560,1580,1920,1922,1980,1984,1997,1999,2027,2091,2150,2157,2158,2172,2239,2240,2423,2663,2861,2873,3070,3289,3346,3387,3577,3718,3720,3721,3753,3855,5951,5959,5966,5976,5992,7296,
1191;0;14806;14938;0;15,24,26,27,29,30,55,60,61,68,76,144,145,149,169,189,191,196,198,208,221,231,241,277,329,391,396,400,408,415,430,460,502,503,609,647,724,736,855,875,979,989,1275,1281,1288,1293,1423,1425,1476,1478,1479,1502,1560,1580,1920,1922,1980,1984,1997,1999,2027,2074,2091,2150,2239,2240,2861,2873,3070,3577,3721,3855,4991,5600,5951,5959,5966,5976,5992,7296,
354;0;14938;14963;0;15,24,26,27,29,30,55,60,61,68,76,144,145,149,169,189,191,196,198,208,221,231,241,277,329,391,396,400,408,415,430,460,502,503,609,647,724,736,855,875,979,989,1275,1281,1288,1293,1423,1425,1476,1478,1479,1502,1560,1580,1920,1922,2074,2091,2239,2240,2861,2873,3070,3577,3721,3774,3855,5951,5959,5966,5976,5992,7029,7296,7879,8074,8075,8077,8115,8116,
354;1;14963;15068;0;15,24,26,27,29,30,55,60,61,68,76,100,144,145,149,169,189,191,196,198,208,221,231,241,277,288,292,329,391,396,398,400,408,415,430,460,502,503,647,736,875,933,979,1117,1229,1288,1293,1423,1425,1447,1476,1478,1479,1481,1580,1920,1922,2074,2091,2239,2240,2861,2873,3070,3577,3721,3774,3855,4658,5654,5664,5665,5666,5667,5951,5959,5966,5976,5992,7296,
1214;0;15068;15193;0;24,56,61,95,100,139,144,146,189,276,289,337,374,436,677,680,681,715,765,844,849,852,875,921,1236,1270,1424,1425,1470,1481,1529,2091,2240,2382,2391,2420,2461,2475,2626,2628,2903,3529,3532,3577,3578,3579,3745,3786,3878,4033,4404,4405,4406,4407,4408,4409,4410,4411,4412,4934,4974,5206,5397,5525,5691,5722,5723,5768,5795,5943,6107,6114,6115,6116,6117,6163,6169,6179,6180,9030,
978;0;15193;15317;0;24,56,61,95,100,139,144,146,189,276,289,337,374,436,677,680,681,715,765,844,849,852,875,921,1236,1270,1424,1425,1470,1481,1529,2091,2240,2382,2391,2420,2461,2475,2626,2628,2903,3529,3532,3577,3578,3579,3745,3786,3878,4033,4404,4405,4406,4407,4408,4409,4410,4411,4412,4934,4974,5206,5397,5525,5691,5722,5723,5768,5795,5943,6107,6114,6115,6116,6117,6163,6169,6179,6180,9030,
356;0;15317;15374;0;24,56,61,95,100,139,144,146,189,276,289,337,374,436,677,680,681,715,765,844,849,852,875,921,1236,1270,1424,1425,1470,1481,1529,2091,2240,2382,2391,2420,2461,2475,2626,2628,2903,3529,3532,3577,3578,3579,3745,3786,3878,4033,4404,4405,4406,4407,4408,4409,4410,4411,4412,4934,4974,5206,5397,5525,5691,5722,5723,5768,5795,5943,6107,6114,6115,6116,6117,6163,6169,6179,6180,9030,
356;1;15374;15440;0;24,56,61,95,100,139,144,146,189,276,289,337,374,436,677,680,681,715,765,844,849,852,875,921,1236,1270,1424,1425,1470,1481,1529,2091,2240,2382,2391,2420,2461,2475,2626,2628,2903,3529,3532,3577,3578,3579,3745,3786,3878,4033,4404,4405,4406,4407,4408,4409,4410,4411,4412,4934,4974,5206,5397,5525,5691,5722,5723,5768,5795,5943,6107,6114,6115,6116,6117,6163,6169,6179,6180,9030,
1092;0;15440;15561;0;24,56,61,95,100,139,144,146,189,276,289,337,374,436,677,680,681,715,765,844,849,852,875,921,1236,1270,1424,1425,1470,1481,1529,2091,2240,2382,2391,2420,2461,2475,2626,2628,2903,3529,3532,3577,3578,3579,3745,3786,3878,4033,4404,4405,4406,4407,4408,4409,4410,4411,4412,4934,4974,5206,5397,5525,5691,5722,5723,5768,5795,5943,6107,6114,6115,6116,6117,6163,6169,6179,6180,9030,
1215;0;15561;15680;0;24,56,61,95,100,139,144,146,189,276,289,337,374,436,677,680,681,715,765,844,849,852,875,921,1236,1270,1424,1425,1470,1481,1529,2091,2240,2382,2391,2420,2461,2475,2626,2628,2903,3529,3532,3577,3578,3579,3745,3786,3878,4033,4404,4405,4406,4407,4408,4409,4410,4411,4412,4934,4974,5206,5397,5525,5691,5722,5723,5768,5795,5943,6107,6114,6115,6116,6117,6163,6169,6179,6180,9030,
Machine: 2
1034;0;0;11;1;24,26,40,46,52,139,182,204,262,290,301,321,359,390,429,692,719,722,769,825,854,855,895,1068,1069,1118,1121,1134,1146,1163,1171,1256,1271,1275,1276,1473,1484,1782,1808,1809,1913,1994,2128,2223,2371,2475,2512,2588,2645,2774,2775,2777,2778,2815,2903,2947,2968,3003,3261,3263,4109,4110,4111,4112,4503,4569,4585,4739,4981,5185,6329,6748,6796,6797,6798,6799,6800,6801,6802,6803,
926;0;11;25;1;24,26,40,46,52,139,182,204,262,290,301,321,359,390,429,692,719,722,769,825,854,855,895,1068,1069,1118,1121,1134,1146,1163,1171,1256,1271,1275,1276,1473,1484,1782,1808,1809,1913,1994,2128,2223,2371,2475,2512,2588,2645,2774,2775,2777,2778,2815,2903,2947,2968,3003,3261,3263,4109,4110,4111,4112,4503,4569,4585,4739,4981,5185,6329,6748,6796,6797,6798,6799,6800,6801,6802,6803,
880;0;25;43;1;24,26,40,46,52,139,182,204,262,290,301,321,359,390,429,692,719,722,769,825,854,855,895,1068,1069,1118,1121,1134,1146,1163,1171,1256,1271,1275,1276,1473,1484,1782,1808,1809,1913,1994,2128,2223,2371,2475,2512,2588,2645,2774,2775,2777,2778,2815,2903,2947,2968,3003,3261,3263,4109,4112,4569,4585,4739,5185,6329,6748,6796,6797,6798,6799,6800,6801,6802,6803,6804,6805,6806,6807,
1051;0;43;65;1;24,26,40,46,52,95,97,139,182,204,262,290,301,321,359,390,395,398,401,429,692,719,722,769,825,854,855,895,1050,1052,1054,1068,1069,1118,1121,1134,1146,1163,1171,1256,1271,1275,1276,1359,1473,1484,1669,1782,1808,1809,1913,1994,2128,2134,2223,2355,2371,2426,2475,2512,2588,2645,2774,2775,2777,2778,2815,2903,2947,2968,3003,3261,3263,4109,4112,4569,4585,4739,5185,6748,
1082;0;65;99;1;24,26,40,46,52,95,97,126,139,182,204,208,262,290,301,321,359,390,395,398,401,427,429,480,499,504,547,578,692,719,722,769,825,854,855,895,964,1050,1052,1054,1068,1069,1118,1121,1134,1146,1163,1171,1256,1271,1275,1359,1473,1484,1587,1669,1701,1782,1808,1809,1936,1994,2069,2134,2223,2306,2475,2512,2588,2645,2774,2775,2777,2778,2903,3263,3395,4112,6748,7980,
973;0;99;140;1;24,26,40,46,52,95,97,126,139,182,204,208,245,262,290,301,321,359,390,394,395,396,398,401,427,429,480,499,504,547,692,719,769,854,855,895,1050,1051,1052,1054,1057,1068,1069,1118,1121,1134,1145,1146,1163,1171,1275,1359,1473,1484,1587,1669,1782,1808,1809,1994,2105,2134,2223,2306,2475,2512,2588,2645,2774,2775,2777,2778,2903,3263,4112,5611,5613,5626,5803,6748,
895;0;140;185;1;24,26,40,46,52,95,97,126,139,182,204,208,245,262,290,301,321,390,394,395,396,398,401,429,480,499,504,692,719,769,854,855,895,1051,1052,1054,1057,1068,1069,1118,1121,1134,1145,1146,1163,1171,1275,1359,1473,1484,1587,1669,1782,1808,1809,1994,2105,2134,2223,2306,2475,2512,2588,2645,2774,2775,2777,2778,2903,3263,4112,6145,6748,7953,7954,8229,8277,8285,8589,8592,
90;0;185;219;1;24,26,40,46,52,95,97,126,139,182,204,208,225,245,262,290,301,321,390,394,395,396,398,401,429,480,499,504,692,719,769,854,855,895,1051,1052,1054,1057,1068,1069,1118,1121,1134,1145,1146,1163,1171,1275,1359,1473,1484,1587,1669,1782,1808,1809,1994,2105,2134,2223,2306,2475,2512,2588,2645,2774,2775,2777,2778,2903,3263,4112,6145,6748,7953,7954,8229,8277,8285,8589,
90;1;219;236;1;24,26,40,46,52,95,97,126,139,149,204,208,225,245,262,290,301,321,390,394,395,396,398,401,429,504,692,719,769,773,831,854,855,895,946,948,1051,1052,1054,1057,1068,1069,1118,1121,1134,1145,1146,1163,1171,1275,1359,1473,1484,1567,1587,1782,1808,1809,2105,2134,2223,2306,2475,2512,2588,2600,2645,2774,2775,2777,2778,2903,3263,4112,5010,6145,6748,7953,7954,8589,
179;0;236;269;1;24,26,46,95,97,126,139,149,198,208,225,245,262,290,301,321,390,394,395,396,398,401,429,472,504,692,719,769,773,831,854,855,895,946,948,1051,1052,1054,1057,1068,1069,1118,1121,1134,1145,1146,1163,1171,1275,1359,1473,1484,1567,1587,1782,1808,1809,2105,2134,2146,2147,2223,2306,2475,2512,2588,2600,2645,2774,2775,2777,2778,2903,3263,4112,6145,6748,7953,7954,8589,
179;1;269;301;1;24,26,38,95,97,139,149,189,198,208,225,245,262,290,301,321,390,394,395,396,398,401,429,490,504,692,719,769,773,831,854,855,871,872,873,874,948,1051,1052,1054,1057,1068,1069,1118,1121,1134,1145,1146,1163,1171,1275,1359,1456,1473,1484,1567,1587,1782,1808,1809,2105,2134,2223,2306,2475,2512,2588,2600,2645,2774,2775,2777,2778,2903,3263,6145,6748,7953,7954,8589,
949;0;301;367;0;24,26,38,95,97,139,149,189,198,208,225,245,262,290,301,321,390,394,395,396,398,401,429,490,504,692,719,769,773,831,854,855,871,872,873,874,948,1051,1052,1057,1068,1069,1118,1121,1134,1142,1145,1146,1163,1171,1275,1359,1456,1473,1484,1567,1587,1782,1808,1809,2105,2134,2223,2306,2475,2512,2588,2600,2645,2774,2775,2777,2778,2903,3263,6145,6748,7953,7954,8589,
1152;0;367;408;0;24,26,38,95,97,139,149,185,189,198,208,225,245,262,290,301,321,390,395,396,398,401,429,490,491,504,692,719,769,773,831,854,855,871,872,873,874,948,972,1051,1057,1068,1069,1118,1121,1134,1142,1145,1146,1163,1171,1275,1359,1456,1473,1484,1567,1587,1782,1808,1809,2105,2134,2306,2475,2512,2588,2600,2645,2774,2775,2777,2778,2903,3263,6145,6748,7953,7954,8589,
901;0;408;476;1;24,26,38,95,97,139,144,149,189,198,208,225,245,262,290,301,321,390,395,396,397,398,401,429,490,491,504,692,719,769,773,831,854,855,871,872,874,948,972,1051,1057,1068,1069,1118,1121,1134,1142,1145,1146,1171,1275,1359,1456,1473,1474,1484,1521,1567,1587,1782,1808,1809,2105,2134,2306,2512,2588,2600,2645,2774,2775,2777,2778,2903,3263,6145,6748,7953,7954,8589,
1178;0;476;564;1;24,26,38,95,97,139,144,149,189,208,225,241,245,262,290,301,321,342,390,395,396,397,401,402,429,490,504,640,644,719,769,773,831,854,855,892,948,1051,1056,1057,1062,1069,1118,1121,1134,1146,1171,1359,1472,1474,1484,1567,1587,1782,1808,1809,1843,1933,2102,2103,2104,2105,2106,2107,2134,2306,2512,2588,2600,2645,2774,2775,2777,2778,2903,3263,6145,7953,7954,8589,
919;0;564;660;1;24,26,38,95,97,139,144,149,189,208,225,241,245,262,290,301,321,342,390,395,396,397,401,402,429,490,504,640,644,714,719,769,773,831,854,855,892,948,1051,1056,1057,1062,1069,1118,1121,1134,1146,1171,1359,1472,1474,1484,1567,1587,1782,1808,1809,1843,1933,2102,2103,2104,2105,2107,2134,2306,2512,2588,2600,2645,2774,2775,2777,2778,2903,3263,6145,7953,7954,8589,
286;0;660;828;0;24,26,41,45,48,144,225,395,429,831,989,1051,1513,1587,1682,1782,2347,2581,2645,3162,3310,3312,3345,3472,3679,3684,3686,4313,4315,4317,5392,5647,5648,5950,5951,5952,5953,5954,5955,5956,5957,5958,5959,5960,5961,5962,5963,5964,5965,5966,5967,5968,5969,5970,5971,5972,5973,5974,5975,5976,5977,5978,5979,5980,5981,5982,5983,5984,5985,5986,5987,5988,5989,5990,5991,5992,7213,7295,7316,8442,
286;1;828;1002;0;24,26,41,45,48,144,225,395,429,831,989,1051,1513,1587,1682,1782,2347,2581,2645,3162,3310,3312,3345,3472,3679,3684,3686,4313,4315,4317,5392,5647,5648,5950,5951,5952,5953,5954,5955,5956,5957,5958,5959,5960,5961,5962,5963,5964,5965,5966,5967,5968,5969,5970,5971,5972,5973,5974,5975,5976,5977,5978,5979,5980,5981,5982,5983,5984,5985,5986,5987,5988,5989,5990,5991,5992,7213,7295,7316,8442,
258;0;1002;1143;0;24,26,41,45,48,144,225,395,429,831,989,1051,1513,1587,1682,1782,2347,2581,2645,3162,3310,3312,3345,3472,3679,3684,3686,4313,4315,4317,5392,5647,5648,5950,5951,5952,5953,5954,5955,5956,5957,5958,5959,5960,5961,5962,5963,5964,5965,5966,5967,5968,5969,5970,5971,5972,5973,5974,5975,5976,5977,5978,5979,5980,5981,5982,5983,5984,5985,5986,5987,5988,5989,5990,5991,5992,7213,7295,7316,8442,
258;1;1143;1312;0;24,26,41,45,48,144,225,395,429,831,989,1051,1513,1587,1682,1782,2347,2581,2645,3162,3310,3312,3345,3472,3679,3684,3686,4313,4315,4317,5392,5647,5648,5950,5951,5952,5953,5954,5955,5956,5957,5958,5959,5960,5961,5962,5963,5964,5965,5966,5967,5968,5969,5970,5971,5972,5973,5974,5975,5976,5977,5978,5979,5980,5981,5982,5983,5984,5985,5986,5987,5988,5989,5990,5991,5992,7213,7295,7316,8442,
238;0;1312;1432;0;24,26,41,45,48,144,225,395,429,831,989,1051,1513,1587,1682,1782,2347,2581,2645,3162,3310,3312,3345,3472,3679,3684,3686,4313,4315,4317,5392,5647,5648,5950,5951,5952,5953,5954,5955,5956,5957,5958,5959,5960,5961,5962,5963,5964,5965,5966,5967,5968,5969,5970,5971,5972,5973,5974,5975,5976,5977,5978,5979,5980,5981,5982,5983,5984,5985,5986,5987,5988,5989,5990,5991,5992,7213,7295,7316,8442,
238;1;1440;1619;0;24,26,41,45,48,144,225,395,429,831,989,1051,1513,1587,1682,1782,2347,2581,2645,3162,3310,3312,3345,3472,3684,3686,5392,5648,5951,5952,5953,5954,5955,5957,5958,5959,5962,5963,5964,5965,5966,5968,5970,5975,5976,5978,5979,5980,5984,5985,5986,5987,5988,5991,5992,9222,9223,9224,9225,9229,9230,9231,9232,9233,9234,9235,9236,9237,9238,9239,9240,9241,9242,9243,9244,9245,9246,9247,9248,9249,
256;0;1619;1780;0;24,26,41,45,48,60,144,225,395,429,458,831,989,1051,1273,1293,1513,1587,1682,1782,1787,2074,2174,2232,2273,2347,2581,2645,3162,3310,3312,3345,3380,3381,3382,3383,3384,3385,3386,3472,3684,3686,5392,5648,5951,5952,5953,5954,5955,5957,5958,5959,5962,5963,5964,5965,5966,5968,5970,5975,5976,5978,5979,5980,5984,5985,5986,5987,5988,5991,5992,9222,9223,9224,9225,9229,9230,9231,9232,9233,
256;1;1780;1910;0;24,26,60,103,144,225,395,429,831,989,1051,1273,1293,1513,1587,1782,1787,2074,2174,2232,2273,2347,2627,2645,2898,3043,3310,3312,3381,3384,3447,3472,3684,3686,5030,5392,5609,5897,5951,5952,5953,5954,5955,5957,5958,5959,5962,5963,5964,5965,5966,5968,5970,5975,5976,5978,5979,5980,5984,5985,5986,5987,5988,5991,5992,6090,6783,7022,7419,7834,7835,8166,8170,8730,9083,9084,9085,9086,9087,9088,
1;0;1910;2035;0;24,26,60,76,103,144,205,225,395,429,831,989,1051,1273,1293,1513,1587,1723,1782,1787,2034,2035,2074,2174,2232,2273,2347,2627,2645,2898,3043,3310,3312,3381,3384,3447,3472,3684,3686,5030,5392,5494,5609,5897,5951,5952,5953,5954,5955,5957,5958,5959,5962,5963,5964,5965,5966,5968,5970,5975,5976,5978,5979,5980,5984,5985,5986,5987,5988,5991,5992,5995,6090,6783,6990,7022,7419,8166,8666,8730,
1;1;2035;2194;0;9,26,61,137,144,145,225,226,229,231,240,242,245,262,266,268,401,405,429,430,432,443,528,566,677,719,1119,1149,1267,1268,1269,1273,1287,1288,1289,1293,1294,1322,1524,1547,1607,1608,1609,1610,1611,1612,1613,1614,1615,1616,1617,1618,1619,1620,1621,1622,1623,1624,1625,1626,1781,1782,2240,2241,2407,2409,2485,2643,2645,2898,3702,4357,4398,4884,4940,4941,4942,4943,4944,6195,
276;0;2194;2364;0;9,26,61,137,144,145,225,226,229,231,240,242,245,262,266,268,401,405,429,430,432,443,528,566,677,719,1119,1149,1267,1268,1269,1273,1287,1288,1289,1293,1294,1322,1524,1547,1607,1608,1609,1610,1611,1612,1613,1614,1615,1616,1617,1618,1619,1620,1621,1622,1623,1624,1625,1626,1781,1782,2240,2241,2407,2409,2485,2643,2645,2898,3702,4357,4398,4884,4940,4941,4942,4943,4944,6195,
276;1;2364;2462;0;9,26,61,137,144,145,225,226,229,231,240,242,245,262,266,268,401,405,429,430,432,443,528,566,677,719,1119,1149,1267,1268,1269,1273,1287,1288,1289,1293,1294,1322,1524,1547,1607,1608,1609,1610,1611,1612,1613,1614,1615,1616,1617,1618,1619,1620,1621,1622,1623,1624,1625,1626,1781,1782,2240,2241,2407,2409,2485,2643,2645,2898,3702,4357,4398,4884,4940,4941,4942,4943,4944,6195,
261;0;2880;3031;0;9,26,61,137,144,145,225,226,229,231,240,242,245,262,266,268,401,405,429,430,432,443,528,566,677,719,1119,1149,1267,1268,1269,1273,1287,1288,1289,1293,1294,1322,1524,1547,1607,1608,1609,1610,1611,1612,1613,1614,1615,1616,1617,1618,1619,1620,1621,1622,1623,1624,1625,1781,1782,2240,2241,2407,2409,2485,2643,2645,2898,3702,3705,4280,4357,4884,7395,8076,8077,8078,8079,8081,
261;1;3031;3140;0;9,26,27,61,137,144,145,225,226,229,231,240,242,245,262,266,268,401,405,407,429,430,432,443,528,566,677,719,1119,1149,1267,1268,1269,1273,1279,1287,1288,1289,1293,1294,1322,1524,1547,1607,1608,1609,1610,1611,1612,1613,1614,1615,1616,1617,1618,1619,1620,1621,1781,1782,2240,2241,2407,2409,2485,2643,2645,2767,2875,2898,2941,3702,3986,3987,3988,3989,4280,4357,4884,8077,
86;0;3140;3254;0;9,26,27,61,88,97,137,144,145,225,226,229,231,240,242,245,262,266,268,277,291,401,405,407,429,430,432,443,528,566,677,719,767,773,1119,1149,1268,1269,1273,1279,1287,1288,1289,1293,1294,1322,1524,1530,1547,1610,1781,1782,1914,1915,2240,2241,2407,2409,2485,2643,2645,2668,2714,2806,2898,2941,2988,3702,4093,4280,4357,4884,6098,6099,7217,7423,8077,8238,8567,8568,
86;1;3254;3392;0;9,26,27,61,88,97,137,144,145,225,226,229,231,240,242,245,262,266,268,277,291,401,405,407,429,430,432,443,528,566,677,719,767,773,1119,1149,1268,1269,1273,1279,1287,1288,1289,1293,1294,1322,1524,1547,1610,1781,1782,1914,1915,2240,2241,2407,2409,2485,2643,2645,2806,2898,2941,2943,2988,3702,4093,4280,4357,4884,6098,6099,7217,7423,8077,8238,8559,9031,9032,9033,
14;0;3392;3481;0;26,27,61,88,97,117,137,144,145,225,226,231,240,245,262,277,291,351,396,397,429,528,677,719,767,773,1119,1149,1268,1269,1273,1279,1287,1288,1289,1293,1294,1322,1524,1547,1610,1781,1782,1915,2240,2241,2407,2409,2485,2643,2645,2774,2775,2777,2778,2802,2806,2898,2941,3263,3702,4280,4357,4605,4606,4612,4628,4775,4884,5052,6098,6841,7423,8007,8008,8009,8010,8077,8238,8559,
14;1;3481;3641;0;55,79,127,144,205,206,208,224,225,231,354,355,356,357,389,412,419,487,518,553,554,564,835,855,979,1282,1293,1512,1587,1898,2168,2512,2645,2692,2728,2806,2849,3212,3414,3524,3577,4498,4606,5088,5146,5376,5668,5951,5952,5963,5964,5984,6354,6355,6356,6357,6358,6359,6360,6389,6705,7294,7299,8166,8260,8320,8555,8557,8559,8642,8989,9065,9089,9090,9091,9092,9093,9094,9095,9202,
53;0;3641;3750;0;55,79,127,144,205,206,208,224,225,231,354,355,356,357,389,412,419,487,518,553,554,564,835,855,979,1282,1293,1512,1587,1898,2168,2512,2645,2692,2728,2806,2849,3212,3414,3524,3577,4498,4606,5088,5146,5376,5668,5951,5952,5963,5964,5984,6354,6355,6356,6357,6358,6359,6360,6389,6705,7294,7299,8166,8260,8320,8555,8557,8559,8642,8989,9065,9089,9090,9091,9092,9093,9094,9095,9202,
53;1;3750;3886;0;55,79,127,144,205,206,208,224,225,231,354,355,356,357,389,412,419,487,518,553,554,564,835,855,979,1282,1293,1512,1587,1898,2168,2512,2645,2692,2728,2806,2849,3212,3414,3524,3577,4498,4606,5088,5146,5376,5668,5951,5952,5963,5964,5984,6354,6355,6356,6357,6358,6359,6360,6389,6705,7294,7299,8166,8260,8320,8555,8557,8559,8642,8989,9065,9089,9090,9091,9092,9093,9094,9095,9202,
73;0;3886;4011;0;55,79,127,144,205,206,208,224,225,231,354,355,356,357,389,412,419,487,518,553,554,564,835,855,979,1282,1293,1512,1587,1898,2168,2512,2645,2692,2728,2806,2849,3212,3414,3524,3577,4498,4606,5088,5146,5376,5668,5951,5952,5963,5964,5984,6354,6355,6356,6357,6358,6359,6360,6389,6705,7294,7299,8166,8260,8320,8555,8557,8559,8642,8989,9065,9089,9090,9091,9092,9093,9094,9095,9202,
73;1;4011;4123;0;55,79,127,144,205,206,208,224,225,231,354,355,356,357,389,412,419,487,518,553,554,564,835,855,979,1282,1293,1512,1587,1898,2168,2512,2645,2692,2728,2806,2849,3212,3414,3524,3577,4498,4606,5088,5146,5376,5668,5951,5952,5963,5964,5984,6354,6355,6356,6357,6358,6359,6360,6389,6705,7294,7299,8166,8260,8320,8555,8557,8559,8642,8989,9065,9089,9090,9091,9092,9093,9094,9095,9202,
117;0;4123;4250;0;55,79,127,144,205,206,208,224,225,231,354,355,356,357,389,412,419,487,518,553,554,564,835,855,979,1282,1293,1512,1587,1898,2168,2512,2645,2692,2728,2806,2849,3212,3414,3524,3577,4498,4606,5088,5146,5376,5668,5951,5952,5963,5964,5984,6354,6355,6356,6357,6358,6359,6360,6389,6705,7294,7299,8166,8260,8320,8555,8557,8559,8642,8989,9065,9089,9090,9091,9092,9093,9094,9095,9202,
117;1;4250;4356;0;55,79,127,144,205,206,208,224,225,231,354,355,356,357,389,412,419,487,518,553,554,564,835,855,979,1282,1293,1512,1587,1898,2168,2512,2645,2692,2728,2806,2849,3212,3414,3524,3577,4498,4606,5088,5146,5376,5668,5951,5952,5963,5964,5984,6354,6355,6356,6357,6358,6359,6360,6389,6705,7294,7299,8166,8260,8320,8555,8557,8559,8642,8989,9065,9089,9090,9091,9092,9093,9094,9095,9202,
246;0;4356;4493;0;55,79,127,144,205,206,208,224,225,231,354,355,356,357,389,412,419,487,518,553,554,564,835,855,979,1282,1293,1478,1484,1512,1587,1898,2168,2512,2645,2692,2728,2806,2849,3212,3414,3524,3577,4498,4606,5088,5146,5376,5668,5951,5952,5963,5964,5984,6354,6355,6356,6357,6358,6359,6360,6389,6705,7294,7299,8166,8260,8320,8555,8557,8559,8642,8989,9065,9089,9090,9091,9092,9093,9094,
246;1;4493;4584;0;55,79,127,144,205,206,208,224,225,231,354,355,356,357,389,412,419,487,518,553,554,564,691,835,855,979,1282,1293,1478,1484,1512,1587,1898,2168,2512,2645,2692,2728,2774,2775,2777,2778,2806,2849,3212,3414,3447,3524,3577,4498,4604,4606,5088,5146,5376,5668,5951,5952,5963,5964,5984,6354,6355,6356,6357,6358,6359,6360,6389,6705,7294,7299,8166,8260,8320,8555,8557,8559,8642,8989,
170;0;4584;4645;0;55,79,127,144,205,206,208,224,225,231,354,355,356,357,389,412,419,487,518,553,554,564,691,765,835,855,979,1282,1293,1478,1481,1484,1512,1529,1587,1674,1898,2168,2501,2512,2626,2642,2645,2692,2693,2713,2728,2774,2775,2777,2778,2806,2849,3212,3414,3447,3524,3577,3915,4498,4604,4606,5088,5454,5668,5935,5936,5937,5938,5939,5940,5951,5952,5963,5964,5984,8166,8555,8557,8559,
170;1;4645;4807;0;55,79,127,144,205,206,208,224,225,231,354,355,356,357,389,412,419,487,490,518,553,554,557,564,691,765,835,855,979,1282,1293,1478,1481,1484,1512,1529,1587,1674,1898,2168,2501,2512,2626,2642,2645,2692,2693,2713,2728,2774,2775,2777,2778,2806,2849,3212,3414,3447,3524,3577,3831,3915,4498,4604,4606,5088,5454,5668,5935,5936,5937,5951,5952,5963,5964,5984,8166,8555,8557,8559,
142;0;4807;4972;0;55,79,127,144,205,206,208,224,225,231,354,355,356,357,389,412,419,487,490,518,553,554,557,564,691,762,765,835,855,979,1282,1293,1478,1481,1484,1512,1529,1587,1674,1898,2168,2501,2512,2626,2642,2645,2692,2693,2713,2728,2774,2775,2777,2778,2806,2849,3212,3414,3447,3524,3577,3831,3915,4498,4604,4606,5088,5454,5668,5935,5936,5951,5952,5963,5964,5984,8166,8555,8557,8559,
142;1;4972;5027;0;55,79,127,144,205,206,208,224,225,231,354,355,356,357,389,412,419,487,490,518,553,554,557,564,691,762,765,835,855,979,1282,1293,1374,1478,1481,1484,1512,1529,1566,1567,1568,1569,1587,1674,1898,2168,2501,2512,2626,2642,2645,2692,2693,2713,2728,2774,2775,2777,2778,2806,2849,3212,3414,3447,3577,3831,3915,4604,4606,5454,5668,5951,5952,5963,5964,5984,8166,8555,8557,8559,
349;0;5027;5148;0;26,100,138,144,225,245,277,288,348,404,528,529,591,765,773,835,849,855,863,1095,1266,1268,1270,1282,1287,1288,1293,1294,1322,1398,1419,1472,1480,2240,2241,2242,2263,2264,2318,2410,2419,2485,2678,2774,2775,2876,2962,3026,3094,3581,3702,4217,4357,4406,4422,4423,4440,4624,5102,5103,5104,5105,5106,5668,5951,5952,5963,5964,5984,6106,7212,7804,7805,8004,8190,8365,8366,8394,8395,8396,
349;1;5148;5244;0;26,100,138,144,225,245,277,288,348,404,528,529,591,765,773,835,849,855,863,1095,1266,1268,1270,1282,1287,1288,1293,1294,1322,1398,1419,1472,1480,2240,2241,2242,2263,2264,2318,2410,2419,2485,2678,2774,2775,2876,2962,3026,3094,3581,3702,4217,4357,4406,4422,4423,4440,4624,5102,5103,5104,5105,5106,5668,5951,5952,5963,5964,5984,6106,7212,7804,7805,8004,8190,8365,8366,8394,8395,8396,
244;0;5244;5374;0;26,100,138,144,225,245,277,288,348,404,528,529,591,765,773,835,849,855,863,1095,1266,1268,1270,1282,1287,1288,1293,1294,1322,1398,1419,1472,1480,2240,2241,2242,2263,2264,2318,2410,2419,2485,2678,2774,2775,2876,2962,3026,3094,3581,3702,4217,4357,4406,4422,4423,4440,4624,5102,5103,5104,5105,5106,5668,5951,5952,5963,5964,5984,6106,7212,7804,7805,8004,8190,8365,8366,8394,8395,8396,
244;1;5374;5458;0;26,100,138,144,225,245,277,288,348,404,528,529,591,765,773,835,849,855,863,1095,1266,1268,1270,1282,1287,1288,1293,1294,1322,1398,1419,1472,1480,2240,2241,2242,2263,2264,2318,2410,2419,2485,2678,2774,2775,2876,2962,3026,3094,3581,3702,4217,4357,4406,4422,4423,4440,4624,5102,5103,5104,5105,5106,5668,5951,5952,5963,5964,5984,6106,7212,7804,7805,8004,8190,8365,8366,8394,8395,8396,
87;0;5458;5602;0;26,100,138,144,225,245,277,288,348,404,528,529,591,765,773,835,849,855,863,1095,1266,1268,1270,1282,1287,1288,1293,1294,1322,1398,1419,1472,1480,2240,2241,2242,2263,2264,2318,2410,2419,2485,2678,2774,2775,2876,2962,3026,3094,3581,3702,4217,4357,4406,4422,4423,4440,4624,5102,5103,5104,5105,5106,5668,5951,5952,5963,5964,5984,6106,7212,7804,7805,8004,8190,8365,8366,8394,8395,8396,
87;1;5760;5822;0;26,100,144,225,245,288,404,528,529,765,773,835,849,855,863,1266,1268,1270,1282,1287,1288,1293,1294,1322,1398,1472,2240,2241,2242,2318,2410,2419,2485,2774,2775,3310,3312,3472,3684,3686,4217,5668,5951,5952,5953,5954,5955,5957,5958,5959,5962,5963,5964,5965,5966,5968,5970,5975,5976,5978,5979,5980,5984,5985,5986,5987,5988,5991,5992,6375,6376,6377,6378,6379,6380,6381,6382,6383,7804,8190,
287;0;5822;5973;0;26,100,144,225,245,288,404,528,529,765,773,835,849,855,858,863,1266,1268,1270,1282,1287,1288,1293,1294,1322,1398,1472,2240,2241,2242,2318,2410,2419,2485,2774,2775,3310,3312,3472,3511,3527,3532,3684,3686,4217,4633,4949,5116,5343,5668,5951,5952,5953,5954,5955,5957,5958,5959,5962,5963,5964,5965,5966,5968,5970,5975,5976,5978,5979,5980,5984,5985,5986,5987,5988,5991,5992,6375,7804,8190,
287;1;5973;6026;0;26,100,144,225,245,288,404,528,529,765,773,835,849,855,858,863,1266,1268,1270,1282,1287,1288,1293,1294,1322,1398,1472,2240,2241,2242,2318,2410,2419,2485,2774,2775,3310,3312,3472,3511,3527,3532,3684,3686,4217,4633,4949,5116,5343,5668,5951,5952,5953,5954,5955,5957,5958,5959,5962,5963,5964,5965,5966,5968,5970,5975,5976,5978,5979,5980,5984,5985,5986,5987,5988,5992,6039,6040,7804,8190,
294;0;6026;6160;0;26,87,88,89,90,100,144,225,245,288,404,528,529,583,763,764,765,766,767,768,773,831,833,835,836,844,849,855,858,862,863,944,945,1214,1266,1268,1270,1282,1287,1288,1293,1294,1322,1398,1472,1513,1514,2240,2241,2242,2318,2410,2419,2485,2774,2775,3310,3312,3472,3511,3527,3532,3684,3686,4217,4633,4949,5668,5953,5958,5959,5963,5966,5976,5979,5987,5992,6039,7804,8190,
294;1;6160;6228;0;26,88,89,90,100,144,225,245,288,404,504,528,529,583,764,765,767,768,773,782,833,835,836,844,849,855,858,862,863,944,945,1214,1266,1268,1270,1282,1287,1288,1293,1294,1322,1398,1472,1513,1549,2018,2202,2240,2241,2242,2318,2410,2419,2485,2774,2775,2847,2848,2850,3511,3527,4217,4452,5561,5668,5669,5670,5671,5672,5953,5958,5959,5966,5976,5979,5987,5992,6039,7804,8190,
302;0;6228;6322;0;26,88,89,90,100,144,225,245,288,404,504,528,529,583,764,765,767,768,773,782,833,835,836,844,849,855,858,862,863,944,945,1214,1266,1268,1270,1282,1287,1288,1293,1294,1322,1398,1472,1513,1549,2018,2202,2240,2241,2242,2318,2410,2419,2485,2774,2775,2847,2848,2850,3511,3527,4217,5672,5953,5958,5959,5966,5976,5979,5987,5992,6039,6146,6147,6148,6149,6150,6151,7804,8190,
302;1;6322;6427;0;24,26,49,88,89,90,100,144,225,245,288,404,504,516,528,529,583,764,765,767,768,773,782,833,835,836,844,849,855,858,862,863,944,945,1013,1091,1214,1266,1268,1270,1282,1287,1288,1293,1294,1322,1329,1398,1472,1513,1549,2018,2202,2221,2240,2241,2242,2318,2407,2410,2419,2485,2774,2775,2847,2848,2850,3511,3527,4217,4647,5672,5953,5958,5959,5966,6039,6385,7804,8190,
307;0;6427;6472;0;24,26,49,88,89,90,100,144,202,225,245,288,404,504,516,528,529,583,764,765,767,768,773,782,833,835,836,844,849,855,858,862,863,875,944,945,987,1013,1091,1214,1266,1268,1270,1282,1287,1288,1293,1294,1322,1329,1398,1423,1472,1513,1549,2018,2163,2202,2221,2240,2241,2242,2318,2407,2410,2419,2485,2774,2775,3511,3527,4217,4280,5645,5672,6039,6385,7804,8118,8190,
307;1;6472;6623;0;24,26,27,88,95,100,144,175,189,225,245,288,291,292,404,529,598,754,765,835,855,858,1091,1201,1268,1270,1279,1282,1287,1288,1291,1293,1472,1858,1915,2018,2091,2174,2230,2240,2306,2318,2407,2419,2478,2600,2640,2677,2679,2774,2775,2777,2778,2790,2794,3049,3263,3413,3447,3598,3606,3703,3721,3835,4217,4450,4773,5499,5500,5502,5672,6039,6092,6385,6629,7363,8077,8576,8577,9221,
194;0;6623;6767;0;24,26,27,88,95,100,144,175,189,225,245,288,291,292,404,529,598,754,765,835,855,858,1091,1201,1268,1270,1279,1282,1287,1288,1291,1293,1472,1858,1915,2018,2091,2174,2230,2240,2306,2318,2407,2419,2478,2600,2640,2677,2679,2774,2775,2777,2778,2790,2794,3049,3263,3413,3447,3598,3606,3703,3721,3835,4217,4450,4773,5499,5500,5502,5672,6039,6092,6385,6629,7363,8077,8576,8577,9221,
194;1;6767;6811;0;24,26,27,88,95,100,144,175,189,225,245,288,291,292,404,529,598,754,765,835,855,858,1091,1201,1268,1270,1279,1282,1287,1288,1291,1293,1472,1858,1915,2018,2091,2174,2230,2240,2306,2318,2407,2419,2478,2600,2640,2677,2679,2774,2775,2777,2778,2790,2794,3049,3263,3413,3447,3598,3606,3703,3721,3835,4217,4450,4773,5499,5500,5502,5672,6039,6092,6385,6629,7363,8077,8576,8577,9221,
18;0;6811;6964;0;24,26,27,88,95,100,144,175,189,225,245,288,291,292,404,529,598,754,765,835,855,858,1091,1201,1268,1270,1279,1282,1287,1288,1291,1293,1472,1858,1915,2018,2091,2174,2230,2240,2306,2318,2407,2419,2478,2600,2640,2677,2679,2774,2775,2777,2778,2790,2794,3049,3263,3413,3447,3598,3606,3703,3721,3835,4217,4450,4773,5499,5500,5502,5672,6039,6092,6385,6629,7363,8077,8576,8577,9221,
18;1;7200;7233;0;24,27,95,100,144,225,245,288,291,292,404,765,1091,1270,1279,1287,1288,1293,1472,2018,2091,2306,2318,2407,2774,2775,2777,2778,3177,3178,3179,3180,3181,3182,3183,3184,3185,3186,3187,3188,3189,3190,3191,3192,3193,3194,3195,3196,3197,3198,3199,3200,3201,3202,3203,3204,3205,3206,3207,3208,3209,3210,3211,3212,3213,3214,3215,3216,3217,3218,3219,3220,3221,3222,3223,3224,3225,3263,5499,5672,
33;0;7233;7237;0;24,27,95,100,144,225,234,245,288,291,292,295,329,377,400,404,607,765,911,949,1091,1270,1279,1287,1288,1293,1359,1472,1474,1973,2018,2091,2092,2120,2306,2318,2337,2341,2407,2715,2774,2775,2777,2778,3108,3177,3178,3179,3180,3181,3182,3183,3184,3185,3186,3187,3188,3189,3190,3191,3192,3193,3194,3209,3210,3263,4419,4420,4753,4816,4859,5499,5672,5725,6332,6333,6334,6335,6336,6337,
33;1;7237;7410;0;24,27,95,100,144,225,234,245,288,291,292,295,329,377,400,404,581,607,765,911,949,1091,1270,1279,1287,1288,1293,1359,1472,1474,1779,1973,2018,2091,2092,2120,2273,2286,2306,2318,2337,2341,2407,2715,2774,2775,2777,2778,3060,3108,3177,3178,3179,3180,3181,3182,3183,3184,3185,3186,3187,3188,3189,3190,3191,3192,3193,3194,3209,3210,3263,3384,4419,4420,4753,4816,4859,4993,5499,5672,
160;0;7410;7547;0;24,27,95,100,139,144,225,234,245,276,288,291,292,295,329,377,400,404,581,607,640,765,911,949,1091,1121,1171,1270,1279,1287,1288,1293,1359,1472,1474,1675,1779,1814,1973,2018,2091,2092,2120,2273,2286,2306,2318,2337,2341,2407,2715,2774,2775,2777,2778,3060,3108,3177,3178,3209,3210,3263,3915,3916,3917,3918,3919,3920,3921,3922,3923,3924,3925,3926,3927,3928,4419,4420,4753,5499,
160;1;7547;7586;0;24,27,34,95,100,139,144,150,169,208,225,234,245,251,276,288,291,292,295,329,377,400,404,497,581,607,632,640,765,911,949,979,989,1091,1121,1171,1196,1270,1279,1287,1288,1293,1359,1434,1472,1474,1675,1779,1814,1887,1973,2018,2036,2091,2092,2157,2198,2305,2306,2318,2407,2412,2564,2774,2775,2777,2778,2895,3060,3070,3209,3210,3263,4247,4327,4419,4420,4753,5499,5632,
962;0;7586;7761;0;24,27,34,95,100,117,137,139,144,150,169,208,225,234,245,251,276,288,291,292,295,329,377,396,400,404,497,581,607,632,640,765,838,911,949,979,989,1121,1171,1196,1270,1279,1287,1288,1293,1359,1474,1779,1814,1973,2018,2091,2157,2306,2318,2407,2645,2774,2775,2776,2777,2778,3060,3209,3210,3263,3435,4419,4420,4605,4606,4612,4753,4759,4760,5305,5499,8007,8011,8012,
940;0;7761;7935;0;24,34,38,54,60,95,97,100,117,137,139,144,208,225,234,241,245,262,276,288,290,291,305,329,377,390,395,396,400,402,404,581,607,640,644,647,759,765,838,949,1121,1171,1270,1279,1287,1288,1293,1359,1630,1723,1814,2018,2103,2306,2318,2407,2512,2645,2774,2775,2778,3209,3210,3263,4605,5091,5594,6145,6686,6687,7360,8271,8354,8585,8586,8587,8588,8589,8590,8591,
857;0;7935;8108;0;24,34,38,54,60,95,97,100,117,137,139,144,208,225,234,241,245,262,276,288,290,291,305,329,377,390,395,396,400,402,404,581,607,640,644,647,759,765,838,949,1121,1171,1270,1279,1287,1288,1293,1359,1630,1723,1814,2018,2103,2306,2318,2407,2512,2645,2774,2775,2778,3209,3210,3263,4605,5091,5594,6145,6686,6687,7360,8271,8354,8585,8586,8587,8588,8589,8590,8591,
850;0;8108;8280;0;24,34,38,54,60,95,97,100,117,137,139,144,208,225,234,241,245,262,276,288,290,291,305,329,377,390,395,396,400,402,404,581,607,640,644,647,759,765,838,949,1121,1171,1270,1279,1287,1288,1293,1359,1630,1723,1814,2018,2103,2306,2318,2407,2512,2645,2774,2775,2778,3209,3210,3263,4605,5091,5594,6145,6686,6687,7360,8271,8354,8585,8586,8587,8588,8589,8590,8591,
793;0;8280;8450;0;24,34,38,54,60,95,97,100,117,137,139,144,208,225,234,241,245,262,276,288,290,291,305,329,377,390,395,396,400,402,404,581,607,640,644,647,759,765,838,949,1121,1171,1270,1279,1287,1288,1293,1359,1630,1723,1814,2018,2103,2306,2318,2407,2512,2645,2774,2775,2778,3209,3210,3263,4605,5091,5594,6145,6686,6687,7360,8271,8354,8585,8586,8587,8588,8589,8590,8591,
1158;0;8450;8619;0;24,34,38,54,60,95,97,100,117,137,139,144,208,225,234,241,245,262,276,288,290,291,305,329,377,390,395,396,400,402,404,581,607,640,644,647,759,765,838,949,1121,1171,1270,1279,1287,1288,1293,1359,1630,1723,1814,2018,2103,2306,2318,2407,2512,2645,2774,2775,2778,3209,3210,3263,4605,5091,5594,6145,6686,6687,7360,8271,8354,8585,8586,8587,8588,8589,8590,8591,
1083;0;8619;8787;0;24,34,38,54,60,95,97,100,117,137,139,144,208,225,234,241,245,262,276,288,290,291,305,329,377,390,395,396,400,402,404,581,607,640,644,647,759,765,838,949,1121,1171,1270,1279,1287,1288,1293,1359,1630,1723,1814,2018,2103,2306,2318,2407,2512,2645,2774,2775,2778,3209,3210,3263,4605,5091,5594,6145,6686,6687,7360,8271,8354,8585,8586,8587,8588,8589,8590,8591,
345;0;8787;8843;0;24,34,38,54,60,95,97,100,117,137,139,144,208,225,234,241,245,262,276,288,290,291,305,329,377,390,395,396,400,402,404,581,607,640,644,647,759,765,838,949,1121,1171,1270,1279,1287,1288,1293,1359,1630,1723,1814,2018,2103,2306,2318,2407,2512,2645,2774,2775,2778,3209,3210,3263,4605,5091,5594,6136,6145,6686,6687,7360,7952,7953,7954,7955,7956,7957,8271,8354,
345;1;8843;8952;0;95,97,98,100,118,137,139,144,208,225,245,288,291,305,337,343,377,395,640,666,677,694,715,765,861,1069,1096,1097,1171,1481,1814,2018,2225,2318,2461,2573,2626,2628,2643,2645,2650,2661,2691,2774,2778,2903,3263,4044,4259,4391,4412,4428,4605,5525,5633,5637,5640,5722,5723,5868,5869,6022,6023,6164,6225,8094,8095,8096,8097,8098,8099,8100,8101,8102,8103,8104,8105,8106,8107,8108,
878;0;8952;9116;0;95,97,98,100,118,137,139,143,144,208,225,245,288,291,305,337,343,377,395,640,666,677,694,715,765,861,1069,1096,1097,1149,1171,1210,1234,1469,1481,1736,1737,1740,1744,1746,1747,1750,1751,1755,1759,1762,1763,1764,1765,1769,1771,1814,2018,2225,2318,2461,2573,2626,2628,2643,2645,2650,2661,2691,2774,2778,2903,3263,4044,4412,4605,5525,5637,5722,5723,5868,5869,6022,6225,8095,
996;0;9116;9280;0;95,97,98,100,118,137,139,143,144,208,225,245,267,288,289,291,303,305,310,312,313,314,337,343,377,380,395,438,640,666,677,694,715,765,861,1069,1096,1097,1118,1149,1171,1210,1234,1469,1481,1736,1744,1747,1759,1763,1769,1814,2018,2107,2244,2626,2628,2643,2645,2650,2661,2774,2778,2903,3263,4412,4605,5144,5153,5154,5155,5525,5637,5722,5723,5868,5869,6022,6225,8095,
1125;0;9280;9443;0;95,100,137,144,145,208,226,230,231,247,274,275,288,291,303,312,321,322,329,377,395,397,429,769,839,843,948,951,1072,1118,1146,1171,1360,1478,1481,1518,1610,1809,1814,1884,1930,2017,2018,2019,2020,2021,2022,2023,2107,2398,2504,2588,2645,2680,2697,2774,2778,3263,3314,3906,4604,4605,4721,4747,5153,5191,5531,5757,5894,5895,5898,5899,5901,6126,6128,6129,6362,6363,6364,6945,
237;0;9443;9591;0;95,100,137,144,145,208,226,230,231,247,274,275,288,291,303,312,321,322,329,377,395,397,429,769,839,843,948,951,1072,1118,1146,1171,1360,1478,1481,1518,1610,1809,1814,1884,1930,2017,2018,2019,2020,2021,2022,2023,2107,2398,2504,2588,2645,2680,2697,2774,2778,3263,3314,3906,4604,4605,4721,4747,5153,5191,5531,5757,5894,5895,5898,5899,5901,6126,6128,6129,6362,6363,6364,6945,
237;1;9591;9603;0;95,100,137,144,145,208,226,230,231,247,274,275,288,291,303,312,321,322,329,377,395,397,429,769,839,843,948,951,1072,1118,1146,1171,1360,1478,1481,1518,1610,1809,1814,1884,1930,2017,2018,2019,2020,2021,2022,2023,2107,2398,2504,2588,2645,2680,2697,2774,2778,3263,3314,3906,4604,4605,4721,4747,5153,5191,5531,5757,5894,5895,5898,5899,5901,6126,6128,6129,6362,6363,6364,6945,
130;0;9603;9693;0;95,100,137,144,145,208,226,230,231,247,274,275,288,291,303,312,321,322,329,377,395,397,429,769,839,843,948,951,1072,1118,1146,1171,1360,1478,1481,1518,1610,1809,1814,1884,1930,2017,2018,2019,2020,2021,2022,2023,2107,2398,2504,2588,2645,2680,2697,2774,2778,3263,3314,3906,4604,4605,4721,4747,5153,5191,5531,5757,5894,5895,5898,5899,5901,6126,6128,6129,6362,6363,6364,6945,
130;1;9693;9761;0;95,100,137,144,145,208,226,230,231,247,274,275,288,291,303,312,321,322,329,377,395,397,429,769,839,843,948,951,1072,1118,1146,1171,1360,1478,1481,1518,1610,1809,1814,1884,1930,2017,2018,2019,2020,2021,2022,2023,2107,2398,2504,2588,2645,2680,2697,2774,2778,3263,3314,3906,4604,4605,4721,4747,5153,5191,5531,5757,5894,5895,5898,5899,5901,6126,6128,6129,6362,6363,6364,6945,
820;0;9761;9918;0;95,100,137,144,145,208,226,230,231,247,274,275,288,291,303,312,321,322,329,377,395,397,429,769,839,843,948,951,1072,1118,1146,1171,1360,1478,1481,1518,1610,1809,1814,1884,1930,2017,2018,2019,2020,2021,2022,2023,2107,2398,2504,2588,2645,2680,2697,2774,2778,3263,3314,3906,4604,4605,4721,4747,5153,5191,5531,5757,5894,5895,5898,5899,5901,6126,6128,6129,6362,6363,6364,6945,
266;0;10080;10144;0;61,95,100,117,137,144,145,208,231,247,274,275,288,291,303,312,321,329,377,395,397,429,529,634,769,778,843,948,951,1072,1118,1146,1171,1270,1279,1284,1285,1287,1288,1289,1290,1293,1478,1481,1518,1610,1809,1814,1876,1884,1915,1930,2107,2265,2398,2407,2516,2645,2680,2774,2778,3263,3402,4217,4604,4605,4747,5153,5540,5757,5894,5895,5898,5899,5901,6126,7009,7999,8354,8355,
266;1;10144;10236;0;61,95,100,117,137,144,145,208,231,247,274,275,288,291,303,312,321,329,377,395,397,429,529,769,778,843,948,951,1072,1118,1146,1171,1270,1279,1284,1287,1288,1290,1293,1478,1481,1518,1610,1809,1814,1884,1915,1930,2107,2265,2398,2407,2645,2680,2774,2778,3263,4604,4605,4747,5153,5540,5757,5894,5895,5898,5899,5901,6126,8551,8555,8557,8558,8559,8560,8561,8562,8563,8564,8565,
48;0;10236;10257;0;61,95,100,117,137,144,145,208,225,231,234,245,247,267,275,288,291,303,305,310,312,313,314,321,329,377,395,397,429,438,529,640,778,843,948,1072,1118,1146,1171,1270,1279,1284,1287,1288,1290,1293,1478,1481,1518,1665,1809,1814,1884,1915,1930,2107,2244,2265,2398,2407,2645,2680,2774,2778,3263,4604,4605,5153,5155,5224,5225,5226,5227,5228,5894,5895,5898,5899,5901,6126,
48;1;10257;10389;0;61,95,100,117,137,144,145,208,225,231,234,245,247,267,275,288,291,303,305,310,312,313,314,321,329,377,395,397,429,438,529,640,778,843,904,948,1072,1093,1118,1146,1171,1236,1270,1279,1284,1287,1288,1290,1293,1359,1361,1478,1481,1518,1665,1809,1814,1884,1915,1930,2107,2244,2265,2398,2407,2645,2680,2774,2778,3263,4604,4605,5225,5894,5895,5898,5899,5901,6039,6126,
846;0;10389;10541;0;61,88,95,100,117,137,144,145,208,225,231,247,275,288,291,305,314,321,329,337,377,395,397,429,438,529,640,765,778,835,843,855,858,904,948,1093,1118,1146,1171,1236,1270,1279,1284,1287,1288,1290,1293,1478,1481,1518,1809,1814,1884,1915,1930,1972,2244,2265,2403,2407,2631,2635,2645,2653,2680,2774,2778,2898,3263,3618,4389,4604,4605,5337,5894,5895,5898,5899,5901,6126,
1113;0;10541;10691;0;24,53,61,88,95,100,137,144,145,225,231,247,275,288,291,305,314,321,337,377,395,397,429,438,529,640,765,843,855,858,904,948,1093,1118,1146,1236,1266,1269,1284,1287,1288,1290,1293,1324,1478,1481,1596,1783,1809,1814,1884,1906,2153,2175,2265,2419,2479,2480,2481,2485,2645,2680,2774,2778,3263,3269,3306,3604,3605,3708,3767,3807,3841,4874,5058,5112,5463,6126,7359,7945,
909;0;10691;10841;0;5,24,60,95,144,149,225,393,581,719,833,838,849,854,948,949,1118,1134,1198,1199,1201,1214,1236,1354,1478,1674,1744,1745,1747,1756,1757,1759,1760,1766,1769,1976,2259,2543,2545,2546,2547,2583,2586,2593,2594,2595,2597,2598,2599,2600,2601,2602,2604,2605,2608,2609,2627,2645,2774,2955,2990,3161,3459,3460,3461,3462,3463,3464,3465,3466,3467,3468,5595,5722,6024,6310,6709,6710,7655,7656,
69;0;10841;10946;0;5,24,60,95,144,149,225,393,581,719,833,838,849,854,948,949,1118,1134,1198,1199,1201,1214,1236,1354,1478,1674,1744,1745,1747,1756,1757,1759,1760,1766,1769,1976,2259,2543,2545,2546,2547,2583,2586,2593,2594,2595,2597,2598,2599,2600,2601,2602,2604,2605,2608,2609,2627,2645,2774,2955,2990,3161,3459,3460,3461,3462,3463,3464,3465,3466,3467,3468,5595,5722,6024,6310,6709,6710,7655,7656,
69;1;10946;10990;0;5,24,60,95,144,149,225,393,581,719,833,838,849,854,948,949,1118,1134,1198,1199,1201,1214,1236,1354,1478,1674,1744,1745,1747,1756,1757,1759,1760,1766,1769,1976,2259,2543,2545,2546,2547,2583,2586,2593,2594,2595,2597,2598,2599,2600,2601,2602,2604,2605,2608,2609,2627,2645,2774,2955,2990,3161,3459,3460,3461,3462,3463,3464,3465,3466,3467,3468,5595,5722,6024,6310,6709,6710,7655,7656,
944;0;10990;11134;0;5,24,60,95,144,149,225,393,581,719,833,838,849,854,948,949,1118,1134,1198,1199,1201,1214,1236,1354,1478,1674,1744,1745,1747,1756,1757,1759,1760,1766,1769,1976,2259,2543,2545,2546,2547,2583,2586,2593,2594,2595,2597,2598,2599,2600,2601,2602,2604,2605,2608,2609,2627,2645,2774,2955,2990,3161,3459,3460,3461,3462,3463,3464,3465,3466,3467,3468,5595,5722,6024,6310,6709,6710,7655,7656,
250;0;11134;11246;0;5,24,60,95,144,149,225,393,581,719,833,838,849,854,948,949,1118,1134,1198,1199,1201,1214,1236,1354,1478,1674,1744,1745,1747,1756,1757,1759,1760,1766,1769,1976,2259,2543,2545,2546,2547,2583,2586,2593,2594,2595,2597,2598,2599,2600,2601,2602,2604,2605,2608,2609,2627,2645,2774,2955,2990,3161,3459,3460,3461,3462,3463,3464,3465,3466,3467,3468,5595,5722,6024,6310,6709,6710,7655,7656,
250;1;11520;11550;0;5,24,60,95,144,149,225,393,581,719,833,838,849,854,948,949,1118,1134,1198,1199,1201,1214,1236,1354,1478,1674,1744,1745,1747,1756,1757,1759,1760,1766,1769,1976,2259,2543,2545,2546,2547,2583,2586,2593,2594,2595,2597,2598,2599,2600,2601,2602,2604,2605,2608,2609,2627,2645,2774,2955,2990,3161,3459,3460,3461,3462,3463,3464,3465,3466,3467,3468,3814,3819,3820,3821,3822,5595,5722,6024,
999;0;11550;11689;0;5,24,60,95,137,144,145,149,225,291,351,393,581,640,719,833,838,849,854,948,949,1118,1134,1198,1199,1201,1214,1236,1354,1478,1540,1674,1744,1745,1747,1756,1757,1759,1760,1766,1769,1976,2259,2543,2545,2546,2547,2583,2586,2593,2594,2595,2597,2598,2599,2600,2601,2602,2604,2605,2608,2609,2627,2645,2774,2775,2955,2990,3161,3263,3459,3460,3462,3814,3819,5051,5209,5409,5722,6472,
1096;0;11689;11827;0;5,24,60,95,137,144,145,149,225,291,351,393,581,640,719,833,838,849,854,948,949,1118,1134,1198,1199,1201,1214,1236,1354,1478,1540,1674,1744,1745,1747,1756,1757,1759,1760,1766,1769,1976,2259,2543,2545,2546,2547,2583,2586,2593,2599,2600,2602,2605,2627,2645,2774,2775,2955,3161,3209,3210,3263,3462,3488,3814,3819,5722,6930,8340,8397,8763,8765,8766,8767,8768,8769,8770,8773,8774,
1150;0;11827;11964;0;5,24,60,95,137,144,145,149,177,178,179,183,184,225,272,291,302,304,305,311,323,351,384,393,581,640,719,833,838,849,854,948,949,1118,1128,1129,1130,1131,1134,1198,1199,1201,1214,1236,1354,1478,1540,1674,1744,1745,1747,1756,1757,1759,1760,1766,1769,1976,2259,2543,2545,2546,2547,2583,2586,2599,2600,2602,2605,2627,2645,2774,2775,2955,3161,3263,3462,3814,3819,5722,
1008;0;11964;12100;0;5,15,24,25,35,37,38,42,54,57,60,95,137,144,145,149,177,178,179,183,184,225,272,291,302,304,305,311,323,351,384,393,581,640,719,833,838,849,854,948,949,1118,1128,1129,1130,1131,1134,1198,1199,1201,1214,1236,1354,1478,1540,1674,1744,1745,1747,1756,1757,1759,2061,2259,2599,2600,2602,2605,2627,2645,2774,2775,2955,3161,3263,3462,3814,3819,5352,5722,
330;0;12100;12131;0;5,15,24,25,35,37,38,42,54,57,60,95,137,144,145,149,177,178,179,183,184,225,272,291,302,304,305,311,323,351,384,393,581,640,719,833,838,849,854,948,949,1118,1128,1129,1130,1131,1134,1198,1199,1201,1214,1236,1354,1478,1540,1674,1744,1745,1747,1756,1757,2259,2599,2600,2602,2605,2627,2645,2774,2775,2955,3161,3263,3462,3814,3819,5722,8453,8454,8455,
330;1;12131;12234;0;5,15,24,25,35,37,38,42,54,57,60,95,137,144,145,149,177,178,179,183,184,225,272,291,302,304,305,311,323,351,384,393,581,640,719,833,838,849,854,948,949,1118,1128,1129,1130,1131,1134,1198,1199,1201,1214,1236,1354,1478,1481,1540,1674,1744,1745,2259,2599,2600,2602,2605,2627,2645,2774,2775,2955,3161,3263,3462,3745,3814,3819,5254,5722,7804,8190,8208,
315;0;12234;12314;0;15,24,25,37,38,54,60,95,137,144,145,149,177,178,225,288,291,391,399,640,649,720,833,854,948,949,1118,1134,1201,1214,1233,1398,1476,1478,1481,1803,1808,2053,2109,2134,2259,2599,2600,2605,2627,2645,2774,2775,2821,2822,2926,3161,3263,3278,3745,3814,3819,4677,4748,4832,4889,4927,4929,4939,5236,5237,5238,5239,5240,5241,5242,5243,5244,5245,5246,5247,5248,5249,5722,8190,
315;1;12960;13011;0;2,15,24,25,38,95,137,139,144,145,149,177,178,225,231,262,288,301,391,400,640,647,676,720,830,833,854,855,863,904,917,933,948,949,1093,1116,1118,1121,1125,1134,1201,1214,1362,1398,1476,1478,1481,1484,1485,1486,1487,1488,1489,1490,1491,1492,1493,1494,1495,1496,1497,1498,1499,1500,1501,1502,1503,1504,1505,1506,2259,2605,2627,2774,2775,3745,3814,3819,5722,8190,
327;0;13011;13073;0;2,4,15,24,25,38,89,90,95,137,139,144,145,149,177,178,225,231,262,276,288,301,391,400,583,640,647,676,720,764,768,773,830,833,836,854,855,858,862,863,944,945,947,948,949,1046,1093,1116,1118,1134,1174,1201,1214,1371,1398,1476,1478,1481,1484,1488,1513,1524,1525,1532,1533,1534,1535,1536,1537,1538,2259,2605,2627,2774,2775,3745,3814,3819,5722,8190,
327;1;13073;13142;0;2,4,15,24,25,38,89,90,95,137,139,144,145,149,177,178,225,231,233,262,276,288,301,391,396,400,434,640,647,720,764,773,833,836,854,855,858,862,863,947,948,949,1046,1093,1116,1118,1134,1174,1201,1398,1476,1478,1481,1484,1488,1513,1538,1971,2259,2605,2627,2658,2729,2774,2775,2778,3745,3814,3819,4567,4627,5411,5605,5722,5748,5841,5853,5854,5858,8190,
351;0;13142;13222;0;2,4,15,24,25,38,89,90,95,137,139,144,145,149,177,178,225,231,233,262,276,288,301,391,395,396,397,400,434,640,647,720,764,773,833,834,836,854,855,858,862,863,947,948,949,1046,1093,1116,1118,1134,1174,1201,1398,1476,1478,1481,1484,1488,1513,1538,1971,2259,2605,2627,2658,2729,2774,2775,2778,3745,3814,3819,4567,4627,5411,5605,5722,8190,9000,9010,
351;1;13222;13266;0;2,4,15,24,25,38,89,90,95,137,139,144,145,149,177,178,225,231,233,262,276,288,301,391,395,396,397,400,434,640,647,720,764,773,833,834,836,854,855,858,862,863,947,948,949,1046,1093,1116,1118,1134,1174,1201,1266,1398,1476,1478,1481,1484,1488,1513,1538,1971,2259,2260,2410,2605,2627,2658,2729,2774,2775,2778,2794,2842,3745,3814,3819,4450,5722,8190,
182;0;13266;13340;0;2,3,4,15,24,25,38,89,90,95,100,137,139,144,145,149,177,178,225,231,233,262,276,288,301,391,395,396,397,400,404,640,647,720,764,773,833,836,854,855,858,862,863,947,948,949,1046,1093,1116,1118,1134,1174,1201,1398,1470,1476,1478,1481,1484,1488,1513,1538,1679,1809,1944,2259,2410,2434,2605,2627,2658,2721,2774,2775,2778,3814,3819,5722,6565,8190,
182;1;13340;13389;0;2,3,4,15,24,25,38,89,90,95,100,137,139,144,145,149,177,178,225,231,233,262,276,288,391,395,396,397,400,404,640,647,720,764,773,833,836,854,855,858,862,863,947,948,949,1046,1093,1116,1118,1134,1174,1201,1398,1470,1476,1478,1481,1484,1488,1513,1538,1679,1809,1944,2259,2410,2434,2605,2627,2658,2680,2721,2774,2775,2778,3814,3819,5722,6565,8190,
220;0;13389;13438;0;3,15,24,26,38,95,100,139,144,145,149,178,225,231,262,276,288,391,395,396,400,404,528,640,647,720,833,854,862,863,947,949,1046,1093,1118,1134,1201,1268,1288,1291,1293,1294,1322,1398,1470,1476,1478,1481,1547,1679,1809,1944,2240,2241,2242,2259,2409,2410,2434,2485,2627,2721,2774,2775,2778,2873,3029,3065,3590,3814,3819,4357,4883,4884,4885,4886,4887,4888,5722,6565,
220;1;13438;13510;0;3,15,24,26,38,95,100,139,144,145,149,178,225,231,262,276,288,391,395,396,400,404,528,640,647,720,833,854,862,863,947,949,1046,1093,1118,1134,1201,1268,1288,1291,1293,1294,1322,1363,1398,1470,1476,1478,1481,1547,1679,1809,1834,1944,2240,2241,2242,2259,2409,2410,2434,2485,2627,2721,2774,2775,2778,2873,3029,3065,3590,3814,3819,4357,4883,4884,4885,4888,5722,6565,
368;0;13510;13585;0;3,15,24,26,38,95,100,139,144,145,149,178,225,231,262,276,288,391,395,396,400,404,528,640,647,720,833,854,862,863,947,949,1046,1093,1118,1134,1201,1268,1288,1291,1293,1294,1322,1363,1398,1470,1476,1478,1481,1547,1679,1809,1944,2240,2259,2410,2434,2627,2721,2774,2775,2778,2873,3590,3814,3819,4888,4937,5386,5387,5722,6288,6289,6290,6298,6299,6300,6301,6302,6565,
368;1;13585;13630;0;3,15,24,26,38,95,100,139,144,145,149,178,225,231,262,276,288,391,395,396,400,404,528,607,640,647,720,833,854,862,863,947,949,1046,1093,1118,1134,1201,1268,1288,1291,1293,1294,1322,1363,1398,1470,1476,1478,1481,1547,1679,1809,1944,2240,2259,2410,2434,2627,2721,2774,2775,2778,2873,3590,3814,3819,4888,4937,5386,5387,5722,6288,6289,6290,6298,6299,6300,6301,6565,
1161;0;13630;13748;0;15,24,38,55,95,186,189,225,248,249,262,275,314,335,337,374,503,528,529,640,655,662,814,843,871,872,874,972,979,991,1046,1088,1142,1269,1288,1291,1293,1322,1329,1442,1456,1463,1512,1550,1567,1580,1778,2157,2228,2265,2306,2512,2548,2555,2627,2774,2778,2873,3022,3127,3381,3577,3627,3703,3721,3744,4012,4262,4308,4353,4456,4458,5781,6126,6410,6418,6419,6578,7892,8543,
60;0;13748;13838;0;15,24,38,55,95,186,189,225,248,249,262,275,314,335,337,374,503,528,529,640,655,662,814,843,871,872,874,972,979,991,1046,1088,1142,1269,1288,1291,1293,1322,1329,1442,1456,1463,1512,1550,1567,1580,1778,2157,2228,2265,2306,2512,2548,2555,2627,2774,2778,2873,3022,3127,3381,3577,3627,3703,3721,3744,4012,4262,4308,4353,4456,4458,5781,6126,6410,6418,6419,6578,7892,8543,
60;1;13838;13864;0;15,24,38,55,95,186,189,225,248,249,262,275,314,335,337,374,503,528,529,640,655,662,814,843,871,872,874,972,979,991,1046,1088,1142,1269,1288,1291,1293,1322,1329,1442,1456,1463,1512,1550,1567,1580,1778,2157,2228,2265,2306,2512,2548,2555,2627,2774,2778,2873,3022,3127,3381,3577,3627,3703,3721,3744,4012,4262,4308,4353,4456,4458,5781,6126,6410,6418,6419,6578,7892,8543,
843;0;13864;13979;0;15,24,38,55,95,186,189,225,248,249,262,275,314,335,337,374,503,528,529,640,655,662,814,843,871,872,874,972,979,991,1046,1088,1142,1269,1288,1291,1293,1322,1329,1442,1456,1463,1512,1550,1567,1580,1778,2157,2228,2265,2306,2512,2548,2555,2627,2774,2778,2873,3022,3127,3381,3577,3627,3703,3721,3744,4012,4262,4308,4353,4456,4458,5781,6126,6410,6418,6419,6578,7892,8543,
309;0;13979;14019;0;15,24,38,55,95,186,189,225,248,249,262,275,314,335,337,374,503,528,529,640,655,662,814,843,871,872,874,972,979,991,1046,1088,1142,1269,1288,1291,1293,1322,1329,1442,1456,1463,1512,1550,1567,1580,1778,2157,2228,2265,2306,2512,2548,2555,2627,2774,2778,2873,3022,3127,3381,3577,3627,3703,3721,3744,4012,4262,4308,4353,4456,4458,5781,6126,6410,6418,6419,6578,7892,8543,
309;1;14019;14093;0;15,24,38,55,95,186,189,225,248,249,262,275,314,335,337,374,503,528,529,640,655,662,814,843,871,872,874,972,979,991,1046,1088,1142,1269,1288,1291,1293,1322,1329,1442,1456,1463,1512,1550,1567,1580,1778,2157,2228,2265,2306,2512,2548,2555,2627,2774,2778,2873,3022,3127,3381,3577,3627,3703,3721,3744,4012,4262,4308,4353,4456,4458,5781,6126,6410,6418,6419,6578,7892,8543,
193;0;14093;14125;0;15,24,38,55,95,186,189,225,248,249,262,275,314,335,337,374,503,528,529,640,655,662,814,843,871,872,874,972,979,991,1046,1088,1142,1269,1288,1291,1293,1322,1329,1442,1456,1463,1512,1550,1567,1580,1778,2157,2228,2265,2306,2512,2548,2555,2627,2774,2778,2873,3022,3127,3381,3577,3627,3703,3721,3744,4012,4262,4308,4353,4456,4458,5781,6126,6410,6418,6419,6578,7892,8543,
193;1;14125;14205;0;15,24,38,55,95,186,189,225,248,249,262,275,314,335,337,374,503,528,529,640,655,662,814,843,871,872,874,972,979,991,1046,1088,1142,1269,1288,1291,1293,1322,1329,1442,1456,1463,1512,1550,1567,1580,1778,2157,2228,2265,2306,2512,2548,2555,2627,2774,2778,2873,3022,3127,3381,3577,3627,3703,3721,3744,4012,4262,4308,4353,4456,4458,5781,6126,6410,6418,6419,6578,7892,8543,
879;0;14205;14314;0;15,24,38,55,95,186,189,225,248,249,262,275,314,335,337,374,503,528,529,640,655,662,814,843,871,872,874,972,979,991,1046,1088,1142,1269,1288,1291,1293,1322,1329,1442,1456,1463,1512,1550,1567,1580,1778,2157,2228,2265,2306,2512,2548,2555,2627,2774,2778,2873,3022,3127,3381,3577,3627,3703,3721,3744,4012,4262,4308,4353,4456,4458,5781,6126,6410,6418,6419,6578,7892,8543,
192;0;14314;14342;0;15,24,38,55,95,186,189,225,248,249,262,275,314,335,337,374,503,528,529,640,655,662,814,843,871,872,874,972,979,991,1046,1088,1142,1269,1288,1291,1293,1322,1329,1442,1456,1463,1512,1550,1567,1580,1778,2157,2228,2265,2306,2512,2548,2555,2627,2774,2778,2873,3022,3127,3381,3577,3627,3703,3721,3744,4012,4262,4308,4353,4456,4458,5781,6126,6410,6418,6419,6578,7892,8543,
192;1;14400;14480;0;15,24,26,38,55,61,95,186,189,225,248,249,262,275,314,335,337,374,503,528,529,640,655,662,814,843,871,872,874,972,979,991,1046,1088,1142,1269,1273,1277,1282,1287,1288,1291,1292,1293,1294,1322,1329,1442,1456,1463,1512,1550,1567,1580,1778,2157,2228,2265,2306,2512,2548,2555,2627,2774,2778,2873,3022,3127,3381,3577,3627,3703,3721,3744,4012,4262,4308,6418,6419,6426,
1183;0;14480;14586;0;15,24,26,38,55,61,95,144,146,147,149,186,189,225,248,249,262,275,314,398,436,528,529,640,814,843,871,872,874,1068,1117,1118,1146,1149,1269,1282,1287,1288,1293,1294,1322,1390,1442,1456,1473,1479,1481,1567,1580,1778,1814,1920,2157,2306,2512,2627,2774,3381,3703,4405,4473,4934,4964,4965,4966,4967,4968,4969,4970,4971,4972,4973,4974,4975,4976,4977,4978,6418,6419,6426,
851;0;14586;14687;0;15,24,26,38,55,61,95,144,146,147,149,186,189,225,231,248,249,262,275,288,314,398,436,528,529,573,640,814,843,871,872,874,1068,1117,1118,1146,1149,1269,1282,1287,1288,1293,1294,1322,1390,1398,1401,1442,1456,1473,1474,1477,1479,1480,1481,1567,1580,1778,1814,1920,2157,2306,2512,2627,2774,3381,3703,4390,4405,4473,4934,4964,4965,4966,4967,4968,4972,6418,6419,6426,
775;0;14687;14785;0;24,26,38,55,61,88,95,104,144,146,149,225,231,262,275,276,288,297,314,398,438,528,529,586,640,767,770,814,833,843,844,862,863,931,947,949,1117,1118,1146,1269,1282,1287,1288,1293,1294,1322,1473,1474,1479,1480,1481,1519,1520,1580,1778,1814,2157,2306,2491,2512,2627,2774,3381,3531,3638,3703,4934,4972,5456,5656,5774,6022,6426,6441,7583,7585,8022,8095,8303,8304,
976;0;14785;14879;0;24,26,38,55,61,88,95,104,144,146,149,178,225,231,262,275,276,288,297,314,396,398,438,528,529,586,640,767,770,814,833,843,844,862,863,931,947,949,1117,1118,1145,1146,1269,1282,1287,1288,1293,1294,1322,1473,1474,1479,1480,1481,1519,1520,1580,1778,1814,1941,1942,1944,1945,2157,2306,2491,2512,2627,2774,3381,3531,3638,3703,4934,4972,5656,6022,6426,8095,8303,
802;0;14879;14971;0;24,26,38,55,61,88,95,104,135,144,146,149,178,225,231,262,275,276,288,297,314,321,396,398,429,438,528,529,586,640,767,770,814,833,843,844,862,863,931,947,949,1117,1118,1134,1146,1269,1282,1287,1288,1293,1294,1322,1473,1474,1478,1479,1480,1481,1580,1778,1814,1816,1944,2157,2306,2491,2512,2627,2774,3381,3638,3703,4033,4934,4972,5656,6022,6426,8095,8303,
983;0;14971;15062;0;24,26,38,55,61,88,95,104,135,144,146,149,178,225,231,262,275,276,288,297,314,321,396,398,429,438,528,529,586,640,767,770,814,833,843,844,862,863,931,949,1117,1118,1134,1146,1269,1282,1287,1288,1293,1294,1322,1473,1474,1478,1479,1480,1481,1580,1778,1814,1944,2157,2306,2491,2512,2627,2774,3381,3638,3703,4934,4972,5656,6022,6426,7363,7549,7550,8095,8303,
1115;0;15062;15148;0;27,144,149,210,251,255,262,288,321,395,398,400,491,529,640,754,760,767,833,863,949,995,1089,1123,1134,1146,1275,1284,1287,1288,1293,1431,1474,1478,1481,1558,1726,1778,1814,1944,2074,2200,2259,2315,2408,2410,2417,2418,2419,2420,2421,2537,2627,2676,2774,2775,2836,2958,3511,3527,3580,3581,3582,3609,3703,3709,3774,3811,3814,3819,3865,4740,6180,6748,8467,8471,8472,8473,8474,9194,
867;0;15148;15232;0;27,144,149,210,251,255,262,288,321,395,398,400,491,529,640,754,760,767,833,863,949,995,1089,1123,1134,1146,1275,1284,1287,1288,1293,1431,1474,1478,1481,1558,1726,1778,1814,1944,2074,2200,2259,2315,2408,2410,2417,2418,2419,2420,2421,2537,2627,2676,2774,2775,2836,2958,3511,3527,3580,3581,3582,3609,3703,3709,3774,3811,3814,3819,3865,4740,6180,6748,8467,8471,8472,8473,8474,9194,
887;0;15232;15315;0;27,144,149,210,251,255,262,288,321,395,398,400,491,529,640,754,760,767,833,863,949,995,1089,1123,1134,1146,1275,1284,1287,1288,1293,1431,1474,1478,1481,1558,1726,1778,1814,1944,2074,2200,2259,2315,2408,2410,2417,2418,2419,2420,2421,2537,2627,2676,2774,2775,2836,2958,3511,3527,3580,3581,3582,3609,3703,3709,3774,3811,3814,3819,3865,4740,6180,6748,8467,8471,8472,8473,8474,9194,
1097;0;15315;15396;0;27,144,149,210,251,255,262,288,321,395,398,400,491,529,640,754,760,767,833,863,949,995,1089,1123,1134,1146,1275,1284,1287,1288,1293,1431,1474,1478,1481,1558,1726,1778,1814,1944,2074,2200,2259,2315,2408,2410,2417,2418,2419,2420,2421,2537,2627,2676,2774,2775,2836,2958,3511,3527,3580,3581,3582,3609,3703,3709,3774,3811,3814,3819,3865,4740,6180,6748,8467,8471,8472,8473,8474,9194,
918;0;15396;15475;0;27,144,149,210,251,255,262,288,321,395,398,400,491,529,640,754,760,767,833,863,949,995,1089,1123,1134,1146,1275,1284,1287,1288,1293,1431,1474,1478,1481,1558,1726,1778,1814,1944,2074,2200,2259,2315,2408,2410,2417,2418,2419,2420,2421,2537,2627,2676,2774,2775,2836,2958,3511,3527,3580,3581,3582,3609,3703,3709,3774,3811,3814,3819,3865,4740,6180,6748,8467,8471,8472,8473,8474,9194,
855;0;15475;15553;0;27,144,149,210,251,255,262,288,321,395,398,400,491,529,640,754,760,767,833,863,949,995,1089,1123,1134,1146,1275,1284,1287,1288,1293,1431,1474,1478,1481,1558,1726,1778,1814,1944,2074,2200,2259,2315,2408,2410,2417,2418,2419,2420,2421,2537,2627,2676,2774,2775,2836,2958,3511,3527,3580,3581,3582,3609,3703,3709,3774,3811,3814,3819,3865,4740,6180,6748,8467,8471,8472,8473,8474,9194,
334;0;15553;15615;0;27,144,149,210,251,255,262,288,321,395,398,400,491,529,640,754,760,767,833,863,949,995,1089,1123,1134,1146,1275,1284,1287,1288,1293,1431,1474,1478,1481,1558,1726,1778,1814,1944,2074,2200,2259,2315,2408,2410,2417,2418,2419,2420,2421,2537,2627,2676,2774,2775,2836,2958,3511,3527,3580,3581,3582,3609,3703,3709,3774,3811,3814,3819,3865,4740,6180,6748,8467,8471,8472,8473,8474,9194,
334;1;15615;15630;0;27,144,149,210,251,255,262,288,321,395,398,400,491,529,640,754,760,767,833,863,949,995,1089,1123,1134,1146,1275,1284,1287,1288,1293,1431,1474,1478,1481,1558,1726,1778,1814,1944,2074,2200,2259,2315,2408,2410,2417,2418,2419,2420,2421,2537,2627,2676,2774,2775,2836,2958,3511,3527,3580,3581,3582,3609,3703,3709,3774,3811,3814,3819,3865,4740,6180,6748,8467,8471,8472,8473,8474,9194,
Machine: 3
917;0;0;49;1;15,16,19,22,24,25,34,39,44,86,97,144,178,179,181,184,189,225,226,234,262,267,268,272,273,276,277,285,288,289,305,307,308,309,317,329,379,397,398,399,400,421,666,854,855,898,949,1118,1132,1147,1179,1247,1261,1359,1379,1472,1474,1476,1606,1650,1680,1973,2117,2315,2419,2985,2986,2987,2988,2989,2990,3099,4112,4217,4585,5223,5224,6411,6412,7977,
826;0;49;110;1;15,16,19,22,24,25,34,39,44,86,97,144,178,179,181,184,189,225,226,234,262,267,268,272,273,276,277,285,288,289,305,307,308,309,317,329,379,397,398,399,400,421,666,854,855,898,949,1118,1132,1147,1179,1247,1261,1359,1379,1472,1474,1476,1606,1650,1680,1973,2117,2315,2419,2985,2986,2987,2988,2989,2990,3099,4112,4217,4585,5223,5224,6411,6412,7977,
1144;0;110;175;1;15,16,19,22,24,25,34,39,44,86,97,144,178,179,181,184,189,225,226,234,262,267,268,272,273,276,277,285,288,289,305,307,308,309,317,329,379,397,398,399,400,421,666,854,855,898,949,1118,1132,1147,1179,1247,1261,1359,1379,1472,1474,1476,1606,1650,1680,1973,2117,2315,2419,2985,2986,2987,2988,2989,2990,3099,4112,4217,4585,5223,5224,6411,6412,7977,
776;0;175;248;1;15,16,19,22,24,25,34,39,44,86,97,144,178,179,181,184,189,225,226,234,262,267,268,272,273,276,277,285,288,289,305,307,308,309,317,329,379,397,398,399,400,421,666,854,855,898,949,1118,1132,1147,1179,1247,1261,1359,1379,1472,1474,1476,1606,1650,1680,1973,2117,2315,2419,2985,2986,2987,2988,2989,2990,3099,4112,4217,4585,5223,5224,6411,6412,7977,
1094;0;248;323;1;15,16,19,22,24,25,34,39,44,86,97,144,178,179,181,184,189,225,226,234,262,267,268,272,273,276,277,285,288,289,305,307,308,309,317,329,379,397,398,399,400,421,666,854,855,898,949,1118,1132,1147,1179,1247,1261,1359,1379,1472,1474,1476,1606,1650,1680,1973,2117,2315,2419,2985,2986,2987,2988,2989,2990,3099,4112,4217,4585,5223,5224,6411,6412,7977,
1061;0;323;400;1;15,16,19,22,24,25,34,39,44,86,97,144,178,179,181,184,189,225,226,234,262,267,268,272,273,276,277,285,288,289,305,307,308,309,317,329,379,397,398,399,400,421,666,854,855,898,949,1118,1132,1147,1179,1247,1261,1359,1379,1472,1474,1476,1606,1650,1680,1973,2117,2315,2419,2985,2986,2987,2988,2989,2990,3099,4112,4217,4585,5223,5224,6411,6412,7977,
1160;0;400;478;1;15,16,19,22,24,25,34,39,44,86,97,144,178,179,181,184,189,225,226,234,262,267,268,272,273,276,277,285,288,289,295,297,305,307,308,309,317,321,329,379,397,398,399,400,421,640,666,854,855,898,911,949,1118,1132,1147,1179,1247,1261,1359,1379,1472,1474,1476,1606,1650,1680,1735,1973,2117,2315,2419,2985,2986,2988,2989,3099,4112,4217,4585,5224,
821;0;478;558;1;15,16,19,24,25,34,39,44,97,144,178,179,181,189,225,226,234,262,267,268,272,273,276,277,285,288,289,295,297,305,307,308,321,329,379,397,398,399,400,421,640,666,854,855,898,911,949,1118,1147,1179,1247,1261,1359,1472,1474,1476,1606,1680,1973,2117,2315,2419,2985,2986,2988,2989,3099,4112,4217,4585,5224,6360,7510,8219,8373,8374,8375,8376,8377,8378,
131;0;558;609;1;15,16,19,24,25,34,39,44,97,144,178,179,181,189,225,226,234,262,267,268,272,273,276,277,285,288,289,295,297,305,307,308,321,329,379,397,398,399,400,421,640,666,854,855,898,911,949,1118,1147,1179,1247,1261,1359,1472,1474,1476,1606,1680,1973,2117,2315,2419,2985,2986,2988,2989,3099,3840,4112,4217,4585,5224,6360,7510,8219,8373,8374,8375,8376,8377,
131;1;609;645;1;3,15,19,24,25,34,39,44,97,139,144,178,179,181,189,225,226,234,262,267,268,272,273,276,277,285,288,289,295,297,305,307,308,321,329,333,379,397,398,399,400,421,640,666,769,854,855,898,911,948,949,1118,1147,1179,1233,1261,1359,1472,1474,1476,1478,1633,1680,1749,1973,2117,2315,2419,2985,2986,2988,2989,3099,4112,4217,4471,4553,4585,5224,6360,
1226;0;645;741;1;24,89,90,100,139,143,144,146,259,289,377,390,395,398,437,645,647,648,694,704,715,773,835,849,917,949,1051,1117,1121,1146,1231,1375,1476,1488,1529,2491,2510,2636,2661,2677,2683,2714,2728,2961,2974,2988,3034,3267,3268,3581,4673,4834,5538,5691,5706,5723,5778,6108,6110,6127,6225,6226,6603,6723,7039,7040,7208,7217,7299,7319,7320,7583,7584,7871,8129,8425,8528,8529,8530,8531,
950;0;741;837;1;24,89,90,100,139,143,144,146,259,289,377,390,395,398,437,645,647,648,694,704,715,773,835,849,917,949,1051,1117,1121,1146,1231,1375,1476,1488,1529,2491,2510,2636,2661,2677,2683,2714,2728,2961,2974,2988,3034,3267,3268,3581,4673,4834,5538,5691,5706,5723,5778,6108,6110,6127,6225,6226,6603,6723,7039,7040,7208,7217,7299,7319,7320,7583,7584,7871,8129,8425,8528,8529,8530,8531,
812;0;1440;1541;1;24,89,90,100,139,143,144,146,206,259,289,377,390,395,398,437,491,502,516,645,647,648,694,704,715,773,835,849,917,949,991,1051,1117,1121,1146,1231,1375,1476,1488,1529,1580,1695,2491,2510,2512,2636,2661,2677,2683,2714,2728,2961,2974,2988,3034,3267,3268,3544,3581,4673,4834,5538,5691,5706,5723,5778,6108,6110,6127,6225,6226,6603,6723,7039,7040,7208,7217,7299,7320,8528,
883;0;1541;1647;1;24,89,90,100,139,143,144,146,206,259,289,377,390,395,398,436,437,491,502,516,645,647,648,694,704,715,773,835,849,917,949,991,1051,1095,1117,1121,1146,1231,1375,1399,1476,1488,1529,1580,1695,2382,2491,2510,2512,2636,2661,2677,2683,2714,2728,2961,2974,2988,3034,3267,3268,3544,3581,4673,4834,4968,5202,5397,5706,5723,5768,5926,5941,5942,5943,6225,6226,7299,7320,8528,
369;0;1647;1683;1;20,24,74,89,90,100,139,143,144,146,206,259,289,377,390,395,398,436,437,491,502,516,645,647,648,694,704,715,773,835,849,917,949,991,1051,1095,1117,1121,1146,1231,1375,1399,1476,1488,1529,1580,1695,2382,2491,2510,2512,2636,2661,2677,2683,2714,2728,2961,2974,2988,3034,3126,3267,3268,3544,3581,3979,4673,4834,4968,5202,5397,5706,5723,6225,6226,7299,7320,7950,8528,
369;1;1683;1758;1;20,24,74,89,90,100,137,139,143,144,146,148,206,225,234,259,289,329,377,390,395,398,436,437,491,502,516,640,645,647,648,694,704,715,773,835,838,849,917,949,991,1051,1095,1117,1119,1121,1146,1231,1375,1399,1474,1476,1478,1488,1529,1580,1695,2382,2491,2510,2512,2636,2661,2677,2683,2714,2961,2988,3034,3267,3581,3979,4968,5706,5723,6225,6226,7299,7320,8528,
252;0;1758;1822;1;19,20,24,34,38,40,46,74,76,89,90,100,137,139,143,144,146,148,225,234,289,329,364,377,390,395,398,436,476,502,546,640,645,647,648,694,704,715,773,778,835,838,949,1051,1117,1121,1146,1231,1375,1390,1474,1476,1478,1488,1529,1580,1695,2066,2091,2197,2491,2677,2714,2961,2988,3034,3267,3581,3766,3979,4645,4968,5706,5723,5825,6225,6226,6244,7320,8528,
252;1;1822;1872;1;19,20,24,34,38,46,74,76,89,90,100,137,139,144,146,148,225,234,277,288,289,329,377,390,395,396,398,434,436,502,640,645,647,648,694,704,715,773,835,838,1051,1117,1121,1134,1146,1390,1474,1476,1478,1488,1529,1580,1971,2091,2197,2658,2677,2729,2774,2778,2961,3267,3979,4567,4627,4968,5411,5605,5706,5723,5748,5825,5841,5853,5854,5855,5858,6158,6225,6226,
1093;0;1872;1989;1;19,20,24,34,38,46,74,76,89,90,100,137,139,144,146,148,225,234,277,285,286,288,289,305,306,310,312,314,329,377,380,390,395,396,398,436,502,595,640,645,647,648,694,704,715,773,835,838,1036,1051,1117,1121,1134,1146,1390,1428,1429,1430,1431,1474,1476,1478,1488,1529,1580,2091,2197,2658,2677,2774,2778,2961,3267,3979,4968,5706,5723,5825,6225,6226,
969;0;1989;2109;1;19,20,24,34,38,46,74,76,89,90,100,137,139,144,146,148,225,234,277,285,286,288,289,305,306,310,312,314,329,377,380,390,395,396,398,436,470,502,595,640,645,647,648,694,704,715,773,835,838,1051,1117,1121,1134,1146,1341,1390,1428,1429,1430,1474,1476,1478,1488,1529,1580,2091,2197,2658,2677,2774,2778,2961,3267,3979,4968,5706,5723,5825,6225,6226,
1018;0;2109;2120;0;19,20,24,34,38,46,74,76,89,90,100,137,139,144,146,148,225,234,277,285,286,288,289,305,306,310,312,314,329,377,380,390,395,396,398,436,470,502,595,640,645,647,648,694,704,715,773,835,838,1051,1117,1121,1134,1146,1390,1428,1429,1430,1474,1476,1478,1488,1529,1580,2091,2197,2658,2677,2774,2778,2961,3267,3979,4968,5706,5723,5825,6225,6226,9158,
17;0;2120;2300;0;97,117,137,139,144,225,234,242,245,262,268,272,273,277,286,287,288,291,302,310,329,351,377,390,395,426,640,647,704,835,891,895,1148,1230,1236,1488,1522,1540,1565,1572,1604,1624,1726,1740,1816,1915,2091,2133,2225,2416,2465,2544,2695,2696,2778,2826,2892,3015,3310,3698,3793,4227,4428,5076,5078,5217,5218,5876,5951,5952,5976,5987,5992,6045,6355,6729,7033,7034,7077,7641,
17;1;2300;2479;0;97,117,137,139,144,225,234,242,245,262,268,272,273,277,286,287,288,291,302,310,329,351,377,390,395,426,640,647,704,835,891,895,1148,1230,1236,1488,1522,1540,1565,1572,1604,1624,1726,1740,1816,1915,2091,2133,2225,2416,2465,2544,2695,2696,2778,2826,2892,3015,3310,3698,3793,4227,4428,5076,5078,5217,5218,5876,5951,5952,5976,5987,5992,6045,6355,6729,7033,7034,7077,7641,
314;0;2479;2635;0;97,117,137,139,144,225,234,242,245,262,268,272,273,277,286,287,288,291,302,310,329,351,377,390,395,426,640,647,704,835,891,895,1148,1230,1236,1488,1522,1540,1565,1572,1604,1624,1726,1740,1816,1915,2091,2133,2225,2416,2465,2544,2695,2696,2778,2826,2892,3015,3310,3698,3793,4227,4428,5076,5078,5217,5218,5876,5951,5952,5976,5987,5992,6045,6355,6729,7033,7034,7077,7641,
314;1;2635;2795;0;97,117,137,139,144,225,234,242,245,262,268,272,273,277,286,287,288,291,302,310,329,351,377,390,395,426,640,647,704,835,891,895,1148,1230,1236,1488,1522,1540,1565,1572,1604,1624,1726,1740,1816,1915,2091,2133,2225,2416,2465,2544,2695,2696,2778,2826,2892,3015,3310,3698,3793,4227,4428,5076,5078,5217,5218,5876,5951,5952,5976,5987,5992,6045,6355,6729,7033,7034,7077,7641,
91;0;2795;2957;0;97,117,137,139,144,225,234,242,245,262,268,272,273,277,286,287,288,291,302,310,329,351,377,390,395,426,640,647,704,835,891,895,1148,1230,1236,1488,1522,1540,1565,1572,1604,1624,1726,1740,1816,1915,2091,2133,2225,2416,2465,2544,2695,2696,2778,2826,2892,3015,3310,3698,3793,4227,4428,5076,5078,5217,5218,5876,5951,5952,5976,5987,5992,6045,6355,6729,7033,7034,7077,7641,
91;1;2957;3099;0;97,117,137,139,144,145,225,234,242,245,262,268,272,273,277,286,287,288,290,291,292,302,310,329,351,377,390,395,426,429,640,647,704,817,835,891,895,898,1148,1236,1488,1522,1540,1565,1604,1726,1837,1915,2091,2133,2544,2573,2695,2696,2775,2776,2777,2778,2780,2781,2782,2808,2892,2903,3015,4227,4428,4629,5217,5218,5409,5500,5951,5976,5987,5992,7077,8663,8664,8665,
213;0;3099;3263;0;97,117,137,139,144,145,225,234,242,245,262,268,272,273,276,277,286,287,288,290,291,292,302,310,329,351,377,390,395,426,429,640,647,704,817,835,891,895,898,1148,1236,1488,1522,1540,1565,1604,1726,1837,1915,2091,2133,2544,2573,2695,2696,2775,2776,2777,2778,2780,2781,2782,2808,2892,2903,3015,4227,4428,4629,5217,5218,5409,5500,5951,5976,5987,5992,7077,8663,8664,
213;1;3263;3390;0;60,97,117,137,139,144,145,152,225,234,242,245,262,268,272,273,276,277,286,287,288,290,291,292,302,310,329,351,377,390,395,426,429,569,640,647,704,835,868,891,898,1148,1236,1488,1522,1540,1565,1604,1726,1915,2091,2133,2230,2273,2544,2573,2695,2696,2775,2776,2777,2778,2780,2892,2903,3015,4227,4428,4629,5217,5218,5487,5500,5932,5951,5976,5987,5992,7077,7997,
153;0;3390;3537;0;60,97,117,137,139,144,145,152,225,234,242,245,262,268,272,273,276,277,286,287,288,290,291,292,310,329,351,377,390,395,429,569,640,647,704,835,868,891,898,1148,1236,1488,1522,1540,1565,1604,1726,1915,2091,2133,2273,2544,2573,2695,2696,2775,2776,2777,2778,2780,2892,2903,3015,4227,4428,4629,5217,5218,5500,5951,5976,5987,5992,6136,7077,7953,7954,7956,7957,8120,
153;1;3537;3675;0;54,117,137,139,144,234,248,291,292,329,377,390,395,667,677,704,765,833,835,863,891,921,1148,1236,1272,1277,1280,1293,1540,1582,1604,1781,2133,2239,2263,2498,2544,2651,2696,2778,2985,2986,2995,3447,3531,3618,3703,3715,3728,4026,4227,4428,4450,4629,4853,4888,5224,5378,5462,5463,5464,5758,5759,5760,5897,6098,6188,7625,7626,7627,7628,7629,7630,7631,7632,7633,7634,7635,7636,7637,
264;0;3675;3836;0;54,117,137,139,144,234,248,291,292,329,377,390,395,667,677,704,765,833,835,863,891,921,1148,1236,1272,1277,1280,1293,1540,1582,1604,1781,2133,2239,2263,2498,2544,2651,2696,2778,2985,2986,2995,3447,3531,3618,3703,3715,3728,4026,4227,4428,4450,4629,4853,4888,5224,5378,5462,5463,5464,5758,5759,5760,5897,6098,6188,7625,7626,7627,7628,7629,7630,7631,7632,7633,7634,7635,7636,7637,
264;1;3836;3951;0;54,117,137,139,144,234,248,291,292,329,377,390,395,667,677,704,765,833,835,863,891,921,1148,1236,1272,1277,1280,1293,1540,1582,1604,1781,2133,2239,2263,2498,2544,2651,2696,2778,2985,2986,2995,3447,3531,3618,3703,3715,3728,4026,4227,4428,4450,4629,4853,4888,5224,5378,5462,5463,5464,5758,5759,5760,5897,6098,6188,7625,7626,7627,7628,7629,7630,7631,7632,7633,7634,7635,7636,7637,
49;0;4320;4478;0;27,28,30,54,117,137,139,144,155,169,234,248,251,291,292,329,377,390,395,407,408,415,427,504,510,667,677,704,748,765,833,835,863,891,921,1148,1162,1196,1236,1272,1277,1280,1293,1540,1580,1582,1604,1781,1849,2036,2074,2133,2179,2239,2263,2285,2498,2544,2651,2696,2778,2985,3003,3004,3005,3006,3007,3008,3009,3010,3447,3531,3703,3728,4026,4227,4428,4629,5378,7626,
49;1;4478;4589;0;27,28,30,54,117,137,139,144,155,169,234,248,249,251,291,292,329,377,390,395,407,408,415,427,504,510,667,677,704,748,765,833,835,863,891,921,1148,1162,1196,1236,1272,1277,1280,1293,1540,1580,1582,1604,1781,1849,1895,2036,2074,2133,2179,2239,2263,2285,2498,2544,2651,2696,2778,2985,3003,3005,3008,3010,3349,3421,3447,3531,3703,3728,4026,4227,4428,4629,5378,7626,
126;0;4589;4762;0;27,28,54,103,117,137,139,144,234,248,249,251,291,292,329,377,390,395,407,408,415,427,504,609,666,677,704,715,765,833,891,921,1041,1148,1196,1236,1277,1280,1293,1481,1540,1580,1582,1604,2052,2133,2263,2498,2544,2628,2642,2650,2651,2678,2696,2778,3010,3349,3447,3703,3728,4227,4428,4629,5230,5392,5525,5530,5637,5722,5723,5869,6022,6225,6311,6312,6313,7582,8790,8791,
126;1;4762;4854;0;27,28,54,59,103,117,137,139,144,170,196,221,234,248,249,251,291,292,329,377,390,395,407,408,415,427,504,547,609,666,677,704,715,765,833,891,921,1041,1148,1196,1236,1277,1280,1293,1481,1540,1541,1580,1582,1604,1936,2031,2052,2133,2263,2414,2498,2544,2628,2642,2650,2651,2678,2696,2778,3010,3347,3349,3447,3703,3728,4227,4428,4629,5230,5392,5525,5637,6022,6225,
15;0;4854;5006;0;27,54,117,137,139,144,234,248,249,251,291,292,314,329,377,390,395,407,408,415,504,547,591,704,891,1134,1148,1236,1293,1343,1481,1539,1540,1541,1582,1604,2133,2263,2340,2492,2544,2642,2651,2658,2692,2696,2723,2778,2783,3263,3349,3447,3703,3728,4227,4428,4603,4604,4612,4613,4617,4629,4740,5406,5873,6595,6749,6750,6751,7225,8147,8148,8149,8150,8151,8152,8153,8154,8155,8156,
15;1;5006;5103;0;1,3,8,25,37,39,44,46,52,54,95,117,137,139,142,234,251,289,291,295,323,329,377,390,395,402,405,645,648,891,892,897,1056,1062,1133,1134,1148,1229,1236,1270,1311,1397,1472,1474,1502,1540,1541,1599,1604,1620,1681,1682,1683,1815,2053,2133,2221,2224,2263,2544,2696,2846,3349,3630,3728,3774,4227,4428,4553,4996,5011,5206,5217,5218,5290,5322,5338,5353,5682,5825,
61;0;5103;5176;0;1,3,8,25,37,39,44,46,52,54,95,117,137,139,142,234,251,289,291,295,323,329,377,390,395,402,405,645,648,891,892,897,1056,1062,1133,1134,1148,1229,1236,1270,1311,1397,1472,1474,1502,1540,1541,1599,1604,1620,1681,1682,1683,1815,2053,2133,2221,2224,2263,2544,2696,2846,3349,3630,3728,3774,4227,4428,4553,4996,5011,5206,5217,5218,5290,5322,5338,5353,5682,5825,
61;1;5176;5344;0;1,3,8,25,37,39,44,46,52,54,95,117,137,139,142,234,251,289,291,295,323,329,377,390,395,402,405,645,648,891,892,897,1056,1062,1133,1134,1148,1229,1236,1270,1311,1397,1472,1474,1502,1540,1541,1599,1604,1620,1681,1682,1683,1815,2053,2133,2221,2224,2263,2544,2696,2846,3349,3630,3728,3774,4227,4428,4553,4996,5011,5206,5217,5218,5290,5322,5338,5353,5682,5825,
384;0;5344;5481;0;1,3,8,25,37,39,44,46,52,54,95,117,137,139,142,234,251,289,291,295,323,329,377,390,395,402,405,645,648,891,892,897,1056,1062,1133,1134,1148,1229,1236,1270,1311,1397,1472,1474,1502,1540,1541,1599,1604,1620,1681,1682,1683,1815,2053,2133,2221,2224,2263,2544,2696,2846,3349,3630,3728,3774,4227,4428,4553,4996,5011,5206,5217,5218,5290,5322,5338,5353,5682,5825,
384;1;5760;5852;0;1,3,8,25,37,39,44,46,52,54,95,117,137,139,142,234,251,289,291,295,323,329,377,390,395,402,405,580,645,648,891,892,897,1056,1062,1133,1134,1148,1229,1236,1270,1311,1397,1472,1474,1502,1540,1541,1599,1604,1620,1681,1682,1779,2053,2133,2221,2224,2263,2696,2846,2969,3078,3349,3395,3630,3726,3727,3728,3729,3730,3731,3732,4428,4553,4996,5011,5206,5322,5338,
339;0;5852;5940;0;1,3,8,25,37,39,44,46,52,54,95,117,137,139,142,234,251,289,291,295,323,329,377,390,395,402,405,580,645,648,891,892,897,1056,1062,1133,1134,1148,1229,1236,1270,1311,1397,1472,1474,1502,1540,1541,1599,1604,1620,1681,1682,1779,2053,2133,2221,2224,2263,2696,2846,2969,3078,3204,3349,3395,3630,3726,3727,3728,3729,3730,4428,4553,4996,5011,5206,5322,5338,8111,
339;1;5940;6075;0;1,3,8,25,37,39,44,46,52,54,68,95,117,137,139,142,150,152,234,251,289,291,295,323,329,377,390,395,402,405,497,499,547,580,645,648,891,892,897,1056,1062,1133,1134,1148,1229,1236,1270,1311,1463,1474,1502,1540,1541,1604,1681,1935,2028,2053,2133,2221,2224,2263,2540,2696,2846,2860,3204,3349,3452,3455,3457,3630,4428,4553,4996,5011,5206,5322,5338,5806,
365;0;6075;6223;0;1,3,8,25,37,39,44,46,52,54,55,68,95,117,137,139,142,150,152,189,234,251,289,291,295,323,329,377,390,395,402,528,580,645,814,891,1056,1062,1133,1134,1148,1236,1270,1293,1322,1390,1463,1474,1502,1510,1540,1573,1604,1681,2053,2133,2153,2221,2224,2263,2540,2696,2806,2846,3204,3349,3630,3849,3850,3851,3852,3853,3854,4428,4553,4996,5011,5206,5322,5338,
365;1;6223;6296;0;1,3,8,25,37,38,39,44,46,52,54,55,68,95,117,137,139,142,150,152,189,210,234,251,289,291,295,323,329,377,390,395,402,528,580,645,651,736,814,891,1056,1062,1133,1134,1148,1236,1270,1293,1322,1390,1463,1474,1502,1510,1540,1573,1604,1681,1723,1996,2053,2133,2153,2221,2224,2263,2540,2696,2846,3204,3349,3630,3852,4428,4553,4996,5011,5206,5322,5338,
180;0;6296;6435;0;1,3,8,10,25,37,38,39,44,46,52,54,55,68,95,117,137,139,142,144,145,150,189,234,251,268,273,289,291,295,329,377,390,395,402,439,528,580,645,736,891,1056,1062,1133,1134,1148,1236,1270,1293,1322,1390,1463,1474,1481,1502,1540,1604,1681,1723,2053,2128,2133,2153,2221,2224,2263,2428,2540,2696,2846,3204,3349,3630,3852,4428,4553,5011,5206,5322,7261,
180;1;6435;6513;0;8,25,37,44,52,54,95,136,137,139,144,145,149,241,262,269,277,288,292,314,321,351,377,390,395,404,429,640,1058,1093,1117,1134,1136,1146,1148,1473,1474,1478,1501,1669,1757,1768,1809,1817,1920,1922,2053,2224,2253,2321,2428,2450,2451,2452,2453,2645,2774,2775,2778,2780,2816,2950,3263,3278,4018,4553,4564,4569,4612,4740,4759,4800,4805,5047,5440,5490,5491,5492,6645,6971,
40;0;6513;6670;0;8,25,37,44,52,54,95,136,137,139,144,145,149,241,262,269,277,288,292,314,321,351,377,390,395,404,429,640,1058,1093,1117,1134,1136,1146,1148,1473,1474,1478,1501,1669,1757,1768,1809,1817,1920,1922,2053,2224,2253,2321,2428,2450,2451,2452,2453,2645,2774,2775,2778,2780,2816,2950,3263,3278,4018,4553,4564,4569,4612,4740,4759,4800,4805,5047,5440,5490,5491,5492,6645,6971,
40;1;6670;6719;0;8,25,37,44,52,54,95,136,137,139,144,145,149,241,262,269,277,288,292,314,321,351,377,390,395,404,429,640,1058,1093,1117,1134,1136,1146,1148,1473,1474,1478,1501,1669,1757,1768,1809,1817,1920,1922,2053,2224,2253,2321,2428,2450,2451,2452,2453,2645,2774,2775,2778,2780,2816,2950,3263,3278,4018,4553,4564,4569,4612,4740,4759,4800,4805,5047,5440,5490,5491,5492,6645,6971,
378;0;6719;6744;0;8,25,37,44,52,54,95,136,137,139,144,145,149,241,262,269,277,288,292,314,321,351,377,390,395,404,429,640,1058,1093,1117,1134,1136,1146,1148,1473,1474,1478,1501,1669,1757,1768,1809,1817,1920,1922,2053,2224,2253,2321,2428,2450,2451,2452,2453,2645,2774,2775,2778,2780,2816,2950,3263,3278,4018,4553,4564,4569,4612,4740,4759,4800,4805,5047,5440,5490,5491,5492,6645,6971,
378;1;6744;6921;0;8,25,37,44,52,54,95,136,137,139,144,145,149,241,262,269,277,288,292,314,321,351,377,390,395,404,429,640,1058,1093,1117,1134,1136,1146,1148,1473,1474,1478,1501,1669,1757,1768,1809,1817,1920,1922,2053,2224,2253,2321,2428,2450,2451,2452,2453,2645,2774,2775,2778,2780,2816,2950,3263,3278,4018,4553,4564,4569,4612,4740,4759,4800,4805,5047,5440,5490,5491,5492,6645,6971,
360;0;7200;7309;0;8,25,37,44,52,54,95,136,137,139,144,145,149,181,241,262,269,277,288,292,314,321,335,337,351,377,390,395,404,429,640,694,766,769,843,858,1058,1093,1117,1134,1136,1146,1148,1473,1474,1478,1501,1669,1757,1768,1809,1817,1920,1922,2053,2224,2253,2321,2428,2450,2451,2452,2627,2645,2774,2775,2778,2816,3263,3278,3583,4018,4553,4569,4612,4740,4759,5492,6645,6971,
360;1;7309;7399;0;25,37,44,52,54,95,136,137,139,144,146,149,262,269,277,288,290,292,297,314,321,377,395,404,429,436,640,644,647,854,914,927,1117,1118,1134,1146,1148,1149,1211,1474,1478,1484,1618,1668,1670,1671,1807,1809,1920,1922,1973,2053,2635,2645,2651,2774,2775,2778,3263,4018,4553,4572,4654,4748,4968,5015,5135,5139,5250,5251,5252,5253,5254,5255,5256,5257,5258,5259,5260,5261,
26;0;7399;7575;0;25,37,44,52,54,95,136,137,139,144,146,149,262,269,277,288,290,292,297,314,321,377,395,404,429,436,640,644,647,854,914,927,1117,1118,1134,1146,1148,1149,1211,1474,1478,1484,1618,1668,1670,1671,1807,1809,1920,1922,1973,2053,2635,2645,2651,2774,2775,2778,3263,4018,4331,4332,4333,4553,4572,4654,4748,4968,5015,5135,5139,5250,5251,5252,5253,5254,5255,5256,5257,5258,
26;1;7575;7596;0;24,25,34,36,37,44,52,54,95,136,137,139,144,146,149,262,269,277,288,290,292,297,314,321,377,395,404,422,429,436,640,644,647,854,914,927,1117,1118,1134,1146,1148,1149,1211,1474,1478,1484,1618,1668,1670,1671,1807,1809,1920,1922,1973,2053,2635,2645,2651,2774,2775,2778,3263,3553,4018,4331,4332,4333,4553,4572,4619,4654,4748,4968,5015,5135,5139,5250,5251,5254,
37;0;7596;7629;0;24,25,34,36,37,44,52,54,74,95,136,137,139,144,146,149,262,269,277,288,290,292,297,314,321,377,395,404,407,422,429,436,640,644,647,854,914,927,971,1117,1118,1134,1146,1148,1149,1211,1474,1478,1484,1618,1668,1670,1671,1807,1809,1920,1922,1973,2053,2635,2645,2651,2774,2775,2778,3263,3553,4018,4331,4332,4333,4553,4572,4619,4654,4748,4968,5015,5135,5254,
37;1;7629;7790;0;24,25,34,36,37,44,52,54,74,95,136,137,139,144,146,149,262,269,277,288,290,292,297,314,321,377,395,404,407,422,429,436,640,644,647,854,914,927,971,1117,1118,1134,1146,1148,1149,1211,1474,1478,1484,1618,1668,1670,1671,1807,1809,1920,1922,1973,2053,2635,2645,2651,2774,2775,2778,3263,3553,4018,4331,4332,4333,4553,4572,4619,5254,8456,8457,8458,8459,8460,
333;0;7790;7916;0;24,25,34,44,52,54,95,136,137,139,144,146,149,262,269,277,288,290,292,297,314,321,377,395,404,429,436,640,644,647,854,914,1117,1118,1134,1146,1148,1149,1474,1478,1484,1668,1670,1807,1809,1920,1922,1973,2053,2645,2651,2774,2775,2778,3263,3474,3679,4553,4572,5953,5960,5962,5964,5987,5991,5992,6011,6552,6741,6886,6926,6932,6936,7075,7076,7077,7078,7079,7080,7081,
333;1;7916;7981;0;144,225,248,249,292,329,377,395,396,404,414,559,854,855,861,911,1118,1134,1148,1173,1270,1474,1484,1587,1718,1788,1875,2103,2238,2338,2339,2645,2774,2775,2778,2802,3232,3263,3281,3469,3472,3475,3486,3487,3498,3687,3688,3689,3690,3765,4894,5053,5150,5161,5560,5706,6204,6254,6373,6401,6783,7009,7454,7837,7877,7878,7879,7880,7881,7882,8165,8166,8167,8168,8169,8170,8171,8172,8173,8899,
162;0;7981;8061;0;144,225,248,249,292,329,377,395,396,404,414,559,854,855,861,911,1118,1134,1148,1173,1270,1474,1484,1587,1718,1788,1875,2103,2238,2338,2339,2645,2774,2775,2778,2802,3232,3263,3281,3469,3472,3475,3486,3487,3498,3687,3688,3689,3690,3765,4894,5053,5150,5161,5560,5706,6204,6254,6373,6401,6783,7009,7454,7837,7877,7878,7879,7880,7881,7882,8165,8166,8167,8168,8169,8170,8171,8172,8173,8899,
162;1;8061;8170;0;144,225,248,249,292,329,377,395,396,404,414,559,854,855,861,911,1118,1134,1148,1173,1270,1474,1484,1587,1718,1788,1875,2103,2238,2338,2339,2645,2774,2775,2778,2802,3232,3263,3281,3469,3472,3475,3486,3487,3498,3687,3688,3689,3690,3765,4894,5053,5150,5161,5560,5706,6204,6254,6373,6401,6783,7009,7454,7837,7877,7878,7879,7880,7881,7882,8165,8166,8167,8168,8169,8170,8171,8172,8173,8899,
218;0;8170;8285;0;144,225,248,249,292,329,377,395,396,404,414,559,854,855,861,911,1118,1134,1148,1173,1270,1474,1484,1587,1718,1788,1875,2103,2238,2338,2339,2645,2774,2775,2778,2802,3232,3263,3281,3469,3472,3475,3486,3487,3498,3687,3688,3689,3690,3765,4894,5053,5150,5161,5560,5706,6204,6254,6373,6401,6783,7009,7454,7837,7877,7878,7879,7880,7881,7882,8165,8166,8167,8168,8169,8170,8171,8172,8173,8899,
218;1;8285;8353;0;144,225,248,249,292,329,377,395,396,404,414,559,854,855,861,911,1118,1134,1148,1173,1270,1474,1484,1587,1718,1788,1875,2103,2238,2338,2339,2645,2774,2775,2778,2802,3232,3263,3281,3469,3472,3475,3486,3487,3498,3687,3688,3689,3690,3765,4894,5053,5150,5161,5560,5706,6204,6254,6373,6401,6783,7009,7454,7837,7877,7878,7879,7880,7881,7882,8165,8166,8167,8168,8169,8170,8171,8172,8173,8899,
92;0;8640;8670;0;26,144,225,248,249,292,329,366,377,395,396,404,408,414,415,528,532,544,559,854,855,861,911,1118,1134,1148,1173,1270,1271,1278,1279,1287,1293,1295,1322,1474,1484,1587,1718,1788,1875,2103,2238,2338,2339,2645,2774,2775,2778,2802,3232,3263,3281,3413,3469,3472,3475,3486,3487,3498,3687,3688,3689,3690,3765,3876,3908,4108,4894,5053,5150,5161,5560,5706,6204,6254,6373,7009,7074,7879,
92;1;8670;8820;0;26,95,144,225,248,249,291,292,329,366,377,395,396,404,408,414,415,528,532,544,559,690,854,855,861,911,1118,1134,1148,1173,1270,1271,1278,1279,1287,1293,1295,1322,1474,1484,1556,1587,1674,1718,1788,1875,2103,2238,2338,2339,2642,2645,2677,2679,2774,2775,2778,2802,3232,3263,3281,3413,3447,3469,3472,3475,3486,3487,3498,3687,3765,4854,4855,5053,5370,5499,5502,5673,7009,7879,
155;0;8820;8838;0;26,95,144,225,248,249,291,292,329,366,395,404,528,559,911,1118,1270,1287,1293,1295,1322,1474,2774,2775,2778,3177,3178,3179,3180,3181,3185,3186,3187,3188,3189,3191,3196,3197,3198,3199,3200,3201,3203,3204,3205,3206,3207,3208,3209,3211,3212,3213,3214,3216,3218,3219,3220,3221,3224,3226,3227,3228,3229,3230,3231,3232,3233,3234,3235,3236,3237,3238,3239,3240,3472,3475,3498,3765,7009,7879,
155;1;8838;8996;0;19,26,95,144,188,225,248,249,291,292,329,366,395,404,528,559,736,875,911,1118,1270,1287,1293,1295,1322,1474,2305,2774,2775,2778,3177,3178,3179,3180,3181,3185,3186,3187,3188,3189,3191,3196,3197,3198,3199,3200,3201,3203,3204,3205,3206,3207,3208,3209,3211,3212,3213,3214,3216,3218,3219,3220,3221,3224,3226,3227,3228,3229,3230,3231,3232,3472,3475,3498,3627,3740,3741,3765,7009,7879,
782;0;8996;9171;0;19,26,27,95,144,188,189,225,247,248,249,291,292,329,366,395,404,528,559,734,736,875,911,1118,1270,1287,1293,1295,1322,1474,2154,2305,2774,2775,2778,3177,3178,3179,3180,3181,3185,3186,3187,3188,3189,3191,3196,3197,3198,3199,3200,3201,3203,3204,3205,3206,3207,3208,3209,3211,3212,3213,3214,3216,3218,3219,3220,3221,3224,3226,3227,3228,3229,3230,3472,3475,3498,3765,7009,7879,
779;0;9171;9345;0;19,26,27,95,144,188,189,198,205,225,247,248,249,291,292,329,366,395,404,504,528,559,734,736,875,911,995,1063,1118,1261,1270,1287,1293,1295,1322,1474,1582,1868,2154,2305,2774,2775,2778,3177,3178,3179,3180,3181,3185,3186,3187,3188,3189,3191,3196,3197,3198,3199,3200,3201,3203,3204,3205,3206,3207,3208,3209,3211,3403,3472,3475,3498,3615,3694,3765,4647,4648,4649,7009,7879,
270;0;9345;9483;0;26,34,54,60,62,95,144,177,204,205,225,247,248,262,267,268,272,286,288,291,292,305,306,310,313,314,321,329,385,404,436,448,528,559,911,995,1063,1118,1131,1248,1261,1287,1291,1293,1295,1322,1363,1429,1430,1474,1676,1999,2006,2117,2185,2240,2286,2315,2462,2774,2775,2778,2794,2849,3390,3391,3472,3475,3498,3606,3703,3906,4103,4104,4105,4343,4952,5606,5607,7009,
270;1;9483;9515;0;26,34,54,60,62,95,144,177,204,205,225,247,248,262,267,268,272,286,288,291,292,305,306,310,313,314,321,329,385,404,436,448,528,559,911,995,1063,1118,1131,1248,1261,1287,1291,1293,1295,1322,1363,1429,1430,1474,1676,1999,2006,2117,2185,2240,2286,2315,2462,2774,2775,2778,2794,2849,3390,3391,3472,3475,3498,3606,3703,3906,4103,4104,4105,4343,4952,5606,5607,7009,
22;0;9515;9615;0;26,34,54,60,62,95,144,177,204,205,225,247,248,262,267,268,272,286,288,291,292,305,306,310,313,314,321,329,385,404,436,448,528,559,911,995,1063,1118,1131,1248,1261,1287,1291,1293,1295,1322,1363,1429,1430,1474,1676,1999,2006,2117,2185,2240,2286,2315,2462,2774,2775,2778,2794,2849,3390,3391,3472,3475,3498,3606,3703,3906,4103,4104,4105,4343,4952,5606,5607,7009,
22;1;9615;9684;0;26,34,54,60,62,95,144,177,204,205,225,247,248,262,267,268,272,286,288,291,292,305,306,310,313,314,321,329,385,404,436,448,528,559,911,995,1063,1118,1131,1248,1261,1287,1291,1293,1295,1322,1363,1429,1430,1474,1676,1999,2006,2117,2185,2240,2286,2315,2462,2774,2775,2778,2794,2849,3390,3391,3472,3475,3498,3606,3703,3906,4103,4104,4105,4343,4952,5606,5607,7009,
58;0;10080;10181;0;3,136,139,144,225,226,247,248,262,269,270,277,288,329,398,400,404,429,436,528,640,838,948,1118,1126,1293,1424,1470,1476,1477,1478,1486,1609,1661,1668,1679,1809,1920,2053,2109,2114,2118,2120,2123,2124,2125,2128,2129,2130,2132,2134,2135,2140,2142,2143,2854,2855,2953,3606,4511,4533,4534,4536,4543,4545,4546,4551,4553,4554,4555,4575,4656,4676,4677,4678,4679,4680,4681,4682,4683,
58;1;10181;10247;0;3,136,139,144,225,226,247,248,262,269,270,277,288,329,398,400,404,429,436,528,640,838,948,1118,1126,1293,1424,1463,1470,1476,1477,1478,1486,1609,1661,1668,1679,1716,1809,1920,2053,2109,2114,2118,2120,2123,2124,2125,2128,2129,2130,2132,2134,2135,2140,2142,2143,2854,2855,2894,2895,2896,2953,3606,4511,4533,4534,4536,4543,4545,4546,4551,4553,4554,4555,4575,4656,4676,4677,4683,
1171;0;10247;10412;0;3,136,139,144,196,225,226,247,248,262,269,270,277,288,329,398,400,404,429,436,528,640,838,948,1118,1126,1269,1293,1424,1463,1470,1476,1477,1478,1486,1609,1661,1668,1679,1716,1809,1920,2053,2109,2114,2118,2120,2123,2124,2125,2128,2129,2130,2132,2134,2135,2140,2142,2143,2216,2854,2855,2894,2895,2896,2941,2953,3603,3604,3605,3606,4511,4533,4534,4536,4543,4545,4553,4575,4683,
920;0;10412;10576;0;3,136,139,144,146,149,196,225,226,247,248,262,269,270,277,288,329,398,400,404,429,436,528,591,640,838,948,1117,1118,1126,1146,1149,1269,1293,1424,1463,1470,1476,1477,1478,1479,1481,1486,1609,1661,1668,1679,1716,1809,1920,1973,2053,2109,2114,2118,2120,2123,2124,2125,2128,2129,2130,2132,2134,2135,2140,2142,2216,2941,2953,3606,4473,4533,4536,4545,4553,4575,4683,4965,4972,
178;0;10576;10580;0;2,3,4,95,136,139,144,146,148,149,196,225,226,247,248,262,269,270,277,288,300,329,393,398,400,401,404,429,528,591,640,838,948,1050,1051,1052,1117,1118,1133,1146,1150,1232,1233,1269,1293,1424,1476,1477,1478,1479,1481,1486,1604,1661,1668,1716,1801,1806,1809,1920,1973,2053,2109,2120,2128,2132,2216,2355,2817,2818,2941,2953,3606,4473,4533,4536,4545,4553,4575,4683,
178;1;10580;10736;0;2,3,4,95,136,139,142,144,146,148,149,196,225,226,241,247,248,262,269,277,288,293,300,329,390,393,398,400,404,429,528,591,644,647,772,838,948,1050,1051,1052,1117,1118,1146,1150,1232,1293,1424,1468,1476,1477,1478,1479,1481,1604,1668,1716,1801,1806,1809,1813,1920,1973,2053,2109,2132,2216,2223,2355,2817,2818,2941,2953,3606,4473,4533,4536,4553,4575,4683,5594,
1159;0;10736;10894;0;33,35,48,68,76,95,97,144,150,178,179,196,202,225,262,288,307,311,312,374,427,429,452,569,609,818,962,987,995,1039,1040,1261,1423,1478,1605,1668,1693,1796,1797,1809,1853,1920,1984,1989,2216,2355,2518,2519,2520,2521,2522,2523,2524,2525,2526,2527,2528,2774,2775,2776,2777,2778,3970,4280,4473,4606,4771,5022,5023,5024,5025,5026,5027,5028,5029,5030,5031,5032,5645,8118,
1035;0;10894;11050;0;33,35,48,68,76,95,97,144,150,178,179,196,202,225,262,288,307,311,312,374,427,429,452,569,609,818,962,987,995,1039,1040,1261,1423,1478,1605,1668,1693,1796,1797,1809,1853,1920,1984,1989,2216,2355,2518,2519,2520,2521,2522,2523,2524,2525,2526,2527,2528,2774,2775,2776,2777,2778,3970,4280,4473,4606,4771,5022,5023,5024,5025,5026,5027,5028,5029,5030,5031,5032,5645,8118,
122;0;11050;11171;0;33,35,48,68,76,95,97,144,150,178,179,196,202,225,262,288,307,311,312,374,427,429,452,569,609,818,962,987,995,1039,1040,1261,1423,1478,1605,1668,1693,1796,1797,1809,1853,1920,1984,1989,2216,2355,2518,2519,2520,2521,2522,2523,2524,2525,2526,2527,2528,2774,2775,2776,2777,2778,3970,4280,4473,4606,4771,5022,5023,5024,5025,5026,5027,5028,5029,5030,5031,5032,5645,8118,
122;1;11171;11204;0;33,35,48,68,76,95,97,144,150,178,179,196,202,225,262,288,307,311,312,374,427,429,452,569,609,818,962,987,995,1039,1040,1261,1423,1478,1605,1668,1693,1796,1797,1809,1853,1920,1984,1989,2216,2355,2518,2519,2520,2521,2522,2523,2524,2525,2526,2527,2528,2774,2775,2776,2777,2778,3970,4280,4473,4606,4771,5022,5023,5024,5025,5026,5027,5028,5029,5030,5031,5032,5645,8118,
1157;0;11204;11356;0;33,35,48,68,76,95,97,144,150,178,179,196,202,225,262,288,307,311,312,374,427,429,452,569,609,818,962,987,995,1039,1040,1261,1423,1478,1605,1668,1693,1796,1797,1809,1853,1920,1984,1989,2216,2355,2518,2519,2520,2521,2522,2523,2524,2525,2526,2527,2528,2774,2775,2776,2777,2778,3970,4280,4473,4606,4771,5022,5023,5024,5025,5026,5027,5028,5029,5030,5031,5032,5645,8118,
984;0;11520;11671;0;33,35,48,68,76,95,97,144,150,178,179,196,202,225,262,288,307,311,312,374,427,429,452,569,609,818,962,987,995,1039,1040,1261,1423,1478,1605,1668,1693,1796,1797,1809,1853,1920,1984,1989,2216,2355,2518,2519,2520,2521,2522,2523,2524,2525,2526,2527,2528,2774,2775,2776,2777,2778,3311,3475,3498,3664,3672,3681,3683,3685,3724,3725,3970,4280,4473,4606,4771,5022,5030,5645,
809;0;11671;11821;0;33,35,48,68,76,95,97,144,150,178,179,196,202,225,262,288,307,311,312,374,427,429,452,569,581,609,742,818,962,987,995,1039,1040,1261,1262,1423,1478,1563,1605,1668,1693,1796,1797,1809,1853,1920,1984,1989,2216,2355,2518,2519,2520,2521,2522,2523,2524,2525,2526,2527,2528,2774,2775,2776,2777,2778,2876,3311,3475,3498,3807,3808,3809,3810,3970,4280,4473,4606,5030,5645,
1045;0;11821;11969;0;33,35,48,68,76,95,97,144,150,178,179,196,202,225,262,288,307,311,312,374,427,429,452,569,581,609,742,818,962,987,995,1039,1040,1261,1262,1423,1478,1563,1605,1668,1693,1796,1797,1809,1853,1920,1984,1989,2216,2355,2518,2519,2520,2521,2522,2523,2524,2525,2526,2527,2528,2774,2775,2776,2777,2778,2876,3311,3475,3498,3807,3808,3970,4280,4473,4606,5030,5645,8502,8503,
278;0;11969;12017;0;33,35,48,68,76,95,97,144,150,178,179,196,202,225,262,288,307,311,312,374,427,429,452,569,581,1261,1478,1605,1668,1809,1920,1984,2355,2774,2775,2776,2777,2778,3472,3970,4280,4473,4606,5030,5645,5951,5963,5968,5969,5976,5980,5985,5986,5987,6360,6378,6537,6538,6539,6540,6541,6542,6543,6544,6545,6546,6547,6548,6549,6550,6551,6552,6553,6554,6555,6556,6557,6558,6559,6560,
278;1;12017;12113;0;33,35,48,68,76,95,97,144,145,150,178,179,196,202,225,262,288,307,311,312,374,380,427,429,452,569,581,1261,1401,1474,1478,1605,1668,1809,1920,1984,2355,2774,2775,2776,2777,2778,3472,3970,4280,4473,4606,5030,5645,5951,5963,5968,5969,5976,5980,5985,5986,5987,6360,6378,6537,6538,6539,6540,6541,6542,6543,6544,6545,6546,6547,6548,6549,6550,6551,6552,6553,6554,6555,6556,
865;0;12113;12255;0;20,39,95,98,137,144,145,202,205,225,234,235,245,262,267,273,283,290,291,306,308,310,429,483,502,503,506,559,989,1063,1089,1121,1157,1196,1282,1283,1284,1474,1478,1496,1580,1668,1681,1920,1936,1984,2052,2370,2372,2376,2540,2555,2887,2957,2959,3343,3349,4184,4424,4425,4426,4427,4428,4429,4430,4473,4474,4475,4476,4477,4867,4884,5976,7416,8504,8505,8506,8507,8508,8509,
1221;0;12255;12394;0;20,39,95,98,137,144,145,202,205,225,234,235,245,262,267,273,283,290,291,306,308,310,429,483,502,503,506,559,989,1063,1089,1121,1157,1196,1282,1283,1284,1474,1478,1496,1580,1668,1681,1920,1936,1984,2052,2370,2372,2376,2540,2555,2887,2957,2959,3343,3349,4184,4424,4425,4426,4427,4428,4429,4430,4473,4474,4475,4476,4477,4867,4884,5976,7416,8504,8505,8506,8507,8508,8509,
214;0;12394;12467;0;20,39,95,98,137,144,145,202,205,225,234,235,245,262,267,273,283,290,291,306,308,310,429,483,502,503,506,559,989,1063,1089,1121,1157,1196,1282,1283,1284,1474,1478,1496,1580,1668,1681,1920,1936,1984,2052,2370,2372,2376,2540,2555,2887,2957,2959,3343,3349,4184,4424,4425,4426,4427,4428,4429,4430,4473,4474,4475,4476,4477,4867,4884,5976,7416,8504,8505,8506,8507,8508,8509,
214;1;12960;13025;0;20,39,95,98,137,144,145,202,205,225,234,235,245,262,267,273,277,283,289,290,291,292,306,308,310,351,382,400,429,483,502,503,506,559,715,912,989,1055,1063,1089,1121,1146,1157,1167,1170,1196,1200,1284,1474,1478,1668,1681,1814,1834,1835,1836,1840,1843,1920,2052,2247,2370,2376,3037,3249,4424,4425,4426,4427,4428,4429,4430,4473,4500,4575,5742,5792,5834,5835,5976,
778;0;13025;13162;0;20,39,95,98,137,144,145,202,205,225,234,235,245,262,267,273,277,283,289,290,291,292,306,308,310,351,382,400,429,483,502,503,506,559,715,912,989,1055,1063,1089,1121,1146,1157,1167,1170,1196,1200,1284,1474,1478,1668,1681,1814,1834,1835,1836,1840,1843,1920,2052,2321,2370,2376,3037,3249,4424,4425,4426,4427,4428,4429,4430,4473,4575,4632,5685,5976,6129,6386,6387,
110;0;13162;13192;0;20,39,95,98,137,144,145,202,205,225,234,235,245,262,267,273,277,283,289,290,291,292,306,308,310,351,382,400,429,483,502,503,506,559,715,912,989,1055,1063,1089,1121,1146,1157,1167,1170,1196,1200,1284,1474,1478,1668,1681,1814,1834,1835,1836,1840,1843,1920,2052,2321,2370,2376,3037,3249,4424,4425,4426,4427,4428,4429,4430,4473,4575,4632,5685,5976,6129,6386,7899,
110;1;13192;13298;0;26,61,95,98,137,144,145,175,198,202,225,234,235,245,249,262,267,273,277,283,289,290,291,292,306,308,310,400,429,557,598,715,1089,1121,1146,1167,1170,1284,1287,1474,1478,1668,1681,1785,1786,1795,1843,1920,2052,2091,2175,2264,2321,2370,2376,2577,2968,3249,3410,3765,4112,4424,4425,4426,4427,4428,4429,4430,4575,5091,5944,5976,6129,7009,7029,7879,7906,8734,8735,8736,
323;0;13298;13394;0;26,61,95,98,137,144,145,175,198,202,225,234,235,245,249,262,267,273,277,283,289,290,291,292,306,308,310,400,429,557,598,715,1089,1121,1146,1167,1170,1284,1287,1474,1478,1668,1681,1785,1786,1795,1843,1920,1922,2052,2091,2175,2264,2321,2370,2376,2577,2968,3249,3410,3765,4112,4424,4425,4426,4427,4428,4429,4430,4575,5091,5944,5976,6129,7009,7029,7879,7906,8734,8735,
323;1;13394;13431;0;4,26,61,87,89,90,95,98,137,144,145,175,198,202,225,234,235,245,249,262,267,273,277,283,289,290,291,292,306,308,310,400,429,557,598,715,764,768,770,833,836,858,862,1046,1089,1121,1146,1167,1170,1214,1284,1287,1474,1478,1515,1516,1518,1519,1520,1521,1522,1526,1527,1528,1529,1668,1681,1785,1843,1920,1922,2091,2264,2321,3249,3410,4427,4575,5976,6129,
338;0;13431;13471;0;4,26,61,87,89,90,95,98,136,137,142,144,145,175,198,202,225,231,234,235,245,262,277,289,290,291,292,308,314,329,391,400,429,598,715,768,770,833,858,1058,1089,1117,1121,1146,1167,1170,1214,1284,1287,1474,1476,1478,1479,1519,1521,1528,1529,1668,1802,1843,1920,1922,1947,2091,2109,2264,2321,2716,3249,3410,4427,4575,5976,6129,6185,7010,7321,7855,7856,7857,
338;1;13471;13562;0;4,24,26,61,89,90,95,136,137,144,145,198,202,225,231,234,245,247,262,277,289,290,291,292,308,314,329,391,400,429,598,715,734,753,768,770,833,858,1058,1089,1117,1121,1146,1167,1170,1214,1273,1284,1287,1297,1332,1474,1476,1478,1519,1521,1528,1529,1651,1668,1843,1920,1922,2091,2109,2148,2149,2150,2151,2152,2153,2264,2321,2716,3249,3410,4427,4575,5976,6129,
1039;0;13562;13693;0;1,4,24,26,61,63,90,95,117,136,144,148,202,225,231,245,247,248,277,289,290,390,391,393,395,429,528,529,838,1056,1058,1146,1284,1293,1294,1295,1339,1390,1451,1478,1604,1793,1799,1801,1806,1843,1922,2149,2221,2315,2321,2649,2793,2794,2795,2796,2797,2798,2799,2800,2801,2814,2815,2816,2817,2818,2819,2820,2821,2822,3249,4229,4230,4427,4597,5976,7834,7838,8391,8849,
1126;0;13693;13822;0;1,4,24,26,61,63,90,95,117,136,144,148,202,225,231,245,247,248,277,289,290,390,391,393,395,429,528,529,838,1056,1058,1146,1284,1293,1294,1295,1339,1390,1451,1478,1604,1793,1799,1801,1806,1843,1922,2149,2221,2315,2321,2649,2793,2794,2795,2796,2797,2798,2799,2800,2801,2814,2815,2816,2817,2818,2819,2820,2821,2822,3249,4229,4230,4427,4597,5976,7834,7838,8391,8849,
215;0;13822;13870;0;1,4,24,26,61,63,90,95,117,136,144,148,202,225,231,245,247,248,277,289,290,390,391,393,395,429,528,529,838,1056,1058,1146,1284,1293,1294,1295,1339,1390,1451,1478,1604,1793,1799,1801,1806,1843,1922,2149,2221,2315,2321,2649,2793,2794,2795,2796,2797,2798,2799,2800,2801,2814,2815,2816,2817,2818,2819,2820,2821,2822,3249,4229,4230,4427,4597,5976,7834,7838,8391,8849,
215;1;13870;13948;0;1,4,24,26,61,63,90,95,117,136,144,148,202,225,231,245,247,248,277,289,290,390,391,393,395,429,528,529,838,1056,1058,1146,1284,1293,1294,1295,1339,1390,1451,1478,1604,1793,1799,1801,1806,1843,1922,2149,2221,2315,2321,2649,2793,2794,2795,2796,2797,2798,2799,2800,2801,2814,2815,2816,2817,2818,2819,2820,2821,2822,3249,4229,4230,4427,4597,5976,7834,7838,8391,8849,
1073;0;13948;14072;0;1,4,24,26,61,63,90,95,117,136,144,148,202,225,231,245,247,248,277,289,290,390,391,393,395,429,528,529,838,1056,1058,1146,1284,1293,1294,1295,1339,1390,1451,1478,1604,1793,1799,1801,1806,1843,1922,2149,2221,2315,2321,2649,2793,2794,2795,2796,2797,2798,2799,2800,2801,2814,2815,2816,2817,2818,2819,2820,2821,2822,3249,4229,4230,4427,4597,5976,7834,7838,8391,8849,
118;0;14400;14477;0;1,4,24,26,61,63,90,95,117,136,139,144,148,183,202,225,231,245,247,248,277,289,290,390,391,393,395,429,528,838,948,1056,1058,1093,1146,1284,1293,1294,1390,1451,1478,1669,1807,1843,1922,2053,2221,2315,2321,2649,2815,2821,2953,3249,3278,4033,4427,4533,4535,4553,4597,4902,4956,4959,4960,5274,5432,5976,6644,6645,6967,6968,6969,6970,6971,6972,6973,6974,6975,6976,
118;1;14477;14518;0;1,4,24,26,61,63,90,95,117,136,139,144,148,149,183,202,225,231,245,247,248,277,289,290,320,390,391,393,395,429,528,677,838,948,1056,1058,1070,1093,1146,1147,1284,1293,1294,1390,1428,1451,1478,1669,1807,1843,1922,2053,2221,2315,2321,2625,2649,2815,2821,2899,2953,3147,3249,3278,3280,3527,4033,4427,4533,4535,4553,4597,4902,5976,6682,6968,8098,8842,8844,8847,
174;0;14518;14530;0;1,2,4,24,26,61,63,90,95,103,117,139,144,148,149,202,225,231,245,247,277,289,290,390,391,393,395,429,528,644,677,704,766,769,831,838,843,948,1056,1058,1093,1146,1147,1163,1284,1293,1294,1390,1451,1478,1491,1669,1843,1922,2053,2132,2221,2315,2321,2649,2657,2815,2821,2903,2904,2961,2962,2964,3527,4033,4372,4553,4597,5624,5627,5828,5976,6749,6968,7458,
174;1;14530;14633;0;1,2,4,24,26,61,63,90,95,103,117,139,144,148,149,202,225,231,245,247,277,289,290,390,391,393,395,429,528,644,677,704,766,769,831,838,843,948,1056,1058,1093,1146,1147,1163,1177,1284,1293,1294,1358,1360,1390,1451,1478,1491,1669,1751,1843,1922,2053,2132,2221,2315,2321,2649,2657,2815,2821,2903,2904,2914,2915,2961,2962,3527,4033,4553,4597,5976,6968,7458,
786;0;14633;14745;0;1,2,4,24,26,61,63,90,95,103,117,139,144,148,149,202,225,231,245,247,277,289,290,390,391,393,395,429,528,644,677,704,766,769,831,838,843,948,1056,1058,1093,1146,1147,1163,1177,1284,1293,1294,1358,1360,1390,1451,1478,1491,1669,1751,1843,1922,2053,2132,2221,2315,2321,2649,2657,2815,2821,2903,2904,2914,2915,2962,3527,4033,4553,4597,5976,6340,6968,7458,
913;0;14745;14854;0;2,4,24,26,27,61,63,95,117,139,144,149,202,225,231,245,247,277,289,290,366,390,391,393,395,429,528,538,634,644,677,704,769,838,948,1056,1058,1093,1143,1146,1147,1163,1270,1284,1293,1294,1451,1478,1669,1751,1843,1922,2053,2089,2265,2315,2321,2407,2516,2537,2649,2657,2815,2821,2864,2873,2904,2941,2962,3402,3527,3606,3709,3861,4033,4217,4218,4553,4597,7458,
980;0;14854;14963;0;2,4,24,26,27,61,63,95,117,139,144,149,202,225,231,245,247,277,289,290,366,390,391,393,395,429,528,538,634,644,677,704,769,838,948,1056,1058,1093,1143,1146,1147,1163,1270,1284,1293,1294,1451,1478,1669,1751,1843,1922,2053,2089,2168,2265,2315,2321,2407,2516,2537,2649,2657,2815,2821,2864,2873,2904,2941,2962,3402,3414,3527,3606,3709,4033,4553,4597,6705,7458,
1190;0;14963;15067;0;2,4,24,26,27,61,63,95,117,139,144,149,225,231,245,247,277,289,290,293,348,390,391,393,395,429,528,677,704,769,773,838,948,1056,1058,1146,1147,1163,1270,1293,1451,1478,1481,1669,1843,2315,2321,2353,2498,2649,2815,2821,2904,2962,3527,4033,4553,6334,6595,7302,7304,7305,7306,7423,7458,7800,7801,7802,7803,7804,7805,7806,7807,7808,7809,7810,7811,7812,7813,7814,
777;0;15067;15170;0;4,24,26,27,44,46,55,60,61,63,100,144,170,218,225,245,247,277,289,290,294,321,379,390,391,395,429,518,530,647,727,769,855,875,898,921,922,944,945,1052,1054,1058,1146,1270,1293,1362,1478,1565,1567,1669,1716,1918,2034,2035,2197,2315,2326,2543,2723,2897,2898,2900,2901,2905,2907,3065,3250,3262,3378,3379,3380,3979,4059,4060,4061,4088,5516,5596,6263,7513,
1208;0;15170;15270;0;4,24,26,27,44,46,55,60,61,63,100,144,170,218,225,245,247,277,289,290,294,321,379,390,391,395,429,518,530,647,727,769,855,875,898,921,922,944,945,1052,1054,1058,1146,1270,1293,1362,1478,1565,1567,1669,1716,1918,2034,2035,2197,2315,2326,2543,2723,2897,2898,2900,2901,2905,2907,3065,3250,3262,3378,3379,3380,3979,4059,4060,4061,4088,5516,5596,6263,7513,
379;0;15270;15347;0;4,24,26,27,44,46,55,60,61,63,100,144,170,218,225,245,247,277,289,290,294,321,379,390,391,395,429,518,530,647,727,769,855,875,898,921,922,944,945,1052,1054,1058,1146,1270,1293,1362,1478,1565,1567,1669,1716,1918,2034,2035,2197,2315,2326,2543,2723,2897,2898,2900,2901,2905,2907,3065,3250,3262,3378,3379,3380,3979,4059,4060,4061,4088,5516,5596,6263,7513,
379;1;15347;15367;0;4,24,26,27,44,46,55,60,61,63,100,144,170,218,225,245,247,277,289,290,294,321,379,390,391,395,429,518,530,647,727,769,855,875,898,921,922,944,945,1052,1054,1058,1146,1270,1293,1362,1478,1565,1567,1669,1716,1918,2034,2035,2197,2315,2326,2543,2723,2897,2898,2900,2901,2905,2907,3065,3250,3262,3378,3379,3380,3979,4059,4060,4061,4088,5516,5596,6263,7513,
834;0;15367;15461;0;4,24,26,27,44,46,55,60,61,63,100,144,170,218,225,245,247,277,289,290,294,321,379,390,391,395,429,518,530,647,727,769,855,875,898,921,922,944,945,1052,1054,1058,1146,1270,1293,1362,1478,1565,1567,1669,1716,1918,2034,2035,2197,2315,2326,2543,2723,2897,2898,2900,2901,2905,2907,3065,3250,3262,3378,3379,3380,3979,4059,4060,4061,4088,5516,5596,6263,7513,
914;0;15461;15554;0;4,24,26,27,44,46,55,60,61,63,100,144,170,218,225,245,247,277,289,290,294,321,379,390,391,395,429,518,530,647,727,769,855,875,898,921,922,944,945,1052,1054,1058,1146,1270,1293,1362,1478,1565,1567,1669,1716,1918,2034,2035,2197,2315,2326,2543,2723,2897,2898,2900,2901,2905,2907,3065,3250,3262,3378,3379,3380,3979,4059,4060,4061,4088,5516,5596,6263,7513,
1225;0;15554;15645;0;4,24,26,27,44,46,55,60,61,63,100,144,170,218,225,245,247,277,289,290,294,321,379,390,391,395,429,518,530,647,727,769,855,875,898,921,922,944,945,1052,1054,1058,1146,1270,1293,1362,1478,1565,1567,1669,1716,1918,2034,2035,2197,2315,2326,2543,2723,2897,2898,2900,2901,2905,2907,3065,3250,3262,3378,3379,3380,3979,4059,4060,4061,4088,5516,5596,6263,7513,
Machine: 4
97;0;0;14;1;144,177,262,267,272,273,287,288,289,290,291,295,303,305,306,308,313,395,434,442,595,694,715,765,890,891,892,893,894,895,896,897,898,899,900,901,902,903,904,905,906,907,908,909,910,911,912,913,915,916,917,918,919,920,921,922,1297,1445,1481,2149,2179,2257,2315,2625,2635,2653,3739,3831,3866,4215,4216,4376,5525,5722,6025,6114,6225,6449,6512,6513,
97;1;14;22;1;144,177,262,267,272,273,287,288,289,290,291,295,303,305,306,308,313,395,434,442,595,694,715,765,890,891,892,893,894,895,896,897,898,899,900,901,902,903,904,905,906,907,908,909,910,911,912,913,915,916,917,918,919,920,921,922,1297,1445,1481,2149,2179,2257,2315,2625,2635,2653,3739,3831,3866,4215,4216,4376,5525,5722,6025,6114,6225,6449,6512,6513,
370;0;22;58;1;144,177,262,267,272,273,287,288,289,290,291,295,303,305,306,308,313,395,434,442,595,694,715,765,890,891,892,893,894,895,896,897,898,899,900,901,902,903,904,905,906,907,908,909,910,911,912,913,915,916,917,918,919,920,921,922,1297,1445,1481,2149,2179,2257,2315,2625,2635,2653,3739,3831,3866,4215,4216,4376,5525,5722,6025,6114,6225,6449,6512,6513,
370;1;58;67;1;144,177,262,267,272,273,287,288,289,290,291,295,303,305,306,308,313,395,434,442,595,890,891,892,893,894,895,896,897,898,899,900,901,902,903,904,905,906,907,908,909,910,911,912,913,915,916,917,918,919,920,921,922,923,924,925,926,927,928,929,930,931,932,933,934,935,936,937,938,939,940,941,942,943,3616,3617,3618,3619,3620,5722,
1109;0;67;118;1;144,177,193,262,267,272,273,287,288,289,290,291,295,303,305,306,308,313,395,410,434,442,569,595,890,891,892,893,894,895,896,897,898,899,900,901,902,903,904,905,906,907,908,909,910,911,912,913,915,916,917,918,919,920,921,922,923,924,925,926,927,928,929,930,931,932,933,934,935,936,937,938,939,940,941,942,943,3618,3619,5722,
977;0;118;175;1;144,177,193,262,267,272,273,287,288,289,290,291,295,303,305,306,308,313,395,410,434,442,569,595,890,891,892,893,894,895,896,897,898,899,900,901,902,903,904,905,906,907,908,909,910,911,912,913,915,916,917,918,919,920,921,922,923,924,925,926,927,928,931,933,936,938,939,940,2777,2778,3618,3619,4604,4607,4627,4857,5329,5722,6361,7272,
933;0;175;235;1;15,24,54,60,144,177,193,262,267,272,273,287,288,289,290,291,295,303,305,306,308,313,395,410,434,442,569,595,871,890,891,892,893,894,895,896,897,898,899,900,901,902,903,904,905,906,907,908,909,910,911,912,913,921,922,926,931,933,936,938,939,940,2062,2063,2777,2778,3345,3346,3618,3619,4313,4314,4315,4316,4317,4318,4604,4627,4857,5722,
905;0;235;326;1;15,24,54,60,144,177,193,262,267,272,273,287,288,289,290,291,295,303,305,306,308,313,395,410,434,442,569,595,871,890,891,892,893,894,895,896,897,898,899,900,901,902,903,904,905,906,907,908,909,910,911,912,913,921,922,926,931,933,936,938,939,940,2062,2063,2777,2778,3345,3346,3618,3619,4313,4314,4604,4627,4857,5722,6136,6145,8282,8356,
912;0;326;423;1;15,24,54,60,144,146,147,177,193,262,267,272,273,287,288,289,290,291,295,301,303,305,306,308,313,395,398,410,434,442,569,595,871,890,891,892,893,894,895,896,897,898,899,900,901,902,903,904,905,906,907,908,909,910,911,912,921,922,926,931,933,936,938,939,940,1146,1473,1476,1479,2777,2778,3345,3618,3619,4604,4627,4857,5722,6136,6145,
1074;0;423;524;1;15,24,54,60,144,146,147,177,193,231,262,267,272,273,287,288,289,290,291,295,297,301,303,305,306,308,313,395,398,410,434,442,569,595,871,890,891,892,893,894,895,896,897,898,899,902,903,904,905,911,912,921,922,926,931,933,936,938,939,940,1146,1473,1476,1479,2405,2658,2774,2775,2777,2778,3345,3618,3619,4604,4627,4857,4946,5722,6136,6145,
259;0;524;563;1;15,24,54,60,144,146,147,177,193,231,262,267,272,273,287,288,289,290,291,295,297,301,303,305,306,308,313,395,398,410,434,442,569,595,871,890,891,892,893,894,896,898,902,903,904,905,911,912,921,922,926,931,933,936,938,939,940,1146,1473,1476,1479,2658,2774,2775,2777,2778,3133,3345,3618,3619,3636,4604,4627,4857,5049,5722,5733,5843,6136,6145,
259;1;563;629;1;15,24,54,60,144,146,147,177,193,231,262,267,272,273,287,288,289,290,291,295,297,301,303,305,306,308,313,395,398,410,434,442,569,595,871,890,891,892,893,894,896,898,902,903,904,905,911,912,921,922,926,931,933,936,938,939,940,1146,1473,1476,1479,2163,2658,2774,2775,2777,2778,3133,3345,3618,3619,3636,4604,4627,4857,5049,5722,6136,6145,8532,
785;0;629;709;0;15,24,54,60,144,146,147,177,202,231,262,272,273,288,289,290,291,295,297,301,303,305,306,308,313,395,398,410,434,442,474,487,504,506,569,595,658,722,756,871,891,892,898,905,911,912,921,926,931,939,1089,1146,1473,1476,1479,1558,1580,1936,1994,2163,2230,2306,2658,2774,2775,2777,2778,3003,3022,3133,3345,3618,3864,4604,4627,4857,5404,5405,5722,6145,
100;0;709;755;1;15,17,24,26,40,46,54,74,144,146,177,202,231,262,272,273,288,289,290,291,297,301,303,305,306,308,313,359,395,398,434,442,487,504,506,569,595,871,891,892,905,911,912,921,926,931,939,1089,1146,1277,1473,1476,1479,1558,1580,1936,1994,2017,2163,2306,2658,2774,2775,2777,2778,2968,3022,3056,3133,3345,3618,4109,4117,4118,4604,4627,4965,5722,6145,7587,
100;1;755;821;1;15,17,24,26,40,46,54,74,144,146,177,202,231,262,272,273,288,289,290,291,297,301,303,305,306,308,313,359,395,398,434,442,487,504,506,569,595,871,891,892,905,911,912,921,926,931,939,1089,1146,1277,1473,1476,1479,1558,1580,1936,1994,2017,2163,2306,2658,2774,2775,2777,2778,2968,3022,3056,3133,3345,3618,4109,4117,4118,4604,4627,4965,5722,6145,7587,
82;0;821;870;1;15,17,24,26,40,46,54,74,144,146,177,202,231,262,272,273,288,289,290,291,297,301,303,305,306,308,313,359,395,398,434,442,487,504,506,569,595,871,891,892,905,911,912,921,926,931,939,1089,1146,1277,1473,1476,1479,1558,1580,1936,1994,2017,2163,2306,2658,2774,2775,2777,2778,2968,3022,3056,3133,3345,3618,4109,4117,4118,4604,4627,4965,5722,6145,7587,
82;1;1440;1506;1;137,144,145,146,149,177,262,288,301,305,308,316,377,398,429,442,569,591,595,838,852,854,855,891,926,939,949,1118,1134,1165,1277,1476,1478,1484,1675,1768,2247,2292,2370,2371,2583,2587,2707,2738,2904,3133,3436,3438,3634,4424,4473,4537,4658,5248,5251,5298,5452,5695,5697,5698,5700,5702,5807,5808,5809,5810,5811,5812,5813,5814,5815,5816,5817,5818,5819,5820,5821,5822,5823,5824,
841;0;1506;1624;1;137,144,145,146,149,177,262,288,301,305,308,316,377,398,429,442,569,591,595,838,852,854,855,891,926,939,949,1118,1134,1165,1271,1276,1277,1287,1288,1293,1295,1322,1476,1478,1484,1675,1768,2148,2240,2241,2247,2292,2370,2371,2410,2418,2472,2583,2587,2707,2738,2904,3048,3049,3050,3051,3133,3436,3438,3634,4424,4473,4537,4658,5248,5251,5298,5452,5695,5697,5698,5700,5702,5807,
837;0;1624;1760;1;137,144,145,146,149,177,225,234,262,288,301,302,304,305,308,314,316,317,377,398,429,442,569,591,595,838,852,854,855,891,926,939,949,1118,1134,1165,1271,1276,1277,1287,1288,1293,1295,1322,1430,1476,1478,1484,1675,1676,1768,1932,1933,2148,2240,2241,2247,2292,2370,2371,2410,2418,2472,2583,2587,2707,2738,2904,3048,3049,3050,3051,3133,3436,3438,3634,4424,4473,4537,5695,
254;0;1760;1858;1;137,144,145,146,149,177,225,234,262,288,301,302,304,305,308,314,316,317,377,398,429,442,569,591,595,838,852,854,855,891,926,939,949,1118,1134,1165,1268,1271,1276,1277,1287,1288,1293,1294,1295,1322,1430,1476,1478,1484,1675,1676,1768,1932,1933,2148,2240,2241,2247,2263,2292,2370,2371,2407,2410,2418,2472,2561,2562,2583,2587,2707,2738,2904,3048,3049,3050,3051,3634,5695,
254;1;1858;1899;1;24,28,35,38,137,144,145,146,149,150,175,177,196,202,225,234,262,288,301,302,305,308,314,316,317,374,377,398,429,569,591,595,838,854,855,891,939,949,995,1118,1134,1165,1196,1277,1284,1288,1293,1294,1322,1476,1478,1484,1675,1676,1693,1853,1933,1984,1989,2203,2216,2292,2334,2370,2407,2518,2519,2523,2527,2583,2825,2826,2827,2829,2830,2831,2832,2833,2834,3634,
80;0;1899;1950;1;24,38,137,144,145,146,149,150,202,225,226,229,230,232,240,241,242,243,262,274,288,305,314,317,398,429,430,591,595,818,819,821,822,827,838,854,855,891,939,949,995,1092,1099,1118,1165,1196,1288,1293,1294,1398,1407,1473,1476,1478,1484,1675,1676,1681,1843,1853,2216,2246,2248,2292,2293,2294,2295,2296,2297,2298,2299,2300,2301,2302,2303,2370,2407,2518,2830,3634,
80;1;1950;2039;1;24,38,95,97,137,144,145,149,150,202,225,243,245,262,272,273,288,290,291,303,305,306,310,312,313,314,317,351,382,395,398,434,591,595,838,854,855,891,892,905,912,939,949,995,1118,1165,1170,1209,1288,1294,1476,1478,1484,1676,1853,1919,1970,2133,2356,2357,2358,2360,2361,2362,2363,2364,2367,2370,2375,2377,2378,2387,2390,2391,2392,2393,2394,2407,2518,3634,
29;0;2039;2096;1;24,38,95,97,137,144,145,149,150,202,225,243,245,262,272,273,288,290,291,303,305,306,310,312,313,314,317,351,382,395,398,434,591,595,838,854,855,891,892,905,912,939,949,995,1118,1165,1170,1209,1288,1294,1476,1478,1484,1676,1853,1919,1970,2133,2157,2178,2232,2356,2357,2358,2360,2361,2362,2363,2364,2367,2370,2375,2391,2407,2518,2847,3634,5944,5945,5946,
29;1;2096;2186;1;4,24,27,95,137,144,149,150,155,202,225,243,245,248,251,262,273,290,291,293,351,390,395,396,397,398,457,632,731,732,855,891,948,1051,1053,1118,1145,1146,1280,1288,1326,1362,1367,1476,1478,1548,1549,1814,1849,1853,1936,1970,2018,2105,2198,2199,2407,2408,2510,2847,2848,2873,2982,3004,3070,3598,3613,3814,3830,3842,3978,3980,4010,4124,4217,4462,5487,5551,6656,9194,
1197;0;2186;2334;1;4,24,27,95,137,144,149,150,155,202,225,243,245,248,251,262,273,290,291,293,351,390,395,396,397,398,457,632,731,732,855,891,948,1051,1053,1118,1145,1146,1280,1288,1326,1362,1367,1476,1478,1548,1549,1814,1849,1853,1936,1970,2018,2105,2198,2199,2407,2408,2510,2847,2848,2873,2982,3004,3070,3598,3613,3814,3830,3842,3978,3980,4010,4124,4217,4462,5487,5551,6656,9194,
971;0;2334;2489;1;4,24,27,95,137,144,149,150,155,202,225,243,245,248,251,262,273,290,291,293,351,390,395,396,397,398,457,632,731,732,855,891,948,1051,1053,1118,1145,1146,1280,1288,1326,1362,1367,1476,1478,1548,1549,1814,1849,1853,1936,1970,2018,2105,2198,2199,2407,2408,2510,2847,2848,2873,2982,3004,3070,3598,3613,3814,3830,3842,3978,3980,4010,4124,4217,4462,5487,5551,6656,9194,
71;0;2489;2587;1;4,24,27,95,137,144,149,150,155,202,225,243,245,248,251,262,273,290,291,293,351,390,395,396,397,398,457,632,731,732,855,891,948,1051,1053,1118,1145,1146,1280,1288,1326,1362,1367,1476,1478,1548,1549,1814,1849,1853,1936,1970,2018,2105,2198,2199,2407,2408,2510,2847,2848,2873,2982,3004,3070,3598,3613,3814,3830,3842,3978,3980,4010,4124,4217,4462,5487,5551,6656,9194,
71;1;2880;2940;1;4,24,27,95,137,144,149,150,155,202,225,243,245,248,251,262,271,273,290,291,293,351,390,395,396,397,398,457,632,731,732,855,891,948,1051,1053,1118,1145,1146,1280,1288,1326,1362,1476,1478,1549,1556,1814,1849,1853,1936,1970,2018,2198,2199,2407,2645,2774,2778,2847,2848,3004,3070,3099,3120,3814,3978,4567,4609,4627,4759,4760,4761,4762,4763,4764,4765,4766,4767,4768,
228;0;2940;2970;1;4,15,24,27,66,95,137,144,149,150,155,202,205,206,225,243,245,248,251,262,271,273,290,291,293,351,390,395,396,397,398,457,480,487,503,510,516,632,731,732,855,891,948,964,965,1051,1053,1118,1145,1146,1280,1282,1288,1476,1478,1549,1556,1587,1814,1849,1853,1936,1970,2018,2198,2199,2407,2645,2774,2778,2847,2848,3004,3070,3814,3978,4184,4567,4627,4761,
228;1;2970;3107;1;4,15,24,27,95,96,137,139,143,144,149,150,202,206,225,243,245,251,262,273,290,291,293,351,390,391,395,397,398,404,480,503,510,632,640,855,891,911,948,965,1050,1051,1053,1118,1145,1146,1282,1288,1361,1468,1476,1478,1549,1556,1587,1814,1849,1853,1936,1970,1973,2018,2407,2425,2613,2645,2774,2778,3070,3814,4567,4627,4761,5214,6684,7408,9261,9262,9263,9264,
1133;0;3107;3276;1;4,15,24,27,95,137,139,143,144,149,150,202,206,225,243,245,251,262,273,275,290,291,293,351,390,391,395,397,398,404,480,510,632,640,772,833,835,855,891,911,948,965,1050,1051,1053,1118,1145,1146,1282,1361,1468,1476,1478,1556,1587,1814,1849,1853,1936,1970,1973,2018,2407,2594,2613,2645,2774,2778,2986,3152,3618,4371,4567,4627,4733,5612,7419,7420,7421,7422,
343;0;3276;3415;1;4,15,24,27,95,137,139,143,144,149,150,202,206,225,243,245,251,262,273,275,290,291,293,351,390,391,395,397,398,404,480,510,521,522,523,524,632,640,772,833,835,855,891,911,948,965,1050,1051,1053,1118,1145,1146,1282,1361,1468,1476,1478,1556,1587,1814,1849,1853,1936,1970,1973,2018,2407,2594,2613,2645,2774,2778,2986,3152,3618,4371,4567,4627,4733,5612,
343;1;3415;3454;1;4,15,24,27,95,137,139,143,144,149,150,202,206,225,245,251,262,273,275,289,290,291,297,390,391,395,397,398,404,480,510,640,647,769,833,835,855,891,911,948,965,1023,1024,1050,1051,1053,1118,1145,1146,1282,1361,1468,1474,1476,1478,1556,1587,1814,1816,1849,1920,1922,1936,1970,1973,2018,2407,2645,2774,2778,4552,4567,4627,5206,5351,6184,7215,7216,7218,7219,
312;0;3454;3484;1;4,15,24,27,95,137,139,143,144,149,150,202,206,225,245,251,262,273,275,289,290,291,297,390,391,395,397,398,404,480,510,640,647,769,833,835,855,891,911,948,965,1023,1050,1051,1053,1118,1145,1146,1282,1361,1468,1474,1476,1478,1497,1551,1552,1553,1555,1556,1557,1587,1814,1816,1849,1920,1922,1936,1970,1973,2018,2407,2645,2774,2778,3129,4567,4627,5206,7215,
312;1;3484;3645;1;3,15,24,27,30,137,139,144,150,169,189,206,208,225,249,251,288,333,390,395,398,408,415,427,480,502,504,510,518,529,833,835,855,948,965,987,1048,1051,1089,1133,1145,1157,1233,1236,1281,1282,1291,1358,1478,1580,1587,1604,1725,1749,1805,1895,1935,1945,1970,1971,2018,2053,2258,2309,2407,2412,2419,2538,2765,3010,3028,3256,3703,3753,4471,4553,5493,5674,6657,6850,
166;0;3645;3772;0;3,15,24,27,30,137,139,144,150,169,189,206,208,225,249,251,288,333,390,395,398,408,415,427,480,502,504,510,518,529,833,835,855,948,965,987,1048,1051,1089,1133,1145,1157,1233,1236,1281,1282,1291,1358,1478,1580,1587,1604,1725,1749,1805,1895,1935,1945,1970,1971,2018,2053,2258,2309,2407,2412,2419,2538,2765,3010,3028,3256,3703,3753,4471,4553,5493,5674,6657,6850,
166;1;3772;3868;0;3,15,24,27,30,137,139,144,150,169,189,206,208,225,249,251,288,333,390,395,398,408,415,427,480,502,504,510,518,529,833,835,855,948,965,987,1048,1051,1089,1133,1145,1157,1233,1236,1281,1282,1291,1358,1478,1580,1587,1604,1725,1749,1805,1895,1935,1945,1970,1971,2018,2053,2258,2309,2407,2412,2419,2538,2765,3010,3028,3256,3703,3753,4471,4553,5493,5674,6657,6850,
371;0;3868;4031;1;3,15,24,27,30,137,139,144,150,169,189,206,208,225,249,251,288,333,390,395,398,408,415,427,480,502,504,510,518,529,833,835,855,948,965,987,1048,1051,1089,1133,1145,1157,1233,1236,1281,1282,1291,1358,1478,1580,1587,1604,1725,1749,1805,1895,1935,1945,1970,1971,2018,2053,2258,2309,2407,2412,2419,2538,2765,3010,3028,3256,3703,3753,4471,4553,5493,5674,6657,6850,
371;1;4031;4068;1;3,15,24,27,30,137,139,144,150,169,189,206,208,225,249,251,288,333,390,395,398,408,415,427,480,502,504,510,518,529,833,835,855,948,965,987,1048,1051,1089,1133,1145,1157,1233,1236,1281,1282,1291,1358,1478,1580,1587,1604,1725,1749,1805,1895,1935,1945,1970,1971,2018,2053,2258,2309,2407,2412,2419,2538,2765,3010,3028,3256,3703,3753,4471,4553,5493,5674,6657,6850,
283;0;4068;4143;1;3,15,24,27,30,137,139,144,150,169,189,206,208,225,249,251,288,333,390,395,398,408,415,427,480,502,504,510,518,529,833,835,855,948,965,987,1048,1051,1089,1133,1145,1157,1233,1236,1281,1282,1291,1358,1478,1580,1587,1604,1725,1749,1805,1895,1935,1945,1970,1971,2018,2053,2258,2309,2407,2412,2419,2538,2765,3010,3028,3256,3703,3753,4471,4553,5493,5674,6657,6850,
283;1;4320;4449;1;3,15,24,30,100,137,139,144,150,169,189,206,208,225,251,288,390,395,398,438,480,518,766,767,770,833,834,835,838,854,855,863,948,949,965,1043,1048,1051,1145,1233,1236,1281,1358,1453,1478,1526,1527,1529,1580,1587,1604,1749,1935,2370,2407,2412,2626,2633,2661,2711,3459,3511,3512,3513,3516,3517,3518,3519,3520,3526,3527,3528,3529,3530,3531,3532,3533,3534,3753,4553,
123;0;4449;4561;1;3,15,24,30,100,137,139,144,150,152,169,189,206,208,225,251,288,366,390,395,398,438,480,497,499,518,547,766,767,770,833,834,835,838,854,855,863,948,949,962,965,1043,1048,1051,1145,1233,1236,1281,1358,1453,1463,1478,1526,1527,1529,1541,1580,1587,1604,1749,1935,2370,2407,2412,2626,2633,2661,2711,2860,3455,3456,3457,3459,3511,3512,3517,3531,3532,3753,4553,
123;1;4561;4670;1;3,15,24,30,100,137,139,144,150,152,169,189,206,208,225,251,278,288,366,390,395,398,438,480,497,499,515,518,547,766,767,770,833,834,835,838,854,855,863,948,949,962,965,1043,1048,1051,1145,1233,1236,1281,1358,1419,1453,1463,1478,1526,1527,1529,1541,1580,1587,1604,1749,1935,2370,2407,2412,2626,2633,2661,2711,2860,3455,3456,3457,3517,3531,3532,3753,4553,
325;0;4670;4835;1;3,24,30,100,137,139,144,152,169,189,206,208,225,251,288,390,395,398,438,497,518,704,766,770,833,834,838,854,855,862,948,949,962,1048,1051,1145,1233,1236,1281,1307,1358,1463,1478,1526,1527,1580,1587,1604,1749,1935,2407,2412,2468,2626,2661,2676,2711,2774,2775,3517,3531,3532,4604,4639,4641,4994,4995,4996,4997,4998,4999,5000,5002,5003,5004,5005,5006,5007,5008,5009,
325;1;4835;4908;1;3,24,30,100,137,139,144,152,169,189,206,208,225,251,288,390,395,398,438,497,518,704,766,770,833,834,838,854,855,862,948,949,962,1048,1051,1145,1233,1236,1281,1307,1358,1463,1478,1526,1527,1580,1587,1604,1749,1935,2407,2412,2468,2626,2661,2676,2711,2774,2775,3517,3531,3532,4604,4639,4641,4994,4995,4996,4997,4998,4999,5000,5002,5003,5004,5005,5006,5007,6145,8290,
74;0;4908;4970;1;3,24,30,100,137,139,144,145,152,169,189,206,208,225,251,288,390,395,398,438,497,518,704,766,770,833,834,838,854,855,862,948,949,962,1048,1051,1145,1233,1236,1281,1307,1358,1463,1478,1526,1527,1580,1587,1604,1749,1935,2407,2412,2468,2626,2661,2676,2711,2774,2775,2903,3517,3531,3532,4567,4600,4604,4639,4641,4994,4995,4996,4997,4998,4999,5000,5002,5003,5004,5005,
74;1;4970;5149;1;24,61,63,102,139,144,152,189,225,251,448,528,609,677,715,787,790,957,995,1050,1294,1390,1481,1531,1589,1980,1988,2036,2132,2149,2221,2315,2414,2444,2475,2567,2626,2638,2651,2661,2708,3136,3577,4003,4103,4114,4167,4168,4169,4170,4172,4225,4230,4567,4791,5525,5538,5539,5637,5722,5869,6022,6024,6311,6312,6313,6720,6723,6724,6725,7346,7347,8486,8551,8552,8644,8797,9032,9097,9203,
336;0;5149;5313;0;24,61,63,102,139,144,152,189,225,251,448,528,609,677,715,787,790,957,995,1050,1294,1390,1481,1531,1589,1980,1988,2036,2132,2149,2221,2315,2414,2444,2475,2567,2626,2638,2651,2661,2708,3136,3577,4003,4103,4114,4167,4168,4169,4170,4172,4225,4230,4567,4791,5525,5538,5539,5637,5722,5869,6022,6024,6311,6312,6313,6720,6723,6724,6725,7346,7347,8486,8551,8552,8644,8797,9032,9097,9203,
336;1;5313;5476;0;24,61,63,102,139,144,152,189,225,251,448,528,609,677,715,787,790,957,995,1050,1294,1390,1481,1531,1589,1980,1988,2036,2132,2149,2221,2315,2414,2444,2475,2567,2626,2638,2651,2661,2708,3136,3577,4003,4103,4114,4167,4168,4169,4170,4172,4225,4230,4567,4791,5525,5538,5539,5637,5722,5869,6022,6024,6311,6312,6313,6720,6723,6724,6725,7346,7347,8486,8551,8552,8644,8797,9032,9097,9203,
290;0;5476;5607;0;24,61,63,102,139,144,152,189,225,251,448,528,609,677,715,787,790,957,995,1050,1294,1390,1481,1531,1589,1980,1988,2036,2132,2149,2221,2315,2414,2444,2475,2567,2626,2638,2651,2661,2708,3136,3577,4003,4103,4114,4167,4168,4169,4170,4172,4225,4230,4567,4791,5525,5538,5539,5637,5722,5869,6022,6024,6311,6312,6313,6720,6723,6724,6725,7346,7347,8486,8551,8552,8644,8797,9032,9097,9203,
290;1;5607;5769;0;24,61,63,102,139,144,152,189,225,251,448,528,609,677,715,787,790,957,995,1050,1294,1390,1481,1531,1589,1980,1988,2036,2132,2149,2221,2315,2414,2444,2475,2567,2626,2638,2651,2661,2708,3136,3577,4003,4103,4114,4167,4168,4169,4170,4172,4225,4230,4567,4791,5525,5538,5539,5637,5722,5869,6022,6024,6311,6312,6313,6720,6723,6724,6725,7346,7347,8486,8551,8552,8644,8797,9032,9097,9203,
274;0;5769;5901;0;24,61,63,102,139,144,152,189,225,251,448,528,609,677,715,787,790,957,995,1050,1294,1390,1481,1531,1589,1980,1988,2036,2132,2149,2221,2315,2414,2444,2475,2567,2626,2638,2651,2661,2708,3136,3577,4003,4103,4114,4167,4168,4169,4170,4172,4225,4230,4567,4791,5525,5538,5539,5637,5722,5869,6022,6024,6311,6312,6313,6720,6723,6724,6725,7346,7347,8486,8551,8552,8644,8797,9032,9097,9203,
274;1;5901;6055;0;24,61,63,102,139,144,152,189,225,251,448,528,609,677,715,787,790,957,995,1050,1294,1390,1481,1531,1589,1980,1988,2036,2132,2149,2221,2315,2414,2444,2475,2567,2626,2638,2651,2661,2708,3136,3577,4003,4103,4114,4167,4168,4169,4170,4172,4225,4230,4567,4791,5525,5538,5539,5637,5722,5869,6022,6024,6311,6312,6313,6720,6723,6724,6725,7346,7347,8486,8551,8552,8644,8797,9032,9097,9203,
101;0;6055;6230;0;24,61,63,102,139,144,152,189,225,251,448,528,609,677,715,787,790,957,995,1050,1294,1390,1481,1531,1589,1980,1988,2036,2132,2149,2221,2315,2414,2444,2475,2567,2626,2638,2651,2661,2708,3136,3577,4003,4103,4114,4167,4168,4169,4170,4172,4225,4230,4567,4791,5525,5538,5539,5637,5722,5869,6022,6024,6311,6312,6313,6720,6723,6724,6725,7346,7347,8486,8551,8552,8644,8797,9032,9097,9203,
101;1;6230;6327;0;24,61,63,102,139,144,152,189,225,251,448,528,609,677,715,787,790,957,995,1050,1294,1390,1481,1531,1589,1980,1988,2036,2132,2149,2221,2315,2414,2444,2475,2567,2626,2638,2651,2661,2708,3136,3577,4003,4103,4114,4167,4168,4169,4170,4172,4225,4230,4567,4791,5525,5538,5539,5637,5722,5869,6022,6024,6311,6312,6313,6720,6723,6724,6725,7346,7347,8486,8551,8552,8644,8797,9032,9097,9203,
41;0;6327;6413;0;24,61,63,102,139,144,152,189,225,251,276,448,528,609,677,715,787,790,957,995,1050,1146,1294,1390,1481,1531,1589,1980,1988,2036,2132,2149,2221,2315,2414,2444,2475,2567,2626,2638,2651,2661,2708,3136,3577,4003,4103,4114,4167,4168,4169,4170,4172,4225,4230,4567,4791,5525,5538,5539,5637,5722,5869,6022,6024,6169,6171,6311,6312,6313,6720,6723,6724,6725,7346,7347,8486,8551,8644,9032,
41;1;6413;6593;0;24,38,55,61,102,139,144,189,225,244,251,276,397,400,428,528,677,715,787,871,872,873,874,995,1050,1142,1146,1242,1281,1304,1390,1456,1460,1461,1463,1481,1589,1590,1779,2036,2207,2305,2315,2493,2518,2626,2658,2661,2778,2816,3347,3409,4103,4114,4167,4168,4169,4170,4172,4334,4567,4627,4652,4740,5411,5525,5538,5539,5603,5604,5605,5637,5722,6022,6311,6312,6313,8551,8644,9032,
344;0;6593;6705;0;24,38,55,61,102,139,144,189,225,244,251,276,397,400,428,528,677,715,787,871,872,873,874,995,1050,1142,1146,1242,1281,1304,1390,1456,1460,1461,1463,1481,1589,1590,1779,2036,2207,2305,2315,2493,2518,2626,2658,2661,2778,2816,3347,3409,4103,4114,4167,4168,4169,4170,4172,4334,4567,4627,4652,4740,5411,5525,5538,5539,5603,5604,5605,5637,5722,6022,6311,6312,6313,8551,8644,9032,
344;1;6705;6853;0;24,38,55,61,102,139,144,189,225,244,251,276,397,400,428,528,677,715,787,871,872,873,874,995,1050,1142,1146,1242,1281,1304,1390,1456,1460,1461,1463,1481,1589,1590,1779,2036,2207,2305,2315,2493,2518,2626,2658,2661,2778,2816,3347,3409,4103,4114,4167,4168,4169,4170,4172,4334,4567,4627,4652,4740,5411,5525,5538,5539,5603,5604,5605,5637,5722,6022,6311,6312,6313,8551,8644,9032,
211;0;6853;7027;0;24,38,55,61,102,139,144,189,225,244,251,276,397,400,428,528,677,715,787,871,872,873,874,995,1050,1142,1146,1242,1281,1304,1390,1456,1460,1461,1463,1481,1589,1590,1779,2036,2207,2305,2315,2493,2518,2626,2658,2661,2778,2816,3347,3409,4103,4114,4167,4168,4169,4170,4172,4334,4567,4627,4652,4740,5411,5525,5538,5539,5603,5604,5605,5637,5722,6022,6311,6312,6313,8551,8644,9032,
211;1;7027;7103;0;24,38,55,61,102,139,144,189,225,244,251,276,397,400,428,528,677,715,787,871,872,873,874,995,1050,1142,1146,1242,1281,1304,1390,1456,1460,1461,1463,1481,1589,1590,1779,2036,2207,2305,2315,2493,2518,2626,2658,2661,2778,2816,3347,3409,4103,4114,4167,4168,4169,4170,4172,4334,4567,4627,4652,4740,5411,5525,5538,5539,5603,5604,5605,5637,5722,6022,6311,6312,6313,8551,8644,9032,
186;0;7200;7337;0;19,20,24,30,34,38,43,50,55,61,102,139,144,189,225,244,251,276,397,400,428,528,677,715,787,871,872,873,874,995,1050,1142,1146,1242,1281,1304,1390,1456,1460,1461,1463,1481,1589,1590,1779,2036,2168,2197,2207,2254,2255,2256,2315,2518,2626,2661,2778,3347,4103,4114,4167,4168,4169,4170,4172,4334,4627,4740,5525,5538,5539,5637,5722,6022,6311,6312,6313,8551,8644,9032,
186;1;7337;7446;0;19,20,24,30,34,38,43,50,55,61,102,137,139,144,189,225,244,251,276,286,291,303,312,397,400,428,528,591,677,715,787,871,872,873,874,905,995,1050,1071,1142,1146,1242,1281,1304,1390,1456,1460,1481,1589,2036,2051,2052,2315,2518,2626,2661,2778,3347,4103,4114,4167,4168,4169,4170,4172,4334,4627,4740,5525,5538,5539,5637,5722,6022,6311,6312,6313,8551,8644,9032,
171;0;7446;7591;0;19,20,24,30,34,38,55,61,102,137,139,144,189,225,244,251,276,286,291,303,312,397,400,528,591,677,715,787,871,872,905,995,1050,1146,1390,1481,1589,2036,2051,2052,2315,2518,2626,2661,2778,3178,3232,3347,3538,3665,3673,4103,4114,4167,4168,4169,4170,4172,4334,4627,4740,5088,5525,5538,5539,5637,5722,5984,5992,6022,6311,6312,6313,6468,6584,7154,8551,8644,8703,9032,
171;1;7591;7680;0;4,20,24,34,38,61,87,89,90,102,137,139,144,189,225,244,251,276,286,291,303,312,397,400,528,591,677,715,764,768,770,833,836,858,862,871,944,945,995,1050,1146,1151,1214,1390,1481,1515,1516,1517,1518,1519,1520,1521,1522,1523,1524,1525,1526,1527,2051,2052,2315,2626,2661,2778,3347,4334,4627,4740,5525,5538,5539,5637,5722,5984,6022,6311,6312,6313,8551,9032,
85;0;7680;7832;0;4,20,24,34,38,61,87,89,90,102,137,139,144,189,225,244,251,276,286,291,303,312,397,400,528,591,677,715,764,768,770,833,836,858,862,871,995,1050,1117,1146,1151,1165,1214,1363,1390,1478,1481,1519,1521,1944,2051,2052,2315,2386,2626,2661,2778,3347,3634,4334,4627,4740,5525,5538,5539,5637,5722,5725,5984,6022,6311,6312,6313,7470,7471,7472,7473,7474,8551,9032,
85;1;7832;7910;0;4,20,24,34,38,61,89,102,137,139,144,145,146,149,189,225,244,251,262,276,288,291,303,312,314,321,329,397,398,400,404,528,591,647,715,833,838,854,855,858,862,948,949,995,1050,1117,1118,1146,1151,1390,1478,1479,1481,1488,1513,1519,1521,1540,2051,2052,2315,2626,2661,2778,3347,3634,4334,4627,4968,5050,5525,5538,5539,5637,5646,5722,6022,6311,6312,6313,
5;0;7910;8070;0;24,139,144,145,187,189,192,225,244,251,260,273,276,277,290,291,321,382,400,491,495,518,549,591,715,875,921,948,949,1117,1177,1236,1293,1417,1469,1481,1501,1670,1675,1749,1756,1849,1973,2051,2216,2222,2432,2485,2645,2674,2679,2695,2723,2774,2775,2777,3263,3284,3920,4323,4357,4489,4511,4605,4606,4912,4913,5110,5206,5722,5882,6347,6348,6349,6350,6351,6352,6353,6766,7831,
5;1;8070;8136;0;24,139,144,145,187,189,192,225,244,251,260,273,276,277,290,291,321,382,400,491,495,518,549,591,715,875,921,948,949,1117,1177,1236,1293,1417,1469,1481,1501,1670,1675,1749,1756,1849,1973,2051,2216,2222,2432,2485,2645,2674,2679,2695,2723,2774,2775,2777,3263,3284,3920,4323,4357,4489,4511,4605,4606,4912,4913,5110,5206,5722,5882,6347,6348,6349,6350,6351,6352,6353,6766,7831,
32;0;8136;8292;0;24,139,144,145,187,189,192,225,244,251,260,273,276,277,290,291,321,382,400,491,495,518,549,591,715,875,921,948,949,1117,1177,1236,1293,1417,1469,1481,1501,1670,1675,1749,1756,1849,1973,2051,2216,2222,2432,2485,2645,2674,2679,2695,2723,2774,2775,2777,3263,3284,3920,4323,4357,4489,4511,4605,4606,4912,4913,5110,5206,5722,5882,6347,6348,6349,6350,6351,6352,6353,6766,7831,
32;1;8292;8353;0;24,139,144,145,187,189,192,225,244,251,260,273,276,277,290,291,321,382,400,491,495,518,549,591,715,875,921,948,949,1117,1177,1236,1293,1417,1469,1481,1501,1670,1675,1749,1756,1849,1973,2051,2216,2222,2432,2485,2645,2674,2679,2695,2723,2774,2775,2777,3263,3284,3920,4323,4357,4489,4511,4605,4606,4912,4913,5110,5206,5722,5882,6347,6348,6349,6350,6351,6352,6353,6766,7831,
280;0;8353;8483;0;24,139,144,145,187,189,192,225,244,251,260,273,276,277,290,291,321,382,400,491,495,518,549,591,715,875,921,948,949,1117,1177,1236,1293,1417,1469,1481,1501,1670,1675,1749,1756,1849,1973,2051,2216,2222,2432,2485,2645,2674,2679,2695,2723,2774,2775,2777,3263,3284,3920,4323,4357,4489,4511,4605,4606,4912,4913,5110,5206,5722,5882,6347,6348,6349,6350,6351,6352,6353,6766,7831,
280;1;8640;8724;0;24,74,79,113,139,144,145,187,189,192,225,244,251,260,273,276,277,290,291,321,382,400,491,495,497,518,549,578,591,715,875,921,948,949,979,1117,1177,1196,1236,1293,1417,1469,1481,1501,1670,1675,1749,1756,1849,1898,1936,1973,2051,2216,2222,2432,2485,2645,2679,2723,2774,2775,2777,3022,3263,3284,3627,3796,3870,3920,4294,4323,4605,4606,5058,5100,5206,5496,5722,7831,
31;0;8724;8900;0;24,74,79,113,139,144,145,187,189,192,225,244,251,260,273,276,277,290,291,321,382,390,400,405,491,495,497,518,549,578,591,715,875,921,948,949,979,1117,1177,1196,1236,1293,1417,1469,1481,1501,1670,1675,1749,1756,1849,1898,1936,1973,2051,2216,2222,2432,2645,2679,2723,2774,2775,2777,3022,3034,3263,3284,3920,4323,4605,4606,5100,5109,5206,5505,5506,5507,5722,7831,
31;1;8900;8934;0;24,74,79,113,139,144,145,169,187,189,192,208,225,244,251,260,273,276,277,290,291,321,382,390,400,405,486,491,495,497,518,549,578,591,715,875,921,948,949,979,1117,1177,1196,1236,1293,1417,1469,1481,1501,1580,1756,1898,1935,1936,1973,2222,2306,2412,2432,2645,2679,2723,2774,2775,2777,2830,3022,3034,3263,3284,3920,4323,4383,4453,4605,4606,5100,5206,5722,7831,
152;0;8934;9102;0;24,74,79,113,139,144,145,169,187,189,192,208,225,244,251,260,273,276,277,290,291,321,377,382,390,400,405,429,486,578,591,715,921,948,949,979,1052,1117,1177,1196,1236,1293,1417,1469,1474,1481,1580,1668,1671,1756,1898,1935,1973,2222,2306,2432,2645,2679,2723,2774,2775,2777,3022,3034,3263,3284,3517,3920,4323,4605,4606,4804,4859,5100,5206,5722,6129,6130,7683,7831,
152;1;9102;9141;0;24,79,100,102,139,144,145,187,208,225,251,273,276,277,290,291,299,321,377,382,390,400,405,429,591,607,715,765,948,949,1117,1177,1196,1236,1293,1417,1469,1474,1481,1580,1668,1756,1935,1973,2222,2318,2432,2645,2679,2683,2723,2774,2775,2777,3015,3022,3034,3263,3284,3920,4605,4606,4608,4859,5206,5392,5525,5530,5538,5637,5722,6022,6225,6309,6310,6311,6312,6313,6449,6746,
138;0;9141;9187;0;24,48,79,100,139,144,145,187,208,225,251,273,276,277,290,291,321,377,382,390,400,405,429,591,607,715,765,948,949,973,1013,1047,1117,1177,1196,1236,1261,1293,1417,1469,1474,1481,1580,1650,1668,1756,1935,1973,2222,2270,2432,2645,2679,2683,2723,2774,2775,2777,3022,3034,3263,3284,3920,4605,4606,4859,5206,5278,5279,5280,5525,5538,5637,5722,6022,6225,6309,6311,6312,6313,
138;1;9187;9344;0;24,48,79,100,139,144,145,187,208,225,251,273,276,277,290,291,321,377,382,390,400,405,429,591,607,715,765,948,949,973,1117,1177,1196,1236,1289,1293,1417,1469,1474,1481,1580,1668,1756,1935,1973,2222,2233,2407,2432,2645,2679,2683,2723,2774,2775,2777,3022,3034,3263,3284,3700,3920,3942,4431,4605,4606,4859,5206,5320,5525,5538,5637,5722,6022,6225,6309,6311,6312,6313,6957,
245;0;9344;9422;0;24,34,54,79,100,104,144,145,190,202,206,208,225,276,277,297,321,377,390,400,429,438,506,519,607,834,854,931,947,948,949,1151,1168,1272,1283,1417,1469,1519,1528,1558,1674,1973,1994,2152,2432,2491,2645,2667,2723,2737,2774,2983,3022,3345,3531,3615,3638,3861,4334,4400,5099,5263,5375,5376,5456,5656,5774,5841,6022,6441,6742,7320,7397,7399,7463,7469,8022,8095,8303,8578,
245;1;9422;9541;0;24,34,54,79,100,104,144,145,190,202,206,208,225,276,277,297,321,377,390,400,429,438,506,519,607,834,854,931,947,948,949,1151,1168,1272,1283,1417,1469,1519,1528,1558,1674,1973,1994,2152,2432,2491,2645,2667,2723,2737,2774,2983,3022,3345,3531,3615,3638,3861,4334,4400,5099,5263,5375,5376,5456,5656,5774,5841,6022,6441,6742,7320,7397,7399,7463,7469,8022,8095,8303,8578,
377;0;9541;9575;0;24,34,54,79,100,104,144,145,190,202,206,208,225,276,277,297,321,377,390,400,429,438,506,519,607,834,854,931,947,948,949,1151,1168,1272,1283,1417,1469,1519,1528,1558,1674,1973,1994,2152,2432,2491,2645,2667,2723,2737,2774,2983,3022,3345,3531,3615,3638,3861,4334,4400,5099,5263,5375,5376,5456,5656,5774,5841,6022,6441,6742,7320,7397,7399,7463,7469,8022,8095,8303,8578,
377;1;9575;9735;0;24,34,54,79,100,104,144,145,190,202,206,208,225,276,277,297,321,377,390,400,429,438,506,519,607,834,854,931,947,948,949,1151,1168,1272,1283,1417,1469,1519,1528,1558,1674,1973,1994,2152,2432,2491,2645,2667,2723,2737,2774,2983,3022,3345,3531,3615,3638,3861,4334,4400,5099,5263,5375,5376,5456,5656,5774,5841,6022,6441,6742,7320,7397,7399,7463,7469,8022,8095,8303,8578,
273;0;10080;10230;0;24,34,54,79,100,104,137,144,145,190,202,206,208,225,276,277,288,297,314,321,329,377,390,395,400,429,438,506,519,607,647,834,854,855,891,931,947,948,949,1148,1151,1168,1272,1283,1417,1469,1479,1488,1519,1528,1540,1558,1604,1674,1973,1994,2152,2432,2491,2544,2645,2667,2696,2723,2774,3130,3258,3615,3861,4428,4818,5099,5217,5218,5219,5220,5221,5222,5223,7463,
273;1;10230;10269;0;24,34,54,79,100,104,137,144,145,190,202,206,208,225,231,276,277,288,297,314,316,321,329,377,390,395,400,404,429,438,506,519,607,640,647,834,838,854,855,891,931,948,949,1027,1118,1148,1151,1469,1476,1478,1479,1480,1604,1669,1674,1809,1811,1821,1973,2128,2432,2645,2723,2774,2951,3615,3634,3861,4503,4654,4718,5099,5439,5767,6187,6188,6189,6190,6191,7463,
253;0;10269;10361;0;1,24,34,54,79,100,137,144,145,208,225,231,277,288,297,314,321,329,390,395,400,404,429,438,607,640,647,838,854,855,891,948,949,1093,1118,1148,1151,1171,1233,1234,1397,1469,1476,1478,1479,1480,1502,1604,1674,1682,1809,1811,1973,2109,2134,2432,2508,2645,2723,2774,2821,2926,2951,3267,3278,4832,4857,4889,4897,4925,5237,5239,5240,5246,5377,6101,6102,6103,6104,7463,
253;1;10361;10455;0;1,8,24,34,54,79,100,137,144,145,208,225,231,277,288,297,314,321,329,390,391,395,398,400,404,429,438,607,640,645,647,648,838,854,855,891,948,949,1093,1118,1146,1148,1151,1171,1233,1234,1397,1468,1469,1473,1476,1478,1479,1480,1502,1604,1674,1682,1809,1811,1933,1973,2102,2108,2109,2134,2432,2458,2508,2645,2723,2774,2821,2926,2951,3267,3278,4857,6101,7463,
184;0;10455;10579;0;1,8,137,138,144,208,225,228,229,231,233,234,240,242,245,266,275,277,302,321,390,395,400,404,429,430,607,612,640,645,647,818,827,838,854,891,911,948,1075,1099,1146,1148,1151,1309,1469,1472,1476,1604,1623,1661,1667,1674,1811,1843,1933,1973,2103,2299,2432,2435,2440,2645,3112,3639,3640,3641,3642,3643,3644,3645,3646,3647,3648,3649,3650,3651,3652,3653,3654,3655,
184;1;10579;10639;0;1,8,137,138,144,208,225,228,229,231,233,234,240,242,245,266,275,277,302,321,390,395,400,404,429,430,607,612,640,645,647,818,827,838,854,891,911,948,1075,1099,1146,1148,1151,1309,1469,1472,1476,1604,1623,1661,1667,1674,1811,1843,1933,1973,2103,2299,2432,2435,2440,2645,3112,3639,3640,3641,3642,3643,3644,3645,3646,3647,3648,3649,3650,8484,8498,8499,8500,8501,
1038;0;10639;10819;0;1,3,93,143,144,148,225,231,277,295,323,390,394,400,404,644,647,773,849,946,948,1055,1149,1167,1210,1361,1469,1476,1535,1603,1604,1674,1735,1737,1738,1740,1741,1742,1743,1744,1745,1748,1750,1751,1752,1753,1754,1755,1757,1760,1762,1764,1765,1767,1769,1770,1771,1811,1812,1814,2586,2603,2645,2646,3250,3259,3630,4370,4816,6415,6416,7056,7057,7058,7299,7837,8170,8171,8322,8566,
998;0;10819;10995;0;1,3,93,143,144,148,225,231,277,295,323,390,394,400,404,644,647,773,849,946,948,1055,1149,1167,1210,1361,1469,1476,1535,1603,1604,1674,1735,1737,1738,1740,1741,1742,1743,1744,1745,1748,1750,1751,1752,1753,1754,1755,1757,1760,1762,1764,1765,1767,1769,1770,1771,1811,1812,1814,2586,2603,2645,2646,3250,3259,3630,4370,4816,6415,6416,7056,7057,7058,7299,7837,8170,8171,8322,8566,
172;0;10995;11079;0;1,3,93,143,144,148,225,231,277,295,323,390,394,400,404,644,647,773,849,946,948,1055,1149,1167,1210,1361,1469,1476,1535,1603,1604,1674,1735,1737,1738,1740,1741,1742,1743,1744,1745,1748,1750,1751,1752,1753,1754,1755,1757,1760,1762,1764,1765,1767,1769,1770,1771,1811,1812,1814,2586,2603,2645,2646,3250,3259,3630,4370,4816,6415,6416,7056,7057,7058,7299,7837,8170,8171,8322,8566,
172;1;11520;11611;0;1,3,93,143,144,148,225,231,277,295,323,390,394,400,404,644,647,693,773,849,946,948,1055,1149,1167,1210,1361,1469,1476,1535,1603,1604,1674,1735,1737,1738,1740,1741,1742,1743,1744,1745,1748,1750,1751,1752,1753,1754,1755,1757,1760,1762,1764,1765,1767,1769,1770,1771,1811,1812,1814,2586,2603,2645,2646,3037,3250,3259,3630,4033,4370,4816,5379,6415,6416,7056,7057,7058,7299,8171,
56;0;11611;11642;0;1,3,5,93,95,137,143,144,148,225,231,277,295,308,323,390,394,395,400,404,644,647,693,773,838,849,854,891,946,948,1053,1055,1145,1146,1148,1149,1150,1151,1167,1210,1361,1469,1476,1535,1603,1604,1674,1735,1737,1738,1740,1741,1742,1743,1744,1745,1748,1750,1751,1752,1753,1754,1755,1757,1760,1762,1764,1765,1767,1769,1770,1771,1811,1812,1814,2645,3630,4033,5379,8171,
56;1;11642;11785;0;1,3,5,93,95,137,143,144,148,225,231,277,295,308,321,323,390,394,395,400,404,644,647,693,773,838,849,854,891,946,948,1053,1055,1145,1146,1148,1149,1150,1151,1167,1210,1361,1469,1476,1535,1603,1604,1674,1735,1737,1738,1740,1741,1742,1743,1744,1745,1748,1750,1751,1752,1753,1754,1755,1757,1760,1762,1764,1765,1767,1814,2645,3337,3630,4033,5379,7712,7720,7721,8171,
229;0;11785;11881;0;1,3,5,93,95,137,143,144,148,225,231,277,295,308,321,323,390,394,395,400,404,526,644,647,693,773,838,849,854,891,946,948,1053,1055,1145,1146,1148,1149,1150,1151,1167,1210,1361,1469,1476,1535,1603,1604,1674,1735,1737,1738,1740,1741,1742,1743,1744,1745,1748,1750,1751,1752,1753,1754,1755,1757,1760,1762,1764,1765,1767,1814,2645,3122,3337,3348,3630,4033,5379,8171,
229;1;11881;11958;0;1,3,5,93,95,137,143,144,148,225,231,277,295,308,321,323,390,394,395,397,400,404,526,644,647,693,773,838,849,854,891,946,948,1053,1055,1145,1146,1148,1149,1150,1151,1167,1210,1361,1469,1476,1521,1535,1603,1604,1674,1735,1737,1738,1740,1741,1742,1743,1744,1745,1748,1750,1751,1752,1753,1754,1755,1757,1760,1762,1764,1765,1767,1814,2645,3348,3630,4033,5379,8171,
1155;0;11958;12130;0;1,3,5,60,61,93,95,137,143,144,148,208,225,231,277,295,308,321,323,390,394,395,397,400,404,526,644,647,693,773,838,849,854,891,946,948,1053,1055,1145,1146,1148,1149,1150,1151,1167,1210,1361,1469,1476,1521,1535,1603,1604,1674,1735,1737,1738,1740,1741,1742,1743,1744,1745,1748,1750,1751,1752,1753,1754,1755,1762,1814,2645,3347,3348,3630,4033,5379,8171,8546,
191;0;12130;12203;0;1,3,4,5,8,60,61,93,95,137,143,144,148,208,225,231,241,277,295,308,321,323,390,391,394,395,397,400,404,526,640,644,647,693,773,838,849,854,891,946,948,1053,1055,1145,1146,1148,1149,1150,1151,1167,1210,1361,1401,1469,1472,1476,1521,1535,1603,1604,1674,1735,1737,1738,1740,1741,1742,1751,1762,1814,2104,2645,2716,3348,3630,4033,5379,5588,5911,8171,
191;1;12203;12300;0;1,3,4,8,25,34,46,52,60,79,93,95,126,127,128,137,141,144,147,148,149,198,225,231,241,262,277,288,295,321,359,390,391,395,404,413,551,640,644,759,838,854,948,962,1048,1051,1054,1121,1145,1146,1358,1361,1476,1587,1604,1667,1726,1751,1814,1853,1858,1941,1946,1947,2034,2035,2315,2583,2645,2842,3304,3630,3999,4122,5290,5314,5379,5477,5478,8171,
960;0;12300;12469;0;1,3,4,8,25,34,46,52,60,79,93,95,126,127,128,137,141,144,147,148,149,198,225,231,241,262,277,288,295,321,359,390,391,395,404,413,551,640,644,759,838,854,948,962,1048,1051,1054,1121,1145,1146,1358,1361,1476,1587,1604,1667,1726,1751,1814,1853,1858,1941,1946,1947,2034,2035,2315,2583,2645,2842,3304,3630,3999,4122,5290,5314,5379,5477,5478,8171,
272;0;12469;12565;0;1,3,4,8,25,34,46,52,60,79,93,95,126,127,128,137,141,144,147,148,149,198,225,231,241,262,277,288,295,321,359,390,391,395,404,413,551,640,644,759,838,854,948,962,1048,1051,1054,1121,1145,1146,1358,1361,1476,1587,1604,1667,1726,1751,1814,1853,1858,1941,1946,1947,2034,2035,2315,2583,2645,2842,3304,3630,3999,4122,5290,5314,5379,5477,5478,8171,
272;1;12960;13029;0;1,3,4,8,10,34,52,60,93,95,117,137,144,148,149,198,225,231,241,262,277,288,295,321,390,391,395,404,640,644,719,838,854,948,949,1068,1121,1146,1172,1346,1358,1361,1476,1587,1667,1751,1875,1947,2091,2338,2645,2711,2723,2774,2778,3630,4581,4604,4627,4628,4629,4630,4631,4632,4633,4634,4635,4636,4637,4638,4639,4640,4641,4642,4643,4644,4645,4646,5379,8171,
952;0;13029;13193;0;1,3,4,8,10,34,52,60,93,95,117,137,144,148,149,198,225,231,241,262,277,288,291,295,321,351,390,391,395,404,640,644,715,719,838,854,948,949,1068,1121,1146,1172,1346,1358,1361,1476,1587,1667,1751,1875,1947,2091,2338,2546,2628,2645,2678,2679,2711,2723,2774,2778,3291,3630,3698,4581,4604,4627,4628,4629,4630,4639,4641,4643,4803,5209,5379,7838,8171,8174,
145;0;13193;13334;0;1,3,4,8,10,34,52,60,93,95,117,137,144,148,149,198,225,231,241,262,277,288,291,295,321,351,390,391,395,404,410,458,640,644,715,719,739,838,854,948,949,1068,1085,1087,1121,1146,1172,1327,1346,1358,1361,1476,1587,1667,1723,1751,1875,2091,2482,2483,2628,2645,2678,2679,2774,2778,3291,3630,3698,3734,3778,3877,4604,4627,4639,4641,4643,5379,7592,7593,
145;1;13334;13356;0;1,3,4,8,10,34,52,60,93,95,100,117,137,144,148,149,198,225,231,241,262,277,288,291,295,321,351,390,391,395,398,404,410,458,640,644,715,719,739,838,854,948,949,1068,1085,1087,1121,1146,1172,1327,1346,1358,1361,1474,1476,1587,1667,1723,1751,1875,2091,2628,2645,2649,2678,2679,2774,2778,3291,3630,3698,3877,4604,4627,4639,4641,4643,5379,6114,7215,
816;0;13356;13517;0;1,3,4,8,34,52,60,93,95,100,137,144,148,149,198,225,231,241,262,277,288,291,293,295,321,351,390,391,395,398,404,458,640,644,691,715,766,769,835,838,854,855,858,898,948,949,1121,1146,1172,1358,1361,1474,1476,1587,1667,1751,2091,2354,2594,2628,2637,2645,2678,2679,2774,2778,3152,3291,3618,3630,3698,3877,4371,4604,4627,4639,4641,4643,5379,5627,
363;0;13517;13545;0;1,3,4,8,34,52,60,93,95,100,137,139,144,148,149,198,225,231,241,262,277,288,291,295,301,321,351,390,391,395,398,404,458,640,644,715,838,854,855,948,949,1093,1121,1146,1172,1358,1361,1474,1476,1478,1587,1608,1667,1751,1809,2091,2222,2628,2645,2678,2679,2774,2778,2961,3293,3630,3698,3877,4371,4535,4553,4604,4627,4639,4641,4643,5379,6101,6107,7883,
363;1;13545;13677;0;1,3,4,8,24,27,34,52,60,95,100,137,139,144,148,149,198,225,231,241,262,277,288,291,295,321,351,390,391,395,398,404,458,501,515,640,644,715,838,854,855,948,949,1093,1121,1146,1172,1277,1322,1361,1474,1476,1478,1587,1667,1751,1809,2091,2645,2678,2679,2774,2778,2961,3080,3293,3515,3630,3698,3721,3753,3877,4553,4604,4627,4639,4641,4643,5379,7994,
337;0;13677;13765;0;3,8,24,139,142,144,148,149,262,275,289,321,390,391,395,398,404,405,429,632,640,644,645,646,648,854,855,911,948,1056,1062,1093,1118,1134,1146,1196,1361,1424,1434,1502,1587,1687,1751,1759,1808,1816,2102,2106,2155,2223,2224,2961,3034,3061,3876,6360,7009,7137,7167,7168,7169,7170,7171,7172,7173,7174,7175,7176,7177,7178,7179,7180,7181,7182,7183,7248,7249,7250,7251,8354,
337;1;13765;13834;0;3,8,24,139,142,144,148,149,262,275,289,321,390,391,395,398,404,405,429,632,640,644,645,646,648,854,855,911,948,1056,1062,1093,1118,1134,1146,1196,1361,1424,1434,1502,1587,1687,1751,1759,1808,1816,2102,2106,2155,2223,2224,2961,3034,3061,3876,6360,7009,7137,7167,7168,7169,7170,7171,7172,7173,7174,7175,7176,7177,7178,7179,7180,7181,7182,7183,7248,7249,7250,7251,8354,
1162;0;13834;13990;0;3,8,24,139,142,144,148,149,262,275,289,321,390,391,395,398,404,405,429,632,640,644,645,646,648,854,855,911,948,1056,1062,1093,1118,1134,1146,1196,1361,1424,1434,1502,1587,1687,1751,1759,1808,1816,2102,2106,2155,2223,2224,2961,3034,3061,3876,6360,7009,7137,7167,7168,7169,7170,7171,7172,7173,7174,7175,7176,7177,7178,7179,7180,7181,7182,7183,7248,7249,7250,7251,8354,
361;0;13990;14078;0;3,8,24,139,142,144,148,149,262,275,289,321,390,391,395,398,404,405,429,632,640,644,645,646,648,854,855,911,948,1056,1062,1093,1118,1134,1146,1196,1361,1424,1434,1502,1587,1687,1751,1759,1808,1816,2102,2106,2155,2223,2224,2961,3034,3061,3876,6360,7009,7137,7167,7168,7169,7170,7171,7172,7173,7174,7175,7176,7177,7178,7179,7180,7181,7182,7183,7248,7249,7250,7251,8354,
361;1;14078;14144;0;3,8,24,139,142,144,148,149,262,275,289,321,390,391,395,398,404,405,429,632,640,644,645,646,648,854,855,911,948,1056,1062,1093,1118,1134,1146,1196,1361,1424,1434,1502,1587,1687,1751,1759,1808,1816,2102,2106,2155,2223,2224,2961,3034,3061,3876,6360,7009,7137,7167,7168,7169,7170,7171,7172,7173,7174,7175,7176,7177,7178,7179,7180,7181,7182,7183,7248,7249,7250,7251,8354,
1013;0;14400;14552;0;3,8,24,89,139,142,144,148,149,262,275,289,321,390,391,395,398,404,405,429,632,640,644,645,646,648,854,855,911,948,1056,1062,1093,1118,1134,1146,1196,1361,1424,1434,1481,1502,1587,1687,1751,1759,1808,1816,1916,2102,2106,2155,2223,2224,2961,3034,3061,3619,3876,6360,7009,7137,7167,7168,7169,7170,7171,7172,7173,7174,7175,7176,7459,7460,7461,7462,7463,7464,7465,8354,
884;0;14552;14704;0;3,8,24,89,139,142,144,148,149,262,275,289,321,390,391,395,398,404,405,429,632,640,644,645,646,648,854,855,911,948,1056,1062,1093,1118,1134,1146,1196,1361,1424,1434,1481,1502,1587,1687,1751,1759,1808,1816,1916,2102,2106,2155,2223,2224,2961,3034,3061,3619,3876,6360,7009,7137,7167,7168,7169,7170,7171,7172,7173,7174,7175,7176,7459,7460,7461,7465,7953,7954,8275,8354,
815;0;14704;14855;0;3,8,24,89,97,139,142,144,148,149,225,262,267,275,277,289,291,295,303,305,310,312,313,314,321,390,391,395,398,404,405,429,438,632,640,644,645,646,648,854,855,911,948,1056,1062,1093,1118,1134,1146,1171,1196,1361,1424,1434,1481,1502,1587,1687,1751,1759,1808,1816,1916,2102,2106,2107,2155,2223,2224,2244,2462,3034,3061,5144,5153,5154,5155,6360,7465,8354,
1079;0;14855;15005;0;3,8,24,89,95,97,100,137,139,142,144,148,149,225,262,267,275,277,288,289,291,295,303,305,310,312,313,314,321,322,379,382,390,391,395,398,404,405,429,438,632,640,644,645,646,648,854,855,911,948,1056,1062,1118,1134,1146,1171,1196,1236,1424,1478,1481,1587,1816,2052,2107,2250,2697,2951,3034,3061,3260,3284,3698,4469,4470,4471,4472,6360,7465,8354,
3;0;15005;15102;0;3,8,24,89,95,97,100,137,139,142,144,149,225,262,267,277,288,289,303,305,313,314,321,390,391,395,398,404,429,640,644,645,704,854,855,862,911,948,1056,1118,1134,1146,1196,1307,1424,1478,1481,1587,1816,2107,2468,2676,2774,2775,3034,3061,3284,3532,4470,4604,4639,4641,4994,4995,4996,4997,4998,4999,5000,5001,5002,5003,5004,5005,5006,5007,5008,6360,7465,8354,
3;1;15102;15154;0;88,100,137,144,177,178,179,180,181,182,183,184,225,231,304,351,429,666,694,833,1095,1390,1481,1530,2028,2070,2337,2626,2653,2661,2683,2774,2777,2778,2802,2807,2812,3263,3663,3677,3679,3686,3690,3948,3949,3950,3951,4600,4605,4606,5025,5082,5259,5432,5525,5538,5539,5637,5722,6003,6004,6005,6006,6007,6008,6009,6010,6011,6012,6013,6029,6311,6312,6313,6562,7414,7415,7453,9046,9047,
968;0;15154;15298;0;88,100,137,144,177,178,179,180,181,182,183,184,225,231,304,351,429,666,694,833,1095,1390,1481,1530,2028,2070,2337,2626,2653,2661,2683,2774,2777,2778,2802,2807,2812,3263,3663,3677,3679,3686,3690,3948,3949,3950,3951,4600,4605,4606,5025,5082,5259,5432,5525,5538,5539,5637,5722,6003,6004,6005,6006,6007,6008,6009,6010,6011,6012,6013,6029,6311,6312,6313,6562,7414,7415,7453,9046,9047,
147;0;15298;15331;0;88,100,137,144,177,178,179,180,181,182,183,184,225,231,304,351,429,666,694,833,1095,1390,1481,1530,2028,2070,2337,2626,2653,2661,2683,2774,2777,2778,2802,2807,2812,3263,3663,3677,3679,3686,3690,3948,3949,3950,3951,4600,4605,4606,5025,5082,5259,5432,5525,5538,5539,5637,5722,6003,6004,6005,6006,6007,6008,6009,6010,6011,6012,6013,6029,6311,6312,6313,6562,7414,7415,7453,9046,9047,
147;1;15331;15440;0;88,100,137,144,177,178,179,180,181,182,183,184,225,231,304,351,429,666,694,833,1095,1390,1481,1530,2028,2070,2337,2626,2653,2661,2683,2774,2777,2778,2802,2807,2812,3263,3663,3677,3679,3686,3690,3948,3949,3950,3951,4600,4605,4606,5025,5082,5259,5432,5525,5538,5539,5637,5722,6003,6004,6005,6006,6007,6008,6009,6010,6011,6012,6013,6029,6311,6312,6313,6562,7414,7415,7453,9046,9047,
1235;0;15440;15577;0;88,100,137,144,177,178,179,180,181,182,183,184,225,231,304,351,429,666,694,833,1095,1390,1481,1530,2028,2070,2337,2626,2653,2661,2683,2774,2777,2778,2802,2807,2812,3263,3663,3677,3679,3686,3690,3948,3949,3950,3951,4600,4605,4606,5025,5082,5259,5432,5525,5538,5539,5637,5722,6003,6004,6005,6006,6007,6008,6009,6010,6011,6012,6013,6029,6311,6312,6313,6562,7414,7415,7453,9046,9047,
888;0;15577;15711;0;88,100,137,144,177,178,179,180,181,182,183,184,225,231,304,351,429,666,694,833,1095,1390,1481,1530,2028,2070,2337,2626,2653,2661,2683,2774,2777,2778,2802,2807,2812,3263,3663,3677,3679,3686,3690,3948,3949,3950,3951,4600,4605,4606,5025,5082,5259,5432,5525,5538,5539,5637,5722,6003,6004,6005,6006,6007,6008,6009,6010,6011,6012,6013,6029,6311,6312,6313,6562,7414,7415,7453,9046,9047,
Machine: 5
1116;0;0;20;1;18,19,21,34,37,46,55,137,139,144,185,202,205,206,212,225,262,271,277,304,396,400,434,438,444,591,647,660,791,838,868,927,948,964,1011,1049,1052,1117,1313,1354,1424,1431,1463,1474,1481,1515,1516,1669,1671,1752,1803,1921,2168,2197,2613,2695,2937,2966,3037,3264,3616,3665,4392,4393,4394,4395,4396,4397,4398,4399,4400,4401,4402,4403,5088,5471,5846,6244,7658,8702,
65;0;20;30;1;18,19,21,34,37,46,55,137,139,144,185,202,205,206,212,225,262,271,277,304,396,400,434,438,444,591,647,660,791,838,868,927,948,964,1011,1049,1052,1117,1313,1354,1424,1431,1463,1474,1481,1515,1516,1669,1671,1752,1803,1921,2168,2197,2613,2695,2937,2966,3037,3264,3616,3665,4392,4393,4394,4395,4396,4397,4398,4399,4400,4401,4402,4403,5088,5471,5846,6244,7658,8702,
65;1;30;63;1;18,19,21,34,37,46,55,137,139,144,185,202,205,206,212,225,262,271,277,304,396,400,434,438,444,591,647,660,791,838,868,927,948,964,1011,1049,1052,1117,1313,1354,1424,1431,1463,1474,1481,1515,1516,1669,1671,1752,1803,1921,2168,2197,2613,2695,2937,2966,3037,3264,3616,3665,4392,4393,4394,4395,4396,4397,4398,4399,4400,4401,4402,4403,5088,5471,5846,6244,7658,8702,
1165;0;63;111;1;18,19,21,34,37,46,55,137,139,144,185,202,205,206,212,225,262,271,277,304,396,400,434,438,444,591,647,660,791,838,868,927,948,964,1011,1049,1052,1117,1313,1354,1424,1431,1463,1474,1481,1515,1516,1669,1671,1752,1803,1921,2168,2197,2613,2695,2937,2966,3037,3264,3616,3665,4392,4393,4394,4395,4396,4397,4398,4399,4400,4401,4402,4403,5088,5471,5846,6244,7658,8702,
893;0;111;163;1;18,19,21,34,37,46,55,137,139,144,185,202,205,206,212,225,262,271,277,304,396,400,434,438,444,591,647,660,791,838,868,927,948,964,1011,1049,1052,1117,1313,1354,1424,1431,1463,1474,1481,1515,1516,1669,1671,1752,1803,1921,2168,2197,2613,2695,2937,2966,3037,3264,3616,3665,4392,4393,4394,4395,4396,4397,4398,4399,4400,5088,6244,7658,8702,8703,8704,8705,8706,8707,
788;0;163;220;1;18,34,55,117,137,139,144,145,202,205,206,225,231,262,277,288,304,329,377,396,397,400,429,434,591,647,838,839,901,927,948,1049,1117,1118,1308,1424,1463,1474,1481,1515,1669,1671,1752,1803,1809,1915,2091,2197,2504,2573,2645,2774,2775,2777,2778,3037,3263,3435,3665,4605,4606,4612,4759,4761,4822,5191,5299,5492,5665,5890,5891,5892,5899,5901,6126,6362,6363,6364,6366,6367,
239;0;220;250;1;18,34,55,117,137,139,144,145,202,205,206,225,231,262,277,288,304,329,377,396,397,400,404,429,434,591,640,647,838,839,901,927,948,1049,1117,1118,1308,1398,1424,1463,1472,1474,1478,1481,1515,1669,1671,1752,1803,1809,1915,1916,2091,2197,2504,2573,2645,2774,2775,2777,2778,3037,3263,3435,3665,4391,4605,4606,4612,4759,4761,4822,5191,5299,5492,5665,5890,5891,5892,5899,
239;1;250;280;1;18,34,54,55,117,137,139,144,145,202,205,206,225,231,262,277,288,304,329,377,396,397,400,404,429,434,528,591,640,647,838,839,901,927,948,1049,1117,1118,1293,1308,1398,1424,1463,1472,1474,1478,1481,1515,1669,1671,1752,1803,1809,1915,1916,2091,2197,2220,2417,2504,2573,2645,2774,2775,2777,2778,3037,3263,3435,3665,4391,4450,4605,4606,4612,4759,4761,4822,5191,5890,
263;0;280;331;1;18,34,54,55,87,102,117,137,139,144,145,202,205,206,225,231,262,277,288,304,329,377,396,397,400,404,429,434,528,591,640,647,838,854,855,901,927,948,1049,1117,1118,1293,1398,1463,1472,1474,1478,1481,1515,1669,1671,1752,1803,1809,1915,2091,2197,2318,2417,2627,2645,2679,2692,2774,2775,2777,2778,2986,3037,3131,3263,3291,3292,3665,4450,4606,4747,4791,5890,6248,
263;1;331;342;1;18,34,55,117,137,139,144,145,177,178,179,184,202,205,206,225,231,234,262,267,277,288,303,304,305,308,311,312,314,316,321,329,377,396,397,400,404,429,434,528,591,640,647,838,854,855,901,948,1049,1117,1118,1293,1398,1463,1474,1478,1481,1669,1671,1752,1803,1809,1915,2091,2197,2318,2627,2645,2679,2692,2774,2775,2777,2778,3037,3263,3291,3665,4606,4747,
939;0;342;417;1;18,34,55,117,137,139,144,145,149,177,178,179,184,202,205,206,225,231,234,262,267,277,288,305,308,314,321,329,377,396,397,400,404,429,528,591,640,647,838,854,855,901,948,1049,1117,1118,1293,1398,1463,1474,1478,1480,1481,1521,1669,1671,1752,1803,1809,1915,1978,2091,2197,2318,2627,2645,2679,2692,2774,2775,2777,2778,3037,3263,3291,3665,4606,4747,6161,6162,
1026;0;417;497;1;18,34,55,137,139,144,145,149,177,178,179,184,202,205,206,225,231,234,262,267,277,288,305,308,314,321,329,377,396,397,400,404,429,528,591,640,647,838,854,855,948,1049,1117,1118,1293,1398,1463,1474,1478,1481,1521,1669,1671,1803,1809,1915,1978,2091,2318,2627,2645,2679,2692,2774,2775,2777,2778,3037,3263,3291,3473,4606,4747,8264,8265,8266,8267,8268,8269,8270,
83;0;497;568;1;18,34,55,137,139,144,145,149,177,178,179,181,182,183,184,202,205,206,225,231,234,262,267,272,277,288,305,308,314,321,329,377,396,397,400,404,429,528,591,640,647,838,854,855,948,1049,1117,1118,1293,1398,1463,1474,1478,1481,1521,1669,1671,1676,1803,1809,1915,1978,2091,2318,2627,2645,2679,2692,2774,2775,2777,2778,3037,3263,3291,3473,4606,4747,8264,8265,
83;1;568;579;1;18,34,55,137,139,144,145,149,179,202,205,206,225,231,234,262,267,272,277,288,295,305,308,314,321,329,377,396,400,404,429,528,591,640,647,838,854,855,911,948,949,1117,1118,1170,1293,1359,1398,1463,1474,1478,1481,1521,1671,1803,1809,1978,2091,2120,2318,2627,2645,2679,2715,2774,2775,2778,3037,3108,3291,3473,4419,4420,4470,4747,4816,6332,6334,6335,8113,8114,
981;0;579;665;1;18,34,55,137,139,144,145,149,179,202,205,206,225,231,234,262,267,272,277,288,295,305,308,314,321,329,377,396,400,404,429,528,591,640,647,838,854,855,911,948,949,1117,1118,1170,1283,1293,1359,1398,1463,1474,1478,1481,1521,1671,1803,1809,1978,2091,2120,2318,2627,2645,2679,2715,2774,2775,2778,3037,3108,3291,3473,4419,4420,4470,4647,4747,4816,6332,6334,6335,
877;0;665;752;1;28,32,38,55,61,68,79,144,170,196,206,225,231,234,267,272,288,305,321,364,396,404,503,640,647,724,757,838,854,855,949,979,1275,1286,1293,1398,1419,1474,1478,1481,1521,1657,1763,1898,1934,1935,1936,1937,1938,1939,1940,2091,2627,2645,2679,2774,2775,4470,5080,5984,5992,6360,6585,7138,7478,7834,7835,7836,7837,7838,8040,9222,9223,9224,9225,9226,9227,9228,9229,9230,
796;0;752;845;1;28,32,38,55,61,68,79,144,170,196,206,225,231,234,267,272,288,305,321,364,396,404,503,640,647,724,757,838,854,855,949,979,1275,1286,1293,1398,1419,1474,1478,1481,1521,1657,1763,1898,1934,1935,1936,1937,1938,1939,1940,2091,2627,2645,2679,2774,2775,4470,5080,5984,5992,6360,6585,7138,7478,7834,7835,7836,7837,7838,8040,9222,9223,9224,9225,9226,9227,9228,9229,9230,
1037;0;845;946;1;28,32,38,55,61,68,79,144,170,196,206,225,231,234,267,272,288,305,321,364,396,404,503,640,647,724,757,838,854,855,949,979,1275,1286,1293,1398,1419,1474,1478,1481,1521,1657,1763,1898,1934,1935,1936,1937,1938,1939,1940,2091,2627,2645,2679,2774,2775,4470,5080,5984,5992,6360,6585,7138,7478,7834,7835,7836,7837,7838,8040,9222,9223,9224,9225,9226,9227,9228,9229,9230,
217;0;946;1021;1;28,32,38,55,61,68,79,144,170,196,206,225,231,234,267,272,288,305,321,364,396,404,503,640,647,724,757,838,854,855,949,979,1275,1286,1293,1398,1419,1474,1478,1481,1521,1657,1763,1898,1934,1935,1936,1937,1938,1939,1940,2091,2627,2645,2679,2774,2775,4470,5080,5984,5992,6360,6585,7138,7478,7834,7835,7836,7837,7838,8040,9222,9223,9224,9225,9226,9227,9228,9229,9230,
217;1;1021;1050;1;28,32,38,55,61,68,79,144,170,196,206,225,231,234,267,272,288,305,321,364,396,404,503,640,647,724,757,838,854,855,949,979,1275,1286,1293,1398,1419,1474,1478,1481,1521,1657,1763,1898,1934,1935,1936,1937,1938,1939,1940,2091,2627,2645,2679,2774,2775,4470,5080,5984,5992,6360,6585,7138,7478,7834,7835,7836,7837,7838,8040,9222,9223,9224,9225,9226,9227,9228,9229,9230,
183;0;1440;1468;1;28,32,38,55,61,68,79,100,144,170,196,206,225,231,234,267,272,288,292,305,321,364,396,404,503,640,647,677,715,724,757,838,854,855,949,979,1275,1286,1293,1398,1419,1474,1478,1481,1521,1568,1657,1763,1898,1913,1934,1935,1936,2091,2106,2461,2590,2626,2627,2645,2679,2688,2774,2775,2984,4385,4413,4470,5266,5525,5868,5869,5984,5992,6022,7582,7835,8002,8003,8004,
183;1;1468;1549;1;26,28,32,38,55,61,68,79,100,144,170,196,206,225,231,234,267,272,288,292,305,321,364,396,404,503,529,598,640,647,677,715,724,757,838,854,855,949,979,1087,1275,1286,1290,1293,1398,1419,1474,1478,1481,1521,1568,1657,1763,1777,1935,1936,2091,2106,2626,2627,2645,2679,2774,2775,2984,4280,4470,5525,5705,5868,5869,5984,5992,6022,7029,7835,8074,8075,8077,8115,
929;0;1549;1664;1;26,28,32,38,55,61,68,79,100,144,170,196,206,225,231,234,267,272,288,292,305,321,364,396,404,503,529,598,640,647,677,715,724,838,854,855,949,979,1071,1087,1275,1286,1290,1293,1398,1419,1474,1478,1481,1521,1657,1763,1777,1935,1936,2091,2106,2626,2627,2645,2649,2679,2774,2775,2984,4280,4470,5525,5868,5869,5984,5992,6022,6196,6197,7029,7835,8074,8075,8077,
383;0;1664;1724;1;26,28,38,55,95,97,100,144,225,231,234,267,268,272,273,287,288,292,305,321,395,396,404,503,529,640,647,677,715,724,838,854,855,892,912,949,979,1166,1200,1290,1293,1398,1419,1474,1478,1481,1493,1513,1657,1728,1729,1763,1812,1935,1936,1973,2091,2365,2371,2405,2626,2627,2645,2679,2774,2775,2984,3000,3436,3437,3438,3439,3440,3441,3442,3443,3444,3445,5992,7835,
383;1;1724;1789;1;26,28,38,55,95,97,100,144,225,231,234,267,268,272,273,287,288,292,305,321,395,396,404,503,529,640,647,677,715,724,838,854,855,892,912,949,979,1166,1200,1290,1293,1398,1419,1474,1478,1481,1493,1513,1657,1728,1729,1763,1812,1935,1936,1973,2091,2365,2371,2405,2626,2627,2645,2679,2774,2775,2984,3000,3436,3437,3438,3439,3440,3441,3442,3443,3444,5434,5992,7835,
75;0;1789;1937;0;26,28,38,55,95,97,100,144,225,231,267,272,273,288,292,305,321,395,396,404,503,529,640,647,677,715,724,838,854,855,892,912,949,979,1166,1290,1293,1398,1419,1474,1478,1481,1513,1657,1763,1935,1936,1973,2091,2405,2626,2627,2645,2679,2774,2775,2984,3182,3183,3210,3483,3484,3485,3486,3487,3488,3489,3490,3491,3492,3493,3494,3495,3496,3497,3498,3499,5434,5992,7835,
75;1;1937;2117;0;26,28,38,55,95,97,100,144,225,231,233,267,272,273,274,288,289,292,305,321,395,396,404,503,529,640,647,677,715,724,838,854,855,892,912,949,979,1166,1290,1293,1398,1419,1474,1478,1481,1513,1657,1763,1935,1936,1973,2091,2405,2626,2627,2645,2679,2774,2775,2903,2984,3483,3484,3485,3486,3489,3490,3491,3492,3493,3494,3496,3498,3499,4604,4628,5432,5434,5992,7835,
206;0;2117;2255;0;26,38,95,100,144,247,289,321,395,529,558,577,600,640,647,677,838,854,855,949,1221,1290,1293,1478,1592,1651,1700,1973,2064,2512,2626,2627,3029,3050,3484,3485,3486,3489,3490,3491,3492,3493,3494,3496,3498,3499,3500,3501,3502,3503,3504,3505,3659,3660,3829,4440,4452,4813,5091,5092,5093,5094,5095,5096,5951,5959,5963,5966,5968,5976,5980,5987,5992,6151,6556,6583,6727,6729,7132,7134,
206;1;2255;2423;0;26,38,95,100,144,247,289,321,395,529,558,577,600,640,647,677,838,854,855,949,1221,1290,1293,1478,1592,1651,1700,1973,2064,2512,2626,2627,3029,3050,3484,3485,3486,3489,3490,3491,3492,3493,3494,3496,3498,3499,3500,3501,3502,3503,3504,3505,3659,3660,3829,4440,4452,4813,5091,5092,5093,5094,5095,5096,5951,5959,5963,5966,5968,5976,5980,5987,5992,6151,6556,6583,6727,6729,7132,7134,
331;0;2423;2548;0;26,38,95,100,144,247,289,321,395,529,558,577,600,640,647,677,838,854,855,949,1221,1290,1293,1478,1592,1651,1700,1973,2064,2512,2626,2627,3029,3050,3484,3485,3486,3489,3490,3491,3492,3493,3494,3496,3498,3499,3500,3501,3502,3503,3504,3505,3659,3660,3829,4440,4452,4813,5091,5092,5093,5094,5095,5096,5951,5959,5963,5966,5968,5976,5980,5987,5992,6151,6556,6583,6727,6729,7132,7134,
331;1;2880;3051;0;26,38,89,94,95,100,144,247,276,289,321,395,529,583,586,640,647,677,765,770,833,834,838,854,855,890,949,1168,1290,1293,1447,1478,1519,1524,1528,1529,1592,1973,2602,2626,2627,2659,2693,2721,3484,3485,3486,3489,3490,3491,3492,3493,3494,3496,3498,3499,3511,3527,3581,3582,3638,3659,3660,3829,4537,4574,4732,4802,4937,4949,5339,5340,5341,5342,5343,5344,5345,5346,5347,5976,
164;0;3051;3201;0;26,38,89,94,95,100,144,247,276,289,321,395,529,583,586,640,644,647,677,765,770,833,834,838,854,855,890,949,1168,1214,1290,1293,1447,1478,1519,1524,1528,1529,1592,1674,1973,2225,2602,2626,2627,2628,2635,2637,2647,2653,2654,2659,2660,2661,2675,2693,2705,2721,3484,3485,3486,3489,3490,3491,3492,3493,3494,3496,3498,3499,3511,3527,3581,3659,3660,3829,4937,5340,5344,5976,
164;1;3201;3338;0;26,38,89,94,95,100,144,247,276,289,321,395,529,583,586,640,644,647,677,765,770,833,834,838,854,855,890,949,1168,1214,1290,1293,1296,1447,1478,1519,1524,1528,1529,1592,1674,1973,2225,2602,2626,2627,2628,2635,2637,2647,2653,2654,2659,2660,2661,2675,2693,2705,2721,3484,3485,3486,3489,3490,3491,3492,3493,3494,3496,3498,3499,3511,3527,3659,3660,3829,4937,5340,5344,5976,
328;0;3338;3494;0;26,38,89,94,95,100,144,247,276,289,321,395,529,583,586,640,644,647,677,765,770,833,834,838,854,855,890,904,949,1168,1214,1290,1293,1296,1447,1478,1519,1524,1528,1529,1592,1674,1680,1973,2225,2602,2626,2627,2628,2635,2637,2647,2653,2654,2659,2661,2675,2693,2705,2721,3484,3485,3486,3489,3490,3491,3492,3493,3494,3496,3498,3499,3511,3659,3660,3829,4937,5340,5344,5976,
328;1;3494;3615;0;3,18,24,26,34,38,51,100,137,138,139,144,297,298,321,368,395,400,549,573,591,640,647,677,766,836,854,855,863,948,949,968,1118,1147,1172,1266,1277,1288,1293,1453,1469,1502,1661,1664,1667,1668,1670,1671,1673,1674,1944,1972,1973,1974,1975,1976,1977,1978,2027,2626,2627,2628,3307,3314,3472,3473,3829,4514,4552,4632,4650,5952,6042,6043,7713,7716,7720,7721,7890,7891,
6;0;3615;3759;0;3,18,24,26,34,38,51,100,137,138,139,144,297,298,321,368,395,400,549,573,591,640,647,677,766,836,854,855,863,948,949,968,1118,1147,1172,1266,1277,1288,1293,1453,1469,1502,1661,1664,1667,1668,1670,1671,1673,1674,1944,1972,1973,1974,1975,1976,1977,1978,2027,2626,2627,2628,3307,3314,3472,3473,3829,4514,4552,4632,4650,5952,6042,6043,7713,7716,7720,7721,7890,7891,
6;1;3759;3889;0;3,18,24,26,34,38,51,100,137,138,139,144,297,298,321,368,395,400,549,573,591,640,647,677,766,836,854,855,863,948,949,968,1118,1147,1172,1266,1277,1288,1293,1453,1469,1502,1661,1664,1667,1668,1670,1671,1673,1674,1944,1972,1973,1974,1975,1976,1977,1978,2027,2626,2627,2628,3307,3314,3472,3473,3829,4514,4552,4632,4650,5952,6042,6043,7713,7716,7720,7721,7890,7891,
81;0;3889;4018;0;3,18,24,26,34,38,51,100,137,138,139,144,297,298,321,368,395,400,549,573,591,640,647,677,766,836,854,855,863,948,949,968,1118,1147,1172,1266,1277,1288,1293,1453,1469,1502,1661,1664,1667,1668,1670,1671,1673,1674,1944,1972,1973,1974,1975,1976,1977,1978,2027,2626,2627,2628,3307,3314,3472,3473,3829,4514,4552,4632,4650,5952,6042,6043,7713,7716,7720,7721,7890,7891,
81;1;4018;4155;0;3,18,24,26,34,38,51,100,137,138,139,144,297,298,321,368,395,400,549,573,591,640,647,677,766,836,854,855,863,948,949,968,1118,1147,1172,1266,1277,1288,1293,1453,1469,1502,1661,1664,1667,1668,1670,1671,1673,1674,1944,1972,1973,1974,1975,1976,1977,1978,2027,2626,2627,2628,3307,3314,3472,3473,3829,4514,4552,4632,4650,5952,6042,6043,7713,7716,7720,7721,7890,7891,
380;0;4320;4477;0;3,18,24,26,34,38,51,100,137,138,139,144,152,175,189,197,297,298,321,395,400,551,591,640,647,677,729,836,854,855,863,875,948,949,1118,1147,1172,1266,1277,1288,1291,1293,1341,1453,1502,1667,1668,1670,1671,1674,1944,1972,1973,2148,2174,2233,2258,2626,2627,2628,2856,2873,3409,3802,3829,4060,4217,4552,4632,4650,4866,4868,4869,5779,6042,7713,7716,7720,7721,7891,
380;1;4477;4574;0;3,18,24,26,34,38,51,92,100,137,138,139,144,152,175,189,197,297,298,321,395,400,551,591,640,647,677,729,773,836,854,855,863,875,948,949,1118,1147,1172,1266,1277,1288,1291,1293,1341,1453,1502,1667,1668,1670,1671,1674,1944,1972,1973,2148,2174,2233,2258,2318,2626,2627,2628,2856,2873,3409,3802,4217,4552,4632,4650,6042,7626,7713,7716,7720,7721,7804,7840,7891,
282;0;4574;4672;0;3,24,26,38,95,100,137,138,139,144,152,189,289,297,298,299,321,343,395,400,591,640,644,647,677,729,765,773,854,855,875,948,949,1019,1118,1147,1172,1214,1277,1288,1291,1293,1453,1502,1668,1670,1671,1674,1944,1973,2225,2318,2405,2625,2626,2627,2628,2629,2630,2631,2632,2634,2635,2637,2640,2642,2643,2644,2646,2652,2657,2663,2675,2680,2686,2720,2721,2752,2873,4650,
282;1;4672;4824;0;3,17,24,26,38,95,100,137,138,139,144,152,189,202,289,297,298,321,395,400,479,504,591,640,644,647,677,729,765,773,854,855,875,948,949,1118,1143,1147,1172,1214,1277,1288,1291,1293,1453,1463,1502,1558,1668,1670,1671,1674,1944,1973,2225,2318,2405,2413,2625,2626,2627,2628,2629,2630,2632,2634,2640,2642,2643,2644,2646,2657,2663,2836,2873,2876,2941,2942,4283,4650,
346;0;4824;4901;0;3,17,24,26,38,41,95,100,137,138,139,144,152,189,289,297,298,321,395,400,591,640,644,647,677,729,765,773,854,855,872,875,948,949,972,1118,1142,1147,1172,1214,1277,1288,1291,1293,1453,1457,1463,1464,1465,1502,1558,1668,1670,1671,1674,1944,1973,2225,2318,2405,2413,2625,2626,2627,2628,2629,2630,2632,2634,2640,2642,2643,2644,2646,2657,2663,2836,2873,2941,4650,
346;1;4901;5071;0;3,8,9,17,24,95,137,139,143,144,145,146,189,259,321,377,382,390,395,398,400,429,591,640,647,677,773,775,838,854,855,893,895,948,1054,1095,1118,1124,1147,1171,1172,1293,1361,1397,1463,1488,1502,1670,1683,1799,1809,1973,2224,2455,2625,2626,2627,2629,2634,2657,2821,2836,2941,2988,3037,3130,3267,3743,4533,4637,4748,4890,6513,6809,6813,6814,6815,6821,6822,6823,
376;0;5760;5866;0;3,17,24,95,137,139,143,144,145,189,321,382,390,395,398,400,429,591,640,647,677,715,773,815,838,854,855,898,948,1118,1147,1171,1172,1293,1397,1444,1463,1502,1524,1670,1919,2091,2337,2546,2553,2602,2625,2658,2677,2821,2836,2900,2941,2984,3291,3519,4890,5140,5175,5223,5723,5830,7463,7835,8095,8321,8625,8626,8627,8628,8629,8630,8631,8632,8633,8634,8635,8636,8637,8638,
376;1;5866;6002;0;3,17,24,95,137,139,143,144,145,149,189,308,321,382,390,391,395,398,400,429,591,640,647,677,715,773,815,838,854,855,891,898,938,948,1117,1118,1145,1146,1147,1148,1163,1165,1166,1167,1168,1170,1171,1172,1173,1174,1293,1397,1444,1463,1502,1524,1670,1919,2091,2337,2546,2553,2602,2625,2658,2677,2821,2836,2900,2941,2984,3291,3519,4890,5140,5175,5223,5723,5830,7463,
293;0;6002;6103;0;3,17,24,95,137,139,143,144,145,149,189,308,321,382,390,391,395,398,400,429,591,640,647,677,715,773,815,838,854,855,891,898,938,948,1117,1118,1145,1146,1147,1148,1163,1165,1166,1167,1168,1170,1171,1172,1173,1174,1293,1397,1444,1463,1502,1524,1670,1919,2091,2337,2546,2553,2602,2625,2658,2677,2821,2836,2900,2941,4890,5140,5723,5830,6133,6136,7463,7956,8282,8284,
293;1;6103;6240;0;3,17,24,95,97,137,139,143,144,145,149,189,225,238,241,262,277,302,321,382,390,391,395,398,400,404,429,591,640,647,715,773,838,854,855,891,898,938,948,1117,1118,1145,1146,1147,1163,1171,1174,1234,1293,1397,1430,1463,1473,1478,1502,1670,1800,2091,2109,2553,2625,2658,2818,2821,2824,2836,2900,2941,3132,4889,4890,4891,4892,4893,4894,4895,4896,4897,4898,4899,
161;0;6240;6361;0;3,17,24,95,137,139,143,144,145,149,189,225,241,262,269,277,288,321,382,390,391,395,398,400,404,429,591,640,647,682,715,773,838,854,855,891,898,938,948,1117,1118,1145,1146,1147,1163,1171,1174,1293,1363,1397,1463,1473,1478,1481,1502,1538,1670,1822,2091,2109,2553,2625,2658,2821,2836,2900,2941,4535,4719,4792,4954,4955,4956,4957,4958,4959,4960,4961,5274,7332,
161;1;6361;6474;0;3,17,24,95,137,139,143,144,145,149,189,225,241,262,269,277,288,321,382,390,391,395,398,400,404,429,591,640,647,648,715,773,838,854,855,891,898,938,948,1093,1117,1118,1145,1146,1147,1163,1171,1174,1293,1363,1397,1463,1473,1478,1481,1502,1670,1814,1920,2091,2109,2503,2553,2559,2625,2658,2821,2836,2900,2941,4535,4956,4957,4958,4959,4960,4961,5253,5274,6611,
13;0;6474;6526;0;3,17,24,95,137,139,143,144,145,149,179,180,189,225,241,262,277,307,321,391,395,400,404,429,490,591,592,594,640,647,648,773,854,855,948,979,1039,1051,1117,1118,1145,1163,1196,1233,1293,1294,1396,1397,1463,1478,1502,1561,1582,1670,1803,1935,2091,2109,2305,2489,2490,2625,2765,2821,2836,2851,2852,2853,2854,2855,2916,2924,2940,2941,2959,3278,4319,4320,4321,6342,
13;1;6526;6700;0;3,17,24,95,137,139,143,144,145,149,179,180,189,225,241,262,277,307,321,391,395,400,404,429,490,591,592,594,640,647,648,773,854,855,948,979,1039,1051,1117,1118,1145,1163,1196,1233,1293,1294,1396,1397,1463,1478,1502,1561,1582,1670,1803,1935,2091,2109,2305,2489,2490,2625,2765,2821,2836,2851,2852,2853,2854,2855,2916,2924,2940,2941,2959,3278,4319,4320,4321,6342,
353;0;6700;6777;0;3,17,24,95,137,139,143,144,145,149,179,180,189,225,241,262,277,307,321,391,395,400,404,429,490,591,592,594,640,647,648,773,854,855,948,979,1039,1051,1117,1118,1145,1163,1196,1233,1293,1294,1396,1397,1463,1478,1502,1561,1582,1670,1803,1935,2091,2109,2305,2489,2490,2625,2765,2821,2836,2851,2852,2853,2854,2855,2916,2924,2940,2941,2959,3278,4319,4320,4321,6342,
353;1;6777;6924;0;3,17,24,95,137,139,143,144,145,149,179,180,189,225,241,262,277,307,321,391,395,400,404,429,490,591,592,594,640,647,648,773,854,855,948,979,1039,1051,1117,1118,1145,1163,1196,1233,1293,1294,1396,1397,1463,1478,1502,1561,1582,1670,1803,1935,2091,2109,2305,2489,2490,2625,2765,2821,2836,2851,2852,2853,2854,2855,2916,2924,2940,2941,2959,3278,4319,4320,4321,6342,
329;0;6924;7098;0;3,17,24,95,137,139,143,144,145,149,179,180,189,225,241,262,277,307,321,391,395,400,404,429,490,591,592,594,640,647,648,773,854,855,948,979,1039,1051,1117,1118,1145,1163,1196,1233,1293,1294,1396,1397,1463,1478,1502,1561,1582,1670,1803,1935,2091,2109,2305,2489,2490,2625,2765,2821,2836,2851,2852,2853,2854,2855,2916,2924,2940,2941,2959,3278,4319,4320,4321,6342,
329;1;7098;7145;0;3,17,24,95,137,139,143,144,145,149,179,180,189,225,241,262,277,307,321,391,395,400,404,429,490,591,592,594,640,647,648,773,854,855,948,979,1039,1051,1117,1118,1145,1163,1196,1233,1293,1294,1396,1397,1463,1478,1502,1561,1582,1670,1803,1935,2091,2109,2305,2489,2490,2625,2765,2821,2836,2851,2852,2853,2854,2855,2916,2924,2940,2941,2959,3278,4319,4320,4321,6342,
12;0;7200;7344;0;3,17,24,95,137,139,143,144,145,149,179,180,189,225,241,245,262,277,307,321,391,395,400,404,429,490,591,592,594,640,645,647,648,773,854,855,948,979,1039,1051,1057,1117,1118,1145,1163,1196,1233,1293,1294,1396,1397,1463,1476,1478,1502,1561,1582,1670,1803,1935,2052,2091,2109,2128,2305,2489,2490,2625,2645,2765,2821,2836,2851,2852,2941,3045,3278,4472,5741,5749,
12;1;7344;7418;0;3,17,24,95,137,139,143,144,145,149,179,180,189,225,231,241,245,262,277,307,314,321,391,395,400,404,429,490,591,592,594,640,645,647,648,773,854,855,948,979,1039,1051,1057,1117,1118,1145,1163,1196,1233,1293,1294,1396,1397,1463,1476,1478,1502,1561,1582,1670,1803,1935,2052,2091,2109,2128,2223,2305,2489,2490,2625,2645,2765,2821,2836,2851,2852,2941,3278,4472,
115;0;7418;7524;0;3,17,24,95,137,139,143,144,145,149,179,180,189,225,231,241,245,262,277,307,314,321,391,395,400,404,429,490,591,592,594,640,645,647,648,773,854,855,948,979,1051,1057,1117,1118,1145,1163,1196,1293,1294,1396,1397,1419,1463,1476,1478,1502,1670,1803,1935,2052,2091,2109,2128,2223,2305,2625,2645,2821,2836,2884,2941,3278,3610,3808,4472,7333,7334,7335,7336,7337,
115;1;7524;7633;0;3,24,30,95,137,139,143,144,145,149,189,225,231,241,245,262,277,314,321,391,395,400,404,415,429,484,490,591,640,645,647,753,773,854,855,948,979,995,1051,1057,1117,1118,1145,1160,1163,1196,1293,1294,1397,1419,1463,1476,1478,1502,1657,1670,1719,1935,2091,2109,2128,2223,2305,2625,2645,2821,2836,2941,3278,3336,3610,3627,3808,4225,4472,4510,5435,5487,5488,5489,
248;0;7633;7783;0;3,24,30,95,137,139,143,144,145,149,189,225,231,241,245,262,277,314,321,391,395,400,404,415,429,484,490,591,640,645,647,753,773,854,855,948,979,995,1051,1057,1117,1118,1145,1160,1163,1196,1293,1294,1397,1419,1463,1476,1478,1502,1657,1670,1719,1935,2091,2109,2128,2223,2305,2625,2645,2778,2821,2836,2941,3278,3336,3610,3627,3808,4225,4472,4510,5435,5874,5875,
248;1;7783;7843;0;3,24,30,90,95,137,139,143,144,145,149,189,225,231,241,245,262,277,314,321,391,395,400,404,429,490,591,640,645,647,753,772,773,843,854,855,948,979,1051,1057,1117,1118,1145,1163,1196,1293,1294,1397,1419,1476,1478,1502,1657,1670,1922,2091,2109,2128,2223,2305,2498,2625,2645,2778,2821,2836,2941,3278,3336,3610,3627,3808,4225,4427,4472,4728,4747,5107,5108,5109,
64;0;7843;7903;0;3,24,30,55,58,95,137,139,144,145,149,189,225,231,241,245,247,262,277,314,321,391,395,400,404,429,490,591,640,645,647,753,773,854,855,948,979,1051,1057,1117,1118,1145,1163,1196,1293,1294,1397,1419,1476,1478,1502,1670,1922,2091,2109,2128,2223,2305,2418,2420,2537,2625,2645,2778,2821,2836,3278,3336,3609,3610,3691,3706,3808,3842,3852,4225,4472,5998,5999,6014,
64;1;7903;8050;0;40,139,144,145,189,193,198,205,210,225,248,255,262,329,362,363,400,404,429,522,528,561,581,632,732,803,948,978,1117,1196,1287,1425,1474,1560,1936,1948,1949,1950,1951,1952,1953,1954,1955,1956,1957,1958,1959,1960,1961,1962,1963,1964,1965,1966,1967,1968,1969,2080,2089,2201,2315,2564,3345,3606,3707,3883,3886,3907,3945,4225,4230,5101,5180,6790,6791,6792,6793,6794,6795,6949,
121;0;8050;8228;0;40,139,144,145,189,193,198,205,210,225,248,255,262,329,362,363,400,404,429,522,528,561,581,632,732,803,948,978,1117,1196,1287,1425,1474,1560,1936,1948,1949,1950,1951,1952,1953,1954,1955,1956,1957,1958,1959,1960,1961,1962,1963,1964,1965,1966,1967,1968,1969,2080,2089,2201,2315,2564,3345,3606,3707,3883,3886,3907,3945,4225,4230,5101,5180,6790,6791,6792,6793,6794,6795,6949,
121;1;8228;8253;0;40,139,144,145,189,193,198,205,210,225,248,255,262,329,362,363,400,404,429,522,528,561,581,632,732,803,948,978,1117,1196,1287,1425,1474,1560,1936,1948,1949,1950,1951,1952,1953,1954,1955,1956,1957,1958,1959,1960,1961,1962,1963,1964,1965,1966,1967,1968,1969,2080,2089,2201,2315,2564,3345,3606,3707,3883,3886,3907,3945,4225,4230,5101,5180,6790,6791,6792,6793,6794,6795,6949,
135;0;8253;8431;0;40,139,144,145,189,193,198,205,210,225,248,255,262,329,362,363,400,404,429,522,528,561,581,632,732,803,948,978,1117,1196,1287,1425,1474,1560,1936,1948,1949,1950,1951,1952,1953,1954,1955,1956,1957,1958,1959,1960,1961,1962,1963,1964,1965,1966,1967,1968,1969,2080,2089,2201,2315,2564,3345,3606,3707,3883,3886,3907,3945,4225,4230,5101,5180,6790,6791,6792,6793,6794,6795,6949,
135;1;8431;8453;0;40,139,144,145,189,193,198,205,210,225,248,255,262,329,362,363,400,404,429,522,528,561,581,632,732,803,948,978,1117,1196,1287,1425,1474,1560,1936,1948,1949,1950,1951,1952,1953,1954,1955,1956,1957,1958,1959,1960,1961,1962,1963,1964,1965,1966,1967,1968,1969,2080,2089,2201,2315,2564,3345,3606,3707,3883,3886,3907,3945,4225,4230,5101,5180,6790,6791,6792,6793,6794,6795,6949,
288;0;8640;8695;0;1,3,40,139,144,145,149,189,193,198,205,210,225,231,241,248,255,262,321,329,362,363,391,396,400,404,429,522,528,561,581,632,640,732,803,948,978,1117,1196,1204,1287,1397,1398,1401,1425,1474,1476,1477,1502,1560,1681,1682,1936,1948,1949,1950,1951,1952,1953,1954,1955,1956,2080,2109,2134,2315,2564,2821,3278,3606,3707,3883,3886,4225,4832,5246,5249,5275,5276,5277,
288;1;8695;8837;0;1,3,40,139,144,145,149,189,193,198,205,210,225,231,241,248,255,262,321,329,362,363,391,396,400,404,429,522,528,561,581,632,640,732,803,948,1072,1117,1196,1204,1287,1397,1398,1401,1474,1476,1477,1502,1560,1666,1681,1682,2080,2109,2134,2315,2564,2625,2626,2627,2629,2634,2657,2663,2706,2713,2736,2821,3278,3606,3707,3883,3886,4225,4832,5246,5249,5275,5276,5277,
305;0;8837;8969;0;1,3,40,95,139,144,145,149,189,198,205,225,231,241,248,255,262,291,292,321,329,391,396,400,404,429,528,581,632,640,765,948,1072,1117,1196,1201,1204,1287,1398,1401,1474,1476,1477,1502,1560,1915,2080,2091,2109,2134,2315,2564,2626,2627,2634,2640,2657,2663,2679,2706,2774,2775,2777,2778,3019,3263,3278,3447,3606,3707,3883,3886,4225,4606,4608,4773,5499,5500,5502,6774,
305;1;8969;9031;0;3,95,144,145,149,198,225,226,230,231,255,262,291,321,329,379,395,396,400,404,429,528,632,640,647,694,854,948,1060,1072,1117,1118,1146,1147,1196,1287,1360,1361,1375,1428,1474,1478,1669,1675,1762,1814,1944,1973,2080,2224,2321,2564,2626,2627,2634,2640,2657,2706,2774,2775,2781,2891,3037,3279,3284,3606,3744,4533,4545,4553,5185,7575,8449,8739,8740,8741,8742,8743,8744,8745,
385;0;9031;9083;0;3,95,144,145,149,198,225,226,230,231,255,262,291,321,329,379,395,396,400,404,429,528,632,640,647,694,854,948,1060,1072,1093,1117,1118,1146,1147,1196,1287,1360,1361,1375,1428,1474,1478,1669,1675,1762,1814,1944,1973,2080,2224,2321,2564,2626,2627,2634,2640,2657,2706,2774,2775,2781,2891,3037,3279,3284,3606,3744,4533,4545,4553,5185,7575,8449,8739,8740,8741,8742,8743,8744,
385;1;9083;9223;0;3,7,8,95,138,144,145,149,198,225,226,230,231,255,262,288,291,321,329,379,390,392,394,395,396,398,400,404,429,528,632,640,647,694,854,948,1049,1050,1054,1055,1057,1060,1072,1093,1117,1118,1146,1147,1196,1287,1360,1361,1375,1428,1474,1478,1669,1675,1762,1814,1944,1973,2080,2224,2321,2564,2626,2627,2634,2640,2657,2706,2774,2775,2781,2891,3284,3606,4545,4553,
297;0;9223;9362;0;2,3,26,53,144,198,255,395,400,528,529,627,632,640,694,748,754,1118,1147,1267,1268,1269,1272,1277,1279,1280,1287,1288,1291,1293,1294,1322,1348,1361,1481,1528,1675,2080,2147,2224,2589,2626,2627,2640,2774,2775,2779,2808,3347,3597,3703,3704,3745,3767,3768,3769,3770,3771,4451,4553,5182,5206,5531,5532,6018,7041,7318,7460,7816,7886,8391,8583,8978,8979,8980,8981,8982,8983,8984,8985,
297;1;9362;9413;0;2,3,26,53,144,198,255,395,400,528,529,627,632,640,694,748,754,1118,1147,1267,1268,1269,1272,1277,1279,1280,1287,1288,1291,1293,1294,1322,1348,1361,1481,1528,1675,2080,2147,2224,2589,2626,2627,2640,2774,2775,2779,2808,3347,3597,3703,3704,3745,3767,3768,3769,3770,3771,4451,4553,5182,5206,5531,5532,6018,7041,7318,7460,7816,7886,8391,8583,8978,8979,8980,8981,8982,8983,8984,8985,
234;0;9413;9582;0;2,3,26,53,144,198,255,395,400,528,529,627,632,640,694,748,754,1118,1147,1267,1268,1269,1272,1277,1279,1280,1287,1288,1291,1293,1294,1322,1348,1361,1481,1528,1675,2080,2147,2224,2589,2626,2627,2640,2774,2775,2779,2808,3347,3597,3703,3704,3745,3767,3768,3769,3770,3771,4451,4553,5182,5206,5531,5532,6018,7041,7318,7460,7816,7886,8391,8583,8978,8979,8980,8981,8982,8983,8984,8985,
234;1;9582;9597;0;2,3,26,53,144,198,255,395,400,528,529,627,632,640,694,748,754,1118,1147,1267,1268,1269,1272,1277,1279,1280,1287,1288,1291,1293,1294,1322,1348,1361,1481,1528,1675,2080,2147,2224,2589,2626,2627,2640,2774,2775,2779,2808,3347,3597,3703,3704,3745,3767,3768,3769,3770,3771,4451,4553,5182,5206,5531,5532,6018,7041,7318,7460,7816,7886,8391,8583,8978,8979,8980,8981,8982,8983,8984,8985,
154;0;10080;10114;0;2,3,26,53,144,198,255,380,395,400,528,529,627,632,640,694,748,754,1118,1134,1147,1174,1267,1268,1269,1272,1277,1279,1280,1287,1288,1291,1293,1294,1322,1348,1361,1481,1528,1675,1726,1763,1809,1970,2080,2147,2224,2493,2589,2626,2627,2640,2658,2728,2774,2775,2779,2808,3099,3133,3347,3597,3703,3704,3745,4451,4553,4563,4650,5048,5182,5206,5516,5531,5532,6153,6154,6155,6156,6157,
154;1;10114;10262;0;2,3,26,53,144,198,255,380,395,400,528,529,627,632,640,694,748,754,1118,1134,1147,1174,1267,1268,1269,1272,1277,1279,1280,1287,1288,1291,1293,1294,1322,1348,1361,1481,1528,1675,1726,1809,1970,2080,2626,2627,2640,2658,2774,2775,2779,3099,3133,3597,3703,4451,4553,4650,5182,5206,5531,5532,8551,8559,9049,9050,9051,9052,9053,9054,9055,9056,9057,9058,9059,9060,9061,9062,9063,9064,
835;0;10262;10440;0;2,3,26,53,144,198,255,380,395,397,400,528,529,627,632,640,694,748,754,1118,1134,1147,1174,1267,1268,1269,1272,1277,1279,1280,1287,1288,1291,1293,1294,1322,1348,1361,1481,1528,1675,1726,1809,1970,2080,2626,2627,2640,2658,2774,2775,2779,3099,3133,3597,3703,4451,4553,4650,5182,5206,5531,5532,8551,8559,9049,9050,9051,9052,9053,9054,9055,9056,9057,9058,9059,9060,9061,9062,9063,
310;0;10440;10455;0;2,3,26,28,39,53,144,198,255,380,395,397,400,427,503,528,529,627,632,640,694,724,748,754,875,979,1118,1134,1147,1174,1267,1268,1269,1272,1277,1279,1280,1287,1288,1291,1293,1294,1322,1348,1361,1481,1528,1580,1675,1726,1809,1970,2080,2159,2163,2326,2626,2627,2640,2658,2774,2775,2779,3099,3133,3597,3703,4451,4553,4650,5182,5206,5531,5532,8551,8559,9049,9050,9051,9052,
310;1;10455;10614;0;2,3,26,28,39,53,144,198,255,380,395,397,400,427,503,528,529,627,632,640,694,724,748,754,875,979,1118,1134,1147,1174,1267,1268,1269,1272,1277,1279,1280,1287,1288,1291,1293,1294,1322,1348,1361,1481,1528,1580,1675,1809,1970,2080,2626,2627,2640,2658,2774,2775,2779,3099,3133,3597,3703,4451,4553,4650,5182,5206,5531,5532,6138,8123,8283,8285,8315,8316,8317,8318,8319,8559,
1122;0;10614;10786;0;2,3,9,10,26,28,39,53,144,198,255,380,395,397,400,427,503,528,529,591,627,632,640,694,724,748,754,838,875,949,979,1118,1134,1147,1174,1267,1268,1269,1272,1277,1279,1280,1287,1288,1291,1293,1294,1322,1359,1361,1481,1675,1809,1970,2080,2455,2626,2627,2640,2658,2774,2775,2776,2779,3099,3133,3597,3703,4451,4553,4650,5182,5206,5351,5432,5433,5434,5531,5532,8559,
222;0;10786;10809;0;15,28,30,61,79,100,117,137,144,145,146,150,196,251,288,298,359,390,397,507,516,694,773,835,838,849,855,1047,1048,1051,1054,1145,1147,1157,1196,1258,1278,1293,1358,1453,1479,1529,1540,1587,1604,1665,1674,1675,1680,1725,1752,1805,1945,1970,1971,1988,2025,2281,2310,2412,2413,2414,2441,2626,2640,2653,2692,2968,3513,3514,3599,3600,3601,4162,5050,5607,7936,8450,8451,8452,
222;1;10809;10957;0;15,28,30,61,79,100,117,137,144,145,146,150,196,251,288,298,359,390,397,507,516,694,773,835,838,849,855,1047,1048,1051,1054,1145,1147,1157,1196,1258,1278,1293,1358,1453,1479,1529,1540,1587,1604,1665,1674,1675,1680,1725,1752,1805,1945,1970,1971,1988,2025,2281,2310,2412,2413,2414,2441,2626,2640,2653,2692,2968,3513,3514,3599,3600,3601,4162,5050,5607,7936,8450,8451,8452,
1186;0;10957;11126;0;15,28,30,61,79,100,117,137,144,145,146,150,196,251,288,298,359,390,397,507,516,694,773,835,838,849,855,1047,1048,1051,1054,1145,1147,1157,1196,1258,1278,1293,1358,1453,1479,1529,1540,1587,1604,1665,1674,1675,1680,1725,1752,1805,1945,1970,1971,1988,2025,2281,2310,2412,2413,2414,2441,2626,2640,2653,2692,2968,3513,3514,3599,3600,3601,4162,5050,5607,7936,8450,8451,8452,
240;0;11126;11156;0;15,28,30,61,79,100,117,137,144,145,146,150,196,251,288,298,359,390,397,507,516,694,773,835,838,849,855,1047,1048,1051,1054,1145,1147,1157,1196,1258,1278,1293,1358,1453,1479,1529,1540,1587,1604,1665,1674,1675,1680,1725,1752,1805,1945,1970,1971,1988,2025,2281,2310,2412,2413,2414,2441,2626,2640,2653,2692,2968,3513,3514,3599,3600,3601,4162,5050,5607,7936,8450,8451,8452,
240;1;11156;11295;0;15,28,30,61,79,100,117,137,144,145,146,150,196,251,288,298,359,390,397,507,516,694,773,835,838,849,855,1047,1048,1051,1054,1145,1147,1157,1196,1258,1278,1293,1358,1453,1479,1529,1540,1587,1604,1665,1674,1675,1680,1725,1752,1805,1945,1970,1971,1988,2025,2281,2310,2412,2413,2414,2441,2626,2640,2653,2692,2968,3513,3514,3599,3600,3601,4162,5050,5607,7936,8450,8451,8452,
190;0;11295;11384;0;15,28,30,61,79,100,117,137,144,145,146,150,196,251,288,298,359,390,397,507,516,694,773,835,838,849,855,1047,1048,1051,1054,1145,1147,1157,1196,1258,1278,1293,1358,1453,1479,1529,1540,1587,1604,1665,1674,1675,1680,1725,1752,1805,1945,1970,1971,1988,2025,2281,2310,2412,2413,2414,2441,2626,2640,2653,2692,2968,3513,3514,3599,3600,3601,4162,5050,5607,7936,8450,8451,8452,
190;1;11520;11598;0;15,28,30,61,79,100,103,117,137,144,145,146,150,196,251,288,289,294,298,359,390,397,430,445,507,516,694,773,835,838,849,855,1047,1048,1051,1054,1145,1147,1157,1196,1214,1258,1278,1293,1358,1450,1479,1513,1529,1540,1567,1587,1604,1674,1922,1945,1970,1971,2380,2412,2543,2626,2640,2897,2898,2899,2900,2901,2902,2903,2904,2905,2906,2907,2908,2909,2910,2911,2912,2913,
1179;0;11598;11763;0;28,61,100,117,137,144,145,251,288,289,294,390,397,430,516,773,838,855,1048,1051,1054,1145,1147,1278,1293,1358,1513,1567,1587,1604,1922,1945,1970,1971,2380,2412,2543,2626,2640,2897,2898,2899,2900,2901,2903,2904,2905,2906,2907,2909,2910,2911,2913,3178,3180,3311,3663,3664,3665,3666,3667,3668,3669,3670,3671,3672,3673,3674,3675,3676,3677,3678,3679,3680,3681,3682,3683,3684,3685,3686,
863;0;11763;11925;0;28,61,100,117,137,144,145,251,288,289,294,390,397,430,516,645,773,838,855,1048,1050,1051,1054,1145,1147,1278,1293,1358,1513,1567,1587,1604,1811,1922,1945,1970,1971,2380,2412,2509,2510,2543,2626,2640,2897,2898,2899,2900,2901,2903,2904,2905,2906,2907,2909,2910,2911,2913,3178,3180,3311,3663,3664,3665,3666,3667,3668,3669,3670,3671,3672,3673,3674,3675,3676,3677,3678,3679,3680,3681,
209;0;11925;12081;0;28,61,100,117,137,144,145,147,182,225,226,227,229,231,251,266,267,272,273,274,276,286,288,289,294,301,390,397,429,430,516,773,838,855,1058,1092,1094,1137,1145,1147,1293,1447,1473,1513,1567,1811,1819,1825,1832,1922,1945,2128,2247,2248,2380,2382,2412,2543,2626,2640,2897,2898,2899,2900,2901,2903,2904,2905,2906,2907,2909,2910,2911,2913,4018,4031,4423,4472,5136,5736,
209;1;12081;12085;0;28,61,96,100,101,117,137,144,145,147,182,225,226,227,229,231,251,266,267,272,273,274,276,286,288,289,294,301,390,397,429,430,516,773,838,855,891,1058,1092,1094,1137,1145,1147,1293,1447,1473,1513,1567,1811,1819,1825,1832,1922,1945,2128,2380,2412,2543,2626,2628,2640,2678,2897,2898,2899,2900,2901,2903,2904,2905,2906,2907,2909,2910,2911,2913,4093,4423,4472,5230,
860;0;12085;12243;0;26,28,149,152,233,262,277,290,291,364,398,412,428,430,476,528,591,644,722,838,1117,1147,1195,1269,1270,1272,1273,1274,1275,1277,1279,1280,1287,1288,1289,1293,1295,1322,1592,1720,1811,1859,2034,2195,2197,2531,2552,2553,2554,2640,2690,2774,2775,2796,2816,2888,3026,3421,4451,4600,4633,4740,5259,5331,5707,5708,5709,6731,6732,6742,6950,7018,7059,7897,8838,9020,9021,9022,9023,9024,
1132;0;12243;12399;0;26,28,149,152,233,262,277,290,291,364,398,412,428,430,476,528,591,644,722,838,1117,1147,1195,1269,1270,1272,1273,1274,1275,1277,1279,1280,1287,1288,1289,1293,1295,1322,1592,1720,1811,1859,2034,2195,2197,2531,2552,2553,2554,2640,2690,2774,2775,2796,2816,2888,3026,3421,4451,4600,4633,4740,5259,5331,5707,5708,5709,6731,6732,6742,6950,7018,7059,7897,8838,9020,9021,9022,9023,9024,
958;0;12399;12553;0;26,28,149,152,233,262,277,290,291,364,398,412,428,430,476,528,591,644,722,838,1117,1147,1195,1269,1270,1272,1273,1274,1275,1277,1279,1280,1287,1288,1289,1293,1295,1322,1592,1720,1811,1859,2034,2195,2197,2531,2552,2553,2554,2640,2690,2774,2775,2796,2816,2888,3026,3421,4451,4600,4633,4740,5259,5331,5707,5708,5709,6731,6732,6742,6950,7018,7059,7897,8838,9020,9021,9022,9023,9024,
108;0;12553;12654;0;26,28,149,152,233,262,277,290,291,364,398,412,428,430,476,528,591,644,722,838,1117,1147,1195,1269,1270,1272,1273,1274,1275,1277,1279,1280,1287,1288,1289,1293,1295,1322,1592,1720,1811,1859,2034,2195,2197,2531,2552,2553,2554,2640,2690,2774,2775,2796,2816,2888,3026,3421,4451,4600,4633,4740,5259,5331,5707,5708,5709,6731,6732,6742,6950,7018,7059,7897,8838,9020,9021,9022,9023,9024,
108;1;12654;12706;0;26,28,149,152,233,262,277,290,291,364,398,412,428,430,476,528,591,644,722,838,1117,1147,1195,1269,1270,1272,1273,1274,1275,1277,1279,1280,1287,1288,1289,1293,1295,1322,1592,1720,1811,1859,2034,2195,2197,2531,2552,2553,2554,2640,2690,2774,2775,2796,2816,2888,3026,3421,4451,4600,4633,4740,5259,5331,5707,5708,5709,6731,6732,6742,6950,7018,7059,7897,8838,9020,9021,9022,9023,9024,
143;0;12706;12767;0;26,28,149,152,233,262,277,290,291,364,398,412,428,430,476,528,591,644,722,838,1117,1147,1195,1269,1270,1272,1273,1274,1275,1277,1279,1280,1287,1288,1289,1293,1295,1322,1592,1720,1811,1859,2034,2195,2197,2531,2552,2553,2554,2640,2690,2774,2775,2796,2816,2888,3026,3421,4451,4600,4633,4740,5259,5331,5707,5708,5709,6731,6732,6742,6950,7018,7059,7897,8838,9020,9021,9022,9023,9024,
143;1;12767;12858;0;26,28,149,152,233,262,277,290,291,364,398,412,428,430,476,528,591,644,722,838,1117,1147,1195,1269,1270,1272,1273,1274,1275,1277,1279,1280,1287,1288,1289,1293,1295,1322,1592,1720,1811,1859,2034,2195,2197,2531,2552,2553,2554,2640,2690,2774,2775,2796,2816,2888,3026,3421,4451,4600,4633,4740,5259,5331,5707,5708,5709,6731,6732,6742,6950,7018,7059,7897,8838,9020,9021,9022,9023,9024,
780;0;12858;13009;0;26,28,149,152,233,262,277,290,291,364,398,412,428,430,476,528,591,644,722,838,1117,1147,1195,1269,1270,1272,1273,1274,1275,1277,1279,1280,1287,1288,1289,1293,1295,1322,1592,1720,1811,1859,2034,2195,2197,2531,2552,2553,2554,2640,2690,2774,2775,2796,2816,2888,3026,3421,4451,4600,4633,4740,5259,5331,5707,5708,5709,6731,6732,6742,6950,7018,7059,7897,8838,9020,9021,9022,9023,9024,
159;0;13009;13054;0;26,28,100,149,152,233,262,277,290,291,364,398,412,430,476,528,591,644,715,722,768,838,1072,1117,1269,1270,1272,1273,1274,1275,1277,1279,1280,1287,1288,1293,1295,1322,2197,2225,2318,2405,2630,2632,2634,2640,2641,2654,2657,2667,2689,2690,2693,2705,2706,2757,2774,2775,2796,2816,5259,5331,5344,7188,7212,7296,7299,7308,7316,7319,7423,8396,8415,8432,8799,8801,8803,8804,8805,8810,
159;1;13054;13159;0;26,28,100,144,149,152,233,262,277,290,291,364,398,412,430,476,528,591,644,715,722,768,773,838,1043,1072,1117,1269,1270,1272,1273,1274,1275,1277,1279,1280,1287,1288,1293,1295,1322,2197,2225,2318,2405,2626,2630,2632,2633,2634,2640,2641,2654,2657,2661,2667,2689,2690,2693,2705,2706,2757,2774,2775,2796,2816,3511,3512,5259,5331,5344,7188,7212,7296,7299,7308,7316,7319,7423,8396,
249;0;13159;13225;0;26,28,100,144,149,152,233,262,277,290,291,364,398,412,430,476,528,591,644,715,722,730,768,773,838,1043,1072,1117,1269,1270,1272,1273,1274,1275,1277,1279,1280,1287,1288,1293,1295,1322,1572,2197,2225,2318,2405,2626,2630,2632,2633,2634,2640,2641,2654,2657,2661,2667,2689,2690,2693,2705,2706,2757,2774,2775,2796,2816,3511,3512,3609,3610,5259,5331,5344,7188,7212,7296,7299,7316,
249;1;13225;13308;0;26,28,100,144,149,152,233,249,262,277,290,291,364,398,412,430,476,499,528,529,591,598,644,715,722,730,768,773,838,1043,1072,1087,1117,1269,1270,1272,1273,1274,1275,1277,1279,1280,1287,1288,1293,1295,1322,1572,1577,1783,1785,1787,1789,1790,2175,2197,2225,2318,2405,2626,2630,2632,2661,2689,2690,2774,2775,2796,2816,2873,3606,3609,4262,4487,4490,4491,5259,5316,5331,7316,
1201;0;13308;13455;0;26,28,100,144,149,152,233,249,262,277,290,291,364,398,412,430,476,499,528,529,591,598,644,715,722,730,768,773,838,1043,1072,1087,1117,1269,1270,1272,1273,1274,1275,1277,1279,1280,1287,1288,1293,1295,1322,1572,1577,1783,1785,1787,1789,1790,2175,2197,2225,2318,2405,2626,2630,2632,2661,2689,2690,2774,2775,2796,2816,2873,3606,3609,4262,4487,4490,4491,4803,5259,5331,7316,
1172;0;13455;13598;0;26,28,100,144,149,152,233,249,262,277,290,291,364,398,412,430,476,499,528,529,591,598,644,715,722,730,768,773,838,1043,1072,1087,1117,1269,1270,1272,1273,1274,1275,1277,1279,1280,1287,1288,1293,1295,1322,1572,1577,1783,1785,1787,1789,1790,2175,2197,2225,2318,2405,2626,2630,2632,2661,2662,2689,2690,2774,2775,2796,2816,2873,3329,3606,3609,4487,4490,4491,5259,5331,7316,
243;0;13598;13692;0;26,28,55,61,100,144,149,152,188,206,208,233,251,262,277,290,291,364,398,412,430,476,490,491,499,516,528,529,540,547,591,598,644,715,722,736,796,838,965,1087,1117,1269,1270,1272,1273,1274,1275,1277,1279,1280,1283,1287,1288,1293,1295,1322,1558,1783,2175,2197,2305,2412,2564,2626,2661,2689,2690,2774,2775,2796,2816,2873,3609,3993,4247,4327,5259,5331,5857,7316,
243;1;13692;13738;0;26,28,55,61,100,144,149,152,188,206,208,233,251,262,277,290,291,364,398,412,430,476,490,491,499,516,528,529,540,547,591,598,644,715,722,736,796,838,965,1087,1117,1269,1270,1272,1273,1274,1275,1277,1279,1280,1283,1287,1288,1293,1295,1322,1558,1783,2175,2197,2305,2412,2564,2626,2661,2689,2690,2774,2775,2796,2816,2873,3609,3993,4247,4327,5259,5331,5857,7316,
829;0;14400;14537;0;3,28,55,137,144,149,177,206,208,262,267,290,297,305,306,318,395,398,434,854,855,890,892,894,895,896,897,898,899,900,901,907,908,911,912,913,915,916,918,919,920,921,923,924,925,926,927,928,929,930,931,932,934,938,939,942,943,948,1171,1288,1293,1361,1378,1668,1671,1809,2370,3618,3619,3620,4469,4553,4658,6101,6107,6108,6109,6110,6111,6112,
953;0;14537;14674;0;3,28,55,137,144,145,149,177,206,208,225,262,267,288,290,297,305,306,318,321,395,396,397,398,404,429,434,854,855,890,892,894,895,896,897,898,899,900,901,907,908,911,912,913,915,916,918,919,920,921,923,924,925,926,927,928,929,930,931,932,934,948,949,1171,1236,1288,1293,1361,1417,1474,1478,1521,1671,1809,2370,3618,4553,6101,6107,6109,
99;0;14674;14780;0;3,28,55,60,137,144,145,149,177,206,208,225,262,267,288,290,297,305,306,318,321,395,396,397,398,404,429,434,502,569,729,854,855,890,892,894,895,896,897,898,899,900,901,907,908,911,912,913,915,916,918,919,920,921,923,924,927,948,949,1171,1236,1288,1293,1361,1474,1478,1521,1671,1809,1895,1989,2370,3618,3870,4192,4553,6101,6107,6109,6766,
99;1;14780;14808;0;3,28,55,60,135,137,144,145,149,177,206,208,225,262,267,288,290,297,305,306,318,321,395,396,397,398,404,429,434,502,569,729,854,855,890,892,894,895,896,897,898,899,900,901,907,908,911,912,913,915,916,921,927,948,949,1093,1118,1134,1171,1236,1288,1293,1361,1474,1478,1502,1521,1670,1671,1809,1973,2370,3618,3870,4033,4553,6101,6107,6109,6412,
1210;0;14808;14942;0;3,24,28,46,55,60,135,137,144,145,149,177,206,208,225,262,267,288,290,297,305,306,318,321,395,396,397,398,404,429,434,502,503,854,855,907,911,912,921,927,948,949,979,1093,1118,1134,1171,1236,1288,1293,1361,1474,1478,1502,1521,1562,1671,1716,1809,1973,2018,2036,2074,2090,2370,2890,3006,3246,3449,3618,3808,3870,3906,4033,4114,4273,4553,6101,6107,6109,
289;0;14942;14996;0;3,24,28,46,55,60,135,137,144,145,149,177,206,208,225,262,267,288,290,297,305,306,318,321,395,396,397,398,404,429,434,502,503,854,855,907,911,912,921,927,948,949,979,1093,1118,1134,1171,1236,1288,1293,1361,1474,1478,1502,1521,1562,1671,1716,1809,1973,2018,2036,2074,2090,2370,2890,2960,3006,3246,3449,3618,3808,3870,3906,4033,4114,4553,6101,6107,6109,
289;1;14996;15073;0;3,4,24,28,46,55,60,95,135,137,144,145,149,177,206,208,225,262,267,288,290,297,305,306,318,321,390,391,395,396,397,398,402,404,429,434,502,503,854,855,907,911,912,921,927,948,949,979,1093,1118,1134,1163,1171,1236,1288,1293,1361,1474,1478,1502,1521,1562,1671,1716,1801,1809,1973,2018,2036,2223,2370,3449,3618,3870,4033,4553,5650,6101,6107,6109,
823;0;15073;15204;0;95,144,145,225,233,241,245,262,273,277,288,289,290,291,294,297,321,395,396,397,398,404,429,434,647,769,854,855,891,927,944,945,949,1023,1024,1118,1134,1398,1473,1474,1478,1513,1567,1595,1816,1920,1922,2372,2380,2543,2897,2898,2899,2900,2901,2903,2904,2905,2906,2907,2909,2910,2911,2913,2951,2961,3262,3263,3267,3268,4545,4552,5206,5351,5734,6184,7215,7216,7218,7219,
1059;0;15204;15331;0;95,144,145,225,233,241,245,262,273,277,288,289,290,291,294,297,321,395,396,397,398,404,429,434,647,769,854,855,891,927,944,945,949,1023,1024,1118,1134,1398,1473,1474,1478,1513,1567,1595,1816,1920,1922,2372,2380,2543,2897,2898,2899,2900,2901,2903,2904,2905,2906,2907,2909,2910,2911,2913,2951,2961,3262,3263,3267,3268,4545,4552,5206,5351,5734,6184,7215,7216,7218,7219,
200;0;15331;15446;0;95,144,145,225,233,241,245,262,273,277,288,289,290,291,294,297,321,395,396,397,398,404,429,434,647,769,854,855,891,927,944,945,949,1023,1024,1118,1134,1398,1473,1474,1478,1513,1567,1595,1816,1920,1922,2372,2380,2543,2897,2898,2899,2900,2901,2903,2904,2905,2906,2907,2909,2910,2911,2913,2951,2961,3262,3263,3267,3268,4545,4552,5206,5351,5734,6184,7215,7216,7218,7219,
200;1;15446;15455;0;95,144,145,225,233,241,245,262,273,277,288,289,290,291,294,297,321,395,396,397,398,404,429,434,647,769,854,855,891,927,944,945,949,1023,1024,1118,1134,1398,1473,1474,1478,1513,1567,1595,1816,1920,1922,2372,2380,2543,2897,2898,2899,2900,2901,2903,2904,2905,2906,2907,2909,2910,2911,2913,2951,2961,3262,3263,3267,3268,4545,4552,5206,5351,5734,6184,7215,7216,7218,7219,
END
fineshedJobsCount: 745
switchs: 9717
switchsInstances: 480
unfineshedPriorityCount: 177
finalSolution: 2523
totalUnfineshed: 491
Time: 122
