input/MyInstancesDiferentToolSets/n=1236,p=0.50,r=0.6,t=1265,v0.csv;./input/Processed/ToolSetInt.csv
11;720;1440;15840
Machine: 0
907;0;0;8;1;3,24,29,95,100,137,144,146,198,202,208,225,288,291,322,379,382,398,404,429,436,607,720,876,1117,1118,1146,1149,1171,1236,1463,1470,1473,1478,1479,1481,1509,1587,1679,1809,1895,1920,1944,1984,2052,2250,2407,2434,2512,2697,2721,2951,3260,3284,3346,3698,3891,3894,4112,4314,4318,4405,4455,4469,4470,4471,4472,4473,4675,4735,4736,4964,4965,4966,4967,4971,4972,4973,4974,6565,
846;0;8;19;1;3,24,29,95,100,137,144,146,198,202,208,225,288,291,322,379,382,398,404,429,436,607,720,876,1117,1118,1146,1149,1171,1236,1463,1470,1473,1478,1479,1481,1509,1587,1679,1809,1895,1920,1944,1984,2052,2250,2407,2434,2512,2697,2721,2951,3260,3284,3346,3698,3891,3894,4112,4314,4318,4405,4455,4469,4470,4471,4472,4473,4675,4735,4736,4964,4965,4966,4967,4971,4972,4973,4974,6565,
1090;0;19;33;1;3,24,29,95,100,137,144,146,198,202,208,225,288,291,322,379,382,398,404,429,436,607,720,876,1117,1118,1146,1149,1171,1236,1463,1470,1473,1478,1479,1481,1509,1587,1679,1809,1895,1920,1944,1984,2052,2250,2407,2434,2512,2697,2721,2951,3260,3284,3346,3698,3891,3894,4112,4314,4318,4405,4455,4469,4470,4471,4472,4473,4675,4735,4736,4964,4965,4966,4967,4971,4972,4973,4974,6565,
936;0;33;50;1;3,24,29,95,100,137,144,146,198,202,208,225,288,291,322,379,382,398,404,429,436,607,720,876,1117,1118,1146,1149,1171,1236,1463,1470,1473,1478,1479,1481,1509,1587,1679,1809,1895,1920,1944,1984,2052,2250,2407,2434,2512,2697,2721,2951,3260,3284,3346,3698,3891,3894,4112,4314,4318,4405,4455,4469,4470,4471,4472,4473,4675,4735,4736,4964,4965,4966,4967,4971,4972,4973,4974,6565,
826;0;50;72;1;3,24,29,95,100,137,144,146,198,202,208,225,288,291,322,379,382,398,404,429,436,607,720,876,1117,1118,1146,1149,1171,1236,1463,1470,1473,1478,1479,1481,1509,1587,1679,1809,1895,1920,1944,1984,2052,2250,2407,2434,2512,2697,2721,2951,3260,3284,3346,3698,3891,3894,4112,4314,4318,4405,4455,4469,4470,4471,4472,4473,4675,4735,4736,4964,4965,4966,4967,4971,4972,4973,4974,6565,
835;0;72;101;1;3,24,29,95,100,137,144,146,198,202,208,225,288,291,322,379,382,398,404,429,436,607,720,876,1117,1118,1146,1149,1171,1236,1463,1470,1473,1478,1479,1481,1509,1587,1679,1809,1895,1920,1944,1984,2052,2250,2407,2434,2512,2697,2721,2951,3260,3284,3346,3698,3891,3894,4112,4314,4318,4405,4455,4469,4470,4471,4472,4473,4675,4735,4736,4964,4965,4966,4967,4971,4972,4973,4974,6565,
1095;0;101;135;0;3,24,29,95,100,137,144,146,198,202,208,225,288,291,322,379,382,398,404,429,436,607,720,876,1117,1118,1146,1149,1171,1236,1463,1470,1473,1478,1479,1481,1509,1587,1679,1809,1895,1920,1944,1984,2052,2250,2407,2434,2512,2697,2721,2951,3260,3284,3346,3698,3891,3894,4112,4314,4318,4405,4455,4469,4470,4471,4472,4473,4675,4735,4736,4964,4965,4966,4967,4971,4972,4973,4974,6565,
799;0;135;167;1;3,17,24,29,95,100,137,144,146,198,202,208,225,288,291,322,379,382,398,404,429,436,479,504,607,720,876,1117,1118,1143,1146,1149,1171,1236,1463,1470,1473,1478,1479,1481,1509,1558,1587,1679,1809,1895,1920,1944,1984,2052,2250,2407,2413,2434,2512,2697,2721,2836,2876,2941,2942,2951,3260,3284,3346,3698,3891,3894,4112,4283,4314,4318,4405,4455,4469,4470,4471,4472,4473,4972,
968;0;167;201;1;3,17,24,87,88,89,90,95,100,137,144,146,198,202,208,225,288,291,379,382,398,404,429,436,504,583,763,764,765,766,767,768,773,831,833,836,844,862,863,944,945,1117,1118,1146,1149,1171,1214,1236,1463,1470,1473,1478,1479,1481,1513,1514,1558,1587,1679,1809,1920,1944,1984,2052,2407,2413,2512,2721,2836,2876,2941,2951,3260,3698,4112,4405,4469,4470,4472,4972,
127;0;201;209;1;3,17,24,88,89,90,95,100,135,137,144,146,149,198,202,208,225,262,288,291,321,379,382,398,404,429,436,504,764,765,766,767,768,773,831,833,862,863,944,945,1117,1118,1134,1146,1149,1171,1214,1236,1463,1470,1473,1478,1479,1481,1513,1558,1587,1679,1809,1816,1920,1984,2052,2407,2413,2512,2721,2836,2876,2941,2951,3260,3698,4033,4112,4405,4469,4470,4472,4972,
127;1;209;239;1;3,17,24,88,95,100,137,144,146,149,198,202,208,225,262,269,288,291,321,379,382,398,404,429,436,504,682,767,773,862,1117,1118,1134,1146,1149,1171,1214,1236,1363,1463,1470,1473,1478,1479,1481,1513,1538,1587,1679,1809,1822,1920,1984,2052,2407,2413,2512,2836,2876,2941,2951,4112,4405,4469,4470,4472,4535,4719,4792,4954,4955,4956,4957,4958,4959,4960,4961,4972,5274,7332,
1028;0;239;279;1;3,17,24,88,95,100,137,144,146,149,198,202,208,225,251,262,269,288,291,321,379,382,398,404,429,436,504,682,767,773,862,1117,1118,1134,1146,1149,1171,1214,1236,1270,1363,1463,1470,1473,1478,1479,1481,1513,1538,1587,1679,1809,1822,1920,1984,2052,2221,2263,2407,2413,2512,2836,2846,2876,2941,2951,4112,4405,4469,4470,4472,4535,4719,4792,4954,4955,4956,4957,4958,4972,
1005;0;279;323;1;3,17,24,88,95,100,137,144,146,149,198,202,208,225,251,262,269,288,291,314,321,379,382,398,404,429,436,504,682,767,773,814,862,1046,1117,1118,1134,1146,1149,1171,1214,1236,1270,1363,1442,1463,1470,1473,1478,1479,1481,1513,1538,1567,1587,1679,1809,1822,1920,1984,2052,2221,2263,2407,2413,2512,2836,2876,2941,2951,4112,4405,4469,4470,4472,4972,6418,6419,6578,8543,
784;0;323;367;1;3,17,24,88,95,100,137,144,146,149,198,202,208,225,251,255,262,288,291,314,321,359,379,382,398,404,429,436,504,578,767,773,814,862,1046,1117,1118,1134,1146,1149,1171,1214,1236,1270,1442,1463,1470,1478,1479,1481,1513,1549,1567,1587,1679,1920,1984,2018,2052,2198,2199,2263,2407,2413,2512,2836,2847,2848,2876,2941,3978,3979,4112,4405,4469,4470,4472,4972,6418,6419,
1127;0;367;413;1;3,17,24,88,95,100,137,144,146,149,198,202,208,225,251,255,262,288,291,314,321,359,379,382,398,404,429,436,504,578,767,773,814,862,1046,1117,1118,1134,1146,1149,1171,1214,1236,1270,1442,1463,1470,1478,1479,1481,1513,1549,1567,1587,1630,1679,1920,1984,2018,2052,2198,2199,2263,2407,2413,2512,2836,2847,2876,2941,4112,4405,4469,4470,4472,4972,5091,6418,6419,8354,
824;0;413;462;1;3,17,24,88,95,100,137,144,146,149,198,202,208,225,251,255,262,288,291,314,321,359,379,382,398,404,429,436,504,578,767,773,814,862,1046,1117,1118,1134,1146,1149,1171,1214,1236,1270,1442,1463,1470,1478,1479,1481,1513,1549,1567,1587,1679,1920,1984,2018,2052,2198,2263,2407,2413,2512,2513,2836,2876,2941,3243,3270,3343,4112,4405,4469,4470,4472,4972,6418,6419,8354,
341;0;462;476;1;3,17,24,88,95,100,137,144,146,149,198,202,208,225,251,255,262,288,291,314,321,359,379,382,398,404,429,436,504,578,767,773,814,862,1046,1117,1118,1134,1146,1149,1171,1214,1236,1270,1442,1463,1470,1478,1479,1481,1513,1549,1567,1587,1679,1920,1984,2018,2052,2198,2263,2407,2413,2512,2513,2836,2876,2941,3243,3270,4112,4405,4469,4470,4472,4972,6418,6419,8119,8354,
341;1;476;512;1;3,17,24,88,95,100,137,144,149,189,198,205,208,225,246,251,255,262,288,291,314,321,379,398,404,429,436,504,568,752,767,773,814,979,1089,1117,1118,1146,1149,1171,1196,1214,1242,1293,1470,1478,1479,1481,1513,1567,1587,1598,1679,1920,1984,1999,2018,2065,2086,2512,2836,2876,2941,3396,3404,3855,3880,3881,3882,3883,3884,3885,3886,3887,3888,3889,3890,4469,4470,4472,
219;0;512;520;1;3,17,24,88,95,100,137,144,149,189,198,205,208,225,246,251,255,262,288,291,314,321,379,398,404,429,436,504,568,752,767,773,814,979,1089,1117,1118,1146,1149,1171,1196,1214,1242,1293,1470,1478,1479,1481,1513,1567,1587,1598,1679,1920,1984,1999,2018,2065,2086,2512,2836,2876,2941,3396,3404,3855,3880,3881,3882,3883,3884,3885,3886,3887,3888,3889,4469,4470,4472,7360,
219;1;520;564;1;3,17,24,88,95,100,137,144,149,189,198,208,225,251,255,262,288,291,314,321,379,398,404,429,436,504,767,773,814,979,1089,1117,1118,1146,1149,1171,1196,1293,1470,1478,1479,1481,1567,1587,1679,1920,1984,1999,2018,2512,2836,2876,2941,3474,3679,3855,4469,4470,4472,5953,5960,5962,5964,5987,5991,5992,6011,6552,6741,6886,6926,6932,6936,7075,7076,7077,7078,7079,7080,7081,
810;0;564;619;1;3,17,24,88,95,100,137,144,149,189,198,208,225,251,255,262,288,291,314,321,379,398,404,429,436,504,581,742,767,773,814,979,1089,1117,1118,1146,1149,1171,1196,1262,1293,1470,1478,1479,1481,1563,1567,1587,1679,1920,1984,1999,2018,2216,2512,2836,2876,2941,3474,3679,3807,3808,3809,3810,3855,4469,4470,4472,5953,5960,5962,5964,5987,5991,5992,6011,6552,6741,6886,6926,
57;0;619;645;1;3,17,24,88,95,100,137,144,149,189,198,208,225,251,255,262,288,291,314,321,379,398,404,429,436,504,581,742,767,773,814,979,1089,1117,1118,1146,1149,1171,1196,1262,1293,1470,1478,1479,1481,1563,1567,1587,1679,1920,1984,1999,2018,2216,2512,2836,2876,2941,3474,3679,3807,3808,3809,3810,3855,4469,4470,4472,5987,5992,6011,6136,6552,6741,7952,7953,7954,7955,7956,7957,
57;1;645;679;1;3,17,24,27,30,88,95,100,137,144,149,169,189,198,206,208,225,251,255,262,288,291,314,321,379,398,404,427,429,436,502,504,510,581,742,767,773,814,979,1089,1117,1118,1146,1149,1171,1196,1262,1281,1293,1470,1478,1479,1481,1567,1580,1587,1679,1920,1984,1999,2018,2216,2512,2836,2941,3010,3028,3474,3679,3808,3855,4469,4470,4472,5987,5992,6011,6136,6552,6741,
1189;0;679;741;1;3,24,30,60,88,95,136,137,142,144,145,149,189,225,231,241,262,277,288,291,314,321,329,379,391,396,398,400,404,429,436,640,647,727,767,773,814,855,875,949,1058,1117,1118,1293,1398,1470,1476,1478,1479,1481,1502,1521,1679,1763,1802,1920,1922,1947,1984,1999,2075,2109,2512,2716,3380,3387,3855,4059,4060,4061,4470,4472,4832,5244,6185,7010,7321,7855,7856,7857,
782;0;741;804;1;3,24,30,60,88,95,136,137,142,144,145,149,189,225,231,241,262,277,288,291,314,321,329,379,391,396,398,400,404,429,436,640,647,727,767,773,814,855,875,949,1058,1117,1118,1293,1398,1470,1476,1478,1479,1481,1502,1521,1679,1763,1802,1920,1922,1947,1984,1999,2075,2109,2512,2716,3380,3387,3855,4059,4060,4061,4470,4472,4832,5244,6185,7010,7321,7855,7856,7857,
874;0;804;870;1;3,24,30,60,88,95,136,137,142,144,145,149,189,225,231,241,262,277,288,291,314,321,329,379,391,396,398,400,404,429,436,640,647,727,767,773,814,855,875,949,1058,1117,1118,1293,1398,1470,1476,1478,1479,1481,1502,1521,1679,1763,1802,1920,1922,1947,1984,1999,2075,2109,2512,2716,3380,3387,3855,4059,4060,4061,4470,4472,4832,5244,6185,7010,7321,7855,7856,7857,
124;0;870;936;1;3,24,30,60,88,95,136,137,142,144,145,149,189,225,231,241,262,277,288,291,314,321,329,379,391,396,398,400,404,429,436,640,647,727,767,773,814,855,875,949,1058,1117,1118,1293,1398,1470,1476,1478,1479,1481,1502,1521,1679,1763,1802,1920,1922,1947,1984,1999,2075,2109,2512,2716,3380,3387,3855,4059,4060,4061,4470,4472,4832,5244,6185,7010,7321,7855,7856,7857,
124;1;1440;1444;1;3,24,136,137,140,144,225,231,262,270,288,290,291,292,351,377,386,398,400,404,647,678,694,920,926,1093,1117,1118,1170,1293,1378,1380,1470,1475,1476,1477,1481,1501,1521,1762,1920,2120,2127,2512,2657,2815,2904,3712,4034,4093,4390,4470,4472,4545,4572,4573,4574,4575,4576,4577,4578,4579,4580,4581,4582,4583,4584,4585,4586,4587,4588,4589,4590,4591,4592,4593,4594,4595,4596,4597,
1129;0;1444;1517;1;3,24,136,137,140,144,225,231,262,270,288,290,291,292,351,377,386,398,400,404,647,678,694,920,926,1093,1117,1118,1170,1293,1378,1380,1470,1475,1476,1477,1481,1501,1521,1762,1920,2120,2127,2512,2657,2815,2904,3232,3469,3472,3475,3486,3487,3498,3687,3688,3689,3690,3712,4034,4093,4390,4470,4472,4545,4572,4573,4574,4575,4576,4577,4578,4579,4580,4581,4582,4583,4584,4585,4586,
1123;0;1517;1592;1;3,24,136,137,140,144,225,231,249,262,270,288,290,291,292,351,377,386,398,400,404,647,655,662,678,694,920,926,1093,1117,1118,1170,1293,1378,1380,1470,1475,1476,1477,1481,1501,1521,1762,1920,2120,2127,2512,2657,2815,2904,3232,3469,3472,3475,3486,3487,3498,3577,3687,3688,3689,3690,3712,4034,4093,4390,4470,4472,4545,4572,4573,4574,4575,4576,4577,4578,4579,4580,4581,4582,
1013;0;1592;1668;1;3,24,136,137,140,144,225,231,247,249,262,270,288,290,291,292,351,377,386,398,400,404,647,655,662,678,694,734,753,920,926,1093,1117,1118,1170,1273,1293,1297,1332,1378,1380,1470,1475,1476,1477,1481,1501,1521,1651,1762,1920,2120,2127,2148,2149,2150,2151,2152,2153,2512,2657,2815,2904,3232,3469,3472,3475,3486,3487,3498,3577,3687,3688,3689,3690,3712,4093,4545,4572,4574,
913;0;1668;1745;1;3,24,26,136,137,140,144,225,231,247,249,262,270,288,290,291,292,351,368,377,386,398,400,404,647,655,662,678,694,734,753,920,926,1093,1117,1118,1170,1266,1273,1277,1288,1293,1297,1332,1378,1380,1470,1475,1476,1477,1481,1501,1521,1651,1762,1920,2120,2127,2148,2149,2150,2151,2152,2512,2904,3307,3469,3472,3475,3486,3487,3577,3690,4093,4514,4545,4572,4574,7890,7891,
1073;0;1745;1833;1;3,24,26,136,137,144,225,231,249,262,288,290,291,292,351,377,398,400,404,647,655,694,698,753,1093,1117,1118,1170,1273,1277,1288,1293,1297,1470,1476,1477,1481,1501,1762,1920,2120,2148,2149,2318,2512,2582,2668,2713,2904,3469,3472,3475,3486,3487,3577,3581,4093,4398,4545,4572,4733,4734,5649,5721,6180,7227,7324,7801,7802,7804,7805,7806,7812,7814,7839,7840,7841,7842,7843,7844,
1048;0;1833;1923;1;3,24,136,137,144,225,226,249,288,292,351,377,398,400,404,436,647,694,838,1117,1118,1126,1170,1273,1293,1297,1470,1478,1481,1486,1609,1661,1668,1679,1762,1807,1920,2053,2109,2114,2118,2120,2123,2124,2125,2128,2129,2130,2132,2134,2135,2140,2142,2143,2149,2854,2855,2953,3486,3487,3577,4093,4511,4533,4534,4543,4546,4551,4553,4554,4555,4656,4676,4677,4678,4679,4680,4681,4682,6665,
1051;0;1923;2020;1;3,24,95,136,137,144,148,225,226,249,288,292,351,377,379,398,400,404,436,612,647,694,815,838,911,933,1054,1117,1118,1126,1170,1210,1273,1293,1297,1390,1470,1478,1481,1486,1609,1661,1668,1679,1734,1736,1744,1751,1755,1762,1807,1811,1814,1920,2053,2092,2109,2114,2118,2120,2123,2124,2125,2134,2149,3037,3286,3486,3487,3577,4093,4553,4677,5174,6399,6400,7449,7790,8258,8259,
149;0;2020;2117;1;3,24,95,136,137,139,144,145,148,225,226,249,288,292,351,377,379,398,400,404,429,436,612,640,647,694,815,838,911,933,948,1054,1117,1118,1126,1170,1210,1273,1293,1297,1390,1398,1424,1470,1472,1478,1481,1486,1609,1661,1668,1679,1734,1736,1744,1751,1755,1762,1807,1811,1814,1916,1920,2053,2092,2109,2114,2118,2120,2123,2134,2149,3037,3486,3487,3577,4093,4391,4553,4677,
149;1;2117;2122;1;3,24,95,136,137,139,144,145,148,225,226,249,288,292,351,377,379,398,400,404,429,436,612,640,647,694,815,838,911,948,1054,1117,1118,1170,1210,1273,1293,1297,1398,1424,1472,1478,1481,1661,1668,1679,1736,1744,1751,1755,1762,1807,1811,1814,1916,1920,2053,2092,2109,2134,2149,3037,3486,3487,3577,4093,4553,4677,8557,8559,9031,9032,9112,9115,9132,9137,9148,9149,9150,9151,
869;0;2122;2225;1;24,30,55,88,97,144,189,221,225,234,249,277,288,292,295,329,377,398,512,608,694,767,773,814,854,1085,1117,1275,1278,1293,1395,1474,1478,1481,1914,1915,1980,1984,1997,1999,2027,2091,2158,2423,2529,2670,2677,2898,2968,2988,3070,3369,3486,3577,3855,3933,3934,3935,3936,3937,3938,3939,3940,3941,4093,4492,4624,4710,4816,4864,5308,5454,5511,6098,6099,7125,7217,7423,8238,8510,
1068;0;2225;2331;1;24,30,55,88,97,144,189,221,225,234,249,277,288,292,295,329,377,398,512,608,694,767,773,814,854,1085,1117,1275,1278,1293,1395,1474,1478,1481,1914,1915,1980,1984,1997,1999,2027,2091,2158,2423,2529,2670,2677,2898,2968,2988,3070,3369,3486,3577,3855,3933,3934,3935,3936,3937,3938,3939,3940,3941,4093,4492,4624,4710,4816,4864,5308,5454,5511,6098,6099,7125,7217,7423,8238,8510,
822;0;2331;2440;1;24,30,55,88,97,144,189,221,225,234,249,277,288,292,295,329,377,398,512,608,694,767,773,814,854,1085,1117,1275,1278,1293,1395,1474,1478,1481,1914,1915,1980,1984,1997,1999,2027,2091,2158,2423,2529,2670,2677,2898,2968,2988,3070,3369,3486,3577,3855,3933,3934,3935,3936,3937,3938,3939,3940,3941,4093,4492,4624,4710,4816,4864,5308,5454,5511,6098,6099,7125,7217,7423,8238,8510,
75;0;2440;2462;1;24,30,55,88,97,144,189,221,225,234,249,277,288,292,295,329,377,398,512,608,694,767,773,814,854,1085,1117,1275,1278,1293,1395,1474,1478,1481,1914,1915,1980,1984,1997,1999,2027,2091,2158,2423,2529,2670,2677,2898,2968,2988,3070,3369,3486,3577,3855,3933,3934,3935,3936,3937,3938,3939,3940,3941,4093,4492,4624,4710,4816,4864,5308,5454,5511,6098,6099,7125,7217,7423,8238,8510,
75;1;2462;2554;1;24,30,55,88,97,144,189,221,225,234,249,277,288,292,295,329,377,398,512,608,694,767,773,814,854,1085,1117,1275,1278,1293,1395,1474,1478,1481,1914,1915,1980,1984,1997,1999,2027,2091,2158,2423,2529,2670,2677,2898,2968,2988,3070,3369,3486,3577,3855,3933,3934,3935,3936,3937,3938,3939,3940,3941,4093,4492,4624,4710,4816,4864,5308,5454,5511,6098,6099,7125,7217,7423,8238,8510,
191;0;2880;2983;1;24,30,55,88,97,100,144,189,221,225,234,249,277,288,292,295,329,343,377,398,512,608,666,677,694,715,767,773,814,854,1085,1117,1275,1278,1293,1309,1395,1474,1478,1481,1529,1843,1914,1915,1980,1984,1997,2091,2158,2628,2651,2677,2679,2821,2898,2955,2968,2988,3015,3070,3486,3855,4369,5454,5525,5637,5859,6023,6024,6099,6225,6449,6450,6451,6452,6453,6454,6455,7217,7423,
191;1;2983;2994;1;24,30,55,60,88,97,100,144,189,221,225,234,249,277,288,292,295,329,343,377,398,512,598,608,634,666,677,694,715,767,773,814,854,1085,1087,1117,1262,1275,1278,1293,1295,1309,1474,1478,1481,1529,1781,1843,1914,1915,1980,1984,2091,2158,2173,2220,2628,2651,2677,2679,2821,2898,2968,2988,3070,3486,3855,4217,4369,4456,5454,5525,5637,5949,6023,6024,6099,6225,7217,7423,
1011;0;2994;3109;1;24,28,30,46,55,60,88,97,100,144,189,206,225,234,249,277,288,292,295,329,343,377,398,608,634,666,677,694,715,773,814,854,979,1117,1293,1295,1474,1478,1481,1529,1561,1781,1843,1914,1915,1980,1984,2091,2158,2220,2305,2628,2651,2677,2679,2821,2898,2968,2988,3006,3070,3486,3796,3808,3855,3900,3906,4217,4273,4274,4275,4369,5454,5525,5637,6023,6024,6099,6225,7423,
1030;0;3109;3228;1;17,24,28,30,46,55,60,97,100,144,189,206,225,234,277,288,292,295,329,377,398,490,608,634,666,677,694,715,773,814,854,979,1117,1196,1293,1295,1474,1478,1481,1529,1561,1582,1781,1843,1914,1915,1935,1980,1984,2091,2158,2305,2628,2679,2765,2821,2836,2898,2924,2940,2941,2959,2968,2988,3006,3070,3486,3808,3906,4217,4273,4319,4320,4321,4369,5525,5637,6024,6099,6225,
951;0;3228;3354;1;17,24,28,30,46,55,60,97,100,144,189,206,225,234,277,288,292,295,329,377,398,490,608,634,666,677,694,715,773,814,854,979,1117,1196,1293,1295,1339,1474,1478,1481,1529,1561,1582,1781,1843,1914,1915,1935,1980,1984,2091,2158,2305,2628,2679,2765,2821,2836,2898,2924,2940,2941,2959,2968,2988,3006,3070,3486,3808,3906,4217,4273,4319,4320,4369,5525,5637,6024,6099,6225,
358;0;3354;3519;0;17,24,28,30,46,55,60,97,100,144,189,206,225,234,277,288,292,295,329,377,398,490,608,634,666,677,694,715,773,814,854,979,1117,1196,1293,1295,1339,1474,1478,1481,1529,1561,1582,1781,1843,1914,1915,1935,1980,1984,2091,2158,2305,2628,2679,2765,2821,2836,2898,2924,2940,2941,2959,2968,2988,3006,3070,3486,3808,3906,4217,4273,4369,5525,5637,6024,6099,6225,8496,8497,
358;1;3519;3685;0;24,28,46,55,137,143,144,149,177,178,179,180,182,183,189,225,288,304,308,390,391,395,398,677,814,838,891,938,979,1117,1145,1146,1147,1148,1149,1163,1165,1166,1167,1168,1170,1171,1172,1173,1174,1210,1234,1469,1481,1736,1737,1740,1744,1746,1747,1750,1751,1755,1759,1762,1763,1764,1765,1769,1771,2968,3006,3486,3487,3490,3500,3501,3808,3906,4273,5434,5525,5637,6024,6099,
317;0;3685;3851;0;24,28,46,55,137,143,144,149,177,178,179,180,182,183,189,225,288,304,308,390,391,395,398,677,814,838,891,938,979,1117,1145,1146,1147,1148,1149,1163,1165,1166,1167,1168,1170,1171,1172,1173,1174,1210,1234,1469,1481,1736,1737,1740,1744,1746,1747,1750,1751,1755,1759,1762,1763,1764,1765,1769,1771,2968,3006,3486,3487,3490,3500,3501,3808,3906,4273,5434,5525,5637,6024,6099,
317;1;3851;4011;0;24,28,46,55,137,143,144,149,177,178,179,180,182,183,189,225,288,304,308,390,391,395,398,677,814,838,891,938,979,1117,1145,1146,1147,1148,1149,1163,1165,1166,1167,1168,1170,1171,1172,1173,1174,1210,1234,1469,1481,1736,1737,1740,1744,1746,1747,1750,1751,1755,1759,1762,1763,1764,1765,1769,1771,2968,3006,3486,3487,3490,3500,3501,3808,3906,4273,5434,5525,5637,6024,6099,
94;0;4011;4172;0;24,28,46,55,137,143,144,149,177,178,179,180,182,183,189,225,288,304,308,390,391,395,398,677,814,838,891,938,979,1117,1145,1146,1147,1148,1149,1163,1165,1166,1167,1168,1170,1171,1172,1173,1174,1210,1234,1469,1481,1736,1737,1740,1744,1746,1747,1750,1751,1755,1759,1762,1763,1764,1765,1769,1771,2968,3006,3486,3487,3490,3500,3501,3808,3906,4273,5434,5525,5637,6024,6099,
94;1;4172;4329;0;24,28,46,55,137,143,144,149,177,178,179,180,182,183,189,225,288,304,308,390,391,395,398,677,814,838,891,938,979,1117,1145,1146,1147,1148,1149,1163,1165,1166,1167,1168,1170,1171,1172,1173,1174,1210,1234,1469,1481,1736,1737,1740,1744,1746,1747,1750,1751,1755,1759,1762,1763,1764,1765,1769,1771,2968,3006,3486,3487,3490,3500,3501,3808,3906,4273,5434,5525,5637,6024,6099,
16;0;4329;4499;0;24,28,46,55,137,143,144,149,177,178,179,180,182,183,189,225,288,304,308,390,391,395,398,579,677,814,838,891,938,979,1117,1145,1146,1147,1148,1149,1163,1165,1166,1167,1168,1170,1171,1172,1173,1174,1210,1234,1469,1481,1736,1737,1740,1744,1746,1747,1750,1751,1755,1759,1762,1763,1764,1765,1769,1771,2968,3006,3486,3487,3490,3500,3501,3808,3906,4273,5525,5637,6024,6099,
16;1;4499;4636;0;24,28,46,55,137,143,144,149,177,178,179,180,182,183,189,225,288,304,308,390,391,395,398,579,677,814,838,891,938,979,1117,1145,1146,1147,1148,1149,1163,1165,1166,1167,1168,1170,1171,1172,1173,1174,1210,1234,1469,1481,1736,1737,1740,1744,1746,1747,1750,1759,1762,1763,2943,2968,3006,3808,3906,4273,5525,5637,6024,6099,8014,8551,8555,9032,9075,9101,9102,9103,9104,9105,
304;0;4636;4762;0;24,28,46,55,137,143,144,149,177,178,179,180,182,183,189,225,288,304,308,390,391,395,398,579,677,814,838,891,938,979,1117,1145,1146,1147,1148,1149,1163,1165,1166,1167,1168,1170,1171,1172,1173,1174,1210,1234,1469,1481,1736,1737,1740,1744,1746,1747,1750,1759,1762,1763,1814,2943,2968,3006,3808,3906,4273,5525,5637,6024,6099,8014,8551,8555,9032,9075,9101,9102,9103,9104,
304;1;4762;4926;0;24,28,46,55,137,143,144,149,177,178,179,180,182,183,189,225,288,304,308,390,391,395,398,579,677,814,838,891,938,979,1051,1117,1145,1146,1147,1148,1149,1163,1165,1166,1167,1168,1170,1171,1172,1173,1174,1210,1234,1469,1481,1736,1737,1740,1744,1746,1747,1750,1759,1762,1763,1814,2489,2490,2943,2968,3006,3808,3906,4273,5525,5637,6024,6099,8014,8551,8555,9032,9075,9101,
221;0;4926;5055;0;3,24,28,40,137,144,177,178,179,180,181,182,184,189,193,198,210,248,255,288,304,362,363,390,398,528,561,581,722,732,803,978,979,1048,1051,1054,1145,1146,1287,1297,1358,1604,1701,1763,1898,1945,1970,1971,2080,2089,2149,2179,2257,2273,2315,2564,2922,2968,3606,3707,3808,3831,3861,3866,3907,4026,4215,4216,4273,5097,5098,5099,5100,5101,6790,6791,6792,6793,6794,6795,
221;1;5055;5206;0;3,24,28,40,137,144,177,178,179,180,181,182,184,189,193,198,210,248,255,288,304,362,363,390,398,528,561,581,722,732,803,978,979,1048,1051,1054,1145,1146,1287,1297,1358,1604,1701,1763,1898,1945,1970,1971,2080,2089,2149,2179,2257,2273,2315,2564,2922,2968,3606,3707,3808,3831,3861,3866,3907,4026,4215,4216,4273,5097,5098,5099,5100,5101,6790,6791,6792,6793,6794,6795,
385;0;5206;5371;0;3,24,28,40,137,144,177,178,179,180,181,182,184,189,193,198,210,248,255,288,304,362,363,390,398,528,561,581,722,732,803,978,979,1048,1051,1054,1145,1146,1287,1297,1358,1604,1701,1763,1898,1945,1970,1971,2080,2089,2149,2179,2257,2273,2315,2564,2922,2968,3606,3707,3808,3831,3861,3866,3907,4026,4215,4216,4273,5097,5098,5099,5100,5101,6790,6791,6792,6793,6794,6795,
385;1;5371;5460;0;3,24,28,40,137,144,177,178,179,180,181,182,184,189,193,198,210,248,255,288,304,362,363,390,398,528,561,581,722,732,803,978,979,1048,1051,1054,1145,1146,1287,1297,1358,1604,1701,1763,1898,1945,1970,1971,2080,2089,2149,2179,2257,2273,2315,2564,2922,2968,3606,3707,3808,3831,3861,3866,3907,4026,4215,4216,4273,5097,5098,5099,5100,5101,6790,6791,6792,6793,6794,6795,
67;0;5460;5606;0;3,24,28,40,137,144,177,178,179,180,181,182,184,189,193,198,210,248,255,288,304,362,363,390,398,528,561,581,722,732,803,978,979,1048,1051,1054,1145,1146,1287,1297,1358,1604,1701,1763,1898,1945,1970,1971,2080,2089,2149,2179,2257,2273,2315,2564,2922,2968,3606,3707,3808,3831,3861,3866,3907,4026,4215,4216,4273,5097,5098,5099,5100,5101,6790,6791,6792,6793,6794,6795,
67;1;5760;5864;0;3,24,28,40,117,137,144,177,178,179,180,181,182,184,189,193,198,210,248,255,268,273,288,304,351,362,363,390,398,528,561,581,591,722,732,803,978,979,1048,1051,1054,1145,1146,1287,1297,1358,1604,1701,1752,1763,1898,1919,1945,1970,1971,1974,2080,2089,2149,2315,2564,2573,2804,2968,3099,3808,3915,4026,4273,4469,4504,4565,5197,6223,6365,6791,8655,8975,8976,8977,
276;0;5864;5959;0;3,24,28,40,46,55,117,137,144,177,178,179,180,181,182,184,189,193,198,210,248,255,268,273,288,304,351,362,363,390,398,503,528,561,581,591,722,732,803,978,979,1048,1051,1054,1145,1146,1287,1297,1358,1562,1604,1701,1716,1752,1763,1898,1945,1970,1971,2018,2036,2074,2090,2315,2564,2573,2890,2968,3006,3099,3246,3449,3808,3906,3915,4026,4114,4273,6791,8655,
276;1;5959;6111;0;3,24,28,40,46,55,117,137,144,177,178,179,180,181,182,184,189,193,198,210,248,255,268,273,288,304,351,362,363,390,398,503,528,561,581,591,722,732,803,875,978,979,1048,1051,1054,1145,1146,1273,1277,1287,1294,1297,1358,1562,1604,1701,1716,1752,1763,1898,1945,1970,1971,2036,2074,2315,2564,2573,2965,2966,2967,2968,2969,3099,3449,3915,4026,4114,6791,8655,
29;0;6111;6262;0;3,24,28,46,55,117,137,144,177,198,210,248,268,273,288,351,390,398,528,591,979,1051,1054,1145,1146,1277,1287,1294,1297,1358,1604,1752,1898,2036,2315,2564,3099,3449,3686,3915,5951,5963,5968,5969,5976,5980,5987,5988,6007,6079,6360,6537,6538,6539,6541,6542,6549,6550,6552,6557,6559,6560,6741,6791,6930,7132,7134,7286,8083,8084,8085,8086,8087,8088,8089,8090,8091,8092,8093,8655,
29;1;6262;6340;0;3,24,28,46,55,117,137,144,177,198,210,248,268,273,288,339,351,390,398,528,591,979,1051,1054,1145,1146,1277,1287,1294,1297,1358,1604,1752,1898,2036,2315,2564,3099,3449,3686,3915,5951,5963,5968,5969,5976,5980,5987,5988,6007,6079,6360,6537,6538,6539,6541,6542,6549,6550,6552,6557,6559,6560,6741,6791,6930,7132,7134,7286,8083,8084,8085,8086,8087,8088,8089,8090,8091,8092,8655,
239;0;6340;6429;0;3,24,28,46,55,117,137,144,177,198,210,248,268,273,288,339,351,390,398,528,591,979,1051,1054,1145,1146,1277,1287,1294,1297,1358,1604,1752,1898,2036,2315,2564,3099,3449,3686,3915,5951,5963,5968,5969,5976,5980,5987,5988,6007,6079,6360,6537,6538,6539,6541,6542,6549,6550,6552,6557,6559,6560,6741,6791,6930,7132,7134,7286,7368,8083,8084,8085,8086,8087,8088,8089,8090,8091,8655,
239;1;6429;6567;0;1,3,24,28,46,55,117,137,144,149,177,198,231,241,262,273,288,321,390,391,396,398,400,528,640,677,814,827,979,1051,1054,1096,1097,1204,1287,1294,1397,1398,1401,1476,1477,1481,1502,1681,1682,1752,1898,2036,2109,2134,2315,2468,2564,2644,2661,2690,2821,3099,3278,3915,4832,5246,5249,5275,5276,5277,5525,5530,5637,5640,5722,5868,6024,6025,6099,6496,6561,6562,6563,6564,
186;0;6567;6611;0;1,3,24,28,46,55,117,137,144,149,177,198,231,241,262,273,288,321,390,391,396,398,400,528,640,677,814,827,979,1051,1054,1096,1097,1204,1287,1294,1397,1398,1401,1476,1477,1481,1502,1681,1682,1752,1898,2036,2109,2134,2315,2468,2564,2644,2661,2690,2821,3099,3278,3915,4832,5246,5249,5275,5276,5277,5525,5530,5637,5640,5722,5868,6024,6025,6099,6496,6561,6562,6563,6564,
186;1;7200;7378;0;3,24,28,46,55,103,117,137,144,149,177,198,231,241,262,273,288,289,294,321,390,391,396,398,400,430,445,528,640,677,827,979,1051,1054,1214,1287,1294,1398,1401,1450,1476,1481,1502,1513,1567,1681,1752,1898,1922,2036,2134,2315,2380,2543,2564,2661,2690,2897,2898,2899,2900,2901,2902,2903,2904,2905,2906,2907,2908,2909,2910,2911,2912,2913,3099,3915,5525,5530,5637,5868,
22;0;7378;7458;0;3,24,28,46,55,95,97,103,117,137,144,149,177,198,231,241,262,273,288,289,294,321,390,391,395,396,398,400,401,430,445,528,640,677,827,979,1050,1051,1052,1054,1214,1287,1294,1359,1398,1401,1476,1481,1502,1513,1567,1669,1681,1752,1898,1922,2036,2134,2315,2355,2426,2543,2564,2661,2690,2897,2898,2900,2901,2903,2904,2905,2907,2913,3099,3915,5525,5530,5637,5868,
22;1;7458;7597;0;3,24,28,46,55,95,100,103,117,137,144,149,177,198,231,241,262,273,288,289,321,390,391,395,396,398,400,401,430,528,609,640,666,715,862,979,1050,1051,1054,1214,1287,1294,1346,1359,1365,1398,1401,1476,1481,1502,1513,1567,1599,1669,1681,1752,1898,1922,2036,2315,2339,2475,2564,2661,2678,2689,2690,2904,3099,3915,4645,5525,5530,5538,5637,5869,6311,6314,6322,7871,
241;0;7597;7744;0;3,24,28,46,55,60,95,100,103,117,137,144,149,177,198,214,231,241,262,273,288,289,321,390,391,395,396,398,400,401,430,528,609,640,715,882,979,1050,1051,1054,1214,1287,1293,1294,1359,1398,1401,1476,1481,1502,1513,1567,1669,1681,1752,1898,1922,1980,2005,2036,2158,2315,2339,2564,2661,2678,2690,2904,3099,3542,3915,4221,4222,4223,4224,4225,5525,5538,5637,5869,
241;1;7744;7808;0;3,24,28,46,55,60,95,100,103,117,137,144,149,177,198,225,231,241,262,273,277,288,289,290,321,390,391,395,396,398,400,401,429,430,528,609,640,647,715,855,979,1050,1051,1054,1214,1287,1293,1294,1359,1398,1401,1476,1478,1481,1502,1513,1567,1669,1681,1752,1898,1922,1980,2036,2315,2339,2564,2661,2678,2690,2904,3099,3915,4225,5516,5525,5538,5596,5637,5869,
87;0;7808;7883;0;3,24,28,46,55,60,95,100,103,117,137,144,149,177,198,225,231,262,273,277,288,289,290,321,390,391,396,398,400,401,429,528,609,640,647,715,855,979,1050,1051,1054,1287,1293,1294,1359,1398,1401,1476,1478,1481,1502,1513,1567,1669,1679,1681,1752,1898,1922,2036,2315,2339,2495,2564,2661,2690,2814,2904,3099,3915,4225,4545,4972,5525,5538,5637,5767,5768,5769,5770,
87;1;7883;8014;0;100,137,144,149,225,226,230,231,262,273,277,289,290,301,314,377,379,382,644,647,838,852,854,938,1046,1093,1117,1118,1171,1207,1442,1447,1474,1476,1478,1493,1513,1567,1661,1667,1668,1728,1729,1736,1768,1922,1973,2222,2299,2362,2391,2405,2503,2636,2638,2675,3000,3099,3436,3437,3438,3439,3440,3441,3442,3443,3793,5054,5138,5379,5808,6263,6401,6418,6419,7840,8125,8127,8544,8545,
117;0;8014;8056;0;100,137,144,149,225,226,230,231,262,273,277,289,290,301,314,377,379,382,644,647,838,852,854,938,1046,1093,1117,1118,1171,1207,1442,1447,1474,1476,1478,1493,1513,1567,1661,1667,1668,1728,1729,1736,1768,1922,1973,2222,2299,2362,2391,2405,2503,2636,2638,2675,3000,3099,3436,3437,3438,3439,3440,3441,3442,3443,3793,5054,5138,5379,5808,6263,6401,6418,6419,7840,8125,8127,8544,8545,
117;1;8056;8213;0;100,137,144,149,225,226,230,231,262,273,277,289,290,301,314,377,379,382,644,647,838,852,854,938,1046,1093,1117,1118,1171,1207,1442,1447,1474,1476,1478,1493,1513,1567,1661,1667,1668,1728,1729,1736,1768,1922,1973,2222,2299,2362,2391,2405,2503,2636,2638,2675,3000,3099,3436,3437,3438,3439,3440,3441,3442,3443,3793,5054,5138,5379,5808,6263,6401,6418,6419,7840,8125,8127,8544,8545,
159;0;8213;8378;0;100,137,144,149,225,226,230,231,262,273,277,289,290,301,314,377,379,382,644,647,838,852,854,938,1046,1093,1117,1118,1171,1207,1442,1447,1474,1476,1478,1493,1513,1567,1661,1667,1668,1728,1729,1736,1768,1922,1973,2222,2299,2362,2391,2405,2503,2636,2638,2675,3000,3099,3436,3437,3438,3439,3440,3441,3442,3443,3793,5054,5138,5379,5808,6263,6401,6418,6419,7840,8125,8127,8544,8545,
159;1;8640;8670;0;100,137,144,149,197,225,226,230,231,262,273,277,289,290,301,314,377,379,382,466,644,647,826,838,852,854,938,1046,1093,1117,1118,1171,1207,1267,1341,1442,1447,1474,1476,1478,1493,1513,1567,1661,1667,1668,1728,1729,1736,1768,1781,1922,1973,2197,2222,2299,2362,2391,2405,2503,2636,2638,2675,3000,3099,3410,3436,3437,3438,3439,3774,4487,4488,5471,5682,6263,6401,7671,8836,8838,
88;0;8670;8674;0;98,100,137,144,149,197,225,226,230,231,234,235,262,267,273,277,283,289,290,291,301,306,308,310,314,377,379,382,466,644,647,826,838,852,854,938,1046,1093,1117,1118,1121,1171,1207,1267,1341,1442,1447,1474,1476,1478,1493,1513,1567,1661,1667,1668,1681,1728,1729,1736,1768,1920,1922,1973,2052,2299,2370,2376,2391,2675,3099,4424,4425,4426,4427,4428,4429,4430,6263,6401,
88;1;8674;8854;0;98,100,137,144,149,197,225,226,230,231,234,235,262,267,273,277,283,289,290,291,301,306,308,310,314,377,379,382,438,466,644,647,838,854,931,1046,1093,1117,1118,1121,1171,1207,1474,1476,1478,1513,1567,1661,1668,1669,1681,1920,1922,1973,2092,2299,2337,2391,2645,2675,2774,2775,2778,3099,3263,3651,3970,4428,4600,4740,5053,5340,5901,6263,6401,6475,7403,7404,7405,7406,
362;0;8854;8907;0;98,100,137,144,149,197,225,226,230,231,234,235,262,267,273,277,283,289,290,291,301,306,308,310,314,377,379,382,438,466,644,647,838,854,931,1046,1093,1117,1118,1121,1171,1207,1474,1476,1478,1513,1567,1661,1668,1669,1681,1920,1922,1973,2092,2299,2337,2391,2645,2675,2774,2775,2778,3099,3263,3651,3970,4428,4600,4740,5053,5340,5901,6263,6401,6475,6849,7403,7404,7405,
362;1;8907;9036;0;98,100,137,144,149,197,225,226,230,231,234,235,262,267,273,277,283,289,290,291,301,306,308,310,314,377,379,382,438,466,644,647,838,854,858,931,1046,1093,1117,1118,1121,1171,1207,1474,1476,1478,1513,1567,1661,1668,1669,1681,1920,1922,1973,2092,2299,2337,2391,2645,2675,2774,2775,2778,3099,3263,3511,3527,3532,4428,4633,4740,4949,5053,5116,5340,5343,6263,6401,6475,
829;0;9036;9214;0;98,100,137,144,149,197,225,226,230,231,234,235,262,267,273,277,283,289,290,291,301,306,308,310,314,377,379,382,438,466,644,647,838,854,858,931,1046,1093,1117,1118,1121,1171,1207,1474,1476,1478,1513,1567,1661,1668,1669,1681,1920,1922,1973,2092,2299,2337,2391,2645,2675,2774,2775,2778,3099,3263,3511,3527,3532,4428,4633,4740,4949,5053,5340,5343,6263,6401,6475,8289,
898;0;9214;9391;0;16,79,127,137,144,149,206,224,225,233,262,267,274,275,277,289,290,306,310,314,379,412,564,769,843,854,948,951,979,1072,1093,1118,1207,1287,1288,1293,1474,1478,1518,1610,1668,1836,1884,1898,1973,2259,2398,2410,2417,2418,2419,2420,2421,2559,2588,2645,2658,2680,2774,2775,2778,2849,3099,3263,4747,4854,5331,5340,5370,5531,5668,5683,5684,5685,5686,5687,5688,5689,5757,6389,
952;0;9391;9566;0;16,79,127,137,144,149,206,224,225,233,262,267,274,275,277,289,290,306,310,314,379,412,564,769,843,854,948,951,979,1072,1093,1118,1207,1287,1288,1293,1474,1478,1518,1610,1668,1836,1884,1898,1973,2259,2398,2410,2417,2418,2419,2420,2421,2559,2588,2645,2658,2680,2774,2775,2778,2849,3099,3263,4747,4854,5331,5340,5370,5531,5668,5683,5684,5685,5686,5687,5688,5689,5757,6389,
143;0;9566;9659;0;16,79,127,137,144,149,206,224,225,233,262,267,274,275,277,289,290,306,310,314,379,412,564,769,843,854,948,951,979,1072,1093,1118,1207,1287,1288,1293,1474,1478,1518,1610,1668,1836,1884,1898,1973,2259,2398,2410,2417,2418,2419,2420,2421,2559,2588,2645,2658,2680,2774,2775,2778,2849,3099,3263,4747,4854,5331,5340,5370,5531,5668,5683,5684,5685,5686,5687,5688,5689,5757,6389,
143;1;9659;9740;0;16,79,127,137,144,149,206,224,225,233,262,267,274,275,277,289,290,306,310,314,379,412,564,769,843,854,948,951,979,1072,1093,1118,1207,1287,1288,1293,1474,1478,1518,1610,1668,1836,1884,1898,1973,2259,2398,2410,2417,2418,2419,2420,2421,2559,2588,2645,2658,2680,2774,2775,2778,2849,3099,3263,4747,4854,5331,5340,5370,5531,5668,5683,5684,5685,5686,5687,5688,5689,5757,6389,
353;0;9740;9843;0;16,79,127,137,144,149,206,224,225,233,262,267,274,275,277,289,290,306,310,314,379,412,564,769,843,854,948,951,979,1072,1093,1118,1207,1287,1288,1293,1474,1478,1518,1610,1668,1836,1884,1898,1973,2259,2398,2410,2417,2418,2419,2420,2421,2559,2588,2645,2658,2680,2774,2775,2778,2849,3099,3263,4747,4854,5331,5340,5370,5531,5668,5683,5684,5685,5686,5687,5688,5689,5757,6389,
353;1;10080;10146;0;79,101,103,127,144,149,206,225,262,267,277,289,306,310,313,314,348,379,436,609,691,715,854,948,979,1093,1118,1207,1287,1288,1293,1474,1478,1481,1668,1973,2461,2498,2643,2645,2690,2774,2775,2778,3099,3263,3745,3915,4937,5296,5370,5392,5525,5538,5637,5726,6026,6225,6334,7294,7295,7296,7297,7298,7299,7300,7301,7302,7303,7304,7305,7306,7307,7308,7309,7310,7311,7312,7313,7314,
140;0;10146;10191;0;2,79,101,103,127,139,144,149,206,225,262,267,277,289,306,310,313,314,348,379,397,436,609,691,715,854,948,952,979,1093,1116,1118,1207,1287,1288,1293,1474,1478,1481,1666,1668,1752,1973,2461,2498,2643,2645,2690,2774,2775,2778,2904,3099,3263,3630,3631,3632,3633,3634,3635,3636,3637,3638,3745,3915,4937,5296,5370,5392,5525,5538,5637,5726,6026,6225,6334,7294,7295,7296,7299,
140;1;10191;10312;0;2,79,101,103,127,139,144,149,206,225,262,267,277,289,306,310,313,314,348,379,397,436,609,691,715,854,904,948,952,979,1093,1116,1118,1207,1287,1288,1293,1474,1478,1481,1666,1668,1680,1752,1973,2461,2498,2643,2645,2690,2774,2775,2778,2904,3099,3263,3630,3631,3632,3633,3634,3635,3636,3637,3638,3745,3915,4937,5296,5370,5392,5525,5538,5637,5726,6026,6225,6334,7294,7299,
51;0;10312;10469;0;2,79,101,103,127,139,144,149,206,225,262,267,277,289,306,310,313,314,348,379,397,436,609,691,715,854,904,948,952,979,1093,1116,1118,1207,1287,1288,1293,1474,1478,1481,1666,1668,1680,1752,1973,2461,2498,2643,2645,2690,2774,2775,2778,2904,3099,3263,3630,3631,3632,3633,3634,3635,3636,3637,3638,3705,3745,4280,4937,5370,5525,5538,7294,7299,7395,8076,8077,8078,8079,8081,
51;1;10469;10477;0;2,26,79,101,103,127,139,144,149,206,225,262,267,277,289,306,310,313,314,348,379,397,436,609,691,715,854,904,948,952,979,1093,1116,1118,1207,1287,1288,1293,1474,1478,1481,1666,1668,1680,1752,1973,2461,2498,2643,2645,2690,2774,2775,2778,2904,3099,3263,3630,3631,3632,3633,3634,3635,3636,3637,3638,3705,3745,4280,4937,5370,5525,5538,7294,7299,7367,7395,8076,8077,8078,
1153;0;10477;10641;0;2,26,79,101,103,127,139,144,146,149,206,225,245,262,267,277,289,306,310,313,314,348,379,397,436,609,691,715,854,904,948,952,979,1093,1116,1118,1207,1287,1288,1293,1474,1478,1479,1481,1666,1668,1680,1752,1973,2117,2461,2498,2509,2643,2645,2690,2774,2775,2778,2904,3099,3263,3630,3631,3632,3633,3634,3635,3636,3637,3638,3705,4405,4937,5050,5370,5525,5538,7294,7299,
837;0;10641;10801;0;2,6,17,26,27,30,34,142,150,169,202,206,208,225,251,391,404,415,484,497,632,753,784,794,813,854,911,979,987,989,995,1050,1051,1053,1091,1160,1196,1233,1287,1288,1293,1434,1463,1479,1603,1657,1719,1887,1918,1935,1973,1992,2036,2157,2198,2305,2306,2412,2413,2564,2570,2895,2937,2941,3070,3336,3627,4225,4247,4327,4510,4982,5435,5487,5488,5489,5632,6390,6391,6392,
1103;0;10801;10961;0;2,6,17,26,27,30,34,142,150,169,202,206,208,225,251,391,404,415,484,497,632,753,784,794,813,854,911,979,987,989,995,1050,1051,1053,1091,1160,1196,1233,1287,1288,1293,1434,1463,1479,1603,1657,1719,1887,1918,1935,1973,1992,2036,2157,2198,2305,2306,2412,2413,2564,2570,2895,2937,2941,3070,3336,3627,4225,4247,4327,4510,4982,5435,5487,5488,5489,5632,6390,6391,6392,
914;0;10961;11120;0;2,6,17,26,27,30,34,142,150,169,202,206,208,225,251,391,404,415,484,497,632,753,784,794,813,854,911,979,987,989,995,1050,1051,1053,1091,1160,1196,1233,1287,1288,1293,1434,1463,1479,1603,1657,1719,1887,1918,1935,1973,1992,2036,2157,2198,2305,2306,2412,2413,2564,2570,2895,2937,2941,3070,3336,3627,4225,4247,4327,4510,4982,5435,5487,5488,5489,5632,6390,6391,6392,
1132;0;11120;11277;0;2,6,17,26,27,30,34,142,150,169,202,206,208,225,251,391,404,415,484,497,632,753,784,794,813,854,911,979,987,989,995,1050,1051,1053,1091,1160,1196,1233,1287,1288,1293,1434,1463,1479,1603,1657,1719,1887,1918,1935,1973,1992,2036,2157,2198,2305,2306,2412,2413,2564,2570,2895,2937,2941,3070,3336,3627,4225,4247,4327,4510,4982,5435,5487,5488,5489,5632,6390,6391,6392,
1216;0;11277;11431;0;2,6,17,26,27,30,34,142,150,169,202,206,208,225,251,391,404,415,484,497,632,753,784,794,813,854,911,979,987,989,995,1050,1051,1053,1091,1160,1196,1233,1287,1288,1293,1434,1463,1479,1603,1657,1719,1887,1918,1935,1973,1992,2036,2157,2198,2305,2306,2412,2413,2564,2570,2895,2937,2941,3070,3336,3627,4225,4247,4327,4510,4982,5435,5487,5488,5489,5632,6390,6391,6392,
989;0;11520;11672;0;2,6,17,24,26,27,28,30,34,35,38,142,150,169,175,196,202,206,208,225,251,374,391,404,415,484,497,569,632,753,784,794,813,854,911,979,987,989,995,1050,1051,1053,1091,1160,1196,1233,1284,1287,1288,1293,1434,1463,1479,1603,1657,1693,1853,1918,1973,1984,1989,2036,2203,2216,2334,2518,2519,2523,2527,2825,2826,2827,2829,2830,2831,2832,2833,2834,2941,3627,
335;0;11672;11806;0;2,6,17,24,26,27,28,30,34,35,38,61,117,142,150,169,175,196,202,206,208,225,251,374,391,404,415,484,497,529,569,632,634,753,778,784,794,813,854,911,979,987,989,995,1050,1051,1053,1091,1270,1279,1284,1285,1287,1288,1289,1290,1293,1463,1479,1603,1853,1876,1915,1918,1973,2036,2216,2265,2407,2516,2519,2941,3402,3627,4217,5540,7009,7999,8354,8355,
335;1;11806;11823;0;2,6,17,24,26,27,28,30,34,35,38,61,117,142,150,169,175,196,202,206,208,225,251,374,391,404,415,484,497,529,569,632,634,753,778,784,794,813,854,911,979,987,989,995,1050,1051,1053,1091,1270,1279,1284,1285,1287,1288,1289,1290,1293,1463,1479,1603,1853,1876,1915,1918,1973,2036,2216,2265,2407,2516,2519,2941,3402,3627,4217,5540,7009,7452,7999,8354,
1015;0;11823;11972;0;2,6,17,24,26,27,28,30,34,35,38,61,117,142,150,169,175,196,202,206,208,225,251,391,404,528,529,536,632,778,854,911,979,989,995,1050,1051,1268,1269,1270,1285,1287,1288,1289,1290,1293,1294,1322,1329,1463,1479,1603,1853,1915,1918,1973,2036,2216,2240,2263,2264,2265,2407,2447,2485,2519,2941,3627,3702,3708,4217,4357,4453,4810,4811,4812,4813,4814,4815,7009,
815;0;11972;12120;0;2,6,17,24,26,27,28,30,34,35,38,61,117,142,150,169,175,196,202,206,208,225,251,391,404,528,529,536,632,778,854,911,979,989,995,1050,1051,1268,1269,1270,1285,1287,1288,1289,1290,1293,1294,1322,1329,1463,1479,1603,1853,1915,1918,1973,2036,2188,2216,2240,2263,2264,2265,2485,2519,2941,3048,3591,3627,3702,3708,3802,4112,4217,4357,4950,4951,4952,4953,7009,
45;0;12120;12189;0;2,6,17,24,26,27,28,30,34,35,38,61,117,142,150,169,175,196,202,206,208,225,251,391,404,528,529,536,632,778,854,911,979,989,995,1050,1051,1268,1269,1270,1285,1287,1288,1289,1290,1293,1294,1322,1329,1463,1479,1603,1853,1915,1918,1973,2036,2188,2216,2240,2263,2264,2265,2485,2519,2941,3048,3447,3591,3627,3702,3708,3802,4112,4217,4357,4598,4599,4950,7009,
45;1;12189;12267;0;24,25,30,34,37,46,52,54,55,60,79,117,126,127,128,142,144,198,225,262,277,288,329,359,379,391,398,400,404,413,551,655,759,778,815,854,855,898,911,949,962,1051,1114,1118,1140,1269,1274,1304,1311,1322,1336,1359,1474,1587,1680,1718,1853,1858,1915,1973,2034,2035,2315,2842,3099,3304,3999,4122,5223,5224,5290,5314,5477,5478,5825,6244,6784,8957,8958,8959,
1059;0;12267;12411;0;24,25,30,34,37,46,52,54,55,60,79,117,126,127,128,142,144,198,225,262,277,288,329,359,379,391,398,400,404,413,551,655,759,778,815,854,855,898,911,949,962,1051,1114,1118,1140,1269,1274,1304,1311,1322,1336,1359,1474,1587,1680,1718,1853,1858,1915,1973,2034,2035,2315,2842,3099,3304,3999,4122,5223,5224,5290,5314,5477,5478,5825,6244,6784,8957,8958,8959,
887;0;12411;12554;0;24,25,30,34,37,46,52,54,55,60,79,117,126,127,128,142,144,198,225,262,277,288,329,359,379,391,398,400,404,413,551,655,759,778,815,854,855,898,911,949,962,1051,1114,1118,1140,1269,1274,1304,1311,1322,1336,1359,1474,1587,1680,1718,1853,1858,1915,1973,2034,2035,2315,2842,3099,3304,3999,4122,5223,5224,5290,5314,5477,5478,5825,6244,6784,8957,8958,8959,
928;0;12554;12695;0;24,25,30,34,37,46,52,54,55,60,79,117,126,127,128,142,144,198,225,262,277,288,329,359,379,391,398,400,404,413,551,655,759,778,815,854,855,898,911,949,962,1051,1114,1118,1140,1269,1274,1304,1311,1322,1336,1359,1474,1587,1680,1718,1853,1858,1915,1973,2034,2035,2315,2842,3099,3304,3999,4122,5223,5224,5290,5314,5477,5478,5825,6244,6784,8957,8958,8959,
282;0;12960;13036;0;24,25,30,34,37,46,52,54,55,60,79,117,126,127,128,139,142,144,198,225,262,277,288,295,329,359,379,391,398,400,404,413,551,655,759,778,815,854,855,898,911,948,949,962,1051,1114,1118,1133,1134,1140,1236,1269,1274,1304,1311,1322,1336,1359,1361,1474,1478,1587,1680,1718,1853,1858,1915,1916,1973,2034,2053,2315,2338,3630,4553,4754,4996,5011,5338,6746,
282;1;13036;13096;0;24,25,30,34,37,46,52,54,55,60,79,95,117,139,142,144,177,198,225,262,267,268,272,277,286,288,295,305,306,310,313,314,321,329,379,385,391,398,400,404,436,854,855,898,911,948,949,1051,1118,1131,1133,1134,1236,1269,1274,1322,1361,1363,1429,1430,1474,1478,1587,1676,1680,1718,1915,1973,2053,2117,2315,2338,2462,3390,3391,3630,4553,4996,5011,5338,
139;0;13096;13151;0;24,25,30,34,37,46,52,54,55,60,79,95,117,139,142,144,177,198,225,262,267,268,272,277,286,288,295,305,306,310,313,314,321,329,379,385,391,398,400,401,404,436,854,855,898,911,948,949,1051,1118,1131,1133,1134,1236,1269,1274,1322,1361,1363,1401,1429,1430,1474,1478,1587,1680,1718,1762,1915,1973,2053,2315,2338,2462,3630,4502,4553,4996,5011,5338,
139;1;13151;13231;0;24,54,60,95,117,139,142,144,177,198,225,262,267,277,288,295,305,306,310,313,314,321,329,379,391,396,398,400,404,436,640,854,855,898,911,948,949,1051,1093,1118,1134,1269,1274,1322,1361,1363,1401,1474,1478,1587,1680,1762,1915,1973,2053,2315,2338,2462,2645,2687,2774,2775,2776,2778,2790,3019,3263,4553,4605,4946,4996,5370,6629,7428,8147,8653,8654,8655,8656,8657,
260;0;13231;13319;0;24,95,117,139,142,144,177,225,262,267,277,288,305,306,310,313,314,321,329,379,391,396,398,400,404,436,640,854,855,948,949,1051,1093,1118,1269,1274,1322,1361,1363,1401,1474,1478,1680,1762,1915,1948,1949,1950,1951,1952,1953,1954,1955,1956,1957,1958,1959,1960,1961,1962,1963,1964,1965,1966,1967,1968,1969,1973,2053,2338,2645,2774,2775,2778,3263,4553,4605,4946,4996,7428,
260;1;13319;13363;0;24,95,117,139,142,144,177,225,262,267,277,288,305,306,310,313,314,321,329,340,379,391,396,398,400,404,436,640,851,854,855,948,949,1051,1093,1118,1269,1274,1322,1361,1363,1401,1474,1478,1481,1680,1762,1915,1948,1949,1950,1951,1952,1953,1954,1955,1956,1957,1973,2053,2338,2645,2774,2775,2778,3263,4553,4605,4946,4996,6517,7428,8190,8196,8198,8199,8200,8201,8202,8203,
1000;0;13363;13492;0;24,95,117,139,142,144,149,177,225,262,277,288,305,306,310,313,315,321,329,379,380,390,391,394,396,398,399,400,404,436,640,854,855,948,949,1051,1054,1055,1061,1093,1118,1145,1149,1231,1269,1274,1322,1361,1363,1401,1474,1478,1481,1604,1680,1726,1762,1809,1822,1823,1824,1825,1826,1827,1828,1829,1830,1831,1832,1915,1973,2053,2338,2774,2775,2778,3263,4553,6517,8190,
253;0;13492;13547;0;3,24,95,100,117,137,139,144,149,225,262,276,277,288,306,321,329,390,391,398,400,404,608,640,769,854,855,927,948,949,1051,1093,1118,1171,1269,1274,1308,1322,1343,1361,1401,1478,1481,1502,1671,1680,1762,1809,1825,1914,1915,1920,1922,2053,2091,2094,2337,2338,2339,2492,2695,2696,2774,2775,2783,3013,3263,4161,4553,5206,6184,6517,7408,7664,7665,7666,7680,7681,7682,7683,
253;1;13547;13619;0;3,24,95,100,117,137,139,144,149,225,262,276,277,288,306,321,329,390,391,398,400,404,429,608,640,769,775,854,855,927,948,949,1051,1093,1118,1146,1171,1269,1274,1308,1322,1343,1361,1398,1401,1472,1478,1481,1502,1671,1680,1762,1809,1825,1914,1915,1920,1922,2053,2091,2094,2337,2338,2339,2492,2695,2696,2774,2775,2783,2816,2951,3013,3263,4553,4821,5206,5739,6184,6517,
1109;0;13619;13743;0;26,27,100,137,139,144,145,149,157,210,225,262,277,289,321,390,400,412,429,540,640,644,765,948,1045,1063,1093,1214,1269,1274,1280,1293,1322,1398,1401,1419,1478,1674,1762,2225,2338,2626,2627,2628,2635,2637,2647,2653,2654,2660,2661,2675,2705,2941,3050,3334,3428,3449,4181,4206,4359,4721,6092,6981,6982,6983,6984,6985,8559,8644,9032,9033,9041,9134,9159,9160,9161,9162,9163,9164,
943;0;13743;13865;0;26,27,100,137,139,144,145,149,157,210,225,262,277,289,321,390,400,412,429,540,640,644,765,948,1045,1063,1093,1214,1269,1274,1280,1293,1322,1398,1401,1419,1478,1674,1762,2225,2338,2626,2627,2628,2635,2637,2647,2653,2654,2660,2661,2675,2705,2941,3050,3334,3428,3449,4181,4206,4359,4721,6092,6981,6982,6983,6984,6985,8559,8644,9032,9033,9041,9134,9159,9160,9161,9162,9163,9164,
853;0;13865;13985;0;26,27,100,137,139,144,145,149,157,210,225,262,277,289,321,390,400,412,429,540,640,644,765,948,1045,1063,1093,1214,1269,1274,1280,1293,1322,1398,1401,1419,1478,1674,1762,2225,2338,2626,2627,2628,2635,2637,2647,2653,2654,2660,2661,2675,2705,2941,3050,3334,3428,3449,4181,4206,4359,4721,6092,6981,6982,6983,6984,6985,8559,8644,9032,9033,9041,9134,9159,9160,9161,9162,9163,9164,
25;0;13985;14066;0;26,27,100,137,139,144,145,149,157,210,225,262,277,289,321,390,400,412,429,540,640,644,765,948,1045,1063,1093,1214,1269,1274,1280,1293,1322,1398,1401,1419,1478,1674,1762,2225,2338,2626,2627,2628,2635,2637,2647,2653,2654,2660,2661,2675,2705,2941,3050,3334,3428,3449,4181,4206,4359,4721,6092,6981,6982,6983,6984,6985,8559,8644,9032,9033,9041,9134,9159,9160,9161,9162,9163,9164,
25;1;14066;14096;0;26,27,100,137,139,144,145,149,157,210,225,262,277,289,321,390,400,412,429,540,640,644,765,948,1045,1063,1093,1214,1269,1274,1280,1293,1322,1398,1401,1419,1478,1674,1762,2225,2338,2626,2627,2628,2635,2637,2647,2653,2654,2660,2661,2675,2705,2941,3050,3334,3428,3449,4181,4206,4359,4721,6092,6981,6982,6983,6984,6985,8559,8644,9032,9033,9041,9134,9159,9160,9161,9162,9163,9164,
153;0;14400;14464;0;26,27,100,137,139,144,145,149,157,210,225,262,277,289,321,390,400,412,429,528,540,640,644,765,948,1045,1063,1093,1214,1268,1269,1274,1280,1287,1293,1295,1297,1322,1398,1401,1419,1478,1674,1702,1762,2225,2261,2338,2419,2420,2444,2446,2626,2627,2628,2635,2637,2647,2653,2654,2660,2661,2675,2705,2941,3050,3334,3428,3449,4181,4206,4359,4721,6092,6981,6982,6983,6984,6985,8559,
153;1;14464;14505;0;26,27,100,137,139,144,145,149,157,210,225,262,277,289,321,390,400,412,429,528,540,640,644,765,948,1045,1063,1093,1214,1268,1269,1274,1280,1287,1293,1295,1297,1322,1398,1401,1419,1478,1541,1674,1702,1762,1980,1993,2059,2060,2061,2062,2063,2064,2065,2066,2067,2068,2069,2070,2225,2261,2338,2419,2420,2444,2446,2626,2627,2628,2635,2637,2647,2653,2654,2660,2661,2675,2705,3050,
896;0;14505;14606;0;26,27,100,137,139,144,145,149,210,225,226,229,230,232,240,241,242,243,262,274,277,289,321,390,400,429,430,528,640,644,765,818,819,821,822,827,948,1045,1092,1093,1099,1268,1287,1293,1295,1322,1398,1401,1407,1473,1478,1674,1681,1762,1843,2064,2246,2248,2292,2293,2294,2295,2296,2297,2298,2299,2300,2301,2302,2303,2338,2419,2626,2627,2628,2635,2637,2653,2661,3050,
917;0;14606;14704;0;26,27,100,137,139,144,145,149,210,225,226,229,230,232,240,241,242,243,262,274,277,289,321,390,400,429,430,528,640,644,765,818,819,821,822,827,948,1045,1092,1093,1099,1268,1287,1293,1295,1322,1398,1401,1407,1473,1478,1674,1681,1762,1843,2064,2246,2248,2292,2293,2294,2295,2338,2419,2626,2627,2628,2635,2637,2653,2661,3050,3665,5088,8702,8703,8704,8705,8706,8707,
1002;0;14704;14800;0;26,27,100,137,139,144,145,149,210,225,226,229,230,232,240,241,242,243,262,274,277,289,321,390,400,429,430,528,640,644,765,818,819,821,822,827,948,1045,1092,1093,1099,1268,1287,1293,1295,1322,1398,1401,1473,1478,1674,1681,1762,2064,2338,2419,2626,2627,2628,2635,2637,2653,2661,3050,3469,3470,3471,3472,3473,3474,3475,3476,3477,3478,3479,3480,3481,3482,3657,3658,
880;0;14800;14895;0;26,27,100,137,139,144,145,149,210,225,226,229,230,232,240,241,242,243,262,274,277,289,321,390,400,429,430,528,640,644,765,818,819,821,822,827,948,1045,1092,1093,1099,1268,1287,1293,1295,1322,1398,1400,1401,1473,1478,1505,1674,1681,1762,1813,1821,2064,2338,2419,2454,2455,2456,2457,2458,2626,2627,2628,2635,2637,2653,2661,3050,3469,3470,3471,3472,3473,3474,3475,
946;0;14895;14988;0;26,27,100,137,139,144,145,149,210,225,226,229,230,232,240,241,242,243,262,274,277,289,321,390,400,429,430,528,640,644,765,818,819,821,822,827,948,1045,1092,1093,1099,1268,1287,1293,1295,1322,1398,1400,1401,1473,1478,1505,1674,1681,1762,1813,1821,2064,2338,2419,2454,2455,2456,2457,2458,2626,2627,2628,2635,2637,2653,2661,3050,3469,3470,3471,3472,3473,3474,3475,
798;0;14988;15074;0;26,27,100,137,139,144,145,149,210,225,226,229,230,232,240,241,242,243,262,274,277,289,321,390,400,429,430,528,640,644,765,818,819,821,822,827,948,1045,1092,1093,1099,1268,1287,1293,1295,1322,1398,1400,1401,1473,1478,1505,1674,1681,1821,2064,2338,2419,2455,2626,2627,2628,2635,2637,2653,2661,3050,3472,3473,4937,5386,5387,6288,6289,6290,6298,6299,6300,6301,6302,
257;0;15074;15119;0;26,27,100,137,139,144,145,149,210,225,226,229,230,232,240,241,242,243,262,274,277,289,321,390,400,429,430,528,640,644,765,818,819,821,822,827,948,1045,1092,1093,1099,1268,1271,1276,1287,1288,1293,1295,1322,1398,1400,1473,1478,1674,1681,1821,2064,2148,2240,2241,2338,2410,2418,2419,2455,2472,2626,2627,2628,2635,2637,2653,2661,3048,3049,3050,3051,3472,3473,4937,
257;1;15119;15158;0;24,38,100,144,145,146,149,225,233,241,262,277,288,321,390,397,398,404,429,434,855,871,872,874,891,927,949,972,1121,1142,1398,1456,1463,1473,1478,1484,1595,1680,1816,2064,3472,4033,5734,5951,5963,5968,5969,5976,5980,5985,5986,5987,6093,6105,6360,6378,6537,6538,6539,6540,6541,6542,6543,6544,6545,6546,6547,6548,6549,6550,6551,6552,6553,6554,6555,6556,6557,6558,6559,6560,
307;0;15158;15173;0;24,38,100,144,145,146,149,225,233,241,262,277,288,321,390,397,398,404,429,434,855,871,872,874,891,927,949,972,1121,1142,1398,1456,1463,1473,1478,1484,1595,1680,1816,2064,3472,4033,5734,5951,5963,5968,5969,5976,5980,5985,5986,5987,6093,6105,6360,6378,6537,6538,6539,6540,6541,6542,6543,6544,6545,6546,6547,6548,6549,6550,6551,6552,6553,6554,6555,6556,6557,6558,6559,6560,
307;1;15173;15241;0;24,38,100,144,145,146,149,225,233,241,262,277,288,321,390,397,398,404,429,434,855,871,872,874,891,927,949,972,1121,1142,1398,1456,1463,1473,1478,1484,1595,1680,1816,2064,3472,4033,5734,5951,5963,5968,5969,5976,5980,5985,5986,5987,6093,6105,6360,6378,6537,6538,6539,6540,6541,6542,6543,6544,6545,6546,6547,6548,6549,6550,6551,6552,6553,6554,6555,6556,6557,6558,6559,6560,
908;0;15241;15322;0;24,38,100,144,145,146,149,225,233,241,262,277,288,321,390,397,398,404,429,434,855,871,872,874,891,927,949,972,1121,1142,1398,1456,1463,1473,1478,1484,1595,1680,1816,2064,3472,4033,5734,5951,5963,5968,5969,5976,5980,5985,5986,5987,6093,6105,6360,6378,6537,6538,6539,6540,6541,6542,6543,6544,6545,6546,6547,6548,6549,6550,6551,6552,6553,6554,6555,6556,6557,6558,6559,6560,
888;0;15322;15402;0;24,38,100,144,145,146,149,225,233,241,262,277,288,321,390,397,398,404,429,434,855,871,872,874,891,927,949,972,1121,1142,1398,1456,1463,1473,1478,1484,1595,1680,1816,2064,3472,4033,5734,5951,5963,5968,5969,5976,5980,5985,5986,5987,6093,6105,6360,6378,6537,6538,6539,6540,6541,6542,6543,6544,6545,6546,6547,6548,6549,6550,6551,6552,6553,6554,6555,6556,6557,6558,6559,6560,
Machine: 1
789;0;0;8;1;74,79,204,225,274,276,502,506,667,704,787,790,833,849,921,960,1117,1162,1165,1181,1293,1363,1374,1478,1589,1759,1944,1996,2070,2386,2498,2651,2985,2986,3178,3232,3348,3447,3527,3531,3538,3618,3634,3665,3673,3715,3810,3948,4114,4115,4116,4853,5088,5224,5725,5897,5900,5984,5992,6022,6098,6201,6468,6584,7154,7463,7470,7471,7472,7473,7474,7625,7626,7627,7628,8449,8582,8583,8584,8703,
1155;0;8;26;1;74,79,204,225,274,276,502,506,667,704,787,790,833,849,921,960,1117,1162,1165,1181,1293,1363,1374,1478,1589,1759,1944,1996,2070,2386,2498,2651,2985,2986,3178,3232,3348,3447,3527,3531,3538,3618,3634,3665,3673,3715,3810,3948,4114,4115,4116,4853,5088,5224,5725,5897,5900,5984,5992,6022,6098,6201,6468,6584,7154,7463,7470,7471,7472,7473,7474,7625,7626,7627,7628,8449,8582,8583,8584,8703,
1141;0;26;47;1;74,79,204,225,274,276,502,506,667,704,787,790,833,849,921,960,1117,1162,1165,1181,1293,1363,1374,1478,1589,1759,1944,1996,2070,2386,2498,2651,2985,2986,3178,3232,3348,3447,3527,3531,3538,3618,3634,3665,3673,3715,3810,3948,4114,4115,4116,4853,5088,5224,5725,5897,5900,5984,5992,6022,6098,6201,6468,6584,7154,7463,7470,7471,7472,7473,7474,7625,7626,7627,7628,8449,8582,8583,8584,8703,
1147;0;47;73;1;74,79,204,225,274,276,502,506,667,704,787,790,833,849,921,960,1117,1162,1165,1181,1293,1363,1374,1478,1589,1759,1944,1996,2070,2386,2498,2651,2985,2986,3178,3232,3348,3447,3527,3531,3538,3618,3634,3665,3673,3715,3810,3948,4114,4115,4116,4853,5088,5224,5725,5897,5900,5984,5992,6022,6098,6201,6468,6584,7154,7463,7470,7471,7472,7473,7474,7625,7626,7627,7628,8449,8582,8583,8584,8703,
978;0;73;103;1;74,79,204,225,274,276,502,506,667,677,704,765,787,790,833,835,849,863,921,960,1117,1162,1165,1181,1293,1363,1374,1478,1589,1759,1944,1996,2070,2386,2498,2651,2985,2986,2995,3178,3348,3447,3527,3531,3618,3665,3673,3715,3948,4114,4115,4853,5088,5224,5378,5725,5897,5984,5992,6022,6098,6188,7463,7625,7626,7627,7628,7629,7630,7631,7632,7633,7634,7635,7636,7637,8449,8582,8583,8584,
918;0;103;136;1;74,79,137,204,225,231,274,276,351,429,502,506,667,677,704,765,787,790,833,835,849,863,921,960,1117,1162,1165,1181,1293,1363,1374,1478,1589,1759,1944,1996,2070,2386,2498,2651,2774,2777,2778,2802,2807,2812,2985,2986,2995,3178,3263,3348,3447,3527,3531,3618,3665,3673,3715,3948,4114,4115,4600,4605,4606,5025,5088,5378,5725,5984,5992,6022,6098,7463,8449,8582,8583,8584,9046,9047,
1142;0;136;170;1;26,74,79,137,204,225,231,274,276,351,429,502,506,528,677,704,765,787,790,833,835,849,863,921,960,1117,1162,1165,1181,1268,1277,1279,1288,1293,1294,1295,1322,1363,1374,1478,1759,1996,2070,2080,2315,2651,2774,2777,2778,2796,2986,3178,3263,3348,3447,3527,3531,3609,3618,3665,3673,3948,4114,4115,4605,4606,5088,5992,6022,6098,6957,7029,7071,7072,7073,7463,8449,8582,8583,8584,
820;0;170;219;1;24,26,38,74,79,137,185,189,204,225,231,274,276,351,429,491,502,506,528,677,704,765,787,790,833,835,849,863,871,872,873,874,921,960,972,1117,1162,1165,1181,1268,1277,1279,1288,1293,1294,1295,1322,1363,1374,1456,1478,1759,1996,2070,2080,2315,2651,2774,2777,2778,3178,3263,3348,3447,3527,3531,3618,3665,3673,3948,4114,4115,4606,5088,6022,7463,8449,8582,8583,8584,
1151;0;219;272;1;19,24,25,26,34,38,42,50,51,54,74,79,137,185,189,204,225,231,274,276,351,429,502,506,528,677,765,787,790,833,835,849,863,871,872,921,960,972,1117,1162,1181,1268,1277,1279,1288,1293,1295,1322,1363,1374,1478,1759,1996,2070,2080,2315,2651,2774,2777,2778,3178,3263,3348,3447,3527,3531,3618,3665,3673,3948,4114,4115,4606,4908,6022,7463,8449,8582,8583,8584,
1125;0;272;327;1;24,25,26,38,42,50,54,74,79,137,185,189,225,231,274,276,351,428,429,502,506,528,677,765,787,790,833,835,849,863,872,921,960,1117,1162,1181,1268,1269,1274,1277,1279,1280,1287,1288,1289,1293,1295,1322,1363,1374,1478,1759,1859,1996,2070,2080,2315,2651,2774,2777,2778,3026,3263,3348,3447,3527,3531,3618,3948,4114,4115,4451,4606,6022,6950,7463,8449,8582,8583,8584,
1023;0;327;400;1;24,25,26,38,42,50,54,74,79,137,185,189,225,231,274,276,291,351,429,434,502,506,528,677,765,787,790,833,835,849,863,872,921,960,1117,1162,1181,1268,1280,1287,1288,1289,1293,1295,1322,1363,1374,1478,1759,1996,2070,2080,2315,2651,2774,2775,2776,2777,2778,3263,3447,3527,3531,3618,3948,4114,4451,4567,4604,4606,4639,4765,5043,6022,7463,8449,8582,8583,8584,9204,
326;0;400;420;1;24,25,26,38,42,50,54,74,79,137,185,189,225,231,274,276,291,351,429,434,502,506,528,677,765,787,790,833,835,849,863,872,921,960,1117,1162,1181,1268,1280,1287,1288,1289,1293,1295,1296,1322,1363,1374,1478,1759,1996,2070,2080,2315,2651,2774,2775,2776,2777,2778,3263,3447,3527,3531,3618,3948,4114,4451,4567,4604,4606,4639,4765,5043,6022,7463,8449,8582,8583,8584,
326;1;420;475;1;24,25,26,38,42,50,54,74,79,137,185,189,225,231,274,276,291,351,429,434,502,528,677,765,790,833,835,849,863,872,921,1117,1242,1268,1270,1271,1272,1275,1276,1278,1280,1283,1287,1288,1289,1290,1291,1293,1295,1322,1363,1374,1419,1478,1702,1759,1777,1783,2080,2315,2651,2774,2775,2776,2777,2778,3263,3447,3527,3531,3618,4282,4451,4606,6022,7463,8449,8582,8583,8584,
1060;0;475;551;1;24,25,26,28,38,42,50,54,74,79,137,152,185,189,225,231,274,276,291,351,412,429,434,502,528,677,765,790,833,835,849,863,872,921,1117,1225,1268,1270,1271,1275,1278,1280,1287,1288,1289,1290,1293,1295,1322,1363,1374,1419,1478,1759,1783,2080,2315,2651,2774,2775,2776,2777,2778,2958,3022,3263,3447,3527,3531,3618,4377,4378,4451,4606,6022,7463,8449,8582,8583,8584,
777;0;551;632;1;24,25,26,28,38,42,50,54,74,79,137,156,185,189,225,231,274,276,291,351,412,429,434,502,528,677,765,790,833,835,849,863,872,921,1117,1268,1270,1275,1278,1280,1287,1289,1293,1295,1322,1363,1374,1419,1478,1759,1783,2080,2177,2315,2651,2774,2775,2776,2777,2778,2941,3263,3447,3527,3531,3618,3988,4451,4462,4606,6015,6022,6706,7370,7371,7463,8449,8582,8583,8584,
1064;0;632;716;1;24,25,26,38,42,50,74,102,137,144,185,189,225,274,276,291,502,528,609,677,715,765,833,835,849,863,872,1050,1117,1268,1270,1280,1287,1289,1293,1295,1374,1390,1481,1531,1759,1783,2132,2475,2626,2638,2651,2661,2708,2774,2775,2777,2778,2941,3136,3263,3447,3527,3531,3618,4606,4791,5525,5538,5637,5722,5869,6022,6024,6311,6312,6313,6723,6724,6725,7463,8449,8582,8583,8584,
993;0;716;802;1;5,26,95,100,117,137,139,144,225,276,288,292,308,329,390,395,398,647,677,700,826,838,854,891,933,948,1053,1117,1145,1146,1147,1148,1149,1150,1151,1229,1266,1267,1282,1285,1287,1289,1292,1293,1295,1447,1476,1481,1567,1811,1916,2221,2475,2531,2552,2553,2554,2602,2626,2774,2775,2777,2778,3263,3703,4606,4620,4658,4997,5392,5471,5654,5664,5665,5666,5667,6169,6171,6194,6244,
894;0;802;898;1;5,26,95,100,117,137,139,144,225,276,288,292,308,329,390,395,398,647,677,700,826,838,854,891,933,948,1053,1117,1145,1146,1147,1148,1149,1150,1151,1229,1266,1267,1282,1285,1287,1289,1292,1293,1295,1447,1476,1481,1567,1811,1916,2221,2475,2531,2552,2553,2554,2602,2626,2774,2775,2777,2778,3263,3703,4606,4620,4658,4997,5392,5471,5654,5664,5665,5666,5667,6169,6171,6194,6244,
271;0;898;939;1;5,26,95,100,117,137,139,144,225,276,288,292,308,329,390,395,398,647,677,700,826,838,854,891,933,948,1053,1117,1145,1146,1147,1148,1149,1150,1151,1229,1266,1267,1282,1285,1287,1289,1292,1293,1295,1447,1476,1481,1567,1811,1916,2221,2475,2531,2552,2553,2554,2602,2626,2774,2775,2777,2778,3263,3703,4606,4620,4658,4997,5392,5471,5654,5664,5665,5666,5667,6169,6171,6194,6244,
271;1;939;999;1;5,26,95,100,117,137,139,144,225,276,288,292,308,329,390,395,398,647,677,700,826,838,854,891,933,948,1053,1117,1145,1146,1147,1148,1149,1150,1151,1229,1266,1267,1282,1285,1287,1289,1292,1293,1295,1447,1476,1481,1567,1811,1916,2221,2475,2531,2552,2553,2554,2602,2626,2774,2775,2777,2778,3263,3703,4606,4620,4658,4997,5392,5471,5654,5664,5665,5666,5667,6169,6171,6194,6244,
1035;0;999;1102;1;5,26,95,100,117,137,139,144,225,276,288,292,308,329,390,395,398,647,677,700,826,838,854,891,933,948,1053,1117,1145,1146,1147,1148,1149,1150,1151,1229,1266,1267,1282,1285,1287,1289,1292,1293,1295,1447,1476,1481,1567,1811,1916,2221,2475,2531,2552,2553,2554,2602,2626,2774,2775,2777,2778,3263,3703,4606,4620,4658,4997,5392,5471,5654,5664,5665,5666,5667,6169,6171,6194,6244,
309;0;1102;1121;1;5,26,95,100,117,137,139,144,225,276,288,292,308,329,390,395,398,647,677,700,826,838,854,891,933,948,1053,1117,1145,1146,1147,1148,1149,1150,1151,1229,1266,1267,1282,1285,1287,1289,1292,1293,1295,1447,1476,1481,1567,1811,1916,2221,2475,2531,2552,2553,2554,2602,2626,2774,2775,2777,2778,3263,3703,4606,4620,4658,4997,5392,5471,5654,5664,5665,5666,5667,6169,6171,6194,6244,
309;1;1440;1526;1;5,26,95,100,117,137,139,144,225,276,288,292,308,329,390,395,398,503,505,534,647,677,700,826,838,854,891,933,948,1053,1063,1117,1145,1146,1147,1148,1149,1150,1151,1229,1266,1267,1282,1285,1287,1289,1292,1293,1295,1333,1447,1476,1481,1567,1659,1811,1916,2221,2475,2531,2552,2553,2554,2602,2626,2774,2775,2777,2778,3263,3703,4606,4620,4658,4997,5392,5471,5654,5664,6244,
187;0;1526;1590;1;5,26,95,100,117,137,139,144,225,276,288,292,308,329,390,395,398,503,505,534,647,677,700,826,838,854,891,933,948,1053,1063,1117,1145,1146,1147,1148,1149,1150,1151,1229,1266,1267,1282,1285,1287,1289,1292,1293,1295,1333,1447,1476,1481,1567,1659,1811,1916,2475,2531,2602,2626,2774,2775,2777,2778,3263,3703,4606,4620,5392,6244,9222,9223,9224,9225,9226,9227,9228,9229,9230,
187;1;1590;1643;1;5,26,95,100,117,137,139,144,225,276,288,291,292,308,329,390,395,398,503,505,534,647,677,700,765,826,838,854,891,933,948,1053,1063,1117,1145,1146,1147,1148,1149,1150,1151,1201,1229,1266,1267,1287,1289,1293,1295,1476,1481,1567,1811,1915,1916,2091,2475,2531,2602,2626,2640,2679,2774,2775,2777,2778,3019,3263,3447,3703,4606,4608,4620,4773,5392,5499,5500,5502,6244,6774,
384;0;1643;1754;1;5,26,95,100,117,137,139,144,225,276,288,291,292,308,329,390,395,398,503,505,534,647,677,700,765,826,838,854,891,933,948,1053,1063,1117,1145,1146,1147,1148,1149,1150,1151,1201,1229,1266,1267,1287,1289,1293,1295,1476,1481,1567,1811,1915,1916,2091,2475,2531,2602,2626,2640,2679,2774,2775,2777,2778,3019,3263,3447,3703,4606,4608,4620,4773,5392,5499,5500,5502,6244,7897,
384;1;1754;1769;1;5,26,95,97,100,117,137,139,144,178,179,181,184,225,234,267,268,272,273,276,285,288,291,292,305,307,308,309,317,329,390,395,398,503,505,647,677,765,838,854,891,948,1063,1117,1132,1145,1147,1151,1201,1267,1287,1289,1293,1295,1379,1476,1481,1567,1680,1915,1916,2091,2475,2531,2602,2626,2679,2774,2775,2777,2778,3263,3447,3703,4620,4773,5392,5499,5502,6244,
328;0;1769;1774;1;3,26,95,100,117,137,139,144,149,179,225,234,262,267,268,273,275,276,288,291,292,301,305,307,321,329,390,395,398,503,505,647,677,765,833,838,854,855,863,891,948,1060,1093,1117,1134,1145,1147,1201,1287,1289,1293,1476,1481,1502,1670,1680,1915,1916,2091,2224,2475,2626,2679,2774,2775,2777,2778,3263,3447,3703,4535,4553,4620,4746,4773,5392,5432,5499,5627,6244,
328;1;1774;1899;1;1,26,95,100,117,119,136,137,139,144,149,225,234,262,267,268,273,276,277,288,291,292,301,305,307,321,329,379,395,398,503,505,647,677,765,815,833,838,854,855,863,891,948,1093,1117,1287,1289,1293,1361,1390,1397,1476,1481,1680,1807,1915,1916,2053,2091,2109,2475,2626,2774,2775,2777,2778,3278,3447,3703,4620,4677,5392,6399,6403,6519,6520,6521,6522,6523,6524,
872;0;1899;2030;1;26,100,117,137,139,144,149,225,234,262,267,268,276,277,288,291,292,301,305,307,321,329,395,398,503,505,647,677,765,833,838,854,855,863,948,1117,1287,1289,1293,1390,1451,1476,1481,1680,1915,1916,2091,2475,2626,2628,2649,2660,2689,2774,2775,2777,2778,3447,3703,4400,4620,5392,5507,5633,6022,6114,6370,6399,6723,7203,7204,7205,7206,7207,7208,7209,7210,7211,7212,7213,
366;0;2030;2099;1;26,100,117,137,139,144,146,149,225,234,262,267,268,276,277,288,291,292,301,305,307,321,329,395,398,436,503,505,647,677,765,833,838,854,855,863,948,1095,1117,1287,1289,1293,1390,1399,1451,1476,1481,1680,1915,1916,2091,2382,2475,2626,2628,2649,2660,2689,2774,2775,2777,2778,3447,3703,4400,4620,4968,5202,5392,5397,5507,5633,5768,5926,5941,5942,5943,6022,6114,6399,
366;1;2099;2163;1;27,100,126,144,198,225,276,395,408,410,415,426,438,458,472,567,739,766,767,770,833,834,835,838,854,855,863,949,1043,1085,1087,1286,1293,1327,1453,1488,1526,1527,1529,1723,2146,2147,2352,2370,2471,2482,2483,2626,2633,2661,2662,2680,2711,3004,3329,3459,3511,3512,3513,3516,3517,3518,3519,3520,3526,3527,3528,3529,3530,3531,3532,3533,3534,3606,3734,3778,3877,6022,7592,7593,
1205;0;2163;2300;1;27,100,126,144,198,225,276,395,408,410,415,426,438,458,472,567,739,766,767,770,833,834,835,838,854,855,863,949,1043,1085,1087,1286,1293,1327,1453,1488,1526,1527,1529,1723,2146,2147,2352,2370,2471,2482,2483,2626,2633,2661,2662,2680,2711,3004,3329,3459,3511,3512,3513,3516,3517,3518,3519,3520,3526,3527,3528,3529,3530,3531,3532,3533,3534,3606,3734,3778,3877,6022,7592,7593,
165;0;2300;2332;1;27,100,126,144,198,225,276,395,408,410,415,426,438,458,472,567,739,766,767,770,833,834,835,838,854,855,863,949,1043,1085,1087,1286,1293,1327,1453,1488,1526,1527,1529,1723,2146,2147,2352,2370,2471,2482,2483,2626,2633,2661,2662,2680,2711,3004,3329,3459,3511,3512,3513,3516,3517,3518,3519,3520,3526,3527,3528,3529,3530,3531,3532,3533,3534,3606,3734,3778,3877,6022,7592,7593,
165;1;2332;2441;1;27,100,126,144,198,225,276,395,408,410,415,426,438,458,472,567,739,766,767,770,833,834,835,838,854,855,863,949,1043,1085,1087,1286,1293,1327,1453,1488,1526,1527,1529,1723,2146,2147,2352,2370,2471,2482,2483,2626,2633,2661,2662,2680,2711,3004,3329,3459,3511,3512,3513,3516,3517,3518,3519,3520,3526,3527,3528,3529,3530,3531,3532,3533,3534,3606,3734,3778,3877,6022,7592,7593,
1088;0;2441;2584;1;27,100,126,144,198,225,276,395,408,410,415,426,438,458,472,567,739,766,767,770,833,834,835,838,854,855,863,949,1043,1085,1087,1286,1293,1327,1453,1488,1526,1527,1529,1723,2146,2147,2352,2370,2471,2482,2483,2626,2633,2661,2662,2680,2711,3004,3329,3459,3511,3512,3513,3516,3517,3518,3519,3520,3526,3527,3528,3529,3530,3531,3532,3533,3534,3606,3734,3778,3877,6022,7592,7593,
1154;0;2584;2728;1;27,100,126,144,198,225,276,395,408,410,415,426,438,458,472,567,739,766,767,770,833,834,835,838,854,855,863,949,1043,1085,1087,1286,1293,1327,1453,1488,1526,1527,1529,1723,2146,2147,2352,2370,2471,2482,2483,2626,2633,2661,2662,2680,2711,3004,3329,3459,3511,3512,3513,3516,3517,3518,3519,3520,3526,3527,3528,3529,3530,3531,3532,3533,3534,3606,3734,3778,3877,6022,7592,7593,
194;0;2880;2940;1;27,100,126,144,170,198,225,276,395,408,410,415,426,438,458,472,567,597,631,739,766,767,770,833,834,835,838,854,855,863,949,1043,1085,1087,1286,1293,1327,1453,1488,1526,1527,1529,1723,2146,2147,2352,2370,2471,2482,2483,2626,2633,2661,2662,2680,2711,3004,3329,3459,3511,3512,3513,3516,3517,3518,3519,3520,3526,3527,3528,3529,3531,3532,3606,3877,4272,5645,6022,8601,8602,
194;1;2940;3027;1;27,100,126,144,170,198,225,274,276,395,408,410,415,426,438,458,472,567,597,631,739,766,767,770,833,834,835,838,849,854,855,863,949,1043,1085,1087,1286,1293,1327,1374,1453,1488,1526,1527,1529,1723,1759,2146,2147,2352,2370,2471,2482,2483,2626,2633,2638,2661,2662,2680,2711,3004,3329,3459,3511,3512,3513,3516,3527,3531,3532,3606,3877,4802,6022,7463,8449,8582,8583,8584,
28;0;3027;3102;1;27,100,126,144,170,198,225,274,276,395,408,410,415,426,438,458,472,567,597,631,739,766,767,770,833,834,835,838,849,854,855,863,949,1043,1085,1087,1286,1293,1327,1374,1453,1488,1526,1527,1529,1723,1759,2146,2147,2352,2370,2471,2482,2483,2626,2633,2638,2661,2662,2711,3004,3459,3516,3527,3531,3532,3606,3877,6022,6138,7463,8123,8283,8285,8315,8316,8317,8318,8319,8583,
28;1;3102;3179;1;27,40,100,126,144,170,185,186,189,198,225,274,276,359,395,408,410,415,419,426,438,458,472,567,597,631,759,766,767,770,833,834,835,838,849,854,855,863,872,949,979,1087,1286,1293,1526,1527,1529,1636,1759,1887,1898,1934,1984,2036,2370,2471,2626,2661,2711,3004,3252,3459,3516,3527,3531,3532,3606,3877,6022,6138,6787,6788,6789,7463,8283,8285,8317,8318,8319,8583,
196;0;3179;3268;1;27,40,59,100,126,144,170,185,186,189,196,198,221,225,274,276,359,395,408,410,415,419,426,438,458,472,547,567,766,767,770,833,834,835,838,849,854,855,863,872,949,979,1087,1280,1286,1293,1526,1527,1529,1541,1759,1898,1934,1936,2031,2036,2370,2414,2471,2626,2661,2711,3004,3347,3459,3516,3527,3531,3532,3606,3877,6022,6138,7463,8283,8285,8317,8318,8319,8583,
196;1;3268;3336;1;27,40,100,137,144,170,185,186,189,196,198,225,234,274,276,288,295,329,359,377,395,400,404,408,410,415,438,766,770,833,834,835,838,849,854,855,863,872,911,949,979,1087,1170,1280,1286,1293,1359,1474,1526,1527,1529,1759,1898,1934,1936,2120,2370,2471,2626,2661,2711,2715,3004,3108,3459,3527,3531,3532,3606,4419,4420,4470,4816,6022,6332,6334,6335,7463,8113,8114,
796;0;3336;3496;1;24,27,40,74,100,137,144,170,185,186,189,196,198,225,234,274,276,288,295,329,359,377,395,400,404,408,410,415,438,766,770,833,834,835,838,849,854,855,863,872,911,949,979,1087,1089,1170,1280,1286,1293,1359,1474,1526,1527,1529,1759,1898,1934,1936,2120,2370,2471,2626,2661,2711,2715,3004,3108,3459,3527,3531,3532,3606,3627,3979,6022,6332,6334,6335,7463,7950,
1220;0;3496;3657;1;24,26,27,74,88,100,137,144,170,185,186,189,196,225,245,274,277,288,329,343,400,404,410,438,528,640,765,833,835,838,872,979,1051,1268,1270,1286,1287,1289,1293,1474,1783,1898,1934,1936,2122,2264,2265,2471,2626,2661,2693,2897,2941,3004,3037,3108,3447,3606,3618,3745,4217,4277,4487,4488,4489,4490,4491,4492,4569,4612,4759,4800,5047,5440,5490,5491,5492,6022,6099,7161,
1225;0;3657;3821;1;24,26,27,74,88,100,137,144,170,185,186,189,196,225,245,274,277,288,329,343,400,404,410,438,528,640,765,833,835,838,872,979,1051,1268,1270,1286,1287,1289,1293,1474,1783,1898,1934,1936,2122,2264,2265,2471,2626,2661,2693,2897,2941,3004,3037,3108,3447,3606,3618,3745,4217,4277,4487,4488,4489,4490,4491,4492,4569,4612,4759,4800,5047,5440,5490,5491,5492,6022,6099,7161,
201;0;3821;3900;1;24,26,27,74,88,100,137,144,170,185,186,189,196,225,245,274,277,288,329,343,400,404,410,438,528,640,765,833,835,838,872,979,1051,1268,1270,1286,1287,1289,1293,1474,1783,1898,1934,1936,2122,2264,2265,2471,2626,2661,2693,2897,2941,3004,3037,3108,3447,3606,3618,3745,4217,4277,4487,4488,4489,4490,4491,4492,4569,4612,4759,4800,5047,5440,5490,5491,5492,6022,6099,7161,
201;1;4320;4416;1;24,27,74,100,117,144,150,170,185,186,189,196,202,225,274,288,329,410,528,578,640,655,833,838,867,872,979,1068,1152,1226,1286,1287,1289,1293,1474,1511,1562,1718,1875,1898,1934,1936,2198,2276,2337,2471,2626,2661,2845,2921,2936,2941,3004,3037,3082,3612,3745,4074,4489,5030,5175,5266,5290,5708,5927,6022,6283,6510,6568,6678,6776,7826,7975,8060,8061,8062,8063,8064,8065,8066,
305;0;4416;4521;1;18,21,24,25,27,37,38,42,45,46,50,52,74,100,117,144,150,170,185,186,189,196,202,225,274,288,329,410,502,528,578,622,640,655,778,814,833,838,867,872,977,979,1006,1007,1011,1068,1152,1226,1286,1287,1289,1293,1305,1390,1427,1474,1875,1898,1934,1936,2198,2337,2413,2471,2626,2661,2845,2941,3004,3037,3125,3612,3745,4489,4917,4918,6022,7796,7797,7798,
305;1;4521;4598;1;18,21,24,25,27,37,38,42,45,46,50,52,74,100,117,144,150,170,185,186,189,196,202,225,274,288,329,410,502,528,578,622,640,655,778,814,833,838,867,872,977,979,1006,1007,1011,1068,1152,1286,1287,1289,1293,1390,1474,1481,1875,1898,1934,1936,2198,2337,2413,2471,2626,2661,2845,2941,3004,3037,3612,3745,4489,5529,6022,8134,8137,8190,8195,8196,8197,8198,
68;0;4598;4777;1;18,21,24,25,27,37,38,42,45,46,60,74,100,117,144,150,170,186,189,196,225,274,288,329,410,502,528,640,655,778,833,838,872,979,1011,1068,1286,1287,1289,1293,1390,1474,1481,1875,1898,1934,1936,2050,2194,2198,2337,2407,2413,2471,2626,2661,2845,2941,2969,3004,3037,3597,3612,3703,3745,4119,4450,4489,4620,5476,5497,5529,6022,8134,8137,8190,8195,8196,8197,8198,
68;1;4777;4783;1;18,24,27,38,46,60,74,100,117,144,170,186,189,196,225,251,274,288,329,410,502,528,640,655,734,778,833,838,868,872,875,979,1068,1286,1287,1289,1293,1390,1474,1481,1875,1898,1934,1936,2179,2198,2273,2309,2310,2311,2312,2313,2314,2315,2316,2337,2407,2471,2626,2661,2845,2941,3004,3037,3597,3612,3745,4119,4450,4489,4620,5529,6022,8134,8137,8190,8195,8196,8197,8198,
329;0;4783;4942;1;18,24,27,38,46,60,74,100,117,144,149,170,186,189,196,225,251,274,288,329,410,502,528,640,655,734,778,833,838,868,872,875,979,1068,1286,1287,1289,1293,1390,1474,1481,1875,1898,1934,1936,2179,2198,2273,2309,2310,2311,2315,2337,2407,2471,2626,2661,2845,2941,3004,3037,3597,3612,3745,4119,4450,4489,4620,5254,5529,6022,7804,8134,8137,8190,8195,8196,8197,8198,8208,
329;1;4942;4970;1;18,24,27,38,46,60,74,100,117,144,149,170,186,189,196,225,251,274,288,329,410,502,528,640,655,734,778,833,838,872,875,979,1068,1286,1287,1289,1293,1390,1474,1481,1875,1898,1934,1936,2179,2198,2310,2315,2337,2407,2471,2626,2645,2661,2845,2941,3004,3037,3279,3280,3281,3282,3283,3597,3612,3745,4119,4450,4489,4620,5254,5529,6022,8134,8137,8190,8195,8196,8197,8198,
345;0;4970;5016;1;18,24,27,38,46,60,74,100,117,144,149,170,186,189,196,225,251,274,288,329,407,410,502,528,640,655,734,778,833,838,872,875,971,979,1068,1286,1287,1289,1293,1390,1474,1481,1875,1898,1934,1936,2179,2198,2310,2315,2337,2407,2471,2626,2645,2661,2845,2941,3004,3037,3279,3280,3281,3597,3612,3745,4119,4450,4489,4620,5254,5529,6022,8134,8137,8190,8195,8196,8197,8198,
345;1;5016;5162;1;27,60,100,117,144,156,170,196,225,231,280,288,329,410,505,528,640,729,833,1287,1289,1293,1401,1435,1474,1477,1478,1480,1481,1558,1934,2080,2116,2179,2315,2330,2471,2626,2661,2842,2849,2941,2957,3126,3304,3597,3774,3847,4064,4285,4322,4323,4489,4703,5468,5477,5513,6015,6022,6251,6252,6253,6446,6686,6986,6987,6988,6989,6990,6991,6992,6993,6994,6995,6996,6997,6998,6999,7000,7001,
178;0;5162;5326;1;27,60,100,117,144,156,170,196,225,231,280,288,329,410,505,528,640,729,833,1287,1289,1293,1401,1435,1474,1477,1478,1480,1481,1558,1934,2080,2116,2179,2315,2330,2471,2626,2661,2842,2849,2941,2957,3126,3304,3597,3774,3847,4064,4285,4322,4323,4489,4703,5468,5477,5513,6015,6022,6251,6252,6253,6446,6686,6986,6987,6988,6989,6990,6991,6992,6993,6994,6995,6996,6997,6998,6999,7000,7001,
178;1;5326;5359;1;27,60,100,117,144,156,170,196,225,231,280,288,329,410,505,528,640,729,833,1287,1289,1293,1401,1435,1474,1477,1478,1480,1481,1558,1934,2080,2116,2179,2315,2330,2471,2626,2661,2842,2849,2941,2957,3126,3304,3597,3774,3847,4064,4285,4322,4323,4489,4703,5468,5477,5513,6015,6022,6251,6252,6253,6446,6686,6986,6987,6988,6989,6990,6991,6992,6993,6994,6995,6996,6997,6998,6999,7000,7001,
321;0;5760;5855;1;27,60,100,117,144,156,170,196,225,231,280,288,329,410,505,528,640,666,715,729,833,862,1287,1289,1293,1401,1435,1474,1477,1478,1480,1481,1482,1483,1558,1934,2052,2080,2116,2179,2315,2330,2468,2471,2475,2626,2661,2678,2842,2849,2903,2941,2957,3126,3304,3597,3774,3847,4064,4285,4322,4323,4365,4489,4703,5392,5468,5477,5513,5525,5637,5722,5868,6015,6022,6251,6252,6311,6312,6313,
321;1;5855;5961;1;27,60,100,117,144,145,156,170,196,225,231,280,288,329,410,505,528,640,666,715,729,833,862,1287,1289,1293,1401,1435,1474,1476,1477,1478,1480,1481,1482,1483,1558,1818,1934,2052,2080,2116,2179,2315,2330,2468,2471,2475,2626,2661,2678,2842,2849,2903,2941,2957,3126,3304,3597,3774,3847,4064,4285,4322,4323,4365,4489,4597,4703,5392,5468,5477,5513,5525,5637,5722,5868,6015,6022,6407,
17;0;5961;6122;1;27,60,100,117,144,145,170,196,225,231,288,329,410,528,617,618,640,666,715,827,833,836,862,947,1136,1287,1289,1293,1474,1476,1478,1481,1558,1599,1934,2052,2179,2315,2318,2346,2347,2471,2625,2626,2635,2653,2661,2678,2690,2903,2941,3126,3147,3597,4449,4489,5336,5350,5525,5530,5531,5538,5637,5722,5868,6022,6023,6026,6309,6310,6564,6594,6595,6596,6597,6598,6599,6600,6601,6602,
17;1;6122;6164;1;27,60,100,117,144,145,170,196,225,231,288,329,410,528,569,617,618,640,666,715,827,833,836,862,947,1136,1262,1287,1289,1293,1474,1476,1478,1481,1558,1599,1934,2052,2179,2315,2318,2346,2347,2471,2625,2626,2635,2653,2661,2678,2690,2829,2903,2941,3126,3147,3597,4449,4489,5262,5336,5350,5525,5530,5531,5538,5637,5722,5868,6022,6023,6026,6309,6310,6564,6594,6595,6596,6597,6598,
365;0;6164;6312;1;27,60,100,117,144,145,170,196,225,231,288,329,410,528,569,617,618,640,666,715,827,833,836,862,947,1136,1262,1287,1289,1293,1474,1476,1478,1481,1558,1599,1934,2052,2179,2315,2318,2346,2347,2471,2625,2626,2635,2653,2661,2678,2690,2829,2851,2852,2853,2854,2855,2903,2941,3126,3147,3597,4449,4489,5262,5336,5350,5525,5530,5531,5538,5637,5722,5868,6022,6023,6026,6309,6310,6564,
365;1;6312;6371;1;27,60,100,117,144,145,170,196,225,231,247,248,288,329,410,528,569,617,618,640,666,715,827,833,836,862,947,1136,1262,1287,1289,1293,1322,1474,1476,1478,1481,1558,1599,1934,2052,2179,2261,2315,2318,2346,2347,2471,2625,2626,2635,2653,2661,2678,2690,2829,2851,2852,2853,2854,2855,2903,2941,3126,3147,3597,3702,3802,4127,4449,4451,4489,5262,5336,5350,5522,5531,5652,5653,6022,
243;0;6371;6468;1;27,60,68,100,117,144,145,170,196,225,231,247,248,288,329,410,528,569,617,618,640,666,715,827,833,836,862,947,1136,1262,1287,1289,1293,1322,1474,1476,1478,1481,1558,1599,1934,2052,2179,2261,2279,2315,2318,2346,2347,2471,2625,2626,2635,2653,2661,2678,2690,2829,2851,2852,2853,2854,2855,2864,2903,2941,3126,3147,3597,3702,3802,4127,4449,4451,4489,5262,5336,5350,5531,6022,
243;1;6468;6581;1;27,28,32,38,55,60,61,68,79,100,117,144,145,170,193,196,206,225,226,230,231,247,288,329,364,396,398,410,503,528,569,640,715,724,757,827,833,836,862,947,979,1117,1136,1275,1286,1287,1293,1322,1360,1419,1474,1476,1478,1481,1558,1657,1814,1898,1934,1935,1936,1937,1938,1939,1940,2052,2179,2315,2597,2625,2678,2941,3126,3147,3597,4331,4332,4333,5206,6022,
325;0;6581;6625;1;27,28,32,38,55,60,61,68,79,100,117,144,145,170,193,196,206,225,226,230,231,247,288,329,364,396,398,410,503,528,569,640,715,724,757,827,833,836,862,947,979,1117,1136,1275,1286,1287,1293,1322,1360,1419,1474,1476,1478,1481,1558,1657,1814,1898,1934,1935,1936,1937,1938,1939,1940,2052,2179,2315,2597,2625,2678,2941,3126,3147,3597,4331,4332,4333,5206,6022,
325;1;6625;6801;1;27,28,32,38,55,60,61,68,79,100,117,144,145,170,193,196,206,225,226,230,231,247,288,329,364,396,398,410,503,528,569,640,715,724,757,827,833,836,862,947,979,1117,1136,1275,1286,1287,1293,1322,1360,1419,1474,1476,1478,1481,1558,1657,1814,1898,1934,1935,1936,1937,1938,1939,1940,2052,2179,2315,2597,2625,2678,2941,3126,3147,3597,4331,4332,4333,5206,6022,
280;0;6801;6877;0;27,28,32,38,55,60,61,68,79,100,117,144,145,170,193,196,206,225,226,230,231,247,288,329,364,396,398,410,503,528,569,640,715,724,757,827,833,836,862,947,979,1117,1136,1275,1286,1287,1293,1322,1360,1419,1474,1476,1478,1481,1558,1657,1814,1898,1934,1935,1936,1937,1938,1939,1940,2052,2179,2315,2597,2625,2678,2941,3126,3147,3597,4331,4332,4333,5206,6022,
280;1;6877;7016;0;27,28,32,38,55,60,61,68,79,100,117,144,145,170,193,196,206,225,226,230,231,247,288,329,364,396,398,410,503,528,569,640,715,724,757,827,833,836,862,947,979,1117,1136,1275,1286,1287,1293,1322,1360,1419,1474,1476,1478,1481,1558,1657,1814,1898,1934,1935,1936,1937,1938,1939,1940,2052,2179,2315,2597,2625,2678,2941,3126,3147,3597,4331,4332,4333,5206,6022,
987;0;7200;7372;0;38,60,61,68,79,100,117,137,139,144,145,225,231,262,271,277,288,304,364,396,398,400,434,438,444,528,591,647,715,833,836,838,862,927,948,1049,1052,1117,1286,1293,1354,1360,1424,1431,1474,1476,1478,1481,1515,1516,1669,1671,1752,1803,1814,1921,1935,2052,2179,2597,2613,2625,2678,2695,3037,3147,3616,4392,4393,4394,4395,4396,4397,4398,4399,4400,4401,4402,4403,5206,
2;0;7372;7390;0;38,60,61,68,79,100,117,137,139,144,145,225,231,262,271,277,288,304,364,396,398,400,434,438,444,528,591,647,715,833,836,838,862,927,948,1049,1052,1117,1286,1293,1354,1360,1424,1431,1474,1476,1478,1481,1515,1516,1669,1671,1752,1803,1814,1921,1935,2052,2179,2597,2613,2625,2678,2695,3147,4394,4396,4397,4399,4400,4401,5206,5529,8143,8190,8194,8195,8196,8197,8198,
2;1;7390;7538;0;38,61,68,79,100,117,137,139,144,145,149,225,231,262,269,277,288,321,364,377,396,398,400,404,434,438,528,591,647,715,833,836,838,862,927,948,949,1117,1163,1236,1286,1293,1354,1360,1378,1417,1473,1474,1476,1478,1481,1515,1516,1669,1671,1814,1921,1935,2052,2179,2223,2597,2613,2625,2649,2678,3108,3147,4394,4396,4397,4399,4400,4401,5206,5734,6263,6286,6287,6384,
778;0;7538;7635;0;38,61,68,79,100,117,137,138,139,144,145,149,225,231,262,277,288,289,291,364,377,398,434,438,528,591,607,645,647,715,927,948,949,1117,1118,1286,1293,1360,1390,1474,1476,1478,1481,1669,1671,1675,1756,1814,1915,1916,1920,1921,1935,2052,2091,2179,2223,2317,2337,2339,2613,2625,2649,2678,3147,3527,4161,4394,4396,4397,4399,4400,4401,4753,5206,6386,6399,7683,7743,7744,
1052;0;7635;7647;0;38,61,68,79,100,117,137,138,139,144,145,149,225,231,262,277,288,289,291,364,377,398,434,438,528,591,607,645,647,715,927,948,949,1117,1118,1286,1293,1360,1390,1474,1476,1478,1481,1669,1671,1675,1756,1814,1915,1916,1920,1921,1935,2052,2091,2179,2223,2317,2337,2339,2613,2625,2649,2678,3147,3527,4161,4394,4396,4397,4399,4400,4401,4753,5206,6386,6399,7683,7743,7744,
811;0;7647;7735;0;38,61,68,79,100,117,137,138,139,144,145,149,225,231,233,262,277,288,289,291,364,377,398,434,438,528,591,607,645,647,927,948,949,1117,1118,1121,1286,1293,1359,1360,1390,1474,1476,1478,1669,1671,1675,1680,1756,1814,1913,1915,1920,1921,1935,1973,2052,2091,2179,2223,2337,2339,2613,2625,2649,2678,2994,3014,3147,3527,4161,4394,4396,4397,4399,4400,4401,5206,7217,7683,
1003;0;7735;7780;0;117,137,138,144,145,231,244,262,267,268,288,290,291,297,301,434,438,442,591,647,921,927,1057,1121,1123,1293,1363,1476,1478,1603,1608,1668,1669,1671,1750,1756,1765,1920,1921,1970,2052,2105,2250,2391,2491,2532,2645,2649,4397,4399,4400,4401,4472,5205,5214,5223,5400,5656,5697,5738,5739,5741,5746,5747,5748,5749,5750,5751,5752,5753,5754,5755,5756,6180,6193,6607,6799,6872,6873,6874,
38;0;7780;7932;1;54,63,117,137,144,145,159,180,262,286,290,291,292,296,297,303,305,307,312,351,379,380,381,384,385,429,434,442,591,592,593,594,596,647,881,905,921,1071,1121,1284,1286,1293,1343,1396,1540,1781,1920,1971,2019,2051,2052,2179,2417,2573,2774,2775,2776,2777,2778,2779,2780,2781,2782,2783,2784,2785,2786,2787,2788,2789,2790,2791,2792,2847,3598,3831,4450,5405,5442,5443,
38;1;7932;8018;1;54,63,117,137,144,145,159,180,262,286,290,291,292,296,297,303,305,307,312,351,379,380,381,384,385,429,434,442,591,592,593,594,596,647,881,905,921,1071,1121,1284,1286,1293,1343,1396,1540,1781,1920,1971,2019,2051,2052,2179,2417,2573,2774,2775,2776,2777,2778,2779,2780,2781,2782,2783,2784,2785,2786,2787,2788,2789,2790,2791,2792,2847,3598,3831,4450,5405,5442,5443,
47;0;8018;8111;1;54,63,117,137,144,145,159,180,262,286,290,291,292,296,297,303,305,307,312,351,379,380,381,384,385,429,434,442,591,592,593,594,596,647,881,905,921,1071,1121,1284,1286,1293,1343,1396,1540,1781,1920,1971,2019,2051,2052,2179,2417,2573,2774,2775,2776,2777,2778,2779,2780,2781,2782,2783,2784,2785,2786,2787,2788,2789,2790,2791,2792,2847,3598,3831,4450,5405,5442,5443,
47;1;8111;8260;1;54,63,117,137,144,145,159,180,262,286,290,291,292,296,297,303,305,307,312,351,379,380,381,384,385,429,434,442,591,592,593,594,596,647,881,905,921,1071,1121,1284,1286,1293,1343,1396,1540,1781,1920,1971,2019,2051,2052,2179,2417,2573,2774,2775,2776,2777,2778,2779,2780,2781,2782,2783,2784,2785,2786,2787,2788,2789,2790,2791,2792,2847,3598,3831,4450,5405,5442,5443,
173;0;8640;8814;1;54,63,74,79,117,137,144,145,159,180,204,262,286,290,291,292,296,297,303,305,307,312,351,379,380,381,384,385,429,434,442,502,506,591,592,593,594,596,647,787,790,881,884,905,921,960,1071,1121,1162,1181,1284,1286,1293,1343,1396,1540,1781,1920,1971,1996,2019,2070,2179,2573,2774,2775,2776,2777,2778,2779,2780,2781,2782,2790,3348,3598,3831,3948,4114,4115,
173;1;8814;8887;1;54,63,74,79,95,117,137,139,144,145,159,180,204,245,262,273,286,289,290,291,292,296,297,303,305,307,312,351,379,380,381,384,385,395,398,429,434,442,591,647,769,891,905,911,1023,1024,1071,1118,1121,1162,1293,1474,1540,1816,1920,1922,1971,1996,2179,2573,2774,2775,2776,2777,2778,2779,2780,2781,2782,2790,3598,3831,4552,5206,5351,6184,7215,7216,7218,7219,
233;0;8887;8962;1;54,63,74,79,95,117,137,139,144,145,159,180,204,245,262,273,286,289,290,291,292,296,297,303,305,307,312,351,359,379,380,381,384,395,398,429,434,442,591,647,769,891,905,911,1071,1118,1121,1162,1278,1293,1474,1540,1922,1971,1996,2025,2179,2281,2310,2573,2774,2775,2776,2777,2778,2779,2780,2781,2782,2790,2968,3598,3831,4162,5206,5607,7936,8450,8451,8452,
233;1;8962;9138;1;54,63,74,79,95,117,137,139,144,145,159,180,204,245,262,273,286,289,290,291,292,296,297,303,305,307,312,351,359,379,380,381,384,395,398,429,434,442,591,647,769,891,905,911,1071,1118,1121,1162,1278,1293,1474,1540,1922,1971,1996,2025,2179,2281,2310,2573,2774,2775,2776,2777,2778,2779,2780,2781,2782,2790,2968,3598,3831,4162,5206,6357,6360,6585,7478,7526,
261;0;9138;9303;1;54,74,79,95,96,117,137,139,144,145,148,245,262,273,275,288,289,290,291,292,297,303,305,312,351,395,398,429,434,442,591,647,769,855,863,891,905,912,948,949,1060,1071,1093,1118,1121,1162,1278,1293,1474,1502,1670,1750,1759,1914,1922,1971,1996,2179,2224,2337,2573,2774,2775,2777,2778,2790,3034,3598,3831,4359,4394,4396,4397,5206,5627,5721,6441,6874,7010,7011,
261;1;9303;9399;1;19,20,34,38,40,46,54,76,95,117,139,144,145,251,262,291,292,305,364,390,395,398,429,442,476,546,580,765,778,891,948,949,1121,1177,1201,1293,1358,1360,1390,1474,1674,1751,1759,1915,1922,2066,2091,2106,2197,2337,2407,2642,2677,2678,2679,2689,2696,2774,2775,2777,2778,2803,2804,2808,2914,2915,3013,3263,3447,3766,3831,4373,4645,4773,5052,5499,5825,6033,6244,6767,
351;0;9399;9558;1;19,20,34,38,40,46,54,76,95,117,139,144,145,251,262,291,292,305,364,390,395,398,429,442,476,546,580,765,778,891,948,949,1121,1177,1201,1293,1358,1360,1390,1474,1674,1751,1759,1915,1922,2066,2091,2106,2197,2337,2407,2642,2677,2678,2679,2689,2696,2774,2775,2777,2778,2803,2804,2808,2914,2915,3013,3263,3447,3766,3831,4373,4645,4773,5052,5499,5825,6033,6244,6767,
351;1;9558;9673;1;19,20,34,38,40,46,54,76,95,117,139,144,145,251,262,291,292,305,364,390,395,398,429,442,476,546,580,765,778,891,948,949,1121,1177,1201,1293,1358,1360,1390,1474,1674,1751,1759,1915,1922,2066,2091,2106,2197,2337,2407,2642,2677,2678,2679,2689,2696,2774,2775,2777,2778,2803,2804,2808,2914,2915,3013,3263,3447,3766,3831,4373,4645,4773,5052,5499,5825,6033,6244,6767,
286;0;9673;9810;1;19,20,34,38,40,46,54,76,95,117,139,144,145,251,262,291,292,305,364,390,395,398,429,442,476,546,580,765,778,891,948,949,1121,1177,1201,1293,1358,1360,1390,1474,1674,1751,1759,1915,1922,2066,2091,2106,2197,2337,2407,2642,2677,2678,2679,2689,2696,2774,2775,2777,2778,2803,2804,2808,2914,2915,3013,3263,3447,3766,3831,4373,4645,4773,5052,5499,5825,6033,6244,6767,
286;1;10080;10234;1;19,20,34,38,40,46,54,76,95,117,139,144,145,179,251,262,291,292,305,314,364,377,390,395,398,429,442,476,546,580,765,778,891,948,949,1121,1145,1177,1201,1293,1358,1360,1390,1474,1484,1674,1675,1751,1759,1915,1922,1941,2091,2106,2223,2337,2407,2436,2465,2677,2678,2679,2774,2775,2777,2778,2804,2808,2892,3263,3337,3338,3339,3340,3447,3831,4373,4645,4773,5499,
32;0;10234;10378;1;19,20,34,38,40,46,54,76,95,117,139,143,144,145,179,251,262,291,292,294,305,314,364,377,390,395,398,429,442,476,546,580,644,765,778,891,948,949,1121,1135,1145,1177,1201,1293,1358,1360,1390,1474,1478,1484,1674,1675,1759,1915,2091,2106,2223,2337,2407,2677,2678,2679,2774,2775,2777,2778,2804,2808,3263,3268,3280,3447,3831,4373,4645,4773,5499,5911,6089,6090,
32;1;10378;10535;1;19,20,34,38,40,46,54,76,95,117,139,143,144,145,179,251,262,291,292,294,305,314,364,377,390,395,398,429,442,476,546,580,644,765,778,891,948,949,1121,1135,1145,1177,1201,1293,1358,1360,1390,1474,1478,1484,1674,1675,1759,1915,2091,2106,2223,2337,2407,2677,2678,2679,2774,2775,2777,2778,2804,2808,3263,3268,3280,3447,3831,4373,4645,4773,5499,6204,7454,8899,
290;0;10535;10696;1;19,20,34,38,40,46,54,68,76,95,117,139,143,144,145,179,208,251,262,291,292,294,305,314,364,377,390,395,398,412,415,429,442,474,476,644,655,765,794,948,949,1121,1145,1293,1358,1423,1474,1478,1484,1674,1675,1707,1759,1915,1935,2018,2091,2106,2223,2337,2407,2677,2678,2679,2774,2775,2777,2778,2804,2808,3070,3263,3280,3345,3447,3831,4373,4645,4773,5499,
290;1;10696;10846;1;4,61,91,95,98,144,149,198,262,276,277,320,337,340,390,484,528,544,583,677,765,858,862,948,949,1070,1078,1121,1147,1280,1428,1544,1587,1674,1759,1843,1844,1883,1884,1885,1886,2074,2171,2190,2223,2321,2625,2645,2774,2778,2899,3008,3060,3099,3147,3249,3263,3280,3527,3707,3831,4009,4012,4013,4026,4119,4120,4121,4604,4627,4765,4766,4773,6132,6682,7329,8098,8842,8844,8847,
262;0;10846;11026;0;4,61,91,95,98,144,149,198,262,276,277,320,337,340,390,484,528,544,583,677,765,858,862,948,949,1070,1078,1121,1147,1280,1428,1544,1587,1674,1759,1843,1844,1883,1884,1885,1886,2074,2171,2190,2223,2321,2625,2645,2774,2778,2899,3008,3060,3099,3147,3249,3263,3280,3527,3707,3831,4009,4012,4013,4026,4119,4120,4121,4604,4627,4765,4766,4773,6132,6682,7329,8098,8842,8844,8847,
262;1;11026;11182;0;4,61,91,95,98,144,149,198,262,276,277,320,337,340,390,484,528,544,583,677,765,858,862,948,949,1070,1078,1121,1147,1280,1428,1544,1587,1674,1759,1843,1844,1883,1884,1885,1886,2074,2171,2190,2223,2321,2625,2645,2774,2778,2899,3008,3060,3099,3147,3249,3263,3280,3527,3707,3831,4009,4012,4013,4026,4119,4120,4121,4604,4627,4765,4766,4773,6132,6682,7329,8098,8842,8844,8847,
211;0;11182;11356;0;4,61,91,95,98,144,149,198,262,276,277,320,337,340,390,484,528,544,583,677,765,858,862,948,949,1070,1078,1121,1147,1280,1428,1544,1587,1674,1759,1843,1844,1883,1884,1885,1886,2074,2171,2190,2223,2321,2625,2645,2774,2778,2899,3008,3060,3099,3147,3249,3263,3280,3527,3707,3831,4009,4012,4013,4026,4119,4120,4121,4604,4627,4765,4766,4773,6132,6682,7329,8098,8842,8844,8847,
211;1;11356;11513;0;4,61,91,95,98,144,149,198,262,276,277,320,337,340,390,484,528,544,583,677,765,858,862,948,949,1070,1078,1121,1147,1280,1428,1544,1587,1674,1759,1843,1844,1883,1884,1885,1886,2074,2171,2190,2223,2321,2625,2645,2774,2778,2899,3008,3060,3099,3147,3249,3263,3280,3527,3707,3831,4009,4012,4013,4026,4119,4120,4121,4604,4627,4765,4766,4773,6132,6682,7329,8098,8842,8844,8847,
342;0;11520;11676;0;4,5,61,95,144,149,262,276,277,390,393,528,677,765,838,849,854,858,862,948,949,1121,1198,1199,1214,1354,1587,1674,1744,1745,1747,1756,1757,1759,1760,1766,1769,1976,2074,2223,2543,2545,2546,2547,2583,2586,2593,2594,2595,2597,2598,2599,2600,2601,2602,2604,2605,2608,2609,2627,2645,2774,2778,2990,3008,3060,3161,3263,3459,3460,3461,3462,3463,3464,3465,3466,3467,3468,4604,4627,
342;1;11676;11847;0;4,5,61,93,95,144,149,262,276,277,390,393,528,677,765,838,849,854,858,862,948,949,1054,1121,1198,1199,1214,1354,1587,1674,1744,1745,1747,1756,1757,1759,1760,1766,1769,1814,1976,2074,2223,2543,2545,2546,2547,2583,2586,2593,2594,2595,2597,2598,2599,2600,2601,2602,2604,2605,2608,2609,2627,2645,2774,2778,2990,3008,3060,3161,3263,3459,3460,3461,3462,3463,3464,3465,4604,4627,
55;0;11847;12019;0;4,5,61,87,89,90,93,95,144,149,262,276,277,390,393,528,677,764,765,768,770,833,836,838,849,854,858,862,948,949,1046,1054,1121,1198,1199,1214,1354,1515,1516,1518,1519,1520,1521,1522,1526,1527,1528,1529,1587,1674,1744,1745,1747,1756,1757,1759,1760,1766,1769,1814,1976,2074,2223,2543,2545,2546,2547,2583,2586,2593,2627,2645,2774,2778,3008,3060,3161,3263,4604,4627,
55;1;12019;12167;0;4,5,61,87,89,90,93,95,144,149,262,276,277,390,391,393,402,404,528,677,764,765,768,770,833,836,838,849,854,858,862,948,949,1046,1054,1121,1163,1198,1199,1214,1354,1515,1516,1518,1519,1520,1521,1522,1526,1527,1528,1529,1587,1674,1744,1745,1747,1756,1757,1759,1760,1766,1769,1801,1814,2074,2223,2546,2547,2627,2645,2774,2778,3008,3060,3161,3263,4604,4627,5650,
169;0;12167;12285;0;144,177,225,228,234,262,268,269,277,377,396,400,430,606,608,609,854,927,949,1068,1095,1121,1207,1347,1378,1395,1406,1417,1473,1525,1538,1671,1676,1913,2054,2094,2337,2339,2531,2691,2715,2774,2778,3111,4031,4161,4425,4475,4545,4604,4627,4956,4957,4958,4959,4960,4961,4962,4963,5067,5138,5140,5141,5144,5147,5149,5228,5323,7683,8595,8596,8597,8598,8599,8600,9107,9108,9109,9110,9111,
169;1;12285;12464;0;144,177,225,228,234,262,268,269,277,377,396,400,430,606,608,609,854,927,949,1068,1095,1121,1207,1347,1378,1395,1406,1417,1473,1525,1538,1671,1676,1913,2054,2094,2337,2339,2531,2691,2715,2774,2778,3111,4031,4161,4425,4475,4545,4604,4627,4956,4957,4958,4959,4960,4961,4962,4963,5067,5138,5140,5141,5144,5147,5149,5228,5323,7683,8595,8596,8597,8598,8599,8600,9107,9108,9109,9110,9111,
142;0;12464;12614;0;144,177,225,228,234,262,268,269,277,377,396,400,430,606,608,609,854,927,949,1068,1095,1121,1207,1347,1378,1395,1406,1417,1473,1525,1538,1671,1676,1913,2054,2094,2337,2339,2531,2691,2715,2774,2778,3111,4031,4161,4425,4475,4545,4604,4627,4956,4957,4958,4959,4960,4961,4962,4963,5067,5138,5140,5141,5144,5147,5149,5228,5323,7683,8595,8596,8597,8598,8599,8600,9107,9108,9109,9110,9111,
142;1;12960;13091;0;100,144,177,225,228,234,244,262,268,269,277,377,396,400,430,606,608,609,854,927,949,1068,1095,1121,1207,1347,1359,1361,1378,1395,1406,1417,1473,1474,1478,1525,1538,1671,1675,1676,1680,1913,1973,2054,2094,2337,2339,2531,2691,2715,2774,2778,2994,3111,4031,4161,4425,4475,4545,4604,4627,4804,4956,4957,4958,4959,4960,4961,4962,4963,5067,5138,5140,5141,5144,5147,5149,5228,5323,7683,
378;0;13091;13219;0;10,100,117,144,177,225,228,234,244,262,268,269,277,377,396,400,430,606,608,609,719,854,927,949,1068,1095,1121,1172,1207,1346,1347,1358,1359,1361,1378,1395,1406,1417,1473,1474,1478,1525,1538,1671,1676,1680,1875,1947,1973,2091,2337,2338,2711,2715,2723,2774,2778,4545,4581,4604,4627,4628,4629,4630,4631,4632,4633,4634,4635,4636,4637,4638,4639,4640,4641,4642,4643,4644,4645,4646,
378;1;13219;13368;0;10,38,41,100,117,144,177,225,228,234,244,262,268,269,277,377,396,400,430,606,608,609,719,854,872,927,949,972,1068,1095,1121,1142,1172,1207,1346,1347,1358,1359,1361,1378,1395,1406,1417,1457,1464,1465,1473,1474,1478,1525,1538,1671,1676,1680,1875,1947,1973,2091,2337,2338,2711,2715,2723,2774,2778,4545,4581,4604,4627,4628,4629,4630,4631,4632,4633,4634,4635,4636,4637,4638,
226;0;13368;13540;0;10,38,41,100,117,144,177,225,228,234,244,262,268,269,277,377,396,400,430,606,608,609,719,854,872,927,949,972,1068,1095,1121,1142,1172,1207,1346,1347,1358,1359,1361,1378,1395,1406,1417,1457,1464,1465,1473,1474,1478,1525,1538,1671,1676,1680,1875,1947,1973,2091,2337,2338,2711,2715,2723,2774,2778,3785,3786,3787,3788,3789,3790,3791,3792,4545,4581,4604,4627,4628,4629,4630,
226;1;13540;13630;0;10,15,24,38,41,54,60,100,117,144,177,225,228,234,244,262,268,269,277,377,396,400,430,606,608,609,719,854,871,872,927,949,972,991,1068,1095,1121,1142,1172,1207,1346,1347,1358,1359,1361,1378,1395,1406,1417,1457,1464,1465,1473,1474,1478,1525,1538,1671,1676,1680,1973,2062,2063,2091,2337,2715,2774,2778,3345,3346,3788,4313,4314,4315,4316,4317,4318,4545,4604,4629,
137;0;13630;13794;0;26,97,137,139,144,149,262,277,288,305,377,395,396,528,634,644,647,831,854,855,863,948,949,1118,1267,1268,1269,1273,1277,1287,1288,1293,1294,1295,1322,1478,1682,1778,1783,1784,2241,2263,2264,2407,2485,2561,2562,3178,3180,3311,3663,3664,3665,3666,3667,3668,3669,3670,3671,3672,3673,3674,3675,3676,3677,3678,3679,3680,3681,3682,3683,3684,3685,3686,3700,4620,5105,5122,5123,7362,
137;1;13794;13886;0;26,97,137,139,144,149,262,277,288,305,377,395,396,528,634,644,647,831,854,855,863,948,949,1118,1267,1268,1269,1273,1277,1287,1288,1293,1294,1295,1322,1478,1682,1778,1783,1784,2241,2263,2264,2407,2485,2561,2562,3178,3180,3311,3663,3664,3665,3666,3667,3668,3669,3670,3671,3672,3673,3674,3675,3676,3677,3678,3679,3680,3681,3682,3683,3684,3685,3686,3700,4620,5105,5122,5123,7362,
12;0;13886;14005;0;26,97,137,139,144,149,262,277,288,305,377,395,396,528,634,644,647,831,854,855,863,948,949,1118,1267,1268,1269,1273,1277,1287,1288,1293,1294,1295,1322,1478,1682,1778,1783,1784,2241,2263,2264,2407,2485,2561,2562,3178,3180,3311,3663,3664,3665,3666,3667,3668,3669,3670,3671,3672,3673,3674,3675,3676,3677,3678,3679,3680,3681,3682,3683,3684,3685,3686,3700,4620,5105,5122,5123,7362,
12;1;14005;14120;0;26,97,137,139,144,149,262,277,288,305,377,395,396,528,634,644,647,831,854,855,863,948,949,1118,1267,1268,1269,1273,1277,1287,1288,1293,1294,1295,1322,1478,1682,1778,1783,1784,2241,2263,2264,2407,2485,2561,2562,3178,3180,3311,3663,3664,3665,3666,3667,3668,3669,3670,3671,3672,3673,3674,3675,3676,3677,3678,3679,3680,3681,3682,3683,3684,3685,3686,3700,4620,5105,5122,5123,7362,
92;0;14120;14229;0;26,97,137,139,144,149,262,277,288,305,377,395,396,528,634,644,647,831,854,855,863,948,949,1118,1267,1268,1269,1273,1277,1287,1288,1293,1294,1295,1322,1478,1682,1778,1783,1784,2241,2263,2264,2407,2485,2561,2562,3178,3180,3311,3663,3664,3665,3666,3667,3668,3669,3670,3671,3672,3673,3674,3675,3676,3677,3678,3679,3680,3681,3682,3683,3684,3685,3686,3700,4620,5105,5122,5123,7362,
92;1;14229;14349;0;26,97,137,139,144,149,262,277,288,305,377,395,396,528,634,644,647,831,854,855,863,948,949,1118,1267,1268,1269,1273,1277,1287,1288,1293,1294,1295,1322,1478,1682,1778,1783,1784,2241,2263,2264,2407,2485,2561,2562,3178,3180,3311,3663,3664,3665,3666,3667,3668,3669,3670,3671,3672,3673,3674,3675,3676,3677,3678,3679,3680,3681,3682,3683,3684,3685,3686,3700,4620,5105,5122,5123,7362,
118;0;14349;14397;0;26,97,137,139,144,149,262,277,288,305,377,395,396,528,634,644,647,831,854,855,863,948,949,1118,1267,1268,1269,1273,1277,1287,1288,1293,1294,1295,1322,1478,1682,1778,1783,1784,2241,2263,2264,2407,2485,2561,2562,3178,3180,3311,3663,3664,3665,3666,3667,3668,3669,3670,3671,3672,3673,3674,3675,3676,3677,3678,3679,3680,3681,3682,3683,3684,3685,3686,3700,4620,5105,5122,5123,7362,
118;1;14400;14579;0;4,26,97,137,139,144,149,262,277,288,305,377,395,396,398,528,634,644,647,831,833,838,854,855,863,948,949,1118,1267,1268,1269,1273,1277,1287,1288,1293,1294,1295,1322,1478,1682,1778,1783,1784,2241,2263,2264,2388,2407,2485,2561,2562,2645,3178,3180,3311,3663,3664,3665,3666,3667,3668,3669,3670,3671,3672,3673,3674,3675,3676,3677,3678,3679,3680,3681,3682,3683,3684,3686,5536,
228;0;14579;14738;0;4,26,97,137,139,144,149,262,277,288,305,377,395,396,398,528,634,644,647,831,833,838,854,855,863,948,949,1118,1267,1268,1269,1273,1277,1287,1288,1293,1294,1295,1322,1478,1682,1778,1783,1784,2241,2263,2264,2388,2407,2485,2561,2562,2645,3178,3180,3311,3663,3664,3665,3666,3667,3677,3679,3682,3684,3686,4406,8134,8135,8136,8137,8138,8139,8140,8141,8142,8143,8144,8145,8146,
228;1;14738;14803;0;4,26,97,137,139,144,149,231,262,277,288,305,314,321,377,391,395,396,397,398,404,528,634,640,644,647,831,833,838,854,855,863,948,949,1093,1118,1267,1268,1269,1273,1277,1287,1288,1293,1294,1295,1322,1468,1476,1478,1479,1682,1778,1783,1784,2223,2241,2263,2264,2388,2407,2485,2561,2562,2645,3178,3180,3311,3663,3664,3665,3666,3667,3677,3679,3682,3684,3686,4093,4406,
300;0;14803;14899;0;26,97,100,104,137,139,144,149,231,262,276,277,288,297,305,321,377,391,395,396,397,398,404,438,528,640,644,647,834,838,854,855,863,931,947,948,949,1093,1151,1168,1267,1269,1273,1277,1287,1288,1293,1294,1322,1476,1519,1528,1674,1783,2264,2491,2645,2667,2737,3531,3638,3677,3679,3682,3684,3686,4093,4400,5456,5656,5774,5841,6022,6441,7320,7463,8022,8095,8303,8578,
300;1;14899;15016;0;26,97,100,104,137,139,144,149,231,262,276,277,288,297,305,321,377,391,395,396,397,398,404,438,528,640,644,647,834,838,854,855,863,931,947,948,949,1093,1151,1168,1267,1269,1273,1277,1287,1288,1293,1294,1322,1476,1519,1528,1674,1783,2264,2491,2645,2667,2737,3531,3638,3677,3679,3682,3684,3686,4093,4400,5456,5656,5774,5841,6022,6441,7320,7363,7463,7549,7550,8095,
204;0;15016;15172;0;20,24,60,74,87,96,97,144,145,149,186,225,229,232,254,305,343,395,429,452,704,727,766,784,827,863,875,952,1063,1094,1271,1293,1294,1407,1426,1567,1580,1783,1930,1935,2086,2174,2243,2244,2245,2419,2611,2628,2678,2692,3065,3126,3269,3380,3446,3532,3598,3612,3797,3979,4059,4060,4061,4210,4439,4459,4460,4478,4479,4480,4481,4748,4857,5230,5379,6216,6217,6218,7431,7950,
204;1;15172;15227;0;20,24,60,74,87,96,97,144,145,149,186,225,229,232,254,305,343,395,429,452,704,727,766,784,827,863,875,952,1063,1094,1271,1293,1294,1407,1426,1567,1580,1783,1930,1935,2086,2174,2243,2244,2245,2419,2611,2628,2678,2692,3065,3126,3269,3380,3446,3532,3598,3612,3797,3979,4059,4060,4061,4210,4439,4459,4460,4478,4479,4480,4481,4748,4857,5230,5379,6216,6217,6218,7431,7950,
122;0;15227;15280;0;20,24,60,74,87,96,97,144,145,149,186,225,229,232,254,305,343,395,429,452,704,727,766,784,827,863,875,952,1063,1094,1271,1293,1294,1407,1426,1567,1580,1783,1930,1935,2086,2174,2243,2244,2245,2419,2611,2628,2678,2692,3065,3126,3269,3380,3446,3532,3598,3612,3797,3979,4059,4060,4061,4210,4439,4459,4460,4478,4479,4480,4481,4748,4857,5230,5379,6216,6217,6218,7431,7950,
122;1;15280;15416;0;20,24,60,74,87,96,97,144,145,149,186,225,229,232,254,305,343,395,429,452,704,727,766,784,827,863,875,952,1063,1094,1271,1293,1294,1407,1426,1567,1580,1783,1930,1935,2086,2174,2243,2244,2245,2419,2611,2628,2678,2692,3065,3126,3269,3380,3446,3532,3598,3612,3797,3979,4059,4060,4061,4210,4439,4459,4460,4478,4479,4480,4481,4748,4857,5230,5379,6216,6217,6218,7431,7950,
1137;0;15416;15596;0;20,24,60,74,87,96,97,144,145,149,186,225,229,232,254,305,343,395,429,452,704,727,766,784,827,863,875,952,1063,1094,1271,1293,1294,1407,1426,1567,1580,1783,1930,1935,2086,2174,2243,2244,2245,2419,2611,2628,2678,2692,3065,3126,3269,3380,3446,3532,3598,3612,3797,3979,4059,4060,4061,4210,4439,4459,4460,4478,4479,4480,4481,4748,4857,5230,5379,6216,6217,6218,7431,7950,
308;0;15596;15616;0;20,24,60,74,87,96,97,144,145,149,186,225,229,232,254,305,343,395,429,452,704,727,766,784,827,863,875,952,1063,1094,1271,1293,1294,1407,1426,1567,1580,1783,1930,1935,2086,2174,2243,2244,2245,2419,2611,2628,2678,2692,3065,3126,3269,3380,3446,3532,3598,3612,3797,3979,4059,4060,4061,4210,4439,4459,4460,4478,4479,4480,4481,4748,4857,5230,5379,6216,6217,6218,7431,7950,
308;1;15616;15774;0;20,24,60,74,87,96,97,144,145,149,186,225,229,232,254,305,343,395,429,452,704,727,766,784,827,863,875,952,1063,1094,1271,1293,1294,1407,1426,1567,1580,1783,1930,1935,2086,2174,2243,2244,2245,2419,2611,2628,2678,2692,3065,3126,3269,3380,3446,3532,3598,3612,3797,3979,4059,4060,4061,4210,4439,4459,4460,4478,4479,4480,4481,4748,4857,5230,5379,6216,6217,6218,7431,7950,
Machine: 2
1106;0;0;4;1;23,27,61,101,117,146,152,486,691,1180,1285,1287,1289,1313,1577,1599,1604,1726,1781,1915,1988,2187,2414,2774,2775,2777,2778,2856,2941,2968,3447,3577,3702,3837,4003,4035,4219,4225,4487,4488,4604,4606,4754,4986,5175,5777,5984,5987,5992,6090,6312,6313,6513,6584,6784,6791,7026,7038,7060,7875,7926,7927,7943,7958,8332,8401,8863,8875,8902,8934,8935,8936,8937,8938,8939,8940,8941,8942,8943,9203,
927;0;4;25;1;23,27,61,101,117,146,152,486,691,1180,1285,1287,1289,1313,1577,1599,1604,1726,1781,1915,1988,2187,2414,2774,2775,2777,2778,2856,2941,2968,3447,3577,3702,3837,4003,4035,4219,4225,4487,4488,4604,4606,4754,4986,5175,5777,5984,5987,5992,6090,6312,6313,6513,6584,6784,6791,7026,7038,7060,7875,7926,7927,7943,7958,8332,8401,8863,8875,8902,8934,8935,8936,8937,8938,8939,8940,8941,8942,8943,9203,
906;0;25;48;1;23,27,61,101,117,146,152,486,691,1180,1285,1287,1289,1313,1577,1599,1604,1726,1781,1915,1988,2187,2414,2774,2775,2777,2778,2856,2941,2968,3447,3577,3702,3837,4003,4035,4219,4225,4487,4488,4604,4606,4754,4986,5175,5777,5984,5987,5992,6090,6312,6313,6513,6584,6784,6791,7026,7038,7060,7875,7926,7927,7943,7958,8332,8401,8863,8875,8902,8934,8935,8936,8937,8938,8939,8940,8941,8942,8943,9203,
973;0;48;77;1;23,27,61,101,117,146,152,486,691,1180,1285,1287,1289,1313,1577,1599,1604,1726,1781,1915,1988,2187,2414,2774,2775,2777,2778,2856,2941,2968,3447,3577,3702,3837,4003,4035,4219,4225,4487,4488,4604,4606,4754,4986,5175,5777,5984,5987,5992,6090,6312,6313,6513,6584,6784,6791,7026,7038,7060,7875,7926,7927,7943,7958,8332,8401,8863,8875,8902,8934,8935,8936,8937,8938,8939,8940,8941,8942,8943,9203,
1232;0;77;111;1;23,27,61,101,117,146,152,486,691,1180,1285,1287,1289,1313,1577,1599,1604,1726,1781,1915,1988,2187,2414,2774,2775,2777,2778,2856,2941,2968,3447,3577,3702,3837,4003,4035,4219,4225,4487,4488,4604,4606,4754,4986,5175,5777,5984,5987,5992,6090,6312,6313,6513,6584,6784,6791,7026,7038,7060,7875,7926,7927,7943,7958,8332,8401,8863,8875,8902,8934,8935,8936,8937,8938,8939,8940,8941,8942,8943,9203,
1144;0;111;150;1;23,27,61,95,101,117,146,152,390,400,429,486,691,1146,1180,1285,1287,1289,1313,1363,1577,1599,1604,1726,1781,1915,1988,2187,2381,2414,2774,2775,2777,2778,2824,2856,2941,2968,3447,3577,3702,3837,4003,4035,4219,4225,4487,4488,4604,4606,4754,4986,5175,5777,5984,5987,5992,6090,6312,6313,6513,6584,6784,6791,7026,7038,7060,7875,7926,7927,7943,7958,8332,8401,8863,8875,8902,8934,8935,8936,
807;0;150;192;1;23,27,55,61,95,101,117,146,152,390,400,429,486,499,691,1146,1180,1285,1287,1289,1313,1363,1577,1599,1604,1726,1781,1897,1915,1988,2151,2187,2381,2414,2774,2775,2777,2778,2824,2827,2856,2941,2968,3403,3447,3577,3702,3837,4003,4035,4219,4225,4435,4442,4468,4487,4488,4604,4606,4754,4986,5175,5510,5777,5984,5987,5992,6090,6312,6313,6513,6584,6784,6791,7026,7889,7943,7964,8875,9017,
1180;0;192;241;1;23,27,55,61,95,101,117,137,146,152,390,391,395,400,429,486,499,691,891,1117,1146,1147,1180,1285,1287,1289,1313,1363,1469,1577,1599,1604,1726,1781,1897,1915,1988,2151,2187,2381,2414,2774,2775,2777,2778,2824,2827,2856,2941,2968,3403,3447,3577,3702,3837,4003,4035,4219,4225,4435,4442,4468,4487,4488,4604,4606,4754,4986,5175,5510,5777,5984,5987,5992,6090,6312,6313,6513,7943,8875,
1075;0;241;292;1;23,27,55,61,95,101,117,137,146,152,251,390,391,395,400,429,486,499,691,891,1117,1146,1147,1180,1285,1287,1289,1304,1313,1363,1463,1469,1577,1599,1604,1726,1781,1897,1915,1988,2151,2187,2305,2381,2414,2774,2775,2777,2778,2824,2827,2856,2941,2968,3403,3447,3577,3702,3837,4003,4035,4219,4225,4334,4435,4442,4468,4487,4488,4604,4606,4754,4986,5984,5987,5992,6312,6313,7943,8875,
925;0;292;345;1;23,27,55,61,95,101,117,137,146,152,251,390,391,395,400,429,486,499,691,891,1117,1146,1147,1180,1285,1287,1289,1304,1313,1363,1463,1469,1577,1599,1604,1726,1781,1897,1915,1988,2151,2187,2305,2381,2414,2774,2775,2777,2778,2824,2827,2856,2941,2968,3403,3447,3577,3702,3837,4003,4035,4219,4225,4334,4435,4442,4468,4487,4488,4604,4606,4754,5984,5987,5992,6312,6313,7513,7943,8875,
216;0;345;524;0;27,55,61,95,117,137,144,146,147,149,251,390,391,395,398,400,429,436,499,691,891,1068,1117,1118,1146,1147,1149,1285,1287,1289,1363,1390,1469,1473,1479,1481,1577,1599,1604,1726,1781,1814,1915,1920,1988,2305,2414,2774,2775,2778,2941,3403,3447,3837,4405,4473,4604,4754,4934,4964,4965,4966,4967,4968,4969,4970,4971,4972,4973,4974,4975,4976,4977,4978,5984,5987,5992,6312,6313,7943,
216;1;524;698;0;27,55,61,95,117,137,144,146,147,149,251,390,391,395,398,400,429,436,499,691,891,1068,1117,1118,1146,1147,1149,1285,1287,1289,1363,1390,1469,1473,1479,1481,1577,1599,1604,1726,1781,1814,1915,1920,1988,2305,2414,2774,2775,2778,2941,3212,3403,3447,3837,4405,4604,4754,4934,4965,4966,4974,5088,5951,5952,5963,5964,5984,5987,5992,6312,6313,6354,6355,6356,6357,6358,6359,6360,7943,
116;0;698;845;0;1,4,95,100,117,137,144,149,308,391,430,591,644,698,715,838,841,843,891,938,1056,1070,1093,1117,1148,1164,1165,1166,1167,1169,1170,1171,1172,1176,1233,1234,1287,1359,1390,1397,1447,1467,1502,1682,2109,2134,2405,2508,2674,2676,2821,2926,2949,2950,2951,2952,2953,2954,2955,2956,3069,3267,3278,4832,4857,4889,4897,4925,5237,5239,5240,5246,5377,6101,6102,6103,6104,8465,8466,8467,
116;1;845;1025;0;1,4,95,100,117,137,144,149,308,391,430,591,644,698,715,838,841,843,891,938,1056,1070,1093,1117,1148,1164,1165,1166,1167,1169,1170,1171,1172,1176,1233,1234,1287,1359,1390,1397,1447,1467,1502,1682,2109,2134,2405,2508,2674,2676,2821,2926,2949,2950,2951,2952,2953,2954,2955,2956,3069,3267,3278,4832,4857,4889,4897,4925,5237,5239,5240,5246,5377,6101,6102,6103,6104,8465,8466,8467,
288;0;1025;1195;0;1,4,95,100,117,137,144,149,308,391,430,591,644,698,715,838,841,843,891,938,1056,1070,1093,1117,1148,1164,1165,1166,1167,1169,1170,1171,1172,1176,1233,1234,1287,1359,1390,1397,1447,1467,1502,1682,2109,2134,2405,2508,2674,2676,2821,2926,2949,2950,2951,2952,2953,2954,2955,2956,3069,3267,3278,4832,4857,4889,4897,4925,5237,5239,5240,5246,5377,6101,6102,6103,6104,8465,8466,8467,
288;1;1195;1336;0;1,4,95,100,117,137,144,149,308,391,430,591,644,698,715,838,841,843,891,938,1056,1070,1093,1117,1148,1164,1165,1166,1167,1169,1170,1171,1172,1176,1233,1234,1287,1359,1390,1397,1447,1467,1502,1682,2109,2134,2405,2508,2674,2676,2821,2926,2949,2950,2951,2952,2953,2954,2955,2956,3069,3267,3278,4832,4857,4889,4897,4925,5237,5239,5240,5246,5377,6101,6102,6103,6104,8465,8466,8467,
155;0;1336;1487;0;1,4,95,100,117,137,144,149,308,391,430,591,644,698,715,838,841,843,891,938,1056,1070,1093,1117,1148,1164,1165,1166,1167,1169,1170,1171,1172,1176,1233,1234,1287,1359,1390,1397,1447,1467,1502,1682,2109,2134,2405,2508,2674,2676,2821,2926,2949,2950,2951,2952,2953,2954,2955,2956,3069,3267,3278,4832,4857,4889,4897,4925,5237,5239,5240,5246,5377,6101,6102,6103,6104,8465,8466,8467,
155;1;1487;1639;0;1,4,95,100,117,137,144,149,308,391,430,591,644,698,715,838,841,843,891,938,1056,1070,1093,1117,1148,1164,1165,1166,1167,1169,1170,1171,1172,1176,1233,1234,1287,1359,1390,1397,1447,1467,1502,1682,2109,2134,2405,2508,2674,2676,2821,2926,2949,2950,2951,2952,2953,2954,3267,3278,3470,3473,3474,4832,4857,4889,4925,5237,5239,5240,5246,5377,8265,8340,8764,8765,8770,9014,9015,9016,
234;0;1639;1811;0;1,4,95,100,117,137,144,149,308,391,430,591,644,698,715,838,841,843,891,938,1056,1070,1093,1117,1148,1164,1165,1166,1167,1169,1170,1171,1172,1176,1233,1234,1287,1359,1390,1397,1447,1467,1502,1682,2109,2134,2405,2508,2622,2674,2676,2677,2821,2926,2949,2950,2951,2952,2953,2954,3267,3278,3470,3473,3474,4832,4857,4889,4925,5237,5239,5240,5246,5377,8265,8340,8764,8765,8770,9014,
234;1;1811;1937;0;1,4,38,40,79,95,100,117,137,144,149,150,198,208,210,308,366,391,430,591,644,653,698,715,838,843,891,979,987,1056,1093,1117,1148,1167,1170,1171,1172,1233,1287,1359,1390,1447,1502,1560,1682,1898,1936,1937,1940,2091,2109,2134,2405,2564,2674,2676,2677,2821,2924,2926,2940,2951,3267,3278,3361,3470,4138,4464,4465,4466,4832,4857,4889,4925,5237,5239,5240,5246,5377,8340,
74;0;1937;2057;0;1,4,26,38,40,79,95,100,117,137,144,149,150,198,208,210,308,366,391,430,591,644,698,715,838,843,891,979,987,1056,1093,1117,1148,1167,1170,1171,1172,1233,1266,1267,1268,1272,1276,1278,1287,1291,1292,1293,1359,1390,1447,1502,1682,1898,1937,2091,2109,2134,2405,2564,2674,2676,2677,2821,2926,2951,3267,3278,3470,3609,4832,4857,4889,4925,5237,5239,5240,5246,5377,8340,
74;1;2057;2229;0;26,61,79,100,117,137,139,144,149,225,276,295,351,366,400,528,591,607,677,765,772,773,849,946,948,1118,1123,1133,1134,1236,1268,1270,1279,1293,1361,1431,1474,1478,1726,1875,1916,2053,2510,2627,2635,2645,2653,2678,2679,2774,2775,2778,3447,3590,3609,3630,4332,4553,4600,4604,4627,4754,4852,4853,4854,4855,4856,4857,4858,4859,4860,4888,4996,5011,5338,5594,6180,6226,7556,8534,
114;0;2229;2332;0;26,61,79,100,117,137,139,144,149,225,276,295,351,366,400,528,591,607,677,765,772,773,849,946,948,1118,1123,1133,1134,1236,1268,1270,1279,1293,1361,1431,1474,1478,1726,1875,1916,2053,2510,2627,2635,2645,2653,2678,2679,2774,2775,2778,3447,3590,3609,3630,4332,4553,4600,4604,4627,4754,4852,4853,4854,4855,4856,4857,4858,4859,4860,4888,4996,5011,5338,5594,6180,6226,7556,8534,
114;1;2332;2507;0;26,61,79,100,117,137,139,144,149,225,276,295,351,366,400,528,591,607,677,765,772,773,849,946,948,1118,1123,1133,1134,1236,1268,1270,1279,1293,1361,1431,1474,1478,1726,1875,1916,2053,2510,2627,2635,2645,2653,2678,2679,2774,2775,2778,3447,3590,3609,3630,4332,4553,4600,4604,4627,4754,4852,4853,4854,4855,4856,4857,4858,4859,4860,4888,4996,5011,5338,5594,6180,6226,7556,8534,
23;0;2507;2654;0;26,61,79,100,117,137,139,144,149,225,276,295,351,366,400,528,591,607,677,765,772,773,849,946,948,1118,1123,1133,1134,1236,1268,1270,1279,1293,1361,1431,1474,1478,1726,1875,1916,2053,2510,2627,2635,2645,2653,2678,2679,2774,2775,2778,3447,3590,3609,3630,4332,4553,4600,4604,4627,4754,4852,4853,4854,4855,4856,4857,4858,4859,4860,4888,4996,5011,5338,5594,6180,6226,7556,8534,
23;1;2654;2774;0;26,61,79,100,117,137,139,144,149,225,276,295,351,366,400,528,591,607,677,765,772,773,849,946,948,1118,1123,1133,1134,1236,1268,1270,1279,1293,1361,1431,1474,1478,1726,1875,1916,2053,2510,2627,2635,2645,2653,2678,2679,2774,2775,2778,3447,3590,3609,3630,4332,4553,4600,4604,4627,4754,4852,4853,4854,4855,4856,4857,4858,4859,4860,4888,4996,5011,5338,5594,6180,6226,7556,8534,
311;0;2880;2991;0;26,61,79,100,117,137,139,144,149,225,276,295,351,366,400,528,591,677,765,772,773,849,946,948,1118,1133,1134,1236,1268,1270,1279,1293,1361,1474,1478,1726,2053,2510,2627,2635,2645,2653,2678,2679,2774,2775,2778,3447,3590,3609,4553,4600,4627,4854,4855,4857,4858,4888,5011,9222,9223,9224,9225,9229,9230,9231,9233,9234,9235,9236,9241,9243,9244,9250,9251,9252,9253,9254,9255,9256,
311;1;2991;3132;0;26,27,61,79,100,117,137,139,144,149,225,247,276,295,351,366,400,457,528,591,677,728,765,772,773,849,946,948,1118,1133,1134,1236,1268,1270,1275,1279,1293,1361,1474,1478,1726,2053,2174,2190,2220,2232,2510,2627,2635,2645,2653,2678,2679,2774,2775,2778,2941,3060,3421,3422,3447,3590,3609,3831,3842,4553,4600,4627,4854,4855,4857,4858,4888,5011,9222,9223,9224,9225,9229,9230,
327;0;3132;3221;0;26,27,61,79,100,117,137,139,144,149,225,247,276,291,295,351,457,528,591,677,765,772,773,848,849,946,948,1118,1133,1134,1236,1268,1270,1279,1293,1361,1474,1478,1530,1726,1915,2053,2174,2232,2394,2510,2627,2635,2643,2645,2653,2678,2679,2774,2775,2778,2941,3016,3447,3609,3915,4553,4600,4627,4775,4854,4855,4857,4888,5011,5053,5890,6098,6401,7316,7463,8368,8369,8370,8371,
327;1;3221;3380;0;26,27,61,79,100,117,137,138,139,144,149,225,247,276,288,291,295,348,351,404,457,528,591,677,765,772,773,848,849,946,948,1118,1133,1134,1236,1268,1270,1279,1293,1361,1398,1472,1474,1478,1480,1530,1726,1915,2053,2174,2232,2394,2510,2627,2635,2643,2645,2653,2678,2679,2774,2775,2778,2941,3016,3447,3609,3915,4422,4423,4553,4600,4627,4854,4855,4857,4888,5011,6401,7463,
37;0;3380;3466;0;26,27,61,79,100,117,137,138,139,144,149,170,225,247,276,288,291,295,351,404,457,528,591,677,765,772,773,849,946,948,968,1031,1118,1133,1134,1236,1268,1270,1279,1293,1361,1398,1472,1474,1478,1480,1726,1915,2053,2168,2174,2232,2510,2627,2635,2643,2645,2653,2678,2679,2774,2775,2778,2941,3331,3447,3609,3775,4553,4600,4627,4854,4855,4857,4888,5011,5804,5805,6401,7463,
37;1;3466;3622;0;3,95,100,137,144,225,290,291,295,329,395,644,647,677,686,854,855,949,1073,1118,1121,1293,1361,1390,1451,1502,1670,1734,1809,1915,2052,2091,2253,2573,2627,2631,2640,2677,2679,2691,2774,2775,2806,2816,2893,2998,3263,3618,3711,3712,4361,4365,4553,4635,5329,5685,5715,5716,5717,5718,5719,5720,5721,6803,7423,7663,7943,8057,8099,8129,8166,8187,8407,8686,8687,8696,8698,8699,8787,8788,
249;0;3622;3774;0;3,95,100,137,144,225,290,291,295,329,395,644,647,677,686,854,855,949,1073,1118,1121,1293,1361,1390,1451,1502,1670,1734,1809,1915,2052,2091,2253,2573,2627,2631,2640,2677,2679,2691,2774,2775,2806,2816,2893,2998,3263,3618,3711,3712,4361,4365,4553,4635,5329,5685,5715,5716,5717,5718,5719,5720,5721,6803,7423,7663,7943,8057,8099,8129,8166,8187,8407,8686,8687,8696,8698,8699,8787,8788,
249;1;3774;3847;0;3,95,100,137,144,225,290,291,295,329,395,644,647,677,686,854,855,949,1073,1118,1121,1293,1361,1390,1451,1502,1670,1734,1809,1915,2052,2091,2253,2573,2627,2631,2640,2677,2679,2691,2774,2775,2806,2816,2893,2998,3263,3618,3711,3712,4361,4365,4553,4635,5329,5685,5715,5716,5717,5718,5719,5720,5721,6803,7423,7663,7943,8057,8099,8129,8166,8187,8407,8686,8687,8696,8698,8699,8787,8788,
382;0;4320;4439;0;3,51,95,100,137,144,225,290,291,295,329,395,632,644,647,677,686,854,855,949,1073,1089,1118,1121,1293,1361,1390,1451,1502,1670,1716,1734,1809,1915,2052,2091,2253,2573,2627,2631,2640,2677,2679,2691,2774,2775,2806,2816,2893,2998,3263,3618,3711,3712,3984,3985,4361,4365,4553,4635,5329,5685,5715,5716,5717,5718,5719,5720,5721,6803,7423,7663,7943,8057,8099,8129,8166,8187,8686,8687,
382;1;4439;4540;0;3,51,95,100,137,144,225,290,291,295,329,395,632,644,647,677,686,854,855,949,1073,1089,1118,1121,1293,1361,1390,1451,1481,1502,1670,1716,1734,1809,1915,2052,2091,2253,2573,2627,2631,2640,2677,2679,2691,2774,2775,2806,2816,2893,2998,3263,3618,3711,3712,3984,3985,4361,4365,4553,4635,5329,5685,5715,5716,5717,5718,7423,8143,8190,8194,8197,8198,8199,8200,8203,8204,8205,8686,8687,
35;0;4540;4584;0;3,51,95,100,137,144,225,231,290,291,295,297,329,395,632,644,647,677,686,854,855,949,1073,1089,1118,1121,1293,1361,1390,1451,1476,1481,1502,1670,1716,1734,1809,1915,2052,2091,2253,2405,2573,2627,2631,2640,2658,2677,2679,2691,2774,2775,2778,2806,2816,2893,2998,3263,3618,3711,3712,3984,3985,4361,4365,4553,4635,4946,5329,7423,8190,8197,8198,8199,8200,8203,8204,8205,8686,8687,
35;1;4584;4753;0;3,34,60,62,95,100,137,144,204,225,231,290,291,297,329,395,448,632,644,647,677,854,855,949,1073,1089,1118,1121,1248,1293,1361,1390,1451,1476,1481,1502,1670,1716,1809,1915,1999,2006,2052,2091,2185,2253,2315,2405,2573,2627,2631,2677,2679,2691,2774,2775,2778,2806,2816,2849,3263,3618,3711,3906,4103,4104,4105,4553,4635,5329,7423,8190,8197,8198,8199,8200,8203,8204,8205,8686,
70;0;4753;4927;0;3,34,60,61,95,100,137,144,150,196,225,231,290,291,297,329,395,516,632,644,647,677,854,855,949,1047,1073,1089,1118,1121,1157,1196,1293,1361,1390,1451,1476,1481,1502,1670,1716,1809,1915,1988,1999,2052,2091,2253,2405,2412,2413,2414,2573,2627,2631,2677,2679,2691,2774,2775,2778,2806,2816,2849,3263,3618,3711,4553,4635,5329,7423,8190,8197,8198,8199,8200,8203,8204,8205,8686,
70;1;4927;4963;0;3,26,34,60,61,95,100,137,144,225,290,291,297,329,395,516,528,632,644,647,677,854,855,949,1118,1196,1287,1288,1293,1294,1322,1361,1390,1419,1476,1481,1502,1670,1809,1915,1988,1999,2052,2091,2263,2264,2412,2419,2485,2627,2631,2677,2679,2691,2774,2775,2778,2806,2849,3026,3094,3263,3618,4217,4357,4440,5102,5103,5104,5105,5106,7423,8190,8197,8198,8199,8200,8203,8204,8205,
103;0;4963;5120;0;15,40,55,60,79,139,144,165,170,192,221,255,275,391,412,429,458,476,495,729,754,775,948,979,987,1134,1146,1236,1273,1293,1587,1719,1787,1849,1935,1973,2074,2080,2174,2216,2232,2273,2485,2555,2774,2775,2776,2849,2941,2951,3284,3345,3348,3380,3381,3382,3383,3384,3385,3386,3814,3891,4094,4106,4357,4489,4771,5110,5155,5739,6137,6457,6686,6747,6766,7335,7336,7410,7411,9194,
103;1;5120;5170;0;15,40,55,60,79,139,144,165,170,192,221,255,275,391,412,429,458,476,495,729,754,775,948,979,987,1134,1146,1236,1273,1293,1587,1719,1787,1849,1935,1973,2074,2080,2174,2216,2232,2273,2485,2555,2774,2775,2776,2849,2941,2951,3284,3345,3348,3380,3381,3382,3383,3384,3385,3386,3814,3891,4094,4106,4357,4489,4771,5110,5155,5739,6137,6457,6686,6747,6766,7335,7336,7410,7411,9194,
279;0;5170;5204;0;15,40,55,60,79,139,144,165,170,192,221,255,275,391,412,429,458,476,495,729,754,775,948,979,987,1134,1146,1236,1273,1293,1587,1719,1787,1849,1935,1973,2074,2080,2174,2216,2232,2273,2485,2555,2774,2775,2776,2849,2941,2951,3284,3345,3348,3380,3381,3382,3383,3384,3385,3386,3814,3891,4094,4106,4357,4489,4771,5110,5155,5739,6137,6457,6686,6747,6766,7335,7336,7410,7411,9194,
279;1;5204;5367;0;15,40,55,60,79,139,144,165,170,192,221,255,275,391,412,429,458,476,495,729,754,775,948,979,987,1134,1146,1236,1273,1293,1587,1719,1787,1849,1935,1973,2074,2080,2174,2216,2232,2273,2485,2555,2774,2775,2776,2849,2941,2951,3284,3345,3348,3380,3381,3382,3383,3384,3385,3386,3814,3891,4094,4106,4357,4489,4771,5110,5155,5739,6137,6457,6686,6747,6766,7335,7336,7410,7411,9194,
352;0;5367;5468;0;15,40,55,60,79,139,144,165,170,192,221,255,275,391,412,429,458,476,495,729,754,775,948,979,987,1134,1146,1236,1273,1293,1587,1719,1787,1849,1935,1973,2074,2080,2174,2216,2232,2273,2485,2555,2774,2775,2776,2849,2941,2951,3284,3345,3348,3380,3381,3382,3383,3384,3385,3386,3814,3891,4094,4106,4357,4489,4771,5110,5155,5739,6137,6457,6686,6747,6766,7335,7336,7410,7411,9194,
352;1;5468;5562;0;15,40,55,60,79,139,144,165,170,192,221,255,275,391,412,429,458,476,495,729,754,775,948,979,987,1134,1146,1236,1273,1293,1587,1719,1787,1849,1935,1973,2074,2080,2174,2216,2232,2273,2485,2555,2774,2775,2776,2849,2941,2951,3284,3345,3348,3380,3381,3382,3383,3384,3385,3386,3814,3891,4094,4106,4357,4489,4771,5110,5155,5739,6137,6457,6686,6747,6766,7335,7336,7410,7411,9194,
59;0;5562;5661;0;15,40,55,60,79,139,144,165,170,192,221,255,275,391,412,429,458,476,495,729,754,775,948,979,987,1134,1146,1236,1273,1293,1587,1719,1787,1849,1935,1973,2074,2080,2174,2216,2232,2273,2485,2555,2774,2775,2776,2849,2941,2951,3284,3345,3348,3380,3381,3382,3383,3384,3385,3386,3814,3891,4094,4106,4357,4489,4771,5110,5155,5739,6137,6457,6686,6747,6766,7335,7336,7410,7411,9194,
59;1;5661;5752;0;15,40,55,60,79,139,144,165,170,192,221,255,275,391,412,429,458,476,495,729,754,775,948,979,987,1134,1146,1236,1273,1293,1587,1719,1787,1849,1935,1973,2074,2080,2174,2216,2232,2273,2485,2555,2774,2775,2776,2849,2941,2951,3284,3345,3348,3380,3381,3382,3383,3384,3385,3386,3814,3891,4094,4106,4357,4489,4771,5110,5155,5739,6137,6457,6686,6747,6766,7335,7336,7410,7411,9194,
123;0;5760;5907;0;15,40,55,60,79,95,139,144,165,170,192,221,255,275,291,292,391,412,429,458,476,495,690,729,754,775,948,979,987,1134,1146,1236,1273,1293,1556,1587,1674,1719,1787,1849,1935,1973,2074,2080,2174,2216,2232,2273,2485,2555,2642,2677,2679,2774,2775,2776,2778,2849,2941,2951,3263,3284,3345,3348,3380,3381,3382,3383,3384,3447,3814,4854,4855,5370,5499,5502,5673,7335,7336,9194,
123;1;5907;5947;0;15,40,55,60,79,95,139,144,165,170,198,221,247,255,275,291,292,391,412,429,529,557,727,875,948,979,1134,1146,1236,1273,1287,1288,1290,1293,1556,1577,1587,1674,1775,1776,1777,1778,1779,1780,1781,1782,1783,1784,1785,1786,1787,1788,1789,1790,1791,1792,1793,1794,1795,1935,1973,2074,2232,2273,2485,2677,2679,2774,2775,2776,2778,2941,2951,3263,3345,3381,3814,7335,7336,9194,
802;0;5947;6127;0;15,40,55,60,79,95,139,144,165,170,198,221,247,255,275,291,292,391,412,429,529,557,727,875,948,979,1015,1134,1146,1236,1273,1287,1288,1290,1293,1556,1577,1587,1674,1775,1776,1777,1778,1779,1780,1781,1782,1783,1784,1785,1786,1787,1788,1789,1790,1791,1793,1935,1973,2074,2232,2273,2485,2677,2679,2774,2775,2776,2778,2941,2951,3263,3345,3381,3814,4437,5290,7335,7336,9194,
1191;0;6127;6306;0;15,40,55,60,79,95,139,144,165,170,198,221,247,255,262,275,277,291,292,321,390,391,398,412,429,529,557,640,648,727,875,948,979,1015,1093,1134,1146,1236,1273,1287,1288,1290,1293,1363,1556,1577,1587,1674,1779,1781,1782,1793,1814,1920,1935,1973,2074,2232,2273,2485,2503,2559,2677,2679,2774,2775,2776,2778,2941,2951,3263,3345,3381,3814,5253,5290,6611,7335,7336,9194,
1195;0;6306;6476;0;15,55,60,95,139,144,165,170,221,247,255,262,275,277,291,292,321,345,351,390,391,395,398,412,429,529,591,640,648,671,764,858,948,979,1093,1134,1146,1236,1273,1287,1288,1290,1293,1356,1556,1587,1674,1779,1781,1782,1793,1814,1935,1973,2074,2273,2485,2631,2643,2651,2652,2677,2679,2774,2775,2776,2778,2941,3263,3345,3381,3532,3814,4369,4733,5290,5348,7335,7336,9194,
63;0;6476;6521;0;2,4,15,24,54,60,95,100,144,148,299,300,343,376,393,395,401,677,682,715,730,871,1050,1051,1052,1133,1150,1232,1233,1287,1288,1293,1445,1481,1572,1604,1674,1801,1806,1809,2062,2063,2355,2366,2661,2687,2817,2818,3205,3207,3210,3218,3345,3346,3470,3492,3501,3609,3610,4313,4314,4315,4316,4317,4318,4388,5525,5528,5537,5722,5723,5724,5725,5726,5727,5728,5729,8339,8340,8341,
63;1;6521;6640;0;2,4,15,24,54,60,95,100,144,148,299,300,343,376,393,395,401,677,682,715,730,871,1050,1051,1052,1133,1150,1232,1233,1287,1288,1293,1445,1481,1572,1604,1674,1801,1806,1809,2062,2063,2355,2366,2661,2687,2817,2818,3205,3207,3210,3218,3345,3346,3470,3492,3501,3609,3610,4313,4314,4315,4316,4317,4318,4388,5525,5528,5537,5722,5723,5724,5725,5726,5727,5728,5729,8339,8340,8341,
91;0;6640;6693;0;2,4,15,24,54,60,95,100,144,148,299,300,343,376,393,395,401,677,682,715,730,871,1050,1051,1052,1133,1150,1232,1233,1287,1288,1293,1445,1481,1572,1604,1674,1801,1806,1809,2062,2063,2355,2366,2661,2687,2817,2818,3205,3207,3210,3218,3345,3346,3470,3492,3501,3609,3610,4313,4314,4315,4316,4317,4318,4388,5525,5528,5537,5722,5723,5724,5725,5726,5727,5728,5729,8339,8340,8341,
91;1;6693;6803;0;2,4,15,24,54,60,95,100,144,148,299,300,343,376,393,395,401,677,682,715,730,871,1050,1051,1052,1133,1150,1232,1233,1287,1288,1293,1445,1481,1572,1604,1674,1801,1806,1809,2062,2063,2355,2366,2661,2687,2817,2818,3205,3207,3210,3218,3345,3346,3470,3492,3501,3609,3610,4313,4314,4315,4316,4317,4318,4388,5525,5528,5537,5722,5723,5724,5725,5726,5727,5728,5729,8339,8340,8341,
164;0;6803;6880;0;2,4,15,24,54,60,95,100,144,148,299,300,343,376,393,395,401,677,682,715,730,871,1050,1051,1052,1133,1150,1232,1233,1287,1288,1293,1445,1481,1572,1604,1674,1801,1806,1809,2062,2063,2355,2366,2661,2687,2817,2818,3205,3207,3210,3218,3345,3346,3470,3492,3501,3609,3610,4313,4314,4315,4316,4317,4318,4388,5525,5528,5537,5722,5723,5724,5725,5726,5727,5728,5729,8339,8340,8341,
164;1;7200;7283;0;2,4,15,24,26,54,60,95,100,128,144,148,299,300,343,376,393,395,401,677,682,715,730,871,1050,1051,1052,1133,1138,1150,1232,1233,1268,1269,1270,1272,1287,1288,1293,1294,1295,1322,1445,1481,1572,1604,1674,1781,1801,1806,1809,2062,2063,2261,2262,2355,2366,2661,2687,2817,2818,2868,3205,3207,3210,3218,3345,3346,3470,3492,3501,3609,3610,3837,4260,4313,4314,4315,5525,5722,
333;0;7283;7432;0;2,4,15,24,26,54,60,95,100,128,144,148,299,300,343,376,393,395,401,677,682,715,730,871,1050,1051,1052,1133,1138,1150,1232,1233,1268,1269,1270,1272,1287,1288,1293,1294,1295,1322,1445,1481,1572,1604,1674,1781,1801,1806,1809,2062,2063,2261,2262,2355,2661,2817,2818,2868,3210,3492,3609,3610,5525,5722,5953,5958,5959,5966,5976,5979,5987,5992,6146,6147,6148,6149,6150,6151,
333;1;7432;7443;0;2,4,15,24,26,54,60,95,100,128,144,145,148,225,299,300,343,376,393,395,401,677,682,715,730,871,1050,1051,1052,1133,1138,1150,1232,1233,1268,1269,1270,1272,1287,1288,1293,1294,1295,1322,1445,1481,1572,1604,1674,1781,1801,1806,1809,2062,2063,2261,2262,2355,2661,2774,2817,2818,2868,2903,3210,3492,3609,3610,4567,4600,5525,5722,5953,5958,5959,5966,5976,5979,5987,5992,
1082;0;7443;7600;0;1,3,4,15,24,26,60,95,100,144,145,149,225,226,262,270,277,329,391,395,677,715,1050,1051,1069,1093,1204,1214,1268,1269,1270,1272,1287,1288,1293,1294,1295,1322,1473,1475,1476,1477,1481,1599,1667,1803,1825,2109,2134,2451,2661,2774,3108,3210,3278,3492,4033,4535,4567,4857,4891,4902,4925,4926,4927,4928,4929,4930,4931,4932,4933,4934,4935,4936,4937,4938,4939,5296,5525,5722,
349;0;7600;7649;0;1,4,15,24,26,60,95,100,137,144,145,149,225,226,232,262,276,277,288,290,291,329,377,391,395,429,596,647,677,715,1050,1051,1054,1069,1093,1117,1118,1119,1204,1214,1268,1269,1270,1272,1287,1288,1293,1294,1295,1322,1473,1476,1481,1599,1667,1763,1803,1843,1919,2052,2109,2134,2661,2774,3210,3278,3492,4088,4567,4834,4927,4929,4939,5011,5511,5516,5525,5589,5590,5722,
349;1;7649;7750;0;4,15,24,26,60,95,100,137,144,145,149,225,226,262,276,277,288,329,391,395,429,647,677,715,1050,1051,1093,1118,1214,1268,1269,1270,1272,1287,1288,1293,1294,1295,1322,1473,1476,1481,1667,1803,1949,1950,1951,1952,1954,1955,1956,1957,1958,1959,1960,1961,1962,1963,1964,1965,1966,1967,1968,1969,2109,2134,2661,2774,3210,3278,3492,4567,4927,4929,4939,5525,5722,6166,6167,6168,
1230;0;7750;7898;0;4,15,24,26,60,95,100,137,144,145,149,225,226,262,276,277,288,329,391,395,429,647,677,715,1050,1051,1093,1118,1214,1268,1269,1270,1272,1287,1288,1293,1294,1295,1322,1473,1476,1481,1667,1803,1949,1950,1951,1952,1954,1955,1956,1957,1958,1959,1960,1961,1962,1963,1964,1965,1966,1967,1968,1969,2109,2134,2661,2774,3210,3278,3492,4567,4770,4927,4929,4939,5525,5722,6166,6167,
953;0;7898;8045;0;4,15,24,26,27,60,95,100,137,139,144,145,149,225,226,242,245,262,276,277,288,321,329,390,391,395,396,397,404,429,501,515,677,715,895,949,1050,1051,1214,1230,1236,1268,1269,1270,1272,1277,1287,1288,1293,1294,1295,1322,1417,1473,1474,1476,1478,1481,1521,1522,1726,1803,1816,2465,2661,2774,2892,3080,3210,3278,3492,3515,3721,3753,4567,4929,5525,5722,6045,7994,
1026;0;8045;8192;0;4,15,24,26,27,60,95,100,137,139,144,145,149,225,226,242,245,262,276,277,288,321,329,390,391,395,396,397,404,429,501,515,677,715,895,949,1050,1051,1214,1230,1236,1268,1269,1270,1272,1277,1287,1288,1293,1294,1295,1322,1417,1473,1474,1476,1478,1481,1521,1522,1726,1803,1816,2465,2661,2774,2892,3080,3210,3278,3492,3515,3721,3753,4567,4929,5525,5722,6045,7994,
881;0;8192;8336;0;4,15,24,26,27,60,95,100,137,139,144,145,149,225,226,242,245,262,276,277,288,321,329,390,391,395,396,397,404,429,501,515,677,715,895,949,1050,1051,1214,1230,1236,1268,1269,1270,1272,1277,1287,1288,1293,1294,1295,1322,1417,1473,1474,1476,1478,1481,1521,1522,1726,1803,1816,2465,2661,2774,2892,3080,3210,3278,3492,3515,3721,3753,4567,4929,5525,5722,6045,7994,
14;0;8640;8714;0;26,117,137,144,145,149,225,226,255,262,277,288,321,329,412,429,453,485,529,536,618,715,978,1266,1267,1268,1269,1270,1272,1277,1284,1286,1287,1288,1289,1290,1293,1294,1295,1476,1782,1915,2032,2091,2156,2286,2338,2346,2347,2577,2770,2812,2934,2941,3210,3492,3571,3758,3814,5540,5856,5916,6372,6706,6831,6961,7331,7907,7967,8516,8606,8675,8851,8852,8853,8854,8855,8856,8857,8858,
14;1;8714;8783;0;26,117,137,144,145,149,225,226,255,262,277,288,321,329,412,429,453,485,529,536,618,715,978,1266,1267,1268,1269,1270,1272,1277,1284,1286,1287,1288,1289,1290,1293,1294,1295,1476,1782,1915,2032,2091,2156,2222,2223,2286,2338,2346,2347,2577,2770,2812,2934,2941,3210,3492,3571,3758,3814,5540,5856,5916,6372,6706,6831,6961,7331,7907,7967,8516,8606,8675,8851,8852,8853,8854,8855,8856,
1235;0;8783;8921;0;26,117,137,144,145,149,225,226,255,262,277,288,321,329,412,429,453,485,529,536,618,715,978,1266,1267,1268,1269,1270,1272,1277,1284,1285,1286,1287,1288,1289,1290,1293,1294,1295,1476,1782,1915,2032,2091,2156,2222,2223,2286,2338,2346,2347,2577,2770,2812,2934,2941,3210,3492,3571,3758,3814,5540,5856,5916,6372,6706,6831,6961,7009,7331,7907,7967,8516,8606,8675,8851,8852,8853,8948,
863;0;8921;9058;0;26,117,137,144,145,149,225,226,255,262,277,288,321,329,412,429,453,485,529,536,618,715,978,1266,1267,1268,1269,1270,1272,1277,1284,1285,1286,1287,1288,1289,1290,1293,1294,1295,1476,1497,1551,1552,1553,1555,1556,1557,1782,1915,2032,2091,2156,2222,2223,2286,2338,2346,2347,2577,2770,2812,2934,2941,3129,3210,3492,3571,3758,3814,5540,5856,5916,6372,6706,6831,6961,7009,7331,7907,
982;0;9058;9194;0;26,117,137,144,145,149,225,226,255,262,277,288,321,329,412,429,453,485,499,529,536,618,715,978,1266,1267,1268,1269,1270,1272,1277,1284,1285,1286,1287,1288,1289,1290,1293,1294,1295,1476,1497,1551,1552,1553,1555,1556,1557,1782,1915,1988,2032,2091,2156,2222,2223,2286,2338,2346,2347,2577,2770,2812,2934,2941,3129,3210,3492,3571,3758,3814,5540,5856,5916,6372,6706,6831,6961,7009,
152;0;9194;9230;0;26,117,137,144,145,149,225,226,234,255,262,277,288,321,329,399,412,429,453,485,499,529,536,618,715,978,1266,1267,1268,1269,1270,1272,1277,1284,1285,1286,1287,1288,1289,1290,1293,1294,1295,1472,1476,1497,1551,1552,1553,1555,1556,1557,1782,1915,1988,2032,2091,2117,2156,2222,2223,2286,2338,2346,2347,2577,2770,2812,2934,2941,3129,3210,3492,3571,3758,3814,4585,6411,6412,7009,
152;1;9230;9327;0;26,117,137,144,145,149,225,226,234,255,262,277,288,321,329,399,412,429,453,485,499,529,536,618,715,762,978,1266,1267,1268,1269,1270,1272,1277,1284,1285,1286,1287,1288,1289,1290,1293,1294,1295,1472,1476,1497,1551,1552,1553,1555,1556,1557,1782,1915,1988,2032,2091,2117,2156,2222,2223,2286,2338,2346,2347,2577,2770,2812,2934,2941,3129,3210,3492,3571,3758,3814,4585,6411,7009,
236;0;9327;9411;0;26,117,137,144,145,149,177,178,179,184,225,226,233,234,247,255,262,267,277,288,303,304,305,308,311,312,314,316,321,329,399,429,529,640,715,1266,1268,1269,1270,1272,1277,1284,1287,1288,1293,1294,1295,1476,1484,1497,1556,1570,2091,2128,2223,2770,2812,2941,3182,3183,3210,3483,3484,3485,3486,3487,3488,3489,3490,3491,3492,3493,3494,3495,3496,3497,3498,3499,4749,7009,
236;1;9411;9455;0;26,117,137,144,145,149,177,178,179,184,225,226,233,234,247,255,262,267,277,288,303,304,305,308,311,312,314,316,321,329,399,429,529,640,715,1266,1268,1269,1270,1272,1277,1284,1287,1288,1293,1294,1295,1476,1484,1497,1556,1570,2091,2128,2223,2770,2812,2941,3182,3183,3210,3483,3484,3485,3486,3487,3488,3489,3490,3491,3492,3493,3494,3495,3496,3497,3498,3499,4749,7009,
1213;0;9455;9581;0;26,117,137,144,145,149,177,178,179,184,225,226,233,234,247,255,262,267,277,288,303,304,305,308,311,312,314,316,321,329,399,429,529,640,715,1266,1268,1269,1270,1272,1277,1284,1287,1288,1293,1294,1295,1476,1484,1497,1556,1570,2091,2128,2223,2770,2812,2941,3182,3183,3210,3483,3484,3485,3486,3487,3488,3489,3490,3491,3492,3493,3494,3495,3496,3497,3498,3499,4749,7009,
992;0;9581;9687;0;26,117,137,144,145,149,177,178,179,184,225,226,233,234,247,255,262,267,277,288,303,304,305,308,311,312,314,316,321,329,399,429,529,640,715,1266,1268,1269,1270,1272,1277,1284,1287,1288,1293,1294,1295,1476,1484,1497,1556,1570,2091,2128,2223,2770,2812,2941,3182,3183,3210,3483,3484,3485,3486,3487,3488,3489,3490,3491,3492,3493,3494,3495,3496,3497,3498,3499,4749,7009,
368;0;10080;10176;0;26,100,117,137,144,145,149,177,178,225,226,234,247,262,277,288,314,321,329,399,429,529,640,666,715,765,814,1268,1269,1270,1272,1277,1284,1287,1288,1293,1294,1295,1352,1390,1476,1481,1484,1523,1556,2223,2635,2653,2678,2721,2770,2802,2803,2812,2941,3527,5336,5525,5530,5633,5637,5722,5868,6024,6308,6309,6310,6311,6312,6313,6314,6315,6316,6317,6318,6319,6320,6321,6322,7009,
368;1;10176;10186;0;26,100,117,137,144,145,149,177,178,225,226,234,247,262,277,288,314,321,329,399,429,529,640,666,715,765,814,1268,1269,1270,1272,1277,1284,1287,1288,1293,1294,1295,1352,1390,1476,1481,1484,1523,1556,2223,2635,2653,2678,2721,2770,2802,2803,2812,2941,3527,5336,5525,5530,5633,5637,5722,5868,6024,6308,6309,6310,6311,6312,6313,6314,7009,8551,8559,8640,9053,9059,9112,9113,9114,
966;0;10186;10290;0;15,19,24,25,26,34,36,44,100,117,137,144,145,149,177,178,225,226,234,247,262,277,288,314,321,329,399,421,429,529,640,666,715,765,814,1179,1247,1261,1268,1269,1270,1272,1277,1284,1287,1288,1293,1294,1295,1352,1390,1476,1481,1484,1523,1556,1605,1606,2223,2635,2653,2678,2721,2770,2802,2812,2941,3527,5336,5530,5633,5637,5722,5868,6311,6312,6313,7009,8551,8559,
183;0;10290;10294;0;15,19,24,25,26,34,36,44,55,100,117,137,144,145,149,177,178,225,226,234,247,262,277,288,314,321,329,399,421,429,529,640,666,715,736,765,814,1268,1269,1270,1272,1277,1284,1287,1288,1293,1294,1295,1322,1390,1433,1476,1481,1484,1556,2153,2178,2223,2230,2273,2306,2678,2770,2812,2941,3403,3527,3784,5336,5530,5633,5637,5722,5868,6311,6312,6313,7009,8551,8559,
183;1;10294;10393;0;24,25,26,44,55,100,117,137,144,145,149,177,178,225,226,234,247,262,277,288,314,321,329,399,429,529,640,666,715,736,765,814,1268,1269,1270,1272,1277,1284,1287,1288,1293,1294,1295,1322,1390,1476,1481,1484,1556,2153,2178,2223,2273,2306,2678,2770,2812,2941,3289,3527,5336,5530,5637,5722,5868,6311,6312,6313,7009,8014,8170,8171,8174,8429,8431,8551,8559,9098,9099,9100,
808;0;10393;10490;0;24,25,26,44,55,100,117,137,144,145,149,177,178,225,226,234,247,262,277,288,314,321,329,374,399,429,529,640,666,715,736,765,814,1268,1269,1270,1272,1277,1284,1287,1288,1293,1294,1295,1322,1390,1476,1481,1484,1556,2153,2178,2223,2273,2306,2678,2770,2812,2941,3289,3381,3527,4012,4262,4456,4458,5336,5530,5637,5722,5868,6311,6312,6313,7009,8014,8170,8171,8551,8559,
1012;0;10490;10586;0;24,25,26,44,55,95,100,117,137,144,145,149,177,178,225,226,234,247,262,277,288,314,321,329,374,399,429,529,640,666,715,736,765,773,814,831,946,948,1268,1269,1270,1272,1277,1284,1287,1288,1293,1294,1295,1322,1390,1476,1481,1484,1556,1567,2153,2178,2223,2273,2306,2600,2678,2770,2812,2941,3289,3527,5010,5336,5530,5637,5722,5868,6311,6312,6313,7009,8551,8559,
950;0;10586;10682;0;24,25,26,44,55,95,100,117,137,144,145,149,177,178,225,226,234,247,262,277,288,314,321,329,374,399,429,529,640,666,715,736,765,773,814,831,946,948,1268,1269,1270,1272,1277,1284,1287,1288,1293,1294,1295,1322,1390,1476,1481,1484,1556,1567,2153,2178,2223,2273,2306,2600,2678,2770,2812,2941,3527,5336,5530,5637,5722,5868,6311,6312,6313,7009,8136,8292,8551,8559,
875;0;10682;10773;0;24,25,26,44,55,95,100,117,137,144,145,149,177,178,225,226,234,247,262,277,288,314,321,329,399,429,529,640,666,715,736,765,773,814,946,948,1268,1269,1270,1272,1277,1284,1287,1288,1293,1294,1295,1322,1390,1476,1481,1484,1556,1567,2153,2178,2223,2273,2306,2676,2678,2770,2774,2775,2812,2941,3527,4740,5336,5530,5637,5722,5868,6311,6312,6313,6748,7009,8551,8559,
794;0;10773;10862;0;8,24,27,55,61,74,102,137,142,144,241,262,275,289,390,404,405,429,644,645,646,648,677,715,766,773,814,827,1056,1062,1143,1146,1198,1200,1203,1214,1284,1287,1293,1294,1473,1474,1481,1529,1567,1823,2102,2155,2306,2475,2602,2626,2628,2661,2774,2778,2812,2866,3379,3539,3744,3829,5336,5637,5722,5795,5869,6023,6126,6216,6229,6311,6312,6313,6410,8130,8131,8132,8133,8861,
991;0;10862;10946;0;8,24,27,55,61,74,102,137,142,144,241,262,275,289,390,404,405,429,644,645,646,648,677,715,766,773,814,827,1056,1062,1143,1146,1198,1200,1203,1214,1284,1287,1293,1294,1473,1474,1481,1529,1567,1823,2102,2155,2306,2475,2602,2626,2628,2661,2774,2778,2812,2866,3379,3539,3744,3829,5336,5637,5722,5795,5869,6023,6126,6216,6229,6311,6312,6313,6410,8130,8131,8132,8133,8861,
781;0;10946;11029;0;8,24,27,55,61,74,102,137,142,144,241,262,275,289,390,404,405,429,644,645,646,648,677,715,766,773,814,827,1056,1062,1143,1146,1198,1200,1203,1214,1284,1287,1293,1294,1473,1474,1481,1529,1567,1823,2102,2155,2306,2475,2602,2626,2628,2661,2774,2778,2812,2866,3379,3539,3744,3829,5336,5637,5722,5795,5869,6023,6126,6216,6229,6311,6312,6313,6410,8130,8131,8132,8133,8861,
148;0;11029;11049;0;8,24,27,55,61,74,102,137,142,144,241,262,275,289,390,404,405,429,644,645,646,648,677,715,766,773,814,827,1056,1062,1143,1146,1198,1200,1203,1214,1284,1287,1293,1294,1473,1474,1481,1529,1567,1823,2102,2155,2306,2475,2602,2626,2628,2661,2774,2778,2812,2866,3379,3539,3744,3829,5336,5637,5722,5795,5869,6023,6126,6216,6229,6311,6312,6313,6410,8130,8131,8132,8133,8861,
148;1;11049;11111;0;8,24,27,55,61,74,102,137,142,144,241,262,275,289,390,404,405,429,644,645,646,648,677,715,766,773,814,827,1056,1062,1143,1146,1198,1200,1203,1214,1284,1287,1293,1294,1473,1474,1481,1529,1567,1823,2102,2155,2306,2475,2602,2626,2628,2661,2774,2778,2812,2866,3379,3539,3744,3829,5336,5637,5722,5795,5869,6023,6126,6216,6229,6311,6312,6313,6410,8130,8131,8132,8133,8861,
984;0;11111;11191;0;8,24,27,55,61,74,102,137,142,144,241,262,275,289,390,404,405,429,644,645,646,648,677,715,766,773,814,827,1056,1062,1143,1146,1198,1200,1203,1214,1284,1287,1293,1294,1473,1474,1481,1529,1567,1823,2102,2155,2306,2475,2602,2626,2628,2661,2774,2778,2812,2866,3379,3539,3744,3829,5336,5637,5722,5795,5869,6023,6126,6216,6229,6311,6312,6313,6410,8130,8131,8132,8133,8861,
864;0;11191;11268;0;8,24,27,55,61,74,102,137,142,144,241,262,275,289,390,404,405,429,644,645,646,648,677,715,766,773,814,827,1056,1062,1143,1146,1198,1200,1203,1214,1284,1287,1293,1294,1473,1474,1481,1529,1567,1823,2102,2155,2306,2475,2602,2626,2628,2661,2774,2778,2812,2866,3379,3539,3744,3829,5336,5637,5722,5795,5869,6023,6126,6216,6229,6311,6312,6313,6410,8130,8131,8132,8133,8861,
1219;0;11520;11596;0;8,24,27,55,61,74,102,113,137,142,144,241,262,275,289,390,404,405,429,534,540,644,645,646,648,677,715,753,766,773,814,827,1056,1062,1143,1146,1162,1198,1200,1203,1214,1284,1287,1293,1294,1473,1474,1481,1529,1567,1823,2102,2155,2233,2306,2475,2602,2626,2628,2661,2774,2778,2812,2866,3080,3379,3508,3509,3510,3539,3744,3829,5336,5637,5722,5795,5869,6023,6126,6216,
1193;0;11596;11670;0;8,24,27,55,60,61,74,102,113,137,142,144,206,208,209,241,262,275,289,390,404,405,429,534,540,644,645,646,648,677,715,753,766,773,814,827,1056,1062,1143,1146,1162,1195,1198,1200,1203,1214,1284,1287,1293,1294,1473,1474,1481,1529,1567,1657,1823,1930,1935,1999,2102,2155,2233,2306,2475,2602,2626,2628,2774,2778,2812,2918,3241,3545,3744,4212,4213,4214,5637,5869,
1234;0;11670;11742;0;8,24,27,55,60,61,74,102,113,137,142,144,206,208,209,241,262,275,289,390,404,405,429,534,540,644,645,646,648,677,715,753,766,773,814,827,1050,1051,1056,1062,1143,1146,1162,1195,1198,1200,1203,1214,1284,1287,1293,1294,1473,1474,1481,1529,1567,1657,1811,1823,1930,1935,1999,2102,2155,2233,2306,2475,2509,2510,2602,2626,2628,2774,2778,2812,2918,3744,5637,5869,
980;0;11742;11810;0;8,24,27,55,60,61,74,102,113,137,142,144,206,208,209,241,262,275,289,390,404,405,429,534,540,644,645,646,648,677,715,753,766,773,814,827,1050,1051,1056,1062,1143,1146,1162,1195,1198,1200,1203,1214,1284,1287,1293,1294,1473,1474,1481,1529,1567,1657,1811,1823,1930,1935,1999,2102,2155,2233,2306,2475,2509,2510,2602,2626,2628,2774,2778,2812,2823,3744,5637,5869,
1104;0;11810;11876;0;8,24,27,55,60,61,74,102,113,137,142,144,206,208,209,241,262,275,289,390,404,405,429,534,540,580,644,645,646,648,677,715,753,766,773,814,827,1050,1051,1056,1062,1143,1146,1162,1195,1200,1214,1284,1287,1293,1294,1473,1474,1481,1529,1567,1657,1779,1811,1930,1935,1999,2602,2628,2774,2778,2812,2969,3078,3395,3726,3727,3728,3729,3730,3731,3732,3744,5637,5869,
292;0;11876;11929;0;8,24,27,55,60,61,74,102,113,137,142,144,206,208,209,241,262,275,289,390,404,405,429,534,540,580,644,645,648,677,715,766,772,773,814,827,833,835,855,1050,1051,1056,1146,1200,1214,1284,1287,1293,1294,1473,1474,1481,1529,1567,1657,1811,1930,1935,1999,2594,2602,2628,2774,2778,2812,2986,3152,3395,3618,3728,3744,4371,4733,5612,5637,5869,7419,7420,7421,7422,
292;1;11929;11941;0;8,24,41,55,61,137,144,206,208,222,262,275,280,390,404,429,491,553,644,677,766,773,805,833,835,855,880,995,1051,1146,1196,1214,1242,1284,1287,1293,1294,1473,1474,1529,1587,1657,1891,1930,1935,2070,2513,2519,2774,2778,2836,2986,3126,3618,3728,3870,3888,3966,4187,4216,4352,4664,4733,4738,4887,5117,5612,6907,6909,7105,7419,7420,7421,7422,7543,7544,7545,7546,7547,7548,
865;0;11941;12005;0;4,8,24,41,55,61,89,90,137,144,206,208,222,262,275,276,280,390,404,429,491,553,583,644,677,764,766,768,773,805,833,835,836,855,858,862,863,944,945,947,949,995,1046,1051,1146,1174,1196,1214,1287,1293,1371,1473,1474,1513,1524,1525,1529,1532,1533,1534,1535,1536,1537,1538,1587,1657,2774,2778,2836,2986,3126,3618,3728,3870,4733,5612,7419,7420,7421,7422,
859;0;12005;12067;0;4,8,24,41,55,61,89,90,137,144,206,208,222,262,271,275,276,390,404,429,491,553,644,677,766,773,833,835,836,855,858,862,863,947,949,995,1051,1146,1196,1287,1293,1473,1474,1476,1513,1529,1538,1556,1587,1657,2645,2774,2778,2836,2986,3099,3120,3126,3618,3728,3870,4567,4609,4627,4733,4759,4760,4761,4762,4763,4764,4765,4766,4767,4768,5612,7419,7420,7421,7422,
877;0;12067;12127;0;4,8,24,41,55,61,89,90,137,144,206,208,222,262,271,275,276,390,395,404,429,491,553,644,677,766,773,833,835,836,855,858,861,862,863,927,946,947,948,949,995,1051,1146,1196,1287,1293,1365,1473,1474,1476,1513,1529,1538,1556,1587,1595,1657,2638,2645,2774,2778,2836,2986,3099,3126,3161,3581,3618,3728,3870,4087,4567,4733,5612,7419,7420,7421,7422,7423,7424,
1164;0;12127;12180;0;4,8,24,26,41,55,61,89,90,137,144,206,208,262,271,275,276,390,395,404,429,491,528,529,553,644,677,766,773,833,835,836,855,858,862,863,946,947,948,949,995,1051,1146,1196,1268,1269,1270,1273,1279,1287,1288,1292,1293,1322,1473,1474,1476,1513,1529,1538,1587,1657,2645,2774,2778,2836,2873,2874,2875,2876,2877,2986,3099,3126,3161,3581,3618,3728,3870,4567,
850;0;12180;12232;0;4,8,26,54,55,61,137,144,206,208,248,262,271,275,276,390,395,404,429,491,528,529,553,644,677,766,773,833,835,836,855,858,862,863,946,947,948,949,995,1051,1146,1196,1268,1269,1270,1272,1273,1277,1280,1287,1288,1292,1293,1322,1473,1474,1476,1513,1529,1582,1587,1657,1781,2239,2263,2645,2774,2986,3099,3161,3581,3618,3703,3728,4026,4450,4888,5462,5463,5464,
944;0;12232;12279;0;8,55,61,137,144,188,206,208,248,262,276,277,390,395,404,429,490,491,516,529,547,591,644,677,736,766,796,833,835,836,849,855,862,863,946,948,949,965,1051,1095,1146,1196,1277,1283,1293,1419,1473,1474,1476,1529,1558,1657,2305,2884,2986,3581,3610,3618,3703,3808,3993,4406,4450,5464,5857,6106,7212,7333,7334,7335,7336,7337,8004,8365,8366,8394,8395,8396,8468,8469,
6;0;12279;12283;0;8,55,61,137,144,188,206,208,248,262,276,277,390,395,404,429,490,491,516,529,547,591,644,677,736,766,796,833,835,836,849,855,862,863,946,948,949,965,1051,1095,1146,1196,1277,1283,1293,1419,1473,1474,1476,1529,1558,1657,2305,2884,2986,3581,3610,3618,3703,3808,3993,4406,4450,5464,5857,6106,7212,7333,7334,7335,7336,7337,8004,8365,8366,8394,8395,8396,8468,8469,
6;1;12283;12324;0;8,55,61,137,144,188,206,208,248,262,276,277,390,395,404,429,490,491,516,529,547,591,644,677,736,766,796,833,835,836,849,855,862,863,946,948,949,965,1051,1095,1146,1196,1277,1283,1293,1419,1473,1474,1476,1529,1558,1657,2305,2884,2986,3581,3610,3618,3703,3808,3993,4406,4450,5464,5857,6106,7212,7333,7334,7335,7336,7337,8004,8365,8366,8394,8395,8396,8468,8469,
1033;0;12324;12368;0;8,55,61,137,144,188,206,208,248,262,276,277,390,395,404,429,490,491,516,529,547,591,644,677,736,766,796,833,835,836,849,855,862,863,946,948,949,965,1051,1095,1146,1196,1277,1283,1293,1419,1473,1474,1476,1529,1558,1657,2305,2884,2986,3581,3610,3618,3703,3808,3993,4406,4450,5464,5857,6106,7212,7333,7334,7335,7336,7337,8004,8365,8366,8394,8395,8396,8468,8469,
1221;0;12960;13000;0;8,61,137,144,206,248,262,276,277,288,390,391,395,399,404,429,516,529,591,644,649,677,720,766,833,836,849,855,862,863,948,949,1051,1146,1196,1233,1277,1293,1398,1473,1474,1476,1478,1529,1803,1808,2053,2109,2134,2821,2822,2926,2986,3278,3618,3703,4406,4450,4677,4748,4832,4889,4927,4929,4939,5236,5237,5238,5239,5240,5241,5242,5243,5244,5245,5246,5247,5248,5249,5464,
1167;0;13000;13036;0;8,61,95,137,139,143,144,145,149,206,234,248,262,276,277,288,390,391,395,398,399,404,429,516,529,591,644,649,677,720,766,769,833,836,838,849,855,862,863,948,949,1051,1146,1196,1233,1277,1293,1398,1473,1474,1476,1478,1529,1803,1808,1816,2053,2109,2134,2388,2821,2822,2926,2986,3034,3278,3618,3703,4406,4450,4677,4748,4832,4889,4927,4929,4939,5236,5237,5464,
1111;0;13036;13070;0;8,61,95,137,139,143,144,145,149,206,234,248,262,276,277,288,337,390,391,395,398,399,404,429,516,529,591,644,649,677,680,681,720,765,766,769,833,836,838,844,849,855,862,863,948,949,1051,1146,1196,1277,1293,1473,1474,1476,1478,1529,1808,2053,2109,2821,2822,2986,3034,3529,3532,3618,3703,3745,4404,4405,4406,4407,4408,4409,4410,4411,4412,4450,4939,5464,
1135;0;13070;13103;0;8,61,87,95,137,139,143,144,145,149,206,234,248,262,276,277,288,337,390,391,395,398,399,404,429,516,529,591,644,649,677,680,681,691,720,765,766,769,833,836,838,844,849,855,862,863,948,949,1051,1136,1146,1196,1277,1293,1473,1474,1476,1478,1529,1808,2053,2109,2627,2821,2822,2986,3034,3529,3532,3618,3703,3745,4412,4450,4744,4745,4746,4791,4939,5464,
932;0;13103;13135;0;8,61,87,95,137,139,143,144,145,149,169,206,234,248,251,262,276,277,288,337,390,391,395,398,399,404,429,483,502,506,516,529,569,591,644,649,677,680,681,691,720,765,766,769,833,836,838,844,849,855,862,863,872,948,949,1051,1136,1146,1196,1277,1293,1473,1474,1476,1478,1529,1808,2053,2109,2412,2627,2821,2822,3034,3703,3745,4412,4450,4939,5464,
1177;0;13135;13165;0;8,61,87,95,137,139,143,144,145,149,157,169,206,234,248,251,262,276,277,288,337,390,391,395,398,399,404,429,457,483,502,506,516,529,569,591,644,649,658,677,680,681,691,720,765,766,769,833,836,838,844,855,863,948,949,1051,1146,1196,1277,1293,1473,1474,1476,1478,1529,1808,1851,2053,2109,2415,2416,2627,2821,2822,3034,3703,3745,4412,4450,4939,
903;0;13165;13191;0;8,61,95,137,139,143,144,145,149,234,248,251,262,276,277,288,337,390,391,395,398,404,429,457,506,529,591,644,677,765,766,769,833,836,838,855,863,948,949,1051,1146,1196,1277,1293,1473,1474,1476,1478,1529,1808,2053,2109,2627,2821,2822,3034,3703,3745,4412,4450,4939,6360,7137,7167,7168,7169,7170,7171,7172,7173,7174,7175,7176,7177,7178,7179,7180,7181,7182,7183,
374;0;13191;13195;0;8,61,95,137,139,143,144,145,149,234,248,251,262,276,277,288,321,337,390,391,395,398,404,429,457,506,529,591,640,644,647,677,765,766,769,833,836,838,855,863,948,949,1051,1093,1146,1163,1196,1277,1293,1361,1473,1474,1476,1478,1529,1802,1808,2053,2109,2223,2627,2821,2822,3034,3337,3703,3745,4412,4450,4939,6360,7137,7167,7168,7169,7170,7171,7172,7173,7174,
374;1;13195;13210;0;8,61,95,100,137,138,139,144,145,248,262,276,277,288,297,321,337,390,395,398,400,404,429,457,506,529,591,640,647,677,765,766,769,833,836,838,854,855,863,948,949,1051,1093,1118,1146,1147,1163,1172,1196,1277,1293,1453,1469,1473,1474,1478,1502,1529,1661,1664,1667,1668,1670,1671,1673,1674,1944,1972,1973,1974,1975,1976,1977,1978,2223,2627,3703,3745,4412,4450,
1222;0;13210;13224;0;8,61,95,100,137,138,139,144,145,248,262,276,277,288,297,321,337,390,395,398,400,404,429,457,506,529,591,632,640,647,677,765,766,769,833,836,838,854,855,863,948,949,1051,1093,1118,1146,1147,1163,1172,1196,1277,1293,1434,1453,1469,1473,1474,1478,1502,1529,1661,1668,1671,1674,1687,1944,1972,1973,2223,2627,3061,3703,3745,3876,4412,4450,7248,7249,7250,7251,
1116;0;13224;13236;0;8,61,95,100,137,138,139,144,145,225,248,262,276,277,288,297,321,337,377,390,395,396,398,400,404,429,457,506,529,591,632,640,647,677,765,766,769,833,836,838,854,855,863,911,948,949,1051,1093,1118,1134,1146,1147,1148,1163,1172,1173,1196,1277,1293,1434,1473,1474,1478,1484,1502,1529,1668,1671,1674,1944,1972,1973,2103,2223,2627,3703,3745,4412,4450,5706,
949;0;13236;13245;0;8,61,95,100,137,138,139,144,145,225,248,262,276,277,288,297,321,337,377,390,395,396,398,400,404,429,457,506,529,591,640,647,765,766,769,833,838,854,855,863,911,948,949,1051,1093,1118,1134,1146,1147,1163,1277,1293,1295,1473,1474,1478,1484,1502,1529,1668,1671,1674,1793,1944,1973,2223,2627,2793,2794,2795,2796,2797,2798,2799,2800,2801,3703,3745,4412,4450,
1229;0;13245;13251;0;8,61,95,100,137,138,139,144,145,225,247,276,277,288,297,337,390,396,398,400,404,429,457,506,591,640,647,757,765,766,769,833,838,854,911,948,949,1051,1093,1118,1134,1146,1147,1163,1277,1293,1466,1473,1474,1478,1529,1668,1671,1674,1944,1973,2073,2223,2627,2868,3072,3589,3590,3703,3745,3908,4119,4412,4450,4736,6092,7009,8354,8536,8537,8538,8539,8540,8541,8542,
994;0;13251;13307;1;8,61,95,100,137,138,139,144,145,225,247,276,277,288,297,337,390,396,398,400,404,429,457,506,591,640,647,757,765,766,769,833,838,854,911,948,949,1051,1093,1118,1134,1146,1147,1163,1277,1293,1466,1473,1474,1478,1529,1668,1671,1674,1944,1973,2073,2223,2499,2627,2868,2900,3072,3263,3589,3590,3703,3745,3908,4119,4412,4450,4736,4949,5116,6092,7009,8354,8536,8537,
817;0;13307;13367;1;8,61,95,100,137,138,139,144,145,225,247,276,277,288,297,337,390,396,398,400,404,429,457,506,591,640,647,757,765,766,769,833,838,854,911,948,949,1051,1093,1118,1134,1146,1147,1163,1277,1293,1466,1473,1474,1478,1529,1668,1671,1674,1757,1809,1944,1973,2073,2223,2499,2627,2868,2900,3072,3263,3589,3590,3703,3745,3908,4119,4412,4450,4736,4949,5116,6092,7009,8354,
1120;0;13367;13440;1;8,61,95,100,137,138,139,144,145,225,247,276,277,288,297,337,390,396,398,400,404,429,457,506,591,640,647,757,765,766,769,833,838,854,911,948,949,1051,1093,1118,1134,1146,1147,1163,1277,1293,1466,1473,1474,1478,1529,1668,1671,1674,1757,1809,1944,1973,2073,2194,2223,2499,2627,2868,2900,3072,3263,3589,3590,3597,3703,3745,3908,4119,4412,4450,4620,4949,5476,7009,
970;0;13440;13516;1;8,61,95,100,137,138,139,144,145,147,178,225,247,276,277,288,297,337,390,396,398,400,404,429,457,506,591,640,647,757,765,766,769,833,838,854,911,948,949,1027,1051,1093,1118,1134,1145,1146,1147,1163,1277,1293,1466,1473,1474,1478,1529,1668,1671,1674,1757,1809,1942,1943,1944,1973,2073,2194,2223,2499,2627,2868,2900,3072,3263,3589,3590,3745,4412,4450,4949,7009,
1032;0;13516;13594;1;8,61,95,100,137,138,139,144,145,147,178,225,247,276,277,288,297,337,390,396,398,400,404,429,457,506,518,591,640,647,757,765,766,769,833,838,854,911,948,949,992,1027,1051,1093,1118,1134,1145,1146,1147,1163,1277,1293,1466,1473,1474,1478,1529,1565,1657,1668,1671,1674,1757,1809,1853,1942,1943,1944,1973,2179,2223,2627,2941,3263,3745,4412,4450,4949,5020,7009,
1091;0;13594;13681;1;137,144,225,240,276,288,289,291,292,329,340,351,382,429,647,695,851,891,946,1058,1093,1118,1147,1293,1478,1480,1481,1671,1811,1814,1944,2132,2492,2496,2691,2824,2891,3391,3580,3745,3925,4016,4017,4018,4093,4412,4658,5377,5648,5654,5655,5656,5657,5658,5659,5660,5661,6297,7465,7608,7609,7610,7611,7612,7613,7614,7615,7616,7617,7618,8134,8137,8190,8197,8198,8199,8200,8203,8204,8205,
177;0;13681;13754;1;137,144,225,240,276,288,289,291,292,329,340,351,382,429,647,695,851,891,946,1058,1093,1118,1147,1293,1478,1480,1481,1671,1811,1814,1944,2132,2492,2496,2691,2824,2891,3391,3580,3745,3925,4016,4017,4018,4093,4412,4658,5377,5648,5654,5655,5656,5657,5658,5659,5660,5661,6297,7465,7608,7609,7610,7611,7612,7613,7614,7615,7616,7617,7618,8134,8137,8190,8197,8198,8199,8200,8203,8204,8205,
177;1;13754;13774;1;137,144,225,240,276,288,289,291,292,329,340,351,382,429,647,695,851,891,946,1058,1093,1118,1147,1293,1478,1480,1481,1671,1811,1814,1944,2132,2492,2496,2691,2824,2891,3391,3580,3745,3925,4016,4017,4018,4093,4412,4658,5377,5648,5654,5655,5656,5657,5658,5659,5660,5661,6297,7465,7608,7609,7610,7611,7612,7613,7614,7615,7616,7617,7618,8134,8137,8190,8197,8198,8199,8200,8203,8204,8205,
69;0;13774;13823;1;137,144,225,240,276,288,289,291,292,329,340,351,382,429,647,695,851,891,946,1058,1093,1118,1147,1293,1478,1480,1481,1671,1811,1814,1944,2132,2492,2496,2691,2824,2891,3391,3580,3745,3925,4016,4017,4018,4093,4412,4658,5377,5648,5654,5655,5656,5657,5658,5659,5660,5661,6297,7465,7608,7609,7610,7611,7612,7613,7614,7615,7616,7617,7618,8134,8137,8190,8197,8198,8199,8200,8203,8204,8205,
69;1;14400;14450;1;55,137,144,189,225,240,276,288,289,291,292,329,340,351,382,429,528,647,695,814,851,891,946,1058,1093,1118,1147,1293,1322,1390,1478,1480,1481,1510,1573,1671,1811,1814,1944,2132,2153,2492,2496,2691,2806,2824,2891,3391,3580,3745,3849,3850,3851,3852,3853,3854,3925,4016,4017,4018,4093,4412,4658,5377,5648,5654,5655,5656,5657,5658,5659,5660,5661,6297,7465,7608,7609,7610,7611,7612,
986;0;14450;14551;1;25,37,39,44,46,52,54,55,117,137,144,189,225,240,276,288,289,291,292,329,340,351,382,429,528,647,695,814,851,891,946,1058,1093,1118,1147,1293,1311,1322,1390,1478,1480,1481,1510,1573,1599,1671,1811,1814,1944,2132,2153,2492,2496,2691,2806,2824,2891,3349,3391,3580,3745,3774,3849,3850,3851,3852,3853,3854,3925,4016,4017,4018,4093,4412,4658,5290,5353,5656,5682,5825,
331;0;14551;14601;1;25,37,39,44,46,52,54,55,117,137,139,144,145,189,225,240,274,276,277,288,289,291,292,296,329,340,351,382,404,429,528,640,647,695,814,851,891,946,948,1058,1093,1118,1147,1293,1311,1322,1390,1478,1480,1481,1510,1573,1599,1671,1811,1814,1944,1973,2132,2153,2492,2496,2691,2806,2824,2891,3349,3391,3580,3711,3745,3774,3849,3850,3851,3852,3853,4412,4553,5656,
331;1;14601;14661;1;25,37,39,44,46,52,54,55,117,137,139,144,145,189,225,240,274,276,277,288,289,291,292,296,329,340,351,382,404,429,528,640,647,695,814,851,891,946,948,1058,1093,1118,1147,1293,1311,1322,1390,1478,1480,1481,1510,1573,1599,1671,1811,1814,1944,1973,2132,2153,2492,2496,2691,2806,2824,2891,3349,3391,3580,3711,3745,3774,3849,3850,3851,4412,5656,7953,7954,8275,
320;0;14661;14738;1;25,37,39,44,46,52,54,55,95,117,137,139,144,145,181,189,225,240,274,276,277,288,289,291,292,296,329,335,337,340,351,382,404,429,528,640,647,694,695,766,769,814,843,851,858,891,946,948,1058,1093,1118,1147,1293,1311,1322,1390,1478,1480,1481,1510,1573,1599,1671,1811,1814,1944,1973,2132,2153,2492,2496,2627,2691,2806,2824,2891,3583,3774,4412,5656,
320;1;14738;14772;1;25,37,39,44,46,52,54,55,95,117,137,138,139,144,145,181,189,225,226,240,273,274,276,277,288,289,291,292,296,310,329,335,337,340,351,382,404,429,528,640,647,694,695,766,769,814,843,851,946,948,1093,1118,1147,1293,1322,1428,1474,1478,1480,1481,1668,1671,1676,1814,1919,1973,2376,2531,2532,2533,2534,2535,2536,2627,2691,2806,2824,3774,4412,5656,
158;0;14772;14853;1;25,37,39,44,46,52,54,55,95,117,137,138,139,144,145,181,189,225,226,240,273,274,276,277,288,289,291,292,296,310,329,335,337,340,351,382,404,429,528,640,647,694,695,766,769,814,946,948,1093,1118,1147,1293,1322,1474,1478,1480,1481,1668,1671,1814,1973,2536,2627,2691,2806,2824,3774,4412,5656,6136,6145,8229,8230,8231,8232,8233,8234,8235,8236,8237,
158;1;14853;14886;1;95,117,137,138,139,144,145,225,226,245,273,274,276,277,288,289,291,292,351,382,404,429,528,591,640,647,696,765,769,773,814,838,854,914,946,948,1093,1118,1293,1322,1447,1474,1478,1480,1513,1529,1668,1671,1814,1973,2593,2627,2691,2731,2806,2824,2931,2962,2989,3161,3260,3774,4310,4412,4574,4732,5107,5656,6136,6145,8427,9173,9174,9177,9178,9179,9180,9183,9186,9192,
797;0;14886;15001;1;95,117,137,138,139,144,145,225,226,245,273,274,276,277,288,289,291,292,351,382,404,429,528,553,554,591,640,647,696,765,769,773,814,838,854,914,946,948,1093,1118,1293,1322,1447,1474,1478,1480,1513,1529,1668,1671,1814,1973,2593,2627,2691,2731,2806,2824,2931,2962,2989,3161,3260,3774,4238,4280,4310,4412,4574,4732,5107,5656,6136,6145,6694,7339,8427,9173,9174,9177,
50;0;15001;15107;1;95,117,137,138,139,144,145,225,226,245,273,274,276,277,288,289,291,292,351,382,400,404,429,438,528,553,554,591,640,647,696,765,769,773,814,838,854,914,946,948,1093,1118,1163,1293,1322,1447,1474,1478,1480,1513,1529,1668,1669,1671,1680,1732,1814,1973,2223,2593,2627,2691,2731,2806,2824,2931,2962,2989,3161,3260,3774,4238,4280,4310,4412,4574,5656,6136,6145,7408,
50;1;15107;15118;1;95,100,104,137,138,139,144,145,225,226,273,276,277,288,289,291,292,297,351,400,404,429,438,528,591,640,647,814,834,838,854,931,947,948,949,1093,1118,1151,1168,1293,1322,1474,1478,1480,1519,1528,1529,1668,1674,1732,1814,2491,2667,2678,2737,2824,3531,3638,3774,4400,4412,4858,5456,5656,5774,5841,6022,6106,6136,7320,7463,8022,8095,8152,8303,8364,8578,8579,8580,8581,
337;0;15118;15217;1;61,95,100,102,137,138,139,144,145,225,226,288,297,398,404,429,528,640,647,715,771,838,948,949,1204,1277,1278,1282,1288,1292,1293,1322,1374,1474,1478,1529,1566,1567,1568,1569,1668,1814,2101,2460,2602,2605,2628,2645,2649,2650,2679,2681,2824,2984,3724,3774,4412,4449,4945,5530,5859,5868,5869,5954,5964,5976,5984,6022,6114,6136,7215,7301,7653,7826,7871,8583,8682,8683,8684,8685,
337;1;15217;15237;1;61,95,100,102,137,138,139,144,145,225,226,288,297,398,404,429,528,640,647,715,771,838,948,949,1204,1277,1278,1282,1288,1292,1293,1322,1374,1474,1478,1529,1566,1567,1568,1569,1668,1814,2101,2460,2602,2605,2628,2645,2649,2650,2679,2681,2824,2984,3724,3774,4412,4449,4945,5530,5859,5868,5869,5954,5964,5976,5984,6022,6114,6136,7215,7301,7653,7826,7871,8583,8682,8683,8684,8685,
171;0;15237;15281;1;61,95,100,102,137,138,139,144,145,225,226,288,297,398,404,429,528,640,647,715,771,838,948,949,1204,1277,1278,1282,1288,1292,1293,1322,1374,1474,1478,1529,1566,1567,1568,1569,1668,1814,2101,2460,2602,2605,2628,2645,2649,2650,2679,2681,2824,2984,3724,3774,4412,4449,4945,5530,5859,5868,5869,5954,5964,5976,5984,6022,6114,6136,7215,7301,7653,7826,7871,8583,8682,8683,8684,8685,
171;1;15281;15357;1;61,95,100,102,137,138,139,144,145,225,226,288,297,398,404,429,528,640,647,715,771,838,948,949,1204,1277,1278,1282,1288,1292,1293,1322,1374,1474,1478,1529,1566,1567,1568,1569,1668,1814,2101,2460,2602,2605,2628,2645,2649,2650,2679,2681,2824,2984,3724,3774,4412,4449,4945,5530,5859,5868,5869,5954,5964,5976,5984,6022,6114,6136,7215,7301,7653,7826,7871,8583,8682,8683,8684,8685,
Machine: 3
957;0;0;8;1;3,26,61,95,139,144,146,177,178,179,202,225,231,241,245,308,333,429,470,528,529,609,640,647,769,773,818,903,948,989,995,1233,1269,1273,1275,1277,1282,1287,1288,1292,1293,1294,1322,1341,1478,1480,1565,1587,1604,1633,1749,1809,2538,2774,2775,2776,2777,2778,3247,3970,4471,4553,4606,4771,5022,5023,5024,5025,5026,5027,5028,5029,5030,5031,5032,5254,5791,6426,6513,6675,
772;0;8;18;1;3,26,61,95,139,144,146,177,178,179,202,225,231,241,245,308,333,429,470,528,529,609,640,647,769,773,818,903,948,989,995,1233,1269,1273,1275,1277,1282,1287,1288,1292,1293,1294,1322,1341,1478,1480,1565,1587,1604,1633,1749,1809,2538,2774,2775,2776,2777,2778,3247,3970,4471,4553,4606,4771,5022,5023,5024,5025,5026,5027,5028,5029,5030,5031,5032,5254,5791,6426,6513,6675,
828;0;18;32;1;3,26,61,95,139,144,146,177,178,179,202,225,231,241,245,308,333,429,470,528,529,609,640,647,769,773,818,903,948,989,995,1233,1269,1273,1275,1277,1282,1287,1288,1292,1293,1294,1322,1341,1478,1480,1565,1587,1604,1633,1749,1809,2538,2774,2775,2776,2777,2778,3247,3970,4471,4553,4606,4771,5022,5023,5024,5025,5026,5027,5028,5029,5030,5031,5032,5254,5791,6426,6513,6675,
1194;0;32;51;1;3,26,61,95,139,144,146,177,178,179,202,225,231,241,245,308,333,429,470,528,529,609,640,647,769,773,818,903,948,989,995,1233,1269,1273,1275,1277,1282,1287,1288,1292,1293,1294,1322,1341,1478,1480,1565,1587,1604,1633,1749,1809,2538,2774,2775,2776,2777,2778,3247,3970,4471,4553,4606,4771,5022,5023,5024,5025,5026,5027,5028,5029,5030,5031,5032,5254,5791,6426,6513,6675,
1100;0;51;72;1;3,26,61,95,139,144,146,177,178,179,202,225,231,241,245,308,333,429,470,528,529,609,640,647,769,773,818,903,948,989,995,1233,1269,1273,1275,1277,1282,1287,1288,1292,1293,1294,1322,1341,1478,1480,1565,1587,1604,1633,1749,1809,2538,2774,2775,2776,2777,2778,3247,3970,4471,4553,4606,4771,5022,5023,5024,5025,5026,5027,5028,5029,5030,5031,5032,5254,5791,6426,6513,6675,
1170;0;72;96;1;3,26,61,95,139,144,146,177,178,179,202,225,231,241,245,308,333,429,470,528,529,609,640,647,769,773,818,903,948,989,995,1233,1269,1273,1275,1277,1282,1287,1288,1292,1293,1294,1322,1341,1478,1480,1565,1587,1604,1633,1749,1809,2538,2774,2775,2776,2777,2778,3247,3970,4471,4553,4606,4771,5022,5023,5024,5025,5026,5027,5028,5029,5030,5031,5032,5254,5791,6426,6513,6675,
185;0;96;102;1;3,26,61,95,139,144,146,177,178,179,202,225,231,241,245,308,333,429,470,528,529,609,640,647,769,773,818,903,948,989,995,1233,1269,1273,1275,1277,1282,1287,1288,1292,1293,1294,1322,1341,1478,1480,1565,1587,1604,1633,1749,1809,2538,2774,2775,2776,2777,2778,3247,3970,4471,4553,4606,4771,5022,5023,5024,5025,5026,5027,5028,5029,5030,5031,5032,5254,5791,6426,6513,6675,
185;1;102;122;1;3,26,61,95,139,144,146,177,178,179,181,182,183,184,202,225,231,241,245,272,308,321,333,429,470,528,529,609,640,647,769,773,818,903,948,989,995,1233,1269,1273,1275,1277,1282,1287,1288,1292,1293,1294,1322,1341,1478,1480,1565,1587,1604,1633,1676,1749,1809,2538,2774,2775,2776,2777,2778,3247,3970,4471,4553,4606,4771,5022,5023,5024,5025,5026,5027,5028,5791,6513,
868;0;122;155;1;3,26,61,95,139,144,146,177,178,179,181,182,183,184,202,225,231,241,245,272,308,321,333,429,470,528,529,609,640,647,769,773,818,903,948,989,995,1233,1269,1273,1275,1277,1282,1287,1288,1292,1293,1294,1322,1341,1478,1480,1565,1587,1604,1633,1676,1749,1809,2538,2774,2775,2776,2777,2778,3247,3774,3970,4553,4606,4771,5791,6513,7029,7879,8074,8075,8077,8115,8116,
795;0;155;189;1;3,26,61,95,139,144,146,177,178,179,181,182,183,184,202,225,231,241,245,272,295,308,321,333,397,429,470,528,529,609,640,647,769,773,818,903,948,989,995,1233,1269,1273,1275,1277,1282,1287,1288,1292,1293,1294,1322,1341,1478,1480,1521,1565,1587,1604,1633,1676,1749,1809,2538,2774,2775,2776,2777,2778,3774,4553,4606,4771,5791,6513,7029,7879,8074,8075,8077,8115,
1097;0;189;228;1;3,26,61,95,139,144,145,146,177,178,179,181,182,183,184,202,225,231,241,245,272,277,295,308,321,333,397,404,429,528,529,609,640,647,769,773,855,903,948,1117,1233,1269,1273,1275,1277,1282,1287,1288,1292,1293,1294,1322,1341,1478,1479,1480,1521,1565,1604,1676,1749,1809,1920,1922,2774,2775,2776,2777,2778,3774,4220,4553,4606,4771,5791,6513,7879,8074,8075,8077,
1124;0;228;269;1;3,26,61,95,139,144,145,146,177,178,179,181,182,183,184,202,225,231,245,272,277,301,308,321,333,390,397,404,429,528,640,647,769,773,854,855,948,1117,1118,1134,1146,1163,1233,1269,1273,1275,1277,1282,1287,1288,1292,1293,1294,1322,1341,1473,1478,1479,1480,1484,1521,1604,1676,1749,1808,1809,1920,1922,2128,2223,2371,2588,2778,3774,4220,4503,4553,4981,5791,7879,
926;0;269;313;1;3,26,61,95,139,144,145,146,177,178,179,181,182,183,184,202,225,231,245,272,277,301,308,321,333,390,397,404,429,528,640,647,769,773,854,855,948,1117,1118,1134,1146,1163,1233,1269,1273,1275,1277,1282,1283,1287,1288,1292,1293,1294,1322,1341,1473,1478,1479,1480,1484,1521,1604,1676,1749,1808,1809,1920,1922,2128,2223,2371,2588,2778,3774,4220,4553,4647,5791,7879,
977;0;313;360;1;3,26,61,76,95,139,144,145,146,177,178,179,181,183,184,202,205,225,231,245,272,277,301,308,321,333,390,397,404,429,528,640,647,769,773,854,855,948,1117,1118,1134,1146,1233,1269,1273,1275,1277,1282,1287,1288,1292,1293,1294,1322,1341,1478,1479,1480,1484,1521,1604,1676,1723,1749,1809,1920,1922,2034,2035,2371,2778,3774,4220,4553,5494,5791,5995,6990,7879,8666,
1009;0;360;409;1;3,26,61,95,139,144,145,146,177,178,179,181,183,184,202,205,225,231,245,272,277,301,308,321,333,390,397,404,429,528,640,647,769,773,854,855,948,1117,1118,1134,1146,1233,1269,1273,1275,1277,1282,1287,1288,1289,1292,1293,1294,1322,1341,1478,1479,1480,1484,1521,1604,1676,1749,1809,1920,1922,2233,2371,2407,2778,3700,3774,3942,4220,4431,4553,5320,5791,6957,7879,
1031;0;409;460;1;3,26,61,95,139,144,145,146,177,178,179,202,205,225,231,245,272,277,301,308,321,390,397,404,429,528,566,640,647,769,773,948,1117,1118,1134,1146,1233,1267,1268,1269,1273,1275,1282,1287,1288,1289,1292,1293,1294,1322,1341,1478,1479,1480,1521,1547,1604,1749,1781,1782,1920,1922,2233,2240,2241,2407,2409,2485,2778,3702,4357,4553,4884,4940,4941,4942,4943,4944,5791,7879,
1042;0;460;513;1;3,26,48,61,95,139,144,145,146,177,178,179,202,205,225,231,245,272,277,301,308,321,390,397,404,429,528,566,640,647,769,773,948,973,1013,1047,1117,1118,1134,1146,1233,1261,1267,1268,1269,1273,1275,1282,1287,1288,1289,1292,1293,1294,1322,1341,1478,1479,1480,1521,1547,1604,1650,1749,1781,1782,1920,1922,2233,2240,2270,2407,2485,2778,4553,5278,5279,5280,5791,7879,
1166;0;513;568;1;3,26,48,61,95,137,139,144,145,146,177,178,179,202,205,225,231,245,272,277,288,301,308,321,390,397,404,429,528,566,640,647,769,773,948,973,1013,1047,1048,1051,1054,1117,1118,1134,1145,1146,1233,1261,1267,1268,1269,1275,1282,1287,1288,1292,1293,1294,1322,1341,1358,1478,1479,1480,1521,1604,1725,1749,1805,1920,1922,1945,2233,2240,2407,2485,2778,4553,5791,7879,
988;0;568;628;1;3,4,26,48,95,137,139,144,145,146,149,177,178,179,202,205,225,231,243,245,272,277,288,293,301,308,321,390,396,397,404,429,528,640,647,769,773,948,1048,1051,1053,1054,1117,1118,1134,1145,1146,1233,1261,1269,1275,1282,1287,1292,1293,1294,1322,1341,1358,1362,1367,1478,1479,1480,1521,1604,1749,1814,1920,1922,2105,2233,2240,2407,2510,2778,4553,5551,5791,7879,
119;0;628;646;1;4,18,19,21,25,34,54,62,95,137,139,144,145,146,149,177,178,179,198,202,205,225,231,243,245,272,277,288,293,301,308,321,390,396,404,429,528,640,647,769,773,948,1048,1051,1054,1117,1118,1134,1145,1146,1233,1269,1275,1282,1287,1292,1293,1294,1322,1341,1358,1478,1479,1480,1521,1604,1749,1814,1920,1922,2233,2240,2407,2510,2778,3778,4553,5315,5791,7879,
119;1;646;690;1;4,34,54,95,137,139,144,145,146,149,177,178,179,202,205,225,231,243,245,272,277,288,293,301,308,321,390,396,404,429,528,640,647,769,773,948,1048,1051,1054,1117,1118,1134,1145,1146,1233,1242,1269,1275,1281,1282,1287,1292,1293,1294,1322,1341,1358,1478,1479,1480,1521,1590,1604,1749,1779,1814,1920,1922,2207,2233,2240,2407,2510,2518,2778,3347,3409,4553,5791,7879,
322;0;690;704;1;54,95,137,139,144,145,146,149,202,205,225,231,245,262,267,268,272,273,277,285,287,288,290,297,301,305,308,313,321,351,390,395,404,429,528,640,647,769,890,948,1048,1051,1054,1117,1118,1145,1146,1275,1281,1282,1287,1292,1293,1322,1341,1358,1450,1478,1479,1480,1521,1604,1668,1749,1814,1841,1919,1920,1921,1922,1923,1924,2233,2240,2407,2510,3409,4553,5791,7879,
322;1;704;755;1;24,137,139,144,145,146,149,152,175,189,197,202,205,225,231,262,277,288,301,321,398,404,415,528,551,632,640,729,875,948,1146,1196,1282,1287,1291,1322,1341,1476,1478,1479,1480,1521,1541,1545,1651,1777,2068,2148,2174,2233,2240,2258,2350,2407,2836,2856,2873,3051,3409,3802,3829,4060,4864,4866,4868,4869,4871,4965,5779,5780,6095,6096,6097,6745,7159,8467,8471,8472,8473,8474,
1223;0;755;822;1;24,137,139,144,145,146,149,152,175,189,197,202,205,225,231,262,277,288,301,321,398,404,415,528,551,632,640,729,875,948,1146,1196,1282,1287,1291,1322,1341,1476,1478,1479,1480,1521,1541,1545,1651,1777,2068,2148,2174,2233,2240,2258,2350,2407,2836,2856,2873,3051,3409,3802,3829,4060,4864,4866,4868,4869,4871,4965,5779,5780,6095,6096,6097,6745,7159,8467,8471,8472,8473,8474,
942;0;822;891;1;24,137,139,144,145,146,149,152,175,189,197,202,205,225,231,262,277,288,301,321,398,404,415,528,551,632,640,729,875,948,1146,1196,1282,1287,1291,1322,1341,1476,1478,1479,1480,1521,1541,1545,1651,1777,2068,2148,2174,2233,2240,2258,2350,2407,2836,2856,2873,3051,3409,3802,3829,4060,4864,4866,4868,4869,4871,4965,5779,5780,6095,6096,6097,6745,7159,8467,8471,8472,8473,8474,
902;0;891;967;1;24,137,139,144,145,146,149,152,175,189,197,202,205,225,231,262,277,288,301,321,398,404,415,528,551,632,640,729,875,948,1146,1196,1282,1287,1291,1322,1341,1476,1478,1479,1480,1521,1541,1545,1651,1777,2068,2148,2174,2233,2240,2258,2350,2407,2836,2856,2873,3051,3409,3802,3829,4060,4864,4866,4868,4869,4871,4965,5779,5780,6095,6096,6097,6745,7159,8467,8471,8472,8473,8474,
1070;0;967;1043;1;24,137,139,144,145,146,149,152,175,189,197,202,205,225,231,262,277,288,301,321,398,404,415,528,551,632,640,729,875,948,1146,1196,1282,1287,1291,1322,1341,1476,1478,1479,1480,1521,1541,1545,1651,1777,2068,2148,2174,2233,2240,2258,2350,2407,2836,2856,2873,3051,3409,3802,3829,4060,4864,4866,4868,4869,4871,4965,5779,5780,6095,6096,6097,6745,7159,8467,8471,8472,8473,8474,
376;0;1043;1223;0;24,137,139,144,145,146,149,152,175,189,197,202,205,225,231,262,277,288,301,321,398,404,415,528,551,632,640,729,875,948,1146,1196,1282,1287,1291,1322,1341,1476,1478,1479,1480,1521,1541,1545,1651,1777,2068,2148,2174,2233,2240,2258,2350,2407,2836,2856,2873,3051,3409,3802,3829,4060,4864,4866,4868,4869,4871,4965,5779,5780,6095,6096,6097,6745,7159,8467,8471,8472,8473,8474,
376;1;1223;1402;0;24,137,139,144,145,146,149,152,175,189,197,202,205,225,231,262,277,288,301,321,398,404,415,528,551,632,640,729,875,948,1146,1196,1282,1287,1291,1322,1341,1476,1478,1479,1480,1521,1541,1545,1651,1777,2068,2148,2174,2233,2240,2258,2350,2407,2836,2856,2873,3051,3409,3802,3829,4060,4864,4866,4868,4869,4871,4965,5779,5780,6095,6096,6097,6745,7159,8467,8471,8472,8473,8474,
250;0;1440;1597;0;24,137,139,144,145,146,149,152,175,189,197,202,205,225,231,262,277,288,301,321,398,404,415,528,640,875,948,1146,1282,1287,1291,1322,1341,1476,1478,1479,1480,1521,1541,1777,2068,2148,2174,2240,2407,2836,2873,3409,3802,4060,4864,4866,4868,4869,4871,9222,9223,9224,9225,9229,9230,9231,9232,9233,9234,9235,9236,9237,9238,9239,9240,9241,9242,9243,9244,9245,9246,9247,9248,9249,
250;1;1597;1772;0;24,137,139,144,145,146,149,152,175,185,189,197,202,205,206,225,231,262,277,288,301,321,398,404,415,528,640,660,791,868,875,948,964,1011,1146,1282,1287,1291,1322,1341,1463,1476,1478,1479,1480,1521,1541,1777,2068,2148,2174,2240,2407,2836,2873,2966,3264,3409,3802,4060,4864,4866,4868,4869,4871,9222,9223,9224,9225,9229,9230,9231,9232,9233,9234,9235,9236,9237,9238,9239,
258;0;1772;1940;0;24,117,137,139,144,145,146,149,152,175,185,189,197,202,205,206,225,231,233,262,277,288,301,321,329,398,404,415,435,528,591,640,660,791,838,868,875,948,949,964,1011,1146,1282,1287,1291,1322,1341,1463,1474,1476,1478,1479,1480,1521,1541,1669,1671,1777,2068,2091,2148,2174,2240,2337,2407,2836,2873,3409,3802,4060,4547,4548,4630,4645,4864,4866,4868,4869,4871,6393,
258;1;1940;2099;0;2,24,117,137,139,144,145,146,149,152,175,185,189,202,206,225,231,233,262,277,288,301,314,321,329,398,400,404,415,528,591,640,838,868,875,933,948,949,1011,1093,1146,1282,1287,1291,1322,1341,1463,1474,1476,1478,1479,1480,1521,1541,1669,1671,1777,1973,2068,2091,2148,2174,2240,2337,2407,2425,2536,2836,2873,3409,3802,4060,4645,4864,4866,4868,4869,4871,5181,5182,
202;0;2099;2254;0;24,97,139,144,146,149,189,225,231,244,256,262,277,288,321,354,357,398,400,404,432,591,875,948,949,1146,1236,1282,1291,1292,1474,1475,1478,1480,1521,1666,1867,1973,1978,2021,2089,2221,2240,2306,2407,2410,2477,2508,2625,2714,2794,3284,3416,3606,3703,3706,3721,3929,4311,4312,4435,4450,4472,5106,5143,5619,5699,5703,6092,6177,6178,6385,6757,6848,7367,7879,8606,9221,9257,9258,
202;1;2254;2423;0;24,97,139,144,146,149,189,225,231,244,256,262,277,288,321,354,357,398,400,404,432,591,875,948,949,1146,1236,1282,1291,1292,1474,1475,1478,1480,1521,1666,1867,1973,1978,2021,2089,2221,2240,2306,2407,2410,2477,2508,2625,2714,2794,3284,3416,3606,3703,3706,3721,3929,4311,4312,4435,4450,4472,5106,5143,5619,5699,5703,6092,6177,6178,6385,6757,6848,7367,7879,8606,9221,9257,9258,
46;0;2423;2587;0;24,97,139,144,146,149,189,225,231,244,256,262,277,288,321,354,357,398,400,404,432,591,875,948,949,1146,1236,1282,1291,1292,1474,1475,1478,1480,1521,1666,1867,1973,1978,2021,2089,2221,2240,2306,2407,2410,2477,2508,2625,2714,2794,3284,3416,3606,3703,3706,3721,3929,4311,4312,4435,4450,4472,5106,5143,5619,5699,5703,6092,6177,6178,6385,6757,6848,7367,7879,8606,9221,9257,9258,
46;1;2587;2721;0;24,97,139,144,146,149,189,225,231,244,256,262,277,288,321,354,357,398,400,404,432,591,875,948,949,1146,1236,1282,1291,1292,1474,1475,1478,1480,1521,1666,1867,1973,1978,2021,2089,2221,2240,2306,2407,2410,2477,2508,2625,2714,2794,3284,3416,3606,3703,3706,3721,3929,4311,4312,4435,4450,4472,5106,5143,5619,5699,5703,6092,6177,6178,6385,6757,6848,7367,7879,8606,9221,9257,9258,
52;0;2880;3042;0;24,97,139,144,146,149,189,225,231,244,256,262,277,288,321,354,357,398,400,404,432,591,875,948,949,1146,1236,1282,1291,1292,1474,1475,1478,1480,1521,1666,1867,1973,1978,2021,2089,2221,2240,2306,2407,2410,2477,2508,2625,2714,2794,3284,3416,3606,3703,3706,3721,3929,4311,4312,4435,4450,4472,5106,5143,5619,5699,5703,6092,6360,8219,8379,8380,8383,8384,8386,8387,8388,8389,8390,
52;1;3042;3167;0;24,97,139,143,144,146,149,189,225,231,244,256,262,277,288,321,354,357,398,400,402,404,432,591,645,769,875,948,949,1051,1146,1236,1282,1291,1292,1474,1475,1478,1480,1521,1666,1867,1973,1978,2021,2089,2221,2240,2306,2407,2410,2477,2503,2508,2625,2714,2794,2824,2988,3034,3035,3284,3416,3606,3703,3706,3721,3929,4093,4311,4312,4472,4501,4553,6360,8219,8379,8380,8383,8384,
13;0;3167;3263;0;24,97,139,143,144,146,149,189,225,231,244,249,256,262,277,288,321,354,357,398,400,402,404,432,591,645,769,875,948,949,1051,1146,1236,1279,1281,1282,1291,1292,1332,1474,1475,1478,1480,1521,1666,1867,1973,1978,2021,2064,2089,2175,2221,2240,2306,2407,2410,2477,2503,2508,2625,2794,3034,3256,3284,3606,3703,3706,3721,4472,4553,4913,5791,6360,8219,8354,8379,8380,8383,8384,
13;1;3263;3434;0;7,8,24,95,97,138,139,143,144,146,149,189,225,231,244,249,256,262,277,288,321,354,357,390,392,394,398,400,402,404,432,591,645,769,875,948,949,1049,1050,1051,1054,1055,1057,1146,1236,1279,1281,1282,1291,1474,1475,1478,1480,1521,1666,1675,1973,1978,2089,2175,2240,2306,2407,2625,2794,3034,3256,3284,3606,3703,3706,3721,4472,4553,6360,8219,8379,8380,8383,8384,
104;0;3434;3608;0;7,24,56,97,139,144,149,225,231,260,262,273,277,288,290,321,377,382,390,394,398,400,432,875,921,948,1051,1054,1146,1177,1236,1270,1417,1469,1474,1478,1481,1501,1670,1675,1749,1756,1973,1978,2051,2222,2420,2432,2645,2674,2695,2723,2802,2803,2804,2805,2806,2807,2808,2809,2810,2811,2812,2813,3284,3786,3878,3920,4323,4472,4511,5206,5882,6347,6348,6349,6350,6351,6352,6353,
104;1;3608;3669;0;7,24,56,97,139,144,149,225,231,260,262,273,277,288,290,321,377,382,390,394,398,400,432,875,921,948,1051,1054,1146,1177,1236,1270,1417,1469,1474,1478,1481,1501,1670,1675,1749,1756,1973,1978,2051,2222,2420,2432,2645,2674,2695,2723,2802,2803,2804,2805,2806,2807,2808,2809,2810,2811,2812,2813,3284,3786,3878,3920,4323,4472,4511,5206,5882,6347,6348,6349,6350,6351,6352,6353,
344;0;3669;3832;0;7,24,56,97,139,144,149,225,231,260,262,273,277,288,290,321,377,382,390,394,398,400,432,875,921,948,1051,1054,1146,1177,1236,1270,1417,1469,1474,1478,1481,1501,1670,1675,1749,1756,1973,1978,2051,2222,2420,2432,2645,2674,2695,2723,2802,2803,2804,2805,2806,2807,2808,2809,2810,2811,2812,2813,3284,3786,3878,3920,4323,4472,4511,5206,5882,6347,6348,6349,6350,6351,6352,6353,
344;1;3832;3900;0;7,24,56,97,139,144,149,225,231,260,262,273,277,288,290,321,377,382,390,394,398,400,432,875,921,948,1051,1054,1146,1177,1236,1270,1417,1469,1474,1478,1481,1501,1670,1675,1749,1756,1973,1978,2051,2222,2420,2432,2645,2674,2695,2723,2802,2803,2804,2805,2806,2807,2808,2809,2810,2811,2812,2813,3284,3786,3878,3920,4323,4472,4511,5206,5882,6347,6348,6349,6350,6351,6352,6353,
273;0;4320;4446;0;7,9,24,97,137,139,144,145,149,225,226,229,231,240,242,245,262,266,268,273,277,288,290,321,377,382,390,394,398,401,405,429,430,432,443,719,875,948,1051,1054,1119,1146,1149,1177,1236,1417,1474,1478,1481,1607,1608,1609,1610,1611,1612,1613,1614,1615,1616,1617,1618,1619,1620,1621,1622,1623,1624,1625,1626,1670,1749,1978,2645,2723,3284,3920,4472,4511,5206,6347,
273;1;4446;4546;0;7,9,24,97,137,139,144,145,149,225,226,229,231,240,242,245,262,266,268,273,277,288,290,321,377,382,390,394,398,401,405,429,430,432,443,503,719,875,948,1051,1054,1119,1146,1149,1177,1236,1275,1293,1417,1474,1478,1481,1607,1608,1609,1610,1611,1612,1613,1614,1615,1616,1617,1618,1619,1620,1621,1622,1670,1749,1978,2645,2723,3284,3306,3920,4472,4511,5206,6347,
315;0;4546;4644;0;7,9,24,97,136,137,139,144,145,149,225,226,229,231,240,242,245,262,266,268,273,277,288,290,321,377,382,390,394,398,401,405,429,430,432,443,503,719,875,948,1048,1051,1054,1119,1145,1146,1149,1177,1236,1275,1293,1358,1360,1363,1417,1474,1478,1481,1604,1607,1608,1609,1610,1611,1612,1613,1670,1749,1970,1971,1978,2645,2723,3284,3306,3920,4472,4511,5206,6347,
315;1;4644;4759;0;7,9,24,38,97,136,137,139,144,145,149,225,226,229,231,240,242,245,262,266,268,273,277,288,290,321,377,382,390,394,398,401,405,429,430,432,443,503,719,872,875,948,972,1048,1051,1054,1119,1142,1145,1146,1149,1177,1236,1275,1293,1358,1360,1363,1417,1457,1462,1474,1478,1481,1604,1607,1670,1749,1970,1971,1978,2645,2723,3284,3306,3920,4472,4511,5206,6347,
131;0;4759;4811;0;7,9,24,38,97,136,137,139,144,145,149,225,226,229,231,240,242,245,262,266,268,273,277,288,290,321,377,382,390,394,398,401,405,429,430,432,443,503,719,872,875,948,972,1048,1051,1054,1119,1142,1145,1146,1149,1177,1236,1275,1293,1358,1360,1363,1417,1474,1478,1481,1604,1670,1749,1970,1971,1978,2645,2723,3284,3306,3920,4472,4511,5206,6347,6729,7171,7933,
131;1;4811;4962;0;7,24,38,97,100,137,139,144,145,149,225,226,229,231,240,245,262,266,268,273,277,288,290,292,321,377,382,390,394,398,401,429,430,503,644,647,872,875,948,1048,1051,1054,1117,1121,1142,1145,1146,1177,1214,1236,1275,1293,1358,1360,1363,1417,1474,1478,1481,1604,1670,1749,1814,1970,1971,1978,2645,2716,2723,3284,3306,3387,3920,4472,4511,5206,5734,6347,6384,6729,
83;0;4962;5049;0;7,15,24,54,60,97,100,101,139,144,145,149,187,225,229,231,240,245,262,267,268,273,288,289,291,292,303,305,310,312,313,314,321,380,390,394,429,438,490,640,853,871,952,1051,1118,1171,1293,1359,1478,1479,1481,1604,2062,2063,2107,2244,2509,2510,2723,3284,3345,3346,3633,3712,4313,4314,4315,4316,4317,4318,4472,5144,5153,5154,5155,5247,5538,5731,5733,6193,
83;1;5049;5160;0;7,15,24,54,60,97,100,101,139,144,145,149,187,225,229,231,240,245,262,267,268,273,288,289,291,292,303,305,310,312,313,314,321,380,390,394,429,438,490,640,853,871,952,1051,1118,1171,1293,1359,1478,1479,1481,1604,2062,2063,2107,2244,2509,2510,2723,3284,3345,3346,3633,3712,4313,4314,4315,4316,4317,4318,4472,5144,5153,5154,5155,5247,5538,5731,5733,6193,
263;0;5160;5238;0;7,15,24,54,60,97,100,101,139,144,145,149,187,225,229,231,240,245,262,267,268,273,288,289,291,292,303,305,310,312,313,314,321,380,390,394,429,438,490,640,853,871,952,1051,1118,1171,1293,1359,1478,1479,1481,1604,2062,2063,2107,2244,2509,2510,2723,3284,3345,3346,3633,3712,4313,4314,4315,4316,4317,4318,4472,5144,5153,5154,5155,5247,5538,5731,5733,6193,
263;1;5238;5347;0;7,15,24,54,60,97,100,101,139,144,145,149,187,225,229,231,240,245,262,267,268,273,288,289,291,292,303,305,310,312,313,314,321,380,390,394,429,438,490,640,853,871,952,1051,1118,1171,1293,1359,1478,1479,1481,1604,2062,2063,2107,2244,2509,2510,2723,3284,3345,3346,3633,3712,4313,4314,4315,4316,4317,4318,4472,5144,5153,5154,5155,5247,5538,5731,5733,6193,
86;0;5347;5477;0;7,15,24,54,60,97,100,101,139,144,145,149,187,225,229,231,240,245,262,267,268,273,288,289,291,292,303,305,310,312,313,314,321,380,390,394,429,438,490,640,853,871,952,1051,1118,1171,1293,1359,1478,1479,1481,1604,2062,2063,2107,2244,2509,2510,2723,3284,3345,3346,3633,3712,4313,4314,4315,4316,4317,4318,4472,5144,5153,5154,5155,5247,5538,5731,5733,6193,
86;1;5477;5530;0;7,15,24,54,60,97,100,101,139,144,145,149,187,225,229,231,240,245,262,267,268,273,288,289,291,292,303,305,310,312,313,314,321,380,390,394,429,438,490,640,853,871,952,1051,1118,1171,1293,1359,1478,1479,1481,1604,2062,2063,2107,2244,2509,2510,2723,3284,3345,3346,3633,3712,4313,4314,4315,4316,4317,4318,4472,5144,5153,5154,5155,5247,5538,5731,5733,6193,
1092;0;5760;5934;0;2,4,7,8,15,24,54,60,97,100,101,139,142,144,145,148,149,187,225,229,231,240,245,262,267,268,273,288,289,291,292,303,305,310,312,313,314,321,380,390,394,396,429,438,490,640,853,871,952,1051,1052,1118,1159,1171,1229,1232,1233,1293,1359,1478,1479,1481,1604,1812,2062,2063,2107,2244,2509,2510,2723,3118,3119,3284,3345,3346,4313,4317,4472,5538,
192;0;5934;5989;0;4,24,97,100,139,144,145,149,225,229,231,240,245,262,267,268,273,288,289,291,292,305,310,313,314,380,390,429,591,640,704,871,1051,1052,1118,1134,1233,1293,1343,1478,1479,1481,1539,1604,2340,2492,2642,2658,2692,2723,2778,2783,3263,3284,3345,4472,4603,4604,4612,4613,4617,4629,4740,5406,5873,6595,6749,6750,6751,7225,8147,8148,8149,8150,8151,8152,8153,8154,8155,8156,
192;1;5989;6103;0;4,24,97,100,139,144,145,149,225,229,231,240,245,262,267,268,273,288,289,291,292,305,310,313,314,380,390,429,581,591,640,704,871,1051,1052,1118,1134,1233,1293,1343,1478,1479,1481,1539,1604,1779,2273,2286,2340,2492,2642,2658,2692,2723,2778,2783,3060,3263,3284,3345,3384,4472,4603,4604,4612,4613,4617,4629,4740,4993,5406,5672,5873,6595,6749,6750,6751,7225,8147,8148,
974;0;6103;6267;0;4,24,97,100,139,144,145,149,225,229,231,240,245,262,267,268,273,288,289,291,292,305,310,313,314,343,380,390,429,581,591,640,694,704,715,849,871,1051,1052,1118,1134,1233,1293,1478,1479,1481,1539,1599,1604,2273,2286,2642,2658,2678,2683,2778,3060,3263,3284,3345,4472,4603,4604,4612,4740,5392,5530,5637,5795,5868,6225,6595,6749,7295,7296,7297,7299,7943,8777,8778,
291;0;6267;6373;0;4,24,97,100,139,144,145,149,225,228,229,231,234,240,243,245,262,267,268,273,286,288,289,291,292,305,310,313,314,343,380,390,429,591,640,694,704,715,827,871,1051,1052,1094,1096,1097,1099,1118,1134,1233,1293,1390,1472,1478,1479,1481,1604,2103,2273,2642,2658,2678,2683,2778,3263,3284,3345,4472,4612,4881,4882,5392,5530,5637,5795,5868,6225,6595,6749,7296,7299,
291;1;6373;6428;0;4,24,97,100,139,144,145,149,225,231,234,245,251,262,267,268,273,286,288,289,291,292,305,310,313,314,343,380,390,429,591,640,694,715,754,871,1051,1052,1096,1097,1118,1134,1233,1284,1293,1390,1472,1478,1479,1481,1604,2273,2315,2408,2642,2658,2678,2683,2778,2836,2958,3263,3284,3345,3703,3709,3814,3819,4472,4612,5392,5530,5637,5795,5868,6225,6595,6749,7296,7299,
905;0;6428;6588;0;97,139,144,145,177,178,179,181,183,184,225,231,234,251,273,277,288,289,293,294,304,305,348,429,591,640,769,773,944,945,1118,1284,1293,1478,1479,1481,1567,1595,2353,2408,2498,2543,2897,2898,2900,2901,2905,2907,2909,2910,2911,2913,3262,3284,3378,3814,4472,6334,6595,7302,7304,7305,7306,7423,7759,7800,7801,7802,7803,7804,7805,7806,7807,7808,7809,7810,7811,7812,7813,7814,
785;0;6588;6748;0;97,139,144,145,177,178,179,181,183,184,225,231,234,251,273,277,288,289,293,294,304,305,348,429,591,640,769,773,944,945,1118,1284,1293,1478,1479,1481,1567,1595,2353,2408,2498,2543,2897,2898,2900,2901,2905,2907,2909,2910,2911,2913,3262,3284,3378,3814,4472,6334,6595,7302,7304,7305,7306,7423,7759,7800,7801,7802,7803,7804,7805,7806,7807,7808,7809,7810,7811,7812,7813,7814,
1128;0;6748;6904;0;97,139,144,145,177,178,179,181,183,184,225,231,234,251,273,277,288,289,293,294,304,305,348,429,591,640,769,773,944,945,1118,1284,1293,1478,1479,1481,1567,1595,2353,2408,2498,2543,2897,2898,2900,2901,2905,2907,2909,2910,2911,2913,3262,3284,3378,3814,4472,6334,6595,7302,7304,7305,7306,7423,7759,7800,7801,7802,7803,7804,7805,7806,7807,7808,7809,7810,7811,7812,7813,7814,
54;0;6904;6970;0;97,139,144,145,177,178,179,181,183,184,225,231,234,251,273,277,288,289,293,294,304,305,348,429,591,640,769,773,944,945,1118,1284,1293,1478,1479,1481,1567,1595,2353,2408,2498,2543,2897,2898,2900,2901,2905,2907,2909,2910,2911,2913,3262,3284,3378,3814,4472,6334,6595,7302,7304,7305,7306,7423,7759,7800,7801,7802,7803,7804,7805,7806,7807,7808,7809,7810,7811,7812,7813,7814,
54;1;7200;7286;0;97,139,144,145,177,178,179,181,183,184,225,231,234,251,270,273,277,288,289,293,294,304,305,348,429,591,640,769,773,854,944,945,948,949,1118,1170,1284,1293,1474,1475,1478,1479,1481,1493,1567,1595,1809,2353,2408,2498,2543,2815,2897,2898,2900,2901,2905,2907,2909,2910,2911,2913,3262,3284,3378,3814,4398,4470,4472,4511,4596,4673,4674,4675,6334,6595,7302,7304,7804,7805,
819;0;7286;7437;0;97,139,144,145,177,178,179,181,183,184,225,231,234,251,270,273,277,288,289,293,294,304,305,348,404,429,591,640,769,773,854,855,944,945,948,949,1118,1170,1284,1293,1474,1475,1478,1479,1481,1493,1567,1595,1809,2353,2408,2498,2543,2815,2897,2898,2900,2901,2905,2907,2909,2910,2911,2913,3262,3284,3378,3814,4220,4398,4470,4472,4511,4596,4673,4674,4675,6334,7804,7805,
897;0;7437;7587;0;26,97,139,144,145,177,178,179,181,183,184,225,231,234,251,255,270,273,277,288,289,293,294,304,305,348,404,429,591,640,769,773,854,855,944,945,948,949,1118,1170,1269,1272,1280,1284,1286,1287,1290,1293,1294,1295,1322,1474,1475,1478,1479,1481,1493,1567,1595,1809,2080,2353,2408,2498,2543,2815,2897,2898,2900,2901,3597,3624,3814,4675,4866,7062,7063,7064,7804,7805,
1136;0;7587;7734;0;26,27,97,139,144,145,150,155,177,178,179,181,183,184,225,231,234,248,251,255,273,277,288,289,294,304,305,404,429,457,591,640,731,732,773,854,855,948,949,1118,1170,1269,1272,1280,1286,1287,1293,1294,1322,1326,1474,1478,1481,1548,1809,1849,1853,2080,2408,2498,2815,2873,2898,2982,3004,3070,3597,3598,3613,3814,3830,3842,4124,4462,4675,5487,6656,7804,7805,9194,
179;0;7734;7796;0;26,27,97,139,144,145,152,177,178,179,181,183,184,208,225,231,234,255,273,277,288,294,304,305,363,404,429,499,503,591,640,773,854,855,948,949,979,987,1118,1170,1244,1269,1272,1280,1286,1287,1293,1294,1322,1474,1478,1481,1809,1940,1999,2080,2498,2815,2898,3345,3361,3597,3605,3774,3899,3900,3901,3902,3903,3904,3905,3906,3907,3908,3909,3910,3911,5487,7804,7805,
179;1;7796;7871;0;26,27,97,139,144,145,152,177,178,179,181,183,184,208,225,231,234,255,273,277,288,294,302,304,305,308,313,314,363,403,404,429,442,499,503,591,595,640,773,854,855,948,949,979,987,1118,1170,1244,1269,1272,1280,1286,1287,1293,1294,1322,1430,1472,1474,1478,1481,1676,1809,1922,1932,1933,1940,2080,2498,2815,2898,3121,3130,3345,3597,3605,3902,5487,7804,7805,
1168;0;7871;8005;0;3,26,95,137,139,144,225,234,245,262,267,268,273,285,288,290,291,294,304,306,313,314,317,333,351,382,395,434,595,892,905,912,939,948,1165,1170,1177,1207,1209,1211,1233,1236,1478,1481,1484,1676,1738,1749,1919,1970,2132,2133,2356,2357,2358,2359,2360,2361,2362,2363,2364,2365,2366,2367,2368,2369,2370,2371,2372,2373,2374,2375,2376,2377,2378,2379,2380,2381,4553,6850,
1094;0;8005;8137;0;3,26,95,137,139,144,225,234,245,262,267,268,273,285,288,290,291,294,304,306,313,314,317,333,351,382,395,434,595,892,905,912,939,948,1165,1170,1177,1207,1209,1211,1233,1236,1478,1481,1484,1676,1738,1749,1919,1970,2132,2133,2356,2357,2358,2359,2360,2361,2362,2363,2364,2365,2366,2367,2368,2369,2370,2371,2372,2373,2374,2375,2376,2377,2378,2379,2380,2381,4553,6850,
4;0;8640;8676;0;3,26,95,137,139,144,225,234,245,262,267,268,273,285,288,290,291,294,304,306,313,314,317,333,351,382,395,434,595,645,892,905,912,939,948,1165,1170,1177,1207,1209,1211,1233,1236,1398,1478,1481,1484,1676,1738,1749,1919,1970,2132,2133,2356,2357,2358,2359,2360,2361,2362,2363,2364,2365,2366,2367,2368,2369,2370,2371,2372,2373,2374,2375,2376,2377,2378,2379,2381,4553,
4;1;8676;8770;0;3,24,26,38,95,137,139,144,189,225,234,245,262,267,268,273,285,288,290,291,294,304,306,313,314,317,333,351,382,395,434,595,645,871,872,873,874,875,876,877,878,879,892,905,912,939,948,1165,1170,1177,1207,1209,1211,1233,1236,1398,1478,1481,1484,1676,1738,1749,1919,1970,2132,2133,2356,2357,2358,2359,2360,2361,2362,2363,2364,2370,2371,2376,2381,4553,
98;0;8770;8799;0;3,17,24,26,38,40,46,74,95,137,139,144,189,202,225,234,245,262,267,268,273,285,288,290,291,294,304,306,313,314,317,333,351,359,382,395,434,595,645,871,872,873,874,875,876,877,878,879,892,905,912,939,948,1165,1170,1177,1207,1209,1211,1233,1236,1277,1398,1478,1481,1484,1676,2132,2133,2163,2370,2371,2376,2381,2968,3056,4109,4117,4118,4553,
98;1;8799;8895;0;3,17,24,26,38,40,46,74,95,137,139,144,189,202,225,234,245,262,267,268,273,285,288,290,291,294,304,306,313,314,317,333,351,359,382,390,393,395,434,595,645,871,872,873,874,875,876,877,878,892,905,912,939,948,1048,1051,1145,1165,1170,1207,1209,1211,1236,1277,1358,1398,1478,1481,1484,1604,1676,2132,2133,2163,2370,2371,2376,2381,2968,4553,
959;0;8895;9014;0;3,24,26,38,40,46,95,137,139,144,189,202,225,234,245,262,267,268,273,288,290,291,304,306,313,314,317,351,382,390,395,434,595,645,694,715,765,871,872,873,874,875,876,877,905,939,948,1048,1051,1145,1165,1207,1209,1211,1236,1277,1445,1478,1481,1484,1604,1676,2132,2133,2163,2370,2371,2625,2635,2653,4376,4553,5525,5722,6025,6114,6225,6449,6512,6513,
1158;0;9014;9128;0;3,24,26,38,40,46,95,137,139,144,189,202,225,234,245,262,267,268,273,288,290,291,304,306,313,314,317,351,382,390,395,434,595,645,694,715,765,871,872,873,874,875,876,877,905,939,948,1048,1051,1145,1165,1207,1209,1211,1236,1277,1445,1478,1481,1484,1604,1676,2132,2133,2163,2370,2371,2625,2635,2653,4376,4553,5525,5722,6225,8484,8498,8499,8500,8501,
892;0;9128;9234;0;3,26,95,137,144,225,234,262,288,291,304,313,314,317,390,645,694,715,765,871,872,873,1277,1445,1604,1676,2133,3177,3178,3179,3180,3181,3182,3183,3184,3185,3186,3187,3188,3189,3190,3191,3192,3193,3194,3195,3196,3197,3198,3199,3200,3201,3202,3203,3204,3205,3206,3207,3208,3209,3210,3211,3212,3213,3214,3215,3216,3217,3218,3219,3220,3221,3222,3223,3224,3225,4553,5525,5722,6225,
800;0;9234;9339;0;3,26,95,137,144,177,181,225,234,262,288,291,302,304,305,308,310,313,314,317,380,390,401,403,442,645,694,715,765,871,872,873,1121,1277,1430,1445,1472,1474,1604,1655,1676,1932,2133,3120,3121,3177,3178,3179,3180,3181,3185,3186,3187,3188,3189,3191,3196,3197,3198,3199,3200,3201,3203,3204,3205,3206,3207,3208,3209,3210,3211,3212,3213,3214,3216,3218,4553,5525,5722,6225,
121;0;9339;9371;0;3,4,26,33,48,76,95,137,144,149,177,225,255,262,291,302,304,305,390,391,392,404,427,452,528,529,640,645,647,715,748,754,765,855,962,1052,1146,1261,1268,1269,1272,1277,1278,1280,1286,1287,1288,1291,1293,1294,1322,1360,1417,1472,1604,1605,1670,1796,1797,1884,2080,2108,2133,2147,2419,2820,3597,3703,3704,4451,4553,5139,5316,5525,5588,5722,6018,7035,7041,8159,
121;1;9371;9433;0;3,4,26,33,48,76,95,137,144,149,177,225,255,262,291,302,304,305,390,391,392,404,427,452,528,529,640,645,647,715,748,754,765,855,962,1052,1146,1261,1268,1269,1272,1277,1278,1280,1286,1287,1288,1291,1293,1294,1322,1360,1417,1472,1604,1605,1670,1796,1797,1884,2080,2108,2133,2147,2419,2820,3597,3703,3704,4451,4553,5139,5316,5525,5588,5722,6018,7035,7041,8159,
1112;0;9433;9524;0;3,4,26,33,48,76,95,137,144,149,177,225,255,262,291,302,304,305,390,391,392,404,427,452,528,529,640,645,647,715,748,754,765,855,962,1052,1146,1261,1268,1269,1272,1277,1278,1280,1286,1287,1288,1291,1293,1294,1322,1360,1417,1472,1604,1605,1670,1796,1797,1884,2080,2108,2133,2147,2419,2820,3597,3703,3704,4451,4553,5139,5316,5525,5588,5722,6018,7035,7041,8159,
1233;0;9524;9607;0;3,4,26,33,48,76,95,137,144,149,177,225,255,262,291,302,304,305,390,391,392,404,427,452,528,529,640,645,647,715,748,754,765,855,962,1052,1146,1261,1268,1269,1272,1277,1278,1280,1286,1287,1288,1291,1293,1294,1322,1360,1417,1472,1604,1605,1670,1796,1797,1884,2080,2108,2133,2147,2419,2820,3597,3703,3704,4451,4553,5139,5316,5525,5588,5722,6018,7035,7041,8159,
198;0;9607;9657;0;3,4,26,33,48,76,95,137,144,149,177,225,255,262,291,302,304,305,390,391,392,404,427,452,528,529,640,645,647,715,748,754,765,855,962,1052,1146,1261,1268,1269,1272,1277,1278,1280,1286,1287,1288,1291,1293,1294,1322,1360,1417,1472,1604,1605,1670,1796,1797,1884,2080,2108,2133,2147,2419,2820,3597,3703,3704,4451,4553,5139,5316,5525,5588,5722,6018,7035,7041,8159,
198;1;9657;9689;0;3,4,26,33,48,76,95,137,144,149,177,225,255,262,291,302,304,305,390,391,392,404,427,452,528,529,640,645,647,715,748,754,765,855,962,1052,1146,1261,1268,1269,1272,1277,1278,1280,1286,1287,1288,1291,1293,1294,1322,1360,1417,1472,1604,1605,1670,1796,1797,1884,2080,2108,2133,2147,2419,2820,3597,3703,3704,4451,4553,5139,5316,5525,5588,5722,6018,7035,7041,8159,
1049;0;10080;10157;0;3,4,26,33,48,76,95,137,144,149,177,225,255,262,291,302,304,305,390,391,392,404,427,452,528,529,640,645,647,715,748,754,765,855,962,1052,1062,1146,1261,1268,1269,1272,1277,1278,1280,1286,1287,1288,1291,1293,1294,1322,1360,1361,1417,1472,1604,1605,1670,1796,1797,1809,1884,2080,2108,2133,2337,2419,2984,3621,3703,4553,4727,5525,5722,5830,6101,6107,6109,6113,
867;0;10157;10231;0;3,4,26,33,48,76,95,117,137,144,149,177,225,255,262,291,302,304,305,329,377,390,391,392,404,427,452,528,529,640,645,647,715,748,754,765,855,891,962,1052,1062,1146,1148,1261,1268,1269,1277,1287,1288,1291,1293,1322,1361,1472,1488,1540,1604,1670,1796,1809,1884,1915,2133,2337,2419,2544,2696,3015,3621,3703,4227,4428,4553,5217,5218,5525,5722,6101,6107,6109,
803;0;10231;10304;0;3,4,26,33,48,76,95,117,137,144,149,177,178,179,183,184,225,255,262,272,291,302,304,305,311,323,329,377,384,390,391,392,404,427,452,528,529,640,645,647,715,765,855,891,962,1052,1062,1128,1129,1130,1131,1146,1269,1277,1287,1288,1291,1293,1322,1361,1472,1540,1670,1796,1809,1884,1915,2133,2337,2419,2696,3621,3703,4428,4553,5525,5722,6101,6107,6109,
933;0;10304;10377;0;26,89,90,95,100,117,137,144,149,177,178,179,184,225,262,272,291,329,377,427,607,677,694,715,765,855,862,890,891,1131,1146,1277,1287,1445,1528,1915,2052,2347,2467,2628,2646,2661,2678,2721,2903,3638,4412,4428,4937,5344,5345,5346,5347,5392,5525,5538,5637,5691,5722,5723,5775,6022,6026,6225,6226,6451,6454,6455,7188,7298,8095,8303,8349,8530,8727,8728,8729,8730,8731,8732,
1021;0;10377;10441;0;26,89,90,95,100,117,137,144,149,177,178,179,184,225,262,272,291,329,377,427,607,677,694,715,765,855,862,890,891,1131,1146,1277,1287,1445,1528,1915,2052,2347,2467,2628,2646,2661,2678,2721,2903,3638,4412,4428,4803,4937,5344,5345,5346,5347,5392,5525,5538,5637,5691,5722,5723,5775,6022,6026,6225,6226,6451,6454,6455,7188,7298,8095,8303,8349,8530,8727,8728,8729,8730,8731,
1108;0;10441;10501;0;24,26,38,89,90,95,100,117,137,144,149,177,178,179,184,189,225,262,272,291,329,377,427,607,677,694,715,765,855,862,871,872,873,874,890,891,1131,1142,1146,1277,1287,1445,1456,1460,1461,1528,1915,2052,2347,2467,2628,2646,2661,2678,2721,2903,3638,4412,4428,4803,4937,5344,5345,5346,5347,5392,5525,5538,5637,5691,5722,5723,5775,6022,6026,6225,6226,6451,7188,8095,
310;0;10501;10507;0;24,26,38,89,90,95,100,117,137,144,149,177,178,179,184,189,225,262,272,288,291,292,329,377,396,427,677,694,715,765,838,855,862,871,874,891,1131,1146,1277,1287,1528,1915,2052,2091,2347,2628,2645,2661,2678,2774,2775,2776,2777,2778,2903,3263,3435,4412,4428,4605,4606,4612,4759,4760,5305,5392,5499,5525,5637,5691,5722,5723,6022,6026,6225,7188,8007,8011,8012,8095,
310;1;10507;10558;0;26,95,98,100,118,144,177,178,179,184,225,245,262,272,291,292,337,343,377,666,677,694,715,765,838,861,891,1069,1096,1097,1131,1481,2225,2318,2461,2573,2626,2628,2643,2650,2661,2691,2774,2775,2778,2903,3263,4044,4259,4391,4412,4428,5499,5525,5633,5637,5640,5722,5723,5868,5869,6022,6023,6164,6225,8094,8095,8096,8097,8098,8099,8100,8101,8102,8103,8104,8105,8106,8107,8108,
1157;0;10558;10610;0;26,95,98,100,118,144,177,178,179,184,225,245,262,272,291,292,337,343,377,379,380,382,383,666,677,694,715,765,838,861,891,1032,1033,1034,1035,1036,1037,1038,1069,1096,1097,1131,1481,2225,2318,2461,2573,2626,2628,2643,2650,2661,2691,2774,2775,2778,2903,3263,4044,4259,4391,4412,4428,5499,5525,5633,5637,5640,5722,5723,5868,5869,6022,6023,6164,6225,8094,8095,8096,8097,
1185;0;10610;10655;0;26,95,98,100,118,144,177,178,179,184,225,245,262,272,291,292,314,337,343,377,379,380,382,383,666,677,694,715,765,838,861,891,1032,1033,1034,1035,1036,1037,1038,1069,1096,1097,1131,1481,2225,2318,2461,2573,2626,2628,2643,2650,2661,2691,2774,2775,2778,2903,3263,4044,4259,4391,4412,4428,4608,4609,5499,5525,5633,5637,5640,5722,5723,5868,5869,6022,6225,7886,7887,7888,
1114;0;10655;10697;0;26,95,98,100,118,144,177,178,179,184,225,245,262,272,291,292,314,337,343,377,379,380,382,383,666,677,694,715,765,838,861,891,1032,1033,1034,1035,1036,1037,1038,1069,1096,1097,1131,1270,1481,1588,2175,2225,2318,2420,2461,2488,2573,2626,2628,2643,2650,2661,2691,2774,2775,2778,2903,3263,4259,4608,5499,5525,5637,5722,5723,5868,5869,6022,6225,6918,6919,6920,6921,6922,
1071;0;10697;10734;0;26,95,98,100,118,144,177,178,179,184,225,245,262,272,291,292,314,337,343,377,379,380,382,383,666,677,690,694,715,765,838,848,861,891,1032,1131,1270,1481,1556,1674,1922,2106,2175,2225,2318,2420,2461,2573,2626,2628,2642,2643,2661,2677,2679,2689,2691,2774,2775,2778,2903,3263,3447,4259,4373,4608,4854,4855,5370,5499,5500,5525,5637,5722,5723,5868,5869,6022,6225,6921,
843;0;10734;10768;0;95,100,137,144,145,146,149,262,288,301,316,377,398,429,591,666,677,715,838,852,854,855,891,926,939,949,1118,1134,1165,1476,1478,1481,1484,1675,1768,2247,2292,2370,2371,2583,2587,2707,2738,2904,3133,3436,3438,3634,4424,4473,4537,4658,5248,5251,5298,5452,5525,5695,5697,5698,5700,5702,5807,5808,5809,5810,5811,5812,5813,5814,5815,5816,5817,5818,5819,5820,5821,5822,5823,5824,
1192;0;10768;10800;0;95,100,137,144,145,146,149,262,288,301,316,377,398,429,591,666,677,715,838,852,854,855,891,926,939,949,1118,1134,1165,1476,1478,1481,1484,1529,1675,1768,2131,2247,2292,2370,2371,2475,2583,2587,2627,2651,2707,2738,2904,3133,3436,3438,3634,4424,4473,4537,4658,5248,5251,5298,5452,5525,5695,5697,5698,5700,5702,5807,5808,5809,5810,5811,5812,5813,5814,5815,5816,5817,6194,6309,
834;0;11520;11551;0;95,100,137,144,145,146,149,262,288,291,301,316,321,322,377,395,398,429,591,666,677,715,838,852,854,855,891,926,939,949,1118,1134,1146,1165,1476,1478,1481,1484,1529,1675,1768,1814,2131,2247,2292,2370,2371,2475,2583,2587,2627,2651,2697,2707,2738,2904,3133,3436,3438,3634,4424,4473,4537,4658,5248,5251,5298,5452,5525,5695,5697,5698,5700,5702,5807,5808,5809,5810,5811,5812,
963;0;11551;11581;0;18,26,34,44,46,55,57,59,95,100,128,137,144,145,146,149,198,262,288,291,301,321,371,377,395,413,415,427,429,496,591,677,715,757,838,854,855,926,939,949,1013,1118,1134,1146,1478,1481,1529,1565,1652,1675,1814,2034,2035,2071,2074,2370,2395,2396,2611,2627,2651,2904,2979,3006,3867,3902,4074,4658,5405,5474,5525,5708,5927,5928,5929,5930,5931,5932,5933,5934,
1201;0;11581;11593;0;18,26,34,44,46,55,57,59,95,100,128,137,144,145,146,149,198,262,288,291,301,321,371,377,395,413,415,427,429,496,591,677,715,757,838,854,855,926,939,949,1013,1118,1134,1146,1478,1481,1529,1565,1652,1675,1814,2034,2035,2071,2074,2370,2395,2396,2611,2627,2651,2904,2979,3006,3867,3870,3902,4074,4658,5405,5474,5525,5708,5927,5928,5929,5932,6921,7026,7594,
1077;0;11593;11597;0;18,26,34,44,46,55,57,59,95,100,128,137,144,145,146,149,198,262,288,291,301,321,371,377,395,413,415,427,429,496,591,677,715,757,838,854,855,926,939,949,1013,1118,1134,1146,1478,1481,1529,1565,1652,1675,1814,2034,2035,2071,2074,2370,2395,2396,2611,2627,2651,2904,2979,3006,3867,3870,3902,4074,4658,5405,5474,5525,5595,5708,5927,5928,5929,5932,6921,7026,
1227;0;11597;11676;1;18,26,34,44,46,55,57,59,95,100,128,137,144,145,146,149,198,262,288,291,301,321,371,377,395,413,415,427,429,496,591,677,715,757,838,854,855,926,939,949,1013,1118,1134,1136,1146,1478,1481,1501,1529,1565,1652,1675,1814,1817,2034,2035,2071,2074,2370,2395,2396,2428,2450,2451,2452,2453,2611,2627,2651,2904,2979,3006,3867,3870,3902,4074,4658,5405,5525,5932,
931;0;11676;11756;1;18,26,27,34,44,46,55,57,59,61,63,95,100,128,137,144,145,146,149,198,262,288,291,301,321,371,377,395,413,415,427,429,496,591,677,715,757,838,854,855,926,939,949,1013,1118,1134,1136,1146,1266,1270,1275,1277,1287,1288,1293,1478,1481,1501,1529,1565,1652,1675,1814,1817,2034,2035,2071,2074,2370,2428,2451,2611,2627,2651,2904,3867,3870,4658,5525,5932,
1072;0;11756;11840;1;18,26,27,34,44,46,55,57,59,61,63,95,97,100,128,137,139,144,145,146,149,198,262,277,288,291,301,321,371,377,390,395,404,413,415,427,429,496,591,677,715,757,838,854,855,926,939,948,949,1118,1134,1146,1266,1275,1288,1293,1424,1478,1481,1529,1675,1814,2074,2370,2428,2451,2611,2627,2651,2904,3867,3870,4536,4553,4575,4658,4683,5525,5932,7031,
893;0;11840;11927;1;18,26,27,34,44,46,55,57,59,61,63,95,97,100,128,137,139,144,145,146,149,198,245,262,277,288,291,301,321,377,390,395,404,429,591,677,715,773,838,854,855,863,926,939,948,949,1118,1134,1146,1266,1275,1288,1293,1424,1478,1481,1529,1675,1814,2074,2318,2370,2428,2451,2611,2627,2651,2678,2904,2962,3581,3867,3870,4553,4658,5525,5932,7804,7805,8190,
909;0;11927;12016;1;19,20,24,26,27,30,34,43,46,50,55,95,97,100,137,139,144,145,146,149,245,262,277,288,291,301,321,377,390,395,404,429,591,677,715,773,838,854,855,863,926,939,948,949,1118,1134,1146,1266,1275,1288,1293,1424,1478,1481,1529,1675,1814,2074,2168,2197,2254,2255,2256,2318,2370,2428,2451,2611,2627,2651,2678,2904,2962,3867,3870,4553,4658,5525,5932,7804,
9;0;12016;12055;1;19,20,24,26,27,30,34,43,46,50,55,95,97,100,137,139,144,145,146,149,245,262,277,288,291,301,321,377,390,395,404,429,490,557,591,677,715,773,838,854,855,863,926,939,948,949,1118,1134,1146,1266,1275,1288,1293,1424,1478,1481,1529,1675,1814,2074,2168,2197,2318,2370,2428,2451,2611,2627,2651,2678,2904,2962,3831,3867,3870,4553,4658,5525,5932,7804,
9;1;12055;12112;1;19,24,26,27,34,46,55,95,97,100,137,139,144,145,146,149,245,262,277,288,291,301,314,321,377,390,395,404,429,591,677,715,773,854,855,863,948,949,1054,1117,1118,1120,1124,1134,1146,1266,1275,1288,1293,1424,1478,1481,1529,1675,1735,1736,1763,1814,2074,2168,2197,2318,2370,2611,2627,2651,2678,2898,2904,2962,3831,3867,3870,4834,5257,5511,5512,5525,5932,7804,
879;0;12112;12208;1;5,19,24,26,27,34,46,55,95,97,100,137,139,144,145,149,245,262,266,277,288,291,301,314,321,377,390,395,404,429,591,677,715,773,854,855,863,948,949,1048,1050,1051,1060,1117,1118,1134,1146,1266,1275,1288,1293,1424,1470,1478,1481,1529,1669,1675,1735,1814,1973,2074,2134,2168,2197,2318,2355,2370,2425,2611,2627,2651,2678,2904,2962,3831,5511,5525,5932,7804,
1014;0;12208;12305;1;8,24,38,60,70,95,100,139,144,149,152,189,241,262,276,277,278,288,314,321,390,402,515,569,640,644,645,677,715,768,773,787,843,855,868,871,874,875,876,877,880,965,1051,1057,1146,1201,1419,1481,1529,1675,1814,2107,2230,2273,2318,2370,2399,2400,2401,2405,2499,2631,2651,2653,2678,2815,3152,3435,3448,4611,5487,5511,5525,5644,5690,5691,5692,5932,7804,7997,
27;0;12305;12401;1;8,24,38,60,70,95,100,139,144,149,152,189,241,262,276,277,278,288,314,321,390,402,515,569,640,644,645,677,715,768,773,787,843,855,868,871,874,875,876,877,880,965,1051,1057,1146,1201,1419,1481,1529,1675,1814,2107,2230,2273,2318,2370,2399,2400,2401,2405,2499,2631,2651,2653,2678,2815,3152,3435,3448,4611,5487,5511,5525,5644,5690,5691,5692,5932,7804,7997,
27;1;12401;12405;1;8,24,38,60,70,95,100,139,144,149,152,189,241,262,276,277,278,288,314,321,390,402,515,569,640,644,645,677,715,768,773,787,843,855,868,871,874,875,876,877,880,965,1051,1057,1146,1201,1419,1481,1529,1675,1814,2107,2230,2273,2318,2370,2399,2400,2401,2405,2499,2631,2651,2653,2678,2815,3152,3435,3448,4611,5487,5511,5525,5644,5690,5691,5692,5932,7804,7997,
36;0;12405;12492;1;8,24,38,60,70,95,100,139,144,149,152,189,241,262,276,277,278,288,314,321,390,402,515,569,640,644,645,677,715,768,773,787,843,855,868,871,874,875,876,877,880,965,1051,1057,1146,1201,1419,1481,1529,1675,1814,2107,2230,2273,2318,2370,2399,2400,2401,2405,2499,2631,2651,2653,2678,2815,3152,3435,3448,4611,5487,5511,5525,5644,5690,5691,5692,5932,7804,7997,
36;1;12492;12506;1;8,24,38,60,70,95,100,139,144,149,152,189,241,262,276,277,278,288,314,321,390,402,515,569,640,644,645,677,715,768,773,787,843,855,868,871,874,875,876,877,880,965,1051,1057,1146,1201,1419,1481,1529,1675,1814,2107,2230,2273,2318,2370,2399,2400,2401,2405,2499,2631,2651,2653,2678,2815,3152,3435,3448,4611,5487,5511,5525,5644,5690,5691,5692,5932,7804,7997,
111;0;12506;12570;1;8,24,38,60,70,95,100,139,144,149,152,189,241,262,276,277,278,288,314,321,390,402,515,569,640,644,645,677,715,768,773,787,843,855,868,871,874,875,876,877,880,965,1051,1057,1146,1201,1419,1481,1529,1675,1814,2107,2230,2273,2318,2370,2399,2400,2401,2405,2499,2631,2651,2653,2678,2815,3152,3435,3448,4611,5487,5511,5525,5644,5690,5691,5692,5932,7804,7997,
111;1;12960;12999;1;8,24,38,60,70,95,100,139,144,149,152,177,181,189,241,262,267,268,272,276,277,278,286,288,305,306,310,313,314,321,390,402,515,569,595,640,644,645,677,715,768,773,787,843,855,868,871,874,875,876,877,911,1051,1057,1131,1146,1201,1236,1363,1429,1430,1481,1529,1655,1675,1676,1814,2117,2273,2318,2370,2405,2678,3435,5487,5511,5525,5644,5690,7804,
56;0;12999;13050;1;24,38,60,95,100,139,144,149,152,177,189,241,262,267,268,272,276,277,286,288,305,306,314,321,390,640,644,677,715,765,768,772,773,836,843,855,875,911,1051,1057,1146,1201,1363,1430,1481,1529,1675,1676,1814,2117,2273,2318,2346,2347,2370,2405,2461,2657,2678,3435,4376,5392,5484,5485,5487,5511,5525,5634,5637,5644,5690,5722,5869,6022,6024,6026,7099,7736,7737,7804,
56;1;13050;13105;1;24,38,60,95,100,139,144,149,152,177,189,231,241,262,267,268,272,276,277,286,288,290,305,306,314,321,390,640,644,677,715,765,768,772,773,836,843,855,875,911,1051,1057,1146,1201,1363,1430,1481,1529,1675,1676,1814,2117,2273,2318,2346,2347,2370,2405,2461,2645,2657,2678,2774,2775,3099,3263,3435,4376,4946,5340,5392,5484,5487,5511,5525,5637,5644,5690,5722,7804,
224;0;13105;13153;1;24,38,60,100,139,144,149,152,231,241,262,267,268,272,276,277,286,288,290,306,314,321,343,640,644,677,715,765,768,773,836,843,855,875,911,1043,1051,1057,1146,1363,1430,1481,1529,1675,1676,1814,2117,2273,2318,2405,2461,2466,2626,2645,2657,2661,2678,2774,2775,2903,3263,4259,4365,5392,5487,5511,5525,5637,5644,5690,5722,5795,6225,6369,6370,6371,6372,6373,6374,7804,
224;1;13153;13215;1;24,38,93,94,100,117,139,144,241,267,268,272,276,277,286,288,290,292,321,343,640,644,677,715,765,773,836,843,848,855,875,911,1043,1051,1057,1146,1430,1481,1516,1527,1529,1675,1814,2052,2091,2318,2645,2657,2661,2678,2679,2682,2774,2775,2903,3263,3291,4608,4962,5392,5487,5511,5525,5690,5713,6400,6597,7217,7296,7299,7319,7804,8415,9076,9077,9078,9079,9080,9081,9082,
851;0;13215;13328;1;24,38,93,94,100,117,139,144,241,267,268,272,276,277,286,288,290,292,321,343,640,644,677,715,765,773,836,843,848,855,875,911,1043,1051,1057,1121,1146,1171,1430,1472,1481,1516,1527,1529,1675,1814,2052,2091,2318,2645,2657,2661,2678,2679,2682,2774,2775,2903,3263,3291,3915,3916,3917,3918,3919,3920,3921,3922,3923,3924,3925,3926,3927,3928,5487,5690,7296,7299,7804,8415,
301;0;13328;13425;1;24,38,92,93,94,100,117,139,144,241,267,268,272,276,277,286,288,290,292,321,343,640,644,677,715,765,773,836,843,848,855,875,911,1043,1051,1057,1121,1146,1171,1430,1472,1481,1516,1527,1529,1675,1814,2052,2091,2318,2645,2657,2661,2678,2679,2682,2774,2775,2903,3263,3291,3915,3916,3917,3918,3919,3920,3921,3922,3923,3924,3925,5487,5690,7296,7299,7626,7804,7840,8415,
301;1;13425;13443;1;24,38,92,93,94,100,117,139,144,225,241,267,268,272,276,277,286,288,290,292,295,297,321,343,397,640,644,677,715,765,773,836,843,848,855,875,911,1043,1051,1057,1121,1146,1171,1430,1472,1481,1516,1527,1529,1675,1735,1814,2052,2091,2318,2645,2657,2661,2678,2679,2682,2774,2775,2903,3263,3291,3915,3916,3917,3918,3919,3920,3921,3922,3923,5487,5690,7296,7299,8415,
1210;0;13443;13561;1;24,38,92,93,94,100,117,139,144,225,241,267,268,272,276,277,286,288,290,292,295,297,321,343,397,640,644,677,715,765,773,836,843,848,855,875,911,1043,1051,1057,1121,1146,1171,1430,1472,1481,1516,1527,1529,1675,1735,1814,2052,2091,2318,2645,2657,2661,2678,2679,2682,2774,2775,2903,2960,3263,3291,3915,3916,3917,3918,3919,3920,3921,3922,5487,5690,7296,7299,8415,
200;0;13561;13650;1;24,38,89,92,93,94,100,117,139,144,225,241,267,268,272,276,277,286,288,290,292,295,297,321,343,395,397,640,644,677,715,765,773,836,843,848,855,875,911,1043,1051,1057,1121,1146,1171,1430,1472,1481,1516,1527,1529,1675,1735,1916,2052,2091,2318,2645,2657,2661,2679,2774,2775,2903,3263,3291,3619,3915,5487,5690,7296,7299,7459,7460,7461,7462,7463,7464,7465,8415,
200;1;13650;13681;1;26,87,100,137,144,145,202,277,288,291,319,351,354,355,356,357,396,434,640,677,765,767,833,836,854,855,863,875,898,987,1051,1057,1118,1134,1288,1423,1540,1922,1971,2150,2163,2172,2239,2240,2354,2498,2645,2658,2679,2729,2774,2775,2778,2861,2873,2951,2986,3263,3291,3720,3721,3753,4280,4567,4627,5051,5209,5409,5411,5605,5645,5748,5841,5853,5854,5855,5858,6158,6472,8118,
294;0;13681;13725;1;26,87,100,137,144,145,202,277,288,291,319,351,354,355,356,357,396,434,640,677,765,767,833,836,854,855,863,875,898,987,1051,1057,1118,1134,1288,1423,1540,1922,1971,2150,2163,2172,2239,2240,2354,2498,2645,2658,2679,2729,2774,2775,2778,2861,2873,2951,2986,3263,3291,3720,3721,3753,4280,4567,4627,5051,5209,5409,5411,5605,5645,5748,5841,5853,5854,5855,5858,6158,6472,8118,
294;1;13725;13803;1;26,87,100,137,144,145,202,277,288,291,319,351,354,355,356,357,396,434,640,677,765,767,833,836,854,855,863,875,898,987,1051,1057,1118,1134,1288,1423,1540,1922,1971,2150,2163,2172,2239,2240,2354,2498,2645,2658,2679,2729,2774,2775,2778,2861,2873,2951,2986,3263,3291,3720,3721,3753,4280,4567,4627,5051,5209,5409,5411,5605,5645,5748,5841,5853,5854,5855,5858,6158,6472,8118,
61;0;13803;13821;1;26,87,100,137,144,145,202,277,288,291,319,351,354,355,356,357,396,434,640,677,765,767,833,836,854,855,863,875,898,987,1051,1057,1118,1134,1288,1423,1540,1922,1971,2150,2163,2172,2239,2240,2354,2498,2645,2658,2679,2729,2774,2775,2778,2861,2873,2951,2986,3263,3291,3720,3721,3753,4280,4567,4627,5051,5209,5409,5411,5605,5645,5748,5841,5853,5854,5855,5858,6158,6472,8118,
61;1;13821;13930;1;26,87,100,137,144,145,202,277,288,291,319,351,354,355,356,357,396,434,640,677,765,767,833,836,854,855,863,875,898,987,1051,1057,1118,1134,1288,1423,1540,1922,1971,2150,2163,2172,2239,2240,2354,2498,2645,2658,2679,2729,2774,2775,2778,2861,2873,2951,2986,3263,3291,3720,3721,3753,4280,4567,4627,5051,5209,5409,5411,5605,5645,5748,5841,5853,5854,5855,5858,6158,6472,8118,
1208;0;13930;14059;1;26,87,100,137,144,145,202,277,288,291,319,351,354,355,356,357,396,434,640,677,765,767,833,836,854,855,863,875,898,987,1051,1057,1118,1134,1288,1423,1540,1922,1971,2150,2163,2172,2239,2240,2354,2498,2645,2658,2679,2729,2774,2775,2778,2861,2873,2951,2986,3263,3291,3720,3721,3753,4280,4567,4627,5051,5209,5409,5411,5605,5645,5748,5841,5853,5854,5855,5858,6158,6472,8118,
1172;0;14400;14530;1;26,87,100,137,144,145,202,245,277,288,291,319,351,354,355,356,357,394,396,434,640,677,765,767,833,836,854,855,863,875,898,987,1050,1051,1057,1118,1134,1145,1288,1423,1540,1922,1971,2105,2150,2163,2172,2239,2240,2354,2498,2645,2658,2679,2729,2774,2775,2778,2861,2873,2951,2986,3263,3291,3720,3721,3753,4280,4567,4627,5051,5209,5409,5411,5605,5611,5613,5626,5645,5803,
1008;0;14530;14666;1;26,87,100,137,138,144,145,202,245,277,288,291,319,342,351,354,355,356,357,394,395,396,434,591,640,647,677,765,766,767,833,836,854,855,863,875,898,927,949,987,1050,1051,1057,1118,1134,1145,1147,1288,1423,1540,1661,1662,1663,1664,1665,1666,1667,1668,1669,1670,1671,1672,1673,1674,1922,1971,2105,2172,2240,2498,2645,2679,2729,2774,2775,2778,2873,2951,3263,4280,
857;0;14666;14804;1;26,87,100,102,137,138,144,145,202,245,277,288,291,319,343,394,395,396,434,647,677,715,765,766,833,836,843,854,855,863,875,898,927,949,987,1043,1050,1118,1134,1147,1199,1288,1444,1528,1668,1669,1671,1674,2172,2240,2498,2628,2645,2649,2679,2683,2729,2774,2775,2778,2873,2951,3263,4280,5526,5530,5537,5690,5723,5865,5867,5868,7320,7580,7581,7582,7583,7584,7585,7586,
167;0;14804;14812;1;26,87,100,102,137,138,144,145,202,245,277,288,291,319,343,394,395,396,434,647,677,715,765,766,833,836,843,854,855,863,875,898,927,949,987,1043,1050,1118,1134,1147,1199,1288,1444,1528,1668,1669,1671,1674,2172,2240,2498,2628,2645,2649,2679,2683,2729,2774,2775,2778,2873,2951,3263,4280,5526,5530,5537,5690,6360,7479,8219,8375,8376,8379,8380,8381,8382,8383,8384,8385,
167;1;14812;14946;1;26,87,100,102,137,144,145,245,267,268,272,273,277,287,288,289,291,303,308,343,394,395,396,434,647,677,715,765,766,833,836,843,854,855,863,875,898,902,903,904,905,921,922,927,936,940,949,987,1043,1050,1118,1134,1147,1204,1205,1206,1207,1208,1209,1210,1211,1212,1288,1668,1669,1671,1674,2172,2240,2645,2729,2774,2775,2778,2873,2951,3263,3621,4280,5537,
336;0;14946;15064;1;19,26,34,38,40,46,87,100,102,137,144,145,245,267,268,273,277,287,288,289,291,343,364,394,395,396,434,476,546,647,677,715,722,765,766,778,833,836,843,854,855,863,875,898,904,921,927,949,987,1043,1050,1118,1134,1147,1288,1390,1560,1668,1669,1671,1674,2091,2172,2197,2240,2645,2729,2774,2775,2778,2873,2951,3263,3766,4280,4645,5537,5825,6244,7658,
336;1;15064;15089;1;19,26,38,46,87,97,100,137,144,145,225,267,268,273,277,287,288,289,291,302,343,382,395,434,647,681,715,765,766,833,836,843,854,855,863,875,898,904,921,927,949,987,1043,1118,1134,1147,1288,1430,1473,1474,1478,1668,1671,1674,1800,2091,2109,2141,2240,2643,2645,2774,2775,2778,2818,2821,2951,3263,4280,4538,4675,4889,4892,4895,4896,4898,4899,5214,5215,5216,
938;0;15089;15233;1;2,26,38,90,103,139,144,145,225,233,277,287,288,404,644,704,766,769,831,843,854,948,1118,1163,1293,1463,1474,1478,1479,1491,1679,1716,1803,2132,2455,2657,2774,2775,2894,2895,2896,2903,2904,2951,2961,2962,2964,3209,3210,3488,4280,4372,4934,5624,5627,5679,5680,5828,6749,6930,7458,8074,8075,8076,8077,8078,8079,8080,8081,8340,8397,8763,8765,8766,8767,8768,8769,8770,8773,8774,
1203;0;15233;15380;1;2,26,38,90,103,139,144,145,225,233,277,287,288,404,644,704,766,769,831,843,854,948,1118,1163,1293,1463,1474,1478,1479,1491,1679,1716,1803,2132,2455,2657,2774,2775,2894,2895,2896,2903,2904,2951,2961,2962,2964,3209,3210,3488,4280,4372,4934,5624,5627,5679,5680,5828,6749,6930,7458,8074,8075,8076,8077,8078,8079,8080,8081,8340,8397,8763,8765,8766,8767,8768,8769,8770,8773,8774,
842;0;15380;15529;1;2,26,38,90,103,139,144,145,225,233,277,287,288,404,644,704,766,769,831,843,854,948,1118,1163,1293,1463,1474,1478,1479,1491,1679,1716,1803,2132,2455,2657,2774,2775,2894,2895,2896,2903,2904,2951,2961,2962,2964,3209,3210,3488,4280,4372,4934,5624,5627,5679,5680,5828,6749,6930,7458,8074,8075,8076,8077,8078,8079,8080,8081,8340,8397,8763,8765,8766,8767,8768,8769,8770,8773,8774,
93;0;15529;15658;1;2,26,38,90,103,139,144,145,225,233,277,287,288,404,644,704,766,769,831,843,854,948,1118,1163,1293,1463,1474,1478,1479,1491,1679,1716,1803,2132,2455,2657,2774,2775,2894,2895,2896,2903,2904,2951,2961,2962,2964,3209,3210,3488,4280,4372,4934,5624,5627,5679,5680,5828,6749,6930,7458,8074,8075,8076,8077,8078,8079,8080,8081,8340,8397,8763,8765,8766,8767,8768,8769,8770,8773,8774,
93;1;15658;15678;1;2,26,38,90,103,139,144,145,225,233,277,287,288,404,644,704,766,769,831,843,854,948,1118,1163,1293,1463,1474,1478,1479,1491,1679,1716,1803,2132,2455,2657,2774,2775,2894,2895,2896,2903,2904,2951,2961,2962,2964,3209,3210,3488,4280,4372,4934,5624,5627,5679,5680,5828,6749,6930,7458,8074,8075,8076,8077,8078,8079,8080,8081,8340,8397,8763,8765,8766,8767,8768,8769,8770,8773,8774,
Machine: 4
775;0;0;8;1;97,137,144,145,147,182,225,226,227,229,231,234,266,267,268,272,273,274,276,286,287,288,291,301,302,310,329,351,395,404,429,430,591,640,647,838,912,933,948,949,1058,1092,1094,1117,1137,1145,1236,1447,1473,1624,1671,1740,1819,1825,1832,2128,2225,2247,2248,2382,2388,2695,3698,3793,4018,4031,4423,4472,4564,5136,5736,6179,6343,6344,6345,6346,7033,7034,8497,8518,
1025;0;8;22;1;97,137,144,145,147,182,225,226,227,229,231,234,266,267,268,272,273,274,276,286,287,288,291,301,302,310,329,351,395,404,429,430,591,640,647,838,912,933,948,949,1058,1092,1094,1117,1137,1145,1236,1447,1473,1624,1671,1740,1819,1825,1832,2128,2225,2247,2248,2382,2388,2695,3698,3793,4018,4031,4423,4472,4564,5136,5736,6179,6343,6344,6345,6346,7033,7034,8497,8518,
1162;0;22;48;1;97,137,144,145,147,182,225,226,227,229,231,234,266,267,268,272,273,274,276,286,287,288,291,301,302,310,329,351,395,404,429,430,591,640,647,838,912,933,948,949,1058,1092,1094,1117,1137,1145,1236,1447,1473,1624,1671,1740,1819,1825,1832,2128,2225,2247,2248,2382,2388,2695,3698,3793,4018,4031,4423,4472,4564,5136,5736,6179,6343,6344,6345,6346,7033,7034,8497,8518,
1010;0;48;78;1;97,137,144,145,147,182,225,226,227,229,231,234,266,267,268,272,273,274,276,286,287,288,291,301,302,310,329,351,395,404,429,430,591,640,647,838,912,933,948,949,1058,1092,1094,1117,1137,1145,1236,1447,1473,1624,1671,1740,1819,1825,1832,2128,2225,2247,2248,2382,2388,2695,3698,3793,4018,4031,4423,4472,4564,5136,5736,6179,6343,6344,6345,6346,7033,7034,8497,8518,
971;0;78;109;1;97,117,137,144,145,147,182,225,226,227,229,231,234,266,267,268,272,273,274,276,286,287,288,291,301,302,310,329,351,395,404,429,430,591,640,647,838,912,933,948,949,1058,1092,1094,1117,1137,1145,1236,1447,1473,1474,1478,1624,1669,1671,1740,1819,1825,1832,2128,2225,2247,2248,2337,2382,2388,2695,3698,3793,4018,4031,4423,4472,4564,4630,4645,5136,5725,5736,6179,
997;0;109;141;1;118,137,144,225,231,267,268,272,286,288,302,310,329,395,404,617,618,620,640,647,827,838,949,1096,1097,1098,1117,1236,1310,1315,1412,1413,1414,1415,1447,1474,1478,1671,1877,1879,2271,2348,2576,2578,3572,3573,3574,4083,4084,4130,4423,4755,4922,5585,5714,5825,6030,6564,6589,6772,6966,7818,7865,7904,7905,7906,7907,7908,7909,7910,7911,7912,7913,7914,7915,7916,7917,7918,7919,7920,
1087;0;141;182;1;63,118,137,144,225,231,267,268,272,286,288,302,310,329,395,404,528,617,618,620,640,647,827,838,949,1096,1097,1098,1117,1236,1294,1310,1315,1412,1413,1414,1415,1447,1474,1478,1671,1877,1879,2149,2221,2271,2315,2348,2444,2576,2578,3572,3573,3574,4083,4084,4130,4230,4423,4755,4922,5585,5714,5825,6030,6564,6589,6772,6966,7818,7865,7904,7905,7906,7907,7908,7909,7910,7911,7912,
1081;0;182;226;1;63,95,118,137,144,177,181,225,231,262,267,268,272,286,288,302,305,306,308,310,313,314,329,395,404,528,617,618,620,640,647,827,838,949,1096,1097,1098,1117,1131,1236,1294,1310,1315,1412,1413,1414,1415,1430,1447,1474,1478,1671,1676,1877,1879,2149,2221,2271,2315,2348,2444,2576,2578,3572,3573,3574,4083,4084,4130,4230,4423,4755,4922,5585,5714,5825,6030,6564,6589,6966,
1130;0;226;275;1;63,95,118,137,144,177,181,225,231,262,267,268,272,286,288,302,305,306,308,310,313,314,329,377,395,404,528,617,618,620,640,647,827,838,855,891,949,1096,1097,1098,1117,1131,1148,1236,1294,1310,1315,1412,1413,1414,1415,1417,1430,1447,1474,1478,1479,1488,1540,1604,1671,1676,2221,2315,2544,2696,3130,3258,4130,4423,4428,4818,5217,5218,5219,5220,5221,5222,5223,6966,
900;0;275;326;1;3,63,95,118,137,144,177,181,225,231,262,267,268,272,286,288,302,305,306,308,310,313,314,329,377,395,404,528,617,618,620,640,647,827,838,855,891,907,949,1096,1097,1098,1117,1131,1148,1236,1294,1310,1315,1361,1412,1413,1414,1415,1430,1447,1474,1478,1479,1488,1540,1604,1671,1676,1809,2221,2315,3130,3621,4130,4423,4553,4727,5223,5830,6101,6107,6109,6113,6966,
1085;0;326;378;1;3,63,95,118,137,144,177,181,225,231,262,267,268,272,286,288,302,305,306,308,310,313,314,329,377,395,404,528,573,617,618,620,640,647,827,838,855,891,907,949,1096,1097,1098,1117,1131,1148,1236,1294,1310,1315,1361,1398,1401,1412,1413,1430,1447,1474,1477,1478,1479,1480,1488,1540,1604,1671,1676,1809,2221,2315,3130,4130,4390,4423,4553,5223,5830,6101,6107,6966,
1119;0;378;431;1;3,63,95,118,137,144,177,181,225,231,262,267,268,272,286,288,302,305,306,308,310,313,314,329,377,395,404,528,573,617,618,620,640,647,827,838,855,891,907,949,1096,1097,1098,1117,1131,1148,1236,1294,1310,1315,1361,1398,1401,1412,1413,1430,1447,1474,1477,1478,1479,1480,1488,1540,1604,1671,1676,1809,2221,2315,3130,4130,4423,4553,5223,5830,6101,6107,6966,7372,
39;0;431;605;0;3,63,95,118,137,144,177,181,225,231,262,267,268,272,286,288,302,305,306,308,310,313,314,329,377,395,404,528,573,617,618,620,640,647,827,838,855,891,907,949,1096,1097,1098,1117,1131,1148,1236,1294,1361,1398,1401,1430,1447,1474,1477,1478,1479,1480,1488,1540,1604,1671,1676,1809,2221,2315,3130,3511,3527,3580,3581,3582,4130,4423,4553,5223,5830,6101,6107,6966,
39;1;605;764;0;3,28,95,100,137,138,144,149,177,225,231,262,272,288,305,314,348,377,379,382,395,404,528,640,644,647,838,891,1023,1024,1117,1118,1131,1171,1196,1280,1294,1361,1398,1401,1447,1463,1472,1474,1477,1478,1480,1488,1513,1667,1676,1736,1809,1901,1973,2089,2332,2391,2394,2512,2636,3130,3274,3527,4270,4271,4272,4422,4423,8555,8557,8559,8642,9089,9090,9091,9092,9093,9094,9095,
210;0;764;920;0;3,28,95,100,137,138,144,149,177,225,231,262,272,288,305,314,348,377,379,382,395,404,528,640,644,647,838,891,1023,1024,1117,1118,1131,1171,1196,1280,1294,1361,1398,1401,1447,1463,1472,1474,1477,1478,1480,1488,1513,1667,1676,1736,1809,1901,1973,2089,2332,2391,2394,2512,2636,3130,3274,3527,4270,4271,4272,4422,4423,8555,8557,8559,8642,9089,9090,9091,9092,9093,9094,9095,
210;1;920;1088;0;3,28,95,100,137,138,144,149,177,225,231,262,272,288,305,314,348,377,379,382,395,404,528,640,644,647,838,891,1023,1024,1117,1118,1131,1171,1196,1280,1294,1361,1398,1401,1447,1463,1472,1474,1477,1478,1480,1488,1513,1667,1676,1736,1809,1901,1973,2089,2332,2391,2394,2512,2636,3130,3274,3527,4270,4271,4272,4422,4423,8555,8557,8559,8642,9089,9090,9091,9092,9093,9094,9095,
269;0;1088;1242;0;3,28,95,100,137,138,144,149,177,225,231,262,272,288,305,314,348,377,379,382,395,404,528,640,644,647,838,891,1023,1024,1117,1118,1131,1171,1196,1280,1294,1361,1398,1401,1447,1463,1472,1474,1477,1478,1480,1488,1513,1667,1676,1736,1809,1901,1973,2089,2332,2391,2394,2512,2636,3130,3274,3527,4270,4271,4272,4422,4423,8555,8557,8559,8642,9089,9090,9091,9092,9093,9094,9095,
269;1;1242;1402;0;3,28,95,100,137,138,144,149,177,225,231,262,272,288,305,314,348,377,379,382,395,404,528,640,644,647,838,891,1023,1024,1117,1118,1131,1171,1196,1280,1294,1361,1398,1401,1447,1463,1472,1474,1477,1478,1480,1488,1513,1667,1676,1736,1809,1901,1973,2089,2332,2391,2394,2512,2636,3130,3274,3527,4270,4271,4272,4422,4423,8555,8557,8559,8642,9089,9090,9091,9092,9093,9094,9095,
150;0;1440;1619;0;1,3,28,95,100,137,138,144,149,177,225,231,262,272,288,305,314,321,377,379,382,391,395,396,400,404,528,640,644,647,838,891,1023,1024,1117,1118,1131,1171,1196,1280,1294,1361,1397,1398,1401,1447,1472,1474,1476,1477,1478,1480,1488,1502,1513,1667,1676,1681,1682,1736,1809,1973,2109,2134,2512,2821,3130,3278,3527,4832,4857,4927,5246,5249,5275,5276,5277,8555,8557,8559,
150;1;1619;1744;0;1,3,28,95,100,137,138,144,149,177,225,231,262,272,288,305,314,321,377,379,382,391,395,396,400,404,528,640,644,647,838,891,1023,1024,1117,1118,1131,1171,1196,1280,1294,1361,1397,1398,1401,1447,1472,1474,1476,1477,1478,1480,1488,1502,1513,1667,1676,1681,1682,1736,1809,1973,2109,2134,2512,2821,3130,3278,3527,3739,4832,4857,4927,5246,5249,5275,5276,8555,8557,8559,
71;0;1744;1870;0;1,3,28,95,100,137,138,144,149,177,225,231,262,272,288,305,314,321,377,379,382,391,395,396,400,404,528,640,644,647,838,891,1023,1024,1117,1118,1131,1171,1196,1280,1294,1361,1397,1398,1401,1447,1472,1474,1476,1477,1478,1480,1488,1502,1513,1667,1676,1681,1682,1736,1809,1973,2109,2134,2159,2305,2512,2821,3130,3278,3527,3739,4832,4857,4927,5246,5249,8555,8557,8559,
71;1;1870;2042;0;3,28,95,100,137,144,149,177,225,231,262,272,288,305,314,321,377,379,382,391,395,396,400,404,528,640,644,647,838,891,1117,1118,1131,1171,1196,1280,1294,1361,1397,1401,1472,1474,1476,1477,1478,1480,1488,1676,1809,1973,2109,2134,2821,3130,3182,3183,3210,3278,3483,3484,3485,3486,3488,3489,3490,3491,3492,3493,3494,3496,3497,3498,3499,3527,3659,3660,4857,8555,8557,8559,
354;0;2042;2185;0;8,95,97,100,113,137,142,144,149,177,206,221,225,262,272,288,292,305,314,321,391,392,404,429,502,640,647,677,818,871,1131,1146,1294,1474,1478,1587,1676,1809,1814,2091,2244,2774,2777,2778,2803,2812,3126,3263,3527,3640,4165,4600,4603,4604,4605,4606,4607,4608,4609,4610,4611,4612,4613,4614,4615,4616,4617,4618,8551,8559,9031,9041,9131,9137,9138,9139,9140,9141,9142,9143,
354;1;2185;2337;0;8,95,97,100,113,137,142,144,149,177,206,221,225,262,272,288,292,305,314,321,391,392,404,429,502,640,647,677,818,871,1131,1146,1294,1474,1478,1587,1676,1809,1814,2091,2244,2774,2777,2778,2803,2812,3126,3263,3527,3640,4165,4600,4603,4604,4605,4606,4607,4608,4609,4610,4611,4612,4613,4614,4615,4616,4617,4618,8551,8559,9031,9041,9131,9137,9138,9139,9140,9141,9142,9143,
44;0;2337;2454;0;8,95,97,100,113,137,142,144,149,177,206,221,225,262,272,288,292,305,314,321,391,392,404,429,502,640,647,677,818,871,1131,1146,1294,1474,1478,1587,1676,1809,1814,2091,2244,2774,2777,2778,2803,2812,3126,3263,3527,3640,4165,4600,4603,4604,4605,4606,4607,4608,4609,4610,4611,4612,4613,4614,4615,4616,4617,4618,8551,8559,9031,9041,9131,9137,9138,9139,9140,9141,9142,9143,
44;1;2454;2615;0;8,95,97,100,113,137,142,144,149,177,206,221,225,262,272,288,292,305,314,321,391,392,404,429,502,640,647,677,818,871,1131,1146,1294,1474,1478,1587,1676,1809,1814,2091,2244,2774,2777,2778,2803,2812,3126,3263,3527,3640,4165,4600,4603,4604,4605,4606,4607,4608,4609,4610,4611,4612,4613,4614,4615,4616,4617,4618,8551,8559,9031,9041,9131,9137,9138,9139,9140,9141,9142,9143,
348;0;2615;2716;0;8,95,97,100,113,137,142,144,149,177,206,221,225,262,272,288,292,305,314,321,391,392,404,429,502,640,647,677,818,871,1131,1146,1294,1474,1478,1587,1676,1809,1814,2091,2244,2774,2777,2778,2803,2812,3126,3263,3527,3640,4165,4600,4603,4604,4605,4606,4607,4608,4609,4610,4611,4612,4613,4614,4615,4616,4617,4618,8551,8559,9031,9041,9131,9137,9138,9139,9140,9141,9142,9143,
348;1;2880;3037;0;8,95,97,100,113,137,139,142,143,144,149,177,206,221,225,262,272,275,288,289,292,298,305,314,321,351,391,392,397,404,429,435,502,640,647,677,818,871,912,1131,1146,1167,1294,1354,1474,1478,1587,1676,1726,1809,1814,1843,2091,2244,2247,2774,2777,2778,2803,2822,3036,3037,3126,3263,3527,4500,4603,4604,4605,4606,4612,4613,4617,5738,5742,5792,5793,5794,8551,8559,
138;0;3037;3134;0;8,88,95,97,100,113,137,139,143,144,149,177,225,262,272,275,288,289,292,305,314,321,391,397,404,429,640,647,666,677,694,833,912,1095,1131,1146,1294,1354,1390,1474,1478,1481,1530,1587,1676,1809,1814,1843,2091,2337,2626,2653,2661,2683,2774,2777,2778,3037,3126,3527,4603,4604,4606,4612,4613,5259,5525,5538,5539,5637,5722,6029,6311,6312,6313,6562,7414,7415,8551,8559,
138;1;3134;3286;0;8,55,95,97,100,113,137,139,143,144,149,177,225,262,272,275,288,289,292,305,314,321,391,397,404,429,517,640,647,666,677,694,912,1095,1131,1146,1269,1282,1285,1289,1293,1294,1322,1329,1354,1390,1474,1478,1481,1587,1676,1809,1814,1843,2091,2220,2337,2407,2626,2661,2774,2777,2778,2861,2873,3037,3126,3527,3703,3721,4603,4604,4606,4612,4613,5525,5722,6092,8551,8559,
65;0;3286;3374;0;8,24,55,95,97,100,113,137,139,143,144,149,177,225,249,262,272,275,288,289,292,305,314,321,391,397,404,429,640,647,666,677,694,912,1095,1131,1146,1269,1282,1285,1293,1294,1322,1329,1354,1390,1474,1478,1481,1587,1676,1809,1814,1843,2091,2306,2337,2407,2626,2661,2774,2777,2778,2873,3037,3126,3527,3615,3703,3721,4603,4604,4606,4612,4613,5525,5722,6722,8551,8559,
65;1;3374;3531;0;8,24,55,95,97,100,113,137,139,143,144,149,177,225,249,262,272,275,288,289,292,305,314,321,391,397,404,429,640,647,666,677,694,912,1095,1131,1146,1285,1293,1294,1322,1329,1354,1474,1478,1481,1608,1676,1763,1809,1814,1843,2091,2337,2407,2458,2626,2661,2774,2777,2778,3037,3120,3121,3126,3284,3435,3527,3615,3703,4603,4604,4606,4612,4613,5525,5722,6234,8551,8559,
229;0;3531;3571;0;8,24,55,95,97,100,113,137,139,143,144,177,225,249,262,272,275,288,289,305,314,321,391,397,404,429,640,647,666,677,694,765,1095,1131,1146,1285,1293,1294,1322,1329,1354,1474,1478,1481,1529,1569,1676,1809,1814,1843,2091,2337,2407,2458,2625,2626,2661,2774,2777,2778,2972,3037,3126,3284,3435,3527,3615,3703,3742,3743,3744,3745,4603,4604,4606,4612,5525,5722,8551,8559,
229;1;3571;3743;0;8,24,54,60,95,97,113,135,137,143,144,177,179,225,234,262,272,273,280,287,288,304,305,311,317,321,390,391,398,404,429,446,501,510,640,645,647,648,659,677,1051,1095,1131,1134,1136,1137,1146,1285,1293,1294,1322,1468,1473,1676,1677,1757,1809,1933,2091,2102,2108,2337,2458,2774,2778,2870,2924,3037,3257,3414,3435,3703,3743,4135,4313,4316,4318,4604,5496,7892,
134;0;3743;3853;0;8,24,54,60,95,97,113,135,137,143,144,177,179,225,234,262,272,273,280,287,288,304,305,311,317,321,390,391,398,404,429,446,501,510,640,645,647,648,659,677,1051,1095,1131,1134,1136,1137,1146,1285,1293,1294,1322,1468,1473,1676,1677,1757,1809,1933,2091,2102,2108,2337,2458,2774,2778,2870,2924,3037,3257,3414,3435,3703,3743,4135,4313,4316,4318,4604,5496,7892,
134;1;3853;3951;0;8,24,54,60,95,97,113,135,137,143,144,177,179,225,234,262,272,273,280,287,288,304,305,311,317,321,390,391,398,404,429,446,501,510,640,645,647,648,659,677,1051,1095,1131,1134,1136,1137,1146,1285,1293,1294,1322,1468,1473,1676,1677,1757,1809,1933,2091,2102,2108,2337,2458,2774,2778,2870,2924,3037,3257,3414,3435,3703,3743,4135,4313,4316,4318,4604,5496,7892,
115;0;3951;4002;0;8,24,54,60,95,97,113,135,137,143,144,177,179,225,234,262,272,273,280,287,288,304,305,311,317,321,390,391,398,404,429,446,501,510,640,645,647,648,659,677,1051,1095,1131,1134,1136,1137,1146,1285,1293,1294,1322,1468,1473,1676,1677,1757,1809,1933,2091,2102,2108,2337,2458,2774,2778,2870,2924,3037,3257,3414,3435,3703,3743,4135,4313,4316,4318,4604,5496,7892,
115;1;4002;4152;0;8,24,54,60,95,97,113,135,137,143,144,177,179,225,234,262,272,273,280,287,288,304,305,311,317,321,390,391,398,404,429,446,501,510,640,645,647,648,659,677,1051,1095,1131,1134,1136,1137,1146,1285,1293,1294,1322,1468,1473,1676,1677,1757,1809,1933,2091,2102,2108,2337,2458,2774,2778,2870,2924,3037,3257,3414,3435,3703,3743,4135,4313,4316,4318,4604,5496,7892,
370;0;4152;4198;0;8,24,54,60,95,97,113,135,137,143,144,177,179,225,234,262,272,273,280,287,288,304,305,311,317,321,390,391,398,404,429,446,501,510,640,645,647,648,659,677,1051,1095,1131,1134,1136,1137,1146,1285,1293,1294,1322,1468,1473,1676,1677,1757,1809,1933,2091,2102,2108,2337,2458,2774,2778,2870,2924,3037,3257,3414,3435,3703,3743,4135,4313,4316,4318,4604,5496,7892,
370;1;4320;4472;0;8,24,26,54,60,95,135,137,143,144,177,179,225,234,262,272,273,280,287,288,304,305,311,317,321,390,391,398,404,429,640,645,647,648,677,1051,1095,1134,1136,1146,1270,1283,1284,1285,1288,1290,1293,1294,1297,1322,1419,1473,1676,1809,1933,2091,2102,2263,2265,2337,2410,2419,2516,2774,2778,2856,3037,3414,3435,3703,3743,3768,4135,4206,4207,4208,4209,4210,4211,4604,
19;0;4472;4538;0;8,17,20,24,25,26,38,40,46,52,54,60,76,95,135,137,143,144,177,179,225,234,262,272,273,280,287,288,304,305,311,317,321,390,391,398,404,429,480,640,645,647,648,677,1051,1095,1134,1136,1146,1270,1283,1284,1288,1290,1293,1294,1297,1322,1473,1676,1707,1809,1933,2091,2102,2263,2265,2337,2410,2419,2774,2778,2856,3037,3414,3435,3703,3743,4135,4604,
19;1;4538;4667;0;8,9,24,38,95,143,144,145,146,177,225,234,259,262,280,288,304,305,317,321,377,382,390,398,429,640,647,677,775,838,893,895,1051,1054,1095,1124,1134,1146,1171,1288,1293,1294,1322,1361,1397,1488,1676,1683,1799,1809,1933,1973,2091,2102,2224,2337,2455,2774,2778,2821,2988,3037,3130,3267,3414,3703,3743,4533,4604,4637,4748,4890,6513,6809,6813,6814,6815,6821,6822,6823,
330;0;4667;4711;0;8,9,24,38,95,143,144,145,146,177,225,234,259,262,280,288,304,305,317,321,377,382,390,398,429,640,647,677,775,838,893,895,1051,1054,1095,1124,1134,1146,1171,1288,1293,1294,1322,1360,1361,1397,1488,1676,1683,1799,1809,1933,1973,2091,2102,2224,2249,2337,2455,2508,2774,2778,2821,2988,3037,3130,3267,3293,3414,3703,3743,4533,4604,4637,4748,4890,6513,6809,6813,6814,
330;1;4711;4858;0;8,9,24,38,95,96,101,143,144,145,146,177,225,234,259,262,280,288,304,305,317,321,377,382,390,398,429,640,647,677,775,838,891,893,895,1051,1054,1095,1124,1134,1146,1171,1288,1293,1294,1322,1360,1361,1397,1488,1567,1676,1683,1799,1809,1933,1973,2091,2102,2224,2249,2337,2455,2508,2628,2678,2774,2778,2821,2988,3037,3130,3267,3293,3414,3703,4093,4533,4604,5230,
231;0;4858;5014;0;8,9,24,38,95,96,101,143,144,145,146,177,225,234,259,262,280,288,304,305,317,321,377,382,390,398,429,632,640,647,677,775,838,891,893,895,1051,1054,1095,1134,1146,1288,1293,1294,1322,1360,1361,1488,1549,1676,1809,1933,1936,1973,2018,2091,2102,2198,2199,2224,2337,2455,2628,2678,2774,2778,2821,2847,2848,2988,3037,3293,3414,3703,3978,3980,4093,4533,4604,5230,
231;1;5014;5041;0;233,288,359,395,396,434,528,677,715,815,898,1134,1287,1288,1293,1294,1322,1336,1444,1524,1778,1859,1919,1971,2063,2091,2239,2240,2241,2242,2337,2546,2553,2564,2602,2658,2677,2729,2774,2778,2900,2984,3291,3345,3519,3906,4103,4567,4604,4627,5140,5175,5223,5411,5605,5723,5748,5830,5841,5853,5854,5858,7463,7835,8095,8321,8625,8626,8627,8628,8629,8630,8631,8632,8633,8634,8635,8636,8637,8638,
831;0;5041;5220;0;233,288,359,395,396,434,528,677,715,815,898,1134,1287,1288,1293,1294,1322,1336,1444,1524,1778,1859,1919,1971,2063,2091,2239,2240,2241,2242,2337,2546,2553,2564,2602,2658,2677,2729,2774,2778,2900,2984,3291,3345,3519,3906,4103,4567,4604,4627,5140,5175,5223,5411,5605,5723,5748,5830,5841,5853,5854,5858,7463,7835,8095,8321,8625,8626,8627,8628,8629,8630,8631,8632,8633,8634,8635,8636,8637,8638,
911;0;5220;5396;0;233,288,359,395,396,434,528,677,715,815,898,1134,1287,1288,1293,1294,1322,1336,1444,1524,1778,1859,1919,1971,2063,2091,2239,2240,2241,2242,2337,2546,2553,2564,2602,2658,2677,2729,2774,2778,2900,2984,3291,3345,3519,3906,4103,4567,4604,4627,5140,5175,5223,5411,5605,5723,5748,5830,5841,5853,5854,5858,7463,7835,8095,8321,8625,8626,8627,8628,8629,8630,8631,8632,8633,8634,8635,8636,8637,8638,
990;0;5396;5569;0;233,288,359,395,396,434,528,677,715,815,898,1134,1287,1288,1293,1294,1322,1336,1444,1524,1778,1859,1919,1971,2063,2091,2239,2240,2241,2242,2337,2546,2553,2564,2602,2658,2677,2729,2774,2778,2900,2984,3291,3345,3519,3906,4103,4567,4604,4627,5140,5175,5223,5411,5605,5723,5748,5830,5841,5853,5854,5858,7463,7835,8095,8321,8625,8626,8627,8628,8629,8630,8631,8632,8633,8634,8635,8636,8637,8638,
919;0;5760;5924;0;145,233,288,290,359,395,396,429,434,528,677,715,815,824,898,1117,1134,1287,1288,1293,1294,1322,1336,1444,1524,1778,1859,1919,1971,2063,2091,2239,2240,2241,2242,2253,2322,2337,2546,2553,2564,2602,2645,2658,2677,2729,2774,2777,2778,2789,2816,2900,2984,3099,3111,3291,3345,3519,3906,4103,4397,4567,4604,4606,4627,4771,4855,5140,5175,5223,5411,5605,5723,7835,9121,9123,9124,9152,9153,9154,
1218;0;5924;6084;0;103,145,233,288,290,359,395,396,429,434,528,677,715,815,824,898,1051,1117,1134,1287,1288,1293,1294,1322,1336,1444,1524,1778,1859,1919,1971,2063,2091,2239,2240,2241,2242,2253,2546,2564,2602,2627,2645,2658,2677,2774,2777,2778,2816,2898,3043,3099,3291,3447,4103,4567,4604,4606,4627,5030,5411,5605,5609,5723,5897,6090,6783,7022,7419,7834,7835,8166,8170,8730,9083,9084,9085,9086,9087,9088,
1174;0;6084;6241;0;103,144,145,177,225,233,234,262,288,290,302,304,305,308,314,317,359,395,396,429,434,442,528,595,677,715,815,824,898,1051,1117,1134,1287,1288,1293,1294,1322,1336,1430,1444,1524,1676,1778,1859,1919,1932,1933,1971,2063,2091,2239,2240,2253,2546,2564,2602,2627,2645,2658,2677,2774,2777,2778,2816,3099,3291,3447,4103,4567,4604,4606,4627,5030,5411,5605,5723,6783,8166,8170,8730,
296;0;6241;6319;0;144,145,177,225,233,234,241,262,288,290,302,304,305,308,314,317,342,390,395,396,402,429,434,442,528,595,640,644,677,715,892,898,1051,1056,1057,1062,1117,1287,1288,1293,1294,1322,1444,1472,1474,1524,1676,1843,1932,1933,2091,2102,2103,2104,2105,2106,2107,2546,2564,2602,2627,2645,2658,2677,2774,2777,2778,2816,3291,3447,4567,4604,4606,4627,5411,5605,5723,6783,8166,8170,
296;1;6319;6393;0;24,27,38,61,72,144,145,177,189,225,233,234,241,262,280,288,290,302,304,305,308,314,317,390,395,396,429,434,442,491,528,595,640,644,677,715,892,898,1051,1057,1089,1117,1287,1288,1293,1294,1322,1444,1474,1676,1843,1932,1936,2091,2106,2546,2564,2602,2627,2645,2658,2774,2777,2778,2816,3291,3888,4567,4604,4606,4627,5056,5057,5058,5411,5605,5723,6783,8166,8170,
66;0;6393;6468;0;24,27,38,61,72,144,145,177,189,202,225,233,234,241,262,280,288,290,302,304,305,308,314,317,390,395,396,429,434,442,491,528,595,640,644,677,715,892,898,1051,1057,1089,1117,1287,1288,1293,1294,1322,1444,1474,1676,1843,1932,1936,2091,2106,2168,2546,2564,2602,2627,2645,2658,2774,2777,2778,2816,3291,3414,4567,4604,4606,4627,5411,5605,5723,6705,6783,8166,8170,
66;1;6468;6544;0;3,24,95,144,145,226,230,249,329,379,395,429,640,647,677,694,715,854,1060,1117,1118,1146,1147,1360,1361,1375,1428,1478,1481,1669,1675,1762,1814,1944,1973,2064,2224,2321,2467,2781,2891,2934,3037,3279,3284,3703,3744,3920,4217,4533,4545,4553,4841,4913,5185,5706,6977,7338,7575,7990,8354,8449,8551,8555,8557,8558,8559,8560,8561,8562,8563,8564,8565,8739,8740,8741,8742,8743,8744,8745,
218;0;6544;6576;0;3,24,95,144,145,226,230,249,329,379,395,429,640,647,677,694,715,854,1060,1117,1118,1146,1147,1360,1361,1375,1428,1478,1481,1669,1675,1762,1814,1944,1973,2064,2224,2321,2467,2781,2891,2934,3037,3279,3284,3703,3744,3920,4217,4533,4545,4553,4841,4913,5185,5706,6977,7338,7575,7990,8354,8449,8551,8555,8557,8558,8559,8560,8561,8562,8563,8564,8565,8739,8740,8741,8742,8743,8744,8745,
218;1;6576;6694;0;3,24,95,144,145,226,230,249,329,379,395,429,640,647,677,694,715,854,1060,1117,1118,1146,1147,1360,1361,1375,1428,1478,1481,1669,1675,1762,1814,1944,1973,2064,2224,2321,2467,2781,2891,2934,3037,3279,3284,3703,3744,3920,4217,4533,4545,4553,4841,4913,5185,5706,6977,7338,7575,7990,8354,8449,8551,8555,8557,8558,8559,8560,8561,8562,8563,8564,8565,8739,8740,8741,8742,8743,8744,8745,
916;0;6694;6843;0;3,24,95,144,145,226,230,249,329,379,395,429,640,647,677,694,715,854,1060,1117,1118,1146,1147,1360,1361,1375,1428,1478,1481,1669,1675,1762,1814,1944,1973,2064,2224,2321,2467,2781,2891,2934,3037,3279,3284,3703,3744,3920,4217,4533,4545,4553,4841,4913,5185,5706,6977,7338,7575,7990,8354,8449,8551,8555,8557,8558,8559,8560,8561,8562,8563,8564,8565,8739,8740,8741,8742,8743,8744,8745,
774;0;6843;6987;0;3,24,95,144,145,226,230,249,329,379,395,429,640,647,677,694,715,854,1060,1117,1118,1146,1147,1360,1361,1375,1428,1478,1481,1669,1675,1762,1814,1944,1973,2064,2224,2321,2467,2781,2891,2934,3037,3279,3284,3703,3744,3920,4217,4533,4545,4553,4841,4913,5185,5706,6977,7338,7575,7990,8354,8449,8551,8555,8557,8558,8559,8560,8561,8562,8563,8564,8565,8739,8740,8741,8742,8743,8744,8745,
1022;0;7200;7343;0;3,24,95,144,145,226,230,249,266,329,379,395,429,640,647,677,694,715,827,854,1060,1117,1118,1133,1146,1147,1360,1361,1375,1407,1428,1478,1481,1669,1675,1762,1814,1944,1973,2053,2054,2055,2056,2064,2224,2321,2467,2781,2891,2934,3037,3279,3284,3703,3744,3920,4217,4533,4545,4553,4841,4913,5185,5706,6977,7338,7575,7990,8354,8449,8551,8555,8557,8558,8559,8560,8561,8562,8563,8564,
1019;0;7343;7475;0;3,24,95,144,145,226,230,249,266,329,379,395,429,640,647,677,694,715,827,854,952,1060,1117,1118,1133,1146,1147,1360,1361,1375,1407,1428,1478,1481,1669,1675,1762,1814,1944,1973,2053,2054,2055,2056,2064,2224,2321,2467,2781,2891,2934,3037,3133,3279,3284,3633,3703,3744,3920,4217,4472,4533,4545,4553,4841,4913,5049,5185,5706,5731,5733,6977,7338,7575,7990,8354,8449,8551,8555,8559,
1101;0;7475;7604;0;3,24,28,95,144,145,152,226,230,249,266,329,364,379,395,412,429,476,640,647,677,694,715,722,827,854,952,1060,1117,1118,1133,1146,1147,1195,1360,1361,1375,1407,1428,1478,1481,1669,1675,1720,1762,1814,1944,1973,2034,2053,2054,2055,2056,2064,2195,2197,2224,2321,2467,2781,2891,2934,3037,3133,3279,3284,3703,4217,4472,4533,4545,4553,4913,5049,5707,5708,5709,5733,7575,8559,
175;0;7604;7671;0;3,24,28,95,100,144,145,152,226,230,249,266,289,291,329,364,379,395,412,429,640,647,666,677,694,715,765,836,854,1117,1118,1146,1147,1360,1361,1375,1428,1478,1481,1482,1483,1669,1814,1944,1973,2034,2052,2053,2106,2197,2224,2225,2318,2321,2461,2475,2626,2628,2661,2678,2679,2903,3037,3133,3284,3703,4217,4472,4533,4545,4553,4913,5049,5525,5722,5733,6022,6114,7575,8559,
175;1;7671;7731;0;3,24,62,95,100,144,145,152,186,188,189,226,289,291,329,364,379,395,412,429,490,640,647,666,677,715,765,854,872,1117,1118,1146,1147,1196,1360,1361,1375,1428,1478,1481,1605,1669,1814,1944,2052,2053,2106,2197,2224,2225,2318,2321,2475,2628,2661,2678,2679,2903,2936,3005,3037,3070,3284,3348,3361,3703,3877,4217,4472,4533,4545,4553,4913,5493,5494,5495,5525,5722,7575,8559,
7;0;7731;7828;0;3,24,62,95,100,144,145,152,186,188,189,226,289,291,329,364,379,395,412,429,490,640,647,666,677,715,765,854,872,1117,1118,1146,1147,1196,1266,1360,1361,1375,1428,1478,1481,1605,1669,1814,1944,2052,2053,2106,2197,2224,2225,2260,2318,2321,2410,2475,2628,2661,2678,2679,2794,2842,2903,2936,3037,3284,3348,3703,4217,4450,4472,4533,4545,4553,4913,5493,5525,5722,7575,8559,
7;1;7828;7856;0;3,24,49,95,100,144,145,152,188,189,226,289,291,329,364,379,395,412,429,516,529,640,647,666,677,715,765,854,872,1013,1091,1117,1118,1146,1147,1329,1360,1361,1375,1428,1478,1481,1669,1814,1944,2052,2053,2106,2197,2221,2224,2225,2318,2321,2407,2475,2628,2661,2678,2679,2842,2903,3037,3284,3348,3703,4217,4450,4472,4533,4545,4553,4647,4913,5493,5525,5722,6385,7575,8559,
870;0;7856;7977;0;55,137,139,144,145,274,275,329,379,395,565,640,647,769,816,843,854,861,863,891,948,951,1043,1072,1118,1147,1274,1293,1360,1610,1916,2090,2231,2338,2398,2536,2645,2680,2802,3037,3126,3281,3587,3588,3589,3590,3591,3592,3593,3594,3595,3596,3597,3870,4080,4327,4472,4553,4647,4747,4753,4829,4894,5053,5531,5757,6401,6783,7026,7837,7882,8165,8166,8167,8168,8169,8170,8171,8172,8173,
343;0;7977;8057;0;55,137,139,144,145,274,275,329,379,395,565,640,647,769,816,843,854,861,863,891,948,951,1043,1072,1118,1147,1274,1293,1360,1610,1916,2090,2231,2338,2398,2536,2645,2680,2802,3037,3126,3281,3587,3588,3589,3590,3591,3592,3593,3594,3595,3596,3597,3870,4080,4327,4472,4553,4647,4747,4753,4829,4894,5053,5531,5757,6401,6783,7026,7837,7882,8165,8166,8167,8168,8169,8170,8171,8172,8173,
343;1;8057;8096;0;55,137,139,144,145,274,275,329,379,395,565,640,647,769,816,843,854,861,863,891,948,951,1043,1072,1118,1147,1274,1293,1360,1610,1916,2090,2231,2338,2398,2536,2645,2680,2802,3037,3126,3281,3587,3588,3589,3590,3591,3592,3593,3594,3595,3596,3597,3870,4080,4327,4472,4553,4647,4747,4753,4829,4894,5053,5531,5757,6401,6783,7026,7837,7882,8165,8166,8167,8168,8169,8170,8171,8172,8173,
76;0;8096;8140;0;55,137,139,144,145,274,275,329,379,395,565,640,647,769,816,843,854,861,863,891,948,951,1043,1072,1118,1147,1274,1293,1360,1610,1916,2090,2231,2338,2398,2536,2645,2680,2802,3037,3126,3281,3587,3588,3589,3590,3591,3592,3593,3594,3595,3596,3597,3870,4080,4327,4472,4553,4647,4747,4753,4829,4894,5053,5531,5757,6401,6783,7026,7837,7882,8165,8166,8167,8168,8169,8170,8171,8172,8173,
76;1;8140;8214;0;55,137,139,144,145,274,275,329,379,395,565,640,647,769,816,843,854,861,863,891,948,951,1043,1072,1118,1147,1274,1293,1360,1610,1916,2090,2231,2338,2398,2536,2645,2680,2802,3037,3126,3281,3587,3588,3589,3590,3591,3592,3593,3594,3595,3596,3597,3870,4080,4327,4472,4553,4647,4747,4753,4829,4894,5053,5531,5757,6401,6783,7026,7837,7882,8165,8166,8167,8168,8169,8170,8171,8172,8173,
251;0;8640;8717;0;55,137,139,144,145,262,274,275,329,379,395,396,565,640,644,647,769,816,831,843,854,855,861,863,891,898,946,948,951,1043,1072,1118,1147,1274,1293,1360,1569,1610,1764,1916,2090,2231,2338,2398,2468,2536,2645,2680,2802,3037,3126,3281,3291,3587,3588,3589,3590,3591,3592,3593,3594,3595,3596,3597,3870,4080,4327,4472,4553,4647,4747,4753,4829,4894,5053,5331,5531,5757,8165,8166,
251;1;8717;8747;0;55,137,139,144,145,198,205,262,274,275,329,379,395,396,504,565,640,644,647,769,816,831,843,854,855,861,863,891,898,946,948,951,995,1043,1063,1072,1118,1147,1261,1274,1293,1360,1569,1582,1610,1764,1868,1916,2090,2231,2338,2398,2468,2536,2645,2680,2802,3037,3126,3281,3291,3403,3587,3588,3589,3590,3591,3592,3593,3615,3694,3870,4327,4472,4553,4647,4648,4649,8165,8166,
313;0;8747;8773;0;55,137,139,144,145,198,205,262,274,275,329,379,395,396,397,504,565,640,644,647,769,816,831,834,843,854,855,861,863,891,898,946,948,951,995,1043,1063,1072,1118,1147,1261,1274,1293,1360,1569,1582,1610,1764,1868,1916,2090,2231,2338,2398,2468,2536,2645,2680,2802,3037,3126,3281,3291,3403,3587,3588,3589,3590,3591,3592,3593,3745,3870,4327,4472,4553,8165,8166,9000,9010,
313;1;8773;8853;0;55,137,139,144,145,198,205,262,274,275,329,379,395,396,397,504,518,565,640,644,647,769,816,831,834,843,854,855,861,863,891,898,946,948,951,995,1043,1063,1072,1118,1147,1261,1274,1293,1360,1569,1582,1610,1764,1868,1916,2090,2168,2231,2338,2398,2468,2536,2645,2680,2802,3037,3126,3281,3291,3403,3414,3587,3588,3589,3590,3591,3870,4327,4472,4553,6705,8165,8166,9000,
112;0;8853;8906;0;55,137,139,144,145,198,205,262,274,275,329,379,395,396,397,504,518,532,565,640,644,647,769,816,831,834,843,854,855,861,863,891,898,946,948,951,995,1043,1063,1072,1118,1147,1261,1274,1293,1360,1569,1582,1610,1764,1868,1916,2090,2168,2231,2338,2398,2468,2536,2645,2680,2802,2868,3037,3126,3281,3291,3403,3414,3587,3588,3589,3691,3870,4327,4472,4553,8165,8166,9000,
112;1;8906;8958;0;55,137,139,144,145,198,205,225,262,274,275,314,329,379,395,396,397,504,518,532,565,640,644,647,769,816,831,834,843,854,855,861,863,891,898,946,948,951,995,1043,1063,1072,1095,1118,1147,1178,1274,1293,1354,1360,1476,1480,1582,1764,1920,2231,2338,2468,2536,2645,2802,3034,3037,3126,3414,3630,3691,3715,3870,4327,4407,4472,4553,4675,5135,5206,5207,8165,8166,9000,
319;0;8958;9048;0;55,137,139,143,144,145,198,205,225,245,262,274,275,314,329,379,395,396,397,504,518,532,565,591,640,644,645,647,769,816,831,834,843,854,855,861,863,891,898,946,948,951,995,1043,1057,1063,1118,1147,1274,1293,1476,1480,1582,1764,1920,2052,2128,2231,2338,2468,2536,2645,2802,3034,3037,3045,3126,3414,3691,3715,3870,4327,4472,4553,5206,5741,5749,8165,8166,9000,
319;1;9048;9056;0;55,137,139,143,144,145,198,205,210,225,245,262,274,275,314,329,379,395,396,397,504,518,532,591,640,644,647,769,834,843,854,855,891,898,948,978,995,1057,1063,1118,1147,1273,1274,1293,1476,1480,1582,1764,1920,2052,2128,2172,2231,2233,2338,2468,2536,2645,2802,2829,2941,2968,3034,3037,3126,3414,3613,3691,3715,3870,4263,4265,4268,4269,4327,4553,5206,8165,8166,9000,
1036;0;9056;9152;0;55,86,137,139,143,144,145,198,205,210,225,245,262,274,275,314,329,379,395,396,397,504,518,532,591,640,644,647,769,834,843,854,855,891,898,948,978,995,1057,1063,1118,1147,1273,1274,1293,1476,1480,1582,1764,1920,2052,2128,2172,2231,2233,2338,2468,2536,2645,2802,2829,2941,2968,3034,3037,3126,3414,3613,3691,3715,3870,4263,4265,4268,4327,4553,5206,8165,8166,9000,
821;0;9152;9246;0;55,86,137,139,143,144,145,205,225,245,248,250,262,274,275,314,329,379,395,396,397,504,518,591,640,644,647,769,834,843,854,855,891,898,948,995,1057,1063,1118,1147,1274,1280,1293,1476,1480,1582,1764,1920,2052,2128,2233,2338,2419,2468,2536,2645,2802,2941,3034,3037,3126,3269,3414,3598,3691,3715,3797,3870,4327,4439,4459,4460,4461,4462,4463,4553,5206,8165,8166,9000,
941;0;9246;9335;0;55,86,137,139,143,144,145,205,225,245,248,262,274,275,314,329,379,395,396,397,504,518,591,640,644,647,769,834,843,854,855,891,898,948,1057,1118,1147,1201,1280,1293,1476,1480,1582,1764,1920,2052,2128,2233,2338,2468,2536,2645,2778,2802,2941,3034,3037,3126,3414,3691,3715,3797,3870,4327,4553,4603,4604,4612,4613,5206,5305,5873,6749,8070,8071,8072,8073,8165,8166,9000,
788;0;9335;9419;0;4,5,137,139,143,144,146,152,175,189,197,288,292,321,390,391,395,429,504,551,647,704,729,854,855,875,948,1051,1057,1146,1147,1231,1280,1291,1293,1341,1359,1361,1375,1401,1477,1488,1582,2109,2148,2174,2233,2258,2321,2821,2824,2856,2873,2892,2941,2988,3034,3121,3409,3802,3829,4060,4093,4217,4866,4868,4869,5779,6169,6181,8559,9020,9021,9022,9023,9030,9034,9165,9166,9167,
1018;0;9419;9502;0;4,5,137,139,143,144,146,152,175,189,197,288,292,321,390,391,395,429,504,551,647,704,729,854,855,875,948,1051,1057,1146,1147,1231,1280,1291,1293,1341,1359,1361,1375,1401,1477,1488,1582,2109,2148,2174,2233,2258,2321,2821,2824,2856,2873,2892,2941,2988,3034,3121,3409,3802,3829,4060,4093,4217,4866,4868,4869,5779,6169,6181,8559,9020,9021,9022,9023,9030,9034,9165,9166,9167,
923;0;9502;9582;0;4,5,137,139,143,144,146,152,175,189,197,288,292,321,390,391,395,429,504,551,647,704,729,854,855,875,948,1051,1057,1146,1147,1231,1280,1291,1293,1341,1359,1361,1375,1401,1477,1488,1582,2109,2148,2174,2233,2258,2321,2821,2824,2856,2873,2892,2941,2988,3034,3121,3409,3802,3829,4060,4093,4217,4866,4868,4869,5779,6169,6181,8559,9020,9021,9022,9023,9030,9034,9165,9166,9167,
323;0;9582;9602;0;4,5,137,139,143,144,146,152,175,189,197,288,292,321,390,391,395,429,504,551,647,704,729,854,855,875,948,1051,1057,1146,1147,1231,1280,1291,1293,1341,1359,1361,1375,1401,1477,1488,1582,2109,2148,2174,2233,2258,2321,2821,2824,2856,2873,2892,2941,2988,3034,3121,3409,3802,3829,4060,4093,4217,4866,4868,4869,5779,6169,6181,8559,9020,9021,9022,9023,9030,9034,9165,9166,9167,
323;1;9602;9661;0;4,5,137,139,143,144,146,152,175,189,197,288,292,321,390,391,395,429,504,551,647,704,729,854,855,875,948,1051,1057,1146,1147,1231,1280,1291,1293,1341,1359,1361,1375,1401,1477,1488,1582,2109,2148,2174,2233,2258,2321,2821,2824,2856,2873,2892,2941,2988,3034,3121,3409,3802,3829,4060,4093,4217,4866,4868,4869,5779,6169,6181,8559,9020,9021,9022,9023,9030,9034,9165,9166,9167,
866;0;10080;10154;0;4,5,89,137,139,143,144,146,152,175,189,197,288,289,292,304,321,390,391,395,429,504,551,647,666,704,729,854,855,875,945,948,1051,1057,1146,1147,1231,1280,1291,1293,1341,1359,1361,1375,1401,1444,1477,1488,1582,2109,2148,2174,2233,2258,2321,2509,2534,2627,2816,2821,2824,2856,2873,2892,2941,2951,2985,2987,2988,2990,2991,2992,2993,2994,2995,2996,2997,3034,4093,4217,
109;0;10154;10160;0;4,5,89,137,139,143,144,146,152,175,189,288,289,292,321,390,391,395,429,504,551,647,666,704,729,854,855,875,948,1051,1057,1146,1147,1280,1291,1293,1359,1361,1375,1477,1488,1582,2109,2321,2509,2627,2816,2873,2941,2951,2985,2987,2988,2990,4093,4217,6357,6360,6586,6882,7045,7138,7286,7484,7492,7496,7503,7507,7521,7522,7523,7524,7525,7527,7529,7530,7531,7532,7533,7534,
109;1;10160;10223;0;4,5,89,137,139,143,144,146,152,175,189,288,289,292,321,390,391,395,429,504,551,647,666,704,729,854,855,875,948,1051,1057,1146,1147,1280,1291,1293,1359,1361,1375,1477,1488,1582,2109,2321,2509,2627,2816,2873,2941,2951,2985,2987,2988,2990,4093,4217,6134,6136,6357,6360,6586,6882,7045,7138,7286,7484,7492,7496,7503,7507,7521,7522,7523,7524,7525,7527,7529,7530,7531,7532,
299;0;10223;10259;0;4,5,26,89,137,139,144,146,189,255,288,289,292,321,390,391,395,429,504,528,647,666,704,729,854,855,875,948,1051,1057,1146,1147,1269,1275,1277,1279,1280,1287,1291,1293,1295,1322,1359,1361,1375,1390,1477,1488,1582,1893,2109,2261,2321,2509,2577,2627,2795,2816,2842,2873,2941,2951,3413,3831,3869,3986,4007,4021,4217,6360,6957,6958,6959,6960,6961,6962,6963,6964,6965,6966,
299;1;10259;10285;0;4,5,26,89,137,139,144,146,189,255,288,289,292,321,390,391,395,429,504,528,647,666,704,729,854,855,875,948,1051,1057,1146,1147,1269,1275,1277,1279,1280,1287,1291,1293,1295,1322,1359,1361,1375,1390,1477,1488,1582,1893,2109,2261,2321,2509,2577,2627,2795,2816,2842,2873,2941,2951,3413,3831,3869,3986,4007,4021,4217,6145,6360,6957,6965,7953,7954,8229,8277,8285,8589,8592,
948;0;10285;10346;0;3,4,5,26,89,137,139,144,146,189,255,288,289,292,298,321,390,391,395,429,504,528,647,666,704,729,854,855,875,948,1051,1057,1146,1147,1269,1275,1277,1279,1280,1287,1291,1293,1295,1322,1359,1361,1375,1390,1477,1488,1582,1893,2109,2261,2321,2509,2577,2627,2795,2816,2842,2873,2941,2951,3413,3831,3869,3986,4007,4021,4217,4552,4632,4650,6360,6965,7713,7716,7720,7721,
160;0;10346;10354;0;3,4,5,24,26,89,126,137,139,144,146,189,208,288,289,292,321,390,391,395,427,429,480,499,504,528,547,578,647,666,704,729,854,855,875,948,964,1051,1057,1146,1147,1269,1277,1280,1287,1291,1293,1295,1322,1359,1361,1375,1390,1477,1488,1582,1587,1701,1936,2069,2109,2306,2321,2509,2627,2816,2873,2951,3395,4217,4552,4632,4650,6360,6965,7713,7716,7720,7721,7980,
160;1;10354;10403;0;3,4,5,24,26,89,126,137,139,144,146,189,208,288,289,292,321,390,391,395,427,429,480,499,504,528,547,578,647,666,704,729,854,855,875,948,964,1051,1057,1146,1147,1269,1277,1280,1287,1291,1293,1295,1322,1359,1361,1375,1390,1477,1488,1582,1587,2109,2306,2321,2509,2627,2816,2873,2951,3606,3703,4217,4552,4632,4650,4952,5606,5607,6360,6965,7713,7716,7720,7721,
1207;0;10403;10451;0;3,4,5,24,26,89,126,137,139,144,146,189,208,288,289,292,321,390,391,395,427,429,480,499,504,528,547,578,647,666,704,729,854,855,875,948,964,1051,1057,1146,1147,1269,1277,1280,1287,1291,1293,1295,1322,1359,1361,1375,1390,1477,1488,1582,1587,2109,2306,2321,2509,2627,2816,2873,2951,3606,3703,4217,4552,4632,4650,4952,5606,6360,6965,7713,7716,7720,7721,7899,
195;0;10451;10463;0;3,4,5,24,26,89,126,137,139,144,146,189,208,288,289,292,321,390,391,395,427,429,480,499,504,528,547,578,647,666,704,729,854,855,875,948,964,1051,1057,1146,1147,1269,1277,1280,1287,1291,1293,1295,1322,1359,1361,1375,1390,1477,1488,1582,1587,2109,2306,2321,2509,2627,2816,2873,2951,3606,3703,4217,4552,4632,4650,4952,5606,6360,6965,7713,7716,7720,7721,9158,
195;1;10463;10497;0;3,4,5,7,8,24,26,89,95,137,139,144,146,189,208,288,289,292,321,390,391,392,394,395,398,429,480,528,578,647,666,704,729,854,855,875,948,1049,1050,1051,1052,1053,1054,1057,1058,1059,1146,1147,1269,1277,1280,1287,1291,1293,1295,1322,1359,1361,1390,1477,1488,1582,1587,2109,2306,2321,2627,2816,2873,2951,3703,4217,4552,4632,4650,6360,7713,7716,7720,7721,
1067;0;10497;10539;0;3,4,5,7,8,24,27,89,95,137,139,144,146,189,208,288,289,292,321,390,391,395,398,429,458,528,578,647,729,854,855,875,948,1052,1146,1147,1269,1277,1291,1293,1359,1361,1477,1488,1577,1582,1781,1782,2109,2268,2306,2321,2627,2816,2836,2873,2951,3056,3057,3058,3059,3060,3061,3062,3063,3064,3065,3066,3067,3068,3703,4217,4552,4632,4650,6360,7713,7716,7720,7721,
1215;0;10539;10578;0;3,4,5,7,8,24,27,76,89,95,137,139,144,146,189,208,288,289,292,321,390,391,395,398,429,458,528,578,647,729,854,855,875,948,1052,1146,1147,1269,1277,1291,1293,1359,1361,1477,1488,1577,1582,1781,1782,2109,2268,2306,2321,2627,2816,2836,2873,2951,3056,3057,3058,3059,3060,3061,3062,3063,3064,3065,3066,3703,4217,4287,4552,4632,4650,6360,7713,7716,7720,7721,
889;0;10578;10615;0;3,4,5,7,8,24,27,89,95,136,137,139,144,145,146,149,189,208,241,262,269,277,288,289,292,321,390,391,395,398,429,528,578,647,729,854,855,948,1052,1093,1146,1147,1269,1277,1291,1293,1359,1361,1477,1478,1488,1781,1782,1920,1922,2053,2109,2224,2306,2321,2627,2816,2836,2873,2951,3060,3278,3703,4217,4552,4553,4632,4650,6360,6645,6971,7713,7716,7720,7721,
996;0;10615;10649;0;3,4,5,7,8,24,27,89,95,136,137,139,144,145,146,149,189,208,241,262,269,277,288,289,292,321,390,391,395,398,429,528,578,647,729,854,855,904,948,1052,1093,1146,1147,1236,1269,1277,1291,1293,1359,1361,1477,1478,1488,1781,1782,1920,1922,2053,2109,2306,2321,2627,2816,2873,2951,3060,3278,3703,4217,4552,4553,4632,4650,5225,6039,6360,7713,7716,7720,7721,
912;0;10649;10683;0;3,4,5,7,8,24,27,95,136,137,139,144,145,149,180,208,262,269,277,288,289,292,302,303,305,307,311,312,321,379,380,381,384,385,390,391,395,398,429,578,592,593,594,647,729,854,855,904,948,1093,1130,1146,1147,1236,1277,1293,1428,1477,1478,1488,1781,1845,1920,2053,2109,2321,2627,2816,2951,3278,4217,4552,4553,4632,4650,6360,7713,7716,7720,7721,
1053;0;10683;10716;0;3,4,5,7,8,24,27,60,95,136,137,139,144,145,149,180,208,262,269,277,288,289,292,302,303,305,307,311,312,321,379,380,381,384,385,390,391,395,398,429,578,592,593,594,647,729,854,855,904,948,1093,1146,1147,1236,1277,1293,1428,1477,1478,1488,1781,1920,2053,2109,2321,2627,2816,2951,3278,4217,4450,4552,4553,4632,4650,6360,7713,7716,7720,7721,
801;0;10716;10741;0;3,4,5,7,8,24,27,60,95,136,137,139,144,145,149,180,208,262,269,277,288,289,292,302,303,305,307,311,312,321,379,380,381,384,385,390,391,395,398,429,578,592,593,594,647,729,854,855,904,948,1093,1146,1147,1236,1293,1363,1428,1477,1478,1488,1781,1834,1920,2053,2109,2321,2627,2816,2951,3278,4217,4552,4553,4632,4650,6360,7713,7716,7720,7721,
1182;0;10741;10762;0;3,24,136,139,144,225,226,262,269,270,277,288,329,398,400,404,429,436,640,838,948,1118,1126,1424,1470,1476,1477,1478,1486,1609,1661,1668,1679,1809,1920,2053,2109,2114,2118,2120,2123,2124,2125,2128,2129,2130,2132,2134,2135,2140,2142,2143,2321,2627,2854,2855,2953,4511,4533,4534,4536,4543,4545,4546,4551,4553,4554,4555,4575,4632,4656,4676,4677,4678,4679,4680,4681,4682,4683,6360,
861;0;10762;10781;0;3,24,136,139,144,225,226,231,234,262,269,270,277,288,329,398,400,404,429,436,640,838,948,1071,1118,1126,1424,1470,1474,1476,1477,1478,1486,1609,1661,1668,1679,1809,1920,2053,2109,2114,2118,2120,2123,2124,2125,2128,2129,2130,2132,2134,2135,2140,2142,2143,2321,2627,2649,2854,2855,2953,4470,4511,4533,4534,4536,4543,4545,4546,4551,4553,4554,4555,4575,4632,4656,6196,6197,6360,
1044;0;10781;10793;0;3,24,136,139,144,225,226,231,234,262,269,270,277,288,329,398,400,404,429,436,640,838,948,1071,1118,1126,1424,1470,1474,1476,1477,1478,1486,1609,1661,1668,1679,1809,1920,2053,2109,2114,2118,2120,2123,2124,2125,2128,2129,2130,2132,2134,2135,2140,2142,2143,2321,2627,2649,2854,2855,2953,4470,4473,4511,4533,4534,4536,4543,4545,4546,4551,4553,4554,4632,5685,6129,6360,6386,6387,
1209;0;10793;10804;0;3,24,25,34,36,37,44,52,54,139,144,225,226,231,234,244,262,270,277,288,329,397,398,400,404,422,429,640,677,838,948,1118,1201,1474,1476,1477,1478,1668,1809,2091,2106,2109,2128,2134,2405,2493,2546,2627,2645,2658,2695,2774,2775,2777,2778,2816,3263,3553,4567,4619,4627,4632,4652,4740,5411,5537,5603,5604,5605,6129,6360,6486,7510,8219,8373,8374,8375,8376,8377,8378,
915;0;10804;10808;0;3,24,25,34,36,37,44,52,54,139,144,225,226,231,234,244,262,270,277,288,329,397,398,400,404,422,429,640,677,838,948,1118,1201,1474,1476,1477,1478,1668,1809,2091,2106,2109,2128,2134,2405,2493,2546,2627,2645,2658,2695,2774,2775,2777,2778,2816,3263,3553,4567,4619,4627,4632,4652,4740,5411,5537,5603,5604,5605,6129,6360,6486,7510,8219,8373,8374,8375,8376,8377,8378,
1004;0;10808;10863;1;3,24,25,34,36,37,44,52,54,139,144,225,226,231,234,244,262,270,277,288,329,397,398,400,404,422,429,640,677,838,948,1118,1201,1474,1476,1477,1478,1668,1809,2091,2106,2109,2128,2134,2405,2493,2546,2627,2645,2658,2695,2774,2775,2777,2778,2816,3263,3553,4567,4619,4627,4632,4652,4740,5411,5537,5603,5604,5605,6129,6360,6486,7510,8219,8373,8374,8375,8376,8377,8378,
962;0;10863;10923;1;3,24,25,34,36,37,44,52,54,139,144,225,226,231,234,244,262,270,277,288,329,397,398,400,404,422,429,640,677,838,948,1118,1201,1474,1476,1477,1478,1668,1809,2091,2106,2109,2128,2134,2405,2493,2546,2627,2645,2658,2695,2774,2775,2777,2778,2816,3263,3553,4567,4619,4627,4632,4652,4740,5411,5537,5603,5604,5605,6129,6360,6486,7510,8219,8373,8374,8375,8376,8377,8378,
983;0;11520;11584;1;3,24,34,37,44,137,139,144,145,225,226,231,234,244,262,270,277,288,290,291,329,377,397,398,400,404,429,640,677,838,839,901,948,949,1118,1170,1201,1474,1476,1477,1478,1668,1809,1884,2091,2109,2128,2134,2493,2504,2627,2645,2658,2695,2774,2775,2777,2778,2779,2816,3263,3435,4604,4605,4606,4627,4632,4740,5894,5895,5898,5899,5901,6126,6127,6128,6129,6361,6362,6363,
836;0;11584;11650;1;3,24,34,37,137,139,144,145,177,225,226,231,244,262,270,273,277,288,290,291,302,305,310,314,317,329,377,397,400,404,429,442,677,839,901,948,1118,1121,1132,1170,1201,1474,1476,1477,1478,1676,1809,1884,1932,2091,2109,2134,2504,2627,2645,2695,2774,2775,2777,2778,2779,3263,3389,3435,4604,4605,4606,4627,4632,5894,5895,5898,5899,5901,6126,6128,6129,6361,6362,6363,
1117;0;11650;11717;1;3,24,34,37,137,139,144,145,177,225,226,231,244,262,270,273,277,288,290,291,302,305,310,314,317,329,377,397,400,404,429,442,677,839,901,948,1118,1121,1132,1170,1201,1474,1476,1477,1478,1521,1676,1809,1884,1932,2091,2109,2134,2504,2627,2645,2695,2774,2775,2777,2778,2779,3263,3435,4604,4605,4606,4627,4632,5894,5895,5898,5899,5901,6126,6128,6129,6361,6362,6363,
839;0;11717;11790;1;3,24,34,37,137,139,144,145,177,225,226,231,244,262,270,273,277,288,290,291,302,305,310,314,329,377,397,400,404,429,442,647,677,693,839,901,948,1118,1170,1201,1474,1476,1477,1478,1676,1809,1884,2091,2109,2134,2504,2627,2645,2695,2774,2775,2777,2778,2779,3037,3263,3435,4033,4604,4605,4606,4627,4632,5379,5894,5895,5898,5899,5901,6126,6128,6129,6361,6362,6363,
1079;0;11790;11863;1;3,24,34,37,137,139,144,145,177,225,226,231,244,262,270,273,277,288,290,291,302,305,310,314,329,377,397,400,404,429,442,647,677,693,839,901,948,1117,1118,1170,1201,1474,1476,1477,1478,1676,1809,1884,2091,2109,2134,2504,2627,2645,2695,2774,2775,2777,2778,2779,3037,3263,3435,4033,4604,4605,4606,4627,4632,5894,5895,5898,5899,5901,6126,6128,6129,6361,6362,6363,
154;0;11863;11883;1;3,24,34,37,137,139,144,145,177,225,226,231,262,270,273,277,288,290,291,302,305,329,377,397,429,442,580,637,647,677,839,901,1118,1170,1201,1297,1474,1476,1477,1478,1695,1809,1884,2091,2109,2134,2171,2263,2273,2350,2351,2352,2504,2627,2645,2695,2774,2775,2777,2778,2779,3263,3435,4033,4604,4605,4606,4627,4632,5894,5895,5898,5899,5901,6126,6128,6129,6361,6362,6363,
154;1;11883;11939;1;3,34,37,60,137,139,144,145,177,206,208,225,226,231,262,270,273,277,288,290,291,302,305,329,377,397,429,442,502,569,647,677,729,839,901,1118,1170,1288,1293,1476,1477,1478,1809,1884,1895,1989,2091,2109,2134,2504,2627,2645,2695,2774,2775,2777,2778,2779,3263,3435,3870,4033,4192,4604,4605,4606,4627,4632,5894,5895,5898,5899,5901,6126,6128,6129,6361,6362,6363,6766,
1050;0;11939;12015;1;144,177,262,267,272,273,287,288,289,290,291,295,302,303,305,306,308,313,395,434,442,595,890,891,892,893,894,895,896,897,898,899,900,901,902,903,904,905,906,907,908,909,910,911,912,913,915,916,917,918,919,920,921,922,923,924,925,926,927,928,929,930,931,932,933,934,935,936,937,938,939,940,941,942,943,3616,3617,3618,3619,3620,
1102;0;12015;12093;1;144,177,262,267,272,273,287,288,289,290,291,295,302,303,305,306,308,313,390,395,434,440,442,595,890,891,892,893,894,895,896,897,898,899,900,901,902,903,904,905,906,907,908,909,910,911,912,913,915,916,917,918,919,920,921,922,923,924,925,926,927,928,929,930,931,932,933,934,935,936,937,938,939,1147,3284,3285,3286,3287,3288,3618,
812;0;12093;12176;1;79,144,177,262,267,272,273,287,288,289,290,291,295,302,303,305,306,308,313,390,395,434,440,442,448,578,595,730,890,891,892,893,894,895,896,897,898,899,900,901,902,903,904,905,906,907,908,909,910,911,912,913,915,916,917,918,919,920,921,922,923,924,925,926,927,928,929,930,938,1147,1158,2028,2517,3284,3286,3618,3929,3930,3931,3932,
1055;0;12176;12264;1;1,3,15,27,79,137,144,149,150,178,187,188,226,262,270,277,288,289,291,329,390,391,396,412,509,567,607,901,911,912,1027,1069,1093,1145,1146,1204,1214,1473,1475,1476,1477,1530,1667,1803,1825,1941,1942,1943,1944,1945,2109,2134,2315,2451,3108,3278,3284,3313,3314,3618,4033,4535,4857,4891,4902,4925,4926,4927,4928,4929,4930,4931,4932,4933,4934,4935,4936,4937,4938,4939,
1175;0;12264;12356;1;1,3,15,27,79,137,144,149,150,178,187,188,226,262,270,277,288,289,291,329,390,391,396,412,509,567,607,901,911,912,1027,1069,1093,1145,1146,1204,1214,1473,1475,1476,1477,1530,1667,1803,1825,1941,1942,1943,1944,1945,2109,2134,2315,2451,3108,3278,3284,3313,3314,3618,4033,4535,4857,4891,4902,4925,4926,4927,4928,4929,4930,4931,4932,4933,4934,4935,4936,4937,4938,4939,
1202;0;12356;12453;1;1,3,15,27,79,137,144,149,150,178,187,188,226,262,270,277,288,289,291,329,390,391,396,412,509,567,607,901,911,912,1027,1069,1093,1145,1146,1204,1214,1473,1475,1476,1477,1530,1667,1803,1825,1941,1942,1943,1944,1945,2109,2134,2315,2451,3108,3278,3284,3313,3314,3618,4033,4535,4857,4891,4902,4925,4926,4927,4928,4929,4930,4931,4932,4933,4934,4935,4936,4937,4938,4939,
223;0;12960;12982;1;1,3,15,27,79,137,144,149,150,178,187,188,226,233,262,270,274,277,288,289,291,329,390,391,396,412,509,567,607,901,911,912,1027,1069,1093,1145,1146,1204,1214,1473,1475,1476,1477,1530,1667,1803,1825,1941,1942,1943,1944,1945,2109,2134,2315,2451,2645,2774,2775,2903,3108,3278,3284,3313,3314,3618,4033,4535,4604,4628,4857,4891,4902,4925,4926,4927,4928,4929,4937,5432,
223;1;12982;13060;1;1,3,15,27,79,137,139,144,149,178,187,262,274,276,277,288,289,291,321,329,390,391,396,509,647,769,854,855,901,911,912,1027,1093,1118,1145,1146,1236,1476,1481,1488,1809,2315,2492,2532,2645,2695,2774,2775,2783,3284,3314,3618,4033,4535,4552,4604,4632,4650,4937,5259,5432,5698,5700,7711,7712,7713,7714,7715,7716,7717,7718,7719,7720,7721,7722,7723,7724,7725,7726,7727,
816;0;13060;13161;1;1,3,15,27,79,137,139,144,149,178,187,262,274,276,277,288,289,291,321,329,390,391,396,509,647,769,854,855,901,911,912,1027,1093,1118,1145,1146,1236,1268,1293,1294,1476,1481,1488,1781,1809,2315,2492,2532,2645,2695,2774,2775,2783,3284,3314,3618,3721,3797,3859,4033,4217,4330,4353,4535,4552,4604,4632,4650,4937,5259,5416,5432,5698,5700,7711,7712,7713,7714,7715,7716,
1001;0;13161;13264;1;1,3,15,18,19,21,27,34,37,55,79,137,139,144,149,178,187,212,262,274,276,277,288,289,291,321,329,390,391,396,509,647,769,854,855,901,911,912,1027,1093,1118,1145,1146,1236,1268,1293,1294,1313,1476,1481,1488,1781,1809,2197,2315,2492,2532,2645,2695,2774,2775,2783,3284,3314,3618,3721,3797,3859,4033,4353,4535,4552,4604,4650,4937,5432,5471,5846,6244,7658,
882;0;13264;13374;1;1,2,3,4,5,6,7,8,9,10,11,12,13,15,18,19,21,27,34,37,55,79,137,139,144,149,178,187,212,262,274,276,277,288,289,291,321,329,390,391,396,509,647,769,854,855,901,911,912,1027,1093,1118,1145,1146,1236,1268,1293,1294,1476,1481,1488,1781,1809,2197,2315,2645,2774,2775,3284,3314,3618,3721,4033,4353,4535,4552,4604,4650,4937,5432,
238;0;13374;13443;1;1,2,3,4,7,9,10,15,18,27,34,37,55,79,110,137,139,144,149,178,187,262,274,276,277,288,289,291,321,329,390,391,396,509,647,769,854,855,901,911,1027,1031,1093,1118,1145,1146,1217,1225,1240,1268,1281,1293,1476,1481,1488,1507,1508,1509,1510,1511,1781,1809,2156,2197,2315,2645,2774,2775,3284,3314,3618,3721,4033,4353,4535,4552,4604,4650,4937,5432,
238;1;13443;13487;1;3,7,9,10,15,18,27,34,37,55,79,137,139,144,149,187,262,274,276,277,288,289,291,321,329,390,391,396,647,677,715,765,769,854,855,901,911,1027,1093,1118,1145,1146,1268,1293,1476,1481,1488,1781,1809,2197,2315,2475,2628,2645,2661,2774,2775,3284,3314,3618,3721,4033,4353,4552,4604,4650,4802,4937,5432,5525,5722,5869,6352,7254,7255,7256,7257,7258,7259,7260,
381;0;13487;13517;1;27,117,137,139,144,145,149,231,262,276,277,288,291,292,321,329,377,390,397,429,647,677,715,765,839,854,901,1027,1118,1146,1170,1308,1476,1481,1809,1884,1915,2091,2504,2573,2628,2645,2661,2774,2775,2778,2779,3263,3284,3435,3618,4604,4605,4606,4612,4721,4759,4761,5492,5525,5665,5869,5890,5891,5892,5894,5895,5898,5899,5901,6126,6128,6129,6361,6362,6363,6364,6365,6366,6367,
381;1;13517;13601;1;27,117,137,139,144,145,149,231,262,276,277,288,291,292,321,329,377,390,397,429,647,677,715,765,839,854,901,1027,1118,1146,1170,1308,1476,1481,1707,1809,1884,1915,2091,2504,2540,2573,2628,2645,2661,2774,2775,2778,2779,3263,3284,3346,3414,3435,3618,4604,4605,4606,4612,4721,4759,4761,5492,5525,5665,5869,5890,5891,5892,5894,5895,5898,5899,5901,6126,6128,6129,6361,6362,6363,
855;0;13601;13716;1;27,95,100,137,139,144,225,231,251,276,277,288,291,292,321,329,364,377,428,429,540,677,715,765,833,947,1027,1118,1450,1476,1478,1481,1484,1809,1915,2052,2091,2225,2318,2412,2536,2564,2602,2628,2645,2661,2663,2678,2774,2775,2778,2951,2962,3263,3284,3527,3529,3531,3618,4247,4327,4604,4605,4606,4948,4949,5458,5525,5530,5532,5534,5723,5865,5866,5867,5868,5869,5870,5871,6129,
31;0;13716;13762;1;27,95,100,137,139,144,225,231,251,276,277,288,291,292,321,329,364,377,428,429,540,677,715,765,833,947,1027,1118,1450,1476,1478,1481,1484,1809,1915,2052,2091,2225,2318,2412,2536,2564,2602,2628,2645,2661,2663,2678,2774,2775,2778,2951,2962,3263,3284,3527,3529,3531,3618,4247,4327,4604,4605,4606,4948,4949,5458,5525,5530,5532,5534,5723,5865,5866,5867,5868,5869,5870,5871,6129,
31;1;13762;13839;1;27,95,100,137,139,144,225,231,251,276,277,288,291,292,321,329,364,377,428,429,540,677,715,765,833,947,1027,1118,1450,1476,1478,1481,1484,1809,1915,2052,2091,2225,2318,2412,2536,2564,2602,2628,2645,2661,2663,2678,2774,2775,2778,2951,2962,3263,3284,3527,3529,3531,3618,4247,4327,4604,4605,4606,4948,4949,5458,5525,5530,5532,5534,5723,5865,5866,5867,5868,5869,5870,5871,6129,
1190;0;13839;13969;1;27,95,100,137,139,144,225,231,251,276,277,288,291,292,321,329,364,377,428,429,540,677,715,765,833,947,1027,1118,1450,1476,1478,1481,1484,1809,1915,2052,2091,2225,2318,2412,2536,2564,2602,2628,2645,2661,2663,2678,2774,2775,2778,2951,2962,3263,3284,3527,3529,3531,3618,4247,4327,4604,4605,4606,4948,4949,5458,5525,5530,5532,5534,5723,5865,5866,5867,5868,5869,5870,5871,6129,
965;0;13969;14099;1;27,95,100,137,139,144,225,231,251,276,277,288,291,292,321,329,364,377,428,429,540,677,715,765,833,947,1027,1118,1450,1476,1478,1481,1484,1809,1915,2052,2091,2225,2318,2412,2536,2564,2602,2628,2645,2661,2663,2678,2774,2775,2778,2951,2962,3263,3284,3527,3529,3531,3618,4247,4327,4604,4605,4606,4948,4949,5458,5525,5530,5532,5534,5723,5865,5866,5867,5868,5869,5870,5871,6129,
369;0;14400;14433;1;27,95,100,137,139,144,225,231,251,275,276,277,288,291,292,321,329,364,377,428,429,540,677,715,765,833,947,1027,1118,1450,1476,1478,1481,1484,1809,1843,1915,2052,2091,2225,2412,2602,2627,2628,2635,2645,2653,2678,2679,2774,2775,2777,2778,2951,3263,3284,3516,3527,3618,4604,4605,4606,4627,4639,4641,4949,5232,5282,5283,5284,5285,5286,5287,5288,5458,5525,5530,5723,5869,6129,
369;1;14433;14534;1;27,95,100,137,139,144,225,231,251,275,276,277,288,291,292,321,329,364,377,428,429,540,677,715,765,833,947,1027,1118,1450,1476,1478,1481,1484,1513,1809,1843,1915,2052,2091,2225,2412,2602,2627,2628,2635,2645,2653,2678,2679,2774,2775,2777,2778,2951,3162,3263,3284,3516,3527,3618,4604,4605,4606,4627,4639,4641,4949,5232,5282,5283,5284,5458,5525,5530,5647,5648,5723,5869,6129,
283;0;14534;14594;1;27,95,100,137,139,144,225,231,251,275,276,277,288,291,292,321,329,364,377,428,429,540,677,715,765,833,947,1027,1118,1201,1450,1476,1478,1481,1484,1513,1809,1843,1915,2052,2091,2225,2412,2600,2602,2627,2628,2635,2640,2645,2653,2677,2678,2679,2774,2775,2777,2778,2790,2951,3263,3284,3447,3527,3618,4604,4639,4641,4773,4949,5458,5499,5500,5502,5525,5530,5723,5869,6129,6629,
283;1;14594;14670;1;27,95,100,137,139,144,225,231,244,251,275,276,277,288,291,292,321,329,364,377,400,428,429,540,591,677,715,765,833,947,948,949,1027,1052,1117,1118,1201,1450,1474,1476,1478,1481,1484,1513,1668,1671,1809,1843,1915,2052,2091,2412,2602,2627,2628,2645,2678,2774,2775,2778,2951,3263,3284,3517,3527,3618,4604,4639,4641,4804,4859,4949,5458,5525,5530,5723,5869,6129,6130,7683,
1178;0;14670;14807;1;27,95,100,137,139,144,225,231,234,244,251,275,276,277,288,291,292,314,321,329,364,377,400,404,428,429,540,591,640,677,715,765,833,838,947,948,949,1027,1052,1117,1118,1201,1474,1476,1478,1481,1513,1809,1811,2052,2412,2602,2627,2628,2645,2678,2774,2775,2778,2951,3104,3263,3527,3618,4604,4630,4639,4641,4859,4949,5274,5457,5458,5459,5460,5461,5525,5530,5723,5869,
1020;0;14807;14945;1;27,60,95,100,137,139,144,225,231,234,244,251,256,275,276,277,288,291,292,314,321,329,364,377,400,404,428,429,540,591,640,655,677,715,765,833,838,947,948,949,971,1027,1052,1117,1118,1201,1474,1476,1478,1481,1513,1580,1809,1811,2036,2052,2412,2555,2602,2627,2628,2645,2678,2774,2775,2778,2951,3263,3396,3527,3618,4604,4639,4641,4949,5525,5530,5723,5869,8128,
206;0;14945;14998;1;27,60,87,95,100,137,139,144,225,231,234,244,251,256,275,276,277,288,291,292,314,321,329,364,377,400,404,428,429,591,640,677,691,698,715,765,833,838,948,949,1027,1117,1118,1136,1201,1474,1476,1478,1481,1513,1580,1809,1811,2036,2052,2412,2602,2627,2628,2645,2678,2774,2775,2778,2951,2986,3263,3527,3618,4604,4639,4641,4744,4746,4791,4949,5525,5530,5723,5869,
206;1;14998;15087;1;27,60,95,137,139,144,145,225,231,251,276,288,291,292,314,316,321,329,377,400,404,429,591,640,677,715,765,833,838,854,948,949,1027,1117,1118,1201,1474,1476,1478,1480,1481,1513,1580,1669,1809,1811,1821,2052,2128,2412,2602,2627,2628,2645,2678,2774,2775,2778,2951,3263,3527,3634,4503,4604,4639,4641,4654,4718,4949,5439,5525,5530,5723,5767,5869,6187,6188,6189,6190,6191,
904;0;15087;15234;1;24,89,94,95,144,146,149,187,189,241,262,276,290,390,398,400,402,491,583,586,591,644,647,765,770,833,834,838,854,890,949,1117,1118,1146,1149,1168,1447,1476,1479,1481,1519,1524,1528,1529,1920,2103,2602,2628,2659,2693,2721,2774,2775,3263,3527,3581,3582,3638,4473,4537,4574,4732,4802,4913,4937,4949,4964,4965,4966,4972,5182,5339,5341,5342,5343,5344,5345,5451,5594,6441,
1054;0;15234;15382;1;24,89,94,95,144,146,149,187,189,241,262,276,290,390,398,400,402,491,583,586,591,644,647,765,770,833,834,838,854,890,949,1117,1118,1146,1149,1168,1447,1476,1479,1481,1519,1524,1528,1529,1920,2103,2602,2628,2659,2693,2721,2774,2775,3263,3527,3581,3582,3638,4473,4537,4574,4732,4802,4913,4937,4949,4964,4965,4966,4972,5182,5339,5341,5342,5343,5344,5345,5451,5594,6441,
976;0;15382;15532;1;24,89,94,95,144,146,149,187,189,241,262,276,290,390,398,400,402,491,583,586,591,644,647,765,770,833,834,838,854,890,949,1117,1118,1146,1149,1168,1447,1476,1479,1481,1519,1524,1528,1529,1920,2103,2602,2628,2659,2693,2721,2774,2775,3263,3527,3581,3582,3638,4473,4537,4574,4732,4802,4913,4937,4949,4964,4965,4966,4972,5182,5339,5341,5342,5343,5344,5345,5451,5594,6441,
Machine: 5
1148;0;0;4;1;26,136,137,144,145,146,225,288,290,297,329,429,436,591,644,647,773,854,914,927,937,1043,1118,1134,1149,1165,1211,1236,1447,1478,1481,1484,1618,1668,1670,1671,1807,1811,1919,1920,1922,1973,2382,2492,2626,2633,2635,2661,3511,3512,3835,3840,4018,4138,4572,4654,4748,4968,5015,5135,5139,5250,5251,5252,5253,5254,5255,5256,5257,5258,5259,5260,5261,5649,7402,7655,7656,8461,8462,8464,
1069;0;4;54;0;26,136,137,144,145,146,225,288,290,297,329,429,436,591,644,647,773,854,914,927,937,1043,1118,1134,1149,1165,1211,1236,1447,1478,1481,1484,1618,1668,1670,1671,1807,1811,1919,1920,1922,1973,2382,2492,2626,2633,2635,2661,3511,3512,3835,3840,4018,4138,4572,4654,4748,4968,5015,5135,5139,5250,5251,5252,5253,5254,5255,5256,5257,5258,5259,5260,5261,5649,7402,7655,7656,8461,8462,8464,
891;0;54;65;1;26,136,137,144,145,146,225,288,290,297,329,429,436,591,644,647,773,854,914,927,937,1043,1118,1134,1149,1165,1211,1236,1447,1478,1481,1484,1618,1668,1670,1671,1807,1811,1919,1920,1922,1973,2382,2492,2626,2633,2635,2661,3511,3512,3835,3840,4018,4138,4572,4654,4748,4968,5015,5135,5139,5250,5251,5252,5253,5254,5255,5256,5257,5258,5259,5260,5261,5649,7402,7655,7656,8461,8462,8464,
961;0;65;79;1;26,136,137,144,145,146,225,288,290,297,329,429,436,591,644,647,773,854,914,927,937,1043,1118,1134,1149,1165,1211,1236,1447,1478,1481,1484,1618,1668,1670,1671,1807,1811,1919,1920,1922,1973,2382,2492,2626,2633,2635,2661,3511,3512,3835,3840,4018,4138,4572,4654,4748,4968,5015,5135,5139,5250,5251,5252,5253,5254,5255,5256,5257,5258,5259,5260,5261,5649,7402,7655,7656,8461,8462,8464,
790;0;79;109;1;26,136,137,144,145,146,225,288,290,297,329,429,436,591,644,647,773,854,914,927,937,1043,1118,1134,1149,1165,1211,1236,1447,1478,1481,1484,1618,1668,1670,1671,1807,1811,1919,1920,1922,1973,2382,2492,2626,2633,2635,2661,3511,3512,3835,3840,4018,4138,4572,4654,4748,4968,5015,5135,5139,5250,5251,5252,5253,5254,5255,5256,5257,5258,5259,5260,5261,5649,7402,7655,7656,8461,8462,8464,
62;0;109;258;0;26,136,137,144,145,146,225,288,290,297,329,429,436,591,644,647,773,854,914,927,937,1043,1118,1134,1149,1165,1211,1236,1447,1478,1481,1484,1618,1668,1670,1671,1807,1811,1919,1920,1922,1973,2382,2492,2626,2633,2635,2661,3511,3512,3835,3840,4018,4138,4572,4654,4748,4968,5015,5135,5139,5250,5251,5252,5253,5254,5255,5256,5257,5258,5259,5260,5261,5649,7402,7655,7656,8461,8462,8464,
62;1;258;426;0;26,136,137,144,145,146,225,288,290,297,329,429,436,591,644,647,773,854,914,927,937,1043,1118,1134,1149,1165,1211,1236,1447,1478,1481,1484,1618,1668,1670,1671,1807,1811,1919,1920,1922,1973,2382,2492,2626,2633,2635,2661,3511,3512,3835,3840,4018,4138,4572,4654,4748,4968,5015,5135,5139,5250,5251,5252,5253,5254,5255,5256,5257,5258,5259,5260,5261,5649,7402,7655,7656,8461,8462,8464,
272;0;426;598;0;26,136,137,144,145,146,149,225,288,290,297,329,429,436,591,644,647,773,854,914,927,937,1043,1118,1134,1149,1165,1211,1236,1447,1478,1481,1484,1618,1668,1670,1671,1807,1811,1919,1920,1922,1973,2382,2492,2626,2633,2635,2651,2661,3511,3512,3835,3840,4018,4138,4572,4654,4748,4968,5015,5135,5139,5250,5251,5252,5253,5254,5255,5256,5257,5258,5259,5260,5261,5649,7402,7655,7656,8461,
272;1;598;730;0;24,26,74,144,225,288,429,512,518,528,551,607,612,615,616,617,644,736,738,739,748,773,814,1268,1269,1271,1272,1285,1287,1288,1289,1293,1332,1346,1390,1419,1478,1530,1558,1559,1570,1577,1780,1781,1793,1795,1849,1922,1940,1973,2094,2179,2187,2239,2240,2257,2264,2265,2626,2661,2836,2849,2856,2941,3014,3700,3701,3702,3703,3704,3705,3706,3707,3708,3709,4465,4514,5998,6617,6786,
372;0;730;883;0;24,26,74,144,225,288,429,512,518,528,551,607,612,615,616,617,644,736,738,739,748,773,814,1268,1269,1271,1272,1285,1287,1288,1289,1293,1332,1346,1390,1419,1478,1530,1558,1559,1570,1577,1780,1781,1793,1795,1849,1922,1940,1973,2094,2179,2187,2239,2240,2257,2264,2265,2626,2661,2836,2849,2856,2941,3014,3700,3701,3702,3703,3704,3705,3706,3707,3708,3709,4465,4514,5998,6617,6786,
372;1;883;1019;0;24,26,74,144,225,288,429,512,518,528,551,607,612,615,616,617,644,736,738,739,748,773,814,1268,1269,1271,1272,1285,1287,1288,1289,1293,1332,1346,1390,1419,1478,1530,1558,1559,1570,1577,1780,1781,1793,1795,1849,1922,1940,1973,2094,2179,2187,2239,2240,2257,2264,2265,2626,2661,2836,2849,2856,2941,3014,3700,3701,3702,3703,3704,3705,3706,3707,3708,3709,4465,4514,5998,6617,6786,
274;0;1440;1600;0;24,26,74,95,144,225,277,288,429,512,518,528,551,607,612,615,616,617,644,677,736,738,739,748,764,766,773,814,843,1268,1269,1271,1272,1285,1287,1288,1289,1293,1332,1346,1390,1419,1478,1530,1558,1559,1570,1577,1780,1781,1793,1795,1849,1922,1940,1973,2094,2179,2187,2239,2240,2257,2264,2265,2354,2498,2626,2661,2836,2849,2856,2941,3014,3608,3702,3703,3707,3709,4514,5230,
274;1;1600;1719;0;24,26,74,95,144,225,249,277,288,429,512,518,528,551,607,612,615,616,617,644,677,736,738,739,748,764,766,773,814,843,1091,1268,1269,1271,1272,1285,1287,1288,1289,1293,1332,1346,1390,1419,1478,1530,1558,1559,1570,1577,1780,1781,1793,1795,1922,1940,1973,2064,2179,2240,2264,2265,2354,2498,2626,2661,2836,2849,2941,3014,3702,3703,3707,3709,4514,5230,5354,5443,8354,8413,
146;0;1719;1898;0;24,26,74,95,144,225,249,277,288,429,512,518,528,551,607,612,615,616,617,644,677,736,738,739,748,764,766,773,814,843,849,946,948,1091,1268,1269,1271,1272,1285,1287,1288,1289,1293,1332,1346,1478,1558,1674,1922,1940,1973,2179,2240,2264,2265,2354,2498,2586,2626,2645,2661,2836,2849,2941,3014,3259,3702,3703,3707,3709,4370,4514,5230,7299,7837,8170,8171,8322,8354,8566,
146;1;1898;1996;0;24,26,61,74,95,144,225,249,277,288,359,409,429,512,518,528,551,607,612,615,616,617,644,677,736,738,739,748,764,766,773,814,843,849,946,948,1268,1269,1271,1272,1285,1287,1288,1289,1293,1478,1549,1558,1651,1674,1922,1940,1973,2179,2240,2264,2265,2354,2498,2626,2645,2661,2836,2844,2846,2848,2849,2850,2941,3014,3702,3703,3707,3709,4514,4709,4710,5230,7299,8354,
20;0;1996;2100;0;24,26,61,74,95,144,225,249,277,288,359,409,429,512,518,528,551,607,612,615,616,617,644,677,736,738,739,748,764,766,773,814,843,849,946,948,1268,1269,1271,1272,1285,1287,1288,1289,1293,1478,1549,1558,1651,1674,1922,1940,1973,2179,2240,2264,2265,2354,2498,2626,2645,2661,2836,2848,2850,2941,2943,3014,3702,3703,3707,3709,4514,5230,7299,8354,8559,9031,9032,9033,
20;1;2100;2257;0;24,26,27,61,74,95,144,225,277,288,366,429,528,538,634,644,677,766,843,946,948,1143,1268,1269,1270,1271,1272,1284,1287,1289,1293,1478,1549,1922,1973,2089,2179,2265,2354,2407,2516,2537,2645,2848,2850,2864,2873,2941,2943,3014,3402,3606,3707,3709,3861,4217,4218,5230,6042,7299,7487,8354,8551,8559,9049,9050,9051,9052,9053,9054,9055,9056,9057,9058,9059,9060,9061,9062,9063,9064,
247;0;2257;2352;0;24,26,27,61,74,95,144,225,277,288,366,429,528,538,634,644,677,766,843,946,948,1143,1268,1269,1270,1271,1272,1284,1287,1289,1293,1478,1549,1922,1973,2089,2179,2265,2354,2407,2516,2537,2645,2848,2850,2864,2873,2941,2943,3014,3402,3606,3707,3709,3861,4217,4218,5230,6042,7299,7487,8354,8551,8559,9049,9050,9051,9052,9053,9054,9055,9056,9057,9058,9059,9060,9061,9062,9063,9064,
247;1;2352;2517;0;24,26,27,61,74,95,144,225,277,288,366,429,528,538,634,644,677,766,843,946,948,1143,1268,1269,1270,1271,1272,1284,1287,1289,1293,1478,1549,1922,1973,2089,2179,2265,2354,2407,2516,2537,2645,2848,2850,2864,2873,2941,2943,3014,3402,3606,3707,3709,3861,4217,4218,5230,6042,7299,7487,8354,8551,8559,9049,9050,9051,9052,9053,9054,9055,9056,9057,9058,9059,9060,9061,9062,9063,9064,
259;0;2880;3040;0;24,26,27,61,74,95,100,144,225,277,288,429,430,644,677,715,766,768,843,946,948,1072,1143,1268,1269,1270,1271,1272,1284,1287,1289,1293,1478,1549,1922,1973,2179,2225,2318,2354,2405,2630,2632,2634,2640,2641,2645,2654,2657,2667,2689,2693,2705,2706,2757,2848,2850,2941,2943,3014,5230,5344,7188,7212,7296,7299,7308,7316,7319,7423,8354,8396,8415,8432,8799,8801,8803,8804,8805,8810,
259;1;3040;3129;0;8,24,26,27,61,74,95,100,142,144,225,277,288,289,390,398,404,405,429,430,644,645,646,648,677,715,766,768,843,946,948,1056,1062,1072,1143,1146,1268,1269,1270,1271,1272,1284,1287,1289,1293,1478,1549,1922,1973,2102,2106,2155,2179,2318,2354,2405,2630,2632,2634,2640,2645,2654,2657,2705,2706,2848,2850,2941,2943,3014,5230,7296,7299,7308,7316,7319,8354,8432,8801,8805,
64;0;3129;3299;0;8,24,26,27,61,74,95,100,142,144,225,277,288,289,390,398,404,429,430,504,644,645,648,677,715,766,782,843,946,948,1072,1143,1146,1268,1269,1270,1271,1272,1284,1287,1289,1293,1478,1549,1922,1973,2018,2179,2202,2318,2354,2405,2634,2645,2657,2705,2706,2847,2848,2850,2941,2943,3014,4452,5230,5561,5668,5669,5670,5671,5672,7296,7299,7308,7316,7319,8354,8432,8801,8805,
64;1;3299;3363;0;8,24,26,27,61,74,95,100,142,144,225,274,277,288,289,390,398,404,429,430,504,644,645,648,677,715,766,772,782,843,946,948,1072,1143,1146,1268,1269,1270,1271,1272,1284,1287,1289,1293,1478,1549,1922,1973,2018,2179,2202,2318,2353,2354,2405,2634,2645,2657,2705,2706,2847,2848,2850,2941,2943,3014,4452,5230,5561,5668,5669,7296,7299,7308,7316,7319,8354,8432,8801,8805,
161;0;3363;3515;0;17,20,24,25,26,27,34,37,38,39,40,46,52,54,61,74,95,100,117,144,192,225,274,277,288,390,398,404,412,429,430,460,644,645,648,677,715,766,778,843,946,948,1072,1143,1268,1269,1270,1271,1272,1284,1287,1289,1293,1311,1478,1560,1853,1858,1922,1973,2091,2179,2338,2634,2645,2657,2706,2941,2943,3014,3015,3061,5230,5472,5825,6428,6706,7319,8354,8988,
161;1;3515;3592;0;17,20,24,25,26,27,34,38,39,46,52,54,61,74,95,100,117,144,198,225,274,277,288,390,398,404,410,429,430,457,460,644,645,648,677,715,766,843,946,948,1072,1138,1143,1267,1268,1269,1270,1271,1272,1275,1279,1284,1287,1289,1292,1293,1295,1311,1478,1560,1853,1922,1973,2091,2179,2634,2645,2657,2706,2941,2943,3015,3988,4124,5146,5230,5825,6244,7319,8354,
105;0;3592;3644;0;27,38,60,61,74,79,144,152,190,198,208,225,256,288,390,398,407,519,569,644,645,648,677,684,766,783,843,979,1117,1143,1147,1148,1163,1172,1174,1268,1279,1293,1470,1471,1478,1560,1587,1973,2091,2289,2305,2524,2567,2645,2767,2875,2921,2941,2943,3349,3361,3577,3871,3872,3873,3874,3875,3876,3877,3878,3879,3986,3987,3988,3989,4208,5230,5786,5787,5788,5789,5790,8502,8503,
105;1;3644;3814;0;27,38,60,61,74,79,144,152,190,198,208,225,256,288,390,398,407,519,569,644,645,648,677,684,766,783,843,979,1117,1143,1147,1148,1163,1172,1174,1268,1279,1293,1470,1471,1478,1560,1587,1973,2091,2289,2305,2524,2567,2645,2767,2875,2921,2941,2943,3349,3361,3577,3871,3872,3873,3874,3875,3876,3877,3878,3879,3986,3987,3988,3989,4208,5230,5786,5787,5788,5789,5790,8502,8503,
10;0;3814;3869;0;27,38,60,61,74,79,144,152,190,198,208,225,256,288,390,398,407,519,569,644,645,648,677,684,766,783,843,979,1117,1143,1147,1148,1163,1172,1174,1268,1279,1293,1470,1471,1478,1560,1587,1973,2091,2289,2305,2524,2567,2645,2767,2875,2921,2941,2943,3349,3361,3577,3871,3872,3873,3874,3875,3876,3877,3878,3879,3986,3987,3988,3989,4208,5230,5786,5787,5788,5789,5790,8502,8503,
10;1;3869;4032;0;27,38,60,61,74,79,144,152,190,198,208,225,256,288,390,398,407,519,569,644,645,648,677,684,766,783,843,979,1117,1143,1147,1148,1163,1172,1174,1268,1279,1293,1470,1471,1478,1560,1587,1973,2091,2289,2305,2524,2567,2645,2767,2875,2921,2941,2943,3349,3361,3577,3871,3872,3873,3874,3875,3876,3877,3878,3879,3986,3987,3988,3989,4208,5230,5786,5787,5788,5789,5790,8502,8503,
225;0;4032;4166;0;27,38,60,61,74,79,144,152,190,198,208,225,256,288,390,398,407,519,569,644,645,648,677,684,766,783,843,979,1117,1143,1147,1148,1163,1172,1174,1268,1279,1293,1470,1471,1478,1560,1587,1973,2091,2289,2305,2524,2567,2645,2767,2875,2921,2941,2943,3349,3361,3577,3871,3872,3873,3874,3875,3876,3877,3878,3879,3986,3987,3988,3989,4208,5230,5786,5787,5788,5789,5790,8502,8503,
225;1;4320;4385;0;27,38,60,61,74,79,138,144,152,190,198,208,225,256,288,390,398,407,519,569,644,645,648,677,684,766,783,843,892,896,911,979,1075,1117,1143,1147,1148,1163,1172,1174,1268,1279,1293,1470,1472,1478,1560,1587,1623,1661,1667,1973,2091,2103,2427,2428,2429,2430,2431,2432,2433,2434,2435,2436,2437,2438,2439,2440,2441,2442,2524,2645,2921,2941,2943,3349,3361,3577,3876,5230,
157;0;4385;4417;0;27,38,60,61,74,79,97,138,144,145,152,190,198,208,225,256,288,390,398,407,519,569,644,645,648,677,684,766,783,843,892,896,911,979,1075,1117,1143,1147,1148,1163,1172,1174,1268,1279,1293,1401,1470,1472,1474,1478,1560,1587,1623,1661,1667,1973,2091,2103,2355,2427,2428,2429,2430,2431,2432,2433,2435,2440,2524,2645,2921,2941,2943,3349,3361,3577,3876,5230,5619,6174,
157;1;4417;4580;0;27,38,60,61,68,74,79,97,138,144,145,152,169,190,196,198,208,225,256,288,390,398,502,569,609,644,645,648,677,766,843,875,892,911,979,1075,1117,1147,1163,1172,1268,1279,1281,1293,1401,1423,1470,1472,1474,1478,1560,1580,1587,1623,1661,1667,1973,2091,2103,2355,2432,2435,2440,2524,2645,2921,2941,2943,3070,3349,3361,3577,3876,4364,4383,5053,5230,5435,6401,8158,
295;0;4580;4745;0;27,38,60,61,68,74,79,97,138,144,145,152,169,190,196,198,208,225,256,288,390,398,502,569,609,644,645,648,677,766,843,875,892,911,979,1075,1117,1147,1163,1172,1268,1279,1281,1293,1401,1423,1470,1472,1474,1478,1560,1580,1587,1623,1661,1667,1973,2091,2103,2355,2432,2435,2440,2524,2645,2921,2941,2943,3070,3349,3361,3577,3876,4364,4383,5053,5230,5276,5377,5435,
295;1;4745;4771;0;2,27,38,60,61,68,74,79,97,138,144,145,152,169,190,196,198,208,225,234,288,390,397,398,502,569,644,645,647,648,677,843,855,875,892,911,979,1075,1093,1117,1147,1163,1172,1236,1268,1279,1293,1401,1423,1472,1474,1478,1502,1560,1580,1587,1623,1661,1667,1973,2091,2103,2355,2432,2435,2440,2524,2645,2921,2941,2943,2998,2999,3000,3001,3349,3577,3876,4383,5230,
289;0;4771;4807;0;2,27,38,60,68,70,74,79,97,138,144,145,169,189,196,198,208,225,234,288,390,397,398,419,502,569,644,645,647,648,677,787,843,855,875,892,911,979,1063,1075,1093,1117,1163,1172,1268,1279,1293,1472,1474,1478,1502,1541,1560,1580,1587,1623,1661,1667,1973,2091,2103,2206,2432,2435,2440,2512,2524,2645,2918,2921,2943,3000,3255,3349,3577,3827,3876,3990,4383,5230,
289;1;4807;4952;0;2,27,38,60,68,70,74,79,97,138,144,145,169,189,196,198,208,225,234,288,390,397,398,419,502,569,644,645,647,648,677,787,843,855,875,892,911,979,1063,1075,1093,1117,1163,1172,1268,1279,1293,1472,1474,1478,1502,1541,1560,1580,1587,1623,1661,1667,1973,2091,2103,2206,2432,2435,2440,2512,2524,2645,2918,2921,2943,3000,3255,3349,3577,3876,4383,5230,9155,9156,
1143;0;4952;5127;0;38,60,70,79,95,138,144,189,225,241,271,288,291,329,390,395,397,398,644,645,647,648,677,843,855,875,911,944,946,1172,1293,1474,1478,1502,1587,1815,1884,2599,2600,2635,2645,2653,2678,2679,2774,2891,2943,2944,2945,2946,2947,2948,3263,3291,3349,3698,3699,4568,4604,4605,4606,4612,4634,4759,4800,5043,5230,5528,5890,5891,5892,5893,5894,5895,5896,5897,5898,5899,5900,5901,
77;0;5127;5187;0;38,60,70,79,95,138,144,189,225,241,271,288,291,329,390,395,397,398,644,645,647,648,677,843,855,875,911,944,946,1172,1293,1474,1478,1502,1587,1815,1884,2599,2600,2635,2645,2653,2678,2679,2774,2891,2943,2944,2945,2946,2947,2948,3263,3291,3349,3698,3699,4568,4604,4605,4606,4612,4634,4759,4800,5043,5230,5528,5890,5891,5892,5893,5894,5895,5896,5897,5898,5899,5900,5901,
77;1;5187;5298;0;38,60,70,79,95,138,144,189,225,241,271,288,291,329,390,395,397,398,644,645,647,648,677,843,855,875,911,944,946,1172,1293,1474,1478,1502,1587,1815,1884,2599,2600,2635,2645,2653,2678,2679,2774,2891,2943,2944,2945,2946,2947,2948,3263,3291,3349,3698,3699,4568,4604,4605,4606,4612,4634,4759,4800,5043,5230,5528,5890,5891,5892,5893,5894,5895,5896,5897,5898,5899,5900,5901,
199;0;5298;5423;0;38,60,70,79,95,138,144,189,225,241,271,288,291,329,390,395,397,398,644,645,647,648,677,843,855,875,911,944,946,1172,1293,1474,1478,1502,1587,1815,1884,2599,2600,2635,2645,2653,2678,2679,2774,2891,2943,2944,2945,2946,2947,2948,3263,3291,3349,3698,3699,4568,4604,4605,4606,4612,4634,4759,4800,5043,5230,5528,5890,5891,5892,5893,5894,5895,5896,5897,5898,5899,5900,5901,
199;1;5760;5804;0;38,60,70,79,95,100,137,138,144,148,189,225,241,271,288,291,329,390,395,397,398,591,644,645,647,648,677,843,855,863,875,911,921,944,946,949,1172,1293,1474,1478,1484,1502,1587,1633,1670,1815,1884,2224,2599,2635,2645,2678,2679,2774,2947,3034,3263,3284,3291,3349,4397,4401,4472,4604,4605,4606,4612,4759,4795,5206,5695,5890,5891,5892,5894,5895,5898,5899,5901,5926,
791;0;5804;5973;0;38,60,70,79,95,100,137,138,144,148,189,225,241,271,288,291,314,321,329,390,395,397,398,591,644,645,647,648,677,843,855,863,875,911,921,944,946,949,1172,1293,1474,1478,1484,1502,1587,1633,1670,1814,1815,1884,2222,2223,2224,2599,2635,2645,2678,2679,2774,2947,3263,3284,3291,3349,4472,4604,4605,4606,4612,4759,5206,5695,5890,5891,5892,5894,5895,5898,5899,5901,
804;0;5973;6133;0;24,38,60,70,79,95,100,137,138,144,148,189,225,241,271,288,291,314,321,329,390,395,397,398,591,644,645,647,648,677,843,855,863,875,911,921,944,946,949,1172,1293,1474,1478,1484,1502,1587,1633,1670,1814,1815,1884,2223,2635,2645,2678,2679,2774,2947,3263,3284,3291,3349,4472,4604,4605,4606,4612,4759,5206,5695,5890,5891,5892,5894,5895,5898,5899,5901,7009,8354,
792;0;6133;6293;0;24,38,60,70,79,95,100,137,138,144,148,189,225,241,271,288,291,314,321,329,390,395,397,398,591,644,645,647,677,843,855,863,875,911,921,949,1172,1293,1474,1478,1484,1497,1551,1552,1553,1554,1555,1556,1557,1587,1670,1814,1884,2223,2635,2645,2678,2679,2774,2947,3263,3284,3291,3349,4472,4604,4605,4606,4612,4759,5206,5695,5890,5891,5892,5894,5895,5898,5899,5901,
981;0;6293;6452;0;24,38,60,70,79,95,100,137,138,144,148,189,225,241,271,288,291,314,321,329,390,395,397,398,591,644,645,647,677,843,855,863,871,873,874,875,876,877,880,911,921,949,1172,1293,1474,1478,1484,1587,1670,1814,1884,2213,2223,2635,2645,2678,2679,2774,2947,3263,3284,3291,3349,3448,4472,4604,4605,4606,4612,4759,5206,5695,5890,5891,5892,5894,5895,5898,5899,5901,
1056;0;6452;6608;0;24,26,38,46,52,54,55,60,79,95,137,144,145,205,225,226,230,231,285,286,288,305,306,310,312,314,329,377,380,397,408,429,595,644,659,839,1036,1118,1172,1282,1293,1428,1429,1430,1431,1478,1605,1719,1720,1721,1722,1723,1724,1809,1884,1999,2157,2504,2645,2774,2778,3263,3345,3349,3855,4604,4605,4721,5191,5894,5895,5898,5899,5901,6126,6128,6129,6362,6363,6364,
129;0;6608;6685;0;24,26,38,46,52,54,55,60,79,95,137,144,145,205,225,226,230,231,285,286,288,305,306,310,312,314,329,377,380,397,408,429,595,644,659,839,1036,1118,1172,1282,1293,1428,1429,1430,1431,1478,1605,1719,1720,1721,1722,1723,1724,1809,1884,1999,2157,2504,2645,2774,2778,3263,3345,3349,3855,4604,4605,4721,5191,5894,5895,5898,5899,5901,6126,6128,6129,6362,6363,6364,
129;1;6685;6762;0;24,26,38,46,52,54,55,60,79,95,137,144,145,205,225,226,230,231,285,286,288,305,306,310,312,314,329,377,380,397,408,429,595,644,659,839,1036,1118,1172,1282,1293,1428,1429,1430,1431,1478,1605,1719,1720,1721,1722,1723,1724,1809,1884,1999,2157,2504,2645,2774,2778,3263,3345,3349,3855,4604,4605,4721,5191,5894,5895,5898,5899,5901,6126,6128,6129,6362,6363,6364,
364;0;6762;6814;0;24,26,38,46,52,54,55,60,79,95,137,144,145,205,225,226,230,231,285,286,288,305,306,310,312,314,329,377,380,397,408,429,595,644,659,839,1036,1118,1172,1282,1293,1428,1429,1430,1431,1478,1605,1719,1720,1721,1722,1723,1724,1809,1884,1999,2157,2504,2645,2774,2778,3263,3345,3349,3855,4604,4605,4721,5191,5894,5895,5898,5899,5901,6126,6128,6129,6362,6363,6364,
364;1;7200;7298;0;2,24,26,38,46,52,54,55,60,79,95,137,144,145,205,225,226,230,231,285,286,288,301,305,306,310,312,314,329,377,380,397,400,408,429,595,644,659,839,1036,1116,1118,1121,1172,1282,1293,1428,1429,1430,1431,1478,1486,1605,1661,1680,1719,1720,1721,1723,1809,1884,2157,2476,2504,2645,2774,2778,3263,3345,3349,4604,4605,5191,5899,5901,6126,6129,6362,6363,6364,
1159;0;7298;7445;0;24,26,38,46,52,54,60,79,95,137,144,145,205,225,229,231,234,240,243,245,266,267,268,272,273,286,288,305,310,312,314,329,351,377,380,397,400,408,429,644,839,1036,1118,1121,1172,1210,1214,1282,1293,1430,1478,1661,1668,1680,1723,1756,1809,1884,2157,2432,2504,2645,2774,2778,3263,3286,3345,3349,4605,4859,5191,5371,5372,5373,5899,5901,6126,6129,6362,6363,
956;0;7445;7588;0;24,26,38,46,52,54,60,79,87,95,137,144,145,149,205,225,229,231,234,240,243,245,266,267,268,272,273,274,288,305,310,312,314,329,351,377,380,397,400,408,429,440,644,765,769,1036,1070,1118,1121,1210,1214,1282,1293,1372,1430,1478,1521,1661,1668,1680,1723,1772,1773,1774,1809,1884,2157,2432,2504,2645,2774,2778,3263,3286,3345,3349,4605,5899,5901,6129,
930;0;7588;7727;0;24,26,38,52,54,60,136,137,139,144,145,149,183,205,225,229,231,234,240,243,245,266,277,329,397,400,408,429,644,765,769,948,1093,1118,1121,1210,1282,1293,1478,1661,1669,1723,1807,1884,1922,2053,2157,2432,2645,2774,2778,2953,3263,3278,3345,3349,4033,4427,4533,4535,4553,4605,4902,4956,4959,4960,5274,5432,6644,6645,6967,6968,6969,6970,6971,6972,6973,6974,6975,6976,
1089;0;7727;7863;0;24,26,38,52,54,60,136,137,139,144,145,149,183,205,225,229,231,234,240,243,245,266,277,329,397,400,408,429,559,644,765,769,948,1093,1118,1121,1210,1269,1270,1271,1275,1280,1282,1284,1287,1289,1290,1293,1295,1322,1478,1661,1669,1723,1807,1884,1922,2053,2157,2432,2645,2774,2778,2953,3263,3278,3345,3349,4033,4427,4533,4535,4553,4605,4902,4956,4959,4960,5432,6644,
854;0;7863;7995;0;26,35,68,144,145,146,150,196,228,233,266,284,298,366,374,397,408,415,430,528,532,544,569,598,644,827,995,1087,1093,1262,1270,1271,1278,1279,1287,1293,1295,1322,1407,1479,1540,1675,1693,1853,1984,1989,2157,2216,2220,2518,2519,2520,2521,2522,2523,2524,2525,2526,2527,2528,2774,2778,3413,3574,3707,3876,3908,3945,4108,4913,5050,5091,5212,5213,5681,5703,5949,5995,6949,7074,
133;0;7995;8021;0;26,35,68,144,145,146,150,196,228,233,266,284,298,366,374,397,408,415,430,528,532,544,569,598,644,827,995,1087,1093,1262,1270,1271,1278,1279,1287,1293,1295,1322,1407,1479,1540,1675,1693,1853,1984,1989,2157,2216,2220,2518,2519,2520,2521,2522,2523,2524,2525,2526,2527,2528,2774,2778,3413,3574,3707,3876,3908,3945,4108,4913,5050,5091,5212,5213,5681,5703,5949,5995,6949,7074,
133;1;8021;8122;0;26,35,68,144,145,146,150,196,228,233,266,284,298,366,374,397,408,415,430,528,532,544,569,598,644,827,995,1087,1093,1262,1270,1271,1278,1279,1287,1293,1295,1322,1407,1479,1540,1675,1693,1853,1984,1989,2157,2216,2220,2518,2519,2520,2521,2522,2523,2524,2525,2526,2527,2528,2774,2778,3413,3574,3707,3876,3908,3945,4108,4913,5050,5091,5212,5213,5681,5703,5949,5995,6949,7074,
848;0;8122;8247;0;26,35,68,144,145,146,150,196,228,233,266,284,298,366,374,397,408,415,430,528,532,544,569,598,644,827,995,1087,1093,1262,1270,1271,1278,1279,1287,1293,1295,1322,1407,1479,1540,1675,1693,1853,1984,1989,2157,2216,2220,2518,2519,2520,2521,2522,2523,2524,2525,2526,2527,2528,2774,2778,3413,3574,3707,3876,3908,3945,4108,4913,5050,5091,5212,5213,5681,5703,5949,5995,6949,7074,
383;0;8247;8291;0;26,35,68,144,145,146,150,196,228,233,266,284,298,366,374,397,408,415,430,528,532,544,569,598,644,827,995,1087,1093,1262,1270,1271,1278,1279,1287,1293,1295,1322,1407,1479,1540,1675,1693,1853,1984,1989,2157,2216,2220,2518,2519,2520,2521,2522,2523,2524,2525,2526,2527,2528,2774,2778,3413,3574,3707,3876,3908,3945,4108,4913,5050,5091,5212,5213,5681,5703,5949,5995,6949,7074,
383;1;8291;8371;0;26,35,68,144,145,146,150,196,228,233,266,284,298,366,374,397,408,415,430,528,532,544,569,598,644,827,995,1087,1093,1262,1270,1271,1278,1279,1287,1293,1295,1322,1407,1479,1540,1675,1693,1853,1984,1989,2157,2216,2220,2518,2519,2520,2521,2522,2523,2524,2525,2526,2527,2528,2774,2778,3413,3574,3707,3876,3908,3945,4108,4913,5050,5091,5212,5213,5681,5703,5949,5995,6949,7074,
1080;0;8640;8761;0;26,35,68,144,145,146,150,196,228,233,262,266,284,290,298,366,374,397,408,415,429,430,528,532,544,644,692,719,825,827,895,1068,1069,1121,1171,1270,1271,1278,1279,1287,1293,1295,1322,1479,1913,1984,2216,2220,2475,2518,2645,2774,2775,2777,2778,2815,2903,2947,3261,3263,3876,3908,4569,4585,4739,5185,6329,6748,6796,6797,6798,6799,6800,6801,6802,6803,6804,6805,6806,6807,
181;0;8761;8796;0;26,35,68,144,145,146,150,196,228,233,262,266,284,290,298,366,374,397,408,415,429,430,528,532,544,644,692,719,825,827,895,1068,1069,1121,1171,1270,1271,1278,1279,1287,1293,1295,1322,1479,1913,1984,2028,2070,2216,2220,2475,2518,2645,2774,2775,2777,2778,2815,2903,2947,3261,3263,3876,3908,3948,3949,3950,3951,4569,4585,4739,5185,6329,6748,6796,6797,6798,6799,6800,6801,
181;1;8796;8880;0;26,35,68,144,145,146,150,196,228,233,262,266,284,290,298,366,374,397,408,415,429,430,528,532,544,644,692,719,825,827,895,1068,1069,1121,1171,1270,1271,1278,1279,1287,1293,1295,1322,1479,1913,1984,2028,2070,2216,2220,2475,2518,2645,2774,2775,2777,2778,2815,2903,2947,3261,3263,3876,3908,3948,3949,3950,3951,4569,4585,4739,5185,6136,6329,6748,7953,7954,7956,7957,8120,
862;0;8880;8986;0;26,27,35,68,144,145,146,150,196,228,233,262,266,284,290,298,366,374,397,408,415,429,430,528,532,544,644,692,719,825,827,895,1068,1069,1121,1171,1270,1271,1278,1279,1287,1293,1294,1295,1322,1479,1913,1984,2028,2070,2216,2220,2407,2475,2518,2645,2774,2775,2777,2778,2815,2903,2947,3261,3263,3876,3908,3948,3949,3950,3951,4569,4585,4739,5185,6136,6329,6748,7945,7971,
838;0;8986;9089;0;1,3,27,93,143,144,145,146,148,150,228,233,266,277,323,390,394,400,404,429,430,528,644,827,1055,1068,1149,1167,1210,1270,1293,1294,1295,1322,1361,1469,1479,1535,1603,1604,1735,1737,1738,1740,1741,1742,1743,1744,1745,1748,1750,1751,1752,1753,1754,1755,1757,1760,1762,1764,1765,1767,1769,1770,1771,1811,1812,1814,1984,2220,2407,2603,2646,3250,3630,6415,6416,7056,7057,7058,
929;0;9089;9190;0;1,3,27,93,143,144,145,146,148,150,228,233,266,277,323,390,394,400,404,429,430,528,644,827,1055,1068,1072,1149,1167,1210,1270,1293,1294,1295,1322,1361,1469,1479,1535,1603,1604,1666,1735,1737,1738,1740,1741,1742,1743,1744,1745,1748,1750,1751,1752,1753,1754,1755,1757,1760,1762,1764,1812,1814,1984,2220,2407,2625,2626,2627,2629,2634,2646,2657,2663,2706,2713,2736,3250,3630,
1007;0;9190;9287;0;27,138,144,145,146,148,150,225,228,229,233,234,240,242,245,266,275,277,302,390,400,429,430,528,607,612,644,645,818,827,911,1068,1075,1099,1149,1210,1270,1293,1294,1295,1309,1322,1472,1479,1623,1661,1667,1744,1752,1753,1812,1843,1933,1973,1984,2103,2220,2299,2407,2432,2435,2440,3112,3639,3640,3641,3642,3643,3644,3645,3646,3647,3648,3649,3650,3651,3652,3653,3654,3655,
975;0;9287;9383;0;27,89,90,100,144,146,150,390,395,400,429,437,644,694,715,773,835,849,949,1068,1149,1268,1269,1270,1293,1294,1295,1322,1479,1529,1933,1973,1984,2220,2407,2491,2510,2636,2661,2677,2683,2714,2728,2974,3581,3703,3721,3797,4112,4217,4353,4673,5538,5691,5706,5723,6225,6226,6723,7208,7217,7299,7319,7320,7583,7584,7871,8129,8425,8528,8529,8530,8531,8551,8552,8553,8554,8555,8556,8557,
884;0;9383;9477;0;27,89,90,100,144,146,150,390,395,400,429,437,644,694,715,773,835,849,949,1068,1149,1268,1269,1270,1293,1294,1295,1322,1479,1529,1933,1973,1984,2220,2407,2491,2510,2636,2661,2677,2683,2714,2728,2974,3581,3703,3721,3797,4112,4217,4353,4673,5538,5691,5706,5723,6225,6226,6723,7208,7217,7299,7319,7320,7583,7584,7871,8129,8425,8528,8529,8530,8531,8551,8552,8553,8554,8555,8556,8557,
895;0;9477;9563;0;27,89,90,100,144,146,150,390,395,400,429,437,644,694,715,773,835,849,949,1068,1149,1268,1269,1270,1293,1294,1295,1322,1479,1529,1933,1973,1984,2220,2407,2491,2510,2636,2661,2677,2683,2714,2728,2974,3581,3703,3721,3797,4112,4217,4353,4673,5538,5691,5706,5723,6225,6226,6723,7208,7217,7299,7319,7320,7583,7584,7871,8129,8425,8528,8529,8530,8531,8551,8552,8553,8554,8555,8556,8557,
1029;0;10080;10160;0;20,27,39,89,90,100,144,146,150,205,390,395,400,429,437,483,502,503,506,559,644,694,715,773,835,849,949,989,1063,1068,1089,1149,1157,1196,1268,1269,1270,1282,1283,1284,1293,1294,1295,1322,1479,1529,1580,1933,1936,1973,1984,2220,2407,2491,2510,2540,2555,2636,2661,2677,2683,2714,2728,2887,2957,2959,2974,3343,3349,3703,4112,4184,4217,4867,4884,6225,7217,7299,7416,7583,
1017;0;10160;10238;0;20,27,90,92,100,104,144,146,150,205,276,343,390,395,400,429,502,503,506,591,644,693,715,765,773,838,849,854,890,949,1068,1089,1149,1196,1268,1269,1270,1282,1293,1294,1295,1322,1365,1479,1529,1580,1884,1933,1936,1973,2318,2407,2459,2461,2491,2636,2661,2678,2679,2685,2714,2986,3618,3703,4217,4369,4385,4387,4574,4650,4728,4729,4730,4731,4732,4733,4734,7217,7299,7583,
786;0;10238;10315;0;20,24,74,117,144,146,150,185,186,189,202,205,390,395,400,429,454,460,502,578,591,644,655,838,867,872,949,979,1068,1149,1152,1196,1226,1268,1269,1270,1293,1295,1479,1511,1562,1580,1718,1875,1933,1936,1973,2198,2276,2337,2407,2679,2845,2921,2936,3004,3082,3612,4074,4217,5175,5266,5290,5708,5927,6510,6568,6678,6776,7217,7826,7975,8060,8061,8062,8063,8064,8065,8066,8256,
832;0;10315;10388;0;20,24,74,117,144,146,150,185,186,189,202,205,206,390,395,400,429,454,460,491,502,516,578,591,644,655,838,867,872,949,979,991,1068,1149,1152,1196,1226,1268,1269,1270,1293,1295,1479,1511,1562,1580,1695,1718,1875,1933,1936,1973,2198,2276,2337,2407,2512,2679,2845,2921,2936,3004,3082,3544,3612,4074,4217,5175,5266,5290,5708,5927,6510,6568,6678,6776,7217,7826,7975,8060,
830;0;10388;10452;0;20,24,36,74,117,144,146,150,185,186,189,202,205,206,390,395,400,429,454,460,491,502,516,578,591,644,655,838,867,872,949,979,991,1068,1149,1152,1196,1226,1268,1269,1270,1293,1295,1479,1511,1562,1580,1695,1718,1875,1933,1936,1973,2198,2276,2337,2407,2512,2679,2845,2921,2936,3004,3082,3544,3612,4074,4217,5175,5266,5290,5708,5927,6510,6568,6678,6776,7217,7826,7975,
1105;0;10452;10514;0;20,24,36,74,117,144,146,150,185,186,189,202,205,206,210,248,390,395,400,429,454,460,491,502,516,522,578,581,591,632,644,655,803,838,867,872,949,979,991,1068,1149,1152,1196,1226,1268,1269,1270,1293,1295,1425,1479,1511,1560,1562,1580,1695,1718,1875,1933,1936,1973,2198,2201,2276,2315,2337,2407,2512,2564,2679,2845,2921,3345,3883,3886,4217,4225,4230,5180,7217,
960;0;10514;10575;0;8,20,24,36,74,117,142,144,146,150,185,186,189,202,205,206,210,243,248,342,390,395,400,402,429,454,460,491,502,516,522,578,581,591,632,643,644,655,803,838,867,872,949,979,991,1051,1057,1068,1149,1152,1196,1226,1268,1269,1270,1293,1295,1425,1474,1475,1479,1511,1560,1562,1580,1695,1933,1936,1973,2109,2315,2337,2407,2512,2679,3345,4217,7217,9216,9217,
1196;0;10575;10630;0;8,20,24,36,74,117,142,144,146,149,150,185,186,189,202,205,206,210,243,248,342,390,395,398,400,402,429,454,460,491,502,516,522,578,581,591,632,643,644,655,803,838,867,872,949,979,991,1051,1057,1117,1118,1146,1149,1196,1268,1269,1270,1293,1295,1425,1474,1479,1481,1562,1580,1920,1936,1973,2109,2315,2337,2407,2512,2679,3345,4217,4473,4965,4972,7217,
901;0;10630;10679;0;8,20,24,36,74,117,142,144,146,149,150,185,186,189,202,205,206,210,243,248,342,390,395,398,400,402,429,454,460,491,502,516,522,578,581,591,632,643,644,655,803,838,867,872,949,979,991,1051,1057,1117,1118,1146,1149,1196,1268,1269,1270,1293,1295,1425,1474,1479,1481,1562,1580,1920,1936,1973,2109,2315,2337,2407,2512,2679,3345,4217,4473,4965,6742,7217,
1186;0;10679;10723;0;8,20,24,36,74,117,139,142,144,145,146,149,150,185,186,189,202,205,206,210,231,241,243,248,277,342,390,391,395,398,400,402,429,454,460,491,502,516,522,578,581,591,632,644,838,872,948,949,979,1051,1117,1118,1146,1196,1268,1269,1270,1293,1295,1425,1474,1478,1481,1562,1580,1816,1920,1936,1973,2109,2315,2337,2407,2512,2679,3345,4217,4473,6742,7217,
1224;0;10723;10764;0;8,20,24,34,36,38,54,60,74,117,139,142,144,145,146,149,150,185,186,189,202,205,206,210,231,241,243,248,277,342,390,391,395,398,400,429,516,578,581,591,644,759,838,872,949,979,1051,1117,1118,1146,1196,1268,1269,1270,1293,1295,1425,1474,1478,1481,1562,1580,1723,1816,1920,1936,1973,2109,2315,2337,2407,2512,2679,3345,4217,4473,6686,6687,6742,7217,
1065;0;10764;10803;0;17,20,24,26,28,34,35,38,52,54,74,137,139,144,148,149,155,189,198,225,234,241,248,255,277,291,329,390,395,398,490,528,640,653,754,838,872,949,1118,1119,1146,1268,1269,1270,1275,1285,1286,1287,1288,1289,1293,1295,1474,1478,1580,1816,1920,1936,1973,2326,2337,2407,2679,2774,2775,2777,3263,3717,4010,4217,4605,4606,5353,5474,5498,6514,7012,7013,7217,8486,
1184;0;10803;10840;0;17,20,24,26,28,34,35,38,52,54,74,137,139,144,148,149,155,189,198,225,234,241,248,255,277,291,329,390,395,398,490,528,640,653,754,838,872,949,1118,1119,1146,1268,1269,1270,1275,1285,1286,1287,1288,1289,1293,1295,1474,1478,1580,1816,1920,1936,1973,2326,2337,2407,2679,2774,2775,2777,3263,3717,4010,4217,4605,4606,5353,5474,5498,6514,7012,7013,7217,8486,
1076;0;10840;10874;0;17,20,24,26,28,34,35,38,52,54,74,137,139,144,148,149,155,189,198,225,234,241,248,255,277,291,329,390,395,398,490,528,640,653,754,838,872,949,1118,1119,1146,1268,1269,1270,1275,1285,1286,1287,1288,1289,1293,1295,1474,1478,1580,1816,1920,1936,1973,2326,2337,2407,2679,2774,2775,2777,3263,3717,4010,4217,4605,4606,5353,5474,5498,6514,7012,7013,7217,8486,
1061;0;10874;10907;0;17,20,24,26,28,34,35,38,52,54,74,137,139,144,148,149,155,189,198,225,234,241,248,255,277,291,329,390,395,398,490,528,640,653,754,838,872,949,1118,1119,1146,1268,1269,1270,1275,1285,1286,1287,1288,1289,1293,1295,1474,1478,1580,1816,1920,1936,1973,2326,2337,2407,2679,2774,2775,2777,3263,3717,4010,4217,4605,4606,5353,5474,5498,6514,7012,7013,7217,8486,
1074;0;10907;10934;0;17,20,24,26,28,34,35,38,52,54,74,137,139,144,148,149,155,189,198,225,234,241,248,255,277,291,329,390,395,398,490,528,640,653,754,838,872,949,1118,1119,1146,1268,1269,1270,1275,1285,1286,1287,1288,1289,1293,1295,1474,1478,1580,1816,1920,1936,1973,2326,2337,2407,2679,2774,2775,2777,3263,3717,4010,4217,4605,4606,5353,5474,5498,6514,7012,7013,7217,8486,
1187;0;10934;10959;0;17,20,24,26,28,34,35,38,52,54,74,137,139,144,148,149,155,189,198,225,234,241,248,255,277,291,329,390,395,398,490,528,640,653,754,838,872,949,1118,1119,1146,1268,1269,1270,1275,1285,1286,1287,1288,1289,1293,1295,1474,1478,1580,1816,1920,1936,1973,2326,2337,2407,2679,2774,2775,2777,3263,3717,4010,4217,4605,4606,5353,5474,5498,6514,7012,7013,7217,8486,
841;0;11520;11542;0;24,26,34,38,52,54,74,95,137,139,144,149,189,225,234,241,245,248,255,273,277,289,290,291,297,321,379,390,395,398,490,528,640,647,769,838,872,891,949,1024,1052,1118,1119,1121,1146,1268,1269,1270,1275,1286,1287,1288,1293,1295,1474,1478,1580,1669,1680,1816,1920,1936,1973,2337,2371,2388,2407,2774,2775,2816,3263,3292,4552,4563,5206,5351,6184,7215,7216,7217,
1188;0;11542;11562;0;24,26,34,38,52,54,74,90,95,137,139,144,149,189,225,234,241,245,248,255,273,277,289,290,291,297,321,379,390,395,398,490,528,640,647,772,773,838,843,872,891,949,1024,1118,1119,1121,1146,1268,1269,1270,1275,1286,1287,1288,1293,1295,1474,1478,1580,1669,1680,1920,1922,1936,1973,2337,2371,2407,2498,2774,2775,3263,3292,4427,4728,4747,5107,5108,5109,5206,
849;0;11562;11579;0;24,26,34,38,52,74,90,95,97,144,149,189,234,241,248,255,267,268,272,273,277,287,297,305,321,390,395,398,490,528,640,772,773,838,843,872,892,912,949,1146,1166,1200,1268,1269,1270,1286,1287,1288,1293,1295,1493,1513,1580,1728,1729,1812,1922,1936,1973,2337,2365,2371,2405,2498,3000,3436,3437,3438,3439,3440,3441,3442,3443,3444,3445,4427,4728,4747,5107,5108,
845;0;11579;11587;0;24,26,34,38,52,74,90,95,97,144,149,189,234,241,248,255,267,268,272,273,277,287,297,305,321,390,395,398,490,528,640,772,773,838,843,872,892,912,949,1146,1166,1200,1268,1269,1270,1286,1287,1288,1293,1295,1493,1513,1580,1728,1729,1812,1922,1936,1973,2337,2365,2371,2405,2498,3000,3436,3437,3438,3439,3440,3441,3442,3443,3444,4427,4728,4747,5107,5108,5281,
934;0;11587;11618;1;24,26,34,38,52,74,90,95,97,144,149,189,234,241,248,255,267,268,272,273,277,287,297,305,321,390,395,398,490,528,640,772,773,838,843,872,892,912,949,1146,1166,1200,1268,1269,1270,1286,1287,1288,1293,1295,1493,1513,1580,1728,1729,1812,1922,1936,1973,2337,2365,2371,2405,2498,3000,3436,3437,3438,3439,3440,3441,3442,3443,3444,4427,4728,4747,5107,7379,7413,
1181;0;11618;11650;1;24,26,34,38,52,74,90,95,97,144,149,169,189,208,234,241,248,251,255,267,268,272,273,277,287,297,305,321,390,395,398,486,490,518,528,640,772,773,838,843,872,875,892,912,949,1146,1166,1200,1268,1269,1270,1286,1287,1288,1293,1295,1493,1513,1580,1728,1729,1812,1922,1935,1936,1973,2306,2337,2365,2371,2405,2412,2498,2830,3000,3436,3437,4383,4427,4453,
1214;0;11650;11686;1;24,26,34,38,52,74,90,95,97,144,149,169,189,208,234,241,248,251,255,267,268,272,273,277,287,297,305,321,390,395,398,486,490,518,528,640,772,773,838,843,872,875,892,912,949,1146,1166,1200,1210,1268,1269,1270,1286,1287,1288,1293,1295,1493,1513,1580,1728,1729,1744,1752,1753,1754,1768,1812,1922,1935,1936,1973,2306,2337,2365,2371,2405,2412,2498,4427,
924;0;11686;11730;1;24,26,34,38,52,74,90,95,97,144,149,169,189,208,234,241,248,251,255,262,267,268,272,273,277,287,288,297,305,321,390,395,398,404,486,490,518,528,640,772,773,838,843,872,875,892,912,949,1146,1163,1166,1200,1210,1268,1269,1270,1286,1287,1288,1293,1295,1493,1513,1580,1728,1729,1744,1752,1768,1814,1884,1935,1936,2223,2306,2337,2371,2405,4427,5651,
844;0;11730;11776;1;24,26,34,38,52,74,88,95,97,104,144,149,169,189,234,241,248,255,262,276,277,288,297,321,390,395,398,404,438,490,528,586,640,767,770,772,833,838,844,862,863,872,912,931,947,949,1146,1210,1268,1269,1270,1286,1287,1288,1293,1295,1493,1519,1520,1580,1768,1935,1936,2223,2306,2337,2491,3531,3638,5456,5656,5774,6022,6441,7583,7585,8022,8095,8303,8304,
1126;0;11776;11827;1;24,26,27,34,38,52,74,88,95,97,104,144,149,169,189,234,241,248,255,262,276,277,288,297,321,390,395,398,404,438,490,528,586,640,767,770,772,826,833,838,844,862,863,872,912,931,947,949,1146,1210,1267,1268,1269,1270,1286,1287,1288,1293,1295,1493,1580,1685,1768,1935,1936,2091,2197,2223,2306,2337,3015,3411,3774,4487,4488,5162,5471,5682,7671,8836,
1212;0;11827;11879;1;24,26,27,34,38,52,74,88,95,97,104,144,149,169,189,234,241,248,255,262,276,277,288,297,321,390,395,398,404,438,490,528,586,640,767,770,772,826,833,838,844,862,863,871,872,873,874,912,931,947,949,1146,1210,1267,1268,1269,1270,1286,1287,1288,1293,1295,1456,1493,1580,1685,1768,1935,1936,2091,2197,2223,2306,2337,3015,3411,3774,4487,4488,5162,
1063;0;11879;11932;1;24,26,27,34,38,52,74,88,95,97,104,144,149,169,189,234,241,248,255,262,276,277,288,297,321,390,395,398,404,438,490,528,586,640,767,770,772,826,833,838,844,862,863,871,872,873,874,912,931,947,949,1146,1210,1267,1268,1269,1270,1286,1287,1288,1293,1295,1456,1493,1580,1685,1726,1768,1935,1936,2091,2197,2223,2306,2337,2872,3015,3411,3774,5468,
1034;0;11932;11989;1;24,26,27,34,38,52,74,88,95,97,104,144,149,169,189,234,241,248,255,262,276,277,288,297,321,390,395,398,404,438,490,528,530,586,640,767,770,772,826,833,838,844,862,863,871,872,873,874,912,931,947,949,1146,1210,1267,1268,1269,1270,1286,1287,1288,1293,1295,1456,1493,1580,1685,1726,1768,1935,1936,2091,2197,2223,2306,2337,2872,3015,3411,3774,
809;0;11989;12049;1;24,26,27,34,38,52,74,95,97,144,149,169,189,234,241,248,255,262,276,277,288,297,321,390,395,398,404,438,528,529,614,618,619,640,772,838,871,872,912,949,1146,1210,1240,1266,1268,1269,1270,1273,1278,1280,1286,1287,1288,1291,1293,1294,1295,1493,1512,1580,1726,1768,1935,1936,2091,2223,2306,2337,2346,2347,2577,3774,4206,6966,7017,7018,7019,7020,7021,7022,
147;0;12049;12058;1;24,26,27,34,38,52,74,95,97,144,149,169,189,234,241,248,255,262,276,277,288,297,321,390,395,398,404,438,528,529,614,618,619,640,772,838,871,872,912,949,1146,1210,1240,1266,1268,1269,1270,1273,1278,1280,1286,1287,1288,1291,1293,1294,1295,1493,1512,1580,1726,1768,1935,1936,2091,2223,2306,2337,2346,2347,2577,3774,8134,8137,8143,8231,8271,8272,8285,8291,
147;1;12058;12117;1;24,26,27,34,38,52,74,95,97,144,149,169,189,234,241,248,255,262,276,277,288,297,321,390,395,398,404,438,528,529,614,618,619,640,677,772,838,871,872,912,949,1146,1210,1240,1266,1268,1269,1270,1273,1278,1280,1286,1287,1288,1291,1293,1294,1295,1493,1512,1524,1580,1726,1768,1935,1936,2091,2223,2306,2337,2346,2347,2577,2643,2645,3774,4398,6195,8134,8137,
1040;0;12117;12186;1;24,26,27,34,38,52,74,95,97,144,149,169,189,234,241,247,248,255,262,276,277,288,297,321,390,395,398,404,438,528,529,614,618,619,640,677,772,838,871,872,912,949,1146,1210,1240,1264,1266,1268,1269,1270,1273,1277,1278,1280,1286,1287,1288,1291,1293,1294,1295,1322,1493,1512,1580,1710,1726,1768,1935,1936,2091,2223,2306,2337,2611,2643,2645,3774,5316,5334,
955;0;12186;12259;1;74,79,97,113,137,144,145,152,225,238,241,255,262,277,302,322,379,382,398,404,426,429,497,567,578,838,979,1196,1234,1268,1269,1273,1280,1286,1288,1293,1430,1473,1478,1572,1800,1898,1936,1940,2109,2179,2230,2394,2818,2821,2824,2826,3022,3132,3284,3292,3409,3606,3627,3796,3870,4294,4472,4672,4889,4890,4891,4892,4893,4894,4895,4896,4897,4898,4899,5058,5100,5496,5876,6152,
1096;0;12259;12334;1;74,79,97,113,137,144,145,152,225,238,241,255,262,277,302,322,379,382,398,404,426,429,497,567,578,838,979,1196,1234,1268,1269,1273,1280,1286,1288,1293,1430,1473,1478,1572,1800,1898,1936,1940,2109,2179,2230,2394,2818,2821,2824,2826,3022,3132,3284,3292,3409,3606,3627,3796,3870,4294,4472,4672,4889,4890,4891,4892,4893,4894,4895,4896,4897,4898,4899,5058,5100,5496,5876,6152,
878;0;12334;12410;1;74,79,97,113,137,144,145,152,225,238,241,255,262,277,302,322,379,382,398,404,426,429,497,567,578,838,979,1196,1234,1268,1269,1273,1280,1286,1288,1293,1430,1473,1478,1572,1800,1898,1936,1940,2109,2179,2230,2394,2818,2821,2824,2826,3022,3132,3284,3292,3409,3606,3627,3796,3870,4294,4472,4672,4889,4890,4891,4892,4893,4894,4895,4896,4897,4898,4899,5058,5100,5496,5876,6152,
783;0;12410;12490;1;74,79,97,113,137,144,145,152,225,238,241,255,262,277,302,322,379,382,398,404,426,429,497,567,578,838,979,1196,1234,1268,1269,1273,1280,1286,1288,1293,1430,1473,1478,1572,1800,1898,1936,1940,2109,2179,2230,2394,2818,2821,2824,2826,3022,3132,3284,3292,3409,3606,3627,3796,3870,4294,4472,4672,4889,4890,4891,4892,4893,4894,4895,4896,4897,4898,4899,5058,5100,5496,5876,6152,
162;0;12960;13034;1;74,79,97,113,137,144,145,152,225,238,241,255,262,277,290,291,302,322,379,382,398,404,426,429,497,567,578,838,979,1117,1196,1234,1268,1269,1273,1280,1286,1288,1293,1430,1473,1478,1572,1800,1898,1936,1940,2109,2179,2230,2394,2690,2818,2821,2824,2826,3022,3132,3284,3292,3409,3606,3627,3796,3870,4294,4472,4633,4672,4889,4890,4891,4892,4893,4898,4899,5259,6731,6732,6742,
162;1;13034;13043;1;74,79,97,113,137,144,145,152,157,225,238,241,255,262,277,290,291,302,322,379,382,398,404,426,429,497,567,578,838,979,1117,1196,1234,1268,1269,1273,1279,1280,1286,1288,1293,1430,1473,1478,1572,1800,1898,1936,1940,2091,2109,2179,2230,2337,2394,2690,2818,2821,2824,2826,2984,3005,3022,3050,3132,3284,3292,3409,3606,3627,3796,3870,4294,4472,4633,4672,4898,4899,8352,8353,
1006;0;13043;13126;1;24,61,74,79,97,113,137,144,145,152,157,225,238,241,255,262,277,290,291,302,322,379,382,398,404,426,429,497,567,578,838,887,979,1117,1196,1234,1268,1269,1273,1279,1280,1286,1287,1288,1293,1430,1473,1478,1572,1800,1898,1936,1940,2091,2109,2179,2221,2230,2264,2279,2337,2394,2690,2818,2821,2824,2826,2934,2984,3005,3022,3284,3870,4898,4899,6869,7971,8332,8523,9074,
939;0;13126;13214;1;24,61,74,79,97,113,137,144,145,152,157,225,238,241,255,262,277,290,291,302,322,379,382,398,404,426,429,497,567,578,838,887,979,1117,1196,1234,1268,1269,1273,1279,1280,1286,1287,1288,1293,1430,1473,1478,1572,1936,2091,2221,2230,2279,2934,3022,3284,3484,3485,3486,3489,3490,3491,3492,3493,3494,3496,3498,3499,3500,3501,3502,3503,3504,3505,3659,3660,3870,4898,4899,
1138;0;13214;13304;1;24,61,74,79,97,113,137,144,145,152,157,225,238,241,255,262,277,290,291,302,322,379,382,398,404,426,429,430,497,567,578,644,838,887,979,1117,1196,1214,1234,1268,1269,1273,1279,1280,1286,1287,1288,1293,1430,1473,1478,1572,1936,2091,2221,2230,2279,2628,2705,2709,2934,3022,3284,3484,3485,3486,3489,3490,3491,3492,3493,3870,4898,4899,7296,7308,7316,8305,8801,8805,
840;0;13304;13397;1;24,61,74,79,97,113,137,144,145,152,157,225,238,241,255,262,277,290,291,302,322,379,382,398,404,426,429,430,497,567,578,644,838,887,979,1117,1196,1214,1234,1268,1269,1273,1279,1280,1286,1287,1288,1293,1430,1473,1478,1572,1936,2091,2221,2230,2279,2628,2705,2934,3022,3284,3870,4898,4899,6360,6926,7284,7296,7308,7316,7644,7648,8216,8219,8221,8225,8227,8228,8801,
189;0;13397;13470;1;24,61,74,79,97,113,137,144,145,152,157,225,238,241,255,262,277,290,291,302,379,395,398,404,429,430,497,644,838,1117,1196,1214,1268,1269,1273,1279,1293,1473,1478,1936,2091,2221,2230,2279,2628,2774,2775,2776,2779,2812,2934,2947,3022,3284,3870,4052,4740,4781,4853,4898,4899,5757,5809,6570,6571,6572,6573,6574,6575,6576,6577,6578,6579,6580,6581,6582,7296,7308,7316,8801,
189;1;13470;13495;1;24,61,74,79,97,113,137,144,145,152,157,225,231,238,241,255,262,277,288,290,291,302,379,395,398,404,429,430,497,591,644,838,1117,1196,1214,1268,1269,1273,1279,1293,1401,1473,1476,1478,1936,2091,2221,2230,2279,2355,2628,2774,2775,2776,2779,2812,2934,2947,3022,3284,3870,4052,4740,4781,4853,4898,4899,5757,5809,6570,6571,6572,6573,6574,6575,6576,7296,7308,7316,8801,
1045;0;13495;13595;1;24,61,74,79,97,113,137,144,145,152,157,202,225,231,238,241,255,262,277,288,290,291,302,379,395,398,404,429,430,497,591,644,838,864,1117,1196,1214,1268,1269,1273,1279,1293,1401,1473,1476,1478,1509,1895,1936,2091,2221,2230,2279,2315,2355,2413,2518,2628,2774,2775,2776,2779,2812,2934,2941,2947,3022,3284,3870,3891,4052,4514,4740,4781,4898,4899,7296,7308,7316,8801,
940;0;13595;13700;1;4,24,95,100,141,142,144,147,152,202,241,288,289,293,390,398,429,430,644,647,692,715,768,772,1048,1051,1054,1145,1146,1201,1358,1468,1529,1604,1667,1726,1768,1813,1936,1941,1946,1947,2223,2230,2315,2627,2636,2640,2654,2657,2680,2692,2699,2714,2733,2750,2756,2986,3022,3482,3607,4376,5082,5195,5402,5484,5485,5594,5984,6235,6340,7296,7299,7308,8432,8801,8825,8826,8827,8828,
890;0;13700;13809;1;4,24,95,100,141,142,144,147,152,202,241,288,289,293,390,398,429,430,644,647,692,715,768,772,1048,1051,1054,1145,1146,1201,1358,1468,1529,1604,1667,1726,1768,1813,1936,1941,1946,1947,2223,2230,2315,2627,2636,2640,2654,2657,2680,2692,2699,2714,2733,2750,2756,2986,3022,3482,3607,4376,5082,5195,5402,5484,5485,5594,5984,6235,6340,7296,7299,7308,8432,8801,8825,8826,8827,8828,
188;0;13809;13823;1;4,24,95,100,141,142,144,147,152,202,241,288,289,293,390,398,429,430,644,647,692,715,768,772,1048,1051,1054,1145,1146,1201,1358,1468,1529,1604,1667,1726,1768,1813,1936,1941,1946,1947,2223,2230,2315,2627,2636,2640,2654,2657,2680,2692,2699,2714,2733,2750,2756,2986,3022,3482,3607,4376,5082,5195,5402,5484,5485,5594,5984,6235,6340,7296,7299,7308,8432,8801,8825,8826,8827,8828,
188;1;13823;13919;1;4,24,95,100,141,142,144,147,152,202,241,288,289,293,390,398,429,430,644,647,692,715,768,772,1048,1051,1054,1145,1146,1201,1358,1468,1529,1604,1667,1726,1768,1813,1936,1941,1946,1947,2223,2230,2315,2627,2636,2640,2654,2657,2680,2692,2699,2714,2733,2750,2756,2986,3022,3482,3607,4376,5082,5195,5402,5484,5485,5594,5984,6235,6340,7296,7299,7308,8432,8801,8825,8826,8827,8828,
60;0;13919;13960;1;4,24,95,100,141,142,144,147,152,202,241,288,289,293,390,398,429,430,644,647,692,715,768,772,1048,1051,1054,1145,1146,1201,1358,1468,1529,1604,1667,1726,1768,1813,1936,1941,1946,1947,2223,2230,2315,2627,2636,2640,2654,2657,2680,2692,2699,2714,2733,2750,2756,2986,3022,3482,3607,4376,5082,5195,5402,5484,5485,5594,5984,6235,6340,7296,7299,7308,8432,8801,8825,8826,8827,8828,
60;1;13960;14033;1;4,24,95,100,141,142,144,147,152,202,241,288,289,293,390,398,429,430,644,647,692,715,768,772,1048,1051,1054,1145,1146,1201,1358,1468,1529,1604,1667,1726,1768,1813,1936,1941,1946,1947,2223,2230,2315,2627,2636,2640,2654,2657,2680,2692,2699,2714,2733,2750,2756,2986,3022,3482,3607,4376,5082,5195,5402,5484,5485,5594,5984,6235,6340,7296,7299,7308,8432,8801,8825,8826,8827,8828,
979;0;14400;14514;1;4,24,54,95,100,141,142,144,147,152,202,241,288,289,293,390,398,429,430,474,487,504,506,644,647,658,692,715,722,756,768,772,871,1048,1051,1054,1089,1145,1146,1201,1358,1468,1529,1558,1580,1604,1667,1726,1768,1813,1936,1941,1946,1947,1994,2163,2223,2230,2306,2315,2627,2636,2640,2654,2657,2680,2692,2986,3003,3022,3864,4376,5082,5402,5404,5405,5484,5485,5984,7296,
41;0;14514;14585;1;4,24,54,95,100,141,142,144,147,152,189,202,241,249,288,289,293,390,398,429,430,474,487,504,506,529,644,647,658,692,715,722,756,768,772,871,1048,1051,1054,1089,1145,1146,1201,1282,1291,1358,1468,1529,1558,1580,1604,1667,1936,1941,1994,2230,2258,2306,2309,2407,2419,2627,2640,2657,2680,2692,2986,3003,3022,3256,3703,3753,4376,5082,5402,5484,5485,5984,6657,7296,
41;1;14585;14629;1;4,24,30,54,95,100,141,142,144,147,152,169,189,190,202,241,249,288,289,293,390,398,429,430,474,487,504,506,529,644,647,658,692,715,722,756,768,772,871,872,972,1048,1051,1145,1146,1201,1282,1558,1561,1562,1580,1587,1887,1936,1941,1994,2230,2306,2407,2563,2572,2627,2640,2657,2680,2692,2765,2986,3003,3022,3346,4376,5082,5402,5484,5485,5984,7296,7649,7650,
1200;0;14629;14749;1;4,15,24,30,54,95,100,141,142,144,147,152,169,189,190,202,241,249,288,289,293,390,398,429,430,474,487,504,506,529,644,647,658,692,715,722,756,768,772,871,872,972,1048,1051,1145,1146,1201,1282,1558,1561,1562,1580,1587,1887,1936,1941,1994,2230,2306,2407,2563,2572,2627,2640,2657,2680,2692,2765,2986,3003,3022,3346,4376,5082,5402,5484,5485,5984,7296,7649,
361;0;14749;14897;0;4,15,24,30,54,66,95,100,141,142,144,147,152,169,189,190,202,205,206,241,249,288,289,293,390,398,429,430,474,480,487,503,504,506,510,516,529,644,647,658,692,715,722,756,768,772,871,872,964,965,1145,1146,1201,1282,1558,1580,1587,1936,1941,1994,2230,2306,2407,2627,2640,2657,2680,2692,2986,3003,3022,3346,4184,4376,5082,5402,5484,5485,5984,7296,
361;1;14897;14933;0;4,15,24,30,54,61,66,95,100,141,142,144,147,152,169,189,190,202,205,206,210,241,249,288,289,293,390,398,429,430,506,644,647,692,715,722,756,871,872,1145,1146,1201,1273,1558,1580,1936,1941,1994,2230,2306,2407,2627,2640,2657,2680,2692,2934,2941,2968,2986,3003,3022,3346,3578,3615,3809,3814,4261,4262,4263,4264,4265,4266,4376,5082,5402,5484,5485,5984,7296,
920;0;14933;15112;0;4,15,16,19,22,24,25,30,34,39,44,54,61,66,95,100,141,142,144,147,152,169,189,190,202,205,206,210,241,249,288,289,293,390,398,421,429,506,644,647,692,715,722,756,871,872,1145,1146,1179,1201,1247,1261,1558,1580,1606,1650,1936,1941,1994,2230,2306,2407,2627,2640,2657,2680,2692,2968,2986,3003,3022,3346,3578,4376,5082,5402,5484,5485,5984,7296,
1118;0;15112;15178;0;15,24,34,54,60,95,137,139,143,144,149,202,234,276,288,297,321,351,379,390,395,398,435,506,647,692,854,871,891,898,949,1024,1050,1117,1118,1119,1121,1210,1474,1484,1558,1668,1669,1680,1751,1994,2062,2063,2492,2536,2605,2692,2783,2986,3022,3037,3263,3286,3345,3346,3532,3744,4313,4314,4315,4316,4317,4318,4376,4495,4501,5206,5402,5483,5484,5485,5739,6384,6614,7261,
793;0;15178;15307;1;15,24,34,54,60,95,137,139,143,144,149,202,234,276,288,297,321,351,379,390,395,398,435,506,647,692,854,871,891,898,949,1024,1050,1117,1118,1119,1121,1210,1474,1484,1558,1668,1669,1680,1751,1994,2062,2063,2492,2536,2605,2692,2783,2986,3022,3037,3263,3286,3345,3346,3532,3744,4313,4314,4315,4316,4317,4318,4376,4495,4501,5206,5402,5483,5484,5485,5739,6384,6614,7261,
END
fineshedJobsCount: 851
switchs: 10941
switchsInstances: 580
unfineshedPriorityCount: 291
finalSolution: 59
totalUnfineshed: 385
Time: 114
