input/MyInstancesDiferentToolSets/n=399,p=0.50,r=0.5,t=598,v0.csv;./input/Processed/ToolSetInt.csv
11;720;1440;15840
Machine: 0
345;0;0;8;1;95,144,149,231,262,277,314,321,329,377,391,396,397,398,404,458,640,1054,1093,1118,1273,1293,1476,1478,1479,1543,1570,1587,1604,1670,1811,1859,2074,2089,2611,2645,2687,2774,2775,2776,2778,2790,2941,2958,3019,3263,3381,3382,3482,3604,3861,3862,3863,3864,3865,3866,3867,3868,3869,3870,3988,4093,4263,4268,4605,4946,5082,5370,5984,6340,6629,7428,8147,8261,8412,8653,8654,8655,8656,8657,
115;0;8;181;0;95,144,149,231,262,277,314,321,329,377,391,396,397,398,404,458,640,1054,1093,1118,1273,1293,1476,1478,1479,1543,1570,1587,1604,1670,1811,1859,2074,2089,2611,2645,2687,2774,2775,2776,2778,2790,2941,2958,3019,3263,3381,3382,3482,3604,3861,3862,3863,3864,3865,3866,3867,3868,3869,3870,3988,4093,4263,4268,4605,4946,5082,5370,5984,6340,6629,7428,8147,8261,8412,8653,8654,8655,8656,8657,
115;1;181;351;0;95,144,149,231,262,277,314,321,329,377,391,396,397,398,404,458,640,1054,1093,1118,1273,1293,1476,1478,1479,1543,1570,1587,1604,1670,1811,1859,2074,2089,2611,2645,2687,2774,2775,2776,2778,2790,2941,2958,3019,3263,3381,3382,3482,3604,3861,3862,3863,3864,3865,3866,3867,3868,3869,3870,3988,4093,4263,4268,4605,4946,5082,5370,5984,6340,6629,7428,8147,8261,8412,8653,8654,8655,8656,8657,
55;0;351;522;0;95,144,149,231,262,277,314,321,329,377,391,396,397,398,404,458,640,1054,1093,1118,1273,1293,1476,1478,1479,1543,1570,1587,1604,1670,1811,1859,2074,2089,2611,2645,2687,2774,2775,2776,2778,2790,2941,2958,3019,3263,3381,3382,3482,3604,3861,3862,3863,3864,3865,3866,3867,3868,3869,3870,3988,4093,4263,4268,4605,4946,5082,5370,5984,6340,6629,7428,8147,8261,8412,8653,8654,8655,8656,8657,
55;1;522;669;0;95,144,149,231,262,277,314,321,329,377,391,396,397,398,404,458,640,1054,1093,1118,1273,1293,1476,1478,1479,1543,1570,1587,1604,1670,1811,1859,2074,2089,2611,2645,2687,2774,2775,2776,2778,2790,2941,2958,3019,3263,3381,3382,3482,3604,3861,3862,3863,3864,3865,3866,3867,3868,3869,3870,3988,4093,4263,4268,4605,4946,5082,5370,5984,6340,6629,7428,8147,8261,8412,8653,8654,8655,8656,8657,
54;0;669;821;0;27,76,95,117,144,149,191,231,262,277,314,321,329,359,377,391,396,397,398,404,408,415,460,503,640,724,1054,1093,1118,1273,1278,1293,1468,1476,1478,1479,1587,1604,1811,2025,2074,2089,2223,2281,2310,2611,2645,2687,2774,2775,2776,2778,2790,2941,2968,3019,3263,3861,3867,3869,4093,4162,4605,4946,4991,5370,5600,5607,6629,7428,7936,8147,8450,8451,8452,8653,8654,8655,8656,8657,
54;1;821;975;0;27,76,95,117,144,149,191,231,262,277,314,321,329,359,377,391,396,397,398,404,408,415,460,503,640,724,1054,1093,1118,1273,1278,1293,1468,1476,1478,1479,1587,1604,1811,2025,2074,2089,2223,2281,2310,2611,2645,2687,2774,2775,2776,2778,2790,2941,2968,3019,3263,3861,3867,3869,4093,4162,4605,4946,4991,5370,5600,5607,6629,7428,7936,8147,8450,8451,8452,8653,8654,8655,8656,8657,
79;0;975;1132;0;27,76,95,117,144,149,191,231,262,277,314,321,329,359,377,391,396,397,398,404,408,415,460,503,640,724,1054,1093,1118,1273,1278,1293,1468,1476,1478,1479,1587,1604,1811,2025,2074,2089,2223,2281,2310,2611,2645,2687,2774,2775,2776,2778,2790,2941,2968,3019,3263,3861,3867,3869,4093,4162,4605,4946,4991,5370,5600,5607,6629,7428,7936,8147,8450,8451,8452,8653,8654,8655,8656,8657,
79;1;1132;1275;0;27,76,95,117,144,149,191,231,262,277,314,321,329,359,377,391,396,397,398,404,408,415,460,503,640,724,1054,1093,1118,1273,1278,1293,1468,1476,1478,1479,1587,1604,1811,2025,2074,2089,2223,2281,2310,2611,2645,2687,2774,2775,2776,2778,2790,2941,2968,3019,3263,3861,3867,3869,4093,4162,4605,4946,4991,5370,5600,5607,6629,7428,7936,8147,8450,8451,8452,8653,8654,8655,8656,8657,
50;0;1440;1620;0;3,27,76,95,117,137,144,149,191,231,262,277,314,321,329,359,377,391,396,397,398,404,408,415,460,503,640,724,1054,1062,1093,1118,1273,1278,1293,1361,1468,1476,1478,1479,1587,1604,1809,1811,2025,2074,2089,2223,2281,2310,2337,2611,2645,2687,2774,2775,2776,2778,2790,2941,2968,2984,3019,3263,3621,3861,3867,3869,4093,4162,4553,4605,4727,4946,5830,6101,6107,6109,6113,8655,
50;1;1620;1735;0;3,4,27,76,95,117,137,144,149,191,231,262,277,314,321,329,359,377,391,396,397,398,404,408,415,460,503,640,724,833,838,1054,1062,1093,1118,1273,1278,1293,1361,1468,1476,1478,1479,1587,1604,1809,1811,2025,2074,2089,2223,2281,2310,2337,2388,2611,2645,2687,2774,2775,2776,2778,2790,2941,2968,2984,3019,3263,3861,3867,3869,4093,4553,4605,5536,5830,6101,6107,6109,8655,
93;0;1735;1885;0;3,18,26,34,44,46,55,57,59,76,95,128,137,144,198,231,277,329,371,377,391,397,398,404,413,415,427,496,640,757,833,838,1013,1054,1118,1273,1293,1361,1468,1476,1478,1479,1565,1587,1652,1809,2034,2035,2071,2074,2223,2337,2395,2396,2611,2645,2774,2775,2778,2979,2984,3006,3263,3861,3867,3902,4074,4553,4605,5405,5474,5708,5927,5928,5929,5930,5931,5932,5933,5934,
93;1;1885;2016;0;3,18,26,34,44,46,55,57,59,76,95,128,137,144,198,231,277,329,371,377,391,397,398,404,413,415,427,496,640,757,833,838,1013,1054,1118,1273,1293,1361,1468,1476,1478,1479,1565,1587,1652,1809,2034,2035,2071,2074,2223,2337,2395,2396,2611,2645,2774,2775,2778,2979,2984,3006,3263,3861,3867,3902,4074,4553,4605,5405,5474,5708,5927,5928,5929,5930,5931,5932,5933,8286,
19;0;2016;2137;0;3,18,24,26,34,44,46,55,57,59,76,95,126,128,137,144,198,208,231,277,329,371,377,391,397,398,404,413,415,427,480,496,499,504,547,578,640,757,833,838,964,1013,1054,1118,1273,1293,1361,1468,1476,1478,1479,1565,1587,1701,1809,1936,2034,2035,2069,2074,2223,2306,2337,2611,2645,2774,2775,2778,2984,3006,3263,3395,3861,3902,4074,4553,4605,5708,5927,7980,
19;1;2137;2286;0;76,95,157,245,247,255,273,274,290,297,302,390,395,398,427,440,529,558,577,600,647,769,772,891,1024,1147,1221,1268,1269,1273,1279,1286,1288,1290,1293,1468,1474,1484,1592,1651,1669,1700,1750,1920,2064,2091,2223,2337,2353,2354,2512,2984,3005,3029,3050,3284,3285,3286,3287,3288,3829,4440,4452,4552,4813,5091,5092,5093,5094,5095,5096,5206,5351,5706,6184,7215,7216,7217,8352,8353,
70;0;2286;2448;0;76,95,157,245,247,255,273,274,290,297,302,390,395,398,427,440,529,558,577,600,647,769,772,891,1024,1147,1221,1268,1269,1273,1279,1286,1288,1290,1293,1468,1474,1484,1592,1651,1669,1700,1750,1920,2064,2091,2223,2337,2353,2354,2512,2984,3005,3029,3050,3284,3285,3286,3287,3288,3829,4440,4452,4552,4813,5091,5092,5093,5094,5095,5096,5206,5351,5706,6184,7215,7216,7217,8352,8353,
70;1;2448;2548;0;76,95,157,245,247,255,273,274,290,297,302,390,395,398,427,440,529,558,577,600,647,769,772,891,1024,1147,1221,1268,1269,1273,1279,1286,1288,1290,1293,1468,1474,1484,1592,1651,1669,1700,1750,1920,2064,2091,2223,2337,2353,2354,2512,2984,3005,3029,3050,3284,3285,3286,3287,3288,3829,4440,4452,4552,4813,5091,5092,5093,5094,5095,5096,5206,5351,5706,6184,7215,7216,7217,8352,8353,
22;0;2548;2724;0;76,95,157,245,247,255,273,274,290,297,302,390,395,398,427,440,529,558,577,600,647,769,772,891,1024,1147,1221,1268,1269,1273,1279,1286,1288,1290,1293,1468,1474,1484,1592,1651,1669,1700,1750,1920,2064,2091,2223,2337,2353,2354,2512,2984,3005,3029,3050,3284,3285,3286,3287,3288,3829,4440,4452,4552,4813,5091,5092,5093,5094,5095,5096,5206,5351,5706,6184,7215,7216,7217,8352,8353,
22;1;2724;2797;0;76,95,157,245,247,255,273,274,290,297,302,390,395,398,427,440,529,558,577,600,647,769,772,891,1024,1147,1221,1268,1269,1273,1279,1286,1288,1290,1293,1468,1474,1484,1592,1651,1669,1700,1750,1920,2064,2091,2223,2337,2353,2354,2512,2984,3005,3029,3050,3284,3285,3286,3287,3288,3829,4440,4452,4552,4813,5091,5092,5093,5094,5095,5096,5206,5351,5706,6184,7215,7216,7217,8352,8353,
71;0;2880;3037;0;76,95,142,157,241,245,247,255,273,274,290,293,297,302,390,395,398,427,429,440,529,558,577,600,644,647,769,772,891,1024,1147,1221,1268,1269,1273,1279,1286,1288,1290,1293,1468,1474,1484,1592,1651,1669,1700,1750,1813,1920,2064,2091,2223,2337,2353,2354,2512,2984,3005,3029,3050,3284,3285,3286,3287,3288,3829,4440,4452,4552,4813,5091,5092,5093,5094,5095,5096,5206,5351,5594,
71;1;3037;3124;0;33,48,76,95,142,157,241,245,247,255,273,274,290,293,297,302,390,395,398,427,429,440,452,529,558,577,600,644,647,769,772,891,962,1024,1147,1221,1261,1268,1269,1273,1279,1286,1288,1290,1293,1468,1474,1484,1592,1605,1651,1669,1700,1750,1796,1797,1813,1920,2064,2091,2223,2337,2353,2354,2512,2984,3005,3029,3050,3284,3285,3286,3287,3288,3829,4440,4452,4552,4813,5206,
122;0;3124;3287;0;33,48,76,95,142,157,241,245,247,255,273,274,290,293,297,302,390,395,398,427,429,440,452,529,558,577,591,600,644,647,769,772,858,891,962,1024,1147,1221,1261,1268,1269,1273,1279,1286,1288,1290,1293,1468,1474,1484,1524,1592,1605,1651,1669,1700,1750,1796,1797,1813,1920,2064,2091,2223,2337,2353,2354,2492,2512,2547,2649,2693,2783,2984,3005,3029,3050,4371,4813,5206,
122;1;3287;3356;0;33,48,76,95,137,142,157,241,245,247,255,273,274,290,293,297,302,390,391,395,398,427,429,440,452,529,558,577,591,600,644,647,769,772,858,891,962,1024,1117,1147,1221,1261,1268,1269,1273,1279,1286,1288,1290,1293,1468,1469,1474,1484,1524,1592,1605,1651,1669,1700,1750,1796,1797,1813,1920,2064,2091,2223,2337,2353,2354,2492,2512,2547,2649,2693,2783,2984,4813,5206,
32;0;3356;3488;0;33,48,76,95,137,142,157,206,241,245,247,255,273,274,290,293,297,302,390,391,395,398,427,429,440,452,519,529,558,577,591,600,644,647,769,772,858,891,962,1024,1117,1147,1221,1261,1268,1269,1273,1279,1286,1288,1290,1293,1468,1469,1474,1484,1524,1592,1605,1651,1669,1700,1750,1813,1920,2091,2223,2337,2354,2512,2983,2984,3615,3861,4334,4813,5206,7397,7399,7469,
32;1;3488;3568;0;95,137,157,206,241,245,247,255,273,274,290,297,302,390,391,395,398,429,529,591,644,647,704,769,858,862,891,962,1117,1268,1269,1273,1279,1286,1288,1290,1293,1307,1469,1474,1524,1651,1669,1750,1813,1920,2091,2223,2337,2354,2468,2512,2676,2774,2775,2984,3532,4334,4604,4639,4641,4813,4994,4995,4996,4997,4998,4999,5000,5001,5002,5003,5004,5005,5006,5007,5008,5206,7397,7399,
117;0;3568;3698;0;3,95,137,145,206,231,247,273,274,288,290,291,302,329,377,380,390,395,397,398,429,640,769,838,839,901,949,1118,1134,1170,1174,1361,1474,1651,1669,1726,1763,1809,1884,1970,2337,2493,2504,2512,2645,2658,2728,2774,2775,2778,2779,3099,3133,3263,3435,4553,4563,4604,4605,4606,4650,5048,5516,5894,5895,5898,5899,5901,6126,6127,6128,6129,6153,6154,6155,6156,6157,6361,6362,6363,
117;1;3698;3774;0;3,95,137,145,206,231,247,273,274,288,290,291,302,329,377,380,390,395,397,398,429,640,769,838,839,901,949,1118,1134,1170,1174,1361,1474,1651,1669,1726,1763,1809,1884,1970,2337,2493,2504,2512,2645,2658,2728,2774,2775,2778,2779,3099,3133,3263,3435,4553,4563,4604,4605,4606,4650,5048,5516,5894,5895,5898,5899,5901,6126,6127,6128,6129,6153,6154,6155,6156,6157,6361,6362,6363,
78;0;4320;4440;0;3,95,137,145,206,231,247,273,274,288,290,291,302,329,377,380,390,395,397,398,429,640,769,838,839,901,949,1118,1134,1170,1174,1207,1361,1474,1493,1513,1651,1669,1726,1728,1729,1763,1809,1884,1970,1973,2337,2405,2493,2504,2512,2645,2658,2728,2774,2775,2778,3000,3099,3263,3435,3436,3437,3438,3439,3440,3441,3442,3443,4553,4604,4605,4606,4650,5894,5895,5898,5899,5901,6126,
78;1;4440;4517;0;3,7,8,95,137,138,145,206,231,247,273,274,288,290,291,302,329,377,380,390,392,394,395,397,398,429,640,769,838,839,901,949,1049,1050,1054,1055,1057,1118,1134,1170,1174,1207,1361,1474,1493,1513,1651,1669,1675,1726,1728,1729,1763,1809,1884,1970,1973,2337,2405,2493,2512,2645,2658,2774,2775,2778,3099,3263,3435,4553,4604,4605,4606,4650,5894,5895,5898,5899,5901,6126,
75;0;4517;4547;0;3,7,8,95,137,138,145,206,231,247,273,274,288,290,291,302,329,374,377,380,390,392,394,395,397,398,429,640,769,838,949,1049,1050,1054,1055,1057,1118,1134,1170,1174,1361,1425,1474,1513,1651,1669,1726,1728,1729,1763,1809,1884,1970,1973,2337,2405,2493,2512,2645,2658,2774,2775,2778,3099,3263,3435,3577,3578,3579,4553,4604,4605,4606,4650,5894,5895,5898,5899,5901,6126,
75;1;4547;4710;0;3,7,8,95,137,138,145,206,231,247,273,274,288,290,291,302,329,374,377,380,390,392,394,395,397,398,429,640,769,838,949,1049,1050,1054,1055,1057,1118,1134,1170,1174,1339,1361,1425,1474,1513,1651,1669,1726,1728,1729,1763,1809,1884,1970,1973,2337,2405,2493,2512,2645,2658,2774,2775,2778,3099,3263,3435,3577,3578,4553,4604,4605,4606,4650,5894,5895,5898,5899,5901,6126,
77;0;4710;4743;0;3,7,8,95,137,138,144,145,206,231,247,273,274,275,288,290,291,302,329,377,390,392,394,395,397,398,429,640,769,838,843,948,949,951,1049,1050,1054,1055,1057,1072,1118,1134,1170,1361,1474,1518,1610,1651,1669,1726,1809,1884,1973,2337,2398,2493,2512,2588,2645,2658,2680,2774,2775,2778,3099,3263,3577,4604,4605,4606,4650,4747,5531,5757,5894,5895,5898,5899,5901,6126,
77;1;4743;4895;0;3,7,8,95,137,138,144,145,206,231,247,273,274,275,288,290,291,302,329,377,390,392,394,395,397,398,429,640,769,838,843,948,949,951,1049,1050,1054,1055,1057,1072,1118,1134,1170,1361,1474,1518,1610,1651,1669,1726,1809,1884,1973,2337,2398,2493,2512,2588,2645,2658,2680,2774,2775,2778,3099,3263,3577,4604,4605,4606,4650,4747,5531,5894,5895,5898,5899,5901,6126,7513,
39;0;4895;5047;0;24,88,95,100,144,145,231,266,290,390,401,402,429,438,640,645,666,694,827,833,931,948,1057,1095,1133,1146,1390,1407,1474,1475,1476,1481,1530,1669,1933,2053,2054,2055,2056,2092,2103,2104,2108,2337,2626,2645,2653,2661,2683,2774,2775,2778,3099,3263,3577,3651,3970,4600,4740,5053,5259,5340,5525,5538,5539,5637,5722,5901,6029,6311,6312,6313,6475,6562,7403,7404,7405,7406,7414,7415,
39;1;5047;5076;0;24,88,95,100,144,145,231,266,290,390,401,402,429,438,640,645,666,694,827,833,931,948,1057,1095,1133,1146,1390,1407,1474,1475,1476,1481,1530,1669,1933,2053,2054,2055,2056,2092,2103,2104,2108,2337,2626,2645,2653,2661,2683,2774,2775,2778,3099,3263,3577,3651,3970,4600,4740,5053,5259,5340,5525,5538,5539,5637,5722,5901,6029,6311,6312,6313,6475,6562,7403,7404,7405,7406,7414,7415,
63;0;5076;5224;0;24,88,95,100,144,145,231,266,290,390,401,402,429,438,640,645,666,694,827,833,931,948,1057,1095,1133,1146,1390,1407,1474,1475,1476,1481,1530,1669,1933,2053,2054,2055,2056,2092,2103,2104,2108,2337,2626,2645,2653,2661,2683,2774,2775,2778,3099,3263,3577,3651,3970,4600,4740,5053,5259,5340,5525,5538,5539,5637,5722,5901,6029,6311,6312,6313,6475,6562,7403,7404,7405,7406,7414,7415,
63;1;5224;5254;0;24,88,95,100,144,145,231,266,290,390,401,402,429,438,640,645,666,694,827,833,931,948,1057,1095,1133,1146,1390,1407,1474,1475,1476,1481,1530,1669,1933,2053,2054,2055,2056,2092,2103,2104,2108,2337,2626,2645,2653,2661,2683,2774,2775,2778,3099,3263,3577,3651,3970,4600,4740,5053,5259,5340,5525,5538,5539,5637,5722,5901,6029,6311,6312,6313,6475,6562,7403,7404,7405,7406,7414,7415,
311;0;5760;5934;0;24,88,95,100,139,144,145,225,231,233,266,277,290,390,401,402,404,429,438,640,645,666,694,827,833,931,948,1057,1095,1133,1146,1390,1407,1474,1475,1476,1478,1479,1481,1530,1669,1679,1803,1933,2053,2054,2055,2056,2092,2103,2104,2108,2337,2455,2626,2645,2653,2661,2774,2775,2778,3099,3263,3577,3651,4740,4934,5053,5259,5525,5539,5637,5679,5680,5722,5901,6311,6312,6313,6562,
294;0;5934;6107;0;24,88,95,100,139,144,145,225,231,233,249,266,277,290,390,401,402,404,429,438,640,645,655,662,666,694,827,833,931,948,1057,1095,1133,1146,1390,1407,1474,1475,1476,1478,1479,1481,1530,1669,1679,1803,1933,2053,2054,2055,2056,2103,2104,2337,2455,2512,2626,2645,2653,2661,2774,2775,2778,3099,3263,3577,3651,4740,4934,5053,5259,5525,5539,5637,5722,5901,6311,6312,6313,6562,
314;0;6107;6278;0;24,88,95,100,139,144,145,225,231,233,249,266,277,290,390,401,402,404,429,438,640,645,655,662,666,694,827,833,931,948,1057,1095,1133,1146,1390,1407,1474,1475,1476,1478,1479,1481,1530,1669,1679,1803,1933,2053,2054,2055,2103,2104,2337,2455,2512,2626,2645,2653,2661,2774,2775,2778,3099,3263,3577,3651,4740,4934,5053,5259,5525,5539,5637,5722,5901,6137,6311,6312,6313,6562,
116;0;6278;6282;0;24,95,100,144,145,225,231,266,277,290,390,401,404,429,438,640,645,694,827,833,931,1057,1095,1133,1146,1390,1407,1474,1475,1476,1478,1481,1803,1949,1950,1951,1952,1954,1955,1956,1957,1958,1959,1960,1961,1962,1963,1964,1965,1966,1967,1968,1969,2053,2455,2512,2626,2645,2653,2661,2774,2775,2778,3099,3263,3577,4740,4934,5053,5525,5637,5722,5901,6166,6167,6168,6311,6312,6313,6562,
116;1;6282;6446;0;24,95,100,144,145,225,231,266,277,290,390,401,404,429,438,640,645,694,827,833,931,1057,1095,1133,1146,1296,1390,1407,1474,1475,1476,1478,1481,1803,1949,1950,1951,1952,1954,1955,1956,1957,1958,1959,1960,1961,1962,1963,1964,1965,1966,1967,1968,1969,2053,2455,2512,2626,2645,2653,2661,2774,2775,2778,3099,3263,3577,4740,4934,5053,5525,5637,5722,5901,6166,6167,6311,6312,6313,6562,
23;0;6446;6596;0;18,21,24,25,37,38,42,45,46,50,52,95,97,100,138,144,225,231,234,268,272,273,286,287,288,290,291,302,310,348,351,390,395,404,502,622,632,640,694,778,814,977,1006,1007,1011,1057,1146,1196,1236,1305,1390,1398,1427,1472,1475,1476,1480,1624,1651,1740,2225,2413,2455,2661,2695,3125,3698,3793,4422,4423,4917,4918,5053,6745,7033,7034,7159,7796,7797,7798,
23;1;6596;6610;0;18,21,24,25,37,38,42,45,46,50,52,95,97,100,138,144,225,231,234,268,272,273,286,287,288,290,291,302,310,348,351,390,395,404,502,622,632,640,694,778,814,977,1006,1007,1011,1057,1146,1196,1236,1305,1390,1398,1427,1472,1475,1476,1480,1624,1651,1740,2225,2413,2455,2661,2695,3125,3698,3793,4422,4423,4917,4918,5053,6745,7033,7034,7159,7796,7797,7798,
397;0;6610;6762;0;18,21,24,25,37,38,42,45,46,50,52,95,97,100,138,144,225,231,234,268,272,273,286,287,288,290,291,302,310,348,351,390,395,404,502,622,632,640,694,778,814,977,1006,1007,1011,1057,1146,1196,1236,1305,1390,1398,1427,1472,1475,1476,1480,1624,1651,1740,2225,2413,2455,2661,2695,3125,3698,3793,4422,4423,4917,4918,5053,6745,7033,7034,7159,7796,7797,7798,
327;0;6762;6912;0;18,21,24,25,37,38,42,45,46,50,52,95,97,100,138,144,225,231,234,268,272,273,286,287,288,290,291,302,310,348,351,390,395,404,502,622,632,640,694,778,814,977,1006,1007,1011,1057,1146,1196,1236,1305,1390,1398,1427,1472,1475,1476,1480,1624,1651,1740,2225,2413,2455,2661,2695,3125,3698,3793,4422,4423,4917,4918,5053,6745,7033,7034,7159,7796,7797,7798,
344;0;7200;7349;0;18,21,24,25,28,37,38,42,45,46,50,52,95,97,100,138,144,206,225,231,234,268,272,273,286,287,288,290,291,302,310,348,351,390,395,404,502,622,632,640,694,778,814,977,979,1006,1007,1011,1057,1146,1196,1236,1305,1390,1398,1427,1472,1475,1476,1480,1561,1624,1651,1740,2225,2305,2413,2455,2661,2695,3006,3125,3796,3808,3900,3906,4273,4274,4275,5053,
350;0;7349;7498;0;18,21,24,25,28,37,38,42,45,46,50,52,95,97,100,138,144,206,225,231,234,247,268,272,273,286,287,288,290,291,302,310,348,351,390,395,404,502,622,632,640,694,734,753,778,814,977,979,1006,1007,1011,1057,1146,1196,1236,1273,1297,1332,1390,1398,1472,1475,1476,1561,1624,1651,1740,2148,2149,2150,2151,2152,2153,2225,2305,2455,2661,3900,3906,5053,
329;0;7498;7645;0;18,21,24,25,28,37,38,42,45,46,50,52,95,97,100,138,144,206,225,231,234,247,268,272,273,286,287,288,290,291,302,310,348,351,390,395,404,502,622,632,640,694,734,753,778,814,977,979,1006,1057,1146,1196,1236,1273,1390,1398,1400,1401,1472,1475,1476,1505,1561,1624,1740,1762,1813,1821,2153,2225,2305,2454,2455,2456,2457,2458,2661,3900,3906,5053,
335;0;7645;7786;0;18,21,24,25,26,28,37,38,42,45,46,50,52,95,97,100,138,144,206,225,231,234,247,268,272,273,286,287,288,290,291,302,310,348,351,390,395,404,502,598,622,632,640,694,734,753,778,814,979,1057,1146,1196,1236,1273,1390,1398,1401,1472,1475,1476,1561,1624,1740,1762,1858,2153,2225,2305,2455,2661,3049,3413,3835,3900,3906,5053,7363,8077,8576,8577,
25;0;7786;7821;0;18,21,24,25,26,28,37,38,42,45,46,50,52,95,97,100,138,144,206,225,231,234,247,268,272,273,286,287,288,290,291,302,310,348,351,390,395,404,502,598,622,632,640,694,734,753,778,814,979,1057,1146,1196,1236,1273,1390,1398,1401,1472,1475,1476,1561,1624,1740,1762,2153,2225,2305,2455,2661,3049,3413,3835,3900,3906,5053,7363,8077,8453,8454,8455,
25;1;7821;7926;0;27,92,104,144,157,225,231,247,276,343,366,404,412,457,540,591,693,694,728,765,838,849,854,890,1275,1293,1294,1365,1475,1476,1762,1884,2174,2190,2220,2232,2318,2459,2461,2661,2678,2679,2685,2916,2941,2986,3060,3334,3421,3422,3449,3470,3473,3474,3609,3618,3831,3842,4181,4369,4385,4387,4574,4650,4728,4729,4730,4731,4732,4733,4734,5434,8265,8340,8764,8765,8770,9014,9015,9016,
10;0;7926;8023;0;27,92,104,144,157,225,231,247,276,343,366,404,412,457,540,591,693,694,728,765,838,849,854,890,1275,1293,1294,1365,1475,1476,1762,1884,2174,2190,2220,2232,2318,2459,2461,2661,2678,2679,2685,2916,2941,2986,3060,3334,3421,3422,3449,3470,3473,3474,3609,3618,3831,3842,4181,4369,4385,4387,4574,4650,4728,4729,4730,4731,4732,4733,4734,5434,8265,8340,8764,8765,8770,9014,9015,9016,
10;1;8023;8062;0;27,92,104,144,157,225,231,247,276,343,366,404,412,457,540,591,693,694,728,765,838,849,854,890,1275,1293,1294,1365,1475,1476,1762,1884,2174,2190,2220,2232,2318,2459,2461,2661,2678,2679,2685,2916,2941,2986,3060,3334,3421,3422,3449,3470,3473,3474,3609,3618,3831,3842,4181,4369,4385,4387,4574,4650,4728,4729,4730,4731,4732,4733,4734,5434,8265,8340,8764,8765,8770,9014,9015,9016,
313;0;8062;8196;0;27,92,104,144,157,225,231,247,276,343,366,404,412,457,540,591,693,694,728,765,838,849,854,890,1275,1293,1294,1365,1475,1476,1762,1884,2174,2190,2220,2232,2318,2459,2461,2661,2678,2679,2685,2916,2941,2986,3060,3334,3421,3422,3449,3470,3473,3474,3609,3618,3831,3842,4181,4369,4385,4387,4574,4650,4728,4729,4730,4731,4732,4733,4734,5434,8265,8340,8764,8765,8770,9014,9015,9016,
353;0;8196;8327;0;27,92,104,144,157,225,231,247,276,343,366,404,412,457,540,591,693,694,728,765,838,849,854,890,1275,1293,1294,1365,1475,1476,1762,1884,2174,2190,2220,2232,2318,2459,2461,2661,2678,2679,2685,2916,2941,2986,3060,3334,3421,3422,3449,3470,3473,3474,3609,3618,3831,3842,4181,4369,4385,4387,4574,4650,4728,4729,4730,4731,4732,4733,4734,5434,8265,8340,8764,8765,8770,9014,9015,9016,
323;0;8327;8456;0;27,92,104,144,157,225,231,247,276,343,366,404,412,457,540,591,693,694,728,765,838,849,854,890,1275,1293,1294,1365,1475,1476,1762,1884,2174,2190,2220,2232,2318,2459,2461,2661,2678,2679,2685,2916,2941,2986,3060,3334,3421,3422,3449,3470,3473,3474,3609,3618,3831,3842,4181,4369,4385,4387,4574,4650,4728,4729,4730,4731,4732,4733,4734,5434,8265,8340,8764,8765,8770,9014,9015,9016,
300;0;8640;8768;0;3,27,137,140,144,225,231,262,270,290,291,292,343,351,377,386,398,404,647,678,694,765,854,920,926,1093,1117,1118,1170,1275,1293,1378,1380,1475,1476,1477,1501,1521,1762,2120,2127,2657,2678,2679,2815,2904,2986,3712,4034,4093,4390,4470,4472,4545,4572,4573,4574,4575,4576,4577,4578,4579,4580,4581,4582,4583,4584,4585,4586,4587,4588,4589,4590,4591,4592,4593,4594,4595,4596,4597,
59;0;8768;8804;0;3,7,8,27,95,137,140,144,225,231,262,270,290,291,292,343,351,377,386,390,392,394,398,404,647,678,694,765,854,920,926,1049,1050,1051,1053,1054,1055,1057,1058,1059,1093,1117,1118,1146,1170,1228,1229,1275,1293,1378,1380,1475,1476,1477,1501,1521,1633,1762,2120,2127,2657,2678,2679,2815,2904,2986,3712,4034,4093,4390,4470,4472,4545,4572,4573,4574,4575,4576,4577,4578,
59;1;8804;8890;0;3,7,8,27,95,137,140,144,225,231,262,270,290,291,292,343,351,377,386,390,392,394,398,404,647,678,694,765,854,920,926,1049,1050,1051,1053,1054,1055,1057,1058,1059,1093,1117,1118,1146,1170,1228,1229,1275,1293,1378,1380,1475,1476,1477,1501,1521,1633,1762,2120,2127,2657,2678,2679,2815,2904,2986,3712,4034,4093,4390,4470,4472,4545,4572,4573,8484,8498,8499,8500,8501,
347;0;8890;9008;0;3,7,8,27,95,137,140,144,225,231,248,262,270,290,291,292,343,351,377,386,390,392,394,398,404,529,647,678,694,765,854,920,926,1049,1050,1051,1053,1054,1055,1057,1058,1059,1093,1117,1118,1146,1170,1228,1229,1275,1293,1295,1378,1380,1475,1476,1477,1501,1521,1633,1762,1793,2120,2127,2657,2678,2679,2793,2794,2795,2796,2797,2798,2799,2800,2801,2815,2986,3712,4572,
303;0;9008;9122;0;3,7,8,26,27,95,137,140,144,225,231,248,262,270,290,291,292,343,351,377,386,390,392,394,398,404,528,529,647,678,694,765,854,920,926,1049,1050,1051,1053,1054,1055,1057,1058,1059,1093,1117,1118,1146,1170,1229,1242,1270,1271,1272,1275,1276,1278,1283,1288,1290,1291,1293,1295,1378,1419,1475,1476,1477,1702,1762,1777,1783,2678,2679,2795,2815,2986,3712,4282,4572,
52;0;9122;9140;0;3,8,26,27,95,137,144,152,208,225,231,262,270,290,291,292,343,351,363,377,390,394,398,404,499,503,528,529,647,765,854,979,987,1050,1051,1054,1055,1093,1117,1118,1146,1229,1244,1270,1275,1288,1290,1293,1295,1378,1475,1476,1477,1702,1762,1783,1940,1999,2678,2679,2795,2986,3345,3361,3605,3712,3774,3899,3900,3901,3902,3903,3904,3905,3906,3907,3908,3909,3910,3911,
52;1;9140;9230;0;3,8,26,27,61,68,95,137,144,169,196,198,208,225,231,262,270,290,291,292,343,351,363,377,390,394,398,404,502,503,528,529,609,647,765,854,875,979,1050,1051,1054,1055,1093,1117,1118,1146,1229,1270,1275,1281,1288,1290,1293,1295,1378,1423,1475,1476,1477,1560,1580,1702,1762,1783,1999,2091,2678,2679,2795,2986,3070,3712,3774,3907,4364,4383,5053,5435,6401,8158,
69;0;9230;9327;0;3,8,26,27,61,68,79,95,137,144,169,196,198,208,225,231,262,270,290,291,292,343,351,363,377,390,394,398,404,448,502,503,528,529,578,609,647,730,765,854,875,979,1050,1051,1054,1055,1093,1117,1118,1146,1158,1229,1270,1275,1288,1290,1293,1295,1378,1475,1476,1477,1702,1762,1783,1999,2028,2091,2517,2678,2679,2795,2986,3712,3774,3907,3929,3930,3931,3932,
69;1;9327;9332;0;3,8,26,27,61,68,79,95,137,144,169,196,198,202,208,225,231,262,270,290,291,292,343,351,363,377,390,394,398,404,448,502,503,528,529,578,609,647,730,765,854,875,979,1050,1051,1054,1055,1093,1117,1118,1146,1158,1229,1270,1275,1288,1290,1293,1295,1378,1475,1476,1477,1702,1762,1783,1999,2028,2091,2168,2517,2678,2679,2795,2986,3414,3712,3774,3907,6705,
37;0;9332;9426;0;8,26,44,46,55,87,95,96,100,101,144,170,218,262,290,291,319,335,338,343,351,377,390,398,518,647,698,765,767,823,833,854,863,898,1054,1096,1097,1117,1134,1178,1293,1395,1481,1529,1565,1716,1922,1972,2034,2035,2168,2197,2225,2315,2326,2354,2498,2627,2628,2660,2678,2679,2690,2951,2986,3291,3414,4949,4989,5542,5633,5634,5635,5636,5637,5638,5639,5640,6705,8487,
37;1;9426;9430;0;8,26,44,46,55,87,95,96,100,101,144,170,218,262,290,291,319,335,338,343,351,377,390,398,518,647,698,765,767,823,833,854,863,898,1054,1096,1097,1117,1134,1178,1293,1395,1481,1529,1565,1716,1922,1972,2034,2035,2168,2197,2225,2315,2326,2354,2498,2627,2628,2660,2678,2679,2690,2951,2986,3291,3414,4949,4989,5542,5633,5634,5635,5636,5637,5638,5639,5640,6705,8487,
279;0;9430;9527;0;8,26,44,46,55,87,95,96,100,101,144,170,218,262,290,291,319,335,338,343,351,377,390,398,518,647,698,765,767,823,833,854,863,898,1054,1096,1097,1117,1134,1178,1293,1395,1481,1529,1565,1716,1922,1972,2034,2035,2168,2197,2225,2315,2326,2354,2498,2627,2628,2660,2678,2679,2690,2951,2986,3291,3414,4949,4989,5542,5633,5634,5635,5636,5637,5638,5639,5640,6705,8487,
68;0;9527;9535;0;8,26,44,46,55,87,95,96,100,101,144,170,218,262,290,291,319,335,338,343,351,377,390,398,518,647,698,765,767,823,833,854,863,898,1054,1096,1097,1117,1134,1178,1293,1395,1481,1529,1565,1716,1922,1972,2034,2035,2168,2197,2225,2315,2326,2354,2498,2627,2628,2660,2678,2679,2690,2951,2986,3291,3414,4949,4989,5542,5633,5634,5635,5636,5637,5638,5639,5640,6705,8487,
68;1;10080;10160;0;8,26,44,46,55,87,95,96,100,101,144,145,170,218,262,290,291,319,335,338,343,351,377,390,398,429,518,647,698,765,767,824,833,854,863,898,1054,1096,1097,1117,1134,1293,1481,1529,1565,1922,2168,2197,2253,2315,2322,2627,2628,2645,2678,2679,2690,2777,2778,2789,2816,2986,3099,3111,3291,3414,4397,4604,4606,4771,4855,5637,5640,6705,9121,9123,9124,9152,9153,9154,
355;0;10160;10247;0;8,26,44,46,55,87,95,96,100,101,130,144,145,170,218,262,290,291,319,343,351,377,390,398,429,518,647,765,767,833,854,863,898,1054,1096,1097,1117,1134,1293,1481,1529,1565,1922,2168,2197,2315,2627,2628,2645,2678,2679,2690,2778,2816,2986,3099,3291,3414,4604,4606,5637,5640,6705,7692,7693,7694,7695,7696,7697,7698,7699,7700,7701,7702,7703,7704,7705,7706,7707,7708,
104;0;10247;10274;0;8,26,44,46,55,87,95,96,100,101,130,144,145,170,218,262,290,291,319,343,351,377,390,398,429,518,647,765,767,833,854,863,898,1054,1096,1097,1117,1134,1293,1481,1529,1565,1922,2017,2168,2197,2315,2627,2628,2645,2678,2679,2690,2778,2816,2986,3099,3291,3414,4604,4606,5637,5640,6705,7587,7692,7693,7694,7695,7696,7697,7698,7699,7700,7701,7702,7703,7704,7705,7706,
104;1;10274;10325;0;8,26,44,46,55,87,95,96,100,101,130,144,145,170,218,262,290,291,319,343,351,377,390,398,429,518,647,765,767,833,854,863,898,1054,1096,1097,1117,1134,1293,1481,1529,1565,1922,2017,2168,2197,2315,2627,2628,2645,2678,2679,2690,2778,2816,2986,3099,3291,3414,4604,4606,5476,5637,5640,6705,7397,7398,7399,7587,7692,7693,7694,7695,7696,7697,7698,7699,7700,7701,7702,
87;0;10325;10398;0;8,26,44,46,55,87,95,96,100,101,130,144,145,170,218,244,262,290,291,319,343,351,377,390,397,398,400,429,518,647,765,767,833,854,863,898,1054,1096,1097,1117,1134,1293,1481,1529,1565,1922,2017,2168,2197,2315,2493,2627,2628,2645,2658,2678,2679,2690,2778,2816,2986,3099,3291,3414,4567,4604,4606,4627,4652,4740,5411,5476,5603,5604,5605,5637,5640,6705,7397,7398,
87;1;10398;10403;0;8,26,44,46,55,60,87,95,96,100,101,130,144,145,170,218,244,262,290,291,319,343,351,377,390,397,398,400,429,518,647,765,767,833,854,863,898,1054,1096,1097,1117,1134,1293,1481,1529,1565,1922,2017,2050,2168,2194,2197,2315,2407,2627,2628,2645,2658,2678,2679,2690,2778,2969,2986,3099,3291,3414,3597,3703,4119,4450,4567,4604,4606,4620,5476,5497,5637,5640,6705,
108;0;10403;10415;0;8,26,44,46,55,60,87,95,96,100,101,144,145,262,290,291,343,351,377,390,397,398,400,429,518,647,765,767,833,854,863,898,1054,1096,1097,1117,1134,1293,1481,1529,1565,1922,2168,2197,2315,2407,2627,2628,2645,2658,2678,2679,2690,2778,2986,3099,3291,3414,3597,3703,4165,4567,4604,4606,4620,5637,5640,6705,8551,8559,9031,9041,9131,9137,9138,9139,9140,9141,9142,9143,
108;1;10415;10480;0;8,26,44,46,55,60,87,95,96,100,101,144,145,262,290,291,343,351,377,390,397,398,400,429,518,647,765,767,833,854,863,898,1054,1096,1097,1117,1134,1293,1481,1529,1565,1922,2168,2197,2315,2407,2627,2628,2645,2658,2678,2679,2690,2778,2986,3099,3291,3414,3597,3703,4165,4567,4604,4606,4620,5637,5640,6705,7363,7549,7550,8551,8559,9031,9041,9131,9137,9138,9139,9140,
270;0;10480;10556;0;8,26,55,60,87,95,100,144,145,262,291,329,351,377,390,398,400,429,518,647,677,765,767,854,898,1054,1096,1097,1117,1293,1481,1529,1565,1884,2168,2315,2407,2600,2627,2628,2635,2645,2653,2678,2679,2690,2774,2778,2986,3263,3291,3414,3703,4567,4568,4604,4605,4606,4612,4634,4759,4800,5043,5230,5528,5637,5640,5890,5891,5892,5893,5894,5895,5896,5897,5898,5899,5900,5901,6705,
339;0;10556;10629;0;8,26,55,60,87,95,100,144,145,262,291,329,351,377,390,398,400,429,518,647,677,765,767,854,898,1054,1096,1097,1117,1293,1481,1529,1565,1884,2168,2315,2407,2600,2627,2628,2635,2645,2653,2678,2679,2690,2774,2778,2986,3263,3291,3414,3703,4567,4568,4604,4605,4606,4612,4634,4759,4800,5043,5230,5528,5637,5640,5890,5891,5892,5893,5894,5895,5896,5897,5898,5899,5900,5901,6705,
96;0;10629;10657;0;8,26,55,60,87,95,100,144,145,262,291,329,351,377,390,398,400,429,518,647,677,765,767,814,827,854,898,1054,1096,1097,1117,1293,1481,1529,1565,1884,2168,2315,2407,2468,2600,2627,2628,2635,2644,2645,2653,2661,2678,2679,2690,2774,2778,2986,3263,3291,3414,3703,4567,4568,4604,4605,4606,4612,4634,5043,5525,5530,5637,5640,5722,5868,6024,6025,6099,6496,6561,6562,6563,6564,
96;1;10657;10699;0;8,26,55,60,87,95,100,144,145,262,275,291,329,351,377,390,398,400,429,518,647,677,765,767,814,827,854,898,1054,1096,1097,1117,1293,1481,1529,1565,1884,2168,2315,2407,2468,2600,2627,2628,2635,2644,2645,2653,2661,2678,2679,2690,2774,2778,2986,3263,3291,3414,3703,3744,4567,4568,4604,4605,4606,4612,4634,5043,5525,5530,5637,5640,5722,5868,6024,6025,6099,6126,6410,6496,
359;0;10699;10767;0;8,9,26,60,87,95,143,144,145,146,259,262,291,329,377,382,390,398,400,429,647,677,765,775,814,827,838,893,895,898,1054,1095,1117,1124,1171,1293,1361,1397,1481,1488,1529,1565,1683,1799,1809,1973,2224,2407,2455,2627,2628,2661,2774,2821,2986,2988,3037,3130,3267,3291,3414,3703,3743,4533,4567,4604,4637,4748,4890,5043,5637,5722,6513,6809,6813,6814,6815,6821,6822,6823,
308;0;10767;10835;0;26,60,61,78,144,145,202,262,291,329,377,390,398,400,429,528,529,677,814,827,898,989,995,1054,1117,1268,1275,1277,1285,1287,1288,1289,1293,1295,1481,1529,1565,1587,1702,1779,1783,2175,2263,2282,2407,2471,2538,2627,2628,2661,2774,2986,3049,3247,3291,3414,3701,3702,3703,3716,3717,3835,4138,4567,4604,5043,5637,5722,5791,6145,6675,7402,8271,8585,8586,8587,8588,8589,8590,8591,
341;0;10835;10900;0;26,60,61,78,144,145,202,262,291,329,377,390,398,400,429,528,529,677,814,827,898,989,995,1054,1117,1268,1275,1277,1285,1287,1288,1289,1293,1295,1481,1529,1565,1587,1702,1779,1783,2175,2263,2282,2407,2471,2538,2627,2628,2661,2774,2986,3049,3247,3291,3414,3701,3702,3703,3716,3717,3835,4138,4567,4604,5043,5637,5722,5791,6145,6675,7402,8271,8585,8586,8587,8588,8589,8590,8591,
379;0;10900;10961;0;26,60,61,78,144,145,202,262,291,329,377,390,398,400,429,528,529,677,814,827,898,989,995,1054,1117,1268,1275,1277,1285,1287,1288,1289,1293,1295,1481,1529,1565,1587,1702,1779,1783,2175,2263,2282,2407,2471,2538,2627,2628,2661,2774,2986,3049,3247,3291,3414,3701,3702,3703,3716,3717,3835,4138,4567,4604,5043,5637,5722,5791,6145,6675,7402,8271,8585,8586,8587,8588,8589,8590,8591,
267;0;10961;11021;0;26,60,61,78,144,145,202,262,291,329,377,390,398,400,429,528,529,677,814,827,898,989,995,1054,1117,1268,1275,1277,1285,1287,1288,1289,1293,1295,1481,1529,1565,1587,1702,1779,1783,2175,2263,2282,2407,2471,2538,2627,2628,2661,2774,2986,3049,3247,3291,3414,3701,3702,3703,3716,3717,3835,4138,4567,4604,5043,5637,5722,5791,6145,6675,7402,8271,8585,8586,8587,8588,8589,8590,8591,
269;0;11520;11576;0;26,60,144,145,225,226,229,230,232,240,241,242,243,262,274,291,329,377,390,398,400,429,430,528,677,814,818,819,821,822,827,898,1054,1092,1099,1117,1268,1275,1277,1287,1288,1293,1295,1398,1407,1473,1481,1529,1681,1783,1843,2246,2248,2263,2292,2293,2294,2295,2296,2297,2298,2299,2300,2301,2302,2303,2407,2627,2628,2661,2774,2986,3291,3414,3702,4567,4604,5043,5637,5722,
100;0;11576;11598;0;26,60,144,145,225,226,229,230,232,240,241,242,243,262,274,291,329,377,390,398,400,429,430,528,677,814,818,819,821,822,827,898,1054,1092,1099,1117,1268,1275,1277,1287,1288,1293,1295,1398,1407,1473,1481,1529,1681,1783,1843,2246,2248,2263,2292,2293,2294,2295,2296,2297,2298,2299,2300,2407,2627,2628,2661,2774,2986,3291,3414,3702,4567,4604,5043,5637,5722,8465,8466,8467,
100;1;11598;11628;0;26,60,144,145,225,226,229,230,232,240,241,242,243,262,274,291,329,377,390,398,400,429,430,528,677,814,818,819,827,898,1054,1099,1117,1268,1275,1277,1287,1288,1293,1295,1473,1481,1529,1783,1843,2263,2299,2407,2627,2628,2661,2774,2807,2986,3291,3414,3702,4567,4604,5029,5043,5637,5722,6296,7294,8165,8166,8320,8391,8407,8428,8730,9000,9001,9002,9003,9004,9005,9006,9007,
280;0;11628;11677;0;24,26,60,144,145,225,226,229,230,232,240,241,242,243,262,274,291,329,377,390,398,400,429,430,503,528,677,814,818,819,827,898,1054,1062,1099,1117,1268,1275,1277,1287,1288,1293,1295,1473,1481,1529,1707,1783,1843,2154,2263,2299,2407,2627,2628,2661,2774,2807,2986,3291,3346,3414,3702,4567,4604,5029,5043,5637,5722,5948,6296,7003,7214,7294,8165,8166,8320,8391,8407,8428,
288;0;11677;11725;0;24,26,60,144,145,225,226,229,230,232,240,241,242,243,262,274,291,329,377,390,398,400,429,430,503,528,677,814,818,819,827,898,1054,1062,1099,1117,1268,1275,1277,1287,1288,1293,1295,1473,1481,1529,1707,1783,1843,2154,2263,2299,2407,2627,2628,2661,2774,2807,2986,3291,3346,3702,4567,4604,5043,5637,5722,6360,7003,7479,8219,8375,8376,8379,8380,8381,8382,8383,8384,8385,
297;0;11725;11770;0;24,26,60,144,145,225,226,229,230,232,240,241,242,243,262,274,291,329,377,390,398,400,429,430,503,528,677,814,818,819,827,898,1054,1062,1099,1117,1268,1275,1277,1287,1288,1293,1295,1473,1481,1529,1707,1783,1843,2154,2263,2299,2407,2627,2628,2661,2774,2807,2845,2986,3060,3291,3346,3702,4567,4604,5043,5637,5722,5779,6360,6865,6866,6867,7003,7479,7709,8219,8375,8376,
340;0;11770;11800;0;24,26,60,144,145,225,226,229,230,232,240,241,242,243,262,274,288,291,329,377,390,398,400,401,404,429,430,503,528,677,814,818,819,827,898,1054,1062,1099,1117,1268,1275,1277,1287,1288,1293,1295,1401,1473,1474,1478,1481,1529,1707,1762,1783,1843,2154,2263,2299,2407,2627,2628,2661,2774,2807,2845,2986,3060,3291,3346,3702,4502,4567,4604,5043,5637,5722,5779,6360,7003,
282;0;11800;11817;0;6,24,26,60,144,145,148,225,226,229,240,241,242,262,274,288,291,329,377,390,391,394,398,400,401,404,429,430,528,677,814,818,827,898,949,1052,1054,1099,1117,1268,1275,1277,1287,1288,1293,1295,1358,1363,1401,1473,1474,1478,1481,1529,1603,1726,1762,1783,1800,1811,1812,1814,1843,2263,2299,2407,2627,2628,2661,2774,2845,2986,3291,3702,4567,4604,5043,5637,5722,7003,
330;0;11817;11831;0;24,26,60,144,145,148,225,226,229,234,240,241,242,262,274,288,291,292,329,377,390,391,394,398,400,401,404,429,430,528,677,814,818,827,898,949,1054,1099,1117,1268,1275,1277,1287,1288,1293,1295,1358,1363,1401,1473,1474,1478,1481,1529,1603,1726,1762,1783,1811,1812,1814,1843,2263,2299,2407,2529,2627,2628,2661,2774,2845,2986,3291,3702,4567,4604,5043,5637,5722,7003,
321;0;11831;11835;0;24,26,60,144,145,148,180,225,226,229,240,241,242,262,291,302,303,305,307,311,312,329,379,380,381,384,385,390,391,394,398,400,401,404,429,430,528,592,593,594,677,814,827,898,949,1054,1130,1268,1275,1277,1287,1288,1293,1295,1358,1428,1473,1478,1481,1529,1603,1762,1811,1812,1814,1845,2263,2407,2627,2628,2661,2774,2986,3291,3702,4567,4604,5043,5637,5722,
284;0;11835;11845;1;24,26,60,144,145,148,180,225,226,229,240,241,242,262,291,302,303,305,307,311,312,329,379,380,381,384,385,390,391,394,398,400,401,404,429,430,528,592,677,814,827,898,949,1054,1268,1275,1277,1287,1288,1293,1295,1358,1473,1478,1481,1529,1603,1762,1811,1812,1814,2263,2407,2627,2628,2661,2774,2986,3291,3702,4567,4604,5043,5637,5722,7834,7835,7836,7837,7838,
287;0;11845;11857;1;24,26,60,144,145,225,226,229,240,242,255,262,291,329,391,394,400,401,429,430,528,677,814,827,898,1268,1269,1275,1277,1279,1280,1287,1288,1293,1295,1322,1390,1473,1481,1529,1603,1811,1812,1814,1893,2261,2263,2407,2577,2627,2628,2661,2774,2795,2842,2941,2986,3291,3413,3702,3831,3869,3986,4007,4021,4567,4604,5043,5637,5722,6957,6958,6959,6960,6961,6962,6963,6964,6965,6966,
98;0;11857;11871;1;24,26,60,144,145,225,226,229,240,242,255,262,291,329,391,394,400,401,429,430,528,677,715,814,827,898,1198,1200,1203,1214,1268,1269,1275,1280,1287,1288,1293,1295,1322,1473,1481,1529,1603,1811,1812,1814,2263,2407,2475,2602,2626,2627,2628,2661,2774,2812,2941,2986,3291,3379,3702,3831,4567,4604,5043,5336,5637,5722,5795,5869,6023,6229,6311,6312,6313,6961,8130,8131,8132,8133,
98;1;11871;11876;1;24,26,60,144,145,225,226,229,240,242,255,262,291,329,391,394,400,401,429,430,528,581,677,715,814,827,898,1198,1200,1203,1214,1268,1269,1275,1280,1287,1288,1293,1295,1322,1473,1481,1529,1603,1811,1812,1814,2259,2263,2407,2475,2602,2626,2627,2628,2661,2774,2812,2941,2986,3291,3379,3702,3831,4567,4604,5043,5336,5637,5722,5795,5869,6023,6229,6311,6312,6313,6961,8130,8131,
307;0;11876;11900;1;24,26,40,60,144,145,189,193,198,225,226,229,240,242,255,262,291,329,362,363,391,394,400,401,429,430,528,561,581,677,715,732,827,898,978,1214,1268,1269,1275,1280,1287,1288,1293,1295,1322,1473,1481,1529,1603,1811,1812,1814,2080,2089,2263,2407,2627,2628,2774,2941,2986,3291,3606,3702,3707,3831,3907,4567,4604,5043,5101,5637,6023,6790,6791,6792,6793,6794,6795,6961,
366;0;11900;11930;1;24,26,40,60,144,145,189,193,225,226,229,240,242,255,262,291,329,391,394,400,401,429,430,528,536,581,677,715,827,898,1214,1268,1269,1275,1280,1287,1288,1290,1293,1294,1295,1322,1329,1473,1481,1529,1603,1811,1812,1814,2240,2263,2264,2265,2407,2447,2485,2627,2628,2774,2941,2986,3291,3702,3708,3831,4357,4453,4567,4604,4810,4811,4812,4813,4814,4815,5043,5637,6023,6961,
346;0;11930;11962;1;24,26,40,60,144,145,189,193,225,226,229,240,242,255,262,291,329,391,394,400,401,429,430,434,528,536,581,677,715,827,898,1214,1268,1269,1275,1280,1287,1288,1290,1293,1294,1295,1322,1329,1473,1481,1529,1603,1811,1812,1814,2240,2263,2264,2265,2407,2447,2485,2627,2628,2774,2775,2776,2941,2986,3291,3702,3708,3831,4357,4453,4567,4604,4639,4765,5043,5637,6023,6961,9204,
380;0;11962;11995;1;24,26,40,60,87,144,145,189,193,225,226,229,240,242,255,262,291,329,391,394,400,401,429,430,434,528,536,581,677,691,715,765,767,827,849,898,1136,1214,1268,1269,1275,1280,1287,1288,1290,1293,1294,1295,1322,1329,1473,1481,1529,1603,1680,1811,1812,1814,2240,2263,2264,2265,2407,2485,2627,2628,2774,2775,2941,2986,3291,3618,3831,4604,4639,4744,4791,5637,6023,6961,
373;0;11995;12029;1;1,3,24,26,60,144,145,149,189,225,226,229,240,242,262,270,277,329,391,394,400,401,429,430,528,677,715,765,1069,1093,1204,1214,1269,1275,1287,1288,1293,1294,1295,1322,1473,1475,1476,1477,1481,1599,1603,1667,1803,1811,1812,1814,1825,2109,2134,2451,2941,3108,3278,4033,4535,4857,4891,4902,4925,4926,4927,4928,4929,4930,4931,4932,4933,4934,4935,4936,4937,4938,4939,5296,
342;0;12029;12065;1;1,3,9,24,26,60,137,144,145,149,189,225,226,229,231,240,242,245,262,266,268,277,329,391,394,400,401,405,429,430,432,443,528,677,715,719,765,1093,1119,1149,1214,1269,1275,1287,1288,1293,1294,1295,1322,1476,1481,1603,1607,1608,1609,1610,1611,1612,1613,1614,1615,1616,1617,1618,1619,1620,1621,1622,1623,1624,1625,1626,1667,1803,1811,1812,1814,2941,3278,4033,
317;0;12065;12104;1;1,3,60,93,137,143,144,145,148,149,189,225,231,262,268,277,323,329,390,394,400,404,430,677,715,765,1055,1093,1149,1167,1210,1275,1293,1322,1361,1469,1476,1481,1535,1603,1604,1735,1737,1738,1740,1741,1742,1743,1744,1745,1748,1750,1751,1752,1753,1754,1755,1757,1760,1762,1764,1765,1767,1769,1770,1771,1811,1812,1814,2603,2646,2941,3250,3278,3630,6415,6416,7056,7057,7058,
316;0;12104;12145;1;1,3,60,100,104,137,143,144,145,149,189,225,231,262,268,276,277,297,329,351,390,394,400,404,430,438,677,715,765,834,854,931,947,949,1093,1149,1151,1168,1275,1293,1322,1361,1476,1481,1519,1528,1535,1604,1674,1752,1811,1814,2491,2667,2678,2737,2941,3278,3531,3630,3638,4400,4858,5456,5656,5774,5841,6022,6106,7320,7463,8022,8095,8152,8303,8364,8578,8579,8580,8581,
298;0;12145;12189;1;1,3,60,100,104,137,143,144,145,149,189,225,231,262,268,276,277,297,329,351,390,394,400,404,430,438,591,644,677,715,765,834,854,931,947,949,1093,1149,1151,1168,1275,1293,1322,1361,1476,1481,1519,1528,1535,1604,1674,1752,1811,1814,2405,2491,2667,2674,2676,2678,2737,2941,3069,3278,3531,3630,3638,4400,4858,5456,5656,5774,5841,6022,6106,7320,7463,8022,8095,8152,
334;0;12189;12238;1;1,3,60,100,104,137,143,144,145,149,189,225,231,262,268,276,277,297,329,351,390,394,395,400,404,430,438,591,644,677,715,765,834,854,931,947,949,1093,1149,1151,1168,1275,1293,1322,1361,1476,1481,1519,1528,1535,1604,1674,1752,1811,1814,2405,2467,2491,2667,2674,2676,2678,2737,2941,3069,3278,3531,3630,3638,4400,4858,5456,5656,5774,5841,6022,6106,7320,7463,8095,
16;0;12238;12282;1;3,15,27,30,55,60,100,136,137,144,145,149,150,187,188,189,221,225,231,241,262,269,277,321,329,390,398,404,412,509,567,949,1048,1051,1054,1093,1145,1146,1275,1293,1322,1358,1476,1478,1481,1604,1811,1920,1922,1945,1970,1971,1980,1984,1997,1999,2027,2053,2158,2224,2315,2321,2423,3278,3313,3314,3577,3855,3933,3934,3935,3936,3937,3938,3939,3940,3941,4553,6645,6971,
16;1;12282;12297;1;3,15,27,30,55,60,100,136,137,144,145,149,150,187,188,189,221,225,231,241,262,269,277,321,329,390,398,404,412,509,567,949,1048,1051,1054,1093,1145,1146,1275,1293,1322,1358,1476,1478,1481,1604,1811,1920,1922,1945,1970,1971,1980,1984,1997,1999,2027,2053,2158,2224,2315,2321,2423,3278,3313,3314,3577,3855,3933,3934,3935,3936,3937,3938,3939,3940,3941,4553,6645,6971,
121;0;12297;12311;1;3,15,27,30,55,60,100,136,137,144,145,149,150,187,188,189,221,225,231,241,262,269,277,321,329,390,398,404,412,509,567,949,1048,1051,1054,1093,1145,1146,1275,1293,1322,1358,1476,1478,1481,1604,1811,1920,1922,1945,1970,1971,1980,1984,1997,1999,2027,2053,2158,2224,2315,2321,2423,3278,3313,3314,3577,3855,3933,3934,3935,3936,3937,3938,3939,3940,3941,4553,6645,6971,
121;1;12311;12361;1;3,15,27,30,55,60,100,136,137,144,145,149,150,187,188,189,221,225,231,241,262,269,277,321,329,390,398,404,412,509,567,949,1048,1051,1054,1093,1145,1146,1275,1293,1322,1358,1476,1478,1481,1604,1811,1920,1922,1945,1970,1971,1980,1984,1997,1999,2027,2053,2158,2224,2315,2321,2423,3278,3313,3314,3577,3855,3933,3934,3935,3936,3937,3938,3939,3940,3941,4553,6645,6971,
301;0;12960;13027;1;3,15,27,30,55,60,100,136,137,144,145,149,150,187,188,189,221,225,231,241,262,269,277,321,329,390,398,404,412,509,567,949,1048,1051,1054,1093,1117,1145,1146,1165,1275,1293,1322,1358,1363,1476,1478,1481,1604,1811,1920,1922,1944,1945,1970,1971,1980,1984,1997,1999,2027,2053,2158,2224,2315,2321,2386,2423,3278,3313,3314,3577,3634,4553,5725,7470,7471,7472,7473,7474,
374;0;13027;13095;1;3,15,27,30,55,60,100,136,137,144,145,149,150,187,188,189,221,225,231,241,262,269,277,321,329,390,398,404,412,509,567,727,875,949,1048,1051,1054,1093,1117,1145,1146,1165,1275,1293,1322,1358,1363,1476,1478,1481,1604,1811,1920,1922,1944,1945,1970,1971,1980,1984,1997,1999,2027,2053,2075,2158,2224,2315,2321,2386,2423,3278,3313,3314,3380,3577,4059,4060,4061,4553,
103;0;13095;13129;1;3,15,27,30,55,60,100,136,137,144,145,149,150,187,188,189,221,225,231,241,262,269,277,321,329,390,398,404,412,509,567,727,736,875,949,1048,1051,1054,1093,1117,1145,1146,1165,1275,1293,1322,1358,1363,1433,1476,1478,1481,1604,1811,1920,1922,1944,1945,1970,1971,1980,1984,1997,1999,2027,2053,2075,2153,2178,2224,2230,2273,2306,2315,3278,3380,3403,3577,3784,4553,
103;1;13129;13168;1;3,15,27,30,55,60,100,136,137,144,145,149,150,187,188,189,221,225,231,234,241,262,269,277,288,314,321,329,377,390,398,404,412,509,567,640,727,736,838,875,949,1048,1051,1054,1093,1117,1145,1146,1165,1293,1322,1358,1363,1474,1476,1478,1481,1604,1811,1920,1922,1984,2053,2153,2224,2273,2315,3104,3278,3380,3577,4553,4630,4859,5274,5457,5458,5459,5460,5461,
318;0;13168;13248;1;3,15,27,30,55,60,100,136,137,144,145,149,150,187,188,189,221,225,231,234,241,262,269,277,288,292,314,321,329,377,390,398,404,412,509,567,640,647,727,736,838,875,933,949,1048,1051,1054,1093,1117,1145,1146,1229,1293,1322,1358,1363,1447,1474,1476,1478,1481,1604,1920,1922,1984,2053,2153,2224,2273,2315,3278,3380,3577,4553,4658,5654,5664,5665,5666,5667,
375;0;13248;13328;1;3,15,27,30,55,60,100,136,137,144,145,149,150,187,188,189,221,225,231,234,241,262,269,277,288,292,314,321,329,377,390,398,404,412,509,567,640,647,727,736,838,875,933,949,1048,1051,1054,1093,1117,1145,1146,1229,1293,1322,1358,1363,1447,1474,1476,1478,1481,1604,1920,1922,1984,2053,2153,2163,2224,2273,2315,3278,3380,3577,4553,4658,5654,5664,5665,8532,
33;0;13328;13336;1;3,15,27,30,55,60,100,136,137,144,145,149,150,187,188,189,221,225,231,234,241,262,269,277,288,292,314,321,329,377,390,398,400,404,412,509,567,640,647,727,736,838,875,933,949,1048,1051,1054,1093,1117,1123,1145,1146,1229,1293,1322,1358,1363,1431,1447,1474,1476,1478,1481,1604,1726,1920,1922,1984,2053,2153,2224,2273,2315,3278,3380,3577,4553,4658,6180,
33;1;13336;13412;1;3,15,27,30,55,60,91,98,100,136,137,144,145,149,150,187,188,189,221,225,231,234,241,262,269,276,277,288,292,314,321,329,337,340,377,390,398,400,404,412,583,640,647,765,858,949,1048,1051,1078,1093,1145,1146,1293,1322,1358,1363,1474,1476,1478,1481,1604,1726,1844,1883,1884,1885,1886,1920,1922,1984,2053,2153,2224,2273,2315,3278,3380,3577,4553,4658,
89;0;13412;13418;1;3,15,27,30,55,60,91,98,100,136,137,144,145,149,150,187,188,189,221,225,231,234,241,251,262,269,276,277,288,292,314,321,329,337,340,377,390,398,400,404,412,583,640,647,765,858,949,1048,1051,1093,1145,1146,1293,1304,1322,1358,1363,1463,1474,1476,1478,1481,1604,1726,1844,1920,1922,1984,2053,2153,2224,2273,2305,2315,3278,3380,3577,4334,4553,4658,
89;1;13418;13502;1;3,15,18,19,21,27,30,34,37,55,60,91,100,136,137,144,145,149,150,189,212,225,234,241,251,262,276,277,288,314,321,329,377,390,398,400,404,583,640,647,765,858,949,1048,1051,1093,1145,1146,1293,1313,1322,1358,1363,1463,1474,1476,1478,1481,1604,1726,1844,1920,1922,1984,2053,2153,2197,2224,2273,2305,2315,3278,3380,3577,4553,4658,5471,5846,6244,7658,
357;0;13502;13599;1;3,15,18,19,21,27,30,34,37,55,60,100,136,137,144,145,149,150,189,225,234,241,251,262,276,277,288,314,321,329,377,390,398,400,404,583,640,647,765,858,949,1048,1051,1093,1145,1146,1293,1322,1358,1363,1463,1474,1476,1478,1481,1604,1726,1844,1920,1922,1984,2053,2153,2197,2224,2273,2305,2315,3278,3380,3577,4553,4658,5471,8470,8475,8476,8477,8478,8479,
281;0;13599;13697;1;17,34,60,144,169,206,225,251,262,268,273,274,286,288,302,305,308,310,314,321,336,380,390,483,490,502,506,516,569,595,677,765,856,872,892,894,979,1131,1196,1293,1322,1430,1474,1478,1561,1582,1844,1935,2053,2174,2305,2315,2412,2419,2611,2645,2689,2765,2836,2924,2940,2941,2959,3269,3598,3607,3715,3797,4210,4319,4320,4321,4439,4459,4460,4478,4479,4480,4481,5464,
376;0;13697;13796;1;17,34,60,144,169,206,225,251,262,268,273,274,286,288,302,305,308,310,314,321,336,380,390,483,490,502,506,516,569,595,677,765,856,872,892,894,979,1131,1196,1293,1322,1430,1474,1478,1561,1582,1844,1935,2053,2174,2305,2315,2412,2419,2611,2645,2689,2765,2836,2924,2940,2941,2959,3269,3598,3607,3715,3797,4210,4319,4320,4321,4439,4459,4460,4478,4479,4480,4481,5464,
343;0;13796;13897;1;17,34,60,144,169,206,225,251,262,268,273,274,286,288,302,305,308,310,314,321,336,380,390,483,490,502,506,516,569,595,677,765,856,872,892,894,979,1131,1196,1293,1322,1430,1474,1478,1561,1582,1844,1935,2053,2174,2305,2315,2412,2419,2611,2645,2689,2765,2836,2924,2940,2941,2959,3269,3598,3607,3715,3797,4210,4319,4320,4321,4439,4459,4460,4478,4479,4480,4481,5464,
88;0;13897;13998;1;17,34,60,144,169,206,225,251,262,268,273,274,286,288,302,305,308,310,314,321,336,380,390,483,490,502,506,516,569,595,677,765,856,872,892,894,979,1131,1196,1293,1322,1430,1474,1478,1561,1582,1844,1935,2053,2174,2305,2315,2412,2419,2611,2645,2689,2765,2836,2924,2940,2941,2959,3269,3598,3607,3715,3797,4210,4319,4320,4321,4439,4459,4460,4478,4479,4480,4481,5464,
88;1;13998;14002;1;17,34,60,144,169,206,225,251,262,268,273,274,286,288,302,305,308,310,314,321,336,380,390,483,490,502,506,516,569,595,677,765,856,872,892,894,979,1131,1196,1293,1322,1430,1474,1478,1561,1582,1844,1935,2053,2174,2305,2315,2412,2419,2611,2645,2689,2765,2836,2924,2940,2941,2959,3269,3598,3607,3715,3797,4210,4319,4320,4321,4439,4459,4460,4478,4479,4480,4481,5464,
0;0;14002;14046;1;17,34,60,144,169,206,225,251,262,268,273,274,286,288,302,305,308,310,314,321,336,380,390,483,490,502,506,516,569,595,677,765,856,872,892,894,979,1131,1196,1293,1322,1430,1474,1478,1561,1582,1844,1935,2053,2174,2305,2315,2412,2419,2611,2645,2689,2765,2836,2924,2940,2941,2959,3269,3598,3607,3715,3797,4210,4319,4320,4321,4439,4459,4460,4478,4479,4480,4481,5464,
0;1;14400;14468;1;17,34,60,95,138,144,169,206,225,251,262,268,273,274,286,288,302,305,308,310,314,321,336,380,390,397,483,490,502,506,516,569,595,645,677,765,856,872,892,894,979,1131,1196,1293,1322,1430,1474,1478,1561,1582,1814,1844,1935,2053,2174,2222,2223,2305,2315,2412,2419,2611,2645,2689,2765,2836,2924,2940,2941,2959,3269,3598,3607,3715,3797,4210,4319,4320,4321,4439,
92;0;14468;14507;1;17,24,26,34,38,46,52,54,60,79,95,138,144,169,206,225,251,262,268,273,274,286,288,302,305,308,310,314,321,336,380,390,397,408,483,490,502,506,516,569,595,645,677,765,856,872,892,894,979,1131,1196,1293,1322,1430,1474,1478,1561,1582,1719,1720,1721,1722,1723,1724,1814,1844,1935,2053,2174,2222,2223,2305,2315,2412,2419,2611,2645,2689,3598,3797,
92;1;14507;14585;1;17,24,26,34,38,46,52,54,60,79,95,138,144,169,206,225,251,262,268,273,274,286,288,302,305,308,310,314,321,336,380,390,397,408,483,490,502,506,516,569,595,645,677,759,765,856,872,892,894,979,1131,1196,1293,1322,1430,1474,1478,1561,1582,1719,1720,1721,1722,1723,1724,1814,1844,1935,2053,2174,2222,2223,2305,2419,2512,2611,3598,3797,6686,6687,
386;0;14585;14706;1;17,24,26,34,38,46,52,54,60,79,95,138,144,169,206,225,251,262,268,273,274,286,288,302,305,308,310,314,321,336,380,390,397,408,483,490,502,506,528,569,634,645,677,765,872,892,894,979,1196,1267,1269,1273,1287,1288,1293,1294,1295,1322,1474,1478,1778,1783,1784,1814,1935,2053,2174,2241,2264,2419,2485,2512,2611,3598,3700,3797,4620,5105,5122,5123,
14;0;14706;14782;1;17,24,26,34,38,46,52,54,60,79,95,138,139,144,169,206,225,251,262,268,273,274,286,288,295,302,305,308,310,314,321,336,380,390,397,408,483,528,569,645,677,765,872,892,894,948,979,1118,1133,1134,1196,1236,1267,1273,1287,1288,1293,1295,1322,1361,1474,1478,1814,1916,1935,2053,2174,2338,2419,2512,2611,3598,3630,3797,4553,4754,4996,5011,5338,6746,
14;1;14782;14830;1;17,24,26,34,38,46,52,54,60,79,95,138,139,144,169,206,225,251,262,268,273,274,286,288,295,302,305,308,321,345,351,390,395,397,528,569,591,645,671,677,764,765,858,872,892,894,948,979,1118,1134,1196,1267,1273,1287,1288,1293,1295,1322,1356,1361,1474,1478,1814,1935,2174,2419,2512,2611,2631,2643,2651,2652,3532,3598,3797,4369,4553,4733,4996,5348,
285;0;14830;14971;1;17,24,26,34,38,46,52,54,60,79,95,138,139,144,169,206,225,251,255,262,268,273,288,302,305,321,351,359,390,395,397,528,569,578,591,645,677,764,765,858,872,892,894,948,979,1118,1134,1196,1267,1273,1287,1288,1293,1295,1322,1361,1474,1478,1549,1587,1814,1935,2018,2174,2198,2199,2419,2512,2611,2651,2847,2848,3532,3598,3797,3978,3979,4369,4553,4996,
286;0;14971;15113;1;4,24,26,38,60,89,90,95,138,144,225,251,255,262,268,273,276,288,302,321,351,390,395,397,528,569,578,583,591,645,677,764,768,773,833,836,858,862,863,872,892,944,945,947,949,979,1046,1134,1174,1196,1214,1267,1273,1287,1293,1295,1322,1361,1371,1474,1513,1524,1525,1532,1533,1534,1535,1536,1537,1538,1587,1814,2174,2198,2419,2611,2651,3598,3797,4369,
351;0;15113;15258;1;24,26,38,95,138,144,145,225,241,251,255,262,268,271,273,288,297,302,321,351,390,393,395,397,398,520,569,591,645,648,728,899,1050,1051,1134,1196,1267,1270,1287,1293,1360,1378,1405,1474,1588,1668,1725,1726,1727,1728,1729,1730,1731,1732,1733,1814,2175,2249,2419,2420,2488,2508,2837,2891,3293,3511,3527,3580,3581,3582,3712,6136,6145,6918,6919,6920,6921,6922,8282,8356,
58;0;15258;15356;1;24,26,38,95,138,144,145,225,241,251,255,262,268,271,273,288,297,302,321,351,390,393,395,397,398,520,569,591,645,648,728,899,1050,1051,1134,1196,1267,1270,1287,1293,1360,1378,1405,1474,1588,1668,1725,1726,1727,1728,1729,1730,1731,1732,1733,1814,2175,2249,2419,2420,2488,2508,2837,2891,3293,3511,3527,3580,3581,3582,3712,6136,6145,6918,6919,6920,6921,6922,8282,8356,
58;1;15356;15405;1;24,26,38,95,138,144,145,225,241,251,255,262,268,271,273,288,297,302,321,351,390,393,395,397,398,520,569,591,645,648,728,899,1050,1051,1134,1196,1267,1270,1287,1293,1360,1378,1405,1474,1588,1668,1725,1726,1727,1728,1729,1730,1731,1732,1733,1814,2175,2249,2419,2420,2488,2508,2837,2891,3293,3511,3527,3580,3581,3582,3712,6136,6145,6918,6919,6920,6921,6922,8282,8356,
292;0;15405;15553;1;24,26,38,95,138,144,145,225,241,251,255,262,268,271,273,288,297,302,321,351,390,393,395,397,398,520,569,591,645,648,728,899,1050,1051,1134,1196,1267,1270,1287,1293,1360,1378,1405,1474,1588,1668,1725,1726,1727,1728,1729,1730,1731,1732,1733,1814,2175,2249,2419,2420,2488,2508,2837,2891,3293,3511,3527,3580,3581,3582,3712,6136,6145,6918,6919,6920,6921,6922,8282,8356,
38;0;15553;15631;1;24,26,38,95,138,144,145,225,241,251,255,262,268,271,273,288,297,302,321,351,390,393,395,397,398,520,569,591,645,648,728,899,1050,1051,1134,1196,1267,1270,1287,1293,1360,1378,1405,1474,1588,1668,1725,1726,1727,1728,1729,1730,1731,1732,1733,1814,2175,2249,2419,2420,2488,2508,2837,2891,3293,3511,3527,3580,3581,3582,3712,6136,6145,6918,6919,6920,6921,6922,8282,8356,
38;1;15631;15704;1;24,26,38,95,138,144,145,225,241,251,255,262,268,271,273,288,297,302,321,351,390,393,395,397,398,520,569,591,645,648,728,899,1050,1051,1134,1196,1267,1270,1287,1293,1360,1378,1405,1474,1588,1668,1725,1726,1727,1728,1729,1730,1731,1732,1733,1814,2175,2249,2419,2420,2488,2508,2837,2891,3293,3511,3527,3580,3581,3582,3712,6136,6145,6918,6919,6920,6921,6922,8282,8356,
Machine: 1
266;0;0;12;1;15,16,17,18,19,21,24,25,27,35,37,38,39,40,54,63,79,117,150,198,208,210,248,364,366,476,490,528,557,581,632,653,722,787,803,979,987,1143,1287,1294,1390,1560,1701,1898,1936,1937,1940,2091,2149,2221,2273,2315,2564,2922,2924,2940,2968,3074,3361,3829,3831,3861,4026,4103,4138,4167,4168,4169,4170,4229,4230,4464,4465,4466,5097,5098,5099,5100,7362,8861,
305;0;12;26;1;15,16,17,18,19,21,24,25,27,35,37,38,39,40,54,63,79,117,150,198,208,210,248,364,366,476,490,528,557,581,632,653,722,787,803,979,987,1143,1287,1294,1390,1560,1701,1898,1936,1937,1940,2091,2149,2221,2273,2315,2564,2922,2924,2940,2968,3074,3361,3829,3831,3861,4026,4103,4138,4167,4168,4169,4170,4229,4230,4464,4465,4466,5097,5098,5099,5100,7362,8861,
364;0;26;42;1;15,16,17,18,19,21,24,25,27,35,37,38,39,40,54,63,79,117,150,198,208,210,248,364,366,476,490,528,557,581,632,653,722,787,803,979,987,1143,1287,1294,1390,1560,1701,1898,1936,1937,1940,2091,2149,2221,2273,2315,2564,2922,2924,2940,2968,3074,3361,3829,3831,3861,4026,4103,4138,4167,4168,4169,4170,4229,4230,4464,4465,4466,5097,5098,5099,5100,7362,8861,
372;0;42;61;1;15,16,17,18,19,21,24,25,27,35,37,38,39,40,54,63,79,117,150,198,208,210,248,364,366,476,490,528,557,581,632,653,722,787,803,979,987,1143,1287,1294,1390,1560,1701,1898,1936,1937,1940,2091,2149,2221,2273,2315,2564,2922,2924,2940,2968,3074,3361,3829,3831,3861,4026,4103,4138,4167,4168,4169,4170,4229,4230,4464,4465,4466,5097,5098,5099,5100,7362,8861,
396;0;61;94;1;15,16,17,18,19,21,24,25,27,35,37,38,39,40,54,63,79,117,150,198,208,210,248,364,366,476,490,528,557,581,632,653,722,787,803,979,987,1143,1287,1294,1390,1560,1701,1898,1936,1937,1940,2091,2149,2221,2273,2315,2564,2922,2924,2940,2968,3074,3361,3829,3831,3861,4026,4103,4138,4167,4168,4169,4170,4229,4230,4464,4465,4466,5097,5098,5099,5100,7362,8861,
99;0;94;265;0;15,16,17,18,19,21,24,25,27,35,37,38,39,40,54,63,79,117,150,198,208,210,248,364,366,476,490,528,557,581,632,653,722,787,803,979,987,1143,1287,1294,1390,1560,1701,1898,1936,1937,1940,2091,2149,2221,2273,2315,2564,2922,2924,2940,2968,3074,3361,3829,3831,3861,4026,4103,4138,4167,4168,4169,4170,4229,4230,4464,4465,4466,5097,5098,5099,5100,7362,8861,
99;1;265;426;0;15,16,17,18,19,21,24,25,27,35,37,38,39,40,54,63,79,117,150,198,208,210,248,364,366,476,490,528,557,581,632,653,722,787,803,979,987,1143,1287,1294,1390,1560,1701,1898,1936,1937,1940,2091,2149,2221,2273,2315,2564,2922,2924,2940,2968,3074,3361,3829,3831,3861,4026,4103,4138,4167,4168,4169,4170,4229,4230,4464,4465,4466,5097,5098,5099,5100,7362,8861,
5;0;426;578;0;15,16,17,18,19,21,24,25,27,35,37,38,39,40,54,63,79,117,150,198,208,210,248,364,366,476,490,528,557,581,632,653,722,787,790,803,957,979,987,995,1143,1287,1294,1390,1560,1589,1701,1898,1936,1937,1940,1980,2036,2091,2149,2221,2273,2315,2564,2567,2922,2924,2940,2968,3074,3361,3829,3831,3861,4003,4026,4103,4114,4167,4168,4169,4170,4172,4230,5100,
5;1;578;739;0;61,117,137,139,144,145,149,152,177,181,208,225,231,233,241,277,288,295,302,305,308,313,314,321,322,379,391,403,429,442,529,595,634,647,778,855,979,1117,1270,1279,1284,1285,1287,1288,1289,1290,1293,1430,1472,1474,1478,1479,1676,1876,1915,1922,1932,1933,1988,2265,2394,2407,2414,2516,3121,3130,3284,3292,3402,3577,4217,4225,4472,4816,5540,7009,7999,8354,8355,9203,
105;0;739;860;0;61,117,137,139,144,145,149,152,177,181,208,225,231,233,241,277,288,295,302,305,308,313,314,321,322,379,391,403,429,442,529,595,634,647,778,855,979,1117,1270,1279,1284,1285,1287,1288,1289,1290,1293,1430,1472,1474,1478,1479,1676,1876,1915,1922,1932,1933,1988,2265,2394,2407,2414,2516,3121,3130,3284,3292,3402,3577,4217,4225,4472,4816,5540,7009,7999,8354,8355,9203,
105;1;860;1020;0;61,117,137,139,144,145,149,152,177,181,208,225,231,233,241,277,288,295,302,305,308,313,314,321,322,379,391,403,429,442,529,595,634,647,778,855,979,1117,1270,1279,1284,1285,1287,1288,1289,1290,1293,1430,1472,1474,1478,1479,1676,1876,1915,1922,1932,1933,1988,2265,2394,2407,2414,2516,3121,3130,3284,3292,3402,3577,4217,4225,4472,4816,5540,7009,7999,8354,8355,9203,
132;0;1020;1168;0;61,117,137,139,144,145,149,152,177,181,208,225,231,233,241,277,288,295,302,305,308,313,314,321,322,379,391,403,429,442,529,595,634,647,778,855,979,1117,1270,1279,1284,1285,1287,1288,1289,1290,1293,1430,1472,1474,1478,1479,1676,1876,1915,1922,1932,1933,1988,2265,2394,2407,2414,2516,3121,3130,3284,3292,3402,3577,4217,4225,4472,4816,5540,7009,7999,8354,8355,9203,
132;1;1168;1293;0;61,117,137,139,144,145,149,152,177,181,208,225,231,233,241,277,288,295,302,305,308,313,314,321,322,379,391,403,429,442,529,595,634,647,778,855,979,1117,1270,1279,1284,1285,1287,1288,1289,1290,1293,1430,1472,1474,1478,1479,1676,1876,1915,1922,1932,1933,1988,2265,2394,2407,2414,2516,3121,3130,3284,3292,3402,3577,4217,4225,4472,4816,5540,7009,7999,8354,8355,9203,
107;0;1293;1453;0;61,117,137,139,144,145,149,152,177,181,208,225,231,233,241,277,288,295,302,305,308,313,314,321,322,379,391,403,429,442,529,595,634,647,778,855,979,1117,1270,1279,1284,1285,1287,1288,1289,1290,1293,1430,1472,1474,1478,1479,1676,1876,1915,1922,1932,1933,1988,2265,2394,2407,2414,2516,3121,3130,3284,3292,3402,3577,4217,4225,4472,4816,5540,7009,7999,8354,8355,9203,
107;1;1453;1552;0;61,100,117,137,139,144,145,149,152,177,181,208,225,231,233,241,262,277,288,295,302,305,308,313,314,321,322,377,379,382,391,429,442,529,595,644,647,838,855,979,1023,1024,1117,1118,1171,1270,1279,1285,1287,1288,1289,1293,1430,1447,1472,1474,1478,1479,1513,1667,1676,1736,1915,1922,1932,1933,1973,1988,2391,2394,2407,2414,2636,3284,3292,3577,4225,4472,7009,8354,
83;0;1552;1711;0;61,100,117,137,139,144,145,149,152,177,181,208,225,231,233,241,262,277,288,295,302,305,308,313,314,321,322,377,379,382,391,429,442,529,595,644,647,838,855,979,1023,1024,1117,1118,1171,1270,1279,1285,1287,1288,1289,1293,1430,1447,1472,1474,1478,1479,1513,1667,1676,1736,1915,1922,1932,1933,1973,1988,2391,2394,2407,2414,3284,3292,3577,4225,4472,7009,8354,9158,
83;1;1711;1809;0;61,100,117,137,139,144,145,149,152,177,181,208,225,231,233,241,262,277,288,295,302,305,308,313,314,321,322,329,377,379,382,391,404,429,442,529,595,644,647,838,855,948,979,1024,1117,1118,1171,1270,1279,1285,1287,1288,1289,1293,1430,1447,1472,1474,1478,1479,1667,1676,1736,1915,1922,1932,1933,1973,1988,2391,2394,2407,2414,3284,3292,3577,4225,4472,7009,8354,
9;0;1809;1903;0;61,100,117,137,139,144,145,149,152,177,208,225,231,233,241,262,277,288,302,305,308,314,321,329,377,379,389,391,404,429,442,529,595,644,647,835,838,855,948,979,1117,1118,1171,1270,1279,1287,1288,1293,1430,1447,1472,1474,1478,1676,1736,1922,1932,1933,1973,1988,2391,2407,2414,2645,2692,2728,2806,3284,3524,3577,4472,4498,5146,7294,7299,8166,8260,8320,8989,9065,
9;1;1903;2053;0;38,60,61,74,79,100,117,137,139,144,145,149,152,190,208,225,231,233,241,256,262,277,288,305,308,314,321,329,377,379,391,404,429,442,529,569,644,647,838,855,948,979,1117,1118,1171,1270,1279,1287,1288,1293,1447,1472,1474,1478,1587,1736,1922,1973,1988,2289,2305,2391,2407,2414,2645,3284,3361,3577,3871,3872,3873,3874,3875,3876,3877,3878,3879,4472,7299,8166,
27;0;2053;2149;0;38,60,61,100,117,137,139,144,145,149,225,231,233,262,277,288,289,290,308,314,321,329,377,379,400,404,429,529,644,647,823,824,838,855,931,948,1117,1118,1270,1287,1288,1293,1447,1474,1478,1736,1922,1973,1988,2391,2407,2414,2573,2645,2696,2774,2775,2777,2778,2816,3019,3263,3284,4472,4604,4605,4606,4771,4855,5299,5329,5523,7055,7299,8569,9121,9123,9124,9144,9145,
27;1;2149;2296;0;5,38,95,137,139,144,145,225,234,262,297,308,321,329,390,395,398,640,644,647,838,854,855,891,911,948,1053,1054,1069,1119,1145,1146,1148,1149,1150,1151,1198,1359,1478,1668,1916,1951,2318,2364,2573,2600,2628,2645,2770,2774,2775,2778,2914,3174,3263,3267,3569,4567,4739,4740,4802,4939,4946,5230,5633,6366,6646,7022,7227,7425,7426,7427,7428,7429,7430,7605,8519,8520,8521,8522,
62;0;2296;2364;0;5,38,95,137,139,144,145,225,234,262,297,308,321,329,390,395,398,640,644,647,838,854,855,891,911,948,1053,1054,1069,1119,1145,1146,1148,1149,1150,1151,1198,1359,1478,1668,1916,1951,2318,2364,2573,2600,2628,2645,2770,2774,2775,2778,2914,3174,3263,3267,3569,4567,4739,4740,4802,4939,4946,5230,5633,6366,6646,7022,7227,7425,7426,7427,7428,7429,7430,7605,8519,8520,8521,8522,
62;1;2364;2536;0;5,38,95,137,139,144,145,225,234,262,297,308,321,329,390,395,398,640,644,647,838,854,855,891,911,948,1053,1054,1069,1119,1145,1146,1148,1149,1150,1151,1198,1359,1478,1668,1916,1951,2318,2364,2573,2600,2628,2645,2770,2774,2775,2778,2914,3174,3263,3267,3569,4567,4739,4740,4802,4939,4946,5230,5633,6366,6646,7022,7227,7425,7426,7427,7428,7429,7430,7605,8519,8520,8521,8522,
82;0;2880;3052;0;5,38,95,137,139,144,145,189,225,234,262,297,308,321,329,390,395,398,640,644,647,729,838,854,855,891,911,948,1053,1054,1069,1119,1145,1146,1148,1149,1150,1151,1198,1269,1295,1359,1478,1668,1916,1951,2216,2217,2218,2219,2220,2221,2318,2364,2573,2600,2628,2645,2770,2774,2775,2778,2914,3174,3263,3267,3569,4567,4739,4740,4802,4939,4946,5230,5633,6366,6646,7022,7227,7425,
82;1;3052;3107;0;5,38,95,137,139,144,145,189,225,234,262,297,308,321,329,390,395,398,640,644,647,729,838,854,855,891,911,948,1053,1054,1069,1119,1145,1146,1148,1149,1150,1151,1198,1269,1295,1359,1478,1668,1916,1951,2216,2217,2218,2219,2220,2221,2318,2364,2573,2600,2628,2645,2770,2774,2775,2778,2914,3174,3263,3267,3569,4567,4739,4740,4802,4939,4946,5230,5633,6039,6040,6366,6646,7022,
125;0;3107;3286;0;5,38,95,137,139,144,145,189,225,234,262,297,308,321,329,390,395,398,640,644,647,729,838,854,855,891,911,948,1053,1054,1069,1119,1145,1146,1148,1149,1150,1151,1198,1269,1295,1359,1478,1668,1916,1951,2216,2217,2218,2219,2220,2221,2318,2364,2573,2600,2628,2645,2770,2774,2775,2778,2914,3174,3263,3267,3569,4567,4739,4740,4802,4939,4946,5230,5633,6039,6040,6366,9155,9156,
125;1;3286;3330;0;5,38,95,137,139,144,145,189,210,225,234,262,297,308,321,329,390,395,398,640,644,647,651,729,736,838,854,855,891,911,948,1053,1054,1069,1119,1145,1146,1148,1149,1150,1151,1198,1269,1295,1359,1478,1668,1723,1916,1951,1996,2216,2217,2218,2219,2220,2221,2318,2364,2573,2600,2628,2645,2770,2774,2775,2778,2914,3174,3263,3267,3569,4567,4739,4740,4802,4939,4946,5230,5633,
128;0;3330;3410;0;4,5,38,95,137,139,144,145,189,210,225,234,262,297,308,321,329,390,395,398,640,644,647,651,698,729,736,838,841,843,854,855,891,911,948,1053,1054,1069,1070,1119,1145,1146,1148,1149,1150,1151,1269,1295,1447,1478,1668,1916,2216,2217,2220,2221,2318,2364,2573,2628,2645,2774,2775,2778,2914,2949,2950,2951,2952,2953,2954,2955,2956,3263,3267,4567,4739,4740,4802,5230,
128;1;3410;3537;0;4,5,17,38,95,137,139,144,145,189,202,206,210,225,234,262,297,308,321,329,390,395,398,640,644,647,651,698,729,736,794,838,841,843,854,855,891,911,948,987,1053,1054,1069,1119,1145,1146,1149,1269,1295,1447,1478,1668,1916,1992,2216,2217,2220,2221,2318,2364,2413,2573,2628,2645,2774,2775,2778,2914,2937,2941,2951,2955,3263,3267,4567,4739,4740,4802,4982,5230,
80;0;3537;3697;0;26,61,95,117,137,139,144,145,150,196,225,231,233,288,329,435,515,516,529,591,640,644,647,773,838,841,843,849,946,948,949,1047,1054,1157,1196,1266,1269,1270,1275,1277,1287,1288,1293,1474,1478,1669,1671,1674,1988,2091,2217,2337,2412,2413,2414,2485,2586,2645,2941,3259,4370,4547,4548,4630,4645,5230,6203,6393,7299,7837,7978,7989,8170,8171,8322,8566,8873,8874,8875,8876,
80;1;3697;3739;0;26,61,95,117,137,139,144,145,150,196,225,231,233,288,329,435,515,516,529,591,640,644,647,773,838,841,843,849,946,948,949,1047,1054,1157,1196,1266,1269,1270,1275,1277,1287,1288,1293,1474,1478,1669,1671,1674,1988,2091,2217,2337,2412,2413,2414,2485,2586,2645,2941,3259,4370,4547,4548,4630,4645,5230,6203,6393,7299,7837,7978,7989,8170,8171,8322,8566,8873,8874,8875,8876,
30;0;3739;3789;0;26,61,95,117,137,139,144,145,150,196,225,231,233,288,329,435,515,516,529,591,640,644,647,773,838,841,843,849,946,948,949,1047,1054,1157,1196,1266,1269,1270,1275,1277,1287,1288,1293,1474,1478,1669,1671,1674,1988,2091,2217,2337,2412,2413,2414,2485,2586,2645,2941,3259,4370,4547,4548,4630,4645,5230,6203,6393,7299,7837,7978,7989,8170,8171,8322,8566,8873,8874,8875,8876,
30;1;3789;3937;0;26,61,95,117,137,139,144,145,150,196,225,231,233,288,329,435,515,516,529,591,640,644,647,773,838,841,843,849,946,948,949,1047,1054,1157,1196,1266,1269,1270,1275,1277,1287,1288,1293,1474,1478,1669,1671,1674,1988,2091,2217,2337,2412,2413,2414,2485,2586,2645,2941,3259,4370,4547,4548,4630,4645,5230,6203,6393,7299,7837,7978,7989,8170,8171,8322,8566,8873,8874,8875,8876,
114;0;4320;4349;0;26,61,95,117,137,139,144,145,146,150,196,225,231,233,288,291,314,329,377,429,435,515,516,529,591,640,644,647,773,838,841,843,849,946,948,949,1047,1054,1117,1118,1120,1124,1157,1196,1266,1269,1270,1275,1277,1287,1288,1293,1474,1478,1669,1671,1674,1735,1736,1763,1988,2091,2217,2337,2412,2413,2414,2485,2645,2898,2941,4834,5230,5257,5511,5512,7299,7837,8170,8171,
114;1;4349;4514;0;26,61,95,117,137,139,144,145,146,150,196,225,231,233,288,291,314,329,377,429,435,515,516,529,591,640,644,647,773,838,841,843,849,946,948,949,1047,1054,1117,1118,1120,1124,1157,1196,1266,1269,1270,1275,1277,1287,1288,1293,1474,1478,1669,1671,1674,1735,1736,2091,2337,2413,2485,2645,2898,2941,5080,5230,5511,5984,5992,6360,6585,7138,7299,7478,7837,8040,8170,8171,
123;0;4514;4544;0;26,61,95,117,137,139,144,145,146,150,196,225,231,233,277,288,291,314,329,377,429,435,515,516,529,591,640,644,647,677,764,766,773,838,841,843,849,946,948,949,1054,1117,1118,1196,1269,1270,1275,1277,1287,1288,1293,1474,1478,1669,1671,1674,1735,1922,2091,2337,2354,2413,2485,2498,2626,2645,2661,2898,2941,3608,5080,5230,5511,5984,5992,6585,7299,7837,8170,8171,
123;1;4544;4702;0;26,61,89,95,117,137,139,144,145,146,150,225,231,233,277,288,291,314,329,377,429,591,640,647,765,766,838,841,851,932,948,949,1043,1054,1117,1118,1147,1196,1270,1277,1287,1288,1293,1474,1478,1529,1669,1674,1735,1943,2091,2337,2376,2413,2485,2627,2645,2647,2661,2941,3635,4369,4373,4655,4734,5107,5502,5511,7299,7837,8170,8171,9175,9179,9185,9187,9188,9189,9190,9191,
66;0;4702;4724;0;26,61,89,95,117,137,139,144,145,146,150,225,231,233,274,277,288,291,296,314,329,377,404,429,591,640,647,765,766,838,841,851,932,948,949,1043,1054,1093,1117,1118,1147,1196,1270,1277,1287,1288,1293,1474,1478,1529,1669,1674,1735,1943,1973,2091,2337,2376,2413,2485,2627,2645,2647,2661,2941,3635,3711,4369,4373,4553,4655,4734,5107,5502,5511,7299,7837,8170,8171,9175,
66;1;4724;4883;0;26,27,61,68,89,95,117,137,139,144,145,146,150,170,225,231,233,274,277,288,291,296,314,329,377,404,429,528,591,640,647,765,766,838,841,851,932,948,949,1043,1054,1093,1117,1118,1147,1196,1270,1277,1287,1288,1293,1474,1478,1529,1669,1674,1735,1943,1973,2091,2179,2279,2337,2376,2413,2471,2485,2627,2645,2661,2864,2941,4373,4553,5107,5511,7299,7837,8170,8171,
299;0;4883;5058;0;3,26,27,61,117,137,139,144,145,149,192,225,231,248,262,274,275,288,291,301,321,329,495,528,591,640,647,754,833,838,855,863,948,949,1054,1060,1093,1117,1118,1134,1277,1288,1292,1293,1294,1474,1478,1502,1529,1670,1674,1777,1849,2091,2216,2224,2408,2409,2419,2485,2645,2661,4357,4489,4535,4553,4746,5110,5432,5511,5627,6766,6957,7035,7060,7061,7299,7837,8170,8171,
361;0;5058;5233;0;3,26,27,61,117,137,139,144,145,149,192,225,231,248,262,274,275,288,291,301,321,329,495,528,591,640,647,754,833,838,855,863,948,949,1054,1060,1093,1117,1118,1134,1277,1288,1292,1293,1294,1474,1478,1502,1529,1670,1674,1777,1849,2091,2216,2224,2408,2409,2419,2485,2645,2661,4357,4489,4535,4553,4746,5110,5432,5511,5627,6766,6957,7035,7060,7061,7299,7837,8170,8171,
102;0;5233;5306;0;3,26,27,61,117,137,139,144,145,149,192,225,231,248,262,274,275,288,291,301,321,329,495,528,591,640,647,754,833,838,855,863,948,949,1054,1060,1093,1117,1118,1134,1277,1288,1292,1293,1294,1474,1478,1502,1529,1670,1674,1777,1849,2091,2216,2224,2408,2409,2419,2485,2645,2661,4357,4489,4535,4553,4746,5110,5432,5511,5627,6766,6957,7035,7060,7061,7299,7837,8170,8171,
102;1;5760;5861;0;26,27,61,117,137,139,142,144,145,149,225,231,248,262,274,288,291,315,329,379,380,390,394,399,400,528,591,640,647,833,838,855,863,949,1051,1054,1055,1060,1061,1093,1117,1118,1145,1149,1231,1277,1288,1293,1294,1363,1474,1478,1502,1529,1604,1670,1674,1726,1809,1822,1823,1824,1825,1826,1827,1828,1829,1830,1831,1832,2091,2224,2645,2661,5511,6957,7299,7837,8170,8171,
273;0;5861;6034;0;26,27,61,93,94,100,117,137,139,144,145,225,231,262,274,288,291,292,329,528,591,640,647,715,838,848,855,863,949,1093,1117,1118,1277,1288,1293,1294,1474,1478,1481,1502,1516,1527,1529,1670,1674,1726,2052,2091,2224,2318,2645,2661,2678,2679,2682,3291,4608,4962,5392,5511,5525,5713,6400,6597,6957,7217,7296,7299,7319,7837,8170,8171,8415,9076,9077,9078,9079,9080,9081,9082,
356;0;6034;6206;0;26,27,61,93,94,100,117,137,139,144,145,225,231,262,274,288,291,292,329,528,591,640,647,715,838,848,855,863,949,1093,1117,1118,1277,1288,1293,1294,1295,1322,1474,1478,1481,1502,1516,1527,1529,1670,1674,1726,2052,2091,2224,2318,2407,2645,2661,2678,2679,2682,3291,4608,4962,5392,5511,5525,5713,6400,6597,6957,7217,7296,7299,7319,7837,7945,7971,8170,8171,8415,9076,9077,
358;0;6206;6370;0;26,27,34,52,61,93,94,100,117,137,139,144,145,225,231,262,274,288,291,292,329,528,591,640,647,715,838,848,855,863,949,1093,1117,1118,1277,1288,1293,1294,1295,1322,1474,1478,1481,1502,1516,1527,1529,1670,1674,1726,2052,2091,2224,2318,2407,2645,2661,2678,2679,2682,2872,3291,4608,4962,5392,5468,5511,5525,5713,6400,6597,6957,7217,7296,7299,7319,7837,7945,8170,8171,
394;0;6370;6534;0;55,60,61,100,137,139,144,148,198,205,225,288,395,484,528,544,591,640,647,659,855,863,911,921,949,1172,1280,1282,1293,1478,1484,1502,1544,1587,1605,1633,1670,1674,1999,2074,2157,2171,2190,2224,2851,2852,2853,2854,2855,3008,3034,3060,3284,3345,3349,3707,3831,3855,4009,4012,4013,4026,4119,4120,4121,4397,4401,4472,4795,4898,4899,5206,5216,5322,5479,5480,5481,5482,5695,5926,
383;0;6534;6695;0;55,60,61,100,137,139,144,148,198,205,225,288,395,484,528,544,591,640,647,659,855,863,911,921,949,1172,1280,1282,1293,1478,1484,1502,1544,1587,1605,1633,1670,1674,1999,2074,2157,2171,2190,2224,2851,2852,2853,2854,2855,3008,3034,3060,3284,3345,3349,3707,3831,3855,4009,4012,4013,4026,4119,4120,4121,4397,4401,4472,4795,4898,4899,5206,5216,5322,5479,5480,5481,5482,5695,5926,
304;0;6695;6855;0;55,60,61,100,137,139,144,148,198,205,225,288,395,484,528,544,591,640,647,659,855,863,911,921,949,1172,1280,1282,1293,1478,1484,1502,1544,1587,1605,1633,1670,1674,1999,2074,2157,2171,2190,2224,2851,2852,2853,2854,2855,3008,3034,3060,3284,3345,3349,3707,3831,3855,4009,4012,4013,4026,4119,4120,4121,4397,4401,4472,4795,4898,4899,5206,5216,5322,5479,5480,5481,5482,5695,5926,
306;0;6855;7015;0;55,60,61,100,137,139,144,148,198,205,225,288,395,484,528,544,591,640,647,659,855,863,911,921,949,1172,1280,1282,1293,1478,1484,1502,1544,1587,1605,1633,1670,1674,1999,2074,2157,2171,2190,2224,2851,2852,2853,2854,2855,3008,3034,3060,3284,3345,3349,3707,3831,3855,4009,4012,4013,4026,4119,4120,4121,4397,4401,4472,4795,4898,4899,5206,5216,5322,5479,5480,5481,5482,5695,5926,
324;0;7015;7172;0;55,60,61,100,137,139,144,148,198,205,225,288,395,484,528,544,591,640,647,659,855,863,911,921,949,1172,1280,1282,1293,1478,1484,1502,1544,1587,1605,1633,1670,1674,1999,2074,2157,2171,2190,2224,2851,2852,2853,2854,2855,3008,3034,3060,3284,3345,3349,3707,3831,3855,4009,4012,4013,4026,4119,4120,4121,4397,4401,4472,4795,4898,4899,5206,5216,5322,5479,5480,5481,5482,5695,5926,
365;0;7200;7356;0;55,60,61,100,137,139,144,148,198,205,225,276,288,395,484,528,544,591,640,647,659,855,863,911,921,949,1121,1171,1172,1280,1282,1293,1472,1478,1484,1502,1544,1587,1605,1633,1670,1674,1675,1814,1999,2074,2157,2171,2190,2224,2851,2852,2853,2854,2855,3008,3034,3060,3284,3345,3349,3707,3831,3915,3916,3917,3918,3919,3920,3921,3922,3923,3924,3925,3926,3927,3928,4119,4472,5206,
391;0;7356;7508;0;55,60,61,100,137,139,144,148,198,205,225,276,288,395,484,526,528,544,591,640,647,659,855,863,911,921,949,1121,1171,1172,1280,1282,1293,1472,1478,1484,1502,1544,1587,1605,1633,1670,1674,1675,1814,1999,2074,2157,2171,2190,2224,2851,2852,2853,2854,2855,3008,3034,3060,3122,3284,3345,3348,3349,3707,3831,3915,3916,3917,3918,3919,3920,3921,3922,3923,3924,3925,4119,4472,5206,
46;0;7508;7606;0;55,60,61,100,117,137,139,144,148,198,205,225,276,288,292,329,395,396,484,526,528,544,591,640,647,659,838,855,863,911,949,1121,1172,1280,1282,1293,1472,1478,1484,1587,1605,1674,1675,1814,1999,2074,2091,2157,2190,2224,2645,2774,2775,2776,2777,2778,3008,3034,3263,3284,3345,3348,3349,3435,3915,3920,3925,4119,4472,4605,4606,4612,4759,4760,5206,5305,5499,8007,8011,8012,
46;1;7606;7657;0;55,60,61,100,117,137,139,144,148,198,205,225,274,276,288,292,329,395,396,484,526,528,544,591,640,647,659,838,855,863,911,949,1121,1172,1280,1282,1293,1472,1478,1484,1587,1605,1674,1675,1814,1999,2074,2091,2157,2190,2224,2645,2774,2775,2776,2777,2778,3008,3034,3263,3279,3280,3281,3282,3283,3284,3345,3348,3349,3435,3915,3920,3925,4119,4472,4605,4606,4612,5206,5499,
371;0;7657;7804;0;55,60,61,100,117,137,139,144,145,198,205,225,274,276,288,291,292,329,351,395,396,484,528,591,640,647,838,855,863,911,949,1118,1121,1172,1280,1282,1293,1472,1478,1484,1540,1587,1605,1674,1675,1814,1999,2074,2091,2157,2190,2224,2645,2774,2775,2777,2778,3008,3034,3263,3279,3281,3284,3345,3348,3349,3435,3915,3920,3925,4119,4472,4605,4606,5051,5206,5209,5409,5499,6472,
26;0;7804;7840;0;55,61,100,117,137,139,144,145,198,205,225,226,230,274,276,288,291,292,329,351,395,396,398,484,528,591,640,647,838,855,863,911,949,1117,1118,1121,1172,1280,1282,1293,1472,1474,1478,1481,1484,1587,1605,1674,1675,1814,2074,2091,2157,2190,2224,2597,2645,2774,2775,2777,2778,3008,3034,3263,3279,3281,3284,3345,3348,3349,3435,3915,3920,3925,4119,4472,4605,4606,5206,5499,
26;1;7840;7950;0;15,24,26,61,144,145,186,189,198,225,226,231,276,288,291,292,329,396,503,528,662,838,861,979,1088,1118,1172,1268,1277,1279,1288,1293,1294,1295,1322,1478,1484,1550,1580,1587,1605,2080,2157,2315,2555,2645,2796,2802,3022,3127,3281,3348,3472,3473,3609,3627,4119,4894,5053,5952,6042,6043,6401,6783,6957,7029,7071,7072,7073,7837,7882,8165,8166,8167,8168,8169,8170,8171,8172,8173,
393;0;7950;8092;0;15,24,26,61,144,145,186,189,198,225,226,231,276,288,291,292,329,396,503,528,662,838,861,979,1088,1118,1172,1268,1277,1279,1288,1293,1294,1295,1322,1478,1484,1550,1580,1587,1605,2080,2157,2315,2555,2645,2796,2802,3022,3127,3281,3348,3472,3473,3609,3627,4119,4894,5053,5952,6042,6043,6401,6783,6957,7029,7071,7072,7073,7837,7882,8165,8166,8167,8168,8169,8170,8171,8172,8173,
15;0;8092;8096;0;15,24,26,61,144,145,186,189,198,225,226,231,276,288,291,292,329,396,503,528,662,838,861,979,1088,1118,1172,1268,1277,1279,1288,1293,1294,1295,1322,1478,1484,1550,1580,1587,1605,2080,2157,2315,2555,2645,2796,2802,3022,3127,3281,3348,3472,3473,3609,3627,4119,4894,5053,5952,6042,6043,6401,6783,6957,7029,7071,7072,7073,7837,7882,8165,8166,8167,8168,8169,8170,8171,8172,8173,
15;1;8096;8233;0;15,24,26,61,144,145,186,189,198,225,226,231,276,288,291,292,329,396,503,528,662,838,861,979,1088,1118,1172,1268,1277,1279,1288,1293,1294,1295,1322,1478,1484,1550,1580,1587,1605,2080,2157,2315,2555,2645,2796,2802,3022,3127,3281,3348,3472,3473,3609,3627,4119,4894,5053,5952,6042,6043,6401,6783,6957,7029,7071,7072,7073,7837,7882,8165,8166,8167,8168,8169,8170,8171,8172,8173,
7;0;8233;8330;0;15,24,26,61,144,145,186,189,198,225,226,231,276,288,291,292,329,396,503,528,662,838,861,979,1088,1118,1172,1268,1277,1279,1288,1293,1294,1295,1322,1478,1484,1550,1580,1587,1605,2080,2157,2315,2555,2645,2796,2802,3022,3127,3281,3348,3472,3473,3609,3627,4119,4894,5053,5952,6042,6043,6401,6783,6957,7029,7071,7072,7073,7837,7882,8165,8166,8167,8168,8169,8170,8171,8172,8173,
7;1;8640;8676;0;15,24,26,61,144,145,149,186,189,198,225,226,231,241,262,276,277,288,291,292,329,391,396,503,528,662,838,861,979,1088,1093,1118,1172,1214,1268,1277,1279,1288,1293,1294,1295,1322,1468,1478,1484,1550,1580,1587,1605,2080,2109,2157,2315,2451,2555,2645,2709,2796,2802,2926,3022,3127,3281,3348,3472,3473,3609,3627,4119,4894,5053,5243,5952,6042,6043,6125,6401,7882,8170,8171,
28;0;8676;8742;0;15,24,26,61,62,144,145,149,152,186,188,189,198,225,226,231,241,262,276,277,288,291,292,329,391,396,490,503,528,662,838,861,872,979,1088,1093,1118,1172,1196,1214,1268,1277,1279,1288,1293,1294,1295,1322,1468,1478,1484,1550,1580,1587,1605,2080,2109,2157,2315,2555,2645,2802,2936,3005,3022,3070,3348,3361,3609,3627,3877,4119,5053,5493,5494,5495,6401,7882,8170,8171,
28;1;8742;8806;0;15,24,26,61,62,144,145,149,152,177,189,198,225,226,231,234,241,262,276,277,288,291,292,302,304,305,308,314,317,329,391,396,442,528,595,838,872,979,1093,1118,1172,1196,1214,1268,1277,1279,1288,1293,1294,1295,1322,1430,1478,1484,1580,1587,1605,1676,1932,1933,2080,2109,2315,2555,2645,2802,3005,3022,3070,3348,3361,3609,3627,3877,4119,5053,6401,7882,8170,8171,
65;0;8806;8905;0;15,24,26,61,144,145,149,152,177,189,198,225,226,231,234,241,262,276,277,288,291,292,305,308,314,329,391,396,528,595,838,872,979,1093,1118,1172,1196,1214,1268,1277,1279,1288,1293,1294,1295,1322,1478,1484,1580,1587,1605,1676,2080,2109,2315,2555,2645,2802,3005,3022,3070,3348,3361,3609,3627,3705,3877,4119,4280,5053,6401,7395,7882,8076,8077,8078,8079,8081,8170,8171,
65;1;8905;8930;0;15,24,26,61,126,144,145,149,152,177,189,198,225,226,231,234,241,262,276,277,288,291,292,305,308,314,329,391,396,472,528,595,838,872,979,1093,1118,1172,1196,1214,1268,1277,1279,1288,1293,1294,1295,1322,1478,1484,1580,1587,1605,1676,2080,2109,2146,2147,2315,2555,2645,2802,3005,3022,3070,3348,3361,3609,3627,3705,3877,4119,4280,5053,6401,7395,7882,8076,8170,8171,
319;0;8930;9047;0;5,15,24,26,61,144,145,149,152,177,189,225,226,231,234,241,262,266,276,277,288,291,292,314,329,390,391,396,404,528,838,854,872,979,1048,1050,1051,1060,1093,1118,1172,1196,1214,1268,1277,1279,1288,1293,1294,1295,1322,1470,1478,1484,1580,1587,1605,1669,1676,1973,2080,2134,2315,2355,2425,2555,2645,3005,3022,3070,3348,3361,3609,3627,3877,4119,4280,5053,6401,7882,
312;0;9047;9161;0;5,15,24,26,61,144,145,149,152,177,189,225,226,231,234,241,262,266,276,277,288,291,292,314,329,390,391,396,404,528,838,854,872,979,1048,1050,1051,1060,1093,1118,1172,1196,1214,1268,1277,1279,1288,1293,1294,1295,1322,1470,1478,1484,1580,1587,1605,1669,1676,1973,2080,2134,2315,2355,2555,2645,3005,3022,3070,3348,3361,3609,3627,3877,4119,4280,5053,6401,7453,7882,
360;0;9161;9273;0;5,15,24,26,61,144,145,149,152,177,189,225,226,231,234,241,262,266,276,277,288,291,292,314,329,390,391,396,404,528,838,854,872,979,1048,1050,1051,1060,1093,1118,1172,1196,1214,1268,1277,1279,1288,1293,1294,1295,1322,1470,1478,1484,1580,1587,1605,1669,1676,1973,2022,2080,2134,2315,2355,2555,2645,3005,3022,3070,3348,3361,3609,3627,3877,4119,4280,5053,6401,7882,
2;0;9273;9341;0;5,15,24,26,61,144,145,149,152,177,189,225,226,234,241,276,277,288,291,292,314,329,390,391,396,404,528,838,854,872,979,1048,1051,1093,1118,1172,1196,1268,1271,1276,1277,1279,1287,1288,1293,1294,1295,1322,1478,1580,1587,1605,1676,1973,2080,2148,2240,2241,2315,2355,2410,2418,2472,2555,2645,3022,3048,3049,3050,3051,3070,3348,3361,3609,3627,3877,4119,5053,6401,7882,
2;1;9341;9377;0;46,61,74,79,113,144,169,177,190,208,225,234,247,251,269,276,377,396,480,497,578,757,838,854,979,987,1196,1293,1466,1473,1538,1580,1587,1676,1898,1936,2054,2073,2168,2538,2868,2937,3022,3072,3589,3590,3627,3703,3796,3870,3908,4119,4294,4383,4545,4736,4956,4957,4958,4959,4960,4961,4962,4963,5053,5058,5100,5496,6092,6401,7009,7882,8354,8536,8537,8538,8539,8540,8541,8542,
17;0;9377;9473;0;46,61,74,79,113,144,169,177,190,208,225,234,247,251,269,276,377,396,480,497,578,757,838,854,979,987,1196,1293,1466,1473,1538,1580,1587,1676,1898,1936,2054,2073,2168,2538,2868,2937,3022,3072,3589,3590,3627,3703,3796,3870,3908,4119,4294,4383,4545,4736,4956,4957,4958,4959,4960,4961,4962,4963,5053,5058,5100,5496,6092,6401,7009,7882,8354,8536,8537,8538,8539,8540,8541,8542,
17;1;9473;9477;0;46,61,74,79,113,144,169,177,190,208,225,234,247,251,269,276,377,396,480,497,578,757,838,854,979,987,1196,1293,1466,1473,1538,1580,1587,1676,1898,1936,2054,2073,2168,2538,2868,2937,3022,3072,3589,3590,3627,3703,3796,3870,3908,4119,4294,4383,4545,4736,4956,4957,4958,4959,4960,4961,4962,4963,5053,5058,5100,5496,6092,6401,7009,7882,8354,8536,8537,8538,8539,8540,8541,8542,
113;0;9477;9511;0;46,61,74,79,113,144,169,177,190,208,225,234,247,251,269,276,377,396,480,497,578,757,838,854,979,987,1196,1293,1466,1473,1538,1580,1587,1676,1898,1936,2054,2073,2168,2538,2868,2937,3022,3072,3589,3590,3627,3703,3796,3870,3908,4119,4294,4383,4545,4736,4956,4957,4958,4959,4960,4961,4962,4963,5053,5058,5100,5496,6092,6401,7009,7882,8354,8536,8537,8538,8539,8540,8541,8542,
113;1;9511;9571;0;46,61,74,79,113,144,169,177,190,208,225,234,247,251,269,276,377,396,480,497,578,757,838,854,979,987,1196,1293,1466,1473,1538,1580,1587,1676,1898,1936,2054,2073,2168,2538,2868,2937,3022,3072,3589,3590,3627,3703,3796,3870,3908,4119,4294,4383,4545,4736,4956,4957,4958,4959,4960,4961,4962,4963,5053,5058,5100,5496,6092,6401,7009,7882,8354,8536,8537,8538,8539,8540,8541,8542,
389;0;10080;10168;0;46,61,74,79,113,144,169,177,190,208,225,234,247,248,249,251,269,276,377,396,414,480,497,559,578,757,838,854,979,987,1196,1270,1293,1466,1473,1538,1580,1587,1676,1718,1788,1875,1898,1936,2054,2073,2168,2238,2338,2339,2538,2868,2937,3022,3072,3589,3590,3627,3703,3765,3796,3870,3908,4545,5053,5150,5161,5560,6092,6254,6373,6401,7009,7877,7878,7879,7880,7881,7882,8354,
130;0;10168;10240;0;46,61,74,79,89,94,113,144,169,177,190,208,225,234,247,248,249,251,269,276,377,396,414,497,583,586,765,770,833,834,838,854,890,987,1168,1196,1270,1293,1447,1473,1519,1524,1528,1529,1580,1587,1676,2168,2338,2602,2659,2693,2721,2868,3022,3527,3581,3582,3627,3638,3703,4537,4545,4574,4732,4802,4937,4949,5053,5339,5341,5342,5343,5344,5345,5451,6092,6401,7009,8354,
130;1;10240;10256;0;61,79,144,145,169,190,225,226,233,234,241,248,251,267,268,273,275,277,284,285,286,287,288,289,290,291,292,301,429,430,583,609,612,827,854,890,1099,1146,1172,1270,1293,1358,1473,1519,1525,1587,1734,1735,1915,1916,1918,2052,2091,2133,2168,2337,2338,2573,3022,3627,3763,4426,4533,5185,5186,5187,5188,5189,5190,5191,5192,5193,5194,5195,5196,5197,5198,5199,5200,5201,
126;0;10256;10309;0;61,79,144,145,169,190,225,226,233,234,241,248,251,267,268,273,275,277,284,285,286,287,288,289,290,291,292,301,340,429,430,583,609,612,827,851,854,890,1099,1146,1172,1270,1293,1358,1473,1519,1525,1587,1734,1735,1915,1916,1918,2052,2091,2133,2168,2337,2338,2573,2891,3022,3627,3745,3763,4426,4533,5185,5186,5187,8134,8137,8190,8197,8198,8199,8200,8203,8204,8205,
126;1;10309;10336;0;30,61,79,144,145,152,169,190,225,226,233,234,241,248,251,267,268,273,275,277,284,285,286,287,288,289,290,291,292,301,340,429,430,504,583,609,612,827,851,854,872,890,972,1099,1146,1172,1270,1293,1358,1473,1519,1525,1561,1562,1587,1734,1887,1915,2091,2133,2168,2337,2338,2563,2572,2765,2891,3022,3346,3627,3745,4533,5185,7649,7650,8190,8198,8199,8200,8203,
385;0;10336;10416;0;30,61,79,139,144,145,152,169,225,226,233,234,248,251,267,268,273,277,285,286,287,288,289,290,291,292,301,314,329,340,429,504,583,640,827,851,854,890,1095,1099,1118,1146,1147,1172,1178,1270,1293,1354,1358,1360,1473,1476,1480,1587,1915,1920,2091,2133,2168,2337,2338,2891,3034,3627,3630,3715,3745,4407,4533,4553,4675,5135,5185,5206,5207,8190,8198,8199,8200,8203,
293;0;10416;10493;0;30,61,79,139,144,145,152,169,225,226,233,234,248,251,267,268,273,277,285,286,287,288,289,290,291,292,301,314,329,340,429,504,583,640,827,851,854,890,1095,1099,1118,1146,1147,1172,1178,1270,1293,1354,1358,1360,1473,1476,1480,1587,1915,1920,2091,2133,2168,2337,2338,2891,3034,3627,3630,3745,4533,4553,5185,5206,6133,6136,7956,8190,8198,8199,8200,8203,8282,8284,
310;0;10493;10569;0;30,61,79,101,139,144,145,152,169,225,226,233,234,248,251,267,268,273,277,285,286,287,288,289,290,291,292,301,314,329,340,429,504,583,640,827,851,854,890,1095,1099,1118,1146,1147,1172,1178,1270,1293,1354,1358,1360,1473,1476,1479,1587,1915,1920,2091,2133,2168,2337,2338,2891,3627,3745,4533,4553,5185,5206,5247,5538,6133,6136,7956,8190,8198,8199,8200,8203,8284,
338;0;10569;10643;0;30,61,79,97,101,139,144,145,152,225,226,233,234,248,251,260,267,268,273,277,286,288,290,291,301,329,340,345,395,429,583,584,640,851,854,890,1118,1146,1147,1172,1270,1293,1358,1360,1374,1473,1476,1479,1587,1756,1920,2091,2168,2337,2405,2645,2891,2988,3519,3627,3699,3745,4533,4553,5185,5206,5867,6133,6136,6198,6199,6200,6201,7956,8190,8198,8199,8200,8203,8284,
34;0;10643;10673;0;27,30,61,79,97,101,139,144,145,152,225,226,233,234,248,251,267,268,273,277,286,288,290,291,301,329,340,395,429,583,640,734,851,854,868,875,1118,1146,1147,1172,1270,1286,1293,1358,1360,1473,1476,1479,1587,1756,1920,2091,2168,2179,2273,2309,2310,2311,2312,2313,2314,2315,2316,2337,2645,2891,3627,3745,4533,4553,5185,5206,6133,6136,8190,8198,8199,8200,8203,8284,
34;1;10673;10712;0;27,30,61,79,97,101,139,144,145,152,225,226,233,234,248,251,267,268,273,277,286,288,290,291,301,329,340,380,395,429,583,640,734,851,854,868,875,1118,1146,1147,1172,1270,1286,1293,1358,1360,1401,1473,1474,1476,1478,1479,1587,1756,1920,2091,2168,2179,2273,2309,2310,2315,2337,2355,2645,2891,3627,3745,4533,4553,5185,5206,6133,6136,8190,8198,8199,8200,8203,8284,
109;0;10712;10734;0;27,30,61,79,97,101,139,144,145,152,225,226,233,234,248,251,267,268,273,277,286,288,290,291,301,329,395,415,429,484,583,640,734,753,854,875,995,1118,1146,1147,1160,1172,1270,1293,1358,1401,1463,1473,1474,1476,1478,1479,1587,1657,1719,1756,1920,1935,2091,2168,2179,2315,2337,2355,2645,2891,2941,3336,3627,4225,4510,5206,5435,5487,5488,5489,6133,6136,8190,8284,
109;1;10734;10780;0;4,27,30,61,79,95,97,101,139,144,145,152,225,226,233,234,248,251,267,268,273,277,286,288,290,291,301,329,390,391,392,395,404,429,583,640,645,734,854,875,1052,1118,1146,1147,1172,1270,1293,1358,1401,1417,1472,1473,1474,1476,1478,1479,1587,1657,1756,1884,1920,2091,2108,2168,2179,2315,2337,2355,2645,2820,2891,2941,3336,5206,5487,5588,6133,6136,8190,8284,
368;0;10780;10848;0;4,15,19,24,25,27,30,34,36,44,61,79,144,145,146,149,152,156,170,251,277,288,398,404,412,421,505,640,729,875,1117,1146,1149,1179,1247,1261,1270,1293,1435,1476,1478,1479,1481,1558,1587,1605,1606,1657,1920,2080,2179,2315,2330,2413,2518,2555,2849,2941,2957,3126,3336,3361,3774,3847,3877,4064,4285,4473,4964,4965,4966,4972,5182,5487,6015,6133,6136,6441,6686,8284,
398;0;10848;10913;0;4,15,19,24,25,27,30,34,36,44,61,79,144,145,146,149,152,156,170,251,277,288,398,404,412,421,505,640,729,875,1117,1146,1149,1179,1247,1261,1270,1293,1435,1476,1478,1479,1481,1558,1587,1605,1606,1657,1920,2080,2179,2315,2330,2413,2518,2555,2849,2941,2957,3126,3336,3361,3774,3847,3877,4064,4285,4473,4964,4965,4966,4972,5182,5487,6015,6133,6136,6441,6686,8284,
381;0;10913;10975;0;4,15,19,24,25,27,30,34,36,44,61,79,144,145,146,149,152,156,170,251,277,288,398,404,412,421,505,640,729,875,1117,1146,1149,1179,1247,1261,1270,1293,1435,1476,1478,1479,1481,1558,1587,1605,1606,1657,1920,2080,2179,2315,2330,2413,2518,2555,2849,2941,2957,3126,3336,3361,3774,3847,3877,4064,4285,4473,4964,4965,4966,4972,5182,5487,6015,6133,6136,6441,6686,8284,
337;0;10975;11036;0;4,15,19,24,25,27,30,34,36,44,61,79,144,145,146,149,152,156,170,251,277,288,398,404,412,421,505,640,729,875,1117,1146,1149,1179,1247,1261,1270,1293,1435,1476,1478,1479,1481,1558,1587,1605,1606,1657,1920,2080,2179,2315,2330,2413,2518,2555,2849,2941,2957,3126,3336,3361,3774,3847,3877,4064,4285,4473,4964,4965,4966,4972,5182,5487,6015,6133,6136,6441,6686,8284,
384;0;11520;11579;0;4,15,24,27,30,79,144,145,146,149,152,165,170,189,251,277,288,398,404,536,598,602,640,722,875,1117,1146,1270,1279,1293,1322,1341,1478,1481,1587,1778,1796,2074,2148,2151,2172,2315,2352,2518,2849,2873,2934,2941,2968,3336,3361,3409,3774,3802,3805,4060,4078,4207,4864,4865,4866,4867,4868,4869,4870,4871,4872,4873,4874,4875,4876,4877,4878,4879,4880,4972,5487,6133,6136,8284,
309;0;11579;11636;0;4,15,24,27,30,79,144,145,146,149,152,165,170,189,251,277,288,398,404,536,598,602,640,722,875,1117,1146,1270,1279,1293,1322,1341,1478,1481,1587,1778,1796,2074,2148,2151,2172,2315,2352,2518,2849,2873,2934,2941,2968,3336,3361,3409,3774,3802,3805,4060,4078,4207,4864,4865,4866,4867,4868,4869,4870,4972,5487,6133,6136,6138,8230,8276,8278,8280,8284,8285,8317,8318,8319,8358,
41;0;11636;11658;0;1,2,3,4,5,6,7,8,9,10,11,12,13,15,24,27,30,79,144,145,146,149,152,165,170,189,251,277,288,398,404,536,598,602,640,722,875,1117,1146,1270,1279,1293,1322,1341,1478,1481,1587,1778,1796,2074,2148,2151,2172,2315,2352,2518,2849,2873,2934,2941,2968,3336,3361,3409,3774,3802,3805,4060,4078,4207,4864,4865,4866,4867,4868,4869,4870,4972,5487,6136,
41;1;11658;11689;0;1,2,3,4,5,6,7,8,9,10,11,12,13,15,24,27,30,79,144,145,146,149,150,152,165,170,189,251,277,288,398,404,507,536,598,602,640,722,875,1117,1146,1258,1270,1279,1293,1322,1341,1478,1481,1587,1778,1796,2074,2148,2151,2172,2315,2352,2518,2849,2873,2934,2941,2968,3336,3361,3409,3599,3600,3601,3774,3802,3805,4060,4078,4207,4864,4972,5487,6136,
53;0;11689;11725;0;1,2,3,4,5,6,7,8,9,10,11,12,13,15,24,26,27,30,79,144,145,146,149,150,152,165,170,189,251,277,288,398,404,507,528,536,598,602,640,722,875,1117,1146,1258,1268,1270,1279,1287,1288,1292,1293,1294,1322,1341,1478,1481,1587,1782,2074,2172,2239,2241,2242,2263,2315,2407,2518,2873,2941,2968,3026,3027,3336,3361,3409,3774,3802,4972,5487,6136,
53;1;11725;11739;0;1,2,3,4,5,6,7,8,9,10,11,12,13,15,24,26,27,30,79,144,145,146,149,150,152,165,170,189,251,277,288,321,398,404,507,528,536,640,647,875,949,1093,1117,1146,1163,1268,1270,1279,1287,1288,1292,1293,1294,1322,1341,1361,1478,1481,1587,1802,1808,2053,2074,2172,2223,2315,2407,2518,2873,2941,2968,3336,3337,3361,3409,3774,3802,4972,5487,6136,
315;0;11739;11788;0;1,2,3,4,5,6,7,8,9,24,26,27,30,79,144,145,146,149,150,170,189,251,277,288,321,398,404,449,476,479,528,640,647,875,949,1093,1117,1146,1268,1270,1271,1275,1279,1287,1288,1292,1293,1294,1322,1334,1341,1361,1478,1481,1587,2053,2074,2172,2315,2407,2518,2873,2941,2968,3070,3336,3348,3349,3355,3360,3361,3409,3609,3774,3802,4909,4972,5474,5487,6136,
395;0;11788;11829;0;1,2,3,4,5,6,7,8,9,24,26,27,30,79,144,145,146,149,150,170,189,251,277,288,321,398,404,449,476,479,528,581,640,647,742,875,949,1093,1117,1146,1262,1268,1270,1271,1275,1279,1287,1288,1292,1293,1294,1322,1334,1341,1361,1478,1481,1563,1587,2053,2074,2172,2216,2315,2407,2518,2873,2876,2941,2968,3409,3609,3774,3802,3807,3808,3809,3810,4972,6136,
278;0;11829;11868;0;1,2,3,4,5,6,7,8,9,24,26,27,30,79,144,145,146,149,150,170,189,251,277,288,321,398,404,449,476,479,528,581,640,647,742,875,949,1093,1117,1146,1262,1268,1270,1271,1275,1279,1287,1288,1292,1293,1294,1322,1334,1341,1361,1478,1481,1563,1587,2053,2074,2172,2216,2315,2407,2518,2873,2876,2941,2968,3409,3609,3774,3802,3807,4972,6136,7397,7444,7445,
289;0;11868;11900;0;1,2,3,4,5,6,7,8,9,24,26,27,30,79,95,144,145,146,149,150,170,189,251,277,288,301,306,321,390,391,392,398,404,405,449,528,640,647,875,949,1052,1093,1117,1146,1268,1279,1287,1288,1292,1293,1294,1322,1341,1361,1417,1473,1478,1481,1587,1620,1664,2053,2074,2172,2216,2315,2407,2428,2518,2820,2873,2941,2968,3409,3609,3774,3802,4972,5588,6136,
382;0;11900;11931;0;1,2,3,4,8,24,26,27,30,79,95,144,145,146,149,150,170,189,251,277,288,306,321,390,391,398,404,528,583,640,647,862,875,949,1052,1093,1117,1146,1268,1279,1287,1288,1292,1293,1294,1322,1341,1361,1473,1478,1481,1587,2053,2074,2172,2216,2315,2407,2428,2518,2645,2774,2778,2873,2941,2968,3099,3263,3409,3609,3774,3802,4604,4627,4765,4766,4773,4972,6132,6136,
274;0;11931;11961;0;1,3,8,24,26,27,30,79,95,144,145,146,149,170,189,210,251,277,288,321,390,391,398,404,528,640,647,875,949,978,1052,1093,1117,1146,1268,1273,1279,1287,1288,1292,1293,1294,1322,1341,1361,1473,1478,1481,1587,2053,2074,2172,2231,2233,2315,2407,2428,2518,2645,2774,2778,2829,2873,2941,2968,3263,3409,3609,3613,3774,3802,4263,4265,4268,4269,4604,4627,4773,4972,6136,
331;0;11961;11985;0;3,8,24,26,27,30,79,95,101,144,145,146,149,170,189,251,277,288,321,390,391,398,404,528,640,647,875,949,1052,1093,1117,1146,1268,1273,1279,1287,1288,1292,1293,1294,1322,1341,1361,1473,1478,1481,1587,1604,1726,2053,2074,2315,2407,2428,2518,2645,2774,2778,2873,3263,3409,3774,3802,4035,4219,4604,4627,4773,4972,5777,5984,5987,5992,6090,6136,6513,6584,7926,7927,7958,
388;0;11985;12006;0;3,8,24,26,27,30,79,95,101,144,145,146,149,170,189,248,251,277,288,321,390,391,398,404,528,640,647,875,949,1052,1093,1117,1146,1268,1273,1277,1279,1282,1287,1288,1292,1293,1294,1322,1332,1333,1341,1361,1473,1478,1481,1587,1604,1726,2053,2074,2101,2190,2315,2407,2428,2518,2645,2774,2778,2873,3263,3409,3774,3802,4450,4604,4627,4773,4972,5984,5992,6136,6584,7153,
320;0;12006;12015;0;3,8,24,27,30,79,95,144,145,149,170,189,248,251,277,288,321,390,391,398,404,528,640,647,875,949,1052,1117,1146,1273,1277,1279,1282,1293,1294,1322,1341,1361,1473,1478,1481,1587,1604,2074,2315,2407,2428,2518,2645,2774,2778,2873,3263,3409,3774,3802,4450,4604,4773,4972,5984,6136,8551,8559,9049,9050,9051,9052,9053,9054,9055,9056,9057,9058,9059,9060,9061,9062,9063,9064,
333;0;12015;12023;0;3,8,24,27,30,79,95,137,144,145,149,170,189,248,251,277,288,321,390,391,398,404,528,640,647,875,949,1048,1051,1052,1054,1117,1145,1146,1273,1277,1279,1282,1293,1294,1322,1341,1358,1361,1473,1478,1481,1587,1604,1725,1805,1945,1970,1971,2074,2315,2407,2428,2518,2645,2774,2778,2873,3263,3409,3774,3802,4450,4604,4773,4972,5984,6136,8551,8559,9049,9050,9051,9052,9053,
378;0;12023;12057;1;3,8,24,79,95,137,138,144,145,149,170,189,248,277,288,321,390,398,404,640,644,645,647,875,892,896,911,949,1048,1051,1075,1117,1146,1273,1279,1282,1293,1294,1322,1341,1358,1361,1472,1473,1478,1587,1604,1623,1661,1667,1973,2103,2407,2427,2428,2429,2430,2431,2432,2433,2434,2435,2436,2437,2438,2439,2440,2441,2442,2518,2645,2774,2778,2873,3263,3409,3774,4450,4604,4972,
352;0;12057;12096;1;3,8,24,79,95,137,138,144,145,149,170,189,245,248,274,277,288,321,343,390,398,404,640,644,645,647,875,892,896,911,949,1048,1051,1075,1117,1146,1273,1279,1282,1293,1294,1322,1341,1358,1361,1472,1473,1478,1587,1604,1623,1661,1667,1973,2103,2407,2427,2428,2432,2434,2518,2645,2774,2775,2778,2873,3263,3409,3744,3774,4450,4604,4639,4641,4739,4740,4741,4742,4743,4972,
322;0;12096;12140;1;3,8,24,79,95,137,138,144,145,149,170,189,245,248,274,277,288,321,343,390,398,404,640,644,645,647,875,892,896,911,949,1048,1051,1075,1117,1146,1273,1279,1282,1293,1294,1322,1341,1358,1361,1472,1473,1478,1587,1604,1623,1661,1667,1973,2103,2407,2427,2428,2432,2434,2518,2645,2774,2775,2778,2873,2943,2944,2945,2946,2947,2948,3263,3409,3744,3774,4450,4604,4639,4972,
291;0;12140;12188;1;3,8,24,79,95,137,138,144,145,149,170,189,245,248,274,277,288,321,343,390,398,404,640,644,645,647,875,892,896,911,949,968,1031,1048,1051,1075,1117,1146,1273,1279,1282,1293,1294,1322,1341,1358,1361,1472,1473,1478,1587,1604,1623,1661,1667,1973,2103,2168,2407,2427,2428,2432,2434,2518,2645,2774,2775,2778,2873,2943,3263,3331,3409,3744,3774,3775,4450,4972,5804,5805,
277;0;12188;12237;1;3,8,24,79,95,100,117,137,138,144,145,149,170,189,225,245,248,274,276,277,288,321,343,390,395,398,404,640,644,647,816,863,875,892,911,949,1048,1049,1051,1117,1134,1146,1273,1279,1282,1293,1294,1322,1341,1358,1361,1472,1473,1478,1587,1604,1671,1973,2091,2103,2337,2391,2407,2432,2434,2518,2645,2695,2774,2775,2778,2873,3263,3409,3744,3774,4450,4972,7655,7656,
363;0;12237;12303;1;24,38,55,70,90,144,149,189,193,197,398,410,466,517,553,554,569,772,773,826,843,871,873,874,875,876,877,880,1117,1134,1267,1269,1282,1285,1289,1293,1294,1322,1329,1341,1587,1781,1922,2159,2197,2213,2220,2305,2407,2498,2861,2873,3410,3448,3703,3721,3774,4238,4280,4427,4487,4488,4728,4747,5107,5108,5281,5471,5682,6092,6694,7339,7671,7804,8175,8190,8208,8425,8836,8838,
302;0;12303;12371;1;24,38,55,70,90,144,149,189,193,197,398,410,466,517,553,554,569,772,773,826,843,871,873,874,875,876,877,880,1117,1134,1267,1269,1282,1285,1289,1293,1294,1322,1329,1341,1587,1781,1922,2159,2197,2213,2220,2305,2407,2498,2861,2873,3410,3448,3703,3721,3774,4238,4280,4427,4487,4488,4728,4747,5107,5108,5281,5471,5682,6092,6694,7339,7671,7804,8175,8190,8208,8425,8836,8838,
348;0;12371;12444;1;24,38,55,70,90,144,149,189,193,197,398,410,466,517,553,554,569,772,773,826,843,871,873,874,875,876,877,880,1117,1134,1267,1269,1282,1285,1289,1293,1294,1322,1329,1341,1587,1781,1922,2159,2197,2213,2220,2305,2407,2498,2861,2873,3410,3448,3703,3721,3774,4238,4280,4427,4487,4488,4728,4747,5107,5108,5281,5471,5682,6092,6694,7339,7671,7804,8175,8190,8208,8425,8836,8838,
49;0;12444;12506;1;24,38,55,70,90,144,149,189,193,197,398,410,466,517,553,554,569,772,773,826,843,871,873,874,875,876,877,880,1117,1134,1267,1269,1282,1285,1289,1293,1294,1322,1329,1341,1587,1781,1922,2159,2197,2213,2220,2305,2407,2498,2861,2873,3410,3448,3703,3721,3774,4238,4280,4427,4487,4488,4728,4747,5107,5108,5281,5471,5682,6092,6694,7339,7671,7804,8175,8190,8208,8425,8836,8838,
49;1;12506;12517;1;24,38,55,70,90,144,149,189,193,197,398,410,466,517,553,554,569,772,773,826,843,871,873,874,875,876,877,880,1117,1134,1267,1269,1282,1285,1289,1293,1294,1322,1329,1341,1587,1781,1922,2159,2197,2213,2220,2305,2407,2498,2861,2873,3410,3448,3703,3721,3774,4238,4280,4427,4487,4488,4728,4747,5107,5108,5281,5471,5682,6092,6694,7339,7671,7804,8175,8190,8208,8425,8836,8838,
275;0;12517;12595;1;24,38,55,70,90,144,149,189,193,197,398,410,466,517,553,554,569,772,773,826,843,871,873,874,875,876,877,880,1117,1134,1267,1269,1282,1285,1289,1293,1294,1322,1329,1341,1587,1781,1922,2159,2197,2213,2220,2305,2407,2498,2861,2873,3410,3448,3703,3721,3774,4238,4280,4427,4487,4488,4728,4747,5107,5108,5281,5471,5682,6092,6694,7339,7671,7804,8175,8190,8208,8425,8836,8838,
13;0;12595;12673;1;24,38,55,70,90,144,149,189,193,197,398,410,466,517,553,554,569,772,773,826,843,871,873,874,875,876,877,880,1117,1134,1267,1269,1282,1285,1289,1293,1294,1322,1329,1341,1587,1781,1922,2159,2197,2213,2220,2305,2407,2498,2861,2873,3410,3448,3703,3721,3774,4238,4280,4427,4487,4488,4728,4747,5107,5108,5281,5471,5682,6092,6694,7339,7671,7804,8175,8190,8208,8425,8836,8838,
13;1;12673;12677;1;24,38,55,70,90,144,149,189,193,197,398,410,466,517,553,554,569,772,773,826,843,871,873,874,875,876,877,880,1117,1134,1267,1269,1282,1285,1289,1293,1294,1322,1329,1341,1587,1781,1922,2159,2197,2213,2220,2305,2407,2498,2861,2873,3410,3448,3703,3721,3774,4238,4280,4427,4487,4488,4728,4747,5107,5108,5281,5471,5682,6092,6694,7339,7671,7804,8175,8190,8208,8425,8836,8838,
362;0;12960;13046;1;24,38,55,70,90,144,149,189,193,197,290,291,398,410,466,517,553,554,569,772,773,826,838,843,871,873,874,875,876,877,880,1117,1134,1267,1269,1282,1285,1289,1293,1294,1322,1329,1341,1587,1781,1922,2159,2197,2213,2220,2305,2407,2498,2690,2861,2873,3410,3448,3703,3721,3774,4238,4280,4427,4487,4488,4633,4728,4747,5107,5108,5259,5281,5471,5682,6092,6731,6732,6742,8190,
295;0;13046;13143;1;8,24,38,55,70,90,144,149,189,193,197,288,290,291,390,398,404,410,429,466,517,553,554,569,772,773,826,838,843,871,873,874,875,876,877,880,1051,1117,1134,1146,1267,1269,1282,1285,1289,1293,1294,1322,1329,1341,1473,1587,1757,1781,1809,1922,2159,2197,2213,2220,2305,2407,2498,2690,2861,2873,3257,3410,3435,3448,3703,3721,3774,4238,4280,4427,4487,4488,4633,8190,
326;0;13143;13240;1;8,24,38,55,70,90,97,144,145,149,189,193,197,225,288,290,291,390,398,404,410,429,466,517,553,554,569,772,773,826,838,843,871,873,874,875,876,877,880,1051,1117,1134,1146,1267,1269,1282,1285,1289,1293,1294,1322,1329,1341,1401,1473,1474,1478,1587,1757,1781,1809,1922,2159,2197,2213,2220,2305,2355,2407,2498,2690,2861,2873,3257,3410,3435,3448,3703,4280,8190,
377;0;13240;13338;1;24,38,70,95,97,137,139,143,144,145,149,189,225,234,288,290,291,297,321,351,379,390,395,398,404,429,435,647,773,854,871,874,875,876,877,880,891,898,949,1024,1050,1051,1117,1118,1119,1121,1146,1210,1269,1293,1294,1322,1401,1474,1478,1484,1668,1669,1680,1751,1922,2220,2355,2492,2536,2783,3037,3263,3286,3448,3703,3744,4495,4501,5206,5739,6384,6614,7261,8190,
369;0;13338;13436;1;24,38,70,95,97,137,139,143,144,145,149,189,225,234,288,290,291,297,321,351,379,390,395,398,404,429,435,532,647,773,854,871,874,875,876,877,880,891,898,949,1024,1050,1051,1117,1118,1119,1121,1146,1210,1269,1293,1294,1322,1401,1474,1478,1484,1668,1669,1680,1751,1922,2220,2355,2492,2536,2783,2868,3037,3263,3286,3448,3691,3703,3744,4495,5206,5739,6384,8190,
42;0;13436;13455;1;24,38,70,95,97,137,139,143,144,145,149,189,225,234,288,290,291,295,297,321,351,379,390,395,397,398,404,429,435,532,647,773,854,871,874,875,876,877,880,891,898,949,1024,1050,1051,1117,1118,1119,1121,1146,1210,1269,1293,1294,1322,1401,1474,1478,1484,1521,1668,1669,1680,1751,1922,2220,2355,2492,2536,2783,3037,3263,3286,3448,3703,3744,5206,5739,6384,8190,
42;1;13455;13538;1;24,38,70,95,97,137,139,144,145,149,189,225,233,234,274,288,290,291,297,321,351,379,390,395,397,398,429,647,854,871,874,875,876,877,880,891,949,1024,1051,1117,1118,1119,1121,1146,1210,1293,1401,1474,1478,1668,1669,1680,1836,1884,2355,2559,2645,2658,2774,2775,2778,3037,3263,3286,3448,3744,4854,5206,5331,5340,5370,5683,5684,5685,5686,5687,5688,5689,5739,8190,
354;0;13538;13643;1;24,38,70,95,97,137,139,144,145,149,189,225,229,231,234,240,243,245,266,267,268,272,273,286,288,290,291,297,321,351,379,390,395,397,398,429,647,854,871,874,875,876,877,880,891,1024,1051,1117,1118,1119,1121,1146,1172,1210,1214,1293,1401,1474,1478,1668,1669,1680,1756,2355,2432,2645,2774,2775,3037,3263,3286,3448,3744,4859,5206,5371,5372,5373,5739,8190,
61;0;13643;13717;1;24,38,57,70,95,97,137,139,144,145,189,225,229,231,247,288,291,351,379,390,395,397,398,429,493,555,647,734,787,854,871,874,875,876,877,880,1051,1063,1117,1118,1146,1273,1278,1279,1293,1401,1478,1669,1937,2150,2258,2291,2355,2518,2645,2774,2775,2836,3037,3263,3395,3403,3409,3448,3546,3597,3611,3722,3744,4112,4450,5111,5510,5739,7009,7262,7468,7884,7885,8190,
61;1;13717;13753;1;24,38,57,70,95,97,137,139,144,145,189,225,229,231,247,288,291,351,379,390,395,397,398,429,493,555,647,734,787,854,871,874,875,876,877,880,1051,1063,1117,1118,1146,1273,1278,1279,1293,1401,1478,1669,1937,2150,2258,2291,2355,2518,2645,2774,2775,2836,3037,3263,3395,3403,3409,3448,3546,3597,3611,3722,3744,4112,4450,5111,5510,5739,7009,7262,7468,7884,7885,8190,
112;0;13753;13849;1;24,38,57,70,95,97,137,139,144,145,189,225,229,231,247,288,291,351,379,390,395,397,398,429,493,555,647,734,787,854,871,874,875,876,877,880,1051,1063,1117,1118,1146,1273,1278,1279,1293,1401,1478,1669,1937,2150,2258,2291,2355,2518,2645,2774,2775,2836,3037,3263,3395,3403,3409,3448,3546,3597,3611,3722,3744,4112,4450,5111,5510,5739,7009,7262,7468,7884,7885,8190,
112;1;14400;14422;1;3,24,38,95,97,137,139,144,145,225,226,229,230,231,288,291,329,351,379,390,395,397,398,429,640,647,694,854,1051,1060,1117,1118,1146,1147,1279,1293,1360,1361,1375,1401,1428,1478,1669,1675,1762,1814,1944,1973,2224,2321,2355,2518,2645,2774,2775,2781,2891,3037,3263,3279,3284,3395,3597,3744,4450,4533,4545,4553,5185,5739,7575,8190,8449,8739,8740,8741,8742,8743,8744,8745,
29;0;14422;14498;1;3,24,38,95,97,137,139,144,145,225,226,229,230,231,288,291,329,351,379,390,395,397,398,428,429,640,647,694,854,1051,1060,1117,1118,1146,1147,1279,1293,1360,1361,1375,1401,1428,1478,1669,1675,1762,1814,1944,1973,2224,2321,2355,2518,2645,2774,2775,2781,2891,3037,3263,3279,3284,3395,3597,3744,4450,4533,4545,4553,5185,5739,7575,8190,8449,8739,8740,8741,8742,8743,8744,
29;1;14498;14543;1;3,24,38,95,97,137,139,144,145,225,226,229,230,231,288,291,329,351,379,390,395,397,398,428,429,640,647,694,854,1051,1060,1117,1118,1146,1147,1279,1293,1360,1361,1375,1401,1428,1478,1669,1675,1762,1814,1944,1973,2224,2321,2355,2518,2645,2774,2775,2781,2891,3037,3263,3279,3284,3395,3597,3744,4450,4533,4545,4553,5185,5739,7365,7575,7652,8190,8449,8739,8740,8741,8742,
325;0;14543;14668;1;3,24,38,95,97,137,139,144,145,225,226,229,230,231,288,291,329,351,379,390,395,397,398,428,429,640,647,694,854,1051,1060,1117,1118,1146,1147,1279,1293,1360,1361,1375,1401,1428,1478,1669,1675,1679,1762,1814,1944,1973,2224,2321,2355,2495,2518,2645,2774,2775,2781,2814,2891,3037,3263,3279,3284,3395,3597,3744,4450,4533,4545,4553,4972,5185,5739,5767,5768,5769,5770,8190,
4;0;14668;14773;1;3,24,38,95,97,137,139,144,145,225,226,229,230,231,288,291,329,351,379,390,395,397,398,428,429,640,647,694,834,854,1051,1060,1117,1118,1146,1147,1279,1293,1360,1361,1375,1401,1428,1478,1669,1675,1679,1762,1814,1944,1973,2224,2321,2355,2495,2518,2645,2774,2775,2781,2814,2891,3037,3263,3279,3284,3395,3597,3744,3745,4450,4533,4545,4553,4972,5185,5739,8190,9000,9010,
4;1;14773;14796;1;3,24,38,95,97,137,139,144,145,225,226,229,230,231,248,250,288,291,329,351,379,390,395,397,398,428,429,640,647,694,834,854,1051,1060,1117,1118,1146,1147,1274,1279,1280,1293,1360,1361,1375,1401,1428,1478,1669,1675,1679,1762,1814,1944,1973,2355,2419,2518,2645,2774,2775,3037,3263,3269,3284,3395,3597,3598,3745,3797,4439,4450,4459,4460,4461,4462,4463,4545,5739,8190,
268;0;14796;14931;1;3,24,38,95,97,137,139,144,145,225,226,229,230,231,248,250,277,288,291,329,351,379,390,395,397,398,428,429,640,647,694,834,854,1051,1060,1117,1118,1146,1147,1274,1279,1280,1293,1360,1361,1375,1401,1428,1478,1669,1675,1679,1762,1814,1944,1973,2355,2419,2518,2645,2679,2774,2775,2777,3037,3263,3269,3284,3395,3597,3598,3745,3797,4439,4450,4545,4605,4606,5739,8190,
45;0;14931;15031;1;3,24,38,95,97,137,139,144,145,225,226,229,230,231,248,250,277,288,291,329,351,379,390,395,397,398,428,429,640,647,694,834,854,1048,1051,1054,1060,1117,1118,1145,1146,1147,1274,1279,1280,1293,1358,1360,1361,1375,1401,1428,1478,1604,1669,1675,1679,1762,1814,1944,1945,1970,1971,2355,2518,2645,2679,2774,2775,2777,3037,3263,3284,3395,3597,3745,4450,4545,5739,8190,
45;1;15031;15070;1;3,24,38,95,97,137,139,144,145,225,226,229,230,231,248,250,277,288,291,329,340,351,379,390,395,397,398,428,429,640,647,694,851,854,1051,1054,1117,1118,1146,1147,1279,1280,1293,1358,1360,1361,1401,1478,1481,1669,1679,1814,1944,1970,1971,2355,2518,2645,2679,2774,2775,2777,3037,3263,3284,3395,3597,3745,4450,4545,5739,6517,8190,8196,8198,8199,8200,8201,8202,8203,
118;0;15070;15134;1;27,28,30,97,137,139,144,155,169,225,231,251,288,391,407,408,415,427,429,504,510,748,775,948,1146,1147,1162,1196,1348,1398,1401,1472,1478,1528,1580,1849,2036,2074,2179,2285,2355,2589,2627,2779,2808,2816,2951,3003,3004,3005,3006,3007,3008,3009,3010,3745,4821,5531,5532,5739,6136,7318,7460,7816,7886,7953,7954,7956,7957,8120,8391,8583,8978,8979,8980,8981,8982,8983,8984,8985,
118;1;15134;15211;1;27,28,30,97,137,139,144,155,169,225,231,251,288,391,407,408,415,427,429,504,510,748,775,948,1146,1147,1162,1196,1348,1398,1401,1472,1478,1528,1580,1849,2036,2074,2179,2285,2355,2589,2627,2779,2808,2816,2951,3003,3004,3005,3006,3007,3008,3009,3010,3745,4821,5531,5532,5739,6136,7318,7460,7816,7886,7953,7954,7956,7957,8120,8391,8583,8978,8979,8980,8981,8982,8983,8984,8985,
296;0;15211;15355;1;27,28,30,97,137,139,144,155,169,225,231,251,288,391,407,408,415,427,429,504,510,748,775,948,1146,1147,1162,1196,1348,1398,1401,1472,1478,1528,1580,1849,2036,2074,2179,2285,2355,2589,2627,2779,2808,2816,2951,3003,3004,3005,3006,3007,3008,3009,3010,3745,4821,5531,5532,5739,6136,7318,7460,7816,7886,7953,7954,7956,7957,8120,8391,8583,8978,8979,8980,8981,8982,8983,8984,8985,
332;0;15355;15503;1;27,28,30,97,137,139,144,155,169,225,231,251,288,391,407,408,415,427,429,504,510,748,775,948,1146,1147,1162,1196,1348,1398,1401,1472,1478,1528,1580,1849,2036,2074,2179,2285,2355,2589,2627,2779,2808,2816,2951,3003,3004,3005,3006,3007,3008,3009,3010,3745,4821,5531,5532,5739,6136,7318,7460,7816,7886,7953,7954,7956,7957,8120,8391,8583,8978,8979,8980,8981,8982,8983,8984,8985,
END
fineshedJobsCount: 292
switchs: 3651
switchsInstances: 202
unfineshedPriorityCount: 107
finalSolution: -121
totalUnfineshed: 107
Time: 76
