input/MyInstancesDiferentToolSets/n=499,p=0.50,r=0.5,t=748,v0.csv;./input/Processed/ToolSetInt.csv
4;720;1440;5760
Machine: 0
440;0;0;14;1;15,24,54,60,117,136,137,144,145,183,289,290,292,296,351,429,591,647,695,871,921,946,991,1121,1343,1396,1540,1807,1971,2062,2063,2573,2691,2774,2775,2776,2777,2778,2779,2780,2781,2782,2783,2784,2785,2786,2787,2788,2789,2790,2791,2792,3345,3346,3686,4093,4313,4314,4315,4316,4317,4318,4412,5077,5963,6013,6085,6297,7465,7608,7609,7610,7611,7612,7613,7614,7615,7616,7617,7618,
464;0;14;43;1;15,24,54,60,117,136,137,144,145,183,289,290,292,296,351,429,591,647,695,871,921,946,991,1121,1343,1396,1540,1807,1971,2062,2063,2573,2691,2774,2775,2776,2777,2778,2779,2780,2781,2782,2783,2784,2785,2786,2787,2788,2789,2790,2791,2792,3345,3346,3686,4093,4313,4314,4315,4316,4317,4318,4412,5077,5963,6013,6085,6297,7465,7608,7609,7610,7611,7612,7613,7614,7615,7616,7617,7618,
471;0;43;82;1;15,24,54,60,117,136,137,144,145,183,289,290,292,296,351,429,591,647,695,871,921,946,991,1121,1343,1396,1540,1807,1971,2062,2063,2573,2691,2774,2775,2776,2777,2778,2779,2780,2781,2782,2783,2784,2785,2786,2787,2788,2789,2790,2791,2792,3345,3346,3686,4093,4313,4314,4315,4316,4317,4318,4412,5077,5963,6013,6085,6297,7465,7608,7609,7610,7611,7612,7613,7614,7615,7616,7617,7618,
340;0;82;131;1;15,24,54,60,117,136,137,144,145,183,289,290,292,296,351,429,591,647,695,871,921,946,991,1121,1343,1396,1540,1807,1971,2062,2063,2573,2691,2774,2775,2776,2777,2778,2779,2780,2781,2782,2783,2784,2785,2786,2787,2788,2789,2790,2791,2792,3345,3346,3686,4093,4313,4314,4315,4316,4317,4318,4412,5077,5963,6013,6085,6297,7465,7608,7609,7610,7611,7612,7613,7614,7615,7616,7617,7618,
457;0;131;183;1;15,24,54,60,117,136,137,139,144,145,183,231,277,289,290,292,296,351,429,591,647,695,871,921,946,948,991,1093,1121,1343,1396,1478,1540,1669,1807,1922,1971,2053,2062,2063,2573,2691,2774,2775,2776,2777,2778,2779,2780,2781,2782,2783,2953,3278,3345,3686,4033,4427,4533,4535,4553,4902,4956,4959,4960,5274,5432,6013,6644,6645,6967,6968,6969,6970,6971,6972,6973,6974,6975,6976,
62;0;183;213;1;15,24,54,60,117,136,137,139,144,145,183,231,277,289,290,292,296,351,429,470,591,647,695,871,921,946,948,991,1093,1121,1341,1343,1396,1478,1540,1669,1807,1922,1971,2053,2062,2063,2573,2691,2774,2775,2776,2777,2778,2779,2780,2781,2782,2783,2953,3278,3345,3686,4033,4427,4533,4535,4553,4902,4956,4959,4960,5274,5432,6013,6644,6645,6967,6968,6969,6970,6971,6972,6973,6974,
62;1;213;244;1;15,24,54,60,117,136,137,139,144,145,183,231,277,289,290,292,296,351,429,470,591,647,695,871,921,946,948,991,1093,1121,1341,1343,1396,1478,1540,1669,1807,1922,1971,2053,2062,2063,2573,2691,2774,2775,2776,2777,2778,2779,2780,2781,2782,2783,2943,2944,2945,2946,2947,2948,2953,3278,3345,3686,4033,4427,4533,4535,4553,4902,4956,4959,4960,5274,5432,6013,6644,6645,6967,6968,
404;0;244;317;1;3,15,24,54,60,117,136,137,139,144,145,183,231,276,277,288,289,290,292,296,321,351,429,470,591,647,695,769,854,855,911,912,948,1093,1118,1121,1236,1341,1478,1481,1488,1540,1809,1971,2492,2532,2695,2774,2775,2776,2777,2778,2783,3345,3686,4552,4632,4650,5259,5432,5698,5700,6013,7711,7712,7713,7714,7715,7716,7717,7718,7719,7720,7721,7722,7723,7724,7725,7726,7727,
384;0;317;403;1;3,15,24,26,54,60,117,136,137,139,144,145,183,231,276,277,288,289,290,292,296,321,351,428,429,470,591,647,695,769,854,855,911,912,948,1093,1118,1121,1236,1269,1274,1277,1279,1280,1287,1289,1293,1295,1322,1341,1478,1481,1488,1540,1809,1859,1971,2492,2532,2695,2774,2775,2776,2777,2778,2783,3026,3345,3686,4451,4552,4632,4650,5259,5432,5698,5700,6013,6950,7711,
31;0;403;455;1;3,9,10,15,24,26,54,60,117,136,137,139,144,145,183,231,276,277,288,289,290,292,296,321,351,428,429,470,591,647,695,769,838,854,855,911,912,948,949,1093,1118,1121,1236,1269,1274,1277,1279,1280,1287,1289,1293,1295,1322,1341,1359,1361,1478,1481,1488,1540,1809,1859,1971,2455,2492,2532,2695,2774,2775,2776,2777,2778,3345,3686,4650,5351,5432,5433,5434,6013,
31;1;455;503;1;24,26,54,60,117,137,139,144,145,183,231,276,277,288,292,321,351,429,591,647,698,769,838,854,855,911,912,948,949,1093,1118,1121,1236,1274,1277,1280,1287,1293,1295,1341,1478,1481,1488,1540,1809,1971,2318,2582,2668,2695,2713,2774,2775,2777,2778,3345,3581,3686,4398,4733,4734,5649,5721,6013,6180,7227,7324,7801,7802,7804,7805,7806,7812,7814,7839,7840,7841,7842,7843,7844,
342;0;503;614;1;24,26,54,60,97,117,137,139,144,145,178,179,181,183,184,225,231,234,267,268,272,273,276,277,285,288,292,305,307,308,309,317,321,351,429,591,647,698,769,838,854,855,911,912,948,949,1093,1118,1121,1132,1236,1274,1277,1280,1287,1293,1295,1341,1379,1478,1481,1488,1540,1680,1809,1971,2318,2695,2774,2775,2777,2778,3345,3581,3686,4734,6013,6180,7804,7805,
37;0;614;628;1;24,26,54,60,97,117,137,139,144,145,178,179,181,183,184,225,231,234,267,268,272,273,276,277,285,288,292,305,307,308,309,317,321,351,429,591,647,698,769,838,854,855,911,912,948,949,1093,1118,1121,1132,1236,1274,1277,1280,1287,1293,1295,1341,1478,1481,1488,1540,1809,1971,2163,2318,2695,2774,2775,2777,2778,3345,3581,3686,4734,6013,6180,7804,7805,8532,
37;1;628;738;1;19,20,24,34,38,40,46,48,54,60,76,117,137,139,144,145,225,231,267,277,288,295,297,305,321,351,364,397,429,476,546,591,640,647,698,769,778,838,854,855,911,912,948,949,973,1013,1047,1093,1118,1121,1236,1261,1274,1280,1293,1390,1478,1481,1488,1650,1735,2066,2091,2197,2270,2695,2774,2775,2777,2778,3686,3766,4645,4734,5278,5279,5280,5825,6013,6244,
430;0;738;868;1;19,20,24,34,38,40,46,48,54,60,76,117,137,139,144,145,225,231,267,277,288,295,297,305,321,351,364,397,429,476,546,591,640,647,698,769,778,838,854,855,911,912,948,949,973,1013,1047,1093,1118,1121,1236,1261,1274,1280,1293,1390,1478,1481,1488,1650,1735,2066,2091,2197,2270,2695,2774,2775,2777,2778,3686,3766,4645,4734,5278,5279,5280,5825,6013,6244,
65;0;868;943;1;19,20,24,34,38,40,46,48,54,60,76,117,137,139,144,145,225,231,267,277,288,295,297,305,321,351,364,397,429,476,546,591,640,647,698,769,778,838,854,855,911,912,948,949,973,1013,1047,1093,1118,1121,1236,1261,1274,1280,1293,1390,1478,1481,1488,1650,1735,2066,2091,2197,2270,2695,2774,2775,2777,2778,3686,3766,4645,4734,5278,5279,5280,5825,6013,6244,
65;1;1440;1500;1;2,20,24,34,38,40,46,54,60,117,137,139,144,145,149,225,231,262,288,301,321,397,400,429,591,640,647,676,769,778,830,838,854,855,863,904,912,917,933,948,949,1093,1116,1118,1121,1125,1236,1274,1280,1293,1362,1478,1484,1485,1486,1487,1488,1489,1490,1491,1492,1493,1494,1495,1496,1497,1498,1499,1500,1501,1502,1503,1504,1505,1506,2091,2774,2775,4734,5825,
371;0;1500;1637;1;2,20,24,34,38,40,46,54,60,117,137,139,144,145,149,225,231,262,288,301,321,397,400,429,591,640,647,676,769,778,830,838,854,855,863,904,912,917,933,948,949,1093,1116,1118,1121,1125,1236,1274,1280,1293,1362,1478,1484,1485,1486,1487,1488,1489,1490,1491,1492,1493,1494,1495,1496,1497,1498,1499,1500,1501,1502,1503,1504,2091,2774,2775,4734,5825,8502,8503,
435;0;1637;1797;0;2,20,24,34,38,40,46,54,60,117,137,139,144,145,149,225,231,262,288,301,321,397,400,429,591,640,647,676,769,778,830,838,854,855,863,904,912,917,933,948,949,1093,1116,1118,1121,1125,1236,1274,1280,1293,1362,1478,1484,1485,1486,1487,1488,1489,1490,1491,1492,1493,1494,1495,1496,1497,1498,1499,1500,1501,1502,1503,1504,2091,2774,2775,4734,5825,7453,8502,
70;0;1797;1961;0;2,20,24,34,38,40,46,54,60,117,137,139,144,145,149,225,231,262,288,301,321,397,400,429,591,640,647,676,769,778,830,838,854,855,863,904,912,917,933,948,949,1093,1116,1118,1121,1125,1236,1274,1280,1293,1362,1478,1484,1485,1486,1487,1488,1489,1490,1491,1492,1493,1494,1495,1496,1497,1498,1499,1500,2091,2774,2775,4734,5080,5825,5984,5992,6377,6584,6585,
70;1;1961;2140;0;2,20,24,34,38,40,46,54,60,117,137,139,144,145,149,225,231,262,288,301,321,397,400,429,591,640,647,676,769,778,830,838,854,855,863,904,912,917,933,948,949,1093,1116,1118,1121,1125,1236,1274,1280,1293,1362,1478,1484,1485,1486,1487,1488,1489,1490,1491,1492,1493,1494,1495,1496,1497,1498,1499,1500,2091,2774,2775,4734,5080,5825,5984,5992,6377,6584,6585,
118;0;2140;2319;0;20,24,34,38,40,46,54,89,137,144,225,288,591,640,647,765,766,787,790,838,841,851,855,912,932,933,948,949,995,1043,1147,1280,1529,1589,1943,1980,2036,2332,2376,2567,2627,2647,2806,3635,4003,4103,4114,4165,4167,4168,4169,4170,4171,4172,4369,4373,4643,4655,4734,5107,5502,8551,8644,9032,9090,9130,9131,9132,9133,9134,9135,9136,9175,9179,9185,9187,9188,9189,9190,9191,
118;1;2319;2450;0;20,24,34,38,40,46,54,89,137,144,225,288,591,640,647,765,766,787,790,838,841,851,855,912,932,933,948,949,995,1043,1147,1280,1529,1589,1943,1980,2036,2332,2376,2567,2627,2647,2806,3635,4003,4103,4114,4165,4167,4168,4169,4170,4171,4172,4369,4373,4643,4655,4734,5107,5502,8551,8644,9032,9090,9130,9131,9132,9133,9134,9135,9136,9175,9179,9185,9187,9188,9189,9190,9191,
82;0;2450;2587;0;20,24,34,38,40,46,54,89,137,144,225,288,591,640,647,765,766,787,790,838,841,851,855,912,932,933,948,949,995,1043,1147,1280,1529,1589,1943,1980,2036,2332,2376,2567,2627,2647,2806,3635,4003,4103,4114,4165,4167,4168,4169,4170,4171,4172,4369,4373,4643,4655,4734,5107,5502,8551,8644,9032,9090,9130,9131,9132,9133,9134,9135,9136,9175,9179,9185,9187,9188,9189,9190,9191,
82;1;2587;2738;0;20,24,34,38,40,46,54,89,137,144,225,288,591,640,647,765,766,787,790,838,841,851,855,912,932,933,948,949,995,1043,1147,1280,1529,1589,1943,1980,2036,2332,2376,2567,2627,2647,2806,3635,4003,4103,4114,4165,4167,4168,4169,4170,4171,4172,4369,4373,4643,4655,4734,5107,5502,8551,8644,9032,9090,9130,9131,9132,9133,9134,9135,9136,9175,9179,9185,9187,9188,9189,9190,9191,
92;0;2880;2989;0;20,24,34,38,40,46,54,89,103,137,144,225,245,264,286,288,340,591,640,647,765,766,773,787,790,835,838,841,851,855,912,932,933,948,949,995,1043,1147,1280,1428,1447,1529,1589,1943,1980,2036,2332,2372,2376,2567,2627,2628,2647,2689,2806,2899,3263,3635,4003,4103,4114,4165,4167,4168,4169,4373,4794,5795,6023,6225,7188,7575,8021,8098,8841,8844,9265,9266,9267,9268,
92;1;2989;3150;0;20,24,34,38,40,46,54,89,103,137,144,198,208,225,245,264,286,288,340,591,640,647,765,766,773,787,790,835,838,841,851,855,912,932,933,948,949,995,1043,1147,1280,1428,1447,1509,1529,1589,1895,1943,1980,1984,2036,2332,2372,2376,2512,2567,2627,2628,2647,2689,2806,2899,3263,3635,3891,3894,4003,4103,4114,4165,4167,4168,4169,4373,4455,4794,5795,6023,6225,7188,
69;0;3150;3246;0;20,24,34,38,40,46,54,89,103,137,144,198,208,225,245,264,286,288,329,340,395,404,591,640,647,765,766,773,787,790,835,838,841,851,855,912,932,933,948,949,995,1043,1117,1145,1147,1280,1428,1447,1509,1529,1589,1671,1895,1943,1980,1984,2036,2332,2372,2376,2388,2512,2567,2627,2628,2647,2689,2806,2899,3263,3635,3891,4103,4373,4564,6179,6343,6344,6345,6346,
69;1;3246;3394;0;17,20,24,25,34,37,38,39,40,46,52,54,89,103,117,137,144,192,198,208,225,245,264,286,288,329,340,395,404,412,460,591,640,647,765,766,773,778,787,790,835,838,841,851,855,912,932,933,948,949,995,1043,1117,1145,1147,1280,1311,1428,1447,1509,1529,1560,1853,1858,2091,2338,2627,2628,3014,3015,3061,3263,3891,4103,4373,5472,5825,6428,6706,8988,
96;0;3394;3514;0;17,20,24,25,34,37,38,39,40,46,52,54,60,89,103,117,137,144,192,198,208,225,245,264,286,288,329,340,395,404,412,460,591,640,647,727,765,766,773,778,787,790,835,838,841,851,855,875,912,932,933,948,949,995,1043,1117,1145,1147,1280,1293,1311,1428,1447,1509,1529,1560,1853,1858,2075,2091,2627,2628,3263,3380,3891,4059,4060,4061,4103,4373,
96;1;3514;3603;0;2,34,38,60,90,103,144,145,208,225,247,286,288,321,329,396,397,404,429,518,640,644,647,677,704,766,769,831,843,933,948,949,1117,1163,1201,1236,1293,1417,1447,1474,1478,1491,1521,1529,1570,2091,2106,2132,2168,2405,2546,2627,2628,2645,2657,2695,2774,2775,2777,2778,2903,2904,2961,2962,2964,3263,3414,4060,4103,4372,4567,5537,5624,5627,5828,6486,6705,6749,7458,7513,
58;0;3603;3772;0;2,34,38,60,90,103,144,145,208,225,247,286,288,321,329,396,397,404,429,518,640,644,647,677,704,766,769,831,843,933,948,949,1117,1163,1201,1236,1293,1417,1447,1474,1478,1491,1521,1529,1570,2091,2106,2132,2168,2405,2546,2627,2628,2645,2657,2695,2774,2775,2777,2778,2903,2904,2961,2962,2964,3263,3414,4060,4103,4372,4567,5537,5624,5627,5828,6486,6705,6749,7458,7513,
58;1;3772;3801;0;2,34,38,60,90,103,144,145,208,225,247,286,288,321,329,396,397,404,429,518,640,644,647,677,704,766,769,831,843,933,948,949,1117,1163,1201,1236,1293,1417,1447,1474,1478,1491,1521,1529,1570,2091,2106,2132,2168,2405,2546,2627,2628,2645,2657,2695,2774,2775,2777,2778,2903,2904,2961,2962,2964,3263,3414,4060,4103,4372,4567,5537,5624,5627,5828,6486,6705,6749,7458,7513,
1;0;3801;3958;0;2,34,38,60,90,103,144,145,208,225,247,286,288,321,329,396,397,404,429,518,640,644,647,677,704,766,769,831,843,933,948,949,1117,1163,1201,1236,1293,1417,1447,1474,1478,1491,1521,1529,1570,2091,2106,2132,2168,2405,2546,2627,2628,2645,2657,2695,2774,2775,2777,2778,2903,2904,2961,2962,2964,3263,3414,4060,4103,4372,4567,5537,5624,5627,5828,6486,6705,6749,7458,7513,
1;1;3958;3992;0;2,34,38,60,90,103,144,145,208,225,247,286,288,321,329,396,397,404,429,518,640,644,647,677,704,766,769,831,843,933,948,949,1117,1163,1201,1236,1293,1417,1447,1474,1478,1491,1521,1529,1570,2091,2106,2132,2168,2405,2546,2627,2628,2645,2657,2695,2774,2775,2777,2778,2903,2904,2961,2962,2964,3263,3414,4060,4103,4372,4567,5537,5624,5627,5828,6486,6705,6749,7458,7513,
344;0;3992;4166;0;2,34,38,60,90,103,144,145,208,225,247,286,288,321,329,396,397,404,429,518,640,644,647,677,704,766,769,831,843,933,948,949,1117,1163,1201,1236,1293,1417,1447,1474,1478,1491,1521,1529,1570,2091,2106,2132,2168,2405,2546,2627,2628,2645,2657,2695,2774,2775,2777,2778,2903,2904,2961,2962,2964,3263,3414,4060,4103,4372,4567,5537,5624,5627,5828,6486,6705,6749,7458,7513,
129;0;4320;4459;0;2,6,34,38,60,90,103,144,145,148,208,225,247,286,288,321,329,390,391,394,396,397,400,404,429,518,640,644,647,677,704,766,769,831,843,933,948,949,1052,1054,1117,1163,1201,1236,1293,1358,1363,1417,1447,1474,1478,1491,1521,1529,1570,1603,1726,1800,1811,1812,1814,2091,2106,2132,2168,2405,2546,2627,2628,2645,2657,2774,2778,2962,3263,4060,4103,4372,4567,5537,
129;1;4459;4489;0;2,6,34,38,60,90,103,144,145,148,208,225,247,286,288,321,329,390,391,394,396,397,400,404,426,429,518,640,644,647,677,704,766,769,831,843,933,948,949,1052,1054,1117,1163,1201,1236,1293,1358,1363,1417,1447,1474,1478,1491,1521,1529,1565,1570,1572,1603,1726,1800,1811,1812,1814,2091,2416,2627,2628,2645,2774,2778,2826,2962,3263,4060,4103,4372,4567,5537,5876,
472;0;4489;4653;0;2,6,34,38,60,90,103,144,145,148,208,225,247,286,288,321,329,390,391,394,396,397,400,404,410,426,429,458,518,640,644,647,677,704,739,766,769,831,843,933,948,949,1052,1054,1085,1087,1117,1163,1201,1236,1293,1327,1358,1363,1417,1447,1474,1478,1529,1723,1726,2482,2483,2627,2628,2645,2774,2778,2962,3263,3734,3778,3877,4060,4103,4372,4567,5537,7592,7593,
7;0;4653;4783;0;2,6,34,38,60,62,90,103,144,145,148,204,208,225,247,286,288,321,329,390,391,394,396,397,400,404,410,426,429,448,458,518,640,644,647,677,704,739,766,769,831,843,933,948,949,1052,1054,1085,1087,1117,1248,1293,1358,1363,1447,1474,1478,1529,1726,1999,2006,2185,2315,2627,2628,2645,2774,2778,2849,2962,3263,3877,3906,4060,4103,4104,4105,4372,4567,5537,
7;1;4783;4808;0;2,6,34,38,60,62,90,103,144,145,148,204,208,225,231,241,247,286,288,321,329,390,391,394,396,397,400,404,410,426,429,448,458,518,640,644,647,677,704,739,766,769,831,843,933,948,949,1052,1054,1085,1087,1117,1248,1293,1358,1363,1447,1474,1478,1480,1529,1726,1999,2006,2185,2315,2627,2628,2645,2774,2778,2849,2962,3263,3877,3906,4060,4372,4567,5537,
482;0;4808;4959;0;2,6,34,38,60,62,90,103,144,145,148,204,208,225,231,241,247,286,288,321,329,390,391,394,396,397,400,404,410,426,429,448,458,518,640,647,677,831,933,949,1054,1087,1117,1293,1358,1363,1447,1474,1529,1726,1999,2627,2628,2645,2774,2778,2962,3263,3663,3679,3686,3690,3877,4060,4372,4567,5082,5537,6003,6004,6005,6006,6007,6008,6009,6010,6011,6012,6013,6058,
436;0;4959;5102;0;27,60,96,100,101,144,145,225,286,288,291,321,335,338,343,351,366,559,581,698,823,1087,1096,1097,1117,1178,1293,1363,1395,1481,1529,1972,2225,2273,2627,2628,2660,2679,2690,2951,3060,3182,3183,3210,3421,3422,3483,3484,3485,3486,3487,3488,3489,3490,3491,3492,3493,3494,3495,3496,3497,3498,3499,3820,3831,4949,4989,5487,5542,5633,5634,5635,5636,5637,5638,5639,5640,5644,5995,6869,
405;0;5102;5233;0;27,60,96,100,101,144,145,225,286,288,291,321,335,338,343,351,366,559,581,698,823,1087,1096,1097,1117,1178,1293,1363,1395,1481,1529,1972,2225,2273,2627,2628,2660,2679,2690,2951,3060,3182,3183,3210,3421,3422,3483,3484,3485,3486,3487,3488,3489,3490,3491,3492,3493,3494,3495,3496,3497,3498,3499,3820,3831,4949,4989,5487,5542,5633,5634,5635,5636,5637,5638,5639,5640,5644,5995,6869,
Machine: 1
370;0;0;4;1;4,27,35,60,68,95,139,144,145,150,196,210,225,251,255,256,277,321,374,400,491,569,632,655,698,760,841,843,948,971,995,1045,1070,1089,1275,1293,1425,1447,1478,1558,1580,1693,1853,1984,1989,2036,2074,2200,2216,2518,2519,2520,2521,2522,2523,2524,2525,2526,2527,2528,2537,2555,2949,2950,2951,2952,2953,2954,2955,2956,3396,3577,3578,3579,3609,3774,3865,3984,8128,9194,
437;0;4;26;1;4,27,35,60,68,95,139,144,145,150,196,210,225,251,255,256,277,321,374,400,491,569,632,655,698,760,841,843,948,971,995,1045,1070,1089,1275,1293,1425,1447,1478,1558,1580,1693,1853,1984,1989,2036,2074,2200,2216,2518,2519,2520,2521,2522,2523,2524,2525,2526,2527,2528,2537,2555,2949,2950,2951,2952,2953,2954,2955,2956,3396,3577,3578,3579,3609,3774,3865,3984,8128,9194,
423;0;26;57;1;4,27,35,60,68,95,139,144,145,150,196,210,225,251,255,256,277,321,374,400,491,569,632,655,698,760,841,843,948,971,995,1045,1070,1089,1275,1293,1425,1447,1478,1558,1580,1693,1853,1984,1989,2036,2074,2200,2216,2518,2519,2520,2521,2522,2523,2524,2525,2526,2527,2528,2537,2555,2949,2950,2951,2952,2953,2954,2955,2956,3396,3577,3578,3579,3609,3774,3865,3984,8128,9194,
466;0;57;96;1;4,27,35,60,68,95,139,144,145,150,196,210,225,251,255,256,277,321,374,400,491,569,632,655,698,760,841,843,948,971,995,1045,1070,1089,1275,1293,1425,1447,1478,1558,1580,1693,1853,1984,1989,2036,2074,2200,2216,2518,2519,2520,2521,2522,2523,2524,2525,2526,2527,2528,2537,2555,2949,2950,2951,2952,2953,2954,2955,2956,3396,3577,3578,3579,3609,3774,3865,3984,8128,9194,
394;0;96;149;1;4,27,35,60,68,95,139,144,145,150,196,210,225,251,255,256,277,321,374,400,491,569,632,655,698,760,841,843,948,971,995,1045,1070,1089,1275,1293,1425,1447,1478,1558,1580,1693,1853,1984,1989,2036,2074,2200,2216,2518,2519,2520,2521,2522,2523,2524,2525,2526,2527,2528,2537,2555,2949,2950,2951,2952,2953,2954,2955,2956,3396,3577,3578,3579,3609,3774,3865,3984,8128,9194,
153;0;149;197;1;4,27,35,60,68,95,139,144,145,150,196,210,225,251,255,256,277,321,374,400,491,569,632,655,698,760,841,843,948,971,995,1045,1070,1089,1275,1293,1425,1447,1478,1558,1580,1693,1853,1984,1989,2036,2074,2200,2216,2518,2519,2520,2521,2522,2523,2524,2525,2526,2527,2528,2537,2555,2949,2950,2951,2952,2953,2954,2955,2956,3396,3577,3578,3579,3609,3774,3865,3984,8128,9194,
153;1;197;211;1;4,27,35,51,60,68,95,139,144,145,150,196,210,225,251,255,256,277,321,374,400,491,569,632,655,698,760,841,843,948,971,995,1045,1070,1089,1275,1293,1425,1447,1478,1558,1580,1693,1716,1853,1984,1989,2036,2074,2200,2216,2518,2519,2520,2521,2522,2523,2524,2525,2526,2527,2528,2537,2555,2949,2950,2951,2952,2953,2954,2955,2956,3396,3577,3578,3579,3774,3984,3985,9194,
339;0;211;275;1;4,27,35,51,60,68,95,139,144,145,150,196,210,225,251,255,256,277,321,374,400,491,569,632,655,698,760,841,843,948,971,995,1045,1070,1089,1275,1293,1425,1447,1478,1558,1580,1693,1716,1853,1984,1989,2036,2074,2200,2216,2518,2519,2520,2521,2522,2523,2524,2525,2526,2527,2528,2537,2555,2949,2950,2951,2952,3311,3475,3498,3664,3672,3681,3683,3685,3724,3725,3774,9194,
71;0;275;306;1;4,27,35,51,60,68,95,100,139,144,145,150,196,210,225,251,255,256,277,289,321,374,400,430,491,569,632,644,655,698,715,760,768,841,843,948,971,995,1045,1070,1089,1275,1293,1425,1447,1478,1558,1580,1693,1716,1768,1853,1984,1989,2074,2518,2537,2555,2636,2640,2654,2680,2699,2714,2733,2750,2756,2951,3774,5195,7296,7299,7308,8432,8801,8825,8826,8827,8828,9194,
71;1;306;360;1;4,27,35,51,60,68,95,100,139,144,145,150,196,210,225,251,255,256,277,289,292,314,321,374,400,430,491,569,632,644,655,677,698,715,760,768,841,843,948,971,995,1045,1070,1089,1275,1293,1425,1447,1478,1558,1580,1693,1716,1768,1853,1984,1989,2074,2518,2537,2555,2636,2640,2654,2680,2699,2714,2733,2750,2756,2951,3263,3774,4608,4609,7296,7886,7887,7888,9194,
354;0;360;407;0;4,27,35,51,60,68,95,100,139,144,145,150,196,210,225,251,255,256,277,289,292,314,321,374,400,430,491,569,632,644,655,677,698,715,760,768,818,841,843,948,971,1089,1293,1425,1478,1558,1580,2074,2091,2518,2537,2555,2774,2777,2778,2803,2812,2951,3263,3640,3774,4600,4603,4604,4605,4606,4607,4608,4609,4610,4611,4612,4613,4614,4615,4616,4617,4618,7296,9194,
493;0;407;498;1;4,27,35,51,60,68,95,100,139,144,145,150,196,210,225,251,255,256,277,289,292,314,321,339,374,400,430,491,569,632,644,655,677,698,715,760,768,818,841,843,895,948,971,1041,1089,1147,1293,1425,1478,1529,1558,1580,2074,2091,2518,2537,2555,2599,2627,2774,2777,2778,2803,2951,2970,2971,2972,2973,2974,2975,2976,2977,3263,3640,3774,4605,4606,4612,7296,9194,
459;0;498;593;1;4,27,35,51,60,62,68,95,100,139,144,145,150,152,186,188,189,196,210,225,251,255,256,277,289,292,314,321,339,374,400,430,490,491,569,632,644,655,677,715,818,872,895,948,1089,1147,1196,1293,1425,1478,1529,1558,1580,1605,2074,2091,2518,2537,2555,2774,2777,2778,2936,2951,3005,3070,3263,3348,3361,3640,3774,3877,4605,4606,4612,5493,5494,5495,7296,9194,
57;0;593;627;1;4,27,35,51,60,62,68,95,100,139,144,145,150,152,186,188,189,196,210,225,251,255,256,277,288,289,292,314,321,339,374,390,400,404,429,430,490,491,569,632,644,655,677,715,818,872,895,948,1089,1146,1147,1196,1293,1425,1473,1478,1529,1558,1580,1809,2074,2091,2518,2537,2555,2774,2777,2778,2951,3070,3263,3640,3774,4503,4605,4606,4612,6000,7296,9194,
57;1;627;705;1;4,24,27,35,51,60,62,68,95,100,139,144,145,150,152,186,188,189,196,210,225,251,255,256,277,288,289,292,314,321,339,374,390,400,404,429,430,490,491,569,632,677,715,818,872,895,948,1089,1146,1147,1196,1293,1425,1473,1478,1529,1558,1580,1651,1809,2074,2091,2518,2537,2555,2774,2777,2778,2951,3070,3263,3640,3774,4605,4606,4612,6745,7159,7296,9194,
369;0;705;823;1;95,100,137,138,144,226,251,255,273,274,276,288,291,292,310,351,395,476,691,729,754,848,849,987,1118,1374,1428,1474,1478,1580,1668,1676,1719,1759,1919,2074,2080,2106,2376,2394,2531,2532,2533,2534,2535,2536,2555,2645,2679,2687,2774,2775,2777,2849,2941,3263,3527,3814,4567,4568,4569,4570,4571,5476,5900,6022,6098,6201,6686,7316,7397,7398,7399,7463,8391,8449,8582,8583,8584,9194,
372;0;823;960;1;95,100,137,138,144,226,251,255,273,274,276,288,291,292,310,351,395,476,691,729,754,848,849,987,1118,1374,1428,1474,1478,1580,1668,1676,1719,1759,1919,2074,2080,2106,2376,2394,2531,2532,2533,2534,2535,2536,2555,2645,2679,2687,2774,2775,2777,2849,2941,3263,3527,3814,4567,4568,4569,4570,4571,5476,5900,6022,6098,6201,6686,7316,7397,7398,7399,7463,8391,8449,8582,8583,8584,9194,
133;0;960;1028;1;95,100,137,138,144,226,251,255,273,274,276,288,291,292,310,351,395,476,691,729,754,848,849,987,1118,1374,1428,1474,1478,1580,1668,1676,1719,1759,1919,2074,2080,2106,2376,2394,2531,2532,2533,2534,2535,2536,2555,2645,2679,2687,2774,2775,2777,2849,2941,3263,3527,3814,4567,4568,4569,4570,4571,5476,5900,6022,6098,6201,6686,7316,7397,7398,7399,7463,8391,8449,8582,8583,8584,9194,
133;1;1028;1116;1;95,100,137,138,144,226,251,255,273,274,276,288,291,292,310,351,395,476,691,729,754,848,849,987,1118,1374,1428,1474,1478,1580,1668,1676,1719,1759,1919,2074,2080,2106,2376,2394,2531,2532,2533,2534,2535,2536,2555,2645,2679,2687,2774,2775,2777,2849,2941,3263,3527,3814,4567,4568,4569,4570,4571,5476,5900,6022,6098,6201,6686,7316,7397,7398,7399,7463,8391,8449,8582,8583,8584,9194,
446;0;1116;1279;1;95,100,137,138,144,226,251,255,273,274,276,288,291,292,310,351,395,476,691,729,754,848,849,987,1118,1374,1428,1474,1478,1580,1668,1676,1719,1759,1919,2074,2080,2106,2376,2394,2531,2532,2533,2534,2535,2536,2555,2645,2679,2687,2774,2775,2777,2849,2941,3263,3527,3814,4567,4568,4569,4570,4571,5476,5900,6022,6098,6201,6686,7316,7397,7398,7399,7463,8391,8449,8582,8583,8584,9194,
483;0;1279;1443;1;95,100,137,138,144,226,251,255,273,274,276,288,291,292,310,351,395,476,691,729,754,848,849,987,1118,1374,1428,1474,1478,1580,1668,1676,1719,1759,1919,2074,2080,2106,2376,2394,2531,2532,2533,2534,2535,2536,2555,2645,2679,2687,2774,2775,2777,2849,2941,3263,3527,3814,4567,4568,4569,4570,4571,5476,5900,6022,6098,6201,6686,7316,7397,7398,7399,7463,8391,8449,8582,8583,8584,9194,
53;0;1443;1465;1;95,100,137,138,144,169,208,226,251,255,273,274,276,288,291,292,310,351,395,476,486,518,691,729,754,848,849,875,987,1118,1374,1428,1474,1478,1580,1668,1676,1719,1759,1919,1935,1936,2074,2080,2106,2306,2376,2394,2412,2531,2532,2533,2534,2535,2536,2555,2645,2679,2687,2774,2775,2777,2830,2849,2941,3263,3527,3814,4383,4453,4567,4568,4569,4570,4571,5476,5900,6022,6098,7316,
53;1;1465;1612;1;95,100,137,138,144,169,208,226,251,255,273,274,276,288,291,292,310,351,395,476,486,518,691,729,754,848,849,875,987,1118,1374,1428,1474,1478,1580,1668,1676,1719,1759,1919,1935,1936,2074,2080,2106,2306,2376,2394,2412,2531,2532,2533,2534,2535,2536,2555,2645,2679,2687,2774,2775,2777,2830,2849,2941,3263,3527,3814,4383,4453,4567,4568,4569,4570,6022,6136,6145,7316,8282,8356,
467;0;1612;1685;0;95,100,137,138,144,169,208,226,251,255,273,274,276,288,291,292,310,351,395,476,486,518,691,729,754,848,849,875,987,1118,1374,1428,1474,1478,1580,1668,1676,1719,1759,1919,1935,1936,2074,2080,2106,2306,2376,2394,2412,2531,2532,2533,2534,2535,2536,2555,2645,2679,2687,2774,2775,2777,2830,2849,2941,3263,3527,3814,4383,4453,4567,4568,4569,4570,6022,6136,6145,7316,8136,8292,
59;0;1685;1853;0;95,100,137,138,144,169,208,226,251,255,273,274,276,288,291,292,310,351,395,476,486,518,691,729,754,848,849,875,987,1118,1374,1428,1474,1478,1580,1668,1676,1719,1759,1919,1935,1936,2074,2080,2106,2306,2376,2394,2412,2531,2532,2533,2534,2535,2536,2555,2645,2679,2687,2774,2775,2777,2830,2849,2941,3263,3527,3814,4383,4453,4567,4568,6022,7316,8470,8475,8476,8477,8478,8479,
59;1;1853;2030;0;95,100,137,138,144,169,208,226,251,255,273,274,276,288,291,292,310,351,395,476,486,518,691,729,754,848,849,875,987,1118,1374,1428,1474,1478,1580,1668,1676,1719,1759,1919,1935,1936,2074,2080,2106,2306,2376,2394,2412,2531,2532,2533,2534,2535,2536,2555,2645,2679,2687,2774,2775,2777,2830,2849,2941,3263,3527,3814,3819,3820,3821,3822,4383,4453,4567,4568,6022,7316,8470,8475,
108;0;2030;2198;0;95,100,137,138,144,148,225,234,255,288,329,339,395,438,476,486,640,766,767,770,833,834,835,838,854,855,863,949,1043,1118,1119,1146,1453,1474,1478,1526,1527,1529,1676,1936,2370,2626,2633,2645,2661,2711,2774,2775,2777,2941,3263,3459,3511,3512,3513,3516,3517,3518,3519,3520,3526,3527,3528,3529,3530,3531,3532,3533,3534,6022,7316,7372,8134,8137,8143,8231,8271,8272,8285,8291,
108;1;2198;2301;0;95,100,137,138,144,148,225,234,255,288,329,339,395,438,476,486,640,766,767,770,833,834,835,838,854,855,863,949,1043,1118,1119,1146,1453,1474,1478,1526,1527,1529,1676,1936,2370,2626,2633,2645,2661,2711,2774,2775,2777,2941,3263,3459,3511,3512,3513,3516,3517,3518,3519,3520,3526,3527,3528,3529,3530,3531,3532,3533,3534,6022,7316,7372,8134,8137,8143,8231,8271,8272,8285,8291,
97;0;2301;2442;0;95,100,137,138,144,148,225,234,255,288,329,339,395,438,476,486,640,766,767,770,833,834,835,838,854,855,863,949,1043,1118,1119,1146,1453,1474,1478,1526,1527,1529,1676,1936,2370,2626,2633,2645,2661,2711,2774,2775,2777,2941,3263,3459,3511,3512,3513,3516,3517,3518,3519,3520,3526,3527,3528,3529,3530,3531,3532,3533,3534,6022,7316,7372,8134,8137,8143,8231,8271,8272,8285,8291,
97;1;2442;2547;0;95,100,137,138,144,148,225,234,255,288,329,339,395,438,476,486,640,766,767,770,833,834,835,838,854,855,863,949,1043,1118,1119,1146,1453,1474,1478,1526,1527,1529,1676,1936,2370,2626,2633,2645,2661,2711,2774,2775,2777,2941,3263,3459,3511,3512,3513,3516,3517,3518,3519,3520,3526,3527,3528,3529,3530,3531,3532,3533,3534,6022,7316,7372,8134,8137,8143,8231,8271,8272,8285,8291,
42;0;2547;2628;0;95,100,137,138,144,148,225,234,255,288,329,339,395,438,476,486,640,766,767,770,833,834,835,838,854,855,863,949,1043,1118,1119,1146,1453,1474,1478,1526,1527,1529,1676,1936,2370,2626,2633,2645,2661,2711,2774,2775,2777,2941,3263,3459,3511,3512,3513,3516,3517,3518,3519,3520,3526,3527,3528,3529,3530,3531,3532,3533,3534,6022,7316,7372,8134,8137,8143,8231,8271,8272,8285,8291,
42;1;2880;3040;0;95,100,137,138,144,148,225,234,255,288,329,339,395,438,476,486,640,766,767,770,833,834,835,838,854,855,863,949,1043,1118,1119,1146,1453,1474,1478,1526,1527,1529,1676,1936,2370,2626,2633,2645,2661,2711,2774,2775,2777,2941,3263,3312,3484,3503,3682,5951,5955,5959,5966,5968,5976,5980,5987,5991,5992,6022,6463,6559,6711,6712,6713,6714,6715,6716,6717,6718,6719,7316,8271,8272,
80;0;3040;3113;0;95,100,137,138,144,148,225,234,255,288,329,339,395,438,476,486,640,766,767,770,833,834,835,838,854,855,863,949,1043,1118,1119,1146,1453,1474,1478,1526,1527,1529,1676,1936,2157,2178,2232,2370,2626,2633,2645,2661,2711,2774,2775,2777,2847,2941,3263,3312,3484,3503,3682,5944,5945,5946,5951,5955,5959,5966,5968,5976,5980,5987,5991,5992,6022,6463,6559,6711,6712,7316,8271,8272,
80;1;3113;3251;0;95,100,137,138,144,145,148,149,225,233,234,255,262,277,288,314,321,329,339,395,429,438,476,486,640,766,767,770,833,834,835,838,854,855,863,949,1043,1118,1119,1146,1453,1474,1478,1484,1526,1527,1529,1676,1936,2128,2157,2178,2232,2370,2626,2633,2645,2661,2711,2774,2775,2777,2847,2941,3263,3312,3484,3503,3682,4749,5944,5945,5946,5951,5955,5959,6022,7316,8271,8272,
14;0;3251;3328;0;95,100,137,138,144,145,148,149,225,233,234,255,262,277,288,314,321,329,339,395,429,438,476,486,640,766,767,770,833,834,835,838,854,855,863,949,1043,1118,1119,1146,1453,1474,1478,1484,1526,1527,1529,1676,1936,2128,2645,2661,2774,2775,2777,2941,3263,6022,6360,7137,7167,7168,7169,7170,7171,7172,7173,7174,7175,7176,7177,7178,7179,7180,7181,7182,7183,7316,8271,8272,
14;1;3328;3443;0;27,95,100,137,138,144,145,148,149,225,233,234,255,262,277,288,314,321,329,339,395,429,438,476,486,640,766,767,770,833,834,835,838,854,855,863,949,1043,1118,1119,1146,1293,1294,1295,1322,1453,1474,1478,1484,1526,1527,1529,1676,1936,2128,2407,2645,2661,2774,2775,2777,2941,3263,6022,6360,7137,7167,7168,7169,7170,7171,7172,7173,7174,7175,7316,7945,7971,8271,8272,
20;0;3443;3494;0;27,95,100,137,138,144,145,148,149,225,233,234,255,262,269,277,288,314,321,329,339,395,429,438,476,486,640,682,766,767,770,833,834,835,838,854,855,863,949,1043,1118,1146,1293,1294,1322,1363,1453,1473,1474,1478,1538,1676,1822,1936,2054,2128,2407,2645,2661,2774,2775,2777,2941,3263,4535,4719,4792,4954,4955,4956,4957,4958,4959,4960,4961,6022,6360,7316,8271,8272,
20;1;3494;3603;0;27,38,40,60,95,137,138,139,143,144,145,149,205,210,225,231,233,234,241,245,255,277,314,321,391,429,476,486,522,553,554,570,573,591,632,645,647,838,855,968,1057,1117,1196,1261,1293,1425,1474,1476,1478,1479,1560,1936,2052,2128,2201,2315,2512,2564,2645,2835,3045,3345,3855,3870,3883,3886,3955,4028,4029,4030,4238,4280,4472,5180,5184,5741,5749,6694,7316,7339,
343;0;3603;3754;0;27,38,40,60,95,137,138,139,143,144,145,149,205,210,225,231,233,234,241,245,255,277,314,321,391,429,476,486,522,553,554,570,573,591,632,645,647,838,855,968,1057,1117,1196,1261,1293,1425,1474,1476,1478,1479,1560,1936,2052,2128,2201,2315,2512,2564,2645,2835,3045,3345,3855,3870,3883,3886,3955,4028,4029,4030,4238,4280,4472,5180,5184,5741,5749,6694,7316,7339,
85;0;3754;3863;0;27,38,40,60,95,137,138,139,143,144,145,149,205,210,225,231,233,234,241,245,255,277,314,321,391,429,476,486,522,553,554,570,573,591,632,645,647,838,855,968,1057,1117,1196,1261,1293,1425,1474,1476,1478,1479,1560,1936,2052,2128,2201,2315,2512,2564,2645,2835,3045,3345,3855,3870,3883,3886,3955,4028,4029,4030,4238,4280,4472,5180,5184,5741,5749,6694,7316,7339,
85;1;3863;3904;0;27,38,40,60,95,137,138,139,143,144,145,149,205,210,225,231,233,234,241,245,255,277,314,321,391,429,476,486,522,553,554,570,573,591,632,645,647,838,855,968,1057,1117,1196,1261,1293,1425,1474,1476,1478,1479,1560,1936,2052,2128,2201,2315,2512,2564,2645,2835,3045,3345,3855,3870,3883,3886,3955,4028,4029,4030,4238,4280,4472,5180,5184,5741,5749,6694,7316,7339,
336;0;3904;4051;0;27,38,40,60,95,137,138,139,143,144,145,149,205,210,225,231,233,234,241,245,255,277,314,321,391,429,476,486,522,553,554,570,573,591,632,645,647,838,855,968,1057,1117,1196,1261,1293,1425,1474,1476,1478,1479,1560,1936,2052,2128,2201,2315,2512,2564,2645,2835,3045,3345,3855,3870,3883,3886,3955,4028,4029,4030,4238,4280,4472,5180,5184,5741,5749,6694,7316,7339,
140;0;4320;4424;0;19,27,34,38,40,46,60,95,137,138,139,143,144,145,149,205,210,225,231,233,234,241,245,255,277,314,321,364,391,429,476,486,522,546,553,554,570,573,591,632,645,647,722,778,838,855,968,1057,1117,1196,1261,1293,1390,1425,1474,1476,1478,1479,1560,1936,2052,2091,2128,2197,2201,2315,2512,2564,2645,2835,3045,3345,3766,3855,3870,4645,5825,6244,7316,7658,
140;1;4424;4463;0;19,24,27,34,38,40,46,60,61,72,95,137,138,139,143,144,145,149,189,205,210,225,231,233,234,241,245,255,277,280,314,321,364,391,429,476,486,491,522,546,553,554,570,573,591,632,645,647,722,778,838,855,968,1057,1089,1117,1196,1261,1293,1390,1425,1474,1476,1478,1479,1560,1936,2052,2091,2128,2197,2201,2645,3888,5056,5057,5058,6244,7316,7658,
40;0;4463;4589;0;19,24,27,34,38,40,46,60,61,72,95,137,138,139,143,144,145,149,189,205,210,225,231,233,234,241,245,255,277,280,314,321,364,391,429,476,486,491,522,546,553,554,570,573,591,632,645,647,715,778,838,1117,1196,1293,1474,1478,1479,1481,1560,2052,2091,2197,2645,6225,6244,7213,7296,7301,7316,7658,7868,8199,8364,8581,8798,9125,9126,9127,9128,9129,
40;1;4589;4598;0;8,9,19,24,34,38,61,95,137,138,139,143,144,145,146,225,231,233,234,245,255,259,314,377,382,390,398,429,645,647,715,775,778,838,893,895,1054,1095,1117,1124,1171,1293,1361,1397,1478,1479,1481,1488,1560,1683,1799,1809,1973,2052,2091,2197,2224,2455,2645,2821,2988,3037,3130,3267,3743,4533,4637,4748,4890,6225,6244,6513,6809,6813,6814,6815,6821,6822,6823,7658,
386;0;4598;4729;0;8,19,24,34,38,61,95,137,138,144,145,225,228,229,231,233,234,240,242,245,266,275,302,377,390,398,429,430,607,612,645,715,778,818,827,911,1054,1075,1099,1309,1472,1481,1560,1623,1661,1667,1809,1843,1933,1973,2052,2091,2103,2197,2299,2432,2435,2440,2645,3112,3639,3640,3641,3642,3643,3644,3645,3646,3647,3648,3649,3650,3651,3652,3653,3654,3655,6225,6244,7658,
142;0;4729;4793;0;8,19,24,34,38,61,95,137,138,144,145,225,228,229,231,233,234,240,242,245,266,275,302,377,390,398,429,430,607,612,645,715,778,818,827,911,1054,1075,1099,1309,1472,1481,1560,1623,1661,1667,1809,1843,1933,1973,2052,2091,2103,2197,2299,2432,2435,2440,2645,3112,3639,3640,3641,3642,3643,3644,3645,3646,3647,3648,3649,3650,3651,3652,6225,6244,6756,6757,6758,7658,
142;1;4793;4859;0;8,18,19,21,24,34,37,38,55,61,95,137,138,144,145,212,225,228,229,231,233,234,240,242,245,266,275,302,377,390,398,429,430,607,612,645,715,778,818,827,911,1054,1075,1099,1309,1313,1472,1481,1560,1623,1661,1667,1809,1843,1933,1973,2052,2091,2103,2197,2299,2432,2435,2440,2645,3112,3639,3640,3641,3642,3643,3644,3645,3646,3647,5471,5846,6225,6244,7658,
492;0;4859;4983;0;8,18,19,21,24,34,37,38,55,61,95,100,117,137,138,144,145,212,225,228,229,231,233,234,240,242,245,266,275,302,377,390,398,429,430,607,612,645,666,715,778,818,827,862,911,1054,1075,1099,1309,1313,1472,1481,1482,1483,1560,1623,1661,1667,1809,1843,1933,1973,2052,2091,2468,2475,2645,2678,2903,4365,5392,5525,5637,5722,5868,6022,6225,6311,6312,6313,
6;0;4983;5012;0;8,18,19,21,24,28,34,37,38,44,55,61,66,95,100,117,137,138,144,145,187,212,225,228,229,231,233,234,240,242,245,266,275,302,359,377,390,398,429,430,607,612,645,658,666,715,778,864,911,1054,1091,1281,1283,1286,1304,1423,1472,1481,1560,1661,1667,1809,1851,1973,2032,2091,2158,2518,2537,2645,2678,2903,2941,3006,3126,3247,5392,5525,6022,6225,
6;1;5012;5092;0;8,28,61,68,95,117,137,144,145,152,169,196,198,208,225,231,288,329,377,390,397,412,429,502,609,839,875,901,1118,1225,1281,1308,1423,1560,1580,1809,1915,2091,2504,2573,2645,2678,2774,2775,2777,2778,2958,3022,3070,3263,3435,4364,4377,4378,4383,4605,4606,4612,4759,4761,4822,5053,5191,5299,5435,5492,5665,5890,5891,5892,5899,5901,6126,6362,6363,6364,6366,6367,6401,8158,
385;0;5092;5197;0;8,28,61,68,95,117,137,144,145,152,169,196,198,208,225,231,288,329,377,390,397,412,429,502,609,839,875,901,1118,1225,1281,1308,1423,1560,1580,1809,1915,2091,2504,2573,2645,2678,2774,2775,2777,2778,2958,3022,3070,3263,3435,4364,4377,4378,4383,4605,4606,4612,4759,4761,4822,5053,5191,5299,5435,5492,5665,5890,5891,5892,5899,5901,6126,6362,6363,6364,6366,6367,6401,8158,
478;0;5197;5298;0;8,28,61,68,95,117,137,144,145,152,169,196,198,208,225,231,288,329,377,390,397,412,429,502,609,839,875,901,1118,1225,1281,1308,1423,1560,1580,1809,1915,2091,2504,2573,2645,2678,2774,2775,2777,2778,2958,3022,3070,3263,3435,4364,4377,4378,4383,4605,4606,4612,4759,4761,4822,5053,5191,5299,5435,5492,5665,5890,5891,5892,5899,5901,6126,6362,6363,6364,6366,6367,6401,8158,
Machine: 2
422;0;0;4;1;117,137,139,144,179,225,231,234,288,292,314,329,351,377,442,677,715,765,838,891,1058,1117,1145,1293,1474,1478,1481,1484,1669,1671,1674,1675,1768,1941,2223,2240,2253,2337,2436,2465,2475,2626,2627,2628,2645,2647,2661,2774,2775,2778,2780,2816,2892,2950,3263,3337,3338,3339,3340,4018,4564,4630,4645,4740,4802,4805,5525,5722,5725,5869,6352,7254,7255,7256,7257,7258,7259,7260,7972,7973,
346;0;4;26;1;117,137,139,144,179,225,231,234,288,292,314,329,351,377,442,677,715,765,838,891,1058,1117,1145,1293,1474,1478,1481,1484,1669,1671,1674,1675,1768,1941,2223,2240,2253,2337,2436,2465,2475,2626,2627,2628,2645,2647,2661,2774,2775,2778,2780,2816,2892,2950,3263,3337,3338,3339,3340,4018,4564,4630,4645,4740,4802,4805,5525,5722,5725,5869,6352,7254,7255,7256,7257,7258,7259,7260,7972,7973,
48;0;26;30;1;117,137,139,144,179,225,231,234,288,292,314,329,351,377,442,677,715,765,838,891,1058,1117,1145,1293,1474,1478,1481,1484,1669,1671,1674,1675,1768,1941,2223,2240,2253,2337,2436,2465,2475,2626,2627,2628,2645,2647,2661,2774,2775,2778,2780,2816,2892,2950,3263,3337,3338,3339,3340,4018,4564,4630,4645,4740,4802,4805,5525,5722,5725,5869,6352,7254,7255,7256,7257,7258,7259,7260,7972,7973,
48;1;30;52;1;117,137,139,144,179,225,231,234,288,292,314,329,351,377,442,677,715,765,838,891,1058,1117,1145,1293,1474,1478,1481,1484,1669,1671,1674,1675,1768,1941,2223,2240,2253,2337,2436,2465,2475,2626,2627,2628,2645,2647,2661,2774,2775,2778,2780,2816,2892,2950,3263,3337,3338,3339,3340,4018,4564,4630,4645,4740,4802,4805,5525,5722,5725,5869,6352,7254,7255,7256,7257,7258,7259,7260,7972,7973,
43;0;52;63;1;117,137,139,144,179,225,231,234,288,292,314,329,351,377,442,677,715,765,838,891,1058,1117,1145,1293,1474,1478,1481,1484,1669,1671,1674,1675,1768,1941,2223,2240,2253,2337,2436,2465,2475,2626,2627,2628,2645,2647,2661,2774,2775,2778,2780,2816,2892,2950,3263,3337,3338,3339,3340,4018,4564,4630,4645,4740,4802,4805,5525,5722,5725,5869,6352,7254,7255,7256,7257,7258,7259,7260,7972,7973,
43;1;63;93;1;100,117,137,139,144,179,225,231,234,288,289,292,314,329,351,377,442,644,677,715,765,838,891,1058,1117,1145,1214,1293,1474,1478,1481,1484,1669,1671,1674,1675,1768,1941,2223,2225,2240,2253,2337,2436,2465,2475,2626,2627,2628,2635,2637,2645,2647,2653,2654,2660,2661,2675,2705,2774,2775,2778,2780,2816,2892,2950,3263,3337,3338,3339,3340,4018,4564,4630,4645,4740,4802,4805,5525,5722,
455;0;93;140;1;100,117,137,139,144,179,225,231,234,288,289,290,291,292,314,329,351,377,398,442,644,677,715,765,838,891,1058,1117,1145,1214,1293,1474,1478,1481,1484,1669,1671,1674,1675,1768,1941,2223,2225,2240,2253,2337,2436,2465,2475,2626,2627,2628,2635,2637,2645,2647,2653,2654,2660,2661,2675,2690,2705,2774,2775,2778,2780,2816,2892,2950,3263,3337,3338,4633,5259,5525,5722,6731,6732,6742,
449;0;140;200;1;100,117,137,139,144,179,225,231,234,288,289,290,291,292,314,329,351,377,398,442,644,677,715,765,838,891,1058,1072,1117,1145,1214,1293,1474,1478,1481,1484,1666,1669,1671,1674,1675,1768,1941,2223,2225,2240,2253,2337,2436,2465,2475,2625,2626,2627,2628,2629,2634,2635,2637,2645,2647,2653,2654,2657,2660,2661,2663,2675,2690,2706,2713,2736,2774,2775,2778,2816,3263,5259,5525,5722,
498;0;200;262;1;7,95,100,117,137,139,144,178,179,225,231,234,288,289,290,291,292,308,314,329,351,377,398,442,644,677,715,765,838,891,1027,1048,1058,1072,1117,1145,1214,1293,1474,1478,1481,1484,1666,1669,1671,1674,1675,1768,1807,1941,1942,1943,1945,1979,2223,2225,2240,2253,2337,2436,2465,2475,2625,2626,2627,2628,2629,2634,2635,2645,2657,2663,2774,2775,2778,2816,3263,5259,5525,5722,
402;0;262;335;1;7,95,100,117,137,139,144,178,179,196,225,231,234,247,248,288,289,290,291,292,308,314,329,351,377,398,442,528,644,677,715,765,838,891,1027,1048,1058,1072,1117,1145,1214,1269,1293,1474,1478,1481,1484,1666,1669,1671,1674,1675,1768,2216,2225,2253,2337,2465,2475,2625,2626,2627,2628,2634,2645,2657,2663,2774,2775,2778,2816,2941,3263,3603,3604,3605,3606,5259,5525,5722,
105;0;335;349;1;7,17,20,26,28,34,35,38,52,54,95,100,117,137,139,144,178,179,196,198,225,231,234,247,248,288,289,290,291,292,308,314,329,351,377,398,490,528,644,653,677,715,765,1117,1214,1269,1293,1474,1478,1481,1484,1675,2225,2253,2326,2337,2465,2475,2625,2626,2627,2628,2634,2645,2657,2663,2774,2775,2778,2816,2941,3263,3605,3717,5259,5353,5474,5498,5525,5722,
105;1;349;411;1;7,17,20,26,34,38,95,100,117,137,139,144,145,149,178,179,225,231,234,241,247,248,277,288,289,290,329,351,377,391,396,398,400,528,644,647,677,715,765,855,1117,1214,1269,1293,1474,1476,1478,1479,1481,1484,1502,1675,1920,1922,2225,2253,2337,2465,2475,2625,2626,2627,2628,2634,2645,2657,2663,2774,2775,2778,2816,2941,3263,3387,3605,4832,5244,5259,5525,5722,
338;0;411;491;1;26,34,38,89,95,100,137,139,144,145,149,179,225,231,234,241,247,248,277,289,290,304,351,377,391,395,396,398,400,528,644,647,666,715,765,855,945,1117,1147,1269,1293,1444,1474,1476,1478,1481,1484,1675,1920,2225,2253,2465,2509,2534,2625,2627,2634,2645,2657,2663,2774,2775,2778,2816,2941,2951,2985,2987,2988,2990,2991,2992,2993,2994,2995,2996,2997,3263,5525,5722,
491;0;491;578;1;2,6,26,34,38,89,95,100,137,139,142,144,145,149,179,225,231,234,241,247,248,277,289,290,304,351,377,391,395,396,398,400,404,528,644,647,666,715,765,855,911,945,1050,1051,1053,1117,1147,1233,1269,1293,1444,1474,1476,1478,1481,1484,1603,1675,1918,1920,2225,2253,2465,2509,2625,2627,2634,2645,2657,2663,2774,2775,2778,2816,2941,2951,2988,3263,5525,5722,
16;0;578;638;1;2,6,26,34,38,89,95,100,137,139,142,144,145,149,179,225,231,234,241,247,248,277,289,290,304,351,377,391,395,396,398,400,404,528,640,644,647,666,715,765,855,911,945,1051,1117,1146,1147,1269,1293,1361,1474,1476,1478,1481,1484,1675,1920,2225,2253,2465,2625,2627,2634,2645,2657,2663,2774,2775,2778,2816,2941,2951,2988,3037,3263,5525,5722,7408,7751,8041,
16;1;638;670;1;34,38,100,144,145,179,225,241,277,289,290,396,398,400,404,640,644,647,1117,1147,1474,1478,1481,2645,2774,2775,2778,2816,2951,3177,3178,3179,3180,3181,3185,3186,3187,3188,3189,3191,3196,3197,3198,3199,3200,3201,3203,3204,3205,3206,3207,3208,3209,3211,3212,3213,3214,3216,3218,3219,3220,3221,3224,3226,3227,3228,3229,3230,3231,3232,3233,3234,3235,3236,3237,3238,3239,3240,3263,5722,
54;0;670;688;1;34,38,100,144,145,179,225,241,277,289,290,396,398,400,404,640,644,647,1117,1147,1474,1478,1481,2645,2774,2775,2778,2816,2951,3177,3178,3179,3180,3181,3185,3186,3187,3188,3189,3191,3196,3197,3198,3199,3200,3201,3203,3204,3205,3206,3207,3208,3209,3211,3212,3213,3214,3216,3218,3219,3220,3221,3224,3226,3227,3228,3229,3230,3231,3232,3233,3234,3235,3236,3237,3238,3263,5722,6145,8290,
54;1;688;768;1;18,24,34,38,51,97,100,144,145,179,180,225,226,230,238,241,262,277,289,290,302,307,382,396,398,400,404,549,573,592,594,640,644,647,968,1039,1117,1147,1150,1234,1396,1430,1473,1474,1478,1481,1800,1814,2027,2109,2597,2645,2774,2775,2778,2816,2818,2821,2824,2951,3132,3177,3178,3263,3314,4889,4890,4891,4892,4893,4894,4895,4896,4897,4898,4899,5206,5722,5771,5772,
445;0;768;877;1;18,24,34,38,51,97,100,144,145,179,180,225,226,230,238,241,262,277,289,290,302,307,382,396,398,400,404,549,573,592,594,640,644,647,968,1039,1117,1147,1150,1234,1396,1430,1473,1474,1478,1481,1800,1814,2027,2109,2597,2645,2774,2775,2778,2816,2818,2821,2824,2951,3132,3177,3178,3263,3314,4889,4890,4891,4892,4893,4894,4895,4896,4897,4898,4899,5206,5722,5771,5772,
161;0;877;951;1;18,24,34,38,51,97,100,144,145,179,180,225,226,230,238,241,262,277,289,290,302,307,382,396,398,400,404,549,573,592,594,640,644,647,968,1039,1117,1147,1150,1234,1396,1430,1473,1474,1478,1481,1800,1814,2027,2109,2597,2645,2774,2775,2778,2816,2818,2821,2824,2951,3132,3177,3178,3263,3314,4889,4890,4891,4892,4893,4894,4895,4896,4897,4898,4899,5206,5722,5771,5772,
161;1;951;997;1;18,24,34,38,51,97,100,144,145,179,180,225,226,230,238,241,262,277,289,290,302,307,382,396,398,400,404,549,573,592,594,640,644,647,968,1039,1117,1147,1150,1234,1396,1430,1473,1474,1478,1481,1800,1814,2027,2109,2597,2645,2774,2775,2778,2816,2818,2821,2824,2951,3132,3177,3178,3263,3314,4889,4890,4891,4892,4893,4894,4895,4896,4897,4898,4899,5206,5722,5771,5772,
360;0;997;1122;1;18,24,34,38,51,97,100,144,145,179,180,225,226,230,238,241,262,277,289,290,302,307,382,396,398,400,404,549,573,592,594,640,644,647,968,1039,1117,1147,1150,1234,1396,1430,1473,1474,1478,1481,1800,1814,2027,2109,2597,2645,2774,2775,2778,2816,2818,2821,2824,2951,3132,3177,3178,3263,3314,4889,4890,4891,4892,4893,4894,4895,4896,4897,4898,4899,5206,5722,5771,5772,
13;0;1440;1486;1;18,24,34,38,51,97,100,144,145,179,180,225,226,230,238,241,262,277,289,290,302,307,382,396,398,400,404,429,549,573,592,594,640,644,647,823,824,931,968,1039,1117,1118,1147,1150,1234,1473,1474,1481,1814,2109,2391,2573,2645,2696,2774,2775,2777,2778,2816,2824,2951,3019,3263,4604,4605,4606,4771,4855,4891,5299,5329,5523,5722,7055,8569,9121,9123,9124,9144,9145,
13;1;1486;1576;1;3,18,24,34,38,51,97,100,144,145,179,180,225,226,230,238,241,262,277,289,290,302,307,382,396,398,400,404,429,549,573,592,594,640,644,647,823,824,854,931,968,1039,1117,1118,1147,1150,1234,1473,1474,1481,1809,1814,2109,2391,2573,2645,2696,2774,2775,2777,2778,2816,2824,2951,3019,3263,4553,4604,4605,4606,4771,4855,4891,5299,5685,5722,8057,9121,9123,9124,
400;0;1576;1720;1;3,18,24,34,38,51,97,100,144,145,179,180,225,226,230,238,241,262,277,289,290,302,307,382,396,398,400,404,429,549,573,592,594,640,644,647,823,824,854,931,968,1039,1117,1118,1147,1150,1234,1473,1474,1481,1809,1814,2109,2391,2573,2645,2696,2774,2775,2777,2778,2816,2824,2951,3019,3263,3267,3268,4545,4553,4604,4605,4606,4771,4855,4891,5722,9121,9123,9124,
165;0;1720;1825;1;3,18,24,34,38,51,97,100,144,145,179,180,225,226,230,238,241,262,277,289,290,302,307,382,396,398,400,404,429,549,573,592,594,640,644,647,823,824,854,931,968,1039,1117,1118,1147,1150,1234,1473,1474,1481,1814,2028,2070,2109,2573,2645,2774,2777,2778,2816,2824,2951,3263,3267,3948,3949,3950,3951,4545,4553,4604,4605,4606,4771,4855,4891,5722,9121,9123,9124,
165;1;1825;1867;1;3,18,24,34,38,51,97,100,144,145,179,180,225,226,230,238,241,262,277,289,290,302,307,382,396,398,400,404,429,549,573,592,594,640,644,647,823,824,854,931,968,1039,1117,1118,1147,1150,1234,1473,1474,1481,1814,2028,2070,2109,2573,2645,2774,2777,2778,2816,2824,2951,3263,3267,3948,4545,4553,4604,4605,4606,4771,4855,4891,5722,7363,7549,7550,9121,9123,9124,
136;0;1867;1965;1;3,18,24,34,38,51,97,100,144,145,179,180,225,226,230,238,241,262,277,289,290,302,307,382,396,398,400,404,429,549,573,592,594,640,644,647,823,824,854,931,968,1039,1117,1118,1147,1150,1234,1473,1474,1481,1814,2028,2070,2109,2573,2645,2774,2777,2778,2816,2824,2951,3263,3267,3948,4545,4553,4604,4605,4606,4771,4855,4891,5722,8511,8512,8513,9121,9123,9124,
136;1;1965;2018;1;3,18,24,34,38,51,97,100,144,145,179,180,225,226,230,238,241,262,277,289,290,302,307,382,396,398,400,404,429,549,573,592,594,640,644,647,823,824,854,931,968,1039,1117,1118,1147,1150,1234,1473,1474,1481,1814,2028,2070,2109,2573,2645,2774,2777,2778,2816,2824,2951,3263,3267,3948,4545,4553,4604,4605,4606,4771,4855,4891,5722,7329,8511,8512,9121,9123,9124,
119;0;2018;2190;0;24,26,61,100,102,144,165,247,251,255,289,299,429,528,533,607,644,734,765,1147,1268,1269,1272,1273,1280,1284,1286,1287,1290,1293,1294,1295,1322,1481,1811,2080,2221,2318,2531,2552,2553,2554,2645,2683,2777,2778,2951,3015,3051,3597,3624,4308,4309,4604,4606,4608,4855,4866,5392,5525,5530,5538,5637,5644,5722,6022,6095,6096,6097,6225,6309,6310,6311,6312,6313,6449,6746,7062,7063,7064,
119;1;2190;2365;0;24,26,61,100,102,144,165,247,251,255,289,299,429,528,533,607,644,734,765,1147,1268,1269,1272,1273,1280,1284,1286,1287,1290,1293,1294,1295,1322,1481,1811,2080,2221,2318,2531,2552,2553,2554,2645,2683,2777,2778,2951,3015,3051,3597,3624,4308,4309,4604,4606,4608,4855,4866,5392,5525,5530,5538,5637,5644,5722,6022,6095,6096,6097,6225,6309,6310,6311,6312,6313,6449,6746,7062,7063,7064,
110;0;2365;2535;0;24,26,61,100,102,144,165,247,251,255,289,299,429,528,533,607,644,734,765,1147,1268,1269,1272,1273,1280,1284,1286,1287,1290,1293,1294,1295,1322,1481,1811,2080,2221,2318,2531,2552,2553,2554,2645,2683,2777,2778,2951,3015,3051,3597,3624,4308,4309,4604,4606,4608,4855,4866,5392,5525,5530,5538,5637,5644,5722,6022,6095,6096,6097,6225,6309,6310,6311,6312,6313,6449,6746,7062,7063,7064,
110;1;2535;2614;0;24,26,61,100,102,144,165,247,251,255,289,299,429,528,533,607,644,734,765,1147,1268,1269,1272,1273,1280,1284,1286,1287,1290,1293,1294,1295,1322,1481,1811,2080,2221,2318,2531,2552,2553,2554,2645,2683,2777,2778,2951,3015,3051,3597,3624,4308,4309,4604,4606,4608,4855,4866,5392,5525,5530,5538,5637,5644,5722,6022,6095,6096,6097,6225,6309,6310,6311,6312,6313,6449,6746,7062,7063,7064,
34;0;2614;2783;0;24,26,61,100,102,144,165,247,251,255,289,299,429,528,533,607,644,734,765,1147,1268,1269,1272,1273,1280,1284,1286,1287,1290,1293,1294,1295,1322,1481,1811,2080,2221,2318,2531,2552,2553,2554,2645,2683,2777,2778,2951,3015,3051,3597,3624,4308,4309,4604,4606,4608,4855,4866,5392,5525,5530,5538,5637,5644,5722,6022,6095,6096,6097,6225,6309,6310,6311,6312,6313,6449,6746,7062,7063,7064,
34;1;2783;2855;0;24,26,61,100,102,144,165,247,251,255,289,299,429,528,533,607,644,734,765,1147,1268,1269,1272,1273,1280,1284,1286,1287,1290,1293,1294,1295,1322,1481,1811,2080,2221,2318,2531,2552,2553,2554,2645,2683,2777,2778,2951,3015,3051,3597,3624,4308,4309,4604,4606,4608,4855,4866,5392,5525,5530,5538,5637,5644,5722,6022,6095,6096,6097,6225,6309,6310,6311,6312,6313,6449,6746,7062,7063,7064,
113;0;2880;3058;0;24,26,61,100,102,139,144,165,247,251,255,275,289,299,391,429,528,533,607,644,734,765,775,948,1146,1147,1236,1268,1269,1272,1273,1280,1284,1286,1287,1290,1293,1294,1295,1322,1481,1811,1973,2080,2221,2318,2531,2552,2553,2554,2645,2683,2777,2778,2951,3015,3051,3597,3624,4094,4308,4309,4604,4606,4608,4855,4866,5155,5392,5525,5530,5538,5637,5644,5722,5739,6022,6095,6096,6457,
113;1;3058;3109;0;24,26,61,100,102,139,144,165,189,247,251,255,275,289,299,391,429,528,533,607,644,734,765,775,948,1146,1147,1236,1268,1269,1272,1273,1280,1284,1286,1287,1290,1293,1294,1295,1322,1481,1811,1973,2080,2221,2315,2318,2419,2531,2552,2553,2554,2645,2683,2777,2778,2951,3015,3051,3597,3624,4094,4112,4217,4308,4309,4604,4606,4608,4855,4866,5155,5392,5525,5530,5538,5637,5722,7977,
155;0;3109;3153;0;24,26,61,100,102,139,144,165,189,247,251,255,275,289,299,391,429,528,533,607,644,734,765,775,948,1146,1147,1236,1268,1269,1272,1273,1280,1284,1286,1287,1290,1293,1294,1295,1322,1481,1811,1973,2080,2221,2315,2318,2419,2531,2552,2553,2554,2645,2683,2777,2778,2951,3015,3051,3597,3624,4217,4604,4606,4855,4866,5525,5722,6360,6926,7284,7644,7648,8216,8219,8221,8225,8227,8228,
155;1;3153;3324;0;24,26,61,100,102,139,144,165,189,247,251,255,275,289,299,391,429,430,528,533,607,644,715,734,765,775,948,1019,1146,1147,1236,1268,1269,1272,1273,1280,1293,1481,1811,2225,2318,2405,2625,2634,2640,2642,2645,2652,2657,2663,2680,2686,2691,2777,2778,3597,4217,4604,4606,4855,4866,5525,5722,6360,7188,7212,7296,7299,7308,7316,8415,8432,8799,8801,8803,8804,8806,8808,8809,8810,
156;0;3324;3455;0;24,26,61,100,102,139,144,165,189,247,251,255,275,289,299,391,429,430,528,533,607,644,715,734,765,775,948,1019,1146,1147,1236,1268,1269,1272,1273,1280,1293,1481,1811,2225,2318,2405,2625,2634,2640,2642,2645,2652,2657,2663,2680,2686,2691,2777,2778,3597,4217,4604,4606,4855,4866,5525,5722,6360,6720,7188,7212,7296,7299,7308,7316,8415,8432,8797,8799,8801,8803,8804,8806,8808,
156;1;3455;3532;0;24,26,61,100,102,139,144,145,165,189,247,251,255,275,289,290,299,391,429,430,528,533,607,644,715,734,765,775,824,948,1019,1117,1146,1147,1236,1268,1269,1272,1273,1280,1293,1481,1811,2225,2253,2318,2322,2405,2625,2634,2640,2642,2645,2652,2657,2663,2680,2777,2778,2789,2816,3099,3111,3597,4217,4397,4604,4606,4771,4855,4866,5525,5722,6360,9121,9123,9124,9152,9153,9154,
484;0;3532;3707;0;24,27,95,97,144,150,155,177,189,248,249,251,302,305,310,313,396,429,457,528,655,662,731,732,905,1280,1326,1474,1548,1661,1675,1679,1759,1814,1849,1853,2408,2455,2495,2512,2657,2814,2873,2943,2982,3004,3070,3577,3598,3613,3814,3830,3842,4124,4462,4545,4972,5255,5487,5767,5768,5769,5770,6357,6360,6585,6656,7478,7526,8014,8551,8555,9032,9075,9101,9102,9103,9104,9105,9194,
18;0;3707;3795;0;24,27,95,97,144,150,155,177,189,248,249,251,302,305,310,313,396,429,457,528,655,662,731,732,905,1280,1326,1474,1548,1661,1675,1679,1759,1814,1849,1853,2408,2455,2495,2512,2657,2814,2873,2943,2982,3004,3070,3577,3598,3613,3814,3830,3842,4124,4462,4545,4972,5255,5487,5767,5768,5769,5770,6357,6360,6585,6656,7478,7526,8014,8551,8555,9032,9075,9101,9102,9103,9104,9105,9194,
18;1;3795;3876;0;24,27,95,97,144,150,155,177,189,248,249,251,302,305,310,313,396,429,457,528,655,662,731,732,905,1280,1326,1474,1548,1661,1675,1679,1759,1814,1849,1853,2408,2455,2495,2512,2657,2814,2873,2943,2982,3004,3070,3577,3598,3613,3814,3830,3842,4124,4462,4545,4972,5255,5487,5767,5768,5769,5770,6357,6360,6585,6656,7478,7526,8014,8551,8555,9032,9075,9101,9102,9103,9104,9105,9194,
416;0;3876;4039;0;24,27,95,97,144,150,155,177,189,248,249,251,302,305,310,313,396,429,457,528,655,662,731,732,905,1280,1326,1474,1548,1661,1675,1679,1759,1814,1849,1853,2408,2455,2495,2512,2657,2814,2873,2943,2982,3004,3070,3577,3598,3613,3814,3830,3842,4124,4462,4545,4972,5255,5487,5767,5768,5769,5770,6357,6360,6585,6656,7478,7526,8014,8551,8555,9032,9075,9101,9102,9103,9104,9105,9194,
426;0;4039;4196;0;24,27,95,97,144,150,155,177,189,248,249,251,302,305,310,313,396,429,457,528,655,662,731,732,905,1280,1326,1474,1548,1661,1675,1679,1759,1814,1849,1853,2408,2455,2495,2512,2657,2814,2873,2943,2982,3004,3070,3577,3598,3613,3814,3830,3842,4124,4462,4545,4972,5255,5487,5767,5768,5769,5770,6357,6360,6585,6656,7478,7526,8014,8551,8555,9032,9075,9101,9102,9103,9104,9105,9194,
128;0;4196;4302;0;24,27,95,97,144,150,155,177,189,248,249,251,302,305,310,313,396,429,457,528,655,662,731,732,905,1280,1326,1474,1548,1661,1675,1679,1759,1814,1849,1853,2408,2455,2495,2512,2657,2814,2873,2943,2982,3004,3070,3577,3598,3613,3814,3830,3842,4124,4462,4545,4972,5255,5487,5767,5768,5769,5770,6357,6360,6585,6656,7478,7526,8014,8551,8555,9032,9075,9101,9102,9103,9104,9105,9194,
128;1;4320;4352;0;24,27,95,97,144,150,155,177,189,248,249,251,302,305,310,313,396,429,457,503,505,528,534,655,662,731,732,905,1063,1280,1326,1333,1474,1548,1659,1661,1675,1679,1759,1814,1849,1853,2408,2455,2495,2512,2657,2814,2873,2943,2982,3004,3070,3577,3598,3613,3814,3830,3842,4124,4462,4545,4972,5255,5487,5767,5768,5769,5770,6357,6360,6585,6656,7478,7526,8014,8551,8555,9032,9075,
421;0;4352;4483;0;24,27,95,97,126,144,150,155,177,185,186,189,221,248,249,251,302,305,310,313,396,410,429,450,457,497,503,505,528,534,655,662,731,732,739,754,784,905,1063,1196,1280,1326,1333,1336,1423,1425,1434,1440,1463,1474,1548,1659,1661,1675,1679,1759,1814,1849,1853,2074,2408,2455,2495,2512,2657,2873,2896,3004,3416,3577,3774,3870,3876,3908,4104,5862,7251,8037,8342,9032,
23;0;4483;4558;0;24,27,95,97,126,144,150,155,177,185,186,189,221,248,249,251,302,305,310,313,396,410,429,450,457,497,503,505,528,534,655,662,692,731,732,739,754,784,905,1063,1196,1201,1280,1326,1333,1336,1423,1425,1434,1440,1463,1474,1529,1548,1659,1661,1675,1679,1759,1814,1849,1853,2074,2408,2512,2627,2657,2692,2873,2986,3004,3577,3774,3908,4376,5402,5484,5485,6235,9032,
23;1;4558;4614;0;24,27,68,95,97,126,144,150,155,170,177,185,186,189,221,248,249,251,302,305,310,313,396,410,429,450,457,497,503,505,528,534,655,662,692,731,732,739,754,784,905,1063,1196,1201,1280,1326,1333,1336,1423,1425,1434,1440,1463,1474,1529,1548,1659,1661,1675,1679,1759,1814,1849,1853,2074,2179,2279,2408,2471,2512,2627,2657,2864,2873,2941,3004,3577,3774,3908,9032,
150;0;4614;4676;0;24,27,68,95,97,126,144,150,155,170,177,185,186,189,221,248,249,251,302,305,310,313,396,410,429,450,457,497,503,505,528,534,655,662,692,731,732,739,754,784,905,1063,1196,1201,1280,1326,1333,1336,1423,1425,1434,1440,1463,1474,1529,1548,1659,1661,1675,1679,1759,1814,1849,1853,2074,2179,2279,2408,2471,2512,2627,2873,2941,3004,3577,3774,3908,3945,6949,9032,
150;1;4676;4726;0;24,27,68,95,97,126,144,150,155,170,177,185,186,189,221,225,248,249,251,302,305,310,313,377,395,396,404,410,429,450,457,497,503,505,528,534,655,662,692,731,732,739,754,784,854,855,905,911,1063,1118,1134,1148,1173,1196,1201,1280,1326,1333,1336,1423,1425,1434,1440,1463,1474,1484,1529,1814,1849,2103,2179,2512,2873,2941,3004,3577,3774,3908,5706,9032,
399;0;4726;4831;0;24,27,68,95,97,126,144,150,155,170,177,185,186,189,221,225,231,234,248,249,251,302,305,310,313,377,395,396,404,410,429,450,457,497,503,505,528,534,655,662,692,731,732,739,754,784,854,855,905,911,1063,1071,1118,1134,1148,1173,1196,1201,1280,1326,1333,1336,1423,1425,1474,1814,1849,2179,2512,2649,2873,2941,3004,3577,3774,3908,4470,6196,6197,9032,
481;0;4831;4932;0;24,27,68,95,97,126,144,150,155,170,177,185,186,189,221,225,231,234,248,249,251,302,305,310,313,377,395,396,404,410,429,450,457,497,503,505,528,534,655,662,692,714,731,732,739,754,784,854,855,905,911,1063,1071,1118,1134,1148,1173,1196,1201,1280,1326,1333,1336,1423,1425,1474,1814,1849,2179,2512,2649,2873,2941,3004,3577,3774,3908,4470,6196,9032,
374;0;4932;5028;0;24,27,68,95,97,126,137,144,150,155,170,177,185,186,189,221,225,231,234,248,249,251,302,305,310,313,351,377,395,396,404,410,429,450,457,497,503,505,528,534,655,662,692,714,731,732,739,754,784,854,855,1063,1118,1134,1196,1474,1814,1849,2179,2512,2774,2777,2778,2802,2807,2812,2873,2941,3004,3263,3577,3774,3908,4600,4605,4606,5025,9032,9046,9047,
149;0;5028;5074;0;1,3,24,100,144,149,150,185,186,189,225,226,231,234,262,270,277,289,329,391,429,655,677,715,765,1069,1093,1196,1204,1214,1473,1475,1476,1477,1481,1599,1667,1803,1825,2109,2134,2451,2461,2475,2626,2628,2903,3004,3108,3278,4033,4535,4857,4891,4902,4925,4926,4927,4928,4929,4930,4931,4932,4933,4934,4935,4936,4937,4938,4939,5296,5525,5691,5722,5723,5795,6114,6115,6116,6117,
149;1;5074;5113;0;1,3,24,100,144,149,150,185,186,189,225,226,231,234,262,270,277,289,329,391,429,655,677,715,765,1069,1093,1196,1204,1214,1473,1475,1476,1477,1481,1599,1667,1803,1825,2109,2134,2451,2461,2475,2626,2628,2903,3004,3108,3278,4033,4535,4857,4891,4902,4925,4926,4927,4928,4929,4930,4931,4932,4933,4934,4935,4936,4937,4938,4939,5296,5525,5691,5722,5723,5795,6114,6115,6116,6117,
Machine: 3
419;0;0;5;1;3,60,61,100,137,144,146,208,225,226,390,436,632,644,765,949,1052,1062,1095,1171,1196,1201,1361,1399,1434,1488,1539,1687,1809,1837,2337,2382,2628,2778,2984,3061,3263,3347,3535,3621,3876,4033,4553,4603,4604,4612,4613,4617,4727,4730,4761,4968,5202,5229,5270,5397,5406,5627,5768,5830,5873,5926,5941,5942,5943,6101,6107,6109,6113,6749,6750,6751,6752,6753,6754,7248,7249,7250,7251,8546,
473;0;5;24;1;3,60,61,100,137,144,146,208,225,226,390,436,632,644,765,949,1052,1062,1095,1171,1196,1201,1361,1399,1434,1488,1539,1687,1809,1837,2337,2382,2628,2778,2984,3061,3263,3347,3535,3621,3876,4033,4553,4603,4604,4612,4613,4617,4727,4730,4761,4968,5202,5229,5270,5397,5406,5627,5768,5830,5873,5926,5941,5942,5943,6101,6107,6109,6113,6749,6750,6751,6752,6753,6754,7248,7249,7250,7251,8546,
359;0;24;46;1;3,60,61,100,137,144,146,208,225,226,390,436,632,644,765,949,1052,1062,1095,1171,1196,1201,1361,1399,1434,1488,1539,1687,1809,1837,2337,2382,2628,2778,2984,3061,3263,3347,3535,3621,3876,4033,4553,4603,4604,4612,4613,4617,4727,4730,4761,4968,5202,5229,5270,5397,5406,5627,5768,5830,5873,5926,5941,5942,5943,6101,6107,6109,6113,6749,6750,6751,6752,6753,6754,7248,7249,7250,7251,8546,
428;0;46;78;1;3,60,61,100,137,144,146,208,225,226,390,436,632,644,765,949,1052,1062,1095,1171,1196,1201,1361,1399,1434,1488,1539,1687,1809,1837,2337,2382,2628,2778,2984,3061,3263,3347,3535,3621,3876,4033,4553,4603,4604,4612,4613,4617,4727,4730,4761,4968,5202,5229,5270,5397,5406,5627,5768,5830,5873,5926,5941,5942,5943,6101,6107,6109,6113,6749,6750,6751,6752,6753,6754,7248,7249,7250,7251,8546,
333;0;78;125;1;3,60,61,100,137,144,146,208,225,226,390,436,632,644,765,949,1052,1062,1095,1171,1196,1201,1361,1399,1434,1488,1539,1687,1809,1837,2337,2382,2628,2778,2984,3061,3263,3347,3535,3621,3876,4033,4553,4603,4604,4612,4613,4617,4727,4730,4761,4968,5202,5229,5270,5397,5406,5627,5768,5830,5873,5926,5941,5942,5943,6101,6107,6109,6113,6749,6750,6751,6752,6753,6754,7248,7249,7250,7251,8546,
496;0;125;185;1;3,60,61,100,137,144,146,208,225,226,390,436,632,644,765,949,1052,1062,1095,1171,1196,1201,1361,1399,1434,1488,1539,1687,1809,1837,2337,2382,2628,2778,2984,3061,3263,3347,3535,3621,3876,4033,4553,4603,4604,4612,4613,4617,4727,4730,4761,4968,5202,5229,5270,5397,5406,5627,5768,5830,5873,5926,5941,5942,5943,6101,6107,6109,6113,6749,6750,6751,6752,6753,6754,7248,7249,7250,7251,8546,
453;0;185;247;1;3,60,61,100,137,144,145,146,149,208,225,226,262,390,436,632,644,765,949,1052,1062,1095,1171,1196,1201,1361,1399,1434,1488,1539,1687,1809,1837,2337,2382,2628,2778,2984,3061,3263,3347,3535,3621,3876,4033,4553,4603,4604,4612,4613,4617,4727,4730,4761,4968,5202,5229,5270,5397,5406,5627,5768,5830,5873,5926,5941,5942,5943,6101,6107,6109,6113,6749,6750,6751,6752,6753,6754,7248,7249,
357;0;247;313;1;3,4,60,61,87,89,90,100,137,144,145,146,149,208,225,226,262,390,436,632,644,764,765,768,770,833,836,858,862,949,1046,1052,1062,1095,1171,1196,1201,1214,1361,1399,1434,1488,1515,1516,1518,1519,1520,1521,1522,1526,1527,1528,1529,1539,1687,1809,1837,2337,2382,2628,2778,2984,3061,3263,3347,3535,3621,3876,4033,4553,4603,4604,4612,4613,4617,4727,4730,4761,4968,5627,
450;0;313;391;1;3,4,60,61,87,89,90,100,137,144,145,146,149,208,225,226,262,390,436,632,644,764,765,768,770,833,836,858,862,904,949,1046,1052,1062,1095,1171,1196,1201,1214,1361,1399,1434,1478,1488,1515,1516,1518,1519,1520,1521,1522,1526,1527,1528,1529,1539,1680,1687,1809,1837,2337,2382,2628,2778,2984,3061,3263,3347,3535,3621,3876,4033,4553,4603,4604,4612,4613,4617,4727,5627,
44;0;391;451;1;3,4,15,55,60,61,87,89,90,100,137,144,145,146,149,208,225,226,262,390,436,632,644,736,764,765,768,770,833,836,858,862,904,949,979,989,1046,1052,1062,1095,1171,1196,1201,1214,1361,1399,1425,1434,1478,1488,1515,1516,1518,1519,1520,1521,1522,1526,1527,1528,1529,1539,1580,1680,1687,1809,1837,1984,2157,2337,2382,2628,2778,2984,3061,3263,3347,3535,3718,5627,
44;1;451;472;1;3,4,15,55,60,61,87,89,90,100,137,144,145,146,149,208,225,226,262,390,436,518,549,632,644,736,764,765,768,770,833,836,858,862,904,949,979,989,1046,1052,1062,1095,1171,1196,1201,1214,1361,1399,1425,1434,1478,1488,1515,1516,1518,1519,1520,1521,1522,1526,1527,1528,1529,1539,1580,1680,1687,1809,1837,1984,2157,2337,2382,2628,2778,2984,3263,4912,5627,7831,
350;0;472;558;1;3,4,15,54,55,60,61,87,89,90,100,137,144,145,146,149,208,225,226,262,390,436,518,528,549,632,644,736,764,765,768,770,833,836,858,862,904,949,979,989,1046,1052,1062,1095,1171,1196,1201,1214,1293,1361,1399,1425,1434,1478,1488,1515,1516,1518,1519,1520,1521,1522,1526,1527,1528,1529,1539,1580,1680,1687,1809,1837,1984,2220,2337,2417,2628,3263,4450,5627,
460;0;558;646;1;3,4,15,54,55,60,61,87,89,90,100,137,144,145,146,149,208,225,226,262,390,436,518,528,549,632,644,736,764,765,768,770,833,836,858,862,904,949,979,989,1046,1052,1062,1095,1171,1196,1201,1214,1293,1361,1399,1425,1434,1478,1488,1515,1516,1518,1519,1520,1521,1529,1580,1674,1680,1809,2220,2337,2628,3263,4450,4898,4899,5216,5322,5479,5480,5481,5482,5627,
95;0;646;682;1;3,4,8,15,54,55,60,61,87,89,90,100,137,142,144,145,146,149,208,225,226,241,262,289,390,404,405,429,436,518,528,549,632,644,645,646,648,736,764,765,768,770,833,836,858,862,904,949,979,989,1046,1052,1056,1062,1095,1146,1171,1196,1214,1293,1361,1473,1474,1478,1488,1515,1521,1529,1580,1680,1809,1823,2102,2155,2220,2337,2628,3263,4450,5627,
95;1;682;738;1;26,27,137,144,145,177,178,179,180,181,182,184,225,231,241,262,304,316,321,329,390,404,408,415,426,429,521,522,523,524,528,567,598,640,838,854,1027,1062,1118,1171,1268,1286,1287,1288,1292,1293,1294,1322,1476,1478,1480,1669,1782,1809,1811,1821,2128,2239,2241,2242,2263,2352,2407,2471,2951,3004,3026,3027,3606,3634,4503,4654,4718,5439,5767,6187,6188,6189,6190,6191,
345;0;738;836;1;26,27,137,144,145,177,178,179,180,181,182,184,225,231,241,262,304,316,321,329,390,404,408,415,426,429,521,522,523,524,528,567,598,640,838,854,1027,1062,1118,1171,1268,1286,1287,1288,1292,1293,1294,1322,1476,1478,1480,1669,1782,1809,1811,1821,2128,2239,2241,2242,2263,2352,2407,2471,2951,3004,3026,3027,3606,3634,4503,4654,4718,5439,5767,6187,6188,6189,6190,6191,
121;0;836;888;1;26,27,137,144,145,177,178,179,180,181,182,184,225,231,241,262,304,316,321,329,390,404,408,415,426,429,521,522,523,524,528,567,598,640,838,854,1027,1062,1118,1171,1268,1286,1287,1288,1292,1293,1294,1322,1476,1478,1480,1669,1782,1809,1811,1821,2128,2239,2241,2242,2263,2352,2407,2471,2951,3004,3026,3027,3606,3634,4503,4654,4718,5439,5767,6187,6188,6189,6190,6191,
121;1;888;939;1;26,27,137,144,145,177,178,179,180,181,182,184,225,231,241,262,304,316,321,329,390,404,408,415,426,429,521,522,523,524,528,567,598,640,838,854,1027,1062,1118,1171,1268,1286,1287,1288,1292,1293,1294,1322,1476,1478,1480,1669,1782,1809,1811,1821,2128,2239,2241,2242,2263,2352,2407,2471,2951,3004,3026,3027,3606,3634,4503,4654,4718,5439,5767,6187,6188,6189,6190,6191,
463;0;939;1045;1;26,27,137,144,145,177,178,179,180,181,182,184,225,231,241,262,304,316,321,329,390,404,408,415,426,429,521,522,523,524,528,567,598,640,838,854,1027,1062,1118,1171,1268,1286,1287,1288,1292,1293,1294,1322,1476,1478,1480,1669,1782,1809,1811,1821,2128,2239,2241,2242,2263,2352,2407,2471,2951,3004,3026,3027,3606,3634,4503,4654,4718,5439,5767,6187,6188,6189,6190,6191,
84;0;1440;1472;1;26,27,137,144,145,177,178,179,180,181,182,184,225,231,241,262,304,316,321,329,390,404,408,415,426,429,521,522,523,524,528,567,598,640,838,854,1027,1062,1118,1171,1268,1286,1287,1288,1292,1293,1294,1297,1322,1476,1478,1480,1669,1782,1809,1811,1821,2128,2149,2179,2239,2241,2242,2257,2263,2315,2352,2407,2471,2951,3004,3026,3027,3606,3634,3831,3866,4215,4216,4503,
84;1;1472;1549;1;24,26,27,137,144,145,177,178,179,180,181,182,184,225,231,241,262,304,316,321,329,390,404,408,415,426,429,503,521,522,523,524,528,567,598,640,838,854,1027,1062,1118,1171,1268,1286,1287,1288,1292,1293,1294,1297,1322,1476,1478,1480,1669,1707,1782,1809,1811,1821,2128,2149,2154,2179,2239,2241,2242,2257,2263,2315,2352,2407,2471,2951,3004,3346,3414,5948,7003,7214,
420;0;1549;1680;1;24,26,27,137,144,145,177,178,179,180,181,182,184,225,231,241,247,262,304,316,321,329,390,404,408,415,426,429,503,521,522,523,524,528,529,558,567,577,598,600,640,838,854,1027,1062,1118,1171,1221,1268,1286,1287,1288,1290,1292,1293,1294,1322,1480,1592,1651,1700,1809,2064,2149,2241,2315,2407,2512,3029,3050,3829,4440,4452,4813,5091,5092,5093,5094,5095,5096,
439;0;1680;1812;1;24,26,27,137,144,145,177,178,179,180,181,182,184,225,231,234,241,245,247,262,267,291,303,304,305,310,312,313,314,316,321,329,390,404,408,415,426,429,438,503,521,522,523,524,528,529,558,567,577,598,600,640,838,854,1027,1062,1118,1171,1287,1288,1293,1294,1322,1480,1665,1809,2107,2149,2241,2244,2315,2407,3050,5153,5155,5224,5225,5226,5227,5228,
52;0;1812;1912;1;24,26,27,38,137,144,145,177,178,179,180,181,182,184,225,231,234,241,245,247,262,267,291,303,304,305,310,312,313,314,316,321,329,390,404,408,415,426,429,438,503,521,522,523,524,528,529,558,567,577,598,600,640,659,838,854,1027,1062,1118,1171,1287,1288,1293,1294,1322,1480,1665,1723,1809,2107,2149,2241,2244,2315,2407,3050,3126,3345,4313,4317,
52;1;1912;1948;1;24,26,27,38,137,144,145,177,178,179,180,181,182,184,225,231,234,241,245,247,262,267,291,303,304,305,310,312,313,314,316,321,329,390,396,404,408,415,426,429,438,503,521,522,523,524,528,529,558,567,577,598,600,640,659,838,854,1027,1062,1118,1171,1287,1288,1293,1294,1322,1480,1665,1723,1809,1814,2107,2149,2241,2315,2407,3050,3310,3311,3312,
87;0;1948;2032;1;24,26,27,38,95,137,144,145,177,178,179,180,181,182,184,225,231,234,241,245,247,262,267,290,291,303,304,305,310,312,313,314,316,321,329,390,396,400,402,404,408,415,426,429,438,503,521,522,523,524,528,529,558,567,577,598,600,640,644,647,659,838,854,1027,1118,1287,1288,1293,1294,1322,1480,1809,1814,2103,2149,2241,2315,2407,3050,5594,
87;1;2032;2089;1;24,26,27,38,95,100,137,144,145,177,178,179,180,181,182,184,225,231,234,241,245,247,262,267,290,291,303,304,305,310,312,313,314,316,321,329,390,396,400,402,404,408,415,426,429,438,503,521,522,523,524,528,529,640,644,647,677,700,854,1118,1287,1288,1293,1294,1322,1480,1567,1809,1814,2103,2149,2241,2315,2407,2475,2602,2626,3050,4997,6194,
441;0;2089;2239;1;38,55,60,87,95,100,137,144,145,186,225,254,262,288,321,329,390,401,404,429,452,517,640,647,677,691,765,767,784,849,872,898,972,1063,1136,1142,1269,1271,1282,1285,1289,1293,1294,1322,1329,1401,1426,1457,1462,1474,1580,1587,1680,1814,1930,1935,2086,2220,2407,2475,2602,2626,2627,2861,2873,2986,3291,3612,3618,3703,3721,4744,4791,5539,6092,8551,8552,8644,9032,9097,
398;0;2239;2391;1;38,55,60,87,95,100,137,144,145,186,225,254,262,288,321,329,390,401,404,429,452,517,640,647,677,691,765,767,784,849,872,898,972,1063,1136,1142,1269,1271,1282,1285,1289,1293,1294,1322,1329,1401,1426,1457,1462,1474,1580,1587,1680,1814,1930,1935,2086,2220,2407,2475,2602,2626,2627,2861,2873,2986,3291,3612,3618,3703,3721,4744,4791,5539,6092,8551,8552,8644,9032,9097,
12;0;2391;2551;1;38,55,60,87,95,100,137,144,145,186,225,254,262,288,321,329,390,401,404,429,452,517,640,647,677,691,765,767,784,849,872,898,972,1063,1136,1142,1269,1271,1282,1285,1289,1293,1294,1322,1329,1401,1426,1457,1462,1474,1580,1587,1680,1814,1930,1935,2086,2220,2407,2475,2602,2626,2627,2861,2873,2986,3291,3612,3618,3703,3721,4744,4791,5539,6092,8551,8552,8644,9032,9097,
12;1;2551;2556;1;38,55,60,87,95,100,137,144,145,186,225,254,262,288,321,329,390,401,404,429,452,517,640,647,677,691,765,767,784,849,872,898,972,1063,1136,1142,1269,1271,1282,1285,1289,1293,1294,1322,1329,1401,1426,1457,1462,1474,1580,1587,1680,1814,1930,1935,2086,2220,2407,2475,2602,2626,2627,2861,2873,2986,3291,3612,3618,3703,3721,4744,4791,5539,6092,8551,8552,8644,9032,9097,
75;0;2556;2716;1;38,55,60,87,95,100,137,144,145,186,225,254,262,288,321,329,390,401,404,429,452,517,640,647,677,691,765,767,784,849,872,898,972,1063,1136,1142,1269,1271,1282,1285,1289,1293,1294,1322,1329,1401,1426,1457,1462,1474,1580,1587,1680,1814,1930,1935,2086,2220,2407,2475,2602,2626,2627,2861,2873,2986,3291,3612,3618,3703,3721,4744,4791,5539,6092,8551,8552,8644,9032,9097,
75;1;2716;2756;1;38,55,60,87,95,100,137,144,145,186,225,254,262,288,321,329,390,401,404,429,452,517,640,647,677,691,765,767,784,849,872,898,972,1063,1136,1142,1269,1271,1282,1285,1289,1293,1294,1322,1329,1401,1426,1457,1462,1474,1580,1587,1680,1814,1930,1935,2086,2220,2407,2475,2602,2626,2627,2861,2873,2986,3291,3612,3618,3703,3721,4744,4791,5539,6092,8551,8552,8644,9032,9097,
111;0;2880;3023;1;38,55,60,87,95,100,137,144,145,186,225,254,262,288,321,329,390,401,404,429,452,517,640,647,677,691,715,765,767,784,814,827,849,872,898,972,1063,1136,1142,1198,1200,1203,1214,1271,1293,1294,1322,1401,1474,1481,1529,1814,1930,1935,2475,2602,2626,2627,2628,2661,2812,2986,3291,3379,3618,4791,5336,5637,5722,5795,5869,6023,6229,6311,6312,6313,8130,8131,8132,8133,
111;1;3023;3122;1;38,55,60,87,95,100,137,144,145,186,225,254,262,288,302,321,329,390,401,404,429,440,452,517,640,647,677,691,715,765,767,784,814,827,849,872,898,972,1063,1136,1142,1147,1198,1200,1203,1214,1271,1293,1294,1322,1401,1474,1481,1529,1814,1930,1935,2475,2602,2626,2627,2628,2661,2812,2986,3284,3285,3286,3287,3288,3291,3379,3618,4791,5336,5637,5722,5795,5869,6023,
41;0;3122;3218;1;1,38,55,60,87,95,100,136,137,144,145,186,225,254,262,277,288,302,321,329,390,401,404,429,440,452,517,640,647,677,691,715,765,767,784,814,827,849,872,898,972,1063,1093,1136,1142,1147,1198,1200,1203,1214,1271,1293,1294,1322,1361,1397,1401,1474,1481,1529,1807,1814,1930,1935,2053,2109,2475,2602,2626,2627,2986,3278,3291,3618,4677,4791,6517,6518,6519,6520,
41;1;3218;3386;1;1,38,55,60,87,95,100,136,137,144,145,149,186,225,254,262,277,288,302,321,329,390,391,397,401,404,429,440,452,517,640,647,677,691,715,765,767,769,784,814,827,849,872,898,972,1050,1063,1093,1136,1142,1147,1198,1200,1203,1214,1271,1293,1294,1322,1361,1397,1401,1474,1481,1529,1807,1814,1930,1935,2053,2109,2475,2602,2626,2627,2986,3278,3291,3618,4791,
22;0;3386;3545;1;1,38,55,60,87,95,100,136,137,144,145,149,186,225,254,262,277,288,302,321,329,390,391,397,401,404,429,440,452,517,640,647,677,691,715,765,767,769,784,814,827,849,872,898,972,1050,1063,1093,1136,1142,1147,1198,1200,1203,1214,1271,1293,1294,1322,1361,1397,1401,1474,1481,1529,1807,1814,1930,1935,2053,2109,2475,2602,2626,2627,2986,3291,3618,4791,7362,
22;1;3545;3659;1;87,93,95,144,149,225,262,275,276,277,288,321,390,395,398,640,648,765,835,836,855,858,861,927,946,948,1054,1093,1121,1146,1214,1363,1365,1474,1529,1595,1814,1920,2503,2559,2583,2627,2638,2662,2986,3161,3291,3329,3581,3618,4087,4733,4791,5253,5612,5951,5959,5963,5966,5968,5976,5980,5987,5992,6151,6556,6583,6611,6727,6729,7132,7134,7419,7420,7421,7422,7423,7424,7892,8286,
468;0;3659;3703;0;87,93,95,144,149,225,262,275,276,277,288,321,390,395,398,640,648,765,835,836,855,858,861,927,946,948,1054,1093,1121,1146,1214,1363,1365,1474,1529,1595,1814,1920,2503,2559,2583,2627,2638,2662,2986,3161,3291,3329,3581,3618,4087,4733,4791,5253,5612,5951,5959,5963,5966,5968,5976,5980,5987,5992,6151,6556,6583,6611,6727,6729,7132,7134,7419,7420,7421,7422,7423,7424,7892,8286,
19;0;3703;3859;0;87,93,95,144,149,225,262,275,276,277,288,321,390,395,398,640,648,765,835,836,855,858,861,927,946,948,1054,1093,1121,1146,1214,1363,1365,1474,1529,1595,1814,1920,2503,2559,2583,2627,2638,2662,2986,3161,3291,3329,3581,3618,4087,4733,4791,5253,5612,5951,5959,5963,5966,5968,5976,5980,5987,5992,6151,6556,6583,6611,6727,6729,7132,7134,7419,7420,7421,7422,7423,7424,7892,8286,
19;1;3859;4007;0;87,93,95,144,149,225,262,275,276,277,288,321,390,395,398,640,648,765,835,836,855,858,861,927,946,948,1054,1093,1121,1146,1214,1363,1365,1474,1529,1595,1814,1920,2503,2559,2583,2627,2638,2662,2986,3161,3291,3329,3581,3618,4087,4733,4791,5253,5612,5951,5959,5963,5966,5968,5976,5980,5987,5992,6151,6556,6583,6611,6727,6729,7132,7134,7419,7420,7421,7422,7423,7424,7892,8286,
152;0;4007;4138;0;87,93,95,144,149,225,262,275,276,277,288,321,390,395,398,640,648,765,835,836,855,858,861,927,946,948,1054,1093,1121,1146,1214,1363,1365,1474,1529,1595,1814,1920,2503,2559,2583,2627,2638,2662,2986,3161,3291,3329,3581,3618,4087,4733,4791,5253,5612,5951,5959,5963,5966,5968,5976,5980,5987,5992,6151,6556,6583,6611,6727,6729,7132,7134,7419,7420,7421,7422,7423,7424,7892,8286,
152;1;4138;4302;0;87,93,95,144,149,225,262,275,276,277,288,321,390,395,398,640,648,765,835,836,855,858,861,927,946,948,1054,1093,1121,1146,1214,1363,1365,1474,1529,1595,1814,1920,2503,2559,2583,2627,2638,2662,2986,3161,3291,3329,3581,3618,4087,4733,4791,5253,5612,5951,5959,5963,5966,5968,5976,5980,5987,5992,6151,6556,6583,6611,6727,6729,7132,7134,7419,7420,7421,7422,7423,7424,7892,8286,
164;0;4302;4465;0;87,93,95,144,149,225,262,275,276,277,288,321,390,395,398,640,648,765,835,836,855,858,861,927,946,948,1054,1093,1121,1146,1214,1363,1365,1474,1529,1595,1814,1920,2503,2559,2583,2627,2638,2662,2986,3161,3291,3329,3581,3618,4087,4733,4791,5253,5612,5951,5959,5963,5966,5968,5976,5980,5987,5992,6151,6556,6583,6611,6727,6729,7132,7134,7419,7420,7421,7422,7423,7424,7892,8286,
164;1;4465;4553;0;87,93,95,144,149,225,262,275,276,277,288,321,390,395,398,640,648,765,835,836,855,858,861,927,946,948,1051,1054,1093,1121,1145,1146,1214,1363,1365,1474,1529,1595,1814,1920,2489,2490,2503,2559,2583,2627,2638,2662,2986,3161,3291,3329,3581,3618,4087,4733,4791,5253,5612,5951,5959,5963,5966,5968,5976,5980,5987,5992,6151,6556,6583,6611,6727,6729,7132,7134,7419,7420,7421,7422,
130;0;4553;4715;0;87,93,95,144,149,225,262,275,276,277,288,321,390,395,398,640,648,765,835,836,855,858,861,927,946,948,1051,1054,1093,1121,1145,1146,1214,1363,1365,1474,1529,1595,1814,1920,2489,2490,2503,2559,2583,2627,2638,2662,2986,3161,3291,3329,3581,3618,4087,4733,4791,5253,5612,5951,5959,5963,5966,5968,5976,5980,5987,5992,6151,6556,6583,6611,6727,6729,7132,7134,7335,7336,7410,7411,
130;1;4715;4788;0;19,87,93,95,144,149,188,225,262,275,276,277,288,321,390,395,398,640,648,736,765,835,836,855,858,861,875,927,946,948,1051,1054,1093,1121,1145,1146,1214,1363,1365,1474,1529,1595,1814,1920,2305,2489,2490,2503,2559,2583,2627,2638,2662,2986,3161,3291,3329,3581,3618,3627,3740,3741,4087,4733,4791,5253,5612,5951,5959,5963,5966,5968,5976,5980,5987,5992,6151,6556,6583,6611,
39;0;4788;4902;0;19,87,93,95,144,149,188,225,262,275,276,277,288,321,390,395,398,640,648,736,765,835,836,855,858,861,875,927,946,948,1051,1054,1093,1121,1145,1146,1214,1363,1365,1474,1529,1595,1814,1920,2305,2489,2490,2503,2559,2583,2622,2627,2638,2662,2677,2986,3161,3291,3329,3581,3618,3627,3740,3741,4087,4733,4791,5253,5612,5951,5959,5963,5966,5968,5976,5980,5987,5992,6151,6556,
39;1;4902;5006;0;19,87,93,95,144,149,177,181,188,225,262,267,268,272,275,276,277,286,288,305,306,310,313,314,321,390,395,398,595,640,648,736,765,835,836,855,858,861,875,911,927,946,948,1051,1054,1093,1121,1131,1145,1146,1214,1236,1363,1365,1429,1430,1474,1529,1595,1655,1676,1814,1920,2117,2305,2489,2490,2503,2559,2583,2622,2627,2638,2662,2677,2986,3161,3291,3627,4791,
160;0;5006;5181;0;24,95,103,142,144,149,189,289,294,315,379,380,390,394,399,400,430,445,555,1051,1054,1055,1061,1145,1149,1214,1231,1278,1279,1363,1450,1513,1567,1604,1726,1809,1822,1823,1824,1825,1826,1827,1828,1829,1830,1831,1832,1922,1937,2150,2380,2543,2836,2897,2898,2899,2900,2901,2902,2903,2904,2905,2906,2907,2908,2909,2910,2911,2912,2913,3395,3409,3546,3611,3722,4450,5111,7009,7884,7885,
160;1;5181;5215;0;24,95,103,142,144,149,189,289,294,315,379,380,390,394,399,400,430,445,555,1051,1054,1055,1061,1145,1149,1214,1231,1278,1279,1363,1450,1513,1567,1604,1726,1809,1822,1823,1824,1825,1826,1827,1828,1829,1830,1831,1832,1922,1937,2150,2380,2543,2836,2897,2898,2899,2900,2901,2902,2903,2904,2905,2906,2907,2908,2909,2910,2911,2912,2913,3395,3409,3546,3611,3722,4450,5111,7009,7884,7885,
Machine: 4
487;0;0;5;1;27,38,61,137,144,205,262,288,301,377,398,429,838,891,926,939,1118,1134,1293,1425,1476,1478,1484,1541,1558,1580,1596,1675,1768,1897,1935,2022,2292,2370,2587,2904,3133,3314,3345,3436,3634,3665,3778,4424,4436,4437,4473,4482,4483,4484,4485,4486,4537,5088,5248,5251,5298,5452,5695,5697,5698,5700,5702,5807,5808,5809,5810,5811,5812,5813,5814,5815,5816,5817,8702,8703,8704,8705,8706,8707,
355;0;5;41;1;27,38,61,137,144,205,262,288,301,377,398,429,838,891,926,939,1118,1134,1293,1425,1476,1478,1484,1541,1558,1580,1596,1675,1768,1897,1935,2022,2292,2370,2587,2904,3133,3314,3345,3436,3634,3665,3778,4424,4436,4437,4473,4482,4483,4484,4485,4486,4537,5088,5248,5251,5298,5452,5695,5697,5698,5700,5702,5807,5808,5809,5810,5811,5812,5813,5814,5815,5816,5817,8702,8703,8704,8705,8706,8707,
397;0;41;85;1;27,38,61,137,144,145,146,149,205,262,288,301,316,377,398,429,591,838,852,854,855,891,926,939,949,1118,1134,1165,1293,1476,1478,1484,1675,1768,2247,2292,2370,2371,2583,2587,2707,2738,2904,3133,3345,3436,3438,3634,4424,4437,4473,4537,4658,5248,5251,5298,5452,5695,5697,5698,5700,5702,5807,5808,5809,5810,5811,5812,5813,5814,5815,5816,5817,5818,5819,5820,5821,5822,5823,5824,
137;0;85;124;1;27,38,61,137,144,145,146,149,205,262,288,301,316,351,377,398,429,591,677,765,838,852,854,855,891,926,939,949,1118,1134,1165,1293,1476,1478,1484,1675,1768,2247,2292,2370,2371,2583,2587,2627,2645,2678,2679,2707,2738,2774,2775,2778,2904,3133,3345,3436,3438,3447,3634,4332,4424,4437,4473,4537,4600,4604,4627,4658,4852,4853,4854,4855,4856,4857,4858,4859,4860,5248,5251,5298,
137;1;124;133;1;27,38,61,137,144,145,146,149,205,262,288,301,316,351,377,398,429,528,591,677,765,838,852,854,855,891,926,939,949,1118,1134,1165,1277,1278,1282,1288,1292,1293,1322,1476,1478,1484,1675,1768,2101,2247,2292,2370,2371,2583,2587,2627,2645,2678,2679,2707,2738,2774,2775,2778,2904,3133,3345,3436,3438,3447,3634,4332,4424,4437,4473,4537,4600,4604,4627,4658,4852,4853,4854,4855,
100;0;133;168;1;24,27,34,38,54,60,61,137,144,145,146,149,205,262,288,301,316,351,377,398,429,528,591,677,759,765,838,852,854,855,891,926,939,949,1118,1134,1165,1277,1278,1282,1288,1292,1293,1322,1476,1478,1484,1675,1723,1768,2101,2247,2292,2370,2371,2512,2583,2587,2627,2645,2678,2679,2707,2738,2774,2775,2778,2904,3133,3345,3436,3438,3447,3634,4332,4437,4600,4604,6686,6687,
100;1;168;184;1;24,27,34,38,54,60,61,137,144,145,146,149,205,262,288,301,314,316,351,377,398,429,528,591,677,759,765,838,852,854,855,891,926,939,949,1046,1118,1134,1165,1277,1278,1282,1288,1292,1293,1322,1442,1476,1478,1484,1567,1675,1723,1768,2101,2247,2292,2299,2370,2371,2512,2583,2627,2645,2678,2679,2774,2775,2778,2904,3345,4437,4600,4604,5054,6401,6418,6419,8544,8545,
375;0;184;248;1;24,27,34,38,54,60,61,137,144,145,146,149,205,262,288,301,314,316,351,377,398,429,528,581,591,677,759,765,838,852,854,855,891,926,939,949,1046,1118,1134,1165,1277,1278,1282,1288,1292,1293,1322,1442,1476,1478,1484,1567,1675,1723,1768,2101,2247,2259,2292,2299,2370,2371,2512,2583,2627,2645,2678,2679,2774,2775,2778,2904,3345,4437,4600,4604,5054,6401,6418,6419,
389;0;248;260;0;24,27,34,38,54,60,61,137,144,145,146,149,205,262,288,301,314,316,351,377,398,429,528,581,591,677,759,765,838,852,854,855,891,926,939,949,1046,1118,1134,1165,1277,1278,1282,1288,1292,1293,1322,1442,1476,1478,1484,1567,1675,1723,1768,2101,2247,2259,2292,2299,2370,2371,2512,2583,2627,2645,2678,2679,2774,2775,2778,2904,3345,4437,4600,4604,5054,6401,6418,9030,
5;0;260;435;0;24,26,27,34,38,54,60,61,137,144,145,146,149,156,205,262,288,301,314,316,351,377,398,429,528,581,591,677,759,765,838,852,854,855,891,926,939,949,1046,1118,1134,1165,1277,1278,1282,1288,1292,1293,1322,1442,1476,1478,1484,1567,1675,1723,1768,2101,2177,2247,2627,2645,2678,2679,2774,2775,2778,2904,2941,3345,3988,4437,4462,4600,4604,6015,6401,6706,7370,7371,
5;1;435;583;0;24,26,27,34,38,54,60,61,137,144,145,146,149,156,205,262,288,301,314,316,351,377,398,429,528,581,591,677,759,765,838,852,854,855,891,926,939,949,1046,1118,1134,1165,1277,1278,1282,1288,1292,1293,1322,1442,1476,1478,1484,1567,1675,1723,1768,2101,2150,2172,2239,2240,2627,2645,2678,2679,2774,2775,2778,2861,2873,2904,3345,3720,3721,3753,4437,4600,4604,6401,
4;0;583;705;0;24,26,27,34,38,54,60,61,79,137,144,145,146,149,156,189,205,262,288,301,314,316,351,377,398,429,491,528,578,581,591,677,759,765,838,852,854,855,891,926,939,949,979,1046,1118,1134,1165,1277,1278,1282,1288,1292,1293,1322,1442,1476,1478,1484,1567,1587,1675,2627,2645,2678,2679,2774,2775,2778,2873,2904,3345,3721,3753,4135,4437,4600,4604,4913,6401,8695,
4;1;705;856;0;19,20,24,30,34,43,50,95,231,277,288,290,438,677,764,766,838,843,931,1118,1476,1478,1669,1922,2092,2168,2197,2254,2255,2256,2337,2354,2498,2626,2645,2661,2774,2775,2778,3099,3182,3183,3210,3263,3483,3484,3485,3486,3488,3489,3490,3491,3492,3493,3494,3496,3497,3498,3499,3608,3651,3659,3660,3970,4600,4740,5053,5230,5340,5901,6475,7397,7403,7404,7405,7406,7444,7445,8468,8469,
94;0;856;888;0;19,20,24,30,34,43,50,95,231,277,288,290,438,677,764,766,838,843,931,1118,1476,1478,1669,1922,2092,2168,2197,2254,2255,2256,2337,2354,2498,2626,2645,2661,2774,2775,2778,3099,3182,3183,3210,3263,3483,3484,3485,3486,3488,3489,3490,3491,3492,3493,3494,3496,3497,3498,3499,3608,3651,3659,3660,3970,4600,4740,5053,5230,5340,5901,6475,7397,7403,7404,7405,7406,7444,7445,8468,8469,
94;1;888;1057;0;19,20,24,30,34,43,50,95,231,277,288,290,438,677,764,766,838,843,931,1118,1476,1478,1669,1922,2092,2168,2197,2254,2255,2256,2337,2354,2498,2626,2645,2661,2774,2775,2778,3099,3182,3183,3210,3263,3483,3484,3485,3486,3488,3489,3490,3491,3492,3493,3494,3496,3497,3498,3499,3608,3651,3659,3660,3970,4600,4740,5053,5230,5340,5901,6475,7397,7403,7404,7405,7406,7444,7445,8468,8469,
134;0;1057;1109;0;19,20,24,30,34,43,50,95,231,277,288,290,438,677,764,766,838,843,931,1118,1476,1478,1669,1922,2092,2168,2197,2254,2255,2256,2337,2354,2498,2626,2645,2661,2774,2775,2778,3099,3182,3183,3210,3263,3483,3484,3485,3486,3488,3489,3490,3491,3492,3493,3494,3496,3497,3498,3499,3608,3651,3659,3660,3970,4600,4740,5053,5230,5340,5901,6475,7397,7403,7404,7405,7406,7444,7445,8468,8469,
134;1;1109;1246;0;19,20,24,30,34,43,50,95,231,277,288,290,438,677,764,766,838,843,931,1118,1476,1478,1669,1922,2092,2168,2197,2254,2255,2256,2337,2354,2498,2626,2645,2661,2774,2775,2778,3099,3182,3183,3210,3263,3483,3484,3485,3486,3488,3489,3490,3491,3492,3493,3494,3496,3497,3498,3499,3608,3651,3659,3660,3970,4600,4740,5053,5230,5340,5901,6475,7397,7403,7404,7405,7406,7444,7445,8468,8469,
408;0;1246;1426;0;19,20,24,30,34,43,50,95,231,277,288,290,438,677,764,766,838,843,931,1118,1476,1478,1669,1922,2092,2168,2197,2254,2255,2256,2337,2354,2498,2626,2645,2661,2774,2775,2778,3099,3182,3183,3210,3263,3483,3484,3485,3486,3488,3489,3490,3491,3492,3493,3494,3496,3497,3498,3499,3608,3651,3659,3660,3970,4600,4740,5053,5230,5340,5901,6475,7397,7403,7404,7405,7406,7444,7445,8468,8469,
79;0;1440;1503;0;19,20,24,30,34,43,50,95,197,231,277,288,290,438,466,677,764,766,826,838,843,931,1118,1267,1341,1476,1478,1669,1781,1922,2092,2168,2197,2254,2255,2256,2337,2354,2498,2626,2645,2661,2774,2775,2778,3099,3182,3183,3210,3263,3410,3483,3484,3485,3486,3488,3489,3490,3491,3492,3493,3494,3496,3497,3498,3499,3608,3651,3659,3774,4487,4488,5053,5471,5682,5901,7671,8469,8836,8838,
79;1;1503;1599;0;3,24,95,136,144,225,226,231,277,288,290,400,436,677,826,838,931,1118,1126,1267,1470,1476,1478,1486,1609,1661,1668,1679,1807,1920,2053,2109,2114,2118,2120,2123,2124,2125,2128,2129,2130,2132,2134,2135,2140,2142,2143,2197,2337,2774,2775,2854,2855,2953,3099,3774,4487,4488,4511,4533,4534,4543,4546,4551,4553,4554,4555,4656,4676,4677,4678,4679,4680,4681,4682,5471,5682,6665,7671,8469,
401;0;1599;1749;0;3,24,95,136,137,144,225,226,231,277,288,290,390,398,400,436,677,826,838,931,1048,1051,1118,1126,1145,1267,1358,1470,1476,1478,1486,1604,1609,1661,1668,1679,1725,1805,1807,1920,1945,1970,1971,2053,2109,2114,2118,2120,2123,2124,2125,2128,2129,2130,2132,2134,2135,2140,2142,2143,2197,2337,2774,2775,2854,2855,2953,3099,3774,4487,4488,4511,4533,4534,4543,4553,5471,5682,7671,8469,
61;0;1749;1845;0;3,24,53,95,136,137,144,225,226,231,277,288,290,390,398,400,436,528,581,677,826,838,931,1048,1051,1118,1126,1145,1267,1358,1470,1476,1478,1486,1604,1609,1661,1668,1679,1725,1805,1807,1920,1945,1970,1971,2053,2109,2114,2118,2120,2123,2124,2125,2128,2129,2130,2132,2134,2135,2140,2197,2337,2774,2775,3099,3774,3797,3798,3799,3800,3801,3802,4487,4488,4553,5471,5682,7671,8469,
61;1;1845;1897;0;3,24,137,140,144,225,231,262,270,277,288,290,291,292,351,377,386,398,400,404,528,647,678,694,920,926,1093,1117,1118,1145,1170,1378,1380,1475,1476,1477,1501,1521,1762,1945,2120,2127,2657,2815,2904,3099,3712,4034,4093,4390,4470,4472,4545,4572,4573,4574,4575,4576,4577,4578,4579,4580,4581,4582,4583,4584,4585,4586,4587,4588,4589,4590,4591,4592,4593,4594,4595,4596,4597,8469,
349;0;1897;2039;0;3,24,137,139,140,144,225,231,262,270,277,288,290,291,292,351,377,386,391,398,400,404,429,528,647,678,694,775,920,926,948,1093,1117,1118,1145,1146,1170,1378,1380,1398,1472,1475,1476,1477,1501,1521,1762,1945,2120,2127,2657,2815,2816,2904,2951,3099,3712,4034,4093,4390,4470,4472,4545,4572,4573,4574,4575,4576,4577,4578,4579,4580,4581,4582,4583,4584,4585,4821,5739,8469,
433;0;2039;2173;0;2,3,24,74,79,137,139,144,178,204,225,228,262,277,288,290,292,329,379,395,396,398,400,404,429,502,506,528,647,787,790,854,855,884,898,948,949,960,1027,1057,1117,1118,1134,1145,1146,1162,1181,1293,1359,1474,1476,1481,1680,1941,1942,1943,1944,1945,1973,1996,2070,2224,2400,2816,3099,3348,3511,3527,3580,3581,3582,3948,4114,4115,4545,5182,5206,5223,5224,8469,
454;0;2173;2287;0;2,3,24,74,79,137,139,144,178,204,225,228,262,277,288,290,292,329,379,395,396,398,400,404,429,502,506,528,647,787,790,854,855,884,898,948,949,960,1027,1057,1117,1118,1134,1145,1146,1162,1181,1293,1359,1474,1476,1481,1680,1941,1942,1943,1944,1945,1973,1996,2070,2224,2400,2816,3099,3348,3511,3527,3580,3581,3582,3948,4114,4115,4545,5182,5206,5223,5224,8469,
358;0;2287;2396;0;2,3,24,74,79,137,139,144,178,204,225,228,262,277,288,290,292,329,379,395,396,398,400,404,429,502,506,528,647,787,790,854,855,884,898,948,949,960,1027,1057,1117,1118,1134,1145,1146,1162,1181,1293,1359,1474,1476,1481,1680,1941,1942,1943,1944,1945,1973,1996,2070,2224,2400,2816,3099,3348,3511,3527,3580,3581,3582,3948,4114,4115,4545,5182,5206,5223,5224,8469,
50;0;2396;2437;0;2,3,24,74,79,137,139,144,178,204,225,228,262,277,288,290,292,329,379,395,396,398,400,404,429,502,506,528,647,787,790,854,855,884,898,948,949,960,1027,1057,1117,1118,1134,1145,1146,1162,1181,1293,1359,1474,1476,1481,1680,1941,1942,1943,1944,1945,1973,1996,2070,2224,2400,2816,3099,3348,3511,3527,3580,3581,3582,3948,4114,4115,4545,5182,5206,5223,5224,8469,
50;1;2437;2503;0;2,3,24,74,79,137,139,144,178,204,225,228,262,277,288,290,292,329,379,395,396,398,400,404,429,502,506,528,647,787,790,854,855,884,898,948,949,960,1027,1057,1117,1118,1134,1145,1146,1162,1181,1293,1359,1474,1476,1481,1680,1941,1942,1943,1944,1945,1973,1996,2070,2224,2400,2816,3099,3348,3511,3527,3580,3581,3582,3948,4114,4115,4545,5182,5206,5223,5224,8469,
361;0;2503;2606;0;2,3,24,74,79,137,139,144,178,204,225,228,262,277,288,290,292,329,379,395,396,398,400,404,429,502,506,528,647,787,790,854,855,884,898,948,949,960,1027,1057,1117,1118,1134,1145,1146,1162,1181,1293,1359,1474,1476,1481,1680,1941,1942,1943,1944,1945,1973,1996,2070,2224,2400,2816,3099,3348,3511,3527,3580,3581,3582,3948,4114,4115,4545,5182,5206,5223,5224,8469,
447;0;2880;2979;0;2,3,24,74,79,137,139,144,178,204,225,228,248,262,277,288,290,292,329,379,395,396,398,400,404,429,502,506,528,529,647,787,790,854,855,884,898,948,949,960,991,1027,1057,1117,1118,1134,1145,1146,1162,1181,1269,1291,1293,1329,1359,1474,1476,1481,1512,1680,1778,1941,1942,1943,1944,2228,2265,2306,2816,2873,3527,3703,3721,4114,4308,4353,4545,5206,5781,8469,
139;0;2979;3063;0;2,3,24,74,79,137,139,144,178,204,225,228,248,262,277,288,290,292,329,379,395,396,398,400,404,429,502,506,528,529,647,787,790,854,855,884,898,948,949,960,991,1027,1057,1117,1118,1134,1145,1146,1162,1181,1269,1291,1293,1329,1359,1474,1476,1481,1512,1680,1778,1941,1942,1943,1944,2228,2265,2306,2816,2873,3527,3703,3721,4114,4308,4353,4545,5206,8469,8470,
139;1;3063;3075;0;2,3,24,74,79,137,139,144,178,204,225,228,248,262,277,288,290,292,329,379,395,396,398,400,404,429,502,506,528,529,647,787,790,854,855,884,898,948,949,960,991,1027,1057,1089,1117,1118,1134,1145,1146,1162,1181,1269,1291,1293,1329,1359,1474,1476,1481,1512,1680,1778,1941,1942,1943,1944,2228,2265,2306,2816,2873,3527,3627,3703,3721,3979,4114,4545,5206,7950,
486;0;3075;3167;0;2,3,24,74,79,137,139,144,178,204,225,228,248,262,277,288,290,292,329,379,395,396,398,400,404,429,502,506,528,529,647,787,790,854,855,884,898,948,949,960,991,1027,1057,1089,1117,1118,1134,1145,1146,1162,1181,1269,1291,1293,1329,1359,1474,1476,1481,1512,1680,1778,1941,1942,1943,1944,2228,2265,2306,2816,2873,3527,3627,3703,4114,4545,5206,8493,8494,8495,
383;0;3167;3245;0;2,3,24,74,79,137,139,144,178,204,225,228,248,262,277,288,290,292,329,333,379,395,396,398,400,404,429,502,506,528,529,647,787,790,854,855,884,898,948,949,960,991,1027,1057,1089,1117,1118,1134,1145,1146,1162,1181,1233,1236,1269,1291,1293,1329,1359,1474,1476,1478,1481,1512,1680,1749,1778,1941,1942,1943,1944,2228,2816,3527,3703,4114,4545,4553,5206,6850,
74;0;3245;3281;0;2,3,24,74,79,137,139,144,145,178,204,225,228,248,262,277,288,290,292,329,333,379,395,396,398,400,404,429,502,506,528,529,647,787,790,854,855,884,898,948,949,960,991,1027,1057,1089,1117,1118,1134,1145,1146,1162,1181,1233,1236,1269,1291,1293,1329,1359,1474,1476,1478,1481,1512,1680,1749,1778,1941,1942,1943,1944,2228,2816,3527,3703,4114,4545,4553,5206,
74;1;3281;3320;0;2,3,24,74,79,137,139,144,145,178,204,225,228,248,262,277,288,290,292,329,333,379,395,396,398,400,404,429,502,506,528,529,647,787,790,854,855,884,898,948,949,960,991,1027,1057,1089,1117,1118,1134,1145,1146,1162,1181,1233,1236,1269,1291,1293,1329,1359,1474,1476,1478,1481,1512,1680,1749,1778,1941,1942,1943,2816,3527,3703,4114,4545,4553,5206,8484,8485,
480;0;3320;3389;0;2,3,7,24,74,79,95,137,139,142,143,144,145,178,204,225,228,262,277,288,290,292,321,329,379,390,395,396,398,404,429,439,528,529,591,647,838,854,855,898,927,948,949,1056,1057,1062,1092,1117,1118,1134,1145,1146,1236,1291,1293,1370,1373,1375,1474,1478,1481,1811,2509,2531,2614,2816,3286,3527,3703,4018,4114,4545,4553,5206,6263,6413,6414,6415,6416,6417,
485;0;3389;3449;0;7,24,79,95,137,144,145,225,262,288,290,292,297,329,341,390,395,398,429,439,528,529,591,677,715,834,838,898,927,949,1057,1073,1118,1134,1146,1236,1291,1293,1308,1395,1451,1478,1481,1489,1915,2253,2338,2627,2637,2675,2677,2684,2686,2691,2770,2774,2775,2776,3292,3534,3703,4114,4361,4365,4567,4635,5329,5344,6263,7458,7626,8528,8686,8687,8688,8689,8690,8691,8692,8693,
99;0;3449;3488;0;7,24,26,79,95,137,144,145,225,255,262,288,290,292,297,329,341,390,395,398,429,439,528,529,591,677,715,834,838,898,927,949,1057,1073,1118,1134,1146,1236,1278,1286,1287,1291,1293,1308,1395,1451,1478,1481,1489,1915,2253,2338,2419,2627,2637,2675,2677,2684,2686,2691,2770,2774,2775,2776,3292,3534,3703,4114,4361,4365,4567,4635,5316,5329,5344,6263,7035,7458,7626,8528,
99;1;3488;3506;0;7,8,24,26,79,95,137,144,145,225,255,262,288,290,292,297,329,341,390,392,394,395,398,429,439,528,529,591,677,715,834,838,898,927,949,1049,1050,1051,1052,1053,1054,1057,1058,1059,1073,1118,1134,1146,1236,1278,1286,1287,1291,1293,1308,1395,1451,1478,1481,1489,1915,2253,2338,2419,2627,2637,2675,2677,2684,2686,2691,2770,2774,2775,2776,3292,3703,4114,5344,6263,
341;0;3506;3539;0;7,8,24,26,79,95,137,144,145,225,255,262,288,290,292,297,329,341,390,392,394,395,398,428,429,439,528,529,591,677,715,834,838,898,927,949,1049,1050,1051,1052,1053,1054,1057,1058,1059,1073,1118,1134,1146,1236,1278,1286,1287,1291,1293,1308,1395,1451,1478,1481,1489,1915,2253,2338,2419,2627,2637,2675,2677,2684,2686,2691,2770,2774,2775,2776,3703,4114,5344,6263,
347;0;3539;3568;0;7,8,24,26,79,95,137,144,145,198,225,255,262,288,290,292,297,329,341,390,392,394,395,398,428,429,439,528,529,591,677,715,834,838,898,927,949,1015,1049,1050,1051,1052,1053,1054,1057,1058,1059,1073,1118,1134,1146,1236,1278,1286,1287,1291,1293,1308,1395,1451,1478,1481,1489,1915,2253,2338,2419,2627,2637,2675,2677,2774,2775,2776,3703,4114,4437,5290,5344,6263,
490;0;3568;3592;0;7,8,24,26,79,95,137,144,145,198,225,255,262,288,290,292,297,329,341,390,392,394,395,398,428,429,439,528,529,591,677,715,834,838,898,927,949,1015,1049,1050,1051,1052,1053,1054,1057,1058,1059,1073,1118,1134,1146,1236,1278,1286,1287,1291,1293,1308,1395,1451,1478,1481,1489,1915,2253,2419,2627,2677,2774,2775,2776,2943,3703,4114,5344,6263,8559,9031,9032,9033,
475;0;3592;3611;0;24,28,46,55,79,137,144,145,225,255,262,288,290,292,329,390,395,398,429,439,503,529,591,677,715,838,898,927,949,979,1052,1058,1118,1134,1146,1236,1286,1287,1291,1293,1308,1478,1481,1562,1716,1915,2018,2036,2074,2090,2419,2627,2677,2774,2775,2776,2890,3006,3246,3449,3703,3808,3906,4114,4165,4273,5344,6263,8551,8559,9031,9041,9131,9137,9138,9139,9140,9141,9142,9143,
414;0;3611;3692;1;24,28,46,55,79,137,144,145,225,255,262,288,290,292,329,390,395,398,429,439,503,529,591,677,715,838,898,927,949,979,1052,1058,1118,1134,1146,1236,1286,1287,1291,1293,1308,1478,1481,1562,1716,1915,2018,2036,2074,2090,2419,2627,2677,2774,2775,2776,2890,3006,3246,3449,3703,3808,3906,4114,4165,4273,5344,6263,8551,8559,9031,9041,9131,9137,9138,9139,9140,9141,9142,9143,
434;0;4320;4406;1;144,177,262,267,272,273,287,288,289,290,291,295,303,305,306,308,313,395,434,442,595,890,891,892,893,894,895,896,897,898,899,900,901,902,903,904,905,906,907,908,909,910,911,912,913,915,916,917,918,919,920,921,922,923,924,925,926,927,928,929,930,931,932,933,934,935,936,937,938,939,940,941,942,943,1287,3616,3617,3618,3619,3620,
494;0;4406;4496;1;24,61,144,177,262,267,272,273,287,288,289,290,291,295,303,305,306,308,313,395,434,442,595,887,890,891,892,893,894,895,896,897,898,899,900,901,902,903,904,905,906,907,908,909,910,911,912,913,915,916,917,918,919,920,921,922,923,924,925,926,927,928,929,930,931,932,938,1287,2221,2264,2279,2934,3005,3618,3870,6869,7971,8332,8523,9074,
413;0;4496;4618;1;24,61,144,177,262,267,272,273,287,288,289,290,291,295,303,305,306,308,313,340,395,434,442,595,851,887,890,891,892,893,894,895,896,897,898,899,900,901,902,903,904,905,906,907,908,909,910,911,912,913,915,916,917,918,919,920,921,922,923,924,925,926,927,928,929,930,931,938,1287,1481,3618,6517,8190,8196,8198,8199,8200,8201,8202,8203,
495;0;4618;4745;1;24,61,144,177,262,267,272,273,287,288,289,290,291,295,303,305,306,308,313,340,395,434,442,595,851,887,890,891,892,893,894,895,896,897,898,899,900,901,902,903,904,905,906,907,908,909,910,911,912,913,915,916,917,918,919,920,921,922,923,924,925,926,927,928,929,930,931,938,1287,1293,1322,1481,3606,3618,3703,4952,5606,5607,6517,8190,
387;0;4745;4876;1;24,61,144,177,189,249,262,267,272,273,287,288,289,290,291,295,303,305,306,308,313,340,395,434,442,529,595,851,887,890,891,892,893,894,895,896,897,898,899,900,901,902,903,904,905,906,907,908,909,910,911,912,913,915,916,917,918,919,920,921,922,923,924,925,927,938,1282,1287,1291,1293,1481,2258,2309,2407,2419,3256,3618,3703,3753,6657,
158;0;4876;4907;1;24,27,61,144,177,189,249,255,262,267,272,273,287,288,289,290,291,295,303,305,306,308,313,340,395,434,442,529,595,826,851,887,890,891,892,893,894,895,896,897,898,899,900,901,902,903,904,905,906,907,908,909,910,911,912,921,922,927,938,1267,1270,1286,1287,1293,1481,1685,2091,2197,2337,3015,3411,3618,3774,4487,4488,5162,5471,5682,7671,8836,
158;1;4907;5012;1;24,27,61,144,177,189,249,255,262,267,272,273,287,288,289,290,291,295,303,305,306,308,313,340,395,434,442,529,595,632,826,851,887,890,891,892,893,894,895,896,897,898,899,900,901,902,903,904,905,906,907,908,909,910,911,912,921,922,927,938,1267,1270,1286,1287,1293,1481,1549,1685,1936,2018,2091,2197,2198,2199,2337,2847,2848,3618,3978,3980,
83;0;5012;5092;1;24,27,61,79,127,144,177,189,206,224,225,262,272,288,289,290,291,292,295,305,308,313,395,412,439,442,564,591,595,640,890,891,898,901,921,922,927,938,979,1118,1134,1146,1151,1236,1293,1478,1481,1513,1763,1898,1915,1916,2091,2337,2645,2677,2679,2688,2804,2849,2950,3618,5053,5540,5659,5668,6389,6401,7188,7655,7656,8095,8166,8368,8406,8407,8408,8409,8410,8411,
83;1;5092;5157;1;24,27,61,79,127,144,177,189,206,224,225,262,272,288,289,290,291,292,295,305,308,313,395,412,439,442,564,591,595,640,890,891,898,901,921,922,927,938,979,1118,1134,1146,1151,1236,1293,1478,1481,1513,1763,1898,1915,1916,2091,2337,2645,2677,2679,2688,2804,2849,2950,3618,5053,5540,5659,5668,6389,6401,7188,7655,7656,8095,8166,8368,8406,8407,8408,8409,8410,8411,
Machine: 5
390;0;0;8;1;97,137,144,145,156,225,231,277,288,289,292,351,382,400,404,429,505,640,715,729,773,838,912,1036,1055,1146,1167,1170,1200,1359,1361,1376,1401,1435,1474,1477,1478,1480,1481,1558,1814,1834,1835,1836,1840,1843,2080,2116,2179,2247,2330,2355,2370,2530,2849,2957,3037,3126,3249,3630,3774,3847,4064,4285,4322,4323,4430,4500,4545,4575,5742,5792,5834,5835,6015,6129,6686,7408,8059,8238,
452;0;8;172;0;97,137,144,145,156,225,231,277,288,289,292,351,382,400,404,429,505,640,715,729,773,838,912,1036,1055,1146,1167,1170,1200,1359,1361,1376,1401,1435,1474,1477,1478,1480,1481,1558,1814,1834,1835,1836,1840,1843,2080,2116,2179,2247,2330,2355,2370,2530,2849,2957,3037,3126,3249,3630,3774,3847,4064,4285,4322,4323,4430,4500,4545,4575,5742,5792,5834,5835,6015,6129,6686,7408,8059,8238,
0;0;172;200;0;97,137,144,145,156,225,231,277,288,289,292,351,382,400,404,429,505,640,715,729,773,838,912,1036,1055,1146,1167,1170,1200,1359,1361,1376,1401,1435,1474,1477,1478,1480,1481,1558,1814,1834,1835,1836,1840,1843,2080,2116,2179,2247,2330,2355,2370,2530,2849,2957,3037,3126,3249,3630,3774,3847,4064,4285,4322,4323,4430,4500,4545,4575,5742,5792,5834,5835,6015,6129,6686,7408,8059,8238,
0;1;200;236;0;97,137,144,145,156,225,231,277,288,289,292,351,382,400,404,429,505,640,715,729,773,838,912,1036,1055,1146,1167,1170,1200,1359,1361,1376,1401,1435,1474,1477,1478,1480,1481,1558,1814,1834,1835,1836,1840,1843,2080,2116,2179,2247,2330,2355,2370,2530,2849,2957,3037,3126,3249,3630,3774,3847,4064,4285,4322,4323,4430,4500,4545,4575,5742,5792,5834,5835,6015,6129,6686,7408,8059,8238,
376;0;236;288;0;97,137,144,145,156,225,231,277,288,289,292,351,382,400,404,429,505,640,715,729,773,838,912,1036,1055,1146,1167,1170,1200,1359,1361,1376,1401,1435,1474,1477,1478,1480,1481,1558,1814,1834,1835,1836,1840,1843,2080,2116,2179,2247,2330,2355,2370,2530,2849,2957,3037,3126,3249,3630,3774,3847,4064,4285,4322,4323,4430,4500,4545,4575,5742,5792,5834,5835,6015,6129,6686,7408,8059,8238,
351;0;288;308;1;97,137,144,145,156,225,231,277,288,289,292,351,382,400,404,429,505,640,715,729,773,838,912,1036,1055,1146,1167,1170,1200,1359,1361,1376,1401,1435,1474,1477,1478,1480,1481,1558,1814,1834,1835,1836,1840,1843,2080,2116,2179,2247,2330,2355,2370,2530,2849,2957,3037,3126,3249,3630,3774,3847,4064,4285,4322,4323,4430,4500,4545,4575,5742,5792,5834,5835,6015,6129,6686,7408,8059,8238,
444;0;308;332;1;88,97,137,144,145,156,225,231,277,288,289,292,351,382,400,404,429,505,608,640,715,729,767,773,814,838,854,912,1036,1055,1146,1167,1170,1200,1359,1361,1376,1395,1401,1435,1474,1477,1478,1480,1481,1558,1814,1834,1835,1836,1840,1843,1914,1915,2080,2091,2116,2179,2247,2330,2355,2370,2530,2670,2677,2849,2898,2957,2988,3037,4093,4545,5454,5511,6098,6099,6129,7217,7423,8238,
396;0;332;361;1;54,88,97,137,144,145,156,225,231,277,288,289,292,351,382,400,404,429,505,518,608,640,715,729,767,773,803,814,838,854,912,995,1036,1055,1146,1167,1170,1188,1200,1293,1359,1361,1376,1395,1401,1435,1474,1477,1478,1480,1481,1558,1580,1814,1834,1835,1836,1840,1843,1915,1936,2091,2179,2247,2486,2519,2677,2849,2916,2988,3037,3708,3966,4545,4706,4909,5430,5431,6129,7423,
425;0;361;398;1;54,88,97,137,144,145,156,225,231,277,288,289,292,351,382,400,404,429,439,505,518,608,640,715,729,767,773,803,814,838,854,911,912,995,1036,1055,1146,1167,1170,1188,1200,1293,1359,1361,1376,1395,1401,1435,1474,1477,1478,1480,1481,1558,1580,1814,1834,1835,1836,1840,1843,1915,1936,2091,2179,2247,2428,2486,2519,2677,2849,2916,2988,3037,3289,3290,3708,4545,6129,7423,
432;0;398;455;1;54,88,97,100,137,144,145,149,156,225,231,262,277,288,289,292,351,377,379,382,400,404,429,439,505,518,608,640,644,647,715,729,767,773,803,814,838,854,911,912,995,1023,1024,1055,1117,1118,1146,1167,1170,1171,1293,1359,1401,1447,1474,1477,1478,1481,1513,1558,1667,1736,1915,1936,1973,2091,2179,2247,2391,2394,2428,2636,2677,2849,2988,3037,3708,4545,6129,7423,
403;0;455;515;1;54,97,100,137,144,145,149,225,231,262,277,288,289,292,351,377,379,400,404,429,439,640,644,647,677,715,773,803,838,854,995,1024,1055,1117,1118,1146,1167,1170,1171,1293,1359,1401,1447,1474,1477,1478,1481,1558,1568,1913,1915,1936,2091,2106,2179,2247,2428,2461,2590,2626,2677,2679,2688,2849,2984,3037,3708,4385,4413,4545,5266,5525,5868,5869,6022,7423,7582,8002,8003,8004,
469;0;515;593;1;54,97,100,137,144,145,149,225,231,262,277,288,289,292,351,377,379,400,404,429,439,640,644,647,677,715,773,803,838,854,995,1024,1055,1117,1118,1146,1167,1170,1171,1293,1359,1401,1447,1474,1477,1478,1481,1558,1568,1913,1915,1936,2022,2091,2106,2179,2247,2428,2461,2590,2626,2677,2679,2688,2849,2984,3037,3708,4385,4413,4545,5266,5525,5868,5869,6022,7423,7582,8002,8003,
8;0;593;727;0;27,54,55,97,144,145,149,225,231,248,262,277,289,377,400,429,439,458,499,640,644,715,803,1117,1118,1167,1170,1171,1272,1277,1280,1293,1359,1401,1447,1477,1558,1577,1582,1781,1782,1897,1936,2151,2239,2247,2263,2268,2827,2836,3056,3057,3058,3059,3060,3061,3062,3063,3064,3065,3066,3067,3068,3403,3703,3728,4026,4435,4442,4450,4468,4545,4888,5462,5463,5464,5510,7889,7964,9017,
8;1;727;900;0;27,54,55,97,144,145,149,225,231,248,262,277,289,377,400,429,439,458,499,640,644,715,803,1117,1118,1167,1170,1171,1272,1277,1280,1293,1359,1401,1447,1477,1558,1577,1582,1781,1782,1897,1936,2151,2239,2247,2263,2268,2827,2836,3056,3057,3058,3059,3060,3061,3062,3063,3064,3065,3066,3067,3068,3403,3703,3728,4026,4435,4442,4450,4468,4545,4888,5462,5463,5464,5510,7889,7964,9017,
90;0;900;1053;0;27,54,55,97,144,145,149,225,231,248,262,277,289,377,400,429,439,458,499,640,644,715,803,1117,1118,1167,1170,1171,1272,1277,1280,1293,1359,1401,1447,1477,1558,1577,1582,1781,1782,1897,1936,2151,2239,2247,2263,2268,2827,2836,3056,3057,3058,3059,3060,3061,3062,3063,3064,3065,3066,3067,3068,3403,3703,3728,4026,4435,4442,4450,4468,4545,4888,5462,5463,5464,5510,7889,7964,9017,
90;1;1440;1588;0;27,54,55,97,144,145,147,149,182,225,226,227,229,231,248,262,266,267,272,273,274,276,277,286,289,301,377,400,429,430,439,458,499,640,644,715,803,1058,1092,1094,1117,1118,1137,1167,1170,1171,1272,1277,1293,1359,1401,1447,1473,1477,1558,1577,1582,1781,1819,1825,1832,1936,2128,2151,2239,2247,2248,2263,2382,3403,3703,4018,4031,4423,4435,4450,4472,4545,5136,5736,
78;0;1588;1711;0;27,54,55,97,144,145,147,149,177,182,225,226,227,229,231,248,262,266,267,269,272,273,274,276,277,286,289,301,377,396,400,429,430,439,458,499,640,644,715,803,1058,1094,1117,1118,1167,1170,1171,1272,1277,1293,1359,1401,1447,1473,1477,1538,1558,1577,1582,1676,1781,1936,2054,2151,2239,2263,3403,3703,4435,4450,4545,4956,4957,4958,4959,4960,4961,4962,4963,5136,
78;1;1711;1862;0;27,54,55,97,139,144,145,147,149,177,182,225,226,229,231,248,262,266,267,274,276,277,289,291,295,301,303,305,310,312,313,314,377,396,400,429,430,438,439,499,640,644,715,803,1058,1094,1117,1118,1167,1170,1171,1272,1277,1293,1359,1401,1447,1473,1477,1558,1577,1582,1781,1936,2107,2151,2239,2244,2263,2462,3403,3703,4435,4450,4545,5136,5144,5153,5154,5155,
89;0;1862;2014;0;27,54,55,97,139,144,145,147,149,177,182,225,226,229,231,248,262,266,267,274,276,277,289,291,295,301,303,377,396,400,429,430,439,499,640,644,715,803,1058,1094,1117,1118,1167,1170,1171,1272,1277,1293,1359,1401,1447,1473,1477,1558,1577,1582,1781,1936,2151,2239,2263,3403,3703,4435,4450,4545,5136,5144,6360,7479,8219,8375,8376,8379,8380,8381,8382,8383,8384,8385,
89;1;2014;2132;0;1,3,55,139,144,147,149,177,225,226,229,231,241,248,262,266,267,274,289,291,301,321,377,391,396,400,429,430,439,499,640,644,715,803,1058,1094,1117,1118,1167,1170,1171,1204,1272,1277,1293,1359,1397,1398,1401,1447,1473,1476,1477,1502,1558,1577,1582,1681,1682,1781,1936,2109,2134,2151,2239,2263,2821,3278,3403,3703,4435,4545,4832,5136,5144,5246,5249,5275,5276,5277,
114;0;2132;2264;0;17,55,144,202,205,206,210,248,267,268,400,430,435,439,522,581,606,609,612,632,644,715,794,803,927,941,987,1057,1094,1099,1196,1346,1406,1417,1425,1540,1558,1560,1671,1936,1992,2094,2201,2222,2223,2315,2413,2564,2715,2937,2941,3099,3345,3883,3886,4225,4230,4475,4637,4982,5134,5135,5136,5137,5138,5139,5140,5141,5142,5143,5144,5145,5146,5147,5148,5149,5150,5151,5152,5180,
114;1;2264;2352;0;17,55,144,202,205,206,210,248,267,268,400,430,435,439,522,581,606,609,612,632,644,715,794,803,927,941,987,1057,1094,1099,1196,1346,1406,1417,1425,1540,1558,1560,1671,1936,1992,2094,2201,2222,2223,2315,2413,2564,2715,2937,2941,3099,3345,3883,3886,4225,4230,4475,4637,4982,5134,5135,5136,5137,5138,5139,5140,5141,5142,5143,5144,5145,5146,5147,5148,5149,5150,5151,5152,5180,
68;0;2352;2483;0;17,55,144,202,205,206,210,248,267,268,400,430,435,439,522,581,606,609,612,632,644,715,794,803,927,941,987,1057,1094,1099,1196,1346,1406,1417,1425,1540,1558,1560,1671,1936,1992,2094,2201,2222,2223,2315,2413,2564,2715,2937,2941,3099,3345,3883,3886,4225,4230,4475,4637,4982,5134,5135,5136,5137,5138,5139,5140,5141,5142,5143,5144,5145,5146,5147,5148,5149,5150,5151,5152,5180,
68;1;2483;2557;0;17,55,144,202,205,206,210,248,267,268,400,430,435,439,522,581,606,609,612,632,644,715,794,803,927,941,987,1057,1094,1099,1196,1346,1406,1417,1425,1540,1558,1560,1671,1936,1992,2094,2201,2222,2223,2315,2413,2564,2715,2937,2941,3099,3345,3883,3886,4225,4230,4475,4637,4982,5134,5135,5136,5137,5138,5139,5140,5141,5142,5143,5144,5145,5146,5147,5148,5149,5150,5151,5152,5180,
120;0;2880;2919;0;17,55,61,144,188,202,205,206,208,210,248,267,268,400,430,435,439,490,491,516,522,547,581,606,609,612,632,644,715,736,794,796,803,927,941,965,987,1057,1094,1099,1196,1283,1346,1406,1417,1425,1540,1558,1560,1671,1936,1992,2094,2201,2222,2223,2305,2315,2413,2564,2715,2937,2941,3099,3345,3883,3886,3993,4225,4230,4475,4637,4982,5134,5135,5136,5137,5139,5146,5857,
120;1;2919;3077;0;17,55,61,95,144,188,202,205,206,208,210,248,267,268,395,400,430,435,439,490,491,516,522,547,581,606,609,612,632,644,715,736,794,796,803,843,927,941,944,946,965,987,1057,1094,1099,1196,1283,1346,1406,1417,1425,1540,1558,1560,1671,1815,1936,1992,2094,2201,2222,2223,2305,2315,2413,2564,2599,2715,2937,2941,3099,3291,3345,3698,3699,3883,3886,3993,5139,5146,
51;0;3077;3121;0;17,55,61,95,137,144,149,188,202,205,206,208,210,248,267,268,308,391,395,400,430,435,439,490,491,516,522,547,581,606,609,612,632,644,715,736,794,796,803,838,843,891,927,938,941,944,946,965,987,1056,1057,1094,1099,1117,1148,1164,1165,1166,1167,1169,1170,1171,1172,1176,1196,1283,1346,1359,1406,1417,1425,1467,1540,1936,2305,2315,2937,3291,5139,5146,
51;1;3121;3267;0;8,17,55,61,95,137,138,144,149,177,188,202,205,206,208,210,248,267,268,271,308,391,395,400,430,435,439,442,490,491,516,522,547,581,606,609,612,632,644,715,736,794,796,803,838,843,891,927,938,941,946,1057,1117,1119,1148,1196,1346,1417,1473,1827,1936,2305,2315,2429,2474,2597,2937,3291,3445,4495,4545,5139,5146,6114,6810,6872,9168,9169,9170,9171,
146;0;3267;3351;0;8,17,55,61,95,137,138,144,149,177,188,202,205,206,208,210,248,267,268,271,308,391,395,400,430,435,439,442,490,491,516,522,547,581,606,609,612,632,644,715,736,794,796,803,838,843,858,891,927,938,941,946,1057,1117,1119,1148,1196,1346,1417,1473,1827,1936,2305,2315,2429,2474,2546,2597,2937,3291,3445,4495,4545,5139,5146,5254,6114,6513,6810,7961,
146;1;3351;3434;0;8,17,55,61,95,137,138,144,149,177,188,202,205,206,208,210,248,267,268,271,308,391,395,400,430,435,439,442,490,491,516,522,547,581,606,609,612,632,644,715,736,794,796,803,838,843,858,891,927,938,941,946,1057,1117,1119,1148,1196,1346,1417,1473,1481,1827,1936,2305,2315,2429,2474,2546,2597,2937,3291,3745,4495,5139,5146,5254,6114,7804,8190,8208,
443;0;3434;3593;0;8,17,55,61,95,137,138,144,149,177,188,198,202,205,206,208,210,248,267,268,271,308,391,395,400,430,435,439,442,490,491,504,516,522,547,581,606,609,612,632,644,715,736,794,796,803,838,891,946,995,1057,1063,1117,1119,1148,1196,1261,1293,1346,1417,1473,1481,1582,1868,1936,2305,2315,2937,3291,3403,3615,3694,4495,4647,4648,4649,5139,5146,6114,7804,
126;0;3593;3662;0;79,95,117,137,149,170,225,321,351,395,396,397,435,838,891,968,1031,1117,1119,1148,2168,2315,2645,2774,2775,2777,2778,2802,3177,3206,3263,3331,3607,3674,3675,3677,3678,3679,3686,3690,3775,4495,4605,4606,4612,4628,4775,5052,5077,5082,5804,5805,6004,6008,6009,6010,6012,6013,6458,6459,6460,6461,6462,6463,6464,6465,6466,6467,6468,6841,7894,7895,7896,8007,8008,8009,8010,8120,8121,8122,
126;1;3662;3742;0;79,95,117,137,149,170,225,321,351,395,396,397,435,838,891,968,1031,1117,1119,1148,2168,2315,2645,2774,2775,2777,2778,2802,3177,3206,3263,3331,3607,3674,3675,3677,3678,3679,3686,3690,3775,4495,4605,4606,4612,4628,4775,5052,5077,5082,5804,5805,6004,6008,6009,6010,6012,6013,6458,6459,6460,6461,6462,6463,6464,6465,6466,6467,6468,6841,7894,7895,7896,8007,8008,8009,8010,8120,8121,8122,
489;0;3742;3876;0;79,95,117,137,149,170,225,321,351,395,396,397,435,838,891,968,1031,1117,1119,1148,2168,2315,2645,2774,2775,2777,2778,2802,3177,3206,3263,3331,3607,3674,3675,3677,3678,3679,3686,3690,3775,4495,4605,4606,4612,4628,4775,5052,5077,5082,5804,5805,6004,6008,6009,6010,6012,6013,6458,6459,6460,6461,6462,6463,6464,6465,6466,6467,6468,6841,7894,7895,7896,8007,8008,8009,8010,8120,8121,8122,
424;0;3876;4004;0;79,95,117,137,149,170,225,321,351,395,396,397,435,838,891,968,1031,1117,1119,1148,2168,2315,2645,2774,2775,2777,2778,2802,3177,3206,3263,3331,3607,3674,3675,3677,3678,3679,3686,3690,3775,4495,4605,4606,4612,4628,4775,5052,5077,5082,5804,5805,6004,6008,6009,6010,6012,6013,6458,6459,6460,6461,6462,6463,6464,6465,6466,6467,6468,6841,7894,7895,7896,8007,8008,8009,8010,8120,8121,8122,
148;0;4004;4048;0;79,95,117,137,149,170,225,321,351,395,396,397,435,838,891,968,1031,1117,1119,1148,2168,2315,2645,2774,2775,2777,2778,2802,3177,3206,3263,3331,3607,3674,3675,3677,3678,3679,3686,3690,3775,4495,4605,4606,4612,4628,4775,5052,5077,5082,5804,5805,6004,6008,6009,6010,6012,6013,6458,6459,6460,6461,6462,6463,6464,6465,6466,6467,6468,6841,7894,7895,7896,8007,8008,8009,8010,8120,8121,8122,
148;1;4048;4112;0;79,95,117,137,149,170,225,321,351,395,396,397,435,838,891,968,1031,1117,1119,1148,2168,2315,2645,2774,2775,2777,2778,2802,3177,3206,3263,3331,3607,3674,3675,3677,3678,3679,3686,3690,3775,4495,4605,4606,4612,4628,4775,5052,5077,5082,5804,5805,6004,6008,6009,6010,6012,6013,6458,6459,6460,6461,6462,6463,6464,6465,6466,6467,6468,6841,7894,7895,7896,8007,8008,8009,8010,8120,8121,8122,
109;0;4320;4380;0;79,95,117,137,149,170,225,291,292,321,351,395,396,397,435,765,838,891,968,1031,1117,1119,1148,1201,1915,2091,2168,2315,2600,2640,2645,2677,2679,2774,2775,2777,2778,2790,2802,3177,3206,3263,3331,3447,3607,3674,3675,3677,3678,3679,3686,3690,3775,4495,4605,4606,4612,4628,4773,4775,5052,5077,5082,5499,5500,5502,5804,5805,6004,6008,6009,6010,6012,6013,6458,6459,6460,6461,6462,6629,
109;1;4380;4419;0;79,95,117,137,139,143,149,170,225,234,288,291,292,297,321,351,379,390,395,396,397,398,435,647,765,838,854,891,898,949,968,1024,1031,1050,1117,1118,1119,1121,1148,1201,1210,1474,1484,1668,1669,1680,1751,1915,2091,2168,2315,2492,2536,2600,2640,2645,2677,2679,2774,2775,2777,2778,2783,2790,2802,3037,3177,3206,3263,3286,3331,3744,4495,4501,4605,5206,5739,6384,6614,7261,
335;0;4419;4512;0;5,79,95,117,137,139,143,149,170,225,234,288,291,292,297,308,321,351,379,390,395,396,397,398,435,647,765,838,854,891,898,948,949,968,1024,1031,1050,1053,1117,1118,1119,1121,1145,1146,1148,1149,1150,1151,1201,1210,1474,1484,1668,1669,1680,1751,1915,2091,2168,2315,2492,2536,2600,2640,2645,2677,2679,2774,2775,2777,2778,2783,2790,2802,3037,3177,3206,3263,3286,4605,
28;0;4512;4526;0;5,79,95,117,137,139,143,149,170,225,234,288,291,292,297,308,321,351,379,390,395,396,397,398,435,647,765,838,854,891,898,948,949,968,1024,1031,1050,1053,1117,1118,1119,1121,1145,1146,1148,1149,1150,1151,1201,1210,1293,1322,1474,1484,1668,1669,1680,1751,1915,2091,2168,2188,2216,2315,2492,2645,2679,2774,2775,2778,3048,3263,3591,3802,4112,4605,4950,4951,4952,4953,
28;1;4526;4602;0;5,7,8,79,95,117,137,139,143,149,170,225,234,288,291,292,297,308,321,351,379,390,392,394,395,396,397,398,435,647,765,838,854,891,898,948,949,968,1024,1031,1049,1050,1051,1053,1054,1055,1057,1058,1059,1117,1118,1119,1121,1145,1146,1148,1149,1150,1151,1201,1210,1228,1229,1293,1322,1474,1484,1633,1668,1669,2168,2315,2645,2679,2774,2775,2778,3263,3802,4605,
377;0;4602;4688;0;5,7,8,79,95,117,137,139,143,149,170,225,234,288,291,292,297,308,321,351,379,390,392,394,395,396,397,398,435,532,647,765,838,854,891,898,948,949,968,1024,1031,1049,1050,1051,1053,1054,1055,1057,1058,1059,1117,1118,1119,1121,1145,1146,1148,1149,1150,1151,1201,1210,1228,1229,1293,1322,1474,1484,2168,2315,2645,2679,2774,2775,2778,2868,3263,3691,3802,4605,
112;0;4688;4748;0;5,7,8,79,95,117,137,139,143,149,170,225,234,256,288,291,292,297,308,321,351,379,390,392,394,395,396,397,398,435,532,647,765,838,854,891,898,948,949,1051,1054,1118,1119,1145,1146,1149,1282,1292,1293,1322,1867,2021,2089,2168,2221,2315,2407,2410,2477,2625,2645,2679,2774,2775,2778,3263,3416,3706,3802,3929,4435,4605,5106,5703,6757,7367,7879,8606,9257,9258,
112;1;4748;4763;0;4,5,7,8,79,95,117,137,139,143,149,170,225,234,256,288,291,292,297,301,306,308,321,351,379,390,391,392,394,395,396,397,398,404,405,435,532,647,765,838,854,891,898,948,949,1051,1052,1054,1118,1119,1145,1146,1149,1282,1292,1293,1322,1417,1473,1620,1664,1867,2021,2089,2168,2221,2315,2407,2428,2645,2679,2774,2775,2778,2820,3263,3706,3802,4605,5588,
409;0;4763;4835;0;4,5,7,8,79,95,117,137,139,143,149,170,225,234,256,288,291,292,297,301,306,308,321,351,379,390,391,392,394,395,396,397,398,404,405,430,435,532,644,647,765,838,854,891,898,948,949,1051,1052,1054,1118,1119,1145,1146,1149,1214,1282,1293,1322,1620,2168,2315,2628,2645,2679,2705,2709,2774,2775,2778,3263,3706,3802,4605,7296,7308,7316,8305,8801,8805,
442;0;4835;4883;0;4,5,7,8,79,95,117,137,139,143,149,170,225,234,256,288,291,292,297,301,306,308,321,351,379,390,391,392,394,395,396,397,398,404,405,430,435,532,644,647,765,838,854,891,898,948,949,1051,1052,1054,1118,1119,1145,1146,1149,1214,1282,1293,1322,1488,1620,2168,2315,2628,2645,2679,2680,2705,2709,2774,2775,2778,3263,3706,3802,4605,7296,7308,7316,8305,
162;0;4883;4919;0;4,5,7,8,60,79,95,117,137,139,143,149,152,170,225,234,256,288,291,292,297,301,306,308,321,351,379,390,391,392,394,395,396,397,398,404,405,430,435,532,569,644,647,765,838,854,868,891,898,948,949,1051,1052,1054,1118,1119,1145,1146,1149,1214,1293,1322,1620,2168,2230,2273,2315,2628,2645,2679,2774,2775,2778,3263,3706,3802,4605,5487,5932,7997,
162;1;4919;4927;0;79,137,139,149,152,165,170,189,225,291,301,321,395,396,397,405,430,536,569,598,602,647,722,765,875,948,1051,1118,1119,1145,1146,1149,1279,1293,1322,1341,1620,1778,1796,2074,2148,2151,2172,2315,2352,2628,2645,2679,2774,2778,2849,2873,2934,2968,3263,3409,3706,3802,3805,4060,4078,4207,4605,4864,4865,4866,4867,4868,4869,4870,4871,4872,4873,4874,4875,4876,4877,4878,4879,4880,
427;0;4927;4961;0;79,137,139,147,149,152,165,170,178,189,225,291,301,321,395,396,397,405,430,536,569,598,602,647,722,765,875,948,1027,1051,1118,1119,1145,1146,1149,1279,1293,1322,1341,1620,1778,1796,1942,1943,1944,2074,2148,2151,2172,2315,2352,2628,2645,2679,2774,2778,2849,2873,2934,2968,3263,3409,3706,3802,3805,4060,4078,4207,4605,4864,4865,4866,4867,4868,4869,4870,4871,4872,4873,4874,
356;0;4961;4975;0;26,79,137,139,147,149,152,165,170,178,189,225,291,301,321,395,396,397,405,430,528,536,569,598,602,647,722,736,738,748,765,948,1051,1118,1119,1145,1149,1268,1269,1271,1272,1285,1287,1288,1289,1293,1332,1419,1570,1577,1620,1780,1781,1793,1795,2187,2239,2257,2264,2265,2315,2628,2645,2679,2774,2778,2849,2856,3263,3700,3701,3702,3703,3704,3705,3706,3707,3708,3709,4605,
104;0;4975;4979;1;26,79,137,139,147,149,152,165,170,178,189,225,274,291,301,321,343,352,395,396,397,405,430,528,536,569,598,602,647,666,722,736,738,748,765,769,772,946,948,951,1051,1118,1119,1145,1149,1268,1269,1271,1272,1285,1287,1288,1289,1293,1332,1419,1447,1620,1781,2315,2319,2628,2645,2679,2774,2778,2911,3131,3152,3160,3164,3263,3291,3292,3293,3294,3701,3702,3703,4605,
104;1;4979;5056;1;24,113,126,149,170,206,208,221,262,293,348,389,427,480,499,502,504,547,569,578,647,773,831,835,855,964,1262,1360,1481,1587,1670,1682,1701,1936,2069,2306,2353,2498,2645,2692,2728,2806,2829,3395,3524,4489,4498,5139,5146,5262,6334,6595,7294,7299,7302,7304,7305,7306,7423,7800,7801,7802,7803,7804,7805,7806,7807,7808,7809,7810,7811,7812,7813,7814,7980,8166,8260,8320,8989,9065,
497;0;5056;5153;1;24,113,126,149,170,206,208,221,262,293,348,389,427,480,499,502,504,547,569,578,647,773,831,835,855,964,1262,1360,1481,1587,1670,1682,1701,1936,2069,2306,2353,2498,2645,2692,2728,2806,2829,3395,3524,4489,4498,5139,5146,5262,6334,6595,7294,7299,7302,7304,7305,7306,7423,7800,7801,7802,7803,7804,7805,7806,7807,7808,7809,7810,7811,7812,7813,7814,7980,8166,8260,8320,8989,9065,
138;0;5153;5162;1;24,113,126,149,170,206,208,221,262,293,348,389,427,480,499,502,504,547,569,578,647,773,831,835,855,964,1262,1360,1481,1587,1670,1682,1701,1936,2069,2306,2353,2498,2645,2692,2728,2806,2829,3395,3524,4489,4498,5139,5146,5262,6334,6595,7294,7299,7302,7304,7305,7306,7423,7800,7801,7802,7803,7804,7805,7806,7807,7808,7809,7810,7811,7812,7813,7814,7980,8166,8260,8320,8989,9065,
138;1;5162;5256;1;24,113,126,149,170,206,208,221,262,293,348,389,427,480,499,502,504,547,569,578,647,773,831,835,855,964,1262,1360,1481,1587,1670,1682,1701,1936,2069,2306,2353,2498,2645,2692,2728,2806,2829,3395,3524,4489,4498,5139,5146,5262,6334,6595,7294,7299,7302,7304,7305,7306,7423,7800,7801,7802,7803,7804,7805,7806,7807,7808,7809,7810,7811,7812,7813,7814,7980,8166,8260,8320,8989,9065,
147;0;5256;5322;1;24,113,126,149,170,206,208,221,262,293,348,389,427,480,499,502,504,547,569,578,647,773,831,835,855,964,1262,1360,1481,1587,1670,1682,1701,1936,2069,2306,2353,2498,2645,2692,2728,2806,2829,3395,3524,4489,4498,5139,5146,5262,6334,6595,7294,7299,7302,7304,7305,7306,7423,7800,7801,7802,7803,7804,7805,7806,7807,7808,7809,7810,7811,7812,7813,7814,7980,8166,8260,8320,8989,9065,
147;1;5322;5366;1;24,113,126,149,170,206,208,221,262,293,348,389,427,480,499,502,504,547,569,578,647,773,831,835,855,964,1262,1360,1481,1587,1670,1682,1701,1936,2069,2306,2353,2498,2645,2692,2728,2806,2829,3395,3524,4489,4498,5139,5146,5262,6334,6595,7294,7299,7302,7304,7305,7306,7423,7800,7801,7802,7803,7804,7805,7806,7807,7808,7809,7810,7811,7812,7813,7814,7980,8166,8260,8320,8989,9065,
363;0;5366;5481;1;24,113,126,149,170,206,208,221,262,293,348,389,427,480,499,502,504,547,569,578,647,773,831,835,855,964,1262,1360,1481,1587,1670,1682,1701,1936,2069,2306,2353,2498,2645,2692,2728,2806,2829,3395,3524,4489,4498,5139,5146,5262,6334,6595,7294,7299,7302,7304,7305,7306,7423,7800,7801,7802,7803,7804,7805,7806,7807,7808,7809,7810,7811,7812,7813,7814,7980,8166,8260,8320,8989,9065,
END
fineshedJobsCount: 322
switchs: 3899
switchsInstances: 207
unfineshedPriorityCount: 108
finalSolution: 451
totalUnfineshed: 177
Time: 55
