input/MyInstancesDiferentToolSets/n=499,p=0.75,r=0.5,t=748,v0.csv;./input/Processed/ToolSetInt.csv
4;720;1440;5760
Machine: 0
355;0;0;4;1;17,20,24,26,27,28,34,35,38,52,54,100,144,177,198,225,245,269,377,396,490,653,773,863,876,1143,1287,1473,1481,1538,1587,2318,2326,2407,2678,2962,3581,3717,3829,4112,4545,4735,4736,4956,4957,4958,4959,4960,4961,4962,4963,5274,5353,5474,5498,6360,6727,7137,7167,7168,7169,7170,7171,7172,7173,7174,7175,7176,7177,7178,7179,7180,7181,7182,7183,7332,7804,7805,8190,8861,
417;0;4;12;1;17,20,24,26,27,28,34,35,38,52,54,100,144,177,198,225,245,269,377,396,490,653,773,863,876,1143,1287,1473,1481,1538,1587,2318,2326,2407,2678,2962,3581,3717,3829,4112,4545,4735,4736,4956,4957,4958,4959,4960,4961,4962,4963,5274,5353,5474,5498,6360,6727,7137,7167,7168,7169,7170,7171,7172,7173,7174,7175,7176,7177,7178,7179,7180,7181,7182,7183,7332,7804,7805,8190,8861,
54;0;12;174;0;17,20,24,26,27,28,34,35,38,52,54,100,144,177,198,225,245,269,377,396,490,653,773,863,876,1143,1287,1473,1481,1538,1587,2318,2326,2407,2678,2962,3581,3717,3829,4112,4545,4735,4736,4956,4957,4958,4959,4960,4961,4962,4963,5274,5353,5474,5498,6360,6727,7137,7167,7168,7169,7170,7171,7172,7173,7174,7175,7176,7177,7178,7179,7180,7181,7182,7183,7332,7804,7805,8190,8861,
54;1;174;215;0;17,20,24,26,27,28,34,35,38,52,54,100,144,177,198,225,245,269,377,396,490,653,773,863,876,1143,1287,1473,1481,1538,1587,2318,2326,2407,2678,2962,3581,3717,3829,4112,4545,4735,4736,4956,4957,4958,4959,4960,4961,4962,4963,5274,5353,5474,5498,6360,6727,7137,7167,7168,7169,7170,7171,7172,7173,7174,7175,7176,7177,7178,7179,7180,7181,7182,7183,7332,7804,7805,8190,8861,
143;0;215;349;0;17,20,24,26,27,28,34,35,38,52,54,100,144,177,198,225,245,269,377,396,490,653,773,863,876,1143,1287,1473,1481,1538,1587,2318,2326,2407,2678,2962,3581,3717,3829,4112,4545,4735,4736,4956,4957,4958,4959,4960,4961,4962,4963,5274,5353,5474,5498,6360,6727,7137,7167,7168,7169,7170,7171,7172,7173,7174,7175,7176,7177,7178,7179,7180,7181,7182,7183,7332,7804,7805,8190,8861,
143;1;349;388;0;17,20,24,26,27,28,34,35,38,52,54,100,144,177,198,225,245,269,377,396,490,653,773,863,876,1143,1287,1473,1481,1538,1587,2318,2326,2407,2678,2962,3581,3717,3829,4112,4545,4735,4736,4956,4957,4958,4959,4960,4961,4962,4963,5274,5353,5474,5498,6360,6727,7137,7167,7168,7169,7170,7171,7172,7173,7174,7175,7176,7177,7178,7179,7180,7181,7182,7183,7332,7804,7805,8190,8861,
484;0;388;549;0;17,20,24,26,27,28,34,35,38,52,54,100,144,177,198,225,245,269,377,396,490,653,773,863,876,1143,1287,1473,1481,1538,1587,2318,2326,2407,2678,2962,3581,3717,3829,4112,4545,4735,4736,4956,4957,4958,4959,4960,4961,4962,4963,5274,5353,5474,5498,6360,6727,7137,7167,7168,7169,7170,7171,7172,7173,7174,7175,7176,7177,7178,7179,7180,7181,7182,7183,7332,7804,7805,8190,8861,
363;0;549;701;0;17,20,24,26,27,28,34,35,38,52,54,87,88,89,90,100,144,177,198,225,245,269,377,396,490,583,653,763,764,765,766,767,768,773,831,833,836,844,862,863,876,944,945,1143,1214,1287,1473,1481,1513,1514,1538,1587,2318,2326,2407,2678,2962,3581,3717,3829,4112,4545,4735,4736,4956,4957,4958,4959,4960,4961,4962,4963,5274,5353,5474,5498,6360,6727,7137,7167,
71;0;701;798;0;27,38,88,139,144,244,271,276,314,321,337,377,400,429,486,591,715,765,835,843,855,858,948,949,1046,1052,1117,1180,1442,1474,1476,1481,1518,1556,1567,1668,1671,1972,2299,2403,2631,2635,2645,2653,2774,2778,2898,3099,3120,3284,3517,3618,3837,4003,4389,4567,4609,4627,4759,4760,4761,4762,4763,4764,4765,4766,4767,4768,4804,4859,5054,5337,6129,6130,6401,6418,6419,7683,8544,8545,
71;1;798;846;0;27,38,88,139,144,244,271,276,314,321,337,377,400,429,486,591,715,765,835,843,855,858,948,949,1046,1052,1117,1180,1442,1474,1476,1481,1518,1556,1567,1668,1671,1972,2299,2403,2631,2635,2645,2653,2774,2778,2898,3099,3120,3284,3517,3618,3837,4003,4389,4567,4609,4627,4759,4760,4761,4762,4763,4764,4765,4766,4767,4768,4804,4859,5054,5337,6129,6130,6401,6418,6419,7683,8544,8545,
152;0;846;887;0;27,38,88,139,144,244,271,276,314,321,337,377,400,429,486,591,715,765,835,843,855,858,948,949,1046,1052,1117,1180,1442,1474,1476,1481,1518,1556,1567,1668,1671,1972,2299,2403,2631,2635,2645,2653,2774,2778,2898,3099,3120,3284,3517,3618,3837,4003,4389,4567,4609,4627,4759,4760,4761,4762,4763,4764,4765,4766,4767,4768,4804,4859,5054,5337,6129,6130,6401,6418,6419,7683,8544,8545,
152;1;887;984;0;27,38,88,139,144,244,271,276,314,321,337,377,400,429,486,591,715,765,835,843,855,858,948,949,1046,1052,1117,1180,1442,1474,1476,1481,1518,1556,1567,1668,1671,1972,2299,2403,2631,2635,2645,2653,2774,2778,2898,3099,3120,3284,3517,3618,3837,4003,4389,4567,4609,4627,4759,4760,4761,4762,4763,4764,4765,4766,4767,4768,4804,4859,5054,5337,6129,6130,6401,6418,6419,7683,8544,8545,
430;0;984;1115;0;27,38,88,139,144,244,271,276,314,321,337,377,400,429,486,591,715,765,835,843,855,858,948,949,1046,1052,1117,1180,1442,1474,1476,1481,1518,1556,1567,1668,1671,1972,2299,2403,2631,2635,2645,2653,2774,2778,2898,3099,3120,3284,3517,3618,3837,4003,4389,4567,4609,4627,4759,4760,4761,4762,4763,4764,4765,4766,4767,4768,4804,4859,5054,5337,6129,6130,6401,6418,6419,7683,8544,8545,
405;0;1440;1567;0;27,38,53,88,139,144,244,271,276,314,321,337,377,400,429,486,528,581,591,715,765,835,843,855,858,948,949,1046,1052,1117,1180,1442,1474,1476,1481,1518,1556,1567,1668,1671,1972,2299,2403,2631,2635,2645,2653,2774,2778,2898,3099,3120,3284,3517,3618,3797,3798,3799,3800,3801,3802,3837,4003,4389,4567,4609,4627,4759,4760,4761,4762,4763,4764,4765,4766,4767,4768,4804,4859,7683,
55;0;1567;1575;0;27,38,53,61,88,139,144,205,244,271,276,314,321,337,377,400,429,486,528,581,591,715,765,835,843,855,858,948,949,1046,1052,1117,1180,1293,1425,1442,1474,1476,1481,1518,1541,1556,1558,1567,1580,1596,1668,1671,1897,1935,1972,2022,2299,2403,2631,2635,2645,2653,2774,2778,2898,3099,3120,3284,3314,3345,3517,3618,3778,4436,4437,4482,4483,4484,4485,4486,4627,4759,4859,7683,
55;1;1575;1680;0;27,38,53,61,88,139,144,205,244,271,276,314,321,337,377,400,429,486,528,581,591,715,765,835,843,855,858,948,949,1046,1052,1117,1180,1293,1425,1442,1474,1476,1481,1518,1541,1556,1558,1567,1580,1596,1668,1671,1897,1935,1972,2022,2299,2403,2631,2635,2645,2653,2774,2778,2898,3099,3120,3284,3314,3345,3517,3618,3778,3840,4436,4437,4482,4483,4484,4485,4627,4759,4859,7683,
376;0;1680;1741;0;3,27,38,61,88,137,139,144,276,288,321,377,400,429,528,591,647,715,765,769,835,843,854,855,911,912,948,949,1093,1117,1118,1236,1293,1474,1476,1481,1488,1567,1580,1671,1809,2492,2532,2635,2645,2653,2695,2774,2778,2783,2898,3284,3345,4552,4627,4632,4650,4759,4859,5259,5698,5700,7683,7711,7712,7713,7714,7715,7716,7717,7718,7719,7720,7721,7722,7723,7724,7725,7726,7727,
458;0;1741;1793;0;3,27,38,61,88,97,137,139,144,276,277,288,291,321,377,400,429,528,591,647,715,765,767,769,773,835,843,854,855,911,912,948,949,1093,1117,1118,1236,1293,1474,1476,1481,1488,1530,1567,1580,1671,1809,1914,1915,2492,2532,2635,2645,2653,2668,2695,2714,2774,2778,2783,2806,2898,2988,3284,3345,4093,4552,4627,4632,4650,4759,4859,5698,5700,6098,6099,7217,7423,7683,8129,
437;0;1793;1826;0;3,27,38,137,139,144,276,277,288,291,321,377,395,400,429,528,591,647,715,765,769,773,835,843,854,855,912,948,949,1093,1117,1118,1236,1293,1474,1476,1481,1580,2635,2645,2653,2695,2714,2774,2775,2776,2778,2779,2812,2898,2947,3284,3345,4052,4093,4627,4740,4759,4781,4853,4859,5698,5700,5757,5809,6570,6571,6572,6573,6574,6575,6576,6577,6578,6579,6580,6581,6582,7217,8129,
413;0;1826;1844;1;3,27,137,139,144,276,277,288,291,292,321,351,377,395,400,429,528,591,647,715,765,773,835,854,855,912,948,949,1093,1118,1147,1167,1236,1293,1474,1476,1478,1481,1493,1513,1580,1670,2371,2531,2635,2645,2653,2695,2714,2774,2775,2778,3001,3250,3257,3284,3345,3711,3712,4019,4085,4086,4087,4088,4089,4090,4091,4092,4093,4094,4095,4627,4759,4853,4859,5698,5700,5809,7217,8129,
343;0;1844;1868;1;3,27,100,137,139,144,145,225,231,276,277,288,291,292,321,329,351,377,395,400,429,528,591,647,715,765,773,835,854,855,912,948,949,1093,1118,1147,1167,1236,1293,1401,1474,1476,1478,1481,1493,1513,1580,1670,1818,2371,2531,2635,2645,2653,2695,2714,2774,2775,2778,3001,3250,3257,3284,3345,3711,3712,4019,4085,4086,4597,4627,4759,4853,4859,5698,5700,5809,6407,7217,8129,
462;0;1868;1902;1;3,27,100,137,139,144,145,225,231,276,277,288,291,292,321,329,351,377,395,400,407,429,528,591,647,715,765,773,835,854,855,912,948,949,1093,1118,1147,1167,1236,1268,1279,1293,1401,1474,1476,1478,1481,1493,1513,1580,1670,2371,2531,2635,2645,2653,2695,2714,2767,2774,2775,2778,2875,2941,3284,3345,3711,3986,3987,3988,3989,4627,4759,4853,4859,5698,5700,5809,7217,8129,
432;0;1902;1943;1;3,27,100,137,139,144,145,225,276,277,288,291,321,329,351,377,395,400,429,528,591,647,677,715,765,773,835,854,855,948,949,1093,1118,1236,1268,1279,1293,1474,1476,1478,1481,1513,1580,1670,2371,2627,2635,2645,2653,2678,2679,2695,2714,2774,2775,2778,2875,3284,3345,3447,3711,4332,4600,4604,4627,4759,4852,4853,4854,4855,4856,4857,4858,4859,4860,5698,5700,5809,7217,8129,
488;0;1943;1987;1;3,26,27,100,137,139,144,145,225,276,277,288,291,321,329,377,395,400,429,528,529,591,647,677,715,765,773,835,854,855,948,949,1093,1118,1236,1268,1269,1270,1273,1279,1287,1288,1292,1293,1322,1474,1476,1478,1481,1513,1580,1670,2371,2627,2635,2645,2653,2678,2679,2695,2714,2774,2775,2873,2874,2875,2876,2877,3284,3345,3447,3711,4604,4759,4854,5698,5700,5809,7217,8129,
482;0;1987;2036;1;3,26,100,137,139,144,145,225,260,273,288,290,321,377,382,395,400,429,528,591,647,715,765,773,835,854,855,875,921,948,949,1093,1118,1177,1236,1287,1293,1417,1469,1474,1476,1478,1481,1501,1513,1580,1670,1675,1749,1756,1973,2051,2222,2371,2432,2627,2645,2674,2695,2714,2723,3284,3345,3920,4323,4511,5206,5698,5700,5809,5882,6347,6348,6349,6350,6351,6352,6353,7217,8129,
371;0;2036;2091;1;3,26,63,100,137,139,144,145,225,260,273,288,290,321,377,382,395,400,429,528,591,647,715,765,773,835,854,855,875,921,948,949,1093,1118,1177,1236,1287,1293,1294,1417,1469,1474,1476,1478,1481,1501,1513,1580,1670,1675,1749,1756,1973,2051,2149,2221,2222,2315,2371,2432,2444,2627,2645,2674,2695,2714,2723,3284,3345,3920,4230,4323,4511,5206,5698,5700,5809,5882,7217,8129,
486;0;2091;2157;1;3,26,63,100,137,139,144,145,225,260,273,288,290,321,377,382,395,400,429,528,591,647,715,765,773,835,854,855,875,921,948,949,1093,1118,1123,1177,1236,1287,1293,1294,1417,1431,1469,1474,1476,1478,1481,1501,1513,1580,1670,1675,1726,1749,1756,1973,2051,2149,2221,2222,2315,2371,2432,2444,2627,2645,2674,2695,2714,2723,3284,3345,3920,5206,5698,5700,5809,6180,7217,8129,
129;0;2157;2194;1;3,15,24,26,54,60,100,113,137,139,144,145,206,221,225,255,273,288,290,321,377,395,400,429,502,528,591,647,715,765,773,835,854,855,871,948,949,1093,1118,1236,1278,1286,1287,1291,1293,1417,1474,1476,1478,1481,1513,1580,1587,1670,1675,1973,2062,2063,2371,2419,2627,2645,2714,3345,3346,3920,4313,4314,4315,4316,4317,4318,5206,5316,5698,5700,5809,7035,7217,8129,
129;1;2194;2230;1;3,15,24,26,54,60,100,113,137,139,144,145,206,221,225,255,273,288,290,321,377,395,400,429,502,528,591,647,715,765,773,835,854,855,871,948,949,1093,1118,1236,1278,1286,1287,1291,1293,1417,1474,1476,1478,1481,1513,1580,1587,1670,1675,1973,2062,2063,2371,2419,2627,2645,2714,3345,3346,3920,4313,4314,4315,4316,4317,4318,5206,5316,5698,5700,5809,7035,7217,8129,
415;0;2230;2306;1;3,15,24,26,54,60,100,113,137,139,144,145,206,221,225,255,273,288,290,321,377,395,400,429,502,528,591,647,715,765,773,835,854,855,871,948,949,1093,1118,1236,1278,1286,1287,1291,1293,1417,1474,1476,1478,1481,1513,1580,1587,1670,1675,1973,2062,2063,2371,2419,2627,2645,2714,3345,3346,3920,4313,4314,4315,4316,4317,4318,5206,5316,5698,5700,5809,7035,7217,8129,
134;0;2880;2926;1;100,137,144,145,146,149,262,288,301,316,377,395,398,429,591,715,773,835,838,852,854,855,891,926,939,949,1118,1134,1165,1476,1478,1484,1675,1768,2247,2292,2370,2371,2583,2587,2707,2714,2738,2904,3133,3436,3438,3634,4424,4473,4537,4658,5248,5251,5298,5452,5695,5697,5698,5700,5702,5807,5808,5809,5810,5811,5812,5813,5814,5815,5816,5817,5818,5819,5820,5821,5822,5823,5824,8129,
134;1;2926;2958;1;100,137,144,145,146,149,262,288,301,316,377,395,398,429,591,715,773,835,838,852,854,855,891,926,939,949,1118,1134,1165,1476,1478,1484,1675,1768,2247,2292,2370,2371,2583,2587,2707,2714,2738,2904,3133,3436,3438,3634,4424,4473,4537,4658,5248,5251,5298,5452,5695,5697,5698,5700,5702,5807,5808,5809,5810,5811,5812,5813,5814,5815,5816,8129,8551,8559,8640,9053,9059,9112,9113,9114,
350;0;2958;3038;1;89,90,100,137,144,145,146,149,262,288,301,316,377,395,398,429,437,591,694,715,773,835,838,849,852,854,855,891,926,939,949,1118,1134,1165,1476,1478,1484,1529,1675,1768,2247,2292,2370,2371,2491,2510,2583,2587,2636,2661,2677,2683,2714,2728,2974,3133,3581,4473,4673,5538,5691,5706,5723,6225,6226,6723,7208,7217,7299,7319,7320,7583,7584,7871,8129,8425,8528,8529,8530,8531,
89;0;3038;3117;1;28,89,90,100,137,144,145,146,149,221,262,288,301,316,377,395,398,429,437,565,591,694,715,773,835,838,849,852,854,855,891,926,939,949,1118,1134,1165,1476,1478,1484,1529,1675,1768,2247,2292,2370,2371,2491,2510,2583,2587,2636,2661,2677,2683,2714,2728,2974,3010,3133,3581,4473,4673,5538,5691,5706,5723,6225,6226,6723,7208,7217,7299,7319,7320,7583,7584,7871,8129,8425,
89;1;3117;3122;1;28,89,90,100,137,144,145,146,149,221,241,262,288,301,316,342,377,390,395,398,402,429,437,565,591,640,644,694,715,773,835,838,849,852,854,855,891,892,926,939,949,1056,1057,1062,1118,1134,1165,1472,1474,1476,1478,1484,1529,1675,1768,1843,1933,2102,2103,2104,2105,2106,2107,2247,2292,2370,2371,2491,2510,2583,2587,2636,2661,2677,2683,2714,2728,3133,4473,5706,
82;0;3122;3144;1;28,89,90,95,100,137,144,145,146,149,221,241,262,288,301,316,342,377,390,394,395,398,400,402,429,437,565,591,640,644,694,715,773,835,838,849,852,854,855,891,892,926,939,949,1056,1057,1062,1118,1134,1146,1165,1363,1472,1474,1476,1478,1484,1529,1675,1768,1843,1933,2102,2103,2104,2105,2106,2107,2247,2292,2370,2371,2381,2491,2510,2583,2677,3133,4473,5706,
82;1;3144;3213;1;28,89,90,95,100,137,144,145,146,149,221,241,262,288,301,316,342,377,390,394,395,398,400,402,429,437,565,591,640,644,694,715,773,835,838,849,852,854,855,891,892,904,926,939,949,1056,1057,1062,1093,1118,1134,1146,1165,1236,1359,1361,1363,1472,1474,1476,1478,1484,1529,1675,1768,1843,1933,2102,2103,2104,2105,2106,2107,2247,2677,3133,4473,5225,5706,6039,
492;0;3213;3310;1;15,24,28,89,90,95,100,137,144,145,146,149,186,189,221,241,262,288,301,316,342,377,390,394,395,398,400,402,429,437,503,565,591,640,644,662,694,715,773,835,838,849,852,854,855,891,892,904,926,939,949,979,1056,1057,1062,1088,1093,1118,1134,1146,1165,1236,1359,1361,1472,1474,1478,1529,1550,1580,2103,2157,2555,2677,3022,3127,3133,3627,4473,5706,
494;0;3310;3413;1;3,15,24,28,89,90,95,100,137,139,144,145,146,149,186,189,221,241,262,275,288,301,316,321,342,377,390,394,395,398,400,402,429,437,503,565,591,640,644,647,662,694,715,773,833,835,838,849,852,854,855,863,891,892,904,948,979,1060,1093,1118,1134,1146,1472,1474,1478,1502,1529,1580,1670,2103,2224,2677,3133,4473,4535,4553,4746,5432,5627,5706,
354;0;3413;3518;1;3,15,24,95,100,137,139,144,145,146,149,186,189,245,262,288,321,377,395,398,400,429,591,640,644,647,694,696,765,773,835,838,849,854,855,891,892,914,948,979,1093,1118,1134,1146,1447,1472,1474,1478,1513,1529,1580,1670,2103,2593,2627,2677,2731,2931,2962,2989,3133,3161,3260,4310,4473,4553,4574,4732,5107,5706,8427,9173,9174,9177,9178,9179,9180,9183,9186,9192,
364;0;3518;3627;1;24,100,139,144,145,225,274,277,291,296,329,400,404,640,677,694,773,835,849,855,948,1093,1453,1529,1665,1674,1680,1752,1884,1973,2441,2600,2626,2635,2640,2645,2653,2678,2679,2692,2774,3232,3263,3469,3472,3475,3486,3487,3498,3513,3514,3687,3688,3689,3690,3711,4553,4568,4604,4605,4606,4612,4634,4759,4800,5043,5230,5528,5890,5891,5892,5893,5894,5895,5896,5897,5898,5899,5900,5901,
352;0;3627;3748;1;24,100,139,144,145,225,274,277,291,296,329,400,404,640,677,694,773,835,849,855,948,1093,1453,1529,1665,1674,1680,1752,1884,1973,2441,2600,2626,2635,2640,2645,2653,2678,2679,2692,2774,3232,3263,3469,3472,3475,3486,3487,3498,3513,3514,3687,3688,3689,3690,3711,4553,4568,4604,4605,4606,4612,4634,4759,4800,5043,5230,5528,5890,5891,5892,5893,5894,5895,5896,5897,5898,5899,5900,5901,
412;0;3748;3892;1;24,100,139,144,145,225,274,277,291,296,329,400,404,640,677,694,773,835,849,855,948,1093,1453,1529,1665,1674,1680,1752,1884,1973,2441,2600,2626,2635,2640,2645,2653,2678,2679,2692,2774,3232,3263,3469,3472,3475,3486,3487,3498,3513,3514,3687,3688,3689,3690,3711,4553,4568,4604,4605,4606,4612,4634,4759,4800,5043,5230,5528,5890,5891,5892,5893,5894,5895,5896,5897,5898,5899,5900,5901,
114;0;3892;3906;1;24,100,139,144,145,225,274,277,291,296,329,400,404,640,677,694,773,835,849,855,948,1093,1453,1529,1665,1674,1680,1752,1884,1973,2441,2600,2626,2635,2640,2645,2653,2678,2679,2692,2774,3232,3263,3469,3472,3475,3486,3487,3498,3513,3514,3687,3688,3689,3690,3711,4553,4568,4604,4605,4606,4612,4634,4759,4800,5043,5230,5528,5890,5891,5892,5893,5894,5895,5896,5897,5898,5899,5900,5901,
114;1;4320;4454;1;24,100,139,144,145,225,274,277,291,296,329,397,400,404,640,677,694,773,835,849,855,948,1093,1453,1529,1665,1674,1680,1752,1884,1973,2441,2600,2626,2635,2640,2645,2653,2678,2679,2692,2774,3232,3263,3469,3472,3475,3486,3487,3498,3513,3514,3687,3688,3689,3690,3711,4553,4568,4604,4605,4606,4612,4634,4759,4800,5043,5230,5528,5890,5891,5892,5893,5894,5895,5896,5897,5898,5899,5900,
101;0;4454;4503;1;24,100,139,144,145,225,274,277,291,296,329,397,400,404,640,677,694,773,835,849,855,948,1093,1453,1529,1665,1674,1680,1752,1884,1973,2441,2600,2626,2635,2640,2645,2653,2678,2679,2692,2774,3212,3232,3263,3469,3472,3475,3486,3487,3498,3513,3514,3687,3688,3689,3690,3711,4553,4568,4604,4605,4606,4612,4634,4759,5088,5897,5951,5952,5963,5964,5984,6354,6355,6356,6357,6358,6359,6360,
101;1;4503;4603;1;18,21,24,25,37,38,42,45,46,50,52,100,139,144,145,225,274,277,291,296,329,397,400,404,502,622,640,677,694,773,778,814,835,849,855,948,977,1006,1007,1011,1093,1305,1390,1427,1453,1529,1665,1674,1680,1752,1884,1973,2413,2441,2600,2626,2635,2640,2645,2653,2678,2679,2692,2774,3125,3212,3232,3263,3469,3472,3475,3486,3487,3498,4917,4918,5897,7796,7797,7798,
431;0;4603;4756;1;18,21,24,25,37,38,42,45,46,50,52,100,103,139,144,145,225,274,277,291,296,329,395,397,400,404,502,622,640,677,694,773,778,814,835,849,855,948,977,1006,1007,1011,1051,1093,1305,1390,1427,1453,1529,1973,2441,2627,2645,2679,2774,2898,3043,3263,3447,3486,3487,3498,5030,5609,5897,6090,6783,7022,7419,7834,7835,8166,8170,8730,9083,9084,9085,9086,9087,9088,
148;0;4756;4781;1;18,21,24,25,36,37,38,42,45,46,50,52,100,103,139,144,145,225,274,277,291,296,329,395,397,400,404,502,622,640,677,694,773,778,814,835,849,855,948,977,1006,1007,1011,1051,1093,1305,1390,1427,1453,1529,1973,2441,2627,2645,2679,2774,2898,3043,3263,3447,3486,3487,3498,5030,5609,5897,6090,6783,7022,7419,7834,7835,8166,8170,8730,9083,9084,9085,9086,9087,
148;1;4781;4912;1;18,21,24,25,36,37,38,42,45,46,50,52,100,103,139,144,145,225,249,274,277,291,296,329,395,397,400,404,502,622,640,677,694,773,778,814,835,849,855,948,977,1006,1007,1011,1051,1093,1305,1390,1427,1453,1529,1973,2064,2441,2627,2645,2679,2774,2898,2934,3043,3263,3447,3486,3487,3498,3703,4217,4841,4913,5030,5609,5897,6090,6783,6977,7022,7419,7990,8354,
362;0;4912;5069;1;24,27,30,34,37,38,46,52,54,55,60,95,139,144,145,225,251,256,274,276,277,291,395,400,526,555,644,655,778,815,843,849,855,944,946,948,971,987,1114,1140,1304,1311,1336,1374,1580,1718,1759,1815,1973,2036,2599,2638,2774,3122,3263,3291,3348,3396,3486,3487,3498,3527,3698,3699,3703,4122,4802,5825,6022,6244,6784,7463,7831,8449,8582,8583,8584,8957,8958,8959,
77;0;5069;5133;1;24,27,30,34,37,38,46,52,54,55,60,95,139,144,145,225,251,256,274,276,277,291,395,400,526,555,644,655,778,815,843,849,855,944,946,948,971,987,1114,1140,1304,1311,1336,1374,1580,1718,1759,1815,1973,2036,2599,2638,2774,3122,3263,3291,3348,3396,3486,3487,3498,3527,3698,3699,3703,4122,4802,5825,6022,6244,6784,7463,7831,8449,8582,8583,8584,8957,8958,8959,
77;1;5133;5234;1;24,27,30,34,37,38,46,52,54,55,60,95,139,144,145,225,251,256,274,276,277,291,395,400,526,555,644,655,778,815,843,849,855,944,946,948,971,987,1114,1140,1304,1311,1336,1374,1580,1718,1759,1815,1973,2036,2599,2638,2774,3122,3263,3291,3348,3396,3486,3487,3498,3527,3698,3699,3703,4122,4802,5825,6022,6244,6784,7463,7831,8449,8582,8583,8584,8957,8958,8959,
83;0;5234;5386;1;24,27,30,34,37,38,46,52,54,55,60,95,139,144,145,225,251,256,274,276,277,291,395,400,526,555,644,655,778,815,843,849,855,944,946,948,971,987,1114,1140,1304,1311,1336,1374,1580,1718,1759,1815,1973,2036,2599,2638,2774,3122,3263,3291,3348,3396,3486,3487,3498,3527,3698,3699,3703,4122,4802,5825,6022,6244,6784,7463,7831,8449,8582,8583,8584,8957,8958,8959,
83;1;5386;5404;1;24,27,30,34,37,38,46,52,54,55,60,95,139,144,145,225,251,256,274,276,277,291,395,400,526,555,644,655,778,815,843,849,855,944,946,948,971,987,1114,1140,1304,1311,1336,1374,1580,1718,1759,1815,1973,2036,2599,2638,2774,3122,3263,3291,3348,3396,3486,3487,3498,3527,3698,3699,3703,4122,4802,5825,6022,6244,6784,7463,7831,8449,8582,8583,8584,8957,8958,8959,
Machine: 1
434;0;0;4;1;55,61,79,88,100,102,144,170,248,314,343,412,499,553,554,715,843,847,1043,1199,1277,1282,1292,1293,1322,1332,1333,1444,1528,1587,1657,1897,2101,2151,2190,2413,2498,2518,2543,2555,2628,2649,2679,2683,2827,2897,2941,3309,3361,3403,3877,4238,4280,4435,4442,4450,4468,5510,5526,5530,5537,5690,5723,5865,5867,5868,6694,7153,7320,7339,7580,7581,7582,7583,7584,7585,7586,7889,7964,9017,
357;0;4;14;1;55,61,79,88,100,102,144,170,248,314,343,412,499,553,554,715,843,847,1043,1199,1277,1282,1292,1293,1322,1332,1333,1444,1528,1587,1657,1897,2101,2151,2190,2413,2498,2518,2543,2555,2628,2649,2679,2683,2827,2897,2941,3309,3361,3403,3877,4238,4280,4435,4442,4450,4468,5510,5526,5530,5537,5690,5723,5865,5867,5868,6694,7153,7320,7339,7580,7581,7582,7583,7584,7585,7586,7889,7964,9017,
478;0;14;33;1;55,61,79,88,100,102,144,170,248,314,343,412,499,553,554,715,843,847,1043,1199,1277,1282,1292,1293,1322,1332,1333,1444,1528,1587,1657,1897,2101,2151,2190,2413,2498,2518,2543,2555,2628,2649,2679,2683,2827,2897,2941,3309,3361,3403,3877,4238,4280,4435,4442,4450,4468,5510,5526,5530,5537,5690,5723,5865,5867,5868,6694,7153,7320,7339,7580,7581,7582,7583,7584,7585,7586,7889,7964,9017,
384;0;33;61;1;55,61,79,88,100,102,144,170,248,314,343,412,499,553,554,715,843,847,1043,1199,1277,1282,1292,1293,1322,1332,1333,1444,1528,1587,1657,1897,2101,2151,2190,2413,2498,2518,2543,2555,2628,2649,2679,2683,2827,2897,2941,3309,3361,3403,3877,4238,4280,4435,4442,4450,4468,5510,5526,5530,5537,5690,5723,5865,5867,5868,6694,7153,7320,7339,7580,7581,7582,7583,7584,7585,7586,7889,7964,9017,
487;0;61;94;1;55,61,79,88,100,102,144,170,248,314,343,412,499,553,554,715,843,847,1043,1199,1277,1282,1292,1293,1322,1332,1333,1444,1528,1587,1657,1897,2101,2151,2190,2413,2498,2518,2543,2555,2628,2649,2679,2683,2827,2897,2941,3309,3361,3403,3877,4238,4280,4435,4442,4450,4468,5510,5526,5530,5537,5690,5723,5865,5867,5868,6694,7153,7320,7339,7580,7581,7582,7583,7584,7585,7586,7889,7964,9017,
455;0;94;135;1;55,61,79,88,100,102,144,170,248,314,343,412,499,553,554,715,843,847,1043,1199,1277,1282,1292,1293,1322,1332,1333,1444,1528,1587,1657,1897,2101,2151,2190,2413,2498,2518,2543,2555,2628,2649,2679,2683,2827,2897,2941,3309,3361,3403,3877,4238,4280,4435,4442,4450,4468,5510,5526,5530,5537,5690,5723,5865,5867,5868,6694,7153,7320,7339,7580,7581,7582,7583,7584,7585,7586,7889,7964,9017,
346;0;135;179;1;55,61,79,88,100,102,144,170,248,277,289,294,314,343,412,499,553,554,715,769,843,847,944,945,1043,1199,1277,1282,1292,1293,1322,1332,1333,1444,1528,1567,1587,1657,1897,2101,2151,2190,2413,2498,2518,2543,2555,2628,2649,2679,2683,2827,2897,2898,2900,2901,2905,2907,2909,2910,2911,2913,2941,3262,3309,3361,3378,3403,3877,4238,4280,4435,4442,4450,4468,5510,5526,5530,5537,5690,
476;0;179;229;1;55,61,79,88,100,102,144,145,149,170,231,241,248,277,289,294,314,343,391,396,400,412,499,553,554,647,715,769,843,847,855,944,945,1043,1199,1277,1282,1292,1293,1322,1332,1333,1444,1476,1478,1479,1502,1528,1567,1587,1657,1897,1920,1922,2101,2151,2190,2413,2498,2518,2543,2555,2628,2649,2679,2683,2827,2897,2898,2900,2901,2905,2941,3361,3387,3877,4450,4832,5244,5537,
32;0;229;273;1;55,61,79,88,100,102,144,145,149,170,231,241,248,277,289,294,314,343,391,396,400,412,499,553,554,647,715,769,843,847,855,944,945,1043,1199,1277,1282,1292,1293,1322,1332,1333,1444,1476,1478,1479,1502,1528,1567,1587,1657,1897,1920,1922,2101,2151,2190,2413,2498,2518,2543,2555,2649,2941,3361,3877,4450,5537,8557,8559,9031,9032,9112,9115,9132,9137,9148,9149,9150,9151,
32;1;273;281;1;55,61,79,88,95,100,102,144,145,148,149,170,231,241,248,277,289,294,314,343,377,379,391,396,400,412,499,553,554,612,647,715,769,815,843,847,855,911,933,1043,1054,1117,1118,1210,1277,1282,1292,1293,1322,1390,1476,1478,1479,1734,1736,1744,1751,1755,1811,1814,1920,1922,2092,2413,2649,2941,3037,3286,3361,3877,4450,5174,5537,6399,6400,7449,7790,8258,8259,9032,
441;0;281;340;1;55,61,79,88,95,100,102,144,145,148,149,170,231,241,248,277,289,294,314,343,391,396,400,647,715,769,843,855,1043,1054,1117,1118,1210,1277,1282,1292,1293,1322,1390,1476,1478,1479,1814,1920,1922,2413,2649,2941,3037,3286,3361,3877,4450,5537,9032,9222,9223,9224,9225,9229,9230,9231,9232,9233,9234,9235,9236,9237,9238,9239,9240,9241,9242,9243,9244,9245,9246,9247,9248,9249,
377;0;340;401;1;55,61,79,88,95,97,100,102,144,145,148,149,170,225,231,241,248,277,288,289,294,314,343,391,396,400,404,647,715,769,843,855,1043,1054,1117,1118,1210,1277,1282,1292,1293,1322,1390,1401,1474,1476,1478,1479,1814,1920,1922,2355,2413,2649,2941,3037,3286,3361,3877,4450,5537,9032,9222,9223,9224,9225,9229,9230,9231,9232,9233,9234,9235,9236,9237,9238,9239,9240,9241,9242,
399;0;401;467;1;8,55,61,79,88,95,97,100,102,137,142,144,145,148,149,170,225,231,241,248,277,288,289,294,314,343,390,391,396,400,404,405,429,644,645,646,647,648,715,769,843,855,1043,1054,1056,1062,1117,1118,1146,1210,1277,1282,1292,1293,1322,1390,1401,1473,1474,1476,1478,1479,1814,1823,1920,1922,2102,2155,2355,2413,2649,2941,3037,3286,3361,3877,4450,5537,9032,9222,
406;0;467;540;1;8,26,55,61,95,97,100,137,144,145,149,225,231,248,277,288,289,314,343,390,391,396,400,404,429,528,647,715,769,843,855,1043,1054,1056,1117,1118,1146,1210,1277,1282,1287,1288,1292,1293,1294,1322,1390,1419,1473,1474,1476,1478,1479,1814,1920,1922,2263,2264,2413,2419,2485,2649,2941,3026,3037,3094,3286,3361,3877,4217,4357,4440,4450,5102,5103,5104,5105,5106,5537,9032,
454;0;540;617;1;26,61,95,97,137,139,144,145,149,225,231,262,267,277,288,289,291,295,303,305,310,312,313,314,343,390,391,396,400,404,429,438,528,640,647,715,769,843,855,1054,1056,1117,1118,1146,1171,1210,1282,1287,1288,1292,1293,1294,1322,1390,1473,1474,1478,1479,1814,1920,1922,2107,2244,2413,2462,2485,2649,2941,3037,3286,3361,3877,4217,4357,4450,5144,5153,5154,5155,5537,
475;0;617;695;1;26,61,95,97,137,139,144,145,149,189,225,231,262,267,277,288,289,291,303,305,312,314,343,390,391,396,400,404,429,528,640,647,715,769,843,855,1054,1056,1117,1118,1146,1210,1282,1287,1288,1291,1292,1293,1294,1322,1390,1473,1474,1478,1479,1814,1920,1922,2240,2306,2407,2413,2485,2649,2794,2941,3037,3286,3361,3606,3703,3721,3877,4217,4357,4450,5537,6092,6385,9221,
338;0;695;776;1;61,137,144,165,169,208,225,247,251,262,267,277,289,292,303,305,312,314,351,382,400,408,415,429,480,518,528,533,715,734,769,843,912,987,1055,1146,1157,1167,1170,1200,1268,1269,1273,1474,1478,1580,1814,1834,1835,1836,1840,1843,1895,1935,2018,2221,2247,2370,2412,2413,2538,2676,2765,2774,2775,2941,3037,3249,4308,4309,4500,4575,4740,5493,5674,5742,5792,5834,5835,6748,
17;0;776;828;1;61,137,144,165,169,208,225,247,251,262,267,277,289,292,303,305,312,314,351,382,400,408,415,429,480,518,528,533,715,734,769,843,912,987,1055,1146,1157,1167,1170,1200,1268,1269,1273,1474,1478,1580,1814,1834,1835,1836,1840,1843,1895,1935,2018,2221,2247,2370,2412,2413,2538,2676,2765,2774,2775,2941,3037,3249,4308,4309,4500,4575,4740,5493,5674,5742,5792,5834,5835,6748,
17;1;828;860;1;61,137,144,165,169,208,225,247,251,262,267,277,289,292,303,305,312,314,351,382,400,408,415,429,480,518,528,533,715,734,769,843,912,987,1055,1146,1157,1167,1170,1200,1268,1269,1273,1474,1478,1580,1814,1834,1835,1836,1840,1843,1895,1935,2018,2221,2247,2370,2412,2413,2538,2676,2765,2774,2775,2941,3037,3249,4308,4309,4500,4575,4740,5493,5674,5742,5792,5834,5835,6748,
345;0;860;958;1;61,137,144,165,169,208,225,247,251,262,267,277,289,292,303,305,312,314,351,382,400,408,415,429,480,518,528,533,715,734,769,843,912,987,1055,1146,1157,1167,1170,1200,1268,1269,1273,1474,1478,1580,1814,1834,1835,1836,1840,1843,1895,1935,2018,2221,2247,2370,2412,2413,2538,2676,2765,2774,2775,2941,3037,3249,4308,4309,4500,4575,4740,5493,5674,5742,5792,5834,5835,6748,
344;0;1440;1543;1;61,137,144,165,169,177,178,179,184,208,225,234,247,251,262,267,277,289,292,303,304,305,308,311,312,314,316,321,351,382,400,408,415,429,480,518,528,533,715,734,769,843,912,987,1055,1146,1157,1167,1170,1200,1268,1269,1273,1474,1478,1580,1814,1834,1835,1836,1840,1843,1895,1935,2018,2221,2247,2370,2412,2413,2538,2676,2765,2774,2775,2941,3037,4308,4575,5493,
395;0;1543;1648;1;61,135,137,144,165,169,177,178,179,184,208,225,234,247,251,262,267,277,289,292,301,303,304,305,308,311,312,314,316,321,351,382,400,408,415,429,480,518,528,533,715,734,769,830,843,912,987,1055,1146,1157,1167,1170,1200,1268,1269,1273,1360,1474,1478,1484,1485,1580,1814,1834,1835,1836,1840,2247,2321,2371,2413,2584,2774,2775,2941,4033,4308,4575,5493,6342,
58;0;1648;1680;1;60,61,135,137,144,165,169,177,178,179,184,208,225,234,247,251,262,267,277,289,292,301,303,304,305,308,311,312,314,316,321,351,382,400,408,415,429,480,518,528,533,715,734,769,830,843,912,987,1055,1146,1157,1167,1170,1200,1268,1269,1273,1360,1474,1478,1484,1485,1580,1814,1834,1835,1836,1840,2247,2321,2371,2413,2774,2775,2941,3347,4308,4575,5493,8546,
58;1;1680;1757;1;17,60,61,135,137,144,165,169,177,178,179,184,202,208,225,234,247,251,262,267,277,289,292,301,303,304,305,308,311,312,314,316,321,351,382,400,408,415,429,479,480,504,518,528,533,715,734,769,830,843,912,987,1055,1143,1146,1157,1170,1268,1269,1273,1360,1463,1474,1478,1484,1558,1580,2247,2371,2413,2774,2775,2836,2876,2941,2942,4283,4308,4575,5493,
127;0;1757;1813;1;17,60,61,135,137,144,152,165,169,177,178,179,184,202,208,225,234,247,251,262,267,277,289,292,301,303,304,305,308,311,312,314,316,321,351,382,400,408,415,429,479,480,504,518,528,533,569,715,734,769,830,843,868,912,987,1055,1143,1146,1170,1268,1269,1273,1360,1474,1478,1484,1558,1580,2230,2247,2273,2371,2774,2775,4308,4575,5487,5493,5932,7997,
127;1;1813;1879;1;17,60,61,135,137,144,152,165,169,177,178,179,184,202,208,225,234,247,251,262,267,274,277,289,292,301,303,304,305,308,311,312,314,316,321,336,351,382,400,408,415,429,479,480,504,518,528,533,569,677,715,734,765,769,830,843,856,868,912,1146,1170,1268,1269,1273,1360,1474,1478,1484,1558,1580,2247,2371,2645,2689,2774,2775,3715,4308,4575,5493,
403;0;1879;2006;1;17,60,61,93,135,137,144,152,165,169,177,178,179,184,202,208,225,234,247,251,262,267,274,276,277,292,301,308,314,321,343,351,400,429,528,677,691,765,766,769,843,858,1146,1170,1268,1269,1273,1360,1474,1478,1484,1558,1580,2247,2371,2594,2637,2645,2692,2774,2775,3152,3618,4308,4408,4575,5493,7222,7223,7224,7225,7226,7227,7228,7229,7230,7231,7232,7233,7234,
7;0;2006;2104;1;17,60,61,93,135,137,144,152,165,169,177,178,179,184,202,208,225,234,247,251,262,267,274,276,277,292,301,308,314,321,343,351,400,429,503,528,677,691,765,766,769,843,858,1146,1170,1268,1269,1273,1275,1293,1360,1474,1478,1484,1558,1580,2247,2371,2594,2637,2645,2692,2774,2775,3152,3306,3618,4308,4408,4575,5493,7222,7223,7224,7225,7226,7227,7228,7229,7230,
7;1;2104;2137;1;17,60,61,93,135,137,144,152,165,169,177,178,179,184,225,234,262,267,274,276,277,292,301,308,314,321,343,351,400,429,528,677,765,769,1146,1170,1268,1269,1273,1275,1293,1360,1474,1478,1484,1558,1580,2247,2371,2645,2774,2775,3474,3679,4308,4408,4575,5493,5953,5960,5962,5964,5987,5991,5992,6011,6552,6741,6886,6926,6932,6936,7075,7076,7077,7078,7079,7080,7081,7227,
92;0;2137;2243;1;137,144,145,147,182,225,226,227,229,231,234,240,243,245,266,267,268,272,273,274,276,277,286,288,301,308,351,429,430,1058,1092,1094,1137,1170,1172,1210,1214,1269,1274,1275,1293,1447,1473,1668,1756,1819,1825,1832,2090,2128,2247,2248,2382,2432,2774,3126,3286,3587,3588,3589,3590,3591,3592,3593,3594,3595,3596,3597,4018,4031,4423,4472,4859,5136,5371,5372,5373,5736,7227,8463,
92;1;2243;2275;1;137,144,145,147,182,225,226,227,229,231,234,240,243,245,266,267,268,272,273,274,276,277,286,288,301,308,351,429,430,1058,1092,1094,1137,1170,1172,1210,1214,1269,1274,1275,1293,1447,1473,1668,1756,1819,1825,1832,2090,2128,2247,2248,2382,2432,2774,3126,3286,3587,3588,3589,3590,3591,3592,3593,3594,3595,3596,3597,4018,4031,4423,4472,4859,5136,5371,5372,5373,5736,7227,8463,
427;0;2275;2419;1;137,144,145,147,182,225,226,227,229,231,234,240,243,245,266,267,268,272,273,274,276,277,286,288,301,308,351,429,430,1058,1092,1094,1137,1170,1172,1210,1214,1269,1274,1275,1293,1447,1473,1668,1756,1819,1825,1832,2090,2128,2247,2248,2382,2432,2774,3126,3286,3587,3588,3589,3590,3591,3592,3593,3594,3595,3596,3597,4018,4031,4423,4472,4859,5136,5371,5372,5373,5736,7227,8463,
28;0;2419;2492;0;137,144,145,147,182,225,226,227,229,231,234,240,243,245,266,267,268,272,273,274,276,277,286,288,301,308,351,429,430,1058,1092,1094,1137,1170,1172,1210,1214,1269,1274,1275,1293,1447,1473,1668,1756,1819,1825,1832,2090,2128,2247,2248,2382,2432,2774,3126,3286,3587,3588,3589,3590,3591,3592,3593,3594,3595,3596,3597,4018,4031,4423,4472,4859,5136,5371,5372,5373,5736,7227,8463,
28;1;2880;3058;0;137,144,145,147,182,225,226,227,229,231,234,240,243,245,266,267,268,272,273,274,276,277,286,288,301,308,351,429,430,1058,1092,1094,1137,1170,1172,1210,1214,1269,1274,1275,1293,1447,1473,1668,1756,1819,1825,1832,2090,2128,2247,2248,2382,2774,3590,6357,6360,6586,6882,7045,7138,7227,7286,7484,7492,7496,7503,7507,7521,7522,7523,7524,7525,7527,7529,7530,7531,7532,7533,7534,
105;0;3058;3105;0;137,144,145,147,182,225,226,227,229,231,234,240,243,245,266,267,268,272,273,274,276,277,286,288,301,308,351,429,430,1058,1092,1094,1137,1170,1172,1210,1214,1269,1274,1275,1293,1447,1473,1668,1756,1819,1825,1832,2090,2128,2247,2248,2382,2774,3590,6357,6360,6586,6882,7045,7138,7227,7286,7484,7492,7496,7503,7507,7521,7522,7523,7524,7525,7527,7529,7530,7531,7532,8502,8503,
105;1;3105;3277;0;137,144,145,147,182,225,226,227,229,231,234,240,243,245,266,267,268,272,273,274,276,277,286,288,301,308,351,429,430,1058,1092,1094,1137,1170,1172,1210,1214,1269,1274,1275,1293,1447,1473,1668,1756,1819,1825,1832,2090,2128,2247,2248,2382,2774,3590,6357,6360,6586,6882,7045,7138,7227,7286,7376,7377,7484,7492,7496,7503,7507,7521,7522,7523,7524,7525,7527,7529,7530,7531,7532,
42;0;3277;3329;0;137,144,145,147,182,225,226,227,229,231,234,240,243,245,266,267,268,272,273,274,276,277,286,288,301,308,351,396,429,430,434,1058,1092,1094,1134,1137,1170,1172,1210,1214,1269,1274,1275,1293,1447,1473,1668,1756,1819,1825,1832,1971,2090,2128,2247,2248,2382,2658,2729,2774,2778,3590,4567,4627,5411,5605,5748,5841,5853,5854,5855,5858,6158,6357,6360,6586,6882,7045,7138,7227,
42;1;3329;3480;0;95,137,144,145,147,149,182,225,226,227,229,231,234,240,243,245,266,267,268,272,273,274,276,277,286,288,301,308,340,351,391,396,429,430,434,838,891,938,949,1056,1058,1092,1094,1117,1134,1137,1163,1164,1166,1170,1172,1176,1177,1210,1214,1269,1274,1275,1293,1447,1467,1473,1668,1756,1819,1825,1832,1971,2090,2128,2247,2248,2382,2774,2778,3590,4567,6357,6360,7227,
132;0;3480;3584;0;95,137,144,145,147,149,182,225,226,227,229,231,234,240,243,245,266,267,268,272,273,274,276,277,286,288,301,308,340,351,391,396,429,430,698,838,1117,1134,1163,1172,1269,1275,1293,1473,1481,1668,1971,2128,2318,2582,2668,2713,2774,2778,3581,3590,4398,4567,4733,4734,5649,5721,6180,6357,6360,7227,7324,7801,7802,7804,7805,7806,7812,7814,7839,7840,7841,7842,7843,7844,
132;1;3584;3678;0;95,117,137,144,145,198,225,231,276,277,321,391,393,410,429,457,677,838,904,1117,1134,1138,1163,1201,1267,1269,1270,1272,1275,1279,1287,1292,1293,1295,1311,1360,1390,1451,1478,1680,1971,2091,2106,2179,2249,2405,2508,2546,2627,2645,2649,2695,2774,2775,2777,2778,3015,3263,3293,3590,3988,4124,4567,4597,5146,5537,5825,6244,6486,7335,7336,7410,7411,7834,7838,8391,8511,8512,8513,8849,
57;0;3678;3832;0;95,117,137,144,145,198,225,231,276,277,321,391,393,410,429,457,677,838,904,1117,1134,1138,1163,1201,1267,1269,1270,1272,1275,1279,1287,1292,1293,1295,1311,1360,1390,1451,1478,1680,1971,2091,2106,2179,2249,2405,2508,2546,2627,2645,2649,2695,2774,2775,2777,2778,3015,3263,3293,3590,3988,4124,4567,4597,5146,5537,5825,6244,6486,7335,7336,7410,7411,7834,7838,8391,8511,8512,8513,8849,
57;1;3832;3864;0;95,117,137,144,145,198,225,231,276,277,321,391,393,410,429,457,677,838,904,1117,1134,1138,1163,1201,1267,1269,1270,1272,1275,1279,1287,1292,1293,1295,1311,1360,1390,1451,1478,1680,1971,2091,2106,2179,2249,2405,2508,2546,2627,2645,2649,2695,2774,2775,2777,2778,3015,3263,3293,3590,3988,4124,4567,4597,5146,5537,5825,6244,6486,7335,7336,7410,7411,7834,7838,8391,8511,8512,8513,8849,
109;0;3864;3900;0;95,117,137,144,145,198,225,231,276,277,321,391,393,410,429,457,677,838,904,1117,1134,1138,1163,1201,1267,1269,1270,1272,1275,1279,1287,1292,1293,1295,1311,1360,1390,1451,1478,1680,1971,2091,2106,2179,2249,2405,2508,2546,2627,2645,2649,2695,2774,2775,2777,2778,3015,3263,3293,3590,3988,4124,4567,4597,5146,5537,5825,6244,6486,7335,7336,7410,7411,7834,7838,8391,8511,8512,8513,8849,
109;1;3900;4043;0;95,117,137,144,145,198,225,231,276,277,321,391,393,410,429,457,677,838,904,1117,1134,1138,1163,1201,1267,1269,1270,1272,1275,1279,1287,1292,1293,1295,1311,1360,1390,1451,1478,1680,1971,2091,2106,2179,2249,2405,2508,2546,2627,2645,2649,2695,2774,2775,2777,2778,3015,3263,3293,3590,3988,4124,4567,4597,5146,5537,5825,6244,6486,7335,7336,7410,7411,7834,7838,8391,8511,8512,8513,8849,
439;0;4043;4216;0;95,117,137,144,145,198,225,231,276,277,321,391,393,410,429,457,677,838,904,1117,1134,1138,1163,1201,1267,1269,1270,1272,1275,1279,1287,1292,1293,1295,1311,1360,1390,1451,1478,1680,1971,2091,2106,2179,2249,2405,2508,2546,2627,2645,2649,2695,2774,2775,2777,2778,3015,3263,3293,3590,3988,4124,4567,4597,5146,5537,5825,6244,6486,7335,7336,7410,7411,7834,7838,8391,8511,8512,8513,8849,
389;0;4216;4374;0;95,117,137,144,145,198,225,231,276,277,321,391,393,410,429,457,677,838,904,1117,1134,1138,1163,1201,1267,1269,1270,1272,1275,1279,1287,1292,1293,1295,1311,1360,1390,1451,1478,1680,1971,2091,2106,2179,2249,2405,2508,2546,2627,2645,2649,2695,2774,2775,2777,2778,3015,3263,3293,3590,3988,4124,4567,4597,5146,5537,5825,6244,6486,7335,7336,7410,7411,7834,7838,8391,8511,8512,8513,8849,
347;0;4374;4528;0;4,95,117,137,144,145,198,225,231,276,277,321,390,391,393,402,404,410,429,457,677,838,904,1117,1134,1138,1163,1201,1267,1269,1270,1272,1275,1279,1287,1292,1293,1295,1311,1360,1390,1451,1478,1680,1801,1971,2091,2106,2179,2223,2249,2405,2508,2546,2627,2645,2649,2695,2774,2775,2777,2778,3015,3263,3293,3590,3988,4124,4567,4597,5146,5537,5650,5825,6244,6486,7335,7336,7410,7411,
421;0;4528;4642;0;4,95,117,137,144,145,198,225,231,276,277,321,337,390,391,393,402,404,410,429,457,677,680,681,765,838,844,849,904,1117,1134,1138,1163,1201,1267,1269,1270,1272,1275,1279,1287,1292,1293,1295,1311,1360,1390,1451,1478,1529,1680,1801,1971,2091,2106,2179,2223,2249,2405,2508,2546,2627,2645,2774,2777,2778,3263,3529,3532,3590,3745,4404,4405,4406,4407,4408,4409,4410,4411,4412,
374;0;4642;4734;0;4,24,38,95,117,137,144,145,189,198,225,231,276,277,321,337,390,391,393,402,404,410,429,457,490,677,680,681,765,838,844,849,871,872,873,874,904,1117,1134,1138,1163,1201,1267,1269,1270,1272,1275,1279,1287,1292,1293,1295,1311,1360,1390,1451,1456,1478,1529,1680,1801,1971,2091,2106,2179,2223,2249,2405,2508,2546,2627,2645,2774,2777,2778,3263,3529,3532,3590,3745,
453;0;4734;4768;0;4,24,26,38,95,117,137,144,145,189,198,225,231,276,277,321,337,390,391,393,402,404,410,429,457,490,528,677,680,681,765,838,844,849,872,1117,1134,1138,1163,1267,1268,1269,1270,1272,1275,1287,1288,1291,1292,1293,1294,1295,1322,1478,1529,1547,1680,1971,2091,2223,2240,2241,2242,2409,2485,2774,2777,2778,2873,3029,3065,3263,3590,4357,4883,4884,4885,4886,4887,4888,
80;0;4768;4820;1;4,24,26,38,60,95,117,137,144,145,189,198,225,231,276,277,321,337,390,391,393,402,404,410,429,457,490,528,598,634,677,680,681,765,838,844,849,872,1087,1117,1134,1138,1163,1262,1267,1268,1269,1270,1272,1275,1278,1287,1288,1291,1292,1293,1294,1295,1322,1478,1529,1547,1680,1781,1971,2091,2173,2220,2223,2240,2241,2774,2777,2778,2873,3065,3263,4217,4456,5949,
80;1;4820;4914;1;4,24,26,38,60,95,117,137,144,145,189,198,225,231,276,277,321,337,390,391,393,402,404,410,429,457,490,528,598,634,640,647,677,680,681,765,838,844,849,855,872,1087,1117,1134,1138,1163,1262,1267,1268,1269,1270,1272,1275,1278,1287,1288,1291,1292,1293,1294,1295,1322,1478,1479,1529,1547,1680,1781,1920,1922,1971,2091,2223,2774,2777,2778,2873,3065,3263,4220,
410;0;4914;5062;1;3,137,390,398,410,458,739,1048,1051,1054,1085,1087,1145,1146,1268,1322,1327,1358,1604,1723,1945,1970,1971,2482,2483,3310,3312,3472,3679,3684,3686,3734,3778,3877,5950,5951,5952,5953,5954,5955,5956,5957,5958,5959,5960,5961,5962,5963,5964,5965,5966,5967,5968,5969,5970,5971,5972,5973,5974,5975,5976,5977,5978,5979,5980,5981,5982,5983,5984,5985,5986,5987,5988,5989,5990,5991,5992,7592,7593,9158,
72;0;5062;5139;1;3,137,390,398,410,458,739,1048,1051,1054,1085,1087,1145,1146,1268,1322,1327,1358,1604,1723,1945,1970,1971,2482,2483,3310,3312,3472,3679,3684,3686,3734,3778,3877,5950,5951,5952,5953,5954,5955,5956,5957,5958,5959,5960,5961,5962,5963,5964,5965,5966,5967,5968,5969,5970,5971,5972,5973,5974,5975,5976,5977,5978,5979,5980,5981,5982,5983,5984,5985,5986,5987,5988,5989,5990,5991,5992,7592,7593,9158,
72;1;5139;5211;1;3,137,390,398,410,458,739,1048,1051,1054,1085,1087,1145,1146,1268,1322,1327,1358,1604,1723,1945,1970,1971,2482,2483,3310,3312,3472,3679,3684,3686,3734,3778,3877,5950,5951,5952,5953,5954,5955,5956,5957,5958,5959,5960,5961,5962,5963,5964,5965,5966,5967,5968,5969,5970,5971,5972,5973,5974,5975,5976,5977,5978,5979,5980,5981,5982,5983,5984,5985,5986,5987,5988,5989,5990,5991,5992,7592,7593,9158,
463;0;5211;5363;1;3,137,390,398,410,458,739,1048,1051,1054,1085,1087,1145,1146,1268,1322,1327,1358,1604,1723,1945,1970,1971,2482,2483,3310,3312,3472,3679,3684,3686,3734,3778,3877,5950,5951,5952,5953,5954,5955,5956,5957,5958,5959,5960,5961,5962,5963,5964,5965,5966,5967,5968,5969,5970,5971,5972,5973,5974,5975,5976,5977,5978,5979,5980,5981,5982,5983,5984,5985,5986,5987,5988,5989,5990,5991,5992,7592,7593,9158,
Machine: 2
440;0;0;10;1;8,9,26,95,143,144,145,146,225,259,288,377,382,390,398,400,401,404,429,528,536,647,775,838,893,895,1054,1095,1124,1171,1268,1269,1288,1290,1293,1294,1322,1329,1397,1401,1474,1478,1488,1683,1762,1799,1809,1973,2224,2240,2263,2264,2265,2407,2447,2455,2485,2821,2988,3037,3130,3267,3702,3708,3743,4357,4453,4502,4637,4810,4811,4812,4813,4814,4815,4890,6813,6814,6815,6821,
367;0;10;39;1;8,9,26,95,143,144,145,146,225,259,288,377,382,390,398,400,401,404,429,528,536,647,775,838,893,895,1054,1095,1124,1171,1268,1269,1288,1290,1293,1294,1322,1329,1397,1401,1474,1478,1488,1683,1762,1799,1809,1973,2224,2240,2263,2264,2265,2407,2447,2455,2485,2821,2988,3037,3130,3267,3702,3708,3743,4357,4453,4502,4637,4810,4811,4812,4813,4814,4815,4890,6813,6814,6815,6821,
370;0;39;73;1;8,9,26,95,143,144,145,146,225,259,288,377,382,390,398,400,401,404,429,528,536,647,775,838,893,895,1054,1095,1124,1171,1268,1269,1288,1290,1293,1294,1322,1329,1361,1397,1401,1474,1478,1488,1683,1762,1799,1809,1973,2224,2240,2263,2264,2265,2407,2447,2455,2485,2821,2988,3037,3130,3267,3702,3708,3743,4357,4453,4533,4637,4748,4890,6513,6809,6813,6814,6815,6821,6822,6823,
339;0;73;109;1;8,9,26,95,143,144,145,146,225,259,288,377,382,390,398,400,401,404,429,528,536,647,692,775,838,893,895,1054,1095,1124,1171,1201,1268,1269,1288,1290,1293,1294,1322,1329,1361,1397,1401,1474,1478,1488,1529,1683,1762,1799,1809,1973,2224,2240,2263,2264,2265,2407,2447,2455,2485,2627,2657,2692,2821,2986,2988,3037,3130,3267,3702,3708,4376,4533,4637,5402,5484,5485,6235,6513,
422;0;109;150;1;3,26,95,136,144,145,225,226,288,377,390,398,400,404,429,436,647,838,1054,1118,1126,1201,1293,1361,1470,1474,1478,1486,1609,1661,1668,1679,1807,1809,1920,1973,2053,2109,2114,2118,2120,2123,2124,2125,2128,2129,2130,2132,2134,2135,2140,2142,2143,2224,2657,2854,2855,2953,4376,4511,4533,4534,4543,4546,4551,4553,4554,4555,4637,4656,4676,4677,4678,4679,4680,4681,4682,5484,5485,6665,
443;0;150;195;1;3,26,95,136,144,145,225,226,288,377,390,398,400,404,429,436,647,838,1054,1118,1126,1201,1293,1361,1470,1474,1478,1486,1609,1661,1668,1679,1807,1809,1920,1973,2053,2109,2114,2118,2120,2123,2124,2125,2128,2129,2130,2132,2134,2135,2140,2142,2143,2159,2224,2305,2657,2854,2855,2953,4376,4511,4533,4534,4543,4546,4551,4553,4554,4555,4637,4656,4676,4677,4678,4679,4680,4681,5484,5485,
481;0;195;245;1;3,26,95,136,144,145,225,226,276,288,377,390,398,400,404,429,436,647,838,1054,1058,1118,1126,1147,1201,1293,1361,1470,1474,1478,1486,1609,1661,1668,1679,1807,1809,1920,1973,2053,2109,2114,2118,2120,2123,2124,2125,2128,2129,2130,2132,2134,2135,2140,2142,2143,2159,2224,2305,2657,2854,2855,2953,3925,4016,4017,4018,4376,4511,4533,4534,4543,4546,4551,4553,4554,4555,4637,5484,5485,
495;0;245;297;1;3,26,95,136,144,145,225,226,276,288,377,390,398,400,404,429,436,647,838,1054,1058,1118,1126,1147,1201,1293,1361,1470,1474,1478,1486,1609,1661,1668,1679,1807,1809,1920,1973,2053,2109,2114,2118,2120,2123,2124,2125,2128,2129,2130,2132,2134,2135,2140,2142,2143,2159,2224,2305,2657,2854,2855,2953,3925,4376,4553,4637,5484,5485,8551,8555,8557,8558,8559,8560,8561,8562,8563,8564,8565,
387;0;297;361;1;3,26,56,95,136,144,145,225,226,276,288,377,390,398,400,404,429,436,647,838,1054,1058,1118,1126,1147,1201,1270,1293,1361,1470,1474,1478,1486,1609,1661,1668,1679,1807,1809,1920,1973,2053,2109,2114,2118,2120,2123,2124,2125,2128,2129,2130,2132,2134,2135,2140,2142,2143,2159,2224,2305,2420,2657,2854,2855,2953,3786,3878,3925,4376,4553,4637,5484,5485,8551,8555,8557,8558,8559,8560,
402;0;361;427;1;3,26,56,95,136,139,144,145,149,225,226,231,241,276,277,288,377,390,391,398,400,404,429,436,647,838,948,1054,1058,1118,1126,1147,1201,1270,1293,1361,1470,1474,1478,1486,1609,1661,1668,1679,1807,1809,1816,1920,1973,2053,2109,2114,2118,2120,2123,2124,2125,2128,2129,2130,2132,2134,2135,2140,2142,2143,2159,2224,2305,2420,2657,2854,2855,4376,4553,4637,5484,5485,8551,8559,
336;0;427;501;1;3,26,56,95,136,137,139,144,145,149,225,226,231,241,276,277,288,377,390,391,398,400,404,429,436,647,838,948,1048,1051,1054,1058,1118,1126,1145,1147,1201,1270,1293,1358,1361,1470,1474,1478,1486,1604,1609,1661,1668,1679,1725,1805,1807,1809,1816,1920,1945,1973,2053,2109,2114,2118,2120,2123,2124,2125,2128,2129,2130,2132,2134,2224,2657,4376,4553,4637,5484,5485,8551,8559,
5;0;501;565;1;3,26,56,95,136,137,139,144,145,149,225,226,231,241,276,277,288,377,390,391,398,400,404,429,436,647,838,948,1048,1051,1054,1058,1118,1126,1145,1147,1201,1270,1293,1358,1361,1470,1474,1478,1486,1604,1609,1661,1668,1679,1725,1805,1807,1809,1816,1920,1945,1973,2053,2109,2114,2118,2120,2123,2124,2128,2134,2224,2657,4376,4553,4637,5476,5484,5485,7397,7398,7399,8551,8559,
5;1;565;580;1;3,26,56,95,136,137,139,144,145,149,169,190,208,225,226,231,241,251,276,277,288,377,390,391,398,400,404,429,436,480,647,838,948,987,1048,1051,1054,1058,1118,1126,1145,1147,1201,1270,1293,1358,1361,1470,1474,1478,1486,1580,1604,1609,1661,1668,1679,1725,1805,1807,1809,1816,1920,1945,1973,2053,2109,2128,2134,2224,2538,2657,4376,4383,4553,4637,5484,5485,8551,8559,
26;0;580;647;1;3,137,138,139,144,145,225,228,229,231,233,234,240,242,245,266,275,288,302,377,390,404,429,430,607,612,645,647,818,827,838,911,948,1048,1051,1054,1075,1099,1118,1145,1293,1309,1358,1472,1478,1604,1623,1661,1667,1725,1805,1809,1843,1933,1973,2103,2128,2224,2299,2432,2435,2440,3112,3639,3640,3641,3642,3643,3644,3645,3646,3647,3648,3649,3650,3651,3652,3653,3654,3655,
26;1;647;661;1;3,59,137,138,139,144,145,170,196,221,225,228,229,231,233,234,240,242,245,266,275,288,302,377,390,404,429,430,547,607,612,645,647,818,827,838,911,948,1048,1051,1054,1075,1099,1118,1145,1280,1293,1309,1358,1472,1478,1541,1604,1623,1661,1667,1725,1805,1809,1843,1933,1936,1973,2031,2103,2128,2224,2299,2414,2432,2435,2440,3112,3347,3639,3640,3641,3642,3643,3644,
51;0;661;705;1;3,59,137,138,139,144,145,170,196,221,225,228,229,231,233,234,240,242,245,266,275,288,302,377,390,404,429,430,547,607,612,645,647,818,827,838,911,948,1048,1051,1054,1075,1099,1118,1145,1280,1293,1309,1358,1472,1478,1541,1604,1623,1661,1667,1725,1805,1809,1843,1933,1936,1971,1973,2031,2103,2128,2224,2299,2414,2432,2435,2440,3112,3347,3639,3640,3641,3642,3643,
51;1;705;746;1;3,15,24,54,59,60,137,138,139,144,145,170,180,225,231,245,262,275,288,305,307,312,377,379,380,381,384,385,390,404,429,442,592,593,594,596,645,647,838,871,948,1048,1051,1118,1145,1280,1293,1358,1478,1541,1809,2062,2063,2128,2224,3345,3346,4313,4314,4315,4316,4317,4318,6137,6360,6926,7284,7644,7648,8216,8219,8221,8225,8227,8228,8456,8457,8458,8459,8460,
459;0;746;845;1;3,15,24,54,59,60,137,138,139,144,145,170,180,225,231,245,262,275,288,305,307,312,377,379,380,381,384,385,390,404,429,442,592,593,594,596,645,647,838,871,948,1048,1051,1118,1145,1280,1293,1358,1478,1541,1809,2062,2063,2128,2224,3345,3346,4313,4314,4315,4316,4317,4318,6137,6360,6926,7284,7644,7648,8216,8219,8221,8225,8227,8228,8456,8457,8458,8459,8460,
351;0;845;948;1;3,15,24,54,59,60,137,138,139,144,145,170,180,225,231,245,262,275,288,305,307,312,377,379,380,381,384,385,390,404,429,442,592,593,594,596,645,647,838,871,948,1048,1051,1118,1145,1280,1293,1358,1478,1541,1809,2062,2063,2128,2224,3345,3346,4313,4314,4315,4316,4317,4318,6137,6360,6926,7284,7644,7648,8216,8219,8221,8225,8227,8228,8456,8457,8458,8459,8460,
142;0;948;960;1;3,15,24,54,59,60,137,138,139,144,145,170,180,225,231,245,262,275,288,305,307,312,377,379,380,381,384,385,390,404,429,442,592,593,594,596,645,647,838,871,948,1048,1051,1118,1145,1280,1293,1358,1478,1541,1809,2062,2063,2128,2224,3345,3346,4313,4314,4315,4316,4317,4318,6137,6360,6926,7284,7644,7648,8216,8219,8221,8225,8227,8228,8456,8457,8458,8459,8460,
142;1;960;1054;1;3,15,24,54,59,60,137,138,139,144,145,170,180,225,231,245,262,275,288,305,307,312,377,379,380,381,384,385,390,404,429,442,592,593,594,596,645,647,838,871,948,1048,1051,1118,1145,1280,1293,1358,1478,1541,1809,2062,2063,2128,2224,3345,3346,4313,4314,4315,4316,4317,4318,6137,6360,6926,7284,7644,7648,8216,8219,8221,8225,8227,8228,8456,8457,8458,8459,8460,
36;0;1440;1605;0;15,24,54,60,96,117,137,138,139,144,145,148,180,225,231,245,262,275,288,305,307,312,377,380,381,384,385,390,395,404,429,434,442,592,593,594,596,645,647,838,855,863,871,912,948,949,1048,1051,1060,1071,1093,1118,1145,1280,1293,1358,1478,1502,1670,1750,1759,1809,1914,2128,2224,2337,2573,3034,3346,4359,4394,4396,4397,5206,5627,5721,6441,6874,7010,7011,
36;1;1605;1780;0;15,24,54,60,96,117,137,138,139,144,145,148,180,225,231,245,254,262,275,288,305,307,312,377,380,381,384,385,390,395,404,429,434,442,592,593,594,596,645,647,838,855,863,871,912,948,949,1048,1051,1060,1071,1093,1118,1145,1280,1293,1358,1426,1478,1502,1670,1750,1759,1809,1914,1930,2128,2224,2337,2573,3034,3126,3346,4225,4359,4394,4396,5206,6757,7891,
56;0;1780;1928;0;15,24,54,60,96,117,137,138,139,144,145,148,180,225,231,245,254,262,275,288,305,307,312,377,380,381,384,385,390,395,397,404,429,434,442,592,593,594,596,645,647,834,838,854,855,863,871,912,948,949,1048,1051,1060,1071,1093,1118,1145,1280,1293,1358,1426,1478,1502,1670,1750,1759,1809,1914,1930,2128,2224,2337,2573,3034,3126,3346,3745,5206,9000,9010,
56;1;1928;2072;0;15,24,38,54,60,70,96,117,137,138,139,144,145,148,180,189,225,231,245,254,262,275,288,305,307,312,377,380,381,384,385,390,395,397,404,429,434,442,592,593,594,596,645,647,787,834,838,854,855,863,871,874,875,876,877,880,912,948,949,1048,1051,1060,1071,1093,1118,1145,1280,1293,1358,1426,1478,1502,1809,2128,2573,3126,3346,3448,5206,9000,
130;0;2072;2222;0;117,137,144,145,180,225,231,245,262,267,288,305,307,312,316,321,329,377,380,381,384,385,395,397,404,429,442,591,592,594,596,640,647,838,854,912,933,948,949,1027,1117,1118,1145,1146,1374,1476,1478,1480,1566,1567,1568,1569,1669,1671,1809,1811,1821,2128,2388,2573,2951,3346,3634,4503,4564,4654,4718,5439,5767,6106,6179,6187,6188,6189,6190,6191,6343,6344,6345,6346,
130;1;2222;2300;0;117,137,144,145,180,225,231,245,262,267,288,305,307,312,316,321,329,377,380,381,384,385,395,397,404,429,442,591,592,594,596,640,647,838,854,912,933,948,949,1027,1117,1118,1145,1146,1374,1476,1478,1480,1566,1567,1568,1569,1669,1671,1809,1811,1821,2128,2388,2573,2951,3346,3634,4503,4564,4654,4718,5439,5767,6106,6179,6187,6188,6189,6190,6191,6343,6344,6345,6346,
39;0;2300;2330;0;117,137,144,145,180,225,231,245,262,267,288,305,307,312,316,321,329,377,380,381,384,385,395,397,404,429,442,591,592,594,596,640,647,838,854,912,933,948,949,1027,1117,1118,1145,1146,1374,1476,1478,1480,1566,1567,1568,1569,1669,1671,1809,1811,1821,2128,2388,2573,2951,3346,3634,4503,4564,4654,4718,5439,5767,6106,6179,6187,6188,6189,6190,6191,6343,6344,6345,6346,
39;1;2330;2501;0;117,137,144,145,180,225,231,245,262,267,288,305,307,312,316,321,329,377,380,381,384,385,395,397,404,429,442,591,592,594,596,640,647,838,854,912,933,948,949,1027,1117,1118,1145,1146,1374,1476,1478,1480,1566,1567,1568,1569,1669,1671,1809,1811,1821,2128,2388,2573,2951,3346,3634,4503,4564,4654,4718,5439,5767,6106,6179,6187,6188,6189,6190,6191,6343,6344,6345,6346,
52;0;2880;3023;0;117,137,144,145,180,225,231,262,288,292,305,307,312,321,329,377,380,381,384,385,397,429,442,592,594,596,647,838,839,901,948,949,1027,1117,1118,1145,1170,1308,1478,1809,1811,1884,1915,2091,2504,2573,2645,2774,2778,2779,3263,3346,3435,4604,4605,4606,4612,4721,4759,4761,5492,5665,5890,5891,5892,5894,5895,5898,5899,5901,6126,6128,6129,6361,6362,6363,6364,6365,6366,6367,
52;1;3023;3069;0;117,137,144,145,180,225,231,262,288,292,305,307,312,321,329,377,380,381,384,385,397,429,442,592,594,596,647,838,839,901,948,949,1027,1117,1118,1145,1170,1308,1478,1707,1809,1811,1884,1915,2091,2504,2540,2573,2645,2774,2778,2779,3263,3346,3414,3435,4604,4605,4606,4612,4721,4759,4761,5492,5665,5890,5891,5892,5894,5895,5898,5899,5901,6126,6128,6129,6361,6362,6363,6364,
372;0;3069;3248;0;117,137,144,145,180,225,231,262,288,292,305,307,312,321,329,377,380,381,384,385,397,429,442,592,594,596,647,677,765,772,836,838,839,901,948,949,1027,1117,1118,1145,1170,1308,1478,1481,1707,1811,1915,2091,2346,2347,2461,2573,2645,2657,2774,2778,3263,4376,4604,4605,4606,4612,4721,4759,5392,5484,5485,5525,5634,5637,5665,5722,5869,5890,6022,6024,6026,7099,7736,7737,
150;0;3248;3267;0;117,137,144,145,180,225,231,262,288,292,305,307,312,313,321,329,377,380,381,384,385,397,429,442,592,593,594,595,596,647,677,765,772,836,838,839,901,948,949,1027,1117,1118,1145,1170,1308,1478,1481,1707,1811,1915,2091,2346,2347,2461,2573,2645,2657,2774,2778,3263,4376,4604,4605,4606,4612,4721,4759,5392,5484,5485,5525,5634,5637,5665,5722,5869,5890,6022,6024,6026,
150;1;3267;3418;0;117,137,144,145,180,225,231,262,288,292,305,307,312,313,321,329,377,380,381,384,385,397,429,442,592,593,594,595,596,645,647,677,765,772,836,838,839,901,948,949,1027,1050,1051,1117,1118,1145,1170,1308,1478,1481,1707,1811,1915,2091,2346,2347,2461,2509,2510,2573,2645,2657,2774,2778,3263,4376,4604,4605,4606,4612,4721,4759,5392,5484,5485,5525,5634,5637,5665,5890,
380;0;3418;3562;0;95,117,137,144,145,180,225,231,262,288,291,292,305,307,312,313,321,329,377,380,381,384,385,397,429,442,592,593,594,595,596,645,647,677,765,772,836,838,839,901,948,949,1027,1117,1118,1145,1201,1478,1481,1915,2091,2346,2347,2573,2600,2640,2645,2677,2679,2774,2775,2777,2778,2790,3263,3447,4604,4605,4606,4612,4721,4759,4773,5499,5500,5502,5525,5665,5890,6629,
145;0;3562;3628;0;7,10,95,117,138,178,308,314,321,390,397,645,719,949,1027,1048,1068,1118,1145,1172,1346,1358,1474,1807,1814,1875,1942,1943,1945,1947,1979,2091,2222,2223,2338,2711,2723,2774,2778,2807,4581,4604,4627,4628,4629,4630,4631,4632,4633,4634,4635,4636,4637,4638,4639,4640,4641,4642,4643,4644,4645,4646,5029,6296,7294,8165,8166,8320,8391,8407,8428,8730,9000,9001,9002,9003,9004,9005,9006,9007,
145;1;3628;3657;0;7,10,95,117,138,178,308,314,321,390,397,645,719,949,1027,1048,1068,1118,1145,1172,1346,1358,1474,1807,1814,1875,1942,1943,1945,1947,1979,2091,2222,2223,2338,2711,2723,2774,2778,2807,4581,4604,4627,4628,4629,4630,4631,4632,4633,4634,4635,4636,4637,4638,4639,4640,4641,4642,4643,4644,4645,4646,5029,6296,7294,8165,8166,8320,8391,8407,8428,8730,9000,9001,9002,9003,9004,9005,9006,9007,
408;0;3657;3734;0;7,10,95,117,138,178,308,314,321,390,397,645,719,949,1027,1048,1068,1118,1145,1172,1346,1358,1474,1807,1814,1875,1942,1943,1945,1947,1979,2091,2222,2223,2338,2711,2723,2774,2778,2807,4581,4604,4627,4628,4629,4630,4631,4632,4633,4634,4635,4636,4637,4638,4639,4640,4641,4642,4643,4644,4645,4646,5029,6296,7294,8165,8166,8320,8391,8407,8428,8730,9000,9001,9002,9003,9004,9005,9006,9007,
480;0;3734;3794;0;7,10,95,117,138,178,308,314,321,390,397,645,719,949,1027,1048,1068,1118,1145,1172,1346,1358,1474,1807,1814,1875,1942,1943,1945,1947,1979,2091,2222,2223,2338,2711,2723,2774,2778,2807,4581,4604,4627,4628,4629,4630,4631,4632,4633,4634,4635,4636,4637,4638,4639,4640,4641,4642,4643,4644,4645,4646,5029,6296,7294,8165,8166,8320,8391,8407,8428,8730,9000,9001,9002,9003,9004,9005,9006,9007,
373;0;4320;4340;0;7,10,95,117,138,139,144,178,225,295,308,314,321,390,397,645,719,948,949,1027,1048,1068,1118,1133,1134,1145,1172,1236,1346,1358,1361,1474,1478,1807,1814,1875,1916,1942,1943,1945,1947,1979,2053,2091,2222,2223,2338,2711,2723,2774,2778,2807,3630,4553,4581,4604,4627,4628,4629,4630,4631,4632,4633,4634,4635,4636,4637,4638,4639,4640,4641,4642,4643,4754,4996,5011,5338,6746,8165,8166,
447;0;4340;4344;0;7,10,17,24,26,40,46,74,95,117,138,139,144,178,202,225,295,308,314,321,359,390,397,645,719,948,949,1027,1048,1068,1118,1133,1134,1145,1172,1236,1277,1346,1358,1361,1474,1478,1807,1814,1875,1916,1942,1943,1945,1947,1979,2053,2091,2163,2222,2223,2338,2711,2723,2774,2778,2807,2968,3056,3630,4109,4117,4118,4553,4581,4604,4627,4628,4629,4630,4635,4643,4996,8165,8166,
375;0;4344;4454;1;7,10,17,24,26,40,46,74,95,117,138,139,144,178,202,225,295,308,314,321,359,390,397,645,719,948,949,1027,1048,1068,1118,1133,1134,1145,1172,1236,1277,1346,1358,1361,1474,1478,1807,1814,1875,1916,1942,1943,1945,1947,1979,2053,2091,2163,2222,2338,2723,2774,2778,2806,2968,4165,4553,4604,4635,4643,4996,8165,8166,8551,8644,9032,9090,9130,9131,9132,9133,9134,9135,9136,
100;0;4454;4527;1;7,10,17,24,26,40,46,74,95,117,138,139,144,178,202,225,226,230,295,308,314,321,359,390,396,397,398,645,719,948,949,1027,1048,1068,1117,1118,1133,1134,1145,1172,1236,1277,1346,1358,1361,1474,1478,1481,1807,1814,1875,1916,1942,1943,1945,1947,1979,2053,2091,2163,2222,2338,2597,2723,2774,2778,2806,2968,4165,4553,4604,4635,4643,4996,5206,8165,8166,8551,8644,9032,
100;1;4527;4569;1;7,10,17,24,26,40,46,74,95,117,138,139,144,178,197,202,225,226,230,295,308,314,321,359,390,396,397,398,466,645,719,826,948,949,1027,1048,1068,1117,1118,1133,1134,1145,1172,1236,1267,1277,1341,1346,1358,1361,1474,1478,1481,1781,1807,2091,2163,2197,2338,2723,2774,2778,2806,2968,3410,3774,4487,4488,4553,4604,4635,4996,5471,5682,7671,8165,8166,8836,8838,9032,
149;0;4569;4596;1;7,10,17,24,26,40,46,74,95,117,138,139,144,178,197,202,225,226,230,295,308,314,321,359,390,396,397,398,466,645,719,826,948,949,1027,1048,1068,1117,1118,1133,1134,1145,1172,1236,1267,1277,1341,1346,1358,1361,1474,1478,1481,1781,1807,2091,2163,2197,2338,2723,2774,2778,2806,2968,3410,3774,4487,4488,4553,4604,4635,4996,5471,5682,7671,8165,8166,8469,8470,9032,
149;1;4596;4691;1;7,10,17,24,26,40,46,74,95,117,139,144,145,225,289,290,321,359,398,400,429,644,647,823,824,931,948,949,1068,1117,1118,1236,1267,1277,1474,1478,1481,1781,2091,2163,2197,2338,2391,2573,2645,2696,2723,2774,2775,2777,2778,2806,2816,2968,3019,3263,3410,3774,4487,4553,4604,4605,4606,4635,4771,4855,4996,5299,5329,5523,7055,8165,8166,8569,9032,9121,9123,9124,9144,9145,
87;0;4691;4725;1;7,10,17,24,26,40,46,54,74,95,117,139,144,145,225,248,289,290,321,359,398,400,429,644,647,823,824,948,949,1068,1117,1118,1236,1267,1272,1277,1280,1293,1474,1478,1481,1582,1781,2091,2163,2197,2239,2263,2338,2573,2645,2723,2774,2775,2777,2778,2806,2968,3263,3410,3703,3728,3774,4026,4450,4487,4553,4604,4605,4606,4635,4888,4996,5329,5462,5463,5464,8165,8166,9032,
87;1;4725;4821;1;17,24,26,54,89,94,95,144,145,225,276,290,321,398,586,647,765,770,833,834,838,854,890,949,1117,1168,1236,1293,1474,1478,1481,1489,1519,1524,1528,1529,1582,2091,2163,2573,2602,2645,2693,2721,2742,2774,2775,2777,2806,3260,3263,3511,3527,3581,3638,3774,4487,4537,4574,4635,4732,4802,4937,4949,5329,5339,5341,5342,5343,5344,5345,5346,5347,5451,5452,5453,5454,5455,5456,9032,
468;0;4821;4952;1;17,24,26,38,54,89,94,95,144,145,225,276,290,321,398,581,586,647,765,770,833,834,838,854,890,949,1117,1168,1236,1286,1293,1474,1478,1481,1489,1519,1524,1528,1529,1582,2091,2163,2573,2602,2645,2693,2721,2742,2774,2775,2777,2806,3260,3263,3336,3511,3527,3581,3638,3708,3774,4487,4537,4574,4635,4732,4802,4937,4949,5329,5339,5341,5342,5343,5344,5345,5346,5347,5451,9032,
477;0;4952;5091;1;76,95,144,225,290,291,321,395,677,875,949,1073,1451,1474,1478,1582,1915,2091,2253,2573,2627,2677,2679,2691,2774,2775,2806,2893,2943,3178,3207,3209,3210,3214,3263,4287,4361,4365,4635,5329,6013,6475,6803,7423,7663,7943,8099,8129,8187,8265,8339,8340,8397,8559,8686,8687,8691,8696,8697,8698,8699,8700,8701,8763,8764,8765,8766,8767,8768,8769,8770,8771,8772,8773,8774,8775,8776,9031,9032,9033,
97;0;5091;5124;1;76,95,144,225,290,291,321,395,677,875,949,1073,1451,1474,1478,1582,1915,2091,2253,2573,2627,2677,2679,2691,2774,2775,2806,2893,2943,3178,3207,3209,3210,3214,3263,4287,4361,4365,4635,5329,6013,6475,6803,7423,7663,7943,8099,8129,8187,8265,8339,8340,8397,8559,8686,8687,8691,8696,8697,8698,8699,8700,8701,8763,8764,8765,8766,8767,8768,8769,8770,8771,8772,8773,8774,8775,8776,9031,9032,9033,
97;1;5124;5238;1;76,95,144,225,290,291,321,395,677,875,949,1073,1451,1474,1478,1582,1915,2091,2253,2573,2627,2677,2679,2691,2774,2775,2806,2893,2943,3178,3207,3209,3210,3214,3263,4287,4361,4365,4635,5329,6013,6475,6803,7423,7663,7943,8099,8129,8187,8265,8339,8340,8397,8559,8686,8687,8691,8696,8697,8698,8699,8700,8701,8763,8764,8765,8766,8767,8768,8769,8770,8771,8772,8773,8774,8775,8776,9031,9032,9033,
466;0;5238;5386;1;76,95,144,225,290,291,321,395,677,875,949,1073,1451,1474,1478,1582,1915,2091,2253,2573,2627,2677,2679,2691,2774,2775,2806,2893,2943,3178,3207,3209,3210,3214,3263,4287,4361,4365,4635,5329,6013,6475,6803,7423,7663,7943,8099,8129,8187,8265,8339,8340,8397,8559,8686,8687,8691,8696,8697,8698,8699,8700,8701,8763,8764,8765,8766,8767,8768,8769,8770,8771,8772,8773,8774,8775,8776,9031,9032,9033,
Machine: 3
452;0;0;4;1;95,97,100,117,137,144,145,177,179,225,231,234,262,272,273,276,287,288,290,291,304,305,311,317,329,377,395,397,429,446,647,816,838,839,863,901,911,949,1049,1118,1131,1134,1136,1137,1170,1361,1478,1671,1676,1677,1809,1884,2091,2337,2391,2504,2645,2695,2774,2778,2779,3263,3435,4604,4605,4606,5894,5895,5898,5899,5901,6126,6127,6128,6129,6361,6362,6363,7655,7656,
333;0;4;15;1;95,97,100,117,137,144,145,177,179,225,231,234,262,272,273,276,287,288,290,291,304,305,311,317,329,377,395,397,429,446,647,816,838,839,863,901,911,949,1049,1118,1131,1134,1136,1137,1170,1361,1478,1671,1676,1677,1809,1884,2091,2337,2391,2504,2645,2695,2774,2778,2779,3263,3435,4604,4605,4606,5894,5895,5898,5899,5901,6126,6127,6128,6129,6361,6362,6363,7655,7656,
489;0;15;36;1;95,97,100,117,137,144,145,177,179,225,231,234,262,272,273,276,287,288,290,291,304,305,311,317,329,377,395,397,429,446,647,816,838,839,863,901,911,949,1049,1118,1131,1134,1136,1137,1170,1361,1478,1671,1676,1677,1809,1884,2091,2337,2391,2504,2645,2695,2774,2778,2779,3263,3435,4604,4605,4606,5894,5895,5898,5899,5901,6126,6127,6128,6129,6361,6362,6363,7655,7656,
428;0;36;66;1;95,97,100,117,137,144,145,177,179,225,231,234,262,272,273,276,287,288,290,291,304,305,311,317,329,377,395,397,429,446,647,816,838,839,863,901,911,949,1049,1118,1131,1134,1136,1137,1170,1361,1478,1671,1676,1677,1809,1884,2091,2337,2391,2504,2645,2695,2774,2778,2779,3263,3435,4604,4605,4606,5894,5895,5898,5899,5901,6126,6127,6128,6129,6361,6362,6363,7655,7656,
391;0;66;135;0;95,97,100,117,137,144,145,177,179,225,231,234,262,272,273,276,287,288,290,291,302,304,305,310,311,313,317,329,377,395,396,397,429,446,647,816,838,839,863,901,905,911,949,1049,1118,1131,1134,1136,1137,1170,1361,1474,1478,1661,1671,1675,1676,1677,1759,1809,1814,1884,2091,2337,2391,2455,2504,2645,2695,2774,2778,2779,3263,3435,4604,4605,4606,5255,5894,5895,
446;0;135;169;1;2,95,97,100,117,137,144,145,177,179,225,231,234,262,272,273,276,287,288,290,291,301,302,304,305,310,311,313,314,317,329,377,395,396,397,400,429,446,647,816,838,839,863,901,905,911,949,1049,1116,1118,1121,1131,1134,1136,1137,1170,1361,1474,1478,1486,1661,1671,1675,1676,1677,1680,1759,1809,1814,1884,2091,2337,2391,2455,2476,2645,2774,2778,3263,4604,
35;0;169;201;1;2,74,79,95,97,100,117,137,144,145,177,179,204,225,231,234,262,272,273,276,287,288,290,291,301,302,304,305,310,311,313,314,317,329,377,395,396,397,400,429,446,502,506,647,787,790,838,863,901,905,911,960,1049,1118,1121,1134,1136,1162,1181,1293,1474,1478,1589,1675,1680,1814,1996,2070,2091,2645,2774,2778,3263,3348,3810,3948,4114,4115,4116,4604,
35;1;201;212;1;2,74,79,95,97,100,117,137,139,144,145,177,179,204,225,231,234,262,272,273,276,277,287,288,290,291,301,302,304,305,310,311,313,314,317,329,377,395,396,397,400,404,429,446,502,506,647,787,790,838,855,863,901,905,911,948,960,1049,1118,1121,1134,1136,1162,1181,1293,1474,1478,1479,1675,1680,1814,2091,2645,2774,2778,3263,3348,3948,4220,4604,
450;0;212;258;1;2,74,79,95,97,100,117,137,139,144,145,177,179,204,225,231,234,262,272,273,277,287,288,290,291,301,304,305,313,314,395,400,429,647,677,715,765,838,855,863,901,905,911,948,1049,1118,1121,1134,1136,1293,1474,1478,1479,1481,1675,1680,1814,2091,2475,2628,2645,2661,2774,2778,3263,3348,3948,4604,4802,5525,5722,5869,6352,7254,7255,7256,7257,7258,7259,7260,
381;0;258;308;1;2,74,79,95,97,100,117,137,139,144,145,177,179,225,231,262,272,273,275,277,287,288,290,291,304,305,313,314,395,400,429,647,677,715,765,772,833,835,838,855,863,901,905,911,948,1049,1118,1121,1134,1136,1293,1474,1478,1479,1481,1680,1814,2091,2594,2628,2645,2661,2774,2778,2986,3152,3263,3348,3618,3948,4371,4604,4733,5525,5612,5722,7419,7420,7421,7422,
479;0;308;360;1;2,74,79,95,97,100,117,137,139,144,145,177,179,225,231,262,272,273,277,287,288,290,291,304,305,313,314,395,400,429,647,677,715,765,814,833,835,838,855,863,901,905,911,948,1046,1049,1118,1121,1134,1136,1293,1442,1474,1478,1479,1481,1567,1680,1814,2091,2594,2628,2645,2661,2774,2778,2986,3152,3263,3348,3618,3948,4371,4604,5525,5722,6418,6419,6578,8543,
467;0;360;420;1;2,74,79,95,97,100,117,137,139,144,145,177,179,225,231,262,272,273,277,287,288,290,291,304,305,313,314,395,400,429,647,677,715,765,814,833,835,838,855,863,901,905,911,948,1046,1049,1118,1121,1134,1136,1293,1442,1474,1478,1479,1481,1567,1680,1814,2091,2224,2594,2628,2645,2661,2774,2778,2986,3152,3263,3348,3618,3948,4371,4604,5182,5206,5525,5722,6418,
41;0;420;438;1;2,74,79,95,97,100,117,137,139,144,145,177,179,225,231,262,272,273,277,287,288,290,291,304,305,313,314,395,400,429,647,677,715,765,814,833,835,838,855,863,901,905,911,948,1046,1049,1118,1121,1134,1136,1293,1442,1474,1478,1479,1481,1567,1680,1814,2091,2224,2594,2628,2645,2661,2774,2778,2986,3152,3263,3348,3618,3948,4371,4604,5182,5206,5525,5722,6742,
41;1;438;486;1;2,79,95,97,100,117,139,144,145,177,179,225,231,262,277,288,289,291,299,304,314,343,395,400,429,591,644,647,677,715,765,835,855,948,1019,1118,1214,1293,1474,1478,1479,1481,1814,2091,2225,2318,2405,2625,2626,2627,2628,2629,2630,2631,2632,2634,2635,2637,2640,2642,2643,2644,2645,2646,2652,2657,2663,2675,2680,2686,2720,2721,2752,3263,3348,3948,4371,5182,5525,5722,
483;0;486;563;1;2,79,95,97,100,117,139,144,145,177,179,225,231,262,277,288,289,291,299,304,314,343,351,395,400,429,591,644,647,677,715,765,835,848,855,948,1019,1118,1214,1293,1474,1478,1479,1481,1530,1814,1915,2091,2394,2405,2625,2627,2628,2635,2637,2643,2645,2657,2678,2679,3016,3263,3348,3915,3948,4371,4775,5053,5182,5525,5722,5890,6098,6401,7316,7463,8368,8369,8370,8371,
394;0;563;667;1;2,60,79,95,97,100,139,144,145,177,179,225,231,247,248,262,277,288,289,291,304,314,343,351,395,400,429,528,591,644,647,677,715,765,835,848,855,948,1118,1287,1289,1293,1322,1474,1478,1479,1481,1814,1915,2091,2261,2405,2625,2627,2628,2635,2637,2643,2645,2657,2678,2679,3263,3348,3597,3702,3802,3948,4127,4371,4451,5053,5182,5522,5525,5652,5653,5722,6401,8368,
470;0;667;778;1;19,24,25,27,34,42,50,51,54,95,97,139,144,145,149,225,231,233,241,245,277,289,314,321,366,379,390,391,395,398,401,429,457,647,715,728,765,855,898,921,922,1050,1052,1054,1058,1117,1275,1287,1359,1362,1474,1478,1479,1481,1669,1918,2134,2174,2220,2232,2355,2426,2627,2635,2723,2941,3060,3250,3348,3421,3422,3609,3831,3842,3948,4088,4908,5525,5722,6263,
424;0;778;893;1;19,24,25,27,34,42,50,51,54,95,97,139,144,145,149,225,231,233,241,245,277,289,314,321,366,379,390,391,395,398,401,429,457,647,715,728,765,855,898,921,922,1050,1052,1054,1058,1117,1275,1287,1359,1362,1474,1478,1479,1481,1669,1918,2134,2174,2220,2232,2355,2426,2627,2635,2723,2941,3060,3250,3348,3421,3422,3609,3831,3842,3948,4088,4908,5525,5722,6263,
98;0;893;953;1;19,24,25,27,34,42,50,51,54,95,97,139,144,145,149,225,231,233,241,245,277,289,314,321,366,379,390,391,395,398,401,429,457,647,715,728,765,855,898,921,922,1050,1052,1054,1058,1117,1275,1287,1359,1362,1474,1478,1479,1481,1669,1918,2134,2174,2220,2232,2355,2426,2627,2635,2723,2941,3060,3250,3348,3421,3422,3609,3831,3842,3948,4088,4908,5525,5722,6263,
98;1;953;1019;1;19,24,25,27,34,42,50,51,54,95,97,139,144,145,149,225,231,233,241,245,277,289,314,321,366,379,390,391,395,398,401,429,457,647,715,728,765,855,898,921,922,1050,1052,1054,1058,1117,1275,1287,1359,1362,1474,1478,1479,1481,1669,1918,2134,2174,2220,2232,2355,2426,2627,2635,2723,2941,3060,3250,3348,3421,3422,3609,3831,3842,3948,4088,4908,5525,5722,6263,
118;0;1019;1115;1;19,24,25,27,34,42,50,51,54,95,97,139,144,145,149,225,231,233,241,245,277,289,314,321,366,379,390,391,395,398,401,429,457,647,715,728,765,855,898,921,922,1050,1052,1054,1058,1117,1275,1287,1359,1362,1474,1478,1479,1481,1669,1918,2134,2174,2220,2232,2355,2426,2627,2635,2723,2941,3060,3250,3348,3421,3422,3609,3831,3842,3948,4088,4908,5525,5722,6263,
118;1;1440;1474;1;19,24,25,27,34,42,50,51,54,95,97,139,144,145,149,181,225,231,233,241,245,277,289,314,321,335,337,366,379,390,391,395,398,401,429,457,647,694,715,728,765,766,769,843,855,858,898,921,922,1050,1052,1054,1058,1117,1275,1287,1359,1362,1474,1478,1479,1481,1669,1918,2134,2174,2220,2232,2355,2426,2627,2635,2723,2941,3060,3348,3583,3609,5525,5722,
85;0;1474;1533;1;19,24,25,26,27,34,42,50,51,54,95,97,139,144,145,149,181,225,231,233,241,245,277,289,314,321,335,337,366,379,390,391,395,398,401,429,457,647,694,715,728,765,766,769,843,855,858,898,921,922,1050,1052,1054,1058,1117,1275,1287,1359,1362,1474,1478,1479,1481,1669,1918,2134,2174,2220,2232,2355,2627,2635,3060,3348,3609,3835,4138,5525,5722,7402,
85;1;1533;1606;1;19,24,25,26,27,34,42,50,51,54,61,95,97,139,144,145,149,181,225,231,233,241,245,277,289,314,321,335,337,366,390,391,395,398,429,647,694,715,765,766,769,843,855,858,887,898,921,922,1050,1052,1054,1058,1117,1275,1287,1474,1478,1479,1481,2174,2220,2221,2264,2279,2355,2627,2635,2934,3005,3060,3348,3609,3870,5525,5722,6869,7971,8332,8523,9074,
451;0;1606;1747;1;19,24,25,26,27,34,42,50,51,54,61,95,97,139,144,145,149,181,225,231,233,241,245,277,289,314,321,335,337,366,390,391,395,398,429,647,694,715,765,766,769,843,855,858,887,898,921,922,1050,1052,1054,1058,1117,1275,1287,1445,1474,1478,1479,1481,2174,2220,2221,2355,2625,2627,2635,2653,3060,3348,3609,4376,5525,5722,6025,6114,6225,6449,6512,6513,
473;0;1747;1894;1;19,24,25,26,27,34,42,50,51,54,61,95,97,139,144,145,149,181,225,231,233,241,245,277,288,289,314,321,335,337,366,390,391,395,398,429,647,694,715,765,766,769,843,855,858,887,898,921,922,1050,1052,1054,1058,1117,1275,1287,1401,1445,1474,1478,1479,1481,2174,2220,2221,2355,2625,2627,2635,2653,3060,3348,3609,4376,5525,5619,5722,6114,6174,6225,
138;0;1894;1943;1;24,25,26,27,50,54,61,139,144,145,149,181,225,233,245,277,289,291,292,295,314,321,390,395,398,439,591,640,715,765,766,769,843,855,858,898,922,1117,1146,1151,1275,1287,1474,1478,1479,1481,1513,1763,1915,1916,2091,2174,2220,2627,2645,2677,2679,2688,2804,2950,3348,3609,4376,5053,5525,5540,5659,6114,6225,6401,7188,8095,8166,8368,8406,8407,8408,8409,8410,8411,
138;1;1943;2042;1;24,25,26,27,50,54,61,139,144,145,149,181,225,233,245,277,289,291,292,295,314,321,390,395,398,439,591,640,715,765,766,769,843,855,858,898,922,1117,1146,1151,1275,1287,1474,1478,1479,1481,1513,1763,1814,1915,1916,2091,2174,2220,2627,2645,2677,2679,2688,2804,2950,3348,3609,4376,5053,5525,5540,5659,6114,6225,6401,7188,8095,8166,8368,8406,8407,8408,8409,8410,
13;0;2042;2122;0;24,25,26,27,50,54,61,139,144,145,146,147,149,181,225,233,245,277,291,314,321,395,398,436,591,640,715,765,766,769,843,855,858,898,1068,1117,1118,1146,1149,1275,1287,1390,1473,1474,1478,1479,1481,1814,1920,2174,2220,2627,2645,2677,2679,3348,3609,4376,4405,4473,4934,4964,4965,4966,4967,4968,4969,4970,4971,4972,4973,4974,4975,4976,4977,4978,5525,6114,6225,7188,
13;1;2122;2138;0;24,25,26,27,50,54,61,103,139,144,145,146,149,181,225,233,245,264,277,286,291,314,321,340,395,398,591,640,715,765,766,769,773,835,843,855,858,898,1117,1118,1146,1147,1275,1287,1428,1447,1474,1478,1479,1481,2174,2220,2372,2627,2628,2645,2677,2679,2689,2899,3263,3348,3609,4376,4794,5525,5795,6023,6114,6225,7188,7575,8021,8098,8841,8844,9265,9266,9267,9268,
133;0;2138;2228;1;2,15,24,26,38,46,52,54,79,139,144,145,149,177,178,179,180,181,183,225,262,277,304,314,321,395,398,400,408,591,640,715,765,766,848,858,933,948,1073,1093,1169,1476,1478,1479,1481,1523,1666,1719,1720,1721,1722,1723,1724,1973,2425,2536,2547,2627,2628,2649,2677,2683,2693,3260,4371,4372,4373,4374,4375,4376,5181,5182,5525,6136,6145,6225,7365,7652,8282,8356,
133;1;2228;2288;1;2,15,24,26,38,46,52,54,79,139,144,145,149,177,178,179,180,181,183,225,262,277,304,314,321,395,398,400,408,591,640,715,765,766,848,858,933,948,1073,1093,1169,1476,1478,1479,1481,1523,1666,1719,1720,1721,1722,1723,1724,1973,2425,2536,2547,2627,2628,2649,2677,2683,2693,3260,4371,4372,4373,4374,4375,4376,5181,5182,5525,6136,6145,6225,7365,7652,8282,8356,
382;0;2288;2371;0;2,15,24,26,38,46,52,54,79,139,144,145,149,177,178,179,180,181,183,225,262,277,304,314,321,395,398,400,408,591,640,715,765,766,848,858,933,948,1073,1093,1169,1476,1478,1479,1481,1523,1666,1719,1720,1721,1722,1723,1724,1973,2425,2536,2547,2627,2628,2649,2677,2683,2693,3260,4371,4372,4373,4374,4375,4376,5181,5182,5525,6136,6145,6225,7365,7652,8282,8356,
16;0;2371;2532;0;2,15,24,26,38,46,52,54,79,139,144,145,149,177,178,179,180,181,183,225,262,277,304,314,321,395,398,400,408,591,640,715,765,766,848,858,933,948,1073,1093,1169,1476,1478,1479,1481,1523,1666,1719,1720,1721,1722,1723,1724,1973,2425,2536,2547,2627,2628,2649,2677,2683,2693,3260,4371,4372,4373,4374,4375,4376,5181,5182,5525,6136,6145,6225,7365,7652,8282,8356,
16;1;2532;2626;0;2,15,24,26,38,46,52,54,79,139,144,145,149,177,178,179,180,181,183,225,262,277,304,314,321,395,398,400,408,591,640,715,765,766,848,858,933,948,1073,1093,1169,1476,1478,1479,1481,1523,1666,1719,1720,1721,1722,1723,1724,1973,2425,2536,2547,2627,2628,2649,2677,2683,2693,3260,4371,4372,4373,4374,4375,4376,5181,5182,5525,6136,6145,6225,7365,7652,8282,8356,
120;0;2626;2712;0;2,15,24,26,38,46,52,54,79,139,144,145,149,177,178,179,180,181,183,225,262,277,304,314,321,395,398,400,408,591,640,715,765,766,848,858,933,948,1073,1093,1169,1476,1478,1479,1481,1523,1666,1719,1720,1721,1722,1723,1724,1973,2425,2536,2547,2627,2628,2649,2677,2683,2693,3260,4371,4372,4373,4374,4375,4376,5181,5182,5525,6136,6145,6225,7365,7652,8282,8356,
120;1;2712;2864;0;2,15,24,26,38,46,52,54,79,139,144,145,149,177,178,179,180,181,183,225,262,277,304,314,321,395,398,400,408,591,640,715,765,766,848,858,933,948,1073,1093,1169,1476,1478,1479,1481,1523,1666,1719,1720,1721,1722,1723,1724,1973,2425,2536,2547,2627,2628,2649,2677,2683,2693,3260,4371,4372,4373,4374,4375,4376,5181,5182,5525,6136,6145,6225,7365,7652,8282,8356,
53;0;2880;2960;0;2,15,24,26,38,46,52,54,79,118,139,144,145,149,177,178,179,180,181,183,225,262,277,304,314,321,395,398,400,408,591,640,677,715,765,766,836,848,858,933,948,1073,1093,1096,1169,1201,1476,1478,1479,1481,2498,2627,2628,2643,2649,2661,2683,2690,2903,4371,4372,4447,5108,5109,5281,5392,5525,5530,5538,5633,5640,5723,6022,6225,6597,6784,7581,7968,7969,7970,
53;1;2960;3111;0;2,15,24,26,38,46,52,54,79,87,96,118,139,144,145,149,177,178,179,180,181,183,225,262,277,304,314,321,343,395,398,400,408,591,640,677,704,715,765,766,836,848,858,863,933,948,952,1073,1093,1096,1169,1201,1476,1478,1479,1481,1567,2498,2627,2628,2643,2649,2661,2678,2683,2690,2692,2903,3446,3532,4371,4372,4447,4748,4857,5230,5379,6216,6217,6218,
67;0;3111;3155;0;2,15,24,26,38,46,52,54,60,79,87,96,118,139,144,145,149,177,178,179,180,181,183,186,225,254,262,277,304,314,321,343,395,398,400,408,452,591,640,677,704,715,765,766,784,836,848,858,863,933,948,952,1063,1073,1093,1096,1169,1201,1271,1293,1426,1476,1478,1479,1481,1567,1580,1930,1935,2086,2498,2627,2628,2643,2649,2661,2903,3612,4371,4372,
67;1;3155;3313;0;2,15,24,26,38,46,52,54,60,79,87,96,118,139,144,145,149,177,178,179,180,181,183,186,225,254,262,277,304,314,321,343,395,398,400,408,452,591,640,677,691,704,715,765,766,784,836,848,858,863,933,948,952,1063,1073,1093,1096,1136,1169,1201,1271,1293,1426,1476,1478,1479,1481,1567,2498,2627,2649,2903,2986,3618,4371,4372,4744,4745,4746,4791,
102;0;3313;3338;0;2,15,24,26,38,46,52,54,60,79,87,96,118,139,144,145,149,177,178,179,180,181,183,186,225,254,262,277,304,314,321,343,395,398,400,408,452,591,640,677,691,704,715,765,766,784,836,848,858,863,933,948,952,1063,1073,1093,1096,1136,1169,1201,1271,1293,1426,1476,1478,1479,1481,1567,2498,2627,2649,2903,2986,3618,4371,4372,4744,4745,4746,7453,
102;1;3338;3508;0;2,15,24,26,38,46,48,52,54,60,79,87,96,118,139,144,145,149,177,178,179,180,181,183,186,225,254,262,277,304,314,321,343,395,398,400,408,452,591,640,677,691,704,715,765,766,784,836,848,858,863,933,948,952,973,1013,1047,1063,1073,1093,1096,1136,1169,1261,1271,1293,1478,1481,1650,2270,2498,2649,2903,2986,3618,4371,4372,5278,5279,5280,
342;0;3508;3682;0;15,24,26,27,38,48,54,60,61,63,87,144,145,149,177,178,179,262,277,319,359,398,409,591,640,765,767,833,854,863,871,872,898,972,1134,1142,1266,1270,1271,1275,1277,1287,1288,1293,1457,1462,1549,1587,1651,1922,2062,2063,2354,2498,2649,2679,2844,2846,2848,2849,2850,2951,2986,3291,3345,3346,4313,4314,4315,4316,4317,4318,4709,4710,5644,7804,8175,8190,8208,8425,
379;0;3682;3834;0;15,24,26,27,38,48,54,60,61,63,87,144,145,149,177,178,179,262,277,319,359,398,409,591,640,765,767,833,854,863,871,872,898,972,1134,1142,1266,1270,1271,1275,1277,1287,1288,1293,1457,1462,1549,1587,1651,1922,2062,2063,2354,2498,2649,2679,2844,2846,2848,2849,2850,2951,2986,3291,3345,3346,4313,4314,4315,4316,4317,4318,4709,4710,5644,7804,8175,8190,8208,8425,
45;0;3834;3868;0;15,24,26,27,38,48,54,60,61,63,87,144,145,149,177,178,179,262,277,319,359,398,409,591,640,765,767,833,854,863,871,872,898,972,1134,1142,1266,1270,1271,1275,1277,1287,1288,1293,1457,1462,1549,1587,1651,1922,2062,2063,2354,2498,2649,2679,2844,2846,2848,2849,2850,2951,2986,3291,3345,3346,4313,4314,4315,4316,4317,4318,4709,4710,5644,7804,8175,8190,8208,8425,
45;1;3868;3979;0;15,24,26,27,38,48,54,60,61,63,87,144,145,149,177,178,179,262,277,319,359,398,409,591,640,765,767,833,854,863,871,872,898,972,1134,1142,1266,1270,1271,1275,1277,1287,1288,1293,1457,1462,1549,1587,1651,1922,2062,2063,2354,2498,2649,2679,2844,2846,2848,2849,2850,2951,2986,3291,3345,3346,4313,4314,4315,4316,4317,4318,4709,4710,5644,7804,8175,8190,8208,8425,
46;0;3979;4031;0;15,24,26,27,38,48,54,60,61,63,87,144,145,149,177,178,179,262,277,319,359,398,409,591,640,765,767,833,854,863,871,872,898,972,1134,1142,1266,1270,1271,1275,1277,1287,1288,1293,1457,1462,1549,1587,1651,1922,2062,2063,2354,2498,2649,2679,2844,2846,2848,2849,2850,2951,2986,3291,3345,3346,4313,4314,4315,4316,4317,4318,4709,4710,5644,7804,8175,8190,8208,8425,
46;1;4031;4086;0;15,24,26,27,38,48,54,60,61,63,87,144,145,149,177,178,179,262,277,319,359,398,409,591,640,765,767,833,854,863,871,872,898,972,1134,1142,1266,1270,1271,1275,1277,1287,1288,1293,1457,1462,1549,1587,1651,1922,2062,2063,2354,2498,2649,2679,2844,2846,2848,2849,2850,2951,2986,3291,3345,3346,4313,4314,4315,4316,4317,4318,4709,4710,5644,7804,8175,8190,8208,8425,
11;0;4086;4160;0;15,24,26,27,38,48,54,60,61,63,87,144,145,149,177,178,179,262,277,319,359,398,409,591,640,765,767,833,854,863,871,872,898,972,1134,1142,1266,1270,1271,1275,1277,1287,1288,1293,1457,1462,1549,1587,1651,1922,2062,2063,2354,2498,2649,2679,2844,2846,2848,2849,2850,2951,2986,3291,3345,3346,4313,4314,4315,4316,4317,4318,4709,4710,5644,7804,8175,8190,8208,8425,
11;1;4320;4345;0;15,24,26,27,38,48,54,60,61,63,87,144,145,149,177,178,179,233,262,277,290,319,359,398,409,591,640,644,765,767,833,854,863,871,872,898,972,1134,1142,1266,1270,1271,1275,1277,1287,1288,1293,1457,1462,1549,1587,1651,1922,2062,2063,2354,2498,2649,2679,2774,2775,2816,2844,2846,2848,2849,2850,2951,2986,3291,3345,3346,4313,4314,4315,4316,4600,4740,5331,8190,
135;0;4345;4379;0;15,24,26,27,38,48,54,60,61,63,87,144,145,149,177,178,179,233,262,277,290,319,359,398,409,528,591,640,644,765,767,833,854,863,871,872,898,972,1134,1142,1266,1270,1271,1275,1277,1287,1288,1293,1457,1462,1549,1587,1651,1922,2062,2063,2220,2354,2417,2498,2649,2679,2774,2775,2816,2844,2846,2848,2849,2850,2951,2986,3291,3345,3346,4313,4314,4450,4740,8190,
135;1;4379;4434;0;15,24,26,27,38,48,54,60,61,63,87,144,145,149,152,175,177,178,179,189,197,233,262,277,290,319,359,398,409,415,528,551,591,640,644,729,854,871,872,875,898,972,1142,1270,1271,1275,1277,1291,1341,1545,1549,1587,1777,2068,2148,2174,2233,2258,2354,2649,2774,2775,2816,2848,2856,2873,3291,3409,3802,3829,4060,4740,4864,4866,4868,4869,4871,5779,5780,8190,
498;0;4434;4513;0;15,24,26,27,38,48,54,60,61,63,87,144,145,149,152,175,177,178,179,189,197,233,262,277,290,319,359,398,409,415,449,476,479,528,551,591,640,644,729,854,871,872,875,898,972,1142,1270,1271,1275,1277,1291,1334,1341,1545,1549,1587,1777,2068,2148,2354,2649,2774,2775,2816,2848,3070,3291,3336,3348,3349,3355,3360,3361,3609,3774,4740,4909,5474,5487,8190,
396;0;4513;4588;0;15,20,24,25,26,27,37,38,39,41,43,48,50,54,60,61,63,76,87,144,145,149,152,175,177,178,179,189,194,197,217,233,262,277,290,319,359,398,409,415,449,476,479,512,528,551,591,640,644,729,854,871,872,875,898,972,1142,1270,1271,1275,1277,1291,1334,1549,1587,2354,2649,2774,2775,2816,2848,3070,3291,4286,4740,5513,7243,7657,7658,8190,
469;0;4588;4625;0;15,20,24,25,26,27,37,38,39,41,43,48,50,54,60,61,63,76,87,100,144,145,149,152,175,177,178,179,189,194,197,217,233,262,277,290,319,359,398,409,415,449,476,479,512,528,551,591,640,644,729,838,854,871,872,875,898,972,1142,1270,1271,1275,1277,1291,1474,1549,1587,2354,2649,2774,2775,2816,2848,3070,3291,4740,5513,6114,7215,8190,
418;0;4625;4781;1;15,20,24,25,26,27,37,38,39,41,43,48,50,54,60,61,63,76,87,100,137,144,145,149,152,175,177,178,179,189,194,197,217,233,262,277,290,291,319,351,359,398,409,415,449,476,479,512,528,551,591,640,644,854,871,872,898,972,1118,1142,1277,1540,1549,1587,2354,2645,2774,2775,2816,2848,3070,3263,3291,4740,5051,5209,5409,5513,6472,8190,
393;0;4781;4938;1;15,20,24,25,26,27,37,38,39,41,43,48,50,54,60,61,63,76,87,100,137,144,145,149,152,175,177,178,179,180,181,182,183,184,189,194,197,217,233,262,277,290,291,319,351,359,398,409,415,449,476,479,512,528,551,591,640,644,854,871,872,898,972,1118,1142,1277,1540,1549,1587,2354,2645,2774,2775,2816,2848,3070,3291,4740,5513,8190,
335;0;4938;5098;1;2,24,27,60,90,103,144,145,146,149,177,241,255,262,277,290,321,359,390,398,501,515,578,644,704,766,769,831,843,948,1121,1163,1277,1322,1491,1549,1587,1680,1816,2018,2132,2198,2199,2657,2847,2848,2903,2904,2961,2962,2964,3080,3515,3721,3753,3978,3979,4033,4372,4406,5624,5627,5828,6105,6749,7458,7994,8134,8135,8136,8137,8138,8139,8140,8141,8142,8143,8144,8145,8146,
464;0;5098;5260;1;2,24,27,60,90,103,144,145,146,149,177,241,255,262,277,290,321,359,390,398,501,515,578,644,704,766,769,831,843,948,1121,1163,1277,1322,1491,1549,1587,1680,1816,2018,2132,2198,2199,2657,2847,2848,2903,2904,2961,2962,2964,3080,3515,3721,3753,3978,3979,4033,4372,4406,5624,5627,5828,6105,6749,7458,7994,8134,8135,8136,8137,8138,8139,8140,8141,8142,8143,8144,8145,8146,
69;0;5260;5347;1;2,24,27,60,90,103,144,145,146,149,177,241,255,262,277,290,321,359,390,398,501,515,578,644,704,766,769,831,843,948,1121,1163,1277,1322,1491,1549,1587,1680,1816,2018,2132,2198,2199,2657,2847,2848,2903,2904,2961,2962,2964,3080,3515,3721,3753,3978,3979,4033,4372,4406,5624,5627,5828,6105,6749,7458,7994,8134,8135,8136,8137,8138,8139,8140,8141,8142,8143,8144,8145,8146,
69;1;5347;5427;1;2,24,27,60,90,103,144,145,146,149,177,241,255,262,277,290,321,359,390,398,501,515,578,644,704,766,769,831,843,948,1121,1163,1277,1322,1491,1549,1587,1680,1816,2018,2132,2198,2199,2657,2847,2848,2903,2904,2961,2962,2964,3080,3515,3721,3753,3978,3979,4033,4372,4406,5624,5627,5828,6105,6749,7458,7994,8134,8135,8136,8137,8138,8139,8140,8141,8142,8143,8144,8145,8146,
Machine: 4
365;0;0;6;1;3,26,61,100,137,144,145,188,225,251,288,390,398,632,766,831,833,834,835,855,1048,1051,1145,1268,1270,1293,1294,1358,1529,1549,1588,1604,1712,1725,1781,1805,1868,1936,1945,1970,1971,2018,2175,2198,2199,2306,2420,2488,2661,2774,2847,2848,2903,3255,3459,3511,3512,3516,3692,3693,3694,3695,3696,3697,3721,3797,3859,3978,3980,4217,4330,4353,4567,4600,5416,6918,6919,6920,6921,6922,
349;0;6;28;1;3,26,61,100,137,144,145,188,225,251,288,390,398,632,766,831,833,834,835,855,1048,1051,1145,1268,1270,1293,1294,1358,1529,1549,1588,1604,1712,1725,1781,1805,1868,1936,1945,1970,1971,2018,2175,2198,2199,2306,2420,2488,2661,2774,2847,2848,2903,3255,3459,3511,3512,3516,3692,3693,3694,3695,3696,3697,3721,3797,3859,3978,3980,4217,4330,4353,4567,4600,5416,6918,6919,6920,6921,6922,
465;0;28;59;1;3,26,61,100,137,144,145,188,225,251,288,390,398,632,766,831,833,834,835,855,1048,1051,1145,1268,1270,1293,1294,1358,1529,1549,1588,1604,1712,1725,1781,1805,1868,1936,1945,1970,1971,2018,2175,2198,2199,2306,2420,2488,2661,2774,2847,2848,2903,3255,3459,3511,3512,3516,3692,3693,3694,3695,3696,3697,3721,3797,3859,3978,3980,4217,4330,4353,4567,4600,5416,6918,6919,6920,6921,6922,
426;0;59;93;1;3,26,61,100,137,144,145,188,225,251,288,390,398,632,766,831,833,834,835,855,1048,1051,1145,1268,1270,1293,1294,1358,1529,1549,1588,1604,1712,1725,1781,1805,1868,1936,1945,1970,1971,2018,2175,2198,2199,2306,2420,2488,2661,2774,2847,2848,2903,3255,3459,3511,3512,3516,3692,3693,3694,3695,3696,3697,3721,3797,3859,3978,3980,4217,4330,4353,4567,4600,5416,6918,6919,6920,6921,6922,
27;0;93;126;1;3,26,61,100,137,144,145,188,225,251,288,390,398,632,766,831,833,834,835,855,1048,1051,1145,1268,1270,1293,1294,1358,1529,1549,1588,1604,1712,1725,1781,1805,1868,1936,1945,1970,1971,2018,2175,2198,2199,2306,2420,2488,2661,2774,2847,2848,2903,3255,3459,3511,3512,3516,3692,3693,3694,3695,3696,3697,3721,3797,3859,3978,3980,4217,4330,4353,4567,4600,5416,6918,6919,6920,6921,6922,
27;1;126;130;1;3,26,61,100,137,144,145,188,225,251,288,390,398,632,766,831,833,834,835,855,1048,1051,1145,1268,1270,1293,1294,1358,1529,1549,1588,1604,1712,1725,1781,1805,1868,1936,1945,1970,1971,2018,2175,2198,2199,2306,2420,2488,2661,2774,2847,2848,2903,3255,3459,3511,3512,3516,3692,3693,3694,3695,3696,3697,3721,3797,3859,3978,3980,4217,4330,4353,4567,4600,5416,6918,6919,6920,6921,6922,
90;0;130;163;1;3,26,61,100,104,137,144,145,188,225,251,288,390,398,438,632,766,831,833,834,835,854,855,863,949,1048,1051,1145,1268,1270,1293,1294,1358,1453,1529,1549,1588,1604,1712,1725,1781,1805,1868,1936,1945,1970,1971,2018,2175,2198,2199,2306,2420,2488,2626,2633,2661,2711,2774,2847,2848,2903,3255,3459,3511,3512,3516,3517,3518,3519,3520,3521,3523,3524,3525,3692,3693,3694,4567,4600,
90;1;163;173;1;3,26,61,100,104,137,144,145,188,225,231,251,288,377,379,382,390,398,438,632,644,647,766,831,833,834,835,852,854,855,863,938,949,1048,1051,1117,1118,1145,1171,1268,1270,1293,1294,1358,1447,1453,1474,1478,1604,1661,1667,1668,1736,1768,1971,1973,2222,2306,2362,2391,2626,2633,2636,2638,2661,2675,2774,2903,3099,3511,3512,3793,4567,4600,5138,5808,6263,7840,8125,8127,
433;0;173;220;1;3,26,61,100,104,137,144,145,188,225,231,251,288,377,379,382,390,398,438,632,644,647,766,831,833,834,835,852,854,855,863,938,949,1048,1051,1117,1118,1145,1171,1268,1270,1293,1294,1358,1447,1453,1474,1478,1497,1551,1552,1553,1555,1556,1557,1604,1661,1667,1668,1736,1768,1971,1973,2222,2306,2362,2391,2626,2633,2636,2661,2774,2903,3099,3129,3511,3512,4567,4600,7840,
404;0;220;271;1;3,26,61,100,104,137,144,145,188,225,231,251,288,377,379,382,390,398,438,632,644,647,766,831,833,834,835,852,854,855,863,938,949,1048,1051,1117,1118,1145,1171,1268,1270,1293,1447,1474,1478,1604,1668,1768,1971,1973,2222,2306,2391,2626,2633,2661,2774,2903,3099,3511,3512,4567,4600,5951,5959,5963,5966,5968,5976,5980,5987,5992,6151,6556,6583,6727,6729,7132,7134,7840,
416;0;271;324;1;3,24,26,61,100,104,137,144,145,188,225,231,251,288,377,379,382,390,398,438,632,644,647,766,831,833,834,835,852,854,855,863,938,949,1048,1051,1117,1118,1145,1171,1268,1270,1293,1447,1474,1478,1587,1604,1668,1768,1971,1973,2222,2306,2391,2626,2633,2661,2774,2903,3099,3511,3512,4567,4600,5951,5959,5963,5966,5968,5976,5980,5987,5992,6151,6556,6583,7009,7840,8354,
121;0;324;358;1;3,24,26,61,92,100,104,137,144,145,188,225,231,251,288,377,379,382,390,398,438,632,644,647,766,773,831,833,834,835,852,854,855,863,938,949,1048,1051,1117,1118,1145,1171,1268,1270,1293,1447,1474,1478,1587,1604,1668,1768,1971,1973,2222,2306,2318,2391,2626,2633,2661,2774,2903,3099,3511,3512,4567,4600,5951,5959,5963,5966,5968,5976,5980,5987,7626,7804,7840,8354,
121;1;358;384;1;3,24,26,61,92,100,104,137,144,145,188,225,231,251,288,377,379,382,390,398,438,632,644,647,766,773,831,833,834,835,852,854,855,863,938,949,1048,1051,1117,1118,1145,1171,1268,1270,1293,1447,1474,1478,1587,1604,1668,1768,1971,1973,2222,2306,2318,2391,2626,2633,2661,2774,2903,3099,3511,3512,4567,4600,5951,5959,5963,5966,5968,5976,7834,7835,7836,7837,7838,8354,
88;0;384;421;1;3,137,144,145,177,225,262,267,288,297,305,306,318,379,395,398,434,647,854,855,890,892,894,895,896,897,898,899,900,901,907,908,911,912,913,915,916,918,919,920,921,923,924,925,926,927,928,929,930,931,932,934,938,939,942,943,948,949,1118,1171,1361,1378,1474,1668,1671,1809,2370,3618,3619,3620,4469,4553,4658,6101,6107,6108,6109,6110,6111,6112,
88;1;421;450;1;3,95,137,139,144,145,177,225,245,262,267,273,288,289,290,291,297,305,306,318,321,379,395,398,434,647,769,854,855,890,891,892,894,895,896,897,898,899,900,901,907,908,911,912,913,915,916,918,921,948,949,1024,1052,1118,1119,1121,1361,1474,1669,1671,1680,1809,1816,1920,2371,2388,2816,3292,4552,4553,4563,5206,5351,6101,6107,6109,6184,7215,7216,7217,
460;0;450;526;1;95,117,138,139,144,145,148,225,226,229,230,234,241,244,262,267,268,272,273,275,285,286,287,288,290,291,292,351,379,382,404,429,430,609,815,827,854,948,1075,1118,1121,1236,1309,1395,1447,1474,1502,1671,1718,1732,1914,1920,1973,2091,2246,2337,2378,2391,2436,2674,3016,3099,3100,3101,3102,3103,3104,3105,3106,3107,3108,3109,3110,3111,3112,3113,3114,3115,3116,3117,
369;0;526;603;1;95,117,138,139,144,145,148,225,226,229,230,234,241,244,262,267,268,272,273,275,285,286,287,288,290,291,292,351,379,382,404,429,430,609,815,827,854,948,1075,1118,1121,1236,1309,1395,1447,1474,1502,1671,1679,1718,1732,1914,1920,1973,2091,2246,2337,2378,2391,2436,2495,2674,2814,3016,3099,3100,3101,3102,3103,3104,3105,3106,3107,3108,4545,4972,5767,5768,5769,5770,
29;0;603;679;1;95,117,138,139,144,145,148,225,226,229,230,234,241,244,262,267,268,272,273,275,285,286,287,288,290,291,292,351,379,382,404,429,430,609,815,827,854,948,1075,1118,1121,1236,1309,1395,1447,1474,1502,1671,1679,1718,1732,1914,1920,1973,2091,2246,2337,2378,2391,2436,2495,2674,2814,3016,3099,3100,3101,3102,3103,4545,5768,8559,9020,9021,9022,9023,9034,9165,9166,9167,
29;1;679;683;1;95,117,138,139,144,145,146,148,149,225,226,229,230,234,241,244,262,267,268,272,273,275,285,286,287,288,290,291,292,304,351,377,379,382,397,404,429,430,609,644,815,827,854,948,1057,1075,1117,1118,1121,1236,1309,1395,1447,1474,1502,1671,1679,1718,1732,1812,1914,1920,1973,2091,2246,2337,2378,2391,2436,2495,2536,2674,2814,3016,3099,3100,3293,4545,5457,5768,
445;0;683;767;1;93,95,100,117,138,139,144,145,146,148,149,225,226,229,230,233,234,241,262,277,288,290,291,292,304,351,377,397,404,429,430,436,644,773,827,854,948,1043,1054,1095,1117,1118,1121,1236,1274,1399,1474,1478,1479,1502,1679,1803,1814,1973,2091,2337,2382,2455,2583,2626,2633,2661,2951,3267,3268,3293,3511,3512,4545,4934,4968,5202,5397,5679,5680,5768,5926,5941,5942,5943,
110;0;767;923;0;93,95,100,117,138,139,144,145,146,148,149,225,226,229,230,233,234,241,262,277,288,290,291,292,304,351,377,397,404,429,430,436,644,773,827,854,948,1043,1054,1095,1117,1118,1121,1236,1274,1399,1474,1478,1479,1502,1679,1803,1814,1973,2091,2337,2382,2455,2583,2626,2633,2661,2951,3267,3268,3293,3511,3512,4545,4934,4968,5202,5397,5679,5680,5768,5926,5941,5942,5943,
110;1;923;1006;0;93,95,100,117,138,139,144,145,146,148,149,225,226,229,230,233,234,241,262,277,288,290,291,292,304,351,377,397,404,429,430,436,644,773,827,854,948,1043,1054,1095,1117,1118,1121,1236,1274,1399,1474,1478,1479,1502,1679,1803,1814,1973,2091,2337,2382,2455,2583,2626,2633,2661,2951,3267,3268,3293,3511,3512,4545,4934,4968,5202,5397,5679,5680,5768,5926,5941,5942,5943,
40;0;1006;1070;0;93,95,100,117,138,139,144,145,146,148,149,225,226,229,230,233,234,241,262,277,288,290,291,292,304,351,377,397,404,429,430,436,644,773,827,854,948,1043,1054,1095,1117,1118,1121,1236,1274,1399,1474,1478,1479,1502,1679,1803,1814,1973,2091,2337,2382,2455,2583,2626,2633,2661,2951,3267,3268,3293,3511,3512,4545,4934,4968,5202,5397,5679,5680,5768,5926,5941,5942,5943,
40;1;1070;1218;0;93,95,100,117,138,139,144,145,146,148,149,225,226,229,230,233,234,241,262,277,288,290,291,292,304,351,377,397,404,429,430,436,644,773,827,854,948,1043,1054,1095,1117,1118,1121,1236,1274,1399,1474,1478,1479,1502,1679,1803,1814,1973,2091,2337,2382,2455,2583,2626,2633,2661,2951,3267,3268,3293,3511,3512,4545,4934,4968,5202,5397,5679,5680,5768,5926,5941,5942,5943,
3;0;1218;1344;0;93,95,100,117,138,139,144,145,146,148,149,225,226,229,230,233,234,241,262,277,288,290,291,292,304,351,377,397,404,429,430,436,644,773,827,854,948,1043,1054,1095,1117,1118,1121,1236,1274,1399,1474,1478,1479,1502,1679,1803,1814,1973,2091,2337,2382,2455,2583,2626,2633,2661,2951,3267,3268,3293,3511,3512,4545,4934,4968,5202,5397,5679,5680,5768,5926,5941,5942,5943,
3;1;1440;1520;0;25,34,46,52,60,79,93,95,100,117,126,127,128,138,139,144,145,146,148,149,198,225,226,233,234,262,277,288,290,291,292,304,351,359,377,397,404,413,429,430,551,644,759,773,827,948,962,1117,1118,1121,1236,1474,1478,1479,1502,1587,1853,1858,1973,2034,2035,2091,2315,2337,2455,2626,2661,2842,3267,3268,3293,3304,3511,3999,4122,4545,5290,5314,5477,5478,
76;0;1520;1684;0;25,34,46,52,60,79,93,95,96,100,117,126,127,128,137,138,139,143,144,145,149,225,233,234,262,277,288,290,291,292,304,351,377,390,391,397,404,429,430,640,644,773,827,911,948,1050,1117,1118,1121,1146,1236,1361,1468,1474,1478,1479,1502,1853,1858,1973,2091,2315,2337,2425,2455,2613,2626,2661,3267,3268,3293,3511,4545,5214,6684,7408,9261,9262,9263,9264,
76;1;1684;1712;0;9,10,25,34,46,52,60,79,93,95,96,100,117,126,127,128,137,138,139,143,144,145,149,225,233,234,262,277,288,290,291,292,304,351,377,390,391,397,404,429,430,591,640,644,773,827,838,911,948,949,1117,1118,1121,1236,1359,1361,1474,1478,1479,1502,1853,1858,2091,2315,2337,2455,2626,2661,2774,2775,2776,3267,3268,3293,3511,4545,5351,5432,5433,5434,
423;0;1712;1875;0;9,10,25,34,46,52,60,79,93,95,96,100,117,126,127,128,137,138,139,143,144,145,149,225,233,234,262,277,288,290,291,292,304,351,377,390,391,397,404,429,430,518,591,640,644,773,827,838,911,948,949,1117,1118,1121,1236,1359,1361,1474,1478,1479,1502,1853,1858,2091,2168,2315,2337,2626,2661,2774,2775,2776,3267,3268,3293,3414,3511,4545,5432,6705,
438;0;1875;2032;0;25,34,46,52,60,95,100,117,137,139,144,145,149,225,233,234,256,262,277,288,291,292,304,351,377,397,404,429,430,640,644,773,827,838,948,949,1117,1118,1236,1282,1292,1361,1478,1479,1502,1853,1858,1867,2021,2089,2091,2221,2315,2337,2407,2410,2477,2625,2626,2661,2774,2775,2776,3267,3268,3293,3416,3511,3706,3929,4435,4545,5106,5703,6757,7367,7879,8606,9257,9258,
419;0;2032;2184;0;4,89,90,95,137,144,202,231,276,291,292,351,429,583,640,764,768,773,833,836,858,862,863,864,944,945,947,949,1046,1093,1118,1174,1214,1371,1509,1513,1524,1525,1532,1533,1534,1535,1536,1537,1538,1895,2091,2315,2413,2518,2774,2775,2777,2778,2802,2807,2812,2941,3263,3267,3268,3891,4514,4600,4605,4606,4937,5025,5386,5387,6288,6289,6290,6298,6299,6300,6301,6302,9046,9047,
368;0;2184;2332;0;4,89,90,95,137,144,202,231,276,291,292,351,429,583,640,764,768,773,833,836,858,862,863,864,944,945,947,949,1046,1093,1118,1174,1214,1371,1509,1513,1524,1525,1532,1533,1534,1535,1536,1537,1538,1895,2091,2315,2413,2518,2774,2775,2777,2778,2802,2807,2812,2941,3263,3267,3268,3891,4514,4600,4605,4606,4937,5025,5386,5387,6288,6289,6290,6298,6299,6300,6301,6302,9046,9047,
126;0;2332;2397;0;4,89,90,95,137,144,202,231,276,291,292,351,429,583,640,764,768,773,833,836,858,862,863,864,944,945,947,949,1046,1093,1118,1174,1214,1371,1509,1513,1524,1525,1532,1533,1534,1535,1536,1537,1538,1895,2091,2315,2413,2518,2774,2775,2777,2778,2802,2807,2812,2941,3263,3267,3268,3891,4514,4600,4605,4606,4937,5025,5386,5387,6288,6289,6290,6298,6299,6300,6301,6302,9046,9047,
126;1;2397;2422;0;4,89,90,95,137,144,202,231,276,291,292,351,429,583,640,764,768,773,833,836,858,862,863,864,944,945,947,949,1046,1093,1118,1174,1214,1371,1509,1513,1524,1525,1532,1533,1534,1535,1536,1537,1538,1895,2091,2315,2413,2518,2774,2775,2777,2778,2802,2807,2812,2941,3263,3267,3268,3891,4514,4600,4605,4606,4937,5025,5386,5387,6288,6289,6290,6298,6299,6300,6301,6302,9046,9047,
81;0;2880;2884;0;4,38,41,89,90,95,137,144,202,231,276,291,292,351,429,583,640,764,768,773,833,836,858,862,863,864,872,944,945,947,949,972,1046,1093,1118,1142,1174,1214,1371,1457,1464,1465,1509,1513,1524,1525,1532,1533,1534,1535,1536,1537,1538,1895,2091,2315,2413,2518,2774,2775,2777,2778,2802,2807,2812,2941,3263,3267,3268,3891,4514,4600,4605,4606,4937,5025,5386,5387,6288,6289,
81;1;2884;2950;0;4,38,41,89,90,95,137,144,202,231,276,291,292,351,429,583,640,764,765,768,773,833,836,858,862,863,864,872,944,945,947,949,972,1046,1093,1118,1142,1174,1201,1214,1371,1457,1464,1465,1509,1513,1524,1525,1532,1533,1534,1535,1536,1537,1538,1895,1915,2091,2315,2413,2518,2640,2679,2774,2775,2777,2778,2941,3019,3263,3267,3268,3447,4606,4608,4773,5499,5500,5502,6774,
366;0;2950;2965;0;4,38,41,89,90,95,137,144,202,231,276,291,292,351,429,583,640,764,765,768,773,833,836,858,862,863,864,872,921,944,945,947,949,972,1046,1093,1118,1142,1174,1201,1214,1371,1457,1464,1465,1489,1509,1513,1524,1525,1532,1533,1534,1535,1536,1537,1538,1895,1915,2091,2315,2413,2518,2640,2679,2774,2775,2777,2778,2941,3019,3263,3267,3268,3447,4606,4608,4773,6090,9200,
161;0;2965;3031;1;4,38,41,89,90,95,137,144,202,231,276,288,291,292,314,351,429,583,640,764,765,768,773,833,836,858,862,863,864,872,921,944,945,947,949,972,1046,1058,1093,1117,1118,1142,1174,1201,1214,1371,1457,1464,1465,1489,1509,1513,1524,1525,1532,1533,1534,1535,1536,1537,1538,1669,1768,2091,2253,2645,2774,2775,2777,2778,2780,2816,2941,2950,3263,4018,4564,4608,4740,4805,
161;1;3031;3061;1;4,38,41,89,90,95,137,144,202,231,276,288,291,292,314,351,429,583,640,677,764,765,768,773,833,836,858,862,863,864,872,921,944,945,947,949,972,1046,1058,1093,1117,1118,1142,1174,1201,1214,1371,1457,1464,1465,1489,1509,1513,1524,1525,1532,1533,1534,1535,1536,1537,1538,1669,1768,2091,2253,2643,2645,2774,2775,2777,2778,2780,2816,2941,2950,3263,4398,4608,6195,
337;0;3061;3162;1;4,38,41,89,90,95,100,102,137,144,202,231,276,288,291,292,299,314,351,429,583,607,640,677,764,765,768,773,833,836,858,862,863,864,872,921,944,945,947,949,972,1046,1058,1093,1117,1118,1142,1174,1201,1214,1481,1538,2091,2318,2643,2645,2683,2774,2775,2777,2778,2780,2941,3015,4608,5392,5525,5530,5538,5637,5722,6022,6225,6309,6310,6311,6312,6313,6449,6746,
397;0;3162;3267;1;4,38,41,89,90,95,100,102,137,144,202,231,276,288,291,292,299,314,351,429,583,607,640,677,764,765,768,773,833,836,858,862,863,864,872,921,944,945,947,949,972,1046,1058,1093,1117,1118,1142,1174,1201,1214,1360,1481,1538,2091,2318,2643,2645,2683,2774,2775,2777,2778,2780,2941,3015,4608,5392,5525,5530,5538,5637,5722,6022,6225,6309,6310,6311,6312,6313,6449,
141;0;3267;3335;1;4,38,41,89,90,95,100,102,137,144,202,231,276,288,291,292,299,314,351,429,583,607,640,677,764,765,768,773,833,836,858,862,863,864,872,921,944,945,947,949,972,1046,1058,1093,1117,1201,1481,1538,1541,1980,1993,2059,2060,2061,2062,2063,2064,2065,2066,2067,2068,2069,2070,2091,2318,2643,2645,2774,2775,2777,2778,2780,2941,3015,5525,5637,5722,6022,6225,6310,
141;1;3335;3375;1;4,24,38,41,89,90,95,100,102,137,144,202,231,276,288,291,292,299,314,351,429,583,607,640,677,764,765,768,773,833,836,858,862,863,864,872,921,944,945,947,949,972,1046,1058,1093,1117,1201,1481,1538,1541,1630,1980,1993,2059,2060,2061,2062,2063,2064,2065,2091,2318,2407,2643,2645,2774,2775,2777,2778,2780,2941,3015,5091,5525,5637,5722,6022,6225,6310,8354,
442;0;3375;3486;1;4,24,38,41,89,90,95,100,102,137,144,202,231,276,288,291,292,299,314,351,429,434,583,607,640,677,764,765,768,773,833,836,858,862,863,864,872,921,944,945,947,949,972,1046,1058,1093,1117,1201,1481,1538,1541,1630,2062,2063,2064,2091,2318,2643,2645,2774,2775,2776,2777,2778,2780,2941,3015,4567,4604,4639,4765,5043,5525,5637,5722,6022,6225,6310,8354,9204,
444;0;3486;3601;1;3,24,38,55,137,139,144,149,189,225,262,288,301,314,321,329,377,395,528,647,814,833,855,891,948,949,1093,1148,1201,1293,1322,1390,1417,1478,1479,1488,1510,1540,1573,1604,1608,1809,2064,2091,2153,2222,2544,2696,2806,2961,3130,3258,3293,3849,3850,3851,3852,3853,3854,4371,4428,4535,4553,4818,5217,5218,5219,5220,5221,5222,5223,5722,6101,6107,6310,6424,6791,7029,7883,8400,
93;0;3601;3652;1;3,24,38,55,137,139,144,149,189,225,262,288,301,314,321,329,377,395,528,647,814,833,855,891,948,949,1093,1148,1201,1293,1322,1390,1417,1478,1479,1488,1510,1540,1573,1604,1608,1809,2064,2091,2153,2222,2544,2696,2806,2961,3130,3258,3293,3849,3850,3851,3852,3853,3854,4371,4428,4535,4553,4818,5217,5218,5219,5220,5221,5222,5223,5722,6101,6107,6310,6424,6791,7029,7883,8400,
93;1;3652;3728;1;3,24,38,55,137,139,144,149,189,225,262,288,301,314,321,329,377,395,528,647,814,833,855,891,948,949,1093,1148,1201,1293,1322,1390,1417,1478,1479,1488,1510,1540,1573,1604,1608,1809,2064,2091,2153,2222,2544,2696,2806,2961,3130,3258,3293,3849,3850,3851,3852,3853,3854,4371,4428,4535,4553,4818,5217,5218,5219,5220,5221,5222,5223,5722,6101,6107,6310,6424,6791,7029,7883,8400,
151;0;3728;3850;1;3,24,38,55,137,139,144,149,189,225,262,288,301,314,321,329,377,395,528,647,814,833,855,891,948,949,1093,1148,1201,1293,1322,1390,1417,1478,1479,1488,1510,1540,1573,1604,1608,1809,2064,2091,2153,2222,2544,2696,2806,2961,3130,3258,3293,3849,3850,3851,3852,3853,3854,4371,4428,4535,4553,4818,5217,5218,5219,5220,5221,5222,5223,5722,6101,6107,6310,6424,6791,7029,7883,8400,
151;1;4320;4328;1;3,24,38,55,137,139,144,149,189,225,262,288,301,314,321,329,377,395,528,647,719,814,833,855,891,948,949,1093,1148,1201,1293,1322,1390,1417,1478,1479,1488,1510,1540,1573,1604,1608,1809,2064,2091,2153,2222,2544,2696,2806,2955,2961,3130,3258,3293,3849,3850,3851,3852,3853,3854,4371,4428,4535,4553,4818,5217,5218,5219,5220,5221,5222,5223,5722,6024,6101,6107,6310,6709,6710,
341;0;4328;4464;1;3,17,20,24,25,34,37,38,39,40,46,52,54,55,117,137,139,144,149,189,192,225,262,288,301,314,321,329,377,395,412,460,528,647,719,778,814,833,855,891,948,949,1093,1148,1201,1293,1311,1322,1390,1417,1478,1479,1488,1510,1540,1560,1573,1604,1608,1809,1853,1858,2064,2091,2153,2222,2338,3014,3015,3061,4428,4553,5472,5722,5825,6101,6107,6428,6706,8988,
401;0;4464;4605;1;3,17,20,24,25,34,37,38,39,40,46,52,54,55,78,117,137,139,144,149,189,192,225,262,288,301,314,321,329,377,395,412,460,528,647,719,778,814,833,855,871,872,873,874,891,948,949,1093,1148,1201,1293,1311,1322,1390,1417,1456,1466,1478,1479,1488,1510,1540,1560,1573,1604,1608,1809,1853,1858,2064,2091,2153,2222,2338,3014,4428,4553,5722,6101,6107,
353;0;4605;4750;1;3,17,20,24,25,34,37,38,39,40,46,52,54,55,78,117,137,139,144,149,177,189,192,225,234,262,288,301,302,304,305,308,314,317,321,329,377,395,412,442,460,528,595,647,719,778,814,833,855,871,872,873,874,891,948,949,1093,1148,1201,1293,1311,1322,1390,1417,1430,1456,1466,1478,1540,1676,1809,1932,1933,2064,2153,4428,4553,5722,6101,6107,
496;0;4750;4898;1;3,17,20,24,25,34,37,38,39,40,46,52,54,55,78,117,137,139,144,149,177,189,192,225,234,262,288,301,302,304,305,308,314,317,321,329,377,395,412,442,460,528,595,647,719,778,814,833,855,871,872,873,874,891,948,949,1093,1148,1201,1293,1311,1322,1390,1417,1430,1456,1466,1478,1540,1676,1809,2064,2153,2662,3329,4428,4553,5722,6101,6107,
400;0;4898;5048;1;3,26,55,137,144,149,177,225,262,269,274,276,321,377,395,396,647,677,849,1093,1322,1374,1451,1473,1478,1481,1538,1676,1759,1809,2054,2153,2626,2628,2649,2660,2689,3511,3527,3580,3581,3582,4400,4545,4553,4956,4957,4958,4959,4960,4961,4962,4963,5507,5633,5900,6022,6101,6107,6114,6201,6370,6723,7203,7204,7205,7206,7207,7208,7209,7210,7211,7212,7213,7367,7463,8449,8582,8583,8584,
43;0;5048;5153;1;3,26,55,137,144,149,177,225,262,269,274,276,321,377,395,396,647,677,849,1093,1322,1374,1451,1473,1478,1481,1538,1676,1759,1809,2054,2153,2626,2628,2649,2660,2689,3511,3527,3580,3581,3582,4400,4545,4553,4956,4957,4958,4959,4960,4961,4962,4963,5507,5633,5900,6022,6101,6107,6114,6201,6370,6723,7203,7204,7205,7206,7207,7208,7209,7210,7211,7212,7213,7367,7463,8449,8582,8583,8584,
43;1;5153;5204;1;3,26,55,137,144,149,177,225,262,269,274,276,321,377,395,396,647,677,849,1093,1322,1374,1451,1473,1478,1481,1538,1676,1759,1809,2054,2153,2626,2628,2649,2660,2689,3511,3527,3580,3581,3582,4400,4545,4553,4956,4957,4958,4959,4960,4961,4962,4963,5507,5633,5900,6022,6101,6107,6114,6201,6370,6723,7203,7204,7205,7206,7207,7208,7209,7210,7211,7212,7213,7367,7463,8449,8582,8583,8584,
61;0;5204;5259;1;3,26,55,137,144,149,177,225,262,269,274,276,321,377,395,396,647,677,849,1093,1322,1374,1451,1473,1478,1481,1538,1676,1759,1809,2054,2153,2626,2628,2649,2660,2689,3511,3527,3580,3581,3582,4400,4545,4553,4956,4957,4958,4959,4960,4961,4962,4963,5507,5633,5900,6022,6101,6107,6114,6201,6370,6723,7203,7204,7205,7206,7207,7208,7209,7210,7211,7212,7213,7367,7463,8449,8582,8583,8584,
61;1;5259;5364;1;3,26,55,137,144,149,177,225,262,269,274,276,321,377,395,396,647,677,849,1093,1322,1374,1451,1473,1478,1481,1538,1676,1759,1809,2054,2153,2626,2628,2649,2660,2689,3511,3527,3580,3581,3582,4400,4545,4553,4956,4957,4958,4959,4960,4961,4962,4963,5507,5633,5900,6022,6101,6107,6114,6201,6370,6723,7203,7204,7205,7206,7207,7208,7209,7210,7211,7212,7213,7367,7463,8449,8582,8583,8584,
Machine: 5
456;0;0;8;1;34,60,62,139,144,145,146,204,210,225,277,291,314,321,377,400,429,448,503,505,534,591,948,978,1011,1045,1051,1054,1063,1117,1118,1120,1124,1145,1248,1273,1333,1478,1659,1735,1736,1763,1999,2003,2006,2172,2185,2231,2233,2315,2489,2490,2512,2829,2849,2898,2941,2968,3613,3906,4103,4104,4105,4263,4265,4268,4269,4834,5257,5511,5512,8787,8788,8968,8969,8970,8971,8972,8973,8974,
461;0;8;25;1;34,60,62,139,144,145,146,204,210,225,277,291,314,321,377,400,429,448,503,505,534,591,948,978,1011,1045,1051,1054,1063,1117,1118,1120,1124,1145,1248,1273,1333,1478,1659,1735,1736,1763,1999,2003,2006,2172,2185,2231,2233,2315,2489,2490,2512,2829,2849,2898,2941,2968,3613,3906,4103,4104,4105,4263,4265,4268,4269,4834,5257,5511,5512,8787,8788,8968,8969,8970,8971,8972,8973,8974,
425;0;25;49;1;34,60,62,139,144,145,146,204,210,225,277,291,314,321,377,400,429,448,503,505,534,591,948,978,1011,1045,1051,1054,1063,1117,1118,1120,1124,1145,1248,1273,1333,1478,1659,1735,1736,1763,1999,2003,2006,2172,2185,2231,2233,2315,2489,2490,2512,2829,2849,2898,2941,2968,3613,3906,4103,4104,4105,4263,4265,4268,4269,4834,5257,5511,5512,8787,8788,8968,8969,8970,8971,8972,8973,8974,
18;0;49;53;1;34,60,62,139,144,145,146,204,210,225,277,291,314,321,377,400,429,448,503,505,534,591,948,978,1011,1045,1051,1054,1063,1117,1118,1120,1124,1145,1248,1273,1333,1478,1659,1735,1736,1763,1999,2003,2006,2172,2185,2231,2233,2315,2489,2490,2512,2829,2849,2898,2941,2968,3613,3906,4103,4104,4105,4263,4265,4268,4269,4834,5257,5511,5512,8787,8788,8968,8969,8970,8971,8972,8973,8974,
18;1;53;81;1;34,60,62,139,144,145,146,204,210,225,277,291,314,321,377,400,429,448,503,505,534,591,948,978,1011,1045,1051,1054,1063,1117,1118,1120,1124,1145,1248,1273,1333,1478,1659,1735,1736,1763,1999,2003,2006,2172,2185,2231,2233,2315,2489,2490,2512,2829,2849,2898,2941,2968,3613,3906,4103,4104,4105,4263,4265,4268,4269,4834,5257,5511,5512,8787,8788,8968,8969,8970,8971,8972,8973,8974,
435;0;81;121;1;34,60,62,139,144,145,146,204,210,225,277,291,314,321,377,400,429,448,503,505,534,591,948,978,1011,1045,1051,1054,1063,1117,1118,1120,1124,1145,1248,1273,1333,1478,1659,1735,1736,1763,1999,2003,2006,2172,2185,2231,2233,2315,2489,2490,2512,2829,2849,2898,2941,2968,3613,3906,4103,4104,4105,4263,4265,4268,4269,4834,5257,5511,5512,8787,8788,8968,8969,8970,8971,8972,8973,8974,
497;0;121;165;1;34,60,62,139,144,145,146,204,210,225,277,291,314,321,377,400,429,448,503,505,534,591,948,978,1011,1045,1051,1054,1063,1117,1118,1120,1124,1145,1248,1273,1333,1478,1659,1735,1736,1763,1999,2003,2006,2172,2185,2231,2233,2315,2489,2490,2512,2829,2849,2898,2941,2968,3613,3906,4103,4104,4105,4263,4265,4268,4269,4834,5257,5511,5512,8787,8788,8968,8969,8970,8971,8972,8973,8974,
1;0;165;175;1;34,54,60,62,139,144,145,146,204,210,225,277,291,314,321,377,400,429,448,503,505,534,591,948,978,1011,1045,1051,1054,1063,1117,1118,1120,1124,1145,1186,1248,1273,1333,1478,1659,1735,1736,1763,1999,2003,2006,2172,2185,2231,2233,2315,2489,2490,2512,2829,2849,2898,2941,2968,3613,3906,4103,4104,4105,4263,4265,4268,4269,4834,5021,5257,5511,5512,8787,8788,8968,8969,8970,8971,
1;1;175;212;1;34,54,60,62,139,144,145,146,204,210,225,277,291,314,321,377,400,429,448,503,505,534,591,948,978,1011,1045,1051,1054,1063,1117,1118,1120,1124,1145,1186,1248,1273,1333,1478,1659,1735,1736,1763,1999,2003,2006,2172,2185,2231,2233,2315,2489,2490,2512,2829,2849,2898,2941,2968,3613,3906,4103,4104,4105,4263,4265,4268,4269,4834,5021,5257,5511,5512,8465,8466,8467,8787,8788,8968,
474;0;212;264;1;34,54,60,62,139,144,145,146,204,210,225,277,291,314,321,377,400,429,448,503,505,528,534,591,875,948,978,1011,1045,1051,1054,1063,1117,1118,1120,1124,1145,1186,1248,1273,1293,1333,1478,1575,1659,1735,1736,1763,1999,2003,2006,2172,2185,2221,2231,2233,2309,2315,2489,2490,2512,2829,2849,2898,2941,2968,3613,3832,3833,3834,3835,3906,4103,4104,4105,4263,4265,4268,8787,8788,
449;0;264;324;1;34,54,60,62,137,139,144,145,146,204,210,225,242,245,262,277,291,314,321,377,390,395,400,429,448,503,505,528,534,591,875,895,948,978,1011,1045,1051,1054,1063,1117,1118,1120,1124,1145,1186,1230,1248,1273,1293,1333,1478,1522,1575,1659,1726,1735,1736,1763,1816,1999,2003,2006,2172,2185,2221,2231,2233,2309,2315,2465,2489,2849,2892,2941,2968,3906,4103,6045,8787,8788,
436;0;324;390;1;34,54,60,62,137,139,144,145,146,204,210,225,242,245,262,277,291,314,321,377,390,395,400,429,448,503,505,528,534,591,875,895,948,978,1011,1045,1051,1054,1063,1117,1118,1120,1124,1145,1186,1230,1248,1273,1293,1333,1478,1522,1575,1659,1726,1735,1736,1763,1816,1999,2003,2006,2028,2070,2172,2185,2315,2465,2849,2892,2941,2968,3906,3948,3949,3950,3951,4103,8787,8788,
360;0;390;462;1;34,54,60,62,137,139,144,145,146,204,208,210,225,242,245,262,277,291,314,321,377,390,395,400,429,448,503,505,528,534,591,875,895,948,978,1011,1045,1051,1054,1063,1117,1118,1120,1124,1145,1186,1230,1248,1273,1293,1333,1478,1522,1575,1659,1726,1735,1736,1763,1930,1999,2017,2018,2019,2020,2021,2022,2023,2028,2315,2465,2849,2892,2941,2968,3314,3906,4103,8787,8788,
448;0;462;538;1;100,117,137,144,145,225,277,314,321,343,377,395,400,429,448,505,591,666,677,715,850,1043,1117,1118,1365,1390,1450,1478,1481,1529,1736,1972,2028,2052,2094,2318,2337,2339,2626,2627,2628,2645,2663,2678,2689,2708,2849,2941,2951,2968,3161,3752,4447,5140,5525,5526,5527,5528,5529,5530,5531,5532,5533,5534,5535,5536,5537,5538,5539,5540,5541,5542,5543,5544,5545,5546,5547,5548,5549,5550,
411;0;538;615;1;100,117,137,144,145,225,231,277,288,314,321,343,377,395,400,429,448,505,591,640,666,677,715,850,1043,1117,1118,1365,1390,1401,1450,1474,1477,1478,1480,1481,1529,1736,1972,2028,2052,2094,2116,2318,2337,2339,2626,2627,2628,2645,2663,2678,2689,2708,2849,2941,2951,2968,3161,3752,4322,4323,4447,5140,5525,5526,5527,5528,5529,5530,5531,5532,5533,5534,5535,5536,5537,5538,5539,5540,
34;0;615;677;1;100,117,137,144,145,156,225,231,277,288,314,321,343,377,395,400,429,448,505,591,640,666,677,715,729,850,1043,1117,1118,1365,1390,1401,1435,1450,1474,1477,1478,1480,1481,1529,1558,1736,1972,2028,2052,2080,2094,2116,2179,2318,2330,2337,2339,2626,2627,2628,2645,2663,2678,2689,2708,2849,2941,2951,2957,2968,3126,3161,3752,3774,3847,4064,4285,4322,4323,4447,5525,5540,6015,6686,
34;1;677;695;1;23,27,61,100,117,137,144,145,225,231,277,288,314,321,343,377,395,400,429,448,591,666,677,715,1117,1118,1285,1287,1289,1313,1390,1474,1478,1577,1599,1736,1781,1915,2028,2187,2337,2339,2627,2628,2645,2678,2689,2856,2941,2968,3702,4487,4488,4754,4986,5175,6312,6313,6784,6791,7026,7038,7060,7875,7943,8332,8401,8863,8875,8902,8934,8935,8936,8937,8938,8939,8940,8941,8942,8943,
398;0;695;779;1;96,100,101,137,144,148,225,377,379,395,399,400,429,430,448,591,644,647,715,815,891,920,1056,1117,1118,1167,1390,1469,1489,1567,1734,1736,1744,1751,1755,1764,1811,1814,2028,2338,2339,2405,2573,2583,2628,2674,2676,2678,2751,2802,3037,3069,3286,3461,4093,5030,5174,5230,6360,6399,6968,7448,7449,7787,7788,7789,7790,7791,7792,7897,8219,8379,8380,8383,8384,8386,8387,8388,8389,8390,
348;0;779;876;1;96,100,101,137,144,148,225,377,379,395,399,400,429,430,448,591,644,647,715,815,891,920,1056,1117,1118,1167,1390,1469,1489,1567,1734,1736,1744,1751,1755,1764,1811,1814,2028,2338,2339,2405,2573,2583,2628,2674,2676,2678,2751,2802,3037,3069,3286,3461,4093,5030,5174,5230,6360,6399,6968,7448,7449,7787,7788,7789,7790,7791,7792,7897,8219,8379,8380,8383,8384,8386,8387,8388,8389,8390,
139;0;876;995;0;96,100,101,137,144,148,225,377,379,395,399,400,429,430,448,591,644,647,715,815,891,920,1056,1117,1118,1167,1390,1469,1489,1567,1734,1736,1744,1751,1755,1764,1811,1814,2028,2338,2339,2405,2573,2583,2628,2674,2676,2678,2751,2802,3037,3069,3286,3461,4093,5030,5174,5230,6360,6399,6968,7448,7449,7787,7788,7789,7790,7791,7792,7897,8219,8379,8380,8383,8384,8386,8387,8388,8389,8390,
139;1;995;1132;0;96,100,101,137,144,148,225,377,379,395,399,400,429,430,448,591,644,647,715,815,891,920,1056,1117,1118,1167,1390,1469,1489,1567,1734,1736,1744,1751,1755,1764,1811,1814,2028,2338,2339,2405,2573,2583,2628,2674,2676,2678,2751,2802,3037,3069,3286,3461,4093,5030,5174,5230,6360,6399,6968,7448,7449,7787,7788,7789,7790,7791,7792,7897,8219,8379,8380,8383,8384,8386,8387,8388,8389,8390,
78;0;1132;1269;0;96,100,101,137,144,148,225,377,379,395,399,400,429,430,448,591,644,647,715,815,891,920,1056,1117,1118,1167,1390,1469,1489,1567,1734,1736,1744,1751,1755,1764,1811,1814,2028,2338,2339,2405,2573,2583,2628,2674,2676,2678,2751,2802,3037,3069,3286,3461,4093,5030,5174,5230,6360,6399,6968,7448,7449,7787,7788,7789,7790,7791,7792,7897,8219,8379,8380,8383,8384,8386,8387,8388,8389,8390,
78;1;1440;1543;0;3,96,100,101,137,144,148,225,377,379,395,399,400,429,430,448,591,644,647,715,815,891,907,920,1056,1117,1118,1167,1361,1390,1469,1489,1567,1671,1734,1736,1744,1751,1755,1764,1809,1811,1814,2028,2338,2339,2405,2573,2583,2628,2674,2676,2678,2751,2802,3037,3069,3286,3461,3621,4093,4553,4727,5030,5174,5230,5830,6101,6107,6109,6113,6360,6399,6968,7448,7449,7787,7788,7789,7790,
128;0;1543;1618;0;3,79,96,100,101,137,144,148,225,377,379,395,399,400,429,430,448,578,591,644,647,715,730,815,891,907,920,1056,1117,1118,1158,1167,1361,1390,1469,1489,1567,1671,1734,1736,1744,1751,1755,1764,1809,1811,1814,2028,2338,2339,2405,2517,2573,2583,2628,2674,2676,2678,2751,2802,3037,3069,3286,3461,3621,3929,3930,3931,3932,4093,4553,4727,5030,5174,5230,5830,6101,6107,6109,6113,
128;1;1618;1775;0;3,79,96,100,101,137,144,145,148,149,225,231,241,277,314,321,377,379,395,399,400,429,430,448,578,591,644,647,715,730,815,854,891,907,920,1056,1117,1118,1158,1163,1167,1361,1390,1469,1478,1489,1502,1567,1670,1671,1734,1736,1744,1751,1755,1764,1809,1811,1814,2028,2223,2338,2339,2405,2517,2573,2583,2628,2674,2676,2678,2751,2802,3037,3069,3286,4553,5030,5230,6101,
63;0;1775;1902;0;3,79,95,100,137,144,145,148,149,225,231,241,277,290,291,321,329,377,379,395,429,430,591,647,677,715,854,949,1056,1073,1117,1118,1361,1390,1451,1478,1502,1671,1809,1811,1814,1915,2091,2253,2405,2573,2627,2628,2631,2677,2679,2691,2806,2893,3037,3263,3286,4361,4365,4553,4635,5230,5329,6101,6803,7423,7663,7943,8099,8129,8166,8187,8407,8686,8687,8696,8698,8699,8787,8788,
63;1;1902;1968;0;3,61,79,95,100,137,144,145,148,149,225,231,241,277,290,291,321,329,377,379,395,429,430,528,591,647,677,715,854,949,1056,1073,1117,1118,1277,1278,1282,1288,1292,1293,1322,1361,1390,1451,1478,1502,1671,1809,1811,1814,1915,2091,2101,2253,2405,2573,2627,2628,2631,2677,2679,2691,2806,2893,3037,3263,3286,4361,4365,4553,4635,5230,5329,6101,6803,7423,7663,7943,8099,8129,
104;0;1968;2000;0;3,7,79,95,100,137,139,142,143,144,145,148,149,225,231,241,277,288,292,321,329,377,379,390,395,429,430,439,528,591,647,677,715,838,854,927,948,949,1056,1062,1092,1117,1118,1278,1288,1293,1361,1370,1373,1375,1478,1502,1671,1809,1811,1814,2091,2405,2509,2531,2614,2627,2628,2679,2816,3037,3263,3286,4018,4545,4553,5230,6101,6263,6413,6414,6415,6416,6417,7423,
104;1;2000;2149;0;3,7,79,95,100,137,139,142,143,144,145,148,149,225,231,241,274,277,288,321,329,343,352,377,379,390,395,429,430,439,528,591,647,666,677,715,769,772,838,854,946,948,949,951,1117,1118,1278,1288,1293,1361,1375,1447,1478,1502,1671,1809,1811,1814,2091,2319,2405,2627,2628,2679,2911,3037,3131,3152,3160,3164,3263,3291,3292,3293,3294,4545,4553,5230,6101,7423,
117;0;2149;2270;0;66,95,97,137,170,225,246,377,390,395,401,454,486,497,506,558,591,677,838,979,1050,1052,1054,1117,1287,1293,1359,1463,1478,1587,1669,1671,1701,1707,1716,1859,1999,2036,2134,2355,2426,2627,2628,2645,2692,2777,2778,2895,3051,3274,3315,3447,3516,3993,4000,4001,4002,4003,4004,4005,4006,4007,4008,4603,4605,4759,4760,4761,5229,5230,5231,5232,5233,5234,5235,5874,5875,6095,6096,6097,
117;1;2270;2325;0;66,95,97,137,170,225,246,377,390,395,401,454,486,497,506,558,591,677,838,979,1050,1052,1054,1117,1287,1293,1359,1463,1478,1587,1669,1671,1701,1707,1716,1859,1999,2036,2134,2355,2426,2627,2628,2645,2692,2777,2778,2895,3051,3274,3315,3447,3516,3993,4000,4001,4002,4003,4004,4005,4006,4007,4008,4603,4605,4759,4760,4761,5229,5230,5231,5232,5233,5234,5235,5874,5875,6095,6096,6097,
44;0;2325;2420;0;66,95,97,137,170,225,246,377,390,395,401,454,486,497,506,558,591,677,838,979,1050,1052,1054,1117,1287,1293,1359,1463,1478,1587,1669,1671,1701,1707,1716,1859,1999,2036,2134,2355,2426,2627,2628,2645,2692,2777,2778,2895,3051,3274,3315,3447,3516,3993,4000,4001,4002,4003,4004,4005,4006,4007,4008,4603,4605,4759,4760,4761,5229,5230,5231,5232,5233,5234,5235,5874,5875,6095,6096,6097,
44;1;2420;2481;0;66,95,97,137,170,225,246,377,390,395,401,454,486,497,506,558,591,677,838,979,1050,1052,1054,1117,1287,1293,1359,1463,1478,1587,1669,1671,1701,1707,1716,1859,1999,2036,2134,2355,2426,2627,2628,2645,2692,2777,2778,2895,3051,3274,3315,3447,3516,3993,4000,4001,4002,4003,4004,4005,4006,4007,4008,4603,4605,4759,4760,4761,5229,5230,5231,5232,5233,5234,5235,5874,5875,6095,6096,6097,
116;0;2481;2594;0;66,95,97,137,170,225,246,377,390,395,401,454,486,497,506,558,591,677,838,979,1050,1052,1054,1117,1287,1293,1359,1463,1478,1587,1669,1671,1701,1707,1716,1859,1999,2036,2134,2355,2426,2627,2628,2645,2692,2777,2778,2895,3051,3274,3315,3447,3516,3993,4000,4001,4002,4003,4004,4005,4006,4007,4008,4603,4605,4759,4760,4761,5229,5230,5231,5232,5233,5234,5235,5874,5875,6095,6096,6097,
116;1;2594;2634;0;66,95,97,137,170,225,246,377,390,395,401,454,486,497,506,558,591,677,838,979,1050,1052,1054,1117,1287,1293,1359,1463,1478,1587,1669,1671,1701,1707,1716,1859,1999,2036,2134,2355,2426,2627,2628,2645,2692,2777,2778,2895,3051,3274,3315,3447,3516,3993,4000,4001,4002,4003,4004,4005,4006,4007,4008,4603,4605,4759,4760,4761,5229,5230,5231,5232,5233,5234,5235,5874,5875,6095,6096,6097,
79;0;2880;2888;0;66,95,97,117,137,144,170,225,231,234,246,329,377,390,395,401,454,486,497,506,558,591,677,838,979,1050,1052,1054,1117,1287,1293,1359,1463,1474,1478,1587,1669,1671,1701,1707,1716,1859,1999,2036,2134,2337,2355,2426,2627,2628,2645,2692,2777,2778,2895,3051,3274,3315,3447,3516,3993,4000,4001,4002,4003,4004,4005,4006,4007,4008,4603,4605,4630,4645,4759,4760,4761,5229,5230,5725,
79;1;2888;3017;0;66,95,97,117,137,144,170,225,231,234,246,329,377,390,395,401,454,486,497,506,558,591,677,838,979,1050,1052,1054,1117,1287,1293,1359,1463,1474,1478,1587,1669,1671,1701,1707,1716,1859,1999,2036,2134,2337,2355,2426,2627,2628,2645,2692,2777,2778,2895,3051,3274,3315,3447,3516,3663,3679,3686,3690,3993,4000,4003,5082,6003,6004,6005,6006,6007,6008,6009,6010,6011,6012,6013,6058,
115;0;3017;3039;0;26,66,95,97,117,137,144,170,225,231,234,246,329,377,390,395,401,454,486,497,506,558,591,677,838,979,1050,1052,1054,1117,1267,1268,1270,1285,1287,1288,1289,1293,1294,1295,1359,1463,1474,1478,1587,1669,1671,1701,1707,1716,1859,1999,2036,2134,2337,2355,2426,2627,2628,2645,2692,2777,2778,2895,3051,3274,3315,3447,3516,3663,3679,3686,3690,3993,4000,4003,5082,6003,7009,8948,
115;1;3039;3148;0;26,66,95,97,117,137,144,170,225,231,234,246,329,377,390,395,401,454,486,497,506,558,591,677,838,979,1050,1052,1054,1117,1267,1268,1270,1285,1287,1288,1289,1293,1294,1295,1359,1463,1474,1478,1587,1669,1671,1701,1707,1716,1859,1999,2036,2134,2337,2627,2777,2778,3484,3485,3486,3489,3490,3491,3492,3493,3494,3496,3498,3499,3500,3501,3502,3503,3504,3505,3659,3660,4003,7009,
383;0;3148;3267;0;26,66,95,97,117,137,144,170,225,231,234,246,329,377,390,395,401,454,486,497,506,528,558,591,677,838,979,1050,1052,1054,1117,1242,1267,1268,1270,1271,1272,1275,1276,1278,1283,1285,1287,1288,1289,1290,1291,1293,1294,1295,1359,1419,1463,1474,1478,1587,1669,1671,1701,1702,1707,1716,1777,1783,1859,1999,2036,2134,2337,2627,2777,2778,3484,3485,3486,3489,3490,4003,4282,7009,
334;0;3267;3372;0;26,66,95,97,117,137,144,170,225,231,234,238,241,246,262,277,302,329,377,382,390,395,401,404,454,486,497,506,528,558,591,677,838,979,1050,1052,1054,1117,1234,1242,1267,1268,1270,1278,1285,1287,1288,1289,1290,1293,1430,1473,1478,1587,1669,1800,1859,2036,2109,2134,2627,2777,2778,2818,2821,2824,3132,4003,4889,4890,4891,4892,4893,4894,4895,4896,4897,4898,4899,7009,
94;0;3372;3440;0;95,97,100,117,137,144,225,231,262,277,329,382,390,395,404,430,591,677,715,768,838,979,1050,1052,1054,1072,1117,1234,1270,1278,1288,1293,1473,1478,1587,1669,1859,2109,2134,2225,2318,2405,2627,2630,2632,2634,2640,2641,2654,2657,2667,2689,2693,2705,2706,2757,2777,2778,2821,4889,4897,5344,7009,7188,7212,7296,7299,7308,7316,7319,7423,8396,8415,8432,8799,8801,8803,8804,8805,8810,
94;1;3440;3462;0;5,9,93,95,97,100,117,137,144,148,149,231,288,329,382,383,390,393,394,395,396,404,677,715,838,854,890,949,979,1030,1050,1117,1145,1146,1149,1171,1231,1232,1234,1278,1288,1293,1361,1362,1478,1505,1506,1587,1604,1668,1669,1758,1761,1799,1811,1814,2106,2109,2134,2359,2405,2627,2717,2778,2821,2822,3263,3435,3523,4043,4889,4897,5223,5700,6198,6525,6526,6527,6528,7009,
472;0;3462;3515;0;5,9,24,93,95,97,100,117,137,144,148,149,189,231,288,329,382,383,390,393,394,395,396,404,555,677,715,838,854,890,949,979,1030,1050,1117,1145,1146,1149,1171,1231,1232,1234,1278,1279,1288,1293,1361,1362,1478,1505,1506,1587,1604,1668,1669,1758,1761,1814,1937,2109,2134,2150,2405,2627,2778,2821,2822,2836,3395,3409,3546,3611,3722,4450,4889,4897,5111,7009,7884,7885,
420;0;3515;3549;0;5,9,24,27,93,95,97,100,117,137,144,148,149,189,231,288,329,366,382,383,390,393,394,395,396,404,555,559,581,677,715,838,854,890,949,979,1030,1050,1117,1145,1146,1149,1171,1231,1232,1234,1278,1279,1288,1293,1361,1362,1478,1505,1506,1587,1604,1669,1814,1937,2109,2134,2273,2405,2627,2778,2821,2822,3060,3421,3422,3820,3831,4889,4897,5487,5644,5995,6869,7009,
108;0;3549;3632;1;1,3,95,144,226,230,329,379,395,640,647,677,694,715,854,1060,1093,1117,1118,1146,1147,1171,1233,1234,1360,1361,1375,1397,1428,1478,1502,1669,1675,1682,1762,1814,1944,1973,2109,2134,2224,2321,2508,2781,2821,2891,2926,3037,3267,3278,3279,3284,3744,4533,4545,4553,4832,4857,4889,4897,4925,5185,5237,5239,5240,5246,5377,6101,6102,6103,6104,7575,8449,8739,8740,8741,8742,8743,8744,8745,
108;1;3632;3652;1;1,3,95,144,226,230,329,379,395,640,647,677,694,715,854,1060,1093,1117,1118,1146,1147,1171,1233,1234,1360,1361,1375,1397,1428,1478,1502,1669,1675,1682,1762,1814,1944,1973,2109,2134,2224,2321,2508,2781,2821,2891,2926,3037,3267,3278,3279,3284,3744,4533,4545,4553,4832,4857,4889,4897,4925,5185,5237,5239,5240,5246,5377,6101,6102,6103,6104,7575,8449,8739,8740,8741,8742,8743,8744,8745,
136;0;4320;4344;1;1,3,95,100,144,226,230,329,379,395,640,647,666,677,694,715,854,1060,1093,1117,1118,1146,1147,1171,1233,1234,1360,1361,1375,1397,1428,1478,1481,1502,1529,1669,1675,1682,1762,1814,1944,1973,2109,2131,2134,2224,2321,2475,2508,2627,2651,2781,2821,2891,2926,3037,3267,3278,3279,3284,3744,4533,4545,4553,4832,4857,4889,4897,4925,5185,5237,5239,5240,5246,5377,5525,6101,6102,6194,6309,
136;1;4344;4428;1;1,3,8,95,97,100,142,144,226,230,329,379,392,395,429,640,647,666,677,694,715,854,1060,1093,1117,1118,1146,1147,1171,1233,1234,1360,1361,1375,1397,1428,1478,1481,1502,1529,1669,1675,1682,1762,1809,1814,1944,1973,2109,2131,2134,2224,2244,2321,2475,2508,2627,2651,2781,2821,2891,2926,3037,3267,3278,3279,3284,3744,4533,4545,4553,4832,4857,4889,4897,4925,5185,5237,5239,5240,
493;0;4428;4539;1;1,3,8,60,95,97,100,142,144,206,208,226,230,329,379,392,395,429,502,569,640,647,666,677,694,715,729,854,1060,1093,1117,1118,1146,1147,1171,1233,1234,1288,1293,1360,1361,1375,1397,1428,1478,1481,1502,1529,1669,1675,1682,1762,1809,1814,1895,1944,1973,1989,2109,2131,2134,2224,2244,2321,2475,2508,2627,2651,2781,2821,2891,2926,3037,3267,3278,3279,3870,4192,4545,6766,
153;0;4539;4622;1;1,3,8,38,40,60,79,95,97,100,117,142,144,150,198,206,208,210,226,230,329,366,379,392,395,429,502,569,640,647,653,666,677,694,715,729,854,979,987,1060,1093,1117,1118,1146,1147,1171,1233,1234,1288,1293,1360,1361,1375,1390,1397,1428,1478,1481,1502,1529,1560,1675,1809,1898,1936,1937,1940,2091,2564,2651,2924,2940,3037,3361,3870,4138,4464,4465,4466,4545,
153;1;4622;4666;1;1,3,8,38,40,60,79,95,97,100,117,142,144,150,198,206,208,210,226,230,329,366,379,392,395,429,502,569,640,647,653,666,677,694,715,729,854,979,987,1060,1093,1117,1118,1146,1147,1171,1233,1234,1288,1293,1360,1361,1375,1390,1397,1428,1478,1481,1502,1560,1675,1809,1936,2564,2651,3037,3310,3870,4545,5076,5078,5951,5952,5976,5987,5992,6355,6729,7077,7641,
429;0;4666;4808;1;1,3,8,38,40,60,79,95,97,100,117,142,144,150,198,206,208,210,226,230,231,297,329,366,379,392,395,429,502,569,640,647,653,666,677,694,715,729,854,979,987,1060,1093,1117,1118,1146,1147,1171,1233,1234,1288,1293,1360,1361,1375,1390,1397,1428,1476,1478,1481,1502,1560,1675,1809,1936,2405,2564,2651,2658,2774,2775,2778,3037,3870,4545,4946,5976,5987,5992,
356;0;4808;4953;1;1,3,8,38,40,60,79,95,97,100,117,142,144,150,198,206,208,210,226,230,231,297,329,366,379,392,395,429,458,502,569,640,647,653,666,677,694,715,729,854,1146,1171,1288,1293,1478,1481,1543,1560,1587,1675,1809,1859,1936,2074,2089,2405,2564,2611,2651,2774,2775,2778,2958,3037,3381,3382,3861,3862,3863,3864,3865,3866,3867,3868,3869,3870,4545,5976,5987,5992,
378;0;4953;5101;1;8,20,24,74,95,100,117,139,143,144,225,262,275,289,298,321,340,351,395,397,429,435,647,851,871,912,949,1052,1146,1167,1171,1354,1478,1481,1587,1726,1809,1843,2247,2774,2775,2778,2822,3036,3037,3126,3979,4500,4545,4730,5627,5738,5742,5792,5793,5794,5953,5958,5959,5966,5976,5979,5987,5992,6146,6147,6148,6149,6150,6151,6517,7950,8190,8196,8198,8199,8200,8201,8202,8203,
332;0;5101;5250;1;8,20,24,74,95,100,117,139,143,144,225,262,275,289,298,321,340,351,395,397,429,435,647,851,871,912,949,1052,1146,1167,1171,1354,1478,1481,1587,1726,1809,1843,2247,2774,2775,2778,2822,3036,3037,3126,3979,4500,4545,4730,5627,5738,5742,5792,5793,5794,5953,5958,5959,5966,5976,5979,5987,5992,6146,6147,6148,6149,6150,6151,6517,7950,8190,8196,8198,8199,8200,8201,8202,8203,
471;0;5250;5401;1;8,20,24,74,95,100,117,139,143,144,225,262,275,289,298,321,340,351,395,397,429,435,647,851,871,912,949,1052,1146,1167,1171,1354,1478,1481,1587,1726,1809,1843,2247,2774,2775,2778,2822,3036,3037,3126,3979,4500,4545,4730,5627,5738,5742,5792,5793,5794,5953,5958,5959,5966,5976,5979,5987,5992,6146,6147,6148,6149,6150,6151,6517,7950,8190,8196,8198,8199,8200,8201,8202,8203,
390;0;5401;5558;1;8,20,24,74,95,100,117,139,143,144,225,262,275,289,298,321,340,351,395,397,429,435,647,851,871,912,949,1052,1146,1167,1171,1354,1478,1481,1587,1726,1809,1843,2247,2774,2775,2778,2822,3036,3037,3126,3979,4500,4545,4730,5627,5738,5742,5792,5793,5794,5953,5958,5959,5966,5976,5979,5987,5992,6146,6147,6148,6149,6150,6151,6517,7950,8190,8196,8198,8199,8200,8201,8202,8203,
END
fineshedJobsCount: 342
switchs: 4441
switchsInstances: 222
unfineshedPriorityCount: 157
finalSolution: -1111
totalUnfineshed: 157
Time: 28
