input/MyInstancesDiferentToolSets/n=499,p=0.25,r=0.5,t=748,v0.csv;./input/Processed/ToolSetInt.csv
4;720;1440;5760
Machine: 0
356;0;0;16;1;95,137,144,145,149,178,225,226,231,262,273,276,288,291,310,321,351,395,396,397,404,429,591,640,765,833,848,858,949,1027,1073,1118,1145,1146,1169,1236,1359,1417,1428,1474,1478,1521,1523,1558,1587,1666,1668,1676,1919,1941,1942,1943,1944,1945,2376,2499,2509,2510,2531,2532,2533,2547,2649,2677,2683,2693,2900,3260,3263,4371,4372,4373,4374,4375,4376,4412,4949,5116,6193,9158,
478;0;16;37;1;95,137,144,145,149,178,225,226,231,262,273,276,288,291,310,321,351,395,396,397,404,429,591,640,765,833,848,858,949,1027,1073,1118,1145,1146,1169,1236,1359,1417,1428,1474,1478,1521,1523,1558,1587,1666,1668,1676,1919,1941,1942,1943,1944,1945,2376,2499,2509,2510,2531,2532,2533,2547,2649,2677,2683,2693,2900,3260,3263,4371,4372,4373,4374,4375,4376,4412,4949,5116,6193,9158,
497;0;37;67;1;95,137,144,145,149,178,225,226,231,262,273,276,288,291,310,321,351,395,396,397,404,429,591,640,765,833,848,858,949,1027,1073,1118,1145,1146,1169,1236,1359,1417,1428,1474,1478,1521,1523,1558,1587,1666,1668,1676,1919,1941,1942,1943,1944,1945,2376,2499,2509,2510,2531,2532,2533,2547,2649,2677,2683,2693,2900,3260,3263,4371,4372,4373,4374,4375,4376,4412,4949,5116,6193,9158,
390;0;67;113;1;95,137,144,145,149,178,225,226,231,262,273,276,288,291,310,321,351,395,396,397,404,429,591,640,765,833,848,858,949,1027,1073,1118,1145,1146,1169,1236,1359,1417,1428,1474,1478,1521,1523,1558,1587,1666,1668,1676,1919,1941,1942,1943,1944,1945,2376,2499,2509,2510,2531,2532,2533,2547,2649,2677,2683,2693,2900,3260,3263,4371,4372,4373,4374,4375,4376,4412,4949,5116,6193,9158,
155;0;113;161;1;95,137,144,145,149,178,225,226,231,262,273,276,288,291,310,321,351,395,396,397,404,429,591,640,765,833,848,858,949,1027,1073,1118,1145,1146,1169,1236,1359,1417,1428,1474,1478,1521,1523,1558,1587,1666,1668,1676,1919,1941,1942,1943,1944,1945,2376,2499,2509,2510,2531,2532,2533,2547,2649,2677,2683,2693,2900,3260,3263,4371,4372,4373,4374,4375,4376,4412,4949,5116,6193,9158,
155;1;161;202;1;95,137,144,145,149,178,225,226,231,262,273,276,288,291,310,321,351,395,396,397,404,429,591,640,765,833,848,858,949,1027,1073,1118,1145,1146,1169,1236,1359,1417,1428,1474,1478,1521,1523,1558,1587,1666,1668,1676,1919,1941,1942,1943,1944,1945,2376,2499,2509,2510,2531,2532,2533,2547,2649,2677,2683,2693,2900,3260,3263,4371,4372,4373,4374,4375,4376,4412,4949,5116,6193,9158,
374;0;202;303;1;95,137,144,145,149,178,225,226,231,262,273,276,288,291,310,321,351,395,396,397,404,429,591,640,765,833,848,858,949,1027,1073,1118,1145,1146,1169,1236,1359,1417,1428,1474,1478,1521,1523,1558,1587,1666,1668,1676,1919,1941,1942,1943,1944,1945,2376,2499,2509,2510,2531,2532,2533,2547,2649,2677,2683,2693,2900,3260,3263,4371,4372,4373,4374,4375,4376,4412,4949,5116,6193,9158,
91;0;303;453;0;95,137,138,144,145,149,178,225,226,231,262,273,276,288,291,310,321,351,395,396,397,404,429,591,640,765,833,848,858,949,1027,1073,1118,1145,1146,1169,1236,1359,1417,1428,1474,1478,1521,1523,1558,1587,1666,1668,1676,1919,1941,1942,1943,1944,1945,2376,2499,2509,2510,2531,2532,2533,2534,2535,2536,2547,2649,2677,2683,2693,2900,3260,3263,4371,4372,4373,4374,4375,4376,4412,
91;1;453;628;0;95,137,138,144,145,149,178,225,226,231,262,273,276,288,291,310,321,351,395,396,397,404,429,591,640,765,833,848,858,949,1027,1073,1118,1145,1146,1169,1236,1359,1405,1417,1428,1474,1478,1521,1523,1558,1587,1666,1668,1676,1919,1941,1942,1943,1944,1945,2376,2499,2509,2510,2531,2532,2533,2534,2535,2536,2547,2649,2677,2683,2693,2900,3260,3263,3712,4371,4372,4373,4374,4412,
146;0;628;804;0;61,95,144,145,178,202,225,231,262,269,288,321,329,395,397,401,404,429,580,682,949,989,995,1073,1118,1236,1275,1293,1329,1360,1363,1401,1473,1474,1478,1481,1512,1538,1565,1587,1668,1676,1822,2054,2221,2240,2407,2538,2677,2836,3209,3210,3247,3488,3702,4535,4719,4792,4954,4955,4956,4957,4958,4959,4960,4961,5791,6675,6930,8340,8397,8763,8765,8766,8767,8768,8769,8770,8773,8774,
146;1;804;934;0;61,95,144,145,178,202,225,231,262,269,288,321,329,395,397,401,404,429,580,682,949,989,995,1073,1118,1236,1275,1293,1329,1360,1363,1401,1473,1474,1478,1481,1512,1538,1565,1587,1668,1676,1822,2054,2221,2240,2407,2538,2677,2836,3209,3210,3247,3488,3702,4535,4719,4792,4954,4955,4956,4957,4958,4959,4960,4961,5791,6675,6930,8340,8397,8763,8765,8766,8767,8768,8769,8770,8773,8774,
21;0;934;1102;0;61,95,144,145,178,202,225,231,262,269,288,321,329,395,397,401,404,429,580,682,949,989,995,1073,1118,1236,1275,1293,1329,1360,1363,1401,1473,1474,1478,1481,1512,1538,1565,1587,1668,1676,1822,2054,2221,2240,2407,2538,2677,2836,3209,3210,3247,3488,3702,4535,4719,4792,4954,4955,4956,4957,4958,4959,4960,4961,5791,6675,6930,8340,8397,8763,8765,8766,8767,8768,8769,8770,8773,8774,
21;1;1102;1223;0;61,95,144,145,178,202,225,231,262,269,288,321,329,395,397,401,404,429,580,682,949,989,995,1073,1118,1236,1275,1293,1329,1360,1363,1401,1473,1474,1478,1481,1512,1538,1565,1587,1668,1676,1822,2054,2221,2240,2407,2538,2677,2836,3209,3210,3247,3488,3702,4535,4719,4792,4954,4955,4956,4957,4958,4959,4960,4961,5791,6675,6930,8340,8397,8763,8765,8766,8767,8768,8769,8770,8773,8774,
84;0;1223;1329;0;61,95,144,145,178,202,225,231,262,269,288,321,329,395,397,401,404,429,580,682,949,989,995,1073,1118,1236,1275,1293,1329,1360,1363,1401,1473,1474,1478,1481,1512,1538,1565,1587,1668,1676,1822,2054,2221,2240,2407,2538,2677,2836,3209,3210,3247,3488,3702,4535,4719,4792,4954,4955,4956,4957,4958,4959,4960,4961,5791,6675,6930,8340,8397,8763,8765,8766,8767,8768,8769,8770,8773,8774,
84;1;1329;1499;0;61,95,144,145,178,202,225,231,262,269,288,321,329,395,397,401,404,429,580,682,949,989,995,1073,1118,1236,1275,1293,1329,1360,1363,1401,1473,1474,1478,1481,1512,1538,1565,1587,1668,1676,1822,2054,2221,2240,2407,2538,2677,2836,3209,3210,3247,3488,3702,4535,4719,4792,4954,4955,4956,4957,4958,4959,4960,4961,5791,6675,6930,8340,8397,8763,8765,8766,8767,8768,8769,8770,8773,8774,
35;0;1499;1600;0;61,95,139,144,145,146,178,202,225,231,262,269,288,321,329,395,397,401,404,429,436,580,682,852,921,949,989,995,1073,1118,1236,1275,1293,1329,1360,1363,1401,1424,1470,1473,1474,1478,1481,1512,1538,1565,1587,1668,1676,1822,2054,2221,2240,2382,2391,2407,2538,2677,2836,3209,3210,3247,3488,3702,4033,4535,4719,4792,4934,4954,4974,5206,5397,5768,5943,6107,6163,6169,6179,6180,
35;1;1600;1764;0;61,95,139,144,145,146,178,202,225,231,262,269,288,321,329,395,397,401,404,429,436,580,682,852,921,949,989,995,1073,1118,1236,1275,1293,1329,1360,1363,1401,1424,1470,1473,1474,1478,1481,1512,1538,1565,1587,1668,1676,1822,2054,2221,2240,2382,2391,2407,2538,2677,2836,3209,3210,3247,3488,3702,4033,4535,4719,4792,4934,4954,4974,5206,5397,5768,5943,6107,6163,6169,6179,7513,
116;0;1764;1937;0;25,26,34,55,61,95,139,144,145,146,178,202,225,231,262,269,288,321,329,366,395,397,401,404,429,436,457,509,551,580,682,778,852,921,949,989,995,1073,1118,1236,1275,1293,1329,1360,1363,1401,1424,1470,1473,1474,1478,1481,1512,1538,1565,1587,1668,1676,1687,1822,1849,2054,2221,2391,2407,2677,2836,3210,3273,3488,6179,6424,6425,6426,6427,6428,6429,6430,6431,6432,
116;1;1937;2021;0;25,26,34,55,61,95,139,144,145,146,177,178,179,184,202,225,231,262,269,272,288,321,329,366,379,380,382,383,395,397,401,404,429,436,457,509,551,580,682,778,852,921,949,989,995,1032,1033,1034,1035,1036,1037,1038,1073,1118,1131,1236,1275,1293,1329,1360,1363,1401,1424,1470,1473,1474,1478,1481,1512,1538,1587,1668,2221,2391,2407,2677,2836,3210,3488,6179,
108;0;2021;2133;0;20,25,26,34,39,55,61,95,139,144,145,146,177,178,179,202,205,225,231,262,288,321,329,366,379,382,395,397,404,429,483,502,503,506,551,559,852,949,989,995,1063,1073,1089,1118,1157,1196,1236,1282,1283,1284,1293,1329,1473,1474,1478,1481,1580,1587,1668,1936,1984,2221,2391,2407,2540,2555,2677,2836,2887,2957,2959,3210,3343,3349,3488,4184,4867,4884,6179,7416,
108;1;2133;2263;0;25,26,34,39,55,61,95,100,139,144,145,225,231,262,288,321,329,366,377,379,382,395,397,404,429,551,644,647,834,852,854,938,949,995,1063,1073,1117,1118,1171,1196,1236,1282,1293,1329,1447,1473,1474,1478,1481,1587,1661,1667,1668,1736,1768,1973,1984,2222,2362,2391,2407,2636,2638,2675,2677,2836,3099,3210,3488,3739,3745,3793,5138,5808,6263,7840,8125,8127,9000,9010,
42;0;2263;2435;0;25,26,34,39,55,61,95,100,139,144,145,225,231,262,288,321,329,366,377,379,382,395,397,404,429,551,644,647,834,852,854,938,949,995,1063,1073,1117,1118,1171,1196,1236,1282,1293,1329,1447,1473,1474,1478,1481,1587,1661,1667,1668,1736,1768,1973,1984,2222,2362,2391,2407,2636,2638,2675,2677,2836,3099,3210,3488,3739,3745,3793,5138,5808,6263,7840,8125,8127,9000,9010,
42;1;2435;2495;0;25,26,34,39,55,61,95,100,139,144,145,225,231,262,288,321,329,366,377,379,382,395,397,404,429,551,644,647,834,852,854,938,949,995,1063,1073,1117,1118,1171,1196,1236,1282,1293,1329,1447,1473,1474,1478,1481,1587,1661,1667,1668,1736,1768,1973,1984,2222,2362,2391,2407,2636,2638,2675,2677,2836,3099,3210,3488,3739,3745,3793,5138,5808,6263,7840,8125,8127,9000,9010,
114;0;2880;2944;0;26,34,39,55,61,95,144,145,225,262,288,297,321,329,341,366,395,397,404,429,551,677,715,834,854,938,949,1063,1073,1117,1171,1236,1282,1293,1308,1329,1395,1451,1474,1478,1489,1587,1915,1984,2253,2338,2407,2627,2637,2638,2675,2677,2684,2686,2691,2770,2774,2775,2776,3210,3292,3488,3534,4361,4365,4567,4635,5329,5344,7458,7626,8528,8686,8687,8688,8689,8690,8691,8692,8693,
114;1;2944;3104;0;26,34,39,55,61,95,144,145,210,225,262,288,297,321,329,341,366,395,397,404,429,551,677,715,834,854,938,949,1063,1073,1117,1171,1236,1269,1280,1282,1293,1308,1322,1329,1395,1419,1451,1474,1478,1489,1587,1915,1984,2253,2338,2407,2627,2637,2638,2675,2677,2684,2686,2691,2770,2774,2775,2776,3050,3210,3292,3428,3488,3534,4206,4365,4567,5344,6092,6981,6982,6983,6984,6985,
71;0;3104;3145;0;26,34,39,55,61,95,144,145,210,225,262,288,297,321,329,341,366,395,397,404,429,551,677,715,834,854,938,949,1063,1073,1117,1171,1236,1269,1280,1282,1293,1308,1322,1329,1395,1419,1451,1474,1478,1489,1587,1915,1984,2253,2338,2407,2627,2637,2638,2675,2677,2684,2686,2691,2770,2774,2775,2776,3050,3210,3292,3337,3428,3488,3534,4206,4365,4567,5344,6092,6981,7712,7720,7721,
71;1;3145;3323;0;26,34,39,55,60,61,95,144,145,210,225,262,288,297,321,329,341,366,395,397,404,429,551,677,715,834,854,938,949,1063,1073,1117,1171,1236,1269,1280,1282,1293,1308,1322,1329,1395,1419,1451,1474,1478,1489,1587,1915,1984,2050,2194,2253,2338,2407,2627,2637,2638,2675,2677,2684,2686,2691,2774,2775,2969,3210,3292,3488,3597,3703,4119,4365,4450,4567,4620,5344,5476,5497,6092,
118;0;3323;3391;0;26,34,39,55,60,61,95,144,145,210,225,262,288,297,321,329,341,366,395,397,404,429,551,677,715,834,854,938,949,1063,1073,1117,1171,1236,1269,1280,1282,1293,1308,1322,1329,1395,1419,1451,1474,1478,1489,1587,1915,1984,2050,2194,2253,2338,2407,2627,2637,2638,2675,2677,2684,2686,2691,2774,2775,2969,3210,3292,3488,3597,3703,4119,4365,4450,4567,4620,5344,5476,6092,8159,
118;1;3391;3532;0;26,34,39,55,60,61,95,144,145,210,225,262,288,297,321,329,341,366,395,397,404,429,432,443,551,677,715,834,854,938,949,1063,1073,1093,1117,1171,1236,1269,1280,1282,1293,1308,1322,1329,1395,1399,1419,1451,1472,1474,1476,1478,1489,1587,1915,1984,2050,2194,2253,2338,2359,2407,2627,2637,2638,2774,2775,3210,3292,3435,3488,3703,4365,4450,4567,4903,5344,6092,6181,6186,
34;0;3532;3638;0;61,95,144,152,198,208,225,262,288,290,321,395,397,426,429,567,692,719,825,895,938,949,1068,1069,1117,1121,1171,1280,1293,1478,1509,1572,1895,1913,1940,1984,2179,2230,2475,2512,2638,2645,2774,2775,2777,2778,2815,2826,2903,2947,3210,3261,3263,3409,3488,3606,3891,3894,4455,4569,4585,4672,4739,5185,5876,6152,6329,6748,6796,6797,6798,6799,6800,6801,6802,6803,6804,6805,6806,6807,
34;1;3638;3736;0;61,95,144,152,198,208,225,262,288,290,321,395,397,426,429,567,692,719,825,895,938,949,1068,1069,1117,1121,1171,1280,1293,1478,1509,1572,1895,1913,1940,1984,2179,2230,2475,2512,2638,2645,2774,2775,2777,2778,2815,2826,2903,2947,3210,3261,3263,3409,3488,3606,3891,3894,4455,4569,4585,4672,4739,5185,5876,6152,6329,6748,6796,6797,6798,6799,6800,6801,6802,6803,6804,6805,6806,6807,
75;0;3736;3777;0;61,95,144,152,198,208,225,262,288,290,321,395,397,426,429,567,692,719,825,895,938,949,1068,1069,1117,1121,1171,1280,1293,1478,1509,1572,1895,1913,1940,1984,2179,2230,2475,2512,2638,2645,2774,2775,2777,2778,2815,2826,2903,2947,3210,3261,3263,3409,3488,3606,3891,3894,4455,4569,4585,4672,4739,5185,5876,6152,6329,6748,6796,6797,6798,6799,6800,6801,6802,6803,6804,6805,6806,6807,
75;1;4320;4472;0;61,95,144,152,198,208,225,262,288,290,321,395,397,426,429,567,692,719,825,895,938,949,1068,1069,1117,1121,1171,1280,1293,1478,1509,1572,1895,1913,1940,1984,2179,2230,2475,2512,2638,2645,2774,2775,2777,2778,2815,2826,2903,2947,3182,3183,3210,3261,3263,3409,3483,3484,3485,3486,3488,3489,3490,3491,3492,3493,3494,3496,3497,3498,3499,3606,3659,3660,3891,3894,4455,4569,4585,4672,
76;0;4472;4606;0;61,95,144,152,198,208,225,262,288,290,321,395,397,426,429,567,692,719,825,895,938,949,1068,1069,1117,1121,1171,1280,1293,1478,1509,1572,1895,1913,1940,1984,1988,2179,2230,2414,2475,2512,2638,2645,2774,2775,2777,2778,2815,2826,2903,2947,3182,3183,3210,3261,3263,3409,3483,3484,3485,3486,3488,3489,3490,3491,3492,3493,3494,3496,3497,3498,3499,3577,3606,3659,3660,3891,4225,9203,
76;1;4606;4652;0;61,95,144,152,198,208,225,262,275,276,288,290,321,395,397,426,429,567,692,719,825,835,836,855,858,861,895,927,938,946,948,949,1068,1069,1117,1121,1171,1280,1293,1365,1478,1509,1572,1595,1895,1913,1940,1984,1988,2179,2230,2414,2475,2512,2638,2645,2774,2775,2777,2778,2815,2826,2903,2947,2986,3161,3182,3183,3409,3581,3618,4087,4733,5612,7419,7420,7421,7422,7423,7424,
495;0;4652;4828;0;61,95,144,152,198,208,225,262,275,276,288,290,321,395,397,426,429,567,692,719,825,835,836,855,858,861,895,927,938,946,948,949,1068,1069,1117,1121,1171,1280,1293,1365,1478,1509,1572,1595,1895,1913,1940,1984,1988,2179,2230,2414,2475,2512,2638,2645,2662,2774,2775,2777,2778,2815,2826,2903,2947,2986,3161,3182,3183,3329,3409,3581,3618,4087,4733,5612,7419,7420,7421,7422,
463;0;4828;4996;0;61,95,137,144,149,152,198,208,225,262,275,276,288,290,308,321,340,391,395,397,426,429,567,692,719,825,835,836,838,855,858,861,891,895,927,938,946,948,949,1056,1068,1069,1117,1121,1163,1164,1166,1170,1171,1176,1177,1280,1293,1365,1467,1478,1509,1572,1595,1895,1913,1940,1984,1988,2179,2230,2414,2475,2512,2638,2645,2662,2774,2775,2777,2778,2903,2986,3409,3618,
469;0;4996;5160;0;24,61,87,95,102,137,144,145,149,152,198,208,225,249,251,262,275,276,288,290,321,364,395,396,397,404,429,540,730,835,836,838,854,855,858,948,949,1117,1171,1236,1280,1293,1417,1474,1478,1515,1521,1572,2064,2318,2412,2475,2564,2627,2679,2692,2774,2778,2903,2934,2986,3131,3291,3292,3409,3609,3610,3618,3703,4217,4247,4327,4747,4791,4841,4913,6248,6977,7990,8354,
336;0;5160;5321;0;24,61,87,95,102,137,144,145,149,152,198,208,225,249,251,262,275,276,288,290,321,364,395,396,397,404,429,540,730,835,836,838,854,855,858,948,949,1117,1171,1236,1280,1293,1417,1474,1478,1515,1521,1572,2064,2318,2412,2475,2564,2627,2679,2692,2774,2778,2903,2934,2986,3131,3291,3292,3409,3609,3610,3618,3703,4217,4247,4327,4747,4791,4841,4913,6248,6977,7990,8354,
133;0;5321;5365;0;24,61,87,95,102,137,144,145,149,152,198,208,225,249,251,262,275,276,288,290,321,364,395,396,397,404,429,540,730,835,836,838,854,855,858,948,949,1117,1171,1236,1280,1293,1417,1474,1478,1515,1521,1572,2064,2318,2412,2475,2564,2627,2679,2692,2774,2778,2903,2934,2986,3131,3291,3292,3409,3609,3610,3618,3703,4217,4247,4327,4747,4791,4841,4913,6248,6977,7990,8354,
133;1;5365;5480;0;24,61,87,95,102,137,144,145,149,152,198,208,225,249,251,262,275,276,288,290,321,364,395,396,397,404,429,540,730,835,836,838,854,855,858,948,949,1117,1171,1236,1280,1293,1417,1474,1478,1515,1521,1572,2064,2318,2412,2475,2564,2627,2679,2692,2774,2778,2903,2934,2986,3131,3291,3292,3409,3609,3610,3618,3703,4217,4247,4327,4747,4791,4841,4913,6248,6977,7990,8354,
444;0;5480;5636;0;24,61,87,95,102,137,144,145,149,152,198,208,225,249,251,262,275,276,288,290,321,364,395,396,397,404,429,540,730,835,836,838,854,855,858,948,949,1117,1171,1236,1280,1293,1417,1474,1478,1515,1521,1572,2064,2318,2412,2475,2564,2627,2679,2692,2774,2778,2903,2934,2986,3131,3291,3292,3409,3609,3610,3618,3703,4217,4247,4327,4747,4791,4841,4913,6248,6977,7990,8354,
Machine: 1
493;0;0;4;1;26,100,104,138,144,245,276,288,297,394,396,438,644,645,834,854,892,896,911,931,947,949,1050,1051,1057,1075,1145,1151,1168,1472,1519,1528,1623,1661,1667,1674,1973,2103,2105,2427,2428,2429,2430,2431,2432,2433,2434,2435,2436,2437,2438,2439,2440,2441,2442,2491,2667,2737,3531,3638,4400,5456,5611,5613,5626,5656,5758,5759,5760,5774,5803,5841,6022,6441,7320,7463,8022,8095,8303,8578,
350;0;4;16;1;26,100,104,138,144,245,276,288,297,394,396,438,644,645,834,854,892,896,911,931,947,949,1050,1051,1057,1075,1145,1151,1168,1472,1519,1528,1623,1661,1667,1674,1973,2103,2105,2427,2428,2429,2430,2431,2432,2433,2434,2435,2436,2437,2438,2439,2440,2441,2442,2491,2667,2737,3531,3638,4400,5456,5611,5613,5626,5656,5758,5759,5760,5774,5803,5841,6022,6441,7320,7463,8022,8095,8303,8578,
87;0;16;46;1;26,100,104,138,144,245,276,288,297,394,396,438,644,645,834,854,892,896,911,931,947,949,1050,1051,1057,1075,1145,1151,1168,1472,1519,1528,1623,1661,1667,1674,1973,2103,2105,2427,2428,2429,2430,2431,2432,2433,2434,2435,2436,2437,2438,2439,2440,2441,2442,2491,2667,2737,3531,3638,4400,5456,5611,5613,5626,5656,5758,5759,5760,5774,5803,5841,6022,6441,7320,7463,8022,8095,8303,8578,
87;1;46;66;1;26,100,104,138,144,245,276,288,297,394,396,438,644,645,834,854,892,896,911,931,947,949,1050,1051,1057,1075,1145,1151,1168,1472,1519,1528,1623,1661,1667,1674,1973,2103,2105,2427,2428,2429,2430,2431,2432,2433,2434,2435,2436,2437,2438,2439,2440,2441,2442,2491,2667,2737,3531,3638,4400,5456,5611,5613,5626,5656,5758,5759,5760,5774,5803,5841,6022,6441,7320,7463,8022,8095,8303,8578,
377;0;66;120;1;26,100,104,138,144,245,276,288,297,394,396,438,644,645,834,854,892,896,911,931,947,949,1050,1051,1057,1075,1145,1151,1168,1472,1519,1528,1623,1661,1667,1674,1973,2103,2105,2427,2428,2429,2430,2431,2432,2433,2434,2435,2436,2437,2438,2439,2440,2441,2442,2491,2667,2737,3531,3638,4280,4400,5456,5611,5613,5626,5656,5758,5759,6022,6441,7320,8074,8075,8076,8077,8078,8079,8080,8081,
470;0;120;218;1;26,100,104,138,144,179,180,245,276,288,297,307,394,396,438,592,594,644,645,834,854,892,896,911,931,947,949,1039,1050,1051,1057,1075,1145,1151,1168,1396,1472,1519,1528,1623,1661,1667,1674,1973,2103,2105,2427,2428,2429,2430,2431,2432,2433,2434,2435,2436,2437,2438,2439,2440,2441,2442,2491,2667,2737,3531,3638,4280,4400,5456,5611,5613,5626,5656,5758,5759,6022,6441,7320,8074,
398;0;218;323;1;26,100,104,138,144,179,180,231,245,276,288,297,307,394,396,438,592,594,644,645,834,854,892,896,911,931,947,949,1039,1050,1051,1057,1075,1145,1151,1168,1396,1472,1476,1519,1528,1623,1661,1667,1674,1973,2103,2105,2405,2427,2428,2429,2430,2431,2432,2433,2434,2435,2436,2437,2438,2439,2440,2441,2442,2491,2658,2667,2737,2774,2775,2778,3531,3638,4280,4400,4946,6022,6441,7320,
49;0;323;344;1;26,100,104,138,144,179,180,231,245,276,288,297,307,329,394,396,438,592,594,640,644,645,834,854,892,896,911,931,947,949,1039,1050,1051,1057,1075,1093,1145,1151,1168,1396,1472,1476,1519,1528,1623,1661,1667,1674,1973,2103,2105,2405,2427,2428,2429,2430,2645,2687,2774,2775,2776,2778,2790,3019,3263,3531,4605,4946,5370,6022,6441,6629,7320,7428,8147,8653,8654,8655,8656,8657,
49;1;344;447;1;26,100,104,138,144,179,180,231,245,276,288,297,307,329,394,396,438,592,594,640,644,645,834,854,892,896,911,931,947,949,1039,1050,1051,1057,1075,1093,1145,1151,1168,1271,1276,1287,1288,1293,1295,1322,1396,1472,1476,1519,1528,1623,1661,1667,1674,1973,2103,2105,2148,2240,2241,2410,2418,2472,2645,2774,2775,2778,2790,3048,3049,3050,3051,3263,3531,4605,6022,6441,6629,7320,
106;0;447;468;1;26,100,104,138,144,179,180,231,245,276,288,297,307,329,394,396,438,592,594,640,644,645,834,854,892,896,911,931,947,949,1039,1050,1051,1057,1075,1093,1145,1151,1168,1271,1276,1287,1288,1293,1295,1322,1396,1472,1476,1478,1481,1519,1528,1623,1661,1667,1674,1973,2103,2105,2148,2240,2241,2410,2418,2472,2645,2774,2775,2778,2790,3048,3050,3263,3531,4605,6022,6441,6629,7320,
106;1;468;577;1;15,16,17,20,24,25,26,34,38,40,45,54,60,100,104,138,144,179,180,231,245,276,288,297,307,329,394,396,438,448,490,494,592,594,640,644,645,834,854,892,896,911,931,947,949,1039,1050,1051,1057,1075,1093,1145,1151,1168,1271,1276,1287,1288,1293,1295,1322,1476,1478,1481,1519,1582,1667,2645,2774,2775,2778,2790,3050,3263,3531,4605,6022,6441,6629,7320,
101;0;577;627;1;15,16,17,20,24,25,26,27,34,38,40,45,54,60,100,104,138,144,179,180,189,231,245,247,276,288,297,307,329,394,396,438,448,490,494,592,594,640,644,645,734,834,854,892,896,911,931,947,949,1039,1050,1051,1057,1145,1151,1270,1287,1288,1293,1295,1322,1476,1478,1481,1519,1667,2154,2645,2774,2775,2778,2790,3050,3263,3531,4605,6022,6441,6629,7320,
101;1;627;721;1;24,26,38,101,144,145,146,149,179,189,226,231,262,390,528,640,645,677,715,765,1145,1268,1277,1279,1287,1288,1293,1294,1295,1322,1463,1476,1478,1481,1488,1604,1716,1726,2080,2315,2475,2628,2661,2796,2894,2895,2896,3535,3609,4033,4035,4219,4802,5525,5722,5777,5869,5984,5987,5992,6090,6352,6441,6513,6584,6957,7029,7071,7072,7073,7254,7255,7256,7257,7258,7259,7260,7926,7927,7958,
372;0;721;885;1;24,26,38,101,144,145,146,149,179,189,226,231,262,390,528,640,645,677,715,765,1145,1268,1277,1279,1287,1288,1293,1294,1295,1322,1463,1476,1478,1481,1488,1604,1716,1726,2080,2315,2475,2628,2661,2796,2894,2895,2896,3535,3609,4033,4035,4219,4802,5525,5722,5777,5869,5984,5987,5992,6090,6352,6441,6513,6584,6957,7029,7071,7072,7073,7254,7255,7256,7257,7258,7259,7260,7926,7927,7958,
136;0;885;1049;1;24,26,38,101,144,145,146,149,179,189,226,231,262,390,528,640,645,677,715,765,1145,1268,1277,1279,1287,1288,1293,1294,1295,1322,1463,1476,1478,1481,1488,1604,1716,1726,2080,2315,2475,2628,2661,2796,2894,2895,2896,3535,3609,4033,4035,4219,4802,5525,5722,5777,5869,5984,5987,5992,6090,6352,6441,6513,6584,6957,7029,7071,7072,7073,7254,7255,7256,7257,7258,7259,7260,7926,7927,7958,
136;1;1049;1090;1;24,26,38,101,144,145,146,149,179,189,226,231,262,390,528,640,645,677,715,765,1145,1268,1277,1279,1287,1288,1293,1294,1295,1322,1463,1476,1478,1481,1488,1604,1716,1726,2080,2315,2475,2628,2661,2796,2894,2895,2896,3535,3609,4033,4035,4219,4802,5525,5722,5777,5869,5984,5987,5992,6090,6352,6441,6513,6584,6957,7029,7071,7072,7073,7254,7255,7256,7257,7258,7259,7260,7926,7927,7958,
25;0;1090;1163;1;24,26,38,101,144,145,146,149,179,189,226,231,262,390,528,640,645,677,715,765,1145,1268,1277,1279,1287,1288,1293,1294,1295,1322,1463,1476,1478,1481,1488,1604,1716,1726,2080,2315,2475,2628,2661,2796,2894,2895,2896,3535,3609,4033,4035,4219,4802,5525,5722,5777,5869,5984,5987,5992,6090,6352,6441,6513,6584,6957,7029,7071,7072,7073,7254,7255,7256,7257,7258,7259,7260,7926,7927,7958,
25;1;1440;1613;1;24,26,38,101,144,145,146,149,179,189,225,226,231,262,277,390,404,429,528,640,645,647,677,715,765,855,1117,1145,1268,1277,1279,1287,1288,1293,1294,1295,1322,1463,1476,1478,1479,1481,1488,1604,1716,1726,1920,1922,2080,2315,2475,2628,2661,2796,2894,2895,2896,3535,3609,4033,4035,4219,4220,4802,5525,5722,5777,5869,5984,5987,5992,6090,6352,6441,6513,6584,6957,7029,7071,7072,
38;0;1613;1743;1;24,26,38,101,144,145,146,149,179,189,225,226,231,241,262,271,277,390,398,404,429,528,640,645,647,648,677,715,765,855,1117,1145,1268,1277,1279,1287,1288,1293,1294,1295,1322,1463,1474,1476,1478,1479,1481,1488,1604,1716,1726,1920,1922,2080,2315,2475,2628,2661,2796,2891,2894,2895,2896,3535,3609,4033,4035,4219,4220,4802,5525,5722,5777,5869,5984,5987,5992,6090,6352,6441,
38;1;1743;1893;1;24,26,38,101,144,145,146,149,179,189,225,226,231,241,262,271,277,390,398,404,429,528,640,645,647,648,677,715,765,855,1117,1145,1268,1277,1279,1287,1288,1293,1294,1295,1322,1463,1474,1476,1478,1479,1481,1488,1604,1716,1726,1920,1922,2080,2315,2475,2628,2661,2796,2891,2894,2895,2896,3535,3609,4033,4035,4219,4220,4802,5525,5722,5777,5869,5984,5987,5992,6090,6441,7431,
50;0;1893;2062;0;24,26,38,101,144,145,146,149,179,189,225,226,231,241,262,271,277,390,398,404,429,528,640,645,647,648,677,715,765,855,1117,1145,1268,1277,1279,1287,1288,1293,1294,1295,1322,1463,1474,1476,1478,1479,1481,1488,1604,1716,1726,1920,1922,2080,2315,2475,2628,2661,2796,2845,2891,2894,2895,2896,3060,3535,3609,4033,4035,4219,4220,5525,5722,5779,5869,6441,6865,6866,6867,7709,
50;1;2062;2202;0;24,26,28,38,137,144,146,149,152,177,178,179,184,189,234,267,303,304,305,308,311,312,314,316,321,390,395,398,412,528,529,658,1117,1145,1146,1149,1225,1269,1278,1279,1287,1288,1293,1322,1476,1479,1481,1587,1591,1592,1783,1785,1795,1920,2958,3022,3267,3704,3788,3879,4324,4325,4326,4327,4328,4329,4330,4377,4378,4473,4964,4965,4966,4972,5182,6441,7834,8165,8846,9000,
47;0;2202;2354;0;24,26,28,38,137,144,146,149,152,177,178,179,184,189,234,267,303,304,305,308,311,312,314,316,321,390,395,398,412,528,529,658,1117,1145,1146,1149,1225,1269,1278,1279,1287,1288,1293,1322,1476,1479,1481,1587,1591,1592,1783,1785,1795,1920,2958,3022,3267,3704,3788,3879,4324,4325,4326,4327,4328,4329,4330,4377,4378,4473,4964,4965,4966,4972,5182,6441,7834,8165,8846,9000,
47;1;2354;2491;0;24,26,28,38,137,144,146,149,152,177,178,179,184,189,234,267,303,304,305,308,311,312,314,316,321,390,395,398,412,528,529,658,1117,1145,1146,1149,1225,1269,1278,1279,1287,1288,1293,1322,1476,1479,1481,1587,1591,1592,1783,1785,1795,1920,2958,3022,3267,3704,3788,3879,4324,4325,4326,4327,4328,4329,4330,4377,4378,4473,4964,4965,4966,4972,5182,6441,7834,8165,8846,9000,
120;0;2491;2652;0;24,26,28,38,137,144,146,149,152,177,178,179,184,189,234,267,303,304,305,308,311,312,314,316,321,390,395,398,412,528,529,658,1117,1145,1146,1149,1225,1269,1278,1279,1287,1288,1293,1322,1476,1479,1481,1587,1591,1592,1783,1785,1795,1920,2958,3022,3267,3704,3788,3879,4324,4325,4326,4327,4328,4329,4330,4377,4378,4473,4964,4965,4966,4972,5182,6441,7834,8165,8846,9000,
120;1;2652;2757;0;24,26,28,38,137,144,146,149,152,177,178,179,184,189,234,267,303,304,305,308,311,312,314,316,321,390,395,398,412,528,529,658,1117,1145,1146,1149,1225,1269,1278,1279,1287,1288,1293,1322,1476,1479,1481,1587,1591,1592,1783,1785,1795,1920,2958,3022,3267,3704,3788,3879,4324,4325,4326,4327,4328,4329,4330,4377,4378,4473,4964,4965,4966,4972,5182,6441,7834,8165,8846,9000,
70;0;2880;3048;0;24,26,28,38,137,144,146,149,152,177,178,179,184,189,234,267,303,304,305,308,311,312,314,316,321,390,395,398,412,528,529,658,871,872,873,874,1117,1142,1145,1146,1149,1225,1269,1278,1279,1287,1288,1293,1322,1456,1460,1461,1476,1479,1481,1587,1591,1592,1783,1785,1795,1920,2958,3022,3267,3704,3788,3879,4324,4325,4326,4327,4328,4329,4330,4473,4964,4965,4966,4972,
70;1;3048;3138;0;24,26,28,38,137,144,146,149,152,177,178,179,184,189,234,267,303,304,305,308,311,312,314,316,321,390,395,398,412,528,529,658,871,872,873,874,1117,1142,1145,1146,1149,1225,1269,1278,1279,1287,1288,1293,1322,1456,1460,1461,1476,1479,1481,1587,1591,1592,1783,1785,1795,1920,2958,3022,3267,3704,3788,3879,4324,4325,4326,4327,4328,4329,4473,4964,4965,4966,4972,8463,
33;0;3138;3215;0;24,26,28,38,137,144,146,149,152,177,178,179,184,189,234,267,303,304,305,308,311,312,314,316,321,390,395,398,412,528,529,658,871,872,873,874,1117,1142,1145,1146,1149,1225,1269,1278,1279,1287,1288,1293,1322,1456,1479,1481,1587,1592,1920,3704,4473,4964,4965,4966,4972,6360,7137,7167,7168,7169,7170,7171,7172,7173,7174,7175,7176,7177,7178,7179,7180,7181,7182,7183,
33;1;3215;3372;0;3,24,26,28,38,137,144,146,149,152,177,178,179,184,189,234,267,288,303,304,305,308,311,312,314,316,321,390,395,398,412,528,529,658,871,872,873,874,1048,1051,1054,1117,1142,1145,1146,1149,1225,1269,1278,1279,1287,1288,1293,1322,1358,1456,1479,1481,1587,1592,1604,1725,1805,1920,1945,3704,4473,4964,4965,4966,4972,6360,7137,7167,7168,7169,7170,7171,7172,7173,
72;0;3372;3463;0;3,24,26,28,38,137,144,146,149,152,177,178,179,184,189,234,267,288,303,304,305,308,311,312,314,316,321,390,395,398,412,528,529,658,871,872,873,874,1048,1051,1054,1117,1142,1145,1146,1149,1225,1269,1278,1279,1287,1288,1293,1322,1358,1456,1479,1481,1587,1592,1604,1725,1805,1920,1945,3704,4473,4964,4965,4966,4972,5476,6360,7137,7167,7168,7169,7397,7398,7399,
72;1;3463;3599;0;3,24,26,28,38,113,137,144,146,149,152,177,178,179,184,189,234,267,288,303,304,305,308,311,312,314,316,321,390,395,398,412,528,529,534,540,658,753,871,872,873,874,1048,1051,1054,1117,1142,1145,1146,1149,1162,1225,1269,1278,1279,1287,1288,1293,1322,1358,1456,1479,1481,1587,1592,1604,1920,1945,2233,3080,3508,3509,3510,3704,4473,4964,4965,4966,4972,6360,
56;0;3599;3687;0;1,2,3,4,5,6,7,8,9,10,11,12,13,24,26,139,141,143,144,147,149,262,275,288,289,298,321,351,390,397,398,429,435,528,529,647,912,1048,1051,1054,1117,1145,1146,1167,1269,1287,1288,1293,1322,1354,1358,1587,1604,1667,1726,1843,1941,1946,1947,2247,2513,2822,3036,3037,3243,3270,3343,3704,4500,5738,5742,5792,5793,5794,8504,8505,8506,8507,8508,8509,
56;1;3687;3818;0;1,2,3,4,5,6,7,8,9,10,11,12,13,24,26,139,141,143,144,147,149,262,275,288,289,298,321,351,390,397,398,429,435,528,529,647,912,1048,1051,1054,1117,1145,1146,1167,1269,1287,1288,1293,1322,1354,1358,1587,1604,1667,1726,1843,1941,1946,1947,2247,2513,2822,3036,3037,3243,3270,3343,3704,4500,5738,5742,5792,5793,5794,8504,8505,8506,8507,8508,8509,
138;0;3818;3979;0;1,2,3,4,5,6,7,8,9,10,11,12,13,24,26,139,141,143,144,147,149,262,275,288,289,298,321,351,390,397,398,429,435,528,529,647,912,1048,1051,1054,1117,1145,1146,1167,1269,1287,1288,1293,1322,1354,1358,1587,1604,1667,1726,1843,1941,1946,1947,2247,2513,2822,3036,3037,3243,3270,3343,3704,4500,5738,5742,5792,5793,5794,8504,8505,8506,8507,8508,8509,
138;1;3979;4030;0;1,2,3,4,5,6,7,8,9,10,11,12,13,24,26,139,141,143,144,147,149,262,275,288,289,298,321,351,390,397,398,429,435,528,529,647,912,1048,1051,1054,1117,1145,1146,1167,1269,1287,1288,1293,1322,1354,1358,1587,1604,1667,1726,1843,1941,1946,1947,2247,2513,2822,3036,3037,3243,3270,3343,3704,4500,5738,5742,5792,5793,5794,8504,8505,8506,8507,8508,8509,
12;0;4030;4209;0;1,2,3,4,5,6,7,8,9,10,11,12,13,24,26,139,141,143,144,147,149,262,275,288,289,298,321,351,390,397,398,429,435,528,529,647,912,1048,1051,1054,1117,1145,1146,1167,1269,1287,1288,1293,1322,1354,1358,1587,1604,1667,1726,1843,1941,1946,1947,2247,2513,2822,3036,3037,3243,3270,3343,3704,4500,5738,5742,5792,5793,5794,8504,8505,8506,8507,8508,8509,
12;1;4320;4334;0;1,2,3,4,5,6,7,8,9,10,11,12,13,24,26,139,141,143,144,147,149,255,262,275,288,289,298,321,351,390,397,398,429,435,528,529,647,748,754,912,1048,1051,1054,1117,1145,1146,1167,1268,1269,1272,1277,1280,1287,1288,1291,1293,1294,1322,1354,1358,1587,1604,1667,1726,1843,1941,1946,1947,2080,2147,2247,2513,2822,3036,3597,3703,3704,4451,6018,7041,
40;0;4334;4438;0;1,2,3,4,5,6,7,8,9,10,11,12,13,24,26,139,141,143,144,145,147,149,231,241,255,262,275,277,288,289,298,321,351,390,391,397,398,400,429,435,528,529,647,748,754,912,1048,1051,1054,1117,1145,1146,1167,1268,1269,1272,1277,1280,1287,1288,1291,1293,1294,1322,1354,1358,1478,1587,1604,1667,1726,1843,1941,1946,1947,2080,2147,2247,2513,3703,
40;1;4438;4514;0;1,2,3,4,5,6,7,8,9,10,11,12,13,24,26,139,141,143,144,145,147,149,231,241,255,262,275,277,288,289,298,321,351,390,391,397,398,400,429,435,528,529,647,748,754,912,1048,1051,1054,1117,1145,1146,1167,1268,1269,1272,1277,1280,1287,1288,1291,1293,1294,1322,1354,1358,1478,1587,1604,1667,1726,1843,1941,1946,1947,2080,2147,3703,8468,8469,
142;0;4514;4526;0;1,2,3,4,5,6,7,8,9,10,11,12,13,24,26,87,89,90,139,141,143,144,145,147,149,231,241,255,262,275,277,288,289,321,391,397,398,400,429,435,528,529,647,764,768,770,833,836,858,862,944,945,1051,1117,1145,1146,1151,1214,1277,1280,1293,1294,1478,1515,1516,1517,1518,1519,1520,1521,1522,1523,1524,1525,1526,1527,1587,1941,3703,8469,
142;1;4526;4690;0;1,2,3,4,5,6,7,8,9,10,11,12,13,24,26,87,89,90,139,141,143,144,145,147,149,231,241,255,262,275,277,288,289,321,391,397,398,400,429,435,528,529,647,764,768,770,833,836,858,862,944,945,1051,1117,1145,1146,1151,1214,1277,1280,1293,1294,1478,1515,1516,1517,1518,1519,1520,1521,1522,1524,1525,1587,1941,3703,8469,8511,8512,8513,
402;0;4690;4861;0;1,2,3,4,5,6,7,8,9,10,11,12,13,24,26,87,89,90,139,141,143,144,145,147,149,231,241,251,255,262,275,277,288,289,321,391,397,398,400,429,435,528,529,647,764,768,770,833,836,858,862,944,945,1051,1117,1145,1146,1151,1214,1270,1277,1280,1293,1294,1478,1515,1516,1517,1518,1519,1521,1524,1525,1587,1941,2221,2263,2846,3703,8469,
490;0;4861;5030;0;1,2,3,4,5,6,7,8,9,10,11,12,13,24,89,90,126,139,144,145,147,149,208,231,241,251,262,277,288,289,321,391,397,398,400,427,429,435,480,499,504,528,529,547,578,647,764,768,833,836,858,862,944,945,964,1051,1117,1145,1146,1214,1270,1277,1280,1293,1294,1478,1521,1524,1525,1587,1701,1936,1941,2069,2221,2306,3395,3703,7980,8469,
130;0;5030;5046;0;24,60,89,90,93,139,144,145,147,149,225,231,241,276,277,289,321,343,391,398,429,528,529,647,691,727,764,766,768,769,833,843,858,875,944,945,1117,1145,1146,1277,1280,1293,1294,1478,1587,1941,2222,2223,2594,2637,2692,3065,3152,3380,3618,3979,4059,4060,4061,4408,6042,7222,7223,7224,7225,7226,7227,7228,7229,7230,7231,7232,7233,7234,7376,7377,7487,8465,8466,8467,
130;1;5046;5192;0;24,60,89,90,93,139,144,145,147,149,225,231,241,276,277,289,321,343,391,398,429,528,529,647,691,727,764,766,768,769,833,843,858,875,944,945,1117,1145,1146,1277,1280,1293,1294,1478,1587,1941,2222,2223,2594,2637,2692,3065,3152,3380,3618,3979,4059,4060,4061,4408,6042,7222,7223,7224,7225,7226,7227,7228,7229,7230,7231,7232,7233,7234,7376,7377,7487,8465,8466,8467,
125;0;5192;5343;0;24,60,89,90,93,139,144,145,147,149,225,231,241,276,277,289,321,343,391,398,429,528,529,647,691,727,764,766,768,769,833,843,858,875,944,945,1117,1145,1146,1277,1280,1293,1294,1478,1587,1941,2222,2223,2594,2637,2692,3065,3152,3380,3618,3979,4059,4060,4061,4408,6042,7222,7223,7224,7225,7226,7227,7228,7229,7230,7231,7232,7233,7234,7376,7377,7487,8465,8466,8467,
125;1;5343;5351;0;24,60,89,90,93,139,144,145,147,149,225,231,241,276,277,289,321,343,391,398,429,528,529,647,691,727,764,766,768,769,833,843,858,875,944,945,1117,1145,1146,1277,1280,1293,1294,1478,1587,1941,2222,2223,2594,2637,2692,3065,3152,3380,3618,3979,4059,4060,4061,4408,6042,7222,7223,7224,7225,7226,7227,7228,7229,7230,7231,7232,7233,7234,7376,7377,7487,8465,8466,8467,
438;0;5351;5508;0;24,60,89,90,93,139,144,145,147,149,225,231,241,276,277,289,321,343,391,398,429,528,529,647,691,727,764,766,768,769,833,843,858,875,944,945,1117,1145,1146,1277,1280,1293,1294,1478,1587,1941,2222,2223,2594,2637,2692,3065,3152,3380,3618,3979,4059,4060,4061,4408,6042,7222,7223,7224,7225,7226,7227,7228,7229,7230,7231,7232,7233,7234,7376,7377,7487,8465,8466,8467,
445;0;5508;5663;0;24,60,89,90,93,139,144,145,147,149,225,231,241,276,277,289,321,343,391,398,429,528,529,647,691,727,764,766,768,769,833,843,858,875,944,945,1117,1145,1146,1277,1280,1293,1294,1478,1587,1941,2222,2223,2594,2637,2692,3065,3152,3380,3618,3979,4059,4060,4061,4408,6042,7222,7223,7224,7225,7226,7227,7228,7229,7230,7231,7232,7233,7234,7376,7377,7487,8465,8466,8467,
Machine: 2
462;0;0;18;1;1,3,24,38,100,144,149,177,226,262,270,277,302,305,310,329,391,442,581,677,700,1069,1093,1132,1204,1214,1286,1473,1475,1476,1477,1567,1599,1667,1803,1825,2109,2134,2451,2475,2602,2626,3108,3278,3336,3389,3708,4033,4535,4857,4891,4902,4925,4926,4927,4928,4929,4930,4931,4932,4933,4934,4935,4936,4937,4938,4939,4997,5296,5951,5959,5966,5976,5992,6194,6552,6556,6583,6729,7137,
425;0;18;52;1;1,3,24,38,100,144,149,177,226,262,270,277,302,305,310,329,391,442,581,677,700,1069,1093,1132,1204,1214,1286,1473,1475,1476,1477,1567,1599,1667,1803,1825,2109,2134,2451,2475,2602,2626,3108,3278,3336,3389,3708,4033,4535,4857,4891,4902,4925,4926,4927,4928,4929,4930,4931,4932,4933,4934,4935,4936,4937,4938,4939,4997,5296,5951,5959,5966,5976,5992,6194,6552,6556,6583,6729,7137,
467;0;52;99;1;1,3,24,38,100,144,149,177,226,262,270,277,302,305,310,329,391,442,581,677,700,1069,1093,1132,1204,1214,1286,1473,1475,1476,1477,1567,1599,1667,1803,1825,2109,2134,2451,2475,2602,2626,3108,3278,3336,3389,3708,4033,4535,4857,4891,4902,4925,4926,4927,4928,4929,4930,4931,4932,4933,4934,4935,4936,4937,4938,4939,4997,5296,5951,5959,5966,5976,5992,6194,6552,6556,6583,6729,7137,
378;0;99;179;1;1,3,24,38,100,144,149,177,226,262,270,277,302,305,310,329,391,442,581,677,700,1069,1093,1132,1204,1214,1286,1473,1475,1476,1477,1567,1599,1667,1803,1825,2109,2134,2451,2475,2602,2626,3108,3278,3336,3389,3708,4033,4535,4857,4891,4902,4925,4926,4927,4928,4929,4930,4931,4932,4933,4934,4935,4936,4937,4938,4939,4997,5296,5951,5959,5966,5976,5992,6194,6552,6556,6583,6729,7137,
96;0;179;254;1;1,3,24,38,100,144,149,177,226,262,270,273,277,302,305,310,314,317,329,391,442,581,677,700,1069,1093,1121,1132,1204,1214,1286,1473,1474,1475,1476,1477,1567,1599,1667,1676,1803,1825,1932,2109,2134,2451,2475,2602,2626,3108,3278,3336,3389,3708,4033,4535,4857,4891,4902,4925,4926,4927,4928,4929,4930,4931,4932,4933,4934,4935,4936,4937,4938,4939,4997,5296,5951,5959,5976,6552,
96;1;254;289;1;1,3,24,38,97,100,144,149,177,225,226,234,262,268,270,272,273,277,286,287,291,302,305,310,314,317,329,351,391,395,442,581,640,677,700,1069,1093,1121,1132,1204,1214,1236,1286,1473,1474,1475,1476,1477,1567,1599,1624,1667,1676,1740,1803,1825,1932,2109,2134,2225,2451,2475,2602,2626,2695,3108,3278,3336,3389,3698,3708,3793,4033,4535,4997,5951,5976,6552,7033,7034,
89;0;289;323;1;1,3,24,38,97,100,144,149,177,225,226,234,262,268,270,272,273,277,286,287,288,291,302,305,310,314,317,329,351,391,395,400,401,404,442,581,640,677,700,1069,1093,1121,1132,1204,1214,1236,1286,1401,1473,1474,1475,1476,1477,1478,1567,1599,1624,1667,1676,1740,1762,1803,1825,1932,2109,2134,2225,2451,2475,2602,2626,2695,3108,3698,4033,4502,4997,5951,5976,6552,
89;1;323;435;1;1,3,24,38,97,100,144,149,177,225,226,234,262,268,270,272,273,277,286,287,288,291,302,305,310,314,317,329,351,391,395,400,401,404,442,581,640,677,700,1069,1093,1121,1132,1204,1214,1236,1286,1401,1473,1474,1475,1476,1477,1478,1567,1599,1624,1667,1676,1740,1762,1803,1825,1932,2022,2109,2134,2225,2451,2475,2602,2626,2695,3108,3698,4033,4997,5951,5976,6552,
78;0;435;572;0;1,3,24,38,97,100,137,144,149,177,225,226,234,262,268,270,272,273,277,286,287,288,291,302,305,310,314,317,329,351,391,395,400,401,404,442,581,640,677,700,1062,1069,1093,1121,1132,1204,1214,1236,1286,1361,1401,1473,1474,1475,1476,1477,1478,1567,1676,1809,1825,2337,2475,2602,2626,2984,3621,3698,4033,4553,4727,4997,5830,5951,5976,6101,6107,6109,6113,6552,
78;1;572;728;0;95,137,144,177,225,231,234,277,288,314,329,377,404,429,609,640,645,677,765,772,818,836,838,949,1050,1051,1474,1481,1809,1811,2346,2347,2461,2509,2510,2657,2774,2775,2776,2777,2778,3104,3970,4376,4606,4630,4771,4859,5022,5023,5024,5025,5026,5027,5028,5029,5030,5031,5032,5274,5392,5457,5458,5459,5460,5461,5484,5485,5525,5634,5637,5722,5869,6022,6024,6026,7099,7262,7736,7737,
112;0;728;865;0;95,137,144,177,225,231,234,277,288,314,329,377,404,429,609,640,645,677,765,772,818,836,838,949,1050,1051,1474,1481,1809,1811,2346,2347,2461,2509,2510,2657,2774,2775,2776,2777,2778,3104,3970,4376,4606,4630,4771,4859,5022,5023,5024,5025,5026,5027,5028,5029,5030,5031,5032,5274,5392,5457,5458,5459,5460,5461,5484,5485,5525,5634,5637,5722,5869,6022,6024,6026,7099,7262,7736,7737,
112;1;865;986;0;95,137,144,177,225,231,234,277,288,314,329,377,404,429,609,640,645,677,765,772,818,836,838,949,1050,1051,1474,1481,1809,1811,2346,2347,2461,2509,2510,2657,2774,2775,2776,2777,2778,3104,3970,4376,4606,4630,4771,4859,5022,5023,5024,5025,5026,5027,5028,5029,5030,5031,5032,5274,5392,5457,5458,5459,5460,5461,5484,5485,5525,5634,5637,5722,5869,6022,6024,6026,7099,7262,7736,7737,
158;0;986;1123;0;95,137,144,177,225,231,234,277,288,314,329,377,404,429,609,640,645,677,765,772,818,836,838,949,1050,1051,1474,1481,1809,1811,2346,2347,2461,2509,2510,2657,2774,2775,2776,2777,2778,3104,3970,4376,4606,4630,4771,4859,5022,5023,5024,5025,5026,5027,5028,5029,5030,5031,5032,5274,5392,5457,5458,5459,5460,5461,5484,5485,5525,5634,5637,5722,5869,6022,6024,6026,7099,7262,7736,7737,
158;1;1123;1238;0;95,137,144,177,225,231,234,277,288,314,329,377,404,429,609,640,645,677,765,772,818,836,838,949,1050,1051,1474,1481,1809,1811,2346,2347,2461,2509,2510,2657,2774,2775,2776,2777,2778,3104,3970,4376,4606,4630,4771,4859,5022,5023,5024,5025,5026,5027,5028,5029,5030,5031,5032,5274,5392,5457,5458,5459,5460,5461,5484,5485,5525,5634,5637,5722,5869,6022,6024,6026,7099,7262,7736,7737,
66;0;1238;1375;0;95,137,144,177,225,231,234,277,288,314,329,377,404,429,609,640,645,677,765,772,818,836,838,949,1050,1051,1474,1481,1809,1811,2346,2347,2461,2509,2510,2657,2774,2775,2776,2777,2778,3104,3970,4376,4606,4630,4771,4859,5022,5023,5024,5025,5026,5027,5028,5029,5030,5031,5032,5274,5392,5457,5458,5459,5460,5461,5484,5485,5525,5634,5637,5722,5869,6022,6024,6026,7099,7262,7736,7737,
66;1;1440;1538;0;95,137,144,177,225,231,234,277,288,314,329,377,404,429,609,640,645,677,765,772,818,836,838,949,1050,1051,1474,1481,1809,1811,2346,2347,2461,2509,2510,2657,2774,2775,2776,2777,2778,3104,3870,3970,4376,4606,4630,4771,4859,5022,5023,5024,5025,5026,5027,5028,5029,5030,5031,5032,5274,5392,5457,5458,5459,5460,5461,5484,5485,5525,5634,5637,5722,5869,6022,6024,6026,6921,7026,7594,
137;0;1538;1664;0;95,137,144,177,225,231,234,269,277,288,314,329,377,396,404,429,609,640,645,677,765,772,818,836,838,949,1050,1051,1473,1474,1481,1538,1676,1809,1811,2054,2346,2347,2461,2509,2510,2657,2774,2775,2776,2777,2778,3104,3870,3970,4376,4545,4606,4630,4771,4859,4956,4957,4958,4959,4960,4961,4962,4963,5022,5023,5024,5025,5026,5027,5028,5029,5030,5031,5032,5274,5392,5637,5722,5869,
137;1;1664;1765;0;95,137,144,177,225,231,234,269,277,288,314,329,377,396,404,429,609,640,645,677,765,772,818,836,838,949,1050,1051,1473,1474,1481,1538,1676,1809,1811,2054,2157,2178,2232,2346,2347,2461,2509,2510,2657,2774,2775,2776,2777,2778,2847,3104,3870,3970,4376,4545,4606,4630,4771,4859,4956,4957,4958,4959,4960,4961,4962,4963,5022,5023,5024,5025,5026,5027,5637,5722,5869,5944,5945,5946,
68;0;1765;1846;0;35,68,95,137,144,150,177,196,225,231,234,269,277,288,314,329,374,377,396,404,429,569,609,640,645,677,765,772,818,836,838,949,995,1050,1051,1473,1474,1481,1538,1676,1693,1809,1811,1853,1984,1989,2054,2157,2178,2216,2232,2346,2347,2461,2509,2510,2518,2519,2520,2521,2522,2523,2524,2525,2526,2527,2528,2657,2774,2775,2776,2777,2778,2847,3970,4545,5637,5722,5869,5944,
68;1;1846;1986;0;35,68,95,97,137,144,150,177,179,196,225,231,234,262,269,272,273,277,287,288,304,305,311,314,317,329,374,377,396,404,429,446,569,609,640,645,677,765,772,818,836,838,949,995,1050,1051,1131,1136,1137,1473,1474,1481,1538,1676,1677,1693,1809,1811,1853,1984,1989,2054,2157,2178,2216,2232,2346,2347,2461,2774,2775,2776,2777,2778,3970,4545,5637,5722,5869,5944,
69;0;1986;2067;0;35,68,95,97,137,144,150,177,179,196,225,231,234,262,269,272,273,277,287,288,294,304,305,311,314,317,329,374,377,396,404,429,446,569,609,640,645,677,765,772,818,836,838,949,995,1050,1051,1131,1136,1137,1398,1473,1474,1481,1538,1676,1677,1693,1809,1811,1853,1984,1989,2054,2157,2178,2216,2232,2346,2774,2775,2776,2777,2778,3970,4545,5637,5722,5869,5944,
69;1;2067;2199;0;27,54,60,177,179,202,231,255,272,290,438,474,487,504,506,569,573,658,722,756,871,931,968,1089,1293,1476,1558,1580,1669,1936,1994,2092,2163,2230,2306,2337,2512,2645,2774,2775,2778,3003,3022,3099,3263,3473,3651,3855,3864,3955,3970,4028,4029,4030,4600,4740,5053,5340,5404,5405,5901,6136,6475,7403,7404,7405,7406,7952,7953,7954,7955,7956,7957,8264,8265,8266,8267,8268,8269,8270,
9;0;2199;2374;0;27,54,60,177,179,202,231,255,272,290,438,474,487,504,506,569,573,658,722,756,871,931,968,1089,1293,1476,1558,1580,1669,1936,1994,2092,2163,2230,2306,2337,2512,2645,2774,2775,2778,3003,3022,3099,3263,3473,3651,3855,3864,3955,3970,4028,4029,4030,4600,4740,5053,5340,5404,5405,5901,6136,6475,7403,7404,7405,7406,7952,7953,7954,7955,7956,7957,8264,8265,8266,8267,8268,8269,8270,
9;1;2374;2404;0;27,54,60,177,179,202,231,255,272,290,438,474,487,504,506,569,573,658,722,756,871,931,968,1089,1293,1476,1558,1580,1669,1936,1994,2092,2163,2230,2306,2337,2512,2645,2774,2775,2778,3003,3022,3099,3263,3473,3651,3855,3864,3955,3970,4028,4029,4030,4600,4740,5053,5340,5404,5405,5901,6136,6475,7403,7404,7405,7406,7952,7953,7954,7955,7956,7957,8264,8265,8266,8267,8268,8269,8270,
27;0;2404;2500;0;27,54,60,177,179,202,231,255,272,290,438,474,487,504,506,569,573,658,722,756,871,931,968,1089,1293,1476,1558,1580,1669,1936,1994,2092,2163,2230,2306,2337,2512,2645,2774,2775,2778,3003,3022,3099,3263,3473,3651,3855,3864,3955,3970,4028,4029,4030,4600,4740,5053,5340,5404,5405,5901,6136,6475,7403,7404,7405,7406,7952,7953,7954,7955,7956,7957,8264,8265,8266,8267,8268,8269,8270,
27;1;2500;2603;0;27,54,60,177,179,202,231,255,272,290,438,474,487,504,506,569,573,658,722,756,871,931,968,1089,1293,1476,1558,1580,1669,1936,1994,2092,2163,2230,2306,2337,2512,2645,2774,2775,2778,3003,3022,3099,3263,3473,3651,3855,3864,3955,3970,4028,4029,4030,4600,4740,5053,5340,5404,5405,5901,6136,6475,7403,7404,7405,7406,7952,7953,7954,7955,7956,7957,8264,8265,8266,8267,8268,8269,8270,
22;0;2880;3050;0;27,38,54,60,74,79,177,179,190,202,208,231,255,256,272,290,438,474,487,504,506,569,573,658,722,756,871,931,968,979,1089,1293,1476,1558,1580,1587,1669,1936,1994,2092,2163,2230,2289,2305,2306,2337,2512,2645,2774,2775,2778,3003,3022,3099,3263,3361,3473,3577,3651,3855,3864,3871,3872,3873,3874,3875,3876,3877,3878,3879,3955,3970,4028,4029,4030,4600,4740,5053,5340,5404,
22;1;3050;3061;0;26,27,38,54,60,61,63,74,79,177,179,190,202,208,231,255,256,272,290,438,474,487,504,506,569,573,658,722,756,871,931,968,979,1089,1266,1270,1275,1277,1287,1288,1293,1476,1558,1580,1587,1669,1936,1994,2092,2163,2230,2289,2305,2306,2337,2512,2645,2774,2775,2778,3003,3022,3099,3263,3361,3473,3577,3651,3855,3864,3871,3872,3873,3874,3875,3876,3877,3878,3879,5053,
104;0;3061;3197;0;26,27,38,54,60,61,63,74,79,144,177,178,179,181,182,183,184,190,202,208,231,255,256,272,290,308,321,438,474,487,504,506,569,573,658,722,756,871,931,968,979,1089,1266,1270,1275,1277,1287,1288,1293,1476,1558,1580,1587,1669,1676,1936,1994,2092,2163,2230,2289,2305,2306,2337,2512,2645,2774,2775,2778,3003,3022,3099,3263,3361,3473,3577,3651,3855,3864,5053,
104;1;3197;3238;0;26,27,38,54,60,61,63,74,79,144,177,178,179,181,182,183,184,190,202,208,231,255,256,272,290,308,321,438,474,487,504,506,569,573,658,722,756,871,931,968,979,1089,1266,1270,1275,1277,1287,1288,1293,1339,1476,1558,1580,1587,1669,1676,1936,1994,2092,2163,2230,2289,2305,2306,2337,2512,2645,2774,2775,2778,3003,3022,3099,3263,3361,3473,3577,3651,3855,5053,
409;0;3238;3410;0;26,27,38,54,60,61,63,74,79,144,177,178,179,181,182,183,184,190,202,208,231,255,256,272,290,308,321,438,474,487,504,506,515,529,569,573,658,722,756,871,931,968,979,1089,1266,1269,1270,1275,1277,1287,1288,1293,1339,1476,1558,1580,1587,1669,1676,1936,1994,2217,2306,2485,2512,2645,2774,2775,2778,3003,3263,3577,5053,6203,7978,7989,8873,8874,8875,8876,
164;0;3410;3522;0;26,27,38,54,60,61,63,74,79,144,177,178,179,181,182,183,184,190,202,208,231,255,256,272,290,308,321,438,474,487,504,506,515,529,569,573,658,722,756,871,931,968,979,1051,1089,1145,1266,1269,1270,1275,1277,1287,1288,1293,1339,1476,1558,1580,1587,1669,1676,1936,1994,2217,2306,2485,2489,2490,2512,2645,2774,2775,2778,3003,3263,3577,5053,6203,7978,7989,
164;1;3522;3573;0;26,27,38,54,60,61,63,74,79,144,177,178,179,181,182,183,184,190,202,208,231,255,256,272,290,308,321,438,474,487,504,506,515,529,871,1051,1277,1287,1288,1293,1476,1558,1580,1587,1669,2306,2512,2645,2774,2775,2778,3003,3263,3577,5053,9222,9223,9224,9225,9229,9230,9231,9232,9233,9234,9235,9236,9237,9238,9239,9240,9241,9242,9243,9244,9245,9246,9247,9248,9249,
439;0;3573;3730;0;8,89,100,117,138,144,177,225,247,271,291,295,351,442,765,766,841,848,851,932,1043,1119,1147,1473,1529,1530,1570,1827,1915,1943,2376,2394,2429,2474,2597,2627,2643,2645,2647,2678,2679,3016,3445,3635,3915,4369,4373,4495,4545,4655,4734,4775,4816,5053,5107,5502,5890,6098,6114,6401,6810,6872,7316,7463,8368,8369,8370,8371,9168,9169,9170,9171,9175,9179,9185,9187,9188,9189,9190,9191,
461;0;3730;3886;0;8,89,100,117,138,144,177,225,247,271,291,295,351,442,765,766,841,848,851,932,1043,1119,1147,1473,1529,1530,1570,1827,1915,1943,2376,2394,2429,2474,2597,2627,2643,2645,2647,2678,2679,3016,3445,3635,3915,4369,4373,4495,4545,4655,4734,4775,4816,5053,5107,5502,5890,6098,6114,6401,6810,6872,7316,7463,8368,8369,8370,8371,9168,9169,9170,9171,9175,9179,9185,9187,9188,9189,9190,9191,
460;0;3886;4038;0;8,89,100,117,138,144,177,225,247,271,291,295,351,442,765,766,841,848,851,932,1043,1119,1147,1473,1529,1530,1570,1827,1915,1943,2376,2394,2429,2474,2597,2627,2643,2645,2647,2678,2679,3016,3445,3635,3915,4369,4373,4495,4545,4655,4734,4775,4816,5053,5107,5502,5890,6098,6114,6401,6810,6872,7316,7463,8368,8369,8370,8371,9168,9169,9170,9171,9175,9179,9185,9187,9188,9189,9190,9191,
39;0;4038;4141;0;8,89,100,117,138,144,177,225,247,271,291,295,351,442,765,766,841,848,851,932,1043,1119,1147,1473,1529,1530,1570,1827,1915,1943,2376,2394,2429,2474,2597,2627,2643,2645,2647,2678,2679,3016,3445,3635,3915,4369,4373,4495,4545,4655,4734,4775,4816,5053,5107,5502,5890,6098,6114,6401,6810,6872,7316,7463,8368,8369,8370,8371,9168,9169,9170,9171,9175,9179,9185,9187,9188,9189,9190,9191,
39;1;4141;4186;0;8,89,100,117,138,144,177,225,247,271,291,295,351,442,765,766,841,848,851,932,1043,1119,1147,1473,1529,1530,1570,1827,1915,1943,2376,2394,2429,2474,2597,2627,2643,2645,2647,2678,2679,3016,3445,3635,3915,4369,4373,4495,4545,4655,4734,4775,4816,5053,5107,5502,5890,6098,6114,6401,6810,6872,7316,7463,8368,8369,8370,8371,9168,9169,9170,9171,9175,9179,9185,9187,9188,9189,9190,9191,
494;0;4320;4462;0;8,89,100,117,138,144,177,210,225,247,271,291,295,351,442,765,766,841,848,851,932,978,1043,1119,1147,1273,1473,1529,1530,1570,1827,1915,1943,2172,2231,2233,2376,2394,2429,2474,2597,2627,2643,2645,2647,2678,2679,2829,2941,2968,3016,3445,3613,3635,3915,4263,4265,4268,4269,4369,4373,4495,4545,4655,4734,4775,4816,5053,5107,5502,5890,6098,6114,6401,6810,6872,7316,7463,8368,8369,
442;0;4462;4599;0;8,89,97,100,117,138,139,144,177,210,225,247,262,271,277,291,295,351,390,404,429,442,765,766,841,848,851,932,948,978,1043,1119,1147,1273,1424,1473,1529,1530,1570,1827,1915,1943,2172,2231,2233,2376,2394,2429,2474,2597,2627,2643,2645,2647,2678,2679,2829,2941,2968,3016,3445,3613,3635,3915,4263,4265,4268,4269,4369,4373,4495,4536,4545,4553,4575,4655,4683,4734,5502,7031,
359;0;4599;4730;0;8,55,60,89,97,100,117,138,139,144,177,206,208,209,210,225,247,262,271,277,291,295,351,390,404,429,442,765,766,841,848,851,932,948,978,1043,1062,1119,1147,1195,1273,1293,1424,1473,1529,1530,1570,1657,1827,1915,1930,1935,1943,1999,2172,2231,2233,2306,2376,2394,2429,2474,2597,2627,2645,2678,2679,2918,2941,2968,3241,3545,3635,4212,4213,4214,4495,4553,4575,5502,
456;0;4730;4859;0;8,55,60,89,97,100,117,138,139,144,177,206,208,209,210,225,247,277,291,351,390,404,429,766,948,1043,1119,1147,1293,1529,2645,2678,2679,2918,2941,2968,3635,3686,4495,4553,4575,5502,5951,5963,5968,5969,5976,5980,5987,5988,6007,6079,6360,6537,6538,6539,6541,6542,6549,6550,6552,6557,6559,6560,6741,6930,7132,7134,7286,8083,8084,8085,8086,8087,8088,8089,8090,8091,8092,8093,
371;0;4859;4985;0;8,55,60,89,97,100,117,138,139,144,177,206,208,209,210,225,247,277,291,351,390,404,429,684,766,948,1043,1117,1119,1147,1148,1163,1172,1174,1293,1470,1471,1529,2645,2678,2679,2918,2941,2968,3635,3686,4495,4553,4575,5502,5951,5963,5968,5969,5976,5980,5987,5988,6007,6079,6360,6537,6538,6539,6541,6542,6549,6550,6552,6557,6559,6560,6741,6930,7132,7134,7286,8083,8084,8085,
94;0;4985;5004;0;8,55,60,89,97,100,117,138,139,144,170,177,206,208,209,210,225,247,277,291,351,390,404,429,597,631,684,766,948,1043,1117,1119,1147,1148,1163,1172,1174,1293,1470,1471,1529,2645,2678,2679,2918,2941,2968,3635,3686,4272,4495,4553,4575,5502,5645,5951,5963,5968,5969,5976,5980,5987,5988,6007,6079,6360,6537,6538,6539,6541,6542,6549,6550,6552,6557,6559,6560,6741,8601,8602,
94;1;5004;5109;0;3,97,100,117,144,156,225,231,255,277,289,291,292,351,382,400,429,476,505,647,693,715,729,754,766,912,987,1043,1055,1146,1167,1170,1200,1293,1435,1474,1476,1529,1558,1719,1814,1834,1835,1836,1840,1843,2074,2080,2179,2247,2330,2370,2555,2645,2678,2679,2849,2918,2941,2957,2968,3037,3126,3249,3774,3814,3847,4033,4064,4285,4500,4575,5379,5742,5792,5834,5835,6015,6686,9194,
360;0;5109;5230;0;3,97,100,117,144,156,225,231,255,277,289,291,292,351,382,400,429,476,505,647,693,715,729,754,766,912,987,1043,1055,1146,1167,1170,1200,1293,1435,1474,1476,1529,1558,1719,1814,1834,1835,1836,1840,1843,2074,2080,2179,2247,2330,2370,2555,2645,2678,2679,2849,2918,2941,2957,2968,3037,3126,3249,3774,3814,3847,4033,4064,4285,4500,4575,5379,5742,5792,5834,5835,6015,6686,9194,
67;0;5230;5326;0;3,97,100,117,144,156,225,231,255,277,289,291,292,351,382,400,429,476,505,647,693,715,729,754,766,912,987,1043,1055,1146,1167,1170,1200,1293,1435,1474,1476,1529,1558,1719,1814,1834,1835,1836,1840,1843,2074,2080,2179,2247,2330,2370,2555,2645,2678,2679,2849,2918,2941,2957,2968,3037,3126,3249,3774,3814,3847,4033,4064,4285,4500,4575,5379,5742,5792,5834,5835,6015,6686,9194,
67;1;5326;5343;0;3,97,100,117,144,156,225,231,255,277,289,291,292,351,382,400,429,476,505,647,693,715,729,754,766,912,987,1043,1055,1146,1167,1170,1200,1293,1435,1474,1476,1529,1558,1719,1814,1834,1835,1836,1840,1843,2074,2080,2179,2247,2330,2370,2555,2645,2678,2679,2849,2918,2941,2957,2968,3037,3126,3249,3774,3814,3847,4033,4064,4285,4500,4575,5379,5742,5792,5834,5835,6015,6686,9194,
Machine: 3
393;0;0;5;1;3,17,92,135,137,139,145,202,206,292,377,390,397,398,429,647,773,794,863,864,891,987,1048,1051,1054,1118,1145,1146,1358,1509,1604,1895,1945,1970,1971,1992,2315,2318,2413,2518,2536,2622,2645,2677,2774,2778,2937,2941,3037,3263,3310,3705,3891,4280,4514,4604,4605,4606,4982,5076,5078,5951,5952,5976,5987,5992,6340,6355,6729,7077,7395,7626,7641,7804,7840,8076,8077,8078,8079,8081,
473;0;5;32;1;3,17,92,135,137,139,145,202,206,292,377,390,397,398,429,647,773,794,863,864,891,987,1048,1051,1054,1118,1145,1146,1358,1509,1604,1895,1945,1970,1971,1992,2315,2318,2413,2518,2536,2622,2645,2677,2774,2778,2937,2941,3037,3263,3310,3705,3891,4280,4514,4604,4605,4606,4982,5076,5078,5951,5952,5976,5987,5992,6340,6355,6729,7077,7395,7626,7641,7804,7840,8076,8077,8078,8079,8081,
92;0;32;161;0;3,17,92,135,137,139,145,202,206,292,377,390,397,398,429,647,773,794,863,864,891,987,1048,1051,1054,1118,1145,1146,1358,1509,1604,1895,1945,1970,1971,1992,2315,2318,2413,2518,2536,2622,2645,2677,2774,2778,2937,2941,3037,3263,3310,3705,3891,4280,4514,4604,4605,4606,4982,5076,5078,5951,5952,5976,5987,5992,6340,6355,6729,7077,7395,7626,7641,7804,7840,8076,8077,8078,8079,8081,
92;1;161;325;0;3,17,92,135,137,139,145,202,206,292,377,390,397,398,429,647,773,794,863,864,891,987,1048,1051,1054,1118,1145,1146,1358,1509,1604,1895,1945,1970,1971,1992,2315,2318,2413,2518,2536,2622,2645,2677,2774,2778,2937,2941,3037,3263,3310,3705,3891,4280,4514,4604,4605,4606,4982,5076,5078,5951,5952,5976,5987,5992,6340,6355,6729,7077,7395,7626,7641,7804,7840,8076,8077,8078,8079,8081,
159;0;325;489;0;3,17,92,135,137,139,145,202,206,292,377,390,397,398,429,647,773,794,863,864,891,987,1048,1051,1054,1118,1145,1146,1358,1509,1604,1895,1945,1970,1971,1992,2315,2318,2413,2518,2536,2622,2645,2677,2774,2778,2937,2941,3037,3263,3310,3705,3891,4280,4514,4604,4605,4606,4982,5076,5078,5951,5952,5976,5987,5992,6340,6355,6729,7077,7395,7626,7641,7804,7840,8076,8077,8078,8079,8081,
159;1;489;608;0;3,17,92,135,137,139,145,202,206,292,377,390,397,398,429,647,773,794,863,864,891,987,1048,1051,1054,1118,1145,1146,1358,1509,1604,1895,1945,1970,1971,1992,2315,2318,2413,2518,2536,2622,2645,2677,2774,2778,2937,2941,3037,3263,3310,3705,3891,4280,4514,4604,4605,4606,4982,5076,5078,5951,5952,5976,5987,5992,6340,6355,6729,7077,7395,7626,7641,7804,7840,8076,8077,8078,8079,8081,
163;0;608;786;0;3,17,92,135,137,139,145,202,206,292,377,390,397,398,429,647,773,794,863,864,891,987,1048,1051,1054,1118,1145,1146,1358,1509,1604,1895,1945,1970,1971,1992,2315,2318,2413,2518,2536,2622,2645,2677,2774,2778,2937,2941,3037,3263,3310,3705,3891,4280,4514,4604,4605,4606,4982,5076,5078,5951,5952,5976,5987,5992,6340,6355,6729,7077,7395,7626,7641,7804,7840,8076,8077,8078,8079,8081,
163;1;786;879;0;3,17,92,135,137,139,145,202,206,292,377,390,397,398,429,647,773,794,863,864,891,987,1048,1051,1054,1118,1145,1146,1358,1509,1604,1895,1945,1970,1971,1992,2315,2318,2413,2518,2536,2622,2645,2677,2774,2778,2937,2941,3037,3263,3310,3705,3891,4280,4514,4604,4605,4606,4982,5076,5078,5951,5952,5976,5987,5992,6340,6355,6729,7077,7395,7626,7641,7804,7840,8076,8077,8078,8079,8081,
115;0;879;997;0;3,17,92,135,137,139,145,202,206,292,377,390,397,398,429,647,773,794,863,864,891,987,1048,1051,1054,1118,1145,1146,1358,1509,1604,1895,1945,1970,1971,1992,2315,2318,2413,2518,2536,2622,2645,2677,2774,2778,2937,2941,3037,3263,3310,3705,3891,4280,4514,4604,4605,4606,4982,5076,5078,5951,5952,5976,5987,5992,6340,6355,6729,7077,7395,7626,7641,7804,7840,8076,8077,8078,8079,8081,
115;1;997;1139;0;3,17,92,135,137,139,145,202,206,292,377,390,397,398,429,647,773,794,863,864,891,987,1048,1051,1054,1118,1145,1146,1358,1509,1604,1895,1945,1970,1971,1992,2315,2318,2413,2518,2536,2622,2645,2677,2774,2778,2937,2941,3037,3263,3310,3705,3891,4280,4514,4604,4605,4606,4982,5076,5078,5951,5952,5976,5987,5992,6340,6355,6729,7077,7395,7626,7641,7804,7840,8076,8077,8078,8079,8081,
160;0;1440;1610;0;3,17,117,137,139,145,231,288,292,329,377,390,397,398,429,647,773,839,863,891,901,1048,1051,1054,1118,1145,1146,1170,1308,1358,1604,1809,1884,1915,1945,1970,1971,2091,2413,2504,2573,2645,2774,2778,2779,2941,3263,3310,3435,4604,4605,4606,4612,4721,4759,4761,5492,5665,5890,5891,5892,5894,5895,5898,5899,5901,5951,5952,5976,5992,6126,6128,6129,6361,6362,6363,6364,6365,6366,6367,
160;1;1610;1693;0;3,17,117,137,139,145,231,288,292,329,377,390,397,398,429,647,773,839,863,891,901,1048,1051,1054,1118,1145,1146,1170,1308,1358,1604,1725,1805,1809,1884,1915,1945,1970,1971,2091,2413,2504,2573,2645,2774,2778,2779,2941,3263,3310,3435,4604,4605,4606,4612,4721,4759,4761,5492,5665,5890,5891,5892,5894,5895,5898,5899,5901,5951,5952,5976,5992,6126,6128,6129,6361,6362,6363,6364,6366,
64;0;1693;1856;0;3,17,117,137,139,144,145,177,178,179,183,184,231,272,288,292,302,304,305,311,323,329,377,384,390,397,398,429,647,773,839,863,891,1048,1051,1054,1118,1128,1129,1130,1131,1145,1146,1308,1358,1604,1809,1884,1915,1970,1971,2091,2413,2504,2573,2645,2774,2778,2779,2941,3263,3310,4604,4605,4612,5894,5895,5898,5899,5901,5951,5952,5976,5992,6126,6128,6129,6362,6363,6366,
64;1;1856;1931;0;3,17,117,137,139,144,145,177,178,179,183,184,231,272,288,292,302,304,305,311,323,329,377,384,390,397,398,429,647,773,839,863,891,1048,1051,1054,1118,1145,1146,1308,1358,1604,1809,1884,1915,1970,1971,2091,2413,2504,2573,2645,2774,2778,2779,2941,3263,3310,4604,4605,4612,5894,5895,5898,5899,5901,5951,5952,5976,5992,6126,6128,6129,6362,6363,6366,7335,7336,7410,7411,
52;0;1931;2108;0;3,17,26,117,137,139,144,145,179,231,288,292,302,329,377,390,397,398,429,528,647,773,839,863,891,1048,1051,1054,1118,1145,1146,1268,1270,1287,1289,1308,1358,1604,1783,1809,1884,1915,1970,1971,2091,2264,2265,2413,2504,2573,2645,2774,2778,2779,2941,3263,3310,3606,4217,4277,4487,4488,4489,4490,4491,4492,4604,4605,4612,5894,5895,5898,5899,5901,5951,5952,5976,5992,6126,6366,
52;1;2108;2159;0;3,17,26,117,137,139,144,145,179,231,262,274,288,292,302,329,377,379,390,396,397,398,429,528,644,647,773,831,855,863,891,898,946,948,1048,1051,1054,1118,1145,1146,1268,1308,1358,1569,1604,1764,1809,1884,1915,1970,1971,2091,2413,2468,2504,2573,2645,2774,2778,2779,2941,3263,3291,3310,4489,4604,4605,4612,5331,5894,5895,5898,5899,5901,5951,5952,5976,5992,6126,6366,
29;0;2159;2310;0;3,17,88,104,117,137,139,144,145,179,262,274,276,288,297,302,314,377,379,390,396,429,438,442,586,647,767,770,773,831,833,844,855,862,863,891,898,931,947,948,949,1118,1145,1146,1308,1484,1519,1520,1675,1809,1915,1941,2091,2223,2413,2436,2465,2491,2645,2774,2779,2892,2941,3337,3338,3339,3340,3531,3638,5456,5656,5774,6022,6441,7583,7585,8022,8095,8303,8304,
29;1;2310;2383;0;3,17,88,104,117,137,139,144,145,179,262,274,276,288,297,302,314,377,379,390,396,429,438,442,586,647,767,770,773,831,833,844,855,862,863,891,898,931,947,948,949,1118,1145,1146,1308,1484,1519,1520,1675,1809,1915,1941,2091,2223,2413,2436,2465,2491,2645,2774,2779,2892,2941,3337,3338,3339,3340,3531,3638,5456,5656,5774,6022,6441,7583,7585,8022,8095,8303,8304,
63;0;2880;2972;0;3,17,88,100,104,117,137,139,144,145,225,262,274,276,288,297,302,314,377,379,390,396,404,429,438,608,647,767,769,773,831,854,855,863,898,927,948,949,1118,1145,1146,1171,1308,1343,1481,1484,1502,1671,1809,1914,1915,1920,1922,2091,2094,2223,2337,2339,2413,2492,2645,2695,2696,2774,2779,2783,2941,3013,4161,4553,5206,6184,7408,7664,7665,7666,7680,7681,7682,7683,
63;1;2972;3093;0;3,17,88,100,104,117,137,139,144,145,225,262,274,276,288,297,302,314,377,379,390,396,404,429,438,608,647,767,769,773,831,854,855,863,898,927,948,949,1118,1145,1146,1171,1308,1343,1442,1481,1484,1502,1567,1671,1676,1809,1914,1915,1920,1922,2091,2094,2223,2337,2339,2413,2492,2645,2695,2696,2774,2779,2783,2941,3013,4161,4553,5206,6184,6418,6419,7408,7664,7665,
5;0;3093;3173;0;3,17,88,100,104,117,137,139,144,145,225,262,274,276,288,297,302,314,377,379,390,396,404,429,438,608,647,767,769,773,831,854,855,863,898,927,948,949,1118,1145,1146,1171,1308,1343,1442,1481,1484,1502,1567,1671,1676,1682,1809,1914,1915,1920,1922,2091,2094,2223,2337,2339,2413,2492,2645,2695,2696,2774,2779,2783,2941,3013,4161,4553,5206,6184,6418,6419,7408,7664,
5;1;3173;3292;0;3,17,88,98,100,137,139,144,145,225,234,235,262,267,273,274,276,283,288,289,290,291,297,302,306,308,310,377,379,390,396,404,429,438,647,767,769,773,854,855,863,898,948,949,1118,1121,1145,1146,1481,1502,1668,1681,1682,1809,1914,1915,1920,1922,2052,2091,2223,2370,2376,2413,2492,2645,2695,2774,2779,2783,2941,4424,4425,4426,4427,4428,4429,4430,4553,7408,
98;0;3292;3324;0;3,17,88,98,100,137,139,144,145,225,234,235,262,267,273,274,276,283,288,289,290,291,297,302,306,308,310,332,377,379,390,396,404,429,438,647,767,769,773,854,855,863,898,948,949,1118,1121,1145,1146,1398,1424,1473,1478,1481,1502,1668,1681,1682,1809,1914,1915,1920,2091,2223,2359,2370,2376,2413,2492,2645,2695,2774,2779,2783,2941,4553,4979,4980,4981,7408,
98;1;3324;3481;0;3,17,88,95,100,137,139,144,145,225,234,262,274,276,288,289,290,291,297,302,306,377,379,390,396,404,429,438,647,767,768,769,773,843,854,855,863,898,948,949,1118,1145,1146,1201,1398,1473,1478,1481,1502,1668,1681,1682,1809,1914,1915,2091,2223,2399,2400,2401,2405,2413,2492,2499,2631,2645,2651,2653,2695,2774,2779,2783,2941,3152,4553,4611,5690,5691,5692,7408,
437;0;3481;3655;0;3,17,95,100,137,139,144,145,225,234,262,274,276,288,289,302,379,390,396,429,438,647,694,769,773,835,849,854,855,898,1118,1146,1147,1348,1453,1478,1481,1528,1529,1665,1674,1680,1752,1809,2223,2413,2441,2492,2589,2626,2627,2640,2645,2653,2692,2695,2774,2779,2783,2808,2941,3513,3514,3745,5531,5532,7318,7460,7816,7886,8391,8583,8978,8979,8980,8981,8982,8983,8984,8985,
147;0;3655;3752;0;3,17,95,100,137,139,144,145,225,234,262,274,276,288,289,302,379,390,396,429,438,647,694,769,773,835,849,854,855,898,1118,1146,1147,1348,1453,1478,1481,1528,1529,1665,1674,1680,1752,1809,2223,2413,2441,2492,2589,2626,2627,2640,2645,2653,2692,2695,2774,2779,2783,2808,2941,3513,3514,3745,5531,5532,7318,7460,7816,7886,8391,8583,8978,8979,8980,8981,8982,8983,8984,8985,
147;1;4320;4386;0;3,137,138,139,144,145,225,228,229,233,234,240,242,245,262,266,275,276,288,289,302,379,396,429,430,607,612,645,647,769,818,827,854,855,898,911,1075,1099,1118,1309,1472,1478,1481,1623,1661,1667,1680,1809,1843,1933,1973,2103,2299,2413,2432,2435,2440,2492,2695,2774,2779,2783,3112,3639,3640,3641,3642,3643,3644,3645,3646,3647,3648,3649,3650,3651,3652,3653,3654,3655,
139;0;4386;4506;0;3,137,138,139,144,145,149,225,228,229,233,234,240,241,242,245,262,266,275,276,277,288,289,302,379,391,396,429,430,607,612,645,647,769,818,827,854,855,898,911,1075,1093,1099,1118,1214,1309,1468,1472,1478,1481,1623,1661,1667,1680,1809,1843,1933,1973,2103,2109,2299,2413,2432,2435,2440,2451,2492,2695,2709,2774,2779,2783,2926,3112,3639,3640,3641,3642,5243,6125,
139;1;4506;4538;0;3,61,137,138,139,144,145,149,150,196,225,228,229,233,234,240,241,242,245,262,266,275,276,277,288,289,302,379,391,396,429,430,516,607,612,645,647,769,818,827,854,855,898,911,1047,1075,1093,1099,1118,1157,1196,1214,1293,1309,1468,1472,1478,1481,1623,1661,1667,1680,1809,1843,1933,1973,1988,2103,2109,2299,2412,2413,2414,2451,2492,2695,2709,2774,2779,2783,
341;0;4538;4689;0;3,61,137,138,139,144,145,149,150,196,225,228,229,233,234,240,241,242,245,262,266,275,276,277,288,289,302,379,391,396,429,430,516,607,612,645,647,769,818,827,854,855,898,904,911,1047,1075,1093,1099,1118,1157,1196,1214,1293,1309,1468,1472,1478,1481,1623,1661,1667,1680,1809,1843,1933,1973,1988,2103,2109,2299,2412,2413,2451,2492,2695,2709,2774,2779,2783,
345;0;4689;4837;0;3,61,137,138,139,144,145,149,150,196,225,228,229,233,234,240,241,242,245,262,266,275,276,277,288,289,302,379,391,395,396,429,430,516,647,769,854,855,898,911,1093,1118,1196,1214,1293,1478,1481,1680,1809,2109,2451,2492,2695,2709,2774,2775,2776,2779,2783,2812,2947,4052,4740,4781,4853,5757,5809,6570,6571,6572,6573,6574,6575,6576,6577,6578,6579,6580,6581,6582,
367;0;4837;4984;0;3,61,137,138,139,144,145,149,150,196,225,228,229,233,234,240,241,242,245,262,266,275,276,277,288,289,302,379,391,395,396,429,430,516,580,647,769,854,855,898,911,1093,1118,1196,1214,1293,1478,1481,1680,1779,1809,2109,2451,2492,2695,2709,2774,2775,2776,2779,2783,2812,2947,2969,3078,3395,3726,3727,3728,3729,3730,3731,3732,4052,4740,4781,4853,5757,5809,6578,
19;0;4984;5082;0;3,137,139,144,145,149,225,234,245,262,276,277,288,289,321,379,395,429,430,647,769,854,855,898,911,912,921,922,1052,1058,1093,1118,1196,1236,1293,1362,1478,1481,1488,1669,1680,1809,1918,2492,2532,2695,2723,2774,2775,2783,2812,2947,3250,4088,4552,4632,4650,4853,5259,5698,5700,6263,6578,7711,7712,7713,7714,7715,7716,7717,7718,7719,7720,7721,7722,7723,7724,7725,7726,7727,
19;1;5082;5113;0;3,137,139,144,145,149,225,234,245,262,276,277,288,289,321,379,395,429,430,647,769,854,855,898,911,912,921,922,1052,1058,1093,1118,1196,1236,1293,1362,1478,1481,1488,1669,1680,1809,1918,2492,2532,2695,2723,2774,2775,2783,2812,2947,3250,4088,4552,4632,4650,4853,5259,5698,5700,6263,6578,7711,7712,7713,7714,7715,7716,7717,7718,7719,7720,7721,7722,7723,7724,7725,7726,7727,
Machine: 4
362;0;0;8;1;15,24,25,35,37,38,42,54,55,57,185,202,205,206,210,248,290,291,398,499,522,581,632,644,660,773,791,803,838,849,868,946,948,964,1011,1117,1196,1425,1463,1560,1674,1897,1936,2061,2151,2201,2315,2564,2586,2645,2690,2827,2966,3264,3345,3403,3883,3886,4225,4230,4370,4435,4442,4468,4633,5180,5259,5352,5510,6137,6731,6732,6742,7299,7889,7964,8170,8171,8322,9017,
364;0;8;84;1;15,24,25,35,37,38,42,54,55,57,185,202,205,206,210,248,290,291,398,499,522,581,632,644,660,773,791,803,838,849,868,946,948,964,1011,1117,1196,1425,1463,1560,1674,1897,1936,2061,2151,2201,2315,2564,2586,2645,2690,2827,2966,3264,3345,3403,3883,3886,4225,4230,4370,4435,4442,4468,4633,5180,5259,5352,5510,6137,6731,6732,6742,7299,7889,7964,8170,8171,8322,9017,
401;0;84;171;1;15,24,25,35,37,38,42,54,55,57,185,202,205,206,210,248,290,291,398,499,522,581,632,644,660,773,791,803,838,849,868,946,948,964,1011,1117,1196,1425,1463,1560,1674,1897,1936,2061,2151,2201,2315,2564,2586,2645,2690,2827,2966,3264,3345,3403,3883,3886,4225,4230,4370,4435,4442,4468,4633,5180,5259,5352,5510,6137,6731,6732,6742,7299,7889,7964,8170,8171,8322,9017,
0;0;171;207;1;15,24,25,35,37,38,42,54,55,57,185,202,205,206,210,248,290,291,398,499,522,581,632,644,660,773,791,803,838,849,868,946,948,964,1011,1117,1196,1425,1463,1560,1674,1897,1936,2061,2151,2201,2315,2564,2586,2645,2690,2827,2966,3264,3345,3403,3883,3886,4225,4230,4370,4435,4442,4468,4633,5180,5259,5352,5510,6137,6731,6732,6742,7299,7889,7964,8170,8171,8322,9017,
0;1;207;267;1;15,24,25,35,37,38,42,54,55,57,185,202,205,206,210,248,290,291,398,499,522,581,632,644,660,773,791,803,838,849,868,946,948,964,1011,1117,1196,1425,1463,1560,1674,1897,1936,2061,2151,2201,2315,2564,2586,2645,2690,2827,2966,3264,3345,3403,3883,3886,4225,4230,4370,4435,4442,4468,4633,5180,5259,5352,5510,6137,6731,6732,6742,7299,7889,7964,8170,8171,8322,9017,
454;0;267;388;1;15,24,25,35,37,38,42,54,55,57,185,202,205,206,210,248,290,291,398,499,522,581,632,644,660,773,791,803,838,849,868,946,948,964,1011,1117,1196,1425,1463,1560,1674,1897,1936,2061,2151,2201,2315,2564,2586,2645,2690,2827,2966,3264,3345,3403,3883,3886,4225,4230,4370,4435,4442,4468,4633,5180,5259,5352,5510,6137,6731,6732,6742,7299,7889,7964,8170,8171,8322,9017,
129;0;388;567;0;15,24,25,35,37,38,42,54,55,57,185,202,205,206,210,248,290,291,398,499,522,581,632,644,660,773,791,803,838,849,868,946,948,964,1011,1117,1196,1425,1463,1560,1674,1897,1936,2061,2151,2201,2315,2564,2586,2645,2690,2827,2966,3259,3264,3345,3403,3883,3886,4225,4230,4370,4435,4442,4468,4633,5180,5259,5352,5510,6137,6731,6732,6742,7299,7837,8170,8171,8322,8566,
129;1;567;704;0;15,24,25,26,35,37,38,42,54,55,57,185,202,205,206,210,248,290,291,398,499,522,528,581,632,644,660,773,791,803,838,849,868,946,948,964,1011,1117,1196,1242,1270,1271,1272,1275,1276,1278,1283,1288,1290,1291,1293,1419,1425,1463,1560,1674,1702,1777,1783,1897,1936,2061,2151,2201,2315,2564,2586,2645,2690,2827,2966,3259,3264,3345,3883,3886,4282,5180,5259,7299,
111;0;704;877;0;24,26,38,53,54,55,205,206,210,290,522,632,644,838,948,1117,1134,1196,1266,1269,1275,1293,1324,1425,1463,1560,1596,1783,1906,2153,2175,2201,2315,2419,2479,2480,2481,2485,2564,2645,2775,2776,3269,3306,3345,3604,3605,3708,3767,3807,3814,3819,3820,3821,3822,3841,3883,3886,4771,4874,5058,5112,5180,5259,5463,6747,7299,7359,7945,8555,8557,8559,8642,9089,9090,9091,9092,9093,9094,9095,
111;1;877;975;0;24,26,38,53,54,55,205,206,210,290,522,632,644,838,948,1117,1134,1196,1266,1269,1275,1293,1324,1425,1463,1560,1596,1783,1906,2153,2175,2201,2315,2419,2479,2480,2481,2485,2564,2645,2775,2776,3269,3306,3345,3604,3605,3708,3767,3807,3814,3819,3820,3821,3822,3841,3883,3886,4771,4874,5058,5112,5180,5259,5463,6747,7299,7359,7945,8555,8557,8559,8642,9089,9090,9091,9092,9093,9094,9095,
43;0;975;1139;0;24,26,38,53,54,55,205,206,210,290,522,632,644,838,948,1117,1134,1196,1266,1269,1275,1293,1324,1425,1463,1560,1596,1783,1906,2153,2175,2201,2315,2419,2479,2480,2481,2485,2564,2645,2775,2776,3269,3306,3345,3604,3605,3708,3767,3807,3814,3819,3820,3821,3822,3841,3883,3886,4771,4874,5058,5112,5180,5259,5463,6747,7299,7359,7945,8555,8557,8559,8642,9089,9090,9091,9092,9093,9094,9095,
43;1;1139;1235;0;24,26,38,53,54,55,205,206,210,290,522,632,644,838,948,1117,1134,1196,1266,1269,1275,1293,1324,1425,1463,1560,1596,1783,1906,2153,2175,2201,2315,2419,2479,2480,2481,2485,2564,2645,2775,2776,3269,3306,3345,3604,3605,3708,3767,3807,3814,3819,3820,3821,3822,3841,3883,3886,4771,4874,5058,5112,5180,5259,5463,6747,7299,7359,7945,8555,8557,8559,8642,9089,9090,9091,9092,9093,9094,9095,
109;0;1440;1608;0;1,24,26,38,53,54,55,144,205,206,210,290,522,632,644,838,948,1093,1117,1134,1171,1196,1233,1234,1266,1269,1275,1293,1324,1397,1425,1463,1502,1560,1596,1682,1783,1906,2109,2134,2153,2175,2201,2315,2419,2479,2480,2481,2485,2508,2564,2645,2775,2821,2926,3267,3278,3306,3345,3807,3814,3883,3886,4832,4857,4889,4897,4925,5180,5237,5239,5240,5246,5259,5377,6101,6102,6103,6104,7299,
109;1;1608;1668;0;1,24,26,38,53,54,55,144,205,206,210,290,522,632,644,838,948,1093,1117,1134,1171,1196,1233,1234,1266,1269,1275,1293,1324,1397,1425,1463,1502,1541,1560,1596,1682,1783,1906,2109,2134,2153,2175,2201,2315,2419,2479,2480,2481,2485,2508,2564,2645,2775,2821,2926,3267,3278,3306,3345,3807,3814,3883,3886,4832,4857,4889,4897,4925,5180,5237,5239,5240,5246,5259,5377,6101,6102,6103,7299,
31;0;1668;1728;0;1,24,26,38,53,54,55,144,205,206,210,277,289,290,294,522,632,644,769,838,944,945,948,1093,1117,1134,1171,1196,1233,1234,1266,1269,1275,1293,1324,1397,1425,1463,1502,1541,1560,1567,1596,1682,1783,1906,2109,2134,2153,2175,2201,2315,2419,2479,2480,2543,2564,2645,2775,2897,2898,2900,2901,2905,2907,2909,2910,2911,2913,3262,3306,3345,3378,3807,3814,3883,3886,5180,5259,7299,
31;1;1728;1892;0;1,24,26,38,53,54,55,61,144,205,206,210,277,289,290,294,522,632,644,769,838,944,945,948,1093,1117,1134,1171,1196,1233,1234,1266,1269,1273,1275,1293,1425,1463,1502,1560,1567,2109,2134,2201,2315,2543,2564,2645,2775,2897,2898,2900,2901,2905,2907,2909,2910,2911,2913,2934,2941,2968,3306,3345,3578,3615,3807,3809,3814,3883,3886,4261,4262,4263,4264,4265,4266,5180,5259,7299,
131;0;1892;1929;0;24,26,38,54,55,136,137,144,146,149,205,210,277,289,290,297,436,522,632,644,647,838,854,914,927,948,1093,1117,1118,1134,1149,1171,1196,1211,1233,1425,1463,1484,1502,1560,1618,1668,1670,1671,1807,1920,1922,1973,2201,2315,2564,2635,2651,2775,2897,3345,3883,3886,4018,4572,4654,4748,4968,5015,5135,5139,5180,5250,5251,5252,5253,5254,5255,5256,5257,5258,5259,5260,5261,7299,
131;1;1929;2093;0;24,26,38,54,55,136,137,144,146,149,205,210,277,289,290,297,436,522,632,644,647,838,854,914,927,948,1093,1117,1118,1134,1149,1171,1196,1211,1233,1425,1463,1481,1484,1502,1560,1618,1668,1670,1671,1807,1920,1922,1973,2201,2315,2564,2635,2651,2738,2775,2897,3345,3883,3886,4018,4572,4654,4748,4968,5015,5135,5139,5180,5250,5251,5252,5253,5254,5255,5256,5257,6517,6644,7299,
17;0;2093;2169;0;24,26,38,54,55,100,137,144,149,205,210,225,231,251,262,277,288,377,379,382,404,470,521,522,523,524,632,640,644,647,838,854,871,912,921,948,1023,1024,1093,1117,1118,1134,1171,1196,1233,1296,1304,1341,1425,1447,1463,1474,1478,1502,1513,1560,1667,1670,1671,1736,1763,1848,1973,2201,2305,2315,2391,2394,2564,2636,2897,3126,3345,3435,3883,3886,4334,5180,6234,6307,
17;1;2169;2284;0;24,26,38,54,55,100,137,144,149,205,210,225,231,251,262,277,288,377,379,382,404,470,521,522,523,524,632,640,644,647,838,854,871,912,921,948,1023,1024,1093,1117,1118,1134,1171,1196,1233,1296,1304,1341,1425,1447,1463,1474,1478,1502,1513,1560,1667,1670,1671,1736,1763,1848,1973,2201,2305,2315,2391,2394,2564,2636,2897,3126,3345,3435,3883,3886,4334,5180,6234,6307,
420;0;2284;2462;0;24,26,38,54,55,100,137,144,149,205,210,225,231,251,262,277,288,377,379,382,404,470,521,522,523,524,632,640,644,647,838,854,871,912,921,948,1023,1024,1093,1117,1118,1134,1171,1196,1233,1296,1304,1341,1425,1447,1463,1474,1478,1502,1513,1560,1667,1670,1671,1736,1763,1848,1973,2201,2305,2315,2391,2394,2564,2636,2897,3126,3345,3435,3883,3886,4334,5180,6234,6307,
450;0;2462;2637;0;24,26,38,54,55,100,137,144,149,205,210,225,231,251,262,277,288,377,379,382,404,470,521,522,523,524,632,640,644,647,838,854,871,912,921,948,1023,1024,1093,1117,1118,1134,1171,1196,1233,1296,1304,1341,1425,1447,1463,1474,1478,1502,1513,1560,1667,1670,1671,1736,1763,1848,1973,2201,2305,2315,2391,2394,2564,2636,2897,3126,3345,3435,3883,3886,4334,5180,6234,6307,
148;0;2637;2681;0;24,26,38,54,55,100,137,144,149,205,210,225,231,251,262,277,288,377,379,382,404,470,521,522,523,524,632,640,644,647,838,854,871,912,921,948,1023,1024,1093,1117,1118,1134,1171,1196,1233,1296,1304,1341,1425,1447,1463,1474,1478,1502,1513,1560,1667,1670,1671,1736,1763,1848,1973,2201,2305,2315,2391,2394,2564,2636,2897,3126,3345,3435,3883,3886,4334,5180,6234,6307,
148;1;2681;2807;0;24,26,38,54,55,100,137,144,149,205,210,225,231,251,262,277,288,377,379,382,404,470,521,522,523,524,632,640,644,647,838,854,871,912,921,948,1023,1024,1093,1117,1118,1134,1171,1196,1233,1296,1304,1341,1425,1447,1463,1474,1478,1502,1513,1560,1667,1670,1671,1736,1763,1848,1973,2201,2305,2315,2391,2394,2564,2636,2897,3126,3345,3435,3883,3886,4334,5180,6234,6307,
480;0;2807;2972;0;24,26,38,54,55,100,137,144,149,205,210,225,231,251,262,277,288,377,379,382,404,470,521,522,523,524,632,640,644,647,838,854,871,912,921,948,1023,1024,1093,1117,1118,1134,1171,1196,1233,1296,1304,1341,1425,1447,1463,1474,1478,1502,1513,1560,1667,1670,1671,1736,1763,1848,1973,2201,2305,2315,2391,2394,2564,2636,2897,3126,3345,3435,3883,3886,4334,5180,6234,6307,
428;0;2972;3135;0;24,26,38,44,46,54,55,100,137,144,149,170,205,210,218,225,231,251,262,277,288,377,379,382,404,470,518,521,522,523,524,632,640,644,647,838,854,871,912,921,948,1023,1024,1093,1117,1118,1134,1171,1196,1233,1296,1304,1341,1425,1447,1463,1474,1478,1502,1513,1560,1565,1670,1671,1716,2034,2035,2197,2201,2305,2315,2326,2391,2564,2636,2897,3345,3883,3886,5180,
388;0;3135;3295;0;24,26,34,38,44,46,54,55,60,100,137,144,149,170,205,210,218,225,231,251,262,277,288,377,379,382,404,470,518,521,522,523,524,632,640,644,647,759,838,854,871,912,921,948,1023,1024,1093,1117,1118,1134,1171,1196,1233,1296,1304,1341,1425,1447,1474,1478,1502,1513,1560,1670,1671,1723,2201,2305,2315,2391,2512,2564,2636,2897,3345,3883,3886,5180,6686,6687,
476;0;3295;3454;0;24,26,34,38,44,46,54,55,60,100,137,144,149,170,189,205,210,218,225,231,251,262,277,288,377,379,382,404,470,518,521,522,523,524,632,640,644,647,759,838,854,871,872,873,874,912,921,948,1023,1024,1093,1117,1118,1134,1142,1171,1196,1233,1296,1425,1447,1456,1474,1478,1502,1513,1560,1670,1671,2201,2305,2315,2391,2564,2636,2897,3345,3883,3886,5180,
99;0;3454;3466;0;24,26,34,38,44,46,54,55,60,100,137,144,149,170,189,205,210,218,225,231,251,262,277,288,377,379,404,522,632,640,644,647,838,854,948,1093,1118,1134,1171,1196,1233,1425,1447,1474,1478,1502,1513,1560,1670,1671,2201,2305,2315,2391,2564,2636,2807,2897,3345,3883,3886,5029,5180,6296,7294,8165,8166,8320,8391,8407,8428,8730,9000,9001,9002,9003,9004,9005,9006,9007,
99;1;3466;3610;0;3,24,26,41,45,48,89,94,139,144,149,262,275,276,277,301,321,583,586,647,765,770,833,834,838,854,855,863,890,948,989,1060,1093,1134,1168,1447,1502,1519,1524,1528,1529,1670,2224,2581,2602,2659,2693,2721,2851,2852,2853,2854,2855,2897,3345,3527,3581,3582,3638,4313,4315,4317,4535,4537,4553,4574,4732,4746,4802,4937,4949,5339,5341,5342,5343,5344,5345,5432,5451,5627,
48;0;3610;3655;0;3,24,26,41,45,48,89,94,139,144,149,262,275,276,277,301,321,583,586,647,765,770,833,834,838,854,855,863,890,948,989,1060,1093,1134,1168,1447,1502,1519,1524,1528,1529,1670,2224,2581,2602,2659,2693,2721,2851,2852,2853,2854,2855,2897,3345,3527,3581,3582,3638,4313,4315,4317,4535,4537,4553,4574,4732,4746,4802,4937,4949,5339,5341,5342,5343,5344,5345,5432,5451,5627,
48;1;3655;3764;0;3,24,26,41,45,48,89,94,139,144,149,262,275,276,277,301,321,583,586,647,765,770,833,834,838,854,855,863,890,948,989,1060,1093,1134,1168,1447,1502,1519,1524,1528,1529,1670,2224,2581,2602,2659,2693,2721,2851,2852,2853,2854,2855,2897,3345,3527,3581,3582,3638,4313,4315,4317,4535,4537,4553,4574,4732,4746,4802,4937,4949,5339,5341,5342,5343,5344,5345,5432,5451,5627,
474;0;3764;3915;0;3,24,26,41,45,48,89,94,139,144,149,262,275,276,277,301,321,583,586,647,765,770,833,834,838,854,855,863,890,948,989,1060,1093,1134,1168,1447,1502,1519,1524,1528,1529,1670,2224,2581,2602,2659,2693,2721,2851,2852,2853,2854,2855,2897,3345,3527,3581,3582,3638,4313,4315,4317,4535,4537,4553,4574,4732,4746,4802,4937,4949,5339,5341,5342,5343,5344,5345,5432,5451,5627,
152;0;4320;4425;0;3,24,26,41,45,48,89,94,139,144,149,262,275,276,277,301,321,583,586,647,765,770,833,834,838,854,855,863,890,948,989,1060,1093,1134,1168,1447,1502,1519,1524,1528,1529,1569,1670,2224,2581,2602,2625,2659,2693,2721,2851,2852,2853,2854,2855,2897,2972,3345,3527,3581,3582,3638,3742,3743,3744,3745,4313,4315,4317,4535,4537,4553,4574,4732,4746,4802,4937,4949,5339,5341,
152;1;4425;4469;0;3,24,26,41,45,48,88,89,94,139,144,149,245,262,275,276,277,301,321,343,583,586,647,765,770,833,834,835,838,854,855,863,890,948,989,1051,1060,1093,1134,1168,1447,1502,1519,1524,1528,1529,1569,1670,2122,2224,2581,2602,2625,2659,2661,2693,2721,2851,2852,2853,2854,2855,2897,2972,3037,3345,3447,3527,3581,3582,3618,3638,3742,3743,3744,3745,4553,4949,6099,7161,
83;0;4469;4543;0;3,24,26,41,45,48,88,89,94,139,144,149,245,262,275,276,277,301,321,343,583,586,647,765,770,833,834,835,838,854,855,863,890,948,989,1051,1060,1093,1134,1168,1447,1502,1519,1524,1528,1529,1569,1670,2122,2224,2581,2602,2625,2659,2661,2693,2721,2851,2852,2853,2854,2855,2897,2972,3037,3345,3447,3527,3581,3582,3774,4553,4949,7029,7879,8074,8075,8077,8115,8116,
83;1;4543;4616;0;3,24,26,41,45,48,88,89,94,117,137,139,144,149,225,231,233,245,262,275,276,277,288,301,321,329,343,435,583,586,591,647,765,770,833,834,835,838,854,855,863,890,948,949,989,1051,1060,1093,1134,1168,1447,1474,1478,1502,1519,1524,1528,1529,1569,1669,1670,1671,2091,2122,2224,2337,2581,2661,2854,2855,2897,3345,3527,4547,4548,4553,4630,4645,4949,6393,
348;0;4616;4747;0;3,24,26,41,45,48,88,89,94,117,137,139,144,149,225,231,233,245,262,275,276,277,288,301,321,329,343,435,583,586,591,644,647,765,770,833,838,854,855,948,1051,1201,1474,1478,1529,1539,1669,1671,1837,2091,2337,2628,2661,2778,2854,2855,2897,3263,3345,3527,4553,4603,4604,4612,4613,4617,4630,4645,4761,4949,5229,5270,5406,5873,6749,6750,6751,6752,6753,6754,
440;0;4747;4877;0;2,3,6,24,26,41,45,48,88,89,94,117,137,139,142,144,149,225,231,233,245,262,275,276,277,288,301,321,329,343,391,404,435,583,586,591,644,647,765,770,833,838,854,855,911,948,1050,1051,1053,1201,1233,1474,1478,1529,1539,1603,1669,1671,1837,1918,2091,2337,2628,2661,2778,2854,2855,2897,3263,3345,3527,4553,4603,4604,4612,4613,4617,4630,4645,4949,
414;0;4877;4991;0;2,3,6,24,26,38,40,41,45,48,94,117,137,139,142,144,149,205,210,225,231,233,262,275,276,277,288,321,329,486,522,570,583,591,632,644,647,765,833,838,854,855,948,1050,1051,1053,1196,1233,1261,1425,1474,1478,1529,1560,1669,1671,2091,2201,2315,2337,2564,2661,2778,2835,2854,2855,2897,3263,3345,3527,3870,3883,3886,4553,4604,4630,4645,4949,5180,5184,
477;0;4991;5102;0;2,3,24,26,94,100,117,142,144,149,225,233,262,275,276,277,289,321,430,591,644,677,715,768,838,1050,1051,1233,1529,1768,1843,2091,2627,2635,2636,2640,2645,2653,2654,2661,2679,2680,2699,2714,2733,2750,2756,2774,2775,2777,2778,3263,3516,3870,4604,4605,4606,4627,4639,4641,5195,5232,5282,5283,5284,5285,5286,5287,5288,7296,7299,7308,8119,8412,8432,8801,8825,8826,8827,8828,
446;0;5102;5208;0;2,3,24,26,94,100,117,142,144,149,225,233,262,275,276,277,289,321,430,591,644,677,715,768,838,1050,1051,1233,1529,1768,1843,2091,2627,2635,2636,2640,2645,2653,2654,2661,2679,2680,2699,2714,2733,2750,2756,2774,2775,2777,2778,3263,3516,3870,4604,4605,4606,4627,4639,4641,5195,5232,5282,5283,5284,5285,5286,5287,5288,7296,7299,7308,8119,8412,8432,8801,8825,8826,8827,8828,
332;0;5208;5311;0;2,3,24,26,94,100,117,142,144,149,225,233,262,275,276,277,289,321,430,591,644,677,715,768,838,1050,1051,1233,1529,1768,1843,2091,2627,2635,2636,2640,2645,2653,2654,2661,2679,2680,2699,2714,2733,2750,2756,2774,2775,2777,2778,3263,3516,3870,4604,4605,4606,4627,4639,4641,5195,5232,5282,5283,5284,5285,5286,5287,5288,7296,7299,7308,8119,8412,8432,8801,8825,8826,8827,8828,
488;0;5311;5412;0;2,3,24,26,94,100,117,142,144,149,225,233,262,275,276,277,289,321,430,591,644,677,715,768,838,1050,1051,1233,1529,1768,1843,2091,2627,2635,2636,2640,2645,2653,2654,2661,2679,2680,2699,2714,2733,2750,2756,2774,2775,2777,2778,3263,3516,3870,4604,4605,4606,4627,4639,4641,5195,5232,5282,5283,5284,5285,5286,5287,5288,7296,7299,7308,8119,8412,8432,8801,8825,8826,8827,8828,
Machine: 5
424;0;0;10;1;89,94,117,137,144,225,276,291,329,377,583,586,765,770,833,834,838,854,890,891,1148,1168,1447,1488,1519,1524,1528,1529,1540,1604,1915,2133,2544,2602,2659,2693,2696,2721,3015,3511,3527,3581,3582,3638,4227,4428,4537,4574,4732,4802,4937,4949,5217,5218,5339,5340,5341,5342,5343,5344,5345,5346,5347,6360,8379,8380,8383,8384,8386,8387,8388,8787,8788,8968,8969,8970,8971,8972,8973,8974,
487;0;10;26;1;89,94,117,137,144,225,276,291,329,377,583,586,765,770,833,834,838,854,890,891,1148,1168,1447,1488,1519,1524,1528,1529,1540,1604,1915,2133,2544,2602,2659,2693,2696,2721,3015,3511,3527,3581,3582,3638,4227,4428,4537,4574,4732,4802,4937,4949,5217,5218,5339,5340,5341,5342,5343,5344,5345,5346,5347,6360,8379,8380,8383,8384,8386,8387,8388,8787,8788,8968,8969,8970,8971,8972,8973,8974,
93;0;26;55;1;89,94,117,137,144,225,276,291,329,377,583,586,765,770,833,834,838,854,890,891,1148,1168,1447,1488,1519,1524,1528,1529,1540,1604,1915,2133,2544,2602,2659,2693,2696,2721,3015,3511,3527,3581,3582,3638,4227,4428,4537,4574,4732,4802,4937,4949,5217,5218,5339,5340,5341,5342,5343,5344,5345,5346,5347,6360,8379,8380,8383,8384,8386,8387,8388,8787,8788,8968,8969,8970,8971,8972,8973,8974,
93;1;55;59;1;89,94,117,137,144,225,276,291,329,377,583,586,765,770,833,834,838,854,890,891,1148,1168,1447,1488,1519,1524,1528,1529,1540,1604,1915,2133,2544,2602,2659,2693,2696,2721,3015,3511,3527,3581,3582,3638,4227,4428,4537,4574,4732,4802,4937,4949,5217,5218,5339,5340,5341,5342,5343,5344,5345,5346,5347,6360,8219,8379,8380,8383,8384,8386,8387,8388,8389,8390,8787,8788,8968,8969,8970,8971,
339;0;59;103;1;89,94,117,137,144,225,276,291,329,351,377,396,397,583,586,765,770,833,834,838,854,890,891,1148,1168,1447,1488,1519,1524,1528,1529,1540,1604,1915,2133,2544,2602,2645,2659,2693,2696,2721,2774,2775,2777,2778,2802,3015,3263,3511,3527,3581,3582,3638,4227,4428,4537,4574,4605,4606,4612,4628,4732,4775,4802,4937,4949,5052,5217,5218,5339,5340,5341,5342,6360,6841,8007,8008,8009,8010,
342;0;103;157;1;89,94,117,137,144,225,233,274,276,289,291,329,351,377,396,397,583,586,765,770,833,834,838,854,890,891,1148,1168,1447,1488,1519,1524,1528,1529,1540,1604,1915,2133,2544,2602,2645,2659,2693,2696,2721,2774,2775,2777,2778,2802,2903,3015,3263,3511,3527,3581,3582,3638,4227,4428,4537,4574,4604,4605,4606,4612,4628,4732,4775,4802,4937,4949,5052,5217,5218,5339,5340,5341,5432,6360,
30;0;157;169;1;19,89,94,117,137,144,188,225,233,274,276,289,291,329,351,377,396,397,583,586,736,765,770,833,834,838,854,875,890,891,1148,1168,1447,1488,1519,1524,1528,1529,1540,1604,1915,2133,2305,2544,2602,2645,2659,2693,2696,2721,2774,2775,2777,2778,2802,2903,3015,3263,3511,3527,3581,3582,3627,3638,3740,3741,4227,4428,4537,4574,4604,4605,4606,4612,4628,4937,4949,5217,5218,6360,
30;1;169;221;1;19,89,94,117,137,144,188,225,233,274,276,289,291,329,351,377,396,397,583,586,736,765,770,833,834,838,854,875,890,891,1148,1168,1447,1488,1519,1524,1528,1529,1540,1604,1915,2133,2305,2544,2602,2645,2659,2693,2696,2721,2774,2775,2777,2778,2802,2903,3015,3263,3511,3527,3581,3582,3627,3638,3740,3741,3811,4227,4428,4537,4574,4604,4605,4606,4612,4937,4949,5217,5218,6360,
55;0;221;377;0;19,27,89,94,117,137,144,188,225,233,274,276,289,291,329,351,377,396,397,449,476,479,583,586,736,765,770,833,834,838,854,875,890,891,1148,1168,1270,1271,1275,1334,1447,1488,1519,1524,1529,1540,1604,2133,2544,2602,2645,2696,2774,2775,2777,2778,2903,3070,3263,3336,3348,3349,3355,3360,3361,3609,3774,4227,4428,4604,4605,4606,4909,4937,4949,5217,5218,5474,5487,6360,
55;1;377;539;0;19,27,89,94,117,137,144,188,225,233,274,276,289,291,329,351,377,396,397,449,476,479,583,586,736,765,770,833,834,838,854,875,890,891,1148,1168,1270,1271,1275,1334,1447,1488,1519,1524,1529,1540,1604,2133,2544,2602,2645,2696,2774,2775,2777,2778,2903,3070,3263,3311,3475,3498,3609,3664,3672,3681,3683,3685,3724,3725,4227,4428,4604,4605,4606,4937,4949,5217,5218,6360,
86;0;539;676;0;19,27,60,89,94,117,137,144,188,225,233,251,256,274,276,289,291,329,351,377,396,397,449,476,479,555,583,586,655,736,765,770,833,834,838,854,875,890,891,971,987,1148,1168,1270,1271,1275,1334,1447,1488,1519,1529,1540,1580,1604,2036,2133,2544,2602,2645,2696,2774,2775,2777,2778,2903,3263,3396,3498,3609,4227,4428,4604,4605,4606,4937,4949,5217,5218,6360,7831,
86;1;676;840;0;19,34,60,62,91,98,144,204,249,276,289,337,340,448,476,499,529,583,598,677,722,765,838,858,891,1078,1087,1148,1201,1248,1293,1577,1783,1785,1787,1789,1790,1844,1883,1884,1885,1886,1999,2006,2091,2106,2175,2185,2315,2405,2546,2627,2645,2695,2696,2774,2775,2777,2778,2849,2873,2903,3263,3606,3906,4103,4104,4105,4262,4428,4487,4490,4491,4567,4604,4605,4606,5316,5537,6486,
37;0;840;1020;0;19,34,60,62,91,98,144,204,249,276,289,337,340,448,476,499,529,583,598,677,722,765,838,858,891,1078,1087,1148,1201,1248,1293,1577,1783,1785,1787,1789,1790,1844,1883,1884,1885,1886,1999,2006,2091,2106,2175,2185,2315,2405,2546,2627,2645,2695,2696,2774,2775,2777,2778,2849,2873,2903,3263,3606,3906,4103,4104,4105,4262,4428,4487,4490,4491,4567,4604,4605,4606,5316,5537,6486,
37;1;1020;1103;0;19,34,60,62,91,98,144,204,249,276,289,337,340,448,476,499,529,583,598,677,722,765,838,858,891,1078,1087,1148,1201,1248,1293,1577,1783,1785,1787,1789,1790,1844,1883,1884,1885,1886,1999,2006,2091,2106,2175,2185,2315,2405,2546,2627,2645,2695,2696,2774,2775,2777,2778,2849,2873,2903,3263,3606,3906,4103,4104,4105,4262,4428,4487,4490,4491,4567,4604,4605,4606,5316,5537,6486,
123;0;1103;1235;0;19,34,60,62,91,98,144,204,249,276,289,337,340,448,476,499,529,583,598,677,722,765,838,858,891,1078,1087,1148,1201,1248,1293,1577,1783,1785,1787,1789,1790,1844,1883,1884,1885,1886,1999,2006,2091,2106,2175,2185,2315,2405,2546,2627,2645,2695,2696,2774,2775,2777,2778,2849,2873,2903,3263,3606,3906,4103,4104,4105,4262,4428,4487,4490,4491,4567,4604,4605,4606,5316,5537,6486,
123;1;1440;1549;0;19,34,60,62,91,98,139,144,204,249,275,276,289,337,340,391,429,448,476,499,529,583,598,677,722,765,775,838,858,891,948,1078,1087,1146,1148,1201,1236,1248,1293,1577,1783,1785,1787,1789,1790,1844,1883,1884,1885,1886,1973,1999,2006,2091,2106,2175,2185,2315,2405,2546,2627,2645,2695,2696,2774,2775,2777,2778,2849,2903,2951,3263,4094,4428,4604,4605,4606,5155,5739,6457,
82;0;1549;1705;0;18,19,21,25,34,54,60,62,91,98,139,144,198,204,249,275,276,289,337,340,391,429,448,476,499,529,583,598,677,722,765,775,838,858,891,948,1078,1087,1146,1148,1201,1236,1248,1293,1577,1783,1785,1787,1789,1790,1844,1883,1884,1885,1886,1973,1999,2006,2091,2106,2175,2185,2405,2627,2645,2696,2774,2775,2777,2778,2849,2903,2951,3263,3778,4428,4604,4605,4606,5315,
82;1;1705;1779;0;18,19,21,25,34,54,60,62,91,95,98,139,144,198,204,241,249,262,275,276,289,290,337,340,390,391,400,402,429,448,476,499,529,583,598,644,647,677,722,765,775,838,858,891,948,1078,1087,1146,1148,1201,1236,1248,1293,1577,1783,1785,1787,1789,1790,1884,1973,2091,2103,2405,2627,2645,2696,2774,2775,2777,2778,2849,2903,2951,3263,4428,4604,4605,4606,5594,
102;0;1779;1919;0;18,19,21,25,34,54,60,62,91,95,98,139,144,145,198,204,241,249,262,275,276,289,290,337,390,391,400,429,448,644,647,677,765,823,824,838,891,931,948,1117,1118,1146,1148,1236,1293,1884,1973,2091,2391,2405,2573,2627,2645,2696,2774,2775,2777,2778,2816,2849,2903,2951,3019,3263,4428,4604,4605,4606,4771,4855,5299,5329,5523,7055,8569,9121,9123,9124,9144,9145,
102;1;1919;2003;0;18,19,21,25,34,54,60,61,62,91,95,98,139,144,145,198,204,241,249,262,275,276,289,290,337,359,390,391,400,409,429,448,644,647,677,765,823,824,838,891,931,948,1117,1118,1146,1148,1236,1293,1549,1651,1884,1973,2091,2391,2405,2573,2627,2645,2696,2774,2775,2777,2778,2816,2844,2846,2848,2849,2850,2903,2951,3019,3263,4428,4604,4605,4606,4709,4710,4771,
16;0;2003;2112;0;54,60,95,98,100,118,139,144,145,241,245,262,337,343,390,391,429,666,677,694,715,765,838,861,891,948,1069,1096,1097,1118,1146,1148,1481,1973,2225,2318,2405,2461,2573,2626,2627,2628,2643,2645,2650,2661,2691,2903,4044,4259,4391,4412,4428,5525,5633,5637,5640,5722,5723,5868,5869,6022,6023,6164,6225,8094,8095,8096,8097,8098,8099,8100,8101,8102,8103,8104,8105,8106,8107,8108,
16;1;2112;2221;0;5,15,24,54,60,95,97,137,144,145,177,181,241,260,288,302,305,308,313,314,345,390,395,403,429,442,584,595,784,813,838,854,871,890,891,948,1053,1118,1145,1146,1148,1149,1150,1151,1374,1430,1472,1474,1676,1756,1922,1932,1933,2062,2063,2198,2405,2570,2645,2988,3121,3130,3345,3346,3519,3699,4313,4314,4315,4316,4317,4318,5867,6198,6199,6200,6201,6390,6391,6392,
124;0;2221;2346;0;5,15,24,54,60,95,97,137,144,145,177,181,241,260,288,302,305,308,313,314,345,390,395,403,429,442,584,595,784,813,838,854,871,890,891,948,1053,1118,1145,1146,1148,1149,1150,1151,1374,1430,1472,1474,1676,1756,1922,1932,1933,2062,2063,2198,2405,2570,2645,2988,3121,3130,3345,3346,3519,3699,4313,4314,4315,4316,4317,4318,5867,6198,6199,6200,6201,6390,6391,6392,
124;1;2346;2423;0;5,15,24,54,60,95,97,137,144,145,177,181,241,260,288,302,305,308,313,314,345,390,395,403,429,442,584,595,784,813,838,854,871,890,891,948,1053,1118,1145,1146,1148,1149,1150,1151,1374,1430,1472,1474,1676,1756,1922,1932,1933,2062,2063,2198,2405,2570,2645,2988,3121,3130,3345,3346,3519,3699,4313,4314,4315,4316,4317,4318,5867,6198,6199,6200,6201,6390,6391,6392,
81;0;2423;2513;0;5,15,24,54,60,95,97,137,144,145,177,181,241,260,288,302,305,308,313,314,345,390,395,403,429,442,584,595,784,813,838,854,871,890,891,948,1053,1118,1145,1146,1148,1149,1150,1151,1374,1430,1472,1474,1676,1756,1922,1932,1933,2062,2063,2198,2405,2570,2645,2988,3121,3130,3345,3346,3519,3699,4313,4314,4315,4316,4317,4318,5867,6198,6199,6200,6201,6390,6391,6392,
81;1;2513;2602;0;5,15,24,54,60,95,97,137,144,145,177,181,241,260,288,302,305,308,313,314,345,390,395,403,429,442,584,595,784,813,838,854,871,890,891,948,1053,1118,1145,1146,1148,1149,1150,1151,1374,1430,1472,1474,1676,1756,1922,1932,1933,2062,2063,2198,2405,2570,2645,2988,3121,3130,3345,3346,3519,3699,4313,4314,4315,4316,4317,4318,5867,6198,6199,6200,6201,6390,6391,6392,
121;0;2880;2994;0;5,7,15,24,54,60,95,97,137,144,145,177,178,181,241,260,288,302,305,308,313,314,345,390,395,403,429,442,584,595,784,813,838,854,871,890,891,948,1027,1048,1053,1118,1145,1146,1148,1149,1150,1151,1374,1430,1472,1474,1676,1756,1807,1922,1932,1933,1942,1943,1945,1979,2062,2063,2198,2405,2570,2645,2988,3121,3130,3345,3346,3519,3699,4313,4314,4315,4316,4317,
121;1;2994;3056;0;5,7,15,24,54,60,95,97,137,144,145,149,177,178,181,225,231,241,260,277,288,302,305,308,313,314,321,345,390,395,403,429,442,584,595,784,813,838,854,871,890,891,948,1027,1048,1053,1118,1145,1146,1148,1149,1150,1151,1163,1374,1430,1472,1474,1478,1502,1670,1676,1756,1807,1922,1932,1933,1942,1943,1945,1979,2062,2063,2198,2223,2645,3345,3346,4313,4317,
13;0;3056;3193;0;5,7,15,24,38,54,60,95,97,137,144,145,149,177,178,181,225,231,241,260,277,288,302,305,308,313,314,321,345,390,395,403,429,442,584,595,659,784,813,838,854,871,890,891,948,1027,1048,1053,1118,1145,1146,1148,1149,1150,1151,1163,1374,1430,1472,1474,1478,1502,1670,1676,1723,1756,1807,1922,1932,1933,1942,1943,1945,1979,2645,3126,3345,3346,4313,4317,
13;1;3193;3227;0;5,7,15,24,38,54,60,95,96,97,137,139,143,144,145,149,177,178,181,225,231,241,260,262,277,288,302,305,308,313,314,321,345,351,390,391,395,403,404,429,442,584,595,640,659,784,813,838,854,871,890,891,911,948,1050,1118,1146,1148,1149,1361,1468,1472,1474,1478,1502,1670,1922,1973,2425,2613,2645,3126,3346,5214,6684,7408,9261,9262,9263,9264,
468;0;3227;3395;0;5,7,15,24,38,54,60,95,96,97,100,137,139,143,144,145,149,177,178,181,225,231,241,260,262,277,288,289,302,305,308,313,314,321,345,351,390,391,395,404,429,640,644,765,854,891,911,948,1050,1118,1146,1148,1149,1214,1361,1472,1474,1478,1502,1670,1674,1922,1973,2225,2613,2626,2627,2628,2635,2637,2645,2647,2653,2654,2660,2661,2675,2705,3126,3346,
432;0;3395;3559;0;5,7,15,24,38,54,60,95,96,97,100,137,139,143,144,145,149,177,178,181,225,231,241,260,262,277,288,289,302,305,308,313,314,321,345,351,390,391,395,404,429,640,644,765,814,854,891,911,948,1046,1050,1118,1146,1148,1149,1214,1361,1442,1472,1474,1478,1502,1567,1670,1674,1922,1973,2225,2613,2627,2628,2645,2660,2661,3126,3346,6418,6419,6578,8543,
413;0;3559;3719;0;26,60,90,139,144,149,214,225,262,302,305,321,390,640,772,773,843,854,882,1118,1270,1283,1284,1285,1287,1288,1290,1293,1297,1361,1419,1478,1488,1502,1513,1670,1922,1973,1980,2005,2158,2259,2263,2264,2265,2410,2417,2418,2419,2420,2471,2498,2516,2680,2856,3162,3307,3308,3542,3703,3768,4206,4207,4208,4209,4210,4211,4221,4222,4223,4224,4225,4427,4728,4747,5107,5108,5109,5647,5648,
481;0;3719;3878;0;26,60,90,139,144,149,214,225,262,302,305,321,390,640,772,773,843,854,882,1118,1270,1283,1284,1285,1287,1288,1290,1293,1297,1361,1419,1478,1488,1502,1513,1670,1922,1973,1980,2005,2158,2259,2263,2264,2265,2410,2417,2418,2419,2420,2471,2498,2516,2680,2856,3162,3307,3308,3542,3703,3768,4206,4207,4208,4209,4210,4211,4221,4222,4223,4224,4225,4427,4728,4747,5107,5108,5109,5647,5648,
376;0;3878;4034;0;26,60,90,139,144,149,214,225,262,302,305,321,390,640,772,773,843,854,882,1118,1270,1283,1284,1285,1287,1288,1290,1293,1297,1361,1419,1478,1488,1502,1513,1670,1922,1973,1980,2005,2158,2259,2263,2264,2265,2410,2417,2418,2419,2420,2471,2498,2516,2680,2856,3162,3307,3308,3542,3703,3768,4206,4207,4208,4209,4210,4211,4221,4222,4223,4224,4225,4427,4728,4747,5107,5108,5109,5647,5648,
90;0;4034;4128;0;26,60,90,139,144,149,214,225,262,302,305,321,390,640,772,773,843,854,882,1118,1270,1283,1284,1285,1287,1288,1290,1293,1297,1361,1419,1478,1488,1502,1513,1670,1922,1973,1980,2005,2158,2259,2263,2264,2265,2410,2417,2418,2419,2420,2471,2498,2516,2680,2856,3162,3307,3308,3542,3703,3768,4206,4207,4208,4209,4210,4211,4221,4222,4223,4224,4225,4427,4728,4747,5107,5108,5109,5647,5648,
90;1;4128;4188;0;26,60,90,139,144,149,214,225,262,302,305,321,390,640,772,773,843,854,882,1118,1270,1283,1284,1285,1287,1288,1290,1293,1297,1361,1419,1478,1488,1502,1513,1670,1922,1973,1980,2005,2158,2259,2263,2264,2265,2410,2417,2418,2419,2420,2471,2498,2516,2680,2856,3162,3307,3308,3542,3703,3768,4206,4207,4208,4209,4210,4211,4221,4222,4223,4224,4225,4427,4728,4747,5107,5108,5109,5647,5648,
85;0;4188;4286;0;26,60,90,139,144,149,214,225,262,302,305,321,390,640,772,773,843,854,882,1118,1270,1283,1284,1285,1287,1288,1290,1293,1297,1361,1419,1478,1488,1502,1513,1670,1922,1973,1980,2005,2158,2259,2263,2264,2265,2410,2417,2418,2419,2420,2471,2498,2516,2680,2856,3162,3307,3308,3542,3703,3768,4206,4207,4208,4209,4210,4211,4221,4222,4223,4224,4225,4427,4728,4747,5107,5108,5109,5647,5648,
85;1;4320;4374;0;26,60,90,139,144,149,180,214,225,262,302,303,305,307,311,312,321,379,380,381,384,385,390,592,593,594,640,772,773,843,854,882,1118,1130,1270,1283,1284,1285,1287,1288,1290,1293,1297,1361,1419,1428,1478,1488,1502,1513,1670,1845,1922,1973,1980,2005,2158,2259,2263,2264,2265,2410,2417,2418,2419,2420,2471,2498,2516,2680,2856,3162,3307,3308,3542,3703,3768,4206,4207,4225,
73;0;4374;4499;0;26,60,90,139,144,149,180,214,225,262,302,303,305,307,311,312,321,379,380,381,384,385,390,528,536,592,593,594,640,772,773,843,854,882,1118,1130,1268,1269,1270,1283,1284,1285,1287,1288,1290,1293,1294,1297,1322,1329,1361,1419,1428,1478,1488,1502,1513,1670,1845,1922,1973,1980,2240,2263,2264,2265,2407,2447,2485,3702,3708,4225,4357,4453,4810,4811,4812,4813,4814,4815,
73;1;4499;4523;0;26,60,79,90,139,144,149,180,214,225,262,302,303,305,307,311,312,321,379,380,381,384,385,390,448,528,536,578,592,593,594,640,730,772,773,843,854,882,1118,1130,1158,1268,1269,1270,1283,1284,1285,1287,1288,1290,1293,1294,1297,1322,1329,1361,1419,1428,1478,1488,1502,1513,1670,1845,1922,1973,1980,2028,2240,2263,2264,2265,2407,2447,2517,3929,3930,3931,3932,4225,
334;0;4523;4670;0;26,60,79,90,139,144,149,180,214,225,262,302,303,305,307,311,312,321,379,380,381,384,385,390,448,528,536,578,592,593,594,640,730,772,773,843,854,882,1118,1130,1158,1268,1269,1270,1283,1284,1285,1287,1288,1290,1293,1294,1297,1322,1329,1361,1419,1428,1478,1488,1502,1513,1670,1845,1922,1973,1980,2028,2240,2263,2264,2265,2407,2447,4225,6357,6360,6585,7478,7526,
354;0;4670;4808;0;26,60,79,90,139,144,149,180,214,225,262,302,303,305,307,311,312,321,379,380,381,384,385,390,440,448,528,536,578,592,593,594,640,730,772,773,843,854,882,1118,1130,1147,1158,1268,1269,1270,1283,1284,1285,1287,1288,1290,1293,1294,1297,1322,1329,1361,1419,1428,1478,1488,1502,1513,1670,1845,1922,1973,1980,2028,2240,2263,2264,2265,3284,3285,3286,3287,3288,4225,
343;0;4808;4940;0;26,60,79,90,135,139,144,149,180,214,225,262,302,303,305,307,311,312,321,379,380,381,384,385,390,440,448,528,536,578,592,593,594,640,730,772,773,843,854,882,1093,1118,1130,1134,1147,1158,1268,1269,1270,1283,1284,1285,1287,1288,1290,1293,1294,1297,1322,1329,1361,1419,1428,1478,1488,1502,1513,1670,1845,1922,1973,1980,2028,2240,2263,2264,2265,4033,4225,6412,
492;0;4940;5070;0;95,97,100,138,139,144,145,189,202,225,288,297,329,390,395,398,400,401,429,591,640,677,729,766,836,854,863,937,948,949,1050,1052,1054,1118,1134,1147,1165,1172,1269,1295,1359,1447,1453,1469,1481,1502,1661,1664,1667,1668,1669,1670,1671,1673,1674,1811,1919,1944,1972,1973,1974,1975,1976,1977,1978,2134,2168,2216,2217,2218,2219,2220,2221,2355,2382,2426,2492,3414,5649,6705,
77;0;5070;5121;0;95,97,100,138,139,144,145,189,202,225,288,297,329,390,395,398,400,401,429,591,640,677,729,766,836,854,863,937,948,949,1050,1052,1054,1118,1134,1147,1165,1172,1269,1295,1359,1447,1453,1469,1481,1502,1661,1664,1667,1668,1669,1670,1671,1673,1674,1811,1919,1944,1972,1973,1974,1975,1976,1977,1978,2134,2168,2216,2217,2218,2219,2220,2221,2355,2382,2426,2492,3414,5649,6705,
77;1;5121;5198;0;95,97,100,138,139,144,145,189,202,225,288,297,329,390,395,398,400,401,429,591,640,677,729,766,836,854,863,937,948,949,1050,1052,1054,1118,1134,1147,1165,1172,1269,1295,1359,1447,1453,1469,1481,1502,1661,1664,1667,1668,1669,1670,1671,1673,1674,1811,1919,1944,1972,1973,1974,1975,1976,1977,1978,2134,2168,2216,2217,2218,2219,2220,2221,2355,2382,2426,2492,3414,5649,6705,
59;0;5198;5270;0;95,97,100,138,139,144,145,189,202,225,288,297,329,390,395,398,400,401,429,591,640,677,729,766,836,854,863,937,948,949,1050,1052,1054,1118,1134,1147,1165,1172,1269,1295,1359,1447,1453,1469,1481,1502,1661,1664,1667,1668,1669,1670,1671,1673,1674,1811,1919,1944,1972,1973,1974,1975,1976,1977,1978,2134,2168,2216,2217,2218,2219,2220,2221,2355,2382,2426,2492,3414,5649,6705,
59;1;5270;5323;0;95,97,100,138,139,144,145,189,202,225,288,297,329,390,395,398,400,401,429,591,640,677,729,766,836,854,863,937,948,949,1050,1052,1054,1118,1134,1147,1165,1172,1269,1295,1359,1447,1453,1469,1481,1502,1661,1664,1667,1668,1669,1670,1671,1673,1674,1811,1919,1944,1972,1973,1974,1975,1976,1977,1978,2134,2168,2216,2217,2218,2219,2220,2221,2355,2382,2426,2492,3414,5649,6705,
END
fineshedJobsCount: 267
switchs: 2934
switchsInstances: 153
unfineshedPriorityCount: 74
finalSolution: 1326
totalUnfineshed: 232
Time: 36
