input/MyInstancesDiferentToolSets/n=600,p=0.25,r=0.5,t=900,v0.csv;./input/Processed/ToolSetInt.csv
5;720;1440;7200
Machine: 0
443;0;0;11;1;7,27,28,30,95,137,139,142,143,144,145,149,155,169,225,251,262,288,292,321,390,395,404,407,408,427,429,439,504,510,591,640,647,838,854,912,921,927,948,1056,1062,1092,1118,1196,1370,1373,1375,1474,1478,1580,1763,1811,1848,2036,2179,2347,2509,2531,2614,2645,2816,3003,3004,3286,3435,4018,4545,5392,6234,6263,6307,6413,6414,6415,6416,6417,7213,7295,7316,8442,
506;0;11;50;1;7,27,28,30,95,137,139,142,143,144,145,149,155,169,225,251,262,288,292,321,390,395,404,407,408,427,429,439,504,510,591,640,647,838,854,912,921,927,948,1056,1062,1092,1118,1196,1370,1373,1375,1474,1478,1580,1763,1811,1848,2036,2179,2347,2509,2531,2614,2645,2816,3003,3004,3286,3435,4018,4545,5392,6234,6263,6307,6413,6414,6415,6416,6417,7213,7295,7316,8442,
488;0;50;100;1;7,27,28,30,95,137,139,142,143,144,145,149,155,169,225,251,262,288,292,321,390,395,404,407,408,427,429,439,504,510,591,640,647,838,854,912,921,927,948,1056,1062,1092,1118,1196,1370,1373,1375,1474,1478,1580,1763,1811,1848,2036,2179,2347,2509,2531,2614,2645,2816,3003,3004,3286,3435,4018,4545,5392,6234,6263,6307,6413,6414,6415,6416,6417,7213,7295,7316,8442,
422;0;100;155;1;7,27,28,30,95,137,139,142,143,144,145,149,155,169,225,251,262,288,292,321,390,395,404,407,408,415,427,429,439,504,510,591,640,647,748,838,854,912,921,927,948,1056,1062,1092,1118,1162,1196,1370,1373,1375,1474,1478,1580,1763,1811,1848,1849,2036,2074,2179,2285,2347,2509,2531,2614,2645,2816,3003,3004,3005,3006,3007,3008,3009,3010,3286,3435,4018,5392,7295,
590;0;155;233;1;7,27,28,30,90,95,137,139,142,143,144,145,149,155,169,225,251,262,288,292,321,390,395,404,407,408,415,427,429,439,504,510,591,640,647,748,772,773,838,843,854,912,921,927,948,1056,1062,1092,1118,1162,1196,1370,1373,1375,1474,1478,1580,1763,1811,1848,1849,1922,2036,2074,2179,2285,2347,2498,2645,2816,3004,3435,4427,4728,4747,5107,5108,5109,5392,7295,
584;0;233;321;1;7,27,28,30,60,90,95,137,139,142,143,144,145,149,155,169,225,247,248,251,262,288,292,321,390,395,404,407,408,415,427,429,439,504,510,528,591,640,647,748,772,773,838,843,854,912,921,927,948,1056,1062,1092,1118,1196,1287,1289,1293,1322,1474,1478,1580,1763,1811,2036,2261,2498,2645,2816,3004,3435,3597,3702,3802,4127,4451,5392,5522,5652,5653,7295,
512;0;321;415;1;7,24,27,28,30,60,90,95,137,139,142,143,144,145,149,155,169,225,247,248,251,262,288,292,321,390,395,404,407,408,415,427,429,439,503,504,510,528,591,640,647,773,838,843,854,912,921,927,948,1056,1062,1118,1196,1287,1288,1289,1293,1322,1474,1478,1580,1707,1763,1811,2036,2154,2498,2645,2816,3004,3346,3414,3435,3597,3802,5392,5948,7003,7214,7295,
67;0;415;511;1;24,27,28,60,90,95,137,139,143,144,145,149,225,247,248,251,262,288,291,292,321,390,395,404,427,429,439,503,528,591,640,647,765,773,838,843,854,912,921,927,948,1118,1201,1287,1288,1289,1293,1322,1474,1478,1580,1763,1811,1915,2036,2091,2498,2640,2645,2679,2774,2775,2777,2778,3004,3019,3263,3435,3447,3597,3802,4606,4608,4773,5392,5499,5500,5502,6774,7295,
67;1;511;515;1;24,27,28,60,90,95,137,139,143,144,145,149,196,225,247,248,251,262,288,291,292,321,390,395,404,427,429,439,503,528,591,640,647,765,773,838,843,854,912,921,927,948,1118,1269,1287,1288,1289,1293,1322,1474,1478,1580,1763,1811,1915,2036,2091,2216,2498,2645,2679,2774,2775,2777,2778,2941,3004,3263,3435,3447,3597,3603,3604,3605,3606,3802,4606,4608,5392,7295,
578;0;515;629;1;15,16,17,18,19,21,24,25,27,28,35,37,39,54,60,90,95,137,139,143,144,145,149,225,248,251,262,288,291,292,364,390,395,404,427,429,439,476,503,528,591,632,640,647,765,773,838,843,854,912,921,927,948,1118,1287,1288,1289,1293,1474,1478,1580,1811,2036,2091,2498,2645,2774,2775,2777,2778,2941,3004,3074,3263,3435,3597,3802,4606,5392,7295,
99;0;629;706;1;19,24,28,39,60,95,137,139,143,144,145,149,225,248,251,262,277,288,289,291,292,294,390,395,404,427,429,439,503,591,632,640,647,765,769,838,843,854,912,921,927,944,945,948,1118,1287,1288,1289,1293,1474,1478,1567,1580,1811,2036,2091,2498,2543,2645,2774,2775,2777,2778,2897,2898,2900,2901,2905,2907,2909,2910,2911,2913,2941,3262,3263,3378,3435,5392,7295,
99;1;706;750;1;24,28,39,95,137,139,143,144,145,149,177,178,179,184,225,248,262,272,288,290,291,292,379,380,382,383,390,395,397,398,404,427,429,439,503,591,632,640,647,765,838,854,912,921,927,948,1032,1033,1034,1035,1036,1037,1038,1117,1131,1287,1288,1289,1293,1474,1478,1521,1580,1811,2091,2690,2774,2775,2777,2778,3263,3435,4633,5259,6731,6732,6742,8119,9155,9156,
485;0;750;881;1;24,28,39,95,137,139,143,144,145,149,177,178,179,184,225,248,262,272,288,290,291,292,379,380,382,383,390,395,397,398,404,427,429,439,503,591,632,640,647,765,838,854,912,921,927,948,1032,1033,1034,1035,1036,1037,1038,1117,1131,1287,1288,1289,1293,1474,1478,1521,1580,1811,2091,2690,2774,2775,2777,2778,3263,3435,4633,5259,6731,6732,6742,8119,9155,9156,
32;0;881;1044;0;24,28,39,95,137,139,143,144,145,149,177,178,179,184,225,248,262,272,288,290,291,292,379,380,382,383,390,395,397,398,404,427,429,439,503,591,632,640,647,765,838,854,912,921,927,948,1032,1033,1034,1035,1036,1037,1038,1117,1131,1287,1288,1289,1293,1474,1478,1521,1580,1811,2091,2690,2774,2775,2777,2778,3263,3435,4633,5259,6731,6732,6742,8119,9155,9156,
32;1;1044;1218;0;24,28,39,95,137,139,143,144,145,149,177,178,179,184,225,248,262,272,288,290,291,292,379,380,382,383,390,395,397,398,404,427,429,439,503,591,632,640,647,765,838,854,912,921,927,948,1032,1033,1034,1035,1036,1037,1038,1117,1131,1287,1288,1289,1293,1474,1478,1521,1580,1811,2091,2690,2774,2775,2777,2778,3263,3435,4633,5259,6731,6732,6742,8119,9155,9156,
96;0;1218;1352;0;24,28,39,95,137,139,143,144,145,149,177,178,179,184,225,248,262,272,288,290,291,292,379,380,382,383,390,395,397,398,404,427,429,439,503,591,632,640,647,765,838,854,912,921,927,948,1032,1033,1034,1035,1036,1037,1038,1117,1131,1287,1288,1289,1293,1474,1478,1521,1580,1811,2091,2690,2774,2775,2777,2778,3263,3435,4633,5259,6731,6732,6742,8119,9155,9156,
96;1;1440;1619;0;5,9,28,93,95,137,144,145,148,149,177,178,179,184,262,288,290,292,380,382,383,390,393,394,395,396,404,427,429,439,591,647,838,854,890,912,921,927,948,949,1030,1050,1145,1146,1149,1171,1231,1232,1361,1362,1505,1506,1604,1668,1669,1758,1761,1799,1811,1814,2091,2106,2359,2717,2774,2775,2777,2778,2822,3263,3435,3523,4043,5223,5700,6198,6525,6526,6527,6528,
100;0;1619;1739;0;5,28,38,40,79,93,95,117,137,144,145,148,149,150,177,178,179,184,198,208,210,262,288,290,292,366,380,382,390,393,395,396,404,427,429,439,591,647,653,838,854,890,912,921,927,948,949,979,987,1050,1146,1149,1171,1361,1390,1560,1668,1669,1814,1898,1936,1937,1940,2091,2106,2564,2774,2775,2777,2778,2822,2924,2940,3263,3361,3435,4138,4464,4465,4466,
100;1;1739;1913;0;5,26,28,38,40,79,93,95,117,137,144,145,148,149,150,177,178,179,184,198,208,210,262,288,290,292,366,380,382,390,393,395,396,404,427,429,439,591,647,653,838,854,890,912,921,927,948,949,979,987,1050,1146,1149,1171,1361,1390,1560,1668,1669,1814,1898,1936,1937,1940,2091,2106,2564,2774,2775,2777,2778,2822,2924,2940,3263,3361,3435,3835,4138,7402,
79;0;1913;2050;0;3,137,144,177,262,267,290,292,297,305,306,318,380,395,434,439,591,854,855,890,892,894,895,896,897,898,899,900,901,907,908,911,912,913,915,916,918,919,920,921,923,924,925,926,927,928,929,930,931,932,934,938,939,942,943,948,1171,1361,1378,1668,1671,1809,2370,2774,2775,2777,2778,3618,3619,3620,4469,4553,4658,6101,6107,6108,6109,6110,6111,6112,
79;1;2050;2192;0;137,144,177,180,262,267,268,290,292,305,307,312,313,380,381,384,385,400,430,435,439,442,591,592,593,594,595,596,606,609,612,715,892,896,911,921,927,941,1057,1094,1099,1346,1406,1417,1540,1671,2094,2715,2774,2775,2777,2778,3099,4475,4637,5134,5135,5136,5137,5138,5139,5140,5141,5142,5143,5144,5145,5146,5147,5148,5149,5150,5151,5152,8470,8475,8476,8477,8478,8479,
119;0;2192;2344;0;137,144,177,180,262,267,268,290,292,305,307,312,313,380,381,384,385,400,430,435,439,442,591,592,593,594,595,596,606,609,612,715,892,896,911,921,927,941,1057,1094,1099,1346,1406,1417,1540,1671,2094,2715,2774,2775,2777,2778,3099,4475,4637,5134,5135,5136,5137,5138,5139,5140,5141,5142,5143,5144,5145,5146,5147,5148,5149,5150,5151,5152,8470,8475,8476,8477,8478,8479,
119;1;2344;2455;0;137,144,177,180,262,267,268,290,292,305,307,312,313,380,381,384,385,400,430,435,439,442,591,592,593,594,595,596,606,609,612,715,892,896,911,921,927,941,1057,1094,1099,1346,1406,1417,1540,1671,2094,2715,2774,2775,2777,2778,3099,4475,4637,5134,5135,5136,5137,5138,5139,5140,5141,5142,5143,5144,5145,5146,5147,5148,5149,5150,5151,5152,8470,8475,8476,8477,8478,8479,
108;0;2880;3034;0;117,137,144,145,177,180,262,267,268,290,292,296,305,307,312,313,351,380,381,384,385,400,429,430,435,439,442,591,592,593,594,595,596,606,609,612,647,715,892,896,911,921,927,941,1057,1094,1099,1121,1343,1346,1396,1406,1417,1540,1671,1971,2094,2573,2774,2775,2776,2777,2778,2779,2780,2781,2782,2783,2784,2785,2786,2787,2788,2789,2790,2791,2792,3099,5139,5144,
108;1;3034;3131;0;117,137,144,145,177,178,179,180,181,182,183,184,262,267,268,290,292,296,305,307,312,313,351,380,381,384,385,400,429,430,435,439,442,591,592,593,594,595,596,606,609,612,647,715,892,896,911,921,927,941,1057,1094,1099,1121,1343,1346,1396,1406,1417,1540,1671,1676,1971,2094,2573,2774,2775,2776,2777,2778,2779,2780,2781,2782,2783,2784,2790,3099,5139,5144,
21;0;3131;3296;0;117,137,144,145,177,178,179,180,181,182,183,184,262,267,268,290,292,296,305,307,312,313,351,380,381,384,385,400,429,430,435,439,442,591,592,593,594,595,596,606,609,612,647,715,892,896,911,921,927,941,1057,1094,1099,1121,1343,1346,1671,1676,2774,2775,2776,2777,2778,2779,2783,2790,3099,5139,5144,6360,6926,7284,7644,7648,8216,8219,8221,8225,8227,8228,
21;1;3296;3374;0;28,39,117,137,144,145,177,178,179,180,181,182,183,184,198,262,267,268,290,292,296,305,307,312,313,351,380,381,384,385,400,427,429,430,435,439,442,503,591,592,593,594,595,596,606,609,612,632,647,715,724,875,892,896,911,921,927,941,979,1057,1094,1121,1580,1671,1676,2159,2163,2326,2774,2775,2776,2777,2778,2779,2783,2790,3099,5139,5144,6360,
130;0;3374;3543;0;28,39,117,137,144,145,148,177,178,179,180,181,182,183,184,198,225,234,262,267,268,290,292,296,305,307,312,313,329,351,380,381,384,385,400,427,429,430,435,439,442,503,591,592,593,594,595,596,606,609,612,640,647,715,838,892,896,911,921,979,1057,1119,1121,1474,1478,1580,1671,1676,2774,2775,2776,2777,2778,2779,2783,2790,3099,5139,5144,6360,
130;1;3543;3610;0;26,138,144,288,313,351,395,591,598,609,644,645,715,848,858,892,896,911,1073,1075,1087,1169,1262,1267,1268,1270,1285,1287,1288,1289,1293,1294,1295,1472,1523,1623,1661,1666,1667,1973,2103,2157,2220,2427,2428,2429,2430,2431,2432,2433,2434,2435,2436,2437,2438,2439,2440,2441,2442,2547,2649,2677,2683,2693,3260,3707,4371,4372,4373,4374,4375,4376,4913,5091,5681,5703,5949,5995,7009,8948,
125;0;3610;3704;0;26,138,144,288,313,351,395,591,598,609,644,645,715,848,858,892,896,911,1073,1075,1087,1169,1262,1267,1268,1270,1285,1287,1288,1289,1293,1294,1295,1472,1523,1623,1661,1666,1667,1973,2103,2157,2220,2427,2428,2429,2430,2431,2432,2433,2434,2435,2436,2437,2438,2439,2440,2441,2442,2547,2649,2677,2683,2693,3260,3707,4371,4372,4373,4374,4375,4376,4913,5091,5681,5703,5949,5995,7009,8948,
125;1;3704;3842;0;26,138,144,288,313,351,395,591,598,609,644,645,715,848,858,892,896,911,1073,1075,1087,1169,1262,1267,1268,1270,1285,1287,1288,1289,1293,1294,1295,1472,1523,1623,1661,1666,1667,1973,2103,2157,2220,2427,2428,2429,2430,2431,2432,2433,2434,2435,2436,2437,2438,2439,2440,2441,2442,2547,2649,2677,2683,2693,3260,3707,4371,4372,4373,4374,4375,4376,4913,5091,5681,5703,5949,5995,7009,8948,
153;0;3842;3998;0;26,138,144,288,313,351,395,591,598,609,644,645,715,848,858,892,896,911,1073,1075,1087,1169,1262,1267,1268,1270,1285,1287,1288,1289,1293,1294,1295,1472,1523,1623,1661,1666,1667,1973,2103,2157,2220,2427,2428,2429,2430,2431,2432,2433,2434,2435,2436,2437,2438,2439,2440,2441,2442,2547,2649,2677,2683,2693,3260,3707,4371,4372,4373,4374,4375,4376,4913,5091,5681,5703,5949,5995,7009,8948,
153;1;4320;4382;0;26,95,138,144,288,313,345,351,395,591,598,609,644,645,671,715,764,848,858,892,896,911,1073,1075,1087,1169,1262,1267,1268,1270,1285,1287,1288,1289,1293,1294,1295,1356,1472,1523,1623,1661,1666,1667,1973,2103,2157,2220,2427,2428,2429,2430,2431,2432,2433,2434,2435,2436,2437,2438,2439,2440,2441,2547,2631,2643,2649,2651,2652,2677,2683,2693,3260,3532,4369,4371,4376,4733,4913,5348,
30;0;4382;4520;0;26,40,95,138,144,210,248,288,313,345,351,395,581,591,598,609,644,645,671,715,722,764,803,848,858,892,896,911,1073,1075,1087,1169,1262,1267,1268,1270,1285,1287,1288,1289,1293,1294,1295,1356,1472,1523,1623,1661,1666,1667,1701,1898,1973,2103,2157,2220,2273,2315,2427,2428,2547,2564,2643,2649,2677,2683,2693,2922,2968,3260,3532,3861,4026,4371,4376,4913,5097,5098,5099,5100,
30;1;4520;4592;0;26,40,91,95,98,138,144,210,248,276,288,313,337,340,345,351,395,581,583,591,598,609,644,645,671,715,722,764,765,803,848,858,892,896,911,1073,1075,1078,1087,1169,1262,1267,1268,1270,1285,1287,1288,1289,1293,1294,1295,1356,1472,1523,1623,1661,1666,1667,1701,1844,1883,1884,1885,1886,1898,1973,2103,2157,2547,2643,2649,2677,2683,2693,2968,3260,3532,4371,4376,4913,
61;0;4592;4767;0;26,40,91,95,98,138,144,210,248,276,288,313,337,340,345,351,395,581,583,591,598,609,644,645,671,715,722,764,765,803,848,858,892,896,911,1073,1075,1078,1267,1287,1288,1293,1294,1472,1661,1666,1667,1701,1884,1973,2103,2547,2643,2649,2677,2683,2693,2968,3260,3532,3663,3677,3679,3686,3690,4371,4376,4913,5082,6003,6004,6005,6006,6007,6008,6009,6010,6011,6012,6013,
61;1;4767;4796;0;24,26,38,40,91,95,98,138,144,189,210,248,276,288,313,337,340,345,351,395,581,583,591,598,609,644,645,671,715,722,764,765,803,848,858,871,872,873,874,892,896,911,972,1073,1075,1078,1267,1287,1288,1293,1294,1456,1472,1661,1666,1667,1701,1884,1973,2103,2547,2643,2649,2677,2683,2693,2968,3260,3532,3663,3677,3679,3686,3690,4371,4376,4913,5082,6003,6004,
107;0;4796;4840;0;24,26,38,40,91,95,98,138,139,143,144,146,149,189,210,248,276,277,288,313,337,340,345,351,395,398,402,581,583,591,598,609,644,645,671,715,722,764,765,769,848,858,872,892,911,1051,1146,1267,1287,1288,1293,1294,1472,1661,1666,1667,1701,1884,1973,2103,2503,2547,2643,2649,2677,2683,2693,2824,2968,2988,3034,3035,3260,3532,4093,4371,4376,4501,4553,4913,
107;1;4840;4990;0;24,95,101,103,139,143,144,149,189,210,276,277,288,313,337,348,395,398,436,581,591,609,644,645,691,715,769,858,872,1051,1146,1293,1481,1884,2461,2498,2547,2643,2649,2690,2693,2824,2968,3034,3260,3745,3915,4371,4913,4937,5296,5392,5525,5538,5637,5726,6026,6225,6334,7294,7295,7296,7297,7298,7299,7300,7301,7302,7303,7304,7305,7306,7307,7308,7309,7310,7311,7312,7313,7314,
128;0;4990;5008;0;24,95,101,103,139,143,144,149,189,210,276,277,288,313,337,348,395,398,436,581,591,609,644,645,691,715,769,858,872,1051,1146,1293,1374,1481,1566,1567,1568,1569,1884,2461,2498,2547,2643,2649,2690,2693,2824,2968,3034,3260,3745,3915,4371,4913,4937,5296,5392,5525,5538,5637,5726,6026,6225,6334,7294,7295,7296,7297,7298,7299,7300,7301,7302,7303,7304,7305,7306,7307,7308,7309,
128;1;5008;5180;0;19,55,95,144,149,180,210,231,251,262,277,290,297,302,303,305,307,311,312,379,380,381,384,385,390,393,400,429,592,593,594,899,978,1050,1051,1130,1146,1273,1363,1378,1428,1558,1668,1725,1726,1727,1728,1729,1730,1731,1732,1733,1834,1845,2172,2231,2233,2305,2306,2370,2381,2645,2774,2775,2824,2829,2941,2968,3099,3263,3613,4263,4265,4268,4269,4371,4946,5340,8488,8489,
143;0;5180;5229;0;19,55,95,144,149,180,210,231,251,262,277,290,297,302,303,305,307,311,312,379,380,381,384,385,390,393,400,429,592,593,594,899,978,1050,1051,1130,1146,1273,1363,1378,1428,1558,1668,1725,1726,1727,1728,1729,1730,1731,1732,1733,1834,1845,2172,2231,2233,2305,2306,2370,2381,2645,2774,2775,2824,2829,2941,2968,3099,3263,3613,4263,4265,4268,4269,4371,4946,5340,8488,8489,
143;1;5229;5368;0;19,55,95,144,149,180,210,231,251,262,277,290,297,302,303,305,307,311,312,379,380,381,384,385,390,393,400,429,592,593,594,899,978,1050,1051,1130,1146,1273,1363,1378,1428,1558,1668,1725,1726,1727,1728,1729,1730,1731,1732,1733,1834,1845,2172,2231,2233,2305,2306,2370,2381,2645,2774,2775,2824,2829,2941,2968,3099,3263,3613,4263,4265,4268,4269,4371,4946,5340,8488,8489,
144;0;5368;5466;0;19,55,95,144,149,180,210,231,251,262,277,290,297,302,303,305,307,311,312,379,380,381,384,385,390,393,400,429,592,593,594,899,978,1050,1051,1130,1146,1273,1363,1378,1428,1558,1668,1725,1726,1727,1728,1729,1730,1731,1732,1733,1834,1845,2172,2231,2233,2305,2306,2370,2381,2645,2774,2775,2824,2829,2941,2968,3099,3263,3613,4263,4265,4268,4269,4371,4946,5340,8488,8489,
144;1;5466;5552;0;19,55,95,144,149,180,210,231,251,262,277,290,297,302,303,305,307,311,312,379,380,381,384,385,390,393,400,429,592,593,594,899,978,1050,1051,1130,1146,1273,1363,1378,1428,1558,1668,1725,1726,1727,1728,1729,1730,1731,1732,1733,1834,1845,2172,2231,2233,2305,2306,2370,2381,2645,2774,2775,2824,2829,2941,2968,3099,3263,3613,4263,4265,4268,4269,4371,4946,5340,8488,8489,
155;0;5552;5655;0;19,55,95,144,149,180,210,231,251,262,277,290,297,302,303,305,307,311,312,379,380,381,384,385,390,393,400,429,592,593,594,899,978,1050,1051,1130,1146,1273,1363,1378,1428,1558,1668,1725,1726,1727,1728,1729,1730,1731,1732,1733,1834,1845,2172,2231,2233,2305,2306,2370,2381,2645,2774,2775,2824,2829,2941,2968,3099,3263,3613,4263,4265,4268,4269,4371,4946,5340,8488,8489,
155;1;5655;5729;0;19,55,95,144,149,180,210,231,251,262,277,290,297,302,303,305,307,311,312,379,380,381,384,385,390,393,400,429,592,593,594,899,978,1050,1051,1130,1146,1273,1363,1378,1428,1558,1668,1725,1726,1727,1728,1729,1730,1731,1732,1733,1834,1845,2172,2231,2233,2305,2306,2370,2381,2645,2774,2775,2824,2829,2941,2968,3099,3263,3613,4263,4265,4268,4269,4371,4946,5340,8488,8489,
500;0;5729;5903;0;19,55,95,144,149,180,210,231,251,262,277,290,297,302,303,305,307,311,312,379,380,381,384,385,390,393,400,429,592,593,594,899,978,1050,1051,1130,1146,1273,1363,1378,1428,1558,1668,1725,1726,1727,1728,1729,1730,1731,1732,1733,1834,1845,2172,2231,2233,2305,2306,2370,2381,2645,2774,2775,2824,2829,2941,2968,3099,3263,3613,4263,4265,4268,4269,4371,4946,5340,8488,8489,
5;0;5903;5917;0;19,55,95,144,149,180,210,231,251,262,277,290,297,302,303,305,307,311,312,379,380,381,384,385,390,393,400,429,591,592,593,594,769,858,899,978,1050,1051,1130,1146,1273,1363,1378,1428,1524,1558,1668,1725,1726,1727,1728,1729,1730,1731,1732,1733,1834,1845,2172,2231,2233,2305,2306,2370,2381,2492,2547,2645,2649,2693,2774,2775,2783,2824,2829,2941,2968,3099,3263,4371,
5;1;5917;6073;0;19,55,95,137,139,143,144,145,149,180,210,231,234,251,262,277,290,297,302,303,305,307,311,312,379,380,381,384,385,390,393,398,400,429,591,592,593,594,644,769,838,858,862,899,948,978,1050,1051,1130,1146,1273,1363,1378,1428,1474,1524,1558,1668,1725,1726,1727,1728,1729,1730,1731,1732,1733,1816,1834,1845,2172,2231,2233,2388,2645,2693,2774,2775,3034,3263,
50;0;6073;6107;0;19,55,95,137,139,143,144,145,149,180,210,231,234,251,262,277,290,297,302,303,305,307,311,312,379,380,381,384,385,390,393,395,398,400,429,591,592,593,644,769,838,858,948,1146,1363,1474,1524,1668,1726,1816,2388,2645,2693,2774,2775,2776,2779,2812,2947,3034,3263,4052,4740,4781,4853,5757,5809,6570,6571,6572,6573,6574,6575,6576,6577,6578,6579,6580,6581,6582,
50;1;6107;6237;0;19,55,95,100,137,139,143,144,145,149,180,210,231,234,251,262,277,288,290,291,297,302,303,305,307,311,312,322,379,380,381,382,384,385,390,393,395,398,400,429,591,592,593,644,769,838,858,948,1118,1146,1171,1236,1363,1474,1478,1524,1668,1726,1816,2052,2250,2388,2645,2693,2697,2774,2775,2776,2779,2951,3034,3260,3263,3284,3698,4469,4470,4471,4472,4740,
24;0;6237;6331;0;19,55,95,100,137,139,143,144,145,149,180,181,210,231,234,251,262,277,288,290,291,297,302,303,305,307,311,312,322,335,337,379,380,381,382,384,385,390,393,395,398,400,429,591,592,593,644,694,766,769,838,843,858,948,1118,1146,1171,1363,1474,1478,1524,1668,1726,1816,2052,2388,2627,2645,2693,2774,2775,2776,2779,3034,3260,3263,3284,3583,4472,4740,
24;1;6331;6398;0;19,27,55,60,95,100,137,139,143,144,145,149,180,181,210,231,234,251,256,262,277,288,290,291,297,302,303,305,307,311,312,322,335,337,379,380,381,390,395,398,400,429,591,644,655,694,766,769,838,948,971,1118,1146,1171,1363,1474,1478,1524,1580,1668,1726,1816,2036,2052,2388,2555,2645,2693,2774,2775,2776,2779,3034,3260,3263,3284,3396,4472,4740,8128,
505;0;6398;6557;0;24,53,60,137,139,144,145,149,231,249,262,288,290,291,314,329,377,390,397,398,429,528,581,655,831,838,839,901,949,1118,1146,1170,1279,1281,1332,1442,1478,1567,1676,1682,1809,1884,2064,2175,2504,2645,2774,2775,2778,2779,3256,3263,3435,3797,3798,3799,3800,3801,3802,4604,4605,4606,4740,4913,5791,5894,5895,5898,5899,5901,6126,6127,6128,6129,6361,6362,6363,6418,6419,8354,
420;0;6557;6714;0;24,53,60,137,139,144,145,149,231,249,262,288,290,291,314,329,377,390,397,398,429,528,581,655,831,838,839,901,949,1118,1146,1170,1279,1281,1332,1442,1478,1567,1676,1682,1809,1884,2064,2175,2504,2645,2774,2775,2778,2779,3256,3263,3435,3797,3798,3799,3800,3801,3802,4604,4605,4606,4740,4913,5791,5894,5895,5898,5899,5901,6126,6127,6128,6129,6361,6362,6363,6418,6419,8354,
524;0;6714;6863;0;24,53,60,137,139,144,145,149,231,249,262,288,290,291,314,329,377,390,397,398,429,528,581,655,831,838,839,901,949,1118,1146,1170,1279,1281,1332,1442,1478,1567,1676,1682,1809,1884,2064,2175,2504,2645,2774,2775,2778,2779,3256,3263,3435,3797,3798,3799,3800,3801,3802,4604,4605,4606,4740,4913,5791,5894,5895,5898,5899,5901,6126,6127,6128,6129,6361,6362,6363,6418,6419,8354,
85;0;6863;6943;0;24,53,60,137,139,144,145,149,231,249,262,288,290,291,314,329,377,390,397,398,429,528,581,655,831,838,839,901,949,1118,1146,1170,1279,1281,1332,1442,1478,1567,1676,1682,1809,1884,2064,2175,2504,2645,2774,2775,2778,2779,3256,3263,3435,3797,3798,3799,3800,3801,3802,4604,4605,4606,4740,4913,5791,5894,5895,5898,5899,5901,6126,6127,6128,6129,6361,6362,6363,6418,6419,8354,
85;1;6943;7008;0;24,53,60,137,139,144,145,149,231,249,262,288,290,291,314,329,377,390,397,398,429,528,581,655,831,838,839,901,949,1118,1146,1170,1279,1281,1332,1442,1478,1567,1676,1682,1809,1884,2064,2175,2504,2645,2774,2775,2778,2779,3256,3263,3435,3797,3798,3799,3800,3801,3802,4604,4605,4606,4740,4913,5791,5894,5895,5898,5899,5901,6126,6127,6128,6129,6361,6362,6363,6418,6419,8354,
Machine: 1
503;0;0;12;1;17,24,54,60,113,139,144,145,202,225,234,262,280,297,321,398,501,504,510,640,644,647,659,855,911,948,1054,1069,1119,1143,1359,1419,1463,1478,1558,1668,1916,1951,2364,2413,2573,2770,2870,2884,2914,2924,3267,3414,3569,3610,3808,4135,4283,4313,4316,4318,4939,5496,6145,6366,6646,7022,7227,7333,7334,7335,7336,7337,7605,7953,7954,8229,8277,8285,8519,8520,8521,8522,8589,8592,
462;0;12;37;1;17,24,54,60,113,139,144,145,202,225,234,262,280,297,321,398,501,504,510,640,644,647,659,855,911,948,1054,1069,1119,1143,1359,1419,1463,1478,1558,1668,1916,1951,2364,2413,2573,2770,2870,2884,2914,2924,3267,3414,3569,3610,3808,4135,4283,4313,4316,4318,4939,5496,6145,6366,6646,7022,7227,7333,7334,7335,7336,7337,7605,7953,7954,8229,8277,8285,8519,8520,8521,8522,8589,8592,
521;0;37;90;1;17,24,54,60,113,139,144,145,202,225,234,262,280,297,321,398,501,504,510,640,644,647,659,855,911,948,1054,1069,1119,1143,1359,1419,1463,1478,1558,1668,1916,1951,2364,2413,2573,2770,2870,2884,2914,2924,3267,3414,3569,3610,3808,4135,4283,4313,4316,4318,4939,5496,6145,6366,6646,7022,7227,7333,7334,7335,7336,7337,7605,7953,7954,8229,8277,8285,8519,8520,8521,8522,8589,8592,
146;0;90;94;1;17,24,54,60,113,139,144,145,202,225,234,262,280,297,321,398,501,504,510,640,644,647,659,855,911,948,1054,1069,1119,1143,1359,1419,1463,1478,1558,1668,1916,1951,2364,2413,2573,2770,2870,2884,2914,2924,3267,3414,3569,3610,3808,4135,4283,4313,4316,4318,4939,5496,6145,6366,6646,7022,7227,7333,7334,7335,7336,7337,7605,7953,7954,8229,8277,8285,8519,8520,8521,8522,8589,8592,
146;1;94;146;1;17,24,54,60,113,139,144,145,202,225,234,262,280,297,321,398,479,501,504,510,640,644,647,659,855,911,948,1054,1069,1119,1143,1359,1419,1463,1478,1558,1668,1916,1951,2364,2413,2573,2770,2836,2870,2876,2884,2914,2924,2941,2942,3267,3414,3569,3610,3808,4135,4283,4313,4316,4318,4939,5496,6145,6366,6646,7022,7227,7333,7334,7335,7336,7337,7605,7953,7954,8229,8277,8285,8519,
562;0;146;208;1;17,24,54,60,113,139,144,145,202,225,234,262,280,297,321,398,479,501,503,504,510,640,644,647,659,855,911,948,1054,1069,1119,1143,1275,1293,1359,1419,1463,1478,1558,1668,1916,1951,2364,2413,2573,2770,2836,2870,2876,2884,2914,2924,2941,2942,3267,3306,3414,3569,3610,3808,4135,4283,4313,4316,4318,4939,5496,6145,6366,6646,7022,7227,7333,7334,7335,7336,7337,7605,7953,8277,
447;0;208;228;0;17,24,54,60,113,139,144,145,202,225,234,262,280,297,321,398,479,501,503,504,510,640,644,647,659,855,911,948,1054,1069,1119,1143,1275,1293,1359,1419,1463,1478,1558,1668,1916,1951,2222,2223,2364,2413,2573,2770,2836,2870,2876,2884,2914,2924,2941,2942,3267,3306,3414,3569,3610,3808,4135,4283,4313,4316,4318,4939,5496,6145,6366,6646,7022,7227,7333,7334,7335,7336,7337,8277,
587;0;228;293;0;17,24,54,60,113,139,144,145,202,225,234,262,280,297,321,398,479,501,503,504,510,640,644,647,659,855,911,948,1054,1069,1119,1143,1275,1293,1359,1419,1463,1478,1558,1668,1916,1951,2222,2223,2364,2413,2573,2770,2836,2870,2876,2884,2914,2924,2941,2942,3267,3306,3414,3569,3610,3808,4135,4283,4313,4316,4318,4939,5496,6145,6366,6646,7022,7227,7333,7334,7335,7336,8277,8486,
171;0;293;445;0;17,20,24,25,37,39,41,43,48,50,54,60,76,113,139,144,145,194,202,217,225,234,262,280,297,321,398,479,501,503,504,510,512,640,644,647,659,855,875,911,948,1054,1069,1119,1143,1275,1293,1359,1419,1463,1478,1558,1668,1916,1951,2222,2223,2364,2413,2573,2770,2836,2870,2876,2884,2914,2924,2941,2942,3267,3306,3414,3610,4286,5513,7022,7243,7657,7658,8277,
171;1;445;607;0;17,20,24,25,37,39,41,43,48,50,54,60,76,113,139,144,145,194,202,217,225,234,262,280,297,321,398,479,501,503,504,510,512,640,644,647,659,855,875,911,948,1054,1069,1119,1143,1275,1293,1359,1419,1463,1478,1558,1668,1916,1951,2222,2223,2364,2413,2573,2770,2836,2870,2876,2884,2914,2924,2941,2942,3267,3306,3414,3610,4286,4467,5513,7022,7243,7657,8277,
194;0;607;773;0;5,24,60,88,97,100,139,144,225,231,234,262,266,288,297,321,390,398,404,430,591,640,647,666,694,833,854,855,875,911,948,1048,1050,1051,1060,1095,1117,1293,1359,1390,1401,1470,1476,1478,1481,1530,1669,1973,2134,2223,2337,2355,2425,2573,2626,2653,2661,2663,2683,2836,3610,5259,5525,5538,5539,5637,5722,6029,6311,6312,6313,6562,7022,7296,7414,7415,8396,8826,8827,8828,
194;1;773;902;0;5,24,60,88,97,100,139,144,225,231,234,262,266,288,297,321,390,398,404,430,591,640,647,666,694,833,854,855,875,911,948,1048,1050,1051,1060,1095,1117,1293,1359,1390,1401,1470,1476,1478,1481,1530,1669,1973,2134,2223,2337,2355,2425,2573,2626,2653,2661,2663,2683,2836,3610,5259,5525,5538,5539,5637,5722,6029,6311,6312,6313,6562,7022,7296,7414,7415,8396,8826,8827,8828,
126;0;902;1021;0;5,24,60,88,97,100,139,144,225,231,234,262,266,288,297,321,390,398,404,430,591,640,647,666,694,833,854,855,875,911,948,1048,1050,1051,1060,1095,1117,1293,1359,1390,1401,1470,1476,1478,1481,1530,1669,1973,2134,2223,2337,2355,2425,2573,2626,2653,2661,2663,2683,2836,3610,5259,5525,5538,5539,5637,5722,6029,6311,6312,6313,6562,7022,7296,7414,7415,8396,8826,8827,8828,
126;1;1021;1184;0;5,24,60,88,97,100,139,144,225,231,234,262,266,288,297,321,390,398,404,430,591,640,647,666,694,833,854,855,875,911,948,1048,1050,1051,1060,1095,1117,1293,1359,1390,1401,1470,1476,1478,1481,1530,1669,1973,2134,2223,2337,2355,2425,2573,2626,2653,2661,2663,2683,2836,3610,5259,5525,5538,5539,5637,5722,6029,6311,6312,6313,6562,7022,7296,7414,7415,8396,8826,8827,8828,
44;0;1440;1543;0;3,24,60,100,139,144,225,231,234,262,288,297,321,380,390,395,398,404,430,591,640,647,666,694,833,854,855,875,911,948,1050,1051,1117,1134,1174,1293,1359,1361,1390,1401,1476,1478,1481,1669,1726,1763,1809,1970,1973,2223,2337,2493,2573,2626,2653,2658,2661,2728,2836,3099,3133,3610,4553,4563,4650,5048,5259,5516,5525,5637,5722,6153,6154,6155,6156,6157,6311,6312,6313,7022,
44;1;1543;1714;0;3,24,60,100,137,139,144,225,231,234,262,288,295,297,321,329,377,390,395,398,400,404,591,640,647,666,694,838,854,855,875,911,948,949,1051,1117,1134,1170,1293,1359,1361,1390,1401,1474,1476,1478,1481,1669,1809,1973,2120,2223,2337,2573,2626,2658,2661,2715,2836,3099,3108,3610,4419,4420,4470,4650,4816,5259,5525,5637,5722,6311,6312,6313,6332,6334,6335,7022,8113,8114,
149;0;1714;1852;0;3,24,60,100,137,139,144,225,231,234,262,288,292,295,297,321,329,377,390,395,398,400,404,591,640,647,666,694,838,854,855,875,911,933,948,949,1051,1117,1134,1170,1229,1293,1359,1361,1390,1401,1447,1474,1476,1478,1481,1669,1809,1973,2120,2223,2337,2573,2626,2658,2661,2836,3099,3610,4470,4650,4658,5259,5525,5637,5654,5664,5665,5666,5667,5722,6311,6312,6313,7022,
149;1;1852;1966;0;3,24,60,100,137,139,144,225,231,234,262,288,292,295,297,321,329,377,390,395,398,400,404,591,640,647,666,694,730,838,854,855,875,911,933,948,949,1051,1117,1134,1170,1229,1293,1359,1361,1390,1401,1447,1474,1476,1478,1481,1572,1669,1809,1973,2120,2223,2337,2573,2626,2658,2661,2836,3099,3609,3610,4470,4650,4658,5259,5525,5637,5654,5664,5722,6311,6312,6313,7022,
54;0;1966;2103;0;24,60,100,137,139,144,262,292,297,314,321,329,390,395,398,591,647,666,694,704,854,855,875,949,1134,1293,1343,1361,1390,1474,1481,1539,1669,1809,2223,2340,2492,2573,2626,2642,2658,2661,2692,2723,2778,2783,2836,3263,4603,4604,4612,4613,4617,4629,4740,5259,5406,5525,5637,5722,5873,6311,6312,6313,6595,6749,6750,6751,7022,7225,8147,8148,8149,8150,8151,8152,8153,8154,8155,8156,
54;1;2103;2209;0;1,100,119,136,137,139,144,262,277,321,379,390,677,715,814,815,827,854,1093,1134,1198,1200,1203,1214,1293,1361,1390,1397,1481,1529,1807,1809,2053,2109,2223,2475,2602,2626,2628,2661,2812,3278,3379,4677,5336,5637,5722,5795,5869,5953,5958,5959,5966,5976,5979,5987,5992,6023,6146,6147,6148,6149,6150,6151,6229,6311,6312,6313,6399,6403,6519,6520,6521,6522,6523,6524,8130,8131,8132,8133,
181;0;2209;2283;0;1,100,119,136,137,139,144,262,277,321,379,390,677,715,814,815,827,854,1093,1134,1198,1200,1203,1214,1293,1361,1390,1397,1481,1529,1807,1809,2053,2109,2223,2475,2602,2626,2628,2661,2812,3278,3379,4677,5336,5637,5722,5795,5869,5953,5958,5959,5966,5976,5979,5987,5992,6023,6146,6147,6148,6149,6150,6151,6229,6311,6312,6313,6399,6403,6519,6520,6521,6522,6523,6524,8130,8131,8132,8133,
181;1;2283;2447;0;1,100,119,136,137,139,144,262,277,321,379,390,677,715,814,815,827,854,1093,1134,1198,1200,1203,1214,1293,1361,1390,1397,1481,1529,1807,1809,2053,2109,2223,2475,2602,2626,2628,2661,2812,3278,3379,4677,5336,5637,5722,5795,5869,5953,5958,5959,5966,5976,5979,5987,5992,6023,6146,6147,6148,6149,6150,6151,6229,6311,6312,6313,6399,6403,6519,6520,6521,6522,6523,6524,8130,8131,8132,8133,
55;0;2880;3036;0;1,27,100,119,136,137,139,144,262,277,321,379,390,677,715,814,815,827,854,1093,1134,1198,1200,1203,1214,1270,1293,1294,1295,1361,1390,1397,1481,1529,1807,1809,2053,2109,2220,2223,2407,2475,2602,2626,2628,2661,2812,3278,3379,3606,3703,3721,3797,3802,3829,4112,4217,4353,4677,5336,5637,5722,5795,5869,5953,5958,5959,5966,5976,5979,5987,5992,6023,6146,6147,6148,6149,6150,6151,6229,
55;1;3036;3112;0;1,27,100,119,136,137,139,144,182,262,277,301,321,379,390,429,677,715,769,814,815,827,854,855,1093,1118,1134,1146,1163,1198,1200,1203,1214,1270,1293,1294,1295,1361,1390,1397,1473,1481,1484,1529,1807,1808,1809,2053,2109,2128,2220,2223,2371,2407,2475,2588,2602,2626,2628,2661,2812,3278,3379,3606,3703,3721,3797,3802,3829,4112,4217,4353,4503,4981,5722,5869,5976,5987,5992,6023,
87;0;3112;3173;0;1,26,27,100,119,136,137,139,144,255,262,277,321,390,429,528,529,614,618,619,677,715,769,814,854,855,1093,1118,1134,1146,1240,1266,1268,1269,1270,1273,1278,1280,1286,1287,1288,1291,1293,1294,1295,1361,1390,1473,1481,1484,1512,1529,1809,2053,2091,2109,2346,2347,2577,2602,2661,3379,3802,3829,4206,4217,4503,5722,5869,5976,5987,5992,6023,6966,7017,7018,7019,7020,7021,7022,
87;1;3173;3338;0;1,26,27,60,100,119,136,137,139,144,152,255,262,277,321,390,429,528,529,569,614,618,619,677,715,769,814,854,855,868,1093,1118,1134,1146,1240,1266,1268,1269,1270,1273,1278,1280,1286,1287,1288,1291,1293,1294,1295,1361,1390,1473,1481,1484,1512,1529,1809,2053,2091,2109,2230,2273,2346,2347,2602,2661,3379,3802,3829,4217,4503,5487,5722,5869,5932,5976,5987,5992,6023,7997,
18;0;3338;3507;0;1,26,27,60,100,119,136,137,139,144,152,243,255,262,277,321,390,429,528,529,569,614,618,619,677,715,769,814,854,855,868,1093,1118,1134,1146,1240,1266,1268,1269,1270,1273,1278,1280,1286,1287,1288,1291,1293,1294,1295,1361,1390,1473,1481,1484,1512,1529,1809,2053,2091,2109,2230,2273,2346,2602,2661,3379,3802,3829,4217,4503,5259,5487,5501,5722,5869,5976,5987,5992,6023,
18;1;3507;3557;0;1,26,27,60,95,100,119,136,137,139,144,152,243,255,262,277,321,390,429,528,609,677,715,769,814,818,854,855,1093,1118,1134,1146,1278,1280,1291,1293,1361,1390,1473,1481,1484,1529,1809,2053,2091,2109,2602,2661,2774,2775,2776,2777,2778,3379,3802,3829,3970,4217,4503,4606,4771,5022,5023,5024,5025,5026,5027,5028,5029,5030,5031,5032,5259,5487,5722,5869,5976,5987,5992,6023,
62;0;3557;3676;0;27,60,95,100,139,144,150,152,155,175,189,197,248,251,262,457,551,576,677,715,729,731,732,769,814,875,1277,1278,1280,1291,1293,1326,1341,1390,1481,1484,1529,1548,1849,1853,2091,2148,2174,2233,2258,2408,2661,2774,2778,2856,2873,2982,3004,3070,3379,3409,3598,3613,3802,3814,3829,3830,3842,4060,4124,4217,4462,4664,4866,4868,4869,5487,5722,5779,5869,6023,6656,7346,7347,9194,
62;1;3676;3772;0;27,60,95,100,139,144,150,152,155,175,189,197,248,251,262,457,551,576,677,715,729,731,732,769,814,875,1277,1278,1280,1291,1293,1326,1341,1390,1481,1484,1529,1548,1849,1853,2091,2148,2174,2233,2258,2408,2661,2774,2778,2856,2873,2982,3004,3070,3379,3409,3598,3613,3802,3814,3829,3830,3842,4060,4124,4217,4462,4664,4866,4868,4869,5487,5722,5779,5869,6023,6656,7346,7347,9194,
136;0;3772;3932;0;27,60,95,100,139,144,150,152,155,175,189,197,248,251,262,457,551,576,677,715,729,731,732,769,814,875,1277,1278,1280,1291,1293,1326,1341,1390,1481,1484,1529,1548,1849,1853,2091,2148,2174,2233,2258,2408,2661,2774,2778,2856,2873,2982,3004,3070,3379,3409,3598,3613,3802,3814,3829,3830,3842,4060,4124,4217,4462,4664,4866,4868,4869,5487,5722,5779,5869,6023,6656,7346,7347,9194,
136;1;3932;3976;0;27,60,95,100,139,144,150,152,155,175,189,197,248,251,262,457,551,576,677,715,729,731,732,769,814,875,1277,1278,1280,1291,1293,1326,1341,1390,1481,1484,1529,1548,1849,1853,2091,2148,2174,2233,2258,2408,2661,2774,2778,2856,2873,2982,3004,3070,3379,3409,3598,3613,3802,3814,3829,3830,3842,4060,4124,4217,4462,4664,4866,4868,4869,5487,5722,5779,5869,6023,6656,7346,7347,9194,
59;0;4320;4344;0;27,60,95,100,139,144,150,152,155,175,189,197,245,248,251,262,273,290,297,395,398,457,551,576,647,677,715,729,731,732,769,814,875,891,1024,1277,1278,1280,1291,1293,1326,1341,1390,1474,1481,1484,1529,1548,1669,1750,1849,1853,1920,2091,2148,2174,2233,2258,2408,2661,2774,2778,2856,2873,2982,3004,3070,3379,3409,4552,5206,5351,5706,5722,5869,6023,6184,7215,7216,7217,
59;1;4344;4521;0;27,60,95,100,139,144,150,152,155,175,189,197,245,248,251,262,273,290,297,395,398,457,551,576,647,677,715,729,731,732,769,814,875,891,1024,1277,1278,1280,1291,1293,1326,1341,1390,1474,1481,1484,1529,1548,1669,1750,1849,1853,1920,2091,2148,2174,2233,2258,2408,2661,2774,2778,2856,2873,2982,3004,3070,3379,3409,4552,5206,5351,5706,5722,5869,6023,6184,7215,8502,8503,
20;0;4521;4677;0;27,60,95,100,139,144,150,152,155,175,189,197,245,248,251,262,273,290,297,395,398,457,551,576,647,677,715,729,731,732,762,769,814,875,891,1024,1277,1278,1280,1291,1293,1326,1341,1390,1474,1481,1484,1529,1548,1669,1750,1849,1853,1920,2091,2148,2174,2233,2258,2408,2661,2774,2778,2856,2873,2982,3004,3070,3379,3409,4552,5206,5351,5706,5722,5869,6023,6184,7215,8502,
20;1;4677;4711;0;27,60,95,100,139,144,150,152,155,175,189,197,245,248,262,290,291,297,329,395,398,647,677,715,769,814,891,949,1073,1278,1293,1390,1451,1474,1481,1529,1669,1915,1920,2091,2253,2573,2627,2631,2661,2677,2679,2691,2774,2778,2806,2893,3263,3379,3409,4361,4365,4552,4635,5329,5706,5722,5869,6023,6803,7423,7663,7943,8099,8129,8166,8187,8407,8686,8687,8696,8698,8699,8787,8788,
168;0;4711;4779;0;27,60,95,100,139,144,150,152,155,175,189,197,245,248,262,275,290,291,297,329,395,398,647,677,715,769,814,891,949,1073,1278,1293,1390,1451,1474,1481,1529,1669,1915,1920,2091,2253,2573,2627,2631,2661,2677,2679,2691,2774,2778,2806,2893,3263,3379,3409,3744,4361,4365,4552,4635,5329,5706,5722,5869,6023,6126,6410,6803,7423,7663,7943,8099,8129,8166,8187,8407,8686,8687,8696,
168;1;4779;4899;0;27,60,95,100,139,144,150,152,155,175,189,197,245,248,262,275,289,290,291,297,329,395,398,647,677,715,769,773,814,863,891,949,1073,1278,1293,1390,1451,1474,1481,1529,1669,1915,1920,2091,2253,2573,2627,2631,2661,2677,2678,2679,2691,2774,2778,2806,2893,2903,2962,3263,3379,3409,3744,4361,4365,4552,4635,5329,5706,5722,5869,6023,6126,6410,6803,7423,7663,7804,7805,8190,
3;0;4899;4915;0;27,60,95,100,139,144,150,152,155,175,189,197,245,248,262,275,289,290,291,297,329,395,398,647,666,677,715,769,773,814,863,891,949,1073,1278,1293,1390,1451,1474,1481,1529,1669,1915,1920,2091,2253,2573,2627,2631,2635,2661,2677,2678,2679,2691,2774,2778,2802,2806,2893,2903,2962,3263,3379,3409,3527,4552,4949,5432,5525,5706,5722,5869,6023,6024,6496,6497,6498,6499,7804,
3;1;4915;5083;0;24,27,60,139,144,189,275,290,395,555,580,632,647,694,769,772,1147,1196,1278,1279,1293,1400,1401,1434,1474,1481,1505,1669,1687,1762,1779,1813,1821,1937,2150,2454,2455,2456,2457,2458,2690,2774,2778,2836,2955,2969,3061,3078,3263,3395,3409,3546,3611,3722,3726,3727,3728,3729,3730,3731,3732,3876,4450,4552,5111,5484,5525,5634,5722,5869,6024,6099,6173,7009,7248,7249,7250,7251,7884,7885,
189;0;5083;5181;0;24,27,60,139,144,189,275,290,395,555,580,632,647,694,769,772,1147,1196,1278,1279,1293,1400,1401,1434,1474,1481,1505,1669,1687,1762,1779,1813,1821,1937,2150,2454,2455,2456,2457,2458,2690,2774,2778,2836,2955,2969,3061,3078,3263,3395,3409,3546,3611,3722,3726,3727,3728,3729,3730,3731,3732,3876,4450,4552,5111,5484,5525,5634,5722,5869,6024,6099,6173,7009,7248,7249,7250,7251,7884,7885,
189;1;5181;5261;0;24,27,60,139,144,189,275,290,395,555,580,632,647,694,769,772,1147,1196,1278,1279,1293,1400,1401,1434,1474,1481,1505,1669,1687,1762,1779,1813,1821,1937,2150,2454,2455,2456,2457,2458,2690,2774,2778,2836,2955,2969,3061,3078,3263,3395,3409,3546,3611,3722,3726,3727,3728,3729,3730,3731,3732,3876,4450,4552,5111,5484,5525,5634,5722,5869,6024,6099,6173,7009,7248,7249,7250,7251,7884,7885,
563;0;5261;5435;0;24,27,60,139,144,189,275,290,395,555,580,632,647,694,769,772,1147,1196,1278,1279,1293,1400,1401,1434,1474,1481,1505,1669,1687,1762,1779,1813,1821,1937,2150,2454,2455,2456,2457,2458,2690,2774,2778,2836,2955,2969,3061,3078,3263,3395,3409,3546,3611,3722,3726,3727,3728,3729,3730,3731,3732,3876,4450,4552,5111,5484,5525,5634,5722,5869,6024,6099,6173,7009,7248,7249,7250,7251,7884,7885,
483;0;5435;5599;0;24,27,60,139,144,189,275,290,395,555,580,632,647,694,769,772,1147,1196,1278,1279,1293,1400,1401,1434,1474,1481,1505,1669,1687,1762,1779,1813,1821,1937,2150,2454,2455,2456,2457,2458,2690,2774,2778,2836,2955,2969,3061,3078,3263,3395,3409,3546,3611,3722,3726,3727,3728,3729,3730,3731,3732,3876,4450,4552,5111,5484,5525,5634,5722,5869,6024,6099,6173,7009,7248,7249,7250,7251,7884,7885,
467;0;5760;5923;0;24,27,40,60,139,144,185,186,189,275,290,359,395,419,555,580,632,647,694,759,769,772,872,979,1147,1196,1278,1279,1293,1400,1401,1434,1474,1481,1505,1636,1669,1687,1762,1779,1813,1821,1887,1898,1934,1937,1984,2036,2150,2454,2455,2456,2457,2458,2690,2774,2778,2836,2955,2969,3061,3078,3252,3263,3395,3409,3546,3611,3722,3726,3727,3728,3729,3730,3876,4552,6787,6788,6789,7251,
9;0;5923;6080;0;24,27,40,60,139,144,185,186,189,254,275,290,359,395,419,555,580,632,647,694,759,769,772,872,979,1147,1196,1278,1279,1293,1400,1401,1426,1434,1474,1481,1505,1636,1669,1687,1762,1779,1813,1821,1887,1898,1930,1934,1937,1984,2036,2150,2454,2455,2456,2457,2458,2690,2774,2778,2836,2955,2969,3061,3078,3126,3252,3263,3395,3409,3546,3611,3722,3726,3876,4225,4552,6757,7251,7891,
9;1;6080;6084;0;24,27,40,60,139,144,185,186,189,254,275,277,290,302,312,359,395,419,555,580,632,647,694,759,769,772,872,948,979,1147,1196,1278,1279,1293,1398,1400,1401,1426,1428,1434,1474,1481,1505,1636,1669,1687,1762,1779,1813,1821,1887,1898,1930,1934,1937,1984,2036,2117,2150,2454,2455,2456,2457,2458,2690,2774,2778,2836,2955,2969,3061,3078,3126,3263,3395,3876,4225,4552,4926,7251,
509;0;6084;6241;0;24,27,40,60,139,144,185,186,189,254,275,277,290,302,312,359,395,419,555,580,632,647,694,759,769,772,872,948,979,1147,1196,1278,1279,1293,1398,1400,1401,1426,1428,1434,1474,1481,1505,1636,1669,1687,1762,1779,1813,1821,1887,1898,1930,1934,1937,1984,2036,2117,2150,2454,2455,2456,2457,2458,2467,2690,2774,2778,2836,2955,2969,3061,3078,3126,3263,3395,3876,4225,4552,7251,
75;0;6241;6378;0;24,27,40,60,139,144,185,186,189,254,275,277,290,302,312,359,391,395,419,429,555,580,632,647,694,759,769,772,775,872,948,979,1146,1147,1196,1236,1278,1279,1293,1398,1400,1401,1426,1428,1434,1474,1481,1505,1636,1669,1687,1762,1779,1813,1821,1887,1898,1930,1934,1937,1973,1984,2036,2117,2150,2454,2455,2774,2778,2951,3263,3395,3876,4094,4225,4552,5155,5739,6457,7251,
75;1;6378;6396;0;24,27,40,60,139,144,185,186,189,231,254,275,277,290,302,312,359,391,395,419,429,438,555,580,632,647,694,759,769,772,775,872,931,948,979,1146,1147,1196,1236,1278,1279,1293,1398,1400,1401,1426,1428,1434,1474,1476,1481,1669,2036,2092,2337,2645,2774,2775,2778,2951,3099,3263,3395,3651,3876,3970,4225,4552,4600,4740,5053,5340,5739,5901,6475,7251,7403,7404,7405,7406,
186;0;6396;6462;0;24,27,40,60,139,144,185,186,189,225,231,241,254,275,277,290,302,312,359,391,395,419,429,438,555,580,632,640,647,694,759,769,772,775,872,931,948,979,1146,1147,1196,1236,1278,1279,1293,1398,1400,1401,1426,1428,1434,1474,1476,1478,1480,1481,1669,2036,2092,2337,2645,2774,2775,2778,2951,3099,3263,3395,3651,3876,3970,4225,4552,4600,4740,5053,5340,5739,5901,7251,
186;1;6462;6548;0;3,24,61,137,139,144,152,276,288,321,438,647,769,854,855,911,912,931,1093,1118,1236,1481,1488,1809,1988,2036,2414,2492,2532,2695,2783,2943,3577,4225,4552,4632,4650,5259,5698,5700,7711,7712,7713,7714,7715,7716,7717,7718,7719,7720,7721,7722,7723,7724,7725,7726,7727,7893,8014,8122,8124,8271,8272,8273,8275,8277,8283,8551,8555,8559,9031,9032,9033,9075,9101,9102,9103,9104,9105,9203,
542;0;6548;6697;0;3,24,61,137,139,144,152,276,288,321,438,647,769,854,855,911,912,931,1093,1118,1236,1481,1488,1809,1988,2036,2414,2492,2532,2695,2783,2943,3577,4225,4552,4632,4650,5259,5698,5700,7711,7712,7713,7714,7715,7716,7717,7718,7719,7720,7721,7722,7723,7724,7725,7726,7727,7893,8014,8122,8124,8271,8272,8273,8275,8277,8283,8551,8555,8559,9031,9032,9033,9075,9101,9102,9103,9104,9105,9203,
410;0;6697;6844;0;3,24,61,137,139,144,152,276,288,321,438,647,769,854,855,911,912,931,1093,1118,1236,1481,1488,1809,1988,2036,2414,2492,2532,2695,2783,2943,3577,4225,4552,4632,4650,5259,5698,5700,7711,7712,7713,7714,7715,7716,7717,7718,7719,7720,7721,7722,7723,7724,7725,7726,7727,7893,8014,8122,8124,8271,8272,8273,8275,8277,8283,8551,8555,8559,9031,9032,9033,9075,9101,9102,9103,9104,9105,9203,
464;0;6844;6986;0;3,24,61,137,139,144,152,276,288,321,438,647,769,854,855,911,912,931,1093,1118,1236,1481,1488,1809,1988,2036,2414,2492,2532,2695,2783,2943,3577,4225,4552,4632,4650,5259,5698,5700,7711,7712,7713,7714,7715,7716,7717,7718,7719,7720,7721,7722,7723,7724,7725,7726,7727,7893,8014,8122,8124,8271,8272,8273,8275,8277,8283,8551,8555,8559,9031,9032,9033,9075,9101,9102,9103,9104,9105,9203,
416;0;6986;7113;0;3,24,61,137,139,144,152,276,288,321,438,647,769,854,855,911,912,931,1093,1118,1236,1481,1488,1809,1988,2036,2414,2492,2532,2695,2783,2943,3577,4225,4552,4632,4650,5259,5698,5700,7711,7712,7713,7714,7715,7716,7717,7718,7719,7720,7721,7722,7723,7724,7725,7726,7727,7893,8014,8122,8124,8271,8272,8273,8275,8277,8283,8551,8555,8559,9031,9032,9033,9075,9101,9102,9103,9104,9105,9203,
Machine: 2
566;0;0;31;1;55,61,74,97,139,144,145,179,225,262,267,277,289,291,295,303,305,310,312,313,314,329,377,404,429,438,442,640,736,891,948,1117,1118,1145,1171,1287,1288,1293,1322,1339,1433,1474,1484,1675,1941,2107,2153,2178,2223,2230,2244,2259,2273,2306,2410,2417,2418,2419,2420,2421,2436,2462,2465,2866,2892,3337,3338,3339,3340,3403,3486,3487,3490,3500,3784,5144,5153,5154,5155,7369,
56;0;31;182;0;55,61,74,97,139,144,145,179,225,262,267,277,289,291,295,303,305,310,312,313,314,329,377,404,429,438,442,640,736,891,948,1117,1118,1145,1171,1287,1288,1293,1322,1339,1433,1474,1484,1675,1941,2107,2153,2178,2223,2230,2244,2259,2273,2306,2410,2417,2418,2419,2420,2421,2436,2462,2465,2866,2892,3337,3338,3339,3340,3403,3486,3487,3490,3500,3784,5144,5153,5154,5155,7369,
56;1;182;352;0;55,61,74,97,139,144,145,179,225,262,267,277,289,291,295,303,305,310,312,313,314,329,377,404,429,438,442,640,736,891,948,1117,1118,1145,1171,1287,1288,1293,1322,1339,1433,1474,1484,1675,1941,2107,2153,2178,2223,2230,2244,2259,2273,2306,2410,2417,2418,2419,2420,2421,2436,2462,2465,2866,2892,3337,3338,3339,3340,3403,3486,3487,3490,3500,3784,5144,5153,5154,5155,7369,
160;0;352;516;0;55,61,74,97,139,144,145,179,225,262,267,277,289,291,295,303,305,310,312,313,314,329,377,404,429,438,442,640,736,891,948,1117,1118,1145,1171,1287,1288,1293,1322,1339,1433,1474,1484,1675,1941,2107,2153,2178,2223,2230,2244,2259,2273,2306,2410,2417,2418,2419,2420,2421,2436,2462,2465,2866,2892,3337,3338,3339,3340,3403,3486,3487,3490,3500,3784,5144,5153,5154,5155,7369,
160;1;516;653;0;55,61,74,97,139,144,145,179,225,262,267,277,289,291,295,303,305,310,312,313,314,329,377,404,429,438,442,640,736,891,948,1117,1118,1145,1171,1287,1288,1293,1322,1339,1433,1474,1484,1675,1941,2107,2153,2178,2223,2230,2244,2259,2273,2306,2410,2417,2418,2419,2420,2421,2436,2462,2465,2866,2892,3337,3338,3339,3340,3403,3486,3487,3490,3500,3784,5144,5153,5154,5155,7369,
40;0;653;759;0;55,61,74,97,139,144,145,179,225,262,267,277,289,291,295,303,305,310,312,313,314,329,377,404,429,438,442,640,736,891,948,1117,1118,1145,1171,1287,1288,1293,1322,1339,1433,1474,1484,1675,1941,2107,2153,2178,2223,2230,2244,2259,2273,2306,2410,2417,2418,2419,2420,2421,2436,2462,2465,2866,2892,3337,3338,3339,3340,3403,3486,3487,3490,3500,3501,3784,5144,5153,5154,5155,
40;1;759;937;0;55,61,74,97,139,144,145,179,225,262,267,277,289,291,295,303,305,310,312,313,314,329,377,404,429,438,442,640,736,891,948,1117,1118,1145,1171,1287,1288,1293,1322,1339,1433,1474,1484,1675,1941,2107,2153,2178,2223,2230,2244,2259,2273,2306,2410,2417,2418,2419,2420,2421,2436,2462,2465,2866,2892,3337,3338,3339,3340,3403,3486,3487,3490,3500,3501,3784,5144,5153,5154,5155,
198;0;937;1086;0;55,61,74,97,139,144,145,179,225,262,267,277,289,291,295,303,305,310,312,313,314,329,377,404,429,438,442,640,736,891,948,1117,1118,1145,1171,1287,1288,1293,1322,1339,1433,1474,1484,1675,1941,2107,2153,2178,2223,2230,2244,2259,2273,2306,2410,2417,2418,2419,2420,2421,2436,2462,2465,2866,2892,3337,3338,3339,3340,3403,3486,3487,3490,3500,3501,3784,5144,5153,5154,5155,
198;1;1086;1211;0;55,61,74,97,139,144,145,179,225,262,267,277,289,291,295,303,305,310,312,313,314,329,377,404,429,438,442,640,736,891,948,1117,1118,1145,1171,1287,1288,1293,1322,1339,1433,1474,1484,1675,1941,2107,2153,2178,2223,2230,2244,2259,2273,2306,2410,2417,2418,2419,2420,2421,2436,2462,2465,2866,2892,3337,3338,3339,3340,3403,3486,3487,3490,3500,3501,3784,5144,5153,5154,5155,
115;0;1440;1541;0;97,136,137,139,144,146,149,225,262,267,277,289,290,291,297,303,305,310,312,313,314,404,436,438,640,644,647,854,891,914,927,1117,1118,1149,1171,1211,1287,1288,1293,1322,1474,1484,1618,1668,1670,1671,1675,1825,1920,1922,1973,2107,2244,2465,2635,2651,2892,3403,4018,4572,4654,4968,5015,5135,5139,5144,5153,5155,5250,5251,5252,5253,5254,5255,5256,5257,5258,5259,5260,5261,
115;1;1541;1692;0;97,136,137,139,144,146,149,225,262,267,277,289,290,291,297,303,305,310,312,313,314,404,436,438,640,644,647,854,891,914,927,1117,1118,1149,1171,1211,1287,1288,1293,1322,1474,1484,1618,1668,1670,1671,1675,1825,1920,1922,2107,2244,2465,2651,2892,3403,5144,5153,5155,9222,9223,9224,9225,9229,9230,9231,9233,9234,9235,9236,9241,9243,9244,9250,9251,9252,9253,9254,9255,9256,
13;0;1692;1849;0;97,136,137,139,144,146,149,225,262,267,277,289,290,291,297,303,305,310,312,313,314,354,355,356,357,404,436,438,640,644,647,854,891,914,927,1117,1118,1149,1171,1211,1287,1288,1293,1322,1474,1484,1618,1668,1670,1671,1675,1825,1920,1922,2107,2244,2465,2651,2892,3403,5144,5153,5155,9222,9223,9224,9225,9229,9230,9231,9233,9234,9235,9236,9241,9243,9244,9250,9251,9252,
13;1;1849;1937;0;26,97,136,137,139,144,146,149,225,262,267,277,289,290,291,297,303,305,310,312,313,314,354,355,356,357,404,436,438,528,640,644,647,854,891,914,927,1117,1118,1149,1171,1211,1268,1270,1287,1288,1289,1293,1322,1474,1484,1618,1668,1671,1675,1783,1825,1920,1922,2107,2244,2264,2265,2465,2651,2892,2941,3403,3606,4217,4277,4487,4488,4489,4490,4491,4492,5144,5153,5155,
46;0;1937;2046;0;26,95,97,136,137,139,144,146,149,225,262,267,277,289,290,291,297,303,305,308,310,312,313,314,354,355,356,357,391,404,436,438,528,640,644,647,838,854,891,914,927,938,1056,1117,1118,1148,1164,1165,1166,1167,1169,1170,1171,1172,1176,1268,1270,1287,1288,1293,1322,1359,1467,1474,1484,1671,1675,1825,1920,1922,2107,2244,2465,2651,2892,3403,3606,5144,5153,5155,
46;1;2046;2175;0;26,97,137,139,144,157,198,202,205,242,245,255,262,277,291,390,391,395,427,504,528,598,891,895,987,995,1063,1117,1147,1230,1261,1268,1269,1273,1279,1286,1287,1288,1292,1293,1294,1322,1423,1469,1522,1582,1671,1726,1782,1816,1868,2091,2239,2241,2242,2263,2337,2407,2465,2892,2984,3005,3026,3027,3050,3403,3615,3694,4280,4647,4648,4649,5645,6045,7363,7549,7550,8118,8352,8353,
29;0;2175;2314;0;26,97,137,139,144,157,198,202,205,242,245,255,262,277,291,390,391,395,427,504,528,598,891,895,987,995,1063,1117,1147,1230,1261,1268,1269,1273,1279,1286,1287,1288,1292,1293,1294,1322,1423,1469,1522,1582,1671,1726,1782,1816,1868,2091,2239,2241,2242,2263,2337,2407,2465,2892,2984,3005,3026,3027,3050,3403,3615,3694,4280,4647,4648,4649,5645,6045,7363,7549,7550,8118,8352,8353,
29;1;2314;2390;0;26,97,137,139,144,157,198,202,205,242,245,255,262,277,291,390,391,395,427,504,528,598,891,895,987,995,1063,1117,1147,1230,1261,1268,1269,1273,1279,1286,1287,1288,1292,1293,1294,1322,1423,1469,1522,1582,1671,1726,1782,1816,1868,2091,2239,2241,2242,2263,2337,2407,2465,2892,2984,3005,3026,3027,3050,3403,3615,3694,4280,4647,4648,4649,5645,6045,7363,7549,7550,8118,8352,8353,
88;0;2390;2464;0;26,97,137,139,144,157,198,202,205,242,245,255,262,277,291,390,391,395,427,504,528,598,891,895,987,995,1063,1117,1147,1230,1261,1268,1269,1273,1279,1286,1287,1288,1292,1293,1294,1322,1423,1469,1522,1582,1671,1726,1782,1816,1868,2091,2239,2241,2242,2263,2337,2407,2465,2892,2984,3005,3026,3027,3050,3403,3615,3694,4280,4647,4648,4649,5645,6045,7363,7549,7550,8118,8352,8353,
88;1;2464;2595;0;26,97,137,139,144,157,198,202,205,242,245,255,262,277,291,390,391,395,427,504,528,598,891,895,987,995,1063,1117,1147,1230,1261,1268,1269,1273,1279,1286,1287,1288,1292,1293,1294,1322,1423,1469,1522,1582,1671,1726,1782,1816,1868,2091,2239,2241,2242,2263,2337,2407,2465,2892,2984,3005,3026,3027,3050,3403,3615,3694,4280,4647,4648,4649,5645,6045,7363,7549,7550,8118,8352,8353,
2;0;2595;2649;0;26,97,137,139,144,157,198,202,205,242,245,255,262,277,291,390,391,395,427,504,528,598,891,895,987,995,1063,1117,1147,1230,1261,1268,1269,1273,1279,1286,1287,1288,1292,1293,1294,1322,1423,1469,1522,1582,1671,1726,1782,1816,1868,2091,2239,2241,2242,2263,2337,2407,2465,2892,2984,3005,3026,3027,3050,3403,3615,3694,4280,4647,4648,4649,5645,6045,7363,7549,7550,8118,8352,8353,
2;1;2649;2796;0;26,97,137,139,144,157,198,202,205,242,245,255,262,277,291,390,391,395,427,504,528,598,891,895,987,995,1063,1117,1147,1230,1261,1268,1269,1273,1279,1286,1287,1288,1292,1293,1294,1322,1423,1469,1522,1582,1671,1726,1782,1816,1868,2091,2239,2241,2242,2263,2337,2407,2465,2892,2984,3005,3026,3027,3050,3403,3615,3694,4280,4647,4648,4649,5645,6045,7363,7549,7550,8118,8352,8353,
192;0;2880;3010;0;26,88,97,137,139,144,157,198,202,205,242,245,255,262,277,291,390,391,395,427,504,528,598,767,773,891,895,987,995,1063,1117,1147,1230,1261,1268,1269,1273,1279,1286,1287,1288,1292,1293,1294,1322,1423,1469,1522,1530,1582,1671,1726,1782,1816,1868,1914,1915,2091,2239,2241,2242,2263,2337,2407,2465,2668,2714,2806,2892,2898,2988,3050,4093,6098,6099,7217,7423,8238,8567,8568,
192;1;3010;3070;0;26,88,97,137,139,144,157,202,228,234,245,262,268,277,291,390,391,395,400,430,528,606,608,609,767,891,927,1068,1095,1117,1147,1207,1268,1269,1273,1279,1287,1288,1292,1293,1294,1322,1347,1378,1395,1406,1417,1525,1671,1913,1915,2091,2094,2337,2339,2531,2691,2715,2892,3111,4031,4161,4425,4475,5067,5138,5140,5141,5144,5147,5149,5228,5323,7683,8595,8596,8597,8598,8599,8600,
27;0;3070;3194;0;88,97,100,117,137,139,144,234,245,262,268,277,291,343,391,395,430,666,677,715,767,850,891,1043,1117,1147,1365,1390,1450,1481,1529,1915,1972,2052,2094,2318,2337,2339,2626,2627,2628,2645,2663,2678,2689,2691,2708,2892,2951,3161,3752,4447,5140,5228,5525,5526,5527,5528,5529,5530,5531,5532,5533,5534,5535,5536,5537,5538,5539,5540,5541,5542,5543,5544,5545,5546,5547,5548,5549,5550,
27;1;3194;3258;0;88,97,100,117,137,139,144,149,225,231,234,245,262,268,277,288,291,321,343,391,395,404,430,432,666,677,715,767,850,891,949,1043,1117,1147,1236,1365,1390,1450,1474,1475,1478,1480,1481,1521,1529,1915,1972,1978,2052,2094,2318,2337,2339,2508,2626,2627,2628,2645,2663,2678,2689,2691,2708,2892,2951,3161,3752,4447,5143,5228,5525,5528,5531,5532,5537,5538,5619,5699,6177,6178,
477;0;3258;3437;0;88,97,100,117,137,139,144,149,225,231,234,245,262,268,277,288,291,321,343,391,395,404,430,432,666,677,715,767,850,891,949,1043,1117,1147,1236,1365,1390,1445,1450,1474,1475,1478,1480,1481,1521,1529,1915,1972,1978,2052,2094,2318,2337,2339,2626,2627,2628,2645,2663,2678,2691,2708,2892,3161,4745,4746,5228,5378,5381,5382,5383,5525,5528,5531,5532,5537,5538,6216,6219,6220,
82;0;3437;3514;0;88,97,100,117,137,139,144,149,225,231,234,245,262,268,277,288,289,291,321,391,395,404,430,644,666,677,715,767,891,949,1019,1117,1147,1236,1390,1474,1475,1478,1481,1521,1915,2225,2318,2405,2625,2626,2627,2628,2634,2640,2642,2645,2652,2657,2663,2678,2680,2686,2691,2892,5228,5525,5531,5532,7188,7212,7296,7299,7308,7316,8415,8432,8799,8801,8803,8804,8806,8808,8809,8810,
82;1;3514;3610;0;15,27,88,139,144,149,150,187,188,225,234,245,262,267,277,291,303,305,310,312,313,314,391,395,412,438,509,567,640,644,1171,1236,1475,1481,1665,1948,1949,1950,1951,1952,1953,1954,1955,1956,1957,1958,1959,1960,1961,1962,1963,1964,1965,1966,1967,1968,1969,2107,2244,2315,2628,2738,2892,3313,3314,3814,3819,3820,3821,3822,5153,5155,5224,5225,5226,5227,5228,6517,6644,7329,
407;0;3610;3778;0;15,27,88,139,144,149,150,187,188,225,234,245,262,267,277,291,303,305,310,312,313,314,391,395,412,438,509,567,640,644,1171,1236,1475,1481,1665,1948,1949,1950,1951,1952,1953,1954,1955,1956,1957,1958,1959,1960,1961,1962,1963,1964,1965,1966,1967,1968,1969,2107,2244,2315,2628,2738,2892,3313,3314,3814,3819,3820,3821,3822,5153,5155,5224,5225,5226,5227,5228,6517,6644,7329,
585;0;3778;3943;0;15,27,88,139,144,149,150,187,188,225,234,245,262,267,277,291,303,305,310,312,313,314,391,395,412,438,509,567,640,644,1171,1236,1475,1481,1665,1948,1949,1950,1951,1952,1953,1954,1955,1956,1957,1958,1959,1960,1961,1962,1963,1964,1965,1966,1967,1968,1969,2107,2244,2315,2628,2738,2892,3313,3314,3814,3819,3820,3821,3822,5153,5155,5224,5225,5226,5227,5228,6517,6644,7329,
540;0;3943;4107;0;15,27,88,139,144,149,150,187,188,225,234,245,262,267,277,291,303,305,310,312,313,314,391,395,412,438,509,567,640,644,1171,1236,1475,1481,1665,1948,1949,1950,1951,1952,1953,1954,1955,1956,1957,1958,1959,1960,1961,1962,1963,1964,1965,1966,1967,1968,1969,2107,2244,2315,2628,2738,2892,3313,3314,3814,3819,3820,3821,3822,5153,5155,5224,5225,5226,5227,5228,6517,6644,7329,
495;0;4107;4268;0;15,27,88,139,144,149,150,187,188,225,234,245,262,267,277,291,303,305,310,312,313,314,391,395,412,438,509,567,640,644,1171,1236,1475,1481,1665,1948,1949,1950,1951,1952,1953,1954,1955,1956,1957,1958,1959,1960,1961,1962,1963,1964,1965,1966,1967,1968,1969,2107,2244,2315,2628,2738,2892,3313,3314,3814,3819,3820,3821,3822,5153,5155,5224,5225,5226,5227,5228,6517,6644,7329,
164;0;4268;4374;0;15,27,88,139,144,149,150,187,188,225,234,245,262,267,277,291,303,305,310,312,313,314,391,395,412,438,509,567,640,644,1171,1236,1475,1481,1665,1948,1949,1950,1951,1952,1953,1954,1955,1956,1957,1958,1959,1960,1961,1962,1963,1964,1965,1966,1967,1968,1969,2107,2244,2315,2628,2738,2892,3313,3314,3814,3819,3820,3821,3822,5153,5155,5224,5225,5226,5227,5228,6517,6644,7329,
164;1;4374;4428;0;15,27,88,139,144,149,150,182,187,188,225,234,245,262,267,277,291,301,303,305,310,312,313,314,322,391,395,412,429,438,509,567,640,644,647,775,854,855,948,1118,1146,1163,1171,1236,1475,1481,1484,1665,1675,1948,1949,1950,1951,1952,1953,1954,1955,1956,1957,1958,1959,1960,1961,1962,1963,1964,2107,2223,2315,2394,2628,2816,2892,2910,4094,4821,5155,5432,5706,5739,
599;0;4428;4585;0;15,27,88,139,144,149,150,182,187,188,225,234,245,262,267,277,291,301,303,305,310,312,313,314,322,391,395,412,429,438,509,567,640,644,647,765,775,854,855,948,1118,1146,1163,1171,1201,1236,1475,1481,1484,1539,1665,1675,1837,1948,1949,1950,1951,1952,2107,2315,2628,2778,2910,3263,4603,4604,4612,4613,4617,4761,5229,5270,5406,5873,6749,6750,6751,6752,6753,6754,
145;0;4585;4696;0;1,3,15,27,88,139,144,149,225,226,245,262,270,277,291,329,391,395,429,438,567,640,644,647,765,854,948,1069,1093,1118,1146,1163,1171,1204,1214,1236,1473,1475,1476,1477,1481,1539,1599,1667,1675,1803,1825,2107,2109,2134,2315,2451,2628,2778,3108,3263,3278,4033,4535,4604,4612,4857,4891,4902,4925,4926,4927,4928,4929,4930,4931,4932,4933,4934,4935,4936,4937,4938,4939,5296,
145;1;4696;4740;0;1,3,15,27,88,139,144,149,225,226,245,262,270,277,291,329,391,395,429,438,567,640,644,647,765,854,948,1069,1093,1118,1146,1163,1171,1204,1214,1236,1473,1475,1476,1477,1481,1539,1599,1667,1675,1803,1825,2107,2109,2134,2315,2451,2628,2778,3108,3209,3210,3263,3278,3488,4033,4535,4604,4612,4857,4891,4902,4925,6930,8340,8397,8763,8765,8766,8767,8768,8769,8770,8773,8774,
469;0;4740;4893;0;1,3,15,27,88,104,139,144,149,225,226,245,262,270,276,277,291,297,329,391,395,429,438,567,586,640,644,647,765,767,770,833,844,854,862,863,931,947,948,949,1069,1093,1118,1146,1163,1171,1204,1214,1236,1473,1475,1481,1519,1520,1539,1675,2107,2134,2315,2491,2628,2778,3263,3278,3531,3638,4604,4612,4857,5456,5656,5774,6022,6441,7583,7585,8022,8095,8303,8304,
432;0;4893;5043;0;10,24,30,34,37,46,54,55,117,137,144,145,225,231,268,273,291,329,351,377,429,439,640,655,684,778,815,891,1093,1114,1117,1118,1140,1147,1148,1163,1172,1174,1304,1311,1336,1470,1471,1481,1488,1540,1604,1718,1915,2128,2133,2428,2544,2696,2774,2777,2778,2802,2807,2812,3015,3263,4122,4227,4428,4600,4605,4606,5025,5217,5218,5825,6244,6784,7261,8957,8958,8959,9046,9047,
489;0;5043;5191;0;10,24,30,34,37,46,54,55,117,137,144,145,225,231,268,273,291,329,351,377,429,439,640,655,684,778,815,891,1093,1114,1117,1118,1140,1147,1148,1163,1172,1174,1304,1311,1336,1470,1471,1481,1488,1540,1604,1718,1915,2128,2133,2428,2544,2696,2774,2777,2778,2802,2807,2812,3015,3263,4122,4227,4428,4600,4605,4606,5025,5217,5218,5825,6244,6784,7261,8957,8958,8959,9046,9047,
19;0;5191;5260;0;10,24,30,34,37,46,54,55,117,137,144,145,225,231,268,273,291,329,351,377,429,439,640,655,684,778,815,891,1093,1114,1117,1118,1140,1147,1148,1163,1172,1174,1304,1311,1336,1470,1471,1481,1488,1540,1604,1718,1915,2128,2133,2428,2544,2696,2774,2777,2778,2802,2807,2812,3015,3263,4122,4227,4428,4600,4605,4606,5025,5217,5218,5825,6244,6784,7261,8957,8958,8959,9046,9047,
19;1;5260;5334;0;10,24,30,34,37,46,54,55,117,137,144,145,225,231,268,273,291,329,351,377,429,439,640,655,684,778,815,891,1093,1114,1117,1118,1140,1147,1148,1163,1172,1174,1304,1311,1336,1470,1471,1481,1488,1540,1604,1718,1915,2128,2133,2428,2544,2696,2774,2777,2778,2802,2807,2812,3015,3263,4122,4227,4428,4600,4605,4606,5025,5217,5218,5825,6244,6784,7261,8957,8958,8959,9046,9047,
42;0;5334;5380;0;10,24,30,34,37,46,54,55,117,137,144,145,225,231,268,273,291,329,351,377,429,439,640,655,684,778,815,891,1093,1114,1117,1118,1140,1147,1148,1163,1172,1174,1304,1311,1336,1470,1471,1481,1488,1540,1604,1718,1915,2128,2133,2428,2544,2696,2774,2777,2778,2802,2807,2812,3015,3263,4122,4227,4428,4600,4605,4606,5025,5217,5218,5825,6244,6784,7261,8957,8958,8959,9046,9047,
42;1;5760;5851;0;10,24,30,34,37,46,54,55,117,137,144,145,225,231,268,273,291,329,351,377,396,429,439,640,655,684,778,815,891,1093,1114,1117,1118,1140,1147,1148,1163,1172,1174,1304,1311,1336,1470,1471,1481,1488,1540,1604,1718,1915,2128,2133,2428,2544,2645,2687,2696,2774,2775,2776,2777,2778,2790,2802,2807,2812,3019,3263,4605,4606,4946,5370,6629,7428,8147,8653,8654,8655,8656,8657,
536;0;5851;5982;0;10,24,30,34,37,46,54,55,117,137,144,145,225,231,268,273,291,329,351,377,396,429,439,640,655,684,778,815,891,1093,1114,1117,1118,1140,1147,1148,1163,1172,1174,1304,1311,1336,1470,1471,1481,1488,1540,1604,1718,1915,2128,2133,2428,2544,2645,2687,2696,2774,2775,2776,2777,2778,2790,2802,2807,2812,3019,3263,4605,4606,4946,5370,5758,5759,5760,6629,7428,8147,8653,8654,
139;0;5982;6031;0;10,24,30,34,37,46,54,55,95,117,137,144,145,148,225,231,268,273,291,329,351,377,379,396,429,439,612,640,647,655,684,778,815,891,911,933,1054,1093,1114,1117,1118,1140,1147,1148,1163,1172,1174,1210,1304,1311,1390,1481,1540,1734,1736,1744,1751,1755,1811,1814,1915,2092,2645,2687,2774,2775,2777,2778,3037,3263,3286,4605,4606,5174,6399,6400,7449,7790,8258,8259,
139;1;6031;6109;0;10,24,30,34,37,46,54,55,95,100,117,137,139,144,145,148,225,231,268,273,276,291,329,351,377,379,396,429,439,612,640,647,655,684,778,815,891,911,933,1054,1093,1114,1117,1118,1121,1140,1147,1148,1163,1171,1390,1472,1481,1540,1675,1814,1915,2645,2687,2774,2775,2777,2778,3263,3915,3916,3917,3918,3919,3920,3921,3922,3923,3924,3925,3926,3927,3928,4605,4606,
595;0;6109;6233;0;10,24,30,34,37,46,54,55,95,100,117,137,139,144,145,148,225,231,268,273,276,291,329,351,377,379,396,429,439,612,640,647,655,684,778,815,891,911,933,1054,1093,1114,1117,1118,1121,1140,1147,1148,1163,1171,1297,1390,1472,1481,1540,1675,1814,1915,2149,2179,2257,2315,2645,2687,2774,2775,2777,2778,3263,3831,3866,3915,3916,3917,3918,3919,4215,4216,4605,4606,
140;0;6233;6306;0;10,24,30,34,37,46,54,55,95,100,117,137,139,144,145,148,225,231,268,273,276,288,291,321,329,351,377,379,396,397,404,429,439,612,640,647,655,684,778,815,891,911,933,949,1054,1093,1114,1117,1118,1121,1140,1147,1148,1163,1171,1236,1297,1390,1417,1472,1474,1478,1481,1521,1540,1675,1814,1915,2149,2179,2257,2645,2687,2774,2775,2777,2778,3263,4605,4606,
140;1;6306;6353;0;10,24,30,34,37,46,54,55,95,100,117,137,139,144,145,148,225,231,268,273,276,288,291,321,329,351,377,379,396,397,404,429,439,612,640,647,655,684,778,815,891,911,933,949,1054,1093,1114,1117,1118,1121,1140,1147,1148,1163,1171,1236,1297,1390,1417,1472,1474,1478,1481,1521,1540,1915,2645,2687,2774,2775,2777,2778,2851,2852,2853,2854,2855,3263,4605,4606,
28;0;6353;6429;0;10,24,30,34,37,46,54,55,95,100,117,137,139,144,145,148,225,231,268,273,276,288,291,321,329,351,377,379,396,397,404,429,439,640,655,911,949,1093,1117,1118,1121,1147,1348,1390,1474,1478,1481,1528,1540,1915,2589,2627,2645,2687,2774,2775,2777,2778,2779,2808,3263,3745,4605,4606,5531,5532,7318,7460,7816,7886,8391,8583,8978,8979,8980,8981,8982,8983,8984,8985,
28;1;6429;6468;0;10,24,26,30,34,37,46,54,55,61,95,100,117,137,139,144,145,148,225,231,268,273,276,288,291,321,329,351,377,379,396,397,404,429,439,528,529,640,655,911,949,1093,1117,1118,1121,1147,1269,1273,1277,1282,1287,1288,1292,1293,1294,1322,1348,1390,1474,1478,1481,1528,1540,1915,2589,2627,2645,2687,2774,2775,2777,2778,2779,2808,3263,3745,4605,4606,6426,8583,
90;0;6468;6552;0;24,34,38,54,60,61,95,97,100,139,144,145,157,249,262,275,277,288,291,292,296,329,377,390,400,404,429,457,640,655,658,662,759,948,1068,1117,1118,1121,1177,1307,1424,1723,1733,1821,1851,1915,2091,2134,2415,2416,2512,2645,2723,2777,2778,2788,3263,3577,4526,4536,4553,4575,4604,4605,4606,4610,4612,4683,4759,4996,5305,5499,5890,6686,6687,7031,7900,7901,7902,9158,
90;1;6552;6579;0;24,34,38,54,60,61,95,97,100,139,144,145,157,249,262,275,277,288,291,292,296,329,377,390,400,404,429,457,640,655,658,662,759,948,1068,1117,1118,1121,1177,1307,1424,1723,1733,1821,1851,1915,2091,2134,2415,2416,2512,2645,2723,2777,2778,2788,3263,3577,4526,4536,4553,4575,4604,4605,4606,4610,4612,4683,4759,4996,5305,5499,5890,6686,6687,7031,7900,7901,7902,9158,
147;0;6579;6595;0;24,34,38,54,60,61,95,97,100,139,144,145,157,249,262,275,277,288,291,292,296,329,377,390,400,404,429,457,640,655,658,662,759,948,1068,1117,1118,1121,1177,1307,1424,1723,1733,1821,1851,1915,2091,2134,2415,2416,2512,2645,2723,2777,2778,2788,3263,3577,4526,4536,4553,4575,4604,4605,4606,4610,4612,4683,4759,4996,5305,5499,5890,6686,6687,7031,7900,7901,7902,9158,
147;1;6595;6682;0;24,34,38,54,60,61,95,97,100,139,144,145,157,249,262,275,277,288,291,292,296,329,377,390,400,404,429,457,640,655,658,662,759,948,1068,1117,1118,1121,1177,1307,1424,1723,1733,1821,1851,1915,2091,2134,2415,2416,2512,2645,2723,2777,2778,2788,3263,3577,4526,4536,4553,4575,4604,4605,4606,4610,4612,4683,4759,4996,5305,5499,5890,6686,6687,7031,7900,7901,7902,9158,
70;0;6682;6692;0;24,34,38,54,60,61,95,97,100,139,144,145,157,249,262,275,277,288,291,292,296,329,377,390,400,404,429,457,640,655,658,662,759,948,1068,1117,1118,1121,1177,1307,1424,1723,1733,1821,1851,1915,2091,2134,2415,2416,2512,2645,2723,2777,2778,2788,3263,3577,4526,4536,4553,4575,4604,4605,4606,4610,4612,4683,4759,4996,5305,5499,5890,6686,6687,7031,7900,7901,7902,9158,
70;1;6692;6782;0;24,34,38,54,60,61,95,97,100,139,144,145,157,249,262,275,277,288,291,292,296,329,377,390,400,404,429,457,640,655,658,662,759,948,1068,1117,1118,1121,1177,1307,1424,1723,1733,1821,1851,1915,2091,2134,2415,2416,2512,2645,2723,2777,2778,2788,3263,3577,4526,4536,4553,4575,4604,4605,4606,4610,4612,4683,4759,4996,5305,5499,5890,6686,6687,7031,7900,7901,7902,9158,
Machine: 3
465;0;0;14;1;54,63,100,136,137,138,159,288,342,390,395,591,640,647,677,766,836,854,855,863,881,927,949,1048,1051,1054,1118,1145,1146,1147,1284,1286,1293,1360,1363,1604,1661,1662,1663,1664,1665,1666,1667,1668,1669,1670,1671,1672,1673,1674,1781,1970,1971,2019,2179,2417,2847,3598,3831,4450,5405,5442,5443,8504,8505,8506,8507,8508,8509,8555,8557,8559,8642,9089,9090,9091,9092,9093,9094,9095,
597;0;14;62;1;54,63,100,136,137,138,159,288,342,390,395,591,640,647,677,766,836,854,855,863,881,927,949,1048,1051,1054,1118,1145,1146,1147,1284,1286,1293,1360,1363,1604,1661,1662,1663,1664,1665,1666,1667,1668,1669,1670,1671,1672,1673,1674,1781,1970,1971,2019,2179,2417,2847,3598,3831,4450,5405,5442,5443,8504,8505,8506,8507,8508,8509,8555,8557,8559,8642,9089,9090,9091,9092,9093,9094,9095,
455;0;62;131;1;54,63,100,136,137,138,159,288,342,390,395,591,640,647,677,766,836,854,855,863,881,927,949,1048,1051,1054,1118,1145,1146,1147,1284,1286,1293,1360,1363,1604,1661,1662,1663,1664,1665,1666,1667,1668,1669,1670,1671,1672,1673,1674,1781,1970,1971,2019,2179,2417,2847,3598,3831,4450,5405,5442,5443,8504,8505,8506,8507,8508,8509,8555,8557,8559,8642,9089,9090,9091,9092,9093,9094,9095,
463;0;131;211;1;54,63,100,136,137,138,159,288,342,390,395,591,640,647,677,766,836,854,855,863,881,927,949,1048,1051,1054,1118,1145,1146,1147,1284,1286,1293,1360,1363,1604,1661,1662,1663,1664,1665,1666,1667,1668,1669,1670,1671,1672,1673,1674,1781,1970,1971,2019,2179,2417,2847,3598,3831,4450,5405,5442,5443,8504,8505,8506,8507,8508,8509,8555,8557,8559,8642,9089,9090,9091,9092,9093,9094,9095,
94;0;211;219;1;54,63,100,136,137,138,159,288,342,390,395,591,640,647,677,766,836,854,855,863,881,927,949,1048,1051,1054,1118,1145,1146,1147,1284,1286,1293,1358,1360,1363,1604,1661,1662,1663,1664,1665,1666,1667,1668,1669,1670,1671,1672,1673,1674,1781,1970,1971,2019,2179,2417,2847,3598,3831,4450,5405,5442,5443,8504,8505,8506,8507,8508,8509,8555,8557,8559,8642,9089,9090,9091,9092,9093,9094,
94;1;219;302;1;54,63,100,136,137,138,159,288,342,390,395,591,640,647,677,698,766,836,854,855,863,881,927,949,1048,1051,1054,1118,1145,1146,1147,1284,1286,1293,1358,1360,1363,1481,1604,1661,1667,1668,1669,1670,1671,1970,1971,2019,2179,2318,2582,2668,2713,2847,3581,4398,4450,4733,4734,5649,5721,6180,7227,7324,7801,7802,7804,7805,7806,7812,7814,7839,7840,7841,7842,7843,7844,8555,8557,8559,
72;0;302;354;1;54,63,100,136,137,138,144,145,159,225,288,329,342,390,395,401,404,429,591,640,647,677,698,766,836,854,855,863,881,927,949,1048,1051,1054,1118,1145,1146,1147,1284,1286,1293,1358,1360,1363,1401,1474,1481,1604,1661,1667,1668,1669,1670,1671,1970,1971,2019,2179,2318,2582,2668,2713,2847,3581,4398,4450,4733,4734,5649,5721,6180,7227,7324,7801,7802,7804,7805,8555,8557,8559,
72;1;354;409;1;54,63,100,136,137,138,144,145,159,225,288,329,342,390,395,401,404,429,591,640,647,677,698,766,836,854,855,863,881,927,949,1048,1051,1054,1118,1145,1146,1147,1284,1286,1293,1358,1474,1481,1604,1661,1667,1668,1669,1670,1671,1970,1971,2019,2179,2318,2847,3469,3470,3471,3472,3473,3474,3475,3476,3477,3478,3479,3480,3481,3482,3581,3657,3658,4450,5649,7227,8555,8557,8559,
549;0;409;530;1;54,63,100,136,137,138,144,145,159,225,288,329,342,390,395,401,404,429,591,640,647,677,698,766,836,854,855,863,881,927,949,1048,1051,1054,1118,1145,1146,1147,1284,1286,1293,1358,1474,1481,1604,1661,1667,1668,1669,1670,1671,1970,1971,2019,2179,2318,2847,3469,3470,3471,3472,3581,4450,5649,6360,7227,7479,8219,8375,8376,8379,8380,8381,8382,8383,8384,8385,8555,8557,8559,
425;0;530;673;1;54,63,100,103,136,137,138,144,145,225,245,264,286,288,329,340,390,395,404,429,591,640,647,677,766,773,835,854,855,949,1048,1051,1054,1118,1145,1146,1147,1286,1293,1358,1428,1447,1474,1481,1604,1661,1668,1669,1670,1970,1971,2019,2179,2318,2372,2628,2689,2899,3263,3581,4450,4794,5649,5795,6023,6225,7188,7227,7575,8021,8098,8555,8557,8559,8841,8844,9265,9266,9267,9268,
34;0;673;741;1;248,249,414,559,583,862,1270,1293,1322,1481,1587,1718,1788,1875,2179,2188,2216,2238,2338,2339,2645,2774,2778,3048,3099,3263,3289,3591,3765,3802,4112,4604,4627,4765,4766,4770,4773,4950,4951,4952,4953,5053,5150,5161,5560,6132,6254,6373,6401,7009,7877,7878,7879,7880,7881,7882,8014,8143,8170,8171,8174,8190,8194,8197,8198,8199,8200,8203,8204,8205,8429,8431,8484,8485,8511,8512,8513,9098,9099,9100,
34;1;741;821;1;248,249,414,559,583,862,1270,1293,1322,1481,1587,1718,1788,1875,2179,2188,2216,2238,2338,2339,2645,2774,2778,3048,3099,3263,3289,3591,3765,3802,4112,4604,4627,4765,4766,4770,4773,4950,4951,4952,4953,5053,5150,5161,5560,6132,6254,6373,6401,7009,7877,7878,7879,7880,7881,7882,8014,8143,8170,8171,8174,8190,8194,8197,8198,8199,8200,8203,8204,8205,8429,8431,8484,8485,8511,8512,8513,9098,9099,9100,
596;0;821;981;1;248,249,414,559,583,862,1270,1293,1322,1481,1587,1718,1788,1875,2179,2188,2216,2238,2338,2339,2645,2774,2778,3048,3099,3263,3289,3591,3765,3802,4112,4604,4627,4765,4766,4770,4773,4950,4951,4952,4953,5053,5150,5161,5560,6132,6254,6373,6401,7009,7877,7878,7879,7880,7881,7882,8014,8143,8170,8171,8174,8190,8194,8197,8198,8199,8200,8203,8204,8205,8429,8431,8484,8485,8511,8512,8513,9098,9099,9100,
102;0;981;1068;1;248,249,414,559,583,862,1270,1293,1322,1481,1587,1718,1788,1875,2179,2188,2216,2238,2338,2339,2645,2774,2778,3048,3099,3263,3289,3591,3765,3802,4112,4604,4627,4765,4766,4770,4773,4950,4951,4952,4953,5053,5150,5161,5560,6132,6254,6373,6401,7009,7877,7878,7879,7880,7881,7882,8014,8143,8170,8171,8174,8190,8194,8197,8198,8199,8200,8203,8204,8205,8429,8431,8484,8485,8511,8512,8513,9098,9099,9100,
102;1;1068;1145;1;248,249,414,559,583,862,1270,1293,1322,1481,1587,1718,1788,1875,2179,2188,2216,2238,2338,2339,2645,2774,2778,3048,3099,3263,3289,3591,3765,3802,4112,4604,4627,4765,4766,4770,4773,4950,4951,4952,4953,5053,5150,5161,5560,6132,6254,6373,6401,7009,7877,7878,7879,7880,7881,7882,8014,8143,8170,8171,8174,8190,8194,8197,8198,8199,8200,8203,8204,8205,8429,8431,8484,8485,8511,8512,8513,9098,9099,9100,
437;0;1145;1241;0;248,249,414,559,583,862,1270,1293,1322,1481,1587,1718,1788,1875,2179,2188,2216,2238,2338,2339,2645,2774,2778,3048,3099,3263,3289,3591,3765,3802,4112,4604,4627,4765,4766,4770,4773,4950,4951,4952,4953,5053,5150,5161,5560,6132,6254,6373,6401,7009,7877,7878,7879,7880,7881,7882,8014,8143,8170,8171,8174,8190,8194,8197,8198,8199,8200,8203,8204,8205,8429,8431,8484,8485,8511,8512,8513,9098,9099,9100,
60;0;1241;1415;0;248,249,414,559,583,862,1270,1293,1322,1481,1587,1718,1788,1875,2179,2188,2216,2238,2338,2339,2645,2774,2778,3048,3099,3263,3289,3591,3765,3802,4112,4604,4627,4765,4766,4770,4773,4950,4951,4952,4953,5053,5150,5161,5560,6132,6254,6373,6401,7009,7877,7878,7879,7880,7881,7882,8014,8143,8170,8171,8174,8190,8194,8197,8198,8199,8200,8203,8204,8205,8429,8431,8484,8485,8511,8512,8513,9098,9099,9100,
60;1;1415;1544;0;248,249,414,559,583,862,1270,1293,1322,1481,1587,1718,1788,1875,2179,2188,2216,2238,2338,2339,2645,2774,2778,3048,3099,3263,3289,3591,3765,3802,4112,4604,4627,4765,4766,4770,4773,4950,4951,4952,4953,5053,5150,5161,5560,6132,6254,6373,6401,7009,7877,7878,7879,7880,7881,7882,8014,8143,8170,8171,8174,8190,8194,8197,8198,8199,8200,8203,8204,8205,8429,8431,8484,8485,8511,8512,8513,9098,9099,9100,
175;0;1544;1693;0;74,248,249,414,512,518,551,559,583,607,612,615,616,617,739,814,862,1270,1293,1322,1346,1390,1481,1530,1558,1559,1587,1718,1788,1849,1875,1940,2094,2179,2188,2216,2238,2338,2339,2645,2774,2778,2941,3014,3048,3099,3263,3289,3591,3765,3802,4112,4465,4514,4604,4627,4765,4766,4770,4773,4950,4951,4952,4953,5053,5150,5161,5560,6132,6254,6373,6401,6786,7009,7877,7878,7879,7880,7881,8199,
175;1;1693;1830;0;74,248,249,414,512,518,551,559,583,607,612,615,616,617,739,814,862,1270,1293,1322,1346,1390,1481,1530,1558,1559,1587,1718,1788,1849,1875,1940,2094,2179,2188,2216,2238,2338,2339,2645,2774,2778,2941,3014,3048,3099,3263,3289,3591,3765,3802,4112,4465,4514,4604,4627,4765,4766,4770,4773,4950,4951,4952,4953,5053,5150,5161,5560,6132,6254,6373,6401,6786,7009,7877,7878,7879,7880,8199,8463,
172;0;1830;1954;0;74,248,249,414,512,518,551,559,583,607,612,615,616,617,715,739,814,862,1270,1293,1322,1346,1390,1481,1530,1558,1559,1587,1718,1788,1849,1875,1940,2094,2179,2188,2216,2238,2338,2339,2645,2774,2778,2941,3014,3048,3099,3263,3289,3591,3765,3802,4112,4465,4514,4604,4627,4765,4766,4770,4773,4950,4951,5053,6225,6401,7213,7296,7301,7316,7868,8199,8364,8581,8798,9125,9126,9127,9128,9129,
172;1;1954;2106;0;74,189,248,249,414,512,518,551,559,583,607,612,615,616,617,715,739,814,862,1270,1282,1291,1293,1322,1346,1390,1481,1530,1558,1559,1587,1718,1788,1849,1875,1940,2094,2179,2188,2216,2238,2240,2306,2338,2339,2407,2645,2774,2778,2794,2941,3014,3048,3099,3263,3289,3591,3606,3703,3721,3765,3802,4112,4450,4465,4514,4604,4627,4765,4766,4770,4773,4950,5053,6092,6225,6385,6401,7316,9221,
97;0;2106;2254;0;24,26,74,86,144,155,189,248,255,276,277,289,294,528,551,607,632,666,715,754,769,944,945,1147,1196,1268,1269,1270,1275,1285,1286,1287,1288,1289,1291,1293,1295,1390,1481,1513,1567,1587,1651,2216,2372,2380,2407,2543,2645,2897,2898,2899,2900,2901,2903,2904,2905,2906,2907,2909,2910,2911,2913,2941,2961,2985,2986,2987,2988,2989,2990,3262,3263,3802,6225,6514,6745,7012,7013,7159,
97;1;2254;2373;0;24,26,74,86,144,155,189,248,255,276,277,289,294,528,551,607,632,666,715,754,769,944,945,1147,1196,1268,1269,1270,1275,1285,1286,1287,1288,1289,1291,1293,1295,1390,1481,1513,1567,1587,1651,2216,2372,2380,2407,2543,2645,2897,2898,2899,2900,2901,2903,2904,2905,2906,2907,2909,2910,2911,2913,2941,2961,2985,2986,2987,2988,2989,2990,3262,3263,3802,6225,6514,6745,7012,7013,7159,
190;0;2373;2544;0;24,26,74,86,144,155,189,248,255,276,277,289,294,528,551,607,632,666,715,754,769,944,945,1147,1196,1268,1269,1270,1275,1285,1286,1287,1288,1289,1291,1293,1295,1390,1481,1513,1567,1587,1651,2216,2372,2380,2407,2543,2645,2897,2898,2899,2900,2901,2903,2904,2905,2906,2907,2909,2910,2911,2913,2941,2961,2985,2986,2987,2988,2989,2990,3262,3263,3802,6225,6514,6745,7012,7013,7159,
190;1;2544;2630;0;24,26,74,86,144,155,189,248,255,276,277,289,294,528,551,607,632,666,715,754,769,944,945,1147,1196,1268,1269,1270,1275,1285,1286,1287,1288,1289,1291,1293,1295,1390,1481,1513,1567,1587,1651,2216,2372,2380,2407,2543,2645,2897,2898,2899,2900,2901,2903,2904,2905,2906,2907,2909,2910,2911,2913,2941,2961,2985,2986,2987,2988,2989,2990,3262,3263,3802,6225,6514,6745,7012,7013,7159,
182;0;2880;2966;0;24,26,74,86,144,155,177,181,189,248,255,276,277,288,289,294,302,305,308,313,314,403,442,528,551,595,607,632,666,715,754,769,944,945,1147,1196,1268,1269,1270,1275,1285,1286,1287,1288,1289,1291,1293,1295,1390,1430,1472,1474,1481,1513,1567,1587,1651,1676,1922,1932,1933,2216,2372,2380,2407,2543,2645,2897,2898,2899,2900,2901,2903,2904,2911,2941,3121,3130,3802,6225,
182;1;2966;3126;0;24,26,74,144,145,147,177,181,182,189,225,226,227,229,231,248,266,267,272,273,274,276,277,286,288,301,302,305,314,429,430,442,528,551,595,607,666,715,769,1058,1092,1094,1137,1196,1269,1291,1293,1295,1390,1430,1447,1473,1474,1481,1567,1587,1676,1819,1825,1832,1922,1932,2128,2216,2247,2248,2382,2407,2645,2904,2911,2941,3802,4018,4031,4423,4472,5136,5736,6225,
177;0;3126;3289;0;24,26,74,144,145,147,177,181,182,189,225,226,227,229,231,248,266,267,272,273,274,276,277,286,288,301,302,305,314,429,430,442,528,551,558,595,607,666,715,769,979,1058,1092,1094,1137,1196,1269,1291,1293,1295,1390,1430,1447,1473,1474,1481,1567,1587,1676,1819,1825,1832,1922,1932,2128,2216,2247,2248,2382,2407,2645,2904,2911,2941,3315,3802,4018,4031,4423,6225,
177;1;3289;3362;0;24,26,74,144,145,147,177,181,182,189,225,226,227,229,231,248,266,267,272,273,274,276,277,286,288,301,302,305,314,429,430,442,528,551,558,595,607,666,715,729,769,979,1058,1092,1094,1137,1196,1269,1291,1293,1295,1390,1430,1447,1473,1474,1481,1567,1587,1676,1819,1825,1922,1932,2128,2216,2217,2218,2219,2220,2221,2247,2382,2407,2645,2904,2911,2941,3802,6225,
179;0;3362;3411;0;24,26,74,144,145,177,181,182,189,225,226,231,248,273,274,276,277,286,288,301,302,305,314,343,352,395,429,442,528,551,595,607,666,715,729,769,772,946,948,951,979,1058,1196,1269,1291,1293,1295,1390,1430,1447,1473,1474,1481,1567,1587,1676,1922,1932,2128,2216,2221,2247,2319,2382,2407,2645,2679,2904,2911,2941,3131,3152,3160,3164,3291,3292,3293,3294,3802,6225,
179;1;3411;3583;0;24,26,74,144,145,177,178,179,180,181,182,183,184,189,225,226,231,248,273,274,276,277,286,288,301,302,305,314,343,352,395,429,442,528,551,595,607,666,715,729,769,772,946,948,951,979,1058,1196,1269,1291,1293,1295,1390,1430,1447,1473,1474,1481,1567,1587,1676,1922,1932,2128,2216,2221,2247,2319,2382,2407,2645,2679,2904,2911,2941,3131,3152,3292,3802,6225,
48;0;3583;3739;0;24,26,74,144,145,156,177,225,226,273,274,276,277,286,288,302,305,314,329,389,429,442,591,595,835,855,937,948,979,1089,1134,1165,1430,1447,1474,1479,1481,1567,1676,1811,1919,1932,2128,2177,2382,2492,2645,2692,2728,2806,2941,3447,3524,3627,3724,3979,3988,4462,4498,4598,4599,5146,5644,5649,5954,5964,5976,5984,6015,6706,7294,7299,7370,7371,7950,8166,8260,8320,8989,9065,
48;1;3739;3790;0;24,26,74,144,145,156,177,225,226,273,274,276,277,286,288,302,305,314,329,389,429,442,591,595,835,855,937,948,979,1089,1134,1165,1430,1447,1474,1479,1481,1567,1676,1811,1919,1932,2128,2177,2382,2492,2645,2692,2728,2806,2941,3447,3524,3627,3724,3979,3988,4462,4498,4598,4599,5146,5644,5649,5954,5964,5976,5984,6015,6706,7294,7299,7370,7371,7950,8166,8260,8320,8989,9065,
183;0;3790;3916;0;24,26,74,144,145,156,177,225,226,273,274,276,277,286,288,302,305,314,329,389,429,442,591,595,835,855,937,948,979,1089,1134,1165,1430,1447,1474,1479,1481,1567,1676,1811,1919,1932,2128,2177,2382,2492,2645,2692,2728,2806,2941,3447,3524,3627,3724,3979,3988,4462,4498,4598,4599,5146,5644,5649,5954,5964,5976,5984,6015,6706,7294,7299,7370,7371,7950,8166,8260,8320,8989,9065,
183;1;3916;3992;0;24,26,74,144,145,156,177,225,226,273,274,276,277,286,288,302,305,314,329,389,429,442,591,595,835,855,937,948,979,1089,1134,1165,1430,1447,1474,1479,1481,1567,1676,1811,1919,1932,2128,2177,2382,2492,2645,2692,2728,2806,2941,3447,3524,3627,3724,3979,3988,4462,4498,4598,4599,5146,5644,5649,5954,5964,5976,5984,6015,6706,7294,7299,7370,7371,7950,8166,8260,8320,8989,9065,
197;0;3992;4012;0;24,26,74,144,145,156,177,225,226,273,274,276,277,286,288,302,305,314,329,389,429,442,591,595,835,855,937,948,979,1089,1134,1165,1430,1447,1474,1479,1481,1567,1676,1811,1919,1932,2128,2177,2382,2492,2645,2692,2728,2806,2941,3447,3524,3627,3724,3979,3988,4462,4498,4598,4599,5146,5644,5649,5954,5964,5976,5984,6015,6706,7294,7299,7370,7371,7950,8166,8260,8320,8989,9065,
197;1;4012;4191;0;24,26,74,144,145,156,177,225,226,273,274,276,277,286,288,302,305,314,329,389,429,442,591,595,835,855,937,948,979,1089,1134,1165,1430,1447,1474,1479,1481,1567,1676,1811,1919,1932,2128,2177,2382,2492,2645,2692,2728,2806,2941,3447,3524,3627,3724,3979,3988,4462,4498,4598,4599,5146,5644,5649,5954,5964,5976,5984,6015,6706,7294,7299,7370,7371,7950,8166,8260,8320,8989,9065,
31;0;4191;4292;0;24,26,74,144,145,156,177,225,226,273,274,276,277,286,288,302,305,314,329,389,429,442,591,595,835,855,937,948,979,1089,1134,1165,1430,1447,1474,1479,1481,1567,1676,1811,1919,1932,2128,2177,2382,2492,2645,2692,2728,2806,2941,3447,3524,3627,3724,3979,3988,4462,4498,4598,4599,5146,5644,5649,5954,5964,5976,5984,6015,6706,7294,7299,7370,7371,7950,8166,8260,8320,8989,9065,
31;1;4320;4409;0;3,136,139,144,225,226,262,269,270,274,276,277,288,305,314,329,398,400,404,429,436,595,640,838,948,1118,1126,1424,1470,1476,1477,1478,1486,1609,1661,1668,1679,1809,1920,2053,2109,2114,2118,2120,2123,2124,2125,2128,2129,2130,2132,2134,2135,2140,2142,2143,2854,2855,2953,4511,4533,4534,4536,4543,4545,4546,4551,4553,4554,4555,4575,4656,4676,4677,4678,4679,4680,4681,4682,4683,
135;0;4409;4443;0;3,136,139,144,225,226,262,269,270,274,276,277,288,305,314,329,398,400,404,429,436,595,640,838,948,1093,1118,1126,1424,1470,1476,1477,1478,1486,1609,1661,1668,1679,1809,1920,2053,2109,2114,2118,2120,2123,2124,2125,2128,2129,2130,2132,2134,2135,2140,2142,2143,2854,2855,2953,4511,4533,4534,4536,4543,4545,4546,4551,4553,4554,4555,4575,4656,4676,4677,4678,4679,4680,4681,4682,
135;1;4443;4593;0;3,136,139,144,225,226,262,269,270,274,276,277,288,305,314,329,398,400,404,429,436,595,640,838,849,948,1093,1118,1126,1374,1424,1470,1476,1477,1478,1486,1609,1661,1668,1679,1759,1809,1920,2053,2109,2114,2118,2120,2123,2124,2125,2128,2129,2130,2132,2134,2135,2140,2142,2143,2638,2854,2855,2953,3527,4511,4533,4534,4536,4543,4545,4546,4553,4802,6022,7463,8449,8582,8583,8584,
473;0;4593;4768;0;3,136,139,144,225,226,262,269,270,274,276,277,285,286,288,305,306,310,312,314,329,380,398,400,404,429,436,595,640,838,849,948,1036,1093,1118,1126,1374,1424,1428,1429,1430,1431,1470,1476,1477,1478,1486,1609,1661,1668,1679,1759,1809,1920,2053,2109,2114,2118,2120,2123,2124,2125,2128,2129,2130,2132,2134,2135,2140,2142,2143,2638,2854,2953,3527,4533,4553,4802,6022,7463,
520;0;4768;4936;0;3,136,139,144,177,225,226,262,269,270,273,274,276,277,285,286,288,302,305,306,310,312,314,317,329,380,398,400,404,429,436,442,595,640,838,849,948,1036,1093,1118,1121,1126,1132,1374,1424,1428,1429,1430,1431,1470,1474,1476,1477,1478,1486,1609,1661,1668,1676,1679,1759,1809,1920,1932,2053,2109,2114,2118,2120,2123,2132,2134,2953,3389,3527,4533,4553,4802,6022,7463,
193;0;4936;5004;0;3,136,139,144,177,225,226,262,269,270,273,274,276,277,285,286,288,302,305,306,310,312,314,317,329,380,398,400,404,429,436,442,595,640,838,849,948,1036,1093,1118,1121,1126,1132,1374,1424,1428,1429,1430,1431,1470,1474,1476,1477,1478,1486,1609,1661,1668,1676,1679,2053,2109,2132,2134,2953,3527,4533,4553,4802,6022,7463,8787,8788,8968,8969,8970,8971,8972,8973,8974,
193;1;5004;5101;0;1,15,24,38,55,60,95,102,136,139,144,148,185,189,210,248,276,277,314,390,395,491,581,722,736,766,803,871,872,873,874,972,979,989,1056,1093,1146,1425,1456,1474,1478,1567,1580,1587,1604,1799,1801,1806,1898,1984,2053,2157,2232,2273,2315,2475,2564,2814,2815,2816,2817,2818,2819,2820,2821,2822,2953,3718,3861,3870,4026,4117,4533,4802,5097,5098,5099,5100,5101,6216,
403;0;5101;5262;0;1,15,24,38,55,60,95,102,136,139,144,148,185,189,210,248,276,277,314,390,395,491,581,722,736,766,803,871,872,873,874,972,979,989,1056,1093,1146,1425,1456,1474,1478,1567,1580,1587,1604,1799,1801,1806,1898,1984,2053,2157,2232,2273,2315,2475,2564,2814,2815,2816,2817,2818,2819,2820,2821,2822,2953,3718,3861,3870,4026,4117,4533,4802,5097,5098,5099,5100,5101,6216,
165;0;5262;5331;0;1,15,24,38,55,60,95,102,136,139,144,148,185,189,210,248,276,277,314,390,395,491,581,722,736,766,803,871,872,873,874,972,979,989,1056,1093,1146,1425,1456,1474,1478,1567,1580,1587,1604,1799,1801,1806,1898,1984,2053,2157,2232,2273,2315,2475,2564,2814,2815,2816,2817,2818,2819,2820,2821,2822,2953,3718,3861,3870,4026,4117,4533,4802,5097,5098,5099,5100,5101,6216,
165;1;5331;5419;0;1,15,24,38,55,60,95,102,136,139,144,148,185,189,210,248,276,277,314,390,395,491,581,722,736,766,803,871,872,873,874,972,979,989,1056,1093,1146,1425,1456,1474,1478,1567,1580,1587,1604,1799,1801,1806,1898,1984,2053,2157,2232,2273,2315,2475,2564,2814,2815,2816,2817,2818,2819,2820,2821,2822,2953,3718,3861,3870,4026,4117,4533,4802,5097,5098,5099,5100,5101,6216,
496;0;5419;5575;0;1,15,24,38,55,60,95,102,136,139,144,148,185,189,210,248,276,277,314,390,395,491,581,722,736,766,803,871,872,873,874,972,979,989,1056,1093,1146,1425,1456,1474,1478,1567,1580,1587,1604,1799,1801,1806,1898,1984,2053,2157,2232,2273,2315,2475,2564,2814,2815,2816,2817,2818,2819,2820,2821,2822,2953,3718,3861,3870,4026,4117,4533,4802,5097,5098,5099,5100,5101,6216,
14;0;5760;5853;0;1,15,24,38,55,60,95,102,136,139,144,148,185,189,210,248,276,277,314,390,395,491,581,677,715,722,736,765,766,803,871,872,873,874,972,979,989,1056,1093,1146,1425,1456,1474,1478,1481,1567,1580,1587,1604,1799,1801,1806,1898,1984,2053,2157,2232,2273,2315,2475,2564,2628,2661,2814,2815,2816,2953,4533,4802,5525,5722,5869,6352,7254,7255,7256,7257,7258,7259,7260,
14;1;5853;5913;0;1,15,24,38,55,60,95,102,136,139,144,148,152,175,185,189,197,210,248,276,277,314,390,395,415,491,551,581,677,715,722,729,736,765,766,803,871,872,873,874,875,972,979,989,1056,1093,1146,1291,1341,1474,1478,1481,1545,1604,1777,2053,2068,2148,2174,2233,2258,2273,2315,2856,2873,2953,3409,3802,3829,4060,4533,4864,4866,4868,4869,4871,5525,5722,5779,5780,
405;0;5913;6063;0;1,15,24,38,55,60,95,102,136,139,144,148,152,175,185,189,197,210,248,276,277,314,390,395,415,491,528,551,581,677,715,722,729,736,765,766,803,871,872,873,874,875,972,979,989,1056,1093,1146,1291,1293,1341,1474,1478,1481,1545,1575,1604,1777,2053,2068,2148,2174,2221,2233,2258,2273,2309,2315,2856,2873,2953,3832,3833,3834,3835,4060,4533,5525,5722,5779,
63;0;6063;6162;0;1,15,24,27,38,55,60,95,102,136,139,144,148,152,157,175,185,189,197,210,248,276,277,314,390,395,412,415,491,528,540,551,581,677,715,722,729,736,765,766,803,871,872,873,874,875,972,979,989,1056,1093,1146,1291,1293,1341,1474,1478,1481,1545,1575,1604,1777,2053,2068,2148,2174,2273,2309,2315,2941,2953,3334,3449,3835,4060,4181,4533,5525,5722,5779,
63;1;6162;6201;0;1,15,24,27,38,55,60,95,102,136,138,139,144,148,152,157,175,185,189,197,210,248,276,277,314,321,390,395,397,412,415,491,528,540,551,581,645,677,715,722,729,736,765,766,803,871,872,873,874,875,972,979,989,1056,1093,1146,1291,1293,1341,1474,1478,1481,1545,1575,1604,1814,2053,2222,2223,2273,2309,2315,2941,2953,3835,4060,4533,5525,5722,5779,
486;0;6201;6335;0;1,15,24,27,38,55,60,93,95,102,136,138,139,144,148,152,157,175,185,276,277,314,321,343,390,395,551,581,677,691,715,722,765,766,769,843,858,871,872,875,972,979,1093,1293,1478,1481,1604,1814,2053,2223,2273,2309,2315,2594,2637,2692,2941,2953,3152,3618,3835,4060,4408,4533,5525,5722,5779,7222,7223,7224,7225,7226,7227,7228,7229,7230,7231,7232,7233,7234,
545;0;6335;6467;0;1,15,24,27,38,55,60,93,95,102,136,138,139,144,148,152,157,175,185,276,277,314,321,343,390,395,551,581,677,691,715,722,765,766,769,843,858,871,872,875,972,979,1093,1293,1478,1481,1604,1814,2053,2223,2273,2309,2315,2594,2637,2692,2941,2953,3152,3618,3835,4060,4408,4533,5525,5722,5779,7222,7223,7224,7225,7226,7227,7228,7229,7230,7231,7232,7233,7431,
529;0;6467;6597;0;15,19,26,34,38,40,41,46,136,139,144,183,231,251,277,364,476,546,580,598,722,778,871,872,948,972,1093,1142,1390,1457,1464,1465,1478,1560,1669,1807,1858,1922,2053,2091,2197,2407,2953,3049,3278,3413,3766,3835,4033,4427,4533,4535,4553,4645,4902,4956,4959,4960,5274,5432,5825,6033,6244,6644,6645,6967,6968,6969,6970,6971,6972,6973,6974,6975,6976,7363,7658,8077,8576,8577,
567;0;6597;6721;0;15,19,26,34,38,40,41,46,136,139,144,183,231,251,277,364,476,546,580,598,722,778,871,872,948,972,1093,1142,1390,1457,1464,1465,1478,1560,1669,1807,1858,1922,2053,2091,2197,2407,2953,3049,3278,3413,3766,3835,4033,4427,4533,4535,4553,4645,4902,4956,4959,4960,5274,5432,5825,6033,6244,6644,6645,6967,6968,6969,6970,6971,6972,6973,6974,6975,6976,7363,7658,8077,8576,8577,
152;0;6721;6746;0;15,19,26,34,38,40,41,46,136,139,144,183,231,251,277,364,476,546,580,598,722,778,871,872,948,972,1093,1142,1390,1457,1464,1465,1478,1560,1669,1807,1858,1922,2053,2091,2197,2407,2953,3049,3278,3413,3766,3835,4033,4427,4533,4535,4553,4645,4902,4956,4959,4960,5274,5432,5825,6033,6244,6644,6645,6967,6968,6969,6970,6971,6972,6973,6974,6975,6976,7363,7658,8077,8576,8577,
152;1;6746;6836;0;15,19,26,34,38,40,41,46,136,139,144,183,231,251,277,364,476,546,580,598,722,778,871,872,948,972,1093,1142,1390,1457,1464,1465,1478,1560,1669,1807,1858,1922,2053,2091,2197,2407,2953,3049,3278,3413,3766,3835,4033,4427,4533,4535,4553,4645,4902,4956,4959,4960,5274,5432,5825,6033,6244,6644,6645,6967,6968,6969,6970,6971,6972,6973,6974,6975,6976,7363,7658,8077,8576,8577,
Machine: 4
513;0;0;52;1;19,20,24,30,34,35,43,50,68,74,100,139,144,149,150,196,225,231,262,277,290,329,374,377,379,382,395,404,429,569,640,644,647,838,855,995,1023,1024,1054,1117,1118,1171,1447,1474,1476,1478,1513,1667,1693,1736,1853,1973,1984,1989,2168,2197,2216,2254,2255,2256,2391,2394,2518,2519,2520,2521,2522,2523,2524,2525,2526,2527,2528,2636,3126,3979,5516,5596,7950,8412,
552;0;52;112;1;19,20,24,30,34,35,43,50,68,74,100,139,144,149,150,196,225,231,262,277,290,329,374,377,379,382,395,404,429,569,640,644,647,838,855,995,1023,1024,1054,1117,1118,1171,1447,1474,1476,1478,1513,1667,1693,1736,1853,1973,1984,1989,2168,2197,2216,2254,2255,2256,2391,2394,2518,2519,2520,2521,2522,2523,2524,2525,2526,2527,2528,2636,3126,3979,5516,5596,7950,8412,
0;0;112;169;1;19,20,24,30,34,35,43,50,68,74,100,139,144,149,150,196,225,231,262,277,290,329,374,377,379,382,395,404,429,569,640,644,647,838,855,995,1023,1024,1054,1117,1118,1171,1447,1474,1476,1478,1513,1667,1693,1736,1853,1973,1984,1989,2168,2197,2216,2254,2255,2256,2391,2394,2518,2519,2520,2521,2522,2523,2524,2525,2526,2527,2528,2636,3126,3979,5516,5596,7950,8412,
0;1;169;183;1;19,20,24,30,34,35,43,50,68,74,100,139,144,149,150,196,225,231,262,277,290,329,374,377,379,382,395,404,429,569,640,644,647,838,855,995,1023,1024,1054,1117,1118,1171,1447,1474,1476,1478,1513,1667,1693,1736,1853,1973,1984,1989,2168,2197,2216,2254,2255,2256,2391,2394,2518,2519,2520,2521,2522,2523,2524,2525,2526,2527,2528,2636,3126,3979,5516,5596,7950,8412,
516;0;183;264;1;19,20,24,30,34,35,43,50,68,74,100,139,144,149,150,196,225,231,262,277,290,329,374,377,379,382,395,404,429,569,640,644,647,838,855,995,1023,1024,1054,1117,1118,1171,1447,1474,1476,1478,1513,1667,1693,1736,1853,1973,1984,1989,2168,2197,2216,2254,2255,2256,2391,2394,2518,2519,2520,2521,2522,2523,2524,2525,2526,2527,2528,2636,3126,3979,5516,5596,7950,8412,
543;0;264;356;1;19,20,24,30,34,35,43,50,68,74,100,139,144,149,150,196,225,231,262,277,290,329,374,377,379,382,395,404,429,569,640,644,647,838,855,995,1023,1024,1054,1117,1118,1171,1447,1474,1476,1478,1513,1667,1693,1736,1853,1973,1984,1989,2168,2197,2216,2254,2255,2256,2391,2394,2518,2519,2520,2521,2522,2523,2524,2525,2526,2527,2528,2636,3126,3979,5516,5596,7950,8412,
98;0;356;513;0;19,20,24,30,34,35,43,50,68,74,100,139,144,149,150,196,225,226,231,262,277,290,329,374,377,379,382,395,404,429,569,640,644,647,838,855,948,995,1023,1024,1054,1117,1118,1171,1424,1447,1474,1476,1478,1513,1667,1693,1736,1853,1973,1984,1989,2168,2197,2216,2254,2255,2256,2391,2394,2518,2519,2520,2521,2522,2523,2524,2525,2527,3126,4536,4545,4575,4683,4793,
98;1;513;644;0;19,20,24,30,34,35,43,50,55,68,74,100,139,144,149,150,196,225,226,231,262,277,290,329,374,377,379,382,395,404,429,565,569,640,644,647,838,855,948,995,1023,1024,1054,1117,1118,1171,1424,1447,1474,1476,1478,1513,1667,1693,1736,1853,1973,1984,1989,2168,2197,2216,2231,2254,2255,2256,2391,2394,2518,2519,2520,2521,2522,2523,2527,3126,3870,4327,4575,7026,
173;0;644;801;0;24,26,38,54,95,145,225,290,291,366,395,408,415,528,532,544,569,659,677,949,1073,1270,1271,1278,1279,1287,1293,1295,1322,1451,1723,1915,2091,2220,2253,2417,2573,2627,2677,2679,2691,2774,2775,2806,2893,2903,3126,3263,3345,3413,3876,3908,4108,4313,4317,4361,4365,4450,4567,4600,4635,5329,6475,6803,7074,7423,7663,7943,8099,8129,8187,8686,8687,8691,8696,8697,8698,8699,8700,8701,
173;1;801;921;0;24,26,38,54,95,145,225,290,291,366,395,408,415,528,532,544,569,659,677,949,1073,1270,1271,1278,1279,1287,1293,1295,1322,1451,1723,1915,2091,2220,2253,2417,2573,2627,2677,2679,2691,2774,2775,2806,2893,2903,3126,3263,3345,3413,3876,3908,4108,4313,4317,4361,4365,4450,4567,4600,4635,5329,6475,6803,7074,7423,7663,7943,8099,8129,8187,8686,8687,8691,8696,8697,8698,8699,8700,8701,
35;0;921;1065;0;24,26,38,54,95,145,225,290,291,366,395,408,415,528,532,544,569,659,677,949,1073,1270,1271,1278,1279,1287,1293,1295,1322,1451,1723,1915,2091,2220,2253,2417,2573,2627,2677,2679,2691,2774,2775,2806,2893,2903,3126,3263,3345,3413,3876,3908,4108,4313,4317,4361,4365,4450,4567,4600,4635,5329,6475,6803,7074,7423,7663,7943,8099,8129,8187,8686,8687,8691,8696,8697,8698,8699,8700,8701,
35;1;1065;1190;0;24,26,38,54,95,145,225,290,291,366,395,408,415,528,532,544,569,659,677,949,1073,1270,1271,1278,1279,1287,1293,1295,1322,1451,1723,1915,2091,2220,2253,2417,2573,2627,2677,2679,2691,2774,2775,2806,2893,2903,3126,3263,3345,3413,3876,3908,4108,4313,4317,4361,4365,4450,4567,4600,4635,5329,6475,6803,7074,7423,7663,7943,8099,8129,8187,8686,8687,8691,8696,8697,8698,8699,8700,8701,
37;0;1190;1301;0;24,26,38,54,95,145,225,290,291,366,395,408,415,528,532,544,569,659,677,949,1073,1270,1271,1278,1279,1287,1293,1295,1322,1451,1723,1915,2091,2220,2253,2417,2573,2627,2677,2679,2691,2774,2775,2806,2893,2903,3126,3263,3345,3413,3876,3908,4108,4313,4317,4361,4365,4450,4567,4600,4635,5329,6475,6803,7074,7423,7663,7943,8099,8129,8187,8686,8687,8691,8696,8697,8698,8699,8700,8701,
37;1;1440;1588;0;24,26,38,54,95,145,225,290,291,366,395,408,415,528,532,544,569,659,677,949,1073,1262,1270,1271,1278,1279,1287,1293,1295,1322,1451,1723,1915,2091,2220,2253,2417,2573,2627,2677,2679,2691,2774,2775,2806,2829,2893,2903,3126,3263,3345,3413,3876,3908,4108,4313,4317,4361,4365,4450,4489,4567,4600,4635,5262,5329,6475,6803,7074,7423,7663,7943,8099,8129,8187,8686,8687,8691,8696,8697,
65;0;1588;1706;0;24,26,38,54,95,100,144,145,225,289,290,291,366,395,408,415,528,532,544,569,659,677,715,765,949,1073,1262,1270,1271,1278,1279,1287,1293,1295,1322,1451,1481,1723,1915,2091,2220,2253,2417,2461,2475,2573,2626,2627,2628,2677,2679,2691,2774,2775,2806,2829,2893,2903,3126,3263,3345,3413,3876,3908,4108,4313,4317,4361,4450,4567,5329,5525,5691,5722,5723,5795,6114,6115,6116,6117,
65;1;1706;1835;0;24,26,38,54,95,100,144,145,225,289,290,291,366,395,408,415,528,532,544,569,659,677,715,765,949,1073,1262,1270,1271,1278,1279,1287,1293,1295,1322,1451,1481,1723,1915,2091,2220,2253,2417,2461,2475,2573,2626,2627,2628,2677,2679,2691,2774,2775,2806,2829,2893,2903,3126,3263,3345,3413,3876,3908,4108,4313,4317,4361,4450,4567,5329,5525,5691,5722,5723,5795,6114,6115,6145,8290,
15;0;1835;1939;0;24,26,38,54,95,100,144,145,146,149,225,262,289,290,291,304,366,377,379,395,397,408,415,429,528,532,544,569,644,659,677,715,765,949,1057,1073,1117,1262,1270,1271,1278,1279,1287,1293,1295,1322,1451,1481,1723,1812,1915,1920,2091,2220,2253,2417,2461,2536,2573,2626,2627,2628,2691,2774,2775,2806,2829,2903,3126,3263,3293,3345,4450,4567,5329,5457,5525,5691,5722,6114,
15;1;1939;2076;0;24,26,38,54,95,100,144,145,146,149,225,262,289,290,291,304,366,377,379,395,397,408,415,429,528,532,544,569,644,659,677,694,715,765,949,1057,1073,1117,1262,1270,1271,1278,1279,1293,1445,1481,1915,1920,2091,2253,2536,2573,2625,2626,2627,2628,2635,2653,2691,2774,2775,2806,2829,2903,3126,3263,3345,4376,4450,4567,5329,5525,5691,5722,6025,6114,6225,6449,6512,6513,
111;0;2076;2144;0;24,26,38,54,55,95,100,144,145,146,149,225,251,262,289,290,291,304,366,377,379,395,397,408,415,429,528,532,544,569,644,659,677,694,715,765,949,1057,1073,1117,1262,1270,1271,1278,1279,1293,1304,1445,1463,1481,1915,1920,2091,2253,2305,2536,2573,2625,2626,2627,2628,2635,2653,2691,2774,2775,2806,2829,2903,3126,3263,3345,4334,4376,4450,4567,5329,5525,5691,5722,
111;1;2144;2312;0;3,24,55,61,100,144,145,188,225,251,262,288,289,304,329,395,404,429,432,443,720,1093,1288,1399,1470,1472,1474,1476,1478,1679,1712,1809,1868,1936,1944,2305,2306,2359,2407,2434,2536,2627,2628,2721,2774,2775,2806,3126,3255,3263,3435,3470,3473,3474,3692,3693,3694,3695,3696,3697,4010,4217,4567,4903,6181,6186,6565,8265,8340,8484,8498,8499,8500,8501,8764,8765,8770,9014,9015,9016,
176;0;2312;2367;0;3,24,55,61,100,144,145,188,225,251,262,288,289,304,329,395,404,429,432,443,720,1093,1288,1399,1470,1472,1474,1476,1478,1679,1712,1809,1868,1936,1944,2305,2306,2359,2407,2434,2536,2627,2628,2721,2774,2775,2806,3126,3255,3263,3435,3470,3473,3474,3692,3693,3694,3695,3696,3697,4010,4217,4567,4903,6181,6186,6565,8265,8340,8484,8498,8499,8500,8501,8764,8765,8770,9014,9015,9016,
176;1;2367;2541;0;3,24,55,61,100,144,145,188,225,251,262,288,289,304,329,395,404,429,432,443,720,1093,1288,1399,1470,1472,1474,1476,1478,1679,1712,1809,1868,1936,1944,2305,2306,2359,2407,2434,2536,2627,2628,2721,2774,2775,2806,3126,3255,3263,3435,3470,3473,3474,3692,3693,3694,3695,3696,3697,4010,4217,4567,4903,6181,6186,6565,8265,8340,8484,8498,8499,8500,8501,8764,8765,8770,9014,9015,9016,
187;0;2541;2608;0;3,24,55,61,100,144,145,188,225,251,262,288,289,304,329,395,404,429,432,443,720,1093,1288,1399,1470,1472,1474,1476,1478,1679,1712,1809,1868,1936,1944,2305,2306,2359,2407,2434,2536,2627,2628,2721,2774,2775,2806,3126,3255,3263,3435,3470,3473,3474,3692,3693,3694,3695,3696,3697,4010,4217,4567,4903,6181,6186,6565,8265,8340,8484,8498,8499,8500,8501,8764,8765,8770,9014,9015,9016,
187;1;2608;2764;0;3,24,55,61,100,144,145,188,225,251,262,288,289,304,329,395,404,429,432,443,720,1093,1288,1399,1470,1472,1474,1476,1478,1679,1712,1809,1868,1936,1944,2305,2306,2359,2407,2434,2536,2627,2628,2721,2774,2775,2806,3126,3255,3263,3435,3470,3473,3474,3692,3693,3694,3695,3696,3697,4010,4217,4567,4903,6181,6186,6565,8265,8340,8484,8498,8499,8500,8501,8764,8765,8770,9014,9015,9016,
196;0;2764;2926;0;3,24,55,61,100,144,145,188,225,251,262,288,289,304,329,395,404,429,432,443,720,1093,1288,1399,1470,1472,1474,1476,1478,1679,1712,1809,1868,1936,1944,2305,2306,2359,2407,2434,2536,2627,2628,2721,2774,2775,2806,3126,3255,3263,3435,3470,3473,3474,3692,3693,3694,3695,3696,3697,4010,4217,4567,4903,6181,6186,6565,8265,8340,8484,8498,8499,8500,8501,8764,8765,8770,9014,9015,9016,
196;1;2926;2981;0;3,24,55,61,100,144,145,188,225,251,262,288,289,304,329,395,404,429,432,443,720,1093,1288,1399,1470,1472,1474,1476,1478,1679,1712,1809,1868,1936,1944,2305,2306,2359,2407,2434,2536,2627,2628,2721,2774,2775,2802,2803,2804,2805,2806,2807,2808,2809,2810,2811,2812,2813,3126,3255,3263,3435,3470,3473,3474,3692,3693,3694,3695,3696,3697,4010,4217,4567,4903,6181,6186,6565,8265,8340,
77;0;2981;3107;0;3,24,55,61,100,144,145,188,206,208,225,251,262,288,289,304,329,395,404,429,432,443,490,491,516,547,720,736,796,965,1093,1283,1288,1399,1470,1472,1474,1476,1478,1558,1679,1712,1809,1868,1936,1944,2305,2306,2359,2407,2434,2536,2627,2628,2721,2774,2775,2802,2803,2804,2805,2806,2807,2808,2809,2810,2811,2812,2813,3126,3255,3263,3435,3470,3473,3474,3993,4567,5857,8340,
77;1;3107;3190;0;3,24,55,61,100,144,145,156,188,206,208,225,251,262,288,289,304,329,395,404,429,432,443,490,491,505,516,547,720,729,736,796,965,1093,1283,1288,1399,1435,1470,1472,1474,1476,1478,1558,1679,1712,1809,1868,1936,1944,2080,2179,2305,2306,2330,2359,2407,2434,2536,2627,2628,2721,2774,2775,2802,2803,2806,2849,2957,3126,3263,3470,3774,3847,4064,4285,4567,6015,6686,8340,
92;0;3190;3286;0;3,24,55,61,100,144,145,156,188,206,208,225,251,262,288,289,297,304,329,395,404,429,432,443,490,491,505,516,547,720,729,736,796,965,1093,1198,1283,1288,1399,1435,1470,1472,1474,1476,1478,1558,1679,1809,1936,2179,2318,2359,2407,2536,2600,2627,2628,2645,2770,2774,2775,2778,2806,3174,3263,3470,4567,4739,4740,4802,4946,5230,5633,7425,7426,7427,7428,7429,7430,8340,
92;1;3286;3392;0;3,24,55,61,100,144,145,156,188,206,208,225,226,229,230,232,240,241,242,243,251,262,274,288,289,297,304,395,404,429,430,491,818,819,821,822,827,1092,1093,1099,1398,1407,1473,1474,1476,1478,1558,1681,1809,1843,1936,2179,2246,2248,2292,2293,2294,2295,2296,2297,2298,2299,2300,2301,2302,2303,2359,2407,2536,2627,2628,2645,2774,2775,2778,2806,3263,3470,4567,8340,
163;0;3392;3558;0;2,3,24,55,61,100,139,144,145,156,188,206,208,225,226,229,230,232,240,241,242,243,251,262,274,277,288,289,297,304,314,321,395,398,400,404,429,430,491,640,818,819,821,822,827,933,948,1092,1093,1099,1398,1407,1473,1474,1476,1478,1479,1558,1809,1843,1936,1973,2179,2359,2407,2425,2536,2627,2628,2645,2774,2775,2778,2806,3263,3470,4567,5181,5182,8340,
163;1;3558;3580;0;2,3,24,55,61,89,100,139,144,145,156,188,206,208,225,241,243,262,274,277,288,289,297,304,321,395,400,404,429,430,491,640,666,827,933,945,948,1093,1147,1398,1407,1444,1473,1474,1476,1478,1558,1809,1843,1936,1973,2179,2359,2407,2509,2534,2627,2628,2645,2774,2775,2778,2806,2816,2951,2985,2987,2988,2990,2991,2992,2993,2994,2995,2996,2997,3263,3470,4567,8340,
1;0;3580;3586;0;2,3,24,55,61,89,100,139,144,145,156,188,206,208,225,241,243,262,274,276,277,288,289,297,304,321,395,400,404,429,430,491,640,666,827,854,855,933,945,948,1093,1118,1147,1398,1407,1444,1473,1474,1476,1478,1558,1809,1843,1936,1973,2179,2359,2391,2407,2509,2534,2627,2628,2645,2774,2775,2778,2806,2816,2951,2985,2987,2988,3263,3470,4424,4553,4567,5685,8340,
1;1;3586;3766;0;17,20,24,25,38,40,46,52,76,139,144,145,208,225,241,262,274,276,277,288,289,295,395,400,404,429,480,640,875,933,948,1093,1118,1273,1277,1294,1398,1473,1478,1707,1809,1973,2074,2359,2391,2627,2645,2774,2775,2778,2806,2816,2965,2966,2967,2968,2969,3205,3207,3210,3218,3263,3470,3492,3501,4553,4567,4816,5539,6720,8339,8340,8341,8551,8552,8644,8797,9030,9032,9097,
142;0;3766;3895;0;17,20,24,25,38,40,46,52,76,139,144,145,208,225,241,262,274,276,277,288,289,295,395,400,404,429,480,640,875,933,948,1093,1118,1273,1277,1294,1398,1473,1478,1707,1809,1973,2074,2359,2391,2627,2645,2774,2775,2778,2806,2816,2965,2966,2967,2968,2969,3205,3207,3210,3218,3263,3470,3492,3501,4553,4567,4816,5539,6720,8339,8340,8341,8551,8552,8644,8797,9030,9032,9097,
142;1;3895;3947;0;17,20,24,25,38,40,46,52,76,139,144,145,208,225,241,262,274,276,277,288,289,295,395,400,404,429,480,640,875,933,948,1093,1118,1273,1277,1294,1398,1473,1478,1707,1809,1973,2074,2359,2391,2627,2645,2774,2775,2778,2806,2816,2965,2966,2967,2968,2969,3205,3207,3210,3218,3263,3470,3492,3501,4553,4567,4816,5539,6720,8339,8340,8341,8551,8552,8644,8797,9030,9032,9097,
109;0;3947;3953;0;17,20,24,25,38,40,46,52,76,139,144,145,208,225,241,262,274,276,277,288,289,295,395,400,404,429,480,640,875,933,948,1093,1118,1273,1277,1294,1398,1473,1478,1707,1809,1973,2074,2359,2391,2627,2645,2774,2775,2778,2806,2816,2965,2966,2967,2968,2969,3205,3207,3210,3218,3263,3470,3492,3501,4553,4567,4816,5539,6720,8339,8340,8341,8551,8552,8644,8797,9030,9032,9097,
109;1;3953;4122;0;17,20,24,25,38,40,46,52,76,139,144,145,208,225,241,262,274,276,277,288,289,295,395,400,404,429,480,640,875,933,948,1093,1118,1273,1277,1294,1398,1473,1478,1707,1809,1973,2074,2359,2391,2627,2645,2774,2775,2778,2806,2816,2965,2966,2967,2968,2969,3205,3207,3210,3218,3263,3470,3492,3501,4553,4567,4816,5539,6720,8339,8340,8341,8551,8552,8644,8797,9030,9032,9097,
572;0;4122;4292;0;17,20,24,25,38,40,46,52,76,139,144,145,208,225,241,262,274,276,277,288,289,295,395,400,404,429,480,640,875,933,948,1093,1118,1273,1277,1294,1398,1473,1478,1707,1809,1973,2074,2359,2391,2627,2645,2774,2775,2778,2806,2816,2965,2966,2967,2968,2969,3205,3207,3210,3218,3263,3470,3492,3501,4553,4567,4816,5539,6720,8339,8340,8341,8551,8552,8644,8797,9030,9032,9097,
120;0;4292;4361;0;17,20,24,25,38,40,46,52,76,139,144,145,208,225,241,262,274,276,277,288,289,295,395,400,404,429,480,640,875,933,948,1093,1118,1273,1277,1294,1398,1473,1478,1707,1809,1973,2074,2359,2391,2627,2645,2774,2775,2778,2806,2816,2965,2966,2967,2968,2969,3205,3207,3210,3218,3263,3470,3492,3501,4553,4567,4816,5539,6720,8339,8340,8341,8551,8552,8644,8797,9030,9032,9097,
120;1;4361;4458;0;17,20,24,25,38,40,46,52,76,97,139,144,145,208,225,238,241,262,274,276,277,288,289,295,302,382,395,400,404,429,480,640,875,933,948,1093,1118,1234,1273,1277,1294,1398,1430,1473,1478,1707,1800,1809,1973,2109,2359,2391,2627,2645,2774,2775,2778,2806,2816,2818,2821,2824,3132,3263,4553,4567,4889,4890,4891,4892,4893,4894,4895,4896,4897,4898,4899,8551,8644,9032,
555;0;4458;4620;0;17,20,24,25,38,40,46,52,76,97,139,144,145,208,225,238,241,262,274,276,277,288,289,295,296,302,382,395,400,404,429,480,640,875,933,948,1093,1118,1234,1273,1277,1294,1398,1430,1473,1478,1707,1800,1809,1973,2109,2359,2391,2627,2645,2774,2775,2778,2806,2816,2818,2821,2824,3132,3263,3711,4553,4567,4889,4890,4891,4892,4893,4894,4895,4896,4897,8551,8644,9032,
22;0;4620;4769;0;17,20,24,25,38,40,46,52,76,95,97,139,144,145,208,225,238,241,262,274,276,277,288,289,295,296,302,337,382,395,400,404,429,480,640,680,681,765,844,849,875,933,948,1093,1118,1234,1273,1277,1398,1473,1478,1529,1809,2359,2391,2627,2645,2774,2775,2778,2806,2816,3263,3529,3532,3745,4404,4405,4406,4407,4408,4409,4410,4411,4412,4553,4567,8551,8644,9032,
22;1;4769;4780;0;17,20,24,25,38,40,46,52,76,95,97,139,144,145,208,225,231,238,241,245,262,267,274,276,277,288,289,295,296,302,337,382,395,400,404,429,480,640,680,681,765,844,849,875,933,948,1093,1118,1146,1234,1273,1277,1398,1473,1478,1529,1809,2359,2391,2627,2645,2774,2775,2778,2806,2816,3263,3529,3532,3745,4404,4405,4406,4412,4553,4567,6106,8551,8644,9032,
490;0;4780;4936;0;144,177,262,267,272,273,276,287,288,289,290,291,295,303,305,306,308,313,395,434,442,595,890,891,892,893,894,895,896,897,898,899,900,901,902,903,904,905,906,907,908,909,910,911,912,913,915,916,917,918,919,920,921,922,923,924,925,926,927,928,929,930,931,932,933,934,935,936,937,938,939,940,941,942,943,3616,3617,3618,3619,3620,
36;0;4936;5075;0;95,144,145,149,276,289,290,400,429,644,647,677,768,823,824,843,931,1117,1118,1201,2091,2106,2391,2399,2400,2401,2405,2499,2546,2573,2627,2631,2645,2651,2653,2695,2696,2774,2775,2777,2778,2816,3019,3152,3263,4567,4604,4605,4606,4611,4771,4855,5299,5329,5523,5537,5690,5691,5692,6486,7055,7804,8134,8137,8143,8175,8190,8208,8231,8271,8272,8285,8291,8425,8569,9121,9123,9124,9144,9145,
36;1;5075;5089;0;95,144,145,149,276,289,290,400,429,644,647,677,768,823,824,843,931,1117,1118,1201,2091,2106,2391,2399,2400,2401,2405,2499,2546,2573,2627,2631,2645,2651,2653,2695,2696,2774,2775,2777,2778,2816,3019,3152,3263,4567,4604,4605,4606,4611,4771,4855,5299,5329,5523,5537,5690,5691,5692,6486,7055,7804,8134,8137,8143,8175,8190,8208,8231,8271,8272,8285,8291,8425,8569,9121,9123,9124,9144,9145,
38;0;5089;5194;0;95,144,145,149,276,289,290,400,429,644,647,677,768,823,824,843,931,1117,1118,1201,2091,2106,2391,2399,2400,2401,2405,2499,2546,2573,2627,2631,2645,2651,2653,2695,2696,2774,2775,2777,2778,2816,3019,3152,3263,4567,4604,4605,4606,4611,4771,4855,5299,5329,5523,5537,5690,5691,5692,6486,7055,7804,8134,8137,8143,8175,8190,8208,8231,8271,8272,8285,8291,8425,8569,9121,9123,9124,9144,9145,
38;1;5194;5239;0;95,144,145,149,276,289,290,400,429,644,647,677,768,823,824,843,931,1117,1118,1201,2091,2106,2391,2399,2400,2401,2405,2499,2546,2573,2627,2631,2645,2651,2653,2695,2696,2774,2775,2777,2778,2816,3019,3152,3263,4567,4604,4605,4606,4611,4771,4855,5299,5329,5523,5537,5690,5691,5692,6486,7055,7804,8134,8137,8143,8175,8190,8208,8231,8271,8272,8285,8291,8425,8569,9121,9123,9124,9144,9145,
421;0;5239;5383;0;95,144,145,149,276,289,290,400,429,644,647,677,768,823,824,843,931,1117,1118,1201,2091,2106,2391,2399,2400,2401,2405,2499,2546,2573,2627,2631,2645,2651,2653,2695,2696,2774,2775,2777,2778,2816,3019,3152,3263,4567,4604,4605,4606,4611,4771,4855,5299,5329,5523,5537,5690,5691,5692,6486,7055,7804,8134,8137,8143,8175,8190,8208,8231,8271,8272,8285,8291,8425,8569,9121,9123,9124,9144,9145,
582;0;5760;5899;0;95,144,145,149,276,289,290,400,429,644,647,677,768,823,824,843,931,1117,1118,1201,2091,2106,2391,2399,2400,2401,2405,2499,2546,2573,2627,2631,2645,2651,2653,2695,2696,2774,2775,2777,2778,2806,2816,3019,3152,3263,4165,4567,4604,4605,4606,4611,4643,4771,4855,5299,5329,5523,5537,5690,5691,5692,6486,8134,8137,8190,8551,8644,9032,9090,9121,9123,9124,9130,9131,9132,9133,9134,9135,9136,
428;0;5899;6035;0;26,95,144,145,149,276,289,290,400,429,644,647,677,768,823,824,843,931,1117,1118,1201,2091,2106,2391,2399,2400,2401,2405,2499,2546,2573,2627,2631,2645,2651,2653,2695,2696,2774,2775,2777,2778,2806,2816,3019,3152,3263,4165,4567,4604,4605,4606,4611,4643,4771,4855,5299,5329,5523,5537,5690,5691,5692,6486,7367,8134,8137,8190,8551,8644,9032,9090,9121,9123,9124,9130,9131,9132,9133,9134,
414;0;6035;6160;0;26,27,95,144,145,149,276,289,290,400,429,458,644,647,677,768,823,824,843,931,1117,1118,1201,1577,1781,1782,2091,2106,2268,2391,2399,2400,2401,2405,2499,2546,2573,2627,2631,2645,2651,2653,2695,2696,2774,2775,2777,2778,2806,2816,2836,3019,3056,3057,3058,3059,3060,3061,3062,3063,3064,3065,3066,3067,3068,3152,3263,4165,4567,4604,4605,4606,4771,4855,8134,8137,8190,9121,9123,9124,
80;0;6160;6277;0;26,27,95,139,144,145,149,225,276,289,290,332,400,404,429,458,644,647,677,768,823,824,843,931,948,1117,1118,1201,1398,1424,1473,1478,1577,1781,1782,1809,2091,2106,2268,2359,2391,2399,2400,2401,2405,2499,2546,2573,2627,2631,2645,2651,2653,2695,2696,2774,2775,2777,2778,2806,2816,2836,3019,3056,3057,3263,4604,4605,4606,4771,4855,4979,4980,4981,8134,8137,8190,9121,9123,9124,
80;1;6277;6281;0;26,27,95,139,144,145,149,225,276,289,290,332,400,404,429,458,644,647,677,768,823,824,843,931,948,1117,1118,1201,1398,1424,1473,1478,1577,1781,1782,1809,2091,2106,2268,2359,2391,2399,2400,2401,2405,2499,2546,2573,2627,2631,2645,2651,2653,2695,2696,2774,2775,2777,2778,2806,2816,2836,3019,3056,3057,3263,3945,4604,4605,4606,4771,4855,4979,6949,8134,8137,8190,9121,9123,9124,
113;0;6281;6285;0;26,27,95,139,144,145,149,225,249,276,289,290,332,400,404,429,458,644,647,677,768,823,824,843,931,948,1091,1117,1118,1201,1398,1424,1473,1478,1577,1781,1782,1809,2064,2091,2106,2268,2359,2391,2399,2400,2401,2405,2499,2546,2573,2627,2631,2645,2651,2653,2695,2696,2774,2775,2777,2778,2816,3263,3703,4604,4605,4606,4771,4855,5354,5443,8134,8137,8190,8354,8413,9121,9123,9124,
113;1;6285;6398;0;26,27,60,61,95,139,144,145,149,208,225,249,276,289,290,332,400,404,429,458,644,647,677,768,823,824,843,931,948,1091,1117,1118,1201,1398,1424,1473,1478,1577,1781,1782,1809,2064,2091,2106,2268,2359,2391,2399,2400,2401,2405,2499,2546,2573,2627,2631,2645,2651,2653,2695,2774,2775,2777,2778,2816,3263,3347,3703,4604,4605,4606,4771,4855,8134,8137,8190,8546,9121,9123,9124,
452;0;6398;6510;0;4,27,60,61,144,145,149,180,225,243,262,288,289,293,305,307,312,340,379,380,381,384,385,390,396,397,400,404,429,442,591,592,593,594,596,644,647,843,851,948,1051,1053,1118,1136,1145,1146,1362,1367,1398,1474,1480,1501,1809,1814,1817,1921,2053,2105,2428,2450,2451,2452,2453,2510,2891,3539,3703,3745,5551,6860,8134,8137,8190,8197,8198,8199,8200,8203,8204,8205,
547;0;6510;6619;0;4,27,60,61,144,145,149,180,225,243,262,288,289,293,305,307,312,340,379,380,381,384,385,390,396,397,400,404,429,442,591,592,593,594,596,644,647,843,851,948,1051,1053,1118,1136,1145,1146,1362,1367,1398,1474,1480,1501,1809,1814,1817,1921,2053,2105,2428,2450,2451,2452,2453,2510,2891,3539,3703,3745,5551,6860,8134,8137,8190,8197,8198,8199,8200,8203,8204,8205,
482;0;6619;6720;0;4,27,60,61,144,145,149,180,225,243,262,288,289,293,305,307,312,340,379,380,381,384,385,390,396,397,400,404,429,442,591,592,593,594,596,644,647,843,851,948,1051,1053,1118,1136,1145,1146,1362,1367,1398,1474,1480,1501,1809,1814,1817,1921,2053,2105,2428,2450,2451,2452,2453,2510,2891,3539,3703,3745,5551,6860,8134,8137,8190,8197,8198,8199,8200,8203,8204,8205,
118;0;6720;6753;0;4,27,60,61,144,145,149,180,225,243,262,288,289,293,305,307,312,340,379,380,381,384,385,390,396,397,400,404,429,442,591,592,593,594,596,644,647,843,851,948,1051,1053,1118,1136,1145,1146,1362,1367,1398,1474,1480,1501,1809,1814,1817,1921,2053,2105,2428,2450,2451,2452,2453,2510,2891,3539,3703,3745,5551,6860,8134,8137,8190,8197,8198,8199,8200,8203,8204,8205,
118;1;6753;6817;0;4,27,60,61,144,145,149,180,225,243,262,288,289,293,305,307,312,340,379,380,381,384,385,390,396,397,400,404,429,442,591,592,593,594,596,644,647,843,851,948,1051,1053,1118,1136,1145,1146,1362,1367,1398,1474,1480,1501,1809,1814,1817,1921,2053,2105,2428,2450,2451,2452,2453,2510,2891,3539,3703,3745,5551,6860,8134,8137,8190,8197,8198,8199,8200,8203,8204,8205,
458;0;6817;6912;0;4,27,60,61,144,145,149,180,225,243,262,288,289,293,305,307,312,340,379,380,381,384,385,390,396,397,400,404,429,442,591,592,593,594,596,644,647,843,851,948,1051,1053,1118,1136,1145,1146,1362,1367,1398,1474,1480,1501,1809,1814,1817,1921,2053,2105,2428,2450,2451,2452,2453,2510,2891,3539,3703,3745,5551,6860,8134,8137,8190,8197,8198,8199,8200,8203,8204,8205,
Machine: 5
429;0;0;30;1;23,27,61,117,144,145,177,178,179,183,225,233,241,262,272,276,277,288,294,302,305,311,321,384,397,404,429,434,645,855,927,949,1128,1285,1287,1289,1313,1398,1473,1478,1577,1595,1599,1781,1915,2187,2856,2941,2968,3702,4487,4488,4754,4986,5175,5734,6312,6313,6784,6791,7026,7038,7060,7875,7943,8332,8401,8863,8875,8902,8934,8935,8936,8937,8938,8939,8940,8941,8942,8943,
402;0;30;62;1;23,27,61,117,144,145,177,178,179,183,225,233,241,262,272,276,277,288,294,302,305,311,321,384,397,404,429,434,645,855,927,949,1128,1285,1287,1289,1313,1398,1473,1478,1577,1595,1599,1781,1915,2187,2856,2941,2968,3702,4487,4488,4754,4986,5175,5734,6312,6313,6784,6791,7026,7038,7060,7875,7943,8332,8401,8863,8875,8902,8934,8935,8936,8937,8938,8939,8940,8941,8942,8943,
561;0;62;103;1;23,27,61,117,144,145,177,178,179,183,225,233,241,262,272,276,277,288,294,302,305,311,321,384,397,404,429,434,645,855,927,949,1128,1285,1287,1289,1313,1398,1473,1478,1577,1595,1599,1781,1915,2187,2856,2941,2968,3702,4487,4488,4754,4986,5175,5734,6312,6313,6784,6791,7026,7038,7060,7875,7943,8332,8401,8863,8875,8902,8934,8935,8936,8937,8938,8939,8940,8941,8942,8943,
25;0;103;240;0;23,27,61,117,144,145,177,178,179,183,225,233,241,262,272,276,277,288,294,302,305,311,321,384,397,404,429,434,645,855,927,949,1128,1285,1287,1289,1313,1398,1473,1478,1577,1595,1599,1781,1915,2187,2856,2941,2968,3702,4487,4488,4754,4986,5175,5734,6312,6313,6784,6791,7026,7038,7060,7875,7943,8332,8401,8863,8875,8902,8934,8935,8936,8937,8938,8939,8940,8941,8942,8943,
25;1;240;303;0;23,27,61,117,144,145,177,178,179,183,184,225,233,241,262,272,276,277,288,294,302,304,305,311,321,323,384,397,404,429,434,645,855,927,949,1128,1129,1130,1131,1285,1287,1289,1313,1398,1473,1478,1577,1595,1599,1781,1915,2187,2856,2941,2968,3702,4487,4488,4754,4986,5175,5734,6312,6313,6784,6791,7026,7038,7060,7875,7943,8332,8401,8863,8875,8902,8934,8935,8936,8937,
58;0;303;406;0;27,61,117,137,139,144,145,225,241,262,271,272,276,277,288,302,304,305,321,396,397,400,404,429,434,438,444,591,645,647,838,855,927,948,949,1049,1052,1117,1287,1313,1354,1424,1431,1473,1474,1478,1481,1515,1516,1577,1599,1669,1671,1752,1781,1803,1921,2613,2695,2941,2968,3037,3616,3702,4392,4393,4394,4395,4396,4397,4398,4399,4400,4401,4402,4403,4754,6312,6313,7060,
58;1;406;452;0;27,61,96,117,137,139,144,145,148,225,241,262,272,275,276,277,288,302,305,321,395,397,400,404,429,434,591,647,838,855,863,912,948,949,1052,1060,1071,1093,1117,1287,1313,1473,1474,1478,1481,1502,1515,1577,1599,1669,1670,1671,1750,1759,1781,1914,2224,2337,2573,2695,2941,2968,3034,3037,3702,4359,4394,4396,4397,4754,5206,5627,5721,6312,6313,6441,6874,7010,7011,7060,
184;0;452;507;0;27,61,96,117,137,139,144,145,148,225,241,262,272,275,276,277,288,295,297,302,305,321,395,397,400,404,429,434,591,640,647,838,855,863,911,912,948,949,1052,1060,1071,1093,1117,1287,1313,1473,1474,1478,1481,1502,1515,1577,1599,1669,1670,1671,1735,1750,1759,1781,1914,2224,2337,2573,2695,2941,2968,3034,3037,3702,4359,4394,4396,4397,4754,5206,5627,6312,6313,7060,
184;1;507;546;0;27,61,117,137,139,144,145,148,225,241,262,272,274,275,276,277,288,295,297,302,305,321,395,397,400,404,429,434,591,647,769,838,843,855,863,912,948,949,951,1052,1071,1072,1093,1117,1287,1313,1473,1474,1478,1481,1502,1515,1518,1577,1599,1610,1669,1670,1671,1781,1914,2337,2398,2573,2588,2680,2695,2941,2968,3037,3702,4747,4754,5206,5531,5627,5757,6312,6313,7060,
598;0;546;598;1;27,60,61,117,137,139,144,145,148,225,241,262,272,274,275,276,277,288,295,297,302,305,321,395,397,400,404,429,434,591,647,769,838,843,855,863,912,948,949,951,1052,1071,1072,1093,1117,1277,1287,1293,1313,1473,1474,1478,1481,1502,1515,1518,1577,1599,1610,1669,1670,1671,1781,1914,2337,2573,2695,2941,2968,3037,3702,4450,4747,4754,5206,5531,5627,6312,6313,7060,
444;0;598;658;0;26,27,60,61,117,137,144,145,148,225,241,248,262,272,275,276,288,295,297,302,305,321,395,397,400,404,429,434,528,591,754,769,838,855,863,912,948,949,1052,1071,1072,1093,1277,1287,1288,1292,1293,1294,1313,1473,1478,1481,1502,1515,1577,1599,1670,1671,1777,1781,1914,2337,2408,2409,2419,2695,2941,2968,3037,3702,4747,5206,5531,5627,6312,6313,6957,7035,7060,7061,
534;0;658;726;1;18,19,21,26,34,37,55,60,61,137,144,145,146,147,148,212,225,249,262,297,301,321,397,398,400,528,769,948,949,1052,1093,1146,1287,1288,1293,1313,1473,1476,1478,1479,1481,1670,1895,2197,2695,3177,3206,3349,3421,3674,3675,3677,3678,3679,3686,3690,5077,5082,5206,5471,5846,6004,6008,6009,6010,6012,6013,6244,6458,6459,6460,6461,6462,6463,6464,6465,6466,6467,6468,7658,
583;0;726;823;1;18,19,21,26,34,37,55,60,61,137,144,145,146,147,148,212,225,249,262,297,301,321,397,398,400,528,769,948,949,1052,1093,1146,1287,1288,1293,1313,1473,1476,1478,1479,1481,1670,1895,2197,2695,3177,3206,3349,3421,3674,3675,3677,3678,3679,3686,3690,5077,5082,5206,5471,5846,6004,6008,6009,6010,6012,6013,6244,6458,6459,6460,6461,6462,6463,6464,6465,6466,6467,6468,7658,
484;0;823;936;1;18,19,21,26,34,37,55,60,61,137,144,145,146,147,148,212,225,249,262,297,301,321,397,398,400,528,769,948,949,1052,1093,1146,1287,1288,1293,1313,1473,1476,1478,1479,1481,1670,1895,2197,2695,3177,3206,3349,3421,3674,3675,3677,3678,3679,3686,3690,5077,5082,5206,5471,5846,6004,6008,6009,6010,6012,6013,6244,6458,6459,6460,6461,6462,6463,6464,6465,6466,6467,6468,7658,
167;0;936;1002;1;18,19,21,26,34,37,55,60,61,137,144,145,146,147,148,212,225,249,262,297,301,321,397,398,400,528,769,948,949,1052,1093,1146,1287,1288,1293,1313,1473,1476,1478,1479,1481,1670,1895,2197,2695,3177,3206,3349,3421,3674,3675,3677,3678,3679,3686,3690,5077,5082,5206,5471,5846,6004,6008,6009,6010,6012,6013,6244,6458,6459,6460,6461,6462,6463,6464,6465,6466,6467,6468,7658,
167;1;1440;1506;1;18,19,21,26,34,37,55,60,61,137,144,145,146,147,148,212,225,249,260,262,273,290,297,301,321,382,397,398,400,528,769,875,921,948,949,1052,1093,1146,1177,1236,1287,1288,1293,1417,1469,1473,1476,1478,1481,1501,1670,1675,1749,1756,1895,1973,2051,2222,2432,2645,2674,2695,2723,3284,3349,3421,3679,3686,3920,4323,4511,5206,5882,6347,6348,6349,6350,6351,6352,6353,
122;0;1506;1575;1;15,18,19,21,24,25,26,34,35,37,38,42,54,55,57,60,61,137,144,145,146,147,148,212,225,249,260,262,273,290,297,301,321,382,397,398,400,528,769,875,921,948,949,1052,1093,1146,1177,1236,1287,1288,1293,1417,1469,1473,1476,1478,1481,1501,1670,1675,1749,1756,1895,1973,2051,2061,2222,2432,2645,2674,2695,2723,3284,3349,3421,3679,3686,3920,4323,5352,
122;1;1575;1656;1;15,18,21,24,25,26,34,35,37,38,42,54,55,60,61,137,144,145,146,148,225,262,273,290,297,301,321,343,382,397,400,528,769,836,875,921,948,949,1043,1051,1052,1093,1146,1236,1287,1288,1293,1417,1473,1476,1478,1481,1895,1973,2051,2461,2466,2626,2645,2661,2674,2903,3284,3349,3421,3679,3686,4259,4365,5525,5637,5722,5795,6225,6369,6370,6371,6372,6373,6374,
460;0;1656;1811;1;15,18,21,24,25,26,34,35,37,38,42,54,55,60,61,137,144,145,146,148,225,262,273,290,297,301,321,343,382,397,400,528,769,836,875,921,948,949,1043,1051,1052,1093,1146,1236,1287,1288,1293,1417,1473,1476,1478,1481,1895,1973,2051,2159,2305,2461,2466,2626,2645,2661,2674,2903,3284,3349,3421,3679,3686,4259,4365,5525,5637,5722,5795,6225,6369,6370,6371,6372,
557;0;1811;1884;0;15,18,21,24,25,26,34,35,37,38,42,54,55,60,61,137,144,145,146,148,225,262,273,290,297,301,321,343,382,397,400,528,769,836,875,921,948,949,1043,1051,1052,1093,1146,1236,1287,1288,1293,1417,1473,1476,1478,1481,1895,1973,2051,2159,2305,2461,2466,2626,2645,2661,2674,2903,3284,3349,3421,3679,3686,4259,4365,5525,5637,5722,5795,6225,6369,6370,6371,7360,
78;0;1884;2032;0;15,18,21,24,25,26,28,32,34,35,37,38,42,54,55,60,61,68,79,137,144,145,146,148,170,196,206,225,262,273,290,297,321,364,382,397,400,503,528,724,757,769,836,875,948,949,979,1052,1093,1275,1286,1287,1288,1293,1419,1473,1476,1478,1481,1657,1895,1898,1934,1935,1936,1937,1938,1939,1940,2051,2626,2645,2661,3284,3421,3679,3686,5525,5637,5722,
78;1;2032;2209;0;6,15,18,21,24,25,26,37,38,42,54,60,61,137,144,145,148,149,225,231,262,273,290,297,321,340,390,391,394,397,400,528,769,851,948,949,1050,1052,1054,1093,1286,1287,1288,1293,1358,1363,1476,1478,1481,1603,1726,1800,1811,1812,1814,1895,2051,2405,2645,2658,2661,2774,2775,2778,3133,3636,4946,5049,5525,5733,5843,6517,8190,8196,8198,8199,8200,8201,8202,8203,
81;0;2209;2372;0;6,15,18,21,24,25,26,37,38,42,54,60,61,137,144,145,148,149,225,231,262,273,290,297,321,340,390,391,394,397,400,528,769,851,948,949,1050,1052,1054,1093,1286,1287,1288,1293,1358,1363,1476,1478,1481,1603,1726,1800,1811,1812,1814,1895,2051,2405,2645,2658,2661,2774,2775,2778,3133,3636,4946,5049,5525,5733,5843,6517,8190,8196,8198,8199,8200,8201,8202,8203,
81;1;2372;2519;0;6,15,18,21,24,25,26,37,38,42,54,60,61,137,144,145,148,149,225,231,262,273,290,297,321,340,390,391,394,397,400,528,769,851,948,949,1050,1052,1054,1093,1286,1287,1288,1293,1358,1363,1476,1478,1481,1603,1726,1800,1811,1812,1814,1895,2051,2405,2645,2658,2661,2774,2775,2778,3133,3636,4946,5049,5525,5733,5843,6517,8190,8196,8198,8199,8200,8201,8202,8203,
73;0;2519;2694;0;6,15,18,21,24,25,26,37,38,42,54,60,61,137,144,145,148,149,225,231,262,273,290,297,321,340,390,391,394,397,400,528,769,851,948,949,1050,1052,1054,1093,1286,1287,1288,1293,1358,1363,1476,1478,1481,1603,1726,1800,1811,1812,1814,1895,2051,2405,2645,2658,2661,2774,2775,2778,3133,3636,4946,5049,5525,5733,5843,6517,8190,8196,8198,8199,8200,8201,8202,8203,
73;1;2694;2809;0;6,15,18,21,24,25,26,37,38,42,54,60,61,137,144,145,148,149,225,231,262,273,290,297,321,340,390,391,394,397,400,528,769,851,948,949,1050,1052,1054,1093,1286,1287,1288,1293,1358,1363,1476,1478,1481,1603,1726,1800,1811,1812,1814,1895,2051,2405,2645,2658,2661,2774,2775,2778,3133,3636,4946,5049,5525,5733,5843,6517,8190,8196,8198,8199,8200,8201,8202,8203,
57;0;2880;3011;0;15,18,21,24,25,26,37,38,42,54,60,61,95,100,137,144,145,148,149,225,231,262,273,290,292,321,390,391,397,400,528,677,715,769,947,948,1052,1286,1287,1288,1293,1450,1476,1478,1481,1726,1811,1814,1895,2051,2052,2225,2318,2405,2536,2602,2628,2645,2661,2678,2774,2775,2778,2951,2962,3531,5458,5525,5530,5532,5534,5723,5865,5866,5867,5868,5869,5870,5871,8190,
57;1;3011;3158;0;15,18,21,24,25,26,37,38,42,54,60,61,95,100,137,144,145,148,149,225,262,273,290,292,390,391,397,400,528,529,658,677,715,769,947,948,1052,1269,1278,1279,1286,1287,1288,1293,1322,1478,1481,1587,1591,1592,1783,1785,1795,1814,1895,2051,2052,2225,2318,2405,2645,2661,2678,2774,2775,3531,3704,3788,3879,4324,4325,4326,4327,4328,4329,4330,5525,5530,5868,8190,
104;0;3158;3278;0;15,18,21,24,25,26,37,38,42,54,60,61,95,100,137,144,145,148,149,225,262,273,290,292,390,391,397,400,528,529,658,677,715,769,947,948,1052,1269,1278,1279,1286,1287,1288,1293,1322,1478,1481,1587,1591,1592,1783,1785,1795,1814,1895,2051,2052,2225,2318,2405,2645,2661,2678,2774,2775,3531,3704,3788,3879,4324,4325,4326,4327,4328,4329,5525,5530,5868,7513,8190,
104;1;3278;3430;0;15,18,21,24,25,26,37,38,42,54,60,61,95,100,137,144,145,148,149,225,262,273,290,292,390,391,397,400,528,529,658,677,715,769,904,947,948,1052,1269,1278,1279,1286,1287,1288,1293,1322,1478,1481,1587,1591,1592,1680,1783,1785,1795,1814,1895,2051,2052,2225,2318,2405,2645,2661,2678,2774,2775,3531,3704,3788,3879,4324,4325,4326,4327,4328,5525,5530,5868,8190,
151;0;3430;3549;0;15,18,21,24,25,26,37,38,42,45,46,50,52,54,60,61,95,100,137,144,145,149,225,262,273,290,292,390,391,397,400,502,528,529,622,715,778,814,947,948,977,1006,1007,1011,1052,1269,1279,1286,1287,1288,1293,1305,1322,1390,1427,1478,1481,1783,1785,1795,1895,2051,2052,2318,2413,2645,2661,2678,2774,2775,3125,4917,4918,5525,5530,5868,7796,7797,7798,8190,
151;1;3549;3690;0;15,24,54,60,98,137,144,225,234,235,251,262,267,273,283,289,290,291,306,308,310,448,644,754,773,849,871,946,948,1121,1284,1286,1360,1481,1668,1674,1681,1895,1920,1922,2052,2062,2063,2315,2370,2376,2408,2586,2645,2774,2775,2836,2958,3259,3345,3346,3703,3709,3814,3819,4313,4314,4315,4316,4317,4318,4370,4424,4425,4426,4427,4428,4429,4430,7299,7837,8170,8171,8322,8566,
89;0;3690;3789;0;15,24,54,60,98,137,144,225,234,235,251,262,267,273,283,289,290,291,306,308,310,448,644,754,773,849,871,946,948,1121,1284,1286,1360,1481,1668,1674,1681,1895,1920,1922,2052,2062,2063,2315,2370,2376,2408,2586,2645,2774,2775,2836,2958,3259,3345,3346,3703,3709,3814,3819,4313,4314,4315,4316,4317,4318,4370,4424,4425,4426,4427,4428,4429,4430,7299,7837,8170,8171,8322,8566,
89;1;3789;3939;0;15,24,54,60,98,137,144,225,234,235,251,262,267,273,283,289,290,291,306,308,310,448,644,754,773,849,871,946,948,1121,1284,1286,1360,1481,1668,1674,1681,1895,1920,1922,2052,2062,2063,2315,2370,2376,2408,2586,2645,2774,2775,2836,2958,3259,3345,3346,3703,3709,3814,3819,4313,4314,4315,4316,4317,4318,4370,4424,4425,4426,4427,4428,4429,4430,7299,7837,8170,8171,8322,8566,
138;0;3939;4017;0;15,24,54,60,98,137,144,225,234,235,251,262,267,273,283,289,290,291,306,308,310,448,644,754,773,849,871,946,948,1121,1284,1286,1360,1481,1668,1674,1681,1895,1920,1922,2052,2062,2063,2315,2370,2376,2408,2586,2645,2774,2775,2836,2958,3259,3345,3346,3703,3709,3814,3819,4313,4314,4315,4316,4317,4318,4370,4424,4425,4426,4427,4428,4429,4430,7299,7837,8170,8171,8322,8566,
138;1;4017;4175;0;15,24,54,60,98,137,144,225,234,235,251,262,267,273,283,289,290,291,306,308,310,448,644,754,773,849,871,946,948,1121,1284,1286,1360,1481,1668,1674,1681,1895,1920,1922,2052,2062,2063,2315,2370,2376,2408,2586,2645,2774,2775,2836,2958,3259,3345,3346,3703,3709,3814,3819,4313,4314,4315,4316,4317,4318,4370,4424,4425,4426,4427,4428,4429,4430,7299,7837,8170,8171,8322,8566,
133;0;4175;4308;0;15,24,54,60,98,137,144,225,234,235,251,262,267,273,283,289,290,291,306,308,310,448,644,754,773,849,871,946,948,1121,1284,1286,1360,1481,1668,1674,1681,1895,1920,1922,2052,2062,2063,2315,2370,2376,2408,2586,2645,2774,2775,2836,2958,3259,3345,3346,3703,3709,3814,3819,4313,4314,4315,4316,4317,4318,4370,4424,4425,4426,4427,4428,4429,4430,7299,7837,8170,8171,8322,8566,
133;1;4320;4417;0;15,24,54,60,98,137,144,225,234,235,247,251,262,267,273,283,289,290,291,306,308,310,448,644,754,773,849,871,946,948,1121,1284,1286,1360,1481,1668,1674,1681,1895,1920,1922,2052,2062,2063,2315,2370,2376,2408,2586,2645,2774,2775,2836,2958,3259,3345,3346,3703,3709,3814,3819,4313,4314,4315,4316,4317,4318,4370,4424,4425,4426,4427,4428,4429,4430,6945,7299,7837,8170,8171,
191;0;4417;4507;0;15,24,54,60,98,137,144,202,210,225,234,235,247,251,262,267,273,283,289,290,291,306,308,310,448,491,497,630,644,754,773,849,871,946,948,1063,1121,1281,1284,1286,1304,1360,1481,1558,1582,1668,1674,1681,1895,1920,1922,2052,2062,2063,2279,2315,2370,2376,2408,2471,2537,2586,2645,2774,2775,2836,2924,2958,3259,3345,3346,3353,3612,3703,3709,3774,3814,6448,6965,7299,
191;1;4507;4641;0;15,24,54,60,98,137,144,202,210,225,234,235,247,251,262,267,273,283,289,290,291,306,308,310,448,491,497,630,644,704,754,773,849,862,871,946,948,1063,1121,1281,1284,1286,1304,1307,1360,1481,1558,1582,2052,2315,2370,2468,2537,2645,2676,2774,2775,2836,3532,3703,3709,4604,4639,4641,4994,4995,4996,4997,4998,4999,5000,5001,5002,5003,5004,5005,5006,5007,5008,7299,
170;0;4641;4820;0;15,24,27,54,60,61,98,137,144,202,210,225,234,235,247,251,262,267,273,283,289,290,291,306,308,310,366,448,491,497,528,538,630,634,644,704,754,773,849,862,871,946,948,1063,1121,1143,1270,1281,1284,1286,1304,1307,1481,1558,1582,2052,2089,2265,2315,2370,2407,2468,2516,2537,2645,2774,2775,2836,2864,2873,2941,3402,3606,3703,3709,3861,4217,4218,4996,7299,
170;1;4820;4859;0;15,24,27,54,60,61,98,137,144,202,210,225,234,235,247,251,262,267,273,283,286,289,290,291,303,306,308,310,312,366,448,491,497,528,538,591,630,634,644,704,754,773,849,862,871,905,946,948,1063,1071,1121,1143,1270,1281,1284,1286,1304,1307,1481,1558,1582,2051,2052,2089,2265,2315,2370,2407,2468,2516,2645,2774,2775,2836,2873,2941,3703,4217,4996,7299,
150;0;4859;4891;0;15,24,27,54,60,61,98,100,137,144,146,202,210,225,234,235,247,251,262,267,273,283,286,289,290,291,303,306,308,310,312,366,436,448,491,497,528,538,591,630,634,644,704,754,773,849,862,905,948,1063,1095,1143,1399,1481,1558,1582,2052,2315,2370,2382,2407,2468,2645,2774,2775,2836,2873,2941,3703,4217,4968,4996,5202,5397,5768,5926,5941,5942,5943,7299,
150;1;4891;5069;0;87,102,144,303,306,310,312,854,855,1497,1515,1551,1552,1553,1555,1556,1557,2315,2318,2627,2679,2692,2873,2986,3129,3131,3291,3292,3310,3312,3472,3679,3684,3686,4747,4791,5950,5951,5952,5953,5954,5955,5956,5957,5958,5959,5960,5961,5962,5963,5964,5965,5966,5967,5968,5969,5970,5971,5972,5973,5974,5975,5976,5977,5978,5979,5980,5981,5982,5983,5984,5985,5986,5987,5988,5989,5990,5991,5992,6248,
12;0;5069;5220;0;87,102,144,303,306,310,312,854,855,1497,1515,1551,1552,1553,1555,1556,1557,2315,2318,2627,2679,2692,2873,2986,3129,3131,3291,3292,3310,3312,3472,3679,3684,3686,4747,4791,5950,5951,5952,5953,5954,5955,5956,5957,5958,5959,5960,5961,5962,5963,5964,5965,5966,5967,5968,5969,5970,5971,5972,5973,5974,5975,5976,5977,5978,5979,5980,5981,5982,5983,5984,5985,5986,5987,5988,5989,5990,5991,5992,6248,
12;1;5220;5272;0;87,102,144,303,306,310,312,854,855,1497,1515,1551,1552,1553,1555,1556,1557,2315,2318,2627,2679,2692,2873,2986,3129,3131,3291,3292,3310,3312,3472,3679,3684,3686,4747,4791,5950,5951,5952,5953,5954,5955,5956,5957,5958,5959,5960,5961,5962,5963,5964,5965,5966,5967,5968,5969,5970,5971,5972,5973,5974,5975,5976,5977,5978,5979,5980,5981,5982,5983,5984,5985,5986,5987,5988,5989,5990,5991,5992,6248,
158;0;5760;5808;0;87,102,144,152,165,189,303,306,310,312,536,598,602,722,854,855,875,1279,1322,1341,1497,1515,1551,1552,1553,1555,1556,1557,1778,1796,2074,2148,2151,2172,2315,2318,2352,2627,2679,2692,2849,2873,2934,2968,2986,3129,3131,3291,3292,3310,3312,3409,3472,3679,3684,3686,3802,3805,4060,4078,4207,4747,4791,4864,4865,4866,4867,4868,4869,4870,4871,4872,4873,4874,4875,4876,4877,4878,4879,4880,
158;1;5808;5952;0;87,102,144,152,165,189,303,306,310,312,536,598,602,722,854,855,875,1279,1322,1341,1497,1515,1551,1552,1553,1555,1556,1557,1778,1796,2074,2148,2151,2172,2315,2318,2352,2627,2679,2692,2849,2873,2934,2968,2986,3129,3131,3291,3292,3310,3312,3409,3472,3679,3684,3686,3802,3805,4060,4078,4207,4747,4791,4864,4865,4866,4867,4868,4869,4870,4871,4872,4873,4874,4875,4876,5476,7397,7398,7399,
16;0;5952;5986;0;87,102,144,152,165,189,303,306,310,312,536,598,602,722,854,855,875,1279,1322,1341,1497,1515,1551,1552,1553,1555,1556,1557,1778,1796,2074,2148,2151,2172,2315,2318,2352,2627,2679,2692,2849,2873,2934,2968,2986,3129,3131,3291,3292,3310,3312,3409,3472,3679,3684,3686,3802,3805,4060,4078,4207,4747,4791,4864,4865,4866,4867,4868,4869,4870,4871,4872,4873,4874,4875,4876,5476,7397,7398,8289,
16;1;5986;6141;0;87,95,97,102,137,144,152,165,189,245,262,272,273,288,290,291,303,305,306,310,312,313,317,351,382,395,434,536,595,598,602,722,854,855,875,892,905,912,939,1165,1170,1209,1279,1322,1341,1484,1497,1515,1551,1552,1676,1778,1919,1970,2133,2151,2318,2356,2357,2358,2360,2361,2362,2363,2364,2367,2370,2375,2377,2378,2387,2390,2391,2392,2393,2394,2679,2986,3291,4060,
123;0;6141;6304;0;87,95,97,102,137,144,152,165,189,245,262,272,273,288,290,291,303,305,306,310,312,313,317,351,382,395,434,536,595,598,602,722,854,855,875,892,905,912,939,1165,1170,1209,1279,1322,1341,1484,1497,1515,1551,1552,1676,1778,1919,1970,2133,2151,2318,2356,2357,2358,2360,2361,2362,2363,2364,2367,2370,2375,2377,2378,2387,2390,2391,2392,2393,2679,2986,3291,4060,6727,
123;1;6304;6327;0;24,27,87,95,97,102,137,144,152,165,189,245,262,272,273,288,290,291,303,305,306,310,312,313,317,351,382,395,434,536,595,598,602,722,854,855,875,892,905,912,939,1143,1165,1170,1209,1279,1287,1322,1341,1484,1497,1515,1551,1552,1676,1778,1919,1970,2133,2151,2318,2356,2357,2358,2360,2361,2362,2363,2364,2367,2370,2375,2378,2391,2679,2986,3291,3829,4060,8861,
39;0;6327;6458;0;24,27,87,95,97,102,137,144,152,165,189,245,262,272,273,288,290,291,303,305,306,310,312,313,317,351,382,395,426,434,536,595,598,602,722,854,855,875,892,905,912,939,1143,1165,1170,1209,1279,1287,1322,1341,1484,1497,1515,1551,1552,1565,1572,1676,1778,1919,1970,2133,2151,2318,2356,2357,2358,2360,2361,2362,2363,2378,2391,2416,2679,2826,2986,3291,4060,5876,
39;1;6458;6509;0;26,27,95,144,149,198,210,247,276,295,302,306,390,397,440,529,557,727,875,1058,1063,1147,1269,1280,1287,1288,1290,1293,1322,1419,1478,1481,1521,1577,1775,1776,1777,1778,1779,1780,1781,1782,1783,1784,1785,1786,1787,1788,1789,1790,1791,1792,1793,1794,1795,2318,3050,3284,3285,3286,3287,3288,3428,3745,3925,4016,4017,4018,4060,4206,5254,6092,6981,6982,6983,6984,6985,7804,8190,8208,
569;0;6509;6683;0;26,27,95,144,149,198,210,247,276,295,302,306,390,397,440,529,557,727,875,1058,1063,1147,1269,1280,1287,1288,1290,1293,1322,1419,1478,1481,1521,1577,1775,1776,1777,1778,1779,1780,1781,1782,1783,1784,1785,1786,1787,1788,1789,1790,1791,1792,1793,1794,1795,2318,3050,3284,3285,3286,3287,3288,3428,3745,3925,4016,4017,4018,4060,4206,5254,6092,6981,6982,6983,6984,6985,7804,8190,8208,
466;0;6683;6853;0;26,27,95,144,149,198,210,247,276,295,302,306,390,397,440,529,557,727,875,1058,1063,1147,1269,1280,1287,1288,1290,1293,1322,1419,1478,1481,1521,1577,1775,1776,1777,1778,1779,1780,1781,1782,1783,1784,1785,1786,1787,1788,1789,1790,1791,1792,1793,1794,1795,2318,3050,3284,3285,3286,3287,3288,3428,3745,3925,4016,4017,4018,4060,4206,5254,6092,6981,6982,6983,6984,6985,7804,8190,8208,
461;0;6853;7019;0;26,27,95,144,149,198,210,247,276,295,302,306,390,397,440,529,557,727,875,1058,1063,1147,1269,1280,1287,1288,1290,1293,1322,1419,1478,1481,1521,1577,1775,1776,1777,1778,1779,1780,1781,1782,1783,1784,1785,1786,1787,1788,1789,1790,1791,1792,1793,1794,1795,2318,3050,3284,3285,3286,3287,3288,3428,3745,3925,4016,4017,4018,4060,4206,5254,6092,6981,6982,6983,6984,6985,7804,8190,8208,
576;0;7019;7179;0;26,27,95,144,149,198,210,247,276,295,302,306,390,397,440,529,557,727,875,1058,1063,1147,1269,1280,1287,1288,1290,1293,1322,1419,1478,1481,1521,1577,1775,1776,1777,1778,1779,1780,1781,1782,1783,1784,1785,1786,1787,1788,1789,1790,1791,1792,1793,1794,1795,2318,3050,3284,3285,3286,3287,3288,3428,3745,3925,4016,4017,4018,4060,4206,5254,6092,6981,6982,6983,6984,6985,7804,8190,8208,
END
fineshedJobsCount: 355
switchs: 4488
switchsInstances: 205
unfineshedPriorityCount: 98
finalSolution: 1172
totalUnfineshed: 245
Time: 38
