input/MyInstancesDiferentToolSets/n=600,p=0.75,r=0.5,t=900,v0.csv;./input/Processed/ToolSetInt.csv
5;720;1440;7200
Machine: 0
405;0;0;4;1;1,8,60,141,142,144,146,149,241,292,314,390,398,429,591,704,1051,1117,1118,1134,1146,1149,1293,1343,1358,1479,1481,1539,1801,1806,1809,1920,1973,2050,2194,2340,2407,2492,2642,2658,2692,2723,2778,2783,2969,3263,3597,3703,4119,4450,4473,4603,4604,4612,4613,4617,4620,4629,4740,4965,4972,5406,5476,5497,5873,6595,6749,6750,6751,7225,8147,8148,8149,8150,8151,8152,8153,8154,8155,8156,
417;0;4;12;1;1,8,60,141,142,144,146,149,241,292,314,390,398,429,591,704,1051,1117,1118,1134,1146,1149,1293,1343,1358,1479,1481,1539,1801,1806,1809,1920,1973,2050,2194,2340,2407,2492,2642,2658,2692,2723,2778,2783,2969,3263,3597,3703,4119,4450,4473,4603,4604,4612,4613,4617,4620,4629,4740,4965,4972,5406,5476,5497,5873,6595,6749,6750,6751,7225,8147,8148,8149,8150,8151,8152,8153,8154,8155,8156,
545;0;12;26;1;1,8,60,141,142,144,146,149,241,292,314,390,398,429,591,704,1051,1117,1118,1134,1146,1149,1293,1343,1358,1479,1481,1539,1801,1806,1809,1920,1973,2050,2194,2340,2407,2492,2642,2658,2692,2723,2778,2783,2969,3263,3597,3703,4119,4450,4473,4603,4604,4612,4613,4617,4620,4629,4740,4965,4972,5406,5476,5497,5873,6595,6749,6750,6751,7225,8147,8148,8149,8150,8151,8152,8153,8154,8155,8156,
400;0;26;42;1;1,8,60,141,142,144,146,149,230,241,292,314,390,398,402,429,591,704,1051,1117,1118,1134,1146,1149,1293,1343,1358,1479,1481,1539,1801,1806,1809,1920,1945,1973,2050,2194,2340,2407,2492,2642,2658,2692,2723,2778,2783,2969,3263,3597,3703,4119,4450,4473,4603,4604,4612,4613,4617,4620,4629,4740,4965,4972,5406,5476,5497,5873,6595,6749,6750,6751,7225,8147,8148,8149,8150,8151,8152,8153,
406;0;42;66;1;1,8,60,95,141,142,144,146,149,230,241,292,314,390,398,402,429,591,609,704,818,1051,1117,1118,1134,1146,1149,1293,1343,1358,1479,1481,1539,1801,1806,1809,1920,1945,1973,2050,2194,2340,2407,2492,2642,2658,2692,2723,2774,2775,2776,2777,2778,2783,3263,3703,3970,4450,4603,4604,4606,4612,4613,4740,4771,4965,5022,5023,5024,5025,5026,5027,5028,5029,5030,5031,5032,5476,5873,6749,
538;0;66;96;1;1,8,60,95,141,142,144,146,149,230,241,276,292,314,390,398,402,429,591,609,692,704,818,1051,1117,1118,1134,1146,1149,1293,1343,1358,1479,1481,1539,1801,1806,1809,1920,1945,1973,2050,2194,2340,2407,2492,2605,2642,2658,2692,2723,2774,2775,2776,2777,2778,2783,2986,3263,3532,3703,3970,4376,4450,4603,4604,4606,4612,4613,4740,4771,4965,5030,5402,5476,5483,5484,5485,5873,6749,
566;0;96;131;1;1,8,60,63,95,141,142,144,146,149,230,241,276,292,314,390,398,402,429,528,591,609,692,704,818,1051,1117,1118,1134,1146,1149,1293,1294,1343,1358,1479,1481,1539,1801,1806,1809,1920,1945,1973,2050,2149,2194,2221,2315,2340,2407,2492,2605,2642,2658,2692,2723,2774,2775,2776,2777,2778,2783,2986,3263,3532,3703,4229,4230,4450,4603,4604,4612,4613,4740,4965,5030,5476,5873,6749,
506;0;131;170;1;1,8,60,61,63,95,141,142,144,146,149,157,230,241,276,292,314,390,398,402,429,457,528,591,609,658,692,704,818,1051,1117,1118,1134,1146,1149,1293,1294,1343,1358,1479,1481,1539,1801,1806,1809,1851,1920,1945,1973,2050,2149,2194,2221,2315,2340,2407,2415,2416,2492,2605,2642,2723,2774,2775,2776,2778,2986,3263,3703,4450,4603,4604,4612,4613,4740,4965,5030,5476,5873,6749,
24;0;170;204;1;1,8,60,61,63,93,95,141,142,144,146,149,157,230,241,262,276,292,314,390,398,402,429,457,528,591,609,658,692,704,818,1051,1054,1117,1118,1121,1134,1146,1149,1293,1294,1343,1358,1479,1481,1539,1801,1806,1809,1814,1851,1920,1945,1973,2050,2149,2194,2221,2407,2583,2642,2723,2774,2775,2776,2778,2986,3263,3703,4450,4603,4604,4612,4613,4740,4965,5030,5476,5873,6749,
24;1;204;209;1;1,8,60,61,63,93,95,141,142,144,146,149,157,230,241,262,276,292,314,390,398,402,429,457,528,591,609,658,692,704,818,1051,1054,1117,1118,1121,1134,1146,1149,1266,1293,1294,1343,1358,1479,1481,1539,1801,1806,1809,1814,1851,1920,1945,1973,2260,2407,2410,2642,2723,2774,2775,2776,2778,2794,2842,2986,3263,3703,4450,4603,4604,4612,4613,4740,4965,5030,5476,5873,6749,
531;0;209;253;1;1,8,60,61,63,93,95,141,142,144,146,149,157,230,241,262,276,292,314,390,398,402,429,457,528,591,609,658,692,704,818,1051,1054,1117,1118,1121,1134,1146,1149,1266,1293,1294,1343,1358,1479,1481,1539,1801,1806,1809,1814,1851,1920,1945,1973,2260,2407,2410,2642,2723,2774,2775,2776,2778,2986,3263,3703,4603,4604,4612,4613,4740,4965,5030,5476,5873,6749,7397,7398,7399,
549;0;253;304;1;1,8,15,40,55,60,61,63,79,93,95,141,142,144,146,149,157,165,170,221,230,241,262,276,292,314,390,398,402,412,429,457,528,591,609,658,979,1054,1117,1118,1121,1146,1149,1266,1293,1294,1358,1479,1481,1809,1814,1920,1935,1945,1973,2407,2410,2642,2723,2774,2775,2776,2778,2941,2986,3263,3345,3348,3703,3891,4106,4603,4604,4612,4613,4740,4965,5030,5873,6749,
500;0;304;359;1;1,8,55,60,61,95,138,139,142,144,146,149,241,262,276,288,289,291,292,314,390,398,429,607,609,645,715,979,1117,1118,1121,1146,1149,1293,1294,1358,1390,1474,1479,1481,1671,1675,1756,1809,1814,1915,1916,1920,1935,1945,1973,2091,2317,2337,2339,2407,2642,2774,2775,2778,2986,3263,3345,3527,4161,4603,4604,4612,4613,4740,4753,4965,5030,5873,6386,6399,6749,7683,7743,7744,
571;0;359;419;1;1,8,55,60,61,95,138,139,142,144,146,149,225,241,262,276,288,289,291,292,314,390,398,429,607,609,645,715,979,1117,1118,1121,1146,1149,1293,1294,1358,1390,1474,1479,1481,1671,1675,1756,1809,1814,1915,1916,1920,1935,1945,1973,2091,2317,2337,2339,2407,2642,2774,2775,2778,2986,3263,3345,3527,4161,4603,4604,4612,4613,4740,4753,4965,5030,5873,6039,6040,6386,6399,6749,
433;0;419;485;1;1,8,55,60,95,137,139,142,144,146,149,178,225,241,262,276,288,289,291,292,314,390,396,398,429,607,609,645,715,979,1027,1117,1118,1121,1145,1146,1149,1293,1294,1358,1390,1474,1479,1481,1671,1675,1809,1814,1915,1916,1920,1935,1941,1942,1943,1944,1945,1973,2091,2337,2339,2407,2642,2774,2775,2778,2986,3263,3345,3527,4603,4604,4612,4613,4740,4965,5030,5873,6039,6749,
595;0;485;553;1;1,8,55,56,60,95,137,139,142,144,146,149,178,225,241,262,276,288,289,291,292,314,390,396,398,429,607,609,645,715,979,1117,1118,1121,1145,1146,1149,1270,1293,1294,1358,1390,1474,1479,1481,1671,1675,1809,1814,1915,1916,1920,1935,1944,1973,2091,2337,2339,2407,2420,2642,2774,2775,2778,2986,3263,3345,3527,3786,3878,4603,4604,4612,4613,4740,4965,5030,5873,6039,6749,
78;0;553;598;1;55,60,95,137,139,144,146,149,225,241,262,276,288,289,291,292,297,314,329,429,607,609,715,979,1117,1118,1121,1146,1198,1358,1390,1481,1671,1675,1809,1814,1915,1916,1935,1944,1973,2091,2318,2337,2339,2407,2600,2628,2642,2645,2770,2774,2775,2778,2986,3174,3263,3527,3786,4567,4603,4604,4612,4613,4739,4740,4802,4946,5030,5230,5633,5873,6039,6749,7425,7426,7427,7428,7429,7430,
78;1;598;626;1;3,55,60,95,100,137,139,144,146,149,225,241,262,276,288,289,291,292,297,314,329,404,429,607,609,715,720,979,1117,1118,1121,1146,1198,1358,1390,1470,1478,1481,1671,1675,1679,1809,1814,1915,1916,1935,1944,1973,2091,2318,2337,2339,2407,2434,2600,2628,2642,2645,2721,2770,2774,2775,2778,2986,3174,3263,3527,3786,4567,4603,4604,4612,4613,4740,5030,5633,5873,6039,6565,6749,
492;0;626;701;1;3,55,60,95,100,137,139,144,145,146,149,225,241,262,276,288,289,291,292,297,314,321,329,391,397,404,429,607,609,715,720,769,979,1050,1093,1117,1118,1121,1146,1198,1358,1390,1470,1478,1481,1671,1675,1679,1809,1814,1915,1916,1935,1973,2091,2318,2337,2339,2407,2628,2642,2645,2721,2774,2775,2778,2986,3263,3527,3786,4603,4604,4612,4613,4740,5030,5633,5873,6039,6749,
25;0;701;710;1;3,55,60,95,100,137,139,144,145,146,149,225,241,262,276,288,289,291,292,297,314,321,329,391,397,404,429,609,715,979,1050,1093,1117,1118,1121,1146,1358,1390,1470,1478,1481,1671,1675,1809,1814,1915,1916,1935,1973,2091,2318,2337,2339,2407,2628,2642,2645,2721,2778,2986,3263,3527,3786,4603,4604,4612,4613,5030,5633,5873,6039,6145,6749,7953,7954,8229,8277,8285,8589,8592,
25;1;710;779;1;19,24,38,54,55,60,100,137,144,149,169,188,208,251,276,391,408,415,480,516,518,581,715,736,875,904,979,987,1093,1117,1157,1236,1286,1359,1361,1481,1580,1587,1895,1935,2018,2259,2305,2318,2337,2407,2412,2538,2765,2868,3336,3510,3544,3627,3708,3719,3740,3741,3767,3781,3785,3786,3787,3788,3789,3790,3791,3792,3807,5030,5225,5493,5674,5758,5759,5760,6039,6134,6136,7999,
125;0;779;850;1;19,24,38,54,55,60,100,137,144,149,169,188,208,251,276,391,408,415,480,516,518,581,715,736,875,904,979,987,1093,1117,1157,1236,1286,1359,1361,1481,1580,1587,1895,1935,2018,2259,2305,2318,2337,2407,2412,2538,2765,2868,3336,3510,3544,3627,3708,3719,3740,3741,3767,3781,3785,3786,3787,3788,3789,3790,3791,3792,3807,5030,5225,5493,5674,5758,5759,5760,6039,6134,6136,7999,
125;1;850;861;1;19,24,38,54,55,60,100,137,144,149,169,188,208,251,276,391,408,415,480,516,518,581,715,736,875,904,979,987,1093,1117,1157,1236,1286,1359,1361,1481,1580,1587,1895,1935,2018,2259,2305,2318,2337,2407,2412,2538,2765,2868,3336,3510,3544,3627,3708,3719,3740,3741,3767,3781,3785,3786,3787,3788,3789,3790,3791,3792,3807,5030,5225,5493,5674,5758,5759,5760,6039,6134,6136,7999,
508;0;861;950;1;19,24,38,54,55,60,100,137,144,149,169,188,208,251,276,391,408,415,480,516,518,581,715,736,875,904,979,987,1093,1117,1157,1236,1286,1359,1361,1481,1580,1587,1895,1935,2018,2259,2305,2318,2337,2407,2412,2538,2765,2868,3336,3510,3544,3627,3708,3719,3740,3741,3767,3781,3785,3786,3787,3788,3789,3790,3791,3792,3807,5030,5225,5493,5674,5758,5759,5760,6039,6134,6136,7999,
9;0;950;1023;1;19,24,38,54,55,60,100,137,144,149,169,188,208,251,276,391,408,415,480,516,518,581,715,736,875,904,979,987,1093,1117,1157,1236,1286,1359,1361,1481,1580,1587,1895,1935,2018,2259,2305,2318,2337,2407,2412,2538,2765,2868,3336,3510,3544,3627,3708,3719,3740,3741,3767,3781,3785,3786,3787,3788,3789,3790,3791,3792,3807,5030,5225,5493,5674,5758,5759,5760,6039,6134,6136,7999,
9;1;1023;1041;1;19,24,38,54,55,60,100,137,144,149,169,188,208,251,276,391,408,415,480,516,518,581,715,736,875,904,979,987,1093,1117,1157,1236,1286,1359,1361,1481,1580,1587,1895,1935,2018,2259,2305,2318,2337,2407,2412,2538,2765,2868,3336,3510,3544,3627,3708,3719,3740,3741,3767,3781,3785,3786,3787,3788,3789,3790,3791,3792,3807,5030,5225,5493,5674,5758,5759,5760,6039,6134,6136,7999,
524;0;1041;1137;1;19,24,38,54,55,60,100,137,144,149,169,188,208,251,276,391,408,415,480,516,518,581,715,736,875,904,979,987,1093,1117,1157,1236,1286,1359,1361,1481,1580,1587,1895,1935,2018,2259,2305,2318,2337,2407,2412,2538,2765,2868,3336,3510,3544,3627,3708,3719,3740,3741,3767,3781,3785,3786,3787,3788,3789,3790,3791,3792,3807,5030,5225,5493,5674,5758,5759,5760,6039,6134,6136,7999,
525;0;1137;1235;1;19,24,38,54,55,60,100,137,144,149,169,188,208,251,276,391,408,415,480,516,518,581,715,736,875,904,979,987,1093,1117,1157,1236,1286,1359,1361,1481,1580,1587,1895,1935,2018,2259,2305,2318,2337,2407,2412,2538,2765,2868,3336,3510,3544,3627,3708,3719,3740,3741,3767,3781,3785,3786,3787,3788,3789,3790,3791,3792,3807,5030,5225,5493,5674,5758,5759,5760,6039,6134,6136,7999,
106;0;1235;1279;1;19,24,38,54,55,60,100,137,144,149,169,188,208,251,276,391,408,415,480,516,518,581,715,736,875,904,979,987,1093,1117,1157,1236,1286,1359,1361,1481,1580,1587,1895,1935,2018,2259,2305,2318,2337,2407,2412,2538,2765,2868,3336,3510,3544,3627,3708,3719,3740,3741,3767,3781,3785,3786,3787,3788,3789,3790,3791,3792,3807,5030,5225,5493,5674,5758,5759,5760,6039,6134,6136,7999,
106;1;1440;1496;1;19,24,38,54,55,60,100,137,144,149,169,188,208,251,276,391,408,415,480,516,518,581,715,736,772,773,849,875,904,946,948,979,987,1093,1117,1157,1236,1286,1359,1361,1481,1580,1587,1895,1935,2018,2259,2305,2318,2337,2407,2412,2510,2538,2635,2653,2765,2868,3336,3447,3510,3544,3627,3708,3719,3740,3741,3767,3781,3785,3786,3787,3788,3789,3790,5030,5594,6226,7556,8534,
488;0;1496;1602;1;24,55,60,74,100,117,137,144,149,150,185,186,188,189,202,208,251,276,391,516,578,655,715,736,772,773,867,872,875,948,979,987,1068,1117,1152,1226,1236,1286,1359,1361,1481,1511,1562,1718,1875,2018,2198,2276,2305,2318,2337,2635,2653,2845,2921,2936,3004,3082,3612,4074,5030,5175,5266,5290,5708,5927,6283,6510,6568,6678,6776,7826,7975,8060,8061,8062,8063,8064,8065,8066,
457;0;1602;1721;1;24,55,60,74,100,117,137,144,149,150,185,186,188,189,202,208,251,276,391,516,578,655,715,736,772,773,867,872,875,948,979,987,1068,1117,1152,1226,1236,1286,1359,1361,1481,1511,1562,1718,1875,2018,2198,2276,2305,2318,2337,2635,2653,2845,2921,2936,3004,3082,3310,3612,4074,5030,5076,5078,5175,5266,5290,5708,5927,5951,5952,5976,5987,5992,6283,6355,6510,6729,7077,7641,
56;0;1721;1765;1;24,28,46,55,60,74,100,117,137,144,149,150,185,186,188,189,202,208,251,276,391,503,516,578,655,715,736,772,773,867,872,875,948,979,987,1068,1117,1152,1226,1236,1286,1359,1361,1481,1511,1562,1716,1718,1875,2018,2036,2074,2090,2198,2276,2305,2318,2337,2635,2653,2845,2890,2921,2936,3004,3006,3082,3246,3310,3449,3808,3906,4114,4273,5076,5078,5951,5976,5987,5992,
56;1;1765;1842;1;24,28,46,55,60,74,100,117,137,144,149,150,185,186,188,189,202,208,251,276,391,395,503,516,578,655,715,736,772,773,867,872,875,891,948,979,987,1068,1117,1147,1152,1226,1236,1286,1359,1361,1469,1481,1511,1562,1716,1718,1875,2018,2036,2074,2090,2198,2276,2305,2318,2337,2635,2653,2845,2890,2921,2936,3004,3006,3082,3246,3310,3449,5076,5078,5951,5976,5987,5992,
581;0;1842;1968;1;55,100,117,137,144,149,185,188,208,276,343,391,395,516,666,677,715,736,772,773,850,1043,1117,1147,1236,1359,1365,1390,1450,1481,1529,1972,2052,2094,2318,2337,2339,2626,2627,2628,2635,2645,2653,2663,2678,2689,2708,2951,3161,3752,4447,5076,5078,5140,5525,5526,5527,5528,5529,5530,5531,5532,5533,5534,5535,5536,5537,5538,5539,5540,5541,5542,5543,5544,5545,5546,5547,5548,5549,5550,
407;0;1968;2096;1;55,100,117,137,144,149,185,188,208,276,343,391,395,516,666,677,715,736,772,773,850,1043,1117,1147,1236,1359,1365,1390,1450,1481,1529,1972,2052,2094,2318,2337,2339,2626,2627,2628,2635,2645,2653,2663,2678,2689,2708,2951,3161,3752,4447,5076,5078,5140,5525,5526,5527,5528,5529,5530,5531,5532,5533,5534,5535,5536,5537,5538,5539,5540,5541,5542,5543,5544,5545,5546,5547,5548,5549,7329,
93;0;2096;2217;0;26,55,100,117,137,144,149,185,188,208,276,343,391,395,430,516,598,666,677,715,736,772,773,850,1043,1117,1147,1236,1359,1365,1390,1450,1481,1529,1858,1972,2052,2094,2318,2337,2339,2626,2627,2628,2635,2645,2653,2663,2678,2689,2708,2951,3049,3161,3413,3752,3835,4447,5076,5078,5140,5525,5526,5527,5528,5529,5530,5531,5532,5533,5538,7296,7363,8077,8396,8576,8577,8826,8827,8828,
93;1;2217;2369;0;26,55,100,117,137,144,149,185,188,208,276,343,391,395,430,516,598,666,677,715,736,772,773,850,1043,1117,1147,1236,1359,1365,1390,1450,1481,1529,1858,1972,2052,2094,2318,2337,2339,2626,2627,2628,2635,2645,2653,2663,2678,2689,2708,2951,3049,3161,3413,3752,3835,4447,5076,5078,5140,5525,5526,5527,5528,5529,5530,5531,5532,5533,5538,7296,7363,8077,8396,8576,8577,8826,8827,8828,
70;0;2880;3041;0;95,100,137,144,225,234,245,262,267,268,273,276,285,288,290,291,304,306,313,314,317,351,382,395,430,434,595,772,773,892,905,912,939,1147,1165,1170,1177,1207,1209,1211,1236,1484,1676,1738,1919,1970,2052,2132,2133,2337,2356,2357,2358,2359,2360,2361,2362,2363,2364,2365,2366,2367,2368,2369,2370,2371,2372,2373,2374,2375,2376,2377,2378,2379,2380,2381,2628,2663,2689,7296,
70;1;3041;3139;0;95,100,137,144,225,234,245,262,267,268,273,276,285,288,290,291,304,306,313,314,317,351,382,395,430,434,595,772,773,892,905,912,939,1147,1165,1170,1177,1207,1209,1211,1236,1484,1676,1738,1919,1970,2052,2132,2133,2337,2356,2357,2358,2359,2360,2361,2362,2363,2364,2365,2366,2367,2368,2371,2372,2628,2663,2689,6360,6926,7284,7296,7644,7648,8216,8219,8221,8225,8227,8228,
6;0;3139;3195;0;95,100,137,144,225,234,245,262,267,268,273,276,285,288,290,291,304,306,313,314,317,351,382,395,430,434,595,772,773,892,905,912,939,1147,1165,1170,1177,1207,1209,1211,1236,1484,1676,1738,1919,1970,2052,2132,2133,2337,2356,2357,2358,2359,2360,2361,2362,2363,2364,2365,2366,2367,2368,2371,2372,2628,2663,2689,2960,6360,6926,7284,7296,7644,7648,8216,8219,8221,8225,8227,
6;1;3195;3331;0;95,100,103,137,144,225,234,245,262,264,267,268,273,276,285,286,288,290,291,304,306,313,314,317,340,351,382,395,430,434,595,772,773,835,855,892,905,912,939,1147,1165,1170,1177,1207,1209,1211,1236,1428,1447,1484,1676,1738,1919,1970,2052,2133,2337,2359,2371,2372,2628,2663,2689,2899,3263,4794,5795,6023,6225,7188,7296,7575,8021,8098,8841,8844,9265,9266,9267,9268,
29;0;3331;3383;0;95,100,103,137,139,144,225,234,245,262,264,267,268,273,276,285,286,288,290,291,304,306,313,314,317,340,351,382,395,430,434,595,640,772,773,835,855,892,905,912,939,1121,1147,1165,1170,1171,1177,1207,1209,1211,1236,1428,1472,1484,1675,1814,2052,2133,2337,2359,2371,2663,3263,3915,3916,3917,3918,3919,3920,3921,3922,3923,3924,3925,3926,3927,3928,6225,7188,7296,
29;1;3383;3520;0;95,100,137,139,144,145,225,226,233,234,241,262,267,268,273,275,277,284,285,286,287,288,289,290,291,292,301,429,430,609,612,772,827,835,855,1099,1146,1172,1211,1236,1358,1484,1519,1525,1734,1735,1915,1916,1918,2052,2091,2133,2337,2338,2573,2663,3763,3920,4426,4533,5185,5186,5187,5188,5189,5190,5191,5192,5193,5194,5195,5196,5197,5198,5199,5200,5201,6225,7188,7296,
429;0;3520;3699;0;95,100,137,139,144,146,225,275,289,290,430,436,644,715,772,833,835,852,855,921,1019,1211,1236,1424,1470,1484,2225,2318,2382,2391,2405,2594,2625,2634,2640,2642,2652,2657,2663,2680,2686,2691,2986,3152,3618,4033,4371,4733,4934,4974,5206,5397,5612,5768,5943,6107,6163,6169,6179,6180,7188,7212,7296,7299,7308,7316,7419,7420,7421,7422,8415,8432,8799,8801,8803,8804,8806,8808,8809,8810,
447;0;3699;3863;0;95,100,137,139,144,146,225,275,289,290,430,436,644,715,772,833,835,852,855,921,1019,1211,1236,1424,1470,1484,2225,2318,2382,2391,2405,2594,2625,2634,2640,2642,2652,2657,2663,2680,2686,2691,2986,3152,3618,4033,4371,4733,4934,4974,5206,5397,5612,5768,5943,6107,6163,6169,6179,6180,7188,7212,7296,7299,7308,7316,7419,7420,7421,7422,8415,8432,8799,8801,8803,8804,8806,8808,8809,8810,
155;0;3863;3904;0;95,100,137,139,144,146,225,275,289,290,430,436,644,715,772,833,835,852,855,921,1019,1211,1236,1424,1470,1484,2225,2318,2382,2391,2405,2594,2625,2634,2640,2642,2652,2657,2663,2680,2686,2691,2986,3152,3618,4033,4371,4733,4934,4974,5206,5397,5612,5768,5943,6107,6163,6169,6179,6180,7188,7212,7296,7299,7308,7316,7419,7420,7421,7422,8415,8432,8799,8801,8803,8804,8806,8808,8809,8810,
155;1;4320;4439;0;95,100,137,139,144,146,225,275,289,290,430,436,644,715,772,833,835,852,855,921,1019,1201,1211,1236,1424,1470,1484,2225,2318,2382,2391,2405,2594,2625,2634,2640,2642,2652,2657,2663,2680,2686,2691,2778,2986,3152,3618,4033,4371,4603,4604,4612,4613,4733,4934,4974,5206,5305,5397,5612,5768,5873,5943,6107,6163,6169,6179,6180,6749,7188,7212,7296,7299,7308,7316,7419,8070,8071,8072,8073,
502;0;4439;4583;0;95,100,137,139,144,146,225,275,289,290,321,430,436,644,715,772,833,835,852,855,921,1019,1201,1211,1236,1424,1470,1484,2225,2318,2382,2391,2405,2594,2625,2634,2640,2642,2652,2657,2663,2680,2686,2691,2778,2986,3152,3618,4033,4371,4603,4604,4612,4613,4733,4934,4974,5206,5305,5397,5612,5768,5873,5943,6107,6163,6169,6179,6180,6749,7188,7212,7296,7299,7308,7316,7419,8070,8071,8072,
128;0;4583;4631;0;95,100,137,139,144,146,225,275,289,290,321,430,436,644,715,772,833,835,852,855,921,1019,1201,1211,1236,1424,1470,1484,2225,2318,2382,2391,2405,2594,2625,2634,2640,2642,2652,2657,2663,2680,2686,2691,2778,2986,3152,3218,3226,3482,3484,3503,3618,3677,3679,4033,4371,4603,4604,4974,5073,5074,5075,5076,5077,5078,5079,5080,5081,5082,5083,5084,5085,5086,5087,5088,5206,5943,7296,7316,
128;1;4631;4723;0;95,100,137,139,144,146,225,275,289,290,321,430,436,644,666,715,765,772,814,833,835,852,855,921,1019,1201,1211,1236,1352,1390,1424,1470,1481,1484,1523,2225,2318,2382,2391,2635,2653,2678,2721,2802,2803,2812,2986,3218,3484,3503,3527,4033,4974,5206,5336,5525,5530,5633,5637,5722,5868,5943,6024,6308,6309,6310,6311,6312,6313,6314,6315,6316,6317,6318,6319,6320,6321,6322,7296,7316,
462;0;4723;4837;0;95,100,136,137,139,144,146,149,225,289,290,297,321,430,436,644,647,666,715,765,833,854,855,914,921,927,1118,1149,1211,1236,1481,1484,1618,1668,1670,1671,1825,1920,1922,1973,2318,2382,2391,2635,2651,2986,3218,4018,4033,4572,4654,4968,4974,5015,5135,5139,5206,5250,5251,5252,5253,5254,5255,5256,5257,5258,5259,5260,5261,5525,5530,5637,5722,5943,6309,6310,6311,6313,7296,7316,
439;0;4837;4948;0;95,100,136,137,139,144,146,149,225,289,290,297,321,430,436,644,647,666,715,765,833,854,855,914,921,927,1118,1149,1211,1236,1481,1484,1618,1668,1670,1671,1825,1920,1922,1973,2318,2382,2391,2635,2651,2986,3218,3486,3487,3490,3500,3501,4018,4033,4572,4654,4968,4974,5015,5135,5139,5206,5250,5251,5252,5253,5254,5255,5258,5525,5530,5637,5722,5943,6309,6310,6311,6313,7296,7316,
132;0;4948;4981;0;95,100,136,137,139,144,146,149,185,206,225,289,290,297,321,430,436,644,647,666,715,765,833,854,855,914,921,927,1063,1118,1149,1211,1236,1333,1481,1484,1618,1668,1670,1671,1825,1920,1922,1973,1988,2318,2382,2391,2635,2651,2986,3218,3256,3345,3486,3487,3490,3500,3501,4018,4033,4572,4654,4968,4974,5015,5135,5206,5258,5525,5530,5637,5722,5943,6309,6310,6311,6313,7296,7316,
132;1;4981;5050;0;8,95,100,136,137,139,142,144,149,206,225,289,321,390,398,404,405,429,430,436,644,645,646,647,648,666,715,765,833,854,855,921,995,1056,1062,1118,1146,1149,1211,1236,1293,1294,1432,1481,1484,1618,1668,1670,1973,2102,2106,2155,2382,2391,2916,2986,3218,3501,4033,4974,5206,5258,5943,6225,7213,7296,7301,7316,7868,8199,8364,8488,8489,8581,8798,9125,9126,9127,9128,9129,
491;0;5050;5144;0;8,95,100,136,137,139,142,144,149,206,225,289,321,390,398,404,405,429,430,436,644,645,646,647,648,666,715,765,833,854,855,921,995,1056,1062,1118,1146,1149,1211,1236,1293,1294,1432,1481,1484,1618,1668,1670,1973,2102,2106,2155,2382,2391,2916,2986,3218,3501,4033,4974,5206,5258,5943,6225,7213,7296,7301,7316,7868,8199,8364,8488,8489,8581,8798,9125,9126,9127,9128,9129,
100;0;5144;5189;0;8,95,100,136,137,139,142,144,149,206,225,289,321,390,398,404,405,429,430,436,644,645,646,647,648,666,715,765,833,854,855,921,995,1056,1062,1118,1146,1149,1211,1236,1293,1294,1432,1481,1484,1618,1668,1670,1973,2102,2106,2155,2382,2391,2916,2986,3218,3501,4033,4974,5206,5258,5943,6225,7213,7296,7301,7316,7868,8199,8364,8488,8489,8581,8798,9125,9126,9127,9128,9129,
100;1;5189;5230;0;8,95,100,136,137,139,142,144,149,206,225,289,321,390,398,404,405,429,430,436,644,645,646,647,648,666,715,765,833,854,855,921,995,1056,1062,1118,1146,1149,1211,1236,1293,1294,1432,1481,1484,1618,1668,1670,1973,2102,2106,2155,2382,2391,2916,2986,3218,3501,4033,4974,5206,5258,5943,6225,7213,7296,7301,7316,7868,8199,8364,8488,8489,8581,8798,9125,9126,9127,9128,9129,
140;0;5230;5331;1;8,95,100,136,137,139,142,144,149,206,225,289,321,390,398,404,405,429,430,436,644,645,646,647,648,666,715,765,833,854,855,921,995,1056,1062,1118,1146,1149,1211,1236,1293,1294,1432,1481,1484,1618,1668,1670,1973,2102,2106,2155,2382,2391,2916,2986,3218,3501,4033,4974,5206,5258,5943,6225,7213,7296,7301,7316,7868,8199,8364,8488,8489,8581,8798,9125,9126,9127,9128,9129,
140;1;5760;5791;1;8,95,100,136,137,142,144,149,206,225,398,404,429,430,436,647,854,855,1118,1146,1149,1211,1484,1973,2382,2391,3177,3178,3179,3180,3181,3182,3183,3184,3185,3186,3187,3188,3189,3190,3191,3192,3193,3194,3195,3196,3197,3198,3199,3200,3201,3202,3203,3204,3205,3206,3207,3208,3209,3210,3211,3212,3213,3214,3215,3216,3217,3218,3219,3220,3221,3222,3223,3224,3225,3501,4974,5206,5258,5943,
85;0;5791;5808;1;8,95,100,136,137,142,144,149,206,225,262,277,288,329,379,398,400,404,429,430,436,647,854,855,898,949,1118,1146,1149,1211,1359,1474,1484,1680,1973,2382,2391,3099,3177,3178,3179,3180,3181,3182,3183,3184,3185,3186,3187,3188,3189,3190,3191,3192,3193,3194,3195,3196,3197,3198,3199,3200,3201,3202,3203,3204,3205,3206,3207,3208,3209,3210,3218,3501,4974,5206,5223,5224,5258,5943,
85;1;5808;5928;1;8,95,100,136,137,142,144,149,206,225,262,277,288,329,379,398,400,404,429,430,436,647,854,855,898,949,1118,1146,1149,1211,1359,1474,1484,1680,1973,2382,2391,3099,3177,3178,3179,3180,3181,3182,3183,3184,3185,3186,3187,3188,3189,3190,3191,3192,3193,3194,3195,3196,3197,3198,3199,3200,3201,3202,3203,3205,3207,3210,3218,3470,3492,3501,4974,5206,5223,5258,5943,8339,8340,8341,
21;0;5928;6057;1;1,3,4,8,95,100,136,137,142,144,149,206,225,226,241,262,288,304,329,391,404,429,436,647,777,854,933,1050,1132,1146,1149,1207,1211,1431,1484,1681,1682,1735,1809,1918,1921,2109,2127,2319,2382,2391,2613,2822,2824,3267,3744,3920,4470,4496,4597,4749,4836,4857,4892,4931,4965,4966,4974,5046,5202,5206,5258,5379,5695,5943,6293,6665,7186,7400,9272,9273,9274,9275,9276,9277,
21;1;6057;6071;1;1,3,4,8,95,100,136,137,142,144,145,149,206,225,226,231,241,262,288,304,314,329,391,404,429,436,647,777,854,933,1050,1058,1117,1132,1146,1149,1207,1211,1431,1476,1478,1479,1484,1681,1682,1735,1802,1809,1918,1921,1947,2109,2127,2319,2382,2391,2613,2716,2822,2824,3267,3744,3920,4470,4496,4597,4749,4836,4857,4892,4931,4965,4966,5206,6185,7010,7321,7855,7856,7857,
443;0;6071;6218;1;1,3,4,8,95,100,136,137,142,144,145,149,206,225,226,231,241,262,288,304,314,329,391,404,429,436,647,777,854,933,1050,1058,1117,1132,1146,1149,1207,1211,1431,1476,1478,1479,1484,1681,1682,1735,1802,1809,1918,1921,1947,2109,2127,2319,2382,2391,2613,2622,2677,2716,2822,2824,3267,3744,3920,4470,4496,4597,4749,4836,4857,4892,4931,4965,4966,5206,6185,7010,7321,7855,
596;0;6218;6366;1;1,3,4,8,95,100,136,137,142,144,145,149,206,225,226,231,241,262,288,304,314,329,391,395,397,404,429,436,647,777,834,854,933,1050,1058,1117,1132,1146,1149,1207,1211,1431,1476,1478,1479,1484,1681,1682,1735,1802,1809,1918,1921,1947,2109,2127,2319,2382,2391,2613,2622,2677,2716,2822,2824,3267,3744,3745,3920,4470,4496,4597,4749,4836,4857,4892,4931,5206,9000,9010,
448;0;6366;6516;1;4,9,55,61,95,137,144,145,188,206,208,225,226,229,231,240,242,245,262,266,268,339,391,401,404,405,429,430,432,443,490,491,516,547,719,736,796,895,965,1041,1119,1146,1147,1149,1283,1529,1558,1607,1608,1609,1610,1611,1612,1613,1614,1615,1616,1617,1618,1619,1620,1621,1622,1623,1624,1625,1626,2305,2599,2627,2970,2971,2972,2973,2974,2975,2976,2977,3993,5857,
411;0;6516;6667;1;4,9,55,61,95,137,144,145,188,206,208,225,226,229,231,240,242,245,262,266,268,339,391,401,404,405,429,430,432,443,490,491,516,547,719,736,796,895,965,1041,1119,1146,1147,1149,1283,1529,1558,1607,1608,1609,1610,1611,1612,1613,1614,1615,1616,1617,1618,1619,1620,1621,1622,1623,1624,1625,1626,2305,2599,2627,2970,2971,2972,2973,2974,2975,2976,2977,3993,5857,
Machine: 1
410;0;0;4;1;19,74,79,95,137,139,146,149,204,245,247,262,288,289,308,314,340,391,502,503,506,529,558,577,600,787,790,838,891,938,949,960,1056,1117,1162,1163,1164,1166,1170,1176,1177,1181,1221,1275,1290,1293,1467,1479,1558,1589,1592,1651,1700,1996,2064,2070,2117,2509,2512,3029,3050,3306,3348,3810,3829,3948,4114,4115,4116,4405,4440,4452,4813,5050,5091,5092,5093,5094,5095,5096,
478;0;4;18;1;19,74,79,95,137,139,146,149,204,245,247,262,288,289,308,314,340,391,502,503,506,529,558,577,600,787,790,838,891,938,949,960,1056,1117,1162,1163,1164,1166,1170,1176,1177,1181,1221,1275,1290,1293,1467,1479,1558,1589,1592,1651,1700,1996,2064,2070,2117,2509,2512,3029,3050,3306,3348,3810,3829,3948,4114,4115,4116,4405,4440,4452,4813,5050,5091,5092,5093,5094,5095,5096,
420;0;18;34;1;19,74,79,95,137,139,146,149,204,245,247,262,288,289,308,314,340,391,502,503,506,529,558,577,600,787,790,838,891,938,949,960,1056,1117,1162,1163,1164,1166,1170,1176,1177,1181,1221,1275,1290,1293,1467,1479,1558,1589,1592,1651,1700,1996,2064,2070,2117,2509,2512,3029,3050,3306,3348,3810,3829,3948,4114,4115,4116,4405,4440,4452,4813,5050,5091,5092,5093,5094,5095,5096,
450;0;34;59;1;19,74,79,95,137,139,146,149,204,245,247,262,288,289,308,314,340,391,502,503,506,529,558,577,600,787,790,838,891,938,949,960,1056,1117,1162,1163,1164,1166,1170,1176,1177,1181,1221,1275,1290,1293,1467,1479,1558,1589,1592,1651,1700,1996,2064,2070,2117,2509,2512,3029,3050,3306,3348,3810,3829,3948,4114,4115,4116,4405,4440,4452,4813,5050,5091,5092,5093,5094,5095,5096,
499;0;59;92;1;19,74,79,95,137,139,146,149,204,245,247,262,288,289,308,314,340,391,502,503,506,529,558,577,600,787,790,838,891,938,949,960,1056,1117,1162,1163,1164,1166,1170,1176,1177,1181,1221,1275,1290,1293,1467,1479,1558,1589,1592,1651,1700,1996,2064,2070,2117,2509,2512,3029,3050,3306,3348,3810,3829,3948,4114,4115,4116,4405,4440,4452,4813,5050,5091,5092,5093,5094,5095,5096,
497;0;92;128;1;19,55,74,79,95,137,139,146,149,204,245,247,251,262,288,289,308,314,340,391,502,503,506,529,558,577,600,787,790,838,891,938,949,960,1056,1117,1162,1163,1164,1166,1170,1176,1177,1181,1221,1275,1290,1293,1467,1479,1558,1589,1592,1651,1700,1996,2064,2070,2117,2305,2306,2509,2512,3029,3050,3306,3348,3810,3829,3948,4114,4115,4116,4405,4440,4452,4813,5050,5091,5092,
435;0;128;167;1;19,55,74,79,95,137,139,146,149,204,245,247,251,262,288,289,308,314,340,391,502,503,506,529,558,577,600,787,790,838,891,938,949,960,1056,1117,1162,1163,1164,1166,1170,1176,1177,1181,1221,1275,1290,1293,1467,1479,1558,1589,1592,1651,1700,1996,2064,2070,2117,2305,2306,2509,2512,3029,3050,3306,3348,3810,3829,3948,4114,5050,8551,8559,8640,9053,9059,9112,9113,9114,
547;0;167;208;1;19,27,28,30,55,74,79,95,137,139,146,149,155,169,204,245,247,251,262,288,289,308,314,340,391,407,408,415,427,502,503,504,506,510,529,558,577,600,748,838,891,938,949,1056,1117,1162,1163,1164,1166,1170,1176,1177,1196,1275,1290,1293,1467,1479,1580,1651,1849,2036,2070,2074,2179,2285,2306,2512,3003,3004,3005,3006,3007,3008,3009,3010,3306,3948,5050,8559,
469;0;208;254;1;19,26,27,28,30,55,74,79,95,137,139,146,149,155,169,204,245,247,251,262,288,289,308,314,340,391,407,408,415,427,502,503,504,506,510,528,529,558,838,891,938,949,1056,1117,1163,1164,1166,1170,1176,1177,1196,1242,1270,1271,1272,1275,1276,1278,1283,1288,1290,1291,1293,1419,1467,1479,1580,1651,1702,1777,1783,2070,2179,2306,2512,3306,3948,4282,5050,8559,
585;0;254;306;1;7,8,19,26,27,28,30,55,74,79,95,137,138,139,146,149,155,169,204,245,247,251,262,288,289,308,314,340,390,391,392,394,398,407,408,415,502,503,504,510,528,529,838,891,938,949,1049,1050,1054,1055,1056,1057,1117,1163,1164,1166,1170,1176,1177,1196,1242,1270,1275,1288,1291,1293,1467,1479,1580,1651,1675,1783,2070,2179,2306,2512,3306,3948,5050,8559,
73;0;306;340;1;7,8,19,26,27,28,30,55,74,79,95,137,138,139,146,149,152,155,169,204,245,247,251,262,288,289,308,314,340,390,391,398,412,502,503,504,510,528,529,838,891,938,949,1050,1054,1056,1057,1117,1163,1164,1166,1170,1176,1177,1196,1225,1242,1270,1275,1288,1291,1293,1467,1479,1580,1651,1675,1783,2070,2179,2306,2512,2958,3022,3306,3948,4377,4378,5050,8559,
73;1;340;361;1;7,8,26,27,55,95,137,138,139,144,146,149,155,169,177,178,179,184,234,245,251,262,267,288,289,303,304,305,308,311,312,314,316,321,340,390,391,398,502,503,504,510,528,529,838,891,938,949,1050,1054,1056,1057,1117,1163,1164,1166,1170,1176,1177,1196,1242,1270,1275,1288,1291,1293,1467,1479,1580,1651,1675,1783,2070,2179,2306,2512,3306,3948,5050,8559,
472;0;361;421;1;26,27,55,95,137,138,139,144,146,149,155,169,177,178,179,225,233,245,251,262,267,277,288,289,303,304,308,314,321,340,390,391,398,404,502,503,528,529,838,891,938,948,949,1050,1054,1056,1057,1117,1163,1164,1166,1170,1176,1177,1196,1242,1270,1275,1288,1291,1293,1467,1474,1478,1479,1580,1651,1675,1679,1803,2070,2179,2306,2455,2512,3948,4934,5050,5679,5680,
530;0;421;490;1;20,24,25,26,27,37,39,41,43,48,50,54,76,95,137,138,139,144,146,149,155,169,177,178,179,194,217,225,251,262,267,277,288,289,304,308,314,321,390,391,398,502,512,528,838,875,891,938,948,949,1050,1056,1057,1117,1163,1164,1166,1170,1176,1177,1270,1275,1288,1293,1467,1474,1478,1479,1580,1651,1675,1679,2179,2306,4286,5050,5513,7243,7657,7658,
521;0;490;569;1;20,24,25,26,27,37,41,50,54,95,137,138,139,144,146,149,155,169,177,178,179,225,251,262,267,277,288,289,304,308,314,321,390,391,398,502,528,838,875,891,938,948,949,1050,1056,1057,1117,1163,1164,1166,1170,1176,1177,1270,1275,1288,1293,1467,1474,1478,1479,1580,1651,1675,1679,2179,2306,5050,6360,7479,8219,8375,8376,8379,8380,8381,8382,8383,8384,8385,
489;0;569;656;1;20,24,25,26,27,37,41,50,54,95,137,138,139,144,146,149,155,169,177,178,179,225,251,262,267,277,288,289,304,308,314,321,390,391,398,502,528,838,875,891,938,948,949,1050,1056,1057,1117,1163,1164,1166,1170,1176,1177,1270,1275,1288,1293,1467,1474,1478,1479,1580,1651,1675,1679,2179,2306,5050,6360,7262,7479,8219,8375,8376,8379,8380,8381,8382,8383,8384,
71;0;656;830;0;24,25,37,38,50,60,137,139,144,145,146,149,179,225,231,262,288,289,291,295,298,314,329,377,390,391,397,429,502,659,838,839,891,901,949,1117,1118,1170,1177,1277,1293,1479,1540,1675,1723,1809,1884,2504,2645,2774,2778,3126,3263,3345,3435,4313,4317,4450,4604,4605,4606,4612,4759,4800,4816,5043,5050,5890,5891,5892,5894,5895,5898,5899,5901,6126,6127,6128,6129,6130,
71;1;830;964;0;24,25,37,38,50,60,137,139,144,145,146,149,179,225,231,262,288,289,291,295,298,314,329,377,390,391,397,429,502,659,838,839,891,901,949,1117,1118,1170,1177,1277,1293,1479,1540,1675,1723,1809,1884,2504,2645,2774,2778,3126,3263,3345,3435,4313,4317,4450,4604,4605,4606,4612,4759,4800,4816,5043,5050,5890,5891,5892,5894,5895,5898,5899,5901,6126,6127,6128,6129,6130,
138;0;964;1126;0;24,25,37,38,50,60,137,139,144,145,146,149,179,225,231,262,288,289,291,295,298,314,329,377,390,391,397,429,502,659,838,839,891,901,949,1117,1118,1170,1177,1277,1293,1479,1540,1675,1723,1809,1884,2504,2645,2774,2778,3126,3263,3345,3435,4313,4317,4450,4604,4605,4606,4612,4759,4800,4816,5043,5050,5890,5891,5892,5894,5895,5898,5899,5901,6126,6127,6128,6129,6130,
138;1;1126;1226;0;24,25,37,38,50,60,137,139,144,145,146,149,179,225,231,262,288,289,291,295,298,314,329,377,390,391,397,429,502,659,838,839,891,901,949,1117,1118,1170,1177,1277,1293,1479,1540,1675,1723,1809,1884,2504,2645,2774,2778,3126,3263,3345,3435,4313,4317,4450,4604,4605,4606,4612,4759,4800,4816,5043,5050,5890,5891,5892,5894,5895,5898,5899,5901,6126,6127,6128,6129,6130,
41;0;1226;1395;0;24,25,37,38,50,60,137,139,144,145,146,149,179,225,231,262,288,289,291,295,298,314,329,377,390,391,397,429,502,659,838,839,891,901,949,1117,1118,1170,1177,1277,1293,1479,1540,1675,1723,1809,1884,2504,2645,2774,2778,3126,3263,3345,3435,4313,4317,4450,4604,4605,4606,4612,4759,4800,4816,5043,5050,5890,5891,5892,5894,5895,5898,5899,5901,6126,6127,6128,6129,6130,
41;1;1440;1523;0;24,25,37,38,50,137,139,144,145,146,149,179,225,231,262,275,288,289,291,292,295,296,298,314,329,377,390,391,397,400,429,502,640,838,891,1068,1117,1118,1121,1170,1177,1277,1293,1307,1675,1723,1733,1809,1821,1884,1915,2091,2134,2645,2723,2774,2777,2778,2788,3263,3435,4526,4604,4605,4606,4610,4612,4759,4996,5305,5499,5890,5894,5895,5898,5899,6129,7900,7901,7902,
178;0;1523;1659;0;18,21,24,25,37,38,42,45,46,50,52,137,139,144,145,146,149,179,225,231,262,288,289,291,292,295,298,314,329,377,390,391,397,400,429,502,622,640,778,814,838,891,977,1006,1007,1011,1117,1118,1170,1277,1293,1305,1390,1427,1675,1723,1809,1884,2134,2413,2645,2774,2778,3125,3263,3435,4604,4605,4606,4612,4917,4918,5894,5895,5898,5899,6129,7796,7797,7798,
178;1;1659;1723;0;18,21,24,25,37,38,42,45,46,50,52,137,139,144,145,146,149,179,225,231,262,288,289,291,292,295,298,314,329,377,390,391,397,400,429,502,622,640,778,814,838,891,977,1006,1007,1011,1117,1118,1170,1277,1293,1305,1390,1427,1675,1723,1809,1884,2134,2413,2645,2774,2778,3125,3263,3435,4604,4605,4606,4612,5894,5895,5898,5899,6129,6133,6136,7956,8282,8284,
0;0;1723;1745;0;18,21,24,25,37,38,42,45,46,50,52,137,139,144,145,146,149,179,225,231,262,288,289,291,292,295,298,314,329,377,390,391,397,400,429,442,502,622,640,778,814,838,891,977,1117,1118,1145,1170,1277,1293,1484,1675,1723,1809,1884,1941,2134,2223,2436,2465,2645,2774,2778,2892,3263,3337,3338,3339,3340,3435,4604,4605,4606,4612,5894,5895,5898,5899,6129,6136,
0;1;1745;1919;0;18,21,24,25,37,38,42,45,46,50,52,137,139,144,145,146,149,179,225,226,231,262,288,289,291,292,295,298,314,329,377,390,391,397,400,429,442,502,622,640,778,814,838,891,977,1117,1118,1145,1170,1277,1293,1484,1488,1675,1723,1809,1884,1941,2134,2223,2436,2465,2645,2774,2778,2892,3263,3435,3535,4033,4604,4605,4606,4612,5894,5895,5898,5899,6129,6136,
197;0;1919;2097;0;18,21,24,25,37,38,137,139,144,145,149,179,225,226,231,262,288,289,291,292,295,298,314,329,377,390,391,397,400,429,442,502,640,838,891,1117,1118,1145,1170,1277,1293,1484,1488,1723,1809,1884,2134,2223,2645,2774,2778,3263,3435,3663,3679,3686,3690,4604,4605,4606,4612,5082,5894,5895,5898,5899,6003,6004,6005,6006,6007,6008,6009,6010,6011,6012,6013,6058,6129,6136,
197;1;2097;2108;0;18,21,24,25,37,38,137,139,144,145,149,179,225,226,231,262,288,289,291,292,295,298,314,329,377,390,391,395,397,400,429,442,502,640,838,891,1117,1118,1145,1170,1277,1293,1484,1488,1723,1809,1884,2134,2223,2467,2645,2774,2778,3263,3435,3663,3679,3686,3690,4604,4605,4606,4612,5082,5894,5895,5898,5899,6003,6004,6005,6006,6007,6008,6009,6010,6011,6012,6129,6136,
460;0;2108;2281;0;61,95,100,137,144,145,149,225,289,291,308,359,391,409,426,429,666,677,694,715,765,836,838,891,938,1056,1117,1148,1164,1165,1166,1167,1169,1170,1171,1172,1176,1359,1467,1481,1482,1483,1549,1565,1572,1651,2052,2106,2225,2318,2321,2416,2461,2475,2626,2628,2661,2678,2679,2826,2844,2846,2848,2849,2850,2903,4473,4632,4709,4710,5525,5685,5722,5876,6022,6114,6129,6386,6387,9158,
561;0;2281;2445;0;61,95,100,137,144,145,149,225,289,291,308,359,391,409,426,429,666,677,694,715,765,836,838,891,938,1056,1117,1148,1164,1165,1166,1167,1169,1170,1171,1172,1176,1359,1467,1481,1482,1483,1549,1565,1572,1651,2052,2106,2225,2318,2321,2416,2461,2475,2626,2628,2661,2678,2679,2826,2844,2846,2848,2849,2850,2903,4473,4632,4709,4710,5525,5685,5722,5876,6022,6114,6129,6386,6387,9158,
131;0;2445;2506;0;61,95,100,137,144,145,149,225,289,291,308,359,391,409,426,429,666,677,694,715,765,836,838,891,938,1056,1117,1148,1164,1165,1166,1167,1169,1170,1171,1172,1176,1359,1467,1481,1482,1483,1549,1565,1572,1651,2052,2106,2225,2318,2321,2416,2461,2475,2626,2628,2661,2678,2679,2826,2844,2846,2848,2849,2850,2903,4473,4632,4709,4710,5525,5685,5722,5876,6022,6114,6129,6386,6387,9158,
131;1;2506;2607;0;61,95,100,137,144,145,149,225,289,291,308,359,391,409,426,429,666,677,694,715,765,836,838,891,938,1056,1117,1148,1164,1165,1166,1167,1169,1170,1171,1172,1176,1359,1467,1481,1482,1483,1549,1565,1572,1651,2052,2106,2225,2318,2321,2416,2461,2475,2626,2628,2661,2678,2679,2826,2844,2846,2848,2849,2850,2903,4473,4632,4709,4710,5525,5685,5722,5876,6022,6114,6129,6386,6387,9158,
31;0;2607;2701;0;61,95,100,137,144,145,149,225,289,291,308,359,391,409,426,429,666,677,694,715,765,836,838,891,938,1056,1117,1148,1164,1165,1166,1167,1169,1170,1171,1172,1176,1359,1467,1481,1482,1483,1549,1565,1572,1651,2052,2106,2225,2318,2321,2416,2461,2475,2626,2628,2661,2678,2679,2826,2844,2846,2848,2849,2850,2903,4473,4632,4709,4710,5525,5685,5722,5876,6022,6114,6129,6386,6387,9158,
31;1;2701;2761;0;61,95,100,137,144,145,149,225,289,291,308,359,391,409,426,429,666,677,694,715,765,836,838,891,938,1056,1117,1148,1164,1165,1166,1167,1169,1170,1171,1172,1176,1359,1467,1481,1482,1483,1549,1565,1572,1651,2052,2106,2225,2318,2321,2416,2461,2475,2626,2628,2661,2678,2679,2826,2844,2846,2848,2849,2850,2903,4473,4632,4709,4710,5525,5685,5722,5876,6022,6114,6129,6386,6387,9158,
81;0;2880;2975;0;27,61,68,95,100,137,144,145,149,170,225,289,291,308,359,391,409,426,429,528,666,677,694,715,765,836,838,891,938,1056,1117,1148,1164,1165,1166,1167,1169,1170,1171,1172,1176,1359,1467,1481,1482,1483,1549,1565,1572,1651,2052,2106,2179,2225,2279,2318,2321,2416,2461,2471,2475,2626,2628,2661,2678,2679,2826,2844,2846,2848,2849,2850,2864,2903,2941,4632,5525,5722,6022,6129,
81;1;2975;3027;0;27,61,68,95,100,137,144,145,149,170,225,231,241,277,289,291,308,314,321,359,391,409,426,429,528,666,677,694,715,765,836,838,854,891,938,1056,1117,1118,1148,1163,1164,1165,1166,1167,1169,1170,1171,1172,1176,1359,1467,1478,1481,1482,1483,1502,1549,1565,1572,1651,1670,2052,2106,2179,2223,2225,2279,2318,2321,2475,2626,2628,2661,2679,2941,4632,5525,5722,6022,6129,
463;0;3027;3170;0;27,61,68,95,100,137,144,145,149,170,225,231,241,271,277,289,291,308,314,321,359,390,391,398,409,426,429,528,645,648,666,677,694,715,765,836,838,854,891,938,1056,1117,1118,1148,1163,1164,1165,1166,1167,1169,1170,1171,1172,1176,1359,1467,1474,1478,1481,1482,1483,1502,1549,1565,1572,1670,2052,2106,2475,2626,2628,2661,2679,2891,2941,4632,5525,5722,6022,6129,
570;0;3170;3298;0;27,61,68,95,100,137,144,145,149,170,225,231,241,271,277,289,291,308,314,321,359,390,391,398,409,426,429,528,645,648,666,677,694,715,765,836,838,854,891,938,1056,1117,1118,1148,1163,1164,1165,1166,1167,1169,1170,1171,1172,1176,1359,1467,1474,1478,1481,1482,1483,1502,1549,1565,1572,1670,2052,2106,2475,2626,2628,2661,2679,2941,4632,5525,5722,6022,6129,6137,
148;0;3298;3377;0;27,61,68,95,100,137,144,145,149,170,225,231,241,271,277,289,291,308,314,321,359,390,391,398,409,426,429,528,645,648,666,677,694,715,765,838,854,1056,1117,1118,1170,1474,1478,1481,1502,1549,1670,2052,2106,2475,2626,2628,2661,2679,2941,3182,3183,3210,3483,3484,3485,3486,3488,3489,3490,3491,3492,3493,3494,3496,3497,3498,3499,3659,3660,4632,5525,5722,6022,6129,
148;1;3377;3417;0;27,61,68,95,100,137,144,145,149,170,225,231,241,271,277,289,291,308,314,321,359,390,391,398,409,426,429,528,645,648,666,677,694,715,765,838,854,1056,1117,1118,1170,1474,1478,1481,1502,1549,1670,2052,2106,2475,2626,2628,2661,2679,2941,3182,3183,3210,3483,3484,3485,3486,3488,3489,3490,4632,4802,5525,5722,5869,6022,6129,6352,7254,7255,7256,7257,7258,7259,7260,
66;0;3417;3458;0;24,27,38,61,68,95,100,137,144,145,149,170,185,189,225,231,241,271,277,289,291,308,314,321,359,390,391,398,409,426,429,491,528,645,648,666,677,694,715,765,838,854,871,872,873,874,972,1056,1117,1118,1170,1456,1474,1478,1481,1502,1549,1670,2052,2106,2475,2626,2628,2661,2679,2941,3182,3183,3210,3483,3484,3485,3486,3488,3489,3490,4632,4802,6022,6129,
66;1;3458;3532;0;3,24,27,38,61,68,95,100,137,139,144,145,149,170,185,189,225,231,241,271,277,289,291,298,308,314,321,359,390,391,398,409,426,429,491,528,645,647,648,666,677,694,765,838,854,855,871,872,873,874,948,972,1056,1117,1118,1170,1456,1474,1478,1481,1502,1549,1670,2052,2106,2626,2628,2661,2679,2941,4552,4632,4650,4802,6022,6129,7713,7716,7720,7721,
35;0;3532;3609;0;24,38,95,144,177,178,179,180,182,183,189,262,277,304,321,329,390,396,398,430,640,644,648,773,838,871,872,873,874,1043,1093,1142,1146,1214,1363,1456,1460,1461,1814,1920,2503,2559,2626,2628,2633,2645,2661,2687,2705,2709,2774,2775,2776,2778,2790,3019,3263,3511,3512,4605,4946,5253,5370,6611,6629,7296,7308,7316,7428,8147,8305,8496,8497,8653,8654,8655,8656,8657,8801,8805,
35;1;3609;3629;0;24,38,95,144,177,178,179,180,182,183,189,262,277,304,321,329,390,396,398,430,640,644,648,773,838,871,872,873,874,1043,1093,1142,1146,1214,1363,1456,1460,1461,1814,1920,2503,2559,2626,2628,2633,2645,2661,2687,2705,2709,2774,2775,2776,2778,2790,3019,3263,3511,3512,4605,4946,5253,5370,6611,6629,7296,7308,7316,7428,8147,8305,8496,8497,8653,8654,8655,8656,8657,8801,8805,
496;0;3629;3723;0;24,38,95,144,177,178,179,180,182,183,189,262,277,304,321,329,390,396,398,430,640,644,648,773,838,871,872,873,874,1043,1093,1142,1146,1214,1363,1456,1460,1461,1814,1920,2503,2559,2626,2628,2633,2645,2661,2687,2705,2709,2774,2775,2776,2778,2790,3019,3263,3511,3512,4605,4946,5253,5370,6611,6629,7296,7308,7316,7428,8147,8305,8496,8497,8653,8654,8655,8656,8657,8801,8805,
418;0;3723;3806;0;24,38,95,144,177,178,179,180,182,183,189,262,277,304,321,329,390,396,398,430,640,644,648,773,838,871,872,873,874,1043,1093,1142,1146,1214,1363,1456,1460,1461,1814,1920,2503,2559,2626,2628,2633,2645,2661,2687,2705,2709,2774,2775,2776,2778,2790,3019,3263,3511,3512,4605,4946,5253,5370,6611,6629,7296,7308,7316,7428,8147,8305,8496,8497,8653,8654,8655,8656,8657,8801,8805,
544;0;3806;3883;0;24,38,95,144,177,178,179,180,182,183,189,262,277,304,321,329,390,396,398,430,640,644,648,773,838,871,872,873,874,1043,1093,1142,1146,1214,1363,1456,1460,1461,1814,1920,2503,2559,2626,2628,2633,2645,2661,2687,2705,2709,2774,2775,2776,2778,2790,3019,3263,3511,3512,4605,4946,5253,5370,6611,6629,7296,7308,7316,7428,8147,8305,8496,8497,8653,8654,8655,8656,8657,8801,8805,
473;0;3883;3956;0;24,38,95,144,177,178,179,180,182,183,189,262,277,304,321,329,390,396,398,430,640,644,648,773,838,871,872,873,874,1043,1093,1142,1146,1214,1363,1456,1460,1461,1814,1920,2503,2559,2626,2628,2633,2645,2661,2687,2705,2709,2774,2775,2776,2778,2790,3019,3263,3511,3512,4605,4946,5253,5370,6611,6629,7296,7308,7316,7428,8147,8305,8496,8497,8653,8654,8655,8656,8657,8801,8805,
113;0;3956;4006;0;24,38,95,144,177,178,179,180,182,183,189,262,277,304,321,329,390,396,398,430,640,644,648,773,838,871,872,873,874,1043,1093,1142,1146,1214,1363,1456,1460,1461,1814,1920,2503,2559,2626,2628,2633,2645,2661,2687,2705,2709,2774,2775,2776,2778,2790,3019,3263,3511,3512,4605,4946,5253,5370,6611,6629,7296,7308,7316,7428,8147,8305,8496,8497,8653,8654,8655,8656,8657,8801,8805,
113;1;4320;4336;0;3,24,95,136,144,178,225,226,262,277,288,329,390,396,398,400,436,640,644,838,871,1093,1118,1126,1146,1363,1470,1478,1486,1609,1661,1668,1679,1807,1920,2053,2109,2114,2118,2120,2123,2124,2125,2128,2129,2130,2132,2134,2135,2140,2142,2143,2645,2774,2775,2778,2854,2855,2953,3263,3511,4511,4533,4534,4543,4546,4551,4553,4554,4555,4605,4656,4676,4677,4678,4679,4680,4681,4682,6665,
486;0;4336;4345;0;3,24,95,136,144,178,202,225,226,262,277,288,329,390,396,398,400,436,640,644,838,871,1093,1118,1126,1146,1363,1470,1478,1486,1609,1661,1668,1679,1807,1920,2053,2109,2114,2118,2120,2123,2124,2125,2128,2129,2130,2132,2134,2135,2140,2142,2143,2168,2645,2774,2775,2778,2854,2855,2953,3263,3414,3511,4511,4533,4534,4543,4546,4551,4553,4554,4555,4605,4656,4676,4677,4678,4679,6705,
471;0;4345;4434;1;3,24,26,95,136,144,155,178,202,225,226,248,255,262,277,288,329,390,396,398,400,436,528,640,644,754,838,871,1093,1118,1126,1146,1268,1269,1270,1275,1285,1286,1287,1288,1289,1293,1295,1363,1470,1478,1486,1609,1661,1668,1679,1807,1920,2053,2109,2114,2118,2120,2123,2124,2125,2128,2129,2130,2132,2134,2135,2140,2142,2645,2774,2775,2778,3263,3511,4553,4605,6514,7012,7013,
193;0;4434;4475;1;3,24,26,95,136,144,155,178,202,225,226,248,255,262,277,288,329,389,390,396,398,400,436,528,640,644,754,835,838,855,871,1093,1118,1126,1146,1268,1269,1270,1275,1285,1286,1287,1288,1289,1293,1295,1363,1470,1478,1486,1609,1661,1668,1679,1807,1920,2053,2109,2120,2645,2692,2728,2774,2775,2778,2806,3263,3511,3524,4498,4553,4605,5146,7294,7299,8166,8260,8320,8989,9065,
193;1;4475;4525;1;3,24,26,95,136,144,155,169,178,202,208,225,226,248,251,255,262,277,288,329,389,390,396,398,400,436,486,518,528,640,644,754,835,838,855,871,875,1093,1118,1126,1146,1268,1269,1270,1275,1285,1286,1287,1288,1289,1293,1295,1363,1470,1478,1486,1580,1609,1661,1668,1920,1935,1936,2053,2120,2306,2412,2645,2692,2774,2775,2778,2830,3263,3511,4383,4453,4553,4605,8166,
118;0;4525;4577;1;95,137,138,231,244,262,267,268,288,290,297,301,390,398,434,438,442,591,640,647,921,927,1057,1118,1123,1146,1363,1476,1478,1603,1608,1668,1669,1671,1750,1756,1765,1920,1921,1970,2052,2105,2250,2391,2491,2532,2645,2649,4397,4399,4400,4401,4472,5205,5214,5223,5400,5656,5697,5738,5739,5741,5746,5747,5748,5749,5750,5751,5752,5753,5754,5755,5756,6180,6193,6607,6799,6872,6873,6874,
118;1;4577;4623;1;95,96,137,138,139,143,149,231,244,262,267,268,288,290,297,301,351,390,391,398,404,434,438,442,591,640,647,911,921,927,1050,1057,1118,1123,1146,1361,1363,1468,1476,1478,1603,1608,1668,1669,1671,1750,1756,1765,1920,1921,1970,1973,2052,2105,2250,2391,2425,2491,2532,2613,2645,2649,4397,4399,4400,4401,4472,5205,5214,5223,5400,5656,5697,5738,6684,7408,9261,9262,9263,9264,
79;0;4623;4718;1;3,137,139,140,144,149,225,231,262,270,288,290,291,292,301,351,377,386,398,404,647,678,694,920,926,1093,1117,1118,1146,1170,1361,1378,1380,1475,1476,1477,1478,1501,1521,1762,2052,2120,2127,2645,2657,2815,2904,3712,4034,4093,4390,4470,4472,4545,4572,4573,4574,4575,4576,4577,4578,4579,4580,4581,4582,4583,4584,4585,4586,4587,4588,4589,4590,4591,4592,4593,4594,4595,4596,4597,
79;1;4718;4723;1;3,55,137,139,140,144,149,225,231,262,270,288,290,291,292,301,351,377,386,398,404,565,647,678,694,920,926,1093,1117,1118,1146,1170,1361,1378,1380,1475,1476,1477,1478,1501,1521,1762,2052,2120,2127,2231,2645,2657,2815,2904,3712,3870,4034,4093,4327,4390,4470,4472,4545,4572,4573,4574,4575,4576,4577,4578,4579,4580,4581,4582,4583,4584,4585,4586,4587,4588,4589,4590,4591,7026,
475;0;4723;4826;1;3,55,97,137,139,140,144,145,149,225,231,262,270,288,290,291,292,301,351,377,386,398,404,565,647,678,694,920,926,1093,1117,1118,1146,1170,1361,1378,1380,1401,1474,1475,1476,1477,1478,1501,1521,1762,2052,2120,2127,2231,2355,2645,2657,2815,2904,3712,3870,4034,4093,4327,4390,4470,4472,4545,4572,4573,4574,4575,4576,4577,4578,4579,4580,4581,4582,4583,4584,4585,5619,6174,
134;0;4826;4879;1;3,55,97,137,139,140,144,145,149,225,231,262,270,288,290,291,292,301,351,377,386,398,404,565,647,678,694,858,920,926,1093,1117,1118,1146,1170,1361,1378,1380,1401,1474,1475,1476,1477,1478,1501,1521,1762,2052,2120,2127,2231,2355,2645,2657,2815,2904,3511,3527,3532,3712,3870,4034,4093,4327,4390,4470,4472,4545,4572,4573,4574,4575,4576,4577,4578,4579,4633,4949,5116,5343,
134;1;4879;4932;1;3,55,97,137,139,140,144,145,149,225,231,262,270,288,290,291,292,301,351,377,386,398,404,565,647,678,694,858,920,926,1093,1117,1118,1146,1170,1361,1378,1380,1401,1474,1475,1476,1477,1478,1501,1521,1762,2052,2120,2127,2231,2355,2645,2657,2815,2904,3511,3527,3532,3712,3870,4034,4093,4327,4390,4470,4472,4545,4572,4573,4574,4575,4576,4577,4578,4579,4633,4949,7376,7377,
466;0;4932;5043;1;26,53,54,137,139,144,145,149,225,231,262,288,292,295,301,377,397,410,428,458,627,647,739,853,952,1085,1087,1093,1118,1146,1170,1267,1269,1274,1277,1279,1280,1287,1289,1291,1293,1295,1322,1327,1361,1481,1521,1723,1859,2052,2240,2286,2482,2483,2645,2794,3026,3284,3347,3527,3606,3633,3703,3712,3734,3767,3768,3769,3770,3771,3778,3877,4343,4451,4472,5731,5733,6950,7592,7593,
65;0;5043;5087;1;26,53,54,137,139,144,145,149,225,231,262,288,292,295,301,377,397,410,428,458,627,647,739,853,952,1085,1087,1093,1118,1146,1170,1267,1269,1274,1277,1279,1280,1287,1289,1291,1293,1295,1322,1327,1361,1481,1521,1723,1859,2052,2240,2286,2482,2483,2645,2794,3026,3284,3347,3527,3606,3633,3703,3712,3734,3767,3768,3769,3770,3771,3778,3877,4343,4451,4472,5731,5733,6950,7592,7593,
65;1;5087;5165;1;26,53,54,137,139,144,145,149,225,231,262,288,292,295,301,377,397,410,428,458,627,647,739,853,952,1085,1087,1093,1118,1146,1170,1267,1269,1274,1277,1279,1280,1287,1289,1291,1293,1295,1322,1327,1361,1481,1521,1723,1859,2052,2240,2286,2482,2483,2645,2794,3026,3284,3347,3527,3606,3633,3703,3712,3734,3767,3768,3769,3770,3771,3778,3877,4343,4451,4472,5731,5733,6950,7592,7593,
154;0;5165;5270;1;26,53,54,137,139,144,145,149,225,231,262,288,292,295,301,377,397,410,428,458,627,647,739,853,952,1085,1087,1093,1118,1146,1170,1267,1269,1274,1277,1279,1280,1287,1289,1291,1293,1295,1322,1327,1361,1481,1521,1723,1859,2052,2240,2286,2482,2483,2645,2794,3026,3284,3347,3527,3606,3633,3703,3712,3734,3767,3768,3769,3770,3771,3778,3877,4343,4451,4472,5731,5733,6950,7592,7593,
154;1;5270;5291;1;26,53,54,137,139,144,145,149,225,231,262,288,292,295,301,377,397,410,428,458,627,647,739,853,952,1085,1087,1093,1118,1146,1170,1267,1269,1274,1277,1279,1280,1287,1289,1291,1293,1295,1322,1327,1361,1481,1521,1723,1859,2052,2240,2286,2482,2483,2645,2794,3026,3284,3347,3527,3606,3633,3703,3712,3734,3767,3768,3769,3770,3771,3778,3877,4343,4451,4472,5731,5733,6950,7592,7593,
80;0;5291;5409;1;26,53,54,137,139,144,145,149,225,231,262,288,292,295,301,377,397,410,428,458,627,647,739,853,952,1085,1087,1093,1118,1146,1170,1267,1269,1274,1277,1279,1280,1287,1289,1291,1293,1295,1322,1327,1361,1481,1521,1723,1859,2052,2240,2286,2482,2483,2645,2794,3026,3284,3347,3527,3606,3633,3703,3712,3734,3767,3768,3769,3770,3771,3778,3877,4343,4451,4472,5731,5733,6950,7592,7593,
80;1;5760;5774;1;26,53,54,117,137,139,144,145,149,225,231,262,288,292,295,301,329,377,397,429,647,839,901,1093,1118,1146,1170,1269,1277,1287,1289,1293,1308,1322,1361,1481,1809,1884,1915,2052,2091,2504,2573,2645,2774,2778,2779,3263,3347,3435,3527,3712,3767,4604,4605,4606,4612,4721,4759,4761,5492,5665,5890,5891,5892,5894,5895,5898,5899,5901,6126,6128,6129,6361,6362,6363,6364,6365,6366,6367,
76;0;5774;5908;1;26,53,54,117,137,139,144,145,149,225,231,262,274,276,288,292,295,301,329,377,397,429,647,839,849,901,1093,1118,1146,1170,1269,1277,1287,1289,1293,1308,1322,1361,1374,1481,1759,1809,1884,1915,2052,2091,2504,2573,2638,2645,2774,2778,2779,3263,3347,3435,3527,3712,3767,4604,4605,4606,4612,4721,4759,4761,4802,5492,5665,5890,5891,5892,5894,5895,6022,7463,8449,8582,8583,8584,
76;1;5908;5912;1;26,53,54,103,117,137,139,144,145,149,225,231,262,274,276,288,292,295,301,329,377,395,397,429,647,839,849,901,1051,1093,1118,1146,1170,1269,1277,1287,1289,1293,1308,1322,1361,1374,1481,1759,1809,1884,1915,2052,2091,2627,2645,2774,2778,2898,3043,3263,3347,3447,3712,3767,4606,5030,5609,5897,6090,6783,7022,7419,7463,7834,7835,8166,8170,8730,9083,9084,9085,9086,9087,9088,
493;0;5912;6053;1;26,53,54,103,117,137,139,144,145,149,225,231,262,274,276,288,292,295,301,329,377,395,397,429,647,839,849,901,1051,1093,1118,1146,1170,1269,1277,1287,1289,1293,1308,1322,1361,1374,1481,1759,1809,1884,1915,2052,2091,2233,2407,2627,2645,2774,2778,2898,3043,3263,3347,3447,3700,3712,3767,3942,4431,4606,5030,5320,5609,5897,6090,6783,6957,7022,7419,7463,7834,7835,8166,8170,
409;0;6053;6197;1;26,53,54,103,117,137,139,144,145,149,206,225,231,262,274,276,288,292,295,301,329,377,395,397,429,519,647,839,849,901,1051,1093,1118,1146,1170,1269,1277,1287,1289,1293,1308,1322,1361,1374,1481,1759,1809,1884,1915,2052,2091,2233,2407,2627,2645,2774,2778,2898,2983,3043,3263,3347,3447,3615,3700,3712,3767,3861,3942,4334,4431,4606,5030,5320,5609,5897,7397,7399,7463,7469,
39;0;6197;6241;1;26,53,54,103,117,137,139,144,145,147,149,178,206,225,231,262,274,276,288,292,295,301,329,377,395,396,397,429,519,647,839,849,901,1027,1051,1093,1118,1145,1146,1170,1269,1277,1287,1289,1293,1308,1322,1361,1374,1481,1759,1809,1884,1915,1942,1943,1944,2052,2091,2233,2407,2627,2645,2774,2778,2898,2983,3043,3263,3347,3447,3615,3700,3712,3767,3861,3942,4334,4606,7463,
39;1;6241;6345;1;26,53,54,103,117,137,139,144,145,147,149,178,206,225,231,262,274,276,288,292,295,301,329,377,395,396,397,429,519,647,839,849,901,1027,1051,1093,1118,1145,1146,1170,1269,1277,1287,1289,1293,1308,1322,1361,1374,1481,1759,1809,1884,1915,1942,1943,1944,2052,2091,2233,2407,2627,2645,2774,2778,2898,2983,3043,3263,3347,3447,3615,3700,3712,3767,3861,3942,4606,7368,7463,
546;0;6345;6496;1;2,26,100,137,139,144,149,206,225,231,262,295,301,395,400,644,647,676,686,830,854,855,863,904,917,933,948,1093,1116,1118,1121,1125,1146,1269,1277,1287,1293,1322,1361,1362,1484,1485,1486,1487,1488,1489,1490,1491,1492,1493,1494,1495,1496,1497,1498,1499,1500,1501,1502,1503,1504,1505,1506,1670,1734,2052,2407,2640,2816,2998,3618,3711,3712,5715,5716,5717,5718,5719,5720,5721,
Machine: 2
403;0;0;4;1;27,87,144,189,225,247,269,288,682,691,734,765,767,849,898,1136,1270,1293,1322,1363,1473,1481,1538,1680,1822,2154,2627,2986,3291,3472,4535,4719,4744,4791,4792,4954,4955,4956,4957,4958,4959,4960,4961,5274,5951,5963,5968,5969,5976,5980,5985,5986,5987,6360,6378,6537,6538,6539,6540,6541,6542,6543,6544,6545,6546,6547,6548,6549,6550,6551,6552,6553,6554,6555,6556,6557,6558,6559,6560,7332,
430;0;4;15;1;27,87,144,189,225,247,269,288,682,691,734,765,767,849,898,1136,1270,1293,1322,1363,1473,1481,1538,1680,1822,2154,2627,2986,3291,3472,4535,4719,4744,4791,4792,4954,4955,4956,4957,4958,4959,4960,4961,5274,5951,5963,5968,5969,5976,5980,5985,5986,5987,6360,6378,6537,6538,6539,6540,6541,6542,6543,6544,6545,6546,6547,6548,6549,6550,6551,6552,6553,6554,6555,6556,6557,6558,6559,6560,7332,
424;0;15;48;1;27,87,144,189,225,247,269,288,682,691,734,765,767,849,898,1136,1270,1293,1322,1363,1473,1481,1538,1680,1822,2154,2627,2986,3291,3472,4535,4719,4744,4791,4792,4954,4955,4956,4957,4958,4959,4960,4961,5274,5951,5963,5968,5969,5976,5980,5985,5986,5987,6360,6378,6537,6538,6539,6540,6541,6542,6543,6544,6545,6546,6547,6548,6549,6550,6551,6552,6553,6554,6555,6556,6557,6558,6559,6560,7332,
557;0;48;85;1;27,87,144,189,225,247,269,288,682,691,734,765,767,849,898,1136,1270,1293,1322,1363,1473,1481,1538,1680,1822,2154,2627,2986,3291,3472,3618,4535,4719,4744,4791,4792,4954,4955,4956,4957,4958,4959,4960,4961,5274,5951,5963,5968,5969,5976,5980,5985,5986,5987,6360,6378,6537,6538,6539,6540,6541,6542,6543,6544,6545,6546,6547,6548,6549,6550,6551,6552,6553,6554,6555,6556,6557,6558,6559,6560,
586;0;85;124;1;27,87,144,189,225,247,269,288,682,691,734,765,767,849,898,1136,1270,1293,1322,1363,1473,1481,1538,1680,1822,2154,2627,2986,3178,3180,3291,3311,3472,3618,3663,3664,3665,3666,3667,3668,3669,3670,3671,3672,3673,3674,3675,3676,3677,3678,3679,3680,3681,3682,3683,3684,3685,3686,4535,4719,4744,4791,4792,4954,4955,4956,4957,4958,4959,4960,4961,5274,5951,5963,5968,5969,5976,5980,5985,5986,
44;0;124;152;1;27,87,144,189,225,247,269,288,682,691,734,765,767,849,898,1136,1270,1293,1322,1363,1473,1481,1529,1538,1674,1680,1822,2154,2501,2626,2627,2642,2693,2713,2986,3178,3180,3291,3311,3472,3618,3663,3664,3665,3666,3667,3668,3669,3670,3671,3672,3673,3674,3675,3676,3677,3678,3679,3680,3681,3682,3683,3684,3685,3686,3915,4535,4719,4744,4791,4792,4954,4955,5454,5935,5936,5937,5938,5939,5940,
44;1;152;166;1;27,87,139,144,145,189,225,247,269,288,404,429,640,682,691,734,765,767,849,898,948,1136,1270,1293,1322,1363,1398,1424,1472,1473,1478,1481,1529,1538,1674,1680,1822,1916,2154,2501,2626,2627,2642,2693,2713,2986,3178,3180,3291,3311,3472,3618,3663,3664,3665,3666,3667,3668,3669,3670,3671,3672,3673,3674,3675,3676,3677,3678,3679,3680,3681,3682,3683,3684,3915,4391,4535,4744,4791,5454,
442;0;166;218;1;27,57,87,139,144,145,189,225,247,269,288,404,429,493,640,682,691,734,765,767,849,898,948,1063,1136,1270,1273,1293,1322,1363,1398,1424,1472,1473,1478,1481,1529,1538,1674,1680,1822,1916,2154,2258,2291,2501,2518,2626,2627,2642,2693,2713,2986,3178,3180,3291,3311,3403,3472,3597,3618,3663,3664,3665,3666,3667,3668,3669,3670,3671,3672,3915,4112,4535,4744,4791,5454,5510,7262,7468,
518;0;218;273;1;24,27,57,87,139,144,145,189,225,247,249,269,288,404,429,493,640,655,662,682,691,734,765,767,849,898,948,1063,1136,1270,1273,1293,1322,1363,1398,1424,1472,1473,1478,1481,1529,1538,1674,1680,1822,1916,2154,2258,2291,2501,2512,2518,2626,2627,2642,2693,2713,2986,3178,3180,3291,3311,3403,3472,3577,3597,3618,3663,3664,3665,3666,3667,3668,3669,3670,3915,4535,4744,4791,5454,
584;0;273;333;1;24,27,57,87,139,144,145,189,225,247,249,269,288,404,429,458,493,640,655,662,682,691,734,765,767,849,898,948,1063,1136,1270,1273,1293,1322,1363,1398,1424,1472,1473,1478,1481,1529,1538,1543,1587,1674,1680,1822,1859,1916,2074,2089,2154,2258,2518,2611,2626,2627,2693,2958,2986,3381,3382,3577,3618,3861,3862,3863,3864,3865,3866,3867,3868,3869,3870,3915,4535,4744,4791,5454,
582;0;333;399;1;24,27,57,87,139,144,145,189,225,247,249,269,288,404,429,458,493,640,655,662,682,691,734,765,767,849,898,948,1063,1136,1143,1270,1273,1287,1293,1322,1363,1398,1424,1472,1473,1478,1481,1529,1538,1543,1587,1674,1680,1822,1859,1916,2074,2089,2154,2258,2518,2611,2626,2627,2693,2958,2986,3381,3382,3577,3618,3829,3861,3862,3863,3864,3869,3870,3915,4535,4744,4791,5454,8861,
449;0;399;478;1;4,24,27,57,87,139,144,145,189,225,247,249,269,288,391,404,429,458,493,640,655,662,682,691,734,765,767,849,898,948,1051,1063,1136,1143,1146,1270,1273,1287,1293,1322,1359,1361,1363,1398,1401,1424,1472,1473,1477,1478,1481,1529,1538,1543,1587,1674,1680,1822,1859,1916,2074,2089,2109,2154,2518,2626,2627,2693,2986,3121,3577,3618,3869,3870,3915,4535,4744,4791,5454,6181,
45;0;478;496;1;4,24,27,38,57,87,139,144,145,189,225,247,249,269,288,391,404,429,458,493,640,655,662,682,691,734,765,767,849,871,872,873,874,898,948,1051,1063,1136,1142,1143,1146,1270,1273,1287,1293,1322,1359,1361,1363,1398,1401,1424,1456,1472,1473,1477,1478,1481,1529,1538,1543,1587,1680,2089,2109,2518,2626,2627,2693,2986,3121,3577,3618,3869,3870,3915,4535,4744,4791,5454,
45;1;496;561;1;4,24,38,87,139,144,145,189,225,244,247,276,288,321,377,391,400,404,429,591,640,662,691,715,765,767,849,871,872,873,874,948,949,1051,1052,1063,1117,1136,1146,1287,1293,1322,1359,1361,1401,1456,1472,1473,1474,1477,1478,1481,1529,1587,1668,1671,2089,2109,2518,2626,2627,2693,2986,3121,3284,3517,3577,3618,3869,3870,3915,4535,4744,4791,4804,4859,5454,6129,6130,7683,
554;0;561;649;1;24,38,87,144,145,189,225,276,288,293,321,348,377,391,400,404,429,640,662,691,765,767,773,849,949,1051,1052,1117,1136,1287,1293,1322,1359,1361,1472,1474,1478,1481,1529,1671,2089,2109,2353,2498,2627,2693,2986,3121,3284,3618,3869,3870,3915,4744,4791,4859,5454,6129,6334,6595,7302,7304,7305,7306,7423,7800,7801,7802,7803,7804,7805,7806,7807,7808,7809,7810,7811,7812,7813,7814,
458;0;649;738;1;137,144,145,226,230,231,234,288,295,329,377,397,400,404,429,607,839,911,949,1118,1136,1359,1474,1809,1884,1973,2091,2092,2120,2337,2341,2504,2645,2715,2774,2778,3108,3263,4406,4419,4420,4604,4605,4721,4753,4816,4859,5191,5725,5894,5895,5898,5899,5901,6126,6128,6129,6332,6333,6334,6335,6336,6337,6362,6363,6364,7431,8134,8135,8136,8137,8138,8139,8140,8141,8142,8143,8144,8145,8146,
57;0;738;768;1;137,144,145,226,230,231,234,288,295,329,377,397,400,404,429,607,839,911,949,1118,1136,1359,1474,1809,1884,1973,2091,2092,2120,2337,2341,2504,2645,2715,2774,2778,3108,3263,4406,4419,4420,4604,4605,4721,4753,4816,4859,5191,5725,5894,5895,5898,5899,5901,6126,6128,6129,6332,6333,6334,6335,6336,6337,6362,6363,6364,7431,8134,8135,8136,8137,8138,8139,8140,8141,8142,8143,8144,8145,8146,
57;1;768;830;1;137,144,145,226,230,231,234,288,295,329,377,397,400,404,429,607,839,911,949,1118,1136,1359,1474,1809,1884,1973,2091,2092,2120,2337,2341,2504,2645,2715,2774,2778,3108,3263,4406,4419,4420,4604,4605,4721,4753,4816,4859,5191,5725,5894,5895,5898,5899,5901,6126,6128,6129,6332,6333,6334,6335,6336,6337,6362,6363,6364,7431,8134,8135,8136,8137,8138,8139,8140,8141,8142,8143,8144,8145,8146,
42;0;830;844;1;137,144,145,226,230,231,234,288,295,329,377,397,400,404,429,607,839,911,949,1118,1136,1359,1474,1809,1884,1973,2091,2092,2120,2337,2341,2504,2645,2715,2774,2778,3108,3263,4406,4419,4420,4604,4605,4721,4753,4816,4859,5191,5725,5894,5895,5898,5899,5901,6126,6128,6129,6332,6333,6334,6335,6336,6337,6362,6363,6364,7431,8134,8135,8136,8137,8138,8139,8140,8141,8142,8143,8144,8145,8146,
42;1;1440;1520;1;137,144,145,226,230,231,234,288,295,314,329,377,397,400,404,429,607,814,839,911,949,1046,1118,1136,1359,1442,1474,1567,1809,1884,1973,2091,2092,2120,2337,2341,2504,2645,2715,2774,2778,3108,3263,4406,4419,4420,4604,4605,4721,4753,4816,4859,5191,5725,5894,5895,5898,5899,5901,6126,6128,6129,6332,6333,6334,6335,6336,6337,6362,6363,6364,6418,6419,6578,7431,8134,8135,8136,8137,8543,
593;0;1520;1618;1;137,144,145,226,230,231,234,288,295,314,329,377,397,400,404,429,607,814,839,911,949,1046,1118,1136,1359,1442,1474,1567,1809,1884,1973,2091,2092,2120,2337,2341,2504,2645,2715,2774,2778,3108,3263,4406,4419,4420,4604,4605,4721,4753,4816,4859,5191,5725,5894,5895,5898,5899,5901,6126,6128,6129,6332,6333,6334,6335,6336,6337,6362,6363,6364,6418,6419,6578,7431,7892,8134,8135,8136,8137,
90;0;1618;1755;0;137,144,145,226,230,231,234,288,295,314,329,377,397,400,404,429,607,814,839,911,949,1046,1118,1136,1359,1442,1474,1501,1567,1809,1817,1884,1973,2091,2092,2120,2337,2341,2428,2450,2451,2452,2453,2504,2645,2715,2774,2778,3108,3263,4406,4419,4420,4604,4605,4721,4753,4816,4859,5191,5725,5894,5895,5898,5899,5901,6126,6128,6129,6332,6333,6334,6335,6336,6337,6362,6363,6364,6418,6419,
90;1;1755;1886;0;137,144,145,149,226,230,231,234,262,277,288,295,314,321,329,377,391,396,397,400,404,429,607,640,814,839,911,949,1046,1093,1118,1136,1359,1442,1468,1474,1476,1479,1501,1567,1809,1817,1884,1973,2091,2092,2120,2223,2337,2341,2428,2450,2451,2452,2453,2504,2645,2715,2774,2778,3108,3263,4093,4406,4419,4420,4604,4605,4721,4753,4816,4859,5191,5725,5894,5895,5898,5899,5901,6126,
105;0;1886;1991;0;26,137,144,145,149,226,230,231,234,262,277,288,295,314,321,329,377,391,396,397,400,404,429,529,598,607,640,814,839,911,949,1046,1087,1093,1118,1136,1290,1359,1442,1468,1474,1476,1479,1501,1567,1777,1809,1817,1884,1973,2091,2092,2120,2223,2337,2341,2428,2450,2451,2452,2453,2504,2645,2715,2774,2778,3108,3263,4093,4280,4406,4604,4605,5705,5725,7029,8074,8075,8077,8115,
105;1;1991;2139;0;26,95,137,144,145,149,226,230,231,234,245,262,273,277,288,290,295,297,314,321,329,377,391,395,396,397,398,400,404,429,529,598,607,640,647,769,814,839,891,911,949,1024,1046,1087,1093,1118,1136,1290,1359,1442,1474,1476,1479,1484,1669,1750,1777,1809,1920,1973,2091,2337,2451,2645,2774,2778,3108,3263,4093,4552,4604,4605,5206,5351,5706,5725,6184,7215,7216,7217,
467;0;2139;2304;0;76,118,290,429,617,618,620,677,827,875,1096,1097,1098,1201,1310,1315,1412,1413,1414,1415,1582,1877,1879,2091,2106,2271,2348,2405,2546,2576,2578,2627,2645,2695,2774,2775,2777,2778,3263,3572,3573,3574,4083,4084,4130,4287,4567,4604,4605,4755,4922,5537,5585,5714,5825,6030,6486,6564,6589,6772,6966,7818,7865,7904,7905,7906,7907,7908,7909,7910,7911,7912,7913,7914,7915,7916,7917,7918,7919,7920,
94;0;2304;2413;0;76,118,290,429,617,618,620,677,827,875,1096,1097,1098,1201,1310,1315,1412,1413,1414,1415,1582,1877,1879,2091,2106,2271,2348,2405,2546,2576,2578,2627,2645,2695,2774,2775,2777,2778,3263,3572,3573,3574,4083,4084,4130,4287,4567,4604,4605,4755,4922,5537,5585,5714,5825,6030,6486,6564,6589,6772,6966,7818,7865,7904,7905,7906,7907,7908,7909,7910,7911,7912,7913,7914,7915,7916,7917,7918,7919,7920,
94;1;2413;2465;0;76,118,290,429,617,618,620,677,827,875,1096,1097,1098,1201,1310,1315,1412,1413,1414,1415,1582,1877,1879,2091,2106,2271,2348,2405,2546,2576,2578,2627,2645,2695,2774,2775,2777,2778,3263,3572,3573,3574,4083,4084,4130,4287,4567,4604,4605,4755,4922,5537,5585,5714,5825,6030,6486,6564,6589,6772,6966,7818,7865,7904,7905,7906,7907,7908,7909,7910,7911,7912,7913,7914,7915,7916,7917,7918,7919,7920,
149;0;2880;2914;0;76,118,145,289,290,400,429,617,618,620,644,647,677,823,824,827,875,931,1096,1097,1098,1117,1118,1201,1310,1315,1412,1413,1414,1415,1582,1877,1879,2091,2106,2271,2348,2391,2405,2546,2573,2576,2578,2627,2645,2695,2696,2774,2775,2777,2778,2816,3019,3263,3572,3573,3574,4083,4084,4130,4287,4567,4604,4605,4606,4755,4771,4855,5299,5329,5523,5825,6966,7055,8569,9121,9123,9124,9144,9145,
149;1;2914;3032;0;76,118,145,289,290,400,429,617,618,620,644,647,677,823,824,827,875,931,1096,1097,1098,1117,1118,1201,1310,1315,1412,1413,1414,1415,1582,1877,1879,2091,2106,2271,2348,2391,2405,2546,2573,2576,2578,2627,2645,2695,2696,2774,2775,2777,2778,2816,3019,3263,3572,3573,3574,4083,4084,4130,4287,4567,4604,4605,4606,5825,6133,6136,6138,6966,8230,8276,8278,8280,8284,8285,8317,8318,8319,8358,
551;0;3032;3183;0;76,118,145,289,290,400,429,617,618,620,644,647,677,823,824,827,875,931,1096,1097,1098,1117,1118,1201,1310,1315,1412,1413,1414,1415,1582,1877,1879,2091,2106,2271,2348,2391,2405,2546,2573,2576,2578,2627,2645,2695,2696,2774,2775,2777,2778,2816,3019,3263,3572,3573,3574,3811,4083,4084,4130,4287,4567,4604,4605,4606,5825,6133,6136,6138,6966,8230,8276,8278,8280,8284,8285,8317,8318,8319,
129;0;3183;3206;0;26,76,118,145,255,289,290,400,429,528,617,618,620,644,647,677,823,824,827,875,1096,1097,1117,1118,1201,1269,1275,1277,1279,1280,1287,1293,1295,1322,1390,1582,1893,2091,2106,2261,2405,2573,2577,2627,2645,2695,2696,2774,2775,2777,2778,2795,2842,2941,3263,3413,3831,3869,3986,4007,4021,4605,4606,5825,6136,6138,6957,6958,6959,6960,6961,6962,6963,6964,6965,6966,8285,8317,8318,8319,
129;1;3206;3325;0;26,76,118,145,255,262,289,290,400,429,528,617,618,620,644,647,677,823,824,827,875,1096,1097,1117,1118,1201,1269,1275,1277,1279,1280,1287,1293,1295,1322,1390,1582,1893,2091,2106,2261,2405,2573,2577,2627,2645,2676,2695,2696,2774,2775,2777,2778,2795,2842,2941,3263,3413,3831,3869,3986,4007,4021,4605,4606,4740,5825,6136,6138,6748,6957,6958,6959,6960,6961,6965,8285,8317,8318,8319,
477;0;3325;3459;0;25,26,37,39,44,46,52,54,76,117,118,145,255,262,289,290,400,429,528,617,618,620,644,647,677,823,824,827,875,1096,1097,1117,1118,1201,1269,1275,1277,1279,1280,1287,1293,1295,1311,1322,1390,1582,1599,1893,2091,2106,2261,2405,2573,2627,2645,2695,2696,2774,2775,2777,2778,2941,3263,3349,3774,3831,4605,4606,5290,5353,5682,5825,6136,6138,6748,6965,8285,8317,8318,8319,
170;0;3459;3536;0;26,96,100,101,117,144,145,255,262,290,291,335,338,343,351,400,429,528,647,677,698,823,827,875,1096,1097,1117,1118,1178,1201,1269,1279,1280,1287,1293,1322,1390,1395,1481,1529,1582,1599,1972,2091,2106,2225,2405,2573,2627,2628,2645,2660,2679,2690,2696,2774,2775,2777,2778,2951,3263,3774,4949,4989,5542,5633,5634,5635,5636,5637,5638,5639,5640,6136,6138,6748,6965,8285,8317,8318,
170;1;3536;3567;0;15,24,26,96,100,101,117,144,145,186,189,255,262,290,291,335,338,343,351,400,429,503,528,647,662,677,698,823,827,875,979,1088,1096,1097,1117,1118,1178,1201,1269,1279,1280,1287,1293,1322,1390,1481,1529,1550,1580,1582,1599,2091,2106,2157,2405,2555,2573,2627,2628,2645,2679,2696,2774,2775,2777,2778,3022,3127,3263,3627,3774,4949,5637,6136,6138,6748,6965,8285,8317,8318,
573;0;3567;3668;0;87,88,97,100,117,137,144,145,192,225,231,234,262,277,291,329,429,495,647,684,691,767,773,838,1117,1136,1147,1148,1163,1172,1174,1293,1390,1470,1471,1474,1478,1481,1530,1669,1671,1849,1914,1915,2216,2337,2485,2627,2662,2668,2696,2714,2806,2898,2986,2988,3329,3618,4093,4357,4489,4630,4645,4744,4745,4746,4791,5110,5725,6098,6099,6136,6766,7217,7423,8238,8497,8518,8567,8568,
26;0;3668;3721;0;87,88,97,100,117,137,144,145,192,225,231,234,262,277,291,329,429,495,647,684,691,767,773,838,1117,1136,1147,1148,1163,1172,1174,1293,1390,1470,1471,1474,1478,1481,1530,1669,1671,1849,1914,1915,2216,2337,2485,2627,2662,2668,2696,2714,2806,2898,2986,2988,3329,3618,4093,4357,4489,4630,4645,4744,4745,4746,4791,5110,5725,6098,6099,6136,6766,7217,7423,8238,8497,8518,8567,8568,
26;1;3721;3765;0;87,88,97,100,117,137,144,145,192,225,231,234,262,277,291,329,429,495,647,684,691,767,773,838,1117,1136,1147,1148,1163,1172,1174,1293,1390,1470,1471,1474,1478,1481,1530,1669,1671,1849,1914,1915,2216,2337,2485,2627,2662,2668,2696,2714,2806,2898,2986,2988,3329,3618,4093,4357,4489,4630,4645,4744,4745,4746,4791,5110,5725,6098,6099,6136,6766,7217,7423,8238,8497,8518,8567,8568,
436;0;3765;3842;0;87,88,97,100,117,137,144,145,192,225,231,234,262,277,291,329,429,495,647,684,691,767,773,838,1117,1136,1147,1148,1163,1172,1174,1293,1390,1470,1471,1474,1478,1481,1530,1669,1671,1849,1914,1915,2216,2337,2485,2627,2662,2668,2696,2714,2806,2898,2986,2988,3329,3618,4093,4357,4489,4630,4645,4744,4745,4746,4791,5110,5725,6098,6099,6136,6766,7217,7423,8238,8497,8518,8567,8568,
412;0;3842;3916;0;87,88,97,100,117,137,144,145,192,225,231,234,262,277,291,329,429,495,647,684,691,767,773,838,1117,1136,1147,1148,1163,1172,1174,1293,1390,1470,1471,1474,1478,1481,1530,1669,1671,1849,1914,1915,2216,2337,2485,2627,2662,2668,2696,2714,2806,2898,2986,2988,3329,3618,4093,4357,4489,4630,4645,4744,4745,4746,4791,5110,5725,6098,6099,6136,6766,7217,7423,8238,8497,8518,8567,8568,
512;0;3916;3985;0;87,88,97,100,117,137,144,145,192,225,231,234,262,277,291,329,429,495,647,684,691,767,773,838,1117,1136,1147,1148,1163,1172,1174,1293,1390,1470,1471,1474,1478,1481,1530,1669,1671,1849,1914,1915,2216,2337,2485,2627,2662,2668,2696,2714,2806,2898,2986,2988,3329,3618,4093,4357,4489,4630,4645,4744,4745,4746,4791,5110,5725,6098,6099,6136,6766,7217,7423,8238,8497,8518,8567,8568,
587;0;3985;4032;0;87,88,97,100,117,137,144,145,192,225,231,234,262,277,291,329,429,495,647,684,691,767,773,838,1117,1136,1147,1148,1163,1172,1174,1293,1390,1470,1471,1474,1478,1481,1530,1669,1671,1849,1914,1915,2216,2337,2485,2627,2662,2668,2696,2714,2806,2898,2986,2988,3329,3618,4093,4357,4489,4630,4645,4744,4745,4746,4791,5110,5725,6098,6099,6136,6766,7217,7423,8238,8497,8518,8567,8568,
540;0;4320;4348;0;2,87,88,97,100,117,137,144,145,192,225,231,234,262,265,277,291,300,329,393,429,495,647,684,691,767,773,838,1050,1051,1052,1117,1136,1147,1148,1150,1163,1172,1174,1232,1293,1390,1470,1471,1474,1478,1481,1530,1669,1671,1849,1914,1915,2216,2337,2355,2485,2627,2662,2668,2696,2714,2806,2898,2986,2988,3329,3618,4093,4357,4489,4630,4645,4744,4745,4746,4791,5110,5725,6136,
465;0;4348;4366;0;2,3,87,88,97,100,117,137,144,145,192,225,231,234,262,265,277,291,300,329,393,395,429,495,647,684,691,767,773,838,907,1050,1051,1052,1117,1136,1147,1148,1150,1163,1172,1174,1232,1293,1361,1390,1470,1471,1474,1478,1481,1530,1669,1671,1809,1849,1914,1915,2216,2337,2355,2485,2627,2662,2668,2696,2714,2806,2898,2986,2988,3621,4553,4727,5830,6101,6107,6109,6113,6136,
532;0;4366;4380;0;2,3,87,88,97,100,117,137,144,145,192,225,231,234,262,265,277,291,300,322,329,379,393,395,429,495,647,684,691,767,773,838,907,1050,1051,1052,1117,1136,1147,1148,1150,1163,1172,1174,1232,1293,1361,1390,1470,1471,1474,1478,1481,1530,1669,1671,1809,1849,1914,1915,2216,2337,2355,2394,2485,2627,2662,2668,2696,2714,2806,2898,2986,2988,3284,3292,3621,4472,4553,6136,
446;0;4380;4483;1;2,3,87,88,97,100,117,137,144,145,192,225,231,234,262,265,277,291,300,322,329,379,393,395,429,495,647,684,691,767,773,838,907,1050,1051,1052,1117,1136,1147,1148,1150,1163,1172,1174,1232,1293,1361,1390,1470,1471,1474,1478,1481,1530,1669,1671,1809,1849,1914,1915,2216,2337,2355,2394,2485,2627,2662,2668,2696,2714,2806,2898,2986,2988,3284,4553,6136,6145,8282,8356,
199;0;4483;4525;1;2,3,87,88,97,100,117,137,144,145,192,225,231,234,262,265,277,288,291,300,314,322,329,377,379,393,395,429,495,647,684,691,767,773,838,855,891,907,949,1050,1051,1052,1117,1136,1147,1148,1150,1163,1172,1174,1293,1361,1390,1417,1474,1478,1479,1481,1488,1530,1540,1604,1809,1849,2544,2627,2696,2988,3130,3258,4428,4553,4818,5217,5218,5219,5220,5221,5222,5223,
199;1;4525;4594;1;2,3,87,88,97,100,117,137,144,145,192,208,225,231,234,262,265,277,288,291,300,314,322,329,377,379,393,395,429,495,647,684,691,767,773,838,855,891,907,949,1050,1051,1052,1117,1136,1147,1148,1150,1163,1172,1174,1293,1361,1390,1417,1474,1478,1479,1481,1488,1530,1540,1604,1809,1849,1930,2017,2018,2019,2020,2021,2022,2023,2544,2627,2988,3130,3314,3906,4553,
482;0;4594;4711;1;2,3,87,88,97,100,117,137,144,145,177,181,192,208,225,231,234,262,265,277,288,291,300,302,305,308,313,314,322,329,377,379,393,395,403,429,442,495,595,647,684,691,767,773,838,855,891,907,949,1050,1051,1052,1117,1136,1147,1148,1293,1361,1390,1430,1472,1474,1478,1479,1481,1488,1530,1604,1676,1809,1849,1922,1932,1933,2019,2627,2988,3121,3130,4553,
511;0;4711;4831;1;2,3,87,88,97,100,117,137,144,145,177,181,192,208,225,231,234,262,265,277,288,291,300,302,305,308,313,314,322,329,377,379,393,395,403,429,442,495,595,647,684,691,767,773,838,855,891,907,949,1050,1051,1052,1117,1136,1147,1148,1293,1361,1390,1430,1472,1474,1478,1479,1481,1488,1530,1604,1809,1849,1922,2019,2627,2988,3133,3636,4553,5049,5733,5843,
1;0;4831;4909;1;1,2,3,87,88,97,100,117,119,136,137,144,145,177,181,192,208,225,231,234,262,265,277,288,291,300,302,305,308,313,314,322,329,377,379,393,395,403,429,442,495,647,815,838,855,1051,1093,1147,1293,1361,1390,1397,1472,1474,1478,1479,1481,1488,1530,1604,1807,1809,1849,1922,2019,2053,2109,2627,2988,3278,4553,4677,6399,6403,6519,6520,6521,6522,6523,6524,
1;1;4909;4953;1;1,3,89,94,100,117,137,144,145,177,225,231,234,262,276,277,288,291,329,395,429,586,647,765,770,833,834,838,854,855,890,1051,1093,1168,1293,1361,1390,1472,1478,1479,1481,1489,1519,1524,1528,1529,1922,2109,2602,2693,2721,2742,2988,3260,3278,3511,3527,3581,3638,4537,4553,4574,4732,4802,4937,4949,5339,5341,5342,5343,5344,5345,5346,5347,5451,5452,5453,5454,5455,5456,
127;0;4953;5032;1;1,3,38,40,89,94,100,117,137,144,145,177,205,210,225,231,234,262,276,277,288,291,329,395,429,486,522,570,586,632,647,765,770,833,834,838,854,855,890,1051,1093,1168,1196,1261,1293,1361,1390,1425,1472,1478,1479,1481,1489,1519,1524,1528,1529,1560,1922,2109,2201,2315,2564,2602,2693,2835,2988,3278,3345,3511,3527,3581,3870,3883,3886,4553,4937,4949,5180,5184,
127;1;5032;5079;1;3,40,117,137,144,145,189,193,198,225,231,234,255,262,268,273,274,276,288,351,362,363,398,429,528,561,591,647,732,765,833,849,978,1287,1293,1374,1390,1472,1752,1759,1763,1919,1974,2080,2089,2573,2804,3099,3511,3527,3606,3707,3907,3915,4469,4504,4565,4949,5101,5197,5900,6022,6201,6223,6365,6790,6791,6792,6793,6794,6795,7463,8449,8582,8583,8584,8655,8975,8976,8977,
555;0;5079;5209;1;3,40,117,137,144,145,189,193,198,225,231,234,255,262,268,273,274,276,288,351,362,363,398,429,528,561,591,647,732,765,833,849,978,1287,1293,1374,1390,1472,1752,1759,1763,1919,1974,2080,2089,2573,2804,3099,3511,3527,3606,3707,3907,3915,4469,4504,4565,4949,5101,5197,5900,6022,6201,6223,6365,6790,6791,6792,6793,6794,6795,7463,8449,8582,8583,8584,8655,8975,8976,8977,
431;0;5209;5347;1;3,40,117,137,144,145,189,193,198,225,231,234,255,262,268,273,274,276,288,351,362,363,398,429,528,561,591,647,732,765,833,849,978,1287,1293,1374,1390,1472,1752,1759,1763,1919,1974,2080,2089,2573,2804,3099,3511,3527,3606,3707,3907,3915,4469,4504,4565,4949,5101,5197,5900,6022,6201,6223,6365,6790,6791,6792,6793,6794,6795,7463,8449,8582,8583,8584,8655,8975,8976,8977,
4;0;5760;5869;1;3,40,117,137,144,145,189,193,198,225,228,229,231,234,240,243,245,255,262,268,273,274,276,286,288,351,362,363,398,429,528,561,591,647,732,765,827,833,849,978,1094,1096,1097,1099,1287,1293,1374,1390,1472,1752,1759,1763,1919,1974,2080,2089,2103,2573,2804,3099,3511,3527,3606,3707,3907,3915,4469,4504,4565,4881,4882,4949,5101,5197,5900,6022,6201,6223,6365,6790,
4;1;5869;5903;1;3,26,40,117,137,144,145,189,193,198,225,228,229,231,234,240,243,245,255,262,268,273,274,276,286,288,351,362,363,398,429,528,529,561,591,647,658,732,765,827,833,849,978,1094,1096,1097,1099,1269,1278,1279,1287,1288,1293,1322,1374,1390,1472,1587,1591,1592,1752,1759,1763,1783,1785,1795,3511,3527,3704,3788,3879,4324,4325,4326,4327,4328,4329,4330,4949,6022,
416;0;5903;6047;1;3,26,40,117,137,144,145,189,193,198,225,228,229,231,234,240,243,245,255,262,268,273,274,276,286,288,351,362,363,398,429,528,529,561,591,647,658,732,765,827,833,849,978,1094,1096,1097,1099,1269,1278,1279,1287,1288,1293,1322,1374,1390,1472,1587,1591,1592,1752,1759,1763,1783,1785,1795,3511,3527,3704,3788,3879,4324,4325,4326,4327,4328,4329,4949,6022,7899,
494;0;6047;6195;1;3,26,40,117,137,144,145,189,193,198,225,228,229,231,234,240,243,245,255,262,268,273,274,276,286,288,351,362,363,398,429,528,529,561,591,647,658,693,732,765,827,833,849,978,1094,1096,1097,1099,1269,1278,1279,1287,1288,1293,1322,1374,1390,1472,1476,1587,1591,1592,1752,1759,1763,1783,1785,1795,3037,3511,3527,3704,3788,3879,4033,4324,4325,4949,5379,6022,
185;0;6195;6239;1;3,26,40,117,137,144,145,189,193,198,225,228,229,231,234,240,243,245,255,262,268,273,274,276,286,288,351,362,363,398,429,528,529,561,591,647,658,693,732,765,827,833,849,978,1094,1096,1097,1099,1269,1278,1279,1287,1288,1293,1322,1374,1390,1472,1476,1587,1591,1592,1752,1759,1763,1783,1785,1795,3037,3511,3527,4033,4949,5080,5984,5992,6022,6377,6584,6585,
185;1;6239;6344;1;3,26,40,117,137,144,145,189,193,198,225,228,229,231,234,240,243,245,255,262,268,273,274,276,286,288,351,362,363,398,429,528,529,561,591,647,658,693,732,765,827,833,849,978,1094,1096,1097,1099,1269,1278,1279,1287,1288,1293,1322,1374,1390,1472,1476,1587,1591,1592,1752,1759,1763,1783,1785,1795,3037,3511,3527,4033,4949,5080,5984,5992,6022,6377,6584,7453,
444;0;6344;6498;1;95,137,144,145,149,231,241,262,276,277,286,290,391,395,396,400,429,647,692,719,765,825,833,855,895,1068,1069,1121,1171,1476,1478,1479,1502,1913,1920,1922,2163,2475,2499,2645,2774,2775,2777,2778,2815,2900,2903,2947,3261,3263,3387,3511,3527,3580,3581,3582,4412,4569,4585,4739,4832,4949,5116,5185,5244,6329,6748,6796,6797,6798,6799,6800,6801,6802,6803,6804,6805,6806,6807,8532,
160;0;6498;6644;1;95,137,144,145,149,231,241,262,276,277,286,290,391,395,396,400,429,647,692,719,765,825,833,855,895,1068,1069,1121,1171,1476,1478,1479,1502,1913,1920,1922,2163,2475,2499,2645,2774,2775,2777,2778,2815,2900,2903,2947,3261,3263,3387,3511,3527,3580,3581,3582,4412,4569,4585,4739,4832,4949,5116,5185,5244,6329,6748,6796,6797,6798,6799,6800,6801,6802,6803,6804,6805,6806,6807,8532,
160;1;6644;6655;1;95,137,144,145,149,231,241,262,276,277,286,290,391,395,396,400,429,647,692,719,765,825,833,855,895,1068,1069,1121,1171,1476,1478,1479,1502,1913,1920,1922,2163,2475,2499,2645,2774,2775,2777,2778,2815,2900,2903,2947,3261,3263,3387,3511,3527,3580,3581,3582,4412,4569,4585,4739,4832,4949,5116,5185,5244,6329,6748,6796,6797,6798,6799,6800,6801,6802,6803,6804,6805,6806,6807,8532,
14;0;6655;6781;1;95,137,144,145,149,231,241,262,276,277,286,290,391,395,396,400,429,647,692,719,765,825,833,855,895,1068,1069,1121,1171,1476,1478,1479,1502,1913,1920,1922,2163,2475,2499,2645,2774,2775,2777,2778,2815,2900,2903,2947,3261,3263,3387,3511,3527,3580,3581,3582,4412,4569,4585,4739,4832,4949,5116,5185,5244,6329,6748,6796,6797,6798,6799,6800,6801,6802,6803,6804,6805,6806,6807,8532,
14;1;6781;6818;1;95,137,144,145,149,231,241,262,276,277,286,290,391,395,396,400,429,647,692,719,765,825,833,855,895,1068,1069,1121,1171,1476,1478,1479,1502,1913,1920,1922,2163,2475,2499,2645,2774,2775,2777,2778,2815,2900,2903,2947,3261,3263,3387,3511,3527,3580,3581,3582,4412,4569,4585,4739,4832,4949,5116,5185,5244,6329,6748,6796,6797,6798,6799,6800,6801,6802,6803,6804,6805,6806,6807,8532,
Machine: 3
505;0;0;4;1;15,24,25,26,35,37,38,42,46,52,54,57,79,95,97,139,144,149,225,251,262,267,277,289,291,295,303,305,310,312,313,314,395,408,438,581,640,773,831,946,948,1118,1171,1270,1293,1567,1719,1720,1721,1722,1723,1724,1779,2061,2107,2221,2244,2263,2273,2286,2462,2600,2846,3060,3384,4993,5010,5144,5153,5154,5155,5352,5672,6136,7952,7953,7954,7955,7956,7957,
558;0;4;15;1;15,24,25,26,35,37,38,42,46,52,54,57,79,95,97,139,144,149,225,251,262,267,277,289,291,295,303,305,310,312,313,314,395,408,438,581,640,773,831,946,948,1118,1171,1270,1293,1567,1719,1720,1721,1722,1723,1724,1779,2061,2107,2221,2244,2263,2273,2286,2462,2600,2846,3060,3384,4993,5010,5144,5153,5154,5155,5352,5672,6136,7952,7953,7954,7955,7956,7957,
510;0;15;30;1;15,24,25,26,35,37,38,42,46,52,54,57,79,95,97,139,144,149,225,251,262,267,277,289,291,295,303,305,310,312,313,314,395,408,438,581,640,773,831,946,948,1118,1171,1270,1293,1567,1719,1720,1721,1722,1723,1724,1779,2061,2107,2221,2244,2263,2273,2286,2462,2600,2846,3060,3384,4993,5010,5144,5153,5154,5155,5352,5672,6136,7952,7953,7954,7955,7956,7957,
513;0;30;51;1;15,24,25,26,35,37,38,42,46,52,54,57,79,95,97,139,144,149,225,251,262,267,277,289,291,295,303,305,310,312,313,314,395,408,438,581,640,773,831,946,948,1118,1171,1270,1293,1567,1719,1720,1721,1722,1723,1724,1779,2061,2107,2221,2244,2263,2273,2286,2462,2600,2846,3060,3384,4993,5010,5144,5153,5154,5155,5352,5672,6136,7952,7953,7954,7955,7956,7957,
578;0;51;80;1;15,24,25,26,35,37,38,42,46,52,54,57,79,95,97,139,144,149,225,251,262,267,277,289,291,295,303,305,310,312,313,314,395,408,438,581,640,773,831,946,948,1118,1171,1270,1293,1567,1719,1720,1721,1722,1723,1724,1779,2061,2107,2221,2244,2263,2273,2286,2462,2600,2846,3060,3384,4993,5010,5144,5153,5154,5155,5352,5672,6136,7952,7953,7954,7955,7956,7957,
191;0;80;102;1;15,24,25,26,35,37,38,42,46,52,54,57,79,95,97,139,144,149,225,251,262,267,277,289,291,295,303,305,310,312,313,314,395,408,438,581,640,773,831,946,948,1118,1171,1270,1293,1567,1719,1720,1721,1722,1723,1724,1779,2061,2107,2221,2244,2263,2273,2286,2462,2600,2846,3060,3384,4993,5010,5144,5153,5154,5155,5352,5672,6136,7952,7953,7954,7955,7956,7957,
191;1;102;117;1;15,24,25,26,35,37,38,42,46,52,54,57,79,95,97,139,144,149,225,251,262,267,277,289,291,295,303,305,310,312,313,314,395,408,438,581,640,773,831,946,948,1118,1171,1270,1293,1567,1719,1720,1721,1722,1723,1724,1779,2061,2107,2221,2244,2263,2273,2286,2462,2600,2846,3060,3384,4993,5010,5144,5153,5154,5155,5352,5672,6136,7952,7953,7954,7955,7956,7957,
535;0;117;161;1;15,24,25,26,35,37,38,42,46,52,54,57,79,95,97,139,144,149,225,251,262,267,277,289,291,295,303,305,310,312,313,314,395,408,438,581,640,773,831,946,948,1118,1171,1270,1293,1567,1719,1720,1721,1722,1723,1724,1779,2061,2107,2221,2244,2263,2273,2286,2462,2600,2846,3060,3384,4993,5010,5144,5153,5154,5155,5352,5672,6136,7952,7953,7954,7955,7956,7957,
576;0;161;210;1;15,24,25,26,34,35,37,38,42,46,52,54,57,79,95,97,139,144,149,190,202,225,251,262,267,277,289,291,295,303,305,310,312,313,314,395,408,438,506,581,640,773,831,946,948,1118,1171,1270,1272,1283,1293,1558,1567,1719,1720,1721,1722,1723,1724,1779,1994,2061,2107,2152,2221,2244,2263,2273,2286,2462,2600,3022,3060,3345,5099,5144,5155,5263,5375,5376,
569;0;210;263;1;15,24,25,26,34,35,37,38,42,46,52,54,57,79,95,97,139,144,149,190,202,225,251,262,267,277,289,291,295,303,305,310,312,313,314,395,408,438,506,581,640,773,831,946,948,1118,1171,1270,1272,1283,1293,1558,1567,1719,1720,1721,1722,1723,1724,1779,1994,2061,2107,2152,2263,2600,3060,3345,5144,5155,5376,6360,7510,8219,8373,8374,8375,8376,8377,8378,
479;0;263;323;1;15,24,25,26,34,35,37,38,42,46,52,54,57,62,79,95,97,139,144,149,152,186,188,189,190,202,225,251,262,267,277,289,291,295,303,305,310,312,313,314,395,408,438,490,506,581,640,773,831,872,946,948,1118,1171,1196,1270,1272,1283,1293,1558,1567,1605,1719,1720,2263,2600,2936,3005,3060,3070,3345,3348,3361,3877,5144,5155,5376,5493,5494,5495,
441;0;323;389;1;15,24,25,26,34,35,37,38,42,46,52,54,57,62,79,95,97,139,144,149,152,186,188,189,190,202,225,251,262,267,277,289,291,295,303,305,310,312,313,314,395,408,438,490,506,581,640,773,831,872,946,948,1118,1171,1196,1270,1272,1283,1293,1558,1567,1720,2263,2600,3060,3345,5144,5155,5376,8555,8557,8559,8642,9089,9090,9091,9092,9093,9094,9095,
522;0;389;463;1;15,24,25,26,34,35,37,38,42,46,52,54,57,62,79,95,97,139,144,149,152,186,188,189,190,202,225,251,262,267,277,289,291,295,303,305,310,312,313,314,395,408,438,490,506,581,640,773,831,872,946,948,1118,1171,1196,1270,1272,1283,1293,1558,1567,1720,2263,2600,3060,3311,3345,3475,3498,3664,3672,3681,3683,3685,3724,3725,5144,5155,5376,8555,
528;0;463;540;1;15,24,25,26,34,35,37,38,42,46,51,52,54,57,62,79,95,97,139,144,149,152,186,188,189,190,202,225,251,262,267,277,289,291,295,303,305,310,312,313,314,395,408,438,490,506,581,632,640,773,831,872,946,948,1089,1118,1171,1196,1270,1272,1283,1293,1558,1567,1716,1720,2263,2600,3060,3311,3345,3475,3498,3664,3672,3984,3985,5144,5155,5376,
437;0;540;620;1;15,24,25,26,34,35,37,38,42,46,51,52,54,57,62,79,95,97,139,144,149,152,186,188,189,190,202,225,251,262,267,277,289,291,295,303,305,310,312,313,314,395,408,438,490,506,581,632,640,773,784,813,831,872,946,948,1089,1118,1171,1196,1270,1272,1283,1293,1558,1567,1716,1720,2198,2263,2570,2600,3060,3345,5144,5155,5376,6390,6391,6392,
574;0;620;703;1;15,24,25,26,34,35,37,38,42,46,51,52,54,57,62,79,95,97,139,144,149,152,186,188,189,190,202,225,251,262,267,277,289,291,295,303,305,310,312,313,314,395,408,438,490,506,581,632,640,773,784,813,948,1118,1171,1196,1270,1282,1291,1293,1567,1720,2240,2263,2306,2407,2600,2794,3060,3345,3606,3703,3721,4450,5144,5155,5376,6092,6385,9221,
161;0;703;731;1;26,95,138,139,144,225,228,229,233,234,240,242,245,262,266,275,289,291,302,313,391,395,408,429,430,438,581,607,612,645,775,818,827,911,948,1075,1099,1146,1236,1270,1293,1309,1472,1623,1661,1667,1843,1933,1973,2103,2263,2299,2407,2432,2435,2440,2951,3112,3606,3639,3640,3641,3642,3643,3644,3645,3646,3647,3648,3649,3650,3651,3652,3653,3654,3655,4094,5155,5739,6457,
161;1;731;791;1;26,95,138,139,144,225,228,229,233,234,240,242,245,262,266,275,289,291,302,313,391,395,408,429,430,438,581,607,612,645,775,818,827,911,948,1075,1099,1146,1236,1270,1293,1309,1472,1623,1661,1667,1843,1933,1973,2103,2263,2299,2407,2432,2435,2440,2951,3112,3606,3639,3640,3641,3642,3643,3644,3645,3646,3647,3648,3649,3650,3651,3652,3653,3654,3655,4094,5155,5739,6457,
109;0;1440;1491;1;26,95,138,139,144,225,228,229,233,234,240,242,245,262,266,275,289,291,302,313,391,395,408,429,430,438,581,607,612,645,775,818,827,911,948,1075,1099,1146,1236,1270,1293,1309,1472,1623,1661,1667,1843,1933,1973,2103,2263,2299,2407,2432,2435,2440,2951,3112,3209,3210,3488,3606,3639,3640,3641,3642,3643,3644,6930,8340,8397,8763,8765,8766,8767,8768,8769,8770,8773,8774,
109;1;1491;1532;1;26,60,95,138,139,144,225,228,229,233,234,240,242,245,247,248,262,266,275,289,291,302,313,391,395,408,429,430,438,528,581,607,612,645,775,818,827,911,948,1075,1099,1146,1236,1270,1287,1289,1293,1309,1322,1472,1623,1661,1667,1843,1933,1973,2103,2261,2263,2299,2407,2432,2435,2440,2951,3112,3209,3210,3488,3597,3606,3639,3640,3702,3802,4127,4451,5522,5652,5653,
575;0;1532;1626;1;26,60,95,138,139,144,225,228,229,233,234,240,242,245,247,248,262,266,275,289,291,302,313,391,395,408,429,430,438,528,581,607,612,645,775,818,827,911,948,1075,1099,1146,1236,1270,1287,1289,1293,1309,1322,1472,1623,1661,1667,1843,1933,1973,2103,2261,2263,2299,2407,2432,2435,2440,2951,3112,3209,3210,3488,3597,3606,3639,3640,3702,3802,4127,4451,5522,5652,7452,
69;0;1626;1802;0;26,60,95,138,139,144,225,228,229,233,234,240,242,245,247,248,262,266,275,289,291,302,313,391,395,408,429,430,438,521,522,523,524,528,581,607,612,645,775,818,827,911,948,1075,1099,1146,1236,1270,1287,1289,1293,1309,1322,1472,1623,1661,1667,1843,1933,1973,2103,2261,2263,2299,2407,2432,2435,2440,2951,3112,3209,3210,3488,3597,3606,3639,3640,3702,3802,4127,
69;1;1802;1954;0;26,60,95,138,139,144,225,228,229,233,234,240,242,245,247,248,262,266,275,289,291,302,313,391,395,408,429,430,438,521,522,523,524,528,581,607,612,645,775,818,827,911,948,1075,1099,1146,1236,1270,1287,1289,1293,1309,1322,1472,1623,1661,1667,1843,1933,1973,2103,2261,2263,2299,2407,2432,2435,2440,2951,3112,3209,3210,3488,3597,3606,3639,3640,3702,4127,5434,
10;0;1954;2043;0;26,60,95,138,139,144,225,228,229,233,234,240,242,245,247,248,262,266,275,289,291,302,313,391,395,408,429,430,438,521,522,523,524,528,581,607,612,645,775,818,827,911,948,1075,1099,1146,1210,1236,1270,1287,1289,1293,1309,1322,1472,1623,1661,1667,1744,1752,1753,1754,1768,1843,1933,1973,2103,2261,2263,2299,2407,2432,2435,2440,2951,3112,3209,3210,3606,4127,
10;1;2043;2208;0;26,89,95,100,139,144,146,234,242,245,248,262,289,291,304,313,366,395,408,415,436,438,522,528,532,544,581,666,945,1095,1147,1270,1271,1278,1279,1287,1293,1295,1322,1399,1444,2028,2070,2263,2382,2407,2509,2534,2627,2816,2951,2985,2987,2988,2990,2991,2992,2993,2994,2995,2996,2997,3413,3606,3876,3908,3948,3949,3950,3951,4108,4968,5202,5397,5768,5926,5941,5942,5943,7074,
48;0;2208;2297;0;26,89,95,100,139,144,146,234,242,245,248,262,289,291,304,313,366,395,408,415,436,438,522,528,532,544,581,666,945,1095,1147,1270,1271,1278,1279,1287,1293,1295,1322,1399,1444,2028,2070,2263,2382,2407,2509,2534,2627,2816,2951,2985,2987,2988,2990,2991,2992,2993,2994,2995,2996,2997,3413,3606,3876,3908,3948,3949,3950,3951,4108,4968,5202,5397,5768,5926,5941,5942,5943,7074,
48;1;2297;2402;0;26,89,95,100,139,144,146,234,242,245,248,262,289,291,304,313,366,395,408,415,436,438,522,528,532,544,581,666,945,1095,1147,1270,1271,1278,1279,1287,1293,1295,1322,1399,1444,2028,2070,2263,2382,2407,2509,2534,2627,2816,2951,2985,2987,2988,2990,2991,2992,2993,2994,2995,2996,2997,3413,3606,3876,3908,3948,3949,3950,3951,4108,4968,5202,5397,5768,5926,5941,5942,5943,7074,
461;0;2402;2578;0;26,89,95,100,139,144,146,234,242,245,248,262,289,291,304,313,366,395,408,415,436,438,522,528,532,544,581,666,945,1095,1147,1270,1271,1278,1279,1287,1293,1295,1322,1399,1444,2028,2070,2263,2382,2407,2509,2534,2627,2816,2951,2985,2987,2988,2990,2991,2992,2993,2994,2995,2996,2997,3413,3606,3876,3908,3948,3949,3950,3951,4108,4968,5202,5397,5768,5926,5941,5942,5943,7074,
147;0;2880;3008;0;26,27,61,89,95,100,139,144,146,234,242,245,248,262,289,291,304,313,366,395,408,415,436,438,522,528,532,538,544,581,634,666,945,1095,1143,1147,1270,1271,1278,1279,1284,1287,1293,1295,1322,1399,1444,2028,2070,2089,2263,2265,2382,2407,2509,2516,2534,2537,2627,2816,2864,2873,2941,2951,2985,2987,2988,2990,2991,2992,2993,2994,2995,3402,3606,3709,3861,3908,4217,4218,
147;1;3008;3052;0;26,27,61,89,95,100,139,144,146,234,242,245,248,262,289,291,304,313,366,395,408,415,436,438,522,528,532,538,544,581,598,634,666,945,1095,1143,1147,1268,1270,1271,1278,1279,1284,1287,1288,1292,1293,1294,1295,1322,1399,1444,1782,2028,2070,2089,2239,2241,2242,2263,2265,2382,2407,2509,2516,2534,2537,2627,2816,2864,2873,2941,2951,2985,2987,2988,2990,3026,3027,3908,
414;0;3052;3194;0;26,27,61,89,95,100,139,144,146,234,242,245,248,262,289,291,304,313,366,395,408,415,436,438,522,528,532,538,544,581,598,634,666,945,1095,1143,1147,1268,1270,1271,1278,1279,1284,1287,1288,1292,1293,1294,1295,1322,1399,1444,1782,2028,2070,2089,2239,2241,2242,2263,2265,2382,2407,2509,2516,2534,2537,2627,2816,2864,2873,2941,2951,2985,2987,2988,2990,3026,3739,3908,
445;0;3194;3320;0;26,27,61,95,100,101,103,139,144,146,234,242,245,248,262,289,291,313,348,395,436,438,522,528,581,609,691,715,1268,1287,1288,1292,1293,1294,1295,1322,1481,1782,2263,2461,2498,2643,2690,2941,2951,3026,3745,3908,3915,4937,5296,5392,5525,5538,5637,5726,6026,6225,6334,7294,7295,7296,7297,7298,7299,7300,7301,7302,7303,7304,7305,7306,7307,7308,7309,7310,7311,7312,7313,7314,
541;0;3320;3410;0;26,27,61,95,100,101,103,139,144,146,234,242,245,248,262,289,291,313,348,395,436,438,522,528,581,609,691,715,1268,1287,1288,1292,1293,1294,1295,1322,1479,1481,1782,2263,2461,2498,2643,2690,2941,2951,3026,3745,3908,3915,4937,5247,5296,5392,5525,5538,5637,5726,6026,6225,6334,7294,7295,7296,7297,7298,7299,7300,7301,7302,7303,7304,7305,7306,7307,7308,7309,7310,7311,7312,
501;0;3410;3481;0;4,7,8,26,27,61,95,100,101,103,139,144,146,148,234,235,242,245,248,262,289,291,313,348,377,390,393,395,436,438,522,528,581,609,691,715,1051,1052,1268,1287,1288,1292,1293,1294,1295,1322,1362,1479,1481,1604,1782,1801,1806,1814,2263,2461,2498,2643,2690,2941,2951,3026,3435,3745,3908,3915,4937,5247,5296,5392,5525,5538,5637,5726,6026,6225,6334,7294,7295,7296,
599;0;3481;3536;0;7,8,26,27,61,88,95,100,103,104,139,144,146,234,242,245,248,262,276,289,291,297,313,377,390,395,438,522,528,581,586,609,715,767,770,833,844,862,863,931,947,949,1051,1052,1268,1287,1288,1292,1293,1294,1295,1322,1479,1481,1519,1520,1782,1814,2263,2491,2498,2941,2951,3026,3531,3638,3908,5456,5525,5656,5774,6022,6225,6441,7583,7585,8022,8095,8303,8304,
514;0;3536;3575;0;7,8,26,27,61,88,95,100,103,104,137,139,144,146,234,242,245,248,262,276,289,291,297,313,377,390,395,438,522,528,581,586,609,715,767,770,833,844,862,863,895,931,947,949,1051,1052,1230,1268,1287,1288,1292,1293,1294,1295,1322,1479,1481,1519,1520,1522,1726,1782,1814,1816,2263,2465,2491,2498,2892,2941,2951,3026,3531,3638,3908,5456,5525,5656,6045,6225,
425;0;3575;3609;0;27,95,144,198,205,210,231,234,242,248,291,292,458,522,528,581,632,690,803,1015,1071,1196,1268,1287,1293,1295,1322,1425,1474,1556,1560,1577,1674,1781,1782,1936,2201,2268,2315,2564,2642,2649,2677,2679,2774,2775,2778,2836,3056,3057,3058,3059,3060,3061,3062,3063,3064,3065,3066,3067,3068,3263,3345,3447,3883,3886,4225,4230,4437,4470,4854,4855,5180,5290,5370,5499,5502,5673,6196,6197,
440;0;3609;3706;1;27,95,144,198,205,210,231,234,242,248,291,292,458,522,528,581,632,690,803,1015,1071,1196,1268,1287,1293,1295,1322,1425,1474,1556,1560,1577,1674,1781,1782,1936,2201,2268,2315,2564,2642,2649,2677,2679,2774,2775,2778,2836,3056,3057,3058,3059,3060,3061,3062,3063,3064,3065,3066,3067,3068,3263,3345,3447,3883,3886,4225,4230,4437,4470,4854,4855,5180,5290,5370,5499,5502,5673,6196,6197,
533;0;3706;3805;1;27,95,144,198,205,210,231,234,242,248,291,292,458,522,528,581,632,690,803,1015,1071,1196,1268,1287,1293,1295,1322,1425,1474,1556,1560,1577,1674,1781,1782,1936,2201,2268,2315,2564,2642,2649,2677,2679,2774,2775,2778,2836,3056,3057,3058,3059,3060,3061,3062,3063,3064,3065,3066,3067,3068,3263,3345,3447,3883,3886,4225,4230,4437,4470,4854,4855,5180,5290,5370,5499,5502,5673,6196,6197,
490;0;3805;3906;1;27,95,144,198,205,210,231,234,242,248,291,292,458,522,528,581,632,690,803,1015,1071,1196,1268,1287,1293,1295,1322,1425,1474,1556,1560,1577,1674,1781,1782,1936,2201,2268,2315,2564,2642,2649,2677,2679,2774,2775,2778,2836,3056,3057,3058,3059,3060,3061,3062,3063,3064,3065,3066,3067,3068,3263,3345,3447,3883,3886,4225,4230,4437,4470,4854,4855,5180,5290,5370,5499,5502,5673,6196,6197,
176;0;3906;3996;1;27,95,144,198,205,210,231,234,242,248,291,292,458,522,528,581,632,690,803,1015,1071,1196,1268,1287,1293,1295,1322,1425,1474,1556,1560,1577,1674,1781,1782,1936,2201,2268,2315,2564,2642,2649,2677,2679,2774,2775,2778,2836,3056,3057,3058,3059,3060,3061,3062,3063,3064,3065,3066,3067,3068,3263,3345,3447,3883,3886,4225,4230,4437,4470,4854,4855,5180,5290,5370,5499,5502,5673,6196,6197,
176;1;4320;4335;1;27,95,144,198,205,210,231,234,242,248,291,292,458,522,528,581,632,690,803,1015,1071,1196,1268,1287,1293,1295,1322,1425,1474,1556,1560,1577,1674,1781,1782,1936,2201,2268,2315,2564,2642,2649,2677,2679,2774,2775,2778,2836,3056,3057,3058,3059,3060,3061,3062,3063,3064,3065,3066,3067,3068,3263,3345,4855,5951,5959,5963,5966,5968,5976,5980,5987,5992,6151,6556,6583,6727,6729,7132,7134,
481;0;4335;4444;1;27,95,144,145,198,205,210,225,226,229,230,231,232,234,240,241,242,243,248,274,291,292,429,430,458,522,528,581,632,690,803,818,819,821,822,827,1015,1071,1092,1099,1196,1268,1287,1293,1295,1322,1398,1407,1425,1473,1474,1674,1681,1781,1782,1843,2246,2248,2292,2293,2294,2295,2296,2297,2298,2299,2300,2301,2302,2303,2649,2677,2679,2774,2775,2778,3060,3263,4855,6727,
163;0;4444;4527;1;26,27,95,144,145,198,205,210,225,226,229,230,231,232,234,240,241,242,243,248,274,291,292,429,430,458,522,528,581,619,632,690,778,803,818,819,821,822,1099,1268,1269,1280,1287,1290,1293,1295,1322,1398,1473,1474,1674,1681,1781,1782,1787,2263,2409,2649,2677,2679,2774,2775,2778,3026,3060,3263,4112,4122,4123,4124,4125,4126,4127,4128,4129,4130,4131,4132,4855,6727,
163;1;4527;4557;1;26,27,95,144,145,146,147,198,205,210,225,226,229,230,231,232,234,240,241,242,243,248,274,291,292,301,398,429,430,458,522,528,581,619,632,690,778,803,818,819,821,822,1099,1146,1268,1269,1280,1287,1290,1293,1295,1322,1398,1473,1474,1476,1479,1674,1681,1781,1782,1787,2263,2409,2649,2677,2679,2774,2775,2778,3026,3060,3263,4112,4122,4123,4124,4125,4855,6727,
504;0;4557;4674;1;26,27,95,144,145,146,147,198,205,210,225,226,229,230,231,232,234,240,241,242,243,248,274,291,292,301,398,429,430,458,522,528,581,619,632,690,754,778,803,818,819,821,822,1099,1146,1268,1269,1277,1280,1287,1288,1290,1292,1293,1294,1295,1322,1398,1474,1476,1479,1674,1681,1777,2408,2409,2419,2649,2677,2679,2774,2775,2778,3263,4855,6727,6957,7035,7060,7061,
75;0;4674;4749;1;26,27,95,144,145,146,147,198,205,210,225,226,229,230,231,232,234,240,241,242,243,248,274,291,292,301,398,429,430,458,522,528,581,619,632,690,754,778,803,818,819,821,822,1099,1146,1268,1269,1277,1280,1282,1287,1288,1290,1292,1293,1294,1295,1322,1332,1333,1398,1474,1476,1479,1674,1681,1777,2101,2190,2649,2677,2679,2774,2775,2778,3263,4450,4855,6727,7153,
75;1;4749;4794;1;26,27,95,144,145,146,147,198,205,210,225,226,229,230,231,232,234,240,241,242,243,248,274,291,292,301,398,429,430,458,522,528,581,619,632,690,754,778,803,818,819,821,822,1099,1117,1146,1268,1269,1277,1280,1282,1287,1288,1290,1292,1293,1294,1295,1322,1332,1398,1474,1476,1479,1481,1674,1681,1814,2649,2677,2679,2774,2775,2778,3263,3920,4855,5706,6727,7338,
110;0;4794;4872;1;26,27,95,144,145,146,147,198,205,210,225,226,229,230,231,232,234,240,241,242,243,248,274,291,292,301,398,429,430,458,486,522,528,581,619,632,690,754,778,803,818,819,821,822,1099,1117,1146,1180,1268,1269,1277,1280,1282,1287,1288,1290,1292,1293,1294,1295,1322,1398,1474,1476,1479,1481,1674,1681,1814,2649,2677,2679,2774,2775,2778,3263,3837,4003,4855,6727,
110;1;4872;4917;1;26,27,90,95,144,145,146,147,149,198,205,210,225,226,229,230,231,232,234,240,241,242,243,248,274,291,292,301,398,429,430,458,486,522,528,581,619,632,690,754,772,773,778,803,818,819,821,822,843,1099,1117,1146,1282,1293,1322,1398,1474,1476,1479,1481,1674,1681,1814,1922,2498,2649,2677,2679,2774,2775,2778,3263,4427,4728,4747,4855,5107,5108,5109,6727,
92;0;4917;5027;1;26,27,90,95,144,145,146,147,149,198,205,210,225,226,229,230,231,232,234,240,241,242,243,248,274,291,292,301,398,429,430,458,486,522,528,581,619,632,690,694,715,765,1099,1117,1146,1282,1293,1322,1398,1445,1474,1476,1479,1481,1674,1681,1814,1922,2498,2625,2635,2649,2653,2677,2679,2774,2775,2778,3263,4376,4855,5525,5722,6025,6114,6225,6449,6512,6513,6727,
92;1;5027;5048;1;144,145,146,149,180,225,231,262,291,301,302,303,305,307,311,312,329,379,380,381,384,385,398,429,592,593,594,677,766,1130,1146,1398,1428,1474,1476,1479,1845,1884,2600,2635,2645,2653,2678,2679,2774,3263,3814,3819,3820,3821,3822,4568,4604,4605,4606,4612,4634,4759,4800,4965,5043,5230,5276,5377,5528,5890,5891,5892,5893,5894,5895,5896,5897,5898,5899,5900,5901,6145,6727,8290,
402;0;5048;5182;1;144,145,146,149,180,225,231,262,291,301,302,303,305,307,311,312,329,379,380,381,384,385,398,429,592,593,594,677,766,1130,1146,1398,1428,1474,1476,1479,1845,1884,2600,2635,2645,2653,2678,2679,2774,3263,3814,3819,3820,3821,3822,4568,4604,4605,4606,4612,4634,4759,4800,4965,5043,5230,5276,5377,5528,5890,5891,5892,5893,5894,5895,5896,5897,5898,5899,5900,5901,6145,6727,8290,
63;0;5182;5311;1;144,145,146,149,180,225,231,262,291,301,302,303,305,307,311,312,329,379,380,381,384,385,398,429,592,593,594,677,766,1130,1146,1398,1428,1474,1476,1479,1845,1884,2600,2635,2645,2653,2678,2679,2774,3263,3814,3819,3820,3821,3822,4568,4604,4605,4606,4612,4634,4759,4800,4965,5043,5230,5276,5377,5528,5890,5891,5892,5893,5894,5895,5896,5897,5898,5899,5900,5901,6145,6727,8290,
63;1;5311;5320;1;144,145,146,149,180,225,231,262,291,301,302,303,305,307,311,312,329,379,380,381,384,385,398,429,592,593,594,677,766,1130,1146,1398,1428,1474,1476,1479,1845,1884,2600,2635,2645,2653,2678,2679,2774,3263,3814,3819,3820,3821,3822,4568,4604,4605,4606,4612,4634,4759,4800,4965,5043,5230,5276,5377,5528,5890,5891,5892,5893,5894,5895,5896,5897,5898,5899,5900,5901,6145,6727,8290,
19;0;5320;5395;1;144,145,146,149,180,225,231,262,291,301,302,303,305,307,311,312,329,379,380,381,384,385,398,429,592,593,594,677,766,1130,1146,1398,1428,1474,1476,1479,1845,1884,2600,2635,2645,2653,2678,2679,2774,3263,3814,3819,3820,3821,3822,4568,4604,4605,4606,4612,4634,4759,4800,4965,5043,5230,5276,5377,5528,5890,5891,5892,5893,5894,5895,5896,5897,5898,5899,5900,5901,6145,6727,8290,
19;1;5395;5463;1;144,145,146,149,180,225,231,262,291,301,302,303,305,307,311,312,329,379,380,381,384,385,398,429,592,593,594,677,766,1130,1146,1398,1428,1474,1476,1479,1845,1884,2600,2635,2645,2653,2678,2679,2774,3263,3814,3819,3820,3821,3822,4568,4604,4605,4606,4612,4634,4759,4800,4965,5043,5230,5276,5377,5528,5890,5891,5892,5893,5894,5895,5896,5897,5898,5899,5900,5901,6145,6727,8290,
184;0;5463;5568;1;144,145,146,149,180,225,231,262,291,301,302,303,305,307,311,312,329,379,380,381,384,385,398,429,592,593,594,677,766,1130,1146,1398,1428,1474,1476,1479,1845,1884,2600,2635,2645,2653,2678,2679,2774,3263,3814,3819,3820,3821,3822,4568,4604,4605,4606,4612,4634,4759,4800,4965,5043,5230,5276,5377,5528,5890,5891,5892,5893,5894,5895,5896,5897,5898,5899,5900,5901,6145,6727,8290,
184;1;5760;5799;1;100,137,144,145,146,149,180,225,231,262,277,291,301,302,303,305,307,311,312,329,379,380,381,384,385,398,429,592,593,594,640,677,766,1045,1130,1146,1398,1428,1474,1476,1478,1479,1845,1884,2600,2635,2645,2653,2678,2679,2774,3263,3814,3819,3820,3821,3822,4568,4604,4605,4606,4612,4634,4721,4759,4800,4965,5043,5230,5276,5377,5528,5890,5891,5892,5893,5894,5895,5896,6145,
498;0;5799;5947;1;100,137,144,145,146,149,180,225,231,262,277,291,294,301,302,303,305,307,311,312,329,379,380,381,384,385,398,429,592,593,594,640,645,677,766,1045,1130,1146,1398,1428,1474,1476,1478,1479,1845,1884,2600,2635,2645,2653,2678,2679,2774,3263,3814,3819,3820,3821,3822,4568,4604,4605,4606,4612,4634,4721,4759,4800,4965,5043,5230,5276,5377,5528,5890,5891,5892,5893,5894,6145,
112;0;5947;6009;1;100,137,144,145,146,149,180,225,231,262,277,291,294,301,302,303,305,307,311,312,329,379,380,381,384,385,398,429,592,593,594,640,645,677,766,1045,1130,1146,1398,1428,1474,1476,1478,1479,1845,1884,2600,2635,2645,2653,2678,2679,2774,3263,3814,3819,3820,3821,3822,4568,4604,4605,4606,4612,4634,4721,4759,4800,4965,5043,5230,5276,5377,5528,5890,5891,5892,5893,6145,9030,
112;1;6009;6096;1;100,137,139,144,145,146,149,180,225,231,262,277,291,294,301,302,303,305,307,311,312,321,329,377,379,380,381,384,385,398,429,592,593,594,640,645,677,766,1045,1130,1146,1398,1428,1474,1476,1478,1479,1480,1521,1845,1884,1978,2600,2635,2645,2653,2678,2679,2774,3263,3814,3819,3820,3821,3822,4568,4604,4605,4606,4612,4634,4721,4759,4800,4965,5043,5276,6145,6161,6162,
168;0;6096;6215;1;100,130,137,139,144,145,146,149,180,225,231,262,277,291,294,301,302,303,305,307,311,312,321,329,377,379,380,381,384,385,398,429,592,593,594,640,645,677,766,1045,1130,1146,1398,1428,1474,1476,1478,1479,1480,1521,1845,1884,1978,2600,2635,2645,2679,2774,3263,4604,4606,5276,6145,7692,7693,7694,7695,7696,7697,7698,7699,7700,7701,7702,7703,7704,7705,7706,7707,7708,
168;1;6215;6247;1;28,100,130,137,139,144,145,146,149,152,180,225,231,262,277,291,294,301,302,303,305,307,311,312,321,329,364,377,379,380,381,384,385,398,412,429,476,592,593,594,640,645,677,722,766,1045,1130,1146,1195,1398,1428,1474,1476,1478,1479,1480,1521,1720,1845,1884,1978,2034,2195,2197,2600,2635,2645,2679,2774,3263,4604,4606,5276,5707,5708,5709,6145,7692,7693,7694,
22;0;6247;6265;1;28,55,100,130,137,139,144,145,146,149,152,180,189,225,231,262,277,291,294,301,302,303,305,307,311,312,321,329,364,377,379,380,381,384,385,398,412,429,476,528,592,593,594,640,645,677,722,766,814,1045,1146,1293,1322,1390,1398,1474,1476,1478,1479,1480,1510,1573,1884,1978,2153,2645,2679,2774,2806,3263,3849,3850,3851,3852,3853,3854,4604,4606,5276,6145,
22;1;6265;6399;1;28,55,100,130,137,139,144,145,146,149,152,180,189,225,231,251,262,277,291,294,301,302,303,305,307,311,312,321,329,364,377,379,380,381,384,385,398,412,429,476,528,592,593,594,640,645,677,722,766,814,1045,1146,1293,1304,1322,1390,1398,1463,1474,1476,1478,1479,1480,1510,1573,1884,1978,2153,2305,2645,2679,2774,2806,3263,3849,4334,4604,4606,5276,6145,
562;0;6399;6554;1;61,70,139,144,145,149,169,180,189,225,231,233,241,247,262,277,302,305,307,312,314,321,379,380,381,384,385,391,419,429,442,592,593,594,596,640,647,757,787,855,949,1052,1063,1117,1171,1293,1398,1466,1474,1478,1479,1541,2073,2206,2512,2868,2918,3072,3255,3577,3589,3590,3703,3827,3908,3990,4119,4730,4736,5627,6092,7009,8354,8536,8537,8538,8539,8540,8541,8542,
172;0;6554;6634;1;61,70,139,144,145,149,169,180,189,225,231,233,241,247,262,277,302,305,307,312,314,321,379,380,381,384,385,391,419,429,442,592,593,594,596,640,647,757,787,855,949,1052,1063,1117,1171,1293,1398,1466,1474,1478,1479,1541,2073,2206,2512,2868,2918,3072,3255,3577,3589,3590,3703,3827,3908,3990,4119,4730,4736,5627,6092,7009,8354,8536,8537,8538,8539,8540,8541,8542,
172;1;6634;6712;1;61,70,139,144,145,149,169,180,189,225,231,233,241,247,262,277,302,305,307,312,314,321,379,380,381,384,385,391,419,429,442,592,593,594,596,640,647,757,787,855,949,1052,1063,1117,1171,1293,1398,1466,1474,1478,1479,1541,2073,2206,2512,2868,2918,3072,3255,3577,3589,3590,3703,3827,3908,3990,4119,4730,4736,5627,6092,7009,8354,8536,8537,8538,8539,8540,8541,8542,
474;0;6712;6873;1;61,70,139,144,145,149,169,180,189,225,231,233,241,247,262,277,302,305,307,312,314,321,379,380,381,384,385,391,419,429,442,592,593,594,596,640,647,757,787,855,949,1052,1063,1117,1171,1293,1398,1466,1474,1478,1479,1541,2073,2206,2512,2868,2918,3072,3255,3577,3589,3590,3703,3827,3908,3990,4119,4730,4736,5627,6092,7009,8354,8536,8537,8538,8539,8540,8541,8542,
Machine: 4
438;0;0;5;1;89,94,95,97,137,144,145,177,178,179,180,181,182,183,184,231,276,288,290,291,329,377,390,395,397,401,429,833,834,838,839,901,949,1050,1052,1054,1117,1118,1170,1359,1447,1519,1529,1669,1809,1884,2134,2355,2426,2504,2602,2645,2693,2774,2778,2779,3263,3435,3527,3581,4537,4604,4605,4606,4937,5339,5340,5341,5894,5895,5898,5899,5901,6126,6127,6128,6129,6361,6362,6363,
419;0;5;16;1;89,94,95,97,137,144,145,177,178,179,180,181,182,183,184,231,276,288,290,291,329,377,390,395,397,401,429,833,834,838,839,901,949,1050,1052,1054,1117,1118,1170,1359,1447,1519,1529,1669,1809,1884,2134,2355,2426,2504,2602,2645,2693,2774,2778,2779,3263,3435,3527,3581,4537,4604,4605,4606,4937,5339,5340,5341,5894,5895,5898,5899,5901,6126,6127,6128,6129,6361,6362,6363,
487;0;16;31;1;89,94,95,97,137,144,145,177,178,179,180,181,182,183,184,231,276,288,290,291,329,377,390,395,397,401,429,833,834,838,839,901,949,1050,1052,1054,1117,1118,1170,1359,1447,1519,1529,1669,1809,1884,2134,2355,2426,2504,2602,2645,2693,2774,2778,2779,3263,3435,3527,3581,4537,4604,4605,4606,4937,5339,5340,5341,5894,5895,5898,5899,5901,6126,6127,6128,6129,6361,6362,6363,
470;0;31;53;1;89,94,95,97,137,144,145,177,178,179,180,181,182,183,231,276,288,290,291,329,377,390,395,401,429,583,586,765,770,833,834,838,854,890,949,1050,1052,1054,1117,1118,1168,1447,1519,1524,1528,1529,1669,1884,2134,2355,2602,2645,2659,2693,2721,2774,2778,3263,3435,3511,3527,3581,3582,3638,4537,4574,4604,4732,4802,4937,4949,5339,5340,5341,5342,5343,5344,5345,5346,5347,
597;0;53;87;1;55,60,89,94,95,97,137,144,145,177,178,179,180,181,182,183,206,208,209,231,276,288,290,291,329,377,390,395,401,429,583,586,765,770,833,834,838,854,890,949,1050,1052,1054,1062,1117,1118,1168,1195,1293,1447,1519,1524,1528,1529,1657,1669,1884,1930,1935,1999,2134,2306,2355,2602,2645,2659,2774,2778,2918,3241,3263,3435,3527,3545,3581,4212,4213,4214,4604,4949,
537;0;87;124;1;55,60,89,94,95,97,100,137,144,145,177,178,179,180,181,182,183,206,208,209,225,231,276,288,290,291,329,377,390,395,401,429,583,586,765,770,833,834,838,854,890,949,1050,1052,1054,1062,1117,1118,1168,1195,1293,1401,1447,1476,1519,1524,1528,1529,1657,1669,1818,1884,1930,1935,1999,2134,2306,2355,2602,2645,2774,2778,3263,3435,3527,3581,4597,4604,4949,6407,
517;0;124;163;1;55,60,89,94,95,97,100,137,144,145,177,178,179,180,181,182,183,206,208,209,225,231,276,288,290,291,329,377,390,395,401,429,583,586,765,770,833,834,838,854,862,890,949,1050,1052,1054,1062,1117,1118,1168,1293,1401,1447,1476,1519,1528,1529,1657,1669,1884,1935,2134,2306,2355,2602,2645,2774,2778,3099,3263,3435,3527,3581,4604,4627,4765,4766,4773,4949,6132,
404;0;163;207;1;60,89,95,97,100,137,144,145,179,180,183,225,231,240,288,291,292,329,351,382,390,395,401,429,647,765,770,833,854,862,891,949,1050,1052,1054,1062,1117,1118,1293,1401,1447,1476,1480,1481,1519,1528,1529,1657,1669,1671,1811,1814,1884,1944,2132,2134,2306,2355,2492,2496,2774,2778,2824,3263,3391,3435,3580,3581,4658,4773,5377,5648,5654,5655,5656,5657,5658,5659,5660,5661,
401;0;207;256;1;60,89,90,95,97,100,137,144,145,225,231,288,291,292,329,390,395,429,437,647,694,715,765,773,835,849,854,949,1050,1054,1062,1117,1293,1447,1476,1481,1529,1669,2134,2306,2355,2491,2510,2636,2661,2677,2683,2714,2728,2774,2778,2974,3263,3435,3581,4658,4673,4773,5538,5654,5691,5706,5723,6225,6226,6723,7208,7217,7299,7319,7320,7583,7584,7871,8129,8425,8528,8529,8530,8531,
520;0;256;311;1;25,34,46,52,60,79,89,90,95,97,100,126,127,128,137,144,145,198,225,231,288,291,292,329,359,390,413,429,551,647,694,715,759,765,773,835,849,854,949,962,1050,1054,1062,1117,1293,1447,1476,1481,1529,1587,1669,1853,1858,2034,2035,2134,2306,2315,2355,2661,2677,2683,2774,2778,2842,3263,3304,3435,3999,4122,4658,4773,5290,5314,5477,5478,5538,5654,5723,6225,
413;0;311;368;1;27,34,46,52,60,79,89,90,95,97,100,128,137,144,145,198,225,231,288,291,292,329,390,429,449,476,479,647,694,715,765,773,835,849,854,949,1050,1054,1062,1117,1270,1271,1275,1293,1334,1447,1476,1481,1529,1587,1669,2134,2306,2315,2355,2661,2677,2683,2774,2778,3070,3263,3336,3348,3349,3355,3360,3361,3435,3609,3774,4658,4773,4909,5474,5487,5538,5654,5723,6225,
187;0;368;427;1;34,46,52,60,79,89,90,95,97,100,128,137,144,145,146,149,225,231,288,291,292,329,390,398,429,476,479,647,694,715,765,773,835,854,949,1050,1054,1062,1117,1146,1149,1270,1293,1447,1476,1479,1481,1529,1587,1669,1920,2134,2306,2315,2355,2661,2677,2683,2774,2778,3263,3336,3349,3361,3435,4473,4658,4773,4964,4965,4966,4972,5182,5474,5487,5538,5654,5723,6225,6441,
187;1;427;435;1;3,34,46,52,60,79,89,90,95,97,100,128,137,144,145,146,149,225,231,288,291,292,329,390,398,429,476,479,647,694,715,765,773,835,854,949,1048,1050,1051,1054,1062,1117,1145,1146,1149,1270,1293,1358,1447,1476,1481,1529,1587,1604,1669,1945,1970,1971,2134,2306,2315,2355,2661,2677,2683,2774,2778,3263,3336,3349,3361,3435,4658,4773,5474,5487,5538,5654,5723,6225,
527;0;435;509;1;34,46,60,79,89,90,95,97,100,128,137,144,145,146,149,225,231,233,262,277,288,291,292,314,321,329,390,398,429,476,479,640,647,694,715,765,854,949,1048,1050,1051,1054,1062,1117,1145,1146,1270,1293,1358,1447,1476,1481,1484,1529,1587,1604,1669,1970,1971,2128,2134,2306,2315,2355,2661,2677,2683,2774,2778,3263,3349,3361,3435,4658,4749,4773,5538,5654,5723,6225,
552;0;509;589;1;34,46,60,79,89,90,95,97,100,137,144,145,149,225,231,262,277,288,291,292,321,329,390,398,476,479,598,634,640,647,715,765,854,1048,1050,1051,1054,1062,1087,1117,1145,1146,1262,1278,1293,1295,1358,1447,1476,1481,1529,1587,1604,1669,1781,1970,1971,2134,2173,2220,2306,2315,2355,2661,2677,2683,2774,2778,3263,3361,3435,4217,4456,4658,4773,5538,5654,5723,5949,6225,
77;0;589;646;1;5,34,46,60,79,89,90,95,97,100,137,144,145,149,225,231,262,266,277,288,291,292,321,329,390,398,404,476,479,598,634,640,647,715,765,854,1048,1050,1051,1054,1060,1062,1117,1145,1146,1293,1295,1358,1447,1470,1476,1481,1529,1587,1604,1669,1781,1970,1971,1973,2134,2306,2315,2355,2425,2661,2677,2683,2774,2778,3263,3361,3435,4217,4658,4773,5538,5654,5723,6225,
77;1;646;677;1;5,34,46,60,79,89,90,95,97,100,137,144,145,149,225,231,241,262,266,277,288,291,292,321,329,390,391,398,400,404,476,479,598,634,640,647,715,765,854,1048,1050,1051,1054,1060,1062,1117,1145,1146,1293,1295,1358,1447,1476,1478,1481,1529,1587,1604,1669,1781,1970,1971,1973,2306,2315,2661,2677,2683,2774,2778,3263,3361,3435,4217,4658,4773,5538,5654,5723,6225,
167;0;677;746;1;17,19,20,24,28,34,38,40,46,76,95,137,144,149,202,221,225,262,288,291,292,364,398,404,476,479,503,504,530,546,565,640,765,778,912,921,1062,1117,1143,1288,1390,1463,1474,1476,1478,1558,1707,1763,1848,2066,2091,2154,2197,2306,2413,2677,2774,2778,2836,2876,2941,2942,3010,3263,3346,3414,3435,3766,4283,4645,4658,4773,5654,5825,5948,6234,6244,6307,7003,7214,
167;1;746;768;1;17,19,20,24,28,34,38,40,46,76,95,137,144,149,202,221,225,262,288,291,292,364,398,404,476,479,503,504,530,546,565,640,765,778,912,921,1062,1117,1143,1288,1390,1463,1474,1476,1478,1558,1707,1763,1848,2066,2091,2154,2197,2306,2413,2677,2774,2778,2836,2876,2941,2942,3010,3263,3346,3414,3435,3766,4283,4645,4658,4773,5654,5825,5948,6234,6244,6307,7003,7214,
58;0;768;856;1;17,19,20,24,28,34,38,40,46,76,95,137,144,149,202,221,225,262,288,291,292,364,398,404,476,479,503,504,530,546,565,640,765,778,912,921,1062,1117,1143,1288,1390,1463,1474,1476,1478,1558,1707,1763,1848,2066,2091,2154,2197,2306,2413,2677,2774,2778,2836,2876,2941,2942,3010,3263,3346,3414,3435,3766,4283,4645,4658,4773,5654,5825,5948,6234,6244,6307,7003,7214,
58;1;856;861;1;17,19,20,24,28,34,38,40,46,76,95,137,144,149,202,221,225,262,288,291,292,364,398,404,476,479,503,504,530,546,565,640,765,778,912,921,1062,1117,1143,1288,1390,1463,1474,1476,1478,1558,1707,1763,1848,2066,2091,2154,2197,2306,2413,2677,2774,2778,2836,2876,2941,2942,3010,3263,3346,3414,3435,3766,4283,4645,4658,4773,5654,5825,5948,6234,6244,6307,7003,7214,
426;0;861;957;1;17,19,20,24,28,34,38,40,46,76,95,137,144,149,202,221,225,262,288,291,292,364,398,404,476,479,503,504,530,546,565,640,765,778,912,921,1062,1117,1143,1288,1390,1463,1474,1476,1478,1558,1707,1763,1848,2066,2091,2154,2197,2306,2413,2677,2774,2778,2836,2876,2941,2942,3010,3263,3346,3414,3435,3766,4283,4645,4658,4773,5654,5825,5948,6234,6244,6307,7003,7214,
121;0;957;1055;0;17,19,20,24,28,34,38,40,46,76,95,137,144,149,202,221,225,262,288,291,292,364,398,404,476,479,503,504,530,546,565,640,765,778,912,921,1062,1117,1143,1288,1390,1463,1474,1476,1478,1558,1707,1763,1848,2066,2091,2154,2197,2306,2413,2677,2774,2778,2836,2876,2941,2942,3010,3263,3346,3414,3435,3766,4283,4645,4658,4773,5654,5825,5948,6234,6244,6307,7003,7214,
121;1;1440;1574;0;17,19,20,24,28,34,38,40,46,76,95,137,144,149,202,221,225,262,288,291,292,364,398,404,476,479,503,504,530,546,565,640,765,778,912,921,1062,1117,1143,1201,1288,1390,1463,1474,1476,1478,1558,1707,1763,1848,1915,2066,2091,2154,2197,2306,2413,2600,2640,2677,2679,2774,2775,2777,2778,2790,2876,2941,3263,3346,3435,3447,4645,4658,4773,5499,5500,5502,5654,6629,
50;0;1574;1748;0;17,19,20,24,28,34,38,40,46,76,95,137,144,149,202,221,225,249,262,288,291,292,364,398,404,476,479,503,504,530,546,565,640,765,778,912,921,1062,1117,1143,1201,1288,1390,1463,1474,1476,1478,1558,1707,1763,1848,1915,2066,2091,2154,2197,2306,2413,2600,2640,2677,2679,2774,2775,2777,2778,2790,2876,2941,3263,3346,3435,3447,3615,4645,4658,4773,5500,5654,6722,
50;1;1748;1798;0;17,19,20,24,28,34,38,40,46,76,95,100,137,144,149,202,221,225,249,262,288,291,292,329,364,398,404,476,479,503,504,530,546,565,640,647,765,778,912,921,933,1062,1117,1143,1201,1229,1288,1390,1447,1463,1474,1476,1478,1481,1558,1707,1763,1848,2091,2413,2600,2679,2774,2775,2777,2778,2876,2941,3263,3346,3435,3447,4645,4658,5500,5654,5664,5665,5666,5667,
52;0;1798;1858;0;17,19,20,24,28,34,38,40,46,76,95,100,137,144,149,202,221,225,249,262,288,291,292,301,329,364,398,404,476,479,503,504,530,546,565,640,647,765,778,912,921,933,1062,1117,1143,1201,1229,1288,1390,1447,1463,1474,1476,1478,1481,1558,1707,1763,1848,2091,2133,2413,2600,2679,2774,2775,2777,2778,2876,2941,3263,3346,3435,3447,4472,4645,4658,5500,5654,5664,
52;1;1858;2014;0;17,19,20,24,28,34,38,40,46,76,95,100,136,137,144,149,202,221,225,249,262,288,291,292,301,329,364,390,398,404,476,479,503,504,530,546,565,640,647,765,912,921,1048,1051,1054,1143,1145,1146,1201,1288,1358,1360,1363,1447,1463,1474,1476,1478,1481,1558,1604,1970,1971,2091,2413,2600,2679,2774,2775,2777,2778,2876,2941,3263,3346,3435,3447,4472,4645,5500,
103;0;2014;2081;0;17,19,20,24,28,34,38,40,46,76,95,100,136,137,144,149,202,221,225,249,262,288,291,292,301,329,364,390,398,404,476,479,503,504,530,546,640,647,765,912,921,952,1048,1051,1143,1145,1146,1201,1288,1358,1447,1463,1474,1476,1478,1481,1558,1604,2091,2413,2600,2679,2774,2775,2777,2778,2876,2941,3133,3263,3346,3435,3447,3633,4472,4645,5049,5500,5731,5733,
103;1;2081;2208;0;24,38,95,100,118,136,137,144,189,225,249,288,329,390,393,404,476,529,640,677,715,765,836,1048,1051,1096,1145,1146,1201,1282,1288,1291,1358,1474,1478,1481,1604,2091,2258,2309,2407,2413,2419,2498,2628,2643,2661,2679,2683,2690,2775,2777,2903,2941,3256,3703,3753,4447,4645,5108,5109,5281,5392,5525,5530,5538,5633,5640,5723,6022,6225,6597,6657,6784,7581,7968,7969,7970,8484,8485,
153;0;2208;2360;0;24,38,95,100,118,136,137,144,189,225,249,288,329,390,393,404,476,529,640,677,715,765,836,1048,1051,1096,1145,1146,1201,1282,1288,1291,1358,1474,1478,1481,1604,2091,2258,2309,2407,2413,2419,2498,2628,2643,2661,2679,2683,2690,2775,2777,2903,2941,3256,3703,3753,4447,4645,5108,5109,5281,5392,5525,5530,5538,5633,5640,5723,6022,6225,6597,6657,6784,7581,7968,7969,7970,8484,8485,
153;1;2360;2392;0;24,38,95,100,118,136,137,144,189,225,249,288,329,390,393,404,476,529,640,677,715,765,836,1048,1051,1096,1145,1146,1201,1282,1288,1291,1358,1474,1478,1481,1604,2091,2258,2309,2407,2413,2419,2498,2628,2643,2661,2679,2683,2690,2775,2777,2903,2941,3256,3703,3753,4447,4645,5108,5109,5281,5392,5525,5530,5538,5633,5640,5723,6022,6225,6597,6657,6784,7581,7968,7969,7970,8484,8485,
421;0;2392;2563;0;24,38,95,100,118,136,137,144,189,225,249,288,329,390,393,404,476,529,640,677,715,765,836,1048,1051,1096,1145,1146,1201,1282,1288,1291,1358,1474,1478,1481,1604,2091,2258,2309,2407,2413,2419,2498,2628,2643,2661,2679,2683,2690,2775,2777,2903,2941,3256,3703,3753,4447,4645,5108,5109,5281,5392,5525,5530,5538,5633,5640,5723,6022,6225,6597,6657,6784,7581,7968,7969,7970,8484,8485,
495;0;2880;3041;0;24,38,95,97,100,118,136,137,144,189,225,249,277,288,302,329,382,390,393,404,476,529,640,677,681,715,765,836,904,1048,1051,1096,1145,1146,1201,1282,1288,1291,1358,1430,1473,1474,1478,1481,1604,1674,1800,2091,2109,2141,2258,2309,2407,2413,2419,2498,2628,2643,2661,2679,2775,2777,2818,2821,2903,2941,4538,4645,4675,4889,4892,4895,4896,4898,4899,5214,5215,5216,5525,6225,
101;0;3041;3159;0;24,38,61,79,95,97,100,118,136,137,144,170,189,225,249,277,288,302,329,382,390,393,404,412,476,529,640,677,681,715,765,836,904,1048,1051,1096,1145,1146,1201,1282,1288,1291,1358,1430,1473,1474,1478,1481,1587,1604,1657,1674,1800,2091,2109,2141,2258,2309,2407,2413,2419,2498,2518,2555,2628,2643,2661,2679,2775,2777,2818,2821,2903,2941,3361,3877,4538,4645,5525,6225,
101;1;3159;3196;0;24,38,53,61,79,95,97,100,118,136,137,144,170,189,225,249,277,288,302,329,382,390,393,404,412,476,528,529,581,640,677,681,715,765,836,904,1048,1051,1096,1145,1146,1201,1282,1288,1291,1358,1430,1473,1474,1478,1481,1587,1604,1657,1674,1800,2091,2109,2141,2258,2407,2419,2498,2555,2628,2679,2775,2777,2821,2903,2941,3797,3798,3799,3800,3801,3802,4645,5525,6225,
598;0;3196;3346;0;24,38,53,60,61,79,95,97,100,118,136,137,144,170,189,225,249,277,288,302,329,382,390,393,404,412,458,476,528,529,581,640,677,681,715,765,836,904,1048,1051,1096,1146,1273,1288,1293,1474,1478,1481,1587,1604,1657,1674,1787,2074,2091,2109,2174,2232,2273,2407,2419,2498,2555,2628,2679,2775,2777,2821,2903,2941,3380,3381,3382,3383,3384,3385,3386,4645,5525,6225,
142;0;3346;3390;0;24,38,53,60,61,79,95,97,100,118,136,137,144,170,179,180,189,225,249,277,288,302,307,329,382,390,393,404,412,458,476,528,529,581,592,594,640,677,681,715,765,836,904,1039,1048,1051,1096,1146,1273,1288,1293,1396,1474,1478,1481,1587,1604,1657,1674,1787,2074,2091,2109,2174,2232,2273,2407,2419,2498,2555,2628,2679,2775,2777,2821,2903,2941,4645,5525,6225,
142;1;3390;3490;0;24,38,53,60,61,79,95,97,100,113,118,136,137,144,170,179,180,189,225,249,277,288,302,307,329,382,390,393,404,412,458,476,528,529,534,540,581,592,594,640,677,715,753,765,836,1146,1162,1273,1288,1293,1474,1478,1481,1587,1604,1657,1674,2074,2091,2109,2233,2273,2407,2419,2498,2555,2628,2679,2775,2777,2821,2903,2941,3080,3508,3509,3510,4645,5525,6225,
564;0;3490;3626;0;24,38,95,136,139,144,183,189,225,231,255,277,329,390,404,476,528,640,729,754,836,948,987,1093,1146,1474,1478,1669,1719,1807,1922,2053,2074,2080,2555,2849,2941,2953,3209,3210,3278,3488,3814,4033,4427,4533,4535,4553,4902,4956,4959,4960,5274,5432,6644,6645,6686,6930,6967,6968,6969,6970,6971,6972,6973,6974,6975,6976,8340,8397,8763,8765,8766,8767,8768,8769,8770,8773,8774,9194,
580;0;3626;3731;0;24,38,95,136,139,144,183,189,225,231,255,277,329,390,404,476,528,640,729,754,836,948,987,1093,1146,1474,1478,1669,1719,1807,1922,2053,2074,2080,2555,2849,2941,2953,3209,3210,3278,3488,3814,4033,4427,4533,4535,4553,4902,4956,4959,4960,5274,5432,6644,6645,6686,6930,6967,6968,6969,6970,6971,6972,6973,6974,6975,6976,8340,8397,8763,8765,8766,8767,8768,8769,8770,8773,8774,9194,
563;0;3731;3832;0;24,38,95,136,139,144,183,189,225,231,255,277,329,390,404,476,528,640,729,754,836,948,987,1093,1146,1474,1478,1669,1719,1807,1922,2053,2074,2080,2555,2849,2941,2953,3209,3210,3278,3488,3814,4033,4427,4533,4535,4553,4902,4956,4959,4960,5274,5432,6644,6645,6686,6930,6967,6968,6969,6970,6971,6972,6973,6974,6975,6976,8340,8397,8763,8765,8766,8767,8768,8769,8770,8773,8774,9194,
523;0;4320;4419;0;4,24,38,95,136,139,144,183,189,225,231,255,277,329,390,391,392,404,476,528,640,645,729,754,836,948,987,1052,1093,1146,1417,1472,1474,1478,1669,1719,1807,1884,1922,2053,2074,2080,2108,2555,2820,2849,2941,2953,3209,3210,3278,3488,3814,4033,4427,4533,4535,4553,4902,4956,4959,4960,5274,5432,5588,6644,6645,6686,6930,6967,6968,6969,6970,6971,6972,6973,6974,6975,6976,8340,
55;0;4419;4463;0;4,24,38,95,136,139,144,183,189,225,231,255,277,329,390,391,392,404,476,528,640,645,729,754,836,871,872,873,874,948,972,987,1052,1093,1146,1417,1456,1472,1474,1478,1669,1719,1807,1884,1922,2053,2074,2080,2108,2555,2820,2849,2941,2953,3209,3210,3278,3488,3814,4033,4427,4533,4535,4553,4902,4956,4959,4960,5274,5432,5588,6644,6645,6686,6930,6967,6968,6969,6970,6971,
55;1;4463;4504;0;4,24,38,87,89,90,95,136,139,144,183,189,225,231,255,277,329,390,391,392,404,476,528,640,645,729,754,764,768,770,833,836,858,862,871,872,873,874,948,972,987,1046,1052,1093,1146,1214,1417,1456,1472,1474,1478,1515,1516,1518,1519,1520,1521,1522,1526,1527,1528,1529,1669,1719,1807,1884,1922,2053,2074,2080,2108,2555,2820,2849,2941,2953,3209,3210,5274,5432,
16;0;4504;4532;0;4,24,38,63,87,89,90,95,136,139,144,183,189,225,231,255,277,329,390,391,392,404,476,528,640,645,729,754,764,768,770,833,836,858,862,871,872,873,874,948,972,987,1046,1052,1093,1146,1214,1294,1417,1456,1472,1474,1478,1515,1516,1518,1519,1520,1521,1522,1526,1527,1528,1529,1669,1719,1807,1884,1922,2053,2074,2080,2149,2221,2315,2444,2941,4230,5274,5432,
16;1;4532;4581;0;4,24,38,63,87,89,90,95,136,139,144,145,183,189,225,231,255,277,288,329,390,391,392,401,404,429,476,528,640,645,729,754,764,768,770,833,836,858,862,871,872,873,874,948,972,987,1046,1052,1093,1146,1214,1294,1401,1417,1456,1472,1474,1478,1515,1516,1518,1519,1520,1521,1522,1526,1527,1528,1529,1669,1719,1807,1884,1922,2053,2074,2315,2941,5274,5432,
565;0;4581;4652;0;4,24,38,63,87,89,90,95,136,139,144,145,183,189,225,231,255,277,288,329,390,391,392,401,404,429,476,528,640,645,729,754,764,768,770,787,790,833,836,858,862,871,872,873,874,948,957,972,987,995,1046,1052,1093,1146,1214,1294,1401,1417,1472,1474,1478,1529,1589,1669,1719,1980,2036,2315,2567,2941,4003,4103,4114,4167,4168,4169,4170,4172,5274,5432,
542;0;4652;4716;0;4,24,38,63,87,89,90,95,117,136,137,139,144,145,183,189,225,231,233,255,277,288,329,390,391,392,401,404,429,435,476,528,591,640,645,729,754,764,768,770,787,790,833,836,838,858,862,871,872,873,874,948,949,957,972,987,995,1093,1146,1214,1294,1472,1474,1478,1529,1669,1671,1719,2091,2315,2337,2567,2941,4547,4548,4630,4645,5274,5432,6393,
46;0;4716;4730;0;4,24,38,63,87,89,90,95,100,117,137,139,144,145,183,225,231,233,277,288,329,343,390,391,404,429,528,640,666,677,694,715,833,838,862,871,948,949,987,995,1093,1146,1214,1294,1309,1472,1474,1481,1529,1671,1719,1843,2091,2315,2337,2567,2628,2651,2679,2821,2941,2955,3015,4369,4630,5274,5432,5525,5637,5859,6023,6024,6225,6449,6450,6451,6452,6453,6454,6455,
46;1;4730;4745;0;4,24,26,38,63,87,89,90,95,100,117,128,137,139,144,145,183,225,231,233,277,288,329,343,390,391,404,429,528,640,666,677,694,715,833,838,862,871,948,949,987,995,1093,1138,1146,1214,1268,1269,1270,1272,1287,1288,1293,1294,1295,1309,1322,1472,1474,1481,1529,1671,1719,1781,1843,2091,2261,2262,2315,2337,2567,2628,2651,2868,2941,3837,4260,4630,5274,5432,
556;0;4745;4843;1;24,26,38,95,100,117,137,139,144,145,183,225,231,233,277,288,290,292,329,351,390,391,404,429,528,640,647,677,715,817,833,838,862,871,898,948,949,987,995,1093,1146,1214,1268,1269,1270,1287,1288,1293,1322,1472,1474,1540,1671,1719,1837,1843,2091,2315,2567,2573,2651,2775,2776,2777,2778,2780,2781,2782,2808,2903,2941,4629,4630,5274,5409,5432,5500,8663,8664,8665,
114;0;4843;4893;1;24,26,38,95,100,117,137,139,144,145,183,225,231,233,277,288,290,292,329,351,390,391,404,429,528,640,647,677,715,817,833,838,862,871,898,948,949,987,995,1093,1146,1214,1268,1269,1270,1287,1288,1293,1322,1472,1474,1540,1671,1719,1837,1843,2091,2315,2567,2573,2651,2774,2775,2776,2777,2778,2780,2781,2782,2808,2903,2941,4567,4600,4629,4630,5274,5409,5432,5500,
114;1;4893;4953;1;24,26,38,95,100,117,137,139,144,145,183,225,231,233,277,288,290,292,329,351,390,391,404,429,528,640,647,677,715,817,833,838,862,871,898,948,949,987,995,1093,1146,1214,1268,1269,1270,1287,1288,1293,1322,1472,1474,1540,1671,1719,1837,1843,2091,2315,2567,2651,2774,2775,2778,2941,4567,4630,5274,5409,5432,8551,8555,8557,8558,8559,8560,8561,8562,8563,8564,8565,
169;0;4953;5017;1;24,26,38,95,100,117,137,139,144,145,152,183,225,231,233,277,288,290,292,329,351,390,391,404,429,519,528,640,677,715,783,833,838,862,871,948,949,987,995,1093,1143,1146,1214,1268,1269,1270,1287,1288,1293,1322,1472,1474,1540,1671,1719,1843,2091,2315,2524,2567,2651,2774,2775,2778,2921,2941,3349,4208,4567,4630,5274,5409,5432,5786,5787,5788,5789,5790,8557,8559,
169;1;5017;5066;1;19,24,95,97,137,144,146,177,225,231,245,271,277,288,302,305,310,313,329,396,404,429,640,773,803,838,903,905,949,1287,1474,1476,1556,1558,1604,1661,1675,1759,1814,1936,2315,2455,2645,2774,2778,2941,3099,3120,4567,4609,4627,4630,4759,4760,4761,4762,4763,4764,4765,4766,4767,4768,5254,5255,5274,6513,8502,8503,8557,8559,9031,9032,9112,9115,9132,9137,9148,9149,9150,9151,
2;0;5066;5107;1;19,24,95,97,137,144,146,177,225,231,245,271,277,288,302,305,310,313,329,396,404,429,640,773,803,838,903,905,949,1287,1474,1476,1556,1558,1604,1661,1675,1759,1814,1936,2315,2455,2645,2774,2778,2941,3099,3120,4567,4609,4627,4630,4759,4760,4761,4762,4763,4764,4765,4766,4767,4768,5254,5255,5274,6513,8502,8503,8557,8559,9031,9032,9112,9115,9132,9137,9148,9149,9150,9151,
2;1;5107;5184;1;19,24,95,97,137,144,146,177,225,231,245,271,277,288,302,305,310,313,329,396,404,429,640,773,803,838,903,905,949,1287,1474,1476,1556,1558,1604,1661,1675,1759,1814,1936,2315,2455,2645,2774,2778,2941,3099,3120,4567,4609,4627,4630,4759,4760,4761,4762,4763,4764,4765,4766,4767,4768,5254,5255,5274,6513,8502,8503,8557,8559,9031,9032,9112,9115,9132,9137,9148,9149,9150,9151,
529;0;5184;5305;1;19,24,95,97,137,144,146,177,225,231,245,271,277,288,302,305,310,313,329,396,404,429,640,773,803,838,903,905,949,1287,1474,1476,1556,1558,1604,1661,1675,1759,1814,1936,2315,2455,2645,2774,2778,2941,3099,3120,4567,4609,4627,4630,4759,4760,4761,4762,4763,4764,4765,4766,4767,4768,5254,5255,5274,6513,8502,8503,8557,8559,9031,9032,9112,9115,9132,9137,9148,9149,9150,9151,
82;0;5305;5361;1;19,24,95,97,137,144,146,177,225,231,245,271,277,288,302,305,310,313,329,396,404,429,640,773,803,838,903,905,949,1287,1474,1476,1556,1558,1604,1661,1675,1759,1814,1936,2315,2455,2645,2774,2778,2941,3099,3120,4567,4609,4627,4630,4759,4760,4761,4762,4763,4764,4765,4766,4767,4768,5254,5255,5274,6513,8502,8503,8557,8559,9031,9032,9112,9115,9132,9137,9148,9149,9150,9151,
82;1;5361;5430;1;19,24,95,97,137,144,146,177,225,231,245,271,277,288,302,305,310,313,329,396,404,429,640,773,803,838,903,905,949,1287,1474,1476,1556,1558,1604,1661,1675,1759,1814,1936,2315,2455,2645,2774,2778,2941,3099,3120,4567,4609,4627,4630,4759,4760,4761,4762,4763,4764,4765,4766,4767,4768,5254,5255,5274,6513,8502,8503,8557,8559,9031,9032,9112,9115,9132,9137,9148,9149,9150,9151,
539;0;5760;5887;1;19,24,95,97,137,144,146,177,225,231,234,245,271,277,288,302,305,310,313,314,329,377,396,404,429,640,773,803,838,903,905,949,1287,1474,1476,1556,1558,1604,1661,1675,1759,1811,1814,1936,2315,2455,2645,2774,2778,2941,3099,3104,3120,4567,4609,4627,4630,4759,4760,4761,4762,4763,4764,4765,4766,4767,4768,4859,5254,5255,5274,5457,5458,5459,5460,5461,6513,8502,8503,8557,
588;0;5887;6018;1;19,24,95,97,137,144,146,177,225,231,234,245,271,277,288,302,305,310,313,314,329,377,396,404,429,640,773,803,838,903,905,949,1287,1474,1476,1556,1558,1604,1661,1675,1759,1811,1814,1936,2315,2455,2645,2774,2778,2941,3099,3104,3120,3607,4567,4609,4627,4630,4759,4760,4761,4762,4763,4764,4765,4766,4767,4768,4859,5254,5255,5274,5457,5458,5459,5460,5461,6513,8502,8503,
117;0;6018;6102;1;19,24,95,97,137,144,146,177,225,231,234,245,271,277,288,302,305,310,313,314,329,377,396,404,429,640,773,803,838,903,905,949,1287,1445,1474,1476,1556,1558,1604,1661,1675,1759,1811,1814,1936,2315,2455,2645,2774,2778,2941,3099,3104,3120,3607,4567,4609,4627,4630,4745,4746,4759,4760,4761,4762,4763,4764,4765,4766,4767,4768,4859,5254,5378,5381,5382,5383,6216,6219,6220,
117;1;6102;6157;1;19,24,95,97,137,144,146,177,225,231,234,245,271,277,288,302,305,310,313,314,329,377,396,404,429,640,773,803,838,903,905,949,1287,1445,1474,1476,1556,1558,1604,1661,1675,1759,1811,1814,1936,2315,2455,2645,2774,2778,2941,3051,3099,3104,3120,3607,4567,4609,4627,4630,4745,4746,4759,4760,4761,4762,4763,4764,4765,4766,4767,4768,4859,5254,5378,5381,5382,6095,6096,6097,
452;0;6157;6299;1;19,24,95,97,137,144,146,177,187,225,231,234,245,271,277,288,302,305,310,313,314,329,377,396,404,429,490,640,773,803,838,903,905,949,1287,1445,1474,1476,1556,1558,1604,1661,1675,1759,1811,1814,1936,2315,2455,2645,2774,2778,2941,3051,3099,3104,3120,3607,4567,4609,4627,4630,4745,4746,4759,4760,4761,4762,4763,4764,4765,4766,4767,4768,4859,5254,5378,5381,5382,6095,
509;0;6299;6445;1;19,24,40,95,97,137,144,146,177,187,210,225,231,234,245,248,271,277,288,302,305,310,313,314,329,377,396,404,429,490,581,640,722,773,803,838,903,905,949,1287,1445,1474,1476,1556,1558,1604,1661,1675,1701,1759,1811,1814,1898,1936,2273,2315,2455,2564,2645,2774,2778,2922,2941,2968,3051,3099,3104,3120,3607,3861,4026,4567,4609,4627,4630,5097,5098,5099,5100,5378,
590;0;6445;6593;1;30,137,144,145,177,225,291,351,415,484,640,753,995,1118,1160,1287,1463,1540,1657,1719,1935,2645,2774,2775,2941,3263,3310,3312,3336,3472,3627,3684,3686,4225,4510,5051,5209,5378,5409,5435,5487,5488,5489,5951,5952,5953,5954,5955,5957,5958,5959,5962,5963,5964,5965,5966,5968,5970,5975,5976,5978,5979,5980,5984,5985,5986,5987,5988,5991,5992,6375,6376,6377,6378,6379,6380,6381,6382,6383,6472,
568;0;6593;6744;1;30,137,144,145,177,225,291,351,415,484,640,753,995,1118,1160,1287,1463,1540,1657,1719,1935,2645,2774,2775,2941,3263,3310,3312,3336,3472,3627,3684,3686,4225,4510,5051,5209,5378,5409,5435,5487,5488,5489,5951,5952,5953,5954,5955,5957,5958,5959,5962,5963,5964,5965,5966,5968,5970,5975,5976,5978,5979,5980,5984,5985,5986,5987,5988,5991,5992,6375,6376,6377,6378,6379,6380,6381,6382,6383,6472,
Machine: 5
591;0;0;23;1;3,5,95,137,139,144,225,288,295,297,308,377,390,393,395,398,400,404,607,644,838,843,854,891,899,911,944,946,948,1048,1050,1051,1053,1054,1118,1133,1134,1145,1146,1148,1149,1150,1151,1236,1358,1359,1361,1378,1478,1604,1668,1725,1726,1727,1728,1729,1730,1731,1732,1733,1805,1815,1875,1916,1945,1970,1971,2053,2599,3108,3291,3630,3698,3699,4553,4754,4996,5011,5338,6332,
434;0;23;62;1;3,5,95,137,139,144,225,288,295,297,308,377,390,393,395,398,400,404,607,644,838,843,854,891,899,911,944,946,948,1048,1050,1051,1053,1054,1118,1133,1134,1145,1146,1148,1149,1150,1151,1236,1358,1359,1361,1378,1478,1604,1668,1725,1726,1727,1728,1729,1730,1731,1732,1733,1805,1815,1875,1916,1945,1970,1971,2053,2599,3108,3291,3630,3698,3699,4553,4754,4996,5011,5338,6332,
503;0;62;106;1;3,5,95,137,139,144,225,288,295,297,308,377,390,393,395,398,400,404,607,644,838,843,854,891,899,911,944,946,948,1048,1050,1051,1053,1054,1118,1133,1134,1145,1146,1148,1149,1150,1151,1236,1358,1359,1361,1378,1478,1604,1668,1725,1726,1727,1728,1729,1730,1731,1732,1733,1805,1815,1875,1916,1945,1970,1971,2053,2599,3108,3291,3630,3698,3699,4553,4754,4996,5011,5338,6332,
480;0;106;157;1;3,5,95,137,139,144,225,288,295,297,308,377,390,393,395,398,400,404,607,644,838,843,854,891,899,911,944,946,948,1048,1050,1051,1053,1054,1118,1133,1134,1145,1146,1148,1149,1150,1151,1236,1358,1359,1361,1378,1478,1604,1668,1725,1726,1727,1728,1729,1730,1731,1732,1733,1805,1815,1875,1916,1945,1970,1971,2053,2599,3108,3291,3630,3698,3699,4553,4754,4996,5011,5338,6332,
485;0;157;172;0;3,5,95,137,139,144,225,288,295,297,308,377,390,393,395,398,400,404,607,644,838,843,854,891,899,911,944,946,948,1048,1050,1051,1053,1054,1118,1133,1134,1145,1146,1148,1149,1150,1151,1236,1358,1359,1361,1378,1478,1604,1668,1725,1726,1727,1728,1729,1730,1731,1732,1733,1805,1815,1875,1916,1945,1970,1971,2053,2599,3108,3291,3630,3698,3699,4553,4754,4996,5011,5338,6332,
12;0;172;207;1;3,5,95,137,139,144,225,288,295,297,308,377,390,393,395,398,400,404,607,644,838,843,854,891,899,911,944,946,948,1048,1050,1051,1053,1054,1118,1133,1134,1145,1146,1148,1149,1150,1151,1236,1358,1359,1361,1378,1478,1604,1668,1725,1726,1727,1728,1729,1730,1731,1732,1733,1805,1815,1875,1916,1945,1970,1971,2053,2599,3108,3291,3630,3698,3699,4553,4754,4996,5011,5338,6332,
12;1;207;227;1;3,5,95,137,139,144,225,234,288,295,297,308,329,377,390,393,395,398,400,404,607,644,838,843,854,891,899,911,944,946,948,949,1048,1050,1051,1053,1054,1118,1133,1134,1145,1146,1148,1170,1236,1358,1359,1361,1378,1474,1478,1604,1668,1726,1815,1875,1916,1945,1970,1971,2053,2120,2715,3108,3291,3630,3698,4419,4420,4470,4553,4816,4996,5011,5338,6332,6334,6335,8113,8114,
111;0;227;276;1;3,5,26,95,137,139,144,225,234,288,295,297,308,329,377,390,393,395,398,400,404,607,644,843,854,891,911,944,948,949,1048,1050,1051,1053,1054,1118,1133,1134,1145,1146,1148,1170,1236,1270,1358,1359,1361,1378,1474,1478,1588,1604,1668,1726,1815,1875,1916,1945,1970,1971,2053,2175,2420,2488,3108,3291,3630,3698,4419,4420,4470,4553,4996,5011,5338,6918,6919,6920,6921,6922,
111;1;276;284;1;3,5,26,95,137,139,144,149,225,233,234,262,277,288,290,295,297,329,377,390,395,398,400,404,591,644,843,854,891,911,944,948,949,1048,1050,1051,1053,1054,1118,1133,1134,1145,1146,1148,1170,1236,1270,1358,1359,1361,1378,1474,1478,1604,1668,1726,1815,1875,1916,1945,1970,1971,2053,2774,2775,2816,3108,3291,3630,3698,4419,4420,4470,4553,4600,4740,4996,5011,5331,5338,
536;0;284;349;1;95,137,139,144,149,225,234,262,277,288,297,377,390,398,404,591,644,911,948,949,1054,1146,1236,1359,1378,1474,1478,1668,1916,2053,3108,3310,3312,3472,3679,3684,3686,5950,5951,5952,5953,5954,5955,5956,5957,5958,5959,5960,5961,5962,5963,5964,5965,5966,5967,5968,5969,5970,5971,5972,5973,5974,5975,5976,5977,5978,5979,5980,5981,5982,5983,5984,5985,5986,5987,5988,5989,5990,5991,5992,
476;0;349;417;1;24,95,126,137,139,144,149,208,225,234,262,277,288,297,377,390,398,404,427,480,499,504,547,578,591,644,911,948,949,964,1054,1146,1236,1359,1378,1474,1478,1587,1668,1701,1916,1936,2053,2069,2306,3108,3310,3312,3395,3472,3679,3684,3686,5950,5951,5952,5953,5954,5955,5956,5957,5958,5959,5960,5961,5962,5963,5964,5965,5966,5967,5968,5969,5970,5976,5979,5984,5987,5992,7980,
432;0;417;489;1;24,95,126,137,139,144,149,208,225,234,262,277,288,297,377,390,398,404,427,480,499,504,547,578,591,644,762,911,948,949,964,1054,1146,1236,1359,1378,1474,1478,1587,1668,1701,1916,1936,2053,2069,2306,3108,3310,3312,3395,3472,3679,3684,3686,5950,5951,5952,5953,5954,5955,5956,5957,5958,5959,5960,5961,5962,5963,5964,5965,5966,5967,5968,5969,5970,5976,5979,5984,5987,5992,
189;0;489;628;0;24,62,95,126,137,139,144,149,198,208,225,234,262,277,288,297,377,390,398,404,427,480,499,504,547,578,591,644,762,911,948,949,964,995,1054,1146,1236,1359,1378,1466,1474,1478,1587,1668,1701,1916,1936,2053,2069,2306,2555,2611,2839,2840,2841,2842,2843,3108,3310,3312,3395,3472,3679,3684,3686,5950,5951,5952,5953,5954,5955,5956,5958,5959,5966,5976,5979,5984,5987,5992,
189;1;628;769;0;8,24,95,126,137,139,144,145,149,225,234,262,277,288,297,321,377,390,391,397,398,404,591,640,644,645,647,648,855,911,948,949,1054,1069,1119,1146,1236,1359,1378,1468,1473,1474,1478,1480,1668,1916,1921,1933,1951,2053,2102,2108,2364,2458,2573,2770,2914,3108,3267,3395,3569,4939,5953,5958,5959,5966,5976,5979,5987,5992,6366,6646,6860,7022,7227,7605,8519,8520,8521,8522,
192;0;769;847;0;8,24,95,126,137,139,144,145,149,225,234,262,277,288,297,321,377,390,391,397,398,404,591,640,644,645,647,648,855,911,948,949,1054,1069,1119,1146,1236,1359,1378,1468,1473,1474,1478,1480,1668,1916,1921,1933,1951,2053,2102,2108,2364,2458,2573,2770,2914,3108,3267,3395,3569,4939,5953,5958,5959,5966,5976,5979,5987,5992,6366,6646,6860,7022,7227,7605,8519,8520,8521,8522,
192;1;847;979;0;8,24,95,126,137,139,144,145,149,225,234,262,277,288,297,321,377,390,391,397,398,404,591,640,644,645,647,648,855,911,948,949,1054,1069,1119,1146,1236,1359,1378,1468,1473,1474,1478,1480,1668,1916,1921,1933,1951,2053,2102,2108,2364,2458,2573,2770,2914,3108,3267,3395,3569,4939,5953,5958,5959,5966,5976,5979,5987,5992,6366,6646,6860,7022,7227,7605,8519,8520,8521,8522,
40;0;1440;1592;0;24,95,126,137,139,144,145,149,185,186,189,221,225,262,277,288,321,377,390,391,397,398,404,410,450,497,591,640,644,645,647,739,754,784,855,911,948,949,1054,1146,1196,1236,1336,1378,1423,1425,1434,1440,1463,1473,1474,1478,1480,1933,2053,2074,2108,2364,2896,3108,3395,3416,3774,3870,3876,3908,4104,5862,5953,5958,5959,5966,5976,5979,5987,5992,6366,7251,8037,8342,
40;1;1592;1644;0;24,95,126,137,139,144,145,149,185,186,189,221,225,231,262,269,277,288,321,377,390,391,396,397,398,404,410,450,497,591,640,644,645,647,739,754,784,855,911,948,949,1054,1146,1163,1196,1236,1336,1378,1417,1423,1425,1434,1440,1473,1474,1478,1480,1933,2053,2108,2223,2364,2649,3108,3395,3870,5734,5953,5958,5959,5966,5976,5979,5987,5992,6263,6286,6287,6366,6384,
116;0;1644;1808;0;24,95,126,137,139,144,145,149,185,186,189,221,225,231,262,269,277,288,321,377,390,391,396,397,398,404,410,450,497,591,640,644,645,647,739,754,784,855,911,948,949,1054,1146,1163,1196,1236,1242,1281,1336,1378,1417,1423,1425,1473,1474,1478,1480,1590,1779,1933,2053,2108,2207,2223,2364,2518,2649,3347,3395,3409,3870,5953,5958,5959,5966,5976,5979,5987,5992,6366,
116;1;1808;1822;0;24,95,126,137,139,144,145,149,185,186,189,221,225,231,262,269,277,288,321,377,390,391,396,397,398,404,410,450,497,591,640,644,645,647,739,754,784,855,911,948,949,1054,1146,1163,1196,1236,1242,1281,1336,1378,1417,1423,1473,1474,1478,1480,1933,2053,2108,2223,2364,2649,3395,3409,3870,5953,5958,5959,5966,5976,5979,5987,5992,6366,8470,8475,8476,8477,8478,8479,
159;0;1822;1847;0;24,95,126,137,139,144,145,149,185,186,189,221,225,231,262,269,277,288,321,377,390,391,396,397,398,404,410,450,497,591,640,644,645,647,739,754,784,855,911,948,949,1054,1146,1163,1196,1236,1242,1281,1336,1378,1417,1423,1473,1474,1478,1480,1933,2053,2108,2223,2364,2649,3395,3409,3870,4770,5953,5958,5959,5966,5976,5979,5987,5992,6366,8470,8475,8476,8477,8478,
159;1;1847;1995;0;24,95,126,137,139,144,145,149,185,186,189,221,225,231,262,269,277,288,321,377,390,391,396,397,398,404,410,450,497,591,640,644,645,647,739,754,784,855,911,948,949,1054,1146,1163,1196,1236,1242,1281,1336,1378,1417,1423,1473,1474,1478,1480,1933,2053,2108,2223,2364,2649,3395,3409,3870,4770,5953,5958,5959,5966,5976,5979,5987,5992,6366,8484,8498,8499,8500,8501,
567;0;1995;2156;0;24,95,126,137,139,144,145,149,185,186,189,221,225,231,262,269,277,288,321,377,390,391,396,397,398,404,410,450,497,591,640,644,645,647,739,754,784,855,911,948,949,1054,1146,1163,1196,1236,1242,1281,1336,1378,1417,1423,1473,1474,1478,1480,1933,2053,2108,2223,2364,2649,3395,3409,3539,3870,4770,5953,5958,5959,5966,5976,5979,5987,5992,6366,8484,8498,8499,8500,
408;0;2156;2316;0;24,95,100,102,144,187,189,193,274,329,390,401,402,410,429,491,569,591,640,645,764,855,858,1057,1146,1274,1293,1364,1474,1475,1516,1518,1666,1933,2090,2103,2104,2108,2491,2643,2645,2658,2679,2683,2913,2949,2956,3126,3279,3280,3281,3282,3283,3395,3409,3462,3587,3588,3589,3590,3591,3592,3593,3594,3595,3596,3597,4369,4373,4393,4413,4414,4415,4416,4417,4418,4419,4420,4421,4913,
553;0;2316;2466;0;24,95,100,102,144,187,189,193,274,329,390,401,402,410,429,491,569,591,640,645,764,855,858,1057,1146,1274,1293,1364,1474,1475,1516,1518,1666,1933,2090,2103,2104,2108,2491,2643,2645,2658,2679,2683,2913,2949,2956,3126,3279,3280,3281,3282,3283,3395,3409,3462,3587,3588,3589,3590,3591,3592,3593,3594,3595,3596,3597,4369,4373,4393,4413,4414,4415,4416,4417,4418,4419,4420,4421,4913,
550;0;2466;2546;0;24,95,100,102,144,187,189,193,274,329,390,401,402,410,429,491,569,591,640,645,764,855,858,1057,1146,1274,1293,1364,1474,1475,1516,1518,1666,1933,2090,2103,2104,2108,2491,2643,2645,2658,2679,2683,2913,2949,2956,3126,3279,3280,3281,3282,3283,3395,3409,3462,3587,3588,3589,3590,3591,3592,3593,3594,3595,3596,3597,4369,4373,4393,4413,4414,4415,4416,4417,4418,4419,4420,4421,4913,
99;0;2546;2560;0;24,95,100,102,144,187,189,193,274,329,390,401,402,410,429,491,569,591,640,645,764,855,858,1057,1146,1274,1293,1364,1474,1475,1516,1518,1666,1933,2090,2103,2104,2108,2491,2643,2645,2658,2679,2683,2913,2949,2956,3126,3279,3280,3281,3282,3283,3395,3409,3462,3587,3588,3589,3590,3591,3592,3593,3594,3595,3596,3597,4369,4373,4393,4413,4414,4415,4416,4417,4418,4419,4420,4421,4913,
99;1;2560;2620;0;24,95,100,102,144,187,189,193,274,329,390,401,402,410,429,491,569,591,640,645,764,855,858,1057,1146,1274,1293,1364,1474,1475,1516,1518,1666,1933,2090,2103,2104,2108,2491,2643,2645,2658,2679,2683,2913,2949,2956,3126,3279,3280,3281,3282,3283,3395,3409,3462,3587,3588,3589,3590,3591,3592,3593,3594,3595,3596,3597,4369,4373,4393,4413,4414,4415,4416,4417,4418,4419,4420,4421,4913,
120;0;2620;2640;0;24,95,100,102,144,187,189,193,274,329,390,401,402,410,429,491,569,591,640,645,764,855,858,1057,1146,1274,1293,1364,1474,1475,1516,1518,1666,1933,2090,2103,2104,2108,2491,2643,2645,2658,2679,2683,2913,2949,2956,3126,3279,3280,3281,3282,3283,3395,3409,3462,3587,3588,3589,3590,3591,3592,3593,3594,3595,3596,3597,4369,4373,4393,4413,4414,4415,4416,4417,4418,4419,4420,4421,4913,
120;1;2880;2898;0;24,95,100,102,144,187,189,193,274,329,390,401,402,410,429,491,569,591,640,645,764,855,858,1057,1146,1274,1293,1364,1474,1475,1516,1518,1666,1933,2090,2103,2104,2108,2491,2643,2645,2658,2679,2683,2913,2949,2956,3126,3279,3280,3281,3282,3283,3395,3409,3462,3587,3588,3589,3590,3591,3592,3593,3594,3595,3596,3597,4369,4373,4393,4413,4414,4415,4416,7894,7895,7896,8120,8121,8122,
427;0;2898;2933;0;24,95,100,102,144,187,189,193,274,329,390,401,402,410,429,491,569,591,640,645,764,855,858,1057,1072,1146,1274,1293,1364,1474,1475,1516,1518,1666,1933,2090,2103,2104,2108,2491,2625,2626,2627,2629,2634,2643,2645,2657,2658,2663,2679,2683,2706,2713,2736,2913,2949,2956,3126,3279,3280,3281,3282,3283,3395,3409,3462,3587,3588,3589,3590,3591,3592,3593,3594,3595,3596,3597,4369,4373,
560;0;2933;2962;0;24,87,95,100,102,144,187,189,193,274,329,390,401,402,410,429,491,569,591,640,645,764,854,855,858,1057,1072,1146,1274,1293,1364,1474,1475,1515,1516,1518,1666,1933,2090,2103,2104,2108,2318,2491,2625,2626,2627,2629,2634,2643,2645,2657,2658,2663,2679,2683,2692,2706,2713,2736,2913,2949,2956,2986,3126,3131,3279,3280,3281,3282,3283,3291,3292,3395,3409,3597,4373,4747,4791,6248,
423;0;2962;2976;0;24,87,95,100,102,144,159,187,189,193,274,329,390,401,402,410,429,491,569,591,640,645,756,764,854,855,858,1057,1072,1146,1274,1293,1364,1474,1475,1515,1516,1518,1666,1933,2090,2103,2104,2108,2279,2280,2281,2282,2283,2284,2285,2286,2287,2288,2318,2491,2625,2626,2627,2629,2634,2643,2645,2657,2658,2663,2679,2683,2692,2706,2713,2736,2986,3280,3281,3395,3409,3597,4373,4791,
451;0;2976;2981;0;3,24,87,95,100,102,144,159,187,189,193,274,329,380,390,395,401,402,410,429,491,569,591,640,645,756,764,854,855,858,1057,1072,1134,1146,1174,1274,1293,1361,1364,1474,1475,1515,1516,1518,1666,1726,1763,1809,1933,1970,2493,2626,2627,2643,2645,2657,2658,2683,2692,2728,2986,3099,3133,3280,3281,3395,3409,3597,4373,4553,4563,4650,4791,5048,5516,6153,6154,6155,6156,6157,
526;0;2981;3059;1;3,24,87,95,100,102,144,159,187,189,193,274,329,380,390,395,401,402,410,429,491,555,569,591,640,645,756,764,854,855,858,1057,1072,1134,1146,1174,1274,1278,1279,1293,1361,1364,1474,1475,1515,1516,1518,1666,1726,1763,1809,1933,1937,1970,2150,2626,2627,2643,2645,2657,2683,2692,2836,2986,3280,3281,3395,3409,3546,3597,3611,3722,4373,4450,4553,4791,5111,7009,7884,7885,
175;0;3059;3093;1;3,24,87,95,100,102,144,159,187,189,193,274,329,380,390,395,401,402,410,429,491,555,569,591,640,645,756,764,854,855,858,1057,1072,1134,1146,1174,1274,1278,1279,1293,1361,1364,1474,1475,1515,1516,1518,1666,1726,1763,1809,1933,1937,1970,2150,2315,2419,2626,2627,2643,2645,2657,2683,2692,2836,2986,3280,3281,3395,3409,3546,3597,3611,4112,4217,4373,4553,4791,7009,7977,
175;1;3093;3144;1;3,24,87,95,97,100,102,144,159,187,189,193,225,238,241,262,274,277,302,329,380,382,390,395,401,404,429,591,640,645,854,855,858,1057,1134,1146,1234,1293,1361,1430,1473,1474,1478,1666,1726,1800,1809,1970,2109,2626,2627,2643,2645,2657,2683,2692,2818,2821,2824,2836,2986,3132,3280,3281,3597,4373,4553,4791,4889,4890,4891,4892,4893,4894,4895,4896,4897,4898,4899,7009,
579;0;3144;3232;1;3,24,95,97,100,102,144,189,225,262,277,329,382,390,395,404,429,591,609,640,645,677,715,854,855,858,1050,1057,1134,1146,1293,1361,1390,1473,1474,1478,1481,1531,1666,1726,1800,1809,1970,2132,2475,2626,2627,2638,2643,2645,2651,2657,2661,2683,2692,2708,2836,2986,3136,3280,3281,3597,4373,4553,4791,4894,5525,5538,5637,5722,5869,6022,6024,6311,6312,6313,6723,6724,6725,7009,
548;0;3232;3323;1;3,24,95,97,100,102,144,189,225,231,262,277,288,329,382,390,395,404,429,573,591,609,640,645,677,715,854,855,858,1050,1057,1134,1146,1293,1361,1390,1398,1401,1473,1474,1477,1478,1480,1481,1531,1666,1726,1800,1809,1970,2132,2475,2626,2627,2638,2643,2645,2651,2657,2661,2683,2692,2708,2836,2986,3136,3280,3281,3597,4373,4390,4553,4894,5525,5637,5722,5869,6022,6024,7009,
456;0;3323;3417;1;3,95,97,100,137,144,225,245,262,272,273,277,288,290,291,303,305,306,310,312,313,317,329,351,382,390,395,434,591,595,677,715,858,892,905,912,939,1134,1146,1165,1170,1209,1473,1481,1484,1666,1676,1726,1800,1919,1970,2133,2356,2357,2358,2360,2361,2362,2363,2364,2367,2370,2375,2377,2378,2387,2390,2391,2392,2393,2394,2645,2661,2683,4373,4553,5525,5722,6024,7009,
126;0;3417;3469;1;3,95,97,100,137,144,225,245,262,272,273,277,288,290,291,303,305,306,310,312,313,317,329,351,382,390,395,434,591,595,677,715,858,892,905,912,939,1051,1134,1145,1146,1165,1170,1209,1473,1481,1484,1666,1676,1726,1800,1919,1970,2133,2356,2357,2358,2360,2361,2362,2363,2364,2367,2370,2375,2377,2378,2387,2394,2489,2490,2645,2661,2683,4373,4553,5525,5722,6024,7009,
126;1;3469;3513;1;3,95,97,100,137,144,225,245,262,272,273,277,288,290,291,303,305,306,310,312,313,317,329,351,382,390,395,434,591,595,677,715,858,892,905,912,939,1051,1134,1145,1146,1165,1170,1209,1280,1473,1481,1484,1666,1676,1726,1800,1919,1970,2133,2332,2356,2357,2358,2360,2361,2362,2363,2364,2367,2370,2375,2377,2378,2387,2394,2645,2661,2683,4373,4553,5525,5722,6024,7009,
507;0;3513;3611;1;225,248,249,269,288,395,414,559,682,691,1270,1363,1473,1538,1587,1676,1718,1788,1822,1875,2054,2238,2338,2339,2774,2775,2777,2778,3447,3765,4373,4535,4604,4606,4719,4792,4954,4955,4956,4957,4958,4959,4960,4961,5053,5150,5161,5560,5953,5958,5959,5966,5976,5979,5987,5992,6146,6147,6148,6149,6150,6151,6254,6373,6401,7009,7363,7549,7550,7877,7878,7879,7880,7881,7882,8467,8471,8472,8473,8474,
145;0;3611;3690;1;225,248,249,269,288,395,414,559,682,691,1270,1363,1473,1538,1587,1676,1718,1788,1822,1875,2054,2238,2338,2339,2774,2775,2777,2778,3447,3765,4373,4535,4604,4606,4719,4792,4954,4955,4956,4957,4958,4959,4960,4961,5053,5150,5161,5560,5953,5958,5959,5966,5976,5979,5987,5992,6146,6147,6148,6149,6150,6151,6254,6373,6401,7009,7363,7549,7550,7877,7878,7879,7880,7881,7882,8467,8471,8472,8473,8474,
145;1;3690;3711;1;225,248,249,269,288,395,414,559,682,691,1270,1363,1473,1538,1587,1676,1718,1788,1822,1875,2054,2238,2338,2339,2774,2775,2777,2778,3447,3765,4373,4535,4604,4606,4719,4792,4954,4955,4956,4957,4958,4959,4960,4961,5053,5150,5161,5560,5953,5958,5959,5966,5976,5979,5987,5992,6146,6147,6148,6149,6150,6151,6254,6373,6401,7009,7363,7549,7550,7877,7878,7879,7880,7881,7882,8467,8471,8472,8473,8474,
484;0;3711;3812;1;225,248,249,269,288,395,414,559,682,691,1270,1363,1473,1538,1587,1676,1718,1788,1822,1875,2054,2238,2338,2339,2774,2775,2777,2778,3447,3765,4373,4535,4604,4606,4719,4792,4954,4955,4956,4957,4958,4959,4960,4961,5053,5150,5161,5560,5953,5958,5959,5966,5976,5979,5987,5992,6146,6147,6148,6149,6150,6151,6254,6373,6401,7009,7363,7549,7550,7877,7878,7879,7880,7881,7882,8467,8471,8472,8473,8474,
23;0;3812;3839;1;225,248,249,269,288,395,414,559,682,691,1270,1363,1473,1538,1587,1676,1718,1788,1822,1875,2054,2238,2338,2339,2774,2775,2777,2778,3447,3765,4373,4535,4604,4606,4719,4792,4954,4955,4956,4957,4958,4959,4960,4961,5053,5150,5161,5560,5953,5958,5959,5966,5976,5979,5987,5992,6146,6147,6148,6149,6150,6151,6254,6373,6401,7009,7363,7549,7550,7877,7878,7879,7880,7881,7882,8467,8471,8472,8473,8474,
23;1;3839;3917;1;225,248,249,269,288,395,414,559,682,691,1270,1363,1473,1538,1587,1676,1718,1788,1822,1875,2054,2238,2338,2339,2774,2775,2777,2778,3447,3765,4373,4535,4604,4606,4719,4792,4954,4955,4956,4957,4958,4959,4960,4961,5053,5150,5161,5560,5953,5958,5959,5966,5976,5979,5987,5992,6146,6147,6148,6149,6150,6151,6254,6373,6401,7009,7363,7549,7550,7877,7878,7879,7880,7881,7882,8467,8471,8472,8473,8474,
453;0;4320;4431;1;225,248,249,269,288,395,414,559,682,691,1270,1363,1473,1538,1587,1676,1718,1788,1822,1875,2054,2238,2338,2339,2774,2775,2777,2778,3447,3470,3473,3474,3765,4373,4535,4604,4606,4719,4792,4954,4955,4956,4957,4958,4959,4960,4961,5053,5150,5161,5560,5953,5958,5959,5966,5976,5979,5987,5992,6146,6147,6148,6149,6150,6151,6254,6373,6401,7009,7363,7549,7882,8265,8340,8764,8765,8770,9014,9015,9016,
455;0;4431;4545;1;225,248,249,269,288,395,414,559,591,682,691,848,858,1073,1169,1270,1363,1473,1523,1538,1587,1666,1676,1718,1788,1822,1875,2054,2238,2338,2339,2547,2649,2677,2683,2693,2774,2775,2777,2778,3260,3447,3470,3473,3474,3765,4371,4372,4373,4374,4375,4376,4535,4604,4606,4719,4792,4954,4955,4956,4957,4958,4959,4960,4961,5053,5150,5161,5560,5953,5958,5959,5966,5976,5979,5987,5992,6146,6401,7882,
18;0;4545;4574;1;6,148,225,248,249,269,288,390,391,394,395,400,414,559,591,682,691,848,858,949,1052,1054,1073,1169,1270,1358,1363,1473,1523,1538,1587,1603,1666,1676,1718,1726,1788,1800,1811,1812,1814,1822,1875,2054,2238,2338,2339,2547,2649,2677,2683,2693,2774,2775,2777,2778,3260,3447,3470,3473,3474,3765,4371,4372,4373,4374,4375,4376,4535,4604,4606,4719,4792,4954,4955,5053,5987,5992,6401,7882,
18;1;4574;4664;1;6,88,148,225,245,248,249,269,277,288,343,390,391,394,395,400,414,559,591,682,691,765,835,848,858,949,1051,1052,1054,1073,1169,1270,1358,1363,1473,1523,1538,1587,1603,1666,1676,1718,1726,1788,1800,1811,1812,1814,1822,1875,2054,2122,2238,2338,2339,2547,2649,2661,2677,2693,2774,2775,2777,2778,2897,3037,3260,3447,3618,3745,4376,4604,4606,5053,5987,5992,6099,6401,7161,7882,
464;0;4664;4785;1;6,88,100,144,148,225,245,248,249,269,277,288,343,390,391,394,395,400,414,559,591,666,677,682,691,715,765,814,835,848,858,949,1051,1052,1054,1073,1169,1270,1358,1363,1473,1481,1523,1529,1538,1603,1726,1812,1814,2635,2661,2678,2774,2775,2777,2778,2802,2897,3260,3379,3447,3527,4376,4604,4606,4949,5053,5432,5525,5722,5987,5992,6023,6024,6401,6496,6497,6498,6499,7882,
173;0;4785;4829;1;3,6,88,100,137,144,148,225,245,248,249,269,277,288,343,390,391,394,395,398,400,414,559,591,666,677,682,691,715,765,814,835,848,858,949,1048,1051,1052,1054,1073,1145,1146,1169,1270,1358,1363,1473,1481,1523,1529,1603,1604,1726,1812,1814,1945,1970,1971,2678,2774,2775,2777,2778,2802,2897,3260,3379,3447,4376,4604,4606,5053,5432,5525,5722,5987,5992,6024,6401,7882,
173;1;4829;4910;1;3,6,88,100,137,144,148,225,245,248,277,288,291,295,329,343,377,390,391,395,398,400,591,677,765,891,949,1051,1133,1134,1146,1148,1236,1481,1529,1540,1603,1604,1726,1812,1814,1815,2053,2133,2224,2544,2678,2696,2774,2775,2777,2778,2802,2897,3260,3379,3447,3630,4227,4376,4428,4553,4604,4606,4996,5011,5053,5206,5217,5218,5322,5338,5432,5525,5722,5987,5992,6024,6401,7882,
27;0;4910;4976;1;3,6,88,100,137,144,148,225,245,248,277,288,291,295,329,343,377,390,391,395,398,400,591,677,765,891,949,1051,1133,1134,1146,1148,1236,1481,1524,1529,1540,1603,1604,1726,1812,1814,1815,2053,2133,2224,2544,2643,2645,2678,2696,2774,2775,2777,2778,2802,2897,3260,3379,3447,3630,4227,4376,4398,4428,4553,4604,4606,4996,5011,5053,5432,5525,5722,5987,5992,6024,6195,6401,7882,
27;1;4976;5038;1;3,6,68,88,100,137,144,148,208,225,245,248,251,277,288,291,295,329,343,377,390,391,395,398,400,412,415,474,591,655,677,765,794,891,949,1051,1133,1134,1146,1148,1236,1423,1481,1524,1529,1540,1603,1604,1707,1726,1812,1814,1935,2018,2053,2645,2678,2774,2775,2777,2778,2802,2897,3070,3260,3345,3379,3447,4376,4604,4606,5053,5432,5525,5722,5987,5992,6024,6401,7882,
415;0;5038;5170;1;6,95,100,137,139,144,182,288,291,301,322,329,379,382,391,395,429,647,719,775,833,854,855,948,1051,1118,1146,1163,1171,1201,1236,1478,1484,1603,1675,2052,2223,2250,2394,2645,2697,2816,2892,2910,2951,2955,3260,3284,3698,4094,4165,4469,4470,4471,4472,4821,5053,5155,5432,5706,5722,5739,6024,6310,6401,6709,6710,7882,8551,8559,9031,9041,9131,9137,9138,9139,9140,9141,9142,9143,
64;0;5170;5209;1;6,95,100,137,139,144,182,288,291,301,322,329,379,382,391,395,429,647,719,775,833,854,855,948,1051,1118,1146,1163,1171,1201,1236,1478,1484,1603,1675,2052,2223,2250,2394,2645,2697,2816,2892,2910,2951,2955,3260,3284,3698,4094,4165,4469,4470,4471,4472,4821,5053,5155,5432,5706,5722,5739,6024,6310,6401,6709,6710,7882,8551,8559,9031,9041,9131,9137,9138,9139,9140,9141,9142,9143,
64;1;5209;5307;1;6,95,100,137,139,144,182,288,291,301,322,329,379,382,391,395,429,647,719,775,833,854,855,948,1051,1118,1146,1163,1171,1201,1236,1478,1484,1603,1675,2052,2223,2250,2394,2645,2697,2816,2892,2910,2951,2955,3260,3284,3698,4094,4165,4469,4470,4471,4472,4821,5053,5155,5432,5706,5722,5739,6024,6310,6401,6709,6710,7882,8551,8559,9031,9041,9131,9137,9138,9139,9140,9141,9142,9143,
459;0;5307;5447;1;6,95,100,137,139,144,182,288,291,301,322,329,379,382,391,395,429,647,719,775,833,854,855,948,1051,1118,1146,1163,1171,1201,1236,1478,1484,1603,1675,2052,2223,2250,2394,2645,2697,2816,2892,2910,2951,2955,3260,3284,3698,4094,4165,4469,4470,4471,4472,4821,5053,5155,5432,5706,5722,5739,6024,6310,6401,6709,6710,7882,8551,8559,9031,9041,9131,9137,9138,9139,9140,9141,9142,9143,
422;0;5760;5902;1;6,26,95,100,137,139,144,182,255,288,291,301,322,329,379,382,391,395,429,647,719,775,833,854,855,948,1051,1118,1146,1163,1171,1201,1236,1269,1272,1280,1284,1286,1287,1290,1293,1294,1295,1322,1478,1484,1603,1675,2052,2080,2223,2250,2394,2645,2697,2816,2892,2910,2951,2955,3260,3284,3597,3624,3698,4094,4165,4469,4470,4471,4866,5053,5722,6024,6401,7062,7063,7064,7882,8551,
428;0;5902;6046;1;2,6,26,95,100,137,139,142,144,182,255,288,291,301,322,329,379,382,391,395,404,429,647,719,775,833,854,855,911,948,1050,1051,1053,1118,1146,1163,1171,1201,1233,1236,1269,1272,1280,1284,1286,1287,1290,1293,1294,1295,1322,1478,1484,1603,1675,1918,2052,2080,2223,2250,2394,2645,2697,2816,2892,2910,2951,2955,3260,3284,3597,3624,3698,4094,5053,5722,6024,6401,7882,8551,
515;0;6046;6193;1;2,6,26,95,100,137,139,142,144,182,255,288,291,301,322,329,379,382,391,395,404,429,647,719,775,833,854,855,911,948,1050,1051,1053,1118,1146,1163,1171,1201,1233,1236,1269,1272,1280,1284,1286,1287,1290,1293,1294,1295,1322,1478,1484,1541,1603,1675,1918,1980,1993,2052,2059,2060,2061,2062,2063,2064,2065,2066,2067,2068,2069,2070,2223,2645,5053,5722,6024,6401,7882,8551,
534;0;6193;6341;1;2,6,26,95,100,137,139,142,144,182,255,288,291,301,322,329,379,382,391,395,404,429,647,719,775,833,854,855,861,911,948,1050,1051,1053,1118,1146,1163,1171,1201,1233,1236,1269,1272,1280,1284,1286,1287,1290,1293,1294,1295,1322,1478,1484,1541,1603,1675,2065,2223,2645,2802,3281,4894,5053,5722,6024,6401,6783,7837,7882,8165,8166,8167,8168,8169,8170,8171,8172,8173,8551,
592;0;6341;6492;1;95,101,144,146,189,205,246,288,395,404,429,568,647,692,752,979,1089,1163,1196,1201,1242,1293,1478,1529,1598,1604,1726,1999,2065,2086,2223,2627,2657,2692,2943,2986,3396,3404,3855,3880,3881,3882,3883,3884,3885,3886,3887,3888,3889,3890,4035,4219,4376,5402,5484,5485,5777,5984,5987,5992,6090,6235,6513,6584,6729,7171,7926,7927,7933,7958,8014,8551,8555,9032,9075,9101,9102,9103,9104,9105,
483;0;6492;6644;1;95,101,144,146,189,205,246,288,395,404,429,568,647,692,752,979,1089,1163,1196,1201,1242,1293,1478,1529,1598,1604,1726,1999,2065,2086,2223,2627,2657,2692,2943,2986,3396,3404,3855,3880,3881,3882,3883,3884,3885,3886,3887,3888,3889,3890,4035,4219,4376,5402,5484,5485,5777,5984,5987,5992,6090,6235,6513,6584,6729,7171,7926,7927,7933,7958,8014,8551,8555,9032,9075,9101,9102,9103,9104,9105,
454;0;6644;6800;1;95,101,144,146,189,205,246,288,395,404,429,568,647,692,752,979,1089,1163,1196,1201,1242,1293,1478,1529,1598,1604,1726,1999,2065,2086,2223,2627,2657,2692,2943,2986,3396,3404,3855,3880,3881,3882,3883,3884,3885,3886,3887,3888,3889,3890,4035,4219,4376,5402,5484,5485,5777,5984,5987,5992,6090,6235,6513,6584,6729,7171,7926,7927,7933,7958,8014,8551,8555,9032,9075,9101,9102,9103,9104,9105,
583;0;6800;6964;1;95,101,144,146,189,205,246,288,395,404,429,568,647,692,752,979,1089,1163,1196,1201,1242,1293,1478,1529,1598,1604,1726,1999,2065,2086,2223,2627,2657,2692,2943,2986,3396,3404,3855,3880,3881,3882,3883,3884,3885,3886,3887,3888,3889,3890,4035,4219,4376,5402,5484,5485,5777,5984,5987,5992,6090,6235,6513,6584,6729,7171,7926,7927,7933,7958,8014,8551,8555,9032,9075,9101,9102,9103,9104,9105,
END
fineshedJobsCount: 419
switchs: 5384
switchsInstances: 287
unfineshedPriorityCount: 181
finalSolution: -1114
totalUnfineshed: 181
Time: 44
