input/MyInstancesDiferentToolSets/n=699,p=0.75,r=0.5,t=1048,v0.csv;./input/Processed/ToolSetInt.csv
6;720;1440;8640
Machine: 0
678;0;0;4;1;137,139,143,144,145,225,226,229,230,232,233,240,241,242,243,274,277,391,404,429,430,775,818,819,821,822,827,948,1051,1092,1099,1146,1361,1398,1407,1472,1473,1474,1478,1479,1497,1551,1552,1553,1555,1556,1557,1681,1803,1843,2246,2248,2292,2293,2294,2295,2296,2297,2298,2299,2300,2301,2302,2303,2321,2816,2951,2988,3129,3945,4473,4632,4821,5685,5739,6129,6386,6387,6949,7036,
533;0;4;13;1;137,139,143,144,145,225,226,229,230,232,233,240,241,242,243,274,277,391,404,429,430,775,818,819,821,822,827,948,1051,1092,1099,1146,1361,1398,1407,1472,1473,1474,1478,1479,1497,1551,1552,1553,1555,1556,1557,1681,1803,1843,2246,2248,2292,2293,2294,2295,2296,2297,2298,2299,2300,2301,2302,2303,2321,2816,2951,2988,3129,3945,4473,4632,4821,5685,5739,6129,6386,6387,6949,7036,
524;0;13;28;1;137,139,143,144,145,225,226,229,230,232,233,240,241,242,243,274,277,391,404,429,430,775,818,819,821,822,827,948,1051,1092,1099,1146,1361,1398,1407,1472,1473,1474,1478,1479,1497,1551,1552,1553,1555,1556,1557,1681,1803,1843,2246,2248,2292,2293,2294,2295,2296,2297,2298,2299,2300,2301,2302,2303,2321,2816,2951,2988,3129,3945,4473,4632,4821,5685,5739,6129,6386,6387,6949,7036,
562;0;28;47;1;137,139,143,144,145,225,226,229,230,232,233,240,241,242,243,274,277,391,404,429,430,775,818,819,821,822,827,948,1051,1092,1099,1146,1361,1398,1407,1472,1473,1474,1478,1479,1497,1551,1552,1553,1555,1556,1557,1681,1803,1843,2246,2248,2292,2293,2294,2295,2296,2297,2298,2299,2300,2301,2302,2303,2321,2816,2951,2988,3129,3945,4473,4632,4821,5685,5739,6129,6386,6387,6949,7036,
115;0;47;65;1;137,139,143,144,145,225,226,229,230,232,233,240,241,242,243,274,277,391,404,429,430,775,818,819,821,822,827,948,1051,1092,1099,1146,1361,1398,1407,1472,1473,1474,1478,1479,1497,1551,1552,1553,1555,1556,1557,1681,1803,1843,2246,2248,2292,2293,2294,2295,2296,2297,2298,2299,2300,2301,2302,2303,2321,2816,2951,2988,3129,3945,4473,4632,4821,5685,5739,6129,6386,6387,6949,7036,
115;1;65;73;1;137,139,143,144,145,225,226,229,230,232,233,240,241,242,243,274,277,391,404,429,430,775,818,819,821,822,827,948,1051,1092,1099,1146,1361,1398,1407,1472,1473,1474,1478,1479,1497,1551,1552,1553,1555,1556,1557,1681,1803,1843,2246,2248,2292,2293,2294,2295,2296,2297,2298,2299,2300,2301,2302,2303,2321,2816,2951,2988,3129,3945,4473,4632,4821,5685,5739,6129,6386,6387,6949,7036,
512;0;73;103;1;137,139,143,144,145,225,226,229,230,232,233,240,241,242,243,274,277,391,404,429,430,775,818,819,821,822,827,948,1051,1092,1099,1146,1361,1398,1407,1472,1473,1474,1478,1479,1497,1551,1552,1553,1555,1556,1557,1679,1681,1803,1843,2246,2248,2292,2293,2294,2295,2296,2297,2298,2299,2300,2301,2302,2303,2321,2455,2816,2951,2988,3129,3945,4473,4632,4821,4934,5679,5680,5685,5739,
530;0;103;136;1;137,139,143,144,145,225,226,229,230,232,233,240,241,242,243,262,274,277,321,391,400,404,429,430,640,647,648,775,818,819,821,822,827,855,948,1051,1092,1099,1146,1233,1361,1398,1407,1472,1473,1474,1478,1479,1497,1551,1552,1553,1555,1556,1557,1679,1681,1803,1843,2246,2248,2292,2293,2294,2295,2296,2297,2298,2299,2300,2301,2302,2303,2321,2455,2816,2988,3278,4632,6342,
681;0;136;173;1;26,137,139,143,144,145,156,225,226,229,230,232,233,240,241,242,243,262,274,277,321,391,400,404,429,430,640,647,648,775,818,819,821,822,827,855,948,1051,1092,1099,1146,1233,1361,1398,1407,1472,1473,1474,1478,1479,1497,1551,1552,1553,1555,1556,1557,1679,1681,1803,1843,2177,2246,2248,2292,2293,2294,2299,2455,2816,2941,2988,3278,3988,4462,4632,6015,6706,7370,7371,
472;0;173;215;1;26,28,44,66,137,139,143,144,145,156,187,225,226,229,230,232,233,240,241,242,243,262,274,277,321,359,391,400,404,429,430,640,647,648,658,775,818,819,821,822,827,855,864,948,1051,1091,1092,1099,1146,1233,1281,1283,1286,1304,1361,1398,1423,1472,1473,1474,1478,1479,1803,1843,1851,2032,2158,2299,2455,2518,2537,2816,2941,2988,3006,3126,3247,3278,3988,4632,
477;0;215;261;1;26,28,44,66,137,139,143,144,145,156,187,198,208,225,226,229,230,232,233,240,241,242,243,262,274,277,321,359,391,400,404,429,430,640,647,648,658,775,818,819,821,822,827,855,864,948,1051,1091,1099,1146,1233,1281,1283,1286,1304,1361,1398,1423,1472,1473,1474,1478,1479,1509,1803,1843,1895,1984,2299,2455,2512,2816,2941,2988,3278,3891,3894,3988,4455,4632,
588;0;261;311;1;26,28,44,61,66,74,137,139,143,144,145,156,187,198,208,225,226,229,230,232,233,240,241,242,243,262,274,277,321,359,391,400,404,429,430,640,647,648,658,775,818,819,821,822,827,855,864,948,1051,1091,1099,1146,1233,1281,1283,1286,1293,1304,1361,1398,1423,1472,1473,1474,1478,1479,1509,1803,1843,1895,2299,2455,2512,2816,2866,2941,2988,3278,3988,4632,
567;0;311;363;1;3,26,28,44,61,66,74,137,139,143,144,145,156,187,198,208,225,226,229,230,232,233,240,241,242,243,262,274,277,298,321,359,391,400,404,429,430,640,647,648,658,818,827,855,948,1051,1099,1146,1233,1281,1283,1286,1293,1304,1361,1398,1423,1472,1473,1474,1478,1479,1509,1803,1843,2299,2455,2512,2816,2941,2988,3278,3988,4552,4632,4650,7713,7716,7720,7721,
171;0;363;367;1;2,3,26,44,61,74,137,139,143,144,145,187,208,225,229,233,234,240,242,243,262,277,321,391,397,400,404,429,430,640,647,648,818,827,855,948,1051,1093,1099,1117,1146,1172,1233,1236,1281,1283,1286,1293,1304,1361,1398,1423,1472,1473,1474,1478,1479,1502,1509,1803,1843,2299,2455,2512,2816,2941,2988,2998,2999,3000,3001,3278,3988,4552,4632,4650,7713,7716,7720,7721,
171;1;367;427;1;2,3,26,44,61,74,137,139,144,145,187,208,225,229,233,234,240,242,243,262,277,321,391,397,400,404,428,429,430,640,647,827,855,948,1051,1093,1117,1146,1233,1236,1269,1274,1277,1279,1280,1281,1283,1286,1287,1289,1293,1295,1304,1322,1361,1398,1423,1472,1473,1474,1478,1479,1509,1803,1859,2455,2512,2816,2941,3026,3278,4451,4552,4632,4650,6950,7713,7716,7720,7721,
474;0;427;493;1;2,3,26,27,44,61,74,137,139,144,145,187,208,225,233,234,243,262,277,321,366,391,397,400,404,429,430,559,581,640,647,827,855,948,1051,1117,1146,1233,1236,1269,1277,1279,1280,1281,1283,1286,1287,1293,1295,1304,1322,1361,1398,1423,1472,1473,1474,1478,1479,1509,1803,1859,2273,2455,2512,2816,2941,3026,3060,3278,3421,3422,3820,3831,4650,5487,5644,5995,6869,7713,
629;0;493;561;1;26,27,44,74,101,103,144,145,225,233,243,262,277,313,321,348,397,400,404,436,609,640,647,691,715,827,948,1051,1117,1146,1236,1269,1280,1281,1286,1287,1322,1473,1474,1478,1481,1509,2461,2498,2643,2690,2941,3745,3915,4937,5296,5392,5525,5538,5637,5726,6026,6225,6334,7294,7295,7296,7297,7298,7299,7300,7301,7302,7303,7304,7305,7306,7307,7308,7309,7310,7311,7312,7313,7314,
587;0;561;634;1;26,27,44,74,101,103,144,145,149,225,231,233,243,262,269,277,288,313,321,348,377,396,397,400,404,436,609,640,647,691,715,827,948,949,1051,1117,1146,1163,1236,1269,1280,1281,1286,1287,1322,1378,1417,1473,1474,1478,1481,1509,2223,2461,2498,2643,2649,2690,2941,3108,3745,3915,4937,5392,5525,5538,5637,5734,6263,6286,6287,6334,6384,7296,7299,7302,7304,7305,7306,7308,
687;0;634;709;1;7,8,26,27,44,74,95,101,103,138,144,145,149,225,231,233,243,262,269,277,288,313,321,348,377,390,392,394,396,397,398,400,404,436,609,640,647,691,715,827,948,949,1049,1050,1051,1054,1055,1057,1117,1146,1163,1236,1269,1280,1281,1286,1287,1322,1417,1474,1478,1481,1509,1675,2223,2498,2649,2941,5392,5525,5538,5637,6334,7296,7299,7302,7304,7305,7306,7308,
585;0;709;786;1;24,25,26,34,36,37,38,44,52,54,70,79,110,144,149,189,225,231,233,288,291,351,390,396,400,422,640,715,762,826,827,871,873,874,875,876,877,880,948,1031,1051,1117,1217,1225,1240,1281,1474,1478,1481,1507,1508,1509,1510,1511,2156,2213,2546,2628,2645,2678,2679,3291,3448,3553,3698,4619,4803,5209,5392,5525,5538,5637,7296,7299,7838,8171,8174,8837,8838,8859,
651;0;786;866;1;24,25,26,34,36,37,38,44,52,54,70,79,110,144,149,189,225,231,233,288,291,351,390,396,400,422,640,715,762,826,827,871,873,874,875,876,877,880,948,1031,1051,1117,1217,1225,1240,1281,1474,1478,1481,1507,1508,1509,1510,1511,2156,2213,2546,2628,2645,2678,2679,3291,3448,3553,3698,4619,4803,5209,5392,5525,5538,5637,7296,7299,7838,8171,8174,8837,8838,8859,
514;0;866;949;1;24,25,26,34,36,37,38,44,52,54,70,79,110,144,149,189,225,231,233,288,291,351,390,396,400,422,640,715,762,826,827,871,873,874,875,876,877,880,948,1031,1051,1117,1217,1225,1240,1281,1474,1478,1481,1507,1508,1509,1510,1511,2156,2213,2546,2628,2645,2678,2679,3291,3448,3553,3698,4619,4803,5209,5392,5525,5538,5637,7296,7299,7838,8171,8174,8837,8838,8859,
21;0;949;1098;0;24,25,26,34,36,37,38,44,52,54,70,79,110,144,149,189,225,231,233,288,291,351,390,396,400,422,640,715,762,826,827,871,873,874,875,876,877,880,948,1031,1051,1117,1217,1225,1240,1281,1474,1478,1481,1507,1508,1509,1510,1511,2156,2213,2546,2628,2645,2678,2679,3291,3448,3553,3698,4619,4803,5209,5392,5525,5538,5637,7296,7299,7838,8171,8174,8837,8838,8859,
21;1;1098;1236;0;24,25,26,34,36,37,38,44,52,54,70,79,110,144,149,189,225,231,233,288,291,351,390,396,400,422,640,715,762,826,827,871,873,874,875,876,877,880,948,1031,1051,1117,1217,1225,1240,1281,1474,1478,1481,1507,1508,1509,1510,1511,2156,2213,2546,2628,2645,2678,2679,3291,3448,3553,3698,4619,4803,5209,5392,5525,5538,5637,7296,7299,7838,8171,8174,8837,8838,8859,
193;0;1236;1400;0;24,25,26,34,36,37,38,44,52,54,70,79,110,144,149,189,225,231,233,288,291,351,390,396,400,422,640,715,762,826,827,871,873,874,875,876,877,880,948,1031,1051,1117,1217,1225,1240,1281,1474,1478,1481,1507,1508,1509,1510,1511,2156,2213,2546,2628,2645,2678,2679,3291,3448,3553,3698,4619,4803,5209,5392,5525,5538,5637,7296,7299,7838,8171,8174,8837,8838,8859,
193;1;1440;1538;0;24,25,26,34,36,37,38,44,52,54,70,79,88,100,110,144,149,189,225,231,233,288,291,351,390,396,400,422,640,666,694,715,762,826,827,833,871,873,874,875,876,877,880,948,1031,1051,1095,1117,1240,1390,1474,1478,1481,1530,2337,2626,2628,2645,2653,2661,2678,2679,2683,3291,5259,5392,5525,5538,5539,5637,5722,6029,6311,6312,6313,6562,7296,7299,7414,7415,
88;0;1538;1630;0;24,25,26,34,36,37,38,44,52,54,70,79,88,100,110,144,149,189,225,231,233,288,291,351,390,396,400,422,640,666,694,715,762,826,827,833,871,873,874,875,876,877,880,948,1031,1051,1095,1117,1240,1390,1401,1474,1477,1478,1480,1481,1530,2116,2337,2626,2628,2645,2653,2661,2678,2679,2683,3291,4322,4323,5259,5392,5525,5637,5722,6311,6312,6313,7296,7299,
88;1;1630;1782;0;24,26,38,54,79,93,94,100,117,144,149,189,225,231,233,288,291,292,351,390,396,400,640,715,827,833,848,871,873,874,875,948,1051,1117,1240,1390,1474,1478,1481,1516,1527,1529,1530,2052,2091,2318,2626,2628,2645,2661,2678,2679,2682,3291,4323,4608,4962,5392,5511,5525,5637,5713,5722,6311,6312,6313,6400,6597,7217,7296,7299,7319,8415,9076,9077,9078,9079,9080,9081,9082,
107;0;1782;1919;0;24,26,38,54,79,93,100,144,149,189,225,231,233,271,288,290,291,292,351,390,396,400,591,640,715,827,833,839,871,873,874,875,948,1051,1117,1118,1240,1390,1474,1478,1481,1516,1527,1529,1530,1540,1915,2091,2092,2318,2338,2626,2628,2645,2661,2774,2775,2777,2778,3263,3267,4323,4605,4606,4617,5340,5410,5637,5722,6226,6311,6312,6313,6329,6366,7296,7299,8035,8036,8415,
107;1;1919;2012;0;4,24,26,38,54,79,93,100,144,149,189,225,231,233,243,271,288,290,291,292,293,351,390,396,397,400,591,640,715,827,833,839,871,873,874,875,948,1051,1053,1117,1118,1145,1146,1240,1362,1367,1390,1474,1478,1481,1516,1527,1529,1530,1540,1814,2091,2105,2318,2510,2626,2628,2645,2661,2774,2775,2777,2778,3267,4323,4606,5551,5637,5722,6311,6312,6313,7296,7299,8415,
48;0;2012;2074;0;4,24,26,38,54,79,93,100,144,149,152,189,225,231,233,243,271,288,290,291,292,293,351,390,396,397,400,528,591,640,715,827,833,839,871,873,874,875,948,1051,1053,1117,1118,1145,1146,1240,1322,1390,1474,1478,1481,1516,1527,1529,1530,1814,2091,2318,2350,2407,2626,2628,2645,2661,2774,2775,2777,2778,2836,3267,4323,4606,5637,5722,6311,6312,6313,7296,7299,8415,
48;1;2074;2220;0;4,24,26,27,68,74,79,87,89,90,144,170,448,512,518,528,551,578,607,612,615,616,617,730,739,764,768,770,814,833,836,858,862,944,945,1151,1158,1214,1240,1346,1390,1515,1516,1517,1518,1519,1520,1521,1522,1523,1524,1525,1526,1527,1530,1558,1559,1849,1940,2028,2091,2094,2179,2279,2350,2471,2517,2774,2775,2864,2941,3014,3929,3930,3931,3932,4465,4514,6786,7892,
591;0;2220;2379;0;4,24,26,27,68,74,79,87,89,90,144,170,448,512,518,528,551,578,607,612,615,616,617,730,739,764,768,770,814,833,836,858,862,944,945,1151,1158,1214,1240,1346,1390,1515,1516,1517,1518,1519,1520,1521,1522,1523,1524,1525,1526,1527,1530,1558,1559,1849,1940,2028,2091,2094,2179,2279,2350,2471,2517,2774,2775,2864,2941,3014,3929,3930,3931,3932,4465,4514,6786,7892,
97;0;2379;2513;0;4,24,26,27,68,74,79,87,89,90,144,170,448,512,518,528,551,578,607,612,615,616,617,730,739,764,768,770,814,833,836,858,862,944,945,1151,1158,1214,1240,1346,1390,1515,1516,1517,1518,1519,1520,1521,1522,1523,1524,1525,1526,1527,1530,1558,1559,1849,1940,2028,2091,2094,2179,2279,2350,2471,2517,2774,2775,2864,2941,3014,3929,3930,3931,3932,4465,4514,6786,7892,
97;1;2513;2535;0;4,24,26,27,68,74,79,87,89,90,144,170,448,512,518,528,551,578,607,612,615,616,617,730,739,764,768,770,814,833,836,858,862,944,945,1151,1158,1214,1240,1346,1390,1515,1516,1517,1518,1519,1520,1521,1522,1523,1524,1525,1526,1527,1530,1558,1559,1849,1940,2028,2091,2094,2179,2279,2350,2471,2517,2774,2775,2864,2941,3014,3929,3930,3931,3932,4465,4514,6786,7892,
612;0;2535;2685;0;4,24,26,27,68,74,79,87,89,90,144,170,448,512,518,528,551,578,607,612,615,616,617,730,739,764,768,770,814,833,836,858,862,944,945,1151,1158,1214,1240,1346,1390,1515,1516,1517,1518,1519,1520,1521,1522,1523,1524,1525,1526,1527,1530,1558,1559,1849,1940,2028,2091,2094,2179,2279,2350,2471,2517,2774,2775,2864,2941,3014,3929,3930,3931,3932,4465,4514,6786,7892,
466;0;2880;3022;0;4,24,26,27,68,74,79,87,89,90,144,170,255,448,512,518,528,529,551,578,607,612,614,615,616,617,618,619,730,739,764,768,770,814,833,836,858,862,944,945,1151,1158,1214,1240,1266,1268,1269,1270,1273,1278,1280,1286,1287,1288,1291,1293,1294,1295,1512,1524,1525,1849,1940,2091,2346,2347,2350,2577,2774,2775,2941,4206,4514,6966,7017,7018,7019,7020,7021,7022,
489;0;3022;3147;0;4,24,26,27,68,74,79,87,89,90,144,170,255,448,512,518,528,529,551,578,580,607,612,614,615,616,617,618,619,637,730,739,764,768,770,814,833,836,858,862,944,945,1151,1158,1214,1240,1266,1268,1269,1270,1273,1278,1280,1286,1287,1288,1291,1293,1294,1295,1297,1512,1524,1525,1695,1849,1940,2171,2263,2273,2350,2351,2352,2774,2775,2941,4206,4514,7018,7022,
165;0;3147;3245;0;4,24,26,27,68,74,79,87,89,90,144,149,170,233,255,262,277,290,448,512,518,528,529,551,578,580,591,607,612,614,615,616,617,618,619,637,644,730,739,764,768,814,833,836,858,862,944,945,1214,1266,1268,1269,1270,1273,1278,1280,1287,1288,1291,1293,1294,1295,1297,1524,1525,1849,1940,2263,2273,2774,2775,2816,2941,4206,4514,4600,4740,5331,7018,7022,
165;1;3245;3260;0;4,9,10,24,26,27,68,74,79,87,89,90,144,149,170,233,255,262,277,290,448,512,518,528,529,551,578,591,607,612,644,764,768,814,833,836,838,858,862,944,945,949,1118,1214,1266,1268,1269,1270,1273,1278,1280,1287,1288,1291,1293,1294,1295,1297,1359,1361,1524,1525,1849,1940,2263,2273,2455,2774,2775,2776,2941,4206,4514,4600,5351,5432,5433,5434,7018,7022,
467;0;3260;3356;0;4,24,26,27,89,90,144,149,170,233,255,262,277,290,512,518,528,529,551,591,607,612,644,764,768,814,833,836,858,862,944,945,949,1118,1214,1266,1268,1269,1270,1273,1278,1280,1283,1284,1285,1287,1288,1290,1293,1294,1295,1297,1359,1419,1524,1525,1849,1940,2263,2265,2273,2410,2419,2516,2774,2775,2776,2856,2941,3703,3768,4206,4207,4208,4209,4210,4211,4514,7018,7022,
639;0;3356;3448;0;4,24,26,27,60,89,90,144,149,170,233,255,262,277,290,512,518,528,529,551,573,591,607,612,644,764,768,814,833,836,858,862,944,945,949,968,1118,1214,1266,1268,1269,1270,1273,1278,1280,1283,1284,1285,1287,1288,1290,1293,1294,1295,1297,1359,1419,1524,1525,1849,1940,2263,2265,2273,2410,2419,2512,2774,2775,2776,2941,3703,3855,3955,4028,4029,4030,4514,7018,7022,
589;0;3448;3525;0;4,24,26,27,60,89,90,144,149,170,233,255,262,277,290,512,518,528,529,551,573,591,607,612,644,764,768,769,814,833,836,858,862,944,945,949,968,1118,1214,1266,1268,1269,1270,1273,1278,1280,1283,1284,1285,1287,1288,1290,1293,1294,1295,1297,1359,1419,1524,1525,1849,1940,2263,2265,2273,2410,2492,2547,2649,2693,2774,2775,2776,2783,2941,3703,4371,4514,7018,7022,
646;0;3525;3581;0;24,26,27,89,90,144,149,225,260,262,273,277,290,382,400,512,528,591,644,764,768,814,833,836,858,862,875,921,944,945,1118,1177,1214,1236,1266,1268,1278,1280,1287,1288,1293,1294,1295,1417,1469,1481,1501,1670,1675,1749,1756,1940,1973,2051,2222,2263,2410,2432,2645,2674,2695,2723,2775,2776,2941,3284,3703,3920,4323,4511,4514,5206,5882,6347,6348,6349,6350,6351,6352,6353,
592;0;3581;3669;1;24,26,38,78,95,138,144,177,181,189,202,225,234,262,288,302,305,308,310,313,314,317,321,380,390,397,401,403,427,442,528,640,645,871,872,873,874,987,1121,1268,1287,1288,1293,1294,1295,1360,1423,1430,1456,1466,1472,1474,1481,1655,1676,1814,1932,2222,2223,2263,2410,3120,3121,4280,4569,4612,4759,4800,5047,5440,5490,5491,5492,5645,8118,9107,9108,9109,9110,9111,
549;0;3669;3758;1;24,26,38,78,95,138,144,177,181,189,202,225,234,262,288,302,305,308,310,313,314,317,321,380,390,397,401,403,427,442,528,640,645,871,872,873,874,987,1121,1268,1287,1288,1293,1294,1295,1360,1423,1430,1456,1466,1472,1474,1481,1655,1676,1814,1932,2222,2223,2263,2410,3120,3121,4280,4569,4612,4759,4800,5047,5440,5490,5491,5492,5645,8118,9107,9108,9109,9110,9111,
11;0;3758;3793;1;24,26,38,78,95,138,144,177,181,189,202,225,234,262,288,302,305,308,310,313,314,317,321,380,390,397,401,403,427,442,528,640,645,871,872,873,874,987,1121,1268,1287,1288,1293,1294,1295,1360,1423,1430,1456,1466,1472,1474,1481,1655,1676,1814,1932,2222,2223,2263,2410,3120,3121,4280,4569,4612,4759,4800,5047,5440,5490,5491,5492,5645,8118,9107,9108,9109,9110,9111,
11;1;3793;3855;1;24,26,38,78,95,138,144,177,181,189,202,225,234,262,288,302,305,308,310,313,314,317,321,380,390,397,401,403,427,442,528,640,645,871,872,873,874,987,1121,1268,1287,1288,1293,1294,1295,1360,1423,1430,1456,1466,1472,1474,1481,1655,1676,1814,1932,2222,2223,2263,2410,3120,3121,4280,4569,4612,4759,4800,5047,5440,5490,5491,5492,5645,8118,9107,9108,9109,9110,9111,
529;0;3855;3953;1;24,26,38,78,95,138,144,177,181,189,202,225,234,262,288,302,305,308,310,313,314,317,321,380,390,397,401,403,427,442,528,640,645,871,872,873,874,987,1121,1268,1287,1288,1293,1294,1295,1360,1423,1430,1456,1466,1472,1474,1481,1655,1676,1814,1932,2222,2223,2263,2410,3120,3121,4280,4569,4612,4759,4800,5047,5440,5490,5491,5492,5645,8118,9107,9108,9109,9110,9111,
633;0;3953;4054;1;24,26,38,78,95,138,144,177,181,189,202,225,234,262,288,302,305,308,310,313,314,317,321,380,390,397,401,403,427,442,528,640,645,871,872,873,874,987,1121,1268,1287,1288,1293,1294,1295,1360,1423,1430,1456,1466,1472,1474,1481,1655,1676,1814,1932,2222,2223,2263,2410,3120,3121,4280,4569,4612,4759,4800,5047,5440,5490,5491,5492,5645,8118,9107,9108,9109,9110,9111,
175;0;4054;4125;1;24,26,38,78,95,138,144,177,181,189,202,225,234,262,288,302,305,308,310,313,314,317,321,380,390,397,401,403,427,442,528,640,645,871,872,873,874,987,1121,1268,1287,1288,1293,1294,1295,1360,1423,1430,1456,1466,1472,1474,1481,1655,1676,1814,1932,2222,2223,2263,2410,3120,3121,4280,4569,4612,4759,4800,5047,5440,5490,5491,5492,5645,8118,9107,9108,9109,9110,9111,
175;1;4320;4352;1;24,26,38,78,95,138,144,177,181,189,202,225,234,262,288,302,305,308,310,313,314,317,321,380,390,397,401,403,427,442,458,528,640,645,871,872,873,874,987,1121,1268,1287,1288,1293,1294,1295,1360,1423,1430,1456,1466,1472,1474,1481,1543,1587,1655,1676,1814,1859,1932,2074,2089,2263,2410,2611,2958,3121,3381,3382,3861,3862,3863,3864,3865,3866,3867,3868,3869,3870,
616;0;4352;4458;1;24,26,38,78,95,138,144,177,181,189,202,225,234,262,288,302,305,308,310,313,314,317,321,380,390,397,401,403,427,442,458,528,640,645,871,872,873,874,987,1121,1268,1271,1276,1287,1288,1293,1294,1295,1322,1360,1423,1430,1456,1466,1472,1474,1481,1543,1587,1655,1676,1814,1859,1932,2074,2089,2148,2240,2241,2263,2410,2418,2472,2611,3048,3049,3050,3051,3121,3870,
573;0;4458;4567;1;24,26,38,55,78,95,138,144,177,181,189,202,225,234,251,262,288,302,305,308,310,313,314,317,321,380,390,397,401,403,427,442,458,528,640,645,871,872,873,874,987,1121,1268,1271,1276,1287,1288,1293,1294,1295,1304,1322,1360,1423,1430,1456,1463,1466,1472,1474,1481,1543,1587,1655,1676,1814,1859,1932,2074,2089,2148,2240,2241,2263,2305,2410,2418,3121,3870,4334,
653;0;4567;4678;1;24,26,38,55,78,95,138,144,177,181,189,202,225,234,251,262,288,302,305,308,310,313,314,317,321,380,390,397,401,403,427,442,458,528,598,640,645,871,872,873,874,987,1121,1268,1271,1276,1287,1288,1292,1293,1294,1295,1304,1322,1360,1423,1430,1456,1463,1466,1472,1474,1481,1543,1587,1655,1676,1782,1814,1859,2239,2241,2242,2263,2305,2407,3026,3027,3121,3870,
177;0;4678;4781;1;24,26,38,55,95,138,144,177,181,189,225,234,251,262,288,302,305,308,310,313,314,317,321,380,390,528,640,645,871,872,873,874,987,1121,1287,1288,1292,1293,1294,1322,1456,1472,1474,1481,1587,1676,1814,2239,2263,2305,2407,3121,3178,3180,3311,3663,3664,3665,3666,3667,3668,3669,3670,3671,3672,3673,3674,3675,3676,3677,3678,3679,3680,3681,3682,3683,3684,3685,3686,3870,
177;1;4781;4792;1;24,26,38,55,95,138,139,144,145,177,181,189,225,231,234,251,262,277,288,302,305,308,310,313,314,317,321,380,390,404,429,528,640,645,855,871,872,873,874,948,987,1121,1287,1288,1292,1293,1294,1322,1456,1472,1474,1478,1479,1481,1587,1676,1814,2239,2263,2305,2407,3121,3178,3180,3311,3663,3664,3665,3666,3667,3668,3669,3674,3675,3677,3678,3679,3686,3870,4220,
136;0;4792;4846;1;24,26,38,55,95,97,138,139,144,177,178,179,181,184,189,225,234,251,262,267,268,272,273,277,285,288,302,305,307,308,309,310,313,314,317,321,380,390,404,429,528,640,645,855,871,872,873,874,948,987,1121,1132,1287,1288,1292,1293,1294,1322,1379,1456,1472,1474,1478,1481,1587,1676,1680,1814,2239,2263,2305,2407,3121,3674,3675,3677,3678,3679,3686,3870,
136;1;4846;4910;1;15,24,26,27,38,55,95,97,138,139,144,150,177,178,179,184,187,188,189,225,234,251,262,267,268,273,277,285,288,302,305,308,310,313,314,317,321,380,390,404,412,429,509,528,567,640,645,855,871,872,873,874,948,987,1121,1287,1288,1293,1322,1456,1472,1474,1478,1481,1676,2239,2263,2305,2315,2407,3121,3313,3314,3674,3675,3677,3678,3679,3686,3870,
566;0;4910;5029;1;24,26,27,38,55,95,97,138,139,144,177,178,179,184,187,188,189,225,234,251,262,267,268,273,277,285,288,302,305,308,310,313,314,317,321,380,390,404,429,509,528,640,645,855,871,872,873,874,948,987,1121,1287,1288,1293,1322,1456,1472,1474,1478,1481,1676,2239,2263,2305,2315,2407,3121,3674,3675,3677,3678,3679,3686,3870,8470,8475,8476,8477,8478,8479,
103;0;5029;5105;1;24,26,27,38,95,97,100,137,138,139,144,177,178,179,184,188,189,225,234,267,288,303,304,305,308,311,312,314,316,321,368,398,404,430,503,591,644,715,872,948,987,1052,1062,1266,1277,1288,1293,1474,1478,1481,1484,1707,2053,2103,2154,2239,2263,2305,2405,2674,2676,3069,3121,3307,3346,3414,3527,3674,3675,3677,3678,3679,3686,4514,5706,5948,7003,7214,7890,7891,
103;1;5105;5151;1;24,26,27,38,95,97,100,137,138,139,144,177,178,179,184,188,189,225,234,267,288,303,304,305,308,311,312,314,316,321,368,398,404,430,503,591,644,715,872,948,987,1052,1062,1266,1277,1288,1293,1474,1478,1481,1484,1707,2053,2103,2154,2239,2263,2305,2405,2674,2676,3069,3121,3307,3346,3414,3527,3674,3675,3677,3678,3679,3686,4514,5706,5948,7003,7214,7890,7891,
480;0;5151;5277;1;24,26,27,38,95,97,100,137,138,139,144,177,178,179,184,188,189,225,234,267,288,303,304,305,308,311,312,314,316,321,368,398,404,430,503,591,644,715,872,948,987,1052,1062,1266,1277,1288,1293,1474,1478,1481,1484,1707,2053,2103,2154,2239,2263,2305,2405,2674,2676,3069,3121,3307,3346,3414,3527,3674,3675,3677,3678,3679,3686,4514,5706,5948,7003,7214,7890,7891,
20;0;5277;5281;1;24,26,27,38,95,97,100,137,138,139,144,177,178,179,184,188,189,225,234,267,288,303,304,305,308,311,312,314,316,321,368,398,404,430,503,591,644,715,872,948,987,1052,1062,1266,1277,1288,1293,1474,1478,1481,1484,1707,2053,2103,2154,2239,2263,2305,2405,2674,2676,3069,3121,3307,3346,3414,3527,3674,3675,3677,3678,3679,3686,4514,5706,5948,7003,7214,7890,7891,
20;1;5281;5406;1;24,26,27,38,95,97,100,137,138,139,144,177,178,179,184,188,189,225,234,267,288,303,304,305,308,311,312,314,316,321,368,398,404,430,503,591,644,715,872,948,987,1052,1062,1266,1277,1288,1293,1474,1478,1481,1484,1707,2053,2103,2154,2239,2263,2305,2405,2674,2676,3069,3121,3307,3346,3414,3527,3674,3675,3677,3678,3679,3686,4514,5706,5948,7003,7214,7890,7891,
34;0;5760;5780;1;24,26,27,38,95,97,100,137,138,139,144,177,178,179,184,188,189,225,234,267,288,303,304,305,308,311,312,314,316,321,368,398,404,430,503,644,715,872,948,987,1277,1288,1293,1478,1481,1484,2053,2103,2239,2263,2305,2405,3177,3206,3674,3675,3677,3678,3679,3686,3690,5077,5082,6004,6008,6009,6010,6012,6013,6458,6459,6460,6461,6462,6463,6464,6465,6466,6467,6468,
34;1;5780;5892;1;2,6,24,26,27,38,95,97,100,137,138,139,142,144,177,178,179,184,188,189,225,234,267,288,303,304,305,308,311,312,314,316,321,368,391,398,404,430,503,644,715,872,911,948,987,1050,1051,1053,1233,1277,1288,1293,1478,1481,1484,1603,1918,2053,2103,2239,2263,2305,2405,3177,3206,3674,3675,3677,3678,3679,3686,3690,5077,5082,6004,6008,6009,6010,6012,6013,
506;0;5892;6029;1;2,6,24,26,27,38,41,95,97,100,137,138,139,142,144,177,178,179,184,188,189,225,234,267,288,303,304,305,308,311,312,314,316,321,368,391,398,404,430,503,644,715,872,911,948,972,987,1050,1051,1053,1142,1233,1277,1288,1293,1457,1464,1465,1478,1481,1484,1603,1918,2053,2103,2239,2263,2305,2405,3177,3206,3674,3675,3677,3678,3679,3686,3690,5077,5082,
135;0;6029;6069;1;2,6,24,26,27,38,41,95,97,100,137,138,139,142,144,177,178,179,184,188,189,225,234,249,267,288,303,304,305,308,311,312,314,316,321,368,391,398,404,430,503,512,644,715,872,911,948,972,987,1050,1051,1053,1085,1142,1233,1277,1278,1288,1293,1457,1464,1478,1481,1484,2053,2103,2239,2263,2305,2405,2968,3070,3369,4492,4624,4710,4864,5308,7125,8510,
135;1;6069;6167;1;2,6,24,26,27,38,41,95,97,137,138,139,144,188,189,225,234,267,288,303,304,305,312,314,321,391,398,430,503,644,677,715,814,827,872,911,948,987,1051,1142,1198,1200,1203,1214,1233,1277,1288,1293,1478,1481,1484,1529,2053,2103,2239,2263,2305,2405,2475,2602,2626,2628,2661,2812,3070,3379,5336,5637,5722,5795,5869,6023,6229,6311,6312,6313,8130,8131,8132,8133,
143;0;6167;6185;1;2,6,17,24,26,27,38,41,95,97,137,138,139,144,188,189,225,234,267,288,303,304,305,312,314,321,391,398,430,490,503,644,677,715,814,827,872,911,948,979,987,1051,1142,1196,1198,1200,1203,1214,1233,1277,1288,1293,1478,1481,1484,1529,1561,1582,1935,2053,2103,2239,2263,2305,2405,2475,2602,2626,2628,2661,2765,2836,2924,2940,2941,2959,3070,4319,4320,4321,
143;1;6185;6314;1;2,24,26,27,38,95,97,137,138,139,144,152,188,189,208,225,234,267,288,303,304,305,312,314,321,363,391,398,430,490,499,503,644,715,827,872,911,948,979,987,1051,1142,1196,1214,1233,1244,1277,1288,1293,1478,1481,1484,1582,1940,1999,2053,2103,2239,2263,2305,2405,2941,3070,3345,3361,3605,3774,3899,3900,3901,3902,3903,3904,3905,3906,3907,3908,3909,3910,3911,
159;0;6314;6351;1;2,24,26,27,38,62,95,97,137,138,139,144,152,186,188,189,208,225,234,267,288,303,304,305,312,314,321,363,391,398,430,490,499,503,644,715,827,872,911,948,979,987,1051,1142,1196,1214,1233,1244,1277,1288,1293,1478,1481,1484,1582,1605,1940,1999,2053,2103,2239,2263,2305,2405,2936,2941,3005,3070,3345,3348,3361,3605,3774,3877,3899,3900,3901,5493,5494,5495,
159;1;6351;6474;1;2,24,26,27,38,54,62,95,97,137,138,139,144,152,186,188,189,208,225,234,248,267,288,303,304,305,312,314,321,363,391,398,430,490,499,503,644,715,827,872,911,948,979,987,1051,1142,1196,1214,1233,1244,1272,1277,1280,1288,1293,1478,1481,1484,1582,1605,1781,1940,1999,2053,2103,2239,2263,2305,2405,2936,2941,3005,3703,3728,4026,4450,4888,5462,5463,5464,
516;0;6474;6638;1;95,97,139,144,149,225,234,247,267,276,277,288,289,291,303,305,310,312,313,314,380,391,399,438,640,649,720,773,831,833,946,948,1118,1171,1214,1233,1398,1476,1478,1484,1567,1570,1803,1808,2053,2107,2109,2134,2244,2600,2821,2822,2926,3278,4677,4748,4832,4889,4927,4929,4939,5010,5144,5153,5154,5155,5236,5237,5238,5239,5240,5241,5242,5243,5244,5245,5246,5247,5248,5249,
619;0;6638;6806;1;95,97,139,144,149,225,234,247,267,276,277,288,289,291,303,305,310,312,313,314,380,391,399,438,640,649,720,773,831,833,946,948,1118,1171,1214,1233,1398,1476,1478,1484,1567,1570,1803,1808,2053,2107,2109,2134,2244,2600,2821,2822,2926,3278,4677,4748,4832,4889,4927,4929,4939,5010,5144,5153,5154,5155,5236,5237,5238,5239,5240,5241,5242,5243,5244,5245,5246,5247,5248,5249,
580;0;6806;6976;1;95,97,139,144,149,225,234,247,267,276,277,288,289,291,303,305,310,312,313,314,380,391,399,438,640,649,720,773,831,833,946,948,1118,1171,1214,1233,1398,1476,1478,1484,1567,1570,1803,1808,2053,2107,2109,2134,2244,2600,2821,2822,2926,3278,4677,4748,4832,4889,4927,4929,4939,5010,5144,5153,5154,5155,5236,5237,5238,5239,5240,5241,5242,5243,5244,5245,5246,5247,5248,5249,
664;0;6976;7148;1;95,97,139,144,149,225,234,247,267,276,277,288,289,291,303,305,310,312,313,314,380,391,399,438,640,649,720,773,831,833,946,948,1118,1171,1214,1233,1398,1476,1478,1484,1567,1570,1803,1808,2053,2107,2109,2134,2244,2600,2821,2822,2926,3278,4677,4748,4832,4889,4927,4929,4939,5010,5144,5153,5154,5155,5236,5237,5238,5239,5240,5241,5242,5243,5244,5245,5246,5247,5248,5249,
540;0;7148;7324;1;95,97,139,144,149,225,234,247,267,276,277,288,289,291,303,305,310,312,313,314,380,391,399,438,640,649,720,773,831,833,946,948,1118,1171,1214,1233,1398,1476,1478,1484,1567,1570,1803,1808,2053,2107,2109,2134,2244,2600,2821,2822,2926,3278,4677,4748,4832,4889,4927,4929,4939,5010,5144,5153,5154,5155,5236,5237,5238,5239,5240,5241,5242,5243,5244,5245,5246,5247,5248,5249,
77;0;7324;7372;1;95,97,139,144,149,225,234,247,267,276,277,288,289,291,303,305,310,312,313,314,380,391,399,438,640,649,720,773,831,833,946,948,1118,1171,1214,1233,1398,1476,1478,1484,1567,1570,1803,1808,2053,2107,2109,2134,2244,2600,2821,2822,2926,3278,4677,4748,4832,4889,4927,4929,4939,5010,5144,5153,5154,5155,5236,5237,5238,5239,5240,5241,5242,5243,8504,8505,8506,8507,8508,8509,
77;1;7372;7503;1;95,97,139,144,149,225,234,247,267,276,277,288,289,291,303,305,310,312,313,314,380,391,399,438,640,649,720,773,831,833,946,948,1118,1134,1171,1214,1233,1398,1476,1478,1484,1567,1570,1803,1808,2053,2107,2109,2134,2244,2600,2775,2776,2821,2822,2926,3278,4677,4748,4771,4832,4889,4927,4929,4939,5010,5144,5153,5154,5155,5236,5237,5238,5239,5240,5241,5242,5243,6747,8504,
86;0;7503;7608;1;4,89,90,95,97,139,144,149,225,234,247,267,276,277,288,289,291,303,305,310,312,313,314,380,391,399,438,583,640,649,720,764,768,773,831,833,836,858,862,863,944,945,946,947,948,949,1046,1118,1134,1171,1174,1214,1233,1371,1398,1476,1478,1484,1513,1524,1525,1532,1533,1534,1535,1536,1537,1538,1567,1570,1803,1808,2053,2107,2109,2134,2244,2600,2775,2776,
86;1;7608;7686;1;4,89,90,95,97,137,139,144,149,225,234,245,247,262,267,268,273,276,285,288,289,290,291,304,306,313,314,317,351,382,395,434,595,773,892,905,912,939,1118,1165,1170,1177,1207,1209,1211,1476,1484,1676,1738,1919,1970,2132,2133,2356,2357,2358,2359,2360,2361,2362,2363,2364,2365,2366,2367,2368,2369,2370,2371,2372,2373,2374,2375,2376,2377,2378,2379,2380,2381,2775,
114;0;7686;7775;1;4,55,89,90,95,97,137,139,144,149,225,234,245,247,262,267,268,273,276,285,288,289,290,291,304,306,313,314,317,351,382,395,434,595,736,773,892,905,912,939,1118,1165,1170,1177,1207,1209,1211,1322,1433,1476,1484,1676,1738,1919,1970,2132,2133,2153,2178,2230,2273,2306,2356,2357,2358,2359,2360,2361,2362,2363,2364,2365,2366,2367,2368,2369,2370,2775,3403,3784,
114;1;7775;7872;1;4,26,55,89,90,95,97,137,139,144,149,225,234,245,247,262,267,268,273,276,285,288,289,290,291,304,306,313,314,317,351,382,395,434,528,595,736,773,892,905,912,939,1118,1165,1170,1177,1207,1209,1211,1269,1270,1272,1273,1275,1279,1280,1288,1293,1322,1433,1476,1484,1592,1676,1738,1919,1970,2132,2133,2153,2178,2230,2273,2306,2775,2796,2888,3421,7018,7059,
141;0;7872;7998;1;24,25,26,34,38,55,60,61,103,137,139,189,288,366,395,457,509,551,778,871,872,873,874,912,1051,1118,1142,1293,1456,1460,1461,1687,1849,2050,2159,2194,2305,2407,2627,2645,2898,2969,3043,3273,3447,3597,3703,4119,4450,4620,5030,5476,5497,5609,5897,6090,6424,6425,6426,6427,6428,6429,6430,6431,6432,6783,7022,7367,7419,7834,7835,8166,8170,8730,9083,9084,9085,9086,9087,9088,
141;1;7998;8060;1;24,25,26,34,38,55,60,61,103,137,139,189,288,366,395,457,509,551,778,871,872,873,874,912,1051,1118,1142,1293,1456,1460,1461,1687,1849,2050,2159,2194,2305,2407,2627,2645,2898,2969,3043,3273,3447,3597,3703,4119,4450,4620,5030,5476,5497,5609,5897,6090,6424,6425,6426,6427,6428,6429,6430,6431,6432,6783,7022,7367,7419,7834,7835,8166,8170,8730,9083,9084,9085,9086,9087,9088,
127;0;8060;8220;1;24,25,26,34,38,55,60,61,103,137,139,189,288,366,395,457,509,551,778,871,872,873,874,912,1051,1118,1142,1293,1456,1460,1461,1687,1849,2050,2159,2194,2305,2407,2627,2645,2898,2969,3043,3273,3447,3597,3703,4119,4450,4620,5030,5476,5497,5609,5897,6090,6424,6425,6426,6427,6428,6429,6430,6431,6432,6783,7022,7367,7419,7834,7835,8166,8170,8730,9083,9084,9085,9086,9087,9088,
127;1;8220;8252;1;24,25,26,34,38,55,60,61,103,137,139,189,288,366,395,457,509,551,778,871,872,873,874,912,1051,1118,1142,1293,1456,1460,1461,1687,1849,2050,2159,2194,2305,2407,2627,2645,2898,2969,3043,3273,3447,3597,3703,4119,4450,4620,5030,5476,5497,5609,5897,6090,6424,6425,6426,6427,6428,6429,6430,6431,6432,6783,7022,7367,7419,7834,7835,8166,8170,8730,9083,9084,9085,9086,9087,9088,
195;0;8252;8412;1;24,25,26,34,38,55,60,61,103,137,139,189,288,366,395,457,509,551,778,871,872,873,874,912,1051,1118,1142,1293,1456,1460,1461,1687,1849,2050,2159,2194,2305,2407,2627,2645,2898,2969,3043,3273,3447,3597,3703,4119,4450,4620,5030,5476,5497,5609,5897,6090,6424,6425,6426,6427,6428,6429,6430,6431,6432,6783,7022,7367,7419,7834,7835,8166,8170,8730,9083,9084,9085,9086,9087,9088,
195;1;8412;8448;1;24,25,26,34,38,55,60,61,103,137,139,189,288,366,395,457,509,551,778,871,872,873,874,912,1051,1118,1142,1293,1456,1460,1461,1687,1849,2050,2159,2194,2305,2407,2627,2645,2898,2969,3043,3273,3447,3597,3703,4119,4450,4620,5030,5476,5497,5609,5897,6090,6424,6425,6426,6427,6428,6429,6430,6431,6432,6783,7022,7367,7419,7834,7835,8166,8170,8730,9083,9084,9085,9086,9087,9088,
Machine: 1
508;0;0;4;1;3,19,24,26,38,92,104,139,144,188,225,276,333,343,528,591,659,693,736,765,838,849,854,875,890,948,1133,1233,1236,1268,1270,1287,1289,1365,1478,1723,1749,1783,1884,2053,2264,2265,2305,2318,2459,2461,2661,2678,2679,2685,2941,2986,3126,3345,3606,3618,3627,3740,3741,4217,4277,4313,4317,4369,4385,4387,4471,4487,4488,4489,4553,4574,4650,4728,4729,4730,4731,4732,4733,4734,
659;0;4;15;1;3,19,24,26,38,92,104,139,144,188,225,276,333,343,528,591,659,693,736,765,838,849,854,875,890,948,1133,1233,1236,1268,1270,1287,1289,1365,1478,1723,1749,1783,1884,2053,2264,2265,2305,2318,2459,2461,2661,2678,2679,2685,2941,2986,3126,3345,3606,3618,3627,3740,3741,4217,4277,4313,4317,4369,4385,4387,4471,4487,4488,4489,4553,4574,4650,4728,4729,4730,4731,4732,4733,4734,
600;0;15;30;1;3,19,24,26,38,92,104,139,144,188,225,276,333,343,528,591,659,693,736,765,838,849,854,875,890,948,1133,1233,1236,1268,1270,1287,1289,1365,1478,1723,1749,1783,1884,2053,2264,2265,2305,2318,2459,2461,2661,2678,2679,2685,2941,2986,3126,3345,3606,3618,3627,3740,3741,4217,4277,4313,4317,4369,4385,4387,4471,4487,4488,4489,4553,4574,4650,4728,4729,4730,4731,4732,4733,4734,
208;0;30;42;1;3,19,24,26,38,92,104,139,144,188,225,276,333,343,528,591,659,693,736,765,838,849,854,875,890,948,1133,1233,1236,1268,1270,1287,1289,1365,1478,1723,1749,1783,1884,2053,2264,2265,2305,2318,2459,2461,2661,2678,2679,2685,2941,2986,3126,3345,3606,3618,3627,3740,3741,4217,4277,4313,4317,4369,4385,4387,4471,4487,4488,4489,4553,4574,4650,4728,4729,4730,4731,4732,4733,4734,
208;1;42;56;1;3,19,24,26,38,92,104,139,144,188,225,276,333,343,528,591,659,693,736,765,838,849,854,875,890,948,1133,1233,1236,1268,1270,1287,1289,1365,1478,1723,1749,1783,1884,2053,2264,2265,2305,2318,2459,2461,2661,2678,2679,2685,2941,2986,3126,3345,3606,3618,3627,3740,3741,4217,4277,4313,4317,4369,4385,4387,4471,4487,4488,4489,4490,4491,4492,4553,4574,4650,4728,4729,4730,4732,
685;0;56;86;1;3,19,24,26,38,92,104,139,144,145,146,149,188,225,226,262,276,333,343,390,528,591,659,693,736,765,838,849,854,875,890,948,1133,1233,1236,1268,1270,1287,1289,1365,1478,1488,1723,1749,1783,1884,2053,2264,2265,2305,2318,2459,2461,2661,2678,2679,2685,2941,2986,3126,3345,3535,3606,3618,3627,3740,3741,4033,4217,4277,4313,4317,4369,4385,4387,4471,4487,4553,4574,4732,
486;0;86;120;1;3,19,24,26,38,61,68,92,104,139,144,145,146,149,169,188,196,198,208,225,226,262,276,333,343,390,502,528,591,609,659,693,736,765,838,849,854,875,890,948,1133,1233,1236,1268,1270,1281,1287,1289,1365,1423,1478,1488,1560,1580,1723,2053,2091,2265,2318,2678,2679,2941,2986,3070,3345,3606,3618,4217,4313,4317,4364,4383,4471,4553,4574,4732,5053,5435,6401,8158,
677;0;120;159;1;3,19,24,26,38,61,68,92,104,139,144,145,146,149,169,188,196,198,208,225,226,262,276,333,343,390,502,528,591,609,659,693,736,765,838,849,854,875,890,948,1133,1233,1236,1268,1270,1281,1287,1289,1365,1423,1478,1488,1560,1580,1723,2053,2091,2265,2318,2678,2679,2941,2986,3345,3606,3618,4217,4313,4317,4471,4553,4574,4732,5053,6401,7834,7835,7836,7837,7838,
473;0;159;203;1;3,19,24,26,38,61,68,92,104,139,144,145,146,149,169,177,188,196,198,208,225,226,262,273,276,302,305,310,314,317,343,390,442,502,528,591,609,765,838,849,854,875,890,948,1121,1132,1236,1268,1270,1281,1287,1289,1474,1478,1580,1676,1723,1932,2053,2091,2265,2318,2678,2679,2941,2986,3345,3389,3606,3618,4217,4313,4317,4471,4553,4574,4732,5053,6401,7834,
82;0;203;240;1;3,19,24,26,38,61,68,92,104,139,144,145,146,149,169,177,187,188,196,198,208,225,226,262,273,276,302,305,310,314,317,343,390,442,490,502,528,591,609,765,838,849,854,875,890,948,1121,1132,1236,1268,1270,1281,1287,1289,1474,1478,1580,1676,1723,2053,2091,2265,2318,2678,2679,2941,2986,3345,3606,3618,4217,4313,4317,4471,4553,4574,4732,5053,6401,7834,
82;1;240;254;1;3,24,26,38,61,139,144,145,146,149,155,169,196,208,225,226,248,255,262,273,276,302,305,310,317,343,390,502,528,591,754,765,838,849,854,875,890,948,1236,1268,1269,1270,1275,1281,1285,1286,1287,1288,1289,1293,1295,1474,1478,1580,1676,1723,2053,2091,2265,2318,2678,2679,2941,2986,3345,3606,3618,4217,4313,4317,4471,4553,4574,4732,5053,6401,6514,7012,7013,7834,
60;0;254;272;1;3,24,38,61,95,139,144,145,149,196,225,226,245,248,262,273,289,290,291,297,302,310,343,390,395,398,528,591,647,765,769,838,849,854,875,891,911,948,1023,1024,1118,1236,1269,1270,1285,1287,1288,1289,1293,1474,1478,1816,1920,1922,2053,2091,2265,2318,2678,2679,2941,2986,3606,3618,4217,4313,4317,4471,4552,4553,5053,5206,5351,6184,6401,7215,7216,7218,7219,7834,
60;1;272;306;1;3,24,38,61,95,139,144,145,149,196,225,226,245,248,262,273,289,290,291,302,310,343,390,395,398,401,402,429,528,591,640,645,647,765,769,838,849,854,875,891,948,1057,1118,1146,1236,1269,1270,1285,1287,1288,1289,1293,1474,1475,1478,1920,1922,1933,2053,2091,2103,2104,2108,2265,2318,2678,2679,2941,2986,3606,3618,4217,4313,4317,4471,4553,5053,5206,6401,7834,
92;0;306;326;1;3,95,136,139,144,145,225,226,288,289,291,398,400,429,436,640,645,647,838,854,1118,1126,1146,1236,1470,1474,1478,1486,1609,1661,1668,1679,1807,1920,2053,2091,2109,2114,2118,2120,2123,2124,2125,2128,2129,2130,2132,2134,2135,2140,2142,2143,2318,2678,2679,2854,2855,2953,2986,4471,4511,4533,4534,4543,4546,4551,4553,4554,4555,4656,4676,4677,4678,4679,4680,4681,4682,5053,6401,6665,
92;1;326;362;1;3,95,136,139,144,145,225,226,288,289,291,398,400,429,436,640,645,647,838,854,1118,1126,1146,1236,1266,1470,1474,1478,1486,1609,1661,1668,1679,1807,1920,2053,2091,2109,2114,2118,2120,2123,2124,2125,2128,2129,2130,2132,2134,2135,2140,2142,2143,2260,2318,2410,2678,2679,2794,2842,2854,2855,2953,2986,4450,4471,4511,4533,4534,4543,4546,4551,4553,4554,4555,4656,4676,4677,5053,6401,
184;0;362;421;1;3,4,95,136,139,144,145,225,226,288,289,291,398,400,429,436,640,645,647,833,838,854,1118,1126,1146,1236,1266,1470,1474,1478,1486,1609,1661,1668,1679,1807,1920,2053,2091,2109,2114,2118,2120,2123,2124,2125,2128,2129,2130,2132,2134,2135,2140,2142,2143,2260,2318,2388,2410,2645,2678,2679,2794,2842,2854,2855,2953,2986,4450,4471,4511,4533,4534,4543,4546,4551,4553,5053,5536,6401,
184;1;421;426;1;3,4,87,95,102,136,139,144,145,225,226,288,289,291,398,400,429,436,640,645,647,833,838,854,855,1118,1126,1146,1236,1266,1470,1474,1478,1486,1515,1609,1661,1668,1679,1807,1920,2053,2091,2109,2114,2118,2120,2123,2124,2125,2128,2129,2130,2132,2134,2135,2140,2142,2143,2260,2318,2388,2410,2627,2645,2678,2679,2692,2953,2986,3131,3291,3292,4471,4553,4747,4791,5053,6248,6401,
645;0;426;492;1;3,4,87,95,100,102,117,136,139,144,145,225,226,288,289,291,351,398,400,429,436,640,645,647,833,838,848,854,855,1118,1126,1146,1236,1266,1470,1474,1478,1486,1515,1530,1609,1661,1668,1679,1807,1915,1920,2053,2091,2109,2114,2118,2128,2394,2627,2643,2645,2678,2679,2953,2986,3016,3131,3291,3292,3915,4471,4553,4775,4791,5053,5890,6098,6401,7316,7463,8368,8369,8370,8371,
563;0;492;560;1;3,4,87,95,100,102,117,136,139,144,145,225,226,288,289,291,351,398,400,429,436,640,645,647,833,838,848,854,855,1118,1126,1146,1236,1266,1470,1474,1478,1486,1515,1530,1609,1661,1668,1679,1807,1915,1920,2053,2091,2109,2114,2118,2128,2394,2627,2643,2645,2678,2679,2953,2986,3016,3131,3291,3292,3665,3915,4471,4553,4775,4791,5053,5088,6401,8702,8703,8704,8705,8706,8707,
522;0;560;633;1;3,4,87,95,100,102,117,136,138,139,144,145,225,226,288,289,291,351,398,400,429,436,607,640,645,647,715,833,838,848,854,855,1118,1146,1236,1266,1390,1470,1474,1478,1481,1515,1671,1675,1679,1756,1807,1814,1915,1916,1920,2053,2091,2109,2128,2317,2337,2339,2394,2627,2645,2678,2679,2953,2986,3131,3291,3292,3527,4161,4471,4553,4753,4791,6386,6399,6401,7683,7743,7744,
55;0;633;658;1;3,4,87,95,100,102,117,136,138,139,144,145,225,226,288,289,291,340,351,398,400,429,436,607,640,645,647,715,833,838,851,854,855,1118,1146,1236,1266,1470,1474,1478,1481,1515,1671,1679,1807,1814,1915,1920,2053,2091,2109,2128,2337,2339,2394,2627,2645,2678,2679,2953,2986,3131,3291,3292,3527,4161,4471,4553,4791,6401,6517,7683,8190,8196,8198,8199,8200,8201,8202,8203,
55;1;658;709;1;3,4,87,95,100,102,117,137,139,144,145,225,226,288,289,291,322,351,379,382,398,400,429,607,640,645,647,715,833,838,854,855,1118,1146,1171,1236,1470,1474,1478,1481,1515,1671,1679,1814,1915,2052,2053,2109,2128,2250,2337,2339,2394,2627,2645,2678,2679,2697,2951,2953,2986,3131,3260,3284,3291,3292,3527,3698,4161,4469,4470,4471,4472,4553,4791,6401,7683,8190,8196,8198,
5;0;709;769;1;28,97,137,144,145,149,152,225,234,268,272,273,277,286,287,288,291,302,310,321,351,364,390,393,395,398,404,412,448,476,503,505,534,640,647,722,949,1048,1051,1054,1063,1093,1145,1163,1195,1236,1333,1358,1361,1474,1478,1604,1624,1659,1720,1725,1740,1802,1805,1808,1945,1970,1971,2034,2053,2195,2197,2223,2225,2695,3284,3337,3698,3793,5707,5708,5709,6727,7033,7034,
5;1;769;786;1;28,97,137,144,145,149,152,225,234,268,272,273,277,286,287,288,291,302,310,321,351,364,390,393,395,398,404,412,448,476,503,505,534,640,647,722,949,1048,1051,1054,1063,1093,1145,1163,1195,1236,1333,1358,1361,1474,1478,1604,1624,1659,1720,1725,1740,1802,1805,1808,1945,1970,1971,2034,2053,2195,2197,2223,2225,2695,3284,3337,3698,3793,5707,5708,5709,6727,7033,7034,
479;0;786;864;1;28,97,137,144,145,149,152,225,234,268,272,273,277,286,287,288,291,302,310,321,351,364,390,393,395,398,404,412,448,476,503,505,534,640,647,722,949,1048,1051,1054,1063,1093,1145,1163,1195,1236,1333,1358,1361,1474,1478,1604,1624,1659,1720,1725,1740,1802,1805,1808,1945,1970,1971,2034,2053,2195,2197,2223,2225,2695,3284,3337,3698,3793,5707,5708,5709,6727,7033,7034,
572;0;864;952;1;28,97,137,144,145,149,152,225,234,268,272,273,277,286,287,288,291,302,310,321,351,364,390,393,395,398,404,412,448,476,503,505,534,640,647,722,949,1048,1051,1054,1063,1093,1145,1163,1195,1236,1333,1358,1361,1474,1478,1604,1624,1659,1720,1725,1740,1802,1805,1808,1945,1970,1971,2034,2053,2195,2197,2223,2225,2695,3284,3337,3698,3793,5707,5708,5709,6727,7033,7034,
490;0;952;1081;0;28,97,137,144,145,149,152,225,234,268,272,273,277,286,287,288,291,302,310,321,351,364,390,393,395,398,404,412,448,476,503,505,534,640,647,722,949,1048,1051,1054,1063,1093,1145,1163,1195,1236,1333,1358,1361,1474,1478,1604,1624,1659,1720,1725,1740,1802,1805,1808,1945,1970,1971,2034,2053,2195,2197,2223,2225,2695,3284,3337,3698,3793,5707,5708,5709,6727,7033,7034,
521;0;1081;1171;1;28,97,137,144,145,149,152,225,234,268,272,273,277,286,287,288,291,302,310,321,351,364,390,393,395,398,404,412,448,476,503,505,534,640,647,722,949,1048,1051,1054,1063,1093,1145,1163,1195,1236,1333,1358,1361,1474,1478,1604,1624,1659,1720,1725,1740,1802,1805,1808,1945,1970,1971,2034,2053,2195,2197,2223,2225,2695,3284,3337,3698,3793,5707,5708,5709,6727,7033,7034,
172;0;1171;1328;0;28,97,137,144,145,149,152,225,234,268,272,273,277,286,287,288,291,302,310,321,351,364,390,393,395,398,404,412,448,476,503,505,534,640,647,722,949,1048,1051,1054,1063,1093,1145,1163,1195,1236,1333,1358,1361,1474,1478,1604,1624,1659,1720,1725,1740,1802,1805,1808,1945,1970,1971,2034,2053,2195,2197,2223,2225,2695,3284,3337,3698,3793,5707,5708,5709,6727,7033,7034,
172;1;1328;1490;0;28,97,137,144,145,149,152,225,234,268,272,273,277,286,287,288,291,302,310,321,351,364,390,393,395,398,404,412,448,476,503,505,534,640,647,722,949,1048,1051,1054,1063,1093,1145,1163,1195,1236,1333,1358,1361,1474,1478,1604,1624,1659,1720,1725,1740,1802,1805,1808,1945,1970,1971,2034,2053,2195,2197,2223,2225,2695,3284,3337,3698,3793,5707,5708,5709,6727,7033,7034,
147;0;1490;1571;0;28,97,137,144,145,149,152,225,234,262,268,272,273,277,286,287,288,291,302,310,321,351,364,390,393,395,398,404,412,448,476,503,505,534,640,647,722,912,949,1048,1051,1054,1063,1093,1145,1163,1195,1236,1333,1358,1361,1474,1478,1604,1608,1624,1659,1720,1725,1740,1763,1802,1805,1808,1945,1970,1971,2034,2053,2195,2197,2223,2225,2458,2695,3120,3121,3284,3435,6234,
147;1;1571;1744;0;28,97,137,144,145,149,152,196,225,234,247,248,262,268,272,273,277,286,287,288,291,302,310,321,351,364,390,393,395,398,404,412,448,476,503,505,528,534,640,647,722,912,949,1048,1051,1054,1063,1093,1145,1163,1195,1236,1269,1333,1358,1361,1474,1478,1604,1608,1624,1659,1720,1725,1740,1763,1802,1805,1808,1945,1970,1971,2216,2223,2695,2941,3603,3604,3605,3606,
139;0;1744;1837;0;28,87,97,137,144,145,149,152,196,225,234,247,248,262,268,272,273,277,286,287,288,291,302,310,321,351,364,390,393,395,398,404,412,448,476,503,505,528,534,640,647,691,722,765,767,849,898,912,949,1048,1051,1054,1063,1093,1136,1145,1163,1195,1236,1269,1333,1358,1361,1474,1478,1680,1720,1763,1945,1970,2223,2627,2695,2941,2986,3291,3606,3618,4744,4791,
139;1;1837;1986;0;28,87,97,137,144,145,149,152,196,225,234,247,248,262,268,272,273,277,286,287,288,291,302,310,321,351,364,390,393,395,398,404,412,448,476,503,505,528,534,640,647,691,722,765,767,849,898,912,949,1048,1051,1054,1063,1093,1136,1145,1163,1195,1269,1474,1478,1481,1720,1763,1945,1970,2223,2627,2695,2941,3291,3606,5529,8143,8190,8194,8195,8196,8197,8198,
163;0;1986;2052;0;3,28,87,97,100,137,144,145,149,152,196,225,234,247,248,262,268,272,273,277,286,287,288,291,302,310,321,351,364,390,393,395,398,404,412,448,476,503,505,528,534,607,640,647,691,720,722,765,767,849,898,912,949,1048,1051,1054,1063,1093,1145,1269,1470,1474,1478,1481,1679,1720,1763,1809,1944,1945,1970,2223,2434,2627,2695,2721,2941,3291,3606,6565,
163;1;2052;2198;0;100,137,144,152,225,247,248,262,274,277,288,289,321,343,352,390,395,396,398,404,430,528,640,644,647,666,715,765,768,769,772,849,855,898,946,948,949,951,1051,1054,1398,1447,1474,1481,1521,1763,1768,2223,2319,2636,2640,2654,2679,2680,2695,2699,2714,2733,2750,2756,2911,2941,3131,3152,3160,3164,3291,3292,3293,3294,5195,7296,7299,7308,8432,8801,8825,8826,8827,8828,
37;0;2198;2373;0;100,137,144,152,225,247,248,262,274,277,288,289,321,343,352,390,395,396,398,404,430,528,640,644,647,666,715,765,768,769,772,849,855,898,946,948,949,951,1051,1054,1398,1447,1474,1481,1521,1763,1768,2223,2319,2636,2640,2654,2679,2680,2695,2699,2714,2733,2750,2756,2911,2941,3131,3152,3160,3164,3291,3292,3293,3294,5195,7296,7299,7308,8432,8801,8825,8826,8827,8828,
37;1;2373;2406;0;100,137,144,152,225,247,248,262,274,277,288,289,321,343,352,390,395,396,398,404,430,528,640,644,647,666,715,765,768,769,772,849,855,898,946,948,949,951,1051,1054,1398,1447,1474,1481,1521,1763,1768,2223,2319,2636,2640,2654,2679,2680,2695,2699,2714,2733,2750,2756,2911,2941,3131,3152,3160,3164,3291,3292,3293,3294,5195,7296,7299,7308,8432,8801,8825,8826,8827,8828,
99;0;2880;3037;0;61,100,117,137,144,152,225,247,248,262,274,277,288,289,321,343,352,390,395,396,398,404,430,528,529,634,640,644,647,666,715,765,768,769,772,778,849,855,898,946,948,949,951,1051,1054,1270,1279,1284,1285,1287,1288,1289,1290,1293,1398,1447,1474,1481,1521,1763,1768,1876,1915,2223,2265,2319,2407,2516,2636,2640,2679,2695,2941,3402,4217,5540,7009,7999,8354,8355,
99;1;3037;3082;0;53,61,100,117,137,144,152,225,247,248,262,274,277,288,289,321,343,352,390,395,396,398,404,430,528,529,627,634,640,644,647,666,715,765,768,769,772,778,849,855,898,946,948,949,951,1051,1054,1267,1270,1279,1284,1285,1287,1288,1289,1290,1293,1398,1447,1474,1481,1521,1763,1768,1876,1915,2223,2265,2319,2407,2679,2695,2941,3347,3767,3768,3769,3770,3771,4217,
188;0;3082;3187;0;7,8,53,61,95,100,117,137,144,152,225,247,248,262,274,277,288,289,321,343,352,390,392,394,395,396,398,404,430,528,529,627,634,640,644,647,666,715,765,768,769,772,778,849,855,898,946,948,949,951,1049,1050,1051,1053,1054,1055,1057,1058,1059,1146,1228,1229,1267,1270,1279,1284,1287,1289,1293,1447,1474,1481,1633,2223,2265,2407,2679,2695,2941,4217,
188;1;3187;3281;0;7,8,53,61,95,100,117,137,144,152,225,247,248,262,274,277,288,289,321,343,352,390,392,394,395,396,398,404,430,528,529,627,634,640,644,647,666,715,765,768,769,772,778,849,855,898,946,948,949,951,1049,1050,1051,1053,1054,1055,1057,1058,1059,1146,1228,1229,1267,1270,1279,1284,1287,1289,1293,1447,1474,1481,2222,2223,2265,2407,2679,2695,2941,4217,
158;0;3281;3359;0;7,8,53,61,95,100,117,137,144,152,225,247,248,262,274,277,288,289,321,343,352,390,392,394,395,396,398,404,430,528,529,627,634,640,644,647,666,715,765,768,769,772,778,849,855,898,946,948,949,951,1049,1050,1051,1053,1054,1055,1058,1146,1267,1270,1279,1284,1287,1289,1293,1447,1474,1481,2223,2265,2407,2679,2695,2941,3267,4217,7834,8165,8846,9000,
158;1;3359;3474;0;95,117,137,139,144,152,225,247,248,262,271,277,288,289,304,321,390,395,396,398,400,434,438,444,528,591,644,647,715,765,772,838,849,898,927,948,1049,1050,1051,1052,1058,1117,1146,1284,1287,1289,1293,1354,1424,1431,1447,1474,1481,1515,1516,1669,1671,1752,1803,1921,2223,2613,2679,2695,2941,3037,3616,4217,4392,4393,4394,4395,4396,4397,4398,4399,4400,4401,4402,4403,
226;0;3474;3589;0;95,117,137,139,144,152,225,247,248,262,271,277,288,289,304,321,390,395,396,398,400,434,438,444,528,591,644,647,715,765,772,838,849,898,927,948,1049,1050,1051,1052,1058,1117,1146,1284,1287,1289,1293,1354,1374,1424,1431,1447,1474,1481,1515,1516,1566,1567,1568,1569,1669,1671,1752,1803,1921,2223,2613,2679,2695,2941,3037,3616,4217,4392,4393,4394,4395,4396,4397,4398,
226;1;3589;3633;0;24,38,60,74,95,137,144,152,189,225,245,247,248,277,289,321,379,390,391,395,398,407,429,519,528,644,772,783,871,872,873,874,875,876,877,878,879,891,898,921,922,971,1052,1058,1117,1143,1147,1287,1289,1293,1322,1362,1469,1669,1918,2223,2261,2524,2567,2723,2921,2941,3250,3349,3597,3702,3802,4088,4127,4208,4451,5522,5652,5653,5786,5787,5788,5789,5790,6263,
495;0;3633;3790;0;24,38,60,74,95,137,144,152,189,225,245,247,248,277,289,321,379,390,391,395,398,407,429,519,528,644,772,783,871,872,873,874,875,876,877,878,879,891,898,921,922,971,1052,1058,1117,1143,1147,1287,1289,1293,1322,1362,1469,1669,1918,2223,2261,2524,2567,2723,2921,2941,3250,3349,3597,3702,3802,4088,4127,4208,4451,5522,5652,5653,5786,5787,5788,5789,5790,6263,
561;0;3790;3927;0;24,38,60,74,95,137,144,152,189,225,245,247,248,277,289,321,379,390,391,395,398,407,429,519,528,644,772,783,871,872,873,874,875,876,877,878,879,891,898,921,922,971,1052,1058,1117,1143,1147,1287,1289,1293,1322,1362,1469,1669,1918,2223,2261,2524,2567,2723,2921,2941,3250,3349,3597,3702,3802,4088,4127,4208,4451,5522,5652,5653,5786,5787,5788,5789,5790,6263,
578;0;3927;4052;0;24,38,60,74,95,137,144,152,189,225,245,247,248,277,289,321,379,390,391,395,398,407,429,519,528,644,772,783,871,872,873,874,875,876,877,878,879,891,898,921,922,971,1052,1058,1117,1143,1147,1287,1289,1293,1322,1362,1469,1669,1918,2223,2261,2524,2567,2723,2921,2941,3250,3349,3597,3702,3802,4088,4127,4208,4451,5522,5652,5653,5786,5787,5788,5789,5790,6263,
697;0;4052;4167;0;24,38,60,74,95,137,144,152,189,225,245,247,248,277,289,321,379,390,391,395,398,407,429,519,528,644,772,783,871,872,873,874,875,876,877,878,879,891,898,921,922,971,1052,1058,1117,1143,1147,1287,1289,1293,1322,1362,1469,1669,1918,2223,2261,2524,2567,2723,2921,2941,3250,3349,3597,3702,3802,4088,4127,4208,4451,5522,5652,5653,5786,5787,5788,5789,5790,6263,
603;0;4167;4273;0;24,38,60,74,95,137,144,152,189,225,245,247,248,277,289,321,379,390,391,395,398,407,429,519,528,644,772,783,871,872,873,874,875,876,877,878,879,891,898,921,922,971,1052,1058,1117,1143,1147,1287,1289,1293,1322,1362,1469,1669,1918,2223,2261,2524,2567,2723,2921,2941,3250,3349,3597,3702,3802,4088,4127,4208,4451,5522,5652,5653,5786,5787,5788,5789,5790,6263,
594;0;4320;4425;0;24,38,41,45,48,60,74,95,137,144,152,189,225,245,247,248,277,289,321,379,390,391,395,398,407,429,519,528,644,772,783,871,872,873,874,875,876,877,878,879,891,898,921,922,971,989,1052,1058,1117,1143,1147,1287,1289,1293,1322,1362,1469,1669,1918,2223,2261,2524,2567,2581,2723,2921,2941,3250,3345,3349,3597,3702,3802,4088,4127,4208,4313,4315,4317,4451,
688;0;4425;4508;0;24,38,41,45,48,60,74,95,137,144,152,189,225,245,247,248,277,289,321,379,390,391,395,398,407,429,457,518,519,528,644,772,783,871,872,873,874,875,876,877,878,879,891,898,921,922,971,989,992,1052,1058,1117,1143,1147,1287,1289,1293,1322,1362,1469,1565,1657,1669,1853,1918,2179,2223,2261,2524,2567,2581,2723,2921,2941,3250,3345,3349,3597,3802,5020,
643;0;4508;4589;0;24,38,41,45,48,60,74,95,137,142,144,152,189,225,241,245,247,248,277,289,293,321,379,390,391,395,398,407,429,457,518,519,528,644,647,772,783,871,872,873,874,875,876,877,878,879,891,898,921,922,971,989,992,1052,1058,1117,1143,1147,1287,1289,1293,1322,1362,1468,1469,1565,1657,1669,1813,1853,1918,2179,2223,2261,2524,2567,2941,3349,3802,5594,
509;0;4589;4637;0;24,38,41,45,48,60,74,95,137,142,144,152,189,225,241,245,247,248,277,289,293,321,379,390,391,395,398,407,429,457,518,519,528,644,647,772,783,871,872,873,874,875,876,877,878,879,891,898,921,922,971,989,992,1052,1058,1117,1143,1147,1287,1289,1293,1322,1362,1468,1657,2941,3349,3802,6360,7479,8219,8375,8376,8379,8380,8381,8382,8383,8384,8385,
621;0;4637;4658;0;24,38,41,45,48,60,74,95,137,142,144,152,189,225,241,245,247,248,277,289,293,321,379,390,391,395,398,407,429,457,518,519,528,632,644,647,772,783,871,872,873,874,875,876,877,878,879,891,898,921,922,971,989,992,1052,1058,1117,1143,1147,1287,1289,1293,1322,1362,1468,1549,1657,1936,2018,2198,2199,2847,2848,2941,3349,3802,3978,3980,6360,8219,
584;0;4658;4750;1;24,38,41,45,48,60,74,95,137,142,144,152,189,225,241,245,247,248,255,277,289,293,321,359,379,390,391,395,398,407,429,457,518,519,528,578,632,644,647,772,783,871,872,873,874,875,876,877,878,879,891,898,921,922,971,989,992,1052,1058,1117,1143,1147,1287,1293,1468,1549,1587,1657,2018,2198,2199,2847,2848,2941,3349,3802,3978,3979,6360,8219,
18;0;4750;4807;1;24,38,41,45,48,60,74,95,137,142,144,152,189,225,241,245,247,248,255,277,289,293,321,359,379,390,391,395,398,407,429,457,518,519,528,578,632,644,647,772,783,871,872,873,874,875,876,877,878,879,891,898,921,922,971,989,992,1052,1058,1117,1143,1147,1287,1293,1468,1549,1587,1657,2018,2315,2419,2941,3349,3802,3979,4112,4217,6360,7977,8219,
18;1;4807;4846;1;24,25,37,38,39,41,44,45,46,48,52,54,60,74,95,117,137,142,144,152,189,225,241,245,247,248,255,277,289,293,321,359,379,390,391,395,398,407,429,457,518,519,528,578,632,644,647,772,783,871,872,873,874,875,876,891,1058,1117,1147,1287,1293,1311,1468,1587,1599,1657,2315,2941,3349,3774,3802,3979,4112,4217,5290,5353,5682,5825,6360,8219,
186;0;4846;4929;1;24,25,37,38,39,41,44,46,52,54,60,95,102,117,137,144,225,241,245,248,277,321,359,379,391,395,398,429,519,528,647,715,771,875,891,1058,1117,1147,1204,1287,1293,1468,1529,1587,1657,2315,2460,2602,2605,2628,2645,2650,2679,2681,2941,2984,3774,3802,3979,4112,4217,4412,4449,4945,5530,5859,5868,5869,6022,6360,7301,7653,7826,7871,8219,8583,8682,8683,8684,8685,
186;1;4929;4943;1;24,25,37,38,39,41,44,46,52,54,60,95,102,117,137,144,225,241,245,248,277,321,359,379,391,395,398,429,519,528,647,715,771,875,891,1058,1117,1147,1204,1278,1287,1293,1468,1529,1587,1657,2025,2281,2310,2315,2460,2602,2605,2628,2645,2650,2679,2681,2941,2968,2984,3774,3802,3979,4112,4162,4217,4412,4449,4945,5530,5607,5859,6360,7936,8219,8450,8451,8452,8583,
120;0;4943;4991;1;24,25,37,38,39,41,44,46,52,54,60,95,102,117,137,144,225,241,245,248,276,277,321,337,359,379,391,395,398,429,519,528,647,680,681,715,765,771,844,849,875,891,1058,1117,1147,1204,1278,1287,1293,1468,1529,1587,1657,2025,2315,2602,2628,2645,2679,2941,3529,3532,3745,3774,3802,3979,4112,4217,4404,4405,4406,4407,4408,4409,4410,4411,4412,6360,8219,8583,
120;1;4991;5042;1;24,38,46,52,54,95,97,137,245,262,272,273,276,288,290,291,292,303,305,306,310,312,313,317,351,382,395,434,595,690,892,905,912,939,1165,1170,1209,1484,1529,1556,1587,1674,1676,1919,1970,2133,2356,2357,2358,2360,2361,2362,2363,2364,2367,2370,2375,2377,2378,2387,2390,2391,2392,2393,2394,2642,2677,2679,2774,2775,2778,3263,3447,3774,4854,4855,5370,5499,5502,5673,
527;0;5042;5143;1;24,38,46,52,54,95,97,137,245,262,272,273,276,288,290,291,292,303,305,306,310,312,313,317,351,382,395,434,595,690,892,905,912,939,1165,1170,1209,1484,1529,1556,1587,1674,1676,1919,1970,2133,2356,2357,2358,2360,2361,2362,2363,2364,2367,2370,2375,2377,2378,2387,2390,2391,2392,2393,2394,2642,2677,2679,2774,2775,2778,3263,3447,3774,4854,4855,5370,5499,5502,5673,
622;0;5760;5869;1;24,26,38,46,52,54,79,95,97,137,245,262,272,273,276,288,290,291,292,303,305,306,310,312,313,317,351,382,395,408,434,595,690,892,905,912,939,1165,1170,1209,1484,1529,1556,1587,1674,1676,1719,1720,1721,1722,1723,1724,1919,1970,2133,2356,2357,2358,2360,2361,2362,2363,2364,2367,2370,2375,2377,2378,2387,2390,2391,2392,2393,2394,2642,2677,2774,2775,2778,3774,
613;0;5869;5980;1;24,26,38,46,52,54,79,95,97,137,245,262,272,273,276,288,290,291,292,303,305,306,310,312,313,317,351,382,395,408,434,558,595,690,892,905,912,939,979,1165,1170,1209,1484,1529,1556,1587,1674,1676,1719,1720,1721,1722,1723,1724,1919,1970,2133,2356,2357,2358,2360,2361,2362,2363,2364,2367,2370,2375,2377,2378,2387,2390,2391,2392,2393,2774,2775,2778,3315,3774,
43;0;5980;6085;1;24,26,38,46,52,54,79,95,97,137,204,245,262,272,273,276,288,290,291,292,303,305,306,310,312,313,317,351,382,395,408,434,558,595,690,892,905,912,939,979,1011,1165,1170,1186,1209,1484,1529,1556,1587,1674,1676,1719,1720,1721,1722,1723,1724,1919,1970,2003,2068,2133,2356,2357,2358,2360,2361,2362,2363,2364,2367,2370,2375,2391,2512,2774,2775,2778,3314,3774,
43;1;6085;6093;1;24,26,38,46,52,54,79,95,97,137,202,204,210,245,262,272,273,276,288,290,291,292,303,305,306,310,312,313,317,351,382,395,408,434,491,497,558,595,630,690,892,905,912,939,979,1011,1063,1165,1170,1186,1209,1281,1284,1286,1304,1484,1529,1556,1558,1582,1587,1674,1676,1719,1720,1895,2279,2391,2471,2512,2537,2774,2775,2778,2924,3353,3612,3774,6448,6965,
649;0;6093;6211;1;24,26,38,46,52,54,79,89,94,95,97,137,202,204,210,245,262,272,273,276,288,290,291,292,303,305,306,310,312,313,317,351,382,583,586,765,770,833,834,838,854,890,905,1165,1168,1170,1281,1447,1484,1519,1524,1528,1529,1587,2391,2512,2602,2659,2693,2721,2774,2775,2778,3527,3581,3582,3638,4537,4574,4732,4802,4937,4949,5339,5341,5342,5343,5344,5345,5451,
541;0;6211;6331;1;24,26,28,38,46,52,54,79,89,94,95,97,137,202,204,210,245,262,272,273,276,288,290,291,292,303,305,306,310,312,313,317,351,382,583,586,765,770,833,834,838,854,890,905,1165,1168,1170,1196,1281,1447,1463,1484,1519,1524,1528,1529,1587,1901,2089,2391,2512,2602,2659,2693,2721,2774,2775,2778,3274,3527,3581,3582,3638,4270,4271,4272,4537,4574,4732,4802,
15;0;6331;6425;1;24,26,28,38,46,52,54,79,89,94,95,97,137,202,204,210,245,262,272,273,276,288,290,291,292,303,305,306,310,312,313,317,351,382,532,583,586,765,770,833,834,838,854,890,905,1165,1168,1170,1196,1281,1447,1463,1484,1519,1524,1528,1529,1587,1901,2089,2391,2512,2602,2659,2693,2721,2774,2775,2778,2868,3274,3527,3581,3582,3638,3691,4270,4271,4272,4537,
15;1;6425;6454;1;24,26,28,38,46,52,54,79,89,94,95,97,137,202,204,210,245,262,272,273,276,288,290,291,292,303,305,306,310,312,313,317,351,382,532,583,586,645,765,770,833,834,838,854,890,905,1050,1051,1165,1168,1170,1196,1281,1447,1463,1484,1519,1524,1528,1529,1587,1811,1901,2089,2391,2509,2510,2512,2602,2659,2693,2721,2774,2775,2778,2868,3274,3527,3581,3582,
169;0;6454;6486;1;3,27,34,60,61,62,79,95,100,139,143,144,146,149,170,175,204,225,276,277,321,398,400,402,412,448,645,754,769,854,855,1051,1118,1146,1165,1170,1248,1268,1279,1287,1293,1587,1657,1809,1999,2006,2174,2185,2230,2315,2391,2413,2478,2503,2518,2555,2824,2849,2941,2988,3034,3035,3051,3361,3598,3877,3906,4093,4103,4104,4105,4424,4501,4553,5685,6095,6096,6097,6742,7513,
169;1;6486;6580;1;3,27,34,60,61,62,79,95,100,139,143,144,146,149,170,175,204,225,276,277,321,398,400,402,412,448,645,754,769,854,855,1051,1118,1146,1165,1170,1248,1268,1279,1287,1293,1587,1657,1809,1999,2006,2174,2185,2230,2315,2391,2413,2478,2503,2518,2555,2824,2849,2941,2988,3034,3035,3051,3361,3598,3877,3906,4093,4103,4104,4105,4424,4501,4553,5685,6095,6096,6097,6742,7513,
680;0;6580;6712;1;3,27,34,60,61,62,79,95,100,139,143,144,146,149,170,175,204,225,276,277,321,398,400,402,412,448,645,754,769,854,855,1051,1118,1146,1165,1170,1248,1268,1279,1287,1293,1587,1657,1809,1999,2006,2174,2185,2230,2315,2391,2413,2478,2503,2518,2555,2824,2849,2941,2988,3034,3035,3051,3361,3598,3877,3906,4093,4103,4104,4105,4424,4501,4553,5685,6095,6096,6097,6742,7513,
577;0;6712;6851;1;3,27,34,60,61,62,79,95,100,139,143,144,146,149,170,175,204,225,276,277,321,398,400,402,412,448,645,754,769,854,855,1051,1118,1146,1165,1170,1248,1268,1279,1287,1293,1587,1657,1809,1999,2006,2174,2185,2230,2315,2391,2413,2478,2503,2518,2555,2824,2849,2941,2988,3034,3035,3051,3361,3598,3877,3906,4093,4103,4104,4105,4424,4501,4553,5685,6095,6096,6097,6742,7513,
230;0;6851;6873;1;3,27,34,60,61,62,79,95,100,139,143,144,146,149,170,175,204,225,276,277,321,398,400,402,412,448,645,754,769,854,855,1051,1118,1146,1165,1170,1248,1268,1279,1287,1293,1587,1657,1809,1999,2006,2174,2185,2230,2315,2391,2413,2478,2503,2518,2555,2824,2849,2941,2988,3034,3035,3051,3361,3598,3877,3906,4093,4103,4104,4105,4424,4501,4553,5685,6095,6096,6097,6742,7513,
230;1;6873;6993;1;3,27,34,60,61,62,79,95,100,139,143,144,146,149,170,175,204,225,276,277,321,398,400,402,412,448,645,754,769,854,855,1051,1118,1146,1165,1170,1248,1268,1279,1287,1293,1587,1657,1809,1999,2006,2174,2185,2230,2315,2391,2413,2478,2503,2518,2555,2824,2849,2941,2988,3034,3035,3051,3361,3598,3877,3906,4093,4103,4104,4105,4424,4501,4553,5685,6095,6096,6097,6742,7513,
611;0;6993;7140;1;3,27,34,60,61,62,79,95,100,139,143,144,146,149,170,175,204,225,276,277,321,398,400,402,412,448,645,754,769,854,855,1051,1118,1146,1165,1170,1248,1268,1279,1287,1293,1587,1657,1809,1999,2006,2174,2185,2230,2315,2391,2413,2478,2503,2518,2555,2824,2849,2941,2988,3034,3035,3051,3361,3598,3877,3906,4093,4103,4104,4105,4424,4501,4553,5685,6095,6096,6097,6742,7513,
694;0;7140;7290;1;3,27,34,60,61,62,79,95,100,139,143,144,146,149,170,175,204,225,276,277,321,398,400,402,412,448,645,754,769,854,855,1051,1118,1146,1165,1170,1248,1268,1279,1287,1293,1587,1657,1809,1999,2006,2174,2185,2230,2315,2391,2413,2478,2503,2518,2555,2824,2849,2941,2988,3034,3035,3051,3361,3598,3877,3906,4093,4103,4104,4105,4424,4501,4553,5685,6095,6096,6097,6742,7513,
507;0;7290;7451;1;3,27,34,60,61,62,79,95,100,137,139,143,144,146,149,170,175,204,225,276,277,308,321,391,398,400,402,412,448,645,754,769,838,854,855,891,938,1051,1056,1117,1118,1146,1148,1164,1165,1166,1167,1169,1170,1171,1172,1176,1248,1268,1279,1287,1293,1359,1467,1587,1657,1809,1999,2006,2174,2185,2230,2315,2391,2413,2478,2503,2518,2555,2824,2849,2941,2988,3034,4093,
532;0;7451;7616;1;3,4,27,34,60,61,62,79,95,100,137,139,143,144,146,149,170,175,204,225,276,277,308,321,391,398,400,402,412,448,645,698,754,769,838,841,843,854,855,891,938,1051,1056,1070,1117,1118,1146,1148,1164,1165,1166,1167,1169,1170,1171,1172,1176,1248,1268,1279,1287,1293,1359,1447,1467,1587,1657,1809,1999,2006,2174,2949,2950,2951,2952,2953,2954,2955,2956,4093,
610;0;7616;7784;1;3,4,27,34,60,61,62,79,95,100,137,139,143,144,145,146,147,149,170,175,182,204,225,226,227,229,231,266,267,272,273,274,276,277,286,301,308,321,391,398,400,402,412,429,430,448,645,698,754,769,838,855,891,1058,1092,1094,1117,1118,1137,1268,1287,1293,1447,1473,1587,1809,1819,1825,1832,2128,2247,2248,2382,4018,4031,4093,4423,4472,5136,5736,
484;0;7784;7955;1;27,30,60,95,137,144,145,149,169,206,208,225,226,230,251,277,286,291,303,312,321,396,398,427,429,430,502,504,510,591,891,905,1071,1089,1117,1147,1281,1293,1348,1474,1481,1528,1580,1587,1809,1814,2051,2052,2128,2589,2597,2627,2779,2808,3010,3028,3745,4093,5206,5531,5532,6357,6360,6585,7318,7460,7478,7526,7816,7886,8391,8583,8978,8979,8980,8981,8982,8983,8984,8985,
469;0;7955;8127;1;27,30,60,95,137,144,145,149,169,206,208,225,226,230,251,277,286,291,303,312,321,396,398,427,429,430,502,504,510,591,891,905,1071,1089,1117,1147,1281,1293,1348,1474,1481,1528,1580,1587,1809,1814,2051,2052,2128,2589,2597,2627,2779,2808,3010,3028,3745,4093,5206,5531,5532,6357,6360,6585,7318,7460,7478,7526,7816,7886,8391,8583,8978,8979,8980,8981,8982,8983,8984,8985,
491;0;8127;8304;1;27,30,60,95,137,144,145,149,169,206,208,225,226,230,251,277,286,291,303,312,321,396,398,427,429,430,502,504,510,591,891,905,1071,1089,1117,1147,1281,1293,1348,1474,1481,1528,1580,1587,1809,1814,2051,2052,2128,2589,2597,2627,2779,2808,3010,3028,3745,4093,5206,5531,5532,6357,6360,6585,7318,7460,7478,7526,7816,7886,8391,8583,8978,8979,8980,8981,8982,8983,8984,8985,
668;0;8304;8484;1;27,30,60,95,137,144,145,149,169,206,208,225,226,230,251,277,286,291,303,312,321,396,398,427,429,430,502,504,510,591,891,905,1071,1089,1117,1147,1281,1293,1348,1474,1481,1528,1580,1587,1809,1814,2051,2052,2128,2589,2597,2627,2779,2808,3010,3028,3745,4093,5206,5531,5532,6357,6360,6585,7318,7460,7478,7526,7816,7886,8391,8583,8978,8979,8980,8981,8982,8983,8984,8985,
Machine: 2
481;0;0;4;1;38,60,74,79,95,100,144,146,190,208,225,226,234,288,291,301,321,322,329,395,398,399,429,640,684,979,1093,1117,1118,1146,1147,1148,1163,1172,1174,1293,1470,1471,1472,1476,1478,1479,1587,1814,2117,2289,2305,2697,3871,3872,4467,4585,4937,4965,5386,5387,6145,6288,6289,6290,6298,6299,6300,6301,6302,6411,6412,8271,8467,8471,8472,8473,8474,8585,8586,8587,8588,8589,8590,8591,
696;0;4;16;1;38,60,74,79,95,100,144,146,190,208,225,226,234,288,291,301,321,322,329,395,398,399,429,640,684,979,1093,1117,1118,1146,1147,1148,1163,1172,1174,1293,1470,1471,1472,1476,1478,1479,1587,1814,2117,2289,2305,2697,3871,3872,4467,4585,4937,4965,5386,5387,6145,6288,6289,6290,6298,6299,6300,6301,6302,6411,6412,8271,8467,8471,8472,8473,8474,8585,8586,8587,8588,8589,8590,8591,
554;0;16;33;1;38,60,74,79,95,100,144,146,190,208,225,226,234,288,291,301,321,322,329,395,398,399,429,640,684,979,1093,1117,1118,1146,1147,1148,1163,1172,1174,1293,1470,1471,1472,1476,1478,1479,1587,1814,2117,2289,2305,2697,3871,3872,4467,4585,4937,4965,5386,5387,6145,6288,6289,6290,6298,6299,6300,6301,6302,6411,6412,8271,8467,8471,8472,8473,8474,8585,8586,8587,8588,8589,8590,8591,
157;0;33;45;1;38,60,74,79,95,100,144,146,190,208,225,226,234,288,291,301,321,322,329,395,398,399,429,640,684,979,1093,1117,1118,1146,1147,1148,1163,1172,1174,1293,1470,1471,1472,1476,1478,1479,1587,1814,2117,2289,2305,2697,3871,3872,4467,4585,4937,4965,5386,5387,6145,6288,6289,6290,6298,6299,6300,6301,6302,6411,6412,8271,8467,8471,8472,8473,8474,8585,8586,8587,8588,8589,8590,8591,
157;1;45;55;1;38,60,74,79,95,100,144,146,190,208,225,226,234,288,291,301,321,322,329,395,398,399,429,640,684,979,1093,1117,1118,1146,1147,1148,1163,1172,1174,1293,1470,1471,1472,1476,1478,1479,1587,1814,2117,2289,2305,2697,3871,3872,4467,4585,4937,4965,5386,5387,6145,6288,6289,6290,6298,6299,6300,6301,6302,6411,6412,8271,8467,8471,8472,8473,8474,8585,8586,8587,8588,8589,8590,8591,
498;0;55;84;1;38,60,74,79,95,100,144,146,190,208,225,226,234,288,291,301,321,322,329,395,398,399,429,640,684,979,1093,1117,1118,1146,1147,1148,1163,1172,1174,1293,1470,1471,1472,1476,1478,1479,1587,1814,2117,2289,2305,2697,3871,3872,4467,4585,4937,4965,5386,5387,6145,6288,6289,6290,6298,6299,6300,6301,6302,6411,6412,8271,8467,8471,8472,8473,8474,8585,8586,8587,8588,8589,8590,8591,
550;0;84;115;1;38,60,74,79,95,100,144,146,190,208,225,226,234,288,291,301,321,322,329,395,398,399,429,640,684,979,1093,1117,1118,1146,1147,1148,1163,1172,1174,1293,1470,1471,1472,1476,1478,1479,1587,1814,2117,2289,2305,2697,3871,3872,4467,4585,4937,4965,5386,5387,6145,6288,6289,6290,6298,6299,6300,6301,6302,6411,6412,8271,8467,8471,8472,8473,8474,8585,8586,8587,8588,8589,8590,8591,
19;0;115;259;0;38,60,74,79,95,100,144,146,190,208,225,226,234,288,291,301,321,322,329,395,398,399,429,640,684,979,1093,1117,1118,1146,1147,1148,1163,1172,1174,1293,1470,1471,1472,1476,1478,1479,1587,1814,2117,2289,2305,2697,3871,3872,4467,4585,4937,4965,5386,5387,6145,6288,6289,6290,6298,6299,6300,6301,6302,6411,6412,8271,8467,8471,8472,8473,8474,8585,8586,8587,8588,8589,8590,8591,
19;1;259;419;0;38,60,74,79,95,100,144,146,190,208,225,226,234,256,288,291,301,321,322,329,395,398,399,429,569,640,684,979,1093,1117,1118,1146,1147,1148,1163,1172,1174,1293,1470,1471,1472,1476,1478,1479,1587,1814,2117,2289,2305,2697,3361,3577,3871,3872,3873,3874,3875,3876,3877,3878,3879,4467,4585,4937,4965,5386,5387,6145,6288,6289,6290,6298,6299,6300,6301,6302,6411,6412,8271,8467,
80;0;419;568;0;38,60,74,79,95,100,144,146,190,202,208,225,226,234,256,288,291,301,321,322,329,395,398,399,429,569,640,684,979,1093,1117,1118,1146,1147,1148,1163,1172,1174,1293,1470,1471,1472,1476,1478,1479,1587,1814,2117,2168,2289,2305,2697,3361,3414,3577,3871,3872,3873,3874,3875,3876,3877,3878,3879,4467,4585,4937,4965,5386,5387,6145,6288,6289,6290,6298,6299,6300,6301,6302,6705,
80;1;568;681;0;38,60,74,79,95,100,144,146,190,202,208,225,226,234,256,277,288,290,291,301,321,322,329,395,398,399,429,569,640,647,684,855,979,1054,1093,1117,1118,1146,1147,1148,1163,1172,1174,1293,1470,1471,1472,1476,1478,1479,1587,1814,2117,2168,2289,2305,2697,3361,3414,3577,3871,3872,3873,3874,3875,3876,3877,3878,3879,4467,4585,4937,4965,5386,5387,5516,5596,6145,6288,6289,
156;0;681;776;0;30,55,93,95,144,189,221,276,288,291,292,343,429,691,765,766,769,843,855,858,1146,1201,1275,1293,1915,1980,1984,1997,1999,2027,2091,2158,2423,2594,2600,2637,2640,2677,2679,2692,2774,2775,2777,2778,2790,3152,3263,3447,3577,3618,3855,3877,3933,3934,3935,3936,3937,3938,3939,3940,3941,4408,4773,5499,5500,5502,6629,7222,7223,7224,7225,7226,7227,7228,7229,7230,7231,7232,7233,7234,
156;1;776;927;0;30,55,93,95,144,189,221,276,288,291,292,343,429,691,765,766,769,843,855,858,1146,1201,1275,1293,1915,1980,1984,1997,1999,2027,2091,2158,2423,2594,2600,2637,2640,2677,2679,2692,2774,2775,2777,2778,2790,3152,3263,3447,3577,3618,3855,3877,3933,3934,3935,3936,3937,3938,3939,3940,3941,4408,4773,5499,5500,5502,6629,7222,7223,7224,7225,7226,7227,7228,7229,7230,7231,7232,7233,7234,
57;0;927;1103;0;30,55,93,95,144,189,221,276,288,291,292,343,429,691,765,766,769,843,855,858,1146,1201,1275,1293,1915,1980,1984,1997,1999,2027,2091,2158,2423,2594,2600,2637,2640,2677,2679,2692,2774,2775,2777,2778,2790,3152,3263,3447,3577,3618,3855,3877,3933,3934,3935,3936,3937,3938,3939,3940,3941,4408,4773,5499,5500,5502,6629,7222,7223,7224,7225,7226,7227,7228,7229,7230,7231,7232,7233,7234,
57;1;1440;1506;0;30,55,93,95,144,189,221,276,288,291,292,343,410,429,458,691,739,765,766,769,843,855,858,1085,1087,1146,1201,1275,1293,1327,1723,1915,1980,1984,1997,1999,2027,2091,2158,2423,2482,2483,2594,2600,2637,2640,2677,2679,2692,2774,2775,2777,2778,2790,3152,3263,3447,3577,3618,3734,3778,3855,3877,3933,3934,3935,3936,3937,3938,3939,3940,3941,4408,4773,5499,5500,5502,6629,7592,7593,
13;0;1506;1559;0;16,30,55,93,95,144,189,221,276,288,291,292,343,410,429,458,691,739,765,766,769,843,855,858,1085,1087,1146,1201,1275,1293,1327,1723,1915,1980,1984,1997,1999,2027,2091,2158,2423,2482,2483,2594,2600,2637,2640,2677,2679,2692,2774,2775,2777,2778,2790,3152,3263,3447,3577,3618,3734,3778,3855,3877,3933,3934,3935,3936,3937,3938,3939,3940,3941,4408,4773,5499,5500,5502,6629,7592,
13;1;1559;1719;0;16,30,55,93,95,144,189,221,276,288,291,292,343,410,429,458,691,739,765,766,769,843,855,858,1085,1087,1146,1201,1275,1293,1327,1723,1915,1980,1984,1997,1999,2027,2091,2158,2423,2482,2483,2594,2600,2637,2640,2677,2679,2692,2774,2775,2777,2778,2790,3152,3263,3447,3577,3618,3734,3778,3855,3877,3933,3934,3935,3936,3937,3938,3939,3940,3941,4408,4773,5499,5500,5502,8484,8485,
102;0;1719;1856;0;16,30,55,88,93,95,144,189,221,276,288,291,292,337,343,410,429,458,691,739,765,766,769,835,843,855,858,1085,1087,1146,1201,1275,1293,1327,1518,1723,1915,1972,1980,1984,1997,1999,2027,2091,2158,2403,2423,2482,2483,2594,2600,2631,2635,2637,2640,2653,2677,2679,2692,2774,2775,2777,2778,2790,2898,3152,3263,3447,3577,3618,3734,3778,3855,3877,3933,3934,3935,4389,5337,5502,
102;1;1856;1924;0;16,18,19,21,30,34,37,55,88,93,95,144,189,212,221,276,288,291,292,337,343,410,429,458,691,739,765,766,769,835,843,855,858,1085,1087,1146,1201,1275,1293,1313,1327,1518,1723,1915,1972,1980,1984,1997,1999,2027,2091,2158,2197,2403,2423,2482,2483,2594,2600,2631,2635,2637,2640,2653,2677,2679,2692,2774,2775,2777,2778,2790,2898,3263,3618,5471,5502,5846,6244,7658,
216;0;1924;2093;0;16,18,19,21,30,34,37,55,88,93,95,144,189,212,221,276,288,291,292,337,343,390,404,410,429,458,691,739,765,766,769,835,843,855,858,1085,1087,1146,1201,1275,1293,1313,1327,1473,1518,1723,1809,1915,1972,1980,1984,1997,1999,2027,2091,2158,2197,2403,2423,2482,2483,2594,2600,2631,2635,2637,2640,2653,2679,2692,2774,2775,2777,2778,3263,3618,4503,5502,6000,6244,
216;1;2093;2123;0;16,17,18,19,21,24,26,30,34,37,40,46,55,74,88,93,95,144,189,202,212,221,276,288,291,292,337,343,359,390,404,410,429,458,691,739,765,766,769,835,843,855,858,1085,1087,1146,1201,1275,1277,1293,1313,1327,1473,1518,1723,1809,1915,1972,1980,2091,2163,2631,2635,2637,2640,2679,2692,2774,2775,2777,2778,2968,3056,3263,3618,4109,4117,4118,5502,6244,
3;0;2123;2271;0;40,55,137,138,144,231,244,267,268,276,288,290,297,301,434,438,442,591,647,769,921,927,1057,1123,1293,1363,1476,1478,1603,1608,1668,1669,1671,1750,1756,1765,1920,1921,1970,2052,2091,2105,2250,2391,2491,2532,2645,2649,4397,4399,4400,4401,4472,5205,5214,5223,5400,5656,5697,5738,5739,5741,5746,5747,5748,5749,5750,5751,5752,5753,5754,5755,5756,6180,6193,6607,6799,6872,6873,6874,
3;1;2880;2929;0;38,40,55,79,117,137,138,144,150,198,208,210,231,244,267,268,276,288,290,297,301,366,434,438,442,591,647,653,769,921,927,979,987,1057,1123,1293,1363,1390,1476,1478,1560,1603,1608,1668,1669,1671,1750,1756,1765,1898,1920,1921,1936,1937,1940,1970,2052,2091,2105,2250,2391,2491,2532,2564,2645,2649,2924,2940,3361,4138,4397,4399,4400,4401,4464,4465,4466,4472,5205,5214,
144;0;2929;2949;0;38,40,55,79,117,137,138,144,150,198,208,210,231,244,247,267,268,276,288,290,297,301,366,434,438,442,529,558,577,591,600,647,653,769,921,927,979,987,1057,1123,1221,1290,1293,1363,1390,1476,1478,1560,1592,1603,1608,1651,1668,1669,1671,1700,1750,1756,1765,1898,1920,1936,2052,2064,2512,2645,3029,3050,3829,4397,4440,4452,4472,4813,5091,5092,5093,5094,5095,5096,
144;1;2949;3110;0;38,40,55,79,117,137,138,144,150,198,208,210,231,244,247,267,268,276,288,290,297,301,339,366,434,438,442,529,558,577,591,600,647,653,769,895,921,927,979,987,1041,1057,1123,1147,1221,1290,1293,1363,1390,1476,1478,1529,1560,1592,1603,1608,1651,1668,1669,1671,1700,1750,1898,1920,1936,2052,2599,2627,2645,2970,2971,2972,2973,2974,2975,2976,2977,3050,4397,4472,
161;0;3110;3155;0;3,38,40,55,79,117,137,138,139,144,150,198,208,210,225,231,244,247,267,268,276,288,290,297,301,333,339,366,434,438,442,529,558,577,591,600,647,653,769,895,921,927,948,979,987,1041,1057,1123,1147,1221,1233,1290,1293,1363,1390,1476,1478,1529,1560,1592,1603,1608,1633,1651,1668,1669,1671,1700,1749,1898,1920,1936,2052,2627,2645,3050,4397,4471,4472,4553,
161;1;3155;3287;0;3,38,40,55,61,79,117,137,138,139,144,150,198,208,210,225,231,244,247,267,268,276,288,290,297,301,333,339,366,434,438,442,484,528,529,544,591,647,895,921,927,948,979,1147,1280,1290,1293,1363,1390,1476,1478,1529,1544,1587,1668,1671,1898,1920,1936,2052,2074,2171,2190,2627,2645,3008,3050,3060,3707,3831,4009,4012,4013,4026,4119,4120,4121,4397,4472,4553,
674;0;3287;3448;0;3,38,40,55,61,79,117,137,138,139,144,150,198,208,210,225,231,244,247,267,268,276,288,290,297,301,333,339,366,434,438,442,484,499,528,529,591,647,895,921,927,948,979,1147,1280,1290,1293,1363,1390,1476,1478,1529,1587,1668,1671,1897,1898,1920,1936,2052,2151,2627,2645,2827,3050,3060,3403,3707,3831,4026,4397,4435,4442,4468,4472,4553,5510,7889,7964,9017,
557;0;3448;3572;0;3,38,40,55,61,79,117,137,138,139,144,150,198,208,210,225,231,244,247,267,268,276,288,290,297,301,333,339,366,434,438,442,484,499,528,529,591,647,895,921,927,948,979,1147,1280,1290,1293,1363,1390,1476,1478,1529,1587,1668,1671,1897,1898,1920,1936,2052,2151,2592,2627,2645,2827,3050,3060,3403,3656,3707,3831,4026,4397,4435,4442,4468,4472,4553,5510,7889,
150;0;3572;3611;0;3,89,94,137,144,179,180,231,276,307,395,484,583,586,591,592,594,647,765,770,833,834,838,854,890,1039,1168,1287,1288,1293,1396,1447,1481,1519,1524,1528,1529,1671,1916,2259,2410,2417,2418,2419,2420,2421,2602,2627,2659,2693,2721,3511,3527,3581,3582,3619,3638,4537,4553,4574,4732,4802,4937,4949,5339,5340,5341,5342,5343,5344,5345,5346,5347,7459,7460,7461,7462,7463,7464,7465,
150;1;3611;3688;0;3,89,94,137,144,179,180,231,276,307,395,484,583,586,591,592,594,647,765,770,833,834,838,854,890,1039,1168,1287,1288,1293,1396,1447,1481,1519,1524,1528,1529,1671,1916,2259,2410,2417,2418,2419,2420,2421,2602,2627,2659,2693,2721,3511,3527,3581,3582,3619,3638,4537,4553,4574,4732,4802,4937,4949,5339,5340,5341,5342,5343,5344,5345,5346,5347,7459,7460,7461,7462,7463,7464,7465,
25;0;3688;3768;0;3,89,94,137,144,179,180,231,276,307,395,484,583,586,591,592,594,647,765,770,833,834,838,854,890,1039,1168,1287,1288,1293,1396,1447,1481,1519,1524,1528,1529,1671,1916,2259,2410,2417,2418,2419,2420,2421,2602,2627,2659,2693,2721,3511,3527,3581,3582,3619,3638,4537,4553,4574,4732,4802,4937,4949,5339,5340,5341,5342,5343,5344,5345,5346,5347,7459,7460,7461,7462,7463,7464,7465,
25;1;3768;3800;0;3,89,94,137,144,179,180,231,276,307,395,484,583,586,591,592,594,647,765,770,833,834,838,854,890,1039,1168,1287,1288,1293,1396,1447,1481,1519,1524,1528,1529,1671,1916,2259,2410,2417,2418,2419,2420,2421,2602,2627,2659,2693,2721,3511,3527,3581,3582,3619,3638,4537,4553,4574,4732,4802,4937,4949,5339,5340,5341,5342,5343,5344,5345,5346,5347,7459,7460,7461,7462,7463,7464,7465,
556;0;4320;4419;0;3,89,94,95,100,137,144,179,180,231,276,289,299,307,343,395,484,583,586,591,592,594,644,647,765,770,833,834,838,854,890,1019,1039,1168,1214,1287,1288,1293,1396,1447,1481,1519,1529,1671,2225,2318,2405,2417,2602,2625,2626,2627,2628,2629,2630,2631,2632,2634,2635,2637,2640,2642,2643,2644,2646,2652,2657,2663,2675,2680,2686,2720,2721,2752,3511,3527,3619,4553,4949,5343,
617;0;4419;4513;0;3,89,94,95,100,137,144,179,180,231,276,289,299,307,343,395,484,583,586,591,592,594,644,647,765,770,833,834,838,854,890,907,1019,1039,1168,1214,1287,1288,1293,1361,1396,1447,1481,1519,1529,1671,1809,2225,2318,2405,2417,2602,2625,2626,2627,2628,2629,2630,2631,2632,2634,2635,2637,2640,2642,2643,2644,3511,3527,3619,3621,4553,4727,4949,5343,5830,6101,6107,6109,6113,
471;0;4513;4603;0;3,30,89,94,95,100,137,144,179,180,231,276,289,299,307,343,395,415,484,583,586,591,592,594,644,647,753,765,770,833,834,838,854,890,907,995,1019,1039,1160,1168,1214,1287,1288,1293,1361,1396,1447,1463,1481,1529,1657,1671,1719,1935,2225,2318,2405,2417,2602,2626,2627,2628,2635,2640,2644,2941,3336,3511,3527,3619,3627,4225,4510,4553,4949,5343,5435,5487,5488,5489,
546;0;4603;4686;0;3,30,89,94,95,100,137,144,179,180,231,276,289,299,307,343,395,415,484,583,586,591,592,594,644,647,753,765,770,833,834,838,854,858,890,907,995,1019,1039,1160,1168,1214,1287,1288,1293,1361,1396,1447,1463,1481,1529,1657,1671,1719,1935,2225,2318,2405,2417,2602,2626,2627,2628,2635,2640,2644,2941,3336,3511,3527,3532,3619,3627,4225,4510,4553,4633,4949,5116,5343,
628;0;4686;4767;0;3,30,89,94,95,100,137,144,179,180,231,276,289,299,307,343,395,415,484,583,586,591,592,594,644,647,753,765,770,833,834,838,854,858,890,907,995,1019,1039,1160,1168,1214,1287,1288,1293,1361,1396,1447,1481,1529,1671,2225,2318,2405,2417,2602,2626,2627,2628,2635,2640,2644,2941,2943,3527,3532,3619,3627,4553,4949,8014,8551,8555,9032,9075,9101,9102,9103,9104,9105,
634;0;4767;4843;0;3,30,89,94,95,100,137,144,179,180,231,276,289,299,307,343,395,415,426,484,583,586,591,592,594,644,647,753,765,770,833,834,838,854,858,890,907,995,1019,1039,1160,1168,1214,1287,1288,1293,1361,1396,1447,1481,1529,1565,1572,1671,2225,2318,2405,2416,2417,2602,2626,2627,2628,2635,2640,2644,2826,2941,2943,3527,3532,3619,3627,4553,4949,5876,8014,8551,8555,9032,
108;0;4843;4884;0;2,3,89,95,100,137,139,144,149,231,262,289,301,343,395,400,591,644,647,676,765,830,854,855,863,890,904,907,917,933,948,1093,1116,1118,1121,1125,1287,1293,1361,1362,1447,1481,1484,1485,1486,1487,1488,1489,1490,1491,1492,1493,1494,1495,1496,1497,1498,1499,1500,1501,1502,1503,1504,1505,1506,1529,2225,2318,2405,2602,2626,2627,2628,2635,2640,3527,3619,4553,4949,8555,
108;1;4884;4909;0;2,3,89,95,100,137,139,144,149,231,262,289,292,301,343,395,400,591,644,647,676,677,715,765,854,855,863,890,904,907,917,933,947,948,1093,1118,1121,1287,1293,1361,1447,1450,1481,1484,1502,1529,2052,2225,2318,2405,2536,2602,2626,2627,2628,2635,2640,2661,2678,2951,2962,3527,3531,3619,4553,4949,5458,5525,5530,5532,5534,5723,5865,5866,5867,5868,5869,5870,5871,8555,
596;0;4909;4948;0;2,3,89,93,95,100,137,139,144,149,231,262,289,292,301,343,395,400,591,644,647,676,677,715,765,854,855,863,890,904,907,917,933,947,948,1054,1093,1118,1121,1287,1293,1361,1447,1450,1481,1484,1502,1529,1814,2052,2225,2318,2405,2536,2583,2602,2626,2627,2628,2635,2640,2661,2678,2951,2962,3527,3531,3619,4553,4949,5458,5525,5530,5532,5534,5723,5865,5866,5868,8555,
468;0;4948;4984;1;2,3,76,89,93,95,100,137,139,144,149,231,262,289,292,301,343,395,400,591,644,647,676,677,715,765,854,855,863,875,890,904,907,917,933,947,948,1054,1093,1118,1121,1287,1293,1361,1447,1450,1481,1484,1502,1529,1582,1814,2052,2225,2318,2405,2536,2583,2602,2626,2627,2628,2635,2640,2661,2678,2951,2962,3527,3531,3619,4287,4553,4949,5458,5525,5530,5532,5868,8555,
609;0;4984;5028;1;3,89,95,100,137,139,144,149,231,262,289,292,343,395,400,591,644,647,677,715,765,836,854,855,863,875,890,904,907,917,933,948,1043,1051,1093,1118,1121,1287,1293,1361,1447,1481,1484,1502,1529,1582,2052,2225,2318,2405,2461,2466,2626,2627,2628,2635,2640,2661,2678,2903,3527,3619,4259,4365,4553,4949,5525,5530,5637,5722,5795,5868,6225,6369,6370,6371,6372,6373,6374,8555,
552;0;5028;5077;1;3,60,89,100,137,144,225,234,262,288,289,292,295,329,377,395,398,591,598,634,644,647,677,686,715,765,855,890,904,907,917,933,1087,1117,1121,1262,1278,1287,1293,1295,1361,1447,1474,1478,1481,1502,1529,1670,1734,1781,2052,2173,2220,2529,2627,2635,2640,2661,2678,2816,2998,3527,3618,3619,3711,3712,4217,4456,4553,4949,5525,5715,5716,5717,5718,5719,5720,5721,5722,5949,
488;0;5077;5128;1;3,60,89,100,137,144,225,234,262,288,289,292,295,329,377,395,398,591,598,634,644,647,677,686,715,765,855,890,904,907,917,933,1087,1117,1121,1262,1278,1287,1293,1295,1361,1447,1474,1478,1481,1502,1529,1670,1734,1781,2052,2173,2220,2529,2627,2635,2640,2661,2678,2816,2998,3527,3618,3619,3711,3712,4217,4456,4553,4949,5525,5715,5716,5717,5718,5719,5720,5721,5722,5949,
232;0;5128;5160;1;3,60,89,100,137,144,225,234,262,288,289,292,295,329,377,395,398,591,598,634,644,647,677,686,715,765,855,890,904,907,917,933,1087,1117,1121,1262,1278,1287,1293,1295,1361,1447,1474,1478,1481,1502,1529,1670,1734,1781,2052,2173,2220,2529,2627,2635,2640,2661,2678,2816,2998,3527,3618,3619,3711,3712,4217,4456,4553,4949,5525,5715,5716,5717,5718,5719,5720,5721,5722,5949,
232;1;5760;5781;1;3,26,27,89,100,137,144,225,262,288,289,295,329,377,395,398,528,591,619,677,715,765,778,855,890,904,907,917,933,1117,1121,1268,1269,1278,1280,1287,1290,1293,1295,1322,1361,1447,1474,1478,1481,1529,1781,1782,1787,2052,2220,2263,2409,2627,2635,2661,2678,3026,3060,3527,3618,3619,3711,4112,4122,4123,4124,4125,4126,4127,4128,4129,4130,4131,4132,4217,4553,4949,5525,5722,
624;0;5781;5838;1;3,26,27,89,100,137,144,225,262,288,289,295,329,377,395,398,528,559,591,619,677,715,765,778,855,890,904,907,917,933,1117,1121,1268,1269,1270,1271,1275,1278,1280,1284,1287,1289,1290,1293,1295,1322,1361,1447,1474,1478,1481,1529,1781,1782,1787,2052,2220,2263,2409,2627,2635,2661,2678,3026,3060,3527,3618,3619,3711,4112,4122,4123,4124,4125,4126,4217,4553,4949,5525,5722,
525;0;5838;5902;1;3,26,27,89,100,137,144,225,262,288,289,295,329,377,395,398,528,559,591,666,677,715,765,778,814,855,890,904,907,917,933,1117,1121,1268,1269,1270,1275,1278,1280,1284,1287,1289,1293,1295,1322,1361,1447,1474,1478,1481,1529,1781,1782,2052,2220,2409,2627,2635,2661,2678,2802,3379,3527,3618,3619,3711,4112,4124,4217,4553,4949,5432,5525,5722,6023,6024,6496,6497,6498,6499,
625;0;5902;5970;1;3,26,27,89,100,137,144,225,262,288,289,295,329,377,395,398,528,559,591,666,677,715,765,778,814,855,890,904,907,917,933,1117,1121,1268,1269,1270,1275,1278,1280,1284,1287,1289,1293,1294,1295,1322,1361,1447,1474,1478,1481,1529,1781,1782,2052,2220,2407,2409,2627,2635,2661,2678,2802,3379,3618,3619,3703,3711,3721,3797,4112,4124,4217,4353,4553,4949,5525,5722,6024,6496,
73;0;5970;6025;1;3,26,27,89,100,137,144,225,262,288,289,291,295,329,377,395,398,528,591,666,677,715,765,778,814,855,890,891,904,907,917,933,1117,1121,1133,1134,1148,1236,1269,1270,1278,1280,1287,1293,1322,1361,1447,1474,1478,1481,1529,1540,1604,1815,2052,2053,2133,2224,2544,2627,2635,2661,2678,2696,3618,3619,3630,3711,4227,4428,4553,4996,5011,5206,5217,5218,5322,5338,5525,5722,
73;1;6025;6043;1;3,26,27,89,100,137,144,225,262,288,289,291,295,329,377,395,398,528,591,666,677,715,765,778,814,855,890,891,904,907,917,933,1117,1121,1133,1134,1148,1236,1269,1270,1278,1280,1287,1293,1322,1361,1447,1474,1478,1481,1529,1540,1604,1674,1815,2052,2053,2133,2224,2544,2627,2635,2661,2678,2696,3618,3619,3630,3711,4553,4898,4899,5216,5322,5479,5480,5481,5482,5525,5722,
560;0;6043;6120;1;144,177,262,267,272,273,287,288,289,290,291,295,303,305,306,308,313,395,434,442,595,890,891,892,893,894,895,896,897,898,899,900,901,902,903,904,905,906,907,908,909,910,911,912,913,915,916,917,918,919,920,921,922,923,924,925,926,927,928,929,930,931,932,933,934,935,936,937,938,939,940,941,942,943,1134,3616,3617,3618,3619,3620,
539;0;6120;6198;1;144,145,177,262,267,272,273,287,288,289,290,291,295,303,305,306,308,313,329,395,429,434,442,591,595,890,891,892,893,894,895,896,897,898,899,900,901,902,903,904,905,906,907,908,909,910,911,912,913,915,916,917,918,919,920,921,922,923,924,925,926,927,928,929,930,931,932,933,934,937,1134,1165,1447,1481,1811,1919,2382,2492,3618,5649,
636;0;6198;6287;1;144,145,177,262,267,272,273,277,287,288,289,290,291,295,303,305,306,308,313,329,395,429,434,442,591,595,890,891,892,893,894,895,896,897,898,899,900,901,902,903,904,905,906,907,908,909,910,911,912,913,915,916,917,918,919,920,921,922,923,924,925,926,927,928,929,930,931,932,933,934,1134,1481,2679,2774,2775,2777,3263,3618,4605,4606,
192;0;6287;6326;1;40,144,145,177,189,193,198,255,262,267,272,273,277,287,288,289,290,291,295,303,305,306,308,313,329,362,363,395,429,434,442,528,561,591,595,732,890,891,892,893,894,895,896,897,898,899,900,901,902,903,904,905,906,907,908,911,927,932,978,1134,1287,1481,2080,2089,2679,2774,2775,2777,3606,3618,3707,3907,4606,5101,6790,6791,6792,6793,6794,6795,
192;1;6326;6383;1;40,89,144,145,177,189,193,198,255,262,267,272,273,277,287,288,289,290,291,295,303,305,306,308,313,329,362,363,395,429,434,442,528,561,591,595,732,765,766,841,851,890,891,892,899,911,927,932,1043,1134,1147,1287,1481,1529,1943,2376,2627,2647,2679,2774,2775,2777,3618,3635,4369,4373,4606,4655,4734,5107,5502,6791,9175,9179,9185,9187,9188,9189,9190,9191,
207;0;6383;6417;1;40,89,144,145,177,189,193,198,231,255,262,267,272,273,277,287,288,289,290,291,295,297,303,305,306,308,313,329,362,363,395,429,434,442,528,561,591,595,732,765,766,841,851,890,891,892,899,911,927,932,1043,1134,1147,1287,1476,1481,1529,1943,2376,2405,2627,2647,2658,2679,2774,2775,2777,2778,3618,3635,4369,4373,4606,4655,4734,4946,5107,5502,6791,9175,
207;1;6417;6480;1;18,21,24,25,37,38,40,42,45,46,50,52,89,144,145,177,189,193,198,231,255,262,267,272,273,277,287,288,289,290,291,295,297,303,305,306,308,313,395,429,442,502,528,591,595,622,765,766,778,814,899,911,927,977,1006,1007,1011,1134,1287,1305,1390,1427,1476,1481,1529,2413,2627,2679,2777,2778,3125,3618,4606,4917,4918,5107,6791,7796,7797,7798,
504;0;7200;7303;1;18,21,24,25,37,38,40,42,45,46,50,52,89,95,144,145,177,189,193,198,231,255,262,267,272,273,277,287,288,289,290,291,295,297,303,305,306,308,313,393,395,429,442,502,528,591,595,765,766,814,899,911,927,1050,1051,1134,1287,1378,1390,1476,1481,1529,1668,1725,1726,1727,1728,1729,1730,1731,1732,1733,2627,2679,2777,2778,3618,4606,5107,6791,
32;0;7303;7324;1;1,18,21,24,25,37,38,40,42,45,52,95,100,119,136,137,144,145,177,198,231,262,267,272,273,277,288,289,290,291,297,305,306,308,313,379,395,429,442,528,591,595,765,766,814,815,911,927,1093,1134,1287,1361,1390,1397,1476,1481,1529,1668,1726,1807,2053,2109,2627,2679,2777,2778,3278,3618,4606,4677,5107,6399,6403,6519,6520,6521,6522,6523,6524,6791,
32;1;7324;7408;1;1,18,21,24,25,37,38,40,42,45,52,95,100,119,136,137,144,145,177,198,231,262,267,272,273,277,288,289,290,291,297,305,306,308,313,379,395,429,442,528,591,595,765,766,814,815,911,927,1093,1134,1287,1361,1390,1397,1476,1481,1529,1668,1726,2109,2627,2679,2777,2778,3278,3618,4606,5107,6791,8555,8557,8559,8642,9089,9090,9091,9092,9093,9094,9095,
648;0;7408;7514;1;1,18,21,24,25,37,38,40,42,45,52,95,100,119,136,137,144,145,177,198,231,262,267,272,273,277,288,289,290,291,297,305,306,308,313,379,395,429,442,528,591,595,765,766,814,815,911,927,1093,1134,1287,1361,1390,1397,1476,1481,1529,1668,1726,2109,2627,2679,2777,2778,2851,2852,2853,2854,2855,3278,3618,4606,5107,6791,8555,8557,8559,8642,9089,9090,
675;0;7514;7623;1;1,18,21,24,25,37,38,40,42,45,52,95,100,119,136,137,144,145,177,198,231,262,267,272,273,277,288,289,290,291,297,305,306,308,313,379,390,394,395,400,429,442,528,591,595,765,766,814,815,911,927,1093,1134,1146,1287,1361,1363,1390,1397,1476,1481,1529,1668,1726,2109,2381,2627,2679,2777,2778,2851,2852,2853,2854,2855,3278,3618,4606,5107,6791,
197;0;7623;7655;1;1,18,21,24,25,37,38,40,42,45,52,90,95,100,136,137,144,145,149,177,198,231,262,267,272,273,277,288,289,290,291,297,305,306,308,313,390,395,400,429,442,528,591,595,765,766,772,773,814,843,911,927,1093,1134,1146,1287,1363,1397,1476,1481,1529,1668,1726,1922,2109,2498,2627,2679,2777,2778,3278,3618,4427,4606,4728,4747,5107,5108,5281,6791,
197;1;7655;7736;1;1,18,21,24,25,29,37,38,40,42,45,52,95,100,136,137,144,145,149,177,198,231,262,267,272,273,277,288,289,290,291,297,305,306,308,313,390,395,400,429,442,528,539,591,595,765,766,810,814,875,911,927,1093,1134,1146,1287,1363,1397,1476,1481,1529,1549,1587,1668,1726,1922,2109,2198,2199,2200,2202,2627,2679,2777,2778,2844,3278,3618,4606,6791,
104;0;7736;7813;1;1,18,21,24,25,29,37,38,40,42,45,52,95,97,100,136,137,144,145,149,177,198,225,231,262,267,272,273,277,288,289,290,291,297,305,306,308,313,380,390,395,400,429,442,528,539,591,595,765,766,810,814,875,911,927,1093,1134,1146,1287,1363,1397,1401,1474,1476,1478,1481,1529,1668,1726,1922,2109,2355,2627,2679,2777,2778,3278,3618,4606,6791,
104;1;7813;7854;1;1,18,21,24,25,29,37,38,40,42,45,52,95,97,100,136,137,144,145,149,177,198,225,231,262,267,272,273,277,288,289,290,291,297,305,306,308,313,380,390,395,400,429,442,528,539,591,595,765,766,810,814,875,911,927,1093,1134,1146,1287,1363,1397,1401,1474,1476,1478,1481,1529,1668,1726,1922,2109,2627,2679,2777,2778,2960,3278,3618,4606,6791,
523;0;7854;7974;1;15,16,17,18,19,21,24,25,34,35,37,39,52,54,87,96,100,117,144,145,149,177,225,262,277,305,306,343,364,390,395,476,528,632,666,704,715,766,862,863,875,911,952,1093,1134,1474,1481,1482,1483,1567,1726,2052,2468,2475,2628,2678,2692,2872,2903,3074,3446,3532,4365,4748,4857,5230,5379,5392,5468,5525,5637,5722,5868,6022,6216,6217,6218,6311,6312,6313,
626;0;7974;8099;1;15,16,17,18,19,21,24,25,34,35,37,39,52,54,87,96,100,117,144,145,149,177,225,262,277,305,306,343,364,390,395,476,528,632,666,704,715,766,862,863,875,911,952,1093,1134,1474,1481,1482,1483,1567,1726,2052,2468,2475,2628,2678,2692,2872,2903,3074,3446,3532,4365,4748,4857,5230,5379,5392,5468,5525,5637,5722,5868,6022,6216,6217,6218,6311,6312,6313,
85;0;8099;8204;1;15,16,17,18,19,21,24,25,34,35,37,39,52,54,87,96,100,117,144,145,149,177,225,262,277,305,306,343,364,390,395,476,528,632,666,704,715,766,862,863,875,911,952,1093,1134,1474,1481,1482,1483,1567,1726,2052,2468,2475,2628,2678,2692,2872,2903,3074,3446,3532,4365,4748,4857,5230,5379,5392,5468,5525,5637,5722,5868,6022,6216,6217,6218,6311,6312,6313,
85;1;8204;8225;1;15,16,17,18,19,21,24,25,34,35,37,39,52,54,87,96,100,117,144,145,149,177,225,262,277,305,306,343,364,390,395,476,528,632,666,704,715,766,862,863,875,911,952,1093,1134,1474,1481,1482,1483,1567,1726,2052,2468,2475,2628,2678,2692,2872,2903,3074,3446,3532,4365,4748,4857,5230,5379,5392,5468,5525,5637,5722,5868,6022,6216,6217,6218,6311,6312,6313,
Machine: 3
642;0;0;4;1;24,49,60,100,144,145,225,245,294,400,516,529,640,645,773,863,1013,1091,1123,1150,1277,1293,1329,1398,1431,1445,1474,1478,1726,2221,2240,2318,2407,2678,2836,2962,3312,3484,3503,3581,3682,4450,4647,4745,4746,5378,5381,5382,5383,5771,5772,5951,5955,5959,5966,5968,5976,5980,5987,5991,5992,5998,6180,6216,6219,6220,6385,6463,6617,6711,6712,6713,6714,6715,6716,6717,6718,7804,7805,8190,
520;0;4;16;1;24,49,60,100,144,145,225,245,294,400,516,529,640,645,773,863,1013,1091,1123,1150,1277,1293,1329,1398,1431,1445,1474,1478,1726,2221,2240,2318,2407,2678,2836,2962,3312,3484,3503,3581,3682,4450,4647,4745,4746,5378,5381,5382,5383,5771,5772,5951,5955,5959,5966,5968,5976,5980,5987,5991,5992,5998,6180,6216,6219,6220,6385,6463,6617,6711,6712,6713,6714,6715,6716,6717,6718,7804,7805,8190,
654;0;16;34;1;24,49,60,100,144,145,225,245,294,400,516,529,640,645,773,863,1013,1091,1123,1150,1277,1293,1329,1398,1431,1445,1474,1478,1726,2221,2240,2318,2407,2678,2836,2962,3312,3484,3503,3581,3682,4450,4647,4745,4746,5378,5381,5382,5383,5771,5772,5951,5955,5959,5966,5968,5976,5980,5987,5991,5992,5998,6180,6216,6219,6220,6385,6463,6617,6711,6712,6713,6714,6715,6716,6717,6718,7804,7805,8190,
605;0;34;63;1;24,49,60,100,144,145,225,245,294,400,516,529,640,645,773,863,1013,1091,1123,1150,1277,1293,1329,1398,1431,1445,1474,1478,1726,2221,2240,2318,2407,2678,2836,2962,3312,3484,3503,3581,3682,4450,4647,4745,4746,5378,5381,5382,5383,5771,5772,5951,5955,5959,5966,5968,5976,5980,5987,5991,5992,5998,6180,6216,6219,6220,6385,6463,6617,6711,6712,6713,6714,6715,6716,6717,6718,7804,7805,8190,
518;0;63;94;1;24,49,60,100,144,145,225,245,294,400,516,529,640,645,773,863,1013,1091,1123,1150,1277,1293,1329,1398,1431,1445,1474,1478,1726,2221,2240,2318,2407,2678,2836,2962,3312,3484,3503,3581,3682,4450,4647,4745,4746,5378,5381,5382,5383,5771,5772,5951,5955,5959,5966,5968,5976,5980,5987,5991,5992,5998,6180,6216,6219,6220,6385,6463,6617,6711,6712,6713,6714,6715,6716,6717,6718,7804,7805,8190,
695;0;94;130;1;24,49,60,100,144,145,225,245,294,400,516,529,640,645,773,863,1013,1091,1123,1150,1277,1293,1329,1398,1431,1445,1474,1478,1726,2221,2240,2318,2407,2678,2836,2962,3312,3484,3503,3581,3682,4450,4647,4745,4746,5378,5381,5382,5383,5771,5772,5951,5955,5959,5966,5968,5976,5980,5987,5991,5992,5998,6180,6216,6219,6220,6385,6463,6617,6711,6712,6713,6714,6715,6716,6717,6718,7804,7805,8190,
547;0;130;175;1;24,49,60,100,144,145,225,245,294,400,516,529,640,645,773,863,1013,1091,1123,1150,1277,1293,1329,1398,1431,1445,1474,1478,1726,2221,2240,2318,2407,2678,2836,2962,3312,3484,3503,3581,3682,4450,4647,4745,4746,5378,5381,5382,5383,5771,5772,5951,5955,5959,5966,5968,5976,5980,5987,5991,5992,5998,6180,6216,6219,6220,6385,6463,6617,6711,6712,6713,6714,6715,6716,6717,6718,7804,7805,8190,
52;0;175;179;1;24,49,60,100,144,145,225,245,294,400,516,529,640,645,773,863,1013,1091,1123,1150,1277,1293,1329,1398,1431,1445,1474,1478,1726,2221,2240,2318,2407,2678,2836,2962,3312,3484,3503,3581,3682,4450,4647,4745,4746,5378,5381,5382,5383,5771,5772,5951,5955,5959,5966,5968,5976,5980,5987,5991,5992,5998,6180,6216,6219,6220,6385,6463,6617,6711,6712,6713,6714,6715,6716,6717,6718,7804,7805,8190,
52;1;179;225;1;24,49,60,100,144,145,225,245,294,400,516,529,640,645,773,863,1013,1091,1123,1150,1277,1293,1329,1398,1431,1445,1474,1478,1726,2221,2240,2318,2407,2678,2836,2962,3312,3484,3503,3581,3682,4450,4647,4745,4746,5378,5381,5382,5383,5771,5772,5951,5955,5959,5966,5968,5976,5980,5987,5991,5992,5998,6180,6216,6219,6220,6385,6463,6559,6617,6711,6712,6713,6714,6715,6716,6717,6718,6719,7804,
574;0;225;276;1;24,49,60,74,79,100,144,145,204,225,245,294,400,502,506,516,529,640,645,773,787,790,863,884,960,1013,1091,1123,1150,1162,1181,1277,1293,1329,1398,1431,1445,1474,1478,1726,1996,2070,2221,2240,2318,2407,2678,2836,2962,3312,3348,3484,3503,3581,3682,3948,4114,4115,4450,4647,4745,4746,5378,5381,5382,5383,5771,5772,5951,5955,5959,5966,5968,5976,5980,5987,5991,5992,5998,6559,
123;0;276;290;1;4,7,8,24,49,60,74,79,100,144,145,148,204,225,235,245,294,377,390,393,400,502,506,516,529,640,645,773,787,790,863,884,960,1013,1051,1052,1091,1123,1150,1162,1181,1277,1293,1329,1362,1398,1431,1445,1474,1478,1604,1726,1801,1806,1814,1996,2070,2221,2240,2318,2407,2678,2836,2962,3312,3348,3435,3484,4114,5951,5955,5959,5966,5968,5976,5980,5987,5991,5992,6559,
123;1;290;329;1;4,7,8,24,49,60,74,79,100,144,145,148,204,225,235,245,288,294,377,390,391,393,400,429,502,506,516,529,640,645,773,787,790,863,884,960,1013,1051,1052,1091,1123,1146,1150,1162,1181,1277,1293,1329,1359,1361,1362,1398,1401,1474,1477,1478,1604,1726,1814,2109,2221,2318,2407,2836,3121,3312,3435,4114,5951,5955,5959,5966,5968,5976,5980,5987,5991,5992,6181,6559,
615;0;329;388;1;4,7,8,24,49,60,74,79,100,144,145,148,204,225,235,245,288,294,377,390,391,393,400,429,502,506,516,529,640,645,730,773,787,790,863,884,960,1013,1051,1052,1091,1123,1146,1150,1162,1181,1277,1293,1329,1359,1361,1398,1401,1474,1477,1478,1572,1604,1726,1814,2221,2318,2407,2836,3312,3435,3609,3610,4114,5951,5955,5959,5966,5968,5976,5980,5987,5991,5992,6559,
571;0;388;454;1;4,7,8,24,49,60,74,79,100,144,145,148,204,225,235,245,288,294,377,390,391,393,400,429,502,506,516,528,529,640,645,730,773,787,790,863,875,884,960,1013,1051,1052,1091,1146,1277,1293,1359,1361,1398,1401,1474,1477,1478,1575,1604,1726,1814,2221,2309,2318,2407,2836,3312,3435,3832,3833,3834,3835,4114,5951,5955,5959,5966,5968,5976,5980,5987,5991,5992,6559,
644;0;454;521;1;4,7,8,24,49,60,74,79,100,137,144,145,148,149,204,225,235,245,262,277,288,294,377,390,391,393,400,429,502,506,516,528,529,640,645,730,773,787,790,863,875,884,960,1013,1045,1051,1052,1091,1146,1277,1293,1359,1361,1398,1401,1474,1477,1478,1604,1726,1814,2221,2318,2407,2836,3312,3435,4114,4721,5951,5955,5959,5966,5968,5976,5980,5987,5991,5992,6559,
112;0;521;525;1;4,8,24,79,100,137,144,145,149,225,245,262,275,277,288,294,377,390,391,400,429,516,528,529,640,645,677,773,863,1013,1051,1091,1146,1277,1293,1359,1361,1398,1401,1474,1477,1478,1604,1726,1814,1843,2407,2627,2635,2645,2653,2679,2774,2775,2777,2778,2836,3263,3312,3516,4604,4605,4606,4627,4639,4641,5232,5282,5283,5284,5285,5286,5287,5288,5951,5968,5976,5980,5987,6559,
112;1;525;592;1;4,8,24,46,79,100,137,144,145,149,225,245,262,275,277,288,294,377,390,391,400,429,516,528,529,640,645,677,773,863,1013,1051,1091,1146,1277,1293,1359,1361,1398,1401,1474,1477,1478,1604,1726,1814,1843,2168,2407,2627,2635,2645,2653,2679,2774,2775,2777,2778,2836,2937,3263,3312,3516,4604,4605,4606,4627,4639,4641,5232,5282,5283,5284,5285,5951,5968,5976,5980,5987,6559,
683;0;592;665;1;1,4,8,24,46,79,95,100,137,139,142,144,145,149,225,234,245,262,277,288,289,294,323,377,390,391,395,400,402,405,429,528,529,640,645,648,677,863,892,897,1013,1051,1056,1062,1091,1146,1229,1277,1293,1359,1361,1397,1398,1401,1472,1474,1477,1478,1502,1604,1620,1681,1682,1683,1726,1814,2407,2627,2645,2679,2774,2775,2777,2778,2836,3263,3312,4604,4605,4606,
537;0;665;741;1;24,46,100,137,139,144,225,231,234,244,288,295,329,377,390,395,400,404,429,765,838,863,911,949,1013,1091,1117,1146,1170,1293,1359,1361,1474,1478,1480,1529,1569,1683,2091,2120,2536,2625,2715,2774,2972,3108,3161,3527,3742,3743,3744,3745,4365,4391,4419,4420,4470,4816,5417,5733,5750,6136,6159,6160,6161,6162,6163,6164,6165,6332,6334,6335,7952,7953,7954,7955,7956,7957,8113,8114,
583;0;741;818;1;24,46,100,137,139,144,225,231,234,244,288,295,329,377,390,395,400,404,429,765,838,863,911,949,1013,1091,1117,1146,1170,1293,1359,1361,1474,1478,1480,1529,1569,1683,2091,2120,2536,2625,2715,2774,2972,3108,3161,3527,3742,3743,3744,3745,4365,4391,4419,4420,4470,4816,5417,5733,5750,6136,6159,6160,6161,6162,6163,6164,6165,6332,6334,6335,7952,7953,7954,7955,7956,7957,8113,8114,
582;0;818;896;1;24,46,100,137,139,144,225,231,234,244,288,295,329,377,390,395,400,404,429,765,838,863,911,949,1013,1091,1117,1146,1170,1293,1359,1361,1474,1478,1480,1529,1569,1683,2091,2120,2536,2625,2715,2774,2972,3108,3161,3527,3742,3743,3744,3745,4365,4391,4419,4420,4470,4816,5417,5733,5750,6136,6159,6160,6161,6162,6163,6164,6165,6332,6334,6335,7952,7953,7954,7955,7956,7957,8113,8114,
65;0;896;926;1;24,46,100,137,139,144,225,231,234,244,288,295,329,377,390,395,400,404,429,765,838,863,911,949,1013,1091,1117,1146,1170,1293,1359,1361,1474,1478,1480,1529,1569,1683,2091,2120,2536,2625,2715,2774,2972,3108,3161,3527,3742,3743,3744,3745,4365,4391,4419,4420,4470,4816,5417,5733,5750,6136,6159,6160,6161,6162,6163,6164,6165,6332,6334,6335,7952,7953,7954,7955,7956,7957,8113,8114,
65;1;1440;1491;1;17,20,24,26,28,34,35,38,46,52,54,100,137,139,144,198,225,231,234,244,288,295,329,377,390,395,400,404,429,490,653,765,838,863,911,949,1013,1091,1117,1146,1170,1293,1359,1361,1474,1478,1480,1529,1569,1683,2091,2120,2326,2536,2625,2715,2774,2972,3108,3161,3527,3717,3742,3743,3744,3745,4365,4391,4419,4420,4470,4816,5353,5417,5474,5498,5733,5750,6136,6159,
70;0;1491;1542;1;17,20,24,26,28,34,35,38,46,52,54,100,137,139,144,198,225,231,234,244,288,295,329,377,390,395,400,404,429,490,653,765,838,863,911,949,1013,1091,1117,1146,1170,1293,1359,1361,1474,1478,1480,1529,1541,1569,1683,2091,2120,2326,2536,2625,2715,2774,2972,3108,3161,3527,3717,3742,3743,3744,3745,4365,4391,4419,4420,4470,4816,5353,5417,5474,5498,5733,5750,6136,
70;1;1542;1575;1;17,20,24,26,28,34,35,38,46,52,54,100,137,139,144,146,198,225,231,234,244,288,295,329,377,390,395,400,404,429,490,653,704,765,838,863,911,949,1013,1091,1117,1146,1170,1293,1359,1361,1474,1478,1480,1529,1541,1569,1683,2091,2120,2326,2489,2536,2625,2715,2774,2972,3108,3161,3527,3535,3536,3717,3742,3743,3744,3745,4365,4391,4419,4420,4470,4816,5353,5417,
101;0;1575;1604;1;17,20,24,26,28,34,35,38,46,52,54,100,137,139,144,146,198,206,225,231,234,244,288,295,329,377,390,395,400,404,429,490,653,704,765,838,863,911,949,979,1013,1091,1117,1146,1170,1293,1359,1361,1474,1478,1480,1529,1541,1561,1569,1683,2091,2120,2305,2326,2489,2536,2625,2715,2774,2972,3006,3108,3161,3527,3535,3536,3717,3796,3808,3900,3906,4273,4274,4275,
101;1;1604;1664;1;17,20,24,26,28,34,35,38,46,52,54,100,137,139,144,146,198,206,225,231,234,244,249,288,295,329,377,390,395,400,404,429,490,653,704,765,838,863,911,949,979,1013,1091,1117,1146,1170,1293,1359,1361,1474,1478,1480,1529,1541,1561,1569,1683,2064,2091,2120,2305,2326,2489,2536,2625,2715,2774,2972,3006,3108,3161,3527,3703,3808,3906,4273,5354,5443,8354,8413,
500;0;1664;1756;1;17,20,24,26,28,34,35,38,46,52,54,100,137,139,144,146,182,198,206,225,231,234,244,249,288,295,301,321,329,377,390,395,400,404,429,490,653,765,769,838,854,855,863,911,949,979,1013,1117,1118,1134,1146,1163,1170,1293,1361,1473,1474,1478,1480,1484,1808,1809,2064,2091,2128,2223,2371,2489,2536,2588,2625,2774,3006,3703,3808,3906,4273,4503,4981,8354,
519;0;1756;1853;1;17,20,24,26,28,34,35,38,46,48,52,54,100,137,139,144,146,182,198,206,225,231,234,244,249,288,295,301,321,329,377,390,395,400,404,429,490,765,769,838,855,863,911,949,973,979,1013,1047,1117,1118,1134,1146,1163,1170,1261,1293,1361,1473,1474,1478,1480,1484,1650,1809,2064,2091,2270,2489,2536,2625,2774,3006,3703,3808,3906,4273,5278,5279,5280,8354,
515;0;1853;1951;1;17,20,24,26,28,34,38,46,52,54,100,137,139,144,182,198,206,225,231,234,249,255,288,301,321,329,390,395,400,404,429,765,769,838,855,863,911,979,1047,1117,1134,1146,1163,1170,1269,1272,1280,1284,1286,1287,1290,1293,1294,1295,1322,1361,1473,1474,1478,1480,1484,1809,2064,2080,2091,2489,2625,2774,3006,3597,3624,3703,3808,3906,4273,4866,7062,7063,7064,8354,
84;0;1951;1956;1;17,20,24,26,28,34,38,46,52,54,100,117,137,139,144,182,198,206,225,231,234,249,255,276,288,301,321,329,390,395,400,404,429,647,765,769,816,838,855,863,911,979,1047,1049,1117,1134,1146,1163,1170,1269,1286,1287,1293,1294,1295,1322,1361,1473,1474,1478,1480,1484,1671,1809,2064,2091,2337,2391,2489,2625,2695,2774,3006,3703,3808,3906,4273,7655,7656,8354,
84;1;1956;2051;1;17,20,24,26,28,34,38,46,52,54,100,117,137,139,144,182,198,206,225,231,234,249,255,276,288,301,321,329,390,395,400,404,429,647,765,769,838,855,979,1047,1049,1117,1146,1163,1170,1269,1286,1287,1288,1293,1294,1295,1322,1473,1474,1478,1480,1484,1809,2064,2091,2259,2264,2410,2417,2418,2419,2420,2471,2489,2625,2774,3006,3307,3308,3703,3808,3906,4273,8354,
51;0;2051;2056;1;17,20,24,26,34,38,46,52,54,100,117,137,139,144,182,206,225,231,234,249,255,276,288,329,351,390,395,396,397,400,404,429,647,765,769,838,979,1117,1146,1163,1170,1269,1286,1287,1288,1293,1294,1295,1322,1474,1478,1480,1484,1809,2064,2091,2419,2420,2471,2625,2645,2774,2775,2777,2778,2802,3263,3703,4605,4606,4612,4628,4775,5052,6841,8007,8008,8009,8010,8354,
51;1;2056;2154;1;17,20,24,26,27,34,38,46,52,54,100,117,137,139,144,182,206,225,231,234,249,255,276,288,329,351,390,395,396,397,400,404,429,647,765,769,838,979,1117,1146,1163,1170,1269,1286,1287,1288,1293,1294,1295,1322,1474,1478,1480,1484,1809,2064,2091,2407,2419,2420,2471,2625,2645,2774,2775,2777,2778,2802,3263,3703,4605,4606,4612,4628,4775,5052,6841,7945,7971,8354,
483;0;2154;2260;1;17,19,20,24,25,34,37,38,39,40,46,52,54,56,100,117,137,139,144,192,225,247,276,288,351,364,390,395,396,400,412,460,476,546,553,554,579,647,722,765,778,1146,1270,1286,1287,1311,1390,1560,1853,1858,2091,2197,2338,2420,2774,2775,2778,3014,3015,3061,3263,3766,3786,3878,4238,4280,4645,5472,5825,6244,6428,6694,6706,6945,7339,7658,8493,8494,8495,8988,
162;0;2260;2338;1;17,19,20,24,25,34,37,38,39,40,46,52,54,56,100,117,137,139,144,192,225,247,276,288,351,364,390,395,396,400,412,460,476,546,553,554,579,647,722,765,778,1146,1270,1286,1287,1311,1390,1560,1853,1858,2091,2197,2338,2420,2774,2775,2778,3014,3015,3061,3263,3766,3786,3878,4238,4280,4645,5472,5825,6244,6428,6694,6706,6945,7339,7658,8493,8494,8495,8988,
162;1;2338;2372;1;17,19,20,24,25,34,37,38,39,40,46,52,54,56,100,117,137,139,144,192,225,247,276,288,351,364,390,395,396,400,412,460,476,546,553,554,579,647,722,765,778,1146,1270,1286,1287,1311,1390,1560,1853,1858,2091,2197,2338,2420,2774,2775,2778,3014,3015,3061,3263,3766,3786,3878,4238,4280,4645,5472,5825,6244,6428,6694,6706,6945,7339,7658,8493,8494,8495,8988,
204;0;2372;2453;1;17,19,20,24,25,34,37,38,39,40,46,52,54,56,100,117,137,139,144,192,225,247,276,288,351,364,390,395,396,400,412,460,476,546,553,554,579,647,722,765,778,1146,1270,1286,1287,1311,1390,1560,1853,1858,2091,2197,2338,2420,2774,2775,2778,3014,3015,3061,3263,3766,3786,3878,4238,4280,4645,5472,5825,6244,6428,6694,6706,6945,7339,7658,8493,8494,8495,8988,
204;1;2453;2485;1;17,19,20,24,25,34,37,38,39,40,46,52,54,56,100,117,137,139,144,192,225,247,276,288,351,364,390,395,396,400,412,460,476,546,553,554,579,647,722,765,778,1146,1270,1286,1287,1311,1390,1560,1853,1858,2091,2197,2338,2420,2774,2775,2778,3014,3015,3061,3263,3766,3786,3878,4238,4280,4645,5472,5825,6244,6428,6694,6706,6945,7339,7658,8493,8494,8495,8988,
44;0;2485;2590;1;17,19,20,24,25,34,37,38,39,40,46,52,54,56,100,117,137,139,144,192,225,247,276,288,351,364,390,395,396,400,412,460,476,546,553,554,579,647,722,765,778,1146,1270,1286,1287,1311,1390,1560,1853,1858,2091,2197,2338,2420,2774,2775,2778,3014,3015,3061,3263,3766,3786,3878,4238,4280,4645,5472,5825,6244,6428,6694,6706,6945,7339,7658,8493,8494,8495,8988,
44;1;2590;2602;1;17,19,20,24,25,34,37,38,39,40,46,52,54,56,100,117,137,139,144,192,225,247,276,288,351,364,390,395,396,400,412,460,476,546,553,554,579,647,722,765,778,1146,1270,1286,1287,1311,1390,1560,1853,1858,2091,2197,2338,2420,2774,2775,2778,3014,3015,3061,3263,3766,3786,3878,4238,4280,4645,5472,5825,6244,6428,6694,6706,6945,7339,7658,8493,8494,8495,8988,
672;0;2880;2998;1;17,19,20,24,25,34,37,38,39,40,46,52,54,56,95,100,117,137,139,144,192,225,247,276,288,291,292,351,364,390,395,396,400,412,460,476,546,553,554,579,647,690,722,765,778,848,1146,1270,1286,1287,1311,1390,1556,1560,1674,1853,1858,1922,2091,2106,2197,2338,2642,2677,2679,2689,2774,2775,2778,3061,3263,3447,3786,4280,4373,4854,4855,5370,5499,5500,
10;0;2998;3010;1;17,19,20,24,25,34,37,38,39,40,46,52,54,56,95,100,117,136,137,139,144,192,225,247,276,288,291,292,351,364,390,395,396,400,412,460,476,546,553,554,579,647,690,722,765,778,848,1048,1051,1054,1145,1146,1270,1286,1287,1311,1358,1360,1363,1390,1556,1604,1922,1970,1971,2677,2679,2774,2775,2778,3061,3263,3447,3786,4280,4854,4855,5370,5499,5500,
10;1;3010;3119;1;3,17,19,20,24,25,34,37,38,39,40,46,52,54,56,95,100,117,136,137,139,144,192,225,247,276,288,291,292,351,364,390,395,396,398,400,412,460,476,546,553,554,579,647,690,722,765,778,848,1048,1051,1054,1145,1146,1270,1286,1287,1358,1604,1725,1805,1922,1945,1970,1971,2677,2679,2774,2775,2778,3061,3263,3447,3786,4280,4854,4855,5370,5499,5500,
595;0;3119;3244;1;3,17,19,20,24,25,34,37,38,39,40,46,52,54,56,95,100,117,136,137,139,144,192,225,247,270,276,288,289,291,292,351,364,390,395,396,398,400,412,460,476,553,554,647,690,765,924,1048,1051,1054,1145,1146,1234,1270,1286,1287,1358,1424,1475,1604,1922,1945,1970,1971,2677,2679,2774,2775,2778,3061,3263,3447,3786,4259,4280,4854,4855,5370,5499,5500,
209;0;3244;3294;1;3,17,19,20,24,25,34,37,38,39,40,46,52,54,56,95,100,117,136,137,139,144,192,225,247,270,276,288,289,291,292,351,364,390,395,396,398,400,412,460,476,553,554,647,690,765,924,1048,1051,1054,1145,1146,1270,1286,1287,1358,1604,1814,1922,1945,1970,1971,2677,2679,2774,2775,2778,3061,3263,3310,3311,3312,3447,3786,4280,4854,4855,5370,5499,5500,
209;1;3294;3371;1;3,4,17,19,20,24,25,34,37,38,39,40,46,52,54,56,95,100,137,139,141,144,147,225,247,276,288,289,291,292,351,390,395,396,398,400,412,460,553,554,647,690,765,1048,1051,1054,1145,1146,1270,1286,1287,1358,1604,1667,1726,1814,1922,1941,1945,1946,1947,1970,1971,2677,2679,2774,2775,2778,3061,3263,3310,3312,3447,3786,4280,4854,4855,5370,5499,5500,
666;0;3371;3501;1;3,4,17,19,20,24,25,34,37,38,39,40,46,52,95,100,137,139,144,225,241,247,262,276,288,289,290,291,292,351,390,395,396,398,400,402,412,460,553,554,644,647,690,765,1048,1051,1054,1145,1146,1270,1286,1287,1358,1604,1726,1814,1922,1941,1945,1970,1971,2103,2677,2679,2774,2775,2778,3061,3263,3310,3312,3447,3786,4280,4854,4855,5370,5499,5500,5594,
553;0;3501;3635;1;26,100,137,139,144,225,255,262,267,268,272,273,276,285,287,288,290,297,305,308,313,351,390,395,396,528,640,890,1072,1121,1145,1146,1171,1278,1286,1287,1291,1293,1450,1472,1666,1668,1675,1814,1841,1919,1920,1921,1922,1923,1924,2419,2625,2626,2627,2629,2634,2657,2663,2706,2713,2736,2774,2775,3915,3916,3917,3918,3919,3920,3921,3922,3923,3924,3925,3926,3927,3928,5316,7035,
470;0;3635;3772;1;26,100,137,139,144,225,255,262,267,268,272,273,276,285,287,288,290,297,305,308,313,351,390,395,396,528,640,890,1072,1121,1145,1146,1171,1278,1286,1287,1291,1293,1450,1472,1666,1668,1675,1814,1841,1919,1920,1921,1922,1923,1924,2419,2625,2626,2627,2629,2634,2657,2663,2706,2713,2736,2774,2775,3915,3916,3917,3918,3919,3920,3921,3922,3923,3924,3925,3926,3927,3928,5316,7035,
166;0;3772;3793;1;26,100,137,139,144,225,255,262,267,268,272,273,276,285,287,288,290,297,305,308,313,351,390,395,396,528,640,890,1072,1121,1145,1146,1171,1278,1286,1287,1291,1293,1450,1472,1666,1668,1675,1814,1841,1919,1920,1921,1922,1923,1924,2419,2625,2626,2627,2629,2634,2657,2663,2706,2713,2736,2774,2775,3915,3916,3917,3918,3919,3920,3921,3922,3923,3924,3925,3926,3927,3928,5316,7035,
166;1;3793;3913;1;26,100,137,139,144,225,255,262,267,268,272,273,276,285,287,288,290,297,305,308,313,351,390,395,396,528,640,890,1072,1121,1145,1146,1171,1278,1286,1287,1291,1293,1450,1472,1666,1668,1675,1814,1841,1919,1920,1921,1922,1923,1924,2419,2625,2626,2627,2629,2634,2657,2663,2706,2713,2736,2774,2775,3915,3916,3917,3918,3919,3920,3921,3922,3923,3924,3925,3926,3927,3928,5316,7035,
559;0;4320;4464;1;26,100,137,139,144,149,225,255,262,267,268,272,273,276,285,287,288,290,297,305,308,313,351,390,391,395,396,528,640,838,890,891,938,1072,1117,1121,1145,1146,1147,1148,1163,1165,1166,1167,1168,1170,1171,1172,1173,1174,1278,1286,1287,1291,1293,1450,1472,1666,1668,1675,1814,1841,1919,1920,1921,1922,1923,1924,2419,2625,2626,2627,2629,2634,2657,2663,2706,2713,2774,2775,
544;0;4464;4612;1;26,100,137,139,144,149,225,231,255,262,267,268,272,273,276,285,287,288,290,297,305,308,313,351,390,391,395,396,528,573,640,838,890,891,938,1072,1117,1121,1145,1146,1147,1148,1163,1165,1166,1167,1168,1170,1171,1172,1173,1174,1278,1286,1287,1291,1293,1398,1401,1450,1472,1474,1477,1480,1666,1668,1675,1814,1841,1919,1920,1921,1922,1923,1924,2419,2626,2774,2775,4390,
647;0;4612;4762;1;26,100,137,139,144,149,225,231,255,262,267,268,272,273,276,285,287,288,290,297,305,308,313,329,351,390,391,395,396,397,404,528,573,640,838,890,891,938,1072,1117,1121,1145,1146,1147,1148,1163,1165,1166,1167,1168,1170,1171,1172,1173,1174,1236,1278,1286,1287,1291,1293,1398,1401,1450,1472,1474,1476,1480,1668,1675,1814,1920,1922,2503,2626,2774,2775,4650,4651,6215,
153;0;4762;4806;1;26,100,137,139,144,149,225,231,233,255,262,267,268,272,273,274,276,285,287,288,289,290,297,305,308,313,329,351,390,391,395,396,397,404,528,573,640,838,890,891,938,1072,1117,1121,1145,1146,1147,1148,1163,1165,1166,1167,1168,1170,1171,1172,1173,1174,1236,1278,1286,1287,1291,1293,1401,1474,1476,1668,1675,1814,1920,1922,2626,2645,2774,2775,2903,4604,4628,5432,
153;1;4806;4924;1;26,95,100,137,139,144,149,225,231,233,255,262,267,268,272,273,274,276,277,285,287,288,289,290,297,305,308,313,329,351,390,391,395,396,397,404,528,573,640,677,764,766,838,843,890,891,938,1072,1117,1121,1145,1146,1147,1148,1163,1165,1166,1172,1236,1286,1287,1293,1401,1474,1476,1668,1675,1814,1920,1922,2354,2498,2626,2645,2661,2774,2775,3608,4604,5230,
220;0;4924;5079;1;24,27,55,100,144,177,178,179,180,181,182,184,205,208,225,231,249,267,268,272,273,288,304,329,351,395,419,429,458,487,553,554,1093,1172,1268,1282,1293,1294,1401,1476,1512,1577,1587,1668,1781,1782,2064,2268,2512,2836,2934,3056,3057,3058,3059,3060,3061,3062,3063,3064,3065,3066,3067,3068,3577,3703,3721,3797,3859,4217,4330,4353,4841,4913,5376,5416,6977,7990,8354,9202,
220;1;5079;5090;1;24,27,55,100,144,177,178,179,180,181,182,184,205,208,225,231,249,267,268,272,273,288,304,329,351,395,419,429,458,487,553,554,1093,1172,1268,1282,1293,1294,1401,1476,1512,1577,1587,1668,1781,1782,2064,2268,2512,2836,2934,3056,3057,3058,3059,3060,3061,3062,3063,3064,3065,3066,3067,3068,3577,3703,3721,3797,3859,4217,4330,4353,4841,4913,5376,5416,6977,7990,8354,9202,
513;0;5090;5260;1;24,27,55,100,144,177,178,179,180,181,182,184,205,208,225,231,249,267,268,272,273,288,304,329,351,395,419,429,458,487,553,554,1093,1172,1268,1282,1293,1294,1401,1476,1512,1577,1587,1668,1781,1782,2064,2268,2512,2836,2934,3056,3057,3058,3059,3060,3061,3062,3063,3064,3065,3066,3067,3068,3577,3703,3721,3797,3859,4217,4330,4353,4841,4913,5376,5416,6977,7990,8354,9202,
623;0;5260;5432;1;24,27,55,100,144,177,178,179,180,181,182,184,205,208,225,231,249,267,268,272,273,288,304,329,351,395,419,429,458,487,553,554,1093,1172,1268,1282,1293,1294,1401,1476,1512,1577,1587,1668,1781,1782,2064,2268,2512,2836,2934,3056,3057,3058,3059,3060,3061,3062,3063,3064,3065,3066,3067,3068,3577,3703,3721,3797,3859,4217,4330,4353,4841,4913,5376,5416,6977,7990,8354,9202,
214;0;5432;5541;1;24,27,55,100,144,177,178,179,180,181,182,184,205,208,225,231,249,267,268,272,273,288,304,329,351,395,419,429,458,487,553,554,1093,1172,1268,1282,1293,1294,1401,1476,1512,1577,1587,1668,1781,1782,2064,2268,2512,2836,2934,3056,3057,3058,3059,3060,3061,3062,3063,3064,3065,3066,3067,3068,3577,3703,3721,3797,3859,4217,4330,4353,4841,4913,5376,5416,6977,7990,8354,9202,
214;1;5541;5610;1;24,27,55,100,144,177,178,179,180,181,182,184,205,208,225,231,249,267,268,272,273,288,304,329,351,395,419,429,458,487,553,554,1093,1172,1268,1282,1293,1294,1401,1476,1512,1577,1587,1668,1781,1782,2064,2268,2512,2836,2934,3056,3057,3058,3059,3060,3061,3062,3063,3064,3065,3066,3067,3068,3577,3703,3721,3797,3859,4217,4330,4353,4841,4913,5376,5416,6977,7990,8354,9202,
59;0;5760;5875;0;24,27,55,100,144,177,178,179,180,181,182,184,205,208,225,229,231,234,240,243,245,249,266,267,268,272,273,286,288,304,329,351,395,419,429,458,487,553,554,1093,1172,1210,1214,1268,1282,1293,1294,1401,1476,1512,1577,1587,1668,1756,1781,1782,2064,2268,2432,2512,2836,2934,3056,3057,3058,3059,3060,3061,3062,3063,3064,3065,3066,3286,3577,4859,4913,5371,5372,5373,
59;1;5875;5935;0;24,27,55,100,144,145,177,178,179,180,181,182,184,205,208,225,229,231,234,240,243,245,249,266,267,268,272,273,286,288,304,329,351,395,419,429,458,487,553,554,1093,1172,1210,1214,1268,1282,1293,1294,1401,1476,1512,1577,1587,1668,1756,1781,1782,1818,2064,2268,2432,2512,2836,2934,3056,3057,3058,3059,3060,3061,3062,3063,3064,3065,3066,3286,3577,4597,4913,6407,
505;0;5935;6040;0;24,27,55,95,100,139,143,144,145,177,178,179,180,181,182,184,205,208,225,229,231,234,240,243,245,249,266,267,268,272,273,286,288,294,304,329,351,395,398,419,429,458,487,553,554,644,948,1093,1135,1172,1210,1214,1268,1282,1293,1294,1401,1476,1478,1512,1577,1587,1668,1756,1781,1782,1818,2064,2268,2432,2512,2836,2934,3268,3280,3577,4913,5911,6089,6090,
517;0;6040;6079;0;24,27,55,95,97,100,139,143,144,145,177,178,179,180,181,182,184,205,208,225,229,231,234,240,243,245,249,266,267,268,272,273,286,288,294,302,304,305,310,313,329,351,395,396,398,419,429,458,487,553,554,644,905,948,1093,1135,1172,1210,1214,1268,1282,1293,1294,1401,1474,1476,1478,1512,1577,1587,1661,1668,1675,1759,1814,2455,2512,3577,4913,5255,
179;0;6079;6188;1;24,27,55,95,97,100,139,143,144,145,177,178,179,180,181,182,184,205,208,225,229,231,234,240,243,245,249,266,267,268,272,273,286,288,294,302,304,305,310,313,329,351,395,396,398,419,429,458,487,553,554,644,905,948,1093,1135,1172,1210,1214,1268,1282,1293,1294,1474,1476,1478,1587,1814,2512,3577,4913,8787,8788,8968,8969,8970,8971,8972,8973,8974,
179;1;6188;6261;1;24,27,55,95,97,100,139,143,144,145,177,178,179,180,181,182,184,205,208,225,229,231,234,240,243,245,249,266,267,268,272,273,286,288,294,302,304,305,310,313,329,351,395,396,398,419,429,458,487,553,554,644,905,948,1093,1135,1172,1210,1214,1268,1282,1293,1294,1474,1476,1478,1587,1814,2512,3577,4913,7431,8787,8788,8968,8969,8970,8971,8972,8973,
227;0;6261;6435;0;24,27,55,95,97,100,139,143,144,145,177,178,179,180,181,182,184,205,208,225,229,231,234,240,243,245,249,266,267,268,272,273,286,288,290,294,297,302,304,305,310,313,329,351,395,396,398,419,429,458,487,644,647,769,891,948,1024,1093,1268,1293,1474,1476,1478,1484,1587,1669,1750,1814,1920,2512,3577,4552,4913,5206,5351,5706,6184,7215,7216,7217,
227;1;6435;6614;0;3,24,26,27,79,95,127,137,139,144,178,206,224,225,245,294,390,395,396,398,408,412,415,426,515,529,564,567,769,948,979,1048,1051,1054,1093,1145,1146,1266,1269,1270,1275,1277,1286,1287,1288,1293,1358,1478,1587,1604,1814,1898,1945,1970,1971,2217,2352,2471,2485,2849,3004,3606,3705,4280,4913,5668,6203,6389,7395,7978,7989,8076,8077,8078,8079,8081,8873,8874,8875,8876,
2;0;6614;6786;0;3,24,26,27,79,95,127,137,139,144,178,206,224,225,245,294,390,395,396,398,408,412,415,426,515,529,564,567,769,948,979,1048,1051,1054,1093,1145,1146,1266,1269,1270,1275,1277,1286,1287,1288,1293,1358,1478,1587,1604,1814,1898,1945,1970,1971,2217,2352,2471,2485,2849,3004,3606,3705,4280,4913,5668,6203,6389,7395,7978,7989,8076,8077,8078,8079,8081,8873,8874,8875,8876,
2;1;6786;6915;0;3,24,26,27,79,95,127,137,139,144,178,206,224,225,245,294,390,395,396,398,408,412,415,426,515,529,564,567,769,948,979,1048,1051,1054,1093,1145,1146,1266,1269,1270,1275,1277,1286,1287,1288,1293,1358,1478,1587,1604,1814,1898,1945,1970,1971,2217,2352,2471,2485,2849,3004,3606,3705,4280,4913,5668,6203,6389,7395,7978,7989,8076,8077,8078,8079,8081,8873,8874,8875,8876,
29;0;6915;7058;0;3,24,26,27,79,95,127,137,139,144,178,206,224,225,245,294,390,395,396,398,408,412,415,426,515,529,564,567,769,948,979,1048,1051,1054,1093,1145,1146,1266,1269,1270,1275,1277,1286,1287,1288,1293,1358,1478,1587,1604,1814,1898,1945,1970,1971,2217,2352,2471,2485,2849,3004,3606,3705,4280,4913,5668,6203,6389,7395,7978,7989,8076,8077,8078,8079,8081,8873,8874,8875,8876,
29;1;7058;7163;0;3,24,26,27,79,95,127,137,139,144,178,206,224,225,245,294,390,395,396,398,408,412,415,426,515,529,564,567,769,948,979,1048,1051,1054,1093,1145,1146,1266,1269,1270,1275,1277,1286,1287,1288,1293,1358,1478,1587,1604,1814,1898,1945,1970,1971,2217,2352,2471,2485,2849,3004,3606,3705,4280,4913,5668,6203,6389,7395,7978,7989,8076,8077,8078,8079,8081,8873,8874,8875,8876,
152;0;7200;7311;0;3,24,26,27,79,95,127,137,139,144,178,206,224,225,245,294,390,395,396,398,408,412,415,426,515,529,564,567,769,948,979,1048,1051,1054,1093,1145,1146,1266,1269,1270,1275,1277,1286,1287,1288,1293,1358,1478,1587,1604,1814,1898,1945,1970,1971,2217,2352,2471,2485,2849,3004,3606,3705,4280,4913,5668,6203,6389,7395,7978,7989,8076,8077,8078,8079,8081,8289,8873,8874,8875,
152;1;7311;7442;0;3,24,26,27,79,95,127,137,139,144,178,206,224,225,245,294,390,395,396,398,408,412,415,426,515,529,564,567,769,948,979,1048,1051,1054,1093,1145,1146,1266,1269,1270,1275,1277,1286,1287,1288,1293,1358,1478,1587,1604,1814,1898,1945,1970,1971,2217,2352,2471,2485,2849,3004,3606,3705,4280,4913,5668,6203,6389,7395,7978,7989,8074,8075,8076,8077,8078,8079,8080,8081,8289,
63;0;7442;7530;0;3,24,26,27,79,95,127,137,139,144,178,206,224,225,245,294,390,395,396,398,408,412,415,426,515,529,769,948,979,1051,1054,1093,1145,1146,1269,1293,1478,1587,1814,1945,3686,4913,5951,5963,5968,5969,5976,5980,5987,5988,6007,6079,6360,6537,6538,6539,6541,6542,6549,6550,6552,6557,6559,6560,6741,6930,7132,7134,7286,8083,8084,8085,8086,8087,8088,8089,8090,8091,8092,8093,
63;1;7530;7680;0;3,24,26,27,79,95,127,137,139,144,178,206,224,225,245,277,289,294,390,395,396,398,408,412,415,426,515,529,769,944,945,948,979,1051,1054,1093,1145,1146,1269,1293,1478,1567,1587,1814,1945,2543,2897,2898,2900,2901,2905,2907,2909,2910,2911,2913,3262,3378,3686,4913,5951,5963,5968,5969,5976,5980,5987,5988,6007,6079,6360,6537,6538,6539,6541,6542,6549,6550,6552,6557,
137;0;7680;7749;0;3,24,26,27,79,95,127,137,139,144,178,206,224,225,245,277,289,291,292,294,390,395,396,398,408,412,415,426,515,529,690,765,769,944,945,948,979,1051,1054,1093,1145,1146,1269,1293,1478,1567,1587,1814,1945,2543,2677,2679,2774,2775,2778,2897,2898,2900,2901,2905,2907,2909,3263,3447,3686,4854,4855,4913,5370,5499,5500,5502,5951,5963,5968,5969,5976,5980,5987,5988,
137;1;7749;7901;0;3,24,26,27,79,95,127,137,139,144,149,178,206,224,225,245,262,277,289,291,292,294,301,321,390,395,396,398,408,412,415,426,515,529,690,765,769,855,944,945,948,979,1051,1054,1093,1145,1146,1269,1293,1478,1567,1587,1608,1809,1814,1945,2222,2774,2775,2778,2961,3263,3293,3447,3686,4371,4535,4553,4913,5951,5963,5968,5969,5976,5980,5987,5988,6101,6107,7883,
155;0;7901;7970;0;8,24,27,62,76,79,137,139,144,149,178,189,191,198,242,245,262,390,391,395,396,398,404,408,415,460,491,503,578,640,645,648,724,895,948,979,995,1051,1145,1146,1230,1332,1466,1468,1473,1522,1587,1726,1816,1933,1945,2074,2102,2108,2410,2458,2465,2489,2490,2555,2611,2839,2840,2841,2842,2843,2868,2892,3080,3414,3447,3767,4135,4913,4991,5091,5600,6045,8067,8695,
155;1;7970;8098;0;8,24,27,62,76,79,137,139,144,149,178,189,191,198,242,245,262,390,391,395,396,398,404,408,415,460,491,503,578,640,645,648,724,895,948,979,995,1051,1145,1146,1230,1332,1466,1468,1473,1522,1587,1726,1816,1933,1945,2074,2102,2108,2410,2458,2465,2489,2490,2555,2611,2839,2840,2841,2842,2843,2868,2892,3080,3414,3447,3767,4135,4913,4991,5091,5600,6045,8067,8695,
56;0;8098;8266;0;8,24,27,62,76,79,137,139,144,149,178,189,191,198,242,245,262,390,391,395,396,398,404,408,415,460,491,503,578,640,645,648,724,895,948,979,995,1051,1145,1146,1230,1332,1466,1468,1473,1522,1587,1726,1816,1933,1945,2074,2102,2108,2410,2458,2465,2489,2490,2555,2611,2839,2840,2841,2842,2843,2868,2892,3080,3414,3447,3767,4135,4913,4991,5091,5600,6045,8067,8695,
56;1;8266;8284;0;8,24,27,62,76,79,137,139,144,149,178,189,191,198,242,245,262,390,391,395,396,398,404,408,415,460,491,503,578,640,645,648,724,895,948,979,995,1051,1145,1146,1230,1332,1466,1468,1473,1522,1587,1726,1816,1933,1945,2074,2102,2108,2410,2458,2465,2489,2490,2555,2611,2839,2840,2841,2842,2843,2868,2892,3080,3414,3447,3767,4135,4913,4991,5091,5600,6045,8067,8695,
551;0;8284;8444;0;8,24,27,62,76,79,137,139,144,149,178,189,191,198,242,245,262,390,391,395,396,398,404,408,415,460,491,503,578,640,645,648,724,895,948,979,995,1051,1145,1146,1230,1332,1466,1468,1473,1522,1587,1726,1816,1933,1945,2074,2102,2108,2410,2458,2465,2489,2490,2555,2611,2839,2840,2841,2842,2843,2868,2892,3080,3414,3447,3767,4135,4913,4991,5091,5600,6045,8067,8695,
534;0;8444;8601;0;8,24,27,62,76,79,137,139,144,149,178,189,191,198,242,245,262,390,391,395,396,398,404,408,415,460,491,503,578,640,645,648,724,895,948,979,995,1051,1145,1146,1230,1332,1466,1468,1473,1522,1587,1726,1816,1933,1945,2074,2102,2108,2410,2458,2465,2489,2490,2555,2611,2839,2840,2841,2842,2843,2868,2892,3080,3414,3447,3767,4135,4913,4991,5091,5600,6045,8067,8695,
Machine: 4
570;0;0;8;1;26,78,100,144,177,178,179,180,181,182,183,184,210,288,292,304,329,398,528,529,647,651,677,715,736,933,1117,1229,1268,1277,1285,1287,1288,1289,1293,1295,1447,1476,1481,1568,1702,1779,1783,1913,1996,2091,2106,2175,2263,2282,2461,2471,2590,2626,2679,2688,2984,3049,3701,3702,3703,3716,3717,4385,4413,4658,5266,5525,5654,5664,5665,5666,5667,5868,5869,6022,7582,8002,8003,8004,
676;0;8;22;1;26,78,100,144,177,178,179,180,181,182,183,184,210,288,292,304,329,398,528,529,647,651,677,715,736,933,1117,1229,1268,1277,1285,1287,1288,1289,1293,1295,1447,1476,1481,1568,1702,1779,1783,1913,1996,2091,2106,2175,2263,2282,2461,2471,2590,2626,2679,2688,2984,3049,3701,3702,3703,3716,3717,4385,4413,4658,5266,5525,5654,5664,5665,5666,5667,5868,5869,6022,7582,8002,8003,8004,
590;0;22;40;1;26,78,100,144,177,178,179,180,181,182,183,184,210,288,292,304,329,398,528,529,647,651,677,715,736,933,1117,1229,1268,1277,1285,1287,1288,1289,1293,1295,1447,1476,1481,1568,1702,1779,1783,1913,1996,2091,2106,2175,2263,2282,2461,2471,2590,2626,2679,2688,2984,3049,3701,3702,3703,3716,3717,4385,4413,4658,5266,5525,5654,5664,5665,5666,5667,5868,5869,6022,7582,8002,8003,8004,
632;0;40;65;1;26,78,100,144,177,178,179,180,181,182,183,184,210,288,292,304,329,398,528,529,647,651,677,715,736,933,1117,1229,1268,1277,1285,1287,1288,1289,1293,1295,1447,1476,1481,1568,1702,1779,1783,1913,1996,2091,2106,2175,2263,2282,2461,2471,2590,2626,2679,2688,2984,3049,3701,3702,3703,3716,3717,4385,4413,4658,5266,5525,5654,5664,5665,5666,5667,5868,5869,6022,7582,8002,8003,8004,
528;0;65;105;1;26,78,100,144,177,178,179,180,181,182,183,184,210,288,292,304,329,398,528,529,647,651,677,715,736,933,1117,1229,1268,1277,1285,1287,1288,1289,1293,1295,1447,1476,1481,1568,1702,1779,1783,1913,1996,2091,2106,2175,2263,2282,2461,2471,2590,2626,2679,2688,2984,3049,3701,3702,3703,3716,3717,4385,4413,4658,5266,5525,5654,5664,5665,5666,5667,5868,5869,6022,7582,8002,8003,8004,
599;0;105;155;1;26,38,78,100,144,177,178,179,180,181,182,183,184,210,288,292,304,329,398,528,529,647,651,677,715,736,933,1117,1229,1268,1277,1285,1287,1288,1289,1293,1295,1447,1476,1481,1568,1702,1723,1779,1783,1913,1996,2091,2106,2175,2263,2282,2461,2471,2590,2626,2679,2688,2984,3049,3701,3702,3703,3716,3717,4385,4413,4658,5266,5525,5654,5664,5665,5666,5667,5868,5869,6022,7582,8002,
575;0;155;207;1;26,38,78,100,144,177,178,179,180,181,182,183,184,210,288,292,304,329,398,521,522,523,524,528,529,647,651,677,715,736,933,1117,1229,1268,1277,1285,1287,1288,1289,1293,1295,1447,1476,1481,1568,1702,1723,1779,1783,1913,1996,2091,2106,2175,2263,2282,2461,2471,2590,2626,2679,2688,2984,3049,3701,3702,3703,3716,3717,4385,4413,4658,5266,5525,5654,5664,5665,5868,5869,6022,
692;0;207;267;1;26,38,78,100,144,177,178,179,180,181,182,183,184,210,288,292,299,304,329,343,376,395,398,521,522,523,524,528,529,647,651,677,682,715,736,933,1117,1229,1268,1277,1285,1287,1288,1289,1293,1295,1445,1447,1476,1481,1568,1674,1702,1723,2091,2106,2263,2366,2626,2661,2687,3702,3703,4388,4658,5525,5528,5537,5654,5722,5723,5724,5725,5726,5727,5728,5729,5868,5869,6022,
631;0;267;334;1;26,38,78,100,144,177,178,179,180,181,182,183,184,210,288,292,299,304,329,343,376,395,398,521,522,523,524,528,529,647,651,677,682,715,1117,1268,1277,1285,1287,1288,1289,1293,1295,1445,1476,1481,1674,2091,2106,2263,2626,2661,3702,3703,4658,5525,5537,5654,5722,5868,5869,6022,8551,8559,9049,9050,9051,9052,9053,9054,9055,9056,9057,9058,9059,9060,9061,9062,9063,9064,
658;0;334;405;1;24,26,38,55,58,78,100,144,177,178,179,180,181,182,183,184,210,247,288,292,299,304,329,343,376,395,398,521,522,523,524,528,529,647,651,677,682,715,1117,1268,1277,1285,1287,1288,1289,1293,1295,1445,1476,1481,1674,2091,2106,2263,2418,2420,2626,2661,2836,3609,3691,3702,3703,3706,3842,3852,4658,5525,5537,5654,5722,5868,5869,5997,5998,5999,6022,8551,8559,9049,
81;0;405;454;1;24,26,38,55,58,60,78,100,144,177,178,179,180,181,182,183,184,210,247,288,292,299,304,329,343,376,395,398,521,522,523,524,528,529,581,647,651,677,682,715,1117,1268,1277,1285,1287,1288,1289,1293,1295,1445,1476,1481,1674,2091,2106,2259,2263,2418,2420,2626,2661,2836,3609,3691,3702,3703,3706,3842,3852,4658,5525,5537,5654,5722,5868,5869,5997,6022,8551,8559,
81;1;454;479;1;24,26,38,55,58,60,78,100,144,177,178,179,180,181,182,183,184,210,247,288,292,299,304,329,343,376,395,398,521,522,523,524,528,529,580,581,647,651,677,682,715,1117,1268,1277,1285,1287,1288,1289,1293,1295,1329,1445,1476,1481,1512,1674,2091,2106,2221,2240,2259,2263,2407,2626,2661,2836,3609,3702,3703,3852,4658,5525,5537,5654,5722,5868,5869,6022,8551,8559,
167;0;479;511;1;24,26,38,55,58,60,78,100,144,177,178,179,180,181,182,183,184,210,247,288,292,299,304,329,343,376,395,398,521,522,523,524,528,529,580,581,647,651,677,682,715,1117,1268,1277,1285,1287,1288,1289,1293,1295,1329,1445,1476,1481,1512,1674,2091,2106,2221,2240,2259,2263,2407,2626,2661,3609,3703,3852,4658,5525,5537,5654,5722,5868,5869,6022,7365,7652,8551,8559,
167;1;511;555;1;24,26,55,60,100,144,145,210,247,275,288,291,292,296,299,329,377,398,400,528,640,647,677,715,1068,1117,1118,1121,1177,1285,1287,1289,1293,1295,1307,1445,1476,1481,1674,1733,1821,1915,2091,2106,2134,2221,2240,2407,2626,2645,2661,2723,2777,2778,2788,3263,3609,3703,3852,4526,4604,4605,4606,4610,4612,4759,4996,5305,5499,5525,5537,5654,5722,5890,6022,7900,7901,7902,8551,8559,
618;0;555;632;1;24,26,55,60,88,100,144,145,210,247,275,288,291,292,296,299,314,329,377,398,400,528,640,647,677,715,847,1068,1117,1118,1121,1177,1285,1287,1289,1293,1295,1307,1445,1476,1481,1674,1733,1821,1915,2091,2106,2134,2221,2240,2407,2626,2645,2661,2723,2777,2778,2788,3263,3309,3609,3703,3852,4526,4604,4605,4606,4610,4612,4759,4996,5305,5499,5525,5537,5654,5722,6022,8551,8559,
148;0;632;685;1;24,26,55,60,88,100,139,144,145,210,247,275,288,291,292,296,299,314,329,377,398,400,528,640,647,677,715,847,948,1068,1117,1118,1121,1177,1285,1287,1289,1293,1295,1307,1445,1476,1478,1481,1674,1733,1821,1915,2091,2106,2134,2221,2240,2407,2626,2645,2661,2723,2777,2778,2788,3263,3309,3609,3703,3852,4526,4604,4605,4606,4610,4612,4759,5525,5537,5654,5722,6022,8551,8559,
148;1;685;712;1;24,26,55,60,88,100,139,144,145,210,247,275,288,291,292,296,299,314,329,377,398,400,528,640,647,677,715,847,871,948,1068,1117,1118,1121,1177,1285,1287,1289,1293,1295,1307,1445,1476,1478,1481,1674,1733,1821,1915,2091,2106,2134,2221,2240,2407,2626,2645,2661,2723,2777,2778,2788,3126,3263,3309,3609,3703,3852,4604,4605,4606,4610,4612,5525,5537,5654,5722,6022,8551,8559,
200;0;712;871;0;26,95,117,135,137,144,149,225,288,292,301,308,314,321,340,391,398,400,826,830,838,891,938,949,1056,1117,1163,1164,1166,1170,1176,1177,1266,1267,1282,1285,1287,1289,1292,1293,1295,1360,1442,1467,1478,1481,1484,1485,1567,1916,2221,2321,2371,2584,3663,3677,3679,3686,3690,3703,4033,4620,5082,5392,5471,6003,6004,6005,6006,6007,6008,6009,6010,6011,6012,6013,6244,6342,6418,6419,
200;1;871;1033;0;26,95,117,135,137,144,149,225,288,292,301,308,314,321,340,391,398,400,826,830,838,891,938,949,1056,1117,1163,1164,1166,1170,1176,1177,1266,1267,1282,1285,1287,1289,1292,1293,1295,1360,1442,1467,1478,1481,1484,1485,1567,1916,2221,2321,2371,2584,3663,3677,3679,3686,3690,3703,4033,4620,5082,5392,5471,6003,6004,6005,6006,6007,6008,6009,6010,6011,6012,6013,6244,6342,6418,6419,
225;0;1033;1185;0;26,95,117,135,137,144,149,225,288,292,301,308,314,321,340,391,398,400,826,830,838,891,938,949,1056,1117,1163,1164,1166,1170,1176,1177,1266,1267,1282,1285,1287,1289,1292,1293,1295,1360,1442,1467,1478,1481,1484,1485,1567,1916,2221,2321,2371,2584,3663,3677,3679,3686,3690,3703,4033,4620,5082,5392,5471,6003,6004,6005,6006,6007,6008,6009,6010,6011,6012,6013,6244,6342,6418,6419,
225;1;1185;1346;0;26,95,117,135,137,144,149,225,288,292,301,308,314,321,340,391,398,400,826,830,838,891,938,949,1056,1117,1163,1164,1166,1170,1176,1177,1266,1267,1282,1285,1287,1289,1292,1293,1295,1360,1442,1467,1478,1481,1484,1485,1567,1916,2221,2321,2371,2584,3663,3677,3679,3686,3690,3703,4033,4620,5082,5392,5471,6003,6004,6005,6006,6007,6008,6009,6010,6011,6012,6013,6244,6342,6418,6419,
105;0;1346;1490;0;26,95,117,135,137,144,149,225,288,292,301,308,314,321,340,391,398,400,826,830,838,891,938,949,1056,1117,1163,1164,1166,1170,1176,1177,1266,1267,1282,1285,1287,1289,1292,1293,1295,1360,1442,1467,1478,1481,1484,1485,1567,1916,2221,2321,2371,2584,3663,3677,3679,3686,3690,3703,4033,4620,5082,5392,5471,6003,6004,6005,6006,6007,6008,6009,6010,6011,6012,6013,6244,6342,6418,6419,
105;1;1490;1591;0;26,95,117,135,137,144,149,225,288,292,301,308,314,321,340,391,398,400,438,591,826,830,838,891,938,949,1056,1117,1163,1164,1166,1170,1176,1177,1266,1267,1282,1285,1287,1289,1292,1293,1295,1360,1442,1467,1478,1481,1484,1485,1567,1669,1680,1732,1916,2221,2223,2321,2371,2584,3663,3677,3679,3686,3690,3703,4033,4620,5082,5392,5471,6003,6004,6005,6006,6007,6008,6009,6010,7408,
149;0;1591;1753;0;26,95,100,117,135,137,144,149,225,277,288,290,292,301,308,314,321,340,391,398,400,429,438,591,644,647,826,830,838,891,938,949,1056,1117,1121,1146,1163,1164,1166,1170,1176,1177,1214,1266,1267,1282,1285,1287,1289,1292,1293,1295,1360,1442,1467,1474,1478,1481,1484,1485,1567,1669,1680,1814,1978,2223,2371,2716,3387,3677,3679,3703,3920,4033,5082,5206,5392,5734,6347,6384,
149;1;1753;1817;0;95,100,135,137,144,149,225,277,288,290,292,314,340,398,400,429,438,644,647,891,1214,1282,1293,1474,1478,1481,1669,1814,3177,3178,3179,3180,3181,3185,3186,3187,3188,3189,3191,3196,3197,3198,3199,3200,3201,3203,3204,3205,3206,3207,3208,3209,3211,3212,3213,3214,3216,3218,3219,3220,3221,3224,3226,3227,3228,3229,3230,3231,3232,3233,3234,3235,3236,3237,3238,3239,3240,3703,4033,5392,
89;0;1817;1912;0;95,100,135,137,144,149,225,277,288,290,292,314,340,398,400,429,438,644,647,891,1214,1282,1293,1474,1478,1481,1669,1814,2777,2778,3177,3178,3179,3180,3181,3185,3186,3187,3188,3189,3191,3196,3197,3198,3199,3200,3201,3203,3204,3205,3206,3207,3208,3209,3211,3212,3213,3214,3216,3218,3219,3220,3221,3224,3226,3227,3228,3229,3230,3232,3703,4033,4604,4607,4627,4857,5329,5392,6361,7272,
89;1;1912;2038;0;91,95,98,100,135,137,144,149,225,276,277,288,290,292,314,337,340,398,400,429,438,583,644,647,765,858,891,1078,1214,1282,1293,1474,1478,1481,1669,1814,1844,1883,1884,1885,1886,2777,2778,3177,3178,3179,3180,3181,3185,3186,3187,3188,3189,3191,3196,3197,3198,3199,3200,3201,3203,3204,3205,3206,3207,3208,3209,3211,3212,3213,3214,3218,3226,3232,3703,4033,4604,4607,4857,5392,
196;0;2038;2072;0;61,91,95,98,100,135,137,144,149,225,276,277,288,290,292,314,337,340,359,398,400,409,429,438,583,644,647,765,858,891,1078,1214,1282,1293,1474,1478,1481,1549,1651,1669,1814,1844,1883,1884,1885,1886,2777,2778,2844,2846,2848,2849,2850,3177,3178,3179,3180,3181,3185,3186,3187,3188,3189,3191,3196,3197,3198,3204,3209,3218,3226,3232,3703,4033,4604,4607,4709,4710,4857,5392,
196;1;2072;2229;0;55,95,100,126,144,189,198,225,276,289,290,314,398,438,472,499,528,644,695,765,814,858,946,1214,1282,1293,1322,1390,1478,1481,1510,1573,1669,1674,1988,2146,2147,2153,2225,2626,2627,2628,2635,2637,2647,2653,2654,2660,2661,2675,2691,2705,2778,2806,2849,3178,3232,3703,3849,3850,3851,3852,3853,3854,4093,4412,5392,6297,7465,7608,7609,7610,7611,7612,7613,7614,7615,7616,7617,7618,
178;0;2229;2265;0;55,95,100,126,144,189,198,225,276,289,290,314,398,438,472,499,528,644,695,765,814,858,946,1214,1282,1293,1322,1390,1478,1481,1510,1573,1669,1674,1988,2146,2147,2153,2225,2626,2627,2628,2635,2637,2647,2653,2654,2660,2661,2675,2691,2705,2778,2806,2849,3178,3232,3703,3849,3850,3851,3852,3853,3854,4093,4412,5392,6297,7465,7608,7609,7610,7611,7612,7613,7614,7615,7616,7617,7618,
178;1;2265;2413;0;55,95,100,126,144,189,198,225,276,289,290,314,398,438,472,499,528,644,695,765,814,858,946,1214,1282,1293,1322,1390,1478,1481,1510,1573,1669,1674,1988,2146,2147,2153,2225,2626,2627,2628,2635,2637,2647,2653,2654,2660,2661,2675,2691,2705,2778,2806,2849,3178,3232,3703,3849,3850,3851,3852,3853,3854,4093,4412,5392,6297,7465,7608,7609,7610,7611,7612,7613,7614,7615,7616,7617,7618,
545;0;2413;2591;0;55,95,100,126,144,189,198,225,276,289,290,314,398,438,472,499,528,644,695,765,814,858,946,1214,1282,1293,1322,1390,1478,1481,1510,1573,1669,1674,1988,2146,2147,2153,2225,2626,2627,2628,2635,2637,2647,2653,2654,2660,2661,2675,2691,2705,2778,2806,2849,3178,3232,3703,3849,3850,3851,3852,3853,3854,4093,4412,5392,6297,7465,7608,7609,7610,7611,7612,7613,7614,7615,7616,7617,7618,
690;0;2591;2757;0;55,95,100,126,144,189,198,225,276,289,290,314,398,438,472,499,528,644,695,765,814,858,946,1214,1282,1293,1322,1390,1478,1481,1510,1573,1669,1674,1988,2146,2147,2153,2225,2626,2627,2628,2635,2637,2647,2653,2654,2660,2661,2675,2691,2705,2778,2806,2849,3178,3232,3703,3849,3850,3851,3852,3853,3854,4093,4412,5392,6297,7465,7608,7609,7610,7611,7612,7613,7614,7615,7616,7617,7618,
686;0;2880;3044;0;55,95,100,102,126,144,189,198,225,276,289,290,299,314,398,438,472,499,528,607,644,695,765,814,858,946,1214,1282,1293,1322,1390,1478,1481,1510,1573,1669,1674,1988,2146,2147,2153,2225,2318,2626,2627,2628,2635,2637,2647,2653,2654,2660,2661,2675,2683,2691,2705,2778,2849,3015,3178,3232,3703,4093,4608,5392,5525,5530,5538,5637,5722,6022,6225,6309,6310,6311,6312,6313,6449,6746,
667;0;3044;3201;0;55,95,100,102,126,144,189,198,225,231,276,289,290,299,314,398,438,472,499,528,607,644,695,765,814,858,931,946,1214,1282,1293,1322,1390,1476,1478,1481,1669,1674,2092,2153,2318,2337,2627,2628,2635,2645,2653,2683,2774,2775,2778,2849,3099,3178,3232,3263,3651,3703,3970,4093,4600,4608,4740,5053,5340,5392,5525,5530,5538,5637,5722,5901,6225,6311,6449,6475,7403,7404,7405,7406,
130;0;3201;3249;0;4,55,89,90,95,100,102,126,144,189,198,225,231,276,289,290,299,314,398,438,528,607,644,765,768,773,831,833,836,858,862,863,944,945,1046,1214,1282,1293,1322,1476,1478,1481,1513,1525,1532,1533,1536,1537,1539,1540,1669,1674,2153,2318,2627,2628,2635,2645,2653,2683,2774,2775,2778,2849,3178,3232,3263,3703,4093,4600,4608,5392,5525,5530,5538,5637,5722,6225,6311,6449,
130;1;3249;3350;0;4,55,89,90,95,100,102,126,144,189,198,225,231,276,289,290,314,398,438,528,607,644,765,768,773,833,836,858,862,863,1046,1214,1282,1291,1293,1322,1476,1478,1481,1539,1669,1674,2153,2240,2306,2318,2407,2627,2628,2635,2645,2653,2683,2774,2775,2778,2794,2849,3178,3232,3263,3606,3703,3721,4093,4450,4600,4608,5392,5525,5530,5538,5637,5722,6092,6225,6311,6385,6449,9221,
655;0;3350;3494;0;4,55,89,90,95,100,102,126,144,189,198,225,231,251,276,289,290,314,364,398,438,528,540,607,644,765,768,773,833,836,858,862,863,1046,1214,1282,1293,1322,1476,1478,1481,1539,1669,1674,2153,2240,2306,2318,2412,2564,2627,2628,2635,2645,2653,2683,2774,2775,2778,2794,2849,3178,3232,3263,3721,4093,4247,4327,4450,4600,4608,5392,5525,5530,5538,5637,5722,6225,6311,6449,
217;0;3494;3546;0;4,55,95,100,144,189,225,234,245,267,289,291,303,305,310,312,313,314,398,438,528,640,644,765,773,833,836,862,863,1046,1171,1282,1293,1322,1478,1481,1539,1665,1669,1674,2107,2153,2240,2244,2318,2627,2628,2635,2645,2653,2683,2774,2775,2778,2794,2849,3178,3232,3263,3721,4093,4450,4600,4608,5153,5155,5224,5225,5226,5227,5228,5392,5525,5530,5538,5637,5722,6225,6311,6449,
217;1;3546;3621;0;92,95,144,189,225,267,289,291,303,305,310,312,313,314,398,438,640,765,773,1171,1210,1274,1293,1322,1478,1481,1744,1752,1753,1754,1768,2090,2107,2153,2244,2318,2635,2653,2774,2778,2849,3126,3178,3232,3263,3538,3587,3588,3589,3590,3591,3592,3593,3594,3595,3596,3597,3665,3673,4093,4600,4608,5088,5153,5155,5525,5722,5874,5875,5984,5992,6225,6449,6468,6584,7154,7626,7804,7840,8703,
538;0;3621;3718;0;92,95,144,189,225,267,289,291,303,305,310,312,313,314,398,438,640,765,773,1171,1210,1274,1293,1322,1478,1481,1744,1752,1753,1754,1768,2090,2107,2153,2244,2318,2635,2653,2774,2778,2849,3126,3178,3232,3263,3538,3587,3588,3589,3590,3591,3592,3593,3594,3595,3596,3597,3665,3673,4093,4600,4608,5088,5153,5155,5525,5722,5874,5875,5984,5992,6225,6449,6468,6584,7154,7626,7804,7840,8703,
535;0;3718;3812;0;92,95,144,189,225,267,289,291,303,305,310,312,313,314,398,438,640,765,773,1171,1210,1274,1293,1322,1478,1481,1744,1752,1753,1754,1768,2090,2107,2153,2244,2318,2635,2653,2774,2778,2849,3126,3178,3232,3263,3538,3587,3588,3589,3590,3591,3592,3593,3594,3595,3596,3597,3665,3673,4093,4600,4608,5088,5153,5155,5525,5722,5874,5875,5984,5992,6225,6449,6468,6584,7154,7626,7804,7840,8703,
113;0;3812;3893;0;92,95,144,189,225,267,289,291,303,305,310,312,313,314,398,438,640,765,773,1171,1210,1274,1293,1322,1478,1481,1744,1752,1753,1754,1768,2090,2107,2153,2244,2318,2635,2653,2774,2778,2849,3126,3178,3232,3263,3538,3587,3588,3589,3590,3591,3592,3593,3594,3595,3596,3597,3665,3673,4093,4600,4608,5088,5153,5155,5525,5722,5874,5875,5984,5992,6225,6449,6468,6584,7154,7626,7804,7840,8703,
113;1;3893;3904;0;92,95,144,189,225,267,289,291,303,305,310,312,313,314,398,438,640,765,773,1171,1210,1274,1293,1322,1478,1481,1744,1752,1753,1754,1768,2090,2107,2153,2244,2318,2635,2653,2774,2778,2849,3126,3178,3232,3263,3538,3587,3588,3589,3590,3591,3592,3593,3594,3595,3596,3597,3665,3673,4093,4600,4608,5088,5153,5155,5525,5722,5874,5875,5984,5992,6225,6449,6468,6584,7154,7626,7804,7840,8703,
131;0;4320;4364;0;95,144,152,165,189,225,267,289,291,303,305,310,312,313,314,398,438,536,598,602,640,722,765,875,1171,1279,1322,1341,1478,1481,1778,1796,2074,2107,2148,2151,2153,2172,2244,2315,2352,2635,2653,2774,2778,2849,2873,2934,2968,3409,3802,3805,4060,4078,4093,4207,4600,4864,4865,4866,4867,4868,4869,4870,4871,4872,4873,4874,4875,4876,4877,4878,4879,4880,5153,5155,5525,5722,6225,6449,
131;1;4364;4403;0;95,144,149,152,165,189,225,262,267,289,291,303,305,310,312,313,314,398,438,536,598,602,640,722,765,875,1054,1171,1279,1322,1341,1478,1481,1604,1670,1778,1796,1811,2074,2107,2148,2151,2153,2172,2244,2315,2352,2635,2653,2774,2778,2849,2873,2934,2968,3409,3802,3805,4060,4078,4093,4207,4600,4864,4865,4866,4867,4868,4869,4870,4871,4872,4873,5153,5155,5525,5722,6225,6449,8261,
662;0;4403;4469;0;95,144,149,152,165,189,225,262,267,289,291,303,305,310,312,313,314,398,438,536,598,602,640,722,765,875,1054,1171,1279,1322,1341,1478,1481,1604,1670,1778,1796,1811,2074,2107,2148,2151,2153,2172,2244,2315,2338,2352,2635,2653,2774,2778,2849,2873,2934,2968,3409,3802,3805,4060,4359,4600,5153,5155,5525,5722,6225,6449,8559,8644,9032,9033,9041,9134,9159,9160,9161,9162,9163,9164,
620;0;4469;4522;0;95,97,139,144,149,152,165,189,225,262,267,277,289,291,295,303,305,310,312,313,314,398,438,536,598,602,640,722,765,875,1054,1118,1171,1279,1322,1341,1478,1481,1604,1670,1778,1796,1811,2074,2107,2148,2151,2153,2172,2244,2315,2338,2352,2462,2635,2653,2774,2778,2849,2873,2934,2968,3409,3802,3805,4060,4359,4600,5144,5153,5154,5155,5525,5722,6225,6449,8559,8644,9032,9033,
670;0;4522;4567;0;95,97,139,144,149,152,165,189,225,262,267,277,289,291,295,303,305,310,312,313,314,398,438,536,598,602,640,722,765,875,1054,1118,1171,1279,1322,1341,1478,1481,1604,1670,1778,1796,1811,2074,2107,2148,2151,2153,2172,2244,2315,2338,2352,2462,2635,2653,2774,2778,2849,2873,2934,2968,3409,3802,3805,4060,4359,4600,5144,5153,5154,5155,5525,5722,6039,6040,6225,6449,8644,9032,
499;0;4567;4599;0;95,97,139,144,149,152,165,189,225,262,267,277,289,291,295,303,305,310,312,313,314,397,398,400,438,536,598,602,640,722,765,875,1054,1118,1171,1279,1322,1341,1478,1481,1604,1670,1778,1796,1811,2074,2107,2148,2151,2153,2172,2244,2315,2338,2352,2462,2635,2653,2774,2778,2849,2873,2934,2968,3409,3802,3805,4060,4359,4600,5144,5153,5154,5155,5525,5722,6225,6449,8644,9032,
660;0;4599;4628;0;95,97,139,144,149,152,165,189,225,262,267,277,289,291,295,303,305,310,312,313,314,397,398,400,438,536,598,602,640,722,765,875,1054,1118,1279,1322,1478,1481,1670,1811,2074,2148,2151,2153,2172,2315,2635,2653,2774,2778,2873,2968,4600,5525,5722,6225,6449,8644,9032,9222,9223,9224,9225,9229,9230,9231,9233,9234,9235,9236,9241,9243,9244,9250,9251,9252,9253,9254,9255,9256,
71;0;4628;4672;1;95,97,139,144,145,149,152,165,189,225,262,267,277,288,289,291,295,303,305,310,312,313,314,397,398,400,438,536,598,602,640,722,765,875,1054,1118,1279,1322,1401,1474,1478,1481,1670,1811,2074,2148,2151,2153,2172,2315,2355,2635,2653,2774,2778,2873,2968,4600,5525,5619,5722,6174,6225,6449,8644,9032,9222,9223,9224,9225,9229,9230,9231,9233,9234,9235,9236,9241,9243,9244,
71;1;4672;4713;1;24,95,97,139,144,145,149,152,165,189,225,247,262,267,277,288,289,291,295,303,305,310,312,313,314,397,398,400,438,536,598,602,640,722,734,753,765,875,1054,1118,1273,1279,1297,1322,1332,1401,1474,1478,1481,1651,1670,1811,2074,2148,2149,2150,2151,2152,2153,2172,2315,2355,2635,2653,2774,2778,2873,2968,4600,5525,5619,5722,6174,6225,6449,8644,9032,9222,9223,9224,
526;0;4713;4802;1;24,95,97,139,144,145,149,152,165,189,225,247,262,267,277,288,289,291,295,303,305,310,312,313,314,397,398,400,438,536,598,602,640,694,715,722,734,753,765,875,1054,1118,1273,1279,1297,1322,1332,1401,1445,1474,1478,1481,1651,1670,1811,2074,2148,2149,2150,2172,2315,2625,2635,2653,2774,2778,2873,2968,4376,4600,5525,5722,6025,6114,6225,6449,6512,6513,8644,9032,
502;0;4802;4900;1;24,54,60,95,97,113,139,144,145,149,152,165,189,225,247,262,267,277,280,288,289,291,295,303,305,310,312,313,314,397,398,400,438,501,510,536,598,602,640,659,694,715,722,734,753,765,875,1118,1273,1279,1322,1401,1474,1478,1481,1670,1811,2074,2150,2172,2315,2653,2774,2778,2870,2873,2924,2968,3414,4135,4313,4316,4318,4376,4600,5496,5525,6225,8644,9032,
119;0;4900;4997;1;24,54,60,95,97,113,139,144,145,149,152,165,189,225,247,262,267,277,280,288,289,291,295,303,305,310,312,313,314,397,398,400,438,501,510,536,598,602,640,659,694,715,722,734,753,765,875,1118,1273,1279,1322,1401,1474,1478,1481,1670,1811,2074,2150,2172,2315,2653,2774,2778,2870,2873,2924,2968,3414,4135,4376,4600,5525,5539,6225,8551,8552,8644,9032,9097,
119;1;4997;5001;1;24,54,60,95,97,113,139,144,145,149,152,165,189,225,247,262,267,277,280,288,289,291,295,303,305,310,312,313,314,397,398,400,438,501,510,536,598,602,640,659,694,715,722,734,753,765,875,1118,1273,1279,1322,1401,1474,1478,1481,1670,1811,2074,2150,2172,2315,2653,2774,2778,2870,2873,2968,3414,3473,4376,4600,5525,6225,8264,8265,8266,8267,8268,8269,8270,
656;0;5001;5104;1;27,100,144,210,245,255,262,277,289,292,314,491,677,692,760,773,818,863,995,1089,1201,1275,1529,1558,2074,2091,2106,2200,2405,2537,2546,2627,2645,2657,2678,2692,2695,2774,2775,2777,2778,2803,2812,2903,2962,2986,3263,3609,3640,3774,3865,4376,4567,4600,4603,4604,4605,4606,4607,4608,4609,4610,4611,4612,4613,4614,4615,4616,4617,4618,5402,5484,5485,5537,6235,6486,7804,7805,8190,9194,
133;0;5104;5143;1;27,100,144,210,245,255,262,277,289,292,314,491,677,692,760,773,818,863,995,1089,1201,1275,1529,1558,2074,2091,2106,2200,2405,2537,2546,2627,2645,2657,2678,2692,2695,2774,2775,2777,2778,2803,2812,2903,2962,2986,3263,3609,3640,3774,3865,4376,4567,4600,4603,4604,4605,4606,4607,4608,4609,4610,4611,4612,4613,4614,4615,4616,4617,4618,5402,5484,5485,5537,6235,6486,7804,7805,8190,9194,
133;1;5143;5209;1;27,100,144,210,245,255,262,277,289,292,314,491,677,692,760,773,818,863,995,1089,1201,1275,1529,1558,2074,2091,2106,2200,2405,2537,2546,2627,2645,2657,2678,2692,2695,2774,2775,2777,2778,2803,2812,2903,2962,2986,3263,3609,3640,3774,3865,4376,4567,4600,4603,4604,4605,4606,4607,4608,4609,4610,4611,4612,4613,4614,4615,4616,4617,4618,5402,5484,5485,5537,6235,6486,7804,7805,8190,9194,
548;0;5209;5315;1;27,100,144,210,245,255,262,277,289,292,314,491,677,692,760,773,818,863,995,1089,1201,1275,1529,1558,2074,2091,2106,2200,2405,2537,2546,2627,2645,2657,2678,2692,2695,2774,2775,2777,2778,2803,2812,2903,2962,2986,3263,3609,3640,3774,3865,4376,4567,4600,4603,4604,4605,4606,4607,4608,4609,4610,4611,4612,4613,4614,4615,4616,4617,4618,5402,5484,5485,5537,6235,6486,7804,7805,8190,9194,
586;0;5315;5426;1;27,100,144,210,245,255,262,277,289,292,314,491,677,692,760,773,818,863,995,1089,1201,1275,1529,1558,2074,2091,2106,2200,2405,2537,2546,2627,2645,2657,2678,2692,2695,2774,2775,2777,2778,2803,2812,2903,2962,2986,3263,3609,3640,3774,3865,4376,4567,4600,4603,4604,4605,4606,4607,4608,4609,4610,4611,4612,4613,4614,4615,4616,4617,4618,5402,5484,5485,5537,6235,6486,7804,7805,8190,9194,
652;0;5760;5872;1;1,27,100,136,137,144,210,245,255,262,277,289,292,314,491,647,677,692,760,773,818,863,995,1089,1093,1201,1275,1361,1397,1481,1529,1558,1807,2053,2074,2091,2106,2109,2200,2405,2537,2546,2627,2645,2657,2678,2692,2695,2774,2775,2777,2778,2803,2812,2903,2962,2986,3263,3278,3609,3640,3774,3865,4376,4567,4600,4603,4604,4605,4606,4607,4611,4612,4613,4617,4677,6517,6518,6519,6520,
627;0;5872;5986;1;1,27,100,136,137,144,210,245,255,262,277,289,292,314,490,491,557,647,677,692,760,773,818,863,995,1089,1093,1201,1275,1361,1397,1481,1529,1558,1807,2053,2074,2091,2106,2109,2200,2405,2537,2546,2627,2645,2657,2678,2692,2695,2774,2775,2777,2778,2803,2812,2903,2962,2986,3263,3278,3609,3640,3774,3831,3865,4376,4567,4600,4603,4604,4605,4606,4607,4611,4612,4613,4617,4677,6517,
503;0;5986;6103;1;1,27,100,136,137,144,210,240,245,255,262,277,288,289,291,292,314,329,351,382,429,490,491,557,647,677,692,760,773,818,863,891,995,1089,1093,1118,1201,1480,1481,1529,1558,1671,1811,1814,1944,2053,2074,2109,2132,2200,2405,2492,2496,2678,2778,2824,2986,3263,3278,3391,3580,3609,3774,4603,4604,4611,4612,4613,4617,4658,5377,5648,5654,5655,5656,5657,5658,5659,5660,5661,
213;0;6103;6144;1;1,8,27,100,136,137,142,144,210,240,243,245,255,262,277,288,289,291,292,314,329,342,351,382,390,402,429,490,491,557,643,644,647,677,692,760,773,818,863,891,995,1051,1057,1089,1093,1118,1201,1474,1475,1480,1481,1529,1558,1671,1811,1814,1933,1944,2053,2074,2109,2132,2200,2405,2678,2778,2986,3263,3278,3609,3774,4603,4604,4611,4612,4613,4617,4658,9216,9217,
213;1;6144;6221;1;1,8,27,100,135,136,137,142,144,149,210,225,240,243,245,255,262,277,288,289,291,292,314,321,329,342,351,382,390,402,429,490,491,557,643,644,647,677,692,760,773,818,863,891,995,1051,1057,1093,1118,1134,1201,1475,1478,1480,1481,1529,1558,1671,1816,1944,2053,2074,2109,2200,2405,2678,2778,2986,3263,3278,3609,3774,4033,4603,4604,4611,4612,4613,4617,4658,
31;0;6221;6241;1;1,8,27,100,135,136,137,142,144,149,210,225,240,243,245,255,262,277,288,289,291,292,314,321,329,342,351,382,390,402,429,490,644,647,677,863,891,1057,1093,1118,1134,1201,1475,1478,1480,1481,1529,1558,1671,1944,2053,2074,2109,2200,2405,2678,2778,2986,3263,3278,3311,3475,3498,3609,3664,3672,3681,3683,3685,3724,3725,3774,4033,4603,4604,4611,4612,4613,4617,4658,
31;1;6241;6342;1;1,8,27,100,137,138,144,149,225,262,277,288,314,321,329,342,382,390,395,402,429,591,640,644,647,677,766,836,854,855,863,891,927,949,1057,1093,1118,1134,1147,1201,1475,1478,1480,1481,1529,1661,1662,1663,1664,1665,1666,1667,1668,1669,1670,1671,1672,1673,1674,1944,2053,2074,2109,2200,2405,2678,2778,2986,3263,3278,3609,3774,4033,4603,4604,4611,4612,4613,4617,4658,
75;0;6342;6374;1;8,27,100,137,138,144,149,225,262,277,288,314,321,382,390,395,402,429,591,640,644,647,677,766,836,854,855,863,891,927,949,1057,1093,1118,1121,1134,1147,1201,1364,1478,1480,1481,1501,1529,1661,1664,1667,1668,1670,1671,1673,1674,1944,2053,2074,2200,2405,2428,2596,2678,2778,2986,3037,3108,3257,3258,3259,3260,3261,3263,3609,3774,4033,4603,4604,4611,4612,4613,4617,4658,
75;1;6374;6466;1;8,26,27,100,138,144,149,225,262,277,288,321,382,390,395,402,429,528,591,640,644,647,677,766,836,854,855,863,927,949,1057,1093,1118,1134,1147,1201,1268,1277,1279,1288,1293,1294,1295,1322,1478,1480,1481,1529,1661,1664,1667,1668,1670,1671,1673,1674,1944,2053,2074,2080,2200,2315,2678,2778,2796,2986,3263,3609,3774,4603,4604,4611,4612,4613,4617,6957,7029,7071,7072,7073,
691;0;6466;6592;1;24,26,29,55,60,113,144,177,178,179,184,205,206,221,225,262,272,288,379,380,382,383,502,504,539,591,659,782,810,875,972,1032,1033,1034,1035,1036,1037,1038,1131,1133,1267,1268,1270,1282,1285,1287,1288,1289,1293,1294,1295,1480,1549,1587,1605,1921,1999,2053,2150,2157,2172,2198,2199,2200,2201,2202,2239,2240,2796,2861,2873,3345,3349,3720,3721,3753,3855,7009,8354,8948,
487;0;6592;6722;1;24,26,29,55,60,113,144,177,178,179,184,205,206,221,225,262,272,288,379,380,382,383,502,504,539,591,659,782,810,875,972,1032,1033,1034,1035,1036,1037,1038,1131,1133,1267,1268,1270,1282,1285,1287,1288,1289,1293,1294,1295,1480,1549,1587,1605,1921,1999,2053,2150,2157,2172,2198,2199,2200,2201,2202,2239,2240,2796,2861,2873,3345,3349,3720,3721,3753,3855,7009,8354,8948,
116;0;6722;6845;1;24,26,29,55,60,113,144,177,178,179,184,205,206,221,225,262,272,288,379,380,382,383,502,504,539,591,659,782,810,875,972,1032,1033,1034,1035,1036,1037,1038,1131,1133,1267,1268,1270,1282,1285,1287,1288,1289,1293,1294,1295,1480,1549,1587,1605,1921,1999,2053,2150,2157,2172,2198,2199,2200,2201,2202,2239,2240,2796,2861,2873,3345,3349,3720,3721,3753,3855,7009,8354,8948,
116;1;6845;6857;1;24,26,29,55,60,113,144,177,178,179,184,205,206,221,225,262,272,288,379,380,382,383,502,504,539,591,659,782,810,875,972,1032,1033,1034,1035,1036,1037,1038,1131,1133,1267,1268,1270,1282,1285,1287,1288,1289,1293,1294,1295,1480,1549,1587,1605,1921,1999,2053,2150,2157,2172,2198,2199,2200,2201,2202,2239,2240,2796,2861,2873,3345,3349,3720,3721,3753,3855,7009,8354,8948,
689;0;6857;6995;1;24,26,29,55,60,113,144,177,178,179,184,205,206,221,225,262,272,288,379,380,382,383,502,504,539,591,659,782,810,875,972,1032,1033,1034,1035,1036,1037,1038,1131,1133,1267,1268,1270,1282,1285,1287,1288,1289,1293,1294,1295,1480,1549,1587,1605,1921,1999,2053,2150,2157,2172,2198,2199,2200,2201,2202,2239,2240,2796,2861,2873,3345,3349,3720,3721,3753,3855,7009,8354,8948,
36;0;6995;7041;1;24,26,29,55,60,113,144,177,178,179,184,205,206,221,225,262,272,288,379,380,382,383,502,504,539,591,659,782,810,875,972,1032,1033,1034,1035,1036,1037,1038,1131,1133,1267,1268,1270,1282,1285,1287,1288,1289,1293,1294,1295,1480,1549,1587,1605,1921,1999,2053,2150,2157,2172,2198,2199,2200,2201,2202,2239,2240,2796,2861,2873,3345,3349,3720,3721,3753,3855,7009,8354,8948,
36;1;7041;7136;1;24,26,29,55,60,113,144,177,178,179,184,205,206,221,225,262,272,288,379,380,382,383,502,504,539,591,659,782,810,875,972,1032,1033,1034,1035,1036,1037,1038,1131,1133,1267,1268,1270,1282,1285,1287,1288,1289,1293,1294,1295,1480,1549,1587,1605,1921,1999,2053,2150,2157,2172,2198,2199,2200,2201,2202,2239,2240,2796,2861,2873,3345,3349,3720,3721,3753,3855,7009,8354,8948,
510;0;7136;7287;1;24,26,29,55,60,113,144,177,178,179,184,205,206,221,225,262,272,288,379,380,382,383,502,504,539,591,659,782,810,875,972,1032,1033,1034,1035,1036,1037,1038,1131,1133,1267,1268,1270,1282,1285,1287,1288,1289,1293,1294,1295,1480,1549,1587,1605,1921,1999,2053,2150,2157,2172,2198,2199,2200,2201,2202,2239,2240,2796,2861,2873,3345,3349,3720,3721,3753,3855,7009,8354,8948,
673;0;7287;7447;1;24,26,29,55,60,113,144,177,178,179,184,205,206,221,225,262,272,288,379,380,382,383,502,504,539,591,659,782,810,875,972,1032,1033,1034,1035,1036,1037,1038,1131,1133,1267,1268,1270,1282,1285,1287,1288,1289,1293,1294,1295,1480,1549,1587,1605,1707,1921,1999,2053,2150,2157,2172,2198,2199,2200,2201,2202,2239,2240,2540,2796,2861,2873,3345,3346,3349,3414,3720,3721,3753,
39;0;7447;7521;1;24,26,29,55,60,113,144,177,178,179,184,205,206,221,225,248,262,272,288,379,380,382,383,502,504,529,539,591,659,782,810,875,972,1032,1033,1034,1035,1036,1037,1038,1131,1133,1267,1268,1270,1282,1285,1287,1288,1289,1293,1294,1295,1480,1549,1587,1605,1707,1793,1921,1999,2053,2150,2157,2172,2198,2199,2200,2201,2202,2239,2793,2794,2795,2796,2797,2798,2799,2800,2801,
39;1;7521;7617;1;24,26,29,55,60,113,144,145,177,178,179,184,205,206,221,225,233,241,248,262,272,277,288,321,379,380,382,383,397,404,429,434,502,504,529,539,591,659,782,810,855,875,927,949,972,1032,1033,1034,1035,1036,1037,1038,1131,1133,1267,1268,1270,1282,1285,1287,1288,1289,1293,1294,1295,1398,1473,1478,1480,1549,1587,1595,1605,1707,1793,1921,1999,2157,2198,5734,
485;0;7617;7789;1;24,26,29,55,60,113,144,145,177,178,179,184,205,206,221,225,233,241,248,262,272,277,288,321,379,380,382,383,397,404,429,434,502,504,529,539,591,644,659,765,782,810,855,875,927,949,972,1036,1201,1282,1287,1288,1293,1294,1473,1478,1539,1587,1837,2157,2198,2628,2778,3263,4603,4604,4612,4613,4617,4761,5229,5270,5406,5873,6749,6750,6751,6752,6753,6754,
129;0;7789;7828;1;24,26,29,55,60,100,113,144,145,177,178,179,184,205,206,221,225,233,241,248,262,272,277,288,321,379,380,382,383,397,404,429,434,502,504,529,539,591,609,644,659,666,715,765,782,810,855,862,875,949,1036,1201,1282,1287,1288,1293,1294,1346,1365,1473,1478,1481,1587,1599,2157,2198,2339,2475,2678,2689,4645,5525,5530,5538,5637,5869,6311,6314,6322,7871,
129;1;7828;7964;1;4,8,95,100,138,139,144,241,262,297,321,343,390,391,395,400,402,404,591,640,677,694,715,766,836,849,854,863,948,949,1118,1146,1147,1163,1172,1401,1453,1469,1472,1481,1502,1599,1661,1664,1667,1668,1670,1671,1673,1674,1801,1944,1972,1973,1974,1975,1976,1977,1978,2104,2223,2678,2683,2716,5392,5530,5588,5637,5650,5795,5868,5911,6225,7295,7296,7297,7299,7943,8777,8778,
9;0;7964;8077;1;4,8,95,100,138,139,144,241,262,297,321,343,390,391,395,400,402,404,591,640,677,694,715,766,836,849,854,863,948,949,1118,1146,1147,1163,1172,1401,1453,1469,1472,1481,1502,1599,1661,1664,1667,1668,1670,1671,1673,1674,1801,1944,1972,1973,1974,1975,1976,1977,1978,2104,2223,2678,2683,2716,5392,5530,5588,5637,5650,5795,5868,5911,6225,7295,7296,7297,7299,7943,8777,8778,
9;1;8077;8146;1;4,8,95,100,138,139,144,241,262,297,321,343,390,391,395,400,402,404,591,640,677,694,715,766,836,849,854,863,948,949,1118,1146,1147,1163,1172,1401,1453,1469,1472,1481,1502,1599,1661,1664,1667,1668,1670,1671,1673,1674,1801,1944,1972,1973,1974,1975,1976,1977,1978,2104,2223,2678,2683,2716,5392,5530,5588,5637,5650,5795,5868,5911,6225,7295,7296,7297,7299,7943,8777,8778,
Machine: 5
597;0;0;9;1;5,17,61,95,202,245,247,390,393,394,395,396,479,504,714,757,838,1050,1051,1057,1143,1145,1177,1232,1293,1339,1358,1360,1362,1463,1466,1558,1604,1751,1811,1814,2073,2105,2413,2836,2868,2876,2914,2915,2941,2942,3072,3589,3590,3703,3908,4043,4119,4283,4736,5611,5613,5626,5803,6092,6136,6145,7009,8229,8230,8231,8232,8233,8234,8235,8236,8237,8354,8536,8537,8538,8539,8540,8541,8542,
221;0;9;178;0;5,17,61,95,202,245,247,390,393,394,395,396,479,504,714,757,838,1050,1051,1057,1143,1145,1177,1232,1293,1339,1358,1360,1362,1463,1466,1558,1604,1751,1811,1814,2073,2105,2413,2836,2868,2876,2914,2915,2941,2942,3072,3589,3590,3703,3908,4043,4119,4283,4736,5611,5613,5626,5803,6092,6136,6145,7009,8229,8230,8231,8232,8233,8234,8235,8236,8237,8354,8536,8537,8538,8539,8540,8541,8542,
221;1;178;326;0;5,17,61,95,202,245,247,390,393,394,395,396,479,504,714,757,838,1050,1051,1057,1143,1145,1177,1232,1293,1339,1358,1360,1362,1463,1466,1558,1604,1751,1811,1814,2073,2105,2413,2836,2868,2876,2914,2915,2941,2942,3072,3589,3590,3703,3908,4043,4119,4283,4736,5611,5613,5626,5803,6092,6136,6145,7009,8229,8230,8231,8232,8233,8234,8235,8236,8237,8354,8536,8537,8538,8539,8540,8541,8542,
42;0;326;482;0;5,17,61,95,202,245,247,390,393,394,395,396,479,504,714,757,838,1050,1051,1057,1143,1145,1177,1232,1293,1339,1358,1360,1362,1463,1466,1558,1604,1751,1811,1814,2073,2105,2413,2836,2868,2876,2914,2915,2941,2942,3072,3589,3590,3703,3908,4043,4119,4283,4736,5611,5613,5626,5803,6092,6136,6145,7009,8229,8230,8231,8232,8233,8234,8235,8236,8237,8354,8536,8537,8538,8539,8540,8541,8542,
42;1;482;612;0;5,17,61,95,202,245,247,390,393,394,395,396,479,504,714,757,838,1050,1051,1057,1143,1145,1177,1232,1293,1339,1358,1360,1362,1463,1466,1558,1604,1751,1811,1814,2073,2105,2413,2836,2868,2876,2914,2915,2941,2942,3072,3589,3590,3703,3908,4043,4119,4283,4736,5611,5613,5626,5803,6092,6136,6145,7009,8229,8230,8231,8232,8233,8234,8235,8236,8237,8354,8536,8537,8538,8539,8540,8541,8542,
4;0;612;773;0;5,17,61,95,202,245,247,390,393,394,395,396,479,504,714,757,838,1050,1051,1057,1143,1145,1177,1232,1293,1339,1358,1360,1362,1463,1466,1558,1604,1751,1811,1814,2073,2105,2413,2836,2868,2876,2914,2915,2941,2942,3072,3589,3590,3703,3908,4043,4119,4283,4736,5611,5613,5626,5803,6092,6136,6145,7009,8229,8230,8231,8232,8233,8234,8235,8236,8237,8354,8536,8537,8538,8539,8540,8541,8542,
4;1;773;862;0;5,17,61,95,202,245,247,390,393,394,395,396,479,504,714,757,838,1050,1051,1057,1143,1145,1177,1232,1293,1339,1358,1360,1362,1463,1466,1558,1604,1751,1811,1814,2073,2105,2413,2836,2868,2876,2914,2915,2941,2942,3072,3589,3590,3703,3908,4043,4119,4283,4736,5611,5613,5626,5803,6092,6136,6145,7009,8229,8230,8231,8232,8233,8234,8235,8236,8237,8354,8536,8537,8538,8539,8540,8541,8542,
74;0;1440;1552;0;5,9,17,61,93,95,137,148,149,202,245,247,288,382,383,390,393,394,395,396,404,479,504,714,757,838,854,890,949,1030,1050,1051,1057,1143,1145,1146,1149,1171,1177,1231,1232,1293,1339,1358,1360,1361,1362,1463,1505,1506,1604,1668,1669,1758,1761,1799,1811,1814,2106,2359,2413,2717,2822,2876,2914,2941,3263,3435,3523,3703,4043,5223,5700,6198,6525,6526,6527,6528,7009,8354,
74;1;1552;1683;0;5,9,17,61,93,95,137,139,144,148,149,182,202,245,247,288,301,322,382,383,390,391,393,394,395,396,404,429,479,647,775,838,854,855,948,949,1050,1051,1118,1143,1145,1146,1149,1163,1236,1293,1358,1361,1463,1484,1604,1668,1669,1675,1799,1811,1814,2106,2223,2359,2394,2413,2816,2822,2876,2892,2910,2914,2941,3263,3435,3703,4094,4821,5155,5432,5706,5739,7009,8354,
181;0;1683;1815;0;5,9,17,61,93,95,137,139,144,148,149,182,202,245,247,288,301,322,382,383,390,391,393,394,395,396,404,429,479,647,775,838,854,855,948,949,1050,1051,1118,1143,1145,1146,1149,1163,1236,1293,1358,1361,1463,1484,1604,1668,1669,1675,1799,1811,1814,2106,2223,2359,2394,2413,2816,2822,2876,2892,2910,2914,2941,3263,3435,3703,4094,4821,5155,5739,7009,8354,8468,8469,
181;1;1815;1893;0;5,9,24,27,38,61,72,93,95,137,139,144,148,149,189,202,245,280,288,301,382,390,391,394,395,396,404,429,491,647,775,838,854,855,948,949,1050,1051,1089,1118,1143,1145,1146,1149,1236,1293,1358,1361,1463,1484,1604,1668,1669,1675,1799,1811,1814,1936,2106,2223,2359,2413,2816,2822,2876,2892,2914,2941,3263,3435,3703,3888,4094,5056,5057,5058,5155,5739,7009,8354,
199;0;1893;2049;0;5,24,27,61,93,95,137,139,144,148,149,189,202,245,288,301,382,390,391,394,395,396,404,429,647,775,838,854,855,864,948,949,1050,1051,1089,1118,1143,1145,1146,1149,1236,1293,1358,1361,1463,1484,1509,1604,1668,1669,1675,1799,1811,1814,1895,1936,2106,2223,2315,2359,2413,2518,2816,2822,2876,2892,2914,2941,3263,3435,3703,3888,3891,4094,4514,5058,5155,5739,7009,8354,
199;1;2049;2093;0;24,26,27,61,63,93,95,137,139,144,148,149,189,202,245,288,301,382,390,391,394,395,396,404,429,647,775,838,854,855,948,949,1050,1051,1089,1118,1143,1145,1146,1149,1236,1266,1270,1275,1277,1287,1288,1293,1358,1361,1463,1484,1604,1668,1669,1675,1799,1811,1814,1936,2106,2223,2359,2816,2822,2876,2892,2914,2941,3263,3435,3703,3888,3891,4094,5058,5155,5739,7009,8354,
138;0;2093;2123;0;3,24,26,27,61,93,95,100,137,139,144,148,149,189,202,225,245,288,301,390,391,395,396,404,429,647,775,838,854,855,948,949,1050,1051,1089,1118,1143,1145,1146,1149,1236,1266,1270,1277,1287,1288,1293,1358,1361,1463,1484,1604,1668,1669,1675,1809,1814,1936,2106,2223,2359,2822,2876,2892,2914,2941,3263,3435,3703,3888,3891,4094,4553,5058,5155,5685,5739,7009,8057,8354,
138;1;2123;2285;0;24,95,117,137,144,225,291,292,329,377,765,784,813,891,1148,1201,1293,1488,1540,1604,1630,1674,1675,1915,1922,2091,2106,2133,2174,2198,2223,2407,2419,2544,2570,2611,2642,2677,2678,2679,2689,2696,2774,2775,2777,2778,2803,2804,2808,2892,3013,3015,3263,3269,3447,3598,3797,4210,4227,4373,4428,4439,4459,4460,4478,4479,4480,4481,4773,5052,5091,5217,5218,5499,6390,6391,6392,6767,8354,9158,
128;0;2285;2337;0;24,95,117,137,144,225,291,292,329,377,765,784,813,891,1148,1201,1293,1488,1540,1604,1630,1674,1675,1915,1922,2091,2106,2133,2174,2198,2223,2407,2419,2544,2570,2611,2642,2677,2678,2679,2689,2696,2774,2775,2777,2778,2803,2804,2808,2892,3013,3015,3263,3269,3447,3598,3797,4210,4227,4373,4428,4439,4459,4460,4478,4479,4480,4481,4773,5052,5091,5217,5218,5499,6390,6391,6392,6767,8354,9158,
128;1;2337;2468;0;24,95,117,137,144,225,291,292,329,377,765,784,813,891,1148,1201,1293,1488,1540,1604,1630,1674,1675,1915,1922,2091,2106,2133,2174,2198,2223,2407,2419,2544,2570,2611,2642,2677,2678,2679,2689,2696,2774,2775,2777,2778,2803,2804,2808,2892,3013,3015,3263,3269,3447,3598,3797,4210,4227,4373,4428,4439,4459,4460,4478,4479,4480,4481,4773,5052,5091,5217,5218,5499,6390,6391,6392,6767,8354,9158,
579;0;2468;2640;0;24,95,117,137,144,225,291,292,329,377,765,784,813,891,1148,1201,1293,1488,1540,1604,1630,1674,1675,1915,1922,2091,2106,2133,2174,2198,2223,2407,2419,2544,2570,2611,2642,2677,2678,2679,2689,2696,2774,2775,2777,2778,2803,2804,2808,2892,3013,3015,3263,3269,3447,3598,3797,4210,4227,4373,4428,4439,4459,4460,4478,4479,4480,4481,4773,5052,5091,5217,5218,5499,6390,6391,6392,6767,8354,9158,
593;0;2640;2790;0;24,95,117,137,144,225,291,292,329,377,765,784,813,891,1148,1201,1293,1488,1540,1604,1630,1674,1675,1915,1922,2091,2106,2133,2174,2198,2223,2407,2419,2544,2570,2611,2642,2677,2678,2679,2689,2696,2774,2775,2777,2778,2803,2804,2808,2892,3013,3015,3263,3269,3447,3598,3797,4210,4227,4373,4428,4439,4459,4460,4478,4479,4480,4481,4773,5052,5091,5217,5218,5499,6390,6391,6392,6767,8354,9158,
679;0;2790;2911;0;24,95,117,137,144,225,291,292,329,377,765,784,813,891,1148,1201,1293,1488,1540,1604,1630,1674,1675,1915,1922,2091,2106,2133,2174,2198,2223,2407,2419,2544,2570,2611,2642,2677,2678,2679,2689,2696,2774,2775,2777,2778,2803,2804,2808,2892,3013,3015,3263,3269,3447,3598,3797,4210,4227,4373,4428,4439,4459,4460,4478,4479,4480,4481,4773,5052,5091,5217,5218,5499,6390,6391,6392,6767,8354,9158,
598;0;2911;3030;0;24,95,117,137,139,144,179,225,291,292,314,329,377,442,765,784,813,891,1145,1148,1201,1293,1484,1488,1540,1604,1630,1674,1675,1915,1922,1941,2091,2106,2133,2174,2198,2223,2407,2419,2436,2465,2544,2570,2611,2642,2677,2678,2679,2689,2696,2774,2775,2777,2778,2803,2804,2808,2892,3013,3015,3263,3269,3337,3338,3339,3340,3447,3598,3797,4210,4227,4373,4428,4439,4459,4773,5091,5499,8354,
608;0;3030;3141;0;24,95,117,137,139,144,179,225,275,291,292,314,329,377,391,429,442,765,775,784,813,891,948,1145,1146,1148,1201,1236,1293,1484,1488,1540,1604,1630,1674,1675,1915,1922,1941,1973,2091,2106,2133,2174,2198,2223,2407,2419,2436,2465,2544,2570,2611,2642,2677,2678,2679,2689,2696,2774,2775,2777,2778,2803,2804,2808,2951,3263,3269,3284,3447,3797,4094,4773,5091,5155,5499,5739,6457,8354,
6;0;3141;3175;0;15,24,54,60,95,117,137,139,144,179,225,275,291,292,314,329,377,391,429,442,765,775,784,813,871,891,948,1145,1146,1148,1201,1236,1293,1484,1488,1540,1604,1630,1674,1675,1915,1922,1941,1973,2062,2063,2091,2106,2133,2174,2198,2223,2407,2419,2436,2465,2544,2570,2678,2679,2774,2775,2777,2778,3263,3269,3345,3346,3447,3797,4313,4314,4315,4316,4317,4318,4773,5091,5499,8354,
6;1;3175;3244;0;15,24,54,60,95,117,137,139,144,179,189,205,225,246,275,291,292,314,329,377,391,429,442,568,752,765,891,948,979,1089,1145,1146,1196,1201,1236,1242,1293,1484,1598,1604,1674,1915,1922,1973,1999,2065,2086,2091,2133,2407,2419,2678,2679,2774,2775,2777,2778,3263,3269,3345,3396,3404,3447,3797,3855,3880,3881,3882,3883,3884,3885,3886,3887,3888,3889,3890,4773,5091,5499,8354,
564;0;3244;3331;0;15,24,54,60,95,117,137,139,144,179,189,205,225,246,275,291,292,314,329,377,391,429,442,568,752,765,891,948,979,1089,1145,1146,1196,1201,1236,1242,1293,1484,1598,1604,1674,1915,1922,1973,1999,2065,2086,2091,2133,2407,2419,2678,2679,2774,2775,2777,2778,3263,3269,3345,3396,3404,3447,3472,3473,3797,3855,3880,3881,3882,3883,3884,3885,4773,5091,5499,5952,6042,6043,8354,
638;0;3331;3377;0;15,24,54,60,95,117,137,139,144,177,179,189,205,225,246,269,275,291,292,314,329,377,391,396,429,442,568,752,765,891,948,979,1089,1145,1146,1196,1201,1236,1242,1293,1473,1481,1484,1538,1604,1674,1915,1922,1973,1999,2091,2133,2407,2419,2678,2679,2774,2775,2777,2778,3263,3269,3345,3447,3797,4545,4773,4956,4957,4958,4959,4960,4961,4962,4963,5091,5274,5499,7332,8354,
558;0;3377;3419;0;15,24,40,55,79,95,117,137,139,144,165,170,177,189,205,221,225,269,275,291,292,329,377,391,396,412,429,765,891,948,979,1145,1146,1196,1201,1236,1293,1473,1481,1484,1538,1604,1674,1915,1922,1935,1973,1999,2091,2133,2407,2419,2678,2679,2774,2775,2777,2778,2941,3263,3269,3345,3348,3447,3797,3891,4106,4545,4773,4956,4957,4958,4959,4960,4961,4962,4963,5091,5499,8354,
478;0;3419;3434;1;15,24,55,95,117,137,139,144,177,185,189,202,205,206,221,225,269,275,291,292,329,377,391,396,429,660,765,791,868,891,948,964,979,1011,1145,1146,1196,1201,1236,1293,1463,1473,1481,1484,1538,1604,1915,1922,1973,1999,2091,2133,2407,2419,2678,2679,2774,2775,2777,2778,2941,2966,3263,3264,3269,3447,3797,4545,4773,4956,4957,4958,4959,4960,4961,4962,4963,5091,5499,8354,
604;0;3434;3453;1;15,24,55,95,117,137,139,144,177,185,189,202,205,206,221,225,269,275,291,292,329,377,391,396,429,518,660,765,791,868,891,948,964,979,1145,1146,1196,1201,1236,1293,1473,1481,1484,1538,1604,1915,1922,1973,1999,2091,2133,2168,2407,2419,2678,2679,2774,2775,2777,2778,2941,3263,3269,3414,3447,3797,4545,4773,4956,4957,4958,4959,4960,4961,4962,4963,5091,5499,6705,8354,
693;0;3453;3478;1;15,24,55,95,117,137,139,144,177,189,202,225,269,275,291,292,329,340,377,391,396,429,765,851,891,948,1145,1146,1196,1201,1236,1293,1473,1481,1484,1538,1915,1922,1973,1999,2091,2133,2407,2419,2678,2679,2774,2775,2777,2778,2891,2941,3263,3269,3447,3745,3797,4545,4773,4956,4957,4958,4959,4960,4961,4962,4963,5091,5499,8134,8137,8190,8197,8198,8199,8200,8203,8204,8205,8354,
682;0;3478;3507;1;15,24,55,95,117,137,139,144,177,189,202,225,269,275,291,292,329,340,377,391,396,429,765,851,891,948,1145,1146,1196,1201,1236,1293,1473,1481,1484,1538,1915,1922,1973,1999,2091,2133,2407,2419,2678,2679,2774,2775,2777,2778,2891,2941,3263,3269,3447,3797,4545,4773,4956,4957,4958,4959,4960,4961,4962,4963,5091,5499,6093,8134,8137,8190,8197,8198,8199,8200,8203,8204,8205,8354,
635;0;3507;3539;1;15,24,55,95,117,137,139,144,177,189,202,225,269,275,291,292,329,377,391,396,429,765,948,1145,1146,1196,1201,1236,1293,1473,1481,1538,1915,1922,1973,1999,2028,2070,2091,2133,2407,2419,2678,2679,2774,2775,2777,2778,2941,3263,3269,3447,3797,3948,3949,3950,3951,4545,4773,4956,4957,4958,4959,4960,4961,4962,4963,5091,5499,8134,8137,8190,8197,8198,8199,8200,8203,8204,8205,8354,
190;0;3539;3543;1;24,95,117,137,139,144,177,189,225,269,275,291,292,295,329,377,391,396,429,765,948,1118,1133,1134,1145,1146,1236,1293,1361,1473,1478,1481,1538,1915,1916,1922,2053,2091,2133,2338,2407,2419,2678,2679,2774,2775,2777,2778,2941,3263,3269,3447,3630,3797,4545,4553,4754,4956,4957,4958,4959,4960,4961,4962,4963,4996,5011,5091,5338,6746,8134,8137,8190,8197,8198,8199,8200,8203,8204,8205,
190;1;3543;3575;1;24,95,117,137,139,144,177,189,225,269,275,291,292,295,329,377,391,396,429,765,948,1118,1133,1134,1145,1146,1236,1293,1361,1473,1478,1481,1538,1915,1916,1922,2053,2091,2133,2338,2407,2419,2678,2679,2774,2775,2777,2778,2941,3263,3269,3447,3630,3797,4545,4553,4754,4956,4957,4958,4959,4960,4961,4962,4963,4996,5011,5091,8134,8137,8143,8190,8194,8197,8198,8199,8200,8203,8204,8205,
601;0;3575;3625;1;1,8,61,141,142,144,188,225,230,241,251,269,275,288,291,292,329,390,402,429,682,1051,1146,1293,1294,1358,1363,1473,1478,1538,1676,1712,1801,1806,1809,1822,1868,1915,1916,1936,1945,2053,2054,2091,2133,2306,2338,2916,3255,3692,3693,3694,3695,3696,3697,4406,4535,4719,4792,4954,4955,4956,4957,4958,4959,4960,4961,8134,8135,8136,8137,8138,8139,8140,8141,8142,8143,8144,8145,8146,
630;0;3625;3677;1;1,8,61,141,142,144,188,225,230,241,251,269,275,288,291,292,329,390,402,429,682,1051,1146,1293,1294,1358,1363,1473,1478,1538,1676,1712,1801,1806,1809,1822,1868,1915,1916,1936,1945,2053,2054,2091,2133,2306,2338,2916,3255,3692,3693,3694,3695,3696,3697,4406,4535,4719,4792,4954,4955,4956,4957,4958,4959,4960,4961,8134,8135,8136,8137,8138,8139,8140,8141,8142,8143,8144,8145,8146,
607;0;3677;3732;1;1,8,61,141,142,144,188,225,230,241,251,269,275,288,291,292,329,390,402,429,682,1051,1146,1293,1294,1358,1363,1473,1478,1538,1676,1712,1801,1806,1809,1822,1868,1915,1916,1936,1945,2053,2054,2091,2133,2306,2338,2916,3255,3692,3693,3694,3695,3696,3697,4406,4535,4719,4792,4954,4955,4956,4957,4958,4959,4960,4961,8134,8135,8136,8137,8138,8139,8140,8141,8142,8143,8144,8145,8146,
142;0;3732;3774;1;1,8,61,141,142,144,188,225,230,241,251,269,275,288,291,292,329,390,402,429,682,1051,1146,1293,1294,1358,1363,1473,1478,1538,1676,1712,1801,1806,1809,1822,1868,1915,1916,1936,1945,2053,2054,2091,2133,2306,2338,2916,3255,3692,3693,3694,3695,3696,3697,4406,4535,4719,4792,4954,4955,4956,4957,4958,4959,4960,4961,8134,8135,8136,8137,8138,8139,8140,8141,8142,8143,8144,8145,8146,
142;1;3774;3794;1;1,8,61,141,142,144,188,225,230,241,251,269,275,288,291,292,329,390,402,429,682,1051,1146,1293,1294,1358,1363,1473,1478,1538,1676,1712,1801,1806,1809,1822,1868,1915,1916,1936,1945,2053,2054,2091,2133,2306,2338,2916,3255,3692,3693,3694,3695,3696,3697,4406,4535,4719,4792,4954,4955,4956,4957,4958,4959,4960,4961,8134,8135,8136,8137,8138,8139,8140,8141,8142,8143,8144,8145,8146,
663;0;4320;4386;1;1,8,61,141,142,144,188,225,230,241,251,269,275,288,291,292,329,390,402,429,430,644,682,1051,1146,1214,1293,1294,1358,1363,1473,1478,1538,1676,1712,1801,1806,1809,1822,1868,1915,1916,1936,1945,2053,2054,2091,2133,2306,2338,2628,2705,2709,2916,3255,3692,3693,3694,3695,3696,3697,4406,4535,4719,4792,4954,4955,4956,4957,4958,4959,4960,4961,7296,7308,7316,8134,8305,8801,8805,
501;0;4386;4454;1;1,8,61,141,142,144,188,225,230,241,251,269,275,288,291,292,329,390,402,404,429,430,432,443,644,682,1051,1093,1146,1214,1293,1294,1358,1363,1399,1472,1473,1474,1476,1478,1538,1676,1712,1801,1806,1809,1822,1868,1915,1916,1936,1945,2053,2054,2091,2133,2306,2338,2359,2628,2705,2709,2916,3255,3435,3692,3693,3694,3695,4535,4903,4956,4957,4958,4959,4960,4961,6181,6186,7296,
482;0;4454;4527;1;1,8,61,141,142,144,188,225,230,241,251,269,275,288,291,292,329,390,402,404,429,430,432,443,644,682,1051,1093,1146,1214,1293,1294,1358,1363,1399,1472,1473,1474,1476,1478,1538,1676,1712,1801,1806,1809,1822,1868,1915,1916,1936,1945,2053,2054,2091,2133,2306,2338,2359,2628,2705,2709,2916,3255,3435,3692,3693,3694,3695,4535,4903,4956,4957,4958,4959,4960,4961,6181,7296,7759,
497;0;4527;4602;1;1,8,61,141,142,144,188,225,230,241,251,269,275,288,291,292,329,390,402,404,429,430,432,443,576,644,682,1051,1093,1146,1214,1277,1293,1294,1358,1363,1399,1472,1473,1474,1476,1478,1538,1676,1712,1801,1806,1809,1822,1868,1915,1916,1936,1945,2053,2054,2091,2133,2306,2338,2359,2628,2705,2709,2916,3255,3435,3692,3693,3694,3695,4535,4664,4956,4957,4958,4959,4960,4961,7296,
661;0;4602;4678;1;61,144,145,225,226,233,234,241,267,268,269,273,275,277,284,285,286,287,288,289,290,291,292,301,329,429,430,609,612,827,1093,1099,1146,1172,1358,1473,1478,1519,1525,1538,1676,1734,1735,1915,1916,1918,2052,2053,2054,2091,2133,2337,2338,2573,3763,4426,4533,4956,4957,4958,4959,4960,4961,5185,5186,5187,5188,5189,5190,5191,5192,5193,5194,5195,5196,5197,5198,5199,5200,5201,
698;0;4678;4755;1;61,144,145,225,226,233,234,241,267,268,269,273,275,277,284,285,286,287,288,289,290,291,292,301,329,429,430,609,612,827,1093,1099,1146,1172,1358,1473,1478,1519,1525,1538,1676,1734,1735,1915,1916,1918,2052,2053,2054,2091,2133,2337,2338,2573,2943,3763,4426,4533,4956,4957,4958,4959,4960,4961,5185,5186,5187,5188,5189,5190,5191,5192,5193,5194,5195,5196,8559,9031,9032,9033,
657;0;4755;4835;1;61,136,144,145,149,225,226,233,234,241,262,267,268,269,273,275,277,284,285,286,287,288,289,290,291,292,301,321,329,429,430,609,612,827,1093,1099,1146,1172,1358,1473,1478,1519,1525,1538,1676,1734,1735,1915,1916,1918,1920,1922,2052,2053,2054,2091,2133,2224,2321,2337,2338,2573,2943,3278,3763,4426,4533,4553,4956,4957,4958,4959,4960,4961,5185,5186,5187,5191,6645,6971,
492;0;4835;4918;1;2,61,136,144,145,149,225,226,233,234,241,262,267,268,269,273,275,277,284,285,286,287,288,289,290,291,292,301,321,329,429,430,609,612,827,1093,1099,1146,1172,1358,1473,1478,1481,1519,1525,1538,1676,1734,1735,1915,1916,1918,1920,1922,2052,2053,2054,2091,2133,2224,2321,2337,2338,2573,2943,3278,3763,4426,4533,4553,4956,4957,4958,4959,4960,4961,5182,5185,5191,5206,
568;0;4918;5007;1;2,61,136,144,145,149,225,226,233,234,241,262,267,268,269,273,274,275,277,284,285,286,287,288,289,290,291,292,301,321,329,429,430,609,612,769,827,843,948,951,1072,1093,1099,1146,1172,1358,1473,1478,1481,1518,1519,1525,1538,1610,1676,1915,1916,1920,1922,2054,2091,2224,2337,2338,2398,2573,2588,2680,3278,4747,4956,4957,4958,4959,4960,4961,5191,5206,5531,5757,
53;0;5007;5048;1;24,61,87,95,137,144,149,189,225,245,249,262,267,269,274,291,329,343,440,529,640,765,769,838,843,1036,1070,1146,1282,1291,1359,1361,1372,1376,1473,1478,1521,1538,1676,1772,1773,1774,1922,2054,2258,2309,2407,2419,2530,2662,2774,2775,2778,3256,3329,3630,3703,3744,3753,4430,4545,4604,4639,4641,4739,4740,4741,4742,4743,4747,4956,4957,4958,4959,4960,4961,6129,6657,7408,8059,
53;1;5048;5099;1;24,61,87,95,137,144,149,189,225,245,249,262,267,269,274,291,329,343,440,529,640,765,769,838,843,1036,1070,1146,1282,1291,1359,1361,1372,1376,1473,1478,1521,1538,1676,1772,1773,1774,1922,2054,2258,2309,2407,2419,2530,2662,2774,2775,2778,3256,3329,3630,3703,3744,3753,4430,4545,4604,4639,4641,4739,4740,4741,4742,4743,4747,4956,4957,4958,4959,4960,4961,6129,6657,7408,8059,
496;0;5099;5195;1;24,61,87,95,137,144,149,189,225,245,249,262,267,269,274,291,329,343,440,529,640,765,769,838,843,1036,1070,1146,1282,1291,1359,1361,1372,1376,1473,1478,1521,1538,1676,1772,1773,1774,1922,2054,2258,2309,2407,2419,2530,2662,2774,2775,2778,3256,3329,3630,3703,3744,3753,4430,4545,4604,4639,4641,4739,4740,4741,4742,4743,4747,4956,4957,4958,4959,4960,4961,6129,6657,7408,8059,
542;0;5195;5292;1;24,61,87,95,137,144,149,189,225,245,249,262,267,269,274,291,329,343,440,529,640,765,769,838,843,1036,1070,1146,1282,1291,1359,1361,1372,1376,1473,1478,1521,1538,1676,1772,1773,1774,1922,2054,2258,2309,2407,2419,2530,2662,2774,2775,2778,3256,3329,3630,3703,3744,3753,4430,4545,4604,4639,4641,4739,4740,4741,4742,4743,4747,4956,4957,4958,4959,4960,4961,6129,6657,7408,8059,
637;0;5292;5390;1;24,61,87,95,137,144,149,189,225,245,249,262,267,269,274,291,329,343,440,529,640,765,769,838,843,1036,1070,1146,1282,1291,1359,1361,1372,1376,1473,1478,1521,1538,1676,1772,1773,1774,1922,2054,2258,2309,2407,2419,2530,2662,2774,2775,2778,3256,3329,3630,3703,3744,3753,4430,4545,4604,4639,4641,4739,4740,4741,4742,4743,4747,4956,4957,4958,4959,4960,4961,6129,6657,7408,8059,
168;0;5760;5850;1;24,53,61,87,95,137,144,149,189,225,245,249,262,267,269,274,291,329,343,440,529,640,765,769,838,843,1036,1070,1146,1266,1269,1282,1291,1324,1359,1473,1478,1538,1596,1676,1783,1906,1922,2054,2153,2175,2407,2419,2479,2480,2481,2485,2774,2775,2778,3256,3269,3306,3604,3605,3708,3767,3807,3841,4545,4604,4747,4874,4956,4957,4958,4959,4960,4961,5058,5112,5463,6129,7359,7945,
168;1;5850;5861;1;24,61,95,137,144,149,189,225,245,249,262,267,269,291,329,640,677,765,769,838,843,1146,1266,1269,1359,1473,1478,1538,1676,1783,1884,1922,2054,2175,2407,2419,2600,2635,2645,2653,2678,2679,2774,2775,2778,3256,3263,3807,4545,4568,4604,4605,4606,4612,4634,4747,4759,4800,4956,4957,4958,4959,4960,4961,5043,5230,5528,5890,5891,5892,5893,5894,5895,5896,5897,5898,5899,5900,5901,6129,
35;0;5861;5870;1;24,61,95,137,144,149,189,225,245,249,262,267,269,291,329,640,677,765,769,838,843,1146,1266,1269,1359,1473,1478,1538,1676,1783,1884,1922,2054,2175,2407,2419,2600,2635,2645,2653,2678,2679,2774,2775,2778,3256,3263,3807,4545,4568,4604,4605,4606,4612,4634,4747,4759,4800,4956,4957,4958,4959,4960,4961,5043,5230,5528,5890,5891,5892,5893,5894,5895,5896,5897,5898,5899,5901,6129,7369,
35;1;5870;5967;1;24,61,95,137,144,149,189,225,231,245,249,262,267,269,291,329,395,640,677,765,769,838,843,1146,1266,1269,1359,1473,1478,1538,1676,1783,1884,1922,2054,2175,2407,2419,2600,2635,2645,2653,2678,2679,2774,2775,2778,3256,3263,3807,4545,4568,4604,4605,4606,4612,4634,4747,4759,4800,4956,4957,4958,4959,4960,4961,5043,5230,5528,5890,5891,5892,5893,5894,5895,5898,5899,5901,6106,6129,
212;0;5967;6068;1;24,27,61,95,137,144,149,189,225,231,249,262,269,291,329,366,395,528,538,634,640,765,769,838,843,1143,1146,1266,1270,1284,1359,1473,1478,1538,1676,1783,1884,1922,2054,2089,2175,2265,2407,2419,2516,2537,2645,2679,2774,2775,2778,2864,2873,2941,3256,3263,3402,3606,3709,3807,3861,4217,4218,4545,4604,4605,4606,4747,4956,4957,4958,4959,4960,4961,5894,5895,5898,5899,5901,6129,
212;1;6068;6076;1;24,27,61,90,95,137,144,149,189,225,231,249,262,269,291,329,366,395,528,538,634,640,765,769,772,773,838,843,1143,1146,1266,1270,1284,1359,1473,1478,1538,1676,1783,1884,1922,2054,2089,2175,2265,2407,2419,2498,2516,2645,2679,2774,2775,2778,2941,3256,3263,3807,4427,4545,4604,4605,4606,4728,4747,4956,4957,4958,4959,4960,4961,5107,5108,5109,5894,5895,5898,5899,5901,6129,
49;0;6076;6150;1;24,27,61,90,95,137,144,149,177,189,225,231,249,262,269,291,329,366,377,395,396,528,538,634,640,765,769,772,773,838,843,1143,1146,1266,1270,1284,1359,1473,1478,1538,1676,1783,1884,1922,2054,2089,2175,2265,2407,2419,2498,2516,2645,2679,2774,2775,2778,2941,3256,3263,3807,4427,4545,4604,4605,4606,4956,4957,4958,4959,4960,4961,4962,4963,5894,5895,5898,5899,5901,6129,
49;1;6150;6189;1;24,27,61,90,95,97,137,144,149,177,189,225,231,249,262,269,291,329,366,377,390,395,396,398,401,528,538,634,640,765,769,772,773,838,843,1050,1052,1054,1143,1146,1266,1270,1284,1359,1473,1478,1538,1669,1676,1783,1884,1922,2054,2089,2134,2175,2265,2355,2407,2419,2426,2498,2645,2679,2774,2775,2778,2941,3256,3263,3807,4604,4605,4606,5894,5895,5898,5899,5901,6129,
38;0;6189;6270;1;24,27,61,95,97,137,139,144,145,149,189,225,231,234,249,262,291,297,321,377,390,395,396,398,401,528,640,644,647,765,769,838,843,855,911,948,1050,1052,1054,1069,1119,1143,1146,1359,1478,1668,1669,1783,1884,1916,1951,2134,2175,2355,2364,2419,2426,2573,2679,2770,2774,2775,2778,2914,3256,3263,3267,3569,3807,4606,4939,6366,6646,7022,7227,7605,8519,8520,8521,8522,
38;1;6270;6303;1;24,27,61,95,97,137,139,144,145,149,189,225,231,234,249,262,276,291,297,321,377,390,395,396,398,401,528,640,644,647,715,765,769,833,838,843,855,911,948,1050,1052,1054,1069,1119,1143,1146,1359,1478,1668,1669,1783,1884,1916,1951,2134,2175,2355,2364,2419,2426,2573,2663,2679,2770,2774,2775,2778,2914,3256,3263,3267,3527,3529,3569,3807,4606,4939,4948,4949,6366,
555;0;6303;6420;1;24,27,61,95,97,137,139,144,145,149,189,225,231,234,249,262,276,291,297,321,377,390,395,396,398,401,528,640,644,647,715,765,769,833,838,843,855,911,948,1050,1052,1054,1069,1119,1143,1146,1359,1478,1668,1669,1783,1884,1916,1951,2134,2175,2355,2364,2419,2426,2573,2663,2679,2770,2774,2775,2778,2914,3256,3263,3267,3527,3529,3569,3807,4606,4939,4948,5976,6340,
536;0;6420;6544;1;24,26,27,61,95,97,137,139,144,145,149,175,198,249,262,277,321,377,390,395,398,401,528,557,598,640,647,648,769,855,948,1050,1052,1054,1093,1143,1146,1287,1359,1363,1669,1783,1785,1786,1795,1814,1920,2091,2134,2175,2220,2264,2355,2426,2503,2559,2573,2577,2663,2968,3410,3765,3797,3807,3829,4112,4438,5091,5253,5944,6611,7009,7029,7879,7906,8487,8734,8735,8736,8861,
569;0;6544;6670;1;24,26,27,61,95,97,137,139,144,145,149,175,198,249,262,277,321,377,390,395,398,401,528,557,598,640,647,648,769,855,948,1050,1052,1054,1093,1143,1146,1287,1359,1363,1669,1783,1785,1786,1795,1814,1920,2091,2134,2175,2220,2264,2355,2426,2503,2559,2573,2577,2663,2968,3410,3765,3797,3807,3829,4112,4438,5091,5253,5944,6611,7009,7029,7879,7906,8487,8734,8735,8736,8861,
50;0;6670;6759;1;24,26,27,61,95,97,137,139,144,145,149,175,198,249,262,277,321,377,390,395,398,401,528,557,598,640,647,648,769,855,948,1050,1052,1054,1093,1143,1146,1287,1359,1363,1669,1783,1785,1786,1795,1814,1920,2091,2134,2175,2220,2264,2355,2426,2503,2559,2573,2577,2663,2968,3410,3765,3797,3807,3829,4112,4438,5091,5253,5944,6611,7009,7029,7879,7906,8487,8734,8735,8736,8861,
50;1;6759;6798;1;24,26,27,61,95,97,137,139,144,145,149,175,198,249,262,277,321,377,390,395,398,401,528,557,598,640,647,648,769,855,948,1050,1052,1054,1093,1143,1146,1287,1359,1363,1669,1783,1785,1786,1795,1814,1920,2091,2134,2175,2220,2264,2355,2426,2503,2559,2573,2577,2663,2968,3410,3765,3797,3807,3829,4112,4438,5091,5253,5944,6611,7009,7029,7879,7906,8487,8734,8735,8736,8861,
543;0;6798;6928;1;24,26,27,61,95,97,137,139,144,145,149,175,198,249,262,277,321,377,390,395,398,401,528,557,598,640,647,648,769,855,948,1050,1052,1054,1093,1143,1146,1287,1359,1363,1669,1783,1785,1786,1795,1814,1920,2091,2134,2175,2220,2264,2355,2426,2503,2559,2573,2577,2663,2968,3410,3765,3797,3807,3829,4112,4438,5091,5253,5944,6611,7009,7029,7879,7906,8487,8734,8735,8736,8861,
54;0;7200;7294;1;24,26,27,61,95,96,97,117,137,139,144,145,148,149,175,249,262,275,277,288,321,377,390,395,398,401,434,528,640,647,769,855,863,912,948,949,1050,1052,1054,1060,1071,1093,1146,1287,1359,1363,1502,1669,1670,1750,1759,1814,1914,1920,2091,2134,2175,2224,2337,2355,2426,2503,2573,2577,2663,3034,3807,4359,4394,4396,4397,5206,5627,5721,6441,6874,7010,7011,7029,7879,
54;1;7294;7336;1;24,26,27,61,95,96,97,117,137,139,144,145,148,149,175,249,262,275,277,288,321,377,390,395,398,401,430,434,528,640,647,769,855,863,912,948,949,1050,1052,1054,1060,1071,1093,1146,1287,1359,1363,1502,1669,1670,1750,1759,1814,1914,1920,2091,2134,2175,2224,2337,2355,2426,2503,2573,2577,2663,3034,3807,4359,4394,4396,4397,5627,7029,7296,7879,8396,8826,8827,8828,
476;0;7336;7474;1;24,26,27,61,95,96,97,117,137,139,144,145,148,149,175,249,262,275,277,288,321,377,390,395,398,401,430,434,528,640,647,769,855,863,912,948,949,1050,1052,1054,1060,1071,1093,1117,1146,1287,1359,1363,1502,1669,1670,1750,1759,1814,1914,1920,2091,2134,2175,2224,2337,2355,2426,2503,2573,2577,2663,3034,3807,4359,4394,4396,4397,5627,7029,7296,7879,8396,8826,8827,
28;0;7474;7538;1;24,26,27,61,95,96,97,117,137,139,144,145,148,149,175,249,262,275,277,288,321,377,390,391,395,397,398,401,430,434,528,640,647,769,855,863,912,948,949,1050,1052,1054,1060,1071,1093,1117,1146,1287,1359,1363,1502,1669,1670,1750,1759,1814,1914,1920,2091,2134,2175,2224,2337,2355,2426,2503,2573,2577,2663,3034,3807,4359,4394,4396,4397,5627,7029,7296,7879,8396,
28;1;7538;7616;1;24,26,27,61,95,96,97,117,137,139,144,145,148,149,175,249,262,275,277,288,321,377,390,391,395,397,398,401,430,434,528,581,640,647,742,769,855,863,912,948,949,1050,1052,1054,1060,1071,1093,1117,1146,1262,1287,1359,1363,1502,1563,1669,1670,1750,1759,1814,1914,1920,2091,2134,2175,2216,2224,2337,2355,2426,2503,2577,2876,3807,3808,3809,3810,5627,7029,7879,
641;0;7616;7763;1;24,26,27,61,95,96,97,117,137,139,144,145,148,149,175,248,249,262,275,277,288,321,377,390,391,395,397,398,401,430,434,528,581,640,647,742,754,769,855,863,912,948,949,1050,1052,1054,1060,1071,1093,1117,1146,1277,1287,1288,1292,1293,1294,1363,1669,1777,1814,1914,1920,2091,2134,2175,2337,2355,2408,2409,2419,2503,2577,5627,6957,7029,7035,7060,7061,7879,
203;0;7763;7841;1;24,26,27,61,95,96,97,117,137,139,144,145,147,148,149,175,178,248,249,262,275,277,288,321,377,390,391,395,396,397,398,401,430,434,528,581,640,647,742,754,769,855,863,912,948,949,1027,1050,1051,1052,1054,1060,1093,1117,1145,1146,1277,1287,1288,1293,1294,1363,1669,1814,1914,1920,1942,1943,1944,2091,2134,2175,2337,2355,2419,2503,2577,5627,7029,7879,
203;1;7841;7916;1;24,26,27,61,95,96,97,117,137,139,144,145,147,148,149,175,178,225,248,249,262,275,277,288,321,377,390,391,395,396,397,398,401,430,434,528,581,640,647,742,754,769,855,863,912,948,949,1027,1050,1051,1052,1054,1060,1093,1117,1145,1146,1277,1287,1288,1293,1294,1363,1669,1814,1914,1920,1942,1944,2091,2134,2175,2337,2355,2419,2503,2577,5627,7029,7879,
493;0;7916;8074;1;55,66,95,139,144,149,225,277,291,292,390,391,395,398,640,644,765,843,944,946,1052,1093,1117,1146,1196,1201,1294,1306,1363,1815,1834,1915,1920,1994,1995,1996,1997,1998,1999,2000,2001,2002,2003,2004,2005,2006,2007,2008,2009,2010,2011,2012,2013,2014,2015,2091,2503,2599,2640,2679,2774,2775,2777,2778,3019,3263,3291,3447,3698,3699,4606,4608,4773,5499,5500,5502,6774,7397,7444,7445,
122;0;8074;8193;1;55,66,95,139,144,149,225,277,291,292,390,391,395,398,640,644,765,843,944,946,1052,1093,1117,1146,1196,1201,1294,1306,1363,1815,1834,1915,1920,1994,1995,1996,1997,1998,1999,2000,2001,2002,2003,2004,2005,2006,2007,2008,2009,2010,2011,2012,2013,2014,2015,2091,2503,2599,2640,2679,2774,2775,2777,2778,3019,3263,3291,3447,3698,3699,4606,4608,4773,5499,5500,5502,6774,7397,7444,7445,
122;1;8193;8234;1;55,66,95,139,144,149,225,277,291,292,390,391,395,398,640,644,765,843,944,946,1052,1093,1117,1146,1196,1201,1294,1306,1363,1815,1834,1915,1920,1994,1995,1996,1997,1998,1999,2000,2001,2002,2003,2004,2005,2006,2007,2008,2009,2010,2011,2012,2013,2014,2015,2091,2503,2599,2640,2679,2774,2775,2777,2778,3019,3263,3291,3447,3698,3699,4606,4608,4773,5499,5500,5502,6774,7397,7444,7445,
650;0;8234;8398;1;55,66,95,139,144,149,225,277,291,292,390,391,395,398,640,644,765,843,944,946,1052,1093,1117,1146,1196,1201,1294,1306,1363,1815,1834,1915,1920,1994,1995,1996,1997,1998,1999,2000,2001,2002,2003,2004,2005,2006,2007,2008,2009,2010,2011,2012,2013,2014,2015,2091,2503,2599,2640,2679,2774,2775,2777,2778,3019,3263,3291,3447,3698,3699,4606,4608,4773,5499,5500,5502,6774,7397,7444,7445,
END
fineshedJobsCount: 506
switchs: 6018
switchsInstances: 334
unfineshedPriorityCount: 186
finalSolution: 242
totalUnfineshed: 193
Time: 40
