input/MyInstancesDiferentToolSets/n=699,p=0.50,r=0.5,t=1048,v0.csv;./input/Processed/ToolSetInt.csv
6;720;1440;8640
Machine: 0
650;0;0;5;1;25,37,39,44,46,52,54,117,145,275,288,291,292,296,329,377,400,640,1068,1117,1118,1121,1177,1307,1311,1599,1733,1821,1915,2091,2134,2645,2723,2777,2778,2788,3218,3226,3263,3349,3482,3484,3503,3677,3679,3774,4526,4604,4605,4606,4610,4612,4759,4996,5073,5074,5075,5076,5077,5078,5079,5080,5081,5082,5083,5084,5085,5086,5087,5088,5290,5305,5353,5499,5682,5825,5890,7900,7901,7902,
667;0;5;24;1;25,37,39,44,46,52,54,117,145,275,288,291,292,296,329,377,400,640,1068,1117,1118,1121,1177,1307,1311,1599,1733,1821,1915,2091,2134,2645,2723,2777,2778,2788,3218,3226,3263,3349,3482,3484,3503,3677,3679,3774,4526,4604,4605,4606,4610,4612,4759,4996,5073,5074,5075,5076,5077,5078,5079,5080,5081,5082,5083,5084,5085,5086,5087,5088,5290,5305,5353,5499,5682,5825,5890,7900,7901,7902,
652;0;24;48;1;25,37,39,44,46,52,54,117,145,275,288,291,292,296,329,377,400,640,1068,1117,1118,1121,1177,1307,1311,1599,1733,1821,1915,2091,2134,2645,2723,2777,2778,2788,3218,3226,3263,3349,3482,3484,3503,3677,3679,3774,4526,4604,4605,4606,4610,4612,4759,4996,5073,5074,5075,5076,5077,5078,5079,5080,5081,5082,5083,5084,5085,5086,5087,5088,5290,5305,5353,5499,5682,5825,5890,7900,7901,7902,
551;0;48;78;1;25,37,38,39,44,46,52,54,117,145,275,288,291,292,296,329,377,400,640,872,972,1068,1117,1118,1121,1142,1177,1307,1311,1457,1462,1599,1733,1821,1915,2091,2134,2645,2723,2777,2778,2788,3218,3226,3263,3349,3482,3484,3503,3677,3679,3774,4526,4604,4605,4606,4610,4612,4759,4996,5073,5074,5075,5076,5077,5078,5079,5080,5081,5082,5083,5084,5085,5086,5087,5088,5290,5305,5353,5890,
480;0;78;112;1;25,37,38,39,44,46,52,54,117,145,275,288,291,292,296,329,377,400,640,872,972,1068,1117,1118,1121,1142,1177,1307,1311,1457,1462,1599,1733,1821,1915,2091,2134,2299,2645,2723,2777,2778,2788,2943,2947,3218,3226,3263,3349,3482,3484,3503,3677,3679,3774,4526,4604,4605,4606,4610,4612,4759,4996,5073,5074,5075,5076,5077,5078,5079,5890,6401,8551,8559,8560,9039,9040,9041,9042,9043,
665;0;112;174;1;25,26,37,38,39,44,46,52,54,61,117,145,275,288,291,292,296,329,377,400,528,529,640,872,972,1068,1117,1118,1121,1142,1177,1269,1273,1277,1282,1287,1288,1292,1293,1294,1307,1311,1322,1457,1462,1599,1733,1821,1915,2091,2134,2299,2645,2723,2777,2778,2788,2943,2947,3218,3226,3263,3349,3482,3484,3503,3677,3679,3774,4526,4604,4605,4606,4610,4612,4759,4996,5890,6401,6426,
605;0;174;241;1;25,26,37,38,39,44,46,52,54,61,117,145,152,175,189,197,275,288,291,292,329,377,400,415,528,529,551,640,729,872,875,972,1117,1118,1121,1177,1269,1273,1277,1282,1287,1288,1291,1292,1293,1294,1322,1341,1545,1777,1821,1915,2068,2091,2134,2148,2174,2233,2258,2645,2778,2856,2873,3263,3349,3409,3802,3829,4060,4604,4612,4864,4866,4868,4869,4871,5779,5780,5890,6401,
692;0;241;324;1;25,26,38,39,44,46,54,61,117,145,152,175,198,249,275,288,291,292,329,377,400,415,528,529,557,598,640,872,875,972,1117,1118,1121,1177,1269,1273,1277,1282,1287,1288,1292,1293,1294,1322,1785,1786,1795,1821,1915,2068,2091,2134,2174,2175,2258,2264,2577,2645,2778,2873,2968,3263,3349,3410,3765,3829,4112,4604,4612,5091,5890,5944,6401,7009,7029,7879,7906,8734,8735,8736,
26;0;324;332;1;25,26,38,39,54,61,117,145,152,175,198,247,275,288,291,292,329,377,400,528,529,558,577,598,600,640,872,875,972,1117,1118,1121,1177,1221,1269,1273,1277,1282,1287,1288,1290,1292,1293,1294,1322,1592,1651,1700,1821,1915,2064,2068,2091,2134,2174,2258,2264,2512,2645,2778,2873,3029,3050,3263,3349,3829,4112,4440,4452,4604,4612,4813,5091,5092,5093,5094,5095,5096,5890,6401,
26;1;332;412;1;25,26,38,39,54,61,117,145,152,175,198,247,275,288,291,292,329,377,400,528,529,558,577,598,600,640,872,875,972,1117,1118,1121,1177,1221,1269,1273,1277,1282,1287,1288,1290,1292,1293,1294,1322,1592,1651,1700,1821,1915,2064,2068,2091,2134,2174,2258,2264,2512,2645,2778,2873,3029,3050,3263,3349,3829,4112,4440,4452,4604,4612,4813,5091,5092,5093,5094,5890,6401,7379,7413,
587;0;412;451;0;25,26,38,39,54,61,117,145,152,175,198,247,275,288,291,292,329,377,400,528,529,558,577,598,600,640,872,875,972,1117,1118,1121,1177,1221,1269,1273,1277,1282,1287,1288,1290,1292,1293,1294,1322,1592,1651,1700,1821,1915,2064,2068,2091,2134,2174,2258,2264,2512,2645,2778,2873,3029,3050,3263,3349,3829,4112,4440,4452,4604,4612,4813,5091,5092,5093,5094,5890,6401,7379,7897,
198;0;451;605;0;25,26,38,39,54,61,117,145,152,175,198,247,275,288,291,292,329,377,400,528,529,558,577,598,600,640,872,875,972,1117,1118,1121,1177,1221,1269,1273,1277,1282,1287,1288,1290,1292,1293,1294,1322,1592,1651,1700,1821,1915,2064,2068,2091,2134,2174,2258,2264,2512,2645,2778,2873,3029,3050,3263,3349,3829,4112,4440,4452,4604,4612,4813,5091,5890,6401,8484,8498,8499,8500,8501,
198;1;605;749;0;15,25,38,54,61,100,117,144,145,150,152,198,225,247,275,288,321,329,366,396,397,400,404,429,480,497,499,547,640,666,715,862,949,962,1117,1118,1177,1236,1273,1417,1463,1474,1478,1481,1482,1483,1521,1541,1935,2052,2134,2258,2468,2475,2645,2678,2778,2860,2903,3263,3455,3456,3457,4112,4365,4604,4612,5392,5525,5637,5722,5868,6022,6311,6312,6313,6401,8511,8512,8513,
173;0;749;906;0;15,25,38,54,61,100,117,144,145,150,152,198,225,247,275,288,321,329,366,396,397,400,404,429,480,497,499,547,640,666,715,862,949,962,1117,1118,1177,1236,1273,1417,1463,1474,1478,1481,1482,1483,1521,1541,1935,2052,2134,2258,2468,2475,2645,2678,2778,2860,2903,3263,3455,3456,3457,4112,4365,4604,4612,5392,5525,5637,5722,5868,6022,6311,6312,6313,6401,8511,8512,8513,
173;1;906;1020;0;15,25,38,54,61,100,117,144,145,150,152,198,225,247,275,288,321,329,366,396,397,400,404,429,480,497,499,547,640,666,715,862,949,962,1117,1118,1177,1236,1273,1417,1463,1474,1478,1481,1482,1483,1521,1541,1935,2052,2134,2258,2468,2475,2645,2678,2778,2860,2903,3263,3455,3456,3457,4112,4365,4604,4612,5392,5525,5637,5722,5868,6022,6311,6312,6313,6401,8511,8512,8513,
65;0;1020;1145;0;15,25,38,54,61,100,117,144,145,150,152,198,225,247,275,288,321,329,366,396,397,400,404,429,480,497,499,547,640,666,715,862,949,962,1117,1118,1177,1236,1273,1417,1463,1474,1478,1481,1482,1483,1521,1541,1935,2052,2134,2258,2468,2475,2645,2678,2778,2860,2903,3263,3455,3456,3457,4112,4365,4604,4612,5392,5525,5637,5722,5868,6022,6311,6312,6313,6401,8511,8512,8513,
65;1;1440;1577;0;25,38,54,61,100,102,117,144,145,150,152,198,225,247,275,288,321,329,366,396,400,404,429,547,640,666,715,771,949,1117,1118,1177,1204,1236,1273,1474,1478,1481,1529,1541,2134,2258,2460,2602,2605,2628,2645,2650,2678,2679,2681,2778,2984,3263,4112,4365,4412,4449,4604,4612,4945,5392,5525,5530,5637,5722,5859,5868,5869,6022,6401,7301,7653,7826,7871,8583,8682,8683,8684,8685,
219;0;1577;1719;0;25,38,54,61,95,100,102,117,137,144,145,149,150,152,198,225,247,275,288,308,321,329,340,366,391,396,400,404,429,547,640,666,715,771,838,891,938,949,1056,1117,1118,1163,1164,1166,1170,1176,1177,1204,1236,1273,1467,1474,1478,1481,1529,1541,2134,2258,2460,2602,2628,2645,2650,2678,2679,2778,3263,4112,4365,4604,4612,5392,5525,5530,5637,5722,5869,6022,6401,7301,
219;1;1719;1828;0;25,38,54,61,95,100,102,117,137,144,145,149,150,152,198,225,247,275,288,308,321,329,340,366,391,396,400,404,429,547,640,666,715,771,838,891,938,949,1056,1117,1118,1163,1164,1166,1170,1176,1177,1204,1236,1273,1467,1474,1478,1481,1529,1541,2134,2258,2628,2645,2650,2678,2679,2778,3263,4112,4365,4604,4612,5392,5525,5530,5637,5722,5869,6022,6401,7301,9155,9156,
129;0;1828;1917;0;25,38,54,61,95,100,117,137,144,145,149,150,152,198,225,247,275,288,321,329,340,366,391,396,400,404,429,547,640,666,715,838,949,1117,1118,1170,1177,1204,1236,1273,1474,1478,1481,1529,1541,2134,2258,2628,2645,2650,2678,2679,2778,3263,4112,4365,4604,4612,5392,5525,5637,5722,5869,6022,6225,6401,7213,7296,7301,7316,7868,8199,8364,8581,8798,9125,9126,9127,9128,9129,
129;1;1917;2067;0;25,38,54,61,95,100,117,137,144,145,149,150,152,198,225,247,275,288,321,329,340,366,391,396,400,404,429,547,640,666,715,838,949,1117,1118,1170,1177,1204,1236,1273,1474,1478,1481,1529,1541,2134,2258,2628,2645,2650,2678,2679,2778,3263,4112,4365,4604,4612,5392,5525,5529,5637,5722,5869,6022,6225,6401,7213,7296,7301,7316,7868,8134,8137,8190,8195,8196,8197,8198,8199,
94;0;2067;2221;0;24,25,54,55,58,61,137,138,144,149,198,225,247,275,288,321,329,391,396,400,404,429,547,640,644,645,715,892,896,911,1075,1204,1236,1273,1472,1478,1481,1623,1661,1667,1973,2022,2103,2134,2258,2418,2420,2427,2428,2429,2430,2431,2432,2433,2434,2435,2436,2437,2438,2439,2440,2441,2442,2537,2836,3609,3691,3706,3842,3852,4112,5392,5525,5637,5998,5999,6014,6225,7296,7301,
94;1;2221;2299;0;24,25,54,55,58,61,137,138,144,149,198,225,247,275,288,321,329,391,396,400,404,429,547,640,644,645,715,892,896,911,1075,1204,1236,1273,1472,1478,1481,1623,1661,1667,1973,2022,2103,2134,2258,2418,2420,2427,2428,2429,2430,2431,2432,2433,2434,2435,2436,2437,2438,2439,2440,2441,2442,2537,2836,3609,3691,3706,3842,3852,4112,5392,5525,5637,5998,5999,6014,6225,7296,7301,
15;0;2299;2442;0;24,25,54,55,58,61,137,138,144,149,198,225,247,275,288,321,329,391,396,400,404,429,547,640,644,645,715,892,896,911,1075,1204,1236,1273,1472,1478,1481,1623,1661,1667,1973,2022,2103,2134,2258,2418,2420,2427,2428,2429,2430,2431,2432,2433,2434,2435,2436,2437,2438,2439,2440,2441,2442,2537,2836,3609,3691,3706,3842,3852,4112,5392,5525,5637,5998,5999,6014,6225,7296,7301,
15;1;2880;2963;0;24,25,54,55,61,101,103,137,144,149,198,225,247,275,288,313,321,329,348,391,396,400,404,429,436,547,609,640,644,645,691,715,911,1204,1236,1273,1478,1481,1661,1973,2134,2258,2461,2498,2643,2690,3745,3915,4112,4937,5296,5392,5525,5538,5637,5726,6026,6225,6334,7294,7295,7296,7297,7298,7299,7300,7301,7302,7303,7304,7305,7306,7307,7308,7309,7310,7311,7312,7313,7314,
97;0;2963;3041;0;24,25,54,55,61,101,103,137,144,149,198,225,247,275,288,313,321,329,348,354,355,356,357,391,396,400,404,429,436,547,609,640,644,645,691,715,911,1204,1236,1273,1478,1481,1661,1973,2134,2258,2461,2498,2643,2690,3745,3915,4112,4937,5296,5392,5525,5538,5637,5726,6026,6225,6334,7294,7295,7296,7297,7298,7299,7300,7301,7302,7303,7304,7305,7306,7307,7308,7309,7310,
97;1;3041;3172;0;24,25,54,55,61,101,103,137,144,149,188,198,206,208,225,247,275,288,313,321,329,348,354,355,356,357,391,396,400,404,429,436,490,491,516,547,609,640,644,645,691,715,736,796,911,965,1204,1236,1273,1283,1478,1481,1558,1661,1973,2134,2258,2305,2461,2498,2643,2690,3745,3915,3993,4112,4937,5296,5392,5525,5538,5637,5726,5857,6026,6225,6334,7294,7295,7296,
68;0;3172;3222;0;24,25,54,55,57,61,101,103,137,144,149,188,198,206,208,225,247,275,288,313,321,329,348,354,355,356,357,391,396,400,404,429,436,490,491,493,516,547,609,640,644,645,691,715,734,736,796,911,965,1063,1204,1236,1273,1283,1478,1481,1661,1973,2134,2258,2291,2305,2461,2518,2643,3403,3597,3915,4112,5392,5510,5525,5637,5726,6225,6334,7262,7295,7296,7468,
68;1;3222;3375;0;18,19,21,24,25,34,54,55,57,61,62,101,103,137,144,149,188,198,206,208,225,247,275,288,313,321,329,348,354,355,356,357,391,396,400,404,429,436,490,491,493,516,547,609,640,644,645,691,715,734,736,796,911,965,1063,1204,1236,1273,1283,1478,1481,1661,1973,2134,2258,2305,2461,2518,2643,3778,3915,5315,5392,5525,5637,5726,6225,6334,7295,7296,
96;0;3375;3397;0;18,19,21,24,25,34,54,55,57,61,62,101,103,136,137,144,149,188,198,206,208,225,247,275,288,313,321,329,348,354,355,356,390,391,396,400,404,429,436,609,640,644,645,715,736,911,965,1048,1051,1054,1063,1145,1146,1204,1236,1283,1358,1360,1363,1478,1481,1604,1661,1970,1971,1973,2134,2305,2461,2518,2643,3915,5392,5525,5637,5726,6225,6334,7295,7296,
96;1;3397;3570;0;18,19,21,24,25,34,54,55,57,61,62,101,103,136,137,144,149,188,198,206,208,225,247,275,288,313,321,329,348,354,355,390,391,396,400,404,429,436,609,640,644,645,715,736,911,965,1048,1051,1054,1063,1145,1146,1204,1236,1283,1358,1360,1478,1481,1604,1661,1970,1971,1973,2134,2305,2461,2518,2592,2643,3656,3915,5392,5525,5637,5726,6225,6334,7295,7296,
37;0;3570;3604;0;1,3,19,24,103,136,137,139,144,149,188,206,208,225,231,241,262,275,288,321,329,390,391,396,400,404,429,436,640,644,736,775,948,1048,1051,1054,1063,1145,1146,1204,1236,1358,1360,1397,1398,1401,1476,1477,1478,1502,1604,1661,1681,1682,1970,1971,1973,2109,2134,2305,2518,2643,2821,2951,3278,3284,4094,4832,5155,5246,5249,5275,5276,5277,5739,5758,5759,5760,6225,6457,
37;1;3604;3758;0;1,3,19,24,103,136,137,139,144,149,188,206,208,225,231,241,262,275,288,321,329,390,391,396,400,404,429,436,640,644,736,775,948,1048,1051,1054,1063,1145,1146,1204,1236,1358,1360,1397,1398,1401,1476,1477,1478,1502,1604,1661,1681,1682,1970,1971,1973,2109,2134,2305,2518,2643,2821,2951,3278,3284,4094,4832,5155,5246,5249,5275,5276,5277,5739,5758,5759,5760,6225,6457,
516;0;3758;3934;0;1,3,19,24,103,136,137,139,144,149,188,206,208,225,231,241,262,275,288,321,329,390,391,396,400,404,429,436,640,644,736,775,948,1048,1051,1054,1063,1145,1146,1204,1236,1358,1360,1397,1398,1401,1476,1477,1478,1502,1604,1661,1681,1682,1970,1971,1973,2109,2134,2305,2518,2643,2821,2951,3278,3284,4094,4832,5155,5246,5249,5275,5276,5277,5739,5758,5759,5760,6225,6457,
682;0;4320;4494;0;3,24,136,139,144,225,226,231,262,269,270,277,288,329,398,400,404,429,436,640,644,838,948,1118,1126,1424,1470,1476,1477,1478,1486,1609,1661,1668,1679,1809,1920,2053,2109,2114,2118,2120,2123,2124,2125,2128,2129,2130,2132,2134,2135,2140,2142,2143,2305,2518,2854,2855,2953,4511,4533,4534,4536,4543,4545,4546,4551,4553,4554,4555,4575,4656,4676,4677,4678,4679,4680,4681,4682,4683,
664;0;4494;4662;0;3,24,136,139,144,225,226,231,262,269,270,277,288,329,398,400,404,429,436,640,644,765,838,948,1118,1126,1201,1424,1470,1476,1477,1478,1486,1539,1609,1661,1668,1679,1809,1837,1920,2053,2109,2114,2118,2120,2123,2124,2125,2128,2129,2130,2132,2134,2135,2140,2142,2143,2305,2518,2628,2778,3263,4553,4603,4604,4612,4613,4617,4761,5229,5270,5406,5873,6749,6750,6751,6752,6753,6754,
167;0;4662;4810;0;3,24,136,139,144,225,226,231,262,269,270,277,288,329,398,400,404,429,436,640,644,765,838,861,948,1118,1126,1201,1424,1470,1476,1477,1478,1486,1539,1609,1661,1668,1679,1809,1837,1920,2053,2109,2114,2118,2120,2123,2124,2125,2128,2129,2130,2132,2134,2135,2305,2518,2628,2645,2778,2802,3263,3281,4553,4894,5053,6401,6783,7837,7882,8165,8166,8167,8168,8169,8170,8171,8172,8173,
167;1;4810;4830;0;3,24,136,139,144,225,226,231,262,269,270,277,288,329,398,400,404,429,436,640,644,765,838,861,948,1118,1126,1201,1424,1470,1476,1477,1478,1486,1497,1539,1551,1552,1553,1554,1555,1556,1557,1609,1661,1668,1679,1809,1837,1920,2053,2109,2114,2118,2120,2123,2124,2125,2128,2129,2130,2132,2134,2135,2305,2518,2628,2645,2778,2802,3263,3281,4553,4894,5053,6401,6783,7837,7882,8166,
1;0;4830;4844;0;3,24,28,35,38,136,139,144,150,175,196,202,225,226,231,262,269,270,277,288,329,374,398,400,404,429,436,569,640,644,765,838,861,948,995,1118,1126,1196,1201,1284,1424,1470,1476,1477,1478,1486,1679,1693,1809,1853,1984,1989,2109,2120,2134,2203,2216,2305,2334,2518,2519,2523,2527,2628,2645,2778,2825,2826,2827,2829,2830,2831,2832,2833,2834,3263,4553,5053,6401,8166,
1;1;4844;4992;0;3,24,28,35,38,136,139,144,150,175,196,202,225,226,231,262,269,270,277,288,329,374,398,400,404,429,436,569,640,644,765,838,861,948,995,1118,1126,1196,1201,1284,1424,1470,1476,1477,1478,1486,1679,1693,1809,1853,1984,1989,2109,2120,2134,2159,2203,2216,2305,2334,2518,2519,2523,2527,2628,2645,2778,2825,2826,2827,2829,2830,2831,2832,2833,3263,4553,5053,6401,8166,
472;0;4992;5152;0;3,19,24,26,38,139,144,145,149,175,188,225,231,241,262,277,288,321,329,391,398,400,404,429,515,529,569,640,644,736,765,838,875,995,1118,1196,1266,1269,1270,1275,1277,1284,1287,1288,1293,1401,1474,1476,1477,1478,1480,1809,1984,2109,2116,2120,2134,2217,2305,2485,2628,2645,2778,3263,3627,3740,3741,3811,4322,4323,5053,6203,6401,7899,7978,7989,8873,8874,8875,8876,
500;0;5152;5309;0;3,19,24,26,38,139,144,145,149,175,188,225,231,241,262,277,288,321,329,391,398,400,404,429,515,529,569,640,644,736,765,838,875,995,1118,1196,1266,1269,1270,1275,1277,1284,1287,1288,1293,1401,1474,1476,1477,1478,1480,1809,1984,2109,2116,2120,2134,2217,2305,2485,2628,2645,2778,3263,3627,3740,3741,3811,4322,4323,5053,6203,6401,7899,7978,7989,8873,8874,8875,8876,
627;0;5309;5457;0;3,19,24,26,38,139,144,145,149,175,188,225,231,241,262,277,288,321,329,391,398,400,404,429,515,529,569,640,644,736,765,838,875,995,1118,1196,1266,1269,1270,1275,1277,1284,1287,1288,1293,1401,1474,1476,1477,1478,1480,1809,1984,2109,2116,2120,2134,2217,2305,2485,2628,2645,2778,3263,3627,3740,3741,3811,4322,4323,5053,6203,6401,7899,7978,7989,8873,8874,8875,8876,
640;0;5457;5604;0;3,19,24,26,38,139,144,145,149,175,188,225,231,241,262,277,288,321,329,391,398,400,404,429,515,529,569,640,644,736,765,838,875,995,1118,1196,1266,1269,1270,1275,1277,1284,1287,1288,1293,1401,1474,1476,1477,1478,1480,1809,1984,2109,2116,2120,2134,2217,2305,2485,2628,2645,2778,3263,3627,3740,3741,3811,4322,4323,5053,6203,6401,7899,7978,7989,8873,8874,8875,8876,
204;0;5604;5709;0;3,19,24,26,38,139,144,145,149,175,188,225,231,241,262,277,288,321,329,391,398,400,404,429,515,529,569,640,644,736,765,838,875,995,1118,1196,1266,1269,1270,1275,1277,1284,1287,1288,1293,1401,1474,1476,1477,1478,1480,1809,1984,2109,2116,2120,2134,2217,2305,2485,2628,2645,2778,3263,3627,3740,3741,3811,4322,4323,5053,6203,6401,7899,7978,7989,8873,8874,8875,8876,
204;1;5709;5730;0;3,19,24,26,38,139,144,145,149,175,188,225,231,241,262,277,288,321,329,391,398,400,404,429,515,529,569,640,644,736,765,838,875,995,1118,1196,1266,1269,1270,1275,1277,1284,1287,1288,1293,1401,1474,1476,1477,1478,1480,1809,1984,2109,2116,2120,2134,2217,2305,2485,2628,2645,2778,3263,3627,3740,3741,3811,4322,4323,5053,6203,6401,7899,7978,7989,8873,8874,8875,8876,
29;0;5760;5802;0;3,19,24,26,38,139,144,145,149,175,188,225,231,241,262,277,288,321,329,391,398,400,404,429,515,529,569,640,644,736,765,838,875,995,1118,1196,1266,1269,1270,1275,1277,1284,1287,1288,1293,1401,1474,1476,1477,1478,1480,1541,1809,1980,1984,1993,2059,2060,2061,2062,2063,2064,2065,2066,2067,2068,2069,2070,2109,2116,2120,2134,2305,2485,2628,2645,2778,3263,5053,6401,
29;1;5802;5885;0;3,19,24,26,38,139,144,145,149,175,188,225,231,241,262,277,288,321,329,391,398,400,404,429,515,529,569,640,644,736,765,826,827,838,875,995,1118,1196,1266,1269,1270,1275,1277,1284,1287,1288,1293,1401,1474,1476,1477,1478,1480,1541,1809,1980,1984,1993,2059,2060,2061,2062,2063,2064,2065,2070,2109,2120,2134,2305,2485,2628,2645,2778,3263,5053,6401,8837,8838,8859,
544;0;5885;6008;0;3,24,26,38,103,139,144,145,175,225,231,245,262,264,277,286,288,321,329,340,398,400,404,429,515,569,640,644,765,773,835,838,855,995,1118,1147,1196,1269,1270,1284,1287,1288,1293,1401,1428,1447,1474,1476,1478,1480,1980,1984,2109,2120,2134,2305,2372,2485,2628,2645,2689,2778,2899,3263,4794,5053,5795,6023,6225,6401,7188,7575,8021,8098,8841,8844,9265,9266,9267,9268,
19;0;6008;6030;0;3,24,26,38,60,74,79,103,139,144,145,175,190,208,225,231,245,256,262,264,277,288,321,329,398,400,404,429,515,569,640,644,765,773,838,855,979,995,1118,1147,1196,1269,1270,1284,1287,1288,1293,1401,1474,1476,1478,1480,1587,1980,1984,2109,2120,2134,2289,2305,2485,2628,2645,2778,3263,3361,3577,3871,3872,3873,3874,3875,3876,3877,3878,3879,5053,6225,6401,7188,
19;1;6030;6124;0;3,24,26,38,60,74,79,103,139,144,145,175,190,208,225,231,245,256,262,264,277,288,321,329,339,398,400,404,429,515,569,640,644,765,773,838,855,895,995,1041,1118,1147,1196,1269,1270,1284,1287,1288,1293,1401,1474,1476,1478,1480,1529,1587,1980,1984,2109,2120,2134,2485,2599,2627,2628,2645,2778,2970,2971,2972,2973,2974,2975,2976,2977,3263,5053,6225,6401,7188,
229;0;6124;6222;0;3,24,26,38,60,74,79,103,139,144,145,175,190,208,225,231,245,256,262,264,277,288,321,329,339,398,400,404,429,515,530,569,640,644,765,773,838,855,895,995,1041,1118,1147,1196,1269,1270,1284,1287,1288,1293,1401,1474,1476,1478,1480,1529,1587,1980,1984,2109,2120,2134,2485,2599,2627,2628,2645,2778,2970,2971,2972,2973,2974,2975,2976,3263,5053,6225,6401,7188,
229;1;6222;6234;0;3,24,26,38,60,74,79,103,139,144,145,175,190,208,225,231,245,256,262,264,275,277,288,321,329,339,398,400,404,429,515,530,569,640,644,765,773,838,855,895,995,1041,1118,1147,1196,1269,1270,1284,1287,1288,1293,1401,1474,1476,1478,1480,1529,1587,1980,1984,2109,2120,2134,2485,2599,2627,2628,2645,2774,2778,2970,2971,3263,3744,5053,6126,6225,6401,6410,7188,
660;0;6234;6340;0;3,24,26,38,60,74,79,103,139,144,145,175,190,208,225,231,245,256,262,264,275,277,288,321,329,339,398,400,404,429,515,530,569,640,644,765,773,838,855,895,995,1041,1118,1147,1196,1269,1270,1284,1287,1288,1293,1401,1474,1476,1478,1480,1529,1587,1980,1984,2109,2120,2134,2485,2599,2627,2628,2645,2774,2778,2970,2971,3263,5053,6225,6401,7188,7397,7444,7445,
41;0;6340;6375;0;3,24,26,38,60,74,79,103,139,144,145,175,190,208,225,231,245,256,262,277,288,321,329,398,400,404,429,515,640,644,765,773,787,790,838,855,995,1041,1118,1147,1196,1269,1270,1284,1287,1288,1293,1401,1474,1476,1478,1480,1587,1589,1980,1984,2036,2109,2120,2134,2485,2567,2627,2628,2645,2774,3263,4003,4103,4114,4167,4168,4169,4170,4171,4172,5053,6225,6401,7188,
41;1;6375;6443;0;3,24,26,38,60,74,79,100,103,139,144,145,175,190,225,231,262,277,288,321,329,398,400,404,429,515,640,644,765,773,787,790,838,855,995,1041,1118,1147,1196,1269,1270,1284,1287,1288,1293,1401,1474,1476,1478,1480,1587,1589,1818,1980,1984,2036,2109,2120,2134,2485,2567,2627,2628,2645,2774,3263,4003,4103,4114,4167,4168,4169,4170,4172,4597,5053,6225,6401,6407,7188,
583;0;6443;6534;0;3,27,137,139,185,190,206,276,288,291,292,351,366,390,395,398,559,581,912,1048,1051,1054,1063,1118,1145,1146,1147,1167,1333,1358,1478,1493,1513,1604,1670,1945,1970,1971,1988,2273,2371,2531,2627,3001,3060,3250,3256,3257,3284,3345,3421,3422,3711,3712,3820,3831,4019,4085,4086,4087,4088,4089,4090,4091,4092,4093,4094,4095,5487,5644,5995,6145,6869,7953,7954,8229,8277,8285,8589,8592,
606;0;6534;6612;0;3,27,137,139,185,190,206,276,288,291,292,351,366,390,395,398,559,581,912,1048,1051,1054,1063,1118,1145,1146,1147,1167,1333,1358,1478,1493,1513,1604,1670,1945,1970,1971,1988,2273,2371,2531,2627,3001,3060,3250,3256,3257,3284,3345,3421,3422,3711,3712,3820,3831,4019,4085,4086,4087,4088,4089,4090,4091,4092,4093,4094,4095,5487,5644,5995,6145,6869,7953,7954,8229,8277,8285,8589,8592,
475;0;6612;6686;0;3,27,137,139,185,190,206,276,288,291,292,351,366,390,395,398,559,581,912,1048,1051,1054,1063,1118,1145,1146,1147,1167,1333,1358,1478,1493,1513,1604,1670,1945,1970,1971,1988,2273,2371,2531,2627,3001,3060,3250,3256,3257,3284,3345,3421,3422,3711,3712,3820,3831,4019,4085,4086,4087,4088,4089,4090,4091,4092,4093,4094,4095,5487,5644,5995,6145,6869,7953,7954,8229,8277,8285,8589,8592,
524;0;6686;6759;0;3,27,137,139,185,190,206,276,288,291,292,351,366,390,395,398,559,581,912,1048,1051,1054,1063,1118,1145,1146,1147,1167,1333,1358,1478,1493,1513,1604,1670,1945,1970,1971,1988,2273,2371,2531,2627,3001,3060,3250,3256,3257,3284,3345,3421,3422,3711,3712,3820,3831,4019,4085,4086,4087,4088,4089,4090,4091,4092,4093,4094,4095,5487,5644,5995,6145,6869,7953,7954,8229,8277,8285,8589,8592,
185;0;6759;6812;0;3,27,137,139,185,190,206,276,288,291,292,351,366,390,395,398,559,581,912,1048,1051,1054,1063,1118,1145,1146,1147,1167,1333,1358,1478,1493,1513,1604,1670,1945,1970,1971,1988,2273,2371,2531,2627,3001,3060,3250,3256,3257,3284,3345,3421,3422,3711,3712,3820,3831,4019,4085,4086,4087,4088,4089,4090,4091,4092,4093,4094,4095,5487,5644,5995,6145,6869,7953,7954,8229,8277,8285,8589,8592,
185;1;7200;7217;0;3,27,95,137,139,185,190,206,276,288,291,292,335,337,351,366,390,395,398,559,581,843,912,1048,1051,1054,1063,1118,1145,1146,1147,1167,1333,1358,1478,1493,1513,1604,1670,1945,1970,1971,1988,2273,2371,2531,2548,2627,3001,3060,3250,3256,3257,3284,3345,3421,3422,3711,3712,3820,3831,4019,4085,4086,4087,4088,4089,4090,4091,4092,4093,4094,4095,5487,5644,5995,6145,6869,7953,8277,
645;0;7217;7282;0;3,27,95,137,139,185,190,206,276,288,291,292,335,337,351,366,390,395,398,559,581,843,912,1048,1051,1054,1063,1118,1145,1146,1147,1167,1177,1333,1358,1360,1478,1493,1513,1604,1670,1751,1945,1970,1971,1988,2273,2371,2531,2548,2627,2914,2915,3001,3060,3250,3256,3257,3284,3345,3421,3422,3711,3712,3820,3831,4019,4085,4086,4087,4088,4089,4090,4091,4092,4093,4094,4095,5487,8277,
180;0;7282;7323;0;3,27,30,95,137,139,152,169,185,190,206,276,288,291,292,335,337,351,366,390,395,398,504,559,581,843,872,912,972,1048,1051,1054,1063,1118,1145,1146,1147,1167,1177,1333,1358,1360,1478,1493,1513,1561,1562,1587,1604,1670,1751,1887,1945,1970,1971,1988,2273,2371,2531,2548,2563,2572,2627,2765,2914,2915,3001,3022,3060,3250,3256,3257,3284,3345,3346,3421,3422,7649,7650,8277,
180;1;7323;7341;0;3,26,27,30,95,137,139,152,169,185,190,206,276,288,291,292,335,337,351,366,390,395,398,504,528,559,581,598,843,872,912,972,1048,1051,1054,1063,1118,1145,1146,1147,1167,1177,1268,1287,1288,1292,1293,1294,1322,1333,1358,1360,1478,1493,1513,1561,1562,1587,1604,1670,1751,1782,1887,1945,1970,1971,1988,2239,2241,2242,2263,2273,2371,2407,2531,2548,2563,3026,3027,8277,
555;0;7341;7396;0;3,26,27,30,95,100,117,137,139,152,169,185,190,206,276,288,291,292,335,337,351,366,390,395,398,504,528,559,581,598,843,848,872,912,972,1048,1051,1054,1063,1118,1145,1146,1147,1167,1177,1268,1287,1288,1292,1293,1294,1322,1333,1478,1513,1530,1587,1915,2263,2394,2407,2643,2645,2678,2679,3016,3026,3915,4775,5053,5890,6098,6401,7316,7463,8277,8368,8369,8370,8371,
529;0;7396;7448;0;3,26,27,30,95,100,117,137,139,152,169,185,190,206,251,276,288,291,292,335,337,351,366,390,395,398,504,528,559,581,598,843,848,872,912,972,1048,1051,1054,1063,1118,1145,1146,1147,1167,1177,1268,1270,1287,1288,1292,1293,1294,1322,1333,1478,1513,1530,1587,1915,2221,2263,2394,2407,2643,2645,2678,2679,2846,3016,3026,3915,4775,5053,5890,6098,6401,7316,8277,8368,
680;0;7448;7497;0;3,26,27,30,95,100,117,137,139,152,169,185,190,206,251,276,288,291,292,335,337,351,366,390,395,398,504,528,559,581,598,843,848,872,912,972,1048,1051,1054,1063,1118,1145,1146,1147,1167,1177,1268,1270,1287,1288,1292,1293,1294,1322,1333,1478,1513,1530,1587,1915,2221,2263,2394,2407,2643,2645,2678,2679,2846,3016,3026,3915,4775,5053,5890,6401,7316,7452,8277,8368,
569;0;7497;7541;0;3,26,27,30,95,100,117,137,139,144,152,169,185,190,206,251,276,277,288,290,291,292,321,335,337,351,366,390,395,398,429,504,528,559,581,598,644,647,843,848,872,912,1063,1117,1118,1121,1146,1214,1268,1287,1288,1293,1294,1322,1474,1478,1513,1587,1814,1915,1978,2263,2407,2645,2678,2679,2716,2846,3026,3387,3920,5053,5206,5734,6347,6384,6401,7316,8277,8368,
549;0;7541;7574;0;3,26,27,30,95,100,117,137,139,144,152,169,185,234,276,277,288,291,292,295,321,329,351,377,390,395,400,404,429,528,559,598,644,647,838,911,949,1063,1117,1118,1146,1170,1268,1287,1288,1293,1294,1322,1359,1474,1478,1513,1587,1915,2120,2263,2407,2645,2678,2679,2715,2846,3026,3108,4419,4420,4470,4816,5053,5734,6332,6334,6335,6384,6401,7316,8113,8114,8277,8368,
559;0;7574;7588;0;3,26,27,30,95,100,117,137,139,144,152,169,185,234,276,277,278,288,291,292,295,321,329,351,377,390,395,400,404,429,515,528,559,598,644,647,838,911,949,965,1063,1117,1118,1146,1170,1268,1287,1288,1293,1294,1322,1359,1419,1474,1478,1513,1587,1915,2120,2263,2407,2645,2678,2679,2715,2846,3026,3108,4419,4420,4470,4816,5053,5734,6332,6384,6401,7316,8277,8368,
576;0;7588;7592;0;3,26,27,30,95,100,137,139,144,225,231,244,276,277,288,291,292,295,321,351,377,390,395,404,429,528,559,598,644,647,838,911,949,1063,1117,1118,1146,1268,1287,1288,1293,1294,1322,1419,1474,1478,1480,1513,1587,1915,2091,2263,2407,2536,2645,2678,2679,2846,3026,3108,3161,4365,4391,5053,5417,5733,5734,5750,6159,6160,6161,6162,6163,6164,6165,6384,6401,7316,8277,8368,
119;0;7592;7673;1;3,26,27,30,95,100,137,139,144,225,231,244,276,277,288,291,292,295,321,351,377,390,395,404,429,528,559,598,644,647,838,911,949,1063,1117,1118,1146,1268,1287,1288,1293,1294,1322,1374,1419,1474,1478,1480,1513,1566,1567,1568,1569,1587,1915,2091,2263,2407,2536,2645,2678,2679,2846,3026,3108,3161,4365,4391,5053,5417,5733,5734,5750,6159,6160,6384,6401,7316,8277,8368,
119;1;7673;7681;1;1,3,26,27,95,100,137,139,144,225,231,276,288,291,321,351,377,390,395,404,429,528,559,598,644,647,838,1063,1093,1118,1146,1171,1233,1234,1268,1287,1288,1293,1294,1322,1397,1419,1474,1478,1502,1587,1682,2109,2134,2263,2407,2508,2645,2678,2679,2821,2846,2926,3026,3108,3267,3278,4832,4857,4889,4897,4925,5237,5239,5240,5246,5377,5734,6101,6102,6103,6104,6384,7316,8277,
523;0;7681;7777;1;1,3,26,27,95,100,137,139,144,225,231,276,288,291,321,351,377,390,395,404,429,528,559,598,644,647,838,1063,1093,1118,1146,1171,1233,1234,1268,1287,1288,1293,1294,1322,1397,1400,1401,1419,1474,1478,1502,1505,1587,1682,1762,1813,1821,2109,2134,2263,2407,2454,2455,2456,2457,2458,2508,2645,2678,2679,2821,2846,2926,3026,3108,3267,3278,4832,4857,5734,6101,6384,7316,8277,
199;0;7777;7843;1;1,3,26,27,95,100,137,139,144,225,231,276,288,291,321,351,377,390,395,404,429,528,559,598,644,647,838,1063,1093,1118,1146,1171,1233,1234,1268,1287,1288,1293,1294,1322,1397,1400,1401,1419,1474,1478,1502,1505,1587,1682,1762,1813,1821,2109,2134,2263,2407,2454,2455,2456,2457,2645,2678,2679,2846,3026,3108,5734,6101,6384,7316,7893,8122,8124,8271,8272,8273,8275,8277,8283,
199;1;7843;7877;1;3,20,26,27,39,95,100,137,139,144,205,225,276,288,291,321,351,377,390,395,404,429,483,502,503,506,528,559,598,644,647,838,989,1063,1089,1093,1118,1146,1157,1196,1268,1282,1283,1284,1287,1288,1293,1294,1322,1401,1419,1474,1478,1580,1587,1936,1984,2263,2407,2540,2555,2645,2678,2679,2846,2887,2957,2959,3026,3108,3343,3349,4184,4867,4884,5734,6101,6384,7316,7416,
688;0;7877;7986;1;27,60,95,103,137,144,177,178,179,184,225,262,272,276,291,351,379,380,382,383,588,598,609,634,666,715,765,858,1032,1033,1034,1035,1036,1037,1038,1041,1087,1118,1131,1262,1268,1278,1282,1293,1294,1295,1322,1481,1587,1781,2052,2173,2220,2407,2628,2642,2645,2650,2678,4217,4456,5230,5392,5525,5530,5637,5722,5723,5869,5949,6022,6225,6311,6312,6313,7582,8502,8503,8790,8791,
510;0;7986;8105;1;27,60,95,103,137,144,177,178,179,184,225,262,272,276,291,351,379,380,382,383,588,598,609,634,666,715,765,858,1032,1033,1034,1035,1036,1037,1038,1041,1087,1118,1131,1262,1268,1278,1282,1293,1294,1295,1322,1481,1587,1781,2052,2173,2220,2407,2628,2642,2645,2650,2678,4217,4456,5230,5392,5525,5530,5637,5722,5723,5869,5949,6022,6225,6311,6312,6313,7582,8502,8503,8790,8791,
674;0;8105;8236;1;27,60,95,103,137,144,177,178,179,184,225,262,272,276,291,351,379,380,382,383,588,598,609,634,666,715,765,858,1032,1033,1034,1035,1036,1037,1038,1041,1087,1118,1131,1262,1268,1278,1282,1293,1294,1295,1322,1481,1587,1781,2052,2173,2220,2407,2628,2642,2645,2650,2678,4217,4456,5230,5392,5525,5530,5637,5722,5723,5869,5949,6022,6225,6311,6312,6313,7582,8502,8503,8790,8791,
125;0;8236;8330;1;27,60,95,103,137,144,177,178,179,184,225,262,272,276,291,351,379,380,382,383,588,598,609,634,666,715,765,858,1032,1033,1034,1035,1036,1037,1038,1041,1087,1118,1131,1262,1268,1278,1282,1293,1294,1295,1322,1481,1587,1781,2052,2173,2220,2407,2628,2642,2645,2650,2678,4217,4456,5230,5392,5525,5530,5637,5722,5723,5869,5949,6022,6225,6311,6312,6313,7582,8502,8503,8790,8791,
125;1;8330;8371;1;27,60,95,103,137,144,177,178,179,184,225,262,272,276,291,351,379,380,382,383,588,598,609,634,666,715,765,858,1032,1033,1034,1035,1036,1037,1038,1041,1087,1118,1131,1262,1268,1278,1282,1293,1294,1295,1322,1481,1587,1781,2052,2173,2220,2407,2628,2642,2645,2650,2678,4217,4456,5230,5392,5525,5530,5637,5722,5723,5869,5949,6022,6225,6311,6312,6313,7582,8502,8503,8790,8791,
Machine: 1
561;0;0;4;1;8,27,60,95,97,137,144,148,149,225,234,241,255,308,329,390,391,395,398,401,402,573,640,644,645,838,938,968,1050,1052,1054,1056,1057,1117,1119,1146,1148,1164,1165,1167,1293,1359,1467,1474,1478,1669,2107,2134,2355,2426,2512,2815,3133,3435,3636,3855,3955,4028,4029,4030,5049,5733,5843,5953,5958,5959,5966,5976,5979,5987,5992,6146,6147,6148,6149,6150,6151,8465,8466,8467,
504;0;4;12;1;8,27,60,95,97,137,144,148,149,225,234,241,255,308,329,390,391,395,398,401,402,573,640,644,645,838,938,968,1050,1052,1054,1056,1057,1117,1119,1146,1148,1164,1165,1167,1293,1359,1467,1474,1478,1669,2107,2134,2355,2426,2512,2815,3133,3435,3636,3855,3955,4028,4029,4030,5049,5733,5843,5953,5958,5959,5966,5976,5979,5987,5992,6146,6147,6148,6149,6150,6151,8465,8466,8467,
653;0;12;27;1;8,27,60,95,97,137,144,148,149,225,234,241,255,308,329,390,391,395,398,401,402,573,640,644,645,838,938,968,1050,1052,1054,1056,1057,1117,1119,1146,1148,1164,1165,1167,1293,1359,1467,1474,1478,1669,2107,2134,2355,2426,2512,2815,3133,3435,3636,3855,3955,4028,4029,4030,5049,5733,5843,5953,5958,5959,5966,5976,5979,5987,5992,6146,6147,6148,6149,6150,6151,8465,8466,8467,
469;0;27;60;1;8,27,60,95,97,137,144,148,149,225,234,241,255,308,329,390,391,395,398,401,402,573,640,644,645,838,938,968,1050,1052,1054,1056,1057,1117,1119,1146,1148,1164,1165,1167,1293,1359,1467,1474,1478,1669,2107,2134,2355,2426,2512,2815,3133,3435,3636,3855,3955,4028,4029,4030,5049,5733,5843,5953,5958,5959,5966,5976,5979,5987,5992,6146,6147,6148,6149,6150,6151,8465,8466,8467,
494;0;60;94;1;8,27,60,95,97,137,144,148,149,225,234,241,255,308,329,390,391,395,398,401,402,573,640,644,645,838,938,968,1050,1052,1054,1056,1057,1117,1119,1146,1148,1164,1165,1167,1293,1359,1467,1474,1478,1669,2107,2134,2355,2426,2512,2815,3133,3435,3636,3855,3955,4028,4029,4030,5049,5733,5843,5953,5958,5959,5966,5976,5979,5987,5992,6146,6147,6148,6149,6150,6151,8465,8466,8467,
141;0;94;115;1;8,27,60,95,97,137,144,148,149,225,234,241,255,308,329,390,391,395,398,401,402,573,640,644,645,838,938,968,1050,1052,1054,1056,1057,1117,1119,1146,1148,1164,1165,1167,1293,1359,1467,1474,1478,1669,2107,2134,2355,2426,2512,2815,3133,3435,3636,3855,3955,4028,4029,4030,5049,5733,5843,5953,5958,5959,5966,5976,5979,5987,5992,6146,6147,6148,6149,6150,6151,8465,8466,8467,
141;1;115;144;1;8,27,60,95,97,137,144,148,149,225,234,241,255,308,329,390,391,395,398,401,402,573,640,644,645,838,938,968,1050,1052,1054,1056,1057,1117,1119,1146,1148,1164,1165,1167,1293,1359,1467,1474,1478,1669,2107,2134,2355,2426,2512,2815,3133,3435,3636,3855,3955,4028,4029,4030,5049,5733,5843,5953,5958,5959,5966,5976,5979,5987,5992,6146,6147,6148,6149,6150,6151,8465,8466,8467,
487;0;144;196;1;8,27,60,95,97,137,144,148,149,225,234,241,255,308,329,390,391,395,398,401,402,573,640,644,645,838,891,938,968,1050,1052,1054,1056,1057,1117,1119,1146,1148,1164,1165,1166,1167,1169,1170,1171,1172,1176,1293,1359,1467,1474,1478,1669,2107,2134,2355,2426,2512,2815,3133,3435,3636,3855,3955,4028,4029,4030,5049,5733,5843,5953,5958,5959,5966,5976,5979,5987,5992,6146,6147,
64;0;196;225;1;8,27,60,95,97,137,144,148,149,225,234,241,255,308,329,390,391,395,398,401,402,573,640,644,645,838,891,938,968,1050,1052,1054,1056,1057,1117,1119,1146,1148,1164,1165,1166,1167,1169,1170,1171,1172,1176,1293,1359,1467,1474,1478,1669,2107,2134,2355,2426,2512,2815,3133,3435,3636,3855,3955,4028,4029,4030,5049,5733,5843,5953,5958,5959,5966,5976,5979,5987,8493,8494,8495,
64;1;225;259;1;8,27,60,95,97,137,144,148,149,225,234,241,255,308,329,390,391,395,398,401,402,573,640,644,645,838,891,938,968,1050,1052,1054,1056,1057,1117,1119,1146,1148,1164,1165,1166,1167,1169,1170,1171,1172,1293,1359,1474,1478,1669,2512,3178,3180,3311,3435,3663,3664,3665,3666,3667,3668,3669,3670,3671,3672,3673,3674,3675,3676,3677,3678,3679,3680,3681,3682,3683,3684,3685,3686,
698;0;259;347;1;8,26,27,60,95,97,137,144,148,149,225,234,241,255,308,329,390,391,395,398,401,402,573,640,644,645,838,891,938,968,1050,1052,1054,1056,1057,1117,1119,1146,1148,1164,1165,1166,1167,1169,1170,1171,1172,1269,1272,1280,1284,1286,1287,1290,1293,1294,1295,1322,1359,1474,1478,1669,2080,2512,3178,3180,3311,3435,3597,3624,3663,3664,3665,3666,3667,3668,4866,7062,7063,7064,
628;0;347;439;1;8,26,27,60,61,95,97,117,137,144,148,149,225,234,241,255,308,329,390,391,395,398,401,402,529,634,640,644,645,778,838,891,938,1050,1052,1054,1056,1057,1117,1119,1146,1148,1167,1170,1171,1172,1269,1270,1272,1279,1284,1285,1286,1287,1288,1289,1290,1293,1294,1295,1322,1359,1474,1478,1669,1876,1915,2265,2407,2512,2516,3402,3435,3597,4217,5540,7009,7999,8354,8355,
535;0;439;535;1;8,26,27,60,61,95,97,117,137,144,148,149,225,234,241,255,308,329,390,391,395,398,401,402,529,634,640,644,645,778,838,891,938,1050,1052,1054,1056,1057,1117,1119,1146,1148,1167,1170,1171,1172,1269,1270,1272,1279,1285,1286,1287,1288,1289,1293,1294,1295,1322,1359,1474,1478,1669,1915,2265,2512,3435,3597,3774,4217,5540,7009,7029,7879,8074,8075,8077,8115,8116,8354,
616;0;535;639;1;8,26,27,61,95,97,117,137,144,148,149,225,233,234,274,290,308,329,390,395,398,401,529,634,640,644,645,838,891,938,1050,1052,1054,1056,1057,1117,1119,1146,1167,1171,1172,1269,1270,1272,1285,1287,1288,1289,1293,1294,1295,1322,1359,1474,1478,1669,1836,1884,2265,2512,2559,2645,2658,2774,2775,2778,3435,3597,4217,4854,5331,5340,5370,5683,5684,5685,5686,5687,5688,5689,
693;0;639;745;1;2,8,27,95,137,138,144,149,187,225,226,234,273,276,288,290,291,308,310,314,329,351,390,395,397,398,400,401,404,490,640,644,647,855,891,938,1050,1052,1054,1057,1093,1117,1118,1146,1171,1172,1236,1359,1401,1428,1442,1474,1478,1502,1567,1668,1669,1676,1762,1919,2376,2512,2531,2532,2533,2534,2535,2536,2645,2778,2998,2999,3000,3001,3435,4502,6418,6419,7892,8486,
31;0;745;807;1;2,8,27,95,137,138,144,149,187,225,226,234,273,276,288,290,291,308,310,314,329,351,390,395,397,398,400,401,404,490,640,644,647,855,891,938,1050,1052,1054,1057,1093,1117,1118,1146,1171,1172,1236,1359,1401,1428,1442,1474,1478,1502,1567,1668,1669,1676,1762,1919,2376,2512,2531,2532,2533,2534,2535,2536,2645,2778,2998,2999,3000,3001,3435,4502,6418,6419,7892,8486,
31;1;807;856;1;2,8,27,95,137,138,144,149,187,225,226,234,273,276,288,290,291,308,310,314,329,351,390,395,397,398,400,401,404,490,640,644,647,855,891,938,1050,1052,1054,1057,1093,1117,1118,1146,1171,1172,1236,1359,1401,1428,1442,1474,1478,1502,1567,1668,1669,1676,1762,1919,2376,2512,2531,2532,2533,2534,2535,2536,2645,2778,2998,2999,3000,3001,3435,4502,6418,6419,7892,8486,
23;0;856;922;1;2,8,27,95,137,138,144,149,187,225,226,234,273,276,288,290,291,308,310,314,329,351,390,395,397,398,400,401,404,490,640,644,647,855,891,938,1050,1052,1054,1057,1093,1117,1118,1146,1171,1172,1236,1359,1401,1428,1442,1474,1478,1502,1567,1668,1669,1676,1762,1919,2376,2512,2531,2532,2533,2534,2535,2536,2645,2778,2998,2999,3000,3001,3435,4502,6418,6419,7892,8486,
23;1;922;972;1;2,8,27,95,137,138,144,149,187,225,226,234,273,276,288,290,291,308,310,314,329,351,390,395,397,398,400,401,404,490,640,644,647,855,891,938,1050,1052,1054,1057,1093,1117,1118,1146,1171,1172,1236,1359,1401,1428,1442,1474,1478,1502,1567,1668,1669,1676,1762,1919,2376,2512,2531,2532,2533,2534,2535,2536,2645,2778,2998,2999,3000,3001,3435,4502,6418,6419,7892,8486,
201;0;972;1133;0;2,8,27,95,137,138,144,149,187,225,226,234,273,276,288,290,291,308,310,314,329,351,390,395,397,398,400,401,404,490,640,644,647,855,891,938,1050,1052,1054,1057,1093,1117,1118,1146,1171,1172,1236,1359,1401,1428,1442,1474,1478,1502,1567,1668,1669,1676,1762,1919,2376,2512,2531,2532,2533,2534,2535,2536,2645,2778,2998,2999,3000,3001,3435,4502,6418,6419,7892,8486,
201;1;1133;1278;0;2,8,27,95,137,138,144,149,187,225,226,234,273,276,288,290,291,308,310,314,329,351,390,395,397,398,400,401,404,490,640,644,647,855,891,938,1050,1052,1054,1057,1093,1117,1118,1146,1171,1172,1236,1359,1401,1428,1442,1474,1478,1502,1567,1668,1669,1676,1762,1919,2376,2512,2531,2532,2533,2534,2535,2536,2645,2778,2998,2999,3000,3001,3435,4502,6418,6419,7892,8486,
126;0;1440;1580;0;144,177,262,267,272,273,287,288,289,290,291,295,303,305,306,308,313,395,434,442,595,890,891,892,893,894,895,896,897,898,899,900,901,902,903,904,905,906,907,908,909,910,911,912,913,915,916,917,918,919,920,921,922,923,924,925,926,927,928,929,930,931,932,933,934,935,936,937,938,939,940,941,942,943,2778,3616,3617,3618,3619,3620,
126;1;1580;1703;0;144,177,262,267,272,273,287,288,289,290,291,295,303,305,306,308,313,395,434,442,595,890,891,892,893,894,895,896,897,898,899,900,901,902,903,904,905,906,907,908,909,910,911,912,913,915,916,917,918,919,920,921,922,923,924,925,926,927,928,929,930,931,932,933,934,935,936,937,938,939,940,941,942,2778,8504,8505,8506,8507,8508,8509,
224;0;1703;1860;0;144,177,262,267,272,273,287,288,289,290,291,295,303,305,306,308,313,395,434,442,595,890,891,892,893,894,895,896,897,898,899,900,901,902,903,904,905,906,907,908,909,910,911,912,913,915,916,917,918,919,920,921,922,923,924,925,926,927,928,929,930,931,932,933,934,935,936,1201,2778,4603,4604,4612,4613,5305,5873,6749,8070,8071,8072,8073,
224;1;1860;1961;0;144,177,225,262,267,272,273,287,288,289,290,291,295,303,305,306,308,313,395,434,442,595,890,891,892,893,894,895,896,897,898,899,900,901,902,903,904,905,906,907,908,909,910,911,912,913,915,916,917,918,919,920,921,922,923,924,925,926,927,928,929,930,931,932,933,934,935,936,949,1052,1171,1201,2778,4603,4604,4612,4613,4730,5305,5627,
188;0;1961;2051;0;136,139,144,177,183,225,231,262,267,272,273,277,287,288,289,290,291,295,303,305,306,308,313,395,434,442,595,890,891,892,893,894,895,898,905,911,912,917,920,921,933,948,949,1052,1093,1171,1201,1478,1669,1807,1922,2053,2778,2953,3278,4033,4427,4533,4535,4553,4604,4902,4956,4959,4960,5274,5432,5627,6644,6645,6967,6968,6969,6970,6971,6972,6973,6974,6975,6976,
188;1;2051;2200;0;7,8,95,100,139,144,149,225,260,262,273,277,288,290,295,382,390,392,394,398,400,430,591,644,647,715,855,875,911,921,933,948,949,1049,1050,1051,1052,1053,1054,1057,1058,1059,1093,1177,1236,1360,1417,1469,1478,1481,1501,1670,1675,1749,1756,1973,2051,2222,2405,2432,2645,2674,2676,2695,2723,3069,3284,3920,4323,4511,5139,5206,5882,6347,6348,6349,6350,6351,6352,6353,
50;0;2200;2356;0;7,8,95,100,139,144,149,225,260,262,273,277,288,290,295,382,390,392,394,398,400,430,591,644,647,715,855,875,911,921,933,948,949,1049,1050,1051,1052,1053,1054,1057,1058,1059,1093,1177,1236,1360,1417,1469,1478,1481,1501,1670,1675,1749,1756,1973,2051,2222,2405,2432,2645,2674,2676,2695,2723,3069,3284,3920,4323,4511,5139,5206,5882,6347,6348,6349,6350,6351,6352,6353,
50;1;2356;2432;0;7,8,95,100,139,144,149,225,260,262,273,277,288,290,295,382,390,392,394,398,400,430,591,644,647,715,855,875,911,921,933,948,949,1049,1050,1051,1052,1053,1054,1057,1058,1059,1093,1177,1236,1360,1417,1469,1478,1481,1501,1670,1675,1749,1756,1973,2051,2222,2405,2432,2645,2674,2676,2695,2723,3069,3284,3920,4323,4511,5139,5206,5882,6347,6348,6349,6350,6351,6352,6353,
62;0;2432;2570;0;7,8,95,100,139,144,149,225,260,262,273,277,288,290,295,382,390,392,394,398,400,430,591,644,647,715,855,875,911,921,933,948,949,1049,1050,1051,1052,1053,1054,1057,1058,1059,1093,1177,1236,1360,1417,1469,1478,1481,1501,1670,1675,1749,1756,1973,2051,2222,2405,2432,2645,2674,2676,2695,2723,3069,3284,3920,4323,4511,5139,5206,5882,6347,6348,6349,6350,6351,6352,6353,
62;1;2880;2964;0;1,2,3,4,5,6,7,8,9,10,11,12,13,95,100,139,144,149,225,260,262,273,277,288,290,295,382,390,392,394,398,400,430,591,644,647,715,855,875,911,921,933,948,949,1049,1050,1051,1052,1053,1054,1057,1058,1059,1093,1177,1236,1360,1417,1469,1478,1481,1501,1670,1675,1749,1756,1973,2051,2222,2405,2432,2645,2674,2676,2695,2723,3069,3284,3920,5206,
120;0;2964;3008;0;1,2,3,7,8,9,95,100,139,144,149,225,234,262,273,277,288,290,295,329,377,382,390,392,394,398,400,404,430,591,607,644,647,715,855,911,921,933,948,949,1049,1050,1051,1054,1057,1093,1359,1417,1469,1474,1478,1481,1670,1675,1756,1973,2091,2092,2120,2337,2341,2405,2432,2645,2676,2715,3108,4419,4420,4753,4816,4859,5206,5725,6332,6333,6334,6335,6336,6337,
120;1;3008;3181;0;1,2,3,7,8,9,27,30,95,100,139,144,149,169,206,208,225,234,251,262,273,277,288,290,295,329,377,382,390,392,394,398,400,404,427,430,502,504,510,591,644,647,715,855,911,921,933,948,949,1049,1050,1051,1054,1057,1089,1093,1281,1359,1417,1469,1474,1478,1481,1580,1587,1670,1675,1756,1973,2091,2337,2405,2432,2645,2676,3010,3028,4859,5206,5725,
49;0;3181;3276;0;1,2,3,7,8,9,24,27,30,95,100,139,144,149,206,208,225,234,251,262,273,277,288,290,329,377,382,390,392,394,398,400,404,430,491,502,516,591,644,647,715,855,911,921,933,948,949,991,1049,1050,1051,1054,1057,1093,1281,1359,1417,1469,1474,1478,1481,1580,1587,1670,1675,1695,1756,1973,2091,2337,2405,2432,2512,2645,2676,3010,3544,4859,5206,5725,
49;1;3276;3390;0;2,7,8,9,24,27,30,95,100,139,144,149,208,225,234,251,262,273,277,288,290,329,377,382,390,392,394,398,400,404,430,432,443,502,591,644,647,715,855,911,921,933,948,949,1049,1050,1051,1054,1057,1093,1281,1359,1399,1417,1469,1472,1474,1476,1478,1481,1580,1587,1670,1675,1973,2091,2337,2359,2405,2432,2512,2645,2676,3010,3435,4859,4903,5206,6181,6186,
161;0;3390;3540;0;2,7,8,9,24,27,30,95,100,139,144,145,149,208,225,234,251,262,273,277,288,290,314,321,329,377,382,390,392,394,398,400,404,430,432,443,502,591,640,644,647,715,855,911,933,948,949,1049,1050,1051,1054,1057,1093,1359,1417,1469,1472,1474,1476,1478,1479,1481,1580,1587,1670,1675,1973,2091,2337,2405,2425,2512,2536,2645,2676,3010,4859,5181,5182,5206,
161;1;3540;3564;0;2,7,8,9,24,27,30,95,100,139,144,145,149,208,225,234,251,262,273,277,288,290,314,321,329,377,382,390,392,394,398,400,404,429,430,432,443,502,591,640,644,647,715,855,911,948,949,1049,1050,1051,1054,1057,1093,1146,1359,1363,1417,1469,1472,1474,1476,1478,1479,1481,1580,1587,1670,1675,1973,2091,2337,2381,2405,2512,2645,2676,2824,3010,4859,5206,
92;0;3564;3578;0;8,9,24,26,27,95,139,144,145,149,208,225,234,251,262,273,277,288,314,321,329,377,382,390,398,400,404,429,430,432,443,502,528,591,634,647,715,855,948,949,1051,1093,1146,1267,1269,1273,1287,1288,1293,1294,1295,1322,1417,1469,1472,1474,1476,1478,1479,1481,1580,1587,1670,1778,1783,1784,2091,2241,2264,2337,2485,2512,2676,3010,3700,4620,5105,5122,5123,5206,
92;1;3578;3736;0;9,26,139,144,145,148,225,339,377,379,390,398,399,400,429,430,432,443,528,529,647,815,920,1051,1056,1117,1118,1146,1167,1266,1268,1270,1288,1293,1294,1322,1390,1469,1476,1489,1734,1736,1744,1751,1755,1764,1811,1814,2240,2241,2242,2264,2338,2339,2410,2573,2583,2676,2751,2802,2876,3010,3037,3286,3461,3702,4217,4624,5030,5174,6399,6968,7448,7449,7787,7788,7789,7790,7791,7792,
183;0;3736;3863;0;9,26,139,144,145,148,225,339,377,379,390,398,399,400,429,430,432,443,528,529,647,815,920,1051,1056,1117,1118,1146,1167,1266,1268,1270,1288,1293,1294,1322,1390,1469,1476,1489,1734,1736,1744,1751,1755,1764,1811,1814,2240,2241,2242,2264,2338,2339,2410,2573,2583,2676,2751,2802,2876,3010,3037,3286,3461,3702,4217,4624,5030,5174,6399,6968,7448,7449,7787,7788,7789,7790,7791,7792,
183;1;3863;3904;0;9,26,139,144,145,148,225,339,377,379,390,398,399,400,429,430,432,443,528,529,647,815,920,1051,1056,1117,1118,1146,1167,1266,1268,1270,1288,1293,1294,1322,1390,1469,1476,1489,1734,1736,1744,1751,1755,1764,1811,1814,2240,2241,2242,2264,2338,2339,2410,2573,2583,2676,2751,2802,2876,3010,3037,3286,3461,3702,4217,4624,5030,5174,6399,6968,7448,7449,7787,7788,7789,7790,7791,7792,
552;0;4320;4488;0;9,26,139,144,145,148,225,274,276,339,377,379,390,398,399,400,429,430,432,443,528,529,647,815,849,920,1051,1056,1117,1118,1146,1167,1266,1268,1270,1288,1293,1294,1322,1374,1390,1469,1476,1489,1734,1736,1744,1751,1755,1759,1764,1811,1814,2240,2241,2242,2264,2338,2339,2410,2573,2583,2676,2751,2802,2876,3010,3037,3286,3461,3527,3702,5900,6022,6201,7463,8449,8582,8583,8584,
601;0;4488;4651;0;9,26,139,143,144,145,146,148,225,259,274,276,289,339,377,379,390,395,398,399,400,429,430,432,443,528,529,645,647,648,704,815,849,917,920,1051,1056,1117,1118,1121,1146,1167,1231,1266,1268,1270,1288,1293,1294,1322,1375,1390,1476,1488,1734,1736,1759,1814,2264,2338,2339,2573,2676,2961,2988,3010,3034,3037,3267,3268,3286,3702,4834,5778,6108,6110,6127,6603,7039,7040,
655;0;4651;4808;0;9,26,139,143,144,145,146,148,225,259,274,276,289,339,377,379,390,395,398,399,400,429,430,432,443,470,528,529,645,647,648,704,815,849,917,920,1051,1056,1117,1118,1121,1146,1167,1231,1266,1268,1270,1288,1293,1294,1322,1341,1375,1390,1476,1488,1734,1736,1759,1814,2264,2338,2339,2573,2676,2961,2988,3010,3034,3037,3267,3268,3286,3702,4834,5778,6108,6110,6127,6603,
209;0;4808;4896;0;9,26,139,143,144,145,146,148,225,259,274,276,289,339,377,379,390,395,398,399,400,429,430,432,443,470,528,529,645,647,648,704,815,849,891,917,920,1051,1056,1117,1118,1121,1146,1167,1231,1266,1268,1270,1288,1293,1294,1322,1341,1375,1390,1476,1484,1488,1734,1736,1759,1814,2264,2338,2339,2573,2676,2961,2988,3010,3034,3037,3267,3268,3286,3702,4834,5778,6093,6108,
209;1;4896;4962;0;9,26,139,144,145,148,225,274,276,289,377,379,390,395,398,400,429,430,432,443,528,647,648,704,815,849,862,891,1117,1118,1121,1146,1167,1266,1268,1270,1288,1293,1307,1322,1390,1484,1488,1734,1736,1759,1814,2264,2338,2468,2573,2676,2774,2775,2961,2988,3010,3034,3037,3267,3532,3702,4604,4639,4641,4994,4995,4996,4997,4998,4999,5000,5001,5002,5003,5004,5005,5006,5007,5008,
550;0;4962;5113;0;9,26,28,137,139,144,145,149,221,225,226,229,231,240,242,245,262,266,268,276,289,377,390,395,400,401,405,429,430,432,443,528,565,647,719,849,891,1119,1146,1149,1167,1266,1268,1288,1293,1390,1488,1607,1608,1609,1610,1611,1612,1613,1614,1615,1616,1617,1618,1619,1620,1621,1622,1623,1624,1625,1626,1759,1814,2264,2988,3010,3037,3532,3702,7804,8175,8190,8208,8425,
594;0;5113;5261;0;9,26,28,137,139,144,145,149,221,225,226,229,231,240,242,245,262,266,268,276,289,377,390,395,400,401,405,429,430,432,443,528,565,647,719,849,891,1119,1146,1149,1167,1266,1268,1288,1293,1390,1488,1607,1608,1609,1610,1611,1612,1613,1614,1615,1616,1617,1618,1619,1620,1621,1622,1623,1624,1625,1626,1759,1814,2264,2988,3010,3037,3532,3702,7804,8175,8190,8208,8425,
122;0;5261;5291;0;9,26,28,137,139,144,145,149,221,225,226,229,231,240,242,245,262,266,268,276,289,377,390,395,400,401,405,429,430,432,443,528,565,647,719,849,891,1119,1146,1149,1167,1266,1268,1288,1293,1390,1488,1607,1608,1609,1610,1611,1612,1613,1614,1615,1616,1617,1618,1619,1620,1621,1622,1623,1624,1625,1626,1759,1814,2264,2988,3010,3037,3532,3702,7804,8175,8190,8208,8425,
122;1;5760;5875;0;9,26,28,137,139,144,145,149,221,225,226,229,231,240,242,245,262,266,268,276,289,377,390,395,400,401,429,430,528,647,736,738,748,849,891,1119,1146,1167,1266,1268,1269,1271,1272,1285,1287,1288,1289,1293,1332,1390,1419,1488,1570,1577,1759,1780,1781,1793,1795,1814,2187,2239,2257,2264,2265,2849,2856,2988,3037,3532,3700,3701,3702,3703,3704,3705,3706,3707,3708,3709,
160;0;5875;5984;0;9,26,28,137,139,144,145,149,221,225,226,229,231,240,242,245,262,266,268,276,288,289,377,390,395,397,400,401,429,430,528,591,647,736,738,748,849,891,1119,1146,1167,1266,1268,1269,1271,1272,1285,1287,1288,1289,1293,1332,1390,1419,1474,1480,1488,1570,1577,1759,1780,1781,1793,1795,1814,1921,2053,2187,2239,2257,2264,2265,2849,2856,2988,3037,3532,3703,3708,6860,
160;1;5984;6018;0;9,26,28,137,139,144,145,149,196,221,225,226,229,231,240,242,245,247,248,262,266,268,276,288,289,377,390,395,397,400,401,429,430,528,591,647,736,738,748,849,891,1119,1146,1167,1266,1268,1269,1271,1272,1285,1287,1288,1289,1293,1332,1390,1419,1474,1480,1488,1570,1577,1759,1780,1781,1793,1795,1814,2216,2849,2941,2988,3037,3532,3603,3604,3605,3606,3703,3708,
515;0;6018;6157;0;9,26,28,61,137,139,144,145,149,188,196,221,225,226,229,231,240,242,245,247,248,251,262,266,268,276,288,289,377,390,395,397,400,401,429,430,528,591,647,736,738,748,849,891,1119,1146,1167,1266,1268,1269,1271,1272,1287,1293,1332,1390,1474,1488,1712,1759,1814,1868,1936,2306,2849,2941,2988,3037,3255,3532,3604,3605,3692,3693,3694,3695,3696,3697,3703,3708,
231;0;6157;6196;0;9,26,28,61,137,139,144,145,149,188,196,221,225,226,229,231,240,242,245,247,248,251,262,266,268,276,288,289,321,377,390,395,397,400,401,429,430,528,591,647,736,738,748,849,891,1119,1146,1167,1266,1268,1269,1271,1272,1287,1293,1332,1390,1474,1488,1712,1759,1814,1868,1936,2306,2849,2941,2988,3037,3255,3337,3532,3604,3605,3692,3703,3708,7712,7720,7721,
231;1;6196;6292;0;8,9,26,28,61,137,139,144,145,149,188,196,221,225,226,229,231,240,242,245,247,248,251,262,266,268,276,288,289,321,377,390,395,397,400,401,404,429,430,528,591,647,736,738,748,849,891,1119,1134,1146,1167,1266,1268,1269,1271,1272,1287,1293,1332,1390,1473,1474,1488,1712,1757,1759,1809,1814,1868,1936,2306,2849,2941,2988,3037,3532,3604,3605,3703,3708,
536;0;6292;6417;0;8,9,26,28,117,137,139,144,145,149,225,226,229,231,233,240,245,247,251,262,266,268,276,288,289,321,329,377,390,395,400,401,404,429,430,435,528,591,647,736,838,849,891,949,1119,1134,1146,1167,1266,1268,1269,1272,1287,1293,1332,1390,1474,1478,1488,1669,1671,1759,1814,2091,2306,2337,2849,2941,2988,3037,3532,3604,3605,3703,3708,4547,4548,4630,4645,6393,
16;0;6417;6507;0;17,20,24,25,38,40,46,52,76,97,137,139,144,145,149,177,179,181,225,231,234,251,262,272,273,287,288,302,304,305,308,311,313,314,317,321,329,377,395,400,403,429,442,446,480,595,647,891,949,1131,1136,1137,1266,1269,1277,1293,1430,1472,1474,1478,1488,1676,1677,1707,1922,1932,1933,2194,2988,3121,3130,3597,3604,3605,3703,3708,4119,4450,4620,5476,
16;1;6507;6540;0;17,20,24,25,38,40,46,52,76,97,137,139,144,145,149,177,179,181,225,231,234,251,262,272,273,287,288,302,304,305,308,311,313,314,317,321,329,377,395,400,403,429,442,446,480,595,647,891,949,1131,1136,1137,1266,1269,1277,1293,1430,1472,1474,1478,1488,1676,1677,1707,1922,1932,1933,2194,2988,3121,3130,3597,3604,3605,3703,3708,4119,4450,4620,5476,
603;0;6540;6649;0;17,20,24,25,38,40,46,52,76,97,137,139,144,145,149,177,179,181,225,231,234,251,262,272,273,287,288,302,304,305,308,311,313,314,317,321,329,377,395,400,403,429,442,446,480,595,647,891,949,1131,1136,1137,1266,1269,1277,1293,1430,1472,1474,1478,1488,1676,1677,1707,1922,1932,1933,2194,2988,3121,3130,3597,3604,3605,3703,3708,4119,4450,4620,5476,
121;0;6649;6715;0;17,20,24,25,38,40,46,52,76,97,137,139,144,145,149,177,179,181,225,231,234,251,262,272,273,287,288,302,304,305,308,311,313,314,317,321,329,377,395,400,403,429,442,446,480,595,647,891,949,1131,1136,1137,1266,1269,1277,1293,1430,1472,1474,1478,1488,1676,1677,1707,1922,1932,1933,2194,2988,3121,3130,3597,3604,3605,3703,3708,4119,4450,4620,5476,
121;1;7200;7235;0;20,24,25,38,46,52,53,97,137,139,144,145,149,177,181,225,231,234,251,262,272,273,287,288,302,305,313,314,317,321,329,377,395,400,403,429,442,647,891,949,1266,1269,1293,1324,1430,1472,1474,1478,1488,1596,1676,1783,1906,1932,2153,2175,2419,2479,2480,2481,2485,2988,3121,3130,3269,3306,3604,3605,3703,3708,3767,3807,3841,4450,4874,5058,5112,5463,7359,7945,
668;0;7235;7324;0;20,24,25,38,46,52,53,88,97,137,139,144,145,149,177,181,225,231,234,251,262,272,273,277,287,288,291,302,305,313,314,317,321,329,377,395,400,403,429,442,647,767,773,891,949,1266,1269,1293,1324,1430,1472,1474,1478,1488,1530,1596,1676,1783,1914,1915,1932,2175,2668,2714,2806,2898,2988,3121,3130,3703,3708,4093,4450,6098,6099,7217,7423,8238,8567,8568,
690;0;7324;7407;0;20,24,25,38,46,52,53,88,97,137,139,144,145,149,177,225,231,234,251,262,272,273,277,287,288,291,302,305,313,314,321,329,377,395,400,429,647,767,773,855,891,949,1148,1266,1293,1417,1474,1478,1479,1488,1540,1604,1914,1915,1932,2175,2544,2696,2898,2988,3130,3258,3703,3708,4093,4428,4450,4818,5217,5218,5219,5220,5221,5222,5223,6098,6099,7217,7423,8238,
621;0;7407;7486;0;20,24,25,38,46,52,53,88,97,137,139,144,145,149,177,225,231,234,251,262,272,273,277,287,288,291,302,305,313,314,321,329,377,395,400,429,647,767,773,855,891,949,1148,1266,1293,1417,1474,1478,1479,1488,1540,1604,1914,1915,1932,2157,2175,2178,2232,2544,2696,2847,2898,2988,3130,3258,3703,3708,4093,4428,4450,5223,5944,5945,5946,6098,6099,7217,7423,8238,
579;0;7486;7562;0;20,24,25,38,46,52,53,88,97,137,139,144,145,149,177,225,231,234,251,262,272,273,277,287,288,291,302,305,313,314,321,329,377,395,400,429,647,767,773,855,891,949,1148,1266,1293,1417,1474,1478,1479,1488,1540,1604,1914,1915,1932,2157,2175,2178,2232,2544,2696,2847,2898,2988,3130,3258,3447,3703,3708,4093,4428,4450,4598,4599,5223,6098,6099,7217,7423,8238,
662;0;7562;7635;0;20,24,25,38,46,52,53,88,97,137,139,144,145,149,177,225,231,234,251,262,272,273,277,287,288,291,302,305,313,314,321,329,377,395,400,429,647,767,773,855,891,949,1148,1266,1293,1417,1474,1478,1479,1488,1540,1604,1914,1915,1932,2157,2175,2178,2232,2544,2696,2847,2898,2988,3130,3258,3447,3703,3708,4093,4428,4450,5223,6098,6099,6145,7217,7423,8238,8290,
111;0;7635;7639;0;20,24,25,38,46,52,53,88,97,137,139,144,145,149,177,225,231,234,241,251,262,272,273,277,287,288,291,302,305,313,314,321,329,377,391,395,400,429,647,767,773,855,891,948,949,1148,1266,1293,1417,1474,1478,1479,1488,1540,1604,1816,1914,1915,1932,2157,2175,2178,2232,2544,2696,2847,2898,2988,3130,3447,3703,3708,4093,4450,5223,6098,6099,7217,7423,8238,
111;1;7639;7705;0;20,24,25,38,46,52,53,88,97,137,139,144,145,149,177,225,231,234,241,251,262,272,273,277,287,288,291,302,305,313,314,321,329,377,391,395,400,429,647,767,773,855,891,948,949,1045,1148,1266,1293,1417,1474,1478,1479,1488,1540,1604,1816,1914,1915,1932,2157,2175,2178,2232,2544,2696,2847,2898,2988,3447,3703,3708,4093,4450,5223,6098,6099,7217,7423,8238,
142;0;7705;7719;0;20,24,25,38,46,52,53,88,97,137,139,144,145,149,177,225,231,234,241,251,262,272,273,277,287,288,291,302,305,313,314,321,329,377,391,395,400,429,647,767,773,855,891,948,949,1045,1148,1266,1293,1417,1474,1478,1479,1488,1540,1604,1816,1914,1915,1932,2157,2175,2178,2232,2544,2696,2898,2960,2988,3447,3703,3708,4093,4450,5223,6098,6099,7217,7423,8238,
142;1;7719;7772;0;20,24,25,27,38,46,52,53,60,88,97,137,139,144,145,149,177,225,231,234,241,251,256,262,272,273,277,287,288,291,302,305,313,314,321,329,377,391,395,400,429,555,647,655,767,773,855,891,948,949,971,987,1045,1266,1293,1474,1478,1479,1540,1580,1914,1915,1932,2036,2175,2898,2988,3396,3447,3703,3708,4093,4450,5223,6098,6099,7217,7423,7831,8238,
508;0;7772;7837;0;20,24,25,27,38,46,52,53,60,88,97,137,139,144,145,149,177,225,231,234,241,251,256,262,272,273,277,287,288,291,302,305,313,314,321,329,377,391,395,400,429,555,647,655,767,773,855,891,948,949,971,987,1045,1266,1293,1474,1478,1479,1481,1540,1580,1914,1915,1932,2036,2175,2898,2988,3396,3447,3703,3708,4093,4450,5223,6098,6099,7217,7423,8238,
599;0;7837;7897;0;24,25,38,46,52,53,60,88,95,97,137,139,144,145,177,225,231,234,241,262,273,276,277,287,288,291,302,305,313,321,329,337,395,400,429,555,647,655,680,681,765,767,773,844,849,855,948,949,1266,1293,1474,1478,1479,1529,1914,1915,2898,2988,3447,3529,3532,3703,3708,3745,4093,4404,4405,4406,4407,4408,4409,4410,4411,4412,4450,5223,6098,6099,7423,8238,
87;0;7897;7901;0;24,25,38,46,52,53,55,60,88,95,97,137,139,144,145,177,205,208,225,231,234,241,262,273,276,277,287,288,291,302,305,313,321,329,337,395,400,419,429,487,553,554,555,647,655,680,681,765,767,773,855,948,949,1266,1282,1293,1474,1478,1479,1512,1529,1587,1914,1915,2512,2898,2988,3447,3577,3703,3708,4093,4450,5223,5376,6098,6099,7423,8238,9202,
87;1;7901;7953;0;18,21,24,25,37,38,42,45,46,50,52,137,139,144,210,225,262,277,288,289,292,329,351,382,395,400,429,502,622,647,651,715,736,778,814,855,912,948,949,977,1006,1007,1011,1055,1146,1167,1170,1200,1305,1390,1427,1474,1723,1814,1834,1835,1836,1840,1843,1914,1996,2247,2370,2413,3037,3125,3249,4500,4575,4917,4918,5223,5742,5792,5834,5835,7423,7796,7797,7798,
589;0;7953;7997;0;18,21,24,25,37,38,42,45,46,50,52,137,139,144,210,225,262,277,288,289,292,329,351,382,395,400,429,502,622,647,651,715,736,778,814,855,912,948,949,977,1006,1007,1011,1055,1146,1167,1170,1200,1305,1390,1427,1474,1723,1814,1834,1835,1836,1840,1843,1914,1996,2247,2370,2413,3037,3125,3249,4500,4575,4917,4918,5223,5742,5792,5834,5835,7423,7796,7797,7798,
566;0;7997;8038;0;18,21,24,25,37,38,42,45,46,50,52,137,139,144,210,225,262,277,288,289,292,329,351,382,395,400,429,502,622,647,651,715,736,778,814,855,912,948,949,977,1006,1007,1011,1055,1146,1167,1170,1200,1305,1390,1427,1474,1723,1814,1834,1835,1836,1840,1843,1914,1996,2247,2370,2413,3037,3125,3249,4500,4575,4917,4918,5223,5742,5792,5834,5835,7423,7796,7797,7798,
Machine: 2
622;0;0;11;1;19,20,26,30,34,38,40,46,55,74,76,79,113,189,221,364,430,476,497,528,546,578,644,778,979,1196,1214,1268,1277,1279,1288,1293,1294,1295,1322,1390,1898,1936,1980,1999,2027,2066,2080,2091,2158,2197,2315,2423,2628,2705,2709,2796,3022,3609,3627,3766,3796,3855,3870,3933,3934,3935,4294,4645,5058,5100,5496,5825,6244,6957,7029,7071,7072,7073,7296,7308,7316,8305,8801,8805,
624;0;11;32;1;19,20,26,30,34,38,40,46,55,74,76,79,113,189,221,364,430,476,497,528,546,578,644,778,979,1196,1214,1268,1277,1279,1288,1293,1294,1295,1322,1390,1898,1936,1980,1999,2027,2066,2080,2091,2158,2197,2315,2423,2628,2705,2709,2796,3022,3609,3627,3766,3796,3855,3870,3933,3934,3935,4294,4645,5058,5100,5496,5825,6244,6957,7029,7071,7072,7073,7296,7308,7316,8305,8801,8805,
593;0;32;80;1;19,20,26,30,34,38,40,46,55,74,76,79,113,189,221,364,430,476,497,528,546,578,644,778,979,1196,1214,1268,1277,1279,1288,1293,1294,1295,1322,1390,1898,1936,1980,1999,2027,2066,2080,2091,2158,2197,2315,2423,2628,2705,2709,2796,3022,3609,3627,3766,3796,3855,3870,3933,3934,3935,4294,4645,5058,5100,5496,5825,6244,6957,7029,7071,7072,7073,7296,7308,7316,8305,8801,8805,
687;0;80;130;1;19,20,26,30,34,38,40,46,55,74,76,79,113,189,221,364,430,476,497,528,546,578,644,778,979,1196,1214,1268,1277,1279,1288,1293,1294,1295,1322,1390,1898,1936,1980,1999,2027,2066,2080,2091,2158,2197,2315,2423,2628,2705,2709,2796,3022,3609,3627,3766,3796,3855,3870,3933,3934,3935,4294,4645,5058,5100,5496,5825,6244,6957,7029,7071,7072,7073,7296,7308,7316,8305,8801,8805,
488;0;130;186;1;19,20,26,30,34,38,40,46,55,74,76,79,113,189,221,364,430,476,497,528,546,578,644,778,979,1196,1214,1268,1275,1277,1279,1288,1293,1294,1295,1322,1390,1898,1936,1980,1984,1997,1999,2027,2066,2080,2091,2158,2197,2315,2423,2628,2705,2709,2796,3022,3577,3609,3627,3766,3796,3855,3870,3933,3934,3935,3936,3937,3938,3939,3940,3941,4294,4645,5058,5100,5496,5825,6244,6957,
165;0;186;215;1;19,20,24,26,30,34,38,40,46,49,55,74,76,79,113,189,221,364,430,476,497,516,528,529,546,578,644,778,979,1013,1091,1196,1214,1268,1275,1277,1279,1288,1293,1294,1295,1322,1329,1390,1898,1936,1980,1984,1997,1999,2027,2066,2080,2091,2158,2197,2221,2315,2407,2423,2628,2705,2709,2796,3022,3577,3609,3627,3766,3796,3855,3870,3933,3934,3935,3936,4647,5825,6244,6385,
165;1;215;257;1;19,20,24,26,30,34,38,40,46,49,55,74,76,79,113,189,221,280,364,430,476,497,516,528,529,644,778,979,1214,1268,1275,1279,1288,1293,1294,1295,1322,1390,1898,1980,1984,2091,2158,2197,2221,2315,2407,2628,2796,2842,3304,3577,3609,3870,4703,5468,5477,5513,5825,6244,6251,6252,6253,6446,6986,6987,6988,6989,6990,6991,6992,6993,6994,6995,6996,6997,6998,6999,7000,7001,
513;0;257;337;1;19,20,24,26,30,34,38,40,46,49,54,55,74,76,79,113,189,221,280,364,430,476,497,516,528,529,644,778,979,1214,1268,1275,1279,1288,1293,1294,1295,1322,1390,1587,1898,1980,1984,2091,2158,2197,2221,2315,2407,2628,2796,2842,2868,3304,3510,3544,3577,3609,3719,3767,3781,3807,3870,4703,5468,5477,5513,5825,6244,6251,6252,6253,6446,6986,6987,6988,6989,6990,6991,7999,
631;0;337;421;1;19,20,24,26,30,34,38,40,46,49,54,55,68,74,76,79,113,189,208,221,251,280,364,412,415,430,474,476,497,516,528,529,644,655,778,794,979,1214,1268,1275,1279,1288,1293,1294,1295,1322,1390,1423,1587,1707,1898,1935,1980,1984,2018,2091,2158,2197,2221,2315,2407,2628,2796,2842,2868,3070,3304,3345,3510,3544,3577,3609,3719,3767,3781,3807,3870,4703,5825,6244,
13;0;421;481;1;19,20,24,26,30,34,38,40,46,49,54,55,68,74,76,79,113,189,208,221,251,280,364,412,415,430,474,476,497,516,528,529,644,655,778,794,979,1214,1268,1275,1279,1288,1293,1294,1295,1322,1390,1423,1587,1707,1898,1935,1980,1984,2018,2091,2158,2197,2221,2315,2407,2628,2796,2842,2868,3070,3204,3304,3345,3510,3544,3577,3609,3719,3767,3807,3870,5825,6244,8111,
13;1;481;518;1;19,20,24,26,27,30,34,38,40,46,49,54,55,68,74,76,79,113,189,208,221,247,251,280,364,366,412,415,430,457,474,476,497,528,529,644,728,778,979,1214,1268,1275,1279,1288,1293,1294,1295,1322,1390,1423,1587,1898,1980,1984,2091,2158,2174,2190,2197,2220,2221,2232,2315,2407,2628,2796,2842,2941,3060,3070,3421,3422,3577,3609,3807,3831,3842,3870,5825,6244,
216;0;518;605;1;19,20,24,26,27,30,34,38,40,46,49,54,55,68,74,76,79,91,98,113,144,189,208,221,251,276,337,340,430,457,476,528,529,583,644,765,778,858,979,1078,1214,1268,1275,1279,1288,1293,1294,1295,1322,1390,1423,1587,1844,1883,1884,1885,1886,1898,1980,1984,2091,2158,2197,2220,2221,2315,2407,2628,2796,2842,2941,3060,3070,3421,3577,3609,3807,3870,5825,6244,
216;1;605;625;1;19,24,26,27,34,38,40,46,54,55,76,79,87,96,113,144,149,189,221,251,343,430,457,476,528,529,583,644,704,765,766,778,863,952,979,1214,1268,1275,1279,1288,1293,1294,1295,1322,1390,1423,1567,1587,1980,1984,2158,2197,2220,2221,2315,2407,2628,2678,2692,2796,2842,2941,3060,3070,3421,3446,3532,3577,3609,3807,3870,4748,4857,5230,5379,5825,6216,6217,6218,6244,
170;0;625;704;1;19,24,26,27,34,38,40,46,54,55,76,79,87,96,113,144,149,189,221,251,343,430,457,476,528,529,583,644,765,766,778,863,979,1214,1268,1275,1279,1288,1293,1294,1295,1322,1390,1423,1481,1587,1980,1984,2158,2197,2220,2221,2315,2407,2628,2678,2796,2842,2941,3060,3070,3421,3577,3609,3807,3870,4857,5379,5825,6244,8143,8190,8194,8197,8198,8199,8200,8203,8204,8205,
170;1;704;748;1;15,19,24,25,34,36,44,76,100,138,139,144,145,149,225,231,291,321,342,351,377,395,421,429,591,640,647,677,715,766,836,854,855,863,875,927,949,1118,1147,1179,1247,1261,1474,1480,1521,1582,1605,1606,1661,1662,1663,1664,1665,1666,1667,1668,1669,1670,1671,1672,1673,1674,1978,1980,2158,2546,2628,2645,2678,2679,3291,3698,4287,4803,5209,6161,6162,7838,8171,8174,
654;0;748;873;1;15,19,24,25,34,36,44,76,100,138,139,144,145,149,225,231,291,321,342,351,377,395,421,429,591,640,647,677,715,766,836,854,855,863,875,927,949,1118,1147,1179,1247,1261,1474,1480,1521,1582,1605,1606,1661,1662,1663,1664,1665,1666,1667,1668,1669,1670,1671,1672,1673,1674,1978,1980,2158,2546,2628,2645,2678,2679,3291,3698,4287,4803,5209,6161,6162,7838,8171,8174,
507;0;873;1009;1;15,19,24,25,34,36,44,76,100,138,139,144,145,149,225,231,291,321,342,351,377,395,421,429,591,640,647,677,715,766,836,854,855,863,875,927,949,1118,1147,1179,1247,1261,1474,1480,1521,1582,1605,1606,1661,1662,1663,1664,1665,1666,1667,1668,1669,1670,1671,1672,1673,1674,1978,1980,2158,2546,2628,2645,2678,2679,3291,3698,4287,4803,5209,6161,6162,7838,8171,8174,
11;0;1009;1017;1;15,19,24,25,34,36,44,76,100,138,139,144,145,149,225,231,291,321,342,351,377,395,421,429,591,640,647,677,715,766,836,854,855,863,875,927,949,1118,1147,1179,1247,1261,1474,1480,1521,1582,1605,1606,1661,1662,1663,1664,1665,1666,1667,1668,1669,1670,1671,1672,1673,1674,1978,1980,2158,2546,2628,2645,2678,2679,3291,3698,4287,4803,5209,6161,6162,7838,8171,8174,
11;1;1017;1149;1;15,19,24,25,34,36,44,76,100,138,139,144,145,149,225,231,291,321,342,351,377,395,421,429,591,640,647,677,715,766,836,854,855,863,875,927,949,1118,1147,1179,1247,1261,1474,1480,1521,1582,1605,1606,1661,1662,1663,1664,1665,1666,1667,1668,1669,1670,1671,1672,1673,1674,1978,1980,2158,2546,2628,2645,2678,2679,3291,3698,4287,4803,5209,6161,6162,7838,8171,8174,
525;0;1440;1591;1;15,19,24,25,34,36,44,76,100,138,139,144,145,149,225,231,262,288,291,321,342,351,377,395,404,421,429,591,640,647,677,715,766,836,854,855,863,875,912,921,927,949,1118,1147,1179,1247,1261,1474,1478,1480,1521,1582,1605,1606,1661,1662,1663,1664,1665,1666,1667,1668,1669,1670,1671,1672,1673,1674,1763,1848,1980,2158,2546,2628,2645,2678,3435,3698,6234,6307,
196;0;1591;1668;1;19,24,34,95,137,144,149,225,234,245,262,267,268,273,285,288,290,291,304,306,313,314,317,351,377,382,395,404,429,434,595,640,875,892,905,912,939,1118,1165,1170,1177,1207,1209,1211,1484,1676,1738,1763,1919,1970,1980,2132,2133,2158,2356,2357,2358,2359,2360,2361,2362,2363,2364,2365,2366,2367,2368,2369,2370,2371,2372,2373,2374,2375,2376,2377,2378,2379,2380,2381,
196;1;1668;1746;1;19,24,34,60,95,137,144,149,214,225,234,245,262,267,268,273,285,288,290,291,304,306,313,314,317,351,377,382,395,404,429,434,595,640,875,882,892,905,912,939,1118,1165,1170,1177,1207,1209,1211,1293,1484,1676,1738,1763,1919,1970,1980,2005,2132,2133,2158,2356,2357,2358,2359,2360,2361,2362,2363,2364,2365,2366,2367,2368,2369,2381,3542,4221,4222,4223,4224,4225,
670;0;1746;1906;1;19,24,34,60,70,95,137,144,149,169,189,214,225,234,245,262,267,268,273,285,288,290,291,304,306,313,314,317,351,377,382,395,404,419,429,434,595,640,787,875,882,892,905,912,939,1063,1118,1165,1170,1177,1207,1209,1211,1293,1484,1541,1676,1738,1763,1919,1970,1980,2005,2132,2133,2158,2206,2356,2357,2358,2359,2360,2361,2381,2512,2918,3255,3577,3827,3990,
9;0;1906;1952;1;8,19,24,34,60,70,95,137,144,149,169,189,214,225,234,245,262,267,268,273,285,288,290,291,304,306,313,314,317,351,377,382,390,391,395,398,404,419,429,434,595,640,645,648,787,875,882,892,905,912,939,1063,1118,1146,1165,1170,1177,1207,1209,1211,1293,1468,1473,1484,1541,1676,1738,1763,1919,1933,1970,1980,2005,2102,2108,2132,2133,2381,2458,2512,
9;1;1952;2067;1;8,19,24,34,60,70,95,137,144,149,169,189,214,225,234,245,248,262,267,268,273,285,288,290,291,304,306,313,314,317,351,377,382,390,391,395,398,404,419,429,434,529,595,640,645,648,787,875,882,892,905,912,939,1063,1118,1146,1165,1207,1211,1293,1295,1473,1484,1676,1763,1793,1933,1970,2133,2381,2512,2793,2794,2795,2796,2797,2798,2799,2800,2801,
128;0;2067;2197;1;18,19,21,24,34,37,55,70,95,137,144,146,149,170,178,189,212,225,234,245,262,288,290,291,304,314,377,390,396,398,404,429,434,597,631,787,875,1027,1063,1117,1118,1145,1146,1149,1293,1295,1313,1476,1479,1481,1763,1920,1941,1942,1943,1944,1945,1970,2197,2851,2852,2853,2854,2855,3739,4272,4473,4964,4965,4966,4972,5182,5471,5645,5846,6244,6441,7658,8601,8602,
128;1;2197;2230;1;18,19,21,24,34,37,55,70,95,137,144,146,149,170,178,189,212,225,234,245,262,288,290,291,304,314,377,390,396,398,404,429,434,597,631,787,875,1027,1063,1117,1118,1145,1146,1149,1293,1295,1313,1476,1479,1481,1763,1920,1941,1942,1943,1944,1945,1970,2197,2851,2852,2853,2854,2855,3739,4272,4473,4964,4965,4966,4972,5182,5471,5645,5846,6244,6441,7658,8601,8602,
607;0;2230;2396;1;18,19,21,24,34,37,55,70,95,137,144,146,149,170,178,189,212,225,234,245,262,288,290,291,304,314,377,390,396,398,404,429,434,597,631,787,875,1027,1063,1117,1118,1145,1146,1149,1293,1295,1313,1476,1479,1481,1763,1920,1941,1942,1943,1944,1945,1970,2197,2851,2852,2853,2854,2855,3739,4272,4473,4964,4965,4966,4972,5182,5471,5645,5846,6244,6441,7658,8601,8602,
534;0;2396;2564;1;18,19,21,24,34,37,55,70,95,137,144,146,149,170,178,189,212,225,234,245,262,288,290,291,304,314,377,390,396,398,404,429,434,597,631,787,875,1027,1063,1117,1118,1145,1146,1149,1293,1295,1313,1476,1479,1481,1763,1920,1941,1942,1943,1944,1945,1970,2197,2851,2852,2853,2854,2855,3739,4272,4473,4964,4965,4966,4972,5182,5471,5645,5846,6244,6441,7658,8601,8602,
684;0;2564;2736;1;18,19,21,24,34,37,55,70,95,137,144,146,149,170,178,189,212,225,234,245,262,288,290,291,304,314,377,390,396,398,404,429,434,597,631,787,875,1027,1063,1117,1118,1145,1146,1149,1293,1295,1313,1476,1479,1481,1763,1920,1941,1942,1943,1944,1945,1970,2197,2851,2852,2853,2854,2855,3739,4272,4473,4964,4965,4966,4972,5182,5471,5645,5846,6244,6441,7658,8601,8602,
136;0;2736;2898;0;18,19,21,24,34,37,55,70,95,137,144,146,149,170,178,189,212,225,234,245,262,288,290,291,304,314,377,390,396,398,404,429,434,597,631,787,875,1027,1063,1117,1118,1145,1146,1149,1293,1295,1313,1476,1479,1481,1763,1920,1941,1942,1943,1944,1945,1970,2197,2851,2852,2853,2854,2855,3739,4272,4473,4964,4965,4966,4972,5182,5471,5645,5846,6244,6441,7658,8601,8602,
136;1;2898;3055;0;18,19,21,24,34,37,38,55,70,95,137,144,146,149,170,178,189,212,225,234,245,262,288,290,291,304,314,377,390,396,398,404,429,434,597,631,787,871,874,875,876,877,880,1027,1063,1117,1118,1145,1146,1149,1293,1295,1313,1476,1479,1481,1763,1920,1941,1942,1943,1944,1945,1970,2197,2851,2852,2853,2854,2855,3448,3739,4272,4473,4964,4965,4966,5471,5645,6244,
45;0;3055;3206;0;18,19,21,24,34,37,38,55,70,95,137,144,146,149,170,178,189,212,225,234,245,262,288,290,291,304,314,377,390,396,398,404,429,434,597,631,787,871,872,873,874,875,876,877,878,879,880,1027,1063,1117,1118,1145,1146,1149,1293,1295,1313,1476,1479,1481,1763,1920,1941,1942,1943,1944,1945,1970,2197,2851,2852,2853,2854,2855,3448,4965,4966,5471,5645,6244,
45;1;3206;3363;0;18,19,21,24,34,37,38,55,70,95,137,144,146,149,170,178,189,212,225,234,245,262,288,290,291,304,314,377,390,396,398,404,429,434,457,518,597,631,787,871,872,873,874,875,876,877,878,879,880,992,1027,1063,1117,1118,1145,1146,1149,1293,1295,1313,1476,1479,1481,1565,1657,1763,1853,1920,1941,1945,1970,2179,2197,2941,4965,4966,5020,5471,5645,6244,
124;0;3363;3542;0;18,19,21,24,26,34,37,38,55,70,95,137,144,146,149,170,178,189,212,225,234,245,262,288,290,291,304,314,377,390,396,398,404,429,434,457,518,597,631,787,871,872,873,874,875,876,877,878,879,880,992,1027,1063,1117,1118,1145,1146,1149,1293,1295,1313,1476,1479,1481,1565,1657,1763,1920,1945,1970,2017,2179,2197,2941,4965,4966,5471,5645,6244,7587,
124;1;3542;3632;0;27,95,113,137,144,145,146,149,206,221,225,274,288,290,291,314,329,336,377,390,401,404,429,449,457,476,479,502,591,677,765,856,1054,1117,1118,1120,1124,1145,1270,1271,1275,1295,1334,1401,1474,1476,1587,1735,1736,1763,1783,1945,1970,2179,2220,2645,2689,2898,3070,3336,3348,3349,3355,3360,3361,3410,3609,3715,3774,3797,4438,4834,4909,5257,5474,5487,5511,5512,5976,6340,
127;0;3632;3796;0;27,95,113,137,144,145,146,149,206,221,225,274,288,290,291,314,329,336,377,390,401,404,429,449,457,476,479,502,591,677,765,856,1054,1117,1118,1120,1124,1145,1270,1271,1275,1295,1334,1401,1474,1476,1587,1735,1736,1763,1783,1945,1970,2179,2220,2645,2689,2898,3070,3336,3348,3349,3355,3360,3361,3410,3609,3715,3774,3797,4438,4834,4909,5257,5474,5487,5511,5512,5976,6340,
127;1;3796;3893;0;27,95,113,137,144,145,146,149,206,221,225,274,288,290,291,314,329,336,377,390,401,404,429,449,457,476,479,502,591,677,765,856,1054,1117,1118,1120,1124,1145,1270,1271,1275,1295,1334,1401,1474,1476,1587,1735,1736,1763,1783,1945,1970,2179,2220,2645,2689,2898,3070,3336,3348,3349,3355,3360,3361,3410,3609,3715,3774,3797,4438,4834,4909,5257,5474,5487,5511,5512,5976,6340,
101;0;3893;4069;0;27,95,113,137,144,145,146,149,206,221,225,274,288,290,291,314,329,336,377,390,401,404,429,449,457,476,479,502,591,677,765,856,1054,1117,1118,1120,1124,1145,1270,1271,1275,1295,1334,1401,1474,1476,1587,1735,1736,1763,1783,1945,1970,2179,2220,2645,2689,2898,3070,3336,3348,3349,3355,3360,3361,3410,3609,3715,3774,3797,4438,4834,4909,5257,5474,5487,5511,5512,5976,6340,
101;1;4069;4121;0;27,95,113,137,144,145,146,149,206,221,225,274,288,290,291,314,329,336,377,390,401,404,429,449,457,476,479,502,591,677,765,856,1054,1117,1118,1120,1124,1145,1270,1271,1275,1295,1334,1401,1474,1476,1587,1735,1736,1763,1783,1945,1970,2179,2220,2645,2689,2898,3070,3336,3348,3349,3355,3360,3361,3410,3609,3715,3774,3797,4438,4834,4909,5257,5474,5487,5511,5512,5976,6340,
30;0;4121;4234;0;27,95,113,137,144,145,146,149,206,221,225,274,288,290,291,314,329,336,377,390,401,404,429,449,457,476,479,502,591,677,765,856,1054,1117,1118,1120,1124,1145,1270,1271,1275,1295,1334,1401,1474,1476,1587,1735,1736,1763,1783,1945,1970,2179,2220,2645,2689,2898,3070,3336,3348,3349,3355,3360,3361,3410,3609,3715,3774,3797,4438,4834,4909,5257,5474,5487,5511,5512,5976,6340,
30;1;4234;4331;0;27,95,113,137,144,145,146,149,206,221,225,274,288,290,291,314,329,336,377,390,401,404,429,449,457,476,479,502,591,677,765,856,1054,1117,1118,1120,1124,1145,1270,1271,1275,1295,1334,1401,1474,1476,1587,1735,1736,1763,1783,1945,1970,2179,2220,2645,2689,2898,3070,3336,3348,3349,3355,3360,3361,3410,3609,3715,3774,3797,4438,4834,4909,5257,5474,5487,5511,5512,5976,6340,
112;0;4331;4470;0;5,27,95,137,144,145,149,288,290,390,393,429,457,591,677,765,838,849,854,948,949,1054,1145,1198,1199,1214,1270,1275,1295,1354,1474,1476,1674,1744,1745,1747,1756,1757,1759,1760,1766,1769,1945,1970,1976,2179,2543,2545,2546,2547,2583,2586,2593,2594,2595,2597,2598,2599,2600,2601,2602,2604,2605,2608,2609,2627,2645,2990,3161,3459,3460,3461,3462,3463,3464,3465,3466,3467,3468,5976,
112;1;4470;4526;0;5,27,95,137,144,145,149,231,288,290,390,393,429,438,457,591,677,765,838,849,854,931,948,949,1054,1145,1198,1199,1214,1270,1275,1295,1354,1474,1476,1669,1674,1744,1745,1747,1756,1757,1759,1760,1766,1769,1945,1970,1976,2092,2179,2337,2543,2545,2546,2547,2583,2586,2593,2602,2627,2645,2774,2775,2778,3099,3263,3651,3970,4600,4740,5053,5340,5901,5976,6475,7403,7404,7405,7406,
95;0;4526;4637;0;5,27,95,137,144,145,149,231,288,290,390,393,429,438,457,591,677,765,838,849,854,931,948,949,1048,1051,1054,1145,1198,1199,1214,1270,1275,1295,1354,1358,1474,1476,1604,1669,1674,1725,1744,1745,1747,1756,1757,1759,1760,1766,1769,1805,1945,1970,1971,1976,2092,2179,2337,2543,2545,2546,2547,2583,2586,2593,2602,2627,2645,2774,2775,2778,3099,3263,3651,3970,4600,4740,5053,5976,
95;1;4637;4711;0;5,27,95,137,144,145,149,231,288,290,390,393,429,438,457,591,677,765,838,849,854,931,948,949,1048,1051,1054,1145,1198,1199,1214,1270,1275,1295,1354,1358,1474,1476,1604,1669,1674,1725,1744,1745,1747,1756,1757,1759,1760,1766,1769,1805,1945,1970,1971,1976,2092,2179,2337,2543,2545,2546,2547,2583,2586,2593,2602,2627,2645,2774,2775,2778,3099,3263,3651,3970,4600,4740,5976,7362,
548;0;4711;4889;0;5,27,95,137,144,145,149,198,231,288,290,390,393,410,429,438,457,591,677,765,838,849,854,931,948,949,1048,1051,1054,1138,1145,1198,1199,1214,1267,1269,1270,1272,1275,1279,1287,1292,1295,1311,1354,1358,1474,1476,1604,1669,1674,1725,1744,1745,1747,1756,1757,1759,1760,1766,1769,1805,1970,2179,2546,2602,2627,2645,2774,2775,2778,3015,3263,3651,3988,4124,5146,5825,5976,6244,
486;0;4889;5058;0;24,95,144,149,226,230,231,277,301,579,1051,1093,1210,1476,1630,1744,1752,1753,1754,1768,2407,2503,3310,3312,3472,3679,3684,3686,5091,5379,5950,5951,5952,5953,5954,5955,5956,5957,5958,5959,5960,5961,5962,5963,5964,5965,5966,5967,5968,5969,5970,5971,5972,5973,5974,5975,5976,5977,5978,5979,5980,5981,5982,5983,5984,5985,5986,5987,5988,5989,5990,5991,5992,6136,7953,7954,7956,7957,8120,8354,
590;0;5058;5215;0;24,95,144,149,226,230,231,277,301,579,1051,1093,1210,1476,1630,1744,1752,1753,1754,1768,2407,2503,3310,3312,3472,3679,3684,3686,5091,5379,5950,5951,5952,5953,5954,5955,5956,5957,5958,5959,5960,5961,5962,5963,5964,5965,5966,5967,5968,5969,5970,5971,5972,5973,5974,5975,5976,5977,5978,5979,5980,5981,5982,5983,5984,5985,5986,5987,5988,5989,5990,5991,5992,6136,7953,7954,7956,7957,8120,8354,
82;0;5215;5363;0;24,95,144,149,226,230,231,277,301,579,1051,1093,1210,1476,1630,1744,1752,1753,1754,1768,2407,2503,3310,3312,3472,3679,3684,3686,5091,5379,5950,5951,5952,5953,5954,5955,5956,5957,5958,5959,5960,5961,5962,5963,5964,5965,5966,5967,5968,5969,5970,5971,5972,5973,5974,5975,5976,5977,5978,5979,5980,5981,5982,5983,5984,5985,5986,5987,5988,5989,5990,5991,5992,6136,7953,7954,7956,7957,8120,8354,
82;1;5363;5367;0;24,95,144,149,226,230,231,277,301,579,1051,1093,1210,1476,1630,1744,1752,1753,1754,1768,2407,2503,3310,3312,3472,3679,3684,3686,5091,5379,5950,5951,5952,5953,5954,5955,5956,5957,5958,5959,5960,5961,5962,5963,5964,5965,5966,5967,5968,5969,5970,5971,5972,5973,5974,5975,5976,5977,5978,5979,5980,5981,5982,5983,5984,5985,5986,5987,5988,5989,5990,5991,5992,6136,7953,7954,7956,7957,8120,8354,
602;0;5367;5518;0;24,95,144,149,226,230,231,277,301,579,1051,1093,1210,1476,1630,1744,1752,1753,1754,1768,2407,2503,3310,3312,3472,3679,3684,3686,5091,5379,5950,5951,5952,5953,5954,5955,5956,5957,5958,5959,5960,5961,5962,5963,5964,5965,5966,5967,5968,5969,5970,5971,5972,5973,5974,5975,5976,5977,5978,5979,5980,5981,5982,5983,5984,5985,5986,5987,5988,5989,5990,5991,5992,6136,7953,7954,7956,7957,8120,8354,
639;0;5518;5666;0;24,95,144,149,226,230,231,277,301,579,1051,1093,1210,1476,1630,1744,1752,1753,1754,1768,2407,2503,3310,3312,3472,3679,3684,3686,5091,5379,5950,5951,5952,5953,5954,5955,5956,5957,5958,5959,5960,5961,5962,5963,5964,5965,5966,5967,5968,5969,5970,5971,5972,5973,5974,5975,5976,5977,5978,5979,5980,5981,5982,5983,5984,5985,5986,5987,5988,5989,5990,5991,5992,6136,7953,7954,7956,7957,8120,8354,
676;0;5760;5907;0;24,88,95,144,149,226,230,231,245,277,301,343,579,765,835,1051,1093,1210,1476,1630,1744,1752,1753,1754,1768,2122,2407,2503,2661,2693,2897,3037,3310,3312,3447,3472,3618,3679,3684,3686,3745,5091,5379,5950,5951,5952,5953,5954,5955,5956,5957,5958,5959,5960,5961,5962,5963,5964,5965,5966,5967,5968,5969,5970,5971,5972,5973,5974,5975,5976,5977,5978,5979,5980,5981,5982,5984,5992,6099,7161,
213;0;5907;6030;0;24,88,95,144,149,226,230,231,245,277,301,343,579,677,765,835,1051,1093,1210,1476,1481,1521,1630,1744,1752,1753,1754,1768,1972,2122,2407,2503,2602,2626,2628,2646,2649,2661,2678,2693,2897,3037,3310,3312,3447,3472,3618,3679,3684,3686,3745,5091,5379,5525,5538,5723,5950,5951,5952,5953,5954,5955,5956,5957,5958,5959,5960,5961,5962,5963,5964,5965,5966,5967,5968,5984,5992,7320,7653,7654,
213;1;6030;6053;0;24,26,88,95,117,144,149,226,230,231,245,277,301,343,579,677,765,826,835,1051,1093,1210,1266,1267,1282,1285,1287,1289,1292,1293,1295,1476,1481,1521,1630,1744,1752,1753,1754,1768,1916,1972,2122,2221,2407,2503,2602,2626,2628,2646,2649,2661,2678,2693,2897,3037,3310,3312,3447,3472,3618,3679,3684,3686,3703,3745,4620,5091,5379,5392,5471,5525,5538,5723,5950,5951,5952,5984,5992,6244,
189;0;6053;6145;0;24,26,88,95,117,144,149,192,226,230,231,245,277,301,343,495,579,677,765,826,835,1051,1093,1210,1266,1267,1282,1285,1287,1289,1292,1293,1295,1476,1481,1521,1630,1744,1752,1753,1754,1768,1849,1916,1972,2122,2216,2221,2407,2485,2503,2602,2626,2628,2646,2649,2661,2678,2693,2897,3037,3310,3312,3447,3472,3618,3679,3684,3703,4357,4489,5110,5379,5392,5525,5538,5723,5984,5992,6766,
189;1;6145;6196;0;24,26,88,95,117,144,149,177,178,179,183,184,192,226,230,231,245,272,277,301,302,304,305,311,323,343,384,495,579,677,765,826,835,1051,1093,1128,1129,1130,1131,1210,1266,1267,1282,1285,1287,1289,1292,1293,1295,1476,1481,1521,1630,1744,1752,1753,1754,1768,1849,1916,1972,2122,2216,2221,2407,2485,2628,2646,2649,2661,2678,3472,3703,5379,5392,5525,5538,5723,5984,5992,
545;0;6196;6328;0;24,26,88,95,117,144,149,177,178,179,183,184,192,226,230,231,245,255,272,277,301,302,304,305,311,323,343,384,495,528,579,677,765,826,835,1051,1093,1128,1129,1130,1131,1210,1266,1267,1278,1282,1285,1286,1287,1289,1291,1292,1293,1295,1476,1481,1521,1630,1744,1752,2216,2221,2407,2419,2628,2646,2649,2661,2678,3472,3703,5316,5379,5392,5525,5538,5723,5984,5992,7035,
60;0;6328;6426;0;24,26,27,88,95,117,144,149,177,178,179,183,184,226,231,245,272,277,301,302,304,305,528,619,677,765,778,1051,1093,1266,1268,1269,1280,1282,1286,1287,1290,1291,1293,1295,1322,1476,1481,1781,1782,1787,2216,2221,2263,2407,2409,2419,2628,2646,2649,2661,2678,3026,3060,3472,3703,4112,4122,4123,4124,4125,4126,4127,4128,4129,4130,4131,4132,5379,5392,5525,5538,5723,5984,5992,
60;1;6426;6456;0;24,26,27,88,95,117,137,139,143,144,145,149,177,178,179,183,184,226,231,234,245,262,272,277,301,302,304,305,390,398,429,528,619,644,677,765,769,778,838,862,948,1051,1093,1266,1268,1269,1280,1282,1286,1287,1290,1291,1293,1295,1322,1474,1476,1481,1781,1816,2216,2221,2388,2407,2419,2628,2646,2649,2661,2678,3034,3472,3703,5379,5392,5525,5538,5723,5984,5992,
604;0;6456;6577;0;137,138,231,244,267,268,288,290,297,301,434,438,442,503,505,534,591,647,921,927,1057,1063,1123,1287,1333,1363,1476,1478,1603,1608,1659,1668,1669,1671,1750,1756,1765,1920,1921,1970,2052,2105,2250,2391,2491,2532,2645,2649,4397,4399,4400,4401,4472,5205,5214,5223,5400,5656,5697,5738,5739,5741,5746,5747,5748,5749,5750,5751,5752,5753,5754,5755,5756,6180,6193,6607,6799,6872,6873,6874,
61;0;6577;6691;0;137,138,231,244,267,268,288,290,297,301,434,438,442,503,505,534,591,647,921,927,1057,1063,1123,1287,1333,1363,1476,1478,1603,1608,1659,1668,1669,1671,1750,1756,1765,1920,1921,1970,2052,2105,2250,2391,2491,2532,2645,2649,4397,4399,4400,4401,4472,5205,5214,5223,5400,5656,5697,5738,5739,5741,5746,5747,5748,5749,5750,5751,5752,5753,5754,5755,5756,6180,6193,6607,6799,6872,6873,6874,
61;1;7200;7204;0;24,61,137,138,231,244,267,268,288,290,297,301,434,438,442,503,505,534,591,647,887,921,927,1057,1063,1123,1287,1333,1363,1476,1478,1603,1608,1659,1668,1669,1671,1750,1756,1765,1920,1921,1970,2052,2105,2221,2250,2264,2279,2391,2491,2532,2645,2649,2934,3005,3870,4397,4399,4400,4401,4472,5205,5214,5223,5400,5656,5697,5738,5739,5741,5746,5747,5748,5749,6869,7971,8332,8523,9074,
471;0;7204;7316;0;24,61,137,138,231,244,267,268,288,290,297,301,434,438,442,503,505,534,591,647,887,921,927,1057,1063,1123,1287,1333,1363,1476,1478,1603,1608,1659,1668,1669,1671,1750,1756,1765,1920,1921,1970,2052,2105,2221,2250,2264,2279,2391,2491,2532,2645,2649,2934,3005,3870,3945,4397,4399,4400,4401,4472,5205,5214,5223,5400,5656,5697,5738,5739,5741,5746,5747,5748,5749,6869,6949,7971,8332,
588;0;7316;7425;0;24,61,95,137,138,231,244,267,268,288,290,297,301,390,394,400,429,434,438,442,503,505,534,591,647,887,921,927,1057,1063,1123,1146,1287,1333,1363,1476,1478,1603,1608,1659,1668,1669,1671,1750,1756,1765,1920,1921,1970,2052,2105,2221,2250,2264,2279,2381,2391,2491,2532,2645,2649,2934,3005,3870,3945,4397,4399,4400,4401,4472,5205,5214,5223,5400,5656,5697,5738,5739,5741,5746,
116;0;7425;7440;0;24,61,95,137,138,231,244,267,268,288,290,297,301,390,393,394,400,429,434,438,442,503,505,534,591,647,887,921,927,1048,1051,1057,1063,1123,1145,1146,1287,1333,1358,1363,1476,1478,1603,1604,1608,1659,1668,1669,1671,1750,1756,1765,1920,1921,1970,2052,2105,2221,2250,2264,2279,2381,2391,2491,2532,2645,2649,2934,3005,3870,3945,4397,4399,4400,4401,4472,5205,5214,5223,5400,
116;1;7440;7529;0;24,61,95,137,138,231,244,267,268,288,290,297,301,390,393,394,400,404,429,434,438,442,503,505,534,591,647,887,921,927,1048,1051,1057,1063,1123,1145,1146,1287,1333,1358,1363,1473,1476,1478,1603,1604,1608,1659,1668,1669,1671,1750,1756,1765,1809,1920,1921,1970,2052,2105,2221,2250,2264,2279,2381,2391,2491,2532,2645,2649,2934,3005,3870,3945,4397,4399,4400,4503,5214,6000,
130;0;7529;7550;0;24,61,95,137,138,144,177,178,179,180,181,182,183,184,231,244,267,268,288,290,297,301,390,393,394,400,404,429,434,438,442,503,505,534,591,647,887,921,927,1048,1051,1057,1063,1123,1145,1146,1287,1333,1358,1363,1473,1476,1478,1603,1604,1608,1659,1668,1669,1671,1676,1750,1756,1765,1809,1920,1921,1970,2052,2105,2221,2250,2264,2279,2381,2391,2491,2532,2645,5214,
130;1;7550;7630;0;24,27,61,95,137,138,144,177,178,179,180,181,182,183,184,231,244,251,267,268,288,290,297,301,390,393,394,400,404,429,434,438,442,503,505,534,591,647,734,868,875,887,921,927,1048,1051,1057,1063,1123,1145,1146,1286,1287,1333,1358,1363,1473,1476,1478,1604,1669,1671,1809,1921,2052,2179,2221,2273,2279,2309,2310,2311,2312,2313,2314,2315,2316,2391,2645,5214,
98;0;7630;7660;0;24,27,61,63,95,137,138,144,177,178,179,180,181,182,183,184,231,244,251,267,268,288,290,297,301,390,393,394,400,404,429,434,438,442,503,505,528,534,591,647,734,868,875,887,921,927,1048,1051,1057,1063,1123,1145,1146,1286,1287,1294,1333,1358,1363,1473,1476,1478,1604,1669,1671,1809,1921,2052,2149,2179,2221,2273,2279,2309,2315,2391,2444,2645,4230,5214,
98;1;7660;7722;0;24,27,61,63,95,137,138,144,177,178,179,180,181,182,183,184,231,244,251,267,268,288,290,297,301,390,393,394,400,404,429,434,438,442,503,505,528,534,591,647,734,868,875,887,927,1051,1145,1146,1287,1473,1478,1604,1669,1671,1809,1921,2052,2221,2279,2309,2315,2391,2645,3469,3470,3471,3472,3473,3474,3475,3476,3477,3478,3479,3480,3481,3482,3657,3658,5214,
158;0;7722;7736;0;24,27,61,63,79,95,110,137,138,144,177,178,179,180,181,182,183,184,231,244,251,267,268,288,290,297,301,390,393,394,400,404,429,434,438,442,503,505,528,534,591,647,734,868,875,887,927,1031,1051,1145,1146,1217,1225,1240,1281,1287,1473,1478,1507,1508,1509,1510,1511,1604,1669,1671,1809,1921,2052,2156,2221,2279,2309,2315,2391,2645,3469,3470,3471,5214,
158;1;7736;7811;0;24,27,61,63,79,95,110,137,138,144,177,178,179,180,181,182,183,184,231,244,251,267,268,288,290,297,301,390,393,394,400,404,429,434,438,442,503,505,528,534,591,647,734,868,875,887,927,1031,1051,1145,1146,1217,1225,1240,1281,1287,1473,1478,1507,1508,1509,1510,1511,1513,1604,1669,1671,1809,1921,2052,2221,2279,2309,2315,2391,2645,3162,5214,5647,5648,
489;0;7811;7900;0;24,27,61,63,79,95,97,110,137,138,144,177,178,179,180,181,182,183,184,231,244,251,267,268,288,290,297,301,377,390,393,394,395,400,401,404,429,434,438,442,503,505,528,534,591,647,734,868,875,927,1050,1051,1052,1054,1117,1145,1146,1287,1359,1473,1478,1509,1510,1513,1604,1669,1671,1809,1921,2052,2134,2221,2279,2309,2315,2355,2391,2426,2645,5214,
468;0;7900;7977;0;95,97,137,138,144,159,177,178,179,181,183,184,202,288,297,377,395,404,429,528,591,647,756,875,987,1050,1117,1145,1146,1359,1423,1478,1509,1510,1513,1604,1671,1809,1921,1949,1950,1951,1952,1954,1955,1956,1957,1958,1959,1960,1961,1962,1963,1964,1965,1966,1967,1968,1969,2052,2163,2221,2279,2280,2281,2282,2283,2284,2285,2286,2287,2288,2315,2391,4280,5645,6166,6167,6168,8118,
479;0;7977;8050;0;95,97,137,138,144,159,177,178,179,181,183,184,202,288,297,377,395,404,429,528,591,647,756,875,987,1050,1117,1145,1146,1359,1423,1478,1509,1510,1513,1604,1671,1809,1921,1949,1950,1951,1952,1954,1955,1956,1957,1958,1959,1960,1961,1962,1963,1964,1965,1966,1967,1968,1969,2052,2163,2221,2279,2280,2281,2282,2283,2284,2285,2286,2287,2288,2315,2391,4280,5645,6166,6167,6168,8118,
681;0;8050;8118;0;95,97,137,138,144,159,177,178,179,181,183,184,202,288,297,377,395,404,429,528,591,647,756,875,987,1050,1117,1145,1146,1359,1423,1478,1509,1510,1513,1604,1671,1809,1921,1949,1950,1951,1952,1954,1955,1956,1957,1958,1959,1960,1961,1962,1963,1964,1965,1966,1967,1968,1969,2052,2163,2221,2279,2280,2281,2282,2283,2284,2285,2286,2287,2288,2315,2391,4280,5645,6166,6167,6168,8118,
Machine: 3
677;0;0;11;1;2,4,15,24,54,60,95,138,144,148,225,228,274,275,288,300,390,391,393,401,402,404,647,769,816,843,871,948,951,1043,1050,1051,1052,1057,1072,1133,1134,1150,1163,1232,1233,1398,1472,1476,1480,1604,1610,1801,1806,1809,1916,1944,2062,2063,2222,2223,2224,2338,2355,2398,2400,2680,2817,2818,3345,3346,4080,4313,4314,4315,4316,4317,4318,4422,4747,4753,4829,5531,5650,5757,
596;0;11;162;0;2,4,15,24,54,60,95,138,144,148,225,228,274,275,288,300,390,391,393,401,402,404,647,769,816,843,871,948,951,1043,1050,1051,1052,1057,1072,1133,1134,1150,1163,1232,1233,1398,1472,1476,1480,1604,1610,1801,1806,1809,1916,1944,2062,2063,2222,2223,2224,2338,2355,2398,2400,2680,2817,2818,3345,3346,4080,4313,4314,4315,4316,4317,4318,4422,4747,4753,4829,5531,5650,5757,
691;0;162;193;1;2,4,15,24,54,60,95,138,144,148,225,228,274,275,288,300,390,391,393,401,402,404,647,769,816,843,871,948,951,1043,1050,1051,1052,1057,1072,1133,1134,1150,1163,1232,1233,1398,1472,1476,1480,1604,1610,1801,1806,1809,1916,1944,2062,2063,2222,2223,2224,2338,2355,2398,2400,2680,2817,2818,3345,3346,4080,4313,4314,4315,4316,4317,4318,4422,4747,4753,4829,5531,5650,5757,
554;0;193;227;1;2,4,15,24,54,60,95,138,144,148,225,228,274,275,288,300,390,391,393,401,402,404,647,769,816,843,871,948,951,1043,1050,1051,1052,1057,1072,1133,1134,1150,1163,1232,1233,1398,1472,1476,1480,1604,1610,1801,1806,1809,1916,1944,2062,2063,2222,2223,2224,2338,2355,2398,2400,2680,2817,2818,3345,3346,4080,4313,4314,4315,4316,4317,4318,4422,4747,4753,4829,5531,5650,5757,
568;0;227;281;1;2,4,15,24,54,60,95,138,144,148,225,228,274,275,288,300,390,391,393,401,402,404,647,769,816,843,871,948,951,1043,1050,1051,1052,1057,1072,1133,1134,1150,1163,1232,1233,1398,1472,1476,1480,1604,1610,1801,1806,1809,1916,1944,2062,2063,2222,2223,2224,2338,2355,2398,2400,2680,2817,2818,3345,3346,4080,4313,4314,4315,4316,4317,4318,4422,4747,4753,4829,5531,5650,5757,
629;0;281;341;1;2,4,15,24,54,60,95,138,144,148,225,228,274,275,288,300,390,391,393,401,402,404,647,769,816,843,871,948,951,1043,1050,1051,1052,1057,1072,1133,1134,1150,1163,1232,1233,1398,1472,1476,1480,1604,1610,1801,1806,1809,1916,1944,2062,2063,2222,2223,2224,2338,2355,2398,2400,2680,2817,2818,3345,3346,4080,4313,4314,4315,4316,4317,4318,4422,4747,4753,4829,5531,5650,5757,
644;0;341;412;1;2,4,15,24,54,60,95,138,144,148,225,228,274,275,288,300,348,390,391,393,401,402,404,647,769,816,843,871,948,951,1043,1050,1051,1052,1057,1072,1133,1134,1150,1163,1232,1233,1398,1472,1476,1480,1604,1610,1801,1806,1809,1916,1944,2062,2063,2222,2223,2224,2338,2355,2398,2400,2680,2817,2818,3345,3346,4080,4313,4314,4315,4316,4317,4318,4422,4423,4747,4753,4829,5531,
600;0;412;485;1;2,4,15,24,54,60,95,138,144,148,225,228,274,275,288,300,348,390,391,393,401,402,404,647,769,816,843,871,948,951,1043,1050,1051,1052,1057,1072,1133,1134,1150,1163,1232,1233,1287,1288,1293,1398,1472,1476,1480,1604,1610,1801,1806,1809,1916,1944,2062,2063,2222,2223,2224,2259,2264,2338,2355,2398,2400,2410,2417,2418,2419,2420,2471,2680,2817,3307,3308,4422,4423,4747,
497;0;485;562;1;2,4,15,24,54,60,95,117,137,138,144,148,225,228,274,275,288,300,348,351,390,391,393,396,397,401,402,404,647,769,816,843,871,948,951,1043,1050,1051,1052,1057,1072,1133,1134,1150,1287,1288,1293,1398,1472,1476,1480,1604,1801,1806,1809,1944,2224,2419,2420,2645,2774,2775,2777,2778,2802,3263,4422,4423,4605,4606,4612,4628,4747,4775,5052,6841,8007,8008,8009,8010,
214;0;562;619;1;2,4,15,24,54,60,93,95,117,137,138,144,148,225,274,275,288,293,348,351,390,391,393,396,397,402,404,647,691,766,769,835,843,855,858,871,898,948,1050,1051,1052,1057,1134,1287,1288,1293,1398,1472,1476,1480,1604,1801,1806,1809,1944,2224,2354,2419,2420,2594,2637,2645,2774,2775,2777,2778,2802,3152,3263,3291,3618,4371,4422,4423,4605,4606,4612,4747,5052,5627,
214;1;619;652;1;2,15,24,54,60,61,95,117,137,144,148,198,225,274,288,390,391,396,397,402,484,528,544,647,691,769,835,843,855,898,948,1050,1051,1052,1057,1280,1287,1288,1293,1476,1544,1587,1604,1801,1806,1809,1944,2074,2171,2190,2224,2354,2419,2420,2645,2774,2775,2777,2778,2802,3008,3060,3263,3291,3618,3707,3831,4009,4012,4013,4026,4119,4120,4121,4423,4605,4606,4612,4747,5052,
612;0;652;749;1;24,60,74,95,100,137,144,149,262,288,292,329,390,398,512,518,549,551,607,612,615,616,617,647,677,739,814,835,933,1051,1054,1117,1201,1229,1346,1390,1447,1476,1478,1481,1530,1539,1558,1559,1604,1670,1811,1849,1940,2091,2094,2106,2171,2179,2627,2645,2695,2729,2778,2941,3014,4093,4465,4514,4603,4658,4912,5229,5270,5537,5654,5664,5665,5666,5667,6750,6786,7831,8261,8991,
90;0;749;774;1;24,60,74,95,100,137,144,149,262,288,292,329,390,398,512,518,549,551,607,612,615,616,617,647,677,739,814,835,933,1051,1054,1117,1201,1229,1346,1390,1447,1476,1478,1481,1530,1539,1558,1559,1604,1670,1811,1849,1940,2091,2094,2106,2171,2179,2627,2645,2695,2729,2778,2941,3014,4093,4465,4514,4603,4658,4912,5229,5270,5537,5654,5664,5665,5666,5667,6750,6786,7831,8261,8991,
90;1;774;862;1;24,60,74,95,100,137,144,149,262,288,292,329,390,398,512,518,549,551,607,612,615,616,617,647,677,739,814,835,933,1051,1054,1117,1201,1229,1346,1390,1447,1476,1478,1481,1530,1539,1558,1559,1604,1670,1811,1849,1940,2091,2094,2106,2171,2179,2627,2645,2695,2729,2778,2941,3014,4093,4465,4514,4603,4658,4912,5229,5270,5537,5654,5664,5665,5666,5667,6750,6786,7831,8261,8991,
194;0;862;956;1;24,60,74,95,100,137,144,149,262,288,292,329,390,398,512,518,549,551,607,612,615,616,617,647,677,739,814,835,933,1051,1054,1117,1201,1229,1346,1390,1447,1476,1478,1481,1530,1539,1558,1559,1604,1670,1811,1849,1940,2091,2094,2106,2171,2179,2627,2645,2695,2729,2778,2941,3014,4093,4465,4514,4603,4658,4912,5229,5270,5537,5654,5664,5665,5666,5667,6750,6786,7831,8261,8991,
194;1;956;980;1;24,60,74,95,100,137,144,149,262,288,292,329,390,398,512,518,549,551,607,612,615,616,617,647,677,739,814,835,933,1051,1054,1117,1201,1229,1346,1390,1447,1476,1478,1481,1530,1539,1558,1559,1604,1670,1811,1849,1940,2091,2094,2106,2171,2179,2627,2645,2695,2729,2778,2941,3014,4093,4465,4514,4603,4658,4912,5229,5270,5537,5654,5664,5665,5666,5667,6750,6786,7831,8261,8991,
547;0;1440;1561;1;3,24,60,74,95,100,137,144,149,262,288,292,329,390,398,512,518,549,551,607,612,615,616,617,647,677,739,814,835,933,1048,1051,1054,1117,1145,1201,1229,1346,1358,1390,1447,1476,1478,1481,1530,1539,1558,1559,1604,1670,1725,1805,1811,1849,1940,1945,2091,2094,2106,2171,2179,2627,2645,2695,2729,2778,2941,3014,4093,4465,4514,4603,4658,4912,5229,5270,5537,5654,5664,5665,
52;0;1561;1621;1;3,24,60,74,95,100,137,144,149,152,262,288,292,329,390,398,512,518,549,551,569,607,612,615,616,617,647,677,739,814,835,868,933,1048,1051,1054,1117,1145,1201,1229,1346,1358,1390,1447,1476,1478,1481,1530,1539,1558,1559,1604,1670,1725,1805,1811,1849,1940,1945,2091,2094,2106,2171,2179,2230,2273,2627,2645,2695,2729,2778,2941,4093,4603,4658,5229,5487,5665,5932,7997,
52;1;1621;1685;1;3,24,60,74,95,100,137,144,149,152,262,288,292,329,390,398,512,518,549,551,569,580,607,612,615,616,617,637,647,677,739,814,835,868,933,1048,1051,1054,1117,1145,1201,1229,1297,1346,1358,1390,1447,1476,1478,1481,1530,1539,1558,1559,1604,1670,1695,1725,1805,1811,1849,1940,2091,2106,2171,2230,2263,2273,2350,2351,2352,2627,2645,2778,2941,4093,4603,4658,5229,5665,
470;0;1685;1811;1;3,24,60,74,95,100,137,144,149,152,262,277,288,292,329,390,398,512,518,549,551,569,580,591,607,612,615,616,617,637,647,677,739,814,835,849,855,868,933,1048,1051,1054,1095,1117,1145,1201,1229,1358,1390,1447,1476,1478,1481,1558,1604,1670,1811,2091,2106,2230,2273,2627,2645,2778,2941,3581,4093,4406,4603,4658,5229,5665,6106,7212,8004,8365,8366,8394,8395,8396,
3;0;1811;1845;1;24,60,95,100,137,144,145,149,226,230,231,262,277,288,292,329,377,390,397,398,429,512,518,551,580,591,647,677,739,814,835,839,849,855,868,1051,1054,1095,1117,1118,1201,1229,1390,1447,1478,1481,1558,1670,1809,1811,1884,2091,2106,2504,2627,2645,2774,2778,2941,3263,4093,4603,4604,4605,4721,5191,5229,5665,5894,5895,5898,5899,5901,6106,6126,6128,6129,6362,6363,6364,
3;1;1845;1939;1;24,60,95,100,137,144,145,149,226,231,262,277,288,292,329,377,390,397,398,429,512,518,551,580,591,647,677,739,814,835,839,849,855,868,1051,1054,1095,1118,1201,1390,1447,1478,1481,1558,1670,1809,1884,2091,2106,2504,2627,2645,2774,2778,2941,3263,4093,4603,4604,4605,5229,5894,5895,5898,5899,5901,6126,6128,6129,8555,8557,8559,8642,9089,9090,9091,9092,9093,9094,9095,
155;0;1939;1983;1;24,60,95,100,137,144,145,149,226,231,262,277,288,292,329,377,390,397,398,429,512,518,551,580,591,647,677,739,814,835,839,849,855,868,1051,1054,1095,1118,1201,1390,1447,1478,1481,1558,1670,1809,1884,2091,2106,2504,2627,2645,2774,2778,2941,3263,4093,4603,4604,4605,5229,5894,5895,5898,5899,5901,6126,6128,6360,7479,8219,8375,8376,8379,8380,8381,8382,8383,8384,8385,
155;1;1983;2071;1;24,60,95,100,137,144,145,149,225,226,231,262,277,288,292,321,329,377,390,397,398,429,512,518,551,580,591,640,647,677,739,814,835,839,849,855,868,1051,1054,1095,1118,1201,1359,1390,1447,1478,1481,1558,1670,1809,1884,2091,2106,2504,2509,2510,2627,2645,2774,2778,2941,3263,4093,4603,4604,4605,5229,5894,5895,5898,5899,5901,6126,6128,6193,6360,7479,8219,8375,8376,
573;0;2071;2215;1;24,26,60,95,100,137,144,145,149,177,181,225,262,267,268,272,277,286,288,302,305,306,308,310,313,314,321,397,398,410,429,458,512,529,598,640,647,739,814,849,868,1051,1085,1087,1118,1131,1236,1290,1327,1390,1430,1478,1481,1558,1670,1676,1723,1777,2482,2483,2627,2645,2774,2778,2941,3263,3734,3778,3877,4093,4280,5595,5705,7029,7592,7593,8074,8075,8077,8115,
72;0;2215;2384;0;24,26,60,95,100,137,144,145,149,177,181,225,262,267,268,272,277,286,288,302,305,306,308,310,313,314,321,397,398,410,429,458,512,529,598,640,647,739,814,849,868,1051,1085,1087,1118,1131,1236,1290,1327,1390,1430,1478,1481,1558,1670,1676,1723,1777,2482,2483,2627,2645,2774,2778,2941,3263,3734,3778,3877,4093,4280,5595,5705,7029,7592,7593,8074,8075,8077,8115,
72;1;2384;2523;0;24,26,60,95,100,137,144,145,149,177,181,225,262,267,268,272,277,286,288,302,305,306,308,310,313,314,321,397,398,410,429,458,512,529,598,640,647,739,814,849,868,1051,1085,1087,1118,1131,1236,1290,1327,1390,1430,1478,1481,1558,1670,1676,1723,1777,2482,2483,2627,2645,2774,2778,2941,3263,3734,3778,3877,4093,4280,5595,5705,7029,7592,7593,8074,8075,8077,8115,
191;0;2523;2670;0;24,26,60,95,100,137,144,145,149,177,181,225,262,267,268,272,277,286,288,302,305,306,308,310,313,314,321,397,398,410,429,458,512,529,598,640,647,739,814,849,868,1051,1085,1087,1118,1131,1236,1290,1327,1390,1430,1478,1481,1558,1670,1676,1723,1777,2482,2483,2627,2645,2774,2778,2941,3263,3734,3778,3877,4093,4280,5595,5705,7029,7592,7593,8074,8075,8077,8115,
191;1;2880;3028;0;24,26,60,95,137,144,145,149,177,225,262,267,268,272,277,286,288,290,305,306,310,313,314,321,397,398,429,512,640,647,692,719,825,849,868,895,1051,1068,1069,1118,1121,1171,1478,1481,1558,1670,1913,2475,2627,2645,2774,2775,2777,2778,2815,2903,2941,2947,3261,3263,4093,4280,4569,4585,4739,5185,6329,6748,6796,6797,6798,6799,6800,6801,6802,6803,6804,6805,6806,6807,
190;0;3028;3185;0;24,26,60,95,137,144,145,149,177,208,225,262,267,268,272,277,286,288,290,305,306,310,313,314,321,397,398,429,512,640,647,692,719,825,849,868,895,1051,1068,1069,1118,1121,1171,1478,1481,1558,1670,1913,1930,2017,2018,2019,2020,2021,2022,2023,2475,2627,2645,2774,2775,2777,2778,2815,2903,2941,2947,3261,3263,3314,3906,4093,4280,4569,4585,4739,5185,6329,6748,6796,
190;1;3185;3297;0;24,26,60,95,136,137,144,145,149,177,208,225,241,262,267,268,269,272,277,286,288,290,305,306,310,313,314,321,397,398,429,512,640,647,692,719,825,849,868,895,1051,1068,1069,1093,1118,1121,1171,1478,1481,1558,1670,1913,1920,1922,1930,2017,2018,2019,2020,2021,2022,2023,2053,2224,2321,2627,2645,2774,2775,2777,2778,2903,2941,3263,3278,4093,4280,4553,6645,6971,
44;0;3297;3417;0;24,26,60,95,97,136,137,139,144,145,149,177,208,225,241,262,267,268,272,277,286,288,289,290,291,295,303,305,306,310,312,313,314,321,397,398,429,438,512,640,647,849,868,895,1051,1069,1093,1118,1121,1171,1478,1481,1558,1670,1920,1922,2018,2053,2107,2224,2244,2321,2462,2627,2645,2774,2775,2777,2778,2903,2941,3263,3278,4093,4280,4553,5144,5153,5154,5155,
44;1;3417;3559;0;24,26,60,95,136,137,139,144,146,149,177,225,262,267,268,272,277,286,288,290,297,305,306,310,313,397,398,436,512,644,647,849,854,868,914,927,1051,1093,1118,1149,1211,1481,1484,1558,1618,1668,1670,1671,1807,1920,1922,1973,2018,2627,2635,2651,2941,4018,4093,4280,4553,4572,4654,4748,4968,5015,5135,5139,5250,5251,5252,5253,5254,5255,5256,5257,5258,5259,5260,5261,
144;0;3559;3727;0;15,16,17,20,24,25,26,34,37,38,39,40,41,43,45,48,50,54,60,76,149,194,217,448,490,494,512,632,875,1196,1267,1268,1270,1273,1277,1285,1287,1288,1289,1293,1294,1295,1434,1481,1558,1582,1687,2018,2074,2233,2407,2941,2965,2966,2967,2968,2969,3061,3700,3745,3876,3942,4286,4431,5254,5320,5513,6957,7009,7243,7248,7249,7250,7251,7657,7658,7804,8190,8208,8948,
144;1;3727;3813;0;15,16,17,20,24,25,26,34,37,38,39,40,41,43,45,48,50,54,60,76,149,194,217,448,490,494,512,632,875,1196,1267,1268,1270,1273,1277,1285,1287,1288,1289,1293,1294,1295,1434,1481,1558,1582,1687,2018,2074,2233,2407,2941,2965,2966,2967,2968,2969,3061,3700,3745,3876,3942,4286,4431,5254,5320,5513,6957,7009,7243,7248,7249,7250,7251,7657,7658,7804,8190,8208,8948,
117;0;3813;3970;0;15,16,17,20,24,25,26,34,37,38,39,40,41,43,45,48,50,54,60,76,149,194,217,448,490,494,512,632,875,1196,1267,1268,1270,1273,1277,1285,1287,1288,1289,1293,1294,1295,1434,1481,1558,1582,1687,2018,2074,2233,2407,2941,2965,2966,2967,2968,2969,3061,3700,3745,3876,3942,4286,4431,5254,5320,5513,6957,7009,7243,7248,7249,7250,7251,7657,7658,7804,8190,8208,8948,
117;1;3970;4034;0;15,16,17,20,24,25,26,34,37,38,39,40,41,43,45,48,50,54,60,76,149,194,217,448,490,494,512,632,875,1196,1267,1268,1270,1273,1277,1285,1287,1288,1289,1293,1294,1295,1434,1481,1558,1582,1687,2018,2074,2233,2407,2941,2965,2966,2967,2968,2969,3061,3700,3745,3876,3942,4286,4431,5254,5320,5513,6957,7009,7243,7248,7249,7250,7251,7657,7658,7804,8190,8208,8948,
80;0;4034;4070;0;15,16,17,20,24,25,26,34,37,38,39,40,41,43,45,48,50,54,60,76,149,194,217,448,490,494,512,632,875,1196,1267,1268,1270,1273,1277,1285,1287,1288,1289,1293,1294,1295,1434,1481,1558,1582,1687,2018,2074,2233,2407,2941,2965,2966,2967,2968,2969,3061,3700,3745,3876,3942,4286,4431,5254,5320,5513,6957,7009,7243,7248,7249,7250,7251,7657,7658,7804,8190,8208,8948,
80;1;4070;4240;0;15,16,17,20,24,25,26,34,37,38,39,40,41,43,45,48,50,54,60,76,149,194,217,448,490,494,512,632,875,1196,1267,1268,1270,1273,1277,1285,1287,1288,1289,1293,1294,1295,1434,1481,1558,1582,1687,2018,2074,2233,2407,2941,2965,2966,2967,2968,2969,3061,3700,3745,3876,3942,4286,4431,5254,5320,5513,6957,7009,7243,7248,7249,7250,7251,7657,7658,7804,8190,8208,8948,
25;0;4240;4405;0;15,16,17,20,24,25,26,34,37,38,39,40,41,43,45,48,50,54,60,76,149,194,217,448,490,494,512,632,875,1196,1267,1268,1270,1273,1277,1285,1287,1288,1289,1293,1294,1295,1434,1481,1558,1582,1687,2018,2074,2233,2407,2941,2965,2966,2967,2968,2969,3061,3700,3745,3876,3942,4286,4431,5254,5320,5513,6957,7009,7243,7248,7249,7250,7251,7657,7658,7804,8190,8208,8948,
25;1;4405;4441;0;15,16,17,20,24,25,26,34,37,38,39,40,41,43,45,48,50,54,60,76,149,194,217,448,490,494,504,512,632,782,875,1196,1267,1268,1270,1273,1277,1285,1287,1288,1289,1293,1294,1295,1434,1481,1549,1558,1582,1687,2018,2074,2202,2233,2407,2847,2848,2850,2941,2965,2966,2967,2968,2969,3061,3700,3745,3876,3942,4286,4431,4452,5254,5320,5561,5668,5669,5670,5671,5672,
20;0;4441;4613;0;15,16,17,20,24,25,26,34,37,38,39,40,41,43,45,48,50,54,60,76,149,194,217,448,490,494,504,512,632,782,875,1196,1267,1268,1270,1273,1277,1285,1287,1288,1289,1293,1294,1295,1434,1481,1549,1558,1582,1588,1687,2018,2074,2175,2202,2233,2407,2420,2488,2847,2848,2850,2941,2965,2966,2967,2968,2969,3061,3700,3745,3876,3942,4286,4431,6918,6919,6920,6921,6922,
20;1;4613;4632;0;15,16,17,20,24,25,26,34,37,38,39,40,41,43,45,48,50,54,60,76,149,194,217,448,490,494,504,512,632,782,875,1196,1267,1268,1270,1273,1274,1277,1285,1287,1288,1289,1293,1294,1295,1434,1481,1549,1558,1582,1588,1687,2018,2074,2175,2202,2233,2407,2420,2488,2847,2848,2850,2941,2965,2966,2967,2968,2969,3061,3700,3745,3876,3942,4286,4431,6918,6919,6920,6921,
171;0;4632;4730;0;15,16,17,20,24,25,26,34,37,38,39,40,41,43,45,48,50,54,60,76,149,194,202,217,448,479,490,494,504,512,632,782,875,1143,1196,1267,1268,1270,1273,1274,1277,1285,1287,1288,1289,1293,1294,1295,1434,1463,1481,1549,1558,1582,1588,1687,2018,2074,2175,2202,2233,2407,2413,2420,2488,2836,2847,2848,2850,2876,2941,2942,2965,2966,2967,2968,2969,3061,3745,4283,
171;1;4730;4807;0;15,16,17,20,24,25,26,34,37,38,39,40,41,43,45,48,50,54,60,76,149,185,194,202,205,206,217,448,479,490,494,504,512,632,660,782,791,868,875,964,1011,1143,1196,1267,1268,1270,1273,1274,1277,1285,1287,1288,1289,1293,1294,1295,1434,1463,1481,1549,1558,1582,1588,1687,2018,2074,2175,2202,2233,2407,2413,2420,2488,2836,2847,2941,2966,2969,3264,3745,
77;0;4807;4937;0;15,16,17,20,24,25,26,34,37,38,39,40,41,43,45,48,50,54,60,76,149,185,194,202,205,206,217,448,479,490,494,504,512,632,660,782,791,868,875,964,1011,1143,1196,1267,1268,1270,1273,1274,1277,1285,1287,1288,1289,1293,1294,1295,1434,1463,1481,1549,1558,2074,2941,2969,3209,3210,3488,3745,6930,8340,8397,8763,8765,8766,8767,8768,8769,8770,8773,8774,
77;1;4937;4979;0;2,15,16,17,20,24,25,26,34,37,38,39,40,41,43,45,48,50,54,60,76,139,149,185,194,202,205,206,217,397,448,479,490,494,504,512,632,660,782,791,868,875,948,952,964,1011,1093,1116,1143,1196,1207,1268,1270,1273,1274,1277,1287,1288,1293,1434,1463,1481,1558,1666,1668,1752,2074,2904,2941,2969,3630,3631,3632,3633,3634,3635,3636,3637,3638,3745,
647;0;4979;5147;0;24,27,34,87,139,144,149,157,202,206,412,427,540,632,691,765,767,849,875,898,987,1136,1196,1423,1434,1481,1529,1558,1569,1680,1752,2074,2625,2627,2845,2941,2972,2986,3060,3291,3334,3449,3527,3618,3742,3743,3744,3745,4181,4280,4744,4791,5645,5779,6865,6866,6867,7709,8118,9222,9223,9224,9225,9229,9230,9231,9233,9234,9235,9236,9241,9243,9244,9250,9251,9252,9253,9254,9255,9256,
166;0;5147;5277;0;24,27,34,87,139,144,149,157,202,206,412,427,540,632,691,765,767,849,875,898,987,1136,1196,1423,1434,1481,1529,1558,1569,1680,1752,2074,2625,2627,2845,2941,2972,2986,3060,3291,3334,3449,3527,3618,3742,3743,3744,3745,4181,4280,4744,4791,5645,5779,6865,6866,6867,7709,8118,9222,9223,9224,9225,9229,9230,9231,9233,9234,9235,9236,9241,9243,9244,9250,9251,9252,9253,9254,9255,9256,
166;1;5277;5314;0;24,27,34,87,139,144,149,157,202,206,412,427,540,632,691,765,767,849,875,898,987,1136,1196,1423,1434,1481,1529,1558,1569,1680,1752,2074,2625,2627,2845,2941,2972,2986,3060,3291,3334,3449,3527,3618,3742,3743,3744,3745,4181,4280,4744,4791,5645,5779,6865,6866,6867,7709,8118,9222,9223,9224,9225,9229,9230,9231,9233,9234,9235,9236,9241,9243,9244,9250,9251,9252,9253,9254,9255,9256,
521;0;5314;5474;0;24,27,34,87,139,144,149,157,202,206,412,427,540,632,691,765,767,849,875,898,987,1136,1196,1423,1434,1481,1529,1558,1569,1680,1752,2074,2625,2627,2845,2941,2972,2986,3060,3291,3334,3449,3527,3618,3742,3743,3744,3745,4181,4280,4744,4791,5645,5779,6865,6866,6867,7709,8118,9222,9223,9224,9225,9229,9230,9231,9233,9234,9235,9236,9241,9243,9244,9250,9251,9252,9253,9254,9255,9256,
490;0;5474;5631;0;24,27,34,87,139,144,149,157,202,206,412,427,540,632,691,765,767,849,875,898,987,1136,1196,1423,1434,1481,1529,1558,1569,1680,1752,2074,2625,2627,2845,2941,2972,2986,3060,3291,3334,3449,3527,3618,3742,3743,3744,3745,4181,4280,4744,4791,5645,5779,6865,6866,6867,7709,8118,9222,9223,9224,9225,9229,9230,9231,9233,9234,9235,9236,9241,9243,9244,9250,9251,9252,9253,9254,9255,9256,
32;0;5631;5709;0;24,27,34,87,139,144,149,157,202,206,412,427,540,632,691,765,767,849,875,898,987,1136,1196,1423,1434,1481,1529,1558,1569,1680,1752,2074,2625,2627,2845,2941,2972,2986,3060,3291,3334,3449,3527,3618,3742,3743,3744,3745,4181,4280,4744,4791,5645,5779,6865,6866,6867,7709,8118,9222,9223,9224,9225,9229,9230,9231,9233,9234,9235,9236,9241,9243,9244,9250,9251,9252,9253,9254,9255,9256,
32;1;5760;5838;0;24,27,34,87,139,143,144,146,149,157,202,206,277,398,402,412,427,540,632,645,691,765,767,769,849,875,898,987,1051,1136,1146,1196,1423,1434,1481,1529,1558,1569,1680,1752,2074,2503,2625,2627,2824,2845,2941,2972,2986,2988,3034,3035,3060,3291,3334,3449,3527,3618,3742,3743,3744,3745,4093,4181,4280,4501,4553,4744,4791,5645,5779,6865,6866,6867,7709,8118,9222,9223,9224,9225,
205;0;5838;5926;0;19,24,27,34,87,139,143,144,146,149,157,202,206,277,398,402,412,427,540,632,645,691,765,767,769,803,849,875,898,987,1051,1136,1146,1196,1423,1434,1481,1529,1558,1569,1680,1752,1936,2074,2503,2625,2627,2824,2845,2941,2972,2986,2988,3034,3035,3060,3291,3334,3449,3527,3618,3742,3743,3744,3745,4093,4181,4280,4501,4553,4744,4791,5645,5779,6865,6866,6867,7709,8118,9222,
205;1;5926;5987;0;19,24,27,34,87,95,139,143,144,146,149,157,202,206,274,277,398,402,412,427,540,632,645,691,765,767,769,772,803,849,875,898,987,1051,1136,1146,1196,1423,1434,1481,1529,1558,1569,1680,1752,1936,2074,2353,2354,2503,2625,2627,2824,2845,2941,2972,2986,2988,3034,3035,3060,3291,3334,3449,3527,3618,3742,3743,3744,3745,4093,4181,4280,4501,4553,4744,4791,5645,5779,6865,
496;0;5987;6134;0;19,24,27,34,87,95,139,143,144,146,149,157,202,206,225,274,276,277,398,402,412,427,540,632,645,691,765,767,769,772,803,849,875,898,987,1051,1136,1146,1196,1423,1434,1481,1529,1558,1569,1680,1752,1936,2074,2353,2354,2503,2625,2627,2824,2845,2941,2972,2986,2988,3034,3035,3060,3291,3334,3449,3527,3618,3742,3743,3744,3745,4093,4181,4280,4501,4553,4744,6169,6171,
8;0;6134;6194;0;19,24,27,34,87,95,139,143,144,146,149,157,177,181,202,206,225,262,267,268,272,274,276,277,286,288,305,306,310,313,314,398,402,412,427,540,595,632,645,691,765,767,769,772,803,849,875,898,911,987,1051,1131,1136,1146,1196,1236,1363,1423,1429,1430,1434,1481,1529,1558,1569,1655,1676,1680,1752,1936,2074,2117,2353,2627,2941,2986,2988,3527,3618,3743,
8;1;6194;6280;0;24,27,34,95,100,143,144,146,157,177,181,202,206,225,267,272,274,276,286,288,306,310,398,632,666,715,765,814,849,875,987,1051,1146,1196,1352,1390,1423,1434,1481,1523,1529,1680,1752,1936,2074,2627,2635,2653,2678,2721,2802,2803,2812,2941,2988,3527,3743,5336,5525,5530,5633,5637,5722,5868,6024,6308,6309,6310,6311,6312,6313,6314,6315,6316,6317,6318,6319,6320,6321,6322,
207;0;6280;6356;0;24,27,34,95,100,143,144,145,146,147,157,177,181,182,202,206,225,226,227,229,231,266,267,272,273,274,276,286,288,301,306,398,429,430,632,715,765,849,875,987,1051,1058,1092,1094,1137,1146,1196,1423,1434,1447,1473,1481,1529,1680,1752,1819,1825,1832,1936,2074,2128,2247,2248,2382,2627,2653,2678,2803,2941,2988,3743,4018,4031,4423,4472,5136,5530,5637,5736,5868,
207;1;6356;6420;0;24,27,34,95,100,143,144,145,146,147,157,177,178,179,180,181,182,183,202,206,225,226,227,229,231,266,267,272,273,274,276,286,288,301,304,306,398,429,430,632,715,765,849,875,987,1051,1058,1092,1094,1137,1146,1196,1423,1434,1447,1473,1481,1529,1680,1752,1819,1825,1832,1936,2074,2128,2247,2248,2627,2653,2678,2803,2941,2988,3743,4423,4472,5530,5637,5868,
481;0;6420;6557;0;27,28,34,44,66,95,143,145,146,150,169,187,206,208,251,255,359,398,429,476,497,632,658,729,754,864,979,987,989,1091,1196,1281,1283,1286,1304,1423,1434,1529,1719,1851,1887,2032,2036,2074,2080,2157,2158,2198,2305,2306,2412,2518,2537,2555,2564,2627,2849,2895,2941,2988,3006,3070,3126,3247,3743,3814,4247,4327,5632,6686,8787,8788,8968,8969,8970,8971,8972,8973,8974,9194,
582;0;6557;6666;0;27,28,34,44,66,95,143,145,146,150,169,187,206,208,251,255,359,398,429,476,497,632,658,729,754,864,979,987,989,1091,1196,1281,1283,1286,1304,1423,1434,1529,1719,1851,1887,2032,2036,2074,2080,2157,2158,2198,2305,2306,2412,2518,2537,2555,2564,2627,2849,2895,2941,2988,3006,3070,3126,3247,3743,3814,4247,4327,5632,6686,8787,8788,8968,8969,8970,8971,8972,8973,8974,9194,
40;0;6666;6739;0;27,28,34,44,66,95,143,145,146,150,169,187,206,208,251,255,359,398,429,476,497,632,658,729,754,864,979,987,989,1091,1196,1281,1283,1286,1304,1423,1434,1529,1719,1851,1887,2032,2036,2074,2080,2157,2158,2198,2305,2306,2412,2518,2537,2555,2564,2627,2849,2895,2941,2988,3006,3070,3126,3247,3743,3814,4247,4327,5632,6686,8787,8788,8968,8969,8970,8971,8972,8973,8974,9194,
40;1;6739;6773;0;27,28,34,44,66,95,143,145,146,150,169,187,206,208,251,255,359,398,429,476,497,632,658,729,754,864,979,987,989,1091,1196,1281,1283,1286,1304,1423,1434,1529,1719,1851,1887,2032,2036,2074,2080,2157,2158,2198,2305,2306,2412,2518,2537,2555,2564,2627,2849,2895,2941,2988,3006,3070,3126,3247,3743,3814,4247,4327,5632,6686,8787,8788,8968,8969,8970,8971,8972,8973,8974,9194,
66;0;7200;7274;0;27,28,34,44,66,95,143,145,146,150,169,187,206,208,251,255,359,398,429,476,497,591,632,658,677,729,754,864,979,987,989,1091,1196,1281,1283,1286,1304,1423,1434,1529,1719,1851,1887,2032,2036,2074,2080,2157,2158,2198,2305,2306,2412,2518,2537,2555,2564,2627,2628,2645,2692,2777,2778,2895,2988,3447,3516,3743,4603,4605,4759,4760,4761,5229,5230,5231,5232,5233,5234,5235,
66;1;7274;7304;0;8,9,27,28,34,44,66,95,143,145,146,150,169,187,206,208,251,255,259,359,377,382,390,398,429,476,591,632,647,658,677,775,838,893,895,1054,1095,1124,1171,1286,1361,1397,1488,1529,1683,1799,1809,1973,2224,2306,2412,2455,2628,2645,2692,2777,2778,2821,2895,2988,3037,3130,3267,3447,3743,4533,4605,4637,4748,4759,4761,4890,6513,6809,6813,6814,6815,6821,6822,6823,
2;0;7304;7388;0;8,9,27,28,34,44,66,95,143,145,146,150,169,187,206,208,251,255,259,359,377,382,390,398,429,476,519,591,632,647,658,677,775,838,893,895,1054,1095,1124,1171,1286,1361,1397,1488,1529,1683,1799,1809,1973,2224,2306,2412,2455,2628,2645,2692,2777,2778,2821,2895,2983,2988,3037,3130,3267,3447,3615,3743,3861,4334,4533,4605,4637,4748,4759,4761,4890,7397,7399,7469,
2;1;7388;7406;0;8,9,27,28,34,44,66,95,100,143,144,145,146,150,169,187,206,208,251,255,259,359,377,382,390,398,429,476,519,591,632,647,658,677,694,773,775,835,838,849,855,893,895,1054,1095,1124,1171,1286,1361,1397,1453,1488,1529,1665,1674,1680,1683,1752,1799,1809,2306,2412,2441,2626,2628,2640,2645,2653,2692,2777,2778,2895,3037,3267,3447,3513,3514,4605,4759,4761,
482;0;7406;7499;0;8,9,27,28,34,44,66,95,97,100,142,143,144,145,146,150,169,187,206,208,251,255,259,359,377,382,390,392,398,429,476,519,591,632,647,658,677,694,773,775,835,838,849,855,893,895,1054,1095,1124,1146,1171,1286,1361,1397,1453,1488,1529,1665,1674,1680,1683,1752,1799,1809,1814,2244,2306,2412,2626,2628,2645,2777,2778,2895,3037,3267,3447,4605,4759,4761,
630;0;7499;7588;0;8,9,27,28,34,44,66,95,97,100,142,143,144,145,146,150,169,187,206,208,251,255,259,359,377,382,390,392,398,429,476,486,518,519,591,632,647,658,677,694,773,775,835,838,849,855,875,893,895,1054,1095,1146,1286,1361,1397,1580,1674,1680,1683,1809,1814,1935,1936,2306,2412,2626,2628,2645,2777,2778,2830,2895,3037,3267,3447,4383,4453,4605,4759,4761,
580;0;7588;7672;0;8,9,27,28,34,44,61,66,95,97,100,142,143,144,145,146,150,169,187,206,208,251,255,259,359,377,382,390,392,398,429,476,486,518,528,591,632,647,658,677,694,773,835,838,849,855,875,1054,1146,1277,1278,1282,1286,1288,1292,1293,1322,1361,1397,1580,1674,1680,1683,1809,1814,1936,2101,2306,2626,2628,2645,2777,2778,2895,3037,3267,3447,4605,4759,4761,
609;0;7672;7752;0;8,9,34,66,95,100,142,144,145,146,206,255,359,377,390,392,398,429,476,528,591,632,647,658,677,694,773,835,838,849,855,875,1054,1146,1277,1278,1282,1286,1288,1293,1322,1361,1397,1580,1674,1680,1683,1809,1814,1936,2306,2626,2628,2645,2777,2778,2895,3037,3267,3447,3663,3679,3686,3690,4605,4759,4761,5082,6003,6004,6005,6006,6007,6008,6009,6010,6011,6012,6013,6058,
669;0;7752;7820;0;8,9,34,66,95,100,142,144,145,146,206,255,359,377,390,392,398,400,429,476,528,591,632,647,658,677,694,773,835,838,849,855,875,1054,1146,1277,1278,1282,1286,1288,1293,1322,1361,1397,1580,1674,1680,1683,1809,1814,1936,2306,2626,2628,2645,2777,2778,2895,3037,3267,3447,3663,3679,3686,3690,4605,4759,4761,5082,6003,6004,6005,6006,6007,6008,6009,6010,6011,6012,6742,
672;0;7820;7886;0;8,9,34,66,95,100,142,144,145,146,206,255,359,377,390,392,398,400,429,476,528,591,632,647,658,677,694,773,835,838,849,855,875,1054,1146,1277,1278,1282,1286,1288,1293,1322,1361,1397,1580,1674,1680,1683,1809,1814,1936,2306,2626,2628,2645,2777,2778,2895,3037,3267,3447,3663,3679,3686,3690,4605,4759,4761,5082,6003,6004,6005,6006,6007,6008,6009,7335,7336,7410,7411,
518;0;7886;7950;0;25,34,46,52,60,79,95,117,126,127,128,198,255,291,292,359,413,551,759,765,962,1201,1286,1288,1293,1587,1674,1853,1858,1915,1922,2034,2035,2091,2106,2174,2315,2419,2611,2642,2677,2678,2679,2689,2696,2774,2775,2777,2778,2803,2804,2808,2842,3013,3263,3269,3304,3447,3598,3797,3999,4122,4210,4373,4439,4459,4460,4478,4479,4480,4481,4605,4773,5052,5290,5314,5477,5478,5499,6767,
152;0;7950;7981;0;25,34,46,52,60,79,95,117,126,127,128,198,255,291,292,359,413,551,759,765,962,1201,1286,1288,1293,1587,1674,1853,1858,1915,1922,2034,2035,2091,2106,2174,2315,2419,2611,2642,2677,2678,2679,2689,2696,2774,2775,2777,2778,2803,2804,2808,2842,3013,3263,3269,3304,3447,3598,3797,3999,4122,4210,4373,4439,4459,4460,4478,4479,4480,4481,4605,4773,5052,5290,5314,5477,5478,5499,6767,
152;1;7981;8006;0;25,34,46,52,60,79,95,117,126,127,128,198,255,291,292,359,413,551,759,765,962,1201,1286,1288,1293,1587,1674,1853,1858,1915,1922,2034,2035,2091,2106,2174,2315,2419,2611,2642,2677,2678,2679,2689,2696,2774,2775,2777,2778,2803,2804,2808,2842,3013,3263,3269,3304,3447,3598,3797,3999,4122,4210,4373,4439,4459,4460,4478,4479,4480,4481,4605,4773,5052,5290,5314,5477,5478,5499,6767,
Machine: 4
498;0;0;21;1;4,87,89,90,95,138,144,149,233,244,262,274,276,277,290,314,321,390,397,400,440,558,583,591,644,645,764,765,768,769,773,833,836,858,862,863,944,945,947,949,979,1046,1070,1174,1214,1372,1474,1513,1521,1524,1525,1532,1533,1534,1535,1536,1587,1772,1773,1774,1814,2222,2223,2493,2658,2774,2775,2778,2816,3315,4567,4600,4627,4652,4740,5331,5411,5603,5604,5605,
611;0;21;52;1;4,87,89,90,95,138,144,149,233,244,262,274,276,277,290,314,321,390,397,400,440,558,583,591,644,645,764,765,768,769,773,833,836,858,862,863,944,945,947,949,979,1046,1070,1174,1214,1372,1474,1513,1521,1524,1525,1532,1533,1534,1535,1536,1587,1772,1773,1774,1814,2222,2223,2493,2658,2774,2775,2778,2816,3315,4567,4600,4627,4652,4740,5331,5411,5603,5604,5605,
641;0;52;96;1;4,87,89,90,95,138,144,149,233,244,262,274,276,277,290,314,321,390,397,400,440,558,583,591,644,645,764,765,768,769,773,833,836,858,862,863,944,945,947,949,979,1046,1070,1174,1214,1372,1474,1513,1521,1524,1525,1532,1533,1534,1535,1536,1587,1772,1773,1774,1814,2222,2223,2493,2658,2774,2775,2778,2816,3315,4567,4600,4627,4652,4740,5331,5411,5603,5604,5605,
528;0;96;148;1;4,87,89,90,95,138,144,149,233,244,262,274,276,277,290,314,321,390,397,400,440,558,583,591,644,645,764,765,768,769,773,833,836,858,862,863,944,945,947,949,979,1046,1070,1174,1214,1372,1474,1513,1521,1524,1525,1532,1533,1534,1535,1536,1587,1772,1773,1774,1814,2222,2223,2493,2658,2774,2775,2778,2816,3315,4567,4600,4627,4652,4740,5331,5411,5603,5604,5605,
592;0;148;208;1;4,87,89,90,95,138,144,149,233,244,262,274,276,277,290,314,321,390,397,400,440,558,583,591,644,645,764,765,768,769,773,833,836,858,862,863,944,945,947,949,979,1046,1070,1174,1214,1372,1474,1513,1521,1524,1525,1532,1533,1534,1535,1536,1587,1772,1773,1774,1814,2222,2223,2493,2658,2774,2775,2778,2816,3315,4567,4600,4627,4652,4740,5331,5411,5603,5604,5605,
648;0;208;272;1;4,87,89,90,95,138,144,149,233,244,262,274,276,277,290,314,321,390,397,400,440,558,583,591,644,645,764,765,768,769,773,833,836,858,862,863,944,945,947,949,979,1046,1070,1174,1214,1371,1372,1474,1513,1521,1524,1525,1532,1533,1534,1535,1536,1537,1538,1587,1772,1773,1774,1814,2222,2223,2493,2658,2774,2775,2778,2816,3315,4567,4600,4627,4652,4740,5331,5411,
649;0;272;338;1;4,87,89,90,95,138,144,149,233,244,262,274,276,277,290,314,321,390,395,397,400,440,558,583,591,644,645,764,765,768,769,773,833,836,858,862,863,944,945,947,949,979,1046,1070,1174,1214,1371,1372,1474,1481,1513,1521,1524,1525,1532,1533,1534,1535,1536,1537,1538,1587,1772,1773,1814,1916,2493,2658,2774,2775,2778,2816,3619,7459,7460,7461,7462,7463,7464,7465,
70;0;338;387;1;4,87,89,90,95,100,104,138,144,149,233,244,262,274,276,277,290,297,314,321,390,395,397,400,438,440,583,591,644,765,769,833,834,854,858,862,863,931,945,947,949,979,1070,1151,1168,1174,1214,1474,1481,1519,1524,1528,1587,1674,1814,2491,2493,2658,2667,2737,2774,2775,2778,2816,3531,3638,4400,5456,5656,5774,5841,6022,6441,7320,7460,7463,8022,8095,8303,8578,
70;1;387;406;1;4,61,68,87,89,95,100,104,144,149,169,196,198,208,233,262,276,277,290,297,314,321,390,395,400,438,502,583,591,609,644,765,769,833,834,854,858,863,875,931,945,947,949,979,1070,1168,1174,1214,1281,1423,1474,1481,1519,1524,1528,1560,1580,1587,1814,2091,2491,2493,2658,2774,2775,2778,2816,3070,3638,4364,4383,5053,5435,5456,5656,6022,6401,7460,8095,8158,
625;0;406;490;1;4,61,87,89,95,100,104,144,149,169,198,208,233,249,262,276,277,290,297,314,321,390,395,400,438,502,512,583,591,644,765,769,833,834,854,858,863,931,945,949,979,1070,1085,1168,1174,1214,1278,1474,1481,1519,1524,1528,1560,1580,1587,1814,2091,2491,2493,2658,2774,2775,2778,2816,2968,3070,3369,3638,4492,4624,4710,4864,5053,5308,5656,6022,6401,7125,7460,8510,
623;0;490;579;1;3,4,61,87,89,95,100,104,137,144,149,169,198,208,233,249,262,276,277,290,297,314,321,390,395,398,400,438,502,583,591,644,765,769,833,834,854,858,863,931,945,949,979,1048,1051,1054,1070,1145,1146,1168,1174,1214,1358,1474,1481,1519,1524,1528,1560,1580,1587,1604,1814,1945,1970,1971,2091,2491,2493,2658,2774,2775,2778,2816,2968,3638,5053,6022,6401,7460,
615;0;579;672;1;3,4,61,87,89,95,100,104,137,144,149,169,225,233,234,245,249,262,267,276,277,290,291,297,303,305,310,312,313,314,321,395,438,502,583,591,640,644,765,833,834,854,863,945,949,979,1051,1070,1168,1171,1174,1214,1474,1481,1519,1524,1528,1560,1587,1604,1665,1970,2091,2107,2244,2493,2658,2816,2968,3638,5053,5153,5155,5224,5225,5226,5227,5228,6022,6401,
69;0;672;722;1;24,26,38,61,247,249,395,476,499,528,529,598,632,659,722,757,979,1051,1087,1268,1270,1279,1293,1466,1549,1577,1723,1783,1785,1787,1789,1790,1936,2018,2073,2175,2198,2199,2847,2848,2868,2873,3072,3126,3345,3589,3590,3606,3703,3908,3978,3980,4119,4262,4313,4317,4487,4490,4491,4736,4888,5316,6092,6137,7009,8354,8536,8537,8538,8539,8540,8541,8542,8551,8552,8553,8554,8555,8556,8557,
69;1;722;774;1;24,26,38,61,247,249,395,476,499,528,529,598,632,659,722,757,979,1051,1087,1268,1270,1279,1293,1466,1549,1577,1723,1783,1785,1787,1789,1790,1936,2018,2073,2175,2198,2199,2847,2848,2868,2873,3072,3126,3345,3589,3590,3606,3703,3908,3978,3980,4119,4262,4313,4317,4487,4490,4491,4736,4888,5316,6092,6137,7009,8354,8536,8537,8538,8539,8540,8541,8542,8551,8552,8553,8554,8555,8556,8557,
59;0;774;840;1;24,26,38,61,247,249,395,476,499,528,529,598,632,659,722,757,979,1051,1087,1268,1270,1279,1293,1466,1549,1577,1723,1783,1785,1787,1789,1790,1936,2018,2073,2175,2198,2199,2847,2848,2868,2873,3072,3126,3345,3589,3590,3606,3703,3908,3978,3980,4119,4262,4313,4317,4487,4490,4491,4736,4888,5316,6092,6137,7009,8354,8536,8537,8538,8539,8540,8541,8542,8551,8552,8553,8554,8555,8556,8557,
59;1;840;882;1;24,26,38,61,247,249,395,476,499,528,529,598,632,659,722,757,979,1051,1087,1268,1270,1279,1293,1466,1549,1577,1723,1783,1785,1787,1789,1790,1936,2018,2073,2175,2198,2199,2847,2848,2868,2873,3072,3126,3345,3589,3590,3606,3703,3908,3978,3980,4119,4262,4313,4317,4487,4490,4491,4736,4888,5316,6092,6137,7009,8354,8536,8537,8538,8539,8540,8541,8542,8551,8552,8553,8554,8555,8556,8557,
656;0;882;991;1;24,26,38,61,247,249,395,476,499,528,529,598,632,659,722,757,979,1051,1087,1268,1270,1279,1293,1466,1549,1577,1723,1783,1785,1787,1789,1790,1936,2018,2073,2175,2198,2199,2847,2848,2868,2873,3072,3126,3345,3589,3590,3606,3703,3908,3978,3980,4119,4262,4313,4317,4487,4490,4491,4736,4888,5316,6092,6137,7009,8354,8536,8537,8538,8539,8540,8541,8542,8551,8552,8553,8554,8555,8556,8557,
572;0;991;1112;1;24,26,38,61,247,249,395,476,499,528,529,598,632,659,722,757,979,1051,1087,1268,1270,1279,1293,1466,1549,1577,1723,1783,1785,1787,1789,1790,1936,2018,2073,2175,2198,2199,2847,2848,2868,2873,3072,3126,3345,3589,3590,3606,3703,3908,3978,3980,4119,4262,4313,4317,4487,4490,4491,4736,4888,5316,6092,6137,7009,8354,8536,8537,8538,8539,8540,8541,8542,8551,8552,8553,8554,8555,8556,8557,
135;0;1112;1284;0;24,26,38,61,247,249,395,476,499,528,529,598,632,659,722,757,979,1051,1087,1268,1270,1279,1293,1466,1549,1577,1723,1783,1785,1787,1789,1790,1936,2018,2073,2175,2198,2199,2847,2848,2868,2873,3072,3126,3345,3589,3590,3606,3703,3908,3978,3980,4119,4262,4313,4317,4487,4490,4491,4736,4888,5316,6092,6137,7009,8354,8536,8537,8538,8539,8540,8541,8542,8551,8552,8553,8554,8555,8556,8557,
135;1;1440;1565;0;24,26,38,61,79,127,206,224,247,249,395,412,476,499,528,529,564,598,632,659,722,757,979,1051,1087,1268,1270,1279,1293,1466,1549,1577,1723,1783,1785,1787,1789,1790,1898,1936,2018,2073,2175,2198,2199,2847,2848,2849,2868,2873,3072,3126,3345,3589,3590,3606,3703,3908,3978,3980,4119,4262,4313,4317,4487,4490,4491,4736,4888,5316,5668,6092,6137,6389,7009,8354,8536,8537,8538,8539,
79;0;1565;1702;0;24,26,38,61,79,103,127,206,224,247,249,395,412,476,499,528,529,564,598,632,659,722,757,979,1051,1087,1268,1270,1279,1293,1466,1549,1577,1723,1783,1785,1787,1789,1790,1898,1936,2018,2073,2175,2198,2199,2627,2645,2847,2848,2849,2868,2873,2898,3043,3345,3447,3908,4313,4317,4487,5030,5609,5897,6090,6783,7009,7022,7419,7834,7835,8166,8170,8730,9083,9084,9085,9086,9087,9088,
79;1;1702;1845;0;4,24,26,38,61,79,103,127,149,206,224,247,249,277,320,395,412,476,499,528,529,564,598,632,659,677,722,757,948,979,1051,1070,1087,1147,1268,1270,1279,1293,1428,1466,1549,1577,1723,1783,1785,1787,1789,1790,1843,1898,1936,2018,2073,2175,2198,2199,2321,2625,2627,2645,2868,2899,3147,3249,3280,3345,3527,3908,4313,4317,4487,5897,6682,7009,8098,8166,8730,8842,8844,8847,
140;0;1845;1972;0;4,24,26,38,40,46,52,61,79,103,127,149,204,206,224,247,249,277,320,359,395,412,476,499,528,529,564,598,632,659,677,722,757,948,979,1051,1070,1087,1147,1256,1268,1270,1271,1275,1276,1279,1293,1428,1466,1549,1577,1723,1782,1783,1785,1787,1843,1994,2198,2512,2625,2627,2645,2868,2968,3003,3345,3527,3908,4109,4110,4111,4112,4313,4317,4487,5897,7009,8166,8730,
140;1;1972;2115;0;4,24,26,38,40,46,52,61,79,103,127,144,149,204,206,224,247,249,262,268,273,277,286,288,302,305,308,310,320,359,380,395,412,476,499,528,529,564,595,598,632,659,677,722,757,892,894,948,979,1051,1070,1131,1147,1270,1293,1430,1577,1723,1782,1843,1844,2198,2625,2627,2645,2868,2968,3003,3345,3527,3908,4109,4112,4313,4317,4487,5897,7009,8166,8730,
223;0;2115;2262;0;27,100,104,137,144,145,149,189,225,262,277,288,395,438,640,766,831,833,834,835,854,855,863,949,1045,1293,1294,1295,1322,1453,1478,1529,2315,2407,2419,2626,2627,2633,2661,2711,3459,3511,3512,3516,3517,3518,3519,3520,3521,3523,3524,3525,4112,4217,4721,6133,6136,6138,7945,7971,7977,8230,8276,8278,8280,8284,8285,8317,8318,8319,8358,9222,9223,9224,9225,9226,9227,9228,9229,9230,
223;1;2262;2358;0;27,100,104,137,144,145,149,189,225,262,277,288,395,438,640,766,831,833,834,835,854,855,863,949,1045,1293,1294,1295,1322,1453,1478,1529,2315,2407,2419,2626,2627,2633,2661,2711,3459,3511,3512,3516,3517,3518,3519,3520,3521,3523,3524,3525,4112,4217,4721,6133,6136,6138,7945,7971,7977,8230,8276,8278,8280,8284,8285,8317,8318,8319,8358,9222,9223,9224,9225,9226,9227,9228,9229,9230,
36;0;2358;2487;0;27,100,104,137,144,145,149,189,225,262,277,288,395,438,640,766,831,833,834,835,854,855,863,949,1045,1293,1294,1295,1322,1453,1478,1529,2315,2407,2419,2626,2627,2633,2661,2711,3459,3511,3512,3516,3517,3518,3519,3520,3521,3523,3524,3525,4112,4217,4721,6133,6136,6138,7945,7971,7977,8230,8276,8278,8280,8284,8285,8317,8318,8319,8358,9222,9223,9224,9225,9226,9227,9228,9229,9230,
36;1;2487;2584;0;27,100,104,137,144,145,149,189,225,262,277,288,395,438,640,766,831,833,834,835,854,855,863,949,1045,1293,1294,1295,1322,1453,1478,1529,2315,2407,2419,2626,2627,2633,2661,2711,3459,3511,3512,3516,3517,3518,3519,3520,3521,3523,3524,3525,4112,4217,4721,6133,6136,6138,7945,7971,7977,8230,8276,8278,8280,8284,8285,8317,8318,8319,8358,9222,9223,9224,9225,9226,9227,9228,9229,9230,
206;0;2584;2732;0;27,100,104,137,144,145,149,189,225,262,277,288,395,438,640,766,831,833,834,835,854,855,863,949,1045,1293,1294,1295,1322,1453,1478,1529,2315,2407,2419,2626,2627,2633,2661,2711,3459,3511,3512,3516,3517,3518,3519,3520,3521,3523,3524,3525,4112,4217,4721,6133,6136,6138,7945,7971,7977,8230,8276,8278,8280,8284,8285,8317,8318,8319,8358,9222,9223,9224,9225,9226,9227,9228,9229,9230,
206;1;2732;2806;0;27,100,104,137,144,145,149,189,225,262,277,288,395,438,640,766,831,833,834,835,854,855,863,949,1045,1293,1294,1295,1322,1453,1478,1529,2315,2407,2419,2626,2627,2633,2661,2711,3459,3511,3512,3516,3517,3518,3519,3520,3521,3523,3524,3525,4112,4217,4721,6133,6136,6138,7945,7971,7977,8230,8276,8278,8280,8284,8285,8317,8318,8319,8358,9222,9223,9224,9225,9226,9227,9228,9229,9230,
222;0;2880;2963;0;27,87,100,104,137,144,145,149,189,225,262,277,288,395,438,640,691,698,766,831,833,834,835,854,855,863,949,1045,1136,1293,1294,1295,1322,1453,1478,1529,2315,2407,2419,2626,2627,2633,2661,2711,2986,3459,3511,3512,3516,3517,3518,3519,3520,3521,3523,3524,3525,3618,4112,4217,4721,4744,4746,4791,6133,6136,6138,7945,7971,7977,8230,8276,8278,8280,8284,8285,8317,8318,8319,8358,
222;1;2963;3082;0;27,87,100,104,137,144,145,148,149,189,225,262,277,288,395,438,591,640,647,691,698,766,831,833,834,835,854,855,863,911,921,949,1045,1136,1172,1293,1294,1295,1322,1453,1478,1484,1502,1529,1633,1670,2224,2315,2407,2419,2626,2627,2633,2661,2711,2986,3034,3284,3459,3511,3512,3516,3517,3518,3519,3520,3521,3523,3524,3525,3618,4217,4397,4401,4472,4795,5206,5695,5926,6136,
137;0;3082;3234;0;27,28,87,100,104,137,144,145,148,149,152,189,225,262,277,288,395,412,438,591,640,647,691,698,766,831,833,834,835,854,855,863,911,921,949,1045,1136,1172,1225,1293,1294,1295,1322,1453,1478,1484,1502,1529,1633,1670,2224,2315,2407,2419,2626,2627,2633,2661,2711,2958,2986,3022,3034,3284,3459,3511,3512,3516,3517,3518,3519,3520,3521,3618,4217,4377,4378,4397,5206,6136,
137;1;3234;3278;0;3,27,28,87,100,104,137,144,145,148,149,152,189,225,262,277,288,380,395,412,438,591,640,647,691,698,766,831,833,834,835,854,855,863,911,921,949,1045,1134,1172,1174,1293,1294,1322,1361,1478,1484,1529,1670,1726,1763,1809,1970,2315,2407,2493,2626,2627,2658,2661,2728,3022,3034,3099,3133,3618,4217,4397,4553,4563,4650,5048,5206,5516,6136,6153,6154,6155,6156,6157,
542;0;3278;3446;0;3,27,28,87,100,102,104,137,144,145,148,149,152,189,225,262,277,288,380,395,412,438,591,640,647,691,698,766,831,833,834,835,854,855,863,911,921,949,1045,1134,1172,1174,1293,1294,1322,1361,1478,1484,1529,1567,1670,1726,1763,1809,1970,2315,2407,2475,2493,2626,2627,2658,2661,2728,3022,3034,3099,3133,3618,4217,4397,4553,4563,4650,5048,5206,5516,6136,6153,6216,
211;0;3446;3596;0;3,27,28,87,100,102,104,137,144,145,148,149,152,189,225,233,262,277,288,314,321,380,395,412,429,438,591,640,647,691,698,766,831,833,834,835,854,855,863,911,921,949,1045,1134,1172,1174,1293,1294,1322,1361,1478,1484,1529,1567,1670,1726,1763,1809,1970,2128,2315,2407,2475,2493,2626,2627,2658,2661,2728,3022,3034,3099,3133,3618,4217,4397,4553,4749,5206,6136,
211;1;3596;3607;0;3,24,88,100,102,137,144,145,149,225,248,249,262,277,288,314,380,395,412,414,429,559,591,640,647,833,834,847,854,921,1270,1288,1293,1294,1361,1478,1484,1529,1567,1587,1670,1718,1788,1809,1875,2238,2315,2338,2339,2407,2475,2626,2627,3309,3765,4010,4217,4553,5053,5150,5161,5206,5560,6136,6254,6373,6401,7009,7877,7878,7879,7880,7881,7882,8838,9020,9021,9022,9023,9024,
522;0;3607;3767;0;3,24,88,100,102,137,144,145,149,225,248,249,262,277,288,314,380,395,412,414,429,559,591,640,647,833,834,847,854,921,1270,1288,1293,1294,1361,1478,1484,1529,1567,1587,1670,1718,1788,1809,1875,2238,2315,2338,2339,2407,2475,2626,2627,3309,3765,4010,4217,4553,5053,5150,5161,5206,5560,6136,6254,6373,6401,7009,7877,7878,7879,7880,7881,7882,8838,9020,9021,9022,9023,9024,
658;0;3767;3924;0;3,24,88,100,102,137,144,145,149,225,248,249,262,277,288,314,380,395,412,414,429,559,591,640,647,833,834,847,854,921,1270,1288,1293,1294,1361,1478,1484,1529,1567,1587,1670,1718,1788,1809,1875,2238,2315,2338,2339,2407,2475,2626,2627,3309,3765,4010,4217,4553,5053,5150,5161,5206,5560,6136,6254,6373,6401,7009,7877,7878,7879,7880,7881,7882,8838,9020,9021,9022,9023,9024,
232;0;3924;3975;0;3,24,88,100,102,137,144,145,149,225,248,249,262,277,288,314,380,395,412,414,429,559,591,640,647,833,834,847,854,921,1270,1288,1293,1294,1361,1478,1484,1529,1567,1587,1670,1718,1788,1809,1875,2238,2315,2338,2339,2407,2475,2626,2627,3309,3765,4010,4217,4553,5053,5150,5161,5206,5560,6136,6254,6373,6401,7009,7877,7878,7879,7880,7881,7882,8838,9020,9021,9022,9023,9024,
232;1;4320;4426;0;26,100,102,117,137,144,149,225,255,395,412,453,485,529,536,618,640,647,854,921,978,1266,1267,1269,1272,1277,1284,1286,1287,1288,1289,1290,1293,1294,1484,1567,1670,1782,1915,2032,2091,2156,2286,2338,2346,2347,2475,2577,2626,2627,2770,2812,2934,2941,3571,3758,3814,5206,5540,5856,5916,6136,6372,6706,6831,6961,7331,7907,7967,8516,8606,8675,8851,8852,8853,8854,8855,8856,8857,8858,
558;0;4426;4577;0;26,100,102,117,136,137,144,146,149,225,255,290,297,395,412,436,453,485,529,536,618,640,644,647,854,914,921,927,978,1118,1149,1211,1266,1267,1269,1277,1287,1289,1293,1294,1484,1567,1618,1668,1670,1671,1825,1915,1920,1922,1973,2091,2286,2475,2626,2627,2635,2651,2941,4018,4572,4654,4968,5015,5135,5139,5206,5250,5251,5252,5253,5254,5255,5256,5257,5258,5259,5260,5261,6136,
146;0;4577;4642;0;26,100,102,117,136,137,144,146,149,225,255,290,297,395,412,436,453,485,529,536,618,640,644,647,854,914,921,927,978,1118,1149,1211,1266,1267,1269,1277,1287,1289,1293,1294,1484,1567,1618,1668,1670,1671,1825,1915,1920,1922,1973,2091,2286,2467,2475,2626,2627,2635,2651,2941,4018,4572,4654,4968,5015,5135,5139,5206,5250,5251,5252,5253,5254,5255,5256,5257,5258,5259,5260,6136,
146;1;4642;4726;0;26,100,102,117,136,137,144,146,149,225,255,290,291,297,329,377,395,412,436,453,485,529,536,618,640,644,647,854,891,914,921,927,978,1118,1148,1149,1211,1266,1267,1269,1277,1287,1289,1293,1294,1484,1488,1540,1567,1604,1618,1668,1670,1671,1825,1915,1920,1922,1973,2091,2133,2286,2467,2475,2544,2626,2627,2635,2651,2696,2941,3015,4227,4428,5135,5206,5217,5218,5259,6136,
581;0;4726;4873;0;26,89,100,102,117,136,137,144,146,149,225,255,289,290,291,297,304,329,377,395,412,436,453,485,529,536,618,640,644,647,666,854,891,914,921,945,1118,1147,1148,1211,1277,1287,1289,1293,1294,1444,1484,1567,1668,1825,1915,1920,2091,2286,2475,2509,2534,2626,2627,2635,2696,2816,2941,2951,2985,2987,2988,2990,2991,2992,2993,2994,2995,2996,2997,3015,5135,5206,5259,6136,
484;0;4873;5011;0;26,89,100,102,117,136,137,139,144,146,149,225,255,289,290,291,297,304,329,377,395,412,436,453,485,529,536,640,644,647,666,852,854,891,921,1118,1147,1148,1211,1236,1277,1287,1289,1293,1294,1424,1470,1484,1567,1668,1825,1915,1920,2091,2286,2382,2391,2475,2626,2627,2635,2696,2816,2941,3015,4033,4934,4974,5135,5206,5259,5397,5768,5943,6107,6136,6163,6169,6179,6180,
83;0;5011;5091;0;89,100,102,137,144,149,225,289,290,291,297,299,304,329,395,607,640,644,647,677,700,765,854,891,921,1093,1147,1211,1287,1294,1481,1484,1567,1825,1920,2091,2318,2475,2602,2626,2627,2635,2683,2816,3015,4033,4608,4934,4937,4997,5206,5386,5387,5392,5525,5530,5538,5637,5722,6022,6107,6134,6136,6194,6225,6288,6289,6290,6298,6299,6300,6301,6302,6309,6310,6311,6312,6313,6449,6746,
83;1;5091;5144;0;89,100,102,137,144,149,225,289,290,291,297,299,304,329,395,607,640,644,647,677,700,765,854,891,921,1093,1147,1211,1287,1294,1481,1484,1567,1825,1920,2091,2318,2475,2602,2626,2627,2635,2683,2816,3015,4033,4608,4934,4937,4997,5206,5386,5387,5392,5525,5530,5538,5637,5722,6022,6107,6134,6136,6194,6225,6288,6289,6290,6298,6299,6300,6301,6302,6309,6310,6311,6312,6313,6449,6746,
663;0;5144;5270;0;89,100,102,137,144,149,225,289,290,291,297,299,304,329,395,607,640,644,647,677,700,765,854,891,921,1093,1147,1211,1287,1294,1481,1484,1567,1825,1920,2091,2318,2475,2602,2626,2627,2635,2683,2816,3015,4033,4608,4934,4937,4997,5206,5386,5387,5392,5525,5530,5538,5637,5722,6022,6107,6134,6136,6194,6225,6288,6289,6290,6298,6299,6300,6301,6302,6309,6310,6311,6312,6313,6449,6746,
108;0;5270;5341;0;89,100,102,137,144,149,225,289,290,291,297,299,304,329,395,607,640,644,647,677,700,765,854,891,921,1093,1147,1211,1287,1294,1481,1484,1567,1825,1920,2091,2318,2475,2602,2626,2627,2635,2683,2816,3015,4033,4608,4934,4937,4997,5206,5386,5387,5392,5525,5530,5538,5637,5722,6022,6107,6134,6136,6194,6225,6288,6289,6290,6298,6299,6300,6301,6302,6309,6310,6311,6312,6313,6449,6746,
108;1;5760;5813;0;1,3,89,100,137,144,149,225,226,262,270,277,289,290,291,297,299,304,329,391,395,607,644,647,677,765,854,891,1069,1093,1204,1214,1294,1473,1475,1476,1477,1481,1484,1530,1667,1803,1825,1920,2091,2109,2134,2318,2451,2602,2626,2627,2635,2816,3108,3278,4033,4535,4857,4891,4902,4925,4926,4927,4928,4929,4930,4931,4932,4933,4934,4935,4936,4937,4938,4939,5206,5525,5722,6107,
697;0;5813;5931;0;1,3,89,100,137,144,149,169,206,225,226,251,262,270,277,289,290,291,297,299,304,329,391,395,483,502,506,516,569,607,644,647,677,765,854,872,891,1069,1093,1204,1214,1294,1473,1475,1476,1477,1481,1484,1530,1667,1803,1825,1920,2091,2109,2134,2318,2412,2451,2602,2626,2627,2635,2816,3108,3278,4033,4535,4857,4891,4902,4925,4926,4927,4937,5206,5464,5525,5722,6107,
643;0;5931;6045;0;1,3,89,97,100,137,144,145,149,169,206,225,226,251,262,270,277,288,289,290,291,297,299,304,329,380,391,395,429,483,502,506,516,569,607,644,647,677,765,854,872,891,1069,1093,1204,1214,1294,1401,1473,1474,1475,1476,1477,1478,1481,1484,1530,1667,1803,1825,1920,2091,2109,2134,2318,2355,2412,2451,2602,2626,2627,2635,2816,3108,4891,4937,5206,5525,5722,6107,
526;0;6045;6150;0;1,3,19,34,38,40,46,89,97,100,137,144,145,149,169,206,225,226,251,262,270,277,288,289,290,291,297,299,304,329,364,380,391,395,429,476,546,644,647,677,722,765,778,854,872,891,1204,1214,1294,1390,1473,1474,1476,1478,1481,1484,1530,1560,1920,2091,2109,2134,2197,2318,2602,2626,2627,2635,2816,3766,4645,4891,4937,5206,5525,5722,5825,6107,6244,7658,
585;0;6150;6248;0;1,3,38,46,89,94,100,137,144,145,206,225,276,289,290,291,297,299,304,329,395,429,583,586,644,647,677,765,770,833,834,838,854,872,890,891,1168,1204,1214,1294,1447,1474,1476,1481,1484,1519,1524,1528,1529,1920,2318,2602,2626,2627,2635,2659,2693,2721,2816,3527,3581,3582,3638,4537,4574,4732,4802,4937,4949,5206,5339,5341,5342,5343,5344,5345,5451,5525,5722,6107,
685;0;6248;6338;0;1,3,38,46,89,94,100,137,144,145,206,225,276,289,290,291,297,299,304,329,395,429,583,586,644,647,677,765,770,833,834,838,854,872,890,891,1168,1204,1214,1294,1447,1474,1476,1481,1484,1519,1524,1528,1529,1920,2318,2602,2626,2627,2635,2659,2693,2721,2816,3527,3581,3582,3638,4537,4574,4732,4802,4937,4949,5206,5339,5525,5722,6107,8470,8475,8476,8477,8478,8479,
553;0;6338;6418;0;1,3,38,46,89,94,100,137,144,145,206,225,276,289,290,291,297,299,304,329,395,429,583,586,644,647,677,765,770,833,834,838,854,872,890,891,1062,1168,1204,1214,1294,1361,1447,1474,1476,1481,1484,1519,1524,1528,1529,1809,1920,2318,2337,2602,2626,2627,2635,2659,2693,2721,2816,2984,3527,3581,3582,3621,3638,4537,4553,4727,5206,5525,5722,5830,6101,6107,6109,6113,
499;0;6418;6496;0;46,63,86,95,100,145,206,245,273,289,290,291,297,299,329,343,395,398,429,528,591,644,647,677,765,769,872,891,1019,1024,1214,1294,1474,1476,1484,1669,1750,1920,2149,2221,2225,2315,2318,2405,2625,2626,2627,2628,2629,2630,2631,2632,2634,2635,2637,2640,2642,2643,2644,2646,2652,2657,2663,2675,2680,2686,2720,2721,2752,2816,4229,4230,4552,5206,5351,5706,6184,7215,7216,7217,
512;0;6496;6569;0;46,63,86,95,100,145,206,245,273,289,290,291,297,299,329,343,395,398,429,528,591,644,647,677,765,769,872,891,1019,1024,1214,1294,1474,1476,1484,1669,1750,1920,2149,2221,2225,2315,2318,2405,2625,2626,2627,2628,2629,2630,2631,2632,2634,2635,2637,2640,2642,2643,2644,2646,2652,2657,2663,2675,2680,2686,2720,2721,2752,2816,4229,4230,4552,5206,5351,5706,6184,7215,7216,7217,
466;0;6569;6641;0;46,63,86,95,100,145,206,245,273,289,290,291,297,299,329,343,395,398,429,528,591,644,647,677,765,769,872,891,1019,1024,1214,1294,1474,1476,1484,1669,1750,1920,2149,2221,2225,2315,2318,2405,2625,2626,2627,2628,2629,2630,2631,2632,2634,2635,2637,2640,2642,2643,2644,2646,2652,2657,2663,2675,2680,2686,2720,2721,2752,2816,4229,4230,4552,5206,5351,5706,6184,7215,7216,7217,
520;0;6641;6698;0;46,63,86,95,100,145,206,245,273,289,290,291,297,299,329,343,395,398,429,528,591,644,647,677,765,769,872,891,1019,1024,1214,1294,1474,1476,1484,1669,1750,1920,2149,2221,2225,2315,2318,2405,2625,2626,2627,2628,2629,2630,2631,2632,2634,2635,2637,2640,2642,2643,2644,2646,2652,2657,2663,2675,2680,2686,2720,2721,2752,2816,4229,4230,4552,5206,5351,5706,6184,7215,7216,7217,
84;0;7200;7236;0;46,63,86,95,100,145,206,245,273,289,290,291,297,299,329,343,395,398,429,528,591,644,647,677,765,769,872,891,1019,1024,1214,1294,1474,1476,1484,1669,1750,1884,1920,2149,2221,2225,2315,2405,2600,2626,2627,2635,2637,2645,2653,2678,2679,2774,2816,3263,4568,4604,4605,4606,4612,4634,4759,4800,5043,5206,5230,5528,5890,5891,5892,5893,5894,5895,5896,5897,5898,5899,5900,5901,
84;1;7236;7254;0;24,28,46,63,86,95,100,145,206,245,273,289,290,291,297,299,329,343,395,398,429,528,591,644,647,677,765,769,872,891,979,1019,1024,1214,1294,1474,1476,1484,1561,1669,1750,1884,1920,2149,2221,2225,2305,2315,2405,2600,2626,2627,2635,2637,2645,2653,2678,2679,2774,2816,3006,3263,3796,3808,3900,3906,4273,4274,4275,4568,4604,4605,4606,4612,4634,4759,4800,5043,5206,5230,
613;0;7254;7302;0;24,28,46,63,86,95,100,145,206,245,273,289,290,291,297,299,329,343,395,398,429,528,591,644,647,677,765,769,824,872,891,979,1019,1024,1117,1214,1294,1474,1476,1484,1561,1669,1750,1884,1920,2149,2221,2225,2253,2322,2405,2626,2627,2637,2645,2653,2774,2777,2778,2789,2816,3006,3099,3111,3263,3900,3906,4397,4604,4605,4606,4771,4855,5206,9121,9123,9124,9152,9153,9154,
683;0;7302;7341;0;15,24,28,46,63,86,95,100,145,186,189,206,245,273,289,290,291,297,299,329,343,395,398,429,503,528,591,644,647,662,677,765,769,824,872,891,979,1019,1024,1088,1117,1214,1294,1474,1476,1484,1550,1561,1580,1669,1750,1920,2157,2405,2555,2626,2627,2637,2645,2653,2774,2777,2778,2816,3006,3022,3127,3263,3627,3900,3906,4604,4605,4606,4771,4855,5206,9121,9123,9124,
608;0;7341;7375;0;15,24,28,46,63,86,95,100,145,186,189,206,231,245,273,289,290,291,297,299,329,343,395,398,429,503,528,591,644,647,662,677,765,769,824,872,891,979,1019,1024,1088,1117,1214,1294,1474,1476,1484,1550,1561,1580,1669,1750,1920,2157,2405,2626,2627,2637,2645,2653,2658,2774,2775,2777,2778,2816,3006,3263,3900,3906,4604,4605,4606,4771,4855,4946,5206,9121,9123,9124,
485;0;7375;7405;0;15,24,28,38,46,63,86,95,100,145,186,189,206,231,245,273,289,290,291,297,299,329,343,395,398,429,503,528,591,644,647,662,677,765,769,824,871,872,874,891,972,979,1019,1024,1088,1117,1142,1214,1294,1456,1463,1474,1476,1484,1580,1920,2157,2626,2627,2637,2645,2653,2774,2775,2777,2778,2816,3006,3263,3900,3906,4604,4605,4606,4771,4855,5206,9121,9123,9124,
678;0;7405;7423;0;15,24,28,38,46,55,60,63,86,95,100,145,186,189,206,231,245,273,289,290,291,297,299,329,343,395,398,429,503,528,591,644,647,662,677,736,765,769,824,871,872,874,891,972,979,989,1019,1024,1117,1425,1474,1476,1580,1920,1984,2157,2626,2627,2637,2645,2653,2774,2775,2777,2778,2816,3006,3263,3718,3900,3906,4604,4605,4606,4771,4855,5206,9121,9123,9124,
586;0;7423;7437;0;15,24,28,38,46,55,60,63,86,95,100,144,145,177,178,179,180,181,182,184,186,189,206,231,245,273,289,290,291,297,299,304,329,343,395,398,429,503,528,591,644,647,662,677,736,765,769,824,871,872,979,989,1117,1474,1476,1580,1920,2626,2627,2637,2645,2653,2774,2775,2777,2778,2816,3006,3263,3900,3906,4604,4605,4606,4771,4855,5206,9121,9123,9124,
531;0;7437;7441;0;15,24,28,38,46,55,60,63,86,100,144,145,177,186,189,273,289,290,297,304,329,343,429,503,528,644,647,769,824,871,872,979,989,1117,1474,1476,1580,1920,2626,2627,2637,2645,2653,2774,2775,2777,2778,2807,2816,3006,3263,3900,3906,4604,4605,4606,4771,4855,5029,5206,6296,7294,8165,8166,8320,8391,8407,8428,8730,9000,9001,9002,9003,9004,9005,9006,9007,9121,9123,9124,
225;0;7441;7486;1;15,24,28,38,46,60,93,100,144,145,177,186,189,273,276,289,290,304,329,343,429,503,644,647,691,766,769,824,843,858,871,872,979,989,1117,1476,1580,1920,2594,2626,2627,2637,2645,2653,2692,2774,2775,2777,2778,2816,3006,3152,3263,3618,3900,3906,4408,4604,4605,4606,4771,4855,5206,7222,7223,7224,7225,7226,7227,7228,7229,7230,7231,7232,7233,7234,8391,9121,9123,9124,
225;1;7486;7570;1;15,24,28,38,46,60,93,100,144,145,177,186,189,273,276,289,290,304,329,343,429,503,644,647,691,714,766,769,824,843,858,871,872,979,989,1117,1476,1580,1920,2594,2626,2627,2637,2645,2653,2692,2774,2775,2777,2778,2816,3006,3152,3263,3618,3900,3906,4408,4604,4605,4606,4771,4855,5206,7222,7223,7224,7225,7226,7227,7228,7229,7230,7231,7232,7233,8391,9121,9123,9124,
657;0;7570;7711;1;1,8,15,24,28,38,46,60,93,100,141,142,144,145,177,186,189,230,241,273,276,289,290,304,329,343,390,402,429,503,644,647,691,714,766,769,824,843,858,871,872,979,989,1051,1117,1146,1358,1476,1580,1801,1806,1809,1920,1945,2594,2626,2627,2637,2645,2653,2692,2774,2775,2777,2778,2816,3006,3263,3900,3906,4604,4605,4606,4771,4855,5206,8391,9121,9123,9124,
10;0;7711;7730;1;1,8,15,24,28,38,46,60,93,100,141,142,144,145,177,186,189,230,241,273,276,289,290,304,329,343,390,402,429,503,644,647,691,714,766,769,824,843,858,871,872,979,989,1051,1117,1146,1358,1476,1580,1801,1806,1920,2064,2626,2627,2645,2653,2774,2775,2777,2778,2816,3006,3263,3900,3906,4604,4605,4606,4771,4855,5206,6424,6791,7029,8391,8400,9121,9123,9124,
10;1;7730;7855;1;1,8,15,24,28,38,46,56,60,93,100,141,142,144,145,177,186,189,230,241,273,276,289,290,304,329,343,390,402,429,503,644,647,691,714,766,769,824,843,858,871,872,979,989,1051,1117,1146,1270,1358,1476,1580,1801,1920,2420,2626,2627,2645,2653,2774,2775,2777,2778,2816,3006,3263,3786,3878,3900,3906,4604,4605,4606,4771,4855,5206,6791,8391,9121,9123,9124,
563;0;7855;8003;1;27,144,145,152,177,208,273,289,290,304,363,429,499,503,644,647,694,772,824,979,987,1117,1147,1244,1481,1940,1999,2645,2690,2774,2775,2777,2778,2816,2823,2955,3263,3345,3361,3605,3774,3785,3786,3787,3788,3789,3790,3791,3792,3899,3900,3901,3902,3903,3904,3905,3906,3907,3908,3909,3910,3911,4604,4605,4606,4771,4855,5484,5525,5634,5722,5869,6024,6099,6173,6791,8119,9121,9123,9124,
539;0;8003;8154;1;27,144,145,152,177,208,273,289,290,304,363,429,499,503,644,647,694,772,824,979,987,1117,1147,1244,1481,1940,1999,2645,2690,2774,2775,2777,2778,2816,2823,2955,3263,3345,3361,3605,3774,3785,3786,3787,3788,3789,3790,3791,3792,3899,3900,3901,3902,3903,3904,3905,3906,3907,3908,3909,3910,3911,4604,4605,4606,4771,4855,5484,5525,5634,5722,5869,6024,6099,6173,6791,8119,9121,9123,9124,
114;0;8154;8158;1;27,144,145,152,177,208,273,289,290,304,363,429,499,503,644,647,694,772,824,979,987,1117,1147,1244,1481,1940,1999,2645,2690,2774,2775,2777,2778,2816,2823,2955,3263,3345,3361,3605,3774,3785,3786,3787,3788,3789,3790,3791,3792,3899,3900,3901,3902,3903,3904,3905,3906,3907,3908,3909,3910,3911,4604,4605,4606,4771,4855,5484,5525,5634,5722,5869,6024,6099,6173,6791,8119,9121,9123,9124,
114;1;8158;8308;1;27,144,145,152,177,208,273,289,290,304,363,429,499,503,644,647,694,772,824,979,987,1117,1147,1244,1481,1940,1999,2645,2690,2774,2775,2777,2778,2816,2823,2955,3263,3345,3361,3605,3774,3785,3786,3787,3788,3789,3790,3791,3792,3899,3900,3901,3902,3903,3904,3905,3906,3907,3908,3909,3910,3911,4604,4605,4606,4771,4855,5484,5525,5634,5722,5869,6024,6099,6173,6791,8119,9121,9123,9124,
Machine: 5
620;0;0;4;1;2,17,20,26,28,34,35,38,52,54,139,144,149,198,231,262,275,276,301,395,400,490,647,653,830,835,836,855,858,861,927,946,948,1093,1116,1118,1362,1365,1484,1485,1486,1487,1488,1489,1595,2326,2638,2986,3161,3212,3581,3618,3717,4087,4733,5088,5353,5474,5498,5612,5951,5952,5963,5964,5984,6354,6355,6356,6357,6358,6359,6360,7346,7347,7419,7420,7421,7422,7423,7424,
533;0;4;18;1;2,17,20,26,28,34,35,38,52,54,139,144,149,198,231,262,275,276,301,395,400,490,647,653,830,835,836,855,858,861,927,946,948,1093,1116,1118,1362,1365,1484,1485,1486,1487,1488,1489,1595,2326,2638,2986,3161,3212,3581,3618,3717,4087,4733,5088,5353,5474,5498,5612,5951,5952,5963,5964,5984,6354,6355,6356,6357,6358,6359,6360,7346,7347,7419,7420,7421,7422,7423,7424,
565;0;18;40;1;2,17,20,26,28,34,35,38,52,54,139,144,149,198,231,262,275,276,301,395,400,490,647,653,830,835,836,855,858,861,927,946,948,1093,1116,1118,1362,1365,1484,1485,1486,1487,1488,1489,1595,2326,2638,2986,3161,3212,3581,3618,3717,4087,4733,5088,5353,5474,5498,5612,5951,5952,5963,5964,5984,6354,6355,6356,6357,6358,6359,6360,7346,7347,7419,7420,7421,7422,7423,7424,
666;0;40;72;1;2,17,20,26,28,34,35,38,52,54,139,144,149,198,231,262,275,276,301,395,400,490,647,653,830,835,836,855,858,861,927,946,948,1093,1116,1118,1362,1365,1484,1485,1486,1487,1488,1489,1595,2326,2638,2986,3161,3212,3581,3618,3717,4087,4733,5088,5353,5474,5498,5612,5951,5952,5963,5964,5984,6354,6355,6356,6357,6358,6359,6360,7346,7347,7419,7420,7421,7422,7423,7424,
635;0;72;106;1;2,17,20,26,28,34,35,38,52,54,137,139,144,149,198,231,262,275,276,301,395,400,490,647,653,676,830,835,836,854,855,858,861,863,904,917,927,933,946,948,1093,1116,1118,1121,1125,1362,1365,1484,1485,1486,1487,1488,1489,1490,1491,1492,1493,1494,1495,1496,1497,1498,1499,1500,1501,1502,1503,1504,1505,1506,1595,2326,2638,2986,3161,3581,5951,5964,5984,7423,
598;0;106;145;1;2,3,17,20,26,28,34,35,38,52,54,137,139,144,149,198,231,262,275,276,301,390,395,400,490,647,653,676,830,835,836,854,855,858,861,863,904,917,927,933,946,948,1048,1051,1054,1093,1116,1118,1121,1125,1145,1358,1362,1365,1484,1485,1486,1487,1488,1489,1490,1491,1492,1493,1494,1495,1496,1497,1501,1502,1604,1725,1805,1971,2638,3581,5951,5964,5984,7423,
556;0;145;197;1;2,3,17,20,26,28,34,35,38,52,54,100,137,139,144,149,198,225,231,262,275,276,301,390,395,400,404,490,647,653,676,720,830,835,836,854,855,858,861,863,904,917,927,933,946,948,1048,1051,1054,1093,1116,1118,1121,1125,1145,1358,1362,1365,1470,1478,1484,1488,1489,1501,1502,1604,1679,1725,1809,1944,1971,2434,2638,2721,3581,5951,5964,5984,6565,7423,
543;0;197;252;1;2,3,17,20,26,28,34,35,38,52,54,68,100,137,139,144,149,150,152,198,225,231,262,275,276,301,390,395,400,404,490,497,499,547,647,653,676,720,836,854,855,858,863,904,927,946,948,1048,1051,1054,1093,1118,1145,1358,1463,1478,1488,1489,1501,1502,1541,1604,1725,1935,1944,1971,2028,2540,2638,2721,2860,3452,3455,3457,3581,5806,5951,5964,5984,7423,
33;0;252;305;1;2,3,17,20,26,28,34,35,38,52,54,68,100,137,139,144,149,150,152,198,225,231,262,275,276,301,333,390,395,400,404,490,497,499,547,647,653,676,720,769,836,854,855,858,863,904,927,946,948,1048,1051,1054,1093,1118,1145,1233,1358,1463,1478,1488,1489,1501,1502,1541,1604,1633,1725,1749,1935,1944,1971,2638,2721,3581,4471,4553,5951,5964,5984,7423,
33;1;305;310;1;2,3,17,20,26,28,34,35,38,52,54,68,95,100,137,139,144,149,150,152,198,225,231,262,276,277,301,390,395,400,404,490,499,647,677,764,766,769,836,843,854,855,858,863,904,927,946,1048,1051,1054,1093,1118,1145,1233,1358,1478,1488,1489,1501,1502,1541,1604,1725,1922,1935,1944,1971,2354,2498,2626,2638,2661,2721,3581,3608,5230,5951,5964,5984,7423,
679;0;310;374;1;2,3,17,26,34,38,52,54,95,100,137,139,144,149,150,152,225,231,262,276,277,301,390,395,400,404,490,499,528,647,677,769,836,843,854,855,858,863,904,927,946,1048,1051,1054,1093,1118,1145,1233,1287,1288,1293,1294,1322,1358,1478,1488,1489,1501,1502,1541,1604,1725,1778,1922,1935,1944,1971,2239,2240,2241,2242,2626,2638,2661,2721,3581,5951,5964,5984,7423,
477;0;374;440;1;3,26,34,38,54,55,95,100,137,139,144,149,150,152,225,231,262,276,277,390,395,400,404,490,499,528,647,677,769,836,843,854,855,858,863,904,927,946,1048,1051,1054,1093,1118,1145,1233,1287,1293,1322,1358,1478,1489,1501,1502,1541,1604,1725,1897,1922,1935,1944,1971,2151,2239,2626,2638,2661,2721,2827,3403,3581,4435,4442,4468,5510,5964,5984,7423,7889,7964,9017,
106;0;440;470;1;3,4,26,34,38,54,55,95,100,137,139,141,144,147,149,150,152,225,231,262,276,277,288,390,395,400,404,490,499,528,647,677,769,836,843,854,855,858,863,904,927,946,1048,1051,1054,1093,1118,1145,1146,1233,1287,1293,1322,1358,1478,1489,1501,1502,1541,1604,1667,1725,1726,1897,1922,1935,1941,1944,1946,1947,1971,2239,2626,2638,2661,2721,3581,5964,5984,7423,
106;1;470;509;1;3,4,26,34,38,54,55,95,100,137,139,144,147,149,152,225,231,262,276,277,288,290,291,390,395,398,400,404,490,528,647,677,769,836,838,843,854,855,858,863,904,927,946,1051,1093,1117,1118,1145,1146,1233,1287,1293,1322,1478,1489,1501,1502,1541,1667,1725,1726,1922,1935,1944,1971,2239,2626,2638,2661,2690,2721,3581,4633,5259,5964,5984,6731,6732,6742,7423,
0;0;509;550;1;3,4,26,34,38,54,55,95,100,137,139,144,147,149,225,231,248,262,276,277,288,291,390,395,398,400,404,490,647,677,838,843,854,855,858,904,927,946,1051,1093,1117,1118,1145,1146,1272,1277,1280,1287,1293,1478,1489,1501,1502,1541,1582,1667,1725,1726,1781,1922,1935,1971,2239,2263,2626,2638,2661,2721,3581,3703,3728,4026,4450,4888,5462,5463,5464,5964,5984,7423,
0;1;550;582;1;3,4,26,34,38,54,55,95,100,137,139,144,147,149,197,225,231,262,276,277,288,291,390,395,398,400,404,466,490,647,677,826,838,843,854,858,904,927,946,1051,1093,1117,1118,1145,1146,1267,1287,1293,1341,1478,1489,1501,1502,1541,1667,1725,1726,1781,1922,1935,1971,2197,2626,2638,2661,2721,3410,3581,3774,4026,4487,4488,5471,5682,5964,5984,7423,7671,8836,8838,
495;0;582;656;1;3,4,38,54,55,95,100,137,139,144,145,147,149,225,231,262,276,277,288,291,321,390,395,398,400,404,490,640,647,677,826,838,843,854,858,904,927,946,949,1051,1093,1117,1118,1145,1146,1163,1267,1287,1293,1361,1478,1489,1501,1502,1667,1802,1808,1922,1935,1971,2053,2197,2223,2626,2638,2661,2721,3337,3581,3774,4026,4487,4488,5471,5682,5964,5984,7423,7671,8836,
71;0;656;716;1;3,4,38,54,55,95,100,137,139,144,145,147,149,225,231,262,276,277,288,291,321,390,395,398,400,404,490,640,647,677,826,838,843,854,858,904,927,946,949,1051,1093,1117,1118,1145,1146,1163,1267,1287,1293,1361,1478,1489,1501,1502,1667,1802,1808,1922,1935,1971,2197,2626,2638,2661,2721,3581,3724,3774,4026,4487,4488,5471,5682,5954,5964,5976,5984,7423,7671,8836,
71;1;716;741;1;1,8,27,60,95,100,139,142,144,186,225,234,254,255,289,323,390,395,402,405,452,645,647,648,677,784,826,892,897,1051,1056,1062,1063,1117,1118,1229,1267,1270,1271,1286,1287,1293,1397,1426,1472,1474,1478,1502,1580,1620,1667,1681,1682,1683,1685,1930,1935,2086,2091,2197,2337,2626,2638,2661,3015,3411,3612,3774,4487,4488,5162,5471,5682,7671,8467,8471,8472,8473,8474,8836,
478;0;741;830;1;1,8,27,60,95,100,139,142,144,186,225,234,254,255,289,323,390,395,402,405,452,645,647,648,677,784,826,892,897,1051,1056,1062,1063,1117,1118,1229,1267,1270,1271,1286,1287,1293,1397,1426,1472,1474,1478,1502,1580,1620,1667,1681,1682,1683,1685,1930,1935,2086,2091,2197,2337,2626,2638,2661,3015,3411,3612,3774,4487,4488,5162,5471,5682,7671,8467,8471,8472,8473,8474,8836,
115;0;830;856;1;1,8,27,60,95,100,139,142,144,186,225,234,254,255,289,323,390,395,402,405,452,645,647,648,677,784,826,892,897,1051,1056,1062,1063,1117,1118,1229,1267,1270,1271,1286,1287,1293,1397,1426,1472,1474,1478,1502,1580,1620,1667,1681,1682,1683,1685,1930,1935,2086,2091,2197,2337,2626,2638,2661,3015,3411,3612,3774,4487,4488,5162,5471,5682,7671,8467,8471,8472,8473,8474,8836,
115;1;856;921;1;1,8,27,60,95,100,139,142,144,186,225,234,254,255,289,323,390,395,402,405,452,645,647,648,677,784,826,892,897,1051,1056,1062,1063,1117,1118,1229,1267,1270,1271,1286,1287,1293,1397,1426,1472,1474,1478,1502,1580,1620,1667,1681,1682,1683,1685,1930,1935,2086,2091,2197,2337,2626,2638,2661,3015,3411,3612,3774,4487,4488,5162,5471,5682,7671,8467,8471,8472,8473,8474,8836,
100;0;1440;1473;1;1,8,27,60,95,100,139,142,144,186,225,234,243,254,255,289,323,342,390,395,402,405,429,452,643,644,645,647,648,677,784,826,892,897,1051,1056,1057,1062,1063,1117,1118,1229,1267,1270,1271,1286,1287,1293,1397,1426,1472,1474,1475,1478,1502,1580,1620,1667,1681,1682,1683,1685,1930,1933,1935,2086,2091,2109,2197,2337,2626,2638,2661,3015,3411,3612,3774,4487,9216,9217,
100;1;1473;1550;1;1,8,27,60,95,100,102,139,142,144,186,225,234,243,254,255,289,323,342,390,395,402,405,429,452,609,643,644,645,647,648,677,715,784,826,892,897,1050,1051,1056,1057,1063,1117,1118,1267,1287,1293,1390,1472,1474,1475,1478,1481,1531,1620,1667,2109,2132,2337,2475,2626,2638,2651,2661,2708,3136,4791,5525,5538,5637,5722,5869,6022,6024,6311,6312,6313,6723,6724,6725,
546;0;1550;1665;1;1,8,27,60,95,100,102,139,142,144,186,225,231,234,243,254,289,377,379,382,390,395,405,429,609,644,647,648,677,715,852,854,938,1050,1051,1063,1117,1118,1171,1267,1287,1293,1390,1447,1472,1474,1475,1478,1481,1620,1661,1667,1668,1736,1768,1973,2109,2222,2337,2362,2391,2475,2636,2638,2651,2661,2675,3099,3793,5138,5525,5538,5722,5808,6022,6024,6263,7840,8125,8127,
93;0;1665;1774;1;1,8,27,60,95,100,102,139,142,144,186,225,231,234,243,254,289,377,379,382,390,395,405,429,609,644,647,648,677,715,852,854,938,1050,1051,1063,1117,1118,1171,1267,1287,1293,1390,1447,1472,1474,1475,1478,1481,1620,1661,1667,1668,1736,1768,1973,2109,2222,2337,2362,2391,2475,2636,2638,2651,2661,5138,5525,5538,5722,6022,6024,8134,8137,8143,8231,8271,8272,8285,8291,
93;1;1774;1788;1;1,8,27,60,95,100,102,139,142,144,186,225,231,234,243,254,262,289,377,379,382,390,395,405,429,609,644,647,648,677,715,852,854,938,1050,1051,1063,1117,1118,1171,1267,1287,1293,1390,1447,1472,1474,1475,1478,1481,1620,1661,1667,1668,1736,1768,1973,2109,2222,2337,2362,2391,2475,2638,2651,2661,2676,2774,2775,4740,5138,5525,5538,5722,6022,6024,6748,8134,8137,8285,
179;0;1788;1853;1;1,8,27,60,95,100,102,137,139,142,144,186,225,231,234,243,254,262,289,390,395,405,429,609,640,644,647,648,677,715,838,854,938,1036,1050,1051,1063,1117,1118,1146,1171,1267,1287,1293,1359,1361,1376,1390,1472,1474,1475,1478,1481,1620,1667,1668,1736,2109,2337,2475,2530,2638,2651,2661,2774,3630,4430,4545,5138,5525,5538,5722,6022,6024,6129,7408,8059,8134,8137,8285,
179;1;1853;1917;1;1,8,27,60,95,100,102,137,139,142,144,186,225,231,234,243,254,262,289,390,395,405,429,609,640,644,647,648,677,715,838,854,904,938,1036,1050,1051,1063,1093,1117,1118,1146,1171,1236,1267,1287,1293,1359,1361,1376,1390,1472,1474,1475,1478,1481,1620,1667,1668,1736,2109,2337,2475,2530,2638,2651,2661,2774,3630,5138,5225,5525,5538,5722,6022,6024,6039,8134,8137,8285,
162;0;1917;1942;1;1,8,27,60,95,100,102,137,139,142,144,186,225,231,234,243,254,262,289,390,395,405,429,609,640,644,647,648,677,715,838,854,904,938,1036,1050,1051,1063,1093,1117,1118,1146,1171,1236,1267,1287,1293,1359,1361,1390,1472,1474,1475,1478,1481,1620,1667,1668,1736,2109,2337,2475,2638,2651,2661,2774,5138,5525,5538,5722,6022,6024,7834,7835,7836,7837,7838,8134,8137,8285,
162;1;1942;2051;1;1,3,8,95,139,144,149,225,226,234,262,270,277,289,329,390,391,395,609,640,644,838,854,1050,1051,1069,1093,1117,1118,1146,1204,1214,1293,1390,1472,1473,1475,1476,1477,1481,1599,1667,1736,1803,1825,2109,2134,2337,2451,2638,2774,3108,3278,4033,4535,4857,4891,4902,4925,4926,4927,4928,4929,4930,4931,4932,4933,4934,4935,4936,4937,4938,4939,5138,5296,5538,6022,8134,8137,8285,
476;0;2051;2189;1;8,55,144,228,234,268,391,400,430,565,606,608,609,640,927,1068,1095,1146,1207,1296,1347,1378,1395,1406,1417,1472,1525,1671,1913,2094,2231,2337,2339,2531,2691,2715,3111,3182,3183,3210,3483,3484,3485,3486,3487,3488,3489,3490,3491,3492,3493,3494,3495,3496,3497,3498,3499,3870,4031,4161,4327,4425,4475,5067,5138,5140,5141,5144,5147,5149,5228,5323,7026,7683,8595,8596,8597,8598,8599,8600,
73;0;2189;2286;1;8,55,144,228,234,268,391,400,430,565,606,608,609,640,927,1068,1095,1146,1207,1296,1347,1378,1395,1406,1417,1472,1525,1671,1913,2094,2231,2337,2339,2531,2691,2715,3111,3182,3183,3210,3483,3484,3485,3486,3487,3488,3489,3490,3491,3492,3493,3494,3495,3496,3497,3498,3499,3870,4031,4161,4327,4425,4475,5067,5138,5140,5141,5144,5147,5149,5228,5323,7026,7683,8595,8596,8597,8598,8599,8600,
73;1;2286;2330;1;8,55,144,228,234,268,391,400,430,565,606,608,609,640,927,1068,1095,1146,1207,1296,1347,1378,1395,1406,1417,1472,1525,1671,1913,2094,2231,2337,2339,2531,2691,2715,3111,3182,3183,3210,3483,3484,3485,3486,3487,3488,3489,3490,3491,3492,3493,3494,3495,3496,3497,3498,3499,3870,4031,4161,4327,4425,4475,5067,5138,5140,5141,5144,5147,5149,5228,5323,7026,7683,8595,8596,8597,8598,8599,8600,
212;0;2330;2492;0;8,55,144,228,234,268,391,400,430,565,606,608,609,640,927,1068,1095,1146,1207,1296,1347,1378,1395,1406,1417,1472,1525,1671,1913,2094,2231,2337,2339,2531,2691,2715,3111,3182,3183,3210,3483,3484,3485,3486,3487,3488,3489,3490,3491,3492,3493,3494,3495,3496,3497,3498,3499,3870,4031,4161,4327,4425,4475,5067,5138,5140,5141,5144,5147,5149,5228,5323,7026,7683,8595,8596,8597,8598,8599,8600,
212;1;2880;3045;0;4,8,55,95,144,228,234,241,268,390,391,400,404,430,565,606,608,609,640,927,1068,1095,1146,1207,1296,1347,1378,1395,1401,1406,1417,1472,1525,1671,1913,2094,2104,2231,2337,2339,2531,2691,2715,2716,3111,3182,3183,3210,3483,3484,3485,3486,3487,3488,3489,3490,3491,3492,3493,3494,3495,3496,3497,3498,3499,3870,4031,4161,4327,4425,4475,5067,5138,5140,5141,5144,5147,5588,5911,7026,
5;0;3045;3186;0;4,8,55,95,143,144,228,234,241,268,390,391,400,404,430,565,606,608,609,640,927,1068,1095,1146,1149,1207,1210,1234,1296,1347,1378,1395,1401,1406,1417,1469,1472,1525,1671,1736,1737,1740,1744,1746,1747,1750,1751,1755,1759,1762,1763,1764,1765,1769,1771,1913,2094,2104,2231,2337,2339,2531,2691,2715,2716,3111,3182,3183,3210,3483,3484,3485,3486,3487,3488,3489,3498,3870,5588,7026,
5;1;3186;3329;0;4,8,55,95,101,143,144,228,234,241,268,390,391,400,404,430,565,606,608,609,640,927,1068,1095,1146,1149,1207,1210,1234,1296,1347,1378,1395,1401,1406,1417,1469,1472,1479,1525,1671,1736,1737,1740,1744,1746,1747,1750,1751,1755,1759,1762,1763,1764,1765,1769,1771,1913,2094,2104,2231,2337,2339,2531,2691,2715,2716,3111,3182,3183,3210,3483,3484,3485,3498,3870,5247,5538,5588,7026,
4;0;3329;3425;0;4,8,24,38,55,95,101,143,144,189,228,234,241,268,390,391,400,404,430,565,606,608,609,640,871,872,873,874,927,972,1068,1095,1146,1149,1207,1210,1234,1296,1347,1378,1395,1401,1406,1417,1456,1469,1472,1479,1525,1671,1736,1737,1740,1744,1746,1747,1750,1751,1755,1759,1762,1763,1764,1765,1769,1771,1913,2094,2104,2231,2337,2339,2531,2691,2715,3484,3498,3870,5588,7026,
4;1;3425;3600;0;4,8,24,38,55,95,101,143,144,189,228,234,241,268,390,391,395,400,404,430,565,591,606,608,609,640,848,858,871,872,873,874,927,972,1068,1073,1095,1146,1149,1169,1207,1210,1234,1296,1347,1378,1395,1401,1406,1417,1456,1469,1472,1479,1523,1525,1666,1671,1736,1737,1740,1744,1759,2547,2649,2677,2683,2693,3260,3484,3498,3870,4371,4372,4373,4374,4375,4376,5588,7026,
86;0;4320;4432;0;4,8,24,38,55,95,101,103,143,144,189,228,234,241,268,289,294,390,391,395,400,404,430,445,565,591,606,608,609,640,848,858,871,872,873,874,927,972,1068,1073,1146,1149,1214,1378,1401,1417,1450,1456,1479,1513,1525,1567,1759,1922,2380,2543,2693,2897,2898,2899,2900,2901,2902,2903,2904,2905,2906,2907,2908,2909,2910,2911,2912,2913,3260,3484,3498,3870,5588,7026,
86;1;4432;4571;0;4,8,24,38,51,55,95,101,103,143,144,189,228,234,241,268,289,294,390,391,395,400,404,430,445,565,591,606,608,609,632,640,848,858,871,872,873,874,927,972,1068,1073,1089,1146,1149,1214,1293,1378,1401,1417,1450,1456,1479,1513,1525,1567,1716,1759,1922,2380,2543,2693,2897,2898,2899,2900,2901,2902,2903,2904,2905,2906,3260,3484,3498,3870,3984,3985,5588,7026,
148;0;4571;4741;0;4,8,24,38,51,55,95,101,103,143,144,189,228,234,241,268,289,294,390,391,395,400,404,430,445,565,591,606,608,609,632,640,848,858,871,872,873,874,927,972,1051,1068,1073,1089,1145,1146,1149,1214,1293,1378,1401,1417,1450,1456,1479,1513,1525,1567,1716,1759,1922,2380,2489,2490,2543,2693,2897,2898,2899,2900,2901,2902,2903,2904,3260,3484,3498,3870,5588,7026,
148;1;4741;4814;0;4,8,24,38,51,55,95,101,103,143,144,189,228,234,241,268,289,294,390,391,395,400,404,430,445,565,591,606,608,609,632,640,848,858,871,872,873,874,927,972,1051,1068,1073,1089,1145,1146,1149,1214,1293,1378,1401,1417,1450,1456,1479,1513,1525,1567,1716,1759,1922,2380,2489,2693,2898,3260,3484,3498,3870,5588,6138,7026,8123,8283,8285,8315,8316,8317,8318,8319,
113;0;4814;4943;0;4,8,24,38,51,55,95,101,103,143,144,189,228,234,241,247,268,289,294,390,391,395,400,404,430,445,565,591,606,608,609,632,640,848,858,871,872,873,874,927,972,1051,1068,1073,1089,1145,1146,1149,1214,1293,1378,1401,1417,1450,1456,1479,1513,1525,1567,1570,1716,1759,1922,2380,2489,2693,2898,3260,3484,3498,3870,5588,6138,7026,8123,8283,8285,8315,8316,8317,
113;1;4943;5040;0;4,8,24,38,51,55,95,101,103,143,144,189,228,234,241,247,268,289,294,390,391,395,400,404,430,445,490,565,591,606,608,609,632,640,848,858,871,872,873,874,927,972,1051,1068,1073,1089,1145,1146,1149,1214,1293,1378,1401,1417,1450,1456,1479,1513,1525,1567,1570,1716,1759,1922,2380,2489,2693,2898,3260,3484,3498,3870,5588,6138,7026,8123,8283,8285,8315,8316,
56;0;5760;5910;0;4,8,24,38,51,55,95,101,103,143,144,189,228,234,241,247,268,289,294,340,390,391,395,400,404,430,445,490,565,591,606,608,609,632,640,848,851,858,871,872,873,874,927,972,1051,1068,1073,1145,1146,1149,1214,1293,1378,1401,1417,1479,1513,1525,1759,1922,2693,2891,2898,3260,3484,3498,3745,3870,5588,7026,8134,8137,8190,8197,8198,8199,8200,8203,8204,8205,
56;1;5910;5972;0;4,8,24,38,51,55,95,101,103,143,144,189,228,234,241,247,268,289,294,340,390,391,395,400,404,430,445,490,565,591,606,608,609,632,640,848,851,858,871,872,873,874,927,972,1051,1068,1073,1145,1146,1149,1214,1293,1378,1401,1417,1479,1513,1525,1759,1922,2693,2891,2898,3260,3484,3498,3745,3870,5588,6042,7026,7487,8134,8137,8190,8197,8198,8199,8200,8203,
118;0;5972;6092;0;4,8,24,38,51,55,95,101,103,143,144,189,228,234,241,247,268,289,294,340,390,391,395,400,404,430,445,490,565,591,606,608,609,632,640,848,851,858,871,872,873,874,927,972,1051,1068,1073,1145,1146,1149,1214,1293,1378,1401,1417,1479,1513,1525,1759,1922,2693,2891,2898,3260,3470,3473,3474,3484,3498,3870,5588,7026,8265,8340,8764,8765,8770,9014,9015,9016,
118;1;6092;6165;0;4,8,24,38,51,55,95,101,103,143,144,189,228,233,234,241,247,268,288,289,294,340,390,391,395,396,400,404,430,434,445,490,565,591,606,608,609,632,640,858,871,872,1051,1068,1134,1145,1146,1149,1214,1293,1378,1401,1417,1479,1513,1525,1759,1922,1971,2658,2693,2729,2774,2778,2898,3260,3484,3498,3870,4567,4627,5411,5588,5605,5748,5841,5853,5854,5858,7026,
218;0;6165;6316;0;4,8,24,38,51,55,95,101,103,143,144,145,149,189,228,233,234,241,247,262,268,277,288,289,294,340,390,391,395,396,400,404,430,434,445,490,565,591,606,608,632,640,858,871,872,1051,1068,1093,1118,1134,1145,1146,1149,1214,1293,1378,1401,1417,1468,1479,1513,1525,1759,1922,2109,2451,2693,2709,2774,2778,2898,2926,3260,3484,3498,3870,5243,5588,6125,7026,
218;1;6316;6345;0;4,8,24,38,51,55,95,101,103,143,144,145,149,189,228,233,234,241,247,262,268,277,288,289,294,340,390,391,395,396,400,404,430,434,445,490,565,591,632,640,858,871,872,1051,1068,1093,1118,1134,1145,1146,1149,1293,1378,1401,1417,1479,1513,1525,1759,1922,2451,2693,2774,2778,2898,3260,3311,3475,3484,3498,3664,3672,3681,3683,3685,3724,3725,3870,5588,7026,
502;0;6345;6520;0;24,54,55,95,144,145,149,189,204,225,233,241,247,262,274,276,277,289,295,390,391,395,400,490,557,640,849,872,1011,1051,1068,1093,1118,1145,1146,1149,1186,1293,1339,1374,1378,1479,1759,2003,2068,2451,2512,2638,2693,2806,2898,3260,3314,3527,3831,3870,4165,4643,4802,4816,6022,7026,7372,7463,7513,8449,8551,8582,8583,8584,8644,9032,9090,9130,9131,9132,9133,9134,9135,9136,
91;0;6520;6682;0;24,54,55,95,144,145,149,189,204,225,233,241,247,262,274,276,277,289,295,390,391,395,400,490,557,640,849,872,1011,1051,1068,1093,1118,1145,1146,1149,1186,1293,1339,1374,1378,1479,1759,2003,2068,2451,2512,2638,2693,2806,2898,3260,3314,3527,3831,3870,4165,4643,4802,4816,6022,7026,7372,7463,7513,8449,8551,8582,8583,8584,8644,9032,9090,9130,9131,9132,9133,9134,9135,9136,
91;1;6682;6688;0;24,54,55,95,144,145,149,189,204,225,233,241,247,262,274,276,277,289,295,390,391,395,400,490,557,640,849,872,1011,1051,1068,1093,1118,1145,1146,1149,1186,1293,1339,1374,1378,1479,1759,2003,2068,2451,2512,2638,2693,2806,2898,3260,3314,3527,3831,3870,4165,4643,4802,4816,6022,7026,7372,7463,7513,8449,8551,8582,8583,8584,8644,9032,9090,9130,9131,9132,9133,9134,9135,9136,
175;0;6688;6848;0;24,54,55,95,144,145,149,189,204,225,233,241,247,262,274,276,277,289,295,390,391,395,400,490,557,640,849,872,1011,1051,1068,1093,1118,1145,1146,1149,1186,1293,1339,1374,1378,1479,1759,2003,2068,2451,2512,2638,2693,2806,2898,3260,3314,3527,3831,3870,4165,4643,4802,4816,6022,7026,7372,7463,7513,8449,8551,8582,8583,8584,8644,9032,9090,9130,9131,9132,9133,9134,9135,9136,
175;1;6848;6856;0;24,54,55,95,144,145,149,189,204,225,233,241,247,262,274,276,277,289,295,390,391,395,400,490,557,640,849,872,1011,1051,1068,1093,1118,1145,1146,1149,1186,1293,1339,1374,1378,1479,1759,2003,2068,2451,2512,2638,2693,2806,2898,3260,3314,3527,3831,3870,4165,4643,4802,4816,6022,7026,7372,7463,7513,8449,8551,8582,8583,8584,8644,9032,9090,9130,9131,9132,9133,9134,9135,9136,
571;0;6856;7021;0;24,54,55,95,144,145,149,189,204,225,233,241,247,262,274,276,277,289,295,390,391,395,400,490,557,640,849,872,1011,1051,1068,1093,1118,1145,1146,1149,1186,1293,1339,1374,1378,1479,1759,2003,2068,2451,2512,2638,2693,2806,2898,3260,3314,3527,3831,3870,4165,4643,4802,4816,6022,7026,7372,7463,7513,8449,8551,8582,8583,8584,8644,9032,9090,9130,9131,9132,9133,9134,9135,9136,
88;0;7021;7143;0;24,54,55,95,144,145,149,189,204,225,233,241,247,262,274,276,277,289,295,390,391,395,400,490,557,640,849,872,1011,1051,1068,1093,1118,1145,1146,1149,1186,1293,1339,1374,1378,1479,1759,2003,2068,2451,2512,2638,2693,2806,2898,3260,3314,3527,3831,3870,4165,4643,4802,4816,6022,7026,7372,7463,7513,8449,8551,8582,8583,8584,8644,9032,9090,9130,9131,9132,9133,9134,9135,9136,
88;1;7143;7183;0;24,54,55,95,144,145,149,189,204,225,233,241,247,262,274,276,277,289,295,390,391,395,400,490,557,640,849,872,1011,1051,1068,1093,1118,1145,1146,1149,1186,1293,1339,1374,1378,1479,1759,2003,2068,2451,2512,2638,2693,2806,2898,3260,3314,3527,3831,3870,4165,4643,4802,4816,6022,7026,7372,7463,7513,8449,8551,8582,8583,8584,8644,9032,9090,9130,9131,9132,9133,9134,9135,9136,
221;0;7200;7295;0;24,54,55,95,144,145,149,156,189,204,225,233,241,247,262,274,276,277,289,295,390,391,395,400,490,557,640,849,872,1011,1051,1068,1093,1118,1145,1146,1149,1186,1242,1293,1339,1374,1378,1479,1759,2003,2068,2451,2512,2638,2693,2806,2849,2898,2957,3260,3314,3527,3627,3831,3870,4026,4165,4643,4802,4816,6015,6022,7026,7372,7463,7513,8449,8551,8582,8583,8584,8644,9032,9090,
221;1;7295;7357;0;24,54,55,95,144,145,146,147,149,156,189,204,225,233,241,247,262,274,276,277,289,295,390,391,395,398,400,436,490,557,640,849,872,1011,1051,1068,1093,1117,1118,1145,1146,1149,1186,1242,1293,1339,1378,1390,1473,1479,1481,1814,1920,2451,2693,2806,2898,3260,3527,3870,4405,4473,4802,4934,4964,4965,4966,4967,4968,4969,4970,4971,4972,4973,4974,4975,4976,4977,4978,7026,
557;0;7357;7514;0;24,54,55,88,95,97,144,145,146,147,149,156,189,204,225,233,241,247,262,274,276,277,289,291,295,390,391,395,398,400,436,490,557,640,767,773,849,872,1011,1051,1068,1093,1117,1118,1145,1146,1149,1186,1242,1293,1339,1378,1390,1473,1479,1481,1530,1814,1914,1915,1920,2451,2668,2693,2714,2806,2898,2988,3260,3527,3870,4093,4405,4802,6098,6099,7026,7217,7423,8129,
192;0;7514;7635;0;24,54,55,88,95,97,144,145,146,147,149,156,189,204,225,233,241,247,262,274,276,277,289,291,295,390,391,395,398,400,436,490,557,640,767,773,849,872,1011,1051,1068,1093,1117,1118,1145,1146,1149,1186,1242,1293,1339,1378,1390,1473,1479,1481,1530,1814,1914,1915,1920,2451,2668,2693,2714,2806,2898,2988,3260,3482,3527,3870,4093,4405,4802,5082,5984,6098,6340,7026,
192;1;7635;7668;0;24,54,55,88,95,97,139,144,145,146,147,149,156,189,204,225,233,241,245,247,262,274,276,277,289,291,295,314,390,391,395,398,400,436,490,557,640,767,773,849,872,1011,1051,1068,1093,1117,1118,1145,1146,1149,1186,1242,1293,1339,1378,1390,1473,1479,1481,1530,1814,1914,1915,1920,2117,2451,2509,2668,2693,2714,2806,2988,3260,3527,3870,4093,4405,4802,5050,7026,
14;0;7668;7700;0;24,54,55,88,95,97,139,144,145,146,147,149,156,189,204,225,233,241,245,247,262,274,276,277,289,291,295,314,321,390,391,395,398,400,436,490,557,640,767,773,849,872,1011,1051,1068,1093,1117,1118,1145,1146,1149,1186,1242,1293,1339,1378,1390,1473,1479,1481,1530,1814,1914,1915,1920,2117,2451,2509,2668,2693,2714,2806,2988,3260,3527,3870,4093,4405,4802,7026,
14;1;7700;7819;0;55,89,94,95,139,144,145,149,189,225,233,241,262,276,277,295,314,321,390,391,395,400,490,586,640,765,770,833,834,838,854,872,890,1051,1093,1117,1118,1145,1146,1168,1293,1378,1479,1489,1519,1524,1528,1529,2451,2602,2693,2721,2742,3260,3511,3527,3581,3638,3870,4537,4574,4732,4802,4937,4949,5339,5341,5342,5343,5344,5345,5346,5347,5451,5452,5453,5454,5455,5456,7026,
138;0;7819;7922;0;55,95,137,144,145,149,189,225,231,241,262,277,295,297,308,321,390,391,393,395,400,490,640,644,647,838,843,872,891,899,938,944,946,1050,1051,1093,1117,1136,1145,1146,1147,1148,1163,1165,1166,1167,1168,1170,1171,1172,1173,1174,1378,1478,1480,1501,1541,1668,1725,1726,1727,1728,1729,1730,1731,1732,1733,1815,1817,2428,2450,2451,2452,2453,2599,3291,3698,3699,3870,7026,
138;1;7922;7945;0;55,95,137,144,145,149,189,225,231,241,262,277,295,297,308,321,390,391,393,395,400,490,640,644,647,838,843,872,891,899,938,944,946,1050,1051,1093,1117,1136,1145,1146,1147,1148,1163,1165,1166,1167,1168,1170,1171,1172,1173,1174,1378,1478,1480,1501,1541,1668,1725,1726,1727,1728,1729,1730,1731,1732,1733,1815,1817,2428,2450,2451,2452,2453,2599,3291,3698,3699,3870,7026,
591;0;7945;8069;0;55,95,137,144,145,149,189,225,231,241,262,277,295,297,308,321,390,391,393,395,400,490,640,644,647,838,843,872,891,899,938,944,946,1050,1051,1093,1117,1136,1145,1146,1147,1148,1163,1165,1166,1167,1168,1170,1171,1172,1173,1174,1378,1478,1480,1501,1541,1668,1725,1726,1727,1728,1729,1730,1731,1732,1733,1815,1817,2428,2450,2451,2452,2453,2599,3291,3698,3699,3870,7026,
610;0;8069;8187;0;55,95,137,144,145,149,189,225,231,241,262,277,295,297,308,321,390,391,393,395,400,490,640,644,647,838,843,872,891,899,938,944,946,1050,1051,1093,1117,1136,1145,1146,1147,1148,1163,1165,1166,1167,1168,1170,1171,1172,1173,1174,1378,1478,1480,1501,1541,1668,1725,1726,1727,1728,1729,1730,1731,1732,1733,1815,1817,2428,2450,2451,2452,2453,2599,3291,3698,3699,3870,7026,
74;0;8187;8221;0;55,95,137,144,145,149,189,225,231,241,262,277,295,297,308,321,390,391,393,395,400,490,640,644,647,838,843,872,891,899,938,944,946,1050,1051,1093,1117,1136,1145,1146,1147,1148,1163,1165,1166,1167,1168,1170,1171,1172,1173,1174,1378,1478,1480,1501,1541,1668,1725,1726,1727,1728,1729,1730,1731,1732,1733,1815,1817,2428,2450,2451,2452,2453,2599,3291,3698,3699,3870,7026,
74;1;8221;8295;0;55,95,137,144,145,149,189,225,231,241,262,277,295,297,308,321,390,391,393,395,400,490,640,644,647,838,843,872,891,899,938,944,946,1050,1051,1093,1117,1136,1145,1146,1147,1148,1163,1165,1166,1167,1168,1170,1171,1172,1173,1174,1378,1478,1480,1501,1541,1668,1725,1726,1727,1728,1729,1730,1731,1732,1733,1815,1817,2428,2450,2451,2452,2453,2599,3291,3698,3699,3870,7026,
END
fineshedJobsCount: 466
switchs: 5813
switchsInstances: 312
unfineshedPriorityCount: 196
finalSolution: -833
totalUnfineshed: 233
Time: 57
