input/MyInstancesDiferentToolSets/n=699,p=0.25,r=0.5,t=1048,v0.csv;./input/Processed/ToolSetInt.csv
6;720;1440;8640
Machine: 0
487;0;0;61;1;24,100,102,117,137,144,145,225,276,288,289,290,395,400,429,644,647,766,787,790,823,824,863,911,931,957,995,1049,1117,1118,1134,1361,1478,1567,1589,1671,1980,2036,2091,2337,2391,2475,2567,2573,2645,2695,2696,2774,2775,2777,2778,2816,3019,3263,4003,4103,4114,4167,4168,4169,4170,4172,4604,4605,4606,4771,4855,5299,5329,5523,6216,7055,7655,7656,8569,9121,9123,9124,9144,9145,
662;0;61;129;1;24,100,102,117,137,144,145,225,276,288,289,290,395,400,429,644,647,766,787,790,823,824,863,911,931,957,995,1049,1117,1118,1134,1361,1478,1567,1589,1671,1980,2036,2091,2337,2391,2475,2567,2573,2645,2695,2696,2774,2775,2777,2778,2816,3019,3263,4003,4103,4114,4167,4168,4169,4170,4172,4604,4605,4606,4771,4855,5299,5329,5523,6216,7055,7655,7656,8569,9121,9123,9124,9144,9145,
501;0;129;206;1;24,100,102,117,137,144,145,225,276,288,289,290,395,400,429,644,647,766,787,790,823,824,863,911,931,957,995,1049,1117,1118,1134,1361,1478,1567,1589,1671,1980,2036,2091,2337,2391,2475,2567,2573,2645,2695,2696,2774,2775,2777,2778,2816,3019,3263,4003,4103,4114,4167,4168,4169,4170,4172,4604,4605,4606,4771,4855,5299,5329,5523,6216,7055,7655,7656,8569,9121,9123,9124,9144,9145,
181;0;206;284;1;24,100,102,117,137,144,145,225,276,288,289,290,395,400,429,644,647,766,787,790,816,823,824,863,911,931,957,995,1049,1117,1118,1134,1361,1478,1567,1589,1671,1980,2036,2091,2337,2391,2475,2567,2573,2645,2695,2696,2774,2775,2777,2778,2816,3019,3263,4003,4103,4114,4167,4168,4169,4170,4172,4604,4605,4606,4771,4855,5299,5329,5523,6216,7055,7655,7656,8569,9121,9123,9124,9144,
181;1;284;292;1;24,100,102,117,137,144,145,225,276,288,289,290,395,400,429,644,647,766,787,790,816,823,824,863,911,931,957,995,1049,1117,1118,1134,1287,1361,1478,1567,1589,1671,1980,2036,2091,2337,2391,2475,2567,2573,2645,2695,2696,2774,2775,2777,2778,2816,3019,3051,3263,4003,4103,4114,4167,4168,4169,4170,4172,4604,4605,4606,4771,4855,5299,5329,5523,6095,6096,6097,6216,7055,7655,7656,
514;0;292;393;1;24,100,102,117,137,144,145,225,276,288,289,290,395,400,429,644,647,766,787,790,816,823,824,863,911,931,957,995,1049,1117,1118,1134,1287,1361,1478,1567,1589,1671,1980,2036,2091,2337,2391,2475,2567,2573,2645,2695,2696,2774,2775,2777,2778,2816,3019,3051,3263,4003,4103,4114,4167,4168,4169,4170,4172,4604,4605,4606,4771,4855,5299,5329,5523,6095,6096,6097,6216,7055,7346,7347,
484;0;393;397;0;24,100,102,117,137,144,145,225,276,288,289,290,395,400,429,644,647,766,787,790,816,823,824,863,911,931,957,995,1049,1117,1118,1134,1287,1361,1478,1567,1589,1671,1980,2036,2091,2337,2391,2475,2567,2573,2645,2695,2696,2774,2775,2777,2778,2816,3019,3051,3263,4003,4103,4114,4167,4168,4169,4170,4172,4604,4605,4606,4771,4855,5299,5329,5523,6095,6096,6097,6216,7055,7346,7892,
195;0;397;570;0;2,24,100,102,117,137,144,145,225,265,276,288,289,290,300,393,395,400,429,644,647,766,787,790,816,823,824,863,911,931,957,995,1049,1050,1051,1052,1117,1118,1134,1150,1232,1287,1361,1478,1567,1589,1671,1980,2036,2091,2337,2355,2391,2475,2567,2573,2645,2695,2696,2774,2775,2777,2778,2816,3019,3051,3263,4003,4103,4114,4167,4168,4169,4170,4172,4604,4605,4606,4771,4855,
195;1;570;730;0;3,26,100,102,137,139,144,145,146,225,343,429,436,684,715,843,852,854,921,1043,1117,1118,1134,1147,1148,1163,1172,1174,1199,1236,1424,1444,1470,1471,1478,1528,1809,2017,2382,2391,2498,2628,2645,2649,2679,2683,2774,2775,4033,4553,4934,4974,5206,5397,5526,5530,5537,5685,5690,5723,5768,5865,5867,5868,5943,6107,6163,6169,6179,6180,7320,7580,7581,7582,7583,7584,7585,7586,7587,8057,
209;0;730;898;0;3,26,100,102,137,139,144,145,146,225,343,429,436,684,715,843,852,854,921,1043,1117,1118,1134,1147,1148,1163,1172,1174,1199,1236,1424,1444,1470,1471,1478,1528,1809,2017,2382,2391,2498,2628,2645,2649,2679,2683,2774,2775,4033,4553,4934,4974,5206,5397,5526,5530,5537,5685,5690,5723,5768,5865,5867,5868,5943,6107,6163,6169,6179,6180,7320,7580,7581,7582,7583,7584,7585,7586,7587,8057,
209;1;898;1047;0;3,26,100,102,137,139,144,145,146,225,343,429,436,684,715,843,852,854,921,1043,1117,1118,1134,1147,1148,1163,1172,1174,1199,1236,1424,1444,1470,1471,1478,1528,1809,2017,2382,2391,2498,2628,2645,2649,2679,2683,2774,2775,4033,4553,4934,4974,5206,5397,5526,5530,5537,5685,5690,5723,5768,5865,5867,5868,5943,6107,6163,6169,6179,6180,7320,7580,7581,7582,7583,7584,7585,7586,7587,8057,
213;0;1047;1172;0;3,26,100,102,137,139,144,145,146,225,343,429,436,684,715,843,852,854,921,1043,1117,1118,1134,1147,1148,1163,1172,1174,1199,1236,1424,1444,1470,1471,1478,1528,1809,2017,2382,2391,2498,2628,2645,2649,2679,2683,2774,2775,4033,4553,4934,4974,5206,5397,5526,5530,5537,5685,5690,5723,5768,5865,5867,5868,5943,6107,6163,6169,6179,6180,7320,7580,7581,7582,7583,7584,7585,7586,7587,8057,
213;1;1172;1344;0;3,26,100,102,137,139,144,145,146,225,343,429,436,684,715,843,852,854,921,1043,1117,1118,1134,1147,1148,1163,1172,1174,1199,1236,1424,1444,1470,1471,1478,1528,1809,2017,2382,2391,2498,2628,2645,2649,2679,2683,2774,2775,4033,4553,4934,4974,5206,5397,5526,5530,5537,5685,5690,5723,5768,5865,5867,5868,5943,6107,6163,6169,6179,6180,7320,7580,7581,7582,7583,7584,7585,7586,7587,8057,
165;0;1440;1590;0;3,26,100,102,137,139,144,145,146,182,225,301,321,343,390,429,436,684,715,769,843,852,854,855,921,1043,1117,1118,1134,1146,1147,1148,1163,1172,1174,1199,1236,1424,1444,1470,1471,1473,1478,1484,1528,1808,1809,2017,2128,2223,2371,2382,2391,2498,2588,2628,2645,2649,2679,2683,2774,2775,4033,4503,4553,4934,4974,4981,5206,5397,5526,5530,5537,5685,5690,5723,5768,5865,5867,7320,
165;1;1590;1729;0;3,26,100,102,137,139,144,145,146,178,182,225,301,321,343,390,396,429,436,684,715,769,843,852,854,855,921,1027,1043,1117,1118,1134,1145,1146,1147,1148,1163,1172,1174,1199,1236,1424,1444,1470,1471,1473,1478,1484,1528,1808,1809,1941,1942,1943,1944,1945,2017,2128,2223,2371,2382,2391,2498,2588,2628,2645,2649,2679,2683,2774,2775,4033,4503,4553,4934,4974,5206,5537,5723,7320,
196;0;1729;1868;0;3,26,100,102,137,139,144,145,146,178,182,225,301,321,343,390,396,429,436,528,684,715,769,843,852,854,855,921,1027,1043,1117,1118,1134,1145,1146,1147,1148,1163,1172,1174,1199,1236,1242,1270,1271,1272,1275,1276,1278,1283,1288,1290,1291,1293,1419,1424,1444,1470,1471,1473,1478,1484,1528,1702,1777,1783,1809,1944,2223,2628,2645,2649,2774,2775,4033,4282,5206,5537,5723,7320,
196;1;1868;2005;0;3,26,100,102,137,139,144,145,146,149,178,182,225,231,241,277,301,321,343,390,391,396,429,436,528,684,715,769,843,852,854,855,921,948,1027,1043,1117,1118,1134,1145,1146,1147,1148,1163,1172,1174,1199,1236,1242,1270,1271,1272,1275,1276,1278,1283,1288,1290,1291,1293,1419,1424,1444,1478,1484,1783,1809,1816,1944,2223,2628,2645,2649,2774,2775,4033,5206,5537,5723,7320,
221;0;2005;2175;0;137,138,144,149,225,231,249,262,277,288,290,292,321,348,389,404,677,691,835,854,855,1118,1134,1145,1270,1398,1472,1478,1480,1481,1521,1895,1972,2106,2370,2602,2626,2628,2645,2646,2649,2678,2692,2728,2774,2775,2777,2806,3099,3263,3349,3421,3524,4033,4422,4423,4498,4567,4568,4569,4570,4571,4946,5146,5340,5525,5537,5538,5723,7294,7299,7320,7453,7653,7654,8166,8260,8320,8989,9065,
221;1;2175;2273;0;137,138,144,149,225,231,249,262,277,288,290,292,321,348,389,404,677,691,835,854,855,1118,1134,1145,1270,1398,1472,1478,1480,1481,1521,1895,1972,2106,2370,2602,2626,2628,2645,2646,2649,2678,2692,2728,2774,2775,2777,2806,3099,3263,3349,3421,3524,4033,4422,4423,4498,4567,4568,4569,4570,4571,4946,5146,5340,5525,5537,5538,5723,7294,7299,7320,7453,7653,7654,8166,8260,8320,8989,9065,
17;0;2273;2374;0;137,138,144,149,225,231,249,262,277,288,290,292,321,348,389,404,677,691,835,854,855,1118,1134,1145,1270,1398,1472,1478,1480,1481,1521,1895,1972,2106,2370,2602,2626,2628,2645,2646,2649,2678,2692,2728,2774,2775,2777,2806,3099,3263,3349,3421,3524,4033,4422,4423,4498,4567,4568,4569,4570,4571,4946,5146,5340,5525,5537,5538,5723,7294,7299,7320,7453,7653,7654,8166,8260,8320,8989,9065,
17;1;2374;2528;0;137,138,144,149,225,231,249,262,277,288,290,292,321,348,389,404,677,691,835,854,855,1118,1134,1145,1270,1398,1472,1478,1480,1481,1521,1895,1972,2106,2370,2602,2626,2628,2645,2646,2649,2678,2692,2728,2774,2775,2777,2806,3099,3263,3349,3421,3524,4033,4422,4423,4498,4567,4568,4569,4570,4571,4946,5146,5340,5525,5537,5538,5723,7294,7299,7320,7453,7653,7654,8166,8260,8320,8989,9065,
200;0;2528;2659;0;137,138,144,149,225,231,249,262,277,288,290,292,321,348,389,404,677,691,835,854,855,1118,1134,1145,1270,1398,1472,1478,1480,1481,1521,1895,1972,2106,2370,2602,2626,2628,2645,2646,2649,2678,2692,2728,2774,2775,2777,2806,3099,3263,3349,3421,3524,4033,4422,4423,4498,4567,4568,4569,4570,4571,4946,5146,5340,5525,5537,5538,5723,7294,7299,7320,7453,7653,7654,8166,8260,8320,8989,9065,
200;1;2659;2770;0;137,138,144,149,225,231,249,262,277,288,290,292,321,348,389,404,677,691,835,854,855,1118,1134,1145,1270,1398,1472,1478,1480,1481,1521,1895,1972,2106,2370,2602,2626,2628,2645,2646,2649,2678,2692,2728,2774,2775,2777,2806,3099,3263,3349,3421,3524,4033,4422,4423,4498,4567,4568,4569,4570,4571,4946,5146,5340,5525,5537,5538,5723,7294,7299,7320,7453,7653,7654,8166,8260,8320,8989,9065,
11;0;2770;2858;0;137,138,144,149,225,231,249,262,277,288,290,292,321,348,389,404,677,691,835,854,855,1118,1134,1145,1270,1398,1472,1478,1480,1481,1521,1895,1972,2106,2370,2602,2626,2628,2645,2646,2649,2678,2692,2728,2774,2775,2777,2806,3099,3263,3349,3421,3524,4033,4422,4423,4498,4567,4568,4569,4570,4571,4946,5146,5340,5525,5537,5538,5723,7294,7299,7320,7453,7653,7654,8166,8260,8320,8989,9065,
11;1;2880;3027;0;137,138,144,149,225,231,249,262,277,288,290,292,321,348,389,395,404,677,691,835,854,855,1118,1134,1145,1270,1398,1472,1478,1480,1481,1521,1895,1972,2106,2370,2602,2626,2628,2645,2646,2649,2678,2692,2728,2774,2775,2777,2806,3099,3263,3349,3421,3511,3524,3527,3580,3581,3582,4033,4422,4423,4498,4567,4568,4569,4570,4571,4946,5146,5340,5525,5537,5538,5723,7294,7299,7320,7453,7653,
129;0;3027;3092;0;137,138,144,149,225,231,249,262,277,288,290,292,321,348,389,395,404,677,691,835,854,855,1118,1134,1145,1270,1398,1472,1478,1480,1481,1521,1895,1972,2106,2370,2602,2626,2628,2645,2646,2649,2678,2692,2774,3099,3263,3312,3484,3503,3511,3524,3527,3580,3682,4033,4567,5537,5951,5955,5959,5966,5968,5976,5980,5987,5991,5992,6463,6559,6711,6712,6713,6714,6715,6716,6717,6718,6719,7299,
129;1;3092;3260;0;137,138,144,149,225,231,249,262,277,288,290,292,321,348,389,395,404,677,691,835,854,855,1118,1134,1145,1270,1398,1472,1478,1480,1481,1521,1895,1972,2106,2347,2370,2602,2626,2628,2645,2646,2649,2678,2692,2774,3099,3263,3312,3484,3503,3511,3524,3527,3580,3682,4033,4567,5392,5537,5951,5955,5959,5966,5968,5976,5980,5987,5991,5992,6463,6559,6711,6712,6713,7213,7295,7299,7316,8442,
89;0;3260;3343;0;24,41,45,48,137,138,144,149,225,231,249,262,277,288,290,292,321,348,389,395,404,677,691,835,854,855,989,1118,1134,1145,1270,1398,1472,1478,1480,1481,1521,1895,1972,2106,2347,2370,2581,2602,2626,2628,2645,2646,2649,2678,2692,2774,3099,3263,3312,3345,3484,3503,3511,3524,3527,3580,3682,4033,4313,4315,4317,4567,5392,5537,5951,5955,5959,5966,5968,5976,5980,5987,7299,7316,
89;1;3343;3485;0;24,41,45,48,137,138,144,149,225,231,249,262,277,288,290,292,321,348,389,395,404,677,691,835,854,855,989,1118,1134,1145,1201,1270,1398,1472,1478,1480,1481,1521,1539,1895,1972,2091,2106,2347,2370,2581,2602,2626,2627,2628,2645,2646,2649,2678,2692,2695,2729,2774,2778,3099,3263,3312,3345,3484,3503,3511,3524,3527,3580,3682,4033,4567,4603,5229,5270,5537,6750,7299,7316,8991,
49;0;3485;3656;0;19,24,27,30,38,137,144,169,188,189,206,208,225,231,234,251,262,277,288,314,321,329,377,404,427,502,504,510,580,640,736,838,871,872,873,874,875,949,972,1051,1089,1118,1134,1145,1281,1456,1474,1478,1580,1587,1779,1811,2305,2489,2490,2969,3010,3028,3078,3104,3395,3627,3726,3727,3728,3729,3730,3731,3732,3740,3741,4033,4630,4859,5274,5457,5458,5459,5460,5461,
49;1;3656;3697;0;19,24,27,30,38,137,144,169,188,189,206,208,225,231,234,251,262,277,288,314,321,329,377,404,427,502,504,510,580,640,736,838,871,872,873,874,875,949,972,1051,1089,1118,1134,1145,1281,1456,1474,1478,1580,1587,1779,1811,2305,2489,2490,2969,3010,3028,3078,3104,3395,3627,3726,3727,3728,3729,3730,3731,3732,3740,3741,4033,4630,4859,5274,5457,5458,5459,5460,5461,
112;0;3697;3853;0;19,24,27,30,38,137,144,169,188,189,206,208,225,231,234,251,262,277,288,314,321,329,377,404,427,502,504,510,580,640,736,838,871,872,873,874,875,949,972,1051,1089,1118,1134,1145,1281,1456,1474,1478,1580,1587,1779,1811,2305,2489,2490,2969,3010,3028,3078,3104,3395,3627,3726,3727,3728,3729,3730,3731,3732,3740,3741,4033,4630,4859,5274,5457,5458,5459,5460,5461,
112;1;3853;3906;0;19,24,27,30,38,137,144,169,188,189,206,208,225,231,234,251,262,277,288,314,321,329,377,404,427,502,504,510,580,640,736,838,871,872,873,874,875,949,972,1051,1089,1118,1134,1145,1281,1456,1474,1478,1580,1587,1779,1811,2305,2489,2490,2969,3010,3028,3078,3104,3395,3627,3726,3727,3728,3729,3730,3731,3732,3740,3741,4033,4630,4859,5274,5457,5458,5459,5460,5461,
107;0;3906;4011;0;19,24,27,30,38,137,144,169,188,189,206,208,225,231,234,251,262,277,288,314,321,329,377,404,427,502,504,510,580,640,736,838,871,872,873,874,875,949,972,1051,1089,1118,1134,1145,1281,1456,1474,1478,1580,1587,1779,1811,2305,2489,2490,2969,3010,3028,3078,3104,3395,3627,3726,3727,3728,3729,3730,3731,3732,3740,3741,4033,4630,4859,5274,5457,5458,5459,5460,5461,
107;1;4011;4101;0;19,24,27,30,38,137,144,169,188,189,206,208,225,231,234,251,262,277,288,314,321,329,377,404,427,502,504,510,580,640,736,838,871,872,873,874,875,949,972,1051,1089,1118,1134,1145,1281,1456,1474,1478,1580,1587,1779,1811,2305,2489,2490,2969,3010,3028,3078,3104,3395,3627,3726,3727,3728,3729,3730,3731,3732,3740,3741,4033,4630,4859,5274,5457,5458,5459,5460,5461,
194;0;4320;4354;0;19,24,27,30,38,137,144,169,188,189,206,208,225,231,234,251,262,277,288,314,321,329,377,404,427,502,504,510,580,640,736,838,871,872,873,874,875,949,972,1051,1089,1118,1134,1145,1281,1456,1474,1478,1580,1587,1779,1811,2305,2489,2490,2969,3010,3028,3078,3104,3209,3210,3395,3488,3627,3726,3727,4033,6930,8340,8397,8763,8765,8766,8767,8768,8769,8770,8773,8774,
194;1;4354;4505;0;19,24,27,30,38,135,137,144,149,169,188,189,206,208,225,231,234,251,262,277,288,314,321,329,377,404,427,502,504,510,580,640,736,838,854,871,872,873,874,875,949,972,1051,1089,1093,1118,1134,1145,1281,1361,1456,1474,1478,1502,1580,1587,1670,1779,1811,1973,2305,2489,2490,2969,3010,3028,3078,3104,3209,3210,3395,3488,3627,3726,3727,4033,6412,6930,8340,8397,
41;0;4505;4582;0;19,24,27,137,144,149,188,189,225,228,231,234,251,262,268,277,288,314,321,329,400,430,606,608,609,640,838,854,872,927,949,1068,1093,1095,1118,1207,1347,1378,1395,1406,1417,1474,1478,1502,1525,1580,1587,1671,1811,1913,1973,2094,2337,2339,2489,2531,2691,2715,3111,3627,4031,4161,4425,4475,5067,5138,5140,5141,5144,5147,5149,5228,5323,7683,8595,8596,8597,8598,8599,8600,
41;1;4582;4686;0;19,24,26,27,137,144,149,188,189,225,228,231,234,251,262,268,277,288,314,321,329,400,430,606,608,609,640,838,854,872,927,949,1068,1093,1095,1118,1207,1270,1283,1284,1285,1288,1290,1293,1297,1347,1378,1395,1406,1417,1419,1474,1478,1502,1525,1580,1587,1671,1811,1973,2263,2265,2337,2339,2410,2419,2489,2516,2856,3627,3703,3768,4161,4206,4207,4208,4209,4210,4211,7683,
57;0;4686;4716;0;19,24,26,27,137,144,149,188,189,225,228,231,234,251,262,268,277,288,314,321,329,400,430,606,608,609,640,838,854,872,876,927,949,1068,1093,1095,1118,1207,1270,1283,1284,1285,1288,1290,1293,1297,1347,1378,1395,1406,1417,1419,1474,1478,1502,1525,1580,1587,1671,1811,1973,2263,2265,2337,2339,2407,2410,2419,2489,2516,2856,3627,3703,3768,4112,4161,4206,4735,4736,7683,
57;1;4716;4863;0;19,24,26,27,137,144,149,188,189,225,228,231,233,234,251,262,266,268,277,284,288,314,321,329,400,430,606,608,609,640,644,827,838,854,872,876,927,949,1068,1093,1095,1118,1207,1270,1283,1284,1285,1288,1290,1293,1297,1347,1378,1395,1406,1407,1417,1419,1474,1478,1502,1580,1587,1671,1811,1973,2337,2339,2407,2410,2419,2489,3574,3627,3703,4112,4161,5212,5213,7683,
198;0;4863;4914;0;18,19,21,24,25,26,27,34,54,62,137,144,149,188,189,198,225,228,231,233,234,251,262,266,268,277,284,288,314,321,329,400,430,606,608,609,640,644,827,838,854,872,876,927,949,1068,1093,1095,1118,1207,1270,1283,1284,1285,1288,1293,1407,1417,1419,1474,1478,1502,1580,1587,1671,1811,1973,2337,2339,2407,2410,2419,2489,3627,3703,3778,4112,4161,5315,7683,
198;1;4914;5038;0;18,19,21,24,25,26,27,34,54,62,137,144,149,188,189,198,225,228,231,233,234,249,251,262,266,268,277,284,288,314,321,329,400,430,606,608,609,640,644,827,838,854,872,876,927,949,1068,1093,1095,1118,1207,1270,1284,1288,1293,1407,1417,1419,1474,1478,1502,1580,1587,1671,1811,1973,2306,2337,2339,2407,2410,2419,2489,3615,3627,3703,4112,4161,6722,7683,
604;0;5038;5211;0;1,8,74,93,95,97,139,142,144,149,188,234,251,276,288,289,314,323,343,390,392,395,402,405,407,429,644,645,648,691,766,769,843,858,892,897,971,1056,1062,1118,1146,1229,1397,1472,1474,1502,1620,1671,1681,1682,1683,1809,1814,2244,2306,2337,2339,2410,2594,2637,2692,3152,3618,4161,4408,7222,7223,7224,7225,7226,7227,7228,7229,7230,7231,7232,7233,7234,7683,8289,
610;0;5211;5380;0;1,8,74,93,95,97,139,142,144,149,188,234,251,276,288,289,314,323,343,390,392,395,402,405,407,429,644,645,648,691,766,769,843,858,892,897,971,1056,1062,1118,1146,1229,1397,1472,1474,1502,1620,1671,1681,1682,1683,1809,1814,2244,2306,2337,2339,2410,2594,2637,2692,3152,3618,4161,4408,7222,7223,7224,7225,7226,7227,7228,7229,7230,7231,7232,7233,7234,7683,8289,
490;0;5380;5546;0;1,8,74,93,95,97,139,142,144,149,188,234,251,276,288,289,314,323,343,390,392,395,402,405,407,429,644,645,648,691,766,769,843,858,892,897,971,1056,1062,1118,1146,1229,1397,1472,1474,1502,1620,1671,1681,1682,1683,1809,1814,2244,2306,2337,2339,2410,2594,2637,2692,3152,3618,4161,4408,7222,7223,7224,7225,7226,7227,7228,7229,7230,7231,7232,7233,7234,7683,8289,
467;0;5546;5708;0;1,8,74,93,95,97,139,142,144,149,188,234,251,276,288,289,314,323,343,390,392,395,402,405,407,429,644,645,648,691,766,769,843,858,892,897,971,1056,1062,1118,1146,1229,1397,1472,1474,1502,1620,1671,1681,1682,1683,1809,1814,2244,2306,2337,2339,2410,2594,2637,2692,3152,3618,4161,4408,7222,7223,7224,7225,7226,7227,7228,7229,7230,7231,7232,7233,7234,7683,8289,
16;0;5708;5770;0;1,8,74,93,95,97,139,142,144,149,188,234,251,276,288,289,314,323,343,390,392,395,402,405,407,429,644,645,648,691,766,769,843,858,892,897,971,1056,1062,1118,1146,1229,1397,1472,1474,1502,1620,1671,1681,1682,1683,1809,1814,2244,2306,2337,2339,2410,2594,2637,2692,3152,3618,4161,4408,7222,7223,7224,7225,7226,7227,7228,7229,7230,7231,7232,7233,7234,7683,8289,
16;1;5770;5867;0;1,8,74,93,95,97,139,142,144,146,149,188,234,251,276,288,289,314,323,343,390,392,395,398,402,405,407,429,644,645,648,691,766,769,843,858,892,897,971,1056,1062,1117,1118,1146,1149,1229,1397,1472,1474,1476,1479,1481,1502,1620,1671,1681,1682,1683,1809,1814,1920,2244,2306,2337,2339,2410,2594,2637,2692,3152,3618,4161,4473,4964,4965,4966,4972,5182,6441,7683,
199;0;5867;5964;0;1,8,74,93,95,97,139,142,144,146,149,188,234,251,276,288,289,314,323,343,390,392,395,398,402,405,407,429,644,645,648,691,766,769,843,858,892,897,971,1056,1062,1117,1118,1146,1149,1229,1266,1397,1472,1474,1476,1479,1481,1502,1620,1671,1681,1682,1683,1809,1814,1920,2244,2260,2306,2337,2339,2410,2594,2637,2692,2794,2842,3152,3618,4161,4450,4473,5182,7683,
199;1;5964;6024;0;1,8,74,93,95,97,139,142,144,146,149,188,234,251,276,288,289,314,323,343,390,392,395,398,402,405,407,429,644,645,648,691,765,766,769,843,858,1117,1118,1201,1472,1474,1476,1479,1481,1502,1539,1671,1683,1814,1837,1920,2244,2306,2337,2339,2410,2628,2778,3263,3618,4161,4603,4604,4612,4613,4617,4761,5182,5229,5270,5406,5873,6749,6750,6751,6752,6753,6754,7683,
211;0;6024;6112;0;1,8,74,93,95,97,139,142,144,146,149,188,234,251,276,288,289,314,323,343,390,392,395,398,402,405,407,429,644,645,648,691,765,766,769,843,858,1046,1117,1118,1201,1442,1472,1474,1476,1479,1481,1502,1539,1567,1671,1683,1814,1920,2244,2299,2306,2337,2339,2410,2628,2778,3263,3618,4161,4603,4604,4612,4613,4761,5054,5182,5873,6401,6418,6419,6749,7683,8544,8545,
211;1;6112;6178;0;1,8,61,74,93,95,97,139,142,144,146,149,188,234,251,276,288,289,314,323,343,390,392,395,398,402,405,407,429,644,645,648,691,765,766,769,843,858,1117,1118,1201,1472,1474,1476,1479,1481,1502,1671,1683,1712,1814,1868,1920,1936,2244,2306,2337,2339,2410,2628,2778,3255,3263,3618,3692,3693,3694,3695,3696,3697,4161,4603,4604,4612,4613,4761,5182,5873,6749,7683,
632;0;6178;6329;0;1,8,61,74,93,95,97,138,139,142,144,146,149,188,234,251,276,288,289,291,314,323,343,390,392,395,398,402,429,607,644,645,691,715,766,769,1117,1118,1201,1390,1472,1474,1476,1479,1481,1502,1671,1675,1683,1756,1814,1915,1916,1920,2091,2244,2317,2337,2339,2410,2628,2778,3263,3527,3618,4161,4603,4604,4612,4613,4753,4761,5182,5873,6386,6399,6749,7683,7743,7744,
666;0;6329;6477;0;1,8,61,74,93,95,97,138,139,142,144,146,149,188,234,251,276,288,289,291,314,323,343,390,392,395,398,402,429,607,644,645,691,715,766,769,1117,1118,1201,1390,1472,1474,1476,1479,1481,1502,1671,1675,1683,1756,1814,1915,1916,1920,2091,2244,2317,2337,2339,2410,2628,2778,3263,3527,3618,3945,4161,4603,4604,4612,4613,4753,4761,5182,5873,6386,6399,6749,6949,7683,
485;0;6477;6621;0;2,74,137,139,144,145,146,159,225,240,262,277,288,291,292,294,314,321,329,351,382,398,400,429,640,644,645,647,756,891,933,948,1093,1117,1118,1398,1474,1476,1478,1479,1480,1481,1671,1683,1811,1814,1944,1973,2132,2279,2280,2281,2282,2283,2284,2285,2286,2287,2288,2337,2425,2492,2496,2536,2824,3391,3580,4658,5181,5182,5377,5648,5654,5655,5656,5657,5658,5659,5660,5661,
532;0;6621;6758;0;2,74,137,139,144,145,146,159,225,240,262,277,288,291,292,294,314,321,329,351,382,398,400,429,640,644,645,647,756,891,933,948,1093,1117,1118,1398,1474,1476,1478,1479,1480,1481,1671,1683,1811,1814,1944,1973,2132,2279,2280,2281,2282,2283,2284,2285,2286,2287,2288,2337,2425,2492,2496,2536,2824,3391,3580,4658,5181,5182,5377,5648,5654,5655,5656,5657,5658,5659,5660,5661,
117;0;6758;6792;0;2,74,137,139,144,145,146,159,225,240,262,277,288,291,292,294,314,321,329,351,382,398,400,429,640,644,645,647,756,891,933,948,1093,1117,1118,1398,1474,1476,1478,1479,1480,1481,1671,1683,1811,1814,1944,1973,2132,2279,2280,2281,2282,2283,2284,2285,2286,2287,2288,2337,2425,2492,2496,2536,2824,3391,3580,4658,5181,5182,5377,5648,5654,5655,5656,5657,5658,5659,5660,5661,
117;1;6792;6889;0;2,74,137,139,144,145,146,159,225,240,262,277,288,291,292,294,314,321,329,351,382,398,400,429,640,644,645,647,756,891,933,948,1093,1117,1118,1398,1474,1476,1478,1479,1480,1481,1671,1683,1811,1814,1944,1973,2132,2279,2280,2281,2282,2283,2284,2285,2286,2287,2288,2337,2425,2492,2496,2536,2824,3391,3580,4658,5181,5182,5377,5648,5654,5655,5656,5657,5658,5659,5660,5661,
9;0;7200;7252;0;2,15,24,74,137,139,144,145,146,159,186,189,225,240,262,277,288,291,292,294,314,321,329,351,382,398,400,429,503,640,644,645,647,662,756,891,933,948,979,1088,1093,1117,1118,1398,1474,1476,1478,1479,1480,1481,1550,1580,1671,1683,1811,1814,1944,1973,2132,2157,2279,2280,2281,2282,2283,2284,2285,2286,2287,2288,2337,2425,2492,2496,2536,2555,2824,3022,3127,3627,
9;1;7252;7325;0;24,74,117,137,139,144,145,146,150,185,186,189,202,225,262,277,288,314,321,329,382,398,400,429,578,640,644,647,655,867,872,948,979,1068,1117,1118,1152,1226,1474,1476,1478,1481,1511,1562,1671,1683,1718,1814,1875,2198,2276,2279,2337,2845,2921,2936,3004,3082,3612,4074,5030,5175,5266,5290,5708,5927,6283,6510,6568,6678,6776,7826,7975,8060,8061,8062,8063,8064,8065,8066,
176;0;7325;7388;0;24,54,74,117,137,139,144,145,146,150,185,186,189,202,225,262,277,288,314,321,329,382,398,400,429,516,578,640,644,647,655,867,872,948,979,1068,1117,1118,1152,1226,1474,1476,1478,1481,1511,1562,1587,1671,1683,1718,1814,1875,2198,2276,2279,2337,2407,2845,2868,2921,2936,3004,3082,3510,3544,3612,3719,3767,3781,3807,4074,5030,5175,5266,5290,5708,5927,6283,6510,7999,
176;1;7388;7448;0;24,54,74,117,137,139,144,145,146,150,185,186,189,202,225,262,271,277,288,304,314,321,329,382,396,398,400,429,434,438,444,516,591,640,644,647,838,872,927,948,1049,1052,1117,1118,1354,1424,1431,1474,1476,1478,1481,1515,1516,1587,1669,1671,1683,1752,1803,1814,1921,2279,2407,2613,2695,3037,3612,3616,4392,4393,4394,4395,4396,4397,4398,4399,4400,4401,4402,4403,
47;0;7448;7557;0;24,54,74,117,137,139,144,145,146,150,185,186,189,202,225,262,271,277,288,304,314,321,329,382,396,398,400,429,434,438,444,516,591,640,644,647,838,872,927,948,1049,1052,1117,1118,1354,1424,1431,1474,1476,1478,1481,1515,1516,1587,1669,1671,1683,1752,1803,1814,1921,2279,2407,2613,2695,3037,3612,3616,4392,4393,4394,4395,4396,4397,4398,4399,4400,4401,4402,7262,
47;1;7557;7561;0;24,54,74,117,137,139,144,145,146,150,185,186,189,202,210,225,262,271,277,288,304,314,321,329,382,396,398,400,429,434,438,444,516,591,640,644,647,838,872,927,948,978,1049,1052,1117,1118,1273,1354,1424,1431,1474,1476,1478,1481,1515,1516,1587,1669,1671,1683,1752,1803,1814,1921,2172,2231,2233,2279,2407,2613,2829,2941,2968,3037,3612,3613,4263,4265,4268,4269,
214;0;7561;7605;0;24,54,74,117,137,139,144,145,146,150,185,186,189,202,210,225,262,271,277,288,304,314,321,329,382,396,398,400,429,434,438,444,516,591,640,644,647,838,872,927,948,978,1049,1052,1117,1118,1273,1354,1424,1431,1474,1476,1478,1481,1515,1516,1587,1669,1671,1683,1752,1803,1814,1921,2172,2231,2233,2279,2407,2613,2829,2941,2968,3037,3612,4263,4265,4331,4332,4333,
214;1;7605;7671;0;24,54,74,117,137,139,144,145,146,150,185,186,189,202,210,225,262,271,277,288,304,314,321,329,382,396,398,400,429,434,438,444,516,591,640,644,647,838,872,927,948,978,1049,1052,1117,1118,1273,1354,1424,1431,1474,1476,1478,1481,1515,1516,1587,1669,1671,1683,1752,1803,1814,2279,2407,2941,2968,3037,3612,4263,4265,9222,9223,9224,9225,9226,9227,9228,9229,9230,
48;0;7671;7775;0;24,54,74,117,137,139,144,145,146,150,185,186,189,202,210,225,262,271,277,288,304,314,321,329,382,396,398,400,429,434,438,444,516,591,640,644,647,838,872,927,948,978,1049,1052,1117,1118,1273,1354,1419,1424,1431,1474,1476,1478,1481,1515,1516,1587,1669,1671,1683,1752,1803,1814,2279,2407,2884,2941,2968,3037,3610,3612,3808,4263,4265,7333,7334,7335,7336,7337,
48;1;7775;7779;0;24,54,74,117,137,139,144,145,146,150,177,178,179,184,185,186,189,202,210,225,262,271,272,277,288,304,314,321,329,379,380,382,383,396,398,400,429,434,438,444,516,591,640,644,647,838,872,927,948,978,1032,1033,1034,1035,1036,1037,1038,1049,1052,1117,1118,1131,1273,1354,1474,1476,1478,1481,1587,1669,1683,1814,2279,2407,2941,2968,3037,3612,4263,4265,
595;0;7779;7884;0;24,54,74,117,137,139,144,145,146,150,177,178,179,184,185,186,189,202,210,225,262,271,272,277,288,304,314,321,329,379,380,382,383,396,398,400,429,434,438,591,640,644,647,773,838,849,872,946,948,1117,1118,1131,1273,1474,1476,1478,1481,1587,1669,1674,1683,1814,2279,2407,2586,2645,2941,2968,3037,3259,3612,4263,4265,4370,7299,7837,8170,8171,8322,8566,
18;0;7884;7921;0;27,100,144,145,146,225,231,271,274,276,288,329,340,438,591,704,849,851,1117,1273,1293,1294,1295,1322,1374,1401,1476,1478,1556,1683,1759,1814,1818,2407,2489,2645,2774,2778,2891,3099,3120,3527,3535,3536,3745,4567,4597,4609,4627,4759,4760,4761,4762,4763,4764,4765,4766,4767,4768,5900,6022,6201,6407,7463,7945,7971,8134,8137,8190,8197,8198,8199,8200,8203,8204,8205,8449,8582,8583,8584,
18;1;7921;7983;0;27,100,144,145,146,225,231,271,274,276,288,329,340,438,591,704,849,851,1117,1273,1293,1294,1295,1322,1374,1401,1476,1478,1556,1683,1759,1814,1818,2407,2489,2645,2774,2778,2891,3099,3120,3527,3535,3536,3745,4567,4597,4609,4627,4759,4760,4761,4762,4763,4764,4765,4766,4767,4768,5900,6022,6201,6407,7463,7945,7971,8134,8137,8190,8197,8198,8199,8200,8203,8204,8205,8449,8582,8583,8584,
491;0;7983;8080;0;27,100,144,145,146,225,231,271,274,276,288,329,340,438,591,704,849,851,1117,1273,1293,1294,1295,1322,1374,1401,1476,1478,1556,1683,1759,1814,1818,2407,2489,2645,2774,2778,2891,3099,3120,3527,3535,3536,3745,4567,4597,4609,4627,4759,4760,4761,4762,4763,4764,4765,4766,4767,4768,5900,6022,6201,6407,7463,7945,7971,8134,8137,8190,8197,8198,8199,8200,8203,8204,8205,8449,8582,8583,8584,
561;0;8080;8174;0;27,100,144,145,146,225,231,271,274,276,288,329,340,438,591,704,849,851,1117,1273,1293,1294,1295,1322,1374,1401,1476,1478,1556,1683,1759,1814,1818,2407,2489,2645,2774,2778,2891,3099,3120,3527,3535,3536,3745,4567,4597,4609,4627,4759,4760,4761,4762,4763,4764,4765,4766,4767,4768,5900,6022,6201,6407,7463,7945,7971,8134,8137,8190,8197,8198,8199,8200,8203,8204,8205,8449,8582,8583,8584,
696;0;8174;8267;0;27,100,144,145,146,225,231,271,274,276,288,329,340,438,591,704,849,851,1117,1273,1293,1294,1295,1322,1374,1401,1476,1478,1556,1683,1759,1814,1818,2407,2489,2645,2774,2778,2891,3099,3120,3527,3535,3536,3745,4567,4597,4609,4627,4759,4760,4761,4762,4763,4764,4765,4766,4767,4768,5900,6022,6201,6407,7463,7945,7971,8134,8137,8190,8197,8198,8199,8200,8203,8204,8205,8449,8582,8583,8584,
Machine: 1
573;0;0;8;1;15,26,40,54,55,79,100,137,144,149,165,170,221,225,233,255,262,277,290,295,412,528,591,644,647,686,855,979,1121,1269,1270,1273,1275,1278,1280,1286,1287,1291,1293,1295,1322,1361,1502,1670,1734,1935,2052,2240,2286,2419,2640,2774,2775,2794,2816,2941,2998,3345,3348,3606,3618,3703,3711,3712,3891,4106,4343,4600,4740,4770,5316,5331,5715,5716,5717,5718,5719,5720,5721,7035,
141;0;8;22;1;15,26,40,54,55,79,100,137,144,149,165,170,221,225,233,255,262,277,290,295,412,528,591,644,647,686,855,979,1121,1269,1270,1273,1275,1278,1280,1286,1287,1291,1293,1295,1322,1361,1502,1670,1734,1935,2052,2240,2286,2419,2640,2774,2775,2794,2816,2941,2998,3345,3348,3606,3618,3703,3711,3712,3891,4106,4343,4600,4740,4770,5316,5331,5715,5716,5717,5718,5719,5720,5721,7035,
141;1;22;56;1;15,26,40,54,55,79,100,137,144,149,165,170,221,225,233,255,262,277,290,295,412,528,591,644,647,686,855,979,1121,1269,1270,1273,1275,1278,1280,1286,1287,1291,1293,1295,1322,1361,1502,1670,1734,1935,2052,2240,2286,2419,2640,2774,2775,2794,2816,2941,2998,3345,3348,3606,3618,3703,3711,3712,3891,4106,4343,4600,4740,4770,5316,5331,5715,5716,5717,5718,5719,5720,5721,7035,
100;0;56;90;1;15,26,40,54,55,79,100,137,144,149,165,170,221,225,233,255,262,277,290,295,412,528,591,644,647,686,855,979,1121,1269,1270,1273,1275,1278,1280,1286,1287,1291,1293,1295,1322,1361,1502,1670,1734,1935,2052,2240,2286,2419,2640,2774,2775,2794,2816,2941,2998,3345,3348,3606,3618,3703,3711,3712,3891,4106,4343,4600,4740,4770,5316,5331,5715,5716,5717,5718,5719,5720,5721,7035,
100;1;90;114;1;15,26,40,54,55,79,100,137,144,149,165,170,221,225,233,255,262,277,290,295,412,528,591,644,647,686,855,979,1121,1269,1270,1273,1275,1278,1280,1286,1287,1291,1293,1295,1322,1361,1502,1670,1734,1935,2052,2240,2286,2419,2640,2774,2775,2794,2816,2941,2998,3345,3348,3606,3618,3703,3711,3712,3891,4106,4343,4600,4740,4770,5316,5331,5715,5716,5717,5718,5719,5720,5721,7035,
653;0;114;176;1;15,26,40,54,55,79,100,137,144,149,165,170,221,225,233,255,262,277,290,295,412,528,591,644,647,686,855,979,1121,1269,1270,1273,1275,1278,1280,1286,1287,1291,1293,1295,1322,1361,1502,1670,1734,1935,2052,2240,2286,2419,2640,2774,2775,2794,2816,2941,2998,3345,3348,3606,3618,3703,3711,3712,3891,4106,4343,4600,4740,4770,5316,5331,5715,5716,5717,5718,5719,5720,5721,7035,
51;0;176;187;1;15,26,40,54,55,79,100,137,144,149,165,170,221,225,233,255,262,277,290,295,412,528,591,644,647,686,855,979,1121,1269,1270,1272,1273,1275,1278,1279,1280,1286,1287,1288,1291,1293,1295,1322,1361,1502,1592,1670,1734,1935,2052,2240,2286,2419,2640,2774,2775,2794,2796,2816,2888,2941,2998,3345,3348,3421,3606,3618,3703,3711,3712,3891,4106,4343,4600,4740,4770,5721,7018,7059,
51;1;187;251;1;15,26,40,54,55,79,100,137,144,149,165,170,221,225,233,255,262,277,290,295,397,412,528,591,644,647,686,855,979,1121,1269,1270,1272,1273,1275,1278,1279,1280,1286,1287,1288,1291,1293,1295,1322,1361,1474,1502,1521,1592,1670,1734,1935,2052,2240,2286,2419,2640,2774,2775,2794,2796,2816,2888,2941,2998,3345,3348,3421,3606,3618,3703,3711,3712,3891,4106,4343,4600,4740,5721,
687;0;251;429;0;15,26,40,54,55,79,97,100,137,144,149,165,170,221,225,231,233,255,262,277,288,290,295,321,397,404,412,432,528,591,644,647,686,855,949,979,1121,1236,1269,1270,1272,1273,1275,1278,1279,1280,1286,1287,1288,1291,1293,1295,1322,1361,1474,1475,1478,1480,1502,1521,1670,1935,1978,2419,2508,2640,2774,2775,3345,3348,3606,3703,3711,3712,5143,5619,5699,5721,6177,6178,
189;0;429;459;0;15,26,40,54,55,79,97,100,137,144,145,149,165,170,221,225,231,233,255,262,277,288,290,295,321,396,397,404,412,429,432,528,591,644,647,686,855,949,979,1121,1236,1269,1270,1272,1273,1275,1278,1279,1280,1286,1287,1288,1291,1293,1295,1322,1361,1417,1474,1475,1478,1480,1502,1521,1670,1935,1978,2419,2508,2640,2774,2775,3345,3348,3606,3703,3711,3712,5143,5721,
189;1;459;501;0;15,26,40,54,55,79,97,100,137,144,145,149,165,170,221,225,231,233,255,262,277,288,290,295,321,396,397,404,412,429,432,528,591,644,647,686,855,949,979,1121,1236,1269,1270,1272,1273,1275,1278,1279,1280,1286,1287,1288,1291,1293,1295,1322,1361,1417,1474,1475,1478,1480,1502,1521,1541,1670,1935,1978,2419,2508,2640,2774,2775,3345,3348,3606,3703,3711,3712,5721,
33;0;501;670;0;15,26,40,54,55,60,79,97,100,137,144,145,149,165,170,206,208,221,225,231,233,255,262,277,288,290,295,321,396,397,404,412,429,432,502,528,569,591,647,729,855,949,979,1236,1269,1270,1272,1273,1275,1279,1280,1286,1287,1288,1291,1293,1322,1361,1417,1474,1478,1502,1670,1895,1935,1989,2419,2640,2774,2775,3345,3348,3606,3703,3711,3712,3870,4192,5721,6766,
33;1;670;842;0;117,137,145,146,231,288,292,329,377,397,398,429,436,528,647,839,901,1117,1118,1149,1170,1269,1273,1287,1308,1322,1473,1479,1481,1809,1884,1915,1920,2091,2504,2573,2645,2774,2778,2779,3263,3435,4405,4473,4604,4605,4606,4612,4675,4721,4759,4761,4964,4965,4966,4967,4971,4972,4973,4974,5492,5665,5890,5891,5892,5894,5895,5898,5899,5901,6126,6128,6129,6361,6362,6363,6364,6365,6366,6367,
71;0;842;1015;0;117,137,145,146,231,288,292,329,377,397,398,429,436,528,647,839,901,1117,1118,1149,1170,1269,1273,1287,1308,1322,1473,1479,1481,1809,1884,1915,1920,2091,2504,2573,2645,2774,2778,2779,3263,3435,4405,4473,4604,4605,4606,4612,4675,4721,4759,4761,4964,4965,4966,4967,4971,4972,4973,4974,5492,5665,5890,5891,5892,5894,5895,5898,5899,5901,6126,6128,6129,6361,6362,6363,6364,6365,6366,6367,
71;1;1440;1587;0;26,61,117,137,145,146,231,288,292,329,377,397,398,429,436,528,529,647,839,901,1117,1118,1149,1170,1269,1273,1277,1282,1287,1288,1292,1293,1294,1308,1322,1473,1479,1481,1809,1884,1915,1920,2091,2504,2573,2645,2774,2778,2779,3263,3435,4405,4473,4604,4605,4606,4612,4675,4721,4759,4761,4964,4965,4966,4967,4971,4972,4973,4974,5492,5665,5890,5891,5892,5894,5895,6129,6365,6366,6426,
163;0;1587;1727;0;26,61,117,137,145,146,231,288,292,329,377,397,398,429,436,528,529,647,839,901,1117,1118,1149,1170,1269,1273,1274,1277,1282,1287,1288,1292,1293,1294,1308,1322,1473,1479,1481,1809,1884,1915,1920,2091,2504,2573,2645,2774,2778,2779,3263,3435,4405,4473,4604,4605,4606,4612,4675,4721,4759,4761,4964,4965,4966,4967,4971,4972,4973,4974,5492,5665,5890,5891,5892,5894,5895,6129,6365,6366,
163;1;1727;1877;0;26,61,95,117,137,145,146,231,276,288,292,329,377,397,398,429,436,528,529,588,647,839,858,901,1117,1118,1149,1170,1269,1273,1274,1277,1282,1287,1288,1292,1293,1294,1308,1322,1473,1479,1481,1809,1884,1915,1920,2091,2504,2573,2645,2774,2778,2779,3263,3435,4405,4473,4604,4605,4606,4612,4675,4721,4759,4761,4964,4965,4966,4967,4971,4972,4973,4974,5492,5665,5890,6129,6365,6366,
99;0;1877;1992;0;26,61,95,117,137,145,146,231,276,288,292,329,377,397,398,429,436,528,529,588,647,839,858,901,1117,1118,1149,1170,1269,1273,1274,1277,1282,1287,1288,1292,1293,1294,1308,1322,1473,1479,1481,1809,1884,1915,1920,2091,2504,2573,2645,2774,2778,2779,2960,3263,3435,4405,4473,4604,4605,4606,4612,4675,4721,4759,4761,4964,4965,4966,4967,4971,4972,4973,4974,5492,5665,6129,6365,6366,
99;1;1992;2153;0;26,61,95,117,137,145,146,231,276,288,292,329,377,397,398,429,436,528,529,588,647,839,858,901,1117,1118,1149,1170,1269,1273,1274,1277,1282,1287,1288,1292,1293,1294,1308,1322,1473,1479,1481,1809,1884,1915,1920,2091,2504,2573,2645,2774,2778,2779,2960,3263,3435,4405,4473,4604,4605,4606,4612,4675,4721,4759,4761,4964,4965,4966,4967,4971,4972,4973,4974,5665,6129,6365,6366,7431,
68;0;2153;2290;0;3,136,137,144,145,225,226,231,276,288,292,329,377,397,398,400,436,528,647,838,921,1117,1118,1126,1293,1470,1478,1479,1481,1486,1489,1609,1661,1668,1679,1807,1920,2053,2109,2114,2118,2120,2123,2124,2125,2128,2129,2130,2132,2134,2135,2140,2142,2143,2854,2855,2953,3267,3268,4511,4533,4534,4543,4546,4551,4553,4554,4555,4656,4676,4677,4678,4679,4680,4681,4682,5665,6090,6665,9200,
68;1;2290;2421;0;3,136,137,144,145,225,226,231,276,288,292,329,377,397,398,400,436,528,647,838,921,1117,1118,1126,1293,1470,1478,1479,1481,1486,1489,1609,1661,1668,1679,1807,1920,2053,2109,2114,2118,2120,2123,2124,2125,2128,2129,2130,2132,2134,2135,2140,2142,2143,2854,2855,2953,3267,3268,4511,4533,4534,4543,4546,4551,4553,4554,4555,4656,4676,4677,4678,4679,4680,4681,4682,5665,6090,6665,9200,
64;0;2880;3040;0;3,100,136,137,144,145,225,226,231,276,288,292,329,377,397,398,400,436,528,647,838,921,933,1117,1118,1126,1229,1293,1447,1470,1476,1478,1479,1481,1486,1489,1609,1661,1668,1679,1807,1920,2053,2109,2114,2118,2120,2123,2124,2125,2128,2129,2130,2132,2134,2135,2140,2142,2143,2854,2855,2953,3267,3268,4511,4533,4534,4543,4546,4551,4553,4554,4555,4658,5654,5664,5665,5666,5667,6090,
64;1;3040;3140;0;3,100,136,137,144,145,149,225,226,231,262,276,277,288,292,314,321,329,377,391,396,397,398,400,404,436,528,640,647,838,921,933,1093,1117,1118,1126,1229,1293,1447,1468,1470,1476,1478,1479,1481,1486,1489,1609,1661,1668,1679,1807,1920,2053,2109,2114,2118,2120,2123,2124,2125,2128,2129,2130,2132,2134,2135,2140,2142,2143,2223,2854,2855,2953,3267,3268,4093,4511,4553,6090,
208;0;3140;3241;0;3,54,100,136,137,144,145,149,225,226,231,262,276,277,288,292,314,321,329,377,391,396,397,398,400,404,436,528,640,647,838,921,933,1093,1117,1118,1126,1229,1293,1447,1468,1470,1476,1478,1479,1481,1486,1489,1609,1661,1668,1679,1807,1920,2053,2109,2114,2118,2120,2123,2124,2125,2128,2129,2130,2132,2134,2135,2140,2142,2143,2220,2223,2417,3267,4093,4450,4511,4553,6090,
208;1;3241;3391;0;3,54,100,136,137,144,145,149,225,226,231,262,276,277,288,292,314,321,329,377,391,396,397,398,400,404,436,528,569,640,647,838,921,933,1093,1117,1118,1126,1229,1262,1293,1447,1468,1470,1476,1478,1479,1481,1486,1489,1609,1661,1668,1679,1807,1920,2053,2109,2114,2118,2120,2123,2124,2125,2128,2129,2130,2132,2134,2135,2140,2223,2829,3267,4093,4489,4511,4553,5262,6090,
3;0;3391;3559;0;3,54,100,136,137,144,145,149,225,226,231,262,276,277,288,292,314,321,329,377,391,396,397,398,400,404,436,528,569,640,647,838,921,933,1093,1117,1118,1126,1229,1262,1293,1447,1468,1470,1476,1478,1479,1481,1486,1489,1609,1661,1668,1679,1807,1920,2053,2109,2114,2118,2120,2123,2124,2125,2128,2129,2130,2132,2134,2135,2140,2223,3267,4093,4489,4511,4553,6090,8497,8518,
3;1;3559;3637;0;3,24,88,100,104,137,139,144,145,146,149,225,231,262,276,277,288,297,314,321,329,396,398,400,404,429,438,528,586,640,647,767,770,833,838,844,854,855,862,863,931,947,948,949,1117,1118,1293,1478,1479,1488,1513,1519,1520,1540,1587,1920,1922,2134,2491,3531,3638,4093,4220,4553,4968,5050,5456,5646,5656,5774,6022,6441,7009,7583,7585,8022,8095,8303,8304,8354,
55;0;3637;3748;0;3,24,88,100,104,137,139,144,145,146,149,225,231,262,276,277,288,297,314,321,329,396,398,400,404,429,438,528,586,640,647,767,770,833,838,844,854,855,862,863,931,947,948,949,1117,1118,1293,1478,1479,1488,1513,1519,1520,1540,1587,1920,1922,2134,2491,3531,3638,4093,4220,4553,4968,5050,5456,5646,5656,5774,6022,6441,7009,7583,7585,8022,8095,8303,8304,8354,
55;1;3748;3873;0;3,24,88,100,104,137,139,144,145,146,149,225,231,262,276,277,288,297,314,321,329,396,398,400,404,429,438,528,586,640,647,767,770,833,838,844,854,855,862,863,931,947,948,949,1117,1118,1293,1478,1479,1488,1513,1519,1520,1540,1587,1920,1922,2134,2491,3531,3638,4093,4220,4553,4968,5050,5456,5646,5656,5774,6022,6441,7009,7583,7585,8022,8095,8303,8304,8354,
13;0;3873;4053;0;3,24,88,100,104,137,139,144,145,146,149,225,231,262,276,277,288,297,314,321,329,396,398,400,404,429,438,528,586,640,647,767,770,833,838,844,854,855,862,863,931,947,948,949,1117,1118,1293,1478,1479,1488,1513,1519,1520,1540,1587,1920,1922,2134,2491,3531,3638,4093,4220,4553,4968,5050,5456,5646,5656,5774,6022,6441,7009,7583,7585,8022,8095,8303,8304,8354,
13;1;4320;4366;0;3,17,24,26,40,46,74,88,100,104,137,139,144,145,146,149,202,225,231,262,276,277,288,297,314,321,329,359,396,398,400,404,429,438,528,586,640,647,767,770,833,838,844,854,855,862,863,931,947,948,949,1117,1118,1277,1293,1478,1479,1488,1513,1519,1520,1540,1587,1920,1922,2134,2163,2491,2968,3056,3531,3638,4093,4109,4117,4118,4220,4553,5456,8354,
216;0;4366;4484;0;3,17,24,26,40,46,55,74,88,100,137,139,144,145,146,149,189,225,231,262,276,277,288,297,314,321,329,359,396,398,400,404,429,528,586,640,647,767,770,814,833,838,844,854,855,862,948,949,1117,1118,1277,1293,1322,1390,1478,1479,1488,1510,1513,1519,1540,1573,1587,1920,1922,2134,2153,2806,3056,3638,3849,3850,3851,3852,3853,3854,4093,4553,5456,8354,
216;1;4484;4584;0;3,24,26,46,55,62,88,100,137,139,144,145,149,152,186,188,189,225,231,262,276,277,288,297,321,329,359,396,398,400,404,429,490,528,586,640,647,767,770,814,833,838,844,854,855,862,872,948,949,1117,1118,1196,1293,1322,1478,1479,1513,1519,1540,1587,1605,1920,1922,2134,2806,2936,3005,3056,3070,3348,3361,3638,3877,4093,4553,5456,5493,5494,5495,8354,
102;0;4584;4660;0;3,24,26,46,55,62,88,100,137,139,144,145,149,152,186,188,189,225,231,262,276,277,288,297,321,329,359,396,398,400,404,429,490,528,586,640,647,767,770,814,833,838,844,854,855,862,872,948,949,1117,1118,1196,1293,1322,1478,1479,1513,1519,1540,1587,1605,1809,1920,1922,2134,2391,2806,2936,3005,3056,3070,3348,3361,3638,4093,4424,4553,5456,5685,8354,
102;1;4660;4797;0;3,24,26,46,55,62,88,100,137,139,144,145,149,152,186,188,189,225,231,262,276,277,288,297,321,329,359,396,398,400,404,429,490,528,586,640,647,767,770,814,833,838,844,854,855,862,872,948,949,1117,1118,1196,1293,1322,1478,1479,1513,1519,1540,1587,1605,1809,1920,1922,2134,2391,2806,2936,3005,3056,3070,3348,3361,3638,4093,5456,6729,7171,7933,8354,
178;0;4797;4850;0;3,24,26,46,55,62,88,100,137,139,144,145,149,152,177,178,179,180,181,182,183,184,186,188,189,225,231,262,276,277,288,297,321,329,359,396,398,400,404,429,490,528,586,640,647,767,770,814,833,838,844,854,855,862,872,948,949,1117,1118,1196,1293,1322,1478,1479,1513,1519,1540,1587,1605,1676,1809,1920,1922,2134,2806,3056,3638,4093,5456,8354,
178;1;4850;5006;0;3,24,26,46,55,88,97,100,137,139,144,145,149,182,189,225,231,262,276,277,288,297,321,329,359,396,398,400,404,429,586,608,640,647,767,770,773,814,833,838,844,854,855,862,948,949,1117,1118,1196,1293,1322,1395,1478,1513,1519,1540,1587,1914,1915,1920,1922,2091,2134,2670,2677,2806,2898,2988,3056,3638,4093,5454,5456,5511,6098,6099,7217,7423,8238,8354,
159;0;5006;5066;0;1,3,26,139,144,145,149,182,225,231,241,262,276,321,391,395,396,400,429,640,647,844,1118,1146,1147,1204,1293,1348,1361,1397,1398,1401,1476,1477,1502,1528,1681,1682,1920,2109,2134,2465,2589,2627,2779,2808,2821,3037,3278,3724,3745,4832,5246,5249,5275,5276,5277,5531,5532,5954,5964,5976,5984,7318,7408,7460,7751,7816,7886,8041,8391,8583,8978,8979,8980,8981,8982,8983,8984,8985,
159;1;5066;5211;0;1,3,26,139,144,145,149,182,225,231,241,262,276,321,391,395,396,400,429,640,647,844,1118,1146,1147,1204,1293,1348,1361,1397,1398,1401,1476,1477,1502,1528,1681,1682,1920,2109,2134,2465,2589,2627,2779,2808,2821,3037,3278,3724,3745,4832,5246,5249,5275,5276,5277,5531,5532,5954,5964,5976,5984,7318,7408,7460,7751,7816,7886,8041,8391,8583,8978,8979,8980,8981,8982,8983,8984,8985,
90;0;5211;5390;0;1,3,26,139,144,145,149,182,225,231,241,262,276,321,391,395,396,400,429,640,647,844,1118,1146,1147,1204,1293,1348,1361,1397,1398,1401,1476,1477,1502,1528,1681,1682,1920,2109,2134,2465,2589,2627,2779,2808,2821,3037,3278,3724,3745,4832,5246,5249,5275,5276,5277,5531,5532,5954,5964,5976,5984,7318,7408,7460,7751,7816,7886,8041,8391,8583,8978,8979,8980,8981,8982,8983,8984,8985,
90;1;5390;5407;0;1,3,26,139,144,145,149,182,225,231,241,262,276,321,391,395,396,400,429,640,647,844,1118,1146,1147,1204,1293,1348,1361,1397,1398,1401,1476,1477,1502,1528,1681,1682,1920,2109,2134,2465,2589,2627,2779,2808,2821,3037,3278,3724,3745,4832,5246,5249,5275,5276,5277,5531,5532,5954,5964,5976,5984,7318,7408,7460,7751,7816,7886,8041,8391,8583,8978,8979,8980,8981,8982,8983,8984,8985,
72;0;5760;5857;0;1,3,26,139,144,145,149,182,225,231,241,262,276,321,391,395,396,400,429,529,598,640,647,844,1087,1118,1146,1147,1204,1290,1293,1348,1361,1397,1398,1401,1476,1477,1502,1528,1681,1682,1777,1920,2109,2134,2465,2589,2627,2779,2808,2821,3037,3278,3724,3745,4280,4832,5246,5249,5275,5276,5277,5531,5532,5705,5954,5964,5976,5984,7029,7318,7408,7460,7751,7816,8074,8075,8077,8115,
72;1;5857;5951;0;1,3,26,139,144,145,149,182,225,231,241,262,276,321,391,395,396,400,429,529,598,640,647,844,1087,1118,1146,1147,1204,1290,1293,1348,1361,1397,1398,1401,1476,1477,1502,1528,1681,1682,1777,1920,2109,2134,2465,2589,2627,2779,2808,2821,3037,3278,3724,3745,4280,4832,5246,5249,5275,5276,5277,5531,5532,5705,5954,5964,5976,5984,7029,7318,7360,7408,7460,7751,7816,8074,8075,8077,
31;0;5951;5995;0;1,3,26,95,139,144,145,149,182,225,231,241,262,276,321,337,391,395,396,400,429,529,598,640,647,680,681,765,844,849,1087,1118,1146,1147,1204,1290,1293,1348,1361,1397,1398,1401,1476,1477,1502,1528,1529,1681,1682,1777,1920,2109,2134,2465,2589,2627,2779,2808,2821,3037,3278,3529,3532,3724,3745,4280,4404,4405,4406,4407,4408,4409,4410,4411,4412,4832,5246,5249,5275,5531,
31;1;5995;6138;0;1,3,26,95,139,144,145,147,149,182,225,226,227,229,231,241,262,266,267,272,273,274,276,286,301,321,337,391,395,396,400,429,430,529,598,640,647,680,681,765,844,849,1058,1092,1094,1118,1137,1146,1147,1293,1361,1401,1447,1473,1476,1502,1528,1529,1819,1825,1832,1920,2109,2128,2247,2248,2382,2627,2808,3037,3532,4018,4031,4412,4423,4472,4832,5136,5531,5736,
120;0;6138;6258;0;1,3,26,95,139,144,145,147,149,182,192,225,226,227,229,231,241,262,266,267,272,273,274,276,286,301,321,337,391,395,396,400,429,430,495,529,598,640,647,680,681,765,844,849,1058,1092,1094,1118,1137,1146,1147,1293,1361,1401,1447,1473,1476,1502,1528,1529,1819,1825,1832,1849,1920,2109,2216,2247,2485,2627,2808,3037,3532,4357,4412,4489,4832,5110,5531,6766,
120;1;6258;6320;0;1,3,26,95,139,144,145,147,149,182,192,225,226,231,241,262,273,274,276,321,391,395,396,400,429,529,640,647,698,765,849,1058,1118,1146,1147,1293,1361,1401,1447,1476,1481,1502,1528,1529,1920,2109,2247,2318,2582,2627,2668,2713,2808,3037,3532,3581,4398,4412,4733,4734,4832,5531,5649,5721,6180,7227,7324,7801,7802,7804,7805,7806,7812,7814,7839,7840,7841,7842,7843,7844,
35;0;6320;6446;0;1,3,26,95,139,144,145,147,148,149,182,192,225,226,231,241,262,273,274,275,276,321,391,395,396,400,429,529,640,647,698,765,849,854,855,911,948,1058,1093,1118,1134,1146,1147,1293,1361,1401,1424,1447,1476,1481,1502,1528,1529,1751,1759,1808,1816,1920,2109,2223,2224,2247,2318,2582,2627,2668,2713,2808,2961,3034,3037,3532,3581,4398,4412,4733,4734,4832,5531,5649,
35;1;6446;6495;0;95,139,145,147,225,245,260,273,276,290,291,297,321,382,395,398,400,647,765,769,854,875,891,921,1023,1024,1118,1134,1146,1177,1236,1374,1417,1469,1474,1481,1501,1528,1529,1566,1567,1568,1569,1670,1675,1749,1756,1816,1920,1922,1973,2051,2222,2432,2627,2645,2674,2695,2723,3284,3581,3920,4323,4511,4552,5206,5351,5882,6184,6347,6348,6349,6350,6351,6352,6353,7215,7216,7218,7219,
649;0;6495;6663;0;95,139,145,147,225,245,260,273,276,290,291,297,321,382,395,398,400,647,765,769,854,875,891,921,1023,1024,1118,1134,1146,1177,1236,1374,1417,1469,1474,1481,1501,1528,1529,1566,1567,1568,1569,1670,1675,1749,1756,1816,1920,1922,1973,2051,2222,2432,2627,2645,2674,2695,2723,3284,3581,3920,4323,4511,4552,5206,5351,5882,6184,6347,6348,6349,6350,6351,6352,6353,7215,7216,7218,7219,
59;0;6663;6730;0;95,139,145,147,225,245,260,273,276,290,291,297,321,382,395,398,400,647,765,769,854,875,891,921,1023,1024,1118,1134,1146,1177,1236,1374,1417,1469,1474,1481,1501,1528,1529,1566,1567,1568,1569,1670,1675,1749,1756,1816,1920,1922,1973,2051,2222,2432,2627,2645,2674,2695,2723,3284,3581,3920,4323,4511,4552,5206,5351,5882,6184,6347,6348,6349,6350,6351,6352,6353,7215,7216,7218,7219,
59;1;7200;7295;0;89,94,95,139,145,147,225,245,273,276,290,291,297,321,382,395,398,400,586,647,765,769,770,833,834,838,854,890,891,1023,1024,1118,1146,1168,1417,1474,1481,1489,1519,1524,1528,1529,1567,1670,1816,1920,1922,1973,2602,2627,2645,2693,2721,2742,3260,3284,3511,3527,3581,3638,4537,4574,4732,4802,4937,4949,5339,5341,5342,5343,5344,5345,5346,5347,5451,5452,5453,5454,5455,5456,
652;0;7295;7455;0;89,94,95,139,145,147,225,245,251,273,276,290,291,297,321,382,395,398,400,586,647,765,769,770,833,834,838,854,890,891,1023,1024,1118,1146,1168,1270,1417,1474,1481,1489,1519,1524,1528,1529,1567,1670,1816,1920,1922,1973,2221,2263,2602,2627,2645,2693,2721,2742,2846,3260,3284,3511,3527,3581,3638,4537,4574,4732,4802,4937,4949,5339,5341,5342,5343,5344,5345,5346,5347,5451,
88;0;7455;7568;0;55,66,89,94,95,139,145,147,225,245,251,273,276,290,291,297,321,382,395,398,400,586,647,765,769,770,833,834,838,854,891,1023,1024,1118,1146,1196,1294,1306,1417,1474,1481,1489,1529,1567,1670,1816,1920,1922,1973,1994,1995,1996,1997,1998,1999,2000,2001,2002,2003,2004,2005,2006,2007,2008,2009,2010,2011,2012,2013,2014,2015,2602,2627,2645,3260,3284,4574,4732,4949,5344,
88;1;7568;7612;0;55,89,95,139,145,147,225,251,273,276,290,291,297,321,341,382,395,398,400,677,715,765,769,833,834,838,854,949,1073,1118,1146,1308,1395,1417,1451,1474,1481,1489,1529,1567,1670,1915,1922,1973,1999,2253,2338,2602,2627,2637,2645,2675,2677,2684,2686,2691,2770,2774,2775,2776,3284,3292,3534,4361,4365,4567,4635,5329,5344,7458,7626,8528,8686,8687,8688,8689,8690,8691,8692,8693,
76;0;7612;7763;0;4,55,89,95,139,141,145,147,225,251,273,276,288,290,291,297,321,341,382,390,395,398,400,677,715,765,769,833,834,838,854,949,1048,1051,1054,1073,1118,1145,1146,1308,1358,1395,1417,1451,1474,1481,1489,1529,1567,1604,1667,1670,1726,1915,1922,1941,1946,1947,1973,1999,2253,2338,2602,2627,2637,2645,2675,2677,2684,2686,2691,2770,2774,2775,2776,3284,3292,3534,4361,4365,
76;1;7763;7767;0;4,27,55,89,95,139,141,145,147,225,251,273,276,288,290,291,297,321,341,382,390,395,398,400,458,677,715,765,769,833,834,838,854,949,1048,1051,1054,1073,1118,1145,1146,1308,1358,1395,1417,1474,1481,1529,1567,1577,1670,1781,1782,1915,1922,1947,1973,1999,2268,2338,2602,2627,2645,2774,2775,2836,3056,3057,3058,3059,3060,3061,3062,3063,3064,3065,3066,3067,3068,3284,
513;0;7767;7918;0;4,27,55,89,95,139,141,144,145,147,225,251,273,276,277,288,290,291,297,321,341,382,390,395,398,400,458,677,715,765,769,833,834,838,854,948,949,1045,1048,1051,1054,1073,1118,1145,1146,1308,1358,1395,1417,1474,1478,1481,1529,1567,1577,1670,1781,1782,1915,1922,1947,1973,1999,2268,2338,2602,2627,2645,2774,2775,2836,3056,3057,3058,3059,3060,3061,3062,3063,3284,
230;0;7918;8015;0;117,137,233,268,271,273,288,290,291,292,351,398,400,428,558,591,839,979,1117,1118,1529,1540,1587,1752,1763,1915,1919,1974,2091,2092,2338,2573,2627,2645,2774,2775,2777,2778,2802,2803,2804,2805,2806,2807,2808,2809,2810,2811,2812,2813,3099,3133,3263,3267,3315,3636,3915,4469,4504,4565,4605,4606,4617,5049,5197,5340,5410,5733,5843,6223,6226,6329,6365,6366,8035,8036,8655,8975,8976,8977,
230;1;8015;8067;0;117,137,233,268,271,273,288,290,291,292,351,398,400,428,558,591,839,979,1117,1118,1529,1540,1587,1752,1763,1915,1919,1974,2091,2092,2338,2573,2627,2645,2774,2775,2777,2778,2802,2803,2804,2805,2806,2807,2808,2809,2810,2811,2812,2813,3099,3133,3263,3267,3315,3636,3915,4469,4504,4565,4605,4606,4617,5049,5197,5340,5410,5733,5843,6223,6226,6329,6365,6366,8035,8036,8655,8975,8976,8977,
686;0;8067;8204;0;117,137,233,268,271,273,288,290,291,292,351,398,400,428,558,591,839,979,1117,1118,1529,1540,1587,1752,1763,1915,1919,1974,2091,2092,2338,2573,2627,2645,2774,2775,2777,2778,2802,2803,2804,2805,2806,2807,2808,2809,2810,2811,2812,2813,3099,3133,3263,3267,3315,3636,3915,4469,4504,4565,4605,4606,4617,5049,5197,5340,5410,5733,5843,6223,6226,6329,6365,6366,8035,8036,8655,8975,8976,8977,
171;0;8204;8238;0;117,137,233,268,271,273,288,290,291,292,351,398,400,428,558,591,839,979,1117,1118,1529,1540,1587,1752,1763,1915,1919,1974,2091,2092,2338,2573,2627,2645,2774,2775,2777,2778,2802,2803,2804,2805,2806,2807,2808,2809,2810,2811,2812,2813,3099,3133,3263,3267,3315,3636,3915,4469,4504,4565,4605,4606,4617,5049,5197,5340,5410,5733,5843,6223,6226,6329,6365,6366,8035,8036,8655,8975,8976,8977,
171;1;8238;8339;0;117,137,233,268,271,273,288,290,291,292,351,398,400,428,558,591,839,979,1117,1118,1529,1540,1587,1752,1763,1915,1919,1974,2091,2092,2338,2573,2627,2645,2774,2775,2777,2778,2802,2803,2804,2805,2806,2807,2808,2809,2810,2811,2812,2813,3099,3133,3263,3267,3315,3636,3915,4469,4504,4565,4605,4606,4617,5049,5197,5340,5410,5733,5843,6223,6226,6329,6365,6366,8035,8036,8655,8975,8976,8977,
586;0;8339;8468;0;117,137,233,268,271,273,288,290,291,292,351,398,400,428,558,591,839,979,1117,1118,1529,1540,1587,1752,1763,1915,1919,1974,2091,2092,2338,2573,2627,2645,2774,2775,2777,2778,2802,2803,2804,2805,2806,2807,2808,2809,2810,2811,2812,2813,3099,3133,3263,3267,3315,3636,3915,4469,4504,4565,4605,4606,4617,5049,5197,5340,5410,5733,5843,6223,6226,6329,6365,6366,8035,8036,8655,8975,8976,8977,
Machine: 2
498;0;0;4;1;24,54,60,61,68,113,144,145,148,169,196,198,208,225,226,229,230,234,241,267,268,272,273,275,280,285,286,287,288,290,291,292,351,382,404,429,430,501,502,510,609,659,875,1075,1118,1281,1423,1560,1580,1671,1732,1973,2091,2246,2391,2436,2870,2924,3070,3099,3100,3101,3414,4135,4313,4316,4318,4364,4383,5053,5435,5496,6401,8158,8470,8475,8476,8477,8478,8479,
540;0;4;15;1;24,54,60,61,68,113,144,145,148,169,196,198,208,225,226,229,230,234,241,267,268,272,273,275,280,285,286,287,288,290,291,292,351,382,404,429,430,501,502,510,609,659,875,1075,1118,1281,1423,1560,1580,1671,1732,1973,2091,2246,2391,2436,2870,2924,3070,3099,3100,3101,3414,4135,4313,4316,4318,4364,4383,5053,5435,5496,6401,8158,8470,8475,8476,8477,8478,8479,
517;0;15;44;1;24,54,60,61,68,113,144,145,148,169,196,198,208,225,226,229,230,234,241,267,268,272,273,275,280,285,286,287,288,290,291,292,351,382,404,429,430,501,502,510,609,659,875,1075,1118,1281,1423,1560,1580,1671,1732,1973,2091,2246,2391,2436,2870,2924,3070,3099,3100,3101,3414,4135,4313,4316,4318,4364,4383,5053,5435,5496,6401,8158,8470,8475,8476,8477,8478,8479,
642;0;44;76;1;24,60,117,138,144,145,148,198,208,225,226,229,230,234,241,244,267,268,272,273,275,285,286,287,288,290,291,292,351,379,382,404,429,430,609,815,827,875,1075,1118,1236,1309,1395,1447,1502,1671,1718,1732,1914,1973,2091,2246,2337,2378,2391,2436,2674,3016,3070,3099,3100,3101,3102,3103,3104,3105,3106,3107,3108,3109,3110,3111,3112,3113,3114,3115,3116,3117,5053,6401,
503;0;76;131;1;24,60,100,117,138,144,145,148,198,208,225,226,229,230,234,241,244,267,268,272,273,275,285,286,287,288,290,291,292,351,379,382,404,429,430,609,666,715,815,827,862,875,1075,1118,1236,1309,1395,1447,1481,1482,1483,1502,1671,1718,1732,1914,1973,2052,2091,2246,2337,2378,2468,2475,2678,2903,3070,3108,4365,5053,5392,5525,5637,5722,5868,6022,6311,6312,6313,6401,
38;0;131;179;1;24,60,100,117,138,144,145,148,156,198,208,225,226,229,230,234,241,244,267,268,272,273,275,285,286,287,288,290,291,292,351,379,382,404,429,430,609,666,715,815,827,862,875,1075,1118,1236,1242,1293,1309,1395,1447,1481,1482,1502,1671,1718,1973,2091,2337,2475,2678,2849,2903,2957,3070,3108,3627,4026,4365,5053,5525,5637,5722,5868,6015,6022,6311,6312,6313,6401,
38;1;179;190;1;24,60,90,100,117,138,144,145,148,149,156,198,208,225,226,229,230,234,241,244,267,268,272,273,275,286,288,290,291,292,351,404,429,666,715,772,773,815,827,843,875,1118,1236,1242,1293,1309,1395,1481,1502,1671,1718,1922,1973,2091,2337,2475,2498,2678,2903,3070,3108,3627,4026,4365,4427,4728,4747,5053,5107,5108,5281,5525,5637,5722,5868,6022,6311,6312,6313,6401,
673;0;190;252;1;24,38,60,74,79,100,117,138,144,145,149,190,198,208,225,226,230,234,244,256,267,268,273,286,288,290,291,292,351,404,429,569,666,715,815,827,843,875,979,1118,1236,1242,1293,1309,1395,1481,1502,1587,1671,1718,1973,2091,2289,2305,2337,2475,2678,2903,3070,3108,3361,3577,3871,3872,3873,3874,3875,3876,3877,3878,3879,4026,4365,5053,5525,5637,5722,5868,6022,6401,
644;0;252;320;1;24,38,60,100,117,138,144,145,149,198,208,225,226,230,234,244,267,268,273,286,288,290,291,292,351,404,429,569,666,677,715,814,815,827,843,875,1118,1236,1242,1293,1309,1395,1481,1502,1529,1587,1671,1718,1973,2091,2305,2337,2475,2635,2661,2678,2802,2903,3070,3108,3361,3379,3527,4026,4365,4949,5053,5432,5525,5637,5722,5868,6022,6023,6024,6401,6496,6497,6498,6499,
58;0;320;350;1;24,38,60,100,117,138,144,145,149,198,208,225,226,230,234,244,267,268,273,286,288,290,291,292,351,404,429,569,666,677,715,814,815,827,843,875,1118,1236,1242,1293,1309,1395,1481,1502,1529,1587,1671,1718,1973,2091,2305,2337,2475,2635,2661,2678,2802,2903,3070,3108,3361,3379,3527,4026,4365,4949,5053,5432,5525,5637,5722,5868,6022,6023,6024,6401,6496,6497,7365,7652,
58;1;350;392;1;24,38,40,60,100,117,138,144,145,149,198,208,210,225,226,230,234,248,267,273,288,290,291,292,351,404,429,569,581,666,677,715,722,803,815,843,875,1118,1236,1242,1293,1309,1395,1481,1502,1529,1587,1671,1701,1718,1898,1973,2091,2273,2315,2337,2564,2635,2661,2903,2922,2968,3070,3108,3361,3861,4026,4949,5053,5097,5098,5099,5100,5432,5525,5637,5722,6023,6024,6401,
525;0;392;467;1;24,38,40,60,95,100,117,138,144,145,149,181,198,208,210,225,226,230,234,248,267,273,288,290,291,292,335,337,351,404,429,569,581,666,677,694,715,766,769,803,815,843,858,875,1118,1236,1242,1293,1309,1395,1481,1502,1529,1587,1671,1701,1718,1973,2091,2315,2337,2564,2627,2635,2661,2903,2968,3070,3108,3361,3583,4949,5053,5432,5525,5637,5722,6023,6024,6401,
577;0;467;572;1;24,38,40,60,95,100,117,138,144,145,149,181,198,208,210,225,226,230,234,248,267,273,288,290,291,292,335,351,404,429,569,581,666,677,694,715,766,769,803,815,843,875,1118,1236,1242,1293,1309,1395,1481,1502,1529,1587,1671,1701,1718,1973,2091,2315,2337,2564,2627,2635,2661,2774,2903,2968,3070,3108,3361,4567,4600,4949,5053,5432,5525,5637,5722,6023,6024,6401,
661;0;572;687;1;24,38,40,60,95,100,117,138,144,145,149,178,198,208,210,225,226,230,234,248,267,273,288,290,291,292,335,351,396,404,429,569,581,666,677,694,715,769,803,815,875,1118,1145,1146,1236,1242,1293,1309,1395,1481,1502,1529,1587,1671,1718,1941,1942,1944,1945,1973,2091,2315,2337,2564,2627,2635,2774,2903,2968,3070,3108,3361,4949,5053,5432,5525,5637,6023,6024,6401,
589;0;687;806;1;3,24,26,38,70,78,137,149,189,291,295,329,377,396,528,529,532,787,871,874,875,876,877,880,891,1133,1134,1145,1146,1148,1236,1268,1277,1285,1287,1288,1289,1293,1295,1540,1604,1702,1779,1783,1815,2053,2133,2175,2224,2263,2282,2471,2544,2696,2774,2868,3049,3448,3630,3691,3701,3702,3703,3716,3717,3814,3819,3820,3821,3822,4227,4428,4553,4996,5011,5206,5217,5218,5322,5338,
473;0;806;938;1;3,24,26,38,70,78,137,149,189,291,295,329,377,396,528,529,532,787,871,874,875,876,877,880,891,1133,1134,1145,1146,1148,1236,1268,1277,1285,1287,1288,1289,1293,1295,1540,1604,1702,1779,1783,1815,2053,2133,2175,2224,2263,2282,2471,2544,2696,2774,2868,3049,3448,3630,3691,3701,3702,3703,3716,3717,3814,3819,3820,3821,3822,4227,4428,4553,4996,5011,5206,5217,5218,5322,5338,
614;0;938;1074;1;3,24,26,38,70,78,137,149,189,291,295,329,377,396,528,529,532,787,871,874,875,876,877,880,891,1133,1134,1145,1146,1148,1236,1268,1277,1285,1287,1288,1289,1293,1295,1540,1604,1702,1779,1783,1815,2053,2133,2175,2224,2263,2282,2471,2544,2696,2774,2868,3049,3448,3630,3691,3701,3702,3703,3716,3717,3814,3819,3820,3821,3822,4227,4428,4553,4996,5011,5206,5217,5218,5322,5338,
70;0;1074;1151;1;3,24,26,38,70,78,137,149,189,291,295,329,377,396,528,529,532,787,871,874,875,876,877,880,891,1133,1134,1145,1146,1148,1236,1268,1277,1285,1287,1288,1289,1293,1295,1540,1604,1702,1779,1783,1815,2053,2133,2175,2224,2263,2282,2471,2544,2696,2774,2868,3049,3448,3630,3691,3701,3702,3703,3716,3717,3814,3819,3820,3821,3822,4227,4428,4553,4996,5011,5206,5217,5218,5322,5338,
70;1;1151;1225;1;3,24,26,38,70,78,137,149,189,291,295,329,377,396,528,529,532,787,871,874,875,876,877,880,891,1133,1134,1145,1146,1148,1236,1268,1277,1285,1287,1288,1289,1293,1295,1540,1604,1702,1779,1783,1815,2053,2133,2175,2224,2263,2282,2471,2544,2696,2774,2868,3049,3448,3630,3691,3701,3702,3703,3716,3717,3814,3819,3820,3821,3822,4227,4428,4553,4996,5011,5206,5217,5218,5322,5338,
127;0;1440;1526;1;3,24,26,38,70,78,137,149,189,247,291,295,329,377,396,528,529,532,558,577,600,787,871,874,875,876,877,880,891,1133,1134,1145,1146,1148,1221,1236,1268,1277,1285,1287,1288,1289,1290,1293,1295,1540,1592,1604,1651,1700,1702,1779,1783,1815,2053,2064,2133,2175,2224,2263,2282,2471,2512,2774,2868,3029,3050,3703,3717,3829,4440,4452,4813,5091,5092,5093,5094,5095,5096,5206,
127;1;1526;1613;1;3,24,26,38,46,70,78,137,149,189,247,291,295,329,377,396,528,529,532,558,577,600,787,871,874,875,876,877,880,891,1133,1134,1145,1146,1148,1221,1236,1268,1277,1285,1287,1288,1289,1290,1293,1295,1540,1592,1604,1651,1700,1702,1779,1783,1815,2053,2064,2133,2168,2175,2224,2263,2282,2471,2512,2774,2868,2937,3029,3050,3703,3717,3829,4440,4452,4813,5091,5092,5093,5206,
82;0;1613;1686;1;3,4,24,26,38,46,70,78,137,149,189,243,247,291,293,295,329,377,390,396,397,528,529,532,558,577,600,787,871,874,875,876,877,880,891,948,1051,1053,1133,1134,1145,1146,1148,1221,1236,1268,1277,1285,1287,1288,1289,1290,1293,1295,1362,1367,1540,1592,1604,1651,1700,1702,1779,1783,1814,2064,2105,2168,2224,2471,2510,2512,2774,2868,3703,3717,3829,5091,5206,5551,
82;1;1686;1806;1;3,4,24,26,38,46,70,78,137,145,149,189,243,247,291,293,295,329,351,377,390,396,397,528,529,532,558,577,600,640,787,871,874,875,876,877,880,891,948,1051,1053,1118,1133,1134,1145,1146,1148,1221,1236,1268,1277,1285,1287,1288,1289,1293,1295,1362,1540,1604,1814,2064,2168,2224,2471,2512,2645,2774,2775,2868,3263,3703,3717,3829,5051,5091,5206,5209,5409,6472,
101;0;1806;1969;1;3,4,7,8,24,26,38,46,70,78,95,137,138,145,149,189,243,247,288,291,293,295,329,351,377,390,392,394,396,397,398,528,529,532,640,787,871,875,880,891,948,1049,1050,1051,1053,1054,1055,1057,1118,1134,1145,1146,1236,1268,1277,1285,1287,1288,1289,1293,1295,1362,1604,1675,1814,2064,2168,2224,2471,2512,2645,2774,2775,2868,3263,3703,3717,3829,5091,5206,
101;1;1969;2003;1;3,7,8,24,26,38,40,46,95,137,145,149,189,193,198,247,255,288,291,295,329,351,362,363,377,390,392,394,396,397,398,528,561,640,732,871,880,891,948,978,1049,1050,1051,1053,1054,1057,1118,1134,1145,1146,1236,1277,1287,1289,1293,1295,1362,1814,2080,2089,2224,2512,2645,2774,2775,2868,3263,3606,3707,3717,3907,5091,5101,5206,6790,6791,6792,6793,6794,6795,
63;0;2003;2100;1;3,7,8,24,26,38,40,46,95,97,137,145,149,189,193,198,247,255,288,291,295,329,351,362,363,377,390,392,394,395,396,397,398,401,528,561,640,732,871,880,891,948,978,1049,1050,1051,1052,1053,1054,1057,1118,1134,1145,1146,1236,1277,1287,1289,1293,1295,1359,1362,1669,1814,2080,2089,2134,2224,2355,2426,2512,2645,2774,2775,2868,3263,3717,5091,5206,6791,
63;1;2100;2209;1;34,52,137,145,226,230,231,248,249,288,329,377,390,397,414,429,512,559,839,1085,1118,1270,1278,1587,1718,1726,1788,1809,1875,1884,2238,2338,2339,2504,2645,2774,2778,2872,2968,3070,3263,3369,3765,4492,4604,4605,4624,4710,4721,4864,5053,5150,5161,5191,5308,5468,5560,5894,5895,5898,5899,5901,6126,6128,6129,6254,6362,6363,6364,6373,6401,7009,7125,7877,7878,7879,7880,7881,7882,8510,
152;0;2209;2264;1;34,52,137,145,226,230,231,248,249,288,329,377,390,397,414,429,512,559,839,1085,1118,1270,1278,1587,1718,1726,1788,1809,1875,1884,2238,2338,2339,2504,2645,2774,2778,2872,2968,3070,3263,3369,3765,4492,4604,4605,4624,4710,4721,4864,5053,5150,5161,5191,5308,5468,5560,5894,5895,5898,5899,5901,6126,6128,6129,6254,6362,6363,6364,6373,6401,7009,7125,7877,7878,7879,7880,7881,7882,8510,
152;1;2264;2424;1;34,52,137,145,226,230,231,248,249,288,329,377,390,397,414,429,512,559,839,1085,1118,1270,1278,1587,1718,1726,1788,1809,1875,1884,2238,2338,2339,2504,2645,2774,2778,2872,2968,3070,3263,3369,3765,4492,4604,4605,4624,4710,4721,4864,5053,5150,5161,5191,5308,5468,5560,5894,5895,5898,5899,5901,6126,6128,6129,6254,6362,6363,6364,6373,6401,7009,7125,7877,7878,7879,7880,7881,7882,8510,
108;0;2424;2594;1;34,52,137,145,226,230,231,248,249,288,329,377,390,397,414,429,512,559,839,1085,1118,1270,1278,1587,1718,1726,1788,1809,1875,1884,2238,2338,2339,2504,2645,2774,2778,2872,2968,3070,3263,3369,3765,4492,4604,4605,4624,4710,4721,4864,5053,5150,5161,5191,5308,5468,5560,5894,5895,5898,5899,5901,6126,6128,6129,6254,6362,6363,6364,6373,6401,7009,7125,7877,7878,7879,7880,7881,7882,8510,
108;1;2880;2935;1;34,52,61,137,145,157,226,230,231,248,249,288,329,377,390,397,414,429,457,512,559,658,839,1085,1118,1270,1278,1587,1718,1726,1788,1809,1851,1875,1884,2238,2338,2339,2415,2416,2504,2645,2774,2778,2872,2968,3070,3263,3369,3765,4492,4604,4605,4624,4710,4721,4864,5053,5150,5161,5191,5308,5468,5560,5894,5895,5898,5899,5901,6126,6128,6129,6254,6362,6363,6364,6373,6401,7009,7879,
118;0;2935;3011;1;7,8,34,52,61,95,137,145,157,226,230,231,248,249,288,329,377,390,392,394,397,398,414,429,457,512,559,658,839,1049,1050,1051,1052,1053,1054,1057,1058,1059,1085,1118,1270,1278,1587,1718,1726,1788,1809,1851,1875,1884,2238,2338,2339,2415,2416,2504,2645,2774,2778,2872,2968,3070,3263,3369,3765,4492,4604,4605,4624,4710,4721,5894,5895,5898,5899,5901,6126,6128,6129,7879,
118;1;3011;3168;1;7,8,34,52,61,95,100,137,144,145,157,226,230,231,248,249,277,288,290,292,321,329,377,390,392,394,397,398,414,429,457,512,559,644,647,658,839,1049,1050,1051,1054,1057,1117,1118,1121,1146,1214,1270,1474,1478,1587,1718,1809,1814,1884,1978,2504,2645,2716,2774,2778,3070,3263,3387,3920,4604,4605,5206,5734,5894,5895,5898,5899,5901,6126,6128,6129,6347,6384,7879,
91;0;3168;3327;1;7,8,34,52,61,95,100,137,144,145,157,226,230,231,248,249,277,288,290,292,321,329,377,390,392,394,397,398,414,429,457,470,512,559,644,647,658,839,1049,1050,1051,1054,1057,1117,1118,1121,1146,1214,1270,1341,1474,1478,1587,1718,1809,1814,1884,1978,2504,2645,2716,2774,2778,3070,3263,3387,3920,4604,4605,5206,5734,5894,5895,5898,5899,5901,6126,6128,6129,7879,
91;1;3327;3420;1;7,26,34,61,95,100,137,144,145,226,231,255,277,288,290,292,321,329,377,390,397,398,429,457,528,644,647,1057,1117,1118,1146,1214,1269,1270,1275,1277,1279,1280,1287,1293,1295,1322,1341,1390,1474,1478,1587,1718,1809,1884,1893,2261,2577,2645,2774,2795,2842,2941,3263,3413,3831,3869,3986,4007,4021,4604,4605,5206,5894,5895,6957,6958,6959,6960,6961,6962,6963,6964,6965,6966,
24;0;3420;3521;1;7,26,27,34,61,95,100,137,144,145,189,226,231,247,255,277,288,290,292,321,329,377,390,397,398,429,457,528,644,647,734,1057,1117,1118,1146,1214,1269,1270,1275,1277,1279,1280,1287,1293,1295,1322,1341,1390,1474,1478,1587,1718,1809,1884,1893,2154,2261,2577,2645,2774,2795,2842,2941,3263,3413,3831,3869,3986,4007,4021,4604,4605,5206,5894,5895,6957,6958,6959,6960,6961,
24;1;3521;3680;1;7,15,24,26,34,54,60,61,95,100,137,144,145,189,208,226,231,277,288,292,321,329,377,390,397,398,429,457,581,644,647,742,871,1117,1118,1146,1214,1262,1280,1287,1293,1295,1341,1474,1478,1563,1587,1718,2062,2063,2216,2645,2876,3345,3346,3347,3686,3807,3808,3809,3810,3831,3986,4313,4314,4315,4316,4317,4318,5077,5206,5963,6013,6085,6720,6957,6961,8487,8546,8797,
191;0;3680;3752;0;7,15,24,26,34,54,60,61,95,100,137,144,145,189,208,226,231,277,288,292,321,329,377,390,397,398,429,457,581,644,647,742,871,1117,1118,1146,1214,1262,1280,1287,1293,1295,1341,1474,1478,1563,1587,1718,2062,2063,2216,2645,2876,3345,3346,3347,3686,3807,3808,3809,3810,3831,3986,4313,4314,4315,4316,4317,4318,5077,5206,5963,6013,6085,6720,6957,6961,8487,8546,8797,
191;1;3752;3803;0;7,15,24,26,34,54,60,61,95,100,137,144,145,189,208,226,231,277,288,292,321,329,377,390,397,398,429,457,581,644,647,742,871,1117,1118,1146,1214,1262,1280,1287,1293,1295,1341,1474,1478,1563,1587,1718,2062,2063,2216,2645,2876,3345,3346,3347,3686,3807,3808,3809,3810,3831,3986,4313,4314,4315,4316,4317,4318,5077,5206,5963,6013,6085,6720,6957,6961,8487,8546,8797,
52;0;3803;3951;1;7,15,24,26,34,54,60,61,95,100,137,144,145,189,208,226,231,277,288,292,321,329,377,390,397,398,429,457,581,644,647,742,871,1117,1118,1146,1214,1262,1280,1287,1293,1295,1341,1474,1478,1563,1587,1718,2062,2063,2216,2645,2876,3345,3346,3347,3686,3807,3808,3809,3810,3831,3986,4313,4314,4315,4316,4317,4318,5077,5206,5963,6013,6085,6720,6957,6961,8487,8546,8797,
52;1;3951;4071;1;7,15,24,26,34,54,60,61,95,100,137,144,145,189,208,226,231,277,288,292,321,329,377,390,397,398,429,457,581,644,647,742,871,1117,1118,1146,1214,1262,1280,1287,1293,1295,1341,1474,1478,1563,1587,1718,2062,2063,2216,2645,2876,3345,3346,3347,3686,3807,3808,3809,3810,3831,3986,4313,4314,4315,4316,4317,4318,5077,5206,5963,6013,6085,6720,6957,6961,8487,8546,8797,
684;0;4071;4149;0;7,15,24,26,34,54,60,61,95,100,137,144,145,189,208,226,231,277,288,292,321,329,377,390,397,398,429,457,581,644,647,742,871,1117,1118,1146,1214,1262,1280,1287,1293,1295,1341,1474,1478,1563,1587,1718,2062,2063,2216,2645,2876,3345,3346,3347,3686,3807,3808,3809,3810,3831,3986,4313,4314,4315,4316,4317,4318,5077,5206,5963,6013,6085,6720,6957,6961,8487,8546,8797,
128;0;4149;4317;0;7,15,24,26,34,54,60,61,95,100,137,144,145,189,208,226,231,277,288,292,321,329,377,390,397,398,429,457,581,644,647,742,871,1117,1118,1146,1214,1262,1280,1287,1293,1295,1341,1474,1478,1563,1587,1718,2062,2063,2216,2645,2876,3345,3346,3347,3686,3807,3808,3809,3810,3831,3986,4313,4314,4315,4316,4317,4318,5077,5206,5963,6013,6085,6720,6957,6961,8487,8546,8797,
128;1;4317;4492;0;7,15,24,26,34,54,60,61,95,100,137,144,145,189,208,226,231,277,288,292,321,329,377,390,397,398,429,457,581,644,647,742,871,1117,1118,1146,1214,1262,1280,1287,1293,1295,1341,1474,1478,1563,1587,1718,2062,2063,2216,2645,2876,3345,3346,3347,3686,3807,3808,3809,3810,3831,3986,4313,4314,4315,4316,4317,4318,5077,5206,5963,6013,6085,6720,6957,6961,8487,8546,8797,
184;0;4492;4641;0;7,15,19,24,25,26,34,42,50,51,54,60,61,95,100,137,144,145,189,208,226,231,277,288,292,321,329,377,390,397,398,429,457,581,644,647,742,871,1117,1118,1146,1214,1262,1280,1287,1293,1295,1341,1474,1478,1563,1587,1718,2062,2063,2216,2645,2876,3345,3346,3347,3348,3686,3807,3808,3809,3810,3831,3986,4313,4314,4315,4316,4317,4318,4908,5077,5206,6957,6961,
184;1;4641;4798;0;7,15,19,24,25,26,30,34,37,42,46,50,54,55,60,61,95,100,137,144,145,189,208,226,231,277,288,292,321,329,377,390,397,398,429,457,581,644,647,655,778,815,1114,1117,1118,1140,1146,1214,1280,1287,1293,1295,1304,1311,1336,1341,1474,1478,1587,1718,2216,2645,2876,3345,3347,3348,3831,3986,4122,4313,4317,5206,5825,6244,6784,6957,6961,8957,8958,8959,
217;0;4798;4942;0;7,24,25,26,34,54,55,60,61,95,100,137,144,145,189,208,226,231,277,288,292,321,329,343,377,390,397,398,429,457,644,647,666,677,694,715,778,1117,1118,1146,1214,1280,1287,1293,1295,1309,1341,1474,1478,1481,1529,1587,1843,2216,2628,2645,2651,2679,2821,2955,3015,3831,3986,4369,5206,5525,5637,5859,6023,6024,6225,6449,6450,6451,6452,6453,6454,6455,6957,6961,
217;1;4942;5090;0;24,26,61,95,100,144,189,234,288,295,329,343,377,397,398,400,404,607,644,887,911,949,1117,1146,1214,1280,1287,1289,1293,1295,1359,1474,1481,1529,1587,1973,2091,2092,2120,2216,2221,2233,2264,2279,2337,2341,2407,2628,2679,2715,2934,3005,3108,3700,3831,3870,3942,3986,4419,4420,4431,4753,4816,4859,5320,5637,5725,6332,6333,6334,6335,6336,6337,6869,6957,6961,7971,8332,8523,9074,
201;0;5090;5211;0;24,26,61,95,100,144,189,234,288,295,329,343,377,397,398,400,404,607,644,887,911,949,1117,1146,1214,1280,1287,1289,1293,1295,1359,1474,1481,1529,1587,1973,2091,2092,2120,2216,2221,2233,2264,2279,2337,2341,2407,2628,2679,2715,2934,3005,3108,3700,3831,3870,3942,3986,4419,4420,4431,4753,4816,4859,5320,5637,5725,6332,6333,6334,6335,6336,6337,6869,6957,6961,7971,8332,8523,9074,
201;1;5211;5336;0;24,26,61,95,100,144,189,234,288,295,329,343,377,397,398,400,404,607,644,887,911,949,1117,1146,1214,1280,1287,1289,1293,1295,1359,1474,1481,1529,1587,1973,2091,2092,2120,2216,2221,2233,2264,2279,2337,2341,2407,2628,2679,2715,2934,3005,3108,3700,3831,3870,3942,3986,4419,4420,4431,4753,4816,4859,5320,5637,5725,6332,6333,6334,6335,6336,6337,6869,6957,6961,7971,8332,8523,9074,
1;0;5760;5904;0;24,26,61,95,100,144,189,234,288,289,295,299,329,343,377,397,398,400,404,591,607,644,765,887,911,949,1019,1117,1146,1214,1280,1287,1289,1293,1295,1474,1481,1529,1587,2091,2216,2225,2233,2264,2318,2337,2405,2407,2625,2626,2627,2628,2629,2630,2631,2632,2634,2635,2637,2640,2642,2643,2644,2646,2652,2657,2663,2675,2679,2680,2686,2720,2721,2752,3108,3831,3870,3986,5637,6961,
1;1;5904;5998;0;24,26,28,35,38,61,95,100,144,150,175,189,196,202,234,288,289,329,343,374,377,397,398,400,404,569,591,949,995,1117,1146,1196,1214,1280,1284,1289,1293,1295,1474,1481,1529,1587,1693,1853,1984,1989,2091,2203,2216,2225,2318,2334,2337,2405,2407,2518,2519,2523,2527,2625,2626,2627,2628,2635,2679,2825,2826,2827,2829,2830,2831,2832,2833,2834,3108,3831,3870,3986,5637,6961,
113;0;5998;6129;0;24,26,28,35,38,61,95,100,144,150,175,189,196,202,234,288,289,329,343,374,377,397,398,400,404,569,591,949,995,1117,1146,1196,1214,1280,1284,1289,1293,1295,1332,1474,1481,1529,1587,1693,1853,1984,1989,2091,2203,2216,2225,2318,2334,2337,2405,2407,2410,2518,2519,2523,2527,2625,2626,2627,2628,2635,2679,2825,2868,3080,3108,3414,3767,3831,3870,3986,5091,5637,6961,8067,
113;1;6129;6227;0;24,26,28,35,38,61,95,100,144,150,175,189,196,202,234,288,289,329,343,374,377,397,398,400,404,569,591,949,995,1117,1146,1196,1214,1280,1284,1289,1293,1295,1332,1445,1474,1481,1529,1587,1693,1853,1984,1989,2091,2203,2225,2318,2337,2405,2407,2410,2519,2625,2626,2627,2628,2635,2679,3108,3414,3767,3831,3870,3986,4745,4746,5378,5381,5382,5383,5637,6216,6219,6220,6961,
215;0;6227;6295;0;24,26,28,35,38,61,95,100,144,150,164,175,189,196,202,234,288,289,329,343,374,377,397,398,400,404,569,591,949,995,1117,1146,1196,1214,1280,1284,1289,1293,1295,1332,1445,1474,1481,1529,1587,1693,1853,1984,1989,2091,2203,2225,2318,2337,2405,2407,2410,2519,2611,2625,2626,2627,2628,2635,2679,3108,3386,3414,3598,3767,3831,3870,3986,4462,4745,4746,5378,5637,6961,7003,
215;1;6295;6445;0;24,26,28,35,38,41,61,95,100,144,222,234,280,288,289,329,343,377,397,398,400,404,491,553,591,805,880,949,995,1117,1146,1196,1214,1242,1284,1289,1293,1294,1474,1481,1529,1587,1891,1930,1935,2070,2091,2225,2337,2405,2407,2513,2519,2627,2628,2679,2836,3108,3126,3831,3870,3888,3966,4187,4216,4352,4664,4738,4887,5117,5637,6907,6909,7105,7543,7544,7545,7546,7547,7548,
157;0;6445;6599;0;2,26,28,35,38,61,95,96,100,101,144,146,147,234,288,291,301,329,335,338,343,351,377,397,398,404,591,647,698,823,855,949,1093,1096,1097,1117,1146,1172,1178,1196,1214,1236,1293,1395,1473,1474,1476,1479,1481,1502,1529,1930,1972,2091,2225,2337,2405,2627,2628,2660,2679,2690,2951,2998,2999,3000,3001,3108,3831,4949,4989,5542,5633,5634,5635,5636,5637,5638,5639,5640,
157;1;6599;6654;0;2,26,28,35,38,61,95,96,100,101,144,146,147,234,288,291,301,329,335,338,343,351,377,397,398,404,591,647,698,823,855,949,1093,1096,1097,1117,1146,1172,1178,1196,1214,1236,1293,1395,1473,1474,1476,1479,1481,1502,1529,1930,1972,2091,2225,2337,2405,2627,2628,2660,2679,2690,2951,2998,2999,3000,3001,3108,3831,4949,4989,5542,5633,5634,5635,5636,5637,5638,5639,5640,
158;0;6654;6798;0;2,26,28,35,38,61,95,96,100,101,144,146,147,234,288,291,301,329,335,338,343,351,377,397,398,404,591,647,698,823,855,949,1093,1096,1097,1117,1146,1172,1178,1196,1214,1236,1293,1395,1473,1474,1476,1479,1481,1502,1529,1930,1972,2091,2225,2337,2405,2627,2628,2660,2679,2690,2951,2998,2999,3000,3001,3108,3831,4949,4989,5542,5633,5634,5635,5636,5637,5638,5639,5640,
158;1;7200;7244;0;2,25,26,28,34,35,38,55,61,95,96,100,101,144,146,147,234,288,291,301,329,335,338,343,351,366,377,397,398,404,457,509,551,591,647,698,778,823,855,949,1093,1096,1097,1117,1146,1172,1196,1214,1293,1473,1474,1476,1479,1481,1502,1529,1687,1849,1930,2091,2337,2405,2627,2628,2679,2690,2951,3108,3273,3831,5637,6424,6425,6426,6427,6428,6429,6430,6431,6432,
231;0;7244;7392;0;1,2,3,26,28,34,35,38,55,95,144,147,149,226,234,262,270,277,288,291,301,329,377,391,397,398,404,591,647,855,949,1069,1093,1146,1196,1204,1214,1293,1473,1474,1475,1476,1477,1479,1502,1599,1667,1803,1825,1930,2091,2109,2134,2337,2405,2451,3108,3278,3831,4033,4535,4857,4891,4902,4925,4926,4927,4928,4929,4930,4931,4932,4933,4934,4935,4936,4937,4938,4939,5296,
231;1;7392;7426;0;1,2,3,26,28,34,35,38,55,95,97,144,147,149,226,234,260,262,270,277,288,291,301,329,345,377,391,395,397,398,404,584,591,647,855,890,949,1069,1093,1146,1196,1204,1214,1293,1374,1473,1474,1475,1476,1477,1479,1502,1599,1667,1756,1803,1825,1930,2091,2109,2134,2337,2405,2451,2645,2988,3108,3278,3519,3699,3831,4033,4535,4934,4937,5867,6198,6199,6200,6201,
60;0;7426;7492;0;1,2,3,26,28,34,35,38,55,95,97,135,144,147,149,226,234,260,262,270,277,288,291,301,329,345,377,391,395,397,398,404,584,591,647,855,890,949,1069,1093,1146,1196,1204,1214,1293,1374,1473,1474,1475,1476,1477,1479,1502,1599,1667,1756,1803,1825,1930,2091,2109,2134,2337,2405,2451,2645,2988,3108,3278,3519,3699,3831,4033,4535,4934,4937,5867,6198,6199,6200,
60;1;7492;7604;0;1,2,3,26,28,34,35,38,55,95,97,135,144,147,149,197,226,234,260,262,270,277,288,291,301,329,345,377,391,395,397,398,404,466,584,591,647,826,855,890,949,1069,1093,1146,1196,1204,1214,1267,1293,1341,1374,1473,1474,1475,1476,1477,1479,1502,1599,1667,1756,1781,1803,1930,2091,2197,2337,2645,3410,3774,3831,4487,4488,4934,4937,5471,5682,7671,8836,8838,
678;0;7604;7779;0;2,7,26,28,34,35,38,55,95,137,139,142,143,144,145,147,149,234,262,277,288,291,292,301,321,329,377,390,395,397,398,404,429,439,591,647,838,854,855,927,948,949,1056,1062,1092,1093,1118,1146,1196,1293,1370,1373,1375,1474,1476,1479,1502,1803,1811,1930,2091,2337,2509,2531,2614,2645,2816,3286,3774,3831,4018,4545,4934,4937,6263,6413,6414,6415,6416,6417,
10;0;7779;7830;0;2,7,26,28,34,35,38,55,95,117,137,139,142,143,144,145,147,149,225,231,233,234,262,277,288,291,292,301,321,329,377,390,395,397,398,404,429,435,439,591,647,838,854,855,927,948,949,1056,1062,1092,1093,1118,1146,1196,1293,1370,1373,1375,1474,1476,1478,1479,1502,1669,1671,1803,1930,2091,2337,2645,2816,3774,3831,4547,4548,4630,4645,4934,4937,6393,
10;1;7830;7949;0;95,137,144,145,225,228,231,245,273,288,290,291,297,329,377,395,397,398,429,490,557,647,769,838,839,891,901,949,1024,1057,1118,1134,1146,1170,1474,1476,1484,1669,1750,1809,1884,1920,1944,2224,2400,2504,2645,2774,2778,3263,3435,3831,4552,4604,4605,4606,4612,4759,4800,5043,5206,5351,5706,5890,5891,5892,5894,5895,5898,5899,5901,6126,6127,6128,6129,6130,6184,7215,7216,7217,
596;0;7949;8117;0;95,137,144,145,225,228,231,245,273,288,290,291,297,329,377,395,397,398,429,490,557,647,769,838,839,891,901,949,1024,1057,1118,1134,1146,1170,1474,1476,1484,1669,1750,1809,1884,1920,1944,2224,2400,2504,2645,2774,2778,3263,3435,3831,4552,4604,4605,4606,4612,4759,4800,5043,5206,5351,5706,5890,5891,5892,5894,5895,5898,5899,5901,6126,6127,6128,6129,6130,6184,7215,7216,7217,
682;0;8117;8280;0;95,137,144,145,225,228,231,245,273,288,290,291,297,329,377,395,397,398,429,490,557,647,769,838,839,891,901,949,1024,1057,1118,1134,1146,1170,1474,1476,1484,1669,1750,1809,1884,1920,1944,2224,2400,2504,2645,2774,2778,3263,3435,3831,4552,4604,4605,4606,4612,4759,4800,5043,5206,5351,5706,5890,5891,5892,5894,5895,5898,5899,5901,6126,6127,6128,6129,6130,6184,7215,7216,7217,
Machine: 3
566;0;0;4;1;18,19,21,34,37,55,95,117,137,139,144,212,225,231,241,288,292,329,377,390,394,396,400,401,404,429,640,647,838,948,1146,1268,1269,1270,1272,1287,1313,1322,1363,1401,1474,1478,1480,1497,1551,1552,1553,1554,1555,1556,1557,1762,2091,2197,2381,2645,2774,2775,2776,2777,2778,3263,3435,3840,4502,4605,4606,4612,4759,4760,5305,5471,5499,5846,6244,7329,7658,8007,8011,8012,
182;0;4;181;0;18,19,21,34,37,55,95,117,137,139,144,212,225,231,241,288,292,329,377,390,394,396,400,401,404,429,640,647,838,948,1146,1268,1269,1270,1272,1287,1313,1322,1363,1401,1474,1478,1480,1497,1551,1552,1553,1554,1555,1556,1557,1762,2091,2197,2381,2645,2774,2775,2776,2777,2778,3263,3435,3840,4502,4605,4606,4612,4759,4760,5305,5471,5499,5846,6244,7329,7658,8007,8011,8012,
182;1;181;360;0;18,19,21,34,37,55,95,117,137,139,144,212,225,231,241,288,292,329,377,390,394,396,400,401,404,429,640,647,838,948,1146,1268,1269,1270,1272,1287,1313,1322,1363,1401,1474,1478,1480,1497,1551,1552,1553,1554,1555,1556,1557,1762,2091,2197,2381,2645,2774,2775,2776,2777,2778,3263,3435,3840,4502,4605,4606,4612,4759,4760,5305,5471,5499,5846,6244,7329,7658,8007,8011,8012,
5;0;360;538;0;18,19,21,34,37,55,95,117,137,139,144,212,225,231,241,288,292,329,377,390,394,396,400,401,404,429,640,647,838,948,1146,1268,1269,1270,1272,1287,1313,1322,1363,1401,1474,1478,1480,1497,1551,1552,1553,1554,1555,1556,1557,1762,2091,2197,2381,2645,2774,2775,2776,2777,2778,3263,3435,3840,4502,4605,4606,4612,4759,4760,5305,5471,5499,5846,6244,7329,7658,8007,8011,8012,
5;1;538;685;0;18,19,21,34,37,55,95,117,137,139,144,212,225,231,241,288,292,329,377,390,394,396,400,401,404,429,640,647,838,948,1146,1268,1269,1270,1272,1287,1313,1322,1363,1401,1474,1478,1480,1497,1551,1552,1553,1554,1555,1556,1557,1762,2091,2197,2381,2645,2774,2775,2776,2777,2778,3263,3435,3840,4502,4605,4606,4612,4759,4760,5305,5471,5499,5846,6244,7329,7658,8007,8011,8012,
183;0;685;848;0;18,19,21,26,34,37,55,95,117,128,137,139,144,212,225,231,241,288,292,329,377,390,394,396,400,401,404,429,640,647,838,948,1138,1146,1268,1269,1270,1272,1287,1288,1293,1294,1295,1313,1322,1363,1401,1474,1478,1480,1762,1781,2091,2197,2261,2262,2645,2774,2775,2776,2777,2778,2868,3263,3435,3837,4260,4502,4605,4606,5471,5846,6244,7658,8838,9020,9021,9022,9023,9024,
183;1;848;991;0;18,19,21,26,34,37,55,95,117,128,137,139,144,212,225,231,241,288,292,329,377,390,394,396,400,401,404,429,640,647,838,948,1138,1146,1268,1269,1270,1272,1287,1288,1293,1294,1295,1313,1322,1363,1401,1474,1478,1480,1762,1781,2091,2197,2261,2262,2645,2774,2775,2776,2777,2778,2868,3263,3435,3837,4260,4502,4605,4606,5471,5846,6244,7658,8838,9020,9021,9022,9023,9024,
78;0;991;1141;0;18,19,21,26,34,37,55,95,117,128,137,139,144,212,225,231,241,288,292,329,377,390,394,396,400,401,404,429,640,647,838,948,1138,1146,1268,1269,1270,1272,1287,1288,1293,1294,1295,1313,1322,1363,1401,1474,1478,1480,1762,1781,2091,2197,2261,2262,2645,2774,2775,2776,2777,2778,2868,3263,3435,3837,4260,4502,4605,4606,5471,5846,6244,7658,8838,9020,9021,9022,9023,9024,
78;1;1141;1285;0;18,19,21,26,34,37,55,95,117,128,137,139,144,212,225,231,241,288,292,329,377,390,394,396,400,401,404,429,640,647,838,948,1138,1146,1268,1269,1270,1272,1287,1288,1293,1294,1295,1313,1322,1363,1401,1474,1478,1480,1762,1781,2091,2197,2261,2262,2645,2774,2775,2776,2777,2778,2868,3263,3435,3837,4260,4502,4605,4606,5471,5846,6244,7658,8838,9020,9021,9022,9023,9024,
20;0;1285;1422;0;18,19,21,26,34,37,55,95,117,128,137,139,144,212,225,231,241,288,292,329,377,390,394,396,400,401,404,429,640,647,838,948,1138,1146,1268,1269,1270,1272,1287,1288,1293,1294,1295,1313,1322,1363,1401,1474,1478,1480,1762,1781,2091,2197,2261,2262,2645,2774,2775,2776,2777,2778,2868,3263,3435,3837,4260,4502,4605,4606,5471,5846,6244,7658,8838,9020,9021,9022,9023,9024,
20;1;1422;1554;0;18,19,21,26,34,37,55,95,117,128,137,139,144,212,225,231,241,288,292,329,377,390,394,396,400,401,404,429,640,647,838,948,1138,1146,1268,1269,1270,1272,1287,1288,1293,1294,1295,1313,1322,1363,1401,1474,1478,1480,1762,1781,2091,2197,2261,2262,2645,2774,2775,2776,2777,2778,2868,3263,3435,3837,4260,4502,4605,4606,5471,5846,6244,7658,8838,9020,9021,9022,9023,9024,
105;0;1554;1711;0;18,19,21,26,34,37,55,95,117,128,137,139,144,212,225,231,241,288,292,329,377,390,394,396,400,401,404,429,640,647,715,838,948,1138,1146,1268,1269,1270,1272,1287,1288,1293,1294,1295,1322,1363,1401,1474,1478,1480,1481,2091,2197,2645,2774,2775,2776,2777,2778,3263,3435,4605,4606,5471,6225,7213,7296,7301,7316,7658,7868,8199,8364,8581,8798,9125,9126,9127,9128,9129,
105;1;1711;1817;0;18,19,21,26,34,37,55,95,117,128,137,139,144,212,225,231,241,288,292,329,377,390,394,396,400,401,404,429,503,505,534,640,647,715,838,948,1063,1138,1146,1268,1269,1270,1272,1287,1288,1293,1294,1295,1322,1333,1363,1401,1474,1478,1480,1481,1659,2091,2197,2645,2774,2775,2776,2777,2778,3263,3435,4605,4606,5471,6225,7213,7296,7301,7316,7658,7868,8199,8364,8581,
12;0;1817;1974;0;18,19,21,26,34,37,55,95,117,128,137,139,144,212,225,231,241,288,292,329,377,390,394,395,396,400,401,404,429,503,505,534,640,647,715,838,854,855,911,948,1063,1118,1134,1146,1148,1173,1268,1269,1270,1287,1288,1293,1294,1295,1322,1363,1401,1474,1478,1480,1481,1484,2091,2103,2197,2645,2774,2775,2776,2777,2778,3263,3435,4605,4606,5471,5706,7296,7316,7658,
12;1;1974;2070;0;18,19,21,26,34,37,55,95,117,128,137,139,144,198,212,225,231,241,288,292,329,377,390,394,395,396,400,401,404,429,503,505,534,640,647,715,838,854,855,911,948,1015,1063,1118,1134,1146,1268,1269,1270,1287,1288,1293,1294,1295,1322,1363,1401,1474,1478,1480,1481,2091,2103,2197,2645,2774,2775,2776,2777,2778,3263,3435,4437,4605,4606,5290,5471,7296,7316,7658,
160;0;2070;2147;0;18,26,27,34,37,55,60,95,117,128,137,139,144,198,225,231,241,251,256,288,292,329,377,390,395,396,400,404,429,503,534,640,647,655,715,838,854,855,911,948,971,1118,1134,1146,1268,1269,1270,1287,1288,1293,1294,1295,1322,1401,1474,1478,1480,1481,1580,2036,2091,2103,2197,2555,2645,2774,2775,2776,2777,2778,3263,3396,3435,4605,4606,5471,7296,7316,7658,8128,
160;1;2147;2317;0;20,24,27,37,74,95,137,139,144,148,225,255,377,379,612,640,647,815,826,838,911,933,1036,1054,1117,1118,1146,1210,1267,1270,1286,1287,1293,1359,1361,1376,1390,1478,1685,1734,1736,1744,1751,1755,1811,1814,2091,2092,2197,2337,2530,3015,3037,3126,3286,3411,3630,3774,3979,4430,4487,4488,4545,5162,5174,5471,5682,6129,6399,6400,7408,7449,7658,7671,7790,7950,8059,8258,8259,8836,
133;0;2317;2406;0;20,24,27,37,74,95,137,139,144,148,225,255,377,379,612,640,647,815,826,838,911,933,1036,1054,1117,1118,1146,1210,1267,1270,1286,1287,1293,1359,1361,1376,1390,1478,1685,1734,1736,1744,1751,1755,1811,1814,2091,2092,2197,2337,2530,3015,3037,3126,3286,3411,3630,3774,3979,4430,4487,4488,4545,5162,5174,5471,5682,6129,6399,6400,7408,7449,7658,7671,7790,7950,8059,8258,8259,8836,
133;1;2406;2555;0;20,24,27,37,74,95,137,139,144,148,225,255,377,379,612,640,647,815,826,838,911,933,1036,1054,1117,1118,1146,1210,1267,1270,1286,1287,1293,1359,1361,1376,1390,1478,1685,1734,1736,1744,1751,1755,1811,1814,2091,2092,2197,2337,2530,3015,3037,3126,3286,3411,3630,3774,3979,4430,4487,4488,4545,5162,5174,5471,5682,6129,6399,6400,7408,7449,7658,7671,7790,7950,8059,8258,8259,8836,
42;0;2555;2712;0;20,24,27,37,74,95,137,139,144,148,225,255,377,379,612,640,647,815,826,838,911,933,1036,1054,1117,1118,1146,1210,1267,1270,1286,1287,1293,1359,1361,1376,1390,1478,1685,1734,1736,1744,1751,1755,1811,1814,2091,2092,2197,2337,2530,3015,3037,3126,3286,3411,3630,3774,3979,4430,4487,4488,4545,5162,5174,5471,5682,6129,6399,6400,7408,7449,7658,7671,7790,7950,8059,8258,8259,8836,
42;1;2880;2956;0;20,24,27,37,95,137,139,144,148,225,377,379,640,647,815,838,911,1054,1118,1146,1270,1286,1287,1293,1359,1390,1478,1744,1751,1811,1814,2091,2337,3037,3126,3310,3312,3472,3684,3686,4487,4488,5951,5952,5953,5954,5955,5957,5958,5959,5962,5963,5964,5965,5966,5968,5970,5975,5976,5978,5979,5980,5984,5985,5986,5987,5988,5991,5992,6375,6376,6377,6378,6379,6380,6381,6382,6383,6400,7658,
190;0;2956;3062;0;20,24,25,27,37,39,41,43,48,50,54,76,95,137,139,144,148,194,217,225,377,379,512,640,647,815,838,875,911,1054,1118,1146,1270,1286,1287,1293,1359,1390,1478,1744,1751,1811,1814,2091,2337,3037,3126,3310,3312,3472,3684,3686,4286,4487,4488,5513,5951,5952,5953,5954,5955,5957,5958,5959,5962,5963,5964,5965,5966,5968,5970,5975,5976,5980,5987,5992,6400,7243,7657,7658,
190;1;3062;3176;0;20,24,25,27,37,39,41,43,48,50,54,76,95,137,139,144,148,194,217,225,276,377,379,512,640,647,815,838,875,911,1054,1118,1146,1270,1286,1287,1293,1359,1390,1478,1744,1751,1811,1814,2091,2337,3037,3126,3310,3312,3472,3684,3686,4286,4487,4488,5513,5951,5952,5953,5954,5955,5957,5958,5959,5962,5963,5964,5965,5966,5968,5970,5975,5976,5980,5987,5992,6169,6171,6400,
54;0;3176;3304;0;20,24,25,27,37,39,41,43,48,50,54,76,95,137,139,144,148,194,217,225,276,377,379,512,640,647,815,838,875,911,1054,1118,1146,1270,1286,1287,1293,1359,1390,1478,1744,1751,1811,1814,2091,2337,3037,3126,3310,3312,3472,3684,3686,4286,4487,4488,5513,5951,5952,5953,5954,5955,5957,5958,5959,5962,5963,5964,5965,5966,5968,5970,5975,5976,5980,5987,5992,6400,8488,8489,
54;1;3304;3387;0;20,24,25,27,37,39,41,43,48,50,54,76,95,137,139,144,148,225,276,377,379,640,647,815,838,875,911,1054,1118,1270,1286,1287,1293,1359,1390,1478,1744,1751,1811,1814,2091,2337,3037,3126,4487,4488,5951,5959,5963,5966,5968,5976,5980,5987,5992,6357,6360,6400,6586,6882,7045,7138,7286,7484,7492,7496,7503,7507,7521,7522,7523,7524,7525,7527,7529,7530,7531,7532,7533,7534,
109;0;3387;3444;0;20,24,25,27,37,39,41,43,48,50,54,76,95,137,139,144,148,180,225,262,276,305,307,312,313,377,379,380,381,384,385,442,592,593,594,595,596,640,647,815,838,875,911,1054,1118,1270,1286,1287,1293,1359,1390,1478,1744,1751,1811,1814,2091,2337,3037,3126,4487,4488,5951,5959,5963,5966,5968,5976,5980,5987,5992,6357,6360,6400,6586,6882,7045,7138,7286,7484,
109;1;3444;3594;0;20,24,25,27,37,39,41,43,48,50,54,76,95,137,139,144,148,180,225,262,276,305,307,312,313,377,379,380,381,384,595,640,647,815,838,875,911,1054,1118,1270,1286,1287,1293,1359,1390,1478,1744,1751,1811,1814,2091,2174,2337,2419,2611,3037,3126,3269,3598,3797,4210,4439,4459,4460,4478,4479,4480,4481,4487,4488,5951,5959,5963,5966,5968,5976,5980,5987,5992,6400,
95;0;3594;3731;0;26,27,28,39,54,61,63,137,144,169,190,198,208,251,286,291,303,305,312,427,480,503,591,632,640,691,724,754,875,905,979,987,1071,1147,1266,1270,1275,1277,1284,1287,1288,1293,1580,1811,2051,2052,2091,2159,2163,2315,2326,2408,2531,2538,2552,2553,2554,2774,2775,2777,2778,2836,2958,3447,3703,3709,3785,3786,3787,3788,3789,3790,3791,3792,3814,3819,4383,4604,4606,6400,
95;1;3731;3793;0;26,27,28,39,54,61,63,137,144,169,190,198,208,251,286,291,303,305,312,427,480,503,591,632,640,691,724,754,875,905,979,987,1071,1147,1266,1270,1275,1277,1284,1287,1288,1293,1580,1811,2051,2052,2091,2159,2163,2315,2326,2408,2531,2538,2552,2553,2554,2774,2775,2777,2778,2836,2958,3447,3703,3709,3785,3786,3787,3788,3789,3790,3791,3792,3814,3819,4383,4604,4606,6400,
4;0;3793;3890;0;26,27,28,39,54,61,63,137,144,169,190,198,208,251,286,291,303,305,312,427,480,503,591,632,640,691,724,754,875,905,979,987,1071,1147,1266,1270,1275,1277,1284,1287,1288,1293,1580,1811,2051,2052,2091,2159,2163,2315,2326,2408,2531,2538,2552,2553,2554,2774,2775,2777,2778,2836,2958,3447,3703,3709,3785,3786,3787,3788,3789,3790,3791,3792,3814,3819,4383,4604,4606,6400,
4;1;3890;3987;0;26,27,28,39,54,61,63,137,144,169,190,198,208,251,286,291,303,305,312,427,480,503,591,632,640,691,724,754,875,905,979,987,1071,1147,1266,1270,1275,1277,1284,1287,1288,1293,1580,1811,2051,2052,2091,2159,2163,2315,2326,2408,2531,2538,2552,2553,2554,2774,2775,2777,2778,2836,2958,3447,3703,3709,3785,3786,3787,3788,3789,3790,3791,3792,3814,3819,4383,4604,4606,6400,
162;0;3987;4124;0;26,27,28,39,54,61,63,137,144,169,190,198,208,251,286,291,303,305,312,427,480,503,591,632,640,691,724,754,875,905,979,987,1071,1147,1266,1270,1275,1277,1284,1287,1288,1293,1580,1811,2051,2052,2091,2159,2163,2315,2326,2408,2531,2538,2552,2553,2554,2774,2775,2777,2778,2836,2958,3447,3703,3709,3785,3786,3787,3788,3789,3790,3791,3792,3814,3819,4383,4604,4606,6400,
162;1;4124;4176;0;26,27,28,39,54,61,63,137,144,169,190,198,208,251,286,291,303,305,312,427,480,503,591,632,640,691,724,754,875,905,979,987,1071,1147,1266,1270,1275,1277,1284,1287,1288,1293,1580,1811,2051,2052,2091,2159,2163,2315,2326,2408,2531,2538,2552,2553,2554,2774,2775,2777,2778,2836,2958,3447,3703,3709,3785,3786,3787,3788,3789,3790,3791,3792,3814,3819,4383,4604,4606,6400,
123;0;4176;4253;0;26,27,28,39,54,61,63,137,144,169,190,198,208,251,286,291,303,305,312,427,480,503,591,632,640,691,724,754,875,905,979,987,1071,1147,1266,1270,1275,1277,1284,1287,1288,1293,1580,1811,2051,2052,2091,2159,2163,2315,2326,2408,2531,2538,2552,2553,2554,2774,2775,2777,2778,2836,2958,3447,3703,3709,3785,3786,3787,3788,3789,3790,3791,3792,3814,3819,4383,4604,4606,6400,
123;1;4253;4359;0;26,27,28,39,54,61,63,137,144,169,190,198,208,251,286,291,303,305,312,427,480,503,591,632,640,691,724,754,875,905,979,987,1071,1147,1266,1270,1275,1277,1284,1287,1288,1293,1580,1811,2051,2052,2091,2159,2163,2315,2326,2408,2531,2538,2552,2553,2554,2774,2775,2777,2778,2836,2958,3447,3703,3709,3785,3786,3787,3788,3789,3790,3791,3792,3814,3819,4383,4604,4606,6400,
27;0;4359;4367;0;26,27,28,39,54,61,63,137,144,169,190,198,208,251,274,286,291,303,305,312,336,427,480,503,591,632,640,677,691,724,754,765,856,875,905,979,987,1071,1147,1266,1270,1275,1277,1284,1287,1288,1293,1580,1811,2051,2052,2091,2159,2163,2315,2326,2408,2531,2538,2552,2553,2554,2645,2689,2774,2775,2777,2778,2836,2958,3447,3703,3709,3715,3785,3786,3787,4604,4606,6400,
27;1;4367;4539;0;26,27,28,39,54,61,63,137,144,169,190,198,208,251,274,286,291,303,305,312,336,397,400,427,480,503,591,632,640,677,691,724,754,765,856,875,905,979,987,1071,1147,1266,1270,1275,1277,1284,1287,1288,1293,1580,1811,2051,2052,2091,2159,2163,2315,2326,2408,2531,2538,2552,2553,2554,2645,2689,2774,2775,2777,2778,2836,2958,3447,3703,3709,3715,3785,4604,4606,6400,
528;0;4539;4714;0;26,27,28,38,39,54,61,63,137,144,169,190,198,208,251,274,286,291,303,305,312,336,397,400,427,480,503,591,632,640,677,691,724,754,765,856,872,875,905,972,979,987,1071,1142,1147,1266,1270,1275,1277,1284,1287,1288,1293,1457,1462,1580,1811,2051,2052,2091,2159,2163,2315,2326,2408,2531,2538,2552,2553,2645,2689,2774,2775,2777,2778,2836,3703,4604,4606,6400,
602;0;4714;4888;0;26,27,28,38,39,54,61,63,137,144,169,190,198,208,251,274,286,291,303,305,312,336,397,400,427,480,503,591,632,640,677,691,724,754,765,856,872,875,905,972,979,987,1071,1142,1147,1266,1270,1275,1277,1284,1287,1288,1293,1457,1462,1463,1580,1716,1811,2051,2052,2091,2159,2163,2315,2553,2645,2689,2774,2775,2777,2778,2836,2894,2895,2896,3703,4604,4606,6400,
565;0;4888;5056;0;17,54,63,100,144,204,289,291,303,305,312,490,528,640,677,715,765,875,979,1011,1186,1196,1293,1294,1481,1561,1582,1811,1935,2003,2052,2091,2149,2221,2305,2315,2461,2475,2512,2626,2628,2765,2836,2903,2924,2940,2941,2959,4165,4229,4230,4319,4320,4321,5021,5525,5691,5722,5723,5795,6114,6115,6116,6117,6400,7379,7413,8159,8551,8559,9031,9041,9131,9137,9138,9139,9140,9141,9142,9143,
576;0;5056;5220;0;17,54,63,100,144,204,289,291,303,305,312,490,528,640,677,715,765,875,979,1011,1186,1196,1293,1294,1481,1561,1582,1811,1935,2003,2052,2091,2149,2221,2305,2315,2461,2475,2512,2626,2628,2765,2836,2903,2924,2940,2941,2959,4165,4229,4230,4319,4320,4321,5021,5525,5691,5722,5723,5795,6114,6115,6116,6117,6400,7379,7413,8159,8551,8559,9031,9041,9131,9137,9138,9139,9140,9141,9142,9143,
180;0;5220;5250;0;17,54,63,100,144,204,289,291,303,305,312,490,528,640,677,715,765,875,979,1011,1186,1196,1293,1294,1481,1561,1582,1811,1935,2003,2052,2091,2149,2221,2305,2315,2461,2475,2512,2626,2628,2765,2836,2903,2924,2940,2941,2959,4165,4229,4230,4319,4320,4321,5021,5525,5691,5722,5723,5795,6114,6115,6116,6117,6400,7379,7413,8159,8551,8559,9031,9041,9131,9137,9138,9139,9140,9141,9142,9143,
180;1;5250;5381;0;17,54,63,100,144,204,289,291,303,305,312,490,528,640,677,715,765,875,979,1011,1186,1196,1293,1294,1481,1561,1582,1811,1935,2003,2052,2091,2149,2221,2305,2315,2461,2475,2512,2626,2628,2765,2836,2903,2924,2940,2941,2959,4165,4229,4230,4319,4320,4321,5021,5525,5691,5722,5723,5795,6114,6115,6116,6117,6400,7379,7413,8159,8551,8559,9031,9041,9131,9137,9138,9139,9140,9141,9142,9143,
635;0;5381;5538;0;17,54,63,100,144,204,289,291,303,305,312,490,528,640,677,715,765,875,979,1011,1186,1196,1293,1294,1481,1561,1582,1811,1935,2003,2052,2091,2149,2221,2305,2315,2461,2475,2512,2626,2628,2765,2836,2903,2924,2940,2941,2959,4165,4229,4230,4319,4320,4321,5021,5525,5691,5722,5723,5795,6114,6115,6116,6117,6400,7379,7413,8159,8551,8559,9031,9041,9131,9137,9138,9139,9140,9141,9142,9143,
670;0;5538;5694;0;17,54,63,100,144,204,289,291,303,305,312,490,528,640,677,715,765,875,979,1011,1186,1196,1293,1294,1481,1561,1582,1811,1935,2003,2052,2091,2149,2221,2305,2315,2461,2475,2512,2626,2628,2765,2836,2903,2924,2940,2941,2959,4165,4229,4230,4319,4320,4321,5021,5525,5691,5722,5723,5795,6114,6115,6116,6117,6400,7379,7413,8159,8551,8559,9031,9041,9131,9137,9138,9139,9140,9141,9142,9143,
558;0;5694;5846;0;17,54,63,100,144,204,289,291,303,305,312,490,528,640,677,715,765,875,979,1011,1186,1196,1293,1294,1481,1561,1582,1811,1935,2003,2052,2091,2149,2221,2305,2315,2461,2475,2512,2626,2628,2765,2836,2903,2924,2940,2941,2959,4165,4229,4230,4319,4320,4321,5021,5525,5691,5722,5723,5795,6114,6115,6116,6117,6400,7379,7413,8159,8551,8559,9031,9041,9131,9137,9138,9139,9140,9141,9142,9143,
584;0;5846;5996;0;17,54,63,93,94,100,117,144,204,289,291,292,303,305,312,490,528,640,677,715,765,848,875,979,1011,1186,1196,1293,1294,1481,1516,1527,1529,1561,1582,1811,1935,2003,2052,2091,2149,2221,2305,2315,2318,2461,2475,2512,2626,2628,2661,2678,2679,2682,2765,2836,2941,3291,4608,4962,5392,5511,5525,5713,5723,6400,6597,7217,7296,7299,7319,8415,8551,9076,9077,9078,9079,9080,9081,9082,
143;0;5996;6048;0;17,54,60,63,93,94,100,117,144,204,289,291,292,303,305,312,490,528,640,677,715,727,765,848,875,979,1011,1186,1196,1293,1294,1481,1516,1527,1529,1561,1582,1811,1935,2003,2052,2075,2091,2149,2221,2305,2315,2318,2461,2475,2512,2626,2628,2661,2678,2679,2682,2765,2836,2941,3291,3380,4059,4060,4061,4608,4962,5392,5511,5525,5713,5723,6400,6597,7217,7296,7299,7319,8415,8551,
143;1;6048;6143;0;17,54,60,63,93,94,100,117,144,204,289,291,292,303,305,312,490,528,640,677,715,727,765,848,875,979,1011,1186,1196,1293,1294,1481,1516,1527,1529,1561,1582,1811,1935,2003,2052,2075,2091,2149,2221,2305,2315,2318,2461,2475,2512,2626,2628,2661,2678,2679,2682,2765,2836,2941,3291,3380,4059,4060,4061,4608,4962,5392,5434,5511,5525,5713,5723,6400,7217,7296,7299,7319,8415,8551,
638;0;6143;6282;0;17,54,60,63,93,94,100,117,144,204,225,234,245,267,289,291,292,303,305,310,312,313,314,438,490,528,640,677,715,727,765,848,875,979,1011,1171,1186,1196,1293,1294,1481,1516,1527,1529,1561,1582,1665,1811,1935,2003,2052,2091,2107,2221,2244,2315,2318,2475,2626,2628,2661,2678,2679,2941,3291,5153,5155,5224,5225,5226,5227,5228,5525,5723,7217,7296,7299,7319,8415,8551,
175;0;6282;6378;0;17,54,60,63,93,94,100,117,144,204,225,234,245,267,289,291,292,303,305,310,312,313,314,438,490,528,640,677,715,727,765,848,875,979,1011,1171,1186,1196,1293,1294,1481,1516,1527,1529,1561,1582,1665,1811,1935,2003,2091,2221,2315,2318,2475,2626,2628,2661,2678,2679,2941,3289,3291,5525,5723,7217,7296,7299,7319,8014,8170,8171,8174,8415,8429,8431,8551,9098,9099,9100,
175;1;6378;6418;0;17,54,60,63,93,94,100,117,144,204,225,234,245,267,289,291,292,303,305,310,312,313,314,438,490,528,640,645,677,715,727,765,848,875,979,1011,1050,1051,1171,1186,1196,1293,1294,1481,1516,1527,1529,1561,1582,1665,1811,1935,2003,2091,2221,2315,2318,2475,2509,2510,2626,2628,2661,2678,2679,2941,3289,3291,5525,5723,7217,7296,7299,7319,8014,8170,8171,8174,8415,8551,
2;0;6418;6430;0;17,26,54,60,63,93,94,100,117,144,204,225,234,245,267,289,291,292,303,305,310,312,313,314,438,490,528,640,645,677,715,727,765,848,875,979,1011,1050,1051,1171,1186,1268,1270,1287,1289,1293,1294,1481,1783,2091,2221,2264,2265,2315,2318,2475,2626,2628,2661,2678,2679,2941,3291,3606,4217,4277,4487,4488,4489,4490,4491,4492,5525,5723,7217,7296,7299,7319,8415,8551,
2;1;6430;6548;0;26,100,144,275,276,277,288,395,396,434,528,715,835,836,855,858,861,927,946,948,1134,1268,1277,1279,1288,1293,1294,1295,1322,1365,1595,1971,2080,2315,2475,2638,2658,2678,2729,2774,2778,2796,2986,3161,3581,3609,3618,4087,4567,4627,4733,5411,5605,5612,5748,5841,5853,5854,5855,5858,6145,6158,6957,7029,7071,7072,7073,7419,7420,7421,7422,7423,7424,7953,7954,8229,8277,8285,8589,8592,
146;0;6548;6564;0;26,100,144,275,276,277,288,395,396,434,528,715,835,836,855,858,861,927,946,948,1134,1268,1277,1279,1288,1293,1294,1295,1322,1365,1595,1971,2080,2315,2475,2638,2658,2678,2729,2774,2778,2796,2986,3161,3581,3609,3618,4087,4567,4627,4733,5411,5605,5612,5748,5841,5853,5854,5855,5858,6145,6158,6957,7029,7071,7072,7073,7419,7420,7421,7422,7423,7424,7953,7954,8229,8277,8285,8589,8592,
146;1;6564;6675;0;26,100,144,275,276,277,288,395,396,434,528,715,835,836,855,858,861,927,946,948,1134,1268,1277,1279,1288,1293,1294,1295,1322,1365,1595,1971,2080,2315,2475,2638,2658,2678,2729,2774,2778,2796,2986,3161,3581,3609,3618,4087,4567,4627,4733,5411,5605,5612,5748,5841,5853,5854,5855,5858,6145,6158,6957,7029,7071,7072,7073,7419,7420,7421,7422,7423,7424,7953,7954,8229,8277,8285,8589,8592,
202;0;6675;6703;0;26,100,144,275,276,277,288,395,396,434,528,715,835,836,855,858,861,927,946,948,1134,1268,1277,1279,1288,1293,1294,1295,1322,1365,1595,1971,2080,2315,2475,2638,2658,2678,2729,2774,2778,2796,2986,3161,3581,3609,3618,4087,4567,4627,4733,5411,5605,5612,5748,5841,5853,5854,5855,5858,6145,6158,6957,7029,7071,7072,7073,7419,7420,7421,7422,7423,7424,7953,7954,8229,8277,8285,8589,8592,
202;1;7200;7297;0;26,35,68,100,144,150,196,275,276,277,288,374,395,396,434,528,569,715,835,836,855,858,861,927,946,948,995,1134,1268,1277,1279,1288,1293,1294,1295,1322,1365,1595,1693,1853,1971,1984,1989,2080,2216,2315,2475,2518,2519,2520,2521,2522,2523,2524,2525,2526,2527,2528,2638,2658,2678,2729,2774,2778,2796,2986,3161,3581,3609,3618,4087,4567,4627,4733,5411,5605,6145,7423,7953,7954,
164;0;7297;7401;0;26,35,68,100,144,150,196,275,276,277,288,374,395,396,434,528,569,715,835,836,855,858,861,927,946,948,995,1134,1268,1277,1279,1288,1293,1294,1295,1322,1365,1595,1693,1853,1971,1984,1989,2080,2216,2315,2475,2518,2519,2520,2521,2522,2523,2524,2525,2526,2527,2528,2638,2658,2678,2729,2774,2778,2796,2986,3161,3581,3609,3618,4087,4567,4627,4733,6145,7423,7953,7954,8468,8469,
164;1;7401;7421;0;26,35,68,100,144,150,196,275,276,277,288,374,395,396,434,528,569,609,666,715,835,836,855,858,861,862,927,946,948,995,1134,1268,1277,1279,1288,1293,1294,1295,1322,1346,1365,1481,1595,1599,1693,1853,1971,1984,1989,2080,2216,2315,2339,2475,2518,2519,2520,2521,2658,2678,2689,2774,2778,3161,3618,4627,4645,5525,5530,5538,5637,5869,6145,6311,6314,6322,7423,7871,7953,7954,
507;0;7421;7542;0;26,35,68,100,144,150,196,275,276,277,288,374,395,396,434,528,569,609,666,715,835,836,855,858,861,862,871,927,946,948,995,1134,1268,1277,1279,1288,1293,1294,1295,1322,1346,1365,1481,1595,1599,1693,1853,1971,1984,1989,2080,2216,2315,2339,2475,2518,2519,2520,2521,2658,2678,2689,2774,2778,3126,3161,3618,4627,4645,5525,5530,5538,5637,5869,6145,6311,6314,7423,7953,7954,
46;0;7542;7564;0;26,35,61,68,100,144,150,196,275,276,277,288,359,374,395,396,409,434,528,569,609,666,715,835,836,855,858,861,862,871,927,946,948,995,1134,1268,1277,1279,1288,1293,1294,1295,1322,1346,1365,1481,1549,1595,1599,1651,1693,1853,1971,1984,1989,2080,2216,2315,2339,2518,2658,2678,2689,2774,2778,2844,2846,2848,2849,2850,3126,3161,3618,4627,4709,4710,6145,7423,7953,7954,
46;1;7564;7662;0;26,35,61,68,100,144,150,196,275,276,277,288,359,374,395,396,409,434,528,569,609,666,677,715,835,836,855,858,861,862,871,927,946,948,1134,1277,1279,1293,1295,1322,1481,1843,2216,2315,2518,2627,2635,2645,2653,2658,2678,2679,2689,2774,2775,2777,2778,3126,3161,3263,3516,3618,4604,4605,4606,4627,4639,4641,5232,5282,5283,5284,5285,5286,5287,5288,6145,7423,7953,7954,
647;0;7662;7777;0;26,35,61,68,88,100,144,150,196,275,276,277,288,337,359,374,395,396,409,434,528,569,609,666,677,715,765,835,836,843,855,858,861,862,871,927,946,948,1134,1277,1279,1293,1295,1322,1481,1518,1843,1972,2216,2315,2403,2518,2627,2631,2635,2645,2653,2658,2678,2679,2689,2774,2775,2777,2778,2898,3126,3161,3263,3618,4389,4604,4605,4606,4627,5337,6145,7423,7953,7954,
167;0;7777;7850;0;1,3,26,35,61,68,100,144,149,231,262,277,288,321,337,359,391,395,396,400,640,677,715,765,843,855,871,948,1134,1277,1279,1293,1295,1322,1397,1398,1401,1476,1477,1481,1502,1681,1682,1843,2109,2134,2216,2315,2518,2627,2635,2653,2658,2678,2689,2774,2775,2777,2778,2821,3126,3161,3263,3278,4604,4605,4606,4627,4832,4857,4927,5246,5249,5275,5276,5277,6145,7423,7953,7954,
167;1;7850;7889;0;1,3,26,35,51,61,68,100,144,149,231,262,277,288,321,337,359,391,395,396,400,632,640,677,715,765,843,855,871,948,1089,1134,1277,1279,1293,1295,1322,1397,1398,1401,1476,1477,1481,1502,1681,1682,1716,1843,2109,2134,2216,2315,2518,2627,2635,2653,2658,2678,2689,2774,2775,2777,2778,2821,3126,3161,3263,3278,3984,3985,4604,4605,4606,4627,4832,4857,6145,7423,7953,7954,
607;0;7889;7998;0;3,4,7,8,26,139,144,148,149,225,231,235,262,277,288,301,321,337,359,377,390,393,429,843,855,948,1051,1052,1093,1293,1322,1362,1398,1478,1604,1608,1681,1801,1806,1809,1814,1843,2216,2222,2627,2777,2778,2961,3293,3435,4371,4535,4553,4604,4627,4857,5951,5959,5963,5966,5968,5976,5980,5987,5992,6039,6040,6101,6107,6145,6151,6556,6583,6727,6729,7132,7134,7883,7953,7954,
643;0;7998;8103;0;3,4,7,8,26,139,144,148,149,225,231,235,262,277,288,301,321,337,359,377,390,393,429,843,855,948,1051,1052,1093,1293,1322,1362,1398,1478,1604,1608,1681,1801,1806,1809,1814,1843,2216,2222,2627,2777,2778,2961,3293,3435,4371,4535,4553,4604,4627,4857,5951,5959,5963,5966,5968,5976,5980,5987,5992,6039,6040,6101,6107,6145,6151,6556,6583,6727,6729,7132,7134,7883,7953,7954,
518;0;8103;8206;0;3,4,7,8,26,139,144,148,149,225,231,235,262,277,288,301,321,337,359,377,390,393,429,843,855,948,1051,1052,1093,1293,1322,1362,1398,1478,1604,1608,1681,1801,1806,1809,1814,1843,2216,2222,2627,2777,2778,2961,3293,3435,4371,4535,4553,4604,4627,4857,5951,5959,5963,5966,5968,5976,5980,5987,5992,6039,6040,6101,6107,6145,6151,6556,6583,6727,6729,7132,7134,7883,7953,7954,
134;0;8206;8300;0;3,4,7,8,26,139,144,148,149,225,231,235,262,277,288,301,321,337,359,377,390,393,429,843,855,948,1051,1052,1093,1293,1322,1362,1398,1478,1604,1608,1681,1801,1806,1809,1814,1843,2216,2222,2627,2777,2778,2961,3293,3435,4371,4535,4553,4604,4627,4857,5951,5959,5963,5966,5968,5976,5980,5987,5992,6039,6040,6101,6107,6145,6151,6556,6583,6727,6729,7132,7134,7883,7953,7954,
134;1;8300;8305;0;3,4,7,8,26,139,144,148,149,225,231,235,262,277,288,301,321,337,359,377,390,393,429,843,855,948,1051,1052,1093,1293,1322,1362,1398,1478,1604,1608,1681,1801,1806,1809,1814,1843,2216,2222,2627,2777,2778,2961,3293,3435,4371,4535,4553,4604,4627,4857,5951,5959,5963,5966,5968,5976,5980,5987,5992,6039,6040,6101,6107,6145,6151,6556,6583,6727,6729,7132,7134,7883,7953,7954,
Machine: 4
626;0;0;39;1;8,24,74,137,144,150,185,186,189,231,290,390,391,398,404,438,460,640,645,648,872,931,1146,1468,1473,1476,1669,1933,2092,2102,2108,2198,2337,2458,2645,2774,2775,2778,3099,3263,3651,3663,3679,3686,3690,3970,4600,4740,5053,5082,5340,5901,6003,6004,6005,6006,6007,6008,6009,6010,6011,6012,6013,6058,6475,7403,7404,7405,7406,8555,8557,8559,8642,9089,9090,9091,9092,9093,9094,9095,
583;0;39;80;1;8,24,74,137,144,150,185,186,189,231,290,390,391,398,404,438,460,640,645,648,872,931,1146,1468,1473,1476,1669,1933,2092,2102,2108,2198,2337,2458,2645,2774,2775,2778,3099,3263,3651,3663,3679,3686,3690,3970,4600,4740,5053,5082,5340,5901,6003,6004,6005,6006,6007,6008,6009,6010,6011,6012,6013,6058,6475,7403,7404,7405,7406,8555,8557,8559,8642,9089,9090,9091,9092,9093,9094,9095,
630;0;80;124;1;8,24,74,137,144,150,185,186,189,231,290,390,391,398,404,438,460,640,645,648,872,931,1146,1468,1473,1476,1669,1933,2092,2102,2108,2198,2337,2458,2645,2774,2775,2778,3099,3263,3651,3663,3679,3686,3690,3970,4600,4740,5053,5082,5340,5901,6003,6004,6005,6006,6007,6008,6009,6010,6011,6012,6013,6058,6475,7403,7404,7405,7406,8555,8557,8559,8642,9089,9090,9091,9092,9093,9094,9095,
137;0;124;128;1;8,24,74,137,144,150,185,186,189,231,290,390,391,398,404,438,460,640,645,648,872,931,1146,1468,1473,1476,1669,1933,2092,2102,2108,2198,2337,2458,2645,2774,2775,2778,3099,3263,3651,3663,3679,3686,3690,3970,4600,4740,5053,5082,5340,5901,6003,6004,6005,6006,6007,6008,6009,6010,6011,6012,6013,6058,6475,7403,7404,7405,7406,8555,8557,8559,8642,9089,9090,9091,9092,9093,9094,9095,
137;1;128;193;1;8,24,74,117,137,144,150,185,186,189,202,231,290,390,391,398,404,454,460,578,640,645,648,655,867,872,931,979,1068,1146,1152,1226,1473,1476,1511,1562,1669,1718,1875,1933,2198,2276,2337,2645,2774,2775,2778,2845,2921,2936,3004,3082,3099,3263,3612,3651,4074,4600,4740,5082,5175,5266,5290,5708,5927,6510,6568,6678,6776,7826,7975,8060,8061,8062,8063,8064,8065,8066,8256,8555,
509;0;193;266;1;8,24,74,117,137,144,150,185,186,189,202,231,290,390,391,395,398,404,454,460,578,640,645,648,655,867,872,931,979,1068,1146,1152,1226,1473,1476,1511,1562,1669,1718,1875,1933,2198,2276,2337,2467,2645,2774,2775,2778,2845,2921,2936,3004,3082,3099,3263,3612,3651,4074,4600,4740,5082,5175,5266,5290,5708,5927,6510,6568,6678,6776,7826,7975,8060,8061,8062,8063,8064,8065,8555,
56;0;266;427;0;144,177,262,267,272,273,287,288,289,290,291,295,303,305,306,308,313,395,398,434,442,595,890,891,892,893,894,895,896,897,898,899,900,901,902,903,904,905,906,907,908,909,910,911,912,913,915,916,917,918,919,920,921,922,923,924,925,926,927,928,929,930,931,932,933,934,935,936,937,938,939,940,941,942,943,3616,3617,3618,3619,3620,
56;1;427;591;0;28,144,177,262,267,272,273,287,288,289,290,291,295,303,305,306,308,313,395,398,434,442,595,890,891,892,893,894,895,896,897,898,899,900,901,902,903,904,905,906,907,908,909,910,911,912,913,915,916,917,918,919,920,921,922,923,924,925,926,927,928,929,930,931,932,933,934,935,936,938,1196,1463,1901,2089,2512,3274,3618,4270,4271,4272,
544;0;591;651;0;28,144,177,262,267,272,273,287,288,289,290,291,295,303,305,306,308,313,395,398,434,442,595,714,890,891,892,893,894,895,896,897,898,899,900,901,902,903,904,905,906,907,908,909,910,911,912,913,915,916,917,918,919,920,921,922,923,924,925,926,927,928,929,930,931,932,933,934,935,936,938,1196,1463,1901,2089,2512,3274,3618,4270,4271,
50;0;651;786;0;4,26,89,90,95,144,155,248,255,262,272,273,276,277,287,291,308,321,390,395,398,528,583,640,648,754,764,768,773,833,836,858,862,863,891,938,944,945,947,949,1046,1093,1146,1174,1214,1268,1269,1270,1275,1285,1286,1287,1288,1289,1293,1295,1363,1371,1463,1513,1524,1525,1532,1533,1534,1535,1536,1537,1538,1814,1920,2503,2559,5253,6514,6611,7012,7013,8461,8462,
50;1;786;961;0;4,26,89,90,95,144,155,248,255,262,272,273,276,277,287,291,308,321,390,395,398,528,583,640,648,754,764,768,773,833,836,858,862,863,891,938,944,945,947,949,1046,1093,1146,1174,1214,1268,1269,1270,1275,1285,1286,1287,1288,1289,1293,1295,1363,1371,1463,1513,1524,1525,1532,1533,1534,1535,1536,1537,1538,1814,1920,2503,2559,5253,6514,6611,7012,7013,8461,8462,
132;0;961;1055;0;4,26,89,90,95,144,155,248,255,262,272,273,276,277,287,291,308,321,390,395,398,528,583,640,648,754,764,768,773,833,836,858,862,863,891,938,944,945,947,949,1046,1093,1146,1174,1214,1268,1269,1270,1275,1285,1286,1287,1288,1289,1293,1295,1363,1371,1463,1513,1524,1525,1532,1533,1534,1535,1536,1537,1538,1814,1920,2503,2559,5253,6514,6611,7012,7013,8461,8462,
132;1;1055;1231;0;4,26,89,90,95,144,155,248,255,262,272,273,276,277,287,291,308,321,390,395,398,528,583,640,648,754,764,768,773,833,836,858,862,863,891,938,944,945,947,949,1046,1093,1146,1174,1214,1268,1269,1270,1275,1285,1286,1287,1288,1289,1293,1295,1363,1371,1463,1513,1524,1525,1532,1533,1534,1535,1536,1537,1538,1814,1920,2503,2559,5253,6514,6611,7012,7013,8461,8462,
179;0;1440;1610;0;4,26,55,89,90,95,144,155,248,255,262,272,273,276,277,287,291,308,321,390,395,398,499,528,583,640,648,754,764,768,773,833,836,858,862,863,891,938,944,945,947,949,1046,1093,1146,1174,1214,1268,1269,1270,1275,1285,1286,1287,1288,1289,1293,1295,1363,1463,1513,1525,1532,1533,1536,1537,1538,1814,1897,1920,2151,2827,3403,4435,4442,4468,5510,7889,7964,9017,
179;1;1610;1703;0;4,26,55,89,90,95,144,155,248,255,262,272,273,276,277,287,291,308,321,390,395,398,499,528,583,640,648,754,764,768,773,833,836,858,862,863,891,938,944,945,947,949,1046,1093,1146,1174,1214,1268,1269,1270,1275,1285,1286,1287,1288,1289,1293,1295,1363,1463,1513,1525,1532,1533,1536,1537,1538,1814,1897,1920,2151,2827,3403,4435,4442,6357,6360,6585,7478,7526,
204;0;1703;1800;0;4,89,90,95,100,144,262,272,273,276,277,287,291,308,390,395,398,640,666,715,765,768,773,814,833,836,858,862,863,891,938,944,945,949,1046,1093,1293,1352,1390,1463,1481,1513,1523,1525,1532,1533,1536,1537,1897,2635,2653,2678,2721,2802,2803,2812,3527,5336,5525,5530,5633,5637,5722,5868,6024,6308,6309,6310,6311,6312,6313,6314,6315,6316,6317,6318,6319,6320,6321,6322,
204;1;1800;1957;0;4,89,90,95,100,144,262,272,273,276,277,287,291,308,390,395,398,640,666,715,765,768,773,814,833,836,858,862,863,891,938,944,945,949,1046,1093,1293,1352,1390,1463,1481,1513,1523,1525,1532,1533,1536,1537,1897,2635,2653,2678,2721,2802,2803,2812,3311,3475,3498,3527,3664,3672,3681,3683,3685,3724,3725,5336,5525,5530,5633,5637,5722,5868,6024,6309,6310,6311,6312,6313,
205;0;1957;2104;0;4,62,89,90,95,100,144,198,262,272,273,276,277,287,291,308,390,395,398,640,666,715,765,768,773,814,833,836,858,862,863,891,938,944,945,949,995,1046,1093,1293,1352,1390,1463,1466,1481,1513,1525,1532,1533,1536,1537,1897,2555,2611,2678,2721,2839,2840,2841,2842,2843,3311,3475,3527,3664,3672,3681,3683,3685,5525,5530,5633,5637,5722,5868,6309,6310,6311,6312,6313,
205;1;2104;2205;0;4,17,95,97,100,102,144,202,225,234,262,268,272,273,276,277,286,287,291,299,302,308,310,351,390,395,398,479,504,607,640,765,858,891,938,949,1093,1143,1236,1390,1463,1481,1558,1624,1740,2225,2318,2413,2678,2683,2695,2836,2842,2876,2941,2942,3015,3698,3793,4283,4608,5392,5525,5530,5538,5637,5722,6022,6225,6309,6310,6311,6312,6313,6449,6746,7033,7034,8496,8497,
94;0;2205;2314;0;4,17,95,97,100,102,144,202,225,234,262,268,272,273,276,277,286,287,291,299,302,308,310,351,390,395,398,479,504,607,640,765,858,891,938,949,1093,1143,1236,1390,1463,1481,1558,1624,1740,2225,2318,2413,2678,2683,2695,2836,2842,2876,2941,2942,3015,3698,3793,4283,4608,5392,5525,5530,5538,5637,5722,6022,6225,6309,6310,6311,6312,6313,6449,6746,7033,7034,8496,8497,
94;1;2314;2445;0;4,17,95,97,100,102,144,202,225,234,262,268,272,273,276,277,286,287,291,299,302,308,310,351,390,395,398,479,504,607,640,765,858,891,938,949,1093,1143,1236,1390,1463,1481,1558,1624,1740,2225,2318,2413,2678,2683,2695,2836,2842,2876,2941,2942,3015,3698,3793,4283,4608,5392,5525,5530,5538,5637,5722,6022,6225,6309,6310,6311,6312,6313,6449,6746,7033,7034,8496,8497,
145;0;2445;2516;0;4,17,95,97,100,102,144,202,225,234,262,268,272,273,276,277,286,287,291,299,302,308,310,351,390,395,398,479,504,607,640,765,858,891,938,949,1093,1143,1236,1390,1463,1481,1558,1624,1740,2225,2318,2413,2678,2683,2695,2836,2842,2876,2941,2942,3015,3698,3793,4283,4608,5392,5525,5530,5538,5637,5722,6022,6225,6309,6310,6311,6312,6313,6449,6746,7033,7034,8496,8497,
145;1;2880;3039;0;4,17,95,97,100,102,144,202,225,234,262,268,272,273,276,277,286,287,291,299,302,308,310,351,390,395,398,479,504,591,607,640,677,765,858,891,938,949,1093,1143,1236,1390,1463,1481,1558,2225,2318,2413,2627,2645,2678,2679,2774,2775,2778,2836,2842,2941,3447,4332,4600,4604,4627,4852,4853,4854,4855,4856,4857,4858,4859,4860,5392,5525,5538,5637,5722,6022,6225,6746,
61;0;3039;3184;0;4,17,95,97,100,102,137,144,149,202,225,234,262,268,272,273,276,277,286,291,302,308,351,390,391,395,398,591,607,640,677,765,838,858,891,938,949,1056,1093,1117,1148,1164,1165,1166,1167,1169,1170,1171,1172,1176,1236,1359,1390,1463,1467,1481,1558,2225,2318,2413,2627,2645,2678,2679,2774,2775,2778,2836,2842,2941,4604,4855,5392,5525,5538,5637,5722,6022,6225,6746,
61;1;3184;3265;0;4,92,95,97,100,104,137,144,149,202,225,234,262,276,277,291,302,343,351,390,391,395,398,591,607,640,677,693,765,838,849,854,858,890,891,949,1093,1117,1170,1236,1359,1365,1390,1481,1558,1884,2318,2413,2459,2461,2627,2645,2661,2678,2679,2685,2774,2775,2778,2836,2842,2941,2986,3618,4369,4385,4387,4574,4604,4650,4728,4729,4730,4731,4732,4733,4734,4855,6022,6746,
193;0;3265;3395;0;4,92,95,97,100,104,137,144,149,202,225,234,251,262,276,277,291,302,343,351,364,390,391,395,398,540,591,607,640,677,693,765,838,849,854,858,890,891,949,1093,1117,1170,1236,1359,1365,1390,1481,1558,1884,2318,2412,2413,2459,2461,2564,2627,2645,2661,2678,2679,2685,2774,2775,2778,2836,2842,2941,2986,3618,4247,4327,4369,4385,4387,4574,4604,4650,4855,6022,6746,
193;1;3395;3487;0;4,48,92,95,97,100,104,137,144,149,202,225,234,251,262,276,277,291,302,343,351,364,390,391,395,398,540,591,607,640,677,693,765,838,849,854,858,890,891,949,973,1013,1047,1093,1117,1170,1236,1261,1359,1365,1390,1481,1558,1650,1884,2270,2318,2412,2413,2459,2461,2627,2645,2661,2678,2679,2774,2775,2778,2836,2842,2941,4574,4604,4855,5278,5279,5280,6022,6746,
168;0;3487;3519;0;4,48,92,95,97,100,104,137,144,149,202,225,234,251,262,276,277,291,302,343,351,364,390,391,395,398,430,540,591,607,640,677,693,765,838,849,854,858,890,891,949,973,1013,1047,1093,1117,1170,1236,1261,1359,1390,1481,1558,1884,2318,2412,2413,2461,2627,2645,2661,2663,2678,2679,2774,2775,2778,2836,2842,2941,4574,4604,4855,6022,6746,7296,8396,8826,8827,8828,
168;1;3519;3694;0;4,8,15,24,54,60,95,100,137,138,144,177,225,232,234,271,276,288,290,291,302,377,390,391,395,429,430,442,526,596,607,647,871,1054,1117,1118,1119,1236,1473,1481,1587,1763,1827,1843,1919,2052,2062,2063,2429,2474,2597,2842,3122,3345,3346,3348,3445,4088,4313,4314,4315,4316,4317,4318,4495,4545,4834,5011,5511,5516,5589,5590,6114,6746,6810,6872,9168,9169,9170,9171,
140;0;3694;3828;0;4,8,15,24,54,60,95,100,137,138,144,177,225,232,234,271,276,288,290,291,302,377,390,391,395,429,430,442,526,596,607,647,871,1054,1117,1118,1119,1236,1473,1481,1587,1763,1827,1843,1919,2052,2062,2063,2429,2474,2597,2842,3122,3345,3346,3348,3445,4088,4313,4314,4315,4316,4317,4318,4495,4545,4834,5011,5511,5516,5589,5590,6114,6746,6810,6872,9168,9169,9170,9171,
140;1;3828;3888;0;4,8,15,24,54,60,95,100,137,138,144,177,225,232,234,271,276,288,290,291,302,377,390,391,395,429,430,442,526,596,607,647,871,1054,1117,1118,1119,1236,1473,1481,1587,1763,1827,1843,1919,2052,2062,2063,2429,2474,2597,2842,3122,3345,3346,3348,3445,4088,4313,4314,4315,4316,4317,4318,4495,4545,4834,5011,5511,5516,5589,5590,6114,6746,6810,6872,9168,9169,9170,9171,
188;0;3888;4027;0;4,8,15,24,54,60,95,100,137,138,144,177,225,232,234,271,276,288,290,291,302,377,390,391,395,429,430,442,526,596,607,647,871,1054,1117,1118,1119,1236,1473,1481,1587,1763,1827,1843,1919,2052,2062,2063,2429,2474,2597,2842,3122,3345,3346,3348,3445,4088,4313,4314,4315,4316,4317,4318,4495,4545,4834,5011,5511,5516,5589,5590,6114,6746,6810,6872,9168,9169,9170,9171,
188;1;4320;4370;0;4,8,15,24,54,60,95,100,137,138,144,177,225,232,234,271,276,280,288,290,291,302,377,390,391,395,429,430,442,526,596,607,647,871,1054,1117,1118,1119,1236,1473,1481,1587,1763,1827,1843,1919,2052,2062,2315,2842,3304,3345,4545,4703,5011,5468,5477,5513,6114,6251,6252,6253,6446,6746,6986,6987,6988,6989,6990,6991,6992,6993,6994,6995,6996,6997,6998,6999,7000,7001,
14;0;4370;4520;0;4,8,15,24,54,60,95,100,137,138,144,177,225,232,234,271,276,280,288,290,291,302,377,390,391,395,402,404,429,430,442,526,596,607,647,871,1054,1117,1118,1119,1163,1236,1473,1481,1587,1763,1801,1827,1843,1919,2052,2062,2223,2315,2842,3304,3345,4545,4703,5011,5468,5477,5513,5650,6114,6251,6252,6253,6446,6746,6986,6987,6988,6989,6990,6991,6992,6993,6994,6995,
14;1;4520;4554;0;4,8,15,24,54,60,95,100,137,138,144,177,225,232,234,271,276,280,288,290,291,302,377,390,391,395,402,404,429,430,442,526,596,607,647,871,1054,1117,1118,1119,1163,1236,1360,1473,1481,1587,1763,1801,1827,1843,1919,2052,2062,2223,2315,2842,3304,3345,4545,4703,5011,5468,5477,5513,5650,6114,6251,6252,6253,6446,6746,6986,6987,6988,6989,6990,6991,6992,6993,6994,
144;0;4554;4727;0;4,8,15,24,54,60,95,100,137,138,144,177,225,232,234,271,276,280,288,290,291,302,377,390,391,395,402,404,429,430,442,526,596,607,647,871,1054,1117,1118,1119,1163,1236,1360,1473,1481,1587,1763,1801,1827,1843,1919,2052,2062,2223,2315,2842,3304,3345,4545,4703,5011,5468,5477,5513,5650,6114,6251,6252,6253,6446,6746,6986,6987,6988,6989,6990,6991,6992,9155,9156,
144;1;4727;4735;0;4,95,100,137,138,144,177,225,228,229,233,234,240,242,245,266,275,276,280,288,290,291,302,377,390,404,429,430,607,612,645,647,818,827,911,1075,1099,1117,1118,1163,1236,1309,1360,1472,1473,1481,1623,1661,1667,1843,1933,1973,2103,2223,2299,2432,2435,2440,3112,3345,3639,3640,3641,3642,3643,3644,3645,3646,3647,3648,3649,3650,3651,3652,3653,3654,3655,4545,5011,6746,
151;0;4735;4855;0;4,95,100,137,138,144,177,225,228,229,233,234,240,242,245,266,275,276,280,288,290,291,302,377,390,404,429,430,607,612,645,647,818,827,911,1075,1099,1117,1118,1163,1236,1309,1360,1472,1473,1481,1623,1661,1667,1843,1933,1973,2103,2223,2299,2432,2435,2440,3112,3345,3482,3639,3640,3641,3642,3643,3644,3645,3646,3647,3648,3649,3650,3651,4545,5011,5082,5984,6340,6746,
151;1;4855;4910;0;4,95,100,137,138,139,144,177,225,228,229,233,234,240,242,245,266,275,276,280,288,290,291,295,302,377,390,404,429,430,607,612,645,647,818,827,911,948,1075,1099,1117,1118,1133,1134,1163,1236,1309,1360,1361,1472,1473,1478,1481,1623,1661,1667,1843,1916,1933,1973,2053,2103,2223,2299,2338,2432,2435,2440,3112,3345,3482,3630,4545,4553,4754,4996,5011,5338,5984,6746,
555;0;4910;5085;0;4,19,20,34,38,40,46,76,95,100,137,138,139,144,177,225,228,229,233,234,240,242,245,266,275,276,280,288,290,291,295,302,364,377,390,404,429,430,476,546,607,612,645,647,778,818,827,911,948,1075,1099,1117,1118,1133,1134,1163,1236,1360,1361,1390,1473,1478,1481,1933,2053,2066,2091,2103,2197,2223,3345,3482,3630,3766,4545,4553,4645,5825,5984,6244,
156;0;5760;5884;0;3,4,38,100,137,140,144,225,231,262,270,276,288,290,291,292,351,377,386,398,404,429,647,678,694,920,926,948,1093,1117,1118,1170,1360,1378,1380,1475,1476,1477,1478,1501,1521,1762,2120,2127,2657,2815,2904,3712,4034,4093,4390,4470,4472,4545,4572,4573,4574,4575,4576,4577,4578,4579,4580,4581,4582,4583,4584,4585,4586,4587,4588,4589,4590,4591,4592,4593,4594,4595,4596,4597,
156;1;5884;5932;0;3,4,38,100,137,140,144,225,231,262,270,276,288,290,291,292,351,377,386,398,404,429,647,678,694,920,926,948,1093,1117,1118,1170,1360,1378,1380,1475,1476,1477,1478,1501,1521,1762,2120,2127,2657,2815,2904,3205,3207,3210,3218,3470,3492,3501,3712,4034,4093,4390,4470,4472,4545,4572,4573,4574,4575,4576,4577,4578,4579,4580,4581,4582,4583,4584,4585,4586,4596,8339,8340,8341,
606;0;5932;6100;0;3,4,38,100,137,140,144,145,149,225,231,262,270,276,277,288,290,291,292,351,377,386,398,404,429,640,647,678,694,920,926,948,1045,1093,1117,1118,1170,1360,1378,1380,1475,1476,1477,1478,1501,1521,1762,2120,2127,2657,2815,2904,3205,3207,3210,3218,3470,3492,3501,3712,4034,4093,4390,4470,4472,4545,4572,4573,4574,4575,4576,4577,4578,4579,4580,4581,4582,4583,4596,4721,
206;0;6100;6239;0;3,4,38,100,137,140,144,145,149,225,231,262,270,276,277,288,290,291,292,351,377,386,398,404,429,640,647,678,694,855,920,926,948,1045,1093,1117,1118,1170,1360,1378,1380,1475,1476,1477,1478,1501,1521,1670,1762,2120,2127,2657,2815,2904,3205,3207,3210,3218,3470,3492,3501,3712,4034,4093,4390,4470,4472,4545,4572,4573,4574,4575,4576,4577,4578,4579,4580,4581,4596,5139,
206;1;6239;6264;0;3,4,38,100,137,140,144,145,149,225,231,262,270,276,277,288,290,291,292,351,377,386,398,404,429,640,647,678,694,824,855,920,926,948,1045,1093,1117,1118,1170,1360,1378,1380,1475,1476,1477,1478,1501,1521,1670,1762,2120,2127,2253,2322,2645,2657,2777,2778,2789,2815,2816,2904,3099,3111,3470,4397,4470,4472,4545,4596,4604,4606,4771,4855,9121,9123,9124,9152,9153,9154,
25;0;6264;6278;0;3,4,38,100,137,140,144,145,149,169,206,225,231,251,262,270,276,277,288,290,291,292,351,377,386,398,404,429,483,502,506,516,569,640,647,678,694,824,855,872,920,926,948,1045,1093,1117,1118,1170,1360,1378,1380,1475,1476,1477,1478,1501,1521,1670,1762,2120,2127,2253,2322,2412,2645,2657,2777,2778,2789,2815,2816,2904,3099,3111,3470,4470,4472,4545,4596,5464,
25;1;6278;6425;0;3,4,38,100,137,140,144,145,149,169,206,225,231,251,262,270,276,277,288,290,291,292,351,377,386,398,404,429,483,502,506,516,569,591,640,647,678,694,824,854,855,872,920,926,948,949,1045,1093,1117,1118,1170,1360,1378,1380,1474,1475,1476,1477,1478,1493,1501,1809,2253,2645,2777,2778,2815,2816,2904,3284,3470,4398,4470,4472,4511,4545,4596,4673,4674,4675,
559;0;6425;6582;0;3,4,38,89,90,137,144,145,149,206,225,231,276,277,288,292,314,351,377,398,404,429,516,640,647,768,773,831,833,836,858,862,863,944,945,948,949,1046,1058,1093,1117,1474,1478,1513,1525,1532,1533,1536,1537,1539,1540,1669,1768,2253,2645,2774,2775,2778,2780,2816,2904,2943,2950,3263,4018,4545,4564,4675,4740,4805,8014,8551,8555,9032,9075,9101,9102,9103,9104,9105,
531;0;6582;6738;0;3,4,38,89,90,137,144,145,149,206,225,231,276,277,288,292,314,351,377,398,404,429,516,640,647,768,773,831,833,836,858,862,863,944,945,948,949,1046,1058,1093,1117,1474,1478,1513,1525,1532,1533,1536,1537,1539,1540,1669,1768,2253,2645,2774,2775,2778,2780,2816,2904,2943,2950,3263,4018,4545,4564,4675,4740,4805,8014,8551,8555,9032,9075,9101,9102,9103,9104,9105,
671;0;6738;6890;0;3,4,38,89,90,137,144,145,149,206,225,231,276,277,288,292,314,351,377,398,404,429,516,640,647,768,773,831,833,836,858,862,863,944,945,948,949,1046,1058,1093,1117,1474,1478,1513,1525,1532,1533,1536,1537,1539,1540,1669,1768,2253,2645,2774,2775,2778,2780,2816,2904,2943,2950,3263,4018,4545,4564,4675,4740,4805,8014,8551,8555,9032,9075,9101,9102,9103,9104,9105,
471;0;7200;7347;0;3,4,27,38,61,89,90,137,144,145,149,205,206,225,231,276,277,288,292,314,351,377,398,404,429,516,640,647,768,773,831,833,836,858,862,863,944,945,948,949,1046,1058,1093,1117,1293,1425,1474,1478,1540,1541,1558,1580,1596,1768,1897,1935,2022,2253,2645,2774,2775,2778,2780,2904,2950,3263,3314,3345,3778,4436,4437,4482,4483,4484,4485,4486,4545,4675,4740,9032,
44;0;7347;7372;0;3,4,27,38,61,89,90,137,144,145,149,205,206,225,231,276,277,288,292,314,321,351,377,398,404,429,516,640,647,768,773,831,833,836,858,862,863,944,945,948,949,1046,1058,1093,1117,1163,1293,1361,1425,1474,1478,1540,1541,1558,1580,1596,1768,1802,1808,1897,1935,2022,2053,2223,2253,2645,2774,2775,2778,2780,2904,2950,3263,3314,3337,3345,4545,4675,4740,9032,
44;1;7372;7487;0;3,4,26,27,38,61,89,90,137,144,145,149,205,206,225,231,276,277,288,292,314,321,351,368,377,398,404,429,516,640,647,768,773,831,833,836,858,862,863,944,945,948,949,1046,1058,1093,1117,1163,1266,1277,1288,1293,1361,1425,1474,1478,1540,1558,1580,1768,2053,2223,2253,2645,2774,2775,2778,2780,2904,2950,3263,3307,3337,4514,4545,4675,4740,7890,7891,9032,
537;0;7487;7623;0;3,4,26,27,38,61,89,90,137,144,145,149,205,206,225,231,276,277,288,292,314,321,351,368,377,398,404,429,516,640,647,768,773,831,833,836,858,862,863,944,945,948,949,1046,1058,1093,1117,1163,1266,1277,1288,1293,1361,1425,1474,1478,1540,1558,1580,1768,2053,2223,2253,2645,2774,2775,2778,2780,2904,2950,3263,3337,4514,4545,4675,4740,7397,7444,7445,9032,
69;0;7623;7657;0;3,4,26,27,38,61,97,137,144,145,149,206,225,231,276,277,288,292,302,314,321,351,377,382,398,404,429,516,640,647,681,863,904,944,945,948,949,1093,1117,1163,1277,1293,1425,1430,1473,1474,1478,1540,1558,1674,1768,1800,2053,2109,2141,2223,2643,2645,2774,2775,2778,2780,2818,2821,2904,2950,3263,4514,4538,4545,4675,4889,4892,4895,4896,4898,4899,5214,5215,5216,
69;1;7657;7756;0;3,4,26,27,38,61,97,137,144,145,149,206,225,231,276,277,288,289,292,294,302,314,321,351,377,382,398,404,429,516,640,647,681,769,863,904,944,945,948,949,1093,1117,1163,1277,1293,1425,1430,1473,1474,1478,1540,1558,1567,1768,2053,2223,2543,2643,2645,2774,2775,2778,2780,2897,2898,2900,2901,2904,2905,2907,2909,2910,2911,2913,2950,3262,3263,3378,4514,4545,
549;0;7756;7886;0;3,4,26,27,38,55,61,97,137,144,145,149,188,206,208,225,231,276,277,288,289,292,294,302,314,321,351,377,382,398,404,429,490,491,516,547,640,647,681,736,769,796,863,904,944,945,948,949,965,1093,1117,1163,1277,1283,1293,1425,1430,1473,1474,1478,1540,1558,1567,1768,2053,2223,2305,2643,2645,2774,2775,2778,2780,2904,2950,3263,3993,4514,4545,5857,
224;0;7886;7927;0;2,4,95,137,139,144,177,225,269,276,277,288,377,396,397,677,698,764,766,841,843,948,952,1070,1093,1116,1207,1268,1277,1293,1294,1295,1322,1447,1473,1481,1538,1666,1668,1752,1922,2263,2354,2407,2498,2561,2562,2626,2661,2904,2949,2950,2951,2952,2953,2954,2955,2956,3608,3630,3631,3632,3633,3634,3635,3636,3637,3638,4545,4956,4957,4958,4959,4960,4961,4962,4963,5230,5274,7332,
224;1;7927;8013;0;2,4,95,137,139,144,177,225,269,276,277,288,377,396,397,677,698,764,766,841,843,948,952,1070,1093,1116,1207,1268,1277,1293,1294,1295,1322,1447,1473,1481,1538,1666,1668,1752,1922,2263,2354,2407,2498,2561,2562,2626,2661,2904,2949,2950,2951,2952,2953,2954,2955,2956,3608,3630,3631,3632,3633,3634,3635,3636,3637,3638,4545,4956,4957,4958,4959,4960,4961,4962,4963,5230,5274,7332,
225;0;8013;8057;0;2,4,95,137,139,144,177,225,269,276,277,288,377,396,397,677,698,764,766,841,843,948,952,1070,1093,1116,1207,1268,1277,1293,1294,1295,1322,1447,1473,1481,1538,1666,1668,1752,1922,2263,2354,2407,2498,2561,2562,2626,2661,2904,2949,2950,2951,2952,2953,2954,2955,2956,3608,3630,3631,3632,3633,3634,3635,3636,3637,3638,4545,4956,4957,4958,4959,4960,4961,4962,4963,5230,5274,7332,
225;1;8057;8138;0;2,4,95,137,139,144,177,225,269,276,277,288,377,396,397,677,698,764,766,841,843,948,952,1070,1093,1116,1207,1268,1277,1293,1294,1295,1322,1447,1473,1481,1538,1666,1668,1752,1922,2263,2354,2407,2498,2561,2562,2626,2661,2904,2949,2950,2951,2952,2953,2954,2955,2956,3608,3630,3631,3632,3633,3634,3635,3636,3637,3638,4545,4956,4957,4958,4959,4960,4961,4962,4963,5230,5274,7332,
472;0;8138;8262;0;2,4,95,137,139,144,177,225,269,276,277,288,377,396,397,677,698,764,766,841,843,948,952,1070,1093,1116,1207,1268,1277,1293,1294,1295,1322,1447,1473,1481,1538,1666,1668,1752,1922,2263,2354,2407,2498,2561,2562,2626,2661,2904,2949,2950,2951,2952,2953,2954,2955,2956,3608,3630,3631,3632,3633,3634,3635,3636,3637,3638,4545,4956,4957,4958,4959,4960,4961,4962,4963,5230,5274,7332,
Machine: 5
663;0;0;41;1;24,27,28,46,55,76,95,144,191,255,297,359,393,408,415,460,503,578,579,677,724,814,827,899,979,1050,1051,1096,1097,1378,1481,1549,1562,1587,1668,1725,1726,1727,1728,1729,1730,1731,1732,1733,2018,2074,2090,2198,2199,2468,2644,2661,2690,2847,2848,2890,3246,3449,3808,3978,3979,4114,4273,4991,5525,5530,5600,5637,5640,5644,5722,5868,6024,6025,6099,6496,6561,6562,6563,6564,
545;0;41;92;1;24,27,28,46,55,76,95,144,191,255,297,359,393,408,415,460,503,578,579,677,724,814,827,899,979,1050,1051,1096,1097,1378,1481,1549,1562,1587,1668,1725,1726,1727,1728,1729,1730,1731,1732,1733,2018,2074,2090,2198,2199,2468,2644,2661,2690,2847,2848,2890,3246,3449,3808,3978,3979,4114,4273,4991,5525,5530,5600,5637,5640,5644,5722,5868,6024,6025,6099,6496,6561,6562,6563,6564,
172;0;92;141;1;24,27,28,46,55,76,95,144,191,255,297,359,393,408,415,460,503,578,579,677,724,814,827,899,979,1050,1051,1096,1097,1378,1481,1549,1562,1587,1668,1725,1726,1727,1728,1729,1730,1731,1732,1733,2018,2074,2090,2198,2199,2468,2644,2661,2690,2847,2848,2890,3246,3449,3808,3978,3979,4114,4273,4991,5525,5530,5600,5637,5640,5644,5722,5868,6024,6025,6099,6496,6561,6562,6563,6564,
172;1;141;145;1;24,27,28,46,55,76,95,144,191,255,297,359,393,408,415,460,503,578,579,677,724,814,827,899,979,1050,1051,1096,1097,1378,1481,1549,1562,1587,1668,1725,1726,1727,1728,1729,1730,1731,1732,1733,2018,2074,2090,2198,2199,2468,2644,2661,2690,2847,2848,2890,3246,3449,3808,3978,3979,4114,4273,4991,5525,5530,5600,5637,5640,5644,5722,5868,6024,6025,6099,6496,6561,6562,6563,6564,
84;0;145;297;0;24,27,28,46,55,76,95,144,191,255,297,359,393,408,415,460,503,578,579,677,724,814,827,899,979,1050,1051,1096,1097,1378,1481,1549,1562,1587,1668,1725,1726,1727,1728,1729,1730,1731,1732,1733,2018,2074,2090,2198,2199,2468,2644,2661,2690,2847,2848,2890,3246,3449,3808,3978,3979,4114,4273,4991,5525,5530,5600,5637,5640,5644,5722,5868,6024,6025,6099,6496,6561,6562,6563,6564,
84;1;297;457;0;24,27,28,46,55,76,95,144,191,255,297,359,393,408,415,460,503,578,579,677,724,814,827,899,979,1050,1051,1096,1097,1378,1481,1549,1562,1587,1668,1725,1726,1727,1728,1729,1730,1731,1732,1733,2018,2074,2090,2198,2199,2468,2644,2661,2690,2847,2848,2890,3246,3449,3808,3978,3979,4114,4273,4991,5525,5530,5600,5637,5640,5644,5722,5868,6024,6025,6099,6496,6561,6562,6563,6564,
219;0;457;592;0;24,27,28,46,55,76,95,144,191,255,297,359,393,408,415,460,503,578,579,677,724,814,827,899,979,1050,1051,1096,1097,1378,1481,1549,1562,1587,1668,1716,1725,1726,1727,1728,1729,1730,1731,1732,1733,2018,2036,2074,2090,2198,2199,2468,2644,2661,2690,2847,2848,2890,3006,3246,3449,3808,3906,3978,3979,4114,4273,4991,5525,5530,5600,5637,5640,5644,5722,5868,6024,6025,6099,6562,
219;1;592;752;0;24,55,95,144,198,208,255,297,393,415,503,578,677,694,772,979,1050,1051,1072,1147,1274,1293,1481,1509,1562,1587,1666,1668,1728,1729,1895,1984,2018,2090,2512,2625,2626,2627,2629,2634,2657,2661,2663,2690,2706,2713,2736,2955,3126,3587,3588,3589,3590,3591,3592,3593,3594,3595,3596,3597,3891,3894,4455,5476,5484,5525,5530,5634,5637,5722,5868,5869,6024,6099,6173,6562,7397,7398,7399,8486,
174;0;752;902;0;24,55,95,144,198,208,255,297,393,415,503,578,677,694,772,979,1050,1051,1072,1147,1274,1293,1481,1509,1562,1587,1666,1668,1728,1729,1895,1984,2018,2090,2512,2625,2626,2627,2629,2634,2657,2661,2663,2690,2706,2713,2736,2955,3126,3587,3588,3589,3590,3591,3592,3593,3594,3595,3596,3597,3891,3894,4455,5476,5484,5525,5530,5634,5637,5722,5868,5869,6024,6099,6173,6562,7397,7398,7399,8486,
174;1;902;1039;0;24,55,95,144,198,208,255,297,393,415,503,578,677,694,772,979,1050,1051,1072,1147,1274,1293,1481,1509,1562,1587,1666,1668,1728,1729,1895,1984,2018,2090,2512,2625,2626,2627,2629,2634,2657,2661,2663,2690,2706,2713,2736,2955,3126,3587,3588,3589,3590,3591,3592,3593,3594,3595,3596,3597,3891,3894,4455,5476,5484,5525,5530,5634,5637,5722,5868,5869,6024,6099,6173,6562,7397,7398,7399,8486,
40;0;1039;1183;0;24,55,95,144,198,208,255,297,393,415,503,578,677,694,772,979,1050,1051,1072,1147,1274,1293,1481,1509,1562,1587,1666,1668,1728,1729,1895,1984,2018,2090,2512,2625,2626,2627,2629,2634,2657,2661,2663,2690,2706,2713,2736,2955,3126,3587,3588,3589,3590,3591,3592,3593,3594,3595,3596,3597,3891,3894,4455,5476,5484,5525,5530,5634,5637,5722,5868,5869,6024,6099,6173,6562,7397,7398,7399,8486,
40;1;1183;1314;0;24,55,95,144,198,208,255,297,393,415,503,578,677,694,772,979,1050,1051,1072,1147,1274,1293,1481,1509,1562,1587,1666,1668,1728,1729,1895,1984,2018,2090,2512,2625,2626,2627,2629,2634,2657,2661,2663,2690,2706,2713,2736,2955,3126,3587,3588,3589,3590,3591,3592,3593,3594,3595,3596,3597,3891,3894,4455,5476,5484,5525,5530,5634,5637,5722,5868,5869,6024,6099,6173,6562,7397,7398,7399,8486,
155;0;1314;1471;0;24,55,95,144,198,208,255,297,393,415,503,578,677,694,772,979,1050,1051,1072,1147,1274,1293,1481,1509,1562,1587,1666,1668,1728,1729,1895,1984,2018,2090,2512,2625,2626,2627,2629,2634,2657,2661,2663,2690,2706,2713,2736,2955,3126,3587,3588,3589,3590,3591,3592,3593,3594,3595,3596,3597,3891,3894,4455,5476,5484,5525,5530,5634,5637,5722,5868,5869,6024,6099,6173,6562,7397,7398,7399,8486,
155;1;1471;1569;0;24,55,95,100,102,144,198,208,255,297,329,393,415,503,578,591,677,694,764,772,858,979,1050,1051,1072,1147,1274,1293,1364,1481,1509,1516,1518,1562,1587,1666,1668,1728,1729,1895,1984,2018,2491,2512,2625,2626,2627,2643,2658,2661,2663,2679,2683,2690,2913,2949,2956,3126,3462,3597,4369,4373,4393,4413,4414,4415,4416,4417,4418,4419,4420,4421,5476,5525,5530,5637,5722,5868,6099,6562,
173;0;1569;1667;0;24,26,55,95,100,144,198,208,255,297,329,393,415,503,528,529,578,591,658,677,694,764,772,858,979,1050,1051,1147,1269,1278,1279,1287,1288,1293,1322,1481,1562,1587,1591,1592,1668,1728,1729,1783,1785,1795,1984,2018,2491,2512,2625,2626,2627,2643,2661,2663,2679,2683,2690,3126,3597,3704,3788,3879,4324,4325,4326,4327,4328,4329,4330,4369,5476,5525,5530,5637,5722,5868,6099,6562,
173;1;1667;1819;0;19,20,24,26,30,34,43,50,55,95,100,144,198,208,255,297,329,393,415,503,528,529,578,591,658,677,694,764,772,858,979,1050,1051,1147,1269,1278,1279,1287,1288,1293,1322,1481,1562,1587,1591,1668,1728,1729,1785,1795,1984,2018,2168,2197,2254,2255,2256,2491,2512,2625,2626,2627,2643,2661,2663,2679,2683,2690,3126,3597,3704,4369,5476,5525,5530,5637,5722,5868,6099,6562,
210;0;1819;1912;0;19,20,24,26,30,34,43,50,55,95,100,144,198,208,255,297,329,393,415,503,528,529,578,591,658,677,694,764,772,858,979,1050,1051,1147,1269,1277,1278,1279,1287,1288,1293,1322,1481,1562,1587,1668,1728,1729,1785,1795,1984,2018,2194,2491,2512,2625,2626,2627,2643,2661,2663,2679,2683,2690,3126,3597,3703,3704,4119,4369,4450,4620,5476,5525,5530,5637,5722,5868,6099,6562,
210;1;1912;2060;0;19,20,24,26,30,34,43,50,55,95,100,144,198,208,251,255,297,329,393,415,503,528,529,578,591,658,677,694,764,772,858,979,1050,1051,1147,1269,1277,1278,1279,1287,1288,1293,1304,1322,1463,1481,1562,1587,1668,1728,1729,1785,1795,1984,2018,2194,2305,2491,2512,2625,2626,2627,2643,2661,2663,2679,2683,2690,3126,3703,3704,4334,4369,5525,5530,5637,5722,5868,6099,6562,
34;0;2060;2219;0;9,10,20,38,39,40,79,117,150,198,205,208,210,366,483,502,503,506,521,522,523,524,528,559,591,653,838,949,979,987,989,1063,1089,1118,1157,1196,1282,1283,1284,1287,1288,1293,1359,1361,1390,1560,1580,1898,1936,1937,1940,1984,2091,2455,2540,2555,2564,2774,2775,2776,2887,2924,2940,2957,2959,3343,3349,3361,4138,4184,4464,4465,4466,4867,4884,5351,5432,5433,5434,7416,
34;1;2219;2286;0;9,10,20,38,39,40,79,117,150,198,205,208,210,366,483,502,503,506,521,522,523,524,528,559,591,653,838,949,979,987,989,1063,1089,1118,1157,1196,1282,1283,1284,1287,1288,1293,1359,1361,1390,1560,1580,1898,1936,1937,1940,1984,2091,2455,2540,2555,2564,2774,2775,2776,2887,2924,2940,2957,2959,3343,3349,3361,4138,4184,4464,4465,4466,4867,4884,5351,5432,5433,5434,7416,
186;0;2286;2413;0;9,10,20,38,39,40,79,117,150,198,205,208,210,366,483,502,503,506,521,522,523,524,528,559,591,653,838,949,979,987,989,1063,1089,1118,1157,1196,1282,1283,1284,1287,1288,1293,1359,1361,1390,1560,1580,1898,1936,1937,1940,1984,2091,2455,2540,2555,2564,2774,2775,2776,2887,2924,2940,2957,2959,3343,3349,3361,4138,4184,4464,4465,4466,4867,4884,5351,5432,5433,5434,7416,
186;1;2413;2502;0;9,10,20,38,39,40,79,117,150,198,205,208,210,366,483,502,503,506,521,522,523,524,528,559,591,653,838,949,979,987,989,1063,1089,1118,1157,1196,1282,1283,1284,1287,1288,1293,1359,1361,1390,1560,1580,1898,1936,1937,1940,1984,2091,2455,2540,2555,2564,2774,2775,2776,2887,2924,2940,2957,2959,3343,3349,3361,4138,4184,4464,4465,4466,4867,4884,5351,5432,5433,5434,7416,
121;0;2880;3048;0;9,10,20,26,38,39,40,79,117,150,198,205,208,210,366,483,502,503,506,521,528,591,736,738,748,838,949,979,987,1118,1157,1196,1268,1269,1271,1272,1282,1284,1285,1287,1288,1289,1293,1332,1359,1361,1390,1419,1570,1577,1780,1781,1793,1795,1898,1936,2091,2187,2239,2257,2264,2265,2455,2774,2775,2776,2849,2856,2957,3700,3701,3702,3703,3704,3705,3706,3707,3708,3709,4184,
121;1;3048;3087;0;9,10,15,20,24,26,38,39,40,66,79,117,150,198,202,205,206,208,210,366,480,483,487,502,503,506,510,516,521,528,591,736,738,748,838,949,964,965,979,987,1118,1157,1196,1268,1269,1271,1272,1282,1284,1285,1287,1288,1289,1293,1332,1359,1361,1390,1419,1570,1577,1587,1780,1781,1793,1795,1898,1936,2091,2264,2265,2455,2774,2775,2776,2849,2957,3702,3708,4184,
103;0;3087;3184;0;9,10,15,20,24,26,38,39,40,66,79,95,117,150,198,202,205,206,208,210,276,366,480,483,487,502,503,506,516,528,591,768,838,843,949,979,987,1118,1157,1196,1201,1268,1269,1272,1284,1287,1288,1289,1293,1359,1361,1390,1587,1795,1898,1936,2091,2264,2265,2399,2400,2401,2405,2455,2499,2631,2651,2653,2774,2775,2776,2849,2957,3152,3702,3708,4611,5690,5691,5692,
103;1;3184;3289;0;9,10,15,20,24,26,38,39,40,66,79,95,97,117,150,198,202,205,206,208,210,276,366,377,390,395,401,480,502,506,516,528,591,838,949,979,987,1050,1052,1054,1117,1118,1157,1196,1268,1269,1272,1284,1287,1288,1289,1293,1359,1361,1390,1587,1669,1795,1898,1936,2091,2134,2264,2265,2355,2405,2426,2455,2631,2651,2653,2774,2775,2776,2849,2957,3152,3702,3708,5691,
227;0;3289;3465;0;8,15,24,26,38,39,79,95,97,117,142,144,150,198,202,206,208,276,289,377,390,395,398,401,404,405,429,516,528,591,644,645,646,648,838,949,979,987,1050,1052,1056,1062,1117,1118,1146,1157,1196,1268,1269,1272,1284,1287,1288,1289,1293,1359,1361,1390,1587,1795,1898,1936,2091,2102,2106,2155,2264,2265,2355,2455,2631,2651,2653,2774,2849,2957,3152,3702,3708,5691,
227;1;3465;3474;0;8,15,17,24,26,38,39,79,95,97,117,142,144,150,198,202,206,208,276,289,377,390,395,398,401,404,405,429,516,528,591,644,645,794,838,949,979,987,1050,1052,1117,1118,1146,1157,1196,1268,1269,1272,1284,1287,1288,1289,1293,1359,1361,1390,1587,1795,1898,1936,1992,2091,2264,2265,2355,2413,2455,2631,2651,2653,2774,2849,2937,2941,2957,3152,3702,3708,4982,5691,
74;0;3474;3594;0;15,24,26,38,39,79,88,95,97,144,150,198,208,276,277,289,291,377,395,398,401,404,429,516,528,591,767,773,794,838,949,979,1050,1052,1118,1146,1157,1196,1268,1269,1284,1287,1288,1293,1359,1361,1390,1530,1587,1795,1898,1914,1915,1936,2091,2264,2265,2355,2413,2455,2631,2651,2653,2668,2714,2806,2849,2898,2957,2988,3152,3702,3708,4093,5691,6098,6099,7217,7423,8129,
74;1;3594;3655;0;2,4,15,24,88,95,100,143,144,146,148,208,225,231,276,300,301,377,393,395,398,401,404,591,666,694,767,794,833,949,1050,1051,1052,1095,1133,1146,1150,1232,1233,1269,1287,1288,1361,1390,1476,1478,1479,1481,1484,1530,1604,1801,1806,1809,2337,2355,2626,2631,2651,2653,2661,2683,2817,2818,2988,4965,5259,5525,5538,5539,5637,5722,6029,6311,6312,6313,6562,7036,7414,7415,
674;0;3655;3831;0;2,4,15,24,88,95,100,143,144,146,148,208,225,231,276,300,301,377,393,395,398,401,404,591,666,694,767,794,833,949,1050,1051,1052,1095,1133,1146,1150,1232,1233,1269,1287,1288,1361,1390,1476,1478,1479,1481,1484,1530,1604,1801,1806,1809,2337,2355,2626,2631,2651,2653,2661,2683,2817,2818,2988,4965,5259,5525,5538,5539,5637,5722,6029,6311,6312,6313,6562,7036,7414,7415,
617;0;3831;4006;0;2,4,15,24,88,95,100,143,144,146,148,208,225,231,276,300,301,377,393,395,398,401,404,591,666,694,767,794,833,949,1050,1051,1052,1095,1133,1146,1150,1232,1233,1269,1287,1288,1361,1390,1476,1478,1479,1481,1484,1530,1604,1801,1806,1809,2337,2355,2626,2631,2651,2653,2661,2683,2817,2818,2988,4965,5259,5525,5538,5539,5637,5722,6029,6311,6312,6313,6562,7036,7414,7415,
478;0;4006;4178;0;2,4,15,24,88,95,100,143,144,146,148,208,225,231,276,300,301,377,393,395,398,401,404,591,666,694,767,794,833,949,1050,1051,1052,1095,1133,1146,1150,1232,1233,1269,1287,1288,1361,1390,1476,1478,1479,1481,1484,1530,1604,1801,1806,1809,2337,2355,2626,2631,2651,2653,2661,2683,2817,2818,2988,4965,5259,5525,5538,5539,5637,5722,6029,6311,6312,6313,6562,7036,7414,7415,
650;0;4178;4347;0;2,4,15,24,88,95,100,143,144,146,148,208,225,231,276,300,301,377,393,395,398,401,404,591,666,694,767,794,833,949,1050,1051,1052,1095,1133,1146,1150,1232,1233,1269,1287,1288,1361,1390,1476,1478,1479,1481,1484,1530,1604,1801,1806,1809,2337,2355,2626,2631,2651,2653,2661,2683,2817,2818,2988,4965,5259,5525,5538,5539,5637,5722,6029,6311,6312,6313,6562,7036,7414,7415,
629;0;4347;4508;0;2,4,15,24,87,88,95,100,143,144,146,148,208,225,231,276,300,301,319,377,393,395,398,401,404,591,666,694,765,767,794,833,854,863,898,949,1050,1051,1052,1095,1133,1134,1146,1150,1232,1233,1269,1287,1288,1361,1390,1476,1478,1479,1481,1484,1530,1604,1801,1806,1809,1922,2337,2354,2355,2498,2626,2631,2651,2653,2661,2679,2683,2817,2951,2986,3291,5525,5538,5637,
161;0;4508;4568;0;2,4,15,24,87,88,95,100,143,144,146,148,208,225,231,276,288,300,301,319,321,377,393,395,396,398,401,404,591,640,647,666,694,765,767,794,833,854,855,863,898,949,1050,1051,1052,1095,1133,1134,1146,1150,1232,1233,1269,1287,1288,1361,1390,1398,1476,1478,1479,1481,1484,1521,1530,1604,1763,1801,1809,1922,2498,2626,2631,2651,2661,2683,2986,5525,5538,5637,
161;1;4568;4666;0;2,4,15,24,87,88,95,100,143,144,146,148,208,225,231,234,276,288,300,301,319,321,377,393,395,396,398,401,404,591,640,647,666,694,765,767,794,833,854,855,863,898,949,1050,1051,1052,1071,1134,1146,1233,1269,1287,1288,1361,1398,1474,1476,1478,1479,1481,1484,1521,1604,1763,1809,1922,2498,2626,2631,2649,2651,2661,2683,2986,4470,5525,5538,5637,6196,6197,
574;0;4666;4822;0;4,15,24,87,95,100,137,144,146,208,225,231,276,288,301,314,321,329,377,395,396,398,404,591,640,647,694,765,794,833,854,855,863,891,949,1051,1134,1146,1148,1233,1269,1287,1288,1361,1398,1417,1474,1476,1478,1479,1481,1484,1488,1521,1540,1604,1763,1809,2544,2626,2631,2649,2651,2661,2683,2696,2986,3130,3258,4428,4818,5217,5218,5219,5220,5221,5222,5223,5538,5637,
679;0;4822;4974;0;4,15,24,54,60,87,95,100,137,144,146,208,225,231,276,288,301,314,321,329,377,395,396,398,404,591,640,647,694,765,794,833,854,855,863,871,891,949,1051,1134,1146,1148,1233,1269,1287,1288,1361,1398,1417,1474,1476,1478,1479,1481,1484,1488,1521,1540,1763,1809,2062,2063,2626,2631,2649,2651,2661,2683,2986,3345,3346,4313,4314,4315,4316,4317,4318,4428,5538,5637,
508;0;4974;5124;0;15,24,68,91,95,98,144,208,225,251,276,329,337,340,345,351,395,396,397,404,412,415,474,583,591,655,671,764,765,794,858,1078,1233,1236,1269,1287,1288,1356,1423,1474,1476,1478,1479,1480,1707,1844,1883,1884,1885,1886,1935,2018,2338,2503,2631,2643,2651,2652,3070,3345,3532,4359,4369,4650,4651,4733,5348,6215,8559,8644,9032,9033,9041,9134,9159,9160,9161,9162,9163,9164,
138;0;5124;5204;0;15,24,68,91,95,98,144,208,225,251,276,329,337,340,345,351,395,396,397,404,412,415,474,583,591,655,671,764,765,794,858,1078,1233,1236,1269,1287,1288,1356,1423,1474,1476,1478,1479,1480,1707,1844,1883,1884,1885,1886,1935,2018,2338,2503,2631,2643,2651,2652,3070,3345,3532,4359,4369,4650,4651,4733,5348,6215,8559,8644,9032,9033,9041,9134,9159,9160,9161,9162,9163,9164,
138;1;5204;5272;0;15,24,68,91,95,98,144,208,225,251,276,329,337,340,345,351,395,396,397,404,412,415,474,583,591,655,671,764,765,794,858,1078,1233,1236,1269,1287,1288,1356,1423,1474,1476,1478,1479,1480,1707,1844,1883,1884,1885,1886,1935,2018,2338,2503,2631,2643,2651,2652,3070,3345,3532,4359,4369,4650,4651,4733,5348,6215,8559,8644,9032,9033,9041,9134,9159,9160,9161,9162,9163,9164,
493;0;5272;5413;0;15,24,68,91,95,98,144,208,225,251,276,329,337,340,345,351,395,396,397,404,412,415,474,583,591,655,671,764,765,794,858,1078,1233,1236,1269,1287,1288,1356,1423,1474,1476,1478,1479,1480,1707,1844,1883,1884,1885,1886,1935,2018,2338,2503,2631,2643,2651,2652,3070,3345,3532,4359,4369,4650,4651,4733,5348,6215,8559,8644,9032,9033,9041,9134,9159,9160,9161,9162,9163,9164,
104;0;5413;5534;0;15,24,68,91,95,98,144,208,225,251,276,329,337,340,345,351,395,396,397,404,412,415,474,583,591,655,671,764,765,794,858,1078,1233,1236,1269,1287,1288,1356,1423,1474,1476,1478,1479,1480,1707,1844,1883,1884,1885,1886,1935,2018,2338,2503,2631,2643,2651,2652,3070,3345,3532,4359,4369,4650,4651,4733,5348,6215,8559,8644,9032,9033,9041,9134,9159,9160,9161,9162,9163,9164,
104;1;5760;5775;0;15,24,26,68,91,95,98,144,208,225,251,276,329,337,340,345,351,395,396,397,404,412,415,474,515,529,583,591,655,671,764,765,794,858,1078,1233,1236,1266,1269,1270,1275,1277,1287,1288,1293,1356,1423,1474,1476,1478,1479,1480,1707,1844,1883,1884,1885,1886,1935,2018,2217,2338,2485,2503,2631,2643,2651,2652,3070,3345,4733,6203,7978,7989,8559,8873,8874,8875,8876,9041,
530;0;5775;5909;0;15,24,26,68,91,95,98,144,208,225,251,276,329,337,340,345,351,395,396,397,404,412,415,474,515,528,529,536,583,591,655,671,764,765,794,858,1078,1233,1236,1266,1268,1269,1270,1277,1287,1288,1290,1293,1294,1322,1329,1423,1474,1476,1478,1479,1480,2240,2263,2264,2265,2338,2407,2447,2485,2503,2643,3702,3708,4357,4453,4733,4810,4811,4812,4813,4814,4815,8559,9041,
66;0;5909;5971;0;15,24,26,68,91,95,98,144,208,225,251,276,329,337,340,345,351,395,396,397,404,412,415,474,515,528,529,536,583,591,655,671,764,765,794,858,1078,1233,1236,1266,1268,1269,1270,1277,1287,1288,1290,1293,1294,1322,1329,1423,1474,1476,1478,1479,1480,2240,2263,2264,2265,2338,2407,2447,2485,2503,2643,3447,3702,3708,4357,4453,4598,4599,4733,4810,4811,4812,8559,9041,
66;1;5971;6039;0;15,16,19,22,24,25,26,34,39,44,68,91,95,98,144,208,225,251,276,329,337,340,345,351,395,396,397,404,412,415,421,474,515,528,529,536,583,591,655,671,764,765,794,858,1078,1179,1233,1236,1247,1261,1266,1268,1269,1270,1277,1287,1288,1290,1293,1294,1322,1329,1423,1474,1476,1478,1479,1480,1606,1650,2240,2263,2264,2265,2338,2503,2643,4733,8559,9041,
106;0;6039;6107;0;3,15,16,19,22,24,25,26,34,39,44,68,91,95,98,139,144,208,225,251,276,329,333,337,340,345,351,395,396,397,404,412,415,421,474,515,528,529,536,583,591,655,671,764,765,794,858,948,1078,1179,1233,1236,1247,1261,1266,1268,1269,1270,1277,1287,1288,1290,1293,1294,1322,1423,1474,1476,1478,1480,1749,2264,2338,2503,2643,4553,4733,6850,8559,9041,
106;1;6107;6167;0;3,15,16,19,22,24,25,26,34,39,44,68,91,95,98,139,144,208,225,251,276,329,333,337,340,345,351,395,396,397,404,412,415,421,474,515,528,529,536,583,591,655,671,764,765,794,834,854,858,948,1078,1179,1233,1236,1247,1266,1268,1269,1270,1277,1287,1288,1290,1293,1294,1423,1474,1476,1478,1480,2264,2338,2503,2643,3745,4733,8559,9000,9010,9041,
7;0;6167;6178;0;3,15,16,19,22,24,25,26,34,39,44,68,74,79,91,95,98,113,139,144,208,225,251,276,329,333,337,340,351,395,396,404,412,497,528,529,536,578,591,765,854,948,979,1196,1233,1236,1266,1268,1269,1270,1277,1287,1288,1290,1293,1294,1423,1474,1476,1478,1480,1898,1936,2264,2338,2503,2643,3022,3627,3745,3796,3870,4294,4733,5058,5100,5496,8559,9000,9041,
7;1;6178;6292;0;3,15,16,19,22,24,25,26,34,39,44,68,74,79,91,95,98,113,139,144,225,276,329,351,395,396,404,412,528,529,536,591,765,854,948,1196,1233,1236,1266,1268,1269,1270,1277,1287,1288,1290,1293,1294,1423,1474,1476,1478,1480,2264,2338,2503,2643,3022,3745,4733,8551,8559,9000,9041,9049,9050,9051,9052,9053,9054,9055,9056,9057,9058,9059,9060,9061,9062,9063,9064,
21;0;6292;6383;0;3,15,16,19,22,24,25,26,34,39,44,68,74,79,91,95,98,100,113,139,144,225,245,276,289,329,351,395,396,404,412,528,529,536,591,765,773,854,863,948,1196,1233,1236,1266,1268,1269,1270,1277,1287,1288,1290,1293,1294,1423,1474,1476,1478,1480,2264,2338,2503,2643,2678,2903,2962,3022,3745,4733,7804,7805,8190,8551,8559,9000,9041,9049,9050,9051,9052,9053,
21;1;6383;6416;0;24,26,34,95,98,100,139,144,225,245,276,289,329,343,351,395,396,404,412,528,529,536,591,694,715,765,773,849,854,863,948,1196,1233,1236,1266,1268,1269,1270,1277,1287,1288,1290,1293,1294,1423,1474,1476,1478,1480,1481,1599,2264,2338,2503,2643,2678,2683,2903,3022,3745,4733,5392,5530,5637,5795,5868,6225,7295,7296,7297,7299,7804,7943,8190,8551,8559,8777,8778,9000,9041,
520;0;6416;6536;0;24,26,38,61,70,95,137,138,139,144,175,189,198,225,226,249,270,273,276,288,289,291,310,351,557,591,598,854,871,873,874,875,876,877,880,924,1118,1234,1287,1424,1428,1474,1475,1476,1478,1668,1676,1785,1786,1795,1919,2091,2175,2213,2264,2376,2503,2531,2532,2533,2534,2535,2536,2577,2968,3410,3448,3765,4112,4259,4733,5091,5944,7009,7029,7879,7906,8734,8735,8736,
116;0;6536;6613;0;24,26,38,61,70,95,137,138,139,144,175,189,198,225,226,249,270,273,276,288,289,291,310,351,557,591,598,854,871,873,874,875,876,877,880,924,1118,1234,1287,1424,1428,1474,1475,1476,1478,1668,1676,1785,1786,1795,1919,2091,2175,2213,2264,2376,2503,2531,2532,2533,2534,2535,2536,2577,2968,3410,3448,3765,4112,4259,4733,5091,5944,7009,7029,7879,7906,8734,8735,8736,
116;1;6613;6652;0;24,26,38,61,70,95,137,138,139,144,175,189,198,225,226,249,270,273,276,288,289,291,310,351,557,591,598,854,871,873,874,875,876,877,880,924,1118,1234,1287,1424,1428,1474,1475,1476,1478,1668,1676,1785,1786,1795,1919,2091,2175,2213,2264,2376,2503,2531,2532,2533,2534,2535,2536,2577,2968,3410,3448,3765,4112,4259,4733,5091,5944,7009,7029,7879,7906,8734,8735,8736,
575;0;6652;6764;0;24,26,38,61,70,95,137,138,139,144,175,189,198,225,226,249,270,273,276,288,289,291,310,351,557,591,598,854,871,873,874,875,876,877,880,924,1118,1234,1287,1424,1428,1474,1475,1476,1478,1668,1676,1785,1786,1795,1919,2091,2175,2213,2264,2376,2503,2531,2532,2533,2534,2535,2536,2577,2968,3410,3448,3765,4112,4259,4733,5091,5944,7009,7029,7879,7906,8734,8735,8736,
685;0;7200;7309;0;24,26,38,61,70,95,137,138,139,144,145,149,175,189,198,225,226,233,249,262,270,273,276,277,288,289,291,310,314,321,351,429,557,591,598,640,854,871,873,874,875,876,877,880,924,1118,1234,1287,1424,1428,1474,1475,1476,1478,1484,1668,1676,1785,1786,1795,1919,2091,2128,2175,2213,2264,2376,2503,2531,2532,2533,2534,2535,2536,2577,2968,3410,3448,4733,4749,
697;0;7309;7413;0;24,26,38,61,70,95,137,138,139,144,145,149,175,189,198,225,226,233,249,262,270,273,275,276,277,288,289,291,310,314,321,351,429,557,591,598,640,772,833,835,854,855,871,873,874,875,876,877,880,924,1118,1234,1287,1424,1428,1474,1475,1476,1478,1484,1668,1676,1785,1786,1795,2091,2376,2503,2577,2594,2986,3152,3618,4371,4733,5612,7419,7420,7421,7422,
625;0;7413;7514;0;95,137,144,145,146,149,225,226,262,277,288,301,316,377,398,429,591,838,852,854,855,891,926,939,949,1118,1134,1165,1476,1478,1484,1675,1768,2247,2292,2370,2371,2503,2583,2587,2707,2738,2904,2986,3133,3436,3438,3618,3634,4424,4473,4537,4658,5248,5251,5298,5452,5695,5697,5698,5700,5702,5807,5808,5809,5810,5811,5812,5813,5814,5815,5816,5817,5818,5819,5820,5821,5822,5823,5824,
570;0;7514;7612;0;95,137,144,145,146,149,225,226,230,231,262,277,288,301,316,377,398,429,591,838,852,854,855,891,926,939,949,1093,1118,1134,1165,1476,1478,1484,1675,1768,2247,2292,2370,2371,2503,2583,2587,2707,2738,2904,2986,3133,3436,3438,3618,3634,4424,4473,4537,4658,5248,5251,5298,5379,5452,5695,5697,5698,5700,5702,5807,5808,5809,5810,5811,5812,5813,5814,5815,5816,5817,5818,5819,5820,
197;0;7612;7629;0;95,137,144,145,146,149,225,226,230,231,262,277,288,301,316,377,398,429,591,838,852,854,855,891,926,939,949,1093,1118,1134,1165,1476,1478,1484,1675,1768,2247,2292,2370,2371,2503,2583,2587,2707,2738,2904,2986,3133,3436,3438,3618,3634,4424,4473,4537,4658,5248,5251,5298,5379,5452,5695,5697,5698,5700,5702,5807,5808,5809,5810,5811,5812,5813,5814,5815,8456,8457,8458,8459,8460,
197;1;7629;7709;0;7,95,137,144,145,146,149,178,225,226,230,231,262,277,288,301,308,316,377,398,429,591,838,852,854,855,891,926,939,949,1027,1048,1093,1118,1134,1145,1165,1476,1478,1484,1675,1768,1807,1942,1943,1945,1979,2247,2292,2370,2371,2503,2583,2587,2707,2738,2904,2986,3133,3436,3438,3618,3634,4424,4473,4537,4658,5248,5251,5298,5379,5452,5695,5697,5698,5700,5702,5807,5808,5809,
92;0;7709;7769;0;7,30,95,137,144,145,146,149,152,169,178,190,225,226,230,231,262,277,288,301,308,316,377,398,429,504,591,838,852,854,855,872,891,926,939,949,972,1027,1048,1093,1118,1134,1145,1165,1476,1478,1484,1561,1562,1587,1675,1768,1807,1887,1942,1943,1945,1979,2247,2292,2370,2371,2503,2563,2572,2583,2587,2707,2738,2765,2904,2986,3022,3346,3436,3438,3618,4424,7649,7650,
92;1;7769;7803;0;7,30,87,95,137,144,145,146,149,152,169,178,190,225,226,230,231,262,277,288,301,308,316,377,398,429,504,591,691,838,852,854,855,872,891,926,939,949,972,1027,1048,1093,1118,1134,1136,1145,1165,1476,1478,1484,1561,1562,1587,1675,1768,1807,1887,1942,1943,1945,1979,2247,2292,2370,2371,2503,2563,2572,2583,2627,2904,2986,3436,3438,3618,4424,4744,4745,4746,4791,
131;0;7803;7823;0;7,30,87,95,137,144,145,146,149,152,169,178,190,225,226,230,231,262,277,288,301,308,316,377,398,429,504,591,691,773,838,852,854,855,872,891,926,939,949,972,1027,1043,1048,1093,1118,1134,1136,1145,1165,1476,1478,1484,1561,1562,1587,1675,1768,1807,1887,1942,1943,1945,1979,2247,2292,2370,2371,2503,2563,2572,2583,2626,2633,2661,2904,3436,3438,3511,3512,4424,
131;1;7823;7896;0;7,30,87,95,137,144,145,146,149,152,169,178,190,225,226,230,231,262,277,288,301,308,316,322,377,379,398,429,504,591,691,773,838,852,854,855,872,891,926,939,949,972,1027,1043,1048,1093,1118,1134,1136,1145,1165,1476,1478,1484,1561,1562,1587,1675,1768,1807,1887,1942,1943,1945,1979,2247,2292,2370,2371,2394,2503,2626,2661,2904,3284,3292,3436,3438,4424,4472,
524;0;7896;7985;0;61,87,89,90,95,100,144,149,150,196,225,262,288,395,404,429,437,516,640,694,715,773,835,849,912,921,949,1047,1118,1134,1157,1196,1236,1293,1474,1478,1529,1763,1848,1988,2412,2413,2414,2491,2510,2636,2661,2677,2683,2714,2728,2974,3435,3581,4673,5538,5691,5706,5723,6225,6226,6234,6307,6723,7208,7217,7299,7319,7320,7583,7584,7655,7656,7871,8129,8425,8528,8529,8530,8531,
623;0;7985;8068;0;61,87,89,90,95,100,144,149,150,196,225,262,288,395,404,429,437,516,640,694,715,773,835,849,912,921,949,1047,1118,1134,1157,1196,1236,1293,1474,1478,1529,1763,1848,1988,2412,2413,2414,2491,2510,2636,2661,2677,2683,2714,2728,2974,3435,3581,4673,5538,5691,5706,5723,6225,6226,6234,6307,6723,7208,7217,7299,7319,7320,7583,7584,7655,7656,7871,8129,8425,8528,8529,8530,8531,
223;0;8068;8072;0;61,87,89,90,95,100,144,149,150,196,225,262,288,395,404,429,437,516,640,694,715,773,835,849,912,921,949,1047,1118,1134,1157,1196,1236,1293,1474,1478,1529,1763,1848,1988,2412,2413,2414,2491,2510,2636,2661,2677,2683,2714,2728,2974,3435,3581,4673,5538,5691,5706,5723,6225,6226,6234,6307,6723,7208,7217,7299,7319,7320,7583,7584,7655,7656,7871,8129,8425,8528,8529,8530,8531,
223;1;8072;8147;0;61,87,89,90,95,100,144,149,150,196,225,262,288,395,404,429,437,516,640,694,715,773,835,849,912,921,949,1047,1118,1134,1157,1196,1236,1293,1474,1478,1529,1763,1848,1988,2412,2413,2414,2491,2510,2636,2661,2677,2683,2714,2728,2974,3435,3581,4673,5538,5691,5706,5723,6225,6226,6234,6307,6723,7208,7217,7299,7319,7320,7583,7584,7655,7656,7871,8129,8425,8528,8529,8530,8531,
END
fineshedJobsCount: 413
switchs: 5190
switchsInstances: 260
unfineshedPriorityCount: 111
finalSolution: 1270
totalUnfineshed: 286
Time: 69
