input/MyInstancesDiferentToolSets/n=800,p=0.50,r=0.6,t=1265,v0.csv;./input/Processed/ToolSetInt.csv
7;720;1440;10080
Machine: 0
584;0;0;8;1;24,28,39,41,61,188,198,222,251,280,427,491,503,553,632,724,805,875,880,979,995,1196,1242,1284,1294,1580,1587,1712,1868,1891,1930,1935,1936,2070,2159,2163,2306,2326,2513,2519,2836,2943,2944,2945,2946,2947,2948,3126,3255,3692,3693,3694,3695,3696,3697,3888,3966,4352,4664,4738,4887,5117,6907,6909,7105,7543,7544,7545,7546,7547,7548,7893,8122,8124,8271,8272,8273,8275,8277,8283,
652;0;8;23;1;24,28,39,41,61,188,198,222,251,280,427,491,503,553,632,724,805,875,880,979,995,1196,1242,1284,1294,1580,1587,1712,1868,1891,1930,1935,1936,2070,2159,2163,2306,2326,2513,2519,2836,2943,2944,2945,2946,2947,2948,3126,3255,3692,3693,3694,3695,3696,3697,3888,3966,4352,4664,4738,4887,5117,6907,6909,7105,7543,7544,7545,7546,7547,7548,7893,8122,8124,8271,8272,8273,8275,8277,8283,
696;0;23;44;1;24,28,39,41,61,188,198,222,251,280,427,491,503,553,632,724,805,875,880,979,995,1196,1242,1284,1294,1580,1587,1712,1868,1891,1930,1935,1936,2070,2159,2163,2306,2326,2513,2519,2836,2943,2944,2945,2946,2947,2948,3126,3255,3692,3693,3694,3695,3696,3697,3888,3966,4352,4664,4738,4887,5117,6907,6909,7105,7543,7544,7545,7546,7547,7548,7893,8122,8124,8271,8272,8273,8275,8277,8283,
773;0;44;73;1;24,28,39,41,61,188,198,222,251,280,427,491,503,553,632,724,805,875,880,979,995,1196,1242,1284,1294,1580,1587,1712,1868,1891,1930,1935,1936,2070,2159,2163,2306,2326,2513,2519,2836,2943,2944,2945,2946,2947,2948,3126,3255,3692,3693,3694,3695,3696,3697,3888,3966,4352,4664,4738,4887,5117,6907,6909,7105,7543,7544,7545,7546,7547,7548,7893,8122,8124,8271,8272,8273,8275,8277,8283,
211;0;73;107;1;24,28,39,41,61,188,198,222,251,280,427,491,503,553,632,724,805,875,880,979,995,1196,1242,1284,1294,1580,1587,1712,1868,1891,1930,1935,1936,2070,2159,2163,2306,2326,2513,2519,2836,2943,2944,2945,2946,2947,2948,3126,3255,3692,3693,3694,3695,3696,3697,3870,3888,3966,4187,4216,4352,4664,4738,4887,5117,6907,6909,7105,7543,7544,7545,7546,7547,7548,7893,8122,8124,8271,8272,8273,
211;1;107;112;1;24,28,39,41,61,188,198,222,244,251,280,397,400,427,491,503,553,632,724,805,875,880,979,995,1196,1242,1284,1294,1580,1587,1712,1868,1891,1930,1935,1936,2070,2159,2163,2306,2326,2493,2513,2519,2658,2778,2816,2836,2943,2944,2945,2946,2947,2948,3126,3255,3692,3693,3694,3695,3696,3697,3870,3888,3966,4187,4216,4352,4567,4627,4652,4664,4738,4740,4887,5117,5411,5603,5604,5605,
577;0;112;154;1;24,28,39,41,61,74,117,150,185,186,188,189,198,202,222,244,251,280,397,400,427,491,578,655,867,872,875,880,979,995,1068,1152,1226,1284,1294,1511,1562,1587,1718,1875,1936,2198,2276,2306,2337,2778,2836,2845,2921,2936,2947,3004,3082,3126,3612,3870,4074,4567,4627,4740,5030,5175,5266,5290,5708,5927,6283,6510,6568,6678,6776,7826,7975,8060,8061,8062,8063,8064,8065,8066,
715;0;154;198;1;24,28,39,41,61,74,117,150,185,186,188,189,198,202,222,244,251,280,397,400,427,491,578,655,867,872,875,880,979,995,1068,1152,1226,1284,1294,1511,1562,1587,1718,1875,1936,2198,2276,2306,2337,2778,2836,2845,2921,2936,2947,3004,3082,3126,3311,3475,3498,3612,3664,3672,3681,3683,3685,3724,3725,3870,4074,4567,4627,4740,5030,5175,5266,5290,5708,5927,6283,6510,6568,6678,
765;0;198;246;1;24,28,39,41,61,74,117,150,185,186,188,189,198,202,222,244,251,280,397,400,427,491,578,655,762,867,872,875,880,979,995,1068,1152,1226,1284,1294,1511,1562,1587,1718,1875,1936,2198,2276,2306,2337,2778,2836,2845,2921,2936,2947,3004,3082,3126,3311,3475,3498,3612,3664,3672,3681,3683,3685,3724,3725,3870,4074,4567,4627,4740,5030,5175,5266,5290,5708,5927,6283,6510,6568,
32;0;246;400;0;24,28,39,41,61,74,117,150,185,186,188,189,198,202,222,244,249,251,280,397,400,427,491,578,655,762,867,872,875,880,979,995,1068,1091,1152,1226,1284,1294,1511,1562,1587,1718,1875,1936,2064,2198,2276,2306,2337,2778,2836,2845,2921,2936,2947,3004,3082,3126,3311,3475,3498,3612,3664,3672,3681,3683,3685,3703,3724,3725,3870,4567,4627,4740,5030,5354,5443,5708,8354,8413,
32;1;400;576;0;24,28,39,41,61,74,117,144,150,185,186,188,189,198,202,222,244,249,251,280,343,397,400,427,491,578,655,762,836,867,872,875,880,995,1043,1051,1068,1284,1294,1481,1587,1718,1875,1936,2064,2198,2306,2337,2461,2466,2626,2661,2778,2836,2903,2947,3126,3498,3612,3870,4259,4365,4567,4627,4740,5030,5443,5525,5637,5708,5722,5795,6225,6369,6370,6371,6372,6373,6374,8354,
227;0;576;705;0;24,28,39,41,61,74,117,144,150,152,185,186,188,189,198,202,222,244,249,251,280,343,364,400,412,427,476,491,578,722,836,872,875,880,995,1043,1051,1068,1195,1284,1294,1481,1587,1718,1720,1875,1936,2034,2064,2195,2197,2198,2306,2337,2461,2626,2661,2778,2836,2903,2947,3126,3498,3612,3870,4259,4567,4627,4740,5030,5443,5525,5637,5707,5708,5709,5722,5795,6225,8354,
227;1;705;877;0;24,61,97,117,139,144,189,202,225,244,251,267,289,291,303,305,310,312,313,314,343,364,380,400,427,438,578,640,836,875,880,995,1043,1051,1118,1171,1294,1481,1587,2107,2198,2244,2306,2461,2626,2661,2778,2807,2903,3498,4259,4567,4627,5029,5144,5153,5154,5155,5525,5637,5722,5795,6225,6296,7294,8165,8166,8320,8391,8407,8428,8730,9000,9001,9002,9003,9004,9005,9006,9007,
75;0;877;951;0;24,61,97,117,139,144,189,202,225,244,251,267,289,291,303,305,310,312,313,314,343,364,380,400,427,438,578,640,836,875,880,995,1043,1051,1118,1171,1294,1481,1587,2107,2198,2244,2306,2461,2626,2661,2778,2807,2903,3498,4259,4567,4627,5029,5144,5153,5154,5155,5525,5637,5722,5795,6225,6296,7294,8165,8166,8320,8391,8407,8428,8730,9000,9001,9002,9003,9004,9005,9006,9007,
75;1;1440;1619;0;24,61,100,117,139,144,189,202,225,244,251,289,291,343,364,395,400,438,578,640,766,767,770,833,834,835,836,838,854,855,863,875,880,949,995,1043,1051,1118,1453,1481,1526,1527,1529,1587,2198,2370,2461,2626,2633,2661,2711,2778,2903,3459,3498,3511,3512,3513,3516,3517,3518,3519,3520,3526,3527,3528,3529,3530,3531,3532,3533,3534,4567,4627,5525,5637,5722,5795,6225,8391,
185;0;1619;1687;0;24,61,100,117,139,144,189,202,225,244,251,289,291,343,364,395,400,438,578,580,637,640,766,767,770,833,834,835,836,838,854,855,863,875,880,949,995,1043,1051,1118,1297,1453,1481,1526,1527,1529,1587,1695,2171,2198,2263,2273,2350,2351,2352,2370,2461,2626,2633,2661,2711,2778,2903,3459,3498,3511,3512,3513,3516,3527,3531,3532,4567,4627,5525,5637,5722,5795,6225,8391,
185;1;1687;1847;0;24,61,100,117,139,144,189,202,225,244,251,255,289,291,343,359,364,395,400,438,578,580,637,640,766,767,770,833,834,835,836,838,854,855,863,875,880,949,995,1043,1051,1118,1297,1453,1481,1526,1527,1529,1549,1587,1695,2018,2171,2198,2199,2263,2273,2461,2626,2661,2711,2778,2847,2848,2903,3498,3511,3527,3531,3532,3978,3979,4567,4627,5525,5637,5722,5795,6225,8391,
241;0;1847;1999;0;18,24,34,38,51,61,100,117,139,144,189,202,225,244,251,255,289,291,343,359,364,395,400,438,549,573,578,580,637,640,766,767,770,833,834,835,836,838,854,855,863,875,880,949,968,995,1043,1051,1118,1297,1453,1481,1526,1527,1529,1549,1587,2027,2263,2461,2626,2661,2711,2778,2847,2903,3314,3498,3511,3527,3531,3532,4567,4627,5525,5637,5722,5795,6225,8391,
241;1;1999;2059;0;18,24,34,38,51,61,100,117,139,144,189,202,225,244,251,255,289,291,343,359,364,395,400,438,549,573,578,580,637,640,765,766,767,770,833,834,835,836,838,854,855,863,875,880,949,995,1043,1051,1118,1481,1529,1569,1587,2263,2461,2625,2626,2661,2711,2778,2847,2903,2972,3498,3511,3527,3531,3532,3742,3743,3744,3745,4567,4627,5525,5637,5722,5795,6225,8391,
47;0;2059;2123;0;18,24,34,38,51,61,100,117,139,144,189,202,225,244,251,255,289,291,343,359,364,395,400,438,549,578,580,640,765,766,767,770,833,834,835,836,838,854,855,863,875,880,949,989,995,1043,1051,1118,1275,1293,1481,1529,1565,1587,2263,2461,2538,2626,2661,2711,2778,2847,2903,3247,3498,3511,3527,3531,3532,3745,4567,4627,5525,5637,5722,5791,5795,6225,6675,8391,
47;1;2123;2266;0;8,24,54,87,113,138,139,144,177,271,291,442,528,534,540,640,691,753,1118,1119,1136,1162,1293,1473,1476,1556,1827,2220,2233,2417,2429,2474,2597,2627,2645,2662,2774,2778,2986,3080,3099,3120,3329,3445,3508,3509,3510,3618,4450,4495,4545,4567,4609,4627,4744,4745,4746,4759,4760,4761,4762,4763,4764,4765,4766,4767,4768,4791,6114,6810,6872,7834,7835,7836,7837,7838,9168,9169,9170,9171,
29;0;2266;2344;0;8,24,54,87,113,138,139,144,177,271,291,442,528,534,540,640,691,753,1118,1119,1136,1162,1293,1473,1476,1556,1827,2220,2233,2417,2429,2474,2597,2627,2645,2662,2774,2778,2986,3080,3099,3120,3329,3445,3508,3509,3510,3618,4450,4495,4545,4567,4609,4627,4744,4745,4746,4759,4760,4761,4762,4763,4764,4765,4766,4767,4768,4791,6114,6810,6872,7834,7835,7836,7837,7838,9168,9169,9170,9171,
29;1;2344;2465;0;8,24,54,87,113,138,139,144,177,271,291,442,528,534,540,640,691,753,1118,1119,1136,1162,1293,1473,1476,1556,1827,2220,2233,2417,2429,2474,2597,2627,2645,2662,2774,2778,2986,3080,3099,3120,3329,3445,3508,3509,3510,3618,4450,4495,4545,4567,4609,4627,4744,4745,4746,4759,4760,4761,4762,4763,4764,4765,4766,4767,4768,4791,6114,6810,6872,7834,7835,7836,7837,7838,9168,9169,9170,9171,
36;0;2465;2610;0;8,24,54,87,113,138,139,144,177,271,291,442,528,534,540,640,691,753,1118,1119,1136,1162,1293,1473,1476,1556,1827,2220,2233,2417,2429,2474,2597,2627,2645,2662,2774,2778,2986,3080,3099,3120,3329,3445,3508,3509,3510,3618,4450,4495,4545,4567,4609,4627,4744,4745,4746,4759,4760,4761,4762,4763,4764,4765,4766,4767,4768,4791,6114,6810,6872,7834,7835,7836,7837,7838,9168,9169,9170,9171,
36;1;2610;2659;0;8,24,54,87,113,138,139,144,177,271,291,442,528,534,540,640,691,753,1118,1119,1136,1162,1293,1473,1476,1556,1827,2220,2233,2417,2429,2474,2597,2627,2645,2662,2774,2778,2986,3080,3099,3120,3329,3445,3508,3509,3510,3618,4450,4495,4545,4567,4609,4627,4744,4745,4746,4759,4760,4761,4762,4763,4764,4765,4766,4767,4768,4791,6114,6810,6872,7834,7835,7836,7837,7838,9168,9169,9170,9171,
155;0;2659;2764;0;8,24,54,87,113,138,139,144,177,271,291,442,528,534,540,640,691,753,1118,1119,1136,1162,1293,1473,1476,1556,1827,2220,2233,2417,2429,2474,2597,2627,2645,2662,2774,2778,2986,3080,3099,3120,3329,3445,3508,3509,3510,3618,4450,4495,4545,4567,4609,4627,4744,4745,4746,4759,4760,4761,4762,4763,4764,4765,4766,4767,4768,4791,6114,6810,6872,7834,7835,7836,7837,7838,9168,9169,9170,9171,
155;1;2764;2838;0;8,24,54,87,113,138,139,144,177,271,291,442,528,534,540,640,691,753,1118,1119,1136,1162,1293,1473,1476,1556,1827,2220,2233,2417,2429,2474,2597,2627,2645,2662,2774,2778,2986,3080,3099,3120,3329,3445,3508,3509,3510,3618,4450,4495,4545,4567,4609,4627,4744,4745,4746,4759,4760,4761,4762,4763,4764,4765,4766,4767,4768,4791,6114,6810,6872,7834,7835,7836,7837,7838,9168,9169,9170,9171,
639;0;2880;3054;0;8,24,54,87,113,138,139,144,177,271,277,291,442,528,534,540,640,691,753,1118,1119,1136,1162,1293,1473,1476,1556,1827,2220,2233,2417,2429,2474,2597,2627,2645,2662,2679,2774,2775,2777,2778,2986,3080,3099,3120,3263,3329,3445,3508,3509,3510,3618,4450,4495,4545,4567,4605,4606,4609,4627,4744,4745,4746,4759,4760,4761,4762,4763,4764,4765,4766,4767,4768,4791,6114,7834,7835,7837,7838,
555;0;3054;3224;0;8,24,54,87,113,138,139,144,177,271,277,288,291,390,404,429,442,528,534,540,640,691,753,1118,1119,1134,1136,1146,1162,1293,1473,1476,1556,1757,1809,1827,2220,2233,2417,2429,2474,2597,2627,2645,2662,2679,2774,2775,2777,2778,2986,3080,3099,3120,3263,3329,3445,3508,3509,3510,3618,4450,4495,4545,4567,4605,4606,4609,4627,4744,4745,4746,4759,4765,4791,6114,7834,7835,7837,7838,
153;0;3224;3228;0;8,24,54,87,113,137,138,139,144,145,177,271,277,288,291,351,390,404,429,442,528,534,540,640,691,753,1118,1119,1134,1136,1146,1162,1293,1473,1476,1540,1556,1757,1809,1827,2220,2233,2417,2429,2474,2597,2627,2645,2662,2679,2774,2775,2777,2778,2986,3080,3099,3120,3263,3329,3445,3508,3618,4450,4545,4567,4605,4606,4627,4765,4791,5051,5209,5409,6114,6472,7834,7835,7837,7838,
153;1;3228;3393;0;8,24,54,87,113,137,138,139,144,145,177,271,277,288,291,351,390,404,429,442,528,534,540,640,691,753,1118,1119,1134,1136,1146,1162,1293,1473,1476,1540,1556,1757,1809,1827,2220,2233,2417,2429,2474,2597,2627,2645,2662,2679,2774,2775,2777,2778,2986,3080,3099,3120,3263,3329,3445,3508,3618,4450,4545,4567,4605,4606,4627,4765,4791,5051,5209,6114,7834,7835,7837,7838,8484,8485,
193;0;3393;3404;0;8,24,54,87,113,137,138,139,144,145,177,206,271,277,288,291,351,390,404,429,442,519,528,534,540,640,691,753,1118,1119,1134,1136,1146,1162,1293,1473,1476,1540,1556,1757,1809,1827,2220,2233,2417,2429,2474,2597,2627,2645,2662,2679,2774,2775,2777,2778,2983,2986,3099,3263,3615,3618,3861,4334,4450,4545,4567,4605,4606,4627,4765,4791,6114,7397,7399,7469,7834,7835,7837,7838,
193;1;3404;3558;0;8,24,38,54,70,87,113,137,138,139,144,145,177,189,206,271,277,288,291,351,390,404,429,442,519,528,534,540,640,691,753,787,871,874,875,876,877,880,1118,1119,1134,1136,1146,1162,1293,1473,1476,1540,1809,2220,2233,2417,2627,2645,2679,2774,2775,2777,2778,2986,3099,3263,3448,3615,3618,3861,4450,4545,4567,4605,4606,4627,4765,4791,6114,7397,7834,7835,7837,7838,
532;0;3558;3720;0;8,26,137,139,142,144,177,243,251,255,342,364,390,402,429,528,540,643,644,1051,1057,1118,1134,1269,1275,1277,1279,1280,1287,1293,1295,1322,1390,1473,1474,1475,1893,1933,2109,2261,2412,2564,2577,2627,2645,2679,2774,2775,2777,2778,2795,2842,2941,2986,3263,3413,3618,3831,3869,3986,4007,4021,4247,4327,4567,6114,6957,6958,6959,6960,6961,6962,6963,6964,6965,6966,7834,7838,9216,9217,
118;0;3720;3830;0;8,26,137,139,142,144,177,243,251,255,342,364,390,402,429,528,540,643,644,1051,1057,1118,1134,1269,1275,1277,1279,1280,1287,1293,1295,1322,1390,1473,1474,1475,1893,1933,2109,2261,2412,2564,2577,2627,2645,2679,2774,2775,2777,2778,2795,2842,2941,2986,3263,3413,3618,3831,3869,3986,4007,4021,4247,4327,4567,6114,6957,6958,6959,6960,6961,6962,6963,6964,6965,6966,7834,7838,9216,9217,
118;1;3830;3876;0;8,26,137,139,142,144,177,243,251,255,342,364,390,402,429,528,540,643,644,1051,1057,1118,1134,1269,1275,1277,1279,1280,1287,1293,1295,1322,1390,1473,1474,1475,1893,1933,2109,2261,2412,2564,2577,2627,2645,2679,2774,2775,2777,2778,2795,2842,2941,2986,3263,3413,3618,3831,3869,3986,4007,4021,4247,4327,4567,6114,6957,6958,6959,6960,6961,6962,6963,6964,6965,6966,7834,7838,9216,9217,
771;0;4320;4472;0;8,26,103,137,139,142,144,177,243,251,255,342,364,390,402,429,528,540,609,644,666,715,765,1041,1051,1057,1118,1134,1269,1280,1287,1293,1295,1322,1390,1473,1474,1475,1481,1933,2052,2109,2627,2628,2642,2645,2650,2678,2679,2774,2775,2777,2778,2986,3263,3618,3831,3869,4567,5230,5392,5525,5530,5637,5722,5723,5869,6022,6114,6225,6311,6312,6313,6957,6965,7582,7834,7838,8790,8791,
714;0;4472;4622;0;8,26,100,103,137,139,144,177,243,251,255,289,390,402,429,528,609,644,666,677,715,765,1051,1057,1118,1134,1269,1280,1287,1293,1295,1322,1390,1473,1474,1475,1481,1933,2109,2461,2475,2626,2627,2628,2645,2678,2679,2774,2775,2777,2778,2903,2986,3263,3618,3831,3869,4567,5392,5525,5530,5637,5691,5722,5723,5795,5869,6022,6114,6115,6116,6117,6225,6311,6312,6313,6957,6965,7834,7838,
104;0;4622;4658;0;8,26,100,103,137,139,144,177,243,251,255,289,390,402,429,528,609,644,666,677,715,765,1051,1057,1118,1134,1201,1269,1280,1287,1293,1295,1322,1390,1473,1474,1475,1481,1933,2091,2106,2109,2405,2461,2475,2546,2626,2627,2628,2645,2678,2679,2695,2774,2775,2777,2778,2986,3263,3618,3831,3869,4567,5392,5525,5530,5537,5637,5722,5869,6022,6225,6311,6312,6313,6486,6957,6965,7834,7838,
104;1;4658;4770;0;8,26,100,137,139,144,177,251,289,390,402,429,528,609,666,677,715,1051,1057,1118,1134,1269,1280,1287,1293,1295,1322,1390,1473,1474,1475,1481,2091,2109,2475,2627,2628,2645,2678,2679,2695,2774,2775,2777,2778,2986,3263,3618,3831,4567,5525,5530,5637,5869,6022,6225,6311,6360,6957,6965,7137,7167,7168,7169,7170,7171,7172,7173,7174,7175,7176,7177,7178,7179,7180,7181,7182,7183,7834,7838,
556;0;4770;4913;0;8,26,100,137,139,144,177,251,289,343,390,402,429,528,609,666,677,694,715,1051,1118,1134,1269,1280,1287,1293,1295,1309,1322,1390,1473,1474,1475,1481,1529,1843,2091,2109,2475,2627,2628,2645,2651,2678,2679,2695,2774,2775,2777,2778,2821,2955,2986,3015,3263,3618,3831,4369,4567,5525,5530,5637,5859,5869,6022,6023,6024,6225,6311,6449,6450,6451,6452,6453,6454,6455,6957,6965,7834,7838,
504;0;4913;5051;0;26,117,135,137,139,144,149,177,225,262,269,275,276,321,377,393,395,396,429,530,647,835,836,838,855,858,861,863,891,927,946,948,1118,1134,1365,1390,1451,1473,1478,1481,1538,1595,1816,2109,2536,2638,2649,2821,2986,3037,3161,3581,3618,4033,4087,4545,4597,4733,4956,4957,4958,4959,4960,4961,4962,4963,5274,5612,7332,7367,7419,7420,7421,7422,7423,7424,7834,7838,8391,8849,
209;0;5051;5072;0;26,117,135,137,139,144,149,177,225,262,269,275,276,321,377,393,395,396,429,530,647,835,836,838,855,858,861,863,891,927,946,948,1118,1134,1365,1390,1451,1473,1478,1481,1538,1595,1816,2109,2536,2638,2649,2821,2986,3037,3161,3581,3618,4033,4087,4545,4597,4733,4956,4957,4958,4959,4960,4961,4962,4963,5274,5612,7332,7367,7419,7420,7421,7422,7423,7424,7834,7838,8391,8849,
209;1;5072;5187;0;26,117,135,137,139,144,149,177,225,262,269,275,276,321,377,393,395,396,429,530,647,835,836,838,855,858,861,863,891,927,946,948,1118,1134,1365,1390,1451,1473,1478,1481,1538,1595,1816,2109,2536,2638,2649,2821,2986,3037,3161,3581,3618,4033,4087,4545,4597,4733,4956,4957,4958,4959,4960,4961,4962,4963,5274,5612,7332,7367,7419,7420,7421,7422,7423,7424,7834,7838,8391,8849,
541;0;5187;5321;0;26,117,135,137,139,144,149,177,225,262,269,275,276,321,377,393,395,396,429,530,647,835,836,838,855,858,861,863,891,927,946,948,1118,1134,1365,1390,1451,1473,1478,1481,1538,1595,1816,2109,2536,2638,2649,2821,2986,3037,3161,3581,3618,4033,4087,4545,4597,4733,4956,4957,4958,4959,4960,4961,4962,4963,5274,5612,7332,7367,7419,7420,7421,7422,7423,7424,7834,7838,8391,8849,
43;0;5321;5369;0;26,117,135,137,139,144,149,177,225,262,269,275,276,321,377,393,395,396,429,530,647,835,836,838,855,858,861,863,891,927,946,948,1118,1134,1365,1390,1451,1473,1478,1481,1538,1595,1816,2109,2536,2638,2649,2821,2986,3037,3161,3581,3618,4033,4087,4545,4597,4733,4956,4957,4958,4959,4960,4961,4962,4963,5274,5612,7332,7367,7419,7420,7421,7422,7423,7424,7834,7838,8391,8849,
43;1;5369;5449;0;26,117,135,137,139,144,149,177,225,262,269,275,276,321,377,393,395,396,429,530,647,835,836,838,855,858,861,863,891,927,946,948,1118,1134,1365,1390,1451,1473,1478,1481,1538,1595,1816,2109,2536,2638,2649,2821,2986,3037,3161,3581,3618,4033,4087,4545,4597,4733,4956,4957,4958,4959,4960,4961,4962,4963,5274,5612,7332,7367,7419,7420,7421,7422,7423,7424,7834,7838,8391,8849,
129;0;5449;5523;0;26,117,135,137,139,144,149,177,225,262,269,275,276,321,377,393,395,396,429,530,647,835,836,838,855,858,861,863,891,927,946,948,1118,1134,1365,1390,1451,1473,1478,1481,1538,1595,1816,2109,2536,2638,2649,2821,2986,3037,3161,3581,3618,4033,4087,4545,4597,4733,4956,4957,4958,4959,4960,4961,4962,4963,5274,5612,7332,7367,7419,7420,7421,7422,7423,7424,7834,7838,8391,8849,
129;1;5760;5804;0;26,117,135,137,139,144,149,177,225,262,269,275,276,288,321,377,391,393,395,396,399,429,530,647,649,720,833,835,836,855,858,863,946,948,1118,1134,1233,1365,1390,1398,1473,1476,1478,1481,1803,1808,2053,2109,2134,2638,2821,2822,2926,2986,3278,3618,4677,4748,4832,4889,4927,4929,4939,5236,5237,5238,5239,5240,5241,5242,5243,5244,5245,5246,5247,5248,5249,7419,7423,7834,
69;0;5804;5913;0;26,100,117,135,137,139,144,149,177,225,234,244,262,269,275,276,277,288,321,377,391,393,395,396,399,400,429,530,647,649,720,833,835,836,855,858,863,946,948,1118,1121,1134,1233,1359,1361,1365,1390,1398,1473,1474,1476,1478,1481,1675,1680,1803,1808,1913,1973,2053,2109,2134,2638,2821,2822,2926,2986,2994,3278,3618,4677,4748,4804,4832,4889,4927,4929,7419,7423,7834,
69;1;5913;5918;0;26,100,117,135,137,139,144,149,177,225,234,244,262,269,275,276,277,288,321,377,391,393,395,396,399,400,429,530,647,649,720,833,835,836,855,858,863,946,948,1118,1121,1134,1233,1359,1361,1365,1390,1398,1473,1474,1476,1481,1675,1973,2638,2986,3182,3183,3210,3483,3484,3485,3486,3488,3489,3490,3491,3492,3493,3494,3496,3497,3498,3499,3618,3659,3660,7419,7423,7834,
574;0;5918;6021;0;26,95,100,117,135,137,139,144,149,177,181,225,234,244,262,267,268,269,272,275,276,277,286,288,305,306,310,313,314,321,377,391,393,395,396,399,400,429,530,595,647,649,720,833,835,836,855,858,863,911,946,948,1118,1121,1131,1134,1233,1236,1359,1363,1365,1390,1398,1429,1430,1473,1474,1476,1481,1655,1675,1676,1973,2117,2638,2986,3618,7419,7423,7834,
530;0;6021;6121;0;26,87,95,100,102,117,137,139,144,149,177,181,225,234,244,262,267,268,272,275,276,277,286,288,305,306,310,313,314,321,391,395,396,400,429,647,833,835,836,854,855,858,863,911,946,948,1118,1131,1134,1236,1363,1365,1390,1398,1429,1430,1473,1474,1481,1515,1675,1676,1973,2117,2318,2627,2638,2679,2692,2986,3131,3291,3292,3618,4747,4791,6248,7419,7423,7834,
628;0;6121;6218;0;26,87,95,100,102,117,137,139,144,149,177,181,225,234,244,262,267,268,272,275,276,277,286,288,305,306,310,313,314,321,391,395,396,400,429,647,833,835,836,854,855,858,863,911,946,948,1118,1131,1134,1236,1363,1365,1390,1398,1429,1430,1473,1474,1481,1513,1515,1675,1676,1973,2117,2318,2627,2638,2679,2692,3162,3291,3618,4747,4791,5647,5648,7419,7423,7834,
506;0;6218;6314;0;26,95,100,102,117,137,139,144,149,177,181,225,234,244,262,267,268,272,275,276,277,286,288,305,306,310,313,314,321,391,395,396,400,429,647,833,835,836,855,858,863,911,946,948,1118,1131,1236,1270,1363,1365,1390,1398,1429,1430,1473,1474,1481,1513,1588,1675,1676,1973,2117,2175,2420,2488,2627,2638,3291,3618,4747,4791,6918,6919,6920,6921,6922,7419,7423,7834,
97;0;6314;6400;0;4,26,95,100,102,117,137,139,144,149,177,181,225,234,244,262,267,268,272,275,276,277,286,288,305,306,310,313,314,321,390,391,395,396,400,402,404,429,647,833,835,836,855,858,863,911,946,948,1118,1131,1163,1236,1270,1363,1365,1390,1398,1429,1430,1473,1474,1481,1513,1675,1676,1801,1973,2117,2223,2420,2627,2638,3291,3618,4747,4791,5650,7419,7423,7834,
97;1;6400;6405;0;4,26,95,100,117,137,139,144,177,225,262,267,268,272,275,276,277,286,288,305,306,310,313,314,321,390,391,395,400,404,429,609,666,715,833,836,858,862,863,911,946,948,1118,1131,1236,1270,1346,1363,1365,1390,1429,1430,1473,1474,1481,1513,1599,1675,1676,1973,2117,2339,2475,2627,2678,2689,4645,4747,5525,5530,5538,5637,5869,6311,6314,6322,7419,7423,7834,7871,
722;0;6405;6495;0;26,95,117,137,139,144,177,225,262,267,268,270,272,275,276,277,286,288,289,305,306,310,313,314,321,385,390,391,395,400,404,436,715,833,858,862,863,911,924,948,1118,1131,1234,1236,1267,1268,1270,1285,1287,1288,1289,1293,1294,1295,1346,1363,1390,1424,1429,1430,1473,1474,1475,1481,1675,1676,1973,2022,2117,2339,2462,3390,3391,4259,4645,4747,7009,7419,7423,8948,
564;0;6495;6570;0;26,95,117,137,139,144,177,225,262,267,268,270,272,275,276,277,286,288,289,305,306,310,313,314,321,385,390,391,395,400,404,436,715,833,858,862,863,911,924,948,1118,1131,1234,1236,1267,1268,1270,1285,1287,1288,1289,1293,1294,1295,1346,1363,1390,1424,1429,1430,1473,1474,1475,1481,1675,1676,1973,2022,2117,2339,2462,3390,3391,4259,4645,4747,7009,7419,7423,8948,
768;0;6570;6638;0;26,95,117,137,139,144,177,225,262,267,268,270,272,275,276,277,286,288,289,305,306,310,313,314,321,385,390,391,395,400,404,436,715,833,858,862,863,911,924,948,1118,1131,1234,1236,1267,1268,1270,1285,1287,1288,1289,1293,1294,1295,1346,1363,1390,1424,1429,1430,1473,1474,1475,1481,1675,1676,1973,2022,2117,2339,2462,3390,3391,4259,4645,4747,7009,7419,7423,8948,
753;0;6638;6704;0;26,95,117,137,139,144,177,225,262,267,268,270,272,275,276,277,286,288,289,305,306,310,313,314,321,385,390,391,395,400,404,436,715,833,858,862,863,911,924,948,1118,1131,1234,1236,1267,1268,1270,1285,1287,1288,1289,1293,1294,1295,1346,1363,1390,1424,1429,1430,1473,1474,1475,1481,1675,1676,1973,2022,2117,2339,2462,3390,3391,4259,4645,4747,7009,7419,7423,8948,
764;0;7200;7236;0;26,88,95,104,117,137,139,144,177,225,262,267,268,272,275,276,277,286,288,289,297,321,390,391,395,400,404,438,586,715,767,770,833,844,858,862,863,931,947,948,949,1118,1236,1267,1268,1287,1288,1289,1293,1294,1295,1346,1390,1473,1474,1481,1519,1520,1675,1676,1973,2339,2491,3531,3638,4645,4747,5456,5656,5774,6022,6441,7419,7423,7583,7585,8022,8095,8303,8304,
102;0;7236;7261;0;26,27,88,95,117,137,139,144,225,267,268,272,275,276,277,286,288,289,390,391,395,400,404,528,619,715,767,778,833,858,862,863,948,949,1118,1236,1267,1268,1269,1280,1287,1288,1289,1290,1293,1294,1295,1322,1346,1390,1473,1474,1481,1675,1781,1782,1787,1973,2263,2339,2409,3026,3060,4112,4122,4123,4124,4125,4126,4127,4128,4129,4130,4131,4132,4645,4747,6022,7419,7423,
102;1;7261;7269;0;26,27,88,95,117,137,139,144,225,267,268,272,275,276,277,286,288,289,390,391,395,400,404,528,588,619,715,767,778,833,858,862,863,948,949,1118,1236,1267,1268,1269,1280,1287,1288,1289,1290,1293,1294,1295,1322,1346,1390,1473,1474,1481,1675,1781,1782,1787,1973,2263,2339,2409,3026,3060,4112,4122,4123,4124,4125,4126,4127,4128,4129,4130,4131,4645,4747,6022,7419,7423,
575;0;7269;7299;0;26,88,95,117,137,139,144,225,267,268,272,275,276,277,286,288,289,390,391,395,400,404,528,715,767,833,858,862,863,948,949,1118,1236,1267,1268,1269,1287,1288,1289,1290,1293,1294,1322,1346,1390,1473,1474,1481,1675,1781,1782,1973,2339,2409,4645,4747,6022,7419,7423,9222,9223,9224,9225,9229,9230,9231,9233,9234,9235,9236,9241,9243,9244,9250,9251,9252,9253,9254,9255,9256,
526;0;7299;7322;0;24,26,88,95,117,126,137,139,144,208,225,267,268,272,275,276,277,286,288,289,390,391,395,400,404,427,480,499,504,528,547,578,715,767,833,858,862,863,948,949,964,1118,1236,1267,1268,1269,1287,1288,1289,1290,1293,1294,1322,1346,1390,1473,1474,1481,1587,1675,1701,1781,1782,1936,1973,2069,2306,2339,2409,3395,4645,4747,6022,7419,7423,7980,9222,9223,9224,9225,
552;0;7322;7334;0;24,26,88,95,117,137,139,144,202,208,210,225,275,276,277,288,289,390,391,395,400,404,491,497,528,630,715,767,833,858,862,863,948,949,1063,1118,1236,1267,1268,1269,1281,1284,1286,1287,1288,1289,1290,1293,1294,1304,1322,1346,1390,1473,1474,1481,1558,1582,1587,1675,1781,1782,1895,1973,2279,2306,2339,2409,2471,2537,2924,3353,3612,3774,4645,4747,6448,6965,7419,7423,
586;0;7334;7338;0;24,26,88,95,117,137,138,139,144,208,210,225,275,276,277,288,289,291,390,391,395,400,404,528,607,645,715,767,858,862,948,949,1118,1236,1267,1268,1269,1284,1286,1287,1288,1289,1293,1294,1322,1346,1390,1473,1474,1481,1558,1671,1675,1756,1781,1782,1814,1915,1916,1920,1973,2091,2306,2317,2337,2339,2409,3527,3774,4161,4645,4747,4753,6386,6399,7419,7423,7683,7743,7744,
709;0;7338;7389;1;24,26,88,95,117,137,138,139,144,208,210,225,275,276,277,288,289,291,390,391,395,400,404,528,607,645,715,767,858,862,948,949,1118,1236,1267,1268,1269,1284,1286,1287,1288,1289,1293,1294,1322,1346,1390,1473,1474,1481,1558,1671,1675,1756,1781,1782,1814,1915,1916,1920,1973,2091,2233,2306,2317,2337,2407,2409,3527,3700,3774,3942,4431,4645,4747,4753,5320,6957,7419,7423,
710;0;7389;7442;1;24,26,60,61,88,95,117,137,138,139,144,208,210,225,275,276,277,288,289,291,390,391,395,400,404,528,607,645,715,767,858,862,948,949,1118,1236,1267,1268,1269,1284,1286,1287,1288,1289,1293,1294,1322,1346,1390,1473,1474,1481,1558,1671,1675,1756,1781,1782,1814,1915,1916,1920,1973,2091,2233,2306,2317,2337,2407,2409,3347,3527,3700,3774,4645,4747,4753,7419,7423,8546,
578;0;7442;7499;1;24,26,60,61,88,95,117,137,138,139,144,208,210,225,275,276,277,288,289,291,390,391,395,400,404,528,607,645,715,767,858,862,948,949,1118,1236,1267,1268,1269,1284,1286,1287,1288,1289,1293,1294,1322,1346,1390,1473,1474,1481,1558,1671,1675,1756,1781,1782,1814,1915,1916,1920,1973,2091,2233,2306,2317,2337,2407,2409,3347,3527,3774,4645,4747,4753,7365,7419,7423,7652,
619;0;7499;7562;1;24,26,61,88,95,117,137,138,144,210,225,275,276,277,288,291,390,391,395,400,404,528,566,645,715,767,858,862,948,949,1118,1236,1267,1268,1269,1273,1284,1286,1287,1288,1289,1293,1294,1322,1346,1473,1481,1547,1558,1671,1675,1756,1781,1782,1915,1916,1973,2091,2240,2241,2306,2337,2407,2409,2485,3527,3702,3774,4357,4645,4747,4753,4884,4940,4941,4942,4943,4944,7419,7423,
793;0;7562;7627;1;24,26,61,88,95,117,137,138,144,210,225,249,275,276,277,288,291,390,391,395,400,404,528,566,645,715,767,858,862,948,949,1118,1236,1267,1268,1269,1273,1284,1286,1287,1288,1289,1293,1294,1322,1346,1473,1481,1547,1558,1671,1675,1756,1781,1782,1915,1916,1973,2091,2240,2241,2306,2337,2407,2409,2485,3527,3615,3702,3774,4357,4645,4747,4753,4884,4940,4941,6722,7419,7423,
571;0;7627;7700;1;24,26,61,63,88,95,117,137,138,144,210,225,249,275,276,277,288,291,390,391,395,400,404,528,566,645,715,767,858,862,948,949,1118,1236,1267,1268,1269,1273,1284,1286,1287,1288,1289,1293,1294,1322,1346,1473,1481,1547,1558,1671,1675,1756,1781,1782,1915,1916,1973,2091,2149,2221,2240,2241,2306,2315,2337,2407,2409,2485,3527,3615,3774,4229,4230,4645,4747,4753,7419,7423,
122;0;7700;7759;1;24,26,61,63,88,95,117,137,138,144,210,225,249,275,276,277,288,291,390,391,395,400,404,528,566,645,715,767,858,862,948,949,1118,1236,1267,1268,1269,1273,1284,1286,1287,1288,1289,1293,1294,1322,1346,1473,1481,1547,1558,1630,1671,1675,1756,1781,1782,1915,1916,1973,2091,2149,2221,2240,2241,2306,2315,2337,2407,2409,2485,3527,3774,4645,4747,4753,5091,7419,7423,8354,
122;1;7759;7776;1;10,24,63,88,95,117,144,210,225,275,276,277,288,291,390,391,395,400,528,645,719,767,858,948,949,1068,1118,1172,1236,1284,1286,1293,1346,1358,1473,1481,1558,1675,1756,1781,1875,1915,1916,1947,1973,2091,2221,2338,2407,2711,2723,2774,2778,3527,3774,4581,4604,4627,4628,4629,4630,4631,4632,4633,4634,4635,4636,4637,4638,4639,4640,4641,4642,4643,4644,4645,4646,4747,4753,7423,
516;0;7776;7853;1;10,24,63,88,95,117,144,210,225,275,276,277,288,291,390,391,395,400,528,645,719,767,858,948,949,1068,1118,1172,1236,1284,1286,1293,1346,1358,1473,1481,1558,1675,1756,1781,1875,1915,1916,1947,1973,2091,2221,2338,2407,2711,2723,2774,2778,3527,3739,3774,4581,4604,4627,4628,4629,4630,4631,4632,4633,4634,4635,4636,4637,4638,4639,4640,4641,4642,4643,4644,4645,4747,4753,7423,
651;0;7853;7931;1;15,24,25,35,37,38,42,53,54,57,76,205,225,251,260,273,288,290,291,382,400,528,580,581,875,921,1118,1177,1236,1417,1469,1481,1501,1670,1675,1723,1749,1756,1915,1973,2034,2035,2051,2061,2091,2222,2338,2407,2432,2645,2674,2695,2723,2774,2778,3284,3797,3798,3799,3800,3801,3802,3920,4323,4511,5206,5352,5494,5882,5995,6033,6347,6348,6349,6350,6351,6352,6353,6990,8666,
797;0;7931;8011;1;15,24,25,35,37,38,42,53,54,57,76,205,225,251,260,273,288,290,291,382,400,528,580,581,875,921,1118,1177,1236,1417,1469,1481,1501,1670,1675,1723,1749,1756,1915,1973,2034,2035,2051,2061,2091,2222,2338,2407,2432,2645,2674,2695,2723,2774,2778,3284,3797,3798,3799,3800,3801,3802,3920,4323,4511,5206,5352,5494,5882,5995,6033,6347,6348,6349,6350,6351,6352,6353,6990,8666,
695;0;8011;8095;1;15,24,25,35,37,38,42,53,54,57,76,205,225,251,260,273,288,290,291,382,400,528,580,581,875,921,1118,1177,1236,1417,1469,1481,1501,1670,1675,1723,1749,1756,1915,1973,2034,2035,2051,2061,2091,2222,2338,2407,2432,2645,2674,2695,2723,2774,2778,3284,3797,3798,3799,3800,3801,3802,3920,4323,4511,5206,5352,5494,5882,5995,6033,6347,6348,6349,6350,6351,6352,6353,6990,8666,
56;0;8095;8161;1;15,24,25,35,37,38,42,53,54,57,76,205,225,251,260,273,288,290,291,382,400,528,580,581,875,921,1118,1177,1236,1417,1469,1481,1501,1670,1675,1723,1749,1756,1915,1973,2034,2035,2051,2061,2091,2222,2338,2407,2432,2645,2674,2695,2723,2774,2778,3284,3797,3798,3799,3800,3801,3802,3920,4323,4511,5206,5352,5494,5882,5995,6033,6347,6348,6349,6350,6351,6352,6353,6990,8666,
56;1;8161;8182;1;15,24,25,35,37,38,42,53,54,57,76,205,225,251,260,273,288,290,291,382,400,528,580,581,875,921,1118,1177,1236,1417,1469,1481,1501,1670,1675,1723,1749,1756,1915,1973,2034,2035,2051,2061,2091,2222,2338,2407,2432,2645,2674,2695,2723,2774,2778,3284,3797,3798,3799,3800,3801,3802,3920,4323,4511,5206,5352,5494,5882,5995,6033,6347,6348,6349,6350,6351,6352,6353,6990,8666,
627;0;8640;8733;1;15,24,25,35,37,38,42,53,54,57,76,205,225,233,251,260,271,273,288,290,291,292,382,400,528,580,581,591,839,875,921,1117,1118,1177,1236,1417,1469,1481,1501,1540,1670,1675,1723,1749,1756,1915,1973,2034,2035,2051,2061,2091,2092,2222,2338,2407,2432,2645,2674,2695,2723,2774,2775,2777,2778,3263,3267,3284,3797,4605,4606,4617,5340,5410,5995,6226,6329,6366,8035,8036,
661;0;8733;8827;1;15,24,25,35,37,38,42,53,54,57,76,205,225,233,251,260,271,273,288,290,291,292,382,400,434,528,580,581,591,839,875,921,1117,1118,1177,1236,1417,1469,1481,1501,1540,1670,1675,1723,1749,1756,1915,1973,2034,2035,2051,2061,2091,2092,2222,2338,2407,2432,2645,2674,2695,2723,2774,2775,2776,2777,2778,3263,3267,3284,3797,4567,4604,4605,4606,4639,4765,5043,5995,9204,
622;0;8827;8933;1;15,24,25,35,37,38,42,53,54,57,76,144,205,225,233,251,260,271,273,274,275,288,290,291,292,382,400,434,528,580,581,591,769,816,839,843,875,921,948,951,1043,1072,1117,1118,1177,1236,1417,1469,1481,1501,1540,1610,1670,1675,1723,1915,1916,1973,2091,2338,2398,2645,2674,2680,2774,2775,2776,2777,2778,3267,3284,4080,4604,4606,4747,4753,4829,5531,5757,5995,
693;0;8933;9042;1;15,24,25,35,37,38,42,53,54,57,76,88,97,144,205,225,233,251,260,271,273,274,275,277,288,290,291,292,382,400,434,528,580,581,591,767,769,773,816,839,843,875,921,948,1118,1236,1481,1530,1540,1723,1914,1915,1973,2091,2645,2668,2674,2714,2774,2775,2776,2777,2778,2806,2898,2988,3267,3284,4093,4604,4606,5757,5995,6098,6099,7217,7423,8238,8567,8568,
537;0;9042;9153;1;15,24,25,35,37,38,42,53,54,57,63,76,88,97,144,159,205,225,233,251,260,271,273,274,275,277,288,290,291,292,382,400,434,528,580,581,591,767,769,773,875,881,921,948,1118,1236,1284,1286,1293,1481,1540,1723,1781,1914,1973,2019,2091,2179,2417,2645,2674,2774,2775,2776,2777,2778,2847,2898,3267,3284,3598,3831,4450,4604,4606,5405,5442,5443,5757,5995,
744;0;9153;9273;1;15,24,25,35,37,38,42,53,54,57,63,76,88,97,144,159,205,225,233,251,260,271,273,274,275,276,277,288,290,291,292,382,400,434,528,580,581,591,767,769,773,875,881,921,948,1118,1236,1284,1286,1293,1481,1540,1723,1781,1914,1973,2019,2091,2179,2417,2645,2674,2774,2775,2776,2777,2778,2847,2898,3267,3284,3598,3831,4450,4604,4606,5405,5442,5757,5995,
570;0;9273;9396;1;7,8,38,95,144,156,210,390,392,394,398,505,528,651,729,736,858,875,1049,1050,1051,1052,1053,1054,1057,1058,1059,1293,1435,1481,1558,1575,1723,1996,2080,2179,2221,2309,2330,2774,2775,2776,2777,2778,2849,2957,3126,3511,3527,3532,3774,3832,3833,3834,3835,3847,4064,4285,4604,4607,4627,4633,4857,4949,5116,5329,5343,5529,5757,6015,6361,6686,7272,8143,8190,8194,8195,8196,8197,8198,
623;0;9396;9521;1;7,8,38,95,144,156,210,390,392,394,398,505,528,651,729,736,858,875,1049,1050,1051,1052,1053,1054,1057,1058,1059,1293,1435,1481,1558,1575,1723,1996,2080,2179,2221,2309,2330,2774,2775,2776,2777,2778,2849,2957,3126,3511,3527,3532,3774,3832,3833,3834,3835,3847,4064,4285,4604,4607,4627,4633,4857,4949,5116,5329,5343,5529,5757,6015,6361,6686,7272,8143,8190,8194,8195,8196,8197,8198,
734;0;9521;9652;1;7,8,38,95,144,156,210,390,392,394,398,505,528,651,729,736,858,875,1049,1050,1051,1052,1053,1054,1057,1058,1059,1293,1435,1481,1558,1575,1723,1996,2080,2179,2221,2309,2330,2774,2775,2776,2777,2778,2849,2957,3126,3511,3527,3532,3774,3832,3833,3834,3835,3847,4064,4285,4604,4607,4627,4633,4857,4949,5116,5329,5343,5529,5757,6015,6361,6686,7272,8143,8190,8194,8195,8196,8197,8198,
170;0;9652;9688;1;7,8,38,95,144,156,210,390,392,394,398,505,528,651,729,736,858,875,1049,1050,1051,1052,1053,1054,1057,1058,1059,1293,1435,1481,1558,1575,1723,1996,2080,2179,2221,2309,2330,2774,2775,2776,2777,2778,2849,2957,3126,3511,3527,3532,3774,3832,3833,3834,3835,3847,4064,4285,4604,4607,4627,4633,4857,4949,5116,5329,5343,5529,5757,6015,6361,6686,7272,8143,8190,8194,8195,8196,8197,8198,
170;1;9688;9783;1;7,8,38,95,144,156,210,390,392,394,398,505,528,651,729,736,858,875,1049,1050,1051,1052,1053,1054,1057,1058,1059,1293,1435,1481,1558,1575,1723,1996,2080,2179,2221,2309,2330,2774,2775,2776,2777,2778,2849,2957,3126,3511,3527,3532,3774,3832,3833,3834,3835,3847,4064,4285,4604,4607,4627,4633,4857,4949,5116,5329,5343,5529,5757,6015,6361,6686,7272,8143,8190,8194,8195,8196,8197,8198,
731;0;9783;9920;1;7,8,38,95,144,156,210,390,392,394,398,505,528,651,729,736,858,875,1049,1050,1051,1052,1053,1054,1057,1058,1059,1293,1435,1481,1558,1575,1723,1996,2080,2179,2221,2309,2330,2774,2775,2776,2777,2778,2849,2957,3126,3511,3527,3532,3774,3832,3833,3834,3835,3847,4064,4285,4604,4607,4627,4633,4857,4949,5116,5329,5343,5529,5757,6015,6361,6686,7272,8143,8190,8194,8195,8196,8197,8198,
560;0;9920;10067;1;7,8,38,95,144,156,210,390,392,394,398,505,528,651,729,736,858,875,1049,1050,1051,1052,1053,1054,1057,1058,1059,1293,1435,1481,1558,1575,1723,1996,2080,2179,2221,2309,2330,2774,2775,2776,2777,2778,2849,2957,3126,3511,3527,3532,3774,3832,3833,3834,3835,3847,4064,4285,4604,4607,4627,4633,4857,4949,5116,5329,5343,5529,5757,6015,6361,6686,7272,8143,8190,8194,8195,8196,8197,8198,
Machine: 1
683;0;0;18;1;3,19,55,90,137,139,144,148,149,152,251,262,275,286,291,303,312,321,391,426,567,772,773,843,854,855,905,911,948,1071,1093,1118,1134,1280,1293,1361,1424,1502,1558,1565,1572,1751,1759,1808,1816,1922,1940,2179,2223,2224,2230,2305,2306,2416,2498,2826,2961,3034,3409,3606,4427,4672,4728,4747,5107,5108,5281,5876,6152,8551,8555,8557,8558,8559,8560,8561,8562,8563,8564,8565,
551;0;18;40;1;3,19,55,90,137,139,144,148,149,152,251,262,275,286,291,303,312,321,391,426,567,772,773,843,854,855,905,911,948,1071,1093,1118,1134,1280,1293,1361,1424,1502,1558,1565,1572,1751,1759,1808,1816,1922,1940,2179,2223,2224,2230,2305,2306,2416,2498,2826,2961,3034,3409,3606,4427,4672,4728,4747,5107,5108,5281,5876,6152,8551,8555,8557,8558,8559,8560,8561,8562,8563,8564,8565,
512;0;40;71;1;3,19,55,90,137,139,144,148,149,152,251,262,275,286,291,303,312,321,391,426,567,772,773,843,854,855,905,911,948,1071,1093,1118,1134,1280,1293,1361,1424,1502,1558,1565,1572,1751,1759,1808,1816,1922,1940,2179,2223,2224,2230,2305,2306,2416,2498,2826,2961,3034,3409,3606,4427,4672,4728,4747,5107,5108,5281,5876,6152,8551,8555,8557,8558,8559,8560,8561,8562,8563,8564,8565,
649;0;71;107;1;3,19,55,90,137,139,144,148,149,152,251,262,275,286,291,303,312,321,391,426,567,772,773,843,854,855,905,911,948,1071,1093,1118,1134,1280,1293,1361,1424,1502,1558,1565,1572,1751,1759,1808,1816,1922,1940,2179,2223,2224,2230,2305,2306,2416,2498,2826,2961,3034,3409,3606,4427,4672,4728,4747,5107,5108,5281,5876,6152,8551,8555,8557,8558,8559,8560,8561,8562,8563,8564,8565,
677;0;107;155;1;3,19,55,90,137,139,144,148,149,152,251,262,275,286,291,303,312,321,391,426,567,772,773,843,854,855,905,911,948,1071,1093,1118,1134,1280,1293,1361,1424,1502,1558,1565,1572,1751,1759,1808,1816,1922,1940,2179,2223,2224,2230,2305,2306,2416,2498,2826,2961,3034,3409,3606,4427,4672,4728,4747,5107,5108,5281,5876,6152,8551,8555,8557,8558,8559,8560,8561,8562,8563,8564,8565,
729;0;155;212;1;3,19,55,90,137,139,144,148,149,152,251,262,275,286,291,303,312,321,391,426,567,772,773,843,854,855,905,911,948,1071,1093,1118,1134,1280,1293,1361,1424,1502,1558,1565,1572,1751,1759,1808,1816,1922,1940,2179,2223,2224,2230,2305,2306,2416,2498,2826,2961,3034,3409,3606,4427,4672,4728,4747,5107,5108,5281,5876,6152,8551,8555,8557,8558,8559,8560,8561,8562,8563,8564,8565,
62;0;212;217;1;3,19,55,90,137,139,144,148,149,152,251,262,275,286,291,303,312,321,391,426,567,591,772,773,843,854,855,905,911,948,1071,1093,1118,1134,1280,1293,1361,1424,1502,1558,1565,1572,1751,1759,1808,1816,1922,1940,2051,2052,2179,2223,2224,2230,2305,2306,2416,2498,2826,2961,3034,3409,3606,4427,4672,4728,4747,5107,5108,5281,5876,6152,8551,8555,8557,8558,8559,8560,8561,8562,
62;1;217;277;1;3,19,26,55,90,137,139,144,148,149,152,251,262,275,286,291,303,312,321,391,426,528,567,591,772,773,843,854,855,905,911,948,1071,1093,1118,1134,1268,1274,1280,1287,1293,1295,1297,1361,1424,1502,1558,1565,1572,1702,1751,1759,1808,1816,1922,1940,2051,2052,2179,2223,2224,2230,2261,2305,2306,2416,2419,2420,2444,2446,2498,2826,2961,3034,3409,4206,8551,8555,8557,8559,
579;0;277;346;1;3,19,26,55,90,137,139,144,148,149,152,225,231,241,251,262,275,286,291,303,312,321,391,426,528,567,591,640,647,772,773,843,854,855,905,911,948,1071,1093,1118,1134,1268,1274,1280,1287,1293,1295,1297,1361,1424,1478,1480,1502,1558,1565,1572,1702,1751,1759,1808,1816,1922,1940,2051,2052,2179,2223,2224,2230,2261,2305,2306,2419,2498,3034,4206,8551,8555,8557,8559,
13;0;346;408;1;3,19,26,55,90,97,137,139,144,148,149,152,225,231,241,251,262,275,277,286,291,303,312,321,390,391,404,426,429,528,567,591,640,647,772,773,843,854,855,905,911,948,1071,1093,1118,1134,1268,1274,1280,1287,1293,1295,1297,1361,1424,1478,1480,1502,1558,1565,1572,1702,1751,1759,2052,2179,2306,2419,2498,3034,4206,4536,4553,4575,4683,7031,8551,8555,8557,8559,
13;1;408;422;1;3,26,55,90,97,137,139,144,148,149,225,231,241,251,262,277,291,303,312,321,390,391,404,429,528,529,591,640,647,773,843,854,855,905,911,948,1093,1118,1134,1266,1268,1270,1280,1287,1288,1293,1294,1295,1297,1322,1361,1424,1478,1480,1558,1702,1759,2052,2240,2241,2242,2264,2306,2410,2419,2498,2876,3034,3702,4206,4217,4536,4553,4575,4624,4683,8551,8555,8557,8559,
582;0;422;499;1;3,26,55,97,137,139,144,145,146,149,225,241,251,262,277,288,291,303,312,314,321,329,390,391,398,404,429,528,529,591,640,647,773,838,843,854,855,911,948,949,1093,1118,1134,1266,1268,1270,1280,1287,1288,1293,1295,1297,1322,1361,1424,1478,1479,1488,1513,1540,1558,1759,2264,2306,2410,2419,2498,3702,4206,4536,4553,4575,4683,4968,5050,5646,8551,8555,8557,8559,
81;0;499;535;1;3,55,97,137,139,144,145,149,225,241,251,262,277,288,291,303,312,314,321,329,390,391,398,404,429,528,591,640,647,773,838,843,854,855,911,948,949,1093,1118,1134,1266,1268,1270,1280,1287,1293,1295,1322,1361,1478,1479,1488,1540,1558,1759,2264,2306,2410,2498,4553,8551,8555,8557,8559,9049,9050,9051,9052,9053,9054,9055,9056,9057,9058,9059,9060,9061,9062,9063,9064,
81;1;535;581;1;3,55,97,137,139,144,145,149,225,241,251,262,277,288,291,303,312,314,321,329,390,391,398,404,429,528,591,640,647,773,838,843,854,855,911,948,949,1072,1093,1118,1134,1266,1268,1270,1280,1287,1293,1295,1322,1361,1478,1479,1488,1540,1558,1666,1759,2264,2306,2410,2498,2625,2626,2627,2629,2634,2657,2663,2706,2713,2736,4553,8551,8555,8557,8559,9049,9050,9051,9052,
607;0;581;665;1;3,55,97,137,139,144,145,149,225,241,251,262,277,288,291,303,312,314,321,329,390,391,398,404,429,528,591,640,647,773,838,843,854,855,911,948,949,1072,1093,1118,1134,1266,1268,1270,1280,1287,1293,1295,1322,1361,1401,1474,1478,1479,1488,1540,1558,1666,1759,2264,2306,2355,2410,2498,2625,2626,2627,2629,2634,2657,2663,2706,2713,2736,4553,8551,8555,8557,8559,9049,
559;0;665;753;1;27,30,97,100,117,137,144,145,147,169,178,206,208,225,241,251,262,277,288,291,314,321,351,390,396,398,404,427,429,502,504,510,838,848,1027,1051,1089,1145,1146,1281,1474,1478,1530,1558,1580,1587,1915,1942,1943,1944,2394,2627,2643,2645,2678,2679,3010,3016,3028,3915,4775,5053,5890,6098,6401,7316,7463,8368,8369,8370,8371,8787,8788,8968,8969,8970,8971,8972,8973,8974,
178;0;753;830;1;27,30,97,100,117,137,144,145,147,169,178,206,208,225,241,251,262,277,288,291,314,321,351,390,396,398,404,427,429,502,504,510,838,848,1027,1051,1089,1145,1146,1281,1474,1478,1530,1558,1580,1587,1915,1942,1943,1944,2394,2627,2643,2645,2678,2679,3010,3016,3028,3915,4775,5053,5890,6098,6401,7316,7463,8368,8369,8370,8371,8787,8788,8968,8969,8970,8971,8972,8973,8974,
178;1;830;845;1;27,30,97,100,117,137,144,145,147,169,178,206,208,225,241,251,262,277,288,291,314,321,351,390,396,398,404,427,429,502,504,510,838,848,1027,1051,1089,1145,1146,1281,1474,1478,1530,1558,1580,1587,1915,1942,1943,1944,2394,2627,2643,2645,2678,2679,3010,3016,3028,3915,4775,5053,5890,6098,6401,7316,7463,8368,8369,8370,8371,8787,8788,8968,8969,8970,8971,8972,8973,8974,
568;0;845;939;1;27,30,97,100,117,137,144,145,147,169,178,206,208,225,241,251,262,277,288,291,314,321,351,390,396,398,404,427,429,502,504,510,838,848,1027,1051,1089,1145,1146,1281,1474,1478,1530,1558,1580,1587,1915,1942,1943,1944,2394,2627,2643,2645,2678,2679,3010,3016,3028,3915,4775,5053,5890,6098,6401,7316,7463,8368,8369,8370,8371,8787,8788,8968,8969,8970,8971,8972,8973,8974,
26;0;1440;1527;1;27,30,97,100,117,137,144,145,147,169,178,206,208,225,238,241,251,262,277,288,291,302,314,321,351,382,390,396,398,404,427,429,502,504,510,838,848,1027,1051,1089,1145,1146,1234,1281,1430,1473,1474,1478,1530,1558,1580,1587,1800,1944,2109,2394,2627,2643,2645,2679,2818,2821,2824,3132,4775,4889,4890,4891,4892,4893,4894,4895,4896,4897,4898,4899,5053,6098,7316,7463,
26;1;1527;1547;1;27,30,97,100,117,137,144,145,147,169,178,206,208,225,238,241,251,262,277,288,291,302,314,321,351,382,390,396,398,404,427,429,502,504,510,838,848,1027,1051,1089,1145,1146,1234,1281,1430,1473,1474,1478,1530,1558,1580,1587,1800,1944,2109,2394,2627,2643,2645,2679,2818,2821,2824,3132,4775,4889,4890,4891,4892,4893,4894,4895,4896,4897,4898,4899,5053,6098,7316,7463,
791;0;1547;1600;0;27,30,97,100,117,137,144,145,147,169,178,206,208,225,238,241,251,262,277,288,291,302,314,321,351,382,390,396,398,404,427,429,502,504,510,838,848,1027,1051,1089,1145,1146,1234,1281,1430,1473,1474,1478,1530,1558,1580,1587,1800,1944,2109,2394,2627,2643,2645,2679,2818,2821,2823,2824,3132,4775,4889,4890,4891,4892,4893,4894,4895,4896,4897,4898,5053,6098,7316,7463,
111;0;1600;1780;0;27,30,97,100,117,137,144,145,147,169,178,206,208,225,238,241,251,262,277,288,291,302,314,321,351,382,390,396,398,404,427,429,502,504,510,838,848,1027,1051,1089,1145,1146,1147,1234,1281,1430,1473,1474,1478,1530,1558,1580,1587,1800,1811,1944,2109,2394,2531,2552,2553,2554,2627,2643,2645,2679,2818,2821,2823,2824,3132,4775,4889,4890,4891,4892,5053,6098,7316,7463,
111;1;1780;1905;0;27,30,54,97,100,117,137,144,145,147,169,178,204,206,208,225,238,241,251,262,277,288,291,302,314,321,351,382,390,396,398,404,427,429,502,504,510,838,848,1011,1027,1051,1089,1145,1146,1147,1186,1234,1281,1430,1473,1474,1478,1530,1558,1580,1587,1800,1811,1944,2003,2109,2394,2512,2531,2552,2553,2554,2627,2643,2645,2679,2818,2824,4775,5021,5053,6098,7316,7463,
70;0;1905;2063;0;27,30,54,97,100,117,137,144,145,147,169,178,204,206,208,225,238,241,251,262,277,288,291,302,314,321,351,382,390,396,398,404,427,429,502,504,510,838,848,1011,1027,1051,1089,1145,1146,1147,1186,1234,1281,1430,1473,1474,1478,1530,1558,1580,1587,1800,1811,1944,2003,2109,2394,2512,2531,2552,2553,2627,2643,2645,2679,2818,2824,4775,5053,6098,7316,7463,9155,9156,
70;1;2063;2146;0;27,30,54,97,100,117,137,144,145,147,169,178,204,206,208,225,238,241,251,262,277,288,291,302,314,321,339,351,382,390,396,398,404,427,429,502,504,510,838,848,895,1011,1041,1051,1145,1146,1147,1281,1474,1478,1529,1558,1580,1587,1811,1944,2109,2394,2512,2531,2599,2627,2643,2645,2679,2818,2824,2970,2971,2972,2973,2974,2975,2976,2977,4775,5053,6098,7316,7463,
15;0;2146;2311;0;4,7,27,95,100,117,137,139,142,143,144,145,177,204,225,262,273,277,288,291,292,302,305,310,314,317,321,390,395,398,429,439,442,591,647,833,838,848,854,927,948,1056,1062,1092,1118,1121,1132,1283,1370,1373,1375,1474,1478,1676,1811,1932,2388,2394,2509,2531,2614,2645,2679,2687,2816,3286,3389,4018,4545,4647,5536,6098,6263,6413,6414,6415,6416,6417,7316,8391,
15;1;2311;2374;0;4,7,27,95,100,117,137,139,142,143,144,145,177,204,225,262,273,277,288,291,292,302,305,310,314,317,321,390,395,398,429,439,442,591,647,833,838,848,854,927,948,1056,1062,1092,1118,1121,1132,1283,1370,1373,1375,1474,1478,1676,1811,1932,2388,2394,2509,2531,2614,2645,2679,2687,2816,3286,3389,4018,4545,4647,5536,6098,6263,6413,6414,6415,6416,6417,7316,8391,
105;0;2374;2494;0;4,7,27,95,100,117,137,139,142,143,144,145,177,204,225,262,273,277,288,291,292,302,305,310,314,317,321,390,395,398,429,439,442,591,647,833,838,848,854,927,948,1056,1062,1092,1118,1121,1132,1283,1370,1373,1375,1474,1478,1676,1811,1932,2388,2394,2509,2531,2614,2645,2679,2687,2816,3286,3389,4018,4545,4647,5536,6098,6263,6413,6414,6415,6416,6417,7316,8391,
105;1;2494;2599;0;4,7,27,95,100,117,137,139,142,143,144,145,177,204,225,262,273,277,288,291,292,302,305,310,314,317,321,390,395,398,429,439,442,591,647,833,838,848,854,927,948,1056,1062,1092,1118,1121,1132,1283,1370,1373,1375,1474,1478,1676,1811,1932,2388,2394,2509,2531,2614,2645,2679,2687,2816,3286,3389,4018,4545,4647,5536,6098,6263,6413,6414,6415,6416,6417,7316,8391,
11;0;2599;2659;0;4,7,27,95,100,117,137,139,142,143,144,145,177,204,225,262,273,277,288,291,292,302,305,310,314,317,321,390,395,398,429,439,442,591,647,833,838,848,854,927,948,1056,1062,1092,1118,1121,1132,1283,1370,1373,1375,1474,1478,1676,1811,1932,2388,2394,2509,2531,2614,2645,2679,2687,2816,3286,3389,4018,4545,4647,5536,6098,6263,6413,6414,6415,6416,6417,7316,8391,
11;1;2880;3040;0;4,7,27,95,100,117,137,139,142,143,144,145,177,204,225,262,273,277,288,291,292,302,305,310,314,317,321,390,395,398,429,439,442,591,647,833,838,848,854,927,948,1056,1062,1092,1118,1121,1132,1266,1283,1370,1373,1375,1474,1478,1676,1811,1932,2260,2388,2394,2410,2509,2531,2614,2645,2679,2687,2794,2816,2842,3286,3389,4018,4450,4545,4647,5536,6098,6263,6413,
144;0;3040;3116;0;4,7,27,95,100,117,137,139,142,143,144,145,177,189,204,225,247,262,273,277,288,291,292,302,305,310,314,317,321,390,395,398,429,439,442,591,647,734,833,838,848,854,927,948,1056,1062,1092,1118,1121,1132,1266,1270,1283,1293,1322,1370,1373,1375,1474,1478,1676,1811,1932,2154,2260,2388,2394,2410,2509,2531,2614,2645,2679,2687,2794,2816,2842,3286,4545,6263,
144;1;3116;3247;0;4,7,27,95,100,117,137,139,142,143,144,145,177,189,204,225,247,262,273,277,288,291,292,302,305,310,314,317,321,390,395,398,429,439,442,559,591,647,734,833,838,848,854,927,948,1056,1062,1092,1118,1121,1132,1266,1269,1270,1271,1275,1280,1283,1284,1287,1289,1290,1293,1295,1322,1370,1373,1375,1474,1478,1676,1811,1932,2154,2260,2394,2410,2645,4545,6263,
136;0;3247;3346;0;4,7,27,95,100,117,137,139,142,143,144,145,177,189,204,225,233,247,262,273,277,288,291,292,302,305,310,314,317,321,377,390,395,398,429,439,442,559,591,647,734,833,838,848,854,948,1062,1117,1118,1121,1269,1270,1271,1280,1283,1284,1287,1289,1290,1293,1295,1322,1359,1474,1478,1675,1676,1680,1811,1913,1973,2394,2410,2613,2645,2994,3014,4545,6263,7217,
136;1;3346;3441;0;4,24,74,95,100,117,137,139,144,145,150,177,185,186,189,202,204,225,233,247,288,314,377,395,429,454,460,578,647,655,734,867,872,948,979,1062,1068,1152,1226,1269,1271,1293,1359,1478,1511,1562,1676,1718,1875,1973,2198,2276,2337,2645,2845,2921,2936,3004,3082,3612,4074,5175,5266,5290,5708,5927,6510,6568,6678,6776,7826,7975,8060,8061,8062,8063,8064,8065,8066,8256,
66;0;3441;3550;0;4,24,74,95,100,117,137,138,139,144,145,150,177,185,186,189,202,204,225,233,247,288,314,377,395,429,454,460,578,644,645,647,655,734,867,872,892,896,911,948,979,1062,1068,1075,1152,1226,1269,1271,1293,1359,1472,1478,1511,1562,1623,1661,1667,1676,1718,1973,2103,2337,2427,2428,2429,2430,2431,2432,2433,2434,2435,2436,2437,2438,2439,2440,2441,2442,2645,3612,
66;1;3550;3630;0;3,4,34,60,62,95,137,139,144,181,204,225,247,288,335,337,391,395,429,448,553,554,694,734,766,769,773,843,858,907,948,979,1043,1051,1146,1248,1269,1359,1361,1401,1472,1477,1478,1671,1809,1999,2006,2109,2185,2315,2626,2627,2633,2661,2849,3121,3482,3511,3512,3583,3621,3906,4103,4104,4105,4238,4280,4553,4727,5082,5830,5984,6101,6107,6109,6113,6181,6340,6694,7339,
50;0;3630;3750;0;3,4,34,60,62,95,137,139,144,181,204,225,247,288,335,337,391,395,429,448,553,554,694,734,766,769,773,843,858,907,948,979,1043,1051,1146,1248,1269,1359,1361,1401,1472,1477,1478,1671,1809,1999,2006,2109,2185,2315,2626,2627,2633,2661,2849,3121,3482,3511,3512,3583,3621,3906,4103,4104,4105,4238,4280,4553,4727,5082,5830,5984,6101,6107,6109,6113,6181,6340,6694,7339,
50;1;3750;3811;0;3,4,34,60,62,95,137,139,144,181,204,225,247,288,335,337,391,395,429,448,553,554,694,734,766,769,773,843,858,907,948,979,1043,1051,1146,1248,1269,1359,1361,1401,1472,1477,1478,1671,1809,1999,2006,2109,2185,2315,2626,2627,2633,2661,2849,3121,3482,3511,3512,3583,3621,3906,4103,4104,4105,4238,4280,4553,4727,5082,5830,5984,6101,6107,6109,6113,6181,6340,6694,7339,
687;0;3811;3991;0;3,4,34,60,62,95,137,139,144,181,204,225,247,288,335,337,391,395,429,448,553,554,694,734,766,769,773,843,858,907,948,979,1043,1051,1146,1248,1269,1359,1361,1401,1472,1477,1478,1671,1809,1999,2006,2109,2185,2315,2626,2627,2633,2661,2849,3121,3482,3511,3512,3583,3621,3906,4103,4104,4105,4238,4280,4553,4727,5082,5830,5984,6101,6107,6109,6113,6181,6340,6694,7339,
106;0;3991;3999;0;3,4,34,60,62,95,137,139,144,181,204,225,247,288,335,337,391,395,429,448,553,554,694,734,766,769,773,843,858,907,948,979,1043,1051,1146,1248,1269,1359,1361,1401,1472,1477,1478,1671,1809,1999,2006,2109,2185,2315,2626,2627,2633,2661,2849,3121,3482,3511,3512,3583,3621,3906,4103,4104,4105,4238,4280,4553,4727,5082,5830,5984,6101,6107,6109,6113,6181,6340,6694,7339,
106;1;3999;4169;0;3,4,34,60,62,95,137,139,144,181,204,225,247,288,335,337,391,395,429,448,553,554,694,734,766,769,773,843,858,907,948,979,1043,1051,1146,1248,1269,1359,1361,1401,1472,1477,1478,1671,1809,1999,2006,2109,2185,2315,2626,2627,2633,2661,2849,3121,3482,3511,3512,3583,3621,3906,4103,4104,4105,4238,4280,4553,4727,5082,5830,5984,6101,6107,6109,6113,6181,6340,6694,7339,
236;0;4169;4252;0;3,4,34,60,62,95,137,139,144,181,204,225,247,288,335,337,391,395,429,448,553,554,694,734,766,769,773,843,858,907,948,979,1043,1051,1146,1248,1269,1359,1361,1401,1472,1477,1478,1671,1809,1999,2006,2109,2185,2315,2626,2627,2633,2661,2849,3121,3482,3511,3512,3583,3621,3906,4103,4104,4105,4238,4280,4553,4727,5082,5830,5984,6101,6107,6109,6113,6181,6340,6694,7339,
236;1;4320;4398;0;3,4,34,60,62,95,137,139,144,181,204,225,247,288,335,337,391,395,429,448,553,554,694,734,766,769,773,843,858,907,948,979,1043,1051,1146,1248,1269,1359,1361,1401,1472,1477,1478,1671,1809,1999,2006,2064,2109,2185,2315,2626,2627,2633,2661,2849,3121,3482,3511,3512,3583,3621,3906,4103,4104,4105,4238,4280,4553,4727,5082,5830,5984,6101,6107,6109,6424,6791,7029,8400,
12;0;4398;4517;0;3,4,34,60,62,95,137,139,144,181,204,225,247,288,333,335,337,391,395,429,448,553,554,694,734,766,769,773,843,858,907,948,979,1043,1051,1146,1233,1236,1248,1269,1359,1361,1401,1472,1477,1478,1671,1749,1809,1999,2006,2064,2109,2185,2315,2626,2627,2633,2661,2849,3121,3482,3511,3512,3583,3621,3906,4103,4104,4105,4238,4280,4553,4727,5082,5830,5984,6101,6107,6850,
12;1;4517;4554;0;3,4,34,60,62,95,137,139,144,181,204,225,247,288,293,333,335,337,348,391,395,429,448,553,554,694,734,766,769,773,843,858,907,948,979,1043,1051,1146,1233,1236,1269,1472,1478,1481,1809,1999,2064,2109,2315,2353,2498,2626,2627,2661,2849,3621,4280,4553,6334,6595,7302,7304,7305,7306,7423,7800,7801,7802,7803,7804,7805,7806,7807,7808,7809,7810,7811,7812,7813,7814,
634;0;4554;4705;0;3,4,34,60,62,95,137,139,144,181,204,225,247,288,293,333,335,337,348,391,395,429,448,553,554,694,734,766,769,773,843,858,907,948,979,1043,1051,1146,1233,1236,1269,1472,1478,1481,1809,1999,2064,2109,2315,2353,2626,2627,2661,2849,3209,3210,3488,3621,4280,4553,6595,6930,7801,7802,7804,7805,7806,7812,7814,8340,8397,8763,8765,8766,8767,8768,8769,8770,8773,8774,
648;0;4705;4853;0;3,4,34,60,62,95,137,139,144,181,204,225,247,288,293,333,335,337,348,391,395,429,448,553,554,694,734,766,769,773,843,858,907,948,979,1043,1051,1146,1233,1236,1269,1472,1478,1481,1809,1999,2064,2109,2315,2353,2626,2627,2661,2849,3209,3210,3488,3621,4280,4553,6595,6930,7801,7802,7804,7805,7806,7812,7814,7899,8340,8397,8763,8765,8766,8767,8768,8769,8770,8773,
676;0;4853;5000;0;3,4,34,60,62,95,137,139,144,181,204,225,247,288,293,333,335,337,348,391,395,429,448,553,554,694,734,766,769,773,843,858,907,948,979,1043,1051,1146,1233,1236,1269,1472,1478,1481,1809,1999,2064,2109,2315,2353,2626,2627,2661,2849,3209,3210,3488,3621,4280,4553,6595,6930,7369,7801,7802,7804,7805,7806,7812,7814,7899,8340,8397,8763,8765,8766,8767,8768,8769,8770,
601;0;5000;5144;0;15,55,60,61,95,100,137,144,165,181,198,208,225,226,234,247,251,288,329,391,395,399,528,533,666,677,715,734,736,766,769,773,843,858,948,979,989,1268,1269,1273,1425,1472,1476,1478,1481,1509,1529,1580,1895,1984,1999,2109,2117,2131,2157,2221,2475,2512,2627,2651,3718,3891,3894,4308,4309,4455,4585,5525,6194,6309,6411,6412,6930,6945,7360,7431,7801,7802,7804,7805,
640;0;5144;5280;0;15,55,60,61,95,100,137,144,165,181,198,208,225,226,234,247,251,288,329,391,395,399,528,533,666,677,715,734,736,766,769,773,843,858,948,979,989,1268,1269,1273,1425,1472,1476,1478,1481,1509,1529,1580,1895,1984,1999,2109,2117,2131,2157,2221,2475,2512,2627,2651,3718,3891,3894,4308,4309,4455,4585,5525,6194,6309,6411,6412,6930,6945,7360,7431,7801,7802,7804,7805,
719;0;5280;5412;0;15,55,60,61,95,100,137,144,165,181,198,208,225,226,234,247,251,288,329,391,395,399,528,533,666,677,715,734,736,766,769,773,843,858,948,979,989,1268,1269,1273,1425,1472,1476,1478,1481,1509,1529,1580,1895,1984,1999,2109,2117,2131,2157,2221,2475,2512,2627,2651,3718,3891,3894,4308,4309,4455,4585,5525,6194,6309,6411,6412,6930,6945,7360,7431,7801,7802,7804,7805,
737;0;5412;5543;0;15,55,60,61,95,100,137,144,165,181,198,208,225,226,234,247,251,288,329,391,395,399,528,533,666,677,715,734,736,766,769,773,843,858,948,979,989,1268,1269,1273,1425,1472,1476,1478,1481,1509,1529,1580,1895,1984,1999,2109,2117,2131,2157,2221,2475,2512,2627,2651,3718,3891,3894,4308,4309,4455,4585,5525,6194,6309,6411,6412,6930,6945,7360,7431,7801,7802,7804,7805,
45;0;5543;5646;0;15,55,60,61,95,100,137,144,165,181,198,208,225,226,234,247,251,288,329,391,395,399,528,533,666,677,715,734,736,766,769,773,843,858,948,979,989,1268,1269,1273,1425,1472,1476,1478,1481,1509,1529,1580,1895,1984,1999,2109,2117,2131,2157,2221,2475,2512,2627,2651,3718,3891,3894,4308,4309,4455,4585,5525,6194,6309,6411,6412,6930,6945,7360,7431,7801,7802,7804,7805,
45;1;5646;5673;0;15,55,60,61,95,100,137,144,165,181,198,208,225,226,234,247,251,288,329,391,395,399,528,533,666,677,715,734,736,766,769,773,843,858,948,979,989,1268,1269,1273,1425,1472,1476,1478,1481,1509,1529,1580,1895,1984,1999,2109,2117,2131,2157,2221,2475,2512,2627,2651,3718,3891,3894,4308,4309,4455,4585,5525,6194,6309,6411,6412,6930,6945,7360,7431,7801,7802,7804,7805,
132;0;5673;5705;0;15,55,60,61,95,100,137,144,165,181,198,208,225,226,234,247,251,288,329,391,395,399,528,533,666,677,715,734,736,766,769,773,843,858,948,979,989,1268,1269,1273,1425,1472,1476,1478,1481,1509,1529,1580,1895,1984,1999,2109,2117,2131,2157,2221,2475,2512,2627,2651,3718,3891,3894,4308,4309,4455,4585,5525,6194,6309,6411,6412,6930,6945,7360,7431,7801,7802,7804,7805,
132;1;5705;5799;0;15,55,60,61,95,100,137,144,165,181,198,208,225,226,234,247,251,288,329,391,395,399,528,533,666,677,715,734,736,766,769,773,843,858,948,979,989,1268,1269,1273,1425,1472,1476,1478,1481,1509,1529,1580,1895,1984,1999,2109,2117,2131,2157,2221,2475,2512,2627,2651,3718,3891,3894,4308,4309,4455,4585,5525,6194,6309,6411,6412,6930,6945,7360,7431,7801,7802,7804,7805,
612;0;5799;5923;0;15,55,60,61,95,100,137,144,165,181,198,208,225,226,233,234,247,251,288,329,391,395,396,399,434,528,533,666,677,715,734,736,766,769,773,843,858,948,979,989,1134,1268,1269,1273,1425,1472,1476,1478,1481,1509,1529,1580,1971,1999,2109,2221,2512,2627,2658,2729,2774,2778,4392,4567,4627,4650,4651,5411,5525,5605,5695,5841,5853,5854,5855,6930,7801,7802,7804,7805,
594;0;5923;6041;0;15,55,60,61,95,100,137,144,165,181,198,208,225,226,251,288,314,329,377,391,395,396,434,528,647,666,677,715,766,769,773,843,855,858,891,948,949,1134,1148,1268,1269,1273,1417,1425,1476,1478,1479,1481,1488,1540,1580,1604,1971,1999,2109,2221,2512,2544,2627,2658,2696,2774,2778,3130,3258,4428,4818,5217,5218,5219,5220,5221,5222,5223,5525,6930,7801,7802,7804,7805,
94;0;6041;6068;0;15,55,60,61,95,100,137,144,145,165,181,198,208,225,226,251,288,314,329,377,391,395,396,434,528,640,647,666,677,715,766,769,773,843,855,858,891,948,949,1134,1148,1150,1268,1269,1273,1417,1425,1476,1478,1479,1481,1488,1540,1580,1604,1971,1999,2109,2221,2512,2544,2627,2658,2696,2774,2778,3130,3258,4428,4818,5217,5218,5525,5771,5772,6930,7801,7802,7804,7805,
94;1;6068;6144;0;15,55,60,61,95,100,137,144,145,165,177,178,179,180,181,182,183,184,198,208,225,226,251,288,314,329,377,391,395,396,434,528,640,647,666,677,715,766,769,773,843,855,858,891,948,949,1134,1148,1150,1268,1269,1273,1417,1425,1476,1478,1479,1481,1488,1540,1580,1604,1676,1971,1999,2109,2221,2512,2544,2627,2658,2774,2778,4428,5525,6930,7801,7802,7804,7805,
748;0;6144;6245;0;15,55,60,61,93,95,100,137,144,145,177,178,179,180,181,182,184,208,225,226,276,288,329,343,377,391,395,396,434,528,640,647,666,677,691,715,766,769,773,843,858,948,1268,1476,1478,1481,1580,1604,1971,1999,2109,2221,2594,2637,2692,2774,2778,3152,3618,4408,4428,5525,6930,7222,7223,7224,7225,7226,7227,7228,7229,7230,7231,7232,7233,7234,7801,7802,7804,7805,
700;0;6245;6343;0;15,55,60,61,93,95,100,137,144,145,177,178,179,180,181,182,184,208,225,226,276,288,329,343,377,391,395,396,434,528,640,647,666,677,691,715,766,769,773,843,858,948,1268,1476,1478,1481,1580,1604,1971,1999,2109,2221,2594,2637,2692,2774,2778,3152,3618,4408,4428,5525,6930,7222,7223,7224,7225,7226,7227,7801,7802,7804,7805,8551,8552,8553,8554,8555,8556,8557,
738;0;6343;6440;0;15,55,60,61,93,95,100,137,144,145,177,178,179,180,181,182,184,208,225,226,276,278,288,329,343,377,391,395,396,434,515,528,640,647,666,677,691,715,766,769,773,843,858,948,965,1268,1419,1476,1478,1481,1580,1604,1971,1999,2109,2221,2594,2637,2692,2774,2778,3152,3618,4408,4428,5525,6930,7222,7223,7224,7225,7226,7227,7801,7802,7804,7805,8551,8552,8553,
746;0;6440;6534;0;55,60,95,100,149,208,289,430,644,715,768,773,831,946,948,1567,1580,1768,1999,2600,2636,2640,2654,2680,2699,2714,2733,2750,2756,3539,3686,5010,5195,5951,5963,5968,5969,5976,5980,5987,5988,6007,6079,6360,6537,6538,6539,6541,6542,6549,6550,6552,6557,6559,6560,6741,6930,7132,7134,7286,7296,7299,7308,8083,8084,8085,8086,8087,8088,8089,8090,8091,8092,8093,8432,8801,8825,8826,8827,8828,
1;0;6534;6557;0;55,60,95,100,149,208,289,430,644,715,768,773,831,946,948,1567,1580,1768,1999,2600,2636,2640,2654,2680,2699,2714,2733,2750,2756,3539,3686,5010,5195,5951,5963,5968,5969,5976,5980,5987,5988,6007,6079,6360,6537,6538,6539,6541,6542,6549,6550,6552,6557,6559,6560,6741,6930,7132,7134,7286,7296,7299,7308,8083,8084,8085,8086,8087,8088,8089,8090,8091,8092,8093,8432,8801,8825,8826,8827,8828,
1;1;6557;6624;0;55,60,95,100,149,208,289,430,644,715,768,773,831,946,948,1567,1580,1768,1999,2600,2636,2640,2654,2680,2699,2714,2733,2750,2756,3539,3686,5010,5195,5951,5963,5968,5969,5976,5980,5987,5988,6007,6079,6360,6537,6538,6539,6541,6542,6549,6550,6552,6557,6559,6560,6741,6930,7132,7134,7286,7296,7299,7308,8083,8084,8085,8086,8087,8088,8089,8090,8091,8092,8093,8432,8801,8825,8826,8827,8828,
733;0;6624;6702;0;55,60,95,100,149,208,289,430,644,715,768,773,831,946,948,1567,1580,1768,1999,2600,2636,2640,2654,2680,2699,2714,2733,2750,2756,3539,3686,5010,5195,5951,5963,5968,5969,5976,5980,5987,5988,6007,6079,6360,6537,6538,6539,6541,6542,6549,6550,6552,6557,6559,6560,6741,6930,7132,7134,7286,7296,7299,7308,8083,8084,8085,8086,8087,8088,8089,8090,8091,8092,8093,8432,8801,8825,8826,8827,8828,
175;0;7200;7260;0;55,60,95,100,149,206,208,209,289,430,644,715,768,773,831,946,948,1062,1195,1293,1567,1580,1657,1768,1930,1935,1999,2306,2600,2636,2640,2654,2680,2699,2714,2733,2750,2756,2918,3241,3539,3545,3686,4212,4213,4214,5010,5195,5951,5963,5968,5969,5976,5980,5987,5988,6007,6079,6360,6537,6538,6539,6541,6542,6549,6550,6552,6557,6559,6560,6741,6930,7132,7134,7286,7296,7299,7308,8083,8084,
175;1;7260;7275;0;55,60,95,100,149,186,206,208,209,254,289,430,452,644,715,768,773,784,831,946,948,1062,1063,1195,1271,1293,1426,1567,1580,1657,1768,1930,1935,1999,2086,2306,2600,2636,2640,2654,2680,2699,2714,2733,2750,2756,2918,3241,3539,3545,3612,3686,4212,4213,4214,5010,5195,5951,5963,5968,5969,5976,5980,5987,5988,6007,6079,6360,6537,6538,6539,6541,6542,6549,6550,6552,6557,6559,7132,7134,
660;0;7275;7348;0;55,60,95,100,117,137,149,186,206,208,209,254,289,351,396,397,430,452,644,715,768,773,784,831,946,948,1062,1063,1195,1271,1293,1426,1567,1580,1657,1768,1930,1935,1999,2086,2306,2600,2636,2640,2645,2654,2680,2699,2714,2733,2750,2756,2774,2775,2777,2778,2802,2918,3241,3263,3686,4605,4606,4612,4628,4775,5052,5951,5963,5968,5976,5980,5987,6841,7132,7134,8007,8008,8009,8010,
521;0;7348;7415;0;55,60,95,100,117,137,144,145,149,186,206,208,209,241,254,262,277,289,351,391,396,397,430,452,644,715,768,773,784,831,946,948,1062,1063,1093,1118,1195,1214,1271,1293,1426,1468,1567,1580,1657,1768,1930,1935,1999,2086,2109,2306,2451,2600,2636,2640,2645,2654,2680,2699,2709,2714,2774,2775,2778,2918,2926,3263,3686,4612,5243,5951,5963,5968,5976,5980,5987,6125,7132,7134,
747;0;7415;7479;0;55,60,95,100,117,137,144,145,149,186,206,208,209,241,254,262,277,289,351,391,396,397,430,452,644,715,768,773,784,831,946,948,1062,1063,1093,1118,1195,1214,1271,1293,1426,1468,1567,1580,1657,1768,1930,1935,1999,2086,2109,2306,2451,2636,2640,2645,2680,2774,2775,2778,2918,3263,3686,4612,5951,5959,5963,5966,5968,5976,5980,5987,5992,6151,6556,6583,6727,6729,7132,7134,
589;0;7479;7531;0;55,60,95,100,117,137,144,145,149,180,186,206,208,209,241,254,262,277,289,302,303,305,307,311,312,351,379,380,381,384,385,391,396,397,430,452,592,593,594,644,715,768,773,784,831,946,948,1062,1063,1093,1118,1130,1195,1214,1271,1293,1426,1428,1468,1567,1580,1657,1768,1845,1930,1935,1999,2086,2636,2640,2645,2680,2774,2775,2778,2918,3263,3686,4612,5963,
664;0;7531;7576;0;55,60,95,100,117,137,144,145,149,180,186,206,208,209,241,254,262,274,276,277,289,302,303,305,307,311,312,351,379,380,381,384,385,391,396,397,430,452,592,593,594,644,715,768,773,784,849,946,948,1063,1093,1118,1214,1293,1374,1580,1759,1768,1935,2636,2640,2645,2680,2774,2775,2778,2918,3263,3527,3686,4612,5900,5963,6022,6201,7463,8449,8582,8583,8584,
778;0;7576;7620;0;55,60,95,100,117,137,144,145,149,177,178,179,180,181,182,184,186,206,208,209,241,254,262,274,276,277,289,302,303,304,305,307,311,312,351,379,380,381,384,385,391,396,397,430,452,592,593,594,644,715,768,773,784,849,946,948,1063,1093,1118,1214,1293,1374,1580,1759,1768,1935,2636,2640,2645,2680,2774,2775,2778,2918,3263,3527,3686,4612,5963,6022,
657;0;7620;7659;0;24,55,60,61,95,100,117,137,144,145,149,177,178,179,180,181,182,184,186,206,208,209,241,254,262,274,276,277,289,302,303,304,305,307,312,351,379,391,396,644,715,768,773,849,887,946,948,1063,1093,1118,1214,1287,1293,1580,1768,1935,2221,2264,2279,2636,2640,2645,2680,2774,2775,2778,2918,2934,3005,3263,3686,3870,4612,5963,6022,6869,7971,8332,8523,9074,
776;0;7659;7693;0;24,60,61,95,100,117,137,144,145,149,208,262,274,276,277,289,303,305,312,351,379,391,396,644,698,715,768,773,849,946,948,1063,1093,1118,1214,1287,1293,1481,1768,1935,2279,2318,2582,2636,2640,2645,2668,2680,2713,2774,2775,2778,2918,3263,3581,3686,4398,4612,4733,4734,5649,5721,5963,6022,6180,7227,7324,7801,7802,7804,7805,7806,7812,7814,7839,7840,7841,7842,7843,7844,
796;0;7693;7722;0;24,60,61,95,100,117,137,144,145,149,208,243,262,274,276,277,289,303,305,312,351,379,391,396,644,698,715,768,773,849,946,948,1063,1093,1118,1214,1287,1293,1481,1768,1935,2279,2318,2582,2636,2640,2645,2668,2680,2713,2774,2775,2778,2918,3263,3581,3686,4398,4612,4733,4734,5259,5501,5649,5721,5963,6022,6180,7227,7324,7801,7802,7804,7805,7806,7812,7814,7839,7840,7841,
163;0;7722;7742;0;24,60,61,95,100,117,137,144,145,149,208,243,262,274,276,277,289,303,305,312,351,379,391,396,644,698,715,768,773,849,946,948,1063,1093,1118,1214,1287,1293,1481,1768,1935,2279,2318,2582,2636,2640,2645,2668,2680,2713,2774,2775,2778,2918,3263,3581,3686,4398,4612,4733,4734,5259,5501,5649,5721,5963,6022,6180,7227,7324,7801,7802,7804,7805,7806,7812,7814,7840,8468,8469,
163;1;7742;7746;0;24,60,61,95,100,117,137,144,145,149,192,208,243,262,274,276,277,289,303,305,312,351,379,391,396,495,644,698,715,768,773,849,946,948,1063,1093,1118,1214,1287,1293,1481,1768,1849,1935,2216,2279,2318,2485,2582,2636,2640,2645,2668,2680,2713,2774,2775,2778,2918,3263,3581,3686,4357,4398,4489,4612,4733,4734,5110,5259,5501,5649,5721,5963,6022,6180,6766,7227,7324,7840,
742;0;7746;7758;0;24,60,61,95,100,117,137,144,145,149,192,208,225,243,262,274,276,277,289,303,305,312,351,379,391,396,495,644,698,715,768,773,849,946,948,1063,1093,1117,1118,1165,1214,1287,1293,1363,1478,1481,1768,1849,1935,1944,2216,2279,2318,2386,2485,2582,2636,2640,2645,2668,2680,2713,2774,2775,2778,2918,3263,3634,3686,4489,4612,5725,5963,6022,7470,7471,7472,7473,7474,7840,
659;0;7758;7767;0;24,60,61,95,100,117,137,139,144,145,149,192,208,225,226,243,262,274,276,277,289,303,305,312,329,351,379,391,396,404,429,495,640,644,698,715,768,773,849,946,948,1063,1093,1117,1118,1165,1214,1287,1293,1363,1424,1476,1478,1481,1768,1849,1935,2279,2318,2485,2636,2640,2645,2680,2774,2775,2778,2918,3263,3686,4489,4536,4545,4575,4612,4683,4793,5963,6022,7840,
735;0;7767;7877;1;24,60,61,95,100,117,137,139,144,145,149,192,208,225,226,245,262,274,276,277,289,303,305,312,351,379,391,394,396,404,429,640,644,698,715,768,773,849,946,948,1050,1051,1057,1063,1093,1117,1118,1145,1165,1214,1287,1293,1476,1478,1481,1768,1935,2105,2279,2318,2485,2636,2640,2645,2680,2774,2775,2778,2918,3263,3686,4489,4612,5611,5613,5626,5803,5963,6022,7840,
202;0;7877;7964;1;24,26,60,61,78,95,100,144,146,149,225,262,288,398,528,529,591,698,704,715,1054,1133,1268,1270,1277,1283,1284,1285,1287,1288,1289,1290,1293,1295,1297,1419,1478,1480,1604,1670,1683,1702,1779,1783,1811,1921,2053,2175,2263,2265,2279,2282,2410,2419,2471,2489,2516,2856,3049,3535,3536,3686,3701,3702,3703,3716,3717,3768,4093,4206,4207,4208,4209,4210,4211,5077,5963,6013,6085,8261,
202;1;7964;7988;1;24,26,60,61,78,95,100,144,146,149,225,262,288,398,528,529,591,698,704,715,1054,1133,1268,1270,1277,1283,1284,1285,1287,1288,1289,1290,1293,1295,1297,1419,1478,1480,1604,1670,1683,1702,1779,1783,1811,1921,2053,2175,2263,2265,2279,2282,2410,2419,2471,2489,2516,2856,3049,3535,3536,3686,3701,3702,3703,3716,3717,3768,4093,4206,4207,4208,4209,4210,4211,5077,5963,6013,6085,8261,
48;0;7988;8056;1;24,26,60,61,78,95,100,144,146,149,225,262,288,398,528,529,591,698,704,715,1054,1133,1268,1270,1277,1283,1284,1285,1287,1288,1289,1290,1293,1295,1297,1419,1478,1480,1604,1670,1683,1702,1779,1783,1811,1921,2053,2175,2263,2265,2279,2282,2410,2419,2471,2489,2516,2856,3049,3535,3536,3686,3701,3702,3703,3716,3717,3768,4093,4206,4207,4208,4209,4210,4211,5077,5963,6013,6085,8261,
48;1;8056;8102;1;24,26,60,61,78,95,100,144,146,149,225,262,288,398,528,529,591,698,704,715,1054,1133,1268,1270,1277,1283,1284,1285,1287,1288,1289,1290,1293,1295,1297,1419,1478,1480,1604,1670,1683,1702,1779,1783,1811,1921,2053,2175,2263,2265,2279,2282,2410,2419,2471,2489,2516,2856,3049,3535,3536,3686,3701,3702,3703,3716,3717,3768,4093,4206,4207,4208,4209,4210,4211,5077,5963,6013,6085,8261,
514;0;8102;8222;1;24,26,60,61,78,95,100,144,146,149,225,262,288,398,528,529,591,698,704,715,1054,1133,1268,1270,1277,1283,1284,1285,1287,1288,1289,1290,1293,1295,1297,1419,1478,1480,1604,1670,1683,1702,1779,1783,1811,1921,2053,2175,2263,2265,2279,2282,2410,2419,2471,2489,2516,2856,3049,3535,3536,3686,3701,3702,3703,3716,3717,3768,4093,4206,4207,4208,4209,4210,4211,5077,5963,6013,6085,8261,
30;0;8222;8317;1;24,26,60,61,78,95,100,144,146,149,225,262,288,398,528,529,591,698,704,715,1054,1133,1268,1270,1277,1283,1284,1285,1287,1288,1289,1290,1293,1295,1297,1419,1478,1480,1604,1670,1683,1702,1779,1783,1811,1921,2053,2175,2263,2265,2279,2282,2410,2419,2471,2489,2516,2856,3049,3535,3536,3686,3701,3702,3703,3716,3717,3768,4093,4206,4207,4208,4209,4210,4211,5077,5963,6013,6085,8261,
30;1;8640;8679;1;15,24,26,54,60,61,78,95,100,144,146,149,225,262,288,398,528,529,591,698,704,715,871,1054,1133,1268,1270,1277,1283,1284,1285,1287,1288,1289,1290,1293,1295,1297,1419,1478,1480,1604,1670,1683,1702,1779,1783,1811,1921,2053,2062,2063,2175,2263,2265,2279,2282,2410,2419,2471,2489,2516,2856,3049,3345,3346,3535,3536,3686,3701,3702,3703,3716,4093,4313,4314,4315,4316,4317,4318,
547;0;8679;8683;0;15,24,26,54,60,61,78,95,100,144,146,149,225,262,288,398,528,529,591,698,704,715,871,1054,1133,1268,1270,1277,1283,1284,1285,1287,1288,1289,1290,1293,1295,1297,1419,1478,1480,1604,1670,1683,1702,1779,1783,1811,1921,2053,2062,2063,2175,2263,2265,2279,2282,2410,2419,2471,2489,2516,2856,3049,3345,3346,3535,3536,3686,3701,3702,3703,3716,4093,4313,4314,4315,4316,4317,4318,
7;0;8683;8717;1;15,24,26,54,60,61,78,95,100,144,146,149,159,225,262,288,398,528,529,591,698,704,715,756,871,1054,1133,1268,1270,1277,1283,1284,1285,1287,1288,1289,1290,1293,1295,1297,1419,1478,1480,1604,1670,1683,1702,1779,1783,1811,1921,2053,2062,2063,2175,2263,2265,2279,2280,2281,2282,2283,2284,2285,2286,2287,2288,2410,2419,2471,2489,2516,2856,3049,3345,3346,3535,3536,3686,4093,
7;1;8717;8820;1;15,24,26,54,60,61,78,95,100,144,146,149,159,225,262,288,398,528,529,591,698,704,715,756,871,1054,1133,1268,1270,1277,1279,1283,1284,1285,1287,1288,1289,1290,1293,1295,1297,1419,1478,1480,1604,1670,1683,1702,1779,1783,1811,1921,2053,2062,2063,2175,2263,2265,2279,2280,2281,2282,2283,2284,2285,2286,2287,2288,2410,2419,2471,2489,2516,2856,3049,3345,3346,3590,4093,4888,
80;0;8820;8840;1;4,15,24,26,54,60,61,78,95,100,144,146,149,159,225,262,288,398,528,529,591,698,704,715,756,841,843,871,1054,1070,1133,1268,1270,1277,1279,1283,1284,1285,1287,1288,1289,1290,1293,1295,1297,1419,1447,1478,1480,1604,1670,1683,1702,1779,1783,1811,1921,2053,2062,2063,2175,2263,2265,2279,2280,2281,2282,2283,2284,2285,2949,2950,2951,2952,2953,2954,2955,2956,3345,4093,
80;1;8840;8958;1;4,24,54,95,98,100,118,144,146,149,225,245,262,288,337,343,398,591,666,677,694,704,715,765,861,1054,1069,1096,1097,1133,1293,1447,1478,1481,1604,2225,2318,2461,2573,2626,2628,2643,2650,2661,2691,2903,3345,4044,4093,4259,4391,4412,4428,5525,5633,5637,5640,5722,5723,5868,5869,6022,6023,6164,6225,8094,8095,8096,8097,8098,8099,8100,8101,8102,8103,8104,8105,8106,8107,8108,
688;0;8958;9110;1;3,4,24,54,95,98,100,118,144,146,149,225,245,262,288,337,343,398,591,666,677,694,704,715,765,854,861,1054,1069,1096,1097,1118,1133,1293,1447,1478,1481,1604,1809,2225,2318,2461,2573,2626,2628,2643,2650,2661,2691,2903,3345,4044,4093,4259,4391,4412,4428,4553,5525,5633,5637,5640,5685,5722,5723,5868,5869,6022,6023,6164,6225,8057,8094,8095,8096,8097,8098,8099,8100,8101,
206;0;9110;9143;1;3,4,24,54,95,98,100,118,144,146,149,225,245,262,288,337,343,398,591,666,677,694,704,715,765,854,861,1054,1069,1096,1097,1118,1133,1293,1447,1478,1481,1604,1809,2225,2318,2461,2573,2626,2628,2643,2650,2661,2691,2903,3345,4044,4093,4259,4391,4412,4428,4553,5525,5595,5633,5637,5640,5685,5722,5723,5868,5869,6022,6023,6164,6225,8057,8094,8095,8096,8097,8098,8099,8100,
206;1;9143;9263;1;3,4,24,54,95,98,100,118,137,144,146,149,225,245,262,288,337,343,390,398,591,666,677,694,704,715,765,854,861,1048,1051,1054,1069,1096,1097,1118,1133,1145,1293,1358,1447,1478,1481,1604,1725,1805,1809,1945,1970,1971,2225,2318,2461,2573,2626,2628,2643,2650,2661,2691,2903,3345,4044,4093,4259,4391,4412,4428,4553,5525,5595,5633,5637,5640,5685,5722,5723,5868,5869,6022,
249;0;9263;9295;1;3,4,24,54,95,98,100,118,137,139,144,145,146,149,225,245,262,274,277,288,296,337,343,390,398,404,591,640,666,677,694,704,715,765,854,861,948,1048,1051,1054,1069,1093,1096,1097,1118,1133,1145,1293,1358,1447,1478,1481,1604,1725,1805,1809,1945,1970,1971,1973,2225,2318,2461,2573,2626,2628,2643,2650,2661,2691,2903,3345,3711,4044,4093,4259,4391,4412,4428,4553,
249;1;9295;9420;1;4,24,54,95,100,137,144,146,149,197,232,245,262,276,288,290,291,343,377,390,395,429,466,516,591,596,647,765,826,1051,1054,1117,1118,1119,1133,1145,1267,1341,1481,1587,1604,1763,1781,1843,1919,1970,2052,2197,2225,2318,2407,2626,2628,2643,2868,3410,3510,3544,3719,3767,3774,3781,3807,4088,4487,4488,4834,5011,5471,5511,5516,5589,5590,5682,7671,7999,8462,8464,8836,8838,
615;0;9420;9579;1;4,24,54,95,100,137,144,146,149,197,232,245,262,276,288,290,291,343,377,390,395,429,466,516,591,596,647,765,826,1051,1054,1117,1118,1119,1133,1145,1267,1341,1481,1587,1604,1763,1781,1843,1919,1970,2052,2197,2225,2318,2407,2626,2628,2643,2868,3410,3510,3544,3719,3767,3774,3781,3807,4088,4487,4488,4834,5011,5471,5511,5516,5589,5590,5682,7671,7999,8462,8464,8836,8838,
788;0;9579;9742;1;4,24,54,95,100,137,144,146,149,197,232,245,262,276,288,290,291,343,377,390,395,429,466,516,591,596,647,765,826,1051,1054,1117,1118,1119,1133,1145,1267,1341,1481,1587,1604,1763,1781,1843,1919,1970,2052,2197,2225,2318,2407,2626,2628,2643,2868,3410,3510,3544,3719,3767,3774,3781,3807,4088,4487,4488,4834,5011,5471,5511,5516,5589,5590,5682,7671,7999,8462,8464,8836,8838,
Machine: 2
720;0;0;18;1;144,145,262,277,289,290,292,351,382,400,429,581,644,647,715,742,823,824,912,931,1055,1117,1118,1146,1167,1170,1200,1262,1474,1563,1814,1834,1835,1836,1840,1843,2216,2247,2370,2391,2573,2645,2696,2774,2775,2777,2778,2816,2876,3019,3037,3249,3263,3807,3808,3809,3810,4500,4575,4604,4605,4606,4771,4855,5299,5329,5523,5742,5792,5834,5835,7055,8496,8497,8569,9121,9123,9124,9144,9145,
770;0;18;42;1;144,145,262,277,289,290,292,351,382,400,429,581,644,647,715,742,823,824,912,931,1055,1117,1118,1146,1167,1170,1200,1262,1474,1563,1814,1834,1835,1836,1840,1843,2216,2247,2370,2391,2573,2645,2696,2774,2775,2777,2778,2816,2876,3019,3037,3249,3263,3807,3808,3809,3810,4500,4575,4604,4605,4606,4771,4855,5299,5329,5523,5742,5792,5834,5835,7055,8496,8497,8569,9121,9123,9124,9144,9145,
597;0;42;71;1;144,145,262,277,289,290,292,351,382,400,429,581,644,647,715,742,823,824,912,931,1055,1117,1118,1146,1167,1170,1200,1262,1474,1563,1814,1834,1835,1836,1840,1843,2216,2247,2370,2391,2573,2645,2696,2774,2775,2777,2778,2816,2876,3019,3037,3249,3263,3807,3808,3809,3810,4500,4575,4604,4605,4606,4771,4855,5299,5329,5523,5742,5792,5834,5835,7055,8496,8497,8569,9121,9123,9124,9144,9145,
85;0;71;96;1;144,145,262,277,289,290,292,351,382,400,429,581,644,647,715,742,823,824,912,931,1055,1117,1118,1146,1167,1170,1200,1262,1474,1563,1814,1834,1835,1836,1840,1843,2216,2247,2370,2391,2573,2645,2696,2774,2775,2777,2778,2816,2876,3019,3037,3249,3263,3807,3808,3809,3810,4500,4575,4604,4605,4606,4771,4855,5299,5329,5523,5742,5792,5834,5835,7055,8496,8497,8569,9121,9123,9124,9144,9145,
85;1;96;111;1;95,144,145,241,262,277,289,290,292,351,382,390,400,402,429,581,644,647,715,742,823,824,912,931,1055,1117,1118,1146,1167,1170,1200,1262,1474,1563,1814,1834,1835,1836,1840,1843,2103,2216,2247,2370,2391,2573,2645,2696,2774,2775,2777,2778,2816,2876,3019,3037,3249,3263,3807,3808,3809,3810,4500,4575,4604,4605,4606,4771,4855,5299,5329,5523,5594,5742,5792,5834,5835,7055,8496,8497,
573;0;111;159;1;95,144,145,152,165,189,262,277,289,290,390,400,429,536,598,602,644,715,722,875,912,931,1055,1117,1118,1146,1262,1279,1322,1341,1474,1778,1796,1814,2074,2148,2151,2172,2216,2247,2315,2352,2645,2696,2774,2775,2777,2778,2849,2873,2934,2968,3019,3263,3409,3802,3805,4060,4078,4207,4604,4605,4864,4865,4866,4867,4868,4869,4870,4871,4872,4873,4874,4875,4876,4877,4878,4879,4880,8497,
782;0;159;211;1;55,95,144,145,152,165,189,262,277,289,290,390,400,429,528,536,598,602,644,715,722,814,875,912,931,1055,1117,1118,1146,1262,1279,1293,1322,1341,1390,1474,1510,1573,1778,1796,1814,2074,2148,2151,2153,2172,2216,2247,2315,2352,2645,2696,2774,2775,2777,2778,2806,2849,2873,2934,2968,3019,3263,3409,3802,3849,3850,3851,3852,3853,3854,4060,4604,4605,4864,4866,4868,4869,4871,8497,
194;0;211;215;1;55,95,144,145,152,165,189,251,262,277,289,290,390,400,429,528,536,598,602,644,715,722,814,875,912,931,1055,1117,1118,1146,1262,1270,1279,1293,1322,1341,1390,1474,1510,1573,1778,1796,1814,2074,2148,2151,2153,2172,2216,2221,2247,2263,2315,2352,2645,2696,2774,2775,2777,2778,2806,2846,2849,2873,2934,2968,3019,3263,3409,3802,3849,4060,4604,4605,4864,4866,4868,4869,4871,8497,
194;1;215;269;1;55,95,144,145,152,165,189,251,262,277,289,290,390,400,429,528,536,598,602,644,715,722,814,875,912,931,1055,1117,1118,1146,1262,1270,1279,1293,1322,1341,1390,1474,1510,1573,1778,1796,1814,2074,2148,2151,2153,2172,2216,2221,2247,2263,2315,2352,2645,2676,2696,2774,2775,2777,2778,2806,2846,2873,2968,3019,3263,3409,3802,4060,4604,4605,4740,4864,4866,4868,4869,4871,6748,8497,
644;0;269;333;1;55,95,144,145,152,165,189,251,262,277,289,290,390,400,429,528,536,579,598,602,644,715,722,814,875,912,931,1055,1117,1118,1146,1262,1270,1279,1293,1322,1341,1390,1474,1510,1573,1778,1796,1814,2074,2148,2151,2153,2172,2216,2221,2247,2263,2315,2352,2645,2676,2696,2774,2775,2777,2778,2806,2846,2873,2968,3019,3263,3409,3802,4060,4604,4605,4864,4866,4868,4869,4871,6748,8497,
84;0;333;482;0;55,89,95,144,145,152,165,189,251,262,277,289,290,390,395,400,429,528,598,644,715,722,814,875,912,931,1055,1117,1118,1146,1262,1270,1279,1293,1322,1341,1390,1474,1481,1796,1814,1916,2074,2148,2151,2216,2247,2315,2645,2676,2696,2774,2775,2777,2778,2806,2873,2968,3019,3263,3409,3619,3802,4060,4604,4605,4864,4866,4868,4869,4871,6748,7459,7460,7461,7462,7463,7464,7465,8497,
84;1;482;656;0;55,89,92,95,144,145,152,165,189,251,262,277,289,290,390,395,400,429,528,598,644,715,722,773,814,875,912,931,1055,1117,1118,1146,1262,1270,1279,1293,1322,1341,1390,1474,1481,1796,1814,1916,2074,2148,2151,2216,2247,2315,2318,2645,2676,2696,2774,2775,2777,2778,2806,2873,2968,3019,3263,3409,3619,3802,4060,4604,4605,4864,4866,4868,4869,4871,6748,7463,7626,7804,7840,8497,
22;0;656;804;0;24,26,61,144,145,175,180,198,249,262,277,289,290,305,307,312,379,380,381,384,385,390,395,400,429,442,557,592,593,594,596,598,715,787,790,875,912,931,995,1055,1287,1474,1481,1589,1785,1786,1795,1796,1980,2036,2091,2175,2264,2567,2577,2696,2968,3410,3619,3765,4003,4103,4112,4114,4167,4168,4169,4170,4171,4172,5091,5944,7009,7029,7879,7906,8463,8734,8735,8736,
22;1;804;928;0;24,26,61,144,145,175,180,198,249,262,277,289,290,305,307,312,379,380,381,384,385,390,395,400,429,442,557,592,593,594,596,598,715,787,790,875,912,931,995,1055,1287,1474,1481,1589,1785,1786,1795,1796,1980,2036,2091,2175,2264,2567,2577,2696,2968,3410,3619,3765,4003,4103,4112,4114,4167,4168,4169,4170,4171,4172,5091,5944,7009,7029,7879,7906,8463,8734,8735,8736,
201;0;928;1033;0;24,26,61,144,145,175,180,198,249,262,277,289,290,305,307,312,379,380,381,384,385,390,395,400,429,442,557,592,593,594,596,598,715,787,790,875,912,931,995,1055,1287,1474,1481,1589,1785,1786,1795,1796,1980,2036,2091,2175,2264,2567,2577,2696,2968,3410,3619,3765,4003,4103,4112,4114,4167,4168,4169,4170,4171,4172,5091,5944,7009,7029,7879,7906,8463,8734,8735,8736,
201;1;1033;1184;0;24,26,61,144,145,175,180,198,249,262,277,289,290,305,307,312,379,380,381,384,385,390,395,400,429,442,557,592,593,594,596,598,715,787,790,875,912,931,995,1055,1287,1474,1481,1589,1785,1786,1795,1796,1980,2036,2091,2175,2264,2567,2577,2696,2968,3410,3619,3765,4003,4103,4112,4114,4167,4168,4169,4170,4171,4172,5091,5944,7009,7029,7879,7906,8463,8734,8735,8736,
152;0;1440;1505;0;24,26,61,142,144,145,149,175,180,198,249,262,277,289,290,305,307,312,315,379,380,381,384,385,390,394,395,399,400,429,442,557,592,593,594,596,598,715,787,875,912,931,995,1051,1054,1055,1061,1145,1149,1231,1287,1363,1474,1481,1604,1726,1785,1795,1796,1809,1822,1823,1824,1825,1826,1827,1828,1829,1830,1831,1832,2036,2091,2264,2577,2696,3619,4114,5944,7906,
152;1;1505;1668;0;24,26,61,142,144,145,149,175,180,198,249,262,277,289,290,305,307,312,315,379,380,381,384,385,390,394,395,399,400,429,442,557,592,593,594,596,598,715,787,875,912,931,995,1051,1054,1055,1061,1145,1149,1231,1287,1363,1474,1478,1481,1604,1726,1785,1795,1796,1809,1822,1823,1824,1825,1826,1827,1828,1829,1830,1832,2036,2091,2264,2577,2696,3619,4114,5944,7906,
229;0;1668;1764;0;144,177,262,267,272,273,287,288,289,290,291,295,303,305,306,308,313,395,434,442,595,890,891,892,893,894,895,896,897,898,899,900,901,902,903,904,905,906,907,908,909,910,911,912,913,915,916,917,918,919,920,921,922,923,924,925,926,927,928,929,930,931,932,933,934,935,936,937,938,939,940,941,942,943,1474,3616,3617,3618,3619,3620,
229;1;1764;1894;0;144,177,262,267,272,273,287,288,289,290,291,295,303,305,306,308,313,395,434,442,595,890,891,892,893,894,895,896,897,898,899,900,901,902,903,904,905,906,907,908,909,910,911,912,913,915,916,917,918,919,920,921,922,923,924,925,926,927,928,929,930,931,932,933,934,935,936,937,938,939,940,1474,1497,1551,1552,1553,1554,1555,1556,1557,
205;0;1894;2009;0;144,177,225,262,267,272,273,287,288,289,290,291,295,303,305,306,308,313,395,400,401,404,434,442,595,890,891,892,893,894,895,896,897,898,899,900,901,902,903,904,905,906,907,908,909,910,911,912,913,915,916,917,918,919,920,921,922,923,924,925,926,927,928,929,930,931,932,933,934,935,936,937,938,939,940,1401,1474,1478,1762,4502,
205;1;2009;2114;0;3,137,144,177,225,262,267,272,273,287,288,289,290,291,295,303,305,306,308,313,329,377,395,400,401,404,434,442,595,890,891,892,893,894,895,896,897,898,899,900,901,902,903,904,905,906,907,908,909,910,911,912,913,938,1133,1134,1148,1236,1401,1474,1478,1540,1604,1815,2053,2133,2224,2544,2696,3630,4227,4428,4553,4996,5011,5206,5217,5218,5322,5338,
100;0;2114;2170;0;29,137,139,144,145,149,225,231,262,267,272,273,288,290,291,303,305,313,321,329,340,377,395,401,404,429,504,539,576,632,782,810,851,875,891,895,898,904,972,1134,1196,1236,1277,1434,1474,1478,1480,1521,1549,1587,1687,1978,2133,2198,2199,2200,2201,2202,2891,3061,3745,3876,4664,4996,6161,6162,7248,7249,7250,7251,8134,8137,8190,8197,8198,8199,8200,8203,8204,8205,
100;1;2170;2322;0;29,137,139,144,145,149,225,231,262,267,272,273,288,290,291,303,305,313,321,329,340,377,395,401,404,429,504,539,576,632,782,810,851,875,891,895,898,904,972,1134,1196,1236,1277,1434,1474,1478,1480,1521,1549,1587,1687,1978,2133,2198,2199,2200,2201,2202,2891,3061,3745,3876,4664,4996,6161,6162,7248,7249,7250,7251,8134,8137,8190,8197,8198,8199,8200,8203,8204,8205,
240;0;2322;2337;0;29,137,139,144,145,149,225,231,262,267,272,273,288,290,291,303,305,313,321,329,340,377,395,401,404,429,504,539,576,632,782,810,851,875,891,895,898,904,972,1134,1196,1236,1277,1434,1474,1478,1480,1521,1549,1587,1687,1978,2133,2198,2199,2200,2201,2202,2891,3061,3745,3876,4664,4996,6161,6162,7248,7249,7250,7251,8134,8137,8190,8197,8198,8199,8200,8203,8204,8205,
240;1;2337;2512;0;29,137,139,144,145,149,225,231,262,267,272,273,288,290,291,303,305,313,321,329,340,377,395,401,404,429,504,539,576,632,782,810,851,875,891,895,898,904,972,1134,1196,1236,1277,1434,1474,1478,1480,1521,1549,1587,1687,1978,2133,2198,2199,2200,2201,2202,2891,3061,3745,3876,4664,4996,6161,6162,7248,7249,7250,7251,8134,8137,8190,8197,8198,8199,8200,8203,8204,8205,
583;0;2512;2691;0;29,137,139,144,145,149,225,231,262,267,272,273,288,290,291,303,305,313,321,329,340,377,395,401,404,429,504,539,576,632,782,810,851,875,891,895,898,904,972,1134,1196,1236,1277,1434,1474,1478,1480,1521,1549,1587,1687,1978,2133,2198,2199,2200,2201,2202,2891,3061,3745,3876,4664,4996,6161,6162,7248,7249,7250,7251,8134,8137,8190,8197,8198,8199,8200,8203,8204,8205,
543;0;2880;3055;0;29,100,137,139,144,145,149,225,231,262,267,272,273,288,290,291,299,303,305,313,321,329,340,343,376,377,395,401,404,429,504,539,576,632,677,682,715,782,810,851,875,891,895,898,904,972,1134,1196,1236,1277,1434,1445,1474,1478,1480,1481,1521,1587,1674,2133,2366,2661,2687,3061,3745,3876,4388,4996,5525,5528,5537,5722,5723,5724,5725,5726,5727,5728,5729,8199,
234;0;3055;3191;0;29,100,137,139,144,145,149,225,231,233,262,267,272,273,277,288,290,291,299,303,305,313,314,321,329,340,343,376,377,395,401,404,429,504,539,576,632,640,677,682,715,782,810,851,875,891,895,898,904,972,1134,1196,1236,1277,1434,1445,1474,1478,1480,1481,1484,1521,1587,1674,2128,2133,2366,2661,2687,3061,3745,3876,4388,4749,4996,5525,5722,5723,5726,8199,
234;1;3191;3225;0;24,26,29,38,46,52,54,79,100,137,139,144,145,149,225,231,233,262,267,272,273,277,288,290,291,299,303,305,313,314,321,329,340,343,376,377,395,401,404,408,429,632,640,677,682,715,875,891,895,898,904,1134,1196,1236,1445,1474,1478,1480,1481,1587,1674,1719,1720,1721,1722,1723,1724,2128,2133,2661,2687,3061,3745,3876,4996,5525,5722,5723,5726,8199,
647;0;3225;3395;0;24,26,29,38,46,52,54,79,100,137,139,144,145,149,225,231,233,262,267,272,273,277,288,290,291,299,303,305,313,314,321,329,340,343,376,377,395,401,404,408,429,632,640,677,682,715,875,891,895,898,904,995,1134,1196,1236,1432,1445,1474,1478,1480,1481,1587,1674,1719,1720,1721,1722,2128,2133,2661,2687,3061,3745,3876,4996,5525,5722,5723,5726,8199,
150;0;3395;3483;0;24,26,33,38,46,48,52,54,76,79,100,137,139,144,145,149,225,231,233,262,267,272,273,277,288,290,291,303,305,313,314,321,329,340,377,395,401,404,427,429,452,632,640,677,682,715,875,891,895,898,904,962,995,1134,1196,1236,1261,1445,1474,1478,1480,1481,1587,1605,1674,1719,1796,1797,2128,2133,2661,2687,3061,3745,3876,4996,5525,5722,5726,8199,
150;1;3483;3560;0;9,24,38,46,52,54,79,100,137,139,144,145,149,225,226,229,231,240,242,245,262,266,267,268,272,273,288,290,314,321,329,401,405,429,430,432,443,632,640,682,719,875,895,898,995,1119,1134,1149,1236,1474,1481,1587,1607,1608,1609,1610,1611,1612,1613,1614,1615,1616,1617,1618,1619,1620,1621,1622,1623,1624,1625,1626,1719,2128,2133,2687,3061,3745,3876,4996,
78;0;3560;3638;0;27,60,68,144,145,170,225,262,269,274,288,321,329,379,396,528,598,634,640,644,682,831,855,898,946,948,1087,1134,1262,1278,1293,1295,1360,1363,1473,1474,1481,1538,1569,1764,1781,1822,2173,2179,2220,2249,2279,2468,2471,2508,2687,2864,2941,3291,3293,3665,4217,4456,4535,4719,4792,4954,4955,4956,4957,4958,4959,4960,4961,5088,5274,5331,5949,7332,8702,8703,8704,8705,8706,8707,
78;1;3638;3721;0;27,60,68,144,145,170,225,262,269,274,288,321,329,379,396,528,598,634,640,644,682,831,855,898,946,948,1087,1134,1262,1278,1293,1295,1360,1363,1473,1474,1481,1538,1569,1764,1781,1822,2173,2179,2220,2249,2279,2468,2471,2508,2687,2864,2941,3291,3293,3665,4217,4456,4535,4719,4792,4954,4955,4956,4957,4958,4959,4960,4961,5088,5274,5331,5949,7332,8702,8703,8704,8705,8706,8707,
14;0;3721;3766;0;27,60,68,144,145,170,225,262,269,274,288,321,329,379,396,528,598,634,640,644,682,831,855,898,946,948,1087,1134,1262,1278,1293,1295,1360,1363,1473,1474,1481,1538,1569,1764,1781,1822,2173,2179,2220,2249,2279,2468,2471,2508,2687,2864,2941,3291,3293,3665,4217,4456,4535,4719,4792,4954,4955,4956,4957,4958,4959,4960,4961,5088,5274,5331,5949,7332,8702,8703,8704,8705,8706,8707,
14;1;3766;3880;0;27,60,68,144,145,170,225,262,269,274,288,321,329,379,396,528,598,634,640,644,682,831,855,898,946,948,1087,1134,1262,1278,1293,1295,1360,1363,1473,1474,1481,1538,1569,1764,1781,1822,2173,2179,2220,2249,2279,2468,2471,2508,2687,2864,2941,3291,3293,3665,4217,4456,4535,4719,4792,4954,4955,4956,4957,4958,4959,4960,4961,5088,5274,5331,5949,7332,8702,8703,8704,8705,8706,8707,
523;0;3880;4031;0;27,60,68,144,145,170,225,262,269,274,288,321,329,379,396,528,598,634,640,644,682,831,855,898,946,948,1087,1134,1262,1278,1293,1295,1360,1363,1473,1474,1481,1538,1569,1764,1781,1822,2173,2179,2220,2249,2279,2468,2471,2508,2687,2864,2941,3291,3293,3665,4217,4456,4535,4719,4792,4954,4955,4956,4957,4958,4959,4960,4961,5088,5274,5331,5949,7332,8702,8703,8704,8705,8706,8707,
226;0;4031;4144;0;27,60,68,144,145,170,225,262,269,274,288,321,329,379,396,528,598,634,640,644,682,831,855,898,946,948,1087,1134,1262,1278,1293,1295,1360,1363,1473,1474,1481,1538,1569,1764,1781,1822,2173,2179,2220,2249,2279,2468,2471,2508,2687,2864,2941,3291,3293,3665,4217,4456,4535,4719,4792,4954,4955,4956,4957,4958,4959,4960,4961,5088,5274,5331,5949,7332,8702,8703,8704,8705,8706,8707,
226;1;4320;4356;0;27,60,68,144,145,170,225,262,269,274,288,321,329,379,396,528,598,634,640,644,682,831,855,898,946,948,1087,1093,1134,1262,1278,1293,1295,1360,1363,1473,1474,1481,1538,1569,1764,1781,1822,2173,2179,2220,2249,2279,2468,2471,2508,2645,2687,2774,2775,2776,2778,2790,2864,2941,3019,3263,3291,3293,3665,4217,4456,4535,4605,4719,4946,5370,6629,7428,8147,8653,8654,8655,8656,8657,
684;0;4356;4500;0;27,60,68,100,144,145,170,225,262,269,274,288,321,329,379,396,398,528,598,634,640,644,682,831,838,855,898,946,948,1087,1093,1134,1262,1278,1293,1295,1360,1363,1473,1474,1481,1538,1569,1764,1781,1822,2173,2179,2220,2249,2279,2468,2471,2508,2645,2649,2687,2774,2775,2776,2778,2790,2864,2941,3019,3263,3291,3293,3665,4217,4456,4535,4605,4719,4946,5370,6114,6629,7215,7428,
603;0;4500;4639;0;27,30,60,68,100,144,145,170,225,262,269,274,288,321,329,379,396,398,415,484,528,598,634,640,644,682,753,831,838,855,898,946,948,995,1087,1093,1134,1160,1262,1278,1293,1295,1360,1363,1463,1473,1474,1481,1538,1569,1657,1719,1764,1781,1822,1935,2173,2179,2220,2468,2471,2645,2649,2774,2775,2778,2941,3263,3293,3336,3627,4225,4510,4535,4605,5435,5487,5488,5489,6114,
527;0;4639;4776;0;27,30,60,68,100,144,145,170,225,262,269,274,288,321,329,379,396,398,415,484,528,598,634,640,644,682,704,831,838,855,862,948,995,1093,1134,1278,1293,1295,1307,1463,1473,1474,1481,1657,1935,2179,2220,2468,2471,2645,2649,2676,2774,2775,2778,2941,3263,3293,3532,4535,4604,4605,4639,4641,4994,4995,4996,4997,4998,4999,5000,5001,5002,5003,5004,5005,5006,5007,5008,6114,
33;0;4776;4850;0;19,20,24,27,30,34,43,50,60,68,100,144,145,170,225,262,269,274,288,321,329,379,396,398,415,484,528,598,634,640,644,682,704,831,838,855,862,948,995,1093,1134,1278,1293,1295,1307,1463,1473,1474,1481,1657,1935,2168,2179,2197,2220,2254,2255,2256,2468,2471,2645,2649,2676,2774,2775,2778,2941,3263,3293,3532,4535,4604,4605,4639,4641,4994,4995,4996,4997,6114,
33;1;4850;4912;0;19,20,24,27,30,34,43,50,60,68,100,144,145,170,225,262,269,274,288,321,329,379,396,398,415,484,528,598,634,640,644,682,704,831,838,855,862,948,995,1093,1134,1278,1293,1295,1307,1463,1473,1474,1481,1657,1935,2168,2179,2197,2220,2254,2255,2256,2468,2471,2622,2645,2649,2676,2677,2774,2775,2778,2941,3263,3293,3532,4535,4604,4605,4639,4641,4994,4995,6114,
212;0;4912;5010;0;19,20,24,27,30,34,43,50,60,68,100,144,145,170,225,262,269,274,288,321,329,379,396,398,415,484,528,598,634,640,644,682,704,831,838,855,862,948,995,1093,1134,1278,1293,1295,1307,1463,1473,1474,1481,1657,1935,2179,2197,2220,2471,2645,2649,2774,2775,2778,2802,2803,2804,2805,2806,2807,2808,2809,2810,2811,2812,2813,2941,3263,3293,3532,4535,4604,4605,6114,
212;1;5010;5042;0;19,20,24,34,60,144,145,147,182,202,225,226,227,229,231,262,266,267,272,273,274,276,286,301,314,321,398,429,430,528,640,814,864,948,995,1046,1058,1092,1094,1137,1293,1442,1447,1473,1481,1509,1567,1819,1825,1832,1895,2128,2133,2247,2248,2315,2382,2413,2518,2645,2774,2775,2778,2941,3263,3532,3891,4018,4031,4423,4472,4514,5136,5736,6418,6419,6578,8497,8518,8543,
42;0;5042;5119;0;19,20,24,34,60,144,145,147,182,202,225,226,227,229,231,262,266,267,272,273,274,276,286,301,314,321,398,429,430,528,640,814,864,948,995,1046,1058,1092,1094,1137,1293,1442,1447,1473,1481,1509,1567,1819,1825,1832,1895,2128,2133,2247,2248,2315,2382,2413,2518,2645,2774,2775,2778,2941,3263,3532,3891,4018,4031,4423,4472,4514,5136,5736,6418,6419,6578,8497,8518,8543,
42;1;5119;5168;0;19,20,24,34,60,144,145,147,182,202,225,226,227,229,231,262,266,267,272,273,274,276,286,301,314,321,398,429,430,528,640,814,864,948,995,1046,1058,1092,1094,1137,1293,1442,1447,1473,1481,1509,1567,1819,1825,1832,1895,2128,2133,2247,2248,2315,2382,2413,2518,2645,2774,2775,2778,2941,3263,3532,3891,4018,4031,4423,4472,4514,5136,5736,6418,6419,6578,8497,8518,8543,
609;0;5168;5292;0;19,20,24,34,60,144,145,147,182,202,225,226,227,229,231,262,266,267,272,273,274,276,286,301,314,321,398,429,430,528,640,814,864,948,995,1046,1058,1092,1094,1137,1293,1442,1447,1473,1481,1509,1567,1819,1825,1832,1895,2128,2133,2247,2248,2315,2382,2413,2518,2645,2774,2775,2778,2941,3263,3532,3891,4018,4031,4423,4472,4514,5136,5736,6418,6419,6578,8497,8518,8543,
109;0;5292;5388;0;19,20,24,34,60,144,145,147,182,202,225,226,227,229,231,262,266,267,272,273,274,276,286,301,314,321,398,429,430,528,640,814,864,948,995,1046,1058,1092,1094,1137,1293,1442,1447,1473,1481,1509,1567,1819,1825,1832,1895,2128,2133,2247,2248,2315,2382,2413,2518,2645,2774,2775,2778,2941,3263,3532,3891,4018,4031,4423,4472,4514,5136,5736,6418,6419,6578,8497,8518,8543,
109;1;5760;5774;0;19,20,24,34,38,60,74,79,144,145,147,182,190,202,208,225,226,227,229,231,256,262,266,267,272,273,274,276,286,301,314,321,398,429,430,528,569,640,814,864,948,979,995,1046,1058,1092,1094,1137,1293,1442,1447,1473,1481,1509,1567,1587,1819,2289,2305,2645,2774,2775,2778,2941,3263,3361,3532,3577,3871,3872,3873,3874,3875,3876,3877,3878,3879,4423,6418,6419,
41;0;5774;5799;0;19,20,24,34,38,60,79,144,145,147,225,226,231,262,267,272,273,274,276,290,314,321,398,429,528,640,692,719,825,895,948,979,995,1058,1068,1069,1121,1171,1293,1442,1473,1481,1567,1587,1913,2475,2645,2774,2775,2777,2778,2815,2903,2941,2947,3261,3263,3532,3879,4423,4569,4585,4739,5185,6329,6418,6419,6748,6796,6797,6798,6799,6800,6801,6802,6803,6804,6805,6806,6807,
41;1;5799;5882;0;19,20,24,34,38,60,79,144,145,147,225,226,231,262,267,272,273,274,276,290,314,321,398,429,528,640,692,719,825,895,948,979,995,1058,1068,1069,1121,1171,1293,1442,1473,1481,1567,1587,1913,2475,2645,2774,2775,2777,2778,2815,2903,2941,2947,3261,3263,3532,3879,4423,4569,4585,4739,5080,5185,5984,5992,6329,6360,6418,6419,6585,6748,6796,6797,6798,6799,7138,7478,8040,
210;0;5882;5914;0;19,20,24,34,38,60,79,144,145,147,225,226,231,262,267,272,273,274,276,290,314,321,398,429,528,640,692,719,727,825,875,895,948,979,995,1058,1068,1069,1121,1171,1293,1442,1473,1481,1567,1587,1913,2075,2475,2645,2774,2775,2777,2778,2815,2903,2941,2947,3261,3263,3380,3532,3879,4059,4060,4061,4423,4569,4585,4739,5080,5185,5984,5992,6329,6360,6418,6419,6585,6748,
210;1;5914;5983;0;19,20,24,34,38,60,79,139,144,145,147,225,226,231,262,267,272,273,274,275,276,290,314,321,391,398,429,528,640,692,719,727,775,825,875,895,948,979,995,1058,1068,1069,1121,1146,1171,1236,1293,1442,1473,1481,1567,1587,1913,1973,2075,2475,2645,2774,2775,2777,2778,2815,2903,2941,2951,3261,3263,3284,3532,3879,4060,4094,4423,5155,5739,5984,5992,6418,6419,6457,
761;0;5983;6080;0;19,20,24,34,38,139,144,145,146,147,149,225,226,231,267,274,276,314,321,391,398,429,436,528,640,875,948,979,995,1068,1117,1118,1121,1146,1149,1171,1293,1390,1442,1473,1479,1481,1567,1587,1814,1920,2645,2774,2778,2941,3261,3263,3284,3532,3879,4060,4405,4423,4473,4934,4964,4965,4966,4967,4968,4969,4970,4971,4972,4973,4974,4975,4976,4977,4978,5155,5984,5992,6418,6419,
58;0;6080;6131;0;19,20,24,34,38,139,144,145,146,147,149,225,226,231,267,274,276,314,321,391,398,429,436,528,640,875,948,979,995,1068,1117,1118,1121,1146,1149,1171,1293,1390,1442,1473,1479,1481,1567,1587,1814,1920,2645,2774,2778,2941,3261,3263,3284,3532,3879,4060,4405,4423,4473,4934,4964,4965,5155,5984,5992,6133,6136,6138,6418,6419,8230,8276,8278,8280,8284,8285,8317,8318,8319,8358,
58;1;6131;6175;0;19,20,24,34,38,62,139,144,145,146,147,149,198,225,226,231,267,274,276,314,321,391,398,429,436,528,640,875,948,979,995,1068,1117,1118,1121,1146,1149,1171,1293,1390,1442,1466,1473,1479,1481,1567,1587,1814,1920,2555,2611,2645,2774,2778,2839,2840,2841,2842,2843,2941,3261,3263,3284,3532,3879,4060,4405,4423,4473,4934,5155,5984,5992,6138,6418,6419,8285,8317,8318,8319,
90;0;6175;6183;0;19,20,24,34,38,62,139,144,145,146,147,149,198,225,226,231,267,274,276,314,321,391,398,429,436,528,640,875,948,979,995,1068,1117,1118,1121,1146,1149,1171,1293,1390,1405,1442,1466,1473,1479,1481,1567,1587,1814,1920,2555,2611,2645,2774,2778,2839,2840,2841,2842,2843,2941,3261,3263,3284,3532,3712,3879,4060,4405,4423,5155,5984,5992,6138,6418,6419,8285,8317,8318,8319,
90;1;6183;6269;0;19,20,24,34,38,62,139,144,145,146,147,149,198,225,226,231,267,274,276,314,321,391,398,429,436,528,640,875,948,979,995,1068,1117,1118,1121,1146,1149,1171,1293,1390,1405,1442,1466,1473,1479,1481,1567,1587,1814,1920,2555,2611,2645,2774,2778,2839,2840,2841,2842,2843,2941,3261,3263,3284,3532,3712,3879,4060,4405,4423,5155,5984,5992,6138,6418,6419,8285,8317,8318,8319,
52;0;6269;6310;0;17,19,20,24,25,34,37,38,39,40,46,52,54,117,144,145,146,149,192,225,226,231,267,274,276,314,321,391,398,412,429,460,528,640,778,979,1117,1118,1121,1146,1171,1293,1311,1390,1473,1481,1560,1587,1814,1853,1858,2091,2338,2645,2774,2778,2941,3014,3015,3061,3261,3263,3284,3532,3879,4405,4423,5155,5472,5825,5984,5992,6138,6428,6706,8285,8317,8318,8319,8988,
52;1;6310;6361;0;17,19,20,24,25,34,37,38,39,40,46,54,144,145,149,225,226,231,267,274,276,314,321,398,429,528,640,778,1117,1118,1121,1146,1171,1293,1390,1473,1481,1560,1814,2091,2645,2774,2778,2941,3178,3207,3209,3210,3214,3261,3263,3532,4405,4423,5155,5825,6013,6138,8265,8285,8317,8318,8319,8339,8340,8397,8763,8764,8765,8766,8767,8768,8769,8770,8771,8772,8773,8774,8775,8776,
565;0;6361;6451;0;17,19,20,24,25,34,37,38,39,40,46,54,95,144,145,149,225,226,231,267,274,276,314,321,337,398,429,528,640,680,681,765,778,844,849,1117,1118,1121,1146,1171,1293,1390,1473,1481,1529,1560,1814,2091,2645,2774,2778,2941,3178,3207,3209,3210,3214,3261,3263,3529,3532,3745,4404,4405,4406,4407,4408,4409,4410,4411,4412,4423,5155,5825,6013,6138,8285,8317,8318,8319,
703;0;6451;6539;0;15,16,17,18,19,21,24,25,35,37,39,54,90,95,100,144,149,196,225,234,245,247,248,267,274,276,291,303,305,310,312,313,314,321,322,364,395,429,438,476,528,632,640,772,773,843,1118,1146,1171,1269,1478,1665,1814,1922,2107,2216,2244,2498,2697,2941,3074,3603,3604,3605,3606,4427,4467,4728,4747,5107,5108,5109,5153,5155,5224,5225,5226,5227,5228,8487,
51;0;6539;6590;0;15,16,17,18,19,21,24,25,35,37,39,54,90,95,100,144,149,196,225,234,245,247,248,267,274,276,291,303,305,310,312,313,314,321,322,364,395,429,438,476,528,632,640,772,773,843,1118,1146,1171,1269,1478,1665,1814,1922,2107,2216,2244,2498,2697,2941,3074,3603,3604,3605,3606,4427,4467,4728,4747,5107,5108,5109,5153,5155,5224,5225,5226,5227,5228,8487,
51;1;6590;6623;0;15,16,17,18,19,21,24,25,35,37,39,54,90,95,100,144,149,196,225,234,245,247,248,267,274,276,291,303,305,310,312,313,314,321,322,364,395,429,438,476,528,632,640,772,773,843,1118,1146,1171,1269,1478,1665,1814,1922,2107,2216,2244,2498,2697,2941,3074,3603,3604,3605,3606,4427,4467,4728,4747,5107,5108,5109,5153,5155,5224,5225,5226,5227,5228,8487,
505;0;6623;6701;0;15,16,17,18,19,21,24,25,35,37,39,54,90,95,100,144,149,196,225,234,245,247,248,267,274,276,291,303,305,310,312,313,314,321,322,364,395,429,438,476,528,632,640,772,773,843,1118,1146,1171,1269,1478,1665,1814,1922,2107,2216,2244,2498,2697,2941,3074,3603,3604,3605,3606,4427,4467,4728,4747,5107,5108,5109,5153,5155,5224,5225,5226,5227,5228,8487,
705;0;6701;6778;0;15,16,17,18,19,21,24,25,35,37,39,54,90,95,100,144,149,196,225,234,245,247,248,267,274,276,291,303,305,310,312,313,314,321,322,364,395,429,438,476,528,632,640,772,773,843,1118,1146,1171,1269,1478,1665,1814,1922,2107,2216,2244,2498,2697,2941,3074,3603,3604,3605,3606,4427,4467,4728,4747,5107,5108,5109,5153,5155,5224,5225,5226,5227,5228,8487,
743;0;6778;6853;0;15,16,17,18,19,21,24,25,35,37,39,54,90,95,100,144,149,196,225,234,245,247,248,267,274,276,291,303,305,310,312,313,314,321,322,364,395,429,438,476,528,632,640,772,773,843,1118,1146,1171,1269,1478,1665,1814,1922,2107,2216,2244,2498,2697,2941,3074,3603,3604,3605,3606,4427,4467,4728,4747,5107,5108,5109,5153,5155,5224,5225,5226,5227,5228,8487,
135;0;6853;6874;0;15,16,17,18,19,21,24,25,35,37,39,54,90,95,100,144,149,196,225,234,245,247,248,267,274,276,291,303,305,310,312,313,314,321,322,364,395,429,438,476,528,632,640,772,773,843,1118,1146,1171,1269,1478,1665,1814,1922,2107,2216,2244,2498,2697,2941,3074,3603,3604,3605,3606,4427,4467,4728,4747,5107,5108,5109,5153,5155,5224,5225,5226,5227,5228,8487,
135;1;7200;7253;0;15,16,17,18,19,21,24,25,35,37,39,54,90,95,100,144,149,196,225,234,245,247,248,267,274,276,291,303,305,310,312,313,314,321,322,364,395,429,438,476,528,632,640,772,773,843,849,1118,1146,1171,1269,1374,1478,1665,1759,1814,1922,2107,2216,2244,2498,2638,2697,2941,3074,3527,3603,3604,3605,3606,4427,4467,4728,4802,6022,7463,8449,8582,8583,8584,
692;0;7253;7322;0;15,16,17,18,19,20,21,24,25,34,35,37,38,39,40,46,54,76,90,95,100,144,149,196,225,234,245,247,248,267,274,276,291,303,305,310,312,313,314,321,322,364,395,429,438,476,528,546,632,640,772,773,778,843,849,1118,1146,1171,1269,1374,1390,1478,1665,1759,1814,1922,2066,2091,2107,2197,2216,2498,2941,3604,3606,3766,4645,5825,6022,6244,
65;0;7322;7354;0;19,24,25,34,37,38,40,46,54,95,100,137,144,145,149,225,226,230,231,234,247,248,267,276,288,291,305,313,321,329,364,377,395,397,429,476,528,546,632,640,778,839,1118,1171,1269,1390,1478,1809,1814,1884,2091,2197,2498,2504,2645,2774,2778,2941,3263,3606,3766,4604,4605,4645,4721,5191,5825,5894,5895,5898,5899,5901,6022,6126,6128,6129,6244,6362,6363,6364,
65;1;7354;7389;0;19,24,25,34,37,38,40,46,54,95,100,137,144,145,149,225,231,234,247,248,267,276,288,291,305,313,321,329,364,377,395,397,429,476,528,546,640,778,839,1118,1171,1269,1390,1478,1809,1814,1884,2091,2197,2498,2504,2645,2774,2778,2941,3263,3606,3705,3766,4280,4604,4605,4645,5825,5894,5895,5898,5899,5901,6022,6126,6128,6129,6244,7395,8076,8077,8078,8079,8081,
798;0;7389;7443;0;19,24,25,34,37,38,40,46,54,95,100,137,144,145,225,231,234,247,248,276,288,291,305,321,329,364,377,390,395,397,429,476,528,546,647,778,839,891,1118,1121,1134,1269,1364,1390,1478,1501,1809,1884,2091,2197,2428,2504,2596,2645,2774,2778,3037,3108,3257,3258,3259,3260,3261,3263,3606,3766,4604,4605,4645,5825,5894,5895,5898,5899,5901,6022,6126,6128,6129,6244,
566;0;7443;7488;0;19,24,25,26,34,37,38,40,46,54,137,144,145,225,231,234,255,288,291,329,364,377,397,429,476,528,529,546,614,618,619,778,1118,1240,1266,1268,1269,1270,1273,1278,1280,1286,1287,1288,1291,1293,1294,1295,1390,1478,1512,1809,1884,2091,2197,2346,2347,2577,2645,2774,3263,3766,4206,4604,4605,4645,5825,5894,5895,5898,5899,6022,6244,6966,7017,7018,7019,7020,7021,7022,
792;0;7488;7532;0;19,24,25,26,34,37,38,40,46,54,97,137,144,145,225,231,234,277,288,291,302,329,364,377,382,397,429,476,528,529,546,681,778,904,1118,1269,1278,1287,1288,1293,1390,1430,1473,1474,1478,1674,1800,1809,1884,2091,2109,2141,2197,2643,2645,2774,2818,2821,3263,3766,4538,4604,4605,4645,4675,4889,4892,4895,4896,4898,4899,5214,5215,5216,5825,5894,5895,5898,6022,6244,
616;0;7532;7568;0;19,24,25,26,34,37,38,40,46,54,55,97,137,144,145,225,231,234,277,288,291,302,329,364,377,382,397,429,476,499,528,529,546,681,778,904,1118,1269,1278,1287,1288,1293,1390,1430,1473,1474,1478,1674,1800,1809,1884,1897,2091,2109,2151,2197,2643,2645,2774,2821,2827,3263,3403,3766,4435,4442,4468,4604,4605,4645,5510,5825,5894,5895,5898,6022,6244,7889,7964,9017,
503;0;7568;7602;0;19,24,25,26,34,37,38,40,46,54,55,137,144,145,225,231,234,288,291,329,364,377,397,429,476,528,529,546,677,778,1118,1269,1278,1287,1288,1293,1390,1451,1474,1478,1481,1809,1884,2091,2197,2626,2628,2645,2649,2660,2689,2774,3263,3766,4400,4604,4605,4645,5507,5633,5825,5894,5895,5898,6022,6114,6244,6370,6723,7203,7204,7205,7206,7207,7208,7209,7210,7211,7212,7213,
539;0;7602;7634;0;19,24,25,26,34,37,38,40,46,54,55,137,144,145,225,231,234,288,291,329,364,377,397,429,476,528,529,546,677,778,1118,1269,1278,1287,1288,1293,1390,1451,1474,1478,1481,1809,1884,2091,2197,2626,2628,2645,2649,2660,2689,2774,3263,3766,4400,4604,4605,4645,5507,5633,5825,5894,5895,5898,6022,6114,6138,6244,6370,6723,7203,7213,8123,8283,8285,8315,8316,8317,8318,8319,
643;0;7634;7656;0;19,24,25,26,34,37,38,40,46,54,55,137,144,145,225,231,234,288,291,329,364,377,397,429,476,528,529,546,677,722,778,1118,1269,1278,1287,1288,1293,1390,1451,1474,1478,1481,1560,1809,1884,2091,2197,2626,2628,2645,2649,2660,2689,2774,3263,3766,4400,4604,4605,4645,5507,5633,5825,5894,5895,5898,6022,6114,6138,6244,6370,6723,7203,7213,7658,8123,8283,8285,8315,8316,
723;0;7656;7670;0;19,24,25,26,34,37,38,40,46,54,55,137,138,144,145,225,231,234,288,291,329,348,364,377,397,404,429,476,528,529,546,677,722,778,1118,1269,1278,1287,1288,1293,1390,1398,1451,1472,1474,1478,1480,1481,1560,1809,1884,2091,2197,2626,2628,2645,2649,2660,2689,2774,3263,3766,4400,4422,4423,4604,4605,4645,5507,5633,5825,5894,5895,5898,6022,6114,6138,6244,6370,7213,
546;0;7670;7681;0;19,24,25,26,34,37,38,40,46,54,55,137,138,144,145,225,231,234,288,291,292,329,348,364,377,397,398,404,429,476,528,529,546,677,722,778,1117,1118,1269,1278,1287,1288,1293,1390,1398,1451,1472,1474,1478,1480,1481,1560,1809,1884,2091,2197,2529,2626,2628,2645,2649,2660,2689,2774,3263,3766,4400,4422,4423,4604,4605,4645,5507,5825,5894,5895,5898,6022,6114,7213,
755;0;7681;7685;0;19,24,25,26,34,36,37,38,40,44,46,52,54,55,137,138,144,145,225,231,234,288,291,292,329,348,364,377,397,398,404,422,429,476,528,529,546,677,722,778,1117,1118,1269,1278,1287,1288,1293,1390,1398,1451,1472,1474,1478,1480,1481,1560,1809,1884,2091,2197,2529,2626,2628,2645,2649,2660,2774,3263,3553,4604,4605,4619,4645,5825,5894,5895,5898,6022,6114,7213,
590;0;7685;7751;1;24,25,26,34,38,40,46,52,54,55,137,144,145,225,231,234,288,291,292,329,348,364,377,397,398,404,429,528,529,658,677,1117,1118,1269,1278,1279,1287,1288,1293,1322,1398,1472,1474,1478,1480,1481,1587,1591,1592,1783,1785,1795,1809,1884,2091,2626,2628,2645,2774,3263,3704,3788,3879,4324,4325,4326,4327,4328,4329,4330,4604,4605,4645,5825,5894,5895,5898,6022,6114,7213,
645;0;7751;7829;1;2,6,24,25,26,34,38,40,46,52,54,55,137,142,144,145,225,231,234,288,291,292,329,348,364,377,391,397,398,404,429,528,529,658,677,911,1050,1051,1053,1117,1118,1233,1269,1278,1279,1287,1288,1293,1322,1398,1472,1474,1478,1480,1481,1587,1591,1592,1603,1783,1785,1809,1884,1918,2091,2626,2628,2645,2774,3263,4604,4605,4645,5825,5894,5895,5898,6022,6114,7213,
141;0;7829;7889;1;24,25,38,40,46,52,55,137,142,144,145,225,231,234,288,291,329,348,377,391,397,398,429,528,677,838,839,901,911,949,1050,1051,1053,1117,1118,1170,1269,1287,1293,1322,1398,1472,1474,1478,1481,1587,1809,1884,2091,2504,2626,2628,2645,2774,2778,3263,3435,4604,4605,4606,4612,4645,4759,4800,5043,5890,5891,5892,5894,5895,5898,5899,5901,6022,6114,6126,6127,6128,6129,6130,
141;1;7889;7911;1;24,25,28,38,40,46,52,55,137,142,144,145,225,231,234,288,291,329,348,377,391,397,398,429,503,528,677,838,839,901,911,949,979,1050,1051,1053,1117,1118,1170,1269,1287,1293,1322,1398,1472,1474,1478,1481,1562,1587,1716,1809,1884,2018,2036,2074,2090,2091,2504,2626,2628,2645,2774,2778,2890,3006,3246,3263,3449,3808,3906,4114,4273,4605,4645,4759,6022,6114,6129,6130,
697;0;7911;8009;1;3,100,117,137,144,189,225,231,233,276,288,291,329,377,390,395,429,435,528,591,647,677,816,838,863,911,949,1048,1049,1051,1054,1117,1134,1145,1282,1287,1291,1293,1322,1358,1361,1474,1478,1604,1669,1671,1725,1805,1945,2091,2240,2306,2337,2391,2407,2626,2628,2695,2794,3606,3703,3721,4450,4547,4548,4630,4645,6092,6129,6130,6385,6393,7655,7656,8456,8457,8458,8459,8460,9221,
28;0;8009;8058;1;3,100,117,137,144,189,225,231,233,276,288,291,329,377,390,395,429,435,528,591,647,677,816,838,863,911,949,1048,1049,1051,1054,1117,1134,1145,1282,1287,1291,1293,1322,1358,1361,1474,1478,1604,1669,1671,1725,1805,1945,2091,2240,2306,2337,2391,2407,2626,2628,2695,2794,3606,3703,3721,4450,4547,4548,4630,4645,6092,6129,6130,6385,6393,7655,7656,8456,8457,8458,8459,8460,9221,
28;1;8058;8113;1;3,100,117,137,144,189,225,231,233,276,288,291,329,377,390,395,429,435,528,591,647,677,816,838,863,911,949,1048,1049,1051,1054,1117,1134,1145,1282,1287,1291,1293,1322,1358,1361,1474,1478,1604,1669,1671,1725,1805,1945,2091,2240,2306,2337,2391,2407,2626,2628,2695,2794,3606,3703,3721,4450,4547,4548,4630,4645,6092,6129,6130,6385,6393,7655,7656,8456,8457,8458,8459,8460,9221,
591;0;8113;8224;1;3,100,117,137,144,189,225,231,233,276,288,291,329,377,390,395,429,435,528,591,647,677,816,838,863,911,949,1048,1049,1051,1054,1117,1134,1145,1282,1287,1291,1293,1322,1358,1361,1474,1478,1604,1669,1671,1725,1805,1945,2091,2240,2306,2337,2391,2407,2626,2628,2695,2794,3606,3703,3721,4450,4547,4548,4630,4645,6092,6129,6130,6385,6393,7655,7656,8456,8457,8458,8459,8460,9221,
534;0;8224;8339;1;3,100,117,137,144,189,225,231,233,276,288,291,329,377,390,395,429,435,528,591,647,677,816,838,863,911,949,1048,1049,1051,1054,1117,1134,1145,1282,1287,1291,1293,1322,1358,1361,1474,1478,1604,1669,1671,1725,1805,1945,2091,2240,2306,2337,2391,2407,2626,2628,2695,2794,3606,3703,3721,4450,4547,4548,4630,4645,6092,6129,6130,6385,6393,7655,7656,8456,8457,8458,8459,8460,9221,
529;0;8640;8758;1;3,100,117,137,144,189,225,231,233,276,288,291,329,377,390,395,429,435,528,591,647,677,816,838,863,911,949,1048,1049,1051,1054,1117,1134,1145,1282,1287,1291,1293,1322,1358,1361,1474,1478,1604,1669,1671,1725,1805,1945,2091,2240,2306,2337,2391,2407,2626,2628,2695,2794,3469,3470,3471,3472,3473,3474,3475,3476,3477,3478,3479,3480,3481,3482,3657,3658,3703,3721,6092,6129,6130,
739;0;8758;8878;1;3,100,101,117,137,144,146,189,225,231,233,276,288,291,329,377,390,395,429,435,528,591,647,677,816,838,863,911,949,1048,1049,1051,1054,1117,1134,1145,1282,1287,1291,1293,1322,1358,1361,1474,1478,1604,1669,1671,1725,1726,1805,1945,2091,2240,2306,2337,2391,2407,2626,2628,2695,2794,3469,3703,3721,4035,4219,5777,5984,5987,5992,6090,6092,6129,6130,6513,6584,7926,7927,7958,
760;0;8878;9009;1;3,100,101,117,137,139,144,146,189,225,231,233,244,276,288,291,321,329,377,390,395,400,429,435,528,591,647,677,715,816,838,863,911,948,949,1048,1049,1051,1052,1054,1117,1134,1145,1282,1287,1291,1293,1322,1358,1361,1474,1478,1604,1668,1669,1671,1725,1726,1805,1945,2091,2240,2306,2337,2391,2407,2626,2628,2695,2794,3284,3517,3703,3721,4804,4859,6092,6129,6130,7683,
27;0;9009;9048;1;3,100,101,117,137,139,144,146,152,175,189,197,225,231,233,244,276,288,291,321,329,377,390,395,400,415,429,435,528,551,591,647,677,715,729,838,863,875,948,949,1049,1051,1054,1117,1282,1287,1291,1293,1322,1341,1361,1474,1478,1545,1777,2068,2148,2174,2233,2258,2407,2626,2628,2856,2873,3409,3517,3703,3721,3802,3829,4060,4864,4866,4868,4869,4871,5779,5780,6092,
27;1;9048;9141;1;3,60,100,101,117,137,139,144,146,152,175,189,197,225,231,233,244,247,248,276,288,291,321,329,377,390,395,400,415,429,435,528,551,591,647,677,715,729,838,863,875,948,949,1049,1051,1054,1117,1282,1287,1289,1291,1293,1322,1341,1361,1474,1478,1545,1777,2068,2148,2174,2233,2261,2407,2626,2628,2873,3517,3597,3702,3703,3721,3802,4127,4451,5522,5652,5653,6092,
2;0;9141;9235;1;3,60,100,101,117,137,139,144,146,152,175,189,197,225,231,233,244,247,248,276,288,289,291,321,329,377,390,395,400,429,591,647,666,677,694,715,765,836,838,863,948,949,1049,1051,1054,1117,1282,1287,1289,1293,1322,1361,1474,1478,1481,1482,1483,2052,2106,2174,2225,2318,2407,2461,2475,2626,2628,2661,2678,2679,2873,2903,3517,3703,3721,5525,5722,6022,6092,6114,
2;1;9235;9276;1;3,60,95,97,100,101,137,139,144,225,231,234,267,268,272,273,276,287,288,305,321,390,395,429,591,647,677,694,715,765,838,892,912,948,949,1049,1051,1054,1117,1166,1200,1282,1287,1289,1293,1322,1474,1478,1481,1493,1513,1728,1729,1812,1973,2174,2365,2371,2405,2407,2461,2628,2661,2873,3000,3436,3437,3438,3439,3440,3441,3442,3443,3444,3445,3703,3721,5525,5722,6092,
638;0;9276;9423;1;55,79,95,100,101,137,139,144,225,231,276,288,390,429,448,517,578,640,647,715,730,838,949,1049,1051,1054,1117,1121,1158,1166,1171,1269,1282,1285,1289,1293,1294,1322,1329,1472,1474,1478,1479,1481,1587,1675,1814,2028,2174,2220,2407,2461,2517,2861,2873,3447,3703,3721,3915,3916,3917,3918,3919,3920,3921,3922,3923,3924,3925,3926,3927,3928,3929,3930,3931,3932,4598,4599,5525,6092,
515;0;9423;9575;1;55,79,95,100,101,137,139,144,225,231,276,288,390,429,448,517,578,640,647,715,730,838,949,1049,1051,1054,1117,1121,1158,1166,1171,1269,1282,1285,1289,1293,1294,1322,1329,1472,1474,1478,1479,1481,1587,1675,1814,2028,2174,2220,2407,2461,2517,2861,2873,3447,3703,3721,3915,3916,3917,3918,3919,3920,3921,3922,3923,3924,3925,3926,3927,3928,3929,3930,3931,3932,4598,4599,5525,6092,
38;0;9575;9628;1;55,79,95,100,101,137,139,144,225,231,276,288,390,429,448,517,578,640,647,715,730,838,949,1049,1051,1054,1117,1121,1158,1166,1171,1269,1282,1285,1289,1293,1294,1322,1329,1472,1474,1478,1479,1481,1587,1675,1814,2028,2174,2220,2407,2461,2517,2861,2873,3447,3703,3721,3915,3916,3917,3918,3919,3920,3921,3922,3923,3924,3925,3926,3927,3928,3929,3930,3931,3932,4598,4599,5525,6092,
38;1;9628;9729;1;55,79,95,100,101,137,139,144,225,231,276,288,390,429,448,517,578,640,647,715,730,838,949,1049,1051,1054,1117,1121,1158,1166,1171,1269,1282,1285,1289,1293,1294,1322,1329,1472,1474,1478,1479,1481,1587,1675,1814,2028,2174,2220,2407,2461,2517,2861,2873,3447,3703,3721,3915,3916,3917,3918,3919,3920,3921,3922,3923,3924,3925,3926,3927,3928,3929,3930,3931,3932,4598,4599,5525,6092,
Machine: 3
662;0;0;5;1;2,24,38,95,97,139,144,145,225,241,262,267,275,277,289,291,295,303,305,310,312,313,314,321,377,390,391,395,400,401,438,581,640,647,648,677,855,1050,1052,1054,1117,1118,1171,1233,1286,1359,1478,1481,1669,1803,2107,2134,2224,2244,2355,2426,2462,2627,2645,2679,2774,2775,2777,2778,3263,3278,3336,3516,3708,4604,4605,4606,4627,5144,5153,5154,5155,5182,5206,6342,
757;0;5;27;1;2,24,38,95,97,139,144,145,225,241,262,267,275,277,289,291,295,303,305,310,312,313,314,321,377,390,391,395,400,401,438,581,640,647,648,677,855,1050,1052,1054,1117,1118,1171,1233,1286,1359,1478,1481,1669,1803,2107,2134,2224,2244,2355,2426,2462,2627,2645,2679,2774,2775,2777,2778,3263,3278,3336,3516,3708,4604,4605,4606,4627,5144,5153,5154,5155,5182,5206,6342,
165;0;27;39;1;2,24,38,95,97,139,144,145,225,241,262,267,275,277,289,291,295,303,305,310,312,313,314,321,377,390,391,395,400,401,438,581,640,647,648,677,855,1050,1052,1054,1117,1118,1171,1233,1286,1359,1478,1481,1669,1803,2107,2134,2224,2244,2355,2426,2462,2627,2645,2679,2774,2775,2777,2778,3263,3278,3336,3516,3708,4604,4605,4606,4627,5144,5153,5154,5155,5182,5206,6342,
165;1;39;64;1;2,24,38,95,97,139,144,145,225,241,262,267,275,277,289,291,295,303,305,310,312,313,314,321,377,390,391,395,400,401,438,581,640,647,648,677,855,1050,1052,1054,1117,1118,1171,1233,1286,1359,1478,1481,1669,1803,2107,2134,2224,2244,2355,2426,2462,2627,2645,2679,2774,2775,2777,2778,3263,3278,3336,3516,3708,4604,4605,4606,4627,5144,5153,5154,5155,5182,5206,6342,
636;0;64;113;1;2,24,38,95,97,139,144,145,225,241,262,267,275,277,289,291,295,303,305,310,312,313,314,321,377,390,391,395,400,401,438,581,640,647,648,677,855,1050,1052,1054,1117,1118,1171,1233,1286,1359,1478,1481,1669,1803,2107,2134,2224,2244,2355,2426,2462,2627,2645,2679,2774,2775,2777,2778,3263,3278,3336,3516,3708,4604,4605,4606,4627,5144,5153,5154,5155,5182,5206,6342,
667;0;113;165;1;2,24,38,95,97,139,144,145,225,241,262,267,275,277,289,291,295,303,305,310,312,313,314,321,377,390,391,395,400,401,438,581,640,647,677,855,1050,1052,1054,1117,1118,1171,1286,1478,1481,1669,1843,2107,2134,2224,2355,2627,2635,2645,2653,2679,2774,2775,2777,2778,3263,3278,3516,4604,4605,4606,4627,4639,4641,5144,5155,5206,5232,5282,5283,5284,5285,5286,5287,5288,
600;0;165;229;1;2,24,38,95,97,139,144,145,225,241,262,267,275,277,289,291,295,303,305,310,312,313,314,321,377,390,391,395,400,401,438,503,505,534,581,640,647,677,855,1050,1052,1054,1063,1117,1118,1171,1286,1333,1478,1481,1659,1669,1843,2107,2134,2224,2355,2627,2635,2645,2653,2679,2774,2775,2777,2778,3263,3278,3516,4604,4605,4606,4627,4639,4641,5144,5155,5206,5232,5282,
604;0;229;295;1;2,24,38,95,97,139,144,145,225,241,245,262,267,275,277,289,291,295,305,310,314,321,377,379,390,391,395,400,429,503,581,640,647,677,855,898,921,922,1050,1052,1054,1058,1117,1118,1171,1286,1362,1478,1481,1669,1843,1918,2107,2134,2224,2355,2627,2635,2645,2653,2679,2723,2774,2775,2777,2778,3250,3263,3278,4088,4604,4605,4606,4627,4639,4641,5144,5155,5206,6263,
242;0;295;363;1;5,24,38,95,97,137,139,144,145,225,241,245,262,267,277,289,291,295,305,308,310,314,321,377,390,391,395,400,429,503,581,640,647,677,838,854,855,891,921,948,1050,1052,1053,1054,1117,1118,1145,1146,1148,1149,1150,1151,1286,1478,1481,1843,2107,2134,2224,2355,2627,2635,2645,2653,2679,2774,2775,2777,2778,3250,3263,3278,4604,4605,4606,4627,4639,4641,5144,5206,
242;1;363;367;1;24,38,95,97,137,139,144,145,225,241,245,256,262,291,295,310,314,321,377,390,391,395,400,429,503,581,640,647,677,854,855,891,921,1050,1054,1118,1145,1146,1282,1286,1292,1478,1481,1843,1867,2021,2089,2107,2134,2221,2224,2407,2410,2477,2625,2679,2774,2775,2778,3263,3278,3416,3706,3929,4435,4604,4605,4606,4627,4639,4641,5106,5206,5703,6757,7367,7879,8606,9257,9258,
200;0;367;411;1;24,38,95,97,137,139,144,145,225,241,245,256,262,291,295,310,314,321,377,390,391,395,400,429,503,581,640,647,677,854,855,891,921,1050,1054,1118,1145,1146,1282,1286,1292,1478,1481,1843,1867,2021,2089,2107,2134,2221,2224,2407,2410,2477,2625,2679,2774,2775,2778,2943,3263,3278,3416,3706,3929,4435,4604,4605,4606,4627,4639,4641,5106,5206,5703,6757,8559,9031,9032,9033,
200;1;411;441;1;24,38,95,97,137,139,144,145,225,241,245,256,262,291,295,310,314,321,377,390,391,395,400,429,503,581,640,647,677,854,855,891,921,1050,1054,1118,1145,1146,1282,1286,1287,1288,1292,1293,1478,1481,1843,1867,2021,2089,2107,2134,2221,2224,2259,2407,2410,2417,2418,2419,2420,2421,2477,2625,2679,2774,2775,2778,2943,3263,3278,3416,4604,4605,4606,4627,4639,4641,5206,8559,
510;0;441;516;1;24,38,95,97,100,137,139,144,145,148,225,241,245,262,288,291,295,310,314,321,377,390,391,395,400,429,503,581,591,640,647,677,854,855,863,891,911,921,949,1050,1054,1118,1145,1146,1172,1282,1286,1287,1288,1292,1293,1478,1481,1484,1502,1633,1670,1843,2089,2107,2134,2224,2407,2419,2679,2774,2775,2778,3034,3263,3278,3284,4397,4401,4472,4604,4795,5206,5695,5926,
632;0;516;593;1;24,38,95,97,100,137,139,144,145,148,225,241,245,262,288,291,295,310,314,321,377,390,391,395,400,429,503,581,591,640,647,677,854,855,863,891,911,921,949,1050,1054,1118,1145,1146,1268,1277,1282,1286,1287,1288,1292,1293,1294,1295,1322,1478,1481,1484,1502,1670,1843,2089,2107,2134,2263,2407,2419,2561,2562,2679,2774,2775,2778,3034,3263,3278,3284,4472,4604,5206,
756;0;593;671;1;24,38,95,97,100,137,139,144,145,225,241,248,250,262,288,291,295,310,314,321,377,390,391,395,400,429,503,581,591,640,647,677,854,855,891,921,1050,1054,1118,1145,1146,1268,1274,1277,1280,1282,1286,1287,1288,1292,1293,1294,1322,1478,1481,1484,1502,1670,1843,2089,2107,2134,2263,2407,2419,2679,2774,2775,3263,3269,3278,3598,3797,4439,4459,4460,4461,4462,4463,4604,
595;0;671;762;1;20,24,74,95,97,100,102,139,144,145,225,266,274,291,310,321,343,390,395,429,640,715,772,827,843,854,1043,1118,1133,1146,1199,1407,1444,1481,1484,1528,2053,2054,2055,2056,2353,2354,2498,2628,2649,2679,2683,2774,2903,3126,3979,4567,4600,5526,5530,5537,5690,5723,5865,5867,5868,7320,7580,7581,7582,7583,7584,7585,7586,7950,8143,8190,8194,8197,8198,8199,8200,8203,8204,8205,
772;0;762;854;1;20,24,74,95,97,100,102,139,144,145,225,266,274,291,310,321,343,390,395,429,640,715,772,827,843,854,1043,1118,1133,1146,1199,1407,1444,1481,1484,1528,2053,2054,2055,2056,2353,2354,2498,2628,2649,2679,2683,2774,2903,3126,3979,4567,4600,5526,5530,5537,5690,5723,5865,5867,5868,7320,7580,7581,7582,7583,7584,7585,7586,7950,8143,8190,8194,8197,8198,8199,8200,8203,8204,8205,
787;0;854;952;1;20,24,74,95,97,100,102,139,144,145,225,266,274,291,310,321,343,390,395,429,640,715,772,827,843,854,1043,1118,1133,1146,1199,1407,1444,1481,1484,1528,2053,2054,2055,2056,2353,2354,2498,2628,2649,2679,2683,2774,2903,3126,3979,4567,4600,5526,5530,5537,5690,5723,5865,5867,5868,7320,7580,7581,7582,7583,7584,7585,7586,7950,8143,8190,8194,8197,8198,8199,8200,8203,8204,8205,
49;0;952;1042;1;20,24,74,95,97,100,102,139,144,145,225,266,274,291,310,321,343,390,395,429,640,715,772,827,843,854,1043,1118,1133,1146,1199,1407,1444,1481,1484,1528,2053,2054,2055,2056,2353,2354,2498,2628,2649,2679,2683,2774,2903,3126,3979,4567,4600,5526,5530,5537,5690,5723,5865,5867,5868,7320,7580,7581,7582,7583,7584,7585,7586,7950,8143,8190,8194,8197,8198,8199,8200,8203,8204,8205,
49;1;1042;1057;1;20,24,74,95,97,100,102,139,144,145,225,266,274,291,310,321,343,390,395,429,640,715,772,827,843,854,1043,1118,1133,1146,1199,1407,1444,1481,1484,1528,2053,2054,2055,2056,2353,2354,2498,2628,2649,2679,2683,2774,2903,3126,3979,4567,4600,5526,5530,5537,5690,5723,5865,5867,5868,7320,7580,7581,7582,7583,7584,7585,7586,7950,8143,8190,8194,8197,8198,8199,8200,8203,8204,8205,
780;0;1057;1166;1;20,24,74,95,97,100,102,139,144,145,225,266,274,291,310,321,343,390,395,429,640,715,772,827,843,854,1043,1118,1133,1146,1199,1407,1444,1481,1484,1528,2053,2054,2055,2056,2353,2354,2498,2628,2649,2679,2683,2774,2903,3126,3979,4567,4600,5526,5530,5537,5690,5723,5865,5867,5868,7320,7580,7581,7582,7583,7584,7585,7586,7950,8143,8190,8194,8197,8198,8199,8200,8203,8204,8205,
23;0;1440;1530;1;20,24,74,95,97,100,102,139,144,145,225,234,266,268,272,273,274,286,287,291,302,310,321,343,351,390,395,429,640,715,772,827,843,854,1043,1118,1133,1146,1199,1236,1407,1444,1481,1484,1528,1624,1740,2053,2054,2055,2056,2225,2353,2354,2498,2628,2649,2679,2683,2695,2774,2903,3126,3698,3793,3979,4567,4600,5526,5530,5537,5868,7033,7034,8143,8190,8198,8199,8200,8203,
23;1;1530;1552;1;20,24,74,95,97,100,102,139,144,145,182,225,234,266,268,272,273,274,286,287,291,301,302,310,321,343,351,390,395,429,640,715,769,772,827,843,854,855,1043,1118,1133,1134,1146,1163,1199,1236,1407,1444,1473,1481,1484,1528,1624,1740,1808,1809,2053,2054,2128,2223,2371,2588,2628,2649,2679,2695,2774,3126,4503,4567,4600,4981,5530,5868,8143,8190,8198,8199,8200,8203,
631;0;1552;1667;1;20,24,74,95,97,100,102,139,144,145,182,225,234,266,268,272,273,274,286,287,291,301,302,310,321,343,351,390,395,429,640,715,769,772,827,843,854,855,1043,1118,1133,1134,1146,1163,1236,1473,1481,1484,1740,1809,2054,2223,2628,2649,2679,2695,2774,3126,4567,4600,4981,5530,5868,6360,8143,8190,8198,8199,8200,8203,8219,8379,8380,8383,8384,8386,8387,8388,8389,8390,
789;0;1667;1793;1;1,3,24,95,97,100,139,144,145,149,225,231,234,262,268,272,273,274,288,291,310,321,343,351,390,391,396,400,429,640,715,769,827,854,855,1118,1134,1146,1397,1398,1401,1473,1476,1477,1481,1484,1502,1681,1682,1740,1809,2054,2109,2134,2223,2628,2679,2774,2821,3278,4567,4600,4832,4857,4927,4981,5246,5249,5275,5276,5277,5530,5868,6360,8143,8219,8379,8380,8383,8384,
786;0;1793;1924;1;1,3,24,95,97,100,139,144,145,149,225,231,234,262,268,272,273,274,288,291,310,321,343,351,390,391,396,400,429,518,640,715,769,827,854,855,1118,1134,1146,1397,1398,1401,1473,1476,1477,1481,1484,1502,1681,1682,1740,1809,2054,2109,2134,2168,2223,2628,2679,2774,2821,3278,3414,4567,4600,4832,4857,4927,4981,5246,5530,5868,6360,6705,8143,8219,8379,8380,8383,8384,
678;0;1924;2059;1;1,3,15,24,95,97,100,139,144,145,149,186,189,225,231,234,262,268,272,273,274,288,291,310,321,343,351,390,391,396,400,429,503,640,662,715,769,827,854,855,979,1088,1118,1134,1146,1398,1401,1473,1481,1484,1502,1550,1580,1681,1740,1809,2054,2157,2223,2555,2628,2679,2774,3022,3127,3414,3627,4567,4600,4857,4981,5530,5868,6360,8143,8219,8379,8380,8383,8384,
146;0;2059;2090;1;1,3,24,95,97,100,139,144,145,149,189,225,231,234,262,268,272,273,274,288,291,310,343,351,390,391,396,400,429,640,715,769,827,854,855,979,1118,1134,1146,1398,1401,1473,1481,1484,1502,1580,1740,1809,2054,2223,2555,2628,2679,2774,3310,3414,4567,4600,4857,4981,5076,5078,5530,5868,5951,5952,5976,5987,5992,6355,6360,6729,7077,7641,8143,8219,8379,8380,8383,8384,
146;1;2090;2200;1;24,26,38,40,95,100,144,189,210,241,248,342,390,402,528,581,598,640,644,715,722,803,871,872,873,874,892,972,1056,1057,1062,1142,1268,1287,1288,1292,1293,1294,1322,1456,1463,1472,1474,1701,1782,1843,1898,1933,2102,2103,2104,2105,2106,2107,2239,2241,2242,2263,2273,2315,2407,2564,2922,2968,3026,3027,3486,3487,3490,3500,3501,3835,3861,4026,4138,5097,5098,5099,5100,7402,
740;0;2200;2354;1;24,26,38,40,95,100,144,189,210,241,248,342,390,402,528,581,598,640,644,715,722,803,871,872,873,874,892,972,1056,1057,1062,1142,1268,1287,1288,1292,1293,1294,1322,1456,1463,1472,1474,1701,1782,1843,1898,1933,2102,2103,2104,2105,2106,2107,2239,2241,2242,2263,2273,2315,2407,2564,2922,2968,3026,3027,3486,3487,3490,3500,3501,3835,3861,4026,4138,5097,5098,5099,5100,7402,
663;0;2354;2510;1;24,26,38,40,95,100,144,189,210,241,248,342,390,402,528,581,598,640,644,715,722,803,871,872,873,874,892,972,1056,1057,1062,1142,1268,1287,1288,1292,1293,1294,1322,1456,1463,1472,1474,1701,1782,1843,1898,1933,2102,2103,2104,2105,2106,2107,2239,2241,2242,2263,2273,2315,2407,2564,2922,2968,3026,3027,3486,3487,3490,3500,3501,3835,3861,4026,4138,5097,5098,5099,5100,7402,
142;0;2510;2619;1;24,26,38,40,95,100,144,189,210,241,248,342,390,402,528,581,598,640,644,715,722,803,871,872,873,874,892,972,1056,1057,1062,1142,1268,1287,1288,1292,1293,1294,1322,1456,1463,1472,1474,1701,1782,1843,1898,1933,2102,2103,2104,2105,2106,2107,2239,2241,2242,2263,2273,2315,2407,2564,2922,2968,3026,3027,3486,3487,3490,3500,3501,3835,3861,4026,4138,5097,5098,5099,5100,7402,
142;1;2619;2668;1;24,26,38,40,95,100,144,189,210,241,248,342,390,402,528,581,598,640,644,715,722,803,871,872,873,874,892,972,1056,1057,1062,1142,1268,1287,1288,1292,1293,1294,1322,1456,1463,1472,1474,1701,1782,1843,1898,1933,2102,2103,2104,2105,2106,2107,2239,2241,2242,2263,2273,2315,2407,2564,2922,2968,3026,3027,3486,3487,3490,3500,3501,3835,3861,4026,4138,5097,5098,5099,5100,7402,
686;0;2668;2828;1;24,26,38,40,95,100,144,189,210,241,248,342,390,402,528,581,598,640,644,715,722,803,871,872,873,874,892,972,1056,1057,1062,1142,1268,1287,1288,1292,1293,1294,1322,1456,1463,1472,1474,1701,1782,1843,1898,1933,2102,2103,2104,2105,2106,2107,2239,2241,2242,2263,2273,2315,2407,2564,2922,2968,3026,3027,3486,3487,3490,3500,3501,3835,3861,4026,4138,5097,5098,5099,5100,7402,
745;0;2828;2992;1;24,26,38,40,95,100,144,189,210,241,248,342,390,402,528,581,598,640,644,715,722,803,871,872,873,874,892,972,1056,1057,1062,1142,1268,1287,1288,1292,1293,1294,1322,1456,1463,1472,1474,1701,1782,1843,1898,1933,2102,2103,2104,2105,2106,2107,2239,2241,2242,2263,2273,2315,2407,2564,2922,2968,3026,3027,3486,3487,3490,3500,3501,3835,3861,4026,4138,5097,5098,5099,5100,7402,
95;0;2992;3124;1;24,26,27,38,40,61,95,100,144,189,210,241,248,342,366,390,402,528,538,581,598,634,640,644,715,722,803,871,872,873,874,892,972,1056,1057,1062,1142,1143,1268,1270,1284,1287,1288,1292,1293,1294,1322,1456,1463,1472,1474,1701,1782,1843,1898,1933,2089,2102,2103,2104,2239,2263,2265,2273,2315,2407,2516,2537,2564,2864,2873,2941,2968,3402,3606,3709,3861,4026,4217,4218,
95;1;3124;3161;1;24,26,27,38,40,61,95,100,144,189,210,241,248,342,366,390,402,430,528,538,581,591,598,634,640,644,715,722,803,871,872,873,874,892,972,1056,1057,1062,1142,1143,1268,1270,1284,1287,1288,1292,1293,1294,1322,1456,1463,1472,1474,1701,1782,1843,1898,1933,2089,2102,2103,2104,2239,2263,2265,2273,2315,2405,2407,2516,2537,2564,2674,2676,2864,2873,2941,2968,3069,4026,
759;0;3161;3331;1;24,26,27,38,40,61,95,100,144,189,210,241,248,342,366,390,402,430,528,538,581,591,598,634,640,644,715,722,803,871,872,873,874,892,972,1056,1057,1062,1142,1143,1268,1270,1277,1278,1282,1284,1287,1288,1292,1293,1294,1322,1456,1463,1472,1474,1701,1782,1843,1898,1933,2089,2101,2102,2103,2104,2239,2263,2265,2273,2315,2405,2407,2516,2537,2564,2674,2941,2968,4026,
704;0;3331;3504;1;24,26,27,38,40,61,95,100,137,138,144,189,210,226,241,248,273,276,288,291,310,342,351,366,390,402,430,528,538,581,591,598,634,640,644,715,722,803,871,872,873,874,1057,1118,1268,1270,1277,1278,1282,1284,1287,1288,1292,1293,1294,1322,1428,1463,1474,1478,1668,1676,1919,2239,2263,2273,2315,2376,2405,2407,2531,2532,2533,2534,2535,2536,2564,2941,2968,4026,
767;0;3504;3683;1;24,26,27,54,61,95,100,137,138,144,225,248,273,288,295,390,528,591,640,644,647,686,715,855,1057,1118,1121,1272,1277,1278,1280,1288,1292,1293,1294,1361,1474,1478,1502,1582,1670,1676,1734,1781,2028,2052,2070,2239,2263,2273,2315,2640,2816,2941,2968,2998,3618,3703,3711,3712,3728,3948,3949,3950,3951,4026,4450,4888,5462,5463,5464,5715,5716,5717,5718,5719,5720,5721,6849,8289,
99;0;3683;3848;0;24,26,27,54,61,95,100,137,138,144,225,248,273,288,295,390,528,591,640,644,647,686,715,855,1057,1118,1121,1272,1277,1278,1280,1288,1292,1293,1294,1361,1474,1478,1502,1582,1670,1676,1734,1781,2028,2052,2070,2239,2263,2273,2315,2640,2816,2941,2968,2998,3618,3703,3711,3712,3728,3948,3949,3950,3951,4026,4450,4888,5462,5463,5464,5715,5716,5717,5718,5719,5720,5721,6849,8289,
99;1;3848;4007;0;24,26,27,54,61,95,100,137,138,144,225,248,273,288,295,390,528,591,640,644,647,686,715,855,1057,1118,1121,1272,1277,1278,1280,1288,1292,1293,1294,1361,1474,1478,1502,1582,1670,1676,1734,1781,2028,2052,2070,2239,2263,2273,2315,2640,2816,2941,2968,2998,3618,3703,3711,3712,3728,3948,3949,3950,3951,4026,4450,4888,5462,5463,5464,5715,5716,5717,5718,5719,5720,5721,6849,8289,
239;0;4007;4186;0;24,26,27,54,61,95,100,137,138,144,225,248,273,288,295,390,528,591,640,644,647,686,715,855,1057,1118,1121,1272,1277,1278,1280,1288,1292,1293,1294,1361,1474,1478,1502,1582,1670,1676,1734,1781,2028,2052,2070,2239,2263,2273,2315,2640,2816,2941,2968,2998,3618,3703,3711,3712,3728,3948,3949,3950,3951,4026,4450,4888,5462,5463,5464,5715,5716,5717,5718,5719,5720,5721,6849,8289,
239;1;4186;4263;0;24,26,27,54,61,95,100,137,138,144,225,248,273,288,295,390,528,591,640,644,647,686,715,855,1057,1118,1121,1272,1277,1278,1280,1288,1292,1293,1294,1361,1474,1478,1502,1582,1670,1676,1734,1781,2028,2052,2070,2239,2263,2273,2315,2640,2816,2941,2968,2998,3618,3703,3711,3712,3728,3948,3949,3950,3951,4026,4450,4888,5462,5463,5464,5715,5716,5717,5718,5719,5720,5721,6849,8289,
247;0;4320;4399;0;24,26,27,29,54,61,95,100,137,138,144,225,248,273,288,295,390,528,591,640,644,647,686,715,855,1057,1118,1121,1272,1277,1278,1280,1288,1292,1293,1294,1361,1474,1478,1502,1582,1670,1676,1734,1781,2028,2052,2070,2239,2263,2273,2315,2640,2816,2941,2968,2998,3346,3618,3703,3711,3712,3728,3948,3949,3950,3951,4026,4314,4318,4450,4888,5462,5463,5464,5715,5716,5717,5718,5719,
247;1;4399;4556;0;7,8,24,26,27,29,54,61,95,100,137,138,144,225,248,273,288,295,390,392,394,398,528,591,640,644,647,686,715,855,1049,1050,1054,1055,1057,1118,1121,1272,1277,1278,1280,1288,1292,1293,1294,1361,1474,1478,1502,1582,1670,1675,1676,1734,1781,2028,2052,2070,2239,2263,2273,2315,2640,2816,2941,2968,2998,3346,3618,3703,3711,3712,3728,3948,3949,3950,3951,4026,4318,4450,
114;0;4556;4693;0;7,8,24,26,27,29,54,61,95,100,137,138,144,225,248,273,288,295,390,392,394,398,528,591,640,644,647,686,715,855,1049,1050,1054,1055,1057,1118,1121,1272,1277,1278,1280,1288,1292,1293,1294,1361,1474,1478,1502,1582,1675,1676,1781,2052,2273,2315,2816,2941,2968,3663,3679,3686,3690,3703,3712,4318,4450,5082,6003,6004,6005,6006,6007,6008,6009,6010,6011,6012,6013,6058,
114;1;4693;4789;0;7,8,24,26,27,29,54,61,95,100,137,138,144,225,248,273,288,292,295,314,390,392,394,398,528,591,640,644,647,677,686,715,855,1049,1050,1054,1055,1057,1118,1121,1272,1277,1278,1280,1288,1292,1293,1294,1361,1474,1478,1502,1582,1675,1676,1781,2052,2273,2315,2816,2941,2968,3263,3663,3679,3686,3690,3703,3712,4318,4450,4608,4609,5082,6003,6004,6011,7886,7887,7888,
113;0;4789;4918;0;7,8,24,26,27,29,54,61,95,100,137,138,144,225,248,273,288,292,295,314,390,392,394,397,398,528,591,640,644,647,677,686,715,855,1049,1050,1054,1055,1057,1118,1121,1272,1277,1278,1280,1288,1292,1293,1294,1361,1474,1478,1502,1521,1582,1675,1676,1781,2052,2273,2315,2816,2941,2968,3263,3663,3679,3686,3690,3703,3712,4318,4450,4608,4609,5082,6003,6004,6011,7886,
113;1;4918;5015;0;7,8,24,26,27,29,54,61,95,100,137,139,144,179,225,248,273,288,292,314,377,390,394,397,398,442,528,591,640,644,647,677,715,855,891,1050,1054,1055,1118,1121,1145,1272,1277,1278,1280,1288,1292,1293,1294,1361,1474,1478,1484,1502,1521,1675,1676,1781,1941,2052,2223,2273,2315,2436,2465,2816,2892,2941,2968,3263,3337,3338,3339,3340,3679,3703,3712,4318,4450,6011,
228;0;5015;5063;0;24,27,54,60,113,137,144,149,225,248,251,262,269,280,288,377,397,404,501,510,528,640,659,682,734,868,875,912,921,1118,1277,1286,1288,1363,1473,1474,1478,1538,1676,1763,1822,1848,2054,2179,2273,2309,2310,2311,2312,2313,2314,2315,2316,2870,2924,3263,3414,3435,4135,4313,4316,4318,4535,4719,4792,4954,4955,4956,4957,4958,4959,4960,4961,5496,6136,6145,6234,6307,8282,8356,
228;1;5063;5235;0;24,27,54,60,113,137,144,149,225,248,251,262,269,280,288,377,397,404,501,510,528,640,659,682,734,868,875,912,921,1118,1277,1286,1288,1363,1473,1474,1478,1538,1676,1763,1822,1848,2054,2179,2273,2309,2310,2311,2312,2313,2314,2315,2316,2870,2924,3263,3414,3435,4135,4313,4316,4318,4535,4719,4792,4954,4955,4956,4957,4958,4959,4960,4961,5496,6136,6145,6234,6307,8282,8356,
5;0;5235;5379;0;24,27,54,60,113,137,144,149,225,248,251,262,269,280,288,377,397,404,501,510,528,640,659,682,734,868,875,912,921,1118,1277,1286,1288,1363,1473,1474,1478,1538,1676,1763,1822,1848,2054,2179,2273,2309,2310,2311,2312,2313,2314,2315,2316,2870,2924,3263,3414,3435,4135,4313,4316,4318,4535,4719,4792,4954,4955,4956,4957,4958,4959,4960,4961,5496,6136,6145,6234,6307,8282,8356,
5;1;5379;5452;0;24,27,54,60,113,137,144,149,225,248,251,262,269,280,288,377,397,404,501,510,528,640,659,682,734,868,875,912,921,1118,1277,1286,1288,1363,1473,1474,1478,1538,1676,1763,1822,1848,2054,2179,2273,2309,2310,2311,2312,2313,2314,2315,2316,2870,2924,3263,3414,3435,4135,4313,4316,4318,4535,4719,4792,4954,4955,4956,4957,4958,4959,4960,4961,5496,6136,6145,6234,6307,8282,8356,
195;0;5452;5606;0;24,27,54,60,113,137,144,149,225,248,251,262,269,280,288,377,397,404,501,510,528,640,659,682,734,868,875,912,921,1118,1277,1286,1288,1363,1473,1474,1478,1538,1676,1763,1822,1848,2054,2179,2273,2309,2310,2311,2312,2313,2314,2315,2316,2870,2924,3263,3414,3435,4135,4313,4316,4318,4535,4719,4792,4954,4955,4956,4957,4958,4959,4960,4961,5496,6136,6145,6234,6307,8282,8356,
195;1;5760;5815;0;24,27,54,60,113,137,144,149,225,245,248,251,262,269,274,280,288,343,377,397,404,501,510,528,640,659,682,734,868,875,912,921,1118,1277,1286,1288,1363,1473,1474,1478,1538,1676,1763,1822,1848,2054,2179,2273,2309,2310,2311,2312,2313,2314,2315,2316,2774,2775,2778,2870,2924,3263,3414,3435,3744,4135,4313,4316,4318,4535,4604,4639,4641,4739,4740,4741,4742,4743,6136,8282,
198;0;5815;5860;0;24,27,54,60,113,137,144,149,225,233,245,248,251,262,269,274,280,288,343,377,396,397,404,434,501,510,528,640,659,682,734,868,875,912,921,1118,1134,1277,1286,1288,1363,1473,1474,1478,1538,1676,1763,1822,1848,1971,2054,2179,2273,2309,2310,2311,2312,2313,2658,2729,2774,2775,2778,3263,3414,3435,4135,4313,4567,4604,4627,5411,5605,5748,5841,5853,5854,5858,6136,8282,
198;1;5860;6021;0;24,27,54,60,117,137,144,145,149,225,231,248,251,262,269,274,288,329,377,396,397,404,429,528,659,839,868,901,1118,1277,1286,1288,1308,1363,1473,1474,1478,1809,1915,1971,2091,2273,2504,2573,2645,2658,2774,2775,2777,2778,3263,3414,3435,4135,4313,4604,4605,4606,4612,4627,4759,4761,4822,5191,5299,5492,5665,5890,5891,5892,5899,5901,6126,6136,6362,6363,6364,6366,6367,8282,
238;0;6021;6050;0;24,26,27,54,60,117,137,144,145,149,225,231,248,251,262,269,274,288,329,377,396,397,404,429,528,659,754,839,868,901,1118,1277,1286,1288,1292,1293,1294,1308,1363,1473,1474,1478,1777,1809,1915,1971,2091,2273,2408,2409,2419,2504,2573,2645,2658,2774,2775,2777,2778,3263,3414,3435,4135,4313,4604,4605,4606,4612,4627,4759,4761,4822,5191,5299,6136,6957,7035,7060,7061,8282,
238;1;6050;6222;0;24,26,27,54,60,97,117,137,144,145,149,178,179,181,184,225,231,234,248,251,262,267,268,269,272,273,274,285,288,305,307,308,309,317,329,377,396,397,404,429,528,659,754,839,868,901,1118,1132,1277,1286,1288,1292,1293,1294,1308,1363,1379,1473,1474,1478,1680,1809,1915,1971,2091,2273,2645,2658,2774,2775,2778,3263,3414,4135,4313,4604,4627,6136,7060,8282,
117;0;6222;6258;0;24,26,27,54,60,97,117,137,144,145,149,178,179,181,225,231,234,248,249,251,262,267,268,269,273,274,288,308,377,396,404,429,512,528,659,868,1085,1118,1277,1278,1286,1288,1292,1293,1294,1308,1363,1473,1474,1478,1680,1809,1915,1971,2091,2273,2645,2658,2774,2775,2778,2968,3070,3263,3369,3414,4135,4313,4492,4604,4624,4627,4710,4864,5308,6136,7060,7125,8282,8510,
117;1;6258;6412;0;24,26,27,54,60,97,117,137,144,145,149,178,179,181,225,231,234,248,249,251,262,267,268,269,273,274,288,308,377,396,404,429,512,528,659,868,1085,1118,1277,1278,1286,1288,1292,1293,1294,1308,1363,1473,1474,1478,1680,1809,1915,1971,2091,2273,2645,2658,2774,2775,2778,2968,3070,3263,3279,3280,3281,3282,3283,3369,3414,4135,4313,4492,4604,4624,4627,6136,7060,8282,
31;0;6412;6430;0;24,26,27,54,60,97,117,137,139,144,145,149,178,179,181,225,231,234,248,249,251,262,267,268,269,273,274,288,308,332,377,396,404,429,512,528,659,868,948,1085,1118,1277,1278,1286,1288,1292,1293,1294,1308,1363,1398,1424,1473,1474,1478,1680,1809,1915,1971,2091,2273,2359,2645,2658,2774,2775,2778,2968,3263,3414,4135,4313,4604,4627,4979,4980,4981,6136,7060,8282,
31;1;6430;6592;0;24,97,100,144,145,225,231,262,288,380,404,429,617,618,666,715,827,833,836,947,1136,1286,1293,1363,1401,1474,1478,1481,1599,2318,2346,2347,2355,2625,2626,2635,2653,2661,2678,2690,3147,4449,5336,5350,5525,5530,5531,5538,5637,5722,5868,6022,6023,6026,6309,6310,6360,6564,6594,6595,6596,6597,6598,6599,6600,6601,6602,7346,7347,7479,8219,8375,8376,8379,8380,8381,8382,8383,8384,8385,
188;0;6592;6626;0;24,97,100,144,145,225,231,262,288,380,404,429,617,618,666,715,827,833,836,947,1136,1286,1293,1363,1401,1474,1478,1481,1599,2318,2346,2347,2355,2625,2626,2635,2653,2661,2678,2690,3147,4449,5336,5350,5525,5530,5531,5538,5637,5722,5868,6022,6023,6026,6309,6310,6360,6564,6594,6595,6596,6597,6598,6599,6600,6601,6602,7346,7347,7479,8219,8375,8376,8379,8380,8381,8382,8383,8384,8385,
188;1;6626;6768;0;24,97,100,144,145,225,231,262,288,380,404,429,617,618,666,715,827,833,836,947,1136,1286,1293,1363,1401,1474,1478,1481,1599,2318,2346,2347,2355,2625,2626,2635,2653,2661,2678,2690,3147,4449,5336,5350,5525,5530,5531,5538,5637,5722,5868,6022,6023,6026,6309,6310,6360,6564,6594,6595,6596,6597,6598,6599,6600,6601,6602,7346,7347,7479,8219,8375,8376,8379,8380,8381,8382,8383,8384,8385,
617;0;6768;6943;0;24,97,100,144,145,225,231,262,288,380,404,429,617,618,666,715,827,833,836,947,1136,1286,1293,1363,1401,1474,1478,1481,1599,2318,2346,2347,2355,2625,2626,2635,2653,2661,2678,2690,3147,4449,5336,5350,5525,5530,5531,5538,5637,5722,5868,6022,6023,6026,6309,6310,6360,6564,6594,6595,6596,6597,6598,6599,6600,6601,6602,7346,7347,7479,8219,8375,8376,8379,8380,8381,8382,8383,8384,8385,
103;0;7200;7277;0;24,97,100,144,145,225,231,244,262,277,288,354,357,380,404,429,591,617,618,666,715,827,833,836,947,1136,1286,1293,1363,1401,1474,1478,1481,1599,1666,2318,2346,2347,2355,2625,2626,2635,2653,2661,2678,2690,2714,3147,3284,4311,4312,4449,4472,5336,5350,5525,5530,5531,5538,5637,5722,5868,6022,6023,6026,6309,6310,6360,6564,6594,6595,6596,6597,6598,6599,6600,6601,6602,6848,7346,
103;1;7277;7371;0;24,95,97,100,144,145,225,231,244,262,277,288,354,357,380,390,400,404,429,591,617,618,666,715,827,833,836,947,1136,1146,1286,1293,1363,1401,1474,1478,1481,1599,1666,2318,2346,2347,2355,2381,2625,2626,2635,2653,2661,2678,2690,2714,2824,3147,3284,4311,4312,4449,4472,5336,5350,5525,5530,5531,5538,5637,5722,5868,6022,6023,6026,6309,6310,6360,6564,6594,6595,6596,6597,6598,
197;0;7371;7503;0;24,61,79,95,97,100,144,145,170,225,231,244,262,277,288,354,357,380,390,400,404,412,429,591,617,618,666,715,827,833,836,947,1136,1146,1286,1293,1363,1401,1474,1478,1481,1587,1599,1657,1666,2318,2346,2347,2355,2381,2413,2518,2555,2625,2626,2635,2653,2661,2678,2690,2714,2824,2941,3147,3284,3361,3877,4311,4312,4449,4472,5336,5350,5525,5530,5531,5637,5722,6023,6360,
197;1;7503;7537;0;24,61,79,95,97,100,144,145,170,225,231,244,262,277,288,354,357,380,390,400,404,412,429,591,617,618,666,715,827,833,836,947,1093,1136,1146,1286,1293,1363,1401,1474,1478,1481,1587,1599,1657,1666,2318,2346,2347,2355,2381,2413,2518,2555,2625,2626,2635,2653,2661,2678,2690,2714,2824,2941,3147,3284,3361,3877,4311,4312,4449,4472,5336,5350,5525,5530,5637,5722,6023,6360,
24;0;7537;7667;0;24,61,79,95,97,100,144,145,170,225,231,244,262,277,288,354,357,380,390,400,404,412,429,591,617,618,666,715,827,833,836,947,1093,1136,1146,1286,1293,1363,1401,1474,1478,1481,1587,1599,1657,1666,2318,2346,2347,2355,2381,2413,2518,2555,2625,2626,2635,2653,2661,2678,2690,2714,2824,2941,3147,3284,3361,3877,4311,4312,4449,4472,5336,5350,5525,5637,5722,6023,6360,7759,
24;1;7667;7698;0;24,61,79,95,97,100,144,145,170,225,231,244,262,277,288,354,357,380,390,400,404,412,429,591,617,618,666,715,827,833,836,947,1093,1136,1146,1286,1293,1363,1401,1474,1478,1481,1587,1599,1657,1666,2318,2346,2347,2355,2381,2413,2518,2555,2625,2626,2635,2653,2661,2678,2690,2714,2824,2941,3147,3284,3361,3877,4311,4312,4449,4472,5336,5350,5637,5722,6023,6360,7009,8354,
691;0;7698;7850;0;24,61,79,95,97,100,144,145,170,225,231,244,262,277,288,354,357,380,390,400,404,412,429,591,617,618,666,715,827,833,836,947,1093,1136,1146,1286,1293,1363,1401,1474,1478,1481,1501,1587,1599,1657,1666,1817,2318,2346,2347,2355,2381,2413,2428,2450,2451,2452,2453,2518,2555,2625,2626,2635,2653,2661,2678,2690,2714,2824,2941,3147,3284,3361,4472,5336,5637,5722,6023,6360,
727;0;7850;8001;0;3,24,26,27,60,79,95,137,144,225,231,251,255,256,277,390,398,400,404,429,591,655,971,1048,1051,1054,1145,1146,1266,1267,1268,1269,1272,1276,1278,1280,1284,1286,1287,1290,1291,1292,1293,1294,1295,1322,1358,1478,1481,1484,1580,1587,1604,1945,1970,1971,2036,2080,2413,2518,2555,2678,2941,3396,3597,3609,3624,4866,7062,7063,7064,8128,8134,8137,8143,8231,8271,8272,8285,8291,
501;0;8001;8150;0;3,24,26,27,60,79,95,137,144,225,231,251,255,256,277,390,398,400,404,429,591,655,971,1048,1051,1054,1145,1146,1266,1267,1268,1269,1272,1276,1278,1280,1284,1286,1287,1290,1291,1292,1293,1294,1295,1322,1358,1478,1481,1484,1580,1587,1604,1945,1970,1971,2036,2080,2413,2518,2555,2678,2941,3396,3597,3609,3624,4866,7062,7063,7064,8128,8134,8137,8143,8231,8271,8272,8285,8291,
642;0;8150;8298;0;3,24,26,27,60,79,95,137,144,225,231,251,255,256,277,390,398,400,404,429,591,655,971,1048,1051,1054,1145,1146,1266,1267,1268,1269,1272,1276,1278,1280,1284,1286,1287,1290,1291,1292,1293,1294,1295,1322,1358,1478,1481,1484,1580,1587,1604,1945,1970,1971,2036,2080,2413,2518,2555,2678,2941,3396,3597,3609,3624,4866,7062,7063,7064,8128,8134,8137,8143,8231,8271,8272,8285,8291,
626;0;8298;8443;0;3,24,26,27,60,79,95,137,144,225,231,251,255,256,277,390,398,400,404,429,591,655,971,1048,1051,1054,1145,1146,1266,1267,1268,1269,1272,1276,1278,1280,1284,1286,1287,1290,1291,1292,1293,1294,1295,1322,1358,1478,1481,1484,1580,1587,1604,1945,1970,1971,2036,2080,2413,2518,2555,2678,2941,3396,3597,3609,3624,4866,7062,7063,7064,8128,8134,8137,8143,8231,8271,8272,8285,8291,
670;0;8443;8580;0;3,24,26,27,60,79,95,137,144,225,231,251,255,256,277,390,398,400,404,429,591,655,971,1048,1051,1054,1145,1146,1266,1267,1268,1269,1272,1276,1278,1280,1284,1286,1287,1290,1291,1292,1293,1294,1295,1322,1358,1478,1481,1484,1580,1587,1604,1945,1970,1971,2036,2080,2413,2518,2555,2678,2941,3396,3597,3609,3624,4866,7062,7063,7064,8128,8134,8137,8143,8231,8271,8272,8285,8291,
554;0;8580;8716;0;3,24,26,27,60,79,95,137,144,225,231,251,255,256,277,390,398,400,404,429,591,655,971,1048,1051,1054,1145,1146,1266,1267,1268,1269,1272,1276,1278,1280,1284,1286,1287,1290,1291,1292,1293,1294,1295,1322,1358,1478,1481,1484,1580,1587,1604,1945,1970,1971,2036,2080,2413,2518,2555,2678,2941,3396,3597,3609,3624,4866,7062,7063,7064,8128,8134,8137,8143,8231,8271,8272,8285,8291,
717;0;8716;8848;0;3,24,26,27,60,79,95,137,144,146,149,225,231,251,255,256,277,390,398,400,404,429,591,655,971,1048,1051,1054,1117,1118,1145,1146,1149,1266,1267,1268,1269,1272,1276,1278,1280,1284,1286,1287,1290,1291,1292,1293,1294,1295,1322,1358,1478,1479,1481,1484,1580,1587,1604,1920,1945,1970,1971,1973,2036,2080,2413,2518,2555,2678,2941,3396,3597,3609,3624,4473,4866,4965,4972,7062,
650;0;8848;8978;0;3,24,26,27,79,95,137,144,149,225,228,234,251,268,277,390,400,404,430,591,606,608,609,927,1051,1054,1068,1095,1118,1149,1207,1280,1293,1295,1347,1358,1378,1395,1406,1417,1478,1481,1525,1587,1604,1671,1913,1920,2094,2337,2339,2413,2518,2531,2678,2691,2715,2941,3111,4031,4161,4425,4473,4475,5067,5138,5140,5141,5144,5147,5149,5228,5323,7683,8595,8596,8597,8598,8599,8600,
180;0;8978;9079;0;3,24,26,27,79,95,137,144,149,225,228,234,251,268,277,351,390,400,404,430,591,606,608,609,677,765,927,1051,1054,1068,1095,1118,1149,1207,1280,1293,1295,1347,1358,1378,1395,1406,1417,1478,1481,1587,1604,1671,1920,2094,2337,2339,2413,2518,2627,2645,2678,2679,2774,2775,2778,2941,3447,4161,4332,4425,4473,4600,4604,4627,4852,4853,4854,4855,4856,4857,4858,4859,4860,7683,
180;1;9079;9102;0;3,24,26,27,79,87,95,137,144,149,225,228,234,251,268,274,277,351,390,400,404,430,440,591,606,608,609,677,765,769,927,1051,1054,1068,1070,1095,1118,1149,1207,1280,1293,1295,1347,1358,1372,1378,1395,1406,1417,1478,1481,1521,1587,1604,1671,1772,1773,1774,1920,2094,2337,2339,2413,2518,2627,2645,2678,2679,2774,2775,2778,2941,3447,4161,4332,4425,4473,4600,4604,7683,
750;0;9102;9222;0;3,24,26,27,79,87,95,137,144,149,189,225,228,234,251,268,274,277,351,390,400,404,430,440,491,578,591,606,608,609,677,765,769,927,979,1051,1054,1068,1070,1095,1118,1149,1207,1280,1293,1295,1347,1358,1372,1378,1395,1406,1417,1478,1481,1521,1587,1604,1671,1772,1773,1774,1920,2094,2337,2339,2413,2518,2645,2774,2775,2778,2941,4135,4161,4425,4473,4913,7683,8695,
63;0;9222;9288;0;1,3,26,27,93,95,137,143,144,148,149,225,251,277,323,390,394,400,404,677,1051,1054,1055,1118,1149,1167,1210,1280,1293,1295,1358,1361,1378,1469,1478,1481,1535,1603,1604,1735,1737,1738,1740,1741,1742,1743,1744,1745,1748,1750,1751,1752,1753,1754,1755,1757,1760,1762,1764,1765,1767,1769,1770,1771,1811,1812,1814,2413,2518,2603,2646,2941,3250,3630,4473,6415,6416,7056,7057,7058,
63;1;9288;9340;0;1,3,26,27,93,95,137,143,144,148,149,164,225,251,277,323,390,394,400,404,677,1051,1054,1055,1118,1149,1167,1210,1280,1293,1295,1358,1361,1378,1469,1478,1481,1535,1603,1604,1735,1737,1738,1740,1741,1742,1743,1744,1745,1748,1750,1751,1752,1753,1754,1755,1757,1760,1762,1764,1765,1767,1769,1770,1771,1811,1812,1814,2413,2518,2611,2941,3386,3598,3831,3986,4462,4473,6961,7003,
522;0;9340;9450;0;6,17,137,144,148,202,206,390,391,394,400,677,715,794,814,827,949,987,1052,1054,1118,1198,1200,1203,1214,1242,1281,1358,1363,1481,1529,1590,1603,1726,1779,1800,1811,1812,1814,1992,2207,2321,2413,2475,2518,2602,2626,2628,2661,2812,2937,2941,3347,3379,3409,4473,4632,4982,5336,5637,5685,5722,5795,5869,6023,6042,6129,6229,6311,6312,6313,6386,6387,7487,8130,8131,8132,8133,8469,8470,
749;0;9450;9551;0;6,17,137,144,148,202,206,390,391,394,400,677,715,794,814,827,949,987,1052,1054,1118,1198,1200,1203,1214,1242,1281,1358,1363,1481,1529,1590,1603,1726,1779,1800,1811,1812,1814,1992,2207,2321,2413,2475,2518,2602,2626,2628,2661,2812,2937,2941,3347,3379,3409,4473,4632,4982,5336,5637,5685,5722,5795,5869,6023,6042,6129,6229,6311,6312,6313,6386,6387,7487,8130,8131,8132,8133,8469,8470,
728;0;9551;9648;0;6,17,137,144,148,202,206,390,391,394,400,677,715,794,814,827,949,987,1052,1054,1118,1198,1200,1203,1214,1242,1281,1358,1363,1481,1529,1590,1603,1726,1779,1800,1811,1812,1814,1992,2207,2321,2413,2475,2518,2602,2626,2628,2661,2812,2937,2941,3347,3379,3409,4473,4632,4982,5336,5637,5685,5722,5795,5869,6023,6042,6129,6229,6311,6312,6313,6386,6387,7487,8130,8131,8132,8133,8469,8470,
671;0;9648;9743;0;6,17,137,144,148,202,206,390,391,394,400,677,715,794,814,827,949,987,1052,1054,1118,1198,1200,1203,1214,1242,1281,1358,1363,1481,1529,1590,1603,1726,1779,1800,1811,1812,1814,1992,2207,2321,2413,2475,2518,2602,2626,2628,2661,2812,2937,2941,3347,3379,3409,4473,4632,4982,5336,5637,5685,5722,5795,5869,6023,6042,6129,6229,6311,6312,6313,6386,6387,7487,8130,8131,8132,8133,8469,8470,
245;0;9743;9765;0;6,17,137,144,148,202,206,390,391,394,400,677,715,794,814,827,949,987,1052,1054,1118,1198,1200,1203,1214,1242,1281,1358,1363,1481,1529,1590,1603,1726,1779,1800,1811,1812,1814,1992,2207,2321,2413,2475,2518,2602,2626,2628,2661,2812,2937,2941,3347,3379,3409,4473,4632,4982,5336,5637,5685,5722,5795,5869,6023,6042,6129,6229,6311,6312,6313,6386,6387,7487,8130,8131,8132,8133,8469,8470,
245;1;9765;9837;0;6,17,137,144,148,202,206,390,391,394,400,677,715,794,814,827,949,987,1052,1054,1118,1198,1200,1203,1214,1242,1281,1358,1363,1481,1529,1590,1603,1726,1779,1800,1811,1812,1814,1992,2207,2321,2413,2475,2518,2602,2626,2628,2661,2812,2937,2941,3347,3379,3409,4473,4632,4982,5336,5637,5685,5722,5795,5869,6023,6042,6129,6229,6311,6312,6313,6386,6387,7487,8130,8131,8132,8133,8469,8470,
614;0;9837;9925;0;6,17,137,144,148,202,206,390,391,394,400,677,715,794,814,827,949,987,1052,1054,1118,1198,1200,1203,1214,1242,1281,1358,1363,1481,1529,1590,1603,1726,1779,1800,1811,1812,1814,1992,2207,2321,2413,2475,2518,2602,2626,2628,2661,2812,2937,2941,3347,3379,3409,4473,4632,4982,5336,5637,5685,5722,5795,5869,6023,6042,6129,6229,6311,6312,6313,6386,6387,7487,8130,8131,8132,8133,8469,8470,
Machine: 4
535;0;0;5;1;137,138,210,231,244,267,268,288,290,297,301,434,438,442,591,647,921,927,978,1057,1273,1363,1476,1478,1603,1608,1668,1669,1671,1750,1756,1765,1834,1920,1921,1970,2105,2172,2231,2233,2250,2391,2491,2645,2649,2829,2941,2968,3205,3207,3210,3218,3470,3492,3501,3613,4263,4265,4268,4269,4397,4399,4472,5223,5400,5656,5697,5738,5739,5741,5746,5747,5748,5749,6607,6872,6873,8339,8340,8341,
519;0;5;19;1;137,138,210,231,244,267,268,288,290,297,301,434,438,442,591,647,921,927,978,1057,1273,1363,1476,1478,1603,1608,1668,1669,1671,1750,1756,1765,1834,1920,1921,1970,2105,2172,2231,2233,2250,2391,2491,2645,2649,2829,2941,2968,3205,3207,3210,3218,3470,3492,3501,3613,4263,4265,4268,4269,4397,4399,4472,5223,5400,5656,5697,5738,5739,5741,5746,5747,5748,5749,6607,6872,6873,8339,8340,8341,
774;0;19;40;1;137,138,210,231,244,267,268,288,290,297,301,434,438,442,591,647,921,927,978,1057,1273,1363,1476,1478,1603,1608,1668,1669,1671,1750,1756,1765,1834,1920,1921,1970,2105,2172,2231,2233,2250,2391,2491,2645,2649,2829,2941,2968,3205,3207,3210,3218,3470,3492,3501,3613,4263,4265,4268,4269,4397,4399,4472,5223,5400,5656,5697,5738,5739,5741,5746,5747,5748,5749,6607,6872,6873,8339,8340,8341,
20;0;40;154;0;137,138,210,231,244,267,268,288,290,297,301,434,438,442,591,647,921,927,978,1057,1123,1273,1363,1476,1478,1603,1608,1668,1669,1671,1750,1756,1765,1920,1921,1970,2052,2105,2250,2391,2491,2532,2645,2649,2829,2941,3210,4397,4399,4400,4401,4472,5205,5214,5223,5400,5656,5697,5738,5739,5741,5746,5747,5748,5749,5750,5751,5752,5753,5754,5755,5756,6180,6193,6607,6799,6872,6873,6874,8340,
20;1;154;314;0;35,68,137,138,150,196,210,231,244,267,268,288,290,297,301,374,434,438,442,569,591,647,921,927,978,995,1057,1123,1273,1363,1476,1478,1603,1608,1668,1669,1671,1693,1750,1756,1765,1853,1920,1921,1970,1984,1989,2052,2105,2216,2250,2391,2491,2518,2519,2520,2521,2522,2523,2524,2525,2526,2527,2528,2532,2645,2649,2829,2941,3210,4397,4399,4400,4401,4472,5205,5214,5223,5750,8340,
524;0;314;336;1;35,68,100,137,138,144,150,196,210,231,244,267,268,288,290,297,301,329,374,434,438,442,569,591,647,677,700,921,927,978,995,1057,1123,1273,1363,1476,1478,1567,1603,1608,1668,1669,1671,1693,1750,1756,1765,1853,1920,1921,1970,1984,1989,2052,2105,2216,2250,2391,2475,2491,2518,2519,2520,2521,2522,2523,2524,2527,2602,2626,2645,2649,2829,2941,3210,4472,4997,5750,6194,8340,
599;0;336;366;1;35,100,137,138,144,150,196,210,231,244,267,268,288,290,297,301,329,374,442,569,591,644,647,677,765,921,995,1057,1201,1273,1476,1478,1539,1567,1668,1669,1671,1693,1837,1853,1920,1970,1984,1989,2052,2216,2250,2391,2518,2519,2523,2527,2626,2628,2645,2649,2778,2829,2941,3210,3263,4472,4603,4604,4612,4613,4617,4761,5229,5270,5406,5750,5873,6749,6750,6751,6752,6753,6754,8340,
581;0;366;407;1;35,100,137,138,144,150,180,196,210,231,244,262,267,268,288,290,297,301,305,307,312,313,329,374,380,381,384,385,442,569,591,592,593,594,595,596,644,647,677,765,921,995,1057,1201,1273,1476,1478,1567,1668,1669,1671,1693,1853,1920,1970,1984,1989,2052,2216,2250,2391,2518,2519,2523,2527,2626,2628,2645,2649,2778,2829,2941,3210,3263,4472,4604,4612,4761,5750,8340,
115;0;407;431;1;35,100,137,138,144,150,180,196,202,210,231,244,262,267,268,288,290,297,301,305,307,312,313,329,374,380,381,569,591,595,647,677,765,875,921,987,995,1057,1201,1273,1423,1476,1478,1567,1668,1669,1671,1693,1853,1920,1970,1984,1989,2052,2163,2216,2250,2391,2518,2519,2523,2527,2626,2628,2645,2649,2778,2829,2941,3210,3263,4280,4472,4604,4612,4761,5645,5750,8118,8340,
115;1;431;451;1;10,35,100,137,138,144,145,150,196,202,210,231,244,262,267,268,273,288,290,297,301,305,312,313,329,374,380,439,569,591,595,647,677,765,875,921,987,995,1057,1201,1273,1476,1478,1481,1567,1668,1669,1671,1693,1853,1920,1970,1984,1989,2052,2128,2216,2250,2391,2428,2518,2519,2523,2527,2626,2628,2645,2649,2778,2829,2941,3210,3263,4472,4604,4612,4761,5750,7261,8340,
563;0;451;498;1;35,100,137,138,144,145,150,210,231,244,262,267,268,273,288,290,301,305,312,313,329,380,569,591,647,677,694,765,773,835,849,855,875,987,995,1201,1273,1453,1476,1478,1529,1567,1665,1668,1674,1680,1693,1752,1853,1920,1970,1984,1989,2128,2216,2391,2441,2518,2519,2523,2527,2626,2628,2640,2645,2649,2653,2692,2778,2829,2941,3210,3263,3513,3514,4604,4612,4761,5750,8340,
602;0;498;548;1;24,35,100,137,138,144,145,150,210,231,244,262,267,268,273,288,290,301,305,312,313,329,380,503,569,591,647,677,694,765,773,855,875,987,995,1062,1201,1273,1288,1453,1476,1478,1567,1668,1674,1693,1707,1853,1920,1970,1984,1989,2128,2154,2216,2391,2518,2519,2523,2527,2626,2628,2645,2649,2653,2778,2829,2941,3210,3263,3346,3414,4604,4612,4761,5750,5948,7003,7214,8340,
588;0;548;603;1;24,35,61,100,137,138,144,145,150,157,210,231,244,262,267,268,273,288,290,301,305,312,313,329,380,457,503,569,591,647,658,677,694,765,773,855,875,987,995,1201,1273,1288,1453,1476,1478,1567,1668,1674,1693,1851,1853,1920,1970,1984,1989,2128,2216,2391,2415,2416,2518,2519,2523,2527,2626,2628,2645,2649,2653,2778,2829,2941,3210,3263,3346,4604,4612,4761,5750,8340,
694;0;603;665;1;24,35,100,137,138,144,145,150,189,210,231,244,262,267,268,273,288,290,301,305,312,313,329,380,457,569,591,647,677,694,729,765,773,855,875,987,995,1201,1269,1273,1288,1295,1476,1478,1567,1668,1674,1693,1853,1920,1970,1984,1989,2128,2216,2217,2218,2219,2220,2221,2391,2518,2519,2523,2527,2626,2628,2645,2649,2778,2829,2941,3210,3263,3346,4604,4612,4761,5750,8340,
625;0;665;729;1;27,135,139,144,145,149,225,233,247,262,274,277,288,289,290,301,302,312,321,366,396,397,404,429,457,518,549,647,677,728,854,948,949,1093,1118,1134,1236,1275,1361,1398,1417,1428,1474,1476,1478,1502,1521,1670,1973,2117,2174,2190,2220,2232,2626,2645,2774,2775,2903,2941,3060,3210,3421,3422,3472,3473,3609,3831,3842,4033,4604,4628,4912,4926,5432,5952,6042,6043,6412,7831,
21;0;729;775;1;27,135,139,144,145,149,225,233,247,262,274,277,288,289,290,301,302,312,321,366,396,397,404,429,457,518,549,647,677,728,854,948,949,1093,1118,1134,1236,1275,1361,1398,1417,1428,1474,1476,1478,1502,1521,1670,1973,2117,2174,2190,2220,2232,2626,2645,2774,2775,2903,2941,3060,3210,3421,3422,3472,3473,3609,3831,3842,4033,4604,4628,4912,4926,5432,5952,6042,6043,6412,7831,
21;1;775;796;1;27,135,139,144,145,149,225,233,247,262,274,277,288,289,290,301,302,312,321,366,396,397,404,429,457,518,549,647,677,728,854,948,949,1093,1118,1134,1236,1275,1361,1398,1417,1428,1474,1476,1478,1502,1521,1670,1973,2117,2174,2190,2220,2232,2626,2645,2774,2775,2903,2941,3060,3210,3421,3422,3472,3473,3609,3831,3842,4033,4604,4628,4912,4926,5432,5952,6042,6043,6412,7831,
635;0;796;873;1;27,135,139,144,145,149,225,233,247,262,274,277,288,289,290,301,302,312,321,366,396,397,404,429,457,518,549,647,677,728,854,948,949,1093,1118,1134,1236,1275,1361,1398,1417,1428,1474,1476,1478,1502,1521,1670,1973,2117,2174,2190,2220,2232,2626,2645,2774,2775,2903,2941,3060,3210,3421,3422,3472,3473,3609,3831,3842,4033,4604,4628,4912,4926,5432,5952,6042,6043,6412,7831,
592;0;873;956;1;27,135,139,144,145,149,225,233,247,262,274,277,288,289,290,301,302,312,321,366,396,397,404,429,457,518,549,647,677,728,854,948,949,1093,1118,1134,1236,1275,1361,1398,1417,1428,1474,1476,1478,1502,1521,1670,1973,2117,2174,2190,2220,2232,2626,2645,2774,2775,2903,2941,3060,3210,3421,3422,3472,3473,3609,3831,3842,4033,4604,4628,4912,4926,5432,5952,6042,6043,6412,7831,
184;0;956;1029;1;27,135,139,144,145,149,225,233,247,262,274,277,288,289,290,301,302,312,321,366,396,397,404,429,457,518,549,647,677,728,854,948,949,1093,1118,1134,1236,1275,1361,1398,1417,1428,1474,1476,1478,1502,1521,1670,1973,2117,2174,2190,2220,2232,2626,2645,2774,2775,2903,2941,3060,3210,3421,3422,3472,3473,3609,3831,3842,4033,4604,4628,4912,4926,5432,5952,6042,6043,6412,7831,
184;1;1029;1047;1;27,135,139,144,145,149,225,233,247,262,274,277,288,289,290,301,302,312,321,366,396,397,404,429,457,518,549,647,677,728,854,948,949,1093,1118,1134,1236,1275,1361,1398,1417,1428,1474,1476,1478,1502,1521,1670,1973,2117,2174,2190,2220,2232,2626,2645,2774,2775,2903,2941,3060,3210,3421,3422,3472,3473,3609,3831,3842,4033,4604,4628,4912,4926,5432,5952,6042,6043,6412,7831,
655;0;1440;1532;1;27,135,139,144,145,149,225,233,247,262,274,277,288,289,290,301,302,312,321,366,396,397,404,429,457,518,549,647,677,728,854,948,949,1093,1118,1134,1236,1275,1361,1398,1417,1428,1474,1476,1478,1502,1521,1670,1973,2117,2174,2190,2220,2232,2626,2645,2774,2775,2903,2941,3060,3178,3210,3232,3421,3472,3473,3538,3665,3673,3831,4604,5088,5432,5984,5992,6468,6584,7154,8703,
654;0;1532;1633;1;27,95,135,139,144,145,149,225,233,247,262,274,277,288,289,290,301,302,312,321,366,396,397,404,429,457,518,549,647,677,728,764,766,843,854,948,949,1093,1118,1134,1236,1275,1361,1398,1417,1428,1474,1476,1478,1502,1521,1670,1922,1973,2117,2174,2190,2220,2232,2354,2498,2626,2645,2661,2774,2775,2903,2941,3060,3178,3210,3232,3421,3472,3473,3608,3831,4604,5230,5432,
500;0;1633;1742;1;27,95,135,139,144,145,146,147,149,225,233,247,262,274,277,288,289,290,301,302,312,321,366,396,397,398,404,429,457,518,549,647,677,728,764,766,843,854,948,949,1093,1118,1134,1146,1236,1275,1361,1398,1417,1428,1473,1474,1476,1478,1479,1502,1521,1670,1922,1973,2117,2174,2190,2220,2232,2626,2645,2661,2774,2775,2903,3210,3232,3421,3472,3473,3831,4604,5230,5432,
112;0;1742;1813;1;27,95,135,139,144,145,146,147,149,225,233,247,262,277,288,289,302,321,366,396,397,398,404,429,457,518,647,677,764,766,854,948,949,1093,1118,1134,1146,1236,1275,1361,1398,1474,1476,1478,1479,1502,1521,1541,1670,1922,1973,1980,1993,2059,2060,2061,2062,2063,2064,2065,2066,2067,2068,2069,2070,2626,2645,2661,2774,2775,2903,3210,3232,3421,3472,3473,3831,4604,5230,5432,
112;1;1813;1852;1;27,95,135,139,144,145,146,149,225,247,262,277,288,289,302,321,366,396,397,398,404,429,457,518,647,677,764,766,854,948,949,1093,1118,1134,1146,1236,1275,1361,1398,1474,1476,1478,1479,1502,1521,1670,1922,1973,2062,2063,2064,2626,2645,2661,2774,2775,2903,3209,3210,3232,3421,3472,3473,3488,3831,4604,5230,5432,6930,8340,8397,8763,8765,8766,8767,8768,8769,8770,8773,8774,
192;0;1852;1872;1;8,9,95,139,143,144,145,146,225,259,262,277,288,321,366,377,382,390,397,398,404,429,518,647,766,775,838,854,893,895,948,949,1054,1093,1095,1118,1124,1171,1236,1275,1361,1397,1474,1476,1478,1479,1488,1502,1683,1799,1809,1922,1973,2064,2224,2455,2645,2774,2775,2821,2988,3037,3130,3267,3421,3473,3743,4533,4604,4637,4748,4890,6513,6809,6813,6814,6815,6821,6822,6823,
192;1;1872;1968;1;8,9,95,139,143,144,145,146,225,259,262,277,288,314,321,366,377,382,390,397,398,404,429,518,647,766,775,838,854,893,895,948,949,1046,1054,1093,1095,1118,1124,1171,1236,1275,1361,1397,1442,1474,1476,1478,1479,1488,1502,1567,1683,1799,1809,1922,1973,2064,2224,2299,2455,2645,2774,2775,2821,2988,3037,3130,3267,3421,3473,3743,4533,4604,5054,6401,6418,6419,8544,8545,
235;0;1968;2046;1;8,9,95,139,143,144,145,146,225,259,262,277,288,314,321,366,377,382,390,393,397,398,404,429,518,647,766,775,838,854,893,895,948,949,1046,1048,1051,1054,1093,1095,1118,1124,1145,1171,1236,1275,1358,1361,1397,1442,1474,1476,1478,1479,1488,1502,1567,1604,1683,1799,1809,1922,1973,2064,2224,2299,2455,2645,2774,2775,2821,2988,3037,3130,3267,3421,3473,3743,4533,4604,
235;1;2046;2095;1;8,9,76,95,139,143,144,145,146,225,259,262,277,288,314,321,366,377,382,390,393,397,398,404,429,518,647,766,775,838,854,875,893,895,948,949,1046,1048,1051,1054,1093,1095,1118,1124,1145,1171,1236,1275,1358,1361,1397,1442,1474,1476,1478,1479,1488,1502,1567,1582,1604,1683,1799,1809,1922,1973,2064,2224,2299,2455,2645,2774,2775,2988,3267,3421,3473,4287,4533,4604,
726;0;2095;2226;1;19,24,25,34,42,46,50,51,52,54,60,79,95,117,126,127,128,144,198,288,291,292,359,377,404,413,551,759,765,766,838,949,962,1201,1474,1587,1674,1853,1858,1915,1922,2034,2035,2091,2106,2315,2642,2677,2678,2679,2689,2696,2774,2775,2777,2778,2803,2804,2808,2842,3013,3263,3304,3348,3447,3999,4122,4373,4773,4908,5052,5276,5290,5314,5377,5477,5478,5499,6767,7329,
736;0;2226;2361;1;19,24,25,34,42,46,50,51,52,54,60,79,95,117,126,127,128,144,198,288,291,292,359,377,404,413,551,759,765,766,838,949,962,1201,1474,1587,1674,1853,1858,1915,1922,2034,2035,2091,2106,2315,2642,2677,2678,2679,2689,2696,2774,2775,2777,2778,2803,2804,2808,2842,3013,3263,3304,3348,3447,3999,4122,4373,4773,4908,5052,5276,5290,5314,5377,5477,5478,5499,6767,7329,
630;0;2361;2507;1;19,24,25,34,42,46,50,51,52,54,60,79,95,117,126,127,128,144,198,288,291,292,359,377,404,413,551,759,765,766,838,949,962,1201,1474,1587,1674,1853,1858,1915,1922,2034,2035,2091,2106,2315,2642,2677,2678,2679,2689,2696,2774,2775,2777,2778,2803,2804,2808,2842,3013,3263,3304,3348,3447,3999,4122,4373,4773,4908,5052,5276,5290,5314,5377,5477,5478,5499,6767,7329,
139;0;2507;2636;1;19,24,25,34,42,46,50,51,52,54,60,79,95,117,126,127,128,144,198,288,291,292,359,377,404,413,551,759,765,766,838,949,962,1201,1474,1587,1674,1853,1858,1915,1922,2034,2035,2091,2106,2315,2642,2677,2678,2679,2689,2696,2774,2775,2777,2778,2803,2804,2808,2842,3013,3263,3304,3348,3447,3999,4122,4373,4773,4908,5052,5276,5290,5314,5377,5477,5478,5499,6767,7329,
139;1;2636;2657;1;19,24,25,34,42,46,50,51,52,54,60,79,95,117,126,127,128,144,198,288,291,292,359,377,404,413,551,759,765,766,838,949,962,1201,1474,1587,1674,1853,1858,1915,1922,2034,2035,2091,2106,2315,2642,2677,2678,2679,2689,2696,2774,2775,2777,2778,2803,2804,2808,2842,3013,3263,3304,3348,3447,3999,4122,4373,4773,4908,5052,5276,5290,5314,5377,5477,5478,5499,6767,7329,
40;0;2880;2956;0;19,24,25,34,42,46,50,51,52,54,60,79,95,117,126,127,128,137,144,198,234,288,291,292,295,329,359,377,400,404,413,551,759,765,766,838,911,949,962,1170,1201,1359,1474,1587,1674,1853,1858,1915,1922,2034,2035,2091,2106,2120,2315,2642,2677,2678,2679,2689,2696,2715,2774,2775,2778,2804,3108,3263,3348,4419,4420,4470,4773,4816,5290,6332,6334,6335,8113,8114,
40;1;2956;3130;0;19,24,25,34,38,40,42,46,50,51,52,54,60,79,95,117,126,127,128,137,144,150,198,208,210,234,288,291,292,295,329,359,366,377,400,404,413,551,653,766,838,911,949,979,987,1170,1359,1390,1474,1560,1587,1674,1853,1898,1915,1922,1936,1937,1940,2091,2120,2315,2564,2678,2774,2775,2778,2804,2924,2940,3263,3348,3361,4138,4464,4465,4466,4470,4773,5290,
230;0;3130;3282;0;2,19,24,25,34,38,40,42,46,50,51,52,54,60,79,95,117,126,127,128,137,144,150,198,208,210,234,288,291,292,295,329,366,377,397,400,404,551,647,653,766,838,855,911,949,1093,1117,1170,1172,1236,1359,1390,1474,1502,1560,1587,1674,1853,1915,1922,1936,2091,2120,2315,2564,2678,2774,2775,2778,2804,2998,2999,3000,3001,3263,3348,3361,4470,4773,5290,
230;1;3282;3334;0;2,19,24,25,34,38,40,46,52,54,60,95,117,126,137,144,150,198,208,210,234,249,288,291,292,295,329,366,377,397,400,404,551,647,653,766,838,855,911,949,1093,1117,1170,1172,1236,1359,1390,1474,1502,1560,1587,1674,1853,1915,1922,1936,2064,2091,2120,2315,2564,2678,2774,2775,2778,2804,2934,3263,3348,3361,3703,4217,4470,4773,4841,4913,5290,6977,7990,8354,
191;0;3334;3375;0;24,25,34,38,46,52,54,60,95,97,117,137,144,150,177,179,198,208,210,225,234,249,262,272,273,287,288,292,295,304,305,311,317,329,366,377,397,400,404,446,551,647,766,838,855,949,1093,1117,1131,1136,1137,1170,1172,1236,1359,1390,1474,1502,1560,1587,1674,1676,1677,1853,1915,1922,1936,2091,2120,2315,2564,2678,2774,2778,2804,3263,3703,4773,4913,5290,
191;1;3375;3531;0;24,25,34,38,46,52,54,60,95,97,117,137,144,150,177,198,208,210,225,249,262,272,273,288,292,295,304,305,329,366,377,397,400,404,551,647,766,838,855,949,1093,1117,1131,1170,1172,1236,1359,1390,1445,1474,1502,1560,1587,1674,1676,1853,1915,1922,1936,2091,2120,2315,2564,2678,2774,2778,3263,3703,4745,4746,4773,4913,5290,5378,5381,5382,5383,6216,6219,6220,
4;0;3531;3593;0;24,25,34,38,46,52,54,60,95,117,137,144,150,177,198,208,210,225,249,262,272,288,292,295,304,305,329,377,397,400,404,518,647,803,838,855,949,995,1093,1117,1131,1170,1172,1188,1236,1293,1359,1390,1474,1502,1558,1560,1580,1587,1676,1853,1915,1922,1936,2091,2120,2315,2486,2519,2564,2678,2774,2778,2916,3263,3703,3708,3966,4706,4773,4909,4913,5290,5430,5431,
4;1;3593;3715;0;24,25,46,52,54,60,95,117,137,144,145,198,210,225,231,249,262,277,288,292,295,304,329,377,391,395,397,400,404,429,583,640,647,803,838,855,862,891,1093,1117,1147,1170,1236,1293,1374,1469,1474,1478,1479,1502,1560,1566,1567,1568,1569,1587,1915,1920,1922,1936,2091,2120,2315,2564,2645,2678,2774,2778,3099,3263,3703,4220,4604,4627,4765,4766,4773,4913,5290,6132,
525;0;3715;3895;0;24,25,46,52,54,60,95,117,137,144,145,198,210,225,231,249,262,277,288,292,295,304,329,377,391,395,397,400,404,429,583,640,647,803,838,855,862,891,1093,1117,1147,1170,1236,1293,1374,1469,1474,1478,1479,1502,1560,1566,1567,1568,1569,1587,1915,1920,1922,1936,2091,2120,2315,2564,2645,2678,2774,2778,3099,3263,3703,4220,4604,4627,4765,4766,4773,4913,5290,6132,
681;0;3895;4074;0;24,25,46,52,54,60,95,117,137,144,145,198,210,225,231,249,262,277,288,292,295,304,329,377,391,395,397,400,404,429,583,640,647,803,838,855,862,891,1093,1117,1147,1170,1236,1293,1374,1469,1474,1478,1479,1502,1560,1566,1567,1568,1569,1587,1915,1920,1922,1936,2091,2120,2315,2564,2645,2678,2774,2778,3099,3263,3703,4220,4604,4627,4765,4766,4773,4913,5290,6132,
610;0;4074;4250;0;24,25,46,52,54,60,95,117,137,144,145,198,210,225,231,249,262,277,288,292,295,304,329,377,391,395,397,400,404,429,583,640,647,803,838,855,862,891,1093,1117,1147,1170,1236,1293,1374,1469,1474,1478,1479,1502,1560,1566,1567,1568,1569,1587,1915,1920,1922,1936,2091,2120,2315,2564,2645,2678,2774,2778,3099,3263,3703,4220,4604,4627,4765,4766,4773,4913,5290,6132,
580;0;4320;4491;0;3,24,136,139,144,198,225,226,262,269,270,277,288,329,398,400,404,429,436,640,838,855,948,1118,1126,1293,1424,1470,1476,1477,1478,1486,1609,1661,1668,1679,1809,1920,2053,2109,2114,2118,2120,2123,2124,2125,2128,2129,2130,2132,2134,2135,2140,2142,2143,2854,2855,2953,3703,4511,4533,4534,4536,4543,4545,4546,4551,4553,4554,4555,4575,4656,4676,4677,4678,4679,4680,4681,4682,4683,
68;0;4491;4657;0;3,24,100,136,139,144,198,225,226,262,269,270,276,277,288,321,329,398,400,404,429,436,640,838,854,855,948,1118,1126,1293,1424,1470,1476,1477,1478,1486,1609,1661,1668,1679,1809,1920,2053,2109,2114,2118,2120,2123,2124,2125,2128,2129,2130,2132,2134,2135,2140,2142,2143,2391,2854,2855,2953,3703,4424,4511,4533,4534,4536,4543,4545,4546,4551,4553,4554,4555,4575,4656,4677,5685,
68;1;4657;4661;0;3,24,100,136,139,144,198,225,226,262,269,270,276,277,288,321,329,398,400,404,429,436,640,838,854,855,948,1118,1126,1293,1424,1470,1476,1477,1478,1486,1609,1661,1668,1679,1809,1920,2053,2109,2114,2118,2120,2123,2124,2125,2128,2129,2130,2132,2134,2135,2140,2142,2143,2391,2854,2855,2953,3473,3703,4424,4511,4533,4534,4536,4545,4553,4677,8264,8265,8266,8267,8268,8269,8270,
785;0;4661;4825;0;3,24,26,100,136,139,144,198,225,226,262,269,270,276,277,288,321,329,398,400,404,429,436,528,640,838,854,855,948,1118,1126,1269,1270,1272,1273,1275,1279,1280,1288,1293,1322,1424,1470,1476,1477,1478,1486,1592,1609,1661,1668,1679,1809,1920,2053,2109,2114,2118,2120,2123,2124,2125,2128,2129,2130,2132,2134,2135,2140,2142,2143,2796,2888,3421,3703,4545,4553,4677,7018,7059,
154;0;4825;4928;0;3,24,26,27,100,136,139,144,198,225,226,262,269,270,276,277,288,321,329,398,400,404,429,436,528,640,838,854,855,948,1118,1126,1143,1269,1270,1272,1273,1275,1279,1280,1287,1288,1293,1322,1424,1470,1476,1477,1478,1486,1592,1609,1661,1668,1679,1809,1920,2053,2109,2114,2118,2120,2123,2124,2125,2128,2129,2130,2132,2134,2135,2140,2142,2143,3703,3829,4545,4553,4677,8861,
154;1;4928;4980;0;3,24,26,27,100,136,139,144,198,225,247,262,276,277,288,321,329,398,400,404,429,528,529,557,640,727,838,854,855,875,948,1118,1269,1270,1272,1273,1275,1279,1287,1288,1290,1293,1322,1470,1476,1478,1577,1661,1668,1679,1775,1776,1777,1778,1779,1780,1781,1782,1783,1784,1785,1786,1787,1788,1789,1790,1791,1792,1793,1794,1795,1809,1920,2053,2109,2134,3703,4545,4553,4677,
641;0;4980;5132;0;3,24,26,54,89,100,138,139,144,225,249,262,277,288,289,304,321,329,395,398,404,429,557,591,640,655,662,666,838,854,945,948,1052,1118,1147,1274,1291,1295,1444,1474,1476,1478,1484,1809,2053,2103,2240,2286,2509,2512,2534,2627,2794,2816,2951,2985,2987,2988,2990,2991,2992,2993,2994,2995,2996,2997,3121,3527,3577,3606,3703,4343,4553,5706,8159,8484,8498,8499,8500,8501,
724;0;5132;5283;0;3,24,26,54,89,100,138,139,144,225,249,262,277,288,289,304,321,329,395,398,404,429,557,591,640,655,662,666,838,854,945,948,1052,1118,1147,1274,1291,1295,1444,1474,1476,1478,1484,1809,2053,2103,2240,2286,2509,2512,2534,2627,2794,2816,2951,2985,2987,2988,2990,2991,2992,2993,2994,2995,2996,2997,3121,3527,3577,3606,3703,4343,4553,5706,8159,8484,8498,8499,8500,8501,
585;0;5283;5431;0;3,24,26,54,89,100,138,139,144,225,249,262,277,288,289,304,321,329,395,398,404,429,557,591,640,655,662,666,838,854,945,948,1052,1118,1147,1274,1291,1295,1444,1474,1476,1478,1484,1809,2053,2103,2240,2286,2509,2512,2534,2627,2794,2816,2951,2985,2987,2988,2990,2991,2992,2993,2994,2995,2996,2997,3121,3527,3577,3606,3703,4343,4553,5706,8159,8484,8498,8499,8500,8501,
116;0;5431;5530;0;3,24,26,54,89,100,138,139,144,225,249,262,277,288,289,304,321,329,395,398,404,429,557,591,640,655,662,666,838,854,945,948,1052,1118,1147,1274,1291,1295,1444,1474,1476,1478,1484,1809,2053,2103,2240,2286,2509,2512,2534,2627,2794,2816,2951,2985,2987,2988,2990,2991,2992,2993,2994,2995,2996,2997,3121,3527,3577,3606,3703,4343,4553,5706,8159,8484,8498,8499,8500,8501,
116;1;5530;5572;0;3,24,26,54,89,100,138,139,144,225,249,262,277,288,289,304,321,329,395,398,404,429,557,591,640,655,662,666,838,854,945,948,1052,1118,1147,1274,1291,1295,1444,1474,1476,1478,1484,1809,2053,2103,2240,2286,2509,2512,2534,2627,2794,2816,2951,2985,2987,2988,2990,2991,2992,2993,2994,2995,2996,2997,3121,3527,3577,3606,3703,4343,4553,5706,8159,8484,8498,8499,8500,8501,
544;0;5572;5709;0;3,24,26,54,89,100,138,139,144,225,249,262,277,288,289,304,321,329,395,398,404,429,557,591,640,655,662,666,838,854,945,948,1052,1118,1147,1274,1291,1295,1444,1474,1476,1478,1484,1809,2053,2103,2240,2286,2509,2512,2534,2627,2794,2816,2951,2985,2987,2988,2990,2991,2992,2993,2994,2995,2996,2997,3121,3527,3577,3606,3703,4343,4553,5706,8159,8484,8498,8499,8500,8501,
702;0;5709;5845;0;3,24,26,54,89,100,138,139,144,225,249,262,277,288,289,304,321,329,395,398,404,429,557,591,640,655,662,666,838,854,945,948,1052,1118,1147,1274,1291,1295,1444,1474,1476,1478,1484,1809,2053,2103,2240,2286,2509,2512,2534,2627,2794,2816,2951,2985,2987,2988,2990,2991,2992,2993,2994,2995,2996,2997,3121,3527,3577,3606,3703,4343,4553,5706,8159,8484,8498,8499,8500,8501,
145;0;5845;5974;0;3,24,26,54,89,100,137,138,139,144,225,249,262,277,288,289,304,321,329,390,395,398,404,429,557,591,640,655,662,666,838,854,945,948,1048,1051,1052,1054,1118,1145,1147,1274,1291,1295,1358,1444,1474,1476,1478,1484,1604,1725,1805,1809,1945,1970,1971,2053,2103,2240,2286,2509,2512,2534,2627,2794,2816,2951,2985,2987,2988,2990,2991,2992,2993,2994,2995,2996,2997,4553,
145;1;5974;5978;0;3,24,26,54,89,100,103,137,138,139,144,225,249,262,277,288,289,294,304,321,329,390,395,398,404,429,430,445,557,591,640,655,666,838,854,945,948,1051,1052,1054,1118,1145,1147,1214,1274,1295,1450,1474,1476,1478,1484,1513,1567,1809,1922,1970,2053,2240,2380,2512,2543,2897,2898,2899,2900,2901,2902,2903,2904,2905,2906,2907,2908,2909,2910,2911,2912,2913,2951,4553,
784;0;5978;6109;0;3,24,26,54,89,100,103,137,138,139,144,187,189,225,249,262,277,288,289,294,304,321,329,390,395,398,404,429,430,445,491,557,591,640,655,666,838,854,945,948,1051,1052,1054,1118,1145,1147,1214,1274,1295,1450,1474,1476,1478,1484,1513,1567,1809,1922,1970,2053,2240,2380,2512,2543,2897,2898,2899,2900,2901,2902,2903,2904,2905,2906,2907,2908,2909,2951,4553,4913,
207;0;6109;6115;0;3,24,26,30,54,89,100,103,137,138,139,144,152,169,187,189,190,225,249,262,277,288,289,294,304,321,329,390,395,398,404,429,430,445,491,504,557,591,640,666,838,854,872,945,948,972,1051,1052,1054,1118,1145,1147,1214,1274,1295,1474,1476,1478,1484,1513,1561,1562,1567,1587,1809,1887,1970,2053,2240,2512,2563,2572,2765,2903,2951,3022,3346,4553,7649,7650,
207;1;6115;6229;0;3,24,26,54,89,100,137,138,139,144,169,189,205,210,225,248,262,277,288,289,321,329,390,395,398,404,429,491,522,557,581,591,632,640,666,803,838,854,872,945,948,972,1051,1052,1054,1118,1145,1147,1196,1214,1274,1295,1425,1474,1476,1478,1484,1513,1560,1567,1587,1809,1936,1970,2053,2201,2240,2315,2512,2564,2903,2951,3345,3346,3883,3886,4225,4230,4553,5180,
222;0;6229;6244;0;3,24,26,54,89,100,137,138,139,144,169,189,205,210,225,248,262,277,288,289,321,329,390,395,397,398,404,429,491,522,557,581,591,632,640,666,803,838,854,872,945,948,972,1051,1052,1054,1118,1145,1147,1196,1214,1274,1295,1425,1474,1476,1478,1484,1513,1521,1560,1567,1587,1809,1936,1970,2053,2201,2240,2315,2512,2564,2903,2951,3345,3346,3883,3886,4225,4553,
222;1;6244;6347;0;3,24,26,54,89,100,137,138,139,144,169,189,205,210,225,248,262,277,288,289,321,329,390,395,397,398,404,429,491,522,557,581,591,632,640,666,803,838,854,872,945,948,972,1051,1052,1054,1118,1145,1147,1196,1214,1274,1295,1425,1474,1476,1478,1484,1513,1521,1560,1567,1587,1809,1936,1970,2017,2053,2201,2240,2315,2512,2564,2903,2951,3345,3346,3883,4553,7587,
572;0;6347;6460;0;3,24,26,54,89,100,137,138,139,144,169,189,205,210,225,245,248,262,277,288,289,321,329,390,395,397,398,404,429,491,522,557,581,591,632,640,666,773,838,854,863,872,945,948,972,1051,1052,1054,1118,1145,1147,1196,1214,1274,1295,1425,1474,1476,1478,1484,1513,1521,1567,1587,1809,1936,1970,2053,2240,2512,2678,2903,2951,2962,3345,3346,4553,7804,7805,8190,
143;0;6460;6482;0;3,25,37,39,44,46,52,54,117,137,139,144,149,225,231,262,277,288,295,314,321,329,377,391,395,396,397,404,429,557,640,854,948,1093,1118,1133,1134,1236,1311,1361,1468,1476,1478,1479,1599,1809,1916,1970,2053,2223,2338,3232,3349,3469,3472,3475,3486,3487,3498,3630,3687,3688,3689,3690,3774,4093,4553,4754,4996,5011,5290,5338,5353,5682,5825,6746,7804,8453,8454,8455,
143;1;6482;6565;0;3,25,37,39,44,46,52,54,117,137,139,144,149,225,231,262,277,288,295,314,321,329,377,391,395,396,397,404,429,557,640,854,948,1093,1118,1133,1134,1236,1311,1361,1468,1476,1478,1479,1599,1809,1916,1970,2053,2223,2338,3232,3349,3469,3472,3475,3486,3487,3498,3630,3687,3688,3689,3690,3774,4093,4553,4754,4996,5011,5290,5338,5353,5682,5825,6746,7804,8453,8454,8455,
762;0;6565;6663;0;3,25,37,39,44,46,52,54,117,137,139,144,149,225,231,262,277,288,295,314,321,329,377,391,395,396,397,404,429,557,640,854,948,1093,1118,1133,1134,1236,1311,1361,1468,1476,1478,1479,1599,1809,1916,1970,2053,2223,2338,3232,3349,3469,3472,3475,3486,3487,3498,3630,3687,3688,3689,3690,3774,4093,4553,4754,4996,5011,5290,5338,5353,5682,5825,6746,7804,8453,8454,8455,
121;0;6663;6677;0;3,25,37,39,44,46,52,54,117,137,139,144,149,225,231,262,277,288,295,314,321,329,377,391,395,396,397,404,429,557,640,854,948,1093,1118,1133,1134,1236,1311,1361,1468,1476,1478,1479,1599,1809,1916,1970,2053,2223,2338,3232,3349,3469,3472,3475,3486,3487,3498,3630,3687,3688,3689,3690,3774,4093,4553,4754,4996,5011,5290,5338,5353,5682,5825,6746,7804,8453,8454,8455,
121;1;6677;6760;0;3,25,37,39,44,46,52,54,117,137,139,144,149,225,231,262,277,288,295,314,321,329,377,391,395,396,397,404,429,557,640,854,948,1093,1118,1133,1134,1236,1311,1361,1468,1476,1478,1479,1599,1809,1916,1970,2053,2223,2338,3232,3349,3469,3472,3475,3486,3487,3498,3630,3687,3688,3689,3690,3774,4093,4553,4754,4996,5011,5290,5338,5353,5682,5825,6746,7804,8453,8454,8455,
73;0;7200;7273;0;3,25,37,39,44,46,52,54,117,137,139,144,149,225,231,262,277,288,295,314,321,329,377,380,391,395,396,397,404,429,557,640,854,948,1093,1118,1133,1134,1174,1236,1311,1361,1468,1476,1478,1479,1599,1726,1763,1809,1916,1970,2053,2223,2338,2493,2658,2728,3099,3133,3232,3349,3469,3472,3774,4093,4553,4563,4650,5048,5353,5516,5682,5825,6153,6154,6155,6156,6157,7804,
73;1;7273;7295;0;3,25,37,39,44,46,52,54,117,137,139,144,149,225,231,262,277,288,295,314,321,329,377,380,391,395,396,397,404,429,490,557,640,854,948,1093,1118,1133,1134,1174,1236,1311,1361,1468,1476,1478,1479,1599,1726,1763,1809,1916,1970,2053,2223,2338,2493,2658,2728,3099,3133,3232,3349,3469,3472,3774,3831,4093,4553,4563,4650,5048,5353,5516,5682,5825,6153,6154,6155,7804,
690;0;7295;7389;0;3,25,37,39,44,46,52,54,117,137,139,144,145,149,225,231,241,262,277,288,295,314,321,329,377,380,391,395,396,397,404,429,490,557,640,854,948,1093,1118,1133,1134,1163,1174,1236,1311,1361,1468,1476,1478,1479,1502,1599,1670,1726,1763,1809,1916,1970,2053,2223,2338,2493,2658,2728,3099,3133,3232,3349,3469,3472,3774,3831,4093,4553,4563,4650,5353,5682,5825,7804,
781;0;7389;7478;0;3,25,54,117,137,139,144,145,149,225,231,262,277,288,292,314,321,329,377,391,397,404,429,647,839,854,901,1093,1118,1134,1170,1174,1236,1308,1361,1476,1478,1479,1809,1884,1915,2053,2091,2504,2573,2645,2774,2778,2779,3263,3435,4093,4604,4605,4606,4612,4721,4759,4761,5492,5665,5890,5891,5892,5894,5895,5898,5899,5901,6126,6128,6129,6361,6362,6363,6364,6365,6366,6367,7804,
182;0;7478;7486;0;3,25,54,117,137,139,144,145,149,225,231,262,277,288,292,314,321,329,377,391,397,404,429,647,839,854,901,1093,1118,1134,1170,1174,1236,1308,1361,1476,1478,1479,1809,1884,1915,2053,2091,2504,2573,2645,2774,2778,2779,3263,3435,4093,4604,4605,4606,4612,4721,4759,4761,5492,5665,5890,5891,5892,5894,5895,5898,5899,5901,6126,6128,6129,6361,6362,6365,7804,8175,8190,8208,8425,
182;1;7486;7563;0;3,15,25,54,117,137,139,144,145,149,225,231,262,277,288,292,314,321,329,377,391,397,404,429,647,839,854,901,1093,1118,1134,1170,1174,1236,1308,1361,1476,1478,1479,1809,1884,1915,2053,2091,2504,2573,2645,2774,2778,2779,3263,3435,4093,4604,4605,4606,4612,4721,4759,4761,5492,5665,5890,5891,5892,5894,5895,5898,5899,5901,6126,6128,6129,6361,6362,6365,7804,8175,8190,8208,
679;0;7563;7737;0;3,15,24,25,54,60,117,137,139,144,145,149,225,231,262,277,288,292,314,321,329,377,391,397,404,429,647,839,854,871,901,1093,1118,1134,1170,1174,1236,1308,1361,1476,1478,1479,1587,1809,1884,1915,2053,2062,2063,2091,2504,2573,2645,2774,2778,2779,3263,3345,3346,3435,4093,4313,4314,4315,4316,4317,4318,4604,4605,4606,4612,4721,4759,4761,5492,5665,5890,5891,5892,6365,
25;0;7737;7824;0;3,15,24,25,54,60,117,137,139,144,145,149,225,231,262,277,288,292,314,321,329,377,391,397,404,429,647,839,854,871,901,1093,1118,1134,1170,1174,1236,1308,1361,1476,1478,1479,1587,1809,1884,1915,2053,2062,2063,2091,2504,2573,2645,2774,2778,2779,3263,3345,3346,3435,4093,4313,4314,4315,4316,4317,4318,4604,4605,4606,4612,4721,4759,4761,5492,5665,5890,5891,5892,6365,
25;1;7824;7861;0;3,15,24,25,54,60,95,117,137,139,144,145,149,225,231,262,277,288,292,308,314,321,329,377,391,397,404,429,647,838,839,854,871,891,901,938,1056,1093,1117,1118,1134,1148,1164,1165,1166,1167,1169,1170,1171,1172,1174,1176,1236,1308,1359,1361,1467,1476,1478,1479,1587,1809,1884,1915,2053,2062,2063,2091,2504,2573,2645,2774,2778,2779,3263,3345,3346,3435,4093,6365,
698;0;7861;7941;0;24,95,96,101,136,137,139,142,144,145,206,225,231,247,262,288,308,314,329,377,391,429,491,502,516,647,734,753,854,871,891,991,1058,1117,1118,1236,1273,1297,1332,1476,1478,1479,1567,1580,1651,1695,1802,1947,2091,2109,2148,2149,2150,2151,2152,2153,2512,2628,2678,2716,2951,3267,3268,3544,4093,4545,5230,6136,6185,7010,7321,7855,7856,7857,7952,7953,7954,7955,7956,7957,
542;0;7941;8019;0;24,95,96,101,136,137,139,142,144,145,206,225,231,247,262,288,308,314,329,377,391,429,491,502,516,647,734,753,854,871,891,991,1058,1117,1118,1236,1273,1297,1332,1476,1478,1479,1567,1580,1651,1695,1802,1947,2091,2109,2148,2149,2150,2151,2152,2153,2512,2628,2678,2716,2951,3267,3268,3544,4093,4545,5230,6136,6185,7010,7321,7855,7856,7857,7952,7953,7954,7955,7956,7957,
3;0;8019;8050;0;24,95,96,101,136,137,139,142,144,145,206,225,231,247,262,288,308,314,329,377,391,429,491,502,516,647,734,753,854,871,891,991,1058,1117,1118,1236,1273,1297,1332,1476,1478,1479,1567,1580,1651,1695,1802,1947,2091,2109,2148,2149,2150,2151,2152,2153,2512,2628,2678,2716,2951,3267,3268,3544,4093,4545,5230,6136,6185,7010,7321,7855,7856,7857,7952,7953,7954,7955,7956,7957,
3;1;8050;8094;0;24,95,96,101,136,137,139,142,144,145,206,225,231,247,262,288,308,314,329,377,391,429,491,502,516,647,734,753,854,871,891,991,1058,1117,1118,1236,1273,1297,1332,1476,1478,1479,1567,1580,1651,1695,1802,1947,2091,2109,2148,2149,2150,2151,2152,2153,2512,2628,2678,2716,2951,3267,3268,3544,4093,4545,5230,6136,6185,7010,7321,7855,7856,7857,7952,7953,7954,7955,7956,7957,
168;0;8094;8108;0;24,95,96,101,136,137,139,142,144,145,206,225,231,247,262,288,308,314,329,377,391,429,491,502,516,647,734,753,854,871,891,991,1058,1117,1118,1236,1273,1297,1332,1476,1478,1479,1567,1580,1651,1695,1802,1947,2091,2109,2148,2149,2150,2151,2152,2153,2512,2628,2678,2716,2951,3267,3268,3544,4093,4545,5230,6136,6185,7010,7321,7855,7856,7857,7952,7953,7954,7955,7956,7957,
168;1;8108;8168;0;24,95,96,101,136,137,139,142,144,145,206,225,231,247,262,288,308,314,329,377,391,429,491,502,516,647,734,753,854,871,891,991,1058,1117,1118,1236,1273,1297,1332,1476,1478,1479,1567,1580,1651,1695,1802,1947,2091,2109,2148,2149,2150,2151,2152,2153,2512,2628,2678,2716,2951,3267,3268,3544,4093,4545,5230,6136,6185,7010,7321,7855,7856,7857,7952,7953,7954,7955,7956,7957,
673;0;8640;8712;0;24,95,96,101,136,137,139,142,144,145,177,181,206,225,231,247,262,267,268,272,286,288,302,305,306,308,310,313,314,329,377,391,429,491,502,516,647,734,753,854,871,891,991,1058,1117,1118,1131,1236,1273,1297,1332,1430,1476,1478,1479,1567,1580,1651,1676,1695,1802,1947,2091,2109,2148,2149,2150,2151,2152,2153,2512,2628,2678,2716,2951,3267,3268,3544,4093,4545,
545;0;8712;8778;0;24,95,96,101,136,137,139,142,144,145,177,181,206,225,231,247,262,267,268,272,286,288,302,305,306,308,310,313,314,329,377,391,429,491,502,516,591,647,734,753,769,854,858,871,891,991,1058,1117,1118,1131,1236,1273,1297,1332,1430,1476,1478,1479,1524,1567,1580,1651,1676,1695,1802,1947,2091,2109,2148,2149,2150,2151,2492,2547,2649,2693,2783,2951,4371,4545,
699;0;8778;8830;0;24,95,96,101,136,137,139,142,144,145,177,181,206,225,231,244,247,262,267,268,272,286,288,302,305,306,308,310,313,314,329,377,391,429,491,502,516,591,647,734,753,769,854,858,871,891,949,991,1058,1117,1118,1131,1236,1273,1297,1430,1474,1476,1478,1480,1524,1580,2091,2109,2536,2951,3161,4365,4391,4545,5417,5733,5750,6159,6160,6161,6162,6163,6164,6165,
708;0;8830;8869;0;24,28,35,38,95,96,101,136,137,139,144,150,175,177,196,202,225,231,247,262,267,268,286,288,302,305,306,308,310,374,429,491,569,591,647,734,769,854,858,871,891,949,995,1118,1131,1196,1236,1273,1284,1430,1474,1476,1478,1480,1524,1580,1693,1853,1984,1989,2091,2109,2203,2216,2334,2518,2519,2523,2527,2825,2826,2827,2829,2830,2831,2832,2833,2834,2951,4545,
763;0;8869;8903;0;24,28,35,38,95,96,101,136,137,139,144,150,175,177,196,202,225,231,247,262,267,268,286,288,302,305,306,308,310,374,429,491,569,591,647,734,769,854,858,871,891,949,995,1118,1131,1196,1236,1273,1284,1430,1474,1476,1478,1480,1524,1580,1679,1693,1853,1984,1989,2091,2109,2203,2216,2334,2495,2518,2519,2523,2527,2814,2830,2951,4545,4972,5767,5768,5769,5770,
620;0;8903;8935;0;24,28,35,38,95,96,101,136,137,139,144,150,175,177,185,189,196,202,225,231,247,262,267,268,286,288,302,305,306,308,310,374,429,491,569,591,647,734,769,854,858,871,872,873,874,891,949,972,995,1118,1131,1196,1236,1273,1284,1430,1456,1474,1476,1478,1480,1524,1580,1679,1693,1853,1984,1989,2091,2109,2203,2216,2334,2495,2518,2519,2523,2527,2830,2951,
730;0;8935;8964;0;24,28,35,38,95,96,101,136,137,139,144,150,169,175,177,185,189,196,202,208,225,231,247,251,262,267,268,286,288,302,305,306,308,310,374,429,486,491,518,569,591,647,734,769,854,858,871,872,873,874,875,891,949,972,995,1118,1131,1196,1236,1273,1430,1456,1474,1476,1478,1480,1524,1580,1679,1935,1936,2091,2109,2306,2412,2518,2830,2951,4383,4453,
741;0;8964;8976;0;24,38,88,95,100,136,137,139,144,177,185,189,225,231,247,262,267,268,286,288,302,305,306,308,310,429,591,647,666,694,734,769,833,854,858,871,872,873,874,891,949,1095,1118,1131,1196,1236,1273,1390,1430,1456,1474,1476,1478,1480,1481,1524,1530,1679,2091,2109,2337,2518,2626,2653,2661,2683,2951,5259,5525,5538,5539,5637,5722,6029,6311,6312,6313,6562,7414,7415,
140;0;8976;9114;1;1,24,38,88,95,100,136,137,139,144,177,185,189,225,231,247,262,267,268,277,286,288,302,305,306,308,310,429,591,647,666,694,734,769,833,854,858,871,872,873,874,891,949,1093,1095,1118,1131,1196,1236,1273,1361,1390,1397,1430,1456,1474,1476,1478,1480,1481,1524,1530,1679,1807,2053,2091,2109,2337,2518,2626,2653,2661,2683,2951,3278,4677,6517,6518,6519,6520,
140;1;9114;9133;1;1,3,24,38,88,95,100,136,137,139,144,177,185,189,225,231,247,262,267,268,277,286,288,302,305,306,308,310,404,429,591,647,666,694,720,734,769,833,854,858,871,872,873,874,891,949,1093,1095,1118,1131,1196,1236,1273,1361,1390,1397,1430,1456,1470,1474,1476,1478,1480,1481,1524,1530,1679,1807,1809,1944,2053,2091,2109,2337,2434,2518,2626,2721,2951,6565,
159;0;9133;9199;1;1,3,24,38,88,95,100,136,137,139,144,177,185,189,225,228,231,247,262,267,268,277,286,288,302,305,306,308,310,404,429,591,647,666,694,720,734,769,833,854,858,871,872,873,874,891,949,1057,1093,1095,1118,1131,1134,1196,1236,1273,1361,1390,1397,1430,1456,1470,1474,1476,1478,1480,1481,1524,1530,1679,1807,1809,1944,2053,2091,2224,2337,2400,2518,2951,
159;1;9199;9291;1;1,3,24,38,88,95,100,136,137,139,144,177,185,189,225,228,231,247,262,267,268,277,286,288,302,305,306,308,310,404,429,591,647,666,694,720,734,769,833,854,858,871,872,873,874,891,949,1051,1057,1093,1095,1118,1131,1134,1145,1196,1236,1273,1361,1390,1397,1430,1456,1470,1474,1476,1478,1480,1481,1524,1530,1679,1809,1944,2091,2337,2489,2490,2518,2951,
799;0;9291;9451;1;4,25,26,34,55,61,89,90,95,100,139,144,225,262,268,273,276,286,288,302,305,308,310,321,366,380,457,509,551,583,591,595,764,768,773,778,833,836,854,858,862,863,892,894,944,945,947,949,1046,1118,1131,1174,1214,1371,1430,1513,1524,1525,1532,1533,1534,1535,1536,1537,1538,1687,1844,1849,1944,3273,6424,6425,6426,6427,6428,6429,6430,6431,6432,6727,
161;0;9451;9532;1;4,25,26,34,55,61,89,90,95,100,139,144,225,262,268,273,276,286,288,302,305,308,310,321,366,380,457,509,551,583,591,595,764,768,773,778,833,836,854,858,862,863,892,894,944,945,947,949,1046,1118,1131,1174,1214,1371,1430,1513,1524,1525,1532,1533,1534,1535,1536,1537,1538,1687,1844,1849,1944,3273,6424,6425,6426,6427,6428,6429,6430,6431,6432,6727,
161;1;9532;9613;1;4,25,26,34,55,61,89,90,95,100,139,144,225,262,268,273,276,286,288,302,305,308,310,321,366,380,457,509,551,583,591,595,764,768,773,778,833,836,854,858,862,863,892,894,944,945,947,949,1046,1118,1131,1174,1214,1371,1430,1513,1524,1525,1532,1533,1534,1535,1536,1537,1538,1687,1844,1849,1944,3273,6424,6425,6426,6427,6428,6429,6430,6431,6432,6727,
8;0;9613;9632;1;4,25,26,34,55,61,89,90,95,100,139,144,225,262,268,273,276,286,288,302,305,308,310,321,366,380,457,509,551,583,591,595,764,768,773,778,833,836,854,858,862,863,892,894,944,945,947,949,1046,1118,1131,1174,1214,1371,1430,1513,1524,1525,1532,1533,1534,1535,1536,1537,1538,1687,1844,1849,1944,3273,6424,6425,6426,6427,6428,6429,6430,6431,6432,6727,
8;1;9632;9780;1;4,25,26,34,55,61,89,90,95,100,139,144,225,262,268,273,276,286,288,302,305,308,310,321,366,380,457,509,551,583,591,595,764,768,773,778,833,836,854,858,862,863,892,894,944,945,947,949,1046,1118,1131,1174,1214,1371,1430,1513,1524,1525,1532,1533,1534,1535,1536,1537,1538,1687,1844,1849,1944,3273,6424,6425,6426,6427,6428,6429,6430,6431,6432,6727,
Machine: 5
666;0;0;5;1;5,9,93,95,137,139,143,145,148,149,231,233,234,241,262,277,288,314,321,382,383,390,391,393,394,396,398,429,644,647,769,838,854,855,862,890,948,949,1030,1050,1117,1145,1146,1149,1171,1231,1232,1361,1362,1474,1478,1479,1505,1506,1604,1668,1669,1758,1761,1799,1811,1814,1816,2106,2359,2388,2717,2822,3034,3263,3435,3523,4043,5223,5700,6198,6525,6526,6527,6528,
680;0;5;19;1;5,9,93,95,137,139,143,145,148,149,231,233,234,241,262,277,288,314,321,382,383,390,391,393,394,396,398,429,644,647,769,838,854,855,862,890,948,949,1030,1050,1117,1145,1146,1149,1171,1231,1232,1361,1362,1474,1478,1479,1505,1506,1604,1668,1669,1758,1761,1799,1811,1814,1816,2106,2359,2388,2717,2822,3034,3263,3435,3523,4043,5223,5700,6198,6525,6526,6527,6528,
520;0;19;54;1;5,9,93,95,137,139,143,145,148,149,231,233,234,241,262,277,288,314,321,382,383,390,391,393,394,396,398,404,429,644,647,769,838,854,855,890,948,949,1030,1050,1117,1145,1146,1149,1171,1231,1232,1361,1362,1474,1478,1479,1505,1506,1604,1668,1669,1758,1761,1799,1811,1814,1816,2106,2359,2388,2717,2822,3034,3263,3435,3523,4043,5223,5700,6198,6525,6526,6527,6528,
689;0;54;96;1;18,26,34,44,46,55,57,59,95,128,137,139,145,148,149,198,231,234,262,277,288,314,371,390,398,404,413,415,427,429,496,644,647,757,838,854,855,890,948,949,1013,1117,1146,1149,1474,1478,1479,1565,1604,1652,1668,1669,1811,1814,2034,2035,2071,2074,2106,2395,2396,2611,2979,3006,3034,3263,3867,3902,4074,5405,5474,5708,5927,5928,5929,5930,5931,5932,5933,5934,
646;0;96;140;1;18,26,34,44,46,55,57,59,95,100,128,137,139,144,145,148,149,198,225,231,234,262,277,288,314,329,371,390,398,404,413,415,427,429,496,644,647,757,838,854,855,890,948,949,1013,1117,1146,1149,1401,1474,1476,1478,1479,1565,1604,1652,1668,1669,1811,1814,1818,2034,2035,2071,2074,2106,2395,2396,2611,2979,3006,3034,3263,3867,3902,4074,4597,5405,5474,6407,
98;0;140;175;1;18,26,34,44,46,55,57,59,95,100,128,137,139,144,145,146,148,149,198,225,231,234,262,277,288,291,314,329,371,377,390,398,404,413,415,427,429,496,591,644,647,757,838,854,855,890,948,949,1013,1054,1117,1118,1120,1124,1146,1149,1401,1474,1476,1478,1479,1565,1604,1652,1668,1669,1735,1736,1763,1811,1814,2074,2106,2898,3034,3263,4834,5257,5511,5512,
98;1;175;202;1;18,26,34,44,46,55,57,59,95,100,128,137,139,144,145,146,148,149,198,225,231,234,262,277,288,291,314,322,329,371,377,379,390,398,404,413,415,427,429,496,591,644,647,757,838,854,855,890,948,949,1013,1054,1117,1118,1120,1124,1146,1149,1401,1474,1476,1478,1479,1604,1668,1669,1736,1811,1814,2074,2106,2394,2898,3034,3263,3284,3292,4472,4834,5257,
611;0;202;267;1;26,34,55,95,136,137,139,144,145,146,148,149,225,231,234,262,277,288,290,291,297,329,377,390,398,404,429,436,644,647,854,855,890,914,927,948,949,1118,1146,1149,1211,1474,1476,1478,1479,1484,1604,1618,1668,1670,1671,1807,1920,1922,1973,2106,2635,2651,3034,3263,4018,4572,4654,4748,4968,5015,5135,5139,5250,5251,5252,5253,5254,5255,5256,5257,5258,5259,5260,5261,
701;0;267;333;1;26,34,55,95,136,137,139,144,145,146,148,149,225,231,234,262,277,288,290,291,297,329,377,390,398,404,429,436,644,647,854,855,890,914,927,948,949,1118,1146,1149,1211,1277,1293,1474,1476,1478,1479,1484,1604,1618,1668,1670,1671,1807,1920,1922,1973,2106,2194,2635,2651,3034,3263,3597,3703,4018,4119,4450,4572,4620,4654,4748,4968,5015,5135,5139,5250,5254,5255,5476,
653;0;333;405;1;26,34,55,95,136,137,139,144,145,146,148,149,225,231,234,262,277,288,290,291,297,329,377,390,398,404,429,436,644,647,854,855,890,914,927,948,949,1118,1146,1149,1211,1277,1293,1474,1476,1478,1479,1484,1604,1618,1668,1670,1671,1807,1920,1922,1973,2106,2635,3034,3263,3703,4165,4748,5135,5139,5254,5255,8551,8559,9031,9041,9131,9137,9138,9139,9140,9141,9142,9143,
576;0;405;481;1;26,34,55,95,136,137,139,144,145,146,148,149,156,225,231,234,262,277,288,290,291,297,329,377,390,398,404,429,436,644,647,854,855,890,914,927,948,949,1118,1146,1149,1211,1277,1293,1474,1476,1478,1479,1484,1604,1618,1668,1670,1671,1807,1920,1922,1973,2106,2177,2635,2941,3034,3263,3703,3988,4165,4462,4748,5135,5139,5254,5255,6015,6706,7370,7371,8551,8559,9031,
507;0;481;558;1;26,34,55,95,136,137,139,144,145,146,148,149,156,225,231,234,262,277,288,290,291,297,329,377,390,398,404,429,436,644,647,854,855,890,914,927,948,949,1118,1146,1149,1211,1277,1293,1474,1476,1478,1479,1484,1604,1618,1668,1670,1671,1807,1920,1922,1973,2106,2177,2635,2941,3034,3263,3703,3988,4165,4462,4748,5080,5135,5139,5254,5255,5984,5992,6377,6584,6585,6706,
790;0;558;638;1;26,34,55,95,136,137,139,144,145,146,148,149,156,225,231,234,262,277,288,290,291,297,329,377,390,398,404,429,436,499,644,647,854,855,890,914,927,948,949,1118,1146,1149,1211,1277,1293,1474,1476,1478,1479,1484,1604,1618,1668,1670,1671,1807,1920,1922,1973,1988,2106,2177,2635,2941,3034,3263,3703,3988,4165,4462,4748,5080,5135,5139,5254,5255,5984,5992,6377,6706,
713;0;638;780;0;24,26,34,54,61,74,137,139,144,145,148,150,177,178,179,181,182,183,184,190,196,202,225,231,277,288,291,294,329,377,398,404,429,506,516,645,647,714,855,871,948,949,1047,1146,1157,1196,1272,1283,1293,1398,1478,1479,1558,1604,1670,1988,1994,2106,2152,2412,2413,2414,2866,3022,3034,3126,3263,3345,3703,5099,5263,5375,5376,5432,8470,8475,8476,8477,8478,8479,
618;0;780;864;1;24,26,34,54,61,74,137,139,144,145,148,150,177,178,179,181,182,183,184,190,196,202,225,231,277,288,291,294,329,377,398,404,429,506,516,645,647,714,855,871,948,949,1047,1146,1157,1196,1272,1283,1293,1398,1478,1479,1558,1604,1670,1988,1994,2106,2152,2412,2413,2414,2866,3022,3034,3126,3263,3345,3703,5099,5263,5375,5376,5432,8470,8475,8476,8477,8478,8479,
553;0;864;954;1;24,26,34,54,61,74,137,139,144,145,148,150,177,178,179,181,182,183,184,190,196,202,225,231,277,288,291,294,329,377,398,404,429,506,516,645,647,714,855,871,948,949,1047,1146,1157,1196,1272,1283,1293,1398,1478,1479,1558,1604,1670,1988,1994,2106,2152,2412,2413,2414,2866,3022,3034,3126,3263,3345,3703,5099,5263,5375,5376,5432,8470,8475,8476,8477,8478,8479,
540;0;954;1045;1;24,26,34,54,61,74,137,139,144,145,148,150,177,178,179,181,182,183,184,190,196,202,225,231,277,288,291,294,329,377,398,404,429,506,516,645,647,714,855,871,948,949,1047,1146,1157,1196,1272,1283,1293,1398,1478,1479,1558,1604,1670,1988,1994,2106,2152,2412,2413,2414,2866,3022,3034,3126,3263,3345,3703,5099,5263,5375,5376,5432,8470,8475,8476,8477,8478,8479,
130;0;1045;1089;1;24,26,34,54,61,74,137,139,144,145,148,150,177,178,179,181,182,183,184,190,196,202,225,231,277,288,291,294,329,377,398,404,429,506,516,645,647,714,855,871,948,949,1047,1146,1157,1196,1272,1283,1293,1398,1478,1479,1558,1604,1670,1988,1994,2106,2152,2412,2413,2414,2866,3022,3034,3126,3263,3345,3703,5099,5263,5375,5376,5432,8470,8475,8476,8477,8478,8479,
130;1;1089;1142;1;24,26,34,54,61,74,137,139,144,145,148,150,177,178,179,181,182,183,184,190,196,202,225,231,277,288,291,294,329,377,398,404,429,506,516,645,647,714,855,871,948,949,1047,1146,1157,1196,1272,1283,1293,1398,1478,1479,1558,1604,1670,1988,1994,2106,2152,2412,2413,2414,2866,3022,3034,3126,3263,3345,3703,5099,5263,5375,5376,5432,8470,8475,8476,8477,8478,8479,
124;0;1142;1301;0;24,26,34,54,61,74,137,139,144,145,148,150,177,178,179,181,182,183,184,190,196,202,225,231,277,288,291,294,329,377,398,404,429,506,516,645,647,714,855,871,948,949,1047,1146,1157,1196,1272,1283,1293,1398,1478,1479,1558,1604,1670,1988,1994,2106,2152,2412,2413,2414,2866,3022,3034,3126,3263,3345,3703,5099,5263,5375,5376,5432,8470,8475,8476,8477,8478,8479,
124;1;1301;1457;0;24,26,34,54,61,74,137,139,144,145,148,150,177,178,179,181,182,183,184,190,196,202,225,231,277,288,291,294,329,377,398,404,429,506,516,645,647,714,855,871,948,949,1047,1146,1157,1196,1272,1283,1293,1398,1478,1479,1558,1604,1670,1988,1994,2106,2152,2412,2413,2414,2866,3022,3034,3126,3263,3345,3703,5099,5263,5375,5376,5432,8470,8475,8476,8477,8478,8479,
208;0;1457;1582;0;24,26,34,54,61,74,96,117,137,139,144,145,148,150,177,178,179,181,182,183,184,225,231,275,277,288,291,294,329,377,395,398,404,429,434,506,645,647,855,863,871,912,948,949,1060,1071,1093,1146,1272,1283,1293,1478,1479,1502,1604,1670,1750,1759,1914,1988,2106,2224,2337,2414,2573,3034,3263,3345,3703,4359,4394,4396,4397,5206,5627,5721,6441,6874,7010,7011,
208;1;1582;1738;0;24,26,34,54,61,74,96,117,137,139,144,145,148,150,177,178,179,181,182,183,184,225,231,275,277,288,291,292,294,329,377,395,398,404,429,434,506,645,647,691,855,863,871,912,948,949,1060,1071,1093,1146,1272,1283,1293,1478,1479,1502,1604,1670,1750,1759,1914,1988,2106,2337,2414,2573,2774,2775,2777,3034,3263,3345,3703,4567,4568,4569,4570,4571,5206,6441,
46;0;1738;1827;0;24,26,34,54,61,74,96,117,137,139,144,145,148,150,177,178,179,181,184,225,231,277,288,291,292,294,329,377,395,398,404,429,506,645,647,855,863,871,891,912,948,949,1093,1146,1148,1272,1283,1293,1478,1479,1488,1502,1540,1604,1670,1759,1915,1988,2133,2337,2414,2544,2573,2696,2774,2775,2777,3015,3034,3263,3345,3703,4227,4428,4568,4569,5206,5217,5218,6441,
46;1;1827;1989;0;26,117,137,139,144,145,225,231,277,288,292,395,398,404,429,645,647,855,948,1146,1272,1293,1478,1479,1502,1540,2337,2573,2775,2777,3177,3178,3179,3180,3181,3185,3186,3187,3188,3189,3191,3196,3197,3198,3199,3200,3201,3203,3204,3205,3206,3207,3208,3209,3211,3212,3213,3214,3216,3218,3219,3220,3221,3224,3226,3227,3228,3229,3230,3231,3232,3233,3234,3235,3236,3237,3238,3239,3240,3703,
223;0;1989;2114;0;26,117,137,139,144,145,157,225,231,255,277,288,292,395,398,404,429,645,647,855,948,1146,1268,1269,1272,1273,1279,1286,1288,1293,1478,1479,1502,1540,2091,2337,2573,2775,2777,2984,3005,3050,3177,3178,3179,3180,3181,3185,3186,3187,3188,3189,3191,3196,3197,3198,3199,3200,3201,3203,3204,3205,3206,3207,3208,3209,3211,3212,3213,3214,3216,3218,3219,3220,3221,3224,3226,3703,8352,8353,
223;1;2114;2234;0;26,139,144,145,225,231,277,395,398,404,429,528,598,645,736,738,748,855,948,1146,1268,1269,1271,1272,1285,1287,1288,1289,1293,1332,1419,1478,1479,1502,1570,1577,1674,1780,1781,1793,1795,1858,2187,2239,2257,2264,2265,2849,2851,2852,2853,2854,2855,2856,3049,3413,3700,3701,3702,3703,3704,3705,3706,3707,3708,3709,3835,4220,4898,4899,5216,5322,5479,5480,5481,5482,7363,8077,8576,8577,
199;0;2234;2399;0;26,139,144,145,225,231,277,395,398,404,429,528,598,645,736,738,748,855,948,1146,1268,1269,1271,1272,1285,1287,1288,1289,1293,1332,1419,1478,1479,1502,1570,1577,1674,1780,1781,1793,1795,1858,2187,2239,2257,2264,2265,2849,2851,2852,2853,2854,2855,2856,3049,3413,3700,3701,3702,3703,3704,3705,3706,3707,3708,3709,3835,4220,4898,4899,5216,5322,5479,5480,5481,5482,7363,8077,8576,8577,
199;1;2399;2473;0;26,139,144,145,225,231,277,395,398,404,429,528,598,645,736,738,748,855,948,1146,1268,1269,1271,1272,1285,1287,1288,1289,1293,1332,1419,1478,1479,1502,1570,1577,1674,1780,1781,1793,1795,1858,2187,2239,2257,2264,2265,2849,2851,2852,2853,2854,2855,2856,3049,3413,3700,3701,3702,3703,3704,3705,3706,3707,3708,3709,3835,4220,4898,4899,5216,5322,5479,5480,5481,5482,7363,8077,8576,8577,
86;0;2473;2604;0;26,139,144,145,225,231,277,395,398,404,429,528,598,645,736,738,748,855,948,1146,1268,1269,1271,1272,1285,1287,1288,1289,1293,1332,1419,1478,1479,1502,1570,1577,1674,1780,1781,1793,1795,1858,2187,2239,2257,2264,2265,2849,2851,2852,2853,2854,2855,2856,3049,3413,3700,3701,3702,3703,3704,3705,3706,3707,3708,3709,3835,4220,4898,4899,5216,5322,5479,5480,5481,5482,7363,8077,8576,8577,
86;1;2604;2708;0;26,139,144,145,225,231,277,395,398,404,429,528,598,645,736,738,748,855,948,1146,1268,1269,1271,1272,1285,1287,1288,1289,1293,1332,1419,1478,1479,1502,1570,1577,1674,1780,1781,1793,1795,1858,2187,2239,2257,2264,2265,2849,2851,2852,2853,2854,2855,2856,3049,3413,3700,3701,3702,3703,3704,3705,3706,3707,3708,3709,3835,4220,4898,4899,5216,5322,5479,5480,5481,5482,7363,8077,8576,8577,
54;0;2880;3001;0;26,139,144,145,225,231,248,251,277,395,398,404,429,528,598,645,736,738,748,855,948,1146,1268,1269,1271,1272,1285,1287,1288,1289,1293,1332,1419,1478,1479,1502,1570,1577,1674,1780,1781,1793,1795,1858,2187,2239,2257,2264,2265,2849,2851,2852,2853,2854,2855,2856,3049,3413,3700,3701,3702,3703,3704,3705,3706,3707,3708,3709,3802,3835,4220,4840,4841,4898,4899,5216,5322,5479,5480,7363,
54;1;3001;3105;0;26,139,144,145,225,231,248,251,277,395,398,404,429,528,598,645,736,738,748,855,948,1146,1268,1269,1271,1272,1285,1287,1288,1289,1293,1332,1419,1478,1479,1502,1570,1577,1674,1780,1781,1793,1795,1858,2187,2239,2257,2264,2265,2849,2851,2852,2853,2854,2855,2856,3049,3413,3700,3701,3702,3703,3704,3705,3706,3707,3708,3709,3802,3835,4220,4840,4841,4898,4899,5216,5322,5479,7262,7363,
93;0;3105;3239;0;26,139,144,145,146,225,231,248,251,277,301,395,398,404,429,528,598,645,736,738,748,855,948,1146,1268,1269,1271,1272,1285,1287,1288,1289,1293,1332,1419,1476,1478,1479,1502,1570,1577,1674,1780,1781,1793,1795,1858,2187,2239,2257,2264,2265,2849,2851,2852,2853,2854,2855,2856,3049,3413,3700,3701,3702,3703,3704,3705,3706,3707,3708,3709,3802,3835,4220,4840,4841,4898,4899,4965,7363,
93;1;3239;3316;0;26,139,144,145,146,225,231,248,251,277,301,395,398,404,429,528,598,645,736,738,748,855,948,1146,1268,1269,1271,1272,1285,1287,1288,1289,1293,1332,1419,1476,1478,1479,1502,1570,1577,1674,1780,1781,1793,1795,1858,2187,2239,2257,2264,2265,2849,2851,2852,2853,2854,2855,2856,3049,3413,3700,3701,3702,3703,3704,3705,3706,3707,3708,3709,3802,3835,4220,7363,9107,9108,9109,9110,9111,
101;0;3316;3472;0;1,8,26,95,139,142,144,145,146,225,231,234,248,251,277,289,301,323,390,395,398,402,404,405,429,528,598,645,648,736,738,748,855,892,897,948,1056,1062,1146,1229,1268,1269,1271,1272,1285,1287,1288,1289,1293,1332,1397,1419,1472,1474,1476,1478,1479,1502,1570,1577,1620,1674,1681,1682,1683,1780,1781,1793,1795,1858,2187,2239,2257,2264,2265,2849,3049,3702,3708,7363,
101;1;3472;3520;0;1,8,26,95,117,137,139,142,144,145,146,225,231,234,277,288,289,290,292,301,351,390,395,398,402,404,405,429,528,645,647,648,817,855,898,948,1056,1062,1146,1268,1269,1271,1272,1287,1288,1289,1293,1419,1474,1476,1478,1479,1540,1674,1682,1837,2091,2264,2265,2573,2775,2776,2777,2778,2780,2781,2782,2808,2849,2903,3049,3702,3708,4629,5409,5500,7363,8663,8664,8665,
183;0;3520;3652;0;26,144,225,262,267,268,272,273,285,287,288,290,297,305,308,313,351,390,395,429,528,645,831,890,1146,1242,1270,1271,1272,1275,1276,1278,1283,1288,1290,1291,1293,1419,1450,1474,1668,1682,1702,1777,1783,1841,1919,1920,1921,1922,1923,1924,3178,3180,3311,3663,3664,3665,3666,3667,3668,3669,3670,3671,3672,3673,3674,3675,3676,3677,3678,3679,3680,3681,3682,3683,3684,3685,3686,4282,
183;1;3652;3696;0;26,144,225,262,267,268,272,273,285,287,288,290,297,305,308,313,351,390,395,429,528,645,831,890,1146,1242,1270,1271,1272,1275,1276,1278,1283,1288,1290,1291,1293,1419,1450,1474,1668,1682,1702,1777,1783,1841,1919,1920,1921,1922,1923,1924,3178,3180,3311,3663,3664,3665,3666,3667,3668,3669,3670,3671,3672,3673,3674,3675,3676,3677,3678,3679,3680,3681,3682,3683,3684,3685,3686,4282,
665;0;3696;3870;0;26,144,225,262,267,268,272,273,285,287,288,290,297,305,308,313,351,390,395,429,528,645,831,890,1146,1242,1270,1271,1272,1275,1276,1278,1283,1288,1290,1291,1293,1419,1450,1474,1668,1682,1702,1777,1783,1841,1919,1920,1921,1922,1923,1924,3178,3180,3311,3663,3664,3665,3666,3667,3668,3669,3670,3671,3672,3673,3674,3675,3676,3677,3678,3679,3680,3681,3682,3683,3684,3685,3686,4282,
518;0;3870;4041;0;26,144,225,262,267,268,272,273,285,287,288,290,297,305,308,313,351,390,395,429,528,645,831,890,1146,1242,1270,1271,1272,1275,1276,1278,1283,1288,1290,1291,1293,1419,1450,1474,1668,1682,1702,1777,1783,1841,1919,1920,1921,1922,1923,1924,3178,3180,3311,3663,3664,3665,3666,3667,3668,3669,3670,3671,3672,3673,3674,3675,3676,3677,3678,3679,3680,3681,3682,3683,3684,3685,3686,4282,
82;0;4320;4342;0;15,26,40,55,79,144,165,170,221,225,262,267,268,272,273,285,287,288,290,297,305,308,313,351,390,395,412,429,528,645,831,890,979,1146,1242,1270,1271,1272,1275,1276,1278,1283,1288,1290,1291,1293,1419,1450,1474,1668,1682,1702,1777,1783,1841,1919,1920,1921,1922,1923,1924,1935,2941,3178,3180,3311,3345,3348,3663,3664,3665,3666,3667,3668,3669,3677,3679,3686,3891,4106,
82;1;4342;4489;0;15,26,40,55,79,95,144,165,170,221,225,262,267,268,272,273,285,287,288,290,297,305,308,313,351,390,395,401,402,412,429,528,640,645,831,890,979,1057,1146,1242,1270,1271,1272,1275,1276,1278,1283,1288,1290,1291,1293,1419,1450,1474,1475,1668,1682,1702,1777,1783,1841,1919,1920,1921,1922,1923,1924,1933,1935,2103,2104,2108,2941,3178,3180,3311,3663,3677,3679,3686,
10;0;4489;4521;0;15,26,40,55,79,95,144,165,170,221,225,262,267,268,272,273,285,287,288,290,297,305,308,313,351,390,395,401,402,412,429,528,640,645,831,890,979,1057,1146,1242,1270,1271,1272,1275,1276,1278,1283,1288,1290,1291,1293,1419,1450,1474,1475,1668,1682,1702,1777,1783,1841,1919,1920,1933,2941,3470,3473,3474,3663,3677,3679,3686,8265,8340,8764,8765,8770,9014,9015,9016,
10;1;4521;4657;0;15,26,40,55,79,95,144,165,170,221,225,262,267,268,272,273,285,287,288,290,297,305,308,313,351,390,395,401,402,412,429,528,565,640,645,831,890,979,1057,1146,1242,1270,1271,1272,1275,1276,1278,1283,1288,1290,1291,1293,1419,1450,1474,1475,1668,1682,1702,1777,1783,1841,1919,1920,1933,2231,2941,3470,3473,3474,3663,3677,3679,3686,3870,4327,7026,8265,8340,8764,
173;0;4657;4772;0;15,26,40,55,79,95,100,104,144,170,225,262,267,268,273,276,288,290,297,305,308,313,351,390,395,401,412,429,438,528,640,645,834,854,931,947,949,1057,1146,1151,1168,1271,1272,1275,1276,1288,1290,1293,1474,1475,1519,1528,1668,1674,1783,1920,1933,2491,2667,2737,2941,3531,3638,3663,3677,3679,3686,4400,5456,5656,5774,5841,6022,6441,7320,7463,8022,8095,8303,8578,
173;1;4772;4822;0;15,26,40,55,79,95,100,104,137,144,170,225,231,234,262,267,268,273,276,277,288,290,297,305,308,313,314,329,351,377,390,395,401,404,412,429,438,528,640,645,834,838,854,931,947,949,1057,1146,1271,1272,1275,1276,1288,1290,1293,1474,1475,1668,1674,1783,1811,1920,1933,2491,2941,3104,3663,3677,3679,3686,4630,4859,5274,5457,5458,5459,5460,5461,6022,7320,
725;0;4822;4984;0;15,26,40,55,79,95,100,104,137,144,170,225,231,234,262,267,268,273,276,277,288,290,297,305,308,313,314,329,351,377,390,395,401,404,412,429,438,528,640,645,834,838,854,949,1057,1146,1271,1272,1275,1276,1288,1290,1293,1474,1475,1668,1674,1783,1811,1920,1933,2491,2941,3663,3677,3679,3686,6022,6360,6926,7284,7320,7644,7648,8216,8219,8221,8225,8227,8228,
794;0;4984;5144;0;8,55,88,95,97,142,144,148,193,337,377,379,392,395,399,400,410,429,569,647,765,815,835,843,855,858,920,1056,1117,1118,1146,1167,1390,1469,1489,1518,1734,1736,1744,1751,1755,1764,1809,1811,1814,1972,2244,2338,2339,2403,2573,2583,2631,2635,2653,2751,2802,2898,3037,3286,3461,3618,4389,5030,5174,5337,5758,5759,5760,6022,6399,6968,7448,7449,7787,7788,7789,7790,7791,7792,
190;0;5144;5152;0;8,55,88,95,97,142,144,148,193,337,377,379,392,395,399,400,410,429,569,647,765,815,835,843,855,858,920,1056,1117,1118,1146,1167,1390,1469,1489,1518,1734,1736,1744,1751,1755,1764,1809,1811,1814,1972,2244,2338,2339,2403,2573,2583,2631,2635,2653,2751,2802,2898,3037,3286,3461,3618,4389,5030,5174,5337,5758,5759,5760,6022,6399,6968,7448,7449,7787,7788,7789,7790,7791,7792,
190;1;5152;5302;0;8,55,88,95,97,142,144,148,193,337,377,379,392,395,399,400,410,429,569,647,765,815,835,843,855,858,920,1056,1117,1118,1146,1167,1390,1469,1489,1518,1734,1736,1744,1751,1755,1764,1809,1811,1814,1972,2244,2338,2339,2403,2573,2583,2631,2635,2653,2751,2802,2898,3037,3286,3461,3618,4389,5030,5174,5337,5758,5759,5760,6022,6399,6968,7448,7449,7787,7788,7789,7790,7791,7792,
127;0;5302;5439;0;8,55,88,95,97,142,144,148,193,337,377,379,392,395,399,400,410,429,569,647,765,815,835,843,855,858,920,1056,1117,1118,1146,1167,1390,1469,1489,1518,1734,1736,1744,1751,1755,1764,1809,1811,1814,1972,2244,2338,2339,2403,2573,2583,2631,2635,2653,2751,2802,2898,3037,3286,3461,3618,4389,5030,5174,5337,5758,5759,5760,6022,6399,6968,7448,7449,7787,7788,7789,7790,7791,7792,
127;1;5439;5459;0;8,55,88,95,97,142,144,148,193,337,377,379,392,395,399,400,410,429,569,647,765,815,835,843,855,858,920,1056,1117,1118,1146,1167,1390,1469,1489,1518,1734,1736,1744,1751,1755,1764,1809,1811,1814,1972,2244,2338,2339,2403,2573,2583,2631,2635,2653,2751,2802,2898,3037,3286,3461,3618,4389,5030,5174,5337,5758,5759,5760,6022,6399,6968,7448,7449,7787,7788,7789,7790,7791,7792,
557;0;5760;5915;0;8,55,88,95,97,102,142,144,148,193,337,377,379,392,395,399,400,410,429,569,647,715,765,771,815,835,843,855,858,920,1056,1117,1118,1146,1167,1204,1390,1469,1489,1518,1529,1734,1736,1744,1751,1755,1809,1814,2338,2460,2573,2583,2602,2605,2628,2635,2645,2650,2653,2679,2681,2802,2984,4412,4449,4945,5530,5859,5868,5869,6022,7301,7653,7826,7871,8583,8682,8683,8684,8685,
176;0;5915;6005;0;8,55,88,95,97,102,142,144,148,193,337,377,379,392,395,399,400,410,429,569,647,715,765,771,815,835,843,855,858,920,1056,1117,1118,1146,1167,1204,1390,1469,1489,1518,1529,1734,1736,1744,1751,1755,1809,1814,2338,2460,2573,2583,2602,2605,2628,2635,2645,2650,2653,2679,2681,2802,2984,4331,4332,4333,4412,4449,4945,5530,5859,5868,5869,6022,7301,7653,7826,7871,8583,8682,
176;1;6005;6065;0;8,24,30,34,37,46,54,55,88,95,97,102,142,144,148,193,337,377,379,392,395,399,400,410,429,569,647,655,715,765,771,778,815,835,843,855,858,920,1056,1114,1117,1118,1140,1146,1167,1204,1304,1311,1336,1390,1469,1489,1518,1529,1718,1734,1736,1744,1809,1814,2338,2573,2583,2628,2635,2645,2653,2679,2802,2984,4122,5530,5825,6022,6244,6784,7871,8957,8958,8959,
613;0;6065;6202;0;8,24,30,34,37,46,54,55,88,95,97,102,139,142,144,148,193,337,377,379,392,395,399,400,410,429,569,647,655,715,765,771,778,815,835,843,855,858,920,948,1056,1114,1117,1118,1140,1146,1167,1204,1304,1311,1336,1390,1469,1478,1489,1518,1529,1718,1734,1736,1744,1809,1814,2338,2573,2583,2628,2635,2645,2653,2679,2802,2984,4122,5530,5825,6022,6244,6784,7871,
754;0;6202;6338;0;8,24,30,34,37,46,54,55,95,97,139,144,245,273,289,290,291,297,321,377,379,392,395,398,400,429,647,715,765,769,835,855,858,891,948,949,1024,1052,1117,1118,1119,1121,1146,1167,1204,1474,1478,1529,1669,1680,1809,1814,1816,1920,2338,2371,2388,2573,2583,2628,2635,2645,2653,2679,2802,2816,2984,3292,4552,4563,5206,5351,5530,6022,6184,6784,7215,7216,7217,7871,
204;0;6338;6404;0;24,34,95,97,139,144,146,245,289,290,291,297,321,377,379,392,395,398,400,429,436,647,715,765,835,852,855,858,921,948,949,1052,1117,1118,1119,1121,1146,1167,1204,1236,1424,1470,1474,1478,1529,1680,1809,1814,1816,1920,2338,2371,2382,2388,2391,2573,2583,2628,2635,2645,2653,2679,2984,4033,4934,4974,5206,5397,5530,5768,5943,6022,6107,6163,6169,6179,6180,6784,7217,7871,
204;1;6404;6472;0;24,34,95,97,139,144,146,245,289,290,291,297,321,377,379,392,395,398,400,429,436,647,715,765,835,852,855,858,921,948,949,1052,1117,1118,1119,1121,1146,1167,1204,1236,1424,1470,1474,1478,1529,1680,1809,1814,1816,1920,2338,2371,2382,2388,2391,2573,2583,2628,2635,2645,2653,2679,2984,4033,4934,4974,5206,5397,5530,5768,6022,6107,6169,6179,6784,7217,7363,7549,7550,7871,
633;0;6472;6603;0;24,139,144,149,225,231,262,291,292,314,321,389,395,429,640,647,677,818,835,855,948,949,1117,1359,1478,1809,1816,2091,2388,2509,2510,2635,2645,2653,2679,2692,2728,2774,2777,2778,2803,2806,2812,2984,3263,3337,3524,3640,4498,4600,4603,4604,4605,4606,4607,4608,4609,4610,4611,4612,4613,4614,4615,4616,4617,4618,5146,6107,6179,6193,7294,7299,7712,7720,7721,8166,8260,8320,8989,9065,
637;0;6603;6734;0;24,139,144,149,225,231,262,291,292,314,321,389,395,429,640,647,677,818,835,855,948,949,1117,1359,1478,1809,1816,2091,2388,2509,2510,2635,2645,2653,2679,2692,2728,2774,2777,2778,2803,2806,2812,2984,3263,3337,3524,3640,4498,4600,4603,4604,4605,4606,4607,4608,4609,4610,4611,4612,4613,4614,4615,4616,4617,4618,5146,6107,6179,6193,7294,7299,7712,7720,7721,8166,8260,8320,8989,9065,
60;0;6734;6809;0;24,139,144,149,225,231,262,291,292,314,321,389,395,429,640,647,677,818,835,855,948,949,1117,1359,1478,1809,1816,2091,2388,2509,2510,2635,2645,2653,2679,2692,2728,2774,2777,2778,2803,2806,2812,2984,3263,3337,3524,3640,4498,4600,4603,4604,4605,4606,4607,4608,4609,4610,4611,4612,4613,4614,4615,4616,4617,4618,5146,6107,6179,6193,7294,7299,7712,7720,7721,8166,8260,8320,8989,9065,
60;1;6809;6862;0;24,139,144,149,225,231,262,291,292,314,321,389,395,429,640,647,677,818,835,855,948,949,1117,1359,1478,1809,1816,2091,2388,2509,2510,2635,2645,2653,2679,2692,2728,2774,2777,2778,2803,2806,2812,2984,3263,3337,3524,3640,4498,4600,4603,4604,4605,4606,4607,4608,4609,4610,4611,4612,4613,4614,4615,4616,4617,4618,5146,6107,6179,6193,7294,7299,7712,7720,7721,8166,8260,8320,8989,9065,
795;0;7200;7325;0;24,53,139,144,149,225,231,262,291,292,314,321,389,395,429,640,647,677,835,855,948,949,1117,1266,1269,1324,1359,1478,1596,1783,1809,1816,1906,2091,2153,2175,2388,2419,2479,2480,2481,2485,2509,2510,2635,2645,2653,2679,2692,2728,2774,2777,2778,2812,2984,3263,3269,3306,3604,3605,3708,3767,3807,3841,4600,4604,4605,4606,4608,4612,4874,5058,5112,5146,5463,6107,6179,7299,7359,7945,
718;0;7325;7442;0;24,53,139,144,149,225,231,262,291,292,314,321,329,395,429,640,647,677,835,855,948,949,1117,1266,1269,1359,1478,1809,1816,1884,2091,2388,2485,2509,2510,2600,2635,2645,2653,2678,2679,2692,2728,2774,2777,2778,2812,2984,3263,3306,3708,4568,4600,4604,4605,4606,4608,4612,4634,4759,4800,5043,5146,5230,5528,5890,5891,5892,5893,5894,5895,5896,5897,5898,5899,5900,5901,6107,6179,7299,
219;0;7442;7484;0;24,53,137,139,144,149,225,231,262,288,291,292,314,321,329,395,404,429,591,640,647,677,835,838,855,912,933,948,949,1117,1145,1266,1269,1359,1478,1671,1809,1816,1884,2091,2388,2485,2509,2510,2600,2635,2645,2653,2678,2679,2692,2728,2774,2777,2778,2812,2984,3263,3306,3708,4564,4568,4600,4604,4605,4606,4608,4612,4634,4759,4800,5146,5230,6107,6179,6343,6344,6345,6346,7299,
219;1;7484;7536;0;24,53,137,139,144,149,225,231,262,288,291,292,314,321,329,395,404,429,591,640,647,677,835,838,855,912,933,948,949,952,1117,1145,1266,1269,1359,1478,1671,1809,1816,1884,2091,2388,2485,2509,2510,2600,2635,2645,2653,2678,2679,2692,2728,2774,2777,2778,2812,2984,3133,3263,3306,3633,3708,4472,4564,4568,4600,4605,4606,4608,4612,4759,4800,5049,5146,5230,5731,5733,6107,7299,
79;0;7536;7584;0;3,24,53,137,139,144,149,225,231,262,288,291,292,314,321,329,395,404,429,591,640,647,677,835,838,855,912,933,948,949,952,1062,1117,1145,1266,1269,1359,1361,1478,1671,1809,1816,1884,2091,2337,2388,2485,2509,2510,2645,2678,2679,2692,2728,2774,2777,2778,2812,2984,3263,3306,3621,3708,4553,4600,4605,4606,4608,4612,4727,4759,4800,5146,5230,5830,6101,6107,6109,6113,7299,
79;1;7584;7628;0;3,24,53,137,139,144,145,149,225,231,241,262,277,288,291,292,314,321,329,391,395,404,429,591,640,647,677,835,838,855,912,933,948,949,952,1062,1117,1145,1266,1269,1359,1361,1478,1671,1809,1816,1884,2091,2337,2388,2485,2509,2510,2645,2678,2679,2692,2728,2774,2777,2778,2812,2984,3263,3306,3621,3708,4553,4600,4605,4606,4608,4612,4727,4759,4800,5146,5230,5830,7299,
658;0;7628;7715;0;3,24,137,139,144,145,149,225,262,277,288,291,292,314,321,329,391,395,404,429,591,640,647,677,835,855,912,933,948,949,952,1117,1145,1266,1269,1271,1276,1287,1288,1293,1295,1322,1359,1478,1671,2091,2148,2240,2241,2410,2418,2472,2485,2509,2510,2645,2678,2679,2692,2728,2774,2777,2778,2812,3048,3049,3050,3051,3263,3306,3708,4553,4606,4608,4612,4759,4800,5146,5230,7299,
587;0;7715;7793;0;3,24,60,137,139,144,145,149,225,262,277,288,291,292,314,321,329,391,395,404,429,591,640,647,677,727,835,855,875,912,933,948,949,952,1117,1145,1266,1269,1271,1276,1287,1288,1293,1295,1322,1359,1478,1671,2091,2240,2485,2509,2510,2645,2678,2679,2692,2728,2774,2777,2778,2812,3065,3263,3306,3380,3708,3979,4059,4060,4061,4553,4606,4608,4612,4759,4800,5146,5230,7299,
517;0;7793;7867;0;24,26,117,144,145,149,225,255,262,288,291,292,329,404,412,429,453,485,529,536,618,978,1266,1267,1269,1272,1277,1284,1286,1287,1288,1289,1290,1293,1294,1782,1915,2032,2091,2156,2286,2338,2346,2347,2577,2679,2770,2774,2777,2778,2812,2934,2941,3263,3571,3758,3814,4606,4608,5540,5856,5916,6372,6706,6831,6961,7331,7907,7967,8516,8606,8675,8851,8852,8853,8854,8855,8856,8857,8858,
752;0;7867;7935;0;15,16,19,22,24,25,26,34,39,44,93,95,117,144,145,149,225,255,262,288,291,292,329,401,404,412,421,429,453,485,529,536,618,765,978,1054,1121,1179,1201,1247,1261,1266,1267,1269,1272,1277,1284,1286,1287,1288,1289,1290,1293,1294,1401,1474,1606,1650,1814,1915,2091,2583,2640,2679,2770,2774,2775,2777,2778,2812,3019,3263,3447,4606,4608,4773,5499,5500,5502,6774,
549;0;7935;8031;0;15,16,19,22,24,25,26,34,39,44,93,95,117,144,145,149,225,255,262,288,291,292,329,401,404,412,421,429,453,485,529,536,618,765,978,1054,1121,1179,1201,1247,1261,1266,1267,1269,1272,1277,1284,1286,1287,1288,1289,1290,1293,1294,1401,1474,1606,1650,1814,1915,2091,2583,2640,2679,2770,2774,2775,2777,2778,2812,3019,3263,3447,4606,4608,4773,5499,5500,5502,6774,
777;0;8031;8087;0;15,16,19,22,24,25,26,34,39,44,93,95,117,144,145,149,225,255,262,288,291,292,329,401,404,412,421,429,453,485,529,536,618,765,978,1054,1121,1179,1201,1247,1261,1266,1267,1269,1272,1277,1284,1286,1287,1288,1289,1290,1293,1294,1401,1474,1606,1650,1814,1915,2091,2583,2640,2679,2770,2774,2775,2777,2778,2812,3019,3263,3447,4606,4608,4773,5499,5500,5502,6774,
706;0;8087;8139;0;15,16,19,22,24,25,26,34,39,44,93,95,117,144,145,149,225,255,262,288,291,292,329,401,404,412,421,429,453,485,529,536,618,765,978,1054,1121,1179,1201,1247,1261,1266,1267,1269,1272,1277,1284,1286,1287,1288,1289,1290,1293,1294,1401,1474,1606,1650,1814,1915,2091,2583,2640,2679,2770,2774,2775,2777,2778,2812,3019,3263,3447,4606,4608,4773,5499,5500,5502,6774,
598;0;8139;8190;0;15,16,19,22,24,25,26,34,39,44,93,95,117,144,145,149,225,255,262,288,291,292,329,401,404,412,421,429,453,485,529,536,618,765,978,1054,1121,1179,1201,1247,1261,1266,1267,1269,1272,1277,1284,1286,1287,1288,1289,1290,1293,1294,1401,1474,1606,1650,1814,1915,2091,2583,2640,2679,2770,2774,2775,2777,2778,2812,3019,3263,3447,4606,4608,4773,5499,5500,5502,6774,
779;0;8640;8687;0;1,3,24,26,95,144,145,149,225,226,262,270,277,288,291,292,329,391,429,536,607,765,1054,1069,1093,1121,1204,1214,1261,1269,1286,1288,1290,1293,1294,1473,1474,1475,1476,1477,1530,1667,1803,1814,1825,2109,2134,2451,2640,2679,2770,2774,2775,2778,3108,3263,3278,3447,4033,4535,4857,4891,4902,4925,4926,4927,4928,4929,4930,4931,4932,4933,4934,4935,4936,4937,4938,4939,5499,5502,
608;0;8687;8726;0;1,3,24,26,95,144,145,149,225,226,262,270,277,288,291,292,329,379,391,398,400,429,536,607,765,854,855,898,949,1054,1069,1093,1118,1121,1204,1214,1261,1269,1286,1288,1290,1293,1294,1359,1473,1474,1475,1476,1477,1530,1667,1680,1803,1814,1825,1973,2109,2134,2451,2640,2679,2770,2774,2775,2778,3099,3108,3263,3278,3447,4033,4535,4857,4891,4902,4939,5223,5224,5499,5502,
669;0;8726;8759;0;1,3,24,26,95,144,145,149,225,226,262,270,277,288,291,292,329,379,391,398,400,429,536,607,690,765,854,855,898,949,1054,1069,1093,1118,1121,1204,1214,1261,1269,1286,1288,1290,1293,1294,1359,1473,1474,1475,1476,1477,1530,1556,1667,1674,1680,1803,1814,1825,1973,2109,2134,2640,2642,2677,2679,2770,2774,2775,2778,3099,3263,3447,4854,4855,4857,4939,5370,5499,5502,5673,
528;0;8759;8789;0;1,3,24,26,95,144,145,149,225,226,262,270,277,288,291,292,329,379,391,398,400,429,528,536,607,690,765,854,855,898,949,1054,1069,1093,1118,1121,1261,1268,1269,1286,1288,1290,1293,1294,1322,1329,1359,1473,1474,1476,1667,1814,1973,2240,2263,2264,2265,2407,2447,2485,2640,2642,2677,2770,2774,2778,3099,3263,3702,3708,4357,4453,4810,4811,4812,4813,4814,4815,4857,4939,
751;0;8789;8818;0;1,3,24,26,87,95,96,144,145,149,225,226,262,270,277,288,291,292,329,343,379,391,398,400,429,528,536,607,690,704,765,766,854,855,863,898,949,952,1054,1069,1093,1118,1121,1261,1268,1269,1286,1288,1290,1293,1294,1359,1473,1474,1476,1567,1667,1814,1973,2628,2640,2642,2677,2678,2692,2770,2774,2778,3099,3263,3446,3532,4748,4857,4939,5230,5379,6216,6217,6218,
656;0;8818;8841;0;1,3,24,26,87,95,96,139,143,144,145,149,225,226,262,270,277,288,291,292,294,329,343,379,391,395,398,400,429,528,536,607,644,690,704,765,766,854,855,863,898,948,949,952,1054,1069,1093,1118,1121,1135,1261,1268,1269,1286,1288,1293,1294,1359,1473,1474,1476,1478,1667,1814,1973,2628,2640,2642,2677,2770,2774,2778,3099,3263,3268,3280,4939,5911,6089,6090,
711;0;8841;8862;0;1,3,24,26,87,95,96,139,143,144,145,149,225,226,262,270,277,288,291,292,294,329,343,379,391,395,398,400,429,503,528,536,607,644,690,704,765,766,854,855,863,898,948,949,952,1054,1069,1093,1118,1121,1135,1261,1268,1269,1275,1286,1288,1293,1294,1359,1473,1474,1476,1478,1667,1814,1973,2628,2640,2642,2677,2770,2774,2778,3099,3263,3268,3280,3306,4939,
536;0;8862;8874;0;1,3,24,26,87,95,96,139,143,144,145,149,198,205,225,226,262,270,277,288,291,292,294,329,343,379,391,395,398,400,429,503,504,528,536,644,704,765,854,855,948,949,995,1054,1063,1069,1093,1118,1121,1261,1286,1293,1294,1359,1473,1474,1476,1478,1582,1667,1814,1868,1973,2628,2640,2642,2677,2770,2774,2778,3099,3263,3268,3403,3615,3694,4647,4648,4649,4939,
629;0;8874;8972;1;3,24,95,137,139,143,144,145,225,262,276,277,288,291,292,329,351,391,395,398,400,429,644,704,765,854,855,912,948,949,1054,1069,1093,1118,1121,1147,1167,1286,1294,1359,1473,1474,1476,1478,1493,1513,1667,1670,1814,1973,2371,2531,2628,2640,2642,2677,2770,2774,3001,3099,3250,3257,3263,3268,3284,3711,3712,4019,4085,4086,4087,4088,4089,4090,4091,4092,4093,4094,4095,4939,
67;0;8972;8994;1;3,24,95,97,137,139,143,144,145,177,225,262,276,277,288,291,292,302,305,310,313,329,351,391,395,396,398,400,429,644,704,765,854,855,905,912,948,949,1054,1069,1093,1118,1121,1147,1167,1286,1294,1359,1473,1474,1476,1478,1493,1513,1661,1667,1670,1675,1759,1814,1973,2371,2455,2531,2628,2640,2642,2677,2770,2774,3001,3099,3250,3257,3263,3268,3284,3711,4939,5255,
67;1;8994;9074;1;3,24,86,95,97,137,139,143,144,145,177,225,262,276,277,288,289,291,292,302,305,310,313,329,351,391,395,396,398,400,429,644,666,704,765,854,855,905,912,948,949,1054,1069,1093,1118,1121,1147,1167,1286,1294,1359,1473,1474,1476,1478,1493,1513,1661,1667,1670,1675,1759,1814,1973,2628,2640,2642,2677,2770,2774,2985,2986,2987,2988,2989,2990,3099,3263,3268,4939,
569;0;9074;9180;1;3,24,86,95,97,137,139,143,144,145,177,225,262,274,276,277,288,289,291,292,302,305,310,313,329,336,351,391,395,396,398,400,429,644,666,677,704,765,854,855,856,905,912,948,949,1054,1069,1093,1118,1121,1147,1167,1286,1294,1359,1473,1474,1476,1478,1493,1513,1661,1667,1670,1814,1973,2628,2640,2642,2645,2677,2689,2770,2774,2988,3099,3263,3268,3715,4939,
567;0;9180;9289;1;2,3,24,86,95,97,137,139,143,144,145,177,225,262,274,276,277,288,289,291,292,302,305,310,313,314,321,329,336,351,391,395,396,398,400,429,640,644,666,677,704,765,854,855,933,948,949,1054,1069,1093,1118,1121,1147,1286,1294,1359,1473,1476,1478,1479,1667,1814,1973,2425,2536,2628,2640,2642,2645,2677,2770,2774,2988,3099,3263,3268,3715,4939,5181,5182,
548;0;9289;9400;1;4,27,139,141,143,144,145,146,147,225,245,259,262,288,289,314,321,377,390,395,398,408,415,426,567,640,644,645,647,648,704,855,917,948,1048,1051,1054,1069,1117,1121,1145,1146,1231,1286,1358,1359,1375,1476,1478,1479,1488,1604,1667,1726,1941,1946,1947,2117,2352,2471,2509,2961,2988,3004,3034,3267,3268,3606,4405,4834,4939,5050,5778,6108,6110,6127,6603,7039,7040,7368,
531;0;9400;9513;1;4,27,139,141,143,144,145,146,147,225,245,259,262,288,289,314,321,377,390,395,398,408,415,426,567,640,644,645,647,648,704,855,917,948,1048,1051,1054,1069,1117,1121,1145,1146,1231,1286,1358,1359,1375,1476,1478,1479,1488,1604,1667,1726,1941,1946,1947,2117,2352,2471,2509,2961,2988,3004,3034,3267,3268,3606,4405,4834,4939,5050,5778,6108,6110,6127,6603,7039,7040,7368,
674;0;9513;9632;1;4,27,139,141,143,144,145,146,147,225,245,259,262,288,289,314,321,377,390,395,398,408,415,426,567,640,644,645,647,648,704,855,917,948,1048,1051,1054,1069,1117,1121,1145,1146,1231,1286,1358,1359,1375,1476,1478,1479,1488,1604,1667,1726,1941,1946,1947,2117,2352,2471,2509,2961,2988,3004,3034,3267,3268,3606,4405,4834,4939,5050,5778,6108,6110,6127,6603,7039,7040,7368,
775;0;9632;9755;1;4,27,139,141,143,144,145,146,147,225,245,259,262,288,289,314,321,377,390,395,398,408,415,426,567,640,644,645,647,648,704,855,917,948,1048,1051,1054,1069,1117,1121,1145,1146,1231,1286,1358,1359,1375,1476,1478,1479,1488,1604,1667,1726,1941,1946,1947,2117,2352,2471,2509,2961,2988,3004,3034,3267,3268,3606,4405,4834,4939,5050,5778,6108,6110,6127,6603,7039,7040,7368,
END
fineshedJobsCount: 597
switchs: 7331
switchsInstances: 389
unfineshedPriorityCount: 185
finalSolution: 1139
totalUnfineshed: 203
Time: 87
