input/MyInstancesDiferentToolSets/n=800,p=0.75,r=0.6,t=1265,v0.csv;./input/Processed/ToolSetInt.csv
7;720;1440;10080
Machine: 0
619;0;0;11;1;3,126,137,139,144,148,149,185,186,189,221,262,275,288,292,314,321,351,391,410,450,497,739,754,784,854,855,911,948,1093,1117,1118,1134,1196,1336,1361,1423,1424,1425,1434,1440,1463,1502,1669,1751,1759,1768,1808,1816,2074,2223,2224,2253,2645,2774,2775,2778,2816,2896,2950,2960,2961,3034,3263,3416,3774,3870,3876,3908,4104,4740,4805,5758,5759,5760,5862,7251,7262,8037,8342,
715;0;11;35;1;3,126,137,139,144,148,149,185,186,189,221,262,275,288,292,314,321,351,391,410,450,497,739,754,784,854,855,911,948,1093,1117,1118,1134,1196,1336,1361,1423,1424,1425,1434,1440,1463,1502,1669,1751,1759,1768,1808,1816,2074,2223,2224,2253,2645,2774,2775,2778,2816,2896,2950,2960,2961,3034,3263,3416,3774,3870,3876,3908,4104,4740,4805,5758,5759,5760,5862,7251,7262,8037,8342,
711;0;35;76;1;3,126,137,139,144,148,149,185,186,189,221,262,275,288,292,314,321,351,391,410,450,497,739,754,784,854,855,911,948,1093,1117,1118,1134,1196,1336,1361,1423,1424,1425,1434,1440,1463,1502,1669,1751,1759,1768,1808,1816,2074,2223,2224,2253,2645,2774,2775,2778,2816,2896,2950,2960,2961,3034,3263,3416,3774,3870,3876,3908,4104,4740,4805,5758,5759,5760,5862,7251,7262,8037,8342,
627;0;76;120;1;3,126,137,139,144,148,149,185,186,189,221,262,275,288,292,314,321,351,391,410,450,497,739,754,784,854,855,911,948,1093,1117,1118,1134,1196,1336,1361,1423,1424,1425,1434,1440,1463,1502,1669,1751,1759,1768,1808,1816,2074,2223,2224,2253,2645,2774,2775,2778,2816,2896,2950,2960,2961,3034,3263,3416,3774,3870,3876,3908,4104,4740,4805,5758,5759,5760,5862,7251,7262,8037,8342,
199;0;120;267;0;3,126,137,139,144,148,149,185,186,189,221,262,275,288,292,314,321,351,391,410,450,497,739,754,784,854,855,911,948,1093,1117,1118,1134,1196,1336,1361,1423,1424,1425,1434,1440,1463,1502,1669,1751,1759,1768,1808,1816,2074,2223,2224,2253,2645,2774,2775,2778,2816,2896,2950,2960,2961,3034,3263,3416,3774,3870,3876,3908,4104,4740,4805,5758,5759,5760,5862,7251,7262,8037,8342,
199;1;267;431;0;3,126,137,139,144,148,149,185,186,189,221,262,275,288,292,314,321,351,391,410,450,497,739,754,784,854,855,911,948,1058,1093,1117,1118,1134,1196,1336,1361,1423,1424,1425,1434,1440,1463,1502,1669,1751,1759,1768,1808,1816,2074,2223,2224,2253,2645,2774,2775,2778,2780,2816,2896,2950,2960,2961,3034,3263,3416,3774,3870,3876,3908,4018,4104,4564,4740,4805,5758,5759,5760,7262,
234;0;431;560;0;3,126,137,139,144,148,149,185,186,189,221,262,275,288,292,314,321,351,391,410,450,497,739,754,784,854,855,911,948,1058,1093,1117,1118,1134,1196,1336,1361,1423,1424,1425,1434,1440,1463,1502,1669,1751,1759,1768,1808,1816,2074,2163,2223,2224,2253,2645,2774,2775,2778,2780,2816,2896,2950,2960,2961,3034,3263,3416,3774,3870,3876,3908,4018,4104,4564,4740,4805,5758,7262,8532,
234;1;560;730;0;7,8,55,95,96,117,137,138,139,144,148,251,275,288,389,390,392,394,395,398,434,647,835,855,863,912,948,949,1049,1050,1054,1055,1057,1060,1071,1093,1118,1293,1304,1463,1502,1670,1675,1750,1759,1914,2224,2240,2305,2337,2573,2645,2692,2728,2806,3034,3524,4334,4359,4394,4396,4397,4498,5146,5206,5627,5721,6441,6874,7010,7011,7294,7299,7972,7973,8166,8260,8320,8989,9065,
142;0;730;887;0;7,8,55,95,96,117,137,138,139,144,148,251,275,288,389,390,392,394,395,398,434,647,835,855,863,912,948,949,1049,1050,1054,1055,1057,1060,1071,1093,1118,1293,1304,1463,1502,1670,1675,1750,1759,1914,2224,2240,2305,2337,2573,2645,2692,2728,2806,3034,3524,4334,4359,4394,4396,4397,4498,5146,5206,5627,5721,6441,6874,7010,7011,7294,7299,7972,7973,8166,8260,8320,8989,9065,
142;1;887;956;0;7,8,55,95,96,117,137,138,139,144,148,251,275,288,389,390,392,394,395,398,434,647,835,855,863,912,948,949,1049,1050,1054,1055,1057,1060,1071,1093,1118,1293,1304,1463,1502,1670,1675,1750,1759,1914,2224,2240,2305,2337,2573,2645,2692,2728,2806,3034,3524,4334,4359,4394,4396,4397,4498,5146,5206,5627,5721,6441,6874,7010,7011,7294,7299,7972,7973,8166,8260,8320,8989,9065,
249;0;956;1004;0;7,8,55,95,96,117,137,138,139,144,148,251,275,288,389,390,392,394,395,398,434,647,835,855,863,912,948,949,1049,1050,1054,1055,1057,1060,1071,1093,1118,1293,1304,1463,1502,1670,1675,1750,1759,1914,2224,2240,2305,2337,2573,2645,2692,2728,2806,3034,3524,4334,4359,4394,4396,4397,4498,5146,5206,5627,5721,6441,6874,7010,7011,7294,7299,7972,7973,8166,8260,8320,8989,9065,
249;1;1004;1161;0;7,8,55,95,96,117,137,138,139,144,148,251,275,288,389,390,392,394,395,398,434,647,835,855,863,912,948,949,1049,1050,1054,1055,1057,1060,1071,1093,1118,1293,1304,1463,1502,1670,1675,1750,1759,1914,2224,2240,2305,2337,2573,2645,2692,2728,2806,3034,3524,4334,4359,4394,4396,4397,4498,5146,5206,5627,5721,6441,6874,7010,7011,7294,7299,7972,7973,8166,8260,8320,8989,9065,
235;0;1440;1491;0;7,8,55,95,96,117,137,138,139,144,148,251,275,288,389,390,392,394,395,398,434,647,835,854,855,863,912,948,949,1049,1050,1054,1055,1057,1060,1071,1093,1118,1293,1304,1463,1502,1670,1675,1750,1759,1914,2224,2240,2305,2337,2573,2645,2692,2728,2806,2951,3034,3267,3268,3524,4334,4359,4394,4396,4397,4498,4545,5146,5206,5627,5721,6441,6874,7010,7011,7294,7299,7972,7973,
235;1;1491;1635;0;7,8,55,95,96,117,137,138,139,144,148,251,275,288,389,390,392,394,395,398,434,647,835,854,855,863,912,948,949,1049,1050,1054,1055,1057,1060,1071,1093,1118,1293,1304,1463,1502,1670,1675,1750,1759,1914,2224,2240,2305,2337,2573,2645,2692,2728,2806,2951,3034,3267,3268,3524,4334,4359,4394,4396,4397,4498,4545,5146,5206,5627,5721,6441,6874,7010,7011,7294,7299,7365,7652,
734;0;1635;1804;0;7,8,15,24,25,35,37,38,42,54,55,57,95,96,117,137,138,139,144,148,251,275,288,389,390,392,394,395,398,434,647,835,854,855,863,912,948,949,1049,1050,1054,1055,1057,1060,1071,1093,1118,1293,1304,1463,1502,1670,1675,1750,1759,1914,2061,2224,2240,2305,2337,2573,2645,2692,2728,2806,2951,3034,3267,3268,3524,4334,4359,4394,4397,4545,5146,5206,5352,7299,
205;0;1804;1907;0;7,8,24,35,38,54,55,95,117,137,139,144,234,251,275,288,295,329,377,390,392,394,395,398,400,404,607,647,854,855,863,911,912,948,949,1049,1050,1054,1057,1093,1118,1293,1359,1474,1502,1670,1675,1759,1914,1973,2091,2092,2120,2240,2337,2341,2573,2645,2715,2806,3034,3108,3267,4397,4419,4420,4545,4753,4816,4859,5146,5206,5725,6332,6333,6334,6335,6336,6337,7299,
205;1;1907;1972;0;7,8,24,38,40,55,95,117,137,139,144,189,193,198,251,255,288,295,329,362,363,377,390,392,394,395,398,400,404,528,561,607,647,732,854,855,863,911,912,948,949,978,1049,1050,1054,1057,1093,1118,1287,1293,1359,1474,1502,1670,1675,1914,1973,2080,2089,2091,2240,2645,2806,3034,3606,3707,3907,4397,4545,4816,5101,5146,5206,5725,6790,6791,6792,6793,6794,6795,
657;0;1972;2137;0;7,8,24,38,55,95,100,117,137,139,144,189,288,292,295,329,377,390,392,394,395,398,400,404,528,607,647,677,715,854,855,863,911,912,948,949,1049,1050,1054,1057,1093,1118,1287,1293,1474,1481,1502,1568,1670,1675,1913,1914,1973,2080,2091,2106,2240,2461,2590,2626,2645,2679,2688,2806,2984,3606,4385,4413,4816,5206,5266,5525,5725,5868,5869,6022,7582,8002,8003,8004,
109;0;2137;2203;0;95,100,104,117,135,144,145,146,149,262,276,277,297,304,321,351,377,379,397,429,438,644,715,834,854,931,947,949,1057,1093,1117,1118,1134,1151,1168,1361,1478,1481,1502,1519,1528,1670,1674,1812,1920,1973,2080,2491,2536,2667,2678,2737,3293,3531,3638,4033,4400,4858,5456,5457,5525,5656,5774,5841,5869,6022,6106,6412,7320,7463,8022,8095,8152,8159,8303,8364,8578,8579,8580,8581,
109;1;2203;2298;0;95,100,104,117,135,144,145,146,149,262,276,277,297,304,321,351,377,379,397,429,438,644,715,834,854,931,947,949,1057,1093,1117,1118,1134,1151,1168,1361,1478,1481,1502,1519,1528,1670,1674,1812,1920,1973,2080,2491,2536,2667,2678,2737,3293,3531,3638,4033,4400,4858,5456,5457,5525,5656,5774,5841,5869,6022,6106,6412,7320,7463,8022,8095,8152,8159,8303,8364,8578,8579,8580,8581,
605;0;2298;2453;0;95,100,104,117,135,144,145,146,149,262,276,277,297,304,321,351,377,379,397,429,438,644,715,834,854,931,947,949,1057,1093,1117,1118,1134,1151,1168,1361,1478,1481,1502,1519,1528,1670,1674,1812,1920,1973,2080,2491,2536,2667,2678,2737,3293,3531,3638,4033,4400,4858,5456,5457,5525,5656,5774,5841,5869,6022,6106,6412,7320,7463,8022,8095,8152,8159,8303,8364,8578,8579,8580,8581,
691;0;2453;2605;0;95,100,104,117,135,144,145,146,149,262,276,277,297,304,321,351,377,379,397,429,438,644,715,834,854,931,947,949,1057,1093,1117,1118,1134,1151,1168,1361,1478,1481,1502,1519,1528,1670,1674,1812,1920,1973,2080,2491,2536,2667,2678,2737,3293,3531,3638,4033,4400,4858,5456,5457,5525,5656,5774,5841,5869,6022,6106,6412,7320,7463,8022,8095,8152,8159,8303,8364,8578,8579,8580,8581,
533;0;2880;3017;0;95,100,104,117,135,144,145,146,149,156,262,276,277,297,304,321,351,377,379,397,429,438,505,644,715,729,834,854,931,947,949,1057,1093,1117,1118,1134,1151,1168,1361,1435,1478,1481,1502,1519,1528,1558,1670,1674,1812,1920,1973,2080,2179,2330,2491,2536,2667,2678,2737,2849,2957,3126,3293,3531,3638,3774,3847,4033,4064,4285,4400,4858,5456,5457,5525,5869,6015,6022,6686,7463,
185;0;3017;3023;0;95,100,104,117,135,144,145,146,149,156,262,276,277,297,304,321,351,377,379,397,429,438,505,609,644,666,715,729,834,854,862,931,947,949,1057,1093,1117,1118,1134,1151,1168,1346,1361,1365,1435,1478,1481,1502,1519,1528,1558,1599,1670,1674,1812,1920,1973,2080,2179,2330,2339,2475,2491,2536,2678,2689,3638,4033,4645,5525,5530,5538,5637,5869,6022,6311,6314,6322,7463,7871,
185;1;3023;3106;0;95,100,104,117,135,144,145,146,149,156,262,276,277,297,304,321,351,359,377,379,397,429,438,505,609,644,666,715,729,834,854,862,931,947,949,1057,1093,1117,1118,1134,1151,1168,1278,1346,1361,1365,1478,1481,1519,1528,1558,1599,1670,1674,1812,1920,1973,2025,2179,2281,2310,2475,2491,2678,2968,3638,4033,4162,5525,5530,5538,5607,5637,6022,6311,7463,7936,8450,8451,8452,
760;0;3106;3193;0;7,8,95,100,104,117,135,144,145,146,149,156,262,276,277,297,304,321,351,359,377,379,390,392,394,397,398,429,438,505,609,644,666,715,834,854,862,949,1049,1050,1051,1052,1053,1054,1057,1058,1059,1117,1118,1134,1168,1278,1346,1361,1478,1481,1519,1528,1558,1599,1670,1674,1812,1920,1973,2179,2475,2491,2678,2968,3638,4033,5525,5530,5538,5607,5637,6022,6311,7463,
597;0;3193;3271;0;7,8,95,100,104,117,135,144,145,146,149,156,262,276,277,297,304,321,351,359,377,379,390,392,394,397,398,429,438,644,666,715,834,854,862,949,1050,1051,1052,1053,1054,1117,1118,1134,1168,1266,1278,1346,1361,1478,1481,1519,1528,1558,1599,1670,1674,1812,1920,1973,2179,2260,2410,2475,2491,2678,2794,2842,2968,3638,4033,4450,5525,5530,5538,5607,5637,6022,6311,7463,
591;0;3271;3347;0;89,94,95,100,144,145,146,149,262,276,277,321,351,390,398,429,583,586,644,715,765,770,833,834,838,854,862,890,949,1050,1051,1052,1053,1054,1118,1168,1346,1447,1478,1481,1519,1524,1528,1529,1558,1670,1674,1920,1973,2179,2602,2659,2678,2693,2721,3511,3527,3581,3582,3638,4033,4537,4574,4732,4802,4937,4949,5339,5340,5341,5342,5343,5344,5345,5346,5347,5525,5530,5607,5637,
224;0;3347;3389;0;26,61,89,95,100,144,145,146,149,262,276,277,321,351,390,398,429,528,566,644,715,770,833,838,854,862,949,1050,1051,1052,1053,1054,1118,1267,1268,1269,1273,1287,1288,1289,1293,1294,1322,1346,1478,1481,1519,1528,1529,1547,1558,1670,1674,1781,1782,1920,1973,2179,2240,2241,2407,2409,2485,2678,2693,3527,3702,4033,4357,4802,4884,4940,4941,4942,4943,4944,5525,5530,5607,5637,
224;1;3389;3410;0;26,61,89,95,100,144,145,146,149,262,276,277,321,351,390,398,429,528,644,715,770,833,838,854,862,949,1050,1051,1052,1053,1054,1118,1201,1267,1268,1269,1273,1287,1288,1289,1293,1294,1322,1346,1478,1481,1519,1528,1529,1558,1670,1674,1781,1920,1973,2179,2240,2241,2678,2693,2778,3527,3702,4033,4603,4604,4612,4613,4802,5305,5525,5530,5607,5637,5873,6749,8070,8071,8072,8073,
76;0;3410;3430;0;26,61,89,95,100,144,145,146,149,262,276,277,321,351,390,398,429,528,644,715,770,833,838,854,862,949,995,1050,1051,1052,1053,1054,1118,1201,1267,1268,1269,1273,1287,1288,1289,1293,1294,1322,1346,1432,1478,1481,1519,1528,1529,1558,1670,1674,1781,1920,1973,2179,2240,2241,2678,2693,2778,3527,3702,4033,4603,4604,4612,4613,4802,5305,5525,5530,5607,5637,5873,6749,8070,8071,
76;1;3430;3471;0;89,144,145,146,149,262,277,321,351,390,398,429,644,770,833,854,862,949,1050,1051,1053,1118,1268,1287,1293,1294,1322,1346,1478,1481,1519,1528,1529,1558,1781,2179,2778,3686,5525,5530,5607,5637,5951,5963,5968,5969,5976,5980,5987,5988,6007,6079,6360,6537,6538,6539,6541,6542,6549,6550,6552,6557,6559,6560,6741,6930,7132,7134,7286,8083,8084,8085,8086,8087,8088,8089,8090,8091,8092,8093,
769;0;3471;3526;0;89,144,145,146,149,262,271,277,321,351,390,398,429,644,770,833,854,862,949,1050,1051,1053,1118,1268,1287,1293,1294,1322,1346,1476,1478,1481,1519,1528,1529,1556,1558,1781,2179,2645,2774,2778,3099,3120,3686,4567,4609,4627,4759,4760,4761,4762,4763,4764,4765,4766,4767,4768,5525,5530,5607,5637,5951,5963,5968,5969,5976,5980,5987,5988,6007,6079,6360,6537,6538,6539,6541,6542,6549,6550,
628;0;3526;3565;0;55,60,89,144,145,146,149,206,208,209,262,271,277,321,351,390,398,429,644,770,833,854,862,949,1050,1051,1053,1062,1118,1195,1268,1287,1293,1294,1322,1346,1476,1478,1481,1519,1528,1529,1556,1558,1657,1781,1930,1935,1999,2179,2306,2645,2774,2778,2918,3099,3120,3241,3545,3686,4212,4213,4214,4567,4609,4627,4759,4760,4761,4762,4763,5525,5530,5607,5637,5951,5963,5976,5987,6360,
694;0;3565;3599;0;55,60,89,144,145,146,149,206,208,209,248,250,262,271,277,321,351,390,398,429,644,770,833,854,862,949,1050,1051,1053,1062,1118,1195,1268,1274,1280,1287,1293,1294,1322,1346,1476,1478,1481,1519,1528,1529,1556,1558,1657,1781,1930,2179,2419,2645,2774,2778,3099,3269,3598,3686,3797,4439,4459,4460,4461,4462,4463,4609,4627,4759,4761,5525,5530,5607,5637,5951,5963,5976,5987,6360,
710;0;3599;3631;0;137,139,144,149,262,288,351,429,644,647,677,814,827,833,854,855,863,948,949,1050,1051,1053,1096,1097,1118,1268,1287,1293,1294,1322,1346,1478,1481,1558,1781,2179,2468,2644,2661,2690,2774,2778,3310,3606,3703,3721,3797,3859,4217,4330,4353,4952,5076,5078,5416,5525,5530,5606,5607,5637,5640,5722,5868,5951,5952,5976,5987,5992,6024,6025,6099,6355,6496,6561,6562,6563,6564,6729,7077,7641,
646;0;3631;3660;0;137,139,144,149,262,288,351,429,644,647,677,814,827,833,854,855,863,948,949,1050,1051,1053,1096,1097,1118,1268,1287,1293,1294,1322,1346,1478,1481,1558,1781,2179,2468,2644,2661,2690,2774,2778,3310,3606,3703,3721,3797,3859,4217,4330,4353,4952,5076,5078,5416,5525,5530,5606,5607,5637,5640,5722,5868,5951,5952,5976,5987,5992,6024,6025,6099,6355,6496,6561,6562,6563,6564,6729,7077,7641,
542;0;3660;3681;0;137,139,144,149,262,288,351,429,644,647,677,814,827,833,854,855,863,948,949,1050,1051,1053,1096,1097,1118,1268,1287,1293,1294,1322,1346,1478,1481,1558,1781,2179,2468,2644,2661,2690,2774,2778,3310,3606,3703,3721,3797,3859,4217,4330,4353,4952,5076,5078,5416,5525,5530,5606,5607,5637,5640,5722,5868,5951,5952,5976,5987,5992,6024,6025,6099,6355,6496,6561,6562,6563,6564,6729,7077,7641,
682;0;3681;3699;0;137,139,144,149,262,288,351,429,644,647,677,814,827,833,854,855,863,948,949,1050,1051,1053,1096,1097,1118,1268,1287,1293,1294,1322,1346,1478,1481,1558,1781,2179,2468,2644,2661,2690,2774,2778,3310,3606,3703,3721,3797,3859,4217,4330,4353,4952,5076,5078,5416,5525,5530,5606,5607,5637,5640,5722,5868,5951,5952,5976,5987,5992,6024,6025,6099,6355,6496,6561,6562,6563,6564,6729,7077,7641,
635;0;3699;3703;0;137,139,144,149,262,288,351,429,644,647,677,814,827,833,854,855,863,948,949,1050,1051,1053,1096,1097,1118,1268,1287,1293,1294,1322,1346,1478,1481,1558,1781,2179,2468,2644,2661,2690,2774,2778,3310,3606,3703,3721,3797,3859,4217,4330,4353,4952,5076,5078,5416,5525,5530,5606,5607,5637,5640,5722,5868,5951,5952,5976,5987,5992,6024,6025,6099,6355,6496,6561,6562,6563,6564,6729,7077,7641,
610;0;4320;4324;0;2,6,137,139,142,144,149,262,288,351,391,404,429,644,647,677,814,827,833,854,855,863,911,948,949,1050,1051,1053,1096,1097,1118,1233,1268,1287,1293,1294,1322,1346,1478,1481,1558,1603,1781,1918,2179,2468,2644,2661,2690,2774,2778,3310,3606,3703,3721,3797,3859,4217,4330,4353,4952,5076,5078,5416,5525,5530,5606,5607,5637,5640,5722,5868,5951,5952,5976,5987,5992,6025,6099,6355,
40;0;4324;4364;1;2,6,74,137,139,142,144,149,262,288,351,391,404,429,512,518,551,607,612,615,616,617,644,647,677,739,814,827,833,854,855,863,911,948,949,1050,1051,1096,1118,1268,1287,1293,1294,1322,1346,1390,1478,1481,1530,1558,1559,1781,1849,1940,2094,2179,2468,2661,2690,2774,2778,2941,3014,3606,3797,4217,4465,4514,5525,5530,5637,5640,5722,5868,5951,5952,6025,6099,6355,6786,
40;1;4364;4374;1;2,6,74,137,139,142,144,149,231,262,288,351,391,404,429,512,518,551,607,612,615,644,647,677,739,814,833,854,855,911,948,949,1050,1051,1096,1118,1268,1287,1293,1294,1322,1390,1478,1481,1530,1781,1940,2179,2468,2661,2690,2774,2777,2778,2802,2807,2812,2941,3263,3606,3797,4217,4514,4600,4605,4606,5025,5525,5530,5637,5640,5722,5868,5951,5952,6025,6099,6355,9046,9047,
129;0;4374;4395;1;2,6,74,137,139,142,144,149,225,231,262,288,295,351,391,404,429,512,518,551,607,612,615,644,647,677,739,814,833,854,855,911,948,949,1050,1051,1096,1118,1268,1287,1293,1294,1322,1390,1478,1481,1530,1781,1940,2179,2468,2661,2690,2774,2777,2778,2802,2807,2812,2941,3263,3606,3797,4217,4514,4600,4605,4606,4816,5525,5530,5637,5640,5722,5868,5951,5952,6025,6099,6355,
129;1;4395;4426;1;4,87,89,90,137,139,142,144,149,225,231,262,288,391,404,429,644,647,677,739,764,768,770,833,836,854,855,858,862,911,948,949,1046,1050,1051,1118,1214,1268,1287,1293,1294,1322,1478,1481,1515,1516,1518,1519,1520,1521,1522,1526,1527,1528,1529,1530,1940,2179,2468,2661,2774,2777,2778,2941,3263,3606,3797,4217,4514,4605,4606,5525,5530,5637,5722,5868,5951,5952,6099,6355,
553;0;4426;4483;1;4,87,89,90,137,139,142,144,145,149,225,231,241,262,277,288,321,391,400,404,429,644,647,677,739,764,768,770,833,836,854,855,858,862,911,948,949,1046,1050,1051,1118,1214,1268,1287,1293,1294,1322,1478,1481,1515,1516,1518,1519,1520,1521,1530,1940,2179,2468,2661,2774,2777,2778,2941,3263,3606,3797,4217,4514,4605,4606,5525,5530,5637,5722,5868,5951,5952,6099,6355,
558;0;4483;4543;1;4,87,89,90,137,139,142,144,145,146,149,225,231,241,262,277,288,321,390,391,398,400,404,429,644,647,677,739,764,836,854,855,858,862,911,948,949,1050,1051,1118,1121,1214,1268,1287,1293,1294,1322,1478,1481,1516,1518,1530,1680,1816,1940,2179,2468,2661,2774,2777,2778,2941,3263,3606,3797,4033,4217,4514,4605,4606,5525,5530,5637,5722,5868,5951,5952,6099,6105,6355,
572;0;4543;4609;1;4,97,137,139,144,145,149,225,231,262,277,288,302,321,382,390,391,398,400,404,429,644,647,677,681,739,854,855,904,911,948,949,1050,1118,1121,1214,1268,1287,1293,1294,1322,1430,1473,1474,1478,1481,1530,1674,1800,2109,2141,2179,2643,2661,2774,2777,2778,2818,2821,3263,3797,4538,4605,4606,4675,4889,4892,4895,4896,4898,4899,5214,5215,5216,5525,5722,5951,5952,6099,6355,
607;0;4609;4675;1;4,16,97,137,139,144,145,149,225,231,262,277,288,302,321,382,390,391,398,400,404,429,644,647,677,681,739,854,855,904,911,948,949,1050,1118,1121,1214,1268,1287,1293,1294,1322,1430,1473,1474,1478,1481,1530,1674,1800,2109,2141,2179,2643,2661,2774,2777,2778,2818,2821,3263,3797,4538,4605,4606,4675,4889,4892,4895,4896,4898,4899,5214,5215,5525,5722,5951,5952,6099,6355,
639;0;4675;4743;1;4,16,88,97,137,139,144,145,149,225,231,262,277,288,291,302,321,382,390,391,398,400,404,429,644,647,677,681,739,767,773,854,855,911,948,949,1050,1118,1121,1214,1268,1287,1293,1294,1322,1473,1474,1478,1481,1530,1674,1914,1915,2179,2643,2661,2668,2714,2774,2777,2778,2806,2898,2988,3263,3797,4093,4605,4606,4675,5525,5722,5951,5952,6098,6099,6355,7217,7423,8129,
112;0;4743;4779;1;4,16,24,27,38,61,72,88,97,137,139,144,145,149,189,225,231,262,277,280,288,291,302,321,382,390,391,398,400,404,429,491,644,647,677,681,739,767,854,855,911,948,949,1050,1089,1118,1121,1214,1268,1287,1293,1294,1322,1473,1474,1478,1481,1674,1915,1936,2179,2643,2661,2774,2777,2778,3263,3797,3888,4605,4606,4675,5056,5057,5058,5525,5722,5951,5952,6355,
112;1;4779;4815;1;38,97,137,139,144,145,149,225,260,262,273,288,290,291,321,382,390,398,400,404,429,644,647,677,739,854,855,875,911,921,1050,1118,1177,1236,1287,1293,1417,1469,1474,1478,1481,1501,1670,1674,1675,1749,1756,1973,2051,2179,2222,2432,2645,2661,2674,2695,2723,2774,2777,2778,3263,3284,3797,3920,4323,4511,4605,4606,4675,5206,5525,5722,5882,6347,6348,6349,6350,6351,6352,6353,
780;0;4815;4889;1;38,97,137,139,144,145,149,225,260,262,273,288,290,291,321,382,390,398,400,404,429,644,647,677,739,854,855,875,911,921,1050,1118,1177,1236,1287,1293,1417,1469,1474,1478,1481,1501,1670,1674,1675,1749,1756,1973,2051,2179,2222,2432,2645,2661,2674,2695,2774,2777,2778,3263,3797,3920,4605,4606,4675,5206,5525,5722,6347,6360,8219,8379,8380,8383,8384,8386,8387,8388,8389,8390,
106;0;4889;4893;1;38,97,100,137,139,144,145,149,225,262,273,288,290,291,299,321,343,376,382,390,395,398,400,404,429,644,647,677,682,715,739,854,855,875,911,921,1050,1118,1177,1236,1287,1293,1417,1445,1474,1478,1481,1501,1674,1675,1973,2179,2366,2645,2661,2687,2774,2777,2778,3263,3797,3920,4388,4605,4606,4675,5206,5525,5528,5537,5722,5723,5724,5725,5726,5727,5728,5729,6347,6360,
106;1;4893;4970;1;38,97,100,137,139,144,145,149,225,262,273,288,290,291,299,321,343,376,382,390,395,398,400,404,429,640,644,647,677,682,715,739,854,855,875,911,912,921,1050,1118,1177,1236,1287,1293,1417,1445,1474,1478,1481,1501,1674,1675,1763,1848,1973,2179,2366,2645,2661,2687,2774,2777,2778,3263,3435,3797,3920,4388,4605,4606,4675,5206,5525,5528,5722,5723,6234,6307,6347,6360,
643;0;4970;5053;1;95,97,139,145,225,291,329,390,395,398,401,640,677,854,1050,1052,1054,1118,1177,1287,1293,1358,1359,1360,1669,1751,1884,2134,2174,2179,2355,2419,2426,2600,2611,2635,2645,2653,2678,2679,2774,2914,2915,3263,3269,3598,3797,4210,4439,4459,4460,4478,4479,4480,4481,4568,4604,4605,4606,4612,4634,4675,4759,4800,5043,5206,5230,5528,5890,5891,5892,5893,5894,5895,5896,5897,5898,5899,5900,5901,
631;0;5053;5137;1;95,97,139,145,225,291,329,390,395,398,401,640,677,854,1050,1052,1054,1118,1177,1287,1293,1358,1359,1360,1669,1751,1884,2134,2174,2179,2355,2419,2426,2600,2611,2635,2645,2653,2678,2679,2774,2914,2915,3263,3269,3598,3797,4210,4439,4459,4460,4478,4479,4480,4481,4568,4604,4605,4606,4612,4634,4675,4759,4800,5043,5206,5230,5528,5890,5891,5892,5893,5894,5895,5896,5897,5898,5899,5900,5901,
552;0;5137;5227;1;95,97,139,145,225,291,329,390,395,398,401,640,677,854,1050,1052,1054,1118,1177,1287,1293,1358,1359,1360,1669,1751,1884,2134,2174,2179,2355,2419,2426,2600,2611,2635,2645,2653,2678,2679,2774,2914,2915,3263,3269,3598,3797,4210,4439,4459,4460,4478,4479,4480,4481,4568,4604,4605,4606,4612,4634,4675,4759,4800,5043,5206,5230,5528,5890,5891,5892,5893,5894,5895,5896,5897,5898,5899,5900,5901,
168;0;5227;5275;1;95,97,139,145,225,291,329,390,395,398,401,640,677,854,1050,1052,1054,1118,1177,1287,1293,1358,1359,1360,1669,1751,1884,2134,2174,2179,2355,2419,2426,2600,2611,2635,2645,2653,2678,2679,2774,2914,2915,3263,3269,3598,3797,4210,4439,4459,4460,4478,4479,4480,4481,4568,4604,4605,4606,4612,4634,4675,4759,4800,5043,5206,5230,5528,5890,5891,5892,5893,5894,5895,5896,5897,5898,5899,5900,5901,
168;1;5760;5806;1;95,97,139,145,198,225,291,329,390,395,398,401,410,457,640,677,854,1050,1052,1054,1118,1138,1177,1267,1269,1270,1272,1275,1279,1287,1292,1293,1295,1311,1358,1359,1360,1669,1751,1884,2134,2174,2179,2355,2419,2426,2600,2611,2635,2645,2653,2678,2679,2774,2914,2915,3015,3263,3269,3598,3988,4124,4604,4605,4606,4612,4675,4759,5146,5206,5825,5890,5891,5892,5894,5895,5898,5899,5901,6244,
685;0;5806;5902;1;95,97,139,144,145,198,225,291,314,329,390,395,398,401,410,457,640,677,854,1050,1052,1054,1095,1118,1138,1147,1178,1267,1270,1272,1279,1287,1292,1293,1295,1354,1358,1359,1360,1476,1480,1884,1920,2174,2179,2419,2611,2635,2645,2653,2678,2679,2774,2914,3015,3034,3263,3598,3630,3715,3988,4407,4553,4604,4605,4606,4612,4675,4759,5135,5206,5207,5890,5891,5892,5894,5895,5898,5899,5901,
241;0;5902;5921;1;95,97,139,144,145,198,225,290,291,314,329,390,395,398,410,429,640,677,824,1052,1054,1117,1118,1267,1270,1272,1279,1287,1292,1293,1358,1359,1884,2174,2179,2253,2322,2419,2611,2635,2645,2653,2678,2679,2774,2777,2778,2789,2816,2914,3015,3099,3111,3263,3598,3630,3988,4397,4604,4605,4606,4612,4759,4771,4855,5206,5890,5891,5892,5894,5895,5898,5899,5901,9121,9123,9124,9152,9153,9154,
241;1;5921;5999;1;95,97,139,144,145,198,225,251,290,291,314,329,390,395,398,410,429,520,640,677,728,824,1052,1054,1117,1118,1267,1270,1272,1279,1287,1292,1293,1358,1359,1884,2174,2179,2253,2322,2419,2611,2635,2645,2653,2678,2679,2774,2777,2778,2789,2816,2837,2914,3015,3099,3111,3263,3598,3630,3988,4397,4604,4605,4606,4612,4759,4771,4855,5206,5890,5891,5892,5894,5895,5898,5899,5901,9121,9123,
111;0;5999;6076;1;95,97,137,139,144,145,198,225,251,290,291,314,329,390,395,398,410,429,520,640,677,838,1036,1052,1054,1117,1118,1146,1267,1270,1272,1279,1287,1292,1293,1358,1359,1361,1376,1478,1884,2174,2179,2530,2611,2635,2645,2653,2678,2679,2774,2777,2778,2816,2914,3015,3263,3598,3630,3988,4430,4545,4604,4605,4606,4612,4759,4771,5206,5890,5891,5892,5894,5895,5898,5899,5901,6129,7408,8059,
111;1;6076;6098;1;95,97,137,139,144,145,198,225,290,291,314,329,390,395,398,410,429,458,640,677,739,838,1052,1054,1085,1087,1117,1118,1146,1267,1270,1272,1279,1287,1292,1293,1327,1358,1359,1478,1723,1884,2174,2179,2482,2483,2635,2645,2653,2678,2679,2774,2777,2778,2914,3015,3263,3598,3734,3778,3877,3988,4604,4605,4606,4612,4759,4771,5206,5890,5891,5892,5894,5895,5898,5899,5901,6129,7592,7593,
65;0;6098;6167;1;95,97,137,139,144,145,198,225,274,276,290,291,314,329,390,395,398,429,640,677,838,849,1052,1054,1117,1118,1146,1267,1270,1272,1279,1287,1292,1293,1358,1359,1374,1478,1759,1884,2174,2179,2635,2638,2645,2653,2678,2679,2774,2777,2778,2914,3015,3263,3527,3598,3988,4604,4605,4606,4612,4759,4771,4802,5206,5890,5891,5892,5894,5895,5898,5899,5901,6022,6129,7463,8449,8582,8583,8584,
65;1;6167;6200;1;95,97,137,139,144,145,198,225,234,267,268,272,273,287,305,329,390,395,398,429,640,838,892,912,1052,1054,1117,1118,1146,1166,1200,1267,1270,1272,1287,1292,1293,1359,1478,1493,1513,1728,1729,1812,1884,1973,2365,2371,2405,2645,2774,2778,2914,3000,3263,3436,3437,3438,3439,3440,3441,3442,3443,3444,3445,4604,4605,4606,4612,4759,5206,5890,5891,5892,5894,5895,5898,5899,5901,6129,
538;0;6200;6304;1;17,20,26,28,34,35,38,52,54,95,97,137,139,144,145,198,225,234,267,268,272,273,287,305,329,390,395,398,429,490,640,653,838,892,912,1052,1054,1117,1118,1146,1166,1200,1267,1270,1272,1287,1292,1293,1359,1478,1493,1513,1728,1729,1884,2326,2645,2774,2778,2914,3263,3717,4604,4605,4606,4612,4759,5206,5353,5474,5498,5890,5891,5892,5894,5895,5898,5899,5901,6129,
195;0;6304;6321;1;26,34,54,95,137,139,144,145,198,225,234,262,297,321,329,390,398,429,640,644,647,855,911,912,948,1052,1054,1069,1117,1118,1119,1146,1200,1267,1270,1272,1287,1292,1293,1359,1478,1668,1884,1916,1951,2364,2573,2645,2770,2774,2778,2914,3263,3267,3569,4604,4605,4606,4612,4759,4939,5206,5890,5891,5892,5894,5895,5898,5899,5901,6129,6366,6646,7022,7227,7605,8519,8520,8521,8522,
195;1;6321;6410;1;26,34,54,95,137,139,144,145,198,225,234,262,297,321,329,390,398,429,528,640,644,647,855,911,912,948,1052,1054,1069,1117,1118,1119,1146,1200,1267,1270,1272,1287,1288,1292,1293,1294,1322,1359,1478,1668,1778,1884,1916,1951,2239,2240,2241,2242,2364,2573,2645,2770,2774,2778,2914,3263,3267,3569,4604,4605,4606,4612,4759,5206,5890,5891,5892,5894,5895,5898,5899,5901,6129,6366,
623;0;6410;6519;1;26,95,117,137,144,145,225,231,247,262,288,292,321,329,377,390,397,429,647,839,901,1052,1118,1146,1170,1266,1267,1268,1270,1272,1276,1278,1287,1291,1292,1293,1308,1478,1809,1884,1915,1951,2091,2504,2573,2645,2774,2778,2779,3263,3435,3609,4604,4605,4606,4612,4721,4759,4761,5492,5665,5890,5891,5892,5894,5895,5898,5899,5901,6126,6128,6129,6361,6362,6363,6364,6365,6366,6367,6945,
771;0;6519;6630;1;26,95,117,137,144,145,225,231,247,262,288,292,321,329,377,390,397,429,647,839,901,1052,1118,1146,1170,1266,1267,1268,1270,1272,1276,1278,1287,1291,1292,1293,1308,1478,1809,1884,1915,1951,2091,2504,2573,2645,2774,2778,2779,3263,3435,3609,4604,4605,4606,4612,4721,4759,4761,5492,5665,5890,5891,5892,5894,5895,5898,5899,5901,6126,6128,6129,6361,6362,6363,6364,6365,6366,6367,6945,
57;0;6630;6666;1;26,95,117,137,144,145,225,231,247,262,288,292,321,329,377,390,397,429,647,839,901,1052,1118,1146,1170,1266,1267,1268,1270,1272,1276,1278,1287,1291,1292,1293,1308,1478,1809,1884,1915,1951,2091,2504,2573,2645,2774,2778,2779,3263,3435,3609,4604,4605,4606,4612,4721,4759,4761,5492,5665,5890,5891,5892,5894,5895,5898,5899,5901,6126,6128,6129,6361,6362,6363,6364,6365,6366,6367,6945,
57;1;7200;7277;1;26,95,117,137,144,145,225,231,247,262,288,292,321,329,377,390,397,429,647,839,901,1052,1118,1146,1170,1266,1267,1268,1270,1272,1276,1278,1287,1291,1292,1293,1308,1478,1809,1884,1915,1948,1949,1950,1951,1952,1953,1954,1955,1956,1957,1958,1959,1960,1961,1962,1963,1964,1965,1966,1967,1968,1969,2091,2504,2573,2645,2774,2778,2779,3263,3435,3609,4604,4605,4606,4612,4721,4759,4761,
219;0;7277;7299;1;26,95,117,137,144,145,225,231,247,262,288,292,321,329,377,390,397,429,647,839,901,1052,1118,1146,1170,1266,1267,1268,1270,1272,1276,1278,1287,1291,1292,1293,1308,1478,1809,1884,1915,1948,1949,1950,1951,1952,1953,1954,1955,1956,1957,1958,1959,1960,1961,1962,1963,1964,1965,1966,1967,1968,2091,2645,2774,2778,3263,3609,3665,4604,4605,4606,4612,5088,8702,8703,8704,8705,8706,8707,
219;1;7299;7393;1;26,56,95,117,137,144,145,225,231,247,262,288,292,321,329,377,390,397,429,647,839,901,1052,1118,1146,1170,1266,1267,1268,1270,1272,1276,1278,1287,1291,1292,1293,1308,1478,1809,1884,1915,1948,1949,1950,1951,1952,1953,1954,1955,1956,1957,1958,1959,1960,1961,1962,1963,1964,1965,1966,1967,1968,2091,2420,2645,2774,2778,3263,3609,3665,3786,3878,4604,4605,4606,4612,5088,8702,8703,
603;0;7393;7512;1;26,56,95,117,137,144,145,149,225,231,247,262,269,277,288,292,321,329,377,390,396,397,404,429,647,839,901,949,1052,1118,1146,1163,1170,1236,1266,1267,1268,1270,1272,1276,1278,1287,1291,1292,1293,1308,1378,1417,1473,1474,1478,1809,1884,1915,1948,1949,1950,1951,1952,1953,1954,2091,2223,2645,2649,2774,2778,3108,3263,3609,4604,4605,4606,4612,5088,5734,6263,6286,6287,6384,
78;0;7512;7572;1;4,26,56,95,117,137,144,145,149,225,231,247,262,269,277,288,292,301,306,321,329,377,390,391,392,396,397,404,405,429,647,839,901,949,1052,1118,1146,1163,1170,1236,1266,1267,1268,1270,1272,1276,1278,1287,1291,1292,1293,1308,1378,1417,1473,1474,1478,1620,1664,1809,1884,1915,2091,2223,2428,2645,2649,2774,2778,2820,3263,3609,4604,4605,4606,4612,5088,5588,5734,6384,
78;1;7572;7632;1;4,26,56,95,100,117,137,144,145,149,225,231,247,262,269,277,288,290,292,301,306,321,329,377,390,391,392,396,397,398,404,405,429,644,647,839,901,949,1052,1117,1118,1121,1146,1163,1170,1214,1236,1266,1268,1270,1287,1293,1474,1478,1809,1814,1884,1915,1978,2091,2223,2428,2645,2649,2716,2774,2778,3263,3387,3609,3920,4604,4605,4606,4612,5088,5206,5734,6347,6384,
509;0;7632;7755;1;4,26,56,95,100,117,137,144,145,149,225,231,247,262,269,277,288,290,292,301,306,321,329,377,390,391,392,396,397,398,404,405,429,644,647,839,901,949,1052,1117,1118,1121,1146,1163,1170,1214,1236,1266,1268,1270,1287,1293,1474,1478,1809,1814,1884,1915,1978,2091,2223,2428,2645,2649,2716,2774,2778,3263,3609,3686,4604,4605,4606,4612,5077,5088,5206,5963,6013,6085,
0;0;7755;7784;1;4,26,29,56,95,100,117,137,144,145,149,225,231,247,262,269,277,288,290,292,301,306,321,329,377,390,391,392,396,397,398,404,429,504,539,644,647,782,810,875,972,1118,1146,1163,1170,1236,1266,1268,1270,1287,1293,1474,1478,1549,1587,1809,1814,1884,1915,2091,2198,2199,2200,2201,2202,2223,2428,2645,2649,2774,2778,3263,3609,4604,4605,4606,4612,5088,5206,5963,
0;1;7784;7882;1;4,26,29,56,95,100,117,137,144,145,149,225,231,247,262,269,277,288,290,292,301,306,321,329,377,390,391,392,396,397,398,404,429,504,539,644,647,782,810,875,972,1118,1146,1163,1170,1236,1266,1268,1270,1287,1293,1474,1478,1549,1587,1809,1814,1884,1915,2091,2223,2428,2645,2649,2774,2778,3263,3609,3814,3819,3820,3821,3822,4604,4605,4606,4612,5088,5206,5963,
11;0;7882;7935;1;55,100,117,139,144,377,499,591,666,691,715,769,858,862,948,1268,1270,1280,1293,1405,1478,1481,1482,1483,1524,1897,2052,2151,2332,2468,2475,2492,2547,2649,2678,2693,2774,2775,2777,2778,2783,2827,2903,3212,3403,3447,3712,4365,4371,4435,4442,4468,4604,4606,5088,5392,5510,5525,5637,5722,5868,5951,5952,5963,5964,5984,6022,6311,6312,6313,6354,6355,6356,6357,6358,6359,6360,7889,7964,9017,
11;1;7935;8012;1;55,100,117,139,144,377,499,591,666,691,715,769,858,862,948,1268,1270,1280,1293,1405,1478,1481,1482,1483,1524,1897,2052,2151,2332,2468,2475,2492,2547,2649,2678,2693,2774,2775,2777,2778,2783,2827,2903,3212,3403,3447,3712,4365,4371,4435,4442,4468,4604,4606,5088,5392,5510,5525,5637,5722,5868,5951,5952,5963,5964,5984,6022,6311,6312,6313,6354,6355,6356,6357,6358,6359,6360,7889,7964,9017,
173;0;8012;8040;1;55,100,117,139,144,377,499,591,666,691,715,769,858,862,948,1268,1270,1280,1293,1405,1478,1481,1482,1483,1524,1897,2052,2151,2332,2468,2475,2492,2547,2649,2678,2693,2774,2775,2777,2778,2783,2827,2903,3212,3403,3447,3712,4365,4371,4435,4442,4468,4604,4606,5088,5392,5510,5525,5637,5722,5868,5951,5952,5963,5964,5984,6022,6311,6312,6313,6354,6355,6356,6357,6358,6359,6360,7889,7964,9017,
173;1;8040;8146;1;55,100,117,139,144,377,499,591,666,691,715,769,858,862,948,1268,1270,1280,1293,1405,1478,1481,1482,1483,1524,1897,2052,2151,2332,2468,2475,2492,2547,2649,2678,2693,2774,2775,2777,2778,2783,2827,2903,3212,3403,3447,3712,4365,4371,4435,4442,4468,4604,4606,5088,5392,5510,5525,5637,5722,5868,5951,5952,5963,5964,5984,6022,6311,6312,6313,6354,6355,6356,6357,6358,6359,6360,7889,7964,9017,
77;0;8146;8192;1;55,100,117,139,144,377,499,591,666,691,715,769,858,862,948,1268,1270,1280,1293,1405,1478,1481,1482,1483,1524,1897,2052,2151,2332,2468,2475,2492,2547,2649,2678,2693,2774,2775,2777,2778,2783,2827,2903,3212,3403,3447,3712,4365,4371,4435,4442,4468,4604,4606,5088,5392,5510,5525,5637,5722,5868,5951,5952,5963,5964,5984,6022,6311,6312,6313,6354,6355,6356,6357,6358,6359,6360,7889,7964,9017,
77;1;8192;8281;1;55,100,117,139,144,377,499,591,666,691,715,769,858,862,948,1268,1270,1280,1293,1405,1478,1481,1482,1483,1524,1897,2052,2151,2332,2468,2475,2492,2547,2649,2678,2693,2774,2775,2777,2778,2783,2827,2903,3212,3403,3447,3712,4365,4371,4435,4442,4468,4604,4606,5088,5392,5510,5525,5637,5722,5868,5951,5952,5963,5964,5984,6022,6311,6312,6313,6354,6355,6356,6357,6358,6359,6360,7889,7964,9017,
721;0;8281;8420;1;55,100,117,139,144,377,499,591,666,691,715,769,858,862,948,1268,1270,1280,1293,1405,1478,1481,1482,1483,1524,1897,2052,2151,2332,2468,2475,2492,2547,2649,2678,2693,2774,2775,2777,2778,2783,2827,2903,3212,3403,3447,3712,4365,4371,4435,4442,4468,4604,4606,5088,5392,5510,5525,5637,5722,5868,5951,5952,5963,5964,5984,6022,6311,6312,6313,6354,6355,6356,6357,6358,6359,6360,7889,7964,9017,
562;0;8420;8561;1;55,100,117,139,144,377,499,591,666,691,715,769,858,862,948,1268,1270,1280,1293,1405,1478,1481,1482,1483,1524,1897,2052,2151,2332,2468,2475,2492,2547,2649,2678,2693,2774,2775,2777,2778,2783,2827,2903,3212,3403,3447,3712,4365,4371,4435,4442,4468,4604,4606,5088,5392,5510,5525,5637,5722,5868,5951,5952,5963,5964,5984,6022,6311,6312,6313,6354,6355,6356,6357,6358,6359,6360,7889,7964,9017,
625;0;8640;8784;1;55,100,117,139,144,377,499,591,666,691,715,769,858,862,948,1268,1270,1273,1280,1293,1405,1478,1481,1482,1483,1524,1570,1897,2052,2089,2151,2332,2468,2475,2492,2547,2649,2678,2693,2774,2775,2777,2778,2783,2827,2903,2941,3212,3403,3447,3604,3712,3988,4263,4268,4365,4371,4435,4442,4468,4604,4606,5088,5392,5510,5525,5637,5722,5868,5951,5952,5963,5964,5984,6022,6311,6312,6313,6354,6355,
744;0;8784;8930;1;26,55,100,117,139,144,377,499,528,529,591,666,691,715,769,858,862,948,1266,1268,1270,1273,1280,1288,1293,1294,1322,1405,1478,1481,1482,1483,1524,1570,1897,2052,2089,2151,2240,2241,2242,2264,2332,2410,2468,2475,2492,2547,2649,2678,2693,2774,2775,2777,2778,2783,2827,2876,2903,2941,3212,3403,3447,3604,3702,3712,3988,4217,4604,4606,4624,5392,5510,5525,5637,5722,5868,6022,6312,6313,
27;0;8930;8981;1;26,55,100,117,139,144,377,499,528,529,591,666,691,715,769,858,862,948,1266,1268,1270,1273,1280,1288,1293,1294,1322,1339,1405,1478,1481,1482,1483,1524,1570,1897,2052,2089,2151,2240,2241,2242,2264,2332,2410,2468,2475,2492,2547,2649,2678,2693,2774,2775,2777,2778,2783,2827,2876,2903,2941,3212,3403,3447,3604,3702,3712,3988,4217,4604,4606,5392,5510,5525,5637,5722,5868,6022,6312,6313,
27;1;8981;9078;1;26,55,100,117,139,144,377,499,528,529,591,666,691,715,769,858,862,948,1266,1268,1270,1273,1280,1288,1293,1294,1322,1339,1405,1478,1481,1482,1483,1524,1570,1897,2052,2089,2151,2240,2241,2242,2264,2332,2410,2468,2475,2492,2547,2649,2678,2693,2774,2775,2777,2778,2783,2827,2876,2903,2941,3212,3403,3447,3604,3702,3712,3988,4604,4606,5392,5510,5525,5637,5722,5868,6022,6312,6313,8486,
739;0;9078;9228;1;26,55,100,117,139,144,152,377,426,499,528,529,567,591,666,691,715,769,858,862,948,1266,1268,1270,1273,1280,1288,1293,1294,1322,1339,1405,1478,1481,1482,1483,1524,1570,1572,1897,1940,2052,2089,2151,2179,2230,2240,2241,2242,2264,2332,2410,2468,2475,2678,2774,2775,2777,2778,2826,2903,2941,3403,3409,3606,3702,4604,4606,4672,5392,5510,5525,5637,5722,5868,5876,6022,6152,6312,6313,
792;0;9228;9384;1;24,26,74,95,100,142,144,241,293,343,368,390,393,398,429,591,644,647,694,715,772,849,858,1048,1051,1089,1145,1266,1268,1277,1288,1293,1358,1468,1481,1599,1604,1813,2223,2230,2678,2683,2774,2775,2777,2778,2941,3307,3627,3702,3979,4514,4604,4606,5392,5530,5594,5637,5795,5868,6225,7295,7296,7297,7299,7890,7891,7943,7950,8777,8778,9222,9223,9224,9225,9226,9227,9228,9229,9230,
536;0;9384;9542;1;24,26,74,95,100,142,144,241,293,343,368,390,393,398,429,591,644,647,694,715,772,849,858,1048,1051,1089,1145,1266,1268,1277,1288,1293,1358,1468,1481,1599,1604,1813,2223,2230,2678,2683,2774,2775,2777,2778,2941,3307,3627,3702,3979,4514,4604,4606,5392,5530,5594,5637,5795,5868,6225,7295,7296,7297,7299,7890,7891,7943,7950,8777,8778,9222,9223,9224,9225,9226,9227,9228,9229,9230,
688;0;9542;9702;1;24,26,74,95,100,142,144,241,293,343,368,390,393,398,429,591,644,647,694,715,772,849,858,1048,1051,1089,1145,1266,1268,1277,1288,1293,1358,1468,1481,1599,1604,1813,2223,2230,2678,2683,2774,2775,2777,2778,2941,3307,3627,3702,3979,4514,4604,4606,5392,5530,5594,5637,5795,5868,6225,7295,7296,7297,7299,7890,7891,7943,7950,8777,8778,9222,9223,9224,9225,9226,9227,9228,9229,9230,
96;0;9702;9813;1;24,26,74,95,100,142,144,241,293,343,368,390,393,398,429,591,644,647,694,715,772,849,858,1048,1051,1089,1145,1266,1268,1277,1288,1293,1358,1468,1481,1599,1604,1813,2223,2230,2678,2683,2774,2775,2777,2778,2941,3307,3627,3702,3979,4514,4604,4606,5392,5530,5594,5637,5795,5868,6225,7295,7296,7297,7299,7890,7891,7943,7950,8777,8778,9222,9223,9224,9225,9226,9227,9228,9229,9230,
96;1;9813;9864;1;24,26,74,95,100,142,144,241,293,343,368,390,393,398,429,591,644,647,694,715,772,849,858,1048,1051,1089,1145,1266,1268,1277,1288,1293,1358,1468,1481,1599,1604,1813,2223,2230,2678,2683,2774,2775,2777,2778,2941,3307,3627,3702,3979,4514,4604,4606,5392,5530,5594,5637,5795,5868,6225,7295,7296,7297,7299,7890,7891,7943,7950,8777,8778,9222,9223,9224,9225,9226,9227,9228,9229,9230,
678;0;9864;10028;1;24,26,74,95,100,142,144,241,293,343,368,390,393,398,429,591,644,647,694,715,772,849,858,1048,1051,1089,1145,1266,1268,1277,1288,1293,1358,1468,1481,1599,1604,1813,2223,2230,2678,2683,2774,2775,2777,2778,2941,3307,3627,3702,3979,4514,4604,4606,5392,5530,5594,5637,5795,5868,6225,7295,7296,7297,7299,7890,7891,7943,7950,8777,8778,9222,9223,9224,9225,9226,9227,9228,9229,9230,
Machine: 1
527;0;0;4;1;3,24,38,137,144,189,228,234,268,400,430,606,608,609,871,872,873,874,927,1062,1068,1095,1207,1347,1361,1378,1395,1406,1417,1456,1525,1671,1809,1913,2094,2337,2339,2531,2691,2715,2984,3111,3621,4031,4161,4425,4475,4553,4727,5067,5138,5140,5141,5144,5147,5149,5228,5323,5830,5951,5959,5966,5976,5992,6101,6107,6109,6113,6552,6556,6583,6729,7137,7683,8595,8596,8597,8598,8599,8600,
772;0;4;10;1;3,24,38,137,144,189,228,234,268,400,430,606,608,609,871,872,873,874,927,1062,1068,1095,1207,1347,1361,1378,1395,1406,1417,1456,1525,1671,1809,1913,2094,2337,2339,2531,2691,2715,2984,3111,3621,4031,4161,4425,4475,4553,4727,5067,5138,5140,5141,5144,5147,5149,5228,5323,5830,5951,5959,5966,5976,5992,6101,6107,6109,6113,6552,6556,6583,6729,7137,7683,8595,8596,8597,8598,8599,8600,
749;0;10;24;1;3,24,38,137,144,189,228,234,268,400,430,606,608,609,871,872,873,874,927,1062,1068,1095,1207,1347,1361,1378,1395,1406,1417,1456,1525,1671,1809,1913,2094,2337,2339,2531,2691,2715,2984,3111,3621,4031,4161,4425,4475,4553,4727,5067,5138,5140,5141,5144,5147,5149,5228,5323,5830,5951,5959,5966,5976,5992,6101,6107,6109,6113,6552,6556,6583,6729,7137,7683,8595,8596,8597,8598,8599,8600,
776;0;24;43;1;3,24,38,78,137,144,189,228,234,268,400,430,606,608,609,871,872,873,874,927,1062,1068,1095,1207,1347,1361,1378,1395,1406,1417,1456,1466,1525,1671,1809,1913,2094,2337,2339,2531,2691,2715,2984,3111,3621,4031,4161,4425,4475,4553,4727,5067,5138,5140,5141,5144,5147,5149,5228,5323,5830,5951,5959,5966,5976,5992,6101,6107,6109,6113,6552,6556,6583,6729,7137,7683,8595,8596,8597,8598,
242;0;43;63;1;3,24,28,38,39,78,137,144,189,198,228,234,268,400,427,430,503,606,608,609,632,724,871,872,873,874,875,927,979,1062,1068,1095,1207,1347,1361,1378,1395,1406,1417,1456,1466,1525,1580,1671,1809,1913,2094,2159,2163,2326,2337,2339,2531,2691,2715,2984,3111,3621,4031,4161,4425,4475,4553,4727,5067,5138,5140,5141,5144,5147,5149,5228,5323,5830,5951,5959,5966,5976,5992,6101,
242;1;63;67;1;3,24,28,38,39,78,137,144,189,198,228,234,268,400,427,430,439,503,606,608,609,632,724,871,872,873,874,875,911,927,979,1062,1068,1095,1207,1347,1361,1378,1395,1406,1417,1456,1466,1525,1580,1671,1809,1913,2094,2159,2163,2326,2337,2339,2428,2531,2691,2715,2984,3111,3289,3290,3621,4031,4161,4425,4475,4553,4727,5067,5138,5140,5141,5144,5147,5149,5228,5323,5830,5951,
672;0;67;97;1;3,24,28,38,39,78,137,144,189,198,228,234,268,400,427,430,439,503,606,608,609,632,724,871,872,873,874,875,911,927,979,1062,1068,1095,1207,1347,1361,1378,1395,1406,1417,1456,1466,1525,1580,1671,1809,1913,2094,2159,2163,2326,2337,2339,2428,2531,2691,2715,2943,2984,3111,3289,3290,3621,4031,4161,4425,4475,4553,4727,5067,5138,5140,5141,5144,5147,8559,9031,9032,9033,
701;0;97;129;1;3,24,28,38,39,78,137,144,189,198,225,226,228,234,268,288,329,399,400,427,430,439,503,606,608,609,632,724,871,872,873,874,875,911,927,979,1062,1068,1095,1207,1347,1361,1378,1395,1406,1417,1456,1466,1472,1476,1525,1580,1671,1809,1913,2094,2117,2159,2163,2326,2337,2339,2428,2531,2691,2715,2943,2984,3111,3289,3290,4553,4585,5140,5144,6411,6412,8559,9031,9032,
798;0;129;163;1;3,24,39,101,103,137,144,189,198,225,226,234,268,288,313,329,348,399,400,436,609,691,715,871,875,911,1062,1095,1207,1361,1472,1476,1481,1580,1671,1809,2337,2461,2498,2643,2690,3289,3745,3915,4553,4937,5140,5144,5296,5392,5525,5538,5637,5726,6026,6225,6334,7294,7295,7296,7297,7298,7299,7300,7301,7302,7303,7304,7305,7306,7307,7308,7309,7310,7311,7312,7313,7314,8559,9031,
617;0;163;203;1;3,24,27,39,101,103,137,144,189,198,225,226,234,268,288,313,329,348,399,400,407,436,609,691,715,871,875,911,1062,1095,1207,1268,1279,1361,1472,1476,1481,1580,1671,1809,2337,2461,2498,2643,2690,2767,2875,2941,3289,3745,3915,3986,3987,3988,3989,4553,4937,5140,5144,5296,5392,5525,5538,5637,5726,6026,6225,6334,7294,7295,7296,7297,7298,7299,7300,7301,7302,7308,8559,9031,
786;0;203;245;1;3,24,27,39,100,101,137,144,189,198,225,226,232,234,268,276,288,290,291,313,329,377,395,399,400,429,436,596,647,715,871,875,911,1054,1062,1095,1117,1118,1119,1207,1268,1279,1361,1472,1476,1481,1580,1671,1763,1809,1843,1919,2052,2337,2461,2690,2941,3289,3745,4088,4553,4834,4937,5011,5140,5144,5392,5511,5516,5525,5538,5589,5590,5637,6026,7296,7299,7308,8559,9031,
615;0;245;296;1;3,24,27,39,100,101,137,144,189,198,225,226,232,234,268,276,288,290,291,313,329,377,395,399,400,429,436,596,647,715,871,875,911,1054,1062,1095,1117,1118,1119,1207,1268,1279,1361,1472,1476,1479,1481,1580,1671,1763,1809,1843,1919,2052,2337,2461,2690,2941,3289,3745,4088,4553,4834,4937,5011,5140,5144,5247,5392,5511,5516,5525,5538,5637,6026,7296,7299,7308,8559,9031,
746;0;296;351;1;3,24,27,39,100,137,144,152,175,189,197,198,225,226,234,268,276,288,290,291,313,329,395,399,400,415,429,436,551,647,715,729,875,911,1062,1095,1117,1118,1207,1291,1341,1361,1472,1476,1481,1545,1580,1671,1777,1809,1843,2068,2148,2174,2233,2258,2337,2856,2873,2941,3289,3409,3802,3829,4060,4553,4864,4866,4868,4869,4871,4937,5144,5247,5525,5637,5779,5780,8559,9031,
246;0;351;392;1;3,19,24,25,27,34,39,42,50,51,54,100,137,144,152,175,189,197,198,225,226,234,268,276,288,290,291,313,329,395,399,400,415,429,436,551,647,715,729,875,911,1062,1095,1117,1118,1207,1291,1341,1361,1472,1476,1481,1545,1580,1671,1777,1809,1843,2068,2148,2174,2233,2258,2337,2856,2873,2941,3289,3348,3409,3802,4553,4908,4937,5144,5247,5525,5637,8559,9031,
246;1;392;412;1;3,19,24,25,27,34,39,42,50,51,54,100,137,144,152,175,189,197,198,225,226,234,268,276,288,290,291,313,329,395,399,400,415,429,436,551,647,715,729,875,911,1062,1095,1117,1118,1207,1361,1472,1476,1481,1580,1671,1809,1843,2337,2941,3289,3348,4406,4553,4937,5144,5247,5525,5637,8134,8135,8136,8137,8138,8139,8140,8141,8142,8143,8144,8145,8146,8559,9031,
513;0;412;475;1;3,19,24,25,27,34,39,54,100,136,137,144,145,149,152,189,198,225,226,234,241,262,268,269,276,277,288,290,291,313,321,329,395,399,400,415,429,436,551,647,715,875,911,1062,1093,1095,1117,1118,1207,1361,1472,1476,1478,1481,1580,1671,1809,1843,1920,1922,2053,2224,2321,2337,2941,3278,3289,3348,4406,4553,4937,5144,5247,5525,5637,6645,6971,8143,8559,9031,
785;0;475;541;1;3,19,24,25,27,34,39,54,100,136,137,139,144,145,149,152,189,198,225,226,234,241,262,268,276,277,288,290,291,313,321,329,395,399,400,404,415,429,436,551,647,715,911,948,1062,1093,1095,1117,1118,1207,1361,1472,1474,1476,1478,1481,1580,1671,1809,1843,1920,1922,2053,2224,2321,2337,2941,3278,3289,3348,4406,4553,4937,5144,5247,5525,5637,8143,8559,9031,
534;0;541;609;1;3,24,25,27,34,87,96,100,137,139,144,145,149,152,189,198,225,226,241,262,276,277,288,290,291,313,321,329,343,395,399,400,436,551,647,704,715,766,863,911,952,1093,1095,1118,1207,1361,1472,1476,1478,1481,1567,1580,1671,1809,1922,2053,2337,2628,2678,2692,2941,3278,3446,3532,4553,4748,4857,4937,5144,5230,5247,5379,5525,5637,6216,6217,6218,8143,8559,9031,
730;0;609;681;1;3,24,25,27,34,100,144,149,152,198,225,226,262,276,277,288,329,395,399,436,551,666,704,715,765,814,911,1093,1095,1118,1207,1352,1390,1476,1478,1481,1523,1580,1809,2053,2635,2653,2678,2721,2802,2803,2812,2941,3278,3527,3532,4553,4748,4857,4937,5247,5336,5525,5530,5633,5637,5722,5868,6024,6308,6309,6310,6311,6312,6313,6314,6315,6316,6317,6318,6319,6320,6321,6322,8143,
580;0;681;755;1;3,27,144,149,179,180,226,233,262,274,277,289,307,329,366,457,518,559,581,592,594,992,1039,1093,1396,1476,1481,1565,1657,1853,2179,2273,2645,2774,2775,2903,2941,3060,3278,3421,3422,3663,3679,3686,3690,3820,3831,4604,4628,4770,4857,5020,5082,5432,5487,5644,5995,6003,6004,6005,6006,6007,6008,6009,6010,6011,6012,6013,6058,6869,8143,8190,8194,8197,8198,8199,8200,8203,8204,8205,
561;0;755;832;1;3,27,144,149,179,180,226,233,262,274,277,289,307,329,366,457,518,559,581,592,594,992,1039,1093,1396,1476,1481,1565,1657,1853,2179,2273,2645,2774,2775,2903,2941,3060,3278,3421,3422,3663,3679,3686,3690,3820,3831,4604,4628,4770,4857,5020,5082,5432,5487,5644,5995,6003,6004,6005,6006,6007,6008,6009,6010,6011,6012,6013,6058,6869,8143,8190,8194,8197,8198,8199,8200,8203,8204,8205,
718;0;832;910;1;3,27,144,149,179,180,226,233,262,274,277,289,307,329,366,457,518,559,581,592,594,992,1039,1093,1396,1476,1481,1565,1657,1853,2179,2273,2645,2774,2775,2903,2941,3060,3278,3421,3422,3663,3679,3686,3690,3820,3831,4604,4628,4770,4857,5020,5082,5432,5487,5644,5995,6003,6004,6005,6006,6007,6008,6009,6010,6011,6012,6013,6058,6869,8143,8190,8194,8197,8198,8199,8200,8203,8204,8205,
5;0;910;1066;0;3,27,144,149,179,180,226,233,262,274,277,289,307,329,366,457,518,559,581,592,594,992,1039,1093,1396,1476,1481,1565,1657,1853,2179,2273,2645,2774,2775,2903,2941,3060,3278,3421,3422,3663,3679,3686,3690,3820,3831,4604,4628,4770,4857,5020,5082,5432,5487,5644,5995,6003,6004,6005,6006,6007,6008,6009,6010,6011,6012,6013,6058,6869,8143,8190,8194,8197,8198,8199,8200,8203,8204,8205,
5;1;1066;1221;0;3,27,144,149,179,180,226,233,262,274,277,289,307,329,366,457,518,559,581,592,594,992,1039,1093,1396,1476,1481,1565,1657,1853,2179,2273,2645,2774,2775,2903,2941,3060,3278,3421,3422,3663,3679,3686,3690,3820,3831,4604,4628,4770,4857,5020,5082,5432,5487,5644,5995,6003,6004,6005,6006,6007,6008,6009,6010,6011,6012,6013,6058,6869,8143,8190,8194,8197,8198,8199,8200,8203,8204,8205,
93;0;1221;1319;0;3,27,144,149,179,180,226,233,262,274,277,289,307,329,366,457,518,559,581,592,594,992,1039,1093,1396,1476,1481,1565,1657,1853,2179,2273,2645,2774,2775,2903,2941,3060,3278,3421,3422,3663,3679,3686,3690,3820,3831,4604,4628,4770,4857,5020,5082,5432,5487,5644,5995,6003,6004,6005,6006,6007,6008,6009,6010,6011,6012,6013,6058,6869,8143,8190,8194,8197,8198,8199,8200,8203,8204,8205,
93;1;1319;1471;0;3,27,144,149,179,180,226,233,262,274,277,289,307,329,366,457,518,559,581,592,594,992,1039,1093,1396,1476,1481,1565,1657,1853,2179,2273,2645,2774,2775,2903,2941,3060,3278,3421,3422,3663,3679,3686,3690,3820,3831,4604,4628,4770,4857,5020,5082,5432,5487,5644,5995,6003,6004,6005,6006,6007,6008,6009,6010,6011,6012,6013,6058,6869,8143,8190,8194,8197,8198,8199,8200,8203,8204,8205,
84;0;1471;1606;0;1,3,27,144,149,179,180,226,233,262,270,274,277,289,307,329,366,391,457,518,581,607,1069,1093,1204,1214,1473,1475,1476,1477,1481,1530,1565,1667,1803,1825,1853,2109,2134,2451,2645,2774,2775,2941,3108,3278,3679,3686,3690,4033,4535,4604,4628,4857,4891,4902,4925,4926,4927,4928,4929,4930,4931,4932,4933,4934,4935,4936,4937,4938,4939,5082,6004,6008,6009,6010,6012,6013,6869,8190,
84;1;1606;1715;0;1,3,27,144,146,149,179,180,226,233,262,270,274,277,289,307,329,366,391,457,518,581,607,704,1069,1093,1204,1214,1473,1475,1476,1477,1481,1530,1565,1667,1683,1803,1825,1853,2109,2134,2451,2489,2645,2774,2775,2941,3108,3278,3535,3536,3679,3686,3690,4033,4535,4604,4628,4857,4891,4902,4925,4926,4927,4928,4929,4930,4931,4932,4939,5082,6004,6008,6009,6010,6012,6013,6869,8190,
97;0;1715;1865;0;1,3,27,100,144,146,149,179,180,225,226,233,262,270,274,277,289,307,329,366,391,457,518,581,607,704,854,1069,1093,1118,1204,1214,1473,1475,1476,1477,1481,1530,1565,1667,1683,1803,1809,1825,1853,2109,2134,2451,2489,2645,2774,2775,2941,3108,3278,3535,3536,3679,3686,3690,4033,4535,4553,4604,4628,4857,4927,4929,4939,5082,5685,6004,6008,6009,6010,6012,6013,6869,8057,8190,
97;1;1865;1920;0;1,3,27,60,100,144,146,149,179,180,225,226,233,251,256,262,270,274,277,289,307,329,366,391,457,518,555,581,607,655,704,854,971,987,1069,1093,1118,1204,1214,1473,1475,1476,1477,1481,1530,1565,1580,1667,1803,1809,1853,2036,2109,2134,2645,2774,2775,2941,3278,3396,3679,3686,3690,4553,4604,4628,4857,4927,4929,4939,5082,6004,6008,6009,6010,6012,6013,6869,7831,8190,
41;0;1920;2017;0;1,3,27,60,100,126,144,146,149,179,180,198,225,226,233,251,256,262,270,274,277,289,307,329,366,391,457,472,518,555,581,607,655,704,854,971,987,1069,1093,1118,1204,1214,1473,1475,1476,1481,1565,1580,1667,1803,1809,1853,2109,2134,2146,2147,2645,2774,2775,2941,3278,3679,3686,3690,4553,4604,4628,4857,4927,4929,4939,5082,6004,6008,6009,6010,6012,6013,6869,8190,
41;1;2017;2106;0;1,3,27,60,100,126,144,146,149,179,180,198,225,226,233,251,256,262,270,277,289,329,366,391,436,457,518,581,704,854,987,1093,1095,1118,1214,1399,1473,1476,1481,1565,1580,1667,1803,1809,1853,2109,2134,2382,2645,2774,2775,2941,3278,3679,3686,3690,4553,4604,4628,4857,4927,4929,4939,4968,5082,5202,5397,5768,5926,5941,5942,5943,6004,6008,6009,6010,6012,6013,6869,8190,
58;0;2106;2212;0;95,100,144,149,225,276,366,391,457,704,768,838,843,862,1201,1207,1307,1476,1493,1513,1728,1729,1803,1973,2109,2134,2399,2400,2401,2405,2468,2499,2631,2651,2653,2676,2774,2775,3000,3152,3278,3436,3437,3438,3439,3440,3441,3442,3443,3532,4604,4611,4639,4641,4927,4929,4939,4994,4995,4996,4997,4998,4999,5000,5001,5002,5003,5004,5005,5006,5007,5008,5690,5691,5692,7804,8175,8190,8208,8425,
58;1;2212;2288;0;95,100,144,149,225,276,366,391,457,704,768,838,843,862,1201,1207,1307,1476,1493,1513,1728,1729,1803,1973,2109,2134,2399,2400,2401,2405,2468,2499,2631,2651,2653,2676,2774,2775,3000,3152,3278,3436,3437,3438,3439,3440,3441,3442,3443,3532,4604,4611,4639,4641,4927,4929,4939,4994,4995,4996,4997,4998,4999,5000,5001,5002,5003,5004,5005,5006,5007,5008,5690,5691,5692,7804,8175,8190,8208,8425,
63;0;2288;2316;0;95,100,144,149,225,276,366,391,457,704,768,838,843,862,1201,1207,1307,1476,1493,1513,1728,1729,1803,1973,2109,2134,2399,2400,2401,2405,2468,2499,2631,2651,2653,2676,2774,2775,3000,3152,3278,3436,3437,3438,3439,3440,3441,3442,3443,3532,4604,4611,4639,4641,4927,4929,4939,4994,4995,4996,4997,4998,4999,5000,5001,5002,5003,5004,5005,5006,5007,5008,5690,5691,5692,7804,8175,8190,8208,8425,
63;1;2316;2465;0;95,100,144,149,225,276,366,391,457,704,768,838,843,862,1201,1207,1307,1476,1493,1513,1728,1729,1803,1973,2109,2134,2399,2400,2401,2405,2468,2499,2631,2651,2653,2676,2774,2775,3000,3152,3278,3436,3437,3438,3439,3440,3441,3442,3443,3532,4604,4611,4639,4641,4927,4929,4939,4994,4995,4996,4997,4998,4999,5000,5001,5002,5003,5004,5005,5006,5007,5008,5690,5691,5692,7804,8175,8190,8208,8425,
117;0;2880;2925;0;25,26,34,55,61,95,100,144,149,225,276,366,391,457,509,551,704,768,778,838,843,862,1201,1207,1307,1476,1493,1513,1687,1728,1729,1803,1849,1973,2109,2134,2399,2400,2401,2405,2468,2499,2631,2651,2653,2676,2774,2775,3000,3152,3273,3278,3436,3437,3438,3439,3440,3441,3442,3443,3532,4604,4611,4639,4641,4927,4929,4939,4994,4995,4997,6424,6425,6426,6427,6428,6429,6430,6431,6432,
117;1;2925;3048;0;25,26,34,55,61,95,100,144,149,225,276,288,366,391,399,457,509,551,649,704,720,768,778,833,838,843,862,1201,1207,1233,1307,1398,1476,1478,1493,1513,1687,1728,1729,1803,1808,1849,1973,2053,2109,2134,2399,2405,2653,2676,2774,2775,2821,2822,2926,3278,4604,4677,4748,4832,4889,4927,4929,4939,4997,5236,5237,5238,5239,5240,5241,5242,5243,5244,5245,5246,5247,5248,5249,6428,
551;0;3048;3210;0;15,25,26,34,55,61,95,100,144,149,150,152,225,276,288,366,391,399,457,480,497,499,509,547,551,649,704,720,768,778,833,838,843,862,962,1201,1207,1233,1307,1398,1463,1476,1478,1493,1513,1541,1687,1728,1729,1803,1808,1849,1935,1973,2053,2109,2134,2399,2405,2653,2676,2774,2775,2821,2822,2860,2926,3278,3455,3456,3457,4604,4677,4748,4832,4889,4927,4929,4997,6428,
166;0;3210;3251;0;15,24,25,26,34,53,55,61,95,100,144,149,150,152,225,276,288,366,391,399,457,480,497,499,509,778,833,838,843,1201,1233,1266,1269,1324,1463,1476,1478,1513,1596,1783,1803,1906,1935,1973,2053,2109,2134,2153,2175,2405,2419,2479,2480,2481,2485,2653,2676,2774,2775,2821,2822,3269,3278,3306,3604,3605,3708,3767,3807,3841,4604,4677,4874,4997,5058,5112,5463,6428,7359,7945,
166;1;3251;3363;0;15,24,25,26,34,53,55,61,95,100,144,149,150,152,225,276,288,366,391,399,457,480,497,499,509,778,833,838,843,1201,1233,1266,1269,1324,1463,1476,1478,1513,1596,1783,1803,1906,1935,1973,2053,2109,2134,2153,2175,2405,2419,2479,2480,2481,2485,2653,2676,2774,2775,2821,2822,3269,3278,3306,3604,3605,3708,3767,3807,3841,4604,4677,4874,4997,5058,5112,5463,6428,9155,9156,
148;0;3363;3460;0;15,24,25,26,34,53,55,61,95,100,144,149,150,152,225,276,288,366,391,399,457,480,497,499,509,778,833,838,843,1201,1233,1266,1269,1324,1463,1476,1478,1513,1596,1783,1803,1906,1935,1973,2053,2109,2134,2153,2175,2405,2419,2479,2480,2481,2485,2653,2676,2774,2775,2821,2822,2851,2852,2853,2854,2855,3269,3278,3306,3604,3605,3708,3767,3807,3841,4604,4677,4874,4997,6428,
148;1;3460;3511;0;15,24,25,26,34,53,55,61,95,100,117,137,144,149,150,152,225,276,288,366,391,395,399,457,480,497,499,509,647,778,816,833,838,843,863,911,1049,1134,1201,1233,1266,1269,1324,1361,1463,1476,1478,1513,1671,1783,1803,1935,1973,2053,2091,2109,2134,2153,2337,2391,2405,2485,2653,2676,2695,2774,2775,2821,2822,2854,2855,3278,3604,3605,4604,4677,4997,6428,7655,7656,
39;0;3511;3550;0;15,24,25,26,34,53,55,61,95,100,117,137,144,149,150,152,225,276,288,335,337,366,391,395,399,457,480,497,499,509,647,778,816,833,838,843,863,911,1049,1134,1201,1233,1266,1269,1324,1361,1463,1476,1478,1513,1783,1803,1935,1973,2053,2091,2109,2134,2153,2337,2391,2405,2485,2548,2627,2653,2676,2774,2775,2821,2822,2854,2855,3278,3604,3605,4604,4677,4997,6428,
39;1;3550;3653;0;24,55,61,95,97,117,139,144,145,149,150,177,178,179,180,181,183,225,241,262,267,277,288,289,291,303,304,305,310,312,313,314,321,380,391,395,397,400,438,640,647,648,769,855,1050,1093,1118,1171,1201,1233,1361,1478,1803,1973,2091,2107,2153,2244,2774,2775,3278,4165,4604,5144,5153,5154,5155,6342,8551,8559,9031,9041,9131,9137,9138,9139,9140,9141,9142,9143,
762;0;3653;3784;0;24,55,61,95,97,117,139,144,145,149,150,177,178,179,180,181,183,225,241,262,267,277,288,289,291,303,304,305,310,312,313,314,321,380,391,395,397,400,438,640,647,648,769,855,1050,1093,1118,1171,1201,1233,1361,1478,1803,1973,2091,2107,2153,2244,2774,2775,3278,4165,4604,5144,5153,5154,5155,6342,8551,8559,9031,9041,9131,9137,9138,9139,9140,9141,9142,9143,
511;0;3784;3905;0;24,55,61,95,97,117,139,144,145,149,150,177,178,179,180,181,183,225,241,262,267,277,288,289,291,303,304,305,310,312,313,314,321,380,391,395,397,400,438,640,647,648,769,855,1050,1093,1118,1171,1201,1233,1361,1478,1803,1973,2091,2107,2153,2244,2774,2775,3278,4165,4604,5144,5153,5154,5155,6342,8551,8559,9031,9041,9131,9137,9138,9139,9140,9141,9142,9143,
540;0;3905;4014;0;24,55,61,95,97,117,139,144,145,149,150,177,178,179,180,181,183,225,241,262,267,277,288,289,291,303,304,305,310,312,313,314,321,380,391,395,397,400,438,640,647,648,769,855,1050,1093,1118,1171,1201,1233,1361,1478,1803,1973,2091,2107,2153,2244,2774,2775,3278,4165,4604,5144,5153,5154,5155,6342,8551,8559,9031,9041,9131,9137,9138,9139,9140,9141,9142,9143,
735;0;4014;4118;0;24,55,61,95,97,117,139,144,145,149,150,177,178,179,180,181,183,225,241,262,267,277,288,289,291,303,304,305,310,312,313,314,321,380,391,395,397,400,438,640,647,648,769,855,1050,1093,1118,1171,1201,1233,1361,1478,1803,1973,2091,2107,2153,2244,2774,2775,3278,4165,4604,5144,5153,5154,5155,6342,8551,8559,9031,9041,9131,9137,9138,9139,9140,9141,9142,9143,
535;0;4320;4409;0;24,55,61,95,97,117,139,144,145,149,150,177,178,179,180,181,183,225,241,262,267,277,288,289,291,303,304,305,310,321,395,397,400,438,640,647,855,1050,1093,1118,1171,1201,1233,1361,1478,1973,2091,2107,2153,2244,2774,2775,2776,2779,2812,2947,4052,4604,4740,4781,4853,5757,5809,6570,6571,6572,6573,6574,6575,6576,6577,6578,6579,6580,6581,6582,8551,8559,9031,9137,
550;0;4409;4475;0;24,55,61,95,97,117,139,144,145,149,150,177,178,179,180,181,183,225,241,262,267,277,288,289,291,303,304,305,310,321,395,397,400,438,640,644,647,765,855,1050,1093,1118,1171,1201,1233,1361,1478,1539,1837,1973,2091,2107,2153,2244,2628,2774,2775,2778,3263,4603,4604,4612,4613,4617,4761,4853,5229,5270,5406,5873,6749,6750,6751,6752,6753,6754,8551,8559,9031,9137,
704;0;4475;4535;0;24,55,61,95,97,117,139,144,145,149,150,177,178,179,180,181,183,225,231,241,262,267,277,288,289,290,291,303,304,305,310,321,395,397,400,438,640,644,647,765,855,1050,1093,1118,1171,1201,1233,1361,1478,1539,1837,1973,2091,2107,2153,2244,2370,2628,2645,2774,2775,2778,3099,3263,4603,4604,4612,4613,4617,4761,4853,4946,5229,5270,5340,5406,8551,8559,9031,9137,
500;0;4535;4594;0;24,55,61,95,97,117,139,144,145,149,150,177,178,179,183,225,231,241,262,267,277,288,289,291,292,305,321,395,397,400,640,644,647,765,855,1050,1093,1118,1171,1201,1233,1361,1478,1674,1915,1922,1973,2091,2106,2107,2153,2244,2628,2642,2645,2677,2678,2679,2689,2696,2774,2775,2777,2778,2803,2804,2808,3013,3263,3447,4373,4604,4612,4773,4853,5052,5499,6767,8551,8559,
767;0;4594;4646;0;24,55,61,95,97,117,139,144,145,149,150,177,178,179,183,189,225,231,241,262,267,277,288,289,305,321,395,397,400,528,640,644,647,765,814,855,1050,1093,1118,1171,1233,1293,1322,1361,1390,1478,1510,1573,1973,2091,2106,2107,2153,2244,2628,2642,2645,2677,2678,2679,2689,2774,2775,2777,2778,2806,3263,3447,3849,3850,3851,3852,3853,3854,4604,4612,4853,5052,8551,8559,
598;0;4646;4690;0;2,4,24,55,61,95,97,117,139,144,145,148,149,150,225,231,241,262,267,277,288,289,300,321,393,395,397,400,401,528,640,644,647,765,855,1050,1051,1052,1093,1118,1133,1150,1232,1233,1293,1322,1361,1390,1478,1604,1801,1806,1809,1973,2091,2106,2107,2244,2355,2628,2642,2645,2677,2678,2679,2689,2774,2775,2777,2778,2817,2818,3263,3447,4604,4612,4853,5052,8551,8559,
690;0;4690;4711;0;2,4,24,55,61,95,97,117,139,144,145,148,149,150,225,231,241,262,267,277,288,289,300,321,339,393,395,397,400,401,528,640,644,647,765,855,1050,1051,1052,1093,1118,1133,1146,1150,1232,1293,1322,1361,1390,1478,1604,1801,1806,1809,1973,2091,2106,2107,2244,2628,2642,2645,2677,2678,2679,2689,2774,2775,2777,2778,2817,2818,3263,3447,4604,4612,4853,5052,8551,8559,
128;0;4711;4780;1;2,24,55,61,95,97,117,139,144,145,148,149,150,196,225,231,241,262,267,277,288,289,321,395,397,400,516,528,640,644,647,765,855,1047,1051,1052,1093,1118,1146,1157,1196,1293,1322,1361,1390,1478,1604,1801,1806,1809,1973,1988,2091,2106,2107,2244,2412,2413,2414,2628,2642,2645,2677,2678,2679,2689,2774,2775,2777,2778,2817,2818,3263,3447,4604,4612,4853,5052,8551,8559,
128;1;4780;4792;1;24,55,61,95,117,139,144,145,148,149,196,225,231,241,262,267,277,288,289,321,342,390,395,397,400,402,528,640,644,647,765,855,892,1052,1056,1057,1062,1118,1146,1293,1322,1361,1390,1472,1474,1478,1604,1801,1806,1843,1933,1973,2102,2103,2104,2105,2106,2107,2413,2628,2642,2645,2677,2678,2679,2689,2774,2775,2777,2778,2817,2818,3263,3447,4604,4612,4853,5052,8551,8559,
55;0;4792;4797;1;24,55,61,95,117,139,144,145,148,149,196,225,231,241,262,267,277,288,289,321,342,390,395,397,400,402,429,528,640,644,647,765,855,892,1052,1056,1057,1062,1117,1118,1146,1293,1322,1361,1390,1472,1474,1478,1481,1604,1801,1806,1814,1973,2106,2413,2628,2642,2645,2677,2678,2679,2689,2774,2775,2777,2778,2817,2818,3263,3447,3920,4604,4612,4853,5052,5706,7338,8551,8559,
55;1;4797;4875;1;24,55,61,95,117,139,144,145,148,149,196,225,231,262,267,277,288,289,321,390,395,397,400,429,528,640,644,647,765,855,1052,1056,1057,1117,1118,1146,1293,1322,1361,1390,1472,1474,1478,1481,1604,1801,1806,1814,1973,2413,2628,2642,2645,2677,2678,2679,2689,2774,2775,2777,2778,2817,2818,3263,3447,4604,4612,4853,5052,8551,8555,8557,8558,8559,8560,8561,8562,8563,8564,8565,
684;0;4875;4959;1;24,55,61,95,117,139,144,145,148,149,196,225,231,262,267,277,288,289,321,390,395,397,400,429,528,640,644,647,765,855,1052,1056,1057,1117,1118,1146,1293,1322,1361,1390,1472,1474,1478,1481,1604,1801,1806,1814,1973,2413,2628,2642,2645,2677,2678,2679,2689,2774,2775,2777,2778,2817,2818,3263,3289,3447,4604,4612,4853,5052,8014,8170,8171,8174,8429,8431,8557,9098,9099,9100,
752;0;4959;5047;1;24,60,61,95,117,139,144,145,148,225,229,231,234,240,243,245,266,267,268,272,273,277,286,288,289,321,351,390,395,397,400,429,581,640,647,765,855,1052,1056,1057,1117,1118,1146,1172,1210,1214,1322,1361,1478,1481,1604,1668,1756,1801,1806,1814,1973,2259,2413,2432,2645,2678,2679,2774,2775,2777,2778,2817,2818,3263,3286,3447,4604,4612,4853,4859,5052,5371,5372,5373,
649;0;5047;5137;1;24,60,61,95,117,139,144,145,148,225,229,231,234,240,243,245,266,267,268,272,273,277,286,288,289,321,351,390,395,397,400,429,581,640,647,765,855,1052,1056,1057,1117,1118,1146,1172,1210,1214,1322,1361,1478,1481,1604,1668,1756,1801,1806,1814,1973,2259,2413,2432,2645,2678,2679,2774,2775,2777,2778,2817,2818,3263,3286,3447,4604,4612,4853,4859,5052,5371,5372,5373,
726;0;5760;5854;1;3,24,60,61,95,117,139,144,145,148,225,226,230,277,321,329,351,379,390,395,397,400,640,647,694,854,855,1056,1060,1117,1118,1146,1147,1360,1361,1375,1428,1478,1481,1604,1669,1675,1762,1801,1806,1814,1944,1973,2224,2321,2645,2678,2774,2775,2777,2778,2781,2817,2818,2891,3037,3263,3279,3284,3744,4533,4545,4553,4612,5052,5185,7575,8449,8739,8740,8741,8742,8743,8744,8745,
180;0;5854;5914;1;3,24,60,61,95,117,139,144,145,148,225,226,230,277,321,329,351,379,390,395,397,400,640,647,694,854,855,1056,1060,1117,1118,1146,1147,1360,1361,1375,1428,1478,1481,1604,1669,1675,1762,1801,1806,1814,1944,1973,2224,2321,2645,2678,2774,2775,2777,2778,2781,2817,2818,2891,3037,3263,3279,3284,3539,3744,4533,4545,4553,4612,5052,5185,7575,8449,8739,8740,8741,8742,8743,8744,
180;1;5914;5950;1;3,24,60,61,95,117,139,144,145,148,225,226,230,277,321,329,351,379,390,395,397,400,640,647,694,854,855,887,1056,1060,1117,1118,1146,1147,1287,1360,1361,1375,1428,1478,1481,1604,1669,1675,1762,1801,1806,1814,1944,1973,2221,2224,2264,2279,2321,2645,2678,2774,2775,2777,2778,2781,2817,2818,2891,2934,3005,3037,3263,3870,4533,4545,4553,4612,5052,6869,7971,8332,8523,9074,
18;0;5950;6044;1;3,24,60,61,95,117,139,144,145,148,225,226,230,277,321,329,351,379,390,395,397,400,640,647,694,854,855,887,1056,1060,1117,1118,1146,1147,1287,1360,1361,1375,1428,1478,1481,1497,1551,1552,1553,1555,1556,1557,1604,1669,1675,1762,1801,1806,1814,1944,1973,2221,2224,2264,2279,2321,2645,2678,2774,2775,2777,2778,2781,2817,2818,3037,3129,3263,3870,4533,4545,4553,4612,5052,
18;1;6044;6048;1;3,24,60,61,95,117,139,144,145,148,225,226,230,251,277,321,329,351,379,390,395,397,400,640,647,694,854,855,887,1056,1060,1117,1118,1146,1147,1270,1287,1360,1361,1375,1428,1478,1481,1497,1551,1552,1553,1555,1556,1557,1604,1669,1675,1762,1801,1806,1814,1944,1973,2221,2263,2264,2279,2645,2678,2774,2775,2777,2778,2817,2818,2846,3037,3263,3870,4533,4545,4553,4612,5052,
586;0;6048;6147;1;3,15,16,19,22,24,25,34,39,44,60,61,95,117,139,144,145,148,225,226,230,251,277,321,329,351,379,390,395,397,400,421,640,647,694,854,855,887,1056,1060,1117,1118,1146,1147,1179,1247,1261,1270,1287,1360,1478,1481,1556,1604,1606,1650,1669,1675,1801,1806,1814,1973,2264,2279,2645,2678,2774,2775,2777,2778,2817,2818,3037,3263,3870,4533,4545,4553,4612,5052,
519;0;6147;6250;1;3,15,16,24,25,34,39,44,60,61,95,117,139,144,145,148,225,226,251,277,321,329,351,379,390,395,397,400,640,647,694,772,854,855,1056,1117,1118,1146,1147,1270,1287,1360,1478,1481,1556,1604,1669,1675,1801,1806,1814,1973,2264,2279,2645,2678,2690,2774,2775,2777,2778,2817,2818,2955,3037,3263,3870,4533,4545,4553,4612,5052,5484,5525,5634,5722,5869,6024,6099,6173,
518;0;6250;6356;1;1,3,15,24,25,34,39,44,60,61,95,117,139,144,145,148,225,226,251,277,321,329,351,379,390,395,397,400,640,647,772,855,1056,1117,1118,1146,1270,1287,1360,1478,1481,1604,1669,1675,1799,1801,1806,1814,1973,2264,2279,2645,2678,2690,2774,2775,2777,2778,2814,2815,2816,2817,2818,2819,2820,2821,2822,3037,3263,4533,4545,4612,5052,5484,5525,5634,5722,5869,6024,6099,
530;0;6356;6467;1;1,3,15,24,25,34,39,44,60,61,95,117,137,139,144,145,148,225,226,251,277,321,329,351,379,390,395,396,397,400,640,647,772,855,1056,1117,1118,1146,1270,1287,1360,1478,1481,1604,1669,1675,1814,1973,2264,2279,2645,2678,2690,2774,2775,2777,2778,2802,3037,3263,4533,4545,4605,4606,4612,4628,4775,5052,5484,5525,5634,5722,5869,6024,6099,6841,8007,8008,8009,8010,
236;0;6467;6576;1;3,15,24,60,95,100,137,139,144,145,225,277,298,321,379,390,395,400,617,618,647,666,715,827,833,836,855,947,948,1136,1146,1478,1481,1599,2318,2346,2347,2625,2626,2635,2653,2661,2678,2690,2778,3147,4449,4552,4632,4650,5336,5350,5525,5530,5531,5538,5637,5722,5868,5874,5875,6022,6023,6026,6309,6310,6564,6594,6595,6596,6597,6598,6599,6600,6601,6602,7713,7716,7720,7721,
236;1;6576;6581;1;3,15,24,60,95,100,137,139,144,145,225,277,298,321,379,390,395,400,617,618,647,666,715,827,833,836,855,947,948,1136,1146,1478,1481,1599,2318,2346,2347,2625,2626,2635,2653,2661,2678,2690,2778,3147,4449,4552,4632,4650,5336,5350,5525,5530,5531,5538,5637,5722,5868,5874,5875,6022,6023,6026,6309,6310,6564,6594,6595,6596,6597,6598,6599,6600,6601,6602,7713,7716,7720,7721,
532;0;6581;6699;1;3,15,24,60,95,100,137,139,144,145,225,277,298,321,379,390,395,400,617,618,647,666,715,827,833,836,855,947,948,1136,1146,1478,1481,1599,2318,2346,2347,2625,2626,2635,2653,2661,2678,2690,2778,3147,4449,4552,4632,4650,5336,5350,5525,5530,5531,5538,5637,5722,5868,5874,5875,6022,6023,6026,6309,6310,6564,6594,6595,6596,6597,6598,6599,6600,6601,6602,7713,7716,7720,7721,
150;0;7200;7289;1;3,15,24,54,60,95,100,137,139,144,145,225,277,298,321,379,390,395,400,617,618,647,666,715,827,833,836,855,871,947,948,1136,1146,1478,1481,1599,2062,2063,2318,2346,2347,2625,2626,2635,2653,2661,2678,2690,2778,3147,3345,3346,4313,4314,4315,4316,4317,4318,4449,4552,4632,4650,5336,5350,5525,5530,5531,5538,5637,5722,5868,5874,5875,6022,6023,6026,6309,6310,6564,6594,
150;1;7289;7320;1;3,15,24,54,60,95,100,137,139,144,145,225,277,298,321,379,390,395,400,617,618,647,666,715,827,833,836,855,871,947,948,1045,1136,1146,1478,1481,1599,2062,2063,2318,2346,2347,2625,2626,2635,2653,2661,2678,2690,2778,3147,3345,3346,4313,4314,4315,4316,4317,4318,4449,4552,4632,4650,5336,5350,5525,5530,5531,5538,5637,5722,5868,5874,5875,6022,6023,6026,6309,6310,6564,
577;0;7320;7444;1;3,15,24,54,60,95,100,137,139,144,145,225,277,298,321,379,390,395,400,429,617,618,647,666,715,827,833,836,855,871,947,948,1045,1136,1146,1363,1478,1481,1599,2062,2063,2318,2346,2347,2381,2625,2626,2635,2653,2661,2678,2690,2778,2824,3147,3345,3346,4313,4314,4315,4316,4317,4318,4449,4552,4632,4650,5336,5350,5525,5530,5531,5538,5637,5722,5868,5874,5875,6022,6026,
100;0;7444;7481;1;3,15,24,54,60,95,100,137,139,144,145,225,245,277,289,298,321,379,390,395,400,429,617,618,647,666,715,827,833,836,855,871,898,921,922,947,948,1045,1052,1058,1136,1146,1362,1363,1478,1481,1599,1669,1918,2062,2063,2318,2346,2347,2381,2625,2626,2635,2653,2661,2678,2690,2723,2778,2824,3147,3250,3345,3346,4088,4313,5525,5530,5531,5538,5637,5722,6022,6026,6263,
100;1;7481;7572;1;3,15,17,24,54,60,95,100,137,139,144,145,202,225,245,277,289,298,321,379,390,395,400,429,479,504,617,618,647,666,715,827,833,836,855,871,898,921,922,947,948,1045,1052,1058,1136,1143,1146,1362,1363,1463,1478,1481,1558,1599,1669,1918,2062,2318,2346,2347,2381,2413,2625,2626,2661,2678,2778,2836,2876,2941,2942,4283,5525,5530,5531,5538,5637,5722,6022,6026,
671;0;7572;7706;1;3,15,17,24,54,60,95,100,137,139,144,145,202,225,245,277,289,298,321,379,390,395,400,429,479,504,617,618,647,666,715,827,833,836,855,871,898,921,922,947,948,1045,1052,1058,1136,1143,1146,1362,1363,1463,1478,1481,1558,1599,1669,1918,2318,2346,2347,2381,2625,2626,2661,2678,2778,2836,2941,5525,5530,5531,5538,5637,5722,6022,6026,8484,8498,8499,8500,8501,
539;0;7706;7841;1;3,15,17,24,54,60,95,100,137,139,144,145,202,225,245,277,289,298,321,351,379,390,395,400,429,479,504,591,647,666,677,715,765,836,855,947,948,1146,1363,1478,1481,1558,2318,2346,2347,2381,2625,2626,2627,2645,2661,2678,2679,2774,2775,2778,2836,2941,3447,4332,4600,4604,4627,4852,4853,4854,4855,4856,4857,4858,4859,4860,5525,5530,5531,5538,5637,5722,6022,6026,
667;0;7841;7978;1;26,100,137,143,144,196,202,210,245,247,248,491,497,528,591,630,634,645,666,715,1057,1063,1267,1269,1273,1281,1284,1286,1287,1288,1293,1294,1295,1304,1322,1476,1481,1558,1582,1778,1783,1784,1895,2052,2128,2216,2241,2264,2279,2471,2485,2537,2622,2626,2645,2677,2678,2924,2941,3045,3353,3603,3604,3605,3606,3612,3700,3774,4472,4620,5105,5122,5123,5525,5741,5749,6448,6720,6965,8797,
756;0;7978;8117;1;26,100,137,143,144,196,202,210,245,247,248,491,497,528,591,630,634,645,666,715,1057,1063,1267,1269,1273,1281,1284,1286,1287,1288,1293,1294,1295,1304,1322,1476,1481,1558,1582,1778,1783,1784,1895,2052,2128,2216,2241,2264,2279,2471,2485,2537,2622,2626,2645,2677,2678,2924,2941,3045,3353,3603,3604,3605,3606,3612,3700,3774,4472,4620,5105,5122,5123,5525,5741,5749,6448,6720,6965,8797,
661;0;8117;8261;1;26,100,137,143,144,196,202,210,245,247,248,491,497,528,591,630,634,645,666,715,1057,1063,1267,1269,1273,1281,1284,1286,1287,1288,1293,1294,1295,1304,1322,1476,1481,1558,1582,1778,1783,1784,1895,2052,2128,2216,2241,2264,2279,2471,2485,2537,2622,2626,2645,2677,2678,2924,2941,3045,3353,3603,3604,3605,3606,3612,3700,3774,4472,4620,5105,5122,5123,5525,5741,5749,6448,6720,6965,8797,
541;0;8261;8408;1;26,100,137,143,144,196,202,210,245,247,248,491,497,528,591,630,634,645,666,715,1057,1063,1267,1269,1273,1281,1284,1286,1287,1288,1293,1294,1295,1304,1322,1476,1481,1558,1582,1778,1783,1784,1895,2052,2128,2216,2241,2264,2279,2471,2485,2537,2622,2626,2645,2677,2678,2924,2941,3045,3353,3603,3604,3605,3606,3612,3700,3774,4472,4620,5105,5122,5123,5525,5741,5749,6448,6720,6965,8797,
134;0;8408;8498;1;26,100,137,143,144,196,202,210,245,247,248,491,497,528,591,630,634,645,666,715,1057,1063,1267,1269,1273,1281,1284,1286,1287,1288,1293,1294,1295,1304,1322,1476,1481,1558,1582,1778,1783,1784,1895,2052,2128,2216,2241,2264,2279,2471,2485,2537,2622,2626,2645,2677,2678,2924,2941,3045,3353,3603,3604,3605,3606,3612,3700,3774,4472,4620,5105,5122,5123,5525,5741,5749,6448,6720,6965,8797,
134;1;8498;8558;1;26,100,137,143,144,196,202,210,245,247,248,491,497,528,591,630,634,645,666,715,1057,1063,1267,1269,1273,1281,1284,1286,1287,1288,1293,1294,1295,1304,1322,1476,1481,1558,1582,1778,1783,1784,1895,2052,2128,2216,2241,2264,2279,2471,2485,2537,2622,2626,2645,2677,2678,2924,2941,3045,3353,3603,3604,3605,3606,3612,3700,3774,4472,4620,5105,5122,5123,5525,5741,5749,6448,6720,6965,8797,
522;0;8640;8795;1;26,100,117,137,143,144,196,210,245,343,491,528,591,666,677,715,850,1043,1063,1269,1284,1288,1293,1294,1295,1322,1365,1390,1450,1476,1481,1529,1895,1972,2052,2094,2128,2318,2337,2339,2626,2627,2628,2645,2663,2677,2678,2689,2708,2951,3161,3752,4447,5140,5525,5526,5527,5528,5529,5530,5531,5532,5533,5534,5535,5536,5537,5538,5539,5540,5541,5542,5543,5544,5545,5546,5547,5548,5549,5550,
722;0;8795;8952;1;18,26,34,44,46,55,57,59,100,117,128,137,143,144,196,198,210,245,343,371,413,415,427,491,496,528,591,666,677,715,757,850,1013,1043,1063,1269,1284,1288,1293,1294,1295,1322,1365,1390,1476,1481,1565,1652,1895,2034,2035,2071,2074,2128,2318,2395,2396,2611,2626,2663,2677,2689,2979,3006,3161,3867,3902,4074,5405,5474,5525,5708,5927,5928,5929,5930,5931,5932,5933,5934,
194;0;8952;8956;1;18,26,34,44,46,55,57,59,100,117,128,137,143,144,196,198,210,245,343,371,413,415,427,430,491,496,528,591,644,666,677,715,757,850,1013,1043,1063,1269,1284,1288,1293,1294,1295,1322,1365,1390,1476,1481,1565,1652,1895,2034,2035,2071,2074,2128,2318,2395,2396,2405,2611,2626,2663,2674,2676,2677,2689,2979,3006,3069,3161,3867,3902,4074,5405,5474,5525,5708,5927,5928,
194;1;8956;9111;1;18,26,34,44,46,55,57,59,100,117,128,137,143,144,187,196,198,210,245,343,371,413,415,427,430,490,491,496,528,591,644,666,677,715,757,850,1013,1043,1063,1269,1284,1288,1293,1294,1295,1322,1365,1390,1476,1481,1565,1652,1895,2034,2035,2071,2074,2128,2318,2395,2396,2405,2611,2626,2663,2674,2676,2677,2689,2979,3006,3069,3161,3867,3902,4074,5405,5474,5525,5708,
677;0;9111;9271;1;18,26,34,44,46,55,57,59,100,117,128,137,143,144,187,196,198,210,245,343,371,413,415,427,430,490,491,496,528,591,644,666,677,715,757,765,772,836,850,1013,1043,1063,1269,1284,1288,1293,1294,1295,1322,1365,1476,1481,1895,2128,2318,2346,2347,2405,2461,2626,2657,2663,2677,2689,3161,4376,5392,5484,5485,5525,5634,5637,5722,5869,6022,6024,6026,7099,7736,7737,
724;0;9271;9432;1;26,61,95,100,139,144,145,149,210,225,226,231,233,262,277,321,329,377,390,394,400,404,429,430,528,591,640,715,948,1063,1117,1121,1146,1268,1269,1270,1279,1280,1293,1322,1359,1363,1419,1424,1474,1476,1478,1480,1521,1675,1680,1913,1973,1978,2381,2405,2613,2657,2663,2994,3014,3050,3428,3590,4206,4536,4545,4575,4683,4793,4888,6092,6161,6162,6981,6982,6983,6984,6985,7217,
660;0;9432;9596;1;26,61,95,100,139,144,145,149,210,225,226,231,233,262,277,321,329,377,390,394,400,404,429,430,528,591,640,715,948,1063,1117,1121,1146,1268,1269,1270,1279,1280,1293,1322,1359,1363,1419,1424,1474,1476,1478,1480,1521,1675,1680,1913,1973,1978,2381,2405,2613,2657,2663,2994,3014,3050,3428,3590,4206,4536,4545,4575,4683,4793,4888,6092,6161,6162,6981,6982,6983,6984,6985,7217,
123;0;9596;9675;1;26,61,95,100,139,144,145,149,210,225,226,231,233,262,277,321,329,377,390,394,400,404,429,430,528,591,640,715,948,1063,1117,1121,1146,1268,1269,1270,1279,1280,1293,1322,1359,1363,1419,1424,1474,1476,1478,1480,1521,1675,1680,1913,1973,1978,2381,2405,2613,2657,2663,2994,3014,3050,3428,3590,4206,4536,4545,4575,4683,4793,4888,6092,6161,6162,6981,6982,6983,6984,6985,7217,
123;1;9675;9761;1;26,61,95,100,139,144,145,149,210,225,226,231,233,262,277,321,329,377,390,394,400,404,429,430,528,591,640,715,948,1063,1117,1121,1146,1268,1269,1270,1279,1280,1293,1322,1359,1363,1419,1424,1474,1476,1478,1480,1521,1675,1680,1913,1973,1978,2381,2405,2613,2657,2663,2994,3014,3050,3428,3590,4206,4536,4545,4575,4683,4793,4888,6092,6161,6162,6981,6982,6983,6984,6985,7217,
741;0;9761;9931;1;26,61,95,100,139,144,145,149,210,225,226,231,233,262,277,321,329,377,390,394,400,404,429,430,528,591,640,715,948,1063,1117,1121,1146,1268,1269,1270,1279,1280,1293,1322,1359,1363,1419,1424,1474,1476,1478,1480,1521,1675,1680,1913,1973,1978,2381,2405,2613,2657,2663,2994,3014,3050,3428,3590,4206,4536,4545,4575,4683,4793,4888,6092,6161,6162,6981,6982,6983,6984,6985,7217,
Machine: 2
584;0;0;8;1;26,61,144,169,190,208,251,256,302,305,306,310,329,390,396,397,404,440,480,528,529,858,987,1147,1236,1269,1273,1277,1282,1287,1288,1292,1293,1294,1322,1474,1476,1480,1580,1867,2021,2089,2221,2407,2410,2477,2503,2538,2625,3284,3285,3286,3287,3288,3416,3511,3527,3532,3706,3929,4383,4435,4633,4650,4651,4949,5106,5116,5343,5703,6215,6426,6757,7367,7879,8496,8497,8606,9257,9258,
692;0;8;30;1;26,61,144,169,190,208,251,256,302,305,306,310,329,390,396,397,404,440,480,528,529,858,987,1147,1236,1269,1273,1277,1282,1287,1288,1292,1293,1294,1322,1474,1476,1480,1580,1867,2021,2089,2221,2407,2410,2477,2503,2538,2625,3284,3285,3286,3287,3288,3416,3511,3527,3532,3706,3929,4383,4435,4633,4650,4651,4949,5106,5116,5343,5703,6215,6426,6757,7367,7879,8496,8497,8606,9257,9258,
35;0;30;54;1;26,61,144,169,190,208,251,256,302,305,306,310,329,390,396,397,404,440,480,528,529,858,987,1147,1236,1269,1273,1277,1282,1287,1288,1292,1293,1294,1322,1474,1476,1480,1580,1867,2021,2089,2221,2407,2410,2477,2503,2538,2625,3284,3285,3286,3287,3288,3416,3511,3527,3532,3706,3929,4383,4435,4633,4650,4651,4949,5106,5116,5343,5703,6215,6426,6757,7367,7879,8496,8497,8606,9257,9258,
35;1;54;58;1;26,61,144,169,190,208,251,256,302,305,306,310,329,390,396,397,404,440,480,528,529,858,987,1147,1236,1269,1273,1277,1282,1287,1288,1292,1293,1294,1322,1474,1476,1480,1580,1867,2021,2089,2221,2407,2410,2477,2503,2538,2625,3284,3285,3286,3287,3288,3416,3511,3527,3532,3706,3929,4383,4435,4633,4650,4651,4949,5106,5116,5343,5703,6215,6426,6757,7367,7879,8496,8497,8606,9257,9258,
745;0;58;91;1;26,61,144,169,190,208,251,256,302,305,306,310,329,390,396,397,404,440,480,528,529,858,987,1147,1236,1269,1273,1277,1282,1287,1288,1292,1293,1294,1322,1474,1476,1480,1580,1867,2021,2089,2221,2407,2410,2477,2503,2538,2625,3284,3285,3286,3287,3288,3416,3511,3527,3532,3706,3929,4383,4435,4633,4650,4651,4949,5106,5116,5343,5703,6215,6426,6757,7367,7879,8496,8497,8606,9257,9258,
547;0;91;125;1;26,61,144,169,190,208,251,256,302,305,306,310,329,390,396,397,404,440,480,528,529,858,987,1147,1236,1269,1273,1277,1282,1287,1288,1292,1293,1294,1322,1474,1476,1480,1580,1867,2021,2089,2221,2407,2410,2477,2503,2538,2625,3284,3285,3286,3287,3288,3416,3511,3527,3532,3706,3929,4383,4435,4633,4650,4651,4949,5106,5116,5343,5703,6215,6426,6757,7367,7879,8496,8497,8606,9257,9258,
152;0;125;143;1;26,61,144,169,190,208,251,256,302,305,306,310,329,390,396,397,404,440,480,528,529,858,987,1147,1236,1269,1273,1277,1282,1287,1288,1292,1293,1294,1322,1474,1476,1480,1580,1867,2021,2089,2221,2407,2410,2477,2503,2538,2625,3284,3285,3286,3287,3288,3416,3511,3527,3532,3706,3929,4383,4435,4633,4650,4651,4949,5106,5116,5343,5703,6215,6426,6757,7367,7879,8496,8497,8606,9257,9258,
152;1;143;165;1;26,61,144,169,190,208,251,256,285,286,288,302,305,306,310,312,314,329,380,390,396,397,404,440,480,528,529,595,858,987,1036,1147,1236,1269,1273,1277,1282,1287,1288,1292,1293,1294,1322,1428,1429,1430,1431,1474,1476,1480,1580,1867,2021,2089,2221,2407,2410,2477,2503,2538,2625,3284,3285,3286,3287,3288,3416,3511,3527,3532,3706,3929,4383,4435,4633,4650,4651,4949,6757,7879,
22;0;165;204;1;26,61,138,144,169,190,208,225,251,256,285,286,288,302,305,306,310,312,314,329,380,390,396,397,398,404,440,480,528,529,591,595,858,987,1036,1052,1147,1236,1269,1273,1277,1282,1287,1288,1292,1293,1294,1322,1428,1429,1430,1431,1474,1476,1480,1484,1580,1867,2021,2053,2089,2103,2221,2407,2410,2477,2503,2538,2625,3121,3284,3285,3286,3287,3288,3527,3532,5706,6757,7879,
22;1;204;208;1;26,61,138,144,145,169,190,208,225,251,256,285,286,288,302,305,306,310,312,314,329,380,390,396,397,398,404,440,480,528,529,591,595,858,987,1036,1052,1147,1236,1269,1273,1277,1282,1287,1288,1292,1293,1294,1322,1428,1429,1430,1431,1474,1476,1480,1484,1580,1867,2021,2053,2089,2103,2221,2407,2410,2477,2503,2538,2625,2774,2903,3121,3284,3285,3532,4567,4600,6757,7879,
733;0;208;259;1;26,61,138,144,145,169,190,208,225,251,256,285,286,288,302,305,306,310,312,314,329,380,390,396,397,398,404,440,480,528,529,591,595,858,987,1036,1052,1147,1236,1269,1273,1277,1282,1287,1288,1292,1293,1294,1322,1428,1429,1430,1431,1474,1476,1480,1484,2053,2089,2103,2407,2410,2774,2903,3121,3284,3532,4567,4600,6360,6757,7510,7879,8219,8373,8374,8375,8376,8377,8378,
136;0;259;293;1;5,9,93,95,137,144,145,148,149,225,288,305,314,329,382,383,390,393,394,396,397,398,404,591,838,854,858,890,949,1030,1050,1145,1146,1147,1149,1171,1231,1232,1282,1287,1288,1293,1322,1361,1362,1474,1476,1480,1505,1506,1604,1668,1669,1758,1761,1799,1811,1814,2053,2106,2359,2410,2717,2774,2822,3121,3263,3284,3435,3523,3532,4043,5223,5700,6198,6525,6526,6527,6528,6757,
136;1;293;311;1;5,9,93,95,137,144,145,148,149,225,288,305,314,329,382,383,390,393,394,396,397,398,404,591,838,854,858,890,949,1030,1050,1145,1146,1147,1149,1171,1231,1232,1282,1287,1288,1293,1322,1361,1362,1474,1476,1480,1497,1505,1506,1551,1552,1553,1554,1555,1556,1557,1604,1668,1669,1758,1761,1799,1811,1814,2053,2106,2359,2410,2717,2774,2822,3121,3263,3284,3435,3523,3532,6757,
581;0;311;366;1;5,9,55,60,93,95,137,144,145,148,149,205,225,288,305,314,329,382,383,390,393,394,396,397,398,404,591,659,838,854,858,890,949,1030,1050,1145,1146,1147,1149,1171,1231,1232,1282,1287,1288,1293,1322,1361,1362,1474,1476,1480,1497,1505,1506,1551,1552,1553,1554,1555,1604,1605,1668,1669,1814,1999,2053,2106,2157,2410,2774,3121,3263,3284,3345,3349,3435,3532,3855,6757,
653;0;366;426;1;5,9,55,60,93,95,137,144,145,148,149,205,225,288,305,314,329,382,383,390,393,394,396,397,398,404,591,659,677,838,854,858,949,1145,1146,1147,1149,1171,1232,1287,1288,1293,1322,1361,1362,1474,1476,1480,1481,1505,1521,1604,1668,1669,1814,1972,1999,2053,2106,2410,2602,2626,2628,2646,2649,2678,2774,3121,3263,3284,3345,3435,3532,5525,5538,5723,6757,7320,7653,7654,
665;0;426;487;1;5,9,55,60,93,95,137,144,145,148,149,205,225,288,305,314,329,382,383,390,393,394,396,397,398,404,591,659,677,838,854,858,949,1145,1146,1147,1149,1171,1232,1287,1288,1293,1322,1361,1362,1474,1476,1480,1481,1505,1604,1668,1669,1814,1999,2053,2106,2259,2264,2410,2417,2418,2419,2420,2471,2626,2628,2678,2774,3121,3263,3284,3307,3308,3345,3435,3532,5525,5723,6757,
574;0;487;553;1;5,9,55,60,93,95,137,144,145,148,149,205,225,254,288,305,314,329,382,383,390,393,394,396,397,398,404,591,659,677,838,854,858,949,1145,1146,1147,1149,1171,1232,1287,1288,1293,1322,1361,1362,1426,1474,1476,1480,1481,1505,1604,1668,1669,1814,1930,1999,2053,2106,2417,2419,2420,2471,2626,2628,2678,2774,3121,3126,3263,3284,3345,3435,3532,4225,5525,5723,6757,7891,
74;0;553;610;1;3,55,136,139,144,205,225,226,262,269,270,277,288,305,329,398,400,404,429,436,640,838,948,1118,1126,1322,1424,1470,1476,1477,1478,1486,1609,1661,1668,1679,1809,1920,2053,2109,2114,2118,2120,2123,2124,2125,2128,2129,2130,2132,2134,2135,2140,2142,2143,2854,2855,2953,3435,4511,4533,4534,4536,4543,4545,4546,4551,4553,4554,4555,4575,4656,4676,4677,4678,4679,4680,4681,4682,4683,
74;1;610;620;1;3,55,136,139,144,205,225,226,262,269,270,277,288,305,329,398,400,404,429,436,640,838,948,1118,1126,1322,1424,1470,1476,1477,1478,1486,1609,1661,1668,1679,1809,1920,2053,2109,2114,2118,2120,2123,2124,2125,2128,2129,2130,2132,2134,2135,2140,2142,2143,2854,2855,2953,3435,4511,4533,4534,4536,4543,4545,4546,4551,4553,4554,4555,4677,8787,8788,8968,8969,8970,8971,8972,8973,8974,
670;0;620;688;1;3,55,97,136,139,144,177,178,179,181,183,184,205,225,226,234,262,269,270,273,277,288,304,305,329,398,400,404,429,436,640,838,948,1118,1126,1322,1424,1470,1476,1477,1478,1486,1595,1609,1661,1668,1679,1809,1920,2053,2109,2114,2118,2120,2123,2124,2125,2128,2129,2130,2132,2134,2135,2140,2142,2143,2854,2855,2953,3435,4511,4533,4534,4536,4543,4545,4546,4551,4553,4677,
794;0;688;760;1;3,18,19,21,25,34,40,54,55,62,76,144,149,198,205,210,225,248,262,277,288,329,400,404,429,581,640,722,736,803,838,912,1118,1322,1433,1474,1477,1478,1486,1608,1661,1701,1723,1763,1809,1898,1920,2034,2035,2053,2153,2178,2230,2273,2306,2315,2458,2564,2922,2968,3120,3121,3284,3403,3435,3778,3784,3861,4026,4553,5097,5098,5099,5100,5315,5494,5995,6234,6990,8666,
119;0;760;794;1;3,18,19,21,25,34,40,54,55,62,76,144,149,198,205,210,225,248,262,277,288,329,400,404,429,581,640,722,736,803,838,912,1118,1322,1433,1474,1477,1478,1486,1608,1661,1701,1723,1763,1809,1898,1920,2034,2035,2053,2153,2178,2230,2273,2306,2315,2458,2564,2922,2968,3120,3121,3284,3403,3435,3778,3784,3861,4026,4553,5097,5098,5099,5100,5315,5494,5995,6234,6990,8666,
119;1;794;835;1;3,18,19,21,25,34,40,54,55,62,76,144,149,198,205,210,225,248,262,277,288,329,400,404,429,581,640,722,736,803,838,912,1118,1322,1433,1474,1477,1478,1486,1608,1661,1701,1723,1763,1809,1898,1920,2034,2035,2053,2153,2178,2230,2273,2306,2315,2458,2564,2922,2968,3120,3121,3284,3403,3435,3778,3784,3861,4026,4553,5097,5098,5099,5100,5315,5494,5995,6234,6990,8666,
743;0;835;912;1;3,18,19,21,25,34,40,54,55,62,76,144,149,198,205,210,225,248,262,277,288,329,400,404,429,581,640,722,736,803,838,912,1118,1322,1433,1474,1477,1478,1486,1608,1661,1701,1723,1763,1809,1898,1920,2034,2035,2053,2153,2178,2230,2273,2306,2315,2458,2564,2922,2968,3120,3121,3284,3403,3435,3778,3784,3861,4026,4553,5097,5098,5099,5100,5315,5494,5995,6234,6990,8666,
727;0;912;990;1;3,18,19,21,25,34,40,54,55,62,76,144,149,198,205,210,225,248,262,277,288,329,400,404,429,581,640,722,736,803,838,912,1118,1322,1433,1474,1477,1478,1486,1608,1661,1701,1723,1763,1809,1898,1920,2034,2035,2053,2153,2178,2230,2273,2306,2315,2458,2564,2922,2968,3120,3121,3284,3403,3435,3778,3784,3861,4026,4553,5097,5098,5099,5100,5315,5494,5995,6234,6990,8666,
796;0;1440;1521;1;3,18,19,21,25,34,40,54,55,62,76,95,144,149,198,205,210,225,248,262,277,288,329,345,351,395,400,404,429,581,591,640,671,722,736,764,803,838,858,912,1118,1322,1356,1433,1474,1477,1478,1486,1608,1661,1701,1723,1763,1809,1898,1920,2034,2035,2053,2153,2178,2230,2273,2306,2315,2458,2564,2631,2643,2651,2652,2922,2968,3435,3532,3861,4369,4553,4733,5348,
588;0;1521;1604;1;3,18,19,21,25,34,40,54,55,62,76,95,144,149,198,205,210,225,248,262,277,288,329,345,351,395,400,404,429,530,581,591,640,671,722,736,764,803,838,858,912,1118,1322,1356,1433,1474,1477,1478,1486,1608,1661,1701,1723,1763,1809,1898,1920,2034,2035,2053,2153,2178,2230,2273,2306,2315,2458,2564,2631,2643,2651,2652,2922,2968,3435,3532,3861,4369,4553,4733,
44;0;1604;1736;0;3,18,19,21,25,34,40,54,55,62,76,95,144,149,198,205,210,225,248,262,277,288,329,345,351,395,400,404,429,530,581,591,640,671,722,736,764,803,838,858,912,1118,1322,1356,1433,1474,1477,1478,1486,1608,1661,1701,1809,1898,1920,2053,2315,2458,2564,2643,3209,3210,3435,3488,3532,3861,4553,4733,6930,8340,8397,8763,8765,8766,8767,8768,8769,8770,8773,8774,
44;1;1736;1859;0;3,18,19,21,25,34,40,54,55,62,76,95,137,144,149,198,205,210,225,248,262,277,288,308,329,345,351,390,391,395,400,404,429,530,581,591,640,671,803,838,891,938,1117,1118,1145,1146,1147,1148,1163,1165,1166,1167,1168,1170,1171,1172,1173,1174,1322,1474,1477,1478,1486,1661,1701,1809,1898,1920,2053,2315,2458,2564,2643,3209,3210,3435,3532,3861,4553,4733,
244;0;1859;1946;0;3,18,19,21,25,34,40,54,55,62,76,95,137,144,149,198,205,210,225,248,262,277,288,308,329,345,351,390,391,395,400,404,429,581,583,591,640,803,838,862,1117,1118,1145,1146,1163,1170,1171,1322,1474,1477,1478,1486,1661,1701,1809,1898,1920,2053,2315,2458,2564,2643,2645,2774,2778,3099,3209,3210,3263,3435,3532,3861,4553,4604,4627,4733,4765,4766,4773,6132,
244;1;1946;2085;0;3,19,25,34,40,54,55,76,95,137,144,149,205,210,225,248,262,277,288,308,329,351,390,391,400,404,429,522,581,591,632,640,803,838,1117,1118,1145,1146,1163,1170,1171,1196,1322,1425,1474,1477,1478,1486,1560,1661,1701,1809,1898,1920,1936,2053,2201,2315,2458,2564,2643,2645,2774,2778,3099,3209,3263,3345,3435,3532,3861,3883,3886,4225,4230,4553,4604,4733,4765,5180,
81;0;2085;2199;0;144,145,149,225,231,277,288,329,397,404,429,573,591,632,640,1118,1163,1398,1400,1401,1474,1477,1478,1480,1505,1549,1762,1809,1813,1821,1898,1921,1936,2018,2053,2198,2199,2454,2455,2456,2457,2458,2645,2774,2778,2847,2848,3263,3474,3679,3978,3980,4390,4803,5476,5953,5960,5962,5964,5987,5991,5992,6011,6552,6741,6860,6886,6926,6932,6936,7075,7076,7077,7078,7079,7080,7081,7397,7398,7399,
81;1;2199;2304;0;144,145,149,225,231,277,288,329,397,404,429,573,591,632,640,1118,1163,1398,1400,1401,1474,1477,1478,1480,1505,1549,1762,1809,1813,1821,1898,1921,1936,2018,2053,2198,2199,2454,2455,2456,2457,2458,2645,2774,2778,2847,2848,3263,3474,3679,3978,3980,4390,4803,5476,5953,5960,5962,5964,5987,5991,5992,6011,6552,6741,6860,6886,6926,6932,6936,7075,7076,7077,7078,7079,7080,7081,7397,7398,7399,
141;0;2304;2405;0;144,145,149,225,231,277,288,329,397,404,429,573,591,632,640,1118,1163,1398,1400,1401,1474,1477,1478,1480,1505,1549,1762,1809,1813,1821,1898,1921,1936,2018,2053,2198,2199,2454,2455,2456,2457,2458,2645,2774,2778,2847,2848,3263,3474,3679,3978,3980,4390,4803,5476,5953,5960,5962,5964,5987,5991,5992,6011,6552,6741,6860,6886,6926,6932,6936,7075,7076,7077,7078,7079,7080,7081,7397,7398,7399,
141;1;2405;2501;0;144,145,149,225,231,277,288,329,397,404,429,573,591,632,640,1118,1163,1398,1400,1401,1474,1477,1478,1480,1505,1549,1762,1809,1813,1821,1898,1921,1936,2018,2053,2198,2199,2454,2455,2456,2457,2458,2645,2774,2778,2847,2848,3263,3474,3679,3978,3980,4390,4803,5476,5953,5960,5962,5964,5987,5991,5992,6011,6552,6741,6860,6886,6926,6932,6936,7075,7076,7077,7078,7079,7080,7081,7397,7398,7399,
507;0;2501;2669;0;144,145,149,225,231,277,288,329,397,404,429,573,591,632,640,1118,1163,1398,1400,1401,1474,1477,1478,1480,1505,1549,1762,1809,1813,1821,1898,1921,1936,2018,2053,2198,2199,2454,2455,2456,2457,2458,2645,2774,2778,2847,2848,3263,3474,3679,3978,3980,4390,4803,5476,5953,5960,5962,5964,5987,5991,5992,6011,6552,6741,6860,6886,6926,6932,6936,7075,7076,7077,7078,7079,7080,7081,7397,7398,7399,
504;0;2669;2830;0;144,145,149,225,231,277,288,329,397,404,429,573,591,632,640,1118,1163,1398,1400,1401,1474,1477,1478,1480,1505,1549,1762,1809,1813,1821,1898,1921,1936,2018,2053,2198,2199,2454,2455,2456,2457,2458,2645,2774,2778,2847,2848,3263,3474,3679,3978,3980,4390,4803,5476,5953,5960,5962,5964,5987,5991,5992,6011,6552,6741,6860,6886,6926,6932,6936,7075,7076,7077,7078,7079,7080,7081,7397,7398,7399,
546;0;2830;2964;0;144,145,149,225,231,277,288,329,397,404,429,573,591,632,640,1118,1163,1398,1400,1401,1474,1477,1478,1480,1505,1549,1762,1809,1813,1821,1898,1921,1936,2018,2053,2198,2199,2454,2455,2456,2457,2458,2645,2774,2778,2847,2848,3263,3474,3679,3978,3980,4390,4803,5476,5953,5960,5962,5964,5987,5991,5992,6011,6552,6741,6860,6886,6926,6932,6936,7075,7076,7077,7078,7079,7080,7081,7397,7398,7399,
663;0;2964;3095;0;144,145,149,170,225,231,277,288,329,397,404,429,573,591,597,631,632,640,1118,1163,1398,1400,1401,1474,1477,1478,1480,1505,1549,1762,1809,1813,1821,1898,1921,1936,2018,2053,2198,2199,2454,2455,2456,2457,2458,2645,2774,2778,2847,2848,3263,3474,3679,3978,3980,4272,4390,4803,5476,5645,5953,5960,5962,5964,5987,5991,5992,6011,6552,6741,6860,6886,6926,6932,6936,7075,7076,7397,8601,8602,
208;0;3095;3121;0;144,145,149,170,225,231,241,277,288,314,321,329,397,404,429,573,591,597,631,632,640,854,1118,1163,1398,1400,1401,1474,1477,1478,1480,1502,1505,1549,1670,1762,1809,1813,1821,1898,1921,1936,2018,2053,2198,2199,2223,2454,2455,2456,2457,2458,2645,2774,2778,2847,2848,3263,3474,3679,3978,3980,4272,4390,4803,5476,5645,5953,5960,5962,5964,5987,5991,5992,6011,6552,6741,6860,6926,7397,
208;1;3121;3219;0;24,144,145,149,170,187,189,225,231,241,277,288,314,321,329,397,404,429,491,573,591,597,631,632,640,854,1118,1163,1398,1400,1401,1474,1477,1478,1480,1502,1505,1549,1670,1762,1809,1813,1821,1898,1921,1936,2018,2053,2198,2199,2223,2454,2455,2456,2457,2458,2645,2774,2778,2847,2848,3263,3474,3679,3978,3980,4272,4390,4803,4913,5476,5645,5953,5960,5962,5987,5992,6011,6926,7397,
525;0;3219;3340;0;24,144,145,149,170,187,189,225,231,241,277,288,314,321,329,397,404,429,491,499,573,591,597,631,632,640,854,1118,1163,1398,1400,1401,1474,1477,1478,1480,1502,1505,1549,1670,1762,1809,1813,1821,1898,1921,1936,1988,2018,2053,2198,2199,2223,2454,2455,2456,2457,2458,2645,2774,2778,2847,2848,3263,3474,3679,3978,3980,4272,4390,4803,4913,5476,5645,5953,5987,5992,6011,6926,7397,
45;0;3340;3362;0;24,79,127,144,145,149,170,187,189,206,224,225,231,241,277,288,314,321,329,397,404,412,429,491,499,564,573,591,597,631,632,640,854,979,1118,1163,1293,1398,1400,1401,1474,1477,1478,1480,1502,1505,1549,1670,1762,1809,1813,1821,1898,1921,1936,1988,2018,2053,2198,2199,2223,2454,2455,2456,2645,2774,2778,2847,2849,3263,3679,4803,5476,5668,5987,5992,6011,6389,6926,7397,
45;1;3362;3446;0;24,79,127,144,145,149,170,187,189,206,224,225,231,241,277,288,314,321,329,396,397,404,412,429,491,499,564,573,591,597,631,632,640,854,979,1093,1118,1163,1293,1398,1401,1474,1478,1502,1670,1809,1821,2053,2223,2455,2645,2687,2774,2775,2776,2778,2790,2847,2849,3019,3263,3679,4605,4803,4946,5370,5476,5987,5992,6011,6629,6926,7397,7428,8147,8653,8654,8655,8656,8657,
624;0;3446;3547;0;3,24,100,117,137,144,145,170,189,206,225,231,276,277,288,314,329,396,404,429,591,608,640,769,854,927,1093,1118,1171,1293,1308,1343,1398,1478,1481,1502,1671,1809,1821,1914,1915,1920,1922,2053,2091,2094,2337,2339,2455,2492,2645,2695,2696,2774,2775,2776,2778,2783,2790,2849,3013,3263,3679,4161,4553,4605,4803,5206,5476,5987,6011,6184,7408,7664,7665,7666,7680,7681,7682,7683,
156;0;3547;3599;0;2,3,24,100,117,137,144,145,170,189,206,225,231,276,277,288,301,314,329,396,400,404,429,591,608,640,769,854,927,1093,1116,1118,1121,1171,1293,1308,1343,1398,1478,1481,1486,1502,1661,1671,1680,1809,1821,1914,1915,1920,1922,2053,2091,2094,2337,2339,2455,2476,2492,2645,2695,2696,2774,2775,2776,2778,2783,2790,2849,3013,3263,3679,4161,4553,4605,4803,5206,5476,5987,6011,
156;1;3599;3636;0;4,7,8,24,41,45,48,60,100,137,144,148,206,208,235,277,329,377,390,393,502,569,591,729,854,861,989,1051,1052,1093,1288,1293,1362,1481,1604,1801,1806,1814,1895,1989,2050,2053,2194,2407,2581,2645,2802,2969,3281,3345,3435,3597,3703,3870,4119,4192,4313,4315,4317,4450,4605,4620,4894,5053,5476,5497,6401,6766,6783,7837,7882,8165,8166,8167,8168,8169,8170,8171,8172,8173,
797;0;3636;3699;0;4,7,8,24,41,45,48,60,100,137,144,148,206,208,235,277,329,377,390,393,502,569,591,729,854,861,989,1051,1052,1093,1288,1293,1362,1481,1604,1801,1806,1814,1895,1989,2050,2053,2194,2407,2581,2645,2802,2969,3281,3345,3435,3597,3703,3870,4119,4192,4313,4315,4317,4450,4605,4620,4894,5053,5476,5497,6401,6766,6783,7837,7882,8165,8166,8167,8168,8169,8170,8171,8172,8173,
609;0;3699;3759;0;4,7,8,24,41,45,48,60,100,137,144,148,206,208,235,277,329,377,390,393,502,569,591,729,854,861,989,1051,1052,1093,1288,1293,1362,1481,1604,1801,1806,1814,1895,1989,2050,2053,2194,2407,2581,2645,2802,2969,3281,3345,3435,3597,3703,3870,4119,4192,4313,4315,4317,4450,4605,4620,4894,5053,5476,5497,6401,6766,6783,7837,7882,8165,8166,8167,8168,8169,8170,8171,8172,8173,
753;0;3759;3804;0;4,7,8,24,41,45,48,60,100,137,144,148,206,208,235,277,329,377,390,393,502,569,591,729,854,861,989,1051,1052,1093,1288,1293,1362,1481,1604,1801,1806,1814,1895,1989,2050,2053,2194,2407,2581,2645,2802,2969,3281,3345,3435,3597,3703,3870,4119,4192,4313,4315,4317,4450,4605,4620,4894,5053,5476,5497,6401,6766,6783,7837,7882,8165,8166,8167,8168,8169,8170,8171,8172,8173,
548;0;3804;3834;0;4,7,8,24,41,45,48,60,100,137,144,148,206,208,235,277,329,377,390,393,502,569,591,729,854,861,989,1051,1052,1093,1288,1293,1362,1481,1604,1801,1806,1814,1895,1989,2050,2053,2194,2407,2581,2645,2802,2969,3281,3345,3435,3597,3703,3870,4119,4192,4313,4315,4317,4450,4605,4620,4894,5053,5476,5497,6401,6766,6783,7837,7882,8165,8166,8167,8168,8169,8170,8171,8172,8173,
783;0;4320;4339;0;4,7,8,24,41,45,48,60,100,137,144,148,206,208,235,277,329,377,390,393,502,569,591,729,854,861,989,1051,1052,1093,1288,1293,1362,1481,1604,1801,1806,1814,1895,1989,2050,2053,2194,2407,2581,2645,2802,2969,3281,3345,3435,3597,3703,3870,4119,4192,4313,4315,4317,4450,4605,4620,4894,5053,5476,5497,6136,6145,6401,7882,8171,8229,8230,8231,8232,8233,8234,8235,8236,8237,
757;0;4339;4353;0;4,7,8,24,41,45,48,60,100,137,144,148,206,208,235,277,329,377,390,393,502,569,591,729,854,861,989,1051,1052,1093,1277,1288,1293,1362,1481,1604,1801,1806,1814,1895,1989,2050,2053,2194,2407,2581,2645,2802,2969,3281,3345,3435,3597,3703,3870,4119,4192,4313,4315,4317,4450,4605,4620,4894,5053,5476,5497,6136,6145,6401,7882,8171,8229,8230,8231,8232,8233,8234,8235,8236,
790;0;4353;4357;0;4,7,8,24,41,45,48,60,100,137,144,148,206,208,235,277,329,377,390,393,502,569,591,729,854,861,989,1051,1052,1093,1277,1288,1293,1362,1481,1604,1801,1806,1814,1895,1989,2050,2053,2194,2407,2581,2645,2802,2969,3281,3345,3435,3597,3703,3870,4119,4192,4313,4315,4317,4450,4605,4620,4894,5053,5476,5497,6136,6145,6401,7372,7882,8171,8229,8230,8231,8232,8233,8234,8235,
655;0;4357;4443;1;4,7,8,24,41,45,48,60,100,137,144,148,206,208,235,277,329,377,390,393,502,569,591,727,729,854,861,875,989,1051,1052,1093,1277,1288,1293,1362,1481,1604,1801,1806,1814,1895,1989,2050,2053,2075,2194,2407,2581,2645,2802,2969,3281,3345,3380,3435,3597,3703,3870,4059,4060,4061,4119,4192,4313,4315,4317,4450,4605,4620,4894,5053,5476,5497,6136,6145,6401,7372,7882,8171,
502;0;4443;4531;1;1,4,7,8,24,41,45,48,60,100,119,136,137,144,148,206,208,235,262,277,329,377,379,390,393,502,569,591,727,729,815,854,861,875,989,1051,1052,1093,1277,1288,1293,1361,1362,1390,1397,1481,1604,1801,1806,1807,1814,1895,1989,2050,2053,2075,2109,2407,2645,3278,3435,3597,3703,3870,4119,4450,4605,4677,5053,6399,6401,6403,6519,6520,6521,6522,6523,6524,7882,8171,
32;0;4531;4609;1;1,4,7,8,24,25,34,36,37,41,44,45,48,52,54,60,100,119,136,137,144,148,206,208,235,262,277,329,377,379,390,393,422,502,569,591,727,729,815,854,861,875,989,1051,1052,1093,1277,1288,1293,1361,1362,1390,1397,1481,1604,1801,1806,1807,1814,1895,1989,2050,2053,2075,2109,2407,2645,3435,3553,3597,3703,3870,4119,4450,4605,4619,5053,6401,7882,8171,
32;1;4609;4623;1;1,4,7,8,24,25,34,36,37,41,44,45,48,52,54,60,100,119,136,137,144,148,206,208,235,262,277,329,377,379,390,393,422,502,569,591,727,729,815,854,861,875,989,1051,1052,1093,1277,1288,1293,1361,1362,1390,1397,1481,1604,1801,1806,1807,1814,1895,1989,2053,2407,2645,3435,3472,3473,3597,3703,3870,4119,4450,4605,5053,5952,6042,6043,6401,7882,8171,
61;0;4623;4653;1;4,7,8,24,34,44,54,60,100,137,144,148,206,208,245,262,277,329,377,379,390,569,591,696,729,765,773,838,854,861,875,914,1051,1052,1093,1277,1288,1293,1361,1390,1447,1481,1513,1529,1604,1814,2053,2407,2593,2627,2645,2731,2931,2962,2989,3161,3260,3435,3597,3870,4310,4450,4574,4605,4732,5053,5107,6401,7882,8171,8427,9173,9174,9177,9178,9179,9180,9183,9186,9192,
61;1;4653;4717;1;4,7,8,24,34,44,54,60,100,137,144,148,206,208,245,262,277,329,377,379,390,569,591,677,696,729,765,773,838,854,861,875,914,1051,1052,1093,1277,1288,1293,1361,1390,1447,1481,1513,1524,1529,1604,1814,2053,2407,2593,2627,2643,2645,2731,2931,2962,2989,3161,3260,3435,3597,3870,4310,4398,4450,4574,4605,4732,5053,5107,6195,6401,7882,8171,8427,9173,9174,9177,9178,
575;0;4717;4813;1;4,7,8,24,34,60,100,137,144,145,148,245,262,275,288,291,292,296,329,377,379,390,400,591,640,677,729,765,838,861,875,1051,1052,1068,1093,1117,1118,1121,1177,1288,1293,1307,1361,1481,1604,1733,1814,1821,1915,2053,2091,2134,2407,2643,2645,2723,2777,2778,2788,3263,3435,3597,3870,4398,4526,4604,4605,4606,4610,4612,4759,4996,5053,5305,5499,5890,7900,7901,7902,8171,
207;0;4813;4890;1;4,7,8,24,34,38,60,100,137,144,145,148,189,245,262,275,288,291,292,296,329,377,379,390,400,591,640,677,729,765,838,861,871,872,873,874,875,876,877,878,879,1051,1052,1068,1093,1117,1118,1121,1177,1288,1293,1307,1361,1481,1604,1733,1814,1915,2053,2091,2407,2643,2645,2777,2778,2788,3263,3435,3597,3870,4398,4604,4605,4606,4612,4759,5053,5499,5890,8171,
207;1;4890;4911;1;4,7,8,24,34,38,60,100,137,144,145,148,189,245,262,275,288,291,292,296,329,377,379,390,400,591,640,677,729,765,838,861,871,872,873,874,875,876,877,878,879,1051,1052,1068,1093,1117,1118,1121,1177,1288,1293,1361,1481,1604,1814,1915,2053,2091,2407,2643,2645,2777,2778,2788,3263,3435,3597,3870,3945,4398,4604,4605,4606,4612,4759,5053,5499,5890,6949,8171,
781;0;4911;5014;1;4,7,8,24,34,38,60,100,137,144,145,148,245,255,262,275,288,291,292,296,329,377,379,390,476,591,640,677,729,754,765,838,861,871,872,873,987,1051,1052,1068,1093,1117,1118,1121,1288,1293,1361,1481,1604,1719,1814,2053,2074,2080,2091,2407,2555,2643,2645,2777,2778,2788,2849,2941,3263,3435,3597,3814,3870,4398,4604,4605,4606,4612,4759,5053,5890,6686,8171,9194,
46;0;5014;5063;1;2,4,7,8,60,137,139,142,144,148,177,225,262,269,291,377,379,390,391,394,396,429,503,591,775,838,871,948,1051,1052,1118,1146,1159,1229,1232,1233,1275,1288,1293,1361,1398,1472,1473,1481,1538,1604,1812,2053,2407,2645,2777,2778,2816,2941,2951,3118,3119,3263,3306,3597,4545,4821,4956,4957,4958,4959,4960,4961,4962,4963,5053,5274,5739,7332,8171,9107,9108,9109,9110,9111,
46;1;5063;5118;1;2,4,7,8,60,137,139,142,144,148,177,225,262,269,291,377,379,390,391,394,396,429,503,591,775,838,871,948,1051,1052,1118,1146,1159,1229,1232,1233,1275,1288,1293,1361,1398,1472,1473,1481,1538,1604,1812,2053,2407,2645,2777,2778,2816,2941,2951,3118,3119,3263,3306,3597,4545,4821,4956,4957,4958,4959,4960,4961,4962,4963,5053,5274,5739,7332,8171,9107,9108,9109,9110,9111,
728;0;5118;5227;1;2,4,7,8,60,137,139,142,144,148,177,225,262,269,291,377,379,390,391,394,396,429,503,591,775,838,871,948,1051,1052,1118,1146,1159,1229,1232,1233,1275,1288,1293,1361,1398,1472,1473,1481,1538,1604,1812,2053,2407,2645,2777,2778,2816,2941,2951,3118,3119,3263,3306,3597,4545,4821,4956,4957,4958,4959,4960,4961,4962,4963,5053,5274,5739,7332,8171,9107,9108,9109,9110,9111,
103;0;5227;5259;1;2,4,7,8,60,137,139,142,144,148,177,225,262,269,291,377,379,390,391,394,396,429,503,591,775,838,871,948,1051,1052,1118,1146,1159,1229,1232,1233,1275,1288,1293,1361,1398,1472,1473,1481,1538,1604,1812,2053,2407,2645,2777,2778,2816,2941,2951,3118,3119,3263,3306,3597,4545,4821,4956,4957,4958,4959,4960,4961,4962,4963,5053,5274,5739,7332,8171,9107,9108,9109,9110,9111,
103;1;5259;5339;1;2,4,7,8,60,137,139,142,144,148,177,225,262,269,291,377,379,390,391,394,396,429,503,591,775,838,871,948,1051,1052,1118,1146,1159,1229,1232,1233,1275,1288,1293,1361,1398,1472,1473,1481,1538,1604,1812,2053,2407,2645,2777,2778,2816,2941,2951,3118,3119,3263,3306,3597,4545,4821,4956,4957,4958,4959,4960,4961,4962,4963,5053,5274,5739,7332,8171,9107,9108,9109,9110,9111,
107;0;5760;5832;1;2,4,7,8,60,66,137,139,142,144,148,170,177,225,246,262,269,291,377,379,390,391,394,396,429,454,486,497,503,506,591,775,838,871,948,1051,1052,1118,1146,1233,1275,1288,1293,1361,1463,1472,1473,1481,1604,1701,1707,1716,1859,1999,2036,2053,2407,2645,2777,2778,2816,2895,2941,2951,3263,3274,3597,3993,4000,4001,4002,4003,4004,4005,4006,4007,4008,5053,5739,8171,
107;1;5832;5874;1;2,4,7,8,60,66,137,139,142,144,148,170,177,225,246,262,269,291,377,379,390,391,394,396,429,454,486,497,503,506,591,775,838,871,948,1051,1052,1118,1146,1233,1275,1288,1293,1361,1463,1472,1473,1481,1604,1701,1707,1716,1859,1999,2036,2053,2407,2645,2777,2778,2816,2895,2941,2951,3126,3263,3274,3597,3993,4000,4001,4002,4003,4004,4005,4006,4007,5053,5739,8171,
703;0;5874;5992;1;2,4,7,8,27,60,61,66,137,139,142,144,148,170,177,225,246,262,269,291,366,377,379,390,391,394,396,429,528,538,591,634,775,838,871,948,1051,1118,1143,1146,1233,1270,1275,1284,1288,1293,1361,1463,1472,1473,1481,1604,1716,2053,2089,2265,2407,2516,2537,2645,2777,2778,2816,2864,2873,2895,2941,2951,3126,3263,3402,3597,3606,3709,3861,4217,4218,5053,5739,8171,
90;0;5992;6078;1;2,4,7,8,26,27,60,61,66,137,139,142,144,148,170,177,225,246,262,269,291,366,377,379,390,391,394,396,429,528,591,775,838,871,948,1051,1118,1146,1233,1242,1270,1271,1272,1275,1276,1278,1283,1284,1288,1290,1291,1293,1361,1419,1463,1472,1473,1481,1604,1702,1716,1777,1783,2053,2537,2645,2777,2778,2816,2873,2895,2941,2951,3126,3263,3597,4282,5053,5739,8171,
90;1;6078;6112;1;8,26,60,66,137,139,144,177,225,231,262,290,291,377,379,390,391,396,429,438,528,591,775,838,871,931,948,1051,1118,1146,1233,1270,1278,1283,1284,1288,1291,1293,1361,1463,1472,1476,1481,1604,1669,1702,1716,1777,1783,2053,2092,2337,2537,2645,2774,2775,2777,2778,2816,2895,2941,2951,3099,3126,3263,3597,3651,3970,4600,4740,5053,5340,5739,5901,6475,7403,7404,7405,7406,8171,
191;0;6112;6181;1;8,26,60,66,137,139,144,177,178,179,184,225,231,262,272,290,291,377,379,380,382,383,390,391,396,429,528,591,775,838,871,948,1032,1033,1034,1035,1036,1037,1038,1051,1118,1131,1146,1233,1270,1278,1283,1284,1288,1291,1293,1361,1463,1472,1476,1481,1604,1716,1777,1783,2053,2537,2645,2774,2775,2777,2778,2816,2895,2941,2951,3126,3263,3597,4600,4740,5053,5739,5901,8171,
191;1;6181;6241;1;8,26,60,66,137,139,144,177,178,179,184,225,231,247,248,262,290,291,377,379,390,391,396,429,528,591,775,838,871,948,1051,1118,1146,1233,1270,1278,1283,1284,1287,1288,1289,1291,1293,1322,1361,1463,1472,1476,1481,1604,1716,1777,2053,2261,2537,2645,2774,2775,2777,2778,2816,2895,2941,2951,3126,3263,3597,3702,3802,4127,4451,4600,4740,5053,5522,5652,5653,5739,5901,8171,
34;0;6241;6261;1;3,8,26,60,66,137,139,144,177,178,179,184,225,231,247,248,262,290,291,333,377,379,390,391,396,429,528,591,775,838,871,948,1051,1118,1133,1146,1233,1236,1270,1278,1283,1284,1287,1288,1289,1291,1293,1322,1361,1463,1472,1476,1478,1481,1604,1716,1749,1777,2053,2537,2645,2774,2775,2777,2778,2816,2895,2941,2951,3126,3263,3702,4471,4553,4600,4740,5053,5739,5901,8171,
34;1;6261;6376;1;3,8,26,60,66,137,139,144,177,178,179,225,231,248,262,290,291,351,377,379,390,391,396,429,528,591,715,775,838,871,948,1051,1118,1146,1236,1270,1278,1283,1284,1287,1288,1291,1293,1361,1463,1472,1476,1478,1481,1604,1716,1777,2537,2546,2628,2645,2678,2679,2774,2775,2777,2778,2816,2895,2941,2951,3126,3263,3291,3698,4553,4600,4740,4803,5209,5739,5901,7838,8171,8174,
777;0;6376;6513;1;9,10,117,137,144,145,251,262,290,292,296,351,364,379,396,429,540,591,647,715,838,921,948,949,1118,1121,1343,1359,1361,1396,1540,1971,2412,2455,2564,2573,2628,2774,2775,2776,2777,2778,2779,2780,2781,2782,2783,2784,2785,2786,2787,2788,2789,2790,2791,2792,3291,3663,3677,3679,3686,3690,4247,4327,5082,5351,5432,5433,5434,6003,6004,6005,6006,6007,6008,6009,6010,6011,6012,6013,
768;0;6513;6652;1;9,10,117,137,144,145,251,262,290,292,296,351,364,379,396,429,540,591,647,715,838,921,948,949,1118,1121,1343,1359,1361,1396,1540,1971,2412,2455,2564,2573,2628,2774,2775,2776,2777,2778,2779,2780,2781,2782,2783,2784,2785,2786,2787,2788,2789,2790,2791,2792,3291,3663,3677,3679,3686,3690,4247,4327,5082,5351,5432,5433,5434,6003,6004,6005,6006,6007,6008,6009,6010,6011,6012,6013,
130;0;6652;6686;1;9,10,117,137,144,145,251,262,290,292,296,351,364,379,396,429,540,591,647,715,838,921,948,949,1118,1121,1343,1359,1361,1396,1540,1971,2412,2455,2564,2573,2628,2774,2775,2776,2777,2778,2779,2780,2781,2782,2783,2784,2785,2786,2787,2788,2789,2790,2791,2792,3291,3663,3677,3679,3686,3690,4247,4327,5082,5351,5432,5433,5434,6003,6004,6005,6006,6007,6008,6009,6010,6011,6012,6013,
130;1;6686;6795;1;9,10,117,137,144,145,251,262,290,292,296,351,364,379,396,429,540,591,647,715,838,921,948,949,1118,1121,1343,1359,1361,1396,1540,1971,2412,2455,2564,2573,2628,2774,2775,2776,2777,2778,2779,2780,2781,2782,2783,2784,2785,2786,2787,2788,2789,2790,2791,2792,3291,3663,3677,3679,3686,3690,4247,4327,5082,5351,5432,5433,5434,6003,6004,6005,6006,6007,6008,6009,6010,6011,6012,6013,
225;0;7200;7250;1;9,10,117,137,144,145,251,262,274,290,292,296,351,364,379,396,429,540,591,644,647,715,831,838,855,898,921,946,948,949,1118,1121,1343,1359,1361,1396,1540,1569,1764,1971,2412,2455,2468,2564,2573,2628,2774,2775,2776,2777,2778,2779,2780,2781,2782,2783,2784,2785,2786,2787,2788,2789,2790,2791,2792,3291,3663,3677,3679,3686,3690,4247,4327,5082,5331,5351,5432,5433,5434,6003,
225;1;7250;7344;1;9,10,55,117,137,144,145,251,262,274,290,292,296,351,364,379,396,429,540,565,591,644,647,715,831,838,855,898,921,946,948,949,1118,1121,1343,1359,1361,1396,1540,1569,1764,1971,2231,2412,2455,2468,2564,2573,2628,2774,2775,2776,2777,2778,2779,2780,2781,2782,2783,2784,2785,2786,2787,2788,2789,2790,2791,2792,3291,3663,3677,3679,3686,3690,3870,4247,4327,5331,5432,7026,
131;0;7344;7436;1;9,10,55,117,137,144,145,251,262,274,276,290,292,296,351,364,379,396,429,540,565,591,644,647,692,715,831,838,855,898,921,946,948,949,1118,1121,1343,1359,1361,1396,1540,1569,1764,1971,2231,2412,2455,2468,2564,2573,2605,2628,2692,2774,2775,2776,2777,2778,2779,2780,2781,2782,2783,2784,2785,2786,2787,2788,2789,2790,2791,2986,3532,4376,5331,5402,5432,5483,5484,5485,
131;1;7436;7491;1;98,100,118,137,144,145,245,262,290,337,343,364,429,644,647,666,677,692,694,715,765,838,855,861,948,949,1069,1096,1097,1118,1481,1971,2225,2318,2461,2573,2626,2628,2643,2650,2661,2691,2774,2775,2777,2778,2903,4044,4259,4391,4412,4428,5432,5525,5633,5637,5640,5722,5723,5868,5869,6022,6023,6164,6225,8094,8095,8096,8097,8098,8099,8100,8101,8102,8103,8104,8105,8106,8107,8108,
517;0;7491;7639;1;98,100,118,137,144,145,245,262,290,337,343,364,429,644,647,666,677,692,694,715,765,838,855,861,948,949,1069,1096,1097,1118,1481,1971,2225,2318,2461,2573,2626,2628,2643,2650,2661,2691,2774,2775,2777,2778,2903,4044,4259,4391,4412,4428,5432,5525,5633,5637,5640,5722,5723,5868,5869,5951,5959,5963,5966,5968,5976,5980,5987,5992,6022,6023,6151,6164,6556,6583,6727,6729,7132,7134,
606;0;7639;7790;1;98,100,118,137,144,145,245,262,290,337,343,364,429,644,647,666,677,692,694,715,765,838,855,861,948,949,1069,1096,1097,1118,1481,1971,2225,2318,2461,2573,2626,2628,2643,2650,2661,2691,2774,2775,2777,2778,2903,4044,4259,4391,4412,4428,5432,5525,5633,5637,5640,5722,5723,5868,5869,5951,5959,5963,5966,5968,5976,5980,5987,6360,6926,7284,7644,7648,8216,8219,8221,8225,8227,8228,
699;0;7790;7944;1;26,100,137,144,145,146,149,262,290,364,398,429,644,647,698,715,838,855,948,949,1117,1118,1146,1149,1270,1476,1479,1481,1588,1920,1971,2175,2225,2318,2420,2488,2582,2668,2713,2774,2775,2777,2778,2903,3581,4398,4473,4733,4734,4964,4965,4966,4972,5182,5432,5649,5721,6180,6441,6918,6919,6920,6921,6922,7227,7324,7801,7802,7804,7805,7806,7812,7814,7839,7840,7841,7842,7843,7844,8463,
587;0;7944;8100;1;26,100,137,144,145,146,149,262,290,364,398,429,644,647,698,715,838,855,948,949,1117,1118,1146,1149,1270,1476,1479,1481,1588,1920,1971,2175,2225,2318,2420,2488,2582,2668,2713,2774,2775,2777,2778,2903,3581,4398,4473,4733,4734,4964,4965,4966,4972,5182,5432,5649,5721,6180,6441,6918,6919,6920,6921,6922,7227,7324,7801,7802,7804,7805,7806,7812,7814,7839,7840,7841,7842,7843,7844,8463,
732;0;8100;8257;1;26,100,137,144,145,146,149,262,290,364,398,429,644,647,698,715,838,855,948,949,1117,1118,1146,1149,1270,1476,1479,1481,1588,1920,1971,2175,2225,2318,2420,2488,2582,2668,2713,2774,2775,2777,2778,2903,3581,4398,4473,4733,4734,4964,4965,4966,4972,5182,5432,5649,5721,6180,6441,6918,6919,6920,6921,6922,7227,7324,7801,7802,7804,7805,7806,7812,7814,7839,7840,7841,7842,7843,7844,8463,
214;0;8257;8284;1;26,100,137,144,145,146,149,262,290,364,398,429,644,647,698,715,838,855,948,949,1117,1118,1146,1149,1270,1476,1479,1481,1588,1920,1971,2175,2225,2318,2420,2488,2582,2668,2713,2774,2775,2777,2778,2903,3581,4398,4473,4733,4734,4964,4965,4966,4972,5182,5432,5649,5721,6180,6441,6918,6919,6920,6921,6922,7227,7324,7801,7802,7804,7805,7806,7812,7814,7839,7840,7841,7842,7843,7844,8463,
214;1;8640;8772;1;26,100,137,144,145,146,149,225,231,262,288,290,291,329,364,377,397,398,429,644,647,698,715,838,839,855,901,948,949,1117,1118,1146,1149,1170,1270,1476,1479,1481,1588,1809,1884,1920,1971,2175,2225,2318,2420,2488,2504,2582,2645,2668,2774,2775,2777,2778,2903,3263,3435,4604,4605,4606,4612,4759,4800,5043,5432,5890,5891,5892,5894,5895,5898,5899,5901,6126,6127,6128,6129,6130,
680;0;8772;8932;1;3,26,100,137,144,145,146,149,225,231,262,288,290,291,329,364,377,390,397,398,429,644,647,698,715,838,839,855,901,948,949,1048,1051,1054,1117,1118,1145,1146,1149,1170,1270,1358,1476,1479,1481,1588,1604,1809,1814,1884,1920,1945,1970,1971,2175,2225,2318,2420,2488,2504,2582,2645,2668,2774,2775,2777,2778,2903,3263,3435,4604,4605,4606,4612,4759,4800,5043,5432,5890,5891,
641;0;8932;9094;1;3,8,26,100,137,144,145,146,149,225,231,241,262,288,290,291,329,364,377,390,397,398,402,429,640,644,645,647,698,715,838,839,855,901,948,949,1048,1051,1054,1057,1117,1118,1145,1146,1149,1170,1270,1358,1476,1479,1481,1588,1604,1809,1814,1884,1920,1945,1970,1971,2107,2175,2225,2318,2420,2488,2504,2645,2774,2775,2777,2778,2815,2903,3263,3435,4604,4606,5043,5432,
729;0;9094;9258;1;3,8,26,100,137,139,144,145,146,149,225,231,241,262,275,288,290,291,301,321,329,364,377,390,397,398,402,429,640,644,645,647,698,715,833,838,839,855,863,901,948,949,1048,1051,1054,1057,1060,1093,1117,1118,1134,1145,1146,1149,1170,1270,1502,1670,1809,1814,2175,2224,2225,2318,2645,2774,2775,2777,2778,2815,2903,3263,4535,4553,4604,4606,4746,5043,5432,5627,
716;0;9258;9423;1;19,20,26,34,38,40,46,60,74,76,79,97,100,139,144,145,149,190,208,225,231,241,256,262,275,288,290,364,404,429,476,546,569,645,715,778,948,979,1146,1270,1293,1390,1401,1474,1478,1587,1814,2066,2091,2197,2225,2289,2305,2318,2355,2645,2774,2775,2777,2778,2815,2903,3263,3361,3577,3766,3871,3872,3873,3874,3875,3876,3877,3878,3879,4645,5825,6244,8484,8485,
774;0;9423;9593;1;19,20,26,34,38,40,46,60,74,76,79,97,100,139,144,145,149,190,208,225,231,241,256,262,275,288,290,364,404,429,476,546,569,645,715,778,948,979,1146,1270,1293,1390,1401,1474,1478,1587,1814,2066,2091,2197,2225,2289,2305,2318,2355,2645,2774,2775,2777,2778,2815,2903,3263,3361,3577,3766,3871,3872,3873,3874,3875,3876,3877,3878,3879,4645,5825,6244,8484,8485,
85;0;9593;9686;1;19,20,26,34,38,40,46,60,74,76,79,97,100,139,144,145,149,190,208,225,231,241,256,262,275,288,290,364,404,429,476,546,569,645,715,778,948,979,1146,1270,1293,1390,1401,1474,1478,1587,1814,2066,2091,2197,2225,2289,2305,2318,2355,2645,2774,2775,2777,2778,2815,2903,3263,3361,3577,3766,3871,3872,3873,3874,3875,3876,3877,3878,3879,4645,5825,6244,8484,8485,
85;1;9686;9765;1;19,20,26,34,38,40,46,60,74,76,79,97,100,139,144,145,149,190,208,225,231,241,256,262,275,288,290,364,404,429,476,546,569,645,715,778,948,979,1146,1270,1293,1390,1401,1474,1478,1587,1814,2066,2091,2197,2225,2289,2305,2318,2355,2645,2774,2775,2777,2778,2815,2903,3263,3361,3577,3766,3871,3872,3873,3874,3875,3876,3877,3878,3879,4645,5825,6244,8484,8485,
Machine: 3
779;0;0;4;1;1,90,95,100,136,137,144,177,262,267,268,272,277,286,288,291,305,306,310,313,314,321,385,436,647,677,694,715,765,862,890,911,1093,1131,1361,1363,1397,1429,1430,1445,1481,1528,1676,1807,2052,2053,2109,2117,2462,2628,2646,2661,2678,2903,3278,3390,3391,4412,4677,4937,5344,5345,5347,5525,5722,5723,6022,6225,6226,6517,6518,6519,6520,7188,7298,7899,8303,8530,8727,8728,
31;0;4;152;0;1,90,95,100,136,137,144,177,262,267,268,272,277,286,288,291,305,306,310,313,314,321,385,436,647,677,694,715,765,862,890,911,1093,1131,1361,1363,1397,1429,1430,1445,1481,1528,1676,1807,2052,2053,2109,2117,2462,2628,2646,2661,2678,2903,3278,3390,3391,4412,4677,4937,5344,5345,5347,5525,5722,5723,6022,6225,6226,6517,6518,6519,6520,7188,7298,7899,8303,8530,8727,8728,
31;1;152;320;0;1,90,95,100,136,137,144,177,262,267,268,272,277,286,288,291,305,306,310,313,314,321,385,436,647,677,694,715,765,862,890,911,1093,1131,1361,1363,1397,1429,1430,1445,1481,1528,1676,1807,2052,2053,2109,2117,2462,2628,2646,2661,2678,2903,3278,3390,3391,4412,4677,4937,5344,5345,5347,5525,5722,5723,6022,6225,6226,6517,6518,6519,6520,7188,7298,7899,8303,8530,8727,8728,
127;0;320;493;0;89,90,95,100,117,137,144,177,262,267,268,272,277,286,288,291,305,314,321,436,607,647,677,694,715,765,862,890,911,1093,1361,1397,1445,1481,1528,1915,2052,2109,2347,2467,2628,2646,2661,2678,2721,2903,3638,4412,4937,5344,5345,5346,5347,5392,5525,5538,5637,5691,5722,5723,5775,6022,6026,6225,6226,6451,6454,6455,7188,7298,8095,8303,8349,8530,8727,8728,8729,8730,8731,8732,
127;1;493;612;0;26,89,90,95,100,117,137,144,177,262,267,268,272,277,286,288,291,305,314,321,366,408,415,436,528,532,544,607,647,677,694,715,765,862,890,911,1093,1270,1271,1278,1279,1287,1293,1295,1322,1361,1397,1445,1481,1528,1915,2052,2109,2347,2467,2628,2646,2661,2678,2721,2903,3413,3638,3876,3908,4108,4412,4937,5344,5392,5525,5538,5691,5722,5723,6225,6226,7074,8095,8530,
197;0;612;776;0;26,95,137,138,144,192,225,234,262,267,268,272,288,291,292,305,329,348,377,398,404,495,528,598,647,1087,1117,1262,1287,1293,1322,1398,1472,1474,1478,1480,1849,2157,2216,2220,2485,2529,3707,4357,4422,4423,4489,4913,5091,5110,5681,5703,5949,5995,6766,9222,9223,9224,9225,9229,9230,9231,9232,9233,9234,9235,9236,9237,9238,9239,9240,9241,9242,9243,9244,9245,9246,9247,9248,9249,
197;1;776;895;0;26,95,137,138,144,192,225,234,262,267,268,272,288,291,292,305,329,348,377,398,404,495,528,598,647,1087,1117,1262,1287,1293,1322,1398,1472,1474,1478,1480,1849,2157,2216,2220,2485,2529,3707,4357,4422,4423,4489,4913,5091,5110,5681,5703,5949,5995,6766,9222,9223,9224,9225,9229,9230,9231,9232,9233,9234,9235,9236,9237,9238,9239,9240,9241,9242,9243,9244,9245,9246,9247,9248,9249,
202;0;895;917;0;26,95,137,138,144,192,225,234,262,267,268,272,288,291,292,305,329,348,377,398,404,495,528,598,647,1087,1117,1262,1287,1293,1322,1398,1472,1474,1478,1480,1849,2157,2216,2220,2485,2529,3707,4357,4422,4423,4489,4913,5091,5110,5681,5703,5949,5995,6766,9222,9223,9224,9225,9229,9230,9231,9232,9233,9234,9235,9236,9237,9238,9239,9240,9241,9242,9243,9244,9245,9246,9247,9248,9249,
202;1;917;1092;0;26,95,137,138,144,192,225,234,262,267,268,272,288,291,292,305,329,348,377,398,404,495,528,598,647,1087,1117,1262,1287,1293,1322,1398,1472,1474,1478,1480,1849,2157,2216,2220,2485,2529,3707,4357,4422,4423,4489,4913,5091,5110,5681,5703,5949,5995,6766,9222,9223,9224,9225,9229,9230,9231,9232,9233,9234,9235,9236,9237,9238,9239,9240,9241,9242,9243,9244,9245,9246,9247,9248,9249,
73;0;1092;1175;0;26,95,137,138,144,192,225,234,262,267,268,272,288,291,292,305,329,348,377,398,404,495,528,598,647,1087,1117,1262,1287,1293,1322,1398,1472,1474,1478,1480,1849,2157,2216,2220,2485,2529,3707,4357,4422,4423,4489,4913,5091,5110,5681,5703,5949,5995,6766,9222,9223,9224,9225,9229,9230,9231,9232,9233,9234,9235,9236,9237,9238,9239,9240,9241,9242,9243,9244,9245,9246,9247,9248,9249,
73;1;1440;1541;0;26,95,137,138,144,192,225,234,262,267,268,272,288,291,292,305,329,348,377,398,404,495,528,598,647,1087,1117,1262,1287,1293,1322,1398,1472,1474,1478,1480,1849,2157,2216,2220,2485,2529,3469,3470,3471,3472,3473,3474,3475,3476,3477,3478,3479,3480,3481,3482,3657,3658,3707,4357,4422,4423,4489,4913,5091,5110,5681,5703,5949,5995,6766,9222,9223,9224,9225,9229,9230,9231,9232,9233,
206;0;1541;1617;0;26,95,137,138,144,192,225,231,234,245,262,267,268,272,288,291,292,305,329,348,377,395,398,404,495,528,598,647,1087,1117,1146,1262,1287,1293,1322,1398,1472,1474,1478,1480,1849,2157,2216,2220,2485,2529,3469,3470,3471,3472,3473,3474,3475,3476,3477,3478,3479,3480,3481,3482,3657,3658,3707,4357,4422,4423,4489,4913,5091,5110,5681,5703,5949,5995,6106,6766,9222,9223,9224,9225,
206;1;1617;1711;0;15,24,26,54,60,95,137,138,144,192,225,231,234,245,262,267,268,272,288,291,292,305,329,348,377,395,398,404,495,528,598,647,871,991,1087,1117,1146,1262,1287,1293,1322,1398,1472,1474,1478,1480,1849,2062,2063,2157,2216,2220,2485,2529,3345,3346,3469,3470,3471,3472,3473,3474,3475,3476,3477,3478,3479,3480,3481,3482,3657,3658,4313,4314,4315,4316,4317,4318,5091,5949,
228;0;1711;1716;0;15,24,26,54,60,95,137,138,144,192,225,231,234,245,262,267,268,272,288,291,292,305,329,348,377,395,398,404,495,528,598,647,871,991,1087,1117,1146,1262,1287,1288,1293,1322,1398,1472,1474,1478,1480,1849,2062,2063,2157,2216,2220,2259,2410,2417,2418,2419,2420,2421,2485,2529,3345,3346,3469,3470,3471,3472,3473,3474,3475,3476,3477,3478,3479,3480,3481,3482,5091,5949,
228;1;1716;1873;0;15,24,26,54,60,95,137,138,144,192,225,231,234,245,262,267,268,272,288,291,292,305,329,348,377,395,398,404,495,528,598,647,871,991,1087,1117,1146,1262,1287,1288,1293,1322,1398,1472,1474,1478,1480,1849,2062,2063,2157,2216,2220,2259,2410,2417,2418,2419,2420,2421,2485,2529,3345,3346,3469,3470,3471,3472,3473,3474,3475,3476,3477,3478,3479,3480,3481,5091,5949,7453,
696;0;1873;2033;0;15,24,26,54,60,95,97,137,138,144,178,179,181,184,192,225,231,234,245,262,267,268,272,273,285,288,291,292,305,307,308,309,317,329,348,377,395,398,404,495,528,598,647,871,991,1087,1117,1132,1146,1262,1287,1288,1293,1322,1379,1398,1472,1474,1478,1480,1680,1849,2062,2063,2157,2216,2220,2259,2410,2418,2419,2420,3346,3469,3470,3472,3473,3475,5091,5949,
697;0;2033;2187;0;24,95,137,139,144,145,225,231,245,273,288,290,291,297,332,377,395,398,404,429,647,769,876,891,948,1023,1024,1118,1134,1398,1424,1473,1474,1478,1587,1809,1816,1920,1922,2359,2407,3312,3484,3503,3682,4112,4552,4735,4736,4979,4980,4981,5206,5351,5951,5955,5959,5966,5968,5976,5980,5987,5991,5992,6184,6463,6559,6711,6712,6713,6714,6715,6716,6717,6718,6719,7215,7216,7218,7219,
151;0;2187;2207;0;24,95,137,139,144,145,225,231,245,273,288,290,291,297,332,377,395,398,404,429,647,769,876,891,948,1023,1024,1118,1134,1398,1424,1473,1474,1478,1587,1809,1816,1920,1922,2359,2407,3312,3484,3503,3682,4112,4552,4735,4736,4979,4980,4981,5206,5351,5951,5955,5959,5966,5968,5976,5980,5987,5991,5992,6184,6463,6559,6711,6712,6713,6714,6715,6716,6717,6718,6719,7215,7216,7218,7219,
151;1;2207;2326;0;24,95,137,139,144,145,225,231,245,273,288,290,291,297,332,377,395,398,404,429,647,769,876,891,948,1023,1024,1118,1134,1398,1424,1473,1474,1478,1587,1809,1816,1920,1922,2359,2407,3312,3484,3503,3682,4112,4552,4735,4736,4979,4980,4981,5206,5351,5951,5955,5959,5966,5968,5976,5980,5987,5991,5992,6184,6463,6559,6711,6712,6713,6714,6715,6716,6717,6718,6719,7215,7216,7218,7219,
222;0;2326;2439;0;24,95,137,139,144,145,225,231,245,273,288,290,291,297,332,377,395,398,404,429,647,769,876,891,948,1023,1024,1118,1134,1398,1424,1473,1474,1478,1587,1809,1816,1920,1922,2359,2407,3312,3484,3503,3682,4112,4552,4735,4736,4979,4980,4981,5206,5351,5951,5955,5959,5966,5968,5976,5980,5987,5991,5992,6184,6463,6559,6711,6712,6713,6714,6715,6716,6717,6718,6719,7215,7216,7218,7219,
222;1;2880;2901;0;24,95,137,139,144,145,225,231,245,273,288,290,291,297,332,377,395,398,404,429,518,549,647,769,876,891,948,1023,1024,1118,1134,1398,1424,1473,1474,1478,1587,1809,1816,1920,1922,2359,2407,3312,3484,3503,3682,4112,4552,4735,4736,4912,4979,4980,4981,5206,5351,5951,5955,5959,5966,5968,5976,5980,5987,5991,5992,6184,6463,6559,6711,6712,6713,6714,6715,6716,6717,6718,7215,7831,
516;0;2901;3013;0;24,95,137,139,144,145,185,202,205,206,225,231,245,273,288,290,291,297,332,377,395,398,404,429,518,549,647,660,769,791,868,876,891,948,964,1011,1023,1024,1118,1134,1398,1424,1463,1473,1474,1478,1587,1809,1816,1920,1922,2359,2407,2966,3264,3312,3484,3503,3682,4112,4552,4735,4736,4912,4979,4980,4981,5206,5351,5951,5955,5959,5966,5968,5976,5980,5987,5991,5992,7215,
621;0;3013;3116;0;24,95,137,139,144,145,185,202,205,206,225,226,230,231,245,273,288,290,291,297,329,332,377,395,397,398,404,429,518,647,769,839,891,948,1118,1134,1398,1473,1474,1478,1587,1809,1816,1884,1920,2407,2504,2645,2774,2778,3263,3312,4112,4552,4604,4605,4721,5191,5894,5895,5898,5899,5901,5951,5955,5959,5966,5968,5976,5980,5987,5991,5992,6126,6128,6129,6362,6363,6364,7215,
583;0;3116;3214;0;24,95,137,139,144,145,185,202,205,206,225,226,230,231,245,273,288,290,291,297,329,332,377,395,397,398,404,429,518,647,769,839,891,948,1118,1134,1398,1473,1474,1478,1587,1809,1816,1884,1920,2407,2504,2645,2774,2778,3263,3312,4112,4552,4604,4605,4721,5191,5894,5895,5898,5899,5901,5951,5955,5959,5966,5968,5976,5980,5987,5991,5992,6126,6357,6360,6585,7215,7478,7526,
531;0;3214;3310;0;24,95,137,139,144,145,185,202,205,206,225,226,230,231,242,245,262,273,288,290,291,297,329,332,377,390,395,397,398,404,429,518,647,769,839,891,895,948,1118,1134,1230,1398,1473,1474,1478,1522,1587,1726,1809,1816,1884,1920,2407,2465,2504,2645,2774,2778,2892,3263,3312,4112,4552,4604,4605,5191,5951,5955,5959,5966,5968,5976,5980,5987,5991,5992,6045,6360,6585,7215,
221;0;3310;3362;0;24,26,95,137,139,144,145,185,225,226,231,242,245,255,262,273,288,297,329,377,390,395,397,398,404,429,528,529,647,748,754,769,891,895,948,1118,1134,1268,1269,1272,1277,1280,1287,1288,1291,1293,1294,1322,1473,1474,1478,1587,1809,1920,2080,2147,2407,2645,2774,2778,3312,3597,3703,3704,4451,4552,5951,5955,5959,5966,5968,5976,5980,5987,5991,5992,6018,6585,7041,7215,
221;1;3362;3397;0;24,26,95,137,139,144,145,185,225,226,231,242,245,255,262,273,288,297,329,377,390,395,397,398,404,429,528,529,647,748,754,769,891,895,948,1118,1134,1268,1274,1277,1280,1287,1288,1293,1294,1295,1297,1322,1473,1474,1478,1587,1702,1809,1920,2261,2407,2419,2420,2444,2446,2645,2774,2778,3312,3703,4206,4552,5951,5955,5959,5966,5968,5976,5980,5987,5991,5992,6585,7215,
143;0;3397;3466;0;24,26,61,95,137,139,144,145,157,185,225,226,231,242,245,255,262,273,288,297,329,377,390,395,397,398,404,429,457,528,529,647,658,748,754,769,891,895,948,1118,1134,1268,1274,1277,1280,1287,1288,1293,1294,1295,1322,1473,1474,1478,1587,1809,1851,1920,2407,2415,2416,2420,2645,2774,2778,3312,3703,4552,5951,5955,5959,5966,5968,5976,5980,5987,5991,5992,6585,7215,
143;1;3466;3474;0;24,26,61,95,137,139,144,145,185,225,226,228,229,231,234,240,243,245,255,262,268,273,286,288,297,329,377,390,395,397,398,404,429,647,769,827,891,895,948,1094,1096,1097,1099,1118,1134,1277,1287,1288,1293,1295,1390,1472,1473,1474,1478,1587,1809,1920,2103,2407,2420,2645,2774,2778,3312,4552,4881,4882,5951,5955,5959,5966,5968,5976,5980,5987,5991,5992,6585,7215,
712;0;3474;3538;0;24,26,61,95,137,139,144,145,185,225,226,228,229,231,234,240,243,245,255,262,268,273,286,288,297,329,377,390,391,395,397,398,404,429,647,769,827,891,895,948,1094,1099,1117,1118,1134,1147,1277,1287,1288,1293,1295,1390,1469,1472,1473,1474,1478,1587,1809,1920,2103,2407,2420,2645,2774,2778,3312,4552,5951,5955,5959,5966,5968,5976,5980,5987,5991,5992,6585,7215,
695;0;3538;3599;0;8,9,95,137,139,143,144,145,146,225,243,259,288,377,382,390,395,397,398,404,429,647,769,775,838,893,895,948,1054,1095,1117,1118,1124,1171,1361,1397,1473,1474,1478,1488,1683,1799,1809,1920,1973,2224,2455,2645,2774,2821,2988,3037,3130,3267,3312,3743,4533,4552,4637,4748,4890,5951,5955,5959,5966,5968,5976,5980,5987,5991,5992,6513,6809,6813,6814,6815,6821,6822,6823,7215,
618;0;3599;3659;0;8,95,100,138,139,142,144,177,178,179,180,181,182,184,225,233,243,277,304,314,321,342,390,395,397,398,402,404,429,643,644,645,677,715,765,838,948,1051,1057,1474,1475,1478,1479,1481,1679,1803,1814,1933,2109,2222,2223,2455,2475,2628,2649,2661,4802,4934,5525,5679,5680,5722,5869,5951,5955,5959,5966,5968,6114,6352,7215,7254,7255,7256,7257,7258,7259,7260,9216,9217,
764;0;3659;3714;0;8,95,100,138,139,142,144,177,178,179,180,181,182,184,225,233,243,277,304,314,321,342,390,395,397,398,402,404,429,643,644,645,677,715,765,838,948,1051,1057,1474,1475,1478,1479,1481,1679,1803,1814,1933,2109,2222,2223,2455,2475,2628,2649,2661,4802,4934,5525,5679,5680,5722,5869,5951,5955,5959,5966,5968,6114,6352,7215,7254,7255,7256,7257,7258,7259,7260,9216,9217,
679;0;3714;3748;0;8,95,100,138,139,142,144,177,178,179,180,181,182,184,225,233,243,277,304,314,321,342,390,395,397,398,402,404,429,643,644,645,677,715,765,838,948,1051,1057,1474,1475,1478,1479,1481,1679,1803,1814,1933,2109,2222,2223,2455,2475,2628,2649,2661,4802,4934,5525,5679,5680,5722,5869,5951,5955,5959,5966,5968,6114,6352,7215,7254,7255,7256,7257,7258,7259,7260,9216,9217,
578;0;3748;3776;0;8,95,100,138,139,142,144,177,178,179,180,181,182,184,225,233,243,277,304,314,321,342,390,395,397,398,402,404,429,643,644,645,677,715,765,838,948,1051,1057,1474,1475,1478,1479,1481,1679,1803,1814,1933,2109,2222,2223,2455,2475,2628,2649,2661,4802,4934,5525,5679,5680,5722,5869,5951,5955,5959,5966,5968,6114,6352,7215,7254,7255,7256,7257,7258,7259,7260,9216,9217,
613;0;3776;3785;1;8,95,100,138,139,142,144,177,178,179,180,181,182,184,225,233,243,277,304,314,321,342,390,395,397,398,402,404,429,643,644,645,677,715,765,838,948,1051,1057,1474,1475,1478,1479,1481,1679,1803,1814,1933,2109,2222,2223,2455,2475,2628,2649,2661,4802,4934,5525,5679,5680,5722,5869,5951,5955,5959,5966,5968,6114,6352,7215,7254,7255,7256,7257,7258,7259,7260,9216,9217,
633;0;3785;3800;1;8,95,100,138,139,142,144,177,178,179,180,181,182,184,225,233,243,277,304,314,321,342,390,395,397,398,402,404,429,643,644,645,677,715,765,838,948,1051,1057,1474,1475,1478,1479,1481,1679,1803,1814,1933,2109,2222,2223,2455,2475,2628,2649,2661,4802,4934,5525,5679,5680,5722,5869,5951,5955,5959,5966,5968,6114,6352,7215,7254,7255,7256,7257,7258,7259,7260,9216,9217,
89;0;4320;4328;1;8,95,100,138,139,142,144,225,233,243,277,314,321,390,395,398,402,404,429,645,677,715,765,815,838,898,948,1051,1444,1474,1478,1479,1481,1524,1814,1919,2091,2337,2546,2553,2602,2628,2658,2661,2677,2900,2984,3291,3519,4934,5140,5175,5223,5525,5723,5830,5869,5951,5955,5959,5966,5968,7463,7835,8095,8321,8625,8626,8627,8628,8629,8630,8631,8632,8633,8634,8635,8636,8637,8638,
89;1;4328;4340;1;8,95,100,139,142,144,225,233,243,277,321,390,395,398,402,404,429,645,677,715,765,838,948,1051,1474,1478,1479,1481,2546,2602,2628,2658,2661,2677,2900,3310,3312,3472,3684,3686,5525,5723,5830,5869,5951,5952,5953,5954,5955,5957,5958,5959,5962,5963,5964,5965,5966,5968,5970,5975,5976,5978,5979,5980,5984,5985,5986,5987,5988,5991,5992,6375,6376,6377,6378,6379,6380,6381,6382,6383,
656;0;4340;4362;1;8,95,100,139,142,144,225,233,243,277,321,390,395,398,402,404,429,645,677,715,765,838,948,1051,1474,1478,1479,1481,2347,2546,2602,2628,2645,2658,2661,2677,2900,3310,3312,3472,3684,3686,5392,5525,5723,5830,5869,5951,5952,5953,5954,5955,5957,5958,5959,5962,5963,5964,5965,5966,5968,5970,5975,5976,5978,5979,5980,5984,5985,5986,5987,5988,5991,5992,6375,6377,7213,7295,7316,8442,
750;0;4362;4393;1;8,92,95,100,139,142,144,225,233,243,277,321,390,395,398,402,404,429,645,677,715,765,773,838,948,1051,1474,1478,1479,1481,2318,2347,2546,2602,2628,2645,2658,2661,2677,2900,3310,3312,3472,3684,3686,5392,5525,5723,5830,5869,5951,5952,5953,5954,5955,5957,5958,5959,5962,5963,5964,5965,5966,5968,5970,5975,5976,5978,5979,5980,5984,5985,5986,5987,5988,5992,6377,7626,7804,7840,
700;0;4393;4426;1;8,89,90,95,100,139,142,144,225,233,277,321,390,395,398,402,404,429,437,645,677,694,715,765,773,835,838,849,949,1051,1474,1478,1479,1481,1529,2318,2491,2510,2546,2602,2628,2636,2645,2658,2661,2677,2683,2714,2728,2900,2974,3472,3581,4673,5525,5538,5691,5706,5723,5830,5869,6225,6226,6377,6723,7208,7217,7299,7319,7320,7583,7584,7626,7871,8129,8425,8528,8529,8530,8531,
723;0;4426;4467;1;8,89,90,95,100,139,142,144,146,225,233,277,321,390,395,398,402,404,429,436,437,645,677,694,715,765,773,835,838,849,949,1051,1117,1149,1473,1474,1478,1479,1481,1529,1920,2318,2491,2510,2546,2602,2628,2636,2645,2658,2661,2677,2683,2714,2728,2900,2974,3472,3581,4405,4473,4673,4675,4964,4965,4966,4967,4971,4972,4973,4974,5525,5723,5830,5869,6226,6377,7626,8129,8528,
602;0;4467;4511;1;8,89,90,95,100,139,142,144,146,225,233,274,277,321,390,395,398,402,404,429,436,437,645,677,694,715,765,773,835,838,849,949,1051,1117,1149,1473,1474,1478,1479,1481,1529,1920,2318,2491,2510,2546,2602,2628,2645,2658,2661,2677,2714,2900,3279,3280,3281,3282,3283,3472,3581,4405,4473,4964,4965,4966,4967,4971,4972,4973,4974,5525,5723,5830,5869,6226,6377,7626,8129,8528,
576;0;4511;4557;1;8,89,90,95,100,139,142,144,146,225,233,274,277,321,390,395,398,402,404,429,436,645,677,715,765,773,835,838,849,949,1051,1117,1149,1473,1474,1478,1479,1481,1529,1920,2318,2510,2546,2602,2628,2658,2661,2677,2714,2900,3232,3469,3472,3475,3486,3487,3498,3687,3688,3689,3690,4405,4473,4964,4965,4966,4967,4971,4972,4973,4974,5525,5723,5830,5869,6226,6377,7626,8129,8528,
549;0;4557;4608;1;3,8,95,100,137,139,142,144,225,233,274,276,288,321,390,395,402,404,429,645,647,677,715,765,769,838,854,855,911,912,949,1093,1118,1236,1473,1474,1478,1481,1488,1809,2318,2492,2532,2546,2602,2628,2658,2661,2677,2695,2783,4552,4632,4650,5259,5525,5698,5700,5723,5830,5869,7626,7711,7712,7713,7714,7715,7716,7717,7718,7719,7720,7721,7722,7723,7724,7725,7726,7727,8528,
503;0;4608;4660;1;3,8,55,95,100,137,139,142,144,225,233,274,276,288,321,374,390,395,402,404,429,645,647,677,715,765,769,838,854,855,911,912,949,1093,1118,1236,1473,1474,1478,1481,1488,1809,2318,2492,2532,2546,2602,2628,2658,2661,2677,2695,2783,3381,4012,4262,4456,4458,4552,4632,4650,5259,5525,5698,5700,5723,5830,5869,7626,7711,7712,7713,7714,7715,7716,7717,7718,7719,7720,8528,
557;0;4660;4722;1;3,8,55,95,100,137,139,142,144,225,233,274,276,288,297,341,390,395,402,404,429,677,715,765,834,911,949,1073,1308,1395,1451,1474,1478,1481,1488,1489,1809,1915,2253,2318,2338,2602,2627,2628,2637,2658,2661,2675,2677,2684,2686,2691,2770,2774,2775,2776,3292,3381,3534,4361,4365,4567,4635,5329,5344,5525,5723,5830,5869,7458,7626,8528,8686,8687,8688,8689,8690,8691,8692,8693,
590;0;4722;4788;1;3,8,55,95,100,137,139,142,144,225,233,274,276,288,297,341,390,395,396,402,404,429,434,677,715,765,834,911,949,1073,1134,1308,1395,1451,1474,1478,1481,1488,1489,1809,1915,1971,2253,2318,2338,2602,2627,2628,2637,2658,2661,2675,2677,2684,2686,2691,2729,2774,2778,3381,3534,4361,4365,4567,4627,4635,5329,5411,5525,5605,5723,5748,5830,5841,5853,5854,5858,5869,8686,8687,
634;0;4788;4855;1;3,8,55,95,100,137,139,142,144,225,233,274,276,288,297,341,390,395,396,402,404,429,434,677,715,765,834,911,949,1073,1134,1308,1395,1451,1474,1478,1481,1488,1489,1809,1915,1971,2253,2318,2338,2592,2602,2627,2628,2637,2658,2661,2675,2677,2684,2686,2691,2729,2774,2778,3381,3534,3656,4361,4365,4567,4627,4635,5329,5411,5525,5605,5723,5748,5830,5841,5853,5869,8686,8687,
204;0;4855;4894;1;3,8,55,60,95,100,137,139,142,144,225,233,274,276,288,297,341,390,395,396,402,404,429,434,677,715,727,765,834,875,911,949,1073,1134,1293,1308,1395,1451,1474,1478,1481,1488,1489,1809,1915,1971,2253,2318,2338,2592,2602,2627,2628,2637,2658,2661,2675,2677,2684,2686,2691,2729,3065,3380,3381,3534,3979,4059,4060,4061,4361,4365,4635,5329,5525,5723,5830,5869,8686,8687,
204;1;4894;4923;1;3,8,55,60,95,100,137,139,142,144,225,233,274,276,288,297,341,390,395,396,402,404,429,434,677,715,727,765,834,875,911,949,1073,1134,1293,1308,1395,1451,1474,1478,1481,1488,1489,1809,1915,1971,2253,2318,2338,2592,2602,2627,2628,2637,2658,2661,2675,2677,2684,2686,2691,2729,3065,3380,3381,3534,3739,3979,4059,4060,4361,4365,4635,5329,5525,5723,5830,5869,8686,8687,
213;0;4923;4927;1;3,8,55,60,95,100,137,139,142,144,225,233,274,276,288,297,341,390,395,396,402,404,429,434,526,677,715,727,765,834,875,911,949,1073,1134,1293,1308,1395,1451,1474,1478,1481,1488,1489,1809,1915,1971,2253,2318,2338,2592,2602,2627,2628,2637,2658,2661,2675,2677,2684,2686,2691,2729,3065,3122,3348,3380,3381,3534,3739,4361,4365,4635,5329,5525,5723,5830,5869,8686,8687,
213;1;4927;4995;1;3,8,55,60,95,100,137,139,142,144,225,233,274,276,288,297,341,390,395,396,402,404,429,434,526,640,677,715,727,765,834,875,911,949,1073,1134,1293,1308,1395,1451,1474,1478,1481,1488,1489,1809,1915,1971,2253,2318,2338,2592,2602,2627,2628,2637,2658,2661,2675,2677,2684,2686,2691,2729,3065,3122,3348,3380,3381,3534,4361,4365,4635,5329,5525,5723,5830,5869,8686,8687,
140;0;4995;5020;1;3,8,24,55,60,95,100,137,139,142,144,225,233,274,276,288,297,341,390,395,396,402,404,429,434,503,526,640,677,715,727,765,834,875,911,949,1062,1073,1134,1288,1293,1308,1395,1451,1474,1478,1481,1488,1489,1707,1809,1915,2154,2253,2318,2338,2602,2627,2628,2661,2677,2691,3346,3380,3381,3414,3534,4361,4365,4635,5329,5525,5723,5830,5869,5948,7003,7214,8686,8687,
140;1;5020;5070;1;3,20,24,25,27,37,38,39,41,43,48,50,54,55,60,76,95,137,144,189,194,217,225,251,255,256,274,395,512,573,655,677,715,772,871,872,873,874,875,907,968,971,1142,1293,1361,1456,1460,1461,1488,1580,1671,1809,2036,2353,2354,2512,2555,2628,2661,3396,3621,3855,3955,4028,4029,4030,4286,4553,4727,5513,5525,5830,6101,6107,6109,6113,7243,7657,7658,8128,
126;0;5070;5109;1;3,20,24,25,27,37,38,39,41,43,48,50,54,55,60,76,95,137,144,189,194,217,225,251,255,256,274,395,512,573,655,677,715,772,871,872,873,874,875,907,968,971,1142,1293,1361,1456,1460,1461,1488,1580,1671,1809,2036,2353,2354,2512,2555,2628,2661,3396,3621,3855,3955,4028,4029,4030,4286,4553,4727,5513,5525,5830,6101,6107,6109,6113,7243,7657,7658,8128,
126;1;5109;5149;1;3,20,24,25,27,37,38,39,41,43,48,50,54,55,60,76,95,137,144,189,194,217,225,251,255,256,274,395,512,573,655,677,715,772,871,872,873,874,875,907,968,971,1142,1293,1361,1456,1460,1461,1488,1580,1671,1809,2036,2353,2354,2512,2555,2628,2661,3396,3621,3855,3955,4028,4029,4030,4286,4553,4727,5513,5525,5830,6101,6107,6109,6113,7243,7657,7658,8128,
501;0;5149;5230;1;3,20,24,25,27,37,38,39,41,43,48,50,54,55,60,76,95,137,144,189,194,217,225,251,255,256,274,395,512,573,655,677,715,772,871,872,873,874,875,907,968,971,1142,1293,1361,1456,1460,1461,1488,1580,1671,1809,2036,2353,2354,2512,2555,2628,2661,3396,3621,3855,3955,4028,4029,4030,4286,4553,4727,5513,5525,5830,6101,6107,6109,6113,7243,7657,7658,8128,
201;0;5230;5242;1;3,20,24,25,27,37,38,39,41,43,48,50,54,55,60,76,95,137,144,189,194,217,225,251,255,256,274,395,512,573,655,677,715,772,871,872,873,874,875,907,968,971,1142,1293,1361,1456,1460,1461,1488,1580,1671,1809,2036,2353,2354,2512,2555,2628,2661,3396,3621,3855,3955,4028,4029,4030,4286,4553,4727,5513,5525,5830,6101,6107,6109,6113,7243,7657,7658,8128,
201;1;5242;5314;1;3,20,24,25,27,37,38,39,41,43,48,50,54,55,60,76,95,137,144,189,194,217,225,251,255,256,274,395,512,573,655,677,715,772,871,872,873,874,875,907,968,971,1142,1293,1361,1456,1460,1461,1488,1580,1671,1809,2036,2353,2354,2512,2555,2628,2661,3396,3621,3855,3955,4028,4029,4030,4286,4553,4727,5513,5525,5830,6101,6107,6109,6113,7243,7657,7658,8128,
601;0;5760;5848;1;3,20,24,25,27,37,38,39,41,43,48,50,54,55,58,60,76,95,137,144,189,194,217,225,247,251,255,256,274,395,512,573,655,677,715,772,871,872,873,874,875,907,968,971,1142,1293,1361,1456,1460,1461,1488,1580,1671,1809,2036,2353,2354,2418,2420,2512,2537,2555,2628,2661,2836,3396,3609,3621,3691,3706,3842,3852,3855,3955,4028,4029,5525,5998,5999,6014,
161;0;5848;5862;1;3,20,24,25,27,37,38,39,41,43,48,50,54,55,58,60,76,95,137,144,189,194,217,225,247,251,255,256,274,395,512,573,655,677,715,772,871,872,873,874,875,907,968,971,1142,1293,1361,1456,1460,1461,1488,1580,1671,1809,2036,2353,2354,2418,2420,2512,2537,2555,2628,2661,2680,2836,3396,3609,3621,3691,3706,3842,3852,3855,3955,4028,4029,5525,5998,5999,
161;1;5862;5938;1;3,20,24,25,27,37,38,39,41,43,48,50,54,55,58,60,76,95,100,137,144,189,194,217,225,247,251,255,256,274,292,395,512,573,655,677,715,772,871,872,873,874,875,907,947,968,971,1142,1293,1361,1450,1456,1481,1809,2052,2225,2318,2536,2602,2628,2661,2678,2680,2836,2951,2962,3531,5458,5525,5530,5532,5534,5723,5865,5866,5867,5868,5869,5870,5871,
706;0;5938;6030;1;3,20,24,25,27,37,38,39,41,43,48,50,54,55,58,60,76,95,100,137,144,189,194,217,225,247,251,255,256,274,292,395,512,573,655,677,715,772,871,872,873,874,875,907,947,968,971,1142,1293,1361,1450,1456,1481,1809,2052,2225,2318,2536,2602,2628,2661,2678,2680,2836,2951,2962,3531,5458,5525,5530,5532,5534,5723,5865,8838,9020,9021,9022,9023,9024,
748;0;6030;6124;1;3,20,24,25,27,37,38,39,41,43,48,50,54,55,58,60,76,95,100,137,144,189,194,217,225,247,251,255,256,274,276,292,395,512,573,655,677,715,765,772,833,871,872,873,874,875,907,947,968,971,1142,1293,1361,1450,1456,1481,1809,2052,2225,2318,2536,2602,2628,2661,2663,2678,2680,2836,2951,2962,3527,3529,3531,4948,4949,5458,5525,5530,5532,5534,
770;0;6124;6225;1;3,20,24,25,27,37,38,39,41,43,48,50,54,55,58,60,76,95,100,137,144,145,189,194,217,225,247,251,255,256,274,276,288,292,329,395,401,404,429,512,573,655,677,715,765,772,833,871,872,873,874,875,907,947,968,971,1142,1293,1361,1401,1450,1456,1474,1481,1809,2052,2225,2318,2661,2663,2678,2680,2836,2951,2962,3527,3529,3531,4949,5525,
175;0;6225;6302;1;3,20,24,25,27,37,38,39,41,43,60,95,96,100,137,139,143,144,145,149,189,225,251,262,274,276,288,292,329,351,390,391,395,404,429,640,677,715,772,833,871,872,873,874,911,947,1050,1146,1293,1361,1456,1468,1474,1478,1481,1809,1973,2052,2318,2425,2613,2661,2663,2678,2680,2836,2951,2962,3527,3529,3531,4949,5214,5525,6684,7408,9261,9262,9263,9264,
175;1;6302;6330;1;3,20,24,25,26,27,37,38,39,41,43,60,61,63,95,96,100,137,139,143,144,145,149,189,225,251,262,274,276,288,292,329,351,390,391,395,404,429,640,677,715,772,833,871,872,873,874,911,947,1050,1146,1266,1270,1275,1277,1287,1288,1293,1361,1456,1468,1474,1478,1481,1809,1973,2052,2318,2661,2663,2678,2680,2836,2951,2962,3527,3529,3531,4949,5525,
238;0;6330;6422;1;3,20,24,25,26,27,37,38,39,41,43,60,61,63,95,96,100,137,139,143,144,145,149,189,225,251,262,274,276,288,292,329,351,390,391,395,404,429,640,677,715,772,833,871,872,873,874,911,947,1050,1146,1266,1270,1275,1277,1287,1293,1456,1468,1474,1478,1481,1809,1973,2052,2318,2661,2663,2678,2680,2836,2951,2962,3527,3529,3531,4949,5525,6042,7487,
238;1;6422;6437;1;3,20,24,25,26,27,37,38,39,41,43,60,61,63,95,96,100,137,139,143,144,145,149,189,225,251,262,274,276,288,292,329,351,390,391,395,404,429,640,677,715,772,833,871,872,873,874,911,947,1050,1146,1266,1270,1275,1277,1287,1293,1456,1468,1474,1478,1481,1809,1973,2052,2318,2661,2663,2678,2680,2836,2951,2962,3527,3529,3531,4949,5525,6042,7362,
510;0;6437;6546;1;1,8,60,95,137,139,142,144,145,225,231,234,289,316,321,323,329,390,395,402,404,405,429,458,640,645,648,838,854,871,892,897,1027,1056,1062,1118,1229,1273,1293,1397,1472,1474,1476,1478,1480,1502,1587,1620,1669,1681,1682,1683,1787,1809,1811,1821,2074,2128,2174,2232,2273,2951,3380,3381,3382,3383,3384,3385,3386,3634,4503,4654,4718,5439,5767,6187,6188,6189,6190,6191,
784;0;6546;6660;1;1,8,60,95,137,139,142,144,145,225,231,234,289,316,321,323,329,390,395,402,404,405,429,458,640,645,648,838,854,871,892,897,1027,1056,1062,1118,1229,1273,1293,1397,1472,1474,1476,1478,1480,1502,1587,1620,1669,1681,1682,1683,1787,1809,1811,1821,2074,2128,2174,2232,2273,2951,3380,3381,3382,3383,3384,3385,3386,3634,4503,4654,4718,5439,5767,6187,6188,6189,6190,6191,
520;0;6660;6779;1;1,8,60,95,137,139,142,144,145,225,231,234,289,316,321,323,329,390,395,402,404,405,429,458,640,645,648,838,854,871,892,897,1027,1056,1062,1118,1229,1273,1293,1397,1472,1474,1476,1478,1480,1502,1587,1620,1669,1681,1682,1683,1787,1809,1811,1821,2074,2128,2174,2232,2273,2951,3380,3381,3382,3383,3384,3385,3386,3634,4503,4654,4718,5439,5767,6187,6188,6189,6190,6191,
608;0;7200;7320;1;1,8,60,95,137,139,142,144,145,225,231,234,289,316,321,323,329,390,395,402,404,405,429,458,640,645,648,838,854,858,871,892,897,1027,1056,1062,1118,1229,1273,1293,1397,1472,1474,1476,1478,1480,1502,1587,1620,1669,1681,1682,1683,1787,1809,1811,1821,2074,2128,2174,2232,2273,2546,2951,3380,3381,3382,3383,3384,3385,3386,3634,4503,4654,4718,5254,5439,5767,6513,7961,
652;0;7320;7441;1;1,8,24,38,60,95,137,139,142,144,145,185,189,225,231,234,289,316,321,323,329,390,395,402,404,405,429,458,491,640,645,648,838,854,858,871,872,873,874,892,897,972,1027,1056,1062,1118,1229,1273,1293,1397,1456,1472,1474,1476,1478,1480,1502,1587,1620,1669,1681,1682,1683,1787,1809,1811,1821,2074,2128,2174,2232,2273,2546,2951,3380,3381,3382,3383,3384,3385,
79;0;7441;7451;1;1,8,24,38,60,95,137,139,142,144,145,185,189,225,231,234,289,316,321,323,329,390,395,402,404,405,429,458,491,580,640,645,648,838,854,858,871,872,873,874,892,897,972,1027,1056,1062,1118,1229,1273,1293,1329,1397,1456,1472,1474,1476,1478,1480,1502,1512,1587,1620,1669,1681,1682,1683,1787,1809,1811,1821,2074,2128,2174,2221,2240,2273,2407,2836,3384,3702,
79;1;7451;7566;1;1,8,24,38,60,95,137,139,142,144,145,185,189,225,231,234,289,316,321,323,329,390,395,402,404,405,429,458,491,580,598,634,640,645,648,838,854,858,871,872,873,874,892,897,972,1027,1056,1062,1087,1118,1229,1262,1273,1278,1293,1295,1329,1397,1456,1472,1474,1476,1478,1480,1502,1512,1587,1620,1681,1781,1809,2128,2173,2220,2273,2407,3384,4217,4456,5949,
71;0;7566;7599;1;1,8,24,38,60,95,137,139,142,144,145,185,189,225,231,234,288,289,316,321,323,329,390,395,402,404,405,429,458,491,580,598,634,640,645,648,838,854,858,871,872,873,874,892,897,972,1027,1051,1056,1062,1087,1118,1134,1146,1229,1262,1273,1278,1293,1295,1329,1397,1456,1472,1473,1474,1476,1478,1480,1502,1512,1681,1757,1809,2128,2273,2407,3257,3384,3435,
71;1;7599;7695;1;1,8,24,38,60,95,137,139,142,144,145,185,189,225,231,234,288,289,316,321,323,329,390,395,402,404,405,429,458,491,580,598,634,640,645,648,838,854,858,871,872,873,874,892,897,972,1027,1051,1056,1062,1087,1118,1134,1146,1229,1262,1273,1278,1293,1295,1456,1473,1474,1476,1478,1502,1681,1809,2128,2273,2407,3384,3473,8264,8265,8266,8267,8268,8269,8270,
145;0;7695;7729;1;1,8,24,38,60,95,137,139,142,144,145,185,189,225,231,234,288,289,316,321,323,329,390,395,402,404,405,429,458,491,580,598,634,640,645,648,838,854,858,871,872,873,874,892,897,972,1027,1051,1056,1062,1087,1118,1134,1146,1229,1262,1273,1278,1293,1295,1456,1473,1474,1476,1478,1502,1681,1809,2128,2273,2407,3384,3473,8264,8265,8266,8267,8493,8494,8495,
145;1;7729;7826;1;1,8,24,38,60,95,137,139,142,144,145,185,189,225,231,234,277,288,289,294,316,321,323,329,390,395,402,404,405,429,458,491,580,598,634,640,645,648,769,838,854,858,871,872,873,874,944,945,972,1051,1118,1146,1293,1295,1456,1473,1474,1476,1478,1502,1567,1681,1809,2128,2273,2407,2543,2897,2898,2900,2901,2905,2907,2909,2910,2911,2913,3262,3378,3384,
713;0;7826;7961;1;144,145,146,149,225,226,229,230,232,240,241,242,243,274,275,277,289,321,398,429,430,591,640,769,818,819,821,822,827,843,948,951,1072,1092,1099,1117,1118,1146,1149,1398,1407,1473,1479,1481,1518,1610,1681,1843,1920,1973,2128,2246,2248,2292,2293,2294,2295,2296,2297,2298,2299,2300,2301,2302,2303,2398,2588,2680,4473,4747,4965,4972,5080,5531,5757,5984,5992,6377,6584,6585,
782;0;7961;8098;1;144,145,146,149,225,226,229,230,232,240,241,242,243,274,275,277,289,321,398,429,430,591,640,769,818,819,821,822,827,843,948,951,1072,1092,1099,1117,1118,1146,1149,1398,1407,1473,1479,1481,1518,1610,1681,1843,1920,1973,2128,2246,2248,2292,2293,2294,2295,2296,2297,2298,2299,2300,2301,2302,2303,2398,2588,2680,4473,4747,4965,4972,5080,5531,5757,5984,5992,6377,6584,6585,
644;0;8098;8242;1;144,145,146,149,225,226,229,230,232,240,241,242,243,274,275,277,289,321,398,429,430,591,640,769,818,819,821,822,827,843,948,951,1072,1092,1099,1117,1118,1146,1149,1398,1407,1473,1479,1481,1518,1610,1681,1843,1920,1973,2128,2246,2248,2292,2293,2294,2295,2296,2297,2298,2299,2300,2301,2302,2303,2398,2588,2680,4473,4747,4965,4972,5080,5531,5757,5984,5992,6377,6584,6585,
720;0;8242;8386;1;144,145,146,149,225,226,229,230,232,240,241,242,243,274,275,277,289,321,398,429,430,591,640,769,818,819,821,822,827,843,948,951,1072,1092,1099,1117,1118,1146,1149,1398,1407,1473,1479,1481,1518,1610,1681,1843,1920,1973,2128,2246,2248,2292,2293,2294,2295,2296,2297,2298,2299,2300,2301,2302,2303,2398,2588,2680,4473,4747,4965,4972,5080,5531,5757,5984,5992,6377,6584,6585,
673;0;8640;8788;1;144,145,146,149,225,226,229,230,232,240,241,242,243,274,275,277,289,321,398,429,430,591,640,695,769,818,819,821,822,827,843,946,948,951,1072,1092,1099,1117,1118,1146,1149,1398,1407,1473,1479,1481,1518,1610,1681,1843,1920,1973,2128,2246,2248,2292,2293,2294,2295,2296,2297,2691,4093,4412,4473,4965,4972,6297,7465,7608,7609,7610,7611,7612,7613,7614,7615,7616,7617,7618,
82;0;8788;8923;1;144,145,146,149,225,226,229,230,232,233,240,241,242,243,262,274,275,277,289,314,321,398,429,430,591,640,695,769,818,819,821,822,827,843,946,948,951,1072,1092,1099,1117,1118,1146,1149,1398,1407,1473,1479,1481,1484,1518,1610,1681,1843,1920,1973,2128,2246,2248,2292,2293,2294,2295,2296,2297,2691,4093,4412,4473,4749,4965,4972,6297,7465,7608,7609,7610,7611,7612,7613,
82;1;8923;8937;1;4,89,90,144,145,146,149,225,226,229,230,232,233,240,241,242,243,262,274,275,276,277,289,314,321,398,429,430,583,591,640,695,764,768,769,773,827,833,836,858,862,863,944,945,946,947,948,949,1046,1072,1099,1117,1118,1146,1149,1174,1214,1371,1398,1473,1479,1481,1484,1513,1524,1525,1532,1533,1534,1535,1536,1537,1538,1920,2691,4093,4473,4965,4972,7465,
683;0;8937;9089;1;4,89,90,144,145,146,149,225,226,229,230,232,233,240,241,242,243,262,274,275,276,277,289,314,321,398,429,430,583,591,640,695,764,768,769,773,827,833,836,858,862,863,944,945,946,947,948,949,1046,1072,1099,1117,1118,1146,1149,1174,1398,1473,1479,1481,1484,1525,1666,1920,2625,2626,2627,2629,2634,2657,2663,2691,2706,2713,2736,4093,4473,4965,4972,7465,
182;0;9089;9189;1;4,24,38,89,90,144,145,146,149,189,225,226,229,230,232,233,240,241,242,243,262,274,275,276,277,289,314,321,398,429,430,583,591,640,695,764,768,769,773,827,833,836,858,862,863,871,872,873,874,944,945,946,947,948,949,972,1046,1072,1099,1117,1118,1146,1149,1398,1456,1473,1479,1481,1484,1525,1666,1920,2626,2627,2691,4093,4473,4965,4972,7465,
182;1;9189;9245;1;4,24,38,89,90,144,145,146,147,149,189,225,226,229,230,232,233,240,241,243,262,275,276,277,289,314,321,398,429,430,436,591,640,773,827,833,863,946,948,949,1046,1068,1099,1117,1118,1146,1149,1390,1398,1473,1479,1481,1484,1525,1666,1814,1920,2626,2627,2691,4093,4405,4473,4934,4964,4965,4966,4967,4968,4969,4970,4971,4972,4973,4974,4975,4976,4977,4978,7465,
12;0;9245;9340;1;4,8,24,38,89,90,138,144,145,146,147,149,177,189,225,226,229,230,232,233,240,241,243,262,271,275,276,277,289,314,321,398,429,430,436,442,591,640,773,827,833,863,946,948,949,1046,1099,1117,1118,1119,1146,1149,1390,1398,1473,1479,1481,1484,1525,1666,1814,1827,2429,2474,2597,2626,2627,2691,3445,4093,4495,4545,6114,6810,6872,7465,9168,9169,9170,9171,
12;1;9340;9402;1;117,137,144,146,147,149,225,231,244,249,262,268,273,275,277,288,289,314,321,351,354,357,398,404,430,581,591,640,1046,1091,1118,1146,1149,1293,1473,1474,1478,1479,1481,1666,1752,1763,1779,1827,1919,1974,2064,2273,2286,2573,2714,2804,3060,3099,3284,3384,3703,3915,4093,4311,4312,4467,4469,4472,4504,4565,4993,5197,5354,5443,5672,6223,6365,6848,8354,8413,8655,8975,8976,8977,
731;0;9402;9561;1;117,137,144,146,147,149,225,231,244,249,262,268,273,275,277,288,289,314,321,351,354,357,398,404,430,581,591,640,1046,1091,1118,1146,1149,1293,1473,1474,1478,1479,1481,1666,1752,1763,1779,1827,1919,1974,2064,2273,2286,2573,2714,2804,3060,3099,3284,3384,3703,3915,4093,4311,4312,4467,4469,4472,4504,4565,4993,5197,5354,5443,5672,6223,6365,6848,8354,8413,8655,8975,8976,8977,
674;0;9561;9722;1;117,137,144,146,147,149,225,231,244,249,262,268,273,275,277,288,289,314,321,351,354,357,398,404,430,581,591,640,1046,1091,1118,1146,1149,1293,1473,1474,1478,1479,1481,1666,1752,1763,1779,1827,1919,1974,2064,2273,2286,2573,2714,2804,3060,3099,3284,3384,3703,3915,4093,4311,4312,4467,4469,4472,4504,4565,4993,5197,5354,5443,5672,6223,6365,6848,8354,8413,8655,8975,8976,8977,
709;0;9722;9886;1;117,137,144,146,147,149,225,231,244,249,262,268,273,275,277,288,289,314,321,351,354,357,398,404,430,581,591,640,1046,1091,1118,1146,1149,1293,1473,1474,1478,1479,1481,1666,1752,1763,1779,1827,1919,1974,2064,2273,2286,2573,2714,2804,3060,3099,3284,3384,3703,3915,4093,4311,4312,4467,4469,4472,4504,4565,4993,5197,5354,5443,5672,6223,6365,6848,8354,8413,8655,8975,8976,8977,
795;0;9886;10051;1;117,137,144,146,147,149,225,231,244,249,262,268,273,275,277,288,289,314,321,351,354,357,398,404,430,581,591,640,1046,1091,1118,1146,1149,1293,1473,1474,1478,1479,1481,1666,1752,1763,1779,1827,1919,1974,2064,2273,2286,2573,2714,2804,3060,3099,3284,3384,3703,3915,4093,4311,4312,4467,4469,4472,4504,4565,4993,5197,5354,5443,5672,6223,6365,6848,8354,8413,8655,8975,8976,8977,
Machine: 4
570;0;0;4;1;70,87,103,144,169,189,251,419,580,609,666,677,691,698,715,765,787,814,827,1041,1063,1136,1198,1200,1203,1214,1293,1481,1529,1541,2052,2206,2315,2407,2475,2512,2602,2626,2627,2628,2642,2650,2661,2678,2812,2918,2986,3255,3379,3577,3607,3618,3827,3990,4744,4746,4791,5230,5336,5392,5525,5530,5637,5722,5723,5795,5869,6022,6023,6033,6225,6229,6311,6312,6313,7582,8130,8131,8132,8133,
537;0;4;13;1;70,87,103,144,169,189,251,419,580,609,666,677,691,698,715,765,787,814,827,1041,1063,1136,1198,1200,1203,1214,1293,1481,1529,1541,2052,2206,2315,2407,2475,2512,2602,2626,2627,2628,2642,2650,2661,2678,2812,2918,2986,3255,3379,3577,3607,3618,3827,3990,4744,4746,4791,5230,5336,5392,5525,5530,5637,5722,5723,5795,5869,6022,6023,6033,6225,6229,6311,6312,6313,7582,8130,8131,8132,8133,
582;0;13;35;1;70,87,103,144,169,189,251,419,580,609,666,677,691,698,715,765,787,814,827,1041,1063,1136,1198,1200,1203,1214,1293,1481,1529,1541,2052,2206,2315,2407,2475,2512,2602,2626,2627,2628,2642,2650,2661,2678,2812,2918,2986,3255,3379,3577,3607,3618,3827,3990,4744,4746,4791,5230,5336,5392,5525,5530,5637,5722,5723,5795,5869,6022,6023,6033,6225,6229,6311,6312,6313,7582,8130,8131,8132,8133,
64;0;35;58;1;70,87,103,144,169,189,251,419,580,609,666,677,691,698,715,765,787,814,827,1041,1063,1136,1198,1200,1203,1214,1293,1481,1529,1541,2052,2206,2315,2407,2475,2512,2602,2626,2627,2628,2642,2650,2661,2678,2812,2918,2986,3255,3379,3577,3607,3618,3827,3990,4744,4746,4791,5230,5336,5392,5525,5530,5637,5722,5723,5795,5869,6022,6023,6033,6225,6229,6311,6312,6313,7582,8130,8131,8132,8133,
64;1;58;63;1;70,87,103,144,169,189,251,419,580,609,666,677,691,698,715,765,787,814,827,1041,1063,1136,1198,1200,1203,1214,1293,1481,1529,1541,2052,2206,2315,2407,2475,2512,2602,2626,2627,2628,2642,2650,2661,2678,2812,2918,2986,3255,3379,3577,3607,3618,3827,3990,4744,4746,4791,5230,5336,5392,5525,5530,5637,5722,5723,5795,5869,6022,6023,6033,6225,6229,6311,6312,6313,7582,8130,8131,8132,8133,
630;0;63;94;1;70,87,103,144,169,189,251,419,580,609,666,677,691,698,715,765,787,814,827,1041,1063,1136,1198,1200,1203,1214,1293,1481,1529,1541,2052,2206,2315,2407,2475,2512,2602,2626,2627,2628,2642,2650,2661,2678,2812,2918,2986,3255,3379,3577,3607,3618,3827,3990,4744,4746,4791,5230,5336,5392,5525,5530,5637,5722,5723,5795,5869,6022,6023,6033,6225,6229,6311,6312,6313,7582,8130,8131,8790,8791,
585;0;94;127;1;70,87,89,103,144,169,189,251,419,580,609,666,677,691,698,715,765,766,787,814,827,841,851,932,1041,1043,1063,1136,1147,1198,1200,1203,1214,1293,1481,1529,1541,1943,2052,2206,2315,2376,2407,2475,2512,2602,2626,2627,2628,2642,2647,2650,2661,2678,2812,2918,2986,3577,3618,3635,4369,4373,4655,4734,5107,5392,5502,5525,5722,5723,5795,6022,9175,9179,9185,9187,9188,9189,9190,9191,
544;0;127;163;1;70,87,89,103,144,145,169,189,251,390,405,419,580,609,666,677,691,698,715,765,766,787,814,827,841,851,932,1041,1043,1063,1136,1147,1198,1200,1203,1214,1293,1481,1529,1541,1943,2052,2206,2315,2376,2407,2475,2512,2602,2626,2627,2628,2642,2647,2650,2661,2678,2812,2918,2986,3034,3577,3618,3635,4369,4373,4655,4734,5107,5109,5392,5502,5505,5506,5507,5525,5722,5723,5795,6022,
620;0;163;204;1;70,87,89,103,144,145,152,169,189,251,390,405,419,519,580,609,666,677,691,698,715,765,766,783,787,814,827,841,851,932,1041,1043,1063,1136,1143,1147,1198,1200,1203,1214,1293,1481,1529,1541,1943,2052,2206,2315,2376,2407,2475,2512,2524,2567,2602,2626,2627,2628,2642,2661,2678,2812,2921,2986,3034,3349,3577,3618,4208,5392,5525,5722,5723,5786,5787,5788,5789,5790,5795,6022,
629;0;204;252;1;70,144,145,147,152,169,182,189,225,226,227,229,231,251,266,267,272,273,274,276,286,301,390,429,430,677,715,765,787,851,1058,1092,1094,1137,1147,1198,1214,1293,1447,1473,1481,1529,1541,1819,1825,1832,2052,2128,2247,2248,2315,2376,2382,2407,2475,2567,2602,2626,2627,2628,2642,2661,2678,2812,2986,3034,3618,4018,4031,4208,4423,4472,5136,5392,5525,5722,5723,5736,5795,6022,
676;0;252;303;1;24,70,126,144,145,147,152,169,182,189,208,225,226,227,231,251,267,272,273,274,276,286,301,390,427,429,480,499,504,547,578,677,715,765,787,851,964,1058,1147,1198,1214,1293,1447,1481,1529,1541,1587,1701,1936,2052,2069,2128,2306,2315,2376,2407,2475,2567,2602,2626,2627,2628,2642,2661,2678,2812,2986,3034,3395,3618,4018,4208,4472,5392,5525,5722,5723,5795,6022,7980,
651;0;303;355;1;24,70,95,137,138,144,145,152,169,182,189,225,226,231,251,267,272,273,274,276,286,288,291,301,310,351,390,427,429,504,677,715,765,787,1118,1198,1214,1293,1428,1447,1474,1478,1481,1529,1541,1668,1676,1919,2052,2306,2315,2376,2407,2475,2531,2532,2533,2534,2535,2536,2567,2602,2626,2627,2628,2642,2661,2678,2812,2986,3034,3618,4208,4472,5392,5525,5722,5723,5795,6022,
611;0;355;410;1;24,70,95,137,138,144,145,152,169,182,189,225,231,251,267,272,274,276,286,288,301,310,390,427,429,504,559,677,715,765,787,1118,1198,1214,1269,1270,1271,1275,1280,1284,1287,1289,1290,1293,1295,1322,1447,1474,1478,1481,1529,1541,1668,1676,2052,2306,2315,2407,2475,2532,2567,2602,2626,2627,2628,2642,2661,2678,2812,2986,3034,3618,4208,4472,5392,5525,5722,5723,5795,6022,
604;0;410;470;1;24,70,95,137,138,144,145,152,169,182,189,225,231,251,267,272,274,276,286,288,301,310,390,427,429,504,677,715,765,787,1118,1198,1214,1269,1270,1271,1275,1280,1284,1287,1289,1290,1293,1295,1322,1447,1474,1478,1481,1529,1541,1668,1676,2052,2306,2315,2407,2475,2532,2567,2602,2626,2627,2628,2642,2661,2678,2812,2986,3034,3618,3811,4208,4472,5392,5525,5722,5723,5795,6022,
108;0;470;601;0;18,19,21,24,34,37,55,70,95,137,138,144,169,182,189,212,225,231,251,267,272,276,286,288,301,310,390,427,429,504,677,715,765,787,1118,1198,1214,1269,1270,1284,1287,1289,1290,1293,1313,1474,1478,1481,1529,1541,1668,1676,2052,2197,2315,2475,2532,2567,2602,2626,2627,2628,2642,2661,2678,2812,2986,3034,3618,4208,4472,5392,5471,5525,5722,5723,5795,5846,6244,7658,
108;1;601;777;0;26,95,117,137,138,144,182,255,267,272,286,288,301,310,412,453,485,529,536,618,978,1198,1214,1266,1267,1269,1272,1277,1284,1286,1287,1288,1289,1290,1293,1294,1478,1668,1676,1782,1915,2032,2091,2156,2286,2338,2346,2347,2577,2602,2627,2770,2812,2934,2941,3571,3758,3814,4472,5540,5856,5916,6372,6706,6831,6961,7331,7907,7967,8516,8606,8675,8851,8852,8853,8854,8855,8856,8857,8858,
188;0;1440;1601;0;5,26,95,117,137,138,144,149,182,267,272,286,288,301,310,393,838,849,854,948,949,1198,1199,1214,1267,1284,1288,1290,1293,1294,1354,1478,1668,1674,1676,1744,1745,1747,1756,1757,1759,1760,1766,1769,1976,2091,2338,2543,2545,2546,2547,2583,2586,2593,2594,2595,2597,2598,2599,2600,2601,2602,2604,2605,2608,2609,2627,2990,3161,3459,3460,3461,3462,3463,3464,3465,3466,3467,3468,4472,
188;1;1601;1699;0;5,26,95,117,137,138,144,149,177,178,179,181,182,183,184,267,272,286,288,301,310,393,838,849,854,948,949,1198,1199,1214,1267,1284,1288,1290,1293,1294,1354,1478,1668,1674,1676,1744,1745,1747,1756,1757,1759,1760,1766,1769,1976,2091,2338,2543,2545,2546,2547,2583,2586,2593,2594,2595,2597,2598,2599,2600,2601,2602,2604,2605,2608,2609,2627,2990,3161,3459,3460,3461,4472,5432,
210;0;1699;1821;0;5,26,95,117,137,138,144,149,177,178,179,181,182,183,184,262,267,268,272,286,288,301,305,306,310,313,314,393,595,838,849,854,911,948,949,1131,1198,1199,1214,1236,1267,1284,1288,1290,1293,1294,1354,1363,1429,1430,1478,1655,1668,1674,1676,1744,1745,1747,1756,1757,1759,1760,1766,1769,1976,2091,2117,2338,2543,2545,2546,2547,2583,2586,2593,2594,2595,2627,4472,5432,
210;1;1821;1927;0;5,26,95,117,137,138,144,149,177,178,179,181,182,183,184,262,267,268,272,286,288,301,305,306,310,313,314,393,521,522,523,524,595,838,849,854,911,948,949,1131,1198,1199,1214,1236,1267,1284,1288,1290,1293,1294,1354,1363,1429,1430,1478,1655,1668,1674,1676,1744,1745,1747,1756,1757,1759,1760,1766,1769,1976,2091,2117,2338,2543,2545,2546,2547,2594,2627,4472,5432,
36;0;1927;2024;0;95,137,138,144,149,231,244,262,267,268,288,290,297,301,434,438,442,591,647,838,921,927,948,949,1057,1123,1363,1476,1478,1603,1608,1668,1669,1671,1750,1756,1765,1920,1921,1970,2052,2105,2250,2391,2491,2532,2645,2649,4397,4399,4400,4401,4472,5205,5214,5223,5400,5656,5697,5738,5739,5741,5746,5747,5748,5749,5750,5751,5752,5753,5754,5755,5756,6180,6193,6607,6799,6872,6873,6874,
36;1;2024;2149;0;95,137,138,144,149,231,244,262,267,268,288,290,297,301,434,438,442,591,647,838,921,927,948,949,1057,1123,1363,1476,1478,1603,1608,1668,1669,1671,1750,1756,1765,1783,1920,1921,1970,2052,2105,2220,2250,2391,2491,2532,2645,2649,3410,3797,4397,4399,4400,4401,4438,4472,5205,5214,5223,5400,5656,5697,5738,5739,5741,5746,5747,5748,5749,5750,5751,5752,5753,5754,5755,5756,6180,6193,
105;0;2149;2188;0;3,95,137,139,144,149,177,178,179,181,182,183,184,225,231,244,262,272,288,297,301,308,321,340,391,395,397,442,591,647,834,838,854,855,891,921,938,948,949,1056,1093,1117,1163,1164,1166,1170,1176,1177,1363,1467,1476,1478,1603,1608,1668,1669,1671,1676,1809,1970,2052,2222,2391,2491,2961,3293,3745,4371,4535,4553,5656,5739,6101,6107,7883,8465,8466,8467,9000,9010,
105;1;2188;2363;0;3,95,137,139,144,149,177,178,179,181,182,183,184,225,231,244,262,272,288,297,301,308,321,340,391,395,397,442,591,647,834,838,854,855,891,921,938,948,949,1056,1093,1117,1163,1164,1166,1170,1176,1177,1363,1467,1476,1478,1603,1608,1668,1669,1671,1676,1809,1970,2052,2222,2391,2491,2961,3293,3745,4371,4535,4553,5656,5739,6101,6107,7883,8465,8466,8467,9000,9010,
1;0;2363;2523;0;3,95,137,139,144,149,177,178,179,181,182,183,184,225,231,244,262,272,288,297,301,308,321,340,391,395,397,442,591,647,834,838,854,855,891,921,938,948,949,1056,1093,1117,1163,1164,1166,1170,1176,1177,1363,1467,1476,1478,1603,1608,1668,1669,1671,1676,1809,1970,2052,2222,2391,2491,2961,3293,3745,4371,4535,4553,5656,5739,6101,6107,7883,8465,8466,8467,9000,9010,
1;1;2523;2567;0;3,95,137,139,144,149,177,178,179,181,182,183,184,225,231,244,262,272,288,297,301,308,321,340,391,395,397,442,591,647,834,838,854,855,891,921,938,948,949,1056,1093,1117,1163,1164,1166,1170,1176,1177,1363,1467,1476,1478,1603,1608,1668,1669,1671,1676,1809,1970,2052,2222,2391,2491,2961,3293,3745,4371,4535,4553,5656,5739,6101,6107,7883,8465,8466,8467,9000,9010,
116;0;2567;2714;0;3,95,137,139,144,149,177,178,179,181,182,183,184,225,231,244,262,272,288,297,301,308,321,340,391,395,397,442,591,647,834,838,854,855,891,921,938,948,949,1056,1093,1117,1163,1164,1166,1170,1176,1177,1363,1467,1476,1478,1603,1608,1668,1669,1671,1676,1809,1970,2052,2222,2391,2491,2961,3293,3745,4371,4535,4553,5656,5739,6101,6107,7883,8465,8466,8467,9000,9010,
116;1;2880;2917;0;3,95,137,139,144,149,177,178,179,182,183,189,205,225,231,244,246,262,288,297,301,321,340,391,395,397,442,568,591,647,752,838,854,855,891,921,938,948,949,979,1089,1093,1117,1196,1242,1293,1363,1476,1478,1598,1603,1668,1669,1671,1809,1970,1999,2052,2065,2086,2222,2391,3396,3404,3745,3855,3880,3881,3882,3883,3884,3885,3886,3887,3888,3889,3890,4535,4553,5739,
10;0;2917;3066;0;3,95,137,139,144,149,177,178,179,182,183,189,205,225,231,244,246,262,288,297,301,321,340,391,395,397,442,568,591,647,752,838,854,855,891,921,938,948,949,979,1089,1093,1117,1196,1242,1293,1363,1476,1478,1598,1603,1668,1669,1671,1809,1970,1999,2052,2065,2086,2222,2391,3337,3396,3404,3745,3855,3880,3881,3882,3883,3884,3885,3886,4535,4553,5739,7712,7720,7721,
10;1;3066;3095;0;3,95,137,139,144,148,149,177,178,183,189,205,225,231,244,262,288,297,301,321,340,377,379,391,395,397,591,612,647,815,838,854,855,911,921,933,938,948,949,1054,1093,1117,1118,1196,1210,1293,1363,1390,1476,1478,1603,1668,1669,1671,1734,1736,1744,1751,1755,1809,1811,1814,1970,2052,2092,2222,2391,3037,3286,3745,4535,4553,5174,5739,6399,6400,7449,7790,8258,8259,
645;0;3095;3267;0;3,95,100,137,139,144,148,149,183,189,205,225,231,244,262,288,289,297,301,321,340,377,379,391,395,397,591,647,677,715,765,838,854,855,911,921,938,948,949,1054,1093,1117,1118,1196,1293,1363,1476,1478,1481,1603,1668,1669,1671,1736,1809,1811,1814,1970,2052,2222,2391,2461,2475,2626,2628,2903,3745,4535,4553,5525,5691,5722,5723,5739,5795,6114,6115,6116,6117,6400,
179;0;3267;3392;0;3,95,100,137,139,144,148,149,183,189,205,225,231,244,262,288,289,297,301,321,340,377,379,391,395,397,591,647,677,715,765,838,854,855,911,921,938,948,949,1054,1093,1117,1118,1196,1293,1363,1476,1478,1481,1603,1668,1669,1671,1736,1809,1811,1814,1970,2052,2222,2391,2461,2475,2626,2628,2903,3745,4535,4553,5525,5691,5722,5723,5739,5795,6114,6115,6116,6137,6400,
179;1;3392;3437;0;3,24,38,70,95,100,137,139,144,148,149,183,189,205,225,231,244,262,288,289,297,301,321,340,377,379,391,395,397,591,647,677,715,765,787,838,854,855,871,874,875,876,877,880,911,921,938,948,949,1054,1093,1117,1118,1196,1293,1363,1476,1478,1481,1603,1668,1669,1671,1736,1809,1811,1814,1970,2052,2222,2391,2461,2626,3448,3745,4535,4553,5525,5739,6400,
669;0;3437;3597;0;3,24,38,95,100,137,139,144,148,149,183,189,205,225,231,244,262,275,288,297,321,340,377,379,391,395,397,429,591,647,677,715,765,775,787,838,854,855,911,921,938,948,949,1054,1093,1117,1118,1146,1196,1236,1293,1363,1476,1478,1481,1603,1668,1669,1671,1736,1809,1811,1814,1970,1973,2052,2222,2391,2626,2951,3284,3745,4094,4535,4553,5155,5525,5739,6400,6457,
614;0;3597;3753;0;24,100,144,244,292,314,429,667,677,704,715,765,787,790,833,835,863,921,949,995,1481,1589,1668,1980,2036,2052,2498,2567,2651,2985,2986,2995,3263,3447,3531,3618,3715,3724,4003,4103,4114,4167,4168,4169,4170,4171,4172,4608,4609,4853,5224,5378,5525,5897,5954,5964,5976,5984,6098,6188,6400,6756,6757,6758,7625,7626,7627,7628,7629,7630,7631,7632,7633,7634,7635,7636,7637,7886,7887,7888,
505;0;3753;3891;0;24,100,144,244,292,314,429,667,677,704,715,765,787,790,833,835,863,921,949,995,1481,1589,1668,1980,2036,2052,2498,2567,2651,2985,2986,2995,3263,3447,3531,3618,3715,3724,4003,4103,4114,4167,4168,4169,4170,4171,4172,4608,4609,4853,5224,5378,5525,5897,5954,5964,5976,5984,6098,6188,6400,6756,6757,6758,7625,7626,7627,7628,7629,7630,7631,7632,7633,7634,7635,7636,7637,7886,7887,7888,
19;0;3891;3944;0;24,100,144,244,292,314,429,667,677,704,715,765,787,790,833,835,863,921,949,995,1481,1589,1668,1980,2036,2052,2498,2567,2651,2985,2986,2995,3263,3447,3531,3618,3715,3724,4003,4103,4114,4167,4168,4169,4170,4171,4172,4608,4609,4853,5224,5378,5525,5897,5954,5964,5976,5984,6098,6188,6400,6756,6757,6758,7625,7626,7627,7628,7629,7630,7631,7632,7633,7634,7635,7636,7637,7886,7887,7888,
19;1;3944;4025;0;24,100,144,244,292,314,429,667,677,704,715,765,787,790,833,835,863,921,949,995,1481,1589,1668,1980,2036,2052,2498,2567,2651,2985,2986,2995,3263,3447,3531,3618,3715,3724,4003,4103,4114,4167,4168,4169,4170,4171,4172,4608,4609,4853,5224,5378,5525,5897,5954,5964,5976,5984,6098,6188,6400,6756,6757,6758,7625,7626,7627,7628,7629,7630,7631,7632,7633,7634,7635,7636,7637,7886,7887,7888,
149;0;4025;4091;0;24,100,144,244,292,314,429,667,677,704,715,765,787,790,833,835,863,921,949,995,1481,1589,1668,1980,2036,2052,2498,2567,2651,2985,2986,2995,3263,3447,3531,3618,3715,3724,4003,4103,4114,4167,4168,4169,4170,4171,4172,4608,4609,4853,5224,5378,5525,5897,5954,5964,5976,5984,6098,6188,6400,6756,6757,6758,7625,7626,7627,7628,7629,7630,7631,7632,7633,7634,7635,7636,7637,7886,7887,7888,
149;1;4320;4377;0;24,93,94,100,117,144,244,292,314,429,667,677,704,715,765,787,790,833,835,848,863,921,949,995,1481,1516,1527,1529,1589,1668,1980,2036,2052,2091,2318,2498,2567,2651,2661,2678,2679,2682,2985,2986,2995,3263,3291,3447,3531,3618,3715,3724,4003,4103,4114,4167,4168,4169,4608,4962,5392,5511,5525,5713,5984,6098,6400,6597,7217,7296,7299,7319,8415,9076,9077,9078,9079,9080,9081,9082,
725;0;4377;4497;0;24,93,94,100,117,139,144,244,276,292,314,321,377,400,429,591,667,677,704,715,765,787,790,833,835,848,863,921,948,949,995,1052,1117,1474,1481,1516,1527,1529,1589,1668,1671,1980,2036,2052,2091,2318,2498,2567,2651,2661,2678,2679,2682,2985,2986,2995,3263,3284,3291,3447,3517,3531,3618,3715,3724,4003,4103,4114,4167,4168,4169,4608,4804,4859,5984,6098,6129,6130,7217,7683,
115;0;4497;4511;0;24,93,94,100,117,139,144,225,244,276,292,314,321,377,400,429,591,667,677,704,715,765,787,790,833,835,848,863,921,948,949,995,1052,1117,1118,1134,1236,1474,1478,1481,1516,1527,1529,1589,1668,1671,1980,2036,2052,2091,2318,2498,2567,2651,2661,2678,2679,2682,2985,2986,2995,3263,3284,3291,3447,3517,3531,3618,3715,3724,4003,4103,4114,4167,5984,6098,7217,7655,7656,7683,
115;1;4511;4594;0;24,93,94,100,117,139,144,225,244,276,292,314,321,377,400,429,591,667,677,704,715,765,787,790,833,835,848,863,921,948,949,995,1052,1117,1118,1134,1236,1293,1294,1474,1478,1481,1516,1527,1529,1589,1668,1671,1980,2036,2052,2091,2318,2498,2567,2651,2661,2678,2679,2682,2916,2985,2986,2995,3263,3284,3291,3447,3517,3531,3618,3715,3724,4003,4103,4114,5984,6098,7217,7683,
566;0;4594;4688;0;24,93,94,100,117,139,144,225,244,276,292,314,321,377,400,429,591,667,677,704,715,765,787,790,833,835,848,863,921,948,949,995,1052,1117,1118,1134,1236,1293,1294,1474,1478,1481,1516,1527,1529,1589,1668,1671,1980,2036,2052,2091,2318,2498,2567,2651,2661,2678,2679,2682,2916,2985,2986,2995,3263,3284,3291,3447,3517,3531,3618,3715,3724,4003,4114,5984,6098,7217,7360,7683,
638;0;4688;4778;0;24,27,38,61,93,94,100,117,139,144,205,225,244,276,292,314,321,377,400,429,591,667,677,704,715,765,787,790,833,835,863,948,949,995,1052,1117,1118,1134,1236,1293,1294,1425,1474,1478,1481,1529,1541,1558,1580,1596,1668,1671,1897,1935,1980,2022,2036,2052,2091,2651,2916,2986,3284,3314,3345,3531,3618,3778,4114,4436,4437,4482,4483,4484,4485,4486,5984,6098,7217,7683,
176;0;4778;4828;0;24,27,28,30,93,100,117,139,144,155,169,225,251,276,314,321,377,400,407,408,415,427,429,504,510,591,715,748,765,787,790,833,835,863,948,949,995,1052,1117,1118,1134,1162,1196,1236,1293,1294,1474,1478,1481,1529,1558,1580,1668,1671,1849,1980,2036,2074,2091,2179,2285,2651,2916,2986,3003,3004,3005,3006,3007,3008,3009,3010,3284,3531,3618,4114,5984,6098,7217,7683,
176;1;4828;4862;0;4,24,27,28,30,93,100,117,139,144,155,169,225,251,276,288,314,321,377,391,400,407,408,415,427,429,504,591,715,765,787,790,833,835,863,948,949,995,1051,1052,1117,1118,1134,1146,1162,1196,1236,1293,1294,1359,1361,1401,1474,1477,1478,1481,1529,1558,1580,1668,1671,1980,2036,2091,2109,2651,2916,2986,3004,3005,3121,3284,3531,3618,4114,5984,6098,6181,7217,7683,
659;0;4862;4943;0;3,24,27,93,100,117,139,144,169,225,251,276,314,321,377,380,391,395,400,408,415,429,640,765,787,790,833,835,863,948,949,995,1051,1052,1117,1118,1134,1162,1174,1196,1236,1293,1294,1359,1361,1474,1478,1481,1529,1558,1580,1668,1726,1763,1809,1970,2036,2091,2493,2658,2728,2916,2986,3004,3099,3133,3531,3618,4114,4553,4563,4650,5048,5516,5984,6153,6154,6155,6156,6157,
668;0;4943;5007;0;3,24,27,93,100,117,139,144,169,225,251,276,314,321,377,380,391,395,400,408,415,429,640,765,787,790,833,835,863,948,949,995,1051,1052,1117,1118,1134,1162,1174,1196,1236,1293,1294,1359,1361,1474,1478,1481,1529,1558,1580,1668,1674,1726,1809,2036,2091,2501,2626,2642,2658,2693,2713,2916,2986,3004,3099,3531,3618,3915,4114,4553,5454,5935,5936,5937,5938,5939,5940,5984,
654;0;5007;5051;0;10,26,117,144,225,231,297,321,391,400,719,949,1052,1068,1172,1270,1283,1284,1285,1288,1290,1293,1297,1346,1358,1419,1476,1726,1875,1947,2091,2263,2265,2338,2405,2410,2419,2516,2658,2711,2723,2774,2775,2778,2856,3703,3768,4206,4207,4208,4209,4210,4211,4581,4604,4627,4628,4629,4630,4631,4632,4633,4634,4635,4636,4637,4638,4639,4640,4641,4642,4643,4644,4645,4646,4946,6136,6145,8282,8356,
693;0;5051;5071;0;10,26,117,144,225,231,297,321,391,400,719,949,1052,1068,1172,1270,1283,1284,1285,1288,1290,1293,1297,1346,1358,1419,1476,1726,1875,1947,2091,2263,2265,2338,2405,2410,2419,2516,2658,2711,2723,2774,2775,2778,2856,3703,3768,4206,4207,4208,4209,4210,4211,4581,4604,4627,4628,4629,4630,4631,4632,4633,4634,4635,4636,4637,4638,4639,4640,4641,4642,4643,4644,4645,4646,4946,6136,6145,8282,8356,
640;0;5071;5086;0;10,26,117,144,225,231,297,321,391,400,719,949,1052,1068,1172,1270,1283,1284,1285,1288,1290,1293,1297,1346,1358,1419,1476,1726,1875,1947,2091,2263,2265,2338,2405,2410,2419,2516,2658,2711,2723,2774,2775,2778,2856,3703,3768,4206,4207,4208,4209,4210,4211,4581,4604,4627,4628,4629,4630,4631,4632,4633,4634,4635,4636,4637,4638,4639,4640,4641,4642,4643,4644,4645,4646,4946,6136,6145,8282,8356,
647;0;5086;5147;1;10,26,117,144,225,231,297,321,391,400,719,949,1052,1068,1172,1270,1283,1284,1285,1288,1290,1293,1297,1346,1358,1419,1476,1726,1875,1947,2091,2263,2265,2338,2405,2410,2419,2516,2658,2711,2723,2774,2775,2778,2856,3703,3768,4206,4207,4208,4209,4210,4211,4581,4604,4627,4628,4629,4630,4631,4632,4633,4634,4635,4636,4637,4638,4639,4640,4641,4642,4643,4644,4645,4646,4946,6136,6145,8282,8356,
666;0;5760;5823;1;6,10,26,117,144,148,225,231,297,321,390,391,394,400,719,949,1052,1054,1068,1172,1270,1283,1284,1285,1288,1290,1293,1297,1346,1358,1363,1419,1476,1603,1726,1800,1811,1812,1814,1875,1947,2091,2263,2265,2338,2405,2410,2419,2516,2658,2711,2723,2774,2775,2778,2856,3703,3768,4206,4207,4208,4209,4210,4211,4581,4604,4627,4628,4629,4630,4631,4632,4633,4634,4635,4636,4637,4638,4643,6136,
689;0;5823;5889;1;6,10,26,117,144,148,225,231,297,321,390,391,394,400,719,949,1052,1054,1068,1172,1270,1283,1284,1285,1288,1290,1293,1297,1346,1358,1363,1419,1476,1603,1726,1800,1811,1812,1814,1875,1947,2091,2263,2265,2338,2405,2410,2419,2516,2658,2711,2723,2774,2775,2778,2806,2856,3703,3768,4165,4206,4207,4208,4209,4210,4211,4581,4643,6136,8551,8644,9032,9090,9130,9131,9132,9133,9134,9135,9136,
662;0;5889;5957;1;6,10,26,44,46,55,117,144,148,170,218,225,231,297,321,390,391,394,400,518,719,949,1052,1054,1068,1172,1270,1283,1284,1285,1288,1290,1293,1297,1346,1358,1363,1419,1476,1565,1603,1716,1726,1800,1811,1812,1814,1875,1947,2034,2035,2091,2197,2263,2265,2315,2326,2338,2405,2410,2419,2516,2658,2711,2723,2774,2775,2778,2806,2856,3703,3768,4165,4206,4207,4208,4209,4210,4211,6136,
526;0;5957;6025;1;6,10,26,44,46,55,117,144,148,170,189,218,225,231,297,321,390,391,394,400,518,719,949,1052,1054,1068,1172,1270,1283,1284,1285,1288,1290,1293,1297,1346,1358,1363,1419,1476,1565,1603,1716,1726,1800,1811,1812,1814,1875,1947,2034,2035,2091,2197,2263,2265,2315,2326,2338,2405,2410,2419,2516,2658,2711,2723,2774,2775,2778,2806,2856,3703,3768,4112,4165,4206,4207,4217,6136,7977,
763;0;6025;6098;1;6,10,26,44,46,55,117,144,148,170,189,218,225,231,277,295,297,321,390,391,394,397,400,518,640,719,855,911,949,1052,1054,1068,1172,1270,1283,1284,1285,1288,1290,1293,1297,1346,1358,1363,1419,1476,1565,1603,1716,1726,1735,1800,1811,1812,1814,1875,1947,2034,2035,2091,2197,2263,2265,2315,2326,2338,2405,2410,2419,2516,2658,2711,2723,2774,2775,2778,2806,3703,4217,6136,
799;0;6098;6173;1;2,6,10,26,44,46,55,117,144,148,170,189,218,225,231,265,277,295,297,300,321,390,391,393,394,397,400,518,640,719,855,911,949,1050,1051,1052,1054,1068,1150,1172,1232,1270,1283,1284,1285,1288,1290,1293,1297,1346,1358,1363,1419,1476,1565,1603,1716,1726,1735,1800,1811,1812,1814,1875,1947,2034,2035,2091,2197,2263,2265,2315,2326,2338,2355,2419,2806,3703,4217,6136,
62;0;6173;6206;1;2,6,10,26,44,46,55,117,137,144,148,170,189,218,225,231,265,277,295,297,300,321,390,391,393,394,397,400,518,640,719,855,904,911,949,1050,1051,1052,1054,1068,1093,1150,1172,1232,1236,1270,1283,1284,1285,1288,1290,1293,1297,1346,1358,1359,1361,1363,1419,1476,1603,1726,1735,1811,1812,1814,1875,1947,2091,2197,2265,2315,2355,2419,2806,3703,4217,5225,6039,6136,
62;1;6206;6250;1;2,6,10,26,44,46,55,117,137,144,148,170,189,218,225,231,265,277,295,297,300,321,390,391,393,394,397,400,518,640,719,762,855,904,911,949,1050,1051,1052,1054,1068,1093,1150,1172,1232,1236,1270,1283,1284,1285,1288,1290,1293,1297,1346,1358,1359,1361,1363,1419,1476,1603,1726,1735,1811,1812,1814,1875,1947,2091,2197,2265,2315,2355,2419,2806,3703,4217,5225,6136,
773;0;6250;6330;1;2,6,10,26,44,46,55,95,117,137,139,143,144,145,148,149,170,189,218,225,231,234,262,265,277,295,297,321,390,394,397,398,400,429,518,640,644,769,838,855,862,904,948,949,1050,1051,1054,1093,1236,1270,1285,1288,1293,1358,1361,1363,1419,1474,1476,1603,1726,1735,1811,1812,1814,1816,1875,1947,2091,2197,2265,2315,2355,2388,2419,2806,3034,3703,4217,6136,
174;0;6330;6413;1;2,6,10,26,44,46,55,95,117,137,139,143,144,145,148,149,170,189,193,218,225,231,234,262,265,277,295,297,321,390,394,397,398,400,410,429,518,569,640,644,769,855,862,904,948,949,1050,1051,1054,1093,1236,1270,1285,1288,1293,1358,1361,1363,1419,1474,1476,1603,1726,1735,1811,1812,1814,1875,1947,2091,2197,2265,2315,2355,2419,2806,3034,3703,4217,6136,
174;1;6413;6417;1;2,10,26,44,55,74,79,95,137,139,143,144,145,148,149,189,204,225,231,262,277,295,297,321,390,394,400,429,502,506,518,644,769,787,790,855,862,884,904,948,949,960,1051,1054,1093,1162,1181,1236,1270,1285,1288,1293,1358,1361,1474,1476,1603,1726,1735,1811,1812,1814,1875,1947,1996,2070,2091,2197,2265,2315,2355,2419,2806,3348,3703,3948,4114,4115,4217,6136,
190;0;6417;6472;1;2,26,44,55,100,137,139,143,144,148,149,189,225,231,262,277,297,377,379,382,390,394,400,518,644,647,852,854,855,862,904,938,948,949,1093,1117,1118,1171,1270,1285,1293,1361,1447,1474,1476,1478,1603,1661,1667,1668,1726,1735,1736,1768,1811,1812,1814,1973,2091,2197,2222,2265,2362,2391,2419,2636,2638,2675,2806,3099,3703,3793,4217,5138,5808,6136,6263,7840,8125,8127,
190;1;6472;6506;1;2,15,19,24,25,34,36,44,55,139,144,149,152,189,231,251,262,274,276,277,340,400,421,528,647,849,851,854,855,948,1093,1118,1179,1247,1261,1270,1322,1374,1478,1558,1605,1606,1759,2091,2157,2178,2197,2232,2305,2306,2350,2407,2419,2836,2847,2891,3527,3703,3745,5900,5944,5945,5946,6022,6201,7463,8134,8137,8190,8197,8198,8199,8200,8203,8204,8205,8449,8582,8583,8584,
37;0;6506;6559;1;2,15,19,24,25,34,36,44,55,139,144,149,152,189,231,251,262,274,276,277,340,400,421,528,647,849,851,854,855,948,1093,1118,1179,1247,1261,1270,1322,1374,1478,1558,1605,1606,1759,2091,2157,2178,2197,2232,2305,2306,2350,2407,2419,2836,2847,2891,3527,3703,3745,5900,5944,5945,5946,6022,6201,7463,8134,8137,8190,8197,8198,8199,8200,8203,8204,8205,8449,8582,8583,8584,
37;1;6559;6600;1;2,15,19,24,25,34,36,44,55,139,144,149,152,189,231,251,262,274,276,277,340,400,421,528,647,849,851,854,855,948,1093,1118,1179,1247,1261,1270,1322,1374,1478,1558,1605,1606,1759,2091,2157,2178,2197,2232,2305,2306,2350,2407,2419,2836,2847,2891,3527,3703,3745,5900,5944,5945,5946,6022,6201,7463,8134,8137,8190,8197,8198,8199,8200,8203,8204,8205,8449,8582,8583,8584,
765;0;6600;6698;1;2,15,19,24,25,34,36,44,55,139,144,149,152,189,231,251,262,274,276,277,340,400,421,528,647,849,851,854,855,948,1093,1118,1179,1247,1261,1270,1322,1374,1478,1558,1605,1606,1759,2091,2157,2178,2197,2232,2305,2306,2350,2407,2419,2836,2847,2891,3527,3703,3745,5900,5944,5945,5946,6022,6201,7463,8134,8137,8190,8197,8198,8199,8200,8203,8204,8205,8449,8582,8583,8584,
38;0;6698;6755;1;2,15,19,24,25,34,36,44,55,139,144,149,152,189,231,251,262,274,276,277,340,400,421,528,647,849,851,854,855,948,1093,1118,1179,1247,1261,1270,1322,1374,1478,1558,1605,1606,1759,2091,2157,2178,2197,2232,2305,2306,2350,2407,2419,2836,2847,2891,3527,3703,3745,5900,5944,5945,5946,6022,6201,7463,8134,8137,8190,8197,8198,8199,8200,8203,8204,8205,8449,8582,8583,8584,
38;1;6755;6799;1;2,15,19,24,25,34,36,44,55,139,144,149,152,189,231,251,262,274,276,277,340,400,421,528,647,849,851,854,855,948,1093,1118,1179,1247,1261,1270,1322,1374,1478,1558,1605,1606,1759,2091,2157,2178,2197,2232,2305,2306,2350,2407,2419,2836,2847,2891,3527,3703,3745,5900,5944,5945,5946,6022,6201,7463,8134,8137,8190,8197,8198,8199,8200,8203,8204,8205,8449,8582,8583,8584,
787;0;7200;7304;1;2,15,19,24,25,27,34,36,44,55,139,144,149,152,189,231,251,255,262,274,276,277,340,400,421,528,647,826,849,851,854,855,948,1093,1118,1179,1247,1261,1267,1270,1286,1287,1322,1374,1478,1558,1605,1606,1685,1759,2091,2157,2178,2197,2232,2305,2306,2337,2350,2407,2419,2836,2847,2891,3015,3411,3527,3703,3745,3774,4487,4488,5162,5471,5682,5900,5944,6022,7671,8836,
8;0;7304;7387;1;2,15,19,24,25,27,34,36,44,55,139,144,149,152,189,231,249,251,255,262,274,276,277,340,400,421,528,529,647,826,849,851,854,855,948,1093,1118,1179,1247,1261,1267,1270,1282,1286,1287,1291,1322,1374,1478,1558,1605,1606,1685,1759,2091,2157,2178,2197,2232,2258,2305,2306,2309,2337,2350,2407,2419,2836,2847,2891,3015,3256,3527,3703,3753,3774,4487,4488,6022,6657,
8;1;7387;7409;1;2,15,19,24,25,27,34,55,136,139,144,149,152,183,189,231,249,251,262,276,277,400,528,529,647,854,855,948,1093,1118,1270,1282,1286,1287,1291,1322,1478,1558,1605,1669,1807,1922,2053,2091,2157,2305,2306,2337,2407,2953,3278,3527,3703,3774,4033,4427,4487,4488,4533,4535,4553,4902,4956,4959,4960,5274,5432,6022,6644,6645,6967,6968,6969,6970,6971,6972,6973,6974,6975,6976,
6;0;7409;7453;1;2,27,34,55,137,139,144,149,183,189,231,249,251,262,276,277,301,400,528,529,647,676,830,854,855,863,904,917,933,948,1093,1116,1118,1121,1125,1270,1282,1286,1287,1291,1322,1362,1484,1485,1486,1487,1488,1489,1490,1491,1492,1493,1494,1495,1496,1497,1498,1499,1500,1501,1502,1503,1504,1505,1506,1558,2053,2091,2157,2305,2306,2337,2407,3527,3703,3774,4033,4487,4488,6022,
6;1;7453;7517;1;2,27,34,54,55,137,139,144,149,183,189,231,249,251,262,276,277,301,400,518,528,529,647,676,803,830,854,855,863,904,917,933,948,995,1093,1116,1118,1121,1125,1188,1270,1282,1286,1287,1291,1293,1322,1362,1484,1485,1486,1487,1493,1502,1558,1580,1936,2053,2091,2157,2305,2306,2337,2407,2486,2519,2916,3527,3703,3708,3774,3966,4033,4487,4488,4706,4909,5430,5431,6022,
132;0;7517;7595;1;2,27,34,54,55,137,139,144,149,177,178,179,180,182,183,189,231,249,251,262,276,277,301,304,400,518,528,529,647,676,803,830,854,855,863,904,917,933,948,995,1093,1116,1118,1121,1125,1188,1270,1282,1286,1287,1291,1293,1322,1362,1484,1485,1486,1487,1493,1502,1558,1580,1936,2053,2091,2157,2305,2306,2337,2407,2486,2519,3527,3703,3774,4033,4487,4488,4909,6022,
132;1;7595;7627;1;27,34,54,55,137,139,144,149,179,189,231,249,251,276,277,301,400,528,529,647,854,855,863,948,1093,1118,1121,1270,1282,1286,1287,1291,1293,1322,1484,1493,1502,1936,2053,2091,2157,2305,2306,2337,2407,3178,3180,3311,3527,3663,3664,3665,3666,3667,3668,3669,3670,3671,3672,3673,3674,3675,3676,3677,3678,3679,3680,3681,3682,3683,3684,3685,3686,3703,3774,4033,4487,4488,4909,6022,
563;0;7627;7739;1;27,34,54,55,137,139,144,149,179,189,231,249,251,276,277,301,400,528,529,647,854,855,863,948,1093,1118,1121,1270,1282,1286,1287,1291,1293,1295,1322,1484,1493,1502,1936,2053,2091,2157,2240,2286,2305,2306,2337,2407,2794,3178,3180,3311,3527,3606,3663,3664,3665,3666,3667,3668,3669,3670,3671,3672,3673,3674,3675,3676,3677,3678,3679,3680,3703,3774,4033,4343,4487,4488,4909,6022,
560;0;7739;7854;1;27,34,54,55,137,139,144,149,179,189,231,249,251,276,277,301,400,528,529,647,854,855,863,948,1093,1118,1121,1270,1282,1286,1287,1291,1293,1295,1322,1484,1493,1502,1936,2053,2091,2157,2240,2286,2305,2306,2337,2407,2794,2802,2803,2804,2805,2806,2807,2808,2809,2810,2811,2812,2813,3178,3180,3311,3527,3606,3663,3664,3665,3666,3667,3668,3669,3703,3774,4033,4487,4488,4909,6022,
88;0;7854;7951;1;3,27,88,104,139,144,179,189,231,276,277,297,314,377,400,438,442,528,586,647,693,767,770,833,844,862,863,891,931,947,949,1145,1270,1282,1286,1287,1291,1476,1484,1519,1520,1675,1941,2223,2240,2306,2407,2436,2465,2491,2794,2892,3037,3337,3338,3339,3340,3531,3606,3638,3703,3721,4033,4450,4487,5379,5456,5656,5774,6022,6092,6385,6441,7583,7585,8022,8095,8303,8304,9221,
88;1;7951;7973;1;3,27,88,104,139,144,179,189,231,276,277,297,314,377,400,438,442,528,586,647,693,767,770,833,844,862,863,891,931,947,949,1145,1270,1282,1286,1287,1291,1476,1484,1519,1520,1675,1941,2223,2240,2306,2407,2436,2465,2491,2794,2892,3037,3337,3338,3339,3340,3531,3606,3638,3703,3721,4033,4450,4487,5379,5456,5656,5774,6022,6092,6385,6441,7583,7585,8022,8095,8303,8304,9221,
51;0;7973;8057;1;3,27,88,104,139,144,179,189,231,276,277,297,314,377,400,438,442,528,586,647,693,767,770,833,844,862,863,891,931,947,949,1145,1270,1282,1286,1287,1291,1476,1484,1519,1520,1675,1941,2223,2240,2306,2407,2436,2465,2491,2794,2892,3037,3337,3338,3339,3340,3531,3606,3638,3703,3721,4033,4450,4487,5379,5456,5656,5774,6022,6092,6385,6441,7583,7585,8022,8095,8303,8304,9221,
51;1;8057;8098;1;3,27,88,104,139,144,179,189,231,276,277,297,314,377,400,438,442,528,586,647,693,767,770,833,844,862,863,891,931,947,949,1145,1270,1282,1286,1287,1291,1476,1484,1519,1520,1675,1941,2223,2240,2306,2407,2436,2465,2491,2794,2892,3037,3337,3338,3339,3340,3531,3606,3638,3703,3721,4033,4450,4487,5379,5456,5656,5774,6022,6092,6385,6441,7583,7585,8022,8095,8303,8304,9221,
778;0;8640;8769;1;3,27,88,101,104,139,144,146,179,189,231,276,277,297,314,377,400,438,442,528,586,647,693,767,770,833,844,862,863,891,931,947,949,1145,1270,1282,1286,1287,1291,1476,1484,1519,1520,1604,1675,1726,1941,2223,2240,2306,2407,2436,2465,2491,2794,2892,3037,3337,3338,3339,3340,3606,3703,3721,4035,4219,4450,4487,5379,5777,5984,5987,5992,6090,6092,6513,6584,7926,7927,7958,
521;0;8769;8900;1;3,27,88,101,104,139,144,146,179,189,231,276,277,297,314,377,400,408,415,426,438,442,528,567,586,647,693,767,770,833,844,862,863,891,931,947,949,1145,1270,1282,1286,1287,1291,1476,1484,1519,1520,1604,1675,1726,1941,2223,2240,2306,2352,2407,2436,2465,2471,2491,2794,2892,3004,3037,3337,3338,3339,3340,3606,3703,3721,4035,4219,4450,4487,5379,5777,5984,5987,6092,
650;0;8900;9036;1;3,27,88,101,104,139,144,146,179,189,231,276,277,297,314,377,400,408,415,426,438,442,528,567,586,647,693,767,770,833,844,862,863,891,931,947,949,1145,1270,1282,1286,1287,1291,1476,1484,1519,1520,1604,1675,1726,1941,2223,2240,2306,2352,2407,2436,2465,2471,2491,3606,3703,3721,4450,4487,5379,6092,6133,6136,6138,8230,8276,8278,8280,8284,8285,8317,8318,8319,8358,
571;0;9036;9177;1;1,3,27,93,139,143,144,148,231,277,323,390,394,400,404,528,647,833,1055,1145,1149,1167,1210,1270,1282,1287,1361,1469,1476,1535,1603,1604,1675,1726,1735,1737,1738,1740,1741,1742,1743,1744,1745,1748,1750,1751,1752,1753,1754,1755,1757,1760,1762,1764,1765,1767,1769,1770,1771,1811,1812,1814,1941,2306,2407,2603,2646,3250,3606,3630,3703,3721,4487,5379,6092,6415,6416,7056,7057,7058,
512;0;9177;9321;1;1,3,26,27,93,139,143,144,148,231,277,323,390,394,400,404,528,647,833,1055,1145,1149,1167,1210,1268,1270,1282,1287,1289,1361,1469,1476,1535,1603,1604,1675,1726,1735,1737,1738,1740,1741,1742,1743,1744,1745,1748,1750,1751,1752,1753,1754,1755,1757,1760,1762,1764,1783,1811,1814,1941,2264,2265,2306,2407,2941,3606,3630,3703,3721,4217,4277,4487,4488,4489,4490,4491,4492,5379,6092,
705;0;9321;9466;1;27,34,55,139,144,150,169,208,251,275,497,517,528,632,772,833,835,855,979,989,1091,1147,1196,1269,1270,1274,1282,1285,1289,1293,1294,1322,1329,1361,1434,1587,1675,1783,1811,1814,1887,2036,2157,2198,2220,2305,2306,2407,2412,2531,2552,2553,2554,2564,2594,2861,2873,2895,2986,3070,3152,3606,3618,3630,3703,3721,4247,4327,4371,4487,4490,4491,4733,5612,5632,6092,7419,7420,7421,7422,
600;0;9466;9614;1;27,34,55,139,144,150,169,208,251,275,497,517,528,632,772,833,835,855,979,989,1091,1147,1196,1269,1270,1274,1282,1285,1289,1293,1294,1322,1329,1361,1434,1587,1675,1783,1811,1814,1887,2036,2157,2198,2220,2305,2306,2407,2412,2531,2552,2553,2554,2564,2594,2861,2873,2895,2986,3070,3152,3606,3618,3630,3703,3721,4247,4327,4371,4487,4490,4491,4733,5612,5632,6092,7419,7420,7421,7422,
70;0;9614;9733;1;27,34,55,139,144,150,169,208,251,275,497,517,528,632,772,833,835,855,979,989,1091,1147,1196,1269,1270,1274,1282,1285,1289,1293,1294,1322,1329,1361,1434,1587,1675,1783,1811,1814,1887,2036,2157,2198,2220,2305,2306,2407,2412,2531,2552,2553,2554,2564,2594,2861,2873,2895,2986,3070,3152,3606,3618,3630,3703,3721,4247,4327,4371,4487,4490,4491,4733,5612,5632,6092,7419,7420,7421,7422,
70;1;9733;9763;1;27,34,55,139,144,150,169,208,251,275,497,517,528,632,772,833,835,855,979,989,1091,1147,1196,1269,1270,1274,1282,1285,1289,1293,1294,1322,1329,1361,1434,1587,1675,1783,1811,1814,1887,2036,2157,2198,2220,2305,2306,2407,2412,2531,2552,2553,2554,2564,2594,2861,2873,2895,2986,3070,3152,3606,3618,3630,3703,3721,4247,4327,4371,4487,4490,4491,4733,5612,5632,6092,7419,7420,7421,7422,
Machine: 5
515;0;0;4;1;8,95,139,142,144,289,291,292,390,398,404,405,429,644,645,646,648,677,690,836,1056,1062,1118,1146,1556,1661,1674,2102,2106,2155,2642,2677,2679,2774,2775,2778,3263,3447,3472,4854,4855,5370,5499,5502,5673,5951,5963,5968,5969,5976,5980,5985,5986,5987,6360,6378,6537,6538,6539,6540,6541,6542,6543,6544,6545,6546,6547,6548,6549,6550,6551,6552,6553,6554,6555,6556,6557,6558,6559,6560,
740;0;4;15;1;8,95,139,142,144,289,291,292,390,398,404,405,429,644,645,646,648,677,690,836,1056,1062,1118,1146,1556,1661,1674,2102,2106,2155,2642,2677,2679,2774,2775,2778,3263,3447,3472,4854,4855,5370,5499,5502,5673,5951,5963,5968,5969,5976,5980,5985,5986,5987,6360,6378,6537,6538,6539,6540,6541,6542,6543,6544,6545,6546,6547,6548,6549,6550,6551,6552,6553,6554,6555,6556,6557,6558,6559,6560,
514;0;15;33;1;8,95,139,142,144,289,291,292,390,398,404,405,429,644,645,646,648,677,690,836,1056,1062,1118,1146,1556,1661,1674,2102,2106,2155,2642,2677,2679,2774,2775,2778,3263,3447,3472,4854,4855,5370,5499,5502,5673,5951,5963,5968,5969,5976,5980,5985,5986,5987,6360,6378,6537,6538,6539,6540,6541,6542,6543,6544,6545,6546,6547,6548,6549,6550,6551,6552,6553,6554,6555,6556,6557,6558,6559,6560,
596;0;33;54;1;8,95,100,138,139,142,144,289,291,292,297,390,395,398,400,404,405,429,591,640,644,645,646,648,677,690,766,836,854,863,948,949,1056,1062,1118,1146,1147,1172,1453,1469,1502,1556,1661,1664,1667,1668,1670,1671,1673,1674,1944,1972,1973,1974,1975,1976,1977,1978,2102,2106,2155,2642,2677,2679,2774,2775,2778,3263,3447,3472,4854,4855,5370,5499,5502,5673,5951,5963,5968,6360,
642;0;54;76;1;8,26,95,100,138,139,142,144,289,291,292,297,390,395,398,400,404,405,429,528,529,591,640,644,645,646,648,677,690,766,836,854,863,948,949,1056,1062,1118,1146,1147,1172,1268,1269,1270,1273,1279,1287,1288,1292,1293,1322,1453,1469,1502,1556,1661,1664,1667,1668,1670,1671,1673,1674,1944,1972,1973,2106,2677,2679,2774,2775,2778,2873,2874,2875,2876,2877,3263,3447,6360,
675;0;76;105;1;26,95,100,139,142,144,289,291,292,297,390,395,398,400,404,405,429,430,528,591,640,644,645,677,715,766,768,836,854,948,949,1056,1062,1118,1146,1147,1172,1268,1269,1270,1273,1279,1287,1288,1293,1322,1453,1668,1670,1671,1674,1768,1944,1973,2106,2636,2640,2654,2679,2680,2699,2714,2733,2750,2756,2774,2775,2873,3263,3447,5195,7296,7299,7308,8432,8801,8825,8826,8827,8828,
766;0;105;137;1;26,95,100,139,142,144,289,291,292,297,390,395,398,400,404,405,429,430,528,591,640,644,645,677,715,766,768,836,854,948,949,1056,1062,1118,1146,1147,1172,1268,1269,1270,1273,1279,1287,1288,1293,1322,1453,1668,1670,1671,1674,1768,1944,1973,2106,2636,2640,2654,2679,2680,2699,2714,2733,2774,2775,2873,3178,3232,3263,3447,3538,3665,3673,5088,5984,5992,6468,6584,7154,8703,
648;0;137;170;1;26,95,100,139,142,144,157,255,289,291,292,297,390,395,398,400,404,405,429,430,528,591,640,644,645,677,715,766,768,836,854,948,949,1056,1062,1118,1146,1147,1172,1268,1269,1270,1273,1279,1286,1287,1288,1293,1322,1453,1668,1670,1671,1674,1768,1944,1973,2091,2106,2337,2636,2640,2654,2679,2680,2699,2714,2733,2774,2775,2873,2984,3005,3050,3178,3232,3263,3447,8352,8353,
567;0;170;207;1;26,95,100,139,142,144,157,245,255,289,291,292,297,390,394,395,396,398,400,404,405,429,430,528,591,640,644,645,677,715,766,768,836,854,948,949,1050,1051,1056,1057,1062,1118,1145,1146,1147,1172,1268,1269,1270,1273,1279,1286,1287,1288,1293,1322,1453,1668,1670,1671,1674,1944,1973,2091,2105,2106,2337,2640,2679,2774,2775,2873,3178,3232,3263,3447,5611,5613,5626,5803,
589;0;207;251;1;26,95,100,139,142,144,157,245,255,289,291,292,297,390,394,395,396,398,400,404,405,429,430,503,505,528,534,591,640,644,645,677,715,766,836,854,948,949,1050,1051,1056,1057,1062,1063,1118,1145,1146,1147,1172,1268,1269,1270,1273,1279,1286,1287,1288,1293,1322,1333,1453,1659,1668,1670,1671,1674,1944,1973,2091,2106,2337,2640,2679,2774,2775,2873,3178,3232,3263,3447,
789;0;251;303;1;26,95,100,139,142,144,157,245,255,289,291,292,297,390,395,396,398,400,404,405,429,430,503,528,534,591,640,644,645,677,715,766,836,854,948,949,1050,1051,1056,1057,1062,1118,1145,1146,1147,1172,1268,1269,1270,1273,1279,1286,1287,1288,1293,1322,1453,1668,1670,1671,1674,1944,1973,2091,2106,2337,2640,2679,2774,2775,2873,3133,3178,3232,3263,3447,3636,5049,5733,5843,
636;0;303;356;1;26,95,100,139,144,245,255,289,291,292,297,390,395,396,398,400,404,405,429,430,503,528,534,591,640,644,645,677,715,766,836,854,948,949,1050,1051,1057,1062,1118,1145,1146,1147,1172,1268,1269,1270,1273,1279,1286,1287,1288,1293,1322,1453,1668,1670,1671,1674,1944,1973,2091,2106,2337,2640,2679,2774,2775,2873,3178,3232,3263,3447,6145,7953,7954,8229,8277,8285,8589,8592,
568;0;356;416;1;26,87,95,100,102,139,144,245,255,289,291,292,297,390,395,398,400,404,405,429,430,503,528,534,591,640,644,645,677,715,766,836,854,855,948,949,1050,1051,1057,1118,1145,1146,1147,1172,1268,1269,1270,1273,1279,1286,1287,1288,1293,1322,1453,1515,1668,1670,1671,1674,1973,2318,2627,2640,2679,2692,2873,2986,3131,3178,3232,3263,3291,3292,3447,4747,4791,6248,7953,7954,
60;0;416;448;1;26,100,139,144,255,291,292,297,395,398,404,429,836,854,855,948,949,1118,1268,1269,1293,1322,1453,1668,1670,1671,1674,2640,2692,2986,3177,3178,3179,3180,3181,3185,3186,3187,3188,3189,3191,3196,3197,3198,3199,3200,3201,3203,3204,3205,3206,3207,3208,3209,3211,3212,3213,3214,3216,3218,3219,3220,3221,3224,3226,3227,3228,3229,3230,3231,3232,3233,3234,3235,3236,3237,3238,3239,3240,4747,
60;1;448;477;1;15,26,55,60,100,139,144,255,291,292,297,395,398,404,429,736,836,854,855,948,949,979,989,1118,1268,1269,1293,1322,1425,1453,1580,1668,1670,1671,1674,1984,2157,2640,2692,2986,3177,3178,3179,3180,3181,3185,3186,3187,3188,3189,3191,3196,3197,3198,3199,3200,3201,3203,3204,3205,3206,3207,3208,3209,3211,3212,3213,3214,3216,3218,3219,3220,3221,3224,3226,3227,3228,3229,3718,4747,
508;0;477;542;1;15,26,55,60,100,139,144,197,255,291,292,297,395,398,404,429,466,736,826,836,854,855,948,949,979,989,1118,1267,1268,1269,1293,1322,1341,1425,1453,1580,1668,1670,1671,1674,1781,1984,2157,2197,2640,2692,2986,3177,3178,3179,3180,3181,3185,3186,3187,3188,3189,3191,3196,3197,3198,3199,3200,3201,3203,3204,3205,3207,3209,3214,3410,3774,4487,4488,4747,5471,5682,7671,8836,8838,
793;0;542;616;1;15,26,55,60,100,139,144,197,255,291,292,297,395,398,404,429,466,736,826,836,854,855,948,949,979,989,1118,1267,1268,1269,1293,1322,1341,1425,1453,1580,1668,1670,1671,1674,1781,1984,2157,2197,2640,2692,2986,3177,3178,3179,3180,3181,3185,3186,3187,3188,3189,3191,3196,3197,3198,3199,3200,3201,3203,3204,3205,3207,3209,3214,3410,3774,4487,4488,4747,5471,5682,8511,8512,8513,
717;0;616;692;1;15,26,55,60,100,139,144,197,255,291,292,297,395,398,404,429,466,694,736,773,826,835,836,849,854,855,948,949,979,989,1118,1267,1268,1269,1293,1322,1341,1425,1453,1529,1580,1665,1668,1670,1671,1674,1680,1752,1781,1984,2157,2197,2441,2626,2640,2653,2692,2986,3177,3178,3179,3180,3181,3185,3186,3187,3188,3189,3191,3196,3197,3198,3204,3207,3209,3214,3513,3514,3774,4747,
579;0;692;769;1;3,76,137,139,144,225,275,276,291,295,329,377,395,835,836,855,858,861,875,891,927,946,948,1118,1133,1134,1148,1236,1289,1293,1361,1365,1478,1540,1582,1595,1604,1815,1916,2053,2133,2224,2233,2338,2407,2544,2638,2696,2986,3161,3581,3618,3630,3700,3942,4087,4227,4287,4428,4431,4553,4733,4754,4996,5011,5206,5217,5218,5320,5322,5338,5612,6746,6957,7419,7420,7421,7422,7423,7424,
599;0;769;849;1;3,76,137,139,144,225,275,276,291,295,329,377,395,835,836,855,858,861,875,891,927,946,948,1118,1133,1134,1148,1236,1289,1293,1361,1365,1478,1540,1582,1595,1604,1815,1916,2053,2133,2224,2233,2338,2407,2544,2638,2696,2986,3161,3581,3618,3630,3700,3942,4087,4227,4287,4428,4431,4553,4733,4754,4996,5011,5206,5217,5218,5320,5322,5338,5612,6746,6957,7419,7420,7421,7422,7423,7424,
66;0;849;906;1;3,76,137,139,144,225,275,276,291,295,329,377,395,835,836,855,858,861,875,891,927,946,948,1118,1133,1134,1148,1236,1289,1293,1361,1365,1478,1540,1582,1595,1604,1815,1916,2053,2133,2224,2233,2338,2407,2544,2638,2696,2986,3161,3581,3618,3630,3700,3942,4087,4227,4287,4428,4431,4553,4733,4754,4996,5011,5206,5217,5218,5320,5322,5338,5612,6746,6957,7419,7420,7421,7422,7423,7424,
66;1;906;936;1;3,76,137,139,144,225,275,276,291,295,329,377,395,835,836,855,858,861,875,891,927,946,948,1118,1133,1134,1148,1236,1289,1293,1361,1365,1478,1540,1582,1595,1604,1815,1916,2053,2133,2224,2233,2338,2407,2544,2638,2696,2986,3161,3581,3618,3630,3700,3942,4087,4227,4287,4428,4431,4553,4733,4754,4996,5011,5206,5217,5218,5320,5322,5338,5612,6746,6957,7419,7420,7421,7422,7423,7424,
170;0;936;981;1;3,76,137,139,144,225,275,276,291,295,329,377,395,835,836,855,858,861,875,891,927,946,948,1118,1133,1134,1148,1236,1289,1293,1361,1365,1478,1540,1582,1595,1604,1815,1916,2053,2133,2224,2233,2338,2407,2544,2638,2696,2986,3161,3581,3618,3630,3700,3942,4087,4227,4287,4428,4431,4553,4733,4754,4996,5011,5206,5217,5218,5320,5322,5338,5612,6746,6957,7419,7420,7421,7422,7423,7424,
170;1;1440;1484;1;3,61,74,76,137,139,144,225,275,276,291,295,329,377,395,835,836,855,858,861,875,891,927,946,948,1118,1133,1134,1148,1236,1289,1293,1361,1365,1478,1540,1582,1595,1604,1815,1916,2053,2133,2224,2233,2338,2407,2544,2638,2696,2866,2986,3161,3581,3618,3630,3700,3942,4087,4227,4287,4428,4431,4553,4733,4754,4996,5011,5206,5217,5218,5320,5322,5338,5612,6746,6957,7419,7420,7423,
555;0;1484;1574;1;3,30,55,61,74,76,137,139,144,189,221,225,275,276,291,295,329,377,395,835,836,855,858,861,875,891,927,946,948,1118,1133,1134,1148,1236,1275,1289,1293,1361,1365,1478,1540,1582,1595,1604,1815,1916,1980,1984,1997,1999,2027,2053,2133,2158,2224,2233,2338,2407,2423,2986,3577,3618,3700,3855,3933,3934,3935,3936,3937,3938,3939,3940,3941,4428,4553,4733,4996,5206,7419,7423,
755;0;1574;1669;1;3,30,55,61,74,76,137,139,144,149,189,221,225,262,275,276,291,295,329,377,395,647,835,836,855,858,861,875,891,927,946,948,1118,1133,1134,1148,1236,1275,1289,1293,1360,1361,1365,1478,1540,1582,1595,1604,1670,1815,1916,1980,1984,1997,1999,2027,2053,2133,2158,2224,2233,2338,2407,2423,2986,3577,3618,3700,3855,3933,3934,3935,4428,4553,4733,4996,5139,5206,7419,7423,
737;0;1669;1766;1;3,137,144,149,177,225,262,267,291,297,305,306,318,377,395,434,647,854,855,890,892,894,895,896,897,898,899,900,901,907,908,911,912,913,915,916,918,919,920,921,923,924,925,926,927,928,929,930,931,932,934,938,939,942,943,948,1118,1171,1275,1361,1378,1478,1595,1668,1671,1809,2370,3618,3619,3620,4469,4553,4658,6101,6107,6108,6109,6110,6111,6112,
573;0;1766;1864;1;3,137,140,144,149,225,231,262,267,270,290,291,292,351,377,386,398,404,434,647,678,694,855,920,926,927,1093,1117,1118,1170,1171,1275,1378,1380,1475,1476,1477,1478,1501,1521,1595,1762,2120,2127,2657,2815,2904,3712,4034,4093,4390,4470,4472,4545,4572,4573,4574,4575,4576,4577,4578,4579,4580,4581,4582,4583,4584,4585,4586,4587,4588,4589,4590,4591,4592,4593,4594,4595,4596,4597,
523;0;1864;1965;1;3,90,137,140,144,149,225,231,262,267,270,290,291,292,351,377,386,398,404,434,647,678,694,772,773,843,855,920,926,927,1093,1117,1118,1170,1171,1275,1378,1380,1475,1476,1477,1478,1501,1521,1595,1762,1922,2120,2127,2498,2657,2815,2904,3712,4034,4093,4390,4427,4470,4472,4545,4572,4573,4574,4575,4576,4577,4578,4579,4580,4581,4582,4583,4584,4585,4728,4747,5107,5108,5109,
196;0;1965;1977;1;3,90,137,140,144,145,149,225,231,233,241,262,267,270,277,288,290,291,292,321,351,377,386,397,398,404,429,434,647,678,694,772,773,843,855,920,926,927,949,1093,1117,1118,1170,1171,1275,1378,1380,1398,1473,1475,1476,1477,1478,1501,1521,1595,1762,1922,2120,2127,2498,2657,2815,2904,3712,4034,4093,4390,4427,4470,4472,4545,4572,4573,4574,4575,4576,4577,4728,5734,
196;1;1977;2069;1;3,90,137,140,144,145,149,225,231,233,241,262,267,270,277,288,290,291,292,321,351,377,386,397,398,404,429,434,647,678,694,772,773,843,855,920,926,927,949,1093,1117,1118,1170,1171,1275,1378,1380,1398,1473,1475,1476,1477,1478,1501,1521,1595,1762,1922,2120,2127,2498,2657,2815,2904,3712,4034,4093,4390,4427,4470,4472,4545,4572,4573,4574,4575,4576,4728,8502,8503,
612;0;2069;2174;1;3,26,27,38,41,97,128,139,144,210,225,255,262,267,277,289,291,295,303,305,310,312,313,314,429,438,491,640,760,843,872,972,995,1089,1118,1138,1142,1171,1268,1269,1270,1272,1275,1287,1288,1293,1294,1295,1322,1457,1464,1465,1475,1478,1558,1781,1922,2074,2107,2200,2244,2261,2262,2462,2498,2537,2868,3204,3609,3774,3837,3865,4260,5144,5153,5154,5155,7367,8111,9194,
101;0;2174;2251;1;3,26,27,38,41,97,128,139,144,210,225,255,262,267,277,289,291,295,303,305,310,312,313,314,429,438,491,640,760,843,872,972,995,1089,1118,1138,1142,1171,1268,1269,1270,1272,1275,1287,1288,1293,1294,1295,1322,1457,1464,1465,1475,1478,1558,1781,1922,2074,2107,2200,2244,2261,2262,2462,2498,2537,2868,3204,3609,3774,3837,3865,4260,5144,5153,5154,5155,7367,8111,9194,
101;1;2251;2283;1;3,26,27,38,41,97,128,139,144,210,225,255,262,267,277,289,291,295,303,305,310,312,313,314,429,438,491,640,760,843,872,972,995,1089,1118,1138,1142,1171,1268,1269,1270,1272,1275,1287,1288,1293,1294,1295,1322,1457,1464,1465,1475,1478,1558,1781,1922,2074,2107,2200,2244,2261,2262,2462,2498,2537,2868,3204,3609,3774,3837,3865,4260,5144,5153,5154,5155,7367,8111,9194,
28;0;2283;2408;0;3,26,27,38,41,97,128,139,144,210,225,255,262,267,277,289,291,295,303,305,310,312,313,314,429,438,491,640,760,843,872,972,995,1089,1118,1138,1142,1171,1268,1269,1270,1272,1275,1287,1288,1293,1294,1295,1322,1457,1464,1465,1475,1478,1558,1781,1922,2074,2107,2200,2244,2261,2262,2462,2498,2537,2868,3204,3609,3774,3837,3865,4260,5144,5153,5154,5155,7367,8111,9194,
28;1;2408;2438;0;3,26,27,38,41,97,128,139,144,210,225,255,262,267,277,289,291,295,303,305,310,312,313,314,429,438,491,640,760,843,872,972,995,1089,1118,1138,1142,1171,1268,1269,1270,1272,1275,1287,1288,1293,1294,1295,1322,1457,1464,1465,1475,1478,1558,1781,1922,2074,2107,2200,2244,2261,2262,2462,2498,2537,2868,3204,3609,3774,3837,3865,4260,5144,5153,5154,5155,7367,8111,9194,
592;0;2438;2548;1;3,26,27,38,41,97,128,139,144,210,225,255,262,267,277,289,291,295,303,305,310,312,313,314,429,438,491,640,760,843,872,972,995,1089,1118,1138,1142,1171,1268,1269,1270,1272,1275,1287,1288,1293,1294,1295,1322,1457,1464,1465,1475,1478,1558,1781,1922,2074,2107,2200,2244,2261,2262,2462,2498,2537,2868,3204,3609,3774,3837,3865,4260,5144,5153,5154,5155,7367,8111,9194,
543;0;2880;2992;1;3,26,27,38,41,95,97,128,139,144,210,225,255,262,267,277,289,291,295,303,305,310,312,313,314,429,438,491,640,677,760,764,766,843,872,972,995,1089,1118,1138,1142,1171,1268,1269,1270,1272,1275,1287,1288,1293,1294,1295,1322,1457,1464,1465,1475,1478,1558,1781,1922,2074,2107,2200,2244,2261,2262,2354,2462,2498,2537,2626,2661,2868,3204,3608,3609,3774,3837,5230,
2;0;2992;3070;1;3,26,27,38,41,95,97,128,139,144,210,225,255,262,267,277,289,291,295,303,305,310,312,313,314,390,401,402,429,438,491,640,645,677,760,764,766,843,872,972,995,1057,1089,1118,1138,1142,1146,1171,1268,1269,1270,1272,1275,1287,1288,1293,1294,1295,1322,1457,1464,1465,1474,1475,1478,1558,1781,1922,1933,2074,2103,2104,2107,2108,2200,2244,2498,2626,2661,5230,
2;1;3070;3107;1;3,26,27,38,41,95,97,128,139,144,210,225,255,262,267,277,289,291,295,303,305,310,312,313,314,390,401,402,429,438,491,640,645,677,760,764,766,843,872,972,995,1057,1089,1118,1138,1142,1146,1171,1268,1269,1270,1272,1275,1287,1288,1293,1294,1295,1322,1457,1464,1474,1478,1481,1781,1922,2074,2104,2498,2626,2661,5230,5529,8134,8137,8190,8195,8196,8197,8198,
155;0;3107;3130;1;3,26,27,38,41,95,97,128,139,144,210,225,255,262,267,277,289,291,295,303,305,310,312,313,314,333,390,401,402,429,438,491,640,645,677,760,764,766,769,843,872,948,972,995,1057,1089,1118,1138,1142,1146,1171,1233,1268,1269,1270,1272,1275,1287,1288,1293,1294,1295,1322,1457,1464,1474,1478,1481,1633,1749,1781,1922,2074,2104,2498,2626,2661,4471,4553,5230,
155;1;3130;3226;1;3,5,26,27,38,41,95,97,128,139,144,210,225,255,262,266,267,277,288,289,291,295,303,305,310,312,313,314,333,390,401,402,404,429,438,491,640,645,677,766,769,843,854,872,948,972,1048,1050,1051,1060,1118,1146,1268,1269,1270,1272,1275,1287,1288,1293,1294,1295,1322,1470,1474,1478,1481,1669,1781,1922,1973,2074,2104,2134,2355,2425,2498,2626,2661,5230,
102;0;3226;3324;1;9,26,38,95,97,137,139,144,145,225,226,229,231,240,242,245,255,262,266,268,277,291,314,390,401,405,429,430,432,443,640,677,719,769,843,854,948,1050,1118,1119,1149,1268,1269,1270,1275,1287,1288,1293,1295,1470,1478,1481,1607,1608,1609,1610,1611,1612,1613,1614,1615,1616,1617,1618,1619,1620,1621,1622,1623,1624,1625,1626,1669,1922,1973,2134,2355,2425,2498,2626,
102;1;3324;3346;1;9,26,38,95,97,137,139,144,145,225,226,229,231,240,242,245,255,262,266,268,277,291,314,390,401,405,429,430,432,443,640,677,719,769,843,854,948,1050,1118,1119,1149,1268,1269,1270,1275,1287,1288,1293,1295,1470,1478,1481,1607,1608,1609,1610,1611,1612,1613,1614,1615,1616,1617,1618,1619,1620,1621,1622,1624,1669,1922,1973,2134,2355,2425,2498,2626,6204,7454,8899,
233;0;3346;3414;1;26,38,95,97,100,102,137,139,144,145,225,226,231,245,255,262,268,277,291,314,343,390,401,429,640,677,715,769,843,854,948,1043,1050,1118,1119,1149,1199,1268,1269,1270,1275,1287,1288,1293,1295,1444,1470,1478,1481,1528,1618,1624,1669,1922,1973,2134,2355,2425,2498,2626,2628,2649,2679,2683,5526,5530,5537,5690,5723,5865,5867,5868,7320,7580,7581,7582,7583,7584,7585,7586,
233;1;3414;3469;1;2,26,38,95,97,100,102,137,139,144,145,225,226,231,245,255,262,268,277,291,314,321,343,390,398,400,401,429,640,677,715,769,843,854,933,948,1043,1050,1093,1118,1119,1149,1199,1268,1269,1270,1275,1287,1288,1293,1295,1444,1470,1476,1478,1479,1481,1528,1618,1624,1669,1922,1973,2134,2355,2425,2498,2536,2626,2628,2649,2679,2683,5181,5182,5526,5530,5537,5690,5723,
698;0;3469;3595;1;2,26,38,95,97,100,102,135,137,139,144,145,225,226,231,245,255,262,268,277,291,301,314,321,343,390,398,400,401,429,640,677,715,769,830,843,854,933,948,1043,1050,1093,1118,1119,1149,1268,1269,1270,1275,1287,1288,1293,1295,1360,1470,1476,1478,1479,1481,1484,1485,1528,1618,1624,1669,1922,1973,2134,2321,2355,2371,2536,2584,2626,2628,2649,2679,2683,4033,6342,
98;0;3595;3604;1;24,26,38,95,97,144,155,248,255,291,314,377,390,395,398,401,429,528,580,637,684,754,854,1050,1052,1054,1093,1117,1147,1148,1163,1172,1174,1268,1269,1270,1275,1278,1285,1286,1287,1288,1289,1291,1293,1295,1297,1359,1442,1470,1471,1481,1567,1618,1669,1695,2134,2171,2263,2273,2350,2351,2352,2355,2419,2426,2845,3060,5316,5779,6418,6419,6514,6865,6866,6867,7012,7013,7035,7709,
98;1;3604;3725;1;24,26,38,95,97,144,155,248,255,291,314,377,390,395,398,401,429,528,580,637,684,754,854,1050,1052,1054,1093,1117,1147,1148,1163,1172,1174,1268,1269,1270,1275,1278,1285,1286,1287,1288,1289,1291,1293,1295,1297,1359,1442,1470,1471,1481,1567,1618,1669,1695,2134,2171,2263,2273,2350,2351,2352,2355,2419,2426,2845,3060,5316,5779,6418,6419,6514,6865,6866,6867,7012,7013,7035,7709,
220;0;3725;3739;1;24,26,38,95,97,144,155,248,255,291,314,377,390,395,398,401,429,528,580,637,684,754,854,1050,1052,1054,1093,1117,1147,1148,1163,1172,1174,1268,1269,1270,1275,1278,1285,1286,1287,1288,1289,1291,1293,1295,1297,1359,1442,1470,1471,1481,1567,1618,1669,1695,2134,2171,2263,2273,2350,2351,2352,2355,2419,2426,2845,3060,5316,5779,6418,6419,6514,6865,6866,6867,7012,7013,7035,7709,
220;1;3739;3858;1;24,26,38,95,97,144,155,248,255,291,314,377,390,395,398,401,429,528,580,637,684,754,854,1050,1052,1054,1093,1117,1147,1148,1163,1172,1174,1268,1269,1270,1275,1278,1285,1286,1287,1288,1289,1291,1293,1295,1297,1359,1442,1470,1471,1481,1567,1618,1669,1695,2134,2171,2263,2273,2350,2351,2352,2355,2419,2426,2845,3060,5316,5779,6418,6419,6514,6865,6866,6867,7012,7013,7035,7709,
664;0;3858;3992;1;24,26,38,95,97,144,155,248,255,291,314,377,390,395,398,401,429,528,580,637,684,754,854,1050,1052,1054,1093,1117,1147,1148,1163,1172,1174,1268,1269,1270,1275,1278,1285,1286,1287,1288,1289,1291,1293,1295,1297,1359,1442,1470,1471,1481,1567,1618,1669,1695,2134,2171,2263,2273,2350,2351,2352,2355,2419,2426,2845,3060,5316,5779,6418,6419,6514,6865,6866,6867,7012,7013,7035,7709,
738;0;3992;4128;1;24,26,38,95,97,144,155,248,255,291,314,377,390,395,398,401,429,528,580,637,684,754,854,1050,1052,1054,1093,1117,1147,1148,1163,1172,1174,1268,1269,1270,1275,1278,1285,1286,1287,1288,1289,1291,1293,1295,1297,1359,1442,1470,1471,1481,1567,1618,1669,1695,2134,2171,2263,2273,2350,2351,2352,2355,2419,2426,2845,3060,5316,5779,6418,6419,6514,6865,6866,6867,7012,7013,7035,7709,
686;0;4128;4266;1;24,26,38,95,97,144,155,248,255,291,314,377,390,395,398,401,429,528,580,637,684,754,854,1050,1052,1054,1093,1117,1147,1148,1163,1172,1174,1268,1269,1270,1275,1278,1285,1286,1287,1288,1289,1291,1293,1295,1297,1359,1442,1470,1471,1481,1567,1618,1669,1695,2134,2171,2263,2273,2350,2351,2352,2355,2419,2426,2845,3060,5316,5779,6418,6419,6514,6865,6866,6867,7012,7013,7035,7709,
33;0;4266;4317;1;24,26,38,95,97,144,155,248,255,291,314,377,390,395,398,401,429,528,580,637,684,754,854,1050,1052,1054,1093,1117,1147,1148,1163,1172,1174,1268,1269,1270,1275,1278,1285,1286,1287,1288,1289,1291,1293,1295,1297,1359,1442,1470,1471,1481,1567,1618,1669,1695,2134,2171,2263,2273,2350,2351,2352,2355,2419,2426,2845,3060,5316,5779,6418,6419,6514,6865,6866,6867,7012,7013,7035,7709,
33;1;4320;4410;1;15,16,17,20,24,25,26,34,38,40,45,54,60,95,97,144,155,248,255,291,314,377,390,395,398,401,429,448,490,494,528,580,637,684,754,854,1050,1052,1054,1093,1117,1147,1148,1163,1172,1174,1268,1269,1270,1275,1278,1285,1286,1287,1288,1289,1291,1293,1295,1297,1359,1442,1470,1471,1481,1567,1582,1618,1669,1695,2134,2171,2263,2273,2350,2351,2352,2355,2419,2426,
14;0;4410;4449;1;15,16,17,20,24,25,26,34,38,40,45,54,60,79,95,97,144,155,248,255,291,314,377,390,395,398,401,429,448,490,494,528,578,580,637,684,730,754,854,1050,1052,1054,1093,1117,1147,1148,1158,1163,1172,1174,1268,1269,1270,1275,1278,1285,1286,1287,1288,1289,1291,1293,1295,1297,1359,1442,1470,1481,1567,1582,1618,1669,2028,2263,2352,2517,3929,3930,3931,3932,
14;1;4449;4554;1;15,16,17,20,24,25,26,34,38,40,45,54,60,79,95,97,113,144,155,248,255,291,314,377,390,395,398,401,429,448,490,494,528,534,540,578,580,637,684,730,753,754,854,1050,1052,1054,1093,1117,1147,1148,1158,1162,1163,1172,1174,1268,1269,1270,1275,1278,1285,1287,1288,1289,1293,1295,1297,1359,1481,1567,1582,1618,1669,2233,2263,2352,3080,3508,3509,3510,
595;0;4554;4700;1;15,16,17,20,24,25,26,34,38,40,45,54,60,79,95,97,113,144,155,248,255,290,291,314,377,390,395,398,401,429,448,490,494,528,534,540,578,580,637,684,730,753,754,838,854,1050,1052,1054,1093,1117,1147,1148,1158,1162,1163,1172,1268,1269,1285,1287,1288,1289,1293,1295,1297,1359,1481,1567,1582,1618,1669,2233,2263,2352,2690,4633,5259,6731,6732,6742,
754;0;4700;4848;1;15,17,24,26,79,95,97,136,137,144,146,149,290,291,297,377,390,395,398,436,490,528,644,647,753,838,854,914,927,1050,1093,1117,1118,1149,1211,1268,1269,1285,1287,1288,1289,1293,1295,1297,1359,1481,1484,1567,1582,1618,1668,1669,1670,1671,1825,1920,1922,1973,2352,2635,2651,4018,4572,4654,4968,5015,5135,5139,5250,5251,5252,5253,5254,5255,5256,5257,5258,5259,5260,5261,
622;0;4848;4998;1;15,17,24,26,79,95,97,136,137,144,146,149,274,290,291,297,343,352,377,390,395,398,436,490,528,644,647,666,753,769,772,838,854,914,927,946,948,951,1050,1093,1117,1118,1149,1211,1268,1269,1285,1287,1288,1289,1293,1295,1297,1359,1447,1481,1484,1567,1582,1618,1668,1669,1670,1671,1825,1920,1973,2319,2352,2679,2911,3131,3152,3160,3164,3291,3292,3293,3294,4018,
554;0;4998;5150;1;15,26,30,61,79,137,144,149,150,170,225,231,251,262,290,291,321,412,490,507,528,640,677,1258,1268,1269,1285,1287,1288,1289,1293,1359,1451,1478,1481,1587,1657,1668,1920,2413,2509,2510,2518,2555,2626,2628,2649,2660,2689,2941,3361,3599,3600,3601,3877,4400,5507,5633,6022,6114,6136,6193,6370,6723,7203,7204,7205,7206,7207,7208,7209,7210,7211,7212,7213,7953,7954,7956,7957,8120,
25;0;5150;5199;1;15,26,30,61,79,137,144,149,150,170,225,231,251,262,290,291,321,412,490,507,528,640,677,1258,1268,1269,1285,1287,1288,1289,1293,1359,1451,1478,1481,1587,1657,1668,1920,2413,2509,2510,2518,2555,2626,2628,2649,2660,2689,2941,3361,3599,3600,3601,3877,4400,5507,5633,6022,6114,6136,6193,6370,6723,7203,7204,7205,7206,7207,7208,7209,7210,7211,7212,7213,7953,7954,7956,7957,8120,
25;1;5199;5308;1;15,26,30,61,79,137,144,149,150,170,225,231,251,262,290,291,321,412,490,507,528,640,677,1258,1268,1269,1285,1287,1288,1289,1293,1359,1451,1478,1481,1587,1657,1668,1920,2413,2509,2510,2518,2555,2626,2628,2649,2660,2689,2941,3361,3599,3600,3601,3877,4400,5507,5633,6022,6114,6136,6193,6370,6723,7203,7204,7205,7206,7207,7208,7209,7210,7211,7212,7213,7953,7954,7956,7957,8120,
702;0;5308;5468;1;15,26,30,61,79,137,144,149,150,170,225,231,251,262,290,291,321,412,490,507,528,640,677,1258,1268,1269,1285,1287,1288,1289,1293,1359,1451,1478,1481,1587,1657,1668,1920,2413,2509,2510,2518,2555,2626,2628,2649,2660,2689,2941,3361,3599,3600,3601,3877,4400,5507,5633,6022,6114,6136,6193,6370,6723,7203,7204,7205,7206,7207,7208,7209,7210,7211,7212,7213,7953,7954,7956,7957,8120,
791;0;5468;5629;1;15,26,30,61,79,137,144,149,150,170,225,231,251,262,290,291,321,412,490,507,528,640,677,1258,1268,1269,1285,1287,1288,1289,1293,1359,1451,1478,1481,1587,1657,1668,1920,2413,2509,2510,2518,2555,2626,2628,2649,2660,2689,2941,3361,3599,3600,3601,3877,4400,5507,5633,6022,6114,6136,6193,6370,6723,7203,7204,7205,7206,7207,7208,7209,7210,7211,7212,7213,7953,7954,7956,7957,8120,
616;0;5760;5924;1;15,26,30,61,79,98,137,144,149,150,170,225,231,234,235,245,251,262,267,273,283,290,291,306,308,310,321,412,490,507,528,640,677,1121,1258,1268,1269,1285,1287,1288,1289,1293,1359,1451,1478,1481,1496,1587,1657,1668,1681,1920,2052,2370,2372,2376,2413,2509,2510,2518,2555,2626,2628,2649,2660,2941,4424,4425,4426,4427,4428,4429,4430,4473,4474,4475,4476,4477,6022,6114,
139;0;5924;6078;1;15,26,27,30,61,68,79,98,137,144,149,150,170,225,231,234,235,245,251,262,267,273,283,290,291,306,308,310,321,412,490,507,528,640,677,1121,1258,1268,1269,1285,1287,1288,1289,1293,1359,1451,1478,1481,1496,1587,1657,1668,1681,1920,2052,2179,2279,2370,2372,2376,2413,2471,2509,2510,2518,2555,2626,2628,2649,2660,2864,2941,4424,4425,4426,4427,4428,4429,6022,6114,
139;1;6078;6090;1;15,26,27,30,61,68,79,98,137,144,149,150,170,225,231,234,235,251,267,273,290,291,310,321,412,490,528,640,677,736,738,748,1121,1268,1269,1271,1272,1285,1287,1288,1289,1293,1332,1359,1419,1478,1481,1570,1577,1587,1668,1780,1781,1793,1795,2052,2187,2239,2257,2264,2265,2509,2626,2628,2649,2849,2856,2941,3700,3701,3702,3703,3704,3705,3706,3707,3708,3709,6022,6114,
637;0;6090;6259;1;15,17,26,27,30,61,68,79,98,137,144,149,150,170,225,231,234,235,251,267,273,290,291,310,321,412,490,528,640,677,736,738,748,979,1121,1196,1268,1269,1271,1272,1285,1287,1288,1289,1293,1332,1359,1419,1478,1481,1561,1570,1577,1582,1587,1668,1780,1935,2052,2264,2265,2305,2509,2626,2628,2649,2765,2836,2849,2924,2940,2941,2959,3702,3708,4319,4320,4321,6022,6114,
169;0;6259;6342;1;15,17,26,27,30,61,68,79,97,98,137,144,149,150,170,225,231,234,235,251,267,268,272,273,286,287,290,291,302,310,321,351,395,412,490,528,640,677,736,738,748,979,1121,1196,1236,1268,1269,1271,1288,1293,1332,1359,1478,1481,1561,1587,1624,1668,1740,1935,2052,2225,2264,2265,2509,2626,2628,2649,2695,2765,2849,2941,3698,3702,3708,3793,6022,6114,7033,7034,
169;1;6342;6433;1;15,26,27,30,61,137,144,149,150,225,231,234,251,267,268,272,273,286,287,290,291,321,351,395,412,528,640,677,1121,1236,1268,1269,1288,1293,1332,1359,1478,1481,1561,1587,1668,2052,2225,2264,2265,2509,2626,2628,2649,2765,2849,2941,3178,3207,3209,3210,3214,3702,3708,6013,6022,6114,8265,8339,8340,8397,8763,8764,8765,8766,8767,8768,8769,8770,8771,8772,8773,8774,8775,8776,
171;0;6433;6531;1;15,24,27,30,144,150,152,165,187,188,189,247,412,509,536,567,598,602,722,734,753,773,875,1043,1273,1279,1297,1322,1332,1341,1561,1587,1651,1778,1796,2074,2148,2149,2150,2151,2152,2153,2172,2315,2352,2626,2633,2661,2765,2849,2873,2934,2968,3313,3314,3409,3511,3512,3802,3805,4060,4078,4207,4864,4865,4866,4867,4868,4869,4870,4871,4872,4873,4874,4875,4876,4877,4878,4879,4880,
171;1;6531;6614;1;15,24,27,30,144,150,152,165,187,188,189,247,412,509,536,567,598,602,722,734,753,773,875,1043,1273,1279,1297,1322,1332,1341,1561,1587,1651,1778,1796,2074,2148,2149,2150,2151,2152,2153,2172,2315,2352,2626,2633,2661,2765,2849,2873,2934,2968,3313,3314,3409,3511,3512,3802,3805,4060,4078,4207,4864,4865,4866,4867,4868,4869,4870,4871,4872,4873,4874,4875,4876,4877,4878,4879,4880,
21;0;6614;6629;1;15,24,27,30,144,150,152,165,187,188,189,247,412,509,536,567,598,602,722,734,753,773,875,1043,1273,1279,1297,1322,1332,1341,1561,1587,1651,1778,1796,2074,2148,2149,2150,2151,2152,2153,2172,2315,2352,2626,2633,2661,2765,2849,2873,2934,2968,3313,3314,3409,3511,3512,3802,3805,4060,4078,4207,4864,4865,4866,4867,4868,4869,4870,4871,4872,4873,4874,4875,4876,4877,4878,4879,4880,
21;1;6629;6799;1;15,24,27,30,144,150,152,165,187,188,189,247,412,509,536,567,598,602,722,734,753,773,875,1043,1273,1279,1297,1322,1332,1341,1561,1587,1651,1778,1796,2074,2148,2149,2150,2151,2152,2153,2172,2315,2352,2626,2633,2661,2765,2849,2873,2934,2968,3313,3314,3409,3511,3512,3802,3805,4060,4078,4207,4864,4865,4866,4867,4868,4869,4870,4871,4872,4873,4874,4875,4876,4877,4878,4879,4880,
147;0;7200;7247;1;15,24,27,30,144,150,152,165,187,188,189,247,249,412,509,536,567,598,602,722,734,753,773,875,1043,1273,1279,1281,1297,1322,1332,1341,1561,1587,1651,1778,1796,2064,2074,2148,2149,2150,2151,2152,2153,2172,2175,2315,2352,2626,2633,2661,2765,2849,2873,2934,2968,3256,3313,3314,3409,3511,3512,3802,3805,4060,4078,4207,4864,4865,4866,4867,4868,4869,4870,4871,4872,4913,5791,8354,
147;1;7247;7394;1;15,24,27,30,144,150,152,165,169,187,188,189,190,247,249,412,504,509,536,567,598,602,722,734,753,773,872,875,972,1043,1273,1279,1281,1297,1322,1332,1341,1561,1562,1587,1651,1778,1796,1887,2064,2074,2148,2149,2150,2151,2152,2153,2172,2175,2315,2352,2563,2572,2626,2633,2661,2765,2849,2873,2934,2968,3022,3256,3313,3314,3346,3409,3511,3512,3802,3805,4060,4078,7649,7650,
121;0;7394;7426;1;15,24,27,30,144,150,152,165,169,187,188,189,190,247,249,412,504,509,536,567,598,602,640,722,734,753,773,872,875,972,1043,1093,1273,1279,1281,1297,1322,1332,1341,1561,1562,1587,1651,1778,1796,1887,2064,2074,2148,2149,2150,2151,2152,2153,2172,2175,2315,2352,2563,2572,2626,2633,2661,2765,2849,2873,2934,2968,3022,4937,5386,5387,6288,6289,6290,6298,6299,6300,6301,6302,
121;1;7426;7592;1;15,24,27,30,144,150,152,165,169,187,188,189,190,247,249,412,504,509,536,567,598,602,640,722,734,753,773,872,875,972,1043,1093,1273,1279,1281,1297,1322,1332,1341,1561,1562,1587,1651,1778,1796,1887,2022,2064,2074,2148,2149,2150,2151,2152,2153,2172,2175,2315,2352,2563,2572,2626,2633,2661,2765,2849,2873,2934,2968,3022,4937,5386,5387,6288,6289,6290,6298,6299,6300,6301,
144;0;7592;7765;0;15,24,27,30,144,150,152,165,169,187,188,189,190,247,249,412,504,509,536,567,598,602,640,722,734,753,773,782,872,875,972,1043,1093,1273,1279,1281,1297,1322,1332,1341,1549,1561,1562,1587,1651,1778,1796,1887,2018,2022,2064,2074,2148,2149,2150,2151,2152,2153,2172,2175,2202,2315,2352,2563,2572,2626,2633,2661,2847,2848,2849,2850,2968,4452,5561,5668,5669,5670,5671,5672,
144;1;7765;7845;0;15,24,118,144,165,169,189,247,412,536,598,617,618,620,640,734,773,827,875,1096,1097,1098,1273,1310,1315,1322,1412,1413,1414,1415,1549,1587,1651,1877,1879,2172,2271,2315,2348,2576,2578,2626,2661,2848,2968,3572,3573,3574,4083,4084,4130,4755,4922,5585,5714,5825,6030,6564,6589,6772,6966,7818,7865,7904,7905,7906,7907,7908,7909,7910,7911,7912,7913,7914,7915,7916,7917,7918,7919,7920,
7;0;7845;7943;0;15,24,92,104,118,144,165,169,189,247,276,343,359,412,536,591,598,617,618,620,640,693,734,765,773,827,838,849,854,875,890,1096,1097,1098,1273,1293,1310,1315,1322,1336,1365,1412,1413,1414,1549,1587,1651,1859,1884,2063,2172,2315,2318,2459,2461,2564,2626,2661,2678,2679,2685,2848,2968,2986,3345,3618,3906,4103,4369,4385,4387,4574,4650,4728,4729,4730,4731,4732,4733,4734,
7;1;7943;8094;0;15,24,92,104,118,144,165,169,189,247,276,343,359,412,536,591,598,617,618,620,640,693,734,765,773,827,838,849,854,875,890,1096,1097,1098,1273,1293,1310,1315,1322,1336,1365,1412,1413,1414,1549,1587,1651,1859,1884,2063,2172,2315,2318,2459,2461,2564,2626,2661,2678,2679,2685,2848,2968,2986,3345,3618,3906,4103,4369,4385,4387,4574,4650,4728,4729,4730,4731,4732,4733,4734,
50;0;8640;8790;0;15,24,95,137,139,143,144,149,165,169,189,234,247,276,288,297,321,351,379,390,395,398,412,435,536,591,598,640,647,734,765,773,827,838,854,875,891,898,949,1024,1050,1117,1118,1119,1121,1210,1273,1293,1322,1474,1484,1587,1668,1669,1680,1751,2172,2315,2318,2461,2492,2536,2626,2661,2678,2679,2783,2968,3037,3263,3286,3345,3744,4495,4501,5206,5739,6384,6614,7261,
50;1;8790;8866;0;15,24,95,137,139,143,144,149,165,169,189,234,247,276,288,297,321,351,379,390,395,398,412,435,536,591,598,640,647,734,765,773,827,831,838,854,875,891,898,949,1024,1050,1117,1118,1119,1121,1210,1273,1293,1322,1474,1484,1587,1668,1669,1680,1682,1751,2172,2315,2318,2461,2492,2536,2626,2661,2678,2679,2783,2968,3037,3263,3286,3345,3744,4495,4501,5206,5739,6384,
761;0;8866;9045;0;15,24,61,95,137,139,143,144,149,165,169,189,234,247,251,276,288,297,321,351,379,390,395,398,412,435,528,533,536,591,598,640,647,734,765,773,827,831,838,854,875,891,898,949,1024,1050,1117,1118,1119,1121,1210,1268,1269,1273,1293,1322,1474,1484,1587,1668,1669,1680,1682,1751,2172,2221,2315,2318,2461,2492,2626,2661,2678,2679,2968,3263,3286,3345,4308,4309,
122;0;9045;9217;0;15,24,95,103,137,139,143,144,165,189,234,276,288,321,351,379,390,395,398,412,435,528,536,591,598,640,647,765,827,838,854,949,1051,1117,1118,1119,1121,1268,1269,1273,1293,1322,1474,1587,1669,2172,2221,2318,2461,2626,2627,2645,2661,2678,2679,2898,2968,3043,3263,3286,3345,3447,5030,5609,5897,6090,6783,7022,7419,7834,7835,8166,8170,8730,9083,9084,9085,9086,9087,9088,
122;1;9217;9221;0;15,24,66,95,103,137,139,143,144,165,189,202,205,206,234,276,288,321,351,379,390,395,398,412,435,480,487,503,510,516,528,536,591,598,640,647,765,827,838,854,949,964,965,1051,1117,1118,1119,1121,1268,1269,1273,1282,1293,1322,1474,1587,1669,2172,2221,2318,2461,2626,2627,2645,2661,2678,2679,2898,2968,3043,3263,3286,3345,3447,4184,5030,5609,5897,6090,6783,
48;0;9221;9302;0;15,24,66,95,103,137,139,143,144,165,189,202,205,206,234,276,288,321,351,379,390,395,398,412,435,480,487,503,510,516,528,536,591,598,640,647,765,827,838,854,949,964,965,1051,1117,1118,1119,1121,1268,1269,1273,1282,1293,1322,1374,1474,1566,1567,1568,1569,1587,1669,2172,2221,2318,2461,2626,2627,2645,2661,2678,2679,2898,2968,3043,3263,3286,3345,3447,6090,
48;1;9302;9394;0;95,100,137,139,144,189,231,234,276,288,291,295,321,329,377,390,395,398,400,404,435,528,536,591,640,647,729,765,838,848,854,911,949,1051,1071,1118,1119,1170,1268,1269,1293,1295,1322,1359,1474,1669,2120,2216,2217,2218,2219,2220,2221,2318,2394,2461,2626,2645,2649,2661,2678,2679,2687,2715,3108,3286,4419,4420,4470,4816,6098,6196,6197,6332,6334,6335,7316,8113,8114,8391,
751;0;9394;9565;0;95,100,137,139,144,189,231,234,276,288,291,295,321,329,377,390,395,398,400,404,435,528,536,591,640,647,729,765,838,848,854,911,949,1051,1071,1118,1119,1170,1268,1269,1293,1295,1322,1359,1474,1669,2120,2216,2217,2218,2219,2220,2221,2318,2394,2461,2626,2645,2649,2661,2678,2679,2687,2715,3108,3286,4419,4420,4470,4816,6098,6196,6197,6332,6334,6335,7316,8113,8114,8391,
714;0;9565;9729;0;95,100,137,139,144,189,231,234,276,288,291,295,321,329,377,390,395,398,400,404,435,528,536,591,640,647,729,765,838,848,854,911,949,1051,1071,1118,1119,1170,1268,1269,1293,1295,1322,1359,1474,1669,2120,2216,2217,2218,2219,2220,2221,2318,2394,2461,2626,2645,2649,2661,2678,2679,2687,2715,3108,3286,4419,4420,4470,4816,6098,6196,6197,6332,6334,6335,7316,8113,8114,8391,
END
fineshedJobsCount: 583
switchs: 7785
switchsInstances: 403
unfineshedPriorityCount: 202
finalSolution: -385
totalUnfineshed: 217
Time: 70
