input/MyInstancesDiferentToolSets/n=800,p=0.25,r=0.6,t=1265,v0.csv;./input/Processed/ToolSetInt.csv
7;720;1440;10080
Machine: 0
775;0;0;4;1;26,92,100,104,144,248,276,343,528,591,609,666,693,715,754,765,838,849,854,862,890,1277,1287,1288,1292,1293,1294,1346,1365,1481,1599,1777,1884,2318,2339,2408,2409,2419,2459,2461,2475,2661,2678,2679,2685,2689,2986,3051,3618,3797,4369,4385,4387,4459,4574,4645,4650,4728,4729,4730,4731,4732,4733,4734,5525,5530,5538,5637,5869,6095,6096,6097,6311,6314,6322,6957,7035,7060,7061,7871,
659;0;4;8;1;26,92,100,104,144,248,276,343,528,591,609,666,693,715,754,765,838,849,854,862,890,1277,1287,1288,1292,1293,1294,1346,1365,1481,1599,1777,1884,2318,2339,2408,2409,2419,2459,2461,2475,2661,2678,2679,2685,2689,2986,3051,3618,3797,4369,4385,4387,4459,4574,4645,4650,4728,4729,4730,4731,4732,4733,4734,5525,5530,5538,5637,5869,6095,6096,6097,6311,6314,6322,6957,7035,7060,7061,7871,
557;0;8;16;1;26,92,100,104,144,248,276,343,528,591,609,666,693,715,754,765,838,849,854,862,890,1277,1287,1288,1292,1293,1294,1346,1365,1481,1599,1777,1884,2318,2339,2408,2409,2419,2459,2461,2475,2661,2678,2679,2685,2689,2986,3051,3618,3797,4369,4385,4387,4459,4574,4645,4650,4728,4729,4730,4731,4732,4733,4734,5525,5530,5538,5637,5869,6095,6096,6097,6311,6314,6322,6957,7035,7060,7061,7871,
691;0;16;24;1;26,92,100,104,144,248,276,343,528,591,609,666,693,715,754,765,838,849,854,862,890,1277,1287,1288,1292,1293,1294,1346,1365,1481,1599,1777,1884,2318,2339,2408,2409,2419,2459,2461,2475,2661,2678,2679,2685,2689,2986,3051,3618,3797,4369,4385,4387,4459,4574,4645,4650,4728,4729,4730,4731,4732,4733,4734,5525,5530,5538,5637,5869,6095,6096,6097,6311,6314,6322,6957,7035,7060,7061,7871,
572;0;24;42;1;26,92,100,104,144,248,250,276,343,528,591,609,666,693,715,754,765,838,849,854,862,890,1274,1277,1280,1287,1288,1292,1293,1294,1346,1365,1481,1599,1777,1884,2318,2339,2408,2409,2419,2459,2461,2475,2661,2678,2679,2685,2689,2986,3051,3269,3598,3618,3797,4369,4385,4387,4439,4459,4460,4461,4462,4463,4574,4645,4650,4728,4729,4730,4731,4732,4733,4734,5525,5530,5538,5637,5869,6311,
622;0;42;78;1;26,92,100,104,144,245,248,250,276,343,394,396,528,591,609,666,693,715,754,765,838,849,854,862,890,1050,1051,1057,1145,1274,1277,1280,1287,1288,1292,1293,1294,1346,1365,1481,1599,1777,1884,2105,2318,2339,2408,2409,2419,2459,2461,2475,2661,2678,2679,2685,2689,2986,3051,3269,3598,3618,3797,4369,4385,4387,4439,4574,4732,4733,4734,5525,5530,5538,5611,5613,5626,5637,5803,6311,
773;0;78;132;1;26,92,100,104,144,189,245,248,250,276,343,394,396,528,591,609,666,693,715,729,754,765,838,849,854,862,890,1050,1051,1057,1145,1269,1274,1277,1280,1287,1288,1292,1293,1294,1295,1346,1365,1481,1599,1777,1884,2105,2216,2217,2218,2219,2220,2221,2318,2339,2408,2409,2419,2459,2461,2475,2661,2678,2679,2685,2689,2986,3618,3797,4369,4574,4732,4733,4734,5525,5530,5538,5637,6311,
581;0;132;188;1;26,92,100,104,144,178,189,245,248,250,276,343,394,396,528,591,609,666,693,715,729,754,765,838,849,854,862,890,1050,1051,1057,1145,1146,1269,1274,1277,1280,1287,1288,1292,1293,1294,1295,1346,1365,1481,1599,1777,1884,1941,1942,1944,1945,2105,2216,2217,2218,2219,2220,2221,2318,2339,2419,2475,2661,2679,2689,2986,3618,3797,4369,4574,4732,4733,4734,5525,5530,5538,5637,6311,
742;0;188;248;1;26,92,100,117,137,144,178,189,245,248,276,343,351,394,396,397,528,591,666,715,729,765,838,849,854,890,1050,1051,1057,1145,1146,1269,1280,1287,1288,1293,1294,1295,1481,1599,1777,1942,1944,2220,2221,2318,2339,2419,2475,2645,2679,2774,2775,2777,2778,2802,2986,3263,3618,3797,4574,4605,4606,4612,4628,4732,4733,4734,4775,5052,5525,5530,5538,5637,6311,6841,8007,8008,8009,8010,
530;0;248;312;1;26,92,100,117,137,144,178,189,245,248,276,343,351,394,396,397,528,591,666,715,729,765,838,849,854,890,1050,1051,1057,1145,1146,1269,1280,1287,1288,1293,1294,1295,1481,1541,1599,1777,1942,1944,2220,2221,2318,2339,2419,2475,2645,2679,2774,2775,2777,2778,2802,2986,3263,3618,3797,4574,4605,4606,4612,4628,4732,4733,4734,4775,5052,5525,5530,5538,5637,6311,6841,8007,8008,8009,
4;0;312;469;0;26,92,100,117,137,144,178,189,245,248,276,343,351,394,396,397,528,591,666,715,729,765,838,849,854,890,1050,1051,1057,1145,1146,1269,1280,1287,1288,1293,1294,1295,1481,1541,1599,1777,1942,1944,2220,2221,2318,2339,2419,2475,2645,2679,2774,2775,2777,2778,2802,2986,3263,3618,3797,4574,4605,4606,4612,4628,4732,4733,4734,4775,5525,5530,5538,5637,6311,8484,8498,8499,8500,8501,
4;1;469;649;0;26,92,95,100,117,137,144,178,181,189,245,248,276,335,337,343,351,394,396,397,528,591,666,694,715,765,766,769,838,843,849,854,858,890,1050,1051,1145,1146,1269,1280,1287,1288,1293,1294,1295,1481,1541,1599,1777,1942,1944,2220,2221,2318,2339,2475,2627,2645,2679,2774,2775,2777,2778,2802,3263,3583,3618,3797,4574,4605,4606,4612,4732,4733,4734,5525,5530,5538,5637,6311,
220;0;649;786;0;4,24,26,49,95,144,169,208,248,251,390,391,402,404,408,415,480,516,518,529,698,849,987,1013,1091,1146,1147,1157,1163,1329,1481,1580,1801,1811,1895,1935,2018,2221,2223,2318,2339,2407,2412,2531,2538,2552,2553,2554,2582,2645,2668,2713,2765,3581,4398,4647,4733,4734,5493,5649,5650,5674,5721,6180,6385,7227,7324,7801,7802,7804,7805,7806,7812,7814,7839,7840,7841,7842,7843,7844,
220;1;786;942;0;4,24,26,49,95,144,169,208,248,251,390,391,402,404,408,415,480,516,518,529,698,849,987,1013,1091,1146,1147,1157,1163,1329,1481,1580,1801,1811,1895,1935,2018,2221,2223,2318,2339,2407,2412,2531,2538,2552,2553,2554,2582,2645,2668,2713,2765,3581,4398,4647,4733,4734,5493,5649,5650,5674,5721,6180,6385,7227,7324,7801,7802,7804,7805,7806,7812,7814,7839,7840,7841,7842,7843,7844,
162;0;942;1045;0;4,24,26,49,95,144,169,208,248,251,390,391,402,404,408,415,480,516,518,529,698,849,987,1013,1091,1146,1147,1157,1163,1329,1481,1580,1801,1811,1895,1935,2018,2221,2223,2318,2339,2407,2412,2531,2538,2552,2553,2554,2582,2645,2668,2713,2765,3581,4398,4647,4733,4734,5493,5649,5650,5674,5721,6180,6385,7227,7324,7801,7802,7804,7805,7806,7812,7814,7839,7840,7841,7842,7843,7844,
162;1;1045;1209;0;4,24,26,49,95,144,169,208,248,251,390,391,402,404,408,415,480,516,518,529,698,849,987,1013,1091,1146,1147,1157,1163,1329,1481,1580,1801,1811,1895,1935,2018,2221,2223,2318,2339,2407,2412,2531,2538,2552,2553,2554,2582,2645,2668,2713,2765,3581,4398,4647,4733,4734,5493,5649,5650,5674,5721,6180,6385,7227,7324,7801,7802,7804,7805,7806,7812,7814,7839,7840,7841,7842,7843,7844,
62;0;1209;1303;0;4,24,26,49,95,144,169,208,248,251,390,391,402,404,408,415,480,516,518,529,698,849,987,1013,1091,1146,1147,1157,1163,1329,1481,1580,1801,1811,1895,1935,2018,2221,2223,2318,2339,2407,2412,2531,2538,2552,2553,2554,2582,2645,2668,2713,2765,3581,4398,4647,4733,4734,5493,5649,5650,5674,5721,6180,6385,7227,7324,7801,7802,7804,7805,7806,7812,7814,7839,7840,7841,7842,7843,7844,
62;1;1440;1604;0;4,24,26,38,46,49,52,54,79,95,144,169,208,248,251,390,391,402,404,408,415,480,516,518,529,698,849,987,1013,1091,1146,1147,1157,1163,1329,1481,1580,1719,1720,1721,1722,1723,1724,1801,1811,1895,1935,2018,2221,2223,2318,2339,2407,2412,2531,2538,2552,2553,2554,2582,2645,2668,2713,2765,3581,4398,4647,4733,4734,5493,5649,5650,5674,5721,6180,6385,7227,7324,7804,7840,
27;0;1604;1679;0;4,24,26,38,46,49,52,54,79,95,144,169,208,248,249,251,390,391,402,404,408,414,415,480,516,518,529,559,698,849,987,1013,1091,1146,1147,1157,1163,1270,1329,1481,1580,1587,1718,1719,1720,1723,1788,1811,1875,1895,1935,2221,2238,2318,2338,2339,2407,2645,3581,3765,4398,4734,5053,5150,5161,5560,6180,6254,6373,6401,7009,7227,7804,7840,7877,7878,7879,7880,7881,7882,
27;1;1679;1849;0;4,24,26,38,46,49,52,54,79,95,144,169,208,248,249,251,390,391,402,404,408,414,415,480,516,518,529,559,644,698,773,849,946,948,987,1013,1091,1146,1147,1157,1163,1270,1329,1481,1580,1587,1674,1718,1719,1720,1723,1788,1811,1875,1895,1935,2221,2318,2338,2407,2586,2645,3259,3581,4370,4398,4734,5053,6180,6401,7227,7299,7804,7837,7840,7882,8170,8171,8322,8566,
150;0;1849;1933;0;4,24,26,38,46,49,52,54,79,95,144,169,208,248,249,251,390,391,402,404,408,414,415,480,516,518,529,559,644,698,773,849,946,948,987,1013,1091,1146,1147,1157,1163,1270,1329,1481,1580,1587,1630,1674,1718,1719,1720,1723,1788,1811,1875,1895,1935,2221,2318,2338,2407,2586,2645,3259,3581,4370,4398,4734,5053,5091,6180,6401,7227,7804,7837,7840,7882,8170,8171,8354,
150;1;1933;2080;0;4,24,26,38,46,49,52,54,79,95,144,169,208,248,249,251,390,391,402,404,408,414,415,480,516,518,529,559,644,698,773,849,946,948,987,1013,1091,1146,1147,1157,1163,1270,1329,1481,1580,1587,1630,1674,1718,1719,1723,1811,1895,1935,2221,2318,2338,2407,2645,3581,3665,4398,4734,5053,5088,6180,6401,7227,7804,7837,7840,7882,8170,8171,8702,8703,8704,8705,8706,8707,
73;0;2080;2128;0;4,24,26,38,46,49,52,54,79,95,144,169,208,248,249,251,390,391,402,404,408,414,415,470,480,516,518,529,559,644,698,773,849,946,948,987,1013,1091,1146,1147,1157,1163,1270,1329,1341,1481,1580,1587,1630,1674,1718,1719,1723,1811,1895,1935,2221,2318,2338,2407,2645,3581,3665,4398,4734,5053,5088,6180,6401,7227,7804,7837,7840,7882,8170,8171,8702,8703,8704,8705,
73;1;2128;2289;0;8,26,38,46,52,54,100,137,138,139,144,177,271,275,391,429,442,528,647,666,677,715,775,863,891,948,1118,1119,1146,1236,1269,1270,1272,1273,1275,1279,1280,1288,1293,1296,1322,1473,1481,1529,1592,1827,1973,2131,2429,2474,2475,2536,2597,2627,2651,2796,2888,2951,3037,3421,3445,4094,4495,4545,5155,5525,5739,6114,6180,6194,6309,6457,6810,6872,7018,7059,9168,9169,9170,9171,
202;0;2289;2441;0;8,26,38,46,52,54,100,137,138,139,144,177,271,275,391,429,442,528,647,666,677,715,775,863,891,948,1118,1119,1146,1236,1269,1270,1272,1273,1275,1279,1280,1288,1293,1296,1322,1473,1481,1529,1592,1827,1973,2131,2429,2474,2475,2536,2597,2627,2651,2796,2888,2951,3037,3421,3445,4094,4495,4545,5155,5525,5739,6114,6180,6194,6309,6457,6810,6872,7018,7059,9168,9169,9170,9171,
202;1;2441;2496;0;8,26,38,46,52,54,100,137,138,139,144,177,271,275,391,429,442,528,647,666,677,715,775,863,891,948,1118,1119,1146,1236,1269,1270,1272,1273,1275,1279,1280,1288,1293,1296,1322,1473,1481,1529,1592,1827,1973,2131,2429,2474,2475,2536,2597,2627,2651,2796,2888,2951,3037,3421,3445,4094,4495,4545,5155,5525,5739,6114,6180,6194,6309,6457,6810,6872,7018,7059,9168,9169,9170,9171,
125;0;2496;2584;0;8,26,38,46,52,54,100,137,138,139,144,177,271,275,391,429,442,528,647,666,677,715,775,863,891,948,1118,1119,1146,1236,1269,1270,1272,1273,1275,1279,1280,1288,1293,1296,1322,1473,1481,1529,1592,1827,1973,2131,2429,2474,2475,2536,2597,2627,2651,2796,2888,2951,3037,3421,3445,4094,4495,4545,5155,5525,5739,6114,6180,6194,6309,6457,6810,6872,7018,7059,9168,9169,9170,9171,
125;1;2584;2699;0;8,26,38,46,52,54,100,137,138,139,144,177,271,275,391,429,442,528,647,666,677,715,775,863,891,948,1118,1119,1146,1236,1269,1270,1272,1273,1275,1279,1280,1288,1293,1296,1322,1473,1481,1529,1592,1827,1973,2131,2429,2474,2475,2536,2597,2627,2651,2796,2888,2951,3037,3421,3445,4094,4495,4545,5155,5525,5739,6114,6180,6194,6309,6457,6810,6872,7018,7059,9168,9169,9170,9171,
82;0;2699;2819;0;8,26,38,46,52,54,100,137,138,139,144,177,271,275,391,429,442,528,647,666,677,715,775,863,891,948,1118,1119,1146,1236,1269,1270,1272,1273,1275,1279,1280,1288,1293,1296,1322,1473,1481,1529,1592,1827,1973,2131,2429,2474,2475,2536,2597,2627,2651,2796,2888,2951,3037,3421,3445,4094,4495,4545,5155,5525,5739,6114,6180,6194,6309,6457,6810,6872,7018,7059,9168,9169,9170,9171,
82;1;2880;2953;0;8,26,38,46,52,54,100,137,138,139,144,146,177,271,275,391,429,436,442,528,647,666,677,715,775,852,863,891,921,948,1118,1119,1146,1236,1269,1270,1272,1273,1275,1279,1280,1288,1293,1296,1322,1424,1470,1473,1481,1529,1592,1827,1973,2131,2382,2391,2429,2627,2651,2951,3037,4033,4094,4545,4934,4974,5155,5206,5397,5525,5739,5768,5943,6107,6163,6169,6179,6180,6309,6457,
242;0;2953;2974;0;8,17,20,24,25,26,34,37,38,39,40,46,52,54,100,117,137,139,144,146,177,192,271,275,391,412,429,436,442,460,528,647,677,715,775,778,891,948,1118,1146,1236,1269,1270,1272,1273,1275,1279,1288,1293,1311,1322,1424,1473,1481,1529,1560,1853,1858,1973,2091,2338,2627,2651,2951,3014,3015,3037,3061,4033,4094,5155,5472,5525,5739,5825,6309,6428,6457,6706,8988,
242;1;2974;3138;0;8,24,25,26,37,38,39,46,52,54,95,100,117,137,139,144,146,149,177,271,275,288,308,340,391,429,436,442,528,647,677,715,775,838,891,938,948,949,1056,1117,1118,1146,1163,1164,1166,1170,1176,1177,1236,1269,1270,1272,1273,1275,1279,1288,1293,1311,1322,1424,1467,1473,1481,1529,1973,2091,2338,2627,2651,2951,3015,3037,4033,4094,5155,5525,5739,5825,6309,6457,
24;0;3138;3275;0;8,24,25,26,37,38,39,46,52,54,95,100,113,117,137,139,144,146,149,177,206,221,271,275,288,308,340,391,429,436,442,502,528,647,677,715,775,838,891,938,948,949,1117,1118,1146,1163,1166,1170,1236,1269,1270,1272,1273,1275,1279,1288,1293,1311,1322,1424,1473,1481,1529,1587,1973,2091,2338,2627,2651,2951,3015,3037,4033,4094,5155,5525,5739,5825,6309,6457,
24;1;3275;3320;0;3,24,25,26,37,38,39,46,52,54,95,100,117,137,139,144,146,149,177,225,275,288,308,333,340,391,429,436,442,502,528,647,677,715,769,775,838,891,938,948,949,1117,1118,1146,1163,1166,1170,1233,1236,1269,1270,1272,1273,1275,1279,1288,1293,1311,1322,1478,1481,1587,1633,1749,1973,2091,2627,2651,2951,3015,3037,4094,4471,4553,5155,5525,5739,5825,6309,6457,
760;0;3320;3499;0;24,38,46,52,74,79,95,100,117,137,139,144,146,149,177,204,225,275,288,308,340,391,429,436,442,502,506,647,677,715,775,787,790,838,891,938,948,949,960,1117,1118,1146,1162,1163,1166,1170,1181,1236,1269,1270,1273,1279,1288,1293,1322,1478,1481,1587,1589,1973,1996,2070,2091,2627,2651,2951,3015,3037,3348,3810,3948,4094,4114,4115,4116,5155,5525,5739,6309,6457,
709;0;3499;3675;0;10,24,38,95,100,117,137,144,145,146,149,225,231,268,273,288,308,329,340,377,391,397,429,439,442,677,715,838,839,891,901,938,1117,1118,1146,1163,1166,1170,1273,1308,1481,1587,1809,1915,2022,2091,2128,2428,2504,2573,2627,2645,2774,2775,2777,2778,3263,3435,4605,4606,4612,4759,4761,4822,5191,5299,5492,5665,5890,5891,5892,5899,5901,6126,6362,6363,6364,6366,6367,7261,
249;0;3675;3697;0;10,24,38,95,100,117,137,144,145,146,149,225,231,268,273,288,308,329,340,377,391,397,429,439,442,677,715,838,839,891,901,938,1117,1118,1146,1163,1166,1170,1273,1308,1481,1587,1809,1915,2022,2091,2128,2428,2504,2573,2627,2645,2774,2775,2777,2778,3263,3435,4605,4606,4612,4759,4761,4822,5191,5299,5492,5665,5890,5891,5892,5899,5901,6126,6362,6363,6364,6366,6367,7261,
249;1;3697;3849;0;10,24,38,95,100,117,137,144,145,146,149,225,231,268,273,288,308,329,340,377,391,397,429,439,442,677,715,838,839,891,901,938,1117,1118,1146,1163,1166,1170,1273,1308,1481,1587,1809,1915,2022,2091,2128,2428,2504,2573,2627,2645,2774,2775,2777,2778,3263,3435,4605,4606,4612,4759,4761,4822,5191,5299,5492,5665,5890,5891,5892,5899,5901,6126,6362,6363,6364,6366,6367,7261,
135;0;4320;4380;0;10,24,38,95,100,102,117,137,144,145,146,149,225,231,273,288,308,329,340,343,377,391,429,439,442,677,715,838,843,891,938,1043,1117,1118,1146,1163,1166,1170,1199,1273,1444,1481,1528,1587,1915,2091,2428,2498,2573,2627,2628,2645,2649,2679,2683,2774,2775,2777,2778,3263,4612,4759,4761,5492,5526,5530,5537,5690,5723,5865,5867,5868,7320,7580,7581,7582,7583,7584,7585,7586,
135;1;4380;4492;0;10,24,38,95,100,102,117,137,144,145,146,149,225,231,273,288,308,329,340,343,377,391,429,439,442,558,677,715,838,843,891,938,979,1043,1117,1118,1146,1163,1166,1170,1199,1273,1444,1481,1528,1587,1915,2091,2428,2498,2573,2627,2628,2645,2649,2679,2683,2774,2775,2777,2778,3263,3315,4612,4759,4761,5492,5526,5530,5537,5690,5723,5865,5867,5868,7320,7580,7581,7582,7583,
542;0;4492;4660;0;10,24,38,95,100,102,117,137,144,145,146,149,189,225,231,273,288,308,329,340,343,377,391,429,439,442,490,558,677,715,838,843,871,872,873,874,891,938,979,1043,1117,1118,1146,1163,1166,1170,1199,1273,1444,1456,1481,1528,1587,1915,2091,2428,2498,2573,2627,2628,2645,2649,2679,2683,2774,2775,2777,2778,3263,3315,4612,4759,4761,5492,5526,5530,5537,5690,5723,5865,
111;0;4660;4822;0;10,15,24,38,95,100,102,117,137,144,145,146,149,150,152,225,231,273,288,308,329,340,343,366,377,391,429,439,442,480,497,499,547,677,715,838,843,871,891,938,962,1043,1117,1118,1146,1163,1166,1170,1273,1463,1481,1528,1541,1587,1915,1935,2091,2428,2573,2627,2628,2645,2649,2679,2683,2774,2775,2777,2778,2860,3263,3455,3456,3457,4612,4759,4761,5492,5530,5537,
111;1;4822;4826;0;10,15,24,38,95,100,102,117,137,144,145,146,149,150,152,225,231,273,288,301,308,329,340,343,366,377,391,398,429,439,442,480,497,499,547,677,715,838,843,871,891,938,962,1043,1117,1118,1146,1163,1166,1170,1273,1463,1476,1479,1481,1528,1541,1587,1915,2091,2428,2573,2627,2628,2645,2649,2679,2683,2774,2775,2777,2778,3263,4612,4759,4761,4965,5492,5530,5537,
685;0;4826;4990;0;10,15,24,38,95,100,102,117,137,144,145,146,149,150,152,225,231,273,288,301,308,329,340,343,366,377,391,398,429,439,442,480,497,677,715,838,843,871,891,938,1043,1117,1118,1146,1163,1166,1170,1273,1479,1481,1528,1570,1587,1915,2089,2091,2428,2573,2627,2628,2645,2649,2679,2683,2774,2775,2777,2778,2941,3263,3604,3988,4263,4268,4612,4759,4761,5492,5530,5537,
175;0;4990;5078;0;95,137,147,149,178,297,308,329,340,390,391,395,396,426,429,838,851,891,938,1027,1051,1117,1145,1146,1147,1148,1163,1165,1166,1167,1168,1170,1171,1172,1173,1174,1198,1481,1565,1572,1942,1943,1944,2318,2416,2489,2490,2600,2628,2645,2770,2774,2775,2778,2826,3174,3263,4567,4739,4740,4802,4946,5230,5633,5876,6517,7425,7426,7427,7428,7429,7430,8190,8196,8198,8199,8200,8201,8202,8203,
175;1;5078;5154;0;95,137,147,149,178,297,308,329,340,390,391,395,396,426,429,838,851,891,938,1027,1051,1117,1145,1146,1147,1148,1163,1165,1166,1167,1168,1170,1171,1172,1173,1174,1198,1481,1565,1572,1942,1943,1944,2318,2416,2489,2490,2600,2628,2645,2770,2774,2775,2778,2826,3174,3263,4567,4739,4740,4802,4946,5230,5633,5876,6517,7425,7426,7427,7428,7429,7430,8190,8196,8198,8199,8200,8201,8202,8203,
718;0;5154;5310;0;95,137,147,149,178,297,308,329,340,390,391,395,396,426,429,838,851,891,938,1027,1051,1117,1145,1146,1147,1148,1163,1165,1166,1167,1168,1170,1171,1172,1173,1174,1198,1481,1565,1572,1942,1943,1944,2318,2416,2489,2490,2600,2628,2645,2770,2774,2775,2778,2826,3174,3263,4567,4739,4740,4802,4946,5230,5633,5876,6517,7425,7426,7427,7428,7429,7430,8190,8196,8198,8199,8200,8201,8202,8203,
634;0;5310;5462;0;95,137,147,149,178,297,308,329,340,390,391,395,396,426,429,838,851,891,938,1027,1051,1117,1145,1146,1147,1148,1163,1165,1166,1167,1168,1170,1171,1172,1173,1174,1198,1481,1565,1572,1942,1943,1944,2318,2416,2489,2490,2600,2628,2645,2770,2774,2775,2778,2826,3174,3263,4567,4739,4740,4802,4946,5230,5633,5876,6517,7425,7426,7427,7428,7429,7430,8190,8196,8198,8199,8200,8201,8202,8203,
247;0;5462;5568;0;95,137,147,149,178,297,308,329,340,390,391,395,396,426,429,838,851,891,938,1027,1051,1117,1145,1146,1147,1148,1163,1165,1166,1167,1168,1170,1171,1172,1173,1174,1198,1481,1565,1572,1942,1943,1944,2318,2416,2489,2490,2600,2628,2645,2770,2774,2775,2778,2826,3174,3263,4567,4739,4740,4802,4946,5230,5633,5876,6517,7425,7426,7427,7428,7429,7430,8190,8196,8198,8199,8200,8201,8202,8203,
247;1;5568;5613;0;95,137,147,149,178,297,308,329,340,390,391,395,396,426,429,838,851,891,938,1027,1051,1117,1145,1146,1147,1148,1163,1165,1166,1167,1168,1170,1171,1172,1173,1174,1198,1481,1565,1572,1942,1943,1944,2318,2416,2489,2490,2600,2628,2645,2770,2774,2775,2778,2826,3174,3263,4567,4739,4740,4802,4946,5230,5633,5876,6517,7425,7426,7427,7428,7429,7430,8190,8196,8198,8199,8200,8201,8202,8203,
502;0;5760;5910;0;95,137,147,149,178,297,308,329,340,390,391,395,396,426,429,838,851,891,938,1027,1051,1117,1145,1146,1147,1148,1163,1165,1166,1167,1168,1170,1171,1172,1173,1174,1198,1481,1565,1572,1942,1943,1944,2318,2416,2489,2490,2600,2628,2645,2770,2774,2775,2778,2826,3174,3263,3785,3786,3787,3788,3789,3790,3791,3792,4567,4739,4740,4802,4946,5230,5633,5876,6517,7425,7426,7427,7428,7429,7430,
148;0;5910;5925;0;95,137,147,149,178,297,308,329,340,390,391,395,396,400,426,429,838,851,891,938,1027,1051,1117,1145,1146,1147,1148,1163,1165,1166,1167,1168,1170,1171,1172,1173,1174,1198,1363,1481,1565,1572,1942,1943,1944,2318,2381,2416,2489,2490,2600,2628,2645,2770,2774,2775,2778,2824,2826,3174,3263,3785,3786,3787,3788,3789,3790,3791,3792,4567,4739,4740,4802,4946,5230,5633,5876,6517,7425,7426,
148;1;5925;6056;0;95,137,147,149,178,297,308,329,340,390,391,395,396,400,426,429,677,838,851,891,938,1027,1051,1117,1145,1146,1147,1148,1163,1165,1166,1167,1168,1170,1171,1172,1173,1174,1198,1201,1363,1481,1565,1572,1942,1943,1944,2091,2106,2318,2381,2405,2416,2489,2490,2546,2600,2627,2628,2645,2695,2770,2774,2775,2777,2778,2824,2826,3174,3263,3785,3786,3787,3788,3789,4567,4740,4802,5537,6486,
6;0;6056;6144;0;95,137,144,147,149,177,178,181,288,297,302,305,308,313,314,329,340,390,391,395,396,400,403,426,429,442,595,677,838,851,891,938,1027,1051,1117,1145,1146,1147,1148,1163,1165,1166,1167,1168,1170,1171,1172,1173,1174,1198,1201,1363,1430,1472,1474,1481,1565,1572,1676,1922,1932,1933,1942,1943,2091,2106,2318,2627,2628,2645,2695,2774,2775,2778,3121,3130,3263,4567,4740,4802,
6;1;6144;6199;0;95,137,139,144,147,149,177,178,181,275,288,297,302,305,308,313,314,329,340,390,391,395,396,400,403,426,429,442,595,677,775,838,851,891,938,948,1027,1051,1117,1145,1146,1147,1148,1163,1165,1166,1167,1168,1170,1171,1201,1236,1363,1472,1474,1481,1676,1922,1943,1973,2091,2106,2318,2627,2628,2645,2695,2774,2775,2778,2951,3263,3284,4094,4567,4740,4802,5155,5739,6457,
141;0;6199;6328;0;95,97,137,139,144,147,149,177,178,181,275,288,297,302,305,308,313,314,329,340,390,391,395,396,400,403,426,429,442,595,677,775,838,851,891,938,948,1027,1051,1117,1145,1146,1147,1148,1163,1165,1166,1167,1168,1170,1171,1201,1236,1363,1472,1474,1481,1676,1922,1943,1973,2091,2106,2318,2627,2628,2645,2695,2774,2775,2778,2951,3263,3284,4094,4567,4740,4802,5155,5739,
141;1;6328;6339;0;95,97,137,139,144,147,149,157,177,178,181,255,275,288,297,302,305,308,313,314,329,340,390,391,395,396,400,403,429,677,838,851,891,948,1117,1146,1147,1167,1168,1170,1171,1201,1236,1268,1269,1273,1279,1286,1288,1293,1363,1472,1474,1481,1676,1922,1943,1973,2091,2106,2318,2337,2627,2628,2645,2695,2774,2775,2778,2951,2984,3005,3050,3263,3284,4567,4740,4802,8352,8353,
145;0;6339;6408;0;95,97,137,139,144,147,149,157,177,178,225,231,244,262,277,288,297,308,314,329,354,357,390,391,395,396,400,404,429,591,677,838,851,891,948,1117,1146,1147,1167,1168,1170,1171,1201,1236,1268,1269,1273,1288,1293,1363,1472,1474,1478,1481,1666,1676,1922,1943,1973,2091,2106,2318,2627,2628,2645,2695,2714,2774,2775,2778,2951,3263,3284,4311,4312,4472,4567,4740,4802,6848,
145;1;6408;6477;0;95,97,137,139,144,149,177,178,225,231,262,277,288,297,308,314,329,390,391,395,396,400,404,429,591,677,838,861,891,948,1117,1146,1167,1168,1170,1201,1236,1268,1269,1273,1288,1293,1472,1474,1478,1481,1666,1676,1922,1973,2318,2627,2628,2645,2695,2774,2775,2778,2802,2951,3263,3281,4567,4740,4802,4894,5053,6401,6783,7837,7882,8165,8166,8167,8168,8169,8170,8171,8172,8173,
124;0;6477;6511;0;95,97,137,139,144,149,225,231,262,277,288,289,292,297,308,314,321,351,382,391,395,400,404,429,432,591,677,715,912,948,949,1055,1146,1167,1170,1200,1236,1268,1269,1288,1293,1474,1475,1478,1480,1481,1521,1666,1814,1834,1835,1836,1840,1843,1922,1973,1978,2247,2318,2370,2508,2774,2775,2951,3037,3249,3263,4500,4575,4740,5143,5619,5699,5742,5792,5834,5835,6177,6178,6849,
124;1;6511;6609;0;95,97,137,139,144,149,225,231,262,277,288,289,292,297,308,314,321,351,382,391,395,400,404,429,432,591,677,715,912,948,949,1055,1146,1167,1170,1200,1236,1268,1269,1288,1293,1474,1475,1478,1480,1481,1521,1666,1814,1834,1835,1836,1840,1843,1922,1973,1978,2247,2318,2370,2508,2774,2775,2951,3037,3249,3263,4500,4575,4740,5143,5619,5699,5742,5792,5834,5835,6177,6178,6849,
648;0;6609;6740;0;95,97,137,139,144,149,225,231,262,277,288,289,292,297,308,314,321,351,382,391,395,400,404,429,432,591,677,715,912,948,949,1055,1146,1167,1170,1200,1236,1268,1269,1288,1293,1474,1475,1478,1480,1481,1521,1666,1814,1834,1835,1836,1840,1843,1922,1973,1978,2247,2318,2370,2508,2774,2775,2951,3037,3249,3263,4500,4575,4740,5143,5619,5699,5742,5792,5834,5835,6177,6178,6849,
609;0;7200;7329;0;95,136,137,139,144,146,149,225,231,262,277,290,292,297,308,314,321,391,395,400,429,436,591,644,647,677,854,914,927,948,1118,1149,1211,1268,1269,1288,1293,1474,1478,1481,1484,1618,1666,1668,1670,1671,1807,1920,1922,1973,2318,2370,2635,2651,2774,2775,2951,3037,3263,4018,4572,4654,4740,4748,4968,5015,5135,5139,5250,5251,5252,5253,5254,5255,5256,5257,5258,5259,5260,5261,
233;0;7329;7449;0;95,136,137,139,144,146,149,225,231,262,277,290,292,297,308,314,321,391,395,400,429,436,591,644,647,677,854,914,927,948,1118,1149,1211,1268,1269,1288,1293,1474,1478,1481,1484,1618,1666,1668,1670,1671,1807,1920,1922,1973,2318,2370,2635,2651,2662,2774,2775,2951,3037,3263,3329,4018,4572,4654,4740,4748,4968,5015,5135,5139,5250,5251,5252,5253,5254,5255,5256,5257,5258,5259,
233;1;7449;7453;0;4,95,136,137,139,144,146,149,225,231,262,277,290,292,297,308,314,321,391,395,400,429,436,591,644,647,677,698,841,843,854,914,927,948,1070,1118,1149,1211,1268,1269,1288,1293,1447,1474,1478,1481,1484,1618,1666,1668,1670,1671,1807,1920,1922,1973,2318,2370,2635,2651,2662,2774,2775,2949,2950,2951,2952,2953,2954,2955,2956,3037,3263,3329,4018,4572,4654,4740,4748,5253,
514;0;7453;7574;0;4,60,95,136,137,139,144,146,149,225,231,262,277,290,292,297,308,314,321,391,395,400,429,436,591,598,634,644,647,677,698,841,843,854,914,927,948,1070,1087,1118,1149,1211,1262,1268,1269,1278,1288,1293,1295,1447,1474,1478,1481,1484,1618,1666,1668,1670,1671,1781,1807,1920,1922,1973,2173,2220,2318,2370,2635,2651,2774,2775,2951,3037,3263,4217,4456,4740,5253,5949,
780;0;7574;7693;0;4,60,95,136,137,139,144,149,225,231,262,277,290,292,297,308,314,321,391,395,400,429,591,644,647,677,841,843,848,854,858,927,948,1073,1118,1149,1169,1268,1269,1278,1288,1293,1295,1447,1474,1478,1481,1484,1523,1666,1668,1671,1781,1807,1920,1922,2220,2318,2370,2547,2649,2677,2683,2693,2774,2775,2951,3037,3260,3263,4217,4371,4372,4373,4374,4375,4376,4456,4740,5253,
152;0;7693;7805;0;4,27,60,95,136,137,139,144,149,225,231,262,277,290,292,297,308,314,321,391,395,400,429,591,644,647,677,841,843,848,854,858,927,948,1118,1149,1268,1269,1270,1278,1288,1293,1294,1295,1322,1447,1474,1478,1481,1484,1668,1671,1781,1807,1920,1922,2220,2318,2370,2407,2677,2683,2693,2774,2775,2951,3037,3260,3263,3703,3721,3797,4112,4217,4353,4373,4376,4456,4740,5253,
152;1;7805;7809;0;4,27,60,92,95,136,137,139,144,149,225,231,262,277,290,292,297,308,314,321,391,395,400,429,591,644,647,677,773,841,843,848,854,858,927,948,1118,1149,1268,1269,1270,1278,1288,1293,1294,1295,1322,1447,1474,1478,1481,1484,1668,1671,1781,1807,1920,1922,2220,2318,2370,2407,2677,2683,2693,2774,2775,2951,3037,3260,3263,3703,4373,4376,4456,4740,5253,7626,7804,7840,
575;0;7809;7922;0;25,27,37,39,44,46,52,54,79,100,102,117,299,395,448,578,607,730,765,1158,1311,1481,1599,2028,2318,2517,2683,2774,2775,2776,2779,2812,2947,3015,3349,3774,3929,3930,3931,3932,4052,4608,4740,4781,4853,5290,5353,5392,5525,5530,5538,5637,5682,5722,5757,5809,5825,6022,6225,6309,6310,6311,6312,6313,6449,6570,6571,6572,6573,6574,6575,6576,6577,6578,6579,6580,6581,6582,6746,8119,
173;0;7922;8019;0;25,27,37,39,44,46,52,54,79,100,102,117,299,395,448,578,607,730,765,1158,1311,1481,1599,2028,2318,2517,2683,2774,2775,2776,2779,2812,2947,3015,3349,3774,3929,3930,3931,3932,4052,4608,4740,4781,4853,5290,5353,5392,5525,5530,5538,5637,5682,5722,5757,5809,5825,6022,6225,6309,6310,6311,6312,6313,6449,6570,6571,6572,6573,6574,6575,6576,6577,6578,6579,6580,6581,6582,6746,8119,
173;1;8019;8033;0;25,27,37,39,44,46,52,54,79,100,102,117,299,395,448,578,607,730,765,1158,1311,1481,1599,2028,2318,2517,2683,2774,2775,2776,2779,2812,2947,3015,3349,3774,3929,3930,3931,3932,4052,4608,4740,4781,4853,5290,5353,5392,5525,5530,5538,5637,5682,5722,5757,5809,5825,6022,6225,6309,6310,6311,6312,6313,6449,6570,6571,6572,6573,6574,6575,6576,6577,6578,6579,6580,6581,6582,6746,8119,
664;0;8033;8142;0;25,27,37,39,44,46,52,54,79,100,102,117,299,395,448,578,607,730,765,1158,1311,1481,1599,2028,2318,2517,2683,2774,2775,2776,2779,2812,2947,3015,3349,3774,3929,3930,3931,3932,4052,4608,4740,4781,4853,5290,5353,5392,5525,5530,5538,5637,5682,5722,5757,5809,5825,6022,6225,6309,6310,6311,6312,6313,6449,6570,6571,6572,6573,6574,6575,6576,6577,6578,6579,6580,6581,6582,6746,8119,
164;0;8142;8220;0;25,27,37,39,44,46,52,54,79,100,102,117,299,395,448,578,607,730,765,1158,1311,1481,1599,2028,2318,2517,2683,2774,2775,2776,2779,2812,2947,3015,3349,3774,3929,3930,3931,3932,4052,4608,4740,4781,4853,5290,5353,5392,5525,5530,5538,5637,5682,5722,5757,5809,5825,6022,6225,6309,6310,6311,6312,6313,6449,6570,6571,6572,6573,6574,6575,6576,6577,6578,6579,6580,6581,6582,6746,8119,
164;1;8640;8668;0;25,27,37,39,44,46,52,54,79,100,102,117,299,395,448,578,607,730,765,1158,1311,1481,1599,2028,2318,2517,2683,2774,2775,2776,2779,2812,2947,3015,3349,3774,3929,3930,3931,3932,4052,4608,4740,4781,4853,5290,5353,5392,5525,5530,5538,5637,5682,5722,5757,5809,5825,6022,6145,6225,6309,6310,6311,6312,6313,6449,6570,6571,6572,6573,6574,6575,6578,7953,7954,8229,8277,8285,8589,8592,
644;0;8668;8771;0;24,25,27,37,39,44,46,52,54,79,100,102,117,299,395,448,578,607,730,765,1143,1158,1287,1311,1481,1599,2028,2318,2517,2683,2774,2775,2776,2779,2812,2947,3015,3349,3774,3829,3929,3930,3931,3932,4052,4608,4740,4781,4853,5290,5353,5392,5525,5530,5538,5637,5682,5722,5757,5809,5825,6022,6145,6225,6309,6310,6311,6312,6313,6449,6570,6571,6572,6573,6574,6575,6578,7953,7954,8861,
64;0;8771;8836;0;24,25,27,37,39,44,46,52,54,79,93,100,102,117,144,276,299,343,395,448,578,607,691,730,765,766,769,843,858,1143,1158,1287,1311,1481,1599,2028,2318,2517,2594,2637,2683,2692,2774,2775,2776,2779,2812,2947,3015,3152,3349,3618,3774,3829,3929,3930,3931,3932,4052,4408,4608,4740,4781,4853,6578,7222,7223,7224,7225,7226,7227,7228,7229,7230,7231,7232,7233,7234,7953,7954,
64;1;8836;8870;0;24,25,27,37,39,44,46,52,54,79,93,100,102,117,144,202,276,299,343,395,427,448,578,607,691,730,765,766,769,843,858,987,1143,1158,1287,1311,1423,1481,1599,2028,2318,2517,2594,2637,2683,2692,2774,2775,2776,2779,2812,2947,3015,3152,3349,3618,3774,3829,3929,3930,3931,3932,4052,4280,4408,4608,4740,4781,4853,5645,6578,7222,7223,7224,7225,7226,7227,7953,7954,8118,
580;0;8870;8967;0;24,25,26,27,37,39,44,46,52,54,79,93,100,102,117,144,202,276,299,343,395,427,448,528,578,607,691,730,765,766,769,843,858,987,1143,1158,1242,1270,1271,1272,1275,1276,1278,1283,1287,1288,1290,1291,1293,1311,1419,1423,1481,1599,1702,1777,1783,2028,2318,2517,2594,2637,2683,2692,2774,2775,2776,2779,2812,2947,3015,3152,3349,3618,3774,4282,4608,6578,7953,7954,
548;0;8967;9063;0;24,25,26,27,37,39,44,46,52,54,79,93,100,102,117,144,202,276,292,299,314,343,395,427,448,528,578,607,677,691,730,765,766,769,843,858,987,1143,1158,1242,1270,1271,1272,1275,1276,1278,1283,1287,1288,1290,1291,1293,1311,1419,1423,1481,1599,1702,1777,1783,2028,2318,2517,2594,2637,2683,2692,2774,2775,2776,2812,3263,4608,4609,6578,7886,7887,7888,7953,7954,
670;0;9063;9158;0;24,25,26,27,37,39,44,46,52,54,79,93,98,100,102,117,137,144,225,234,235,245,262,267,273,276,283,290,291,292,306,308,310,314,395,528,677,765,766,769,1121,1242,1270,1272,1283,1287,1288,1290,1293,1419,1481,1496,1668,1681,1920,2052,2370,2372,2376,2692,2774,2775,2776,2812,3263,4424,4425,4426,4427,4428,4429,4430,4473,4474,4475,4476,4477,6578,7953,7954,
39;0;9158;9236;0;24,25,26,27,37,39,44,46,52,54,79,93,98,100,102,117,137,139,144,145,149,225,231,234,235,241,245,262,267,273,276,277,283,290,291,292,306,308,310,314,391,395,429,528,677,765,766,769,948,1121,1242,1270,1272,1283,1287,1288,1290,1293,1419,1478,1481,1496,1668,1681,1816,1920,2052,2370,2372,2376,2692,2774,2775,2776,2812,3263,4424,6578,7953,7954,
39;1;9236;9250;0;24,25,26,27,37,39,44,46,52,54,79,93,98,100,102,117,137,139,144,145,149,225,231,234,235,241,245,262,267,273,276,277,283,290,291,292,306,308,310,314,391,395,429,439,528,677,765,766,769,911,948,1121,1242,1270,1272,1283,1287,1288,1290,1293,1419,1478,1481,1496,1816,1920,2052,2376,2428,2692,2774,2775,2776,2812,3263,3289,3290,6578,7953,7954,
45;0;9250;9286;0;24,25,26,27,37,39,44,46,52,54,79,93,98,100,102,117,137,139,144,145,149,225,231,234,235,241,245,262,267,273,276,277,283,290,291,292,314,321,391,395,400,429,528,640,647,648,677,765,766,769,855,948,1233,1242,1270,1272,1283,1287,1288,1290,1293,1419,1478,1481,1803,1816,1920,2052,2376,2692,2774,2775,2776,2812,3263,3278,6342,6578,7953,7954,
45;1;9286;9339;0;24,26,54,93,100,137,139,144,145,149,225,231,241,262,271,276,277,291,304,314,321,391,395,396,400,429,434,438,444,528,591,640,647,765,838,855,927,948,1049,1052,1117,1270,1272,1287,1288,1293,1354,1424,1431,1474,1478,1481,1515,1516,1669,1671,1752,1803,1921,2052,2613,2692,2695,2812,3037,3616,4392,4393,4394,4395,4396,4397,4398,4399,4400,4401,4402,4403,6342,6578,
211;0;9339;9367;0;4,8,61,74,95,137,144,145,165,225,241,247,251,286,291,303,312,390,391,395,404,405,407,528,533,591,640,734,814,905,971,1052,1071,1117,1146,1268,1269,1270,1273,1401,1472,1669,2051,2052,2104,2221,2716,2812,2943,3034,4308,4309,4569,4612,4759,4800,5030,5047,5109,5440,5490,5491,5492,5505,5506,5507,5588,5911,6578,8014,8551,8555,8730,9032,9075,9101,9102,9103,9104,9105,
211;1;9367;9422;0;4,8,61,74,95,137,144,145,165,225,241,247,251,286,291,303,312,390,391,395,404,405,407,528,533,591,640,734,814,905,971,1052,1071,1117,1146,1268,1269,1270,1273,1401,1472,1669,2051,2052,2104,2221,2716,2812,2943,3034,4308,4309,4569,4612,4759,4800,5030,5047,5109,5440,5490,5491,5492,5505,5506,5507,5588,5911,6578,8014,8551,8555,8730,9032,9075,9101,9102,9103,9104,9105,
721;0;9422;9502;0;4,8,61,74,95,137,144,145,165,225,241,247,251,286,291,303,312,390,391,395,404,405,407,528,533,591,640,734,814,905,971,1052,1071,1117,1146,1268,1269,1270,1273,1401,1472,1669,2051,2052,2104,2221,2716,2812,2943,3034,4308,4309,4569,4612,4759,4800,5030,5047,5109,5440,5490,5491,5492,5505,5506,5507,5588,5911,6578,8014,8551,8555,8730,9032,9075,9101,9102,9103,9104,9105,
88;0;9502;9550;0;4,8,61,74,95,137,144,145,165,225,241,247,251,286,291,303,312,390,391,395,404,405,407,528,533,591,640,734,814,905,971,1052,1071,1117,1146,1268,1269,1270,1273,1401,1472,1669,2051,2052,2104,2221,2716,2812,2943,3034,4308,4309,4569,4612,4759,4800,5030,5047,5109,5440,5490,5491,5492,5505,5506,5507,5588,5911,6578,8014,8551,8555,8730,9032,9075,9101,9102,9103,9104,9105,
88;1;9550;9581;0;4,8,61,74,95,137,144,145,165,225,241,247,251,286,291,303,312,390,391,395,404,405,407,528,533,591,640,734,814,905,971,1052,1071,1117,1146,1268,1269,1270,1273,1401,1472,1669,2051,2052,2104,2221,2716,2812,2943,3034,4308,4309,4569,4612,4759,4800,5030,5047,5109,5440,5490,5491,5492,5505,5506,5507,5588,5911,6578,8014,8551,8555,8730,9032,9075,9101,9102,9103,9104,9105,
779;0;9581;9659;0;4,8,61,74,95,137,144,145,165,225,241,247,251,286,291,303,312,390,391,395,404,405,407,528,533,591,640,734,814,905,971,1052,1071,1117,1146,1268,1269,1270,1273,1401,1472,1669,2051,2052,2104,2221,2716,2812,2943,3034,4308,4309,4569,4612,4759,4800,5030,5047,5109,5440,5490,5491,5492,5505,5506,5507,5588,5911,6578,8014,8551,8555,8730,9032,9075,9101,9102,9103,9104,9105,
151;0;9659;9703;0;4,8,61,74,95,137,144,145,165,225,241,247,251,286,291,303,312,390,391,395,404,405,407,528,533,591,640,734,814,905,971,1052,1071,1117,1146,1268,1269,1270,1273,1401,1472,1669,2051,2052,2104,2221,2716,2812,2943,3034,4308,4309,4569,4612,4759,4800,5030,5047,5109,5440,5490,5491,5492,5505,5506,5507,5588,5911,6578,8014,8551,8555,8730,9032,9075,9101,9102,9103,9104,9105,
151;1;9703;9735;0;4,8,61,74,95,137,144,145,165,225,241,247,251,286,291,303,312,390,391,395,404,405,407,528,533,591,640,734,814,905,971,1052,1071,1117,1146,1268,1269,1270,1273,1401,1472,1669,2051,2052,2104,2221,2716,2812,2943,3034,4308,4309,4569,4612,4759,4800,5030,5047,5109,5440,5490,5491,5492,5505,5506,5507,5588,5911,6578,8014,8551,8555,8730,9032,9075,9101,9102,9103,9104,9105,
Machine: 1
560;0;0;4;1;10,103,144,145,245,264,286,290,340,429,719,773,824,835,855,949,1117,1147,1172,1358,1428,1447,1947,2253,2322,2372,2628,2645,2689,2711,2723,2774,2777,2778,2789,2816,2899,3099,3111,3263,4397,4581,4604,4606,4627,4628,4629,4630,4631,4632,4633,4634,4635,4636,4637,4638,4639,4640,4771,4794,4855,5795,6023,6225,7188,7575,8021,8098,8841,8844,9121,9123,9124,9152,9153,9154,9265,9266,9267,9268,
8;0;4;22;1;10,103,144,145,245,264,286,290,340,429,719,773,824,835,855,949,1117,1147,1172,1358,1428,1447,1947,2253,2322,2372,2628,2645,2689,2711,2723,2774,2777,2778,2789,2816,2899,3099,3111,3263,4397,4581,4604,4606,4627,4628,4629,4630,4631,4632,4633,4634,4635,4636,4637,4638,4639,4640,4771,4794,4855,5795,6023,6225,7188,7575,8021,8098,8841,8844,9121,9123,9124,9152,9153,9154,9265,9266,9267,9268,
8;1;22;52;1;10,103,117,144,145,245,264,286,290,340,429,719,773,824,835,855,949,1068,1117,1147,1172,1346,1358,1428,1447,1875,1947,2091,2253,2322,2338,2372,2628,2645,2689,2711,2723,2774,2777,2778,2789,2816,2899,3099,3111,3263,4397,4581,4604,4606,4627,4628,4629,4630,4631,4632,4633,4634,4635,4636,4637,4638,4639,4640,4641,4642,4643,4644,4645,4646,4771,4794,4855,5795,6023,6225,7188,7575,8021,8098,
537;0;52;104;1;10,103,117,139,143,144,145,146,245,259,264,286,289,290,340,377,390,395,398,429,645,647,648,704,719,773,824,835,855,917,949,1051,1068,1117,1121,1146,1147,1172,1231,1346,1358,1375,1428,1447,1476,1488,1875,2091,2253,2338,2628,2645,2689,2774,2777,2778,2816,2961,2988,3034,3111,3263,3267,3268,4604,4606,4628,4635,4639,4641,4834,4855,5778,6108,6110,6127,6603,7039,7040,7188,
189;0;104;135;1;10,103,117,139,143,144,145,146,245,259,264,286,289,290,340,377,390,395,398,429,645,647,648,704,719,773,824,835,855,917,949,1051,1068,1117,1121,1146,1147,1172,1231,1346,1358,1375,1428,1447,1476,1481,1488,1875,2091,2253,2338,2628,2645,2689,2738,2774,2777,2778,2816,2961,2988,3034,3111,3263,3267,3268,4604,4606,4628,4635,4639,4641,4834,4855,5778,6108,6110,6517,6644,7188,
189;1;135;196;1;10,103,117,139,143,144,145,146,245,259,264,274,276,286,289,290,340,377,390,395,398,429,645,647,648,704,719,773,824,835,849,855,917,949,1051,1068,1117,1121,1146,1147,1172,1231,1346,1374,1375,1428,1476,1481,1488,1759,2091,2253,2338,2628,2645,2689,2774,2777,2778,2816,2988,3111,3263,3527,4604,4606,4628,4635,4639,4641,4855,5900,6022,6201,7188,7463,8449,8582,8583,8584,
679;0;196;292;1;10,103,117,139,143,144,145,146,245,259,264,274,276,286,289,290,340,377,390,395,398,429,645,647,648,704,719,773,824,835,849,855,917,949,1051,1068,1117,1121,1146,1147,1172,1231,1346,1374,1375,1428,1476,1481,1488,1759,2091,2253,2338,2628,2645,2689,2774,2777,2778,2816,2988,3111,3263,4604,4606,4628,4635,4639,4641,4855,5080,5984,5992,6022,6360,6585,7138,7188,7478,8040,
525;0;292;389;1;10,97,103,117,139,143,144,145,146,225,231,245,259,264,274,276,286,288,289,290,340,377,390,395,398,429,591,645,647,648,704,719,773,824,835,849,855,917,949,1051,1068,1117,1121,1146,1147,1172,1231,1346,1374,1375,1401,1428,1476,1478,1481,1488,2091,2253,2338,2355,2628,2645,2689,2774,2777,2778,2816,2988,3111,3263,4604,4606,4628,4635,4639,4641,4855,5992,6022,7188,
613;0;389;494;1;89,97,117,139,143,144,145,146,225,231,245,274,276,288,289,290,304,377,390,395,398,429,591,645,647,666,704,719,835,855,945,949,1051,1068,1117,1121,1146,1147,1231,1375,1428,1444,1476,1478,1481,1488,2091,2338,2509,2534,2627,2628,2645,2689,2774,2777,2778,2816,2951,2985,2987,2988,2990,2991,2992,2993,2994,2995,2996,2997,3111,3263,4604,4606,4639,4641,4855,5992,6022,7188,
643;0;494;603;1;89,97,117,139,143,144,145,146,225,231,245,274,276,288,289,290,304,377,390,395,398,429,591,645,647,666,704,719,835,855,945,949,1051,1068,1117,1121,1146,1147,1231,1375,1428,1444,1476,1478,1481,1488,2091,2338,2509,2534,2627,2628,2645,2689,2774,2777,2778,2816,2951,2985,2994,3111,3263,4604,4606,4639,4641,4855,5992,6022,6145,7188,8271,8585,8586,8587,8588,8589,8590,8591,
174;0;603;621;1;89,97,117,139,143,144,145,146,225,231,245,274,276,288,289,290,304,377,390,395,398,429,591,645,647,666,704,719,835,855,945,949,1051,1068,1117,1121,1146,1147,1231,1375,1428,1444,1476,1478,1481,1488,2091,2338,2509,2534,2627,2628,2645,2689,2774,2777,2778,2816,2903,2951,2985,2994,3111,3263,4567,4600,4604,4606,4639,4641,4855,5992,6022,6145,7188,8271,8585,8586,8587,8588,
174;1;621;722;1;87,102,117,144,145,146,177,178,179,180,181,182,184,225,231,245,276,288,304,377,390,400,428,429,591,645,765,854,855,949,1268,1293,1294,1481,1515,1529,1674,1781,2091,2318,2338,2501,2626,2627,2642,2645,2679,2692,2693,2713,2774,2777,2778,2986,3131,3263,3291,3292,3721,3797,3859,3915,4217,4330,4353,4567,4604,4606,4747,4791,5416,5454,5935,5936,5937,5938,5939,5940,6248,6742,
142;0;722;887;0;87,102,117,144,145,146,177,178,179,180,181,182,184,225,231,245,276,288,304,377,390,400,428,429,591,645,765,854,855,949,1268,1293,1294,1481,1515,1529,1674,1781,2091,2318,2338,2501,2626,2627,2642,2645,2679,2692,2693,2713,2774,2777,2778,2986,3131,3263,3291,3292,3721,3797,3859,3915,4217,4330,4353,4567,4604,4606,4747,4791,5416,5454,5935,5936,5937,5938,5939,5940,6248,6742,
142;1;887;1061;0;87,102,117,144,145,146,177,178,179,180,181,182,184,225,231,245,276,288,304,377,390,400,428,429,591,645,765,854,855,949,1268,1293,1294,1481,1515,1529,1674,1781,2091,2318,2338,2501,2626,2627,2642,2645,2679,2692,2693,2713,2774,2777,2778,2986,3131,3263,3291,3292,3721,3797,3859,3915,4217,4330,4353,4567,4604,4606,4747,4791,5416,5454,5935,5936,5937,5938,5939,5940,6248,6742,
207;0;1061;1225;0;87,102,117,144,145,146,177,178,179,180,181,182,184,225,231,245,276,288,304,377,390,400,428,429,591,645,765,854,855,949,1268,1293,1294,1481,1515,1529,1674,1781,2091,2318,2338,2501,2626,2627,2642,2645,2679,2692,2693,2713,2774,2777,2778,2986,3131,3263,3291,3292,3721,3797,3859,3915,4217,4330,4353,4567,4604,4606,4747,4791,5416,5454,5935,5936,5937,5938,5939,5940,6248,6742,
207;1;1225;1354;0;87,102,117,144,145,146,177,178,179,180,181,182,184,225,231,245,276,288,304,377,390,400,428,429,591,645,765,854,855,949,1268,1293,1294,1481,1515,1529,1674,1781,2091,2318,2338,2501,2626,2627,2642,2645,2679,2692,2693,2713,2774,2777,2778,2986,3131,3263,3291,3292,3721,3797,3859,3915,4217,4330,4353,4567,4604,4606,4747,4791,5416,5454,5935,5936,5937,5938,5939,5940,6248,6742,
106;0;1354;1474;0;87,102,117,144,145,146,177,178,179,180,181,182,184,225,231,245,276,288,304,377,390,400,428,429,591,645,765,854,855,949,1268,1293,1294,1481,1515,1529,1674,1781,2091,2318,2338,2501,2626,2627,2642,2645,2679,2692,2693,2713,2774,2777,2778,2986,3131,3263,3291,3292,3721,3797,3859,3915,4217,4330,4353,4567,4604,4606,4747,4791,5416,5454,5935,5936,5937,5938,5939,5940,6248,6742,
106;1;1474;1634;0;26,117,144,145,146,225,231,245,255,276,288,377,412,429,453,485,529,536,618,645,978,1266,1267,1269,1272,1277,1284,1286,1287,1288,1289,1290,1293,1294,1782,1915,2032,2091,2156,2286,2338,2346,2347,2577,2645,2770,2774,2777,2778,2812,2934,2941,3263,3571,3758,3814,4567,4604,4606,5540,5856,5916,6372,6706,6831,6961,7331,7907,7967,8516,8606,8675,8851,8852,8853,8854,8855,8856,8857,8858,
203;0;1634;1721;0;117,138,144,145,146,225,228,229,231,233,234,240,242,245,266,275,276,288,302,377,429,430,607,612,645,818,827,911,1075,1099,1267,1272,1277,1293,1294,1309,1472,1623,1661,1667,1843,1915,1933,1973,2091,2103,2299,2346,2347,2432,2435,2440,2645,2774,2777,2778,2941,3112,3263,3639,3640,3641,3642,3643,3644,3645,3646,3647,3648,3649,3650,3651,3652,3653,3654,3655,4567,4604,4606,5540,
203;1;1721;1893;0;27,68,117,138,144,145,146,170,225,228,229,231,233,234,240,242,245,266,275,276,288,302,377,429,430,528,607,612,645,818,827,911,1075,1099,1267,1272,1277,1293,1294,1309,1472,1623,1661,1667,1843,1915,1933,1973,2091,2103,2179,2279,2299,2346,2347,2432,2435,2440,2471,2645,2774,2777,2778,2864,2941,3112,3263,3639,3640,3641,3642,3643,3644,3645,3646,3647,4567,4604,4606,5540,
92;0;1893;1979;0;27,68,100,117,138,144,145,146,170,225,228,229,231,233,234,240,242,245,266,275,276,288,302,377,429,430,436,528,607,612,645,818,827,911,1075,1095,1099,1267,1272,1277,1293,1294,1309,1399,1472,1623,1661,1667,1843,1915,1933,1973,2091,2103,2179,2279,2299,2346,2347,2382,2432,2435,2645,2774,2777,2778,2941,3263,4567,4604,4606,4968,5202,5397,5540,5768,5926,5941,5942,5943,
92;1;1979;2143;0;27,68,100,117,138,144,145,146,170,198,225,228,229,231,233,234,240,242,245,266,275,276,288,302,377,429,430,436,528,607,612,645,818,827,911,1015,1075,1095,1099,1267,1272,1277,1293,1294,1309,1399,1472,1623,1661,1667,1843,1915,1933,1973,2091,2103,2179,2279,2299,2346,2347,2382,2432,2435,2645,2774,2777,2778,2941,3263,4437,4567,4604,4606,4968,5202,5290,5397,5540,5768,
195;0;2143;2215;0;117,137,144,145,152,225,226,230,231,233,276,288,292,329,377,396,397,429,519,691,783,838,839,1118,1143,1267,1294,1809,1884,2091,2106,2504,2524,2567,2645,2774,2775,2776,2777,2778,2921,2941,3263,3349,3435,4208,4567,4568,4569,4570,4571,4604,4605,4606,4612,4721,4759,4760,5191,5305,5499,5786,5787,5788,5789,5790,5894,5895,5898,5899,5901,6126,6128,6129,6362,6363,6364,8007,8011,8012,
195;1;2215;2388;0;117,137,144,145,152,225,226,230,231,233,276,288,292,329,377,396,397,429,519,691,783,838,839,1118,1143,1267,1294,1809,1884,2091,2106,2504,2524,2567,2645,2774,2775,2776,2777,2778,2921,2941,3263,3349,3435,4208,4567,4568,4569,4570,4571,4604,4605,4606,4612,4721,4759,4760,5191,5305,5499,5786,5787,5788,5789,5790,5894,5895,5898,5899,5901,6126,6128,6129,6362,6363,6364,8007,8011,8012,
165;0;2388;2464;0;117,137,144,145,152,225,226,230,231,233,276,288,292,329,377,396,397,429,519,691,783,838,839,1118,1143,1267,1294,1809,1884,2091,2106,2504,2524,2567,2645,2774,2775,2776,2777,2778,2921,2941,3263,3349,3435,4208,4567,4568,4569,4570,4571,4604,4605,4606,4612,4721,4759,4760,5191,5305,5499,5786,5787,5788,5789,5790,5894,5895,5898,5899,5901,6126,6128,6129,6362,6363,6364,8007,8011,8012,
165;1;2464;2628;0;117,137,144,145,152,225,226,230,231,233,276,288,292,329,377,396,397,429,519,691,783,838,839,1118,1143,1267,1294,1809,1884,2091,2106,2504,2524,2567,2645,2774,2775,2776,2777,2778,2921,2941,3263,3349,3435,4208,4567,4568,4569,4570,4571,4604,4605,4606,4612,4721,4759,4760,5191,5305,5499,5786,5787,5788,5789,5790,5894,5895,5898,5899,5901,6126,6128,6129,6362,6363,6364,8007,8011,8012,
108;0;2880;2963;0;117,137,144,145,152,225,226,230,231,233,276,288,292,329,377,396,397,429,519,691,692,783,838,839,1118,1143,1267,1294,1809,1884,2091,2106,2504,2524,2567,2605,2645,2692,2774,2775,2776,2777,2778,2921,2941,2986,3263,3349,3435,3532,4208,4376,4567,4568,4569,4570,4571,4604,4605,4606,4612,4721,4759,4760,5402,5483,5484,5485,5499,5894,5895,5898,5899,5901,6126,6128,6129,6362,6363,6364,
108;1;2963;3114;0;95,117,137,144,145,152,225,226,230,231,233,276,288,292,329,377,396,397,429,519,691,692,765,783,833,838,839,1118,1143,1267,1294,1809,1884,2091,2106,2499,2504,2524,2567,2605,2645,2692,2774,2775,2776,2777,2778,2900,2941,2986,3263,3349,3435,3532,4376,4412,4567,4569,4604,4605,4606,4612,4721,4759,4949,5116,5484,5485,5499,5894,5895,5898,5899,5901,6126,6128,6129,6362,6363,6364,
155;0;3114;3193;0;95,117,137,144,145,152,225,226,230,231,233,276,288,292,329,377,396,397,429,591,691,692,765,769,833,838,839,858,1118,1143,1267,1294,1524,1809,1884,2091,2492,2504,2547,2645,2649,2692,2693,2774,2775,2776,2777,2778,2783,2900,2941,2986,3263,3349,3435,3532,4371,4376,4567,4569,4604,4605,4606,4612,4721,4759,5484,5485,5499,5894,5895,5898,5899,5901,6126,6128,6129,6362,6363,6364,
155;1;3193;3334;0;95,117,137,144,145,152,225,226,230,231,233,276,288,292,329,377,396,397,429,591,691,692,765,769,833,838,839,858,949,1052,1118,1143,1171,1267,1294,1809,1884,2091,2504,2645,2649,2692,2693,2774,2775,2776,2777,2778,2900,2941,2986,3263,3349,3435,3532,4376,4567,4569,4604,4605,4606,4612,4721,4730,4759,5484,5485,5499,5627,5894,5895,5898,5899,5901,6126,6128,6129,6362,6363,6364,
192;0;3334;3407;0;95,117,137,144,145,225,226,230,231,233,262,276,288,292,301,329,377,396,397,429,591,691,692,765,769,833,838,839,858,949,1052,1118,1143,1171,1267,1294,1809,1884,2091,2133,2504,2645,2649,2693,2774,2775,2776,2777,2778,2900,2941,2986,3263,3349,3435,3532,4376,4472,4567,4569,4604,4605,4606,4612,4721,4759,5484,5485,5499,5894,5895,5898,5899,5901,6126,6128,6129,6362,6363,6364,
192;1;3407;3548;0;7,95,137,139,142,143,144,145,225,226,230,233,262,288,292,321,329,377,390,395,396,429,439,591,647,691,692,765,769,838,854,927,948,949,1056,1062,1092,1118,1143,1171,1267,1294,1370,1373,1375,1809,1811,1884,2091,2509,2531,2614,2645,2693,2774,2775,2777,2778,2816,2900,2941,2986,3263,3286,3532,4018,4376,4545,4569,4604,5484,5485,5499,6126,6263,6413,6414,6415,6416,6417,
113;0;3548;3662;0;53,86,137,144,225,226,230,233,262,274,288,290,292,314,329,377,390,395,396,439,591,627,647,765,855,891,949,1148,1267,1279,1294,1417,1479,1488,1540,1604,1836,1884,2091,2544,2559,2645,2658,2696,2774,2775,2778,2941,3130,3258,3347,3767,3768,3769,3770,3771,4376,4428,4818,4854,5217,5218,5219,5220,5221,5222,5223,5331,5340,5370,5484,5485,5683,5684,5685,5686,5687,5688,5689,6126,
113;1;3662;3755;0;53,86,137,144,225,226,230,233,262,274,288,290,292,314,329,377,390,395,396,439,591,627,647,765,855,891,949,1148,1267,1279,1294,1417,1479,1488,1540,1604,1836,1884,2091,2544,2559,2645,2658,2696,2774,2775,2778,2941,3130,3258,3347,3767,3768,3769,3770,3771,4376,4428,4818,4854,5217,5218,5219,5220,5221,5222,5223,5331,5340,5370,5484,5485,5683,5684,5685,5686,5687,5688,5689,6126,
200;0;3755;3925;0;53,86,137,144,225,226,230,233,262,274,288,290,292,314,329,377,390,395,396,439,591,627,647,765,855,891,949,1148,1267,1279,1294,1417,1479,1488,1540,1604,1836,1884,2091,2544,2559,2645,2658,2696,2774,2775,2778,2941,3130,3258,3347,3767,3768,3769,3770,3771,4376,4428,4818,4854,5217,5218,5219,5220,5221,5222,5223,5331,5340,5370,5484,5485,5683,5684,5685,5686,5687,5688,5689,6126,
200;1;3925;3959;0;53,86,137,144,225,226,230,233,262,274,288,290,292,314,329,377,390,395,396,439,591,627,647,765,855,891,949,1148,1267,1279,1294,1417,1479,1488,1540,1604,1836,1884,2091,2544,2559,2645,2658,2696,2774,2775,2778,2941,3130,3258,3347,3767,3768,3769,3770,3771,4376,4428,4818,4854,5217,5218,5219,5220,5221,5222,5223,5331,5340,5370,5484,5485,5683,5684,5685,5686,5687,5688,5689,6126,
53;0;4320;4393;0;17,53,86,137,144,225,226,230,233,262,274,288,290,292,314,329,377,390,395,396,439,490,591,627,647,765,855,891,949,979,1148,1196,1267,1279,1294,1417,1479,1488,1540,1561,1582,1604,1836,1884,1935,2091,2305,2544,2559,2645,2658,2696,2765,2774,2775,2778,2836,2924,2940,2941,2959,3130,3258,3347,3767,3768,3769,3770,3771,4319,4320,4321,4376,4428,4818,4854,5370,5484,5485,6126,
53;1;4393;4519;0;17,53,86,137,144,225,226,230,233,262,274,288,290,292,314,329,377,390,395,396,439,490,591,627,647,765,855,875,891,949,979,1148,1196,1267,1273,1277,1279,1294,1417,1479,1488,1540,1561,1582,1604,1836,1884,1935,2074,2091,2305,2544,2559,2645,2658,2696,2765,2774,2775,2778,2836,2924,2940,2941,2959,2965,2966,2967,2968,2969,3130,3258,3347,3767,4376,4854,5370,5484,5485,6126,
79;0;4519;4679;0;17,53,137,144,225,226,230,233,262,274,288,289,290,291,292,295,329,377,390,395,396,439,490,591,640,647,765,855,922,949,979,1146,1151,1196,1273,1277,1279,1294,1417,1513,1582,1604,1763,1884,1915,1916,2074,2091,2645,2677,2679,2688,2774,2775,2778,2804,2836,2941,2950,2968,4376,4854,5053,5370,5484,5485,5540,5659,6126,6401,7188,8095,8166,8368,8406,8407,8408,8409,8410,8411,
79;1;4679;4713;0;17,53,137,144,202,206,225,226,230,233,262,274,288,289,290,291,292,295,329,377,390,395,396,439,490,591,640,647,765,794,855,922,949,979,987,1146,1151,1196,1273,1277,1279,1294,1417,1513,1582,1604,1763,1884,1915,1916,1992,2074,2091,2413,2645,2677,2679,2688,2774,2775,2778,2804,2836,2937,2941,2950,2968,4376,4854,4982,5053,5370,5484,5485,5540,5659,6126,6401,7188,8166,
140;0;4713;4864;0;17,53,137,144,149,202,206,225,226,230,233,262,274,288,289,290,291,292,295,329,377,390,395,396,439,490,591,640,647,765,794,855,922,949,979,987,1146,1151,1196,1273,1277,1279,1294,1360,1417,1513,1582,1604,1670,1763,1884,1915,1916,1992,2074,2091,2413,2645,2677,2679,2688,2774,2775,2778,2804,2836,2937,2941,2950,2968,4376,4854,5139,5370,5484,5485,5540,6126,7188,8166,
140;1;4864;4892;0;17,40,53,137,144,149,202,210,225,226,230,233,248,262,274,288,289,290,291,292,329,377,390,395,396,490,581,591,640,647,722,765,803,855,949,979,1146,1196,1273,1277,1279,1294,1417,1582,1604,1701,1884,1898,1915,2074,2091,2273,2315,2413,2564,2645,2677,2679,2774,2775,2778,2836,2922,2941,2968,3861,4026,4376,4854,5097,5098,5099,5100,5370,5484,5485,5540,6126,7188,8166,
245;0;4892;4921;0;17,137,144,149,202,225,226,230,233,248,262,274,288,289,290,291,292,329,377,390,395,396,591,640,647,677,765,772,836,855,949,979,1146,1196,1277,1279,1294,1417,1481,1582,1604,1884,1898,1915,2091,2346,2347,2413,2461,2645,2657,2677,2679,2774,2775,2778,2836,2941,4026,4376,4854,5100,5370,5392,5484,5485,5525,5540,5634,5637,5722,5869,6022,6024,6026,6126,7099,7188,7736,7737,
245;1;4921;5069;0;137,142,144,149,225,226,230,262,275,292,315,379,380,390,394,396,398,399,400,438,591,838,979,1051,1054,1055,1061,1117,1145,1149,1163,1231,1293,1322,1363,1417,1474,1481,1604,1669,1680,1726,1732,1809,1814,1822,1823,1824,1825,1826,1827,1828,1829,1830,1831,1832,2188,2216,2223,2597,2679,2774,2775,2778,3048,3591,3744,3802,4112,4854,4950,4951,4952,4953,5206,5370,6126,6410,7362,7408,
796;0;5069;5242;0;137,142,144,149,225,226,230,262,275,292,315,379,380,390,394,396,398,399,400,438,591,838,979,1051,1054,1055,1061,1117,1145,1149,1163,1231,1293,1322,1363,1417,1474,1481,1604,1669,1680,1726,1732,1809,1814,1822,1823,1824,1825,1826,1827,1828,1829,1830,1831,1832,2188,2216,2223,2597,2679,2774,2775,2778,3048,3591,3744,3802,4112,4854,4950,4951,4952,4953,5206,5370,6126,6410,7362,7408,
118;0;5242;5395;0;137,142,144,149,225,226,230,262,275,292,315,379,380,390,394,396,398,399,400,438,591,838,979,1051,1054,1055,1061,1117,1145,1149,1163,1231,1293,1322,1363,1417,1474,1481,1604,1669,1680,1726,1732,1809,1814,1822,1823,1824,1825,1826,1827,1828,1829,1830,1831,1832,2188,2216,2223,2597,2679,2774,2775,2778,3048,3591,3744,3802,4112,4854,4950,4951,4952,4953,5206,5370,6126,6410,7362,7408,
118;1;5395;5414;0;137,142,144,149,225,226,230,262,275,292,315,379,380,390,394,396,398,399,400,438,591,838,979,1051,1054,1055,1061,1117,1145,1149,1163,1231,1293,1322,1363,1417,1474,1481,1604,1669,1680,1726,1732,1809,1814,1822,1823,1824,1825,1826,1827,1828,1829,1830,1831,1832,2188,2216,2223,2597,2679,2774,2775,2778,3048,3591,3744,3802,4112,4854,4950,4951,4952,4953,5206,5370,6126,6410,7362,7408,
676;0;5414;5583;0;137,142,144,149,225,226,230,262,275,292,315,379,380,390,394,396,398,399,400,438,591,838,979,1051,1054,1055,1061,1117,1145,1149,1163,1231,1293,1322,1363,1417,1474,1481,1604,1669,1680,1726,1732,1809,1814,1822,1823,1824,1825,1826,1827,1828,1829,1830,1831,1832,2188,2216,2223,2597,2679,2774,2775,2778,3048,3591,3744,3802,4112,4854,4950,4951,4952,4953,5206,5370,6126,6410,7362,7408,
524;0;5583;5751;0;137,142,144,149,225,226,230,262,275,292,315,379,380,390,394,396,398,399,400,438,591,838,979,1051,1054,1055,1061,1117,1145,1149,1163,1231,1293,1322,1363,1417,1474,1481,1604,1669,1680,1726,1732,1809,1814,1822,1823,1824,1825,1826,1827,1828,1829,1830,1831,1832,2188,2216,2223,2597,2679,2774,2775,2778,3048,3591,3744,3802,4112,4854,4950,4951,4952,4953,5206,5370,6126,6410,7362,7408,
630;0;5760;5924;0;100,137,142,144,149,225,226,230,262,275,292,315,379,380,390,394,396,398,399,400,430,438,591,644,715,838,979,1051,1054,1055,1061,1117,1145,1149,1163,1231,1293,1322,1363,1417,1474,1481,1604,1669,1680,1726,1732,1809,1814,1822,1823,1824,1825,1826,1827,1828,1829,1830,1831,1832,2188,2216,2223,2405,2597,2674,2676,2679,2774,2775,2778,3048,3069,3591,3744,3802,4112,4854,5370,6126,
588;0;5924;6088;0;100,137,142,144,225,228,234,262,268,292,390,394,396,400,430,606,608,609,715,838,927,979,1051,1068,1095,1163,1207,1293,1322,1347,1378,1395,1406,1417,1474,1481,1525,1604,1669,1671,1809,1913,2094,2216,2223,2337,2339,2405,2531,2676,2679,2691,2715,2774,2775,2778,3111,4031,4161,4425,4475,4854,5067,5138,5140,5141,5144,5147,5149,5228,5323,5370,6126,7683,8595,8596,8597,8598,8599,8600,
201;0;6088;6162;0;100,137,142,144,225,228,234,262,268,292,390,394,396,400,430,606,608,609,704,715,838,862,927,979,1051,1068,1095,1163,1207,1293,1307,1322,1347,1378,1395,1406,1417,1474,1481,1604,1669,1809,1913,2094,2216,2223,2337,2339,2405,2468,2531,2676,2679,2691,2774,2775,2778,3532,4604,4639,4641,4854,4994,4995,4996,4997,4998,4999,5000,5001,5002,5003,5004,5005,5006,5007,5008,5140,5370,6126,
201;1;6162;6250;0;15,24,100,137,142,144,186,189,225,228,234,262,268,292,390,394,396,400,430,503,606,608,609,662,704,715,838,862,927,979,1051,1068,1088,1095,1163,1207,1293,1307,1322,1347,1378,1395,1406,1417,1474,1481,1550,1580,1604,1669,1809,1913,2094,2157,2216,2223,2337,2339,2405,2468,2531,2555,2676,2679,2691,2774,2775,2778,3022,3127,3532,3627,4604,4639,4641,4854,4994,5140,5370,6126,
59;0;6250;6312;0;15,24,95,100,137,142,144,186,189,225,228,234,262,268,291,292,390,394,396,400,430,503,606,608,609,662,690,704,715,838,862,927,979,1051,1068,1088,1095,1163,1207,1293,1322,1378,1395,1417,1474,1481,1556,1604,1669,1674,1809,1913,2094,2216,2223,2337,2339,2405,2531,2555,2642,2677,2679,2691,2774,2775,2778,3022,3263,3447,3627,4604,4854,4855,5140,5370,5499,5502,5673,6126,
59;1;6312;6410;0;100,137,142,144,225,262,290,291,292,390,394,396,429,430,692,715,719,825,838,895,979,1051,1068,1069,1121,1171,1293,1322,1417,1474,1481,1604,1669,1674,1809,1913,2094,2216,2337,2339,2405,2475,2555,2645,2677,2679,2774,2775,2777,2778,2815,2903,2947,3022,3261,3263,3447,3627,4569,4585,4739,4854,4855,5140,5185,5370,6329,6748,6796,6797,6798,6799,6800,6801,6802,6803,6804,6805,6806,6807,
627;0;6410;6566;0;17,54,100,144,202,225,248,262,277,289,294,479,504,677,715,765,766,769,944,945,1143,1272,1277,1280,1293,1463,1481,1558,1567,1582,1674,1781,1809,2239,2263,2413,2475,2543,2628,2645,2661,2836,2876,2897,2898,2900,2901,2905,2907,2909,2910,2911,2913,2941,2942,3262,3378,3703,3728,4026,4283,4450,4802,4888,5276,5377,5462,5463,5464,5525,5722,5869,6352,7254,7255,7256,7257,7258,7259,7260,
738;0;6566;6718;0;17,54,100,144,202,225,248,262,277,289,294,479,504,677,715,765,766,769,944,945,1143,1272,1277,1280,1293,1463,1481,1558,1567,1582,1674,1781,1809,2239,2263,2413,2475,2543,2628,2645,2661,2836,2876,2897,2898,2900,2901,2905,2907,2909,2910,2911,2913,2941,2942,3262,3378,3703,3728,4026,4283,4450,4802,4888,5276,5377,5462,5463,5464,5525,5722,5869,6352,7254,7255,7256,7257,7258,7259,7260,
154;0;6718;6771;0;17,54,100,144,202,225,248,262,277,289,294,479,504,677,715,765,766,769,944,945,1143,1272,1277,1280,1293,1463,1481,1558,1567,1582,1674,1781,1809,2239,2263,2413,2475,2543,2628,2645,2661,2836,2876,2897,2898,2900,2901,2905,2907,2909,2910,2911,2913,2941,2942,3262,3378,3703,3728,4026,4283,4450,4802,4888,5276,5377,5462,5463,5464,5525,5722,5869,6352,7254,7255,7256,7257,7258,7259,7260,
154;1;6771;6869;0;17,54,100,144,202,225,248,262,277,289,294,479,504,677,715,765,766,769,944,945,1143,1272,1277,1280,1293,1463,1481,1558,1567,1582,1674,1781,1809,2239,2263,2413,2475,2543,2628,2645,2661,2836,2876,2897,2898,2900,2901,2905,2907,2909,2910,2911,2913,2941,2942,3262,3378,3703,3728,4026,4283,4450,4802,4888,5276,5377,5462,5463,5464,5525,5722,5869,6352,7254,7255,7256,7257,7258,7259,7260,
708;0;6869;7019;0;17,54,100,144,202,225,248,262,277,289,294,479,504,677,715,765,766,769,944,945,1143,1272,1277,1280,1293,1463,1481,1558,1567,1582,1674,1781,1809,2239,2263,2413,2475,2543,2628,2645,2661,2836,2876,2897,2898,2900,2901,2905,2907,2909,2910,2911,2913,2941,2942,3262,3378,3703,3728,4026,4283,4450,4802,4888,5276,5377,5462,5463,5464,5525,5722,5869,6352,7254,7255,7256,7257,7258,7259,7260,
532;0;7200;7349;0;17,54,87,100,144,202,225,248,262,277,289,294,479,504,677,691,698,715,765,766,769,944,945,1136,1143,1272,1277,1280,1293,1463,1481,1558,1567,1582,1674,1781,1809,2239,2263,2413,2475,2543,2627,2628,2645,2661,2836,2876,2897,2898,2900,2901,2905,2907,2909,2910,2911,2913,2941,2942,2986,3262,3378,3618,3703,3728,4026,4283,4450,4744,4746,4791,4802,4888,5276,5377,5462,5463,5464,5525,
127;0;7349;7471;0;17,54,87,100,144,202,225,248,262,277,289,294,479,504,677,691,698,715,765,766,769,944,945,1136,1143,1272,1277,1280,1293,1463,1481,1558,1567,1582,1674,1781,1809,2239,2263,2413,2475,2543,2627,2628,2645,2661,2836,2876,2897,2898,2900,2901,2905,2907,2909,2910,2911,2913,2941,2942,2986,3262,3378,3618,3703,3728,4026,4283,4450,4744,4746,4791,4802,4888,5525,8456,8457,8458,8459,8460,
127;1;7471;7489;0;17,54,87,97,100,144,202,225,238,241,248,262,277,289,294,302,382,404,479,504,677,691,698,715,765,766,769,944,945,1136,1143,1234,1272,1277,1280,1293,1430,1463,1473,1478,1481,1558,1567,1582,1674,1781,1800,1809,2109,2239,2263,2413,2475,2543,2627,2628,2645,2661,2818,2821,2824,2836,2898,2941,2986,3132,3618,4450,4889,4890,4891,4892,4893,4894,4895,4896,4897,4898,4899,5525,
158;0;7489;7573;0;17,54,87,97,100,144,202,225,238,241,248,262,277,289,294,302,382,404,479,504,677,691,698,715,765,766,769,944,945,1136,1143,1234,1272,1277,1280,1293,1430,1463,1473,1478,1481,1558,1567,1582,1674,1781,1800,1809,2109,2239,2263,2413,2475,2543,2627,2628,2645,2661,2818,2821,2824,2836,2898,2941,2986,3618,4450,4889,4892,4895,4896,4898,4899,5216,5322,5479,5480,5481,5482,5525,
158;1;7573;7627;0;17,54,87,97,100,138,144,202,225,238,241,248,262,277,288,289,294,302,348,382,404,479,504,677,691,698,715,765,766,769,944,945,1136,1143,1234,1272,1277,1280,1293,1398,1430,1463,1472,1473,1478,1480,1481,1558,1567,1582,1674,1781,1800,1809,2109,2239,2263,2413,2475,2543,2627,2628,2645,2818,2821,2898,2941,2986,3618,4422,4423,4450,4889,4892,4895,4896,4898,4899,5216,5525,
666;0;7627;7763;0;17,54,87,97,100,138,144,202,225,238,241,248,262,274,277,288,289,294,302,336,348,382,404,479,504,677,691,698,715,765,766,769,856,944,945,1136,1143,1234,1272,1277,1280,1293,1398,1430,1463,1472,1473,1478,1480,1481,1558,1567,1582,1674,1781,1800,1809,2109,2263,2413,2627,2628,2645,2689,2818,2821,2898,2941,2986,3618,3715,4450,4889,4892,4895,4896,4898,4899,5216,5525,
48;0;7763;7831;0;17,54,87,97,100,138,144,202,225,238,241,248,262,274,277,288,289,294,302,336,348,382,404,479,504,677,691,698,715,765,766,769,856,944,945,1136,1143,1234,1277,1280,1293,1430,1472,1473,1478,1480,1481,1674,1800,1809,2109,2263,2413,2627,2628,2645,2689,2818,2821,2898,2941,2986,3618,4450,4889,4892,4895,4896,4898,4899,5216,5525,5529,8134,8137,8190,8195,8196,8197,8198,
48;1;7831;7895;0;17,54,87,97,100,138,144,202,225,238,241,248,262,274,277,288,289,294,302,336,348,382,404,479,504,677,691,698,715,765,766,769,856,944,945,1136,1143,1234,1277,1280,1293,1430,1472,1473,1478,1480,1481,1674,1800,1809,2109,2263,2413,2627,2628,2645,2689,2818,2821,2898,2941,2986,3618,4450,4889,4892,4895,4896,4898,4899,5216,5525,5529,5758,5759,5760,8134,8137,8190,8195,
602;0;7895;8026;0;3,17,54,61,79,87,100,138,144,145,170,198,208,225,229,232,262,274,277,288,289,404,412,429,607,677,715,720,765,827,1094,1277,1280,1293,1407,1430,1470,1473,1478,1480,1481,1509,1587,1657,1679,1800,1809,1895,1944,1984,2109,2243,2244,2245,2263,2413,2434,2512,2518,2555,2627,2628,2645,2689,2721,2818,2821,2898,2941,2986,3361,3618,3877,3891,3894,4455,4889,5525,5529,6565,
38;0;8026;8060;0;3,17,54,61,79,87,100,138,144,145,170,198,208,225,229,232,262,274,277,288,289,404,412,429,607,677,715,720,765,827,1094,1277,1280,1293,1407,1430,1470,1473,1478,1480,1481,1509,1587,1657,1679,1800,1809,1895,1944,1984,2109,2243,2244,2245,2263,2413,2434,2512,2518,2555,2627,2628,2645,2689,2721,2818,2821,2898,2941,2986,3361,3618,3877,3891,3894,4455,4889,5525,5529,6565,
38;1;8060;8143;0;3,17,54,61,79,87,100,138,144,145,170,198,208,225,229,232,262,274,277,288,289,404,412,429,607,677,715,720,765,827,1094,1277,1280,1293,1407,1430,1470,1473,1478,1480,1481,1509,1587,1657,1679,1800,1809,1895,1944,1984,2109,2243,2244,2245,2263,2413,2434,2512,2518,2555,2627,2628,2645,2689,2721,2818,2821,2898,2941,2986,3361,3618,3877,3891,3894,4455,4889,5525,5529,6565,
511;0;8143;8256;0;3,17,54,61,79,87,100,138,144,145,170,198,208,225,229,232,262,274,277,288,289,404,412,429,607,677,715,720,765,827,1094,1277,1280,1293,1407,1430,1470,1473,1478,1480,1481,1509,1587,1657,1679,1800,1809,1895,1944,1984,2109,2243,2244,2245,2263,2413,2434,2512,2518,2555,2627,2628,2645,2689,2721,2818,2821,2898,2941,2986,3361,3618,3877,3891,3894,4455,4889,5525,5529,6565,
30;0;8256;8277;0;3,17,54,61,79,87,100,138,144,145,170,198,208,225,229,232,262,274,277,288,289,404,412,429,607,677,715,720,765,827,1094,1277,1280,1293,1407,1430,1470,1473,1478,1480,1481,1509,1587,1657,1679,1800,1809,1895,1944,1984,2109,2243,2244,2245,2263,2413,2434,2512,2518,2555,2627,2628,2645,2689,2721,2818,2821,2898,2941,2986,3361,3618,3877,3891,3894,4455,4889,5525,5529,6565,
30;1;8640;8730;0;17,54,61,79,87,100,138,144,145,225,262,274,277,288,289,404,429,430,677,715,765,768,1072,1277,1280,1293,1473,1478,1480,1481,1587,1679,1809,2109,2225,2263,2318,2405,2627,2628,2630,2632,2634,2640,2641,2645,2654,2657,2667,2689,2693,2705,2706,2757,2818,2821,2898,2941,2986,3618,5344,5525,5529,7188,7212,7296,7299,7308,7316,7319,7423,8396,8415,8432,8799,8801,8803,8804,8805,8810,
1;0;8730;8745;0;17,54,61,79,87,100,138,144,145,225,262,274,277,288,289,404,429,430,677,715,765,768,1072,1277,1280,1293,1473,1478,1480,1481,1587,1679,1809,2109,2225,2263,2318,2405,2627,2628,2630,2632,2634,2640,2641,2645,2654,2657,2667,2689,2693,2705,2706,2757,2818,2821,2898,2941,2986,3618,5344,5525,5529,6136,6145,7188,7212,7296,7299,7308,7316,8229,8230,8231,8232,8233,8234,8235,8236,8237,
1;1;8745;8837;0;17,54,61,74,79,87,100,113,138,144,145,225,262,274,277,288,289,404,429,430,497,578,677,715,765,768,979,1072,1196,1277,1280,1293,1473,1478,1480,1481,1587,1679,1809,1898,1936,2109,2225,2263,2318,2405,2627,2628,2630,2632,2634,2640,2641,2645,2654,2657,2667,2689,2693,2705,2706,2818,2821,2898,2941,2986,3022,3618,3627,3796,3870,4294,5058,5100,5344,5496,5525,5529,6136,7299,
617;0;8837;8940;0;17,54,61,74,79,87,100,113,138,144,145,225,262,274,277,288,289,404,429,430,497,578,677,715,765,768,979,1072,1196,1277,1280,1293,1473,1478,1480,1481,1587,1679,1809,1898,1936,2109,2225,2263,2318,2405,2627,2628,2630,2632,2634,2640,2641,2645,2654,2657,2667,2689,2693,2705,2706,2818,2821,2898,2941,2986,3022,3618,3627,3796,3870,4294,5058,5344,5525,5529,6042,6136,7299,7487,
798;0;8940;9040;0;17,54,61,74,79,87,100,113,138,144,145,225,262,274,277,288,289,404,429,430,497,578,677,715,765,768,952,979,1072,1196,1277,1280,1293,1473,1478,1480,1481,1587,1679,1809,1898,1936,2109,2225,2263,2318,2405,2627,2628,2630,2632,2634,2640,2641,2645,2654,2657,2667,2689,2693,2705,2706,2818,2821,2898,2941,2986,3022,3133,3618,3633,4472,5049,5344,5525,5529,5731,5733,6136,7299,
55;0;9040;9093;0;17,54,61,74,79,87,100,113,138,144,145,225,262,274,277,288,289,321,396,397,404,429,430,497,578,677,715,765,768,949,952,979,1072,1196,1236,1277,1280,1293,1417,1473,1474,1478,1480,1481,1521,1587,1679,1809,1898,1936,2109,2225,2263,2318,2405,2627,2628,2630,2632,2634,2640,2641,2645,2654,2657,2667,2689,2693,2705,2818,2821,2898,2941,2986,3618,5344,5525,5529,6136,7299,
55;1;9093;9135;0;17,54,61,87,100,137,138,144,145,225,231,262,274,277,288,289,316,321,329,396,397,404,429,640,677,715,765,838,854,949,1027,1118,1236,1277,1280,1293,1417,1473,1474,1476,1478,1480,1481,1587,1669,1679,1809,1811,1821,2109,2128,2263,2318,2627,2628,2645,2689,2818,2821,2898,2941,2951,2986,3618,3634,4503,4654,4718,5344,5439,5525,5529,5767,6136,6187,6188,6189,6190,6191,7299,
541;0;9135;9225;0;17,54,61,87,100,137,138,144,145,225,231,262,274,277,288,289,316,321,329,396,397,404,429,640,677,715,765,838,854,949,1027,1118,1236,1277,1280,1293,1417,1473,1474,1476,1478,1480,1481,1587,1669,1679,1809,1811,1821,2109,2128,2263,2318,2627,2628,2645,2689,2818,2821,2898,2941,2951,2986,3618,3634,4503,4654,4718,5344,5439,5525,5529,5767,6136,6187,6188,6189,7299,9155,9156,
564;0;9225;9312;0;17,54,60,61,87,100,137,138,144,145,225,231,254,262,274,277,288,289,316,321,329,396,397,404,429,640,677,715,765,838,854,949,1027,1118,1236,1277,1280,1293,1417,1426,1473,1474,1476,1478,1480,1481,1587,1669,1679,1809,1811,1821,1930,2109,2128,2263,2318,2627,2628,2645,2689,2818,2821,2898,2941,2951,2986,3126,3618,3634,4225,4503,5344,5525,5529,5767,6136,6757,7299,7891,
642;0;9312;9396;0;2,4,7,8,26,61,117,142,144,148,192,288,390,394,396,404,429,495,528,529,634,778,1051,1052,1146,1159,1229,1232,1233,1270,1279,1284,1285,1287,1288,1289,1290,1293,1294,1322,1419,1473,1604,1809,1812,1849,1876,1915,2216,2263,2264,2265,2407,2419,2485,2516,2898,3026,3094,3118,3119,3402,4217,4357,4440,4489,4503,5102,5103,5104,5105,5106,5110,5540,6000,6766,7009,7999,8354,8355,
731;0;9396;9476;0;2,4,7,8,26,61,117,142,144,148,192,288,390,394,396,404,429,495,528,529,634,778,1051,1052,1146,1159,1229,1232,1233,1270,1279,1284,1285,1287,1288,1289,1290,1293,1294,1322,1419,1473,1604,1809,1812,1849,1876,1915,2216,2263,2264,2265,2407,2419,2485,2516,2898,3026,3094,3118,3119,3402,4217,4357,4440,4489,4503,5102,5103,5104,5105,5106,5110,5540,6000,6766,7009,7999,8354,8355,
170;0;9476;9503;0;2,4,7,8,26,61,117,142,144,148,192,288,390,394,396,404,429,495,528,529,634,778,1051,1052,1146,1159,1229,1232,1233,1270,1279,1284,1285,1287,1288,1289,1290,1293,1294,1322,1419,1473,1604,1809,1812,1849,1876,1915,2216,2263,2264,2265,2407,2419,2485,2516,2898,3026,3094,3118,3119,3402,4217,4357,4440,4489,4503,5102,5103,5104,5105,5106,5110,5540,6000,6766,7009,7999,8354,8355,
170;1;9503;9555;0;2,4,7,8,26,61,117,142,144,148,192,288,390,394,396,404,429,495,528,529,634,778,1051,1052,1146,1159,1229,1232,1233,1270,1279,1284,1285,1287,1288,1289,1290,1293,1294,1322,1419,1473,1604,1809,1812,1849,1876,1915,2216,2263,2264,2265,2407,2419,2485,2516,2898,3026,3094,3118,3119,3402,4217,4357,4440,4489,4503,5102,5103,5104,5105,5106,5110,5540,6000,6766,7009,7999,8354,8355,
740;0;9555;9633;0;2,4,7,8,26,61,117,142,144,148,192,288,390,394,396,404,429,495,528,529,634,778,1051,1052,1146,1159,1229,1232,1233,1270,1279,1284,1285,1287,1288,1289,1290,1293,1294,1322,1419,1473,1604,1809,1812,1849,1876,1915,2216,2263,2264,2265,2407,2419,2485,2516,2898,3026,3094,3118,3119,3402,4217,4357,4440,4489,4503,5102,5103,5104,5105,5106,5110,5540,6000,6766,7009,7999,8354,8355,
Machine: 2
595;0;0;21;1;2,3,97,137,139,143,144,225,226,234,249,288,303,329,390,397,399,512,948,952,1048,1051,1054,1085,1093,1116,1145,1146,1207,1278,1287,1288,1293,1358,1361,1472,1476,1604,1666,1668,1725,1752,1805,1945,1971,2117,2259,2410,2417,2418,2419,2420,2421,2904,2968,2988,3070,3369,3630,3631,3632,3633,3634,3635,3636,3637,3638,4492,4585,4624,4710,4864,5153,5308,5434,6411,6412,7036,7125,8510,
81;0;21;193;0;2,3,97,137,139,143,144,225,226,234,249,288,303,329,390,397,399,512,948,952,1048,1051,1054,1085,1093,1116,1145,1146,1207,1278,1287,1288,1293,1358,1361,1472,1476,1604,1666,1668,1725,1752,1805,1945,1971,2117,2259,2410,2417,2418,2419,2420,2421,2904,2968,2988,3070,3369,3630,3631,3632,3633,3634,3635,3636,3637,3638,4492,4585,4624,4710,4864,5153,5308,5434,6411,6412,7036,7125,8510,
81;1;193;221;0;2,3,97,137,139,143,144,225,226,234,249,288,303,329,390,397,399,512,948,952,1048,1051,1054,1085,1093,1116,1145,1146,1207,1278,1287,1288,1293,1358,1361,1472,1476,1604,1666,1668,1725,1752,1805,1945,1971,2117,2259,2410,2417,2418,2419,2420,2421,2904,2968,2988,3070,3369,3630,3631,3632,3633,3634,3635,3636,3637,3638,4492,4585,4624,4710,4864,5153,5308,5434,6411,6412,7036,7125,8510,
594;0;221;246;1;2,3,97,137,139,143,144,225,226,234,249,288,303,329,390,397,399,512,948,952,1048,1051,1054,1085,1093,1116,1145,1146,1207,1278,1287,1288,1293,1358,1361,1472,1476,1604,1666,1668,1725,1752,1805,1945,1971,2117,2259,2410,2417,2418,2419,2420,2421,2904,2968,2988,3070,3369,3630,3631,3632,3633,3634,3635,3636,3637,3638,4492,4585,4624,4710,4864,5153,5308,5434,6411,6412,7036,7125,8510,
149;0;246;396;0;2,3,97,137,139,143,144,225,226,234,249,288,303,329,390,397,399,512,948,952,1048,1051,1054,1085,1093,1116,1145,1146,1207,1278,1287,1288,1293,1358,1361,1472,1476,1604,1666,1668,1725,1752,1805,1945,1971,2117,2259,2410,2417,2418,2419,2420,2421,2904,2968,2988,3070,3369,3630,3631,3632,3633,3634,3635,3636,3637,3638,4492,4585,4624,4710,4864,5153,5308,5434,6411,6412,7036,7125,8510,
149;1;396;566;0;2,3,97,137,139,143,144,225,226,234,249,288,303,329,390,397,399,512,948,952,1048,1051,1054,1085,1093,1116,1145,1146,1207,1278,1287,1288,1293,1358,1361,1472,1476,1604,1666,1668,1725,1752,1805,1945,1971,2117,2259,2410,2417,2418,2419,2420,2421,2904,2968,2988,3070,3369,3630,3631,3632,3633,3634,3635,3636,3637,3638,4492,4585,4624,4710,4864,5153,5308,5434,6411,6412,7036,7125,8510,
197;0;566;691;0;2,3,97,137,139,143,144,225,226,234,249,288,303,329,390,397,399,512,948,952,1048,1051,1054,1085,1093,1116,1145,1146,1207,1278,1287,1288,1293,1358,1361,1472,1476,1604,1666,1668,1725,1752,1805,1945,1971,2117,2259,2410,2417,2418,2419,2420,2421,2904,2968,2988,3070,3369,3630,3631,3632,3633,3634,3635,3636,3637,3638,4492,4585,4624,4710,4864,5153,5308,5434,6411,6412,7036,7125,8510,
197;1;691;859;0;3,97,137,139,143,144,152,225,226,234,267,288,289,291,303,305,310,312,313,314,329,380,390,397,399,438,528,640,948,952,1048,1051,1054,1093,1118,1145,1146,1171,1287,1288,1293,1322,1358,1472,1476,1604,1668,1725,1805,1971,2107,2117,2222,2223,2244,2350,2407,2410,2419,2836,2968,3633,4492,4585,4624,5144,5153,5154,5155,6136,6411,6412,7952,7953,7954,7955,7956,7957,8497,8518,
61;0;859;991;0;3,97,137,139,143,144,152,225,226,234,267,288,289,291,303,305,310,312,313,314,329,380,390,397,399,438,528,640,948,952,1048,1051,1054,1093,1118,1145,1146,1171,1287,1288,1293,1322,1358,1472,1476,1604,1668,1725,1805,1971,2107,2117,2222,2223,2244,2350,2407,2410,2419,2836,2968,3633,4492,4585,4624,5144,5153,5154,5155,6136,6411,6412,7952,7953,7954,7955,7956,7957,8497,8518,
61;1;991;1120;0;3,97,137,139,143,144,152,225,226,234,267,288,289,291,303,305,310,312,313,314,329,380,390,397,399,438,528,640,948,952,1048,1051,1054,1093,1118,1145,1146,1171,1287,1288,1293,1322,1358,1472,1476,1604,1668,1725,1805,1971,2107,2117,2222,2223,2244,2350,2407,2410,2419,2836,2968,3633,4492,4585,4624,5144,5153,5154,5155,6136,6411,6412,7952,7953,7954,7955,7956,7957,8497,8518,
5;0;1120;1268;0;3,97,137,139,143,144,152,225,226,234,267,288,289,291,303,305,310,312,313,314,329,380,390,397,399,438,528,640,948,952,1048,1051,1054,1093,1118,1145,1146,1171,1287,1288,1293,1322,1358,1472,1476,1604,1668,1725,1805,1971,2107,2117,2222,2223,2244,2350,2407,2410,2419,2836,2968,3633,4492,4585,4624,5144,5153,5154,5155,6136,6411,6412,7952,7953,7954,7955,7956,7957,8497,8518,
5;1;1268;1366;0;3,97,137,139,143,144,152,225,226,234,267,288,289,291,303,305,310,312,313,314,329,380,390,397,399,438,528,640,948,952,1048,1051,1054,1093,1118,1145,1146,1171,1287,1288,1293,1322,1358,1472,1476,1604,1668,1725,1805,1971,2107,2117,2222,2223,2244,2350,2407,2410,2419,2836,2968,3633,4492,4585,4624,5144,5153,5154,5155,6136,6411,6412,7952,7953,7954,7955,7956,7957,8497,8518,
19;0;1366;1497;0;3,97,137,139,143,144,152,225,226,234,267,288,289,291,303,305,310,312,313,314,329,380,390,397,399,438,528,640,948,952,1048,1051,1054,1093,1118,1145,1146,1171,1287,1288,1293,1322,1358,1472,1476,1604,1668,1725,1805,1971,2107,2117,2222,2223,2244,2350,2407,2410,2419,2836,2968,3633,4492,4585,4624,5144,5153,5154,5155,6136,6411,6412,7952,7953,7954,7955,7956,7957,8497,8518,
19;1;1497;1601;0;3,27,97,137,139,143,144,152,225,226,234,247,267,288,289,291,303,305,310,312,313,314,329,366,380,390,397,399,438,457,528,640,728,948,952,1048,1051,1054,1093,1118,1145,1146,1171,1275,1287,1288,1293,1322,1358,1472,1476,1604,1668,1725,1805,1971,2107,2117,2174,2190,2220,2223,2232,2407,2410,2419,2941,2968,3060,3421,3422,3609,3633,3831,3842,4492,4624,5155,6136,8497,
85;0;1601;1679;0;3,24,27,97,137,139,143,144,152,225,226,234,267,288,289,291,303,305,310,312,313,314,329,366,380,390,397,438,457,528,640,728,876,948,952,1051,1054,1093,1118,1145,1146,1171,1275,1287,1288,1293,1322,1358,1472,1587,1604,1668,1725,1805,1971,2107,2174,2220,2223,2232,2407,2410,2419,2941,2968,3060,3421,3422,3609,3633,3831,3842,4112,4492,4624,4735,4736,5155,6136,8497,
85;1;1679;1828;0;3,24,26,27,97,137,139,143,144,152,164,225,226,234,267,288,289,291,303,305,310,312,313,314,329,366,380,390,397,438,457,528,640,728,948,952,1051,1054,1093,1118,1146,1171,1275,1280,1287,1288,1293,1295,1358,1472,1587,1604,1668,2107,2174,2220,2223,2232,2407,2419,2611,2941,2968,3060,3386,3421,3422,3598,3609,3633,3831,3842,3986,4462,4492,5155,6136,6961,7003,8497,
65;0;1828;1959;0;3,24,26,27,97,137,139,143,144,152,225,226,234,267,288,289,291,303,305,310,312,313,314,329,366,380,390,397,438,457,528,640,728,853,948,952,1051,1054,1093,1118,1146,1171,1275,1280,1287,1288,1293,1295,1358,1472,1481,1587,1604,1668,2107,2174,2220,2223,2232,2407,2419,2611,2941,2968,3060,3284,3421,3422,3609,3633,3712,3831,3842,4472,4492,5155,5731,5733,6136,8497,
65;1;1959;2049;0;3,24,26,27,97,137,139,143,144,152,225,226,234,267,288,289,291,303,305,310,312,313,314,329,366,380,390,397,438,457,528,640,728,853,948,952,1051,1054,1093,1118,1146,1171,1275,1280,1287,1288,1293,1295,1358,1472,1481,1587,1604,1668,2107,2174,2220,2223,2232,2407,2419,2611,2941,2968,3060,3284,3421,3422,3609,3633,3712,3831,3842,4472,4492,5155,6136,8136,8292,8497,
238;0;2049;2114;0;3,24,26,27,97,137,139,143,144,152,225,226,234,267,288,289,291,303,305,310,312,313,314,329,366,380,390,397,438,457,528,569,640,728,853,948,1051,1054,1093,1118,1146,1171,1262,1275,1280,1287,1288,1293,1295,1358,1472,1481,1587,1604,1668,2107,2174,2220,2223,2232,2407,2419,2611,2829,2941,2968,3060,3284,3421,3422,3609,3831,3842,4472,4489,4492,5155,5262,6136,8497,
238;1;2114;2266;0;24,53,95,137,144,145,149,152,225,234,276,277,308,314,322,379,391,429,838,891,938,1056,1058,1093,1117,1118,1147,1148,1164,1165,1166,1167,1169,1170,1171,1172,1176,1266,1269,1324,1359,1442,1467,1478,1481,1567,1596,1783,1906,2153,2175,2394,2419,2479,2480,2481,2485,3269,3284,3292,3306,3604,3605,3708,3767,3807,3841,3925,4016,4017,4018,4472,4874,5058,5112,5463,6418,6419,7359,7945,
43;0;2266;2444;0;24,53,95,137,144,145,149,152,225,234,276,277,308,314,322,379,391,429,838,891,938,1056,1058,1093,1117,1118,1147,1148,1164,1165,1166,1167,1169,1170,1171,1172,1176,1266,1269,1324,1359,1442,1467,1478,1481,1567,1596,1783,1906,2153,2175,2394,2419,2479,2480,2481,2485,3269,3284,3292,3306,3604,3605,3708,3767,3807,3841,3925,4016,4017,4018,4472,4874,5058,5112,5463,6418,6419,7359,7945,
43;1;2444;2480;0;24,53,95,137,144,145,149,152,225,234,276,277,308,314,322,379,391,429,838,891,938,1056,1058,1093,1117,1118,1147,1148,1164,1165,1166,1167,1169,1170,1171,1172,1176,1266,1269,1324,1359,1442,1467,1478,1481,1567,1596,1783,1906,2153,2175,2394,2419,2479,2480,2481,2485,3269,3284,3292,3306,3604,3605,3708,3767,3807,3841,3925,4016,4017,4018,4472,4874,5058,5112,5463,6418,6419,7359,7945,
232;0;2480;2519;0;24,53,95,137,144,145,149,152,225,234,276,277,308,314,322,379,391,429,838,891,938,1056,1058,1093,1117,1118,1147,1148,1164,1165,1166,1167,1169,1170,1171,1172,1176,1266,1269,1324,1359,1442,1467,1478,1481,1567,1596,1783,1906,2153,2175,2394,2419,2479,2480,2481,2485,3269,3284,3292,3306,3604,3605,3708,3767,3807,3841,3925,4016,4017,4018,4472,4874,5058,5112,5463,6418,6419,7359,7945,
232;1;2519;2690;0;24,53,95,137,144,145,149,152,225,234,276,277,308,314,322,379,391,429,838,891,938,1056,1058,1093,1117,1118,1147,1148,1164,1165,1166,1167,1169,1170,1171,1172,1176,1266,1269,1324,1359,1442,1467,1478,1481,1567,1596,1783,1906,2153,2175,2394,2419,2479,2480,2481,2485,3269,3284,3292,3306,3604,3605,3708,3767,3807,3841,3925,4016,4017,4018,4472,4874,5058,5112,5463,6418,6419,7359,7945,
240;0;2880;2926;0;24,53,95,137,144,145,149,152,225,234,276,277,308,314,322,379,391,429,504,782,838,891,938,1056,1058,1093,1117,1118,1147,1148,1164,1165,1166,1167,1169,1170,1171,1172,1176,1266,1269,1324,1359,1442,1467,1478,1481,1549,1567,1596,1783,1906,2018,2153,2175,2202,2394,2419,2479,2480,2481,2485,2847,2848,2850,3269,3284,3292,3306,3604,3605,4452,5561,5668,5669,5670,5671,5672,6418,6419,
240;1;2926;3085;0;24,53,95,137,144,145,149,152,225,234,276,277,308,314,321,322,379,391,429,504,782,838,891,938,1056,1058,1093,1117,1118,1134,1147,1148,1164,1165,1166,1167,1169,1170,1171,1172,1176,1266,1269,1324,1359,1360,1442,1467,1478,1481,1549,1567,1596,1783,1906,2018,2153,2175,2202,2249,2394,2419,2479,2480,2481,2485,2508,2847,2848,2850,3269,3284,3292,3293,3306,3604,3605,4452,6418,6419,
608;0;3085;3264;0;24,53,95,137,144,145,149,152,225,234,276,277,308,314,321,322,379,391,429,504,782,838,891,938,1056,1058,1093,1117,1118,1134,1147,1148,1164,1165,1166,1167,1169,1170,1171,1172,1176,1266,1269,1324,1359,1360,1442,1467,1478,1481,1549,1567,1596,1783,1906,2018,2153,2175,2202,2249,2394,2419,2479,2480,2481,2485,2508,2847,2848,2850,3269,3284,3292,3293,3306,6418,6419,7363,7549,7550,
139;0;3264;3347;0;24,53,61,95,137,144,145,149,152,225,234,276,277,308,314,321,322,379,391,429,504,782,838,891,938,1056,1058,1093,1117,1118,1134,1147,1148,1164,1165,1166,1167,1169,1170,1171,1172,1176,1266,1269,1324,1359,1360,1442,1467,1478,1481,1549,1567,1596,1783,1906,1988,2018,2153,2175,2202,2249,2394,2414,2419,2479,2480,2481,2485,2508,2847,2848,2850,3269,3284,3577,4225,6418,6419,9203,
139;1;3347;3441;0;24,53,61,95,137,144,145,149,152,225,231,234,276,277,308,314,321,322,379,391,429,504,782,838,891,938,1056,1058,1071,1093,1117,1118,1134,1147,1148,1164,1165,1166,1167,1169,1170,1171,1172,1176,1266,1269,1324,1359,1360,1442,1467,1474,1478,1481,1549,1567,1596,1783,1906,1988,2018,2153,2175,2202,2249,2394,2414,2419,2479,2480,2481,2485,2508,2649,3284,4470,6196,6197,6418,6419,
650;0;3441;3616;0;9,26,137,144,145,149,225,226,229,231,240,241,242,245,262,266,268,277,321,391,396,401,405,429,430,432,443,528,719,838,1093,1118,1119,1134,1149,1214,1268,1270,1287,1289,1468,1607,1608,1609,1610,1611,1612,1613,1614,1615,1616,1617,1618,1619,1620,1621,1622,1623,1624,1625,1626,1783,2109,2264,2265,2451,2709,2926,2941,3606,4217,4277,4487,4488,4489,4490,4491,4492,5243,6125,
754;0;3616;3789;0;9,26,137,144,145,149,225,226,229,231,240,241,242,245,262,266,268,277,321,391,396,401,405,429,430,432,443,528,719,838,1093,1118,1119,1134,1149,1214,1268,1270,1287,1289,1468,1607,1608,1609,1610,1611,1612,1613,1614,1615,1616,1617,1618,1619,1620,1621,1622,1623,1624,1625,1626,1783,2109,2264,2265,2451,2709,2926,2941,3606,4217,4277,4487,4488,4489,4490,4491,4492,5243,6125,
7;0;3789;3890;0;9,26,137,144,145,149,225,226,229,231,240,241,242,245,262,266,268,277,321,391,396,401,405,429,430,432,443,528,719,838,1093,1118,1119,1134,1149,1214,1268,1270,1287,1289,1468,1607,1608,1609,1610,1611,1612,1613,1614,1615,1616,1617,1618,1619,1620,1621,1622,1623,1624,1625,1626,1783,2109,2264,2265,2451,2709,2926,2941,3606,4217,4277,4487,4488,4489,4490,4491,4492,5243,6125,
7;1;4320;4389;0;9,26,137,139,144,145,149,182,225,226,229,231,240,241,242,245,262,266,268,277,301,321,390,391,396,401,405,429,430,432,443,528,719,769,838,854,855,1093,1118,1119,1134,1146,1149,1163,1214,1268,1270,1287,1289,1468,1473,1484,1607,1608,1609,1610,1611,1612,1613,1614,1615,1616,1617,1618,1619,1623,1624,1783,1808,1809,2128,2223,2264,2371,2588,2941,3606,4217,4503,4981,
639;0;4389;4557;0;9,26,137,139,144,145,149,182,225,226,229,231,240,241,242,245,262,266,268,277,301,321,390,391,396,401,405,429,430,432,443,528,719,769,838,854,855,1093,1118,1119,1134,1146,1149,1163,1214,1268,1270,1287,1289,1468,1473,1484,1607,1608,1609,1610,1611,1612,1613,1614,1615,1623,1624,1783,2223,2264,2941,3606,4217,8551,8555,8557,8558,8559,8560,8561,8562,8563,8564,8565,
210;0;4557;4604;0;9,26,100,137,139,144,145,149,182,225,226,229,231,240,241,242,245,262,266,268,277,289,301,321,390,391,396,401,405,429,430,432,443,528,644,719,765,769,838,854,855,1093,1118,1119,1134,1146,1149,1163,1214,1268,1270,1287,1289,1468,1473,1484,1607,1608,1623,1624,1674,1783,2223,2225,2264,2626,2627,2628,2635,2637,2647,2653,2654,2660,2661,2675,2705,2941,3606,4217,
210;1;4604;4724;0;9,26,100,137,139,144,145,149,182,225,226,229,231,240,241,242,245,262,266,268,277,289,301,321,390,391,396,401,405,429,430,432,443,528,644,719,765,769,838,854,855,1093,1118,1119,1134,1146,1149,1163,1214,1268,1270,1287,1289,1468,1473,1484,1607,1608,1623,1624,1783,2223,2225,2264,2626,2627,2628,2635,2637,2653,2661,2675,2676,2774,2775,2941,3606,4217,4740,6748,
29;0;4724;4825;0;26,100,139,144,145,149,225,226,231,241,262,268,277,289,301,321,390,395,401,429,430,438,644,765,766,767,769,770,833,834,835,838,854,855,863,949,1043,1093,1134,1146,1214,1453,1484,1526,1527,1529,1623,1624,2225,2370,2626,2627,2628,2633,2635,2637,2661,2711,2774,2775,2941,3459,3511,3512,3513,3516,3517,3518,3519,3520,3526,3527,3528,3529,3530,3531,3532,3533,3534,4740,
29;1;4825;4889;0;26,100,139,144,145,149,225,226,231,241,262,268,277,289,301,321,390,395,401,429,430,438,644,765,766,767,769,770,833,834,835,838,854,855,863,949,1043,1093,1134,1146,1214,1453,1484,1526,1527,1529,1623,1624,2225,2370,2626,2627,2628,2633,2635,2637,2661,2711,2774,2775,2941,3459,3511,3512,3513,3516,3517,3527,3531,3532,4280,4740,8074,8075,8076,8077,8078,8079,8080,8081,
711;0;4889;5053;0;4,7,8,139,144,145,148,149,210,225,226,231,235,241,243,268,277,285,286,288,289,301,305,306,310,312,314,321,329,377,380,390,393,395,401,404,429,430,595,770,833,978,1036,1051,1052,1146,1214,1273,1362,1401,1428,1429,1430,1431,1474,1526,1527,1604,1624,1801,1806,1814,2172,2225,2231,2233,2829,2941,2968,3435,3613,4263,4265,4268,4269,4803,5259,5501,8496,8497,
785;0;5053;5215;0;4,7,8,139,144,145,148,149,210,225,226,231,235,241,243,268,277,285,286,288,289,301,305,306,310,312,314,321,329,377,380,390,393,395,401,404,429,430,595,770,833,978,1036,1051,1052,1146,1214,1273,1362,1401,1428,1429,1430,1431,1474,1526,1527,1604,1624,1801,1806,1814,2172,2225,2231,2233,2829,2941,2968,3435,3613,4263,4265,4268,4269,4803,5259,5501,8496,8497,
777;0;5215;5376;0;4,7,8,139,144,145,148,149,210,225,226,231,235,241,243,268,277,285,286,288,289,301,305,306,310,312,314,321,329,377,380,390,393,395,401,404,429,430,595,770,833,978,1036,1051,1052,1146,1214,1273,1362,1401,1428,1429,1430,1431,1474,1526,1527,1604,1624,1801,1806,1814,2172,2225,2231,2233,2829,2941,2968,3435,3613,4263,4265,4268,4269,4803,5259,5501,8496,8497,
196;0;5376;5452;0;4,7,8,139,144,145,148,149,210,225,226,231,235,241,243,268,277,285,286,288,289,301,305,306,310,312,314,321,329,377,380,390,393,395,401,404,429,430,595,770,833,978,1036,1051,1052,1146,1214,1273,1362,1401,1428,1429,1430,1431,1474,1526,1527,1604,1624,1801,1806,1814,2172,2225,2231,2233,2829,2941,2968,3435,3613,4263,4265,4268,4269,4803,5259,5501,8496,8497,
196;1;5452;5529;0;4,7,8,139,144,145,148,149,210,225,226,231,235,241,243,268,277,285,286,288,289,301,305,306,310,312,314,321,329,377,380,390,393,395,401,404,429,430,595,770,833,978,1036,1051,1052,1146,1214,1273,1362,1401,1428,1429,1430,1431,1474,1526,1527,1604,1624,1801,1806,1814,2172,2225,2231,2233,2829,2941,2968,3435,3613,4263,4265,4268,4269,4803,5259,5501,8496,8497,
74;0;5529;5537;0;4,7,8,139,144,145,148,149,210,225,226,231,235,241,243,268,277,285,286,288,289,301,305,306,310,312,314,321,329,377,380,390,393,395,401,404,429,430,595,770,833,978,1036,1051,1052,1146,1214,1273,1362,1401,1428,1429,1430,1431,1474,1526,1527,1604,1624,1801,1806,1814,2172,2225,2231,2233,2829,2941,2968,3435,3613,4263,4265,4268,4269,4803,5259,5501,8496,8497,
74;1;5537;5679;0;4,7,8,139,144,145,148,149,210,225,226,231,235,241,243,268,277,285,286,288,289,301,305,306,310,312,314,321,329,377,380,390,393,395,401,404,429,430,595,770,833,978,1036,1051,1052,1146,1214,1273,1362,1401,1428,1429,1430,1431,1474,1526,1527,1604,1624,1801,1806,1814,2172,2225,2231,2233,2829,2941,2968,3435,3613,4263,4265,4268,4269,4803,5259,5501,8496,8497,
573;0;5760;5909;0;4,7,8,97,139,144,145,148,149,210,225,226,231,234,235,241,243,268,272,273,277,285,286,287,288,289,291,301,302,305,306,310,312,314,321,329,351,377,380,390,393,395,401,404,429,430,595,640,770,833,978,1036,1051,1052,1146,1214,1236,1273,1362,1401,1428,1429,1474,1526,1527,1604,1624,1740,1814,2172,2225,2233,2695,2941,3435,3698,3793,5259,7033,7034,
533;0;5909;6056;0;4,139,144,145,149,225,226,231,233,234,241,267,268,273,275,277,284,285,286,287,288,289,290,291,292,301,305,312,321,377,380,429,430,595,609,612,770,827,833,1099,1146,1172,1214,1358,1474,1519,1525,1526,1527,1734,1735,1915,1916,1918,2052,2091,2133,2337,2338,2573,3763,4426,4533,5185,5186,5187,5188,5189,5190,5191,5192,5193,5194,5195,5196,5197,5198,5199,5200,5201,
40;0;6056;6145;0;4,51,139,144,145,149,225,226,231,233,234,241,267,268,273,275,277,284,285,286,287,288,289,290,291,292,301,305,312,321,377,380,429,430,595,609,612,632,770,827,833,1089,1099,1146,1172,1214,1293,1358,1474,1519,1525,1526,1527,1716,1734,1735,1915,1916,1918,2052,2091,2133,2337,2338,2573,3763,3984,3985,4426,4533,5185,5186,5187,5188,5189,5190,5191,5192,5193,5194,
40;1;6145;6200;0;4,51,139,144,145,149,225,226,231,233,234,241,267,268,273,275,277,284,285,286,287,288,289,290,291,292,301,305,312,321,377,380,429,430,595,609,612,632,770,827,833,1089,1099,1146,1172,1214,1293,1358,1474,1519,1525,1526,1527,1716,1734,1735,1915,1916,1918,2052,2091,2133,2337,2338,2573,2622,2677,3763,3984,3985,4426,4533,5185,5186,5187,5188,5189,5190,5191,5192,
206;0;6200;6236;0;4,51,139,144,145,149,225,226,231,233,234,241,267,268,273,275,277,284,285,286,287,288,289,290,291,292,301,305,312,321,377,380,429,430,595,609,612,632,770,827,833,1089,1099,1146,1172,1214,1293,1358,1474,1481,1519,1525,1526,1527,1716,1734,1735,1915,1916,1918,2052,2091,2133,2337,2338,2573,2622,2677,3763,3984,8143,8190,8194,8197,8198,8199,8200,8203,8204,8205,
206;1;6236;6341;0;4,51,139,144,145,149,225,226,231,233,234,241,267,268,273,275,277,284,285,286,287,288,289,290,291,292,301,305,312,321,377,380,429,430,595,609,612,632,770,827,833,1089,1099,1146,1172,1214,1293,1358,1474,1480,1481,1519,1521,1525,1526,1527,1716,1734,1735,1915,1916,1918,1978,2052,2091,2133,2337,2338,2573,2622,2677,3763,3984,6161,6162,8143,8190,8194,8197,8198,
764;0;6341;6479;0;4,51,87,89,90,139,144,145,149,225,226,231,233,234,241,267,268,273,275,277,284,285,286,287,288,289,290,291,292,301,305,312,321,377,380,429,430,595,609,612,632,764,768,770,827,833,836,858,862,944,945,1089,1099,1146,1151,1214,1293,1358,1474,1481,1515,1516,1517,1518,1519,1520,1521,1522,1523,1524,1525,1526,1527,1915,1916,2091,2337,2677,8143,8190,
577;0;6479;6616;0;15,16,17,18,19,21,24,25,35,37,38,39,42,45,46,50,52,54,87,89,90,139,144,145,149,225,231,233,241,277,288,289,290,305,312,364,380,476,502,595,622,632,764,768,778,814,833,836,862,944,945,977,1006,1007,1011,1214,1293,1305,1390,1427,1474,1478,1484,2091,2413,3074,3125,4917,4918,7796,7797,7798,8134,8137,8143,8231,8271,8272,8285,8291,
716;0;6616;6748;0;15,16,17,18,19,21,24,25,35,37,38,39,42,45,46,50,52,54,87,89,90,139,144,145,149,225,231,233,241,277,288,289,290,305,312,364,380,476,502,595,622,632,764,768,778,814,833,836,862,944,945,977,1006,1007,1011,1214,1293,1305,1390,1427,1474,1478,1484,2091,2413,3074,3125,4917,4918,7796,7797,7798,8134,8137,8143,8231,8271,8272,8285,8291,
60;0;6748;6828;0;15,16,17,18,19,21,24,25,35,37,38,39,42,45,46,50,52,54,87,89,90,139,144,145,149,225,231,233,241,277,288,289,290,305,312,364,380,476,502,595,622,632,764,768,778,814,833,836,862,944,945,977,1006,1007,1011,1214,1293,1305,1390,1427,1474,1478,1484,2091,2413,3074,3125,4917,4918,7796,7797,7798,8134,8137,8143,8231,8271,8272,8285,8291,
60;1;6828;6879;0;15,16,17,18,19,21,24,25,35,37,38,39,42,45,46,50,52,54,87,89,90,139,144,145,149,225,231,233,241,277,288,289,290,305,312,364,380,476,502,595,622,632,764,768,778,814,833,836,862,944,945,977,1006,1007,1011,1214,1293,1305,1390,1427,1474,1478,1484,2091,2413,3074,3125,4917,4918,7796,7797,7798,8134,8137,8143,8231,8271,8272,8285,8291,
168;0;7200;7296;0;15,16,17,18,19,21,24,25,35,37,38,39,46,52,54,87,89,90,138,139,144,145,149,225,231,233,241,277,288,289,290,305,312,364,380,476,595,644,645,764,768,778,833,836,862,892,896,911,944,945,1075,1214,1293,1390,1472,1474,1478,1484,1623,1661,1667,1973,2091,2103,2427,2428,2429,2430,2431,2432,2433,2434,2435,2436,2437,2438,2439,2440,2441,2442,
168;1;7296;7330;0;15,16,17,18,19,21,24,25,35,37,38,39,46,52,54,87,89,90,138,139,144,145,149,225,231,233,241,277,288,289,290,305,312,364,380,476,595,644,645,764,768,778,833,836,862,892,896,911,944,945,1075,1214,1293,1390,1472,1474,1478,1484,1623,1661,1667,1973,2091,2103,2427,2428,2429,2430,2431,2432,2433,2434,2435,2436,2437,2438,6136,6145,8282,8356,
688;0;7330;7455;0;15,16,17,18,19,21,24,25,35,37,38,39,46,52,54,87,89,90,138,139,144,145,149,225,231,233,241,277,288,289,290,305,312,364,380,476,579,595,644,645,764,768,778,833,836,862,892,896,911,944,945,1075,1214,1293,1390,1472,1474,1478,1484,1623,1661,1667,1973,2091,2103,2427,2428,2429,2430,2431,2432,2433,2434,2435,2436,2437,2438,6136,6145,8282,
120;0;7455;7515;0;15,16,17,18,19,21,24,25,35,37,38,39,46,52,54,87,89,90,138,139,144,145,149,225,231,233,241,277,288,289,290,305,312,364,380,476,579,595,644,645,764,768,778,833,836,862,892,896,911,944,945,1075,1134,1214,1293,1390,1472,1474,1478,1484,1623,1661,1667,1973,2091,2103,2427,2428,2429,2430,2431,2432,2433,2434,2435,2436,2775,2776,4771,6747,
120;1;7515;7576;0;15,16,17,18,19,21,24,25,35,37,38,39,46,52,54,87,89,90,138,139,144,145,149,225,231,233,241,277,288,289,290,294,305,312,364,380,476,579,595,644,645,764,768,769,778,833,836,862,892,896,911,944,945,1075,1134,1214,1293,1390,1472,1474,1478,1484,1567,1623,1661,1667,1973,2091,2103,2543,2775,2897,2898,2900,2901,2905,2907,3262,3378,3379,
658;0;7576;7694;0;15,16,17,18,19,21,24,25,35,38,46,52,54,87,89,90,138,139,144,145,149,180,225,231,233,241,262,277,288,289,290,294,305,307,312,313,364,380,381,384,385,442,476,592,593,594,595,596,644,645,764,768,778,833,836,862,892,896,911,944,945,1214,1293,1390,1472,1474,1478,1484,1567,1973,2091,2103,2543,2775,2897,2898,2900,2901,2905,2907,
669;0;7694;7808;0;15,16,17,18,19,21,24,25,35,38,46,52,54,87,89,90,138,139,144,145,149,180,225,231,233,241,262,277,288,289,290,294,305,307,312,313,364,380,381,442,476,591,595,644,645,764,768,778,833,836,862,892,896,911,944,945,1214,1293,1390,1472,1474,1478,1484,1567,1973,2091,2103,2543,2774,2775,2816,2897,2898,2900,2901,2905,2907,4600,4740,5331,
774;0;7808;7917;0;15,17,19,24,25,38,46,52,54,87,88,89,90,138,139,144,145,149,225,231,233,241,262,277,288,289,290,294,305,313,364,442,476,583,591,595,644,645,763,764,765,766,767,768,773,778,831,833,836,844,862,863,892,896,911,944,945,1214,1293,1390,1472,1474,1478,1484,1513,1514,1567,1973,2091,2103,2543,2774,2775,2816,2897,2898,2900,2901,2905,2907,
555;0;7917;8026;0;17,19,20,24,25,38,40,46,52,76,88,113,138,139,144,145,149,225,231,241,262,274,277,288,289,290,296,305,313,342,364,390,402,404,442,476,480,534,540,591,595,640,644,645,753,764,765,778,833,892,948,1056,1057,1062,1093,1162,1214,1293,1390,1472,1474,1484,1707,1843,1933,1973,2091,2102,2103,2104,2105,2106,2107,2233,3080,3508,3509,3510,3711,4553,
583;0;8026;8129;0;17,19,20,24,25,38,40,46,52,76,88,113,138,139,144,145,149,225,231,241,262,274,277,288,289,290,296,305,313,342,364,390,402,404,442,476,480,534,540,591,595,640,644,645,753,764,765,778,833,892,948,1056,1057,1062,1093,1162,1214,1293,1390,1472,1474,1484,1707,1843,1933,1973,2091,2102,2103,2104,2105,2106,2107,2233,3080,3508,3509,3510,3711,4553,
734;0;8129;8230;0;17,19,20,24,25,38,40,46,52,76,88,113,138,139,144,145,149,225,231,241,262,274,277,288,289,290,296,305,313,342,364,390,402,404,442,476,480,534,540,591,595,640,644,645,753,764,765,778,833,892,948,1056,1057,1062,1093,1162,1214,1293,1390,1472,1474,1484,1707,1843,1933,1973,2091,2102,2103,2104,2105,2106,2107,2233,3080,3508,3509,3510,3711,4553,
671;0;8230;8328;0;17,19,20,24,25,38,40,46,52,76,88,113,138,139,144,145,149,225,231,241,262,274,277,288,289,290,296,305,313,342,364,390,402,404,442,476,480,534,540,591,595,640,644,645,753,764,765,778,833,892,948,1056,1057,1062,1093,1162,1214,1293,1390,1472,1474,1484,1707,1843,1933,1973,2091,2102,2103,2104,2105,2106,2107,2233,3080,3508,3509,3510,3711,4553,
687;0;8640;8736;0;19,20,38,40,46,76,88,95,100,138,139,144,149,225,231,241,262,277,288,289,290,299,305,313,343,364,390,402,404,442,476,591,595,640,644,645,764,765,778,833,892,948,1019,1057,1062,1214,1293,1390,1474,1484,2091,2107,2225,2318,2405,2625,2626,2627,2628,2629,2630,2631,2632,2634,2635,2637,2640,2642,2643,2644,2646,2652,2657,2663,2675,2680,2686,2720,2721,2752,
638;0;8736;8831;0;19,20,34,38,40,46,76,88,95,100,138,139,144,149,225,231,241,262,277,288,289,290,299,305,313,343,364,390,402,404,442,476,546,591,595,640,644,645,764,765,778,833,892,948,1019,1057,1062,1214,1293,1390,1474,1484,2066,2091,2107,2197,2225,2318,2405,2625,2626,2627,2628,2629,2630,2631,2632,2634,2635,2637,2640,2642,2643,2652,2657,2663,3766,4645,5825,6244,
33;0;8831;8850;0;19,26,34,38,40,78,88,95,100,138,139,144,149,225,231,241,262,277,288,289,290,305,313,390,402,404,442,528,529,591,595,640,644,645,764,765,833,892,948,1057,1062,1214,1268,1277,1285,1287,1288,1289,1293,1295,1390,1474,1484,1702,1779,1783,2091,2107,2175,2263,2282,2471,2625,2626,2627,2629,2631,2634,2635,2640,2643,2652,2657,2663,3049,3701,3702,3703,3716,3717,
33;1;8850;8923;0;26,34,88,95,100,138,139,144,149,225,231,241,262,277,288,289,290,305,313,390,402,404,442,528,529,591,595,640,644,645,764,833,892,948,1057,1062,1268,1288,1293,1390,1474,1484,1779,2091,2107,2625,2626,2627,2631,2635,2643,2652,2663,3702,3703,9222,9223,9224,9225,9229,9230,9231,9232,9233,9234,9235,9236,9237,9238,9239,9240,9241,9242,9243,9244,9245,9246,9247,9248,9249,
538;0;8923;9013;0;26,34,88,95,100,138,139,144,149,225,231,241,262,277,288,289,290,305,313,390,402,404,442,458,528,529,591,595,640,644,645,764,833,892,948,1057,1062,1268,1288,1293,1390,1474,1484,1543,1587,1779,1859,2074,2089,2091,2107,2611,2625,2626,2627,2631,2635,2643,2652,2663,2958,3381,3382,3702,3703,3861,3862,3863,3864,3865,3866,3867,3868,3869,3870,9222,9223,9224,9225,9229,
221;0;9013;9064;0;26,34,88,95,100,138,139,144,149,225,231,241,262,277,288,289,290,305,313,390,402,404,442,458,528,529,591,595,640,644,645,764,833,892,948,1057,1062,1268,1288,1293,1390,1474,1484,1543,1587,1779,1859,2064,2074,2089,2091,2107,2611,2625,2626,2627,2631,2635,2643,2652,2663,2958,3381,3382,3702,3703,3861,3862,3863,3864,3865,3866,3867,3868,3869,3870,6424,6791,7029,8400,
221;1;9064;9101;0;26,34,88,95,100,138,139,144,149,225,231,241,262,277,288,289,290,305,313,390,402,404,442,458,528,529,591,595,640,644,645,764,833,892,948,1057,1062,1268,1288,1293,1390,1474,1484,1543,1587,1779,1859,2064,2074,2089,2091,2107,2611,2625,2626,2627,2631,2635,2643,2652,2663,2958,3381,3382,3702,3703,3840,3861,3862,3863,3864,3865,3866,3867,3868,3869,3870,6424,6791,7029,
134;0;9101;9135;0;26,34,88,95,100,138,139,144,149,225,231,241,262,277,288,289,290,305,313,390,402,404,442,458,528,529,591,595,640,644,645,677,764,833,892,948,1057,1062,1268,1288,1293,1390,1474,1484,1524,1543,1587,1779,1859,2064,2074,2089,2091,2107,2611,2625,2626,2627,2631,2635,2643,2645,2652,2663,2958,3381,3382,3702,3703,3840,3861,3862,3863,3864,3865,3866,3867,3870,4398,6195,
134;1;9135;9185;0;26,34,88,95,100,138,139,144,149,225,231,241,262,277,288,289,290,305,313,390,402,404,442,458,528,529,532,591,595,640,644,645,677,764,833,892,948,1057,1062,1268,1288,1293,1390,1474,1484,1524,1543,1587,1779,1859,2064,2074,2089,2091,2107,2611,2625,2626,2627,2631,2635,2643,2645,2652,2663,2868,2958,3381,3382,3691,3702,3703,3840,3861,3862,3863,3864,3865,3866,3870,
518;0;9185;9266;0;26,34,88,95,100,138,139,144,149,225,231,241,262,277,288,289,290,305,313,390,402,404,442,458,528,529,532,591,595,640,644,645,677,764,833,892,948,1057,1062,1268,1288,1293,1390,1474,1484,1524,1543,1587,1779,1859,2064,2074,2089,2091,2107,2611,2625,2626,2627,2631,2635,2643,2645,2652,2663,2868,2958,3381,3382,3691,3702,3703,3840,3861,3862,3863,3864,3865,3870,7899,
31;0;9266;9272;0;26,34,88,95,100,138,139,144,149,152,225,231,241,262,277,288,289,290,305,313,390,402,404,426,442,458,528,529,532,567,591,595,640,644,645,677,764,833,892,948,1057,1062,1268,1280,1288,1293,1390,1474,1484,1524,1543,1572,1587,1779,1859,1940,2091,2107,2179,2230,2611,2625,2626,2627,2631,2635,2643,2645,2652,2663,2826,3409,3606,3702,3703,3861,3870,4672,5876,6152,
31;1;9272;9345;0;26,34,88,95,100,138,139,144,149,152,225,231,241,251,262,277,288,289,290,305,313,390,402,404,426,442,458,528,529,532,567,580,591,595,640,644,645,677,764,833,892,948,1057,1062,1268,1280,1288,1293,1390,1474,1484,1524,1543,1572,1587,1779,1859,1940,2091,2107,2179,2230,2407,2611,2625,2626,2627,2631,2635,2643,2645,2652,2663,3409,3606,3702,3703,3861,3870,6033,
793;0;9345;9423;0;3,95,137,138,139,144,149,225,231,277,288,289,291,298,321,397,404,430,591,607,640,645,647,715,855,948,1062,1118,1293,1390,1419,1474,1481,1521,1587,1671,1675,1756,1814,1915,1916,1920,2091,2317,2337,2339,2631,2643,2652,2663,2884,3527,3610,3808,3861,3870,4161,4552,4632,4650,4753,6386,6399,7296,7333,7334,7335,7336,7337,7683,7713,7716,7720,7721,7743,7744,8396,8826,8827,8828,
661;0;9423;9500;0;3,95,137,138,139,144,149,225,231,277,288,289,291,298,321,397,404,430,591,607,640,645,647,715,855,948,1062,1118,1293,1390,1419,1474,1481,1521,1587,1671,1675,1756,1814,1915,1916,1920,2091,2317,2337,2339,2631,2643,2652,2663,2884,3527,3610,3808,3861,3870,4161,4552,4632,4650,4753,6386,6399,7296,7333,7334,7335,7336,7337,7683,7713,7716,7720,7721,7743,7744,8396,8826,8827,8828,
582;0;9500;9574;0;3,95,137,138,139,144,149,225,231,277,288,289,291,298,321,397,404,430,591,607,640,645,647,715,855,948,1062,1118,1293,1390,1419,1474,1481,1521,1587,1671,1675,1756,1814,1915,1916,1920,2091,2317,2337,2339,2631,2643,2652,2663,2884,3527,3610,3808,3861,3870,4161,4552,4632,4650,4753,6386,6399,7296,7333,7334,7335,7336,7337,7683,7713,7716,7720,7721,7743,7744,8396,8826,8827,8828,
584;0;9574;9643;0;3,95,137,138,139,144,149,225,231,277,288,289,291,298,321,397,404,430,591,607,640,645,647,715,855,948,1062,1118,1293,1390,1419,1474,1481,1521,1587,1671,1675,1756,1814,1915,1916,1920,2091,2317,2337,2339,2631,2643,2652,2663,2884,3527,3610,3808,3861,3870,4161,4552,4632,4650,4753,6386,6399,7296,7333,7334,7335,7336,7337,7683,7713,7716,7720,7721,7743,7744,8396,8826,8827,8828,
701;0;9643;9708;0;3,95,137,138,139,144,149,225,231,277,288,289,291,298,321,397,404,430,591,607,640,645,647,715,855,948,1062,1118,1293,1390,1419,1474,1481,1521,1587,1671,1675,1756,1814,1915,1916,1920,2091,2317,2337,2339,2631,2643,2652,2663,2884,3527,3610,3808,3861,3870,4161,4552,4632,4650,4753,6386,6399,7296,7333,7334,7335,7336,7337,7683,7713,7716,7720,7721,7743,7744,8396,8826,8827,8828,
Machine: 3
36;0;0;18;1;2,98,100,144,145,225,245,288,301,314,321,337,343,396,397,400,404,429,666,677,694,715,765,861,949,1116,1121,1236,1293,1417,1474,1478,1481,1486,1521,1661,1680,2174,2225,2318,2419,2461,2476,2611,2626,2628,2643,2650,2661,2691,2903,3269,3598,3797,4210,4259,4412,4439,4459,4460,4478,4479,4480,4481,5525,5633,5722,5723,5868,5869,6022,6023,6225,8094,8095,8096,8097,8098,8099,8100,
36;1;18;25;1;2,98,100,144,145,225,245,288,301,314,321,337,343,396,397,400,404,429,666,677,694,715,765,861,949,1116,1121,1236,1293,1417,1474,1478,1481,1486,1521,1661,1680,2174,2225,2318,2419,2461,2476,2611,2626,2628,2643,2650,2661,2691,2903,3269,3598,3797,4210,4259,4412,4439,4459,4460,4478,4479,4480,4481,5525,5633,5722,5723,5868,5869,6022,6023,6225,8094,8095,8096,8097,8098,8099,8100,
629;0;25;62;1;2,98,100,144,145,225,245,288,301,314,321,337,343,396,397,400,404,429,666,677,694,715,765,861,949,1116,1121,1236,1293,1417,1474,1478,1481,1486,1521,1661,1680,2174,2225,2318,2419,2461,2476,2611,2626,2628,2643,2650,2661,2691,2903,3269,3598,3797,4210,4259,4412,4439,4459,4460,4478,4479,4480,4481,5525,5633,5722,5723,5868,5869,6022,6023,6225,8094,8095,8096,8097,8098,8099,8100,
104;0;62;81;1;2,98,100,118,144,145,225,245,288,301,314,321,337,343,396,397,400,404,429,666,677,694,715,765,861,949,1069,1096,1097,1236,1293,1474,1478,1481,1486,1661,2225,2318,2419,2461,2573,2626,2628,2643,2650,2661,2691,2903,4044,4259,4391,4412,4428,5525,5633,5637,5640,5722,5723,5868,5869,6022,6023,6164,6225,8094,8095,8096,8097,8098,8099,8100,8101,8102,8103,8104,8105,8106,8107,8108,
104;1;81;115;1;2,59,98,100,118,144,145,170,196,221,225,245,288,301,314,321,337,343,396,397,400,404,429,547,666,677,694,715,765,861,949,1069,1096,1097,1236,1280,1293,1474,1478,1481,1486,1541,1661,1936,2031,2225,2318,2414,2419,2461,2573,2626,2628,2643,2650,2661,2691,2903,3347,4044,4259,4391,4412,4428,5525,5633,5637,5640,5722,5723,5868,5869,6022,6023,6164,6225,8094,8095,8096,8097,
589;0;115;170;1;2,59,98,100,118,135,144,145,149,170,196,221,225,245,262,288,301,314,321,337,343,396,397,400,404,429,547,666,677,694,715,765,854,861,949,1069,1093,1096,1097,1118,1134,1236,1280,1293,1361,1474,1478,1481,1486,1502,1541,1661,1670,1936,1973,2031,2225,2318,2414,2419,2461,2573,2626,2628,2643,2650,2661,2691,2903,3347,4033,5525,5637,5640,5722,5723,5868,5869,6022,6412,
54;0;170;230;1;2,24,34,38,54,59,60,98,100,118,135,144,145,149,170,196,221,225,245,262,288,301,314,321,337,343,396,397,400,404,429,547,666,677,694,715,759,765,854,861,949,1069,1093,1096,1097,1118,1134,1236,1280,1293,1361,1474,1478,1481,1486,1502,1541,1661,1723,1936,1973,2225,2318,2419,2512,2626,2628,2643,2661,2903,5525,5637,5640,5722,5723,5868,5869,6022,6686,6687,
54;1;230;251;1;2,24,34,38,54,59,60,98,100,118,135,144,145,149,170,196,221,225,245,262,288,301,314,321,337,343,396,397,400,404,429,547,666,677,694,715,759,765,854,861,949,1069,1093,1096,1097,1118,1134,1236,1280,1293,1361,1474,1478,1481,1486,1502,1541,1661,1723,1936,1973,2225,2318,2419,2512,2626,2628,2643,2661,2903,3204,5525,5637,5640,5722,5723,5868,5869,6022,8111,
179;0;251;258;0;2,15,24,34,38,54,60,66,100,144,145,149,196,202,205,206,221,225,245,262,288,314,321,343,396,397,400,404,429,480,487,503,510,516,547,666,677,715,765,854,949,964,965,1093,1096,1097,1118,1134,1236,1280,1282,1293,1361,1474,1478,1481,1502,1587,1661,1936,1973,2225,2318,2419,2512,2626,2628,2643,2661,2903,3204,4184,5525,5637,5640,5722,5723,5868,5869,6022,
179;1;258;341;0;2,15,24,34,38,54,60,66,100,144,145,149,196,202,205,206,221,225,245,262,288,314,321,343,396,397,400,404,429,480,487,503,510,516,547,666,677,715,765,854,949,964,965,1093,1096,1097,1118,1134,1236,1280,1282,1293,1339,1361,1474,1478,1481,1502,1587,1661,1936,1973,2225,2318,2419,2512,2626,2628,2643,2661,2903,3204,5525,5637,5640,5722,5723,5868,5869,6022,
236;0;341;517;0;2,24,27,34,38,54,60,100,144,145,149,202,205,221,225,245,262,288,314,321,343,396,397,400,404,408,415,426,429,480,487,510,547,567,666,677,715,765,854,949,964,1093,1096,1097,1118,1134,1236,1280,1282,1286,1293,1361,1474,1478,1481,1502,1587,1936,1973,2225,2318,2352,2419,2471,2512,2626,2628,2643,2661,2903,3004,3606,5525,5637,5640,5722,5723,5868,5869,6022,
236;1;517;696;0;2,24,27,34,38,54,60,100,144,145,149,202,205,221,225,245,262,288,314,321,343,395,396,397,400,404,408,415,426,429,480,487,510,547,567,666,677,715,765,854,949,964,1093,1096,1097,1118,1134,1236,1280,1282,1286,1293,1361,1474,1478,1481,1502,1587,1936,1973,2225,2318,2419,2467,2512,2626,2628,2643,2661,2903,3004,3606,5525,5637,5640,5722,5723,5868,5869,6022,
0;0;696;856;0;26,27,61,198,262,400,484,528,544,619,778,1268,1269,1280,1286,1287,1290,1293,1295,1322,1474,1478,1544,1587,1781,1782,1787,1948,1949,1950,1951,1952,1953,1954,1955,1956,1957,1958,1959,1960,1961,1962,1963,1964,1965,1966,1967,1968,1969,2074,2171,2190,2263,2409,3008,3026,3060,3707,3831,3945,4009,4012,4013,4026,4112,4119,4120,4121,4122,4123,4124,4125,4126,4127,4128,4129,4130,4131,4132,6949,
0;1;856;1026;0;26,27,61,198,262,400,484,528,544,619,778,1268,1269,1280,1286,1287,1290,1293,1295,1322,1474,1478,1544,1587,1781,1782,1787,1948,1949,1950,1951,1952,1953,1954,1955,1956,1957,1958,1959,1960,1961,1962,1963,1964,1965,1966,1967,1968,1969,2074,2171,2190,2263,2409,3008,3026,3060,3707,3831,3945,4009,4012,4013,4026,4112,4119,4120,4121,4122,4123,4124,4125,4126,4127,4128,4129,4130,4131,4132,6949,
186;0;1026;1149;0;26,27,61,198,262,400,484,528,544,619,778,1268,1269,1280,1286,1287,1290,1293,1295,1322,1474,1478,1544,1587,1781,1782,1787,1948,1949,1950,1951,1952,1953,1954,1955,1956,1957,1958,1959,1960,1961,1962,1963,1964,1965,1966,1967,1968,1969,2074,2171,2190,2263,2409,3008,3026,3060,3707,3831,3945,4009,4012,4013,4026,4112,4119,4120,4121,4122,4123,4124,4125,4126,4127,4128,4129,4130,4131,4132,6949,
186;1;1149;1313;0;26,27,61,198,262,400,484,528,544,619,778,1268,1269,1280,1286,1287,1290,1293,1295,1322,1474,1478,1544,1587,1781,1782,1787,1948,1949,1950,1951,1952,1953,1954,1955,1956,1957,1958,1959,1960,1961,1962,1963,1964,1965,1966,1967,1968,1969,2074,2171,2190,2263,2409,3008,3026,3060,3707,3831,3945,4009,4012,4013,4026,4112,4119,4120,4121,4122,4123,4124,4125,4126,4127,4128,4129,4130,4131,4132,6949,
97;0;1440;1539;0;26,27,61,198,262,400,457,484,518,528,544,619,778,992,1268,1269,1280,1286,1287,1290,1293,1295,1322,1474,1478,1544,1565,1587,1657,1781,1782,1787,1853,1948,1949,1950,1951,1952,1953,1954,1955,1956,1957,1958,1959,1960,1961,1962,1963,1964,1965,1966,1967,1968,1969,2074,2171,2179,2190,2263,2409,2941,3008,3026,3060,3707,3831,3945,4009,4012,4013,4026,4112,4119,4120,4121,4122,4123,4124,5020,
97;1;1539;1714;0;26,27,61,198,251,262,400,457,484,518,528,544,619,734,778,868,875,992,1268,1269,1280,1286,1287,1290,1293,1295,1322,1474,1478,1544,1565,1587,1657,1781,1782,1787,1853,1948,1949,1950,1951,1952,1953,1954,1955,1956,1957,1958,1959,1960,1961,1962,1963,1964,1965,1966,1967,1968,1969,2074,2171,2179,2190,2263,2273,2309,2310,2311,2312,2313,2314,2315,2316,2409,2941,3008,3026,3707,3831,4112,
117;0;1714;1889;0;26,27,61,95,198,241,251,262,290,390,400,402,457,484,518,528,544,619,644,647,734,778,868,875,992,1268,1269,1280,1286,1287,1290,1293,1295,1322,1474,1478,1544,1565,1587,1657,1781,1782,1787,1853,1948,1949,1950,1951,1952,1953,1954,1955,1956,1957,1958,1959,1960,1961,1962,1963,1964,1965,1966,1967,1968,1969,2074,2103,2171,2179,2190,2263,2273,2309,2941,3008,3707,3831,4112,5594,
117;1;1889;1975;0;26,27,61,95,137,144,148,198,225,234,241,251,262,290,329,390,400,402,457,484,518,528,544,619,640,644,647,734,778,838,868,875,992,1119,1268,1269,1280,1286,1287,1290,1293,1295,1322,1474,1478,1544,1565,1587,1657,1781,1782,1787,1853,1948,1949,1950,1951,1952,1953,1954,1955,1956,1957,1958,1959,1960,1961,1962,1963,1964,1965,1966,2074,2103,2179,2941,3008,3707,3831,4112,
98;0;1975;2089;0;26,27,61,95,100,102,137,144,148,198,225,234,241,251,262,290,329,390,400,402,457,484,518,528,544,591,640,644,647,734,764,838,858,875,1119,1269,1286,1287,1290,1293,1295,1364,1474,1478,1516,1518,1587,1666,1781,1782,1787,2074,2103,2179,2491,2643,2658,2679,2683,2913,2941,2949,2956,3008,3462,3707,3831,4112,4369,4373,4393,4413,4414,4415,4416,4417,4418,4419,4420,4421,
98;1;2089;2227;0;24,26,55,58,100,117,137,144,148,177,198,225,247,251,262,269,377,396,400,499,647,826,875,1266,1267,1282,1285,1287,1289,1290,1292,1293,1295,1473,1481,1538,1781,1782,1787,1897,1916,2151,2221,2418,2420,2537,2827,2836,3403,3609,3691,3703,3706,3842,3852,4435,4442,4468,4545,4620,4956,4957,4958,4959,4960,4961,4962,4963,5274,5392,5471,5510,5998,5999,6014,6244,7332,7889,7964,9017,
51;0;2227;2333;0;24,26,55,58,100,117,137,144,148,177,198,225,247,251,262,269,377,396,400,499,647,826,875,1266,1267,1282,1285,1287,1289,1290,1292,1293,1295,1473,1481,1538,1781,1782,1787,1897,1916,2151,2221,2418,2420,2537,2827,2836,3403,3609,3691,3703,3706,3842,3852,4435,4442,4468,4545,4620,4956,4957,4958,4959,4960,4961,4962,4963,5274,5392,5471,5510,5998,5999,6014,6244,7332,7889,7964,9017,
51;1;2333;2470;0;24,26,55,58,100,117,137,144,148,177,198,225,247,251,262,269,377,396,400,499,647,826,875,1266,1267,1282,1285,1287,1289,1290,1292,1293,1295,1473,1481,1538,1781,1782,1787,1897,1916,2151,2221,2418,2420,2537,2827,2836,3403,3609,3691,3703,3706,3842,3852,4435,4442,4468,4545,4620,4956,4957,4958,4959,4960,4961,4962,4963,5274,5392,5471,5510,5998,5999,6014,6244,7332,7889,7964,9017,
44;0;2470;2632;0;24,26,55,58,100,117,137,144,148,177,198,225,247,251,262,269,377,396,400,499,647,826,875,1266,1267,1282,1285,1287,1289,1290,1292,1293,1295,1473,1481,1538,1781,1782,1787,1897,1916,2151,2221,2418,2420,2537,2827,2836,3403,3609,3691,3703,3706,3842,3852,4435,4442,4468,4545,4620,4956,4957,4958,4959,4960,4961,4962,4963,5274,5392,5471,5510,5998,5999,6014,6244,7332,7889,7964,9017,
44;1;2880;2953;0;3,24,26,55,58,100,117,137,139,144,148,149,177,198,225,247,251,262,269,275,321,377,391,396,400,499,647,826,854,855,875,911,948,1093,1118,1134,1266,1267,1282,1285,1287,1289,1290,1292,1293,1295,1361,1424,1473,1481,1502,1538,1751,1759,1781,1782,1787,1808,1816,1897,1916,2151,2221,2223,2224,2418,2420,2537,2827,2836,2961,3034,3403,3609,3691,3703,4545,4962,5392,5510,
17;0;2953;3019;0;3,24,26,55,58,100,117,137,139,144,148,149,177,198,225,247,251,262,269,275,321,377,391,396,400,499,647,826,854,855,875,911,948,1093,1118,1134,1266,1267,1282,1285,1287,1289,1290,1292,1293,1295,1304,1361,1424,1463,1473,1481,1502,1538,1751,1759,1781,1782,1787,1808,1816,1897,1916,2151,2221,2223,2224,2305,2418,2420,2537,2827,2836,2961,3403,4334,4545,4962,5392,5510,
17;1;3019;3176;0;3,24,26,55,58,100,117,137,139,144,148,149,177,198,225,247,251,262,269,275,321,377,391,396,400,499,647,666,715,826,854,855,862,875,911,948,1093,1118,1134,1266,1267,1282,1285,1287,1289,1290,1293,1361,1424,1463,1481,1482,1483,1759,1781,1782,1787,1816,1916,2052,2221,2468,2475,2678,2836,2903,3403,4365,4545,4962,5392,5510,5525,5637,5722,5868,6022,6311,6312,6313,
224;0;3176;3254;0;1,3,24,26,55,100,117,136,137,139,144,148,149,177,198,225,247,251,262,277,321,377,391,396,400,499,647,715,854,855,875,911,948,1093,1118,1134,1266,1282,1287,1290,1293,1361,1397,1424,1463,1481,1759,1781,1782,1787,1807,1816,1916,2052,2053,2109,2221,2468,2475,2678,2836,3278,3403,4545,4677,4962,5392,5510,5525,5637,5722,5868,6022,6311,6312,6313,6517,6518,6519,6520,
224;1;3254;3391;0;24,26,55,100,137,139,144,149,177,198,225,247,251,262,277,321,377,396,400,529,557,647,715,727,854,855,875,911,948,1118,1134,1282,1287,1288,1290,1293,1424,1463,1481,1577,1775,1776,1777,1778,1779,1780,1781,1782,1783,1784,1785,1786,1787,1788,1789,1790,1791,1792,1793,1794,1795,1807,1816,1916,2052,2221,2468,2475,2678,2836,4545,4962,5525,5637,5722,5868,6022,6311,6312,6313,
208;0;3391;3494;0;24,26,55,100,137,139,144,149,177,225,234,251,262,277,288,295,321,329,377,396,400,404,557,607,647,715,854,855,875,911,948,949,1118,1134,1282,1287,1293,1359,1424,1463,1474,1481,1807,1816,1916,1973,2052,2091,2092,2120,2221,2337,2341,2468,2475,2678,2715,2836,3108,4419,4420,4545,4753,4816,4859,5525,5637,5722,5725,5868,6022,6311,6312,6313,6332,6333,6334,6335,6336,6337,
208;1;3494;3599;0;24,26,55,100,137,139,144,149,177,225,234,251,262,277,288,295,321,329,377,396,400,404,557,607,647,715,854,855,875,911,948,949,1118,1134,1282,1287,1293,1359,1424,1463,1474,1481,1807,1816,1916,1973,2052,2091,2092,2120,2221,2337,2341,2468,2475,2678,2715,2836,3108,4419,4420,4545,4753,4816,4859,5525,5637,5722,5725,5868,6022,6311,6312,6313,6332,6333,6334,6335,6336,6337,
58;0;3599;3654;0;24,26,137,139,144,177,225,234,242,245,262,277,288,291,292,314,329,351,390,395,404,677,895,1058,1117,1230,1481,1522,1669,1726,1768,1816,1884,1973,2221,2253,2465,2600,2635,2645,2653,2678,2679,2774,2775,2778,2780,2816,2836,2892,2950,3263,4018,4564,4568,4604,4605,4606,4612,4634,4740,4759,4800,4805,5043,5230,5528,5890,5891,5892,5893,5894,5895,5896,5897,5898,5899,5900,5901,6045,
58;1;3654;3805;0;24,26,137,139,144,177,225,234,242,245,262,277,288,291,292,314,329,351,390,395,404,677,895,1058,1117,1230,1481,1522,1669,1726,1768,1816,1884,1973,2221,2253,2465,2600,2635,2645,2653,2678,2679,2774,2775,2778,2780,2816,2836,2892,2950,3263,4018,4564,4568,4604,4605,4606,4612,4634,4740,4759,4800,4805,5043,5230,5528,5890,5891,5892,5893,5894,5895,5896,5897,5898,5899,5900,5901,6045,
146;0;3805;3974;0;24,26,137,139,144,177,225,234,242,245,262,277,288,291,292,314,329,351,390,395,404,677,895,1058,1117,1230,1481,1522,1669,1726,1768,1816,1884,1973,2221,2253,2465,2600,2635,2645,2653,2678,2679,2774,2775,2778,2780,2816,2836,2892,2950,3263,4018,4564,4568,4604,4605,4606,4612,4634,4740,4759,4800,4805,5043,5230,5528,5890,5891,5892,5893,5894,5895,5896,5897,5898,5899,5900,5901,6045,
146;1;4320;4352;0;24,26,137,139,144,177,178,179,183,184,225,234,242,245,262,272,277,288,291,292,302,304,305,311,314,323,329,351,384,390,395,404,677,895,1058,1117,1128,1129,1130,1131,1230,1481,1522,1669,1726,1768,1816,1884,1973,2221,2253,2465,2600,2635,2645,2653,2678,2679,2774,2775,2778,2780,2816,2836,2892,2950,3263,4018,4564,4568,4604,4605,4606,4612,4740,4759,5230,5528,5897,5901,
138;0;4352;4416;0;24,26,137,139,144,177,178,179,183,184,225,234,242,245,262,272,277,288,291,292,302,304,305,311,314,323,329,351,384,390,395,404,677,787,790,895,995,1058,1117,1128,1129,1130,1131,1230,1481,1589,1669,1726,1973,1980,2036,2221,2567,2645,2678,2679,2774,2775,2778,2836,3263,4003,4103,4114,4167,4168,4169,4170,4171,4172,4604,4605,4606,4612,4740,4759,5230,5528,5897,5901,
138;1;4416;4548;0;24,26,137,139,144,177,178,179,183,184,225,234,242,245,262,272,277,288,291,292,302,304,305,311,314,323,329,351,384,390,395,404,580,677,787,790,895,995,1058,1117,1128,1129,1130,1131,1230,1329,1481,1512,1589,1669,1726,1973,1980,2036,2221,2240,2407,2567,2645,2678,2679,2774,2775,2778,2836,3263,3702,4003,4103,4114,4604,4605,4606,4612,4740,4759,5230,5528,5897,5901,
22;0;4548;4679;0;24,26,137,139,144,177,178,179,183,184,225,234,242,245,262,272,277,288,291,292,302,304,305,311,314,323,329,351,384,390,395,404,580,677,787,790,895,995,1058,1117,1128,1129,1130,1131,1230,1329,1481,1512,1589,1669,1726,1973,1980,2036,2221,2645,2678,2679,2774,2775,2777,2778,2836,3263,4604,4605,4606,4607,4612,4627,4740,4759,4857,5230,5329,5528,5897,5901,6361,7272,
22;1;4679;4739;0;24,26,95,97,137,139,144,177,178,225,234,245,262,267,268,272,273,277,287,288,291,292,302,305,314,329,351,390,395,404,677,838,892,912,1058,1117,1131,1166,1200,1481,1493,1513,1669,1728,1729,1812,1973,2036,2365,2371,2405,2645,2678,2679,2774,2775,2777,2778,3000,3263,3436,3437,3438,3439,3440,3441,3442,3443,3444,3445,4604,4605,4606,4612,4740,4759,5230,5528,5897,5901,
184;0;4739;4888;0;17,24,26,40,46,74,95,97,137,139,144,177,178,202,225,234,245,262,267,268,272,273,277,287,288,291,292,302,305,314,329,351,359,390,395,404,677,838,892,912,1058,1117,1131,1166,1200,1277,1481,1493,1513,1669,1728,1729,1812,1973,2036,2163,2365,2645,2678,2679,2774,2775,2777,2778,2968,3056,3263,4109,4117,4118,4604,4605,4606,4612,4740,4759,5230,5528,5897,5901,
184;1;4888;4922;0;17,24,26,40,46,74,95,97,137,139,144,177,178,202,225,234,245,262,267,268,272,273,277,287,288,291,292,302,305,314,329,351,359,390,395,404,677,838,892,912,1058,1117,1131,1166,1200,1277,1481,1493,1513,1669,1728,1973,2036,2163,2645,2678,2679,2774,2775,2777,2778,3263,4604,4605,4606,4612,4740,4759,5230,5528,5529,5897,5901,8143,8190,8194,8195,8196,8197,8198,
56;0;4922;4927;0;17,24,26,40,46,74,95,97,137,139,144,177,178,202,225,226,234,245,262,267,268,272,273,277,287,288,291,292,302,305,314,329,351,359,390,395,404,429,640,677,838,892,912,948,1058,1117,1131,1166,1277,1424,1476,1481,1493,1669,1973,2036,2163,2645,2678,2679,2774,2775,2777,2778,3263,4536,4545,4575,4604,4605,4606,4612,4683,4740,4759,4793,5230,5528,5897,5901,
56;1;4927;5099;0;24,95,100,137,144,225,232,276,288,290,291,299,343,376,377,390,395,429,591,596,640,647,677,682,715,1054,1058,1117,1118,1119,1445,1481,1674,1763,1843,1919,2036,2052,2366,2627,2628,2645,2661,2687,2692,2777,2778,3447,3516,4088,4388,4603,4605,4759,4760,4761,4834,5011,5229,5230,5231,5232,5233,5234,5235,5511,5516,5525,5528,5537,5589,5590,5722,5723,5724,5725,5726,5727,5728,5729,
799;0;5099;5274;0;24,95,100,137,144,225,232,276,288,290,291,299,343,376,377,390,395,429,591,596,640,647,677,682,715,1054,1058,1117,1118,1119,1445,1481,1674,1763,1843,1919,2036,2052,2366,2627,2628,2645,2661,2687,2692,2777,2778,3447,3516,4088,4388,4603,4605,4759,4760,4761,4834,5011,5229,5230,5231,5232,5233,5234,5235,5511,5516,5525,5528,5537,5589,5590,5722,5723,5724,5725,5726,5727,5728,5729,
222;0;5274;5443;0;24,95,100,137,144,225,232,276,288,290,291,299,343,376,377,390,395,429,591,596,640,647,677,682,715,1054,1058,1117,1118,1119,1445,1481,1674,1763,1843,1919,2036,2052,2366,2627,2628,2645,2661,2687,2692,2777,2778,3447,3516,4088,4388,4603,4605,4759,4760,4761,4834,5011,5229,5230,5231,5232,5233,5234,5235,5511,5516,5525,5528,5537,5589,5590,5722,5723,5724,5725,5726,5727,5728,5729,
222;1;5760;5764;0;24,27,28,30,95,100,137,144,155,169,225,232,251,276,288,290,291,299,343,376,377,390,395,407,408,415,427,429,504,510,591,596,640,647,677,682,715,748,1054,1058,1117,1118,1119,1162,1196,1481,1580,1674,1763,1849,2036,2052,2074,2179,2285,2628,2645,2661,2687,2692,2777,2778,3003,3004,3005,3006,3007,3008,3009,3010,3447,4603,4605,5011,5511,5516,5525,5722,5723,5725,
246;0;5764;5823;0;24,27,28,30,95,100,137,144,155,169,225,231,232,241,251,276,288,290,291,299,343,376,377,390,395,407,408,415,427,429,504,510,591,596,640,647,677,682,715,748,1054,1058,1117,1118,1119,1162,1196,1478,1480,1481,1580,1674,1763,1849,2036,2052,2074,2179,2285,2628,2645,2661,2687,2692,2777,2778,3003,3004,3005,3006,3447,4603,4605,5011,5511,5516,5525,5722,5723,5725,
246;1;5823;5936;0;18,24,27,28,30,34,38,51,95,100,137,144,155,169,225,231,232,241,251,276,288,290,291,299,343,376,377,390,395,407,408,415,427,429,504,549,573,591,596,640,647,677,715,968,1054,1058,1117,1118,1196,1478,1480,1481,1580,1674,1763,2027,2036,2052,2074,2285,2628,2645,2661,2687,2692,2777,2778,3003,3005,3314,3447,4603,4605,5011,5511,5516,5525,5722,5723,5725,
216;0;5936;6067;0;18,24,27,28,30,34,38,51,60,95,100,137,144,155,169,225,231,232,241,251,256,276,288,290,291,299,343,390,395,427,429,504,555,573,591,596,640,647,655,677,715,968,971,987,1054,1058,1117,1118,1196,1478,1480,1481,1580,1674,1763,2036,2052,2074,2285,2628,2645,2661,2687,2692,2777,2778,3003,3005,3396,3447,4603,4605,5011,5511,5516,5525,5722,5723,5725,7831,
216;1;6067;6104;0;7,8,18,24,27,28,30,34,38,60,95,100,137,144,225,231,241,251,276,288,290,291,390,392,394,395,398,427,429,504,573,591,596,640,647,677,715,968,987,1049,1050,1051,1052,1053,1054,1057,1058,1059,1117,1118,1196,1478,1480,1481,1580,1674,1763,2052,2074,2285,2628,2645,2661,2687,2692,2777,2778,3003,3005,3396,3447,4603,4605,5011,5511,5516,5525,5722,5723,5725,
795;0;6104;6270;0;7,8,18,24,27,28,30,34,38,60,95,100,137,144,225,231,241,251,271,276,288,290,291,390,392,394,395,398,427,429,504,573,591,596,640,645,647,648,677,715,968,987,1050,1051,1053,1054,1117,1118,1196,1474,1478,1480,1481,1580,1674,1763,2052,2074,2285,2628,2645,2661,2687,2692,2777,2778,2891,3003,3005,3396,3447,4603,4605,5011,5511,5516,5525,5722,5723,5725,
522;0;6270;6433;0;7,8,24,26,27,28,60,95,100,137,144,225,231,241,251,255,276,288,290,291,390,394,395,398,427,429,504,528,573,591,596,640,647,677,715,968,987,1050,1051,1053,1054,1117,1118,1196,1278,1286,1287,1291,1293,1474,1478,1480,1481,1580,1674,1763,2052,2074,2285,2419,2628,2645,2661,2692,2777,2778,3003,3005,3447,4603,4605,5011,5316,5511,5516,5525,5722,5723,5725,7035,
163;0;6433;6584;0;7,26,60,95,100,102,144,225,231,290,390,395,438,504,591,609,640,677,715,931,1050,1051,1053,1196,1293,1390,1476,1481,1531,1580,1669,2052,2074,2092,2132,2337,2475,2626,2628,2638,2645,2651,2661,2708,2774,2775,2778,3003,3099,3136,3263,3651,3970,4600,4603,4740,4791,5053,5340,5525,5538,5637,5722,5723,5869,5901,6022,6024,6311,6312,6313,6475,6723,6724,6725,7372,7403,7404,7405,7406,
163;1;6584;6589;0;7,26,60,95,100,102,144,225,231,290,390,395,438,504,591,609,640,677,715,931,1050,1051,1053,1196,1293,1390,1476,1481,1531,1580,1669,2052,2074,2092,2132,2337,2475,2626,2628,2638,2645,2651,2661,2708,2774,2775,2778,3003,3099,3136,3263,3651,3970,4600,4603,4740,4791,5053,5340,5525,5538,5637,5722,5723,5869,5901,6022,6024,6311,6312,6313,6475,6723,6724,6725,7372,7403,7404,7405,7406,
781;0;6589;6743;0;7,26,60,95,100,102,144,225,231,290,390,395,438,504,591,609,640,677,715,931,1050,1051,1053,1196,1293,1390,1476,1481,1531,1580,1669,2052,2074,2092,2132,2337,2475,2626,2628,2638,2645,2651,2661,2708,2774,2775,2778,3003,3099,3136,3263,3651,3970,4600,4603,4740,4791,5053,5340,5525,5538,5637,5722,5723,5869,5901,6022,6024,6311,6312,6313,6475,6723,6724,6725,7372,7403,7404,7405,7406,
559;0;7200;7350;0;7,26,60,95,100,102,144,225,231,290,390,395,438,504,591,609,640,677,715,931,1050,1051,1053,1196,1293,1390,1476,1481,1531,1580,1669,2052,2074,2092,2132,2337,2628,2638,2645,2651,2661,2774,2775,2778,3003,3099,3263,3474,3679,4600,4603,4740,5525,5637,5722,5723,5869,5953,5960,5962,5964,5987,5991,5992,6011,6022,6024,6552,6741,6886,6926,6932,6936,7075,7076,7077,7078,7079,7080,7081,
512;0;7350;7499;0;7,26,60,95,100,102,144,225,231,290,390,395,438,504,591,609,640,677,715,814,827,931,1050,1051,1053,1096,1097,1196,1293,1390,1476,1481,1531,1580,1669,2052,2074,2092,2132,2468,2628,2638,2644,2645,2651,2661,2690,2774,2775,2778,3003,3099,3263,3679,4600,4603,4740,5525,5530,5637,5640,5722,5723,5868,5869,5953,5962,5964,5987,5991,5992,6022,6024,6025,6099,6496,6561,6562,6563,6564,
755;0;7499;7646;0;7,26,60,95,100,126,144,185,186,189,221,225,231,290,390,395,410,450,497,504,591,640,677,715,739,754,784,1050,1051,1053,1196,1293,1336,1423,1425,1434,1440,1463,1476,1481,1580,1669,2052,2074,2628,2651,2661,2774,2775,2778,2896,3003,3099,3263,3416,3679,3774,3870,3876,3908,4104,4600,4603,4740,5525,5530,5723,5862,5868,5869,5953,5962,5964,5987,5991,5992,6022,7251,8037,8342,
105;0;7646;7692;0;7,26,60,95,100,126,144,185,186,189,221,225,231,290,390,395,410,450,497,504,591,640,677,715,739,754,784,1050,1051,1053,1196,1293,1336,1423,1425,1434,1440,1463,1476,1481,1580,1669,2052,2628,2651,2661,2774,2775,2778,3003,3099,3263,3679,3774,3870,3908,4600,4603,4740,5525,5530,5723,5868,5869,5953,5962,5964,5987,5991,5992,6022,6360,7510,8219,8373,8374,8375,8376,8377,8378,
105;1;7692;7790;0;7,26,60,95,100,126,144,185,186,189,221,225,231,290,390,395,410,450,497,504,591,640,677,715,739,754,784,1050,1051,1053,1196,1293,1336,1423,1425,1434,1440,1463,1476,1481,1580,1669,2052,2628,2651,2661,2774,2775,2778,2851,2852,2853,2854,2855,3003,3099,3263,3679,3774,3870,3908,4600,4603,4740,5525,5530,5723,5868,5869,5953,5962,5964,5987,5991,5992,6022,6360,7510,8219,8373,
52;0;7790;7909;0;7,26,55,60,95,100,126,144,185,186,189,205,221,225,231,290,390,395,410,450,497,504,591,640,659,677,715,739,754,784,1050,1051,1053,1196,1282,1293,1336,1423,1476,1481,1580,1605,1669,1999,2052,2157,2628,2651,2661,2774,2775,2778,2854,2855,3003,3099,3263,3345,3349,3679,3774,3855,3870,3908,4600,4603,4740,5525,5530,5723,5868,5869,5953,5962,5964,5987,5991,5992,6022,6360,
52;1;7909;7932;0;4,54,76,100,144,149,202,225,243,277,293,295,297,321,390,395,396,397,474,487,504,506,640,658,677,715,722,756,834,854,855,858,871,875,911,948,1051,1053,1089,1145,1146,1362,1367,1481,1558,1580,1582,1735,1814,1936,1994,2052,2105,2163,2230,2306,2510,2628,2661,3003,3022,3511,3527,3532,3745,3864,4287,4633,4949,5116,5343,5404,5405,5525,5530,5551,5868,8487,9000,9010,
503;0;7932;8069;0;4,54,76,100,144,149,202,225,243,277,293,295,297,321,390,395,396,397,474,487,504,506,640,658,677,715,722,756,834,854,855,858,871,875,911,948,1051,1053,1089,1145,1146,1362,1367,1481,1558,1580,1582,1735,1814,1936,1994,2052,2105,2163,2230,2306,2510,2628,2661,3003,3022,3511,3527,3532,3745,3864,4287,4633,4949,5116,5343,5404,5405,5525,5530,5551,5868,8487,9000,9010,
797;0;8069;8200;0;4,54,76,100,144,149,202,225,243,277,293,295,297,321,390,395,396,397,474,487,504,506,640,658,677,715,722,756,834,854,855,858,871,875,911,948,1051,1053,1089,1145,1146,1362,1367,1481,1558,1580,1582,1735,1814,1936,1994,2052,2105,2163,2230,2306,2510,2628,2661,3003,3022,3511,3527,3532,3745,3864,4287,4633,4949,5116,5343,5404,5405,5525,5530,5551,5868,8487,9000,9010,
611;0;8200;8331;0;4,54,76,100,144,149,202,225,243,277,293,295,297,321,390,395,396,397,474,487,504,506,640,658,677,715,722,756,834,854,855,858,871,875,911,948,1051,1053,1089,1145,1146,1362,1367,1481,1558,1580,1582,1735,1814,1936,1994,2052,2105,2163,2230,2306,2510,2628,2661,3003,3022,3511,3527,3532,3745,3864,4287,4633,4949,5116,5343,5404,5405,5525,5530,5551,5868,8487,9000,9010,
66;0;8331;8407;0;4,54,76,100,144,149,202,225,243,277,293,295,297,321,390,395,396,397,474,487,504,506,640,658,677,715,722,756,834,854,855,858,871,875,911,948,1051,1053,1089,1145,1146,1362,1367,1481,1558,1580,1582,1735,1814,1936,1994,2052,2105,2163,2230,2306,2510,2628,2661,3003,3022,3511,3527,3532,3745,3864,4287,4633,4949,5116,5343,5404,5405,5525,5530,5551,5868,8487,9000,9010,
66;1;8407;8457;0;4,54,76,100,144,149,202,225,243,277,293,295,297,321,390,395,396,397,474,487,504,506,640,658,677,715,722,756,834,854,855,858,871,875,911,948,1051,1053,1089,1145,1146,1362,1367,1481,1558,1580,1582,1735,1814,1936,1994,2052,2105,2163,2230,2306,2510,2628,2661,3003,3022,3511,3527,3532,3745,3864,4287,4633,4949,5116,5343,5404,5405,5525,5530,5551,5868,8487,9000,9010,
579;0;8457;8579;0;4,54,76,100,144,149,202,225,243,277,293,295,297,321,390,395,396,397,474,487,504,506,640,658,677,715,722,756,834,854,855,858,871,875,911,948,1051,1053,1089,1145,1146,1362,1367,1481,1558,1580,1582,1735,1814,1936,1994,2052,2105,2163,2230,2306,2510,2628,2661,3003,3022,3511,3527,3532,3745,3864,4287,4633,4949,5116,5343,5404,5405,5525,5530,5551,5868,8487,9000,9010,
707;0;8640;8754;0;4,54,76,95,100,144,149,202,225,243,277,292,293,295,297,321,390,395,396,397,474,487,504,506,640,658,677,715,722,756,834,854,855,858,871,875,911,947,948,1051,1053,1089,1145,1146,1362,1367,1450,1481,1558,1580,1814,1936,2052,2225,2306,2318,2510,2536,2602,2628,2661,2678,2951,2962,3022,3527,3531,5458,5525,5530,5532,5534,5723,5865,5866,5867,5868,5869,5870,5871,
719;0;8754;8865;0;4,54,76,95,100,144,149,177,181,202,225,243,262,267,268,272,277,286,292,293,295,297,302,305,306,308,310,313,314,321,390,395,396,397,474,487,504,506,640,658,677,715,722,756,834,854,855,858,871,875,911,947,948,1051,1053,1089,1131,1145,1146,1236,1362,1367,1430,1450,1481,1558,1676,1814,1936,2052,2306,2318,2510,2536,2661,2678,3022,3527,3531,5525,
107;0;8865;8942;0;4,54,76,95,100,144,149,177,181,202,225,243,262,267,268,272,277,286,292,293,295,297,302,305,306,308,310,313,314,321,390,395,396,397,474,487,490,504,506,557,640,658,677,715,722,756,834,854,855,858,871,875,911,947,948,1051,1053,1089,1131,1145,1146,1236,1362,1430,1481,1676,1814,1936,2052,2306,2318,2510,2536,2661,2678,3022,3527,3531,3831,5525,
107;1;8942;8975;0;4,26,54,76,95,100,144,149,156,177,181,202,225,243,262,267,268,272,277,286,292,293,295,297,302,305,306,308,310,313,314,321,390,395,396,397,474,487,490,504,506,640,658,677,715,756,854,855,948,1051,1053,1089,1145,1146,1236,1362,1430,1481,1676,1814,1936,2052,2177,2306,2318,2510,2536,2661,2678,2941,3022,3527,3531,3988,4462,5525,6015,6706,7370,7371,
706;0;8975;9080;0;4,7,26,54,76,95,100,144,149,156,177,178,181,202,225,243,262,267,268,272,277,286,292,293,295,297,302,305,306,308,310,313,314,321,390,395,396,397,474,487,504,640,658,677,715,756,854,855,948,1027,1048,1051,1053,1089,1145,1146,1236,1362,1430,1481,1676,1807,1814,1936,1942,1943,1945,1979,2052,2306,2318,2510,2536,2661,2678,2941,3022,3527,3531,5525,
241;0;9080;9127;0;26,95,100,144,149,225,243,262,267,268,272,277,286,292,314,321,390,395,396,504,591,640,658,677,704,715,854,855,948,1051,1134,1145,1146,1343,1362,1481,1539,1814,1936,2052,2306,2318,2340,2492,2536,2642,2658,2661,2678,2692,2723,2778,2783,3263,3531,4603,4604,4612,4613,4617,4629,4740,5406,5525,5873,6595,6749,6750,6751,7225,8147,8148,8149,8150,8151,8152,8153,8154,8155,8156,
241;1;9127;9183;0;26,95,100,144,149,225,243,262,267,268,272,277,286,290,292,314,321,390,395,396,429,504,591,640,647,658,677,704,715,854,855,948,1051,1054,1134,1145,1146,1343,1362,1478,1481,1539,1814,1936,2052,2306,2318,2340,2492,2536,2642,2658,2661,2678,2692,2723,2778,2783,3263,3531,4603,4604,4612,4613,4617,4629,4740,5406,5516,5525,5596,5873,6595,6749,6750,6751,7225,8147,8148,8149,
599;0;9183;9284;0;26,95,100,144,149,225,243,262,267,268,272,277,286,290,292,314,321,390,395,396,429,504,591,598,640,647,658,677,704,715,854,855,948,1051,1054,1087,1134,1145,1146,1262,1293,1343,1362,1478,1481,1539,1814,1936,2052,2157,2220,2306,2318,2340,2492,2536,2642,2658,2661,2678,2692,2723,2778,2783,3263,3531,3707,4603,4604,4612,4613,4617,4913,5091,5516,5525,5681,5703,5949,5995,
185;0;9284;9345;0;26,95,100,144,225,243,262,267,268,272,277,286,292,314,321,395,429,504,640,658,677,704,715,948,1293,1478,1481,1936,2052,2306,2318,2536,2642,2661,2678,2778,3263,3310,3312,3472,3531,3684,3686,5525,5951,5952,5953,5954,5955,5957,5958,5959,5962,5963,5964,5965,5966,5968,5970,5975,5976,5978,5979,5980,5984,5985,5986,5987,5988,5991,5992,6375,6376,6377,6378,6379,6380,6381,6382,6383,
185;1;9345;9382;0;26,61,89,93,94,95,100,117,144,157,225,248,251,262,292,321,395,457,528,640,658,715,848,1283,1293,1478,1481,1488,1516,1527,1529,1851,1916,2052,2091,2318,2415,2416,2536,2642,2661,2678,2679,2680,2682,2778,3263,3291,3619,3802,4608,4647,4840,4841,4962,5392,5511,5525,5713,6400,6597,7217,7296,7299,7319,7459,7460,7461,7462,7463,7464,7465,8415,9076,9077,9078,9079,9080,9081,9082,
695;0;9382;9478;0;26,61,89,93,94,95,100,117,144,157,225,248,251,262,292,321,395,457,528,640,658,715,848,1283,1293,1478,1481,1488,1516,1527,1529,1851,1916,2052,2091,2318,2415,2416,2536,2642,2661,2678,2679,2680,2682,2778,3263,3291,3619,3802,4608,4647,4840,4841,4962,5392,5511,5525,5713,6400,6597,7217,7296,7299,7319,7459,7460,7461,7462,7463,7464,7465,8415,9076,9077,9078,9079,9080,9081,9082,
710;0;9478;9573;0;26,61,89,93,94,95,100,117,144,157,225,248,251,262,292,321,395,457,528,640,658,715,848,1283,1293,1478,1481,1488,1516,1527,1529,1851,1916,2052,2091,2318,2415,2416,2536,2642,2661,2678,2679,2680,2682,2778,3263,3291,3619,3802,4608,4647,4840,4841,4962,5392,5511,5525,5713,6400,6597,7217,7296,7299,7319,7459,7460,7461,7462,7463,7464,7465,8415,9076,9077,9078,9079,9080,9081,9082,
771;0;9573;9662;0;26,61,89,93,94,95,100,117,144,157,225,248,251,262,292,321,395,457,528,640,658,715,848,1283,1293,1478,1481,1488,1516,1527,1529,1851,1916,2052,2091,2318,2415,2416,2536,2642,2661,2678,2679,2680,2682,2778,3263,3291,3619,3802,4608,4647,4840,4841,4962,5392,5511,5525,5713,6400,6597,7217,7296,7299,7319,7459,7460,7461,7462,7463,7464,7465,8415,9076,9077,9078,9079,9080,9081,9082,
641;0;9662;9746;0;26,61,89,93,94,95,100,117,144,157,225,248,251,262,292,321,395,457,528,640,658,715,848,1283,1293,1478,1481,1488,1516,1527,1529,1851,1916,2052,2091,2318,2415,2416,2536,2642,2661,2678,2679,2680,2682,2778,3263,3291,3619,3802,4608,4647,4840,4841,4962,5392,5511,5525,5713,6400,6597,7217,7296,7299,7319,7459,7460,7461,7462,7463,7464,7465,8415,9076,9077,9078,9079,9080,9081,9082,
Machine: 4
569;0;0;4;1;4,24,27,38,61,63,95,144,149,205,228,233,262,266,284,398,430,528,644,659,770,827,833,836,858,1046,1054,1093,1214,1293,1294,1407,1425,1478,1515,1516,1518,1519,1520,1521,1522,1541,1558,1580,1596,1604,1670,1723,1811,1897,1935,2022,2149,2221,2315,2444,3126,3314,3345,3574,3778,4093,4230,4313,4317,4436,4437,4482,4483,4484,4485,4486,5212,5213,8261,8467,8471,8472,8473,8474,
724;0;4;21;1;4,24,27,38,61,63,95,144,149,205,228,233,262,266,284,398,430,528,644,659,770,827,833,836,858,1046,1054,1093,1214,1293,1294,1407,1425,1478,1515,1516,1518,1519,1520,1521,1522,1541,1558,1580,1596,1604,1670,1723,1811,1897,1935,2022,2149,2221,2315,2444,3126,3314,3345,3574,3778,4093,4230,4313,4317,4436,4437,4482,4483,4484,4485,4486,5212,5213,8261,8467,8471,8472,8473,8474,
550;0;21;51;1;4,24,27,38,61,63,95,144,149,205,228,233,262,266,284,398,430,528,644,659,770,827,833,836,858,1046,1054,1093,1214,1293,1294,1407,1425,1478,1515,1516,1518,1519,1520,1521,1522,1541,1558,1580,1596,1604,1670,1723,1811,1897,1935,2022,2149,2221,2315,2444,3126,3314,3345,3574,3778,4093,4230,4313,4317,4436,4437,4482,4483,4484,4485,4486,5212,5213,8261,8467,8471,8472,8473,8474,
625;0;51;85;1;4,24,27,38,61,63,95,144,149,205,228,233,262,266,284,398,430,528,644,659,770,827,833,836,858,1046,1054,1093,1214,1293,1294,1407,1425,1478,1515,1516,1518,1519,1520,1521,1522,1541,1558,1580,1596,1604,1670,1723,1811,1897,1935,2022,2149,2221,2315,2444,3126,3314,3345,3574,3778,4093,4230,4313,4317,4436,4437,4482,4483,4484,4485,4486,5212,5213,8261,8467,8471,8472,8473,8474,
116;0;85;122;1;4,24,27,38,61,63,95,144,149,205,228,233,262,266,284,398,430,528,644,659,770,827,833,836,858,1046,1054,1093,1214,1293,1294,1407,1425,1478,1515,1516,1518,1519,1520,1521,1522,1541,1558,1580,1596,1604,1670,1723,1811,1897,1935,2022,2149,2221,2315,2444,3126,3314,3345,3574,3778,4093,4230,4313,4317,4436,4437,4482,4483,4484,4485,4486,5212,5213,8261,8467,8471,8472,8473,8474,
116;1;122;140;1;4,24,27,38,61,63,95,144,149,205,228,233,262,266,284,398,430,528,644,659,770,827,833,836,858,1046,1054,1093,1214,1293,1294,1407,1425,1478,1515,1516,1518,1519,1520,1521,1522,1541,1558,1580,1596,1604,1670,1723,1811,1897,1935,2022,2149,2221,2315,2444,3126,3314,3345,3574,3778,4093,4230,4313,4317,4436,4437,4482,4483,4484,4485,4486,5212,5213,8261,8467,8471,8472,8473,8474,
67;0;140;182;1;4,24,27,38,61,63,87,89,90,95,144,149,205,228,233,262,266,284,398,430,528,644,659,764,768,770,827,833,836,858,862,1046,1054,1093,1214,1293,1294,1407,1425,1478,1515,1516,1518,1519,1520,1521,1522,1526,1527,1528,1529,1541,1558,1580,1596,1604,1670,1723,1811,1897,1935,2022,2149,2221,2315,2444,3126,3314,3345,3574,3778,4093,4230,4313,4317,4436,4437,4482,4483,4484,
67;1;182;200;1;4,24,27,38,61,89,90,95,100,144,149,205,233,262,266,343,398,430,528,644,666,677,694,715,764,768,770,827,833,836,858,862,1046,1054,1093,1214,1293,1294,1309,1407,1478,1481,1519,1528,1529,1541,1558,1580,1670,1811,1843,1935,2315,2444,2628,2651,2679,2821,2955,3015,3126,3345,3778,4093,4313,4317,4369,5525,5637,5859,6023,6024,6225,6449,6450,6451,6452,6453,6454,6455,
727;0;200;284;1;4,24,27,38,61,89,90,95,100,144,149,205,233,262,266,398,430,528,644,677,694,715,764,770,827,833,1054,1093,1214,1293,1294,1309,1407,1478,1481,1519,1528,1529,1541,1558,1580,1670,1811,1843,1935,2315,2444,2628,2651,2679,2821,3126,3182,3183,3210,3345,3483,3484,3485,3486,3488,3489,3490,3491,3492,3493,3494,3496,3497,3498,3499,3659,3660,3778,4093,4313,4317,5525,5637,6023,
529;0;284;373;1;4,24,27,38,61,89,90,95,100,144,149,205,233,249,262,266,398,430,528,644,655,662,677,694,715,764,770,827,833,1054,1093,1214,1293,1294,1309,1407,1478,1481,1519,1528,1529,1541,1558,1580,1670,1811,1843,1935,2315,2444,2512,2628,2651,2679,2821,3126,3182,3183,3210,3345,3483,3484,3485,3486,3488,3489,3490,3491,3492,3493,3494,3496,3577,3778,4093,4313,4317,5525,5637,6023,
789;0;373;463;1;4,24,27,38,61,89,90,95,100,144,149,205,225,231,233,249,262,266,288,398,430,528,573,640,644,655,662,677,694,715,764,770,827,833,1054,1093,1214,1293,1294,1309,1398,1401,1407,1474,1477,1478,1480,1481,1519,1528,1529,1541,1558,1580,1670,1811,1843,1935,2315,2444,2512,2628,2651,2679,2821,3126,3182,3183,3210,3345,3488,3577,3778,4093,4313,4317,4390,5525,5637,6023,
212;0;463;477;1;24,117,138,144,145,148,225,226,229,230,234,241,244,267,268,272,273,275,285,286,287,288,290,291,292,351,379,382,404,429,430,609,644,715,815,827,833,1075,1118,1236,1309,1395,1398,1447,1478,1502,1671,1718,1732,1914,1973,2091,2246,2337,2378,2391,2436,2674,2821,3016,3099,3100,3101,3102,3103,3104,3105,3106,3107,3108,3109,3110,3111,3112,3113,3114,3115,3116,3117,3126,
212;1;477;578;1;24,117,138,144,145,148,225,226,229,230,234,241,244,267,268,272,273,275,287,288,289,290,291,351,379,382,404,429,430,609,644,715,815,827,833,1019,1118,1398,1447,1478,1502,1671,1914,1973,2091,2225,2318,2337,2378,2391,2405,2625,2634,2640,2642,2652,2657,2663,2680,2686,2691,2821,3099,3126,7188,7212,7296,7299,7308,7316,8415,8432,8799,8801,8803,8804,8806,8808,8809,8810,
115;0;578;681;1;24,117,138,144,145,148,225,234,241,244,267,268,272,273,275,288,289,290,291,351,379,382,391,399,404,429,644,649,715,720,815,827,833,1118,1233,1398,1476,1478,1502,1671,1803,1808,1914,1973,2053,2091,2109,2134,2337,2391,2657,2691,2821,2822,2926,3099,3126,3278,4677,4748,4832,4889,4927,4929,4939,5236,5237,5238,5239,5240,5241,5242,5243,5244,5245,5246,5247,5248,5249,7316,
115;1;681;717;1;20,24,74,117,138,144,145,148,225,234,241,244,267,268,272,273,275,288,289,290,291,351,379,382,391,399,404,429,644,649,715,720,815,827,833,1118,1233,1398,1476,1478,1502,1671,1803,1808,1914,1973,2053,2091,2109,2134,2337,2391,2657,2691,2821,2822,2926,3099,3126,3278,3979,4677,4748,4832,4889,4927,4929,4939,5236,5237,5238,5239,5240,5241,5242,5243,5244,5248,7316,7950,
601;0;717;861;1;24,88,97,139,143,144,145,148,197,262,275,277,288,289,291,298,321,351,379,397,399,429,435,466,647,715,767,773,815,826,827,912,1118,1146,1167,1267,1341,1354,1476,1530,1726,1781,1843,1914,1915,2053,2197,2247,2668,2714,2806,2822,2898,2988,3036,3037,3410,3774,4093,4487,4488,4500,5471,5682,5738,5742,5792,5793,5794,6098,6099,7217,7423,7671,8129,8493,8494,8495,8836,8838,
714;0;861;1011;1;24,88,97,139,143,144,145,148,197,262,275,277,288,289,291,298,321,351,379,397,399,429,435,466,647,715,767,773,815,826,827,912,1118,1146,1167,1267,1341,1354,1476,1530,1726,1781,1843,1914,1915,2053,2197,2247,2668,2714,2806,2822,2898,2988,3036,3037,3410,3774,4093,4487,4488,4500,5471,5682,5738,5742,5792,5793,5794,6098,6099,7217,7423,7671,8129,8493,8494,8495,8836,8838,
705;0;1011;1161;1;24,88,97,139,143,144,145,148,197,262,275,277,288,289,291,298,321,351,379,397,399,429,435,466,647,715,767,773,815,826,827,912,1118,1146,1167,1267,1341,1354,1476,1530,1726,1781,1843,1914,1915,2053,2197,2247,2668,2714,2806,2822,2898,2988,3036,3037,3410,3774,4093,4487,4488,4500,5471,5682,5738,5742,5792,5793,5794,6098,6099,7217,7423,7671,8129,8493,8494,8495,8836,8838,
654;0;1161;1333;1;24,88,97,139,143,144,145,148,197,262,275,277,288,289,291,298,321,351,379,397,399,429,435,466,647,715,767,773,815,826,827,912,1118,1146,1167,1267,1341,1354,1476,1530,1726,1781,1843,1914,1915,2053,2197,2247,2668,2714,2806,2822,2898,2988,3036,3037,3410,3774,4093,4487,4488,4500,5471,5682,5738,5742,5792,5793,5794,6098,6099,7217,7423,7671,8129,8493,8494,8495,8836,8838,
504;0;1440;1616;1;24,88,97,139,143,144,145,148,197,233,262,275,277,288,289,291,298,321,351,379,396,397,399,429,434,435,466,647,715,767,773,815,826,827,912,1118,1134,1146,1167,1267,1341,1354,1476,1530,1726,1781,1843,1914,1915,1971,2053,2197,2247,2658,2668,2714,2729,2774,2778,2806,2822,2898,2988,3036,3037,4093,4487,4488,4567,4627,5411,5605,5738,5748,5841,5853,5854,5858,7423,8129,
114;0;1616;1764;0;24,88,97,139,143,144,145,148,197,233,262,275,277,288,289,291,298,321,351,379,396,397,399,429,434,435,466,647,715,767,773,815,826,827,912,1118,1134,1146,1167,1267,1341,1354,1476,1530,1726,1781,1843,1914,1915,1971,2053,2197,2247,2658,2668,2714,2729,2774,2778,2806,2822,2898,3037,4093,4487,4488,4567,4627,5411,5605,5738,5748,5841,5853,5854,5855,5858,6158,7423,8129,
114;1;1764;1796;0;24,88,97,139,143,144,145,148,197,233,262,266,275,277,288,289,291,298,321,351,379,396,397,399,429,434,435,466,647,715,767,773,815,826,827,912,1118,1133,1134,1146,1167,1267,1341,1354,1407,1476,1530,1726,1781,1843,1914,1915,1971,2053,2054,2055,2056,2197,2247,2658,2668,2714,2729,2774,2778,2806,2822,2898,3037,4093,4487,4488,4567,4627,5411,5605,5738,5748,7423,8129,
169;0;1796;1873;1;24,61,88,97,139,143,144,145,148,188,197,233,251,262,266,275,277,288,289,291,298,321,351,379,396,397,399,429,434,435,466,647,715,767,773,815,826,827,912,1118,1133,1134,1146,1167,1267,1341,1354,1407,1476,1530,1712,1781,1868,1914,1915,1936,2053,2247,2306,2658,2774,2778,2806,2898,3037,3255,3692,3693,3694,3695,3696,3697,4093,4487,4488,4627,5738,5748,7423,8129,
169;1;1873;2011;1;24,61,97,139,144,145,148,197,262,277,288,289,291,351,377,379,396,399,400,429,647,715,815,827,920,1056,1117,1118,1133,1134,1146,1167,1341,1390,1469,1476,1489,1734,1736,1744,1751,1755,1764,1781,1811,1814,1914,1915,2053,2338,2339,2573,2583,2658,2751,2774,2802,2806,2898,3037,3255,3286,3461,4093,4487,4488,5030,5174,6399,6968,7423,7448,7449,7787,7788,7789,7790,7791,7792,8129,
129;0;2011;2107;1;24,61,97,139,144,145,197,262,277,288,289,291,351,377,379,396,400,429,647,677,715,814,815,827,1117,1118,1133,1134,1146,1198,1200,1203,1214,1341,1476,1481,1489,1529,1736,1744,1781,1814,1914,1915,2053,2339,2475,2573,2602,2626,2628,2658,2661,2774,2806,2812,2898,3037,3255,3379,4093,4487,4488,5030,5336,5637,5722,5795,5869,6023,6229,6311,6312,6313,7423,8129,8130,8131,8132,8133,
129;1;2107;2255;1;3,36,144,152,175,189,197,231,249,288,291,377,415,429,476,499,529,551,598,647,677,693,715,722,729,815,875,1087,1117,1118,1291,1293,1341,1476,1489,1529,1545,1558,1577,1587,1736,1777,1783,1785,1787,1789,1790,1988,2068,2148,2174,2175,2233,2258,2602,2658,2856,2873,2898,3037,3409,3606,3802,3829,4033,4060,4217,4262,4487,4490,4491,4864,4866,4868,4869,4871,5316,5379,5779,5780,
3;0;2255;2420;0;3,36,144,152,175,189,197,231,249,288,291,377,415,429,476,499,529,551,598,647,677,693,715,722,729,815,875,1087,1117,1118,1291,1293,1341,1476,1489,1529,1545,1558,1577,1587,1736,1777,1783,1785,1787,1789,1790,1988,2068,2148,2174,2175,2233,2258,2602,2658,2856,2873,2898,3037,3409,3606,3802,3829,4033,4060,4217,4262,4487,4490,4491,4864,4866,4868,4869,4871,5316,5379,5779,5780,
3;1;2420;2456;0;3,36,144,152,175,189,197,231,249,288,291,377,415,429,476,499,529,551,598,647,677,693,715,722,729,815,875,1087,1117,1118,1291,1293,1341,1476,1489,1529,1545,1558,1577,1587,1736,1777,1783,1785,1787,1789,1790,1988,2068,2148,2174,2175,2233,2258,2602,2658,2856,2873,2898,3037,3409,3606,3802,3829,4033,4060,4217,4262,4487,4490,4491,4864,4866,4868,4869,4871,5316,5379,5779,5780,
101;0;2456;2621;1;3,36,144,152,175,189,197,231,249,288,291,377,415,429,476,499,529,551,598,647,677,693,715,722,729,815,875,1087,1117,1118,1291,1293,1341,1476,1489,1529,1545,1558,1577,1587,1736,1777,1783,1785,1787,1789,1790,1988,2068,2148,2174,2175,2233,2258,2602,2658,2856,2873,2898,3037,3409,3606,3802,3829,4033,4060,4217,4262,4487,4490,4491,4864,4866,4868,4869,4871,5316,5379,5779,5780,
101;1;2621;2750;1;3,36,144,152,175,189,197,231,249,288,291,377,415,429,476,499,529,551,598,647,677,693,715,722,729,815,875,1087,1117,1118,1291,1293,1341,1476,1489,1529,1545,1558,1577,1587,1736,1777,1783,1785,1787,1789,1790,1988,2068,2148,2174,2175,2233,2258,2602,2658,2856,2873,2898,3037,3409,3606,3802,3829,4033,4060,4217,4262,4487,4490,4491,4864,4866,4868,4869,4871,5316,5379,5779,5780,
651;0;2750;2833;0;3,36,144,152,175,189,197,231,249,288,291,377,415,429,476,499,529,551,598,647,677,693,715,722,729,815,875,1087,1117,1118,1291,1293,1341,1476,1489,1529,1545,1558,1577,1587,1736,1777,1783,1785,1787,1789,1790,1988,2068,2148,2174,2175,2233,2258,2602,2658,2856,2873,2898,3037,3409,3606,3802,3829,4033,4060,4217,4262,4487,4490,4491,4864,4866,4868,4869,4871,5316,5379,5779,5780,
592;0;2833;2855;0;3,36,144,152,175,189,197,231,249,288,291,377,415,429,476,499,529,551,598,647,677,693,715,722,729,815,875,1087,1117,1118,1291,1293,1341,1476,1489,1529,1545,1558,1577,1587,1736,1777,1783,1785,1787,1789,1790,1988,2068,2148,2174,2175,2233,2258,2602,2658,2856,2873,2898,3037,3409,3606,3802,3829,4033,4060,4217,4262,4487,4490,4491,4864,4866,4868,4869,4871,5316,5379,5779,5780,
9;0;2880;3037;0;3,89,94,144,175,189,231,249,276,288,291,377,429,529,586,598,647,677,715,765,770,815,833,834,838,854,875,890,1087,1117,1118,1168,1293,1476,1489,1519,1524,1528,1529,1577,1587,1736,1777,2174,2602,2658,2693,2721,2742,2856,2898,3260,3511,3527,3581,3638,4060,4217,4262,4487,4537,4574,4732,4802,4937,4949,5339,5341,5342,5343,5344,5345,5346,5347,5451,5452,5453,5454,5455,5456,
9;1;3037;3213;0;3,144,175,189,231,249,276,288,291,377,395,429,529,598,647,677,715,765,815,838,854,875,890,898,1087,1117,1118,1293,1444,1476,1489,1524,1577,1587,1736,1777,1919,2091,2174,2337,2546,2553,2602,2658,2677,2856,2898,2900,2984,3291,3519,4060,4217,4262,4487,4537,5140,5175,5223,5452,5723,5830,7463,7835,8095,8321,8625,8626,8627,8628,8629,8630,8631,8632,8633,8634,8635,8636,8637,8638,
172;0;3213;3338;0;3,27,40,144,175,185,186,189,231,249,276,288,291,359,377,395,419,429,529,598,647,677,715,759,765,815,838,854,872,875,890,898,979,1087,1117,1118,1293,1444,1476,1489,1524,1577,1587,1636,1736,1777,1887,1898,1919,1934,1984,2036,2091,2174,2337,2546,2553,2602,2658,2677,2856,2898,2900,2984,3252,3291,4060,4217,4262,4487,4537,5175,5223,5452,5723,6787,6788,6789,7835,8095,
172;1;3338;3502;0;3,26,27,40,144,175,185,186,189,231,249,276,288,291,359,377,395,419,429,529,598,647,677,715,759,765,815,838,854,872,875,890,898,979,1087,1117,1118,1293,1444,1476,1489,1524,1577,1587,1636,1736,1777,1887,1898,1919,1934,1984,2036,2091,2174,2337,2546,2553,2602,2658,2677,2856,2898,2900,2984,3252,3291,4060,4217,4262,4487,4537,5175,5223,5452,5723,6787,7367,7835,8095,
198;0;3502;3674;0;3,26,117,137,144,146,189,225,249,262,268,273,276,277,288,291,314,329,351,377,379,398,400,419,429,529,591,854,855,875,898,949,1054,1087,1117,1118,1120,1124,1293,1359,1474,1680,1735,1736,1752,1763,1919,1973,1974,1984,2091,2337,2573,2804,2898,3099,3915,4060,4217,4469,4504,4565,4834,5197,5223,5224,5257,5511,5512,6145,6223,6365,8290,8453,8454,8455,8655,8975,8976,8977,
198;1;3674;3779;0;3,26,117,137,144,146,189,225,249,262,268,273,276,277,288,291,314,329,351,377,379,398,400,419,429,529,591,854,855,875,898,949,1054,1087,1117,1118,1120,1124,1293,1359,1474,1680,1735,1736,1752,1763,1919,1973,1974,1984,2091,2337,2573,2804,2898,3099,3915,4060,4217,4469,4504,4565,4834,5197,5223,5224,5257,5511,5512,6145,6223,6365,8290,8453,8454,8455,8655,8975,8976,8977,
28;0;3779;3927;0;3,26,117,137,144,146,189,225,249,262,268,273,276,277,288,291,314,329,351,377,379,398,400,419,429,529,591,854,855,875,898,949,1054,1087,1117,1118,1120,1124,1293,1359,1474,1680,1735,1736,1752,1763,1919,1973,1974,1984,2091,2337,2573,2804,2898,3099,3915,4060,4217,4469,4504,4565,4834,5197,5223,5224,5257,5511,5512,6145,6223,6365,8290,8453,8454,8455,8655,8975,8976,8977,
28;1;3927;4041;0;3,26,117,137,144,146,189,225,249,262,268,273,276,277,288,291,314,329,351,377,379,398,400,419,429,529,591,854,855,875,898,949,1054,1087,1117,1118,1120,1124,1293,1359,1474,1680,1735,1736,1752,1763,1919,1973,1974,1984,2091,2337,2573,2804,2898,3099,3915,4060,4217,4469,4504,4565,4834,5197,5223,5224,5257,5511,5512,6145,6223,6365,8290,8453,8454,8455,8655,8975,8976,8977,
21;0;4041;4219;0;3,26,117,137,144,146,189,225,249,262,268,273,276,277,288,291,314,329,351,377,379,398,400,419,429,529,591,854,855,875,898,949,1054,1087,1117,1118,1120,1124,1293,1359,1474,1680,1735,1736,1752,1763,1919,1973,1974,1984,2091,2337,2573,2804,2898,3099,3915,4060,4217,4469,4504,4565,4834,5197,5223,5224,5257,5511,5512,6145,6223,6365,8290,8453,8454,8455,8655,8975,8976,8977,
21;1;4320;4397;0;3,26,70,117,137,144,146,169,189,225,249,262,268,273,276,277,288,291,314,329,351,377,379,398,400,419,429,529,591,787,854,855,875,898,949,1054,1063,1087,1117,1118,1120,1124,1293,1359,1474,1541,1680,1735,1736,1752,1763,1919,1973,1974,1984,2091,2206,2337,2512,2573,2804,2898,2918,3099,3255,3577,3827,3915,3990,4060,4217,4469,4504,4565,4834,5197,5223,5224,5257,5511,
16;0;4397;4494;0;3,26,56,70,117,137,144,146,169,189,225,249,262,268,273,276,277,288,291,314,329,351,377,379,398,400,419,429,529,591,787,854,855,875,898,949,1054,1063,1087,1117,1118,1120,1124,1270,1293,1359,1474,1541,1680,1735,1736,1752,1763,1919,1973,1974,1984,2091,2206,2337,2420,2512,2573,2804,2898,2918,3099,3255,3577,3786,3827,3878,3915,3990,4060,4217,4469,5223,5224,5257,
16;1;4494;4646;0;3,26,56,70,117,137,144,146,169,189,225,249,262,268,273,276,277,288,291,314,329,351,377,379,398,400,419,429,529,591,787,854,855,875,898,949,1054,1063,1087,1117,1118,1120,1124,1270,1293,1359,1474,1541,1680,1735,1736,1752,1763,1919,1973,1974,1984,2091,2206,2337,2420,2512,2573,2804,2898,2918,3099,3255,4060,4217,4469,5080,5223,5224,5257,5984,5992,6377,6584,6585,
239;0;4646;4797;0;3,26,56,70,117,137,144,146,169,178,189,225,249,262,268,273,276,277,288,291,314,329,351,377,379,396,398,400,419,429,529,591,787,854,855,875,898,949,1027,1054,1063,1087,1117,1118,1120,1124,1145,1146,1270,1293,1359,1474,1541,1680,1735,1736,1752,1763,1919,1941,1942,1943,1944,1945,1973,1984,2091,2337,2420,2512,2573,2898,3099,4060,4217,4469,5223,5224,5257,5992,
239;1;4797;4881;0;3,26,56,60,61,70,117,137,144,146,169,178,189,208,225,249,262,268,273,276,277,288,291,314,329,351,377,379,396,398,400,419,429,529,591,787,854,855,875,898,949,1027,1054,1063,1087,1117,1118,1120,1124,1145,1146,1270,1293,1359,1474,1541,1680,1735,1736,1752,1763,1919,1973,1984,2091,2337,2420,2512,2573,2898,3099,3347,4060,4217,4469,5223,5224,5257,5992,8546,
205;0;4881;5045;0;3,26,35,60,68,117,137,144,150,196,225,249,276,277,288,291,314,374,429,529,569,576,591,727,854,875,949,995,1087,1118,1146,1277,1293,1474,1693,1853,1984,1989,2075,2091,2216,2337,2420,2518,2519,2520,2521,2522,2523,2524,2525,2526,2527,2528,3065,3380,3663,3679,3686,3690,3979,4059,4060,4061,4217,4664,5082,5224,6003,6004,6005,6006,6007,6008,6009,6010,6011,6012,6013,6058,
205;1;5045;5111;0;3,26,35,60,68,117,137,144,150,196,225,249,276,277,288,291,314,374,429,529,569,576,591,727,854,875,949,995,1087,1118,1146,1277,1293,1474,1693,1853,1984,1989,2075,2091,2216,2337,2420,2518,2519,2520,2521,2522,2523,2524,2525,2526,2527,2528,3065,3380,3663,3679,3686,3690,3979,4059,4060,4061,4217,4664,5082,5224,6003,6004,6005,6006,6007,6008,6009,6010,6011,6012,6013,6058,
89;0;5111;5261;0;3,26,35,60,68,117,137,144,150,196,225,249,276,277,288,291,314,374,429,529,569,576,591,727,854,875,949,995,1087,1118,1146,1277,1293,1474,1693,1853,1984,1989,2075,2091,2216,2337,2420,2518,2519,2520,2521,2522,2523,2524,2525,2526,2527,2528,3065,3380,3663,3679,3686,3690,3979,4059,4060,4061,4217,4664,5082,5224,6003,6004,6005,6006,6007,6008,6009,6010,6011,6012,6013,6058,
89;1;5261;5334;0;3,26,35,60,68,117,137,144,150,196,225,249,276,277,288,291,314,374,429,529,569,576,591,727,854,875,949,995,1087,1118,1146,1277,1293,1474,1693,1853,1984,1989,2075,2091,2216,2337,2420,2518,2519,2520,2521,2522,2523,2524,2525,2526,2527,2528,3065,3380,3663,3679,3686,3690,3979,4059,4060,4061,4217,4664,5082,5224,6003,6004,6005,6006,6007,6008,6009,6010,6011,6012,6013,6058,
68;0;5334;5455;0;3,26,35,60,68,117,137,144,150,196,225,249,276,277,288,291,314,374,429,529,569,576,591,727,854,875,949,995,1087,1118,1146,1277,1293,1474,1693,1853,1984,1989,2075,2091,2216,2337,2420,2518,2519,2520,2521,2522,2523,2524,2525,2526,2527,2528,3065,3380,3663,3679,3686,3690,3979,4059,4060,4061,4217,4664,5082,5224,6003,6004,6005,6006,6007,6008,6009,6010,6011,6012,6013,6058,
68;1;5760;5858;0;3,26,35,60,68,100,117,137,144,150,196,225,249,276,277,288,291,314,404,429,529,591,608,769,854,875,927,949,1087,1118,1146,1171,1277,1293,1308,1343,1474,1481,1502,1671,1809,1914,1915,1920,1922,2091,2094,2337,2339,2420,2492,2695,2696,2783,3013,3679,3686,3690,4161,4217,4553,5082,5206,5224,6004,6007,6008,6009,6010,6012,6013,6184,7408,7664,7665,7666,7680,7681,7682,7683,
91;0;5858;6021;0;3,24,26,35,60,68,100,117,137,144,150,196,225,249,276,277,288,291,314,404,429,529,591,608,769,854,875,927,949,1087,1118,1146,1171,1277,1293,1308,1343,1474,1481,1502,1671,1809,1914,1915,1920,1922,2064,2091,2094,2337,2339,2420,2492,2695,2696,2783,2934,3013,3679,3686,3690,3703,4161,4217,4553,4841,4913,5082,5206,5224,6004,6007,6008,6009,6010,6012,6013,6977,7990,8354,
91;1;6021;6069;0;3,24,26,35,60,68,100,117,137,144,150,196,225,249,276,277,288,291,314,404,429,529,591,598,608,769,854,875,927,949,1087,1118,1146,1171,1277,1290,1293,1308,1343,1474,1481,1502,1671,1777,1809,1914,1915,1920,1922,2064,2091,2094,2337,2339,2420,2492,2695,2696,2934,3679,3686,3690,4280,4553,5082,5224,5705,6004,6007,6008,6009,6010,6012,6013,7029,8074,8075,8077,8115,8354,
2;0;6069;6116;0;3,4,24,26,35,60,68,95,100,117,137,144,150,196,225,249,276,277,288,291,314,390,391,392,404,429,529,591,598,608,640,645,769,854,875,927,949,1052,1087,1118,1146,1171,1277,1290,1293,1308,1343,1417,1472,1474,1481,1502,1671,1777,1809,1884,1914,1915,1920,1922,2091,2108,2420,2820,2934,3679,3686,3690,4553,5082,5224,5588,6004,6007,6008,6009,6010,6012,6013,8354,
2;1;6116;6277;0;3,4,24,26,35,60,68,95,100,117,137,139,144,145,150,196,225,249,276,277,288,291,314,332,390,391,392,404,429,529,591,598,608,640,645,769,854,875,927,948,949,1052,1118,1146,1171,1277,1293,1398,1424,1473,1474,1478,1502,1671,1809,1884,1915,1920,1922,2091,2359,2420,2934,3679,3686,3690,4553,4979,4980,4981,5082,5224,6004,6007,6008,6009,6010,6012,6013,8354,
78;0;6277;6429;0;3,4,24,26,35,60,68,95,100,117,137,139,144,145,150,196,225,249,276,277,288,291,314,332,390,391,392,404,429,529,591,598,608,640,645,769,831,854,875,927,948,949,1052,1118,1146,1171,1277,1293,1398,1424,1473,1474,1478,1502,1671,1682,1809,1884,1915,1920,1922,2091,2359,2420,2934,3679,3686,3690,4553,4979,5082,5224,6004,6007,6008,6009,6010,6012,6013,8354,
78;1;6429;6484;0;8,139,144,185,202,205,206,225,277,288,289,290,291,302,312,314,390,404,429,591,640,647,660,695,791,868,946,948,949,964,1011,1133,1134,1146,1171,1287,1288,1293,1398,1428,1463,1473,1474,1480,1757,1809,1921,2053,2117,2259,2264,2410,2417,2418,2419,2420,2471,2691,2966,3264,3307,3308,4093,4412,4926,5224,6297,7465,7608,7609,7610,7611,7612,7613,7614,7615,7616,7617,7618,8289,
217;0;6484;6650;0;8,139,144,185,202,205,206,225,277,288,289,290,291,302,312,314,390,404,429,591,640,647,660,695,791,868,946,948,949,964,1011,1133,1134,1146,1171,1287,1288,1293,1398,1428,1463,1473,1474,1480,1757,1809,1921,2053,2117,2259,2264,2410,2417,2418,2419,2420,2471,2691,2966,3264,3307,3308,4093,4412,4926,5224,6297,7465,7608,7609,7610,7611,7612,7613,7614,7615,7616,7617,7618,8289,
217;1;6650;6681;0;8,139,144,185,202,205,206,225,277,288,289,290,291,302,312,314,390,404,429,591,640,647,660,695,791,868,946,948,949,964,1011,1133,1134,1146,1171,1287,1288,1293,1398,1428,1463,1473,1474,1480,1757,1809,1921,2053,2117,2259,2264,2410,2417,2418,2419,2420,2471,2691,2966,3264,3307,3308,4093,4412,4926,5224,6297,7465,7608,7609,7610,7611,7612,7613,7614,7615,7616,7617,7618,8289,
103;0;6681;6730;0;8,139,144,185,202,205,206,225,277,288,289,290,291,302,312,314,390,404,429,591,640,647,660,695,791,868,946,948,949,964,1011,1133,1134,1146,1171,1287,1288,1293,1398,1428,1463,1473,1474,1480,1757,1809,1921,2053,2117,2259,2264,2410,2417,2418,2419,2420,2471,2691,2966,3264,3307,3308,4093,4412,4926,5224,6297,7465,7608,7609,7610,7611,7612,7613,7614,7615,7616,7617,7618,8289,
103;1;6730;6874;0;8,139,144,185,202,205,206,225,277,288,289,290,291,302,312,314,390,404,429,591,640,647,660,695,791,868,946,948,949,964,1011,1133,1134,1146,1171,1287,1288,1293,1398,1428,1463,1473,1474,1480,1757,1809,1921,2053,2117,2259,2264,2410,2417,2418,2419,2420,2471,2691,2966,3264,3307,3308,4093,4412,4926,5224,6297,7465,7608,7609,7610,7611,7612,7613,7614,7615,7616,7617,7618,8289,
76;0;6874;7010;0;8,139,144,185,202,205,206,225,277,288,289,290,291,302,312,314,390,404,429,591,640,647,660,695,791,868,946,948,949,964,1011,1133,1134,1146,1171,1287,1288,1293,1398,1428,1463,1473,1474,1480,1757,1809,1921,2053,2117,2259,2264,2410,2417,2418,2419,2420,2471,2691,2966,3264,3307,3308,4093,4412,4926,5224,6297,7465,7608,7609,7610,7611,7612,7613,7614,7615,7616,7617,7618,8289,
76;1;7010;7057;0;8,139,144,185,202,205,206,225,277,288,289,290,291,302,312,314,390,404,429,591,640,647,660,695,791,868,946,948,949,964,1011,1133,1134,1146,1171,1287,1288,1293,1398,1428,1463,1473,1474,1480,1757,1809,1921,2053,2117,2259,2264,2410,2417,2418,2419,2420,2471,2691,2966,3264,3307,3308,4093,4412,4926,5224,6297,7465,7608,7609,7610,7611,7612,7613,7614,7615,7616,7617,7618,8289,
636;0;7200;7378;0;8,139,144,185,202,205,206,225,234,245,267,277,288,289,290,291,302,303,305,310,312,313,314,390,404,429,438,591,640,647,660,695,791,868,946,948,949,964,1011,1133,1134,1146,1171,1287,1288,1293,1398,1428,1463,1473,1474,1480,1665,1757,1809,1921,2053,2107,2117,2244,2259,2264,2410,2417,2418,2419,2420,2471,2691,2966,3264,3307,4412,5153,5155,5224,5225,5226,5227,5228,
47;0;7378;7512;0;8,95,139,144,225,245,267,277,288,289,290,291,302,303,305,310,312,313,314,390,395,404,429,438,591,640,647,677,946,948,949,1073,1134,1146,1171,1287,1288,1293,1451,1474,1809,1915,1921,2053,2091,2253,2419,2420,2573,2627,2677,2679,2691,2774,2775,2806,2893,3263,4361,4365,4412,4635,5329,6475,6803,7423,7663,7943,8099,8129,8187,8686,8687,8691,8696,8697,8698,8699,8700,8701,
47;1;7512;7551;0;8,27,95,139,144,175,225,245,267,277,288,289,290,291,302,303,305,310,312,313,314,390,395,404,429,438,591,640,647,677,754,946,948,949,1073,1134,1146,1171,1268,1279,1287,1288,1293,1451,1474,1809,1915,1921,2053,2091,2174,2230,2253,2419,2420,2478,2573,2627,2677,2679,2691,2774,2775,2806,2893,3263,3598,4361,4365,4412,4635,5329,6475,6803,7423,7663,7943,8099,8129,8187,
686;0;7551;7722;0;23,27,61,95,117,144,225,245,267,277,288,290,302,305,310,313,395,404,429,438,591,640,647,677,948,949,1146,1171,1268,1285,1287,1288,1289,1293,1313,1474,1577,1599,1781,1809,1915,1921,2187,2627,2679,2774,2775,2856,2941,2968,3702,4487,4488,4754,4986,5175,6312,6313,6784,6791,7026,7038,7060,7875,7943,8332,8401,8863,8875,8902,8934,8935,8936,8937,8938,8939,8940,8941,8942,8943,
741;0;7722;7890;0;23,27,61,95,117,144,225,245,267,277,280,288,290,302,305,310,313,395,404,429,438,591,640,647,677,948,949,1146,1171,1268,1285,1287,1288,1289,1293,1313,1474,1577,1599,1781,1809,1915,1921,2187,2315,2627,2679,2774,2775,2842,2856,2941,2968,3304,3702,4487,4703,5468,5477,5513,6251,6252,6253,6446,6986,6987,6988,6989,6990,6991,6992,6993,6994,6995,6996,6997,6998,6999,7000,7001,
46;0;7890;7914;0;23,27,61,95,97,117,144,177,225,245,267,277,280,288,290,302,305,310,313,395,396,404,429,438,591,640,647,677,905,948,949,1146,1171,1268,1285,1287,1288,1289,1293,1313,1474,1577,1599,1661,1675,1759,1781,1809,1814,1915,1921,2187,2315,2455,2627,2679,2774,2775,2842,2856,2941,2968,3304,3702,4487,4703,5255,5468,5477,5513,6251,6252,6253,6446,6986,6987,6988,6989,6990,6991,
46;1;7914;8058;0;24,29,38,61,95,144,189,225,245,267,277,288,290,351,395,404,438,504,539,591,632,640,647,677,765,782,810,871,872,873,874,875,876,877,878,879,948,949,972,1146,1196,1268,1287,1288,1293,1549,1587,1651,1921,2198,2199,2200,2201,2202,2627,2645,2678,2679,2774,2775,2778,2941,2968,3447,4332,4600,4604,4627,4852,4853,4854,4855,4856,4857,4858,4859,4860,6745,7159,7262,
543;0;8058;8224;0;24,29,38,61,95,144,189,225,245,267,277,288,290,351,395,404,438,504,539,591,632,640,647,677,765,782,810,871,872,873,874,875,876,877,878,879,948,949,972,1146,1196,1268,1287,1288,1293,1549,1587,1651,1921,2198,2199,2200,2201,2202,2627,2645,2678,2679,2774,2775,2778,2941,2968,3447,4332,4600,4604,4627,4852,4853,4854,4855,4856,4857,4858,4859,4860,6745,7159,7262,
604;0;8224;8388;0;24,29,38,61,95,144,189,225,245,267,277,288,290,351,395,404,438,504,539,591,632,640,647,677,765,782,810,871,872,873,874,875,876,877,878,879,948,949,972,1146,1196,1268,1287,1288,1293,1549,1587,1651,1921,2198,2199,2200,2201,2202,2627,2645,2678,2679,2774,2775,2778,2941,2968,3447,4332,4600,4604,4627,4852,4853,4854,4855,4856,4857,4858,4859,4860,6745,7159,7262,
624;0;8388;8551;0;24,29,38,61,95,144,189,225,245,267,277,288,290,351,395,404,438,504,539,591,632,640,647,677,765,782,810,871,872,873,874,875,876,877,878,879,948,949,972,1146,1196,1268,1287,1288,1293,1549,1587,1651,1921,2198,2199,2200,2201,2202,2627,2645,2678,2679,2774,2775,2778,2941,2968,3447,4332,4600,4604,4627,4852,4853,4854,4855,4856,4857,4858,4859,4860,6745,7159,7262,
123;0;8551;8671;0;24,29,38,61,95,144,189,225,245,267,277,288,290,351,395,404,438,504,539,591,632,640,647,677,765,782,810,871,872,873,874,875,876,877,878,879,948,949,972,1146,1196,1268,1287,1288,1293,1549,1587,1651,1921,2198,2199,2200,2201,2202,2627,2645,2678,2679,2774,2775,2778,2941,2968,3447,4332,4600,4604,4627,4852,4853,4854,4855,4856,4857,4858,4859,4860,6745,7159,7262,
123;1;8671;8712;0;24,29,38,61,95,144,189,225,245,267,277,288,290,351,395,404,438,504,539,591,632,640,647,677,765,782,810,871,872,873,874,875,876,877,878,879,948,949,972,1146,1196,1268,1287,1288,1293,1549,1587,1651,1921,2198,2199,2200,2201,2202,2627,2645,2678,2679,2774,2775,2778,2941,2968,3447,4332,4604,5953,5958,5959,5966,5976,5979,5987,5992,6146,6147,6148,6149,6150,6151,
657;0;8712;8869;0;24,29,38,61,95,144,189,225,245,267,277,288,290,351,395,404,438,448,504,539,591,632,640,647,677,765,782,810,871,872,873,874,875,876,877,878,879,948,949,972,1146,1196,1268,1287,1288,1293,1549,1587,1651,1921,2198,2199,2200,2201,2202,2627,2645,2678,2679,2774,2775,2778,2941,2968,3447,4332,4604,5953,5958,5959,5966,5976,5979,5987,5992,6146,6147,6148,6149,6150,
119;0;8869;8980;0;2,24,29,38,61,90,95,103,144,189,225,245,267,277,288,290,351,395,404,438,448,504,539,591,640,644,647,677,704,765,766,769,831,843,871,872,873,874,875,876,877,948,949,1146,1163,1196,1268,1287,1288,1293,1491,1587,1921,2132,2198,2627,2645,2657,2678,2679,2774,2775,2778,2903,2904,2941,2961,2962,2964,2968,3447,4372,4604,5624,5627,5828,5976,5987,6749,7458,
119;1;8980;9024;0;2,24,29,38,61,90,95,103,144,189,225,245,267,277,288,290,351,395,404,438,448,504,539,591,640,644,647,677,704,765,766,769,831,843,871,872,873,874,875,876,877,948,949,1146,1163,1196,1268,1287,1288,1293,1491,1587,1921,2132,2198,2627,2645,2657,2678,2679,2774,2775,2778,2903,2904,2941,2961,2962,2964,2968,3447,4372,4604,5624,5627,5828,5874,5875,5976,5987,
501;0;9024;9176;0;2,24,29,38,46,61,90,95,103,144,189,225,245,267,277,288,290,351,395,404,438,448,504,539,591,640,644,647,677,704,765,766,769,831,843,871,872,873,874,875,876,877,948,949,1146,1163,1196,1268,1287,1288,1293,1491,1587,1921,2132,2168,2198,2627,2645,2657,2678,2679,2774,2775,2778,2903,2904,2937,2941,2961,2962,2964,2968,3447,4372,4604,5624,5627,5976,5987,
128;0;9176;9205;0;24,46,61,95,103,144,225,245,267,277,288,290,395,404,438,591,640,644,647,677,766,843,871,948,949,1146,1163,1268,1287,1288,1293,1587,1921,2627,2645,2774,2778,2941,2968,3447,3686,4604,5951,5963,5968,5969,5976,5980,5987,5988,6007,6079,6360,6537,6538,6539,6541,6542,6549,6550,6552,6557,6559,6560,6741,6930,7132,7134,7286,8083,8084,8085,8086,8087,8088,8089,8090,8091,8092,8093,
128;1;9205;9323;0;24,46,61,95,103,144,225,245,267,277,288,290,395,404,438,591,640,644,647,677,766,843,871,948,949,1146,1163,1268,1287,1288,1293,1587,1921,2627,2645,2774,2778,2941,2968,3447,3686,4604,5951,5963,5968,5969,5976,5980,5987,5988,6007,6079,6360,6537,6538,6539,6541,6542,6549,6550,6552,6557,6559,6560,6741,6930,7009,7132,7134,7286,8083,8084,8085,8086,8087,8088,8089,8090,8091,8354,
Machine: 5
545;0;0;4;1;27,79,100,127,144,145,149,206,224,248,277,288,321,398,404,407,412,529,564,640,647,666,677,715,814,949,979,1093,1163,1268,1279,1293,1295,1361,1478,1481,1529,1793,1802,1808,1898,2053,2223,2635,2661,2678,2767,2793,2794,2795,2796,2797,2798,2799,2800,2801,2802,2849,2875,2941,3337,3379,3527,3986,3987,3988,3989,4949,5432,5525,5595,5668,5722,6023,6024,6389,6496,6497,6498,6499,
758;0;4;12;1;27,79,100,127,144,145,149,206,224,248,277,288,321,398,404,407,412,529,564,640,647,666,677,715,814,949,979,1093,1163,1268,1279,1293,1295,1361,1478,1481,1529,1793,1802,1808,1898,2053,2223,2635,2661,2678,2767,2793,2794,2795,2796,2797,2798,2799,2800,2801,2802,2849,2875,2941,3337,3379,3527,3986,3987,3988,3989,4949,5432,5525,5595,5668,5722,6023,6024,6389,6496,6497,6498,6499,
188;0;12;48;1;27,79,100,127,144,145,149,206,224,248,277,288,321,398,404,407,412,529,564,640,647,666,677,715,814,949,979,1093,1163,1268,1279,1293,1295,1361,1478,1481,1529,1793,1802,1808,1898,2053,2223,2635,2661,2678,2767,2793,2794,2795,2796,2797,2798,2799,2800,2801,2802,2849,2875,2941,3337,3379,3527,3986,3987,3988,3989,4949,5432,5525,5595,5668,5722,6023,6024,6389,6496,6497,6498,6499,
188;1;48;52;1;27,79,100,127,144,145,149,206,224,248,277,288,321,398,404,407,412,529,564,640,647,666,677,715,814,949,979,1093,1163,1268,1279,1293,1295,1361,1478,1481,1529,1793,1802,1808,1898,2053,2223,2635,2661,2678,2767,2793,2794,2795,2796,2797,2798,2799,2800,2801,2802,2849,2875,2941,3337,3379,3527,3986,3987,3988,3989,4949,5432,5525,5595,5668,5722,6023,6024,6389,6496,6497,6498,6499,
187;0;52;206;0;27,79,100,127,144,145,149,206,224,248,277,288,321,398,404,407,412,529,564,640,647,666,677,715,814,949,979,1093,1163,1268,1279,1293,1295,1361,1478,1481,1529,1793,1802,1808,1898,2053,2223,2635,2661,2678,2767,2793,2794,2795,2796,2797,2798,2799,2800,2801,2802,2849,2875,2941,3337,3379,3527,3986,3987,3988,3989,4949,5432,5525,5595,5668,5722,6023,6024,6389,6496,6497,6498,6499,
187;1;206;386;0;27,79,100,127,144,145,149,206,224,248,277,288,321,398,404,407,412,529,564,640,647,666,677,715,814,949,979,1093,1163,1268,1279,1293,1295,1361,1478,1481,1529,1793,1802,1808,1898,2053,2223,2635,2661,2678,2767,2793,2794,2795,2796,2797,2798,2799,2800,2801,2802,2849,2875,2941,3337,3379,3527,3986,3987,3988,3989,4949,5432,5525,5595,5668,5722,6023,6024,6389,6496,6497,6498,6499,
213;0;386;535;0;27,79,100,127,144,145,149,206,224,248,277,288,321,343,398,404,407,412,529,564,640,647,666,677,694,715,814,849,949,979,1093,1163,1268,1279,1293,1295,1361,1478,1481,1529,1599,1793,1802,1808,1898,2053,2223,2635,2661,2678,2683,2767,2793,2794,2795,2796,2797,2798,2799,2800,2802,2849,2875,3527,5392,5525,5530,5637,5722,5795,5868,6024,6225,7295,7296,7297,7299,7943,8777,8778,
213;1;535;679;0;27,79,100,127,144,145,146,149,206,224,248,277,288,321,343,398,404,407,412,436,529,564,640,647,666,677,694,715,814,849,949,979,1093,1117,1149,1163,1268,1279,1293,1295,1361,1473,1478,1479,1481,1529,1599,1793,1920,2053,2635,2661,2678,2802,2849,2875,3527,4405,4473,4675,4964,4965,4966,4967,4971,4972,4973,4974,5392,5525,5530,5637,5722,5868,6024,6225,7295,7296,7297,7299,
132;0;679;839;0;24,26,27,100,144,145,146,149,206,248,277,288,321,398,404,412,491,502,516,528,529,632,640,647,677,949,979,991,1117,1196,1268,1269,1270,1273,1279,1287,1288,1292,1293,1295,1322,1434,1478,1479,1481,1580,1687,1695,2053,2512,2873,2874,2875,2876,2877,3061,3178,3232,3538,3544,3665,3673,3876,5088,5984,5992,6468,6584,7154,7248,7249,7250,7251,7296,8703,9107,9108,9109,9110,9111,
132;1;839;958;0;24,26,27,100,144,145,146,149,206,248,277,288,321,398,404,412,491,502,516,528,529,632,640,647,677,949,979,991,1117,1196,1268,1269,1270,1273,1279,1287,1288,1292,1293,1295,1322,1434,1478,1479,1481,1580,1687,1695,2053,2512,2873,2874,2875,2876,2877,3061,3178,3232,3538,3544,3665,3673,3876,5088,5984,5992,6468,6584,7154,7248,7249,7250,7251,7296,8703,9107,9108,9109,9110,9111,
122;0;958;1119;0;24,26,27,100,144,145,146,149,206,248,277,288,321,398,404,412,491,502,516,528,529,632,640,647,677,949,979,991,1117,1196,1268,1269,1270,1273,1279,1287,1288,1292,1293,1295,1322,1434,1478,1479,1481,1580,1687,1695,2053,2512,2873,2874,2875,2876,2877,3061,3178,3232,3538,3544,3665,3673,3876,5088,5984,5992,6468,6584,7154,7248,7249,7250,7251,7296,8703,9107,9108,9109,9110,9111,
122;1;1119;1223;0;24,26,27,100,144,145,146,149,206,248,277,288,321,398,404,412,491,502,516,528,529,632,640,647,677,949,979,991,1117,1196,1268,1269,1270,1273,1279,1287,1288,1292,1293,1295,1322,1434,1478,1479,1481,1580,1687,1695,2053,2512,2873,2874,2875,2876,2877,3061,3178,3232,3538,3544,3665,3673,3876,5088,5984,5992,6468,6584,7154,7248,7249,7250,7251,7296,8703,9107,9108,9109,9110,9111,
181;0;1223;1301;0;24,26,27,100,144,145,146,149,206,248,277,288,321,398,404,412,491,502,516,528,529,632,640,647,677,949,979,991,1117,1196,1268,1269,1270,1273,1279,1287,1288,1292,1293,1295,1322,1434,1478,1479,1481,1580,1687,1695,2053,2512,2873,2874,2875,2876,2877,3061,3178,3232,3538,3544,3665,3673,3876,5088,5984,5992,6468,6584,7154,7248,7249,7250,7251,7296,8703,9107,9108,9109,9110,9111,
181;1;1440;1618;0;24,26,27,100,139,144,145,146,149,206,225,231,244,248,277,288,321,377,398,404,412,491,502,516,528,529,632,640,647,677,949,979,991,1117,1196,1268,1269,1270,1273,1279,1287,1288,1292,1293,1295,1322,1434,1474,1478,1479,1480,1481,1580,1687,1695,2053,2091,2512,2536,2873,2874,2875,2876,3161,3876,4365,4391,5088,5417,5733,5750,5984,6159,6160,6161,6162,6163,6164,6165,7296,
176;0;1618;1752;0;24,26,27,100,139,144,145,146,149,206,225,231,244,248,277,288,321,377,397,398,404,412,491,502,516,528,529,591,632,640,647,677,949,979,991,1117,1196,1268,1269,1270,1273,1279,1287,1288,1292,1293,1295,1322,1434,1474,1478,1479,1480,1481,1580,1687,1695,1921,2053,2091,2512,2536,2873,2874,2875,2876,3161,3876,4365,4391,5088,5417,5733,5750,5984,6159,6160,6161,6860,7296,
176;1;1752;1863;0;24,26,27,100,139,144,145,146,149,206,225,231,244,248,277,288,321,377,397,398,404,412,491,502,516,528,529,591,632,640,647,658,677,949,979,991,1117,1196,1268,1269,1270,1273,1278,1279,1287,1288,1292,1293,1295,1322,1434,1474,1478,1479,1480,1481,1587,1591,1592,1783,1785,1795,1921,2053,2091,2873,3704,3788,3876,3879,4324,4325,4326,4327,4328,4329,4330,5088,5984,7296,
100;0;1863;1915;0;24,26,27,100,139,144,145,146,149,206,225,231,244,248,277,288,321,377,397,398,404,412,491,502,516,528,529,591,632,640,647,658,677,949,979,991,1117,1196,1268,1269,1270,1273,1278,1279,1287,1288,1291,1292,1293,1295,1322,1329,1434,1474,1478,1479,1480,1481,1512,1587,1591,1778,1921,2053,2091,2228,2265,2306,2873,3703,3704,3721,3876,3879,4308,4353,5088,5781,5984,7296,
100;1;1915;2093;0;24,26,27,100,139,144,145,146,149,206,225,231,244,248,277,288,321,377,397,398,404,412,491,502,516,528,529,591,632,640,647,677,949,979,1117,1196,1268,1269,1270,1278,1279,1287,1288,1291,1292,1293,1295,1322,1329,1474,1478,1479,1480,1481,1587,1921,2053,2091,2265,2873,3703,3704,3721,3876,3879,4353,5088,5984,6360,7296,8219,8379,8380,8383,8384,8386,8387,8388,8389,8390,
248;0;2093;2225;0;15,24,27,38,100,144,150,187,188,189,210,251,274,277,288,290,292,321,398,412,429,491,509,567,644,647,651,736,979,1117,1121,1146,1214,1270,1322,1474,1478,1723,1814,1978,1996,2221,2263,2315,2645,2716,2823,2846,3279,3280,3281,3282,3283,3313,3314,3387,3482,3920,4406,4913,5082,5206,5734,5984,6340,6347,6384,8134,8135,8136,8137,8138,8139,8140,8141,8142,8143,8144,8145,8146,
248;1;2225;2317;0;15,24,27,38,100,144,150,187,188,189,210,251,274,277,288,290,292,321,398,412,429,491,509,567,644,647,651,736,979,1117,1121,1146,1214,1270,1322,1474,1478,1723,1814,1978,1996,2221,2263,2315,2645,2716,2823,2846,3279,3280,3281,3282,3283,3313,3314,3387,3482,3920,4406,4913,5082,5206,5734,5984,6340,6347,6384,8134,8135,8136,8137,8138,8139,8140,8141,8142,8143,8144,8145,8146,
161;0;2317;2374;0;15,24,27,38,100,144,150,187,188,189,210,251,274,277,288,290,292,321,398,412,429,491,509,567,644,647,651,736,979,1117,1121,1146,1214,1270,1322,1474,1478,1723,1814,1978,1996,2221,2263,2315,2645,2716,2823,2846,3279,3280,3281,3282,3283,3313,3314,3387,3482,3920,4406,4913,5082,5206,5734,5984,6340,6347,6384,8134,8135,8136,8137,8138,8139,8140,8141,8142,8143,8144,8145,8146,
161;1;2374;2525;0;15,24,27,38,100,144,150,187,188,189,210,251,274,277,288,290,292,321,398,412,429,491,509,567,644,647,651,736,979,1117,1121,1146,1214,1270,1322,1474,1478,1723,1814,1978,1996,2221,2263,2315,2645,2716,2823,2846,3279,3280,3281,3282,3283,3313,3314,3387,3482,3920,4406,4913,5082,5206,5734,5984,6340,6347,6384,8134,8135,8136,8137,8138,8139,8140,8141,8142,8143,8144,8145,8146,
94;0;2525;2693;0;15,24,27,38,100,144,150,187,188,189,210,251,274,277,288,290,292,321,398,412,429,491,509,567,644,647,651,736,979,1117,1121,1146,1214,1270,1322,1474,1478,1723,1814,1978,1996,2221,2263,2315,2645,2716,2823,2846,3279,3280,3281,3282,3283,3313,3314,3387,3482,3920,4406,4913,5082,5206,5734,5984,6340,6347,6384,8134,8135,8136,8137,8138,8139,8140,8141,8142,8143,8144,8145,8146,
94;1;2693;2732;0;15,24,27,38,100,144,150,187,188,189,210,251,274,277,288,290,292,321,398,412,429,491,509,567,644,647,651,736,979,1117,1121,1146,1214,1270,1322,1474,1478,1723,1814,1978,1996,2221,2263,2315,2645,2716,2823,2846,3279,3280,3281,3282,3283,3313,3314,3387,3482,3920,4406,4913,5082,5206,5734,5984,6340,6347,6384,8134,8135,8136,8137,8138,8139,8140,8141,8142,8143,8144,8145,8146,
20;0;2732;2885;0;15,24,27,38,100,144,150,187,188,189,210,251,274,277,288,290,292,321,398,412,429,491,509,567,644,647,651,736,979,1117,1121,1146,1214,1270,1322,1474,1478,1723,1814,1978,1996,2221,2263,2315,2645,2716,2823,2846,3279,3280,3281,3282,3283,3313,3314,3387,3482,3920,4406,4913,5082,5206,5734,5984,6340,6347,6384,8134,8135,8136,8137,8138,8139,8140,8141,8142,8143,8144,8145,8146,
20;1;2885;2929;0;15,24,27,38,100,144,150,187,188,189,210,251,274,277,288,290,292,321,398,412,429,491,509,567,644,647,651,736,979,1117,1121,1146,1214,1270,1322,1474,1478,1723,1814,1978,1996,2221,2263,2315,2645,2716,2823,2846,3279,3280,3281,3282,3283,3313,3314,3387,3482,3920,4406,4913,5082,5206,5734,5984,6340,6347,6384,8134,8135,8136,8137,8138,8139,8140,8141,8142,8143,8144,8145,8146,
41;0;2929;3061;0;15,24,27,38,100,144,150,187,188,189,210,251,274,277,288,290,292,321,398,412,429,491,509,567,644,647,651,736,979,1117,1121,1146,1214,1270,1322,1474,1478,1723,1814,1978,1996,2221,2263,2315,2645,2716,2823,2846,3279,3280,3281,3282,3283,3313,3314,3387,3482,3920,4406,4913,5082,5206,5734,5984,6340,6347,6384,8134,8135,8136,8137,8138,8139,8140,8141,8142,8143,8144,8145,8146,
41;1;3061;3112;0;15,24,27,28,38,46,55,100,144,150,187,188,189,210,251,274,277,288,290,292,321,398,412,429,491,503,509,567,644,647,651,736,979,1117,1121,1146,1214,1270,1322,1474,1478,1562,1716,1723,1814,1978,1996,2018,2036,2074,2090,2221,2263,2315,2645,2716,2823,2846,2890,3006,3246,3279,3280,3281,3282,3283,3313,3314,3387,3449,3808,3906,3920,4114,4273,5206,5984,6347,8134,8137,
180;0;3112;3254;0;15,24,27,28,38,46,55,95,100,144,150,187,188,189,210,251,274,277,288,290,292,297,321,393,398,412,429,491,503,509,567,644,647,651,736,899,979,1050,1051,1117,1121,1146,1214,1270,1322,1378,1474,1478,1562,1668,1716,1723,1725,1726,1727,1728,1729,1730,1731,1732,1733,1814,1978,1996,2018,2036,2074,2090,2221,2263,2315,2645,2846,3280,3920,5206,5984,6347,8134,8137,
180;1;3254;3293;0;15,24,27,28,38,46,55,95,100,144,150,187,188,189,210,248,251,274,277,288,290,292,297,321,393,398,412,429,491,503,509,567,644,647,651,736,899,979,1050,1051,1117,1121,1146,1214,1270,1277,1282,1292,1293,1322,1332,1333,1378,1474,1478,1562,1668,1716,1723,1725,1726,1727,1814,1978,2018,2101,2190,2263,2315,2645,2846,3280,3920,4450,5206,5984,6347,7153,8134,8137,
166;0;3293;3457;0;15,24,27,28,38,46,55,95,100,144,150,187,188,189,210,248,251,274,277,288,290,292,297,321,393,398,412,429,430,491,503,509,567,644,647,651,736,899,979,1050,1051,1117,1121,1146,1214,1270,1277,1282,1292,1293,1322,1332,1474,1478,1562,1668,1716,1814,1978,2018,2263,2315,2628,2645,2705,2709,2846,3280,3920,5206,5984,6347,7296,7308,7316,8134,8137,8305,8801,8805,
166;1;3457;3471;0;24,74,100,117,144,150,185,186,189,202,277,288,290,292,297,321,398,429,578,647,655,867,872,979,1051,1068,1121,1146,1152,1214,1226,1270,1293,1322,1474,1478,1511,1562,1668,1718,1875,1978,2018,2198,2263,2276,2315,2337,2628,2645,2845,2921,2936,3004,3082,3612,3920,4074,5030,5175,5206,5266,5290,5708,5927,6283,6347,6510,6568,6678,6776,7826,7975,8060,8061,8062,8063,8064,8065,8066,
606;0;3471;3643;0;26,137,144,145,225,260,273,288,290,291,321,351,366,382,398,400,408,415,528,532,544,640,647,875,921,1118,1177,1236,1270,1271,1274,1278,1279,1287,1293,1295,1322,1417,1469,1478,1481,1501,1540,1670,1675,1749,1756,1973,2051,2222,2432,2645,2674,2695,2723,2774,2775,3263,3284,3413,3876,3908,3920,4108,4323,4511,5051,5206,5209,5409,5882,6347,6348,6349,6350,6351,6352,6353,6472,7074,
235;0;3643;3748;0;26,137,144,145,225,260,273,288,290,291,321,351,366,382,398,400,408,415,528,532,544,640,647,875,921,1118,1177,1236,1270,1271,1274,1278,1279,1287,1293,1295,1322,1417,1469,1478,1481,1501,1540,1670,1675,1749,1756,1973,2051,2222,2432,2645,2674,2695,2723,2774,2775,3263,3284,3413,3876,3908,3920,4108,4323,4511,5051,5206,5209,5409,5882,6347,6348,6349,6350,6351,6352,6353,6472,7074,
235;1;3748;3814;0;26,137,144,145,225,260,273,288,290,291,321,351,366,382,398,400,408,415,528,532,544,640,647,875,921,1118,1177,1236,1270,1271,1274,1278,1279,1287,1293,1295,1322,1417,1469,1478,1481,1501,1540,1670,1675,1749,1756,1973,2051,2222,2432,2645,2674,2695,2723,2774,2775,3263,3284,3413,3876,3908,3920,4108,4323,4511,5051,5206,5209,5409,5882,6347,6348,6349,6350,6351,6352,6353,6472,7074,
736;0;3814;3982;0;26,137,144,145,225,260,273,288,290,291,321,351,366,382,398,400,408,415,528,532,544,640,647,875,921,1118,1177,1236,1270,1271,1274,1278,1279,1287,1293,1295,1322,1417,1469,1478,1481,1501,1540,1670,1675,1749,1756,1973,2051,2222,2432,2645,2674,2695,2723,2774,2775,3263,3284,3413,3876,3908,3920,4108,4323,4511,5051,5206,5209,5409,5882,6347,6348,6349,6350,6351,6352,6353,6472,7074,
130;0;4320;4433;0;26,137,139,144,145,146,149,225,260,262,273,288,290,291,314,321,329,351,366,382,398,400,404,408,415,528,532,544,640,647,838,854,855,875,921,948,949,1118,1177,1236,1270,1271,1274,1278,1279,1287,1293,1295,1322,1417,1469,1478,1479,1481,1488,1501,1513,1540,1670,1675,1749,1756,1973,2051,2222,2432,2645,2674,2774,2775,3263,3284,3876,3908,3920,4968,5050,5206,5209,5646,
130;1;4433;4488;0;26,100,137,138,139,144,145,149,225,260,262,273,288,290,291,297,321,329,351,382,395,398,400,404,528,591,640,647,677,766,836,838,854,855,863,921,948,949,1118,1147,1172,1236,1270,1274,1279,1287,1293,1295,1322,1453,1469,1478,1481,1501,1502,1513,1540,1661,1664,1667,1668,1670,1671,1673,1674,1749,1756,1944,1972,1973,1974,1975,1976,1977,1978,2222,2645,2774,2775,3263,
23;0;4488;4636;0;26,100,137,138,139,144,145,149,225,260,262,273,288,290,291,297,321,329,351,382,395,398,400,404,528,591,640,647,677,766,836,838,854,855,863,921,948,949,1118,1147,1172,1236,1270,1274,1279,1287,1293,1295,1322,1453,1469,1478,1481,1501,1502,1513,1540,1661,1664,1667,1668,1670,1671,1673,1674,1749,1756,1944,1972,1973,1974,1975,1976,2222,2645,2774,2775,3263,8469,8470,
23;1;4636;4654;0;1,3,26,137,144,145,149,225,226,262,270,273,277,288,290,291,297,329,351,382,391,398,400,404,528,591,640,647,921,1069,1093,1118,1204,1214,1274,1293,1322,1473,1475,1476,1477,1478,1481,1513,1540,1599,1667,1671,1803,1825,1944,2109,2134,2451,2774,2775,3108,3263,3278,4033,4535,4857,4891,4902,4925,4926,4927,4928,4929,4930,4931,4932,4933,4934,4935,4936,4937,4938,4939,5296,
681;0;4654;4815;0;1,3,26,117,137,144,145,149,225,226,262,270,273,277,288,290,291,292,296,297,329,351,382,391,398,400,404,429,528,591,640,647,921,1069,1093,1118,1121,1204,1274,1293,1322,1343,1396,1473,1476,1478,1481,1513,1540,1671,1944,1971,2109,2451,2573,2774,2775,2776,2777,2778,2779,2780,2781,2782,2783,2784,2785,2786,2787,2788,2789,2790,2791,2792,3263,4535,4857,4931,4937,5296,
565;0;4815;4973;0;1,3,26,88,117,137,144,145,149,225,226,245,262,270,273,277,288,290,291,292,296,297,329,343,351,382,391,398,400,404,429,528,591,640,647,765,835,921,1051,1069,1093,1118,1121,1204,1274,1293,1322,1343,1396,1473,1476,1478,1481,1513,1540,1671,1944,1971,2109,2122,2451,2573,2661,2693,2774,2775,2778,2897,3037,3263,3447,3618,3745,4535,4857,4931,4937,5296,6099,7161,
682;0;4973;5128;0;26,97,103,137,144,145,193,225,262,273,277,288,297,391,397,398,400,404,410,429,528,569,609,640,666,715,765,1041,1293,1297,1322,1401,1473,1474,1476,1478,1481,1513,1944,2028,2052,2070,2149,2179,2257,2315,2355,2628,2642,2650,2678,2774,2775,2778,2897,3263,3831,3866,3948,3949,3950,3951,4215,4216,5230,5392,5525,5530,5637,5722,5723,5869,6022,6225,6311,6312,6313,7582,8790,8791,
603;0;5128;5280;0;26,97,103,137,144,145,193,225,262,273,277,288,297,391,397,398,400,404,410,429,528,569,609,640,666,715,765,1041,1293,1297,1322,1401,1473,1474,1476,1478,1481,1513,1944,2028,2052,2070,2149,2179,2257,2315,2355,2628,2642,2650,2678,2774,2775,2778,2897,3263,3831,3866,3948,3949,3950,3951,4215,4216,5230,5392,5525,5530,5637,5722,5723,5869,6022,6225,6311,6312,6313,7582,8790,8791,
746;0;5280;5431;0;26,97,103,137,144,145,193,225,262,273,277,288,297,391,397,398,400,404,410,429,528,569,609,640,666,715,765,1041,1293,1297,1322,1401,1473,1474,1476,1478,1481,1513,1944,2028,2052,2070,2149,2179,2257,2315,2355,2628,2642,2650,2678,2774,2775,2778,2897,3263,3831,3866,3948,3949,3950,3951,4215,4216,5230,5392,5525,5530,5637,5722,5723,5869,6022,6225,6311,6312,6313,7582,8790,8791,
733;0;5431;5581;0;26,97,103,137,144,145,193,225,262,273,277,288,297,391,397,398,400,404,410,429,528,569,609,640,666,715,765,1041,1293,1297,1322,1401,1473,1474,1476,1478,1481,1513,1944,2028,2052,2070,2149,2179,2257,2315,2355,2628,2642,2650,2678,2774,2775,2778,2897,3263,3831,3866,3948,3949,3950,3951,4215,4216,5230,5392,5525,5530,5637,5722,5723,5869,6022,6225,6311,6312,6313,7582,8790,8791,
778;0;5581;5726;0;26,97,103,137,144,145,193,225,262,273,277,288,297,391,397,398,400,404,410,429,528,569,609,640,666,715,765,1041,1293,1297,1322,1401,1473,1474,1476,1478,1481,1513,1944,2028,2052,2070,2149,2179,2257,2315,2355,2628,2642,2650,2678,2774,2775,2778,2897,3263,3831,3866,3948,3949,3950,3951,4215,4216,5230,5392,5525,5530,5637,5722,5723,5869,6022,6225,6311,6312,6313,7582,8790,8791,
42;0;5726;5857;0;26,97,103,137,144,145,193,225,262,273,277,288,297,391,397,398,400,404,410,429,528,569,609,640,666,715,765,1041,1293,1297,1322,1401,1473,1474,1476,1478,1481,1513,1944,2028,2052,2070,2149,2179,2257,2315,2355,2628,2642,2650,2678,2774,2775,2778,2897,3263,3831,3866,3948,3949,3950,3951,4215,4216,5230,5392,5525,5530,5637,5722,5723,5869,6022,6225,6311,6312,6313,7582,8790,8791,
42;1;5857;5868;0;26,97,103,137,144,145,225,262,273,277,288,297,391,397,398,400,404,429,528,536,569,640,666,715,765,1268,1269,1288,1290,1293,1294,1322,1329,1473,1474,1476,1478,1481,1513,1944,2052,2070,2240,2263,2264,2265,2315,2355,2407,2447,2485,2628,2678,2774,2775,2778,2897,3263,3702,3708,4357,4453,4810,4811,4812,4813,4814,4815,5392,5525,5530,5637,5722,5869,6022,6225,6311,6312,6313,7582,
131;0;5868;5880;0;26,97,103,137,144,145,177,179,225,234,262,272,273,277,287,288,297,304,305,311,317,391,397,398,400,404,429,446,528,536,569,640,666,715,765,1131,1136,1137,1268,1269,1288,1290,1293,1294,1322,1329,1473,1474,1476,1478,1481,1513,1676,1677,1944,2052,2070,2240,2315,2355,2407,2628,2678,2774,2775,2778,2897,3263,5392,5525,5530,5637,5722,5869,6022,6225,6311,6312,6313,7582,
131;1;5880;6005;0;26,97,137,144,145,177,179,225,262,273,277,288,289,294,297,304,305,391,397,398,400,404,429,528,640,715,769,944,945,1136,1268,1269,1288,1293,1294,1322,1329,1473,1474,1476,1478,1481,1513,1567,1944,2052,2070,2240,2315,2372,2380,2407,2543,2628,2678,2774,2775,2778,2897,2898,2899,2900,2901,2903,2904,2905,2906,2907,2909,2910,2911,2913,2961,3262,3263,5525,5869,6022,6225,7582,
160;0;6005;6065;0;8,26,97,137,144,145,177,179,225,262,273,277,288,289,294,297,304,305,390,391,397,398,400,404,429,528,640,645,648,715,769,944,945,1136,1146,1268,1269,1288,1293,1294,1322,1329,1468,1473,1474,1476,1478,1481,1513,1567,1933,1944,2052,2070,2102,2108,2240,2315,2372,2380,2407,2458,2543,2628,2678,2774,2775,2778,2897,2898,2899,2900,2901,2961,3263,5525,5869,6022,6225,7582,
160;1;6065;6137;0;8,26,97,137,144,145,177,179,225,255,262,273,277,288,289,294,297,304,305,359,390,391,397,398,400,404,429,528,578,640,645,648,715,769,944,945,1136,1146,1268,1269,1288,1293,1294,1322,1329,1468,1473,1474,1476,1478,1481,1549,1587,1944,2018,2052,2070,2198,2199,2240,2315,2407,2458,2628,2678,2774,2775,2778,2847,2848,2899,2961,3263,3978,3979,5525,5869,6022,6225,7582,
763;0;6137;6264;0;8,26,97,137,144,145,177,179,225,231,255,262,273,277,288,289,294,297,304,305,359,390,391,397,398,400,404,429,528,578,640,645,648,715,769,944,945,1136,1146,1268,1269,1288,1293,1294,1322,1329,1468,1473,1474,1476,1478,1481,1549,1587,1944,2052,2070,2198,2199,2240,2315,2405,2407,2458,2628,2658,2678,2774,2775,2778,2848,2899,2961,3263,4946,5525,5869,6022,6225,7582,
516;0;6264;6387;0;8,26,97,137,144,145,177,179,225,231,255,262,273,277,288,289,294,297,304,305,359,390,391,397,398,400,404,429,528,578,640,645,648,715,769,1136,1146,1268,1269,1288,1293,1294,1322,1329,1463,1473,1474,1476,1478,1481,1549,1587,1716,1944,2052,2070,2198,2199,2240,2315,2405,2407,2458,2628,2658,2678,2774,2778,2848,2894,2895,2896,2899,2961,3263,5525,5869,6022,6225,7582,
660;0;6387;6508;0;26,61,137,144,150,196,240,255,288,291,292,329,351,359,382,409,428,429,516,528,647,891,1047,1118,1157,1196,1268,1269,1274,1277,1279,1280,1287,1288,1289,1293,1295,1322,1480,1481,1549,1651,1671,1811,1814,1859,1944,1988,2132,2315,2412,2413,2414,2492,2496,2824,2844,2846,2848,2849,2850,3026,3391,3580,3607,4451,4658,4709,4710,5377,5648,5654,5655,5656,5657,5658,5659,5660,5661,6950,
171;0;6508;6576;0;26,61,137,144,150,196,240,255,288,291,292,329,351,359,382,409,428,429,516,528,647,891,1047,1118,1157,1196,1268,1269,1274,1277,1279,1280,1287,1288,1289,1293,1295,1322,1480,1481,1549,1651,1671,1811,1814,1859,1944,1988,2132,2315,2412,2413,2414,2492,2496,2824,2844,2846,2848,2849,2850,3026,3391,3580,3607,4451,4658,4709,4710,5377,5648,5654,5655,5656,5657,5658,5659,5660,5661,6950,
171;1;6576;6627;0;26,61,137,144,150,196,240,255,288,291,292,329,351,359,382,409,428,429,516,528,647,891,1047,1118,1157,1196,1268,1269,1274,1277,1279,1280,1287,1288,1289,1293,1295,1322,1480,1481,1549,1651,1671,1811,1814,1859,1944,1988,2132,2315,2412,2413,2414,2492,2496,2824,2844,2846,2848,2849,2850,3026,3391,3580,3607,4451,4658,4709,4710,5377,5648,5654,5655,5656,5657,5658,5659,5660,5661,6950,
509;0;6627;6739;0;26,61,137,144,150,196,240,255,288,291,292,329,351,359,382,409,428,429,516,528,647,891,1047,1118,1157,1196,1268,1269,1274,1277,1279,1280,1287,1288,1289,1293,1295,1322,1480,1481,1549,1651,1671,1811,1814,1859,1944,1988,2132,2315,2412,2413,2414,2492,2496,2824,2844,2846,2848,2849,2850,3026,3391,3580,3607,4451,4658,4709,4710,5377,5648,5654,5655,5656,5657,5658,5659,5660,5661,6950,
757;0;6739;6849;0;26,61,137,144,150,196,240,255,288,291,292,329,351,359,382,409,428,429,516,528,647,891,1047,1118,1157,1196,1268,1269,1274,1277,1279,1280,1287,1288,1289,1293,1295,1322,1480,1481,1549,1651,1671,1811,1814,1859,1944,1988,2132,2315,2412,2413,2414,2492,2496,2824,2844,2846,2848,2849,2850,3026,3391,3580,3607,4451,4658,4709,4710,5377,5648,5654,5655,5656,5657,5658,5659,5660,5661,6950,
619;0;7200;7306;0;26,61,137,144,150,196,240,255,288,291,292,329,351,359,382,409,428,429,516,528,529,647,748,754,891,1047,1118,1157,1196,1268,1269,1272,1274,1277,1279,1280,1287,1288,1289,1291,1293,1294,1295,1322,1480,1481,1549,1651,1671,1811,1814,1859,1944,1988,2080,2132,2147,2315,2412,2413,2414,2492,2496,2824,2844,2846,2848,2849,2850,3026,3391,3580,3597,3607,3703,3704,4451,5656,6018,7041,
769;0;7306;7410;0;26,61,137,144,150,196,240,255,288,291,292,329,351,359,382,409,428,429,516,528,529,647,748,754,891,1047,1118,1157,1196,1268,1269,1272,1274,1277,1279,1280,1287,1288,1289,1291,1293,1294,1295,1322,1480,1481,1549,1651,1671,1811,1814,1859,1944,1988,2080,2132,2147,2315,2412,2413,2414,2492,2824,2844,3212,3703,5088,5656,5951,5952,5963,5964,5984,6354,6355,6356,6357,6358,6359,6360,
214;0;7410;7498;0;26,61,137,144,145,150,196,225,226,229,230,232,240,241,242,243,255,274,288,291,292,329,351,359,382,409,428,429,430,516,528,529,647,748,754,818,819,821,822,827,891,1092,1099,1118,1269,1280,1287,1289,1293,1294,1295,1322,1398,1407,1473,1480,1481,1549,1681,1814,1843,2246,2248,2292,2293,2294,2295,2296,2297,2298,2299,2300,2301,2302,2303,2315,2824,2844,3703,5656,
214;1;7498;7512;0;18,19,21,26,34,37,55,61,137,144,145,150,196,212,225,226,229,230,232,240,241,242,243,255,274,288,291,292,329,351,359,382,409,428,429,430,516,528,529,647,748,754,818,819,821,822,827,891,1092,1099,1118,1269,1280,1287,1289,1293,1294,1295,1313,1322,1398,1407,1473,1480,1481,1549,1681,1814,1843,2197,2246,2315,2824,2844,3703,5471,5656,5846,6244,7658,
121;0;7512;7524;0;18,19,21,26,34,37,55,61,137,144,145,150,196,212,225,226,229,230,232,240,241,242,243,255,274,288,291,292,329,351,354,355,356,357,359,382,409,428,429,430,516,528,529,647,748,754,818,819,821,822,827,891,1092,1099,1118,1269,1280,1287,1289,1293,1294,1295,1313,1322,1398,1473,1480,1481,1549,1681,1814,1843,2197,2315,2824,2844,3703,5656,6244,7658,
121;1;7524;7610;0;18,19,21,26,34,37,55,61,137,144,145,150,196,212,225,226,229,230,232,240,241,242,243,255,274,288,291,292,329,351,354,355,356,357,359,382,409,428,429,430,516,528,529,647,748,754,818,819,821,822,827,891,1092,1118,1269,1280,1287,1289,1293,1294,1295,1322,1473,1480,1481,1549,1681,1814,1843,2197,2315,2824,2844,3703,5656,6244,6729,7171,7658,7933,
556;0;7610;7707;0;18,19,21,26,34,37,55,61,137,144,145,150,196,212,225,226,229,230,232,240,241,242,243,255,274,288,291,292,329,351,354,355,356,357,359,382,409,428,429,430,516,528,529,647,748,754,818,819,821,822,827,891,1092,1118,1269,1280,1287,1289,1293,1294,1295,1322,1473,1480,1481,1549,1681,1814,1843,2197,2315,2824,2844,3703,5656,6244,6729,7171,7369,7658,
744;0;7707;7802;0;18,19,21,26,34,37,55,61,137,144,145,150,196,212,225,226,229,230,232,240,241,242,243,255,274,288,291,292,329,351,354,355,356,357,359,382,409,428,429,430,516,528,529,647,748,754,818,819,821,822,827,891,1118,1269,1280,1287,1289,1293,1294,1295,1322,1473,1480,1481,1549,1681,1814,1843,2197,2315,2824,2844,3606,3703,4952,5606,5607,5656,6244,7658,
505;0;7802;7893;0;18,19,21,26,34,37,55,61,137,144,145,150,196,212,225,226,229,230,232,240,241,242,243,255,274,288,291,292,329,351,354,355,356,357,359,382,429,647,715,754,891,1118,1269,1280,1289,1293,1294,1295,1322,1473,1480,1481,1549,1681,1814,1843,2197,2315,2824,2844,3606,3703,5656,6225,6244,7213,7296,7301,7316,7658,7868,8199,8364,8581,8798,9125,9126,9127,9128,9129,
126;0;7893;7914;0;18,19,21,26,34,37,55,61,100,137,144,145,150,196,212,225,226,229,241,288,291,292,295,329,351,429,644,647,686,715,754,855,891,1118,1121,1269,1280,1289,1293,1294,1295,1322,1361,1473,1480,1481,1502,1549,1670,1681,1734,1814,1843,2052,2197,2315,2640,2816,2824,2844,2998,3606,3618,3703,3711,3712,5656,5715,5716,5717,5718,5719,5720,5721,6225,6244,7296,7301,7658,8199,
126;1;7914;7979;0;3,100,104,139,144,149,225,262,301,321,333,438,766,831,833,834,835,854,855,863,948,949,1093,1133,1136,1233,1236,1293,1322,1453,1478,1501,1529,1608,1749,1809,1817,2053,2222,2428,2450,2451,2452,2453,2626,2633,2661,2711,2961,3293,3459,3511,3512,3516,3517,3518,3519,3520,3521,3523,3524,3525,4371,4471,4535,4553,6101,6107,7883,8555,8557,8559,8642,9089,9090,9091,9092,9093,9094,9095,
680;0;7979;8062;0;3,100,104,139,144,149,225,262,301,321,333,438,766,831,833,834,835,854,855,863,948,949,1093,1133,1136,1233,1236,1293,1322,1453,1478,1501,1529,1608,1749,1809,1817,2053,2222,2428,2450,2451,2452,2453,2626,2633,2661,2711,2961,3293,3459,3511,3512,3516,3517,3518,3519,3520,3521,3523,3524,3525,4371,4471,4535,4553,6101,6107,7883,8555,8557,8559,8642,9089,9090,9091,9092,9093,9094,9095,
527;0;8062;8142;0;3,100,104,139,144,149,225,262,301,321,333,438,766,831,833,834,835,854,855,863,948,949,1093,1133,1136,1233,1236,1293,1322,1453,1478,1501,1529,1608,1749,1809,1817,2053,2222,2428,2450,2451,2452,2453,2626,2633,2661,2711,2961,3293,3459,3511,3512,3516,3517,3518,3519,3520,3521,3523,3524,3525,4371,4471,4535,4553,6101,6107,7883,8555,8557,8559,8642,9089,9090,9091,9092,9093,9094,9095,
574;0;8142;8220;0;3,100,104,139,144,149,225,262,301,321,333,438,766,831,833,834,835,854,855,863,948,949,1093,1133,1136,1233,1236,1293,1322,1453,1478,1501,1529,1608,1749,1809,1817,2053,2222,2428,2450,2451,2452,2453,2626,2633,2661,2711,2961,3293,3459,3511,3512,3516,3517,3518,3519,3520,3521,3523,3524,3525,4371,4471,4535,4553,6101,6107,7883,8555,8557,8559,8642,9089,9090,9091,9092,9093,9094,9095,
768;0;8220;8297;0;3,100,104,139,144,149,225,262,301,321,333,438,766,831,833,834,835,854,855,863,948,949,1093,1133,1136,1233,1236,1293,1322,1453,1478,1501,1529,1608,1749,1809,1817,2053,2222,2428,2450,2451,2452,2453,2626,2633,2661,2711,2961,3293,3459,3511,3512,3516,3517,3518,3519,3520,3521,3523,3524,3525,4371,4471,4535,4553,6101,6107,7883,8555,8557,8559,8642,9089,9090,9091,9092,9093,9094,9095,
635;0;8640;8716;0;3,27,100,104,139,144,149,189,225,247,262,301,321,333,438,734,766,831,833,834,835,854,855,863,948,949,1093,1133,1136,1233,1236,1270,1293,1322,1453,1478,1501,1529,1608,1749,1809,1817,2053,2154,2222,2428,2450,2451,2452,2453,2626,2633,2661,2711,2961,3293,3459,3511,3512,3516,3517,3518,3519,3520,3521,3523,3524,3525,4371,4471,4535,4553,6101,6107,7883,8555,8557,8559,8642,9089,
561;0;8716;8787;0;3,27,97,100,104,139,144,149,189,225,247,260,262,301,321,333,345,395,438,584,734,766,831,833,834,835,854,855,863,890,948,949,1093,1133,1136,1233,1236,1270,1293,1322,1374,1453,1478,1501,1529,1608,1749,1756,1809,1817,2053,2154,2222,2405,2428,2450,2451,2452,2453,2626,2633,2645,2661,2711,2961,2988,3293,3459,3511,3519,3699,4553,5867,6101,6107,6198,6199,6200,6201,8559,
645;0;8787;8855;0;3,27,97,100,104,139,144,149,189,225,247,260,262,276,297,301,321,333,345,395,438,584,734,766,831,833,834,835,854,855,863,890,931,947,948,949,1093,1133,1136,1151,1168,1233,1236,1270,1293,1322,1374,1453,1478,1501,1519,1528,1608,1674,1809,2428,2491,2626,2645,2667,2737,3531,3638,4400,4553,5456,5656,5774,5841,6022,6101,6107,6441,7320,7463,8022,8095,8303,8559,8578,
578;0;8855;8917;0;3,27,97,100,104,139,144,149,189,225,247,260,262,276,297,301,321,333,340,345,395,438,584,734,766,831,833,834,835,851,854,855,863,890,931,947,948,949,1093,1133,1136,1151,1168,1233,1236,1270,1293,1322,1374,1453,1478,1501,1519,1528,1608,1674,1809,2428,2491,2626,2645,2667,2737,2891,3745,4553,6022,6101,6107,8134,8137,8190,8197,8198,8199,8200,8203,8204,8205,8559,
567;0;8917;8977;0;3,27,97,100,104,139,144,149,189,225,247,260,262,276,297,301,321,333,340,345,395,438,584,734,766,831,833,834,835,851,854,855,863,890,931,947,948,949,1093,1118,1133,1136,1151,1168,1233,1236,1270,1293,1322,1374,1453,1478,1501,1519,1528,1608,1674,1809,2428,2491,2626,2645,2667,2737,2891,3745,4553,5685,6022,6101,6107,8057,8134,8137,8190,8197,8198,8199,8200,8559,
748;0;8977;9032;0;3,27,97,100,104,139,144,149,189,225,247,260,262,276,297,301,321,333,340,345,395,438,584,734,766,831,833,834,835,851,854,855,863,890,931,947,948,949,1093,1118,1133,1136,1151,1168,1233,1236,1270,1293,1322,1374,1453,1478,1501,1519,1528,1608,1674,1809,2428,2491,2626,2645,2667,3311,3475,3498,3664,3672,3681,3683,3685,3724,3725,3745,4553,5685,6022,6101,6107,8559,
517;0;9032;9085;0;3,27,97,100,104,139,144,149,189,225,247,260,262,276,297,301,321,333,340,345,395,438,584,734,766,831,833,834,835,851,854,855,863,890,931,947,948,949,1093,1118,1133,1136,1151,1168,1233,1236,1270,1289,1293,1322,1374,1453,1478,1501,1519,1528,1608,1674,1809,2233,2407,2428,2491,2626,2645,2667,3311,3498,3700,3745,3942,4431,4553,5320,5685,6022,6101,6107,6957,8559,
770;0;9085;9137;0;3,27,97,100,104,137,139,144,149,189,225,247,260,262,276,288,297,301,321,333,340,345,395,438,584,644,647,734,766,831,833,834,835,851,854,855,863,890,931,947,948,949,1093,1118,1133,1136,1151,1168,1233,1236,1270,1289,1293,1322,1374,1453,1478,1501,1519,1528,1608,1674,1809,2233,2407,2428,2491,2626,2645,2667,3311,3498,3700,3745,4553,5685,6022,6101,6107,8559,
605;0;9137;9186;0;3,27,87,97,100,104,137,139,144,149,189,225,247,260,262,276,288,297,301,321,333,340,345,395,438,584,644,647,691,734,766,831,833,834,835,851,854,855,863,890,931,947,948,949,1093,1118,1133,1136,1151,1168,1233,1236,1270,1289,1293,1322,1374,1453,1478,1608,1809,2407,2428,2626,2627,2645,2986,3498,3618,3745,4553,4744,4745,4746,4791,5685,6022,6101,6107,8559,
549;0;9186;9234;0;3,19,27,34,38,40,46,87,97,100,104,137,139,144,149,189,225,247,260,262,276,288,297,301,321,333,340,345,364,395,438,476,546,584,644,647,691,722,734,766,778,831,833,834,835,851,854,948,949,1118,1133,1233,1270,1289,1293,1322,1390,1478,1560,1608,1809,2091,2197,2407,2428,2626,2645,3498,3745,3766,4553,4645,5685,5825,6022,6101,6107,6244,7658,8559,
597;0;9234;9278;0;3,19,27,38,46,97,100,137,139,144,145,149,225,231,247,262,288,291,301,321,329,377,397,429,647,838,839,854,901,948,949,1118,1133,1170,1233,1270,1289,1293,1322,1390,1478,1608,1809,1884,2091,2197,2407,2428,2504,2626,2645,2774,2778,3263,3435,3498,4553,4604,4605,4606,4612,4759,4800,5043,5685,5890,5891,5892,5894,5895,5898,5899,5901,6022,6126,6127,6128,6129,6130,8559,
723;0;9278;9317;0;3,4,19,27,38,46,97,100,137,139,144,145,149,225,231,247,262,277,288,291,301,320,321,329,377,397,429,647,677,838,839,854,901,948,949,1070,1118,1133,1147,1170,1233,1270,1289,1293,1322,1390,1428,1478,1608,1809,1843,1884,2091,2197,2321,2407,2428,2504,2625,2626,2645,2774,2778,2899,3147,3249,3280,3435,3498,3527,4553,5685,6022,6129,6682,8098,8559,8842,8844,8847,
725;0;9317;9353;0;3,4,19,27,38,46,97,100,137,139,144,145,149,225,231,247,262,277,288,291,301,320,321,329,377,397,429,647,677,838,839,854,901,948,949,1070,1118,1133,1147,1170,1233,1270,1289,1293,1322,1390,1428,1478,1570,1608,1809,1843,1884,2091,2197,2321,2407,2428,2504,2625,2626,2645,2774,2778,2899,3147,3249,3280,3435,3498,3527,4553,5685,6022,6129,6682,8098,8559,8842,8844,
570;0;9353;9387;0;4,26,44,46,55,100,137,143,144,149,170,218,225,245,262,288,291,301,329,377,404,518,591,640,645,677,912,1057,1293,1474,1476,1478,1541,1565,1608,1716,1763,1980,1993,2034,2035,2052,2059,2060,2061,2062,2063,2064,2065,2066,2067,2068,2069,2070,2091,2128,2197,2315,2326,2428,2458,2626,2645,2845,3045,3060,3120,3121,3284,3435,4472,5741,5749,5779,6022,6234,6865,6866,6867,7709,
623;0;9387;9418;0;4,26,44,46,55,100,137,143,144,149,170,218,225,245,262,288,291,301,329,377,404,518,591,640,645,677,912,1057,1293,1474,1476,1478,1541,1565,1608,1716,1763,1980,1993,2034,2035,2052,2059,2060,2061,2062,2063,2064,2065,2066,2067,2068,2069,2070,2091,2128,2197,2315,2326,2428,2458,2626,2645,2845,3045,3060,3120,3121,3284,3435,4472,5741,5749,5779,6022,6234,6865,6866,6867,7709,
199;0;9418;9432;0;4,26,44,46,55,100,137,143,144,149,170,218,225,245,262,288,291,301,329,377,404,518,591,640,645,677,912,1057,1293,1474,1476,1478,1541,1565,1608,1716,1763,1980,1993,2034,2035,2052,2059,2060,2061,2062,2063,2064,2065,2066,2067,2068,2069,2070,2091,2128,2197,2315,2326,2428,2458,2626,2645,2845,3045,3060,3120,3121,3284,3435,4472,5741,5749,5779,6022,6234,6865,6866,6867,7709,
199;1;9432;9446;0;4,26,44,46,55,100,137,143,144,149,170,218,225,245,262,288,291,301,329,377,404,518,591,640,645,677,912,1057,1293,1474,1476,1478,1541,1565,1608,1716,1763,1980,1993,2034,2035,2052,2059,2060,2061,2062,2063,2064,2065,2066,2067,2068,2069,2070,2091,2128,2197,2315,2326,2428,2458,2626,2645,2845,3045,3060,3120,3121,3284,3435,4472,5741,5749,5779,6022,6234,6865,6866,6867,7709,
591;0;9446;9468;0;4,26,44,46,55,100,137,143,144,149,170,218,225,245,262,288,291,301,329,377,404,518,591,640,645,677,912,1057,1293,1474,1476,1478,1541,1565,1608,1716,1763,1980,1993,2034,2035,2052,2059,2060,2061,2062,2063,2064,2065,2066,2067,2068,2069,2070,2091,2128,2197,2315,2326,2428,2458,2626,2645,2845,3045,3060,3120,3121,3284,3435,4472,5741,5749,5779,6022,6234,6865,6866,6867,7709,
END
fineshedJobsCount: 523
switchs: 6447
switchsInstances: 329
unfineshedPriorityCount: 138
finalSolution: 1813
totalUnfineshed: 277
Time: 59
