./input/BaseInstances/6M2_n=629,r=0.4,t=629,v0.txt;./input/Processed/ToolSetInt.csv
7;720;1440
Machine: 0
0;0;0;117;1;0,1,2,3,4,5,6,7,15,16,17,18,23,24,25,26,27,28,29,30,31,32,33,34,39,40,41,42,43,55,60,71,89,90,91,94,184,185,212,222,223,224,225,226,227,228,229,264,273,333,334,335,336,385,386,387,388,389,390,391,392,393,394,395,396,422,423,424,425,426,427,428,429,430,431,432,558,559,560,601,
0;1;117;163;1;0,1,2,3,4,5,6,7,15,16,17,18,23,24,25,26,27,28,29,30,31,32,33,34,39,40,41,42,43,55,60,71,89,90,91,94,184,185,212,222,223,224,225,226,227,228,229,264,273,333,334,335,336,385,386,387,388,389,390,391,392,393,394,395,396,422,423,424,425,426,427,428,429,430,431,432,558,559,560,601,
310;0;163;314;1;0,1,2,3,4,5,6,7,15,16,17,18,23,24,25,26,27,28,29,30,31,32,33,34,39,40,41,42,43,55,60,71,89,90,91,94,184,185,212,222,223,224,225,226,227,228,229,264,273,333,334,335,336,385,386,387,388,389,390,391,392,393,394,395,396,422,423,424,425,426,427,428,429,430,431,432,558,559,560,601,
48;0;314;340;0;0,1,2,3,4,5,6,7,15,16,17,18,23,24,25,26,27,28,29,30,31,32,33,34,39,40,41,42,43,55,60,71,89,90,91,94,184,185,212,222,223,224,225,226,227,228,229,264,273,333,334,335,336,385,386,387,388,389,390,391,392,393,394,395,396,422,423,424,425,426,427,428,429,430,431,432,558,559,560,601,
140;0;340;455;1;0,1,2,3,4,5,6,7,15,16,17,18,23,24,25,26,27,28,29,30,31,32,33,34,39,40,41,42,43,55,60,71,89,90,91,94,184,185,212,222,223,224,225,226,227,228,229,264,273,333,334,335,336,385,386,387,388,389,390,391,392,393,394,395,396,422,423,424,425,426,427,428,429,430,431,432,558,559,560,601,
304;0;455;477;1;0,1,2,3,4,5,6,7,15,16,17,18,23,24,25,26,27,28,29,30,31,32,33,34,39,40,41,42,43,55,60,71,89,90,91,94,184,185,212,222,223,224,225,226,227,228,229,264,273,333,334,335,336,385,386,387,388,389,390,391,392,393,394,395,396,422,423,424,425,426,427,428,429,430,431,432,558,559,560,601,
304;1;477;589;1;0,1,2,3,4,5,6,7,15,16,17,18,23,24,25,26,27,28,29,30,31,32,33,34,39,40,41,42,43,55,60,71,89,90,91,94,184,185,212,222,223,224,225,226,227,228,229,264,273,333,334,335,336,385,386,387,388,389,390,391,392,393,394,395,396,422,423,424,425,426,427,428,429,430,431,432,558,559,560,601,
321;0;589;639;1;0,1,2,3,4,5,6,7,15,16,17,18,23,24,25,26,27,28,29,30,31,32,33,34,39,40,41,42,43,55,60,71,89,90,91,94,184,185,212,222,223,224,225,226,227,228,229,264,273,333,334,335,336,385,386,387,388,389,390,391,392,393,394,395,396,422,423,424,425,426,427,428,429,430,431,432,558,559,560,601,
400;0;639;751;1;0,1,2,3,4,5,6,7,15,16,17,18,23,24,25,26,27,28,29,30,31,32,33,34,39,40,41,42,43,55,60,71,89,90,91,94,184,185,212,222,223,224,225,226,227,228,229,264,273,333,334,335,336,385,386,387,388,389,390,391,392,393,394,395,396,422,423,424,425,426,427,428,429,430,431,432,558,559,560,601,
98;0;751;831;0;0,1,2,3,4,5,6,7,15,16,17,18,23,24,25,26,27,28,29,30,31,32,33,34,39,40,41,42,43,55,60,71,89,90,91,94,184,185,212,222,223,224,225,226,227,228,229,264,273,333,334,335,336,385,386,387,388,389,390,391,392,393,394,395,396,422,423,424,425,426,427,428,429,430,431,432,558,559,560,601,
308;0;831;911;0;0,1,2,3,4,5,6,7,15,16,17,18,23,24,25,26,27,28,29,30,31,32,33,34,39,40,41,42,43,55,60,71,89,90,91,94,184,185,212,222,223,224,225,226,227,228,229,264,273,333,334,335,336,385,386,387,388,389,390,391,392,393,394,395,396,422,423,424,425,426,427,428,429,430,431,432,558,559,560,601,
392;0;911;1082;0;0,1,2,3,4,5,6,7,15,16,17,18,23,24,25,26,27,28,29,30,31,32,33,34,39,40,41,42,43,55,60,71,89,90,91,94,184,185,212,222,223,224,225,226,227,228,229,264,273,333,334,335,336,385,386,387,388,389,390,391,392,393,394,395,396,422,423,424,425,426,427,428,429,430,431,432,558,559,560,601,
392;1;1082;1121;0;0,1,2,3,4,5,6,7,15,16,17,18,23,24,25,26,27,28,29,30,31,32,33,34,39,40,41,42,43,55,60,71,89,90,91,94,184,185,212,222,223,224,225,226,227,228,229,264,273,333,334,335,336,385,386,387,388,389,390,391,392,393,394,395,396,422,423,424,425,426,427,428,429,430,431,432,558,559,560,601,
360;0;1121;1125;1;0,1,2,3,4,5,6,7,15,16,17,18,23,24,25,26,27,28,29,30,31,32,33,34,39,40,41,42,43,55,60,71,89,90,91,94,184,185,212,222,223,224,225,226,227,228,229,264,273,333,334,335,336,385,386,387,388,389,390,391,392,393,394,395,396,422,423,424,425,426,427,428,429,430,431,432,558,559,560,601,
426;0;1125;1129;0;0,1,2,3,4,5,6,7,15,16,17,18,23,24,25,26,27,28,29,30,31,32,33,34,39,40,41,42,43,55,60,71,89,90,91,94,184,185,212,222,223,224,225,226,227,228,229,264,273,333,334,335,336,385,386,387,388,389,390,391,392,393,394,395,396,422,423,424,425,426,427,428,429,430,431,432,558,559,560,601,
103;0;1129;1234;1;0,1,2,3,4,5,6,7,15,16,17,18,23,24,25,26,27,28,29,30,31,32,33,34,39,40,41,42,43,55,60,71,89,90,91,94,184,185,212,222,223,224,225,226,227,228,229,264,273,333,334,335,336,385,386,387,388,389,390,391,392,393,394,395,396,422,423,424,425,426,427,428,429,430,431,432,558,559,560,601,
122;0;1234;1302;0;0,1,2,3,4,5,6,7,15,16,17,18,23,24,25,26,27,28,29,30,31,32,33,34,39,40,41,42,43,55,60,71,89,90,91,94,184,185,212,222,223,224,225,226,227,228,229,264,273,333,334,335,336,385,386,387,388,389,390,391,392,393,394,395,396,422,423,424,425,426,427,428,429,430,431,432,558,559,560,601,
122;1;1302;1380;0;0,1,2,3,4,5,6,7,15,16,17,18,23,24,25,26,27,28,29,30,31,32,33,34,39,40,41,42,43,55,60,71,89,90,91,94,184,185,212,222,223,224,225,226,227,228,229,264,273,333,334,335,336,385,386,387,388,389,390,391,392,393,394,395,396,422,423,424,425,426,427,428,429,430,431,432,558,559,560,601,
188;0;1380;1458;0;0,1,2,3,4,5,6,7,15,16,17,18,23,24,25,26,27,28,29,30,31,32,33,34,39,40,41,42,43,55,60,71,89,90,91,94,184,185,212,222,223,224,225,226,227,228,229,264,273,333,334,335,336,385,386,387,388,389,390,391,392,393,394,395,396,422,423,424,425,426,427,428,429,430,431,432,558,559,560,601,
320;0;1458;1563;1;0,1,2,3,4,5,6,7,15,16,17,18,23,24,25,26,27,28,29,30,31,32,33,34,39,40,41,42,43,55,60,71,89,90,91,94,184,185,212,222,223,224,225,226,227,228,229,264,273,333,334,335,336,385,386,387,388,389,390,391,392,393,394,395,396,422,423,424,425,426,427,428,429,430,431,432,558,559,560,601,
139;0;1563;1604;0;0,1,2,3,4,5,6,7,15,16,17,18,23,24,25,26,27,28,29,30,31,32,33,34,39,40,41,42,43,55,60,71,89,90,91,94,184,185,212,222,223,224,225,226,227,228,229,264,273,333,334,335,336,385,386,387,388,389,390,391,392,393,394,395,396,422,423,424,425,426,427,428,429,430,431,432,558,559,560,601,
139;1;1604;1610;0;0,1,2,3,4,5,6,7,15,16,17,18,23,24,25,26,27,28,29,30,31,32,33,34,39,40,41,42,43,55,60,71,89,90,91,94,184,185,212,222,223,224,225,226,227,228,229,264,273,333,334,335,336,385,386,387,388,389,390,391,392,393,394,395,396,422,423,424,425,426,427,428,429,430,431,432,558,559,560,601,
369;0;1610;1734;0;0,1,2,3,4,5,6,7,15,16,17,18,23,24,25,26,27,28,29,30,31,32,33,34,39,40,41,42,43,55,60,71,89,90,91,94,184,185,212,222,223,224,225,226,227,228,229,264,273,333,334,335,336,385,386,387,388,389,390,391,392,393,394,395,396,422,423,424,425,426,427,428,429,430,431,432,558,559,560,601,
369;1;1734;1740;0;0,1,2,3,4,5,6,7,15,16,17,18,23,24,25,26,27,28,29,30,31,32,33,34,39,40,41,42,43,55,60,71,89,90,91,94,184,185,212,222,223,224,225,226,227,228,229,264,273,333,334,335,336,385,386,387,388,389,390,391,392,393,394,395,396,422,423,424,425,426,427,428,429,430,431,432,558,559,560,601,
5;0;1740;1769;0;0,1,2,3,4,5,6,7,15,16,17,18,23,24,25,26,27,28,29,30,31,32,33,34,39,40,41,42,43,55,60,71,89,90,91,94,184,185,212,222,223,224,225,226,227,228,229,264,273,333,334,335,336,385,386,387,388,389,390,391,392,393,394,395,396,422,423,424,425,426,427,428,429,430,431,432,558,559,560,601,
26;0;1769;1813;0;0,1,2,3,4,5,6,7,15,16,17,18,23,24,25,26,27,28,29,30,31,32,33,34,39,40,41,42,43,55,60,71,89,90,91,94,184,185,212,222,223,224,225,226,227,228,229,264,273,333,334,335,336,385,386,387,388,389,390,391,392,393,394,395,396,422,423,424,425,426,427,428,429,430,431,432,558,559,560,601,
40;0;1813;1842;1;0,1,2,3,4,5,6,7,15,16,17,18,23,24,25,26,27,28,29,30,31,32,33,34,39,40,41,42,43,55,60,71,89,90,91,94,184,185,212,222,223,224,225,226,227,228,229,264,273,333,334,335,336,385,386,387,388,389,390,391,392,393,394,395,396,422,423,424,425,426,427,428,429,430,431,432,558,559,560,601,
340;0;1842;1886;1;0,1,2,3,4,5,6,7,15,16,17,18,23,24,25,26,27,28,29,30,31,32,33,34,39,40,41,42,43,55,60,71,89,90,91,94,184,185,212,222,223,224,225,226,227,228,229,264,273,333,334,335,336,385,386,387,388,389,390,391,392,393,394,395,396,422,423,424,425,426,427,428,429,430,431,432,558,559,560,601,
96;0;1886;1962;0;0,1,2,3,4,5,6,7,15,16,17,18,23,24,25,26,27,28,29,30,31,32,33,34,39,40,41,42,43,55,60,71,89,90,91,94,184,185,212,222,223,224,225,226,227,228,229,264,273,333,334,335,336,385,386,387,388,389,390,391,392,393,394,395,396,422,423,424,425,426,427,428,429,430,431,432,558,559,560,601,
174;0;1962;1973;1;0,1,2,3,4,5,6,7,15,16,17,18,23,24,25,26,27,28,29,30,31,32,33,34,39,40,41,42,43,55,60,71,89,90,91,94,184,185,212,222,223,224,225,226,227,228,229,264,273,333,334,335,336,385,386,387,388,389,390,391,392,393,394,395,396,422,423,424,425,426,427,428,429,430,431,432,558,559,560,601,
174;1;1973;2049;1;0,1,2,3,4,5,6,7,15,16,17,18,23,24,25,26,27,28,29,30,31,32,33,34,39,40,41,42,43,55,60,71,89,90,91,94,184,185,212,222,223,224,225,226,227,228,229,264,273,333,334,335,336,385,386,387,388,389,390,391,392,393,394,395,396,422,423,424,425,426,427,428,429,430,431,432,558,559,560,601,
198;0;2049;2125;0;0,1,2,3,4,5,6,7,15,16,17,18,23,24,25,26,27,28,29,30,31,32,33,34,39,40,41,42,43,55,60,71,89,90,91,94,184,185,212,222,223,224,225,226,227,228,229,264,273,333,334,335,336,385,386,387,388,389,390,391,392,393,394,395,396,422,423,424,425,426,427,428,429,430,431,432,558,559,560,601,
251;0;2125;2129;1;0,1,2,3,4,5,6,7,15,16,17,18,23,24,25,26,27,28,29,30,31,32,33,34,39,40,41,42,43,55,60,71,89,90,91,94,184,185,212,222,223,224,225,226,227,228,229,264,273,333,334,335,336,385,386,387,388,389,390,391,392,393,394,395,396,422,423,424,425,426,427,428,429,430,431,432,558,559,560,601,
266;0;2129;2133;0;0,1,2,3,4,5,6,7,15,16,17,18,23,24,25,26,27,28,29,30,31,32,33,34,39,40,41,42,43,55,60,71,89,90,91,94,184,185,212,222,223,224,225,226,227,228,229,264,273,333,334,335,336,385,386,387,388,389,390,391,392,393,394,395,396,422,423,424,425,426,427,428,429,430,431,432,558,559,560,601,
277;0;2133;2180;1;0,1,2,3,4,5,6,7,15,16,17,18,23,24,25,26,27,28,29,30,31,32,33,34,39,40,41,42,43,55,60,71,89,90,91,94,184,185,212,222,223,224,225,226,227,228,229,264,273,333,334,335,336,385,386,387,388,389,390,391,392,393,394,395,396,422,423,424,425,426,427,428,429,430,431,432,558,559,560,601,
277;1;2180;2184;1;0,1,2,3,4,5,6,7,15,16,17,18,23,24,25,26,27,28,29,30,31,32,33,34,39,40,41,42,43,55,60,71,89,90,91,94,184,185,212,222,223,224,225,226,227,228,229,264,273,333,334,335,336,385,386,387,388,389,390,391,392,393,394,395,396,422,423,424,425,426,427,428,429,430,431,432,558,559,560,601,
163;0;2184;2340;1;0,1,2,3,4,5,6,7,15,16,17,18,23,24,25,26,27,28,29,30,31,32,33,34,39,40,41,42,43,55,60,71,89,90,91,94,184,185,212,222,223,224,225,226,227,228,229,264,273,333,334,335,336,385,386,387,388,389,390,391,392,393,394,395,396,422,423,424,425,426,427,428,429,430,431,432,558,559,560,601,
414;0;2340;2402;1;0,1,2,3,4,5,6,7,15,16,17,18,23,24,25,26,27,28,29,30,31,32,33,34,39,40,41,42,43,55,60,71,89,90,91,94,184,185,212,222,223,224,225,226,227,228,229,264,273,333,334,335,336,385,386,387,388,389,390,391,392,393,394,395,396,422,423,424,425,426,427,428,429,430,431,432,558,559,560,601,
414;1;2402;2558;1;0,1,2,3,4,5,6,7,15,16,17,18,23,24,25,26,27,28,29,30,31,32,33,34,39,40,41,42,43,55,60,71,89,90,91,94,184,185,212,222,223,224,225,226,227,228,229,264,273,333,334,335,336,385,386,387,388,389,390,391,392,393,394,395,396,422,423,424,425,426,427,428,429,430,431,432,558,559,560,601,
219;0;2558;2635;0;0,1,2,3,4,5,6,7,15,16,17,18,23,24,25,26,27,28,29,30,31,32,33,34,39,40,41,42,43,55,60,71,89,90,91,94,184,185,212,222,223,224,225,226,227,228,229,264,273,333,334,335,336,385,386,387,388,389,390,391,392,393,394,395,396,422,423,424,425,426,427,428,429,430,431,432,558,559,560,601,
219;1;2635;2796;0;0,1,2,3,4,5,6,7,15,16,17,18,23,24,25,26,27,28,29,30,31,32,33,34,39,40,41,42,43,55,60,71,89,90,91,94,184,185,212,222,223,224,225,226,227,228,229,264,273,333,334,335,336,385,386,387,388,389,390,391,392,393,394,395,396,422,423,424,425,426,427,428,429,430,431,432,558,559,560,601,
377;0;2796;2827;1;0,1,2,3,4,5,6,7,15,16,17,18,23,24,25,26,27,28,29,30,31,32,33,34,39,40,41,42,43,55,60,71,89,90,91,94,184,185,212,222,223,224,225,226,227,228,229,264,273,333,334,335,336,385,386,387,388,389,390,391,392,393,394,395,396,422,423,424,425,426,427,428,429,430,431,432,558,559,560,601,
377;1;2827;2988;1;0,1,2,3,4,5,6,7,15,16,17,18,23,24,25,26,27,28,29,30,31,32,33,34,39,40,41,42,43,55,60,71,89,90,91,94,184,185,212,222,223,224,225,226,227,228,229,264,273,333,334,335,336,385,386,387,388,389,390,391,392,393,394,395,396,422,423,424,425,426,427,428,429,430,431,432,558,559,560,601,
101;0;2988;3091;1;0,1,2,3,4,5,6,7,15,16,17,18,23,24,25,26,27,28,29,30,31,32,33,34,39,40,41,42,43,55,60,71,89,90,91,94,184,185,212,222,223,224,225,226,227,228,229,264,273,333,334,335,336,385,386,387,388,389,390,391,392,393,394,395,396,422,423,424,425,426,427,428,429,430,431,432,558,559,560,601,
159;0;3091;3238;0;0,1,2,3,4,5,6,7,15,16,17,18,23,24,25,26,27,28,29,30,31,32,33,34,39,40,41,42,43,55,60,71,89,90,91,94,184,185,212,222,223,224,225,226,227,228,229,264,273,333,334,335,336,385,386,387,388,389,390,391,392,393,394,395,396,422,423,424,425,426,427,428,429,430,431,432,558,559,560,601,
159;1;3238;3341;0;0,1,2,3,4,5,6,7,15,16,17,18,23,24,25,26,27,28,29,30,31,32,33,34,39,40,41,42,43,55,60,71,89,90,91,94,184,185,212,222,223,224,225,226,227,228,229,264,273,333,334,335,336,385,386,387,388,389,390,391,392,393,394,395,396,422,423,424,425,426,427,428,429,430,431,432,558,559,560,601,
214;0;3341;3355;1;0,1,2,3,4,5,6,7,15,16,17,18,23,24,25,26,27,28,29,30,31,32,33,34,39,40,41,42,43,55,60,71,89,90,91,94,184,185,212,222,223,224,225,226,227,228,229,264,273,333,334,335,336,385,386,387,388,389,390,391,392,393,394,395,396,422,423,424,425,426,427,428,429,430,431,432,558,559,560,601,
214;1;3355;3458;1;0,1,2,3,4,5,6,7,15,16,17,18,23,24,25,26,27,28,29,30,31,32,33,34,39,40,41,42,43,55,60,71,89,90,91,94,184,185,212,222,223,224,225,226,227,228,229,264,273,333,334,335,336,385,386,387,388,389,390,391,392,393,394,395,396,422,423,424,425,426,427,428,429,430,431,432,558,559,560,601,
314;0;3458;3478;1;0,1,2,3,4,5,6,7,15,16,17,18,23,24,25,26,27,28,29,30,31,32,33,34,39,40,41,42,43,55,60,71,89,90,91,94,184,185,212,222,223,224,225,226,227,228,229,264,273,333,334,335,336,385,386,387,388,389,390,391,392,393,394,395,396,422,423,424,425,426,427,428,429,430,431,432,558,559,560,601,
314;1;3478;3526;1;0,1,2,3,4,5,6,7,15,16,17,18,23,24,25,26,27,28,29,30,31,32,33,34,39,40,41,42,43,55,60,71,89,90,91,94,184,185,212,222,223,224,225,226,227,228,229,264,273,333,334,335,336,385,386,387,388,389,390,391,392,393,394,395,396,422,423,424,425,426,427,428,429,430,431,432,558,559,560,601,
318;0;3526;3574;0;0,1,2,3,4,5,6,7,15,16,17,18,23,24,25,26,27,28,29,30,31,32,33,34,39,40,41,42,43,55,60,71,89,90,91,94,184,185,212,222,223,224,225,226,227,228,229,264,273,333,334,335,336,385,386,387,388,389,390,391,392,393,394,395,396,422,423,424,425,426,427,428,429,430,431,432,558,559,560,601,
410;0;3574;3622;1;0,1,2,3,4,5,6,7,15,16,17,18,23,24,25,26,27,28,29,30,31,32,33,34,39,40,41,42,43,55,60,71,89,90,91,94,184,185,212,222,223,224,225,226,227,228,229,264,273,333,334,335,336,385,386,387,388,389,390,391,392,393,394,395,396,422,423,424,425,426,427,428,429,430,431,432,558,559,560,601,
100;0;3622;3741;1;0,1,2,3,4,5,6,7,15,16,17,18,23,24,25,26,27,28,29,30,31,32,33,34,39,40,41,42,43,55,60,71,89,90,91,94,184,185,212,222,223,224,225,226,227,228,229,264,273,333,334,335,336,385,386,387,388,389,390,391,392,393,394,395,396,422,423,424,425,426,427,428,429,430,431,432,558,559,560,601,
168;0;3741;3860;0;0,1,2,3,4,5,6,7,15,16,17,18,23,24,25,26,27,28,29,30,31,32,33,34,39,40,41,42,43,55,60,71,89,90,91,94,184,185,212,222,223,224,225,226,227,228,229,264,273,333,334,335,336,385,386,387,388,389,390,391,392,393,394,395,396,422,423,424,425,426,427,428,429,430,431,432,558,559,560,601,
443;0;3860;3979;1;0,1,2,3,4,5,6,7,15,16,17,18,23,24,25,26,27,28,29,30,31,32,33,34,39,40,41,42,43,55,60,71,89,90,91,94,184,185,212,222,223,224,225,226,227,228,229,264,273,333,334,335,336,385,386,387,388,389,390,391,392,393,394,395,396,422,423,424,425,426,427,428,429,430,431,432,558,559,560,601,
39;0;3979;4109;0;0,1,2,3,4,5,6,7,15,16,17,18,23,24,25,26,27,28,29,30,31,32,33,34,39,40,41,42,43,55,60,71,89,90,91,94,184,185,212,222,223,224,225,226,227,228,229,264,273,333,334,335,336,385,386,387,388,389,390,391,392,393,394,395,396,422,423,424,425,426,427,428,429,430,431,432,558,559,560,601,
39;1;4109;4229;0;0,1,2,3,4,5,6,7,15,16,17,18,23,24,25,26,27,28,29,30,31,32,33,34,39,40,41,42,43,55,60,71,89,90,91,94,184,185,212,222,223,224,225,226,227,228,229,264,273,333,334,335,336,385,386,387,388,389,390,391,392,393,394,395,396,422,423,424,425,426,427,428,429,430,431,432,558,559,560,601,
255;0;4229;4349;0;0,1,2,3,4,5,6,7,15,16,17,18,23,24,25,26,27,28,29,30,31,32,33,34,39,40,41,42,43,55,60,71,89,90,91,94,184,185,212,222,223,224,225,226,227,228,229,264,273,333,334,335,336,385,386,387,388,389,390,391,392,393,394,395,396,422,423,424,425,426,427,428,429,430,431,432,558,559,560,601,
280;0;4349;4469;1;0,1,2,3,4,5,6,7,15,16,17,18,23,24,25,26,27,28,29,30,31,32,33,34,39,40,41,42,43,55,60,71,89,90,91,94,184,185,212,222,223,224,225,226,227,228,229,264,273,333,334,335,336,385,386,387,388,389,390,391,392,393,394,395,396,422,423,424,425,426,427,428,429,430,431,432,558,559,560,601,
126;0;4469;4598;0;0,1,2,3,4,5,6,7,15,16,17,18,23,24,25,26,27,28,29,30,31,32,33,34,39,40,41,42,43,55,60,71,89,90,91,94,184,185,212,222,223,224,225,226,227,228,229,264,273,333,334,335,336,385,386,387,388,389,390,391,392,393,394,395,396,422,423,424,425,426,427,428,429,430,431,432,558,559,560,601,
137;0;4598;4749;1;0,1,2,3,4,5,6,7,15,16,17,18,23,24,25,26,27,28,29,30,31,32,33,34,39,40,41,42,43,55,60,71,89,90,91,94,184,185,212,222,223,224,225,226,227,228,229,264,273,333,334,335,336,385,386,387,388,389,390,391,392,393,394,395,396,422,423,424,425,426,427,428,429,430,431,432,558,559,560,601,
137;1;4749;4878;1;0,1,2,3,4,5,6,7,15,16,17,18,23,24,25,26,27,28,29,30,31,32,33,34,39,40,41,42,43,55,60,71,89,90,91,94,184,185,212,222,223,224,225,226,227,228,229,264,273,333,334,335,336,385,386,387,388,389,390,391,392,393,394,395,396,422,423,424,425,426,427,428,429,430,431,432,558,559,560,601,
164;0;4878;5003;1;0,1,2,3,4,5,6,7,15,16,17,18,23,24,25,26,27,28,29,30,31,32,33,34,39,40,41,42,43,55,60,71,89,90,91,94,184,185,212,222,223,224,225,226,227,228,229,264,273,333,334,335,336,385,386,387,388,389,390,391,392,393,394,395,396,422,423,424,425,426,427,428,429,430,431,432,558,559,560,601,
164;1;5003;5132;1;0,1,2,3,4,5,6,7,15,16,17,18,23,24,25,26,27,28,29,30,31,32,33,34,39,40,41,42,43,55,60,71,89,90,91,94,184,185,212,222,223,224,225,226,227,228,229,264,273,333,334,335,336,385,386,387,388,389,390,391,392,393,394,395,396,422,423,424,425,426,427,428,429,430,431,432,558,559,560,601,
246;0;5132;5261;0;0,1,2,3,4,5,6,7,15,16,17,18,23,24,25,26,27,28,29,30,31,32,33,34,39,40,41,42,43,55,60,71,89,90,91,94,184,185,212,222,223,224,225,226,227,228,229,264,273,333,334,335,336,385,386,387,388,389,390,391,392,393,394,395,396,422,423,424,425,426,427,428,429,430,431,432,558,559,560,601,
50;0;5261;5431;1;0,1,2,3,4,5,6,7,15,16,17,18,23,24,25,26,27,28,29,30,31,32,33,34,39,40,41,42,43,55,60,71,89,90,91,94,184,185,212,222,223,224,225,226,227,228,229,264,273,333,334,335,336,385,386,387,388,389,390,391,392,393,394,395,396,422,423,424,425,426,427,428,429,430,431,432,558,559,560,601,
64;0;5431;5525;1;0,1,2,3,4,5,6,7,15,16,17,18,23,24,25,26,27,28,29,30,31,32,33,34,39,40,41,42,43,55,60,71,89,90,91,94,184,185,212,222,223,224,225,226,227,228,229,264,273,333,334,335,336,385,386,387,388,389,390,391,392,393,394,395,396,422,423,424,425,426,427,428,429,430,431,432,558,559,560,601,
64;1;5525;5695;1;0,1,2,3,4,5,6,7,15,16,17,18,23,24,25,26,27,28,29,30,31,32,33,34,39,40,41,42,43,55,60,71,89,90,91,94,184,185,212,222,223,224,225,226,227,228,229,264,273,333,334,335,336,385,386,387,388,389,390,391,392,393,394,395,396,422,423,424,425,426,427,428,429,430,431,432,558,559,560,601,
368;0;5695;5735;0;0,1,2,3,4,5,6,7,15,16,17,18,23,24,25,26,27,28,29,30,31,32,33,34,39,40,41,42,43,55,60,71,89,90,91,94,184,185,212,222,223,224,225,226,227,228,229,264,273,333,334,335,336,385,386,387,388,389,390,391,392,393,394,395,396,422,423,424,425,426,427,428,429,430,431,432,558,559,560,601,
145;0;5735;5833;0;0,1,2,3,4,5,6,7,15,16,17,18,23,24,25,26,27,28,29,30,31,32,33,34,39,40,41,42,43,55,60,71,89,90,91,94,184,185,212,222,223,224,225,226,227,228,229,264,273,333,334,335,336,385,386,387,388,389,390,391,392,393,394,395,396,422,423,424,425,426,427,428,429,430,431,432,558,559,560,601,
348;0;5833;5931;0;0,1,2,3,4,5,6,7,15,16,17,18,23,24,25,26,27,28,29,30,31,32,33,34,39,40,41,42,43,55,60,71,89,90,91,94,184,185,212,222,223,224,225,226,227,228,229,264,273,333,334,335,336,385,386,387,388,389,390,391,392,393,394,395,396,422,423,424,425,426,427,428,429,430,431,432,558,559,560,601,
62;0;5931;5997;0;0,1,2,3,4,5,6,7,15,16,17,18,23,24,25,26,27,28,29,30,31,32,33,34,39,40,41,42,43,55,60,71,89,90,91,94,184,185,212,222,223,224,225,226,227,228,229,264,273,333,334,335,336,385,386,387,388,389,390,391,392,393,394,395,396,422,423,424,425,426,427,428,429,430,431,432,558,559,560,601,
62;1;5997;6087;0;0,1,2,3,4,5,6,7,15,16,17,18,23,24,25,26,27,28,29,30,31,32,33,34,39,40,41,42,43,55,60,71,89,90,91,94,184,185,212,222,223,224,225,226,227,228,229,264,273,333,334,335,336,385,386,387,388,389,390,391,392,393,394,395,396,422,423,424,425,426,427,428,429,430,431,432,558,559,560,601,
27;0;6087;6190;1;0,1,2,3,4,5,6,7,15,16,17,18,23,24,25,26,27,28,29,30,31,32,33,34,39,40,41,42,43,55,60,71,89,90,91,94,184,185,212,222,223,224,225,226,227,228,229,264,273,333,334,335,336,385,386,387,388,389,390,391,392,393,394,395,396,422,423,424,425,426,427,428,429,430,431,432,558,559,560,601,
27;1;6190;6220;1;0,1,2,3,4,5,6,7,15,16,17,18,23,24,25,26,27,28,29,30,31,32,33,34,39,40,41,42,43,55,60,71,89,90,91,94,184,185,212,222,223,224,225,226,227,228,229,264,273,333,334,335,336,385,386,387,388,389,390,391,392,393,394,395,396,422,423,424,425,426,427,428,429,430,431,432,558,559,560,601,
141;0;6220;6301;1;0,1,2,3,4,5,6,7,15,16,17,18,23,24,25,26,27,28,29,30,31,32,33,34,39,40,41,42,43,55,60,71,89,90,91,94,184,185,212,222,223,224,225,226,227,228,229,264,273,333,334,335,336,385,386,387,388,389,390,391,392,393,394,395,396,422,423,424,425,426,427,428,429,430,431,432,558,559,560,601,
291;0;6301;6332;1;0,1,2,3,4,5,6,7,15,16,17,18,23,24,25,26,27,28,29,30,31,32,33,34,39,40,41,42,43,55,60,71,89,90,91,94,184,185,212,222,223,224,225,226,227,228,229,264,273,333,334,335,336,385,386,387,388,389,390,391,392,393,394,395,396,422,423,424,425,426,427,428,429,430,431,432,558,559,560,601,
438;0;6332;6447;0;0,1,2,3,4,5,6,7,15,16,17,18,23,24,25,26,27,28,29,30,31,32,33,34,39,40,41,42,43,55,60,71,89,90,91,94,184,185,212,222,223,224,225,226,227,228,229,264,273,333,334,335,336,385,386,387,388,389,390,391,392,393,394,395,396,422,423,424,425,426,427,428,429,430,431,432,558,559,560,601,
49;0;6447;6620;0;0,1,2,3,4,5,6,7,15,16,17,18,23,24,25,26,27,28,29,30,31,32,33,34,39,40,41,42,43,55,60,71,89,90,91,94,184,185,212,222,223,224,225,226,227,228,229,264,273,333,334,335,336,385,386,387,388,389,390,391,392,393,394,395,396,422,423,424,425,426,427,428,429,430,431,432,558,559,560,601,
49;1;6620;6645;0;0,1,2,3,4,5,6,7,15,16,17,18,23,24,25,26,27,28,29,30,31,32,33,34,39,40,41,42,43,55,60,71,89,90,91,94,184,185,212,222,223,224,225,226,227,228,229,264,273,333,334,335,336,385,386,387,388,389,390,391,392,393,394,395,396,422,423,424,425,426,427,428,429,430,431,432,558,559,560,601,
147;0;6645;6802;1;0,1,2,3,4,5,6,7,15,16,17,18,23,24,25,26,27,28,29,30,31,32,33,34,39,40,41,42,43,55,60,71,89,90,91,94,184,185,212,222,223,224,225,226,227,228,229,264,273,333,334,335,336,385,386,387,388,389,390,391,392,393,394,395,396,422,423,424,425,426,427,428,429,430,431,432,558,559,560,601,
147;1;6802;6827;1;0,1,2,3,4,5,6,7,15,16,17,18,23,24,25,26,27,28,29,30,31,32,33,34,39,40,41,42,43,55,60,71,89,90,91,94,184,185,212,222,223,224,225,226,227,228,229,264,273,333,334,335,336,385,386,387,388,389,390,391,392,393,394,395,396,422,423,424,425,426,427,428,429,430,431,432,558,559,560,601,
114;0;6827;6896;1;0,1,2,3,4,5,6,7,15,16,17,18,23,24,25,26,27,28,29,30,31,32,33,34,39,40,41,42,43,55,60,71,89,90,91,94,184,185,212,222,223,224,225,226,227,228,229,264,273,333,334,335,336,385,386,387,388,389,390,391,392,393,394,395,396,422,423,424,425,426,427,428,429,430,431,432,558,559,560,601,
114;1;6896;6982;1;0,1,2,3,4,5,6,7,15,16,17,18,23,24,25,26,27,28,29,30,31,32,33,34,39,40,41,42,43,55,60,71,89,90,91,94,184,185,212,222,223,224,225,226,227,228,229,264,273,333,334,335,336,385,386,387,388,389,390,391,392,393,394,395,396,422,423,424,425,426,427,428,429,430,431,432,558,559,560,601,
115;0;6982;7002;0;0,1,2,3,4,5,6,7,15,16,17,18,23,24,25,26,27,28,29,30,31,32,33,34,39,40,41,42,43,55,60,71,89,90,91,94,184,185,212,222,223,224,225,226,227,228,229,264,273,333,334,335,336,385,386,387,388,389,390,391,392,393,394,395,396,422,423,424,425,426,427,428,429,430,431,432,558,559,560,601,
402;0;7002;7181;0;0,1,2,3,4,5,6,7,15,16,17,18,23,24,25,26,27,28,29,30,31,32,33,34,39,40,41,42,43,55,60,71,89,90,91,94,184,185,212,222,223,224,225,226,227,228,229,264,273,333,334,335,336,385,386,387,388,389,390,391,392,393,394,395,396,422,423,424,425,426,427,428,429,430,431,432,558,559,560,601,
402;1;7181;7267;0;0,1,2,3,4,5,6,7,15,16,17,18,23,24,25,26,27,28,29,30,31,32,33,34,39,40,41,42,43,55,60,71,89,90,91,94,184,185,212,222,223,224,225,226,227,228,229,264,273,333,334,335,336,385,386,387,388,389,390,391,392,393,394,395,396,422,423,424,425,426,427,428,429,430,431,432,558,559,560,601,
440;0;7267;7287;1;0,1,2,3,4,5,6,7,15,16,17,18,23,24,25,26,27,28,29,30,31,32,33,34,39,40,41,42,43,55,60,71,89,90,91,94,184,185,212,222,223,224,225,226,227,228,229,264,273,333,334,335,336,385,386,387,388,389,390,391,392,393,394,395,396,422,423,424,425,426,427,428,429,430,431,432,558,559,560,601,
81;0;7287;7388;1;0,1,2,3,4,5,6,7,15,16,17,18,23,24,25,26,27,28,29,30,31,32,33,34,39,40,41,42,43,55,60,71,89,90,91,94,184,185,212,222,223,224,225,226,227,228,229,264,273,333,334,335,336,385,386,387,388,389,390,391,392,393,394,395,396,422,423,424,425,426,427,428,429,430,431,432,558,559,560,601,
148;0;7388;7489;0;0,1,2,3,4,5,6,7,15,16,17,18,23,24,25,26,27,28,29,30,31,32,33,34,39,40,41,42,43,55,60,71,89,90,91,94,184,185,212,222,223,224,225,226,227,228,229,264,273,333,334,335,336,385,386,387,388,389,390,391,392,393,394,395,396,422,423,424,425,426,427,428,429,430,431,432,558,559,560,601,
265;0;7489;7544;0;0,1,2,3,4,5,6,7,15,16,17,18,23,24,25,26,27,28,29,30,31,32,33,34,39,40,41,42,43,55,60,71,89,90,91,94,184,185,212,222,223,224,225,226,227,228,229,264,273,333,334,335,336,385,386,387,388,389,390,391,392,393,394,395,396,422,423,424,425,426,427,428,429,430,431,432,558,559,560,601,
296;0;7544;7645;0;0,1,2,3,4,5,6,7,15,16,17,18,23,24,25,26,27,28,29,30,31,32,33,34,39,40,41,42,43,55,60,71,89,90,91,94,184,185,212,222,223,224,225,226,227,228,229,264,273,333,334,335,336,385,386,387,388,389,390,391,392,393,394,395,396,422,423,424,425,426,427,428,429,430,431,432,558,559,560,601,
299;0;7645;7750;0;0,1,2,3,4,5,6,7,15,16,17,18,23,24,25,26,27,28,29,30,31,32,33,34,39,40,41,42,43,55,60,71,89,90,91,94,184,185,212,222,223,224,225,226,227,228,229,264,273,333,334,335,336,385,386,387,388,389,390,391,392,393,394,395,396,422,423,424,425,426,427,428,429,430,431,432,558,559,560,601,
299;1;7750;7796;0;0,1,2,3,4,5,6,7,15,16,17,18,23,24,25,26,27,28,29,30,31,32,33,34,39,40,41,42,43,55,60,71,89,90,91,94,184,185,212,222,223,224,225,226,227,228,229,264,273,333,334,335,336,385,386,387,388,389,390,391,392,393,394,395,396,422,423,424,425,426,427,428,429,430,431,432,558,559,560,601,
315;0;7796;7842;0;0,1,2,3,4,5,6,7,15,16,17,18,23,24,25,26,27,28,29,30,31,32,33,34,39,40,41,42,43,55,60,71,89,90,91,94,184,185,212,222,223,224,225,226,227,228,229,264,273,333,334,335,336,385,386,387,388,389,390,391,392,393,394,395,396,422,423,424,425,426,427,428,429,430,431,432,558,559,560,601,
338;0;7842;7943;0;0,1,2,3,4,5,6,7,15,16,17,18,23,24,25,26,27,28,29,30,31,32,33,34,39,40,41,42,43,55,60,71,89,90,91,94,184,185,212,222,223,224,225,226,227,228,229,264,273,333,334,335,336,385,386,387,388,389,390,391,392,393,394,395,396,422,423,424,425,426,427,428,429,430,431,432,558,559,560,601,
345;0;7943;8044;0;0,1,2,3,4,5,6,7,15,16,17,18,23,24,25,26,27,28,29,30,31,32,33,34,39,40,41,42,43,55,60,71,89,90,91,94,184,185,212,222,223,224,225,226,227,228,229,264,273,333,334,335,336,385,386,387,388,389,390,391,392,393,394,395,396,422,423,424,425,426,427,428,429,430,431,432,558,559,560,601,
67;0;8044;8088;1;0,1,2,3,4,5,6,7,15,16,17,18,23,24,25,26,27,28,29,30,31,32,33,34,39,40,41,42,43,55,60,71,89,90,91,94,184,185,212,222,223,224,225,226,227,228,229,264,273,333,334,335,336,385,386,387,388,389,390,391,392,393,394,395,396,422,423,424,425,426,427,428,429,430,431,432,558,559,560,601,
67;1;8088;8113;1;0,1,2,3,4,5,6,7,15,16,17,18,23,24,25,26,27,28,29,30,31,32,33,34,39,40,41,42,43,55,60,71,89,90,91,94,184,185,212,222,223,224,225,226,227,228,229,264,273,333,334,335,336,385,386,387,388,389,390,391,392,393,394,395,396,422,423,424,425,426,427,428,429,430,431,432,558,559,560,601,
3;0;8113;8162;1;0,1,2,3,4,5,6,7,15,16,17,18,23,24,25,26,27,28,29,30,31,32,33,34,39,40,41,42,43,55,60,71,89,90,91,94,184,185,212,222,223,224,225,226,227,228,229,264,273,333,334,335,336,385,386,387,388,389,390,391,392,393,394,395,396,422,423,424,425,426,427,428,429,430,431,432,558,559,560,601,
8;0;8162;8239;0;0,1,2,3,4,5,6,7,15,16,17,18,23,24,25,26,27,28,29,30,31,32,33,34,39,40,41,42,43,55,60,71,89,90,91,94,184,185,212,222,223,224,225,226,227,228,229,264,273,333,334,335,336,385,386,387,388,389,390,391,392,393,394,395,396,422,423,424,425,426,427,428,429,430,431,432,558,559,560,601,
Machine: 1
10;0;0;103;1;0,1,2,3,4,5,6,7,8,9,10,11,12,13,14,15,16,17,18,19,20,21,22,23,24,25,26,27,28,29,30,31,32,33,34,35,36,37,38,39,40,41,42,43,46,89,91,127,128,130,178,184,196,292,323,324,325,326,327,358,359,360,361,362,363,364,365,366,367,368,369,370,371,372,373,374,375,382,383,384,
14;0;103;114;1;0,1,2,3,4,5,6,7,8,9,10,11,12,13,14,15,16,17,18,19,20,21,22,23,24,25,26,27,28,29,30,31,32,33,34,35,36,37,38,39,40,41,42,43,46,89,91,127,128,130,178,184,196,292,323,324,325,326,327,358,359,360,361,362,363,364,365,366,367,368,369,370,371,372,373,374,375,382,383,384,
14;1;114;204;1;0,1,2,3,4,5,6,7,8,9,10,11,12,13,14,15,16,17,18,19,20,21,22,23,24,25,26,27,28,29,30,31,32,33,34,35,36,37,38,39,40,41,42,43,46,89,91,127,128,130,178,184,196,292,323,324,325,326,327,358,359,360,361,362,363,364,365,366,367,368,369,370,371,372,373,374,375,382,383,384,
16;0;204;298;0;0,1,2,3,4,5,6,7,8,9,10,11,12,13,14,15,16,17,18,19,20,21,22,23,24,25,26,27,28,29,30,31,32,33,34,35,36,37,38,39,40,41,42,43,46,89,91,127,128,130,178,184,196,292,323,324,325,326,327,358,359,360,361,362,363,364,365,366,367,368,369,370,371,372,373,374,375,382,383,384,
31;0;298;454;1;0,1,2,3,4,5,6,7,8,9,10,11,12,13,14,15,16,17,18,19,20,21,22,23,24,25,26,27,28,29,30,31,32,33,34,35,36,37,38,39,40,41,42,43,46,89,91,127,128,130,178,184,196,292,323,324,325,326,327,358,359,360,361,362,363,364,365,366,367,368,369,370,371,372,373,374,375,382,383,384,
207;0;454;485;1;0,1,2,3,4,5,6,7,8,9,10,11,12,13,14,15,16,17,18,19,20,21,22,23,24,25,26,27,28,29,30,31,32,33,34,35,36,37,38,39,40,41,42,43,46,89,91,127,128,130,178,184,196,292,323,324,325,326,327,358,359,360,361,362,363,364,365,366,367,368,369,370,371,372,373,374,375,382,383,384,
207;1;485;630;1;0,1,2,3,4,5,6,7,8,9,10,11,12,13,14,15,16,17,18,19,20,21,22,23,24,25,26,27,28,29,30,31,32,33,34,35,36,37,38,39,40,41,42,43,46,89,91,127,128,130,178,184,196,292,323,324,325,326,327,358,359,360,361,362,363,364,365,366,367,368,369,370,371,372,373,374,375,382,383,384,
36;0;630;679;0;0,1,2,3,4,5,6,7,8,9,10,11,12,13,14,15,16,17,18,19,20,21,22,23,24,25,26,27,28,29,30,31,32,33,34,35,36,37,38,39,40,41,42,43,46,89,91,127,128,130,178,184,196,292,323,324,325,326,327,358,359,360,361,362,363,364,365,366,367,368,369,370,371,372,373,374,375,382,383,384,
42;0;679;711;0;0,1,2,3,4,5,6,7,8,9,10,11,12,13,14,15,16,17,18,19,20,21,22,23,24,25,26,27,28,29,30,31,32,33,34,35,36,37,38,39,40,41,42,43,46,89,91,127,128,130,178,184,196,292,323,324,325,326,327,358,359,360,361,362,363,364,365,366,367,368,369,370,371,372,373,374,375,382,383,384,
42;1;711;836;0;0,1,2,3,4,5,6,7,8,9,10,11,12,13,14,15,16,17,18,19,20,21,22,23,24,25,26,27,28,29,30,31,32,33,34,35,36,37,38,39,40,41,42,43,46,89,91,127,128,130,178,184,196,292,323,324,325,326,327,358,359,360,361,362,363,364,365,366,367,368,369,370,371,372,373,374,375,382,383,384,
46;0;836;987;0;0,1,2,3,4,5,6,7,8,9,10,11,12,13,14,15,16,17,18,19,20,21,22,23,24,25,26,27,28,29,30,31,32,33,34,35,36,37,38,39,40,41,42,43,46,89,91,127,128,130,178,184,196,292,323,324,325,326,327,358,359,360,361,362,363,364,365,366,367,368,369,370,371,372,373,374,375,382,383,384,
51;0;987;1133;1;0,1,2,3,4,5,6,7,8,9,10,11,12,13,14,15,16,17,18,19,20,21,22,23,24,25,26,27,28,29,30,31,32,33,34,35,36,37,38,39,40,41,42,43,46,89,91,127,128,130,178,184,196,292,323,324,325,326,327,358,359,360,361,362,363,364,365,366,367,368,369,370,371,372,373,374,375,382,383,384,
54;0;1133;1216;1;0,1,2,3,4,5,6,7,8,9,10,11,12,13,14,15,16,17,18,19,20,21,22,23,24,25,26,27,28,29,30,31,32,33,34,35,36,37,38,39,40,41,42,43,46,89,91,127,128,130,178,184,196,292,323,324,325,326,327,358,359,360,361,362,363,364,365,366,367,368,369,370,371,372,373,374,375,382,383,384,
54;1;1216;1257;1;0,1,2,3,4,5,6,7,8,9,10,11,12,13,14,15,16,17,18,19,20,21,22,23,24,25,26,27,28,29,30,31,32,33,34,35,36,37,38,39,40,41,42,43,46,89,91,127,128,130,178,184,196,292,323,324,325,326,327,358,359,360,361,362,363,364,365,366,367,368,369,370,371,372,373,374,375,382,383,384,
82;0;1257;1426;0;0,1,2,3,4,5,6,7,8,9,10,11,12,13,14,15,16,17,18,19,20,21,22,23,24,25,26,27,28,29,30,31,32,33,34,35,36,37,38,39,40,41,42,43,46,89,91,127,128,130,178,184,196,292,323,324,325,326,327,358,359,360,361,362,363,364,365,366,367,368,369,370,371,372,373,374,375,382,383,384,
82;1;1426;1441;0;0,1,2,3,4,5,6,7,8,9,10,11,12,13,14,15,16,17,18,19,20,21,22,23,24,25,26,27,28,29,30,31,32,33,34,35,36,37,38,39,40,41,42,43,46,89,91,127,128,130,178,184,196,292,323,324,325,326,327,358,359,360,361,362,363,364,365,366,367,368,369,370,371,372,373,374,375,382,383,384,
90;0;1441;1482;1;0,1,2,3,4,5,6,7,8,9,10,11,12,13,14,15,16,17,18,19,20,21,22,23,24,25,26,27,28,29,30,31,32,33,34,35,36,37,38,39,40,41,42,43,46,89,91,127,128,130,178,184,196,292,323,324,325,326,327,358,359,360,361,362,363,364,365,366,367,368,369,370,371,372,373,374,375,382,383,384,
95;0;1482;1572;0;0,1,2,3,4,5,6,7,8,9,10,11,12,13,14,15,16,17,18,19,20,21,22,23,24,25,26,27,28,29,30,31,32,33,34,35,36,37,38,39,40,41,42,43,46,89,91,127,128,130,178,184,196,292,323,324,325,326,327,358,359,360,361,362,363,364,365,366,367,368,369,370,371,372,373,374,375,382,383,384,
111;0;1572;1644;1;0,1,2,3,4,5,6,7,8,9,10,11,12,13,14,15,16,17,18,19,20,21,22,23,24,25,26,27,28,29,30,31,32,33,34,35,36,37,38,39,40,41,42,43,46,89,91,127,128,130,178,184,196,292,323,324,325,326,327,358,359,360,361,362,363,364,365,366,367,368,369,370,371,372,373,374,375,382,383,384,
113;0;1644;1721;1;0,1,2,3,4,5,6,7,8,9,10,11,12,13,14,15,16,17,18,19,20,21,22,23,24,25,26,27,28,29,30,31,32,33,34,35,36,37,38,39,40,41,42,43,46,89,91,127,128,130,178,184,196,292,323,324,325,326,327,358,359,360,361,362,363,364,365,366,367,368,369,370,371,372,373,374,375,382,383,384,
222;0;1721;1763;0;0,1,2,3,4,5,6,7,8,9,10,11,12,13,14,15,16,17,18,19,20,21,22,23,24,25,26,27,28,29,30,31,32,33,34,35,36,37,38,39,40,41,42,43,46,89,91,127,128,130,178,184,196,292,323,324,325,326,327,358,359,360,361,362,363,364,365,366,367,368,369,370,371,372,373,374,375,382,383,384,
222;1;1763;1804;0;0,1,2,3,4,5,6,7,8,9,10,11,12,13,14,15,16,17,18,19,20,21,22,23,24,25,26,27,28,29,30,31,32,33,34,35,36,37,38,39,40,41,42,43,46,89,91,127,128,130,178,184,196,292,323,324,325,326,327,358,359,360,361,362,363,364,365,366,367,368,369,370,371,372,373,374,375,382,383,384,
151;0;1804;1929;1;0,1,2,3,4,5,6,7,8,9,10,11,12,13,14,15,16,17,18,19,20,21,22,23,24,25,26,27,28,29,30,31,32,33,34,35,36,37,38,39,40,41,42,43,46,89,91,127,128,130,178,184,196,292,323,324,325,326,327,358,359,360,361,362,363,364,365,366,367,368,369,370,371,372,373,374,375,382,383,384,
152;0;1929;1998;0;0,1,2,3,4,5,6,7,8,9,10,11,12,13,14,15,16,17,18,19,20,21,22,23,24,25,26,27,28,29,30,31,32,33,34,35,36,37,38,39,40,41,42,43,46,89,91,127,128,130,178,184,196,292,323,324,325,326,327,358,359,360,361,362,363,364,365,366,367,368,369,370,371,372,373,374,375,382,383,384,
152;1;1998;2050;0;0,1,2,3,4,5,6,7,8,9,10,11,12,13,14,15,16,17,18,19,20,21,22,23,24,25,26,27,28,29,30,31,32,33,34,35,36,37,38,39,40,41,42,43,46,89,91,127,128,130,178,184,196,292,323,324,325,326,327,358,359,360,361,362,363,364,365,366,367,368,369,370,371,372,373,374,375,382,383,384,
167;0;2050;2087;1;0,1,2,3,4,5,6,7,8,9,10,11,12,13,14,15,16,17,18,19,20,21,22,23,24,25,26,27,28,29,30,31,32,33,34,35,36,37,38,39,40,41,42,43,46,89,91,127,128,130,178,184,196,292,323,324,325,326,327,358,359,360,361,362,363,364,365,366,367,368,369,370,371,372,373,374,375,382,383,384,
167;1;2087;2181;1;0,1,2,3,4,5,6,7,8,9,10,11,12,13,14,15,16,17,18,19,20,21,22,23,24,25,26,27,28,29,30,31,32,33,34,35,36,37,38,39,40,41,42,43,46,89,91,127,128,130,178,184,196,292,323,324,325,326,327,358,359,360,361,362,363,364,365,366,367,368,369,370,371,372,373,374,375,382,383,384,
376;0;2181;2247;0;0,1,2,3,4,5,6,7,8,9,10,11,12,13,14,15,16,17,18,19,20,21,22,23,24,25,26,27,28,29,30,31,32,33,34,35,36,37,38,39,40,41,42,43,46,89,91,127,128,130,178,184,196,292,323,324,325,326,327,358,359,360,361,362,363,364,365,366,367,368,369,370,371,372,373,374,375,382,383,384,
83;0;2247;2322;1;0,1,2,3,4,5,6,7,8,9,10,11,12,13,14,15,16,17,18,19,20,21,22,23,24,25,26,27,28,29,30,31,32,33,34,35,36,37,38,39,40,41,42,43,46,89,91,127,128,130,178,184,196,292,323,324,325,326,327,358,359,360,361,362,363,364,365,366,367,368,369,370,371,372,373,374,375,382,383,384,
169;0;2322;2399;0;0,1,2,3,4,5,6,7,8,9,10,11,12,13,14,15,16,17,18,19,20,21,22,23,24,25,26,27,28,29,30,31,32,33,34,35,36,37,38,39,40,41,42,43,46,89,91,127,128,130,178,184,196,292,323,324,325,326,327,358,359,360,361,362,363,364,365,366,367,368,369,370,371,372,373,374,375,382,383,384,
169;1;2399;2493;0;0,1,2,3,4,5,6,7,8,9,10,11,12,13,14,15,16,17,18,19,20,21,22,23,24,25,26,27,28,29,30,31,32,33,34,35,36,37,38,39,40,41,42,43,46,89,91,127,128,130,178,184,196,292,323,324,325,326,327,358,359,360,361,362,363,364,365,366,367,368,369,370,371,372,373,374,375,382,383,384,
171;0;2493;2605;1;0,1,2,3,4,5,6,7,8,9,10,11,12,13,14,15,16,17,18,19,20,21,22,23,24,25,26,27,28,29,30,31,32,33,34,35,36,37,38,39,40,41,42,43,46,89,91,127,128,130,178,184,196,292,323,324,325,326,327,358,359,360,361,362,363,364,365,366,367,368,369,370,371,372,373,374,375,382,383,384,
176;0;2605;2646;0;0,1,2,3,4,5,6,7,8,9,10,11,12,13,14,15,16,17,18,19,20,21,22,23,24,25,26,27,28,29,30,31,32,33,34,35,36,37,38,39,40,41,42,43,46,89,91,127,128,130,178,184,196,292,323,324,325,326,327,358,359,360,361,362,363,364,365,366,367,368,369,370,371,372,373,374,375,382,383,384,
180;0;2646;2666;1;0,1,2,3,4,5,6,7,8,9,10,11,12,13,14,15,16,17,18,19,20,21,22,23,24,25,26,27,28,29,30,31,32,33,34,35,36,37,38,39,40,41,42,43,46,89,91,127,128,130,178,184,196,292,323,324,325,326,327,358,359,360,361,362,363,364,365,366,367,368,369,370,371,372,373,374,375,382,383,384,
183;0;2666;2686;1;0,1,2,3,4,5,6,7,8,9,10,11,12,13,14,15,16,17,18,19,20,21,22,23,24,25,26,27,28,29,30,31,32,33,34,35,36,37,38,39,40,41,42,43,46,89,91,127,128,130,178,184,196,292,323,324,325,326,327,358,359,360,361,362,363,364,365,366,367,368,369,370,371,372,373,374,375,382,383,384,
185;0;2686;2738;0;0,1,2,3,4,5,6,7,8,9,10,11,12,13,14,15,16,17,18,19,20,21,22,23,24,25,26,27,28,29,30,31,32,33,34,35,36,37,38,39,40,41,42,43,46,89,91,127,128,130,178,184,196,292,323,324,325,326,327,358,359,360,361,362,363,364,365,366,367,368,369,370,371,372,373,374,375,382,383,384,
187;0;2738;2811;1;0,1,2,3,4,5,6,7,8,9,10,11,12,13,14,15,16,17,18,19,20,21,22,23,24,25,26,27,28,29,30,31,32,33,34,35,36,37,38,39,40,41,42,43,46,89,91,127,128,130,178,184,196,292,323,324,325,326,327,358,359,360,361,362,363,364,365,366,367,368,369,370,371,372,373,374,375,382,383,384,
187;1;2811;2962;1;0,1,2,3,4,5,6,7,8,9,10,11,12,13,14,15,16,17,18,19,20,21,22,23,24,25,26,27,28,29,30,31,32,33,34,35,36,37,38,39,40,41,42,43,46,89,91,127,128,130,178,184,196,292,323,324,325,326,327,358,359,360,361,362,363,364,365,366,367,368,369,370,371,372,373,374,375,382,383,384,
190;0;2962;3119;1;0,1,2,3,4,5,6,7,8,9,10,11,12,13,14,15,16,17,18,19,20,21,22,23,24,25,26,27,28,29,30,31,32,33,34,35,36,37,38,39,40,41,42,43,46,89,91,127,128,130,178,184,196,292,323,324,325,326,327,358,359,360,361,362,363,364,365,366,367,368,369,370,371,372,373,374,375,382,383,384,
196;0;3119;3196;0;0,1,2,3,4,5,6,7,8,9,10,11,12,13,14,15,16,17,18,19,20,21,22,23,24,25,26,27,28,29,30,31,32,33,34,35,36,37,38,39,40,41,42,43,46,89,91,127,128,130,178,184,196,292,323,324,325,326,327,358,359,360,361,362,363,364,365,366,367,368,369,370,371,372,373,374,375,382,383,384,
135;0;3196;3321;0;0,1,2,3,4,5,6,7,8,9,10,11,12,13,14,15,16,17,18,19,20,21,22,23,24,25,26,27,28,29,30,31,32,33,34,35,36,37,38,39,40,41,42,43,46,89,91,127,128,130,178,184,196,292,323,324,325,326,327,358,359,360,361,362,363,364,365,366,367,368,369,370,371,372,373,374,375,382,383,384,
226;0;3321;3465;0;0,1,2,3,4,5,6,7,8,9,10,11,12,13,14,15,16,17,18,19,20,21,22,23,24,25,26,27,28,29,30,31,32,33,34,35,36,37,38,39,40,41,42,43,46,89,91,127,128,130,178,184,196,292,323,324,325,326,327,358,359,360,361,362,363,364,365,366,367,368,369,370,371,372,373,374,375,382,383,384,
227;0;3465;3599;1;0,1,2,3,4,5,6,7,8,9,10,11,12,13,14,15,16,17,18,19,20,21,22,23,24,25,26,27,28,29,30,31,32,33,34,35,36,37,38,39,40,41,42,43,46,89,91,127,128,130,178,184,196,292,323,324,325,326,327,358,359,360,361,362,363,364,365,366,367,368,369,370,371,372,373,374,375,382,383,384,
227;1;3599;3750;1;0,1,2,3,4,5,6,7,8,9,10,11,12,13,14,15,16,17,18,19,20,21,22,23,24,25,26,27,28,29,30,31,32,33,34,35,36,37,38,39,40,41,42,43,46,89,91,127,128,130,178,184,196,292,323,324,325,326,327,358,359,360,361,362,363,364,365,366,367,368,369,370,371,372,373,374,375,382,383,384,
229;0;3750;3855;0;0,1,2,3,4,5,6,7,8,9,10,11,12,13,14,15,16,17,18,19,20,21,22,23,24,25,26,27,28,29,30,31,32,33,34,35,36,37,38,39,40,41,42,43,46,89,91,127,128,130,178,184,196,292,323,324,325,326,327,358,359,360,361,362,363,364,365,366,367,368,369,370,371,372,373,374,375,382,383,384,
229;1;3855;3949;0;0,1,2,3,4,5,6,7,8,9,10,11,12,13,14,15,16,17,18,19,20,21,22,23,24,25,26,27,28,29,30,31,32,33,34,35,36,37,38,39,40,41,42,43,46,89,91,127,128,130,178,184,196,292,323,324,325,326,327,358,359,360,361,362,363,364,365,366,367,368,369,370,371,372,373,374,375,382,383,384,
232;0;3949;4018;0;0,1,2,3,4,5,6,7,8,9,10,11,12,13,14,15,16,17,18,19,20,21,22,23,24,25,26,27,28,29,30,31,32,33,34,35,36,37,38,39,40,41,42,43,46,89,91,127,128,130,178,184,196,292,323,324,325,326,327,358,359,360,361,362,363,364,365,366,367,368,369,370,371,372,373,374,375,382,383,384,
232;1;4018;4175;0;0,1,2,3,4,5,6,7,8,9,10,11,12,13,14,15,16,17,18,19,20,21,22,23,24,25,26,27,28,29,30,31,32,33,34,35,36,37,38,39,40,41,42,43,46,89,91,127,128,130,178,184,196,292,323,324,325,326,327,358,359,360,361,362,363,364,365,366,367,368,369,370,371,372,373,374,375,382,383,384,
237;0;4175;4211;1;0,1,2,3,4,5,6,7,8,9,10,11,12,13,14,15,16,17,18,19,20,21,22,23,24,25,26,27,28,29,30,31,32,33,34,35,36,37,38,39,40,41,42,43,46,89,91,127,128,130,178,184,196,292,323,324,325,326,327,358,359,360,361,362,363,364,365,366,367,368,369,370,371,372,373,374,375,382,383,384,
237;1;4211;4305;1;0,1,2,3,4,5,6,7,8,9,10,11,12,13,14,15,16,17,18,19,20,21,22,23,24,25,26,27,28,29,30,31,32,33,34,35,36,37,38,39,40,41,42,43,46,89,91,127,128,130,178,184,196,292,323,324,325,326,327,358,359,360,361,362,363,364,365,366,367,368,369,370,371,372,373,374,375,382,383,384,
240;0;4305;4354;1;0,1,2,3,4,5,6,7,8,9,10,11,12,13,14,15,16,17,18,19,20,21,22,23,24,25,26,27,28,29,30,31,32,33,34,35,36,37,38,39,40,41,42,43,46,89,91,127,128,130,178,184,196,292,323,324,325,326,327,358,359,360,361,362,363,364,365,366,367,368,369,370,371,372,373,374,375,382,383,384,
247;0;4354;4519;1;0,1,2,3,4,5,6,7,8,9,10,11,12,13,14,15,16,17,18,19,20,21,22,23,24,25,26,27,28,29,30,31,32,33,34,35,36,37,38,39,40,41,42,43,46,89,91,127,128,130,178,184,196,292,323,324,325,326,327,358,359,360,361,362,363,364,365,366,367,368,369,370,371,372,373,374,375,382,383,384,
247;1;4519;4631;1;0,1,2,3,4,5,6,7,8,9,10,11,12,13,14,15,16,17,18,19,20,21,22,23,24,25,26,27,28,29,30,31,32,33,34,35,36,37,38,39,40,41,42,43,46,89,91,127,128,130,178,184,196,292,323,324,325,326,327,358,359,360,361,362,363,364,365,366,367,368,369,370,371,372,373,374,375,382,383,384,
262;0;4631;4639;0;0,1,2,3,4,5,6,7,8,9,10,11,12,13,14,15,16,17,18,19,20,21,22,23,24,25,26,27,28,29,30,31,32,33,34,35,36,37,38,39,40,41,42,43,46,89,91,127,128,130,178,184,196,292,323,324,325,326,327,358,359,360,361,362,363,364,365,366,367,368,369,370,371,372,373,374,375,382,383,384,
262;1;4639;4790;0;0,1,2,3,4,5,6,7,8,9,10,11,12,13,14,15,16,17,18,19,20,21,22,23,24,25,26,27,28,29,30,31,32,33,34,35,36,37,38,39,40,41,42,43,46,89,91,127,128,130,178,184,196,292,323,324,325,326,327,358,359,360,361,362,363,364,365,366,367,368,369,370,371,372,373,374,375,382,383,384,
268;0;4790;4839;0;0,1,2,3,4,5,6,7,8,9,10,11,12,13,14,15,16,17,18,19,20,21,22,23,24,25,26,27,28,29,30,31,32,33,34,35,36,37,38,39,40,41,42,43,46,89,91,127,128,130,178,184,196,292,323,324,325,326,327,358,359,360,361,362,363,364,365,366,367,368,369,370,371,372,373,374,375,382,383,384,
244;0;4839;5018;1;0,1,2,3,4,5,6,7,8,9,10,11,12,13,14,15,16,17,18,19,20,21,22,23,24,25,26,27,28,29,30,31,32,33,34,35,36,37,38,39,40,41,42,43,46,89,91,127,128,130,178,184,196,292,323,324,325,326,327,358,359,360,361,362,363,364,365,366,367,368,369,370,371,372,373,374,375,382,383,384,
244;1;5018;5191;1;0,1,2,3,4,5,6,7,8,9,10,11,12,13,14,15,16,17,18,19,20,21,22,23,24,25,26,27,28,29,30,31,32,33,34,35,36,37,38,39,40,41,42,43,46,89,91,127,128,130,178,184,196,292,323,324,325,326,327,358,359,360,361,362,363,364,365,366,367,368,369,370,371,372,373,374,375,382,383,384,
271;0;5191;5240;1;0,1,2,3,4,5,6,7,8,9,10,11,12,13,14,15,16,17,18,19,20,21,22,23,24,25,26,27,28,29,30,31,32,33,34,35,36,37,38,39,40,41,42,43,46,89,91,127,128,130,178,184,196,292,323,324,325,326,327,358,359,360,361,362,363,364,365,366,367,368,369,370,371,372,373,374,375,382,383,384,
278;0;5240;5289;0;0,1,2,3,4,5,6,7,8,9,10,11,12,13,14,15,16,17,18,19,20,21,22,23,24,25,26,27,28,29,30,31,32,33,34,35,36,37,38,39,40,41,42,43,46,89,91,127,128,130,178,184,196,292,323,324,325,326,327,358,359,360,361,362,363,364,365,366,367,368,369,370,371,372,373,374,375,382,383,384,
281;0;5289;5364;1;0,1,2,3,4,5,6,7,8,9,10,11,12,13,14,15,16,17,18,19,20,21,22,23,24,25,26,27,28,29,30,31,32,33,34,35,36,37,38,39,40,41,42,43,46,89,91,127,128,130,178,184,196,292,323,324,325,326,327,358,359,360,361,362,363,364,365,366,367,368,369,370,371,372,373,374,375,382,383,384,
286;0;5364;5458;0;0,1,2,3,4,5,6,7,8,9,10,11,12,13,14,15,16,17,18,19,20,21,22,23,24,25,26,27,28,29,30,31,32,33,34,35,36,37,38,39,40,41,42,43,46,89,91,127,128,130,178,184,196,292,323,324,325,326,327,358,359,360,361,362,363,364,365,366,367,368,369,370,371,372,373,374,375,382,383,384,
300;0;5458;5602;1;0,1,2,3,4,5,6,7,8,9,10,11,12,13,14,15,16,17,18,19,20,21,22,23,24,25,26,27,28,29,30,31,32,33,34,35,36,37,38,39,40,41,42,43,46,89,91,127,128,130,178,184,196,292,323,324,325,326,327,358,359,360,361,362,363,364,365,366,367,368,369,370,371,372,373,374,375,382,383,384,
25;0;5602;5628;0;0,1,2,3,4,5,6,7,8,9,10,11,12,13,14,15,16,17,18,19,20,21,22,23,24,25,26,27,28,29,30,31,32,33,34,35,36,37,38,39,40,41,42,43,46,89,91,127,128,130,178,184,196,292,323,324,325,326,327,358,359,360,361,362,363,364,365,366,367,368,369,370,371,372,373,374,375,382,383,384,
322;0;5628;5767;0;0,1,2,3,4,5,6,7,8,9,10,11,12,13,14,15,16,17,18,19,20,21,22,23,24,25,26,27,28,29,30,31,32,33,34,35,36,37,38,39,40,41,42,43,46,89,91,127,128,130,178,184,196,292,323,324,325,326,327,358,359,360,361,362,363,364,365,366,367,368,369,370,371,372,373,374,375,382,383,384,
322;1;5767;5819;0;0,1,2,3,4,5,6,7,8,9,10,11,12,13,14,15,16,17,18,19,20,21,22,23,24,25,26,27,28,29,30,31,32,33,34,35,36,37,38,39,40,41,42,43,46,89,91,127,128,130,178,184,196,292,323,324,325,326,327,358,359,360,361,362,363,364,365,366,367,368,369,370,371,372,373,374,375,382,383,384,
324;0;5819;5922;1;0,1,2,3,4,5,6,7,8,9,10,11,12,13,14,15,16,17,18,19,20,21,22,23,24,25,26,27,28,29,30,31,32,33,34,35,36,37,38,39,40,41,42,43,46,89,91,127,128,130,178,184,196,292,323,324,325,326,327,358,359,360,361,362,363,364,365,366,367,368,369,370,371,372,373,374,375,382,383,384,
324;1;5922;5997;1;0,1,2,3,4,5,6,7,8,9,10,11,12,13,14,15,16,17,18,19,20,21,22,23,24,25,26,27,28,29,30,31,32,33,34,35,36,37,38,39,40,41,42,43,46,89,91,127,128,130,178,184,196,292,323,324,325,326,327,358,359,360,361,362,363,364,365,366,367,368,369,370,371,372,373,374,375,382,383,384,
335;0;5997;6143;0;0,1,2,3,4,5,6,7,8,9,10,11,12,13,14,15,16,17,18,19,20,21,22,23,24,25,26,27,28,29,30,31,32,33,34,35,36,37,38,39,40,41,42,43,46,89,91,127,128,130,178,184,196,292,323,324,325,326,327,358,359,360,361,362,363,364,365,366,367,368,369,370,371,372,373,374,375,382,383,384,
337;0;6143;6300;1;0,1,2,3,4,5,6,7,8,9,10,11,12,13,14,15,16,17,18,19,20,21,22,23,24,25,26,27,28,29,30,31,32,33,34,35,36,37,38,39,40,41,42,43,46,89,91,127,128,130,178,184,196,292,323,324,325,326,327,358,359,360,361,362,363,364,365,366,367,368,369,370,371,372,373,374,375,382,383,384,
337;1;6300;6367;1;0,1,2,3,4,5,6,7,8,9,10,11,12,13,14,15,16,17,18,19,20,21,22,23,24,25,26,27,28,29,30,31,32,33,34,35,36,37,38,39,40,41,42,43,46,89,91,127,128,130,178,184,196,292,323,324,325,326,327,358,359,360,361,362,363,364,365,366,367,368,369,370,371,372,373,374,375,382,383,384,
55;0;6367;6511;0;0,1,2,3,4,5,6,7,8,9,10,11,12,13,14,15,16,17,18,19,20,21,22,23,24,25,26,27,28,29,30,31,32,33,34,35,36,37,38,39,40,41,42,43,46,89,91,127,128,130,178,184,196,292,323,324,325,326,327,358,359,360,361,362,363,364,365,366,367,368,369,370,371,372,373,374,375,382,383,384,
373;0;6511;6531;1;0,1,2,3,4,5,6,7,8,9,10,11,12,13,14,15,16,17,18,19,20,21,22,23,24,25,26,27,28,29,30,31,32,33,34,35,36,37,38,39,40,41,42,43,46,89,91,127,128,130,178,184,196,292,323,324,325,326,327,358,359,360,361,362,363,364,365,366,367,368,369,370,371,372,373,374,375,382,383,384,
397;0;6531;6620;1;0,1,2,3,4,5,6,7,8,9,10,11,12,13,14,15,16,17,18,19,20,21,22,23,24,25,26,27,28,29,30,31,32,33,34,35,36,37,38,39,40,41,42,43,46,89,91,127,128,130,178,184,196,292,323,324,325,326,327,358,359,360,361,362,363,364,365,366,367,368,369,370,371,372,373,374,375,382,383,384,
397;1;6620;6776;1;0,1,2,3,4,5,6,7,8,9,10,11,12,13,14,15,16,17,18,19,20,21,22,23,24,25,26,27,28,29,30,31,32,33,34,35,36,37,38,39,40,41,42,43,46,89,91,127,128,130,178,184,196,292,323,324,325,326,327,358,359,360,361,362,363,364,365,366,367,368,369,370,371,372,373,374,375,382,383,384,
404;0;6776;6872;1;0,1,2,3,4,5,6,7,8,9,10,11,12,13,14,15,16,17,18,19,20,21,22,23,24,25,26,27,28,29,30,31,32,33,34,35,36,37,38,39,40,41,42,43,46,89,91,127,128,130,178,184,196,292,323,324,325,326,327,358,359,360,361,362,363,364,365,366,367,368,369,370,371,372,373,374,375,382,383,384,
404;1;6872;6913;1;0,1,2,3,4,5,6,7,8,9,10,11,12,13,14,15,16,17,18,19,20,21,22,23,24,25,26,27,28,29,30,31,32,33,34,35,36,37,38,39,40,41,42,43,46,89,91,127,128,130,178,184,196,292,323,324,325,326,327,358,359,360,361,362,363,364,365,366,367,368,369,370,371,372,373,374,375,382,383,384,
406;0;6913;7016;0;0,1,2,3,4,5,6,7,8,9,10,11,12,13,14,15,16,17,18,19,20,21,22,23,24,25,26,27,28,29,30,31,32,33,34,35,36,37,38,39,40,41,42,43,46,89,91,127,128,130,178,184,196,292,323,324,325,326,327,358,359,360,361,362,363,364,365,366,367,368,369,370,371,372,373,374,375,382,383,384,
421;0;7016;7119;1;0,1,2,3,4,5,6,7,8,9,10,11,12,13,14,15,16,17,18,19,20,21,22,23,24,25,26,27,28,29,30,31,32,33,34,35,36,37,38,39,40,41,42,43,46,89,91,127,128,130,178,184,196,292,323,324,325,326,327,358,359,360,361,362,363,364,365,366,367,368,369,370,371,372,373,374,375,382,383,384,
425;0;7119;7134;0;0,1,2,3,4,5,6,7,8,9,10,11,12,13,14,15,16,17,18,19,20,21,22,23,24,25,26,27,28,29,30,31,32,33,34,35,36,37,38,39,40,41,42,43,46,89,91,127,128,130,178,184,196,292,323,324,325,326,327,358,359,360,361,362,363,364,365,366,367,368,369,370,371,372,373,374,375,382,383,384,
427;0;7134;7258;1;0,1,2,3,4,5,6,7,8,9,10,11,12,13,14,15,16,17,18,19,20,21,22,23,24,25,26,27,28,29,30,31,32,33,34,35,36,37,38,39,40,41,42,43,46,89,91,127,128,130,178,184,196,292,323,324,325,326,327,358,359,360,361,362,363,364,365,366,367,368,369,370,371,372,373,374,375,382,383,384,
427;1;7258;7299;1;0,1,2,3,4,5,6,7,8,9,10,11,12,13,14,15,16,17,18,19,20,21,22,23,24,25,26,27,28,29,30,31,32,33,34,35,36,37,38,39,40,41,42,43,46,89,91,127,128,130,178,184,196,292,323,324,325,326,327,358,359,360,361,362,363,364,365,366,367,368,369,370,371,372,373,374,375,382,383,384,
441;0;7299;7455;1;0,1,2,3,4,5,6,7,8,9,10,11,12,13,14,15,16,17,18,19,20,21,22,23,24,25,26,27,28,29,30,31,32,33,34,35,36,37,38,39,40,41,42,43,46,89,91,127,128,130,178,184,196,292,323,324,325,326,327,358,359,360,361,362,363,364,365,366,367,368,369,370,371,372,373,374,375,382,383,384,
445;0;7455;7475;0;0,1,2,3,4,5,6,7,8,9,10,11,12,13,14,15,16,17,18,19,20,21,22,23,24,25,26,27,28,29,30,31,32,33,34,35,36,37,38,39,40,41,42,43,46,89,91,127,128,130,178,184,196,292,323,324,325,326,327,358,359,360,361,362,363,364,365,366,367,368,369,370,371,372,373,374,375,382,383,384,
134;0;7475;7576;1;0,1,2,3,4,5,6,7,8,9,10,11,12,13,14,15,16,17,18,19,20,21,22,23,24,25,26,27,28,29,30,31,32,33,34,35,36,37,38,39,40,41,42,43,46,89,91,127,128,130,178,184,196,292,323,324,325,326,327,358,359,360,361,362,363,364,365,366,367,368,369,370,371,372,373,374,375,382,383,384,
134;1;7576;7687;1;0,1,2,3,4,5,6,7,8,9,10,11,12,13,14,15,16,17,18,19,20,21,22,23,24,25,26,27,28,29,30,31,32,33,34,35,36,37,38,39,40,41,42,43,46,89,91,127,128,130,178,184,196,292,323,324,325,326,327,358,359,360,361,362,363,364,365,366,367,368,369,370,371,372,373,374,375,382,383,384,
242;0;7687;7863;0;0,1,2,3,4,5,6,7,8,9,10,11,12,13,14,15,16,17,18,19,20,21,22,23,24,25,26,27,28,29,30,31,32,33,34,35,36,37,38,39,40,41,42,43,46,89,91,127,128,130,178,184,196,292,323,324,325,326,327,358,359,360,361,362,363,364,365,366,367,368,369,370,371,372,373,374,375,382,383,384,
242;1;7863;7974;0;0,1,2,3,4,5,6,7,8,9,10,11,12,13,14,15,16,17,18,19,20,21,22,23,24,25,26,27,28,29,30,31,32,33,34,35,36,37,38,39,40,41,42,43,46,89,91,127,128,130,178,184,196,292,323,324,325,326,327,358,359,360,361,362,363,364,365,366,367,368,369,370,371,372,373,374,375,382,383,384,
234;0;7974;8034;1;0,1,2,3,4,5,6,7,8,9,10,11,12,13,14,15,16,17,18,19,20,21,22,23,24,25,26,27,28,29,30,31,32,33,34,35,36,37,38,39,40,41,42,43,46,89,91,127,128,130,178,184,196,292,323,324,325,326,327,358,359,360,361,362,363,364,365,366,367,368,369,370,371,372,373,374,375,382,383,384,
234;1;8034;8066;1;0,1,2,3,4,5,6,7,8,9,10,11,12,13,14,15,16,17,18,19,20,21,22,23,24,25,26,27,28,29,30,31,32,33,34,35,36,37,38,39,40,41,42,43,46,89,91,127,128,130,178,184,196,292,323,324,325,326,327,358,359,360,361,362,363,364,365,366,367,368,369,370,371,372,373,374,375,382,383,384,
411;0;8066;8177;1;0,1,2,3,4,5,6,7,8,9,10,11,12,13,14,15,16,17,18,19,20,21,22,23,24,25,26,27,28,29,30,31,32,33,34,35,36,37,38,39,40,41,42,43,46,89,91,127,128,130,178,184,196,292,323,324,325,326,327,358,359,360,361,362,363,364,365,366,367,368,369,370,371,372,373,374,375,382,383,384,
1;0;8177;8324;0;0,1,2,3,4,5,6,7,8,9,10,11,12,13,14,15,16,17,18,19,20,21,22,23,24,25,26,27,28,29,30,31,32,33,34,35,36,37,38,39,40,41,42,43,46,89,91,127,128,130,178,184,196,292,323,324,325,326,327,358,359,360,361,362,363,364,365,366,367,368,369,370,371,372,373,374,375,382,383,384,
52;0;8324;8352;0;0,1,2,3,4,5,6,7,8,9,10,11,12,13,14,15,16,17,18,19,20,21,22,23,24,25,26,27,28,29,30,31,32,33,34,35,36,37,38,39,40,41,42,43,46,89,91,127,128,130,178,184,196,292,323,324,325,326,327,358,359,360,361,362,363,364,365,366,367,368,369,370,371,372,373,374,375,382,383,384,
52;1;8352;8388;0;0,1,2,3,4,5,6,7,8,9,10,11,12,13,14,15,16,17,18,19,20,21,22,23,24,25,26,27,28,29,30,31,32,33,34,35,36,37,38,39,40,41,42,43,46,89,91,127,128,130,178,184,196,292,323,324,325,326,327,358,359,360,361,362,363,364,365,366,367,368,369,370,371,372,373,374,375,382,383,384,
63;0;8388;8468;1;0,1,2,3,4,5,6,7,8,9,10,11,12,13,14,15,16,17,18,19,20,21,22,23,24,25,26,27,28,29,30,31,32,33,34,35,36,37,38,39,40,41,42,43,46,89,91,127,128,130,178,184,196,292,323,324,325,326,327,358,359,360,361,362,363,364,365,366,367,368,369,370,371,372,373,374,375,382,383,384,
158;0;8468;8628;0;0,1,2,3,4,5,6,7,8,9,10,11,12,13,14,15,16,17,18,19,20,21,22,23,24,25,26,27,28,29,30,31,32,33,34,35,36,37,38,39,40,41,42,43,46,89,91,127,128,130,178,184,196,292,323,324,325,326,327,358,359,360,361,362,363,364,365,366,367,368,369,370,371,372,373,374,375,382,383,384,
178;0;8628;8739;0;0,1,2,3,4,5,6,7,8,9,10,11,12,13,14,15,16,17,18,19,20,21,22,23,24,25,26,27,28,29,30,31,32,33,34,35,36,37,38,39,40,41,42,43,46,89,91,127,128,130,178,184,196,292,323,324,325,326,327,358,359,360,361,362,363,364,365,366,367,368,369,370,371,372,373,374,375,382,383,384,
213;0;8739;8775;1;0,1,2,3,4,5,6,7,8,9,10,11,12,13,14,15,16,17,18,19,20,21,22,23,24,25,26,27,28,29,30,31,32,33,34,35,36,37,38,39,40,41,42,43,46,89,91,127,128,130,178,184,196,292,323,324,325,326,327,358,359,360,361,362,363,364,365,366,367,368,369,370,371,372,373,374,375,382,383,384,
224;0;8775;8923;1;0,1,2,3,4,5,6,7,8,9,10,11,12,13,14,15,16,17,18,19,20,21,22,23,24,25,26,27,28,29,30,31,32,33,34,35,36,37,38,39,40,41,42,43,46,89,91,127,128,130,178,184,196,292,323,324,325,326,327,358,359,360,361,362,363,364,365,366,367,368,369,370,371,372,373,374,375,382,383,384,
224;1;8923;9070;1;0,1,2,3,4,5,6,7,8,9,10,11,12,13,14,15,16,17,18,19,20,21,22,23,24,25,26,27,28,29,30,31,32,33,34,35,36,37,38,39,40,41,42,43,46,89,91,127,128,130,178,184,196,292,323,324,325,326,327,358,359,360,361,362,363,364,365,366,367,368,369,370,371,372,373,374,375,382,383,384,
248;0;9070;9227;0;0,1,2,3,4,5,6,7,8,9,10,11,12,13,14,15,16,17,18,19,20,21,22,23,24,25,26,27,28,29,30,31,32,33,34,35,36,37,38,39,40,41,42,43,46,89,91,127,128,130,178,184,196,292,323,324,325,326,327,358,359,360,361,362,363,364,365,366,367,368,369,370,371,372,373,374,375,382,383,384,
279;0;9227;9387;0;0,1,2,3,4,5,6,7,8,9,10,11,12,13,14,15,16,17,18,19,20,21,22,23,24,25,26,27,28,29,30,31,32,33,34,35,36,37,38,39,40,41,42,43,46,89,91,127,128,130,178,184,196,292,323,324,325,326,327,358,359,360,361,362,363,364,365,366,367,368,369,370,371,372,373,374,375,382,383,384,
279;1;9387;9547;0;0,1,2,3,4,5,6,7,8,9,10,11,12,13,14,15,16,17,18,19,20,21,22,23,24,25,26,27,28,29,30,31,32,33,34,35,36,37,38,39,40,41,42,43,46,89,91,127,128,130,178,184,196,292,323,324,325,326,327,358,359,360,361,362,363,364,365,366,367,368,369,370,371,372,373,374,375,382,383,384,
125;0;9547;9689;0;0,1,2,3,4,5,6,7,8,9,10,11,12,13,14,15,16,17,18,19,20,21,22,23,24,25,26,27,28,29,30,31,32,33,34,35,36,37,38,39,40,41,42,43,46,89,91,127,128,130,178,184,196,292,323,324,325,326,327,358,359,360,361,362,363,364,365,366,367,368,369,370,371,372,373,374,375,382,383,384,
Machine: 2
293;0;0;160;1;0,1,8,9,10,11,12,13,14,15,16,17,18,29,35,36,37,38,127,128,129,130,131,132,133,134,135,136,137,138,139,140,141,142,143,144,145,146,147,148,149,150,151,152,153,154,155,156,157,158,159,160,161,162,163,164,165,166,167,168,169,170,171,172,173,174,175,176,177,178,195,263,321,322,342,513,514,515,597,603,
374;0;160;247;1;0,1,8,9,10,11,12,13,14,15,16,17,18,29,35,36,37,38,127,128,129,130,131,132,133,134,135,136,137,138,139,140,141,142,143,144,145,146,147,148,149,150,151,152,153,154,155,156,157,158,159,160,161,162,163,164,165,166,167,168,169,170,171,172,173,174,175,176,177,178,195,263,321,322,342,513,514,515,597,603,
374;1;247;407;1;0,1,8,9,10,11,12,13,14,15,16,17,18,29,35,36,37,38,127,128,129,130,131,132,133,134,135,136,137,138,139,140,141,142,143,144,145,146,147,148,149,150,151,152,153,154,155,156,157,158,159,160,161,162,163,164,165,166,167,168,169,170,171,172,173,174,175,176,177,178,195,263,321,322,342,513,514,515,597,603,
138;0;407;564;0;0,1,8,9,10,11,12,13,14,15,16,17,18,29,35,36,37,38,127,128,129,130,131,132,133,134,135,136,137,138,139,140,141,142,143,144,145,146,147,148,149,150,151,152,153,154,155,156,157,158,159,160,161,162,163,164,165,166,167,168,169,170,171,172,173,174,175,176,177,178,195,263,321,322,342,513,514,515,597,603,
2;0;564;644;0;0,1,8,9,10,11,12,13,14,15,16,17,18,29,35,36,37,38,127,128,129,130,131,132,133,134,135,136,137,138,139,140,141,142,143,144,145,146,147,148,149,150,151,152,153,154,155,156,157,158,159,160,161,162,163,164,165,166,167,168,169,170,171,172,173,174,175,176,177,178,195,263,321,322,342,513,514,515,597,603,
2;1;644;691;0;0,1,8,9,10,11,12,13,14,15,16,17,18,29,35,36,37,38,127,128,129,130,131,132,133,134,135,136,137,138,139,140,141,142,143,144,145,146,147,148,149,150,151,152,153,154,155,156,157,158,159,160,161,162,163,164,165,166,167,168,169,170,171,172,173,174,175,176,177,178,195,263,321,322,342,513,514,515,597,603,
47;0;691;828;1;0,1,8,9,10,11,12,13,14,15,16,17,18,29,35,36,37,38,127,128,129,130,131,132,133,134,135,136,137,138,139,140,141,142,143,144,145,146,147,148,149,150,151,152,153,154,155,156,157,158,159,160,161,162,163,164,165,166,167,168,169,170,171,172,173,174,175,176,177,178,195,263,321,322,342,513,514,515,597,603,
47;1;828;924;1;0,1,8,9,10,11,12,13,14,15,16,17,18,29,35,36,37,38,127,128,129,130,131,132,133,134,135,136,137,138,139,140,141,142,143,144,145,146,147,148,149,150,151,152,153,154,155,156,157,158,159,160,161,162,163,164,165,166,167,168,169,170,171,172,173,174,175,176,177,178,195,263,321,322,342,513,514,515,597,603,
118;0;924;1020;0;0,1,8,9,10,11,12,13,14,15,16,17,18,29,35,36,37,38,127,128,129,130,131,132,133,134,135,136,137,138,139,140,141,142,143,144,145,146,147,148,149,150,151,152,153,154,155,156,157,158,159,160,161,162,163,164,165,166,167,168,169,170,171,172,173,174,175,176,177,178,195,263,321,322,342,513,514,515,597,603,
119;0;1020;1057;0;0,1,8,9,10,11,12,13,14,15,16,17,18,29,35,36,37,38,127,128,129,130,131,132,133,134,135,136,137,138,139,140,141,142,143,144,145,146,147,148,149,150,151,152,153,154,155,156,157,158,159,160,161,162,163,164,165,166,167,168,169,170,171,172,173,174,175,176,177,178,195,263,321,322,342,513,514,515,597,603,
119;1;1057;1202;0;0,1,8,9,10,11,12,13,14,15,16,17,18,29,35,36,37,38,127,128,129,130,131,132,133,134,135,136,137,138,139,140,141,142,143,144,145,146,147,148,149,150,151,152,153,154,155,156,157,158,159,160,161,162,163,164,165,166,167,168,169,170,171,172,173,174,175,176,177,178,195,263,321,322,342,513,514,515,597,603,
34;0;1202;1271;1;0,1,8,9,10,11,12,13,14,15,16,17,18,29,35,36,37,38,127,128,129,130,131,132,133,134,135,136,137,138,139,140,141,142,143,144,145,146,147,148,149,150,151,152,153,154,155,156,157,158,159,160,161,162,163,164,165,166,167,168,169,170,171,172,173,174,175,176,177,178,195,263,321,322,342,513,514,515,597,603,
34;1;1271;1415;1;0,1,8,9,10,11,12,13,14,15,16,17,18,29,35,36,37,38,127,128,129,130,131,132,133,134,135,136,137,138,139,140,141,142,143,144,145,146,147,148,149,150,151,152,153,154,155,156,157,158,159,160,161,162,163,164,165,166,167,168,169,170,171,172,173,174,175,176,177,178,195,263,321,322,342,513,514,515,597,603,
385;0;1415;1462;0;0,1,8,9,10,11,12,13,14,15,16,17,18,29,35,36,37,38,127,128,129,130,131,132,133,134,135,136,137,138,139,140,141,142,143,144,145,146,147,148,149,150,151,152,153,154,155,156,157,158,159,160,161,162,163,164,165,166,167,168,169,170,171,172,173,174,175,176,177,178,195,263,321,322,342,513,514,515,597,603,
283;0;1462;1499;1;0,1,8,9,10,11,12,13,14,15,16,17,18,29,35,36,37,38,127,128,129,130,131,132,133,134,135,136,137,138,139,140,141,142,143,144,145,146,147,148,149,150,151,152,153,154,155,156,157,158,159,160,161,162,163,164,165,166,167,168,169,170,171,172,173,174,175,176,177,178,195,263,321,322,342,513,514,515,597,603,
435;0;1499;1595;0;0,1,8,9,10,11,12,13,14,15,16,17,18,29,35,36,37,38,127,128,129,130,131,132,133,134,135,136,137,138,139,140,141,142,143,144,145,146,147,148,149,150,151,152,153,154,155,156,157,158,159,160,161,162,163,164,165,166,167,168,169,170,171,172,173,174,175,176,177,178,195,263,321,322,342,513,514,515,597,603,
439;0;1595;1725;0;0,1,8,9,10,11,12,13,14,15,16,17,18,29,35,36,37,38,127,128,129,130,131,132,133,134,135,136,137,138,139,140,141,142,143,144,145,146,147,148,149,150,151,152,153,154,155,156,157,158,159,160,161,162,163,164,165,166,167,168,169,170,171,172,173,174,175,176,177,178,195,263,321,322,342,513,514,515,597,603,
439;1;1725;1791;0;0,1,8,9,10,11,12,13,14,15,16,17,18,29,35,36,37,38,127,128,129,130,131,132,133,134,135,136,137,138,139,140,141,142,143,144,145,146,147,148,149,150,151,152,153,154,155,156,157,158,159,160,161,162,163,164,165,166,167,168,169,170,171,172,173,174,175,176,177,178,195,263,321,322,342,513,514,515,597,603,
61;0;1791;1843;1;0,1,8,9,10,11,12,13,14,15,16,17,18,29,35,36,37,38,127,128,129,130,131,132,133,134,135,136,137,138,139,140,141,142,143,144,145,146,147,148,149,150,151,152,153,154,155,156,157,158,159,160,161,162,163,164,165,166,167,168,169,170,171,172,173,174,175,176,177,178,195,263,321,322,342,513,514,515,597,603,
290;0;1843;1895;1;0,1,8,9,10,11,12,13,14,15,16,17,18,29,35,36,37,38,127,128,129,130,131,132,133,134,135,136,137,138,139,140,141,142,143,144,145,146,147,148,149,150,151,152,153,154,155,156,157,158,159,160,161,162,163,164,165,166,167,168,169,170,171,172,173,174,175,176,177,178,195,263,321,322,342,513,514,515,597,603,
298;0;1895;1947;0;0,1,8,9,10,11,12,13,14,15,16,17,18,29,35,36,37,38,127,128,129,130,131,132,133,134,135,136,137,138,139,140,141,142,143,144,145,146,147,148,149,150,151,152,153,154,155,156,157,158,159,160,161,162,163,164,165,166,167,168,169,170,171,172,173,174,175,176,177,178,195,263,321,322,342,513,514,515,597,603,
75;0;1947;2007;0;0,1,8,9,10,11,12,13,14,15,16,17,18,29,35,36,37,38,127,128,129,130,131,132,133,134,135,136,137,138,139,140,141,142,143,144,145,146,147,148,149,150,151,152,153,154,155,156,157,158,159,160,161,162,163,164,165,166,167,168,169,170,171,172,173,174,175,176,177,178,195,263,321,322,342,513,514,515,597,603,
384;0;2007;2015;1;0,1,8,9,10,11,12,13,14,15,16,17,18,29,35,36,37,38,127,128,129,130,131,132,133,134,135,136,137,138,139,140,141,142,143,144,145,146,147,148,149,150,151,152,153,154,155,156,157,158,159,160,161,162,163,164,165,166,167,168,169,170,171,172,173,174,175,176,177,178,195,263,321,322,342,513,514,515,597,603,
384;1;2015;2102;1;0,1,8,9,10,11,12,13,14,15,16,17,18,29,35,36,37,38,127,128,129,130,131,132,133,134,135,136,137,138,139,140,141,142,143,144,145,146,147,148,149,150,151,152,153,154,155,156,157,158,159,160,161,162,163,164,165,166,167,168,169,170,171,172,173,174,175,176,177,178,195,263,321,322,342,513,514,515,597,603,
330;0;2102;2211;1;0,1,8,9,10,11,12,13,14,15,16,17,18,29,35,36,37,38,127,128,129,130,131,132,133,134,135,136,137,138,139,140,141,142,143,144,145,146,147,148,149,150,151,152,153,154,155,156,157,158,159,160,161,162,163,164,165,166,167,168,169,170,171,172,173,174,175,176,177,178,195,263,321,322,342,513,514,515,597,603,
173;0;2211;2271;1;0,1,8,9,10,11,12,13,14,15,16,17,18,29,35,36,37,38,127,128,129,130,131,132,133,134,135,136,137,138,139,140,141,142,143,144,145,146,147,148,149,150,151,152,153,154,155,156,157,158,159,160,161,162,163,164,165,166,167,168,169,170,171,172,173,174,175,176,177,178,195,263,321,322,342,513,514,515,597,603,
209;0;2271;2279;0;0,1,8,9,10,11,12,13,14,15,16,17,18,29,35,36,37,38,127,128,129,130,131,132,133,134,135,136,137,138,139,140,141,142,143,144,145,146,147,148,149,150,151,152,153,154,155,156,157,158,159,160,161,162,163,164,165,166,167,168,169,170,171,172,173,174,175,176,177,178,195,263,321,322,342,513,514,515,597,603,
209;1;2279;2453;0;0,1,8,9,10,11,12,13,14,15,16,17,18,29,35,36,37,38,127,128,129,130,131,132,133,134,135,136,137,138,139,140,141,142,143,144,145,146,147,148,149,150,151,152,153,154,155,156,157,158,159,160,161,162,163,164,165,166,167,168,169,170,171,172,173,174,175,176,177,178,195,263,321,322,342,513,514,515,597,603,
409;0;2453;2584;0;0,1,8,9,10,11,12,13,14,15,16,17,18,29,35,36,37,38,127,128,129,130,131,132,133,134,135,136,137,138,139,140,141,142,143,144,145,146,147,148,149,150,151,152,153,154,155,156,157,158,159,160,161,162,163,164,165,166,167,168,169,170,171,172,173,174,175,176,177,178,195,263,321,322,342,513,514,515,597,603,
409;1;2584;2741;0;0,1,8,9,10,11,12,13,14,15,16,17,18,29,35,36,37,38,127,128,129,130,131,132,133,134,135,136,137,138,139,140,141,142,143,144,145,146,147,148,149,150,151,152,153,154,155,156,157,158,159,160,161,162,163,164,165,166,167,168,169,170,171,172,173,174,175,176,177,178,195,263,321,322,342,513,514,515,597,603,
413;0;2741;2913;1;0,1,8,9,10,11,12,13,14,15,16,17,18,29,35,36,37,38,127,128,129,130,131,132,133,134,135,136,137,138,139,140,141,142,143,144,145,146,147,148,149,150,151,152,153,154,155,156,157,158,159,160,161,162,163,164,165,166,167,168,169,170,171,172,173,174,175,176,177,178,195,263,321,322,342,513,514,515,597,603,
6;0;2913;3044;0;0,1,8,9,10,11,12,13,14,15,16,17,18,29,35,36,37,38,127,128,129,130,131,132,133,134,135,136,137,138,139,140,141,142,143,144,145,146,147,148,149,150,151,152,153,154,155,156,157,158,159,160,161,162,163,164,165,166,167,168,169,170,171,172,173,174,175,176,177,178,195,263,321,322,342,513,514,515,597,603,
287;0;3044;3074;1;0,1,8,9,10,11,12,13,14,15,16,17,18,29,35,36,37,38,127,128,129,130,131,132,133,134,135,136,137,138,139,140,141,142,143,144,145,146,147,148,149,150,151,152,153,154,155,156,157,158,159,160,161,162,163,164,165,166,167,168,169,170,171,172,173,174,175,176,177,178,195,263,321,322,342,513,514,515,597,603,
287;1;3074;3223;1;0,1,8,9,10,11,12,13,14,15,16,17,18,29,35,36,37,38,127,128,129,130,131,132,133,134,135,136,137,138,139,140,141,142,143,144,145,146,147,148,149,150,151,152,153,154,155,156,157,158,159,160,161,162,163,164,165,166,167,168,169,170,171,172,173,174,175,176,177,178,195,263,321,322,342,513,514,515,597,603,
20;0;3223;3287;1;0,1,8,9,10,11,12,13,14,15,16,17,18,29,35,36,37,38,127,128,129,130,131,132,133,134,135,136,137,138,139,140,141,142,143,144,145,146,147,148,149,150,151,152,153,154,155,156,157,158,159,160,161,162,163,164,165,166,167,168,169,170,171,172,173,174,175,176,177,178,195,263,321,322,342,513,514,515,597,603,
170;0;3287;3351;1;0,1,8,9,10,11,12,13,14,15,16,17,18,29,35,36,37,38,127,128,129,130,131,132,133,134,135,136,137,138,139,140,141,142,143,144,145,146,147,148,149,150,151,152,153,154,155,156,157,158,159,160,161,162,163,164,165,166,167,168,169,170,171,172,173,174,175,176,177,178,195,263,321,322,342,513,514,515,597,603,
302;0;3351;3485;0;0,1,8,9,10,11,12,13,14,15,16,17,18,29,35,36,37,38,127,128,129,130,131,132,133,134,135,136,137,138,139,140,141,142,143,144,145,146,147,148,149,150,151,152,153,154,155,156,157,158,159,160,161,162,163,164,165,166,167,168,169,170,171,172,173,174,175,176,177,178,195,263,321,322,342,513,514,515,597,603,
302;1;3485;3549;0;0,1,8,9,10,11,12,13,14,15,16,17,18,29,35,36,37,38,127,128,129,130,131,132,133,134,135,136,137,138,139,140,141,142,143,144,145,146,147,148,149,150,151,152,153,154,155,156,157,158,159,160,161,162,163,164,165,166,167,168,169,170,171,172,173,174,175,176,177,178,195,263,321,322,342,513,514,515,597,603,
80;0;3549;3584;1;0,1,8,9,10,11,12,13,14,15,16,17,18,29,35,36,37,38,127,128,129,130,131,132,133,134,135,136,137,138,139,140,141,142,143,144,145,146,147,148,149,150,151,152,153,154,155,156,157,158,159,160,161,162,163,164,165,166,167,168,169,170,171,172,173,174,175,176,177,178,195,263,321,322,342,513,514,515,597,603,
364;0;3584;3661;1;0,1,8,9,10,11,12,13,14,15,16,17,18,29,35,36,37,38,127,128,129,130,131,132,133,134,135,136,137,138,139,140,141,142,143,144,145,146,147,148,149,150,151,152,153,154,155,156,157,158,159,160,161,162,163,164,165,166,167,168,169,170,171,172,173,174,175,176,177,178,179,195,263,321,322,342,513,603,610,611,
364;1;3661;3696;1;0,1,8,9,10,11,12,13,14,15,16,17,18,29,35,36,37,38,127,128,129,130,131,132,133,134,135,136,137,138,139,140,141,142,143,144,145,146,147,148,149,150,151,152,153,154,155,156,157,158,159,160,161,162,163,164,165,166,167,168,169,170,171,172,173,174,175,176,177,178,179,195,263,321,322,342,513,603,610,611,
431;0;3696;3789;1;0,1,8,9,10,11,12,13,14,15,16,17,18,29,35,36,37,38,127,128,129,130,131,132,133,134,135,136,137,138,139,140,141,142,143,144,145,146,147,148,149,150,151,152,153,154,155,156,157,158,159,160,161,162,163,164,165,166,167,168,169,170,171,172,173,174,175,176,177,178,179,195,263,321,322,342,513,603,610,611,
56;0;3789;3806;0;0,1,8,9,10,11,12,13,14,15,16,17,18,29,35,36,37,38,127,128,129,130,131,132,133,134,135,136,137,138,139,140,141,142,143,144,145,146,147,148,149,150,151,152,153,154,155,156,157,158,159,160,161,162,163,164,165,166,167,168,169,170,171,172,173,174,175,176,177,178,179,195,263,321,322,342,513,603,610,611,
22;0;3806;3825;0;0,1,8,9,10,11,12,13,14,15,16,17,18,29,35,36,37,38,127,128,129,130,131,132,133,134,135,136,137,138,139,140,141,142,143,144,145,146,147,148,149,150,151,152,153,154,155,156,157,158,159,160,161,162,163,164,165,166,167,168,169,170,171,172,173,174,175,176,177,178,179,195,263,321,322,342,513,603,610,611,
22;1;3825;3952;0;0,1,8,9,10,11,12,13,14,15,16,17,18,29,35,36,37,38,127,128,129,130,131,132,133,134,135,136,137,138,139,140,141,142,143,144,145,146,147,148,149,150,151,152,153,154,155,156,157,158,159,160,161,162,163,164,165,166,167,168,169,170,171,172,173,174,175,176,177,178,179,195,263,321,322,342,513,603,610,611,
109;0;3952;4033;0;0,1,8,9,10,11,12,13,14,15,16,17,18,29,35,36,37,38,127,128,129,130,131,132,133,134,135,136,137,138,139,140,141,142,143,144,145,146,147,148,149,150,151,152,153,154,155,156,157,158,159,160,161,162,163,164,165,166,167,168,169,170,171,172,173,174,175,176,177,178,179,195,263,321,322,342,513,603,610,611,
109;1;4033;4198;0;0,1,8,9,10,11,12,13,14,15,16,17,18,29,35,36,37,38,127,128,129,130,131,132,133,134,135,136,137,138,139,140,141,142,143,144,145,146,147,148,149,150,151,152,153,154,155,156,157,158,159,160,161,162,163,164,165,166,167,168,169,170,171,172,173,174,175,176,177,178,179,195,263,321,322,342,513,603,610,611,
37;0;4198;4288;1;0,1,8,9,10,11,12,13,14,15,16,17,18,29,35,36,37,38,127,128,129,130,131,132,133,134,135,136,137,138,139,140,141,142,143,144,145,146,147,148,149,150,151,152,153,154,155,156,157,158,159,160,161,162,163,164,165,166,167,168,169,170,171,172,173,174,175,176,177,178,179,195,263,321,322,342,513,603,610,611,
37;1;4288;4339;1;0,1,8,9,10,11,12,13,14,15,16,17,18,29,35,36,37,38,127,128,129,130,131,132,133,134,135,136,137,138,139,140,141,142,143,144,145,146,147,148,149,150,151,152,153,154,155,156,157,158,159,160,161,162,163,164,165,166,167,168,169,170,171,172,173,174,175,176,177,178,179,195,263,321,322,342,513,603,610,611,
343;0;4339;4444;1;0,1,2,3,4,5,6,8,9,10,11,12,13,14,15,16,17,18,23,24,25,26,27,28,29,30,31,32,33,34,35,36,37,38,39,127,128,129,130,131,132,133,134,135,136,137,138,139,140,141,142,143,144,145,146,147,148,149,150,151,152,153,154,155,156,157,158,159,160,161,162,163,164,165,166,178,184,263,322,342,
60;0;4444;4481;1;0,1,2,3,4,5,6,8,9,10,11,12,13,14,15,16,17,18,23,24,25,26,27,28,29,30,31,32,33,34,35,36,37,38,39,127,128,129,130,131,132,133,134,135,136,137,138,139,140,141,142,143,144,145,146,147,148,149,150,151,152,153,154,155,156,157,158,159,160,161,162,163,164,165,166,178,184,263,322,342,
86;0;4481;4518;0;0,1,2,3,4,5,6,8,9,10,11,12,13,14,15,16,17,18,23,24,25,26,27,28,29,30,31,32,33,34,35,36,37,38,39,127,128,129,130,131,132,133,134,135,136,137,138,139,140,141,142,143,144,145,146,147,148,149,150,151,152,153,154,155,156,157,158,159,160,161,162,163,164,165,166,178,184,263,322,342,
91;0;4518;4691;1;0,1,2,3,4,5,6,8,9,10,11,12,13,14,15,16,17,18,23,24,25,26,27,28,29,30,31,32,33,34,35,36,37,38,39,127,128,129,130,131,132,133,134,135,136,137,138,139,140,141,142,143,144,145,146,147,148,149,150,151,152,153,154,155,156,157,158,159,160,161,162,163,164,165,166,178,184,263,322,342,
107;0;4691;4810;1;0,1,2,3,4,5,6,8,9,10,11,12,13,14,15,16,17,18,23,24,25,26,27,28,29,30,31,32,33,34,35,36,37,38,39,127,128,129,130,131,132,133,134,135,136,137,138,139,140,141,142,143,144,145,146,147,148,149,150,151,152,153,154,155,156,157,158,159,160,161,162,163,164,165,166,178,184,263,322,342,
107;1;4810;4920;1;0,1,2,3,4,5,6,8,9,10,11,12,13,14,15,16,17,18,23,24,25,26,27,28,29,30,31,32,33,34,35,36,37,38,39,127,128,129,130,131,132,133,134,135,136,137,138,139,140,141,142,143,144,145,146,147,148,149,150,151,152,153,154,155,156,157,158,159,160,161,162,163,164,165,166,178,184,263,322,342,
23;0;4920;5093;1;0,1,2,3,4,5,6,8,9,10,11,12,13,14,15,16,17,18,23,24,25,26,27,28,29,30,31,32,33,34,35,36,37,38,39,127,128,129,130,131,132,133,134,135,136,137,138,139,140,141,142,143,144,145,146,147,148,149,150,151,152,153,154,155,156,157,158,159,160,161,162,163,164,165,166,178,184,263,322,342,
121;0;5093;5258;1;0,1,2,3,4,5,6,8,9,10,11,12,13,14,15,16,17,18,23,24,25,26,27,28,29,30,31,32,33,34,35,36,37,38,39,127,128,129,130,131,132,133,134,135,136,137,138,139,140,141,142,143,144,145,146,147,148,149,150,151,152,153,154,155,156,157,158,159,160,161,162,163,164,165,166,178,184,263,322,342,
128;0;5258;5344;0;0,1,2,3,4,5,6,8,9,10,11,12,13,14,15,16,17,18,23,24,25,26,27,28,29,30,31,32,33,34,35,36,37,38,39,127,128,129,130,131,132,133,134,135,136,137,138,139,140,141,142,143,144,145,146,147,148,149,150,151,152,153,154,155,156,157,158,159,160,161,162,163,164,165,166,178,184,263,322,342,
133;0;5344;5430;1;0,1,2,3,4,5,6,8,9,10,11,12,13,14,15,16,17,18,23,24,25,26,27,28,29,30,31,32,33,34,35,36,37,38,39,127,128,129,130,131,132,133,134,135,136,137,138,139,140,141,142,143,144,145,146,147,148,149,150,151,152,153,154,155,156,157,158,159,160,161,162,163,164,165,166,178,184,263,322,342,
136;0;5430;5503;0;0,1,2,3,4,5,6,8,9,10,11,12,13,14,15,16,17,18,23,24,25,26,27,28,29,30,31,32,33,34,35,36,37,38,39,127,128,129,130,131,132,133,134,135,136,137,138,139,140,141,142,143,144,145,146,147,148,149,150,151,152,153,154,155,156,157,158,159,160,161,162,163,164,165,166,178,184,263,322,342,
149;0;5503;5572;0;0,1,2,3,4,5,6,8,9,10,11,12,13,14,15,16,17,18,23,24,25,26,27,28,29,30,31,32,33,34,35,36,37,38,39,127,128,129,130,131,132,133,134,135,136,137,138,139,140,141,142,143,144,145,146,147,148,149,150,151,152,153,154,155,156,157,158,159,160,161,162,163,164,165,166,178,184,263,322,342,
149;1;5572;5627;0;0,1,2,3,4,5,6,8,9,10,11,12,13,14,15,16,17,18,23,24,25,26,27,28,29,30,31,32,33,34,35,36,37,38,39,127,128,129,130,131,132,133,134,135,136,137,138,139,140,141,142,143,144,145,146,147,148,149,150,151,152,153,154,155,156,157,158,159,160,161,162,163,164,165,166,178,184,263,322,342,
155;0;5627;5798;0;0,1,2,3,4,5,6,8,9,10,11,12,13,14,15,16,17,18,23,24,25,26,27,28,29,30,31,32,33,34,35,36,37,38,39,127,128,129,130,131,132,133,134,135,136,137,138,139,140,141,142,143,144,145,146,147,148,149,150,151,152,153,154,155,156,157,158,159,160,161,162,163,164,165,166,178,184,263,322,342,
161;0;5798;5908;1;0,1,2,3,4,5,6,8,9,10,11,12,13,14,15,16,17,18,23,24,25,26,27,28,29,30,31,32,33,34,35,36,37,38,39,127,128,129,130,131,132,133,134,135,136,137,138,139,140,141,142,143,144,145,146,147,148,149,150,151,152,153,154,155,156,157,158,159,160,161,162,163,164,165,166,178,184,263,322,342,
184;0;5908;6073;1;0,1,2,3,4,5,6,8,9,10,11,12,13,14,15,16,17,18,23,24,25,26,27,28,29,30,31,32,33,34,35,36,37,38,39,127,128,129,130,131,132,133,134,135,136,137,138,139,140,141,142,143,144,145,146,147,148,149,150,151,152,153,154,155,156,157,158,159,160,161,162,163,164,165,166,178,184,263,322,342,
184;1;6073;6238;1;0,1,2,3,4,5,6,8,9,10,11,12,13,14,15,16,17,18,23,24,25,26,27,28,29,30,31,32,33,34,35,36,37,38,39,127,128,129,130,131,132,133,134,135,136,137,138,139,140,141,142,143,144,145,146,147,148,149,150,151,152,153,154,155,156,157,158,159,160,161,162,163,164,165,166,178,184,263,322,342,
189;0;6238;6362;0;0,1,2,3,4,5,6,8,9,10,11,12,13,14,15,16,17,18,23,24,25,26,27,28,29,30,31,32,33,34,35,36,37,38,39,127,128,129,130,131,132,133,134,135,136,137,138,139,140,141,142,143,144,145,146,147,148,149,150,151,152,153,154,155,156,157,158,159,160,161,162,163,164,165,166,178,184,263,322,342,
189;1;6362;6487;0;0,1,2,3,4,5,6,8,9,10,11,12,13,14,15,16,17,18,23,24,25,26,27,28,29,30,31,32,33,34,35,36,37,38,39,127,128,129,130,131,132,133,134,135,136,137,138,139,140,141,142,143,144,145,146,147,148,149,150,151,152,153,154,155,156,157,158,159,160,161,162,163,164,165,166,178,184,263,322,342,
194;0;6487;6540;1;0,1,2,3,4,5,6,8,9,10,11,12,13,14,15,16,17,18,23,24,25,26,27,28,29,30,31,32,33,34,35,36,37,38,39,127,128,129,130,131,132,133,134,135,136,137,138,139,140,141,142,143,144,145,146,147,148,149,150,151,152,153,154,155,156,157,158,159,160,161,162,163,164,165,166,178,184,263,322,342,
194;1;6540;6574;1;0,1,2,3,4,5,6,8,9,10,11,12,13,14,15,16,17,18,23,24,25,26,27,28,29,30,31,32,33,34,35,36,37,38,39,127,128,129,130,131,132,133,134,135,136,137,138,139,140,141,142,143,144,145,146,147,148,149,150,151,152,153,154,155,156,157,158,159,160,161,162,163,164,165,166,178,184,263,322,342,
195;0;6574;6638;0;0,1,2,3,4,5,6,8,9,10,11,12,13,14,15,16,17,18,23,24,25,26,27,28,29,30,31,32,33,34,35,36,37,38,39,127,128,129,130,131,132,133,134,135,136,137,138,139,140,141,142,143,144,145,146,147,148,149,150,151,152,153,154,155,156,157,158,159,160,161,162,163,164,165,166,178,184,263,322,342,
201;0;6638;6672;1;0,1,2,3,4,5,6,8,9,10,11,12,13,14,15,16,17,18,23,24,25,26,27,28,29,30,31,32,33,34,35,36,37,38,39,127,128,129,130,131,132,133,134,135,136,137,138,139,140,141,142,143,144,145,146,147,148,149,150,151,152,153,154,155,156,157,158,159,160,161,162,163,164,165,166,178,184,263,322,342,
202;0;6672;6738;0;0,1,2,3,4,5,6,8,9,10,11,12,13,14,15,16,17,18,23,24,25,26,27,28,29,30,31,32,33,34,35,36,37,38,39,127,128,129,130,131,132,133,134,135,136,137,138,139,140,141,142,143,144,145,146,147,148,149,150,151,152,153,154,155,156,157,158,159,160,161,162,163,164,165,166,178,184,263,322,342,
202;1;6738;6824;0;0,1,2,3,4,5,6,8,9,10,11,12,13,14,15,16,17,18,23,24,25,26,27,28,29,30,31,32,33,34,35,36,37,38,39,127,128,129,130,131,132,133,134,135,136,137,138,139,140,141,142,143,144,145,146,147,148,149,150,151,152,153,154,155,156,157,158,159,160,161,162,163,164,165,166,178,184,263,322,342,
215;0;6824;6968;0;0,1,2,3,4,5,6,8,9,10,11,12,13,14,15,16,17,18,23,24,25,26,27,28,29,30,31,32,33,34,35,36,37,38,39,127,128,129,130,131,132,133,134,135,136,137,138,139,140,141,142,143,144,145,146,147,148,149,150,151,152,153,154,155,156,157,158,159,160,161,162,163,164,165,166,178,184,263,322,342,
223;0;6968;6982;1;0,1,2,3,4,5,6,8,9,10,11,12,13,14,15,16,17,18,23,24,25,26,27,28,29,30,31,32,33,34,35,36,37,38,39,127,128,129,130,131,132,133,134,135,136,137,138,139,140,141,142,143,144,145,146,147,148,149,150,151,152,153,154,155,156,157,158,159,160,161,162,163,164,165,166,178,184,263,322,342,
231;0;6982;7037;1;0,1,2,3,4,5,6,8,9,10,11,12,13,14,15,16,17,18,23,24,25,26,27,28,29,30,31,32,33,34,35,36,37,38,39,127,128,129,130,131,132,133,134,135,136,137,138,139,140,141,142,143,144,145,146,147,148,149,150,151,152,153,154,155,156,157,158,159,160,161,162,163,164,165,166,178,184,263,322,342,
245;0;7037;7208;0;0,1,2,3,4,5,6,8,9,10,11,12,13,14,15,16,17,18,23,24,25,26,27,28,29,30,31,32,33,34,35,36,37,38,39,127,128,129,130,131,132,133,134,135,136,137,138,139,140,141,142,143,144,145,146,147,148,149,150,151,152,153,154,155,156,157,158,159,160,161,162,163,164,165,166,178,184,263,322,342,
249;0;7208;7350;0;0,1,2,3,4,5,6,8,9,10,11,12,13,14,15,16,17,18,23,24,25,26,27,28,29,30,31,32,33,34,35,36,37,38,39,127,128,129,130,131,132,133,134,135,136,137,138,139,140,141,142,143,144,145,146,147,148,149,150,151,152,153,154,155,156,157,158,159,160,161,162,163,164,165,166,178,184,263,322,342,
249;1;7350;7419;0;0,1,2,3,4,5,6,8,9,10,11,12,13,14,15,16,17,18,23,24,25,26,27,28,29,30,31,32,33,34,35,36,37,38,39,127,128,129,130,131,132,133,134,135,136,137,138,139,140,141,142,143,144,145,146,147,148,149,150,151,152,153,154,155,156,157,158,159,160,161,162,163,164,165,166,178,184,263,322,342,
257;0;7419;7478;1;0,1,2,3,4,5,6,8,9,10,11,12,13,14,15,16,17,18,23,24,25,26,27,28,29,30,31,32,33,34,35,36,37,38,39,127,128,129,130,131,132,133,134,135,136,137,138,139,140,141,142,143,144,145,146,147,148,149,150,151,152,153,154,155,156,157,158,159,160,161,162,163,164,165,166,178,184,263,322,342,
257;1;7478;7622;1;0,1,2,3,4,5,6,8,9,10,11,12,13,14,15,16,17,18,23,24,25,26,27,28,29,30,31,32,33,34,35,36,37,38,39,127,128,129,130,131,132,133,134,135,136,137,138,139,140,141,142,143,144,145,146,147,148,149,150,151,152,153,154,155,156,157,158,159,160,161,162,163,164,165,166,178,184,263,322,342,
260;0;7622;7695;1;0,1,2,3,4,5,6,8,9,10,11,12,13,14,15,16,17,18,23,24,25,26,27,28,29,30,31,32,33,34,35,36,37,38,39,127,128,129,130,131,132,133,134,135,136,137,138,139,140,141,142,143,144,145,146,147,148,149,150,151,152,153,154,155,156,157,158,159,160,161,162,163,164,165,166,178,184,263,322,342,
264;0;7695;7851;1;0,1,2,3,4,5,6,8,9,10,11,12,13,14,15,16,17,18,23,24,25,26,27,28,29,30,31,32,33,34,35,36,37,38,39,127,128,129,130,131,132,133,134,135,136,137,138,139,140,141,142,143,144,145,146,147,148,149,150,151,152,153,154,155,156,157,158,159,160,161,162,163,164,165,166,178,184,263,322,342,
264;1;7851;7976;1;0,1,2,3,4,5,6,8,9,10,11,12,13,14,15,16,17,18,23,24,25,26,27,28,29,30,31,32,33,34,35,36,37,38,39,127,128,129,130,131,132,133,134,135,136,137,138,139,140,141,142,143,144,145,146,147,148,149,150,151,152,153,154,155,156,157,158,159,160,161,162,163,164,165,166,178,184,263,322,342,
270;0;7976;8027;1;0,1,2,3,4,5,6,8,9,10,11,12,13,14,15,16,17,18,23,24,25,26,27,28,29,30,31,32,33,34,35,36,37,38,39,127,128,129,130,131,132,133,134,135,136,137,138,139,140,141,142,143,144,145,146,147,148,149,150,151,152,153,154,155,156,157,158,159,160,161,162,163,164,165,166,178,184,263,322,342,
273;0;8027;8082;1;0,1,2,3,4,5,6,8,9,10,11,12,13,14,15,16,17,18,23,24,25,26,27,28,29,30,31,32,33,34,35,36,37,38,39,127,128,129,130,131,132,133,134,135,136,137,138,139,140,141,142,143,144,145,146,147,148,149,150,151,152,153,154,155,156,157,158,159,160,161,162,163,164,165,166,178,184,263,322,342,
282;0;8082;8131;0;0,1,2,3,4,5,6,8,9,10,11,12,13,14,15,16,17,18,23,24,25,26,27,28,29,30,31,32,33,34,35,36,37,38,39,127,128,129,130,131,132,133,134,135,136,137,138,139,140,141,142,143,144,145,146,147,148,149,150,151,152,153,154,155,156,157,158,159,160,161,162,163,164,165,166,178,184,263,322,342,
282;1;8131;8165;0;0,1,2,3,4,5,6,8,9,10,11,12,13,14,15,16,17,18,23,24,25,26,27,28,29,30,31,32,33,34,35,36,37,38,39,127,128,129,130,131,132,133,134,135,136,137,138,139,140,141,142,143,144,145,146,147,148,149,150,151,152,153,154,155,156,157,158,159,160,161,162,163,164,165,166,178,184,263,322,342,
284;0;8165;8307;1;0,1,2,3,4,5,6,8,9,10,11,12,13,14,15,16,17,18,23,24,25,26,27,28,29,30,31,32,33,34,35,36,37,38,39,127,128,129,130,131,132,133,134,135,136,137,138,139,140,141,142,143,144,145,146,147,148,149,150,151,152,153,154,155,156,157,158,159,160,161,162,163,164,165,166,178,184,263,322,342,
284;1;8307;8341;1;0,1,2,3,4,5,6,8,9,10,11,12,13,14,15,16,17,18,23,24,25,26,27,28,29,30,31,32,33,34,35,36,37,38,39,127,128,129,130,131,132,133,134,135,136,137,138,139,140,141,142,143,144,145,146,147,148,149,150,151,152,153,154,155,156,157,158,159,160,161,162,163,164,165,166,178,184,263,322,342,
285;0;8341;8514;0;0,1,2,3,4,5,6,8,9,10,11,12,13,14,15,16,17,18,23,24,25,26,27,28,29,30,31,32,33,34,35,36,37,38,39,127,128,129,130,131,132,133,134,135,136,137,138,139,140,141,142,143,144,145,146,147,148,149,150,151,152,153,154,155,156,157,158,159,160,161,162,163,164,165,166,178,184,263,322,342,
303;0;8514;8655;1;0,1,2,3,4,5,6,8,9,10,11,12,13,14,15,16,17,18,23,24,25,26,27,28,29,30,31,32,33,34,35,36,37,38,39,127,128,129,130,131,132,133,134,135,136,137,138,139,140,141,142,143,144,145,146,147,148,149,150,151,152,153,154,155,156,157,158,159,160,161,162,163,164,165,166,178,184,263,322,342,
328;0;8655;8689;0;0,1,2,3,4,5,6,8,9,10,11,12,13,14,15,16,17,18,23,24,25,26,27,28,29,30,31,32,33,34,35,36,37,38,39,127,128,129,130,131,132,133,134,135,136,137,138,139,140,141,142,143,144,145,146,147,148,149,150,151,152,153,154,155,156,157,158,159,160,161,162,163,164,165,166,178,184,263,322,342,
154;0;8689;8790;1;0,1,2,3,4,5,6,8,9,10,11,12,13,14,15,16,17,18,23,24,25,26,27,28,29,30,31,32,33,34,35,36,37,38,39,127,128,129,130,131,132,133,134,135,136,137,138,139,140,141,142,143,144,145,146,147,148,149,150,151,152,153,154,155,156,157,158,159,160,161,162,163,164,165,166,178,184,263,322,342,
154;1;8790;8850;1;0,1,2,3,4,5,6,8,9,10,11,12,13,14,15,16,17,18,23,24,25,26,27,28,29,30,31,32,33,34,35,36,37,38,39,127,128,129,130,131,132,133,134,135,136,137,138,139,140,141,142,143,144,145,146,147,148,149,150,151,152,153,154,155,156,157,158,159,160,161,162,163,164,165,166,178,184,263,322,342,
352;0;8850;9001;0;0,1,2,3,4,5,6,8,9,10,11,12,13,14,15,16,17,18,23,24,25,26,27,28,29,30,31,32,33,34,35,36,37,38,39,127,128,129,130,131,132,133,134,135,136,137,138,139,140,141,142,143,144,145,146,147,148,149,150,151,152,153,154,155,156,157,158,159,160,161,162,163,164,165,166,178,184,263,322,342,
352;1;9001;9065;0;0,1,2,3,4,5,6,8,9,10,11,12,13,14,15,16,17,18,23,24,25,26,27,28,29,30,31,32,33,34,35,36,37,38,39,127,128,129,130,131,132,133,134,135,136,137,138,139,140,141,142,143,144,145,146,147,148,149,150,151,152,153,154,155,156,157,158,159,160,161,162,163,164,165,166,178,184,263,322,342,
354;0;9065;9190;1;0,1,2,3,4,5,6,8,9,10,11,12,13,14,15,16,17,18,23,24,25,26,27,28,29,30,31,32,33,34,35,36,37,38,39,127,128,129,130,131,132,133,134,135,136,137,138,139,140,141,142,143,144,145,146,147,148,149,150,151,152,153,154,155,156,157,158,159,160,161,162,163,164,165,166,178,184,263,322,342,
354;1;9190;9299;1;0,1,2,3,4,5,6,8,9,10,11,12,13,14,15,16,17,18,23,24,25,26,27,28,29,30,31,32,33,34,35,36,37,38,39,127,128,129,130,131,132,133,134,135,136,137,138,139,140,141,142,143,144,145,146,147,148,149,150,151,152,153,154,155,156,157,158,159,160,161,162,163,164,165,166,178,184,263,322,342,
356;0;9299;9470;0;0,1,2,3,4,5,6,8,9,10,11,12,13,14,15,16,17,18,23,24,25,26,27,28,29,30,31,32,33,34,35,36,37,38,39,127,128,129,130,131,132,133,134,135,136,137,138,139,140,141,142,143,144,145,146,147,148,149,150,151,152,153,154,155,156,157,158,159,160,161,162,163,164,165,166,178,184,263,322,342,
363;0;9470;9539;1;0,1,2,3,4,5,6,8,9,10,11,12,13,14,15,16,17,18,23,24,25,26,27,28,29,30,31,32,33,34,35,36,37,38,39,127,128,129,130,131,132,133,134,135,136,137,138,139,140,141,142,143,144,145,146,147,148,149,150,151,152,153,154,155,156,157,158,159,160,161,162,163,164,165,166,178,184,263,322,342,
408;0;9539;9635;0;0,1,2,3,4,5,6,8,9,10,11,12,13,14,15,16,17,18,23,24,25,26,27,28,29,30,31,32,33,34,35,36,37,38,39,127,128,129,130,131,132,133,134,135,136,137,138,139,140,141,142,143,144,145,146,147,148,149,150,151,152,153,154,155,156,157,158,159,160,161,162,163,164,165,166,178,184,263,322,342,
367;0;9635;9680;1;0,1,2,3,4,5,6,8,9,10,11,12,13,14,15,16,17,18,23,24,25,26,27,28,29,30,31,32,33,34,35,36,37,38,39,127,128,129,130,131,132,133,134,135,136,137,138,139,140,141,142,143,144,145,146,147,148,149,150,151,152,153,154,155,156,157,158,159,160,161,162,163,164,165,166,178,184,263,322,342,
367;1;9680;9851;1;0,1,2,3,4,5,6,8,9,10,11,12,13,14,15,16,17,18,23,24,25,26,27,28,29,30,31,32,33,34,35,36,37,38,39,127,128,129,130,131,132,133,134,135,136,137,138,139,140,141,142,143,144,145,146,147,148,149,150,151,152,153,154,155,156,157,158,159,160,161,162,163,164,165,166,178,184,263,322,342,
Machine: 3
370;0;0;125;1;8,9,10,11,12,13,14,19,20,21,22,32,35,36,37,81,87,113,114,115,116,124,127,128,129,130,131,132,133,134,135,136,137,138,140,141,178,186,187,188,189,190,191,192,193,194,195,196,197,198,242,263,321,322,341,342,380,381,403,404,405,406,407,408,409,410,411,412,413,414,415,416,417,450,516,517,518,519,520,521,
381;0;125;159;1;8,9,10,11,12,13,14,19,20,21,22,32,35,36,37,81,87,113,114,115,116,124,127,128,129,130,131,132,133,134,135,136,137,138,140,141,178,186,187,188,189,190,191,192,193,194,195,196,197,198,242,263,321,322,341,342,380,381,403,404,405,406,407,408,409,410,411,412,413,414,415,416,417,450,516,517,518,519,520,521,
415;0;159;232;0;8,9,10,11,12,13,14,19,20,21,22,32,35,36,37,81,87,113,114,115,116,124,127,128,129,130,131,132,133,134,135,136,137,138,140,141,178,186,187,188,189,190,191,192,193,194,195,196,197,198,242,263,321,322,341,342,380,381,403,404,405,406,407,408,409,410,411,412,413,414,415,416,417,450,516,517,518,519,520,521,
420;0;232;373;1;8,9,10,11,12,13,14,19,20,21,22,32,35,36,37,81,87,113,114,115,116,124,127,128,129,130,131,132,133,134,135,136,137,138,140,141,178,186,187,188,189,190,191,192,193,194,195,196,197,198,242,263,321,322,341,342,380,381,403,404,405,406,407,408,409,410,411,412,413,414,415,416,417,450,516,517,518,519,520,521,
422;0;373;521;0;8,9,10,11,12,13,14,19,20,21,22,32,35,36,37,81,87,113,114,115,116,124,127,128,129,130,131,132,133,134,135,136,137,138,140,141,178,186,187,188,189,190,191,192,193,194,195,196,197,198,242,263,321,322,341,342,380,381,403,404,405,406,407,408,409,410,411,412,413,414,415,416,417,450,516,517,518,519,520,521,
422;1;521;630;0;8,9,10,11,12,13,14,19,20,21,22,32,35,36,37,81,87,113,114,115,116,124,127,128,129,130,131,132,133,134,135,136,137,138,140,141,178,186,187,188,189,190,191,192,193,194,195,196,197,198,242,263,321,322,341,342,380,381,403,404,405,406,407,408,409,410,411,412,413,414,415,416,417,450,516,517,518,519,520,521,
447;0;630;703;1;8,9,10,11,12,13,14,19,20,21,22,32,35,36,37,81,87,113,114,115,116,124,127,128,129,130,131,132,133,134,135,136,137,138,140,141,178,186,187,188,189,190,191,192,193,194,195,196,197,198,242,263,321,322,341,342,380,381,403,404,405,406,407,408,409,410,411,412,413,414,415,416,417,450,516,517,518,519,520,521,
447;1;703;847;1;8,9,10,11,12,13,14,19,20,21,22,32,35,36,37,81,87,113,114,115,116,124,127,128,129,130,131,132,133,134,135,136,137,138,140,141,178,186,187,188,189,190,191,192,193,194,195,196,197,198,242,263,321,322,341,342,380,381,403,404,405,406,407,408,409,410,411,412,413,414,415,416,417,450,516,517,518,519,520,521,
99;0;847;861;0;8,9,10,11,12,13,14,19,20,21,22,32,35,36,37,81,87,113,114,115,116,124,127,128,129,130,131,132,133,134,135,136,137,138,140,141,178,186,187,188,189,190,191,192,193,194,195,196,197,198,242,263,321,322,341,342,380,381,403,404,405,406,407,408,409,410,411,412,413,414,415,416,417,450,516,517,518,519,520,521,
99;1;861;906;0;8,9,10,11,12,13,14,19,20,21,22,32,35,36,37,81,87,113,114,115,116,124,127,128,129,130,131,132,133,134,135,136,137,138,140,141,178,186,187,188,189,190,191,192,193,194,195,196,197,198,242,263,321,322,341,342,380,381,403,404,405,406,407,408,409,410,411,412,413,414,415,416,417,450,516,517,518,519,520,521,
221;0;906;951;1;8,9,10,11,12,13,14,19,20,21,22,32,35,36,37,81,87,113,114,115,116,124,127,128,129,130,131,132,133,134,135,136,137,138,140,141,178,186,187,188,189,190,191,192,193,194,195,196,197,198,242,263,321,322,341,342,380,381,403,404,405,406,407,408,409,410,411,412,413,414,415,416,417,450,516,517,518,519,520,521,
235;0;951;996;0;8,9,10,11,12,13,14,19,20,21,22,32,35,36,37,81,87,113,114,115,116,124,127,128,129,130,131,132,133,134,135,136,137,138,140,141,178,186,187,188,189,190,191,192,193,194,195,196,197,198,242,263,321,322,341,342,380,381,403,404,405,406,407,408,409,410,411,412,413,414,415,416,417,450,516,517,518,519,520,521,
32;0;996;1043;0;8,9,10,11,12,13,14,19,20,21,22,32,35,36,37,81,87,113,114,115,116,124,127,128,129,130,131,132,133,134,135,136,137,138,140,141,178,186,187,188,189,190,191,192,193,194,195,196,197,198,242,263,321,322,341,342,380,381,403,404,405,406,407,408,409,410,411,412,413,414,415,416,417,450,516,517,518,519,520,521,
32;1;1043;1111;0;8,9,10,11,12,13,14,19,20,21,22,32,35,36,37,81,87,113,114,115,116,124,127,128,129,130,131,132,133,134,135,136,137,138,140,141,178,186,187,188,189,190,191,192,193,194,195,196,197,198,242,263,321,322,341,342,380,381,403,404,405,406,407,408,409,410,411,412,413,414,415,416,417,450,516,517,518,519,520,521,
33;0;1111;1274;1;8,9,10,11,12,13,14,19,20,21,22,32,35,36,37,81,87,113,114,115,116,124,127,128,129,130,131,132,133,134,135,136,137,138,140,141,178,186,187,188,189,190,191,192,193,194,195,196,197,198,242,263,321,322,341,342,380,381,403,404,405,406,407,408,409,410,411,412,413,414,415,416,417,450,516,517,518,519,520,521,
193;0;1274;1447;1;8,9,10,11,12,13,14,19,20,21,22,32,35,36,37,81,87,113,114,115,116,124,127,128,129,130,131,132,133,134,135,136,137,138,140,141,178,186,187,188,189,190,191,192,193,194,195,196,197,198,242,263,321,322,341,342,380,381,403,404,405,406,407,408,409,410,411,412,413,414,415,416,417,450,516,517,518,519,520,521,
275;0;1447;1595;0;8,9,10,11,12,13,14,19,20,21,22,32,35,36,37,81,87,113,114,115,116,124,127,128,129,130,131,132,133,134,135,136,137,138,140,141,178,186,187,188,189,190,191,192,193,194,195,196,197,198,242,263,321,322,341,342,380,381,403,404,405,406,407,408,409,410,411,412,413,414,415,416,417,450,516,517,518,519,520,521,
307;0;1595;1773;1;8,9,10,11,12,13,14,19,20,21,22,32,35,36,37,81,87,113,114,115,116,124,127,128,129,130,131,132,133,134,135,136,137,138,140,141,178,186,187,188,189,190,191,192,193,194,195,196,197,198,242,263,321,322,341,342,380,381,403,404,405,406,407,408,409,410,411,412,413,414,415,416,417,450,516,517,518,519,520,521,
307;1;1773;1936;1;8,9,10,11,12,13,14,19,20,21,22,32,35,36,37,81,87,113,114,115,116,124,127,128,129,130,131,132,133,134,135,136,137,138,140,141,178,186,187,188,189,190,191,192,193,194,195,196,197,198,242,263,321,322,341,342,380,381,403,404,405,406,407,408,409,410,411,412,413,414,415,416,417,450,516,517,518,519,520,521,
434;0;1936;2111;1;8,9,10,11,12,13,14,19,20,21,22,32,35,36,37,81,87,113,114,115,116,124,127,128,129,130,131,132,133,134,135,136,137,138,140,141,178,186,187,188,189,190,191,192,193,194,195,196,197,198,242,263,321,322,341,342,380,381,403,404,405,406,407,408,409,410,411,412,413,414,415,416,417,450,516,517,518,519,520,521,
434;1;2111;2274;1;8,9,10,11,12,13,14,19,20,21,22,32,35,36,37,81,87,113,114,115,116,124,127,128,129,130,131,132,133,134,135,136,137,138,140,141,178,186,187,188,189,190,191,192,193,194,195,196,197,198,242,263,321,322,341,342,380,381,403,404,405,406,407,408,409,410,411,412,413,414,415,416,417,450,516,517,518,519,520,521,
104;0;2274;2307;1;8,9,10,11,12,13,14,19,20,21,22,32,35,36,37,81,87,113,114,115,116,124,127,128,129,130,131,132,133,134,135,136,137,138,140,141,178,186,187,188,189,190,191,192,193,194,195,196,197,198,242,263,321,322,341,342,380,381,403,404,405,406,407,408,409,410,411,412,413,414,415,416,417,450,516,517,518,519,520,521,
104;1;2307;2448;1;8,9,10,11,12,13,14,19,20,21,22,32,35,36,37,81,87,113,114,115,116,124,127,128,129,130,131,132,133,134,135,136,137,138,140,141,178,186,187,188,189,190,191,192,193,194,195,196,197,198,242,263,321,322,341,342,380,381,403,404,405,406,407,408,409,410,411,412,413,414,415,416,417,450,516,517,518,519,520,521,
243;0;2448;2607;1;8,9,10,11,12,13,14,19,20,21,22,32,35,36,37,81,87,113,114,115,116,124,127,128,129,130,131,132,133,134,135,136,137,138,140,141,178,186,187,188,189,190,191,192,193,194,195,196,197,198,242,263,321,322,341,342,380,381,403,404,405,406,407,408,409,410,411,412,413,414,415,416,417,450,516,517,518,519,520,521,
288;0;2607;2766;0;8,9,10,11,12,13,14,19,20,21,22,32,35,36,37,81,87,113,114,115,116,124,127,128,129,130,131,132,133,134,135,136,137,138,140,141,178,186,187,188,189,190,191,192,193,194,195,196,197,198,242,263,321,322,341,342,380,381,403,404,405,406,407,408,409,410,411,412,413,414,415,416,417,450,516,517,518,519,520,521,
325;0;2766;2925;0;8,9,10,11,12,13,14,19,20,21,22,32,35,36,37,81,87,113,114,115,116,124,127,128,129,130,131,132,133,134,135,136,137,138,140,141,178,186,187,188,189,190,191,192,193,194,195,196,197,198,242,263,321,322,341,342,380,381,403,404,405,406,407,408,409,410,411,412,413,414,415,416,417,450,516,517,518,519,520,521,
333;0;2925;3084;1;8,9,10,11,12,13,14,19,20,21,22,32,35,36,37,81,87,113,114,115,116,124,127,128,129,130,131,132,133,134,135,136,137,138,140,141,178,186,187,188,189,190,191,192,193,194,195,196,197,198,242,263,321,322,341,342,380,381,403,404,405,406,407,408,409,410,411,412,413,414,415,416,417,450,516,517,518,519,520,521,
58;0;3084;3210;0;8,9,10,11,12,13,14,19,20,21,22,32,35,36,37,81,87,113,114,115,116,124,127,128,129,130,131,132,133,134,135,136,137,138,140,141,178,186,187,188,189,190,191,192,193,194,195,196,197,198,242,263,321,322,341,342,380,381,403,404,405,406,407,408,409,410,411,412,413,414,415,416,417,450,516,517,518,519,520,521,
66;0;3210;3336;0;8,9,10,11,12,13,14,19,20,21,22,32,35,36,37,81,87,113,114,115,116,124,127,128,129,130,131,132,133,134,135,136,137,138,140,141,178,186,187,188,189,190,191,192,193,194,195,196,197,198,242,263,321,322,341,342,380,381,403,404,405,406,407,408,409,410,411,412,413,414,415,416,417,450,516,517,518,519,520,521,
269;0;3336;3434;0;8,9,10,11,12,13,14,19,20,21,22,32,35,36,37,81,87,113,114,115,116,124,127,128,129,130,131,132,133,134,135,136,137,138,140,141,178,186,187,188,189,190,191,192,193,194,195,196,197,198,242,263,321,322,341,342,380,381,403,404,405,406,407,408,409,410,411,412,413,414,415,416,417,450,516,517,518,519,520,521,
269;1;3434;3594;0;8,9,10,11,12,13,14,19,20,21,22,32,35,36,37,81,87,113,114,115,116,124,127,128,129,130,131,132,133,134,135,136,137,138,140,141,178,186,187,188,189,190,191,192,193,194,195,196,197,198,242,263,321,322,341,342,380,381,403,404,405,406,407,408,409,410,411,412,413,414,415,416,417,450,516,517,518,519,520,521,
311;0;3594;3754;1;8,9,10,11,12,13,14,19,20,21,22,32,35,36,37,81,87,113,114,115,116,124,127,128,129,130,131,132,133,134,135,136,137,138,140,141,178,186,187,188,189,190,191,192,193,194,195,196,197,198,242,263,321,322,341,342,380,381,403,404,405,406,407,408,409,410,411,412,413,414,415,416,417,450,516,517,518,519,520,521,
105;0;3754;3901;0;8,9,10,11,12,13,14,19,20,21,22,32,35,36,37,81,87,113,114,115,116,124,127,128,129,130,131,132,133,134,135,136,137,138,140,141,178,186,187,188,189,190,191,192,193,194,195,196,197,198,242,263,321,322,341,342,380,381,403,404,405,406,407,408,409,410,411,412,413,414,415,416,417,450,516,517,518,519,520,521,
395;0;3901;4027;0;8,9,10,11,12,13,14,19,20,21,22,32,35,36,37,81,87,113,114,115,116,124,127,128,129,130,131,132,133,134,135,136,137,138,140,141,178,186,187,188,189,190,191,192,193,194,195,196,197,198,242,263,321,322,341,342,380,381,403,404,405,406,407,408,409,410,411,412,413,414,415,416,417,450,516,517,518,519,520,521,
4;0;4027;4093;1;8,9,10,11,12,13,14,19,20,21,22,32,35,36,37,81,87,113,114,115,116,124,127,128,129,130,131,132,133,134,135,136,137,138,140,141,178,186,187,188,189,190,191,192,193,194,195,196,197,198,242,263,321,322,341,342,380,381,403,404,405,406,407,408,409,410,411,412,413,414,415,416,417,450,516,517,518,519,520,521,
4;1;4093;4190;1;8,9,10,11,12,13,14,19,20,21,22,32,35,36,37,81,87,113,114,115,116,124,127,128,129,130,131,132,133,134,135,136,137,138,140,141,178,186,187,188,189,190,191,192,193,194,195,196,197,198,242,263,321,322,341,342,380,381,403,404,405,406,407,408,409,410,411,412,413,414,415,416,417,450,516,517,518,519,520,521,
398;0;4190;4287;0;8,9,10,11,12,13,14,19,20,21,22,32,35,36,37,81,87,113,114,115,116,124,127,128,129,130,131,132,133,134,135,136,137,138,140,141,178,186,187,188,189,190,191,192,193,194,195,196,197,198,242,263,321,322,341,342,380,381,403,404,405,406,407,408,409,410,411,412,413,414,415,416,417,450,516,517,518,519,520,521,
28;0;4287;4462;0;8,9,10,11,12,13,14,19,20,21,22,32,35,36,37,81,87,113,114,115,116,124,127,128,129,130,131,132,133,134,135,136,137,138,140,141,178,186,187,188,189,190,191,192,193,194,195,196,197,198,242,263,321,322,341,342,380,381,403,404,405,406,407,408,409,410,411,412,413,414,415,416,417,450,516,517,518,519,520,521,
297;0;4462;4471;1;8,9,10,11,12,13,14,19,20,21,22,32,35,36,37,81,87,113,114,115,116,124,127,128,129,130,131,132,133,134,135,136,137,138,140,141,178,186,187,188,189,190,191,192,193,194,195,196,197,198,242,263,321,322,341,342,380,381,403,404,405,406,407,408,409,410,411,412,413,414,415,416,417,450,516,517,518,519,520,521,
297;1;4471;4646;1;8,9,10,11,12,13,14,19,20,21,22,32,35,36,37,81,87,113,114,115,116,124,127,128,129,130,131,132,133,134,135,136,137,138,140,141,178,186,187,188,189,190,191,192,193,194,195,196,197,198,242,263,321,322,341,342,380,381,403,404,405,406,407,408,409,410,411,412,413,414,415,416,417,450,516,517,518,519,520,521,
417;0;4646;4710;1;8,9,10,11,12,13,14,19,20,21,22,32,35,36,37,81,87,113,114,115,116,124,127,128,129,130,131,132,133,134,135,136,137,138,140,141,178,186,187,188,189,190,191,192,193,194,195,196,197,198,242,263,321,322,341,342,380,381,403,404,405,406,407,408,409,410,411,412,413,414,415,416,417,450,516,517,518,519,520,521,
417;1;4710;4715;1;8,9,10,11,12,13,14,19,20,21,22,32,35,36,37,81,87,113,114,115,116,124,127,128,129,130,131,132,133,134,135,136,137,138,140,141,178,186,187,188,189,190,191,192,193,194,195,196,197,198,242,263,321,322,341,342,380,381,403,404,405,406,407,408,409,410,411,412,413,414,415,416,417,450,516,517,518,519,520,521,
204;0;4715;4765;1;8,9,10,11,12,13,14,19,20,21,22,32,35,36,37,81,87,113,114,115,116,124,127,128,129,130,131,132,133,134,135,136,137,138,140,141,178,186,187,188,189,190,191,192,193,194,195,196,197,198,242,263,321,322,341,342,380,381,403,404,405,406,407,408,409,410,411,412,413,414,415,416,417,450,516,517,518,519,520,521,
204;1;4765;4844;1;8,9,10,11,12,13,14,19,20,21,22,32,35,36,37,81,87,113,114,115,116,124,127,128,129,130,131,132,133,134,135,136,137,138,140,141,178,186,187,188,189,190,191,192,193,194,195,196,197,198,242,263,321,322,341,342,380,381,403,404,405,406,407,408,409,410,411,412,413,414,415,416,417,450,516,517,518,519,520,521,
177;0;4844;4896;1;8,9,10,11,12,13,14,19,20,21,22,32,35,36,37,81,87,113,114,115,116,124,127,128,129,130,131,132,133,134,135,136,137,138,140,141,178,186,187,188,189,190,191,192,193,194,195,196,197,198,242,263,321,322,341,342,380,381,403,404,405,406,407,408,409,410,411,412,413,414,415,416,417,450,516,517,518,519,520,521,
177;1;4896;4931;1;8,9,10,11,12,13,14,19,20,21,22,32,35,36,37,81,87,113,114,115,116,124,127,128,129,130,131,132,133,134,135,136,137,138,140,141,178,186,187,188,189,190,191,192,193,194,195,196,197,198,242,263,321,322,341,342,380,381,403,404,405,406,407,408,409,410,411,412,413,414,415,416,417,450,516,517,518,519,520,521,
366;0;4931;5010;0;8,9,10,11,12,13,14,19,20,21,22,32,35,36,37,81,87,113,114,115,116,124,127,128,129,130,131,132,133,134,135,136,137,138,140,141,178,186,187,188,189,190,191,192,193,194,195,196,197,198,242,263,321,322,341,342,380,381,403,404,405,406,407,408,409,410,411,412,413,414,415,416,417,450,516,517,518,519,520,521,
294;0;5010;5161;1;8,9,10,11,12,13,14,19,20,21,22,32,35,36,37,81,87,88,113,114,115,116,124,127,128,129,130,131,132,133,134,135,136,137,138,140,141,145,155,186,187,188,190,191,192,193,195,196,197,279,380,381,403,404,405,406,407,433,434,435,436,437,438,439,440,441,442,443,516,517,518,519,520,521,522,523,524,525,526,609,
294;1;5161;5325;1;8,9,10,11,12,13,14,19,20,21,22,32,35,36,37,81,87,88,113,114,115,116,124,127,128,129,130,131,132,133,134,135,136,137,138,140,141,145,155,186,187,188,190,191,192,193,195,196,197,279,380,381,403,404,405,406,407,433,434,435,436,437,438,439,440,441,442,443,516,517,518,519,520,521,522,523,524,525,526,609,
331;0;5325;5489;1;8,9,10,11,12,13,14,19,20,21,22,32,35,36,37,81,87,88,113,114,115,116,124,127,128,129,130,131,132,133,134,135,136,137,138,140,141,145,155,186,187,188,190,191,192,193,195,196,197,279,380,381,403,404,405,406,407,433,434,435,436,437,438,439,440,441,442,443,516,517,518,519,520,521,522,523,524,525,526,609,
146;0;5489;5540;0;8,9,10,11,12,13,14,19,20,21,22,32,35,36,37,81,87,88,113,114,115,116,124,127,128,129,130,131,132,133,134,135,136,137,138,140,141,145,155,186,187,188,190,191,192,193,195,196,197,279,380,381,403,404,405,406,407,433,434,435,436,437,438,439,440,441,442,443,516,517,518,519,520,521,522,523,524,525,526,609,
261;0;5540;5591;1;8,9,10,11,12,13,14,19,20,21,22,32,35,36,37,81,87,88,113,114,115,116,124,127,128,129,130,131,132,133,134,135,136,137,138,140,141,145,155,186,187,188,190,191,192,193,195,196,197,279,380,381,403,404,405,406,407,433,434,435,436,437,438,439,440,441,442,443,516,517,518,519,520,521,522,523,524,525,526,609,
76;0;5591;5601;0;8,9,10,11,12,13,14,19,20,21,22,32,35,36,37,81,87,88,113,114,115,116,124,127,128,129,130,131,132,133,134,135,136,137,138,140,141,145,155,186,187,188,190,191,192,193,195,196,197,279,380,381,403,404,405,406,407,433,434,435,436,437,438,439,440,441,442,443,516,517,518,519,520,521,522,523,524,525,526,609,
182;0;5601;5642;0;8,9,10,11,12,13,14,19,20,21,22,32,35,36,37,81,87,88,113,114,115,116,124,127,128,129,130,131,132,133,134,135,136,137,138,140,141,145,155,186,187,188,190,191,192,193,195,196,197,279,380,381,403,404,405,406,407,433,434,435,436,437,438,439,440,441,442,443,516,517,518,519,520,521,522,523,524,525,526,609,
182;1;5642;5652;0;8,9,10,11,12,13,14,19,20,21,22,32,35,36,37,81,87,88,113,114,115,116,124,127,128,129,130,131,132,133,134,135,136,137,138,140,141,145,155,186,187,188,190,191,192,193,195,196,197,279,380,381,403,404,405,406,407,433,434,435,436,437,438,439,440,441,442,443,516,517,518,519,520,521,522,523,524,525,526,609,
428;0;5652;5662;0;8,9,10,11,12,13,14,19,20,21,22,32,35,36,37,81,87,88,113,114,115,116,124,127,128,129,130,131,132,133,134,135,136,137,138,140,141,145,155,186,187,188,190,191,192,193,195,196,197,279,380,381,403,404,405,406,407,433,434,435,436,437,438,439,440,441,442,443,516,517,518,519,520,521,522,523,524,525,526,609,
179;0;5662;5832;0;8,9,10,11,12,13,14,19,20,21,22,32,35,36,37,81,87,88,113,114,115,116,124,127,128,129,130,131,132,133,134,135,136,137,138,140,141,145,155,186,187,188,190,191,192,193,195,196,197,279,380,381,403,404,405,406,407,433,434,435,436,437,438,439,440,441,442,443,516,517,518,519,520,521,522,523,524,525,526,609,
179;1;5832;5843;0;8,9,10,11,12,13,14,19,20,21,22,32,35,36,37,81,87,88,113,114,115,116,124,127,128,129,130,131,132,133,134,135,136,137,138,140,141,145,155,186,187,188,190,191,192,193,195,196,197,279,380,381,403,404,405,406,407,433,434,435,436,437,438,439,440,441,442,443,516,517,518,519,520,521,522,523,524,525,526,609,
361;0;5843;5854;1;8,9,10,11,12,13,14,19,20,21,22,32,35,36,37,81,87,88,113,114,115,116,124,127,128,129,130,131,132,133,134,135,136,137,138,140,141,145,155,186,187,188,190,191,192,193,195,196,197,279,380,381,403,404,405,406,407,433,434,435,436,437,438,439,440,441,442,443,516,517,518,519,520,521,522,523,524,525,526,609,
371;0;5854;5865;1;8,9,10,11,12,13,14,19,20,21,22,32,35,36,37,81,87,88,113,114,115,116,124,127,128,129,130,131,132,133,134,135,136,137,138,140,141,145,155,186,187,188,190,191,192,193,195,196,197,279,380,381,403,404,405,406,407,433,434,435,436,437,438,439,440,441,442,443,516,517,518,519,520,521,522,523,524,525,526,609,
405;0;5865;5876;0;8,9,10,11,12,13,14,19,20,21,22,32,35,36,37,81,87,88,113,114,115,116,124,127,128,129,130,131,132,133,134,135,136,137,138,140,141,145,155,186,187,188,190,191,192,193,195,196,197,279,380,381,403,404,405,406,407,433,434,435,436,437,438,439,440,441,442,443,516,517,518,519,520,521,522,523,524,525,526,609,
12;0;5876;5952;0;8,9,10,11,12,13,14,19,20,21,22,32,35,36,37,81,87,88,113,114,115,116,124,127,128,129,130,131,132,133,134,135,136,137,138,140,141,145,155,186,187,188,190,191,192,193,195,196,197,279,380,381,403,404,405,406,407,433,434,435,436,437,438,439,440,441,442,443,516,517,518,519,520,521,522,523,524,525,526,609,
12;1;5952;6005;0;8,9,10,11,12,13,14,19,20,21,22,32,35,36,37,81,87,88,113,114,115,116,124,127,128,129,130,131,132,133,134,135,136,137,138,140,141,145,155,186,187,188,190,191,192,193,195,196,197,279,380,381,403,404,405,406,407,433,434,435,436,437,438,439,440,441,442,443,516,517,518,519,520,521,522,523,524,525,526,609,
18;0;6005;6010;0;8,9,10,11,12,13,14,19,20,21,22,32,35,36,37,81,87,88,113,114,115,116,124,127,128,129,130,131,132,133,134,135,136,137,138,140,141,145,155,186,187,188,190,191,192,193,195,196,197,279,380,381,403,404,405,406,407,433,434,435,436,437,438,439,440,441,442,443,516,517,518,519,520,521,522,523,524,525,526,609,
276;0;6010;6046;0;8,9,10,11,12,13,14,19,20,21,22,32,35,36,37,81,87,88,113,114,115,116,124,127,128,129,130,131,132,133,134,135,136,137,138,140,141,145,155,186,187,188,190,191,192,193,195,196,197,279,380,381,403,404,405,406,407,433,434,435,436,437,438,439,440,441,442,443,516,517,518,519,520,521,522,523,524,525,526,609,
88;0;6046;6218;0;8,9,10,11,12,13,14,19,20,21,22,32,35,36,37,81,87,88,113,114,115,116,124,127,128,129,130,131,132,133,134,135,136,137,138,140,141,145,155,186,187,188,190,191,192,193,195,196,197,279,380,381,403,404,405,406,407,433,434,435,436,437,438,439,440,441,442,443,516,517,518,519,520,521,522,523,524,525,526,609,
220;0;6218;6240;1;8,9,10,11,12,13,14,19,20,21,22,32,35,36,37,81,87,88,113,114,115,116,124,127,128,129,130,131,132,133,134,135,136,137,138,140,141,145,155,186,187,188,190,191,192,193,195,196,197,279,380,381,403,404,405,406,407,433,434,435,436,437,438,439,440,441,442,443,516,517,518,519,520,521,522,523,524,525,526,609,
424;0;6240;6345;1;8,9,10,11,12,13,14,19,20,21,22,32,35,36,37,81,87,88,113,114,115,116,124,127,128,129,130,131,132,133,134,135,136,137,138,140,141,145,155,186,187,188,190,191,192,193,195,196,197,279,380,381,403,404,405,406,407,433,434,435,436,437,438,439,440,441,442,443,516,517,518,519,520,521,522,523,524,525,526,609,
424;1;6345;6432;1;8,9,10,11,12,13,14,19,20,21,22,32,35,36,37,81,87,88,113,114,115,116,124,127,128,129,130,131,132,133,134,135,136,137,138,140,141,145,155,186,187,188,190,191,192,193,195,196,197,279,380,381,403,404,405,406,407,433,434,435,436,437,438,439,440,441,442,443,516,517,518,519,520,521,522,523,524,525,526,609,
186;0;6432;6606;0;0,1,2,3,5,6,7,8,9,10,11,12,15,16,17,23,24,26,28,30,34,39,40,41,42,43,44,45,46,47,48,49,50,51,52,53,54,55,56,57,58,59,60,61,62,63,64,65,66,67,68,69,70,71,72,73,74,75,76,81,90,91,212,213,214,215,216,217,218,219,220,221,223,273,274,275,276,277,278,343,
378;0;6606;6775;0;0,1,2,3,5,6,7,8,9,10,11,12,15,16,17,23,24,26,28,30,34,39,40,41,42,43,44,45,46,47,48,49,50,51,52,53,54,55,56,57,58,59,60,61,62,63,64,65,66,67,68,69,70,71,72,73,74,75,76,81,90,91,212,213,214,215,216,217,218,219,220,221,223,273,274,275,276,277,278,343,
210;0;6775;6889;1;0,1,2,3,5,6,7,8,9,10,11,12,15,16,17,23,24,26,28,30,34,39,40,41,42,43,44,45,46,47,48,49,50,51,52,53,54,55,56,57,58,59,60,61,62,63,64,65,66,67,68,69,70,71,72,73,74,75,76,81,90,91,212,213,214,215,216,217,218,219,220,221,223,273,274,275,276,277,278,343,
69;0;6889;6940;0;0,1,2,3,5,6,7,8,9,10,11,12,15,16,17,23,24,26,28,30,34,39,40,41,42,43,44,45,46,47,48,49,50,51,52,53,54,55,56,57,58,59,60,61,62,63,64,65,66,67,68,69,70,71,72,73,74,75,76,81,90,91,212,213,214,215,216,217,218,219,220,221,223,273,274,275,276,277,278,343,
69;1;6940;7109;0;0,1,2,3,5,6,7,8,9,10,11,12,15,16,17,23,24,26,28,30,34,39,40,41,42,43,44,45,46,47,48,49,50,51,52,53,54,55,56,57,58,59,60,61,62,63,64,65,66,67,68,69,70,71,72,73,74,75,76,81,90,91,212,213,214,215,216,217,218,219,220,221,223,273,274,275,276,277,278,343,
38;0;7109;7187;0;0,1,2,3,5,6,7,8,9,10,11,12,15,16,17,23,24,26,28,30,34,39,40,41,42,43,44,45,46,47,48,49,50,51,52,53,54,55,56,57,58,59,60,61,62,63,64,65,66,67,68,69,70,71,72,73,74,75,76,81,90,91,212,213,214,215,216,217,218,219,220,221,223,273,274,275,276,277,278,343,
65;0;7187;7361;0;0,1,2,3,5,6,7,8,9,10,11,12,15,16,17,23,24,26,28,30,34,39,40,41,42,43,44,45,46,47,48,49,50,51,52,53,54,55,56,57,58,59,60,61,62,63,64,65,66,67,68,69,70,71,72,73,74,75,76,81,90,91,212,213,214,215,216,217,218,219,220,221,223,273,274,275,276,277,278,343,
317;0;7361;7447;1;0,1,2,3,5,6,7,8,9,10,11,12,15,16,17,23,24,26,28,30,34,39,40,41,42,43,44,45,46,47,48,49,50,51,52,53,54,55,56,57,58,59,60,61,62,63,64,65,66,67,68,69,70,71,72,73,74,75,76,81,90,91,93,212,213,214,215,216,217,218,219,220,221,223,273,274,275,276,277,343,
317;1;7447;7455;1;0,1,2,3,5,6,7,8,9,10,11,12,15,16,17,23,24,26,28,30,34,39,40,41,42,43,44,45,46,47,48,49,50,51,52,53,54,55,56,57,58,59,60,61,62,63,64,65,66,67,68,69,70,71,72,73,74,75,76,81,90,91,93,212,213,214,215,216,217,218,219,220,221,223,273,274,275,276,277,343,
108;0;7455;7569;0;0,1,2,3,5,6,7,8,9,10,11,12,15,16,17,23,24,26,28,30,34,39,40,41,42,43,44,45,46,47,48,49,50,51,52,53,54,55,56,57,58,59,60,61,62,63,64,65,66,67,68,69,70,71,72,73,74,75,76,81,90,91,93,212,213,214,215,216,217,218,219,220,221,223,273,274,275,276,277,343,
239;0;7569;7667;0;0,1,2,3,5,6,7,8,9,10,11,12,15,16,17,23,24,26,28,30,34,39,40,41,42,43,44,45,46,47,48,49,50,51,52,53,54,55,56,57,58,59,60,61,62,63,64,65,66,67,68,69,70,71,72,73,74,75,76,81,90,91,93,212,213,214,215,216,217,218,219,220,221,223,273,274,275,276,277,343,
239;1;7667;7745;0;0,1,2,3,5,6,7,8,9,10,11,12,15,16,17,23,24,26,28,30,34,39,40,41,42,43,44,45,46,47,48,49,50,51,52,53,54,55,56,57,58,59,60,61,62,63,64,65,66,67,68,69,70,71,72,73,74,75,76,81,90,91,93,212,213,214,215,216,217,218,219,220,221,223,273,274,275,276,277,343,
7;0;7745;7917;1;0,1,2,3,4,5,6,7,8,9,10,11,17,18,23,24,26,28,30,33,34,39,40,41,42,43,44,45,46,47,48,49,50,51,52,53,54,55,56,57,58,59,60,61,62,63,64,65,66,67,68,69,70,71,72,73,74,75,76,77,78,79,80,81,85,89,90,91,92,93,99,207,208,209,210,230,231,232,243,343,
7;1;7917;8091;1;0,1,2,3,4,5,6,7,8,9,10,11,17,18,23,24,26,28,30,33,34,39,40,41,42,43,44,45,46,47,48,49,50,51,52,53,54,55,56,57,58,59,60,61,62,63,64,65,66,67,68,69,70,71,72,73,74,75,76,77,78,79,80,81,85,89,90,91,92,93,99,207,208,209,210,230,231,232,243,343,
13;0;8091;8142;1;0,1,2,3,4,5,6,7,8,9,10,11,17,18,23,24,26,28,30,33,34,39,40,41,42,43,44,45,46,47,48,49,50,51,52,53,54,55,56,57,58,59,60,61,62,63,64,65,66,67,68,69,70,71,72,73,74,75,76,77,78,79,80,81,85,89,90,91,92,93,99,207,208,209,210,230,231,232,243,343,
166;0;8142;8256;0;0,1,2,3,4,5,6,7,8,9,10,11,17,18,23,24,26,28,30,33,34,39,40,41,42,43,44,45,46,47,48,49,50,51,52,53,54,55,56,57,58,59,60,61,62,63,64,65,66,67,68,69,70,71,72,73,74,75,76,77,78,79,80,81,85,89,90,91,92,93,99,207,208,209,210,230,231,232,243,343,
41;0;8256;8300;1;0,1,2,3,4,5,6,7,8,9,10,11,17,18,23,24,26,28,30,33,34,39,40,41,42,43,44,45,46,47,48,49,50,51,52,53,54,55,56,57,58,59,60,61,62,63,64,65,66,67,68,69,70,71,72,73,74,75,76,77,78,79,80,81,85,89,90,91,92,93,99,207,208,209,210,230,231,232,243,343,
334;0;8300;8380;1;0,1,2,3,4,5,6,7,8,9,10,11,17,18,23,24,26,28,30,33,34,39,40,41,42,43,44,45,46,47,48,49,50,51,52,53,54,55,56,57,58,59,60,61,62,63,64,65,66,67,68,69,70,71,72,73,74,75,76,77,78,79,80,81,85,89,90,91,92,93,99,207,208,209,210,230,231,232,243,343,
334;1;8380;8549;1;0,1,2,3,4,5,6,7,8,9,10,11,17,18,23,24,26,28,30,33,34,39,40,41,42,43,44,45,46,47,48,49,50,51,52,53,54,55,56,57,58,59,60,61,62,63,64,65,66,67,68,69,70,71,72,73,74,75,76,77,78,79,80,81,85,89,90,91,92,93,99,207,208,209,210,230,231,232,243,343,
93;0;8549;8643;1;0,1,2,3,4,5,6,7,8,9,10,11,17,18,23,24,26,28,30,33,34,39,40,41,42,43,44,45,46,47,48,49,50,51,52,53,54,55,56,57,58,59,60,61,62,63,64,65,66,67,68,69,70,71,72,73,74,75,76,77,78,79,80,81,85,89,90,91,92,93,99,207,208,209,210,230,231,232,243,343,
131;0;8643;8651;1;0,1,2,3,4,5,6,7,8,9,10,11,17,18,23,24,26,28,30,33,34,39,40,41,42,43,44,45,46,47,48,49,50,51,52,53,54,55,56,57,58,59,60,61,62,63,64,65,66,67,68,69,70,71,72,73,74,75,76,77,78,79,80,81,85,89,90,91,92,93,99,207,208,209,210,230,231,232,243,343,
312;0;8651;8724;0;0,1,2,3,4,5,6,7,8,9,10,11,17,18,23,24,26,28,30,33,34,39,40,41,42,43,44,45,46,47,48,49,50,51,52,53,54,55,56,57,58,59,60,61,62,63,64,65,66,67,68,69,70,71,72,73,74,75,76,77,78,79,80,81,82,83,84,85,86,89,90,91,92,93,99,207,208,209,210,232,
312;1;8724;8793;0;0,1,2,3,4,5,6,7,8,9,10,11,17,18,23,24,26,28,30,33,34,39,40,41,42,43,44,45,46,47,48,49,50,51,52,53,54,55,56,57,58,59,60,61,62,63,64,65,66,67,68,69,70,71,72,73,74,75,76,77,78,79,80,81,82,83,84,85,86,89,90,91,92,93,99,207,208,209,210,232,
437;0;8793;8930;1;0,1,2,3,4,5,6,7,8,9,10,11,17,18,23,24,26,28,30,33,34,39,40,41,42,43,44,45,46,47,48,49,50,51,52,53,54,55,56,57,58,59,60,61,62,63,64,65,66,67,68,69,70,71,72,73,74,75,76,77,78,79,80,81,82,83,84,85,86,89,90,91,92,93,99,207,208,209,210,232,
437;1;8930;9008;1;0,1,2,3,4,5,6,7,8,9,10,11,17,18,23,24,26,28,30,33,34,39,40,41,42,43,44,45,46,47,48,49,50,51,52,53,54,55,56,57,58,59,60,61,62,63,64,65,66,67,68,69,70,71,72,73,74,75,76,77,78,79,80,81,82,83,84,85,86,89,90,91,92,93,99,207,208,209,210,232,
89;0;9008;9064;0;0,1,2,3,4,5,6,7,8,9,10,11,17,18,23,24,26,28,30,33,34,39,40,41,42,43,44,45,46,47,48,49,50,51,52,53,54,55,56,57,58,59,60,61,62,63,64,65,66,67,68,69,70,71,72,73,74,75,76,77,78,79,80,81,82,83,84,85,86,89,90,91,92,99,207,208,209,210,211,232,
89;1;9064;9242;0;0,1,2,3,4,5,6,7,8,9,10,11,17,18,23,24,26,28,30,33,34,39,40,41,42,43,44,45,46,47,48,49,50,51,52,53,54,55,56,57,58,59,60,61,62,63,64,65,66,67,68,69,70,71,72,73,74,75,76,77,78,79,80,81,82,83,84,85,86,89,90,91,92,99,207,208,209,210,211,232,
305;0;9242;9298;0;0,1,2,3,4,5,6,7,8,9,10,11,17,18,23,24,26,28,30,33,34,39,40,41,42,43,44,45,46,47,48,49,50,51,52,53,54,55,56,57,58,59,60,61,62,63,64,65,66,67,68,69,70,71,72,73,74,75,76,77,78,79,80,81,82,83,84,85,86,89,90,91,92,99,207,208,209,210,211,232,
200;0;9298;9367;1;0,1,2,3,4,5,6,7,8,9,10,11,17,18,23,24,26,28,30,33,34,39,40,41,42,43,44,45,46,47,48,49,50,51,52,53,54,55,56,57,58,59,60,61,62,63,64,65,66,67,68,69,70,71,72,73,74,75,76,77,78,79,80,81,82,83,84,85,86,89,90,91,92,99,207,208,209,210,211,232,
359;0;9367;9521;0;0,1,2,3,4,5,6,7,8,9,10,11,17,18,23,24,26,28,30,33,34,39,40,41,42,43,44,45,46,47,48,49,50,51,52,53,54,55,56,57,58,59,60,61,62,63,64,65,66,67,68,69,70,71,72,73,74,75,76,77,78,79,80,81,82,83,84,85,86,89,90,91,92,99,207,208,209,210,211,232,
359;1;9521;9601;0;0,1,2,3,4,5,6,7,8,9,10,11,17,18,23,24,26,28,30,33,34,39,40,41,42,43,44,45,46,47,48,49,50,51,52,53,54,55,56,57,58,59,60,61,62,63,64,65,66,67,68,69,70,71,72,73,74,75,76,77,78,79,80,81,82,83,84,85,86,89,90,91,92,99,207,208,209,210,211,232,
412;0;9601;9650;0;0,1,2,3,4,5,6,7,8,9,10,11,17,18,23,24,26,28,30,33,34,39,40,41,42,43,44,45,46,47,48,49,50,51,52,53,54,55,56,57,58,59,60,61,62,63,64,65,66,67,68,69,70,71,72,73,74,75,76,77,78,79,80,81,82,83,84,85,86,89,90,91,92,99,207,208,209,210,211,232,
412;1;9650;9730;0;0,1,2,3,4,5,6,7,8,9,10,11,17,18,23,24,26,28,30,33,34,39,40,41,42,43,44,45,46,47,48,49,50,51,52,53,54,55,56,57,58,59,60,61,62,63,64,65,66,67,68,69,70,71,72,73,74,75,76,77,78,79,80,81,82,83,84,85,86,89,90,91,92,99,207,208,209,210,211,232,
339;0;9730;9819;0;0,1,2,3,4,5,6,7,8,9,10,11,17,18,23,24,26,28,30,33,34,39,40,41,42,43,44,45,46,47,48,49,50,51,52,53,54,55,56,57,58,59,60,61,62,63,64,65,66,67,68,69,70,71,72,73,74,75,76,77,78,79,80,81,82,83,84,85,86,89,90,91,92,99,207,208,209,210,211,232,
339;1;9819;9899;0;0,1,2,3,4,5,6,7,8,9,10,11,17,18,23,24,26,28,30,33,34,39,40,41,42,43,44,45,46,47,48,49,50,51,52,53,54,55,56,57,58,59,60,61,62,63,64,65,66,67,68,69,70,71,72,73,74,75,76,77,78,79,80,81,82,83,84,85,86,89,90,91,92,99,207,208,209,210,211,232,
Machine: 4
436;0;0;80;0;37,77,78,79,80,81,82,83,84,85,86,99,100,101,102,103,104,105,106,107,108,109,110,111,112,124,125,207,208,209,210,211,230,231,232,233,240,241,243,244,245,246,247,248,249,250,251,252,253,254,255,256,257,258,259,260,261,262,265,266,267,268,269,270,271,272,444,449,461,527,528,529,530,531,532,533,534,598,599,600,
130;0;80;217;1;37,77,78,79,80,81,82,83,84,85,86,99,100,101,102,103,104,105,106,107,108,109,110,111,112,124,125,207,208,209,210,211,230,231,232,233,240,241,243,244,245,246,247,248,249,250,251,252,253,254,255,256,257,258,259,260,261,262,265,266,267,268,269,270,271,272,444,449,461,527,528,529,530,531,532,533,534,598,599,600,
263;0;217;290;1;37,77,78,79,80,81,82,83,84,85,86,99,100,101,102,103,104,105,106,107,108,109,110,111,112,124,125,207,208,209,210,211,230,231,232,233,240,241,243,244,245,246,247,248,249,250,251,252,253,254,255,256,257,258,259,260,261,262,265,266,267,268,269,270,271,272,444,449,461,527,528,529,530,531,532,533,534,598,599,600,
160;0;290;299;1;37,77,78,79,80,81,82,83,84,85,86,99,100,101,102,103,104,105,106,107,108,109,110,111,112,124,125,207,208,209,210,211,230,231,232,233,240,241,243,244,245,246,247,248,249,250,251,252,253,254,255,256,257,258,259,260,261,262,265,266,267,268,269,270,271,272,444,449,461,527,528,529,530,531,532,533,534,598,599,600,
380;0;299;365;1;37,77,78,79,80,81,82,83,84,85,86,99,100,101,102,103,104,105,106,107,108,109,110,111,112,124,125,207,208,209,210,211,230,231,232,233,240,241,243,244,245,246,247,248,249,250,251,252,253,254,255,256,257,258,259,260,261,262,265,266,267,268,269,270,271,272,444,449,461,527,528,529,530,531,532,533,534,598,599,600,
17;0;365;439;1;37,77,78,79,80,81,82,83,84,85,86,99,100,101,102,103,104,105,106,107,108,109,110,111,112,124,125,207,208,209,210,211,230,231,232,233,240,241,243,244,245,246,247,248,249,250,251,252,253,254,255,256,257,258,259,260,261,262,265,266,267,268,269,270,271,272,444,449,461,527,528,529,530,531,532,533,534,598,599,600,
17;1;439;473;1;37,77,78,79,80,81,82,83,84,85,86,99,100,101,102,103,104,105,106,107,108,109,110,111,112,124,125,207,208,209,210,211,230,231,232,233,240,241,243,244,245,246,247,248,249,250,251,252,253,254,255,256,257,258,259,260,261,262,265,266,267,268,269,270,271,272,444,449,461,527,528,529,530,531,532,533,534,598,599,600,
423;0;473;642;1;37,77,78,79,80,81,82,83,84,85,86,99,100,101,102,103,104,105,106,107,108,109,110,111,112,124,125,207,208,209,210,211,230,231,232,233,240,241,243,244,245,246,247,248,249,250,251,252,253,254,255,256,257,258,259,260,261,262,265,266,267,268,269,270,271,272,444,449,461,527,528,529,530,531,532,533,534,598,599,600,
349;0;642;747;0;37,77,78,79,80,81,82,83,84,85,86,99,100,101,102,103,104,105,106,107,108,109,110,111,112,124,125,207,208,209,210,211,230,231,232,233,240,241,243,244,245,246,247,248,249,250,251,252,253,254,255,256,257,258,259,260,261,262,265,266,267,268,269,270,271,272,444,449,461,527,528,529,530,531,532,533,534,598,599,600,
349;1;747;916;0;37,77,78,79,80,81,82,83,84,85,86,99,100,101,102,103,104,105,106,107,108,109,110,111,112,124,125,207,208,209,210,211,230,231,232,233,240,241,243,244,245,246,247,248,249,250,251,252,253,254,255,256,257,258,259,260,261,262,265,266,267,268,269,270,271,272,444,449,461,527,528,529,530,531,532,533,534,598,599,600,
192;0;916;927;0;37,77,78,79,80,81,82,83,84,85,86,99,100,101,102,103,104,105,106,107,108,109,110,111,112,124,125,207,208,209,210,211,230,231,232,233,240,241,243,244,245,246,247,248,249,250,251,252,253,254,255,256,257,258,259,260,261,262,265,266,267,268,269,270,271,272,444,449,461,527,528,529,530,531,532,533,534,598,599,600,
192;1;927;961;0;37,77,78,79,80,81,82,83,84,85,86,99,100,101,102,103,104,105,106,107,108,109,110,111,112,124,125,207,208,209,210,211,230,231,232,233,240,241,243,244,245,246,247,248,249,250,251,252,253,254,255,256,257,258,259,260,261,262,265,266,267,268,269,270,271,272,444,449,461,527,528,529,530,531,532,533,534,598,599,600,
191;0;961;1027;1;37,77,78,79,80,81,82,83,84,85,86,99,100,101,102,103,104,105,106,107,108,109,110,111,112,124,125,207,208,209,210,211,230,231,232,233,240,241,243,244,245,246,247,248,249,250,251,252,253,254,255,256,257,258,259,260,261,262,265,266,267,268,269,270,271,272,444,449,461,527,528,529,530,531,532,533,534,598,599,600,
391;0;1027;1164;1;37,77,78,79,80,81,82,83,84,85,86,99,100,101,102,103,104,105,106,107,108,109,110,111,112,124,125,207,208,209,210,211,230,231,232,233,240,241,243,244,245,246,247,248,249,250,251,252,253,254,255,256,257,258,259,260,261,262,265,266,267,268,269,270,271,272,444,449,461,527,528,529,530,531,532,533,534,598,599,600,
129;0;1164;1212;0;37,77,78,79,80,81,82,83,84,85,86,99,100,101,102,103,104,105,106,107,108,109,110,111,112,124,125,207,208,209,210,211,230,231,232,233,240,241,243,244,245,246,247,248,249,250,251,252,253,254,255,256,257,258,259,260,261,262,265,266,267,268,269,270,271,272,444,449,461,527,528,529,530,531,532,533,534,598,599,600,
129;1;1212;1268;0;37,77,78,79,80,81,82,83,84,85,86,99,100,101,102,103,104,105,106,107,108,109,110,111,112,124,125,207,208,209,210,211,230,231,232,233,240,241,243,244,245,246,247,248,249,250,251,252,253,254,255,256,257,258,259,260,261,262,265,266,267,268,269,270,271,272,444,449,461,527,528,529,530,531,532,533,534,598,599,600,
238;0;1268;1415;0;37,77,78,79,80,81,82,83,84,85,86,99,100,101,102,103,104,105,106,107,108,109,110,111,112,124,125,207,208,209,210,211,230,231,232,233,240,241,243,244,245,246,247,248,249,250,251,252,253,254,255,256,257,258,259,260,261,262,265,266,267,268,269,270,271,272,444,449,461,527,528,529,530,531,532,533,534,598,599,600,
9;0;1415;1572;0;37,77,78,79,80,81,82,83,84,85,86,99,100,101,102,103,104,105,106,107,108,109,110,111,112,124,125,207,208,209,210,211,230,231,232,233,240,241,243,244,245,246,247,248,249,250,251,252,253,254,255,256,257,258,259,260,261,262,265,266,267,268,269,270,271,272,444,449,461,527,528,529,530,531,532,533,534,598,599,600,
9;1;1572;1632;0;37,77,78,79,80,81,82,83,84,85,86,99,100,101,102,103,104,105,106,107,108,109,110,111,112,124,125,207,208,209,210,211,230,231,232,233,240,241,243,244,245,246,247,248,249,250,251,252,253,254,255,256,257,258,259,260,261,262,265,266,267,268,269,270,271,272,444,449,461,527,528,529,530,531,532,533,534,598,599,600,
256;0;1632;1650;0;37,77,78,79,80,81,82,83,84,85,86,99,100,101,102,103,104,105,106,107,108,109,110,111,112,124,125,207,208,209,210,211,230,231,232,233,240,241,243,244,245,246,247,248,249,250,251,252,253,254,255,256,257,258,259,260,261,262,265,266,267,268,269,270,271,272,444,449,461,527,528,529,530,531,532,533,534,598,599,600,
72;0;1650;1820;0;37,77,78,79,80,81,82,83,84,85,86,99,100,101,102,103,104,105,106,107,108,109,110,111,112,124,125,207,208,209,210,211,230,231,232,233,240,241,243,244,245,246,247,248,249,250,251,252,253,254,255,256,257,258,259,260,261,262,265,266,267,268,269,270,271,272,444,449,461,527,528,529,530,531,532,533,534,598,599,600,
72;1;1820;1925;0;37,77,78,79,80,81,82,83,84,85,86,99,100,101,102,103,104,105,106,107,108,109,110,111,112,124,125,207,208,209,210,211,230,231,232,233,240,241,243,244,245,246,247,248,249,250,251,252,253,254,255,256,257,258,259,260,261,262,265,266,267,268,269,270,271,272,444,449,461,527,528,529,530,531,532,533,534,598,599,600,
123;0;1925;1973;1;37,77,78,79,80,81,82,83,84,85,86,99,100,101,102,103,104,105,106,107,108,109,110,111,112,124,125,207,208,209,210,211,230,231,232,233,240,241,243,244,245,246,247,248,249,250,251,252,253,254,255,256,257,258,259,260,261,262,265,266,267,268,269,270,271,272,444,449,461,527,528,529,530,531,532,533,534,598,599,600,
233;0;1973;2132;1;37,77,78,79,80,81,82,83,84,85,86,99,100,101,102,103,104,105,106,107,108,109,110,111,112,124,125,207,208,209,210,211,230,231,232,233,240,241,243,244,245,246,247,248,249,250,251,252,253,254,255,256,257,258,259,260,261,262,265,266,267,268,269,270,271,272,444,449,461,527,528,529,530,531,532,533,534,598,599,600,
79;0;2132;2194;0;37,77,78,79,80,81,82,83,84,85,86,99,100,101,102,103,104,105,106,107,108,109,110,111,112,124,125,207,208,209,210,211,230,231,232,233,240,241,243,244,245,246,247,248,249,250,251,252,253,254,255,256,257,258,259,260,261,262,265,266,267,268,269,270,271,272,444,449,461,527,528,529,530,531,532,533,534,598,599,600,
79;1;2194;2331;0;37,77,78,79,80,81,82,83,84,85,86,99,100,101,102,103,104,105,106,107,108,109,110,111,112,124,125,207,208,209,210,211,230,231,232,233,240,241,243,244,245,246,247,248,249,250,251,252,253,254,255,256,257,258,259,260,261,262,265,266,267,268,269,270,271,272,444,449,461,527,528,529,530,531,532,533,534,598,599,600,
350;0;2331;2375;1;37,77,78,79,80,81,82,83,84,85,86,99,100,101,102,103,104,105,106,107,108,109,110,111,112,124,125,207,208,209,210,211,230,231,232,233,240,241,243,244,245,246,247,248,249,250,251,252,253,254,255,256,257,258,259,260,261,262,265,266,267,268,269,270,271,272,444,449,461,527,528,529,530,531,532,533,534,598,599,600,
35;0;2375;2553;0;37,77,78,79,80,81,82,83,84,85,86,99,100,101,102,103,104,105,106,107,108,109,110,111,112,124,125,207,208,209,210,211,230,231,232,233,240,241,243,244,245,246,247,248,249,250,251,252,253,254,255,256,257,258,259,260,261,262,265,266,267,268,269,270,271,272,444,449,461,527,528,529,530,531,532,533,534,598,599,600,
73;0;2553;2622;1;37,77,78,79,80,81,82,83,84,85,86,99,100,101,102,103,104,105,106,107,108,109,110,111,112,124,125,207,208,209,210,211,230,231,232,233,240,241,243,244,245,246,247,248,249,250,251,252,253,254,255,256,257,258,259,260,261,262,265,266,267,268,269,270,271,272,444,449,461,527,528,529,530,531,532,533,534,598,599,600,
258;0;2622;2700;0;37,77,78,79,80,81,82,83,84,85,86,99,100,101,102,103,104,105,106,107,108,109,110,111,112,124,125,207,208,209,210,211,230,231,232,233,240,241,243,244,245,246,247,248,249,250,251,252,253,254,255,256,257,258,259,260,261,262,265,266,267,268,269,270,271,272,444,449,461,527,528,529,530,531,532,533,534,598,599,600,
45;0;2700;2769;0;37,77,78,79,80,81,82,83,84,85,86,99,100,101,102,103,104,105,106,107,108,109,110,111,112,124,125,207,208,209,210,211,230,231,232,233,240,241,243,244,245,246,247,248,249,250,251,252,253,254,255,256,257,258,259,260,261,262,265,266,267,268,269,270,271,272,444,449,461,527,528,529,530,531,532,533,534,598,599,600,
387;0;2769;2817;1;37,77,78,79,80,81,82,83,84,85,86,99,100,101,102,103,104,105,106,107,108,109,110,111,112,124,125,207,208,209,210,211,230,231,232,233,240,241,243,244,245,246,247,248,249,250,251,252,253,254,255,256,257,258,259,260,261,262,265,266,267,268,269,270,271,272,444,449,461,527,528,529,530,531,532,533,534,598,599,600,
387;1;2817;2949;1;37,77,78,79,80,81,82,83,84,85,86,99,100,101,102,103,104,105,106,107,108,109,110,111,112,124,125,207,208,209,210,211,230,231,232,233,240,241,243,244,245,246,247,248,249,250,251,252,253,254,255,256,257,258,259,260,261,262,265,266,267,268,269,270,271,272,444,449,461,527,528,529,530,531,532,533,534,598,599,600,
92;0;2949;3004;0;37,77,78,79,80,81,82,83,84,85,86,99,100,101,102,103,104,105,106,107,108,109,110,111,112,124,125,207,208,209,210,211,230,231,232,233,240,241,243,244,245,246,247,248,249,250,251,252,253,254,255,256,257,258,259,260,261,262,265,266,267,268,269,270,271,272,444,449,461,527,528,529,530,531,532,533,534,598,599,600,
92;1;3004;3012;0;37,77,78,79,80,81,82,83,84,85,86,99,100,101,102,103,104,105,106,107,108,109,110,111,112,124,125,207,208,209,210,211,230,231,232,233,240,241,243,244,245,246,247,248,249,250,251,252,253,254,255,256,257,258,259,260,261,262,265,266,267,268,269,270,271,272,444,449,461,527,528,529,530,531,532,533,534,598,599,600,
218;0;3012;3072;0;37,77,78,79,80,81,82,83,84,85,86,99,100,101,102,103,104,105,106,107,108,109,110,111,112,124,125,207,208,209,210,211,230,231,232,233,240,241,243,244,245,246,247,248,249,250,251,252,253,254,255,256,257,258,259,260,261,262,265,266,267,268,269,270,271,272,444,449,461,527,528,529,530,531,532,533,534,598,599,600,
326;0;3072;3104;0;37,77,78,79,80,81,82,83,84,85,86,99,100,101,102,103,104,105,106,107,108,109,110,111,112,124,125,207,208,209,210,211,230,231,232,233,240,241,243,244,245,246,247,248,249,250,251,252,253,254,255,256,257,258,259,260,261,262,265,266,267,268,269,270,271,272,444,449,461,527,528,529,530,531,532,533,534,598,599,600,
206;0;3104;3198;0;37,77,78,79,80,81,82,83,84,85,86,99,100,101,102,103,104,105,106,107,108,109,110,111,112,124,125,207,208,209,210,211,230,231,232,233,240,241,243,244,245,246,247,248,249,250,251,252,253,254,255,256,257,258,259,260,261,262,265,266,267,268,269,270,271,272,444,449,461,527,528,529,530,531,532,533,534,598,599,600,
57;0;3198;3274;1;37,77,78,79,80,81,82,83,84,85,86,99,100,101,102,103,104,105,106,107,108,109,110,111,112,124,125,207,208,209,210,211,230,231,232,233,240,241,243,244,245,246,247,248,249,250,251,252,253,254,255,256,257,258,259,260,261,262,265,266,267,268,269,270,271,272,444,449,461,527,528,529,530,531,532,533,534,598,599,600,
57;1;3274;3322;1;37,77,78,79,80,81,82,83,84,85,86,99,100,101,102,103,104,105,106,107,108,109,110,111,112,124,125,207,208,209,210,211,230,231,232,233,240,241,243,244,245,246,247,248,249,250,251,252,253,254,255,256,257,258,259,260,261,262,265,266,267,268,269,270,271,272,444,449,461,527,528,529,530,531,532,533,534,598,599,600,
21;0;3322;3356;1;37,77,78,79,80,81,82,83,84,85,86,99,100,101,102,103,104,105,106,107,108,109,110,111,112,124,125,207,208,209,210,211,230,231,232,233,240,241,243,244,245,246,247,248,249,250,251,252,253,254,255,256,257,258,259,260,261,262,265,266,267,268,269,270,271,272,444,449,461,527,528,529,530,531,532,533,534,598,599,600,
416;0;3356;3493;0;37,77,78,79,80,81,82,83,84,85,86,99,100,101,102,103,104,105,106,107,108,109,110,111,112,124,125,207,208,209,210,211,230,231,232,233,240,241,243,244,245,246,247,248,249,250,251,252,253,254,255,256,257,258,259,260,261,262,265,266,267,268,269,270,271,272,444,449,461,527,528,529,530,531,532,533,534,598,599,600,
252;0;3493;3593;0;37,77,78,79,80,81,82,83,84,85,86,99,100,101,102,103,104,105,106,107,108,109,110,111,112,124,125,207,208,209,210,211,230,231,232,233,240,241,243,244,245,246,247,248,249,250,251,252,253,254,255,256,257,258,259,260,261,262,265,266,267,268,269,270,271,272,444,449,461,527,528,529,530,531,532,533,534,598,599,600,
252;1;3593;3637;0;37,77,78,79,80,81,82,83,84,85,86,99,100,101,102,103,104,105,106,107,108,109,110,111,112,124,125,207,208,209,210,211,230,231,232,233,240,241,243,244,245,246,247,248,249,250,251,252,253,254,255,256,257,258,259,260,261,262,265,266,267,268,269,270,271,272,444,449,461,527,528,529,530,531,532,533,534,598,599,600,
142;0;3637;3660;0;37,77,78,79,80,81,82,83,84,85,86,99,100,101,102,103,104,105,106,107,108,109,110,111,112,124,125,207,208,209,210,211,230,231,232,233,240,241,243,244,245,246,247,248,249,250,251,252,253,254,255,256,257,258,259,260,261,262,265,266,267,268,269,270,271,272,444,449,461,527,528,529,530,531,532,533,534,598,599,600,
142;1;3660;3669;0;37,77,78,79,80,81,82,83,84,85,86,99,100,101,102,103,104,105,106,107,108,109,110,111,112,124,125,207,208,209,210,211,230,231,232,233,240,241,243,244,245,246,247,248,249,250,251,252,253,254,255,256,257,258,259,260,261,262,265,266,267,268,269,270,271,272,444,449,461,527,528,529,530,531,532,533,534,598,599,600,
329;0;3669;3713;0;37,77,78,79,80,81,82,83,84,85,86,99,100,101,102,103,104,105,106,107,108,109,110,111,112,124,125,207,208,209,210,211,230,231,232,233,240,241,243,244,245,246,247,248,249,250,251,252,253,254,255,256,257,258,259,260,261,262,265,266,267,268,269,270,271,272,444,449,461,527,528,529,530,531,532,533,534,598,599,600,
329;1;3713;3791;0;37,77,78,79,80,81,82,83,84,85,86,99,100,101,102,103,104,105,106,107,108,109,110,111,112,124,125,207,208,209,210,211,230,231,232,233,240,241,243,244,245,246,247,248,249,250,251,252,253,254,255,256,257,258,259,260,261,262,265,266,267,268,269,270,271,272,444,449,461,527,528,529,530,531,532,533,534,598,599,600,
301;0;3791;3813;1;37,77,78,79,80,81,82,83,84,85,86,99,100,101,102,103,104,105,106,107,108,109,110,111,112,124,125,207,208,209,210,211,230,231,232,233,240,241,243,244,245,246,247,248,249,250,251,252,253,254,255,256,257,258,259,260,261,262,265,266,267,268,269,270,271,272,444,449,461,527,528,529,530,531,532,533,534,598,599,600,
106;0;3813;3893;0;37,77,78,79,80,81,82,83,84,85,86,99,100,101,102,103,104,105,106,107,108,109,110,111,112,124,125,207,208,209,210,211,230,231,232,233,240,241,243,244,245,246,247,248,249,250,251,252,253,254,255,256,257,258,259,260,261,262,265,266,267,268,269,270,271,272,444,449,461,527,528,529,530,531,532,533,534,598,599,600,
295;0;3893;3966;0;37,77,78,79,80,81,82,83,84,85,86,99,100,101,102,103,104,105,106,107,108,109,110,111,112,124,125,207,208,209,210,211,230,231,232,233,240,241,243,244,245,246,247,248,249,250,251,252,253,254,255,256,257,258,259,260,261,262,265,266,267,268,269,270,271,272,444,449,461,527,528,529,530,531,532,533,534,598,599,600,
74;0;3966;3998;1;37,77,78,79,80,81,82,83,84,85,86,99,100,101,102,103,104,105,106,107,108,109,110,111,112,124,125,207,208,209,210,211,230,231,232,233,240,241,243,244,245,246,247,248,249,250,251,252,253,254,255,256,257,258,259,260,261,262,265,266,267,268,269,270,271,272,444,449,461,527,528,529,530,531,532,533,534,598,599,600,
74;1;3998;4176;1;37,77,78,79,80,81,82,83,84,85,86,99,100,101,102,103,104,105,106,107,108,109,110,111,112,124,125,207,208,209,210,211,230,231,232,233,240,241,243,244,245,246,247,248,249,250,251,252,253,254,255,256,257,258,259,260,261,262,265,266,267,268,269,270,271,272,444,449,461,527,528,529,530,531,532,533,534,598,599,600,
344;0;4176;4303;1;37,77,78,79,80,81,82,83,84,85,86,99,100,101,102,103,104,105,106,107,108,109,110,111,112,124,125,207,208,209,210,211,230,231,232,233,240,241,243,244,245,246,247,248,249,250,251,252,253,254,255,256,257,258,259,260,261,262,265,266,267,268,269,270,271,272,444,449,461,527,528,529,530,531,532,533,534,598,599,600,
344;1;4303;4481;1;37,77,78,79,80,81,82,83,84,85,86,99,100,101,102,103,104,105,106,107,108,109,110,111,112,124,125,207,208,209,210,211,230,231,232,233,240,241,243,244,245,246,247,248,249,250,251,252,253,254,255,256,257,258,259,260,261,262,265,266,267,268,269,270,271,272,444,449,461,527,528,529,530,531,532,533,534,598,599,600,
165;0;4481;4541;0;37,77,78,79,80,81,82,83,84,85,86,99,100,101,102,103,104,105,106,107,108,109,110,111,112,124,125,207,208,209,210,211,230,231,232,233,240,241,243,244,245,246,247,248,249,250,251,252,253,254,255,256,257,258,259,260,261,262,265,266,267,268,269,270,271,272,444,449,461,527,528,529,530,531,532,533,534,598,599,600,
68;0;4541;4700;0;37,77,78,79,80,81,82,83,84,85,86,99,100,101,102,103,104,105,106,107,108,109,110,111,112,124,125,207,208,209,210,211,230,231,232,233,240,241,243,244,245,246,247,248,249,250,251,252,253,254,255,256,257,258,259,260,261,262,265,266,267,268,269,270,271,272,444,449,461,527,528,529,530,531,532,533,534,598,599,600,
87;0;4700;4866;1;37,77,78,79,80,81,82,83,84,85,86,99,100,101,102,103,104,105,106,107,108,109,110,111,112,124,125,207,208,209,210,211,230,231,232,233,240,241,243,244,245,246,247,248,249,250,251,252,253,254,255,256,257,258,259,260,261,262,265,266,267,268,269,270,271,272,444,449,461,527,528,529,530,531,532,533,534,598,599,600,
87;1;4866;4971;1;37,77,78,79,80,81,82,83,84,85,86,99,100,101,102,103,104,105,106,107,108,109,110,111,112,124,125,207,208,209,210,211,230,231,232,233,240,241,243,244,245,246,247,248,249,250,251,252,253,254,255,256,257,258,259,260,261,262,265,266,267,268,269,270,271,272,444,449,461,527,528,529,530,531,532,533,534,598,599,600,
332;0;4971;5061;0;37,77,78,79,80,81,82,83,84,85,86,99,100,101,102,103,104,105,106,107,108,109,110,111,112,124,125,207,208,209,210,211,230,231,232,233,240,241,243,244,245,246,247,248,249,250,251,252,253,254,255,256,257,258,259,260,261,262,265,266,267,268,269,270,271,272,444,449,461,527,528,529,530,531,532,533,534,598,599,600,
332;1;5061;5139;0;37,77,78,79,80,81,82,83,84,85,86,99,100,101,102,103,104,105,106,107,108,109,110,111,112,124,125,207,208,209,210,211,230,231,232,233,240,241,243,244,245,246,247,248,249,250,251,252,253,254,255,256,257,258,259,260,261,262,265,266,267,268,269,270,271,272,444,449,461,527,528,529,530,531,532,533,534,598,599,600,
446;0;5139;5205;0;37,77,78,79,80,81,82,83,84,85,86,99,100,101,102,103,104,105,106,107,108,109,110,111,112,124,125,207,208,209,210,211,230,231,232,233,240,241,243,244,245,246,247,248,249,250,251,252,253,254,255,256,257,258,259,260,261,262,265,266,267,268,269,270,271,272,444,449,461,527,528,529,530,531,532,533,534,598,599,600,
430;0;5205;5237;1;37,77,78,79,80,81,82,83,84,85,86,99,100,101,102,103,104,105,106,107,108,109,110,111,112,124,125,207,208,209,210,211,230,231,232,233,240,241,243,244,245,246,247,248,249,250,251,252,253,254,255,256,257,258,259,260,261,262,265,266,267,268,269,270,271,272,444,449,461,527,528,529,530,531,532,533,534,598,599,600,
205;0;5237;5269;0;37,77,78,79,80,81,82,83,84,85,86,99,100,101,102,103,104,105,106,107,108,109,110,111,112,124,125,207,208,209,210,211,230,231,232,233,240,241,243,244,245,246,247,248,249,250,251,252,253,254,255,256,257,258,259,260,261,262,265,266,267,268,269,270,271,272,444,449,461,527,528,529,530,531,532,533,534,598,599,600,
59;0;5269;5347;0;37,77,78,79,80,81,82,83,84,85,86,99,100,101,102,103,104,105,106,107,108,109,110,111,112,124,125,207,208,209,210,211,230,231,232,233,240,241,243,244,245,246,247,248,249,250,251,252,253,254,255,256,257,258,259,260,261,262,265,266,267,268,269,270,271,272,444,449,461,527,528,529,530,531,532,533,534,598,599,600,
59;1;5347;5472;0;37,77,78,79,80,81,82,83,84,85,86,99,100,101,102,103,104,105,106,107,108,109,110,111,112,124,125,207,208,209,210,211,230,231,232,233,240,241,243,244,245,246,247,248,249,250,251,252,253,254,255,256,257,258,259,260,261,262,265,266,267,268,269,270,271,272,444,449,461,527,528,529,530,531,532,533,534,598,599,600,
53;0;5472;5490;1;37,77,78,79,80,81,82,83,84,85,86,99,100,101,102,103,104,105,106,107,108,109,110,111,112,124,125,207,208,209,210,211,230,231,232,233,240,241,243,244,245,246,247,248,249,250,251,252,253,254,255,256,257,258,259,260,261,262,265,266,267,268,269,270,271,272,444,449,461,527,528,529,530,531,532,533,534,598,599,600,
127;0;5490;5563;1;37,77,78,79,80,81,82,83,84,85,86,99,100,101,102,103,104,105,106,107,108,109,110,111,112,124,125,207,208,209,210,211,230,231,232,233,240,241,243,244,245,246,247,248,249,250,251,252,253,254,255,256,257,258,259,260,261,262,265,266,267,268,269,270,271,272,444,449,461,527,528,529,530,531,532,533,534,598,599,600,
127;1;5563;5643;1;37,77,78,79,80,81,82,83,84,85,86,99,100,101,102,103,104,105,106,107,108,109,110,111,112,124,125,207,208,209,210,211,230,231,232,233,240,241,243,244,245,246,247,248,249,250,251,252,253,254,255,256,257,258,259,260,261,262,265,266,267,268,269,270,271,272,444,449,461,527,528,529,530,531,532,533,534,598,599,600,
11;0;5643;5709;1;37,77,78,79,80,81,82,83,84,85,86,99,100,101,102,103,104,105,106,107,108,109,110,111,112,124,125,207,208,209,210,211,230,231,232,233,240,241,243,244,245,246,247,248,249,250,251,252,253,254,255,256,257,258,259,260,261,262,265,266,267,268,269,270,271,272,444,449,461,527,528,529,530,531,532,533,534,598,599,600,
407;0;5709;5868;1;37,77,78,79,80,81,82,83,84,85,86,99,100,101,102,103,104,105,106,107,108,109,110,111,112,124,125,207,208,209,210,211,230,231,232,233,240,241,243,244,245,246,247,248,249,250,251,252,253,254,255,256,257,258,259,260,261,262,265,266,267,268,269,270,271,272,444,449,461,527,528,529,530,531,532,533,534,598,599,600,
407;1;5868;6000;1;37,77,78,79,80,81,82,83,84,85,86,99,100,101,102,103,104,105,106,107,108,109,110,111,112,124,125,207,208,209,210,211,230,231,232,233,240,241,243,244,245,246,247,248,249,250,251,252,253,254,255,256,257,258,259,260,261,262,265,266,267,268,269,270,271,272,444,449,461,527,528,529,530,531,532,533,534,598,599,600,
124;0;6000;6152;1;37,77,78,79,80,81,82,83,84,85,86,99,100,101,102,103,104,105,106,107,108,109,110,111,112,124,125,207,208,209,210,211,230,231,232,233,240,241,243,244,245,246,247,248,249,250,251,252,253,254,255,256,257,258,259,260,261,262,265,266,267,268,269,270,271,272,444,449,461,527,528,529,530,531,532,533,534,598,599,600,
124;1;6152;6196;1;37,77,78,79,80,81,82,83,84,85,86,99,100,101,102,103,104,105,106,107,108,109,110,111,112,124,125,207,208,209,210,211,230,231,232,233,240,241,243,244,245,246,247,248,249,250,251,252,253,254,255,256,257,258,259,260,261,262,265,266,267,268,269,270,271,272,444,449,461,527,528,529,530,531,532,533,534,598,599,600,
433;0;6196;6348;1;37,77,78,79,80,81,82,83,84,85,86,99,100,101,102,103,104,105,106,107,108,109,110,111,112,124,125,207,208,209,210,211,230,231,232,233,240,241,243,244,245,246,247,248,249,250,251,252,253,254,255,256,257,258,259,260,261,262,265,266,267,268,269,270,271,272,444,449,461,527,528,529,530,531,532,533,534,598,599,600,
394;0;6348;6473;1;0,8,9,13,15,16,17,18,37,42,77,78,79,80,81,82,83,84,85,86,91,94,99,100,101,102,103,104,105,106,107,108,109,110,111,112,124,125,128,129,180,181,182,183,207,208,209,210,211,230,231,232,233,236,237,238,239,240,241,243,244,245,246,247,248,249,250,251,252,253,254,255,256,257,258,259,292,382,383,384,
394;1;6473;6578;1;0,8,9,13,15,16,17,18,37,42,77,78,79,80,81,82,83,84,85,86,91,94,99,100,101,102,103,104,105,106,107,108,109,110,111,112,124,125,128,129,180,181,182,183,207,208,209,210,211,230,231,232,233,236,237,238,239,240,241,243,244,245,246,247,248,249,250,251,252,253,254,255,256,257,258,259,292,382,383,384,
336;0;6578;6610;0;0,8,9,13,15,16,17,18,37,42,77,78,79,80,81,82,83,84,85,86,91,94,99,100,101,102,103,104,105,106,107,108,109,110,111,112,124,125,128,129,180,181,182,183,207,208,209,210,211,230,231,232,233,236,237,238,239,240,241,243,244,245,246,247,248,249,250,251,252,253,254,255,256,257,258,259,292,382,383,384,
24;0;6610;6674;1;0,8,9,13,15,16,17,18,37,42,77,78,79,80,81,82,83,84,85,86,91,94,99,100,101,102,103,104,105,106,107,108,109,110,111,112,124,125,128,129,180,181,182,183,207,208,209,210,211,230,231,232,233,236,237,238,239,240,241,243,244,245,246,247,248,249,250,251,252,253,254,255,256,257,258,259,292,382,383,384,
24;1;6674;6742;1;0,8,9,13,15,16,17,18,37,42,77,78,79,80,81,82,83,84,85,86,91,94,99,100,101,102,103,104,105,106,107,108,109,110,111,112,124,125,128,129,180,181,182,183,207,208,209,210,211,230,231,232,233,236,237,238,239,240,241,243,244,245,246,247,248,249,250,251,252,253,254,255,256,257,258,259,292,382,383,384,
347;0;6742;6761;1;0,8,9,13,15,16,17,18,37,42,77,78,79,80,81,82,83,84,85,86,91,94,99,100,101,102,103,104,105,106,107,108,109,110,111,112,124,125,128,129,180,181,182,183,207,208,209,210,211,230,231,232,233,236,237,238,239,240,241,243,244,245,246,247,248,249,250,251,252,253,254,255,256,257,258,259,292,382,383,384,
347;1;6761;6829;1;0,8,9,13,15,16,17,18,37,42,77,78,79,80,81,82,83,84,85,86,91,94,99,100,101,102,103,104,105,106,107,108,109,110,111,112,124,125,128,129,180,181,182,183,207,208,209,210,211,230,231,232,233,236,237,238,239,240,241,243,244,245,246,247,248,249,250,251,252,253,254,255,256,257,258,259,292,382,383,384,
386;0;6829;6889;0;0,8,9,13,15,16,17,18,37,42,77,78,79,80,81,82,83,84,85,86,91,94,99,100,101,102,103,104,105,106,107,108,109,110,111,112,124,125,128,129,180,181,182,183,207,208,209,210,211,230,231,232,233,236,237,238,239,240,241,243,244,245,246,247,248,249,250,251,252,253,254,255,256,257,258,259,292,382,383,384,
346;0;6889;6938;0;0,8,9,13,15,16,17,18,37,42,77,78,79,80,81,82,83,84,85,86,91,94,99,100,101,102,103,104,105,106,107,108,109,110,111,112,124,125,128,129,180,181,182,183,207,208,209,210,211,230,231,232,233,236,237,238,239,240,241,243,244,245,246,247,248,249,250,251,252,253,254,255,256,257,258,259,292,382,383,384,
199;0;6938;6955;0;0,8,9,13,15,16,17,18,37,42,77,78,79,80,81,82,83,84,85,86,91,94,99,100,101,102,103,104,105,106,107,108,109,110,111,112,124,125,128,129,180,181,182,183,207,208,209,210,211,230,231,232,233,236,237,238,239,240,241,243,244,245,246,247,248,249,250,251,252,253,254,255,256,257,258,259,292,382,383,384,
199;1;6955;7132;0;0,8,9,13,15,16,17,18,37,42,77,78,79,80,81,82,83,84,85,86,91,94,99,100,101,102,103,104,105,106,107,108,109,110,111,112,124,125,128,129,180,181,182,183,207,208,209,210,211,230,231,232,233,236,237,238,239,240,241,243,244,245,246,247,248,249,250,251,252,253,254,255,256,257,258,259,292,382,383,384,
365;0;7132;7297;0;0,8,9,13,15,16,17,18,37,42,77,78,79,80,81,82,83,84,85,86,91,94,99,100,101,102,103,104,105,106,107,108,109,110,111,112,124,125,128,129,180,181,182,183,207,208,209,210,211,230,231,232,233,236,237,238,239,240,241,243,244,245,246,247,248,249,250,251,252,253,254,255,256,257,258,259,292,382,383,384,
217;0;7297;7347;1;0,8,9,13,15,16,17,18,37,42,77,78,79,80,81,82,83,84,85,86,91,94,99,100,101,102,103,104,105,106,107,108,109,110,111,112,124,125,128,129,180,181,182,183,207,208,209,210,211,230,231,232,233,236,237,238,239,240,241,243,244,245,246,247,248,249,250,251,252,253,254,255,256,257,258,259,292,382,383,384,
217;1;7347;7503;1;0,8,9,13,15,16,17,18,37,42,77,78,79,80,81,82,83,84,85,86,91,94,99,100,101,102,103,104,105,106,107,108,109,110,111,112,124,125,128,129,180,181,182,183,207,208,209,210,211,230,231,232,233,236,237,238,239,240,241,243,244,245,246,247,248,249,250,251,252,253,254,255,256,257,258,259,292,382,383,384,
372;0;7503;7651;0;0,2,5,6,7,8,9,13,15,16,17,18,25,29,30,31,37,39,42,43,44,77,78,79,80,81,82,83,84,85,86,91,94,95,99,100,101,102,103,104,105,106,107,108,109,110,180,181,182,183,213,236,237,238,239,292,382,383,384,385,571,572,573,574,575,576,577,578,579,580,581,582,583,584,585,586,587,588,589,590,
372;1;7651;7717;0;0,2,5,6,7,8,9,13,15,16,17,18,25,29,30,31,37,39,42,43,44,77,78,79,80,81,82,83,84,85,86,91,94,95,99,100,101,102,103,104,105,106,107,108,109,110,180,181,182,183,213,236,237,238,239,292,382,383,384,385,571,572,573,574,575,576,577,578,579,580,581,582,583,584,585,586,587,588,589,590,
236;0;7717;7800;0;0,2,5,6,7,8,9,13,15,16,17,18,25,27,29,30,31,37,39,42,43,44,77,78,79,80,81,82,83,84,85,86,91,94,95,99,100,101,102,103,104,105,106,107,108,109,110,180,181,182,183,213,236,237,238,239,264,292,382,383,384,385,447,448,571,572,573,574,575,576,577,578,579,580,581,582,583,584,585,586,
432;0;7800;7937;0;0,2,5,6,7,8,9,13,15,16,17,18,25,27,29,30,31,37,39,42,43,44,77,78,79,80,81,82,83,84,85,86,91,94,95,96,97,98,99,100,101,102,103,104,105,106,107,108,109,110,180,181,182,183,236,237,238,239,292,332,382,383,384,425,612,613,614,615,616,617,618,619,620,621,622,623,624,625,626,627,
432;1;7937;8066;0;0,2,5,6,7,8,9,13,15,16,17,18,25,27,29,30,31,37,39,42,43,44,77,78,79,80,81,82,83,84,85,86,91,94,95,96,97,98,99,100,101,102,103,104,105,106,107,108,109,110,180,181,182,183,236,237,238,239,292,332,382,383,384,425,612,613,614,615,616,617,618,619,620,621,622,623,624,625,626,627,
388;0;8066;8230;0;0,2,5,6,7,8,9,13,15,16,17,18,25,27,29,30,31,37,39,42,43,44,77,78,79,80,81,82,83,84,85,86,91,94,95,96,97,98,99,100,101,102,103,104,105,106,107,108,109,110,180,181,182,183,236,237,238,239,292,332,382,383,384,425,612,613,614,615,616,617,618,619,620,621,622,623,624,625,626,627,
44;0;8230;8234;1;0,2,5,6,7,8,9,13,15,16,17,18,25,27,29,30,31,37,39,42,43,44,77,78,79,80,81,82,83,84,85,86,91,94,95,96,97,98,99,100,101,102,103,104,105,106,107,108,109,110,180,181,182,183,236,237,238,239,292,332,382,383,384,425,612,613,614,615,616,617,618,619,620,621,622,623,624,625,626,627,
44;1;8234;8390;1;0,2,5,6,7,8,9,13,15,16,17,18,25,27,29,30,31,37,39,42,43,44,77,78,79,80,81,82,83,84,85,86,91,94,95,96,97,98,99,100,101,102,103,104,105,106,107,108,109,110,180,181,182,183,236,237,238,239,292,332,382,383,384,425,612,613,614,615,616,617,618,619,620,621,622,623,624,625,626,627,
351;0;8390;8458;1;0,2,5,6,7,8,9,13,15,16,17,18,25,27,29,30,31,37,39,42,43,44,77,78,79,80,81,82,83,84,85,86,91,94,95,96,97,98,99,100,101,102,103,104,105,106,107,108,109,110,180,181,182,183,236,237,238,239,292,332,382,383,384,425,612,613,614,615,616,617,618,619,620,621,622,623,624,625,626,627,
228;0;8458;8476;0;0,2,5,6,7,8,9,13,15,16,17,18,25,27,29,30,31,37,39,42,43,44,77,78,79,80,81,82,83,84,85,86,91,94,95,96,97,98,99,100,101,102,103,104,105,106,107,108,109,110,180,181,182,183,236,237,238,239,292,332,382,383,384,425,612,613,614,615,616,617,618,619,620,621,622,623,624,625,626,627,
323;0;8476;8544;1;0,2,5,6,7,8,9,13,15,16,17,18,25,27,29,30,31,37,39,42,43,44,77,78,79,80,81,82,83,84,85,86,91,94,95,96,97,98,99,100,101,102,103,104,105,106,107,108,109,110,180,181,182,183,236,237,238,239,292,332,382,383,384,425,612,613,614,615,616,617,618,619,620,621,622,623,624,625,626,627,
230;0;8544;8649;1;0,2,5,6,7,8,9,13,15,16,17,18,25,27,29,30,31,37,39,42,43,44,77,78,79,80,81,82,83,84,85,86,91,94,95,96,97,98,99,100,101,102,103,104,105,106,107,108,109,110,180,181,182,183,236,237,238,239,292,332,382,383,384,425,612,613,614,615,616,617,618,619,620,621,622,623,624,625,626,627,
120;0;8649;8717;1;0,2,5,6,7,8,9,13,15,16,17,18,25,27,29,30,31,37,39,42,43,44,77,78,79,80,81,82,83,84,85,86,91,94,95,96,97,98,99,100,101,102,103,104,105,106,107,108,109,110,180,181,182,183,236,237,238,239,292,332,382,383,384,425,612,613,614,615,616,617,618,619,620,621,622,623,624,625,626,627,
357;0;8717;8869;1;0,2,5,6,7,8,9,13,15,16,17,18,25,27,29,30,31,37,39,42,43,44,77,78,79,80,81,82,83,84,85,86,91,94,95,96,97,98,99,100,101,102,103,104,105,106,107,108,109,110,180,181,182,183,236,237,238,239,292,332,382,383,384,425,612,613,614,615,616,617,618,619,620,621,622,623,624,625,626,627,
357;1;8869;8893;1;0,2,5,6,7,8,9,13,15,16,17,18,25,27,29,30,31,37,39,42,43,44,77,78,79,80,81,82,83,84,85,86,91,94,95,96,97,98,99,100,101,102,103,104,105,106,107,108,109,110,180,181,182,183,236,237,238,239,292,332,382,383,384,425,612,613,614,615,616,617,618,619,620,621,622,623,624,625,626,627,
389;0;8893;9071;0;0,2,5,6,7,8,9,13,15,16,17,18,25,27,29,30,31,37,39,42,43,44,77,78,79,80,81,82,83,84,85,86,91,94,95,96,97,98,99,100,101,102,103,104,105,106,107,108,109,110,180,181,182,183,236,237,238,239,292,332,382,383,384,425,612,613,614,615,616,617,618,619,620,621,622,623,624,625,626,627,
389;1;9071;9103;0;0,2,5,6,7,8,9,13,15,16,17,18,25,27,29,30,31,37,39,42,43,44,77,78,79,80,81,82,83,84,85,86,91,94,95,96,97,98,99,100,101,102,103,104,105,106,107,108,109,110,180,181,182,183,236,237,238,239,292,332,382,383,384,425,612,613,614,615,616,617,618,619,620,621,622,623,624,625,626,627,
Machine: 5
71;0;0;115;1;0,2,17,18,24,30,37,42,85,91,94,95,96,97,98,109,117,118,119,120,121,122,123,124,125,126,207,208,212,233,234,235,236,237,238,239,243,246,248,250,251,269,270,282,292,324,332,342,353,354,355,356,357,382,383,384,418,419,420,421,444,445,446,461,488,529,543,544,545,546,561,562,563,564,565,566,567,568,569,570,
396;0;115;148;0;0,2,17,18,24,30,37,42,85,91,94,95,96,97,98,109,117,118,119,120,121,122,123,124,125,126,207,208,212,233,234,235,236,237,238,239,243,246,248,250,251,269,270,282,292,324,332,342,353,354,355,356,357,382,383,384,418,419,420,421,444,445,446,461,488,529,543,544,545,546,561,562,563,564,565,566,567,568,569,570,
97;0;148;272;1;0,2,17,18,24,30,37,42,85,91,94,95,96,97,98,109,117,118,119,120,121,122,123,124,125,126,207,208,212,233,234,235,236,237,238,239,243,246,248,250,251,269,270,282,292,324,332,342,353,354,355,356,357,382,383,384,418,419,420,421,444,445,446,461,488,529,543,544,545,546,561,562,563,564,565,566,567,568,569,570,
97;1;272;436;1;0,2,17,18,24,30,37,42,85,91,94,95,96,97,98,109,117,118,119,120,121,122,123,124,125,126,207,208,212,233,234,235,236,237,238,239,243,246,248,250,251,269,270,282,292,324,332,342,353,354,355,356,357,382,383,384,418,419,420,421,444,445,446,461,488,529,543,544,545,546,561,562,563,564,565,566,567,568,569,570,
208;0;436;600;0;0,2,17,18,24,30,37,42,85,91,94,95,96,97,98,109,117,118,119,120,121,122,123,124,125,126,207,208,212,233,234,235,236,237,238,239,243,246,248,250,251,269,270,282,292,324,332,342,353,354,355,356,357,382,383,384,418,419,420,421,444,445,446,461,488,529,543,544,545,546,561,562,563,564,565,566,567,568,569,570,
197;0;600;738;1;0,2,17,18,24,30,37,42,85,91,94,95,96,97,98,109,117,118,119,120,121,122,123,124,125,126,207,208,212,233,234,235,236,237,238,239,243,246,248,250,251,269,270,282,292,324,332,342,353,354,355,356,357,382,383,384,418,419,420,421,444,445,446,461,488,529,543,544,545,546,561,562,563,564,565,566,567,568,569,570,
197;1;738;756;1;0,2,17,18,24,30,37,42,85,91,94,95,96,97,98,109,117,118,119,120,121,122,123,124,125,126,207,208,212,233,234,235,236,237,238,239,243,246,248,250,251,269,270,282,292,324,332,342,353,354,355,356,357,382,383,384,418,419,420,421,444,445,446,461,488,529,543,544,545,546,561,562,563,564,565,566,567,568,569,570,
112;0;756;819;0;0,2,17,18,24,30,37,42,85,91,94,95,96,97,98,109,117,118,119,120,121,122,123,124,125,126,207,208,212,233,234,235,236,237,238,239,243,246,248,250,251,269,270,282,292,324,332,342,353,354,355,356,357,382,383,384,418,419,420,421,444,445,446,461,488,529,543,544,545,546,561,562,563,564,565,566,567,568,569,570,
112;1;819;975;0;0,2,17,18,24,30,37,42,85,91,94,95,96,97,98,109,117,118,119,120,121,122,123,124,125,126,207,208,212,233,234,235,236,237,238,239,243,246,248,250,251,269,270,282,292,324,332,342,353,354,355,356,357,382,383,384,418,419,420,421,444,445,446,461,488,529,543,544,545,546,561,562,563,564,565,566,567,568,569,570,
289;0;975;1000;0;0,2,17,18,24,30,37,42,85,91,94,95,96,97,98,109,117,118,119,120,121,122,123,124,125,126,207,208,212,233,234,235,236,237,238,239,243,246,248,250,251,269,270,282,292,324,332,342,353,354,355,356,357,382,383,384,418,419,420,421,444,445,446,461,488,529,543,544,545,546,561,562,563,564,565,566,567,568,569,570,
289;1;1000;1018;0;0,2,17,18,24,30,37,42,85,91,94,95,96,97,98,109,117,118,119,120,121,122,123,124,125,126,207,208,212,233,234,235,236,237,238,239,243,246,248,250,251,269,270,282,292,324,332,342,353,354,355,356,357,382,383,384,418,419,420,421,444,445,446,461,488,529,543,544,545,546,561,562,563,564,565,566,567,568,569,570,
393;0;1018;1073;1;0,2,17,18,24,30,37,42,85,91,94,95,96,97,98,109,117,118,119,120,121,122,123,124,125,126,207,208,212,233,234,235,236,237,238,239,243,246,248,250,251,269,270,282,292,324,332,342,353,354,355,356,357,382,383,384,418,419,420,421,444,445,446,461,488,529,543,544,545,546,561,562,563,564,565,566,567,568,569,570,
162;0;1073;1152;0;0,2,17,18,24,30,37,42,85,91,94,95,96,97,98,109,117,118,119,120,121,122,123,124,125,126,207,208,212,233,234,235,236,237,238,239,243,246,248,250,251,269,270,282,292,324,332,342,353,354,355,356,357,382,383,384,418,419,420,421,444,445,446,461,488,529,543,544,545,546,561,562,563,564,565,566,567,568,569,570,
162;1;1152;1184;0;0,2,17,18,24,30,37,42,85,91,94,95,96,97,98,109,117,118,119,120,121,122,123,124,125,126,207,208,212,233,234,235,236,237,238,239,243,246,248,250,251,269,270,282,292,324,332,342,353,354,355,356,357,382,383,384,418,419,420,421,444,445,446,461,488,529,543,544,545,546,561,562,563,564,565,566,567,568,569,570,
216;0;1184;1321;0;0,2,17,18,24,30,37,42,85,91,94,95,96,97,98,109,117,118,119,120,121,122,123,124,125,126,207,208,212,233,234,235,236,237,238,239,243,246,248,250,251,269,270,282,292,324,332,342,353,354,355,356,357,382,383,384,418,419,420,421,444,445,446,461,488,529,543,544,545,546,561,562,563,564,565,566,567,568,569,570,
444;0;1321;1404;1;0,2,17,18,24,30,37,42,85,91,94,95,96,97,98,109,117,118,119,120,121,122,123,124,125,126,207,208,212,233,234,235,236,237,238,239,243,246,248,250,251,269,270,282,292,324,332,342,353,354,355,356,357,382,383,384,418,419,420,421,444,445,446,461,488,529,543,544,545,546,561,562,563,564,565,566,567,568,569,570,
444;1;1404;1541;1;0,2,17,18,24,30,37,42,85,91,94,95,96,97,98,109,117,118,119,120,121,122,123,124,125,126,207,208,212,233,234,235,236,237,238,239,243,246,248,250,251,269,270,282,292,324,332,342,353,354,355,356,357,382,383,384,418,419,420,421,444,445,446,461,488,529,543,544,545,546,561,562,563,564,565,566,567,568,569,570,
259;0;1541;1644;0;0,2,17,18,24,30,37,42,85,91,94,95,96,97,98,109,117,118,119,120,121,122,123,124,125,126,207,208,212,233,234,235,236,237,238,239,243,246,248,250,251,269,270,282,292,324,332,342,353,354,355,356,357,382,383,384,418,419,420,421,444,445,446,461,488,529,543,544,545,546,561,562,563,564,565,566,567,568,569,570,
259;1;1644;1688;0;0,2,17,18,24,30,37,42,85,91,94,95,96,97,98,109,117,118,119,120,121,122,123,124,125,126,207,208,212,233,234,235,236,237,238,239,243,246,248,250,251,269,270,282,292,324,332,342,353,354,355,356,357,382,383,384,418,419,420,421,444,445,446,461,488,529,543,544,545,546,561,562,563,564,565,566,567,568,569,570,
362;0;1688;1756;0;0,2,17,18,24,30,37,42,85,91,94,95,96,97,98,109,117,118,119,120,121,122,123,124,125,126,207,208,212,233,234,235,236,237,238,239,243,246,248,250,251,269,270,282,292,324,332,342,353,354,355,356,357,382,383,384,418,419,420,421,444,445,446,461,488,529,543,544,545,546,561,562,563,564,565,566,567,568,569,570,
362;1;1756;1784;0;0,2,17,18,24,30,37,42,85,91,94,95,96,97,98,109,117,118,119,120,121,122,123,124,125,126,207,208,212,233,234,235,236,237,238,239,243,246,248,250,251,269,270,282,292,324,332,342,353,354,355,356,357,382,383,384,418,419,420,421,444,445,446,461,488,529,543,544,545,546,561,562,563,564,565,566,567,568,569,570,
15;0;1784;1808;0;0,2,17,18,24,30,37,42,85,91,94,95,96,97,98,109,117,118,119,120,121,122,123,124,125,126,207,208,212,233,234,235,236,237,238,239,243,246,248,250,251,269,270,282,292,324,332,342,353,354,355,356,357,382,383,384,418,419,420,421,444,445,446,461,488,529,543,544,545,546,561,562,563,564,565,566,567,568,569,570,
429;0;1808;1970;0;0,2,17,18,24,30,37,42,85,91,94,95,96,97,98,109,117,118,119,120,121,122,123,124,125,126,207,208,212,233,234,235,236,237,238,239,243,246,248,250,251,269,270,282,292,324,332,342,353,354,355,356,357,382,383,384,418,419,420,421,444,445,446,461,488,529,543,544,545,546,561,562,563,564,565,566,567,568,569,570,
429;1;1970;2068;0;0,2,17,18,24,30,37,42,85,91,94,95,96,97,98,109,117,118,119,120,121,122,123,124,125,126,207,208,212,233,234,235,236,237,238,239,243,246,248,250,251,269,270,282,292,324,332,342,353,354,355,356,357,382,383,384,418,419,420,421,444,445,446,461,488,529,543,544,545,546,561,562,563,564,565,566,567,568,569,570,
401;0;2068;2203;1;0,2,17,18,24,30,37,42,85,91,94,95,96,97,98,109,117,118,119,120,121,122,123,124,125,126,207,208,212,233,234,235,236,237,238,239,243,246,248,250,251,269,270,282,292,324,332,342,353,354,355,356,357,382,383,384,418,419,420,421,444,445,446,461,488,529,543,544,545,546,561,562,563,564,565,566,567,568,569,570,
211;0;2203;2247;1;0,2,17,18,24,30,37,42,85,91,94,95,96,97,98,109,117,118,119,120,121,122,123,124,125,126,207,208,212,233,234,235,236,237,238,239,243,246,248,250,251,269,270,282,292,324,332,342,353,354,355,356,357,382,383,384,418,419,420,421,444,445,446,461,488,529,543,544,545,546,561,562,563,564,565,566,567,568,569,570,
43;0;2247;2323;1;0,2,17,18,24,30,37,42,85,91,94,95,96,97,98,109,117,118,119,120,121,122,123,124,125,126,207,208,212,233,234,235,236,237,238,239,243,246,248,250,251,269,270,282,292,324,332,342,353,354,355,356,357,382,383,384,418,419,420,421,444,445,446,461,488,529,543,544,545,546,561,562,563,564,565,566,567,568,569,570,
225;0;2323;2456;0;0,2,17,18,24,30,37,42,85,91,94,95,96,97,98,109,117,118,119,120,121,122,123,124,125,126,207,208,212,233,234,235,236,237,238,239,243,246,248,250,251,269,270,282,292,324,332,342,353,354,355,356,357,382,383,384,418,419,420,421,444,445,446,461,488,529,543,544,545,546,561,562,563,564,565,566,567,568,569,570,
117;0;2456;2507;1;0,2,17,18,24,30,37,42,85,91,94,95,96,97,98,109,117,118,119,120,121,122,123,124,125,126,207,208,212,233,234,235,236,237,238,239,243,246,248,250,251,269,270,282,292,324,332,342,353,354,355,356,357,382,383,384,418,419,420,421,444,445,446,461,488,529,543,544,545,546,561,562,563,564,565,566,567,568,569,570,
117;1;2507;2642;1;0,2,17,18,24,30,37,42,85,91,94,95,96,97,98,109,117,118,119,120,121,122,123,124,125,126,207,208,212,233,234,235,236,237,238,239,243,246,248,250,251,269,270,282,292,324,332,342,353,354,355,356,357,382,383,384,418,419,420,421,444,445,446,461,488,529,543,544,545,546,561,562,563,564,565,566,567,568,569,570,
153;0;2642;2716;1;0,2,17,18,24,30,37,42,85,91,94,95,96,97,98,109,117,118,119,120,121,122,123,124,125,126,207,208,212,233,234,235,236,237,238,239,243,246,248,250,251,269,270,282,292,324,332,342,353,354,355,356,357,382,383,384,418,419,420,421,444,445,446,461,488,529,543,544,545,546,561,562,563,564,565,566,567,568,569,570,
84;0;2716;2735;1;0,2,17,18,24,30,37,42,85,91,94,95,96,97,98,109,117,118,119,120,121,122,123,124,125,126,207,208,212,233,234,235,236,237,238,239,243,246,248,250,251,269,270,282,292,324,332,342,353,354,355,356,357,382,383,384,418,419,420,421,444,445,446,461,488,529,543,544,545,546,561,562,563,564,565,566,567,568,569,570,
84;1;2735;2811;1;0,2,17,18,24,30,37,42,85,91,94,95,96,97,98,109,117,118,119,120,121,122,123,124,125,126,207,208,212,233,234,235,236,237,238,239,243,246,248,250,251,269,270,282,292,324,332,342,353,354,355,356,357,382,383,384,418,419,420,421,444,445,446,461,488,529,543,544,545,546,561,562,563,564,565,566,567,568,569,570,
70;0;2811;2887;1;0,2,17,18,24,30,37,42,85,91,94,95,96,97,98,109,117,118,119,120,121,122,123,124,125,126,207,208,212,233,234,235,236,237,238,239,243,246,248,250,251,269,270,282,292,324,332,342,353,354,355,356,357,382,383,384,418,419,420,421,444,445,446,461,488,529,543,544,545,546,561,562,563,564,565,566,567,568,569,570,
375;0;2887;2915;0;0,2,17,18,24,30,37,42,85,91,94,95,96,97,98,109,117,118,119,120,121,122,123,124,125,126,207,208,212,233,234,235,236,237,238,239,243,246,248,250,251,269,270,282,292,324,332,342,353,354,355,356,357,382,383,384,418,419,420,421,444,445,446,461,488,529,543,544,545,546,561,562,563,564,565,566,567,568,569,570,
272;0;2915;2991;0;0,2,17,18,24,30,37,42,85,91,94,95,96,97,98,109,117,118,119,120,121,122,123,124,125,126,207,208,212,233,234,235,236,237,238,239,243,246,248,250,251,269,270,282,292,324,332,342,353,354,355,356,357,382,383,384,418,419,420,421,444,445,446,461,488,529,543,544,545,546,561,562,563,564,565,566,567,568,569,570,
272;1;2991;3067;0;0,2,17,18,24,30,37,42,85,91,94,95,96,97,98,109,117,118,119,120,121,122,123,124,125,126,207,208,212,233,234,235,236,237,238,239,243,246,248,250,251,269,270,282,292,324,332,342,353,354,355,356,357,382,383,384,418,419,420,421,444,445,446,461,488,529,543,544,545,546,561,562,563,564,565,566,567,568,569,570,
379;0;3067;3156;0;0,2,17,18,24,30,37,42,85,91,94,95,96,97,98,109,117,118,119,120,121,122,123,124,125,126,207,208,212,233,234,235,236,237,238,239,243,246,248,250,251,269,270,282,292,324,332,342,353,354,355,356,357,382,383,384,418,419,420,421,444,445,446,461,488,529,543,544,545,546,561,562,563,564,565,566,567,568,569,570,
379;1;3156;3271;0;0,2,17,18,24,30,37,42,85,91,94,95,96,97,98,109,117,118,119,120,121,122,123,124,125,126,207,208,212,233,234,235,236,237,238,239,243,246,248,250,251,269,270,282,292,324,332,342,353,354,355,356,357,382,383,384,418,419,420,421,444,445,446,461,488,529,543,544,545,546,561,562,563,564,565,566,567,568,569,570,
399;0;3271;3305;0;0,2,17,18,24,30,37,42,85,91,94,95,96,97,98,109,117,118,119,120,121,122,123,124,125,126,207,208,212,233,234,235,236,237,238,239,243,246,248,250,251,269,270,282,292,324,332,342,353,354,355,356,357,382,383,384,418,419,420,421,444,445,446,461,488,529,543,544,545,546,561,562,563,564,565,566,567,568,569,570,
399;1;3305;3442;0;0,2,17,18,24,30,37,42,85,91,94,95,96,97,98,109,117,118,119,120,121,122,123,124,125,126,207,208,212,233,234,235,236,237,238,239,243,246,248,250,251,269,270,282,292,324,332,342,353,354,355,356,357,382,383,384,418,419,420,421,444,445,446,461,488,529,543,544,545,546,561,562,563,564,565,566,567,568,569,570,
19;0;3442;3573;0;0,2,8,13,17,18,24,30,35,37,42,81,85,91,117,118,119,120,121,122,123,124,125,126,128,129,199,207,211,212,243,244,258,265,282,287,288,289,290,291,292,293,294,295,296,297,298,324,353,354,402,418,419,420,421,450,488,532,543,544,545,546,547,548,549,550,551,552,553,554,555,556,557,568,591,592,593,594,595,596,
19;1;3573;3647;0;0,2,8,13,17,18,24,30,35,37,42,81,85,91,117,118,119,120,121,122,123,124,125,126,128,129,199,207,211,212,243,244,258,265,282,287,288,289,290,291,292,293,294,295,296,297,298,324,353,354,402,418,419,420,421,450,488,532,543,544,545,546,547,548,549,550,551,552,553,554,555,556,557,568,591,592,593,594,595,596,
358;0;3647;3736;0;0,2,8,13,17,18,24,30,35,37,42,81,85,91,117,118,119,120,121,122,123,124,125,126,128,129,199,207,211,212,243,244,258,265,282,287,288,289,290,291,292,293,294,295,296,297,298,324,353,354,402,418,419,420,421,450,488,532,543,544,545,546,547,548,549,550,551,552,553,554,555,556,557,568,591,592,593,594,595,596,
250;0;3736;3873;1;0,2,8,13,17,18,24,30,35,37,42,81,85,91,117,118,119,120,121,122,123,124,125,126,128,129,199,207,211,212,243,244,258,265,282,287,288,289,290,291,292,293,294,295,296,297,298,324,353,354,402,418,419,420,421,450,488,532,543,544,545,546,547,548,549,550,551,552,553,554,555,556,557,568,591,592,593,594,595,596,
94;0;3873;4012;1;0,2,8,13,17,18,24,30,35,37,42,81,85,91,117,118,119,120,121,122,123,124,125,126,128,129,199,207,211,212,243,244,258,265,282,287,288,289,290,291,292,293,294,295,296,297,298,324,353,354,402,418,419,420,421,450,488,532,543,544,545,546,547,548,549,550,551,552,553,554,555,556,557,568,591,592,593,594,595,596,
94;1;4012;4085;1;0,2,8,13,17,18,24,30,35,37,42,81,85,91,117,118,119,120,121,122,123,124,125,126,128,129,199,207,211,212,243,244,258,265,282,287,288,289,290,291,292,293,294,295,296,297,298,324,353,354,402,418,419,420,421,450,488,532,543,544,545,546,547,548,549,550,551,552,553,554,555,556,557,568,591,592,593,594,595,596,
382;0;4085;4171;0;0,2,8,13,17,18,24,30,35,37,42,81,85,91,117,118,119,120,121,122,123,124,125,126,128,129,199,207,211,212,243,244,258,265,282,287,288,289,290,291,292,293,294,295,296,297,298,324,353,354,402,418,419,420,421,450,488,532,543,544,545,546,547,548,549,550,551,552,553,554,555,556,557,568,591,592,593,594,595,596,
382;1;4171;4303;0;0,2,8,13,17,18,24,30,35,37,42,81,85,91,117,118,119,120,121,122,123,124,125,126,128,129,199,207,211,212,243,244,258,265,282,287,288,289,290,291,292,293,294,295,296,297,298,324,353,354,402,418,419,420,421,450,488,532,543,544,545,546,547,548,549,550,551,552,553,554,555,556,557,568,591,592,593,594,595,596,
203;0;4303;4383;1;0,2,8,13,17,18,24,30,35,37,42,81,85,91,117,118,119,120,121,122,123,124,125,126,128,129,199,207,211,212,243,244,258,265,282,287,288,289,290,291,292,293,294,295,296,297,298,324,353,354,402,418,419,420,421,450,488,532,543,544,545,546,547,548,549,550,551,552,553,554,555,556,557,568,591,592,593,594,595,596,
309;0;4383;4481;0;0,1,2,8,13,17,18,24,30,35,37,42,81,85,90,91,117,118,119,120,121,122,123,124,125,126,128,129,199,207,211,212,243,244,258,264,265,282,287,288,289,290,291,292,293,294,295,296,297,298,324,328,329,330,331,353,354,402,418,419,420,421,450,488,532,543,544,545,546,547,548,549,550,551,552,553,554,555,556,557,
309;1;4481;4612;0;0,1,2,8,13,17,18,24,30,35,37,42,81,85,90,91,117,118,119,120,121,122,123,124,125,126,128,129,199,207,211,212,243,244,258,264,265,282,287,288,289,290,291,292,293,294,295,296,297,298,324,328,329,330,331,353,354,402,418,419,420,421,450,488,532,543,544,545,546,547,548,549,550,551,552,553,554,555,556,557,
274;0;4612;4672;1;0,1,2,5,8,13,16,17,18,24,25,30,32,35,37,42,81,85,90,91,117,118,119,120,121,122,123,124,125,126,128,129,199,207,211,212,243,244,258,264,265,282,287,288,289,290,291,292,293,294,295,296,297,298,324,328,329,330,331,353,354,402,418,419,420,421,450,451,452,453,454,455,456,457,458,459,488,532,543,544,
274;1;4672;4769;1;0,1,2,5,8,13,16,17,18,24,25,30,32,35,37,42,81,85,90,91,117,118,119,120,121,122,123,124,125,126,128,129,199,207,211,212,243,244,258,264,265,282,287,288,289,290,291,292,293,294,295,296,297,298,324,328,329,330,331,353,354,402,418,419,420,421,450,451,452,453,454,455,456,457,458,459,488,532,543,544,
253;0;4769;4866;1;0,1,2,5,8,13,16,17,18,24,25,30,32,35,37,42,81,85,90,91,117,118,119,120,121,122,123,124,125,126,128,129,199,207,211,212,243,244,258,264,265,282,287,288,289,290,291,292,293,294,295,296,297,298,324,328,329,330,331,353,354,402,418,419,420,421,450,451,452,453,454,455,456,457,458,459,488,532,543,544,
85;0;4866;4997;0;0,1,2,5,8,13,16,17,18,24,25,30,32,35,37,42,81,85,90,91,117,118,119,120,121,122,123,124,125,126,128,129,199,207,211,212,243,244,258,264,265,282,287,288,289,290,291,292,293,294,295,296,297,298,324,328,329,330,331,353,354,402,418,419,420,421,450,451,452,453,454,455,456,457,458,459,488,532,543,544,
30;0;4997;5005;1;0,1,2,5,8,13,16,17,18,24,25,30,32,35,37,42,81,85,90,91,117,118,119,120,121,122,123,124,125,126,128,129,199,200,201,202,203,204,205,206,207,211,212,243,244,258,264,265,282,287,288,289,290,291,292,293,294,295,296,297,298,324,328,329,330,331,353,354,402,418,419,420,421,450,451,452,453,454,455,488,
241;0;5005;5103;1;0,1,2,8,9,10,11,12,13,28,32,42,81,82,83,84,85,86,91,199,212,244,280,281,282,283,284,285,286,287,288,289,290,291,292,293,294,295,296,297,298,299,300,301,302,303,304,305,306,307,308,309,310,311,312,313,314,315,316,317,318,319,320,337,338,339,340,376,377,378,379,397,398,402,418,419,420,421,460,488,
78;0;5103;5190;0;0,1,2,8,9,10,11,12,13,28,32,42,81,82,83,84,85,86,91,199,212,244,280,281,282,283,284,285,286,287,288,289,290,291,292,293,294,295,296,297,298,299,300,301,302,303,304,305,306,307,308,309,310,311,312,313,314,315,316,317,318,319,320,337,338,339,340,376,377,378,379,397,398,402,418,419,420,421,460,488,
172;0;5190;5200;0;0,1,2,8,9,10,11,12,13,28,32,42,81,82,83,84,85,86,91,199,212,244,280,281,282,283,284,285,286,287,288,289,290,291,292,293,294,295,296,297,298,299,300,301,302,303,304,305,306,307,308,309,310,311,312,313,314,315,316,317,318,319,320,337,338,339,340,376,377,378,379,397,398,402,418,419,420,421,460,488,
172;1;5200;5350;0;0,1,2,8,9,10,11,12,13,28,32,42,81,82,83,84,85,86,91,199,212,244,280,281,282,283,284,285,286,287,288,289,290,291,292,293,294,295,296,297,298,299,300,301,302,303,304,305,306,307,308,309,310,311,312,313,314,315,316,317,318,319,320,337,338,339,340,376,377,378,379,397,398,402,418,419,420,421,460,488,
316;0;5350;5448;0;0,1,2,8,9,10,11,12,13,28,32,42,81,82,83,84,85,86,91,199,212,244,280,281,282,283,284,285,286,287,288,289,290,291,292,293,294,295,296,297,298,299,300,301,302,303,304,305,306,307,308,309,310,311,312,313,314,315,316,317,318,319,320,337,338,339,340,376,377,378,379,397,398,402,418,419,420,421,460,488,
341;0;5448;5478;1;0,1,2,8,9,10,11,12,13,28,32,42,81,82,83,84,85,86,91,199,212,244,280,281,282,283,284,285,286,287,288,289,290,291,292,293,294,295,296,297,298,299,300,301,302,303,304,305,306,307,308,309,310,311,312,313,314,315,316,317,318,319,320,337,338,339,340,376,377,378,379,397,398,402,418,419,420,421,460,488,
254;0;5478;5482;1;0,1,2,8,9,10,11,12,13,28,32,42,81,82,83,84,85,86,91,199,212,244,280,281,282,283,284,285,286,287,288,289,290,291,292,293,294,295,296,297,298,299,300,301,302,303,304,305,306,307,308,309,310,311,312,313,314,315,316,317,318,319,320,337,338,339,340,376,377,378,379,397,398,402,418,419,420,421,460,488,
254;1;5482;5512;1;0,1,2,8,9,10,11,12,13,28,32,42,81,82,83,84,85,86,91,199,212,244,280,281,282,283,284,285,286,287,288,289,290,291,292,293,294,295,296,297,298,299,300,301,302,303,304,305,306,307,308,309,310,311,312,313,314,315,316,317,318,319,320,337,338,339,340,376,377,378,379,397,398,402,418,419,420,421,460,488,
353;0;5512;5592;1;0,1,2,8,9,10,11,12,13,28,32,42,81,82,83,84,85,86,91,199,212,244,280,281,282,283,284,285,286,287,288,289,290,291,292,293,294,295,296,297,298,299,300,301,302,303,304,305,306,307,308,309,310,311,312,313,314,315,316,317,318,319,320,337,338,339,340,376,377,378,379,397,398,402,418,419,420,421,460,488,
29;0;5592;5767;0;0,1,2,8,9,10,11,12,13,28,32,42,81,82,83,84,85,86,91,199,212,244,280,281,282,283,284,285,286,287,288,289,290,291,292,293,294,295,296,297,298,299,300,301,302,303,304,305,306,307,308,309,310,311,312,313,314,315,316,317,318,319,320,337,338,339,340,376,377,378,379,397,398,402,418,419,420,421,460,488,
29;1;5767;5927;0;0,1,2,8,9,10,11,12,13,28,32,42,81,82,83,84,85,86,91,199,212,244,280,281,282,283,284,285,286,287,288,289,290,291,292,293,294,295,296,297,298,299,300,301,302,303,304,305,306,307,308,309,310,311,312,313,314,315,316,317,318,319,320,337,338,339,340,376,377,378,379,397,398,402,418,419,420,421,460,488,
212;0;5927;5982;0;0,1,2,8,9,10,11,12,13,28,32,42,81,82,83,84,85,86,91,199,212,244,280,281,282,283,284,285,286,287,288,289,290,291,292,293,294,295,296,297,298,299,300,301,302,303,304,305,306,307,308,309,310,311,312,313,314,315,316,317,318,319,320,337,338,339,340,376,377,378,379,397,398,402,418,419,420,421,460,488,
212;1;5982;6132;0;0,1,2,8,9,10,11,12,13,28,32,42,81,82,83,84,85,86,91,199,212,244,280,281,282,283,284,285,286,287,288,289,290,291,292,293,294,295,296,297,298,299,300,301,302,303,304,305,306,307,308,309,310,311,312,313,314,315,316,317,318,319,320,337,338,339,340,376,377,378,379,397,398,402,418,419,420,421,460,488,
419;0;6132;6157;0;0,1,2,8,9,10,11,12,13,28,32,42,81,82,83,84,85,86,91,199,212,244,280,281,282,283,284,285,286,287,288,289,290,291,292,293,294,295,296,297,298,299,300,301,302,303,304,305,306,307,308,309,310,311,312,313,314,315,316,317,318,319,320,337,338,339,340,376,377,378,379,397,398,402,418,419,420,421,460,488,
419;1;6157;6237;0;0,1,2,8,9,10,11,12,13,28,32,42,81,82,83,84,85,86,91,199,212,244,280,281,282,283,284,285,286,287,288,289,290,291,292,293,294,295,296,297,298,299,300,301,302,303,304,305,306,307,308,309,310,311,312,313,314,315,316,317,318,319,320,337,338,339,340,376,377,378,379,397,398,402,418,419,420,421,460,488,
77;0;6237;6292;1;0,1,2,8,9,10,11,12,13,28,32,42,81,82,83,84,85,86,91,199,212,244,280,281,282,283,284,285,286,287,288,289,290,291,292,293,294,295,296,297,298,299,300,301,302,303,304,305,306,307,308,309,310,311,312,313,314,315,316,317,318,319,320,337,338,339,340,376,377,378,379,397,398,402,418,419,420,421,460,488,
77;1;6292;6379;1;0,1,2,8,9,10,11,12,13,28,32,42,81,82,83,84,85,86,91,199,212,244,280,281,282,283,284,285,286,287,288,289,290,291,292,293,294,295,296,297,298,299,300,301,302,303,304,305,306,307,308,309,310,311,312,313,314,315,316,317,318,319,320,337,338,339,340,376,377,378,379,397,398,402,418,419,420,421,460,488,
132;0;6379;6413;0;0,1,2,8,9,10,11,12,13,28,32,42,81,82,83,84,85,86,91,199,212,244,280,281,282,283,284,285,286,287,288,289,290,291,292,293,294,295,296,297,298,299,300,301,302,303,304,305,306,307,308,309,310,311,312,313,314,315,316,317,318,319,320,337,338,339,340,376,377,378,379,397,398,402,418,419,420,421,460,488,
132;1;6413;6531;0;0,1,2,8,9,10,11,12,13,28,32,42,81,82,83,84,85,86,91,199,212,244,280,281,282,283,284,285,286,287,288,289,290,291,292,293,294,295,296,297,298,299,300,301,302,303,304,305,306,307,308,309,310,311,312,313,314,315,316,317,318,319,320,337,338,339,340,376,377,378,379,397,398,402,418,419,420,421,460,488,
143;0;6531;6545;1;0,1,2,8,9,10,11,12,13,28,32,42,81,82,83,84,85,86,91,199,212,244,280,281,282,283,284,285,286,287,288,289,290,291,292,293,294,295,296,297,298,299,300,301,302,303,304,305,306,307,308,309,310,311,312,313,314,315,316,317,318,319,320,337,338,339,340,376,377,378,379,397,398,402,418,419,420,421,460,488,
156;0;6545;6611;0;0,1,2,8,9,10,11,12,13,28,32,42,81,82,83,84,85,86,91,199,212,244,280,281,282,283,284,285,286,287,288,289,290,291,292,293,294,295,296,297,298,299,300,301,302,303,304,305,306,307,308,309,310,311,312,313,314,315,316,317,318,319,320,337,338,339,340,376,377,378,379,397,398,402,418,419,420,421,460,488,
144;0;6611;6689;1;0,1,2,8,9,10,11,12,13,28,32,42,81,82,83,84,85,86,91,199,212,244,280,281,282,283,284,285,286,287,288,289,290,291,292,293,294,295,296,297,298,299,300,301,302,303,304,305,306,307,308,309,310,311,312,313,314,315,316,317,318,319,320,337,338,339,340,376,377,378,379,397,398,402,418,419,420,421,460,488,
144;1;6689;6798;1;0,1,2,8,9,10,11,12,13,28,32,42,81,82,83,84,85,86,91,199,212,244,280,281,282,283,284,285,286,287,288,289,290,291,292,293,294,295,296,297,298,299,300,301,302,303,304,305,306,307,308,309,310,311,312,313,314,315,316,317,318,319,320,337,338,339,340,376,377,378,379,397,398,402,418,419,420,421,460,488,
306;0;6798;6812;0;0,1,2,8,9,10,11,12,13,28,32,42,81,82,83,84,85,86,91,199,212,244,280,281,282,283,284,285,286,287,288,289,290,291,292,293,294,295,296,297,298,299,300,301,302,303,304,305,306,307,308,309,310,311,312,313,314,315,316,317,318,319,320,337,338,339,340,376,377,378,379,397,398,402,418,419,420,421,460,488,
313;0;6812;6930;1;0,1,2,8,9,10,11,12,13,28,32,42,81,82,83,84,85,86,91,199,212,244,280,281,282,283,284,285,286,287,288,289,290,291,292,293,294,295,296,297,298,299,300,301,302,303,304,305,306,307,308,309,310,311,312,313,314,315,316,317,318,319,320,337,338,339,340,376,377,378,379,397,398,402,418,419,420,421,460,488,
319;0;6930;7024;0;0,1,2,8,9,10,11,12,13,28,32,42,81,82,83,84,85,86,91,199,212,244,280,281,282,283,284,285,286,287,288,289,290,291,292,293,294,295,296,297,298,299,300,301,302,303,304,305,306,307,308,309,310,311,312,313,314,315,316,317,318,319,320,337,338,339,340,376,377,378,379,397,398,402,418,419,420,421,460,488,
319;1;7024;7133;0;0,1,2,8,9,10,11,12,13,28,32,42,81,82,83,84,85,86,91,199,212,244,280,281,282,283,284,285,286,287,288,289,290,291,292,293,294,295,296,297,298,299,300,301,302,303,304,305,306,307,308,309,310,311,312,313,314,315,316,317,318,319,320,337,338,339,340,376,377,378,379,397,398,402,418,419,420,421,460,488,
102;0;7133;7137;0;0,1,2,8,9,10,11,12,13,28,32,42,81,82,83,84,85,86,91,199,212,244,280,281,282,283,284,285,286,287,288,289,290,291,292,293,294,295,296,297,298,299,300,301,302,303,304,305,306,307,308,309,310,311,312,313,314,315,316,317,318,319,320,337,338,339,340,376,377,378,379,397,398,402,418,419,420,421,460,488,
102;1;7137;7288;0;0,1,2,8,9,10,11,12,13,28,32,42,81,82,83,84,85,86,91,199,212,244,280,281,282,283,284,285,286,287,288,289,290,291,292,293,294,295,296,297,298,299,300,301,302,303,304,305,306,307,308,309,310,311,312,313,314,315,316,317,318,319,320,337,338,339,340,376,377,378,379,397,398,402,418,419,420,421,460,488,
110;0;7288;7467;1;0,1,2,8,9,10,11,12,13,28,32,42,81,82,83,84,85,86,91,199,212,244,280,281,282,283,284,285,286,287,288,289,290,291,292,293,294,295,296,297,298,299,300,301,302,303,304,305,306,307,308,309,310,311,312,313,314,315,316,317,318,319,320,337,338,339,340,344,345,346,347,348,376,377,378,379,397,398,421,488,
150;0;7467;7646;1;0,1,2,8,9,10,11,12,13,28,32,42,81,82,83,84,85,86,91,199,212,244,280,281,282,283,284,285,286,287,288,289,290,291,292,293,294,295,296,297,298,299,300,301,302,303,304,305,306,307,308,309,310,311,312,313,314,315,316,317,318,319,320,337,338,339,340,344,345,346,347,348,376,377,378,379,397,398,421,488,
292;0;7646;7676;0;0,1,2,8,9,10,11,12,13,28,32,42,81,82,83,84,85,86,91,199,212,244,280,281,282,283,284,285,286,287,288,289,290,291,292,293,294,295,296,297,298,299,300,301,302,303,304,305,306,307,308,309,310,311,312,313,314,315,316,317,318,319,320,337,338,339,340,344,345,346,347,348,376,377,378,379,397,398,421,488,
292;1;7676;7855;0;0,1,2,8,9,10,11,12,13,28,32,42,81,82,83,84,85,86,91,199,212,244,280,281,282,283,284,285,286,287,288,289,290,291,292,293,294,295,296,297,298,299,300,301,302,303,304,305,306,307,308,309,310,311,312,313,314,315,316,317,318,319,320,337,338,339,340,344,345,346,347,348,376,377,378,379,397,398,421,488,
116;0;7855;7897;0;0,1,2,8,9,10,11,12,13,28,32,42,81,82,83,84,85,86,91,99,199,212,244,280,281,282,283,284,285,286,287,288,289,290,291,292,293,294,295,296,297,298,299,300,301,302,303,304,305,306,307,308,309,310,311,312,313,314,315,316,317,318,319,320,337,338,339,340,344,345,346,347,348,349,350,351,352,376,421,488,
157;0;7897;8055;1;0,1,2,8,9,10,11,12,13,14,28,32,42,81,82,83,84,85,86,91,93,99,104,113,114,115,116,145,199,212,244,263,280,281,282,283,284,285,286,287,288,289,290,291,292,293,294,295,296,297,298,299,300,301,302,303,304,305,306,349,350,351,352,399,400,401,414,421,488,535,536,537,538,602,603,604,605,606,607,608,
157;1;8055;8091;1;0,1,2,8,9,10,11,12,13,14,28,32,42,81,82,83,84,85,86,91,93,99,104,113,114,115,116,145,199,212,244,263,280,281,282,283,284,285,286,287,288,289,290,291,292,293,294,295,296,297,298,299,300,301,302,303,304,305,306,349,350,351,352,399,400,401,414,421,488,535,536,537,538,602,603,604,605,606,607,608,
175;0;8091;8133;0;0,1,2,8,9,10,11,12,13,14,28,32,42,81,82,83,84,85,86,91,93,99,104,113,114,115,116,145,199,212,244,263,280,281,282,283,284,285,286,287,288,289,290,291,292,293,294,295,296,297,298,299,300,301,302,303,304,305,306,349,350,351,352,399,400,401,414,421,488,535,536,537,538,602,603,604,605,606,607,608,
181;0;8133;8197;1;0,1,2,8,9,10,11,12,13,14,28,32,42,81,82,83,84,85,86,91,93,99,104,113,114,115,116,145,199,212,244,263,280,281,282,283,284,285,286,287,288,289,290,291,292,293,294,295,296,297,298,299,300,301,302,303,304,305,306,349,350,351,352,399,400,401,414,421,488,535,536,537,538,602,603,604,605,606,607,608,
390;0;8197;8261;1;0,1,2,8,9,10,11,12,13,14,28,32,42,81,82,83,84,85,86,91,93,99,104,113,114,115,116,145,199,212,244,263,280,281,282,283,284,285,286,287,288,289,290,291,292,293,294,295,296,297,298,299,300,301,302,303,304,305,306,349,350,351,352,399,400,401,414,421,488,535,536,537,538,602,603,604,605,606,607,608,
327;0;8261;8295;1;0,1,2,8,9,10,11,12,13,14,28,32,42,81,82,83,84,85,86,91,93,99,104,113,114,115,116,145,199,212,244,263,280,281,282,283,284,285,286,287,288,289,290,291,292,293,294,295,296,297,298,299,300,301,302,303,304,305,306,349,350,351,352,399,400,401,414,421,488,535,536,537,538,602,603,604,605,606,607,608,
327;1;8295;8443;1;0,1,2,8,9,10,11,12,13,14,28,32,42,81,82,83,84,85,86,91,93,99,104,113,114,115,116,145,199,212,244,263,280,281,282,283,284,285,286,287,288,289,290,291,292,293,294,295,296,297,298,299,300,301,302,303,304,305,306,349,350,351,352,399,400,401,414,421,488,535,536,537,538,602,603,604,605,606,607,608,
418;0;8443;8591;0;0,1,2,8,9,10,11,12,13,14,28,32,42,81,82,83,84,85,86,91,93,99,104,113,114,115,116,145,199,212,244,263,280,281,282,283,284,285,286,287,288,289,290,291,292,293,294,295,296,297,298,299,300,301,302,303,304,305,306,349,350,351,352,399,400,401,414,421,488,535,536,537,538,602,603,604,605,606,607,608,
403;0;8591;8613;1;0,1,2,8,9,10,11,12,13,14,28,32,42,81,82,83,84,85,86,91,93,99,104,113,114,115,116,145,199,212,244,263,280,281,282,283,284,285,286,287,288,289,290,291,292,293,294,295,296,297,298,299,300,301,302,303,304,305,306,349,350,351,352,399,400,401,414,421,488,535,536,537,538,602,603,604,605,606,607,608,
342;0;8640;8721;0;0,1,2,8,9,10,11,12,13,14,28,32,42,81,82,83,84,85,86,91,93,99,104,113,114,115,116,145,199,212,244,263,280,281,282,283,284,285,286,287,288,289,290,291,292,293,294,295,296,297,298,299,300,301,302,303,304,305,306,349,350,351,352,399,400,401,414,421,488,535,536,537,538,539,540,541,542,602,603,604,
342;1;8721;8774;0;0,1,2,8,9,10,11,12,13,14,28,32,42,81,82,83,84,85,86,91,93,99,104,113,114,115,116,145,199,212,244,263,280,281,282,283,284,285,286,287,288,289,290,291,292,293,294,295,296,297,298,299,300,301,302,303,304,305,306,349,350,351,352,399,400,401,414,421,488,535,536,537,538,539,540,541,542,602,603,604,
355;0;8774;8827;0;0,1,2,8,9,10,11,12,13,14,28,32,42,81,82,83,84,85,86,91,93,99,104,113,114,115,116,145,199,212,244,263,280,281,282,283,284,285,286,287,288,289,290,291,292,293,294,295,296,297,298,299,300,301,302,303,304,305,306,349,350,351,352,399,400,401,414,421,488,535,536,537,538,539,540,541,542,602,603,604,
442;0;8827;8964;0;0,1,2,8,9,10,11,12,13,14,28,32,42,81,82,83,84,85,86,91,93,99,104,113,114,115,116,145,199,212,244,263,280,281,282,283,284,285,286,287,288,289,290,291,292,293,294,295,296,297,298,299,300,301,302,303,304,305,306,349,350,351,352,399,400,401,414,421,488,535,536,537,538,539,540,541,542,602,603,604,
442;1;8964;9017;0;0,1,2,8,9,10,11,12,13,14,28,32,42,81,82,83,84,85,86,91,93,99,104,113,114,115,116,145,199,212,244,263,280,281,282,283,284,285,286,287,288,289,290,291,292,293,294,295,296,297,298,299,300,301,302,303,304,305,306,349,350,351,352,399,400,401,414,421,488,535,536,537,538,539,540,541,542,602,603,604,
383;0;9017;9128;1;0,1,2,8,9,10,11,12,13,14,28,32,42,81,82,83,84,85,86,91,93,99,104,113,114,115,116,145,199,212,244,263,280,281,282,283,284,285,286,287,288,289,290,291,292,293,294,295,296,297,298,299,300,301,302,303,304,305,306,349,350,351,352,399,400,401,414,421,488,535,536,537,538,539,540,541,542,602,603,604,
267;0;9128;9266;1;0,1,2,8,9,10,11,12,13,14,28,32,42,81,82,83,84,85,86,91,93,99,104,113,114,115,116,244,421,462,463,464,465,466,467,468,469,470,471,472,473,474,475,476,477,478,479,480,481,482,483,484,485,486,487,488,489,490,491,492,493,494,495,496,497,498,499,500,501,502,503,504,505,506,507,508,509,510,511,512,
267;1;9266;9291;1;0,1,2,8,9,10,11,12,13,14,28,32,42,81,82,83,84,85,86,91,93,99,104,113,114,115,116,244,421,462,463,464,465,466,467,468,469,470,471,472,473,474,475,476,477,478,479,480,481,482,483,484,485,486,487,488,489,490,491,492,493,494,495,496,497,498,499,500,501,502,503,504,505,506,507,508,509,510,511,512,
448;0;9291;9366;0;0,1,2,8,9,10,11,12,13,14,28,32,42,81,82,83,84,85,86,91,93,99,104,113,114,115,116,210,244,266,421,462,463,464,465,466,467,468,469,470,471,472,473,474,475,476,477,478,479,480,481,482,483,484,485,486,487,488,489,490,491,492,493,494,495,496,497,498,499,500,501,502,503,504,505,506,507,508,512,628,
END
fineshedJobsCount: 629
switchs: 433
switchsInstances: 23
unfineshedPriorityCount: 0
totalUnfineshed: 0
criticalMachineSwitchs: 120
criticalMachineTime: 9899
Final Solution: 18207
Time: 111942
