./input/BaseInstances/6M2_n=339,r=0.4,t=339,v0.txt;./input/Processed/ToolSetInt.csv
7;720;1440
Machine: 0
235;0;0;45;0;0,1,5,6,7,10,11,16,17,18,19,23,32,47,48,49,50,51,52,53,56,70,80,81,82,83,84,85,86,87,90,91,95,123,125,126,127,128,129,130,131,132,133,134,135,136,137,144,167,168,169,170,171,172,173,196,200,215,221,228,279,294,300,301,302,303,304,305,306,307,308,309,310,311,312,313,335,336,337,338,
204;0;45;201;1;0,1,5,6,7,10,11,16,17,18,19,23,32,47,48,49,50,51,52,53,56,70,80,81,82,83,84,85,86,87,90,91,95,123,125,126,127,128,129,130,131,132,133,134,135,136,137,144,167,168,169,170,171,172,173,196,200,215,221,228,279,294,300,301,302,303,304,305,306,307,308,309,310,311,312,313,335,336,337,338,
204;1;201;280;1;0,1,5,6,7,10,11,16,17,18,19,23,32,47,48,49,50,51,52,53,56,70,80,81,82,83,84,85,86,87,90,91,95,123,125,126,127,128,129,130,131,132,133,134,135,136,137,144,167,168,169,170,171,172,173,196,200,215,221,228,279,294,300,301,302,303,304,305,306,307,308,309,310,311,312,313,335,336,337,338,
230;0;280;385;1;0,1,5,6,7,10,11,16,17,18,19,23,32,47,48,49,50,51,52,53,56,70,80,81,82,83,84,85,86,87,90,91,95,123,125,126,127,128,129,130,131,132,133,134,135,136,137,144,167,168,169,170,171,172,173,196,200,215,221,228,279,294,300,301,302,303,304,305,306,307,308,309,310,311,312,313,335,336,337,338,
106;0;385;465;0;0,1,5,6,7,10,11,16,17,18,19,23,32,47,48,49,50,51,52,53,56,70,80,81,82,83,84,85,86,87,90,91,95,123,125,126,127,128,129,130,131,132,133,134,135,136,137,144,167,168,169,170,171,172,173,196,200,215,221,228,279,294,300,301,302,303,304,305,306,307,308,309,310,311,312,313,335,336,337,338,
238;0;465;612;0;0,1,5,6,7,10,11,16,17,18,19,23,32,47,48,49,50,51,52,53,56,70,80,81,82,83,84,85,86,87,90,91,95,123,125,126,127,128,129,130,131,132,133,134,135,136,137,144,167,168,169,170,171,172,173,196,200,215,221,228,279,294,300,301,302,303,304,305,306,307,308,309,310,311,312,313,335,336,337,338,
12;0;612;762;0;0,1,5,6,7,10,11,16,17,18,19,23,32,47,48,49,50,51,52,53,56,70,80,81,82,83,84,85,86,87,90,91,95,123,125,126,127,128,129,130,131,132,133,134,135,136,137,144,167,168,169,170,171,172,173,196,200,215,221,228,279,294,300,301,302,303,304,305,306,307,308,309,310,311,312,313,335,336,337,338,
12;1;762;815;0;0,1,5,6,7,10,11,16,17,18,19,23,32,47,48,49,50,51,52,53,56,70,80,81,82,83,84,85,86,87,90,91,95,123,125,126,127,128,129,130,131,132,133,134,135,136,137,144,167,168,169,170,171,172,173,196,200,215,221,228,279,294,300,301,302,303,304,305,306,307,308,309,310,311,312,313,335,336,337,338,
57;0;815;974;1;0,1,5,6,7,10,11,16,17,18,19,23,32,47,48,49,50,51,52,53,56,70,80,81,82,83,84,85,86,87,90,91,95,123,125,126,127,128,129,130,131,132,133,134,135,136,137,144,167,168,169,170,171,172,173,196,200,215,221,228,279,294,300,301,302,303,304,305,306,307,308,309,310,311,312,313,335,336,337,338,
57;1;974;1022;1;0,1,5,6,7,10,11,16,17,18,19,23,32,47,48,49,50,51,52,53,56,70,80,81,82,83,84,85,86,87,90,91,95,123,125,126,127,128,129,130,131,132,133,134,135,136,137,144,167,168,169,170,171,172,173,196,200,215,221,228,279,294,300,301,302,303,304,305,306,307,308,309,310,311,312,313,335,336,337,338,
28;0;1022;1197;0;0,1,5,6,7,10,11,16,17,18,19,23,32,47,48,49,50,51,52,53,56,70,80,81,82,83,84,85,86,87,90,91,95,123,125,126,127,128,129,130,131,132,133,134,135,136,137,144,167,168,169,170,171,172,173,196,200,215,221,228,279,294,300,301,302,303,304,305,306,307,308,309,310,311,312,313,335,336,337,338,
146;0;1197;1248;0;0,1,5,6,7,10,11,16,17,18,19,23,32,47,48,49,50,51,52,53,56,70,80,81,82,83,84,85,86,87,90,91,95,123,125,126,127,128,129,130,131,132,133,134,135,136,137,144,167,168,169,170,171,172,173,196,200,215,221,228,279,294,300,301,302,303,304,305,306,307,308,309,310,311,312,313,335,336,337,338,
182;0;1248;1256;0;0,1,5,6,7,10,11,16,17,18,19,23,32,47,48,49,50,51,52,53,56,70,80,81,82,83,84,85,86,87,90,91,95,123,125,126,127,128,129,130,131,132,133,134,135,136,137,144,167,168,169,170,171,172,173,196,200,215,221,228,279,294,300,301,302,303,304,305,306,307,308,309,310,311,312,313,335,336,337,338,
182;1;1256;1266;0;0,1,5,6,7,10,11,16,17,18,19,23,32,47,48,49,50,51,52,53,56,70,80,81,82,83,84,85,86,87,90,91,95,123,125,126,127,128,129,130,131,132,133,134,135,136,137,144,167,168,169,170,171,172,173,196,200,215,221,228,279,294,300,301,302,303,304,305,306,307,308,309,310,311,312,313,335,336,337,338,
87;0;1266;1441;1;0,1,5,6,7,10,11,16,17,18,19,23,32,47,48,49,50,51,52,53,56,70,80,81,82,83,84,85,86,87,90,91,95,123,125,126,127,128,129,130,131,132,133,134,135,136,137,144,167,168,169,170,171,172,173,196,200,215,221,228,279,294,300,301,302,303,304,305,306,307,308,309,310,311,312,313,335,336,337,338,
87;1;1441;1546;1;0,1,5,6,7,10,11,16,17,18,19,23,32,47,48,49,50,51,52,53,56,70,80,81,82,83,84,85,86,87,90,91,95,123,125,126,127,128,129,130,131,132,133,134,135,136,137,144,167,168,169,170,171,172,173,196,200,215,221,228,279,294,300,301,302,303,304,305,306,307,308,309,310,311,312,313,335,336,337,338,
118;0;1546;1642;0;0,1,5,6,7,10,11,16,17,18,19,23,32,47,48,49,50,51,52,53,56,70,80,81,82,83,84,85,86,87,90,91,95,123,125,126,127,128,129,130,131,132,133,134,135,136,137,144,167,168,169,170,171,172,173,196,200,215,221,228,279,294,300,301,302,303,304,305,306,307,308,309,310,311,312,313,335,336,337,338,
199;0;1642;1694;0;0,1,5,6,7,10,11,16,17,18,19,23,32,47,48,49,50,51,52,53,56,70,80,81,82,83,84,85,86,87,90,91,95,123,125,126,127,128,129,130,131,132,133,134,135,136,137,144,167,168,169,170,171,172,173,196,200,215,221,228,279,294,300,301,302,303,304,305,306,307,308,309,310,311,312,313,335,336,337,338,
199;1;1694;1871;0;0,1,5,6,7,10,11,16,17,18,19,23,32,47,48,49,50,51,52,53,56,70,80,81,82,83,84,85,86,87,90,91,95,123,125,126,127,128,129,130,131,132,133,134,135,136,137,144,167,168,169,170,171,172,173,196,200,215,221,228,279,294,300,301,302,303,304,305,306,307,308,309,310,311,312,313,335,336,337,338,
217;0;1871;1981;1;0,1,5,6,7,10,11,16,17,18,19,23,32,47,48,49,50,51,52,53,56,70,80,81,82,83,84,85,86,87,90,91,95,123,125,126,127,128,129,130,131,132,133,134,135,136,137,144,167,168,169,170,171,172,173,196,200,215,221,228,279,294,300,301,302,303,304,305,306,307,308,309,310,311,312,313,335,336,337,338,
217;1;1981;2137;1;0,1,5,6,7,10,11,16,17,18,19,23,32,47,48,49,50,51,52,53,56,70,80,81,82,83,84,85,86,87,90,91,95,123,125,126,127,128,129,130,131,132,133,134,135,136,137,144,167,168,169,170,171,172,173,196,200,215,221,228,279,294,300,301,302,303,304,305,306,307,308,309,310,311,312,313,335,336,337,338,
179;0;2137;2313;0;0,1,5,6,7,10,11,16,17,18,19,23,32,47,48,49,50,51,52,53,56,70,80,81,82,83,84,85,86,87,90,91,95,123,125,126,127,128,129,130,131,132,133,134,135,136,137,144,167,168,169,170,171,172,173,196,200,215,221,228,279,294,300,301,302,303,304,305,306,307,308,309,310,311,312,313,335,336,337,338,
179;1;2313;2324;0;0,1,5,6,7,10,11,16,17,18,19,23,32,47,48,49,50,51,52,53,56,70,80,81,82,83,84,85,86,87,90,91,95,123,125,126,127,128,129,130,131,132,133,134,135,136,137,144,167,168,169,170,171,172,173,196,200,215,221,228,279,294,300,301,302,303,304,305,306,307,308,309,310,311,312,313,335,336,337,338,
129;0;2324;2422;0;0,1,5,6,7,10,11,16,17,18,19,23,32,47,48,49,50,51,52,53,56,70,80,81,82,83,84,85,86,87,90,91,95,123,125,126,127,128,129,130,131,132,133,134,135,136,137,144,167,168,169,170,171,172,173,196,200,215,221,228,279,294,300,301,302,303,304,305,306,307,308,309,310,311,312,313,335,336,337,338,
129;1;2422;2478;0;0,1,5,6,7,10,11,16,17,18,19,23,32,47,48,49,50,51,52,53,56,70,80,81,82,83,84,85,86,87,90,91,95,123,125,126,127,128,129,130,131,132,133,134,135,136,137,144,167,168,169,170,171,172,173,196,200,215,221,228,279,294,300,301,302,303,304,305,306,307,308,309,310,311,312,313,335,336,337,338,
197;0;2478;2648;1;0,1,5,6,7,10,11,16,17,18,19,23,32,47,48,49,50,51,52,53,56,70,80,81,82,83,84,85,86,87,90,91,95,123,125,126,127,128,129,130,131,132,133,134,135,136,137,144,167,168,169,170,171,172,173,196,200,215,221,228,279,294,300,301,302,303,304,305,306,307,308,309,310,311,312,313,335,336,337,338,
197;1;2648;2666;1;0,1,5,6,7,10,11,16,17,18,19,23,32,47,48,49,50,51,52,53,56,70,80,81,82,83,84,85,86,87,90,91,95,123,125,126,127,128,129,130,131,132,133,134,135,136,137,144,167,168,169,170,171,172,173,196,200,215,221,228,279,294,300,301,302,303,304,305,306,307,308,309,310,311,312,313,335,336,337,338,
71;0;2666;2781;1;0,1,5,6,7,10,11,16,17,18,19,23,32,47,48,49,50,51,52,53,56,70,80,81,82,83,84,85,86,87,90,91,95,123,125,126,127,128,129,130,131,132,133,134,135,136,137,144,167,168,169,170,171,172,173,196,200,215,221,228,279,294,300,301,302,303,304,305,306,307,308,309,310,311,312,313,335,336,337,338,
11;0;2781;2847;1;0,1,5,6,7,10,11,16,17,18,19,23,32,47,48,49,50,51,52,53,56,70,80,81,82,83,84,85,86,87,90,91,95,123,125,126,127,128,129,130,131,132,133,134,135,136,137,144,167,168,169,170,171,172,173,196,200,215,221,228,279,294,300,301,302,303,304,305,306,307,308,309,310,311,312,313,335,336,337,338,
130;0;2847;2984;1;0,1,5,6,7,10,11,16,17,18,19,23,32,47,48,49,50,51,52,53,56,70,80,81,82,83,84,85,86,87,90,91,95,123,125,126,127,128,129,130,131,132,133,134,135,136,137,144,167,168,169,170,171,172,173,196,200,215,221,228,279,294,300,301,302,303,304,305,306,307,308,309,310,311,312,313,335,336,337,338,
76;0;2984;2994;0;0,1,5,6,7,10,11,16,17,18,19,23,32,47,48,49,50,51,52,53,56,70,80,81,82,83,84,85,86,87,90,91,95,123,125,126,127,128,129,130,131,132,133,134,135,136,137,144,167,168,169,170,171,172,173,196,200,215,221,228,279,294,300,301,302,303,304,305,306,307,308,309,310,311,312,313,335,336,337,338,
4;0;2994;3142;1;0,1,5,6,7,10,11,16,17,18,19,23,32,47,48,49,50,51,52,53,56,70,80,81,82,83,84,85,86,87,90,91,95,123,125,126,127,128,129,130,131,132,133,134,135,136,137,144,167,168,169,170,171,172,173,196,200,215,221,228,279,294,300,301,302,303,304,305,306,307,308,309,310,311,312,313,335,336,337,338,
4;1;3142;3239;1;0,1,5,6,7,10,11,16,17,18,19,23,32,47,48,49,50,51,52,53,56,70,80,81,82,83,84,85,86,87,90,91,95,123,125,126,127,128,129,130,131,132,133,134,135,136,137,144,167,168,169,170,171,172,173,196,200,215,221,228,279,294,300,301,302,303,304,305,306,307,308,309,310,311,312,313,335,336,337,338,
79;0;3239;3316;0;0,1,5,6,7,10,11,16,17,18,19,23,32,47,48,49,50,51,52,53,56,70,80,81,82,83,84,85,86,87,90,91,95,123,125,126,127,128,129,130,131,132,133,134,135,136,137,144,167,168,169,170,171,172,173,196,200,215,221,228,279,294,300,301,302,303,304,305,306,307,308,309,310,311,312,313,335,336,337,338,
79;1;3316;3453;0;0,1,5,6,7,10,11,16,17,18,19,23,32,47,48,49,50,51,52,53,56,70,80,81,82,83,84,85,86,87,90,91,95,123,125,126,127,128,129,130,131,132,133,134,135,136,137,144,167,168,169,170,171,172,173,196,200,215,221,228,279,294,300,301,302,303,304,305,306,307,308,309,310,311,312,313,335,336,337,338,
207;0;3453;3618;1;0,1,5,6,7,10,11,16,17,18,19,23,32,47,48,49,50,51,52,53,56,70,80,81,82,83,84,85,86,87,90,91,95,123,125,126,127,128,129,130,131,132,133,134,135,136,137,144,167,168,169,170,171,172,173,196,200,215,221,228,279,294,300,301,302,303,304,305,306,307,308,309,310,311,312,313,335,336,337,338,
207;1;3618;3763;1;0,1,5,6,7,10,11,16,17,18,19,23,32,47,48,49,50,51,52,53,56,70,80,81,82,83,84,85,86,87,90,91,95,123,125,126,127,128,129,130,131,132,133,134,135,136,137,144,167,168,169,170,171,172,173,196,200,215,221,228,279,294,300,301,302,303,304,305,306,307,308,309,310,311,312,313,335,336,337,338,
84;0;3763;3832;1;0,1,5,6,7,10,11,16,17,18,19,23,32,47,48,49,50,51,52,53,56,70,80,81,82,83,84,85,86,87,90,91,95,123,125,126,127,128,129,130,131,132,133,134,135,136,137,144,167,168,169,170,171,172,173,196,200,215,221,228,279,294,300,301,302,303,304,305,306,307,308,309,310,311,312,313,335,336,337,338,
84;1;3832;3908;1;0,1,5,6,7,10,11,16,17,18,19,23,32,47,48,49,50,51,52,53,56,70,80,81,82,83,84,85,86,87,90,91,95,123,125,126,127,128,129,130,131,132,133,134,135,136,137,144,167,168,169,170,171,172,173,196,200,215,221,228,279,294,300,301,302,303,304,305,306,307,308,309,310,311,312,313,335,336,337,338,
112;0;3908;3949;0;0,1,5,6,7,10,11,16,17,18,19,23,32,47,48,49,50,51,52,53,56,70,80,81,82,83,84,85,86,87,90,91,95,123,125,126,127,128,129,130,131,132,133,134,135,136,137,144,167,168,169,170,171,172,173,196,200,215,221,228,279,294,300,301,302,303,304,305,306,307,308,309,310,311,312,313,335,336,337,338,
112;1;3949;4105;0;0,1,5,6,7,10,11,16,17,18,19,23,32,47,48,49,50,51,52,53,56,70,80,81,82,83,84,85,86,87,90,91,95,123,125,126,127,128,129,130,131,132,133,134,135,136,137,144,167,168,169,170,171,172,173,196,200,215,221,228,279,294,300,301,302,303,304,305,306,307,308,309,310,311,312,313,335,336,337,338,
220;0;4105;4127;1;0,1,5,6,7,10,11,16,17,18,19,23,32,47,48,49,50,51,52,53,56,70,80,81,82,83,84,85,86,87,90,91,95,123,125,126,127,128,129,130,131,132,133,134,135,136,137,144,167,168,169,170,171,172,173,196,200,215,221,228,279,294,300,301,302,303,304,305,306,307,308,309,310,311,312,313,335,336,337,338,
172;0;4127;4253;0;0,1,5,6,7,10,11,16,17,18,19,23,32,47,48,49,50,51,52,53,56,70,80,81,82,83,84,85,86,87,90,91,95,123,125,126,127,128,129,130,131,132,133,134,135,136,137,144,167,168,169,170,171,172,173,196,200,215,221,228,279,294,300,301,302,303,304,305,306,307,308,309,310,311,312,313,335,336,337,338,
172;1;4253;4403;0;0,1,5,6,7,10,11,16,17,18,19,23,32,47,48,49,50,51,52,53,56,70,80,81,82,83,84,85,86,87,90,91,95,123,125,126,127,128,129,130,131,132,133,134,135,136,137,144,167,168,169,170,171,172,173,196,200,215,221,228,279,294,300,301,302,303,304,305,306,307,308,309,310,311,312,313,335,336,337,338,
221;0;4403;4448;1;0,1,5,6,7,10,11,16,17,18,19,23,32,47,48,49,50,51,52,53,56,70,80,81,82,83,84,85,86,87,90,91,95,123,125,126,127,128,129,130,131,132,133,134,135,136,137,144,167,168,169,170,171,172,173,196,200,215,221,228,279,294,300,301,302,303,304,305,306,307,308,309,310,311,312,313,335,336,337,338,
99;0;4448;4480;0;0,1,5,6,7,10,11,16,17,18,19,23,32,47,48,49,50,51,52,53,56,70,80,81,82,83,84,85,86,87,90,91,95,123,125,126,127,128,129,130,131,132,133,134,135,136,137,144,167,168,169,170,171,172,173,196,200,215,221,228,279,294,300,301,302,303,304,305,306,307,308,309,310,311,312,313,335,336,337,338,
99;1;4480;4525;0;0,1,5,6,7,10,11,16,17,18,19,23,32,47,48,49,50,51,52,53,56,70,80,81,82,83,84,85,86,87,90,91,95,123,125,126,127,128,129,130,131,132,133,134,135,136,137,144,167,168,169,170,171,172,173,196,200,215,221,228,279,294,300,301,302,303,304,305,306,307,308,309,310,311,312,313,335,336,337,338,
29;0;4525;4594;0;0,1,5,6,7,10,11,16,17,18,19,23,32,47,48,49,50,51,52,53,56,70,80,81,82,83,84,85,86,87,90,91,95,123,125,126,127,128,129,130,131,132,133,134,135,136,137,144,167,168,169,170,171,172,173,196,200,215,221,228,279,294,300,301,302,303,304,305,306,307,308,309,310,311,312,313,335,336,337,338,
29;1;4594;4754;0;0,1,5,6,7,10,11,16,17,18,19,23,32,47,48,49,50,51,52,53,56,70,80,81,82,83,84,85,86,87,90,91,95,123,125,126,127,128,129,130,131,132,133,134,135,136,137,144,167,168,169,170,171,172,173,196,200,215,221,228,279,294,300,301,302,303,304,305,306,307,308,309,310,311,312,313,335,336,337,338,
225;0;4754;4887;0;0,1,5,6,7,10,11,16,17,18,19,23,32,47,48,49,50,51,52,53,56,70,80,81,82,83,84,85,86,87,90,91,95,123,125,126,127,128,129,130,131,132,133,134,135,136,137,144,167,168,169,170,171,172,173,196,200,215,221,228,279,294,300,301,302,303,304,305,306,307,308,309,310,311,312,313,335,336,337,338,
228;0;4887;4905;0;0,1,5,6,7,10,11,16,17,18,19,23,32,47,48,49,50,51,52,53,56,70,80,81,82,83,84,85,86,87,90,91,95,123,125,126,127,128,129,130,131,132,133,134,135,136,137,144,167,168,169,170,171,172,173,196,200,215,221,228,279,294,300,301,302,303,304,305,306,307,308,309,310,311,312,313,335,336,337,338,
70;0;4905;4981;1;0,1,5,6,7,10,11,16,17,18,19,23,32,47,48,49,50,51,52,53,56,70,80,81,82,83,84,85,86,87,90,91,95,123,125,126,127,128,129,130,131,132,133,134,135,136,137,144,167,168,169,170,171,172,173,196,200,215,221,228,279,294,300,301,302,303,304,305,306,307,308,309,310,311,312,313,335,336,337,338,
2;0;4981;5095;0;0,1,5,6,7,10,11,16,17,18,19,23,32,47,48,49,50,51,52,53,56,70,80,81,82,83,84,85,86,87,90,91,95,123,125,126,127,128,129,130,131,132,133,134,135,136,137,144,167,168,169,170,171,172,173,196,200,215,221,228,279,294,300,301,302,303,304,305,306,307,308,309,310,311,312,313,335,336,337,338,
2;1;5095;5142;0;0,1,5,6,7,10,11,16,17,18,19,23,32,47,48,49,50,51,52,53,56,70,80,81,82,83,84,85,86,87,90,91,95,123,125,126,127,128,129,130,131,132,133,134,135,136,137,144,167,168,169,170,171,172,173,196,200,215,221,228,279,294,300,301,302,303,304,305,306,307,308,309,310,311,312,313,335,336,337,338,
45;0;5142;5211;0;0,1,5,6,7,10,11,16,17,18,19,23,32,47,48,49,50,51,52,53,56,70,80,81,82,83,84,85,86,87,90,91,95,123,125,126,127,128,129,130,131,132,133,134,135,136,137,144,167,168,169,170,171,172,173,196,200,215,221,228,279,294,300,301,302,303,304,305,306,307,308,309,310,311,312,313,335,336,337,338,
73;0;5211;5280;1;0,1,5,6,7,10,11,16,17,18,19,23,32,47,48,49,50,51,52,53,56,70,80,81,82,83,84,85,86,87,90,91,95,123,125,126,127,128,129,130,131,132,133,134,135,136,137,144,167,168,169,170,171,172,173,196,200,215,221,228,279,294,300,301,302,303,304,305,306,307,308,309,310,311,312,313,335,336,337,338,
43;0;5280;5356;1;0,1,5,6,7,10,11,16,17,18,19,23,32,47,48,49,50,51,52,53,56,70,80,81,82,83,84,85,86,87,90,91,95,123,125,126,127,128,129,130,131,132,133,134,135,136,137,144,167,168,169,170,171,172,173,196,200,215,221,228,279,294,300,301,302,303,304,305,306,307,308,309,310,311,312,313,335,336,337,338,
47;0;5356;5497;1;0,1,5,6,7,10,11,16,17,18,19,23,32,47,48,49,50,51,52,53,56,70,80,81,82,83,84,85,86,87,90,91,95,123,125,126,127,128,129,130,131,132,133,134,135,136,137,144,167,168,169,170,171,172,173,196,200,215,221,228,279,294,300,301,302,303,304,305,306,307,308,309,310,311,312,313,335,336,337,338,
47;1;5497;5593;1;0,1,5,6,7,10,11,16,17,18,19,23,32,47,48,49,50,51,52,53,56,70,80,81,82,83,84,85,86,87,90,91,95,123,125,126,127,128,129,130,131,132,133,134,135,136,137,144,167,168,169,170,171,172,173,196,200,215,221,228,279,294,300,301,302,303,304,305,306,307,308,309,310,311,312,313,335,336,337,338,
211;0;5593;5637;1;0,1,5,6,7,10,11,16,17,18,19,23,32,47,48,49,50,51,52,53,56,70,80,81,82,83,84,85,86,87,90,91,95,123,125,126,127,128,129,130,131,132,133,134,135,136,137,144,167,168,169,170,171,172,173,196,200,215,221,228,279,294,300,301,302,303,304,305,306,307,308,309,310,311,312,313,335,336,337,338,
44;0;5637;5718;1;0,1,5,6,7,10,11,16,17,18,19,23,32,47,48,49,50,51,52,53,56,70,80,81,82,83,84,85,86,87,90,91,95,123,125,126,127,128,129,130,131,132,133,134,135,136,137,144,167,168,169,170,171,172,173,196,200,215,221,228,279,294,300,301,302,303,304,305,306,307,308,309,310,311,312,313,335,336,337,338,
44;1;5718;5874;1;0,1,5,6,7,10,11,16,17,18,19,23,32,47,48,49,50,51,52,53,56,70,80,81,82,83,84,85,86,87,90,91,95,123,125,126,127,128,129,130,131,132,133,134,135,136,137,144,167,168,169,170,171,172,173,196,200,215,221,228,279,294,300,301,302,303,304,305,306,307,308,309,310,311,312,313,335,336,337,338,
Machine: 1
122;0;0;73;0;0,1,2,5,6,7,8,9,10,11,12,20,21,22,23,25,61,63,64,65,66,67,77,78,79,80,81,82,83,84,85,86,87,88,89,90,91,92,93,94,95,96,97,98,99,100,101,102,103,104,105,106,107,108,109,110,111,112,113,114,115,116,117,118,119,120,121,135,192,249,260,261,262,263,264,274,295,296,297,298,
122;1;73;151;0;0,1,2,5,6,7,8,9,10,11,12,20,21,22,23,25,61,63,64,65,66,67,77,78,79,80,81,82,83,84,85,86,87,88,89,90,91,92,93,94,95,96,97,98,99,100,101,102,103,104,105,106,107,108,109,110,111,112,113,114,115,116,117,118,119,120,121,135,192,249,260,261,262,263,264,274,295,296,297,298,
215;0;151;295;0;0,1,2,5,6,7,8,9,10,11,12,20,21,22,23,25,61,63,64,65,66,67,77,78,79,80,81,82,83,84,85,86,87,88,89,90,91,92,93,94,95,96,97,98,99,100,101,102,103,104,105,106,107,108,109,110,111,112,113,114,115,116,117,118,119,120,121,135,192,249,260,261,262,263,264,274,295,296,297,298,
202;0;295;432;0;0,1,2,5,6,7,8,9,10,11,12,20,21,22,23,25,61,63,64,65,66,67,77,78,79,80,81,82,83,84,85,86,87,88,89,90,91,92,93,94,95,96,97,98,99,100,101,102,103,104,105,106,107,108,109,110,111,112,113,114,115,116,117,118,119,120,121,135,192,249,260,261,262,263,264,274,295,296,297,298,
202;1;432;518;0;0,1,2,5,6,7,8,9,10,11,12,20,21,22,23,25,61,63,64,65,66,67,77,78,79,80,81,82,83,84,85,86,87,88,89,90,91,92,93,94,95,96,97,98,99,100,101,102,103,104,105,106,107,108,109,110,111,112,113,114,115,116,117,118,119,120,121,135,192,249,260,261,262,263,264,274,295,296,297,298,
156;0;518;584;0;0,1,2,5,6,7,8,9,10,11,12,20,21,22,23,25,61,63,64,65,66,67,77,78,79,80,81,82,83,84,85,86,87,88,89,90,91,92,93,94,95,96,97,98,99,100,101,102,103,104,105,106,107,108,109,110,111,112,113,114,115,116,117,118,119,120,121,135,192,249,260,261,262,263,264,274,295,296,297,298,
91;0;584;757;1;0,1,2,5,6,7,8,9,10,11,12,20,21,22,23,25,61,63,64,65,66,67,77,78,79,80,81,82,83,84,85,86,87,88,89,90,91,92,93,94,95,96,97,98,99,100,101,102,103,104,105,106,107,108,109,110,111,112,113,114,115,116,117,118,119,120,121,135,192,249,260,261,262,263,264,274,295,296,297,298,
201;0;757;791;1;0,1,2,5,6,7,8,9,10,11,12,20,21,22,23,25,61,63,64,65,66,67,77,78,79,80,81,82,83,84,85,86,87,88,89,90,91,92,93,94,95,96,97,98,99,100,101,102,103,104,105,106,107,108,109,110,111,112,113,114,115,116,117,118,119,120,121,135,192,249,260,261,262,263,264,274,295,296,297,298,
120;0;791;859;1;0,1,2,5,6,7,8,9,10,11,12,20,21,22,23,25,61,63,64,65,66,67,77,78,79,80,81,82,83,84,85,86,87,88,89,90,91,92,93,94,95,96,97,98,99,100,101,102,103,104,105,106,107,108,109,110,111,112,113,114,115,116,117,118,119,120,121,135,192,249,260,261,262,263,264,274,295,296,297,298,
21;0;859;893;1;0,1,2,5,6,7,8,9,10,11,12,20,21,22,23,25,61,63,64,65,66,67,77,78,79,80,81,82,83,84,85,86,87,88,89,90,91,92,93,94,95,96,97,98,99,100,101,102,103,104,105,106,107,108,109,110,111,112,113,114,115,116,117,118,119,120,121,135,192,249,260,261,262,263,264,274,295,296,297,298,
126;0;893;1022;0;0,1,2,5,6,7,8,9,10,11,12,20,21,22,23,25,61,63,64,65,66,67,77,78,79,80,81,82,83,84,85,86,87,88,89,90,91,92,93,94,95,96,97,98,99,100,101,102,103,104,105,106,107,108,109,110,111,112,113,114,115,116,117,118,119,120,121,135,192,249,260,261,262,263,264,274,295,296,297,298,
109;0;1022;1182;0;0,1,2,5,6,7,8,9,10,11,12,20,21,22,23,25,61,63,64,65,66,67,77,78,79,80,81,82,83,84,85,86,87,88,89,90,91,92,93,94,95,96,97,98,99,100,101,102,103,104,105,106,107,108,109,110,111,112,113,114,115,116,117,118,119,120,121,135,192,249,260,261,262,263,264,274,295,296,297,298,
109;1;1182;1347;0;0,1,2,5,6,7,8,9,10,11,12,20,21,22,23,25,61,63,64,65,66,67,77,78,79,80,81,82,83,84,85,86,87,88,89,90,91,92,93,94,95,96,97,98,99,100,101,102,103,104,105,106,107,108,109,110,111,112,113,114,115,116,117,118,119,120,121,135,192,249,260,261,262,263,264,274,295,296,297,298,
94;0;1347;1399;1;0,1,2,5,6,7,8,9,10,11,12,20,21,22,23,25,61,63,64,65,66,67,77,78,79,80,81,82,83,84,85,86,87,88,89,90,91,92,93,94,95,96,97,98,99,100,101,102,103,104,105,106,107,108,109,110,111,112,113,114,115,116,117,118,119,120,121,135,192,249,260,261,262,263,264,274,295,296,297,298,
94;1;1399;1472;1;0,1,2,5,6,7,8,9,10,11,12,20,21,22,23,25,61,63,64,65,66,67,77,78,79,80,81,82,83,84,85,86,87,88,89,90,91,92,93,94,95,96,97,98,99,100,101,102,103,104,105,106,107,108,109,110,111,112,113,114,115,116,117,118,119,120,121,135,192,249,260,261,262,263,264,274,295,296,297,298,
37;0;1472;1565;1;0,1,2,5,6,7,8,9,10,11,12,20,21,22,23,25,61,63,64,65,66,67,77,78,79,80,81,82,83,84,85,86,87,88,89,90,91,92,93,94,95,96,97,98,99,100,101,102,103,104,105,106,107,108,109,110,111,112,113,114,115,116,117,118,119,120,121,135,192,249,260,261,262,263,264,274,295,296,297,298,
37;1;1565;1616;1;0,1,2,5,6,7,8,9,10,11,12,20,21,22,23,25,61,63,64,65,66,67,77,78,79,80,81,82,83,84,85,86,87,88,89,90,91,92,93,94,95,96,97,98,99,100,101,102,103,104,105,106,107,108,109,110,111,112,113,114,115,116,117,118,119,120,121,135,192,249,260,261,262,263,264,274,295,296,297,298,
52;0;1616;1693;0;0,1,2,5,6,7,8,9,10,11,12,20,21,22,23,25,61,63,64,65,66,67,77,78,79,80,81,82,83,84,85,86,87,88,89,90,91,92,93,94,95,96,97,98,99,100,101,102,103,104,105,106,107,108,109,110,111,112,113,114,115,116,117,118,119,120,121,135,192,249,260,261,262,263,264,274,295,296,297,298,
52;1;1693;1729;0;0,1,2,5,6,7,8,9,10,11,12,20,21,22,23,25,61,63,64,65,66,67,77,78,79,80,81,82,83,84,85,86,87,88,89,90,91,92,93,94,95,96,97,98,99,100,101,102,103,104,105,106,107,108,109,110,111,112,113,114,115,116,117,118,119,120,121,135,192,249,260,261,262,263,264,274,295,296,297,298,
128;0;1729;1815;0;0,1,2,5,6,7,8,9,10,11,12,20,21,22,23,25,61,63,64,65,66,67,77,78,79,80,81,82,83,84,85,86,87,88,89,90,91,92,93,94,95,96,97,98,99,100,101,102,103,104,105,106,107,108,109,110,111,112,113,114,115,116,117,118,119,120,121,135,192,249,260,261,262,263,264,274,295,296,297,298,
231;0;1815;1870;1;0,1,2,5,6,7,8,9,10,11,12,20,21,22,23,25,61,63,64,65,66,67,77,78,79,80,81,82,83,84,85,86,87,88,89,90,91,92,93,94,95,96,97,98,99,100,101,102,103,104,105,106,107,108,109,110,111,112,113,114,115,116,117,118,119,120,121,135,192,249,260,261,262,263,264,274,295,296,297,298,
23;0;1870;2043;1;0,1,2,5,6,7,8,9,10,11,12,20,21,22,23,25,61,63,64,65,66,67,77,78,79,80,81,82,83,84,85,86,87,88,89,90,91,92,93,94,95,96,97,98,99,100,101,102,103,104,105,106,107,108,109,110,111,112,113,114,115,116,117,118,119,120,121,135,192,249,260,261,262,263,264,274,295,296,297,298,
22;0;2043;2174;0;0,1,2,5,6,7,8,9,10,11,12,20,21,22,23,25,61,63,64,65,66,67,77,78,79,80,81,82,83,84,85,86,87,88,89,90,91,92,93,94,95,96,97,98,99,100,101,102,103,104,105,106,107,108,109,110,111,112,113,114,115,116,117,118,119,120,121,135,192,249,260,261,262,263,264,274,295,296,297,298,
22;1;2174;2301;0;0,1,2,5,6,7,8,9,10,11,12,20,21,22,23,25,61,63,64,65,66,67,77,78,79,80,81,82,83,84,85,86,87,88,89,90,91,92,93,94,95,96,97,98,99,100,101,102,103,104,105,106,107,108,109,110,111,112,113,114,115,116,117,118,119,120,121,135,192,249,260,261,262,263,264,274,295,296,297,298,
136;0;2301;2374;0;0,1,2,5,6,7,8,9,10,11,12,20,21,22,23,25,61,63,64,65,66,67,77,78,79,80,81,82,83,84,85,86,87,88,89,90,91,92,93,94,95,96,97,98,99,100,101,102,103,104,105,106,107,108,109,110,111,112,113,114,115,116,117,118,119,120,121,135,192,249,260,261,262,263,264,274,295,296,297,298,
63;0;2374;2454;1;0,1,2,5,6,7,8,9,10,11,12,20,21,22,23,25,61,63,64,65,66,67,77,78,79,80,81,82,83,84,85,86,87,88,89,90,91,92,93,94,95,96,97,98,99,100,101,102,103,104,105,106,107,108,109,110,111,112,113,114,115,116,117,118,119,120,121,135,192,249,260,261,262,263,264,274,295,296,297,298,
105;0;2454;2601;0;0,1,2,5,6,7,8,9,10,11,12,20,21,22,23,25,61,63,64,65,66,67,77,78,79,80,81,82,83,84,85,86,87,88,89,90,91,92,93,94,95,96,97,98,99,100,101,102,103,104,105,106,107,108,109,110,111,112,113,114,115,116,117,118,119,120,121,135,192,249,260,261,262,263,264,274,295,296,297,298,
193;0;2601;2774;1;0,1,2,5,6,7,8,9,10,11,12,20,21,22,23,25,61,63,64,65,66,67,77,78,79,80,81,82,83,84,85,86,87,88,89,90,91,92,93,94,95,96,97,98,99,100,101,102,103,104,105,106,107,108,109,110,111,112,113,114,115,116,117,118,119,120,121,135,192,249,260,261,262,263,264,274,295,296,297,298,
20;0;2774;2838;1;0,1,2,5,6,7,8,9,10,11,12,20,21,22,23,25,61,63,64,65,66,67,77,78,79,80,81,82,83,84,85,86,87,88,89,90,91,92,93,94,95,96,97,98,99,100,101,102,103,104,105,106,107,108,109,110,111,112,113,114,115,116,117,118,119,120,121,135,192,249,260,261,262,263,264,274,295,296,297,298,
178;0;2838;2949;0;0,1,2,5,6,7,8,9,10,11,12,20,21,22,23,25,61,63,64,65,66,67,77,78,79,80,81,82,83,84,85,86,87,88,89,90,91,92,93,94,95,96,97,98,99,100,101,102,103,104,105,106,107,108,109,110,111,112,113,114,115,116,117,118,119,120,121,135,192,249,260,261,262,263,264,274,295,296,297,298,
33;0;2949;3112;1;0,1,2,5,6,7,8,9,10,11,12,20,21,22,23,25,61,63,64,65,66,67,77,78,79,80,81,82,83,84,85,86,87,88,89,90,91,92,93,94,95,96,97,98,99,100,101,102,103,104,105,106,107,108,109,110,111,112,113,114,115,116,117,118,119,120,121,135,192,249,260,261,262,263,264,274,295,296,297,298,
170;0;3112;3176;1;0,1,2,5,6,7,8,9,10,11,12,20,21,22,23,25,61,63,64,65,66,67,77,78,79,80,81,82,83,84,85,86,87,88,89,90,91,92,93,94,95,96,97,98,99,100,101,102,103,104,105,106,107,108,109,110,111,112,113,114,115,116,117,118,119,120,121,135,192,249,260,261,262,263,264,274,295,296,297,298,
209;0;3176;3208;0;0,1,2,5,6,7,8,9,10,11,12,20,21,22,23,25,61,63,64,65,66,67,77,78,79,80,81,82,83,84,85,86,87,88,89,90,91,92,93,94,95,96,97,98,99,100,101,102,103,104,105,106,107,108,109,110,111,112,113,114,115,116,117,118,119,120,121,135,192,249,260,261,262,263,264,274,295,296,297,298,
209;1;3208;3382;0;0,1,2,5,6,7,8,9,10,11,12,20,21,22,23,25,61,63,64,65,66,67,77,78,79,80,81,82,83,84,85,86,87,88,89,90,91,92,93,94,95,96,97,98,99,100,101,102,103,104,105,106,107,108,109,110,111,112,113,114,115,116,117,118,119,120,121,135,192,249,260,261,262,263,264,274,295,296,297,298,
154;0;3382;3491;1;0,1,2,5,6,7,8,9,10,11,12,20,21,22,23,25,61,63,64,65,66,67,77,78,79,80,81,82,83,84,85,86,87,88,89,90,91,92,93,94,95,96,97,98,99,100,101,102,103,104,105,106,107,108,109,110,111,112,113,114,115,116,117,118,119,120,121,135,192,249,260,261,262,263,264,274,295,296,297,298,
154;1;3491;3551;1;0,1,2,5,6,7,8,9,10,11,12,20,21,22,23,25,61,63,64,65,66,67,77,78,79,80,81,82,83,84,85,86,87,88,89,90,91,92,93,94,95,96,97,98,99,100,101,102,103,104,105,106,107,108,109,110,111,112,113,114,115,116,117,118,119,120,121,135,192,249,260,261,262,263,264,274,295,296,297,298,
173;0;3551;3611;1;0,1,2,5,6,7,8,9,10,11,12,20,21,22,23,25,61,63,64,65,66,67,77,78,79,80,81,82,83,84,85,86,87,88,89,90,91,92,93,94,95,96,97,98,99,100,101,102,103,104,105,106,107,108,109,110,111,112,113,114,115,116,117,118,119,120,121,135,192,249,260,261,262,263,264,274,295,296,297,298,
117;0;3611;3660;1;0,1,2,5,6,7,8,9,10,11,12,20,21,22,23,25,61,63,64,65,66,67,77,78,79,80,81,82,83,84,85,86,87,88,89,90,91,92,93,94,95,96,97,98,99,100,101,102,103,104,105,106,107,108,109,110,111,112,113,114,115,116,117,118,119,120,121,135,192,249,260,261,262,263,264,274,295,296,297,298,
117;1;3660;3795;1;0,1,2,5,6,7,8,9,10,11,12,20,21,22,23,25,61,63,64,65,66,67,77,78,79,80,81,82,83,84,85,86,87,88,89,90,91,92,93,94,95,96,97,98,99,100,101,102,103,104,105,106,107,108,109,110,111,112,113,114,115,116,117,118,119,120,121,135,192,249,260,261,262,263,264,274,295,296,297,298,
55;0;3795;3939;0;0,1,2,5,6,7,8,9,10,11,12,20,21,22,23,25,61,63,64,65,66,67,77,78,79,80,81,82,83,84,85,86,87,88,89,90,91,92,93,94,95,96,97,98,99,100,101,102,103,104,105,106,107,108,109,110,111,112,113,114,115,116,117,118,119,120,121,135,192,249,260,261,262,263,264,274,295,296,297,298,
121;0;3939;4104;1;0,1,2,5,6,7,8,9,10,11,12,20,21,22,23,25,61,63,64,65,66,67,77,78,79,80,81,82,83,84,85,86,87,88,89,90,91,92,93,94,95,96,97,98,99,100,101,102,103,104,105,106,107,108,109,110,111,112,113,114,115,116,117,118,119,120,121,135,192,249,260,261,262,263,264,274,295,296,297,298,
86;0;4104;4141;0;0,1,2,5,6,7,8,9,10,11,12,20,21,22,23,25,61,63,64,65,66,67,77,78,79,80,81,82,83,84,85,86,87,88,89,90,91,92,93,94,95,96,97,98,99,100,101,102,103,104,105,106,107,108,109,110,111,112,113,114,115,116,117,118,119,120,121,135,192,249,260,261,262,263,264,274,295,296,297,298,
181;0;4141;4205;1;0,1,2,5,6,7,8,9,10,11,12,20,21,22,23,25,61,63,64,65,66,67,77,78,79,80,81,82,83,84,85,86,87,88,89,90,91,92,93,94,95,96,97,98,99,100,101,102,103,104,105,106,107,108,109,110,111,112,113,114,115,116,117,118,119,120,121,135,192,249,260,261,262,263,264,274,295,296,297,298,
61;0;4205;4257;1;0,1,2,5,6,7,8,9,10,11,12,20,21,22,23,25,61,63,64,65,66,67,77,78,79,80,81,82,83,84,85,86,87,88,89,90,91,92,93,94,95,96,97,98,99,100,101,102,103,104,105,106,107,108,109,110,111,112,113,114,115,116,117,118,119,120,121,135,192,249,260,261,262,263,264,274,295,296,297,298,
32;0;4257;4263;0;0,1,2,5,6,7,8,9,10,11,12,20,21,22,23,25,61,63,64,65,66,67,77,78,79,80,81,82,83,84,85,86,87,88,89,90,91,92,93,94,95,96,97,98,99,100,101,102,103,104,105,106,107,108,109,110,111,112,113,114,115,116,117,118,119,120,121,135,192,249,260,261,262,263,264,274,295,296,297,298,
32;1;4263;4331;0;0,1,2,5,6,7,8,9,10,11,12,20,21,22,23,25,61,63,64,65,66,67,77,78,79,80,81,82,83,84,85,86,87,88,89,90,91,92,93,94,95,96,97,98,99,100,101,102,103,104,105,106,107,108,109,110,111,112,113,114,115,116,117,118,119,120,121,135,192,249,260,261,262,263,264,274,295,296,297,298,
17;0;4331;4399;1;0,1,2,5,6,7,8,9,10,11,12,20,21,22,23,25,61,63,64,65,66,67,77,78,79,80,81,82,83,84,85,86,87,88,89,90,91,92,93,94,95,96,97,98,99,100,101,102,103,104,105,106,107,108,109,110,111,112,113,114,115,116,117,118,119,120,121,135,192,249,260,261,262,263,264,274,295,296,297,298,
17;1;4399;4433;1;0,1,2,5,6,7,8,9,10,11,12,20,21,22,23,25,61,63,64,65,66,67,77,78,79,80,81,82,83,84,85,86,87,88,89,90,91,92,93,94,95,96,97,98,99,100,101,102,103,104,105,106,107,108,109,110,111,112,113,114,115,116,117,118,119,120,121,135,192,249,260,261,262,263,264,274,295,296,297,298,
137;0;4433;4564;1;0,1,2,5,6,7,8,9,10,11,12,20,21,22,23,25,61,63,64,65,66,67,77,78,79,80,81,82,83,84,85,86,87,88,89,90,91,92,93,94,95,96,97,98,99,100,101,102,103,104,105,106,107,108,109,110,111,112,113,114,115,116,117,118,119,120,121,135,192,249,260,261,262,263,264,274,295,296,297,298,
137;1;4564;4693;1;0,1,2,5,6,7,8,9,10,11,12,20,21,22,23,25,61,63,64,65,66,67,77,78,79,80,81,82,83,84,85,86,87,88,89,90,91,92,93,94,95,96,97,98,99,100,101,102,103,104,105,106,107,108,109,110,111,112,113,114,115,116,117,118,119,120,121,135,192,249,260,261,262,263,264,274,295,296,297,298,
192;0;4693;4777;0;0,1,2,5,6,7,8,9,10,11,12,20,21,22,23,25,61,63,64,65,66,67,77,78,79,80,81,82,83,84,85,86,87,88,89,90,91,92,93,94,95,96,97,98,99,100,101,102,103,104,105,106,107,108,109,110,111,112,113,114,115,116,117,118,119,120,121,135,192,249,260,261,262,263,264,274,295,296,297,298,
192;1;4777;4811;0;0,1,2,5,6,7,8,9,10,11,12,20,21,22,23,25,61,63,64,65,66,67,77,78,79,80,81,82,83,84,85,86,87,88,89,90,91,92,93,94,95,96,97,98,99,100,101,102,103,104,105,106,107,108,109,110,111,112,113,114,115,116,117,118,119,120,121,135,192,249,260,261,262,263,264,274,295,296,297,298,
75;0;4811;4871;0;0,1,2,5,6,7,8,9,10,11,12,20,21,22,23,25,61,63,64,65,66,67,77,78,79,80,81,82,83,84,85,86,87,88,89,90,91,92,93,94,95,96,97,98,99,100,101,102,103,104,105,106,107,108,109,110,111,112,113,114,115,116,117,118,119,120,121,135,192,249,260,261,262,263,264,274,295,296,297,298,
24;0;4871;4990;1;0,1,2,5,6,7,8,9,10,11,12,20,21,22,23,25,61,63,64,65,66,67,77,78,79,80,81,82,83,84,85,86,87,88,89,90,91,92,93,94,95,96,97,98,99,100,101,102,103,104,105,106,107,108,109,110,111,112,113,114,115,116,117,118,119,120,121,135,192,249,260,261,262,263,264,274,295,296,297,298,
24;1;4990;5058;1;0,1,2,5,6,7,8,9,10,11,12,20,21,22,23,25,61,63,64,65,66,67,77,78,79,80,81,82,83,84,85,86,87,88,89,90,91,92,93,94,95,96,97,98,99,100,101,102,103,104,105,106,107,108,109,110,111,112,113,114,115,116,117,118,119,120,121,135,192,249,260,261,262,263,264,274,295,296,297,298,
133;0;5058;5144;1;0,1,2,5,6,7,8,9,10,11,12,20,21,22,23,25,61,63,64,65,66,67,77,78,79,80,81,82,83,84,85,86,87,88,89,90,91,92,93,94,95,96,97,98,99,100,101,102,103,104,105,106,107,108,109,110,111,112,113,114,115,116,117,118,119,120,121,135,192,249,260,261,262,263,264,274,295,296,297,298,
Machine: 2
100;0;0;119;1;0,1,2,3,4,12,13,14,15,20,25,26,27,28,29,30,31,32,33,34,35,36,37,38,39,40,46,54,55,61,62,63,64,122,123,124,148,149,150,151,152,153,154,155,156,157,158,159,160,161,162,163,174,175,176,193,194,195,196,197,198,199,241,242,243,285,288,289,292,324,325,326,327,328,329,330,331,332,333,334,
7;0;119;127;1;0,1,2,3,4,12,13,14,15,20,25,26,27,28,29,30,31,32,33,34,35,36,37,38,39,40,46,54,55,61,62,63,64,122,123,124,148,149,150,151,152,153,154,155,156,157,158,159,160,161,162,163,174,175,176,193,194,195,196,197,198,199,241,242,243,285,288,289,292,324,325,326,327,328,329,330,331,332,333,334,
7;1;127;301;1;0,1,2,3,4,12,13,14,15,20,25,26,27,28,29,30,31,32,33,34,35,36,37,38,39,40,46,54,55,61,62,63,64,122,123,124,148,149,150,151,152,153,154,155,156,157,158,159,160,161,162,163,174,175,176,193,194,195,196,197,198,199,241,242,243,285,288,289,292,324,325,326,327,328,329,330,331,332,333,334,
34;0;301;305;1;0,1,2,3,4,12,13,14,15,20,25,26,27,28,29,30,31,32,33,34,35,36,37,38,39,40,46,54,55,61,62,63,64,122,123,124,148,149,150,151,152,153,154,155,156,157,158,159,160,161,162,163,174,175,176,193,194,195,196,197,198,199,241,242,243,285,288,289,292,324,325,326,327,328,329,330,331,332,333,334,
34;1;305;449;1;0,1,2,3,4,12,13,14,15,20,25,26,27,28,29,30,31,32,33,34,35,36,37,38,39,40,46,54,55,61,62,63,64,122,123,124,148,149,150,151,152,153,154,155,156,157,158,159,160,161,162,163,174,175,176,193,194,195,196,197,198,199,241,242,243,285,288,289,292,324,325,326,327,328,329,330,331,332,333,334,
152;0;449;594;0;0,1,2,3,4,12,13,14,15,20,25,26,27,28,29,30,31,32,33,34,35,36,37,38,39,40,46,54,55,61,62,63,64,122,123,124,148,149,150,151,152,153,154,155,156,157,158,159,160,161,162,163,174,175,176,193,194,195,196,197,198,199,241,242,243,285,288,289,292,324,325,326,327,328,329,330,331,332,333,334,
152;1;594;646;0;0,1,2,3,4,12,13,14,15,20,25,26,27,28,29,30,31,32,33,34,35,36,37,38,39,40,46,54,55,61,62,63,64,122,123,124,148,149,150,151,152,153,154,155,156,157,158,159,160,161,162,163,174,175,176,193,194,195,196,197,198,199,241,242,243,285,288,289,292,324,325,326,327,328,329,330,331,332,333,334,
145;0;646;744;0;0,1,2,3,4,12,13,14,15,20,25,26,27,28,29,30,31,32,33,34,35,36,37,38,39,40,46,54,55,61,62,63,64,122,123,124,148,149,150,151,152,153,154,155,156,157,158,159,160,161,162,163,174,175,176,193,194,195,196,197,198,199,241,242,243,285,288,289,292,324,325,326,327,328,329,330,331,332,333,334,
62;0;744;839;0;0,1,2,3,4,12,13,14,15,20,25,26,27,28,29,30,31,32,33,34,35,36,37,38,39,40,46,54,55,61,62,63,64,122,123,124,148,149,150,151,152,153,154,155,156,157,158,159,160,161,162,163,174,175,176,193,194,195,196,197,198,199,241,242,243,285,288,289,292,324,325,326,327,328,329,330,331,332,333,334,
62;1;839;929;0;0,1,2,3,4,12,13,14,15,20,25,26,27,28,29,30,31,32,33,34,35,36,37,38,39,40,46,54,55,61,62,63,64,122,123,124,148,149,150,151,152,153,154,155,156,157,158,159,160,161,162,163,174,175,176,193,194,195,196,197,198,199,241,242,243,285,288,289,292,324,325,326,327,328,329,330,331,332,333,334,
39;0;929;1076;0;0,1,2,3,4,12,13,14,15,20,25,26,27,28,29,30,31,32,33,34,35,36,37,38,39,40,46,54,55,61,62,63,64,122,123,124,148,149,150,151,152,153,154,155,156,157,158,159,160,161,162,163,174,175,176,193,194,195,196,197,198,199,241,242,243,285,288,289,292,324,325,326,327,328,329,330,331,332,333,334,
39;1;1076;1196;0;0,1,2,3,4,12,13,14,15,20,25,26,27,28,29,30,31,32,33,34,35,36,37,38,39,40,46,54,55,61,62,63,64,122,123,124,148,149,150,151,152,153,154,155,156,157,158,159,160,161,162,163,174,175,176,193,194,195,196,197,198,199,241,242,243,285,288,289,292,324,325,326,327,328,329,330,331,332,333,334,
174;0;1196;1356;1;0,1,2,3,4,12,13,14,15,20,25,26,27,28,29,30,31,32,33,34,35,36,37,38,39,40,46,54,55,61,62,63,64,122,123,124,148,149,150,151,152,153,154,155,156,157,158,159,160,161,162,163,174,175,176,193,194,195,196,197,198,199,241,242,243,285,288,289,292,324,325,326,327,328,329,330,331,332,333,334,
174;1;1356;1432;1;0,1,2,3,4,12,13,14,15,20,25,26,27,28,29,30,31,32,33,34,35,36,37,38,39,40,46,54,55,61,62,63,64,122,123,124,148,149,150,151,152,153,154,155,156,157,158,159,160,161,162,163,174,175,176,193,194,195,196,197,198,199,241,242,243,285,288,289,292,324,325,326,327,328,329,330,331,332,333,334,
38;0;1432;1510;0;0,1,2,3,4,12,13,14,15,20,25,26,27,28,29,30,31,32,33,34,35,36,37,38,39,40,46,54,55,61,62,63,64,122,123,124,148,149,150,151,152,153,154,155,156,157,158,159,160,161,162,163,174,175,176,193,194,195,196,197,198,199,241,242,243,285,288,289,292,324,325,326,327,328,329,330,331,332,333,334,
168;0;1510;1629;0;0,1,2,3,4,12,13,14,15,20,25,26,27,28,29,30,31,32,33,34,35,36,37,38,39,40,46,54,55,61,62,63,64,122,123,124,148,149,150,151,152,153,154,155,156,157,158,159,160,161,162,163,174,175,176,193,194,195,196,197,198,199,241,242,243,285,288,289,292,324,325,326,327,328,329,330,331,332,333,334,
26;0;1629;1673;0;0,1,2,3,4,12,13,14,15,20,25,26,27,28,29,30,31,32,33,34,35,36,37,38,39,40,46,54,55,61,62,63,64,122,123,124,148,149,150,151,152,153,154,155,156,157,158,159,160,161,162,163,174,175,176,193,194,195,196,197,198,199,241,242,243,285,288,289,292,324,325,326,327,328,329,330,331,332,333,334,
65;0;1673;1847;0;0,1,2,3,4,12,13,14,15,20,25,26,27,28,29,30,31,32,33,34,35,36,37,38,39,40,46,54,55,61,62,63,64,122,123,124,148,149,150,151,152,153,154,155,156,157,158,159,160,161,162,163,174,175,176,193,194,195,196,197,198,199,241,242,243,285,288,289,292,324,325,326,327,328,329,330,331,332,333,334,
114;0;1847;2011;1;0,1,2,3,4,12,13,14,15,20,25,26,27,28,29,30,31,32,33,34,35,36,37,38,39,40,46,54,55,61,62,63,64,122,123,124,148,149,150,151,152,153,154,155,156,157,158,159,160,161,162,163,174,175,176,193,194,195,196,197,198,199,241,242,243,285,288,289,292,324,325,326,327,328,329,330,331,332,333,334,
114;1;2011;2097;1;0,1,2,3,4,12,13,14,15,20,25,26,27,28,29,30,31,32,33,34,35,36,37,38,39,40,46,54,55,61,62,63,64,122,123,124,148,149,150,151,152,153,154,155,156,157,158,159,160,161,162,163,174,175,176,193,194,195,196,197,198,199,241,242,243,285,288,289,292,324,325,326,327,328,329,330,331,332,333,334,
222;0;2097;2166;0;0,1,2,3,4,12,13,14,15,20,25,26,27,28,29,30,31,32,33,34,35,36,37,38,39,40,46,54,55,61,62,63,64,122,123,124,148,149,150,151,152,153,154,155,156,157,158,159,160,161,162,163,174,175,176,193,194,195,196,197,198,199,241,242,243,285,288,289,292,324,325,326,327,328,329,330,331,332,333,334,
222;1;2166;2207;0;0,1,2,3,4,12,13,14,15,20,25,26,27,28,29,30,31,32,33,34,35,36,37,38,39,40,46,54,55,61,62,63,64,122,123,124,148,149,150,151,152,153,154,155,156,157,158,159,160,161,162,163,174,175,176,193,194,195,196,197,198,199,241,242,243,285,288,289,292,324,325,326,327,328,329,330,331,332,333,334,
5;0;2207;2236;0;0,1,2,3,4,12,13,14,15,20,25,26,27,28,29,30,31,32,33,34,35,36,37,38,39,40,46,54,55,61,62,63,64,122,123,124,148,149,150,151,152,153,154,155,156,157,158,159,160,161,162,163,174,175,176,193,194,195,196,197,198,199,241,242,243,285,288,289,292,324,325,326,327,328,329,330,331,332,333,334,
69;0;2236;2296;0;0,1,2,3,4,12,13,14,15,20,25,26,27,28,29,30,31,32,33,34,35,36,37,38,39,40,46,54,55,61,62,63,64,122,123,124,148,149,150,151,152,153,154,155,156,157,158,159,160,161,162,163,174,175,176,193,194,195,196,197,198,199,241,242,243,285,288,289,292,324,325,326,327,328,329,330,331,332,333,334,
69;1;2296;2465;0;0,1,2,3,4,12,13,14,15,20,25,26,27,28,29,30,31,32,33,34,35,36,37,38,39,40,46,54,55,61,62,63,64,122,123,124,148,149,150,151,152,153,154,155,156,157,158,159,160,161,162,163,174,175,176,193,194,195,196,197,198,199,241,242,243,285,288,289,292,324,325,326,327,328,329,330,331,332,333,334,
239;0;2465;2637;0;0,1,2,3,4,12,13,14,15,20,25,26,27,28,29,30,31,32,33,34,35,36,37,38,39,40,46,54,55,61,62,63,64,122,123,124,148,149,150,151,152,153,154,155,156,157,158,159,160,161,162,163,174,175,176,193,194,195,196,197,198,199,241,242,243,285,288,289,292,324,325,326,327,328,329,330,331,332,333,334,
239;1;2637;2715;0;0,1,2,3,4,12,13,14,15,20,25,26,27,28,29,30,31,32,33,34,35,36,37,38,39,40,46,54,55,61,62,63,64,122,123,124,148,149,150,151,152,153,154,155,156,157,158,159,160,161,162,163,174,175,176,193,194,195,196,197,198,199,241,242,243,285,288,289,292,324,325,326,327,328,329,330,331,332,333,334,
101;0;2715;2818;1;0,1,2,3,4,12,13,14,15,20,25,26,27,28,29,30,31,32,33,34,35,36,37,38,39,40,46,54,55,61,62,63,64,122,123,124,148,149,150,151,152,153,154,155,156,157,158,159,160,161,162,163,174,175,176,193,194,195,196,197,198,199,241,242,243,285,288,289,292,324,325,326,327,328,329,330,331,332,333,334,
226;0;2818;2962;0;0,1,2,3,4,12,13,14,15,20,25,26,27,28,29,30,31,32,33,34,35,36,37,38,39,40,46,54,55,61,62,63,64,122,123,124,148,149,150,151,152,153,154,155,156,157,158,159,160,161,162,163,174,175,176,193,194,195,196,197,198,199,241,242,243,285,288,289,292,324,325,326,327,328,329,330,331,332,333,334,
140;0;2962;3077;1;0,1,2,3,4,12,13,14,15,20,25,26,27,28,29,30,31,32,33,34,35,36,37,38,39,40,46,54,55,61,62,63,64,122,123,124,148,149,150,151,152,153,154,155,156,157,158,159,160,161,162,163,174,175,176,193,194,195,196,197,198,199,241,242,243,285,288,289,292,324,325,326,327,328,329,330,331,332,333,334,
27;0;3077;3227;1;0,1,2,3,4,12,13,14,15,20,25,26,27,28,29,30,31,32,33,34,35,36,37,38,39,40,46,54,55,61,62,63,64,122,123,124,148,149,150,151,152,153,154,155,156,157,158,159,160,161,162,163,174,175,176,193,194,195,196,197,198,199,241,242,243,285,288,289,292,324,325,326,327,328,329,330,331,332,333,334,
27;1;3227;3257;1;0,1,2,3,4,12,13,14,15,20,25,26,27,28,29,30,31,32,33,34,35,36,37,38,39,40,46,54,55,61,62,63,64,122,123,124,148,149,150,151,152,153,154,155,156,157,158,159,160,161,162,163,174,175,176,193,194,195,196,197,198,199,241,242,243,285,288,289,292,324,325,326,327,328,329,330,331,332,333,334,
82;0;3257;3334;0;0,1,2,3,4,12,13,14,15,20,25,26,27,28,29,30,31,32,33,34,35,36,37,38,39,40,46,54,55,61,62,63,64,122,123,124,148,149,150,151,152,153,154,155,156,157,158,159,160,161,162,163,174,175,176,193,194,195,196,197,198,199,241,242,243,285,288,289,292,324,325,326,327,328,329,330,331,332,333,334,
82;1;3334;3349;0;0,1,2,3,4,12,13,14,15,20,25,26,27,28,29,30,31,32,33,34,35,36,37,38,39,40,46,54,55,61,62,63,64,122,123,124,148,149,150,151,152,153,154,155,156,157,158,159,160,161,162,163,174,175,176,193,194,195,196,197,198,199,241,242,243,285,288,289,292,324,325,326,327,328,329,330,331,332,333,334,
229;0;3349;3446;0;0,1,2,3,4,12,13,14,15,20,25,26,27,28,29,30,31,32,33,34,35,36,37,38,39,40,46,54,55,61,62,63,64,122,123,124,148,149,150,151,152,153,154,155,156,157,158,159,160,161,162,163,174,175,176,193,194,195,196,197,198,199,241,242,243,285,288,289,292,324,325,326,327,328,329,330,331,332,333,334,
229;1;3446;3540;0;0,1,2,3,4,12,13,14,15,20,25,26,27,28,29,30,31,32,33,34,35,36,37,38,39,40,46,54,55,61,62,63,64,122,123,124,148,149,150,151,152,153,154,155,156,157,158,159,160,161,162,163,174,175,176,193,194,195,196,197,198,199,241,242,243,285,288,289,292,324,325,326,327,328,329,330,331,332,333,334,
148;0;3540;3641;0;0,1,2,3,4,12,13,14,15,20,25,26,27,28,29,30,31,32,33,34,35,36,37,38,39,40,46,54,55,61,62,63,64,122,123,124,148,149,150,151,152,153,154,155,156,157,158,159,160,161,162,163,174,175,176,193,194,195,196,197,198,199,241,242,243,285,288,289,292,324,325,326,327,328,329,330,331,332,333,334,
10;0;3641;3744;1;0,1,2,3,4,12,13,14,15,20,25,26,27,28,29,30,31,32,33,34,35,36,37,38,39,40,46,54,55,61,62,63,64,122,123,124,148,149,150,151,152,153,154,155,156,157,158,159,160,161,162,163,174,175,176,193,194,195,196,197,198,199,241,242,243,285,288,289,292,324,325,326,327,328,329,330,331,332,333,334,
185;0;3744;3796;0;0,1,2,3,4,12,13,14,15,20,25,26,27,28,29,30,31,32,33,34,35,36,37,38,39,40,46,54,55,61,62,63,64,122,123,124,148,149,150,151,152,153,154,155,156,157,158,159,160,161,162,163,174,175,176,193,194,195,196,197,198,199,241,242,243,285,288,289,292,324,325,326,327,328,329,330,331,332,333,334,
36;0;3796;3845;0;0,1,2,3,4,12,13,14,15,20,25,26,27,28,29,30,31,32,33,34,35,36,37,38,39,40,46,54,55,61,62,63,64,122,123,124,148,149,150,151,152,153,154,155,156,157,158,159,160,161,162,163,174,175,176,193,194,195,196,197,198,199,241,242,243,285,288,289,292,324,325,326,327,328,329,330,331,332,333,334,
95;0;3845;3935;0;0,1,2,3,4,12,13,14,15,20,25,26,27,28,29,30,31,32,33,34,35,36,37,38,39,40,46,54,55,61,62,63,64,122,123,124,148,149,150,151,152,153,154,155,156,157,158,159,160,161,162,163,174,175,176,193,194,195,196,197,198,199,241,242,243,285,288,289,292,324,325,326,327,328,329,330,331,332,333,334,
31;0;3935;4091;1;0,1,2,3,4,12,13,14,15,20,25,26,27,28,29,30,31,32,33,34,35,36,37,38,39,40,46,54,55,61,62,63,64,122,123,124,148,149,150,151,152,153,154,155,156,157,158,159,160,161,162,163,174,175,176,193,194,195,196,197,198,199,241,242,243,285,288,289,292,324,325,326,327,328,329,330,331,332,333,334,
98;0;4091;4171;0;0,1,2,3,4,12,13,14,15,20,25,26,27,28,29,30,31,32,33,34,35,36,37,38,39,40,46,54,55,61,62,63,64,122,123,124,148,149,150,151,152,153,154,155,156,157,158,159,160,161,162,163,174,175,176,193,194,195,196,197,198,199,241,242,243,285,288,289,292,324,325,326,327,328,329,330,331,332,333,334,
208;0;4171;4335;0;0,1,2,3,4,12,13,14,15,20,25,26,27,28,29,30,31,32,33,34,35,36,37,38,39,40,46,54,55,61,62,63,64,122,123,124,148,149,150,151,152,153,154,155,156,157,158,159,160,161,162,163,174,175,176,193,194,195,196,197,198,199,241,242,243,285,288,289,292,324,325,326,327,328,329,330,331,332,333,334,
219;0;4335;4511;0;0,1,2,3,4,12,13,14,15,20,25,26,27,28,29,30,31,32,33,34,35,36,37,38,39,40,46,54,55,61,62,63,64,122,123,124,148,149,150,151,152,153,154,155,156,157,158,159,160,161,162,163,174,175,176,193,194,195,196,197,198,199,241,242,243,285,288,289,292,324,325,326,327,328,329,330,331,332,333,334,
219;1;4511;4672;0;0,1,2,3,4,12,13,14,15,20,25,26,27,28,29,30,31,32,33,34,35,36,37,38,39,40,46,54,55,61,62,63,64,122,123,124,148,149,150,151,152,153,154,155,156,157,158,159,160,161,162,163,174,175,176,193,194,195,196,197,198,199,241,242,243,285,288,289,292,324,325,326,327,328,329,330,331,332,333,334,
186;0;4672;4846;0;0,1,2,3,4,12,13,14,15,20,25,26,27,28,29,30,31,32,33,34,35,36,37,38,39,40,46,54,55,61,62,63,64,122,123,124,148,149,150,151,152,153,154,155,156,157,158,159,160,161,162,163,174,175,176,193,194,195,196,197,198,199,241,242,243,285,288,289,292,324,325,326,327,328,329,330,331,332,333,334,
53;0;4846;4864;1;0,1,2,3,4,12,13,14,15,20,25,26,27,28,29,30,31,32,33,34,35,36,37,38,39,40,46,54,55,61,62,63,64,122,123,124,148,149,150,151,152,153,154,155,156,157,158,159,160,161,162,163,174,175,176,193,194,195,196,197,198,199,241,242,243,285,288,289,292,324,325,326,327,328,329,330,331,332,333,334,
169;0;4864;5011;0;0,1,2,3,4,12,13,14,15,20,25,26,27,28,29,30,31,32,33,34,35,36,37,38,39,40,46,54,55,61,62,63,64,122,123,124,148,149,150,151,152,153,154,155,156,157,158,159,160,161,162,163,174,175,176,193,194,195,196,197,198,199,241,242,243,285,288,289,292,324,325,326,327,328,329,330,331,332,333,334,
169;1;5011;5105;0;0,1,2,3,4,12,13,14,15,20,25,26,27,28,29,30,31,32,33,34,35,36,37,38,39,40,46,54,55,61,62,63,64,122,123,124,148,149,150,151,152,153,154,155,156,157,158,159,160,161,162,163,174,175,176,193,194,195,196,197,198,199,241,242,243,285,288,289,292,324,325,326,327,328,329,330,331,332,333,334,
49;0;5105;5136;0;0,1,2,3,4,12,13,14,15,20,25,26,27,28,29,30,31,32,33,34,35,36,37,38,39,40,46,54,55,61,62,63,64,122,123,124,148,149,150,151,152,153,154,155,156,157,158,159,160,161,162,163,174,175,176,193,194,195,196,197,198,199,241,242,243,285,288,289,292,324,325,326,327,328,329,330,331,332,333,334,
49;1;5136;5161;0;0,1,2,3,4,12,13,14,15,20,25,26,27,28,29,30,31,32,33,34,35,36,37,38,39,40,46,54,55,61,62,63,64,122,123,124,148,149,150,151,152,153,154,155,156,157,158,159,160,161,162,163,174,175,176,193,194,195,196,197,198,199,241,242,243,285,288,289,292,324,325,326,327,328,329,330,331,332,333,334,
103;0;5161;5266;1;0,1,2,3,4,12,13,14,15,20,25,26,27,28,29,30,31,32,33,34,35,36,37,38,39,40,46,54,55,61,62,63,64,122,123,124,148,149,150,151,152,153,154,155,156,157,158,159,160,161,162,163,174,175,176,193,194,195,196,197,198,199,241,242,243,285,288,289,292,324,325,326,327,328,329,330,331,332,333,334,
236;0;5266;5349;0;0,1,2,3,4,12,13,14,15,20,25,26,27,28,29,30,31,32,33,34,35,36,37,38,39,40,46,54,55,61,62,63,64,122,123,124,148,149,150,151,152,153,154,155,156,157,158,159,160,161,162,163,174,175,176,193,194,195,196,197,198,199,241,242,243,285,288,289,292,324,325,326,327,328,329,330,331,332,333,334,
97;0;5349;5518;1;0,1,2,3,4,12,13,14,15,20,25,26,27,28,29,30,31,32,33,34,35,36,37,38,39,40,46,54,55,61,62,63,64,122,123,124,148,149,150,151,152,153,154,155,156,157,158,159,160,161,162,163,174,175,176,193,194,195,196,197,198,199,241,242,243,285,288,289,292,324,325,326,327,328,329,330,331,332,333,334,
97;1;5518;5682;1;0,1,2,3,4,12,13,14,15,20,25,26,27,28,29,30,31,32,33,34,35,36,37,38,39,40,46,54,55,61,62,63,64,122,123,124,148,149,150,151,152,153,154,155,156,157,158,159,160,161,162,163,174,175,176,193,194,195,196,197,198,199,241,242,243,285,288,289,292,324,325,326,327,328,329,330,331,332,333,334,
139;0;5682;5858;0;0,1,2,3,4,12,13,14,15,20,25,26,27,28,29,30,31,32,33,34,35,36,37,38,39,40,46,54,55,61,62,63,64,122,123,124,148,149,150,151,152,153,154,155,156,157,158,159,160,161,162,163,174,175,176,193,194,195,196,197,198,199,241,242,243,285,288,289,292,324,325,326,327,328,329,330,331,332,333,334,
139;1;5858;5864;0;0,1,2,3,4,12,13,14,15,20,25,26,27,28,29,30,31,32,33,34,35,36,37,38,39,40,46,54,55,61,62,63,64,122,123,124,148,149,150,151,152,153,154,155,156,157,158,159,160,161,162,163,174,175,176,193,194,195,196,197,198,199,241,242,243,285,288,289,292,324,325,326,327,328,329,330,331,332,333,334,
Machine: 3
35;0;0;178;0;0,1,2,3,4,12,13,14,15,20,23,25,26,29,32,33,40,46,54,55,56,57,58,59,60,61,62,72,73,74,75,76,124,137,143,144,145,146,147,149,167,178,179,180,181,182,183,184,185,186,187,188,189,190,191,195,196,244,245,246,247,250,283,284,285,286,287,288,289,290,291,292,293,314,315,316,317,318,319,323,
111;0;178;250;1;0,1,2,3,4,12,13,14,15,20,23,25,26,29,32,33,40,46,54,55,56,57,58,59,60,61,62,72,73,74,75,76,124,137,143,144,145,146,147,149,167,178,179,180,181,182,183,184,185,186,187,188,189,190,191,195,196,244,245,246,247,250,283,284,285,286,287,288,289,290,291,292,293,314,315,316,317,318,319,323,
81;0;250;351;1;0,1,2,3,4,12,13,14,15,20,23,25,26,29,32,33,40,46,54,55,56,57,58,59,60,61,62,72,73,74,75,76,124,137,143,144,145,146,147,149,167,178,179,180,181,182,183,184,185,186,187,188,189,190,191,195,196,244,245,246,247,250,283,284,285,286,287,288,289,290,291,292,293,314,315,316,317,318,319,323,
218;0;351;411;0;0,1,2,3,4,12,13,14,15,20,23,25,26,29,32,33,40,46,54,55,56,57,58,59,60,61,62,72,73,74,75,76,124,137,143,144,145,146,147,149,167,178,179,180,181,182,183,184,185,186,187,188,189,190,191,195,196,244,245,246,247,250,283,284,285,286,287,288,289,290,291,292,293,314,315,316,317,318,319,323,
59;0;411;563;0;0,1,2,3,4,12,13,14,15,20,23,25,26,29,32,33,40,46,54,55,56,57,58,59,60,61,62,72,73,74,75,76,124,137,143,144,145,146,147,149,167,178,179,180,181,182,183,184,185,186,187,188,189,190,191,195,196,244,245,246,247,250,283,284,285,286,287,288,289,290,291,292,293,314,315,316,317,318,319,323,
59;1;563;688;0;0,1,2,3,4,12,13,14,15,20,23,25,26,29,32,33,40,46,54,55,56,57,58,59,60,61,62,72,73,74,75,76,124,137,143,144,145,146,147,149,167,178,179,180,181,182,183,184,185,186,187,188,189,190,191,195,196,244,245,246,247,250,283,284,285,286,287,288,289,290,291,292,293,314,315,316,317,318,319,323,
68;0;688;847;0;0,1,2,3,4,12,13,14,15,20,23,25,26,29,32,33,40,46,54,55,56,57,58,59,60,61,62,72,73,74,75,76,124,137,143,144,145,146,147,149,167,178,179,180,181,182,183,184,185,186,187,188,189,190,191,195,196,244,245,246,247,250,283,284,285,286,287,288,289,290,291,292,293,314,315,316,317,318,319,323,
188;0;847;925;0;0,1,2,3,4,12,13,14,15,20,23,25,26,29,32,33,40,46,54,55,56,57,58,59,60,61,62,72,73,74,75,76,124,137,143,144,145,146,147,149,167,178,179,180,181,182,183,184,185,186,187,188,189,190,191,195,196,244,245,246,247,250,283,284,285,286,287,288,289,290,291,292,293,314,315,316,317,318,319,323,
153;0;925;999;1;0,1,2,3,4,12,13,14,15,20,23,25,26,29,32,33,40,46,54,55,56,57,58,59,60,61,62,72,73,74,75,76,124,137,143,144,145,146,147,149,167,178,179,180,181,182,183,184,185,186,187,188,189,190,191,195,196,244,245,246,247,250,283,284,285,286,287,288,289,290,291,292,293,314,315,316,317,318,319,323,
135;0;999;1124;0;0,1,2,3,4,12,13,14,15,20,23,25,26,29,32,33,40,46,54,55,56,57,58,59,60,61,62,72,73,74,75,76,124,137,143,144,145,146,147,149,167,178,179,180,181,182,183,184,185,186,187,188,189,190,191,195,196,244,245,246,247,250,283,284,285,286,287,288,289,290,291,292,293,314,315,316,317,318,319,323,
14;0;1124;1198;1;0,1,2,3,4,12,13,14,15,20,23,25,26,29,32,33,40,46,54,55,56,57,58,59,60,61,62,72,73,74,75,76,124,137,143,144,145,146,147,149,167,178,179,180,181,182,183,184,185,186,187,188,189,190,191,195,196,244,245,246,247,250,283,284,285,286,287,288,289,290,291,292,293,314,315,316,317,318,319,323,
14;1;1198;1288;1;0,1,2,3,4,12,13,14,15,20,23,25,26,29,32,33,40,46,54,55,56,57,58,59,60,61,62,72,73,74,75,76,124,137,143,144,145,146,147,149,167,178,179,180,181,182,183,184,185,186,187,188,189,190,191,195,196,244,245,246,247,250,283,284,285,286,287,288,289,290,291,292,293,314,315,316,317,318,319,323,
232;0;1288;1296;0;0,1,2,3,4,12,13,14,15,20,23,25,26,29,32,33,40,46,54,55,56,57,58,59,60,61,62,72,73,74,75,76,124,137,143,144,145,146,147,149,167,178,179,180,181,182,183,184,185,186,187,188,189,190,191,195,196,244,245,246,247,250,283,284,285,286,287,288,289,290,291,292,293,314,315,316,317,318,319,323,
232;1;1296;1453;0;0,1,2,3,4,12,13,14,15,20,23,25,26,29,32,33,40,46,54,55,56,57,58,59,60,61,62,72,73,74,75,76,124,137,143,144,145,146,147,149,167,178,179,180,181,182,183,184,185,186,187,188,189,190,191,195,196,244,245,246,247,250,283,284,285,286,287,288,289,290,291,292,293,314,315,316,317,318,319,323,
196;0;1453;1530;0;0,1,2,3,4,12,13,14,15,20,23,25,26,29,32,33,40,46,54,55,56,57,58,59,60,61,62,72,73,74,75,76,124,137,143,144,145,146,147,149,167,178,179,180,181,182,183,184,185,186,187,188,189,190,191,195,196,244,245,246,247,250,283,284,285,286,287,288,289,290,291,292,293,314,315,316,317,318,319,323,
190;0;1530;1687;1;0,1,2,3,4,12,13,14,15,20,23,25,26,29,32,33,40,46,54,55,56,57,58,59,60,61,62,72,73,74,75,76,124,137,143,144,145,146,147,149,167,178,179,180,181,182,183,184,185,186,187,188,189,190,191,195,196,244,245,246,247,250,283,284,285,286,287,288,289,290,291,292,293,314,315,316,317,318,319,323,
138;0;1687;1844;0;0,1,2,3,4,12,13,14,15,20,23,25,26,29,32,33,40,46,54,55,56,57,58,59,60,61,62,72,73,74,75,76,124,137,143,144,145,146,147,149,167,178,179,180,181,182,183,184,185,186,187,188,189,190,191,195,196,244,245,246,247,250,283,284,285,286,287,288,289,290,291,292,293,314,315,316,317,318,319,323,
13;0;1844;1895;1;0,1,2,3,4,12,13,14,15,20,23,25,26,29,32,33,40,46,54,55,56,57,58,59,60,61,62,72,73,74,75,76,124,137,143,144,145,146,147,149,167,178,179,180,181,182,183,184,185,186,187,188,189,190,191,195,196,244,245,246,247,250,283,284,285,286,287,288,289,290,291,292,293,314,315,316,317,318,319,323,
93;0;1895;1989;1;0,1,2,3,4,12,13,14,15,20,23,25,26,29,32,33,40,46,54,55,56,57,58,59,60,61,62,72,73,74,75,76,124,137,143,144,145,146,147,149,167,178,179,180,181,182,183,184,185,186,187,188,189,190,191,195,196,244,245,246,247,250,283,284,285,286,287,288,289,290,291,292,293,314,315,316,317,318,319,323,
205;0;1989;2021;0;0,1,2,3,4,12,13,14,15,20,23,25,26,29,32,33,40,46,54,55,56,57,58,59,60,61,62,72,73,74,75,76,124,137,143,144,145,146,147,149,167,178,179,180,181,182,183,184,185,186,187,188,189,190,191,195,196,244,245,246,247,250,283,284,285,286,287,288,289,290,291,292,293,314,315,316,317,318,319,323,
160;0;2021;2030;1;0,1,2,3,4,12,13,14,15,20,23,25,26,29,32,33,40,46,54,55,56,57,58,59,60,61,62,72,73,74,75,76,124,137,143,144,145,146,147,149,167,178,179,180,181,182,183,184,185,186,187,188,189,190,191,195,196,244,245,246,247,250,283,284,285,286,287,288,289,290,291,292,293,314,315,316,317,318,319,323,
147;0;2030;2038;1;0,1,2,3,4,12,13,14,15,20,23,25,26,29,32,33,40,46,54,55,56,57,58,59,60,61,62,72,73,74,75,76,124,137,143,144,145,146,147,149,167,178,179,180,181,182,183,184,185,186,187,188,189,190,191,195,196,244,245,246,247,250,283,284,285,286,287,288,289,290,291,292,293,314,315,316,317,318,319,323,
147;1;2038;2063;1;0,1,2,3,4,12,13,14,15,20,23,25,26,29,32,33,40,46,54,55,56,57,58,59,60,61,62,72,73,74,75,76,124,137,143,144,145,146,147,149,167,178,179,180,181,182,183,184,185,186,187,188,189,190,191,195,196,244,245,246,247,250,283,284,285,286,287,288,289,290,291,292,293,314,315,316,317,318,319,323,
163;0;2063;2219;1;0,1,2,3,4,12,13,14,15,20,23,25,26,29,32,33,40,46,54,55,56,57,58,59,60,61,62,72,73,74,75,76,124,137,143,144,145,146,147,149,167,178,179,180,181,182,183,184,185,186,187,188,189,190,191,195,196,244,245,246,247,250,283,284,285,286,287,288,289,290,291,292,293,314,315,316,317,318,319,323,
67;0;2219;2348;1;0,1,2,3,4,12,13,14,15,20,23,25,26,29,32,33,40,46,54,55,56,57,58,59,60,61,62,72,73,74,75,76,124,137,143,144,145,146,147,149,167,178,179,180,181,182,183,184,185,186,187,188,189,190,191,195,196,244,245,246,247,250,283,284,285,286,287,288,289,290,291,292,293,314,315,316,317,318,319,323,
67;1;2348;2373;1;0,1,2,3,4,12,13,14,15,20,23,25,26,29,32,33,40,46,54,55,56,57,58,59,60,61,62,72,73,74,75,76,124,137,143,144,145,146,147,149,167,178,179,180,181,182,183,184,185,186,187,188,189,190,191,195,196,244,245,246,247,250,283,284,285,286,287,288,289,290,291,292,293,314,315,316,317,318,319,323,
164;0;2373;2538;1;0,1,2,3,4,12,13,14,15,20,23,25,26,29,32,33,40,46,54,55,56,57,58,59,60,61,62,72,73,74,75,76,124,137,143,144,145,146,147,149,167,178,179,180,181,182,183,184,185,186,187,188,189,190,191,195,196,244,245,246,247,250,283,284,285,286,287,288,289,290,291,292,293,314,315,316,317,318,319,323,
164;1;2538;2667;1;0,1,2,3,4,12,13,14,15,20,23,25,26,29,32,33,40,46,54,55,56,57,58,59,60,61,62,72,73,74,75,76,124,137,143,144,145,146,147,149,167,178,179,180,181,182,183,184,185,186,187,188,189,190,191,195,196,244,245,246,247,250,283,284,285,286,287,288,289,290,291,292,293,314,315,316,317,318,319,323,
51;0;2667;2813;1;0,1,2,3,4,12,13,14,15,20,23,25,26,29,32,33,40,46,54,55,56,57,58,59,60,61,62,72,73,74,75,76,124,137,143,144,145,146,147,149,167,178,179,180,181,182,183,184,185,186,187,188,189,190,191,195,196,244,245,246,247,250,283,284,285,286,287,288,289,290,291,292,293,314,315,316,317,318,319,323,
0;0;2813;2942;1;0,1,2,3,4,12,13,14,15,20,23,25,26,29,32,33,40,46,54,55,56,57,58,59,60,61,62,72,73,74,75,76,124,137,143,144,145,146,147,149,167,178,179,180,181,182,183,184,185,186,187,188,189,190,191,195,196,244,245,246,247,250,283,284,285,286,287,288,289,290,291,292,293,314,315,316,317,318,319,323,
0;1;2942;2988;1;0,1,2,3,4,12,13,14,15,20,23,25,26,29,32,33,40,46,54,55,56,57,58,59,60,61,62,72,73,74,75,76,124,137,143,144,145,146,147,149,167,178,179,180,181,182,183,184,185,186,187,188,189,190,191,195,196,244,245,246,247,250,283,284,285,286,287,288,289,290,291,292,293,314,315,316,317,318,319,323,
159;0;2988;3041;0;0,1,2,3,4,12,13,14,15,20,23,25,26,29,32,33,40,46,54,55,56,57,58,59,60,61,62,72,73,74,75,76,124,137,143,144,145,146,147,149,167,178,179,180,181,182,183,184,185,186,187,188,189,190,191,195,196,244,245,246,247,250,283,284,285,286,287,288,289,290,291,292,293,314,315,316,317,318,319,323,
159;1;3041;3144;0;0,1,2,3,4,12,13,14,15,20,23,25,26,29,32,33,40,46,54,55,56,57,58,59,60,61,62,72,73,74,75,76,124,137,143,144,145,146,147,149,167,178,179,180,181,182,183,184,185,186,187,188,189,190,191,195,196,244,245,246,247,250,283,284,285,286,287,288,289,290,291,292,293,314,315,316,317,318,319,323,
216;0;3144;3281;0;0,1,2,3,4,12,13,14,15,20,23,25,26,29,32,33,40,46,54,55,56,57,58,59,60,61,62,72,73,74,75,76,124,137,143,144,145,146,147,149,167,178,179,180,181,182,183,184,185,186,187,188,189,190,191,195,196,244,245,246,247,250,283,284,285,286,287,288,289,290,291,292,293,314,315,316,317,318,319,323,
16;0;3281;3375;0;0,1,2,3,4,12,13,14,15,20,23,25,26,29,32,33,40,46,54,55,56,57,58,59,60,61,62,72,73,74,75,76,124,137,143,144,145,146,147,149,167,178,179,180,181,182,183,184,185,186,187,188,189,190,191,195,196,244,245,246,247,250,283,284,285,286,287,288,289,290,291,292,293,314,315,316,317,318,319,323,
15;0;3375;3399;0;0,1,2,3,4,12,13,14,15,20,23,25,26,29,32,33,40,46,54,55,56,57,58,59,60,61,62,72,73,74,75,76,124,137,143,144,145,146,147,149,167,178,179,180,181,182,183,184,185,186,187,188,189,190,191,195,196,244,245,246,247,250,283,284,285,286,287,288,289,290,291,292,293,314,315,316,317,318,319,323,
142;0;3399;3476;0;0,1,2,3,4,12,13,14,15,20,23,25,26,29,32,33,40,46,54,55,56,57,58,59,60,61,62,72,73,74,75,76,124,137,143,144,145,146,147,149,167,178,179,180,181,182,183,184,185,186,187,188,189,190,191,195,196,244,245,246,247,250,283,284,285,286,287,288,289,290,291,292,293,314,315,316,317,318,319,323,
142;1;3476;3485;0;0,1,2,3,4,12,13,14,15,20,23,25,26,29,32,33,40,46,54,55,56,57,58,59,60,61,62,72,73,74,75,76,124,137,143,144,145,146,147,149,167,178,179,180,181,182,183,184,185,186,187,188,189,190,191,195,196,244,245,246,247,250,283,284,285,286,287,288,289,290,291,292,293,314,315,316,317,318,319,323,
3;0;3485;3534;1;0,1,2,3,4,12,13,14,15,20,23,25,26,29,32,33,40,46,54,55,56,57,58,59,60,61,62,72,73,74,75,76,124,137,143,144,145,146,147,149,167,178,179,180,181,182,183,184,185,186,187,188,189,190,191,195,196,244,245,246,247,250,283,284,285,286,287,288,289,290,291,292,293,314,315,316,317,318,319,323,
102;0;3534;3658;0;0,1,2,3,4,12,13,14,15,20,23,25,26,29,32,33,40,46,54,55,56,57,58,59,60,61,62,72,73,74,75,76,124,137,143,144,145,146,147,149,167,178,179,180,181,182,183,184,185,186,187,188,189,190,191,195,196,244,245,246,247,250,283,284,285,286,287,288,289,290,291,292,293,314,315,316,317,318,319,323,
102;1;3658;3809;0;0,1,2,3,4,12,13,14,15,20,23,25,26,29,32,33,40,46,54,55,56,57,58,59,60,61,62,72,73,74,75,76,124,137,143,144,145,146,147,149,167,178,179,180,181,182,183,184,185,186,187,188,189,190,191,195,196,244,245,246,247,250,283,284,285,286,287,288,289,290,291,292,293,314,315,316,317,318,319,323,
206;0;3809;3903;0;0,1,2,3,4,12,13,14,15,20,23,25,26,29,32,33,40,46,54,55,56,57,58,59,60,61,62,72,73,74,75,76,124,137,143,144,145,146,147,149,167,178,179,180,181,182,183,184,185,186,187,188,189,190,191,195,196,244,245,246,247,250,283,284,285,286,287,288,289,290,291,292,293,314,315,316,317,318,319,323,
134;0;3903;4050;1;0,1,2,3,4,12,13,14,15,20,23,25,26,29,32,33,40,46,54,55,56,57,58,59,60,61,62,72,73,74,75,76,124,137,143,144,145,146,147,149,167,178,179,180,181,182,183,184,185,186,187,188,189,190,191,195,196,244,245,246,247,250,283,284,285,286,287,288,289,290,291,292,293,314,315,316,317,318,319,323,
134;1;4050;4161;1;0,1,2,3,4,12,13,14,15,20,23,25,26,29,32,33,40,46,54,55,56,57,58,59,60,61,62,72,73,74,75,76,124,137,143,144,145,146,147,149,167,178,179,180,181,182,183,184,185,186,187,188,189,190,191,195,196,244,245,246,247,250,283,284,285,286,287,288,289,290,291,292,293,314,315,316,317,318,319,323,
50;0;4161;4331;1;0,1,2,3,4,12,13,14,15,20,23,25,26,29,32,33,40,46,54,55,56,57,58,59,60,61,62,72,73,74,75,76,124,137,143,144,145,146,147,149,167,178,179,180,181,182,183,184,185,186,187,188,189,190,191,195,196,244,245,246,247,250,283,284,285,286,287,288,289,290,291,292,293,314,315,316,317,318,319,323,
113;0;4331;4408;1;0,1,2,3,4,12,13,14,15,20,23,25,26,29,32,33,40,46,54,55,56,57,58,59,60,61,62,72,73,74,75,76,124,137,143,144,145,146,147,149,167,178,179,180,181,182,183,184,185,186,187,188,189,190,191,195,196,244,245,246,247,250,283,284,285,286,287,288,289,290,291,292,293,314,315,316,317,318,319,323,
227;0;4408;4555;1;0,1,2,3,4,12,13,14,15,20,23,25,26,29,32,33,40,46,54,55,56,57,58,59,60,61,62,72,73,74,75,76,124,137,143,144,145,146,147,149,167,178,179,180,181,182,183,184,185,186,187,188,189,190,191,195,196,244,245,246,247,250,283,284,285,286,287,288,289,290,291,292,293,314,315,316,317,318,319,323,
227;1;4555;4706;1;0,1,2,3,4,12,13,14,15,20,23,25,26,29,32,33,40,46,54,55,56,57,58,59,60,61,62,72,73,74,75,76,124,137,143,144,145,146,147,149,167,178,179,180,181,182,183,184,185,186,187,188,189,190,191,195,196,244,245,246,247,250,283,284,285,286,287,288,289,290,291,292,293,314,315,316,317,318,319,323,
108;0;4706;4820;0;0,1,2,3,4,12,13,14,15,20,23,25,26,29,32,33,40,46,54,55,56,57,58,59,60,61,62,72,73,74,75,76,124,137,143,144,145,146,147,149,167,178,179,180,181,182,183,184,185,186,187,188,189,190,191,195,196,244,245,246,247,250,283,284,285,286,287,288,289,290,291,292,293,314,315,316,317,318,319,323,
19;0;4820;4988;0;0,1,2,3,4,12,13,14,15,20,23,25,26,29,32,33,40,46,54,55,56,57,58,59,60,61,62,72,73,74,75,76,124,137,143,144,145,146,147,149,167,178,179,180,181,182,183,184,185,186,187,188,189,190,191,195,196,244,245,246,247,250,283,284,285,286,287,288,289,290,291,292,293,314,315,316,317,318,319,323,
19;1;4988;5062;0;0,1,2,3,4,12,13,14,15,20,23,25,26,29,32,33,40,46,54,55,56,57,58,59,60,61,62,72,73,74,75,76,124,137,143,144,145,146,147,149,167,178,179,180,181,182,183,184,185,186,187,188,189,190,191,195,196,244,245,246,247,250,283,284,285,286,287,288,289,290,291,292,293,314,315,316,317,318,319,323,
74;0;5062;5094;1;0,1,2,3,4,12,13,14,15,20,23,25,26,29,32,33,40,46,54,55,56,57,58,59,60,61,62,72,73,74,75,76,124,137,143,144,145,146,147,149,167,178,179,180,181,182,183,184,185,186,187,188,189,190,191,195,196,244,245,246,247,250,283,284,285,286,287,288,289,290,291,292,293,314,315,316,317,318,319,323,
74;1;5094;5272;1;0,1,2,3,4,12,13,14,15,20,23,25,26,29,32,33,40,46,54,55,56,57,58,59,60,61,62,72,73,74,75,76,124,137,143,144,145,146,147,149,167,178,179,180,181,182,183,184,185,186,187,188,189,190,191,195,196,244,245,246,247,250,283,284,285,286,287,288,289,290,291,292,293,314,315,316,317,318,319,323,
233;0;5272;5431;1;0,1,2,3,4,12,13,14,15,20,23,25,26,29,32,33,40,46,54,55,56,57,58,59,60,61,62,72,73,74,75,76,124,137,143,144,145,146,147,149,167,178,179,180,181,182,183,184,185,186,187,188,189,190,191,195,196,244,245,246,247,250,283,284,285,286,287,288,289,290,291,292,293,314,315,316,317,318,319,323,
Machine: 4
66;0;0;126;0;0,1,2,5,6,7,8,9,10,11,12,13,14,15,20,21,22,23,24,25,26,40,45,61,62,68,69,70,71,78,79,80,81,88,91,117,122,138,143,144,145,146,147,177,192,206,207,208,209,210,211,212,213,214,215,216,217,218,219,220,221,222,223,224,225,226,227,228,229,230,231,232,233,234,235,236,237,248,249,299,
83;0;126;201;1;0,1,2,5,6,7,8,9,10,11,12,13,14,15,20,21,22,23,24,25,26,40,45,61,62,68,69,70,71,78,79,80,81,88,91,117,122,138,143,144,145,146,147,177,192,206,207,208,209,210,211,212,213,214,215,216,217,218,219,220,221,222,223,224,225,226,227,228,229,230,231,232,233,234,235,236,237,248,249,299,
224;0;201;299;1;0,1,2,5,6,7,8,9,10,11,12,13,14,15,20,21,22,23,24,25,26,40,45,61,62,68,69,70,71,78,79,80,81,88,91,117,122,138,143,144,145,146,147,177,192,206,207,208,209,210,211,212,213,214,215,216,217,218,219,220,221,222,223,224,225,226,227,228,229,230,231,232,233,234,235,236,237,248,249,299,
224;1;299;446;1;0,1,2,5,6,7,8,9,10,11,12,13,14,15,20,21,22,23,24,25,26,40,45,61,62,68,69,70,71,78,79,80,81,88,91,117,122,138,143,144,145,146,147,177,192,206,207,208,209,210,211,212,213,214,215,216,217,218,219,220,221,222,223,224,225,226,227,228,229,230,231,232,233,234,235,236,237,248,249,299,
180;0;446;466;1;0,1,2,5,6,7,8,9,10,11,12,13,14,15,20,21,22,23,24,25,26,40,45,61,62,68,69,70,71,78,79,80,81,88,91,117,122,138,143,144,145,146,147,177,192,206,207,208,209,210,211,212,213,214,215,216,217,218,219,220,221,222,223,224,225,226,227,228,229,230,231,232,233,234,235,236,237,248,249,299,
88;0;466;638;0;0,1,2,5,6,7,8,9,10,11,12,13,14,15,20,21,22,23,24,25,26,40,45,61,62,68,69,70,71,78,79,80,81,88,91,117,122,138,143,144,145,146,147,177,192,206,207,208,209,210,211,212,213,214,215,216,217,218,219,220,221,222,223,224,225,226,227,228,229,230,231,232,233,234,235,236,237,248,249,299,
194;0;638;729;1;0,1,2,5,6,7,8,9,10,11,12,13,14,15,20,21,22,23,24,25,26,40,45,61,62,68,69,70,71,78,79,80,81,88,91,117,122,138,143,144,145,146,147,177,192,206,207,208,209,210,211,212,213,214,215,216,217,218,219,220,221,222,223,224,225,226,227,228,229,230,231,232,233,234,235,236,237,248,249,299,
194;1;729;763;1;0,1,2,5,6,7,8,9,10,11,12,13,14,15,20,21,22,23,24,25,26,40,45,61,62,68,69,70,71,78,79,80,81,88,91,117,122,138,143,144,145,146,147,177,192,206,207,208,209,210,211,212,213,214,215,216,217,218,219,220,221,222,223,224,225,226,227,228,229,230,231,232,233,234,235,236,237,248,249,299,
107;0;763;892;1;0,1,2,5,6,7,8,9,10,11,12,13,14,15,20,21,22,23,24,25,26,40,45,61,62,68,69,70,71,78,79,80,81,88,91,117,122,138,143,144,145,146,147,177,192,206,207,208,209,210,211,212,213,214,215,216,217,218,219,220,221,222,223,224,225,226,227,228,229,230,231,232,233,234,235,236,237,248,249,299,
107;1;892;1002;1;0,1,2,5,6,7,8,9,10,11,12,13,14,15,20,21,22,23,24,25,26,40,45,61,62,68,69,70,71,78,79,80,81,88,91,117,122,138,143,144,145,146,147,177,192,206,207,208,209,210,211,212,213,214,215,216,217,218,219,220,221,222,223,224,225,226,227,228,229,230,231,232,233,234,235,236,237,248,249,299,
203;0;1002;1082;1;0,1,2,5,6,7,8,9,10,11,12,13,14,15,20,21,22,23,24,25,26,40,45,61,62,68,69,70,71,78,79,80,81,88,91,117,122,138,143,144,145,146,147,177,192,206,207,208,209,210,211,212,213,214,215,216,217,218,219,220,221,222,223,224,225,226,227,228,229,230,231,232,233,234,235,236,237,248,249,299,
177;0;1082;1163;1;0,1,2,5,6,7,8,9,10,11,12,13,14,15,20,21,22,23,24,25,26,40,45,61,62,68,69,70,71,78,79,80,81,88,91,117,122,138,143,144,145,146,147,177,192,206,207,208,209,210,211,212,213,214,215,216,217,218,219,220,221,222,223,224,225,226,227,228,229,230,231,232,233,234,235,236,237,248,249,299,
177;1;1163;1198;1;0,1,2,5,6,7,8,9,10,11,12,13,14,15,20,21,22,23,24,25,26,40,45,61,62,68,69,70,71,78,79,80,81,88,91,117,122,138,143,144,145,146,147,177,192,206,207,208,209,210,211,212,213,214,215,216,217,218,219,220,221,222,223,224,225,226,227,228,229,230,231,232,233,234,235,236,237,248,249,299,
183;0;1198;1218;1;0,1,2,5,6,7,8,9,10,11,12,13,14,15,20,21,22,23,24,25,26,40,45,61,62,68,69,70,71,78,79,80,81,88,91,117,122,138,143,144,145,146,147,177,192,206,207,208,209,210,211,212,213,214,215,216,217,218,219,220,221,222,223,224,225,226,227,228,229,230,231,232,233,234,235,236,237,248,249,299,
155;0;1218;1389;0;0,1,2,5,6,7,8,9,10,11,12,13,14,15,20,21,22,23,24,25,26,40,45,61,62,68,69,70,71,78,79,80,81,88,91,117,122,138,143,144,145,146,147,177,192,206,207,208,209,210,211,212,213,214,215,216,217,218,219,220,221,222,223,224,225,226,227,228,229,230,231,232,233,234,235,236,237,248,249,299,
184;0;1389;1563;1;0,1,2,5,6,7,8,9,10,11,12,13,14,15,20,21,22,23,24,25,26,40,45,61,62,68,69,70,71,78,79,80,81,88,91,117,122,138,143,144,145,146,147,177,192,206,207,208,209,210,211,212,213,214,215,216,217,218,219,220,221,222,223,224,225,226,227,228,229,230,231,232,233,234,235,236,237,248,249,299,
184;1;1563;1728;1;0,1,2,5,6,7,8,9,10,11,12,13,14,15,20,21,22,23,24,25,26,40,45,61,62,68,69,70,71,78,79,80,81,88,91,117,122,138,143,144,145,146,147,177,192,206,207,208,209,210,211,212,213,214,215,216,217,218,219,220,221,222,223,224,225,226,227,228,229,230,231,232,233,234,235,236,237,248,249,299,
237;0;1728;1867;1;0,1,2,5,6,7,8,9,10,11,12,13,14,15,20,21,22,23,24,25,26,40,45,61,62,68,69,70,71,78,79,80,81,88,91,117,122,138,143,144,145,146,147,177,192,206,207,208,209,210,211,212,213,214,215,216,217,218,219,220,221,222,223,224,225,226,227,228,229,230,231,232,233,234,235,236,237,248,249,299,
237;1;1867;1961;1;0,1,2,5,6,7,8,9,10,11,12,13,14,15,20,21,22,23,24,25,26,40,45,61,62,68,69,70,71,78,79,80,81,88,91,117,122,138,143,144,145,146,147,177,192,206,207,208,209,210,211,212,213,214,215,216,217,218,219,220,221,222,223,224,225,226,227,228,229,230,231,232,233,234,235,236,237,248,249,299,
25;0;1961;1987;0;0,1,2,5,6,7,8,9,10,11,12,13,14,15,20,21,22,23,24,25,26,40,45,61,62,68,69,70,71,78,79,80,81,88,91,117,122,138,143,144,145,146,147,177,192,206,207,208,209,210,211,212,213,214,215,216,217,218,219,220,221,222,223,224,225,226,227,228,229,230,231,232,233,234,235,236,237,248,249,299,
46;0;1987;2138;0;0,1,2,5,6,7,8,9,10,11,12,13,14,15,20,21,22,23,24,25,26,40,45,61,62,68,69,70,71,78,79,80,81,88,91,117,122,138,143,144,145,146,147,177,192,206,207,208,209,210,211,212,213,214,215,216,217,218,219,220,221,222,223,224,225,226,227,228,229,230,231,232,233,234,235,236,237,248,249,299,
56;0;2138;2155;0;0,1,2,5,6,7,8,9,10,11,12,13,14,15,20,21,22,23,24,25,26,40,45,61,62,68,69,70,71,78,79,80,81,88,91,117,122,138,143,144,145,146,147,177,192,206,207,208,209,210,211,212,213,214,215,216,217,218,219,220,221,222,223,224,225,226,227,228,229,230,231,232,233,234,235,236,237,248,249,299,
149;0;2155;2227;0;0,1,2,5,6,7,8,9,10,11,12,13,14,15,20,21,22,23,24,25,26,40,45,61,62,68,69,70,71,78,79,80,81,88,91,117,122,138,143,144,145,146,147,177,192,206,207,208,209,210,211,212,213,214,215,216,217,218,219,220,221,222,223,224,225,226,227,228,229,230,231,232,233,234,235,236,237,248,249,299,
149;1;2227;2282;0;0,1,2,5,6,7,8,9,10,11,12,13,14,15,20,21,22,23,24,25,26,40,45,61,62,68,69,70,71,78,79,80,81,88,91,117,122,138,143,144,145,146,147,177,192,206,207,208,209,210,211,212,213,214,215,216,217,218,219,220,221,222,223,224,225,226,227,228,229,230,231,232,233,234,235,236,237,248,249,299,
171;0;2282;2394;1;0,1,2,5,6,7,8,9,10,11,12,13,14,15,20,21,22,23,24,25,26,40,45,61,62,68,69,70,71,78,79,80,81,88,91,117,122,138,143,144,145,146,147,177,192,206,207,208,209,210,211,212,213,214,215,216,217,218,219,220,221,222,223,224,225,226,227,228,229,230,231,232,233,234,235,236,237,248,249,299,
161;0;2394;2504;1;0,1,2,5,6,7,8,9,10,11,12,13,14,15,20,21,22,23,24,25,26,40,45,61,62,68,69,70,71,78,79,80,81,88,91,117,122,138,143,144,145,146,147,177,192,206,207,208,209,210,211,212,213,214,215,216,217,218,219,220,221,222,223,224,225,226,227,228,229,230,231,232,233,234,235,236,237,248,249,299,
8;0;2504;2581;0;0,1,2,5,6,7,8,9,10,11,12,13,14,15,20,21,22,23,24,25,26,40,45,61,62,68,69,70,71,78,79,80,81,88,91,117,122,138,143,144,145,146,147,177,192,206,207,208,209,210,211,212,213,214,215,216,217,218,219,220,221,222,223,224,225,226,227,228,229,230,231,232,233,234,235,236,237,248,249,299,
158;0;2581;2741;0;0,1,2,5,6,7,8,9,10,11,12,13,14,15,20,21,22,23,24,25,26,40,45,61,62,68,69,70,71,78,79,80,81,88,91,117,122,138,143,144,145,146,147,177,192,206,207,208,209,210,211,212,213,214,215,216,217,218,219,220,221,222,223,224,225,226,227,228,229,230,231,232,233,234,235,236,237,248,249,299,
167;0;2741;2751;1;0,1,2,5,6,7,8,9,10,11,12,13,14,15,20,21,22,23,24,25,26,40,45,61,62,68,69,70,71,78,79,80,81,88,91,117,122,138,143,144,145,146,147,177,192,206,207,208,209,210,211,212,213,214,215,216,217,218,219,220,221,222,223,224,225,226,227,228,229,230,231,232,233,234,235,236,237,248,249,299,
167;1;2751;2845;1;0,1,2,5,6,7,8,9,10,11,12,13,14,15,20,21,22,23,24,25,26,40,45,61,62,68,69,70,71,78,79,80,81,88,91,117,122,138,143,144,145,146,147,177,192,206,207,208,209,210,211,212,213,214,215,216,217,218,219,220,221,222,223,224,225,226,227,228,229,230,231,232,233,234,235,236,237,248,249,299,
6;0;2845;2976;0;0,1,2,5,6,7,8,9,10,11,12,13,14,15,20,21,22,23,24,25,26,40,45,61,62,68,69,70,71,78,79,80,81,88,91,117,122,138,143,144,145,146,147,177,192,206,207,208,209,210,211,212,213,214,215,216,217,218,219,220,221,222,223,224,225,226,227,228,229,230,231,232,233,234,235,236,237,248,249,299,
80;0;2976;3011;1;0,1,2,5,6,7,8,9,10,11,12,13,14,15,20,21,22,23,24,25,26,40,45,61,62,68,69,70,71,78,79,80,81,88,91,117,122,138,143,144,145,146,147,177,192,206,207,208,209,210,211,212,213,214,215,216,217,218,219,220,221,222,223,224,225,226,227,228,229,230,231,232,233,234,235,236,237,248,249,299,
214;0;3011;3026;1;0,1,2,5,6,7,8,9,10,11,12,13,14,15,20,21,22,23,24,25,26,40,45,61,62,68,69,70,71,78,79,80,81,88,91,117,122,138,143,144,145,146,147,177,192,206,207,208,209,210,211,212,213,214,215,216,217,218,219,220,221,222,223,224,225,226,227,228,229,230,231,232,233,234,235,236,237,248,249,299,
214;1;3026;3129;1;0,1,2,5,6,7,8,9,10,11,12,13,14,15,20,21,22,23,24,25,26,40,45,61,62,68,69,70,71,78,79,80,81,88,91,117,122,138,143,144,145,146,147,177,192,206,207,208,209,210,211,212,213,214,215,216,217,218,219,220,221,222,223,224,225,226,227,228,229,230,231,232,233,234,235,236,237,248,249,299,
119;0;3129;3225;0;0,1,2,5,6,7,8,9,10,11,12,13,14,15,20,21,22,23,24,25,26,40,45,61,62,68,69,70,71,78,79,80,81,88,91,117,122,138,143,144,145,146,147,177,192,206,207,208,209,210,211,212,213,214,215,216,217,218,219,220,221,222,223,224,225,226,227,228,229,230,231,232,233,234,235,236,237,248,249,299,
119;1;3225;3370;0;0,1,2,5,6,7,8,9,10,11,12,13,14,15,20,21,22,23,24,25,26,40,45,61,62,68,69,70,71,78,79,80,81,88,91,117,122,138,143,144,145,146,147,177,192,206,207,208,209,210,211,212,213,214,215,216,217,218,219,220,221,222,223,224,225,226,227,228,229,230,231,232,233,234,235,236,237,248,249,299,
58;0;3370;3496;0;0,1,2,5,6,7,8,9,10,11,12,13,14,15,20,21,22,23,24,25,26,40,45,61,62,68,69,70,71,78,79,80,81,88,91,117,122,138,143,144,145,146,147,177,192,206,207,208,209,210,211,212,213,214,215,216,217,218,219,220,221,222,223,224,225,226,227,228,229,230,231,232,233,234,235,236,237,248,249,299,
64;0;3496;3574;1;0,1,2,5,6,7,8,9,10,11,12,13,14,15,20,21,22,23,24,25,26,40,45,61,62,68,69,70,71,78,79,80,81,88,91,117,122,138,143,144,145,146,147,177,192,206,207,208,209,210,211,212,213,214,215,216,217,218,219,220,221,222,223,224,225,226,227,228,229,230,231,232,233,234,235,236,237,248,249,299,
64;1;3574;3744;1;0,1,2,5,6,7,8,9,10,11,12,13,14,15,20,21,22,23,24,25,26,40,45,61,62,68,69,70,71,78,79,80,81,88,91,117,122,138,143,144,145,146,147,177,192,206,207,208,209,210,211,212,213,214,215,216,217,218,219,220,221,222,223,224,225,226,227,228,229,230,231,232,233,234,235,236,237,248,249,299,
18;0;3744;3749;0;0,1,2,5,6,7,8,9,10,11,12,13,14,15,20,21,22,23,24,25,26,40,45,61,62,68,69,70,71,78,79,80,81,88,91,117,122,138,143,144,145,146,147,177,192,206,207,208,209,210,211,212,213,214,215,216,217,218,219,220,221,222,223,224,225,226,227,228,229,230,231,232,233,234,235,236,237,248,249,299,
189;0;3749;3817;0;0,1,2,5,6,7,8,9,10,11,12,13,14,15,20,21,22,23,24,25,26,40,45,61,62,68,69,70,71,78,79,80,81,88,91,117,122,138,143,144,145,146,147,177,192,206,207,208,209,210,211,212,213,214,215,216,217,218,219,220,221,222,223,224,225,226,227,228,229,230,231,232,233,234,235,236,237,248,249,299,
189;1;3817;3942;0;0,1,2,5,6,7,8,9,10,11,12,13,14,15,20,21,22,23,24,25,26,40,45,61,62,68,69,70,71,78,79,80,81,88,91,117,122,138,143,144,145,146,147,177,192,206,207,208,209,210,211,212,213,214,215,216,217,218,219,220,221,222,223,224,225,226,227,228,229,230,231,232,233,234,235,236,237,248,249,299,
213;0;3942;3978;1;0,1,2,5,6,7,8,9,10,11,12,13,14,15,20,21,22,23,24,25,26,40,45,61,62,68,69,70,71,78,79,80,81,88,91,117,122,138,143,144,145,146,147,177,192,206,207,208,209,210,211,212,213,214,215,216,217,218,219,220,221,222,223,224,225,226,227,228,229,230,231,232,233,234,235,236,237,248,249,299,
1;0;3978;4125;0;0,1,2,5,6,7,8,9,10,11,12,13,14,15,20,21,22,23,24,25,26,40,45,61,62,68,69,70,71,78,79,80,81,88,91,117,122,138,143,144,145,146,147,177,192,206,207,208,209,210,211,212,213,214,215,216,217,218,219,220,221,222,223,224,225,226,227,228,229,230,231,232,233,234,235,236,237,248,249,299,
157;0;4125;4234;1;0,1,2,5,6,7,8,9,10,11,12,13,14,15,20,21,22,23,24,25,26,40,45,61,62,68,69,70,71,78,79,80,81,88,91,117,122,138,143,144,145,146,147,177,192,206,207,208,209,210,211,212,213,214,215,216,217,218,219,220,221,222,223,224,225,226,227,228,229,230,231,232,233,234,235,236,237,248,249,299,
157;1;4234;4270;1;0,1,2,5,6,7,8,9,10,11,12,13,14,15,20,21,22,23,24,25,26,40,45,61,62,68,69,70,71,78,79,80,81,88,91,117,122,138,143,144,145,146,147,177,192,206,207,208,209,210,211,212,213,214,215,216,217,218,219,220,221,222,223,224,225,226,227,228,229,230,231,232,233,234,235,236,237,248,249,299,
195;0;4270;4334;0;0,1,2,5,6,7,8,9,10,11,12,13,14,15,20,21,22,23,24,25,26,40,45,61,62,68,69,70,71,78,79,80,81,88,91,117,122,138,143,144,145,146,147,177,192,206,207,208,209,210,211,212,213,214,215,216,217,218,219,220,221,222,223,224,225,226,227,228,229,230,231,232,233,234,235,236,237,248,249,299,
89;0;4334;4385;0;0,1,2,5,6,7,8,9,10,11,12,13,14,15,20,21,22,23,24,25,26,40,45,61,62,68,69,70,71,78,79,80,81,88,91,117,122,138,143,144,145,146,147,177,192,206,207,208,209,210,211,212,213,214,215,216,217,218,219,220,221,222,223,224,225,226,227,228,229,230,231,232,233,234,235,236,237,248,249,299,
89;1;4385;4563;0;0,1,2,5,6,7,8,9,10,11,12,13,14,15,20,21,22,23,24,25,26,40,45,61,62,68,69,70,71,78,79,80,81,88,91,117,122,138,143,144,145,146,147,177,192,206,207,208,209,210,211,212,213,214,215,216,217,218,219,220,221,222,223,224,225,226,227,228,229,230,231,232,233,234,235,236,237,248,249,299,
78;0;4563;4650;0;0,1,2,5,6,7,8,9,10,11,12,13,14,15,20,21,22,23,24,25,26,40,45,61,62,68,69,70,71,78,79,80,81,88,91,117,122,138,143,144,145,146,147,177,192,206,207,208,209,210,211,212,213,214,215,216,217,218,219,220,221,222,223,224,225,226,227,228,229,230,231,232,233,234,235,236,237,248,249,299,
60;0;4650;4687;1;0,1,2,5,6,7,8,9,10,11,12,13,14,15,20,21,22,23,24,25,26,40,45,61,62,68,69,70,71,78,79,80,81,88,91,117,122,138,143,144,145,146,147,177,192,206,207,208,209,210,211,212,213,214,215,216,217,218,219,220,221,222,223,224,225,226,227,228,229,230,231,232,233,234,235,236,237,248,249,299,
104;0;4687;4764;1;0,1,2,5,6,7,8,9,10,11,12,13,14,15,20,21,22,23,24,25,26,40,45,61,62,68,69,70,71,78,79,80,81,88,91,117,122,138,143,144,145,146,147,177,192,206,207,208,209,210,211,212,213,214,215,216,217,218,219,220,221,222,223,224,225,226,227,228,229,230,231,232,233,234,235,236,237,248,249,299,
104;1;4764;4905;1;0,1,2,5,6,7,8,9,10,11,12,13,14,15,20,21,22,23,24,25,26,40,45,61,62,68,69,70,71,78,79,80,81,88,91,117,122,138,143,144,145,146,147,177,192,206,207,208,209,210,211,212,213,214,215,216,217,218,219,220,221,222,223,224,225,226,227,228,229,230,231,232,233,234,235,236,237,248,249,299,
48;0;4905;4931;0;0,1,2,5,6,7,8,9,10,11,12,13,14,15,20,21,22,23,24,25,26,40,45,61,62,68,69,70,71,78,79,80,81,88,91,117,122,138,143,144,145,146,147,177,192,206,207,208,209,210,211,212,213,214,215,216,217,218,219,220,221,222,223,224,225,226,227,228,229,230,231,232,233,234,235,236,237,248,249,299,
40;0;4931;4960;1;0,1,2,5,6,7,8,9,10,11,12,13,14,15,20,21,22,23,24,25,26,40,45,61,62,68,69,70,71,78,79,80,81,88,91,117,122,138,143,144,145,146,147,177,192,206,207,208,209,210,211,212,213,214,215,216,217,218,219,220,221,222,223,224,225,226,227,228,229,230,231,232,233,234,235,236,237,248,249,299,
Machine: 5
127;0;0;32;1;0,1,2,5,6,10,12,13,14,15,20,26,27,36,40,41,42,43,44,45,47,48,49,50,51,55,63,83,88,123,124,138,139,140,141,142,164,165,166,193,195,196,201,202,203,204,205,213,238,239,240,250,251,252,253,254,255,256,257,258,259,265,266,267,268,269,270,271,272,273,275,276,277,278,280,281,282,320,321,322,
127;1;32;112;1;0,1,2,5,6,10,12,13,14,15,20,26,27,36,40,41,42,43,44,45,47,48,49,50,51,55,63,83,88,123,124,138,139,140,141,142,164,165,166,193,195,196,201,202,203,204,205,213,238,239,240,250,251,252,253,254,255,256,257,258,259,265,266,267,268,269,270,271,272,273,275,276,277,278,280,281,282,320,321,322,
151;0;112;237;1;0,1,2,5,6,10,12,13,14,15,20,26,27,36,40,41,42,43,44,45,47,48,49,50,51,55,63,83,88,123,124,138,139,140,141,142,164,165,166,193,195,196,201,202,203,204,205,213,238,239,240,250,251,252,253,254,255,256,257,258,259,265,266,267,268,269,270,271,272,273,275,276,277,278,280,281,282,320,321,322,
175;0;237;279;0;0,1,2,5,6,10,12,13,14,15,20,26,27,36,40,41,42,43,44,45,47,48,49,50,51,55,63,83,88,123,124,138,139,140,141,142,164,165,166,193,195,196,201,202,203,204,205,213,238,239,240,250,251,252,253,254,255,256,257,258,259,265,266,267,268,269,270,271,272,273,275,276,277,278,280,281,282,320,321,322,
96;0;279;355;0;0,1,2,5,6,10,12,13,14,15,20,26,27,36,40,41,42,43,44,45,47,48,49,50,51,55,63,83,88,123,124,138,139,140,141,142,164,165,166,193,195,196,201,202,203,204,205,213,238,239,240,250,251,252,253,254,255,256,257,258,259,265,266,267,268,269,270,271,272,273,275,276,277,278,280,281,282,320,321,322,
143;0;355;369;1;0,1,2,5,6,10,12,13,14,15,20,26,27,36,40,41,42,43,44,45,47,48,49,50,51,55,63,83,88,123,124,138,139,140,141,142,164,165,166,193,195,196,201,202,203,204,205,213,238,239,240,250,251,252,253,254,255,256,257,258,259,265,266,267,268,269,270,271,272,273,275,276,277,278,280,281,282,320,321,322,
123;0;369;417;1;0,1,2,5,6,10,12,13,14,15,20,26,27,36,40,41,42,43,44,45,47,48,49,50,51,55,63,83,88,123,124,138,139,140,141,142,164,165,166,193,195,196,201,202,203,204,205,213,238,239,240,250,251,252,253,254,255,256,257,258,259,265,266,267,268,269,270,271,272,273,275,276,277,278,280,281,282,320,321,322,
210;0;417;531;1;0,1,2,5,6,10,12,13,14,15,20,26,27,36,40,41,42,43,44,45,47,48,49,50,51,55,63,83,88,123,124,138,139,140,141,142,164,165,166,193,195,196,201,202,203,204,205,213,238,239,240,250,251,252,253,254,255,256,257,258,259,265,266,267,268,269,270,271,272,273,275,276,277,278,280,281,282,320,321,322,
165;0;531;591;0;0,1,2,5,6,10,12,13,14,15,20,26,27,36,40,41,42,43,44,45,47,48,49,50,51,55,63,83,88,123,124,138,139,140,141,142,164,165,166,193,195,196,201,202,203,204,205,213,238,239,240,250,251,252,253,254,255,256,257,258,259,265,266,267,268,269,270,271,272,273,275,276,277,278,280,281,282,320,321,322,
131;0;591;599;1;0,1,2,5,6,10,12,13,14,15,20,26,27,36,40,41,42,43,44,45,47,48,49,50,51,55,63,83,88,123,124,138,139,140,141,142,164,165,166,193,195,196,201,202,203,204,205,213,238,239,240,250,251,252,253,254,255,256,257,258,259,265,266,267,268,269,270,271,272,273,275,276,277,278,280,281,282,320,321,322,
162;0;599;717;0;0,1,2,5,6,10,12,13,14,15,20,26,27,36,40,41,42,43,44,45,47,48,49,50,51,55,63,83,88,123,124,138,139,140,141,142,164,165,166,193,195,196,201,202,203,204,205,213,238,239,240,250,251,252,253,254,255,256,257,258,259,265,266,267,268,269,270,271,272,273,275,276,277,278,280,281,282,320,321,322,
162;1;717;749;0;0,1,2,5,6,10,12,13,14,15,20,26,27,36,40,41,42,43,44,45,47,48,49,50,51,55,63,83,88,123,124,138,139,140,141,142,164,165,166,193,195,196,201,202,203,204,205,213,238,239,240,250,251,252,253,254,255,256,257,258,259,265,266,267,268,269,270,271,272,273,275,276,277,278,280,281,282,320,321,322,
144;0;749;793;1;0,1,2,5,6,10,12,13,14,15,20,26,27,36,40,41,42,43,44,45,47,48,49,50,51,55,63,83,88,123,124,138,139,140,141,142,164,165,166,193,195,196,201,202,203,204,205,213,238,239,240,250,251,252,253,254,255,256,257,258,259,265,266,267,268,269,270,271,272,273,275,276,277,278,280,281,282,320,321,322,
144;1;793;902;1;0,1,2,5,6,10,12,13,14,15,20,26,27,36,40,41,42,43,44,45,47,48,49,50,51,55,63,83,88,123,124,138,139,140,141,142,164,165,166,193,195,196,201,202,203,204,205,213,238,239,240,250,251,252,253,254,255,256,257,258,259,265,266,267,268,269,270,271,272,273,275,276,277,278,280,281,282,320,321,322,
132;0;902;931;0;0,1,2,5,6,10,12,13,14,15,20,26,27,36,40,41,42,43,44,45,47,48,49,50,51,55,63,83,88,123,124,138,139,140,141,142,164,165,166,193,195,196,201,202,203,204,205,213,238,239,240,250,251,252,253,254,255,256,257,258,259,265,266,267,268,269,270,271,272,273,275,276,277,278,280,281,282,320,321,322,
132;1;931;1049;0;0,1,2,5,6,10,12,13,14,15,20,26,27,36,40,41,42,43,44,45,47,48,49,50,51,55,63,83,88,123,124,138,139,140,141,142,164,165,166,193,195,196,201,202,203,204,205,213,238,239,240,250,251,252,253,254,255,256,257,258,259,265,266,267,268,269,270,271,272,273,275,276,277,278,280,281,282,320,321,322,
72;0;1049;1212;0;0,1,2,5,6,10,12,13,14,15,20,26,27,36,40,41,42,43,44,45,47,48,49,50,51,55,63,83,88,123,124,138,139,140,141,142,164,165,166,193,195,196,201,202,203,204,205,213,238,239,240,250,251,252,253,254,255,256,257,258,259,265,266,267,268,269,270,271,272,273,275,276,277,278,280,281,282,320,321,322,
72;1;1212;1317;0;0,1,2,5,6,10,12,13,14,15,20,26,27,36,40,41,42,43,44,45,47,48,49,50,51,55,63,83,88,123,124,138,139,140,141,142,164,165,166,193,195,196,201,202,203,204,205,213,238,239,240,250,251,252,253,254,255,256,257,258,259,265,266,267,268,269,270,271,272,273,275,276,277,278,280,281,282,320,321,322,
85;0;1317;1448;0;0,1,2,5,6,10,12,13,14,15,20,26,27,36,40,41,42,43,44,45,47,48,49,50,51,55,63,83,88,123,124,138,139,140,141,142,164,165,166,193,195,196,201,202,203,204,205,213,238,239,240,250,251,252,253,254,255,256,257,258,259,265,266,267,268,269,270,271,272,273,275,276,277,278,280,281,282,320,321,322,
110;0;1448;1627;1;0,1,2,5,6,10,12,13,14,15,20,26,27,36,40,41,42,43,44,45,47,48,49,50,51,55,63,83,88,123,124,138,139,140,141,142,164,165,166,193,195,196,201,202,203,204,205,213,238,239,240,250,251,252,253,254,255,256,257,258,259,265,266,267,268,269,270,271,272,273,275,276,277,278,280,281,282,320,321,322,
125;0;1627;1769;0;0,1,2,5,6,10,12,13,14,15,20,26,27,36,40,41,42,43,44,45,47,48,49,50,51,55,63,83,88,123,124,138,139,140,141,142,164,165,166,193,195,196,201,202,203,204,205,213,238,239,240,250,251,252,253,254,255,256,257,258,259,265,266,267,268,269,270,271,272,273,275,276,277,278,280,281,282,320,321,322,
223;0;1769;1783;1;0,1,2,5,6,10,12,13,14,15,20,26,27,36,40,41,42,43,44,45,47,48,49,50,51,55,63,83,88,123,124,138,139,140,141,142,164,165,166,193,195,196,201,202,203,204,205,213,238,239,240,250,251,252,253,254,255,256,257,258,259,265,266,267,268,269,270,271,272,273,275,276,277,278,280,281,282,320,321,322,
115;0;1783;1803;0;0,1,2,5,6,10,12,13,14,15,20,26,27,36,40,41,42,43,44,45,47,48,49,50,51,55,63,83,88,123,124,138,139,140,141,142,164,165,166,193,195,196,201,202,203,204,205,213,238,239,240,250,251,252,253,254,255,256,257,258,259,265,266,267,268,269,270,271,272,273,275,276,277,278,280,281,282,320,321,322,
42;0;1803;1848;0;0,1,2,5,6,10,12,13,14,15,20,26,27,36,40,41,42,43,44,45,47,48,49,50,51,55,63,83,88,123,124,138,139,140,141,142,164,165,166,193,195,196,201,202,203,204,205,213,238,239,240,250,251,252,253,254,255,256,257,258,259,265,266,267,268,269,270,271,272,273,275,276,277,278,280,281,282,320,321,322,
42;1;1848;1973;0;0,1,2,5,6,10,12,13,14,15,20,26,27,36,40,41,42,43,44,45,47,48,49,50,51,55,63,83,88,123,124,138,139,140,141,142,164,165,166,193,195,196,201,202,203,204,205,213,238,239,240,250,251,252,253,254,255,256,257,258,259,265,266,267,268,269,270,271,272,273,275,276,277,278,280,281,282,320,321,322,
240;0;1973;2022;1;0,1,2,5,6,10,12,13,14,15,20,26,27,36,40,41,42,43,44,45,47,48,49,50,51,55,63,83,88,123,124,138,139,140,141,142,164,165,166,193,195,196,201,202,203,204,205,213,238,239,240,250,251,252,253,254,255,256,257,258,259,265,266,267,268,269,270,271,272,273,275,276,277,278,280,281,282,320,321,322,
92;0;2022;2143;0;0,1,2,5,6,10,12,13,14,15,20,26,27,36,40,41,42,43,44,45,47,48,49,50,51,55,63,83,88,123,124,138,139,140,141,142,164,165,166,193,195,196,201,202,203,204,205,213,238,239,240,250,251,252,253,254,255,256,257,258,259,265,266,267,268,269,270,271,272,273,275,276,277,278,280,281,282,320,321,322,
92;1;2143;2151;0;0,1,2,5,6,10,12,13,14,15,20,26,27,36,40,41,42,43,44,45,47,48,49,50,51,55,63,83,88,123,124,138,139,140,141,142,164,165,166,193,195,196,201,202,203,204,205,213,238,239,240,250,251,252,253,254,255,256,257,258,259,265,266,267,268,269,270,271,272,273,275,276,277,278,280,281,282,320,321,322,
150;0;2151;2330;1;0,1,2,5,6,10,12,13,14,15,20,26,27,36,40,41,42,43,44,45,47,48,49,50,51,55,63,83,88,123,124,138,139,140,141,142,164,165,166,193,195,196,201,202,203,204,205,213,238,239,240,250,251,252,253,254,255,256,257,258,259,265,266,267,268,269,270,271,272,273,275,276,277,278,280,281,282,320,321,322,
9;0;2330;2414;0;0,1,2,5,6,10,12,13,14,15,20,26,27,36,40,41,42,43,44,45,47,48,49,50,51,55,63,83,88,123,124,138,139,140,141,142,164,165,166,193,195,196,201,202,203,204,205,213,238,239,240,250,251,252,253,254,255,256,257,258,259,265,266,267,268,269,270,271,272,273,275,276,277,278,280,281,282,320,321,322,
9;1;2414;2474;0;0,1,2,5,6,10,12,13,14,15,20,26,27,36,40,41,42,43,44,45,47,48,49,50,51,55,63,83,88,123,124,138,139,140,141,142,164,165,166,193,195,196,201,202,203,204,205,213,238,239,240,250,251,252,253,254,255,256,257,258,259,265,266,267,268,269,270,271,272,273,275,276,277,278,280,281,282,320,321,322,
116;0;2474;2516;0;0,1,2,5,6,10,12,13,14,15,20,26,27,36,40,41,42,43,44,45,47,48,49,50,51,55,63,83,88,123,124,138,139,140,141,142,164,165,166,193,195,196,201,202,203,204,205,213,238,239,240,250,251,252,253,254,255,256,257,258,259,265,266,267,268,269,270,271,272,273,275,276,277,278,280,281,282,320,321,322,
198;0;2516;2592;0;0,1,2,5,6,10,12,13,14,15,20,26,27,36,40,41,42,43,44,45,47,48,49,50,51,55,63,83,88,123,124,138,139,140,141,142,164,165,166,193,195,196,201,202,203,204,205,213,238,239,240,250,251,252,253,254,255,256,257,258,259,265,266,267,268,269,270,271,272,273,275,276,277,278,280,281,282,320,321,322,
166;0;2592;2706;0;0,1,2,5,6,10,12,13,14,15,20,26,27,36,40,41,42,43,44,45,47,48,49,50,51,55,63,83,88,123,124,138,139,140,141,142,164,165,166,193,195,196,201,202,203,204,205,213,238,239,240,250,251,252,253,254,255,256,257,258,259,265,266,267,268,269,270,271,272,273,275,276,277,278,280,281,282,320,321,322,
187;0;2706;2787;1;0,1,2,5,6,10,12,13,14,15,20,26,27,36,40,41,42,43,44,45,47,48,49,50,51,55,63,83,88,123,124,138,139,140,141,142,164,165,166,193,195,196,201,202,203,204,205,213,238,239,240,250,251,252,253,254,255,256,257,258,259,265,266,267,268,269,270,271,272,273,275,276,277,278,280,281,282,320,321,322,
187;1;2787;2938;1;0,1,2,5,6,10,12,13,14,15,20,26,27,36,40,41,42,43,44,45,47,48,49,50,51,55,63,83,88,123,124,138,139,140,141,142,164,165,166,193,195,196,201,202,203,204,205,213,238,239,240,250,251,252,253,254,255,256,257,258,259,265,266,267,268,269,270,271,272,273,275,276,277,278,280,281,282,320,321,322,
124;0;2938;3098;1;0,1,2,5,6,10,12,13,14,15,20,26,27,36,40,41,42,43,44,45,47,48,49,50,51,55,63,83,88,123,124,138,139,140,141,142,164,165,166,193,195,196,201,202,203,204,205,213,238,239,240,250,251,252,253,254,255,256,257,258,259,265,266,267,268,269,270,271,272,273,275,276,277,278,280,281,282,320,321,322,
124;1;3098;3142;1;0,1,2,5,6,10,12,13,14,15,20,26,27,36,40,41,42,43,44,45,47,48,49,50,51,55,63,83,88,123,124,138,139,140,141,142,164,165,166,193,195,196,201,202,203,204,205,213,238,239,240,250,251,252,253,254,255,256,257,258,259,265,266,267,268,269,270,271,272,273,275,276,277,278,280,281,282,320,321,322,
191;0;3142;3208;1;0,1,2,5,6,10,12,13,14,15,20,26,27,36,40,41,42,43,44,45,47,48,49,50,51,55,63,83,88,123,124,138,139,140,141,142,164,165,166,193,195,196,201,202,203,204,205,213,238,239,240,250,251,252,253,254,255,256,257,258,259,265,266,267,268,269,270,271,272,273,275,276,277,278,280,281,282,320,321,322,
176;0;3208;3249;0;0,1,2,5,6,10,12,13,14,15,20,26,27,36,40,41,42,43,44,45,47,48,49,50,51,55,63,83,88,123,124,138,139,140,141,142,164,165,166,193,195,196,201,202,203,204,205,213,238,239,240,250,251,252,253,254,255,256,257,258,259,265,266,267,268,269,270,271,272,273,275,276,277,278,280,281,282,320,321,322,
241;0;3249;3347;1;0,1,2,5,6,10,12,13,14,15,20,26,27,36,40,41,42,43,44,45,47,48,49,50,51,55,63,83,88,123,124,138,139,140,141,142,164,165,166,193,195,196,201,202,203,204,205,213,238,239,240,250,251,252,253,254,255,256,257,258,259,265,266,267,268,269,270,271,272,273,275,276,277,278,280,281,282,320,321,322,
234;0;3347;3376;1;0,1,2,5,6,10,12,13,14,15,20,26,27,36,40,41,42,43,44,45,47,48,49,50,51,55,63,83,88,123,124,138,139,140,141,142,164,165,166,193,195,196,201,202,203,204,205,213,238,239,240,250,251,252,253,254,255,256,257,258,259,265,266,267,268,269,270,271,272,273,275,276,277,278,280,281,282,320,321,322,
234;1;3376;3408;1;0,1,2,5,6,10,12,13,14,15,20,26,27,36,40,41,42,43,44,45,47,48,49,50,51,55,63,83,88,123,124,138,139,140,141,142,164,165,166,193,195,196,201,202,203,204,205,213,238,239,240,250,251,252,253,254,255,256,257,258,259,265,266,267,268,269,270,271,272,273,275,276,277,278,280,281,282,320,321,322,
54;0;3408;3450;1;0,1,2,5,6,10,12,13,14,15,20,26,27,36,40,41,42,43,44,45,47,48,49,50,51,55,63,83,88,123,124,138,139,140,141,142,164,165,166,193,195,196,201,202,203,204,205,213,238,239,240,250,251,252,253,254,255,256,257,258,259,265,266,267,268,269,270,271,272,273,275,276,277,278,280,281,282,320,321,322,
54;1;3450;3491;1;0,1,2,5,6,10,12,13,14,15,20,26,27,36,40,41,42,43,44,45,47,48,49,50,51,55,63,83,88,123,124,138,139,140,141,142,164,165,166,193,195,196,201,202,203,204,205,213,238,239,240,250,251,252,253,254,255,256,257,258,259,265,266,267,268,269,270,271,272,273,275,276,277,278,280,281,282,320,321,322,
30;0;3491;3499;1;0,1,2,5,6,10,12,13,14,15,20,26,27,36,40,41,42,43,44,45,47,48,49,50,51,55,63,83,88,123,124,138,139,140,141,142,164,165,166,193,195,196,201,202,203,204,205,213,238,239,240,250,251,252,253,254,255,256,257,258,259,265,266,267,268,269,270,271,272,273,275,276,277,278,280,281,282,320,321,322,
212;0;3499;3648;0;0,1,2,5,6,10,12,13,14,15,20,26,27,36,40,41,42,43,44,45,47,48,49,50,51,55,63,83,88,123,124,138,139,140,141,142,164,165,166,193,195,196,201,202,203,204,205,213,238,239,240,250,251,252,253,254,255,256,257,258,259,265,266,267,268,269,270,271,272,273,275,276,277,278,280,281,282,320,321,322,
212;1;3648;3798;0;0,1,2,5,6,10,12,13,14,15,20,26,27,36,40,41,42,43,44,45,47,48,49,50,51,55,63,83,88,123,124,138,139,140,141,142,164,165,166,193,195,196,201,202,203,204,205,213,238,239,240,250,251,252,253,254,255,256,257,258,259,265,266,267,268,269,270,271,272,273,275,276,277,278,280,281,282,320,321,322,
90;0;3798;3839;1;0,1,2,5,6,10,12,13,14,15,20,26,27,36,40,41,42,43,44,45,47,48,49,50,51,55,63,83,88,123,124,138,139,140,141,142,164,165,166,193,195,196,201,202,203,204,205,213,238,239,240,250,251,252,253,254,255,256,257,258,259,265,266,267,268,269,270,271,272,273,275,276,277,278,280,281,282,320,321,322,
200;0;3839;3908;1;0,1,2,5,6,10,12,13,14,15,20,26,27,36,40,41,42,43,44,45,47,48,49,50,51,55,63,83,88,123,124,138,139,140,141,142,164,165,166,193,195,196,201,202,203,204,205,213,238,239,240,250,251,252,253,254,255,256,257,258,259,265,266,267,268,269,270,271,272,273,275,276,277,278,280,281,282,320,321,322,
77;0;3908;3945;1;0,1,2,5,6,10,12,13,14,15,20,26,27,36,40,41,42,43,44,45,47,48,49,50,51,55,63,83,88,123,124,138,139,140,141,142,164,165,166,193,195,196,201,202,203,204,205,213,238,239,240,250,251,252,253,254,255,256,257,258,259,265,266,267,268,269,270,271,272,273,275,276,277,278,280,281,282,320,321,322,
77;1;3945;4032;1;0,1,2,5,6,10,12,13,14,15,20,26,27,36,40,41,42,43,44,45,47,48,49,50,51,55,63,83,88,123,124,138,139,140,141,142,164,165,166,193,195,196,201,202,203,204,205,213,238,239,240,250,251,252,253,254,255,256,257,258,259,265,266,267,268,269,270,271,272,273,275,276,277,278,280,281,282,320,321,322,
41;0;4032;4076;1;0,1,2,5,6,10,12,13,14,15,20,26,27,36,40,41,42,43,44,45,47,48,49,50,51,55,63,83,88,123,124,138,139,140,141,142,164,165,166,193,195,196,201,202,203,204,205,213,238,239,240,250,251,252,253,254,255,256,257,258,259,265,266,267,268,269,270,271,272,273,275,276,277,278,280,281,282,320,321,322,
141;0;4076;4157;1;0,1,2,5,6,10,12,13,14,15,20,26,27,36,40,41,42,43,44,45,47,48,49,50,51,55,63,83,88,123,124,138,139,140,141,142,164,165,166,193,195,196,201,202,203,204,205,213,238,239,240,250,251,252,253,254,255,256,257,258,259,265,266,267,268,269,270,271,272,273,275,276,277,278,280,281,282,320,321,322,
END
fineshedJobsCount: 339
switchs: 0
switchsInstances: 0
unfineshedPriorityCount: 0
totalUnfineshed: 0
criticalMachineSwitchs: 0
criticalMachineTime: 5874
Final Solution: 10170
Time: 471925
PTL: 281
MCMC: 494
Best Initial: 9548
Mean Initial: 9423.73
