./input/BaseInstances/6M1_n=629,r=0.6,t=798,v0.txt;./input/Processed/ToolSetInt.csv
7;720;1440
Machine: 0
317;0;0;98;0;0,1,2,3,4,5,6,7,8,9,21,36,38,40,44,54,55,56,57,58,59,60,61,62,77,85,134,137,151,155,156,158,159,160,161,162,163,164,165,166,177,188,193,194,195,196,197,198,199,211,212,213,269,270,271,272,273,274,275,276,440,441,442,443,444,445,446,447,448,449,489,586,587,588,598,789,790,791,792,793,
365;0;98;264;0;0,1,2,3,4,5,6,7,8,9,21,36,38,40,44,54,55,56,57,58,59,60,61,62,77,85,134,137,151,155,156,158,159,160,161,162,163,164,165,166,177,188,193,194,195,196,197,198,199,211,212,213,269,270,271,272,273,274,275,276,440,441,442,443,444,445,446,447,448,449,489,586,587,588,598,789,790,791,792,793,
57;0;264;362;0;0,1,2,3,4,5,6,7,8,9,21,36,38,40,44,54,55,56,57,58,59,60,61,62,77,85,134,137,151,155,156,158,159,160,161,162,163,164,165,166,177,188,193,194,195,196,197,198,199,211,212,213,269,270,271,272,273,274,275,276,440,441,442,443,444,445,446,447,448,449,489,586,587,588,598,789,790,791,792,793,
49;0;362;526;1;0,1,2,3,4,5,6,7,8,9,21,36,38,40,44,54,55,56,57,58,59,60,61,62,77,85,134,137,151,155,156,158,159,160,161,162,163,164,165,166,177,188,193,194,195,196,197,198,199,211,212,213,269,270,271,272,273,274,275,276,440,441,442,443,444,445,446,447,448,449,489,586,587,588,598,789,790,791,792,793,
49;1;526;599;1;0,1,2,3,4,5,6,7,8,9,21,36,38,40,44,54,55,56,57,58,59,60,61,62,77,85,134,137,151,155,156,158,159,160,161,162,163,164,165,166,177,188,193,194,195,196,197,198,199,211,212,213,269,270,271,272,273,274,275,276,440,441,442,443,444,445,446,447,448,449,489,586,587,588,598,789,790,791,792,793,
123;0;599;676;0;0,1,2,3,4,5,6,7,8,9,21,36,38,40,44,54,55,56,57,58,59,60,61,62,77,85,134,137,151,155,156,158,159,160,161,162,163,164,165,166,177,188,193,194,195,196,197,198,199,211,212,213,269,270,271,272,273,274,275,276,440,441,442,443,444,445,446,447,448,449,489,586,587,588,598,789,790,791,792,793,
123;1;676;731;0;0,1,2,3,4,5,6,7,8,9,21,36,38,40,44,54,55,56,57,58,59,60,61,62,77,85,134,137,151,155,156,158,159,160,161,162,163,164,165,166,177,188,193,194,195,196,197,198,199,211,212,213,269,270,271,272,273,274,275,276,440,441,442,443,444,445,446,447,448,449,489,586,587,588,598,789,790,791,792,793,
174;0;731;852;1;0,1,2,3,4,5,6,7,8,9,21,36,38,40,44,54,55,56,57,58,59,60,61,62,77,85,134,137,151,155,156,158,159,160,161,162,163,164,165,166,177,188,193,194,195,196,197,198,199,211,212,213,269,270,271,272,273,274,275,276,440,441,442,443,444,445,446,447,448,449,489,586,587,588,598,789,790,791,792,793,
174;1;852;1000;1;0,1,2,3,4,5,6,7,8,9,21,36,38,40,44,54,55,56,57,58,59,60,61,62,77,85,134,137,151,155,156,158,159,160,161,162,163,164,165,166,177,188,193,194,195,196,197,198,199,211,212,213,269,270,271,272,273,274,275,276,440,441,442,443,444,445,446,447,448,449,489,586,587,588,598,789,790,791,792,793,
381;0;1000;1036;1;0,1,2,3,4,5,6,7,8,9,21,36,38,40,44,54,55,56,57,58,59,60,61,62,77,85,134,137,151,155,156,158,159,160,161,162,163,164,165,166,177,188,193,194,195,196,197,198,199,211,212,213,269,270,271,272,273,274,275,276,440,441,442,443,444,445,446,447,448,449,489,586,587,588,598,789,790,791,792,793,
381;1;1036;1091;1;0,1,2,3,4,5,6,7,8,9,21,36,38,40,44,54,55,56,57,58,59,60,61,62,77,85,134,137,151,155,156,158,159,160,161,162,163,164,165,166,177,188,193,194,195,196,197,198,199,211,212,213,269,270,271,272,273,274,275,276,440,441,442,443,444,445,446,447,448,449,489,586,587,588,598,789,790,791,792,793,
0;0;1091;1141;1;0,1,2,3,4,5,6,7,8,9,21,36,38,40,44,54,55,56,57,58,59,60,61,62,77,85,134,137,151,155,156,158,159,160,161,162,163,164,165,166,177,188,193,194,195,196,197,198,199,211,212,213,269,270,271,272,273,274,275,276,440,441,442,443,444,445,446,447,448,449,489,586,587,588,598,789,790,791,792,793,
0;1;1141;1196;1;0,1,2,3,4,5,6,7,8,9,21,36,38,40,44,54,55,56,57,58,59,60,61,62,77,85,134,137,151,155,156,158,159,160,161,162,163,164,165,166,177,188,193,194,195,196,197,198,199,211,212,213,269,270,271,272,273,274,275,276,440,441,442,443,444,445,446,447,448,449,489,586,587,588,598,789,790,791,792,793,
360;0;1196;1273;0;0,1,2,3,4,5,6,7,8,9,21,36,38,40,44,54,55,56,57,58,59,60,61,62,77,85,134,137,151,155,156,158,159,160,161,162,163,164,165,166,177,188,193,194,195,196,197,198,199,211,212,213,269,270,271,272,273,274,275,276,440,441,442,443,444,445,446,447,448,449,489,586,587,588,598,789,790,791,792,793,
28;0;1273;1300;0;0,1,2,3,4,5,6,7,8,9,21,36,38,40,44,54,55,56,57,58,59,60,61,62,77,85,134,137,151,155,156,158,159,160,161,162,163,164,165,166,177,188,193,194,195,196,197,198,199,211,212,213,269,270,271,272,273,274,275,276,440,441,442,443,444,445,446,447,448,449,489,586,587,588,598,789,790,791,792,793,
28;1;1300;1444;0;0,1,2,3,4,5,6,7,8,9,21,36,38,40,44,54,55,56,57,58,59,60,61,62,77,85,134,137,151,155,156,158,159,160,161,162,163,164,165,166,177,188,193,194,195,196,197,198,199,211,212,213,269,270,271,272,273,274,275,276,440,441,442,443,444,445,446,447,448,449,489,586,587,588,598,789,790,791,792,793,
63;0;1444;1525;0;0,1,2,3,4,5,6,7,8,9,21,36,38,40,44,54,55,56,57,58,59,60,61,62,77,85,134,137,151,155,156,158,159,160,161,162,163,164,165,166,177,188,193,194,195,196,197,198,199,211,212,213,269,270,271,272,273,274,275,276,440,441,442,443,444,445,446,447,448,449,489,586,587,588,598,789,790,791,792,793,
63;1;1525;1556;0;0,1,2,3,4,5,6,7,8,9,21,36,38,40,44,54,55,56,57,58,59,60,61,62,77,85,134,137,151,155,156,158,159,160,161,162,163,164,165,166,177,188,193,194,195,196,197,198,199,211,212,213,269,270,271,272,273,274,275,276,440,441,442,443,444,445,446,447,448,449,489,586,587,588,598,789,790,791,792,793,
150;0;1556;1708;0;0,1,2,3,4,5,6,7,8,9,21,36,38,40,44,54,55,56,57,58,59,60,61,62,77,85,134,137,151,155,156,158,159,160,161,162,163,164,165,166,177,188,193,194,195,196,197,198,199,211,212,213,269,270,271,272,273,274,275,276,440,441,442,443,444,445,446,447,448,449,489,586,587,588,598,789,790,791,792,793,
132;0;1708;1785;0;0,1,2,3,4,5,6,7,8,9,21,36,38,40,44,54,55,56,57,58,59,60,61,62,77,85,134,137,151,155,156,158,159,160,161,162,163,164,165,166,177,188,193,194,195,196,197,198,199,211,212,213,269,270,271,272,273,274,275,276,440,441,442,443,444,445,446,447,448,449,489,586,587,588,598,789,790,791,792,793,
293;0;1785;1941;0;0,1,2,3,4,5,6,7,8,9,21,36,38,40,44,54,55,56,57,58,59,60,61,62,77,85,134,137,151,155,156,158,159,160,161,162,163,164,165,166,177,188,193,194,195,196,197,198,199,211,212,213,269,270,271,272,273,274,275,276,440,441,442,443,444,445,446,447,448,449,489,586,587,588,598,789,790,791,792,793,
293;1;1941;1962;0;0,1,2,3,4,5,6,7,8,9,21,36,38,40,44,54,55,56,57,58,59,60,61,62,77,85,134,137,151,155,156,158,159,160,161,162,163,164,165,166,177,188,193,194,195,196,197,198,199,211,212,213,269,270,271,272,273,274,275,276,440,441,442,443,444,445,446,447,448,449,489,586,587,588,598,789,790,791,792,793,
34;0;1962;2109;1;0,1,2,3,4,5,6,7,8,9,21,36,38,40,44,54,55,56,57,58,59,60,61,62,77,85,134,137,151,155,156,158,159,160,161,162,163,164,165,166,177,188,193,194,195,196,197,198,199,211,212,213,269,270,271,272,273,274,275,276,440,441,442,443,444,445,446,447,448,449,489,586,587,588,598,789,790,791,792,793,
34;1;2109;2158;1;0,1,2,3,4,5,6,7,8,9,21,36,38,40,44,54,55,56,57,58,59,60,61,62,77,85,134,137,151,155,156,158,159,160,161,162,163,164,165,166,177,188,193,194,195,196,197,198,199,211,212,213,269,270,271,272,273,274,275,276,440,441,442,443,444,445,446,447,448,449,489,586,587,588,598,789,790,791,792,793,
224;0;2158;2235;1;0,1,2,3,4,5,6,7,8,9,21,36,38,40,44,54,55,56,57,58,59,60,61,62,77,85,134,137,151,155,156,158,159,160,161,162,163,164,165,166,177,188,193,194,195,196,197,198,199,211,212,213,269,270,271,272,273,274,275,276,440,441,442,443,444,445,446,447,448,449,489,586,587,588,598,789,790,791,792,793,
224;1;2235;2308;1;0,1,2,3,4,5,6,7,8,9,21,36,38,40,44,54,55,56,57,58,59,60,61,62,77,85,134,137,151,155,156,158,159,160,161,162,163,164,165,166,177,188,193,194,195,196,197,198,199,211,212,213,269,270,271,272,273,274,275,276,440,441,442,443,444,445,446,447,448,449,489,586,587,588,598,789,790,791,792,793,
90;0;2308;2417;0;0,1,2,3,4,5,6,7,8,9,21,36,38,40,44,54,55,56,57,58,59,60,61,62,77,85,134,137,151,155,156,158,159,160,161,162,163,164,165,166,177,188,193,194,195,196,197,198,199,211,212,213,269,270,271,272,273,274,275,276,440,441,442,443,444,445,446,447,448,449,489,586,587,588,598,789,790,791,792,793,
261;0;2417;2528;1;0,1,2,3,4,5,6,7,8,9,21,36,38,40,44,54,55,56,57,58,59,60,61,62,77,85,134,137,151,155,156,158,159,160,161,162,163,164,165,166,177,188,193,194,195,196,197,198,199,211,212,213,269,270,271,272,273,274,275,276,440,441,442,443,444,445,446,447,448,449,489,586,587,588,598,789,790,791,792,793,
261;1;2528;2626;1;0,1,2,3,4,5,6,7,8,9,21,36,38,40,44,54,55,56,57,58,59,60,61,62,77,85,134,137,151,155,156,158,159,160,161,162,163,164,165,166,177,188,193,194,195,196,197,198,199,211,212,213,269,270,271,272,273,274,275,276,440,441,442,443,444,445,446,447,448,449,489,586,587,588,598,789,790,791,792,793,
338;0;2626;2648;0;0,1,2,3,4,5,6,7,8,9,21,36,38,40,44,54,55,56,57,58,59,60,61,62,77,85,134,137,151,155,156,158,159,160,161,162,163,164,165,166,177,188,193,194,195,196,197,198,199,211,212,213,269,270,271,272,273,274,275,276,440,441,442,443,444,445,446,447,448,449,489,586,587,588,598,789,790,791,792,793,
338;1;2648;2703;0;0,1,2,3,4,5,6,7,8,9,21,36,38,40,44,54,55,56,57,58,59,60,61,62,77,85,134,137,151,155,156,158,159,160,161,162,163,164,165,166,177,188,193,194,195,196,197,198,199,211,212,213,269,270,271,272,273,274,275,276,440,441,442,443,444,445,446,447,448,449,489,586,587,588,598,789,790,791,792,793,
31;0;2703;2871;1;0,1,2,3,4,5,6,7,8,9,21,36,38,40,44,54,55,56,57,58,59,60,61,62,77,85,134,137,151,155,156,158,159,160,161,162,163,164,165,166,177,188,193,194,195,196,197,198,199,211,212,213,269,270,271,272,273,274,275,276,440,441,442,443,444,445,446,447,448,449,489,586,587,588,598,789,790,791,792,793,
31;1;2871;2943;1;0,1,2,3,4,5,6,7,8,9,21,36,38,40,44,54,55,56,57,58,59,60,61,62,77,85,134,137,151,155,156,158,159,160,161,162,163,164,165,166,177,188,193,194,195,196,197,198,199,211,212,213,269,270,271,272,273,274,275,276,440,441,442,443,444,445,446,447,448,449,489,586,587,588,598,789,790,791,792,793,
190;0;2943;3039;0;0,1,2,3,4,5,6,7,8,9,21,36,38,40,44,54,55,56,57,58,59,60,61,62,77,85,134,137,151,155,156,158,159,160,161,162,163,164,165,166,177,188,193,194,195,196,197,198,199,211,212,213,269,270,271,272,273,274,275,276,440,441,442,443,444,445,446,447,448,449,489,586,587,588,598,789,790,791,792,793,
99;0;3039;3189;1;0,1,2,3,4,5,6,7,8,9,21,36,38,40,44,54,55,56,57,58,59,60,61,62,77,85,134,137,151,155,156,158,159,160,161,162,163,164,165,166,177,188,193,194,195,196,197,198,199,211,212,213,269,270,271,272,273,274,275,276,440,441,442,443,444,445,446,447,448,449,489,586,587,588,598,789,790,791,792,793,
99;1;3189;3342;1;0,1,2,3,4,5,6,7,8,9,21,36,38,40,44,54,55,56,57,58,59,60,61,62,77,85,134,137,151,155,156,158,159,160,161,162,163,164,165,166,177,188,193,194,195,196,197,198,199,211,212,213,269,270,271,272,273,274,275,276,440,441,442,443,444,445,446,447,448,449,489,586,587,588,598,789,790,791,792,793,
55;0;3342;3414;0;0,1,2,3,4,5,6,7,8,9,21,36,38,40,44,54,55,56,57,58,59,60,61,62,77,85,134,137,151,155,156,158,159,160,161,162,163,164,165,166,177,188,193,194,195,196,197,198,199,211,212,213,269,270,271,272,273,274,275,276,440,441,442,443,444,445,446,447,448,449,489,586,587,588,598,789,790,791,792,793,
233;0;3414;3488;0;0,1,2,3,4,5,6,7,8,9,21,36,38,40,44,54,55,56,57,58,59,60,61,62,77,85,134,137,151,155,156,158,159,160,161,162,163,164,165,166,177,188,193,194,195,196,197,198,199,211,212,213,269,270,271,272,273,274,275,276,440,441,442,443,444,445,446,447,448,449,489,586,587,588,598,789,790,791,792,793,
233;1;3488;3597;0;0,1,2,3,4,5,6,7,8,9,21,36,38,40,44,54,55,56,57,58,59,60,61,62,77,85,134,137,151,155,156,158,159,160,161,162,163,164,165,166,177,188,193,194,195,196,197,198,199,211,212,213,269,270,271,272,273,274,275,276,440,441,442,443,444,445,446,447,448,449,489,586,587,588,598,789,790,791,792,793,
66;0;3597;3663;1;0,1,2,3,4,5,21,27,33,36,38,40,52,54,55,56,57,58,59,60,61,62,77,85,125,126,127,128,129,130,131,134,137,151,155,158,159,160,161,162,163,164,165,166,169,183,184,185,186,187,188,189,190,191,192,193,197,216,250,251,301,327,328,329,330,388,395,396,397,398,399,405,406,407,408,489,586,587,588,598,
66;1;3663;3824;1;0,1,2,3,4,5,21,27,33,36,38,40,52,54,55,56,57,58,59,60,61,62,77,85,125,126,127,128,129,130,131,134,137,151,155,158,159,160,161,162,163,164,165,166,169,183,184,185,186,187,188,189,190,191,192,193,197,216,250,251,301,327,328,329,330,388,395,396,397,398,399,405,406,407,408,489,586,587,588,598,
185;0;3824;3972;0;0,1,2,3,4,5,21,27,33,36,38,40,52,54,55,56,57,58,59,60,61,62,77,85,125,126,127,128,129,130,131,134,137,151,155,158,159,160,161,162,163,164,165,166,169,183,184,185,186,187,188,189,190,191,192,193,197,216,250,251,301,327,328,329,330,388,395,396,397,398,399,405,406,407,408,489,586,587,588,598,
72;0;3972;4116;0;0,1,2,3,4,5,21,27,33,36,38,40,52,54,55,56,57,58,59,60,61,62,77,85,125,126,127,128,129,130,131,134,137,151,155,158,159,160,161,162,163,164,165,166,169,183,184,185,186,187,188,189,190,191,192,193,197,216,250,251,301,327,328,329,330,388,395,396,397,398,399,405,406,407,408,489,586,587,588,598,
188;0;4116;4141;0;0,1,2,3,4,5,21,27,33,36,38,40,52,54,55,56,57,58,59,60,61,62,77,85,125,126,127,128,129,130,131,134,137,151,155,158,159,160,161,162,163,164,165,166,169,183,184,185,186,187,188,189,190,191,192,193,197,216,250,251,301,327,328,329,330,388,395,396,397,398,399,405,406,407,408,489,586,587,588,598,
188;1;4141;4162;0;0,1,2,3,4,5,21,27,33,36,38,40,52,54,55,56,57,58,59,60,61,62,77,85,125,126,127,128,129,130,131,134,137,151,155,158,159,160,161,162,163,164,165,166,169,183,184,185,186,187,188,189,190,191,192,193,197,216,250,251,301,327,328,329,330,388,395,396,397,398,399,405,406,407,408,489,586,587,588,598,
309;0;4162;4320;1;0,1,2,3,4,5,21,27,33,36,38,40,52,54,55,56,57,58,59,60,61,62,77,85,125,126,127,128,129,130,131,134,137,151,155,158,159,160,161,162,163,164,165,166,169,183,184,185,186,187,188,189,190,191,192,193,197,216,250,251,301,327,328,329,330,388,395,396,397,398,399,405,406,407,408,489,586,587,588,598,
309;1;4320;4335;1;0,1,2,3,4,5,21,27,33,36,38,40,52,54,55,56,57,58,59,60,61,62,77,85,125,126,127,128,129,130,131,134,137,151,155,158,159,160,161,162,163,164,165,166,169,183,184,185,186,187,188,189,190,191,192,193,197,216,250,251,301,327,328,329,330,388,395,396,397,398,399,405,406,407,408,489,586,587,588,598,
84;0;4335;4379;1;0,1,2,3,4,5,21,27,33,36,38,40,52,54,55,56,57,58,59,60,61,62,77,85,125,126,127,128,129,130,131,134,137,151,155,158,159,160,161,162,163,164,165,166,169,183,184,185,186,187,188,189,190,191,192,193,197,216,250,251,301,327,328,329,330,388,395,396,397,398,399,405,406,407,408,489,586,587,588,598,
84;1;4379;4394;1;0,1,2,3,4,5,21,27,33,36,38,40,52,54,55,56,57,58,59,60,61,62,77,85,125,126,127,128,129,130,131,134,137,151,155,158,159,160,161,162,163,164,165,166,169,183,184,185,186,187,188,189,190,191,192,193,197,216,250,251,301,327,328,329,330,388,395,396,397,398,399,405,406,407,408,489,586,587,588,598,
97;0;4394;4401;0;0,1,2,3,4,5,21,27,33,36,38,40,52,54,55,56,57,58,59,60,61,62,77,85,125,126,127,128,129,130,131,134,137,151,155,158,159,160,161,162,163,164,165,166,169,183,184,185,186,187,188,189,190,191,192,193,197,216,250,251,301,327,328,329,330,388,395,396,397,398,399,405,406,407,408,489,586,587,588,598,
334;0;4401;4461;1;0,1,2,3,4,5,21,27,33,36,38,40,52,54,55,56,57,58,59,60,61,62,77,85,125,126,127,128,129,130,131,134,137,151,155,158,159,160,161,162,163,164,165,166,169,183,184,185,186,187,188,189,190,191,192,193,197,216,250,251,301,327,328,329,330,388,395,396,397,398,399,405,406,407,408,489,586,587,588,598,
334;1;4461;4597;1;0,1,2,3,4,5,21,27,33,36,38,40,52,54,55,56,57,58,59,60,61,62,77,85,125,126,127,128,129,130,131,134,137,151,155,158,159,160,161,162,163,164,165,166,169,183,184,185,186,187,188,189,190,191,192,193,197,216,250,251,301,327,328,329,330,388,395,396,397,398,399,405,406,407,408,489,586,587,588,598,
291;0;4597;4683;1;0,1,2,3,4,5,21,27,33,36,38,40,52,54,55,56,57,58,59,60,61,62,77,85,125,126,127,128,129,130,131,134,137,151,155,158,159,160,161,162,163,164,165,166,169,183,184,185,186,187,188,189,190,191,192,193,197,216,250,251,301,327,328,329,330,388,395,396,397,398,399,405,406,407,408,489,586,587,588,598,
291;1;4683;4766;1;0,1,2,3,4,5,21,27,33,36,38,40,52,54,55,56,57,58,59,60,61,62,77,85,125,126,127,128,129,130,131,134,137,151,155,158,159,160,161,162,163,164,165,166,169,183,184,185,186,187,188,189,190,191,192,193,197,216,250,251,301,327,328,329,330,388,395,396,397,398,399,405,406,407,408,489,586,587,588,598,
118;0;4766;4842;0;0,1,2,3,4,5,21,27,33,36,38,40,52,54,55,56,57,58,59,60,61,62,77,85,125,126,127,128,129,130,131,134,137,151,155,158,159,160,161,162,163,164,165,166,169,183,184,185,186,187,188,189,190,191,192,193,197,216,250,251,301,327,328,329,330,388,395,396,397,398,399,405,406,407,408,489,586,587,588,598,
118;1;4842;5017;0;0,1,2,3,4,5,21,27,33,36,38,40,52,54,55,56,57,58,59,60,61,62,77,85,125,126,127,128,129,130,131,134,137,151,155,158,159,160,161,162,163,164,165,166,169,183,184,185,186,187,188,189,190,191,192,193,197,216,250,251,301,327,328,329,330,388,395,396,397,398,399,405,406,407,408,489,586,587,588,598,
17;0;5017;5100;0;0,1,2,3,4,5,21,27,33,36,38,40,52,54,55,56,57,58,59,60,61,62,77,85,125,126,127,128,129,130,131,134,137,151,155,158,159,160,161,162,163,164,165,166,169,183,184,185,186,187,188,189,190,191,192,193,197,216,250,251,301,327,328,329,330,388,395,396,397,398,399,405,406,407,408,489,586,587,588,598,
364;0;5100;5220;1;0,1,2,3,4,5,21,27,33,36,38,40,52,54,55,56,57,58,59,60,61,62,77,85,125,126,127,128,129,130,131,134,137,151,155,158,159,160,161,162,163,164,165,166,169,183,184,185,186,187,188,189,190,191,192,193,197,216,250,251,301,327,328,329,330,388,395,396,397,398,399,405,406,407,408,489,586,587,588,598,
364;1;5220;5381;1;0,1,2,3,4,5,21,27,33,36,38,40,52,54,55,56,57,58,59,60,61,62,77,85,125,126,127,128,129,130,131,134,137,151,155,158,159,160,161,162,163,164,165,166,169,183,184,185,186,187,188,189,190,191,192,193,197,216,250,251,301,327,328,329,330,388,395,396,397,398,399,405,406,407,408,489,586,587,588,598,
26;0;5381;5469;1;0,1,2,3,4,5,21,27,33,36,38,40,52,54,55,56,57,58,59,60,61,62,77,85,125,126,127,128,129,130,131,134,137,151,155,158,159,160,161,162,163,164,165,166,169,183,184,185,186,187,188,189,190,191,192,193,197,216,250,251,301,327,328,329,330,388,395,396,397,398,399,405,406,407,408,489,586,587,588,598,
26;1;5469;5510;1;0,1,2,3,4,5,21,27,33,36,38,40,52,54,55,56,57,58,59,60,61,62,77,85,125,126,127,128,129,130,131,134,137,151,155,158,159,160,161,162,163,164,165,166,169,183,184,185,186,187,188,189,190,191,192,193,197,216,250,251,301,327,328,329,330,388,395,396,397,398,399,405,406,407,408,489,586,587,588,598,
277;0;5510;5662;0;0,1,2,3,4,5,21,27,33,36,38,40,52,54,55,56,57,58,59,60,61,62,77,85,125,126,127,128,129,130,131,134,137,151,155,158,159,160,161,162,163,164,165,166,169,183,184,185,186,187,188,189,190,191,192,193,197,216,250,251,301,327,328,329,330,388,395,396,397,398,399,405,406,407,408,489,586,587,588,598,
255;0;5662;5823;0;0,1,2,3,4,5,21,27,33,36,38,40,52,54,55,56,57,58,59,60,61,62,77,85,125,126,127,128,129,130,131,134,137,151,155,158,159,160,161,162,163,164,165,166,169,183,184,185,186,187,188,189,190,191,192,193,197,216,250,251,301,327,328,329,330,388,395,396,397,398,399,405,406,407,408,489,586,587,588,598,
122;0;5823;5984;0;0,1,2,3,4,5,21,27,33,36,38,40,52,54,55,56,57,58,59,60,61,62,77,85,125,126,127,128,129,130,131,134,137,151,155,158,159,160,161,162,163,164,165,166,169,183,184,185,186,187,188,189,190,191,192,193,197,216,250,251,301,327,328,329,330,388,395,396,397,398,399,405,406,407,408,489,586,587,588,598,
228;0;5984;6137;0;0,1,2,3,4,5,21,27,33,36,38,40,52,54,55,56,57,58,59,60,61,62,77,85,125,126,127,128,129,130,131,134,137,151,155,158,159,160,161,162,163,164,165,166,169,183,184,185,186,187,188,189,190,191,192,193,197,216,250,251,301,327,328,329,330,388,395,396,397,398,399,405,406,407,408,489,586,587,588,598,
228;1;6137;6152;0;0,1,2,3,4,5,21,27,33,36,38,40,52,54,55,56,57,58,59,60,61,62,77,85,125,126,127,128,129,130,131,134,137,151,155,158,159,160,161,162,163,164,165,166,169,183,184,185,186,187,188,189,190,191,192,193,197,216,250,251,301,327,328,329,330,388,395,396,397,398,399,405,406,407,408,489,586,587,588,598,
353;0;6152;6252;0;0,1,2,3,4,5,21,27,33,36,38,40,52,54,55,56,57,58,59,60,61,62,77,85,125,126,127,128,129,130,131,134,137,151,155,158,159,160,161,162,163,164,165,166,169,183,184,185,186,187,188,189,190,191,192,193,197,216,250,251,301,327,328,329,330,388,395,396,397,398,399,405,406,407,408,489,586,587,588,598,
353;1;6252;6396;0;0,1,2,3,4,5,21,27,33,36,38,40,52,54,55,56,57,58,59,60,61,62,77,85,125,126,127,128,129,130,131,134,137,151,155,158,159,160,161,162,163,164,165,166,169,183,184,185,186,187,188,189,190,191,192,193,197,216,250,251,301,327,328,329,330,388,395,396,397,398,399,405,406,407,408,489,586,587,588,598,
78;0;6396;6420;0;0,1,2,3,4,5,21,27,33,36,38,40,52,54,55,56,57,58,59,60,61,62,77,85,125,126,127,128,129,130,131,134,137,151,155,158,159,160,161,162,163,164,165,166,169,183,184,185,186,187,188,189,190,191,192,193,197,216,250,251,301,327,328,329,330,388,395,396,397,398,399,405,406,407,408,489,586,587,588,598,
78;1;6420;6581;0;0,1,2,3,4,5,21,27,33,36,38,40,52,54,55,56,57,58,59,60,61,62,77,85,125,126,127,128,129,130,131,134,137,151,155,158,159,160,161,162,163,164,165,166,169,183,184,185,186,187,188,189,190,191,192,193,197,216,250,251,301,327,328,329,330,388,395,396,397,398,399,405,406,407,408,489,586,587,588,598,
362;0;6581;6679;0;0,1,2,3,4,5,21,27,33,36,38,40,52,54,55,56,57,58,59,60,61,62,77,85,125,126,127,128,129,130,131,134,137,151,155,158,159,160,161,162,163,164,165,166,169,183,184,185,186,187,188,189,190,191,192,193,197,216,250,251,301,327,328,329,330,388,395,396,397,398,399,405,406,407,408,489,586,587,588,598,
186;0;6679;6777;1;0,1,2,3,4,5,21,27,33,36,38,40,52,54,55,56,57,58,59,60,61,62,77,85,125,126,127,128,129,130,131,134,137,151,155,158,159,160,161,162,163,164,165,166,169,183,184,185,186,187,188,189,190,191,192,193,197,216,250,251,301,327,328,329,330,388,395,396,397,398,399,405,406,407,408,489,586,587,588,598,
186;1;6777;6921;1;0,1,2,3,4,5,21,27,33,36,38,40,52,54,55,56,57,58,59,60,61,62,77,85,125,126,127,128,129,130,131,134,137,151,155,158,159,160,161,162,163,164,165,166,169,183,184,185,186,187,188,189,190,191,192,193,197,216,250,251,301,327,328,329,330,388,395,396,397,398,399,405,406,407,408,489,586,587,588,598,
21;0;6921;7047;1;0,1,2,3,4,5,21,27,33,36,38,40,52,54,55,56,57,58,59,60,61,62,77,85,125,126,127,128,129,130,131,134,137,151,155,158,159,160,161,162,163,164,165,166,169,183,184,185,186,187,188,189,190,191,192,193,197,216,250,251,301,327,328,329,330,388,395,396,397,398,399,405,406,407,408,489,586,587,588,598,
21;1;7047;7156;1;0,1,2,3,4,5,21,27,33,36,38,40,52,54,55,56,57,58,59,60,61,62,77,85,125,126,127,128,129,130,131,134,137,151,155,158,159,160,161,162,163,164,165,166,169,183,184,185,186,187,188,189,190,191,192,193,197,216,250,251,301,327,328,329,330,388,395,396,397,398,399,405,406,407,408,489,586,587,588,598,
141;0;7156;7235;1;0,1,2,3,4,5,21,27,33,36,38,40,52,54,55,56,57,58,59,60,61,62,77,85,125,126,127,128,129,130,131,134,137,151,155,158,159,160,161,162,163,164,165,166,169,183,184,185,186,187,188,189,190,191,192,193,197,216,250,251,301,327,328,329,330,388,395,396,397,398,399,405,406,407,408,489,586,587,588,598,
141;1;7235;7318;1;0,1,2,3,4,5,21,27,33,36,38,40,52,54,55,56,57,58,59,60,61,62,77,85,125,126,127,128,129,130,131,134,137,151,155,158,159,160,161,162,163,164,165,166,169,183,184,185,186,187,188,189,190,191,192,193,197,216,250,251,301,327,328,329,330,388,395,396,397,398,399,405,406,407,408,489,586,587,588,598,
172;0;7318;7395;0;0,1,2,3,4,5,21,27,33,36,38,40,52,54,55,56,57,58,59,60,61,62,77,85,125,126,127,128,129,130,131,134,137,151,155,158,159,160,161,162,163,164,165,166,169,183,184,185,186,187,188,189,190,191,192,193,197,216,250,251,301,327,328,329,330,388,395,396,397,398,399,405,406,407,408,489,586,587,588,598,
212;0;7395;7556;0;0,1,2,3,4,5,21,27,33,36,38,40,52,54,55,56,57,58,59,60,61,62,77,85,125,126,127,128,129,130,131,134,137,151,155,158,159,160,161,162,163,164,165,166,169,183,184,185,186,187,188,189,190,191,192,193,197,216,250,251,301,327,328,329,330,388,395,396,397,398,399,405,406,407,408,489,586,587,588,598,
210;0;7556;7731;0;0,1,2,3,4,5,21,27,33,36,38,40,52,54,55,56,57,58,59,60,61,62,77,85,125,126,127,128,129,130,131,134,137,151,155,158,159,160,161,162,163,164,165,166,169,183,184,185,186,187,188,189,190,191,192,193,197,216,250,251,301,327,328,329,330,388,395,396,397,398,399,405,406,407,408,489,586,587,588,598,
7;0;7731;7762;0;0,1,2,3,4,5,21,27,33,36,38,40,52,54,55,56,57,58,59,60,61,62,77,85,125,126,127,128,129,130,131,134,137,151,155,158,159,160,161,162,163,164,165,166,169,183,184,185,186,187,188,189,190,191,192,193,197,216,250,251,301,327,328,329,330,388,395,396,397,398,399,405,406,407,408,489,586,587,588,598,
251;0;7762;7801;1;0,1,2,3,4,5,21,27,33,36,38,40,52,54,55,56,57,58,59,60,61,62,77,85,125,126,127,128,129,130,131,134,137,151,155,158,159,160,161,162,163,164,165,166,169,183,184,185,186,187,188,189,190,191,192,193,197,216,250,251,301,327,328,329,330,388,395,396,397,398,399,405,406,407,408,489,586,587,588,598,
251;1;7801;7897;1;0,1,2,3,4,5,21,27,33,36,38,40,52,54,55,56,57,58,59,60,61,62,77,85,125,126,127,128,129,130,131,134,137,151,155,158,159,160,161,162,163,164,165,166,169,183,184,185,186,187,188,189,190,191,192,193,197,216,250,251,301,327,328,329,330,388,395,396,397,398,399,405,406,407,408,489,586,587,588,598,
38;0;7897;7971;0;0,1,2,3,4,5,21,27,33,36,38,40,52,77,82,84,85,103,115,134,151,155,158,183,184,185,186,187,188,189,190,191,192,193,197,216,222,223,224,225,226,227,228,250,251,286,287,288,301,327,328,329,330,346,351,352,353,354,355,356,357,358,359,360,388,405,406,407,408,549,550,551,552,553,554,555,586,587,588,598,
38;1;7971;8047;0;0,1,2,3,4,5,21,27,33,36,38,40,52,77,82,84,85,103,115,134,151,155,158,183,184,185,186,187,188,189,190,191,192,193,197,216,222,223,224,225,226,227,228,250,251,286,287,288,301,327,328,329,330,346,351,352,353,354,355,356,357,358,359,360,388,405,406,407,408,549,550,551,552,553,554,555,586,587,588,598,
220;0;8047;8088;0;0,1,2,3,4,5,21,27,33,36,38,40,52,77,82,84,85,103,115,134,151,155,158,183,184,185,186,187,188,189,190,191,192,193,197,216,222,223,224,225,226,227,228,250,251,286,287,288,301,327,328,329,330,346,351,352,353,354,355,356,357,358,359,360,388,405,406,407,408,549,550,551,552,553,554,555,586,587,588,598,
86;0;8088;8106;1;0,1,2,3,4,5,21,27,33,36,38,40,52,77,82,84,85,103,115,134,151,155,158,183,184,185,186,187,188,189,190,191,192,193,197,216,222,223,224,225,226,227,228,250,251,286,287,288,301,327,328,329,330,346,351,352,353,354,355,356,357,358,359,360,388,405,406,407,408,549,550,551,552,553,554,555,586,587,588,598,
86;1;8106;8281;1;0,1,2,3,4,5,21,27,33,36,38,40,52,77,82,84,85,103,115,134,151,155,158,183,184,185,186,187,188,189,190,191,192,193,197,216,222,223,224,225,226,227,228,250,251,286,287,288,301,327,328,329,330,346,351,352,353,354,355,356,357,358,359,360,388,405,406,407,408,549,550,551,552,553,554,555,586,587,588,598,
372;0;8281;8377;0;0,1,2,3,4,5,21,27,33,36,38,40,52,77,82,84,85,103,115,134,151,155,158,183,184,185,186,187,188,189,190,191,192,193,197,216,222,223,224,225,226,227,228,250,251,286,287,288,301,327,328,329,330,346,351,352,353,354,355,356,357,358,359,360,388,405,406,407,408,549,550,551,552,553,554,555,586,587,588,598,
214;0;8377;8550;1;0,1,2,3,4,5,21,27,33,36,38,40,52,77,82,84,85,103,115,134,151,155,158,183,184,185,186,187,188,189,190,191,192,193,197,216,222,223,224,225,226,227,228,250,251,286,287,288,301,327,328,329,330,346,351,352,353,354,355,356,357,358,359,360,388,405,406,407,408,549,550,551,552,553,554,555,586,587,588,598,
214;1;8550;8711;1;0,1,2,3,4,5,21,27,33,36,38,40,52,77,82,84,85,103,115,134,151,155,158,183,184,185,186,187,188,189,190,191,192,193,197,216,222,223,224,225,226,227,228,250,251,286,287,288,301,327,328,329,330,346,351,352,353,354,355,356,357,358,359,360,388,405,406,407,408,549,550,551,552,553,554,555,586,587,588,598,
390;0;8711;8848;0;0,1,2,3,4,5,21,27,33,36,38,40,52,77,82,84,85,103,115,134,151,155,158,183,184,185,186,187,188,189,190,191,192,193,197,216,222,223,224,225,226,227,228,250,251,286,287,288,301,327,328,329,330,346,351,352,353,354,355,356,357,358,359,360,388,405,406,407,408,549,550,551,552,553,554,555,586,587,588,598,
152;0;8848;8929;0;0,1,2,3,4,5,21,27,33,36,38,40,52,77,82,84,85,103,115,134,151,155,158,183,184,185,186,187,188,189,190,191,192,193,197,216,222,223,224,225,226,227,228,250,251,286,287,288,301,327,328,329,330,346,351,352,353,354,355,356,357,358,359,360,388,405,406,407,408,549,550,551,552,553,554,555,586,587,588,598,
75;0;8929;9044;0;0,1,2,3,4,5,21,27,33,36,38,40,52,77,82,84,85,103,115,134,151,155,158,183,184,185,186,187,188,189,190,191,192,193,197,216,222,223,224,225,226,227,228,250,251,286,287,288,301,327,328,329,330,346,351,352,353,354,355,356,357,358,359,360,388,405,406,407,408,549,550,551,552,553,554,555,586,587,588,598,
271;0;9044;9204;1;0,1,2,3,4,5,21,27,33,36,38,40,52,77,82,84,85,103,115,134,151,155,158,183,184,185,186,187,188,189,190,191,192,193,197,216,222,223,224,225,226,227,228,250,251,286,287,288,301,327,328,329,330,346,351,352,353,354,355,356,357,358,359,360,388,405,406,407,408,549,550,551,552,553,554,555,586,587,588,598,
271;1;9204;9352;1;0,1,2,3,4,5,21,27,33,36,38,40,52,77,82,84,85,103,115,134,151,155,158,183,184,185,186,187,188,189,190,191,192,193,197,216,222,223,224,225,226,227,228,250,251,286,287,288,301,327,328,329,330,346,351,352,353,354,355,356,357,358,359,360,388,405,406,407,408,549,550,551,552,553,554,555,586,587,588,598,
51;0;9352;9356;1;0,1,2,3,4,5,21,27,33,36,38,40,52,77,82,84,85,103,115,134,151,155,158,183,184,185,186,187,188,189,190,191,192,193,197,216,222,223,224,225,226,227,228,250,251,286,287,288,301,327,328,329,330,346,351,352,353,354,355,356,357,358,359,360,388,405,406,407,408,549,550,551,552,553,554,555,586,587,588,598,
51;1;9356;9493;1;0,1,2,3,4,5,21,27,33,36,38,40,52,77,82,84,85,103,115,134,151,155,158,183,184,185,186,187,188,189,190,191,192,193,197,216,222,223,224,225,226,227,228,250,251,286,287,288,301,327,328,329,330,346,351,352,353,354,355,356,357,358,359,360,388,405,406,407,408,549,550,551,552,553,554,555,586,587,588,598,
389;0;9493;9594;1;0,1,2,3,4,5,21,27,33,36,38,40,52,77,82,84,85,103,115,134,151,155,158,183,184,185,186,187,188,189,190,191,192,193,197,216,222,223,224,225,226,227,228,250,251,286,287,288,301,327,328,329,330,346,351,352,353,354,355,356,357,358,359,360,388,405,406,407,408,549,550,551,552,553,554,555,586,587,588,598,
389;1;9594;9615;1;0,1,2,3,4,5,21,27,33,36,38,40,52,77,82,84,85,103,115,134,151,155,158,183,184,185,186,187,188,189,190,191,192,193,197,216,222,223,224,225,226,227,228,250,251,286,287,288,301,327,328,329,330,346,351,352,353,354,355,356,357,358,359,360,388,405,406,407,408,549,550,551,552,553,554,555,586,587,588,598,
382;0;9615;9691;0;0,1,2,3,4,5,21,27,33,36,38,40,52,77,82,84,85,103,115,134,151,155,158,183,184,185,186,187,188,189,190,191,192,193,197,216,222,223,224,225,226,227,228,250,251,286,287,288,301,327,328,329,330,346,351,352,353,354,355,356,357,358,359,360,388,405,406,407,408,549,550,551,552,553,554,555,586,587,588,598,
345;0;9691;9852;0;0,1,2,3,4,5,21,27,33,36,38,40,52,77,82,84,85,103,115,134,151,155,158,183,184,185,186,187,188,189,190,191,192,193,197,216,222,223,224,225,226,227,228,250,251,286,287,288,301,327,328,329,330,346,351,352,353,354,355,356,357,358,359,360,388,405,406,407,408,549,550,551,552,553,554,555,586,587,588,598,
165;0;9852;10027;0;0,1,2,3,4,5,21,27,33,36,38,40,52,77,82,84,85,103,115,134,151,155,158,183,184,185,186,187,188,189,190,191,192,193,197,216,222,223,224,225,226,227,228,250,251,286,287,288,301,327,328,329,330,346,351,352,353,354,355,356,357,358,359,360,388,405,406,407,408,549,550,551,552,553,554,555,586,587,588,598,
Machine: 1
106;0;0;170;1;0,2,3,4,20,24,26,30,31,32,33,34,35,37,48,53,63,64,65,66,67,68,69,85,87,88,105,125,126,127,131,183,186,200,201,202,203,263,264,265,266,267,268,331,332,333,334,335,336,485,502,571,589,590,591,592,593,594,595,596,597,605,606,607,608,609,610,616,642,643,644,645,649,650,651,652,653,654,655,656,
106;1;170;332;1;0,2,3,4,20,24,26,30,31,32,33,34,35,37,48,53,63,64,65,66,67,68,69,85,87,88,105,125,126,127,131,183,186,200,201,202,203,263,264,265,266,267,268,331,332,333,334,335,336,485,502,571,589,590,591,592,593,594,595,596,597,605,606,607,608,609,610,616,642,643,644,645,649,650,651,652,653,654,655,656,
8;0;332;504;0;0,2,3,4,20,24,26,30,31,32,33,34,35,37,48,53,63,64,65,66,67,68,69,85,87,88,105,125,126,127,131,183,186,200,201,202,203,263,264,265,266,267,268,331,332,333,334,335,336,485,502,571,589,590,591,592,593,594,595,596,597,605,606,607,608,609,610,616,642,643,644,645,649,650,651,652,653,654,655,656,
8;1;504;640;0;0,2,3,4,20,24,26,30,31,32,33,34,35,37,48,53,63,64,65,66,67,68,69,85,87,88,105,125,126,127,131,183,186,200,201,202,203,263,264,265,266,267,268,331,332,333,334,335,336,485,502,571,589,590,591,592,593,594,595,596,597,605,606,607,608,609,610,616,642,643,644,645,649,650,651,652,653,654,655,656,
206;0;640;785;1;0,2,3,4,20,24,26,30,31,32,33,34,35,37,48,53,63,64,65,66,67,68,69,85,87,88,105,125,126,127,131,183,186,200,201,202,203,263,264,265,266,267,268,331,332,333,334,335,336,485,502,571,589,590,591,592,593,594,595,596,597,605,606,607,608,609,610,616,642,643,644,645,649,650,651,652,653,654,655,656,
206;1;785;933;1;0,2,3,4,20,24,26,30,31,32,33,34,35,37,48,53,63,64,65,66,67,68,69,85,87,88,105,125,126,127,131,183,186,200,201,202,203,263,264,265,266,267,268,331,332,333,334,335,336,485,502,571,589,590,591,592,593,594,595,596,597,605,606,607,608,609,610,616,642,643,644,645,649,650,651,652,653,654,655,656,
281;0;933;1080;1;0,2,3,4,20,24,26,30,31,32,33,34,35,37,48,53,63,64,65,66,67,68,69,85,87,88,105,125,126,127,131,183,186,200,201,202,203,263,264,265,266,267,268,331,332,333,334,335,336,485,502,571,589,590,591,592,593,594,595,596,597,605,606,607,608,609,610,616,642,643,644,645,649,650,651,652,653,654,655,656,
281;1;1080;1228;1;0,2,3,4,20,24,26,30,31,32,33,34,35,37,48,53,63,64,65,66,67,68,69,85,87,88,105,125,126,127,131,183,186,200,201,202,203,263,264,265,266,267,268,331,332,333,334,335,336,485,502,571,589,590,591,592,593,594,595,596,597,605,606,607,608,609,610,616,642,643,644,645,649,650,651,652,653,654,655,656,
179;0;1228;1279;1;0,2,3,4,20,24,26,30,31,32,33,34,35,37,48,53,63,64,65,66,67,68,69,85,87,88,105,125,126,127,131,183,186,200,201,202,203,263,264,265,266,267,268,331,332,333,334,335,336,485,502,571,589,590,591,592,593,594,595,596,597,605,606,607,608,609,610,616,642,643,644,645,649,650,651,652,653,654,655,656,
179;1;1279;1427;1;0,2,3,4,20,24,26,30,31,32,33,34,35,37,48,53,63,64,65,66,67,68,69,85,87,88,105,125,126,127,131,183,186,200,201,202,203,263,264,265,266,267,268,331,332,333,334,335,336,485,502,571,589,590,591,592,593,594,595,596,597,605,606,607,608,609,610,616,642,643,644,645,649,650,651,652,653,654,655,656,
3;0;1427;1511;0;0,2,3,4,20,24,26,30,31,32,33,34,35,37,48,53,63,64,65,66,67,68,69,85,87,88,105,125,126,127,131,183,186,200,201,202,203,263,264,265,266,267,268,331,332,333,334,335,336,485,502,571,589,590,591,592,593,594,595,596,597,605,606,607,608,609,610,616,642,643,644,645,649,650,651,652,653,654,655,656,
3;1;1511;1553;0;0,2,3,4,20,24,26,30,31,32,33,34,35,37,48,53,63,64,65,66,67,68,69,85,87,88,105,125,126,127,131,183,186,200,201,202,203,263,264,265,266,267,268,331,332,333,334,335,336,485,502,571,589,590,591,592,593,594,595,596,597,605,606,607,608,609,610,616,642,643,644,645,649,650,651,652,653,654,655,656,
229;0;1553;1626;1;0,2,3,4,20,24,26,30,31,32,33,34,35,37,48,53,63,64,65,66,67,68,69,85,87,88,105,125,126,127,131,183,186,200,201,202,203,263,264,265,266,267,268,331,332,333,334,335,336,485,502,571,589,590,591,592,593,594,595,596,597,605,606,607,608,609,610,616,642,643,644,645,649,650,651,652,653,654,655,656,
229;1;1626;1781;1;0,2,3,4,20,24,26,30,31,32,33,34,35,37,48,53,63,64,65,66,67,68,69,85,87,88,105,125,126,127,131,183,186,200,201,202,203,263,264,265,266,267,268,331,332,333,334,335,336,485,502,571,589,590,591,592,593,594,595,596,597,605,606,607,608,609,610,616,642,643,644,645,649,650,651,652,653,654,655,656,
254;0;1781;1955;1;0,2,3,4,20,24,26,30,31,32,33,34,35,37,48,53,63,64,65,66,67,68,69,85,87,88,105,125,126,127,131,183,186,200,201,202,203,263,264,265,266,267,268,331,332,333,334,335,336,485,502,571,589,590,591,592,593,594,595,596,597,605,606,607,608,609,610,616,642,643,644,645,649,650,651,652,653,654,655,656,
254;1;1955;2016;1;0,2,3,4,20,24,26,30,31,32,33,34,35,37,48,53,63,64,65,66,67,68,69,85,87,88,105,125,126,127,131,183,186,200,201,202,203,263,264,265,266,267,268,331,332,333,334,335,336,485,502,571,589,590,591,592,593,594,595,596,597,605,606,607,608,609,610,616,642,643,644,645,649,650,651,652,653,654,655,656,
76;0;2016;2099;1;0,2,3,4,20,24,26,30,31,32,33,34,35,37,48,53,63,64,65,66,67,68,69,85,87,88,105,125,126,127,131,183,186,200,201,202,203,263,264,265,266,267,268,331,332,333,334,335,336,485,502,571,589,590,591,592,593,594,595,596,597,605,606,607,608,609,610,616,642,643,644,645,649,650,651,652,653,654,655,656,
76;1;2099;2235;1;0,2,3,4,20,24,26,30,31,32,33,34,35,37,48,53,63,64,65,66,67,68,69,85,87,88,105,125,126,127,131,183,186,200,201,202,203,263,264,265,266,267,268,331,332,333,334,335,336,485,502,571,589,590,591,592,593,594,595,596,597,605,606,607,608,609,610,616,642,643,644,645,649,650,651,652,653,654,655,656,
370;0;2235;2296;0;0,2,3,4,20,24,26,30,31,32,33,34,35,37,48,53,63,64,65,66,67,68,69,85,87,88,105,125,126,127,131,183,186,200,201,202,203,263,264,265,266,267,268,331,332,333,334,335,336,485,502,571,589,590,591,592,593,594,595,596,597,605,606,607,608,609,610,616,642,643,644,645,649,650,651,652,653,654,655,656,
48;0;2296;2418;0;0,2,3,4,20,24,26,30,31,32,33,34,35,37,48,53,63,64,65,66,67,68,69,85,87,88,105,125,126,127,131,183,186,200,201,202,203,263,264,265,266,267,268,331,332,333,334,335,336,485,502,571,589,590,591,592,593,594,595,596,597,605,606,607,608,609,610,616,642,643,644,645,649,650,651,652,653,654,655,656,
48;1;2418;2470;0;0,2,3,4,20,24,26,30,31,32,33,34,35,37,48,53,63,64,65,66,67,68,69,85,87,88,105,125,126,127,131,183,186,200,201,202,203,263,264,265,266,267,268,331,332,333,334,335,336,485,502,571,589,590,591,592,593,594,595,596,597,605,606,607,608,609,610,616,642,643,644,645,649,650,651,652,653,654,655,656,
151;0;2470;2600;1;0,2,3,4,20,24,26,30,31,32,33,34,35,37,48,53,63,64,65,66,67,68,69,85,87,88,105,125,126,127,131,183,186,200,201,202,203,263,264,265,266,267,268,331,332,333,334,335,336,485,502,571,589,590,591,592,593,594,595,596,597,605,606,607,608,609,610,616,642,643,644,645,649,650,651,652,653,654,655,656,
151;1;2600;2652;1;0,2,3,4,20,24,26,30,31,32,33,34,35,37,48,53,63,64,65,66,67,68,69,85,87,88,105,125,126,127,131,183,186,200,201,202,203,263,264,265,266,267,268,331,332,333,334,335,336,485,502,571,589,590,591,592,593,594,595,596,597,605,606,607,608,609,610,616,642,643,644,645,649,650,651,652,653,654,655,656,
6;0;2652;2724;1;0,2,3,4,20,24,26,30,31,32,33,34,35,37,48,53,63,64,65,66,67,68,69,85,87,88,105,125,126,127,131,183,186,200,201,202,203,263,264,265,266,267,268,331,332,333,334,335,336,485,502,571,589,590,591,592,593,594,595,596,597,605,606,607,608,609,610,616,642,643,644,645,649,650,651,652,653,654,655,656,
6;1;2724;2814;1;0,2,3,4,20,24,26,30,31,32,33,34,35,37,48,53,63,64,65,66,67,68,69,85,87,88,105,125,126,127,131,183,186,200,201,202,203,263,264,265,266,267,268,331,332,333,334,335,336,485,502,571,589,590,591,592,593,594,595,596,597,605,606,607,608,609,610,616,642,643,644,645,649,650,651,652,653,654,655,656,
207;0;2814;2982;0;0,2,3,4,20,24,26,30,31,32,33,34,35,37,48,53,63,64,65,66,67,68,69,85,87,88,105,125,126,127,131,183,186,200,201,202,203,263,264,265,266,267,268,331,332,333,334,335,336,485,502,571,589,590,591,592,593,594,595,596,597,605,606,607,608,609,610,616,642,643,644,645,649,650,651,652,653,654,655,656,
200;0;2982;3137;0;0,2,3,4,20,24,26,30,31,32,33,34,35,37,48,53,63,64,65,66,67,68,69,85,87,88,105,125,126,127,131,183,186,200,201,202,203,263,264,265,266,267,268,331,332,333,334,335,336,485,502,571,589,590,591,592,593,594,595,596,597,605,606,607,608,609,610,616,642,643,644,645,649,650,651,652,653,654,655,656,
285;0;3137;3189;0;0,2,3,4,20,24,26,30,31,32,33,34,35,37,48,53,63,64,65,66,67,68,69,85,87,88,105,125,126,127,131,183,186,200,201,202,203,263,264,265,266,267,268,331,332,333,334,335,336,485,502,571,589,590,591,592,593,594,595,596,597,605,606,607,608,609,610,616,642,643,644,645,649,650,651,652,653,654,655,656,
248;0;3189;3358;0;0,2,3,4,20,24,26,30,31,32,33,34,35,37,48,53,63,64,65,66,67,68,69,85,87,88,105,125,126,127,131,183,186,200,201,202,203,263,264,265,266,267,268,331,332,333,334,335,336,485,502,571,589,590,591,592,593,594,595,596,597,605,606,607,608,609,610,616,642,643,644,645,649,650,651,652,653,654,655,656,
248;1;3358;3387;0;0,2,3,4,20,24,26,30,31,32,33,34,35,37,48,53,63,64,65,66,67,68,69,85,87,88,105,125,126,127,131,183,186,200,201,202,203,263,264,265,266,267,268,331,332,333,334,335,336,485,502,571,589,590,591,592,593,594,595,596,597,605,606,607,608,609,610,616,642,643,644,645,649,650,651,652,653,654,655,656,
136;0;3387;3502;1;0,1,2,3,4,5,6,7,8,9,20,22,29,30,31,32,33,34,35,36,37,48,53,63,64,65,66,67,68,69,85,87,88,89,112,126,127,132,173,174,175,176,183,200,201,202,203,204,205,267,331,332,333,334,335,336,421,470,485,502,510,511,512,513,589,606,607,608,609,610,616,642,643,644,645,683,684,685,686,687,
136;1;3502;3606;1;0,1,2,3,4,5,6,7,8,9,20,22,29,30,31,32,33,34,35,36,37,48,53,63,64,65,66,67,68,69,85,87,88,89,112,126,127,132,173,174,175,176,183,200,201,202,203,204,205,267,331,332,333,334,335,336,421,470,485,502,510,511,512,513,589,606,607,608,609,610,616,642,643,644,645,683,684,685,686,687,
24;0;3606;3709;1;0,1,2,3,4,5,6,7,8,9,20,22,29,30,31,32,33,34,35,36,37,48,53,63,64,65,66,67,68,69,85,87,88,89,112,126,127,132,173,174,175,176,183,200,201,202,203,204,205,267,331,332,333,334,335,336,421,470,485,502,510,511,512,513,589,606,607,608,609,610,616,642,643,644,645,683,684,685,686,687,
24;1;3709;3721;1;0,1,2,3,4,5,6,7,8,9,20,22,29,30,31,32,33,34,35,36,37,48,53,63,64,65,66,67,68,69,85,87,88,89,112,126,127,132,173,174,175,176,183,200,201,202,203,204,205,267,331,332,333,334,335,336,421,470,485,502,510,511,512,513,589,606,607,608,609,610,616,642,643,644,645,683,684,685,686,687,
146;0;3721;3736;1;0,1,2,3,4,5,6,7,8,9,20,22,29,30,31,32,33,34,35,36,37,48,53,63,64,65,66,67,68,69,85,87,88,89,112,126,127,132,173,174,175,176,183,200,201,202,203,204,205,267,331,332,333,334,335,336,421,470,485,502,510,511,512,513,589,606,607,608,609,610,616,642,643,644,645,683,684,685,686,687,
146;1;3736;3791;1;0,1,2,3,4,5,6,7,8,9,20,22,29,30,31,32,33,34,35,36,37,48,53,63,64,65,66,67,68,69,85,87,88,89,112,126,127,132,173,174,175,176,183,200,201,202,203,204,205,267,331,332,333,334,335,336,421,470,485,502,510,511,512,513,589,606,607,608,609,610,616,642,643,644,645,683,684,685,686,687,
222;0;3791;3821;0;0,1,2,3,4,5,6,7,8,9,20,22,29,30,31,32,33,34,35,36,37,48,53,63,64,65,66,67,68,69,85,87,88,89,112,126,127,132,173,174,175,176,183,200,201,202,203,204,205,267,331,332,333,334,335,336,421,470,485,502,510,511,512,513,589,606,607,608,609,610,616,642,643,644,645,683,684,685,686,687,
292;0;3821;3990;0;0,1,2,3,4,5,6,7,8,9,20,22,29,30,31,32,33,34,35,36,37,48,53,63,64,65,66,67,68,69,85,87,88,89,112,126,127,132,173,174,175,176,183,200,201,202,203,204,205,267,331,332,333,334,335,336,421,470,485,502,510,511,512,513,589,606,607,608,609,610,616,642,643,644,645,683,684,685,686,687,
321;0;3990;4012;1;0,1,2,3,4,5,6,7,8,9,20,22,29,30,31,32,33,34,35,36,37,48,53,63,64,65,66,67,68,69,85,87,88,89,112,126,127,132,173,174,175,176,183,200,201,202,203,204,205,267,331,332,333,334,335,336,421,470,485,502,510,511,512,513,589,606,607,608,609,610,616,642,643,644,645,683,684,685,686,687,
321;1;4012;4137;1;0,1,2,3,4,5,6,7,8,9,20,22,29,30,31,32,33,34,35,36,37,48,53,63,64,65,66,67,68,69,85,87,88,89,112,126,127,132,173,174,175,176,183,200,201,202,203,204,205,267,331,332,333,334,335,336,421,470,485,502,510,511,512,513,589,606,607,608,609,610,616,642,643,644,645,683,684,685,686,687,
304;0;4137;4273;1;0,1,2,3,4,5,6,7,8,9,20,22,29,30,31,32,33,34,35,36,37,48,53,63,64,65,66,67,68,69,85,87,88,89,112,126,127,132,173,174,175,176,183,200,201,202,203,204,205,267,331,332,333,334,335,336,421,470,485,502,510,511,512,513,589,606,607,608,609,610,616,642,643,644,645,683,684,685,686,687,
304;1;4273;4351;1;0,1,2,3,4,5,6,7,8,9,20,22,29,30,31,32,33,34,35,36,37,48,53,63,64,65,66,67,68,69,85,87,88,89,112,126,127,132,173,174,175,176,183,200,201,202,203,204,205,267,331,332,333,334,335,336,421,470,485,502,510,511,512,513,589,606,607,608,609,610,616,642,643,644,645,683,684,685,686,687,
282;0;4351;4406;0;0,1,2,3,4,5,6,7,8,9,20,22,29,30,31,32,33,34,35,36,37,48,53,63,64,65,66,67,68,69,85,87,88,89,112,126,127,132,173,174,175,176,183,200,201,202,203,204,205,267,331,332,333,334,335,336,421,470,485,502,510,511,512,513,589,606,607,608,609,610,616,642,643,644,645,683,684,685,686,687,
205;0;4406;4574;0;0,1,2,3,4,5,6,7,8,9,20,22,29,30,31,32,33,34,35,36,37,48,53,63,64,65,66,67,68,69,85,87,88,89,112,126,127,132,173,174,175,176,183,200,201,202,203,204,205,267,331,332,333,334,335,336,421,470,485,502,510,511,512,513,589,606,607,608,609,610,616,642,643,644,645,683,684,685,686,687,
324;0;4574;4651;1;0,1,2,3,4,5,6,7,8,9,20,22,29,30,31,32,33,34,35,36,37,48,53,63,64,65,66,67,68,69,85,87,88,89,112,126,127,132,173,174,175,176,183,200,201,202,203,204,205,267,331,332,333,334,335,336,421,470,485,502,510,511,512,513,589,606,607,608,609,610,616,642,643,644,645,683,684,685,686,687,
324;1;4651;4680;1;0,1,2,3,4,5,6,7,8,9,20,22,29,30,31,32,33,34,35,36,37,48,53,63,64,65,66,67,68,69,85,87,88,89,112,126,127,132,173,174,175,176,183,200,201,202,203,204,205,267,331,332,333,334,335,336,421,470,485,502,510,511,512,513,589,606,607,608,609,610,616,642,643,644,645,683,684,685,686,687,
128;0;4680;4781;0;0,1,2,3,4,5,6,7,8,9,20,22,29,30,31,32,33,34,35,36,37,48,53,63,64,65,66,67,68,69,85,87,88,89,112,126,127,132,173,174,175,176,183,200,201,202,203,204,205,267,331,332,333,334,335,336,421,470,485,502,510,511,512,513,589,606,607,608,609,610,616,642,643,644,645,683,684,685,686,687,
128;1;4781;4859;0;0,1,2,3,4,5,6,7,8,9,20,22,29,30,31,32,33,34,35,36,37,48,53,63,64,65,66,67,68,69,85,87,88,89,112,126,127,132,173,174,175,176,183,200,201,202,203,204,205,267,331,332,333,334,335,336,421,470,485,502,510,511,512,513,589,606,607,608,609,610,616,642,643,644,645,683,684,685,686,687,
74;0;4859;4919;1;0,1,2,3,4,5,6,7,8,9,20,22,29,30,31,32,33,34,35,36,37,48,53,63,64,65,66,67,68,69,85,87,88,89,112,126,127,132,173,174,175,176,183,200,201,202,203,204,205,267,331,332,333,334,335,336,421,470,485,502,510,511,512,513,589,606,607,608,609,610,616,642,643,644,645,683,684,685,686,687,
74;1;4919;4961;1;0,1,2,3,4,5,6,7,8,9,20,22,29,30,31,32,33,34,35,36,37,48,53,63,64,65,66,67,68,69,85,87,88,89,112,126,127,132,173,174,175,176,183,200,201,202,203,204,205,267,331,332,333,334,335,336,421,470,485,502,510,511,512,513,589,606,607,608,609,610,616,642,643,644,645,683,684,685,686,687,
67;0;4961;5016;0;0,1,2,3,4,5,6,7,8,9,20,22,29,30,31,32,33,34,35,36,37,48,53,63,64,65,66,67,68,69,85,87,88,89,112,126,127,132,173,174,175,176,183,200,201,202,203,204,205,267,331,332,333,334,335,336,421,470,485,502,510,511,512,513,589,606,607,608,609,610,616,642,643,644,645,683,684,685,686,687,
240;0;5016;5048;0;0,2,3,5,20,28,33,36,37,45,46,47,48,49,50,51,52,53,54,55,56,57,58,59,60,61,62,78,85,87,88,89,126,127,196,200,249,295,300,301,302,314,315,331,332,333,334,335,336,418,461,512,589,616,617,618,619,620,621,622,623,631,632,633,634,635,636,637,638,639,640,641,642,643,644,645,662,663,664,665,
245;0;5048;5108;0;0,2,3,5,20,28,33,36,37,45,46,47,48,49,50,51,52,53,54,55,56,57,58,59,60,61,62,78,85,87,88,89,126,127,196,200,249,295,300,301,302,314,315,331,332,333,334,335,336,418,461,512,589,616,617,618,619,620,621,622,623,631,632,633,634,635,636,637,638,639,640,641,642,643,644,645,662,663,664,665,
239;0;5108;5269;1;0,2,3,5,20,28,33,36,37,45,46,47,48,49,50,51,52,53,54,55,56,57,58,59,60,61,62,78,85,87,88,89,126,127,196,200,249,295,300,301,302,314,315,331,332,333,334,335,336,418,461,512,589,616,617,618,619,620,621,622,623,631,632,633,634,635,636,637,638,639,640,641,642,643,644,645,662,663,664,665,
239;1;5269;5431;1;0,2,3,5,20,28,33,36,37,45,46,47,48,49,50,51,52,53,54,55,56,57,58,59,60,61,62,78,85,87,88,89,126,127,196,200,249,295,300,301,302,314,315,331,332,333,334,335,336,418,461,512,589,616,617,618,619,620,621,622,623,631,632,633,634,635,636,637,638,639,640,641,642,643,644,645,662,663,664,665,
278;0;5431;5467;0;0,2,3,5,20,28,33,36,37,45,46,47,48,49,50,51,52,53,54,55,56,57,58,59,60,61,62,78,85,87,88,89,126,127,196,200,249,295,300,301,302,314,315,331,332,333,334,335,336,418,461,512,589,616,617,618,619,620,621,622,623,631,632,633,634,635,636,637,638,639,640,641,642,643,644,645,662,663,664,665,
278;1;5467;5476;0;0,2,3,5,20,28,33,36,37,45,46,47,48,49,50,51,52,53,54,55,56,57,58,59,60,61,62,78,85,87,88,89,126,127,196,200,249,295,300,301,302,314,315,331,332,333,334,335,336,418,461,512,589,616,617,618,619,620,621,622,623,631,632,633,634,635,636,637,638,639,640,641,642,643,644,645,662,663,664,665,
225;0;5476;5574;0;0,2,3,5,20,28,33,36,37,45,46,47,48,49,50,51,52,53,54,55,56,57,58,59,60,61,62,78,85,87,88,89,126,127,196,200,249,295,300,301,302,314,315,331,332,333,334,335,336,418,461,512,589,616,617,618,619,620,621,622,623,631,632,633,634,635,636,637,638,639,640,641,642,643,644,645,662,663,664,665,
388;0;5574;5654;0;0,2,3,5,20,28,33,36,37,45,46,47,48,49,50,51,52,53,54,55,56,57,58,59,60,61,62,78,85,87,88,89,126,127,196,200,249,295,300,301,302,314,315,331,332,333,334,335,336,418,461,512,589,616,617,618,619,620,621,622,623,631,632,633,634,635,636,637,638,639,640,641,642,643,644,645,662,663,664,665,
388;1;5654;5816;0;0,2,3,5,20,28,33,36,37,45,46,47,48,49,50,51,52,53,54,55,56,57,58,59,60,61,62,78,85,87,88,89,126,127,196,200,249,295,300,301,302,314,315,331,332,333,334,335,336,418,461,512,589,616,617,618,619,620,621,622,623,631,632,633,634,635,636,637,638,639,640,641,642,643,644,645,662,663,664,665,
5;0;5816;5882;0;0,2,3,5,20,28,33,36,37,45,46,47,48,49,50,51,52,53,54,55,56,57,58,59,60,61,62,78,85,87,88,89,126,127,196,200,249,295,300,301,302,314,315,331,332,333,334,335,336,418,461,512,589,616,617,618,619,620,621,622,623,631,632,633,634,635,636,637,638,639,640,641,642,643,644,645,662,663,664,665,
363;0;5882;6042;0;0,2,3,5,20,28,33,36,37,45,46,47,48,49,50,51,52,53,54,55,56,57,58,59,60,61,62,78,85,87,88,89,126,127,196,200,249,295,300,301,302,314,315,331,332,333,334,335,336,418,461,512,589,616,617,618,619,620,621,622,623,631,632,633,634,635,636,637,638,639,640,641,642,643,644,645,662,663,664,665,
363;1;6042;6138;0;0,2,3,5,20,28,33,36,37,45,46,47,48,49,50,51,52,53,54,55,56,57,58,59,60,61,62,78,85,87,88,89,126,127,196,200,249,295,300,301,302,314,315,331,332,333,334,335,336,418,461,512,589,616,617,618,619,620,621,622,623,631,632,633,634,635,636,637,638,639,640,641,642,643,644,645,662,663,664,665,
58;0;6138;6293;0;0,2,3,5,20,28,33,36,37,45,46,47,48,49,50,51,52,53,54,55,56,57,58,59,60,61,62,78,85,87,88,89,126,127,196,200,249,295,300,301,302,314,315,331,332,333,334,335,336,418,461,512,589,616,617,618,619,620,621,622,623,631,632,633,634,635,636,637,638,639,640,641,642,643,644,645,662,663,664,665,
58;1;6293;6370;0;0,2,3,5,20,28,33,36,37,45,46,47,48,49,50,51,52,53,54,55,56,57,58,59,60,61,62,78,85,87,88,89,126,127,196,200,249,295,300,301,302,314,315,331,332,333,334,335,336,418,461,512,589,616,617,618,619,620,621,622,623,631,632,633,634,635,636,637,638,639,640,641,642,643,644,645,662,663,664,665,
374;0;6370;6481;1;0,2,3,5,20,28,33,36,37,45,46,47,48,49,50,51,52,53,54,55,56,57,58,59,60,61,62,78,85,87,88,89,126,127,196,200,249,295,300,301,302,314,315,331,332,333,334,335,336,418,461,512,589,616,617,618,619,620,621,622,623,631,632,633,634,635,636,637,638,639,640,641,642,643,644,645,662,663,664,665,
374;1;6481;6541;1;0,2,3,5,20,28,33,36,37,45,46,47,48,49,50,51,52,53,54,55,56,57,58,59,60,61,62,78,85,87,88,89,126,127,196,200,249,295,300,301,302,314,315,331,332,333,334,335,336,418,461,512,589,616,617,618,619,620,621,622,623,631,632,633,634,635,636,637,638,639,640,641,642,643,644,645,662,663,664,665,
108;0;6541;6614;0;0,2,3,5,20,28,33,36,37,45,46,47,48,49,50,51,52,53,54,55,56,57,58,59,60,61,62,78,85,87,88,89,126,127,196,200,249,295,300,301,302,314,315,331,332,333,334,335,336,418,461,512,589,616,617,618,619,620,621,622,623,631,632,633,634,635,636,637,638,639,640,641,642,643,644,645,662,663,664,665,
108;1;6614;6691;0;0,2,3,5,20,28,33,36,37,45,46,47,48,49,50,51,52,53,54,55,56,57,58,59,60,61,62,78,85,87,88,89,126,127,196,200,249,295,300,301,302,314,315,331,332,333,334,335,336,418,461,512,589,616,617,618,619,620,621,622,623,631,632,633,634,635,636,637,638,639,640,641,642,643,644,645,662,663,664,665,
211;0;6691;6774;1;0,2,3,5,20,28,33,36,37,45,46,47,48,49,50,51,52,53,54,55,56,57,58,59,60,61,62,78,85,87,88,89,126,127,196,200,249,295,300,301,302,314,315,331,332,333,334,335,336,418,461,512,589,616,617,618,619,620,621,622,623,631,632,633,634,635,636,637,638,639,640,641,642,643,644,645,662,663,664,665,
211;1;6774;6851;1;0,2,3,5,20,28,33,36,37,45,46,47,48,49,50,51,52,53,54,55,56,57,58,59,60,61,62,78,85,87,88,89,126,127,196,200,249,295,300,301,302,314,315,331,332,333,334,335,336,418,461,512,589,616,617,618,619,620,621,622,623,631,632,633,634,635,636,637,638,639,640,641,642,643,644,645,662,663,664,665,
163;0;6851;6887;0;0,2,3,5,20,28,33,36,37,45,46,47,48,49,50,51,52,53,54,55,56,57,58,59,60,61,62,78,85,87,88,89,126,127,196,200,249,295,300,301,302,314,315,331,332,333,334,335,336,418,461,512,589,616,617,618,619,620,621,622,623,631,632,633,634,635,636,637,638,639,640,641,642,643,644,645,662,663,664,665,
163;1;6887;6953;0;0,2,3,5,20,28,33,36,37,45,46,47,48,49,50,51,52,53,54,55,56,57,58,59,60,61,62,78,85,87,88,89,126,127,196,200,249,295,300,301,302,314,315,331,332,333,334,335,336,418,461,512,589,616,617,618,619,620,621,622,623,631,632,633,634,635,636,637,638,639,640,641,642,643,644,645,662,663,664,665,
384;0;6953;7033;1;0,2,3,5,20,28,33,36,37,45,46,47,48,49,50,51,52,53,54,55,56,57,58,59,60,61,62,78,85,87,88,89,126,127,196,200,249,295,300,301,302,314,315,331,332,333,334,335,336,418,461,512,589,616,617,618,619,620,621,622,623,631,632,633,634,635,636,637,638,639,640,641,642,643,644,645,662,663,664,665,
384;1;7033;7195;1;0,2,3,5,20,28,33,36,37,45,46,47,48,49,50,51,52,53,54,55,56,57,58,59,60,61,62,78,85,87,88,89,126,127,196,200,249,295,300,301,302,314,315,331,332,333,334,335,336,418,461,512,589,616,617,618,619,620,621,622,623,631,632,633,634,635,636,637,638,639,640,641,642,643,644,645,662,663,664,665,
47;0;7195;7339;0;0,2,3,5,20,28,33,36,37,45,46,47,48,49,50,51,52,53,54,55,56,57,58,59,60,61,62,78,85,87,88,89,126,127,196,200,249,295,300,301,302,314,315,331,332,333,334,335,336,418,461,512,589,616,617,618,619,620,621,622,623,631,632,633,634,635,636,637,638,639,640,641,642,643,644,645,662,663,664,665,
27;0;7339;7444;0;0,2,3,5,20,28,33,36,37,45,46,47,48,49,50,51,52,53,54,55,56,57,58,59,60,61,62,78,85,87,88,89,126,127,196,200,249,295,300,301,302,314,315,331,332,333,334,335,336,418,461,512,589,616,617,618,619,620,621,622,623,631,632,633,634,635,636,637,638,639,640,641,642,643,644,645,662,663,664,665,
375;0;7444;7476;0;0,2,3,5,20,28,33,36,37,45,46,47,48,49,50,51,52,53,54,55,56,57,58,59,60,61,62,78,85,87,88,89,126,127,196,200,249,295,300,301,302,314,315,331,332,333,334,335,336,418,461,512,589,616,617,618,619,620,621,622,623,631,632,633,634,635,636,637,638,639,640,641,642,643,644,645,662,663,664,665,
290;0;7476;7508;0;0,2,3,5,20,28,33,36,37,45,46,47,48,49,50,51,52,53,54,55,56,57,58,59,60,61,62,78,85,87,88,89,126,127,196,200,249,295,300,301,302,314,315,331,332,333,334,335,336,418,461,512,589,616,617,618,619,620,621,622,623,631,632,633,634,635,636,637,638,639,640,641,642,643,644,645,662,663,664,665,
358;0;7508;7673;0;0,2,3,5,20,28,33,36,37,45,46,47,48,49,50,51,52,53,54,55,56,57,58,59,60,61,62,78,85,87,88,89,126,127,196,200,249,295,300,301,302,314,315,331,332,333,334,335,336,418,461,512,589,616,617,618,619,620,621,622,623,631,632,633,634,635,636,637,638,639,640,641,642,643,644,645,662,663,664,665,
358;1;7673;7702;0;0,2,3,5,20,28,33,36,37,45,46,47,48,49,50,51,52,53,54,55,56,57,58,59,60,61,62,78,85,87,88,89,126,127,196,200,249,295,300,301,302,314,315,331,332,333,334,335,336,418,461,512,589,616,617,618,619,620,621,622,623,631,632,633,634,635,636,637,638,639,640,641,642,643,644,645,662,663,664,665,
253;0;7702;7821;0;0,2,3,5,20,27,28,33,36,37,38,39,40,41,42,43,44,45,46,47,48,49,50,51,52,53,54,55,56,57,58,59,60,61,62,78,80,81,82,83,84,85,86,87,88,89,90,91,92,93,94,95,96,97,126,127,196,200,249,295,300,301,302,384,477,478,479,480,481,482,483,633,634,635,636,637,638,639,640,641,
253;1;7821;7968;0;0,2,3,5,20,27,28,33,36,37,38,39,40,41,42,43,44,45,46,47,48,49,50,51,52,53,54,55,56,57,58,59,60,61,62,78,80,81,82,83,84,85,86,87,88,89,90,91,92,93,94,95,96,97,126,127,196,200,249,295,300,301,302,384,477,478,479,480,481,482,483,633,634,635,636,637,638,639,640,641,
315;0;7968;8049;0;0,2,3,5,20,27,28,33,36,37,38,39,40,41,42,43,44,45,46,47,48,49,50,51,52,53,54,55,56,57,58,59,60,61,62,78,80,81,82,83,84,85,86,87,88,89,90,91,92,93,94,95,96,97,126,127,196,200,249,295,300,301,302,384,477,478,479,480,481,482,483,633,634,635,636,637,638,639,640,641,
4;0;8049;8101;1;0,2,3,5,20,27,28,33,36,37,38,39,40,41,42,43,44,45,46,47,48,49,50,51,52,53,54,55,56,57,58,59,60,61,62,78,80,81,82,83,84,85,86,87,88,89,90,91,92,93,94,95,96,97,126,127,196,200,249,295,300,301,302,384,477,478,479,480,481,482,483,633,634,635,636,637,638,639,640,641,
4;1;8101;8145;1;0,2,3,5,20,27,28,33,36,37,38,39,40,41,42,43,44,45,46,47,48,49,50,51,52,53,54,55,56,57,58,59,60,61,62,78,80,81,82,83,84,85,86,87,88,89,90,91,92,93,94,95,96,97,126,127,196,200,249,295,300,301,302,384,477,478,479,480,481,482,483,633,634,635,636,637,638,639,640,641,
62;0;8145;8292;0;0,2,3,5,20,27,28,33,36,37,38,39,40,41,42,43,44,45,46,47,48,49,50,51,52,53,54,55,56,57,58,59,60,61,62,78,80,81,82,83,84,85,86,87,88,89,90,91,92,93,94,95,96,97,126,127,196,200,249,295,300,301,302,384,477,478,479,480,481,482,483,633,634,635,636,637,638,639,640,641,
12;0;8292;8439;0;0,2,3,5,20,27,28,33,36,37,38,39,40,41,42,43,44,45,46,47,48,49,50,51,52,53,54,55,56,57,58,59,60,61,62,78,80,81,82,83,84,85,86,87,88,89,90,91,92,93,94,95,96,97,126,127,196,200,249,295,300,301,302,384,477,478,479,480,481,482,483,633,634,635,636,637,638,639,640,641,
114;0;8439;8468;1;0,2,3,5,20,27,28,33,36,37,38,39,40,41,42,43,44,45,46,47,48,49,50,51,52,53,54,55,56,57,58,59,60,61,62,78,80,81,82,83,84,85,86,87,88,89,90,91,92,93,94,95,96,97,126,127,196,200,249,295,300,301,302,384,477,478,479,480,481,482,483,633,634,635,636,637,638,639,640,641,
114;1;8468;8549;1;0,2,3,5,20,27,28,33,36,37,38,39,40,41,42,43,44,45,46,47,48,49,50,51,52,53,54,55,56,57,58,59,60,61,62,78,80,81,82,83,84,85,86,87,88,89,90,91,92,93,94,95,96,97,126,127,196,200,249,295,300,301,302,384,477,478,479,480,481,482,483,633,634,635,636,637,638,639,640,641,
124;0;8549;8670;1;0,2,3,5,20,27,28,33,36,37,38,39,40,41,42,43,44,45,46,47,48,49,50,51,52,53,54,55,56,57,58,59,60,61,62,78,80,81,82,83,84,85,86,87,88,89,90,91,92,93,94,95,96,97,126,127,196,200,249,295,300,301,302,384,477,478,479,480,481,482,483,633,634,635,636,637,638,639,640,641,
124;1;8670;8684;1;0,2,3,5,20,27,28,33,36,37,38,39,40,41,42,43,44,45,46,47,48,49,50,51,52,53,54,55,56,57,58,59,60,61,62,78,80,81,82,83,84,85,86,87,88,89,90,91,92,93,94,95,96,97,126,127,196,200,249,295,300,301,302,384,477,478,479,480,481,482,483,633,634,635,636,637,638,639,640,641,
346;0;8684;8843;1;0,2,3,5,20,27,28,33,36,37,38,39,40,41,42,43,44,45,46,47,48,49,50,51,52,53,54,55,56,57,58,59,60,61,62,78,80,81,82,83,84,85,86,87,88,89,90,91,92,93,94,95,96,97,126,127,196,200,249,295,300,301,302,384,477,478,479,480,481,482,483,633,634,635,636,637,638,639,640,641,
346;1;8843;8924;1;0,2,3,5,20,27,28,33,36,37,38,39,40,41,42,43,44,45,46,47,48,49,50,51,52,53,54,55,56,57,58,59,60,61,62,78,80,81,82,83,84,85,86,87,88,89,90,91,92,93,94,95,96,97,126,127,196,200,249,295,300,301,302,384,477,478,479,480,481,482,483,633,634,635,636,637,638,639,640,641,
173;0;8924;9069;0;0,2,3,5,20,27,28,33,36,37,38,39,40,41,42,43,44,45,46,47,48,49,50,51,52,53,54,55,56,57,58,59,60,61,62,78,80,81,82,83,84,85,86,87,88,89,90,91,92,93,94,95,96,97,126,127,196,200,249,295,300,301,302,384,477,478,479,480,481,482,483,633,634,635,636,637,638,639,640,641,
173;1;9069;9083;0;0,2,3,5,20,27,28,33,36,37,38,39,40,41,42,43,44,45,46,47,48,49,50,51,52,53,54,55,56,57,58,59,60,61,62,78,80,81,82,83,84,85,86,87,88,89,90,91,92,93,94,95,96,97,126,127,196,200,249,295,300,301,302,384,477,478,479,480,481,482,483,633,634,635,636,637,638,639,640,641,
378;0;9083;9212;0;0,2,3,5,20,27,28,33,36,37,38,39,40,41,42,43,44,45,46,47,48,49,50,51,52,53,54,55,56,57,58,59,60,61,62,78,80,81,82,83,84,85,86,87,88,89,90,91,92,93,94,95,96,97,126,127,196,200,249,295,300,301,302,384,477,478,479,480,481,482,483,633,634,635,636,637,638,639,640,641,
378;1;9212;9272;0;0,2,3,5,20,27,28,33,36,37,38,39,40,41,42,43,44,45,46,47,48,49,50,51,52,53,54,55,56,57,58,59,60,61,62,78,80,81,82,83,84,85,86,87,88,89,90,91,92,93,94,95,96,97,126,127,196,200,249,295,300,301,302,384,477,478,479,480,481,482,483,633,634,635,636,637,638,639,640,641,
376;0;9272;9304;1;0,2,3,5,20,27,28,33,36,37,38,39,45,46,47,48,49,50,51,52,53,70,77,79,90,120,135,151,196,197,200,208,220,249,289,290,291,292,293,294,295,296,297,298,299,300,301,302,303,304,305,306,307,310,384,398,477,478,479,480,481,482,483,746,747,748,749,750,751,752,753,754,755,756,757,758,759,775,776,777,
376;1;9304;9370;1;0,2,3,5,20,27,28,33,36,37,38,39,45,46,47,48,49,50,51,52,53,70,77,79,90,120,135,151,196,197,200,208,220,249,289,290,291,292,293,294,295,296,297,298,299,300,301,302,303,304,305,306,307,310,384,398,477,478,479,480,481,482,483,746,747,748,749,750,751,752,753,754,755,756,757,758,759,775,776,777,
53;0;9370;9519;0;0,2,3,5,20,27,28,33,36,37,38,39,45,46,47,48,49,50,51,52,53,70,77,79,90,120,135,151,196,197,200,208,220,249,289,290,291,292,293,294,295,296,297,298,299,300,301,302,303,304,305,306,307,310,384,398,477,478,479,480,481,482,483,746,747,748,749,750,751,752,753,754,755,756,757,758,759,775,776,777,
53;1;9519;9579;0;0,2,3,5,20,27,28,33,36,37,38,39,45,46,47,48,49,50,51,52,53,70,77,79,90,120,135,151,196,197,200,208,220,249,289,290,291,292,293,294,295,296,297,298,299,300,301,302,303,304,305,306,307,310,384,398,477,478,479,480,481,482,483,746,747,748,749,750,751,752,753,754,755,756,757,758,759,775,776,777,
297;0;9579;9660;0;0,2,3,5,20,27,28,33,36,37,38,39,45,46,47,48,49,50,51,52,53,70,77,79,90,120,135,151,196,197,200,208,220,249,289,290,291,292,293,294,295,296,297,298,299,300,301,302,303,304,305,306,307,310,384,398,477,478,479,480,481,482,483,746,747,748,749,750,751,752,753,754,755,756,757,758,759,775,776,777,
350;0;9660;9687;0;0,2,3,5,20,27,28,33,36,37,38,39,45,46,47,48,49,50,51,52,53,70,77,79,90,120,135,151,196,197,200,208,220,249,289,290,291,292,293,294,295,296,297,298,299,300,301,302,303,304,305,306,307,310,384,398,477,478,479,480,481,482,483,746,747,748,749,750,751,752,753,754,755,756,757,758,759,775,776,777,
238;0;9687;9799;0;0,2,3,5,20,27,28,33,36,37,38,39,45,46,47,48,49,50,51,52,53,70,77,79,90,120,135,151,196,197,200,208,220,249,289,290,291,292,293,294,295,296,297,298,299,300,301,302,303,304,305,306,307,310,384,398,477,478,479,480,481,482,483,746,747,748,749,750,751,752,753,754,755,756,757,758,759,775,776,777,
238;1;9799;9889;0;0,2,3,5,20,27,28,33,36,37,38,39,45,46,47,48,49,50,51,52,53,70,77,79,90,120,135,151,196,197,200,208,220,249,289,290,291,292,293,294,295,296,297,298,299,300,301,302,303,304,305,306,307,310,384,398,477,478,479,480,481,482,483,746,747,748,749,750,751,752,753,754,755,756,757,758,759,775,776,777,
310;0;9889;9918;0;0,2,3,5,20,27,28,33,36,37,38,39,45,46,47,48,49,50,51,52,53,70,77,79,90,120,135,151,196,197,200,208,220,249,289,290,291,292,293,294,295,296,297,298,299,300,301,302,303,304,305,306,307,310,384,398,477,478,479,480,481,482,483,746,747,748,749,750,751,752,753,754,755,756,757,758,759,775,776,777,
194;0;9918;9938;1;0,2,3,5,20,27,28,33,36,37,38,39,45,46,47,48,49,50,51,52,53,70,77,79,90,120,135,151,196,197,200,208,220,249,289,290,291,292,293,294,295,296,297,298,299,300,301,302,303,304,305,306,307,310,384,398,477,478,479,480,481,482,483,746,747,748,749,750,751,752,753,754,755,756,757,758,759,775,776,777,
194;1;9938;9998;1;0,2,3,5,20,27,28,33,36,37,38,39,45,46,47,48,49,50,51,52,53,70,77,79,90,120,135,151,196,197,200,208,220,249,289,290,291,292,293,294,295,296,297,298,299,300,301,302,303,304,305,306,307,310,384,398,477,478,479,480,481,482,483,746,747,748,749,750,751,752,753,754,755,756,757,758,759,775,776,777,
Machine: 2
22;0;0;109;0;0,1,2,5,10,11,12,13,14,15,16,17,18,19,36,38,48,81,89,90,100,102,103,104,105,106,107,120,135,142,143,151,152,153,154,155,156,157,167,168,197,208,229,230,231,232,233,234,235,236,237,238,239,240,241,242,243,244,268,416,417,418,434,450,451,452,453,454,455,456,457,511,514,515,516,517,518,519,520,521,
279;0;109;270;1;0,1,2,5,10,11,12,13,14,15,16,17,18,19,36,38,48,81,89,90,100,102,103,104,105,106,107,120,135,142,143,151,152,153,154,155,156,157,167,168,197,208,229,230,231,232,233,234,235,236,237,238,239,240,241,242,243,244,268,416,417,418,434,450,451,452,453,454,455,456,457,511,514,515,516,517,518,519,520,521,
279;1;270;364;1;0,1,2,5,10,11,12,13,14,15,16,17,18,19,36,38,48,81,89,90,100,102,103,104,105,106,107,120,135,142,143,151,152,153,154,155,156,157,167,168,197,208,229,230,231,232,233,234,235,236,237,238,239,240,241,242,243,244,268,416,417,418,434,450,451,452,453,454,455,456,457,511,514,515,516,517,518,519,520,521,
178;0;364;409;0;0,1,2,5,10,11,12,13,14,15,16,17,18,19,36,38,48,81,89,90,100,102,103,104,105,106,107,120,135,142,143,151,152,153,154,155,156,157,167,168,197,208,229,230,231,232,233,234,235,236,237,238,239,240,241,242,243,244,268,416,417,418,434,450,451,452,453,454,455,456,457,511,514,515,516,517,518,519,520,521,
178;1;409;482;0;0,1,2,5,10,11,12,13,14,15,16,17,18,19,36,38,48,81,89,90,100,102,103,104,105,106,107,120,135,142,143,151,152,153,154,155,156,157,167,168,197,208,229,230,231,232,233,234,235,236,237,238,239,240,241,242,243,244,268,416,417,418,434,450,451,452,453,454,455,456,457,511,514,515,516,517,518,519,520,521,
101;0;482;555;1;0,1,2,5,10,11,12,13,14,15,16,17,18,19,36,38,48,81,89,90,100,102,103,104,105,106,107,120,135,142,143,151,152,153,154,155,156,157,167,168,197,208,229,230,231,232,233,234,235,236,237,238,239,240,241,242,243,244,268,416,417,418,434,450,451,452,453,454,455,456,457,511,514,515,516,517,518,519,520,521,
101;1;555;577;1;0,1,2,5,10,11,12,13,14,15,16,17,18,19,36,38,48,81,89,90,100,102,103,104,105,106,107,120,135,142,143,151,152,153,154,155,156,157,167,168,197,208,229,230,231,232,233,234,235,236,237,238,239,240,241,242,243,244,268,416,417,418,434,450,451,452,453,454,455,456,457,511,514,515,516,517,518,519,520,521,
143;0;577;690;0;0,1,2,5,10,11,12,13,14,15,16,17,18,19,36,38,48,81,89,90,100,102,103,104,105,106,107,120,135,142,143,151,152,153,154,155,156,157,167,168,197,208,229,230,231,232,233,234,235,236,237,238,239,240,241,242,243,244,268,416,417,418,434,450,451,452,453,454,455,456,457,511,514,515,516,517,518,519,520,521,
143;1;690;755;0;0,1,2,5,10,11,12,13,14,15,16,17,18,19,36,38,48,81,89,90,100,102,103,104,105,106,107,120,135,142,143,151,152,153,154,155,156,157,167,168,197,208,229,230,231,232,233,234,235,236,237,238,239,240,241,242,243,244,268,416,417,418,434,450,451,452,453,454,455,456,457,511,514,515,516,517,518,519,520,521,
283;0;755;899;0;0,1,2,5,10,11,12,13,14,15,16,17,18,19,36,38,48,81,89,90,100,102,103,104,105,106,107,120,135,142,143,151,152,153,154,155,156,157,167,168,197,208,229,230,231,232,233,234,235,236,237,238,239,240,241,242,243,244,268,416,417,418,434,450,451,452,453,454,455,456,457,511,514,515,516,517,518,519,520,521,
283;1;899;972;0;0,1,2,5,10,11,12,13,14,15,16,17,18,19,36,38,48,81,89,90,100,102,103,104,105,106,107,120,135,142,143,151,152,153,154,155,156,157,167,168,197,208,229,230,231,232,233,234,235,236,237,238,239,240,241,242,243,244,268,416,417,418,434,450,451,452,453,454,455,456,457,511,514,515,516,517,518,519,520,521,
181;0;972;1059;1;0,1,2,5,10,11,12,13,14,15,16,17,18,19,36,38,48,81,89,90,100,102,103,104,105,106,107,120,135,142,143,151,152,153,154,155,156,157,167,168,197,208,229,230,231,232,233,234,235,236,237,238,239,240,241,242,243,244,268,416,417,418,434,450,451,452,453,454,455,456,457,511,514,515,516,517,518,519,520,521,
181;1;1059;1159;1;0,1,2,5,10,11,12,13,14,15,16,17,18,19,36,38,48,81,89,90,100,102,103,104,105,106,107,120,135,142,143,151,152,153,154,155,156,157,167,168,197,208,229,230,231,232,233,234,235,236,237,238,239,240,241,242,243,244,268,416,417,418,434,450,451,452,453,454,455,456,457,511,514,515,516,517,518,519,520,521,
39;0;1159;1332;1;0,1,2,5,10,11,12,13,14,15,16,17,18,19,36,38,48,81,89,90,100,102,103,104,105,106,107,120,135,142,143,151,152,153,154,155,156,157,167,168,197,208,229,230,231,232,233,234,235,236,237,238,239,240,241,242,243,244,268,416,417,418,434,450,451,452,453,454,455,456,457,511,514,515,516,517,518,519,520,521,
39;1;1332;1483;1;0,1,2,5,10,11,12,13,14,15,16,17,18,19,36,38,48,81,89,90,100,102,103,104,105,106,107,120,135,142,143,151,152,153,154,155,156,157,167,168,197,208,229,230,231,232,233,234,235,236,237,238,239,240,241,242,243,244,268,416,417,418,434,450,451,452,453,454,455,456,457,511,514,515,516,517,518,519,520,521,
71;0;1483;1602;1;0,1,2,5,10,11,12,13,14,15,16,17,18,19,36,38,48,81,89,90,100,102,103,104,105,106,107,120,135,142,143,151,152,153,154,155,156,157,167,168,197,208,229,230,231,232,233,234,235,236,237,238,239,240,241,242,243,244,268,416,417,418,434,450,451,452,453,454,455,456,457,511,514,515,516,517,518,519,520,521,
71;1;1602;1753;1;0,1,2,5,10,11,12,13,14,15,16,17,18,19,36,38,48,81,89,90,100,102,103,104,105,106,107,120,135,142,143,151,152,153,154,155,156,157,167,168,197,208,229,230,231,232,233,234,235,236,237,238,239,240,241,242,243,244,268,416,417,418,434,450,451,452,453,454,455,456,457,511,514,515,516,517,518,519,520,521,
328;0;1753;1884;0;0,1,2,5,10,11,12,13,14,15,16,17,18,19,36,38,48,81,89,90,100,102,103,104,105,106,107,120,135,142,143,151,152,153,154,155,156,157,167,168,197,208,229,230,231,232,233,234,235,236,237,238,239,240,241,242,243,244,268,416,417,418,434,450,451,452,453,454,455,456,457,511,514,515,516,517,518,519,520,521,
328;1;1884;2033;0;0,1,2,5,10,11,12,13,14,15,16,17,18,19,36,38,48,81,89,90,100,102,103,104,105,106,107,120,135,142,143,151,152,153,154,155,156,157,167,168,197,208,229,230,231,232,233,234,235,236,237,238,239,240,241,242,243,244,268,416,417,418,434,450,451,452,453,454,455,456,457,511,514,515,516,517,518,519,520,521,
81;0;2033;2201;1;0,1,2,5,10,11,12,13,14,15,16,17,18,19,36,38,48,81,89,90,100,102,103,104,105,106,107,120,135,142,143,151,152,153,154,155,156,157,167,168,197,208,229,230,231,232,233,234,235,236,237,238,239,240,241,242,243,244,268,416,417,418,434,450,451,452,453,454,455,456,457,511,514,515,516,517,518,519,520,521,
81;1;2201;2310;1;0,1,2,5,10,11,12,13,14,15,16,17,18,19,36,38,48,81,89,90,100,102,103,104,105,106,107,120,135,142,143,151,152,153,154,155,156,157,167,168,197,208,229,230,231,232,233,234,235,236,237,238,239,240,241,242,243,244,268,416,417,418,434,450,451,452,453,454,455,456,457,511,514,515,516,517,518,519,520,521,
270;0;2310;2344;0;0,1,2,5,10,11,12,13,14,15,16,17,18,19,36,38,48,81,89,90,100,102,103,104,105,106,107,120,135,142,143,151,152,153,154,155,156,157,167,168,197,208,229,230,231,232,233,234,235,236,237,238,239,240,241,242,243,244,268,416,417,418,434,450,451,452,453,454,455,456,457,511,514,515,516,517,518,519,520,521,
177;0;2344;2508;0;0,1,2,5,10,11,12,13,14,15,16,17,18,19,36,38,48,81,89,90,100,102,103,104,105,106,107,120,135,142,143,151,152,153,154,155,156,157,167,168,197,208,229,230,231,232,233,234,235,236,237,238,239,240,241,242,243,244,268,416,417,418,434,450,451,452,453,454,455,456,457,511,514,515,516,517,518,519,520,521,
311;0;2508;2554;1;0,1,2,5,10,11,12,13,14,15,16,17,18,19,36,38,48,81,89,90,100,102,103,104,105,106,107,120,135,142,143,151,152,153,154,155,156,157,167,168,197,208,229,230,231,232,233,234,235,236,237,238,239,240,241,242,243,244,268,416,417,418,434,450,451,452,453,454,455,456,457,511,514,515,516,517,518,519,520,521,
311;1;2554;2703;1;0,1,2,5,10,11,12,13,14,15,16,17,18,19,36,38,48,81,89,90,100,102,103,104,105,106,107,120,135,142,143,151,152,153,154,155,156,157,167,168,197,208,229,230,231,232,233,234,235,236,237,238,239,240,241,242,243,244,268,416,417,418,434,450,451,452,453,454,455,456,457,511,514,515,516,517,518,519,520,521,
100;0;2703;2803;0;0,1,2,5,10,11,12,13,14,15,16,17,18,19,36,38,48,81,89,90,100,102,103,104,105,106,107,120,135,142,143,151,152,153,154,155,156,157,167,168,197,208,229,230,231,232,233,234,235,236,237,238,239,240,241,242,243,244,268,416,417,418,434,450,451,452,453,454,455,456,457,511,514,515,516,517,518,519,520,521,
341;0;2803;2901;1;0,1,2,5,10,11,12,13,14,15,16,17,18,19,36,38,48,81,89,90,100,102,103,104,105,106,107,120,135,142,143,151,152,153,154,155,156,157,167,168,197,208,229,230,231,232,233,234,235,236,237,238,239,240,241,242,243,244,268,416,417,418,434,450,451,452,453,454,455,456,457,511,514,515,516,517,518,519,520,521,
341;1;2901;3001;1;0,1,2,5,10,11,12,13,14,15,16,17,18,19,36,38,48,81,89,90,100,102,103,104,105,106,107,120,135,142,143,151,152,153,154,155,156,157,167,168,197,208,229,230,231,232,233,234,235,236,237,238,239,240,241,242,243,244,268,416,417,418,434,450,451,452,453,454,455,456,457,511,514,515,516,517,518,519,520,521,
367;0;3001;3165;0;0,1,2,5,10,11,12,13,14,15,16,17,18,19,36,38,48,81,89,90,100,102,103,104,105,106,107,120,135,142,143,151,152,153,154,155,156,157,167,168,197,208,229,230,231,232,233,234,235,236,237,238,239,240,241,242,243,244,268,416,417,418,434,450,451,452,453,454,455,456,457,511,514,515,516,517,518,519,520,521,
1;0;3165;3169;0;0,1,2,5,10,11,12,13,14,15,16,17,18,19,36,38,48,81,89,90,100,102,103,104,105,106,107,120,135,142,143,151,152,153,154,155,156,157,167,168,197,208,229,230,231,232,233,234,235,236,237,238,239,240,241,242,243,244,268,416,417,418,434,450,451,452,453,454,455,456,457,511,514,515,516,517,518,519,520,521,
1;1;3169;3234;0;0,1,2,5,10,11,12,13,14,15,16,17,18,19,36,38,48,81,89,90,100,102,103,104,105,106,107,120,135,142,143,151,152,153,154,155,156,157,167,168,197,208,229,230,231,232,233,234,235,236,237,238,239,240,241,242,243,244,268,416,417,418,434,450,451,452,453,454,455,456,457,511,514,515,516,517,518,519,520,521,
14;0;3234;3371;1;0,1,2,5,10,11,12,13,14,15,16,17,18,19,36,38,48,81,89,90,100,102,103,104,105,106,107,120,135,142,143,151,152,153,154,155,156,157,167,168,197,208,229,230,231,232,233,234,235,236,237,238,239,240,241,242,243,244,268,416,417,418,434,450,451,452,453,454,455,456,457,511,514,515,516,517,518,519,520,521,
14;1;3371;3522;1;0,1,2,5,10,11,12,13,14,15,16,17,18,19,36,38,48,81,89,90,100,102,103,104,105,106,107,120,135,142,143,151,152,153,154,155,156,157,167,168,197,208,229,230,231,232,233,234,235,236,237,238,239,240,241,242,243,244,268,416,417,418,434,450,451,452,453,454,455,456,457,511,514,515,516,517,518,519,520,521,
361;0;3522;3663;1;0,1,2,5,10,11,20,37,48,54,63,64,65,66,67,68,69,85,90,108,109,110,111,112,113,114,135,142,143,144,145,146,147,148,149,150,151,153,154,167,168,197,208,220,221,229,230,231,232,233,234,235,236,237,238,239,240,241,242,243,244,435,451,453,458,511,514,515,516,517,518,519,520,521,526,527,528,529,660,661,
361;1;3663;3827;1;0,1,2,5,10,11,20,37,48,54,63,64,65,66,67,68,69,85,90,108,109,110,111,112,113,114,135,142,143,144,145,146,147,148,149,150,151,153,154,167,168,197,208,220,221,229,230,231,232,233,234,235,236,237,238,239,240,241,242,243,244,435,451,453,458,511,514,515,516,517,518,519,520,521,526,527,528,529,660,661,
269;0;3827;3842;1;0,1,2,5,10,11,20,37,48,54,63,64,65,66,67,68,69,85,90,108,109,110,111,112,113,114,135,142,143,144,145,146,147,148,149,150,151,153,154,167,168,197,208,220,221,229,230,231,232,233,234,235,236,237,238,239,240,241,242,243,244,435,451,453,458,511,514,515,516,517,518,519,520,521,526,527,528,529,660,661,
269;1;3842;3866;1;0,1,2,5,10,11,20,37,48,54,63,64,65,66,67,68,69,85,90,108,109,110,111,112,113,114,135,142,143,144,145,146,147,148,149,150,151,153,154,167,168,197,208,220,221,229,230,231,232,233,234,235,236,237,238,239,240,241,242,243,244,435,451,453,458,511,514,515,516,517,518,519,520,521,526,527,528,529,660,661,
213;0;3866;3954;0;0,1,2,5,10,11,20,37,48,54,63,64,65,66,67,68,69,85,90,108,109,110,111,112,113,114,135,142,143,144,145,146,147,148,149,150,151,153,154,167,168,197,208,220,221,229,230,231,232,233,234,235,236,237,238,239,240,241,242,243,244,435,451,453,458,511,514,515,516,517,518,519,520,521,526,527,528,529,660,661,
213;1;3954;4090;0;0,1,2,5,10,11,20,37,48,54,63,64,65,66,67,68,69,85,90,108,109,110,111,112,113,114,135,142,143,144,145,146,147,148,149,150,151,153,154,167,168,197,208,220,221,229,230,231,232,233,234,235,236,237,238,239,240,241,242,243,244,435,451,453,458,511,514,515,516,517,518,519,520,521,526,527,528,529,660,661,
197;0;4090;4150;0;0,1,2,5,10,11,20,37,48,54,63,64,65,66,67,68,69,85,90,108,109,110,111,112,113,114,135,142,143,144,145,146,147,148,149,150,151,153,154,167,168,197,208,220,221,229,230,231,232,233,234,235,236,237,238,239,240,241,242,243,244,435,451,453,458,511,514,515,516,517,518,519,520,521,526,527,528,529,660,661,
19;0;4150;4298;1;0,1,2,5,10,11,20,37,48,54,63,64,65,66,67,68,69,85,90,108,109,110,111,112,113,114,135,142,143,144,145,146,147,148,149,150,151,153,154,167,168,197,208,220,221,229,230,231,232,233,234,235,236,237,238,239,240,241,242,243,244,435,451,453,458,511,514,515,516,517,518,519,520,521,526,527,528,529,660,661,
19;1;4298;4462;1;0,1,2,5,10,11,20,37,48,54,63,64,65,66,67,68,69,85,90,108,109,110,111,112,113,114,135,142,143,144,145,146,147,148,149,150,151,153,154,167,168,197,208,220,221,229,230,231,232,233,234,235,236,237,238,239,240,241,242,243,244,435,451,453,458,511,514,515,516,517,518,519,520,521,526,527,528,529,660,661,
112;0;4462;4512;0;0,1,2,5,10,11,20,37,48,54,63,64,65,66,67,68,69,85,90,108,109,110,111,112,113,114,135,142,143,144,145,146,147,148,149,150,151,153,154,167,168,197,208,220,221,229,230,231,232,233,234,235,236,237,238,239,240,241,242,243,244,435,451,453,458,511,514,515,516,517,518,519,520,521,526,527,528,529,660,661,
52;0;4512;4546;0;0,1,2,5,10,11,20,37,48,54,63,64,65,66,67,68,69,85,90,108,109,110,111,112,113,114,135,142,143,144,145,146,147,148,149,150,151,153,154,167,168,197,208,220,221,229,230,231,232,233,234,235,236,237,238,239,240,241,242,243,244,435,451,453,458,511,514,515,516,517,518,519,520,521,526,527,528,529,660,661,
149;0;4546;4651;1;0,1,2,5,10,11,20,37,48,54,63,64,65,66,67,68,69,85,90,108,109,110,111,112,113,114,135,142,143,144,145,146,147,148,149,150,151,153,154,167,168,197,208,220,221,229,230,231,232,233,234,235,236,237,238,239,240,241,242,243,244,435,451,453,458,511,514,515,516,517,518,519,520,521,526,527,528,529,660,661,
149;1;4651;4685;1;0,1,2,5,10,11,20,37,48,54,63,64,65,66,67,68,69,85,90,108,109,110,111,112,113,114,135,142,143,144,145,146,147,148,149,150,151,153,154,167,168,197,208,220,221,229,230,231,232,233,234,235,236,237,238,239,240,241,242,243,244,435,451,453,458,511,514,515,516,517,518,519,520,521,526,527,528,529,660,661,
257;0;4685;4715;0;0,1,2,5,10,11,20,37,48,54,63,64,65,66,67,68,69,85,90,108,109,110,111,112,113,114,135,142,143,144,145,146,147,148,149,150,151,153,154,167,168,197,208,220,221,229,230,231,232,233,234,235,236,237,238,239,240,241,242,243,244,435,451,453,458,511,514,515,516,517,518,519,520,521,526,527,528,529,660,661,
215;0;4715;4765;0;0,1,2,5,10,11,20,37,48,54,63,64,65,66,67,68,69,85,90,108,109,110,111,112,113,114,135,142,143,144,145,146,147,148,149,150,151,153,154,167,168,197,208,220,221,229,230,231,232,233,234,235,236,237,238,239,240,241,242,243,244,435,451,453,458,511,514,515,516,517,518,519,520,521,526,527,528,529,660,661,
158;0;4765;4816;0;0,1,2,5,10,11,20,37,48,54,63,64,65,66,67,68,69,85,90,108,109,110,111,112,113,114,135,142,143,144,145,146,147,148,149,150,151,153,154,167,168,197,208,220,221,229,230,231,232,233,234,235,236,237,238,239,240,241,242,243,244,435,451,453,458,511,514,515,516,517,518,519,520,521,526,527,528,529,660,661,
158;1;4816;4910;0;0,1,2,5,10,11,20,37,48,54,63,64,65,66,67,68,69,85,90,108,109,110,111,112,113,114,135,142,143,144,145,146,147,148,149,150,151,153,154,167,168,197,208,220,221,229,230,231,232,233,234,235,236,237,238,239,240,241,242,243,244,435,451,453,458,511,514,515,516,517,518,519,520,521,526,527,528,529,660,661,
234;0;4910;4959;1;0,1,2,5,10,11,20,37,48,54,63,64,65,66,67,68,69,85,90,108,109,110,111,112,113,114,135,142,143,144,145,146,147,148,149,150,151,153,154,167,168,197,208,220,221,229,230,231,232,233,234,235,236,237,238,239,240,241,242,243,244,435,451,453,458,511,514,515,516,517,518,519,520,521,526,527,528,529,660,661,
234;1;4959;4993;1;0,1,2,5,10,11,20,37,48,54,63,64,65,66,67,68,69,85,90,108,109,110,111,112,113,114,135,142,143,144,145,146,147,148,149,150,151,153,154,167,168,197,208,220,221,229,230,231,232,233,234,235,236,237,238,239,240,241,242,243,244,435,451,453,458,511,514,515,516,517,518,519,520,521,526,527,528,529,660,661,
15;0;4993;5124;0;0,1,2,5,10,11,20,37,48,54,63,64,65,66,67,68,69,85,90,108,109,110,111,112,113,114,135,142,143,144,145,146,147,148,149,150,151,153,154,167,168,197,208,220,221,229,230,231,232,233,234,235,236,237,238,239,240,241,242,243,244,435,451,453,458,511,514,515,516,517,518,519,520,521,526,527,528,529,660,661,
231;0;5124;5261;1;0,1,2,5,10,11,20,37,48,54,63,64,65,66,67,68,69,85,90,108,109,110,111,112,113,114,135,142,143,144,145,146,147,148,149,150,151,153,154,167,168,197,208,220,221,229,230,231,232,233,234,235,236,237,238,239,240,241,242,243,244,435,451,453,458,511,514,515,516,517,518,519,520,521,526,527,528,529,660,661,
231;1;5261;5295;1;0,1,2,5,10,11,20,37,48,54,63,64,65,66,67,68,69,85,90,108,109,110,111,112,113,114,135,142,143,144,145,146,147,148,149,150,151,153,154,167,168,197,208,220,221,229,230,231,232,233,234,235,236,237,238,239,240,241,242,243,244,435,451,453,458,511,514,515,516,517,518,519,520,521,526,527,528,529,660,661,
202;0;5295;5459;0;0,1,2,5,10,11,20,37,48,54,63,64,65,66,67,68,69,85,90,108,109,110,111,112,113,114,135,142,143,144,145,146,147,148,149,150,151,153,154,167,168,197,208,220,221,229,230,231,232,233,234,235,236,237,238,239,240,241,242,243,244,435,451,453,458,511,514,515,516,517,518,519,520,521,526,527,528,529,660,661,
65;0;5459;5623;0;0,1,2,5,10,11,20,37,48,54,63,64,65,66,67,68,69,85,90,108,109,110,111,112,113,114,135,142,143,144,145,146,147,148,149,150,151,153,154,167,168,197,208,220,221,229,230,231,232,233,234,235,236,237,238,239,240,241,242,243,244,435,451,453,458,511,514,515,516,517,518,519,520,521,526,527,528,529,660,661,
201;0;5623;5662;1;0,1,2,5,10,11,20,37,48,54,63,64,65,66,67,68,69,85,90,108,109,110,111,112,113,114,135,142,143,144,145,146,147,148,149,150,151,153,154,167,168,197,208,220,221,229,230,231,232,233,234,235,236,237,238,239,240,241,242,243,244,435,451,453,458,511,514,515,516,517,518,519,520,521,526,527,528,529,660,661,
201;1;5662;5826;1;0,1,2,5,10,11,20,37,48,54,63,64,65,66,67,68,69,85,90,108,109,110,111,112,113,114,135,142,143,144,145,146,147,148,149,150,151,153,154,167,168,197,208,220,221,229,230,231,232,233,234,235,236,237,238,239,240,241,242,243,244,435,451,453,458,511,514,515,516,517,518,519,520,521,526,527,528,529,660,661,
30;0;5826;5957;0;0,1,2,5,10,11,20,37,48,54,63,64,65,66,67,68,69,85,90,108,109,110,111,112,113,114,135,142,143,144,145,146,147,148,149,150,151,153,154,167,168,197,208,220,221,229,230,231,232,233,234,235,236,237,238,239,240,241,242,243,244,435,451,453,458,511,514,515,516,517,518,519,520,521,526,527,528,529,660,661,
203;0;5957;6121;0;0,1,2,5,10,11,20,37,48,54,63,64,65,66,67,68,69,85,90,108,109,110,111,112,113,114,135,142,143,144,145,146,147,148,149,150,151,153,154,167,168,197,208,220,221,229,230,231,232,233,234,235,236,237,238,239,240,241,242,243,244,435,451,453,458,511,514,515,516,517,518,519,520,521,526,527,528,529,660,661,
203;1;6121;6252;0;0,1,2,5,10,11,20,37,48,54,63,64,65,66,67,68,69,85,90,108,109,110,111,112,113,114,135,142,143,144,145,146,147,148,149,150,151,153,154,167,168,197,208,220,221,229,230,231,232,233,234,235,236,237,238,239,240,241,242,243,244,435,451,453,458,511,514,515,516,517,518,519,520,521,526,527,528,529,660,661,
109;0;6252;6288;1;0,1,2,5,10,11,20,37,48,54,63,64,65,66,67,68,69,85,90,108,109,110,111,112,113,114,135,142,143,144,145,146,147,148,149,150,151,153,154,167,168,197,208,220,221,229,230,231,232,233,234,235,236,237,238,239,240,241,242,243,244,435,451,453,458,511,514,515,516,517,518,519,520,521,526,527,528,529,660,661,
109;1;6288;6397;1;0,1,2,5,10,11,20,37,48,54,63,64,65,66,67,68,69,85,90,108,109,110,111,112,113,114,135,142,143,144,145,146,147,148,149,150,151,153,154,167,168,197,208,220,221,229,230,231,232,233,234,235,236,237,238,239,240,241,242,243,244,435,451,453,458,511,514,515,516,517,518,519,520,521,526,527,528,529,660,661,
218;0;6397;6572;0;0,1,2,5,48,77,90,135,151,153,154,177,197,208,216,220,221,229,230,231,232,233,234,235,236,237,238,239,240,241,242,243,244,250,289,301,308,309,310,311,312,313,337,338,339,340,341,342,343,344,345,346,388,405,435,451,453,458,459,460,461,462,463,489,511,514,515,516,517,518,519,520,521,526,527,528,529,602,603,604,
218;1;6572;6638;0;0,1,2,5,48,77,90,135,151,153,154,177,197,208,216,220,221,229,230,231,232,233,234,235,236,237,238,239,240,241,242,243,244,250,289,301,308,309,310,311,312,313,337,338,339,340,341,342,343,344,345,346,388,405,435,451,453,458,459,460,461,462,463,489,511,514,515,516,517,518,519,520,521,526,527,528,529,602,603,604,
116;0;6638;6739;1;0,1,2,5,48,77,90,135,151,153,154,177,197,208,216,220,221,229,230,231,232,233,234,235,236,237,238,239,240,241,242,243,244,250,289,301,308,309,310,311,312,313,337,338,339,340,341,342,343,344,345,346,388,405,435,451,453,458,459,460,461,462,463,489,511,514,515,516,517,518,519,520,521,526,527,528,529,602,603,604,
116;1;6739;6891;1;0,1,2,5,48,77,90,135,151,153,154,177,197,208,216,220,221,229,230,231,232,233,234,235,236,237,238,239,240,241,242,243,244,250,289,301,308,309,310,311,312,313,337,338,339,340,341,342,343,344,345,346,388,405,435,451,453,458,459,460,461,462,463,489,511,514,515,516,517,518,519,520,521,526,527,528,529,602,603,604,
314;0;6891;6974;1;0,1,2,5,48,77,90,135,151,153,154,177,197,208,216,220,221,229,230,231,232,233,234,235,236,237,238,239,240,241,242,243,244,250,289,301,308,309,310,311,312,313,337,338,339,340,341,342,343,344,345,346,388,405,435,451,453,458,459,460,461,462,463,489,511,514,515,516,517,518,519,520,521,526,527,528,529,602,603,604,
314;1;6974;7034;1;0,1,2,5,48,77,90,135,151,153,154,177,197,208,216,220,221,229,230,231,232,233,234,235,236,237,238,239,240,241,242,243,244,250,289,301,308,309,310,311,312,313,337,338,339,340,341,342,343,344,345,346,388,405,435,451,453,458,459,460,461,462,463,489,511,514,515,516,517,518,519,520,521,526,527,528,529,602,603,604,
43;0;7034;7080;0;0,1,2,5,48,77,90,135,151,153,154,177,197,208,216,220,221,229,230,231,232,233,234,235,236,237,238,239,240,241,242,243,244,250,289,301,308,309,310,311,312,313,337,338,339,340,341,342,343,344,345,346,388,405,435,451,453,458,459,460,461,462,463,489,511,514,515,516,517,518,519,520,521,526,527,528,529,602,603,604,
43;1;7080;7244;0;0,1,2,5,48,77,90,135,151,153,154,177,197,208,216,220,221,229,230,231,232,233,234,235,236,237,238,239,240,241,242,243,244,250,289,301,308,309,310,311,312,313,337,338,339,340,341,342,343,344,345,346,388,405,435,451,453,458,459,460,461,462,463,489,511,514,515,516,517,518,519,520,521,526,527,528,529,602,603,604,
168;0;7244;7290;0;0,1,2,5,48,77,90,135,151,153,154,177,197,208,216,220,221,229,230,231,232,233,234,235,236,237,238,239,240,241,242,243,244,250,289,301,308,309,310,311,312,313,337,338,339,340,341,342,343,344,345,346,388,405,435,451,453,458,459,460,461,462,463,489,511,514,515,516,517,518,519,520,521,526,527,528,529,602,603,604,
168;1;7290;7323;0;0,1,2,5,48,77,90,135,151,153,154,177,197,208,216,220,221,229,230,231,232,233,234,235,236,237,238,239,240,241,242,243,244,250,289,301,308,309,310,311,312,313,337,338,339,340,341,342,343,344,345,346,388,405,435,451,453,458,459,460,461,462,463,489,511,514,515,516,517,518,519,520,521,526,527,528,529,602,603,604,
54;0;7323;7335;1;0,1,2,5,48,77,90,135,151,153,154,177,197,208,216,220,221,229,230,231,232,233,234,235,236,237,238,239,240,241,242,243,244,250,289,301,308,309,310,311,312,313,337,338,339,340,341,342,343,344,345,346,388,405,435,451,453,458,459,460,461,462,463,489,511,514,515,516,517,518,519,520,521,526,527,528,529,602,603,604,
54;1;7335;7426;1;0,1,2,5,48,77,90,135,151,153,154,177,197,208,216,220,221,229,230,231,232,233,234,235,236,237,238,239,240,241,242,243,244,250,289,301,308,309,310,311,312,313,337,338,339,340,341,342,343,344,345,346,388,405,435,451,453,458,459,460,461,462,463,489,511,514,515,516,517,518,519,520,521,526,527,528,529,602,603,604,
236;0;7426;7550;1;0,1,2,5,48,77,90,135,151,153,154,177,197,208,216,220,221,229,230,231,232,233,234,235,236,237,238,239,240,241,242,243,244,250,289,301,308,309,310,311,312,313,337,338,339,340,341,342,343,344,345,346,388,405,435,451,453,458,459,460,461,462,463,489,511,514,515,516,517,518,519,520,521,526,527,528,529,602,603,604,
236;1;7550;7627;1;0,1,2,5,48,77,90,135,151,153,154,177,197,208,216,220,221,229,230,231,232,233,234,235,236,237,238,239,240,241,242,243,244,250,289,301,308,309,310,311,312,313,337,338,339,340,341,342,343,344,345,346,388,405,435,451,453,458,459,460,461,462,463,489,511,514,515,516,517,518,519,520,521,526,527,528,529,602,603,604,
37;0;7627;7677;0;0,1,2,5,48,77,90,135,151,153,154,177,197,208,216,220,221,229,230,231,232,233,234,235,236,237,238,239,240,241,242,243,244,250,289,301,308,309,310,311,312,313,337,338,339,340,341,342,343,344,345,346,388,405,435,451,453,458,459,460,461,462,463,489,511,514,515,516,517,518,519,520,521,526,527,528,529,602,603,604,
302;0;7677;7829;0;0,1,2,5,48,77,90,135,151,153,154,177,197,208,216,220,221,229,230,231,232,233,234,235,236,237,238,239,240,241,242,243,244,250,289,301,308,309,310,311,312,313,337,338,339,340,341,342,343,344,345,346,388,405,435,451,453,458,459,460,461,462,463,489,511,514,515,516,517,518,519,520,521,526,527,528,529,602,603,604,
107;0;7829;7841;0;0,1,2,5,48,77,90,135,151,153,154,177,197,208,216,220,221,229,230,231,232,233,234,235,236,237,238,239,240,241,242,243,244,250,289,301,308,309,310,311,312,313,337,338,339,340,341,342,343,344,345,346,388,405,435,451,453,458,459,460,461,462,463,489,511,514,515,516,517,518,519,520,521,526,527,528,529,602,603,604,
264;0;7841;7955;1;0,1,2,5,48,77,90,135,151,153,154,177,197,208,216,220,221,229,230,231,232,233,234,235,236,237,238,239,240,241,242,243,244,250,289,301,308,309,310,311,312,313,337,338,339,340,341,342,343,344,345,346,388,405,435,451,453,458,459,460,461,462,463,489,511,514,515,516,517,518,519,520,521,526,527,528,529,602,603,604,
264;1;7955;8005;1;0,1,2,5,48,77,90,135,151,153,154,177,197,208,216,220,221,229,230,231,232,233,234,235,236,237,238,239,240,241,242,243,244,250,289,301,308,309,310,311,312,313,337,338,339,340,341,342,343,344,345,346,388,405,435,451,453,458,459,460,461,462,463,489,511,514,515,516,517,518,519,520,521,526,527,528,529,602,603,604,
336;0;8005;8074;1;0,1,2,5,48,77,90,135,151,153,154,177,197,208,216,220,221,229,230,231,232,233,234,235,236,237,238,239,240,241,242,243,244,250,289,301,308,309,310,311,312,313,337,338,339,340,341,342,343,344,345,346,388,405,435,451,453,458,459,460,461,462,463,489,511,514,515,516,517,518,519,520,521,526,527,528,529,602,603,604,
336;1;8074;8107;1;0,1,2,5,48,77,90,135,151,153,154,177,197,208,216,220,221,229,230,231,232,233,234,235,236,237,238,239,240,241,242,243,244,250,289,301,308,309,310,311,312,313,337,338,339,340,341,342,343,344,345,346,388,405,435,451,453,458,459,460,461,462,463,489,511,514,515,516,517,518,519,520,521,526,527,528,529,602,603,604,
249;0;8107;8122;1;0,1,2,5,48,77,90,135,151,153,154,177,197,208,216,220,221,229,230,231,232,233,234,235,236,237,238,239,240,241,242,243,244,250,289,301,308,309,310,311,312,313,337,338,339,340,341,342,343,344,345,346,388,405,435,451,453,458,459,460,461,462,463,489,511,514,515,516,517,518,519,520,521,526,527,528,529,602,603,604,
249;1;8122;8199;1;0,1,2,5,48,77,90,135,151,153,154,177,197,208,216,220,221,229,230,231,232,233,234,235,236,237,238,239,240,241,242,243,244,250,289,301,308,309,310,311,312,313,337,338,339,340,341,342,343,344,345,346,388,405,435,451,453,458,459,460,461,462,463,489,511,514,515,516,517,518,519,520,521,526,527,528,529,602,603,604,
182;0;8199;8293;0;0,1,2,5,48,77,90,135,151,153,154,177,197,208,216,220,221,229,230,231,232,233,234,235,236,237,238,239,240,241,242,243,244,250,289,301,308,309,310,311,312,313,337,338,339,340,341,342,343,344,345,346,388,405,435,451,453,458,459,460,461,462,463,489,511,514,515,516,517,518,519,520,521,526,527,528,529,602,603,604,
144;0;8293;8359;1;0,1,2,5,48,77,90,135,151,153,154,177,197,208,216,220,221,229,230,231,232,233,234,235,236,237,238,239,240,241,242,243,244,250,289,301,308,309,310,311,312,313,337,338,339,340,341,342,343,344,345,346,388,405,435,451,453,458,459,460,461,462,463,489,511,514,515,516,517,518,519,520,521,526,527,528,529,602,603,604,
144;1;8359;8419;1;0,1,2,5,48,77,90,135,151,153,154,177,197,208,216,220,221,229,230,231,232,233,234,235,236,237,238,239,240,241,242,243,244,250,289,301,308,309,310,311,312,313,337,338,339,340,341,342,343,344,345,346,388,405,435,451,453,458,459,460,461,462,463,489,511,514,515,516,517,518,519,520,521,526,527,528,529,602,603,604,
237;0;8419;8452;0;0,1,2,5,48,77,90,135,151,153,154,177,197,208,216,220,221,229,230,231,232,233,234,235,236,237,238,239,240,241,242,243,244,250,289,301,308,309,310,311,312,313,337,338,339,340,341,342,343,344,345,346,388,405,435,451,453,458,459,460,461,462,463,489,511,514,515,516,517,518,519,520,521,526,527,528,529,602,603,604,
221;0;8452;8529;1;0,1,2,5,48,77,90,135,151,153,154,177,197,208,216,220,221,229,230,231,232,233,234,235,236,237,238,239,240,241,242,243,244,250,289,301,308,309,310,311,312,313,337,338,339,340,341,342,343,344,345,346,388,405,435,451,453,458,459,460,461,462,463,489,511,514,515,516,517,518,519,520,521,526,527,528,529,602,603,604,
221;1;8529;8562;1;0,1,2,5,48,77,90,135,151,153,154,177,197,208,216,220,221,229,230,231,232,233,234,235,236,237,238,239,240,241,242,243,244,250,289,301,308,309,310,311,312,313,337,338,339,340,341,342,343,344,345,346,388,405,435,451,453,458,459,460,461,462,463,489,511,514,515,516,517,518,519,520,521,526,527,528,529,602,603,604,
335;0;8562;8656;0;0,1,2,5,48,77,90,135,151,153,154,177,197,208,216,220,221,229,230,231,232,233,234,235,236,237,238,239,240,241,242,243,244,250,289,301,308,309,310,311,312,313,337,338,339,340,341,342,343,344,345,346,388,405,435,451,453,458,459,460,461,462,463,489,511,514,515,516,517,518,519,520,521,526,527,528,529,602,603,604,
258;0;8656;8688;0;0,1,2,5,48,77,90,135,151,153,154,177,197,208,216,220,221,229,230,231,232,233,234,235,236,237,238,239,240,241,242,243,244,250,289,301,308,309,310,311,312,313,337,338,339,340,341,342,343,344,345,346,388,405,435,451,453,458,459,460,461,462,463,489,511,514,515,516,517,518,519,520,521,526,527,528,529,602,603,604,
258;1;8688;8782;0;0,1,2,5,48,77,90,135,151,153,154,177,197,208,216,220,221,229,230,231,232,233,234,235,236,237,238,239,240,241,242,243,244,250,289,301,308,309,310,311,312,313,337,338,339,340,341,342,343,344,345,346,388,405,435,451,453,458,459,460,461,462,463,489,511,514,515,516,517,518,519,520,521,526,527,528,529,602,603,604,
40;0;8782;8946;0;0,1,2,5,48,77,90,135,151,153,154,177,197,208,216,220,221,229,230,231,232,233,234,235,236,237,238,239,240,241,242,243,244,250,289,301,308,309,310,311,312,313,337,338,339,340,341,342,343,344,345,346,388,405,435,451,453,458,459,460,461,462,463,489,511,514,515,516,517,518,519,520,521,526,527,528,529,602,603,604,
223;0;8946;9118;0;0,1,2,5,48,77,90,135,151,153,154,177,197,208,216,220,221,229,230,231,232,233,234,235,236,237,238,239,240,241,242,243,244,250,289,301,308,309,310,311,312,313,337,338,339,340,341,342,343,344,345,346,388,405,435,451,453,458,459,460,461,462,463,489,511,514,515,516,517,518,519,520,521,526,527,528,529,602,603,604,
223;1;9118;9130;0;0,1,2,5,48,77,90,135,151,153,154,177,197,208,216,220,221,229,230,231,232,233,234,235,236,237,238,239,240,241,242,243,244,250,289,301,308,309,310,311,312,313,337,338,339,340,341,342,343,344,345,346,388,405,435,451,453,458,459,460,461,462,463,489,511,514,515,516,517,518,519,520,521,526,527,528,529,602,603,604,
69;0;9130;9309;1;0,1,2,5,48,77,90,135,151,153,154,177,197,208,216,220,221,229,230,231,232,233,234,235,236,237,238,239,240,241,242,243,244,250,289,301,308,309,310,311,312,313,337,338,339,340,341,342,343,344,345,346,388,405,435,451,453,458,459,460,461,462,463,489,511,514,515,516,517,518,519,520,521,526,527,528,529,602,603,604,
69;1;9309;9342;1;0,1,2,5,48,77,90,135,151,153,154,177,197,208,216,220,221,229,230,231,232,233,234,235,236,237,238,239,240,241,242,243,244,250,289,301,308,309,310,311,312,313,337,338,339,340,341,342,343,344,345,346,388,405,435,451,453,458,459,460,461,462,463,489,511,514,515,516,517,518,519,520,521,526,527,528,529,602,603,604,
193;0;9342;9443;0;0,1,2,5,48,77,90,135,151,153,154,177,197,208,216,220,221,229,230,231,232,233,234,235,236,237,238,239,240,241,242,243,244,250,289,301,308,309,310,311,312,313,337,338,339,340,341,342,343,344,345,346,388,405,435,451,453,458,459,460,461,462,463,489,511,514,515,516,517,518,519,520,521,526,527,528,529,602,603,604,
193;1;9443;9520;0;0,1,2,5,48,77,90,135,151,153,154,177,197,208,216,220,221,229,230,231,232,233,234,235,236,237,238,239,240,241,242,243,244,250,289,301,308,309,310,311,312,313,337,338,339,340,341,342,343,344,345,346,388,405,435,451,453,458,459,460,461,462,463,489,511,514,515,516,517,518,519,520,521,526,527,528,529,602,603,604,
380;0;9520;9532;0;0,1,2,5,48,77,90,135,151,153,154,177,197,208,216,220,221,229,230,231,232,233,234,235,236,237,238,239,240,241,242,243,244,250,289,301,308,309,310,311,312,313,337,338,339,340,341,342,343,344,345,346,388,405,435,451,453,458,459,460,461,462,463,489,511,514,515,516,517,518,519,520,521,526,527,528,529,602,603,604,
105;0;9532;9598;0;0,1,2,5,48,77,90,135,151,153,154,177,197,208,216,220,221,229,230,231,232,233,234,235,236,237,238,239,240,241,242,243,244,250,289,301,308,309,310,311,312,313,337,338,339,340,341,342,343,344,345,346,388,405,435,451,453,458,459,460,461,462,463,489,511,514,515,516,517,518,519,520,521,526,527,528,529,602,603,604,
41;0;9598;9631;1;0,1,2,5,48,77,90,135,151,153,154,177,197,208,216,220,221,229,230,231,232,233,234,235,236,237,238,239,240,241,242,243,244,250,289,301,308,309,310,311,312,313,337,338,339,340,341,342,343,344,345,346,388,405,435,451,453,458,459,460,461,462,463,489,511,514,515,516,517,518,519,520,521,526,527,528,529,602,603,604,
41;1;9631;9665;1;0,1,2,5,48,77,90,135,151,153,154,177,197,208,216,220,221,229,230,231,232,233,234,235,236,237,238,239,240,241,242,243,244,250,289,301,308,309,310,311,312,313,337,338,339,340,341,342,343,344,345,346,388,405,435,451,453,458,459,460,461,462,463,489,511,514,515,516,517,518,519,520,521,526,527,528,529,602,603,604,
134;0;9665;9844;1;0,1,2,5,48,77,90,135,151,153,154,177,197,208,216,220,221,229,230,231,232,233,234,235,236,237,238,239,240,241,242,243,244,250,289,301,308,309,310,311,312,313,337,338,339,340,341,342,343,344,345,346,388,405,435,451,453,458,459,460,461,462,463,489,511,514,515,516,517,518,519,520,521,526,527,528,529,602,603,604,
134;1;9844;9938;1;0,1,2,5,48,77,90,135,151,153,154,177,197,208,216,220,221,229,230,231,232,233,234,235,236,237,238,239,240,241,242,243,244,250,289,301,308,309,310,311,312,313,337,338,339,340,341,342,343,344,345,346,388,405,435,451,453,458,459,460,461,462,463,489,511,514,515,516,517,518,519,520,521,526,527,528,529,602,603,604,
Machine: 3
351;0;0;29;1;24,36,37,38,80,81,82,84,85,87,88,90,98,100,101,103,105,106,113,115,132,133,134,135,136,137,138,139,140,141,151,155,169,170,171,191,194,208,216,218,219,245,246,247,250,283,286,287,288,305,361,362,363,364,397,432,433,580,581,582,583,584,585,611,624,734,735,736,737,738,739,740,741,742,743,744,745,778,779,780,
351;1;29;91;1;24,36,37,38,80,81,82,84,85,87,88,90,98,100,101,103,105,106,113,115,132,133,134,135,136,137,138,139,140,141,151,155,169,170,171,191,194,208,216,218,219,245,246,247,250,283,286,287,288,305,361,362,363,364,397,432,433,580,581,582,583,584,585,611,624,734,735,736,737,738,739,740,741,742,743,744,745,778,779,780,
196;0;91;212;1;24,36,37,38,80,81,82,84,85,87,88,90,98,100,101,103,105,106,113,115,132,133,134,135,136,137,138,139,140,141,151,155,169,170,171,191,194,208,216,218,219,245,246,247,250,283,286,287,288,305,361,362,363,364,397,432,433,580,581,582,583,584,585,611,624,734,735,736,737,738,739,740,741,742,743,744,745,778,779,780,
196;1;212;349;1;24,36,37,38,80,81,82,84,85,87,88,90,98,100,101,103,105,106,113,115,132,133,134,135,136,137,138,139,140,141,151,155,169,170,171,191,194,208,216,218,219,245,246,247,250,283,286,287,288,305,361,362,363,364,397,432,433,580,581,582,583,584,585,611,624,734,735,736,737,738,739,740,741,742,743,744,745,778,779,780,
70;0;349;486;0;24,36,37,38,80,81,82,84,85,87,88,90,98,100,101,103,105,106,113,115,132,133,134,135,136,137,138,139,140,141,151,155,169,170,171,191,194,208,216,218,219,245,246,247,250,283,286,287,288,305,361,362,363,364,397,432,433,580,581,582,583,584,585,611,624,734,735,736,737,738,739,740,741,742,743,744,745,778,779,780,
232;0;486;543;0;24,36,37,38,80,81,82,84,85,87,88,90,98,100,101,103,105,106,113,115,132,133,134,135,136,137,138,139,140,141,151,155,169,170,171,191,194,208,216,218,219,245,246,247,250,283,286,287,288,305,361,362,363,364,397,432,433,580,581,582,583,584,585,611,624,734,735,736,737,738,739,740,741,742,743,744,745,778,779,780,
175;0;543;680;0;24,36,37,38,80,81,82,84,85,87,88,90,98,100,101,103,105,106,113,115,132,133,134,135,136,137,138,139,140,141,151,155,169,170,171,191,194,208,216,218,219,245,246,247,250,283,286,287,288,305,361,362,363,364,397,432,433,580,581,582,583,584,585,611,624,734,735,736,737,738,739,740,741,742,743,744,745,778,779,780,
94;0;680;684;1;24,36,37,38,80,81,82,84,85,87,88,90,98,100,101,103,105,106,113,115,132,133,134,135,136,137,138,139,140,141,151,155,169,170,171,191,194,208,216,218,219,245,246,247,250,283,286,287,288,305,361,362,363,364,397,432,433,580,581,582,583,584,585,611,624,734,735,736,737,738,739,740,741,742,743,744,745,778,779,780,
94;1;684;729;1;24,36,37,38,80,81,82,84,85,87,88,90,98,100,101,103,105,106,113,115,132,133,134,135,136,137,138,139,140,141,151,155,169,170,171,191,194,208,216,218,219,245,246,247,250,283,286,287,288,305,361,362,363,364,397,432,433,580,581,582,583,584,585,611,624,734,735,736,737,738,739,740,741,742,743,744,745,778,779,780,
339;0;729;818;1;24,36,37,38,80,81,82,84,85,87,88,90,98,100,101,103,105,106,113,115,132,133,134,135,136,137,138,139,140,141,151,155,169,170,171,191,194,208,216,218,219,245,246,247,250,283,286,287,288,305,361,362,363,364,397,432,433,580,581,582,583,584,585,611,624,734,735,736,737,738,739,740,741,742,743,744,745,778,779,780,
339;1;818;875;1;24,36,37,38,80,81,82,84,85,87,88,90,98,100,101,103,105,106,113,115,132,133,134,135,136,137,138,139,140,141,151,155,169,170,171,191,194,208,216,218,219,245,246,247,250,283,286,287,288,305,361,362,363,364,397,432,433,580,581,582,583,584,585,611,624,734,735,736,737,738,739,740,741,742,743,744,745,778,779,780,
307;0;875;914;0;24,36,37,38,80,81,82,84,85,87,88,90,98,100,101,103,105,106,113,115,132,133,134,135,136,137,138,139,140,141,151,155,169,170,171,191,194,208,216,218,219,245,246,247,250,283,286,287,288,305,361,362,363,364,397,432,433,580,581,582,583,584,585,611,624,734,735,736,737,738,739,740,741,742,743,744,745,778,779,780,
312;0;914;1053;0;24,36,37,38,80,81,82,84,85,87,88,90,98,100,101,103,105,106,113,115,132,133,134,135,136,137,138,139,140,141,151,155,169,170,171,191,194,208,216,218,219,245,246,247,250,283,286,287,288,305,361,362,363,364,397,432,433,580,581,582,583,584,585,611,624,734,735,736,737,738,739,740,741,742,743,744,745,778,779,780,
153;0;1053;1064;0;24,36,37,38,80,81,82,84,85,87,88,90,98,100,101,103,105,106,113,115,132,133,134,135,136,137,138,139,140,141,151,155,169,170,171,191,194,208,216,218,219,245,246,247,250,283,286,287,288,305,361,362,363,364,397,432,433,580,581,582,583,584,585,611,624,734,735,736,737,738,739,740,741,742,743,744,745,778,779,780,
153;1;1064;1198;0;24,36,37,38,80,81,82,84,85,87,88,90,98,100,101,103,105,106,113,115,132,133,134,135,136,137,138,139,140,141,151,155,169,170,171,191,194,208,216,218,219,245,246,247,250,283,286,287,288,305,361,362,363,364,397,432,433,580,581,582,583,584,585,611,624,734,735,736,737,738,739,740,741,742,743,744,745,778,779,780,
95;0;1198;1335;0;24,36,37,38,80,81,82,84,85,87,88,90,98,100,101,103,105,106,113,115,132,133,134,135,136,137,138,139,140,141,151,155,169,170,171,191,194,208,216,218,219,245,246,247,250,283,286,287,288,305,361,362,363,364,397,432,433,580,581,582,583,584,585,611,624,734,735,736,737,738,739,740,741,742,743,744,745,778,779,780,
169;0;1335;1374;1;24,36,37,38,80,81,82,84,85,87,88,90,98,100,101,103,105,106,113,115,132,133,134,135,136,137,138,139,140,141,151,155,169,170,171,191,194,208,216,218,219,245,246,247,250,283,286,287,288,305,361,362,363,364,397,432,433,580,581,582,583,584,585,611,624,734,735,736,737,738,739,740,741,742,743,744,745,778,779,780,
169;1;1374;1513;1;24,36,37,38,80,81,82,84,85,87,88,90,98,100,101,103,105,106,113,115,132,133,134,135,136,137,138,139,140,141,151,155,169,170,171,191,194,208,216,218,219,245,246,247,250,283,286,287,288,305,361,362,363,364,397,432,433,580,581,582,583,584,585,611,624,734,735,736,737,738,739,740,741,742,743,744,745,778,779,780,
256;0;1513;1552;1;24,36,37,38,80,81,82,84,85,87,88,90,98,100,101,103,105,106,113,115,132,133,134,135,136,137,138,139,140,141,151,155,169,170,171,191,194,208,216,218,219,245,246,247,250,283,286,287,288,305,361,362,363,364,397,432,433,580,581,582,583,584,585,611,624,734,735,736,737,738,739,740,741,742,743,744,745,778,779,780,
256;1;1552;1609;1;24,36,37,38,80,81,82,84,85,87,88,90,98,100,101,103,105,106,113,115,132,133,134,135,136,137,138,139,140,141,151,155,169,170,171,191,194,208,216,218,219,245,246,247,250,283,286,287,288,305,361,362,363,364,397,432,433,580,581,582,583,584,585,611,624,734,735,736,737,738,739,740,741,742,743,744,745,778,779,780,
191;0;1609;1720;1;24,36,37,38,80,81,82,84,85,87,88,90,98,100,101,103,105,106,113,115,132,133,134,135,136,137,138,139,140,141,151,155,169,170,171,191,194,208,216,218,219,245,246,247,250,283,286,287,288,305,361,362,363,364,397,432,433,580,581,582,583,584,585,611,624,734,735,736,737,738,739,740,741,742,743,744,745,778,779,780,
191;1;1720;1863;1;24,36,37,38,80,81,82,84,85,87,88,90,98,100,101,103,105,106,113,115,132,133,134,135,136,137,138,139,140,141,151,155,169,170,171,191,194,208,216,218,219,245,246,247,250,283,286,287,288,305,361,362,363,364,397,432,433,580,581,582,583,584,585,611,624,734,735,736,737,738,739,740,741,742,743,744,745,778,779,780,
379;0;1863;1912;1;24,36,37,38,80,81,82,84,85,87,88,90,98,100,101,103,105,106,113,115,132,133,134,135,136,137,138,139,140,141,151,155,169,170,171,191,194,208,216,218,219,245,246,247,250,283,286,287,288,305,361,362,363,364,397,432,433,580,581,582,583,584,585,611,624,734,735,736,737,738,739,740,741,742,743,744,745,778,779,780,
379;1;1912;2049;1;24,36,37,38,80,81,82,84,85,87,88,90,98,100,101,103,105,106,113,115,132,133,134,135,136,137,138,139,140,141,151,155,169,170,171,191,194,208,216,218,219,245,246,247,250,283,286,287,288,305,361,362,363,364,397,432,433,580,581,582,583,584,585,611,624,734,735,736,737,738,739,740,741,742,743,744,745,778,779,780,
18;0;2049;2193;0;10,11,12,13,14,15,16,17,18,19,24,36,38,54,55,56,57,58,59,60,61,62,80,81,82,83,84,85,86,87,88,90,98,100,101,103,105,107,113,115,116,132,133,134,135,136,137,138,139,140,141,151,155,169,170,171,172,194,207,208,216,220,245,250,283,305,316,317,361,362,363,364,433,464,465,466,467,611,624,688,
18;1;2193;2327;0;10,11,12,13,14,15,16,17,18,19,24,36,38,54,55,56,57,58,59,60,61,62,80,81,82,83,84,85,86,87,88,90,98,100,101,103,105,107,113,115,116,132,133,134,135,136,137,138,139,140,141,151,155,169,170,171,172,194,207,208,216,220,245,250,283,305,316,317,361,362,363,364,433,464,465,466,467,611,624,688,
330;0;2327;2363;0;10,11,12,13,14,15,16,17,18,19,24,36,38,54,55,56,57,58,59,60,61,62,80,81,82,83,84,85,86,87,88,90,98,100,101,103,105,107,113,115,116,132,133,134,135,136,137,138,139,140,141,151,155,169,170,171,172,194,207,208,216,220,245,250,283,305,316,317,361,362,363,364,433,464,465,466,467,611,624,688,
243;0;2363;2418;0;10,11,12,13,14,15,16,17,18,19,24,36,38,54,55,56,57,58,59,60,61,62,80,81,82,83,84,85,86,87,88,90,98,100,101,103,105,107,113,115,116,132,133,134,135,136,137,138,139,140,141,151,155,169,170,171,172,194,207,208,216,220,245,250,283,305,316,317,361,362,363,364,433,464,465,466,467,611,624,688,
243;1;2418;2441;0;10,11,12,13,14,15,16,17,18,19,24,36,38,54,55,56,57,58,59,60,61,62,80,81,82,83,84,85,86,87,88,90,98,100,101,103,105,107,113,115,116,132,133,134,135,136,137,138,139,140,141,151,155,169,170,171,172,194,207,208,216,220,245,250,283,305,316,317,361,362,363,364,433,464,465,466,467,611,624,688,
102;0;2441;2492;0;10,11,12,13,14,15,16,17,18,19,24,36,38,54,55,56,57,58,59,60,61,62,80,81,82,83,84,85,86,87,88,90,98,100,101,103,105,107,113,115,116,132,133,134,135,136,137,138,139,140,141,151,155,169,170,171,172,194,207,208,216,220,245,250,283,305,316,317,361,362,363,364,433,464,465,466,467,611,624,688,
305;0;2492;2668;0;10,11,12,13,14,15,16,17,18,19,24,36,38,54,55,56,57,58,59,60,61,62,80,81,82,83,84,85,86,87,88,90,98,100,101,103,105,107,113,115,116,132,133,134,135,136,137,138,139,140,141,151,155,169,170,171,172,194,207,208,216,220,245,250,283,305,316,317,361,362,363,364,433,464,465,466,467,611,624,688,
64;0;2668;2837;1;10,11,12,13,14,15,16,17,18,19,24,36,38,54,55,56,57,58,59,60,61,62,80,81,82,83,84,85,86,87,88,90,98,100,101,103,105,107,113,115,116,132,133,134,135,136,137,138,139,140,141,151,155,169,170,171,172,194,207,208,216,220,245,250,283,305,316,317,361,362,363,364,433,464,465,466,467,611,624,688,
64;1;2837;2902;1;10,11,12,13,14,15,16,17,18,19,24,36,38,54,55,56,57,58,59,60,61,62,80,81,82,83,84,85,86,87,88,90,98,100,101,103,105,107,113,115,116,132,133,134,135,136,137,138,139,140,141,151,155,169,170,171,172,194,207,208,216,220,245,250,283,305,316,317,361,362,363,364,433,464,465,466,467,611,624,688,
244;0;2902;3066;1;10,11,12,13,14,15,16,17,18,19,24,36,38,54,55,56,57,58,59,60,61,62,80,81,82,83,84,85,86,87,88,90,98,100,101,103,105,107,113,115,116,132,133,134,135,136,137,138,139,140,141,151,155,169,170,171,172,194,207,208,216,220,245,250,283,305,316,317,361,362,363,364,433,464,465,466,467,611,624,688,
244;1;3066;3143;1;10,11,12,13,14,15,16,17,18,19,24,36,38,54,55,56,57,58,59,60,61,62,80,81,82,83,84,85,86,87,88,90,98,100,101,103,105,107,113,115,116,132,133,134,135,136,137,138,139,140,141,151,155,169,170,171,172,194,207,208,216,220,245,250,283,305,316,317,361,362,363,364,433,464,465,466,467,611,624,688,
98;0;3143;3164;0;10,11,12,13,14,15,16,17,18,19,24,36,38,54,55,56,57,58,59,60,61,62,80,81,82,83,84,85,86,87,88,90,98,100,101,103,105,107,113,115,116,132,133,134,135,136,137,138,139,140,141,151,155,169,170,171,172,194,207,208,216,220,245,250,283,305,316,317,361,362,363,364,433,464,465,466,467,611,624,688,
98;1;3164;3321;0;10,11,12,13,14,15,16,17,18,19,24,36,38,54,55,56,57,58,59,60,61,62,80,81,82,83,84,85,86,87,88,90,98,100,101,103,105,107,113,115,116,132,133,134,135,136,137,138,139,140,141,151,155,169,170,171,172,194,207,208,216,220,245,250,283,305,316,317,361,362,363,364,433,464,465,466,467,611,624,688,
250;0;3321;3357;0;10,11,12,13,14,15,16,17,18,19,24,36,38,54,55,56,57,58,59,60,61,62,80,81,82,83,84,85,86,87,88,90,98,100,101,103,105,107,113,115,116,132,133,134,135,136,137,138,139,140,141,151,155,169,170,171,172,194,207,208,216,220,245,250,283,305,316,317,361,362,363,364,433,464,465,466,467,611,624,688,
164;0;3357;3423;1;10,11,12,13,14,15,16,17,18,19,24,36,38,54,55,56,57,58,59,60,61,62,80,81,82,83,84,85,86,87,88,90,98,100,101,103,105,107,113,115,116,132,133,134,135,136,137,138,139,140,141,151,155,169,170,171,172,194,207,208,216,220,245,250,283,305,316,317,361,362,363,364,433,464,465,466,467,611,624,688,
164;1;3423;3468;1;10,11,12,13,14,15,16,17,18,19,24,36,38,54,55,56,57,58,59,60,61,62,80,81,82,83,84,85,86,87,88,90,98,100,101,103,105,107,113,115,116,132,133,134,135,136,137,138,139,140,141,151,155,169,170,171,172,194,207,208,216,220,245,250,283,305,316,317,361,362,363,364,433,464,465,466,467,611,624,688,
286;0;3468;3607;1;10,11,12,13,14,15,16,17,18,19,24,36,38,54,55,56,57,58,59,60,61,62,80,81,82,83,84,85,86,87,88,90,98,100,101,103,105,107,113,115,116,132,133,134,135,136,137,138,139,140,141,151,155,169,170,171,172,194,207,208,216,220,245,250,283,305,316,317,361,362,363,364,433,464,465,466,467,611,624,688,
286;1;3607;3621;1;10,11,12,13,14,15,16,17,18,19,24,36,38,54,55,56,57,58,59,60,61,62,80,81,82,83,84,85,86,87,88,90,98,100,101,103,105,107,113,115,116,132,133,134,135,136,137,138,139,140,141,151,155,169,170,171,172,194,207,208,216,220,245,250,283,305,316,317,361,362,363,364,433,464,465,466,467,611,624,688,
77;0;3621;3666;0;10,11,12,13,14,15,16,17,18,19,24,36,38,54,55,56,57,58,59,60,61,62,80,81,82,83,84,85,86,87,88,90,98,100,101,103,105,107,113,115,116,132,133,134,135,136,137,138,139,140,141,151,155,169,170,171,172,194,207,208,216,220,245,250,283,305,316,317,361,362,363,364,433,464,465,466,467,611,624,688,
11;0;3666;3809;1;10,11,12,13,14,15,16,17,18,19,24,36,38,54,55,56,57,58,59,60,61,62,80,81,82,83,84,85,86,87,88,90,98,100,101,103,105,107,113,115,116,132,133,134,135,136,137,138,139,140,141,151,155,169,170,171,172,194,207,208,216,220,245,250,283,305,316,317,361,362,363,364,433,464,465,466,467,611,624,688,
11;1;3809;3823;1;10,11,12,13,14,15,16,17,18,19,24,36,38,54,55,56,57,58,59,60,61,62,80,81,82,83,84,85,86,87,88,90,98,100,101,103,105,107,113,115,116,132,133,134,135,136,137,138,139,140,141,151,155,169,170,171,172,194,207,208,216,220,245,250,283,305,316,317,361,362,363,364,433,464,465,466,467,611,624,688,
88;0;3823;3927;0;10,11,12,13,14,15,16,17,18,19,24,36,38,54,55,56,57,58,59,60,61,62,80,81,82,83,84,85,86,87,88,90,98,100,101,103,105,107,113,115,116,132,133,134,135,136,137,138,139,140,141,151,155,169,170,171,172,194,207,208,216,220,245,250,283,305,316,317,361,362,363,364,433,464,465,466,467,611,624,688,
88;1;3927;4061;0;10,11,12,13,14,15,16,17,18,19,24,36,38,54,55,56,57,58,59,60,61,62,80,81,82,83,84,85,86,87,88,90,98,100,101,103,105,107,113,115,116,132,133,134,135,136,137,138,139,140,141,151,155,169,170,171,172,194,207,208,216,220,245,250,283,305,316,317,361,362,363,364,433,464,465,466,467,611,624,688,
366;0;4061;4065;1;10,11,12,13,14,15,16,17,18,19,24,36,38,54,55,56,57,58,59,60,61,62,80,81,82,83,84,85,86,87,88,90,98,100,101,103,105,107,113,115,116,132,133,134,135,136,137,138,139,140,141,151,155,169,170,171,172,194,207,208,216,220,245,250,283,305,316,317,361,362,363,364,433,464,465,466,467,611,624,688,
366;1;4065;4142;1;10,11,12,13,14,15,16,17,18,19,24,36,38,54,55,56,57,58,59,60,61,62,80,81,82,83,84,85,86,87,88,90,98,100,101,103,105,107,113,115,116,132,133,134,135,136,137,138,139,140,141,151,155,169,170,171,172,194,207,208,216,220,245,250,283,305,316,317,361,362,363,364,433,464,465,466,467,611,624,688,
209;0;4142;4281;1;10,11,12,13,14,15,16,17,18,19,24,36,38,54,55,56,57,58,59,60,61,62,80,81,82,83,84,85,86,87,88,90,98,100,101,103,105,107,113,115,116,132,133,134,135,136,137,138,139,140,141,151,155,169,170,171,172,194,207,208,216,220,245,250,283,305,316,317,361,362,363,364,433,464,465,466,467,611,624,688,
209;1;4281;4317;1;10,11,12,13,14,15,16,17,18,19,24,36,38,54,55,56,57,58,59,60,61,62,80,81,82,83,84,85,86,87,88,90,98,100,101,103,105,107,113,115,116,132,133,134,135,136,137,138,139,140,141,151,155,169,170,171,172,194,207,208,216,220,245,250,283,305,316,317,361,362,363,364,433,464,465,466,467,611,624,688,
294;0;4317;4493;1;10,11,12,13,14,15,16,17,18,19,24,36,38,54,55,56,57,58,59,60,61,62,80,81,82,83,84,85,86,87,88,90,98,100,101,103,105,107,113,115,116,132,133,134,135,136,137,138,139,140,141,151,155,169,170,171,172,194,207,208,216,220,245,250,283,305,316,317,361,362,363,364,433,464,465,466,467,611,624,688,
294;1;4493;4545;1;10,11,12,13,14,15,16,17,18,19,24,36,38,54,55,56,57,58,59,60,61,62,80,81,82,83,84,85,86,87,88,90,98,100,101,103,105,107,113,115,116,132,133,134,135,136,137,138,139,140,141,151,155,169,170,171,172,194,207,208,216,220,245,250,283,305,316,317,361,362,363,364,433,464,465,466,467,611,624,688,
111;0;4545;4683;1;10,11,12,13,14,15,16,17,18,19,24,36,38,54,55,56,57,58,59,60,61,62,80,81,82,83,84,85,86,87,88,90,98,100,101,103,105,107,113,115,116,132,133,134,135,136,137,138,139,140,141,151,155,169,170,171,172,194,207,208,216,220,245,250,283,305,316,317,361,362,363,364,433,464,465,466,467,611,624,688,
111;1;4683;4706;1;10,11,12,13,14,15,16,17,18,19,24,36,38,54,55,56,57,58,59,60,61,62,80,81,82,83,84,85,86,87,88,90,98,100,101,103,105,107,113,115,116,132,133,134,135,136,137,138,139,140,141,151,155,169,170,171,172,194,207,208,216,220,245,250,283,305,316,317,361,362,363,364,433,464,465,466,467,611,624,688,
23;0;4706;4800;0;10,11,12,13,14,15,16,17,18,19,24,36,38,54,55,56,57,58,59,60,61,62,80,81,82,83,84,85,86,87,88,90,98,100,101,103,105,107,113,115,116,132,133,134,135,136,137,138,139,140,141,151,155,169,170,171,172,194,207,208,216,220,245,250,283,305,316,317,361,362,363,364,433,464,465,466,467,611,624,688,
23;1;4800;4957;0;10,11,12,13,14,15,16,17,18,19,24,36,38,54,55,56,57,58,59,60,61,62,80,81,82,83,84,85,86,87,88,90,98,100,101,103,105,107,113,115,116,132,133,134,135,136,137,138,139,140,141,151,155,169,170,171,172,194,207,208,216,220,245,250,283,305,316,317,361,362,363,364,433,464,465,466,467,611,624,688,
320;0;4957;5002;0;10,11,12,13,14,15,16,17,18,19,24,36,38,54,55,56,57,58,59,60,61,62,80,81,82,83,84,85,86,87,88,90,98,100,101,103,105,107,113,115,116,132,133,134,135,136,137,138,139,140,141,151,155,169,170,171,172,194,207,208,216,220,245,250,283,305,316,317,361,362,363,364,433,464,465,466,467,611,624,688,
171;0;5002;5038;1;10,18,36,38,53,54,55,56,57,58,59,60,61,62,80,81,82,84,90,98,99,100,101,115,116,135,151,154,155,157,169,182,194,199,206,207,208,209,210,214,215,216,217,220,238,244,253,254,255,258,259,260,268,283,305,316,317,416,417,418,419,420,421,422,423,434,435,436,437,438,439,464,465,466,467,507,508,509,760,761,
171;1;5038;5214;1;10,18,36,38,53,54,55,56,57,58,59,60,61,62,80,81,82,84,90,98,99,100,101,115,116,135,151,154,155,157,169,182,194,199,206,207,208,209,210,214,215,216,217,220,238,244,253,254,255,258,259,260,268,283,305,316,317,416,417,418,419,420,421,422,423,434,435,436,437,438,439,464,465,466,467,507,508,509,760,761,
391;0;5214;5275;1;10,18,36,38,53,54,55,56,57,58,59,60,61,62,80,81,82,84,90,98,99,100,101,115,116,135,151,154,155,157,169,182,194,199,206,207,208,209,210,214,215,216,217,220,238,244,253,254,255,258,259,260,268,283,305,316,317,416,417,418,419,420,421,422,423,434,435,436,437,438,439,464,465,466,467,507,508,509,760,761,
391;1;5275;5365;1;10,18,36,38,53,54,55,56,57,58,59,60,61,62,80,81,82,84,90,98,99,100,101,115,116,135,151,154,155,157,169,182,194,199,206,207,208,209,210,214,215,216,217,220,238,244,253,254,255,258,259,260,268,283,305,316,317,416,417,418,419,420,421,422,423,434,435,436,437,438,439,464,465,466,467,507,508,509,760,761,
340;0;5365;5541;0;10,18,36,38,53,54,55,56,57,58,59,60,61,62,80,81,82,84,90,98,99,100,101,115,116,135,151,154,155,157,169,182,194,199,206,207,208,209,210,214,215,216,217,220,238,244,253,254,255,258,259,260,268,283,305,316,317,416,417,418,419,420,421,422,423,434,435,436,437,438,439,464,465,466,467,507,508,509,760,761,
352;0;5541;5545;0;10,18,36,38,53,54,55,56,57,58,59,60,61,62,80,81,82,84,90,98,99,100,101,115,116,135,151,154,155,157,169,182,194,199,206,207,208,209,210,214,215,216,217,220,238,244,253,254,255,258,259,260,268,283,305,316,317,416,417,418,419,420,421,422,423,434,435,436,437,438,439,464,465,466,467,507,508,509,760,761,
35;0;5545;5549;0;10,18,36,38,53,54,55,56,57,58,59,60,61,62,80,81,82,84,90,98,99,100,101,115,116,135,151,154,155,157,169,182,194,199,206,207,208,209,210,214,215,216,217,220,238,244,253,254,255,258,259,260,268,283,305,316,317,416,417,418,419,420,421,422,423,434,435,436,437,438,439,464,465,466,467,507,508,509,760,761,
10;0;5549;5645;0;10,18,36,38,53,54,55,56,57,58,59,60,61,62,80,81,82,84,90,98,99,100,101,115,116,135,151,154,155,157,169,182,194,199,206,207,208,209,210,214,215,216,217,220,238,244,253,254,255,258,259,260,268,283,305,316,317,416,417,418,419,420,421,422,423,434,435,436,437,438,439,464,465,466,467,507,508,509,760,761,
241;0;5645;5707;1;10,18,36,38,53,54,55,56,57,58,59,60,61,62,80,81,82,84,90,98,99,100,101,115,116,135,151,154,155,157,169,182,194,199,206,207,208,209,210,214,215,216,217,220,238,244,253,254,255,258,259,260,268,283,305,316,317,416,417,418,419,420,421,422,423,434,435,436,437,438,439,464,465,466,467,507,508,509,760,761,
241;1;5707;5850;1;10,18,36,38,53,54,55,56,57,58,59,60,61,62,80,81,82,84,90,98,99,100,101,115,116,135,151,154,155,157,169,182,194,199,206,207,208,209,210,214,215,216,217,220,238,244,253,254,255,258,259,260,268,283,305,316,317,416,417,418,419,420,421,422,423,434,435,436,437,438,439,464,465,466,467,507,508,509,760,761,
235;0;5850;5981;0;10,18,36,38,53,54,55,56,57,58,59,60,61,62,80,81,82,84,90,98,99,100,101,115,116,135,151,154,155,157,169,182,194,199,206,207,208,209,210,214,215,216,217,220,238,244,253,254,255,258,259,260,268,283,305,316,317,416,417,418,419,420,421,422,423,434,435,436,437,438,439,464,465,466,467,507,508,509,760,761,
348;0;5981;6061;0;10,18,36,38,53,54,55,56,57,58,59,60,61,62,80,81,82,84,90,98,99,100,101,115,116,135,151,154,155,157,169,182,194,199,206,207,208,209,210,214,215,216,217,220,238,244,253,254,255,258,259,260,268,283,305,316,317,416,417,418,419,420,421,422,423,434,435,436,437,438,439,464,465,466,467,507,508,509,760,761,
348;1;6061;6185;0;10,18,36,38,53,54,55,56,57,58,59,60,61,62,80,81,82,84,90,98,99,100,101,115,116,135,151,154,155,157,169,182,194,199,206,207,208,209,210,214,215,216,217,220,238,244,253,254,255,258,259,260,268,283,305,316,317,416,417,418,419,420,421,422,423,434,435,436,437,438,439,464,465,466,467,507,508,509,760,761,
227;0;6185;6275;0;10,18,36,38,53,54,55,56,57,58,59,60,61,62,80,81,82,84,90,98,99,100,101,115,116,135,151,154,155,157,169,182,194,199,206,207,208,209,210,214,215,216,217,220,238,244,253,254,255,258,259,260,268,283,305,316,317,416,417,418,419,420,421,422,423,434,435,436,437,438,439,464,465,466,467,507,508,509,760,761,
392;0;6275;6406;0;10,18,36,38,53,54,55,56,57,58,59,60,61,62,80,81,82,84,90,98,99,100,101,115,116,135,151,154,155,157,169,182,194,199,206,207,208,209,210,214,215,216,217,220,238,244,253,254,255,258,259,260,268,283,305,316,317,416,417,418,419,420,421,422,423,434,435,436,437,438,439,464,465,466,467,507,508,509,760,761,
33;0;6406;6580;0;10,18,36,38,53,54,55,56,57,58,59,60,61,62,80,81,82,84,90,98,99,100,101,115,116,135,151,154,155,157,169,182,194,199,206,207,208,209,210,214,215,216,217,220,238,244,253,254,255,258,259,260,268,283,305,316,317,416,417,418,419,420,421,422,423,434,435,436,437,438,439,464,465,466,467,507,508,509,760,761,
33;1;6580;6723;0;10,18,36,38,53,54,55,56,57,58,59,60,61,62,80,81,82,84,90,98,99,100,101,115,116,135,151,154,155,157,169,182,194,199,206,207,208,209,210,214,215,216,217,220,238,244,253,254,255,258,259,260,268,283,305,316,317,416,417,418,419,420,421,422,423,434,435,436,437,438,439,464,465,466,467,507,508,509,760,761,
326;0;6723;6748;1;10,18,36,38,53,54,55,56,57,58,59,60,61,62,80,81,82,84,90,98,99,100,101,115,116,135,151,154,155,157,169,182,194,199,206,207,208,209,210,214,215,216,217,220,238,244,253,254,255,258,259,260,268,283,305,316,317,416,417,418,419,420,421,422,423,434,435,436,437,438,439,464,465,466,467,507,508,509,760,761,
326;1;6748;6898;1;10,18,36,38,53,54,55,56,57,58,59,60,61,62,80,81,82,84,90,98,99,100,101,115,116,135,151,154,155,157,169,182,194,199,206,207,208,209,210,214,215,216,217,220,238,244,253,254,255,258,259,260,268,283,305,316,317,416,417,418,419,420,421,422,423,434,435,436,437,438,439,464,465,466,467,507,508,509,760,761,
180;0;6898;6932;0;10,18,36,38,53,54,55,56,57,58,59,60,61,62,80,81,82,84,90,98,99,100,101,115,116,135,151,154,155,157,169,182,194,199,206,207,208,209,210,214,215,216,217,220,238,244,253,254,255,258,259,260,268,283,305,316,317,416,417,418,419,420,421,422,423,434,435,436,437,438,439,464,465,466,467,507,508,509,760,761,
284;0;6932;7090;1;10,18,36,38,53,54,55,56,57,58,59,60,61,62,80,81,82,84,90,98,99,100,101,115,116,135,151,154,155,157,169,182,194,199,206,207,208,209,210,214,215,216,217,220,238,244,253,254,255,258,259,260,268,283,305,316,317,416,417,418,419,420,421,422,423,434,435,436,437,438,439,464,465,466,467,507,508,509,760,761,
284;1;7090;7270;1;10,18,36,38,53,54,55,56,57,58,59,60,61,62,80,81,82,84,90,98,99,100,101,115,116,135,151,154,155,157,169,182,194,199,206,207,208,209,210,214,215,216,217,220,238,244,253,254,255,258,259,260,268,283,305,316,317,416,417,418,419,420,421,422,423,434,435,436,437,438,439,464,465,466,467,507,508,509,760,761,
195;0;7270;7274;0;10,18,36,38,53,54,55,56,57,58,59,60,61,62,80,81,82,84,90,98,99,100,101,115,116,135,151,154,155,157,169,182,194,199,206,207,208,209,210,214,215,216,217,220,238,244,253,254,255,258,259,260,268,283,305,316,317,416,417,418,419,420,421,422,423,434,435,436,437,438,439,464,465,466,467,507,508,509,760,761,
260;0;7274;7417;0;10,18,36,38,53,54,55,56,57,58,59,60,61,62,80,81,82,84,90,98,99,100,101,115,116,135,151,154,155,157,169,182,194,199,206,207,208,209,210,214,215,216,217,220,238,244,253,254,255,258,259,260,268,283,305,316,317,416,417,418,419,420,421,422,423,434,435,436,437,438,439,464,465,466,467,507,508,509,760,761,
126;0;7417;7531;1;10,18,36,38,53,54,55,56,57,58,59,60,61,62,80,81,82,84,90,98,99,100,101,115,116,135,151,154,155,157,169,182,194,199,206,207,208,209,210,214,215,216,217,220,238,244,253,254,255,258,259,260,268,283,305,316,317,416,417,418,419,420,421,422,423,434,435,436,437,438,439,464,465,466,467,507,508,509,760,761,
126;1;7531;7565;1;10,18,36,38,53,54,55,56,57,58,59,60,61,62,80,81,82,84,90,98,99,100,101,115,116,135,151,154,155,157,169,182,194,199,206,207,208,209,210,214,215,216,217,220,238,244,253,254,255,258,259,260,268,283,305,316,317,416,417,418,419,420,421,422,423,434,435,436,437,438,439,464,465,466,467,507,508,509,760,761,
91;0;7565;7729;1;10,18,36,38,53,54,55,56,57,58,59,60,61,62,80,81,82,84,90,98,99,100,101,115,116,135,151,154,155,157,169,182,194,199,206,207,208,209,210,214,215,216,217,220,238,244,253,254,255,258,259,260,268,283,305,316,317,416,417,418,419,420,421,422,423,434,435,436,437,438,439,464,465,466,467,507,508,509,760,761,
91;1;7729;7878;1;10,18,36,38,53,54,55,56,57,58,59,60,61,62,80,81,82,84,90,98,99,100,101,115,116,135,151,154,155,157,169,182,194,199,206,207,208,209,210,214,215,216,217,220,238,244,253,254,255,258,259,260,268,283,305,316,317,416,417,418,419,420,421,422,423,434,435,436,437,438,439,464,465,466,467,507,508,509,760,761,
110;0;7878;7976;0;10,18,36,38,53,54,55,56,57,58,59,60,61,62,80,81,82,84,90,98,99,100,101,115,116,135,151,154,155,157,169,182,194,199,206,207,208,209,210,214,215,216,217,220,238,244,253,254,255,258,259,260,268,283,305,316,317,416,417,418,419,420,421,422,423,434,435,436,437,438,439,464,465,466,467,507,508,509,760,761,
167;0;7976;8027;0;10,18,36,38,53,54,55,56,57,58,59,60,61,62,80,81,82,84,90,98,99,100,101,115,116,135,151,154,155,157,169,182,194,199,206,207,208,209,210,214,215,216,217,220,238,244,253,254,255,258,259,260,268,283,305,316,317,416,417,418,419,420,421,422,423,434,435,436,437,438,439,464,465,466,467,507,508,509,760,761,
262;0;8027;8078;0;10,18,36,38,53,54,55,56,57,58,59,60,61,62,80,81,82,84,90,98,99,100,101,115,116,135,151,154,155,157,169,182,194,199,206,207,208,209,210,214,215,216,217,220,238,244,253,254,255,258,259,260,268,283,305,316,317,416,417,418,419,420,421,422,423,434,435,436,437,438,439,464,465,466,467,507,508,509,760,761,
332;0;8078;8082;0;10,18,36,38,53,54,55,56,57,58,59,60,61,62,80,81,82,84,90,98,99,100,101,115,116,135,151,154,155,157,169,182,194,199,206,207,208,209,210,214,215,216,217,220,238,244,253,254,255,258,259,260,268,283,305,316,317,416,417,418,419,420,421,422,423,434,435,436,437,438,439,464,465,466,467,507,508,509,760,761,
129;0;8082;8109;1;10,18,36,38,53,54,55,56,57,58,59,60,61,62,80,81,82,84,90,98,99,100,101,115,116,135,151,154,155,157,169,182,194,199,206,207,208,209,210,214,215,216,217,220,238,244,253,254,255,258,259,260,268,283,305,316,317,416,417,418,419,420,421,422,423,434,435,436,437,438,439,464,465,466,467,507,508,509,760,761,
129;1;8109;8285;1;10,18,36,38,53,54,55,56,57,58,59,60,61,62,80,81,82,84,90,98,99,100,101,115,116,135,151,154,155,157,169,182,194,199,206,207,208,209,210,214,215,216,217,220,238,244,253,254,255,258,259,260,268,283,305,316,317,416,417,418,419,420,421,422,423,434,435,436,437,438,439,464,465,466,467,507,508,509,760,761,
147;0;8285;8381;0;10,18,36,38,53,54,55,56,57,58,59,60,61,62,80,81,82,84,90,98,99,100,101,115,116,135,151,154,155,157,169,182,194,199,206,207,208,209,210,214,215,216,217,220,238,244,253,254,255,258,259,260,268,283,305,316,317,416,417,418,419,420,421,422,423,434,435,436,437,438,439,464,465,466,467,507,508,509,760,761,
60;0;8640;8805;0;10,18,36,38,53,54,55,56,57,58,59,60,61,62,80,81,82,84,90,98,99,100,101,115,116,135,151,154,155,157,169,182,194,199,206,207,208,209,210,214,215,216,217,220,235,238,239,242,244,253,254,255,258,259,260,268,283,305,316,317,318,319,320,321,322,323,324,325,326,416,417,434,435,436,437,438,439,509,760,761,
354;0;8805;8858;1;10,18,36,38,53,54,55,56,57,58,59,60,61,62,80,81,82,84,90,98,99,100,101,115,116,135,151,154,155,157,169,182,194,199,206,207,208,209,210,214,215,216,217,220,235,238,239,242,244,253,254,255,258,259,260,268,283,305,316,317,318,319,320,321,322,323,324,325,326,416,417,434,435,436,437,438,439,509,760,761,
354;1;8858;9008;1;10,18,36,38,53,54,55,56,57,58,59,60,61,62,80,81,82,84,90,98,99,100,101,115,116,135,151,154,155,157,169,182,194,199,206,207,208,209,210,214,215,216,217,220,235,238,239,242,244,253,254,255,258,259,260,268,283,305,316,317,318,319,320,321,322,323,324,325,326,416,417,434,435,436,437,438,439,509,760,761,
184;0;9008;9145;1;10,18,36,38,53,54,55,56,57,58,59,60,61,62,80,81,82,84,90,98,99,100,101,115,116,135,151,154,155,157,169,182,194,199,206,207,208,209,210,214,215,216,217,220,235,238,239,242,244,253,254,255,258,259,260,268,283,305,316,317,318,319,320,321,322,323,324,325,326,416,417,434,435,436,437,438,439,509,760,761,
184;1;9145;9321;1;10,18,36,38,53,54,55,56,57,58,59,60,61,62,80,81,82,84,90,98,99,100,101,115,116,135,151,154,155,157,169,182,194,199,206,207,208,209,210,214,215,216,217,220,235,238,239,242,244,253,254,255,258,259,260,268,283,305,316,317,318,319,320,321,322,323,324,325,326,416,417,434,435,436,437,438,439,509,760,761,
301;0;9321;9496;1;10,18,36,38,53,54,73,77,94,96,135,151,154,196,199,220,238,244,301,319,386,389,410,434,435,436,437,438,439,496,509,556,567,664,682,689,690,691,692,693,694,695,696,697,698,699,700,701,702,703,704,705,706,707,708,709,710,711,712,713,714,715,716,717,718,719,720,721,722,723,724,725,726,727,728,729,730,731,732,733,
301;1;9496;9575;1;10,18,36,38,53,54,73,77,94,96,135,151,154,196,199,220,238,244,301,319,386,389,410,434,435,436,437,438,439,496,509,556,567,664,682,689,690,691,692,693,694,695,696,697,698,699,700,701,702,703,704,705,706,707,708,709,710,711,712,713,714,715,716,717,718,719,720,721,722,723,724,725,726,727,728,729,730,731,732,733,
96;0;9575;9729;1;10,18,36,38,53,54,73,77,94,96,135,151,154,196,199,220,238,244,301,319,386,389,410,434,435,436,437,438,439,496,509,556,567,664,682,689,690,691,692,693,694,695,696,697,698,699,700,701,702,703,704,705,706,707,708,709,710,711,712,713,714,715,716,717,718,719,720,721,722,723,724,725,726,727,728,729,730,731,732,733,
96;1;9729;9905;1;10,18,36,38,53,54,73,77,94,96,135,151,154,196,199,220,238,244,301,319,386,389,410,434,435,436,437,438,439,496,509,556,567,664,682,689,690,691,692,693,694,695,696,697,698,699,700,701,702,703,704,705,706,707,708,709,710,711,712,713,714,715,716,717,718,719,720,721,722,723,724,725,726,727,728,729,730,731,732,733,
Machine: 4
230;0;0;120;0;0,1,2,5,36,38,44,75,85,90,115,116,120,135,151,152,153,154,155,156,157,167,168,177,194,196,207,208,211,212,213,216,220,283,302,305,316,388,409,410,411,412,413,414,415,462,464,465,466,467,479,485,562,563,564,565,566,567,568,569,570,571,572,573,574,575,576,577,578,579,624,625,626,627,628,629,630,657,658,659,
267;0;120;203;0;0,1,2,5,36,38,44,75,85,90,115,116,120,135,151,152,153,154,155,156,157,167,168,177,194,196,207,208,211,212,213,216,220,283,302,305,316,388,409,410,411,412,413,414,415,462,464,465,466,467,479,485,562,563,564,565,566,567,568,569,570,571,572,573,574,575,576,577,578,579,624,625,626,627,628,629,630,657,658,659,
242;0;203;252;0;0,1,2,5,36,38,44,75,85,90,115,116,120,135,151,152,153,154,155,156,157,167,168,177,194,196,207,208,211,212,213,216,220,283,302,305,316,388,409,410,411,412,413,414,415,462,464,465,466,467,479,485,562,563,564,565,566,567,568,569,570,571,572,573,574,575,576,577,578,579,624,625,626,627,628,629,630,657,658,659,
183;0;252;301;0;0,1,2,5,36,38,44,75,85,90,115,116,120,135,151,152,153,154,155,156,157,167,168,177,194,196,207,208,211,212,213,216,220,283,302,305,316,388,409,410,411,412,413,414,415,462,464,465,466,467,479,485,562,563,564,565,566,567,568,569,570,571,572,573,574,575,576,577,578,579,624,625,626,627,628,629,630,657,658,659,
183;1;301;432;0;0,1,2,5,36,38,44,75,85,90,115,116,120,135,151,152,153,154,155,156,157,167,168,177,194,196,207,208,211,212,213,216,220,283,302,305,316,388,409,410,411,412,413,414,415,462,464,465,466,467,479,485,562,563,564,565,566,567,568,569,570,571,572,573,574,575,576,577,578,579,624,625,626,627,628,629,630,657,658,659,
347;0;432;604;0;0,1,2,5,36,38,44,75,85,90,115,116,120,135,151,152,153,154,155,156,157,167,168,177,194,196,207,208,211,212,213,216,220,283,302,305,316,388,409,410,411,412,413,414,415,462,464,465,466,467,479,485,562,563,564,565,566,567,568,569,570,571,572,573,574,575,576,577,578,579,624,625,626,627,628,629,630,657,658,659,
135;0;604;640;0;0,1,2,5,36,38,44,75,85,90,115,116,120,135,151,152,153,154,155,156,157,167,168,177,194,196,207,208,211,212,213,216,220,283,302,305,316,388,409,410,411,412,413,414,415,462,464,465,466,467,479,485,562,563,564,565,566,567,568,569,570,571,572,573,574,575,576,577,578,579,624,625,626,627,628,629,630,657,658,659,
343;0;640;712;0;0,1,2,5,36,38,44,75,85,90,115,116,120,135,151,152,153,154,155,156,157,167,168,177,194,196,207,208,211,212,213,216,220,283,302,305,316,388,409,410,411,412,413,414,415,462,464,465,466,467,479,485,562,563,564,565,566,567,568,569,570,571,572,573,574,575,576,577,578,579,624,625,626,627,628,629,630,657,658,659,
343;1;712;832;0;0,1,2,5,36,38,44,75,85,90,115,116,120,135,151,152,153,154,155,156,157,167,168,177,194,196,207,208,211,212,213,216,220,283,302,305,316,388,409,410,411,412,413,414,415,462,464,465,466,467,479,485,562,563,564,565,566,567,568,569,570,571,572,573,574,575,576,577,578,579,624,625,626,627,628,629,630,657,658,659,
331;0;832;898;1;0,1,2,5,36,38,44,75,85,90,115,116,120,135,151,152,153,154,155,156,157,167,168,177,194,196,207,208,211,212,213,216,220,283,302,305,316,388,409,410,411,412,413,414,415,462,464,465,466,467,479,485,562,563,564,565,566,567,568,569,570,571,572,573,574,575,576,577,578,579,624,625,626,627,628,629,630,657,658,659,
331;1;898;1029;1;0,1,2,5,36,38,44,75,85,90,115,116,120,135,151,152,153,154,155,156,157,167,168,177,194,196,207,208,211,212,213,216,220,283,302,305,316,388,409,410,411,412,413,414,415,462,464,465,466,467,479,485,562,563,564,565,566,567,568,569,570,571,572,573,574,575,576,577,578,579,624,625,626,627,628,629,630,657,658,659,
377;0;1029;1201;0;0,1,2,5,36,38,44,75,85,90,115,116,120,135,151,152,153,154,155,156,157,167,168,177,194,196,207,208,211,212,213,216,220,283,302,305,316,388,409,410,411,412,413,414,415,462,464,465,466,467,479,485,562,563,564,565,566,567,568,569,570,571,572,573,574,575,576,577,578,579,624,625,626,627,628,629,630,657,658,659,
327;0;1201;1321;0;0,1,2,5,36,38,44,75,85,90,115,116,120,135,151,152,153,154,155,156,157,167,168,177,194,196,207,208,211,212,213,216,220,283,302,305,316,388,409,410,411,412,413,414,415,462,464,465,466,467,479,485,562,563,564,565,566,567,568,569,570,571,572,573,574,575,576,577,578,579,624,625,626,627,628,629,630,657,658,659,
166;0;1321;1389;1;0,1,2,5,36,38,44,75,85,90,115,116,120,135,151,152,153,154,155,156,157,167,168,177,194,196,207,208,211,212,213,216,220,283,302,305,316,388,409,410,411,412,413,414,415,462,464,465,466,467,479,485,562,563,564,565,566,567,568,569,570,571,572,573,574,575,576,577,578,579,624,625,626,627,628,629,630,657,658,659,
166;1;1389;1561;1;0,1,2,5,36,38,44,75,85,90,115,116,120,135,151,152,153,154,155,156,157,167,168,177,194,196,207,208,211,212,213,216,220,283,302,305,316,388,409,410,411,412,413,414,415,462,464,465,466,467,479,485,562,563,564,565,566,567,568,569,570,571,572,573,574,575,576,577,578,579,624,625,626,627,628,629,630,657,658,659,
303;0;1561;1724;0;0,1,2,5,36,38,44,75,85,90,115,116,120,135,151,152,153,154,155,156,157,167,168,177,194,196,207,208,211,212,213,216,220,283,302,305,316,388,409,410,411,412,413,414,415,462,464,465,466,467,479,485,562,563,564,565,566,567,568,569,570,571,572,573,574,575,576,577,578,579,624,625,626,627,628,629,630,657,658,659,
303;1;1724;1797;0;0,1,2,5,36,38,44,75,85,90,115,116,120,135,151,152,153,154,155,156,157,167,168,177,194,196,207,208,211,212,213,216,220,283,302,305,316,388,409,410,411,412,413,414,415,462,464,465,466,467,479,485,562,563,564,565,566,567,568,569,570,571,572,573,574,575,576,577,578,579,624,625,626,627,628,629,630,657,658,659,
349;0;1797;1875;1;0,1,2,5,36,38,44,75,85,90,115,116,120,135,151,152,153,154,155,156,157,167,168,177,194,196,207,208,211,212,213,216,220,283,302,305,316,388,409,410,411,412,413,414,415,462,464,465,466,467,479,485,562,563,564,565,566,567,568,569,570,571,572,573,574,575,576,577,578,579,624,625,626,627,628,629,630,657,658,659,
349;1;1875;1984;1;0,1,2,5,36,38,44,75,85,90,115,116,120,135,151,152,153,154,155,156,157,167,168,177,194,196,207,208,211,212,213,216,220,283,302,305,316,388,409,410,411,412,413,414,415,462,464,465,466,467,479,485,562,563,564,565,566,567,568,569,570,571,572,573,574,575,576,577,578,579,624,625,626,627,628,629,630,657,658,659,
325;0;1984;2007;0;0,1,2,5,36,38,44,75,85,90,115,116,120,135,151,152,153,154,155,156,157,167,168,177,194,196,207,208,211,212,213,216,220,283,302,305,316,388,409,410,411,412,413,414,415,462,464,465,466,467,479,485,562,563,564,565,566,567,568,569,570,571,572,573,574,575,576,577,578,579,624,625,626,627,628,629,630,657,658,659,
59;0;2007;2179;1;0,1,2,5,36,38,44,82,84,85,90,115,116,120,135,151,152,153,154,155,156,157,167,168,177,178,179,180,181,182,191,194,196,207,208,211,212,213,216,218,220,240,248,249,250,251,252,262,283,302,305,316,317,383,384,385,395,409,410,411,412,413,414,415,424,425,426,427,428,429,430,431,479,624,625,626,627,628,629,630,
59;1;2179;2303;1;0,1,2,5,36,38,44,82,84,85,90,115,116,120,135,151,152,153,154,155,156,157,167,168,177,178,179,180,181,182,191,194,196,207,208,211,212,213,216,218,220,240,248,249,250,251,252,262,283,302,305,316,317,383,384,385,395,409,410,411,412,413,414,415,424,425,426,427,428,429,430,431,479,624,625,626,627,628,629,630,
383;0;2303;2360;0;0,1,2,5,36,38,44,82,84,85,90,115,116,120,135,151,152,153,154,155,156,157,167,168,177,178,179,180,181,182,191,194,196,207,208,211,212,213,216,218,220,240,248,249,250,251,252,262,283,302,305,316,317,383,384,385,395,409,410,411,412,413,414,415,424,425,426,427,428,429,430,431,479,624,625,626,627,628,629,630,
383;1;2360;2396;0;0,1,2,5,36,38,44,82,84,85,90,115,116,120,135,151,152,153,154,155,156,157,167,168,177,178,179,180,181,182,191,194,196,207,208,211,212,213,216,218,220,240,248,249,250,251,252,262,283,302,305,316,317,383,384,385,395,409,410,411,412,413,414,415,424,425,426,427,428,429,430,431,479,624,625,626,627,628,629,630,
275;0;2396;2517;0;0,1,2,5,36,38,44,82,84,85,90,115,116,120,135,151,152,153,154,155,156,157,167,168,177,178,179,180,181,182,191,194,196,207,208,211,212,213,216,218,220,240,248,249,250,251,252,262,283,302,305,316,317,383,384,385,395,409,410,411,412,413,414,415,424,425,426,427,428,429,430,431,479,624,625,626,627,628,629,630,
246;0;2517;2558;1;0,1,2,5,36,38,44,82,84,85,90,115,116,120,135,151,152,153,154,155,156,157,167,168,177,178,179,180,181,182,191,194,196,207,208,211,212,213,216,218,220,240,248,249,250,251,252,262,283,302,305,316,317,383,384,385,395,409,410,411,412,413,414,415,424,425,426,427,428,429,430,431,479,624,625,626,627,628,629,630,
246;1;2558;2673;1;0,1,2,5,36,38,44,82,84,85,90,115,116,120,135,151,152,153,154,155,156,157,167,168,177,178,179,180,181,182,191,194,196,207,208,211,212,213,216,218,220,240,248,249,250,251,252,262,283,302,305,316,317,383,384,385,395,409,410,411,412,413,414,415,424,425,426,427,428,429,430,431,479,624,625,626,627,628,629,630,
93;0;2673;2803;0;0,1,2,5,36,38,44,82,84,85,90,115,116,120,135,151,152,153,154,155,156,157,167,168,177,178,179,180,181,182,191,194,196,207,208,211,212,213,216,218,220,240,248,249,250,251,252,262,283,302,305,316,317,383,384,385,395,409,410,411,412,413,414,415,424,425,426,427,428,429,430,431,479,624,625,626,627,628,629,630,
93;1;2803;2918;0;0,1,2,5,36,38,44,82,84,85,90,115,116,120,135,151,152,153,154,155,156,157,167,168,177,178,179,180,181,182,191,194,196,207,208,211,212,213,216,218,220,240,248,249,250,251,252,262,283,302,305,316,317,383,384,385,395,409,410,411,412,413,414,415,424,425,426,427,428,429,430,431,479,624,625,626,627,628,629,630,
204;0;2918;2985;1;0,1,2,5,36,38,44,82,84,85,90,115,116,120,135,151,152,153,154,155,156,157,167,168,177,178,179,180,181,182,191,194,196,207,208,211,212,213,216,218,220,240,248,249,250,251,252,262,283,302,305,316,317,383,384,385,395,409,410,411,412,413,414,415,424,425,426,427,428,429,430,431,479,624,625,626,627,628,629,630,
204;1;2985;3094;1;0,1,2,5,36,38,44,82,84,85,90,115,116,120,135,151,152,153,154,155,156,157,167,168,177,178,179,180,181,182,191,194,196,207,208,211,212,213,216,218,220,240,248,249,250,251,252,262,283,302,305,316,317,383,384,385,395,409,410,411,412,413,414,415,424,425,426,427,428,429,430,431,479,624,625,626,627,628,629,630,
369;0;3094;3124;1;0,1,2,5,36,38,44,82,84,85,90,115,116,120,135,151,152,153,154,155,156,157,167,168,177,178,179,180,181,182,191,194,196,207,208,211,212,213,216,218,220,240,248,249,250,251,252,262,283,302,305,316,317,383,384,385,395,409,410,411,412,413,414,415,424,425,426,427,428,429,430,431,479,624,625,626,627,628,629,630,
369;1;3124;3163;1;0,1,2,5,36,38,44,82,84,85,90,115,116,120,135,151,152,153,154,155,156,157,167,168,177,178,179,180,181,182,191,194,196,207,208,211,212,213,216,218,220,240,248,249,250,251,252,262,283,302,305,316,317,383,384,385,395,409,410,411,412,413,414,415,424,425,426,427,428,429,430,431,479,624,625,626,627,628,629,630,
268;0;3163;3236;0;0,1,2,5,36,38,44,82,84,85,90,115,116,120,135,151,152,153,154,155,156,157,167,168,177,178,179,180,181,182,191,194,196,207,208,211,212,213,216,218,220,240,248,249,250,251,252,262,283,302,305,316,317,383,384,385,395,409,410,411,412,413,414,415,424,425,426,427,428,429,430,431,479,624,625,626,627,628,629,630,
268;1;3236;3356;0;0,1,2,5,36,38,44,82,84,85,90,115,116,120,135,151,152,153,154,155,156,157,167,168,177,178,179,180,181,182,191,194,196,207,208,211,212,213,216,218,220,240,248,249,250,251,252,262,283,302,305,316,317,383,384,385,395,409,410,411,412,413,414,415,424,425,426,427,428,429,430,431,479,624,625,626,627,628,629,630,
25;0;3356;3440;0;0,1,2,5,36,38,44,82,84,85,90,115,116,120,135,151,152,153,154,155,156,157,167,168,177,178,179,180,181,182,191,194,196,207,208,211,212,213,216,218,220,240,248,249,250,251,252,262,283,302,305,316,317,383,384,385,395,409,410,411,412,413,414,415,424,425,426,427,428,429,430,431,479,624,625,626,627,628,629,630,
160;0;3440;3491;0;0,1,2,5,36,38,44,82,84,85,90,115,116,120,135,151,152,153,154,155,156,157,167,168,177,178,179,180,181,182,191,194,196,207,208,211,212,213,216,218,220,240,248,249,250,251,252,262,283,302,305,316,317,383,384,385,395,409,410,411,412,413,414,415,424,425,426,427,428,429,430,431,479,624,625,626,627,628,629,630,
247;0;3491;3540;0;0,1,2,5,36,38,44,82,84,85,90,115,116,120,135,151,152,153,154,155,156,157,167,168,177,178,179,180,181,182,191,194,196,207,208,211,212,213,216,218,220,240,248,249,250,251,252,262,283,302,305,316,317,383,384,385,395,409,410,411,412,413,414,415,424,425,426,427,428,429,430,431,479,624,625,626,627,628,629,630,
318;0;3540;3581;0;0,1,2,5,36,38,44,82,84,85,90,115,116,120,135,151,152,153,154,155,156,157,167,168,177,178,179,180,181,182,191,194,196,207,208,211,212,213,216,218,220,240,248,249,250,251,252,262,283,302,305,316,317,383,384,385,395,409,410,411,412,413,414,415,424,425,426,427,428,429,430,431,479,624,625,626,627,628,629,630,
318;1;3581;3665;0;0,1,2,5,36,38,44,82,84,85,90,115,116,120,135,151,152,153,154,155,156,157,167,168,177,178,179,180,181,182,191,194,196,207,208,211,212,213,216,218,220,240,248,249,250,251,252,262,283,302,305,316,317,383,384,385,395,409,410,411,412,413,414,415,424,425,426,427,428,429,430,431,479,624,625,626,627,628,629,630,
89;0;3665;3706;1;0,1,2,5,36,38,44,82,84,85,90,115,116,120,135,151,152,153,154,155,156,157,167,168,177,178,179,180,181,182,191,194,196,207,208,211,212,213,216,218,220,240,248,249,250,251,252,262,283,302,305,316,317,383,384,385,395,409,410,411,412,413,414,415,424,425,426,427,428,429,430,431,479,624,625,626,627,628,629,630,
89;1;3706;3790;1;0,1,2,5,36,38,44,82,84,85,90,115,116,120,135,151,152,153,154,155,156,157,167,168,177,178,179,180,181,182,191,194,196,207,208,211,212,213,216,218,220,240,248,249,250,251,252,262,283,302,305,316,317,383,384,385,395,409,410,411,412,413,414,415,424,425,426,427,428,429,430,431,479,624,625,626,627,628,629,630,
20;0;3790;3863;0;0,1,2,5,36,38,44,82,84,85,90,115,116,120,135,151,152,153,154,155,156,157,167,168,177,178,179,180,181,182,191,194,196,207,208,211,212,213,216,218,220,240,248,249,250,251,252,262,283,302,305,316,317,383,384,385,395,409,410,411,412,413,414,415,424,425,426,427,428,429,430,431,479,624,625,626,627,628,629,630,
104;0;3863;4011;1;0,1,2,5,36,38,44,82,84,85,90,115,116,120,135,151,152,153,154,155,156,157,167,168,177,178,179,180,181,182,191,194,196,207,208,211,212,213,216,218,220,240,248,249,250,251,252,262,283,302,305,316,317,383,384,385,395,409,410,411,412,413,414,415,424,425,426,427,428,429,430,431,479,624,625,626,627,628,629,630,
104;1;4011;4181;1;0,1,2,5,36,38,44,82,84,85,90,115,116,120,135,151,152,153,154,155,156,157,167,168,177,178,179,180,181,182,191,194,196,207,208,211,212,213,216,218,220,240,248,249,250,251,252,262,283,302,305,316,317,383,384,385,395,409,410,411,412,413,414,415,424,425,426,427,428,429,430,431,479,624,625,626,627,628,629,630,
131;0;4181;4343;1;0,1,2,5,36,38,44,82,84,85,90,115,116,120,135,151,152,153,154,155,156,157,167,168,177,178,179,180,181,182,191,194,196,207,208,211,212,213,216,218,220,240,248,249,250,251,252,262,283,302,305,316,317,383,384,385,395,409,410,411,412,413,414,415,424,425,426,427,428,429,430,431,479,624,625,626,627,628,629,630,
131;1;4343;4467;1;0,1,2,5,36,38,44,82,84,85,90,115,116,120,135,151,152,153,154,155,156,157,167,168,177,178,179,180,181,182,191,194,196,207,208,211,212,213,216,218,220,240,248,249,250,251,252,262,283,302,305,316,317,383,384,385,395,409,410,411,412,413,414,415,424,425,426,427,428,429,430,431,479,624,625,626,627,628,629,630,
148;0;4467;4479;0;0,1,2,5,36,38,44,82,84,85,90,115,116,120,135,151,152,153,154,155,156,157,167,168,177,178,179,180,181,182,191,194,196,207,208,211,212,213,216,218,220,240,248,249,250,251,252,262,283,302,305,316,317,383,384,385,395,409,410,411,412,413,414,415,424,425,426,427,428,429,430,431,479,624,625,626,627,628,629,630,
148;1;4479;4518;0;0,1,2,5,36,38,44,82,84,85,90,115,116,120,135,151,152,153,154,155,156,157,167,168,177,178,179,180,181,182,191,194,196,207,208,211,212,213,216,218,220,240,248,249,250,251,252,262,283,302,305,316,317,383,384,385,395,409,410,411,412,413,414,415,424,425,426,427,428,429,430,431,479,624,625,626,627,628,629,630,
296;0;4518;4683;1;0,1,2,5,36,38,44,82,84,85,90,115,116,120,135,151,152,153,154,155,156,157,167,168,177,178,179,180,181,182,191,194,196,207,208,211,212,213,216,218,220,240,248,249,250,251,252,262,283,302,305,316,317,383,384,385,395,409,410,411,412,413,414,415,424,425,426,427,428,429,430,431,479,624,625,626,627,628,629,630,
296;1;4683;4732;1;0,1,2,5,36,38,44,82,84,85,90,115,116,120,135,151,152,153,154,155,156,157,167,168,177,178,179,180,181,182,191,194,196,207,208,211,212,213,216,218,220,240,248,249,250,251,252,262,283,302,305,316,317,383,384,385,395,409,410,411,412,413,414,415,424,425,426,427,428,429,430,431,479,624,625,626,627,628,629,630,
87;0;4732;4768;0;0,1,2,5,36,38,44,82,84,85,90,115,116,120,135,151,152,153,154,155,156,157,167,168,177,178,179,180,181,182,191,194,196,207,208,211,212,213,216,218,220,240,248,249,250,251,252,262,283,302,305,316,317,383,384,385,395,409,410,411,412,413,414,415,424,425,426,427,428,429,430,431,479,624,625,626,627,628,629,630,
298;0;4768;4913;0;0,1,2,5,36,38,44,82,84,85,90,115,116,120,135,151,152,153,154,155,156,157,167,168,177,178,179,180,181,182,191,194,196,207,208,211,212,213,216,218,220,240,248,249,250,251,252,262,283,302,305,316,317,383,384,385,395,409,410,411,412,413,414,415,424,425,426,427,428,429,430,431,479,624,625,626,627,628,629,630,
298;1;4913;5034;0;0,1,2,5,36,38,44,82,84,85,90,115,116,120,135,151,152,153,154,155,156,157,167,168,177,178,179,180,181,182,191,194,196,207,208,211,212,213,216,218,220,240,248,249,250,251,252,262,283,302,305,316,317,383,384,385,395,409,410,411,412,413,414,415,424,425,426,427,428,429,430,431,479,624,625,626,627,628,629,630,
295;0;5034;5121;0;0,1,2,5,36,38,44,82,89,90,115,116,120,135,151,153,154,155,167,168,177,179,181,182,194,196,199,207,208,216,220,240,248,249,250,251,252,262,277,278,279,280,281,282,283,284,285,294,301,305,316,317,349,375,426,461,491,522,599,666,667,668,669,670,671,672,673,674,675,676,677,678,679,680,681,682,794,795,796,797,
138;0;5121;5250;0;0,1,2,5,36,38,44,82,89,90,115,116,120,135,151,153,154,155,167,168,177,179,181,182,194,196,199,207,208,216,220,240,248,249,250,251,252,262,277,278,279,280,281,282,283,284,285,294,301,305,316,317,349,375,426,461,491,522,599,666,667,668,669,670,671,672,673,674,675,676,677,678,679,680,681,682,794,795,796,797,
138;1;5250;5386;0;0,1,2,5,36,38,44,82,89,90,115,116,120,135,151,153,154,155,167,168,177,179,181,182,194,196,199,207,208,216,220,240,248,249,250,251,252,262,277,278,279,280,281,282,283,284,285,294,301,305,316,317,349,375,426,461,491,522,599,666,667,668,669,670,671,672,673,674,675,676,677,678,679,680,681,682,794,795,796,797,
259;0;5386;5487;1;0,1,2,5,36,38,44,82,89,90,115,116,120,135,151,153,154,155,167,168,177,179,181,182,194,196,199,207,208,216,220,240,248,249,250,251,252,262,277,278,279,280,281,282,283,284,285,294,301,305,316,317,349,375,426,461,491,522,599,666,667,668,669,670,671,672,673,674,675,676,677,678,679,680,681,682,794,795,796,797,
259;1;5487;5563;1;0,1,2,5,36,38,44,82,89,90,115,116,120,135,151,153,154,155,167,168,177,179,181,182,194,196,199,207,208,216,220,240,248,249,250,251,252,262,277,278,279,280,281,282,283,284,285,294,301,305,316,317,349,375,426,461,491,522,599,666,667,668,669,670,671,672,673,674,675,676,677,678,679,680,681,682,794,795,796,797,
46;0;5563;5623;1;0,1,2,5,36,38,44,82,89,90,115,116,120,135,151,153,154,155,167,168,177,179,181,182,194,196,199,207,208,216,220,240,248,249,250,251,252,262,277,278,279,280,281,282,283,284,285,294,301,305,316,317,349,375,426,461,491,522,599,666,667,668,669,670,671,672,673,674,675,676,677,678,679,680,681,682,794,795,796,797,
46;1;5623;5793;1;0,1,2,5,36,38,44,82,89,90,115,116,120,135,151,153,154,155,167,168,177,179,181,182,194,196,199,207,208,216,220,240,248,249,250,251,252,262,277,278,279,280,281,282,283,284,285,294,301,305,316,317,349,375,426,461,491,522,599,666,667,668,669,670,671,672,673,674,675,676,677,678,679,680,681,682,794,795,796,797,
288;0;5793;5917;0;0,1,2,5,36,38,44,82,89,90,115,116,120,135,151,153,154,155,167,168,177,179,181,182,194,196,199,207,208,216,220,240,248,249,250,251,252,262,277,278,279,280,281,282,283,284,285,294,301,305,316,317,349,375,426,461,491,522,599,666,667,668,669,670,671,672,673,674,675,676,677,678,679,680,681,682,794,795,796,797,
288;1;5917;6004;0;0,1,2,5,36,38,44,82,89,90,115,116,120,135,151,153,154,155,167,168,177,179,181,182,194,196,199,207,208,216,220,240,248,249,250,251,252,262,277,278,279,280,281,282,283,284,285,294,301,305,316,317,349,375,426,461,491,522,599,666,667,668,669,670,671,672,673,674,675,676,677,678,679,680,681,682,794,795,796,797,
386;0;6004;6050;1;0,1,2,5,36,38,44,82,89,90,115,116,120,135,151,153,154,155,167,168,177,179,181,182,194,196,199,207,208,216,220,240,248,249,250,251,252,262,277,278,279,280,281,282,283,284,285,294,301,305,316,317,349,375,426,461,491,522,599,666,667,668,669,670,671,672,673,674,675,676,677,678,679,680,681,682,794,795,796,797,
386;1;6050;6206;1;0,1,2,5,36,38,44,82,89,90,115,116,120,135,151,153,154,155,167,168,177,179,181,182,194,196,199,207,208,216,220,240,248,249,250,251,252,262,277,278,279,280,281,282,283,284,285,294,301,305,316,317,349,375,426,461,491,522,599,666,667,668,669,670,671,672,673,674,675,676,677,678,679,680,681,682,794,795,796,797,
133;0;6206;6340;0;0,1,2,5,36,38,44,82,89,90,115,116,120,135,151,153,154,155,167,168,177,179,181,182,194,196,199,207,208,216,220,240,248,249,250,251,252,262,277,278,279,280,281,282,283,284,285,294,301,305,316,317,349,375,426,461,491,522,599,666,667,668,669,670,671,672,673,674,675,676,677,678,679,680,681,682,794,795,796,797,
133;1;6340;6510;0;0,1,2,5,36,38,44,82,89,90,115,116,120,135,151,153,154,155,167,168,177,179,181,182,194,196,199,207,208,216,220,240,248,249,250,251,252,262,277,278,279,280,281,282,283,284,285,294,301,305,316,317,349,375,426,461,491,522,599,666,667,668,669,670,671,672,673,674,675,676,677,678,679,680,681,682,794,795,796,797,
329;0;6510;6591;1;0,1,2,5,36,38,44,82,89,90,115,116,120,135,151,153,154,155,167,168,177,179,181,182,194,196,199,207,208,216,220,240,248,249,250,251,252,262,277,278,279,280,281,282,283,284,285,294,301,305,316,317,349,375,426,461,491,522,599,666,667,668,669,670,671,672,673,674,675,676,677,678,679,680,681,682,794,795,796,797,
329;1;6591;6727;1;0,1,2,5,36,38,44,82,89,90,115,116,120,135,151,153,154,155,167,168,177,179,181,182,194,196,199,207,208,216,220,240,248,249,250,251,252,262,277,278,279,280,281,282,283,284,285,294,301,305,316,317,349,375,426,461,491,522,599,666,667,668,669,670,671,672,673,674,675,676,677,678,679,680,681,682,794,795,796,797,
322;0;6727;6866;0;0,1,2,5,36,38,44,82,89,90,115,116,120,135,151,153,154,155,167,168,177,179,181,182,194,196,199,207,208,216,220,240,248,249,250,251,252,262,277,278,279,280,281,282,283,284,285,294,301,305,316,317,349,375,426,461,491,522,599,666,667,668,669,670,671,672,673,674,675,676,677,678,679,680,681,682,794,795,796,797,
216;0;6866;7023;1;0,1,2,5,36,38,44,82,89,90,115,116,120,135,151,153,154,155,167,168,177,179,181,182,194,196,199,207,208,216,220,240,248,249,250,251,252,262,277,278,279,280,281,282,283,284,285,294,301,305,316,317,349,375,426,461,491,522,599,666,667,668,669,670,671,672,673,674,675,676,677,678,679,680,681,682,794,795,796,797,
216;1;7023;7193;1;0,1,2,5,36,38,44,82,89,90,115,116,120,135,151,153,154,155,167,168,177,179,181,182,194,196,199,207,208,216,220,240,248,249,250,251,252,262,277,278,279,280,281,282,283,284,285,294,301,305,316,317,349,375,426,461,491,522,599,666,667,668,669,670,671,672,673,674,675,676,677,678,679,680,681,682,794,795,796,797,
44;0;7193;7357;1;0,1,2,5,36,38,44,82,89,90,115,116,120,135,151,153,154,155,167,168,177,179,181,182,194,196,199,207,208,216,220,240,248,249,250,251,252,262,277,278,279,280,281,282,283,284,285,294,301,305,316,317,349,375,426,461,491,522,599,666,667,668,669,670,671,672,673,674,675,676,677,678,679,680,681,682,794,795,796,797,
44;1;7357;7396;1;0,1,2,5,36,38,44,82,89,90,115,116,120,135,151,153,154,155,167,168,177,179,181,182,194,196,199,207,208,216,220,240,248,249,250,251,252,262,277,278,279,280,281,282,283,284,285,294,301,305,316,317,349,375,426,461,491,522,599,666,667,668,669,670,671,672,673,674,675,676,677,678,679,680,681,682,794,795,796,797,
50;0;7396;7535;0;0,1,2,5,36,38,44,82,89,90,115,116,120,135,151,153,154,155,167,168,177,179,181,182,194,196,199,207,208,216,220,240,248,249,250,251,252,262,277,278,279,280,281,282,283,284,285,294,301,305,316,317,349,375,426,461,491,522,599,666,667,668,669,670,671,672,673,674,675,676,677,678,679,680,681,682,794,795,796,797,
300;0;7535;7644;0;0,1,2,5,36,38,44,82,89,90,115,116,120,135,151,153,154,155,167,168,177,179,181,182,194,196,199,207,208,216,220,240,248,249,250,251,252,262,277,278,279,280,281,282,283,284,285,294,301,305,316,317,349,375,426,461,491,522,599,666,667,668,669,670,671,672,673,674,675,676,677,678,679,680,681,682,794,795,796,797,
125;0;7644;7683;0;0,1,2,5,36,38,44,82,89,90,115,116,120,135,151,153,154,155,167,168,177,179,181,182,194,196,199,207,208,216,220,240,248,249,250,251,252,262,277,278,279,280,281,282,283,284,285,294,301,305,316,317,349,375,426,461,491,522,599,666,667,668,669,670,671,672,673,674,675,676,677,678,679,680,681,682,794,795,796,797,
187;0;7683;7734;0;0,1,2,5,36,38,44,82,89,90,115,116,120,135,151,153,154,155,167,168,177,179,181,182,194,196,199,207,208,216,220,240,248,249,250,251,252,262,277,278,279,280,281,282,283,284,285,294,301,305,316,317,349,375,426,461,491,522,599,666,667,668,669,670,671,672,673,674,675,676,677,678,679,680,681,682,794,795,796,797,
9;0;7734;7860;1;0,1,2,5,20,21,22,23,24,25,26,27,28,29,70,71,72,73,74,75,76,77,78,79,115,116,117,118,119,120,121,122,123,124,153,154,155,167,168,182,196,209,216,238,249,250,278,279,293,294,295,301,312,386,387,388,389,390,391,392,393,394,426,461,462,463,491,502,599,600,601,631,781,782,783,784,785,786,787,788,
9;1;7860;7923;1;0,1,2,5,20,21,22,23,24,25,26,27,28,29,70,71,72,73,74,75,76,77,78,79,115,116,117,118,119,120,121,122,123,124,153,154,155,167,168,182,196,209,216,238,249,250,278,279,293,294,295,301,312,386,387,388,389,390,391,392,393,394,426,461,462,463,491,502,599,600,601,631,781,782,783,784,785,786,787,788,
208;0;7923;8038;0;0,1,2,5,20,21,22,23,24,25,26,27,28,29,70,71,72,73,74,75,76,77,78,79,115,116,117,118,119,120,121,122,123,124,153,154,155,167,168,182,196,209,216,238,249,250,278,279,293,294,295,301,312,386,387,388,389,390,391,392,393,394,426,461,462,463,491,502,599,600,601,631,781,782,783,784,785,786,787,788,
208;1;8038;8082;0;0,1,2,5,20,21,22,23,24,25,26,27,28,29,70,71,72,73,74,75,76,77,78,79,115,116,117,118,119,120,121,122,123,124,153,154,155,167,168,182,196,209,216,238,249,250,278,279,293,294,295,301,312,386,387,388,389,390,391,392,393,394,426,461,462,463,491,502,599,600,601,631,781,782,783,784,785,786,787,788,
83;0;8082;8202;0;0,1,2,5,20,21,22,23,24,25,26,27,28,29,70,71,72,73,74,75,76,77,78,79,115,116,117,118,119,120,121,122,123,124,153,154,155,167,168,182,196,209,216,238,249,250,278,279,293,294,295,301,312,386,387,388,389,390,391,392,393,394,426,461,462,463,491,502,599,600,601,631,781,782,783,784,785,786,787,788,
83;1;8202;8303;0;0,1,2,5,20,21,22,23,24,25,26,27,28,29,70,71,72,73,74,75,76,77,78,79,115,116,117,118,119,120,121,122,123,124,153,154,155,167,168,182,196,209,216,238,249,250,278,279,293,294,295,301,312,386,387,388,389,390,391,392,393,394,426,461,462,463,491,502,599,600,601,631,781,782,783,784,785,786,787,788,
356;0;8303;8313;1;0,1,2,5,20,21,22,23,24,25,26,27,28,29,70,71,72,73,74,75,76,77,78,79,115,116,117,118,119,120,121,122,123,124,153,154,155,167,168,182,196,209,216,238,249,250,278,279,293,294,295,301,312,386,387,388,389,390,391,392,393,394,426,461,462,463,491,502,599,600,601,631,781,782,783,784,785,786,787,788,
356;1;8313;8401;1;0,1,2,5,20,21,22,23,24,25,26,27,28,29,70,71,72,73,74,75,76,77,78,79,115,116,117,118,119,120,121,122,123,124,153,154,155,167,168,182,196,209,216,238,249,250,278,279,293,294,295,301,312,386,387,388,389,390,391,392,393,394,426,461,462,463,491,502,599,600,601,631,781,782,783,784,785,786,787,788,
29;0;8401;8422;1;0,1,2,5,20,21,22,23,24,25,26,27,28,29,70,71,72,73,74,75,76,77,78,79,115,116,117,118,119,120,121,122,123,124,153,154,155,167,168,182,196,209,216,238,249,250,278,279,293,294,295,301,312,386,387,388,389,390,391,392,393,394,426,461,462,463,491,502,599,600,601,631,781,782,783,784,785,786,787,788,
29;1;8422;8466;1;0,1,2,5,20,21,22,23,24,25,26,27,28,29,70,71,72,73,74,75,76,77,78,79,115,116,117,118,119,120,121,122,123,124,153,154,155,167,168,182,196,209,216,238,249,250,278,279,293,294,295,301,312,386,387,388,389,390,391,392,393,394,426,461,462,463,491,502,599,600,601,631,781,782,783,784,785,786,787,788,
156;0;8466;8560;1;0,1,2,5,20,21,22,23,24,25,26,27,28,29,70,71,72,73,74,75,76,77,78,79,115,116,117,118,119,120,121,122,123,124,153,154,155,167,168,182,196,209,216,238,249,250,278,279,293,294,295,301,312,386,387,388,389,390,391,392,393,394,426,461,462,463,491,502,599,600,601,631,781,782,783,784,785,786,787,788,
156;1;8560;8732;1;0,1,2,5,20,21,22,23,24,25,26,27,28,29,70,71,72,73,74,75,76,77,78,79,115,116,117,118,119,120,121,122,123,124,153,154,155,167,168,182,196,209,216,238,249,250,278,279,293,294,295,301,312,386,387,388,389,390,391,392,393,394,426,461,462,463,491,502,599,600,601,631,781,782,783,784,785,786,787,788,
272;0;8732;8744;0;0,1,2,5,20,21,22,23,24,25,26,27,28,29,70,71,72,73,74,75,76,77,78,79,115,116,117,118,119,120,121,122,123,124,153,154,155,167,168,182,196,209,216,238,249,250,278,279,293,294,295,301,312,386,387,388,389,390,391,392,393,394,426,461,462,463,491,502,599,600,601,631,781,782,783,784,785,786,787,788,
192;0;8744;8788;0;0,1,2,5,20,21,22,23,24,25,26,27,28,29,70,71,72,73,74,75,76,77,78,79,115,116,117,118,119,120,121,122,123,124,153,154,155,167,168,182,196,209,216,238,249,250,278,279,293,294,295,301,312,386,387,388,389,390,391,392,393,394,426,461,462,463,491,502,599,600,601,631,781,782,783,784,785,786,787,788,
323;0;8788;8930;0;0,1,2,5,20,21,22,23,24,25,26,27,28,29,70,71,72,73,74,75,76,77,78,79,115,116,117,118,119,120,121,122,123,124,153,154,155,167,168,182,196,209,216,238,249,250,278,279,293,294,295,301,312,386,387,388,389,390,391,392,393,394,426,461,462,463,491,502,599,600,601,631,781,782,783,784,785,786,787,788,
323;1;8930;8974;0;0,1,2,5,20,21,22,23,24,25,26,27,28,29,70,71,72,73,74,75,76,77,78,79,115,116,117,118,119,120,121,122,123,124,153,154,155,167,168,182,196,209,216,238,249,250,278,279,293,294,295,301,312,386,387,388,389,390,391,392,393,394,426,461,462,463,491,502,599,600,601,631,781,782,783,784,785,786,787,788,
2;0;8974;9146;1;0,1,2,5,20,21,22,23,24,25,26,27,28,29,70,71,72,73,74,75,76,77,78,79,115,116,117,118,119,120,121,122,123,124,153,154,155,167,168,182,196,209,216,238,249,250,278,279,293,294,295,301,312,386,387,388,389,390,391,392,393,394,426,461,462,463,491,502,599,600,601,631,781,782,783,784,785,786,787,788,
176;0;9146;9258;1;0,1,2,5,20,21,22,23,24,25,26,27,28,29,70,71,72,73,74,75,76,77,78,79,115,116,117,118,119,120,121,122,123,124,153,154,155,167,168,182,196,209,216,238,249,250,278,279,293,294,295,301,312,386,387,388,389,390,391,392,393,394,426,461,462,463,491,502,599,600,601,631,781,782,783,784,785,786,787,788,
176;1;9258;9355;1;0,1,2,5,20,21,22,23,24,25,26,27,28,29,70,71,72,73,74,75,76,77,78,79,115,116,117,118,119,120,121,122,123,124,153,154,155,167,168,182,196,209,216,238,249,250,278,279,293,294,295,301,312,386,387,388,389,390,391,392,393,394,426,461,462,463,491,502,599,600,601,631,781,782,783,784,785,786,787,788,
333;0;9355;9441;0;0,1,2,5,20,21,22,23,24,25,26,27,28,29,70,71,72,73,74,75,76,77,115,143,153,154,167,168,196,197,216,249,250,293,294,298,301,312,363,386,387,388,389,390,391,392,393,394,426,461,462,463,490,491,492,493,494,495,496,497,498,499,500,501,502,503,504,762,763,764,765,766,767,768,769,770,771,772,773,774,
333;1;9441;9503;0;0,1,2,5,20,21,22,23,24,25,26,27,28,29,70,71,72,73,74,75,76,77,115,143,153,154,167,168,196,197,216,249,250,293,294,298,301,312,363,386,387,388,389,390,391,392,393,394,426,461,462,463,490,491,492,493,494,495,496,497,498,499,500,501,502,503,504,762,763,764,765,766,767,768,769,770,771,772,773,774,
337;0;9503;9604;0;0,1,2,5,20,21,22,23,24,25,26,27,28,29,70,71,72,73,74,75,76,77,115,143,153,154,167,168,196,197,216,249,250,293,294,298,301,312,363,386,387,388,389,390,391,392,393,394,426,461,462,463,490,491,492,493,494,495,496,497,498,499,500,501,502,503,504,762,763,764,765,766,767,768,769,770,771,772,773,774,
117;0;9604;9784;0;0,1,2,5,20,21,22,23,24,25,26,27,28,29,70,71,72,73,74,75,76,77,115,143,153,154,167,168,196,197,216,249,250,293,294,298,301,312,363,386,387,388,389,390,391,392,393,394,426,461,462,463,490,491,492,493,494,495,496,497,498,499,500,501,502,503,504,762,763,764,765,766,767,768,769,770,771,772,773,774,
387;0;9784;9796;0;0,1,2,5,20,21,22,23,24,25,26,27,28,29,70,71,72,73,74,75,76,77,115,143,153,154,167,168,196,197,216,249,250,293,294,298,301,312,363,386,387,388,389,390,391,392,393,394,426,461,462,463,490,491,492,493,494,495,496,497,498,499,500,501,502,503,504,762,763,764,765,766,767,768,769,770,771,772,773,774,
344;0;9796;9944;1;0,1,2,5,20,21,22,23,24,25,26,27,28,29,70,71,72,73,74,75,76,77,115,143,153,154,167,168,196,197,216,249,250,293,294,298,301,312,363,386,387,388,389,390,391,392,393,394,426,461,462,463,490,491,492,493,494,495,496,497,498,499,500,501,502,503,504,762,763,764,765,766,767,768,769,770,771,772,773,774,
344;1;9944;10053;1;0,1,2,5,20,21,22,23,24,25,26,27,28,29,70,71,72,73,74,75,76,77,115,143,153,154,167,168,196,197,216,249,250,293,294,298,301,312,363,386,387,388,389,390,391,392,393,394,426,461,462,463,490,491,492,493,494,495,496,497,498,499,500,501,502,503,504,762,763,764,765,766,767,768,769,770,771,772,773,774,
Machine: 5
13;0;0;178;0;10,18,22,36,38,53,80,81,82,84,98,99,100,101,103,105,117,120,134,135,136,140,148,158,165,206,207,216,220,246,248,259,289,298,304,305,342,347,348,349,350,400,401,402,403,404,468,476,484,485,486,487,488,509,523,524,525,530,531,532,533,534,535,536,537,538,539,540,541,542,543,544,545,546,547,548,612,613,614,615,
13;1;178;358;0;10,18,22,36,38,53,80,81,82,84,98,99,100,101,103,105,117,120,134,135,136,140,148,158,165,206,207,216,220,246,248,259,289,298,304,305,342,347,348,349,350,400,401,402,403,404,468,476,484,485,486,487,488,509,523,524,525,530,531,532,533,534,535,536,537,538,539,540,541,542,543,544,545,546,547,548,612,613,614,615,
85;0;358;385;0;10,18,22,36,38,53,80,81,82,84,98,99,100,101,103,105,117,120,134,135,136,140,148,158,165,206,207,216,220,246,248,259,289,298,304,305,342,347,348,349,350,400,401,402,403,404,468,476,484,485,486,487,488,509,523,524,525,530,531,532,533,534,535,536,537,538,539,540,541,542,543,544,545,546,547,548,612,613,614,615,
115;0;385;508;0;10,18,22,36,38,53,80,81,82,84,98,99,100,101,103,105,117,120,134,135,136,140,148,158,165,206,207,216,220,246,248,259,289,298,304,305,342,347,348,349,350,400,401,402,403,404,468,476,484,485,486,487,488,509,523,524,525,530,531,532,533,534,535,536,537,538,539,540,541,542,543,544,545,546,547,548,612,613,614,615,
313;0;508;525;0;10,18,22,36,38,53,80,81,82,84,98,99,100,101,103,105,117,120,134,135,136,140,148,158,165,206,207,216,220,246,248,259,289,298,304,305,342,347,348,349,350,400,401,402,403,404,468,476,484,485,486,487,488,509,523,524,525,530,531,532,533,534,535,536,537,538,539,540,541,542,543,544,545,546,547,548,612,613,614,615,
313;1;525;648;0;10,18,22,36,38,53,80,81,82,84,98,99,100,101,103,105,117,120,134,135,136,140,148,158,165,206,207,216,220,246,248,259,289,298,304,305,342,347,348,349,350,400,401,402,403,404,468,476,484,485,486,487,488,509,523,524,525,530,531,532,533,534,535,536,537,538,539,540,541,542,543,544,545,546,547,548,612,613,614,615,
276;0;648;739;1;10,18,22,36,38,53,80,81,82,84,98,99,100,101,103,105,117,120,134,135,136,140,148,158,165,206,207,216,220,246,248,259,289,298,304,305,342,347,348,349,350,400,401,402,403,404,468,476,484,485,486,487,488,509,523,524,525,530,531,532,533,534,535,536,537,538,539,540,541,542,543,544,545,546,547,548,612,613,614,615,
276;1;739;801;1;10,18,22,36,38,53,80,81,82,84,98,99,100,101,103,105,117,120,134,135,136,140,148,158,165,206,207,216,220,246,248,259,289,298,304,305,342,347,348,349,350,400,401,402,403,404,468,476,484,485,486,487,488,509,523,524,525,530,531,532,533,534,535,536,537,538,539,540,541,542,543,544,545,546,547,548,612,613,614,615,
316;0;801;855;1;10,18,22,36,38,53,80,81,82,84,98,99,100,101,103,105,117,120,134,135,136,140,148,158,165,206,207,216,220,246,248,259,289,298,304,305,342,347,348,349,350,400,401,402,403,404,468,476,484,485,486,487,488,509,523,524,525,530,531,532,533,534,535,536,537,538,539,540,541,542,543,544,545,546,547,548,612,613,614,615,
316;1;855;976;1;10,18,22,36,38,53,80,81,82,84,98,99,100,101,103,105,117,120,134,135,136,140,148,158,165,206,207,216,220,246,248,259,289,298,304,305,342,347,348,349,350,400,401,402,403,404,468,476,484,485,486,487,488,509,523,524,525,530,531,532,533,534,535,536,537,538,539,540,541,542,543,544,545,546,547,548,612,613,614,615,
145;0;976;1150;0;10,18,22,36,38,53,80,81,82,84,98,99,100,101,103,105,117,120,134,135,136,140,148,158,165,206,207,216,220,246,248,259,289,298,304,305,342,347,348,349,350,400,401,402,403,404,468,476,484,485,486,487,488,509,523,524,525,530,531,532,533,534,535,536,537,538,539,540,541,542,543,544,545,546,547,548,612,613,614,615,
355;0;1150;1212;0;10,18,22,36,38,53,80,81,82,84,98,99,100,101,103,105,117,120,134,135,136,140,148,158,165,206,207,216,220,246,248,259,289,298,304,305,342,347,348,349,350,400,401,402,403,404,468,476,484,485,486,487,488,509,523,524,525,530,531,532,533,534,535,536,537,538,539,540,541,542,543,544,545,546,547,548,612,613,614,615,
61;0;1212;1263;1;10,18,22,36,38,53,80,81,82,84,98,99,100,101,103,105,117,120,134,135,136,140,148,158,165,206,207,216,220,246,248,259,289,298,304,305,342,347,348,349,350,400,401,402,403,404,468,476,484,485,486,487,488,509,523,524,525,530,531,532,533,534,535,536,537,538,539,540,541,542,543,544,545,546,547,548,612,613,614,615,
61;1;1263;1353;1;10,18,22,36,38,53,80,81,82,84,98,99,100,101,103,105,117,120,134,135,136,140,148,158,165,206,207,216,220,246,248,259,289,298,304,305,342,347,348,349,350,400,401,402,403,404,468,476,484,485,486,487,488,509,523,524,525,530,531,532,533,534,535,536,537,538,539,540,541,542,543,544,545,546,547,548,612,613,614,615,
359;0;1353;1508;1;10,18,22,36,38,53,80,81,82,84,98,99,100,101,103,105,117,120,134,135,136,140,148,158,165,206,207,216,220,246,248,259,289,298,304,305,342,347,348,349,350,400,401,402,403,404,468,476,484,485,486,487,488,509,523,524,525,530,531,532,533,534,535,536,537,538,539,540,541,542,543,544,545,546,547,548,612,613,614,615,
359;1;1508;1631;1;10,18,22,36,38,53,80,81,82,84,98,99,100,101,103,105,117,120,134,135,136,140,148,158,165,206,207,216,220,246,248,259,289,298,304,305,342,347,348,349,350,400,401,402,403,404,468,476,484,485,486,487,488,509,523,524,525,530,531,532,533,534,535,536,537,538,539,540,541,542,543,544,545,546,547,548,612,613,614,615,
217;0;1631;1781;0;10,18,22,36,38,53,80,81,82,84,98,99,100,101,103,105,117,120,134,135,136,140,148,158,165,206,207,216,220,246,248,259,289,298,304,305,342,347,348,349,350,400,401,402,403,404,468,476,484,485,486,487,488,509,523,524,525,530,531,532,533,534,535,536,537,538,539,540,541,542,543,544,545,546,547,548,612,613,614,615,
342;0;1781;1955;0;10,18,22,36,38,53,80,81,82,84,98,99,100,101,103,105,117,120,134,135,136,140,148,158,165,206,207,216,220,246,248,259,289,298,304,305,342,347,348,349,350,400,401,402,403,404,468,476,484,485,486,487,488,509,523,524,525,530,531,532,533,534,535,536,537,538,539,540,541,542,543,544,545,546,547,548,612,613,614,615,
103;0;1955;2008;0;10,18,22,36,38,53,80,81,82,84,98,99,100,101,103,105,117,120,134,135,136,140,148,158,165,206,207,216,220,246,248,259,289,298,304,305,342,347,348,349,350,400,401,402,403,404,468,476,484,485,486,487,488,509,523,524,525,530,531,532,533,534,535,536,537,538,539,540,541,542,543,544,545,546,547,548,612,613,614,615,
103;1;2008;2070;0;10,18,22,36,38,53,80,81,82,84,98,99,100,101,103,105,117,120,134,135,136,140,148,158,165,206,207,216,220,246,248,259,289,298,304,305,342,347,348,349,350,400,401,402,403,404,468,476,484,485,486,487,488,509,523,524,525,530,531,532,533,534,535,536,537,538,539,540,541,542,543,544,545,546,547,548,612,613,614,615,
161;0;2070;2125;1;10,18,22,29,36,38,53,80,81,82,84,85,98,99,100,101,102,103,105,112,117,120,135,140,206,207,216,218,219,220,246,248,259,267,289,298,304,305,344,347,348,349,350,373,374,375,376,377,378,379,380,381,382,400,401,402,403,404,468,469,470,471,472,473,474,475,476,485,509,510,511,512,513,523,524,525,612,613,614,615,
161;1;2125;2209;1;10,18,22,29,36,38,53,80,81,82,84,85,98,99,100,101,102,103,105,112,117,120,135,140,206,207,216,218,219,220,246,248,259,267,289,298,304,305,344,347,348,349,350,373,374,375,376,377,378,379,380,381,382,400,401,402,403,404,468,469,470,471,472,473,474,475,476,485,509,510,511,512,513,523,524,525,612,613,614,615,
287;0;2209;2287;0;10,18,22,29,36,38,53,80,81,82,84,85,98,99,100,101,102,103,105,112,117,120,135,140,206,207,216,218,219,220,246,248,259,267,289,298,304,305,344,347,348,349,350,373,374,375,376,377,378,379,380,381,382,400,401,402,403,404,468,469,470,471,472,473,474,475,476,485,509,510,511,512,513,523,524,525,612,613,614,615,
73;0;2287;2441;0;10,18,22,29,36,38,53,80,81,82,84,85,98,99,100,101,102,103,105,112,117,120,135,140,206,207,216,218,219,220,246,248,259,267,289,298,304,305,344,347,348,349,350,373,374,375,376,377,378,379,380,381,382,400,401,402,403,404,468,469,470,471,472,473,474,475,476,485,509,510,511,512,513,523,524,525,612,613,614,615,
73;1;2441;2525;0;10,18,22,29,36,38,53,80,81,82,84,85,98,99,100,101,102,103,105,112,117,120,135,140,206,207,216,218,219,220,246,248,259,267,289,298,304,305,344,347,348,349,350,373,374,375,376,377,378,379,380,381,382,400,401,402,403,404,468,469,470,471,472,473,474,475,476,485,509,510,511,512,513,523,524,525,612,613,614,615,
159;0;2525;2537;1;10,18,22,29,36,38,53,80,81,82,84,85,98,99,100,101,102,103,105,112,117,120,135,140,206,207,216,218,219,220,246,248,259,267,289,298,304,305,344,347,348,349,350,373,374,375,376,377,378,379,380,381,382,400,401,402,403,404,468,469,470,471,472,473,474,475,476,485,509,510,511,512,513,523,524,525,612,613,614,615,
159;1;2537;2636;1;10,18,22,29,36,38,53,80,81,82,84,85,98,99,100,101,102,103,105,112,117,120,135,140,206,207,216,218,219,220,246,248,259,267,289,298,304,305,344,347,348,349,350,373,374,375,376,377,378,379,380,381,382,400,401,402,403,404,468,469,470,471,472,473,474,475,476,485,509,510,511,512,513,523,524,525,612,613,614,615,
142;0;2636;2757;0;10,18,22,29,36,38,53,80,81,82,84,85,98,99,100,101,102,103,105,112,117,120,135,140,206,207,216,218,219,220,246,248,259,267,289,298,304,305,344,347,348,349,350,373,374,375,376,377,378,379,380,381,382,400,401,402,403,404,468,469,470,471,472,473,474,475,476,485,509,510,511,512,513,523,524,525,612,613,614,615,
80;0;2757;2834;0;10,18,22,29,36,38,53,80,81,82,84,85,98,99,100,101,102,103,105,112,117,120,135,140,206,207,216,218,219,220,246,248,259,267,289,298,304,305,344,347,348,349,350,373,374,375,376,377,378,379,380,381,382,400,401,402,403,404,468,469,470,471,472,473,474,475,476,485,509,510,511,512,513,523,524,525,612,613,614,615,
113;0;2834;2994;0;10,18,22,29,36,38,53,80,81,82,84,85,98,99,100,101,102,103,105,112,117,120,135,140,206,207,216,218,219,220,246,248,259,267,289,298,304,305,344,347,348,349,350,373,374,375,376,377,378,379,380,381,382,400,401,402,403,404,468,469,470,471,472,473,474,475,476,485,509,510,511,512,513,523,524,525,612,613,614,615,
113;1;2994;3083;0;10,18,22,29,36,38,53,80,81,82,84,85,98,99,100,101,102,103,105,112,117,120,135,140,206,207,216,218,219,220,246,248,259,267,289,298,304,305,344,347,348,349,350,373,374,375,376,377,378,379,380,381,382,400,401,402,403,404,468,469,470,471,472,473,474,475,476,485,509,510,511,512,513,523,524,525,612,613,614,615,
226;0;3083;3094;1;10,18,22,29,36,38,53,80,81,82,84,85,98,99,100,101,102,103,105,112,117,120,135,140,206,207,216,218,219,220,246,248,259,267,289,298,304,305,344,347,348,349,350,373,374,375,376,377,378,379,380,381,382,400,401,402,403,404,468,469,470,471,472,473,474,475,476,485,509,510,511,512,513,523,524,525,612,613,614,615,
226;1;3094;3184;1;10,18,22,29,36,38,53,80,81,82,84,85,98,99,100,101,102,103,105,112,117,120,135,140,206,207,216,218,219,220,246,248,259,267,289,298,304,305,344,347,348,349,350,373,374,375,376,377,378,379,380,381,382,400,401,402,403,404,468,469,470,471,472,473,474,475,476,485,509,510,511,512,513,523,524,525,612,613,614,615,
273;0;3184;3280;0;10,18,22,29,36,38,53,80,81,82,84,85,98,99,100,101,102,103,105,112,117,120,135,140,206,207,216,218,219,220,246,248,259,267,289,298,304,305,344,347,348,349,350,373,374,375,376,377,378,379,380,381,382,400,401,402,403,404,468,469,470,471,472,473,474,475,476,485,509,510,511,512,513,523,524,525,612,613,614,615,
273;1;3280;3430;0;10,18,22,29,36,38,53,80,81,82,84,85,98,99,100,101,102,103,105,112,117,120,135,140,206,207,216,218,219,220,246,248,259,267,289,298,304,305,344,347,348,349,350,373,374,375,376,377,378,379,380,381,382,400,401,402,403,404,468,469,470,471,472,473,474,475,476,485,509,510,511,512,513,523,524,525,612,613,614,615,
140;0;3430;3457;0;10,18,22,29,36,38,53,80,81,82,84,85,98,99,100,101,102,103,105,112,117,120,135,140,206,207,216,218,219,220,246,248,259,267,289,298,304,305,344,347,348,349,350,373,374,375,376,377,378,379,380,381,382,400,401,402,403,404,468,469,470,471,472,473,474,475,476,485,509,510,511,512,513,523,524,525,612,613,614,615,
306;0;3457;3491;1;10,20,21,22,24,29,36,38,80,81,82,83,84,85,86,87,88,98,99,100,101,102,103,104,105,106,107,112,113,117,120,127,135,169,170,171,172,183,186,188,190,191,200,201,202,203,204,205,218,219,245,246,247,259,267,383,384,385,418,485,505,506,510,511,512,513,523,524,525,562,563,564,565,566,567,568,569,646,647,648,
306;1;3491;3648;1;10,20,21,22,24,29,36,38,80,81,82,83,84,85,86,87,88,98,99,100,101,102,103,104,105,106,107,112,113,117,120,127,135,169,170,171,172,183,186,188,190,191,200,201,202,203,204,205,218,219,245,246,247,259,267,383,384,385,418,485,505,506,510,511,512,513,523,524,525,562,563,564,565,566,567,568,569,646,647,648,
155;0;3648;3779;0;10,20,21,22,24,29,36,38,80,81,82,83,84,85,86,87,88,98,99,100,101,102,103,104,105,106,107,112,113,117,120,127,135,169,170,171,172,183,186,188,190,191,200,201,202,203,204,205,218,219,245,246,247,259,267,383,384,385,418,485,505,506,510,511,512,513,523,524,525,562,563,564,565,566,567,568,569,646,647,648,
36;0;3779;3783;1;10,20,21,22,24,29,36,38,80,81,82,83,84,85,86,87,88,98,99,100,101,102,103,104,105,106,107,112,113,117,120,127,135,169,170,171,172,183,186,188,190,191,200,201,202,203,204,205,218,219,245,246,247,259,267,383,384,385,418,485,505,506,510,511,512,513,523,524,525,562,563,564,565,566,567,568,569,646,647,648,
36;1;3783;3882;1;10,20,21,22,24,29,36,38,80,81,82,83,84,85,86,87,88,98,99,100,101,102,103,104,105,106,107,112,113,117,120,127,135,169,170,171,172,183,186,188,190,191,200,201,202,203,204,205,218,219,245,246,247,259,267,383,384,385,418,485,505,506,510,511,512,513,523,524,525,562,563,564,565,566,567,568,569,646,647,648,
280;0;3882;3986;0;10,20,21,22,24,29,36,38,80,81,82,83,84,85,86,87,88,98,99,100,101,102,103,104,105,106,107,112,113,117,120,127,135,169,170,171,172,183,186,188,190,191,200,201,202,203,204,205,218,219,245,246,247,259,267,383,384,385,418,485,505,506,510,511,512,513,523,524,525,562,563,564,565,566,567,568,569,646,647,648,
265;0;3986;4107;0;10,20,21,22,24,29,36,38,80,81,82,83,84,85,86,87,88,98,99,100,101,102,103,104,105,106,107,112,113,117,120,127,135,169,170,171,172,183,186,188,190,191,200,201,202,203,204,205,218,219,245,246,247,259,267,383,384,385,418,485,505,506,510,511,512,513,523,524,525,562,563,564,565,566,567,568,569,646,647,648,
373;0;4107;4258;0;10,20,21,22,24,29,36,38,80,81,82,83,84,85,86,87,88,98,99,100,101,102,103,104,105,106,107,112,113,117,120,127,135,169,170,171,172,183,186,188,190,191,200,201,202,203,204,205,218,219,245,246,247,259,267,383,384,385,418,485,505,506,510,511,512,513,523,524,525,562,563,564,565,566,567,568,569,646,647,648,
373;1;4258;4409;0;10,20,21,22,24,29,36,38,80,81,82,83,84,85,86,87,88,98,99,100,101,102,103,104,105,106,107,112,113,117,120,127,135,169,170,171,172,183,186,188,190,191,200,201,202,203,204,205,218,219,245,246,247,259,267,383,384,385,418,485,505,506,510,511,512,513,523,524,525,562,563,564,565,566,567,568,569,646,647,648,
252;0;4409;4561;0;10,20,21,22,24,29,36,38,80,81,82,83,84,85,86,87,88,98,99,100,101,102,103,104,105,106,107,112,113,117,120,127,135,169,170,171,172,183,186,188,190,191,200,201,202,203,204,205,218,219,245,246,247,259,267,383,384,385,418,485,505,506,510,511,512,513,523,524,525,562,563,564,565,566,567,568,569,646,647,648,
121;0;4561;4605;1;10,20,21,22,24,29,36,38,80,81,82,83,84,85,86,87,88,98,99,100,101,102,103,104,105,106,107,112,113,117,120,127,135,169,170,171,172,183,186,188,190,191,200,201,202,203,204,205,218,219,245,246,247,259,267,383,384,385,418,485,505,506,510,511,512,513,523,524,525,562,563,564,565,566,567,568,569,646,647,648,
121;1;4605;4658;1;10,20,21,22,24,29,36,38,80,81,82,83,84,85,86,87,88,98,99,100,101,102,103,104,105,106,107,112,113,117,120,127,135,169,170,171,172,183,186,188,190,191,200,201,202,203,204,205,218,219,245,246,247,259,267,383,384,385,418,485,505,506,510,511,512,513,523,524,525,562,563,564,565,566,567,568,569,646,647,648,
119;0;4658;4767;1;10,20,21,22,24,29,36,38,80,81,82,83,84,85,86,87,88,98,99,100,101,102,103,104,105,106,107,112,113,117,120,127,135,169,170,171,172,183,186,188,190,191,200,201,202,203,204,205,218,219,245,246,247,259,267,383,384,385,418,485,505,506,510,511,512,513,523,524,525,562,563,564,565,566,567,568,569,646,647,648,
119;1;4767;4835;1;10,20,21,22,24,29,36,38,80,81,82,83,84,85,86,87,88,98,99,100,101,102,103,104,105,106,107,112,113,117,120,127,135,169,170,171,172,183,186,188,190,191,200,201,202,203,204,205,218,219,245,246,247,259,267,383,384,385,418,485,505,506,510,511,512,513,523,524,525,562,563,564,565,566,567,568,569,646,647,648,
170;0;4835;4913;0;10,20,21,22,24,29,36,38,80,81,82,83,84,85,86,87,88,98,99,100,101,102,103,104,105,106,107,112,113,117,120,127,135,169,170,171,172,183,186,188,190,191,200,201,202,203,204,205,218,219,245,246,247,259,267,383,384,385,418,485,505,506,510,511,512,513,523,524,525,562,563,564,565,566,567,568,569,646,647,648,
42;0;4913;4984;0;10,20,21,22,24,29,36,38,80,81,82,83,84,85,86,87,88,98,99,100,101,102,103,104,105,106,107,112,113,117,120,127,135,169,170,171,172,183,186,188,190,191,200,201,202,203,204,205,218,219,245,246,247,259,267,383,384,385,418,485,505,506,510,511,512,513,523,524,525,562,563,564,565,566,567,568,569,646,647,648,
266;0;4984;5061;1;10,20,21,22,24,29,36,38,80,81,82,83,84,85,86,87,88,98,99,100,101,102,103,104,105,106,107,112,113,117,120,127,135,169,170,171,172,183,186,188,190,191,200,201,202,203,204,205,218,219,245,246,247,259,267,383,384,385,418,485,505,506,510,511,512,513,523,524,525,562,563,564,565,566,567,568,569,646,647,648,
266;1;5061;5139;1;10,20,21,22,24,29,36,38,80,81,82,83,84,85,86,87,88,98,99,100,101,102,103,104,105,106,107,112,113,117,120,127,135,169,170,171,172,183,186,188,190,191,200,201,202,203,204,205,218,219,245,246,247,259,267,383,384,385,418,485,505,506,510,511,512,513,523,524,525,562,563,564,565,566,567,568,569,646,647,648,
385;0;5139;5207;0;10,20,21,22,24,29,36,38,80,81,82,83,84,85,86,87,88,98,99,100,101,102,103,104,105,106,107,112,113,117,120,127,135,169,170,171,172,183,186,188,190,191,200,201,202,203,204,205,218,219,245,246,247,259,267,383,384,385,418,485,505,506,510,511,512,513,523,524,525,562,563,564,565,566,567,568,569,646,647,648,
137;0;5207;5387;0;10,20,21,22,24,29,36,38,80,81,82,83,84,85,86,87,88,98,99,100,101,102,103,104,105,106,107,112,113,117,120,127,135,169,170,171,172,183,186,188,190,191,200,201,202,203,204,205,218,219,245,246,247,259,267,383,384,385,418,485,505,506,510,511,512,513,523,524,525,562,563,564,565,566,567,568,569,646,647,648,
371;0;5387;5391;1;10,20,21,22,24,29,36,38,80,81,82,83,84,85,86,87,88,98,99,100,101,102,103,104,105,106,107,112,113,117,120,127,135,169,170,171,172,183,186,188,190,191,200,201,202,203,204,205,218,219,245,246,247,259,267,383,384,385,418,485,505,506,510,511,512,513,523,524,525,562,563,564,565,566,567,568,569,646,647,648,
371;1;5391;5522;1;10,20,21,22,24,29,36,38,80,81,82,83,84,85,86,87,88,98,99,100,101,102,103,104,105,106,107,112,113,117,120,127,135,169,170,171,172,183,186,188,190,191,200,201,202,203,204,205,218,219,245,246,247,259,267,383,384,385,418,485,505,506,510,511,512,513,523,524,525,562,563,564,565,566,567,568,569,646,647,648,
120;0;5522;5673;0;10,20,21,22,24,29,36,38,80,81,82,83,84,85,86,87,88,98,99,100,101,102,103,104,105,106,107,112,113,117,120,127,135,169,170,171,172,183,186,188,190,191,200,201,202,203,204,205,218,219,245,246,247,259,267,383,384,385,418,485,505,506,510,511,512,513,523,524,525,562,563,564,565,566,567,568,569,646,647,648,
198;0;5673;5841;0;10,20,21,22,24,29,36,38,80,81,82,83,84,85,86,87,88,98,99,100,101,102,103,104,105,106,107,112,113,117,120,127,135,169,170,171,172,183,186,188,190,191,200,201,202,203,204,205,218,219,245,246,247,259,267,383,384,385,418,485,505,506,510,511,512,513,523,524,525,562,563,564,565,566,567,568,569,646,647,648,
198;1;5841;5972;0;10,20,21,22,24,29,36,38,80,81,82,83,84,85,86,87,88,98,99,100,101,102,103,104,105,106,107,112,113,117,120,127,135,169,170,171,172,183,186,188,190,191,200,201,202,203,204,205,218,219,245,246,247,259,267,383,384,385,418,485,505,506,510,511,512,513,523,524,525,562,563,564,565,566,567,568,569,646,647,648,
368;0;5972;6144;0;10,20,21,22,24,29,36,38,80,81,82,83,84,85,86,87,88,98,99,100,101,102,103,104,105,106,107,112,113,117,120,127,135,169,170,171,172,183,186,188,190,191,200,201,202,203,204,205,218,219,245,246,247,259,267,383,384,385,418,485,505,506,510,511,512,513,523,524,525,562,563,564,565,566,567,568,569,646,647,648,
368;1;6144;6158;0;10,20,21,22,24,29,36,38,80,81,82,83,84,85,86,87,88,98,99,100,101,102,103,104,105,106,107,112,113,117,120,127,135,169,170,171,172,183,186,188,190,191,200,201,202,203,204,205,218,219,245,246,247,259,267,383,384,385,418,485,505,506,510,511,512,513,523,524,525,562,563,564,565,566,567,568,569,646,647,648,
127;0;6158;6315;0;10,20,21,22,24,29,36,38,80,81,82,83,84,85,86,87,88,98,99,100,101,102,103,104,105,106,107,112,113,117,120,127,135,169,170,171,172,183,186,188,190,191,200,201,202,203,204,205,218,219,245,246,247,259,267,383,384,385,418,485,505,506,510,511,512,513,523,524,525,562,563,564,565,566,567,568,569,646,647,648,
319;0;6315;6356;1;10,20,21,22,24,29,36,38,80,81,82,83,84,85,86,87,88,98,99,100,101,102,103,104,105,106,107,112,113,117,120,127,135,169,170,171,172,183,186,188,190,191,200,201,202,203,204,205,218,219,245,246,247,259,267,383,384,385,418,485,505,506,510,511,512,513,523,524,525,562,563,564,565,566,567,568,569,646,647,648,
319;1;6356;6427;1;10,20,21,22,24,29,36,38,80,81,82,83,84,85,86,87,88,98,99,100,101,102,103,104,105,106,107,112,113,117,120,127,135,169,170,171,172,183,186,188,190,191,200,201,202,203,204,205,218,219,245,246,247,259,267,383,384,385,418,485,505,506,510,511,512,513,523,524,525,562,563,564,565,566,567,568,569,646,647,648,
32;0;6427;6531;0;10,20,21,22,36,38,72,80,81,82,84,85,98,99,100,101,102,115,116,117,118,119,120,121,122,123,124,127,183,191,200,201,202,203,204,205,218,219,221,253,254,255,256,257,258,259,260,261,299,331,332,333,334,335,336,365,366,367,368,369,370,371,372,383,384,385,419,420,421,422,423,523,524,525,556,557,558,559,560,561,
162;0;6531;6570;0;10,20,21,22,36,38,72,80,81,82,84,85,98,99,100,101,102,115,116,117,118,119,120,121,122,123,124,127,183,191,200,201,202,203,204,205,218,219,221,253,254,255,256,257,258,259,260,261,299,331,332,333,334,335,336,365,366,367,368,369,370,371,372,383,384,385,419,420,421,422,423,523,524,525,556,557,558,559,560,561,
16;0;6570;6665;1;10,20,21,22,36,38,72,80,81,82,84,85,98,99,100,101,102,115,116,117,118,119,120,121,122,123,124,127,183,191,200,201,202,203,204,205,218,219,221,253,254,255,256,257,258,259,260,261,299,331,332,333,334,335,336,365,366,367,368,369,370,371,372,383,384,385,419,420,421,422,423,523,524,525,556,557,558,559,560,561,
16;1;6665;6762;1;10,20,21,22,36,38,72,80,81,82,84,85,98,99,100,101,102,115,116,117,118,119,120,121,122,123,124,127,183,191,200,201,202,203,204,205,218,219,221,253,254,255,256,257,258,259,260,261,299,331,332,333,334,335,336,365,366,367,368,369,370,371,372,383,384,385,419,420,421,422,423,523,524,525,556,557,558,559,560,561,
357;0;6762;6861;0;10,20,21,22,36,38,72,80,81,82,84,85,98,99,100,101,102,115,116,117,118,119,120,121,122,123,124,127,183,191,200,201,202,203,204,205,218,219,221,253,254,255,256,257,258,259,260,261,299,331,332,333,334,335,336,365,366,367,368,369,370,371,372,383,384,385,419,420,421,422,423,523,524,525,556,557,558,559,560,561,
263;0;6861;6879;0;10,20,21,22,36,38,72,80,81,82,84,85,98,99,100,101,102,115,116,117,118,119,120,121,122,123,124,127,183,191,200,201,202,203,204,205,218,219,221,253,254,255,256,257,258,259,260,261,299,331,332,333,334,335,336,365,366,367,368,369,370,371,372,383,384,385,419,420,421,422,423,523,524,525,556,557,558,559,560,561,
263;1;6879;7000;0;10,20,21,22,36,38,72,80,81,82,84,85,98,99,100,101,102,115,116,117,118,119,120,121,122,123,124,127,183,191,200,201,202,203,204,205,218,219,221,253,254,255,256,257,258,259,260,261,299,331,332,333,334,335,336,365,366,367,368,369,370,371,372,383,384,385,419,420,421,422,423,523,524,525,556,557,558,559,560,561,
289;0;7000;7159;1;10,20,21,22,36,38,72,80,81,82,84,85,98,99,100,101,102,115,116,117,118,119,120,121,122,123,124,127,183,191,200,201,202,203,204,205,218,219,221,253,254,255,256,257,258,259,260,261,299,331,332,333,334,335,336,365,366,367,368,369,370,371,372,383,384,385,419,420,421,422,423,523,524,525,556,557,558,559,560,561,
289;1;7159;7290;1;10,20,21,22,36,38,72,80,81,82,84,85,98,99,100,101,102,115,116,117,118,119,120,121,122,123,124,127,183,191,200,201,202,203,204,205,218,219,221,253,254,255,256,257,258,259,260,261,299,331,332,333,334,335,336,365,366,367,368,369,370,371,372,383,384,385,419,420,421,422,423,523,524,525,556,557,558,559,560,561,
56;0;7290;7319;1;10,20,21,22,36,38,72,80,81,82,84,85,98,99,100,101,102,115,116,117,118,119,120,121,122,123,124,127,183,191,200,201,202,203,204,205,218,219,221,253,254,255,256,257,258,259,260,261,299,331,332,333,334,335,336,365,366,367,368,369,370,371,372,383,384,385,419,420,421,422,423,523,524,525,556,557,558,559,560,561,
56;1;7319;7423;1;10,20,21,22,36,38,72,80,81,82,84,85,98,99,100,101,102,115,116,117,118,119,120,121,122,123,124,127,183,191,200,201,202,203,204,205,218,219,221,253,254,255,256,257,258,259,260,261,299,331,332,333,334,335,336,365,366,367,368,369,370,371,372,383,384,385,419,420,421,422,423,523,524,525,556,557,558,559,560,561,
45;0;7423;7462;0;10,20,21,22,36,38,72,80,81,82,84,85,98,99,100,101,102,115,116,117,118,119,120,121,122,123,124,127,183,191,200,201,202,203,204,205,218,219,221,253,254,255,256,257,258,259,260,261,299,331,332,333,334,335,336,365,366,367,368,369,370,371,372,383,384,385,419,420,421,422,423,523,524,525,556,557,558,559,560,561,
130;0;7462;7593;0;10,20,21,22,36,38,72,80,81,82,84,85,98,99,100,101,102,115,116,117,118,119,120,121,122,123,124,127,183,191,200,201,202,203,204,205,218,219,221,253,254,255,256,257,258,259,260,261,299,331,332,333,334,335,336,365,366,367,368,369,370,371,372,383,384,385,419,420,421,422,423,523,524,525,556,557,558,559,560,561,
189;0;7593;7711;1;10,20,21,22,36,38,72,80,81,82,84,85,98,99,100,101,102,115,116,117,118,119,120,121,122,123,124,127,183,191,200,201,202,203,204,205,218,219,221,253,254,255,256,257,258,259,260,261,299,331,332,333,334,335,336,365,366,367,368,369,370,371,372,383,384,385,419,420,421,422,423,523,524,525,556,557,558,559,560,561,
189;1;7711;7732;1;10,20,21,22,36,38,72,80,81,82,84,85,98,99,100,101,102,115,116,117,118,119,120,121,122,123,124,127,183,191,200,201,202,203,204,205,218,219,221,253,254,255,256,257,258,259,260,261,299,331,332,333,334,335,336,365,366,367,368,369,370,371,372,383,384,385,419,420,421,422,423,523,524,525,556,557,558,559,560,561,
68;0;7732;7860;0;10,20,21,22,36,38,72,80,81,82,84,85,98,99,100,101,102,115,116,117,118,119,120,121,122,123,124,127,183,191,200,201,202,203,204,205,218,219,221,253,254,255,256,257,258,259,260,261,299,331,332,333,334,335,336,365,366,367,368,369,370,371,372,383,384,385,419,420,421,422,423,523,524,525,556,557,558,559,560,561,
68;1;7860;8022;0;10,20,21,22,36,38,72,80,81,82,84,85,98,99,100,101,102,115,116,117,118,119,120,121,122,123,124,127,183,191,200,201,202,203,204,205,218,219,221,253,254,255,256,257,258,259,260,261,299,331,332,333,334,335,336,365,366,367,368,369,370,371,372,383,384,385,419,420,421,422,423,523,524,525,556,557,558,559,560,561,
154;0;8022;8157;1;10,20,21,22,36,38,72,80,81,82,84,85,98,99,100,101,102,115,116,117,118,119,120,121,122,123,124,127,183,191,200,201,202,203,204,205,218,219,221,253,254,255,256,257,258,259,260,261,299,331,332,333,334,335,336,365,366,367,368,369,370,371,372,383,384,385,419,420,421,422,423,523,524,525,556,557,558,559,560,561,
154;1;8157;8271;1;10,20,21,22,36,38,72,80,81,82,84,85,98,99,100,101,102,115,116,117,118,119,120,121,122,123,124,127,183,191,200,201,202,203,204,205,218,219,221,253,254,255,256,257,258,259,260,261,299,331,332,333,334,335,336,365,366,367,368,369,370,371,372,383,384,385,419,420,421,422,423,523,524,525,556,557,558,559,560,561,
157;0;8271;8385;0;10,20,21,22,36,38,72,80,81,82,84,85,98,99,100,101,102,115,116,117,118,119,120,121,122,123,124,127,183,191,200,201,202,203,204,205,218,219,221,253,254,255,256,257,258,259,260,261,299,331,332,333,334,335,336,365,366,367,368,369,370,371,372,383,384,385,419,420,421,422,423,523,524,525,556,557,558,559,560,561,
82;0;8385;8506;0;10,20,21,22,36,38,72,80,81,82,84,85,98,99,100,101,102,115,116,117,118,119,120,121,122,123,124,127,183,191,200,201,202,203,204,205,218,219,221,253,254,255,256,257,258,259,260,261,299,331,332,333,334,335,336,365,366,367,368,369,370,371,372,383,384,385,419,420,421,422,423,523,524,525,556,557,558,559,560,561,
92;0;8506;8637;0;10,20,21,22,36,38,72,80,81,82,84,85,98,99,100,101,102,115,116,117,118,119,120,121,122,123,124,127,183,191,200,201,202,203,204,205,218,219,221,253,254,255,256,257,258,259,260,261,299,331,332,333,334,335,336,365,366,367,368,369,370,371,372,383,384,385,419,420,421,422,423,523,524,525,556,557,558,559,560,561,
308;0;8637;8703;0;10,20,21,22,36,38,72,80,81,82,84,85,98,99,100,101,102,115,116,117,118,119,120,121,122,123,124,127,183,191,200,201,202,203,204,205,218,219,221,253,254,255,256,257,258,259,260,261,299,331,332,333,334,335,336,365,366,367,368,369,370,371,372,383,384,385,419,420,421,422,423,523,524,525,556,557,558,559,560,561,
308;1;8703;8742;0;10,20,21,22,36,38,72,80,81,82,84,85,98,99,100,101,102,115,116,117,118,119,120,121,122,123,124,127,183,191,200,201,202,203,204,205,218,219,221,253,254,255,256,257,258,259,260,261,299,331,332,333,334,335,336,365,366,367,368,369,370,371,372,383,384,385,419,420,421,422,423,523,524,525,556,557,558,559,560,561,
199;0;8742;8842;1;10,20,21,22,36,38,72,80,81,82,84,85,98,99,100,101,102,115,116,117,118,119,120,121,122,123,124,127,183,191,200,201,202,203,204,205,218,219,221,253,254,255,256,257,258,259,260,261,299,331,332,333,334,335,336,365,366,367,368,369,370,371,372,383,384,385,419,420,421,422,423,523,524,525,556,557,558,559,560,561,
199;1;8842;8881;1;10,20,21,22,36,38,72,80,81,82,84,85,98,99,100,101,102,115,116,117,118,119,120,121,122,123,124,127,183,191,200,201,202,203,204,205,218,219,221,253,254,255,256,257,258,259,260,261,299,331,332,333,334,335,336,365,366,367,368,369,370,371,372,383,384,385,419,420,421,422,423,523,524,525,556,557,558,559,560,561,
299;0;8881;8941;1;10,20,21,22,36,38,72,80,81,82,84,85,98,99,100,101,102,115,116,117,118,119,120,121,122,123,124,127,183,191,200,201,202,203,204,205,218,219,221,253,254,255,256,257,258,259,260,261,299,331,332,333,334,335,336,365,366,367,368,369,370,371,372,383,384,385,419,420,421,422,423,523,524,525,556,557,558,559,560,561,
299;1;8941;9038;1;10,20,21,22,36,38,72,80,81,82,84,85,98,99,100,101,102,115,116,117,118,119,120,121,122,123,124,127,183,191,200,201,202,203,204,205,218,219,221,253,254,255,256,257,258,259,260,261,299,331,332,333,334,335,336,365,366,367,368,369,370,371,372,383,384,385,419,420,421,422,423,523,524,525,556,557,558,559,560,561,
139;0;9038;9139;1;10,20,21,22,36,38,72,80,81,82,84,85,98,99,100,101,102,115,116,117,118,119,120,121,122,123,124,127,183,191,200,201,202,203,204,205,218,219,221,253,254,255,256,257,258,259,260,261,299,331,332,333,334,335,336,365,366,367,368,369,370,371,372,383,384,385,419,420,421,422,423,523,524,525,556,557,558,559,560,561,
139;1;9139;9319;1;10,20,21,22,36,38,72,80,81,82,84,85,98,99,100,101,102,115,116,117,118,119,120,121,122,123,124,127,183,191,200,201,202,203,204,205,218,219,221,253,254,255,256,257,258,259,260,261,299,331,332,333,334,335,336,365,366,367,368,369,370,371,372,383,384,385,419,420,421,422,423,523,524,525,556,557,558,559,560,561,
219;0;9319;9388;1;10,20,21,22,36,38,72,80,81,82,84,85,98,99,100,101,102,115,116,117,118,119,120,121,122,123,124,127,183,191,200,201,202,203,204,205,218,219,221,253,254,255,256,257,258,259,260,261,299,331,332,333,334,335,336,365,366,367,368,369,370,371,372,383,384,385,419,420,421,422,423,523,524,525,556,557,558,559,560,561,
219;1;9388;9519;1;10,20,21,22,36,38,72,80,81,82,84,85,98,99,100,101,102,115,116,117,118,119,120,121,122,123,124,127,183,191,200,201,202,203,204,205,218,219,221,253,254,255,256,257,258,259,260,261,299,331,332,333,334,335,336,365,366,367,368,369,370,371,372,383,384,385,419,420,421,422,423,523,524,525,556,557,558,559,560,561,
274;0;9519;9592;1;10,20,21,22,36,38,72,80,81,82,84,85,98,99,100,101,102,115,116,117,118,119,120,121,122,123,124,127,183,191,200,201,202,203,204,205,218,219,221,253,254,255,256,257,258,259,260,261,299,331,332,333,334,335,336,365,366,367,368,369,370,371,372,383,384,385,419,420,421,422,423,523,524,525,556,557,558,559,560,561,
274;1;9592;9691;1;10,20,21,22,36,38,72,80,81,82,84,85,98,99,100,101,102,115,116,117,118,119,120,121,122,123,124,127,183,191,200,201,202,203,204,205,218,219,221,253,254,255,256,257,258,259,260,261,299,331,332,333,334,335,336,365,366,367,368,369,370,371,372,383,384,385,419,420,421,422,423,523,524,525,556,557,558,559,560,561,
79;0;9691;9771;1;10,20,21,22,36,38,72,80,81,82,84,85,98,99,100,101,102,115,116,117,118,119,120,121,122,123,124,127,183,191,200,201,202,203,204,205,218,219,221,253,254,255,256,257,258,259,260,261,299,331,332,333,334,335,336,365,366,367,368,369,370,371,372,383,384,385,419,420,421,422,423,523,524,525,556,557,558,559,560,561,
79;1;9771;9792;1;10,20,21,22,36,38,72,80,81,82,84,85,98,99,100,101,102,115,116,117,118,119,120,121,122,123,124,127,183,191,200,201,202,203,204,205,218,219,221,253,254,255,256,257,258,259,260,261,299,331,332,333,334,335,336,365,366,367,368,369,370,371,372,383,384,385,419,420,421,422,423,523,524,525,556,557,558,559,560,561,
END
fineshedJobsCount: 629
switchs: 706
switchsInstances: 19
unfineshedPriorityCount: 0
totalUnfineshed: 0
criticalMachineSwitchs: 153
criticalMachineTime: 10053
Final Solution: 17974
Time: 1004002
PTL: 495
MCMC: 425
Best Initial: 12463
Mean Initial: 12140
