./input/BaseInstances/6M1_n=340,r=0.6,t=431,v0.txt;./input/Processed/ToolSetInt.csv
7;720;1440
Machine: 0
30;0;0;131;0;0,1,2,3,4,5,30,31,32,33,34,35,36,38,44,54,55,56,57,58,59,60,61,62,66,81,85,88,101,103,105,108,109,110,111,112,113,114,125,126,127,128,129,130,131,135,142,143,144,145,146,147,148,149,150,167,168,169,170,171,172,201,211,212,213,245,246,247,277,352,353,354,355,356,357,358,359,360,361,362,
200;0;131;286;0;0,1,2,3,4,5,30,31,32,33,34,35,36,38,44,54,55,56,57,58,59,60,61,62,66,81,85,88,101,103,105,108,109,110,111,112,113,114,125,126,127,128,129,130,131,135,142,143,144,145,146,147,148,149,150,167,168,169,170,171,172,201,211,212,213,245,246,247,277,352,353,354,355,356,357,358,359,360,361,362,
127;0;286;443;0;0,1,2,3,4,5,30,31,32,33,34,35,36,38,44,54,55,56,57,58,59,60,61,62,66,81,85,88,101,103,105,108,109,110,111,112,113,114,125,126,127,128,129,130,131,135,142,143,144,145,146,147,148,149,150,167,168,169,170,171,172,201,211,212,213,245,246,247,277,352,353,354,355,356,357,358,359,360,361,362,
28;0;443;602;0;0,1,2,3,4,5,30,31,32,33,34,35,36,38,44,54,55,56,57,58,59,60,61,62,66,81,85,88,101,103,105,108,109,110,111,112,113,114,125,126,127,128,129,130,131,135,142,143,144,145,146,147,148,149,150,167,168,169,170,171,172,201,211,212,213,245,246,247,277,352,353,354,355,356,357,358,359,360,361,362,
28;1;602;746;0;0,1,2,3,4,5,30,31,32,33,34,35,36,38,44,54,55,56,57,58,59,60,61,62,66,81,85,88,101,103,105,108,109,110,111,112,113,114,125,126,127,128,129,130,131,135,142,143,144,145,146,147,148,149,150,167,168,169,170,171,172,201,211,212,213,245,246,247,277,352,353,354,355,356,357,358,359,360,361,362,
110;0;746;844;0;0,1,2,3,4,5,30,31,32,33,34,35,36,38,44,54,55,56,57,58,59,60,61,62,66,81,85,88,101,103,105,108,109,110,111,112,113,114,125,126,127,128,129,130,131,135,142,143,144,145,146,147,148,149,150,167,168,169,170,171,172,201,211,212,213,245,246,247,277,352,353,354,355,356,357,358,359,360,361,362,
3;0;844;1001;0;0,1,2,3,4,5,30,31,32,33,34,35,36,38,44,54,55,56,57,58,59,60,61,62,66,81,85,88,101,103,105,108,109,110,111,112,113,114,125,126,127,128,129,130,131,135,142,143,144,145,146,147,148,149,150,167,168,169,170,171,172,201,211,212,213,245,246,247,277,352,353,354,355,356,357,358,359,360,361,362,
3;1;1001;1043;0;0,1,2,3,4,5,30,31,32,33,34,35,36,38,44,54,55,56,57,58,59,60,61,62,66,81,85,88,101,103,105,108,109,110,111,112,113,114,125,126,127,128,129,130,131,135,142,143,144,145,146,147,148,149,150,167,168,169,170,171,172,201,211,212,213,245,246,247,277,352,353,354,355,356,357,358,359,360,361,362,
74;0;1043;1166;1;0,1,2,3,4,5,30,31,32,33,34,35,36,38,44,54,55,56,57,58,59,60,61,62,66,81,85,88,101,103,105,108,109,110,111,112,113,114,125,126,127,128,129,130,131,135,142,143,144,145,146,147,148,149,150,167,168,169,170,171,172,201,211,212,213,245,246,247,277,352,353,354,355,356,357,358,359,360,361,362,
74;1;1166;1208;1;0,1,2,3,4,5,30,31,32,33,34,35,36,38,44,54,55,56,57,58,59,60,61,62,66,81,85,88,101,103,105,108,109,110,111,112,113,114,125,126,127,128,129,130,131,135,142,143,144,145,146,147,148,149,150,167,168,169,170,171,172,201,211,212,213,245,246,247,277,352,353,354,355,356,357,358,359,360,361,362,
42;0;1208;1279;0;0,1,2,3,4,5,30,31,32,33,34,35,36,38,44,54,55,56,57,58,59,60,61,62,66,81,85,88,101,103,105,108,109,110,111,112,113,114,125,126,127,128,129,130,131,135,142,143,144,145,146,147,148,149,150,167,168,169,170,171,172,201,211,212,213,245,246,247,277,352,353,354,355,356,357,358,359,360,361,362,
34;0;1279;1452;1;0,1,2,3,4,5,30,31,32,33,34,35,36,38,44,54,55,56,57,58,59,60,61,62,66,81,85,88,101,103,105,108,109,110,111,112,113,114,125,126,127,128,129,130,131,135,142,143,144,145,146,147,148,149,150,167,168,169,170,171,172,201,211,212,213,245,246,247,277,352,353,354,355,356,357,358,359,360,361,362,
34;1;1452;1501;1;0,1,2,3,4,5,30,31,32,33,34,35,36,38,44,54,55,56,57,58,59,60,61,62,66,81,85,88,101,103,105,108,109,110,111,112,113,114,125,126,127,128,129,130,131,135,142,143,144,145,146,147,148,149,150,167,168,169,170,171,172,201,211,212,213,245,246,247,277,352,353,354,355,356,357,358,359,360,361,362,
203;0;1501;1665;0;0,1,2,3,4,5,30,31,32,33,34,35,36,38,44,54,55,56,57,58,59,60,61,62,66,81,85,88,101,103,105,108,109,110,111,112,113,114,125,126,127,128,129,130,131,135,142,143,144,145,146,147,148,149,150,167,168,169,170,171,172,201,211,212,213,245,246,247,277,352,353,354,355,356,357,358,359,360,361,362,
203;1;1665;1796;0;0,1,2,3,4,5,30,31,32,33,34,35,36,38,44,54,55,56,57,58,59,60,61,62,66,81,85,88,101,103,105,108,109,110,111,112,113,114,125,126,127,128,129,130,131,135,142,143,144,145,146,147,148,149,150,167,168,169,170,171,172,201,211,212,213,245,246,247,277,352,353,354,355,356,357,358,359,360,361,362,
17;0;1796;1879;0;0,1,2,3,4,5,30,31,32,33,34,35,36,38,44,54,55,56,57,58,59,60,61,62,66,81,85,88,101,103,105,108,109,110,111,112,113,114,125,126,127,128,129,130,131,135,142,143,144,145,146,147,148,149,150,167,168,169,170,171,172,201,211,212,213,245,246,247,277,352,353,354,355,356,357,358,359,360,361,362,
97;0;1879;1886;0;0,1,2,3,4,5,30,31,32,33,34,35,36,38,44,54,55,56,57,58,59,60,61,62,66,81,85,88,101,103,105,108,109,110,111,112,113,114,125,126,127,128,129,130,131,135,142,143,144,145,146,147,148,149,150,167,168,169,170,171,172,201,211,212,213,245,246,247,277,352,353,354,355,356,357,358,359,360,361,362,
186;0;1886;1989;1;0,1,2,3,4,5,30,31,32,33,34,35,36,38,44,54,55,56,57,58,59,60,61,62,66,81,85,88,101,103,105,108,109,110,111,112,113,114,125,126,127,128,129,130,131,135,142,143,144,145,146,147,148,149,150,167,168,169,170,171,172,201,211,212,213,245,246,247,277,352,353,354,355,356,357,358,359,360,361,362,
186;1;1989;2133;1;0,1,2,3,4,5,30,31,32,33,34,35,36,38,44,54,55,56,57,58,59,60,61,62,66,81,85,88,101,103,105,108,109,110,111,112,113,114,125,126,127,128,129,130,131,135,142,143,144,145,146,147,148,149,150,167,168,169,170,171,172,201,211,212,213,245,246,247,277,352,353,354,355,356,357,358,359,360,361,362,
65;0;2133;2297;0;0,1,2,3,4,5,30,31,32,33,34,35,36,38,44,54,55,56,57,58,59,60,61,62,66,81,85,88,101,103,105,108,109,110,111,112,113,114,125,126,127,128,129,130,131,135,142,143,144,145,146,147,148,149,150,167,168,169,170,171,172,201,211,212,213,245,246,247,277,352,353,354,355,356,357,358,359,360,361,362,
189;0;2297;2414;1;0,1,2,3,4,5,30,31,32,33,34,35,36,38,44,54,55,56,57,58,59,60,61,62,66,81,85,88,101,103,105,108,109,110,111,112,113,114,125,126,127,128,129,130,131,135,142,143,144,145,146,147,148,149,150,167,168,169,170,171,172,201,211,212,213,245,246,247,277,352,353,354,355,356,357,358,359,360,361,362,
189;1;2414;2435;1;0,1,2,3,4,5,30,31,32,33,34,35,36,38,44,54,55,56,57,58,59,60,61,62,66,81,85,88,101,103,105,108,109,110,111,112,113,114,125,126,127,128,129,130,131,135,142,143,144,145,146,147,148,149,150,167,168,169,170,171,172,201,211,212,213,245,246,247,277,352,353,354,355,356,357,358,359,360,361,362,
79;0;2435;2532;1;0,1,2,3,4,5,30,31,32,33,34,35,36,38,44,54,55,56,57,58,59,60,61,62,66,81,85,88,101,103,105,108,109,110,111,112,113,114,125,126,127,128,129,130,131,135,142,143,144,145,146,147,148,149,150,167,168,169,170,171,172,201,211,212,213,245,246,247,277,352,353,354,355,356,357,358,359,360,361,362,
79;1;2532;2553;1;0,1,2,3,4,5,30,31,32,33,34,35,36,38,44,54,55,56,57,58,59,60,61,62,66,81,85,88,101,103,105,108,109,110,111,112,113,114,125,126,127,128,129,130,131,135,142,143,144,145,146,147,148,149,150,167,168,169,170,171,172,201,211,212,213,245,246,247,277,352,353,354,355,356,357,358,359,360,361,362,
72;0;2553;2697;0;0,1,2,3,4,5,30,31,32,33,34,35,36,38,44,54,55,56,57,58,59,60,61,62,66,81,85,88,101,103,105,108,109,110,111,112,113,114,125,126,127,128,129,130,131,135,142,143,144,145,146,147,148,149,150,167,168,169,170,171,172,201,211,212,213,245,246,247,277,352,353,354,355,356,357,358,359,360,361,362,
141;0;2697;2733;1;0,1,2,3,4,5,30,31,32,33,34,35,36,38,44,54,55,56,57,58,59,60,61,62,66,81,85,88,101,103,105,108,109,110,111,112,113,114,125,126,127,128,129,130,131,135,142,143,144,145,146,147,148,149,150,167,168,169,170,171,172,201,211,212,213,245,246,247,277,352,353,354,355,356,357,358,359,360,361,362,
141;1;2733;2816;1;0,1,2,3,4,5,30,31,32,33,34,35,36,38,44,54,55,56,57,58,59,60,61,62,66,81,85,88,101,103,105,108,109,110,111,112,113,114,125,126,127,128,129,130,131,135,142,143,144,145,146,147,148,149,150,167,168,169,170,171,172,201,211,212,213,245,246,247,277,352,353,354,355,356,357,358,359,360,361,362,
116;0;2816;2905;1;0,1,2,3,4,5,30,31,32,33,34,35,36,38,44,54,55,56,57,58,59,60,61,62,66,81,85,88,101,103,105,108,109,110,111,112,113,114,125,126,127,128,129,130,131,135,142,143,144,145,146,147,148,149,150,167,168,169,170,171,172,201,211,212,213,245,246,247,277,352,353,354,355,356,357,358,359,360,361,362,
116;1;2905;3057;1;0,1,2,3,4,5,30,31,32,33,34,35,36,38,44,54,55,56,57,58,59,60,61,62,66,81,85,88,101,103,105,108,109,110,111,112,113,114,125,126,127,128,129,130,131,135,142,143,144,145,146,147,148,149,150,167,168,169,170,171,172,201,211,212,213,245,246,247,277,352,353,354,355,356,357,358,359,360,361,362,
98;0;3057;3109;0;0,1,2,3,4,5,30,31,32,33,34,35,36,38,44,54,55,56,57,58,59,60,61,62,66,81,85,88,101,103,105,108,109,110,111,112,113,114,125,126,127,128,129,130,131,135,142,143,144,145,146,147,148,149,150,167,168,169,170,171,172,201,211,212,213,245,246,247,277,352,353,354,355,356,357,358,359,360,361,362,
98;1;3109;3266;0;0,1,2,3,4,5,30,31,32,33,34,35,36,38,44,54,55,56,57,58,59,60,61,62,66,81,85,88,101,103,105,108,109,110,111,112,113,114,125,126,127,128,129,130,131,135,142,143,144,145,146,147,148,149,150,167,168,169,170,171,172,201,211,212,213,245,246,247,277,352,353,354,355,356,357,358,359,360,361,362,
204;0;3266;3425;1;0,1,2,3,4,5,30,31,32,33,34,35,36,38,44,54,55,56,57,58,59,60,61,62,66,81,85,88,101,103,105,108,109,110,111,112,113,114,125,126,127,128,129,130,131,135,142,143,144,145,146,147,148,149,150,167,168,169,170,171,172,201,211,212,213,245,246,247,277,352,353,354,355,356,357,358,359,360,361,362,
204;1;3425;3534;1;0,1,2,3,4,5,30,31,32,33,34,35,36,38,44,54,55,56,57,58,59,60,61,62,66,81,85,88,101,103,105,108,109,110,111,112,113,114,125,126,127,128,129,130,131,135,142,143,144,145,146,147,148,149,150,167,168,169,170,171,172,201,211,212,213,245,246,247,277,352,353,354,355,356,357,358,359,360,361,362,
80;0;3534;3611;0;0,1,2,3,4,5,30,31,32,33,34,35,36,37,38,39,40,41,42,43,44,45,54,55,56,57,58,59,60,61,62,66,81,85,88,101,103,105,108,109,110,111,112,113,114,125,126,127,135,142,143,144,145,146,147,148,149,150,167,168,169,170,171,172,317,318,319,320,321,322,360,361,362,363,364,365,366,367,368,369,
172;0;3611;3688;0;0,1,2,3,4,5,30,31,32,33,34,35,36,37,38,39,40,41,42,43,44,45,54,55,56,57,58,59,60,61,62,66,81,85,88,101,103,105,108,109,110,111,112,113,114,125,126,127,135,142,143,144,145,146,147,148,149,150,167,168,169,170,171,172,317,318,319,320,321,322,360,361,362,363,364,365,366,367,368,369,
47;0;3688;3832;0;0,1,2,3,4,5,30,31,32,33,34,35,36,37,38,39,40,41,42,43,44,45,54,55,56,57,58,59,60,61,62,66,81,85,88,101,103,105,108,109,110,111,112,113,114,125,126,127,135,142,143,144,145,146,147,148,149,150,167,168,169,170,171,172,317,318,319,320,321,322,360,361,362,363,364,365,366,367,368,369,
4;0;3832;3961;1;0,1,2,3,4,5,30,31,32,33,34,35,36,37,38,39,40,41,42,43,44,45,54,55,56,57,58,59,60,61,62,66,81,85,88,101,103,105,108,109,110,111,112,113,114,125,126,127,135,142,143,144,145,146,147,148,149,150,167,168,169,170,171,172,317,318,319,320,321,322,360,361,362,363,364,365,366,367,368,369,
4;1;3961;4005;1;0,1,2,3,4,5,30,31,32,33,34,35,36,37,38,39,40,41,42,43,44,45,54,55,56,57,58,59,60,61,62,66,81,85,88,101,103,105,108,109,110,111,112,113,114,125,126,127,135,142,143,144,145,146,147,148,149,150,167,168,169,170,171,172,317,318,319,320,321,322,360,361,362,363,364,365,366,367,368,369,
211;0;4005;4074;1;0,1,2,3,4,5,30,31,32,33,34,35,36,37,38,39,40,41,42,43,44,45,54,55,56,57,58,59,60,61,62,66,81,85,88,101,103,105,108,109,110,111,112,113,114,125,126,127,135,142,143,144,145,146,147,148,149,150,167,168,169,170,171,172,317,318,319,320,321,322,360,361,362,363,364,365,366,367,368,369,
211;1;4074;4151;1;0,1,2,3,4,5,30,31,32,33,34,35,36,37,38,39,40,41,42,43,44,45,54,55,56,57,58,59,60,61,62,66,81,85,88,101,103,105,108,109,110,111,112,113,114,125,126,127,135,142,143,144,145,146,147,148,149,150,167,168,169,170,171,172,317,318,319,320,321,322,360,361,362,363,364,365,366,367,368,369,
132;0;4151;4228;0;0,1,2,3,4,5,30,31,32,33,34,35,36,37,38,39,40,41,42,43,44,45,54,55,56,57,58,59,60,61,62,66,81,85,88,101,103,105,108,109,110,111,112,113,114,125,126,127,135,142,143,144,145,146,147,148,149,150,167,168,169,170,171,172,317,318,319,320,321,322,360,361,362,363,364,365,366,367,368,369,
68;0;4228;4407;0;0,1,2,3,4,5,30,31,32,33,34,35,36,37,38,39,40,41,42,43,44,45,54,55,56,57,58,59,60,61,62,66,81,85,88,101,103,105,108,109,110,111,112,113,114,125,126,127,135,142,143,144,145,146,147,148,149,150,167,168,169,170,171,172,317,318,319,320,321,322,360,361,362,363,364,365,366,367,368,369,
68;1;4407;4569;0;0,1,2,3,4,5,30,31,32,33,34,35,36,37,38,39,40,41,42,43,44,45,54,55,56,57,58,59,60,61,62,66,81,85,88,101,103,105,108,109,110,111,112,113,114,125,126,127,135,142,143,144,145,146,147,148,149,150,167,168,169,170,171,172,317,318,319,320,321,322,360,361,362,363,364,365,366,367,368,369,
19;0;4569;4694;1;0,1,2,3,4,5,30,31,32,33,34,35,36,37,38,39,40,41,42,43,44,45,54,55,56,57,58,59,60,61,62,66,81,85,88,101,103,105,108,109,110,111,112,113,114,125,126,127,135,142,143,144,145,146,147,148,149,150,167,168,169,170,171,172,317,318,319,320,321,322,360,361,362,363,364,365,366,367,368,369,
19;1;4694;4858;1;0,1,2,3,4,5,30,31,32,33,34,35,36,37,38,39,40,41,42,43,44,45,54,55,56,57,58,59,60,61,62,66,81,85,88,101,103,105,108,109,110,111,112,113,114,125,126,127,135,142,143,144,145,146,147,148,149,150,167,168,169,170,171,172,317,318,319,320,321,322,360,361,362,363,364,365,366,367,368,369,
23;0;4858;4992;0;0,1,2,3,4,5,30,31,32,33,34,35,36,37,38,39,40,41,42,43,44,45,54,55,56,57,58,59,60,61,62,66,81,85,88,101,103,105,108,109,110,111,112,113,114,125,126,127,135,142,143,144,145,146,147,148,149,150,167,168,169,170,171,172,317,318,319,320,321,322,360,361,362,363,364,365,366,367,368,369,
23;1;4992;5149;0;0,1,2,3,4,5,30,31,32,33,34,35,36,37,38,39,40,41,42,43,44,45,54,55,56,57,58,59,60,61,62,66,81,85,88,101,103,105,108,109,110,111,112,113,114,125,126,127,135,142,143,144,145,146,147,148,149,150,167,168,169,170,171,172,317,318,319,320,321,322,360,361,362,363,364,365,366,367,368,369,
201;0;5149;5264;1;0,1,2,3,4,5,30,31,32,33,34,35,36,37,38,39,40,41,42,43,44,45,54,55,56,57,58,59,60,61,62,66,81,85,88,101,103,105,108,109,110,111,112,113,114,125,126,127,135,142,143,144,145,146,147,148,149,150,167,168,169,170,171,172,317,318,319,320,321,322,360,361,362,363,364,365,366,367,368,369,
201;1;5264;5428;1;0,1,2,3,4,5,30,31,32,33,34,35,36,37,38,39,40,41,42,43,44,45,54,55,56,57,58,59,60,61,62,66,81,85,88,101,103,105,108,109,110,111,112,113,114,125,126,127,135,142,143,144,145,146,147,148,149,150,167,168,169,170,171,172,317,318,319,320,321,322,360,361,362,363,364,365,366,367,368,369,
81;0;5428;5484;1;0,1,2,3,4,5,30,31,32,33,34,35,36,37,38,39,40,41,42,43,44,45,54,55,56,57,58,59,60,61,62,66,81,85,88,101,103,105,108,109,110,111,112,113,114,125,126,127,135,142,143,144,145,146,147,148,149,150,167,168,169,170,171,172,317,318,319,320,321,322,360,361,362,363,364,365,366,367,368,369,
81;1;5484;5593;1;0,1,2,3,4,5,30,31,32,33,34,35,36,37,38,39,40,41,42,43,44,45,54,55,56,57,58,59,60,61,62,66,81,85,88,101,103,105,108,109,110,111,112,113,114,125,126,127,135,142,143,144,145,146,147,148,149,150,167,168,169,170,171,172,317,318,319,320,321,322,360,361,362,363,364,365,366,367,368,369,
15;0;5593;5724;0;0,1,2,3,4,5,30,31,32,33,34,35,36,37,38,39,40,41,42,43,44,45,54,55,56,57,58,59,60,61,62,66,81,85,88,101,103,105,108,109,110,111,112,113,114,125,126,127,135,142,143,144,145,146,147,148,149,150,167,168,169,170,171,172,317,318,319,320,321,322,360,361,362,363,364,365,366,367,368,369,
106;0;5724;5875;1;0,1,2,3,4,5,30,31,32,33,34,35,36,37,38,39,40,41,42,43,44,45,54,55,56,57,58,59,60,61,62,66,81,85,88,101,103,105,108,109,110,111,112,113,114,125,126,127,135,142,143,144,145,146,147,148,149,150,167,168,169,170,171,172,317,318,319,320,321,322,360,361,362,363,364,365,366,367,368,369,
106;1;5875;6037;1;0,1,2,3,4,5,30,31,32,33,34,35,36,37,38,39,40,41,42,43,44,45,54,55,56,57,58,59,60,61,62,66,81,85,88,101,103,105,108,109,110,111,112,113,114,125,126,127,135,142,143,144,145,146,147,148,149,150,167,168,169,170,171,172,317,318,319,320,321,322,360,361,362,363,364,365,366,367,368,369,
109;0;6037;6087;1;0,1,2,3,4,5,30,31,32,33,34,35,36,37,38,39,40,41,42,43,44,45,54,55,56,57,58,59,60,61,62,66,81,85,88,101,103,105,108,109,110,111,112,113,114,125,126,127,135,142,143,144,145,146,147,148,149,150,167,168,169,170,171,172,317,318,319,320,321,322,360,361,362,363,364,365,366,367,368,369,
109;1;6087;6196;1;0,1,2,3,4,5,30,31,32,33,34,35,36,37,38,39,40,41,42,43,44,45,54,55,56,57,58,59,60,61,62,66,81,85,88,101,103,105,108,109,110,111,112,113,114,125,126,127,135,142,143,144,145,146,147,148,149,150,167,168,169,170,171,172,317,318,319,320,321,322,360,361,362,363,364,365,366,367,368,369,
22;0;6196;6305;0;0,1,2,3,4,5,30,31,32,33,34,35,36,37,38,39,40,41,42,43,44,45,54,55,56,57,58,59,60,61,62,66,81,85,88,101,103,105,108,109,110,111,112,113,114,125,126,127,135,142,143,144,145,146,147,148,149,150,167,168,169,170,171,172,317,318,319,320,321,322,360,361,362,363,364,365,366,367,368,369,
Machine: 1
118;0;0;110;0;0,1,2,3,4,5,6,7,8,9,24,26,36,38,80,81,82,83,84,85,86,87,88,98,99,100,101,102,103,104,105,106,107,135,151,171,173,174,175,176,186,191,193,216,218,219,238,244,245,246,247,250,251,262,263,264,265,266,267,268,277,303,304,370,371,372,375,376,389,390,391,392,417,418,419,420,421,422,423,424,
118;1;110;285;0;0,1,2,3,4,5,6,7,8,9,24,26,36,38,80,81,82,83,84,85,86,87,88,98,99,100,101,102,103,104,105,106,107,135,151,171,173,174,175,176,186,191,193,216,218,219,238,244,245,246,247,250,251,262,263,264,265,266,267,268,277,303,304,370,371,372,375,376,389,390,391,392,417,418,419,420,421,422,423,424,
71;0;285;442;1;0,1,2,3,4,5,6,7,8,9,24,26,36,38,80,81,82,83,84,85,86,87,88,98,99,100,101,102,103,104,105,106,107,135,151,171,173,174,175,176,186,191,193,216,218,219,238,244,245,246,247,250,251,262,263,264,265,266,267,268,277,303,304,370,371,372,375,376,389,390,391,392,417,418,419,420,421,422,423,424,
71;1;442;593;1;0,1,2,3,4,5,6,7,8,9,24,26,36,38,80,81,82,83,84,85,86,87,88,98,99,100,101,102,103,104,105,106,107,135,151,171,173,174,175,176,186,191,193,216,218,219,238,244,245,246,247,250,251,262,263,264,265,266,267,268,277,303,304,370,371,372,375,376,389,390,391,392,417,418,419,420,421,422,423,424,
11;0;593;751;1;0,1,2,3,4,5,6,7,8,9,24,26,36,38,80,81,82,83,84,85,86,87,88,98,99,100,101,102,103,104,105,106,107,135,151,171,173,174,175,176,186,191,193,216,218,219,238,244,245,246,247,250,251,262,263,264,265,266,267,268,277,303,304,370,371,372,375,376,389,390,391,392,417,418,419,420,421,422,423,424,
11;1;751;765;1;0,1,2,3,4,5,6,7,8,9,24,26,36,38,80,81,82,83,84,85,86,87,88,98,99,100,101,102,103,104,105,106,107,135,151,171,173,174,175,176,186,191,193,216,218,219,238,244,245,246,247,250,251,262,263,264,265,266,267,268,277,303,304,370,371,372,375,376,389,390,391,392,417,418,419,420,421,422,423,424,
146;0;765;894;1;0,1,2,3,4,5,6,7,8,9,24,26,36,38,80,81,82,83,84,85,86,87,88,98,99,100,101,102,103,104,105,106,107,135,151,171,173,174,175,176,186,191,193,216,218,219,238,244,245,246,247,250,251,262,263,264,265,266,267,268,277,303,304,370,371,372,375,376,389,390,391,392,417,418,419,420,421,422,423,424,
146;1;894;949;1;0,1,2,3,4,5,6,7,8,9,24,26,36,38,80,81,82,83,84,85,86,87,88,98,99,100,101,102,103,104,105,106,107,135,151,171,173,174,175,176,186,191,193,216,218,219,238,244,245,246,247,250,251,262,263,264,265,266,267,268,277,303,304,370,371,372,375,376,389,390,391,392,417,418,419,420,421,422,423,424,
86;0;949;1058;1;0,1,2,3,4,5,6,7,8,9,24,26,36,38,80,81,82,83,84,85,86,87,88,98,99,100,101,102,103,104,105,106,107,135,151,171,173,174,175,176,186,191,193,216,218,219,238,244,245,246,247,250,251,262,263,264,265,266,267,268,277,303,304,370,371,372,375,376,389,390,391,392,417,418,419,420,421,422,423,424,
86;1;1058;1233;1;0,1,2,3,4,5,6,7,8,9,24,26,36,38,80,81,82,83,84,85,86,87,88,98,99,100,101,102,103,104,105,106,107,135,151,171,173,174,175,176,186,191,193,216,218,219,238,244,245,246,247,250,251,262,263,264,265,266,267,268,277,303,304,370,371,372,375,376,389,390,391,392,417,418,419,420,421,422,423,424,
82;0;1233;1354;0;0,1,2,3,4,5,6,7,8,9,24,26,36,38,80,81,82,83,84,85,86,87,88,98,99,100,101,102,103,104,105,106,107,135,151,171,173,174,175,176,186,191,193,216,218,219,238,244,245,246,247,250,251,262,263,264,265,266,267,268,277,303,304,370,371,372,375,376,389,390,391,392,417,418,419,420,421,422,423,424,
24;0;1354;1529;1;0,1,2,3,4,5,6,7,8,9,24,26,36,38,80,81,82,83,84,85,86,87,88,98,99,100,101,102,103,104,105,106,107,135,151,171,173,174,175,176,186,191,193,216,218,219,238,244,245,246,247,250,251,262,263,264,265,266,267,268,277,303,304,370,371,372,375,376,389,390,391,392,417,418,419,420,421,422,423,424,
24;1;1529;1541;1;0,1,2,3,4,5,6,7,8,9,24,26,36,38,80,81,82,83,84,85,86,87,88,98,99,100,101,102,103,104,105,106,107,135,151,171,173,174,175,176,186,191,193,216,218,219,238,244,245,246,247,250,251,262,263,264,265,266,267,268,277,303,304,370,371,372,375,376,389,390,391,392,417,418,419,420,421,422,423,424,
108;0;1541;1721;0;0,1,2,3,4,5,6,7,8,9,24,26,36,38,80,81,82,83,84,85,86,87,88,98,99,100,101,102,103,104,105,106,107,135,151,171,173,174,175,176,186,191,193,216,218,219,238,244,245,246,247,250,251,262,263,264,265,266,267,268,277,303,304,370,371,372,375,376,389,390,391,392,417,418,419,420,421,422,423,424,
108;1;1721;1798;0;0,1,2,3,4,5,6,7,8,9,24,26,36,38,80,81,82,83,84,85,86,87,88,98,99,100,101,102,103,104,105,106,107,135,151,171,173,174,175,176,186,191,193,216,218,219,238,244,245,246,247,250,251,262,263,264,265,266,267,268,277,303,304,370,371,372,375,376,389,390,391,392,417,418,419,420,421,422,423,424,
48;0;1798;1839;0;0,1,2,3,4,5,6,7,8,9,24,26,36,38,80,81,82,83,84,85,86,87,88,98,99,100,101,102,103,104,105,106,107,135,151,171,173,174,175,176,186,191,193,216,218,219,238,244,245,246,247,250,251,262,263,264,265,266,267,268,277,303,304,370,371,372,375,376,389,390,391,392,417,418,419,420,421,422,423,424,
48;1;1839;1891;0;0,1,2,3,4,5,6,7,8,9,24,26,36,38,80,81,82,83,84,85,86,87,88,98,99,100,101,102,103,104,105,106,107,135,151,171,173,174,175,176,186,191,193,216,218,219,238,244,245,246,247,250,251,262,263,264,265,266,267,268,277,303,304,370,371,372,375,376,389,390,391,392,417,418,419,420,421,422,423,424,
14;0;1891;1913;1;0,1,2,3,4,5,6,7,8,9,24,26,36,38,80,81,82,83,84,85,86,87,88,98,99,100,101,102,103,104,105,106,107,135,151,171,173,174,175,176,186,191,193,216,218,219,238,244,245,246,247,250,251,262,263,264,265,266,267,268,277,303,304,370,371,372,375,376,389,390,391,392,417,418,419,420,421,422,423,424,
14;1;1913;2064;1;0,1,2,3,4,5,6,7,8,9,24,26,36,38,80,81,82,83,84,85,86,87,88,98,99,100,101,102,103,104,105,106,107,135,151,171,173,174,175,176,186,191,193,216,218,219,238,244,245,246,247,250,251,262,263,264,265,266,267,268,277,303,304,370,371,372,375,376,389,390,391,392,417,418,419,420,421,422,423,424,
159;0;2064;2161;1;0,1,2,3,4,5,6,7,8,9,24,26,36,38,80,81,82,83,84,85,86,87,88,98,99,100,101,102,103,104,105,106,107,135,151,171,173,174,175,176,186,191,193,216,218,219,238,244,245,246,247,250,251,262,263,264,265,266,267,268,277,303,304,370,371,372,375,376,389,390,391,392,417,418,419,420,421,422,423,424,
159;1;2161;2260;1;0,1,2,3,4,5,6,7,8,9,24,26,36,38,80,81,82,83,84,85,86,87,88,98,99,100,101,102,103,104,105,106,107,135,151,171,173,174,175,176,186,191,193,216,218,219,238,244,245,246,247,250,251,262,263,264,265,266,267,268,277,303,304,370,371,372,375,376,389,390,391,392,417,418,419,420,421,422,423,424,
46;0;2260;2278;1;0,1,2,3,4,5,6,7,8,9,24,26,36,38,80,81,82,83,84,85,86,87,88,98,99,100,101,102,103,104,105,106,107,135,151,171,173,174,175,176,186,191,193,216,218,219,238,244,245,246,247,250,251,262,263,264,265,266,267,268,277,303,304,370,371,372,375,376,389,390,391,392,417,418,419,420,421,422,423,424,
46;1;2278;2448;1;0,1,2,3,4,5,6,7,8,9,24,26,36,38,80,81,82,83,84,85,86,87,88,98,99,100,101,102,103,104,105,106,107,135,151,171,173,174,175,176,186,191,193,216,218,219,238,244,245,246,247,250,251,262,263,264,265,266,267,268,277,303,304,370,371,372,375,376,389,390,391,392,417,418,419,420,421,422,423,424,
173;0;2448;2452;0;0,1,2,3,4,5,6,7,8,9,24,26,36,38,80,81,82,83,84,85,86,87,88,98,99,100,101,102,103,104,105,106,107,135,151,171,173,174,175,176,186,191,193,216,218,219,238,244,245,246,247,250,251,262,263,264,265,266,267,268,277,303,304,370,371,372,375,376,389,390,391,392,417,418,419,420,421,422,423,424,
173;1;2452;2466;0;0,1,2,3,4,5,6,7,8,9,24,26,36,38,80,81,82,83,84,85,86,87,88,98,99,100,101,102,103,104,105,106,107,135,151,171,173,174,175,176,186,191,193,216,218,219,238,244,245,246,247,250,251,262,263,264,265,266,267,268,277,303,304,370,371,372,375,376,389,390,391,392,417,418,419,420,421,422,423,424,
121;0;2466;2600;1;0,1,2,3,4,5,6,7,8,9,24,26,36,38,80,81,82,83,84,85,86,87,88,98,99,100,101,102,103,104,105,106,107,135,151,171,173,174,175,176,186,191,193,216,218,219,238,244,245,246,247,250,251,262,263,264,265,266,267,268,277,303,304,370,371,372,375,376,389,390,391,392,417,418,419,420,421,422,423,424,
121;1;2600;2653;1;0,1,2,3,4,5,6,7,8,9,24,26,36,38,80,81,82,83,84,85,86,87,88,98,99,100,101,102,103,104,105,106,107,135,151,171,173,174,175,176,186,191,193,216,218,219,238,244,245,246,247,250,251,262,263,264,265,266,267,268,277,303,304,370,371,372,375,376,389,390,391,392,417,418,419,420,421,422,423,424,
124;0;2653;2719;1;0,1,2,3,4,5,6,7,8,9,24,26,36,38,80,81,82,83,84,85,86,87,88,98,99,100,101,102,103,104,105,106,107,135,151,171,173,174,175,176,186,191,193,216,218,219,238,244,245,246,247,250,251,262,263,264,265,266,267,268,277,303,304,370,371,372,375,376,389,390,391,392,417,418,419,420,421,422,423,424,
124;1;2719;2733;1;0,1,2,3,4,5,6,7,8,9,24,26,36,38,80,81,82,83,84,85,86,87,88,98,99,100,101,102,103,104,105,106,107,135,151,171,173,174,175,176,186,191,193,216,218,219,238,244,245,246,247,250,251,262,263,264,265,266,267,268,277,303,304,370,371,372,375,376,389,390,391,392,417,418,419,420,421,422,423,424,
165;0;2733;2908;0;0,1,2,3,4,5,6,7,8,9,24,26,36,38,80,81,82,83,84,85,86,87,88,98,99,100,101,102,103,104,105,106,107,135,151,171,173,174,175,176,186,191,193,216,218,219,238,244,245,246,247,250,251,262,263,264,265,266,267,268,277,303,304,370,371,372,375,376,389,390,391,392,417,418,419,420,421,422,423,424,
133;0;2908;3017;0;0,1,2,3,4,5,6,7,8,9,24,26,36,38,80,81,82,83,84,85,86,87,88,98,99,100,101,102,103,104,105,106,107,135,151,171,173,174,175,176,186,191,193,216,218,219,238,244,245,246,247,250,251,262,263,264,265,266,267,268,277,303,304,370,371,372,375,376,389,390,391,392,417,418,419,420,421,422,423,424,
133;1;3017;3187;0;0,1,2,3,4,5,6,7,8,9,24,26,36,38,80,81,82,83,84,85,86,87,88,98,99,100,101,102,103,104,105,106,107,135,151,171,173,174,175,176,186,191,193,216,218,219,238,244,245,246,247,250,251,262,263,264,265,266,267,268,277,303,304,370,371,372,375,376,389,390,391,392,417,418,419,420,421,422,423,424,
184;0;3187;3334;1;0,1,2,3,4,5,6,7,8,9,24,26,36,38,80,81,82,83,84,85,86,87,88,98,99,100,101,102,103,104,105,106,107,135,151,171,173,174,175,176,186,191,193,216,218,219,238,244,245,246,247,250,251,262,263,264,265,266,267,268,277,303,304,370,371,372,375,376,389,390,391,392,417,418,419,420,421,422,423,424,
184;1;3334;3510;1;0,1,2,3,4,5,6,7,8,9,24,26,36,38,80,81,82,83,84,85,86,87,88,98,99,100,101,102,103,104,105,106,107,135,151,171,173,174,175,176,186,191,193,216,218,219,238,244,245,246,247,250,251,262,263,264,265,266,267,268,277,303,304,370,371,372,375,376,389,390,391,392,417,418,419,420,421,422,423,424,
139;0;3510;3522;1;0,1,2,3,4,5,6,7,8,9,24,26,36,38,80,81,82,83,84,85,86,87,88,98,99,100,101,102,103,104,105,106,107,135,151,171,173,174,175,176,186,191,193,216,218,219,238,244,245,246,247,250,251,262,263,264,265,266,267,268,277,303,304,370,371,372,375,376,389,390,391,392,417,418,419,420,421,422,423,424,
139;1;3522;3702;1;0,1,2,3,4,5,6,7,8,9,24,26,36,38,80,81,82,83,84,85,86,87,88,98,99,100,101,102,103,104,105,106,107,135,151,171,173,174,175,176,186,191,193,216,218,219,238,244,245,246,247,250,251,262,263,264,265,266,267,268,277,303,304,370,371,372,375,376,389,390,391,392,417,418,419,420,421,422,423,424,
210;0;3702;3877;0;0,1,2,3,4,5,6,7,8,9,24,26,36,38,80,81,82,83,84,85,86,87,88,98,99,100,101,102,103,104,105,106,107,135,151,171,173,174,175,176,186,191,193,216,218,219,238,244,245,246,247,250,251,262,263,264,265,266,267,268,277,303,304,370,371,372,375,376,389,390,391,392,417,418,419,420,421,422,423,424,
137;0;3877;4057;0;0,1,2,3,4,5,6,7,8,9,24,26,36,38,80,81,82,83,84,85,86,87,88,98,99,100,101,102,103,104,105,106,107,135,151,171,173,174,175,176,186,191,193,216,218,219,238,244,245,246,247,250,251,262,263,264,265,266,267,268,277,303,304,370,371,372,375,376,389,390,391,392,417,418,419,420,421,422,423,424,
151;0;4057;4154;1;0,1,2,3,4,5,6,7,8,9,24,26,36,38,80,81,82,83,84,85,86,87,88,98,99,100,101,102,103,104,105,106,107,135,151,171,173,174,175,176,186,191,193,216,218,219,238,244,245,246,247,250,251,262,263,264,265,266,267,268,277,303,304,370,371,372,375,376,389,390,391,392,417,418,419,420,421,422,423,424,
151;1;4154;4206;1;0,1,2,3,4,5,6,7,8,9,24,26,36,38,80,81,82,83,84,85,86,87,88,98,99,100,101,102,103,104,105,106,107,135,151,171,173,174,175,176,186,191,193,216,218,219,238,244,245,246,247,250,251,262,263,264,265,266,267,268,277,303,304,370,371,372,375,376,389,390,391,392,417,418,419,420,421,422,423,424,
96;0;4206;4353;1;0,1,2,3,4,5,6,7,8,9,24,26,36,38,80,81,82,83,84,85,86,87,88,98,99,100,101,102,103,104,105,106,107,135,151,171,173,174,175,176,186,191,193,216,218,219,238,244,245,246,247,250,251,262,263,264,265,266,267,268,277,303,304,370,371,372,375,376,389,390,391,392,417,418,419,420,421,422,423,424,
96;1;4353;4529;1;0,1,2,3,4,5,6,7,8,9,24,26,36,38,80,81,82,83,84,85,86,87,88,98,99,100,101,102,103,104,105,106,107,135,151,171,173,174,175,176,186,191,193,216,218,219,238,244,245,246,247,250,251,262,263,264,265,266,267,268,277,303,304,370,371,372,375,376,389,390,391,392,417,418,419,420,421,422,423,424,
58;0;4529;4577;0;0,1,2,3,4,5,6,7,8,9,24,26,36,38,80,81,82,83,84,85,86,87,88,98,99,100,101,102,103,104,105,106,107,135,151,171,173,174,175,176,186,191,193,216,218,219,238,244,245,246,247,250,251,262,263,264,265,266,267,268,277,303,304,370,371,372,375,376,389,390,391,392,417,418,419,420,421,422,423,424,
58;1;4577;4654;0;0,1,2,3,4,5,6,7,8,9,24,26,36,38,80,81,82,83,84,85,86,87,88,98,99,100,101,102,103,104,105,106,107,135,151,171,173,174,175,176,186,191,193,216,218,219,238,244,245,246,247,250,251,262,263,264,265,266,267,268,277,303,304,370,371,372,375,376,389,390,391,392,417,418,419,420,421,422,423,424,
95;0;4654;4791;0;0,1,2,3,4,5,6,7,8,9,24,26,36,38,80,81,82,83,84,85,86,87,88,98,99,100,101,102,103,104,105,106,107,135,151,171,173,174,175,176,186,191,193,216,218,219,238,244,245,246,247,250,251,262,263,264,265,266,267,268,277,303,304,370,371,372,375,376,389,390,391,392,417,418,419,420,421,422,423,424,
120;0;4791;4942;0;0,1,2,3,4,5,6,7,8,9,24,26,36,38,80,81,82,83,84,85,86,87,88,98,99,100,101,102,103,104,105,106,107,135,151,171,173,174,175,176,186,191,193,216,218,219,238,244,245,246,247,250,251,262,263,264,265,266,267,268,277,303,304,370,371,372,375,376,389,390,391,392,417,418,419,420,421,422,423,424,
191;0;4942;4981;1;0,1,2,3,4,5,6,7,8,9,24,26,36,38,80,81,82,83,84,85,86,87,88,98,99,100,101,102,103,104,105,106,107,135,151,171,173,174,175,176,186,191,193,216,218,219,238,244,245,246,247,250,251,262,263,264,265,266,267,268,277,303,304,370,371,372,375,376,389,390,391,392,417,418,419,420,421,422,423,424,
191;1;4981;5124;1;0,1,2,3,4,5,6,7,8,9,24,26,36,38,80,81,82,83,84,85,86,87,88,98,99,100,101,102,103,104,105,106,107,135,151,171,173,174,175,176,186,191,193,216,218,219,238,244,245,246,247,250,251,262,263,264,265,266,267,268,277,303,304,370,371,372,375,376,389,390,391,392,417,418,419,420,421,422,423,424,
103;0;5124;5223;0;0,1,2,3,4,5,6,7,8,9,24,26,36,38,80,81,82,83,84,85,86,87,88,98,99,100,101,102,103,104,105,106,107,135,151,171,173,174,175,176,186,191,193,216,218,219,238,244,245,246,247,250,251,262,263,264,265,266,267,268,277,303,304,370,371,372,375,376,389,390,391,392,417,418,419,420,421,422,423,424,
103;1;5223;5285;0;0,1,2,3,4,5,6,7,8,9,24,26,36,38,80,81,82,83,84,85,86,87,88,98,99,100,101,102,103,104,105,106,107,135,151,171,173,174,175,176,186,191,193,216,218,219,238,244,245,246,247,250,251,262,263,264,265,266,267,268,277,303,304,370,371,372,375,376,389,390,391,392,417,418,419,420,421,422,423,424,
209;0;5285;5360;1;0,1,2,3,4,5,6,7,8,9,24,26,36,38,80,81,82,83,84,85,86,87,88,98,99,100,101,102,103,104,105,106,107,135,151,171,173,174,175,176,186,191,193,216,218,219,238,244,245,246,247,250,251,262,263,264,265,266,267,268,277,303,304,370,371,372,375,376,389,390,391,392,417,418,419,420,421,422,423,424,
209;1;5360;5396;1;0,1,2,3,4,5,6,7,8,9,24,26,36,38,80,81,82,83,84,85,86,87,88,98,99,100,101,102,103,104,105,106,107,135,151,171,173,174,175,176,186,191,193,216,218,219,238,244,245,246,247,250,251,262,263,264,265,266,267,268,277,303,304,370,371,372,375,376,389,390,391,392,417,418,419,420,421,422,423,424,
119;0;5396;5462;1;0,1,2,3,4,5,6,7,8,9,24,26,36,38,80,81,82,83,84,85,86,87,88,98,99,100,101,102,103,104,105,106,107,135,151,171,173,174,175,176,186,191,193,216,218,219,238,244,245,246,247,250,251,262,263,264,265,266,267,268,277,303,304,370,371,372,375,376,389,390,391,392,417,418,419,420,421,422,423,424,
119;1;5462;5530;1;0,1,2,3,4,5,6,7,8,9,24,26,36,38,80,81,82,83,84,85,86,87,88,98,99,100,101,102,103,104,105,106,107,135,151,171,173,174,175,176,186,191,193,216,218,219,238,244,245,246,247,250,251,262,263,264,265,266,267,268,277,303,304,370,371,372,375,376,389,390,391,392,417,418,419,420,421,422,423,424,
36;0;5530;5550;1;0,1,2,3,4,5,6,7,8,9,24,26,36,38,80,81,82,83,84,85,86,87,88,98,99,100,101,102,103,104,105,106,107,135,151,171,173,174,175,176,186,191,193,216,218,219,238,244,245,246,247,250,251,262,263,264,265,266,267,268,277,303,304,370,371,372,375,376,389,390,391,392,417,418,419,420,421,422,423,424,
36;1;5550;5649;1;0,1,2,3,4,5,6,7,8,9,24,26,36,38,80,81,82,83,84,85,86,87,88,98,99,100,101,102,103,104,105,106,107,135,151,171,173,174,175,176,186,191,193,216,218,219,238,244,245,246,247,250,251,262,263,264,265,266,267,268,277,303,304,370,371,372,375,376,389,390,391,392,417,418,419,420,421,422,423,424,
13;0;5649;5726;0;0,1,2,3,4,5,6,7,8,9,24,26,36,38,80,81,82,83,84,85,86,87,88,98,99,100,101,102,103,104,105,106,107,135,151,171,173,174,175,176,186,191,193,216,218,219,238,244,245,246,247,250,251,262,263,264,265,266,267,268,277,303,304,370,371,372,375,376,389,390,391,392,417,418,419,420,421,422,423,424,
13;1;5726;5906;0;0,1,2,3,4,5,6,7,8,9,24,26,36,38,80,81,82,83,84,85,86,87,88,98,99,100,101,102,103,104,105,106,107,135,151,171,173,174,175,176,186,191,193,216,218,219,238,244,245,246,247,250,251,262,263,264,265,266,267,268,277,303,304,370,371,372,375,376,389,390,391,392,417,418,419,420,421,422,423,424,
39;0;5906;5935;1;0,1,2,3,4,5,6,7,8,9,24,26,36,38,80,81,82,83,84,85,86,87,88,98,99,100,101,102,103,104,105,106,107,135,151,171,173,174,175,176,186,191,193,216,218,219,238,244,245,246,247,250,251,262,263,264,265,266,267,268,277,303,304,370,371,372,375,376,389,390,391,392,417,418,419,420,421,422,423,424,
39;1;5935;6086;1;0,1,2,3,4,5,6,7,8,9,24,26,36,38,80,81,82,83,84,85,86,87,88,98,99,100,101,102,103,104,105,106,107,135,151,171,173,174,175,176,186,191,193,216,218,219,238,244,245,246,247,250,251,262,263,264,265,266,267,268,277,303,304,370,371,372,375,376,389,390,391,392,417,418,419,420,421,422,423,424,
123;0;6086;6223;0;0,1,2,3,4,5,6,7,8,9,24,26,36,38,80,81,82,83,84,85,86,87,88,98,99,100,101,102,103,104,105,106,107,135,151,171,173,174,175,176,186,191,193,216,218,219,238,244,245,246,247,250,251,262,263,264,265,266,267,268,277,303,304,370,371,372,375,376,389,390,391,392,417,418,419,420,421,422,423,424,
123;1;6223;6278;0;0,1,2,3,4,5,6,7,8,9,24,26,36,38,80,81,82,83,84,85,86,87,88,98,99,100,101,102,103,104,105,106,107,135,151,171,173,174,175,176,186,191,193,216,218,219,238,244,245,246,247,250,251,262,263,264,265,266,267,268,277,303,304,370,371,372,375,376,389,390,391,392,417,418,419,420,421,422,423,424,
67;0;6278;6333;0;0,1,2,3,4,5,6,7,8,9,24,26,36,38,80,81,82,83,84,85,86,87,88,98,99,100,101,102,103,104,105,106,107,135,151,171,173,174,175,176,186,191,193,216,218,219,238,244,245,246,247,250,251,262,263,264,265,266,267,268,277,303,304,370,371,372,375,376,389,390,391,392,417,418,419,420,421,422,423,424,
0;0;6333;6417;1;0,1,2,3,4,5,6,7,8,9,24,26,36,38,80,81,82,83,84,85,86,87,88,98,99,100,101,102,103,104,105,106,107,135,151,171,173,174,175,176,186,191,193,216,218,219,238,244,245,246,247,250,251,262,263,264,265,266,267,268,277,303,304,370,371,372,375,376,389,390,391,392,417,418,419,420,421,422,423,424,
0;1;6417;6472;1;0,1,2,3,4,5,6,7,8,9,24,26,36,38,80,81,82,83,84,85,86,87,88,98,99,100,101,102,103,104,105,106,107,135,151,171,173,174,175,176,186,191,193,216,218,219,238,244,245,246,247,250,251,262,263,264,265,266,267,268,277,303,304,370,371,372,375,376,389,390,391,392,417,418,419,420,421,422,423,424,
Machine: 2
169;0;0;28;1;0,2,20,21,22,23,24,25,26,27,28,29,36,37,45,46,47,48,49,50,51,52,53,63,64,65,66,67,68,69,72,85,112,115,116,117,118,119,120,121,122,123,124,127,135,155,169,183,200,201,202,203,204,205,208,216,250,267,277,278,279,280,281,282,283,284,285,307,330,348,349,350,351,371,378,379,380,381,382,419,
169;1;28;167;1;0,2,20,21,22,23,24,25,26,27,28,29,36,37,45,46,47,48,49,50,51,52,53,63,64,65,66,67,68,69,72,85,112,115,116,117,118,119,120,121,122,123,124,127,135,155,169,183,200,201,202,203,204,205,208,216,250,267,277,278,279,280,281,282,283,284,285,307,330,348,349,350,351,371,378,379,380,381,382,419,
76;0;167;280;1;0,2,20,21,22,23,24,25,26,27,28,29,36,37,45,46,47,48,49,50,51,52,53,63,64,65,66,67,68,69,72,85,112,115,116,117,118,119,120,121,122,123,124,127,135,155,169,183,200,201,202,203,204,205,208,216,250,267,277,278,279,280,281,282,283,284,285,307,330,348,349,350,351,371,378,379,380,381,382,419,
76;1;280;416;1;0,2,20,21,22,23,24,25,26,27,28,29,36,37,45,46,47,48,49,50,51,52,53,63,64,65,66,67,68,69,72,85,112,115,116,117,118,119,120,121,122,123,124,127,135,155,169,183,200,201,202,203,204,205,208,216,250,267,277,278,279,280,281,282,283,284,285,307,330,348,349,350,351,371,378,379,380,381,382,419,
113;0;416;529;0;0,2,20,21,22,23,24,25,26,27,28,29,36,37,45,46,47,48,49,50,51,52,53,63,64,65,66,67,68,69,72,85,112,115,116,117,118,119,120,121,122,123,124,127,135,155,169,183,200,201,202,203,204,205,208,216,250,267,277,278,279,280,281,282,283,284,285,307,330,348,349,350,351,371,378,379,380,381,382,419,
113;1;529;618;0;0,2,20,21,22,23,24,25,26,27,28,29,36,37,45,46,47,48,49,50,51,52,53,63,64,65,66,67,68,69,72,85,112,115,116,117,118,119,120,121,122,123,124,127,135,155,169,183,200,201,202,203,204,205,208,216,250,267,277,278,279,280,281,282,283,284,285,307,330,348,349,350,351,371,378,379,380,381,382,419,
84;0;618;665;1;0,2,20,21,22,23,24,25,26,27,28,29,36,37,45,46,47,48,49,50,51,52,53,63,64,65,66,67,68,69,72,85,112,115,116,117,118,119,120,121,122,123,124,127,135,155,169,183,200,201,202,203,204,205,208,216,250,267,277,278,279,280,281,282,283,284,285,307,330,348,349,350,351,371,378,379,380,381,382,419,
84;1;665;680;1;0,2,20,21,22,23,24,25,26,27,28,29,36,37,45,46,47,48,49,50,51,52,53,63,64,65,66,67,68,69,72,85,112,115,116,117,118,119,120,121,122,123,124,127,135,155,169,183,200,201,202,203,204,205,208,216,250,267,277,278,279,280,281,282,283,284,285,307,330,348,349,350,351,371,378,379,380,381,382,419,
170;0;680;758;0;0,2,20,21,22,23,24,25,26,27,28,29,36,37,45,46,47,48,49,50,51,52,53,63,64,65,66,67,68,69,72,85,112,115,116,117,118,119,120,121,122,123,124,127,135,155,169,183,200,201,202,203,204,205,208,216,250,267,277,278,279,280,281,282,283,284,285,307,330,348,349,350,351,371,378,379,380,381,382,419,
2;0;758;930;1;0,2,20,21,22,23,24,25,26,27,28,29,36,37,45,46,47,48,49,50,51,52,53,63,64,65,66,67,68,69,72,85,112,115,116,117,118,119,120,121,122,123,124,127,135,155,169,183,200,201,202,203,204,205,208,216,250,267,277,278,279,280,281,282,283,284,285,307,330,348,349,350,351,371,378,379,380,381,382,419,
182;0;930;1024;0;0,2,20,21,22,23,24,25,26,27,28,29,36,37,45,46,47,48,49,50,51,52,53,63,64,65,66,67,68,69,72,85,112,115,116,117,118,119,120,121,122,123,124,127,135,155,169,183,200,201,202,203,204,205,208,216,250,267,277,278,279,280,281,282,283,284,285,307,330,348,349,350,351,371,378,379,380,381,382,419,
6;0;1024;1118;1;0,2,20,21,22,23,24,25,26,27,28,29,36,37,45,46,47,48,49,50,51,52,53,63,64,65,66,67,68,69,72,85,112,115,116,117,118,119,120,121,122,123,124,127,135,155,169,183,200,201,202,203,204,205,208,216,250,267,277,278,279,280,281,282,283,284,285,307,330,348,349,350,351,371,378,379,380,381,382,419,
6;1;1118;1208;1;0,2,20,21,22,23,24,25,26,27,28,29,36,37,45,46,47,48,49,50,51,52,53,63,64,65,66,67,68,69,72,85,112,115,116,117,118,119,120,121,122,123,124,127,135,155,169,183,200,201,202,203,204,205,208,216,250,267,277,278,279,280,281,282,283,284,285,307,330,348,349,350,351,371,378,379,380,381,382,419,
77;0;1208;1253;0;0,2,20,21,22,23,24,25,26,27,28,29,36,37,45,46,47,48,49,50,51,52,53,63,64,65,66,67,68,69,72,85,112,115,116,117,118,119,120,121,122,123,124,127,135,155,169,183,200,201,202,203,204,205,208,216,250,267,277,278,279,280,281,282,283,284,285,307,330,348,349,350,351,371,378,379,380,381,382,419,
176;0;1253;1294;1;0,2,20,21,22,23,24,25,26,27,28,29,36,37,45,46,47,48,49,50,51,52,53,63,64,65,66,67,68,69,72,85,112,115,116,117,118,119,120,121,122,123,124,127,135,155,169,183,200,201,202,203,204,205,208,216,250,267,277,278,279,280,281,282,283,284,285,307,330,348,349,350,351,371,378,379,380,381,382,419,
176;1;1294;1391;1;0,2,20,21,22,23,24,25,26,27,28,29,36,37,45,46,47,48,49,50,51,52,53,63,64,65,66,67,68,69,72,85,112,115,116,117,118,119,120,121,122,123,124,127,135,155,169,183,200,201,202,203,204,205,208,216,250,267,277,278,279,280,281,282,283,284,285,307,330,348,349,350,351,371,378,379,380,381,382,419,
5;0;1391;1457;0;0,2,20,21,22,23,24,25,26,27,28,29,36,37,45,46,47,48,49,50,51,52,53,63,64,65,66,67,68,69,72,85,112,115,116,117,118,119,120,121,122,123,124,127,135,155,169,183,200,201,202,203,204,205,208,216,250,267,277,278,279,280,281,282,283,284,285,307,330,348,349,350,351,371,378,379,380,381,382,419,
134;0;1457;1469;1;0,2,20,21,22,23,24,25,26,27,28,29,36,37,45,46,47,48,49,50,51,52,53,63,64,65,66,67,68,69,72,85,112,115,116,117,118,119,120,121,122,123,124,127,135,155,169,183,200,201,202,203,204,205,208,216,250,267,277,278,279,280,281,282,283,284,285,307,330,348,349,350,351,371,378,379,380,381,382,419,
134;1;1469;1563;1;0,2,20,21,22,23,24,25,26,27,28,29,36,37,45,46,47,48,49,50,51,52,53,63,64,65,66,67,68,69,72,85,112,115,116,117,118,119,120,121,122,123,124,127,135,155,169,183,200,201,202,203,204,205,208,216,250,267,277,278,279,280,281,282,283,284,285,307,330,348,349,350,351,371,378,379,380,381,382,419,
154;0;1563;1707;1;0,2,20,21,22,23,24,25,26,27,28,29,36,37,45,46,47,48,49,50,51,52,53,63,64,65,66,67,68,69,72,85,112,115,116,117,118,119,120,121,122,123,124,127,135,155,169,183,200,201,202,203,204,205,208,216,250,267,277,278,279,280,281,282,283,284,285,307,330,348,349,350,351,371,378,379,380,381,382,419,
154;1;1707;1821;1;0,2,20,21,22,23,24,25,26,27,28,29,36,37,45,46,47,48,49,50,51,52,53,63,64,65,66,67,68,69,72,85,112,115,116,117,118,119,120,121,122,123,124,127,135,155,169,183,200,201,202,203,204,205,208,216,250,267,277,278,279,280,281,282,283,284,285,307,330,348,349,350,351,371,378,379,380,381,382,419,
56;0;1821;1986;1;0,2,20,21,22,23,24,25,26,27,28,29,36,37,45,46,47,48,49,50,51,52,53,63,64,65,66,67,68,69,72,85,112,115,116,117,118,119,120,121,122,123,124,127,135,155,169,183,200,201,202,203,204,205,208,216,250,267,277,278,279,280,281,282,283,284,285,307,330,348,349,350,351,371,378,379,380,381,382,419,
56;1;1986;2090;1;0,2,20,21,22,23,24,25,26,27,28,29,36,37,45,46,47,48,49,50,51,52,53,63,64,65,66,67,68,69,72,85,112,115,116,117,118,119,120,121,122,123,124,127,135,155,169,183,200,201,202,203,204,205,208,216,250,267,277,278,279,280,281,282,283,284,285,307,330,348,349,350,351,371,378,379,380,381,382,419,
16;0;2090;2170;1;0,2,20,21,22,23,24,25,26,27,28,29,36,37,45,46,47,48,49,50,51,52,53,63,64,65,66,67,68,69,72,85,112,115,116,117,118,119,120,121,122,123,124,127,135,155,169,183,200,201,202,203,204,205,208,216,250,267,277,278,279,280,281,282,283,284,285,307,330,348,349,350,351,371,378,379,380,381,382,419,
16;1;2170;2267;1;0,2,20,21,22,23,24,25,26,27,28,29,36,37,45,46,47,48,49,50,51,52,53,63,64,65,66,67,68,69,72,85,112,115,116,117,118,119,120,121,122,123,124,127,135,155,169,183,200,201,202,203,204,205,208,216,250,267,277,278,279,280,281,282,283,284,285,307,330,348,349,350,351,371,378,379,380,381,382,419,
179;0;2267;2340;1;0,2,20,21,22,23,24,25,26,27,28,29,36,37,45,46,47,48,49,50,51,52,53,63,64,65,66,67,68,69,72,85,112,115,116,117,118,119,120,121,122,123,124,127,135,155,169,183,200,201,202,203,204,205,208,216,250,267,277,278,279,280,281,282,283,284,285,307,330,348,349,350,351,371,378,379,380,381,382,419,
179;1;2340;2488;1;0,2,20,21,22,23,24,25,26,27,28,29,36,37,45,46,47,48,49,50,51,52,53,63,64,65,66,67,68,69,72,85,112,115,116,117,118,119,120,121,122,123,124,127,135,155,169,183,200,201,202,203,204,205,208,216,250,267,277,278,279,280,281,282,283,284,285,307,330,348,349,350,351,371,378,379,380,381,382,419,
208;0;2488;2527;0;0,2,20,21,22,23,24,25,26,27,28,29,36,37,45,46,47,48,49,50,51,52,53,63,64,65,66,67,68,69,72,85,112,115,116,117,118,119,120,121,122,123,124,127,135,155,169,183,200,201,202,203,204,205,208,216,250,267,277,278,279,280,281,282,283,284,285,307,330,348,349,350,351,371,378,379,380,381,382,419,
208;1;2527;2571;0;0,2,20,21,22,23,24,25,26,27,28,29,36,37,45,46,47,48,49,50,51,52,53,63,64,65,66,67,68,69,72,85,112,115,116,117,118,119,120,121,122,123,124,127,135,155,169,183,200,201,202,203,204,205,208,216,250,267,277,278,279,280,281,282,283,284,285,307,330,348,349,350,351,371,378,379,380,381,382,419,
8;0;2571;2731;0;0,2,20,21,22,23,24,25,26,27,28,29,36,37,45,46,47,48,49,50,51,52,53,63,64,65,66,67,68,69,72,85,112,115,116,117,118,119,120,121,122,123,124,127,135,155,169,183,200,201,202,203,204,205,208,216,250,267,277,278,279,280,281,282,283,284,285,307,330,348,349,350,351,371,378,379,380,381,382,419,
8;1;2731;2867;0;0,2,20,21,22,23,24,25,26,27,28,29,36,37,45,46,47,48,49,50,51,52,53,63,64,65,66,67,68,69,72,85,112,115,116,117,118,119,120,121,122,123,124,127,135,155,169,183,200,201,202,203,204,205,208,216,250,267,277,278,279,280,281,282,283,284,285,307,330,348,349,350,351,371,378,379,380,381,382,419,
164;0;2867;3043;1;0,2,20,21,22,23,24,25,26,27,28,29,36,37,45,46,47,48,49,50,51,52,53,63,64,65,66,67,68,69,72,85,112,115,116,117,118,119,120,121,122,123,124,127,135,155,169,183,200,201,202,203,204,205,208,216,250,267,277,278,279,280,281,282,283,284,285,307,330,348,349,350,351,371,378,379,380,381,382,419,
164;1;3043;3088;1;0,2,20,21,22,23,24,25,26,27,28,29,36,37,45,46,47,48,49,50,51,52,53,63,64,65,66,67,68,69,72,85,112,115,116,117,118,119,120,121,122,123,124,127,135,155,169,183,200,201,202,203,204,205,208,216,250,267,277,278,279,280,281,282,283,284,285,307,330,348,349,350,351,371,378,379,380,381,382,419,
136;0;3088;3209;1;0,2,20,21,22,23,24,25,26,27,28,29,36,37,45,46,47,48,49,50,51,52,53,63,64,65,66,67,68,69,72,85,112,115,116,117,118,119,120,121,122,123,124,127,135,155,169,183,200,201,202,203,204,205,208,216,250,267,277,278,279,280,281,282,283,284,285,307,330,348,349,350,351,371,378,379,380,381,382,419,
136;1;3209;3313;1;0,2,20,21,22,23,24,25,26,27,28,29,36,37,45,46,47,48,49,50,51,52,53,63,64,65,66,67,68,69,72,85,112,115,116,117,118,119,120,121,122,123,124,127,135,155,169,183,200,201,202,203,204,205,208,216,250,267,277,278,279,280,281,282,283,284,285,307,330,348,349,350,351,371,378,379,380,381,382,419,
163;0;3313;3397;0;0,2,20,21,22,23,24,25,26,27,28,29,36,37,45,46,47,48,49,50,51,52,53,63,64,65,66,67,68,69,72,85,112,115,116,117,118,119,120,121,122,123,124,127,135,155,169,183,200,201,202,203,204,205,208,216,250,267,277,278,279,280,281,282,283,284,285,307,330,348,349,350,351,371,378,379,380,381,382,419,
163;1;3397;3463;0;0,2,20,21,22,23,24,25,26,27,28,29,36,37,45,46,47,48,49,50,51,52,53,63,64,65,66,67,68,69,72,85,112,115,116,117,118,119,120,121,122,123,124,127,135,155,169,183,200,201,202,203,204,205,208,216,250,267,277,278,279,280,281,282,283,284,285,307,330,348,349,350,351,371,378,379,380,381,382,419,
206;0;3463;3499;1;0,2,20,21,22,23,24,25,26,27,28,29,36,37,45,46,47,48,49,50,51,52,53,63,64,65,66,67,68,69,72,85,112,115,116,117,118,119,120,121,122,123,124,127,135,155,169,183,200,201,202,203,204,205,208,216,250,267,277,278,279,280,281,282,283,284,285,307,330,348,349,350,351,371,378,379,380,381,382,419,
206;1;3499;3647;1;0,2,20,21,22,23,24,25,26,27,28,29,36,37,45,46,47,48,49,50,51,52,53,63,64,65,66,67,68,69,72,85,112,115,116,117,118,119,120,121,122,123,124,127,135,155,169,183,200,201,202,203,204,205,208,216,250,267,277,278,279,280,281,282,283,284,285,307,330,348,349,350,351,371,378,379,380,381,382,419,
32;0;3647;3751;0;0,2,20,21,22,23,24,25,26,27,28,29,36,37,45,46,47,48,49,50,51,52,53,63,64,65,66,67,68,69,72,85,112,115,116,117,118,119,120,121,122,123,124,127,135,155,169,183,200,201,202,203,204,205,208,216,250,267,277,278,279,280,281,282,283,284,285,307,330,348,349,350,351,371,378,379,380,381,382,419,
205;0;3751;3919;0;0,2,20,21,22,23,24,25,26,27,28,29,36,37,45,46,47,48,49,50,51,52,53,63,64,65,66,67,68,69,72,85,112,115,116,117,118,119,120,121,122,123,124,127,135,155,169,183,200,201,202,203,204,205,208,216,250,267,277,278,279,280,281,282,283,284,285,307,330,348,349,350,351,371,378,379,380,381,382,419,
114;0;3919;4051;1;0,2,20,21,22,23,24,25,26,27,28,29,36,37,45,46,47,48,49,50,51,52,53,63,64,65,66,67,68,69,72,85,112,115,116,117,118,119,120,121,122,123,124,127,135,155,169,183,200,201,202,203,204,205,208,216,250,267,277,278,279,280,281,282,283,284,285,307,330,348,349,350,351,371,378,379,380,381,382,419,
114;1;4051;4132;1;0,2,20,21,22,23,24,25,26,27,28,29,36,37,45,46,47,48,49,50,51,52,53,63,64,65,66,67,68,69,72,85,112,115,116,117,118,119,120,121,122,123,124,127,135,155,169,183,200,201,202,203,204,205,208,216,250,267,277,278,279,280,281,282,283,284,285,307,330,348,349,350,351,371,378,379,380,381,382,419,
158;0;4132;4150;0;0,2,20,21,22,23,24,25,26,27,28,29,36,37,45,46,47,48,49,50,51,52,53,63,64,65,66,67,68,69,72,85,112,115,116,117,118,119,120,121,122,123,124,127,135,155,169,183,200,201,202,203,204,205,208,216,250,267,277,278,279,280,281,282,283,284,285,307,330,348,349,350,351,371,378,379,380,381,382,419,
158;1;4150;4244;0;0,2,20,21,22,23,24,25,26,27,28,29,36,37,45,46,47,48,49,50,51,52,53,63,64,65,66,67,68,69,72,85,112,115,116,117,118,119,120,121,122,123,124,127,135,155,169,183,200,201,202,203,204,205,208,216,250,267,277,278,279,280,281,282,283,284,285,307,330,348,349,350,351,371,378,379,380,381,382,419,
50;0;4244;4383;0;0,2,20,21,22,23,24,25,26,27,28,29,36,37,45,46,47,48,49,50,51,52,53,63,64,65,66,67,68,69,72,85,112,115,116,117,118,119,120,121,122,123,124,127,135,155,169,183,200,201,202,203,204,205,208,216,250,267,277,278,279,280,281,282,283,284,285,307,330,348,349,350,351,371,378,379,380,381,382,419,
29;0;4383;4521;1;0,2,20,21,22,23,24,25,26,27,28,29,36,37,45,46,47,48,49,50,51,52,53,63,64,65,66,67,68,69,72,85,112,115,116,117,118,119,120,121,122,123,124,127,135,155,169,183,200,201,202,203,204,205,208,216,250,267,277,278,279,280,281,282,283,284,285,307,330,348,349,350,351,371,378,379,380,381,382,419,
29;1;4521;4565;1;0,2,20,21,22,23,24,25,26,27,28,29,36,37,45,46,47,48,49,50,51,52,53,63,64,65,66,67,68,69,72,85,112,115,116,117,118,119,120,121,122,123,124,127,135,155,169,183,200,201,202,203,204,205,208,216,250,267,277,278,279,280,281,282,283,284,285,307,330,348,349,350,351,371,378,379,380,381,382,419,
207;0;4565;4733;0;0,2,20,21,22,23,24,25,26,27,28,29,36,37,45,46,47,48,49,50,51,52,53,63,64,65,66,67,68,69,72,85,112,115,116,117,118,119,120,121,122,123,124,127,135,155,169,183,200,201,202,203,204,205,208,216,250,267,277,278,279,280,281,282,283,284,285,307,330,348,349,350,351,371,378,379,380,381,382,419,
157;0;4733;4847;0;0,2,20,21,22,23,24,25,26,27,28,29,36,37,45,46,47,48,49,50,51,52,53,63,64,65,66,67,68,69,72,85,112,115,116,117,118,119,120,121,122,123,124,127,135,155,169,183,200,201,202,203,204,205,208,216,250,267,277,278,279,280,281,282,283,284,285,307,330,348,349,350,351,371,378,379,380,381,382,419,
101;0;4847;4895;1;0,2,20,21,22,23,24,25,26,27,28,29,36,37,45,46,47,48,49,50,51,52,53,63,64,65,66,67,68,69,72,85,112,115,116,117,118,119,120,121,122,123,124,127,135,155,169,183,200,201,202,203,204,205,208,216,250,267,277,278,279,280,281,282,283,284,285,307,330,348,349,350,351,371,378,379,380,381,382,419,
101;1;4895;4917;1;0,2,20,21,22,23,24,25,26,27,28,29,36,37,45,46,47,48,49,50,51,52,53,63,64,65,66,67,68,69,72,85,112,115,116,117,118,119,120,121,122,123,124,127,135,155,169,183,200,201,202,203,204,205,208,216,250,267,277,278,279,280,281,282,283,284,285,307,330,348,349,350,351,371,378,379,380,381,382,419,
156;0;4917;4927;1;0,2,20,21,22,23,24,25,26,27,28,29,36,37,45,46,47,48,49,50,51,52,53,63,64,65,66,67,68,69,72,85,112,115,116,117,118,119,120,121,122,123,124,127,135,155,169,183,200,201,202,203,204,205,208,216,250,267,277,278,279,280,281,282,283,284,285,307,330,348,349,350,351,371,378,379,380,381,382,419,
156;1;4927;5099;1;0,2,20,21,22,23,24,25,26,27,28,29,36,37,45,46,47,48,49,50,51,52,53,63,64,65,66,67,68,69,72,85,112,115,116,117,118,119,120,121,122,123,124,127,135,155,169,183,200,201,202,203,204,205,208,216,250,267,277,278,279,280,281,282,283,284,285,307,330,348,349,350,351,371,378,379,380,381,382,419,
94;0;5099;5158;1;0,2,20,21,22,23,24,25,26,27,28,29,36,37,45,46,47,48,49,50,51,52,53,63,64,65,66,67,68,69,72,85,112,115,116,117,118,119,120,121,122,123,124,127,135,155,169,183,200,201,202,203,204,205,208,216,250,267,277,278,279,280,281,282,283,284,285,307,330,348,349,350,351,371,378,379,380,381,382,419,
94;1;5158;5203;1;0,2,20,21,22,23,24,25,26,27,28,29,36,37,45,46,47,48,49,50,51,52,53,63,64,65,66,67,68,69,72,85,112,115,116,117,118,119,120,121,122,123,124,127,135,155,169,183,200,201,202,203,204,205,208,216,250,267,277,278,279,280,281,282,283,284,285,307,330,348,349,350,351,371,378,379,380,381,382,419,
155;0;5203;5334;0;0,2,20,21,22,23,24,25,26,27,28,29,36,37,45,46,47,48,49,50,51,52,53,63,64,65,66,67,68,69,72,85,112,115,116,117,118,119,120,121,122,123,124,127,135,155,169,183,200,201,202,203,204,205,208,216,250,267,277,278,279,280,281,282,283,284,285,307,330,348,349,350,351,371,378,379,380,381,382,419,
128;0;5334;5368;0;0,2,20,21,22,23,24,25,26,27,28,29,36,37,45,46,47,48,49,50,51,52,53,63,64,65,66,67,68,69,72,85,112,115,116,117,118,119,120,121,122,123,124,127,135,155,169,183,200,201,202,203,204,205,208,216,250,267,277,278,279,280,281,282,283,284,285,307,330,348,349,350,351,371,378,379,380,381,382,419,
128;1;5368;5446;0;0,2,20,21,22,23,24,25,26,27,28,29,36,37,45,46,47,48,49,50,51,52,53,63,64,65,66,67,68,69,72,85,112,115,116,117,118,119,120,121,122,123,124,127,135,155,169,183,200,201,202,203,204,205,208,216,250,267,277,278,279,280,281,282,283,284,285,307,330,348,349,350,351,371,378,379,380,381,382,419,
Machine: 3
61;0;0;47;1;36,53,54,55,56,57,58,59,60,61,62,70,77,90,115,116,135,137,151,153,154,155,158,159,160,161,162,163,164,165,166,177,178,179,180,181,182,193,194,195,196,197,198,199,206,207,208,209,210,216,220,250,262,268,277,278,279,280,283,289,290,291,292,293,294,295,296,301,305,306,307,333,334,335,336,337,389,401,402,403,
61;1;47;137;1;36,53,54,55,56,57,58,59,60,61,62,70,77,90,115,116,135,137,151,153,154,155,158,159,160,161,162,163,164,165,166,177,178,179,180,181,182,193,194,195,196,197,198,199,206,207,208,209,210,216,220,250,262,268,277,278,279,280,283,289,290,291,292,293,294,295,296,301,305,306,307,333,334,335,336,337,389,401,402,403,
167;0;137;188;0;36,53,54,55,56,57,58,59,60,61,62,70,77,90,115,116,135,137,151,153,154,155,158,159,160,161,162,163,164,165,166,177,178,179,180,181,182,193,194,195,196,197,198,199,206,207,208,209,210,216,220,250,262,268,277,278,279,280,283,289,290,291,292,293,294,295,296,301,305,306,307,333,334,335,336,337,389,401,402,403,
147;0;188;284;0;36,53,54,55,56,57,58,59,60,61,62,70,77,90,115,116,135,137,151,153,154,155,158,159,160,161,162,163,164,165,166,177,178,179,180,181,182,193,194,195,196,197,198,199,206,207,208,209,210,216,220,250,262,268,277,278,279,280,283,289,290,291,292,293,294,295,296,301,305,306,307,333,334,335,336,337,389,401,402,403,
73;0;284;367;0;36,53,54,55,56,57,58,59,60,61,62,70,77,90,115,116,135,137,151,153,154,155,158,159,160,161,162,163,164,165,166,177,178,179,180,181,182,193,194,195,196,197,198,199,206,207,208,209,210,216,220,250,262,268,277,278,279,280,283,289,290,291,292,293,294,295,296,301,305,306,307,333,334,335,336,337,389,401,402,403,
73;1;367;451;0;36,53,54,55,56,57,58,59,60,61,62,70,77,90,115,116,135,137,151,153,154,155,158,159,160,161,162,163,164,165,166,177,178,179,180,181,182,193,194,195,196,197,198,199,206,207,208,209,210,216,220,250,262,268,277,278,279,280,283,289,290,291,292,293,294,295,296,301,305,306,307,333,334,335,336,337,389,401,402,403,
193;0;451;483;0;36,53,54,55,56,57,58,59,60,61,62,70,77,90,115,116,135,137,151,153,154,155,158,159,160,161,162,163,164,165,166,177,178,179,180,181,182,193,194,195,196,197,198,199,206,207,208,209,210,216,220,250,262,268,277,278,279,280,283,289,290,291,292,293,294,295,296,301,305,306,307,333,334,335,336,337,389,401,402,403,
193;1;483;560;0;36,53,54,55,56,57,58,59,60,61,62,70,77,90,115,116,135,137,151,153,154,155,158,159,160,161,162,163,164,165,166,177,178,179,180,181,182,193,194,195,196,197,198,199,206,207,208,209,210,216,220,250,262,268,277,278,279,280,283,289,290,291,292,293,294,295,296,301,305,306,307,333,334,335,336,337,389,401,402,403,
55;0;560;632;0;36,53,54,55,56,57,58,59,60,61,62,70,77,90,115,116,135,137,151,153,154,155,158,159,160,161,162,163,164,165,166,177,178,179,180,181,182,193,194,195,196,197,198,199,206,207,208,209,210,216,220,250,262,268,277,278,279,280,283,289,290,291,292,293,294,295,296,301,305,306,307,333,334,335,336,337,389,401,402,403,
171;0;632;720;1;36,53,54,55,56,57,58,59,60,61,62,70,77,90,115,116,135,137,151,153,154,155,158,159,160,161,162,163,164,165,166,177,178,179,180,181,182,193,194,195,196,197,198,199,206,207,208,209,210,216,220,250,262,268,277,278,279,280,283,289,290,291,292,293,294,295,296,301,305,306,307,333,334,335,336,337,389,401,402,403,
171;1;720;896;1;36,53,54,55,56,57,58,59,60,61,62,70,77,90,115,116,135,137,151,153,154,155,158,159,160,161,162,163,164,165,166,177,178,179,180,181,182,193,194,195,196,197,198,199,206,207,208,209,210,216,220,250,262,268,277,278,279,280,283,289,290,291,292,293,294,295,296,301,305,306,307,333,334,335,336,337,389,401,402,403,
91;0;896;1017;1;36,53,54,55,56,57,58,59,60,61,62,70,77,90,115,116,135,137,151,153,154,155,158,159,160,161,162,163,164,165,166,177,178,179,180,181,182,193,194,195,196,197,198,199,206,207,208,209,210,216,220,250,262,268,277,278,279,280,283,289,290,291,292,293,294,295,296,301,305,306,307,333,334,335,336,337,389,401,402,403,
91;1;1017;1166;1;36,53,54,55,56,57,58,59,60,61,62,70,77,90,115,116,135,137,151,153,154,155,158,159,160,161,162,163,164,165,166,177,178,179,180,181,182,193,194,195,196,197,198,199,206,207,208,209,210,216,220,250,262,268,277,278,279,280,283,289,290,291,292,293,294,295,296,301,305,306,307,333,334,335,336,337,389,401,402,403,
25;0;1166;1250;0;36,53,54,55,56,57,58,59,60,61,62,70,77,90,115,116,135,137,151,153,154,155,158,159,160,161,162,163,164,165,166,177,178,179,180,181,182,193,194,195,196,197,198,199,206,207,208,209,210,216,220,250,262,268,277,278,279,280,283,289,290,291,292,293,294,295,296,301,305,306,307,333,334,335,336,337,389,401,402,403,
138;0;1250;1344;0;36,53,54,55,56,57,58,59,60,61,62,70,77,90,115,116,135,137,151,153,154,155,158,159,160,161,162,163,164,165,166,177,178,179,180,181,182,193,194,195,196,197,198,199,206,207,208,209,210,216,220,250,262,268,277,278,279,280,283,289,290,291,292,293,294,295,296,301,305,306,307,333,334,335,336,337,389,401,402,403,
138;1;1344;1480;0;36,53,54,55,56,57,58,59,60,61,62,70,77,90,115,116,135,137,151,153,154,155,158,159,160,161,162,163,164,165,166,177,178,179,180,181,182,193,194,195,196,197,198,199,206,207,208,209,210,216,220,250,262,268,277,278,279,280,283,289,290,291,292,293,294,295,296,301,305,306,307,333,334,335,336,337,389,401,402,403,
187;0;1480;1531;0;36,53,54,55,56,57,58,59,60,61,62,70,77,90,115,116,135,137,151,153,154,155,158,159,160,161,162,163,164,165,166,177,178,179,180,181,182,193,194,195,196,197,198,199,206,207,208,209,210,216,220,250,262,268,277,278,279,280,283,289,290,291,292,293,294,295,296,301,305,306,307,333,334,335,336,337,389,401,402,403,
89;0;1531;1684;1;36,53,54,55,56,57,58,59,60,61,62,70,77,90,115,116,135,137,151,153,154,155,158,159,160,161,162,163,164,165,166,177,178,179,180,181,182,193,194,195,196,197,198,199,206,207,208,209,210,216,220,250,262,268,277,278,279,280,283,289,290,291,292,293,294,295,296,301,305,306,307,333,334,335,336,337,389,401,402,403,
89;1;1684;1768;1;36,53,54,55,56,57,58,59,60,61,62,70,77,90,115,116,135,137,151,153,154,155,158,159,160,161,162,163,164,165,166,177,178,179,180,181,182,193,194,195,196,197,198,199,206,207,208,209,210,216,220,250,262,268,277,278,279,280,283,289,290,291,292,293,294,295,296,301,305,306,307,333,334,335,336,337,389,401,402,403,
104;0;1768;1779;1;36,53,54,55,56,57,58,59,60,61,62,70,77,90,115,116,135,137,151,153,154,155,158,159,160,161,162,163,164,165,166,177,178,179,180,181,182,193,194,195,196,197,198,199,206,207,208,209,210,216,220,250,262,268,277,278,279,280,283,289,290,291,292,293,294,295,296,301,305,306,307,333,334,335,336,337,389,401,402,403,
104;1;1779;1949;1;36,53,54,55,56,57,58,59,60,61,62,70,77,90,115,116,135,137,151,153,154,155,158,159,160,161,162,163,164,165,166,177,178,179,180,181,182,193,194,195,196,197,198,199,206,207,208,209,210,216,220,250,262,268,277,278,279,280,283,289,290,291,292,293,294,295,296,301,305,306,307,333,334,335,336,337,389,401,402,403,
57;0;1949;2047;0;36,53,54,55,56,57,58,59,60,61,62,70,77,90,115,116,135,137,151,153,154,155,158,159,160,161,162,163,164,165,166,177,178,179,180,181,182,193,194,195,196,197,198,199,206,207,208,209,210,216,220,250,262,268,277,278,279,280,283,289,290,291,292,293,294,295,296,301,305,306,307,333,334,335,336,337,389,401,402,403,
63;0;2047;2116;0;36,53,54,55,56,57,58,59,60,61,62,70,77,90,115,116,135,137,151,153,154,155,158,159,160,161,162,163,164,165,166,177,178,179,180,181,182,193,194,195,196,197,198,199,206,207,208,209,210,216,220,250,262,268,277,278,279,280,283,289,290,291,292,293,294,295,296,301,305,306,307,333,334,335,336,337,389,401,402,403,
63;1;2116;2147;0;36,53,54,55,56,57,58,59,60,61,62,70,77,90,115,116,135,137,151,153,154,155,158,159,160,161,162,163,164,165,166,177,178,179,180,181,182,193,194,195,196,197,198,199,206,207,208,209,210,216,220,250,262,268,277,278,279,280,283,289,290,291,292,293,294,295,296,301,305,306,307,333,334,335,336,337,389,401,402,403,
129;0;2147;2158;1;36,53,54,55,56,57,58,59,60,61,62,70,77,90,115,116,135,137,151,153,154,155,158,159,160,161,162,163,164,165,166,177,178,179,180,181,182,193,194,195,196,197,198,199,206,207,208,209,210,216,220,250,262,268,277,278,279,280,283,289,290,291,292,293,294,295,296,301,305,306,307,333,334,335,336,337,389,401,402,403,
129;1;2158;2334;1;36,53,54,55,56,57,58,59,60,61,62,70,77,90,115,116,135,137,151,153,154,155,158,159,160,161,162,163,164,165,166,177,178,179,180,181,182,193,194,195,196,197,198,199,206,207,208,209,210,216,220,250,262,268,277,278,279,280,283,289,290,291,292,293,294,295,296,301,305,306,307,333,334,335,336,337,389,401,402,403,
160;0;2334;2385;0;36,53,54,55,56,57,58,59,60,61,62,70,77,90,115,116,135,137,151,153,154,155,158,159,160,161,162,163,164,165,166,177,178,179,180,181,182,193,194,195,196,197,198,199,206,207,208,209,210,216,220,250,262,268,277,278,279,280,283,289,290,291,292,293,294,295,296,301,305,306,307,333,334,335,336,337,389,401,402,403,
190;0;2385;2481;0;36,53,54,55,56,57,58,59,60,61,62,70,77,90,115,116,135,137,151,153,154,155,158,159,160,161,162,163,164,165,166,177,178,179,180,181,182,193,194,195,196,197,198,199,206,207,208,209,210,216,220,250,262,268,277,278,279,280,283,289,290,291,292,293,294,295,296,301,305,306,307,333,334,335,336,337,389,401,402,403,
192;0;2481;2525;0;36,53,54,55,56,57,58,59,60,61,62,70,77,90,115,116,135,137,151,153,154,155,158,159,160,161,162,163,164,165,166,177,178,179,180,181,182,193,194,195,196,197,198,199,206,207,208,209,210,216,220,250,262,268,277,278,279,280,283,289,290,291,292,293,294,295,296,301,305,306,307,333,334,335,336,337,389,401,402,403,
27;0;2525;2630;0;36,53,54,55,56,57,58,59,60,61,62,70,77,90,115,116,135,137,151,153,154,155,158,159,160,161,162,163,164,165,166,177,178,179,180,181,182,193,194,195,196,197,198,199,206,207,208,209,210,216,220,250,262,268,277,278,279,280,283,289,290,291,292,293,294,295,296,301,305,306,307,333,334,335,336,337,389,401,402,403,
90;0;2630;2739;0;36,53,54,55,56,57,58,59,60,61,62,70,77,90,115,116,135,137,151,153,154,155,158,159,160,161,162,163,164,165,166,177,178,179,180,181,182,193,194,195,196,197,198,199,206,207,208,209,210,216,220,250,262,268,277,278,279,280,283,289,290,291,292,293,294,295,296,301,305,306,307,333,334,335,336,337,389,401,402,403,
21;0;2739;2763;1;36,53,54,55,56,57,58,59,60,61,62,70,77,90,115,116,135,137,151,153,154,155,158,159,160,161,162,163,164,165,166,177,178,179,180,181,182,193,194,195,196,197,198,199,206,207,208,209,210,216,220,250,262,268,277,278,279,280,283,289,290,291,292,293,294,295,296,301,305,306,307,333,334,335,336,337,389,401,402,403,
21;1;2763;2872;1;36,53,54,55,56,57,58,59,60,61,62,70,77,90,115,116,135,137,151,153,154,155,158,159,160,161,162,163,164,165,166,177,178,179,180,181,182,193,194,195,196,197,198,199,206,207,208,209,210,216,220,250,262,268,277,278,279,280,283,289,290,291,292,293,294,295,296,301,305,306,307,333,334,335,336,337,389,401,402,403,
102;0;2872;2923;0;36,53,54,55,56,57,58,59,60,61,62,70,77,90,115,116,135,137,151,153,154,155,158,159,160,161,162,163,164,165,166,177,178,179,180,181,182,193,194,195,196,197,198,199,206,207,208,209,210,216,220,250,262,268,277,278,279,280,283,289,290,291,292,293,294,295,296,301,305,306,307,333,334,335,336,337,389,401,402,403,
53;0;2923;3021;0;36,53,54,55,56,57,58,59,60,61,62,70,77,90,115,116,135,137,151,153,154,155,158,159,160,161,162,163,164,165,166,177,178,179,180,181,182,193,194,195,196,197,198,199,206,207,208,209,210,216,220,250,262,268,277,278,279,280,283,289,290,291,292,293,294,295,296,301,305,306,307,333,334,335,336,337,389,401,402,403,
53;1;3021;3081;0;36,53,54,55,56,57,58,59,60,61,62,70,77,90,115,116,135,137,151,153,154,155,158,159,160,161,162,163,164,165,166,177,178,179,180,181,182,193,194,195,196,197,198,199,206,207,208,209,210,216,220,250,262,268,277,278,279,280,283,289,290,291,292,293,294,295,296,301,305,306,307,333,334,335,336,337,389,401,402,403,
59;0;3081;3174;1;36,53,54,55,56,57,58,59,60,61,62,70,77,90,115,116,135,137,151,153,154,155,158,159,160,161,162,163,164,165,166,177,178,179,180,181,182,193,194,195,196,197,198,199,206,207,208,209,210,216,220,250,262,268,277,278,279,280,283,289,290,291,292,293,294,295,296,301,305,306,307,333,334,335,336,337,389,401,402,403,
59;1;3174;3298;1;36,53,54,55,56,57,58,59,60,61,62,70,77,90,115,116,135,137,151,153,154,155,158,159,160,161,162,163,164,165,166,177,178,179,180,181,182,193,194,195,196,197,198,199,206,207,208,209,210,216,220,250,262,268,277,278,279,280,283,289,290,291,292,293,294,295,296,301,305,306,307,333,334,335,336,337,389,401,402,403,
131;0;3298;3310;1;36,53,54,55,56,57,58,59,60,61,62,70,77,90,115,116,135,137,151,153,154,155,158,159,160,161,162,163,164,165,166,177,178,179,180,181,182,193,194,195,196,197,198,199,206,207,208,209,210,216,220,250,262,268,277,278,279,280,283,289,290,291,292,293,294,295,296,301,305,306,307,333,334,335,336,337,389,401,402,403,
131;1;3310;3434;1;36,53,54,55,56,57,58,59,60,61,62,70,77,90,115,116,135,137,151,153,154,155,158,159,160,161,162,163,164,165,166,177,178,179,180,181,182,193,194,195,196,197,198,199,206,207,208,209,210,216,220,250,262,268,277,278,279,280,283,289,290,291,292,293,294,295,296,301,305,306,307,333,334,335,336,337,389,401,402,403,
161;0;3434;3532;1;36,53,54,55,56,57,58,59,60,61,62,70,77,90,115,116,135,137,151,153,154,155,158,159,160,161,162,163,164,165,166,177,178,179,180,181,182,193,194,195,196,197,198,199,206,207,208,209,210,216,220,250,262,268,277,278,279,280,283,289,290,291,292,293,294,295,296,301,305,306,307,333,334,335,336,337,389,401,402,403,
161;1;3532;3616;1;36,53,54,55,56,57,58,59,60,61,62,70,77,90,115,116,135,137,151,153,154,155,158,159,160,161,162,163,164,165,166,177,178,179,180,181,182,193,194,195,196,197,198,199,206,207,208,209,210,216,220,250,262,268,277,278,279,280,283,289,290,291,292,293,294,295,296,301,305,306,307,333,334,335,336,337,389,401,402,403,
111;0;3616;3692;1;36,53,54,55,56,57,58,59,60,61,62,70,77,90,115,116,135,137,151,153,154,155,158,159,160,161,162,163,164,165,166,177,178,179,180,181,182,193,194,195,196,197,198,199,206,207,208,209,210,216,220,250,262,268,277,278,279,280,283,289,290,291,292,293,294,295,296,301,305,306,307,333,334,335,336,337,389,401,402,403,
111;1;3692;3715;1;36,53,54,55,56,57,58,59,60,61,62,70,77,90,115,116,135,137,151,153,154,155,158,159,160,161,162,163,164,165,166,177,178,179,180,181,182,193,194,195,196,197,198,199,206,207,208,209,210,216,220,250,262,268,277,278,279,280,283,289,290,291,292,293,294,295,296,301,305,306,307,333,334,335,336,337,389,401,402,403,
7;0;3715;3746;0;36,53,54,55,56,57,58,59,60,61,62,70,77,90,115,116,135,137,151,153,154,155,158,159,160,161,162,163,164,165,166,177,178,179,180,181,182,193,194,195,196,197,198,199,206,207,208,209,210,216,220,250,262,268,277,278,279,280,283,289,290,291,292,293,294,295,296,301,305,306,307,333,334,335,336,337,389,401,402,403,
31;0;3746;3918;1;36,53,54,55,56,57,58,59,60,61,62,70,77,90,115,116,135,137,151,153,154,155,158,159,160,161,162,163,164,165,166,177,178,179,180,181,182,193,194,195,196,197,198,199,206,207,208,209,210,216,220,250,262,268,277,278,279,280,283,289,290,291,292,293,294,295,296,301,305,306,307,333,334,335,336,337,389,401,402,403,
31;1;3918;3990;1;36,53,54,55,56,57,58,59,60,61,62,70,77,90,115,116,135,137,151,153,154,155,158,159,160,161,162,163,164,165,166,177,178,179,180,181,182,193,194,195,196,197,198,199,206,207,208,209,210,216,220,250,262,268,277,278,279,280,283,289,290,291,292,293,294,295,296,301,305,306,307,333,334,335,336,337,389,401,402,403,
33;0;3990;4039;0;36,53,54,55,56,57,58,59,60,61,62,70,77,90,115,116,135,137,151,153,154,155,158,159,160,161,162,163,164,165,166,177,178,179,180,181,182,193,194,195,196,197,198,199,206,207,208,209,210,216,220,250,262,268,277,278,279,280,283,289,290,291,292,293,294,295,296,301,305,306,307,333,334,335,336,337,389,401,402,403,
33;1;4039;4182;0;36,53,54,55,56,57,58,59,60,61,62,70,77,90,115,116,135,137,151,153,154,155,158,159,160,161,162,163,164,165,166,177,178,179,180,181,182,193,194,195,196,197,198,199,206,207,208,209,210,216,220,250,262,268,277,278,279,280,283,289,290,291,292,293,294,295,296,301,305,306,307,333,334,335,336,337,389,401,402,403,
10;0;4182;4278;0;36,53,54,55,56,57,58,59,60,61,62,70,77,90,115,116,135,137,151,153,154,155,158,159,160,161,162,163,164,165,166,177,178,179,180,181,182,193,194,195,196,197,198,199,206,207,208,209,210,216,220,250,262,268,277,278,279,280,283,289,290,291,292,293,294,295,296,301,305,306,307,333,334,335,336,337,389,401,402,403,
174;0;4278;4406;1;36,53,54,55,56,57,58,59,60,61,62,70,77,90,115,116,135,137,151,153,154,155,158,159,160,161,162,163,164,165,166,177,178,179,180,181,182,193,194,195,196,197,198,199,206,207,208,209,210,216,220,250,262,268,277,278,279,280,283,289,290,291,292,293,294,295,296,301,305,306,307,333,334,335,336,337,389,401,402,403,
174;1;4406;4554;1;36,53,54,55,56,57,58,59,60,61,62,70,77,90,115,116,135,137,151,153,154,155,158,159,160,161,162,163,164,165,166,177,178,179,180,181,182,193,194,195,196,197,198,199,206,207,208,209,210,216,220,250,262,268,277,278,279,280,283,289,290,291,292,293,294,295,296,301,305,306,307,333,334,335,336,337,389,401,402,403,
117;0;4554;4734;0;36,53,54,55,56,57,58,59,60,61,62,70,77,90,115,116,135,137,151,153,154,155,158,159,160,161,162,163,164,165,166,177,178,179,180,181,182,193,194,195,196,197,198,199,206,207,208,209,210,216,220,250,262,268,277,278,279,280,283,289,290,291,292,293,294,295,296,301,305,306,307,333,334,335,336,337,389,401,402,403,
194;0;4734;4754;1;36,53,54,55,56,57,58,59,60,61,62,70,77,90,115,116,135,137,151,153,154,155,158,159,160,161,162,163,164,165,166,177,178,179,180,181,182,193,194,195,196,197,198,199,206,207,208,209,210,216,220,250,262,268,277,278,279,280,283,289,290,291,292,293,294,295,296,301,305,306,307,333,334,335,336,337,389,401,402,403,
194;1;4754;4814;1;36,53,54,55,56,57,58,59,60,61,62,70,77,90,115,116,135,137,151,153,154,155,158,159,160,161,162,163,164,165,166,177,178,179,180,181,182,193,194,195,196,197,198,199,206,207,208,209,210,216,220,250,262,268,277,278,279,280,283,289,290,291,292,293,294,295,296,301,305,306,307,333,334,335,336,337,389,401,402,403,
Machine: 4
85;0;0;27;0;36,38,71,73,77,82,84,85,89,90,103,117,120,132,133,134,135,136,137,138,139,140,141,151,153,154,177,191,208,216,220,221,248,249,250,253,254,255,256,257,258,259,260,261,277,278,279,286,287,288,293,297,298,299,301,373,374,375,376,377,378,383,384,385,386,387,388,404,405,406,407,408,409,410,411,412,413,414,415,416,
196;0;27;190;1;36,38,71,73,77,82,84,85,89,90,103,117,120,132,133,134,135,136,137,138,139,140,141,151,153,154,177,191,208,216,220,221,248,249,250,253,254,255,256,257,258,259,260,261,277,278,279,286,287,288,293,297,298,299,301,373,374,375,376,377,378,383,384,385,386,387,388,404,405,406,407,408,409,410,411,412,413,414,415,416,
196;1;190;327;1;36,38,71,73,77,82,84,85,89,90,103,117,120,132,133,134,135,136,137,138,139,140,141,151,153,154,177,191,208,216,220,221,248,249,250,253,254,255,256,257,258,259,260,261,277,278,279,286,287,288,293,297,298,299,301,373,374,375,376,377,378,383,384,385,386,387,388,404,405,406,407,408,409,410,411,412,413,414,415,416,
140;0;327;354;0;36,38,71,73,77,82,84,85,89,90,103,117,120,132,133,134,135,136,137,138,139,140,141,151,153,154,177,191,208,216,220,221,248,249,250,253,254,255,256,257,258,259,260,261,277,278,279,286,287,288,293,297,298,299,301,373,374,375,376,377,378,383,384,385,386,387,388,404,405,406,407,408,409,410,411,412,413,414,415,416,
100;0;354;454;0;36,38,71,73,77,82,84,85,89,90,103,117,120,132,133,134,135,136,137,138,139,140,141,151,153,154,177,191,208,216,220,221,248,249,250,253,254,255,256,257,258,259,260,261,277,278,279,286,287,288,293,297,298,299,301,373,374,375,376,377,378,383,384,385,386,387,388,404,405,406,407,408,409,410,411,412,413,414,415,416,
181;0;454;487;1;36,38,71,73,77,82,84,85,89,90,103,117,120,132,133,134,135,136,137,138,139,140,141,151,153,154,177,191,208,216,220,221,248,249,250,253,254,255,256,257,258,259,260,261,277,278,279,286,287,288,293,297,298,299,301,373,374,375,376,377,378,383,384,385,386,387,388,404,405,406,407,408,409,410,411,412,413,414,415,416,
181;1;487;587;1;36,38,71,73,77,82,84,85,89,90,103,117,120,132,133,134,135,136,137,138,139,140,141,151,153,154,177,191,208,216,220,221,248,249,250,253,254,255,256,257,258,259,260,261,277,278,279,286,287,288,293,297,298,299,301,373,374,375,376,377,378,383,384,385,386,387,388,404,405,406,407,408,409,410,411,412,413,414,415,416,
130;0;587;718;0;36,38,71,73,77,82,84,85,89,90,103,117,120,132,133,134,135,136,137,138,139,140,141,151,153,154,177,191,208,216,220,221,248,249,250,253,254,255,256,257,258,259,260,261,277,278,279,286,287,288,293,297,298,299,301,373,374,375,376,377,378,383,384,385,386,387,388,404,405,406,407,408,409,410,411,412,413,414,415,416,
45;0;718;757;0;36,38,71,73,77,82,84,85,89,90,103,117,120,132,133,134,135,136,137,138,139,140,141,151,153,154,177,191,208,216,220,221,248,249,250,253,254,255,256,257,258,259,260,261,277,278,279,286,287,288,293,297,298,299,301,373,374,375,376,377,378,383,384,385,386,387,388,404,405,406,407,408,409,410,411,412,413,414,415,416,
18;0;757;771;0;36,38,71,73,77,82,84,85,89,90,103,117,120,132,133,134,135,136,137,138,139,140,141,151,153,154,177,191,208,216,220,221,248,249,250,253,254,255,256,257,258,259,260,261,277,278,279,286,287,288,293,297,298,299,301,373,374,375,376,377,378,383,384,385,386,387,388,404,405,406,407,408,409,410,411,412,413,414,415,416,
18;1;771;905;0;36,38,71,73,77,82,84,85,89,90,103,117,120,132,133,134,135,136,137,138,139,140,141,151,153,154,177,191,208,216,220,221,248,249,250,253,254,255,256,257,258,259,260,261,277,278,279,286,287,288,293,297,298,299,301,373,374,375,376,377,378,383,384,385,386,387,388,404,405,406,407,408,409,410,411,412,413,414,415,416,
88;0;905;1074;0;36,38,71,73,77,82,84,85,89,90,103,117,120,132,133,134,135,136,137,138,139,140,141,151,153,154,177,191,208,216,220,221,248,249,250,253,254,255,256,257,258,259,260,261,277,278,279,286,287,288,293,297,298,299,301,373,374,375,376,377,378,383,384,385,386,387,388,404,405,406,407,408,409,410,411,412,413,414,415,416,
88;1;1074;1208;0;36,38,71,73,77,82,84,85,89,90,103,117,120,132,133,134,135,136,137,138,139,140,141,151,153,154,177,191,208,216,220,221,248,249,250,253,254,255,256,257,258,259,260,261,277,278,279,286,287,288,293,297,298,299,301,373,374,375,376,377,378,383,384,385,386,387,388,404,405,406,407,408,409,410,411,412,413,414,415,416,
37;0;1208;1258;0;36,38,71,73,77,82,84,85,89,90,103,117,120,132,133,134,135,136,137,138,139,140,141,151,153,154,177,191,208,216,220,221,248,249,250,253,254,255,256,257,258,259,260,261,277,278,279,286,287,288,293,297,298,299,301,373,374,375,376,377,378,383,384,385,386,387,388,404,405,406,407,408,409,410,411,412,413,414,415,416,
153;0;1258;1297;0;36,38,71,73,77,82,84,85,89,90,103,117,120,132,133,134,135,136,137,138,139,140,141,151,153,154,177,191,208,216,220,221,248,249,250,253,254,255,256,257,258,259,260,261,277,278,279,286,287,288,293,297,298,299,301,373,374,375,376,377,378,383,384,385,386,387,388,404,405,406,407,408,409,410,411,412,413,414,415,416,
153;1;1297;1431;0;36,38,71,73,77,82,84,85,89,90,103,117,120,132,133,134,135,136,137,138,139,140,141,151,153,154,177,191,208,216,220,221,248,249,250,253,254,255,256,257,258,259,260,261,277,278,279,286,287,288,293,297,298,299,301,373,374,375,376,377,378,383,384,385,386,387,388,404,405,406,407,408,409,410,411,412,413,414,415,416,
93;0;1431;1435;0;36,38,71,73,77,82,84,85,89,90,103,117,120,132,133,134,135,136,137,138,139,140,141,151,153,154,177,191,208,216,220,221,248,249,250,253,254,255,256,257,258,259,260,261,277,278,279,286,287,288,293,297,298,299,301,373,374,375,376,377,378,383,384,385,386,387,388,404,405,406,407,408,409,410,411,412,413,414,415,416,
93;1;1435;1550;0;36,38,71,73,77,82,84,85,89,90,103,117,120,132,133,134,135,136,137,138,139,140,141,151,153,154,177,191,208,216,220,221,248,249,250,253,254,255,256,257,258,259,260,261,277,278,279,286,287,288,293,297,298,299,301,373,374,375,376,377,378,383,384,385,386,387,388,404,405,406,407,408,409,410,411,412,413,414,415,416,
162;0;1550;1589;0;36,38,71,73,77,82,84,85,89,90,103,117,120,132,133,134,135,136,137,138,139,140,141,151,153,154,177,191,208,216,220,221,248,249,250,253,254,255,256,257,258,259,260,261,277,278,279,286,287,288,293,297,298,299,301,373,374,375,376,377,378,383,384,385,386,387,388,404,405,406,407,408,409,410,411,412,413,414,415,416,
107;0;1589;1601;0;36,38,71,73,77,82,84,85,89,90,103,117,120,132,133,134,135,136,137,138,139,140,141,151,153,154,177,191,208,216,220,221,248,249,250,253,254,255,256,257,258,259,260,261,277,278,279,286,287,288,293,297,298,299,301,373,374,375,376,377,378,383,384,385,386,387,388,404,405,406,407,408,409,410,411,412,413,414,415,416,
83;0;1601;1689;0;36,38,71,73,77,82,84,85,89,90,103,117,120,132,133,134,135,136,137,138,139,140,141,151,153,154,177,191,208,216,220,221,248,249,250,253,254,255,256,257,258,259,260,261,277,278,279,286,287,288,293,297,298,299,301,373,374,375,376,377,378,383,384,385,386,387,388,404,405,406,407,408,409,410,411,412,413,414,415,416,
83;1;1689;1790;0;36,38,71,73,77,82,84,85,89,90,103,117,120,132,133,134,135,136,137,138,139,140,141,151,153,154,177,191,208,216,220,221,248,249,250,253,254,255,256,257,258,259,260,261,277,278,279,286,287,288,293,297,298,299,301,373,374,375,376,377,378,383,384,385,386,387,388,404,405,406,407,408,409,410,411,412,413,414,415,416,
175;0;1790;1927;0;36,38,71,73,77,82,84,85,89,90,103,117,120,132,133,134,135,136,137,138,139,140,141,151,153,154,177,191,208,216,220,221,248,249,250,253,254,255,256,257,258,259,260,261,277,278,279,286,287,288,293,297,298,299,301,373,374,375,376,377,378,383,384,385,386,387,388,404,405,406,407,408,409,410,411,412,413,414,415,416,
54;0;1927;2093;1;18,36,38,70,71,72,73,74,75,76,77,78,79,82,84,85,90,103,120,135,151,152,153,154,155,156,157,177,179,191,208,209,210,214,215,216,217,220,221,240,248,249,250,251,252,253,254,255,256,257,258,259,260,261,277,278,286,287,288,297,298,299,300,301,302,338,339,340,341,342,343,344,345,346,347,404,405,406,407,408,
54;1;2093;2184;1;18,36,38,70,71,72,73,74,75,76,77,78,79,82,84,85,90,103,120,135,151,152,153,154,155,156,157,177,179,191,208,209,210,214,215,216,217,220,221,240,248,249,250,251,252,253,254,255,256,257,258,259,260,261,277,278,286,287,288,297,298,299,300,301,302,338,339,340,341,342,343,344,345,346,347,404,405,406,407,408,
150;0;2184;2336;0;18,36,38,70,71,72,73,74,75,76,77,78,79,82,84,85,90,103,120,135,151,152,153,154,155,156,157,177,179,191,208,209,210,214,215,216,217,220,221,240,248,249,250,251,252,253,254,255,256,257,258,259,260,261,277,278,286,287,288,297,298,299,300,301,302,338,339,340,341,342,343,344,345,346,347,404,405,406,407,408,
178;0;2336;2409;0;18,36,38,70,71,72,73,74,75,76,77,78,79,82,84,85,90,103,120,135,151,152,153,154,155,156,157,177,179,191,208,209,210,214,215,216,217,220,221,240,248,249,250,251,252,253,254,255,256,257,258,259,260,261,277,278,286,287,288,297,298,299,300,301,302,338,339,340,341,342,343,344,345,346,347,404,405,406,407,408,
178;1;2409;2482;0;18,36,38,70,71,72,73,74,75,76,77,78,79,82,84,85,90,103,120,135,151,152,153,154,155,156,157,177,179,191,208,209,210,214,215,216,217,220,221,240,248,249,250,251,252,253,254,255,256,257,258,259,260,261,277,278,286,287,288,297,298,299,300,301,302,338,339,340,341,342,343,344,345,346,347,404,405,406,407,408,
195;0;2482;2486;0;18,36,38,70,71,72,73,74,75,76,77,78,79,82,84,85,90,103,120,135,151,152,153,154,155,156,157,177,179,191,208,209,210,214,215,216,217,220,221,240,248,249,250,251,252,253,254,255,256,257,258,259,260,261,277,278,286,287,288,297,298,299,300,301,302,338,339,340,341,342,343,344,345,346,347,404,405,406,407,408,
185;0;2486;2634;0;18,36,38,70,71,72,73,74,75,76,77,78,79,82,84,85,90,103,120,135,151,152,153,154,155,156,157,177,179,191,208,209,210,214,215,216,217,220,221,240,248,249,250,251,252,253,254,255,256,257,258,259,260,261,277,278,286,287,288,297,298,299,300,301,302,338,339,340,341,342,343,344,345,346,347,404,405,406,407,408,
180;0;2634;2668;0;18,36,38,70,71,72,73,74,75,76,77,78,79,82,84,85,90,103,120,135,151,152,153,154,155,156,157,177,179,191,208,209,210,214,215,216,217,220,221,240,248,249,250,251,252,253,254,255,256,257,258,259,260,261,277,278,286,287,288,297,298,299,300,301,302,338,339,340,341,342,343,344,345,346,347,404,405,406,407,408,
112;0;2668;2718;0;18,36,38,70,71,72,73,74,75,76,77,78,79,82,84,85,90,103,120,135,151,152,153,154,155,156,157,177,179,191,208,209,210,214,215,216,217,220,221,240,248,249,250,251,252,253,254,255,256,257,258,259,260,261,277,278,286,287,288,297,298,299,300,301,302,338,339,340,341,342,343,344,345,346,347,404,405,406,407,408,
125;0;2718;2757;0;18,36,38,70,71,72,73,74,75,76,77,78,79,82,84,85,90,103,120,135,151,152,153,154,155,156,157,177,179,191,208,209,210,214,215,216,217,220,221,240,248,249,250,251,252,253,254,255,256,257,258,259,260,261,277,278,286,287,288,297,298,299,300,301,302,338,339,340,341,342,343,344,345,346,347,404,405,406,407,408,
148;0;2757;2778;0;18,36,38,70,71,72,73,74,75,76,77,78,79,82,84,85,90,103,120,135,151,152,153,154,155,156,157,177,179,191,208,209,210,214,215,216,217,220,221,240,248,249,250,251,252,253,254,255,256,257,258,259,260,261,277,278,286,287,288,297,298,299,300,301,302,338,339,340,341,342,343,344,345,346,347,404,405,406,407,408,
148;1;2778;2817;0;18,36,38,70,71,72,73,74,75,76,77,78,79,82,84,85,90,103,120,135,151,152,153,154,155,156,157,177,179,191,208,209,210,214,215,216,217,220,221,240,248,249,250,251,252,253,254,255,256,257,258,259,260,261,277,278,286,287,288,297,298,299,300,301,302,338,339,340,341,342,343,344,345,346,347,404,405,406,407,408,
44;0;2817;2856;1;18,36,38,70,71,72,73,74,75,76,77,78,79,82,84,85,90,103,120,135,151,152,153,154,155,156,157,177,179,191,208,209,210,214,215,216,217,220,221,240,248,249,250,251,252,253,254,255,256,257,258,259,260,261,277,278,286,287,288,297,298,299,300,301,302,338,339,340,341,342,343,344,345,346,347,404,405,406,407,408,
44;1;2856;2895;1;18,36,38,70,71,72,73,74,75,76,77,78,79,82,84,85,90,103,120,135,151,152,153,154,155,156,157,177,179,191,208,209,210,214,215,216,217,220,221,240,248,249,250,251,252,253,254,255,256,257,258,259,260,261,277,278,286,287,288,297,298,299,300,301,302,338,339,340,341,342,343,344,345,346,347,404,405,406,407,408,
199;0;2895;2998;1;18,36,38,70,71,72,73,74,75,76,77,78,79,82,84,85,90,103,120,135,151,152,153,154,155,156,157,177,179,191,208,209,210,214,215,216,217,220,221,240,248,249,250,251,252,253,254,255,256,257,258,259,260,261,277,278,286,287,288,297,298,299,300,301,302,338,339,340,341,342,343,344,345,346,347,404,405,406,407,408,
199;1;2998;3037;1;18,36,38,70,71,72,73,74,75,76,77,78,79,82,84,85,90,103,120,135,151,152,153,154,155,156,157,177,179,191,208,209,210,214,215,216,217,220,221,240,248,249,250,251,252,253,254,255,256,257,258,259,260,261,277,278,286,287,288,297,298,299,300,301,302,338,339,340,341,342,343,344,345,346,347,404,405,406,407,408,
75;0;3037;3152;0;18,36,38,70,71,72,73,74,75,76,77,78,79,82,84,85,90,103,120,135,151,152,153,154,155,156,157,177,179,191,208,209,210,214,215,216,217,220,221,240,248,249,250,251,252,253,254,255,256,257,258,259,260,261,277,278,286,287,288,297,298,299,300,301,302,338,339,340,341,342,343,344,345,346,347,404,405,406,407,408,
9;0;3152;3271;1;18,36,38,70,71,72,73,74,75,76,77,78,79,82,84,85,90,103,120,135,151,152,153,154,155,156,157,177,179,191,208,209,210,214,215,216,217,220,221,240,248,249,250,251,252,253,254,255,256,257,258,259,260,261,277,278,286,287,288,297,298,299,300,301,302,338,339,340,341,342,343,344,345,346,347,404,405,406,407,408,
9;1;3271;3334;1;18,36,38,70,71,72,73,74,75,76,77,78,79,82,84,85,90,103,120,135,151,152,153,154,155,156,157,177,179,191,208,209,210,214,215,216,217,220,221,240,248,249,250,251,252,253,254,255,256,257,258,259,260,261,277,278,286,287,288,297,298,299,300,301,302,338,339,340,341,342,343,344,345,346,347,404,405,406,407,408,
20;0;3334;3407;0;18,36,38,70,71,72,73,74,75,76,77,78,79,82,84,85,90,103,120,135,151,152,153,154,155,156,157,177,179,191,208,209,210,214,215,216,217,220,221,240,248,249,250,251,252,253,254,255,256,257,258,259,260,261,277,278,286,287,288,297,298,299,300,301,302,338,339,340,341,342,343,344,345,346,347,404,405,406,407,408,
92;0;3407;3538;0;18,36,38,70,71,72,73,74,75,76,77,78,79,82,84,85,90,103,120,135,151,152,153,154,155,156,157,177,179,191,208,209,210,214,215,216,217,220,221,240,248,249,250,251,252,253,254,255,256,257,258,259,260,261,277,278,286,287,288,297,298,299,300,301,302,338,339,340,341,342,343,344,345,346,347,404,405,406,407,408,
51;0;3538;3626;1;18,36,38,70,71,72,73,74,75,76,77,78,79,82,84,85,90,103,120,135,151,152,153,154,155,156,157,177,179,191,208,209,210,214,215,216,217,220,221,240,248,249,250,251,252,253,254,255,256,257,258,259,260,261,277,278,286,287,288,297,298,299,300,301,302,338,339,340,341,342,343,344,345,346,347,404,405,406,407,408,
51;1;3626;3763;1;18,36,38,70,71,72,73,74,75,76,77,78,79,82,84,85,90,103,120,135,151,152,153,154,155,156,157,177,179,191,208,209,210,214,215,216,217,220,221,240,248,249,250,251,252,253,254,255,256,257,258,259,260,261,277,278,286,287,288,297,298,299,300,301,302,338,339,340,341,342,343,344,345,346,347,404,405,406,407,408,
126;0;3763;3900;1;18,36,38,70,71,72,73,74,75,76,77,78,79,82,84,85,90,103,120,135,151,152,153,154,155,156,157,177,179,191,208,209,210,214,215,216,217,220,221,240,248,249,250,251,252,253,254,255,256,257,258,259,260,261,277,278,286,287,288,297,298,299,300,301,302,338,339,340,341,342,343,344,345,346,347,404,405,406,407,408,
126;1;3900;3934;1;18,36,38,70,71,72,73,74,75,76,77,78,79,82,84,85,90,103,120,135,151,152,153,154,155,156,157,177,179,191,208,209,210,214,215,216,217,220,221,240,248,249,250,251,252,253,254,255,256,257,258,259,260,261,277,278,286,287,288,297,298,299,300,301,302,338,339,340,341,342,343,344,345,346,347,404,405,406,407,408,
70;0;3934;4071;0;18,36,38,70,71,72,73,74,75,76,77,78,79,82,84,85,90,103,120,135,151,152,153,154,155,156,157,177,179,191,208,209,210,214,215,216,217,220,221,240,248,249,250,251,252,253,254,255,256,257,258,259,260,261,277,278,286,287,288,297,298,299,300,301,302,338,339,340,341,342,343,344,345,346,347,404,405,406,407,408,
35;0;4071;4075;0;18,36,38,70,71,72,73,74,75,76,77,78,79,82,84,85,90,103,120,135,151,152,153,154,155,156,157,177,179,191,208,209,210,214,215,216,217,220,221,240,248,249,250,251,252,253,254,255,256,257,258,259,260,261,277,278,286,287,288,297,298,299,300,301,302,338,339,340,341,342,343,344,345,346,347,404,405,406,407,408,
Machine: 5
166;0;0;86;1;10,11,12,13,14,15,16,17,18,19,21,40,53,77,134,135,148,151,158,165,183,186,188,190,197,208,216,221,229,230,231,232,233,234,235,236,237,238,239,240,241,242,243,244,259,277,278,279,280,281,282,283,284,285,308,309,310,311,312,313,314,315,316,323,324,325,326,327,328,329,330,331,332,420,425,426,427,428,429,430,
166;1;86;258;1;10,11,12,13,14,15,16,17,18,19,21,40,53,77,134,135,148,151,158,165,183,186,188,190,197,208,216,221,229,230,231,232,233,234,235,236,237,238,239,240,241,242,243,244,259,277,278,279,280,281,282,283,284,285,308,309,310,311,312,313,314,315,316,323,324,325,326,327,328,329,330,331,332,420,425,426,427,428,429,430,
152;0;258;339;0;10,11,12,13,14,15,16,17,18,19,21,40,53,77,134,135,148,151,158,165,183,186,188,190,197,208,216,221,229,230,231,232,233,234,235,236,237,238,239,240,241,242,243,244,259,277,278,279,280,281,282,283,284,285,308,309,310,311,312,313,314,315,316,323,324,325,326,327,328,329,330,331,332,420,425,426,427,428,429,430,
122;0;339;500;0;10,11,12,13,14,15,16,17,18,19,21,40,53,77,134,135,148,151,158,165,183,186,188,190,197,208,216,221,229,230,231,232,233,234,235,236,237,238,239,240,241,242,243,244,259,277,278,279,280,281,282,283,284,285,308,309,310,311,312,313,314,315,316,323,324,325,326,327,328,329,330,331,332,420,425,426,427,428,429,430,
142;0;500;621;0;10,11,12,13,14,15,16,17,18,19,21,40,53,77,134,135,148,151,158,165,183,186,188,190,197,208,216,221,229,230,231,232,233,234,235,236,237,238,239,240,241,242,243,244,259,277,278,279,280,281,282,283,284,285,308,309,310,311,312,313,314,315,316,323,324,325,326,327,328,329,330,331,332,420,425,426,427,428,429,430,
149;0;621;781;1;10,11,12,13,14,15,16,17,18,19,21,40,53,77,134,135,148,151,158,165,183,186,188,190,197,208,216,221,229,230,231,232,233,234,235,236,237,238,239,240,241,242,243,244,259,277,278,279,280,281,282,283,284,285,308,309,310,311,312,313,314,315,316,323,324,325,326,327,328,329,330,331,332,420,425,426,427,428,429,430,
149;1;781;815;1;10,11,12,13,14,15,16,17,18,19,21,40,53,77,134,135,148,151,158,165,183,186,188,190,197,208,216,221,229,230,231,232,233,234,235,236,237,238,239,240,241,242,243,244,259,277,278,279,280,281,282,283,284,285,308,309,310,311,312,313,314,315,316,323,324,325,326,327,328,329,330,331,332,420,425,426,427,428,429,430,
1;0;815;939;0;10,11,12,13,14,15,16,17,18,19,21,40,53,77,134,135,148,151,158,165,183,186,188,190,197,208,216,221,229,230,231,232,233,234,235,236,237,238,239,240,241,242,243,244,259,277,278,279,280,281,282,283,284,285,308,309,310,311,312,313,314,315,316,323,324,325,326,327,328,329,330,331,332,420,425,426,427,428,429,430,
1;1;939;1004;0;10,11,12,13,14,15,16,17,18,19,21,40,53,77,134,135,148,151,158,165,183,186,188,190,197,208,216,221,229,230,231,232,233,234,235,236,237,238,239,240,241,242,243,244,259,277,278,279,280,281,282,283,284,285,308,309,310,311,312,313,314,315,316,323,324,325,326,327,328,329,330,331,332,420,425,426,427,428,429,430,
183;0;1004;1168;0;10,11,12,13,14,15,16,17,18,19,21,40,53,77,134,135,148,151,158,165,183,186,188,190,197,208,216,221,229,230,231,232,233,234,235,236,237,238,239,240,241,242,243,244,259,277,278,279,280,281,282,283,284,285,308,309,310,311,312,313,314,315,316,323,324,325,326,327,328,329,330,331,332,420,425,426,427,428,429,430,
183;1;1168;1299;0;10,11,12,13,14,15,16,17,18,19,21,40,53,77,134,135,148,151,158,165,183,186,188,190,197,208,216,221,229,230,231,232,233,234,235,236,237,238,239,240,241,242,243,244,259,277,278,279,280,281,282,283,284,285,308,309,310,311,312,313,314,315,316,323,324,325,326,327,328,329,330,331,332,420,425,426,427,428,429,430,
66;0;1299;1408;1;10,11,12,13,14,15,16,17,18,19,21,40,53,77,134,135,148,151,158,165,183,186,188,190,197,208,216,221,229,230,231,232,233,234,235,236,237,238,239,240,241,242,243,244,259,277,278,279,280,281,282,283,284,285,308,309,310,311,312,313,314,315,316,323,324,325,326,327,328,329,330,331,332,420,425,426,427,428,429,430,
66;1;1408;1569;1;10,11,12,13,14,15,16,17,18,19,21,40,53,77,134,135,148,151,158,165,183,186,188,190,197,208,216,221,229,230,231,232,233,234,235,236,237,238,239,240,241,242,243,244,259,277,278,279,280,281,282,283,284,285,308,309,310,311,312,313,314,315,316,323,324,325,326,327,328,329,330,331,332,420,425,426,427,428,429,430,
115;0;1569;1692;0;10,11,12,13,14,15,16,17,18,19,21,40,53,77,134,135,148,151,158,165,183,186,188,190,197,208,216,221,229,230,231,232,233,234,235,236,237,238,239,240,241,242,243,244,259,277,278,279,280,281,282,283,284,285,308,309,310,311,312,313,314,315,316,323,324,325,326,327,328,329,330,331,332,420,425,426,427,428,429,430,
197;0;1692;1752;0;10,11,12,13,14,15,16,17,18,19,21,40,53,77,134,135,148,151,158,165,183,186,188,190,197,208,216,221,229,230,231,232,233,234,235,236,237,238,239,240,241,242,243,244,259,277,278,279,280,281,282,283,284,285,308,309,310,311,312,313,314,315,316,323,324,325,326,327,328,329,330,331,332,420,425,426,427,428,429,430,
202;0;1752;1916;0;10,11,12,13,14,15,16,17,18,19,21,40,53,77,134,135,148,151,158,165,183,186,188,190,197,208,216,221,229,230,231,232,233,234,235,236,237,238,239,240,241,242,243,244,259,277,278,279,280,281,282,283,284,285,308,309,310,311,312,313,314,315,316,323,324,325,326,327,328,329,330,331,332,420,425,426,427,428,429,430,
143;0;1916;1924;0;10,11,12,13,14,15,16,17,18,19,21,40,53,77,134,135,148,151,158,165,183,186,188,190,197,208,216,221,229,230,231,232,233,234,235,236,237,238,239,240,241,242,243,244,259,277,278,279,280,281,282,283,284,285,308,309,310,311,312,313,314,315,316,323,324,325,326,327,328,329,330,331,332,420,425,426,427,428,429,430,
143;1;1924;1989;0;10,11,12,13,14,15,16,17,18,19,21,40,53,77,134,135,148,151,158,165,183,186,188,190,197,208,216,221,229,230,231,232,233,234,235,236,237,238,239,240,241,242,243,244,259,277,278,279,280,281,282,283,284,285,308,309,310,311,312,313,314,315,316,323,324,325,326,327,328,329,330,331,332,420,425,426,427,428,429,430,
69;0;1989;2030;1;10,11,12,13,14,15,16,17,18,19,21,40,53,77,134,135,148,151,158,165,183,186,188,190,197,208,216,221,229,230,231,232,233,234,235,236,237,238,239,240,241,242,243,244,259,277,278,279,280,281,282,283,284,285,308,309,310,311,312,313,314,315,316,323,324,325,326,327,328,329,330,331,332,420,425,426,427,428,429,430,
69;1;2030;2063;1;10,11,12,13,14,15,16,17,18,19,21,40,53,77,134,135,148,151,158,165,183,186,188,190,197,208,216,221,229,230,231,232,233,234,235,236,237,238,239,240,241,242,243,244,259,277,278,279,280,281,282,283,284,285,308,309,310,311,312,313,314,315,316,323,324,325,326,327,328,329,330,331,332,420,425,426,427,428,429,430,
198;0;2063;2085;0;10,11,12,13,14,15,16,17,18,19,21,40,53,77,134,135,148,151,158,165,183,186,188,190,197,208,216,221,229,230,231,232,233,234,235,236,237,238,239,240,241,242,243,244,259,277,278,279,280,281,282,283,284,285,308,309,310,311,312,313,314,315,316,323,324,325,326,327,328,329,330,331,332,420,425,426,427,428,429,430,
198;1;2085;2216;0;10,11,12,13,14,15,16,17,18,19,21,40,53,77,134,135,148,151,158,165,183,186,188,190,197,208,216,221,229,230,231,232,233,234,235,236,237,238,239,240,241,242,243,244,259,277,278,279,280,281,282,283,284,285,308,309,310,311,312,313,314,315,316,323,324,325,326,327,328,329,330,331,332,420,425,426,427,428,429,430,
60;0;2216;2381;0;10,11,12,13,14,15,16,17,18,19,21,40,53,77,134,135,148,151,158,165,183,186,188,190,197,208,216,221,229,230,231,232,233,234,235,236,237,238,239,240,241,242,243,244,259,277,278,279,280,281,282,283,284,285,308,309,310,311,312,313,314,315,316,323,324,325,326,327,328,329,330,331,332,420,425,426,427,428,429,430,
52;0;2381;2415;0;10,11,12,13,14,15,16,17,18,19,21,40,53,77,134,135,148,151,158,165,183,186,188,190,197,208,216,221,229,230,231,232,233,234,235,236,237,238,239,240,241,242,243,244,259,277,278,279,280,281,282,283,284,285,308,309,310,311,312,313,314,315,316,323,324,325,326,327,328,329,330,331,332,420,425,426,427,428,429,430,
105;0;2415;2481;0;10,11,12,13,14,15,16,17,18,19,21,40,53,77,134,135,148,151,158,165,183,186,188,190,197,208,216,221,229,230,231,232,233,234,235,236,237,238,239,240,241,242,243,244,259,277,278,279,280,281,282,283,284,285,308,309,310,311,312,313,314,315,316,323,324,325,326,327,328,329,330,331,332,420,425,426,427,428,429,430,
41;0;2481;2612;1;10,11,12,13,14,15,16,17,18,19,21,40,53,77,134,135,148,151,158,165,183,186,188,190,197,208,216,221,229,230,231,232,233,234,235,236,237,238,239,240,241,242,243,244,259,277,278,279,280,281,282,283,284,285,308,309,310,311,312,313,314,315,316,323,324,325,326,327,328,329,330,331,332,420,425,426,427,428,429,430,
41;1;2612;2646;1;10,11,12,13,14,15,16,17,18,19,21,40,53,77,134,135,148,151,158,165,183,186,188,190,197,208,216,221,229,230,231,232,233,234,235,236,237,238,239,240,241,242,243,244,259,277,278,279,280,281,282,283,284,285,308,309,310,311,312,313,314,315,316,323,324,325,326,327,328,329,330,331,332,420,425,426,427,428,429,430,
177;0;2646;2810;0;10,11,12,13,14,15,16,17,18,19,21,40,53,77,134,135,148,151,158,165,183,186,188,190,197,208,216,221,229,230,231,232,233,234,235,236,237,238,239,240,241,242,243,244,259,277,278,279,280,281,282,283,284,285,308,309,310,311,312,313,314,315,316,323,324,325,326,327,328,329,330,331,332,420,425,426,427,428,429,430,
99;0;2810;2960;1;10,11,12,13,14,15,16,17,18,19,21,40,53,77,134,135,148,151,158,165,183,186,188,190,197,208,216,221,229,230,231,232,233,234,235,236,237,238,239,240,241,242,243,244,259,277,278,279,280,281,282,283,284,285,308,309,310,311,312,313,314,315,316,323,324,325,326,327,328,329,330,331,332,420,425,426,427,428,429,430,
99;1;2960;3113;1;10,11,12,13,14,15,16,17,18,19,21,40,53,77,134,135,148,151,158,165,183,186,188,190,197,208,216,221,229,230,231,232,233,234,235,236,237,238,239,240,241,242,243,244,259,277,278,279,280,281,282,283,284,285,308,309,310,311,312,313,314,315,316,323,324,325,326,327,328,329,330,331,332,420,425,426,427,428,429,430,
145;0;3113;3287;0;10,11,12,13,14,15,16,17,18,19,21,40,53,77,134,135,148,151,158,165,183,186,188,190,197,208,216,221,229,230,231,232,233,234,235,236,237,238,239,240,241,242,243,244,259,277,278,279,280,281,282,283,284,285,308,309,310,311,312,313,314,315,316,323,324,325,326,327,328,329,330,331,332,420,425,426,427,428,429,430,
168;0;3287;3317;0;10,11,12,13,14,15,16,17,18,19,21,40,53,77,134,135,148,151,158,165,183,186,188,190,197,208,216,221,229,230,231,232,233,234,235,236,237,238,239,240,241,242,243,244,259,277,278,279,280,281,282,283,284,285,308,309,310,311,312,313,314,315,316,323,324,325,326,327,328,329,330,331,332,420,425,426,427,428,429,430,
168;1;3317;3350;0;10,11,12,13,14,15,16,17,18,19,21,40,53,77,134,135,148,151,158,165,183,186,188,190,197,208,216,221,229,230,231,232,233,234,235,236,237,238,239,240,241,242,243,244,259,277,278,279,280,281,282,283,284,285,308,309,310,311,312,313,314,315,316,323,324,325,326,327,328,329,330,331,332,420,425,426,427,428,429,430,
144;0;3350;3384;1;10,11,12,13,14,15,16,17,18,19,21,40,53,77,134,135,148,151,158,165,183,186,188,190,197,208,216,221,229,230,231,232,233,234,235,236,237,238,239,240,241,242,243,244,259,277,278,279,280,281,282,283,284,285,308,309,310,311,312,313,314,315,316,323,324,325,326,327,328,329,330,331,332,420,425,426,427,428,429,430,
144;1;3384;3444;1;10,11,12,13,14,15,16,17,18,19,21,40,53,77,134,135,148,151,158,165,183,186,188,190,197,208,216,221,229,230,231,232,233,234,235,236,237,238,239,240,241,242,243,244,259,277,278,279,280,281,282,283,284,285,308,309,310,311,312,313,314,315,316,323,324,325,326,327,328,329,330,331,332,420,425,426,427,428,429,430,
188;0;3444;3580;0;10,11,12,13,14,15,16,17,18,19,21,40,53,77,89,90,91,92,93,94,95,96,97,115,134,135,148,151,156,158,165,177,183,184,185,186,187,188,189,190,191,192,197,208,222,223,224,225,226,227,228,229,230,231,232,233,234,235,236,269,270,271,272,273,274,275,276,277,313,314,315,316,393,394,395,396,397,398,399,400,
188;1;3580;3601;0;10,11,12,13,14,15,16,17,18,19,21,40,53,77,89,90,91,92,93,94,95,96,97,115,134,135,148,151,156,158,165,177,183,184,185,186,187,188,189,190,191,192,197,208,222,223,224,225,226,227,228,229,230,231,232,233,234,235,236,269,270,271,272,273,274,275,276,277,313,314,315,316,393,394,395,396,397,398,399,400,
38;0;3601;3712;0;10,11,12,13,14,15,16,17,18,19,21,40,53,77,89,90,91,92,93,94,95,96,97,115,134,135,148,151,156,158,165,177,183,184,185,186,187,188,189,190,191,192,197,208,222,223,224,225,226,227,228,229,230,231,232,233,234,235,236,269,270,271,272,273,274,275,276,277,313,314,315,316,393,394,395,396,397,398,399,400,
38;1;3712;3788;0;10,11,12,13,14,15,16,17,18,19,21,40,53,77,89,90,91,92,93,94,95,96,97,115,134,135,148,151,156,158,165,177,183,184,185,186,187,188,189,190,191,192,197,208,222,223,224,225,226,227,228,229,230,231,232,233,234,235,236,269,270,271,272,273,274,275,276,277,313,314,315,316,393,394,395,396,397,398,399,400,
49;0;3788;3939;1;10,11,12,13,14,15,16,17,18,19,21,40,53,77,89,90,91,92,93,94,95,96,97,115,134,135,148,151,156,158,165,177,183,184,185,186,187,188,189,190,191,192,197,208,222,223,224,225,226,227,228,229,230,231,232,233,234,235,236,269,270,271,272,273,274,275,276,277,313,314,315,316,393,394,395,396,397,398,399,400,
49;1;3939;4012;1;10,11,12,13,14,15,16,17,18,19,21,40,53,77,89,90,91,92,93,94,95,96,97,115,134,135,148,151,156,158,165,177,183,184,185,186,187,188,189,190,191,192,197,208,222,223,224,225,226,227,228,229,230,231,232,233,234,235,236,269,270,271,272,273,274,275,276,277,313,314,315,316,393,394,395,396,397,398,399,400,
64;0;4012;4046;1;10,11,12,13,14,15,16,17,18,19,21,40,53,77,89,90,91,92,93,94,95,96,97,115,134,135,148,151,156,158,165,177,183,184,185,186,187,188,189,190,191,192,197,208,222,223,224,225,226,227,228,229,230,231,232,233,234,235,236,269,270,271,272,273,274,275,276,277,313,314,315,316,393,394,395,396,397,398,399,400,
64;1;4046;4111;1;10,11,12,13,14,15,16,17,18,19,21,40,53,77,89,90,91,92,93,94,95,96,97,115,134,135,148,151,156,158,165,177,183,184,185,186,187,188,189,190,191,192,197,208,222,223,224,225,226,227,228,229,230,231,232,233,234,235,236,269,270,271,272,273,274,275,276,277,313,314,315,316,393,394,395,396,397,398,399,400,
26;0;4111;4283;1;10,11,12,13,14,15,16,17,18,19,21,40,53,77,89,90,91,92,93,94,95,96,97,115,134,135,148,151,156,158,165,177,183,184,185,186,187,188,189,190,191,192,197,208,222,223,224,225,226,227,228,229,230,231,232,233,234,235,236,269,270,271,272,273,274,275,276,277,313,314,315,316,393,394,395,396,397,398,399,400,
26;1;4283;4324;1;10,11,12,13,14,15,16,17,18,19,21,40,53,77,89,90,91,92,93,94,95,96,97,115,134,135,148,151,156,158,165,177,183,184,185,186,187,188,189,190,191,192,197,208,222,223,224,225,226,227,228,229,230,231,232,233,234,235,236,269,270,271,272,273,274,275,276,277,313,314,315,316,393,394,395,396,397,398,399,400,
87;0;4324;4360;0;10,11,12,13,14,15,16,17,18,19,21,40,53,77,89,90,91,92,93,94,95,96,97,115,134,135,148,151,156,158,165,177,183,184,185,186,187,188,189,190,191,192,197,208,222,223,224,225,226,227,228,229,230,231,232,233,234,235,236,269,270,271,272,273,274,275,276,277,313,314,315,316,393,394,395,396,397,398,399,400,
78;0;4360;4510;0;10,11,12,13,14,15,16,17,18,19,21,40,53,77,89,90,91,92,93,94,95,96,97,115,134,135,148,151,156,158,165,177,183,184,185,186,187,188,189,190,191,192,197,208,222,223,224,225,226,227,228,229,230,231,232,233,234,235,236,269,270,271,272,273,274,275,276,277,313,314,315,316,393,394,395,396,397,398,399,400,
78;1;4510;4671;0;10,11,12,13,14,15,16,17,18,19,21,40,53,77,89,90,91,92,93,94,95,96,97,115,134,135,148,151,156,158,165,177,183,184,185,186,187,188,189,190,191,192,197,208,222,223,224,225,226,227,228,229,230,231,232,233,234,235,236,269,270,271,272,273,274,275,276,277,313,314,315,316,393,394,395,396,397,398,399,400,
40;0;4671;4835;0;10,11,12,13,14,15,16,17,18,19,21,40,53,77,89,90,91,92,93,94,95,96,97,115,134,135,148,151,156,158,165,177,183,184,185,186,187,188,189,190,191,192,197,208,222,223,224,225,226,227,228,229,230,231,232,233,234,235,236,269,270,271,272,273,274,275,276,277,313,314,315,316,393,394,395,396,397,398,399,400,
62;0;4835;4982;0;10,11,12,13,14,15,16,17,18,19,21,40,53,77,89,90,91,92,93,94,95,96,97,115,134,135,148,151,156,158,165,177,183,184,185,186,187,188,189,190,191,192,197,208,222,223,224,225,226,227,228,229,230,231,232,233,234,235,236,269,270,271,272,273,274,275,276,277,313,314,315,316,393,394,395,396,397,398,399,400,
43;0;4982;5042;0;10,11,12,13,14,15,16,17,18,19,21,40,53,77,89,90,91,92,93,94,95,96,97,115,134,135,148,151,156,158,165,177,183,184,185,186,187,188,189,190,191,192,197,208,222,223,224,225,226,227,228,229,230,231,232,233,234,235,236,269,270,271,272,273,274,275,276,277,313,314,315,316,393,394,395,396,397,398,399,400,
43;1;5042;5206;0;10,11,12,13,14,15,16,17,18,19,21,40,53,77,89,90,91,92,93,94,95,96,97,115,134,135,148,151,156,158,165,177,183,184,185,186,187,188,189,190,191,192,197,208,222,223,224,225,226,227,228,229,230,231,232,233,234,235,236,269,270,271,272,273,274,275,276,277,313,314,315,316,393,394,395,396,397,398,399,400,
135;0;5206;5242;0;10,11,12,13,14,15,16,17,18,19,21,40,53,77,89,90,91,92,93,94,95,96,97,115,134,135,148,151,156,158,165,177,183,184,185,186,187,188,189,190,191,192,197,208,222,223,224,225,226,227,228,229,230,231,232,233,234,235,236,269,270,271,272,273,274,275,276,277,313,314,315,316,393,394,395,396,397,398,399,400,
12;0;5242;5389;0;10,11,12,13,14,15,16,17,18,19,21,40,53,77,89,90,91,92,93,94,95,96,97,115,134,135,148,151,156,158,165,177,183,184,185,186,187,188,189,190,191,192,197,208,222,223,224,225,226,227,228,229,230,231,232,233,234,235,236,269,270,271,272,273,274,275,276,277,313,314,315,316,393,394,395,396,397,398,399,400,
END
fineshedJobsCount: 340
switchs: 94
switchsInstances: 3
unfineshedPriorityCount: 0
totalUnfineshed: 0
criticalMachineSwitchs: 0
criticalMachineTime: 6472
Final Solution: 10076
Time: 507136
PTL: 490
MCMC: 479
Best Initial: 9049
Mean Initial: 8964.82
