./input/BaseInstances/6M2_n=629,r=0.4,t=629,v0.txt;./input/Processed/ToolSetInt.csv
7;720;1440
Machine: 0
408;0;0;96;0;8,9,10,12,13,14,35,36,37,38,108,110,124,125,127,128,129,130,131,132,133,134,135,138,139,140,141,145,178,190,195,196,207,208,209,210,211,233,243,244,245,246,247,248,249,250,251,252,253,254,255,256,257,258,259,260,261,262,263,265,266,267,268,269,270,271,272,321,322,341,342,461,512,513,514,515,603,610,611,628,
434;0;96;271;1;8,9,10,12,13,14,35,36,37,38,108,110,124,125,127,128,129,130,131,132,133,134,135,138,139,140,141,145,178,190,195,196,207,208,209,210,211,233,243,244,245,246,247,248,249,250,251,252,253,254,255,256,257,258,259,260,261,262,263,265,266,267,268,269,270,271,272,321,322,341,342,461,512,513,514,515,603,610,611,628,
434;1;271;434;1;8,9,10,12,13,14,35,36,37,38,108,110,124,125,127,128,129,130,131,132,133,134,135,138,139,140,141,145,178,190,195,196,207,208,209,210,211,233,243,244,245,246,247,248,249,250,251,252,253,254,255,256,257,258,259,260,261,262,263,265,266,267,268,269,270,271,272,321,322,341,342,461,512,513,514,515,603,610,611,628,
354;0;434;559;1;8,9,10,12,13,14,35,36,37,38,108,110,124,125,127,128,129,130,131,132,133,134,135,138,139,140,141,145,178,190,195,196,207,208,209,210,211,233,243,244,245,246,247,248,249,250,251,252,253,254,255,256,257,258,259,260,261,262,263,265,266,267,268,269,270,271,272,321,322,341,342,461,512,513,514,515,603,610,611,628,
354;1;559;668;1;8,9,10,12,13,14,35,36,37,38,108,110,124,125,127,128,129,130,131,132,133,134,135,138,139,140,141,145,178,190,195,196,207,208,209,210,211,233,243,244,245,246,247,248,249,250,251,252,253,254,255,256,257,258,259,260,261,262,263,265,266,267,268,269,270,271,272,321,322,341,342,461,512,513,514,515,603,610,611,628,
439;0;668;798;0;8,9,10,12,13,14,35,36,37,38,108,110,124,125,127,128,129,130,131,132,133,134,135,138,139,140,141,145,178,190,195,196,207,208,209,210,211,233,243,244,245,246,247,248,249,250,251,252,253,254,255,256,257,258,259,260,261,262,263,265,266,267,268,269,270,271,272,321,322,341,342,461,512,513,514,515,603,610,611,628,
439;1;798;864;0;8,9,10,12,13,14,35,36,37,38,108,110,124,125,127,128,129,130,131,132,133,134,135,138,139,140,141,145,178,190,195,196,207,208,209,210,211,233,243,244,245,246,247,248,249,250,251,252,253,254,255,256,257,258,259,260,261,262,263,265,266,267,268,269,270,271,272,321,322,341,342,461,512,513,514,515,603,610,611,628,
352;0;864;1015;0;8,9,10,12,13,14,35,36,37,38,108,110,124,125,127,128,129,130,131,132,133,134,135,138,139,140,141,145,178,190,195,196,207,208,209,210,211,233,243,244,245,246,247,248,249,250,251,252,253,254,255,256,257,258,259,260,261,262,263,265,266,267,268,269,270,271,272,321,322,341,342,461,512,513,514,515,603,610,611,628,
352;1;1015;1079;0;8,9,10,12,13,14,35,36,37,38,108,110,124,125,127,128,129,130,131,132,133,134,135,138,139,140,141,145,178,190,195,196,207,208,209,210,211,233,243,244,245,246,247,248,249,250,251,252,253,254,255,256,257,258,259,260,261,262,263,265,266,267,268,269,270,271,272,321,322,341,342,461,512,513,514,515,603,610,611,628,
142;0;1079;1102;0;8,9,10,12,13,14,35,36,37,38,108,110,124,125,127,128,129,130,131,132,133,134,135,138,139,140,141,145,178,190,195,196,207,208,209,210,211,233,243,244,245,246,247,248,249,250,251,252,253,254,255,256,257,258,259,260,261,262,263,265,266,267,268,269,270,271,272,321,322,341,342,461,512,513,514,515,603,610,611,628,
142;1;1102;1111;0;8,9,10,12,13,14,35,36,37,38,108,110,124,125,127,128,129,130,131,132,133,134,135,138,139,140,141,145,178,190,195,196,207,208,209,210,211,233,243,244,245,246,247,248,249,250,251,252,253,254,255,256,257,258,259,260,261,262,263,265,266,267,268,269,270,271,272,321,322,341,342,461,512,513,514,515,603,610,611,628,
287;0;1111;1141;1;8,9,10,12,13,14,35,36,37,38,108,110,124,125,127,128,129,130,131,132,133,134,135,138,139,140,141,145,178,190,195,196,207,208,209,210,211,233,243,244,245,246,247,248,249,250,251,252,253,254,255,256,257,258,259,260,261,262,263,265,266,267,268,269,270,271,272,321,322,341,342,461,512,513,514,515,603,610,611,628,
287;1;1141;1290;1;8,9,10,12,13,14,35,36,37,38,108,110,124,125,127,128,129,130,131,132,133,134,135,138,139,140,141,145,178,190,195,196,207,208,209,210,211,233,243,244,245,246,247,248,249,250,251,252,253,254,255,256,257,258,259,260,261,262,263,265,266,267,268,269,270,271,272,321,322,341,342,461,512,513,514,515,603,610,611,628,
206;0;1290;1384;0;8,9,10,12,13,14,35,36,37,38,108,110,124,125,127,128,129,130,131,132,133,134,135,138,139,140,141,145,178,190,195,196,207,208,209,210,211,233,243,244,245,246,247,248,249,250,251,252,253,254,255,256,257,258,259,260,261,262,263,265,266,267,268,269,270,271,272,321,322,341,342,461,512,513,514,515,603,610,611,628,
202;0;1384;1450;0;8,9,10,12,13,14,35,36,37,38,108,110,124,125,127,128,129,130,131,132,133,134,135,138,139,140,141,145,178,190,195,196,207,208,209,210,211,233,243,244,245,246,247,248,249,250,251,252,253,254,255,256,257,258,259,260,261,262,263,265,266,267,268,269,270,271,272,321,322,341,342,461,512,513,514,515,603,610,611,628,
202;1;1450;1536;0;8,9,10,12,13,14,35,36,37,38,108,110,124,125,127,128,129,130,131,132,133,134,135,138,139,140,141,145,178,190,195,196,207,208,209,210,211,233,243,244,245,246,247,248,249,250,251,252,253,254,255,256,257,258,259,260,261,262,263,265,266,267,268,269,270,271,272,321,322,341,342,461,512,513,514,515,603,610,611,628,
263;0;1536;1609;1;8,9,10,12,13,14,35,36,37,38,108,110,124,125,127,128,129,130,131,132,133,134,135,138,139,140,141,145,178,190,195,196,207,208,209,210,211,233,243,244,245,246,247,248,249,250,251,252,253,254,255,256,257,258,259,260,261,262,263,265,266,267,268,269,270,271,272,321,322,341,342,461,512,513,514,515,603,610,611,628,
189;0;1609;1733;0;8,9,10,12,13,14,35,36,37,38,108,110,124,125,127,128,129,130,131,132,133,134,135,138,139,140,141,145,178,190,195,196,207,208,209,210,211,233,243,244,245,246,247,248,249,250,251,252,253,254,255,256,257,258,259,260,261,262,263,265,266,267,268,269,270,271,272,321,322,341,342,461,512,513,514,515,603,610,611,628,
189;1;1733;1858;0;8,9,10,12,13,14,35,36,37,38,108,110,124,125,127,128,129,130,131,132,133,134,135,138,139,140,141,145,178,190,195,196,207,208,209,210,211,233,243,244,245,246,247,248,249,250,251,252,253,254,255,256,257,258,259,260,261,262,263,265,266,267,268,269,270,271,272,321,322,341,342,461,512,513,514,515,603,610,611,628,
364;0;1858;1935;1;8,9,10,12,13,14,35,36,37,38,108,110,124,125,127,128,129,130,131,132,133,134,135,138,139,140,141,145,178,190,195,196,207,208,209,210,211,233,243,244,245,246,247,248,249,250,251,252,253,254,255,256,257,258,259,260,261,262,263,265,266,267,268,269,270,271,272,321,322,341,342,461,512,513,514,515,603,610,611,628,
364;1;1935;1970;1;8,9,10,12,13,14,35,36,37,38,108,110,124,125,127,128,129,130,131,132,133,134,135,138,139,140,141,145,178,190,195,196,207,208,209,210,211,233,243,244,245,246,247,248,249,250,251,252,253,254,255,256,257,258,259,260,261,262,263,265,266,267,268,269,270,271,272,321,322,341,342,461,512,513,514,515,603,610,611,628,
431;0;1970;2063;1;8,9,10,12,13,14,35,36,37,38,108,110,124,125,127,128,129,130,131,132,133,134,135,138,139,140,141,145,178,190,195,196,207,208,209,210,211,233,243,244,245,246,247,248,249,250,251,252,253,254,255,256,257,258,259,260,261,262,263,265,266,267,268,269,270,271,272,321,322,341,342,461,512,513,514,515,603,610,611,628,
33;0;2063;2226;1;8,9,10,12,13,14,35,36,37,38,108,110,124,125,127,128,129,130,131,132,133,134,135,138,139,140,141,145,178,190,195,196,207,208,209,210,211,233,243,244,245,246,247,248,249,250,251,252,253,254,255,256,257,258,259,260,261,262,263,265,266,267,268,269,270,271,272,321,322,341,342,461,512,513,514,515,603,610,611,628,
381;0;2226;2260;1;8,9,10,12,13,14,35,36,37,38,108,110,124,125,127,128,129,130,131,132,133,134,135,138,139,140,141,145,178,190,195,196,207,208,209,210,211,233,243,244,245,246,247,248,249,250,251,252,253,254,255,256,257,258,259,260,261,262,263,265,266,267,268,269,270,271,272,321,322,341,342,461,512,513,514,515,603,610,611,628,
205;0;2260;2292;0;8,9,10,12,13,14,35,36,37,38,108,110,124,125,127,128,129,130,131,132,133,134,135,138,139,140,141,145,178,190,195,196,207,208,209,210,211,233,243,244,245,246,247,248,249,250,251,252,253,254,255,256,257,258,259,260,261,262,263,265,266,267,268,269,270,271,272,321,322,341,342,461,512,513,514,515,603,610,611,628,
74;0;2292;2324;1;8,9,10,12,13,14,35,36,37,38,108,110,124,125,127,128,129,130,131,132,133,134,135,138,139,140,141,145,178,190,195,196,207,208,209,210,211,233,243,244,245,246,247,248,249,250,251,252,253,254,255,256,257,258,259,260,261,262,263,265,266,267,268,269,270,271,272,321,322,341,342,461,512,513,514,515,603,610,611,628,
74;1;2324;2502;1;8,9,10,12,13,14,35,36,37,38,108,110,124,125,127,128,129,130,131,132,133,134,135,138,139,140,141,145,178,190,195,196,207,208,209,210,211,233,243,244,245,246,247,248,249,250,251,252,253,254,255,256,257,258,259,260,261,262,263,265,266,267,268,269,270,271,272,321,322,341,342,461,512,513,514,515,603,610,611,628,
154;0;2502;2603;1;8,9,10,12,13,14,35,36,37,38,108,110,124,125,127,128,129,130,131,132,133,134,135,138,139,140,141,145,178,190,195,196,207,208,209,210,211,233,243,244,245,246,247,248,249,250,251,252,253,254,255,256,257,258,259,260,261,262,263,265,266,267,268,269,270,271,272,321,322,341,342,461,512,513,514,515,603,610,611,628,
154;1;2603;2663;1;8,9,10,12,13,14,35,36,37,38,108,110,124,125,127,128,129,130,131,132,133,134,135,138,139,140,141,145,178,190,195,196,207,208,209,210,211,233,243,244,245,246,247,248,249,250,251,252,253,254,255,256,257,258,259,260,261,262,263,265,266,267,268,269,270,271,272,321,322,341,342,461,512,513,514,515,603,610,611,628,
215;0;2663;2807;0;8,9,10,12,13,14,35,36,37,38,108,110,124,125,127,128,129,130,131,132,133,134,135,138,139,140,141,145,178,190,195,196,207,208,209,210,211,233,243,244,245,246,247,248,249,250,251,252,253,254,255,256,257,258,259,260,261,262,263,265,266,267,268,269,270,271,272,321,322,341,342,461,512,513,514,515,603,610,611,628,
160;0;2807;2816;1;8,9,10,12,13,14,35,36,37,38,108,110,124,125,127,128,129,130,131,132,133,134,135,138,139,140,141,145,178,190,195,196,207,208,209,210,211,233,243,244,245,246,247,248,249,250,251,252,253,254,255,256,257,258,259,260,261,262,263,265,266,267,268,269,270,271,272,321,322,341,342,461,512,513,514,515,603,610,611,628,
88;0;2816;2988;0;8,9,10,12,13,14,35,36,37,38,108,110,124,125,127,128,129,130,131,132,133,134,135,138,139,140,141,145,178,190,195,196,207,208,209,210,211,233,243,244,245,246,247,248,249,250,251,252,253,254,255,256,257,258,259,260,261,262,263,265,266,267,268,269,270,271,272,321,322,341,342,461,512,513,514,515,603,610,611,628,
32;0;2988;3035;0;8,9,10,12,13,14,35,36,37,38,108,110,124,125,127,128,129,130,131,132,133,134,135,138,139,140,141,145,178,190,195,196,207,208,209,210,211,233,243,244,245,246,247,248,249,250,251,252,253,254,255,256,257,258,259,260,261,262,263,265,266,267,268,269,270,271,272,321,322,341,342,461,512,513,514,515,603,610,611,628,
32;1;3035;3103;0;8,9,10,12,13,14,35,36,37,38,108,110,124,125,127,128,129,130,131,132,133,134,135,138,139,140,141,145,178,190,195,196,207,208,209,210,211,233,243,244,245,246,247,248,249,250,251,252,253,254,255,256,257,258,259,260,261,262,263,265,266,267,268,269,270,271,272,321,322,341,342,461,512,513,514,515,603,610,611,628,
207;0;3103;3134;1;8,9,10,12,13,14,35,36,37,38,108,110,124,125,127,128,129,130,131,132,133,134,135,138,139,140,141,145,178,190,195,196,207,208,209,210,211,233,243,244,245,246,247,248,249,250,251,252,253,254,255,256,257,258,259,260,261,262,263,265,266,267,268,269,270,271,272,321,322,341,342,461,512,513,514,515,603,610,611,628,
207;1;3134;3279;1;8,9,10,12,13,14,35,36,37,38,108,110,124,125,127,128,129,130,131,132,133,134,135,138,139,140,141,145,178,190,195,196,207,208,209,210,211,233,243,244,245,246,247,248,249,250,251,252,253,254,255,256,257,258,259,260,261,262,263,265,266,267,268,269,270,271,272,321,322,341,342,461,512,513,514,515,603,610,611,628,
35;0;3279;3457;0;8,9,10,12,13,14,35,36,37,38,108,110,124,125,127,128,129,130,131,132,133,134,135,138,139,140,141,145,178,190,195,196,207,208,209,210,211,233,243,244,245,246,247,248,249,250,251,252,253,254,255,256,257,258,259,260,261,262,263,265,266,267,268,269,270,271,272,321,322,341,342,461,512,513,514,515,603,610,611,628,
264;0;3457;3613;1;8,9,10,12,13,14,35,36,37,38,108,110,124,125,127,128,129,130,131,132,133,134,135,138,139,140,141,145,178,190,195,196,207,208,209,210,211,233,243,244,245,246,247,248,249,250,251,252,253,254,255,256,257,258,259,260,261,262,263,265,266,267,268,269,270,271,272,321,322,341,342,461,512,513,514,515,603,610,611,628,
264;1;3613;3738;1;8,9,10,12,13,14,35,36,37,38,108,110,124,125,127,128,129,130,131,132,133,134,135,138,139,140,141,145,178,190,195,196,207,208,209,210,211,233,243,244,245,246,247,248,249,250,251,252,253,254,255,256,257,258,259,260,261,262,263,265,266,267,268,269,270,271,272,321,322,341,342,461,512,513,514,515,603,610,611,628,
307;0;3738;3916;1;8,9,10,12,13,14,35,36,37,38,108,110,124,125,127,128,129,130,131,132,133,134,135,138,139,140,141,145,178,190,195,196,207,208,209,210,211,233,243,244,245,246,247,248,249,250,251,252,253,254,255,256,257,258,259,260,261,262,263,265,266,267,268,269,270,271,272,321,322,341,342,461,512,513,514,515,603,610,611,628,
307;1;3916;4079;1;8,9,10,12,13,14,35,36,37,38,108,110,124,125,127,128,129,130,131,132,133,134,135,138,139,140,141,145,178,190,195,196,207,208,209,210,211,233,243,244,245,246,247,248,249,250,251,252,253,254,255,256,257,258,259,260,261,262,263,265,266,267,268,269,270,271,272,321,322,341,342,461,512,513,514,515,603,610,611,628,
6;0;4079;4210;0;8,9,10,12,13,14,35,36,37,38,108,110,124,125,127,128,129,130,131,132,133,134,135,138,139,140,141,145,178,190,195,196,207,208,209,210,211,233,243,244,245,246,247,248,249,250,251,252,253,254,255,256,257,258,259,260,261,262,263,265,266,267,268,269,270,271,272,321,322,341,342,461,512,513,514,515,603,610,611,628,
370;0;4210;4335;1;8,9,10,12,13,14,35,36,37,38,108,110,124,125,127,128,129,130,131,132,133,134,135,138,139,140,141,145,178,190,195,196,207,208,209,210,211,233,243,244,245,246,247,248,249,250,251,252,253,254,255,256,257,258,259,260,261,262,263,265,266,267,268,269,270,271,272,321,322,341,342,461,512,513,514,515,603,610,611,628,
177;0;4335;4387;1;8,9,10,12,13,14,35,36,37,38,108,110,124,125,127,128,129,130,131,132,133,134,135,138,139,140,141,145,178,190,195,196,207,208,209,210,211,233,243,244,245,246,247,248,249,250,251,252,253,254,255,256,257,258,259,260,261,262,263,265,266,267,268,269,270,271,272,321,322,341,342,461,512,513,514,515,603,610,611,628,
177;1;4387;4422;1;8,9,10,12,13,14,35,36,37,38,108,110,124,125,127,128,129,130,131,132,133,134,135,138,139,140,141,145,178,190,195,196,207,208,209,210,211,233,243,244,245,246,247,248,249,250,251,252,253,254,255,256,257,258,259,260,261,262,263,265,266,267,268,269,270,271,272,321,322,341,342,461,512,513,514,515,603,610,611,628,
218;0;4422;4482;0;8,9,10,12,13,14,35,36,37,38,108,110,124,125,127,128,129,130,131,132,133,134,135,138,139,140,141,145,178,190,195,196,207,208,209,210,211,233,243,244,245,246,247,248,249,250,251,252,253,254,255,256,257,258,259,260,261,262,263,265,266,267,268,269,270,271,272,321,322,341,342,461,512,513,514,515,603,610,611,628,
448;0;4482;4557;0;8,9,10,12,13,14,35,36,37,38,108,110,124,125,127,128,129,130,131,132,133,134,135,138,139,140,141,145,178,190,195,196,207,208,209,210,211,233,243,244,245,246,247,248,249,250,251,252,253,254,255,256,257,258,259,260,261,262,263,265,266,267,268,269,270,271,272,321,322,341,342,461,512,513,514,515,603,610,611,628,
235;0;4557;4602;0;8,9,10,12,13,14,35,36,37,38,108,110,124,125,127,128,129,130,131,132,133,134,135,138,139,140,141,145,178,190,195,196,207,208,209,210,211,233,243,244,245,246,247,248,249,250,251,252,253,254,255,256,257,258,259,260,261,262,263,265,266,267,268,269,270,271,272,321,322,341,342,461,512,513,514,515,603,610,611,628,
104;0;4602;4635;1;8,9,10,12,13,14,35,36,37,38,108,110,124,125,127,128,129,130,131,132,133,134,135,138,139,140,141,145,178,190,195,196,207,208,209,210,211,233,243,244,245,246,247,248,249,250,251,252,253,254,255,256,257,258,259,260,261,262,263,265,266,267,268,269,270,271,272,321,322,341,342,461,512,513,514,515,603,610,611,628,
104;1;4635;4776;1;8,9,10,12,13,14,35,36,37,38,108,110,124,125,127,128,129,130,131,132,133,134,135,138,139,140,141,145,178,190,195,196,207,208,209,210,211,233,243,244,245,246,247,248,249,250,251,252,253,254,255,256,257,258,259,260,261,262,263,265,266,267,268,269,270,271,272,321,322,341,342,461,512,513,514,515,603,610,611,628,
295;0;4776;4849;0;8,9,10,12,13,14,35,36,37,38,108,110,124,125,127,128,129,130,131,132,133,134,135,138,139,140,141,145,178,190,195,196,207,208,209,210,211,233,243,244,245,246,247,248,249,250,251,252,253,254,255,256,257,258,259,260,261,262,263,265,266,267,268,269,270,271,272,321,322,341,342,461,512,513,514,515,603,610,611,628,
201;0;4849;4883;1;8,9,10,12,13,14,35,36,37,38,108,110,124,125,127,128,129,130,131,132,133,134,135,138,139,140,141,145,178,190,195,196,207,208,209,210,211,233,243,244,245,246,247,248,249,250,251,252,253,254,255,256,257,258,259,260,261,262,263,265,266,267,268,269,270,271,272,321,322,341,342,461,512,513,514,515,603,610,611,628,
99;0;4883;4897;0;8,9,10,12,13,14,35,36,37,38,108,110,124,125,127,128,129,130,131,132,133,134,135,138,139,140,141,145,178,190,195,196,207,208,209,210,211,233,243,244,245,246,247,248,249,250,251,252,253,254,255,256,257,258,259,260,261,262,263,265,266,267,268,269,270,271,272,321,322,341,342,461,512,513,514,515,603,610,611,628,
99;1;4897;4942;0;8,9,10,12,13,14,35,36,37,38,108,110,124,125,127,128,129,130,131,132,133,134,135,138,139,140,141,145,178,190,195,196,207,208,209,210,211,233,243,244,245,246,247,248,249,250,251,252,253,254,255,256,257,258,259,260,261,262,263,265,266,267,268,269,270,271,272,321,322,341,342,461,512,513,514,515,603,610,611,628,
80;0;4942;4977;1;8,9,10,12,13,14,35,36,37,38,108,110,124,125,127,128,129,130,131,132,133,134,135,138,139,140,141,145,178,190,195,196,207,208,209,210,211,233,243,244,245,246,247,248,249,250,251,252,253,254,255,256,257,258,259,260,261,262,263,265,266,267,268,269,270,271,272,321,322,341,342,461,512,513,514,515,603,610,611,628,
344;0;4977;5104;1;8,9,10,12,13,14,35,36,37,38,108,110,124,125,127,128,129,130,131,132,133,134,135,138,139,140,141,145,178,190,195,196,207,208,209,210,211,233,243,244,245,246,247,248,249,250,251,252,253,254,255,256,257,258,259,260,261,262,263,265,266,267,268,269,270,271,272,321,322,341,342,461,512,513,514,515,603,610,611,628,
344;1;5104;5282;1;8,9,10,12,13,14,35,36,37,38,108,110,124,125,127,128,129,130,131,132,133,134,135,138,139,140,141,145,178,190,195,196,207,208,209,210,211,233,243,244,245,246,247,248,249,250,251,252,253,254,255,256,257,258,259,260,261,262,263,265,266,267,268,269,270,271,272,321,322,341,342,461,512,513,514,515,603,610,611,628,
326;0;5282;5314;0;8,9,10,12,13,14,35,36,37,38,108,110,124,125,127,128,129,130,131,132,133,134,135,138,139,140,141,145,178,190,195,196,207,208,209,210,211,233,243,244,245,246,247,248,249,250,251,252,253,254,255,256,257,258,259,260,261,262,263,265,266,267,268,269,270,271,272,321,322,341,342,461,512,513,514,515,603,610,611,628,
60;0;5314;5351;1;8,9,10,12,13,14,35,36,37,38,108,110,124,125,127,128,129,130,131,132,133,134,135,138,139,140,141,145,178,190,195,196,207,208,209,210,211,233,243,244,245,246,247,248,249,250,251,252,253,254,255,256,257,258,259,260,261,262,263,265,266,267,268,269,270,271,272,321,322,341,342,461,512,513,514,515,603,610,611,628,
249;0;5351;5493;0;8,9,10,12,13,14,35,36,37,38,108,110,124,125,127,128,129,130,131,132,133,134,135,138,139,140,141,145,178,190,195,196,207,208,209,210,211,233,243,244,245,246,247,248,249,250,251,252,253,254,255,256,257,258,259,260,261,262,263,265,266,267,268,269,270,271,272,321,322,341,342,461,512,513,514,515,603,610,611,628,
249;1;5493;5562;0;8,9,10,12,13,14,35,36,37,38,108,110,124,125,127,128,129,130,131,132,133,134,135,138,139,140,141,145,178,190,195,196,207,208,209,210,211,233,243,244,245,246,247,248,249,250,251,252,253,254,255,256,257,258,259,260,261,262,263,265,266,267,268,269,270,271,272,321,322,341,342,461,512,513,514,515,603,610,611,628,
118;0;5562;5658;0;8,9,10,12,13,14,35,36,37,38,108,110,124,125,127,128,129,130,131,132,133,134,135,138,139,140,141,145,178,190,195,196,207,208,209,210,211,233,243,244,245,246,247,248,249,250,251,252,253,254,255,256,257,258,259,260,261,262,263,265,266,267,268,269,270,271,272,321,322,341,342,461,512,513,514,515,603,610,611,628,
430;0;5658;5690;1;8,9,10,12,13,14,35,36,37,38,108,110,124,125,127,128,129,130,131,132,133,134,135,138,139,140,141,145,178,190,195,196,207,208,209,210,211,233,243,244,245,246,247,248,249,250,251,252,253,254,255,256,257,258,259,260,261,262,263,265,266,267,268,269,270,271,272,321,322,341,342,461,512,513,514,515,603,610,611,628,
93;0;5690;5784;1;8,9,10,12,13,14,35,36,37,38,108,110,124,125,127,128,129,130,131,132,133,134,135,138,139,140,141,145,178,190,195,196,207,208,209,210,211,233,243,244,245,246,247,248,249,250,251,252,253,254,255,256,257,258,259,260,261,262,263,265,266,267,268,269,270,271,272,321,322,341,342,461,512,513,514,515,603,610,611,628,
59;0;5784;5862;0;8,9,10,12,13,14,35,36,37,38,108,110,124,125,127,128,129,130,131,132,133,134,135,138,139,140,141,145,178,190,195,196,207,208,209,210,211,233,243,244,245,246,247,248,249,250,251,252,253,254,255,256,257,258,259,260,261,262,263,265,266,267,268,269,270,271,272,321,322,341,342,461,512,513,514,515,603,610,611,628,
59;1;5862;5987;0;8,9,10,12,13,14,35,36,37,38,108,110,124,125,127,128,129,130,131,132,133,134,135,138,139,140,141,145,178,190,195,196,207,208,209,210,211,233,243,244,245,246,247,248,249,250,251,252,253,254,255,256,257,258,259,260,261,262,263,265,266,267,268,269,270,271,272,321,322,341,342,461,512,513,514,515,603,610,611,628,
385;0;5987;6034;0;8,9,10,12,13,14,35,36,37,38,108,110,124,125,127,128,129,130,131,132,133,134,135,138,139,140,141,145,178,190,195,196,207,208,209,210,211,233,243,244,245,246,247,248,249,250,251,252,253,254,255,256,257,258,259,260,261,262,263,265,266,267,268,269,270,271,272,321,322,341,342,461,512,513,514,515,603,610,611,628,
367;0;6034;6079;1;8,9,10,12,13,14,35,36,37,38,108,110,124,125,127,128,129,130,131,132,133,134,135,138,139,140,141,145,178,190,195,196,207,208,209,210,211,233,243,244,245,246,247,248,249,250,251,252,253,254,255,256,257,258,259,260,261,262,263,265,266,267,268,269,270,271,272,321,322,341,342,461,512,513,514,515,603,610,611,628,
367;1;6079;6250;1;8,9,10,12,13,14,35,36,37,38,108,110,124,125,127,128,129,130,131,132,133,134,135,138,139,140,141,145,178,190,195,196,207,208,209,210,211,233,243,244,245,246,247,248,249,250,251,252,253,254,255,256,257,258,259,260,261,262,263,265,266,267,268,269,270,271,272,321,322,341,342,461,512,513,514,515,603,610,611,628,
193;0;6250;6423;1;8,9,10,12,13,14,35,36,37,38,108,110,124,125,127,128,129,130,131,132,133,134,135,138,139,140,141,145,178,190,195,196,207,208,209,210,211,233,243,244,245,246,247,248,249,250,251,252,253,254,255,256,257,258,259,260,261,262,263,265,266,267,268,269,270,271,272,321,322,341,342,461,512,513,514,515,603,610,611,628,
363;0;6423;6492;1;8,9,10,12,13,14,35,36,37,38,108,110,124,125,127,128,129,130,131,132,133,134,135,138,139,140,141,145,178,190,195,196,207,208,209,210,211,233,243,244,245,246,247,248,249,250,251,252,253,254,255,256,257,258,259,260,261,262,263,265,266,267,268,269,270,271,272,321,322,341,342,461,512,513,514,515,603,610,611,628,
284;0;6492;6634;1;8,9,10,12,13,14,35,36,37,38,108,110,124,125,127,128,129,130,131,132,133,134,135,138,139,140,141,145,178,190,195,196,207,208,209,210,211,233,243,244,245,246,247,248,249,250,251,252,253,254,255,256,257,258,259,260,261,262,263,265,266,267,268,269,270,271,272,321,322,341,342,461,512,513,514,515,603,610,611,628,
284;1;6634;6668;1;8,9,10,12,13,14,35,36,37,38,108,110,124,125,127,128,129,130,131,132,133,134,135,138,139,140,141,145,178,190,195,196,207,208,209,210,211,233,243,244,245,246,247,248,249,250,251,252,253,254,255,256,257,258,259,260,261,262,263,265,266,267,268,269,270,271,272,321,322,341,342,461,512,513,514,515,603,610,611,628,
223;0;6668;6682;1;8,9,10,12,13,14,35,36,37,38,108,110,124,125,127,128,129,130,131,132,133,134,135,138,139,140,141,145,178,190,195,196,207,208,209,210,211,233,243,244,245,246,247,248,249,250,251,252,253,254,255,256,257,258,259,260,261,262,263,265,266,267,268,269,270,271,272,321,322,341,342,461,512,513,514,515,603,610,611,628,
356;0;6682;6853;0;8,9,10,12,13,14,35,36,37,38,108,110,124,125,127,128,129,130,131,132,133,134,135,138,139,140,141,145,178,190,195,196,207,208,209,210,211,233,243,244,245,246,247,248,249,250,251,252,253,254,255,256,257,258,259,260,261,262,263,265,266,267,268,269,270,271,272,321,322,341,342,461,512,513,514,515,603,610,611,628,
233;0;6853;7012;1;8,9,10,12,13,14,35,36,37,38,108,110,124,125,127,128,129,130,131,132,133,134,135,138,139,140,141,145,178,190,195,196,207,208,209,210,211,233,243,244,245,246,247,248,249,250,251,252,253,254,255,256,257,258,259,260,261,262,263,265,266,267,268,269,270,271,272,321,322,341,342,461,512,513,514,515,603,610,611,628,
68;0;7012;7171;0;8,9,10,12,13,14,35,36,37,38,108,110,124,125,127,128,129,130,131,132,133,134,135,138,139,140,141,145,178,190,195,196,207,208,209,210,211,233,243,244,245,246,247,248,249,250,251,252,253,254,255,256,257,258,259,260,261,262,263,265,266,267,268,269,270,271,272,321,322,341,342,461,512,513,514,515,603,610,611,628,
302;0;7200;7334;0;8,9,10,12,13,14,35,36,37,38,108,110,124,125,127,128,129,130,131,132,133,134,135,136,137,138,139,140,141,142,143,144,145,146,147,148,149,150,151,152,153,154,155,156,157,158,159,160,161,162,163,164,165,166,167,168,169,170,171,172,173,174,175,176,177,178,190,195,196,207,208,209,210,211,233,243,244,263,342,603,
302;1;7334;7398;0;8,9,10,12,13,14,35,36,37,38,108,110,124,125,127,128,129,130,131,132,133,134,135,136,137,138,139,140,141,142,143,144,145,146,147,148,149,150,151,152,153,154,155,156,157,158,159,160,161,162,163,164,165,166,167,168,169,170,171,172,173,174,175,176,177,178,190,195,196,207,208,209,210,211,233,243,244,263,342,603,
170;0;7398;7462;1;8,9,10,12,13,14,35,36,37,38,108,110,124,125,127,128,129,130,131,132,133,134,135,136,137,138,139,140,141,142,143,144,145,146,147,148,149,150,151,152,153,154,155,156,157,158,159,160,161,162,163,164,165,166,167,168,169,170,171,172,173,174,175,176,177,178,190,195,196,207,208,209,210,211,233,243,244,263,342,603,
20;0;7462;7526;1;8,9,10,12,13,14,35,36,37,38,108,110,124,125,127,128,129,130,131,132,133,134,135,136,137,138,139,140,141,142,143,144,145,146,147,148,149,150,151,152,153,154,155,156,157,158,159,160,161,162,163,164,165,166,167,168,169,170,171,172,173,174,175,176,177,178,190,195,196,207,208,209,210,211,233,243,244,263,342,603,
330;0;7526;7635;1;8,9,10,12,13,14,35,36,37,38,108,110,124,125,127,128,129,130,131,132,133,134,135,136,137,138,139,140,141,142,143,144,145,146,147,148,149,150,151,152,153,154,155,156,157,158,159,160,161,162,163,164,165,166,167,168,169,170,171,172,173,174,175,176,177,178,190,195,196,207,208,209,210,211,233,243,244,263,342,603,
294;0;7635;7786;1;8,9,10,12,13,14,20,21,22,35,36,37,38,108,115,127,128,129,130,131,132,133,134,136,138,140,141,145,155,178,188,190,193,195,196,197,207,208,209,210,211,263,342,380,403,404,405,406,407,414,433,434,435,436,437,438,439,440,441,442,443,516,517,518,519,520,521,522,523,524,525,526,536,602,603,604,605,606,607,608,
294;1;7786;7950;1;8,9,10,12,13,14,20,21,22,35,36,37,38,108,115,127,128,129,130,131,132,133,134,136,138,140,141,145,155,178,188,190,193,195,196,197,207,208,209,210,211,263,342,380,403,404,405,406,407,414,433,434,435,436,437,438,439,440,441,442,443,516,517,518,519,520,521,522,523,524,525,526,536,602,603,604,605,606,607,608,
155;0;7950;8121;0;8,9,10,12,13,14,20,21,22,35,36,37,38,108,115,127,128,129,130,131,132,133,134,136,138,140,141,145,155,178,188,190,193,195,196,197,207,208,209,210,211,263,342,380,403,404,405,406,407,414,433,434,435,436,437,438,439,440,441,442,443,516,517,518,519,520,521,522,523,524,525,526,536,602,603,604,605,606,607,608,
86;0;8121;8158;0;8,9,10,12,13,14,20,21,22,35,36,37,38,108,115,127,128,129,130,131,132,133,134,136,138,140,141,145,155,178,188,190,193,195,196,197,207,208,209,210,211,263,342,380,403,404,405,406,407,414,433,434,435,436,437,438,439,440,441,442,443,516,517,518,519,520,521,522,523,524,525,526,536,602,603,604,605,606,607,608,
89;0;8158;8214;0;8,9,10,12,13,14,20,21,22,35,36,37,38,108,115,127,128,129,130,131,132,133,134,136,138,140,141,145,155,178,188,190,193,195,196,197,207,208,209,210,211,263,342,380,403,404,405,406,407,414,433,434,435,436,437,438,439,440,441,442,443,516,517,518,519,520,521,522,523,524,525,526,536,602,603,604,605,606,607,608,
89;1;8214;8392;0;8,9,10,12,13,14,20,21,22,35,36,37,38,108,115,127,128,129,130,131,132,133,134,136,138,140,141,145,155,178,188,190,193,195,196,197,207,208,209,210,211,263,342,380,403,404,405,406,407,414,433,434,435,436,437,438,439,440,441,442,443,516,517,518,519,520,521,522,523,524,525,526,536,602,603,604,605,606,607,608,
194;0;8392;8445;1;8,9,10,12,13,14,20,21,22,35,36,37,38,108,115,127,128,129,130,131,132,133,134,136,138,140,141,145,155,178,188,190,193,195,196,197,207,208,209,210,211,263,342,380,403,404,405,406,407,414,433,434,435,436,437,438,439,440,441,442,443,516,517,518,519,520,521,522,523,524,525,526,536,602,603,604,605,606,607,608,
194;1;8445;8479;1;8,9,10,12,13,14,20,21,22,35,36,37,38,108,115,127,128,129,130,131,132,133,134,136,138,140,141,145,155,178,188,190,193,195,196,197,207,208,209,210,211,263,342,380,403,404,405,406,407,414,433,434,435,436,437,438,439,440,441,442,443,516,517,518,519,520,521,522,523,524,525,526,536,602,603,604,605,606,607,608,
245;0;8479;8650;0;8,9,10,12,13,14,20,21,22,35,36,37,38,108,115,127,128,129,130,131,132,133,134,136,138,140,141,145,155,178,188,190,193,195,196,197,207,208,209,210,211,263,342,380,403,404,405,406,407,414,433,434,435,436,437,438,439,440,441,442,443,516,517,518,519,520,521,522,523,524,525,526,536,602,603,604,605,606,607,608,
221;0;8650;8695;1;8,9,10,12,13,14,20,21,22,35,36,37,38,108,115,127,128,129,130,131,132,133,134,136,138,140,141,145,155,178,188,190,193,195,196,197,207,208,209,210,211,263,342,380,403,404,405,406,407,414,433,434,435,436,437,438,439,440,441,442,443,516,517,518,519,520,521,522,523,524,525,526,536,602,603,604,605,606,607,608,
290;0;8695;8747;1;8,9,10,12,13,14,20,21,22,35,36,37,38,108,115,127,128,129,130,131,132,133,134,136,138,140,141,145,155,178,188,190,193,195,196,197,207,208,209,210,211,263,342,380,403,404,405,406,407,414,433,434,435,436,437,438,439,440,441,442,443,516,517,518,519,520,521,522,523,524,525,526,536,602,603,604,605,606,607,608,
403;0;8747;8769;1;8,9,10,12,13,14,20,21,22,35,36,37,38,108,115,127,128,129,130,131,132,133,134,136,138,140,141,145,155,178,188,190,193,195,196,197,207,208,209,210,211,263,342,380,403,404,405,406,407,414,433,434,435,436,437,438,439,440,441,442,443,516,517,518,519,520,521,522,523,524,525,526,536,602,603,604,605,606,607,608,
303;0;8769;8910;1;8,9,10,12,13,14,20,21,22,35,36,37,38,108,115,127,128,129,130,131,132,133,134,136,138,140,141,145,155,178,188,190,193,195,196,197,207,208,209,210,211,263,342,380,403,404,405,406,407,414,433,434,435,436,437,438,439,440,441,442,443,516,517,518,519,520,521,522,523,524,525,526,536,602,603,604,605,606,607,608,
331;0;8910;9074;1;8,9,10,12,13,14,20,21,22,35,36,37,38,108,115,127,128,129,130,131,132,133,134,136,138,140,141,145,155,178,188,190,193,195,196,197,207,208,209,210,211,263,342,380,403,404,405,406,407,414,433,434,435,436,437,438,439,440,441,442,443,516,517,518,519,520,521,522,523,524,525,526,536,602,603,604,605,606,607,608,
270;0;9074;9125;1;8,9,10,12,13,14,20,21,22,35,36,37,38,108,115,127,128,129,130,131,132,133,134,136,138,140,141,145,155,178,188,190,193,195,196,197,207,208,209,210,211,263,342,380,403,404,405,406,407,414,433,434,435,436,437,438,439,440,441,442,443,516,517,518,519,520,521,522,523,524,525,526,536,602,603,604,605,606,607,608,
275;0;9125;9273;0;8,9,10,12,13,14,20,21,22,35,36,37,38,108,115,127,128,129,130,131,132,133,134,136,138,140,141,145,155,178,188,190,193,195,196,197,207,208,209,210,211,263,342,380,403,404,405,406,407,414,433,434,435,436,437,438,439,440,441,442,443,516,517,518,519,520,521,522,523,524,525,526,536,602,603,604,605,606,607,608,
195;0;9273;9337;0;8,9,10,12,13,14,20,21,22,35,36,37,38,108,115,127,128,129,130,131,132,133,134,136,138,140,141,145,155,178,188,190,193,195,196,197,207,208,209,210,211,263,342,380,403,404,405,406,407,414,433,434,435,436,437,438,439,440,441,442,443,516,517,518,519,520,521,522,523,524,525,526,536,602,603,604,605,606,607,608,
136;0;9337;9410;0;8,9,10,12,13,14,20,21,22,35,36,37,38,108,115,127,128,129,130,131,132,133,134,136,138,140,141,145,155,178,188,190,193,195,196,197,207,208,209,210,211,263,342,380,403,404,405,406,407,414,433,434,435,436,437,438,439,440,441,442,443,516,517,518,519,520,521,522,523,524,525,526,536,602,603,604,605,606,607,608,
244;0;9410;9589;1;8,9,10,12,13,14,20,21,22,35,36,37,38,108,115,127,128,129,130,131,132,133,134,136,138,140,141,145,155,178,188,190,193,195,196,197,207,208,209,210,211,263,342,380,403,404,405,406,407,414,433,434,435,436,437,438,439,440,441,442,443,516,517,518,519,520,521,522,523,524,525,526,536,602,603,604,605,606,607,608,
244;1;9589;9762;1;8,9,10,12,13,14,20,21,22,35,36,37,38,108,115,127,128,129,130,131,132,133,134,136,138,140,141,145,155,178,188,190,193,195,196,197,207,208,209,210,211,263,342,380,403,404,405,406,407,414,433,434,435,436,437,438,439,440,441,442,443,516,517,518,519,520,521,522,523,524,525,526,536,602,603,604,605,606,607,608,
220;0;9762;9784;1;8,9,10,12,13,14,20,21,22,35,36,37,38,108,115,127,128,129,130,131,132,133,134,136,138,140,141,145,155,178,188,190,193,195,196,197,207,208,209,210,211,263,342,380,403,404,405,406,407,414,433,434,435,436,437,438,439,440,441,442,443,516,517,518,519,520,521,522,523,524,525,526,536,602,603,604,605,606,607,608,
Machine: 1
234;0;0;60;1;8,9,10,11,12,13,14,35,36,37,42,82,83,84,85,86,91,94,95,96,97,98,99,127,128,129,138,178,179,199,200,201,202,203,204,205,206,207,230,236,237,238,239,243,292,342,376,377,378,379,382,383,384,421,449,462,463,464,465,466,467,468,469,470,471,472,473,474,475,476,477,478,479,480,481,482,483,598,599,600,
234;1;60;92;1;8,9,10,11,12,13,14,35,36,37,42,82,83,84,85,86,91,94,95,96,97,98,99,127,128,129,138,178,179,199,200,201,202,203,204,205,206,207,230,236,237,238,239,243,292,342,376,377,378,379,382,383,384,421,449,462,463,464,465,466,467,468,469,470,471,472,473,474,475,476,477,478,479,480,481,482,483,598,599,600,
197;0;92;230;1;8,9,10,11,12,13,14,35,36,37,42,82,83,84,85,86,91,94,95,96,97,98,99,127,128,129,138,178,179,199,200,201,202,203,204,205,206,207,230,236,237,238,239,243,292,342,376,377,378,379,382,383,384,421,449,462,463,464,465,466,467,468,469,470,471,472,473,474,475,476,477,478,479,480,481,482,483,598,599,600,
197;1;230;248;1;8,9,10,11,12,13,14,35,36,37,42,82,83,84,85,86,91,94,95,96,97,98,99,127,128,129,138,178,179,199,200,201,202,203,204,205,206,207,230,236,237,238,239,243,292,342,376,377,378,379,382,383,384,421,449,462,463,464,465,466,467,468,469,470,471,472,473,474,475,476,477,478,479,480,481,482,483,598,599,600,
178;0;248;359;0;8,9,10,11,12,13,14,35,36,37,42,82,83,84,85,86,91,94,95,96,97,98,99,127,128,129,138,178,179,199,200,201,202,203,204,205,206,207,230,236,237,238,239,243,292,342,376,377,378,379,382,383,384,421,449,462,463,464,465,466,467,468,469,470,471,472,473,474,475,476,477,478,479,480,481,482,483,598,599,600,
238;0;359;506;0;8,9,10,11,12,13,14,35,36,37,42,82,83,84,85,86,91,94,95,96,97,98,99,127,128,129,138,178,179,199,200,201,202,203,204,205,206,207,230,236,237,238,239,243,292,342,376,377,378,379,382,383,384,421,449,462,463,464,465,466,467,468,469,470,471,472,473,474,475,476,477,478,479,480,481,482,483,598,599,600,
224;0;506;654;1;8,9,10,11,12,13,14,35,36,37,42,82,83,84,85,86,91,94,95,96,97,98,99,127,128,129,138,178,179,199,200,201,202,203,204,205,206,207,230,236,237,238,239,243,292,342,376,377,378,379,382,383,384,421,449,462,463,464,465,466,467,468,469,470,471,472,473,474,475,476,477,478,479,480,481,482,483,598,599,600,
224;1;654;801;1;8,9,10,11,12,13,14,35,36,37,42,82,83,84,85,86,91,94,95,96,97,98,99,127,128,129,138,178,179,199,200,201,202,203,204,205,206,207,230,236,237,238,239,243,292,342,376,377,378,379,382,383,384,421,449,462,463,464,465,466,467,468,469,470,471,472,473,474,475,476,477,478,479,480,481,482,483,598,599,600,
357;0;801;953;1;8,9,10,11,12,13,14,35,36,37,42,82,83,84,85,86,91,94,95,96,97,98,99,127,128,129,138,178,179,199,200,201,202,203,204,205,206,207,230,236,237,238,239,243,292,342,376,377,378,379,382,383,384,421,449,462,463,464,465,466,467,468,469,470,471,472,473,474,475,476,477,478,479,480,481,482,483,598,599,600,
357;1;953;977;1;8,9,10,11,12,13,14,35,36,37,42,82,83,84,85,86,91,94,95,96,97,98,99,127,128,129,138,178,179,199,200,201,202,203,204,205,206,207,230,236,237,238,239,243,292,342,376,377,378,379,382,383,384,421,449,462,463,464,465,466,467,468,469,470,471,472,473,474,475,476,477,478,479,480,481,482,483,598,599,600,
230;0;977;1082;1;8,9,10,11,12,13,14,35,36,37,42,82,83,84,85,86,91,94,95,96,97,98,99,127,128,129,138,178,179,199,200,201,202,203,204,205,206,207,230,236,237,238,239,243,292,342,376,377,378,379,382,383,384,421,449,462,463,464,465,466,467,468,469,470,471,472,473,474,475,476,477,478,479,480,481,482,483,598,599,600,
199;0;1082;1099;0;8,9,10,11,12,13,14,35,36,37,42,82,83,84,85,86,91,94,95,96,97,98,99,127,128,129,138,178,179,199,200,201,202,203,204,205,206,207,230,236,237,238,239,243,292,342,376,377,378,379,382,383,384,421,449,462,463,464,465,466,467,468,469,470,471,472,473,474,475,476,477,478,479,480,481,482,483,598,599,600,
199;1;1099;1276;0;8,9,10,11,12,13,14,35,36,37,42,82,83,84,85,86,91,94,95,96,97,98,99,127,128,129,138,178,179,199,200,201,202,203,204,205,206,207,230,236,237,238,239,243,292,342,376,377,378,379,382,383,384,421,449,462,463,464,465,466,467,468,469,470,471,472,473,474,475,476,477,478,479,480,481,482,483,598,599,600,
433;0;1276;1428;1;8,9,10,11,12,13,14,35,36,37,42,82,83,84,85,86,91,94,95,96,97,98,99,127,128,129,138,178,179,199,200,201,202,203,204,205,206,207,230,236,237,238,239,243,292,342,376,377,378,379,382,383,384,421,449,462,463,464,465,466,467,468,469,470,471,472,473,474,475,476,477,478,479,480,481,482,483,598,599,600,
328;0;1428;1462;0;8,9,10,11,12,13,14,35,36,37,42,82,83,84,85,86,91,94,95,96,97,98,99,127,128,129,138,178,179,199,200,201,202,203,204,205,206,207,230,236,237,238,239,243,292,342,376,377,378,379,382,383,384,421,449,462,463,464,465,466,467,468,469,470,471,472,473,474,475,476,477,478,479,480,481,482,483,598,599,600,
112;0;1462;1525;0;8,9,10,11,12,13,14,35,36,37,42,82,83,84,85,86,91,94,95,96,97,98,99,127,128,129,138,178,179,199,200,201,202,203,204,205,206,207,230,236,237,238,239,243,292,342,376,377,378,379,382,383,384,421,449,462,463,464,465,466,467,468,469,470,471,472,473,474,475,476,477,478,479,480,481,482,483,598,599,600,
112;1;1525;1681;0;8,9,10,11,12,13,14,35,36,37,42,82,83,84,85,86,91,94,95,96,97,98,99,127,128,129,138,178,179,199,200,201,202,203,204,205,206,207,230,236,237,238,239,243,292,342,376,377,378,379,382,383,384,421,449,462,463,464,465,466,467,468,469,470,471,472,473,474,475,476,477,478,479,480,481,482,483,598,599,600,
312;0;1681;1754;0;8,9,10,11,12,13,14,35,36,37,42,82,83,84,85,86,91,94,95,96,97,98,99,127,128,129,138,178,179,199,200,201,202,203,204,205,206,207,230,236,237,238,239,243,292,342,376,377,378,379,382,383,384,421,449,462,463,464,465,466,467,468,469,470,471,472,473,474,475,476,477,478,479,480,481,482,483,598,599,600,
312;1;1754;1823;0;8,9,10,11,12,13,14,35,36,37,42,82,83,84,85,86,91,94,95,96,97,98,99,127,128,129,138,178,179,199,200,201,202,203,204,205,206,207,230,236,237,238,239,243,292,342,376,377,378,379,382,383,384,421,449,462,463,464,465,466,467,468,469,470,471,472,473,474,475,476,477,478,479,480,481,482,483,598,599,600,
248;0;1823;1980;0;8,9,10,11,12,13,14,35,36,37,42,82,83,84,85,86,91,94,95,96,97,98,99,127,128,129,138,178,179,199,200,201,202,203,204,205,206,207,230,236,237,238,239,243,292,342,376,377,378,379,382,383,384,421,449,462,463,464,465,466,467,468,469,470,471,472,473,474,475,476,477,478,479,480,481,482,483,598,599,600,
144;0;1980;2058;1;8,9,10,11,12,13,14,35,36,37,42,82,83,84,85,86,91,94,95,96,97,98,99,127,128,129,138,178,179,199,200,201,202,203,204,205,206,207,230,236,237,238,239,243,292,342,376,377,378,379,382,383,384,421,449,462,463,464,465,466,467,468,469,470,471,472,473,474,475,476,477,478,479,480,481,482,483,598,599,600,
144;1;2058;2167;1;8,9,10,11,12,13,14,35,36,37,42,82,83,84,85,86,91,94,95,96,97,98,99,127,128,129,138,178,179,199,200,201,202,203,204,205,206,207,230,236,237,238,239,243,292,342,376,377,378,379,382,383,384,421,449,462,463,464,465,466,467,468,469,470,471,472,473,474,475,476,477,478,479,480,481,482,483,598,599,600,
123;0;2167;2215;1;8,9,10,11,12,13,14,35,36,37,42,82,83,84,85,86,91,94,95,96,97,98,99,127,128,129,138,178,179,199,200,201,202,203,204,205,206,207,230,236,237,238,239,243,292,342,376,377,378,379,382,383,384,421,449,462,463,464,465,466,467,468,469,470,471,472,473,474,475,476,477,478,479,480,481,482,483,598,599,600,
1;0;2215;2362;0;8,9,10,11,12,13,14,35,36,37,42,82,83,84,85,86,91,94,95,96,97,98,99,127,128,129,138,178,179,199,200,201,202,203,204,205,206,207,230,236,237,238,239,243,292,342,376,377,378,379,382,383,384,421,449,462,463,464,465,466,467,468,469,470,471,472,473,474,475,476,477,478,479,480,481,482,483,598,599,600,
2;0;2362;2442;0;8,9,10,11,12,13,14,35,36,37,42,82,83,84,85,86,91,94,95,96,97,98,99,127,128,129,138,178,179,199,200,201,202,203,204,205,206,207,230,236,237,238,239,243,292,342,376,377,378,379,382,383,384,421,449,462,463,464,465,466,467,468,469,470,471,472,473,474,475,476,477,478,479,480,481,482,483,598,599,600,
2;1;2442;2489;0;8,9,10,11,12,13,14,35,36,37,42,82,83,84,85,86,91,94,95,96,97,98,99,127,128,129,138,178,179,199,200,201,202,203,204,205,206,207,230,236,237,238,239,243,292,342,376,377,378,379,382,383,384,421,449,462,463,464,465,466,467,468,469,470,471,472,473,474,475,476,477,478,479,480,481,482,483,598,599,600,
407;0;2489;2648;1;8,9,10,11,12,13,14,35,36,37,42,82,83,84,85,86,91,94,95,96,97,98,99,127,128,129,138,178,179,199,200,201,202,203,204,205,206,207,230,236,237,238,239,243,292,342,376,377,378,379,382,383,384,421,449,462,463,464,465,466,467,468,469,470,471,472,473,474,475,476,477,478,479,480,481,482,483,598,599,600,
407;1;2648;2780;1;8,9,10,11,12,13,14,35,36,37,42,82,83,84,85,86,91,94,95,96,97,98,99,127,128,129,138,178,179,199,200,201,202,203,204,205,206,207,230,236,237,238,239,243,292,342,376,377,378,379,382,383,384,421,449,462,463,464,465,466,467,468,469,470,471,472,473,474,475,476,477,478,479,480,481,482,483,598,599,600,
30;0;2780;2788;1;8,9,10,11,12,13,14,35,36,37,42,82,83,84,85,86,91,94,95,96,97,98,99,127,128,129,138,178,179,199,200,201,202,203,204,205,206,207,230,236,237,238,239,243,292,342,376,377,378,379,382,383,384,421,449,462,463,464,465,466,467,468,469,470,471,472,473,474,475,476,477,478,479,480,481,482,483,598,599,600,
260;0;2788;2861;1;8,9,10,11,12,13,14,35,36,37,42,82,83,84,85,86,91,94,95,96,97,98,99,127,128,129,138,178,179,199,200,201,202,203,204,205,206,207,230,236,237,238,239,243,292,342,376,377,378,379,382,383,384,421,449,462,463,464,465,466,467,468,469,470,471,472,473,474,475,476,477,478,479,480,481,482,483,598,599,600,
282;0;2861;2910;0;8,9,10,11,12,13,14,35,36,37,42,82,83,84,85,86,91,94,95,96,97,98,99,127,128,129,138,178,179,199,200,201,202,203,204,205,206,207,230,236,237,238,239,243,292,342,376,377,378,379,382,383,384,421,449,462,463,464,465,466,467,468,469,470,471,472,473,474,475,476,477,478,479,480,481,482,483,598,599,600,
282;1;2910;2944;0;8,9,10,11,12,13,14,35,36,37,42,82,83,84,85,86,91,94,95,96,97,98,99,127,128,129,138,178,179,199,200,201,202,203,204,205,206,207,230,236,237,238,239,243,292,342,376,377,378,379,382,383,384,421,449,462,463,464,465,466,467,468,469,470,471,472,473,474,475,476,477,478,479,480,481,482,483,598,599,600,
250;0;2944;3081;1;8,9,10,11,12,13,14,35,36,37,42,82,83,84,85,86,91,94,95,96,97,98,99,127,128,129,138,178,179,199,200,201,202,203,204,205,206,207,230,236,237,238,239,243,292,342,376,377,378,379,382,383,384,421,449,462,463,464,465,466,467,468,469,470,471,472,473,474,475,476,477,478,479,480,481,482,483,598,599,600,
396;0;3081;3114;0;8,9,10,11,12,13,14,35,36,37,42,82,83,84,85,86,91,94,95,96,97,98,99,127,128,129,138,178,179,199,200,201,202,203,204,205,206,207,230,236,237,238,239,243,292,342,376,377,378,379,382,383,384,421,449,462,463,464,465,466,467,468,469,470,471,472,473,474,475,476,477,478,479,480,481,482,483,598,599,600,
444;0;3114;3197;1;8,9,10,11,12,13,14,35,36,37,42,82,83,84,85,86,91,94,95,96,97,98,99,127,128,129,138,178,179,199,200,201,202,203,204,205,206,207,230,236,237,238,239,243,292,342,376,377,378,379,382,383,384,421,449,462,463,464,465,466,467,468,469,470,471,472,473,474,475,476,477,478,479,480,481,482,483,598,599,600,
444;1;3197;3334;1;8,9,10,11,12,13,14,35,36,37,42,82,83,84,85,86,91,94,95,96,97,98,99,127,128,129,138,178,179,199,200,201,202,203,204,205,206,207,230,236,237,238,239,243,292,342,376,377,378,379,382,383,384,421,449,462,463,464,465,466,467,468,469,470,471,472,473,474,475,476,477,478,479,480,481,482,483,598,599,600,
336;0;3334;3366;0;8,9,10,11,12,13,14,35,36,37,42,82,83,84,85,86,91,94,95,96,97,98,99,127,128,129,138,178,179,199,200,201,202,203,204,205,206,207,230,236,237,238,239,243,292,342,376,377,378,379,382,383,384,421,449,462,463,464,465,466,467,468,469,470,471,472,473,474,475,476,477,478,479,480,481,482,483,598,599,600,
273;0;3366;3421;1;8,9,10,11,12,13,14,35,36,37,42,82,83,84,85,86,91,94,95,96,97,98,99,127,128,129,138,178,179,199,200,201,202,203,204,205,206,207,230,236,237,238,239,243,292,342,376,377,378,379,382,383,384,421,449,462,463,464,465,466,467,468,469,470,471,472,473,474,475,476,477,478,479,480,481,482,483,598,599,600,
173;0;3421;3481;1;8,9,10,11,12,13,14,35,36,37,42,82,83,84,85,86,91,94,95,96,97,98,99,127,128,129,138,178,179,199,200,201,202,203,204,205,206,207,230,236,237,238,239,243,292,342,376,377,378,379,382,383,384,421,449,462,463,464,465,466,467,468,469,470,471,472,473,474,475,476,477,478,479,480,481,482,483,598,599,600,
217;0;3481;3531;1;8,9,10,11,12,13,14,35,36,37,42,82,83,84,85,86,91,94,95,96,97,98,99,127,128,129,138,178,179,199,200,201,202,203,204,205,206,207,230,236,237,238,239,243,292,342,376,377,378,379,382,383,384,421,449,462,463,464,465,466,467,468,469,470,471,472,473,474,475,476,477,478,479,480,481,482,483,598,599,600,
217;1;3531;3687;1;8,9,10,11,12,13,14,35,36,37,42,82,83,84,85,86,91,94,95,96,97,98,99,127,128,129,138,178,179,199,200,201,202,203,204,205,206,207,230,236,237,238,239,243,292,342,376,377,378,379,382,383,384,421,449,462,463,464,465,466,467,468,469,470,471,472,473,474,475,476,477,478,479,480,481,482,483,598,599,600,
109;0;3687;3768;0;8,9,10,11,12,13,14,35,36,37,42,82,83,84,85,86,91,94,95,96,97,98,99,127,128,129,138,178,179,199,200,201,202,203,204,205,206,207,230,236,237,238,239,243,292,342,376,377,378,379,382,383,384,421,449,462,463,464,465,466,467,468,469,470,471,472,473,474,475,476,477,478,479,480,481,482,483,598,599,600,
109;1;3768;3933;0;8,9,10,11,12,13,14,35,36,37,42,82,83,84,85,86,91,94,95,96,97,98,99,127,128,129,138,178,179,199,200,201,202,203,204,205,206,207,230,236,237,238,239,243,292,342,376,377,378,379,382,383,384,421,449,462,463,464,465,466,467,468,469,470,471,472,473,474,475,476,477,478,479,480,481,482,483,598,599,600,
319;0;3933;4027;0;8,9,10,11,12,13,14,35,36,37,42,82,83,84,85,86,91,94,95,96,97,98,99,127,128,129,138,178,179,199,200,201,202,203,204,205,206,207,230,236,237,238,239,243,292,342,376,377,378,379,382,383,384,421,449,462,463,464,465,466,467,468,469,470,471,472,473,474,475,476,477,478,479,480,481,482,483,598,599,600,
319;1;4027;4136;0;8,9,10,11,12,13,14,35,36,37,42,82,83,84,85,86,91,94,95,96,97,98,99,127,128,129,138,178,179,199,200,201,202,203,204,205,206,207,230,236,237,238,239,243,292,342,376,377,378,379,382,383,384,421,449,462,463,464,465,466,467,468,469,470,471,472,473,474,475,476,477,478,479,480,481,482,483,598,599,600,
57;0;4136;4212;1;8,9,10,11,12,13,14,35,36,37,42,82,83,84,85,86,91,94,95,96,97,98,99,127,128,129,138,178,179,199,200,201,202,203,204,205,206,207,230,236,237,238,239,243,292,342,376,377,378,379,382,383,384,421,449,462,463,464,465,466,467,468,469,470,471,472,473,474,475,476,477,478,479,480,481,482,483,598,599,600,
57;1;4212;4260;1;8,9,10,11,12,13,14,35,36,37,42,82,83,84,85,86,91,94,95,96,97,98,99,127,128,129,138,178,179,199,200,201,202,203,204,205,206,207,230,236,237,238,239,243,292,342,376,377,378,379,382,383,384,421,449,462,463,464,465,466,467,468,469,470,471,472,473,474,475,476,477,478,479,480,481,482,483,598,599,600,
184;0;4260;4425;1;8,9,10,11,12,13,14,35,36,37,42,82,83,84,85,86,91,94,95,96,97,98,99,127,128,129,138,178,179,199,200,201,202,203,204,205,206,207,230,236,237,238,239,243,292,342,376,377,378,379,382,383,384,421,449,462,463,464,465,466,467,468,469,470,471,472,473,474,475,476,477,478,479,480,481,482,483,598,599,600,
184;1;4425;4590;1;8,9,10,11,12,13,14,35,36,37,42,82,83,84,85,86,91,94,95,96,97,98,99,127,128,129,138,178,179,199,200,201,202,203,204,205,206,207,230,236,237,238,239,243,292,342,376,377,378,379,382,383,384,421,449,462,463,464,465,466,467,468,469,470,471,472,473,474,475,476,477,478,479,480,481,482,483,598,599,600,
11;0;4590;4656;1;8,9,10,11,12,13,14,35,36,37,42,82,83,84,85,86,91,94,95,96,97,98,99,127,128,129,138,178,179,199,200,201,202,203,204,205,206,207,230,236,237,238,239,243,292,342,376,377,378,379,382,383,384,421,449,462,463,464,465,466,467,468,469,470,471,472,473,474,475,476,477,478,479,480,481,482,483,598,599,600,
119;0;4656;4693;0;8,9,10,11,12,13,14,35,36,37,42,82,83,84,85,86,91,94,95,96,97,98,99,127,128,129,138,178,179,199,200,201,202,203,204,205,206,207,230,236,237,238,239,243,292,342,376,377,378,379,382,383,384,421,449,462,463,464,465,466,467,468,469,470,471,472,473,474,475,476,477,478,479,480,481,482,483,598,599,600,
119;1;4693;4838;0;8,9,10,11,12,13,14,35,36,37,42,82,83,84,85,86,91,94,95,96,97,98,99,127,128,129,138,178,179,199,200,201,202,203,204,205,206,207,230,236,237,238,239,243,292,342,376,377,378,379,382,383,384,421,449,462,463,464,465,466,467,468,469,470,471,472,473,474,475,476,477,478,479,480,481,482,483,598,599,600,
44;0;4838;4842;1;8,9,10,11,12,13,14,35,36,37,42,82,83,84,85,86,91,94,95,96,97,98,99,127,128,129,138,178,179,199,200,201,202,203,204,205,206,207,230,236,237,238,239,243,292,342,376,377,378,379,382,383,384,421,449,462,463,464,465,466,467,468,469,470,471,472,473,474,475,476,477,478,479,480,481,482,483,598,599,600,
44;1;4842;4998;1;8,9,10,11,12,13,14,35,36,37,42,82,83,84,85,86,91,94,95,96,97,98,99,127,128,129,138,178,179,199,200,201,202,203,204,205,206,207,230,236,237,238,239,243,292,342,376,377,378,379,382,383,384,421,449,462,463,464,465,466,467,468,469,470,471,472,473,474,475,476,477,478,479,480,481,482,483,598,599,600,
132;0;4998;5032;0;8,9,10,11,12,13,14,35,36,37,42,82,83,84,85,86,91,94,95,96,97,98,99,127,128,129,138,178,179,199,200,201,202,203,204,205,206,207,230,236,237,238,239,243,292,342,376,377,378,379,382,383,384,421,449,462,463,464,465,466,467,468,469,470,471,472,473,474,475,476,477,478,479,480,481,482,483,598,599,600,
132;1;5032;5150;0;8,9,10,11,12,13,14,35,36,37,42,82,83,84,85,86,91,94,95,96,97,98,99,127,128,129,138,178,179,199,200,201,202,203,204,205,206,207,230,236,237,238,239,243,292,342,376,377,378,379,382,383,384,421,449,462,463,464,465,466,467,468,469,470,471,472,473,474,475,476,477,478,479,480,481,482,483,598,599,600,
47;0;5150;5287;1;8,9,10,11,12,13,14,35,36,37,42,82,83,84,85,86,91,94,95,96,97,98,99,127,128,129,138,178,179,199,200,201,202,203,204,205,206,207,230,236,237,238,239,243,292,342,376,377,378,379,382,383,384,421,449,462,463,464,465,466,467,468,469,470,471,472,473,474,475,476,477,478,479,480,481,482,483,598,599,600,
47;1;5287;5383;1;8,9,10,11,12,13,14,35,36,37,42,82,83,84,85,86,91,94,95,96,97,98,99,127,128,129,138,178,179,199,200,201,202,203,204,205,206,207,230,236,237,238,239,243,292,342,376,377,378,379,382,383,384,421,449,462,463,464,465,466,467,468,469,470,471,472,473,474,475,476,477,478,479,480,481,482,483,598,599,600,
376;0;5383;5449;0;8,9,10,11,12,13,14,35,36,37,42,82,83,84,85,86,91,94,95,96,97,98,99,127,128,129,138,178,179,199,200,201,202,203,204,205,206,207,230,236,237,238,239,243,292,342,376,377,378,379,382,383,384,421,449,462,463,464,465,466,467,468,469,470,471,472,473,474,475,476,477,478,479,480,481,482,483,598,599,600,
15;0;5449;5473;0;8,9,10,11,12,13,14,35,36,37,42,82,83,84,85,86,91,94,95,96,97,98,99,127,128,129,138,178,179,199,200,201,202,203,204,205,206,207,230,236,237,238,239,243,292,342,376,377,378,379,382,383,384,421,449,462,463,464,465,466,467,468,469,470,471,472,473,474,475,476,477,478,479,480,481,482,483,598,599,600,
313;0;5473;5591;1;8,9,10,11,12,13,14,35,36,37,42,82,83,84,85,86,91,94,95,96,97,98,99,127,128,129,138,178,179,199,200,201,202,203,204,205,206,207,230,236,237,238,239,243,292,342,376,377,378,379,382,383,384,421,449,462,463,464,465,466,467,468,469,470,471,472,473,474,475,476,477,478,479,480,481,482,483,598,599,600,
228;0;5591;5609;0;8,9,10,11,12,13,14,35,36,37,42,82,83,84,85,86,91,94,95,96,97,98,99,127,128,129,138,178,179,199,200,201,202,203,204,205,206,207,230,236,237,238,239,243,292,342,376,377,378,379,382,383,384,421,449,462,463,464,465,466,467,468,469,470,471,472,473,474,475,476,477,478,479,480,481,482,483,598,599,600,
209;0;5609;5617;0;8,9,10,11,12,13,14,35,36,37,42,82,83,84,85,86,91,94,95,96,97,98,99,127,128,129,138,178,179,199,200,201,202,203,204,205,206,207,230,236,237,238,239,243,292,342,376,377,378,379,382,383,384,421,449,462,463,464,465,466,467,468,469,470,471,472,473,474,475,476,477,478,479,480,481,482,483,598,599,600,
209;1;5617;5791;0;8,9,10,11,12,13,14,35,36,37,42,82,83,84,85,86,91,94,95,96,97,98,99,127,128,129,138,178,179,199,200,201,202,203,204,205,206,207,230,236,237,238,239,243,292,342,376,377,378,379,382,383,384,421,449,462,463,464,465,466,467,468,469,470,471,472,473,474,475,476,477,478,479,480,481,482,483,598,599,600,
257;0;5791;5850;1;8,9,10,11,12,13,14,35,36,37,42,82,83,84,85,86,91,94,95,96,97,98,99,127,128,129,138,178,179,199,200,201,202,203,204,205,206,207,230,236,237,238,239,243,292,342,376,377,378,379,382,383,384,421,449,462,463,464,465,466,467,468,469,470,471,472,473,474,475,476,477,478,479,480,481,482,483,598,599,600,
257;1;5850;5994;1;8,9,10,11,12,13,14,35,36,37,42,82,83,84,85,86,91,94,95,96,97,98,99,127,128,129,138,178,179,199,200,201,202,203,204,205,206,207,230,236,237,238,239,243,292,342,376,377,378,379,382,383,384,421,449,462,463,464,465,466,467,468,469,470,471,472,473,474,475,476,477,478,479,480,481,482,483,598,599,600,
45;0;5994;6063;0;8,9,10,11,12,13,14,35,36,37,42,82,83,84,85,86,91,94,95,96,97,98,99,127,128,129,138,178,179,199,200,201,202,203,204,205,206,207,230,236,237,238,239,243,292,342,376,377,378,379,382,383,384,421,449,462,463,464,465,466,467,468,469,470,471,472,473,474,475,476,477,478,479,480,481,482,483,598,599,600,
387;0;6063;6111;1;8,9,10,11,12,13,14,35,36,37,42,82,83,84,85,86,91,94,95,96,97,98,99,127,128,129,138,178,179,199,200,201,202,203,204,205,206,207,230,236,237,238,239,243,292,342,376,377,378,379,382,383,384,421,449,462,463,464,465,466,467,468,469,470,471,472,473,474,475,476,477,478,479,480,481,482,483,598,599,600,
387;1;6111;6243;1;8,9,10,11,12,13,14,35,36,37,42,82,83,84,85,86,91,94,95,96,97,98,99,127,128,129,138,178,179,199,200,201,202,203,204,205,206,207,230,236,237,238,239,243,292,342,376,377,378,379,382,383,384,421,449,462,463,464,465,466,467,468,469,470,471,472,473,474,475,476,477,478,479,480,481,482,483,598,599,600,
55;0;6243;6387;0;8,9,10,11,12,13,14,35,36,37,42,82,83,84,85,86,91,94,95,96,97,98,99,127,128,129,138,178,179,199,200,201,202,203,204,205,206,207,230,236,237,238,239,243,292,342,376,377,378,379,382,383,384,421,449,462,463,464,465,466,467,468,469,470,471,472,473,474,475,476,477,478,479,480,481,482,483,598,599,600,
306;0;6387;6401;0;8,9,10,11,12,13,14,35,36,37,42,82,83,84,85,86,91,94,95,96,97,98,99,127,128,129,138,178,179,199,200,201,202,203,204,205,206,207,230,236,237,238,239,243,292,342,376,377,378,379,382,383,384,421,449,462,463,464,465,466,467,468,469,470,471,472,473,474,475,476,477,478,479,480,481,482,483,598,599,600,
409;0;6401;6532;0;8,9,10,11,12,13,14,35,36,37,42,82,83,84,85,86,91,94,95,96,97,98,99,127,128,129,138,178,179,199,200,201,202,203,204,205,206,207,230,236,237,238,239,243,292,342,376,377,378,379,382,383,384,421,449,462,463,464,465,466,467,468,469,470,471,472,473,474,475,476,477,478,479,480,481,482,483,598,599,600,
409;1;6532;6689;0;8,9,10,11,12,13,14,35,36,37,42,82,83,84,85,86,91,94,95,96,97,98,99,127,128,129,138,178,179,199,200,201,202,203,204,205,206,207,230,236,237,238,239,243,292,342,376,377,378,379,382,383,384,421,449,462,463,464,465,466,467,468,469,470,471,472,473,474,475,476,477,478,479,480,481,482,483,598,599,600,
413;0;6689;6861;1;8,9,10,11,12,13,14,35,36,37,42,82,83,84,85,86,91,94,95,96,97,98,99,127,128,129,138,178,179,199,200,201,202,203,204,205,206,207,230,236,237,238,239,243,292,342,376,377,378,379,382,383,384,421,449,462,463,464,465,466,467,468,469,470,471,472,473,474,475,476,477,478,479,480,481,482,483,598,599,600,
231;0;6861;6916;1;8,9,10,11,12,13,14,35,36,37,42,82,83,84,85,86,91,94,95,96,97,98,99,127,128,129,138,178,179,199,200,201,202,203,204,205,206,207,230,236,237,238,239,243,292,342,376,377,378,379,382,383,384,421,449,462,463,464,465,466,467,468,469,470,471,472,473,474,475,476,477,478,479,480,481,482,483,598,599,600,
389;0;6916;7094;0;8,9,10,11,12,13,14,35,36,37,42,82,83,84,85,86,91,94,95,96,97,98,99,127,128,129,138,178,179,199,200,201,202,203,204,205,206,207,230,236,237,238,239,243,292,342,376,377,378,379,382,383,384,421,449,462,463,464,465,466,467,468,469,470,471,472,473,474,475,476,477,478,479,480,481,482,483,598,599,600,
389;1;7094;7126;0;8,9,10,11,12,13,14,35,36,37,42,82,83,84,85,86,91,94,95,96,97,98,99,127,128,129,138,178,179,199,200,201,202,203,204,205,206,207,230,236,237,238,239,243,292,342,376,377,378,379,382,383,384,421,449,462,463,464,465,466,467,468,469,470,471,472,473,474,475,476,477,478,479,480,481,482,483,598,599,600,
293;0;7126;7286;1;8,9,10,11,12,13,14,35,36,37,42,82,83,84,85,86,91,94,95,96,97,98,99,127,128,129,138,178,179,199,200,201,202,203,204,205,206,207,230,236,237,238,239,243,292,342,376,377,378,379,382,383,384,421,449,462,463,464,465,466,467,468,469,470,471,472,473,474,475,476,477,478,479,480,481,482,483,598,599,600,
394;0;7286;7411;1;8,9,10,11,12,13,14,35,36,37,42,82,83,84,85,86,91,94,95,96,97,98,99,127,128,129,138,178,179,199,200,201,202,203,204,205,206,207,230,236,237,238,239,243,292,342,376,377,378,379,382,383,384,421,449,462,463,464,465,466,467,468,469,470,471,472,473,474,475,476,477,478,479,480,481,482,483,598,599,600,
394;1;7411;7516;1;8,9,10,11,12,13,14,35,36,37,42,82,83,84,85,86,91,94,95,96,97,98,99,127,128,129,138,178,179,199,200,201,202,203,204,205,206,207,230,236,237,238,239,243,292,342,376,377,378,379,382,383,384,421,449,462,463,464,465,466,467,468,469,470,471,472,473,474,475,476,477,478,479,480,481,482,483,598,599,600,
399;0;7516;7550;0;8,9,10,11,12,13,14,35,36,37,42,82,83,84,85,86,91,94,95,96,97,98,99,127,128,129,138,178,179,199,200,201,202,203,204,205,206,207,230,236,237,238,239,243,292,342,376,377,378,379,382,383,384,421,449,462,463,464,465,466,467,468,469,470,471,472,473,474,475,476,477,478,479,480,481,482,483,598,599,600,
399;1;7550;7687;0;8,9,10,11,12,13,14,35,36,37,42,82,83,84,85,86,91,94,95,96,97,98,99,127,128,129,138,178,179,199,200,201,202,203,204,205,206,207,230,236,237,238,239,243,292,342,376,377,378,379,382,383,384,421,449,462,463,464,465,466,467,468,469,470,471,472,473,474,475,476,477,478,479,480,481,482,483,598,599,600,
305;0;7687;7743;0;8,9,10,11,12,13,14,35,36,37,42,82,83,84,85,86,91,94,95,96,97,98,99,127,128,129,138,178,179,199,200,201,202,203,204,205,206,207,230,236,237,238,239,243,292,342,376,377,378,379,382,383,384,421,449,462,463,464,465,466,467,468,469,470,471,472,473,474,475,476,477,478,479,480,481,482,483,598,599,600,
298;0;7743;7795;0;8,9,10,11,12,13,14,35,36,37,42,82,83,84,85,86,91,94,95,96,97,98,99,127,128,129,138,178,179,199,200,201,202,203,204,205,206,207,230,236,237,238,239,243,292,342,376,377,378,379,382,383,384,421,449,462,463,464,465,466,467,468,469,470,471,472,473,474,475,476,477,478,479,480,481,482,483,598,599,600,
365;0;7795;7960;0;8,9,10,11,12,13,14,35,36,37,42,82,83,84,85,86,91,94,95,96,97,98,99,127,128,129,138,178,179,199,200,201,202,203,204,205,206,207,230,236,237,238,239,243,292,342,376,377,378,379,382,383,384,421,449,462,463,464,465,466,467,468,469,470,471,472,473,474,475,476,477,478,479,480,481,482,483,598,599,600,
22;0;7960;7979;0;8,9,10,11,12,13,14,35,36,37,42,82,83,84,85,86,91,94,95,96,97,98,99,127,128,129,138,178,179,199,200,201,202,203,204,205,206,207,230,236,237,238,239,243,292,342,376,377,378,379,382,383,384,421,449,462,463,464,465,466,467,468,469,470,471,472,473,474,475,476,477,478,479,480,481,482,483,598,599,600,
22;1;7979;8106;0;8,9,10,11,12,13,14,35,36,37,42,82,83,84,85,86,91,94,95,96,97,98,99,127,128,129,138,178,179,199,200,201,202,203,204,205,206,207,230,236,237,238,239,243,292,342,376,377,378,379,382,383,384,421,449,462,463,464,465,466,467,468,469,470,471,472,473,474,475,476,477,478,479,480,481,482,483,598,599,600,
289;0;8106;8131;0;8,9,10,11,12,13,14,35,36,37,42,82,83,84,85,86,91,94,95,96,97,98,99,127,128,129,138,178,179,199,200,201,202,203,204,205,206,207,230,236,237,238,239,243,292,342,376,377,378,379,382,383,384,421,449,462,463,464,465,466,467,468,469,470,471,472,473,474,475,476,477,478,479,480,481,482,483,598,599,600,
289;1;8131;8149;0;8,9,10,11,12,13,14,35,36,37,42,82,83,84,85,86,91,94,95,96,97,98,99,127,128,129,138,178,179,199,200,201,202,203,204,205,206,207,230,236,237,238,239,243,292,342,376,377,378,379,382,383,384,421,449,462,463,464,465,466,467,468,469,470,471,472,473,474,475,476,477,478,479,480,481,482,483,598,599,600,
56;0;8149;8166;0;8,9,10,11,12,13,14,35,36,37,42,82,83,84,85,86,91,94,95,96,97,98,99,127,128,129,138,178,179,199,200,201,202,203,204,205,206,207,230,236,237,238,239,243,292,342,376,377,378,379,382,383,384,421,449,462,463,464,465,466,467,468,469,470,471,472,473,474,475,476,477,478,479,480,481,482,483,598,599,600,
162;0;8166;8245;0;8,9,10,11,12,13,14,35,36,37,42,82,83,84,85,86,91,94,95,96,97,98,99,127,128,129,138,178,179,199,200,201,202,203,204,205,206,207,230,236,237,238,239,243,292,342,376,377,378,379,382,383,384,421,449,462,463,464,465,466,467,468,469,470,471,472,473,474,475,476,477,478,479,480,481,482,483,598,599,600,
162;1;8245;8277;0;8,9,10,11,12,13,14,35,36,37,42,82,83,84,85,86,91,94,95,96,97,98,99,127,128,129,138,178,179,199,200,201,202,203,204,205,206,207,230,236,237,238,239,243,292,342,376,377,378,379,382,383,384,421,449,462,463,464,465,466,467,468,469,470,471,472,473,474,475,476,477,478,479,480,481,482,483,598,599,600,
37;0;8277;8367;1;8,9,10,11,12,13,14,35,36,37,42,82,83,84,85,86,91,94,95,96,97,98,99,127,128,129,138,178,179,199,200,201,202,203,204,205,206,207,230,236,237,238,239,243,292,342,376,377,378,379,382,383,384,421,449,462,463,464,465,466,467,468,469,470,471,472,473,474,475,476,477,478,479,480,481,482,483,598,599,600,
37;1;8367;8418;1;8,9,10,11,12,13,14,35,36,37,42,82,83,84,85,86,91,94,95,96,97,98,99,127,128,129,138,178,179,199,200,201,202,203,204,205,206,207,230,236,237,238,239,243,292,342,376,377,378,379,382,383,384,421,449,462,463,464,465,466,467,468,469,470,471,472,473,474,475,476,477,478,479,480,481,482,483,598,599,600,
446;0;8418;8484;0;8,9,10,11,12,13,14,35,36,37,42,82,83,84,85,86,91,94,95,96,97,98,99,127,128,129,138,178,179,199,200,201,202,203,204,205,206,207,230,236,237,238,239,243,292,342,376,377,378,379,382,383,384,421,449,462,463,464,465,466,467,468,469,470,471,472,473,474,475,476,477,478,479,480,481,482,483,598,599,600,
121;0;8484;8649;1;8,9,10,11,12,13,14,35,36,37,42,82,83,84,85,86,91,94,95,96,97,98,99,127,128,129,138,178,179,199,200,201,202,203,204,205,206,207,230,236,237,238,239,243,292,342,376,377,378,379,382,383,384,421,449,462,463,464,465,466,467,468,469,470,471,472,473,474,475,476,477,478,479,480,481,482,483,598,599,600,
447;0;8649;8722;1;8,9,10,11,12,13,14,35,36,37,42,82,83,84,85,86,91,94,95,96,97,98,99,127,128,129,138,178,179,199,200,201,202,203,204,205,206,207,230,236,237,238,239,243,292,342,376,377,378,379,382,383,384,421,449,462,463,464,465,466,467,468,469,470,471,472,473,474,475,476,477,478,479,480,481,482,483,598,599,600,
447;1;8722;8866;1;8,9,10,11,12,13,14,35,36,37,42,82,83,84,85,86,91,94,95,96,97,98,99,127,128,129,138,178,179,199,200,201,202,203,204,205,206,207,230,236,237,238,239,243,292,342,376,377,378,379,382,383,384,421,449,462,463,464,465,466,467,468,469,470,471,472,473,474,475,476,477,478,479,480,481,482,483,598,599,600,
435;0;8866;8962;0;8,9,10,11,12,13,14,35,36,37,42,82,83,84,85,86,91,94,95,96,97,98,99,127,128,129,138,178,179,199,200,201,202,203,204,205,206,207,230,236,237,238,239,243,292,342,376,377,378,379,382,383,384,421,449,462,463,464,465,466,467,468,469,470,471,472,473,474,475,476,477,478,479,480,481,482,483,598,599,600,
61;0;8962;9014;1;8,9,10,11,12,13,14,35,36,37,42,82,83,84,85,86,91,94,95,96,97,98,99,127,128,129,138,178,179,199,200,201,202,203,204,205,206,207,230,236,237,238,239,243,292,342,376,377,378,379,382,383,384,421,449,462,463,464,465,466,467,468,469,470,471,472,473,474,475,476,477,478,479,480,481,482,483,598,599,600,
143;0;9014;9028;1;8,9,10,11,12,13,14,35,36,37,42,82,83,84,85,86,91,94,95,96,97,98,99,127,128,129,138,178,179,199,200,201,202,203,204,205,206,207,230,236,237,238,239,243,292,342,376,377,378,379,382,383,384,421,449,462,463,464,465,466,467,468,469,470,471,472,473,474,475,476,477,478,479,480,481,482,483,598,599,600,
415;0;9028;9101;0;8,9,10,11,12,13,14,35,36,37,42,82,83,84,85,86,91,94,95,96,97,98,99,127,128,129,138,178,179,199,200,201,202,203,204,205,206,207,230,236,237,238,239,243,292,342,376,377,378,379,382,383,384,421,449,462,463,464,465,466,467,468,469,470,471,472,473,474,475,476,477,478,479,480,481,482,483,598,599,600,
267;0;9101;9239;1;8,9,10,11,12,13,14,35,36,37,42,82,83,84,85,86,91,94,95,96,97,98,99,127,128,129,207,243,421,462,463,464,465,466,467,468,469,470,471,472,473,474,475,476,477,478,479,480,481,482,483,484,485,486,487,488,489,490,491,492,493,494,495,496,497,498,499,500,501,502,503,504,505,506,507,508,509,510,511,512,
267;1;9239;9264;1;8,9,10,11,12,13,14,35,36,37,42,82,83,84,85,86,91,94,95,96,97,98,99,127,128,129,207,243,421,462,463,464,465,466,467,468,469,470,471,472,473,474,475,476,477,478,479,480,481,482,483,484,485,486,487,488,489,490,491,492,493,494,495,496,497,498,499,500,501,502,503,504,505,506,507,508,509,510,511,512,
156;0;9264;9330;0;8,9,10,11,12,13,14,35,36,37,42,82,83,84,85,86,91,94,95,96,97,98,99,127,128,129,207,243,421,462,463,464,465,466,467,468,469,470,471,472,473,474,475,476,477,478,479,480,481,482,483,484,485,486,487,488,489,490,491,492,493,494,495,496,497,498,499,500,501,502,503,504,505,506,507,508,509,510,511,512,
149;0;9330;9399;0;8,9,10,11,12,13,14,35,36,37,42,82,83,84,85,86,91,94,95,96,97,98,99,127,128,129,207,243,421,462,463,464,465,466,467,468,469,470,471,472,473,474,475,476,477,478,479,480,481,482,483,484,485,486,487,488,489,490,491,492,493,494,495,496,497,498,499,500,501,502,503,504,505,506,507,508,509,510,511,512,
149;1;9399;9454;0;8,9,10,11,12,13,14,35,36,37,42,82,83,84,85,86,91,94,95,96,97,98,99,127,128,129,207,243,421,462,463,464,465,466,467,468,469,470,471,472,473,474,475,476,477,478,479,480,481,482,483,484,485,486,487,488,489,490,491,492,493,494,495,496,497,498,499,500,501,502,503,504,505,506,507,508,509,510,511,512,
391;0;9454;9591;1;8,9,10,11,12,13,14,35,36,37,42,82,83,84,85,86,91,94,95,96,97,98,99,127,128,129,207,243,421,462,463,464,465,466,467,468,469,470,471,472,473,474,475,476,477,478,479,480,481,482,483,484,485,486,487,488,489,490,491,492,493,494,495,496,497,498,499,500,501,502,503,504,505,506,507,508,509,510,511,512,
216;0;9591;9728;0;8,9,10,11,12,13,14,35,36,37,42,82,83,84,85,86,91,94,95,96,97,98,99,127,128,129,207,243,421,462,463,464,465,466,467,468,469,470,471,472,473,474,475,476,477,478,479,480,481,482,483,484,485,486,487,488,489,490,491,492,493,494,495,496,497,498,499,500,501,502,503,504,505,506,507,508,509,510,511,512,
75;0;9728;9788;0;8,9,10,11,12,13,14,35,36,37,42,82,83,84,85,86,91,94,95,96,97,98,99,127,128,129,207,243,421,462,463,464,465,466,467,468,469,470,471,472,473,474,475,476,477,478,479,480,481,482,483,484,485,486,487,488,489,490,491,492,493,494,495,496,497,498,499,500,501,502,503,504,505,506,507,508,509,510,511,512,
Machine: 2
28;0;0;175;0;0,1,2,3,4,6,8,13,15,16,17,18,19,20,21,22,23,24,25,26,27,28,29,30,31,32,33,35,36,37,85,87,88,117,118,119,120,121,122,123,124,125,126,128,129,132,134,135,136,137,140,141,178,186,187,188,189,190,191,192,193,194,195,196,197,198,208,233,234,235,242,322,342,444,445,446,539,540,541,542,
81;0;175;276;1;0,1,2,3,4,6,8,13,15,16,17,18,19,20,21,22,23,24,25,26,27,28,29,30,31,32,33,35,36,37,85,87,88,117,118,119,120,121,122,123,124,125,126,128,129,132,134,135,136,137,140,141,178,186,187,188,189,190,191,192,193,194,195,196,197,198,208,233,234,235,242,322,342,444,445,446,539,540,541,542,
148;0;276;377;0;0,1,2,3,4,6,8,13,15,16,17,18,19,20,21,22,23,24,25,26,27,28,29,30,31,32,33,35,36,37,85,87,88,117,118,119,120,121,122,123,124,125,126,128,129,132,134,135,136,137,140,141,178,186,187,188,189,190,191,192,193,194,195,196,197,198,208,233,234,235,242,322,342,444,445,446,539,540,541,542,
133;0;377;463;1;0,1,2,3,4,6,8,13,15,16,17,18,19,20,21,22,23,24,25,26,27,28,29,30,31,32,33,35,36,37,85,87,88,117,118,119,120,121,122,123,124,125,126,128,129,132,134,135,136,137,140,141,178,186,187,188,189,190,191,192,193,194,195,196,197,198,208,233,234,235,242,322,342,444,445,446,539,540,541,542,
111;0;463;535;1;0,1,2,3,4,6,8,13,15,16,17,18,19,20,21,22,23,24,25,26,27,28,29,30,31,32,33,35,36,37,85,87,88,117,118,119,120,121,122,123,124,125,126,128,129,132,134,135,136,137,140,141,178,186,187,188,189,190,191,192,193,194,195,196,197,198,208,233,234,235,242,322,342,444,445,446,539,540,541,542,
269;0;535;633;0;0,1,2,3,4,6,8,13,15,16,17,18,19,20,21,22,23,24,25,26,27,28,29,30,31,32,33,35,36,37,85,87,88,117,118,119,120,121,122,123,124,125,126,128,129,132,134,135,136,137,140,141,178,186,187,188,189,190,191,192,193,194,195,196,197,198,208,233,234,235,242,322,342,444,445,446,539,540,541,542,
269;1;633;793;0;0,1,2,3,4,6,8,13,15,16,17,18,19,20,21,22,23,24,25,26,27,28,29,30,31,32,33,35,36,37,85,87,88,117,118,119,120,121,122,123,124,125,126,128,129,132,134,135,136,137,140,141,178,186,187,188,189,190,191,192,193,194,195,196,197,198,208,233,234,235,242,322,342,444,445,446,539,540,541,542,
12;0;793;869;0;0,1,2,3,4,6,8,13,15,16,17,18,19,20,21,22,23,24,25,26,27,28,29,30,31,32,33,35,36,37,85,87,88,117,118,119,120,121,122,123,124,125,126,128,129,132,134,135,136,137,140,141,178,186,187,188,189,190,191,192,193,194,195,196,197,198,208,233,234,235,242,322,342,444,445,446,539,540,541,542,
12;1;869;922;0;0,1,2,3,4,6,8,13,15,16,17,18,19,20,21,22,23,24,25,26,27,28,29,30,31,32,33,35,36,37,85,87,88,117,118,119,120,121,122,123,124,125,126,128,129,132,134,135,136,137,140,141,178,186,187,188,189,190,191,192,193,194,195,196,197,198,208,233,234,235,242,322,342,444,445,446,539,540,541,542,
153;0;922;996;1;0,1,2,3,4,6,8,13,15,16,17,18,19,20,21,22,23,24,25,26,27,28,29,30,31,32,33,35,36,37,85,87,88,117,118,119,120,121,122,123,124,125,126,128,129,132,134,135,136,137,140,141,178,186,187,188,189,190,191,192,193,194,195,196,197,198,208,233,234,235,242,322,342,444,445,446,539,540,541,542,
198;0;996;1072;0;0,1,2,3,4,6,8,13,15,16,17,18,19,20,21,22,23,24,25,26,27,28,29,30,31,32,33,35,36,37,85,87,88,117,118,119,120,121,122,123,124,125,126,128,129,132,134,135,136,137,140,141,178,186,187,188,189,190,191,192,193,194,195,196,197,198,208,233,234,235,242,322,342,444,445,446,539,540,541,542,
71;0;1072;1187;1;0,1,2,3,4,6,8,13,15,16,17,18,19,20,21,22,23,24,25,26,27,28,29,30,31,32,33,35,36,37,85,87,88,117,118,119,120,121,122,123,124,125,126,128,129,132,134,135,136,137,140,141,178,186,187,188,189,190,191,192,193,194,195,196,197,198,208,233,234,235,242,322,342,444,445,446,539,540,541,542,
225;0;1187;1320;0;0,1,2,3,4,6,8,13,15,16,17,18,19,20,21,22,23,24,25,26,27,28,29,30,31,32,33,35,36,37,85,87,88,117,118,119,120,121,122,123,124,125,126,128,129,132,134,135,136,137,140,141,178,186,187,188,189,190,191,192,193,194,195,196,197,198,208,233,234,235,242,322,342,444,445,446,539,540,541,542,
285;0;1320;1493;0;0,1,2,3,4,6,8,13,15,16,17,18,19,20,21,22,23,24,25,26,27,28,29,30,31,32,33,35,36,37,85,87,88,117,118,119,120,121,122,123,124,125,126,128,129,132,134,135,136,137,140,141,178,186,187,188,189,190,191,192,193,194,195,196,197,198,208,233,234,235,242,322,342,444,445,446,539,540,541,542,
70;0;1493;1569;1;0,1,2,3,4,6,8,13,15,16,17,18,19,20,21,22,23,24,25,26,27,28,29,30,31,32,33,35,36,37,85,87,88,117,118,119,120,121,122,123,124,125,126,128,129,132,134,135,136,137,140,141,178,186,187,188,189,190,191,192,193,194,195,196,197,198,208,233,234,235,242,322,342,444,445,446,539,540,541,542,
297;0;1569;1578;1;0,1,2,3,4,6,8,13,15,16,17,18,19,20,21,22,23,24,25,26,27,28,29,30,31,32,33,35,36,37,85,87,88,117,118,119,120,121,122,123,124,125,126,128,129,132,134,135,136,137,140,141,178,186,187,188,189,190,191,192,193,194,195,196,197,198,208,233,234,235,242,322,342,444,445,446,539,540,541,542,
297;1;1578;1753;1;0,1,2,3,4,6,8,13,15,16,17,18,19,20,21,22,23,24,25,26,27,28,29,30,31,32,33,35,36,37,85,87,88,117,118,119,120,121,122,123,124,125,126,128,129,132,134,135,136,137,140,141,178,186,187,188,189,190,191,192,193,194,195,196,197,198,208,233,234,235,242,322,342,444,445,446,539,540,541,542,
171;0;1753;1865;1;0,1,2,3,4,6,8,13,15,16,17,18,19,20,21,22,23,24,25,26,27,28,29,30,31,32,33,35,36,37,85,87,88,117,118,119,120,121,122,123,124,125,126,128,129,132,134,135,136,137,140,141,178,186,187,188,189,190,191,192,193,194,195,196,197,198,208,233,234,235,242,322,342,444,445,446,539,540,541,542,
167;0;1865;1902;1;0,1,2,3,4,6,8,13,15,16,17,18,19,20,21,22,23,24,25,26,27,28,29,30,31,32,33,35,36,37,85,87,88,117,118,119,120,121,122,123,124,125,126,128,129,132,134,135,136,137,140,141,178,186,187,188,189,190,191,192,193,194,195,196,197,198,208,233,234,235,242,322,342,444,445,446,539,540,541,542,
167;1;1902;1996;1;0,1,2,3,4,6,8,13,15,16,17,18,19,20,21,22,23,24,25,26,27,28,29,30,31,32,33,35,36,37,85,87,88,117,118,119,120,121,122,123,124,125,126,128,129,132,134,135,136,137,140,141,178,186,187,188,189,190,191,192,193,194,195,196,197,198,208,233,234,235,242,322,342,444,445,446,539,540,541,542,
4;0;1996;2062;1;0,1,2,3,4,6,8,13,15,16,17,18,19,20,21,22,23,24,25,26,27,28,29,30,31,32,33,35,36,37,85,87,88,117,118,119,120,121,122,123,124,125,126,128,129,132,134,135,136,137,140,141,178,186,187,188,189,190,191,192,193,194,195,196,197,198,208,233,234,235,242,322,342,444,445,446,539,540,541,542,
4;1;2062;2159;1;0,1,2,3,4,6,8,13,15,16,17,18,19,20,21,22,23,24,25,26,27,28,29,30,31,32,33,35,36,37,85,87,88,117,118,119,120,121,122,123,124,125,126,128,129,132,134,135,136,137,140,141,178,186,187,188,189,190,191,192,193,194,195,196,197,198,208,233,234,235,242,322,342,444,445,446,539,540,541,542,
342;0;2159;2240;0;0,1,2,3,4,6,8,13,15,16,17,18,19,20,21,22,23,24,25,26,27,28,29,30,31,32,33,35,36,37,85,87,88,117,118,119,120,121,122,123,124,125,126,128,129,132,134,135,136,137,140,141,178,186,187,188,189,190,191,192,193,194,195,196,197,198,208,233,234,235,242,322,342,444,445,446,539,540,541,542,
342;1;2240;2293;0;0,1,2,3,4,6,8,13,15,16,17,18,19,20,21,22,23,24,25,26,27,28,29,30,31,32,33,35,36,37,85,87,88,117,118,119,120,121,122,123,124,125,126,128,129,132,134,135,136,137,140,141,178,186,187,188,189,190,191,192,193,194,195,196,197,198,208,233,234,235,242,322,342,444,445,446,539,540,541,542,
66;0;2293;2419;0;0,1,2,3,4,6,8,13,15,16,17,18,19,20,21,22,23,24,25,26,27,28,29,30,31,32,33,35,36,37,85,87,88,117,118,119,120,121,122,123,124,125,126,128,129,132,134,135,136,137,140,141,178,186,187,188,189,190,191,192,193,194,195,196,197,198,208,233,234,235,242,322,342,444,445,446,539,540,541,542,
371;0;2419;2430;1;0,1,2,3,4,6,8,13,15,16,17,18,19,20,21,22,23,24,25,26,27,28,29,30,31,32,33,35,36,37,85,87,88,117,118,119,120,121,122,123,124,125,126,128,129,132,134,135,136,137,140,141,178,186,187,188,189,190,191,192,193,194,195,196,197,198,208,233,234,235,242,322,342,444,445,446,539,540,541,542,
94;0;2430;2569;1;0,1,2,3,4,6,8,13,15,16,17,18,19,20,21,22,23,24,25,26,27,28,29,30,31,32,33,35,36,37,85,87,88,117,118,119,120,121,122,123,124,125,126,128,129,132,134,135,136,137,140,141,178,186,187,188,189,190,191,192,193,194,195,196,197,198,208,233,234,235,242,322,342,444,445,446,539,540,541,542,
94;1;2569;2642;1;0,1,2,3,4,6,8,13,15,16,17,18,19,20,21,22,23,24,25,26,27,28,29,30,31,32,33,35,36,37,85,87,88,117,118,119,120,121,122,123,124,125,126,128,129,132,134,135,136,137,140,141,178,186,187,188,189,190,191,192,193,194,195,196,197,198,208,233,234,235,242,322,342,444,445,446,539,540,541,542,
259;0;2642;2745;0;0,1,2,3,4,6,8,13,15,16,17,18,19,20,21,22,23,24,25,26,27,28,29,30,31,32,33,35,36,37,85,87,88,117,118,119,120,121,122,123,124,125,126,128,129,132,134,135,136,137,140,141,178,186,187,188,189,190,191,192,193,194,195,196,197,198,208,233,234,235,242,322,342,444,445,446,539,540,541,542,
259;1;2745;2789;0;0,1,2,3,4,6,8,13,15,16,17,18,19,20,21,22,23,24,25,26,27,28,29,30,31,32,33,35,36,37,85,87,88,117,118,119,120,121,122,123,124,125,126,128,129,132,134,135,136,137,140,141,178,186,187,188,189,190,191,192,193,194,195,196,197,198,208,233,234,235,242,322,342,444,445,446,539,540,541,542,
58;0;2789;2915;0;0,1,2,3,4,6,8,13,15,16,17,18,19,20,21,22,23,24,25,26,27,28,29,30,31,32,33,35,36,37,85,87,88,117,118,119,120,121,122,123,124,125,126,128,129,132,134,135,136,137,140,141,178,186,187,188,189,190,191,192,193,194,195,196,197,198,208,233,234,235,242,322,342,444,445,446,539,540,541,542,
19;0;2915;3046;0;0,1,2,3,4,6,8,13,15,16,17,18,19,20,21,22,23,24,25,26,27,28,29,30,31,32,33,35,36,37,85,87,88,117,118,119,120,121,122,123,124,125,126,128,129,132,134,135,136,137,140,141,178,186,187,188,189,190,191,192,193,194,195,196,197,198,208,233,234,235,242,322,342,444,445,446,539,540,541,542,
19;1;3046;3120;0;0,1,2,3,4,6,8,13,15,16,17,18,19,20,21,22,23,24,25,26,27,28,29,30,31,32,33,35,36,37,85,87,88,117,118,119,120,121,122,123,124,125,126,128,129,132,134,135,136,137,140,141,178,186,187,188,189,190,191,192,193,194,195,196,197,198,208,233,234,235,242,322,342,444,445,446,539,540,541,542,
300;0;3120;3264;1;0,1,2,3,4,6,8,13,15,16,17,18,19,20,21,22,23,24,25,26,27,28,29,30,31,32,33,35,36,37,85,87,88,117,118,119,120,121,122,123,124,125,126,128,129,132,134,135,136,137,140,141,178,186,187,188,189,190,191,192,193,194,195,196,197,198,208,233,234,235,242,322,342,444,445,446,539,540,541,542,
422;0;3264;3412;0;0,1,2,3,4,6,8,13,15,16,17,18,19,20,21,22,23,24,25,26,27,28,29,30,31,32,33,35,36,37,85,87,88,117,118,119,120,121,122,123,124,125,126,128,129,132,134,135,136,137,140,141,178,186,187,188,189,190,191,192,193,194,195,196,197,198,208,233,234,235,242,322,342,444,445,446,539,540,541,542,
422;1;3412;3521;0;0,1,2,3,4,6,8,13,15,16,17,18,19,20,21,22,23,24,25,26,27,28,29,30,31,32,33,35,36,37,85,87,88,117,118,119,120,121,122,123,124,125,126,128,129,132,134,135,136,137,140,141,178,186,187,188,189,190,191,192,193,194,195,196,197,198,208,233,234,235,242,322,342,444,445,446,539,540,541,542,
410;0;3521;3569;1;0,1,2,3,4,6,8,13,15,16,17,18,19,20,21,22,23,24,25,26,27,28,29,30,31,32,33,35,36,37,85,87,88,117,118,119,120,121,122,123,124,125,126,128,129,132,134,135,136,137,140,141,178,186,187,188,189,190,191,192,193,194,195,196,197,198,208,233,234,235,242,322,342,444,445,446,539,540,541,542,
395;0;3569;3695;0;0,1,2,3,4,6,8,13,15,16,17,18,19,20,21,22,23,24,25,26,27,28,29,30,31,32,33,35,36,37,39,42,43,71,85,87,88,89,94,124,128,129,141,178,186,187,188,191,192,193,208,212,233,234,235,242,322,342,380,381,385,386,387,388,389,390,391,392,393,394,395,396,418,419,420,539,540,541,542,609,
345;0;3695;3796;0;0,1,2,3,4,6,8,13,15,16,17,18,19,20,21,22,23,24,25,26,27,28,29,30,31,32,33,35,36,37,39,42,43,71,85,87,88,89,94,124,128,129,141,178,186,187,188,191,192,193,208,212,233,234,235,242,322,342,380,381,385,386,387,388,389,390,391,392,393,394,395,396,418,419,420,539,540,541,542,609,
379;0;3796;3885;0;0,1,2,3,4,6,8,13,15,16,17,18,19,20,21,22,23,24,25,26,27,28,29,30,31,32,33,35,36,37,39,42,43,71,85,87,88,89,94,124,128,129,141,178,186,187,188,191,192,193,208,212,233,234,235,242,322,342,380,381,385,386,387,388,389,390,391,392,393,394,395,396,418,419,420,539,540,541,542,609,
379;1;3885;4000;0;0,1,2,3,4,6,8,13,15,16,17,18,19,20,21,22,23,24,25,26,27,28,29,30,31,32,33,35,36,37,39,42,43,71,85,87,88,89,94,124,128,129,141,178,186,187,188,191,192,193,208,212,233,234,235,242,322,342,380,381,385,386,387,388,389,390,391,392,393,394,395,396,418,419,420,539,540,541,542,609,
163;0;4000;4156;1;0,1,2,3,4,6,8,13,15,16,17,18,19,20,21,22,23,24,25,26,27,28,29,30,31,32,33,35,36,37,39,42,43,71,85,87,88,89,94,124,128,129,141,178,186,187,188,191,192,193,208,212,233,234,235,242,322,342,380,381,385,386,387,388,389,390,391,392,393,394,395,396,418,419,420,539,540,541,542,609,
355;0;4156;4209;0;0,1,2,3,4,6,8,13,15,16,17,18,19,20,21,22,23,24,25,26,27,28,29,30,31,32,33,35,36,37,39,42,43,71,85,87,88,89,94,124,128,129,141,178,186,187,188,191,192,193,208,212,233,234,235,242,322,342,380,381,385,386,387,388,389,390,391,392,393,394,395,396,418,419,420,539,540,541,542,609,
272;0;4209;4285;0;0,1,2,3,4,6,8,13,15,16,17,18,19,20,21,22,23,24,25,26,27,28,29,30,31,32,33,35,36,37,39,42,43,71,85,87,88,89,94,124,128,129,141,178,186,187,188,191,192,193,208,212,233,234,235,242,322,342,380,381,385,386,387,388,389,390,391,392,393,394,395,396,418,419,420,539,540,541,542,609,
272;1;4285;4361;0;0,1,2,3,4,6,8,13,15,16,17,18,19,20,21,22,23,24,25,26,27,28,29,30,31,32,33,35,36,37,39,42,43,71,85,87,88,89,94,124,128,129,141,178,186,187,188,191,192,193,208,212,233,234,235,242,322,342,380,381,385,386,387,388,389,390,391,392,393,394,395,396,418,419,420,539,540,541,542,609,
23;0;4361;4534;1;0,1,2,3,4,6,8,13,15,16,17,18,19,20,21,22,23,24,25,26,27,28,29,30,31,32,33,35,36,37,39,42,43,71,85,87,88,89,94,124,128,129,141,178,186,187,188,191,192,193,208,212,233,234,235,242,322,342,380,381,385,386,387,388,389,390,391,392,393,394,395,396,418,419,420,539,540,541,542,609,
91;0;4534;4707;1;0,1,2,3,4,6,8,13,15,16,17,18,19,20,21,22,23,24,25,26,27,28,29,30,31,32,33,35,36,37,39,42,43,71,85,87,88,89,94,124,128,129,141,178,186,187,188,191,192,193,208,212,233,234,235,242,322,342,380,381,385,386,387,388,389,390,391,392,393,394,395,396,418,419,420,539,540,541,542,609,
115;0;4707;4727;0;0,1,2,3,4,6,8,13,15,16,17,18,19,20,21,22,23,24,25,26,27,28,29,30,31,32,33,35,36,37,39,42,43,71,85,87,88,89,94,124,128,129,141,178,186,187,188,191,192,193,208,212,233,234,235,242,322,342,380,381,385,386,387,388,389,390,391,392,393,394,395,396,418,419,420,539,540,541,542,609,
316;0;4727;4825;0;0,1,2,3,4,6,8,13,15,16,17,18,19,20,21,22,23,24,25,26,27,28,29,30,31,32,33,35,36,37,39,42,43,71,85,87,88,89,94,124,128,129,141,178,186,187,188,191,192,193,208,212,233,234,235,242,322,342,380,381,385,386,387,388,389,390,391,392,393,394,395,396,418,419,420,539,540,541,542,609,
281;0;4825;4900;1;0,1,2,3,4,6,8,13,15,16,17,18,19,20,21,22,23,24,25,26,27,28,29,30,31,32,33,35,36,37,39,42,43,71,85,87,88,89,94,124,128,129,141,178,186,187,188,191,192,193,208,212,233,234,235,242,322,342,380,381,385,386,387,388,389,390,391,392,393,394,395,396,418,419,420,539,540,541,542,609,
442;0;4900;5037;0;0,1,2,3,4,6,8,13,15,16,17,18,19,20,21,22,23,24,25,26,27,28,29,30,31,32,33,35,36,37,39,42,43,71,85,87,88,89,94,124,128,129,141,178,186,187,188,191,192,193,208,212,233,234,235,242,322,342,380,381,385,386,387,388,389,390,391,392,393,394,395,396,418,419,420,539,540,541,542,609,
442;1;5037;5090;0;0,1,2,3,4,6,8,13,15,16,17,18,19,20,21,22,23,24,25,26,27,28,29,30,31,32,33,35,36,37,39,42,43,71,85,87,88,89,94,124,128,129,141,178,186,187,188,191,192,193,208,212,233,234,235,242,322,342,380,381,385,386,387,388,389,390,391,392,393,394,395,396,418,419,420,539,540,541,542,609,
90;0;5090;5131;1;0,1,2,3,4,6,8,13,15,16,17,18,19,20,21,22,23,24,25,26,27,28,29,30,31,32,33,35,36,37,39,42,43,71,85,87,88,89,94,124,128,129,141,178,186,187,188,191,192,193,208,212,233,234,235,242,322,342,380,381,385,386,387,388,389,390,391,392,393,394,395,396,418,419,420,539,540,541,542,609,
424;0;5131;5236;1;0,1,2,3,4,6,8,13,15,16,17,18,19,20,21,22,23,24,25,26,27,28,29,30,31,32,33,35,36,37,39,42,43,71,85,87,88,89,94,124,128,129,141,178,186,187,188,191,192,193,208,212,233,234,235,242,322,342,380,381,385,386,387,388,389,390,391,392,393,394,395,396,418,419,420,539,540,541,542,609,
424;1;5236;5323;1;0,1,2,3,4,6,8,13,15,16,17,18,19,20,21,22,23,24,25,26,27,28,29,30,31,32,33,35,36,37,39,42,43,71,85,87,88,89,94,124,128,129,141,178,186,187,188,191,192,193,208,212,233,234,235,242,322,342,380,381,385,386,387,388,389,390,391,392,393,394,395,396,418,419,420,539,540,541,542,609,
315;0;5323;5369;0;0,1,2,3,4,6,8,13,15,16,17,18,19,20,21,22,23,24,25,26,27,28,29,30,31,32,33,35,36,37,39,42,43,71,85,87,88,89,94,124,128,129,141,178,186,187,188,191,192,193,208,212,233,234,235,242,322,342,380,381,385,386,387,388,389,390,391,392,393,394,395,396,418,419,420,539,540,541,542,609,
261;0;5369;5420;1;0,1,2,3,4,6,8,13,15,16,17,18,19,20,21,22,23,24,25,26,27,28,29,30,31,32,33,35,36,37,39,42,43,71,85,87,88,89,94,124,128,129,141,178,186,187,188,191,192,193,208,212,233,234,235,242,322,342,380,381,385,386,387,388,389,390,391,392,393,394,395,396,418,419,420,539,540,541,542,609,
128;0;5420;5506;0;0,1,2,3,4,6,8,13,15,16,17,18,19,20,21,22,23,24,25,26,27,28,29,30,31,32,33,35,36,37,39,42,43,71,85,87,88,89,94,124,128,129,141,178,186,187,188,191,192,193,208,212,233,234,235,242,322,342,380,381,385,386,387,388,389,390,391,392,393,394,395,396,418,419,420,539,540,541,542,609,
211;0;5506;5550;1;0,1,2,3,4,6,8,13,15,16,17,18,19,20,21,22,23,24,25,26,27,28,29,30,31,32,33,35,36,37,39,42,43,71,85,87,88,89,94,124,128,129,141,178,186,187,188,191,192,193,208,212,233,234,235,242,322,342,380,381,385,386,387,388,389,390,391,392,393,394,395,396,418,419,420,539,540,541,542,609,
161;0;5550;5660;1;0,1,2,3,4,6,8,13,15,16,17,18,19,20,21,22,23,24,25,26,27,28,29,30,31,32,33,35,36,37,39,42,43,71,85,87,88,89,94,124,128,129,141,178,186,187,188,191,192,193,208,212,233,234,235,242,322,342,380,381,385,386,387,388,389,390,391,392,393,394,395,396,418,419,420,539,540,541,542,609,
43;0;5660;5736;1;0,1,2,3,4,6,8,13,15,16,17,18,19,20,21,22,23,24,25,26,27,28,29,30,31,32,33,35,36,37,39,42,43,71,85,87,88,89,94,124,128,129,141,178,186,187,188,191,192,193,208,212,233,234,235,242,322,342,380,381,385,386,387,388,389,390,391,392,393,394,395,396,418,419,420,539,540,541,542,609,
398;0;5736;5833;0;0,1,2,3,4,6,8,13,15,16,17,18,19,20,21,22,23,24,25,26,27,28,29,30,31,32,33,35,36,37,39,42,43,71,85,87,88,89,94,124,128,129,141,178,186,187,188,191,192,193,208,212,233,234,235,242,322,342,380,381,385,386,387,388,389,390,391,392,393,394,395,396,418,419,420,539,540,541,542,609,
222;0;5833;5875;0;0,1,2,3,4,6,8,13,15,16,17,18,19,20,21,22,23,24,25,26,27,28,29,30,31,32,33,35,36,37,39,42,43,71,85,87,88,89,94,124,128,129,141,178,186,187,188,191,192,193,208,212,233,234,235,242,322,342,380,381,385,386,387,388,389,390,391,392,393,394,395,396,418,419,420,539,540,541,542,609,
222;1;5875;5916;0;0,1,2,3,4,6,8,13,15,16,17,18,19,20,21,22,23,24,25,26,27,28,29,30,31,32,33,35,36,37,39,42,43,71,85,87,88,89,94,124,128,129,141,178,186,187,188,191,192,193,208,212,233,234,235,242,322,342,380,381,385,386,387,388,389,390,391,392,393,394,395,396,418,419,420,539,540,541,542,609,
101;0;5916;6019;1;0,1,2,3,4,6,8,13,15,16,17,18,19,20,21,22,23,24,25,26,27,28,29,30,31,32,33,35,36,37,39,42,43,71,85,87,88,89,94,124,128,129,141,178,186,187,188,191,192,193,208,212,233,234,235,242,322,342,380,381,385,386,387,388,389,390,391,392,393,394,395,396,418,419,420,539,540,541,542,609,
36;0;6019;6068;0;0,1,2,3,4,6,8,13,15,16,17,18,19,20,21,22,23,24,25,26,27,28,29,30,31,32,33,35,36,37,39,42,43,71,85,87,88,89,94,124,128,129,141,178,186,187,188,191,192,193,208,212,233,234,235,242,322,342,380,381,385,386,387,388,389,390,391,392,393,394,395,396,418,419,420,539,540,541,542,609,
84;0;6068;6087;1;0,1,2,3,4,6,8,13,15,16,17,18,19,20,21,22,23,24,25,26,27,28,29,30,31,32,33,35,36,37,39,42,43,71,85,87,88,89,94,124,128,129,141,178,186,187,188,191,192,193,208,212,233,234,235,242,322,342,380,381,385,386,387,388,389,390,391,392,393,394,395,396,418,419,420,539,540,541,542,609,
84;1;6087;6163;1;0,1,2,3,4,6,8,13,15,16,17,18,19,20,21,22,23,24,25,26,27,28,29,30,31,32,33,35,36,37,39,42,43,71,85,87,88,89,94,124,128,129,141,178,186,187,188,191,192,193,208,212,233,234,235,242,322,342,380,381,385,386,387,388,389,390,391,392,393,394,395,396,418,419,420,539,540,541,542,609,
429;0;6163;6325;0;0,1,2,3,4,6,8,13,15,16,17,18,19,20,21,22,23,24,25,26,27,28,29,30,31,32,33,35,36,37,39,42,43,71,85,87,88,89,94,124,128,129,141,178,186,187,188,191,192,193,208,212,233,234,235,242,322,342,380,381,385,386,387,388,389,390,391,392,393,394,395,396,418,419,420,539,540,541,542,609,
429;1;6325;6423;0;0,1,2,3,4,6,8,13,15,16,17,18,19,20,21,22,23,24,25,26,27,28,29,30,31,32,33,35,36,37,39,42,43,71,85,87,88,89,94,124,128,129,141,178,186,187,188,191,192,193,208,212,233,234,235,242,322,342,380,381,385,386,387,388,389,390,391,392,393,394,395,396,418,419,420,539,540,541,542,609,
324;0;6423;6526;1;0,1,2,3,4,6,8,13,15,16,17,18,19,20,21,22,23,24,25,26,27,28,29,30,31,32,33,35,36,37,39,42,43,71,85,87,88,89,94,124,128,129,141,178,186,187,188,191,192,193,208,212,233,234,235,242,322,342,380,381,385,386,387,388,389,390,391,392,393,394,395,396,418,419,420,539,540,541,542,609,
324;1;6526;6601;1;0,1,2,3,4,6,8,13,15,16,17,18,19,20,21,22,23,24,25,26,27,28,29,30,31,32,33,35,36,37,39,42,43,71,85,87,88,89,94,124,128,129,141,178,186,187,188,191,192,193,208,212,233,234,235,242,322,342,380,381,385,386,387,388,389,390,391,392,393,394,395,396,418,419,420,539,540,541,542,609,
240;0;6601;6650;1;0,1,2,3,4,6,8,13,15,16,17,18,19,20,21,22,23,24,25,26,27,28,29,30,31,32,33,35,36,37,39,42,43,71,85,87,88,89,94,124,128,129,141,178,186,187,188,191,192,193,208,212,233,234,235,242,322,342,380,381,385,386,387,388,389,390,391,392,393,394,395,396,418,419,420,539,540,541,542,609,
414;0;6650;6712;1;0,1,2,3,4,6,8,13,15,16,17,18,19,20,21,22,23,24,25,26,27,28,29,30,31,32,33,35,36,37,39,42,43,71,85,87,88,89,94,124,128,129,141,178,186,187,188,191,192,193,208,212,233,234,235,242,322,342,380,381,385,386,387,388,389,390,391,392,393,394,395,396,418,419,420,539,540,541,542,609,
414;1;6712;6868;1;0,1,2,3,4,6,8,13,15,16,17,18,19,20,21,22,23,24,25,26,27,28,29,30,31,32,33,35,36,37,39,42,43,71,85,87,88,89,94,124,128,129,141,178,186,187,188,191,192,193,208,212,233,234,235,242,322,342,380,381,385,386,387,388,389,390,391,392,393,394,395,396,418,419,420,539,540,541,542,609,
67;0;6868;6912;1;0,1,2,3,4,6,8,13,15,16,17,18,19,20,21,22,23,24,25,26,27,28,29,30,31,32,33,35,36,37,39,42,43,71,85,87,88,89,94,124,128,129,141,178,186,187,188,191,192,193,208,212,233,234,235,242,322,342,380,381,385,386,387,388,389,390,391,392,393,394,395,396,418,419,420,539,540,541,542,609,
67;1;6912;6937;1;0,1,2,3,4,6,8,13,15,16,17,18,19,20,21,22,23,24,25,26,27,28,29,30,31,32,33,35,36,37,39,42,43,71,85,87,88,89,94,124,128,129,141,178,186,187,188,191,192,193,208,212,233,234,235,242,322,342,380,381,385,386,387,388,389,390,391,392,393,394,395,396,418,419,420,539,540,541,542,609,
176;0;6937;6978;0;0,1,2,3,4,6,8,13,15,16,17,18,19,20,21,22,23,24,25,26,27,28,29,30,31,32,33,35,36,37,39,42,43,71,85,87,88,89,94,124,128,129,141,178,186,187,188,191,192,193,208,212,233,234,235,242,322,342,380,381,385,386,387,388,389,390,391,392,393,394,395,396,418,419,420,539,540,541,542,609,
146;0;6978;7029;0;0,1,2,3,4,6,8,13,15,16,17,18,19,20,21,22,23,24,25,26,27,28,29,30,31,32,33,35,36,37,39,42,43,71,85,87,88,89,94,124,128,129,141,178,186,187,188,191,192,193,208,212,233,234,235,242,322,342,380,381,385,386,387,388,389,390,391,392,393,394,395,396,418,419,420,539,540,541,542,609,
241;0;7029;7127;1;0,1,2,3,4,6,8,13,15,16,17,18,19,20,21,22,23,24,25,26,27,28,29,30,31,32,33,35,36,37,39,42,43,71,85,87,88,89,94,124,128,129,141,178,186,187,188,191,192,193,208,212,233,234,235,242,322,342,380,381,385,386,387,388,389,390,391,392,393,394,395,396,418,419,420,539,540,541,542,609,
405;0;7127;7138;0;0,1,2,3,4,6,8,13,15,16,17,18,19,20,21,22,23,24,25,26,27,28,29,30,31,32,33,35,36,37,39,42,43,71,85,87,88,89,94,124,128,129,141,178,186,187,188,191,192,193,208,212,233,234,235,242,322,342,380,381,385,386,387,388,389,390,391,392,393,394,395,396,418,419,420,539,540,541,542,609,
10;0;7138;7241;1;0,1,2,3,4,6,8,13,15,16,17,18,19,20,21,22,23,24,25,26,27,28,29,30,31,32,33,35,36,37,39,42,43,71,85,87,88,89,94,124,128,129,141,178,186,187,188,191,192,193,208,212,233,234,235,242,322,342,380,381,385,386,387,388,389,390,391,392,393,394,395,396,418,419,420,539,540,541,542,609,
212;0;7241;7296;0;0,1,2,3,4,6,8,13,15,16,17,18,19,20,21,22,23,24,25,26,27,28,29,30,31,32,33,35,36,37,39,42,43,71,85,87,88,89,94,124,128,129,141,178,186,187,188,191,192,193,208,212,233,234,235,242,322,342,380,381,385,386,387,388,389,390,391,392,393,394,395,396,418,419,420,539,540,541,542,609,
212;1;7296;7446;0;0,1,2,3,4,6,8,13,15,16,17,18,19,20,21,22,23,24,25,26,27,28,29,30,31,32,33,35,36,37,39,42,43,71,85,87,88,89,94,124,128,129,141,178,186,187,188,191,192,193,208,212,233,234,235,242,322,342,380,381,385,386,387,388,389,390,391,392,393,394,395,396,418,419,420,539,540,541,542,609,
311;0;7446;7606;1;0,1,2,3,4,6,8,13,15,16,17,18,19,20,21,22,23,24,25,26,27,28,29,30,31,32,33,35,36,37,39,42,43,71,85,87,88,89,94,124,128,129,141,178,186,187,188,191,192,193,208,212,233,234,235,242,322,342,380,381,385,386,387,388,389,390,391,392,393,394,395,396,418,419,420,539,540,541,542,609,
432;0;7606;7743;0;0,1,2,3,4,6,8,13,15,16,17,18,19,20,21,22,23,24,25,26,27,28,29,30,31,32,33,35,36,37,39,42,43,71,85,87,88,89,91,94,124,128,129,141,178,186,187,188,191,192,193,208,212,233,234,235,342,380,381,387,389,390,393,425,612,613,614,615,616,617,618,619,620,621,622,623,624,625,626,627,
432;1;7743;7872;0;0,1,2,3,4,6,8,13,15,16,17,18,19,20,21,22,23,24,25,26,27,28,29,30,31,32,33,35,36,37,39,42,43,71,85,87,88,89,91,94,124,128,129,141,178,186,187,188,191,192,193,208,212,233,234,235,342,380,381,387,389,390,393,425,612,613,614,615,616,617,618,619,620,621,622,623,624,625,626,627,
278;0;7872;7921;0;0,1,2,3,4,6,8,13,15,16,17,18,19,20,21,22,23,24,26,27,28,29,32,36,37,39,41,42,55,60,88,89,93,115,124,128,141,178,184,185,186,188,193,212,342,380,381,387,389,390,393,399,400,401,403,404,405,406,407,408,409,410,411,412,413,414,415,416,417,422,423,424,425,426,427,428,429,430,431,432,
107;0;7921;8040;1;0,1,2,3,4,6,8,13,15,16,17,18,19,20,21,22,23,24,26,27,28,29,32,36,37,39,41,42,55,60,88,89,93,115,124,128,141,178,184,185,186,188,193,212,342,380,381,387,389,390,393,399,400,401,403,404,405,406,407,408,409,410,411,412,413,414,415,416,417,422,423,424,425,426,427,428,429,430,431,432,
107;1;8040;8150;1;0,1,2,3,4,6,8,13,15,16,17,18,19,20,21,22,23,24,26,27,28,29,32,36,37,39,41,42,55,60,88,89,93,115,124,128,141,178,184,185,186,188,193,212,342,380,381,387,389,390,393,399,400,401,403,404,405,406,407,408,409,410,411,412,413,414,415,416,417,422,423,424,425,426,427,428,429,430,431,432,
390;0;8150;8214;1;0,1,2,3,4,6,8,13,15,16,17,18,19,20,21,22,23,24,26,27,28,29,32,36,37,39,41,42,55,60,88,89,93,115,124,128,141,178,184,185,186,188,193,212,342,380,381,387,389,390,393,399,400,401,403,404,405,406,407,408,409,410,411,412,413,414,415,416,417,422,423,424,425,426,427,428,429,430,431,432,
181;0;8214;8278;1;0,1,2,3,4,6,8,13,15,16,17,18,19,20,21,22,23,24,26,27,28,29,32,36,37,39,41,42,55,60,88,89,93,115,124,128,141,178,184,185,186,188,193,212,342,380,381,387,389,390,393,399,400,401,403,404,405,406,407,408,409,410,411,412,413,414,415,416,417,422,423,424,425,426,427,428,429,430,431,432,
420;0;8278;8419;1;0,1,2,3,4,6,8,13,15,16,17,18,19,20,21,22,23,24,26,27,28,29,32,36,37,39,41,42,55,60,88,89,93,115,124,128,141,178,184,185,186,188,193,212,342,380,381,387,389,390,393,399,400,401,403,404,405,406,407,408,409,410,411,412,413,414,415,416,417,422,423,424,425,426,427,428,429,430,431,432,
377;0;8419;8450;1;0,1,2,3,4,6,8,13,15,16,17,18,19,20,21,22,23,24,26,27,28,29,32,36,37,39,41,42,55,60,88,89,93,115,124,128,141,178,184,185,186,188,193,212,342,380,381,387,389,390,393,399,400,401,403,404,405,406,407,408,409,410,411,412,413,414,415,416,417,422,423,424,425,426,427,428,429,430,431,432,
377;1;8450;8611;1;0,1,2,3,4,6,8,13,15,16,17,18,19,20,21,22,23,24,26,27,28,29,32,36,37,39,41,42,55,60,88,89,93,115,124,128,141,178,184,185,186,188,193,212,342,380,381,387,389,390,393,399,400,401,403,404,405,406,407,408,409,410,411,412,413,414,415,416,417,422,423,424,425,426,427,428,429,430,431,432,
366;0;8611;8690;0;0,1,2,3,4,6,8,13,15,16,17,18,19,20,21,22,23,24,26,27,28,29,32,36,37,39,41,42,55,60,88,89,93,115,124,128,141,178,184,185,186,188,193,212,342,380,381,387,389,390,393,399,400,401,403,404,405,406,407,408,409,410,411,412,413,414,415,416,417,422,423,424,425,426,427,428,429,430,431,432,
219;0;8690;8767;0;0,1,2,3,4,6,8,13,15,16,17,18,19,20,21,22,23,24,26,27,28,29,32,36,37,39,41,42,55,60,88,89,93,115,124,128,141,178,184,185,186,188,193,212,342,380,381,387,389,390,393,399,400,401,403,404,405,406,407,408,409,410,411,412,413,414,415,416,417,422,423,424,425,426,427,428,429,430,431,432,
219;1;8767;8928;0;0,1,2,3,4,6,8,13,15,16,17,18,19,20,21,22,23,24,26,27,28,29,32,36,37,39,41,42,55,60,88,89,93,115,124,128,141,178,184,185,186,188,193,212,342,380,381,387,389,390,393,399,400,401,403,404,405,406,407,408,409,410,411,412,413,414,415,416,417,422,423,424,425,426,427,428,429,430,431,432,
204;0;8928;8978;1;0,1,2,3,4,6,8,13,15,16,17,18,19,20,21,22,23,24,26,27,28,29,32,36,37,39,41,42,55,60,88,89,93,115,124,128,141,178,184,185,186,188,193,212,342,380,381,387,389,390,393,399,400,401,403,404,405,406,407,408,409,410,411,412,413,414,415,416,417,422,423,424,425,426,427,428,429,430,431,432,
204;1;8978;9057;1;0,1,2,3,4,6,8,13,15,16,17,18,19,20,21,22,23,24,26,27,28,29,32,36,37,39,41,42,55,60,88,89,93,115,124,128,141,178,184,185,186,188,193,212,342,380,381,387,389,390,393,399,400,401,403,404,405,406,407,408,409,410,411,412,413,414,415,416,417,422,423,424,425,426,427,428,429,430,431,432,
179;0;9057;9227;0;0,1,2,3,4,6,8,13,15,16,17,18,19,20,21,22,23,24,26,27,28,29,32,36,37,39,41,42,55,60,88,89,93,115,124,128,141,178,184,185,186,188,193,212,342,380,381,387,389,390,393,399,400,401,403,404,405,406,407,408,409,410,411,412,413,414,415,416,417,422,423,424,425,426,427,428,429,430,431,432,
179;1;9227;9238;0;0,1,2,3,4,6,8,13,15,16,17,18,19,20,21,22,23,24,26,27,28,29,32,36,37,39,41,42,55,60,88,89,93,115,124,128,141,178,184,185,186,188,193,212,342,380,381,387,389,390,393,399,400,401,403,404,405,406,407,408,409,410,411,412,413,414,415,416,417,422,423,424,425,426,427,428,429,430,431,432,
Machine: 3
106;0;0;80;0;0,2,8,9,13,14,15,16,17,18,23,26,28,37,42,77,78,79,80,81,82,83,84,85,86,88,91,99,100,101,102,103,104,105,106,107,108,109,110,111,112,124,125,211,230,231,232,233,240,241,243,244,246,258,265,332,343,349,350,351,352,353,354,355,356,357,450,532,535,536,537,538,550,568,591,592,593,594,595,596,
437;0;80;217;1;0,2,8,9,13,14,15,16,17,18,23,26,28,37,42,77,78,79,80,81,82,83,84,85,86,88,91,99,100,101,102,103,104,105,106,107,108,109,110,111,112,124,125,211,230,231,232,233,240,241,243,244,246,258,265,332,343,349,350,351,352,353,354,355,356,357,450,532,535,536,537,538,550,568,591,592,593,594,595,596,
437;1;217;295;1;0,2,8,9,13,14,15,16,17,18,23,26,28,37,42,77,78,79,80,81,82,83,84,85,86,88,91,99,100,101,102,103,104,105,106,107,108,109,110,111,112,124,125,211,230,231,232,233,240,241,243,244,246,258,265,332,343,349,350,351,352,353,354,355,356,357,450,532,535,536,537,538,550,568,591,592,593,594,595,596,
17;0;295;369;1;0,2,8,9,13,14,15,16,17,18,23,26,28,37,42,77,78,79,80,81,82,83,84,85,86,88,91,99,100,101,102,103,104,105,106,107,108,109,110,111,112,124,125,211,230,231,232,233,240,241,243,244,246,258,265,332,343,349,350,351,352,353,354,355,356,357,450,532,535,536,537,538,550,568,591,592,593,594,595,596,
17;1;369;403;1;0,2,8,9,13,14,15,16,17,18,23,26,28,37,42,77,78,79,80,81,82,83,84,85,86,88,91,99,100,101,102,103,104,105,106,107,108,109,110,111,112,124,125,211,230,231,232,233,240,241,243,244,246,258,265,332,343,349,350,351,352,353,354,355,356,357,450,532,535,536,537,538,550,568,591,592,593,594,595,596,
373;0;403;423;1;0,2,8,9,13,14,15,16,17,18,23,26,28,37,42,77,78,79,80,81,82,83,84,85,86,88,91,99,100,101,102,103,104,105,106,107,108,109,110,111,112,124,125,211,230,231,232,233,240,241,243,244,246,258,265,332,343,349,350,351,352,353,354,355,356,357,450,532,535,536,537,538,550,568,591,592,593,594,595,596,
401;0;423;558;1;0,2,8,9,13,14,15,16,17,18,23,26,28,37,42,77,78,79,80,81,82,83,84,85,86,88,91,99,100,101,102,103,104,105,106,107,108,109,110,111,112,124,125,211,230,231,232,233,240,241,243,244,246,258,265,332,343,349,350,351,352,353,354,355,356,357,450,532,535,536,537,538,550,568,591,592,593,594,595,596,
192;0;558;569;0;0,2,8,9,13,14,15,16,17,18,23,26,28,37,42,77,78,79,80,81,82,83,84,85,86,88,91,99,100,101,102,103,104,105,106,107,108,109,110,111,112,124,125,211,230,231,232,233,240,241,243,244,246,258,265,332,343,349,350,351,352,353,354,355,356,357,450,532,535,536,537,538,550,568,591,592,593,594,595,596,
192;1;569;603;0;0,2,8,9,13,14,15,16,17,18,23,26,28,37,42,77,78,79,80,81,82,83,84,85,86,88,91,99,100,101,102,103,104,105,106,107,108,109,110,111,112,124,125,211,230,231,232,233,240,241,243,244,246,258,265,332,343,349,350,351,352,353,354,355,356,357,450,532,535,536,537,538,550,568,591,592,593,594,595,596,
79;0;603;665;0;0,2,8,9,13,14,15,16,17,18,23,26,28,37,42,77,78,79,80,81,82,83,84,85,86,88,91,99,100,101,102,103,104,105,106,107,108,109,110,111,112,124,125,211,230,231,232,233,240,241,243,244,246,258,265,332,343,349,350,351,352,353,354,355,356,357,450,532,535,536,537,538,550,568,591,592,593,594,595,596,
79;1;665;802;0;0,2,8,9,13,14,15,16,17,18,23,26,28,37,42,77,78,79,80,81,82,83,84,85,86,88,91,99,100,101,102,103,104,105,106,107,108,109,110,111,112,124,125,211,230,231,232,233,240,241,243,244,246,258,265,332,343,349,350,351,352,353,354,355,356,357,450,532,535,536,537,538,550,568,591,592,593,594,595,596,
423;0;802;971;1;0,2,8,9,13,14,15,16,17,18,23,26,28,37,42,77,78,79,80,81,82,83,84,85,86,88,91,99,100,101,102,103,104,105,106,107,108,109,110,111,112,124,125,211,230,231,232,233,240,241,243,244,246,258,265,332,343,349,350,351,352,353,354,355,356,357,450,532,535,536,537,538,550,568,591,592,593,594,595,596,
127;0;971;1044;1;0,2,8,9,13,14,15,16,17,18,23,26,28,37,42,77,78,79,80,81,82,83,84,85,86,88,91,99,100,101,102,103,104,105,106,107,108,109,110,111,112,124,125,211,230,231,232,233,240,241,243,244,246,258,265,332,343,349,350,351,352,353,354,355,356,357,450,532,535,536,537,538,550,568,591,592,593,594,595,596,
127;1;1044;1124;1;0,2,8,9,13,14,15,16,17,18,23,26,28,37,42,77,78,79,80,81,82,83,84,85,86,88,91,99,100,101,102,103,104,105,106,107,108,109,110,111,112,124,125,211,230,231,232,233,240,241,243,244,246,258,265,332,343,349,350,351,352,353,354,355,356,357,450,532,535,536,537,538,550,568,591,592,593,594,595,596,
116;0;1124;1166;0;0,2,8,9,13,14,15,16,17,18,23,26,28,37,42,77,78,79,80,81,82,83,84,85,86,88,91,99,100,101,102,103,104,105,106,107,108,109,110,111,112,124,125,211,230,231,232,233,240,241,243,244,246,258,265,332,343,349,350,351,352,353,354,355,356,357,450,532,535,536,537,538,550,568,591,592,593,594,595,596,
383;0;1166;1277;1;0,2,8,9,13,14,15,16,17,18,23,26,28,37,42,77,78,79,80,81,82,83,84,85,86,88,91,99,100,101,102,103,104,105,106,107,108,109,110,111,112,124,125,211,230,231,232,233,240,241,243,244,246,258,265,332,343,349,350,351,352,353,354,355,356,357,450,532,535,536,537,538,550,568,591,592,593,594,595,596,
41;0;1277;1321;1;0,2,8,9,13,14,15,16,17,18,23,26,28,37,42,77,78,79,80,81,82,83,84,85,86,88,91,99,100,101,102,103,104,105,106,107,108,109,110,111,112,124,125,211,230,231,232,233,240,241,243,244,246,258,265,332,343,349,350,351,352,353,354,355,356,357,450,532,535,536,537,538,550,568,591,592,593,594,595,596,
73;0;1321;1390;1;0,2,8,9,13,14,15,16,17,18,23,26,28,37,42,77,78,79,80,81,82,83,84,85,86,88,91,99,100,101,102,103,104,105,106,107,108,109,110,111,112,124,125,211,230,231,232,233,240,241,243,244,246,258,265,332,343,349,350,351,352,353,354,355,356,357,450,532,535,536,537,538,550,568,591,592,593,594,595,596,
72;0;1390;1560;0;0,2,8,9,13,14,15,16,17,18,23,26,28,37,42,77,78,79,80,81,82,83,84,85,86,88,91,99,100,101,102,103,104,105,106,107,108,109,110,111,112,124,125,211,230,231,232,233,240,241,243,244,246,258,265,332,343,349,350,351,352,353,354,355,356,357,450,532,535,536,537,538,550,568,591,592,593,594,595,596,
72;1;1560;1665;0;0,2,8,9,13,14,15,16,17,18,23,26,28,37,42,77,78,79,80,81,82,83,84,85,86,88,91,99,100,101,102,103,104,105,106,107,108,109,110,111,112,124,125,211,230,231,232,233,240,241,243,244,246,258,265,332,343,349,350,351,352,353,354,355,356,357,450,532,535,536,537,538,550,568,591,592,593,594,595,596,
332;0;1665;1755;0;0,2,8,9,13,14,15,16,17,18,23,26,28,37,42,77,78,79,80,81,82,83,84,85,86,88,91,99,100,101,102,103,104,105,106,107,108,109,110,111,112,124,125,211,230,231,232,233,240,241,243,244,246,258,265,332,343,349,350,351,352,353,354,355,356,357,450,532,535,536,537,538,550,568,591,592,593,594,595,596,
332;1;1755;1833;0;0,2,8,9,13,14,15,16,17,18,23,26,28,37,42,77,78,79,80,81,82,83,84,85,86,88,91,99,100,101,102,103,104,105,106,107,108,109,110,111,112,124,125,211,230,231,232,233,240,241,243,244,246,258,265,332,343,349,350,351,352,353,354,355,356,357,450,532,535,536,537,538,550,568,591,592,593,594,595,596,
210;0;1833;1947;1;0,2,8,9,13,14,15,16,17,18,23,26,28,37,42,77,78,79,80,81,82,83,84,85,86,88,91,99,100,101,102,103,104,105,106,107,108,109,110,111,112,124,125,211,230,231,232,233,240,241,243,244,246,258,265,332,343,349,350,351,352,353,354,355,356,357,450,532,535,536,537,538,550,568,591,592,593,594,595,596,
29;0;1947;2122;0;0,2,8,9,13,14,15,16,17,18,23,26,28,37,42,77,78,79,80,81,82,83,84,85,86,88,91,99,100,101,102,103,104,105,106,107,108,109,110,111,112,124,125,211,230,231,232,233,240,241,243,244,246,258,265,332,343,349,350,351,352,353,354,355,356,357,450,532,535,536,537,538,550,568,591,592,593,594,595,596,
29;1;2122;2282;0;0,2,8,9,13,14,15,16,17,18,23,26,28,37,42,77,78,79,80,81,82,83,84,85,86,88,91,99,100,101,102,103,104,105,106,107,108,109,110,111,112,124,125,211,230,231,232,233,240,241,243,244,246,258,265,332,343,349,350,351,352,353,354,355,356,357,450,532,535,536,537,538,550,568,591,592,593,594,595,596,
113;0;2282;2359;1;0,2,8,9,13,14,15,16,17,18,23,26,28,37,42,77,78,79,80,81,82,83,84,85,86,88,91,99,100,101,102,103,104,105,106,107,108,109,110,111,112,124,125,211,230,231,232,233,240,241,243,244,246,258,265,332,343,349,350,351,352,353,354,355,356,357,450,532,535,536,537,538,550,568,591,592,593,594,595,596,
388;0;2359;2523;0;0,2,8,9,13,14,15,16,17,18,23,26,28,37,42,77,78,79,80,81,82,83,84,85,86,88,91,99,100,101,102,103,104,105,106,107,108,109,110,111,112,124,125,211,230,231,232,233,240,241,243,244,246,258,265,332,343,349,350,351,352,353,354,355,356,357,450,532,535,536,537,538,550,568,591,592,593,594,595,596,
196;0;2523;2600;0;0,2,8,9,13,14,15,16,17,18,23,26,28,37,42,77,78,79,80,81,82,83,84,85,86,88,91,99,100,101,102,103,104,105,106,107,108,109,110,111,112,124,125,211,230,231,232,233,240,241,243,244,246,258,265,332,343,349,350,351,352,353,354,355,356,357,450,532,535,536,537,538,550,568,591,592,593,594,595,596,
268;0;2600;2649;0;0,2,8,9,13,14,15,16,17,18,23,26,28,37,42,77,78,79,80,81,82,83,84,85,86,88,91,99,100,101,102,103,104,105,106,107,108,109,110,111,112,124,125,211,230,231,232,233,240,241,243,244,246,258,265,332,343,349,350,351,352,353,354,355,356,357,450,532,535,536,537,538,550,568,591,592,593,594,595,596,
92;0;2649;2704;0;0,2,8,9,13,14,15,16,17,18,23,26,28,37,42,77,78,79,80,81,82,83,84,85,86,88,91,99,100,101,102,103,104,105,106,107,108,109,110,111,112,124,125,211,230,231,232,233,240,241,243,244,246,258,265,332,343,349,350,351,352,353,354,355,356,357,450,532,535,536,537,538,550,568,591,592,593,594,595,596,
92;1;2704;2712;0;0,2,8,9,13,14,15,16,17,18,23,26,28,37,42,77,78,79,80,81,82,83,84,85,86,88,91,99,100,101,102,103,104,105,106,107,108,109,110,111,112,124,125,211,230,231,232,233,240,241,243,244,246,258,265,332,343,349,350,351,352,353,354,355,356,357,450,532,535,536,537,538,550,568,591,592,593,594,595,596,
418;0;2712;2860;0;0,2,8,9,13,14,15,16,17,18,23,26,28,37,42,77,78,79,80,81,82,83,84,85,86,88,91,99,100,101,102,103,104,105,106,107,108,109,110,111,112,124,125,211,230,231,232,233,240,241,243,244,246,258,265,332,343,349,350,351,352,353,354,355,356,357,450,532,535,536,537,538,550,568,591,592,593,594,595,596,
334;0;2860;2940;1;0,2,8,9,13,14,15,16,17,18,23,26,28,37,42,77,78,79,80,81,82,83,84,85,86,88,91,99,100,101,102,103,104,105,106,107,108,109,110,111,112,124,125,211,230,231,232,233,240,241,243,244,246,258,265,332,343,349,350,351,352,353,354,355,356,357,450,532,535,536,537,538,550,568,591,592,593,594,595,596,
334;1;2940;3109;1;0,2,8,9,13,14,15,16,17,18,23,26,28,37,42,77,78,79,80,81,82,83,84,85,86,88,91,99,100,101,102,103,104,105,106,107,108,109,110,111,112,124,125,211,230,231,232,233,240,241,243,244,246,258,265,332,343,349,350,351,352,353,354,355,356,357,450,532,535,536,537,538,550,568,591,592,593,594,595,596,
339;0;3109;3198;0;0,2,8,9,13,14,15,16,17,18,23,26,28,37,42,77,78,79,80,81,82,83,84,85,86,88,91,99,100,101,102,103,104,105,106,107,108,109,110,111,112,124,125,211,230,231,232,233,240,241,243,244,246,258,265,332,343,349,350,351,352,353,354,355,356,357,450,532,535,536,537,538,550,568,591,592,593,594,595,596,
339;1;3198;3278;0;0,2,8,9,13,14,15,16,17,18,23,26,28,37,42,77,78,79,80,81,82,83,84,85,86,88,91,99,100,101,102,103,104,105,106,107,108,109,110,111,112,124,125,211,230,231,232,233,240,241,243,244,246,258,265,332,343,349,350,351,352,353,354,355,356,357,450,532,535,536,537,538,550,568,591,592,593,594,595,596,
256;0;3278;3296;0;0,2,8,9,13,14,15,16,17,18,23,26,28,37,42,77,78,79,80,81,82,83,84,85,86,88,91,99,100,101,102,103,104,105,106,107,108,109,110,111,112,124,125,211,230,231,232,233,240,241,243,244,246,258,265,332,343,349,350,351,352,353,354,355,356,357,450,532,535,536,537,538,550,568,591,592,593,594,595,596,
288;0;3296;3455;0;0,2,8,9,13,14,15,16,17,18,23,26,28,37,42,77,78,79,80,81,82,83,84,85,86,88,91,99,100,101,102,103,104,105,106,107,108,109,110,111,112,124,125,211,230,231,232,233,240,241,243,244,246,258,265,332,343,349,350,351,352,353,354,355,356,357,450,532,535,536,537,538,550,568,591,592,593,594,595,596,
108;0;3455;3569;0;0,2,8,9,13,14,15,16,17,18,23,26,28,37,42,77,78,79,80,81,82,83,84,85,86,88,91,99,100,101,102,103,104,105,106,107,108,109,110,111,112,124,125,211,230,231,232,233,240,241,243,244,246,258,265,332,343,349,350,351,352,353,354,355,356,357,450,532,535,536,537,538,550,568,591,592,593,594,595,596,
129;0;3569;3617;0;0,2,8,9,13,14,15,16,17,18,23,26,28,37,42,77,78,79,80,81,82,83,84,85,86,88,91,99,100,101,102,103,104,105,106,107,108,109,110,111,112,124,125,211,230,231,232,233,240,241,243,244,246,258,265,332,343,349,350,351,352,353,354,355,356,357,450,532,535,536,537,538,550,568,591,592,593,594,595,596,
129;1;3617;3673;0;0,2,8,9,13,14,15,16,17,18,23,26,28,37,42,77,78,79,80,81,82,83,84,85,86,88,91,99,100,101,102,103,104,105,106,107,108,109,110,111,112,124,125,211,230,231,232,233,240,241,243,244,246,258,265,332,343,349,350,351,352,353,354,355,356,357,450,532,535,536,537,538,550,568,591,592,593,594,595,596,
361;0;3673;3684;1;0,2,8,9,13,14,15,16,17,18,23,26,28,37,42,77,78,79,80,81,82,83,84,85,86,88,91,99,100,101,102,103,104,105,106,107,108,109,110,111,112,124,125,211,230,231,232,233,240,241,243,244,246,258,265,332,343,349,350,351,352,353,354,355,356,357,450,532,535,536,537,538,550,568,591,592,593,594,595,596,
412;0;3684;3733;0;0,2,8,9,13,14,15,16,17,18,23,26,28,37,42,77,78,79,80,81,82,83,84,85,86,88,91,99,100,101,102,103,104,105,106,107,108,109,110,111,112,124,125,211,230,231,232,233,240,241,243,244,246,258,265,332,343,349,350,351,352,353,354,355,356,357,450,532,535,536,537,538,550,568,591,592,593,594,595,596,
412;1;3733;3813;0;0,2,8,9,13,14,15,16,17,18,23,26,28,37,42,77,78,79,80,81,82,83,84,85,86,88,91,99,100,101,102,103,104,105,106,107,108,109,110,111,112,124,125,211,230,231,232,233,240,241,243,244,246,258,265,332,343,349,350,351,352,353,354,355,356,357,450,532,535,536,537,538,550,568,591,592,593,594,595,596,
21;0;3813;3847;1;0,2,8,9,13,14,15,16,17,18,23,26,28,37,42,77,78,79,80,81,82,83,84,85,86,88,91,99,100,101,102,103,104,105,106,107,108,109,110,111,112,124,125,211,230,231,232,233,240,241,243,244,246,258,265,332,343,349,350,351,352,353,354,355,356,357,450,532,535,536,537,538,550,568,591,592,593,594,595,596,
165;0;3847;3907;0;0,2,8,9,13,14,15,16,17,18,23,26,28,37,42,77,78,79,80,81,82,83,84,85,86,88,91,99,100,101,102,103,104,105,106,107,108,109,110,111,112,124,125,211,230,231,232,233,240,241,243,244,246,258,265,332,343,349,350,351,352,353,354,355,356,357,450,532,535,536,537,538,550,568,591,592,593,594,595,596,
346;0;3907;3956;0;0,2,8,9,13,14,15,16,17,18,23,26,28,37,42,77,78,79,80,81,82,83,84,85,86,88,91,99,100,101,102,103,104,105,106,107,108,109,110,111,112,124,125,211,230,231,232,233,240,241,243,244,246,258,265,332,343,349,350,351,352,353,354,355,356,357,450,532,535,536,537,538,550,568,591,592,593,594,595,596,
359;0;3956;4110;0;0,2,8,9,13,14,15,16,17,18,23,26,28,37,42,77,78,79,80,81,82,83,84,85,86,88,91,99,100,101,102,103,104,105,106,107,108,109,110,111,112,124,125,211,230,231,232,233,240,241,243,244,246,258,265,332,343,349,350,351,352,353,354,355,356,357,450,532,535,536,537,538,550,568,591,592,593,594,595,596,
359;1;4110;4190;0;0,2,8,9,13,14,15,16,17,18,23,26,28,37,42,77,78,79,80,81,82,83,84,85,86,88,91,99,100,101,102,103,104,105,106,107,108,109,110,111,112,124,125,211,230,231,232,233,240,241,243,244,246,258,265,332,343,349,350,351,352,353,354,355,356,357,450,532,535,536,537,538,550,568,591,592,593,594,595,596,
380;0;4190;4256;1;0,2,8,9,13,14,15,16,17,18,23,26,28,37,42,77,78,79,80,81,82,83,84,85,86,88,91,99,100,101,102,103,104,105,106,107,108,109,110,111,112,124,125,211,230,231,232,233,240,241,243,244,246,258,265,332,343,349,350,351,352,353,354,355,356,357,450,532,535,536,537,538,550,568,591,592,593,594,595,596,
130;0;4256;4393;1;0,2,8,9,13,14,15,16,17,18,23,26,28,37,42,77,78,79,80,81,82,83,84,85,86,88,91,99,100,101,102,103,104,105,106,107,108,109,110,111,112,124,125,211,230,231,232,233,240,241,243,244,246,258,265,332,343,349,350,351,352,353,354,355,356,357,450,532,535,536,537,538,550,568,591,592,593,594,595,596,
382;0;4393;4479;0;0,2,8,9,13,14,15,16,17,18,23,26,28,37,42,77,78,79,80,81,82,83,84,85,86,88,91,99,100,101,102,103,104,105,106,107,108,109,110,111,112,124,125,211,230,231,232,233,240,241,243,244,246,258,265,332,343,349,350,351,352,353,354,355,356,357,450,532,535,536,537,538,550,568,591,592,593,594,595,596,
382;1;4479;4611;0;0,2,8,9,13,14,15,16,17,18,23,26,28,37,42,77,78,79,80,81,82,83,84,85,86,88,91,99,100,101,102,103,104,105,106,107,108,109,110,111,112,124,125,211,230,231,232,233,240,241,243,244,246,258,265,332,343,349,350,351,352,353,354,355,356,357,450,532,535,536,537,538,550,568,591,592,593,594,595,596,
243;0;4611;4770;1;0,2,8,9,13,14,15,16,17,18,23,26,28,37,42,77,78,79,80,81,82,83,84,85,86,88,91,99,100,101,102,103,104,105,106,107,108,109,110,111,112,124,125,211,230,231,232,233,240,241,243,244,246,258,265,332,343,349,350,351,352,353,354,355,356,357,450,532,535,536,537,538,550,568,591,592,593,594,595,596,
175;0;4770;4812;0;0,2,8,9,13,14,15,16,17,18,23,26,28,37,42,77,78,79,80,81,82,83,84,85,86,88,91,99,100,101,102,103,104,105,106,107,108,109,110,111,112,124,125,211,230,231,232,233,240,241,243,244,246,258,265,332,343,349,350,351,352,353,354,355,356,357,450,532,535,536,537,538,550,568,591,592,593,594,595,596,
208;0;4812;4976;0;0,2,8,9,13,14,15,16,17,18,23,26,28,37,42,77,78,79,80,81,82,83,84,85,86,88,91,99,100,101,102,103,104,105,106,107,108,109,110,111,112,124,125,211,230,231,232,233,240,241,243,244,246,258,265,332,343,349,350,351,352,353,354,355,356,357,450,532,535,536,537,538,550,568,591,592,593,594,595,596,
362;0;4976;5044;0;0,2,8,9,13,14,15,16,17,18,23,26,28,37,42,77,78,79,80,81,82,83,84,85,86,91,99,100,104,109,124,125,230,231,232,233,240,241,246,248,249,250,251,269,270,332,342,343,353,354,355,356,357,444,450,461,488,527,528,529,530,531,532,533,534,535,536,537,538,550,561,562,563,564,565,566,567,568,569,570,
362;1;5044;5072;0;0,2,8,9,13,14,15,16,17,18,23,26,28,37,42,77,78,79,80,81,82,83,84,85,86,91,99,100,104,109,124,125,230,231,232,233,240,241,246,248,249,250,251,269,270,332,342,343,353,354,355,356,357,444,450,461,488,527,528,529,530,531,532,533,534,535,536,537,538,550,561,562,563,564,565,566,567,568,569,570,
375;0;5072;5100;0;0,2,8,9,13,14,15,16,17,18,23,26,28,37,42,77,78,79,80,81,82,83,84,85,86,91,99,100,104,109,124,125,230,231,232,233,240,241,246,248,249,250,251,269,270,332,342,343,353,354,355,356,357,444,450,461,488,527,528,529,530,531,532,533,534,535,536,537,538,550,561,562,563,564,565,566,567,568,569,570,
349;0;5100;5205;0;0,2,8,9,13,14,15,16,17,18,23,26,28,37,42,77,78,79,80,81,82,83,84,85,86,91,99,100,104,109,124,125,230,231,232,233,240,241,246,248,249,250,251,269,270,332,342,343,353,354,355,356,357,444,450,461,488,527,528,529,530,531,532,533,534,535,536,537,538,550,561,562,563,564,565,566,567,568,569,570,
349;1;5205;5374;0;0,2,8,9,13,14,15,16,17,18,23,26,28,37,42,77,78,79,80,81,82,83,84,85,86,91,99,100,104,109,124,125,230,231,232,233,240,241,246,248,249,250,251,269,270,332,342,343,353,354,355,356,357,444,450,461,488,527,528,529,530,531,532,533,534,535,536,537,538,550,561,562,563,564,565,566,567,568,569,570,
325;0;5374;5533;0;0,2,8,9,13,14,15,16,17,18,23,26,28,37,42,77,78,79,80,81,82,83,84,85,86,91,99,100,104,109,124,125,230,231,232,233,240,241,246,248,249,250,251,269,270,332,342,343,353,354,355,356,357,444,450,461,488,527,528,529,530,531,532,533,534,535,536,537,538,550,561,562,563,564,565,566,567,568,569,570,
301;0;5533;5555;1;0,2,8,9,13,14,15,16,17,18,23,26,28,37,42,77,78,79,80,81,82,83,84,85,86,91,99,100,104,109,124,125,230,231,232,233,240,241,246,248,249,250,251,269,270,332,342,343,353,354,355,356,357,444,450,461,488,527,528,529,530,531,532,533,534,535,536,537,538,550,561,562,563,564,565,566,567,568,569,570,
310;0;5555;5706;1;0,2,8,9,13,14,15,16,17,18,23,26,28,37,42,77,78,79,80,81,82,83,84,85,86,91,99,100,104,109,124,125,230,231,232,233,240,241,246,248,249,250,251,269,270,332,342,343,353,354,355,356,357,444,450,461,488,527,528,529,530,531,532,533,534,535,536,537,538,550,561,562,563,564,565,566,567,568,569,570,
327;0;5706;5740;1;0,2,8,9,13,14,15,16,17,18,23,26,28,37,42,77,78,79,80,81,82,83,84,85,86,91,99,100,104,109,124,125,230,231,232,233,240,241,246,248,249,250,251,269,270,332,342,343,353,354,355,356,357,444,450,461,488,527,528,529,530,531,532,533,534,535,536,537,538,550,561,562,563,564,565,566,567,568,569,570,
327;1;5740;5888;1;0,2,8,9,13,14,15,16,17,18,23,26,28,37,42,77,78,79,80,81,82,83,84,85,86,91,99,100,104,109,124,125,230,231,232,233,240,241,246,248,249,250,251,269,270,332,342,343,353,354,355,356,357,444,450,461,488,527,528,529,530,531,532,533,534,535,536,537,538,550,561,562,563,564,565,566,567,568,569,570,
350;0;5888;5932;1;0,2,8,9,13,14,15,16,17,18,23,26,28,37,42,77,78,79,80,81,82,83,84,85,86,91,99,100,104,109,124,125,230,231,232,233,240,241,246,248,249,250,251,269,270,332,342,343,353,354,355,356,357,444,450,461,488,527,528,529,530,531,532,533,534,535,536,537,538,550,561,562,563,564,565,566,567,568,569,570,
416;0;5932;6069;0;0,2,8,9,13,14,15,16,17,18,23,26,28,37,42,77,78,79,80,81,82,83,84,85,86,91,99,100,104,109,124,125,230,231,232,233,240,241,246,248,249,250,251,269,270,332,342,343,353,354,355,356,357,444,450,461,488,527,528,529,530,531,532,533,534,535,536,537,538,550,561,562,563,564,565,566,567,568,569,570,
200;0;6069;6138;1;0,2,8,9,13,14,15,16,17,18,23,26,28,37,42,77,78,79,80,81,82,83,84,85,86,91,99,100,104,109,124,125,230,231,232,233,240,241,246,248,249,250,251,269,270,332,342,343,353,354,355,356,357,444,450,461,488,527,528,529,530,531,532,533,534,535,536,537,538,550,561,562,563,564,565,566,567,568,569,570,
97;0;6138;6262;1;0,2,8,9,13,14,15,16,17,18,23,26,28,37,42,77,78,79,80,81,82,83,84,85,86,91,99,100,104,109,124,125,230,231,232,233,240,241,246,248,249,250,251,269,270,332,342,343,353,354,355,356,357,444,450,461,488,527,528,529,530,531,532,533,534,535,536,537,538,550,561,562,563,564,565,566,567,568,569,570,
97;1;6262;6426;1;0,2,8,9,13,14,15,16,17,18,23,26,28,37,42,77,78,79,80,81,82,83,84,85,86,91,99,100,104,109,124,125,230,231,232,233,240,241,246,248,249,250,251,269,270,332,342,343,353,354,355,356,357,444,450,461,488,527,528,529,530,531,532,533,534,535,536,537,538,550,561,562,563,564,565,566,567,568,569,570,
258;0;6426;6504;0;0,2,8,9,13,14,15,16,17,18,26,28,42,77,78,79,80,81,82,83,84,85,86,91,99,100,104,212,230,231,232,240,241,280,281,282,283,284,285,287,289,297,299,301,308,314,315,316,323,324,325,326,327,337,338,339,340,343,353,354,355,356,357,450,460,543,544,545,546,547,548,549,550,551,552,553,554,555,556,557,
53;0;6504;6522;1;0,2,8,9,13,14,15,16,17,18,26,28,42,77,78,79,80,81,82,83,84,85,86,91,99,100,104,212,230,231,232,240,241,280,281,282,283,284,285,287,289,297,299,301,308,314,315,316,323,324,325,326,327,337,338,339,340,343,353,354,355,356,357,450,460,543,544,545,546,547,548,549,550,551,552,553,554,555,556,557,
124;0;6522;6674;1;0,2,8,9,13,14,15,16,17,18,26,28,42,77,78,79,80,81,82,83,84,85,86,91,99,100,104,212,230,231,232,240,241,280,281,282,283,284,285,287,289,297,299,301,308,314,315,316,323,324,325,326,327,337,338,339,340,343,353,354,355,356,357,450,460,543,544,545,546,547,548,549,550,551,552,553,554,555,556,557,
124;1;6674;6718;1;0,2,8,9,13,14,15,16,17,18,26,28,42,77,78,79,80,81,82,83,84,85,86,91,99,100,104,212,230,231,232,240,241,280,281,282,283,284,285,287,289,297,299,301,308,314,315,316,323,324,325,326,327,337,338,339,340,343,353,354,355,356,357,450,460,543,544,545,546,547,548,549,550,551,552,553,554,555,556,557,
46;0;6718;6869;0;0,2,8,9,13,14,15,16,17,18,26,28,42,77,78,79,80,81,82,83,84,85,86,91,99,100,104,212,230,231,232,240,241,280,281,282,283,284,285,287,289,297,299,301,308,314,315,316,323,324,325,326,327,337,338,339,340,343,353,354,355,356,357,450,460,543,544,545,546,547,548,549,550,551,552,553,554,555,556,557,
191;0;6869;6935;1;0,2,8,9,13,14,15,16,17,18,26,28,42,77,78,79,80,81,82,83,84,85,86,91,99,100,104,212,230,231,232,240,241,280,281,282,283,284,285,287,289,297,299,301,308,314,315,316,323,324,325,326,327,337,338,339,340,343,353,354,355,356,357,450,460,543,544,545,546,547,548,549,550,551,552,553,554,555,556,557,
166;0;6935;7049;0;0,2,8,9,13,14,15,16,17,18,26,28,42,77,78,79,80,81,82,83,84,85,86,91,99,100,104,212,230,231,232,240,241,280,281,282,283,284,285,287,289,297,299,301,308,314,315,316,323,324,325,326,327,337,338,339,340,343,353,354,355,356,357,450,460,543,544,545,546,547,548,549,550,551,552,553,554,555,556,557,
117;0;7049;7100;1;0,2,8,9,13,14,15,16,17,18,26,28,42,77,78,79,80,81,82,83,84,85,86,91,99,100,104,212,230,231,232,240,241,280,281,282,283,284,285,287,289,297,299,301,308,314,315,316,323,324,325,326,327,337,338,339,340,343,353,354,355,356,357,450,460,543,544,545,546,547,548,549,550,551,552,553,554,555,556,557,
117;1;7100;7235;1;0,2,8,9,13,14,15,16,17,18,26,28,42,77,78,79,80,81,82,83,84,85,86,91,99,100,104,212,230,231,232,240,241,280,281,282,283,284,285,287,289,297,299,301,308,314,315,316,323,324,325,326,327,337,338,339,340,343,353,354,355,356,357,450,460,543,544,545,546,547,548,549,550,551,552,553,554,555,556,557,
329;0;7235;7279;0;0,2,8,9,13,14,15,16,17,18,26,28,42,77,78,79,80,81,82,83,84,85,86,91,99,100,104,212,230,231,232,240,241,280,281,282,283,284,285,287,289,297,299,301,308,314,315,316,323,324,325,326,327,337,338,339,340,343,353,354,355,356,357,450,460,543,544,545,546,547,548,549,550,551,552,553,554,555,556,557,
329;1;7279;7357;0;0,2,8,9,13,14,15,16,17,18,26,28,42,77,78,79,80,81,82,83,84,85,86,91,99,100,104,212,230,231,232,240,241,280,281,282,283,284,285,287,289,297,299,301,308,314,315,316,323,324,325,326,327,337,338,339,340,343,353,354,355,356,357,450,460,543,544,545,546,547,548,549,550,551,552,553,554,555,556,557,
254;0;7357;7361;1;0,2,8,9,13,14,15,16,17,18,26,28,42,77,78,79,80,81,82,83,84,85,86,91,99,100,104,212,230,231,232,240,241,280,281,282,283,284,285,287,289,297,299,301,308,314,315,316,323,324,325,326,327,337,338,339,340,343,353,354,355,356,357,450,460,543,544,545,546,547,548,549,550,551,552,553,554,555,556,557,
254;1;7361;7391;1;0,2,8,9,13,14,15,16,17,18,26,28,42,77,78,79,80,81,82,83,84,85,86,91,99,100,104,212,230,231,232,240,241,280,281,282,283,284,285,287,289,297,299,301,308,314,315,316,323,324,325,326,327,337,338,339,340,343,353,354,355,356,357,450,460,543,544,545,546,547,548,549,550,551,552,553,554,555,556,557,
341;0;7391;7421;1;0,2,8,9,13,14,15,16,17,18,26,28,42,77,78,79,80,81,82,83,84,85,86,91,99,100,104,212,230,231,232,240,241,280,281,282,283,284,285,287,289,297,299,301,308,314,315,316,323,324,325,326,327,337,338,339,340,343,353,354,355,356,357,450,460,543,544,545,546,547,548,549,550,551,552,553,554,555,556,557,
102;0;7421;7425;0;0,2,8,9,13,14,15,16,17,18,26,28,42,77,78,79,80,81,82,83,84,85,86,91,99,100,104,212,230,231,232,240,241,280,281,282,283,284,285,287,289,297,299,301,308,314,315,316,323,324,325,326,327,337,338,339,340,343,353,354,355,356,357,450,460,543,544,545,546,547,548,549,550,551,552,553,554,555,556,557,
102;1;7425;7576;0;0,2,8,9,13,14,15,16,17,18,26,28,42,77,78,79,80,81,82,83,84,85,86,91,99,100,104,212,230,231,232,240,241,280,281,282,283,284,285,287,289,297,299,301,308,314,315,316,323,324,325,326,327,337,338,339,340,343,353,354,355,356,357,450,460,543,544,545,546,547,548,549,550,551,552,553,554,555,556,557,
87;0;7576;7742;1;0,2,8,9,13,14,15,16,17,18,26,28,42,77,78,79,80,81,82,83,84,85,86,91,99,100,104,212,230,231,232,240,241,280,281,282,283,284,285,287,289,297,299,301,308,314,315,316,323,324,325,326,327,337,338,339,340,343,353,354,355,356,357,450,460,543,544,545,546,547,548,549,550,551,552,553,554,555,556,557,
87;1;7742;7847;1;0,2,8,9,13,14,15,16,17,18,26,28,42,77,78,79,80,81,82,83,84,85,86,91,99,100,104,212,230,231,232,240,241,280,281,282,283,284,285,287,289,297,299,301,308,314,315,316,323,324,325,326,327,337,338,339,340,343,353,354,355,356,357,450,460,543,544,545,546,547,548,549,550,551,552,553,554,555,556,557,
386;0;7847;7907;0;0,2,8,9,13,14,15,16,17,18,26,28,42,77,78,79,80,81,82,83,84,85,86,91,99,100,104,212,230,231,232,240,241,280,281,282,283,284,285,287,289,297,299,301,308,314,315,316,323,324,325,326,327,337,338,339,340,343,353,354,355,356,357,450,460,543,544,545,546,547,548,549,550,551,552,553,554,555,556,557,
83;0;7907;7982;1;0,2,8,9,13,14,15,16,17,18,26,28,42,77,78,79,80,81,82,83,84,85,86,91,99,100,104,212,230,231,232,240,241,280,281,282,283,284,285,287,289,297,299,301,308,314,315,316,323,324,325,326,327,337,338,339,340,343,353,354,355,356,357,450,460,543,544,545,546,547,548,549,550,551,552,553,554,555,556,557,
77;0;7982;8037;1;0,2,8,9,13,14,15,16,17,18,26,28,42,77,78,79,80,81,82,83,84,85,86,91,99,100,104,212,230,231,232,240,241,280,281,282,283,284,285,287,289,297,299,301,308,314,315,316,323,324,325,326,327,337,338,339,340,343,353,354,355,356,357,450,460,543,544,545,546,547,548,549,550,551,552,553,554,555,556,557,
77;1;8037;8124;1;0,2,8,9,13,14,15,16,17,18,26,28,42,77,78,79,80,81,82,83,84,85,86,91,99,100,104,212,230,231,232,240,241,280,281,282,283,284,285,287,289,297,299,301,308,314,315,316,323,324,325,326,327,337,338,339,340,343,353,354,355,356,357,450,460,543,544,545,546,547,548,549,550,551,552,553,554,555,556,557,
252;0;8124;8224;0;0,2,8,9,13,14,15,16,17,18,26,28,42,77,78,79,80,81,82,83,84,85,86,91,99,100,104,212,230,231,232,240,241,280,281,282,283,284,285,287,289,297,299,301,308,314,315,316,323,324,325,326,327,337,338,339,340,343,353,354,355,356,357,450,460,543,544,545,546,547,548,549,550,551,552,553,554,555,556,557,
252;1;8224;8268;0;0,2,8,9,13,14,15,16,17,18,26,28,42,77,78,79,80,81,82,83,84,85,86,91,99,100,104,212,230,231,232,240,241,280,281,282,283,284,285,287,289,297,299,301,308,314,315,316,323,324,325,326,327,337,338,339,340,343,353,354,355,356,357,450,460,543,544,545,546,547,548,549,550,551,552,553,554,555,556,557,
262;0;8268;8276;0;0,2,8,9,13,14,15,16,17,18,26,28,42,77,78,79,80,81,82,83,84,85,86,91,99,100,104,212,230,231,232,240,241,280,281,282,283,284,285,287,289,297,299,301,308,314,315,316,323,324,325,326,327,337,338,339,340,343,353,354,355,356,357,450,460,543,544,545,546,547,548,549,550,551,552,553,554,555,556,557,
262;1;8276;8427;0;0,2,8,9,13,14,15,16,17,18,26,28,42,77,78,79,80,81,82,83,84,85,86,91,99,100,104,212,230,231,232,240,241,280,281,282,283,284,285,287,289,297,299,301,308,314,315,316,323,324,325,326,327,337,338,339,340,343,353,354,355,356,357,450,460,543,544,545,546,547,548,549,550,551,552,553,554,555,556,557,
9;0;8427;8584;0;0,2,8,9,13,14,15,16,17,18,26,28,42,77,78,79,80,81,82,83,84,85,86,91,99,100,104,212,230,231,232,240,241,280,281,282,283,284,285,287,289,297,299,301,308,314,315,316,323,324,325,326,327,337,338,339,340,343,353,354,355,356,357,450,460,543,544,545,546,547,548,549,550,551,552,553,554,555,556,557,
9;1;8584;8644;0;0,2,8,9,13,14,15,16,17,18,26,28,42,77,78,79,80,81,82,83,84,85,86,91,99,100,104,212,230,231,232,240,241,280,281,282,283,284,285,287,289,297,299,301,308,314,315,316,323,324,325,326,327,337,338,339,340,343,353,354,355,356,357,450,460,543,544,545,546,547,548,549,550,551,552,553,554,555,556,557,
333;0;8644;8803;1;0,2,8,9,13,14,15,16,17,18,26,28,42,77,78,79,80,81,82,83,84,85,86,91,99,100,104,212,230,231,232,240,241,280,281,282,283,284,285,287,289,297,299,301,308,314,315,316,323,324,325,326,327,337,338,339,340,343,353,354,355,356,357,450,460,543,544,545,546,547,548,549,550,551,552,553,554,555,556,557,
131;0;8803;8811;1;0,2,8,9,13,14,15,16,17,18,26,28,42,77,78,79,80,81,82,83,84,85,86,91,99,100,104,212,230,231,232,240,241,280,281,282,283,284,285,287,289,297,299,301,308,314,315,316,323,324,325,326,327,337,338,339,340,343,353,354,355,356,357,450,460,543,544,545,546,547,548,549,550,551,552,553,554,555,556,557,
358;0;8811;8900;0;0,2,8,9,13,14,15,16,17,18,26,28,42,77,78,79,80,81,82,83,84,85,86,91,99,100,104,212,230,231,232,240,241,280,281,282,283,284,285,287,289,297,299,301,308,314,315,316,323,324,325,326,327,337,338,339,340,343,353,354,355,356,357,450,460,543,544,545,546,547,548,549,550,551,552,553,554,555,556,557,
411;0;8900;9011;1;0,2,8,9,13,14,15,16,17,18,26,28,42,77,78,79,80,81,82,83,84,85,86,91,99,100,104,212,230,231,232,240,241,280,281,282,283,284,285,287,289,297,299,301,308,314,315,316,323,324,325,326,327,337,338,339,340,343,353,354,355,356,357,450,460,543,544,545,546,547,548,549,550,551,552,553,554,555,556,557,
436;0;9011;9091;0;0,2,8,9,13,14,15,16,17,18,26,28,42,77,78,79,80,81,82,83,84,85,86,91,99,100,104,212,230,231,232,240,241,280,281,282,283,284,285,287,289,297,299,301,308,314,315,316,323,324,325,326,327,337,338,339,340,343,353,354,355,356,357,450,460,543,544,545,546,547,548,549,550,551,552,553,554,555,556,557,
Machine: 4
125;0;0;142;0;0,1,2,3,4,5,6,7,15,16,17,18,23,24,25,26,27,28,29,30,31,32,33,34,39,40,41,42,43,46,51,89,90,91,180,181,182,183,184,185,212,222,223,264,273,358,359,360,361,362,363,364,365,366,367,368,369,370,371,372,373,374,375,385,387,447,448,451,452,453,454,455,456,457,458,459,558,559,560,601,
226;0;142;286;0;0,1,2,3,4,5,6,7,15,16,17,18,23,24,25,26,27,28,29,30,31,32,33,34,39,40,41,42,43,46,51,89,90,91,180,181,182,183,184,185,212,222,223,264,273,358,359,360,361,362,363,364,365,366,367,368,369,370,371,372,373,374,375,385,387,447,448,451,452,453,454,455,456,457,458,459,558,559,560,601,
31;0;286;442;1;0,1,2,3,4,5,6,7,15,16,17,18,23,24,25,26,27,28,29,30,31,32,33,34,39,40,41,42,43,46,51,89,90,91,180,181,182,183,184,185,212,222,223,264,273,358,359,360,361,362,363,364,365,366,367,368,369,370,371,372,373,374,375,385,387,447,448,451,452,453,454,455,456,457,458,459,558,559,560,601,
134;0;442;543;1;0,1,2,3,4,5,6,7,15,16,17,18,23,24,25,26,27,28,29,30,31,32,33,34,39,40,41,42,43,46,51,89,90,91,180,181,182,183,184,185,212,222,223,264,273,358,359,360,361,362,363,364,365,366,367,368,369,370,371,372,373,374,375,385,387,447,448,451,452,453,454,455,456,457,458,459,558,559,560,601,
134;1;543;654;1;0,1,2,3,4,5,6,7,15,16,17,18,23,24,25,26,27,28,29,30,31,32,33,34,39,40,41,42,43,46,51,89,90,91,180,181,182,183,184,185,212,222,223,264,273,358,359,360,361,362,363,364,365,366,367,368,369,370,371,372,373,374,375,385,387,447,448,451,452,453,454,455,456,457,458,459,558,559,560,601,
438;0;654;769;0;0,1,2,3,4,5,6,7,15,16,17,18,23,24,25,26,27,28,29,30,31,32,33,34,39,40,41,42,43,46,51,89,90,91,180,181,182,183,184,185,212,222,223,264,273,358,359,360,361,362,363,364,365,366,367,368,369,370,371,372,373,374,375,385,387,447,448,451,452,453,454,455,456,457,458,459,558,559,560,601,
247;0;769;934;1;0,1,2,3,4,5,6,7,15,16,17,18,23,24,25,26,27,28,29,30,31,32,33,34,39,40,41,42,43,46,51,89,90,91,180,181,182,183,184,185,212,222,223,264,273,358,359,360,361,362,363,364,365,366,367,368,369,370,371,372,373,374,375,385,387,447,448,451,452,453,454,455,456,457,458,459,558,559,560,601,
247;1;934;1046;1;0,1,2,3,4,5,6,7,15,16,17,18,23,24,25,26,27,28,29,30,31,32,33,34,39,40,41,42,43,46,51,89,90,91,180,181,182,183,184,185,212,222,223,264,273,358,359,360,361,362,363,364,365,366,367,368,369,370,371,372,373,374,375,385,387,447,448,451,452,453,454,455,456,457,458,459,558,559,560,601,
120;0;1046;1114;1;0,1,2,3,4,5,6,7,15,16,17,18,23,24,25,26,27,28,29,30,31,32,33,34,39,40,41,42,43,46,51,89,90,91,180,181,182,183,184,185,212,222,223,264,273,358,359,360,361,362,363,364,365,366,367,368,369,370,371,372,373,374,375,385,387,447,448,451,452,453,454,455,456,457,458,459,558,559,560,601,
308;0;1114;1194;0;0,1,2,3,4,5,6,7,15,16,17,18,23,24,25,26,27,28,29,30,31,32,33,34,39,40,41,42,43,46,51,89,90,91,180,181,182,183,184,185,212,222,223,264,273,358,359,360,361,362,363,364,365,366,367,368,369,370,371,372,373,374,375,385,387,447,448,451,452,453,454,455,456,457,458,459,558,559,560,601,
122;0;1194;1262;0;0,1,2,3,4,5,6,7,15,16,17,18,23,24,25,26,27,28,29,30,31,32,33,34,39,40,41,42,43,46,51,89,90,91,180,181,182,183,184,185,212,222,223,264,273,358,359,360,361,362,363,364,365,366,367,368,369,370,371,372,373,374,375,385,387,447,448,451,452,453,454,455,456,457,458,459,558,559,560,601,
122;1;1262;1340;0;0,1,2,3,4,5,6,7,15,16,17,18,23,24,25,26,27,28,29,30,31,32,33,34,39,40,41,42,43,46,51,89,90,91,180,181,182,183,184,185,212,222,223,264,273,358,359,360,361,362,363,364,365,366,367,368,369,370,371,372,373,374,375,385,387,447,448,451,452,453,454,455,456,457,458,459,558,559,560,601,
152;0;1340;1409;0;0,1,2,3,4,5,6,7,15,16,17,18,23,24,25,26,27,28,29,30,31,32,33,34,39,40,41,42,43,46,51,89,90,91,180,181,182,183,184,185,212,222,223,264,273,358,359,360,361,362,363,364,365,366,367,368,369,370,371,372,373,374,375,385,387,447,448,451,452,453,454,455,456,457,458,459,558,559,560,601,
152;1;1409;1461;0;0,1,2,3,4,5,6,7,15,16,17,18,23,24,25,26,27,28,29,30,31,32,33,34,39,40,41,42,43,46,51,89,90,91,180,181,182,183,184,185,212,222,223,264,273,358,359,360,361,362,363,364,365,366,367,368,369,370,371,372,373,374,375,385,387,447,448,451,452,453,454,455,456,457,458,459,558,559,560,601,
139;0;1461;1502;0;0,1,2,3,4,5,6,7,15,16,17,18,23,24,25,26,27,28,29,30,31,32,33,34,39,40,41,42,43,46,51,89,90,91,180,181,182,183,184,185,212,222,223,264,273,358,359,360,361,362,363,364,365,366,367,368,369,370,371,372,373,374,375,385,387,447,448,451,452,453,454,455,456,457,458,459,558,559,560,601,
139;1;1502;1508;0;0,1,2,3,4,5,6,7,15,16,17,18,23,24,25,26,27,28,29,30,31,32,33,34,39,40,41,42,43,46,51,89,90,91,180,181,182,183,184,185,212,222,223,264,273,358,359,360,361,362,363,364,365,366,367,368,369,370,371,372,373,374,375,385,387,447,448,451,452,453,454,455,456,457,458,459,558,559,560,601,
126;0;1508;1637;0;0,1,2,3,4,5,6,7,15,16,17,18,23,24,25,26,27,28,29,30,31,32,33,34,39,40,41,42,43,46,51,89,90,91,180,181,182,183,184,185,212,222,223,264,273,358,359,360,361,362,363,364,365,366,367,368,369,370,371,372,373,374,375,385,387,447,448,451,452,453,454,455,456,457,458,459,558,559,560,601,
64;0;1637;1731;1;0,1,2,3,4,5,6,7,15,16,17,18,23,24,25,26,27,28,29,30,31,32,33,34,39,40,41,42,43,46,51,89,90,91,180,181,182,183,184,185,212,222,223,264,273,358,359,360,361,362,363,364,365,366,367,368,369,370,371,372,373,374,375,385,387,447,448,451,452,453,454,455,456,457,458,459,558,559,560,601,
64;1;1731;1901;1;0,1,2,3,4,5,6,7,15,16,17,18,23,24,25,26,27,28,29,30,31,32,33,34,39,40,41,42,43,46,51,89,90,91,180,181,182,183,184,185,212,222,223,264,273,358,359,360,361,362,363,364,365,366,367,368,369,370,371,372,373,374,375,385,387,447,448,451,452,453,454,455,456,457,458,459,558,559,560,601,
229;0;1901;2006;0;0,1,2,3,4,5,6,7,15,16,17,18,23,24,25,26,27,28,29,30,31,32,33,34,39,40,41,42,43,46,51,89,90,91,180,181,182,183,184,185,212,222,223,264,273,358,359,360,361,362,363,364,365,366,367,368,369,370,371,372,373,374,375,385,387,447,448,451,452,453,454,455,456,457,458,459,558,559,560,601,
229;1;2006;2100;0;0,1,2,3,4,5,6,7,15,16,17,18,23,24,25,26,27,28,29,30,31,32,33,34,39,40,41,42,43,46,51,89,90,91,180,181,182,183,184,185,212,222,223,264,273,358,359,360,361,362,363,364,365,366,367,368,369,370,371,372,373,374,375,385,387,447,448,451,452,453,454,455,456,457,458,459,558,559,560,601,
27;0;2100;2203;1;0,1,2,3,4,5,6,7,15,16,17,18,23,24,25,26,27,28,29,30,31,32,33,34,39,40,41,42,43,46,51,89,90,91,180,181,182,183,184,185,212,222,223,225,226,227,264,273,274,275,276,277,278,333,334,335,336,358,359,360,361,362,385,387,447,448,451,452,453,454,455,456,457,458,459,558,559,560,597,601,
27;1;2203;2233;1;0,1,2,3,4,5,6,7,15,16,17,18,23,24,25,26,27,28,29,30,31,32,33,34,39,40,41,42,43,46,51,89,90,91,180,181,182,183,184,185,212,222,223,225,226,227,264,273,274,275,276,277,278,333,334,335,336,358,359,360,361,362,385,387,447,448,451,452,453,454,455,456,457,458,459,558,559,560,597,601,
323;0;2233;2301;1;0,1,2,3,4,5,6,7,15,16,17,18,23,24,25,26,27,28,29,30,31,32,33,34,39,40,41,42,43,46,51,89,90,91,180,181,182,183,184,185,212,222,223,225,226,227,264,273,274,275,276,277,278,333,334,335,336,358,359,360,361,362,385,387,447,448,451,452,453,454,455,456,457,458,459,558,559,560,597,601,
406;0;2301;2404;0;0,1,2,3,4,5,6,7,15,16,17,18,23,24,25,26,27,28,29,30,31,32,33,34,39,40,41,42,43,46,51,89,90,91,180,181,182,183,184,185,212,222,223,225,226,227,264,273,274,275,276,277,278,333,334,335,336,358,359,360,361,362,385,387,447,448,451,452,453,454,455,456,457,458,459,558,559,560,597,601,
266;0;2404;2408;0;0,1,2,3,4,5,6,7,15,16,17,18,23,24,25,26,27,28,29,30,31,32,33,34,39,40,41,42,43,46,51,89,90,91,180,181,182,183,184,185,212,222,223,225,226,227,264,273,274,275,276,277,278,333,334,335,336,358,359,360,361,362,385,387,447,448,451,452,453,454,455,456,457,458,459,558,559,560,597,601,
274;0;2408;2468;1;0,1,2,3,4,5,6,7,15,16,17,18,23,24,25,26,27,28,29,30,31,32,33,34,39,40,41,42,43,46,51,89,90,91,180,181,182,183,184,185,212,222,223,225,226,227,264,273,274,275,276,277,278,333,334,335,336,358,359,360,361,362,385,387,447,448,451,452,453,454,455,456,457,458,459,558,559,560,597,601,
274;1;2468;2565;1;0,1,2,3,4,5,6,7,15,16,17,18,23,24,25,26,27,28,29,30,31,32,33,34,39,40,41,42,43,46,51,89,90,91,180,181,182,183,184,185,212,222,223,225,226,227,264,273,274,275,276,277,278,333,334,335,336,358,359,360,361,362,385,387,447,448,451,452,453,454,455,456,457,458,459,558,559,560,597,601,
24;0;2565;2629;1;0,1,2,3,4,5,6,7,15,16,17,18,23,24,25,26,27,28,29,30,31,32,33,34,39,40,41,42,43,46,51,89,90,91,180,181,182,183,184,185,212,222,223,225,226,227,264,273,274,275,276,277,278,333,334,335,336,358,359,360,361,362,385,387,447,448,451,452,453,454,455,456,457,458,459,558,559,560,597,601,
24;1;2629;2697;1;0,1,2,3,4,5,6,7,15,16,17,18,23,24,25,26,27,28,29,30,31,32,33,34,39,40,41,42,43,46,51,89,90,91,180,181,182,183,184,185,212,222,223,225,226,227,264,273,274,275,276,277,278,333,334,335,336,358,359,360,361,362,385,387,447,448,451,452,453,454,455,456,457,458,459,558,559,560,597,601,
347;0;2697;2716;1;0,1,2,3,4,5,6,7,15,16,17,18,23,24,25,26,27,28,29,30,31,32,33,34,39,40,41,42,43,46,51,89,90,91,180,181,182,183,184,185,212,222,223,225,226,227,264,273,274,275,276,277,278,333,334,335,336,358,359,360,361,362,385,387,447,448,451,452,453,454,455,456,457,458,459,558,559,560,597,601,
347;1;2716;2784;1;0,1,2,3,4,5,6,7,15,16,17,18,23,24,25,26,27,28,29,30,31,32,33,34,39,40,41,42,43,46,51,89,90,91,180,181,182,183,184,185,212,222,223,225,226,227,264,273,274,275,276,277,278,333,334,335,336,358,359,360,361,362,385,387,447,448,451,452,453,454,455,456,457,458,459,558,559,560,597,601,
392;0;2784;2955;0;0,1,2,3,4,5,6,7,15,16,17,18,23,24,25,26,27,28,29,30,31,32,33,34,39,40,41,42,43,46,51,89,90,91,180,181,182,183,184,185,212,222,223,225,226,227,264,273,274,275,276,277,278,333,334,335,336,358,359,360,361,362,385,387,447,448,451,452,453,454,455,456,457,458,459,558,559,560,597,601,
392;1;2955;2994;0;0,1,2,3,4,5,6,7,15,16,17,18,23,24,25,26,27,28,29,30,31,32,33,34,39,40,41,42,43,46,51,89,90,91,180,181,182,183,184,185,212,222,223,225,226,227,264,273,274,275,276,277,278,333,334,335,336,358,359,360,361,362,385,387,447,448,451,452,453,454,455,456,457,458,459,558,559,560,597,601,
0;0;2994;3111;1;0,1,2,3,4,5,6,7,15,16,17,18,23,24,25,26,27,28,29,30,31,32,33,34,39,40,41,42,43,46,51,89,90,91,180,181,182,183,184,185,212,222,223,225,226,227,264,273,274,275,276,277,278,333,334,335,336,358,359,360,361,362,385,387,447,448,451,452,453,454,455,456,457,458,459,558,559,560,597,601,
0;1;3111;3157;1;0,1,2,3,4,5,6,7,15,16,17,18,23,24,25,26,27,28,29,30,31,32,33,34,39,40,41,42,43,46,51,89,90,91,180,181,182,183,184,185,212,222,223,225,226,227,264,273,274,275,276,277,278,333,334,335,336,358,359,360,361,362,385,387,447,448,451,452,453,454,455,456,457,458,459,558,559,560,597,601,
49;0;3157;3330;0;0,1,2,3,4,5,6,7,15,16,17,18,23,24,25,26,27,28,29,30,31,32,33,34,39,40,41,42,43,46,51,89,90,91,180,181,182,183,184,185,212,222,223,225,226,227,264,273,274,275,276,277,278,333,334,335,336,358,359,360,361,362,385,387,447,448,451,452,453,454,455,456,457,458,459,558,559,560,597,601,
49;1;3330;3355;0;0,1,2,3,4,5,6,7,15,16,17,18,23,24,25,26,27,28,29,30,31,32,33,34,39,40,41,42,43,46,51,89,90,91,180,181,182,183,184,185,212,222,223,225,226,227,264,273,274,275,276,277,278,333,334,335,336,358,359,360,361,362,385,387,447,448,451,452,453,454,455,456,457,458,459,558,559,560,597,601,
360;0;3355;3359;1;0,1,2,3,4,5,6,7,15,16,17,18,23,24,25,26,27,28,29,30,31,32,33,34,39,40,41,42,43,46,51,89,90,91,180,181,182,183,184,185,212,222,223,225,226,227,264,273,274,275,276,277,278,333,334,335,336,358,359,360,361,362,385,387,447,448,451,452,453,454,455,456,457,458,459,558,559,560,597,601,
393;0;3359;3414;1;0,1,2,3,4,5,6,7,15,16,17,18,23,24,25,26,27,28,29,30,31,32,33,34,39,40,41,42,43,46,51,89,90,91,180,181,182,183,184,185,212,222,223,225,226,227,264,273,274,275,276,277,278,333,334,335,336,358,359,360,361,362,385,387,447,448,451,452,453,454,455,456,457,458,459,558,559,560,597,601,
291;0;3414;3445;1;0,1,2,3,4,5,6,7,15,16,17,18,23,24,25,26,27,28,29,30,31,32,33,34,39,40,41,42,43,46,51,89,90,91,180,181,182,183,184,185,212,222,223,225,226,227,264,273,274,275,276,277,278,333,334,335,336,358,359,360,361,362,385,387,447,448,451,452,453,454,455,456,457,458,459,558,559,560,597,601,
277;0;3445;3492;1;0,1,2,3,4,5,6,7,15,16,17,18,23,24,25,26,27,28,29,30,31,32,33,34,39,40,41,42,43,46,51,89,90,91,180,181,182,183,184,185,212,222,223,225,226,227,264,273,274,275,276,277,278,333,334,335,336,358,359,360,361,362,385,387,447,448,451,452,453,454,455,456,457,458,459,558,559,560,597,601,
277;1;3492;3496;1;0,1,2,3,4,5,6,7,15,16,17,18,23,24,25,26,27,28,29,30,31,32,33,34,39,40,41,42,43,46,51,89,90,91,180,181,182,183,184,185,212,222,223,225,226,227,264,273,274,275,276,277,278,333,334,335,336,358,359,360,361,362,385,387,447,448,451,452,453,454,455,456,457,458,459,558,559,560,597,601,
34;0;3496;3565;1;0,1,2,3,4,5,6,7,15,16,17,18,23,24,25,26,27,28,29,30,31,32,33,34,39,40,41,42,43,46,51,89,90,91,180,181,182,183,184,185,212,222,223,225,226,227,264,273,274,275,276,277,278,333,334,335,336,358,359,360,361,362,385,387,447,448,451,452,453,454,455,456,457,458,459,558,559,560,597,601,
34;1;3565;3709;1;0,1,2,3,4,5,6,7,15,16,17,18,23,24,25,26,27,28,29,30,31,32,33,34,39,40,41,42,43,46,51,89,90,91,180,181,182,183,184,185,212,222,223,225,226,227,264,273,274,275,276,277,278,333,334,335,336,358,359,360,361,362,385,387,447,448,451,452,453,454,455,456,457,458,459,558,559,560,597,601,
253;0;3709;3806;1;0,1,2,3,4,5,6,7,15,16,17,18,23,24,25,26,27,28,29,30,31,32,33,34,39,40,41,42,43,46,51,89,90,91,180,181,182,183,184,185,212,222,223,225,226,227,264,273,274,275,276,277,278,333,334,335,336,358,359,360,361,362,385,387,447,448,451,452,453,454,455,456,457,458,459,558,559,560,597,601,
236;0;3806;3889;0;0,1,2,3,4,5,6,7,15,16,17,18,23,24,25,26,27,28,29,30,31,32,33,34,39,40,41,42,43,46,51,89,90,91,180,181,182,183,184,185,212,222,223,225,226,227,264,273,274,275,276,277,278,333,334,335,336,358,359,360,361,362,385,387,447,448,451,452,453,454,455,456,457,458,459,558,559,560,597,601,
96;0;3889;3965;0;0,1,2,3,4,5,6,7,15,16,17,18,23,24,25,26,27,28,29,30,31,32,33,34,39,40,41,42,43,46,51,89,90,91,180,181,182,183,184,185,212,222,223,225,226,227,264,273,274,275,276,277,278,333,334,335,336,358,359,360,361,362,385,387,447,448,451,452,453,454,455,456,457,458,459,558,559,560,597,601,
378;0;3965;4134;0;0,1,2,3,4,5,6,7,15,16,17,18,23,24,25,26,27,28,29,30,31,32,33,34,39,40,41,42,43,46,51,89,90,91,180,181,182,183,184,185,212,222,223,225,226,227,264,273,274,275,276,277,278,333,334,335,336,358,359,360,361,362,385,387,447,448,451,452,453,454,455,456,457,458,459,558,559,560,597,601,
397;0;4134;4223;1;0,1,2,3,4,5,6,7,15,16,17,18,23,24,25,26,27,28,29,30,31,32,33,34,39,40,41,42,43,46,51,89,90,91,180,181,182,183,184,185,212,222,223,225,226,227,264,273,274,275,276,277,278,333,334,335,336,358,359,360,361,362,385,387,447,448,451,452,453,454,455,456,457,458,459,558,559,560,597,601,
397;1;4223;4379;1;0,1,2,3,4,5,6,7,15,16,17,18,23,24,25,26,27,28,29,30,31,32,33,34,39,40,41,42,43,46,51,89,90,91,180,181,182,183,184,185,212,222,223,225,226,227,264,273,274,275,276,277,278,333,334,335,336,358,359,360,361,362,385,387,447,448,451,452,453,454,455,456,457,458,459,558,559,560,597,601,
141;0;4379;4460;1;0,1,2,3,4,5,6,7,15,16,17,18,23,24,25,26,27,28,29,30,31,32,33,34,39,40,41,42,43,46,51,89,90,91,180,181,182,183,184,185,212,222,223,225,226,227,264,273,274,275,276,277,278,333,334,335,336,358,359,360,361,362,385,387,447,448,451,452,453,454,455,456,457,458,459,558,559,560,597,601,
427;0;4460;4584;1;0,1,2,3,4,5,6,7,15,16,17,18,23,24,25,26,27,28,29,30,31,32,33,34,39,40,41,42,43,46,51,89,90,91,180,181,182,183,184,185,212,222,223,225,226,227,264,273,274,275,276,277,278,333,334,335,336,358,359,360,361,362,385,387,447,448,451,452,453,454,455,456,457,458,459,558,559,560,597,601,
427;1;4584;4625;1;0,1,2,3,4,5,6,7,15,16,17,18,23,24,25,26,27,28,29,30,31,32,33,34,39,40,41,42,43,46,51,89,90,91,180,181,182,183,184,185,212,222,223,225,226,227,264,273,274,275,276,277,278,333,334,335,336,358,359,360,361,362,385,387,447,448,451,452,453,454,455,456,457,458,459,558,559,560,597,601,
335;0;4625;4771;0;0,1,2,3,4,5,6,7,15,16,17,18,23,24,25,26,27,28,29,30,31,32,33,34,39,40,41,42,43,46,51,89,90,91,180,181,182,183,184,185,212,222,223,225,226,227,264,273,274,275,276,277,278,333,334,335,336,358,359,360,361,362,385,387,447,448,451,452,453,454,455,456,457,458,459,558,559,560,597,601,
168;0;4771;4890;0;0,1,2,3,4,5,6,7,15,16,17,18,23,24,25,26,27,28,29,30,31,32,33,34,39,40,41,42,43,46,51,89,90,91,180,181,182,183,184,185,212,222,223,225,226,227,264,273,274,275,276,277,278,333,334,335,336,358,359,360,361,362,385,387,447,448,451,452,453,454,455,456,457,458,459,558,559,560,597,601,
140;0;4890;5005;1;0,1,2,3,4,5,6,7,15,16,17,18,23,24,25,26,27,28,29,30,31,32,33,34,39,40,41,42,43,46,51,89,90,91,180,181,182,183,184,185,212,222,223,225,226,227,264,273,274,275,276,277,278,333,334,335,336,358,359,360,361,362,385,387,447,448,451,452,453,454,455,456,457,458,459,558,559,560,597,601,
14;0;5005;5016;1;0,1,2,3,4,5,6,7,15,16,17,18,23,24,25,26,27,28,29,30,31,32,33,34,39,40,41,42,43,46,51,89,90,91,180,181,182,183,184,185,212,222,223,225,226,227,264,273,274,275,276,277,278,333,334,335,336,358,359,360,361,362,385,387,447,448,451,452,453,454,455,456,457,458,459,558,559,560,597,601,
14;1;5016;5106;1;0,1,2,3,4,5,6,7,15,16,17,18,23,24,25,26,27,28,29,30,31,32,33,34,39,40,41,42,43,46,51,89,90,91,180,181,182,183,184,185,212,222,223,225,226,227,264,273,274,275,276,277,278,333,334,335,336,358,359,360,361,362,385,387,447,448,451,452,453,454,455,456,457,458,459,558,559,560,597,601,
369;0;5106;5230;0;0,1,2,3,4,5,6,7,15,16,17,18,23,24,25,26,27,28,29,30,31,32,33,34,39,40,41,42,43,46,51,89,90,91,180,181,182,183,184,185,212,222,223,225,226,227,264,273,274,275,276,277,278,333,334,335,336,358,359,360,361,362,385,387,447,448,451,452,453,454,455,456,457,458,459,558,559,560,597,601,
369;1;5230;5236;0;0,1,2,3,4,5,6,7,15,16,17,18,23,24,25,26,27,28,29,30,31,32,33,34,39,40,41,42,43,46,51,89,90,91,180,181,182,183,184,185,212,222,223,225,226,227,264,273,274,275,276,277,278,333,334,335,336,358,359,360,361,362,385,387,447,448,451,452,453,454,455,456,457,458,459,558,559,560,597,601,
69;0;5236;5287;0;0,1,2,3,4,5,6,7,15,16,17,18,23,24,25,26,27,28,29,30,31,32,33,34,39,40,41,42,43,46,51,89,90,91,180,181,182,183,184,185,212,222,223,225,226,227,264,273,274,275,276,277,278,333,334,335,336,358,359,360,361,362,385,387,447,448,451,452,453,454,455,456,457,458,459,558,559,560,597,601,
69;1;5287;5456;0;0,1,2,3,4,5,6,7,15,16,17,18,23,24,25,26,27,28,29,30,31,32,33,34,39,40,41,42,43,46,51,89,90,91,180,181,182,183,184,185,212,222,223,225,226,227,264,273,274,275,276,277,278,333,334,335,336,358,359,360,361,362,385,387,447,448,451,452,453,454,455,456,457,458,459,558,559,560,597,601,
384;0;5456;5464;1;0,1,2,3,4,5,6,7,15,16,17,18,23,24,25,26,27,28,29,30,31,32,33,34,39,40,41,42,43,46,51,89,90,91,180,181,182,183,184,185,212,222,223,225,226,227,264,273,274,275,276,277,278,333,334,335,336,358,359,360,361,362,385,387,447,448,451,452,453,454,455,456,457,458,459,558,559,560,597,601,
384;1;5464;5551;1;0,1,2,3,4,5,6,7,15,16,17,18,23,24,25,26,27,28,29,30,31,32,33,34,39,40,41,42,43,46,51,89,90,91,180,181,182,183,184,185,212,222,223,225,226,227,264,273,274,275,276,277,278,333,334,335,336,358,359,360,361,362,385,387,447,448,451,452,453,454,455,456,457,458,459,558,559,560,597,601,
426;0;5551;5555;0;0,1,2,3,4,5,6,7,15,16,17,18,23,24,25,26,27,28,29,30,31,32,33,34,39,40,41,42,43,46,51,89,90,91,180,181,182,183,184,185,212,222,223,225,226,227,264,273,274,275,276,277,278,333,334,335,336,358,359,360,361,362,385,387,447,448,451,452,453,454,455,456,457,458,459,558,559,560,597,601,
372;0;5760;5908;0;0,1,2,3,4,5,6,7,15,16,17,18,23,24,25,26,27,28,29,30,31,32,33,34,39,40,41,42,43,44,46,51,89,90,91,95,180,181,182,183,184,185,212,213,222,223,225,226,227,264,273,274,275,276,277,333,334,335,336,385,571,572,573,574,575,576,577,578,579,580,581,582,583,584,585,586,587,588,589,590,
372;1;5908;5974;0;0,1,2,3,4,5,6,7,15,16,17,18,23,24,25,26,27,28,29,30,31,32,33,34,39,40,41,42,43,44,46,51,89,90,91,95,180,181,182,183,184,185,212,213,222,223,225,226,227,264,273,274,275,276,277,333,334,335,336,385,571,572,573,574,575,576,577,578,579,580,581,582,583,584,585,586,587,588,589,590,
338;0;5974;6075;0;0,1,2,3,4,5,6,7,15,16,17,18,23,24,25,26,27,28,29,30,31,32,33,34,39,40,41,42,43,44,46,51,89,90,91,95,180,181,182,183,184,185,212,213,222,223,225,226,227,264,273,274,275,276,277,333,334,335,336,385,571,572,573,574,575,576,577,578,579,580,581,582,583,584,585,586,587,588,589,590,
169;0;6075;6152;0;0,1,2,3,4,5,6,7,15,16,17,18,23,24,25,26,27,28,29,30,31,32,33,34,39,40,41,42,43,44,46,51,89,90,91,95,180,181,182,183,184,185,212,213,222,223,225,226,227,264,273,274,275,276,277,333,334,335,336,385,571,572,573,574,575,576,577,578,579,580,581,582,583,584,585,586,587,588,589,590,
169;1;6152;6246;0;0,1,2,3,4,5,6,7,15,16,17,18,23,24,25,26,27,28,29,30,31,32,33,34,39,40,41,42,43,44,46,51,89,90,91,95,180,181,182,183,184,185,212,213,222,223,225,226,227,264,273,274,275,276,277,333,334,335,336,385,571,572,573,574,575,576,577,578,579,580,581,582,583,584,585,586,587,588,589,590,
100;0;6246;6365;1;0,1,2,3,4,5,6,7,15,16,17,18,23,24,25,26,27,28,29,30,31,32,33,34,39,40,41,42,43,44,46,51,89,90,91,95,180,181,182,183,184,185,212,213,222,223,225,226,227,264,273,274,275,276,277,333,334,335,336,385,571,572,573,574,575,576,577,578,579,580,581,582,583,584,585,586,587,588,589,590,
443;0;6365;6484;1;0,1,2,3,4,5,6,7,15,16,17,18,23,24,25,26,27,28,29,30,31,32,33,34,39,40,41,42,43,44,46,51,89,90,91,95,180,181,182,183,184,185,212,213,222,223,225,226,227,264,273,274,275,276,277,333,334,335,336,385,571,572,573,574,575,576,577,578,579,580,581,582,583,584,585,586,587,588,589,590,
271;0;6484;6533;1;0,1,2,3,4,5,6,7,15,16,17,18,23,24,25,26,27,28,29,30,31,32,33,34,39,40,41,42,43,44,46,51,89,90,91,95,180,181,182,183,184,185,212,213,222,223,225,226,227,264,273,274,275,276,277,333,334,335,336,385,571,572,573,574,575,576,577,578,579,580,581,582,583,584,585,586,587,588,589,590,
322;0;6533;6672;0;0,1,2,3,4,5,6,7,15,16,17,18,23,24,25,26,27,28,29,30,31,32,33,34,39,40,41,42,43,44,46,51,89,90,91,95,180,181,182,183,184,185,212,213,222,223,225,226,227,264,273,274,275,276,277,333,334,335,336,385,571,572,573,574,575,576,577,578,579,580,581,582,583,584,585,586,587,588,589,590,
322;1;6672;6724;0;0,1,2,3,4,5,6,7,15,16,17,18,23,24,25,26,27,28,29,30,31,32,33,34,39,40,41,42,43,44,46,51,89,90,91,95,180,181,182,183,184,185,212,213,222,223,225,226,227,264,273,274,275,276,277,333,334,335,336,385,571,572,573,574,575,576,577,578,579,580,581,582,583,584,585,586,587,588,589,590,
304;0;6724;6746;1;0,1,2,3,4,5,6,7,15,16,17,18,23,24,25,26,27,28,29,30,31,32,33,34,39,40,41,42,43,44,46,51,89,90,91,95,180,181,182,183,184,185,212,213,222,223,225,226,227,264,273,274,275,276,277,333,334,335,336,385,571,572,573,574,575,576,577,578,579,580,581,582,583,584,585,586,587,588,589,590,
304;1;6746;6858;1;0,1,2,3,4,5,6,7,15,16,17,18,23,24,25,26,27,28,29,30,31,32,33,34,39,40,41,42,43,44,46,51,89,90,91,95,180,181,182,183,184,185,212,213,222,223,225,226,227,264,273,274,275,276,277,333,334,335,336,385,571,572,573,574,575,576,577,578,579,580,581,582,583,584,585,586,587,588,589,590,
51;0;6858;7004;1;0,1,2,3,4,5,6,7,15,16,17,18,23,24,25,26,27,28,29,30,31,32,33,34,39,40,41,42,43,44,46,51,89,90,91,95,180,181,182,183,184,185,212,213,222,223,225,226,227,264,273,274,275,276,277,333,334,335,336,385,571,572,573,574,575,576,577,578,579,580,581,582,583,584,585,586,587,588,589,590,
103;0;7004;7109;1;0,1,2,3,4,5,6,7,15,16,17,18,23,24,25,26,27,28,29,30,31,32,33,34,39,40,41,42,43,44,46,51,89,90,91,95,180,181,182,183,184,185,212,213,222,223,225,226,227,264,273,274,275,276,277,333,334,335,336,385,571,572,573,574,575,576,577,578,579,580,581,582,583,584,585,586,587,588,589,590,
321;0;7109;7159;1;0,1,2,3,4,5,6,7,15,16,17,18,23,24,25,26,27,28,29,30,31,32,33,34,39,40,41,42,43,44,46,51,89,90,91,95,180,181,182,183,184,185,212,213,222,223,225,226,227,264,273,274,275,276,277,333,334,335,336,385,571,572,573,574,575,576,577,578,579,580,581,582,583,584,585,586,587,588,589,590,
425;0;7159;7174;0;0,1,2,3,4,5,6,7,15,16,17,18,23,24,25,26,27,28,29,30,31,32,33,34,39,40,41,42,43,44,46,51,89,90,91,95,180,181,182,183,184,185,212,213,222,223,225,226,227,264,273,274,275,276,277,333,334,335,336,385,571,572,573,574,575,576,577,578,579,580,581,582,583,584,585,586,587,588,589,590,
296;0;7174;7275;0;0,1,2,3,4,5,6,7,15,16,17,18,23,24,25,26,27,28,29,30,31,32,33,34,39,40,41,42,43,44,46,51,89,90,91,95,180,181,182,183,184,185,212,213,222,223,225,226,227,264,273,274,275,276,277,333,334,335,336,385,571,572,573,574,575,576,577,578,579,580,581,582,583,584,585,586,587,588,589,590,
185;0;7275;7327;0;0,1,2,3,4,5,6,7,15,16,17,18,23,24,25,26,27,28,29,30,31,32,33,34,39,40,41,42,43,44,46,51,89,90,91,95,180,181,182,183,184,185,212,213,222,223,225,226,227,264,273,274,275,276,277,333,334,335,336,385,571,572,573,574,575,576,577,578,579,580,581,582,583,584,585,586,587,588,589,590,
65;0;7327;7501;0;0,1,2,3,4,5,6,7,15,16,17,18,23,24,25,26,27,28,29,30,31,32,33,34,39,40,41,42,43,44,45,46,47,48,49,50,51,52,53,54,55,56,57,58,59,60,61,62,63,64,65,66,67,68,69,70,71,72,73,74,75,76,89,90,91,95,180,181,182,183,184,185,212,213,222,223,225,226,227,264,
98;0;7501;7581;0;0,1,2,3,4,5,6,7,15,16,17,18,23,24,25,26,27,28,29,30,31,32,33,34,39,40,41,42,43,44,45,46,47,48,49,50,51,52,53,54,55,56,57,58,59,60,61,62,63,64,65,66,67,68,69,70,71,72,73,74,75,76,89,90,91,95,180,181,182,183,184,185,212,213,222,223,225,226,227,264,
26;0;7581;7625;0;0,1,2,3,4,5,6,7,15,16,17,18,23,24,25,26,27,28,29,30,31,32,33,34,39,40,41,42,43,44,45,46,47,48,49,50,51,52,53,54,55,56,57,58,59,60,61,62,63,64,65,66,67,68,69,70,71,72,73,74,75,76,89,90,91,95,180,181,182,183,184,185,212,213,222,223,225,226,227,264,
402;0;7625;7804;0;0,1,2,3,4,5,6,7,15,16,17,18,23,24,25,26,27,28,29,30,31,32,33,34,39,40,41,42,43,44,45,46,47,48,49,50,51,52,53,54,55,56,57,58,59,60,61,62,63,64,65,66,67,68,69,70,71,72,73,74,75,76,89,90,91,95,180,181,182,183,184,185,212,213,222,223,225,226,227,264,
402;1;7804;7890;0;0,1,2,3,4,5,6,7,15,16,17,18,23,24,25,26,27,28,29,30,31,32,33,34,39,40,41,42,43,44,45,46,47,48,49,50,51,52,53,54,55,56,57,58,59,60,61,62,63,64,65,66,67,68,69,70,71,72,73,74,75,76,89,90,91,95,180,181,182,183,184,185,212,213,222,223,225,226,227,264,
180;0;7890;7910;1;0,1,2,3,4,5,6,7,15,16,17,18,23,24,25,26,27,28,29,30,31,32,33,34,39,40,41,42,43,44,45,46,47,48,49,50,51,52,53,54,55,56,57,58,59,60,61,62,63,64,65,66,67,68,69,70,71,72,73,74,75,76,89,90,91,95,180,181,182,183,184,185,212,213,222,223,225,226,227,264,
183;0;7910;7930;1;0,1,2,3,4,5,6,7,15,16,17,18,23,24,25,26,27,28,29,30,31,32,33,34,39,40,41,42,43,44,45,46,47,48,49,50,51,52,53,54,55,56,57,58,59,60,61,62,63,64,65,66,67,68,69,70,71,72,73,74,75,76,89,90,91,95,180,181,182,183,184,185,212,213,222,223,225,226,227,264,
186;0;7930;8104;0;0,1,2,3,4,5,6,7,15,16,17,18,23,24,25,26,27,28,29,30,31,32,33,34,39,40,41,42,43,44,45,46,47,48,49,50,51,52,53,54,55,56,57,58,59,60,61,62,63,64,65,66,67,68,69,70,71,72,73,74,75,76,89,90,91,95,180,181,182,183,184,185,212,213,222,223,225,226,227,264,
351;0;8104;8172;1;0,1,2,3,4,5,6,7,15,16,17,18,23,24,25,26,27,28,29,30,31,32,33,34,39,40,41,42,43,44,45,46,47,48,49,50,51,52,53,54,55,56,57,58,59,60,61,62,63,64,65,66,67,68,69,70,71,72,73,74,75,76,89,90,91,95,180,181,182,183,184,185,212,213,222,223,225,226,227,264,
3;0;8172;8221;1;0,1,2,3,4,5,6,7,15,16,17,18,23,24,25,26,27,28,29,30,31,32,33,34,39,40,41,42,43,44,45,46,47,48,49,50,51,52,53,54,55,56,57,58,59,60,61,62,63,64,65,66,67,68,69,70,71,72,73,74,75,76,89,90,91,95,180,181,182,183,184,185,212,213,222,223,225,226,227,264,
237;0;8221;8257;1;0,1,2,3,4,5,6,7,15,16,17,18,23,24,25,26,27,28,29,30,31,32,33,34,39,40,41,42,43,44,45,46,47,48,49,50,51,52,53,54,55,56,57,58,59,60,61,62,63,64,65,66,67,68,69,70,71,72,73,74,75,76,89,90,91,95,180,181,182,183,184,185,212,213,222,223,225,226,227,264,
237;1;8257;8351;1;0,1,2,3,4,5,6,7,15,16,17,18,23,24,25,26,27,28,29,30,31,32,33,34,39,40,41,42,43,44,45,46,47,48,49,50,51,52,53,54,55,56,57,58,59,60,61,62,63,64,65,66,67,68,69,70,71,72,73,74,75,76,89,90,91,95,180,181,182,183,184,185,212,213,222,223,225,226,227,264,
164;0;8351;8476;1;0,1,2,3,4,5,6,7,15,16,17,18,23,24,25,26,27,28,29,30,31,32,33,34,39,40,41,42,43,44,45,46,47,48,49,50,51,52,53,54,55,56,57,58,59,60,61,62,63,64,65,66,67,68,69,70,71,72,73,74,75,76,89,90,91,95,180,181,182,183,184,185,212,213,222,223,225,226,227,264,
164;1;8476;8605;1;0,1,2,3,4,5,6,7,15,16,17,18,23,24,25,26,27,28,29,30,31,32,33,34,39,40,41,42,43,44,45,46,47,48,49,50,51,52,53,54,55,56,57,58,59,60,61,62,63,64,65,66,67,68,69,70,71,72,73,74,75,76,89,90,91,95,180,181,182,183,184,185,212,213,222,223,225,226,227,264,
145;0;8605;8703;0;0,1,2,3,4,5,6,7,15,16,17,18,23,24,25,26,27,28,29,30,31,32,33,34,39,40,41,42,43,44,45,46,47,48,49,50,51,52,53,54,55,56,57,58,59,60,61,62,63,64,65,66,67,68,69,70,71,72,73,74,75,76,89,90,91,95,180,181,182,183,184,185,212,213,222,223,225,226,227,264,
400;0;8703;8815;1;0,1,2,3,4,5,6,7,15,16,17,18,23,24,25,26,27,28,29,30,31,32,33,34,39,40,41,42,43,44,45,46,47,48,49,50,51,52,53,54,55,56,57,58,59,60,61,62,63,64,65,66,67,68,69,70,71,72,73,74,75,76,89,90,91,95,180,181,182,183,184,185,212,213,222,223,225,226,227,264,
190;0;8815;8972;1;0,1,2,3,4,5,6,7,15,16,17,18,23,24,25,26,27,28,29,30,31,32,33,34,39,40,41,42,43,44,45,46,47,48,49,50,51,52,53,54,55,56,57,58,59,60,61,62,63,64,65,66,67,68,69,70,71,72,73,74,75,76,89,90,91,95,180,181,182,183,184,185,212,213,222,223,225,226,227,264,
348;0;8972;9070;0;0,1,2,3,4,5,6,7,15,16,17,18,23,24,25,26,27,28,29,30,31,32,33,34,39,40,41,42,43,44,45,46,47,48,49,50,51,52,53,54,55,56,57,58,59,60,61,62,63,64,65,66,67,68,69,70,71,72,73,74,75,76,89,90,91,95,180,181,182,183,184,185,212,213,222,223,225,226,227,264,
7;0;9070;9242;1;0,1,2,3,4,5,6,7,15,16,17,18,23,24,25,26,27,28,29,30,31,32,33,34,39,40,41,42,43,44,45,46,47,48,49,50,51,52,53,54,55,56,57,58,59,60,61,62,63,64,65,66,67,68,69,70,71,72,73,74,75,76,89,90,91,95,180,181,182,183,184,185,212,213,222,223,225,226,227,264,
7;1;9242;9416;1;0,1,2,3,4,5,6,7,15,16,17,18,23,24,25,26,27,28,29,30,31,32,33,34,39,40,41,42,43,44,45,46,47,48,49,50,51,52,53,54,55,56,57,58,59,60,61,62,63,64,65,66,67,68,69,70,71,72,73,74,75,76,89,90,91,95,180,181,182,183,184,185,212,213,222,223,225,226,227,264,
Machine: 5
421;0;0;103;1;0,1,2,3,4,5,6,7,8,9,10,11,12,15,16,17,18,19,20,23,24,25,26,27,28,29,30,31,32,33,34,39,40,42,43,81,89,90,91,92,93,113,114,115,116,184,188,199,212,213,214,215,216,217,218,219,220,221,222,223,224,225,226,227,228,229,264,279,287,294,300,307,317,344,345,346,347,348,397,398,
182;0;103;144;0;0,1,2,3,4,5,6,7,8,9,10,11,12,15,16,17,18,19,20,23,24,25,26,27,28,29,30,31,32,33,34,39,40,42,43,81,89,90,91,92,93,113,114,115,116,184,188,199,212,213,214,215,216,217,218,219,220,221,222,223,224,225,226,227,228,229,264,279,287,294,300,307,317,344,345,346,347,348,397,398,
182;1;144;154;0;0,1,2,3,4,5,6,7,8,9,10,11,12,15,16,17,18,19,20,23,24,25,26,27,28,29,30,31,32,33,34,39,40,42,43,81,89,90,91,92,93,113,114,115,116,184,188,199,212,213,214,215,216,217,218,219,220,221,222,223,224,225,226,227,228,229,264,279,287,294,300,307,317,344,345,346,347,348,397,398,
13;0;154;205;1;0,1,2,3,4,5,6,7,8,9,10,11,12,15,16,17,18,19,20,23,24,25,26,27,28,29,30,31,32,33,34,39,40,42,43,81,89,90,91,92,93,113,114,115,116,184,188,199,212,213,214,215,216,217,218,219,220,221,222,223,224,225,226,227,228,229,264,279,287,294,300,307,317,344,345,346,347,348,397,398,
137;0;205;356;1;0,1,2,3,4,5,6,7,8,9,10,11,12,15,16,17,18,19,20,23,24,25,26,27,28,29,30,31,32,33,34,39,40,42,43,81,89,90,91,92,93,113,114,115,116,184,188,199,212,213,214,215,216,217,218,219,220,221,222,223,224,225,226,227,228,229,264,279,287,294,300,307,317,344,345,346,347,348,397,398,
137;1;356;485;1;0,1,2,3,4,5,6,7,8,9,10,11,12,15,16,17,18,19,20,23,24,25,26,27,28,29,30,31,32,33,34,39,40,42,43,81,89,90,91,92,93,113,114,115,116,184,188,199,212,213,214,215,216,217,218,219,220,221,222,223,224,225,226,227,228,229,264,279,287,294,300,307,317,344,345,346,347,348,397,398,
8;0;485;562;0;0,1,2,3,4,5,6,7,8,9,10,11,12,15,16,17,18,19,20,23,24,25,26,27,28,29,30,31,32,33,34,39,40,42,43,81,89,90,91,92,93,113,114,115,116,184,188,199,212,213,214,215,216,217,218,219,220,221,222,223,224,225,226,227,228,229,264,279,287,294,300,307,317,344,345,346,347,348,397,398,
283;0;562;599;1;0,1,2,3,4,5,6,7,8,9,10,11,12,15,16,17,18,19,20,23,24,25,26,27,28,29,30,31,32,33,34,39,40,42,43,81,89,90,91,92,93,113,114,115,116,184,188,199,212,213,214,215,216,217,218,219,220,221,222,223,224,225,226,227,228,229,264,279,287,294,300,307,317,344,345,346,347,348,397,398,
340;0;599;643;1;0,1,2,3,4,5,6,7,8,9,10,11,12,15,16,17,18,19,20,23,24,25,26,27,28,29,30,31,32,33,34,39,40,42,43,81,89,90,91,92,93,113,114,115,116,184,188,199,212,213,214,215,216,217,218,219,220,221,222,223,224,225,226,227,228,229,264,279,287,294,300,307,317,344,345,346,347,348,397,398,
318;0;643;691;0;0,1,2,3,4,5,6,7,8,9,10,11,12,15,16,17,18,19,20,23,24,25,26,27,28,29,30,31,32,33,34,39,40,42,43,81,89,90,91,92,93,113,114,115,116,184,188,199,212,213,214,215,216,217,218,219,220,221,222,223,224,225,226,227,228,229,264,279,287,294,300,307,317,344,345,346,347,348,397,398,
38;0;691;769;0;0,1,2,3,4,5,6,7,8,9,10,11,12,15,16,17,18,19,20,23,24,25,26,27,28,29,30,31,32,33,34,39,40,42,43,81,89,90,91,92,93,113,114,115,116,184,188,199,212,213,214,215,216,217,218,219,220,221,222,223,224,225,226,227,228,229,264,279,287,294,300,307,317,344,345,346,347,348,397,398,
62;0;769;835;0;0,1,2,3,4,5,6,7,8,9,10,11,12,15,16,17,18,19,20,23,24,25,26,27,28,29,30,31,32,33,34,39,40,42,43,81,89,90,91,92,93,113,114,115,116,184,188,199,212,213,214,215,216,217,218,219,220,221,222,223,224,225,226,227,228,229,264,279,287,294,300,307,317,344,345,346,347,348,397,398,
62;1;835;925;0;0,1,2,3,4,5,6,7,8,9,10,11,12,15,16,17,18,19,20,23,24,25,26,27,28,29,30,31,32,33,34,39,40,42,43,81,89,90,91,92,93,113,114,115,116,184,188,199,212,213,214,215,216,217,218,219,220,221,222,223,224,225,226,227,228,229,264,279,287,294,300,307,317,344,345,346,347,348,397,398,
159;0;925;1072;0;0,1,2,3,4,5,6,7,8,9,10,11,12,15,16,17,18,19,20,23,24,25,26,27,28,29,30,31,32,33,34,39,40,42,43,81,89,90,91,92,93,113,114,115,116,184,188,199,212,213,214,215,216,217,218,219,220,221,222,223,224,225,226,227,228,229,264,279,287,294,300,307,317,344,345,346,347,348,397,398,
159;1;1072;1175;0;0,1,2,3,4,5,6,7,8,9,10,11,12,15,16,17,18,19,20,23,24,25,26,27,28,29,30,31,32,33,34,39,40,42,43,81,89,90,91,92,93,113,114,115,116,184,188,199,212,213,214,215,216,217,218,219,220,221,222,223,224,225,226,227,228,229,264,279,287,294,300,307,317,344,345,346,347,348,397,398,
320;0;1175;1280;1;0,1,2,3,4,5,6,7,8,9,10,11,12,15,16,17,18,19,20,23,24,25,26,27,28,29,30,31,32,33,34,39,40,42,43,81,89,90,91,92,93,113,114,115,116,184,188,199,212,213,214,215,216,217,218,219,220,221,222,223,224,225,226,227,228,229,264,279,287,294,300,307,317,344,345,346,347,348,397,398,
147;0;1280;1437;1;0,1,2,3,4,5,6,7,8,9,10,11,12,15,16,17,18,19,20,23,24,25,26,27,28,29,30,31,32,33,34,39,40,42,43,81,89,90,91,92,93,113,114,115,116,184,188,199,212,213,214,215,216,217,218,219,220,221,222,223,224,225,226,227,228,229,264,279,287,294,300,307,317,344,345,346,347,348,397,398,
147;1;1437;1462;1;0,1,2,3,4,5,6,7,8,9,10,11,12,15,16,17,18,19,20,23,24,25,26,27,28,29,30,31,32,33,34,39,40,42,43,81,89,90,91,92,93,113,114,115,116,184,188,199,212,213,214,215,216,217,218,219,220,221,222,223,224,225,226,227,228,229,264,279,287,294,300,307,317,344,345,346,347,348,397,398,
48;0;1462;1488;0;0,1,2,3,4,5,6,7,8,9,10,11,12,15,16,17,18,19,20,23,24,25,26,27,28,29,30,31,32,33,34,39,40,42,43,81,89,90,91,92,93,113,114,115,116,184,188,199,212,213,214,215,216,217,218,219,220,221,222,223,224,225,226,227,228,229,264,279,287,294,300,307,317,344,345,346,347,348,397,398,
5;0;1488;1517;0;0,1,2,3,4,5,6,7,8,9,10,11,12,15,16,17,18,19,20,23,24,25,26,27,28,29,30,31,32,33,34,39,40,42,43,81,89,90,91,92,93,113,114,115,116,184,188,199,212,213,214,215,216,217,218,219,220,221,222,223,224,225,226,227,228,229,264,279,287,294,300,307,317,344,345,346,347,348,397,398,
188;0;1517;1595;0;0,1,2,3,4,5,6,7,8,9,10,11,12,15,16,17,18,19,20,23,24,25,26,27,28,29,30,31,32,33,34,39,40,42,43,81,89,90,91,92,93,113,114,115,116,184,188,199,212,213,214,215,216,217,218,219,220,221,222,223,224,225,226,227,228,229,264,279,287,294,300,307,317,344,345,346,347,348,397,398,
214;0;1595;1609;1;0,1,2,3,4,5,6,7,8,9,10,11,12,15,16,17,18,19,20,23,24,25,26,27,28,29,30,31,32,33,34,39,40,42,43,81,89,90,91,92,93,113,114,115,116,184,188,199,212,213,214,215,216,217,218,219,220,221,222,223,224,225,226,227,228,229,264,279,287,294,300,307,317,344,345,346,347,348,397,398,
214;1;1609;1712;1;0,1,2,3,4,5,6,7,8,9,10,11,12,15,16,17,18,19,20,23,24,25,26,27,28,29,30,31,32,33,34,39,40,42,43,81,89,90,91,92,93,113,114,115,116,184,188,199,212,213,214,215,216,217,218,219,220,221,222,223,224,225,226,227,228,229,264,279,287,294,300,307,317,344,345,346,347,348,397,398,
138;0;1712;1869;0;0,1,2,3,4,5,6,7,8,9,10,11,12,15,16,17,18,19,20,23,24,25,26,27,28,29,30,31,32,33,34,39,40,42,43,81,89,90,91,92,93,113,114,115,116,184,188,199,212,213,214,215,216,217,218,219,220,221,222,223,224,225,226,227,228,229,264,279,287,294,300,307,317,344,345,346,347,348,397,398,
151;0;1869;1994;1;0,1,2,3,4,5,6,7,8,9,10,11,12,15,16,17,18,19,20,23,24,25,26,27,28,29,30,31,32,33,34,39,40,42,43,81,89,90,91,92,93,113,114,115,116,184,188,199,212,213,214,215,216,217,218,219,220,221,222,223,224,225,226,227,228,229,264,279,287,294,300,307,317,344,345,346,347,348,397,398,
242;0;1994;2170;0;0,1,2,3,4,5,6,7,8,9,10,11,12,15,16,17,18,19,20,23,24,25,26,27,28,29,30,31,32,33,34,39,40,42,43,81,89,90,91,92,93,113,114,115,116,184,188,199,212,213,214,215,216,217,218,219,220,221,222,223,224,225,226,227,228,229,264,279,287,294,300,307,317,344,345,346,347,348,397,398,
242;1;2170;2281;0;0,1,2,3,4,5,6,7,8,9,10,11,12,15,16,17,18,19,20,23,24,25,26,27,28,29,30,31,32,33,34,39,40,42,43,81,89,90,91,92,93,113,114,115,116,184,188,199,212,213,214,215,216,217,218,219,220,221,222,223,224,225,226,227,228,229,264,279,287,294,300,307,317,344,345,346,347,348,397,398,
76;0;2281;2291;0;0,1,2,3,4,5,6,7,8,9,10,11,12,15,16,17,18,19,20,23,24,25,26,27,28,29,30,31,32,33,34,39,40,42,43,81,89,90,91,92,93,113,114,115,116,184,188,199,212,213,214,215,216,217,218,219,220,221,222,223,224,225,226,227,228,229,264,279,287,294,300,307,317,344,345,346,347,348,397,398,
343;0;2291;2396;1;0,1,2,3,4,5,6,7,8,9,10,11,12,15,16,17,18,19,20,23,24,25,26,27,28,29,30,31,32,33,34,39,40,42,43,81,89,90,91,92,93,113,114,115,116,184,188,199,212,213,214,215,216,217,218,219,220,221,222,223,224,225,226,227,228,229,264,279,287,294,300,307,317,344,345,346,347,348,397,398,
239;0;2396;2494;0;0,1,2,3,4,5,6,7,8,9,10,11,12,15,16,17,18,19,20,23,24,25,26,27,28,29,30,31,32,33,34,39,40,42,43,81,89,90,91,92,93,113,114,115,116,184,188,199,212,213,214,215,216,217,218,219,220,221,222,223,224,225,226,227,228,229,264,279,287,294,300,307,317,344,345,346,347,348,397,398,
239;1;2494;2572;0;0,1,2,3,4,5,6,7,8,9,10,11,12,15,16,17,18,19,20,23,24,25,26,27,28,29,30,31,32,33,34,39,40,42,43,81,89,90,91,92,93,113,114,115,116,184,188,199,212,213,214,215,216,217,218,219,220,221,222,223,224,225,226,227,228,229,264,279,287,294,300,307,317,344,345,346,347,348,397,398,
174;0;2572;2583;1;0,1,2,3,4,5,6,7,8,9,10,11,12,15,16,17,18,19,20,23,24,25,26,27,28,29,30,31,32,33,34,39,40,42,43,81,89,90,91,92,93,113,114,115,116,184,188,199,212,213,214,215,216,217,218,219,220,221,222,223,224,225,226,227,228,229,264,279,287,294,300,307,317,344,345,346,347,348,397,398,
174;1;2583;2659;1;0,1,2,3,4,5,6,7,8,9,10,11,12,15,16,17,18,19,20,23,24,25,26,27,28,29,30,31,32,33,34,39,40,42,43,81,89,90,91,92,93,113,114,115,116,184,188,199,212,213,214,215,216,217,218,219,220,221,222,223,224,225,226,227,228,229,264,279,287,294,300,307,317,344,345,346,347,348,397,398,
251;0;2659;2663;1;0,1,2,3,4,5,6,7,8,9,10,11,12,15,16,17,18,19,20,23,24,25,26,27,28,29,30,31,32,33,34,39,40,42,43,81,89,90,91,92,93,113,114,115,116,184,188,199,212,213,214,215,216,217,218,219,220,221,222,223,224,225,226,227,228,229,264,279,287,294,300,307,317,344,345,346,347,348,397,398,
25;0;2663;2689;0;0,1,2,3,4,5,6,7,8,9,10,11,12,15,16,17,18,19,20,23,24,25,26,27,28,29,30,31,32,33,34,39,40,42,43,81,89,90,91,92,93,113,114,115,116,184,188,199,212,213,214,215,216,217,218,219,220,221,222,223,224,225,226,227,228,229,264,279,287,294,300,307,317,344,345,346,347,348,397,398,
337;0;2689;2846;1;0,1,2,3,4,5,6,7,8,9,10,11,12,15,16,17,18,19,20,23,24,25,26,27,28,29,30,31,32,33,34,39,40,42,43,81,89,90,91,92,93,113,114,115,116,184,188,199,212,213,214,215,216,217,218,219,220,221,222,223,224,225,226,227,228,229,264,279,287,294,300,307,317,344,345,346,347,348,397,398,
337;1;2846;2913;1;0,1,2,3,4,5,6,7,8,9,10,11,12,15,16,17,18,19,20,23,24,25,26,27,28,29,30,31,32,33,34,39,40,42,43,81,89,90,91,92,93,113,114,115,116,184,188,199,212,213,214,215,216,217,218,219,220,221,222,223,224,225,226,227,228,229,264,279,287,294,300,307,317,344,345,346,347,348,397,398,
440;0;2913;2933;1;0,1,2,3,4,5,6,7,8,9,10,11,12,15,16,17,18,19,20,23,24,25,26,27,28,29,30,31,32,33,34,39,40,42,43,81,89,90,91,92,93,113,114,115,116,184,188,199,212,213,214,215,216,217,218,219,220,221,222,223,224,225,226,227,228,229,264,279,287,294,300,307,317,344,345,346,347,348,397,398,
374;0;2933;3020;1;0,1,2,3,4,5,6,7,8,9,10,11,12,15,16,17,18,19,20,23,24,25,26,27,28,29,30,31,32,33,34,39,40,42,43,81,89,90,91,92,93,113,114,115,116,184,188,199,212,213,214,215,216,217,218,219,220,221,222,223,224,225,226,227,228,229,264,279,287,294,300,307,317,344,345,346,347,348,397,398,
374;1;3020;3180;1;0,1,2,3,4,5,6,7,8,9,10,11,12,15,16,17,18,19,20,23,24,25,26,27,28,29,30,31,32,33,34,39,40,42,43,81,89,90,91,92,93,113,114,115,116,184,188,199,212,213,214,215,216,217,218,219,220,221,222,223,224,225,226,227,228,229,264,279,287,294,300,307,317,344,345,346,347,348,397,398,
63;0;3180;3260;1;0,1,2,3,4,5,6,7,8,9,10,11,12,15,16,17,18,19,20,23,24,25,26,27,28,29,30,31,32,33,34,39,40,42,43,81,89,90,91,92,93,113,114,115,116,184,188,199,212,213,214,215,216,217,218,219,220,221,222,223,224,225,226,227,228,229,264,279,287,294,300,307,317,344,345,346,347,348,397,398,
417;0;3260;3324;1;0,1,2,3,4,5,6,7,8,9,10,11,12,15,16,17,18,19,20,23,24,25,26,27,28,29,30,31,32,33,34,39,40,42,43,81,89,90,91,92,93,113,114,115,116,184,188,199,212,213,214,215,216,217,218,219,220,221,222,223,224,225,226,227,228,229,264,279,287,294,300,307,317,344,345,346,347,348,397,398,
417;1;3324;3329;1;0,1,2,3,4,5,6,7,8,9,10,11,12,15,16,17,18,19,20,23,24,25,26,27,28,29,30,31,32,33,34,39,40,42,43,81,89,90,91,92,93,113,114,115,116,184,188,199,212,213,214,215,216,217,218,219,220,221,222,223,224,225,226,227,228,229,264,279,287,294,300,307,317,344,345,346,347,348,397,398,
368;0;3329;3369;0;0,1,2,3,4,5,6,7,8,9,10,11,12,15,16,17,18,19,20,23,24,25,26,27,28,29,30,31,32,33,34,39,40,42,43,81,89,90,91,92,93,113,114,115,116,184,188,199,212,213,214,215,216,217,218,219,220,221,222,223,224,225,226,227,228,229,264,279,287,294,300,307,317,344,345,346,347,348,397,398,
114;0;3369;3438;1;0,1,2,3,4,5,6,7,8,9,10,11,12,15,16,17,18,19,20,23,24,25,26,27,28,29,30,31,32,33,34,39,40,42,43,81,89,90,91,92,93,113,114,115,116,184,188,199,212,213,214,215,216,217,218,219,220,221,222,223,224,225,226,227,228,229,264,279,287,294,300,307,317,344,345,346,347,348,397,398,
114;1;3438;3524;1;0,1,2,3,4,5,6,7,8,9,10,11,12,15,16,17,18,19,20,23,24,25,26,27,28,29,30,31,32,33,34,39,40,42,43,81,89,90,91,92,93,113,114,115,116,184,188,199,212,213,214,215,216,217,218,219,220,221,222,223,224,225,226,227,228,229,264,279,287,294,300,307,317,344,345,346,347,348,397,398,
39;0;3524;3654;0;0,1,2,3,4,5,6,7,8,9,10,11,12,15,16,17,18,19,20,23,24,25,26,27,28,29,30,31,32,33,34,39,40,42,43,81,89,90,91,92,93,113,114,115,116,184,188,199,212,213,214,215,216,217,218,219,220,221,222,223,224,225,226,227,228,229,264,279,287,294,300,307,317,344,345,346,347,348,397,398,
39;1;3654;3774;0;0,1,2,3,4,5,6,7,8,9,10,11,12,15,16,17,18,19,20,23,24,25,26,27,28,29,30,31,32,33,34,39,40,42,43,81,89,90,91,92,93,113,114,115,116,184,188,199,212,213,214,215,216,217,218,219,220,221,222,223,224,225,226,227,228,229,264,279,287,294,300,307,317,344,345,346,347,348,397,398,
42;0;3774;3806;0;0,1,2,3,4,5,6,7,8,9,10,11,12,15,16,17,18,19,20,23,24,25,26,27,28,29,30,31,32,33,34,39,40,42,43,81,89,90,91,92,93,113,114,115,116,184,188,199,212,213,214,215,216,217,218,219,220,221,222,223,224,225,226,227,228,229,264,279,287,294,300,307,317,344,345,346,347,348,397,398,
42;1;3806;3931;0;0,1,2,3,4,5,6,7,8,9,10,11,12,15,16,17,18,19,20,23,24,25,26,27,28,29,30,31,32,33,34,39,40,42,43,81,89,90,91,92,93,113,114,115,116,184,188,199,212,213,214,215,216,217,218,219,220,221,222,223,224,225,226,227,228,229,264,279,287,294,300,307,317,344,345,346,347,348,397,398,
292;0;3931;3961;0;0,1,2,3,4,5,6,7,8,9,10,11,12,15,16,17,18,19,20,23,24,25,26,27,28,29,30,31,32,33,34,39,40,42,43,81,89,90,91,92,93,113,114,115,116,184,188,199,212,213,214,215,216,217,218,219,220,221,222,223,224,225,226,227,228,229,264,279,287,294,300,307,317,344,345,346,347,348,397,398,
292;1;3961;4140;0;0,1,2,3,4,5,6,7,8,9,10,11,12,15,16,17,18,19,20,23,24,25,26,27,28,29,30,31,32,33,34,39,40,42,43,81,89,90,91,92,93,113,114,115,116,184,188,199,212,213,214,215,216,217,218,219,220,221,222,223,224,225,226,227,228,229,264,279,287,294,300,307,317,344,345,346,347,348,397,398,
54;0;4140;4223;1;0,1,2,3,4,5,6,7,8,9,10,11,12,15,16,17,18,19,20,23,24,25,26,27,28,29,30,31,32,33,34,39,40,42,43,81,89,90,91,92,93,113,114,115,116,184,188,199,212,213,214,215,216,217,218,219,220,221,222,223,224,225,226,227,228,229,264,279,287,294,300,307,317,344,345,346,347,348,397,398,
54;1;4223;4264;1;0,1,2,3,4,5,6,7,8,9,10,11,12,15,16,17,18,19,20,23,24,25,26,27,28,29,30,31,32,33,34,39,40,42,43,81,89,90,91,92,93,113,114,115,116,184,188,199,212,213,214,215,216,217,218,219,220,221,222,223,224,225,226,227,228,229,264,279,287,294,300,307,317,344,345,346,347,348,397,398,
286;0;4264;4358;0;0,1,2,3,4,5,6,7,8,9,10,11,12,15,16,17,18,19,20,23,24,25,26,27,28,29,30,31,32,33,34,39,40,42,43,81,89,90,91,92,93,113,114,115,116,184,188,199,212,213,214,215,216,217,218,219,220,221,222,223,224,225,226,227,228,229,264,279,287,294,300,307,317,344,345,346,347,348,397,398,
82;0;4358;4527;0;0,1,2,3,4,5,6,7,8,9,10,11,12,15,16,17,18,19,20,23,24,25,26,27,28,29,30,31,32,33,34,39,40,42,43,81,89,90,91,92,93,113,114,115,116,184,188,199,212,213,214,215,216,217,218,219,220,221,222,223,224,225,226,227,228,229,264,279,287,294,300,307,317,344,345,346,347,348,397,398,
82;1;4527;4542;0;0,1,2,3,4,5,6,7,8,9,10,11,12,15,16,17,18,19,20,23,24,25,26,27,28,29,30,31,32,33,34,39,40,42,43,81,89,90,91,92,93,113,114,115,116,184,188,199,212,213,214,215,216,217,218,219,220,221,222,223,224,225,226,227,228,229,264,279,287,294,300,307,317,344,345,346,347,348,397,398,
16;0;4542;4636;0;0,1,2,3,4,5,6,7,8,9,10,11,12,15,16,17,18,19,20,23,24,25,26,27,28,29,30,31,32,33,34,39,40,42,43,81,89,90,91,92,93,113,114,115,116,184,188,199,212,213,214,215,216,217,218,219,220,221,222,223,224,225,226,227,228,229,264,279,287,294,300,307,317,344,345,346,347,348,397,398,
232;0;4636;4705;0;0,1,2,3,4,5,6,7,8,9,10,11,12,15,16,17,18,19,20,23,24,25,26,27,28,29,30,31,32,33,34,39,40,42,43,81,89,90,91,92,93,113,114,115,116,184,188,199,212,213,214,215,216,217,218,219,220,221,222,223,224,225,226,227,228,229,264,279,287,294,300,307,317,344,345,346,347,348,397,398,
232;1;4705;4862;0;0,1,2,3,4,5,6,7,8,9,10,11,12,15,16,17,18,19,20,23,24,25,26,27,28,29,30,31,32,33,34,39,40,42,43,81,89,90,91,92,93,113,114,115,116,184,188,199,212,213,214,215,216,217,218,219,220,221,222,223,224,225,226,227,228,229,264,279,287,294,300,307,317,344,345,346,347,348,397,398,
157;0;4862;5020;1;0,1,2,3,4,5,6,7,8,9,10,11,12,15,16,17,18,19,20,23,24,25,26,27,28,29,30,31,32,33,34,39,40,42,43,81,89,90,91,92,93,113,114,115,116,184,188,199,212,213,214,215,216,217,218,219,220,221,222,223,224,225,226,227,228,229,264,279,287,294,300,307,317,344,345,346,347,348,397,398,
157;1;5020;5056;1;0,1,2,3,4,5,6,7,8,9,10,11,12,15,16,17,18,19,20,23,24,25,26,27,28,29,30,31,32,33,34,39,40,42,43,81,89,90,91,92,93,113,114,115,116,184,188,199,212,213,214,215,216,217,218,219,220,221,222,223,224,225,226,227,228,229,264,279,287,294,300,307,317,344,345,346,347,348,397,398,
187;0;5056;5129;1;0,1,2,3,4,5,6,7,8,9,10,11,12,15,16,17,18,19,20,23,24,25,26,27,28,29,30,31,32,33,34,39,40,42,43,81,89,90,91,92,93,113,114,115,116,184,188,199,212,213,214,215,216,217,218,219,220,221,222,223,224,225,226,227,228,229,264,279,287,294,300,307,317,344,345,346,347,348,397,398,
187;1;5129;5280;1;0,1,2,3,4,5,6,7,8,9,10,11,12,15,16,17,18,19,20,23,24,25,26,27,28,29,30,31,32,33,34,39,40,42,43,81,89,90,91,92,93,113,114,115,116,184,188,199,212,213,214,215,216,217,218,219,220,221,222,223,224,225,226,227,228,229,264,279,287,294,300,307,317,344,345,346,347,348,397,398,
441;0;5280;5436;1;0,1,2,3,4,5,6,7,8,9,10,11,12,15,16,17,18,19,20,23,24,25,26,27,28,29,30,31,32,33,34,39,40,42,43,81,89,90,91,92,93,113,114,115,116,184,188,199,212,213,214,215,216,217,218,219,220,221,222,223,224,225,226,227,228,229,264,279,287,294,300,307,317,344,345,346,347,348,397,398,
279;0;5436;5596;0;0,1,2,3,4,5,6,7,8,9,10,11,12,15,16,17,18,19,20,23,24,25,26,27,28,29,30,31,32,33,34,39,40,42,43,81,89,90,91,92,93,113,114,115,116,184,188,199,212,213,214,215,216,217,218,219,220,221,222,223,224,225,226,227,228,229,264,279,287,294,300,307,317,344,345,346,347,348,397,398,
279;1;5596;5756;0;0,1,2,3,4,5,6,7,8,9,10,11,12,15,16,17,18,19,20,23,24,25,26,27,28,29,30,31,32,33,34,39,40,42,43,81,89,90,91,92,93,113,114,115,116,184,188,199,212,213,214,215,216,217,218,219,220,221,222,223,224,225,226,227,228,229,264,279,287,294,300,307,317,344,345,346,347,348,397,398,
172;0;5756;5766;0;0,1,2,3,4,5,6,7,8,9,10,11,12,15,16,17,18,19,20,23,24,25,26,27,28,29,30,31,32,33,34,39,40,42,43,81,89,90,91,92,93,113,114,115,116,184,188,199,212,213,214,215,216,217,218,219,220,221,222,223,224,225,226,227,228,229,264,279,287,294,300,307,317,344,345,346,347,348,397,398,
172;1;5766;5916;0;0,1,2,3,4,5,6,7,8,9,10,11,12,15,16,17,18,19,20,23,24,25,26,27,28,29,30,31,32,33,34,39,40,42,43,81,89,90,91,92,93,113,114,115,116,184,188,199,212,213,214,215,216,217,218,219,220,221,222,223,224,225,226,227,228,229,264,279,287,294,300,307,317,344,345,346,347,348,397,398,
314;0;5916;5936;1;0,1,2,3,4,5,6,7,8,9,10,11,12,15,16,17,18,19,20,23,24,25,26,27,28,29,30,31,32,33,34,39,40,42,43,81,89,90,91,92,93,113,114,115,116,184,188,199,212,213,214,215,216,217,218,219,220,221,222,223,224,225,226,227,228,229,264,279,287,294,300,307,317,344,345,346,347,348,397,398,
314;1;5936;5984;1;0,1,2,3,4,5,6,7,8,9,10,11,12,15,16,17,18,19,20,23,24,25,26,27,28,29,30,31,32,33,34,39,40,42,43,81,89,90,91,92,93,113,114,115,116,184,188,199,212,213,214,215,216,217,218,219,220,221,222,223,224,225,226,227,228,229,264,279,287,294,300,307,317,344,345,346,347,348,397,398,
227;0;5984;6118;1;0,1,2,3,4,5,6,7,8,9,10,11,12,15,16,17,18,19,20,23,24,25,26,27,28,29,30,31,32,33,34,39,40,42,43,81,89,90,91,92,93,113,114,115,116,184,188,199,212,213,214,215,216,217,218,219,220,221,222,223,224,225,226,227,228,229,264,279,287,294,300,307,317,344,345,346,347,348,397,398,
227;1;6118;6269;1;0,1,2,3,4,5,6,7,8,9,10,11,12,15,16,17,18,19,20,23,24,25,26,27,28,29,30,31,32,33,34,39,40,42,43,81,89,90,91,92,93,113,114,115,116,184,188,199,212,213,214,215,216,217,218,219,220,221,222,223,224,225,226,227,228,229,264,279,287,294,300,307,317,344,345,346,347,348,397,398,
404;0;6269;6365;1;0,1,2,3,4,5,6,7,8,9,10,11,12,15,16,17,18,19,20,23,24,25,26,27,28,29,30,31,32,33,34,39,40,42,43,81,89,90,91,92,93,113,114,115,116,184,188,199,212,213,214,215,216,217,218,219,220,221,222,223,224,225,226,227,228,229,264,279,287,294,300,307,317,344,345,346,347,348,397,398,
404;1;6365;6406;1;0,1,2,3,4,5,6,7,8,9,10,11,12,15,16,17,18,19,20,23,24,25,26,27,28,29,30,31,32,33,34,39,40,42,43,81,89,90,91,92,93,113,114,115,116,184,188,199,212,213,214,215,216,217,218,219,220,221,222,223,224,225,226,227,228,229,264,279,287,294,300,307,317,344,345,346,347,348,397,398,
50;0;6406;6576;1;0,1,2,3,4,5,6,7,8,9,10,11,12,15,16,17,18,19,20,23,24,25,26,27,28,29,30,31,32,33,34,39,40,42,43,81,89,90,91,93,113,114,115,116,184,188,199,212,222,223,224,225,226,227,228,229,264,279,287,288,289,290,291,292,293,294,295,296,297,298,328,329,330,331,344,345,346,347,348,402,
158;0;6576;6736;0;0,1,2,3,4,5,6,7,8,9,10,11,12,15,16,17,18,19,20,23,24,25,26,27,28,29,30,31,32,33,34,39,40,42,43,81,89,90,91,93,113,114,115,116,184,188,199,212,222,223,224,225,226,227,228,229,264,279,287,288,289,290,291,292,293,294,295,296,297,298,328,329,330,331,344,345,346,347,348,402,
276;0;6736;6772;0;0,1,2,3,4,5,6,7,8,9,10,11,12,15,16,17,18,19,20,23,24,25,26,27,28,29,30,31,32,33,34,39,40,42,43,81,89,90,91,93,113,114,115,116,184,188,199,212,222,223,224,225,226,227,228,229,264,279,287,288,289,290,291,292,293,294,295,296,297,298,328,329,330,331,344,345,346,347,348,402,
105;0;6772;6919;0;0,1,2,3,4,5,6,7,8,9,10,11,12,15,16,17,18,19,20,23,24,25,26,27,28,29,30,31,32,33,34,39,40,42,43,81,89,90,91,93,113,114,115,116,184,188,199,212,222,223,224,225,226,227,228,229,264,279,287,288,289,290,291,292,293,294,295,296,297,298,328,329,330,331,344,345,346,347,348,402,
353;0;6919;6999;1;0,1,2,3,4,5,6,7,8,9,10,11,12,15,16,17,18,19,20,23,24,25,26,27,28,29,30,31,32,33,34,39,40,42,43,81,89,90,91,93,113,114,115,116,184,188,199,212,222,223,224,225,226,227,228,229,264,279,287,288,289,290,291,292,293,294,295,296,297,298,328,329,330,331,344,345,346,347,348,402,
317;0;6999;7085;1;0,1,2,3,4,5,6,7,8,9,10,11,12,15,16,17,18,19,20,23,24,25,26,27,28,29,30,31,32,33,34,39,40,42,43,81,89,90,91,93,113,114,115,116,184,188,199,212,222,223,224,225,226,227,228,229,264,279,287,288,289,290,291,292,293,294,295,296,297,298,328,329,330,331,344,345,346,347,348,402,
317;1;7085;7093;1;0,1,2,3,4,5,6,7,8,9,10,11,12,15,16,17,18,19,20,23,24,25,26,27,28,29,30,31,32,33,34,39,40,42,43,81,89,90,91,93,113,114,115,116,184,188,199,212,222,223,224,225,226,227,228,229,264,279,287,288,289,290,291,292,293,294,295,296,297,298,328,329,330,331,344,345,346,347,348,402,
309;0;7093;7191;0;0,1,2,3,4,5,6,7,8,9,10,11,12,15,16,17,18,19,20,23,24,25,26,27,28,29,30,31,32,33,34,39,40,42,43,81,89,90,91,93,113,114,115,116,184,188,199,212,222,223,224,225,226,227,228,229,264,279,287,288,289,290,291,292,293,294,295,296,297,298,328,329,330,331,344,345,346,347,348,402,
309;1;7191;7322;0;0,1,2,3,4,5,6,7,8,9,10,11,12,15,16,17,18,19,20,23,24,25,26,27,28,29,30,31,32,33,34,39,40,42,43,81,89,90,91,93,113,114,115,116,184,188,199,212,222,223,224,225,226,227,228,229,264,279,287,288,289,290,291,292,293,294,295,296,297,298,328,329,330,331,344,345,346,347,348,402,
85;0;7322;7453;0;0,1,2,3,4,5,6,7,8,9,10,11,12,15,16,17,18,19,20,23,24,25,26,27,28,29,30,31,32,33,34,39,40,42,43,81,89,90,91,93,113,114,115,116,184,188,199,212,222,223,224,225,226,227,228,229,264,279,287,288,289,290,291,292,293,294,295,296,297,298,328,329,330,331,344,345,346,347,348,402,
135;0;7453;7578;0;0,1,2,3,4,5,6,7,8,9,10,11,12,15,16,17,18,19,20,23,24,25,26,27,28,29,30,31,32,33,34,39,40,42,43,81,89,90,91,93,113,114,115,116,184,188,199,212,222,223,224,225,226,227,228,229,264,279,287,288,289,290,291,292,293,294,295,296,297,298,328,329,330,331,344,345,346,347,348,402,
255;0;7578;7698;0;0,1,2,3,4,5,6,7,8,9,10,11,12,15,16,17,18,19,20,23,24,25,26,27,28,29,30,31,32,33,34,39,40,42,43,81,89,90,91,93,113,114,115,116,184,188,199,212,222,223,224,225,226,227,228,229,264,279,287,288,289,290,291,292,293,294,295,296,297,298,328,329,330,331,344,345,346,347,348,402,
246;0;7698;7827;0;0,1,2,3,4,5,6,7,8,9,10,11,12,15,16,17,18,19,20,23,24,25,26,27,28,29,30,31,32,33,34,39,40,42,43,81,89,90,91,93,113,114,115,116,184,188,199,212,222,223,224,225,226,227,228,229,264,279,287,288,289,290,291,292,293,294,295,296,297,298,328,329,330,331,344,345,346,347,348,402,
95;0;7827;7917;0;0,1,2,3,4,5,6,7,8,9,10,11,12,15,16,17,18,19,20,23,24,25,26,27,28,29,30,31,32,33,34,39,40,42,43,81,89,90,91,93,113,114,115,116,184,188,199,212,222,223,224,225,226,227,228,229,264,279,287,288,289,290,291,292,293,294,295,296,297,298,328,329,330,331,344,345,346,347,348,402,
280;0;7917;8037;1;0,1,2,3,4,5,6,7,8,9,10,11,12,15,16,17,18,19,20,23,24,25,26,27,28,29,30,31,32,33,34,39,40,42,43,81,89,90,91,93,113,114,115,116,184,188,199,212,222,223,224,225,226,227,228,229,264,279,287,288,289,290,291,292,293,294,295,296,297,298,328,329,330,331,344,345,346,347,348,402,
445;0;8037;8057;0;0,1,2,3,4,5,6,7,8,9,10,11,12,15,16,17,18,19,20,23,24,25,26,27,28,29,30,31,32,33,34,39,40,42,43,81,89,90,91,93,113,114,115,116,184,188,199,212,222,223,224,225,226,227,228,229,264,279,287,288,289,290,291,292,293,294,295,296,297,298,328,329,330,331,344,345,346,347,348,402,
18;0;8057;8062;0;0,1,2,3,4,5,6,7,8,9,10,11,12,15,16,17,18,19,20,23,24,25,26,27,28,29,30,31,32,33,34,39,40,42,43,81,89,90,91,93,113,114,115,116,184,188,199,212,222,223,224,225,226,227,228,229,264,279,287,288,289,290,291,292,293,294,295,296,297,298,328,329,330,331,344,345,346,347,348,402,
150;0;8062;8241;1;0,1,2,3,4,5,6,7,8,9,10,11,12,15,16,17,18,19,20,23,24,25,26,27,28,29,30,31,32,33,34,39,40,42,43,81,89,90,91,93,113,114,115,116,184,188,199,212,222,223,224,225,226,227,228,229,264,279,287,288,289,290,291,292,293,294,295,296,297,298,328,329,330,331,344,345,346,347,348,402,
110;0;8241;8420;1;0,1,2,3,4,5,6,7,8,9,10,11,12,15,16,17,18,19,20,23,24,25,26,27,28,29,30,31,32,33,34,39,40,42,43,81,89,90,91,93,113,114,115,116,184,188,199,212,222,223,224,225,226,227,228,229,264,279,287,288,289,290,291,292,293,294,295,296,297,298,328,329,330,331,344,345,346,347,348,402,
428;0;8420;8430;0;0,1,2,3,4,5,6,7,8,9,10,11,12,15,16,17,18,19,20,23,24,25,26,27,28,29,30,31,32,33,34,39,40,42,43,81,89,90,91,93,113,114,115,116,184,188,199,212,222,223,224,225,226,227,228,229,264,279,287,288,289,290,291,292,293,294,295,296,297,298,328,329,330,331,344,345,346,347,348,402,
419;0;8430;8455;0;0,1,2,3,4,5,6,7,8,9,10,11,12,15,16,17,18,19,20,23,24,25,26,27,28,29,30,31,32,33,34,39,40,42,43,81,89,90,91,93,113,114,115,116,184,188,199,212,222,223,224,225,226,227,228,229,264,279,287,288,289,290,291,292,293,294,295,296,297,298,328,329,330,331,344,345,346,347,348,402,
419;1;8455;8535;0;0,1,2,3,4,5,6,7,8,9,10,11,12,15,16,17,18,19,20,23,24,25,26,27,28,29,30,31,32,33,34,39,40,42,43,81,89,90,91,93,113,114,115,116,184,188,199,212,222,223,224,225,226,227,228,229,264,279,287,288,289,290,291,292,293,294,295,296,297,298,328,329,330,331,344,345,346,347,348,402,
203;0;8535;8615;1;0,1,2,3,4,5,6,7,8,9,10,11,12,15,16,17,18,19,20,23,24,25,26,27,28,29,30,31,32,33,34,39,40,42,43,81,89,90,91,93,113,114,115,116,184,188,199,212,222,223,224,225,226,227,228,229,264,279,287,288,289,290,291,292,293,294,295,296,297,298,328,329,330,331,344,345,346,347,348,402,
52;0;8615;8643;0;0,1,2,3,4,5,6,7,8,9,10,11,12,15,16,17,18,19,20,23,24,25,26,27,28,29,30,31,32,33,34,39,40,42,43,81,89,90,91,93,113,114,115,116,184,188,199,212,222,223,224,225,226,227,228,229,264,279,287,288,289,290,291,292,293,294,295,296,297,298,328,329,330,331,344,345,346,347,348,402,
52;1;8643;8679;0;0,1,2,3,4,5,6,7,8,9,10,11,12,15,16,17,18,19,20,23,24,25,26,27,28,29,30,31,32,33,34,39,40,42,43,81,89,90,91,93,113,114,115,116,184,188,199,212,222,223,224,225,226,227,228,229,264,279,287,288,289,290,291,292,293,294,295,296,297,298,328,329,330,331,344,345,346,347,348,402,
299;0;8679;8784;0;0,1,2,3,4,5,6,7,8,9,10,11,12,15,16,17,18,19,20,23,24,25,26,27,28,29,30,31,32,33,34,39,40,42,43,81,89,90,91,93,113,114,115,116,184,188,199,212,222,223,224,225,226,227,228,229,264,279,287,288,289,290,291,292,293,294,295,296,297,298,328,329,330,331,344,345,346,347,348,402,
299;1;8784;8830;0;0,1,2,3,4,5,6,7,8,9,10,11,12,15,16,17,18,19,20,23,24,25,26,27,28,29,30,31,32,33,34,39,40,42,43,81,89,90,91,93,113,114,115,116,184,188,199,212,222,223,224,225,226,227,228,229,264,279,287,288,289,290,291,292,293,294,295,296,297,298,328,329,330,331,344,345,346,347,348,402,
213;0;8830;8866;1;0,1,2,3,4,5,6,7,8,9,10,11,12,15,16,17,18,19,20,23,24,25,26,27,28,29,30,31,32,33,34,39,40,42,43,81,89,90,91,93,113,114,115,116,184,188,199,212,222,223,224,225,226,227,228,229,264,279,287,288,289,290,291,292,293,294,295,296,297,298,328,329,330,331,344,345,346,347,348,402,
265;0;8866;8921;0;0,1,2,3,4,5,6,7,8,9,10,11,12,15,16,17,18,19,20,23,24,25,26,27,28,29,30,31,32,33,34,39,40,42,43,81,89,90,91,93,113,114,115,116,184,188,199,212,222,223,224,225,226,227,228,229,264,279,287,288,289,290,291,292,293,294,295,296,297,298,328,329,330,331,344,345,346,347,348,402,
40;0;8921;8950;1;0,1,2,3,4,5,6,7,8,9,10,11,12,15,16,17,18,19,20,23,24,25,26,27,28,29,30,31,32,33,34,39,40,42,43,81,89,90,91,93,113,114,115,116,184,188,199,212,222,223,224,225,226,227,228,229,264,279,287,288,289,290,291,292,293,294,295,296,297,298,328,329,330,331,344,345,346,347,348,402,
END
fineshedJobsCount: 628
switchs: 334
switchsInstances: 12
unfineshedPriorityCount: 0
totalUnfineshed: 1
criticalMachineSwitchs: 29
criticalMachineTime: 9788
Final Solution: 18386
Time: 1117175
PTL: 496
MCMC: 177
Best Initial: 15948
Mean Initial: 15572.2
