./input/BaseInstances/6M1/n=1201,r=0.6,t=1525,v0.txt;
7;720;1440
Machine: 0
0;0;0;230;1;0,1,2,3,4,5,6,7,8,9,10,11,12,13,14,15,16,59,63,67,70,72,77,105,150,156,157,196,223,224,225,226,227,228,229,230,231,232,233,234,235,236,237,238,239,240,241,242,243,244,270,271,272,273,274,275,276,277,278,279,280,281,282,283,284,285,286,287,288,289,290,291,292,293,294,295,296,299,543,943,
0;1;230;405;1;0,1,2,3,4,5,6,7,8,9,10,11,12,13,14,15,16,59,63,67,70,72,77,105,150,156,157,196,223,224,225,226,227,228,229,230,231,232,233,234,235,236,237,238,239,240,241,242,243,244,270,271,272,273,274,275,276,277,278,279,280,281,282,283,284,285,286,287,288,289,290,291,292,293,294,295,296,299,543,943,
67;0;405;460;0;0,1,2,3,4,5,6,7,8,9,10,11,12,13,14,15,16,59,63,67,70,72,77,105,150,156,157,196,223,224,225,226,227,228,229,230,231,232,233,234,235,236,237,238,239,240,241,242,243,244,270,271,272,273,274,275,276,277,278,279,280,281,282,283,284,285,286,287,288,289,290,291,292,293,294,295,296,299,543,943,
39;0;460;615;1;0,1,2,3,4,5,6,7,8,9,10,11,12,13,14,15,16,59,63,67,70,72,77,105,150,156,157,196,223,224,225,226,227,228,229,230,231,232,233,234,235,236,237,238,239,240,241,242,243,244,270,271,272,273,274,275,276,277,278,279,280,281,282,283,284,285,286,287,288,289,290,291,292,293,294,295,296,299,543,943,
39;1;615;619;1;0,1,2,3,4,5,6,7,8,9,10,11,12,13,14,15,16,59,63,67,70,72,77,105,150,156,157,196,223,224,225,226,227,228,229,230,231,232,233,234,235,236,237,238,239,240,241,242,243,244,270,271,272,273,274,275,276,277,278,279,280,281,282,283,284,285,286,287,288,289,290,291,292,293,294,295,296,299,543,943,
146;0;619;750;1;0,1,2,3,4,5,6,7,8,9,10,11,12,13,14,15,16,59,63,67,70,72,77,105,150,156,157,196,223,224,225,226,227,228,229,230,231,232,233,234,235,236,237,238,239,270,271,272,273,274,275,276,277,278,279,280,281,282,283,284,285,286,287,288,289,290,291,292,293,294,295,296,299,543,943,960,961,962,963,964,
146;1;750;826;1;0,1,2,3,4,5,6,7,8,9,10,11,12,13,14,15,16,59,63,67,70,72,77,105,150,156,157,196,223,224,225,226,227,228,229,230,231,232,233,234,235,236,237,238,239,270,271,272,273,274,275,276,277,278,279,280,281,282,283,284,285,286,287,288,289,290,291,292,293,294,295,296,299,543,943,960,961,962,963,964,
141;0;826;953;1;0,1,2,3,4,5,6,7,8,9,10,11,12,13,14,15,16,59,63,67,70,72,77,105,150,156,157,196,223,224,225,226,227,228,229,230,231,232,233,234,235,236,237,238,239,270,271,272,273,274,275,276,277,278,279,280,281,282,283,284,285,286,287,288,289,290,291,292,293,294,295,296,299,543,943,960,961,962,963,964,
141;1;953;997;1;0,1,2,3,4,5,6,7,8,9,10,11,12,13,14,15,16,59,63,67,70,72,77,105,150,156,157,196,223,224,225,226,227,228,229,230,231,232,233,234,235,236,237,238,239,270,271,272,273,274,275,276,277,278,279,280,281,282,283,284,285,286,287,288,289,290,291,292,293,294,295,296,299,543,943,960,961,962,963,964,
338;0;997;1105;0;0,1,2,3,4,5,6,7,8,9,10,11,12,13,14,15,16,59,63,67,70,72,77,105,150,156,157,196,223,224,225,226,227,228,229,230,231,232,233,234,235,236,237,238,239,270,271,272,273,274,275,276,277,278,279,280,281,282,283,284,285,286,287,288,289,290,291,292,293,294,295,296,299,543,943,960,961,962,963,964,
338;1;1105;1158;0;0,1,2,3,4,5,6,7,8,9,10,11,12,13,14,15,16,59,63,67,70,72,77,105,150,156,157,196,223,224,225,226,227,228,229,230,231,232,233,234,235,236,237,238,239,270,271,272,273,274,275,276,277,278,279,280,281,282,283,284,285,286,287,288,289,290,291,292,293,294,295,296,299,543,943,960,961,962,963,964,
313;0;1158;1354;0;0,1,2,3,4,5,6,7,8,9,10,11,12,13,14,15,16,59,63,67,70,72,77,105,150,156,157,196,223,224,225,226,227,228,229,230,231,232,233,234,235,236,237,238,239,270,271,272,273,274,275,276,277,278,279,280,281,282,283,284,285,286,287,288,289,290,291,292,293,294,295,296,299,543,943,960,961,962,963,964,
313;1;1354;1427;0;0,1,2,3,4,5,6,7,8,9,10,11,12,13,14,15,16,59,63,67,70,72,77,105,150,156,157,196,223,224,225,226,227,228,229,230,231,232,233,234,235,236,237,238,239,270,271,272,273,274,275,276,277,278,279,280,281,282,283,284,285,286,287,288,289,290,291,292,293,294,295,296,299,543,943,960,961,962,963,964,
381;0;1427;1602;1;0,1,2,3,4,5,6,7,8,9,10,11,12,13,14,15,16,59,63,67,70,72,77,105,150,156,157,196,223,224,225,226,227,228,229,230,231,232,233,234,235,236,237,238,239,270,271,272,273,274,275,276,277,278,279,280,281,282,283,284,285,286,287,288,289,290,291,292,293,294,295,296,299,543,943,960,961,962,963,964,
381;1;1602;1722;1;0,1,2,3,4,5,6,7,8,9,10,11,12,13,14,15,16,59,63,67,70,72,77,105,150,156,157,196,223,224,225,226,227,228,229,230,231,232,233,234,235,236,237,238,239,270,271,272,273,274,275,276,277,278,279,280,281,282,283,284,285,286,287,288,289,290,291,292,293,294,295,296,299,543,943,960,961,962,963,964,
497;0;1722;1777;0;0,1,2,3,4,5,6,7,8,9,10,11,12,13,14,15,16,59,63,67,70,72,77,105,150,156,157,196,223,224,225,226,227,228,229,230,231,232,233,234,235,236,237,238,239,270,271,272,273,274,275,276,277,278,279,280,281,282,283,284,285,286,287,288,289,290,291,292,293,294,295,296,299,543,943,960,961,962,963,964,
717;0;1777;1832;0;0,1,2,3,4,5,6,7,8,9,10,11,12,13,14,15,16,59,63,67,70,72,77,105,150,156,157,196,223,224,225,226,227,228,229,230,231,232,233,234,235,236,237,238,239,270,271,272,273,274,275,276,277,278,279,280,281,282,283,284,285,286,287,288,289,290,291,292,293,294,295,296,299,543,943,960,961,962,963,964,
17;0;1832;1915;0;0,1,2,3,4,5,6,7,8,9,10,11,12,13,14,15,16,59,63,67,70,72,77,105,150,156,157,196,223,224,225,226,227,228,229,230,231,232,233,234,235,236,237,238,239,270,271,272,273,274,275,276,277,278,279,280,281,282,283,284,285,286,287,288,289,290,291,292,293,294,295,296,299,543,943,960,961,962,963,964,
291;0;1915;2169;1;0,1,2,3,4,5,6,7,8,9,10,11,59,63,67,70,72,77,105,138,150,156,157,196,223,224,225,226,227,228,229,230,231,232,233,234,235,236,237,238,239,270,271,272,273,274,275,276,277,278,279,280,281,282,283,284,285,286,287,288,289,290,291,292,293,294,295,296,346,382,650,651,652,653,654,655,943,960,961,964,
291;1;2169;2340;1;0,1,2,3,4,5,6,7,8,9,10,11,59,63,67,70,72,77,105,138,150,156,157,196,223,224,225,226,227,228,229,230,231,232,233,234,235,236,237,238,239,270,271,272,273,274,275,276,277,278,279,280,281,282,283,284,285,286,287,288,289,290,291,292,293,294,295,296,346,382,650,651,652,653,654,655,943,960,961,964,
54;0;2340;2563;1;0,1,2,3,4,5,6,7,8,9,10,11,59,63,67,70,72,77,105,138,150,156,157,196,223,224,225,226,227,228,229,230,231,232,233,234,235,236,237,238,239,270,271,272,273,274,275,276,277,278,279,280,281,282,283,284,285,286,287,288,289,290,291,292,293,294,295,296,346,382,650,651,652,653,654,655,943,960,961,964,
54;1;2563;2695;1;0,1,2,3,4,5,6,7,8,9,10,11,59,63,67,70,72,77,105,138,150,156,157,196,223,224,225,226,227,228,229,230,231,232,233,234,235,236,237,238,239,270,271,272,273,274,275,276,277,278,279,280,281,282,283,284,285,286,287,288,289,290,291,292,293,294,295,296,346,382,650,651,652,653,654,655,943,960,961,964,
451;0;2695;2876;1;0,1,2,3,4,5,6,7,8,9,10,11,59,63,67,70,72,77,105,138,150,156,157,196,223,224,225,226,227,228,229,230,231,232,233,234,235,236,237,238,239,270,271,272,273,274,275,276,277,278,279,280,281,282,283,284,285,286,287,288,289,290,291,292,293,294,295,296,346,382,650,651,652,653,654,655,943,960,961,964,
451;1;2876;2974;1;0,1,2,3,4,5,6,7,8,9,10,11,59,63,67,70,72,77,105,138,150,156,157,196,223,224,225,226,227,228,229,230,231,232,233,234,235,236,237,238,239,270,271,272,273,274,275,276,277,278,279,280,281,282,283,284,285,286,287,288,289,290,291,292,293,294,295,296,346,382,650,651,652,653,654,655,943,960,961,964,
530;0;2974;3057;0;0,1,2,3,4,5,6,7,8,9,10,11,59,63,67,70,72,77,105,138,150,156,157,196,223,224,225,226,227,228,229,230,231,232,233,234,235,236,237,238,239,270,271,272,273,274,275,276,277,278,279,280,281,282,283,284,285,286,287,288,289,290,291,292,293,294,295,296,346,382,650,651,652,653,654,655,943,960,961,964,
268;0;3057;3229;0;0,1,2,3,4,5,7,9,56,59,63,67,70,72,77,92,105,138,150,156,157,196,223,224,225,226,227,228,229,230,231,232,233,234,235,236,237,238,239,270,271,272,273,274,275,276,277,278,279,280,281,282,283,284,285,286,287,288,289,290,291,292,293,294,295,296,346,382,400,442,654,692,943,960,961,964,1027,1179,1180,1181,
268;1;3229;3281;0;0,1,2,3,4,5,7,9,56,59,63,67,70,72,77,92,105,138,150,156,157,196,223,224,225,226,227,228,229,230,231,232,233,234,235,236,237,238,239,270,271,272,273,274,275,276,277,278,279,280,281,282,283,284,285,286,287,288,289,290,291,292,293,294,295,296,346,382,400,442,654,692,943,960,961,964,1027,1179,1180,1181,
666;0;3281;3378;1;0,1,2,3,4,5,7,9,56,59,63,67,70,72,77,92,105,138,150,156,157,196,223,224,225,226,227,228,229,230,231,232,233,234,235,236,237,238,239,270,271,272,273,274,275,276,277,278,279,280,281,282,283,284,285,286,287,288,289,290,291,292,293,294,295,296,346,382,400,442,654,692,943,960,961,964,1027,1179,1180,1181,
666;1;3378;3392;1;0,1,2,3,4,5,7,9,56,59,63,67,70,72,77,92,105,138,150,156,157,196,223,224,225,226,227,228,229,230,231,232,233,234,235,236,237,238,239,270,271,272,273,274,275,276,277,278,279,280,281,282,283,284,285,286,287,288,289,290,291,292,293,294,295,296,346,382,400,442,654,692,943,960,961,964,1027,1179,1180,1181,
606;0;3392;3490;1;0,1,2,3,4,5,7,56,59,63,67,70,72,92,105,138,150,156,157,176,196,223,224,225,226,227,228,229,230,231,232,233,234,235,236,237,238,239,270,271,272,276,277,279,282,286,346,382,442,654,692,847,914,943,960,961,964,991,1191,1200,1410,1411,1412,1413,1414,1415,1416,1417,1418,1419,1420,1421,1422,1423,1424,1425,1426,1427,1428,1429,
606;1;3490;3526;1;0,1,2,3,4,5,7,56,59,63,67,70,72,92,105,138,150,156,157,176,196,223,224,225,226,227,228,229,230,231,232,233,234,235,236,237,238,239,270,271,272,276,277,279,282,286,346,382,442,654,692,847,914,943,960,961,964,991,1191,1200,1410,1411,1412,1413,1414,1415,1416,1417,1418,1419,1420,1421,1422,1423,1424,1425,1426,1427,1428,1429,
229;0;3526;3747;1;0,1,2,3,4,56,59,63,67,70,72,92,105,110,138,150,156,157,196,223,224,225,226,227,228,229,230,231,232,233,234,235,236,237,238,239,270,271,272,276,277,282,286,346,396,414,415,442,860,943,960,964,1112,1155,1156,1157,1158,1159,1387,1388,1389,1390,1391,1392,1393,1394,1395,1396,1397,1398,1399,1400,1401,1402,1403,1404,1405,1406,1407,1408,
229;1;3747;3813;1;0,1,2,3,4,56,59,63,67,70,72,92,105,110,138,150,156,157,196,223,224,225,226,227,228,229,230,231,232,233,234,235,236,237,238,239,270,271,272,276,277,282,286,346,396,414,415,442,860,943,960,964,1112,1155,1156,1157,1158,1159,1387,1388,1389,1390,1391,1392,1393,1394,1395,1396,1397,1398,1399,1400,1401,1402,1403,1404,1405,1406,1407,1408,
559;0;3813;3977;1;0,1,2,3,4,56,59,63,67,70,72,92,105,110,138,150,156,157,196,223,224,225,226,227,228,229,230,231,232,233,234,235,236,237,238,239,270,271,272,276,277,282,286,346,396,414,415,442,860,943,960,964,1112,1155,1156,1157,1158,1159,1387,1388,1389,1390,1391,1392,1393,1394,1395,1396,1397,1398,1399,1400,1401,1402,1403,1404,1405,1406,1407,1408,
559;1;3977;4112;1;0,1,2,3,4,56,59,63,67,70,72,92,105,110,138,150,156,157,196,223,224,225,226,227,228,229,230,231,232,233,234,235,236,237,238,239,270,271,272,276,277,282,286,346,396,414,415,442,860,943,960,964,1112,1155,1156,1157,1158,1159,1387,1388,1389,1390,1391,1392,1393,1394,1395,1396,1397,1398,1399,1400,1401,1402,1403,1404,1405,1406,1407,1408,
466;0;4112;4316;1;0,1,2,3,4,56,59,63,67,70,72,92,105,110,138,150,156,157,196,223,224,225,226,227,228,229,230,231,232,233,234,235,236,237,238,239,270,271,272,276,277,282,286,346,396,414,415,442,860,943,960,964,1112,1155,1156,1157,1158,1159,1387,1388,1389,1390,1391,1392,1393,1394,1395,1396,1397,1398,1399,1400,1401,1402,1403,1404,1405,1406,1407,1408,
466;1;4316;4365;1;0,1,2,3,4,56,59,63,67,70,72,92,105,110,138,150,156,157,196,223,224,225,226,227,228,229,230,231,232,233,234,235,236,237,238,239,270,271,272,276,277,282,286,346,396,414,415,442,860,943,960,964,1112,1155,1156,1157,1158,1159,1387,1388,1389,1390,1391,1392,1393,1394,1395,1396,1397,1398,1399,1400,1401,1402,1403,1404,1405,1406,1407,1408,
650;0;4365;4520;0;0,1,2,3,4,56,59,63,67,70,72,92,105,110,138,150,156,157,196,223,224,225,226,227,228,229,230,231,232,233,234,235,236,237,238,239,270,271,272,276,277,282,286,346,396,414,415,442,860,943,960,964,1112,1155,1156,1157,1158,1159,1387,1388,1389,1390,1391,1392,1393,1394,1395,1396,1397,1398,1399,1400,1401,1402,1403,1404,1405,1406,1407,1408,
248;0;4520;4624;0;0,1,2,3,4,56,59,63,67,70,72,92,105,110,138,150,156,157,196,223,224,225,226,227,228,229,230,231,232,233,234,235,236,237,238,239,270,271,272,276,277,282,286,346,396,414,415,442,860,943,960,964,1112,1126,1135,1137,1155,1156,1157,1158,1159,1227,1228,1229,1230,1387,1388,1389,1390,1391,1392,1393,1394,1395,1396,1397,1398,1399,1400,1401,
248;1;4624;4699;0;0,1,2,3,4,56,59,63,67,70,72,92,105,110,138,150,156,157,196,223,224,225,226,227,228,229,230,231,232,233,234,235,236,237,238,239,270,271,272,276,277,282,286,346,396,414,415,442,860,943,960,964,1112,1126,1135,1137,1155,1156,1157,1158,1159,1227,1228,1229,1230,1387,1388,1389,1390,1391,1392,1393,1394,1395,1396,1397,1398,1399,1400,1401,
228;0;4699;4766;0;0,1,2,3,4,51,56,59,63,67,70,72,87,92,105,110,138,143,150,156,157,196,198,223,224,225,226,227,228,229,230,231,232,233,234,235,236,237,238,239,270,271,272,276,277,282,286,346,371,396,401,414,415,442,802,803,804,805,806,807,808,809,810,860,943,960,964,1112,1126,1135,1137,1155,1156,1157,1158,1159,1227,1228,1229,1230,
228;1;4766;4818;0;0,1,2,3,4,51,56,59,63,67,70,72,87,92,105,110,138,143,150,156,157,196,198,223,224,225,226,227,228,229,230,231,232,233,234,235,236,237,238,239,270,271,272,276,277,282,286,346,371,396,401,414,415,442,802,803,804,805,806,807,808,809,810,860,943,960,964,1112,1126,1135,1137,1155,1156,1157,1158,1159,1227,1228,1229,1230,
324;0;4818;4976;1;0,1,2,3,4,51,56,59,63,67,70,72,87,92,105,110,138,143,150,156,157,196,198,223,224,225,226,227,228,229,230,231,232,233,234,235,236,237,238,239,270,271,272,276,277,282,286,346,371,396,401,414,415,442,802,803,804,805,806,807,808,809,810,860,943,960,964,1112,1126,1135,1137,1155,1156,1157,1158,1159,1227,1228,1229,1230,
324;1;4976;5105;1;0,2,3,4,44,51,52,54,59,63,67,70,72,79,81,83,84,85,86,87,88,89,90,91,92,105,138,150,156,157,196,223,224,225,226,227,228,229,230,231,232,233,234,235,236,237,238,239,271,272,282,286,442,696,960,964,1011,1126,1127,1128,1129,1130,1131,1132,1133,1134,1135,1136,1137,1138,1139,1140,1141,1142,1143,1144,1227,1228,1229,1230,
358;0;5105;5165;0;0,2,3,4,44,51,52,54,59,63,67,70,72,79,81,83,84,85,86,87,88,89,90,91,92,105,138,150,156,157,196,223,224,225,226,227,228,229,230,231,232,233,234,235,236,237,238,239,271,272,282,286,442,696,960,964,1011,1126,1127,1128,1129,1130,1131,1132,1133,1134,1135,1136,1137,1138,1139,1140,1141,1142,1143,1144,1227,1228,1229,1230,
358;1;5165;5196;0;0,2,3,4,44,51,52,54,59,63,67,70,72,79,81,83,84,85,86,87,88,89,90,91,92,105,138,150,156,157,196,223,224,225,226,227,228,229,230,231,232,233,234,235,236,237,238,239,271,272,282,286,442,696,960,964,1011,1126,1127,1128,1129,1130,1131,1132,1133,1134,1135,1136,1137,1138,1139,1140,1141,1142,1143,1144,1227,1228,1229,1230,
179;0;5196;5455;1;0,2,3,4,44,51,52,54,59,63,67,70,72,79,81,83,84,85,86,87,88,89,90,91,92,105,138,150,156,157,196,223,224,225,226,227,228,229,230,231,232,233,234,235,236,237,238,239,271,272,282,286,442,696,960,964,1011,1126,1127,1128,1129,1130,1131,1132,1133,1134,1135,1136,1137,1138,1139,1140,1141,1142,1143,1144,1227,1228,1229,1230,
179;1;5455;5566;1;0,2,3,4,44,51,52,54,59,63,67,70,72,79,81,83,84,85,86,87,88,89,90,91,92,105,138,150,156,157,196,223,224,225,226,227,228,229,230,231,232,233,234,235,236,237,238,239,271,272,282,286,442,696,960,964,1011,1126,1127,1128,1129,1130,1131,1132,1133,1134,1135,1136,1137,1138,1139,1140,1141,1142,1143,1144,1227,1228,1229,1230,
376;0;5566;5741;1;0,2,3,4,44,51,52,54,59,63,67,70,72,79,81,83,84,85,86,87,88,89,90,91,92,105,138,150,156,157,196,223,224,225,226,227,228,229,230,231,232,233,234,235,236,237,238,239,271,272,282,286,442,696,960,964,1011,1126,1127,1128,1129,1130,1131,1132,1133,1134,1135,1136,1137,1138,1139,1140,1141,1142,1143,1144,1227,1228,1229,1230,
376;1;5741;5850;1;0,2,3,4,44,51,52,54,59,63,67,70,72,79,81,83,84,85,86,87,88,89,90,91,92,105,138,150,156,157,196,223,224,225,226,227,228,229,230,231,232,233,234,235,236,237,238,239,271,272,282,286,442,696,960,964,1011,1126,1127,1128,1129,1130,1131,1132,1133,1134,1135,1136,1137,1138,1139,1140,1141,1142,1143,1144,1227,1228,1229,1230,
654;0;5850;6065;1;0,2,3,44,48,54,59,63,70,72,87,91,92,105,138,150,151,156,157,196,197,223,224,225,226,227,228,229,230,231,232,233,234,235,236,237,238,239,272,282,286,438,442,696,864,867,960,964,1011,1126,1127,1128,1129,1130,1131,1132,1133,1134,1135,1136,1137,1138,1139,1140,1141,1142,1143,1144,1306,1307,1308,1309,1310,1311,1312,1313,1314,1315,1316,1317,
654;1;6065;6228;1;0,2,3,44,48,54,59,63,70,72,87,91,92,105,138,150,151,156,157,196,197,223,224,225,226,227,228,229,230,231,232,233,234,235,236,237,238,239,272,282,286,438,442,696,864,867,960,964,1011,1126,1127,1128,1129,1130,1131,1132,1133,1134,1135,1136,1137,1138,1139,1140,1141,1142,1143,1144,1306,1307,1308,1309,1310,1311,1312,1313,1314,1315,1316,1317,
281;0;6228;6466;1;0,2,3,44,48,54,59,63,70,72,87,91,92,105,138,150,151,156,157,196,197,223,224,225,226,227,228,229,230,231,232,233,234,235,236,237,238,239,272,282,286,438,442,696,864,867,960,964,1011,1126,1127,1128,1129,1130,1131,1132,1133,1134,1135,1136,1137,1138,1139,1140,1141,1142,1143,1144,1306,1307,1308,1309,1310,1311,1312,1313,1314,1315,1316,1317,
281;1;6466;6556;1;0,2,3,44,48,54,59,63,70,72,87,91,92,105,138,150,151,156,157,196,197,223,224,225,226,227,228,229,230,231,232,233,234,235,236,237,238,239,240,241,242,243,244,272,282,286,438,442,696,864,867,960,964,1011,1126,1127,1128,1129,1130,1131,1132,1133,1134,1135,1136,1137,1138,1139,1140,1141,1142,1143,1144,1306,1307,1308,1309,1310,1311,1312,
373;0;6556;6716;0;0,2,3,44,48,54,59,63,70,72,87,91,92,105,138,150,151,156,157,196,197,223,224,225,226,227,228,229,230,231,232,233,234,235,236,237,238,239,240,241,242,243,244,272,282,286,438,442,696,864,867,960,964,1011,1126,1127,1128,1129,1130,1131,1132,1133,1134,1135,1136,1137,1138,1139,1140,1141,1142,1143,1144,1306,1307,1308,1309,1310,1311,1312,
373;1;6716;6725;0;0,2,3,44,48,54,59,63,70,72,87,91,92,105,138,150,151,156,157,196,197,223,224,225,226,227,228,229,230,231,232,233,234,235,236,237,238,239,240,241,242,243,244,272,282,286,438,442,696,864,867,960,964,1011,1126,1127,1128,1129,1130,1131,1132,1133,1134,1135,1136,1137,1138,1139,1140,1141,1142,1143,1144,1306,1307,1308,1309,1310,1311,1312,
574;0;6725;6923;1;0,2,3,44,48,54,59,63,70,72,87,91,92,105,138,150,151,156,157,196,197,223,224,225,226,227,228,229,230,231,232,233,234,235,236,237,238,239,240,241,242,243,244,272,282,286,438,442,696,864,867,960,964,1011,1126,1127,1128,1129,1130,1131,1132,1133,1134,1135,1136,1137,1138,1139,1140,1141,1142,1143,1144,1306,1307,1308,1309,1310,1311,1312,
574;1;6923;6973;1;0,2,3,44,48,54,59,63,70,72,87,91,92,105,138,150,151,156,157,196,197,223,224,225,226,227,228,229,230,231,232,233,234,235,236,237,238,239,240,241,242,243,244,272,282,286,438,442,696,864,867,960,964,1011,1126,1127,1128,1129,1130,1131,1132,1133,1134,1135,1136,1137,1138,1139,1140,1141,1142,1143,1144,1306,1307,1308,1309,1310,1311,1312,
641;0;6973;7187;1;0,2,3,44,48,54,59,63,70,72,87,91,92,105,138,150,151,156,157,196,197,223,224,225,226,227,228,229,230,231,232,233,234,235,236,237,238,239,240,241,242,243,244,272,282,286,438,442,696,864,867,960,964,1011,1126,1127,1128,1129,1130,1131,1132,1133,1134,1135,1136,1137,1138,1139,1140,1141,1142,1143,1144,1306,1307,1308,1309,1310,1311,1312,
641;1;7187;7253;1;0,2,3,44,48,54,59,63,70,72,87,91,92,105,138,150,151,156,157,196,197,223,224,225,226,227,228,229,230,231,232,233,234,235,236,237,238,239,240,241,242,243,244,272,282,286,438,442,696,864,867,960,964,1011,1126,1127,1128,1129,1130,1131,1132,1133,1134,1135,1136,1137,1138,1139,1140,1141,1142,1143,1144,1306,1307,1308,1309,1310,1311,1312,
71;0;7253;7426;1;0,2,3,44,48,54,59,63,70,72,87,91,92,105,138,150,151,156,157,196,197,223,224,225,226,227,228,229,230,231,232,233,234,235,236,237,238,239,240,241,242,243,244,272,282,286,438,442,696,864,867,960,964,1011,1126,1127,1128,1129,1130,1131,1132,1133,1134,1135,1136,1137,1138,1139,1140,1141,1142,1143,1144,1306,1307,1308,1309,1310,1311,1312,
71;1;7426;7448;1;0,2,3,44,48,54,59,63,70,72,87,91,92,105,138,150,151,156,157,196,197,223,224,225,226,227,228,229,230,231,232,233,234,235,236,237,238,239,240,241,242,243,244,272,282,286,438,442,696,864,867,960,964,1011,1126,1127,1128,1129,1130,1131,1132,1133,1134,1135,1136,1137,1138,1139,1140,1141,1142,1143,1144,1306,1307,1308,1309,1310,1311,1312,
64;0;7448;7564;1;0,2,3,17,18,19,20,21,22,23,24,25,26,27,28,29,30,31,32,33,34,35,36,37,38,39,40,41,42,43,44,48,54,59,63,70,72,87,91,92,105,138,150,156,157,196,197,223,224,225,226,227,229,230,272,282,286,696,960,964,1011,1126,1127,1128,1129,1130,1131,1132,1133,1134,1135,1136,1137,1138,1139,1140,1141,1142,1143,1144,
64;1;7564;7615;1;0,2,3,17,18,19,20,21,22,23,24,25,26,27,28,29,30,31,32,33,34,35,36,37,38,39,40,41,42,43,44,48,54,59,63,70,72,87,91,92,105,138,150,156,157,196,197,223,224,225,226,227,229,230,272,282,286,696,960,964,1011,1126,1127,1128,1129,1130,1131,1132,1133,1134,1135,1136,1137,1138,1139,1140,1141,1142,1143,1144,
143;0;7615;7753;0;0,2,3,17,18,19,20,21,22,23,24,25,26,27,28,29,30,31,32,33,34,35,36,37,38,39,40,41,42,43,44,48,54,59,63,70,72,87,91,92,105,138,150,156,157,196,197,223,224,225,226,227,229,230,272,282,286,696,960,964,1011,1126,1127,1128,1129,1130,1131,1132,1133,1134,1135,1136,1137,1138,1139,1140,1141,1142,1143,1144,
143;1;7753;7826;0;0,2,3,17,18,19,20,21,22,23,24,25,26,27,28,29,30,31,32,33,34,35,36,37,38,39,40,41,42,43,44,48,54,59,63,70,72,87,91,92,105,138,150,156,157,196,197,223,224,225,226,227,229,230,272,282,286,696,960,964,1011,1126,1127,1128,1129,1130,1131,1132,1133,1134,1135,1136,1137,1138,1139,1140,1141,1142,1143,1144,
422;0;7826;7891;0;0,2,3,17,18,19,20,21,22,23,24,25,26,27,28,29,30,31,32,33,34,35,36,37,38,39,40,41,42,43,44,48,54,59,63,70,72,87,91,92,105,138,150,156,157,196,197,223,224,225,226,227,229,230,272,282,286,696,960,964,1011,1126,1127,1128,1129,1130,1131,1132,1133,1134,1135,1136,1137,1138,1139,1140,1141,1142,1143,1144,
145;0;7891;8065;0;0,2,3,25,27,32,34,43,70,91,92,105,138,230,272,282,286,300,309,316,337,348,355,546,696,716,930,947,960,964,1011,1039,1040,1041,1042,1043,1044,1045,1046,1047,1048,1049,1050,1051,1052,1053,1054,1055,1056,1057,1058,1059,1060,1061,1062,1063,1064,1065,1066,1067,1068,1069,1070,1071,1072,1073,1074,1075,1076,1126,1127,1128,1129,1130,1131,1132,1133,1134,1135,1136,
402;0;8065;8161;0;0,2,3,25,27,32,34,43,70,91,92,105,138,230,272,282,286,300,309,316,337,348,355,546,696,716,930,947,960,964,1011,1039,1040,1041,1042,1043,1044,1045,1046,1047,1048,1049,1050,1051,1052,1053,1054,1055,1056,1057,1058,1059,1060,1061,1062,1063,1064,1065,1066,1067,1068,1069,1070,1071,1072,1073,1074,1075,1076,1126,1127,1128,1129,1130,1131,1132,1133,1134,1135,1136,
342;0;8161;8335;0;0,2,3,25,27,32,34,43,70,91,92,105,138,230,272,282,286,300,309,316,337,348,355,546,696,716,930,947,960,964,1011,1039,1040,1041,1042,1043,1044,1045,1046,1047,1048,1049,1050,1051,1052,1053,1054,1055,1056,1057,1058,1059,1060,1061,1062,1063,1064,1065,1066,1067,1068,1069,1070,1071,1072,1073,1074,1075,1076,1126,1127,1128,1129,1130,1131,1132,1133,1134,1135,1136,
565;0;8335;8509;0;0,2,3,25,27,32,34,43,70,91,92,105,138,230,272,282,286,300,309,316,337,348,355,546,696,716,930,947,960,964,1011,1039,1040,1041,1042,1043,1044,1045,1046,1047,1048,1049,1050,1051,1052,1053,1054,1055,1056,1057,1058,1059,1060,1061,1062,1063,1064,1065,1066,1067,1068,1069,1070,1071,1072,1073,1074,1075,1076,1126,1127,1128,1129,1130,1131,1132,1133,1134,1135,1136,
720;0;8509;8683;0;0,2,3,25,27,32,34,43,70,91,92,105,138,230,272,282,286,300,309,316,337,348,355,546,696,716,930,947,960,964,1011,1039,1040,1041,1042,1043,1044,1045,1046,1047,1048,1049,1050,1051,1052,1053,1054,1055,1056,1057,1058,1059,1060,1061,1062,1063,1064,1065,1066,1067,1068,1069,1070,1071,1072,1073,1074,1075,1076,1126,1127,1128,1129,1130,1131,1132,1133,1134,1135,1136,
475;0;8683;8772;0;0,2,3,25,27,32,34,43,70,91,92,105,138,230,272,282,286,300,307,309,316,337,348,355,368,485,546,596,613,696,710,713,716,930,943,944,945,946,947,948,960,964,1011,1039,1040,1041,1042,1043,1044,1045,1046,1047,1048,1049,1050,1051,1052,1053,1054,1055,1056,1057,1058,1059,1060,1061,1062,1063,1064,1126,1127,1128,1129,1130,1131,1132,1133,1134,1135,1136,
181;0;8772;8893;1;0,2,3,25,27,32,34,43,70,91,92,105,138,185,230,272,282,286,300,307,309,316,337,348,355,368,485,546,596,613,696,710,713,716,898,930,943,944,945,946,947,948,960,964,1011,1039,1040,1041,1042,1043,1044,1045,1046,1047,1048,1049,1050,1051,1052,1053,1054,1055,1056,1057,1058,1059,1060,1061,1063,1126,1127,1128,1129,1130,1131,1132,1133,1134,1135,1136,
181;1;8893;8914;1;0,2,3,25,27,32,34,43,70,91,92,105,138,185,230,272,282,286,300,307,309,316,337,348,355,368,485,546,596,613,696,710,713,716,898,930,943,944,945,946,947,948,960,964,1011,1039,1040,1041,1042,1043,1044,1045,1046,1047,1048,1049,1050,1051,1052,1053,1054,1055,1056,1057,1058,1059,1060,1061,1063,1126,1127,1128,1129,1130,1131,1132,1133,1134,1135,1136,
317;0;8914;9012;0;0,2,3,25,27,32,34,43,70,71,78,91,92,94,95,96,97,98,99,100,101,102,103,104,105,106,110,138,185,230,272,282,286,300,307,309,316,337,348,355,368,485,546,596,613,656,657,658,659,696,710,713,716,898,930,943,944,945,946,947,948,960,964,1011,1039,1040,1041,1042,1063,1126,1127,1128,1129,1130,1131,1132,1133,1134,1135,1136,
571;0;9012;9148;1;0,2,3,25,27,32,34,43,70,71,78,91,92,94,95,96,97,98,99,100,101,102,103,104,105,106,110,138,185,230,272,282,286,300,307,309,316,337,348,355,368,485,546,596,613,656,657,658,659,696,710,713,716,898,930,943,944,945,946,947,948,960,964,1011,1039,1040,1041,1042,1063,1126,1127,1128,1129,1130,1131,1132,1133,1134,1135,1136,
571;1;9148;9184;1;0,2,3,25,27,32,34,43,70,71,78,91,92,94,95,96,97,98,99,100,101,102,103,104,105,106,110,138,185,230,272,282,286,300,307,309,316,337,348,355,368,485,546,596,613,656,657,658,659,696,710,713,716,898,930,943,944,945,946,947,948,960,964,1011,1039,1040,1041,1042,1063,1126,1127,1128,1129,1130,1131,1132,1133,1134,1135,1136,
584;0;9184;9441;1;0,2,3,32,70,71,78,91,92,94,95,96,97,98,99,100,101,102,103,104,105,106,110,130,133,135,138,147,185,186,230,264,272,282,286,316,336,337,408,472,519,622,625,626,627,639,656,657,658,659,696,717,721,781,798,898,931,984,1006,1007,1011,1063,1123,1124,1125,1203,1204,1205,1206,1207,1208,1209,1210,1211,1212,1213,1214,1215,1216,1217,
584;1;9441;9598;1;0,2,3,32,70,71,78,91,92,94,95,96,97,98,99,100,101,102,103,104,105,106,110,130,133,135,138,147,185,186,230,264,272,282,286,316,336,337,408,472,519,622,625,626,627,639,656,657,658,659,696,717,721,781,798,898,931,984,1006,1007,1011,1063,1123,1124,1125,1203,1204,1205,1206,1207,1208,1209,1210,1211,1212,1213,1214,1215,1216,1217,
147;0;9598;9694;0;0,2,3,32,70,71,78,91,92,94,95,96,97,98,99,100,101,102,103,104,105,106,110,130,133,135,138,147,185,186,230,264,272,282,286,316,336,337,408,472,519,622,625,626,627,639,656,657,658,659,696,717,721,781,798,898,931,984,1006,1007,1011,1063,1123,1124,1125,1203,1204,1205,1206,1207,1208,1209,1210,1211,1212,1213,1214,1215,1216,1217,
609;0;9694;9750;1;0,2,3,32,70,71,78,91,92,94,95,96,97,98,99,100,101,102,103,104,105,106,110,130,133,135,138,147,185,186,230,264,272,282,286,316,336,337,408,472,519,622,625,626,627,639,656,657,658,659,696,717,721,781,798,898,931,984,1006,1007,1011,1063,1123,1124,1125,1203,1204,1205,1206,1207,1208,1209,1210,1211,1212,1213,1214,1215,1216,1217,
609;1;9750;9774;1;0,2,3,32,70,71,78,91,92,94,95,96,97,98,99,100,101,102,103,104,105,106,110,130,133,135,138,147,185,186,230,264,272,282,286,316,336,337,408,472,519,622,625,626,627,639,656,657,658,659,696,717,721,781,798,898,931,984,1006,1007,1011,1063,1123,1124,1125,1203,1204,1205,1206,1207,1208,1209,1210,1211,1212,1213,1214,1215,1216,1217,
251;0;9774;9875;1;0,2,3,32,70,71,78,91,92,94,95,96,97,98,99,100,101,102,103,104,105,106,110,130,133,135,138,147,185,186,230,264,272,282,286,316,336,337,408,472,519,622,625,626,627,639,656,657,658,659,696,717,721,781,798,898,931,984,1006,1007,1011,1063,1123,1124,1125,1203,1204,1205,1206,1207,1208,1209,1210,1211,1212,1213,1214,1215,1216,1217,
251;1;9875;9880;1;0,2,3,32,70,71,78,91,92,94,95,96,97,98,99,100,101,102,103,104,105,106,110,130,133,135,138,147,185,186,230,264,272,282,286,316,336,337,408,472,519,622,625,626,627,639,656,657,658,659,696,717,721,781,798,898,931,984,1006,1007,1011,1063,1123,1124,1125,1203,1204,1205,1206,1207,1208,1209,1210,1211,1212,1213,1214,1215,1216,1217,
372;0;9880;9976;0;0,2,3,32,70,71,78,91,92,94,95,96,97,98,99,100,101,102,103,104,105,106,110,130,133,135,138,147,185,186,230,264,272,282,286,316,336,337,408,472,519,622,625,626,627,639,656,657,658,659,696,717,721,781,798,898,931,984,1006,1007,1011,1063,1123,1124,1125,1203,1204,1205,1206,1207,1208,1209,1210,1211,1212,1213,1214,1215,1216,1217,
Machine: 1
82;0;0;121;0;42,48,64,65,66,67,68,69,70,71,72,105,106,150,151,152,153,155,156,157,176,194,196,197,198,223,224,226,229,237,393,402,436,437,438,442,444,445,447,514,515,516,517,646,649,777,871,983,984,991,1123,1124,1125,1141,1146,1147,1148,1149,1182,1183,1184,1185,1186,1187,1188,1189,1190,1191,1192,1193,1194,1195,1196,1197,1198,1199,1200,1201,1202,1508,
744;0;121;242;1;42,48,64,65,66,67,68,69,70,71,72,105,106,150,151,152,153,155,156,157,176,194,196,197,198,223,224,226,229,237,393,402,436,437,438,442,444,445,447,514,515,516,517,646,649,777,871,983,984,991,1123,1124,1125,1141,1146,1147,1148,1149,1182,1183,1184,1185,1186,1187,1188,1189,1190,1191,1192,1193,1194,1195,1196,1197,1198,1199,1200,1201,1202,1508,
744;1;242;276;1;42,48,64,65,66,67,68,69,70,71,72,105,106,150,151,152,153,155,156,157,176,194,196,197,198,223,224,226,229,237,393,402,436,437,438,442,444,445,447,514,515,516,517,646,649,777,871,983,984,991,1123,1124,1125,1141,1146,1147,1148,1149,1182,1183,1184,1185,1186,1187,1188,1189,1190,1191,1192,1193,1194,1195,1196,1197,1198,1199,1200,1201,1202,1508,
681;0;276;450;1;42,48,64,65,66,67,68,69,70,71,72,105,106,150,151,152,153,155,156,157,176,194,196,197,198,223,224,226,229,237,393,402,436,437,438,442,444,445,447,514,515,516,517,646,649,777,871,983,984,991,1123,1124,1125,1141,1146,1147,1148,1149,1182,1183,1184,1185,1186,1187,1188,1189,1190,1191,1192,1193,1194,1195,1196,1197,1198,1199,1200,1201,1202,1508,
681;1;450;503;1;42,48,64,65,66,67,68,69,70,71,72,105,106,150,151,152,153,155,156,157,176,194,196,197,198,223,224,226,229,237,393,402,436,437,438,442,444,445,447,514,515,516,517,646,649,777,871,983,984,991,1123,1124,1125,1141,1146,1147,1148,1149,1182,1183,1184,1185,1186,1187,1188,1189,1190,1191,1192,1193,1194,1195,1196,1197,1198,1199,1200,1201,1202,1508,
339;0;503;640;1;42,48,64,65,66,67,68,69,70,71,72,105,106,150,151,152,153,155,156,157,176,194,196,197,198,223,224,226,229,237,393,402,436,437,438,442,444,445,447,514,515,516,517,646,649,777,871,983,984,991,1123,1124,1125,1141,1146,1147,1148,1149,1182,1183,1184,1185,1186,1187,1188,1189,1190,1191,1192,1193,1194,1195,1196,1197,1198,1199,1200,1201,1202,1508,
339;1;640;720;1;42,48,64,65,66,67,68,69,70,71,72,105,106,150,151,152,153,155,156,157,176,194,196,197,198,223,224,226,229,237,393,402,436,437,438,442,444,445,447,514,515,516,517,646,649,777,871,983,984,991,1123,1124,1125,1141,1146,1147,1148,1149,1182,1183,1184,1185,1186,1187,1188,1189,1190,1191,1192,1193,1194,1195,1196,1197,1198,1199,1200,1201,1202,1508,
414;0;720;966;1;42,48,64,65,66,67,68,69,70,71,72,105,106,150,151,152,153,155,156,157,176,194,196,197,198,223,224,226,229,237,393,402,436,437,438,442,444,445,447,514,515,516,517,646,649,777,871,983,984,991,1123,1124,1125,1141,1146,1147,1148,1149,1182,1183,1184,1185,1186,1187,1188,1189,1190,1191,1192,1193,1194,1195,1196,1197,1198,1199,1200,1201,1202,1508,
414;1;966;1064;1;42,48,64,65,66,67,68,69,70,71,72,105,106,150,151,152,153,155,156,157,176,194,196,197,198,223,224,226,229,237,393,402,436,437,438,442,444,445,447,514,515,516,517,646,649,777,871,983,984,991,1123,1124,1125,1141,1146,1147,1148,1149,1182,1183,1184,1185,1186,1187,1188,1189,1190,1191,1192,1193,1194,1195,1196,1197,1198,1199,1200,1201,1202,1508,
683;0;1064;1283;0;42,48,64,65,66,67,68,69,70,71,72,105,106,150,151,152,153,155,156,157,176,194,196,197,198,223,224,226,229,237,393,402,436,437,438,442,444,445,447,514,515,516,517,646,649,777,871,983,984,991,1123,1124,1125,1141,1146,1147,1148,1149,1182,1183,1184,1185,1186,1187,1188,1189,1190,1191,1192,1193,1194,1195,1196,1197,1198,1199,1200,1201,1202,1508,
683;1;1283;1381;0;42,48,64,65,66,67,68,69,70,71,72,105,106,150,151,152,153,155,156,157,176,194,196,197,198,223,224,226,229,237,393,402,436,437,438,442,444,445,447,514,515,516,517,646,649,777,871,983,984,991,1123,1124,1125,1141,1146,1147,1148,1149,1182,1183,1184,1185,1186,1187,1188,1189,1190,1191,1192,1193,1194,1195,1196,1197,1198,1199,1200,1201,1202,1508,
588;0;1381;1490;0;42,48,64,65,66,67,68,69,70,71,72,105,106,150,151,152,153,155,156,157,176,194,196,197,198,223,224,226,229,237,393,402,436,437,438,442,444,445,447,514,515,516,517,646,649,777,871,983,984,991,1123,1124,1125,1141,1146,1147,1148,1149,1182,1183,1184,1185,1186,1187,1188,1189,1190,1191,1192,1193,1194,1195,1196,1197,1198,1199,1200,1201,1202,1508,
588;1;1490;1531;0;42,48,64,65,66,67,68,69,70,71,72,105,106,150,151,152,153,155,156,157,176,194,196,197,198,223,224,226,229,237,393,402,436,437,438,442,444,445,447,514,515,516,517,646,649,777,871,983,984,991,1123,1124,1125,1141,1146,1147,1148,1149,1182,1183,1184,1185,1186,1187,1188,1189,1190,1191,1192,1193,1194,1195,1196,1197,1198,1199,1200,1201,1202,1508,
271;0;1531;1852;1;42,48,64,65,66,67,68,69,70,71,72,105,106,150,151,152,153,155,156,157,176,194,196,197,198,223,224,226,229,237,393,402,436,437,438,442,444,445,447,514,515,516,517,646,649,777,871,983,984,991,1123,1124,1125,1141,1146,1147,1148,1149,1182,1183,1184,1185,1186,1187,1188,1189,1190,1191,1192,1193,1194,1195,1196,1197,1198,1199,1200,1201,1202,1508,
271;1;1852;2025;1;42,48,64,65,66,67,68,69,70,71,72,105,106,150,151,152,153,155,156,157,176,194,196,197,198,223,224,226,229,237,393,402,436,437,438,442,444,445,447,514,515,516,517,646,649,777,871,983,984,991,1123,1124,1125,1141,1146,1147,1148,1149,1182,1183,1184,1185,1186,1187,1188,1189,1190,1191,1192,1193,1194,1195,1196,1197,1198,1199,1200,1201,1202,1508,
407;0;2025;2096;0;42,48,64,65,66,67,68,69,70,71,72,105,106,150,151,152,153,155,156,157,176,194,196,197,198,223,224,226,229,237,393,402,436,437,438,442,444,445,447,514,515,516,517,646,649,777,871,983,984,991,1123,1124,1125,1141,1146,1147,1148,1149,1182,1183,1184,1185,1186,1187,1188,1189,1190,1191,1192,1193,1194,1195,1196,1197,1198,1199,1200,1201,1202,1508,
453;0;2096;2238;0;42,48,64,65,66,67,68,69,70,71,72,105,106,150,151,152,153,155,156,157,176,194,196,197,198,223,224,226,229,237,393,402,436,437,438,442,444,445,447,514,515,516,517,646,649,777,871,983,984,991,1123,1124,1125,1141,1146,1147,1148,1149,1182,1183,1184,1185,1186,1187,1188,1189,1190,1191,1192,1193,1194,1195,1196,1197,1198,1199,1200,1201,1202,1508,
453;1;2238;2259;0;42,48,64,65,66,67,68,69,70,71,72,105,106,150,151,152,153,155,156,157,176,194,196,197,198,223,224,226,229,237,393,402,436,437,438,442,444,445,447,514,515,516,517,646,649,777,871,983,984,991,1123,1124,1125,1141,1146,1147,1148,1149,1182,1183,1184,1185,1186,1187,1188,1189,1190,1191,1192,1193,1194,1195,1196,1197,1198,1199,1200,1201,1202,1508,
612;0;2259;2327;0;42,48,64,65,66,67,68,69,70,71,72,105,106,150,151,152,153,155,156,157,176,194,196,197,198,223,224,226,229,237,393,402,436,437,438,442,444,445,447,514,515,516,517,646,649,777,871,983,984,991,1123,1124,1125,1141,1146,1147,1148,1149,1182,1183,1184,1185,1186,1187,1188,1189,1190,1191,1192,1193,1194,1195,1196,1197,1198,1199,1200,1201,1202,1508,
3;0;2327;2435;0;42,48,64,65,66,67,68,69,70,71,72,105,106,150,151,152,153,155,156,157,176,194,196,197,198,223,224,226,229,237,393,402,436,437,438,442,444,445,447,514,515,516,517,646,649,777,871,983,984,991,1123,1124,1125,1141,1146,1147,1148,1149,1182,1183,1184,1185,1186,1187,1188,1189,1190,1191,1192,1193,1194,1195,1196,1197,1198,1199,1200,1201,1202,1508,
3;1;2435;2501;0;42,48,64,65,66,67,68,69,70,71,72,105,106,150,151,152,153,155,156,157,176,194,196,197,198,223,224,226,229,237,393,402,436,437,438,442,444,445,447,514,515,516,517,646,649,777,871,983,984,991,1123,1124,1125,1141,1146,1147,1148,1149,1182,1183,1184,1185,1186,1187,1188,1189,1190,1191,1192,1193,1194,1195,1196,1197,1198,1199,1200,1201,1202,1508,
256;0;2501;2588;1;42,48,64,65,66,67,68,69,70,71,72,105,106,150,151,152,153,155,156,157,176,194,196,197,198,223,224,226,229,237,393,402,436,437,438,442,444,445,447,514,515,516,517,646,649,777,871,983,984,991,1123,1124,1125,1141,1146,1147,1148,1149,1182,1183,1184,1185,1186,1187,1188,1189,1190,1191,1192,1193,1194,1195,1196,1197,1198,1199,1200,1201,1202,1508,
256;1;2588;2618;1;42,48,64,65,66,67,68,69,70,71,72,105,106,150,151,152,153,155,156,157,176,194,196,197,198,223,224,226,229,237,393,402,436,437,438,442,444,445,447,514,515,516,517,646,649,777,871,983,984,991,1123,1124,1125,1141,1146,1147,1148,1149,1182,1183,1184,1185,1186,1187,1188,1189,1190,1191,1192,1193,1194,1195,1196,1197,1198,1199,1200,1201,1202,1508,
119;0;2618;2827;1;42,48,64,65,66,67,68,69,70,71,72,105,106,150,151,152,153,155,156,157,176,194,196,197,198,223,224,226,229,237,393,402,436,437,438,442,444,445,447,514,515,516,517,646,649,777,871,983,984,991,1123,1124,1125,1141,1146,1147,1148,1149,1182,1183,1184,1185,1186,1187,1188,1189,1190,1191,1192,1193,1194,1195,1196,1197,1198,1199,1200,1201,1202,1508,
119;1;2827;2968;1;42,48,64,65,66,67,68,69,70,71,72,105,106,150,151,152,153,155,156,157,176,194,196,197,198,223,224,226,229,237,393,402,436,437,438,442,444,445,447,514,515,516,517,646,649,777,871,983,984,991,1123,1124,1125,1141,1146,1147,1148,1149,1182,1183,1184,1185,1186,1187,1188,1189,1190,1191,1192,1193,1194,1195,1196,1197,1198,1199,1200,1201,1202,1508,
191;0;2968;3167;1;42,48,64,65,66,67,68,69,70,71,72,105,106,150,151,152,153,155,156,157,176,194,196,197,198,223,224,226,229,237,393,402,436,437,438,442,444,445,447,514,515,516,517,646,649,777,871,983,984,991,1123,1124,1125,1141,1146,1147,1148,1149,1182,1183,1184,1185,1186,1187,1188,1189,1190,1191,1192,1193,1194,1195,1196,1197,1198,1199,1200,1201,1202,1508,
191;1;3167;3223;1;42,48,64,65,66,67,68,69,70,71,72,105,106,150,151,152,153,155,156,157,176,194,196,197,198,223,224,226,229,237,393,402,436,437,438,442,444,445,447,514,515,516,517,646,649,777,871,983,984,991,1123,1124,1125,1141,1146,1147,1148,1149,1182,1183,1184,1185,1186,1187,1188,1189,1190,1191,1192,1193,1194,1195,1196,1197,1198,1199,1200,1201,1202,1508,
189;0;3223;3341;1;42,48,64,65,66,67,70,71,72,105,106,150,151,152,153,155,156,157,194,196,197,198,223,224,226,229,237,393,402,436,437,438,442,444,445,447,514,515,516,517,646,649,753,754,755,756,757,758,759,760,777,871,983,984,991,1123,1124,1125,1141,1182,1183,1184,1185,1186,1187,1188,1189,1190,1191,1192,1193,1194,1195,1196,1197,1198,1199,1200,1201,1202,
189;1;3341;3438;1;42,48,64,65,66,67,70,71,72,105,106,150,151,152,153,155,156,157,194,196,197,198,223,224,226,229,237,393,402,436,437,438,442,444,445,447,514,515,516,517,646,649,753,754,755,756,757,758,759,760,777,871,983,984,991,1123,1124,1125,1141,1182,1183,1184,1185,1186,1187,1188,1189,1190,1191,1192,1193,1194,1195,1196,1197,1198,1199,1200,1201,1202,
232;0;3438;3495;0;42,48,64,65,66,67,70,71,72,105,106,150,151,152,153,155,156,157,194,196,197,198,223,224,226,229,237,393,402,436,437,438,442,444,445,447,514,515,516,517,646,649,753,754,755,756,757,758,759,760,777,871,983,984,991,1123,1124,1125,1141,1182,1183,1184,1185,1186,1187,1188,1189,1190,1191,1192,1193,1194,1195,1196,1197,1198,1199,1200,1201,1202,
298;0;3495;3789;0;42,48,64,65,66,67,70,71,72,105,106,150,151,152,153,155,156,157,194,196,197,198,223,224,226,229,237,393,402,436,437,438,442,444,445,447,514,515,516,517,646,649,753,754,755,756,757,758,759,760,777,871,983,984,991,1123,1124,1125,1141,1182,1183,1184,1185,1186,1187,1188,1189,1190,1191,1192,1193,1194,1195,1196,1197,1198,1199,1200,1201,1202,
298;1;3789;3962;0;42,48,64,65,66,67,70,71,72,105,106,150,151,152,153,155,156,157,194,196,197,198,223,224,226,229,237,393,402,436,437,438,442,444,445,447,514,515,516,517,646,649,753,754,755,756,757,758,759,760,777,871,983,984,991,1123,1124,1125,1141,1182,1183,1184,1185,1186,1187,1188,1189,1190,1191,1192,1193,1194,1195,1196,1197,1198,1199,1200,1201,1202,
385;0;3962;4030;0;42,48,64,65,66,67,70,71,72,105,106,150,151,152,153,155,156,157,194,196,197,198,223,224,226,229,237,393,402,436,437,438,442,444,445,447,514,515,516,517,646,649,753,754,755,756,757,758,759,760,777,871,983,984,991,1123,1124,1125,1141,1182,1183,1184,1185,1186,1187,1188,1189,1190,1191,1192,1193,1194,1195,1196,1197,1198,1199,1200,1201,1202,
174;0;4030;4206;1;42,48,64,65,66,67,70,71,72,105,106,150,151,152,153,155,156,157,194,196,197,198,223,224,226,229,237,393,402,436,437,438,442,444,445,447,514,515,516,517,646,649,753,754,755,756,757,758,759,760,777,871,983,984,991,1123,1124,1125,1141,1182,1183,1184,1185,1186,1187,1188,1189,1190,1191,1192,1193,1194,1195,1196,1197,1198,1199,1200,1201,1202,
174;1;4206;4234;1;42,48,64,65,66,67,70,71,72,105,106,150,151,152,153,155,156,157,194,196,197,198,223,224,226,229,237,393,402,436,437,438,442,444,445,447,514,515,516,517,646,649,753,754,755,756,757,758,759,760,777,871,983,984,991,1123,1124,1125,1141,1182,1183,1184,1185,1186,1187,1188,1189,1190,1191,1192,1193,1194,1195,1196,1197,1198,1199,1200,1201,1202,
581;0;4234;4390;1;42,48,64,65,66,67,70,71,72,105,106,150,151,152,153,155,156,157,194,196,197,198,223,224,226,229,237,393,402,436,437,438,442,444,445,447,514,515,516,517,646,649,753,754,755,756,757,758,759,760,777,871,983,984,991,1123,1124,1125,1141,1182,1183,1184,1185,1186,1187,1188,1189,1190,1191,1192,1193,1194,1195,1196,1197,1198,1199,1200,1201,1202,
581;1;4390;4425;1;42,48,64,65,66,67,70,71,72,105,106,150,151,152,153,155,156,157,194,196,197,198,223,224,226,229,237,393,402,436,437,438,442,444,445,447,514,515,516,517,646,649,753,754,755,756,757,758,759,760,777,871,983,984,991,1123,1124,1125,1141,1182,1183,1184,1185,1186,1187,1188,1189,1190,1191,1192,1193,1194,1195,1196,1197,1198,1199,1200,1201,1202,
517;0;4425;4482;0;42,48,64,65,66,67,70,71,72,105,106,150,151,152,153,155,156,157,194,196,197,198,223,224,226,229,237,393,402,436,437,438,442,444,445,447,514,515,516,517,646,649,753,754,755,756,757,758,759,760,777,871,983,984,991,1123,1124,1125,1141,1182,1183,1184,1185,1186,1187,1188,1189,1190,1191,1192,1193,1194,1195,1196,1197,1198,1199,1200,1201,1202,
159;0;4482;4585;1;42,48,64,65,66,67,70,71,72,105,106,149,150,151,152,153,155,156,157,194,195,196,197,198,223,224,225,226,227,228,229,237,371,393,402,436,437,438,439,440,441,442,443,444,445,446,447,514,515,516,517,646,649,753,754,755,756,757,758,759,760,777,871,983,984,991,1123,1124,1125,1141,1182,1183,1184,1185,1186,1187,1188,1189,1190,1191,
159;1;4585;4589;1;42,48,64,65,66,67,70,71,72,105,106,149,150,151,152,153,155,156,157,194,195,196,197,198,223,224,225,226,227,228,229,237,371,393,402,436,437,438,439,440,441,442,443,444,445,446,447,514,515,516,517,646,649,753,754,755,756,757,758,759,760,777,871,983,984,991,1123,1124,1125,1141,1182,1183,1184,1185,1186,1187,1188,1189,1190,1191,
154;0;4589;4768;1;32,42,48,64,65,70,71,72,105,106,124,149,150,151,152,153,155,156,157,194,195,196,197,198,223,224,225,226,227,228,229,237,254,259,311,371,393,402,432,436,437,438,439,440,441,442,443,444,445,446,447,509,514,515,516,517,624,634,646,654,753,754,755,756,757,758,759,760,777,1088,1089,1090,1091,1092,1093,1094,1095,1096,1097,1190,
154;1;4768;4833;1;32,42,48,64,65,70,71,72,105,106,124,149,150,151,152,153,155,156,157,194,195,196,197,198,223,224,225,226,227,228,229,237,254,259,311,371,393,402,432,436,437,438,439,440,441,442,443,444,445,446,447,509,514,515,516,517,624,634,646,654,753,754,755,756,757,758,759,760,777,1088,1089,1090,1091,1092,1093,1094,1095,1096,1097,1190,
296;0;4833;4948;1;32,42,48,70,71,72,78,105,106,124,149,150,151,152,153,155,156,157,194,195,196,197,198,223,224,225,226,227,228,229,237,254,259,311,371,393,402,423,424,425,432,436,437,438,439,440,441,442,443,444,445,446,447,509,514,515,516,517,624,634,646,654,753,754,755,756,757,758,759,760,777,1088,1089,1090,1091,1092,1093,1094,1095,1190,
296;1;4948;5014;1;32,42,48,70,71,72,78,105,106,124,149,150,151,152,153,155,156,157,194,195,196,197,198,223,224,225,226,227,228,229,237,254,259,311,371,393,402,423,424,425,432,436,437,438,439,440,441,442,443,444,445,446,447,509,514,515,516,517,624,634,646,654,753,754,755,756,757,758,759,760,777,1088,1089,1090,1091,1092,1093,1094,1095,1190,
274;0;5014;5142;1;2,32,48,70,71,72,73,74,75,76,77,78,79,80,81,82,105,106,149,150,151,153,156,157,159,194,195,196,197,198,223,224,225,226,227,228,229,234,237,371,393,402,423,424,425,436,437,438,439,440,441,442,443,444,445,446,447,514,515,1366,1367,1368,1369,1370,1371,1372,1373,1374,1375,1376,1377,1378,1379,1380,1381,1382,1383,1384,1385,1386,
274;1;5142;5171;1;2,32,48,70,71,72,73,74,75,76,77,78,79,80,81,82,105,106,149,150,151,153,156,157,159,194,195,196,197,198,223,224,225,226,227,228,229,234,237,371,393,402,423,424,425,436,437,438,439,440,441,442,443,444,445,446,447,514,515,1366,1367,1368,1369,1370,1371,1372,1373,1374,1375,1376,1377,1378,1379,1380,1381,1382,1383,1384,1385,1386,
659;0;5171;5367;1;2,32,48,70,71,72,73,74,75,76,77,78,79,80,81,82,105,106,149,150,151,153,156,157,159,194,195,196,197,198,223,224,225,226,227,228,229,234,237,371,393,402,423,424,425,436,437,438,439,440,441,442,443,444,445,446,447,514,515,1366,1367,1368,1369,1370,1371,1372,1373,1374,1375,1376,1377,1378,1379,1380,1381,1382,1383,1384,1385,1386,
659;1;5367;5519;1;2,32,48,70,71,72,73,74,75,76,77,78,79,80,81,82,105,106,149,150,151,153,156,157,159,194,195,196,197,198,223,224,225,226,227,228,229,234,237,371,393,402,423,424,425,436,437,438,439,440,441,442,443,444,445,446,447,514,515,1366,1367,1368,1369,1370,1371,1372,1373,1374,1375,1376,1377,1378,1379,1380,1381,1382,1383,1384,1385,1386,
668;0;5519;5673;0;2,32,48,70,71,72,73,74,75,76,77,78,79,80,81,82,105,106,149,150,151,153,156,157,159,194,195,196,197,198,223,224,225,226,227,228,229,234,237,371,393,402,423,424,425,436,437,438,439,440,441,442,443,444,445,446,447,514,515,1366,1367,1368,1369,1370,1371,1372,1373,1374,1375,1376,1377,1378,1379,1380,1381,1382,1383,1384,1385,1386,
668;1;5673;5788;0;2,32,48,70,71,72,73,74,75,76,77,78,79,80,81,82,105,106,149,150,151,153,156,157,159,194,195,196,197,198,223,224,225,226,227,228,229,234,237,371,393,402,423,424,425,436,437,438,439,440,441,442,443,444,445,446,447,514,515,1366,1367,1368,1369,1370,1371,1372,1373,1374,1375,1376,1377,1378,1379,1380,1381,1382,1383,1384,1385,1386,
542;0;5788;5792;0;2,32,48,70,71,72,73,74,75,76,77,78,79,80,81,82,105,106,149,150,151,153,156,157,159,194,195,196,197,198,223,224,225,226,227,228,229,234,237,371,393,402,423,424,425,436,437,438,439,440,441,442,443,444,445,446,447,949,1007,1366,1367,1368,1369,1370,1371,1372,1373,1374,1375,1376,1377,1378,1379,1380,1381,1382,1383,1384,1385,1386,
4;0;5792;5872;1;2,32,48,70,71,72,73,74,75,76,77,78,79,80,81,82,105,106,149,150,151,153,156,157,159,194,195,196,197,198,223,224,225,226,227,228,229,234,237,371,393,402,423,424,425,436,437,438,439,440,441,442,443,444,445,446,447,949,1007,1366,1367,1368,1369,1370,1371,1372,1373,1374,1375,1376,1377,1378,1379,1380,1381,1382,1383,1384,1385,1386,
4;1;5872;5908;1;2,32,48,70,71,72,73,74,75,76,77,78,79,80,81,82,105,106,149,150,151,153,156,157,159,194,195,196,197,198,223,224,225,226,227,228,229,234,237,371,393,402,423,424,425,436,437,438,439,440,441,442,443,444,445,446,447,949,1007,1366,1367,1368,1369,1370,1371,1372,1373,1374,1375,1376,1377,1378,1379,1380,1381,1382,1383,1384,1385,1386,
467;0;5908;5952;0;2,32,48,70,71,72,73,74,75,76,77,78,79,80,81,82,105,106,149,150,151,153,156,157,159,194,195,196,197,198,223,224,225,226,227,228,229,234,237,371,393,402,423,424,425,436,437,438,439,440,441,442,443,444,445,446,447,949,1007,1366,1367,1368,1369,1370,1371,1372,1373,1374,1375,1376,1377,1378,1379,1380,1381,1382,1383,1384,1385,1386,
509;0;5952;6091;1;32,48,70,71,72,78,105,106,149,150,151,153,156,157,159,194,195,196,197,198,223,224,225,226,227,228,229,234,277,371,393,396,402,423,424,425,436,437,438,439,440,441,442,443,444,445,446,447,1003,1137,1170,1171,1172,1173,1174,1175,1176,1177,1178,1366,1367,1368,1369,1370,1371,1372,1373,1374,1375,1376,1377,1378,1379,1380,1381,1382,1383,1384,1385,1386,
509;1;6091;6132;1;32,48,70,71,72,78,105,106,149,150,151,153,156,157,159,194,195,196,197,198,223,224,225,226,227,228,229,234,277,371,393,396,402,423,424,425,436,437,438,439,440,441,442,443,444,445,446,447,1003,1137,1170,1171,1172,1173,1174,1175,1176,1177,1178,1366,1367,1368,1369,1370,1371,1372,1373,1374,1375,1376,1377,1378,1379,1380,1381,1382,1383,1384,1385,1386,
531;0;6132;6242;1;32,48,70,71,72,78,105,106,149,150,151,153,156,157,159,194,195,196,197,198,223,224,225,226,227,228,229,234,277,371,393,396,402,423,424,425,436,437,438,439,440,441,442,443,444,445,446,447,1003,1137,1170,1171,1172,1173,1174,1175,1176,1177,1178,1366,1367,1368,1369,1370,1371,1372,1373,1374,1375,1376,1377,1378,1379,1380,1381,1382,1383,1384,1385,1386,
531;1;6242;6313;1;32,48,70,71,72,78,105,106,149,150,151,153,156,157,159,194,195,196,197,198,223,224,225,226,227,228,229,234,277,371,393,396,402,423,424,425,436,437,438,439,440,441,442,443,444,445,446,447,1003,1137,1170,1171,1172,1173,1174,1175,1176,1177,1178,1366,1367,1368,1369,1370,1371,1372,1373,1374,1375,1376,1377,1378,1379,1380,1381,1382,1383,1384,1385,1386,
704;0;6313;6396;1;32,48,70,71,72,78,105,106,149,150,151,153,156,157,159,194,195,196,197,198,223,224,225,226,227,228,229,234,277,371,393,396,402,423,424,425,436,437,438,439,440,441,442,443,444,445,446,447,1003,1137,1170,1171,1172,1173,1174,1175,1176,1177,1178,1366,1367,1368,1369,1370,1371,1372,1373,1374,1375,1376,1377,1378,1379,1380,1381,1382,1383,1384,1385,1386,
704;1;6396;6430;1;32,48,70,71,72,78,105,106,149,150,151,153,156,157,159,194,195,196,197,198,223,224,225,226,227,228,229,234,277,371,393,396,402,423,424,425,436,437,438,439,440,441,442,443,444,445,446,447,1003,1137,1170,1171,1172,1173,1174,1175,1176,1177,1178,1366,1367,1368,1369,1370,1371,1372,1373,1374,1375,1376,1377,1378,1379,1380,1381,1382,1383,1384,1385,1386,
36;0;6430;6568;1;32,48,70,71,72,78,105,106,132,140,149,150,151,153,156,157,159,186,194,195,196,197,198,223,224,225,226,227,228,229,234,277,327,371,382,383,384,393,396,402,423,424,425,436,437,438,439,440,441,442,443,444,445,446,447,949,1003,1007,1137,1366,1367,1368,1369,1370,1371,1372,1373,1374,1375,1376,1377,1378,1379,1380,1381,1382,1383,1384,1385,1386,
36;1;6568;6607;1;32,48,70,71,72,78,105,106,132,140,149,150,151,153,156,157,159,186,194,195,196,197,198,223,224,225,226,227,228,229,234,277,327,371,382,383,384,393,396,402,423,424,425,436,437,438,439,440,441,442,443,444,445,446,447,949,1003,1007,1137,1366,1367,1368,1369,1370,1371,1372,1373,1374,1375,1376,1377,1378,1379,1380,1381,1382,1383,1384,1385,1386,
242;0;6607;6656;0;32,48,70,71,72,78,105,106,132,140,149,150,151,153,156,157,159,186,194,195,196,197,198,223,224,225,226,227,228,229,234,277,327,371,382,383,384,393,396,402,423,424,425,436,437,438,439,440,441,442,443,444,445,446,447,949,1003,1007,1137,1366,1367,1368,1369,1370,1371,1372,1373,1374,1375,1376,1377,1378,1379,1380,1381,1382,1383,1384,1385,1386,
652;0;6656;6740;0;32,48,70,71,72,78,105,106,132,140,149,150,151,153,156,157,159,186,194,195,196,197,198,223,224,225,226,227,228,229,234,277,327,371,382,383,384,393,396,402,423,424,425,436,437,438,439,440,441,442,443,444,445,446,447,949,1003,1007,1137,1366,1367,1368,1369,1370,1371,1372,1373,1374,1375,1376,1377,1378,1379,1380,1381,1382,1383,1384,1385,1386,
514;0;6740;6806;1;32,48,70,71,72,78,105,106,132,140,149,150,151,153,156,157,159,186,194,195,196,197,198,223,224,225,226,227,228,229,234,277,327,371,382,383,384,393,396,402,423,424,425,436,437,438,439,440,441,442,443,444,445,446,447,949,1003,1007,1137,1366,1367,1368,1369,1370,1371,1372,1373,1374,1375,1376,1377,1378,1379,1380,1381,1382,1383,1384,1385,1386,
514;1;6806;6823;1;32,48,70,71,72,78,105,106,132,140,149,150,151,153,156,157,159,186,194,195,196,197,198,223,224,225,226,227,228,229,234,277,327,371,382,383,384,393,396,402,423,424,425,436,437,438,439,440,441,442,443,444,445,446,447,949,1003,1007,1137,1366,1367,1368,1369,1370,1371,1372,1373,1374,1375,1376,1377,1378,1379,1380,1381,1382,1383,1384,1385,1386,
522;0;6823;6827;0;32,48,70,71,72,78,105,106,132,140,149,150,151,153,156,157,159,186,194,195,196,197,198,223,224,225,226,227,228,229,234,277,327,371,382,383,384,393,396,402,423,424,425,436,437,438,439,440,441,442,443,444,445,446,447,949,1003,1007,1137,1366,1367,1368,1369,1370,1371,1372,1373,1374,1375,1376,1377,1378,1379,1380,1381,1382,1383,1384,1385,1386,
307;0;6827;6866;0;32,48,70,71,72,78,105,106,132,140,149,150,151,153,156,157,159,186,194,195,196,197,198,223,224,225,226,227,228,229,234,277,327,371,382,383,384,393,396,402,423,424,425,436,437,438,439,440,441,442,443,444,445,446,447,949,1003,1007,1137,1366,1367,1368,1369,1370,1371,1372,1373,1374,1375,1376,1377,1378,1379,1380,1381,1382,1383,1384,1385,1386,
746;0;7200;7464;1;32,48,70,71,72,105,106,132,140,149,150,151,153,156,157,159,165,186,194,195,196,197,198,223,224,225,226,227,228,229,234,327,371,382,383,384,387,388,389,390,391,392,393,394,395,396,397,398,399,402,436,437,438,439,440,443,446,1366,1367,1368,1369,1370,1371,1372,1373,1374,1375,1376,1377,1378,1379,1380,1381,1382,1383,1384,1385,1386,1523,1524,
746;1;7464;7635;1;32,48,70,71,72,105,106,132,140,149,150,151,153,156,157,159,165,186,194,195,196,197,198,223,224,225,226,227,228,229,234,327,371,382,383,384,387,388,389,390,391,392,393,394,395,396,397,398,399,402,436,437,438,439,440,443,446,1366,1367,1368,1369,1370,1371,1372,1373,1374,1375,1376,1377,1378,1379,1380,1381,1382,1383,1384,1385,1386,1523,1524,
682;0;7635;7674;0;32,48,70,71,72,105,106,132,140,149,150,151,153,156,157,159,165,186,194,195,196,197,198,223,224,225,226,227,228,229,234,327,371,382,383,384,387,388,389,390,391,392,393,394,395,396,397,398,399,402,436,437,438,439,440,443,446,1366,1367,1368,1369,1370,1371,1372,1373,1374,1375,1376,1377,1378,1379,1380,1381,1382,1383,1384,1385,1386,1523,1524,
51;0;7674;7891;1;32,48,70,71,72,105,106,132,140,148,149,150,151,153,156,157,159,165,186,194,195,196,197,198,223,224,225,226,227,228,229,234,327,371,382,383,384,387,388,389,390,391,392,393,394,395,396,397,398,399,402,403,436,437,438,439,440,443,446,1366,1367,1368,1369,1370,1371,1372,1373,1374,1375,1376,1377,1378,1379,1380,1381,1382,1383,1384,1385,1386,
51;1;7891;7971;1;32,48,70,71,72,105,106,123,125,129,132,140,148,149,150,151,153,156,157,186,194,195,196,197,198,223,224,225,226,227,228,229,317,327,335,336,341,343,344,345,371,382,383,384,393,402,403,436,437,443,446,465,519,621,626,639,778,779,780,781,782,783,784,785,786,787,788,789,790,791,792,793,794,795,796,797,798,799,800,801,
457;0;7971;8055;0;32,48,70,71,72,105,106,123,125,129,132,140,148,149,150,151,153,156,157,186,194,195,196,197,198,223,224,225,226,227,228,229,317,327,335,336,341,343,344,345,371,382,383,384,393,402,403,436,437,443,446,465,519,621,626,639,778,779,780,781,782,783,784,785,786,787,788,789,790,791,792,793,794,795,796,797,798,799,800,801,
418;0;8055;8233;0;32,48,70,71,72,105,106,123,125,129,132,140,148,149,150,151,153,156,157,186,194,195,196,197,198,223,224,225,226,227,228,229,317,327,335,336,341,343,344,345,371,382,383,384,393,402,403,436,437,443,446,465,519,621,626,639,778,779,780,781,782,783,784,785,786,787,788,789,790,791,792,793,794,795,796,797,798,799,800,801,
418;1;8233;8274;0;32,48,70,71,72,105,106,123,125,129,132,140,148,149,150,151,153,156,157,186,194,195,196,197,198,223,224,225,226,227,228,229,317,327,335,336,341,343,344,345,371,382,383,384,393,402,403,436,437,443,446,465,519,621,626,639,778,779,780,781,782,783,784,785,786,787,788,789,790,791,792,793,794,795,796,797,798,799,800,801,
70;0;8274;8411;0;32,48,70,71,72,105,106,123,125,129,132,140,148,149,150,151,153,156,157,186,194,195,196,197,198,223,224,225,226,227,228,229,317,327,335,336,341,343,344,345,371,382,383,384,393,402,403,436,437,443,446,465,519,621,626,639,778,779,780,781,782,783,784,785,786,787,788,789,790,791,792,793,794,795,796,797,798,799,800,801,
175;0;8411;8548;0;32,48,70,71,72,105,106,123,125,129,132,140,148,149,150,151,153,156,157,186,194,195,196,197,198,223,224,225,226,227,228,229,317,327,335,336,341,343,344,345,371,382,383,384,393,402,403,436,437,443,446,465,519,621,626,639,778,779,780,781,782,783,784,785,786,787,788,789,790,791,792,793,794,795,796,797,798,799,800,801,
337;0;8548;8649;0;32,48,70,71,72,105,106,123,125,129,132,140,148,149,150,151,153,156,157,186,194,195,196,197,198,223,224,225,226,227,228,229,317,327,335,336,341,343,344,345,371,382,383,384,393,402,403,436,437,443,446,465,519,621,626,639,778,779,780,781,782,783,784,785,786,787,788,789,790,791,792,793,794,795,796,797,798,799,800,801,
390;0;8649;8786;0;32,48,70,71,72,105,106,123,125,129,132,140,148,149,150,151,153,156,157,186,194,195,196,197,198,223,224,225,226,227,228,229,317,327,335,336,341,343,344,345,371,382,383,384,393,402,403,436,437,443,446,465,519,621,626,639,778,779,780,781,782,783,784,785,786,787,788,789,790,791,792,793,794,795,796,797,798,799,800,801,
454;0;8786;8982;1;32,48,70,71,72,105,106,123,125,129,132,140,148,149,150,151,153,156,157,186,194,195,196,197,198,223,224,225,226,227,228,229,317,327,335,336,341,343,344,345,371,382,383,384,393,402,403,436,437,438,439,440,441,442,443,444,445,446,447,465,519,621,626,639,778,779,780,781,782,783,784,785,786,787,788,789,790,791,792,793,
454;1;8982;9079;1;32,48,70,71,72,105,106,123,125,129,132,140,148,149,150,151,153,156,157,186,194,195,196,197,198,223,224,225,226,227,228,229,317,327,335,336,341,343,344,345,371,382,383,384,393,402,403,436,437,438,439,440,441,442,443,444,445,446,447,465,519,621,626,639,778,779,780,781,782,783,784,785,786,787,788,789,790,791,792,793,
722;0;9079;9123;0;2,32,48,70,71,72,73,74,75,76,77,78,79,80,81,82,105,106,123,125,129,132,140,148,149,150,151,153,156,157,186,194,195,196,197,198,223,224,225,226,227,228,229,317,327,335,336,341,343,344,345,371,382,383,384,393,402,403,436,437,438,439,440,441,442,443,444,445,446,447,465,519,621,626,639,778,779,780,781,782,
573;0;9123;9342;0;2,32,48,70,71,72,73,74,75,76,77,78,79,80,81,82,105,106,123,125,129,132,140,148,149,150,151,153,156,157,186,194,195,196,197,198,223,224,225,226,227,228,229,317,327,335,336,341,343,344,345,371,382,383,384,393,402,403,436,437,438,439,440,441,442,443,444,445,446,447,465,519,621,626,639,778,779,780,781,782,
573;1;9342;9517;0;2,32,48,70,71,72,73,74,75,76,77,78,79,80,81,82,105,106,148,149,150,151,153,156,157,159,186,194,195,196,197,198,223,224,225,226,227,228,229,234,371,393,402,403,423,424,425,436,437,438,439,440,441,442,443,444,445,446,447,1366,1367,1368,1369,1370,1371,1372,1373,1374,1375,1376,1377,1378,1379,1380,1381,1382,1383,1384,1385,1386,
394;0;9517;9655;1;2,32,48,70,71,72,73,74,75,76,77,78,79,80,81,82,105,106,148,149,150,151,153,156,157,159,186,194,195,196,197,198,223,224,225,226,227,228,229,234,371,393,402,403,423,424,425,436,437,438,439,440,441,442,443,444,445,446,447,1366,1367,1368,1369,1370,1371,1372,1373,1374,1375,1376,1377,1378,1379,1380,1381,1382,1383,1384,1385,1386,
394;1;9655;9694;1;2,32,48,70,71,72,73,74,75,76,77,78,79,80,81,82,105,106,148,149,150,151,153,156,157,159,186,194,195,196,197,198,223,224,225,226,227,228,229,234,371,393,402,403,423,424,425,436,437,438,439,440,441,442,443,444,445,446,447,1366,1367,1368,1369,1370,1371,1372,1373,1374,1375,1376,1377,1378,1379,1380,1381,1382,1383,1384,1385,1386,
34;0;9694;9796;1;2,32,48,70,71,72,73,74,75,76,77,78,79,80,81,82,105,106,148,149,150,151,153,156,157,159,186,194,195,196,197,198,223,224,225,226,227,228,229,234,371,393,402,403,423,424,425,436,437,438,439,440,441,442,443,444,445,446,447,1366,1367,1368,1369,1370,1371,1372,1373,1374,1375,1376,1377,1378,1379,1380,1381,1382,1383,1384,1385,1386,
34;1;9796;9849;1;2,32,48,70,71,72,73,74,75,76,77,78,79,80,81,82,105,106,148,149,150,151,153,156,157,159,186,194,195,196,197,198,223,224,225,226,227,228,229,234,371,393,402,403,423,424,425,436,437,438,439,440,441,442,443,444,445,446,447,1366,1367,1368,1369,1370,1371,1372,1373,1374,1375,1376,1377,1378,1379,1380,1381,1382,1383,1384,1385,1386,
485;0;9849;9986;0;2,32,48,70,71,72,73,74,75,76,77,78,79,80,81,82,105,106,148,149,150,151,153,156,157,159,186,194,195,196,197,198,223,224,225,226,227,228,229,234,371,393,402,403,423,424,425,436,437,438,439,440,441,442,443,444,445,446,447,1366,1367,1368,1369,1370,1371,1372,1373,1374,1375,1376,1377,1378,1379,1380,1381,1382,1383,1384,1385,1386,
657;0;9986;10025;0;2,32,48,70,71,72,73,74,75,76,77,78,79,80,81,82,105,106,148,149,150,151,153,156,157,159,186,194,195,196,197,198,223,224,225,226,227,228,229,234,371,393,402,403,423,424,425,436,437,438,439,440,441,442,443,444,445,446,447,1366,1367,1368,1369,1370,1371,1372,1373,1374,1375,1376,1377,1378,1379,1380,1381,1382,1383,1384,1385,1386,
247;0;10025;10074;0;2,32,48,70,71,72,73,74,75,76,77,78,79,80,81,82,105,106,148,149,150,151,153,156,157,159,186,194,195,196,197,198,223,224,225,226,227,228,229,234,371,393,402,403,423,424,425,436,437,438,439,440,441,442,443,444,445,446,447,1366,1367,1368,1369,1370,1371,1372,1373,1374,1375,1376,1377,1378,1379,1380,1381,1382,1383,1384,1385,1386,
Machine: 2
326;1;0;115;1;42,44,48,50,51,54,70,71,72,81,87,90,94,105,106,112,113,114,115,116,117,118,119,120,121,150,152,154,155,156,182,183,194,195,196,197,198,199,219,220,224,225,235,245,246,247,248,249,250,251,371,374,445,447,646,698,699,700,701,702,703,872,907,908,909,910,911,912,913,914,915,916,917,918,919,920,921,1263,1264,1409,
701;0;115;251;1;42,44,48,50,51,54,70,71,72,81,87,90,94,105,106,112,113,114,115,116,117,118,119,120,121,150,152,154,155,156,182,183,194,195,196,197,198,199,219,220,224,225,235,245,246,247,248,249,250,251,371,374,445,447,646,698,699,700,701,702,703,872,907,908,909,910,911,912,913,914,915,916,917,918,919,920,921,1263,1264,1409,
701;1;251;357;1;42,44,48,50,51,54,70,71,72,81,87,90,94,105,106,112,113,114,115,116,117,118,119,120,121,150,152,154,155,156,182,183,194,195,196,197,198,199,219,220,224,225,235,245,246,247,248,249,250,251,371,374,445,447,646,698,699,700,701,702,703,872,907,908,909,910,911,912,913,914,915,916,917,918,919,920,921,1263,1264,1409,
490;0;357;419;0;42,44,48,50,51,54,70,71,72,81,87,90,94,105,106,112,113,114,115,116,117,118,119,120,121,150,152,154,155,156,182,183,194,195,196,197,198,199,219,220,224,225,235,245,246,247,248,249,250,251,371,374,445,447,646,698,699,700,701,702,703,872,907,908,909,910,911,912,913,914,915,916,917,918,919,920,921,1263,1264,1409,
257;0;419;449;0;42,44,48,50,51,54,70,71,72,81,87,90,94,105,106,112,113,114,115,116,117,118,119,120,121,150,152,154,155,156,182,183,194,195,196,197,198,199,219,220,224,225,235,245,246,247,248,249,250,251,371,374,445,447,646,698,699,700,701,702,703,872,907,908,909,910,911,912,913,914,915,916,917,918,919,920,921,1263,1264,1409,
534;0;449;630;1;42,44,48,50,51,54,70,71,72,81,87,90,94,105,106,112,113,114,115,116,117,118,119,120,121,150,152,154,155,156,182,183,194,195,196,197,198,199,219,220,224,225,235,245,246,247,248,249,250,251,371,374,445,447,646,698,699,700,701,702,703,872,907,908,909,910,911,912,913,914,915,916,917,918,919,920,921,1263,1264,1409,
534;1;630;781;1;42,44,48,50,51,54,70,71,72,81,87,90,94,105,106,112,113,114,115,116,117,118,119,120,121,150,152,154,155,156,182,183,194,195,196,197,198,199,219,220,224,225,235,245,246,247,248,249,250,251,371,374,445,447,646,698,699,700,701,702,703,872,907,908,909,910,911,912,913,914,915,916,917,918,919,920,921,1263,1264,1409,
434;0;781;863;1;42,44,48,50,51,54,70,71,72,81,87,90,94,105,106,112,113,114,115,116,117,118,119,120,121,150,152,154,155,156,182,183,194,195,196,197,198,199,219,220,224,225,235,245,246,247,248,249,250,251,371,374,445,447,646,698,699,700,701,702,703,872,907,908,909,910,911,912,913,914,915,916,917,918,919,920,921,1263,1264,1409,
434;1;863;915;1;42,44,48,50,51,54,70,71,72,81,87,90,94,105,106,112,113,114,115,116,117,118,119,120,121,150,152,154,155,156,182,183,194,195,196,197,198,199,219,220,224,225,235,245,246,247,248,249,250,251,371,374,445,447,646,698,699,700,701,702,703,872,907,908,909,910,911,912,913,914,915,916,917,918,919,920,921,1263,1264,1409,
30;0;915;1046;0;42,44,48,50,51,54,70,71,72,81,87,90,94,105,106,112,113,114,115,116,117,118,119,120,121,150,152,154,155,156,182,183,194,195,196,197,198,199,219,220,224,225,235,245,246,247,248,249,250,251,371,374,445,447,646,698,699,700,701,702,703,872,907,908,909,910,911,912,913,914,915,916,917,918,919,920,921,1263,1264,1409,
269;0;1046;1119;1;42,44,48,50,51,54,70,71,72,81,87,90,94,105,106,112,113,114,115,116,117,118,119,120,121,150,152,154,155,156,182,183,194,195,196,197,198,199,219,220,224,225,235,245,246,247,248,249,250,251,371,374,445,447,646,698,699,700,701,702,703,872,907,908,909,910,911,912,913,914,915,916,917,918,919,920,921,1263,1264,1409,
269;1;1119;1168;1;42,44,48,50,51,54,70,71,72,81,87,90,94,105,106,112,113,114,115,116,117,118,119,120,121,150,152,154,155,156,182,183,194,195,196,197,198,199,219,220,224,225,235,245,246,247,248,249,250,251,371,374,445,447,646,698,699,700,701,702,703,872,907,908,909,910,911,912,913,914,915,916,917,918,919,920,921,1263,1264,1409,
276;0;1168;1318;1;42,44,48,50,51,54,70,71,72,81,87,90,94,105,106,112,113,114,115,116,117,118,119,120,121,150,152,154,155,156,182,183,194,195,196,197,198,199,219,220,224,225,235,245,246,247,248,249,250,251,371,374,445,447,646,698,699,700,701,702,703,872,907,908,909,910,911,912,913,914,915,916,917,918,919,920,921,1263,1264,1409,
276;1;1318;1406;1;42,44,48,50,51,54,70,71,72,81,87,90,94,105,106,112,113,114,115,116,117,118,119,120,121,150,152,154,155,156,182,183,194,195,196,197,198,199,219,220,224,225,235,245,246,247,248,249,250,251,371,374,445,447,646,698,699,700,701,702,703,872,907,908,909,910,911,912,913,914,915,916,917,918,919,920,921,1263,1264,1409,
393;0;1406;1475;0;42,44,48,50,51,54,70,71,72,81,87,90,94,105,106,112,113,114,115,116,117,118,119,120,121,150,152,154,155,156,182,183,194,195,196,197,198,199,219,220,224,225,235,245,246,247,248,249,250,251,371,374,445,447,646,698,699,700,701,702,703,872,907,908,909,910,911,912,913,914,915,916,917,918,919,920,921,1263,1264,1409,
393;1;1475;1514;0;42,44,48,50,51,54,70,71,72,81,87,90,94,105,106,112,113,114,115,116,117,118,119,120,121,150,152,154,155,156,182,183,194,195,196,197,198,199,219,220,224,225,235,245,246,247,248,249,250,251,371,374,445,447,646,698,699,700,701,702,703,872,907,908,909,910,911,912,913,914,915,916,917,918,919,920,921,1263,1264,1409,
76;0;1514;1763;1;42,44,48,50,51,54,70,71,72,81,87,90,94,105,106,112,113,114,115,116,117,118,119,120,121,150,152,154,155,156,182,183,194,195,196,197,198,199,219,220,224,225,235,245,246,247,248,249,250,251,371,374,445,447,646,698,699,700,701,702,703,872,907,908,909,910,911,912,913,914,915,916,917,918,919,920,921,1263,1264,1409,
76;1;1763;1876;1;42,44,48,50,51,54,70,71,72,81,87,90,94,105,106,112,113,114,115,116,117,118,119,120,121,150,152,154,155,156,182,183,194,195,196,197,198,199,219,220,224,225,235,245,246,247,248,249,250,251,371,374,445,447,646,698,699,700,701,702,703,872,907,908,909,910,911,912,913,914,915,916,917,918,919,920,921,1263,1264,1409,
523;0;1876;2082;0;42,44,48,50,51,54,70,71,72,81,87,90,94,105,106,112,113,114,115,116,117,118,119,120,121,150,152,154,155,156,182,183,194,195,196,197,198,199,219,220,224,225,235,245,246,247,248,249,250,251,371,374,445,447,646,698,699,700,701,702,703,872,907,908,909,910,911,912,913,914,915,916,917,918,919,920,921,1263,1264,1409,
523;1;2082;2226;0;42,44,48,50,51,54,70,71,72,81,87,90,94,105,106,112,113,114,115,116,117,118,119,120,121,150,152,154,155,156,182,183,194,195,196,197,198,199,219,220,224,225,235,245,246,247,248,249,250,251,371,374,445,447,646,698,699,700,701,702,703,872,907,908,909,910,911,912,913,914,915,916,917,918,919,920,921,1263,1264,1409,
593;0;2226;2445;0;42,44,48,50,51,54,70,71,72,81,87,90,94,105,106,112,113,114,115,116,117,118,119,120,121,150,152,154,155,156,182,183,194,195,196,197,198,199,219,220,224,225,235,245,246,247,248,249,250,251,371,374,445,447,646,698,699,700,701,702,703,872,907,908,909,910,911,912,913,914,915,916,917,918,919,920,921,1263,1264,1409,
593;1;2445;2514;0;42,44,48,50,51,54,70,71,72,81,87,90,94,105,106,112,113,114,115,116,117,118,119,120,121,150,152,154,155,156,182,183,194,195,196,197,198,199,219,220,224,225,235,245,246,247,248,249,250,251,371,374,445,447,646,698,699,700,701,702,703,872,907,908,909,910,911,912,913,914,915,916,917,918,919,920,921,1263,1264,1409,
441;0;2514;2824;1;42,44,48,50,51,54,70,71,72,81,87,90,94,105,106,112,113,114,115,116,117,118,119,120,121,150,152,154,155,156,182,183,194,195,196,197,198,199,219,220,224,225,235,245,246,247,248,249,250,251,371,374,445,447,646,698,699,700,701,702,703,872,907,908,909,910,911,912,913,914,915,916,917,918,919,920,921,1263,1264,1409,
441;1;2824;2984;1;42,44,48,50,51,54,70,71,72,81,87,90,94,105,106,112,113,114,115,116,117,118,119,120,121,150,152,154,155,156,182,183,194,195,196,197,198,199,219,220,224,225,235,245,246,247,248,249,250,251,371,374,445,447,646,698,699,700,701,702,703,872,907,908,909,910,911,912,913,914,915,916,917,918,919,920,921,1263,1264,1409,
576;0;2984;3112;1;42,44,48,50,51,54,70,71,72,81,87,90,94,105,106,112,113,114,115,116,117,118,119,120,121,150,152,154,155,156,182,183,194,195,196,197,198,199,219,220,224,225,235,245,246,247,248,249,250,251,371,374,445,447,646,698,699,700,701,702,703,872,907,908,909,910,911,912,913,914,915,916,917,918,919,920,921,1263,1264,1409,
576;1;3112;3210;1;42,44,48,50,51,54,70,71,72,81,87,90,94,105,106,112,113,114,115,116,117,118,119,120,121,150,152,154,155,156,182,183,194,195,196,197,198,199,219,220,224,225,235,245,246,247,248,249,250,251,371,374,445,447,646,698,699,700,701,702,703,872,907,908,909,910,911,912,913,914,915,916,917,918,919,920,921,1263,1264,1409,
417;0;3210;3272;0;42,44,48,50,51,54,70,71,72,81,87,90,94,105,106,112,113,114,115,116,117,118,119,120,121,150,152,154,155,156,182,183,194,195,196,197,198,199,219,220,224,225,235,245,246,247,248,249,250,251,371,374,445,447,646,698,699,700,701,702,703,872,907,908,909,910,911,912,913,914,915,916,917,918,919,920,921,1263,1264,1409,
510;0;3272;3434;0;42,44,48,50,51,54,70,71,72,81,87,90,94,105,106,112,113,114,115,116,117,118,119,120,121,150,152,154,155,156,182,183,194,195,196,197,198,199,219,220,224,225,235,245,246,247,248,249,250,251,371,374,445,447,646,698,699,700,701,702,703,872,907,908,909,910,911,912,913,914,915,916,917,918,919,920,921,1263,1264,1409,
397;0;3434;3515;0;42,44,48,50,51,54,70,71,72,81,87,90,94,104,105,106,112,113,114,115,116,117,118,119,120,121,150,152,154,155,156,182,183,194,195,196,197,198,199,219,220,224,225,228,235,245,246,247,248,249,250,251,371,374,400,402,445,447,646,698,699,700,701,702,703,872,907,908,909,949,950,951,952,953,954,955,956,957,958,959,
539;0;3515;3646;1;32,42,44,48,50,51,54,70,71,72,81,87,90,94,104,105,106,112,113,114,115,116,117,118,119,120,121,132,138,140,150,152,154,155,156,182,183,186,194,195,196,197,198,199,219,220,224,225,228,235,245,246,247,248,249,250,251,327,332,335,345,366,371,374,382,400,402,406,445,447,448,646,698,699,700,701,702,703,872,1028,
539;1;3646;3747;1;32,42,44,48,50,51,54,70,71,72,81,87,90,94,104,105,106,112,113,114,115,116,117,118,119,120,121,132,138,140,150,152,154,155,156,182,183,186,194,195,196,197,198,199,219,220,224,225,228,235,245,246,247,248,249,250,251,327,332,335,345,366,371,374,382,400,402,406,445,447,448,646,698,699,700,701,702,703,872,1028,
395;0;3747;3878;0;32,42,44,48,50,51,54,70,71,72,81,87,90,94,104,105,106,112,113,114,115,116,117,118,119,120,121,132,138,140,150,152,154,155,156,182,183,186,194,195,196,197,198,199,219,220,224,225,228,235,245,246,247,248,249,250,251,327,332,335,345,366,371,374,382,400,402,406,445,447,448,646,698,699,700,701,702,703,872,1028,
329;0;3878;4092;1;32,42,44,48,50,51,54,70,71,72,81,87,90,94,104,105,106,112,113,114,115,116,117,118,119,120,121,132,138,140,150,152,154,155,156,182,183,186,194,195,196,197,198,199,219,220,224,225,228,235,245,246,247,248,249,250,251,327,332,335,345,366,371,374,382,400,402,406,445,447,448,646,698,699,700,701,702,703,872,1028,
329;1;4092;4170;1;32,42,44,48,50,51,54,70,71,72,81,87,90,94,104,105,106,112,113,114,115,116,117,118,119,120,121,132,138,140,150,152,154,155,156,182,183,186,194,195,196,197,198,199,219,220,224,225,228,235,245,246,247,248,249,250,251,327,332,335,345,366,371,374,382,400,402,406,445,447,448,646,698,699,700,701,702,703,872,1028,
264;0;4170;4248;1;32,42,44,48,50,51,54,70,71,72,81,87,90,94,104,105,106,112,113,114,115,116,117,118,119,120,121,132,138,140,150,152,154,155,156,182,183,186,194,195,196,197,198,199,219,220,224,225,228,235,245,246,247,248,249,250,251,327,332,335,345,366,371,374,382,400,402,406,445,447,448,646,698,699,700,701,702,703,872,1028,
264;1;4248;4276;1;32,42,44,48,50,51,54,70,71,72,81,87,90,94,104,105,106,112,113,114,115,116,117,118,119,120,121,132,138,140,150,152,154,155,156,182,183,186,194,195,196,197,198,199,219,220,224,225,228,235,245,246,247,248,249,250,251,327,332,335,345,366,371,374,382,400,402,406,445,447,448,646,698,699,700,701,702,703,872,1028,
560;0;4320;4380;0;42,43,70,71,72,94,104,105,106,122,129,131,132,135,138,139,140,150,152,154,155,182,183,186,194,195,196,197,198,199,219,220,252,304,316,320,332,335,345,358,366,408,412,434,448,456,519,617,618,619,620,621,622,623,624,625,626,627,628,629,630,631,632,633,634,635,636,637,638,639,640,641,642,643,644,645,646,647,648,649,
631;0;4380;4520;1;42,43,70,71,72,94,104,105,106,122,129,131,132,135,138,139,140,150,152,154,155,182,183,186,194,195,196,197,198,199,219,220,252,304,316,320,332,335,345,358,366,408,412,434,448,456,519,617,618,619,620,621,622,623,624,625,626,627,628,629,630,631,632,633,634,635,636,637,638,639,640,641,642,643,644,645,646,647,648,649,
631;1;4520;4600;1;42,43,70,71,72,94,104,105,106,122,129,131,132,135,138,139,140,150,152,154,155,182,183,186,194,195,196,197,198,199,219,220,252,304,316,320,332,335,345,358,366,408,412,434,448,456,519,617,618,619,620,621,622,623,624,625,626,627,628,629,630,631,632,633,634,635,636,637,638,639,640,641,642,643,644,645,646,647,648,649,
37;0;4600;4650;0;42,43,70,71,72,94,104,105,106,122,129,131,132,135,138,139,140,150,152,154,155,182,183,186,194,195,196,197,198,199,219,220,252,304,316,320,332,335,345,358,366,408,412,434,448,456,519,617,618,619,620,621,622,623,624,625,626,627,628,629,630,631,632,633,634,635,636,637,638,639,640,641,642,643,644,645,646,647,648,649,
194;0;4650;4770;1;42,43,70,71,72,94,104,105,106,122,129,131,132,135,138,139,140,150,152,154,155,182,183,186,194,195,196,197,198,199,219,220,252,304,316,320,332,335,345,358,366,408,412,434,448,456,519,617,618,619,620,621,622,623,624,625,626,627,628,629,630,631,632,633,634,635,636,637,638,639,640,641,642,643,644,645,646,647,648,649,
194;1;4770;4830;1;42,43,70,71,72,94,104,105,106,122,129,131,132,135,138,139,140,150,152,154,155,182,183,186,194,195,196,197,198,199,219,220,252,304,316,320,332,335,345,358,366,408,412,434,448,456,519,617,618,619,620,621,622,623,624,625,626,627,628,629,630,631,632,633,634,635,636,637,638,639,640,641,642,643,644,645,646,647,648,649,
638;0;4830;5031;0;42,43,70,71,72,94,104,105,106,122,129,131,132,135,138,139,140,150,152,154,155,182,183,186,194,195,196,197,198,199,219,220,252,304,316,320,332,335,345,358,366,408,412,434,448,456,519,617,618,619,620,621,622,623,624,625,626,627,628,629,630,631,632,633,634,635,636,637,638,639,640,641,642,643,644,645,646,647,648,649,
638;1;5031;5182;0;43,70,71,93,94,95,96,97,98,99,100,101,102,103,104,105,106,122,129,131,132,135,136,138,139,140,147,148,186,252,254,304,316,320,332,335,345,358,366,403,408,412,434,448,456,518,519,522,527,617,618,619,620,621,622,623,624,625,626,627,628,629,630,631,632,633,634,635,636,637,638,639,640,641,642,643,763,811,812,813,
6;0;5182;5320;1;43,70,71,93,94,95,96,97,98,99,100,101,102,103,104,105,106,122,129,131,132,135,136,138,139,140,147,148,186,252,254,304,316,320,332,335,345,358,366,403,408,412,434,448,456,518,519,522,527,617,618,619,620,621,622,623,624,625,626,627,628,629,630,631,632,633,634,635,636,637,638,639,640,641,642,643,763,811,812,813,
6;1;5320;5368;1;43,70,71,93,94,95,96,97,98,99,100,101,102,103,104,105,106,122,129,131,132,135,136,138,139,140,147,148,186,252,254,304,316,320,332,335,345,358,366,403,408,412,434,448,456,518,519,522,527,617,618,619,620,621,622,623,624,625,626,627,628,629,630,631,632,633,634,635,636,637,638,639,640,641,642,643,763,811,812,813,
747;0;5368;5395;0;43,70,71,93,94,95,96,97,98,99,100,101,102,103,104,105,106,122,129,131,132,135,136,138,139,140,147,148,186,252,254,304,316,320,332,335,345,358,366,403,408,412,434,448,456,518,519,522,527,617,618,619,620,621,622,623,624,625,626,627,628,629,630,631,632,633,634,635,636,637,638,639,640,641,642,643,763,811,812,813,
469;0;5395;5600;1;43,70,71,93,94,95,96,97,98,99,100,101,102,103,104,105,106,122,129,131,132,135,136,138,139,140,147,148,186,252,254,304,316,320,332,335,345,358,366,403,408,412,434,448,456,518,519,522,527,617,618,619,620,621,622,623,624,625,626,627,628,629,630,631,632,633,634,635,636,637,638,639,640,641,642,643,763,811,812,813,
469;1;5600;5661;1;43,70,71,93,94,95,96,97,98,99,100,101,102,103,104,105,106,122,129,131,132,135,136,138,139,140,147,148,186,252,254,304,316,320,332,335,345,358,366,403,408,412,434,448,456,518,519,522,527,617,618,619,620,621,622,623,624,625,626,627,628,629,630,631,632,633,634,635,636,637,638,639,640,641,642,643,763,811,812,813,
112;0;5661;5711;0;43,70,71,93,94,95,96,97,98,99,100,101,102,103,104,105,106,122,129,131,132,135,136,138,139,140,147,148,186,252,254,304,316,320,332,335,345,358,366,403,408,412,434,448,456,518,519,522,527,617,618,619,620,621,622,623,624,625,626,627,628,629,630,631,632,633,634,635,636,637,638,639,640,641,642,643,763,811,812,813,
215;0;5711;5761;0;43,70,71,93,94,95,96,97,98,99,100,101,102,103,104,105,106,122,129,131,132,135,136,138,139,140,147,148,186,252,254,304,316,320,332,335,345,358,366,403,408,412,434,448,456,518,519,522,527,617,618,619,620,621,622,623,624,625,626,627,628,629,630,631,632,633,634,635,636,637,638,639,640,641,642,643,763,811,812,813,
488;0;5761;5965;0;43,70,71,93,94,95,96,97,98,99,100,101,102,103,104,105,106,122,129,131,132,135,136,138,139,140,147,148,186,252,254,304,316,320,332,335,345,358,366,403,408,412,434,448,456,518,519,522,527,617,618,619,620,621,622,623,624,625,626,627,628,629,630,631,632,633,634,635,636,637,638,639,640,641,642,643,763,811,812,813,
488;1;5965;6142;0;43,70,71,93,94,95,96,97,98,99,100,101,102,103,104,105,106,122,129,131,132,135,136,138,139,140,147,148,186,252,254,304,316,320,332,335,345,358,366,403,408,412,434,448,456,518,519,522,527,617,618,619,620,621,622,623,624,625,626,627,628,629,630,631,632,633,634,635,636,637,638,639,640,641,642,643,763,811,812,813,
675;0;6142;6169;0;43,70,71,93,94,95,96,97,98,99,100,101,102,103,104,105,106,122,129,131,132,135,136,138,139,140,147,148,186,252,254,304,316,320,332,335,345,358,366,403,408,412,434,448,456,518,519,522,527,617,618,619,620,621,622,623,624,625,626,627,628,629,630,631,632,633,634,635,636,637,638,639,640,641,642,643,763,811,812,813,
9;0;6169;6312;1;43,70,71,93,94,95,96,97,105,106,122,123,124,125,126,127,128,129,130,131,132,133,134,135,136,137,138,139,140,141,186,252,254,304,316,320,332,345,358,366,408,412,434,448,456,518,519,522,527,617,618,619,620,621,622,623,624,625,626,627,628,629,630,631,632,633,634,635,636,637,638,639,640,641,642,643,763,811,812,813,
9;1;6312;6392;1;43,70,71,93,94,95,96,97,105,106,122,123,124,125,126,127,128,129,130,131,132,133,134,135,136,137,138,139,140,141,186,252,254,304,316,320,332,345,358,366,408,412,434,448,456,518,519,522,527,617,618,619,620,621,622,623,624,625,626,627,628,629,630,631,632,633,634,635,636,637,638,639,640,641,642,643,763,811,812,813,
462;0;6392;6455;0;43,70,71,93,94,95,96,97,105,106,122,123,124,125,126,127,128,129,130,131,132,133,134,135,136,137,138,139,140,141,186,252,254,304,316,320,332,345,358,366,408,412,434,448,456,518,519,522,527,617,618,619,620,621,622,623,624,625,626,627,628,629,630,631,632,633,634,635,636,637,638,639,640,641,642,643,763,811,812,813,
53;0;6455;6651;0;43,70,71,105,106,122,123,124,125,126,127,128,129,130,131,132,133,134,135,136,137,138,139,140,141,186,252,254,304,316,320,332,345,358,366,408,412,434,456,518,519,522,527,617,618,619,620,621,622,623,624,625,626,627,628,629,630,631,632,633,634,635,636,637,638,639,640,641,642,643,644,645,646,647,648,649,763,811,812,813,
53;1;6651;6787;0;43,70,71,105,106,122,123,124,125,126,127,128,129,130,131,132,133,134,135,136,137,138,139,140,141,186,252,254,304,316,320,332,345,358,366,408,412,434,456,518,519,522,527,617,618,619,620,621,622,623,624,625,626,627,628,629,630,631,632,633,634,635,636,637,638,639,640,641,642,643,644,645,646,647,648,649,763,811,812,813,
656;0;6787;6966;1;43,70,71,105,106,122,123,124,125,126,127,128,129,130,131,132,133,134,135,136,137,138,139,140,141,186,252,254,304,316,320,332,345,358,366,408,412,434,456,518,519,522,527,617,618,619,620,621,622,623,624,625,626,627,628,629,630,631,632,633,634,635,636,637,638,639,640,641,642,643,644,645,646,647,648,649,763,811,812,813,
656;1;6966;7085;1;43,70,71,105,106,122,123,124,125,126,127,128,129,130,131,132,133,134,135,136,137,138,139,140,141,186,252,254,304,316,320,332,345,358,366,408,412,434,456,518,519,522,527,617,618,619,620,621,622,623,624,625,626,627,628,629,630,631,632,633,634,635,636,637,638,639,640,641,642,643,644,645,646,647,648,649,763,811,812,813,
707;0;7085;7145;0;43,70,71,105,106,122,123,124,125,126,127,128,129,130,131,132,133,134,135,136,137,138,139,140,141,186,252,254,304,316,320,332,345,358,366,408,412,434,456,518,519,522,527,617,618,619,620,621,622,623,624,625,626,627,628,629,630,631,632,633,634,635,636,637,638,639,640,641,642,643,644,645,646,647,648,649,763,811,812,813,
647;0;7145;7208;0;43,70,71,105,106,122,123,124,125,126,127,128,129,130,131,132,133,134,135,136,137,138,139,140,141,186,252,254,304,316,320,332,345,358,366,408,412,434,456,518,519,522,527,617,618,619,620,621,622,623,624,625,626,627,628,629,630,631,632,633,634,635,636,637,638,639,640,641,642,643,644,645,646,647,648,649,763,811,812,813,
140;0;7208;7235;0;43,70,71,105,106,122,123,124,125,126,127,128,129,130,131,132,133,134,135,136,137,138,139,140,141,186,252,254,304,316,320,332,345,358,366,408,412,434,456,518,519,522,527,617,618,619,620,621,622,623,624,625,626,627,628,629,630,631,632,633,634,635,636,637,638,639,640,641,642,643,644,645,646,647,648,649,763,811,812,813,
85;0;7235;7262;0;43,70,71,105,106,122,123,124,125,126,127,128,129,130,131,132,133,134,135,136,137,138,139,140,141,186,252,254,304,316,320,332,345,358,366,408,412,434,456,518,519,522,527,617,618,619,620,621,622,623,624,625,626,627,628,629,630,631,632,633,634,635,636,637,638,639,640,641,642,643,644,645,646,647,648,649,763,811,812,813,
137;0;7262;7442;0;42,43,61,70,71,72,105,106,122,123,124,125,126,127,128,129,132,134,135,136,138,140,149,150,151,153,155,173,182,183,186,194,195,196,197,198,199,200,201,202,203,204,205,206,207,208,209,210,211,212,213,214,215,216,217,218,219,220,221,222,252,254,304,316,320,332,345,358,366,408,412,518,519,522,527,626,627,636,639,763,
604;0;7442;7460;1;42,61,70,71,72,105,106,128,132,134,135,140,142,149,150,151,152,153,154,155,156,157,158,159,160,161,162,163,164,165,166,167,168,169,170,171,172,173,174,175,176,177,178,179,180,181,182,183,184,194,195,196,197,198,199,200,201,202,203,204,205,206,207,208,209,210,211,212,213,214,215,216,217,218,219,220,221,222,252,254,
604;1;7460;7464;1;42,61,70,71,72,105,106,128,132,134,135,140,142,149,150,151,152,153,154,155,156,157,158,159,160,161,162,163,164,165,166,167,168,169,170,171,172,173,174,175,176,177,178,179,180,181,182,183,184,194,195,196,197,198,199,200,201,202,203,204,205,206,207,208,209,210,211,212,213,214,215,216,217,218,219,220,221,222,252,254,
504;0;7464;7718;1;42,61,70,71,72,105,106,128,132,134,135,140,142,149,150,151,152,153,154,155,156,157,158,159,160,161,162,163,164,165,166,167,168,169,170,171,172,173,174,175,176,177,178,179,180,181,182,183,184,194,195,196,197,198,199,200,201,202,203,204,205,206,207,208,209,210,211,212,213,214,215,216,217,218,219,220,221,222,252,254,
504;1;7718;7792;1;42,61,70,71,72,105,106,128,132,134,135,140,142,149,150,151,152,153,154,155,156,157,158,159,160,161,162,163,164,165,166,167,168,169,170,171,172,173,174,175,176,177,178,179,180,181,182,183,184,194,195,196,197,198,199,200,201,202,203,204,205,206,207,208,209,210,211,212,213,214,215,216,217,218,219,220,221,222,252,254,
555;0;7792;7806;0;42,61,70,71,72,105,106,128,132,134,135,140,142,149,150,151,152,153,154,155,156,157,158,159,160,161,162,163,164,165,166,167,168,169,170,171,172,173,174,175,176,177,178,179,180,181,182,183,184,194,195,196,197,198,199,200,201,202,203,204,205,206,207,208,209,210,211,212,213,214,215,216,217,218,219,220,221,222,252,254,
24;0;7806;7948;1;42,61,70,71,72,105,106,128,135,142,149,150,151,152,153,154,155,156,157,158,159,160,161,162,163,164,165,166,167,168,169,170,171,172,173,174,175,176,177,178,179,180,181,182,183,184,194,195,196,197,198,199,200,201,202,203,204,205,206,207,208,209,210,211,212,213,214,215,216,217,218,219,220,221,222,252,378,379,380,381,
24;1;7948;8078;1;42,61,70,71,72,105,106,128,135,142,149,150,151,152,153,154,155,156,157,158,159,160,161,162,163,164,165,166,167,168,169,170,171,172,173,174,175,176,177,178,179,180,181,182,183,184,194,195,196,197,198,199,200,201,202,203,204,205,206,207,208,209,210,211,212,213,214,215,216,217,218,219,220,221,222,252,378,379,380,381,
173;0;8078;8250;0;42,61,70,71,72,105,106,128,135,142,149,150,151,152,153,154,155,156,157,158,159,160,161,162,163,164,165,166,167,168,169,170,171,172,173,174,175,176,177,178,179,180,181,182,183,184,194,195,196,197,198,199,200,201,202,203,204,205,206,207,208,209,210,211,212,213,214,215,216,217,218,219,220,221,222,252,378,379,380,381,
173;1;8250;8408;0;42,61,70,71,72,105,106,128,135,142,149,150,151,152,153,154,155,156,157,158,159,160,161,162,163,164,165,166,167,168,169,170,171,172,173,174,175,176,177,178,179,180,181,182,183,184,194,195,196,197,198,199,200,201,202,203,204,205,206,207,208,209,210,211,212,213,214,215,216,217,218,219,220,221,222,252,378,379,380,381,
284;0;8408;8613;1;42,61,70,71,72,105,106,128,135,142,149,150,151,152,153,154,155,156,157,158,159,160,161,162,163,164,165,166,167,168,169,170,171,172,173,174,175,176,177,178,179,180,181,182,183,184,194,195,196,197,198,199,200,201,202,203,204,205,206,207,208,209,210,211,212,213,214,215,216,217,218,219,220,221,222,252,378,379,380,381,
284;1;8613;8638;1;42,61,70,71,72,105,106,128,135,142,149,150,151,152,153,154,155,156,157,158,159,160,161,162,163,164,165,166,167,168,169,170,171,172,173,174,175,176,177,178,179,180,181,182,183,184,194,195,196,197,198,199,200,201,202,203,204,205,206,207,208,209,210,211,212,213,214,215,216,217,218,219,220,221,222,252,378,379,380,381,
391;0;8640;8766;1;42,61,70,71,72,93,105,106,128,135,142,149,150,151,152,153,154,155,156,157,158,159,160,161,162,163,164,165,166,167,168,169,170,171,172,173,174,175,176,177,178,179,180,181,182,183,184,194,195,196,197,198,199,200,201,202,203,204,205,206,207,208,209,210,211,212,213,214,215,216,217,218,219,220,221,252,378,379,380,381,
391;1;8766;8802;1;42,61,70,71,72,93,105,106,128,135,142,149,150,151,152,153,154,155,156,157,158,159,160,161,162,163,164,165,166,167,168,169,170,171,172,173,174,175,176,177,178,179,180,181,182,183,184,194,195,196,197,198,199,200,201,202,203,204,205,206,207,208,209,210,211,212,213,214,215,216,217,218,219,220,221,252,378,379,380,381,
124;0;8802;8827;1;42,61,70,71,72,93,105,106,128,135,142,149,150,151,152,153,154,155,156,157,158,159,160,161,162,163,164,165,166,167,168,169,170,171,172,173,174,175,176,177,178,179,180,181,182,183,184,194,195,196,197,198,199,200,201,202,203,204,205,206,207,208,209,210,211,212,213,214,215,216,217,218,219,220,221,252,378,379,380,381,
124;1;8827;8838;1;42,61,70,71,72,93,105,106,128,135,142,149,150,151,152,153,154,155,156,157,158,159,160,161,162,163,164,165,166,167,168,169,170,171,172,173,174,175,176,177,178,179,180,181,182,183,184,194,195,196,197,198,199,200,201,202,203,204,205,206,207,208,209,210,211,212,213,214,215,216,217,218,219,220,221,252,378,379,380,381,
286;0;8838;8929;1;42,61,70,71,72,93,105,106,128,135,142,149,150,151,152,153,154,155,156,157,158,159,160,161,162,163,164,165,166,167,168,169,170,171,172,173,174,175,176,177,178,179,180,181,182,183,184,194,195,196,197,198,199,200,201,202,203,204,205,206,207,208,209,210,211,212,213,214,215,216,217,218,219,220,221,252,378,379,380,381,
286;1;8929;9006;1;42,61,70,71,72,93,105,106,128,135,142,149,150,151,152,153,154,155,156,157,158,159,160,161,162,163,164,165,166,167,168,169,170,171,172,173,174,175,176,177,178,179,180,181,182,183,184,194,195,196,197,198,199,200,201,202,203,204,205,206,207,208,209,210,211,212,213,214,215,216,217,218,219,220,221,252,378,379,380,381,
368;0;9006;9064;0;42,61,70,71,72,93,105,106,128,135,142,149,150,151,152,153,154,155,156,157,158,159,160,161,162,163,164,165,166,167,168,169,170,171,172,173,174,175,176,177,178,179,180,181,182,183,184,194,195,196,197,198,199,200,201,202,203,204,205,206,207,208,209,210,211,212,213,214,215,216,217,218,219,220,221,252,378,379,380,381,
368;1;9064;9108;0;42,61,70,71,72,93,105,106,128,135,142,149,150,151,152,153,154,155,156,157,158,159,160,161,162,163,164,165,166,167,168,169,170,171,172,173,174,175,176,177,178,179,180,181,182,183,184,194,195,196,197,198,199,200,201,202,203,204,205,206,207,208,209,210,211,212,213,214,215,216,217,218,219,220,221,252,378,379,380,381,
623;0;9108;9231;0;32,42,61,70,71,72,105,106,128,135,142,149,150,151,152,153,154,155,156,157,158,159,160,161,162,163,164,165,166,167,168,169,170,171,172,173,174,175,176,177,178,179,180,181,182,183,184,194,195,196,197,198,199,200,201,202,203,204,252,253,254,255,256,257,258,259,260,261,262,263,264,265,266,267,268,269,378,379,380,381,
623;1;9231;9257;0;32,42,61,70,71,72,105,106,128,135,142,149,150,151,152,153,154,155,156,157,158,159,160,161,162,163,164,165,166,167,168,169,170,171,172,173,174,175,176,177,178,179,180,181,182,183,184,194,195,196,197,198,199,200,201,202,203,204,252,253,254,255,256,257,258,259,260,261,262,263,264,265,266,267,268,269,378,379,380,381,
690;0;9257;9299;0;32,42,61,64,65,66,67,68,69,70,71,72,105,106,128,135,142,149,150,151,152,153,154,155,156,157,158,159,160,161,162,163,164,165,166,167,168,169,170,171,172,173,174,175,176,177,178,179,180,181,182,183,184,194,195,196,197,198,199,200,201,202,203,204,252,253,254,255,256,257,258,259,263,264,265,269,378,379,380,381,
11;0;9299;9433;1;27,32,42,61,70,71,72,105,106,142,149,150,151,152,153,154,155,156,157,158,159,160,161,162,163,164,165,166,167,168,169,170,171,172,173,174,175,176,177,178,179,180,181,182,183,184,194,195,196,197,198,199,200,201,202,203,204,252,253,263,264,265,269,307,368,378,379,380,381,485,596,613,710,713,943,944,945,946,947,948,
11;1;9433;9553;1;27,32,42,61,70,71,72,105,106,142,149,150,151,152,153,154,155,156,157,158,159,160,161,162,163,164,165,166,167,168,169,170,171,172,173,174,175,176,177,178,179,180,181,182,183,184,194,195,196,197,198,199,200,201,202,203,204,252,253,263,264,265,269,307,368,378,379,380,381,485,596,613,710,713,943,944,945,946,947,948,
489;0;9553;9660;1;27,32,42,61,70,71,72,105,106,142,149,150,151,152,153,154,155,156,157,158,159,160,161,162,163,164,165,166,167,168,169,170,171,172,173,174,175,176,177,178,179,180,181,182,183,184,194,195,196,197,198,199,200,201,202,203,204,252,253,263,264,265,269,307,368,378,379,380,381,485,596,613,710,713,943,944,945,946,947,948,
489;1;9660;9755;1;27,32,42,61,70,71,72,105,106,142,149,150,151,152,153,154,155,156,157,158,159,160,161,162,163,164,165,166,167,168,169,170,171,172,173,174,175,176,177,178,179,180,181,182,183,184,194,195,196,197,198,199,200,201,202,203,204,252,253,263,264,265,269,307,368,378,379,380,381,485,596,613,710,713,943,944,945,946,947,948,
113;0;9755;9897;0;27,32,42,61,70,71,72,105,106,142,149,150,151,152,153,154,155,156,157,158,159,160,161,162,163,164,165,166,167,168,169,170,171,172,173,174,175,176,177,178,179,180,181,182,183,184,194,195,196,197,198,199,200,201,202,203,204,252,253,263,264,265,269,307,368,378,379,380,381,485,596,613,710,713,943,944,945,946,947,948,
113;1;9897;9950;0;27,32,42,61,70,71,72,105,106,142,149,150,151,152,153,154,155,156,157,158,159,160,161,162,163,164,165,166,167,168,169,170,171,172,173,174,175,176,177,178,179,180,181,182,183,184,194,195,196,197,198,199,200,201,202,203,204,252,253,263,264,265,269,307,368,378,379,380,381,485,596,613,710,713,943,944,945,946,947,948,
Machine: 3
481;0;0;233;1;32,35,44,51,52,54,79,81,83,84,85,86,87,88,89,90,91,92,132,135,138,140,147,186,263,297,298,299,300,301,302,303,304,305,306,307,308,309,327,334,335,336,337,338,339,340,341,342,343,344,345,346,347,348,349,350,351,352,353,354,355,356,357,358,359,360,361,362,363,364,382,383,384,396,410,420,421,422,827,828,
481;1;233;393;1;32,35,44,51,52,54,79,81,83,84,85,86,87,88,89,90,91,92,132,135,138,140,147,186,263,297,298,299,300,301,302,303,304,305,306,307,308,309,327,334,335,336,337,338,339,340,341,342,343,344,345,346,347,348,349,350,351,352,353,354,355,356,357,358,359,360,361,362,363,364,382,383,384,396,410,420,421,422,827,828,
626;0;393;606;1;32,35,44,51,52,54,79,81,83,84,85,86,87,88,89,90,91,92,132,135,138,140,147,186,263,297,298,299,300,301,302,303,304,305,306,307,308,309,327,334,335,336,337,338,339,340,341,342,343,344,345,346,347,348,349,350,351,352,353,354,355,356,357,358,359,360,361,362,363,364,382,383,384,396,410,420,421,422,827,828,
626;1;606;753;1;32,35,44,51,52,54,79,81,83,84,85,86,87,88,89,90,91,92,132,135,138,140,147,186,263,297,298,299,300,301,302,303,304,305,306,307,308,309,327,334,335,336,337,338,339,340,341,342,343,344,345,346,347,348,349,350,351,352,353,354,355,356,357,358,359,360,361,362,363,364,382,383,384,396,410,420,421,422,827,828,
153;0;753;921;0;32,35,44,51,52,54,79,81,83,84,85,86,87,88,89,90,91,92,132,135,138,140,147,186,263,297,298,299,300,301,302,303,304,305,306,307,308,309,327,334,335,336,337,338,339,340,341,342,343,344,345,346,347,348,349,350,351,352,353,354,355,356,357,358,359,360,361,362,363,364,382,383,384,396,410,420,421,422,827,828,
153;1;921;955;0;32,35,44,51,52,54,79,81,83,84,85,86,87,88,89,90,91,92,132,135,138,140,147,186,263,297,298,299,300,301,302,303,304,305,306,307,308,309,327,334,335,336,337,338,339,340,341,342,343,344,345,346,347,348,349,350,351,352,353,354,355,356,357,358,359,360,361,362,363,364,382,383,384,396,410,420,421,422,827,828,
89;0;955;1058;1;32,35,44,51,52,54,79,81,83,84,85,86,87,88,89,90,91,92,132,135,138,140,147,186,263,297,298,299,300,301,302,303,304,305,306,307,308,309,327,334,335,336,337,338,339,340,341,342,343,344,345,346,347,348,349,350,351,352,353,354,355,356,357,358,359,360,361,362,363,364,382,383,384,396,410,420,421,422,827,828,
89;1;1058;1077;1;32,35,44,51,52,54,79,81,83,84,85,86,87,88,89,90,91,92,132,135,138,140,147,186,263,297,298,299,300,301,302,303,304,305,306,307,308,309,327,334,335,336,337,338,339,340,341,342,343,344,345,346,347,348,349,350,351,352,353,354,355,356,357,358,359,360,361,362,363,364,382,383,384,396,410,420,421,422,827,828,
241;0;1077;1292;1;32,35,44,51,52,54,79,81,83,84,85,86,87,88,89,90,91,92,132,135,138,140,147,186,263,297,298,299,300,301,302,303,304,305,306,307,308,309,327,334,335,336,337,338,339,340,341,342,343,344,345,346,347,348,349,350,351,352,353,354,355,356,357,358,359,360,361,362,363,364,382,383,384,396,410,420,421,422,827,828,
241;1;1292;1364;1;32,35,44,51,52,54,79,81,83,84,85,86,87,88,89,90,91,92,132,135,138,140,147,186,263,297,298,299,300,301,302,303,304,305,306,307,308,309,327,334,335,336,337,338,339,340,341,342,343,344,345,346,347,348,349,350,351,352,353,354,355,356,357,358,359,360,361,362,363,364,382,383,384,396,410,420,421,422,827,828,
649;0;1364;1608;1;32,35,44,51,52,54,79,81,83,84,85,86,87,88,89,90,91,92,132,135,138,140,147,186,263,297,298,299,300,301,302,303,304,305,306,307,308,309,327,334,335,336,337,338,339,340,341,342,343,344,345,346,347,348,349,350,351,352,353,354,355,356,357,358,359,360,361,362,363,364,382,383,384,396,410,420,421,422,827,828,
649;1;1608;1703;1;32,35,44,51,52,54,79,81,83,84,85,86,87,88,89,90,91,92,132,135,138,140,147,186,263,297,298,299,300,301,302,303,304,305,306,307,308,309,327,334,335,336,337,338,339,340,341,342,343,344,345,346,347,348,349,350,351,352,353,354,355,356,357,358,359,360,361,362,363,364,382,383,384,396,410,420,421,422,827,828,
33;0;1703;1985;0;32,35,44,51,52,54,79,81,83,84,85,86,87,88,89,90,91,92,132,135,138,140,147,186,263,297,298,299,300,301,302,303,304,305,306,307,308,309,327,334,335,336,337,338,339,340,341,342,343,344,345,346,347,348,349,350,351,352,353,354,355,356,357,358,359,360,361,362,363,364,382,383,384,396,410,420,421,422,827,828,
33;1;1985;2124;0;32,35,44,51,52,54,79,81,83,84,85,86,87,88,89,90,91,92,132,135,138,140,147,186,263,297,298,299,300,301,302,303,304,305,306,307,308,309,327,334,335,336,337,338,339,340,341,342,343,344,345,346,347,348,349,350,351,352,353,354,355,356,357,358,359,360,361,362,363,364,382,383,384,396,410,420,421,422,827,828,
91;0;2124;2328;1;32,35,44,51,52,54,79,81,83,84,85,86,87,88,89,92,132,135,138,140,147,186,263,297,298,299,300,301,302,303,304,305,306,307,308,309,327,334,335,336,337,338,339,340,341,342,343,344,345,346,347,348,349,350,351,352,353,354,355,356,357,358,359,360,361,362,363,364,365,366,367,368,382,396,410,420,421,422,827,828,
91;1;2328;2383;1;32,35,44,51,52,54,79,81,83,84,85,86,87,88,89,92,132,135,138,140,147,186,263,297,298,299,300,301,302,303,304,305,306,307,308,309,327,334,335,336,337,338,339,340,341,342,343,344,345,346,347,348,349,350,351,352,353,354,355,356,357,358,359,360,361,362,363,364,365,366,367,368,382,396,410,420,421,422,827,828,
260;0;2383;2526;0;32,35,44,51,52,54,79,81,83,84,85,86,87,88,89,92,132,135,138,140,147,186,263,297,298,299,300,301,302,303,304,305,306,307,308,309,327,334,335,336,337,338,339,340,341,342,343,344,345,346,347,348,349,350,351,352,353,354,355,356,357,358,359,360,361,362,363,364,365,366,367,368,382,396,410,420,421,422,827,828,
558;0;2526;2776;0;32,35,44,51,52,54,79,81,83,84,85,86,87,88,89,92,132,135,138,140,147,186,263,297,298,299,300,301,302,303,304,305,306,307,308,309,327,334,335,336,337,338,339,340,341,342,343,344,345,346,347,348,349,350,351,352,353,354,355,356,357,358,359,360,361,362,363,364,365,366,367,368,382,396,410,420,421,422,827,828,
558;1;2776;2917;0;32,35,44,51,52,54,79,81,83,84,85,86,87,88,89,92,132,135,138,140,147,186,263,297,298,299,300,301,302,303,304,305,306,307,308,309,327,334,335,336,337,338,339,340,341,342,343,344,345,346,347,348,349,350,351,352,353,354,355,356,357,358,359,360,361,362,363,364,365,366,367,368,382,396,410,420,421,422,827,828,
459;0;2917;3236;1;32,35,44,51,52,54,79,81,83,84,85,86,87,88,89,92,132,135,138,140,147,186,263,297,298,299,300,301,302,303,304,305,306,307,308,309,327,334,335,336,337,338,339,340,341,342,343,344,345,346,347,348,349,350,351,352,353,354,355,356,357,358,359,360,361,362,363,364,365,366,367,368,382,396,410,420,421,422,827,828,
459;1;3236;3406;1;32,35,44,51,52,54,79,81,83,84,85,86,87,88,89,92,132,135,138,140,147,186,263,297,298,299,300,301,302,303,304,305,306,307,308,309,327,334,335,336,337,338,339,340,341,342,343,344,345,346,347,348,349,350,351,352,353,354,355,356,357,358,359,360,361,362,363,364,365,366,367,368,382,396,410,420,421,422,827,828,
646;0;3406;3560;1;32,35,44,51,52,54,79,81,83,84,85,86,87,88,89,92,132,135,138,140,147,186,263,297,298,299,300,301,302,303,304,305,306,307,308,309,327,334,335,336,337,338,339,340,341,342,343,344,345,346,347,348,349,350,351,352,353,354,355,356,357,358,359,360,361,362,363,364,365,366,367,368,382,396,410,420,421,422,827,828,
646;1;3560;3571;1;32,35,44,51,52,54,79,81,83,84,85,86,87,88,89,92,132,135,138,140,147,186,263,297,298,299,300,301,302,303,304,305,306,307,308,309,327,334,335,336,337,338,339,340,341,342,343,344,345,346,347,348,349,350,351,352,353,354,355,356,357,358,359,360,361,362,363,364,365,366,367,368,382,396,410,420,421,422,827,828,
677;0;3571;3714;0;32,35,79,132,135,138,140,147,186,260,263,297,298,299,300,301,302,303,304,305,306,307,308,309,327,334,335,336,337,338,339,340,341,342,343,344,345,346,347,348,349,350,351,352,353,354,355,356,357,358,359,360,361,362,363,364,365,366,367,368,396,410,420,421,422,554,639,827,828,1077,1078,1079,1080,1081,1082,1083,1084,1085,1086,1087,
21;0;3714;3987;1;32,35,79,132,135,138,140,147,186,260,263,297,298,299,300,301,302,303,304,305,306,307,308,309,327,334,335,336,337,338,339,340,341,342,343,344,345,346,347,348,349,350,351,352,353,354,355,356,357,358,359,360,361,362,363,364,365,366,367,368,396,410,420,421,422,554,639,827,828,1077,1078,1079,1080,1081,1082,1083,1084,1085,1086,1087,
21;1;3987;4151;1;32,35,79,132,135,138,140,147,186,260,263,297,298,299,300,301,302,303,304,305,306,307,308,309,327,334,335,336,337,338,339,340,341,342,343,344,345,346,347,348,349,350,351,352,353,354,355,356,357,358,359,360,361,362,363,364,365,366,367,368,396,410,420,421,422,554,639,827,828,1077,1078,1079,1080,1081,1082,1083,1084,1085,1086,1087,
616;0;4151;4292;1;32,35,79,132,135,138,140,147,186,260,263,297,298,299,300,301,302,303,304,305,306,307,308,309,327,334,335,336,337,338,339,340,341,342,343,344,345,346,347,348,349,350,351,352,353,354,355,356,357,358,359,360,361,362,363,364,365,366,367,368,396,410,420,421,422,554,639,827,828,1077,1078,1079,1080,1081,1082,1083,1084,1085,1086,1087,
616;1;4292;4352;1;32,35,79,132,135,138,140,147,186,260,263,297,298,299,300,301,302,303,304,305,306,307,308,309,327,334,335,336,337,338,339,340,341,342,343,344,345,346,347,348,349,350,351,352,353,354,355,356,357,358,359,360,361,362,363,364,365,366,367,368,396,410,420,421,422,554,639,827,828,1077,1078,1079,1080,1081,1082,1083,1084,1085,1086,1087,
705;0;4352;4501;0;32,35,79,132,135,138,140,147,186,260,263,297,298,299,300,301,302,303,304,305,306,307,308,309,327,334,335,336,337,338,339,340,341,342,343,344,345,346,347,348,349,350,351,352,353,354,355,356,357,358,359,360,361,362,363,364,365,366,367,368,396,410,420,421,422,554,639,827,828,1077,1078,1079,1080,1081,1082,1083,1084,1085,1086,1087,
303;0;4501;4693;0;32,35,79,132,135,138,140,147,186,260,263,297,298,299,300,301,302,303,304,305,306,307,308,309,327,334,335,336,337,338,339,340,341,342,343,344,345,346,347,348,349,350,351,352,353,354,355,356,357,358,359,360,361,362,363,364,365,366,367,368,396,410,420,421,422,554,639,827,828,1077,1078,1079,1080,1081,1082,1083,1084,1085,1086,1087,
303;1;4693;4812;0;32,35,79,132,135,138,140,147,186,260,263,297,298,299,300,301,302,303,304,305,306,307,308,309,327,334,335,336,337,338,339,340,341,342,343,344,345,346,347,348,349,350,351,352,353,354,355,356,357,358,359,360,361,362,363,364,365,366,367,368,396,410,420,421,422,554,639,827,828,1077,1078,1079,1080,1081,1082,1083,1084,1085,1086,1087,
567;0;4812;4921;0;32,35,79,132,135,138,140,147,186,260,263,297,298,299,300,301,302,303,304,305,306,307,308,309,327,334,335,336,337,338,339,340,341,342,343,344,345,346,347,348,349,350,351,352,353,354,355,356,357,358,359,360,361,362,363,364,365,366,367,368,396,410,420,421,422,554,639,827,828,1077,1078,1079,1080,1081,1082,1083,1084,1085,1086,1087,
192;0;4921;4965;0;32,35,127,132,134,140,147,252,260,263,297,298,299,300,301,302,303,304,305,306,307,308,309,327,335,336,337,344,345,346,347,348,349,350,351,352,353,354,355,356,357,358,359,360,361,362,363,364,365,366,367,368,396,410,421,458,518,548,554,607,608,610,639,654,827,828,1077,1078,1079,1080,1081,1082,1083,1084,1085,1086,1087,1150,1151,1152,
90;0;4965;5074;0;32,35,127,132,134,140,147,252,297,298,299,300,301,302,303,304,305,306,307,308,309,310,311,312,313,314,315,316,317,318,319,320,321,322,323,324,325,326,327,328,329,330,331,332,333,335,337,344,346,347,348,349,350,351,352,353,354,355,356,357,358,359,360,361,362,363,364,365,366,367,368,396,421,458,518,548,607,608,827,828,
65;0;5074;5238;0;32,35,127,132,134,140,147,252,297,298,299,300,301,302,303,304,305,306,307,308,309,310,311,312,313,314,315,316,317,318,319,320,321,322,323,324,325,326,327,328,329,330,331,332,333,335,337,344,346,347,348,349,350,351,352,353,354,355,356,357,358,359,360,361,362,363,364,365,366,367,368,396,421,458,518,548,607,608,827,828,
311;0;5238;5428;1;32,35,127,132,134,140,147,252,297,298,299,300,301,302,303,304,305,306,307,308,309,310,311,312,313,314,315,316,317,318,319,320,321,322,323,324,325,326,327,328,329,330,331,332,333,335,337,344,346,347,348,349,350,351,352,353,354,355,356,357,358,359,360,361,362,363,364,365,366,367,368,396,421,458,518,548,607,608,827,828,
311;1;5428;5469;1;32,35,127,132,134,140,147,252,297,298,299,300,301,302,303,304,305,306,307,308,309,310,311,312,313,314,315,316,317,318,319,320,321,322,323,324,325,326,327,328,329,330,331,332,333,335,337,344,346,347,348,349,350,351,352,353,354,355,356,357,358,359,360,361,362,363,364,365,366,367,368,396,421,458,518,548,607,608,827,828,
527;0;5469;5603;0;32,35,127,132,134,140,147,252,297,298,299,300,301,302,303,304,305,306,307,308,309,310,311,312,313,314,315,316,317,318,319,320,321,322,323,324,325,326,327,328,329,330,331,332,333,335,337,344,346,347,348,349,350,351,352,353,354,355,356,357,358,359,360,361,362,363,364,365,366,367,368,396,421,458,518,548,607,608,827,828,
725;0;5760;5804;0;32,35,127,132,134,140,147,252,297,298,299,300,301,302,304,305,310,311,312,313,314,315,316,317,318,319,320,321,322,323,324,325,326,327,328,329,330,331,332,333,335,337,344,346,347,348,349,350,351,352,353,354,355,356,357,358,359,360,361,362,363,364,365,366,367,368,396,421,458,518,548,607,608,610,654,827,828,1150,1151,1152,
513;0;5804;6047;0;32,35,127,132,134,140,147,252,297,298,299,300,301,302,304,305,310,311,312,313,314,315,316,317,318,319,320,321,322,323,324,325,326,327,328,329,330,331,332,333,335,337,344,346,347,348,349,350,351,352,353,354,355,356,357,358,359,360,361,362,363,364,365,366,367,368,396,421,458,518,548,607,608,610,654,827,828,1150,1151,1152,
513;1;6047;6141;0;32,35,127,132,134,140,147,252,297,298,299,300,301,302,304,305,310,311,312,313,314,315,316,317,318,319,320,321,322,323,324,325,326,327,328,329,330,331,332,333,335,337,344,346,347,348,349,350,351,352,353,354,355,356,357,358,359,360,361,362,363,364,365,366,367,368,396,421,458,518,548,607,608,610,654,827,828,1150,1151,1152,
152;0;6141;6222;0;32,127,132,134,140,147,252,260,299,301,304,305,310,311,312,313,314,315,316,317,318,319,320,321,322,323,324,325,326,327,328,329,330,331,332,333,335,337,344,346,347,348,349,350,351,352,353,354,355,358,360,364,366,396,421,458,518,548,554,607,608,610,639,654,827,828,1077,1078,1079,1080,1081,1082,1083,1084,1085,1086,1087,1150,1151,1152,
735;0;6222;6371;0;32,127,132,134,140,147,252,260,299,301,304,305,310,311,312,313,314,315,316,317,318,319,320,321,322,323,324,325,326,327,328,329,330,331,332,333,335,337,344,346,347,348,349,350,351,352,353,354,355,358,360,364,366,396,421,458,518,548,554,607,608,610,639,654,827,828,1077,1078,1079,1080,1081,1082,1083,1084,1085,1086,1087,1150,1151,1152,
403;0;6371;6583;0;32,127,132,134,140,252,263,299,301,305,310,311,312,313,314,315,316,317,318,319,320,321,322,323,324,325,326,327,328,329,330,331,332,333,335,336,337,338,344,345,346,347,358,360,366,410,420,421,422,458,518,527,548,555,588,589,590,591,592,593,594,595,596,597,598,599,600,601,602,603,604,605,607,608,610,639,654,1150,1151,1152,
403;1;6583;6652;0;32,127,132,134,140,252,263,299,301,305,310,311,312,313,314,315,316,317,318,319,320,321,322,323,324,325,326,327,328,329,330,331,332,333,335,336,337,338,344,345,346,347,358,360,366,410,420,421,422,458,518,527,548,555,588,589,590,591,592,593,594,595,596,597,598,599,600,601,602,603,604,605,607,608,610,639,654,1150,1151,1152,
419;0;6652;6805;1;32,127,132,134,140,252,263,299,301,305,310,311,312,313,314,315,316,317,318,319,320,321,322,323,324,325,326,327,328,329,330,331,332,333,335,336,337,338,344,345,346,347,358,360,366,410,420,421,422,458,518,527,548,555,588,589,590,591,592,593,594,595,596,597,598,599,600,601,602,603,604,605,607,608,610,639,654,1150,1151,1152,
419;1;6805;6885;1;32,127,132,134,140,252,263,299,301,305,310,311,312,313,314,315,316,317,318,319,320,321,322,323,324,325,326,327,328,329,330,331,332,333,335,336,337,338,344,345,346,347,358,360,366,410,420,421,422,458,518,527,548,555,588,589,590,591,592,593,594,595,596,597,598,599,600,601,602,603,604,605,607,608,610,639,654,1150,1151,1152,
537;0;6885;6929;0;32,127,132,134,140,252,263,299,301,305,310,311,312,313,314,315,316,317,318,319,320,321,322,323,324,325,326,327,328,329,330,331,332,333,335,336,337,338,344,345,346,347,358,360,366,410,420,421,422,458,518,527,548,555,588,589,590,591,592,593,594,595,596,597,598,599,600,601,602,603,604,605,607,608,610,639,654,1150,1151,1152,
323;0;6929;7120;0;32,127,132,134,140,252,263,299,301,305,310,311,312,313,314,315,316,317,318,319,320,321,322,323,324,325,326,327,328,329,330,331,332,333,335,336,337,338,344,345,346,347,358,360,366,410,420,421,422,458,518,527,548,555,588,589,590,591,592,593,594,595,596,597,598,599,600,601,602,603,604,605,607,608,610,639,654,1150,1151,1152,
323;1;7120;7267;0;32,127,132,134,140,252,263,299,301,305,310,311,312,313,314,315,316,317,318,319,320,321,322,323,324,325,326,327,328,329,330,331,332,333,335,336,337,338,344,345,346,347,358,360,366,410,420,421,422,458,518,527,548,555,588,589,590,591,592,593,594,595,596,597,598,599,600,601,602,603,604,605,607,608,610,639,654,1150,1151,1152,
699;0;7267;7417;1;32,123,125,129,132,134,140,186,252,301,310,311,312,313,314,315,316,317,318,319,320,321,322,323,324,325,326,327,328,329,330,331,332,333,335,336,337,341,343,344,345,346,358,360,366,465,519,527,599,607,608,610,621,626,639,654,778,779,780,781,782,783,784,785,786,787,788,789,790,791,792,793,794,795,796,797,798,799,800,801,
699;1;7417;7466;1;32,123,125,129,132,134,140,186,252,301,310,311,312,313,314,315,316,317,318,319,320,321,322,323,324,325,326,327,328,329,330,331,332,333,335,336,337,341,343,344,345,346,358,360,366,465,519,527,599,607,608,610,621,626,639,654,778,779,780,781,782,783,784,785,786,787,788,789,790,791,792,793,794,795,796,797,798,799,800,801,
142;0;7466;7587;0;32,123,125,129,132,134,140,186,301,310,311,312,313,314,315,316,317,318,319,320,321,322,323,324,325,326,327,328,329,330,331,332,333,335,336,337,341,343,344,345,346,358,360,366,403,465,519,527,599,607,621,626,639,654,778,779,780,781,782,783,784,785,786,787,788,789,790,791,792,793,794,795,796,797,798,799,800,801,1029,1030,
709;0;7587;7807;1;32,123,125,129,132,134,140,185,186,187,188,189,190,191,192,193,301,310,311,312,313,314,315,316,317,318,319,320,321,322,323,324,325,326,327,328,329,330,331,332,333,335,336,341,343,344,345,358,360,366,465,519,599,621,626,639,778,779,780,781,782,783,784,785,786,787,788,789,790,791,792,793,794,795,796,797,798,799,800,801,
709;1;7807;7880;1;32,123,125,129,132,134,140,185,186,187,188,189,190,191,192,193,301,310,311,312,313,314,315,316,317,318,319,320,321,322,323,324,325,326,327,328,329,330,331,332,333,335,336,341,343,344,345,358,360,366,465,519,599,621,626,639,778,779,780,781,782,783,784,785,786,787,788,789,790,791,792,793,794,795,796,797,798,799,800,801,
663;0;7880;8080;0;2,32,70,71,72,73,74,75,76,77,78,79,80,81,82,123,125,129,132,134,140,186,310,311,312,313,314,315,316,317,318,319,320,321,322,323,324,325,326,327,328,329,330,331,332,333,335,336,341,343,344,345,465,519,599,621,626,639,778,779,780,781,782,783,784,785,786,787,788,789,790,791,792,793,931,1458,1459,1460,1461,1462,
663;1;8080;8124;0;2,32,70,71,72,73,74,75,76,77,78,79,80,81,82,123,125,129,132,134,140,186,310,311,312,313,314,315,316,317,318,319,320,321,322,323,324,325,326,327,328,329,330,331,332,333,335,336,341,343,344,345,465,519,599,621,626,639,778,779,780,781,782,783,784,785,786,787,788,789,790,791,792,793,931,1458,1459,1460,1461,1462,
561;0;8124;8297;1;2,32,70,71,72,73,74,75,76,77,78,79,80,81,82,123,125,129,132,134,140,186,310,311,312,313,314,315,316,317,318,319,320,321,322,323,324,325,326,327,328,329,330,331,332,333,335,336,341,343,344,345,465,519,599,621,626,639,778,779,780,781,782,783,784,785,786,787,788,789,790,791,792,793,931,1458,1459,1460,1461,1462,
561;1;8297;8426;1;2,32,70,71,72,73,74,75,76,77,78,79,80,81,82,123,125,129,132,134,140,186,310,311,312,313,314,315,316,317,318,319,320,321,322,323,324,325,326,327,328,329,330,331,332,333,335,336,341,343,344,345,465,519,599,621,626,639,778,779,780,781,782,783,784,785,786,787,788,789,790,791,792,793,931,1458,1459,1460,1461,1462,
201;0;8426;8658;1;2,32,70,71,72,73,74,75,76,77,78,79,80,81,82,123,125,129,132,134,140,186,310,311,312,313,314,315,316,317,318,319,320,321,322,323,324,325,326,327,328,329,330,331,332,333,335,336,341,343,344,345,465,519,599,621,626,639,778,779,780,781,782,783,784,785,786,787,788,789,790,791,792,793,931,1458,1459,1460,1461,1462,
201;1;8658;8726;1;2,32,70,71,72,73,74,75,76,77,78,79,80,81,82,123,125,129,132,134,140,186,310,311,312,313,314,315,316,317,318,319,320,321,322,323,324,325,326,327,328,329,330,331,332,333,335,336,341,343,344,345,465,519,599,621,626,639,778,779,780,781,782,783,784,785,786,787,788,789,790,791,792,793,931,1458,1459,1460,1461,1462,
520;0;8726;8890;0;2,32,70,71,72,73,74,75,76,77,78,79,80,81,82,123,125,129,132,134,140,186,310,311,312,313,314,315,316,317,318,319,320,321,322,323,324,325,326,327,328,329,330,331,332,333,335,336,341,343,344,345,465,519,599,621,626,639,778,779,780,781,782,783,784,785,786,787,788,789,790,791,792,793,931,1458,1459,1460,1461,1462,
83;0;8890;9055;0;2,32,70,71,72,73,74,123,125,129,132,134,140,186,310,311,312,313,314,315,316,317,318,319,320,321,322,323,324,325,326,327,328,329,330,331,332,333,335,336,341,343,344,345,465,519,599,621,626,639,778,779,780,781,782,783,784,785,786,787,788,789,790,791,792,793,794,795,796,797,798,799,800,801,931,1458,1459,1460,1461,1462,
83;1;9055;9119;0;2,32,70,71,72,73,74,123,125,129,132,134,140,186,310,311,312,313,314,315,316,317,318,319,320,321,322,323,324,325,326,327,328,329,330,331,332,333,335,336,341,343,344,345,465,519,599,621,626,639,778,779,780,781,782,783,784,785,786,787,788,789,790,791,792,793,794,795,796,797,798,799,800,801,931,1458,1459,1460,1461,1462,
455;0;9119;9283;0;2,32,70,71,72,73,74,123,125,129,132,134,140,186,310,311,312,313,314,315,316,317,318,319,320,321,322,323,324,325,326,327,328,329,330,331,332,333,335,336,341,343,344,345,465,519,599,621,626,639,778,779,780,781,782,783,784,785,786,787,788,789,790,791,792,793,794,795,796,797,798,799,800,801,931,1458,1459,1460,1461,1462,
594;0;9283;9471;1;2,32,70,71,72,73,74,123,125,129,132,134,140,186,310,311,312,313,314,315,316,317,318,319,320,321,322,323,324,325,326,327,328,329,330,331,332,333,335,336,341,343,344,345,465,519,599,621,626,639,778,779,780,781,782,783,784,785,786,787,788,789,790,791,792,793,794,795,796,797,798,799,800,801,931,1458,1459,1460,1461,1462,
594;1;9471;9503;1;2,32,70,71,72,73,74,123,125,129,132,134,140,186,310,311,312,313,314,315,316,317,318,319,320,321,322,323,324,325,326,327,328,329,330,331,332,333,335,336,341,343,344,345,465,519,599,621,626,639,778,779,780,781,782,783,784,785,786,787,788,789,790,791,792,793,794,795,796,797,798,799,800,801,931,1458,1459,1460,1461,1462,
634;0;9503;9779;1;2,32,70,71,72,73,74,123,125,129,132,134,140,186,310,311,312,313,314,315,316,317,318,319,320,321,322,323,324,325,326,327,328,329,330,331,332,333,335,336,341,343,344,345,465,519,599,621,626,639,778,779,780,781,782,783,784,785,786,787,788,789,790,791,792,793,794,795,796,797,798,799,800,801,931,1458,1459,1460,1461,1462,
634;1;9779;9891;1;2,32,70,71,72,73,74,123,125,129,132,134,140,186,310,311,312,313,314,315,316,317,318,319,320,321,322,323,324,325,326,327,328,329,330,331,332,333,335,336,341,343,344,345,465,519,599,621,626,639,778,779,780,781,782,783,784,785,786,787,788,789,790,791,792,793,794,795,796,797,798,799,800,801,931,1458,1459,1460,1461,1462,
Machine: 4
236;1;0;98;1;32,70,71,94,95,96,97,98,99,100,101,102,103,104,105,106,119,126,129,134,138,148,186,262,316,327,335,337,339,341,342,343,345,346,347,382,405,406,407,408,409,410,411,412,413,421,422,426,427,428,429,430,431,432,433,434,435,617,728,730,731,732,733,734,735,736,737,738,739,740,741,742,743,744,745,746,747,821,1153,1154,
728;0;98;200;0;32,70,71,94,95,96,97,98,99,100,101,102,103,104,105,106,119,126,129,134,138,148,186,262,316,327,335,337,339,341,342,343,345,346,347,382,405,406,407,408,409,410,411,412,413,421,422,426,427,428,429,430,431,432,433,434,435,617,728,730,731,732,733,734,735,736,737,738,739,740,741,742,743,744,745,746,747,821,1153,1154,
728;1;200;230;0;32,70,71,94,95,96,97,98,99,100,101,102,103,104,105,106,119,126,129,134,138,148,186,262,316,327,335,337,339,341,342,343,345,346,347,382,405,406,407,408,409,410,411,412,413,421,422,426,427,428,429,430,431,432,433,434,435,617,728,730,731,732,733,734,735,736,737,738,739,740,741,742,743,744,745,746,747,821,1153,1154,
557;0;230;326;0;32,70,71,94,95,96,97,98,99,100,101,102,103,104,105,106,119,126,129,134,138,148,186,262,316,327,335,337,339,341,342,343,345,346,347,382,405,406,407,408,409,410,411,412,413,421,422,426,427,428,429,430,431,432,433,434,435,617,728,730,731,732,733,734,735,736,737,738,739,740,741,742,743,744,745,746,747,821,1153,1154,
75;0;326;441;0;32,70,71,94,95,96,97,98,99,100,101,102,103,104,105,106,119,126,129,134,138,148,186,262,316,327,335,337,339,341,342,343,345,346,347,382,405,406,407,408,409,410,411,412,413,421,422,426,427,428,429,430,431,432,433,434,435,617,728,730,731,732,733,734,735,736,737,738,739,740,741,742,743,744,745,746,747,821,1153,1154,
31;0;441;566;1;32,70,71,94,95,96,97,98,99,100,101,102,103,104,105,106,119,126,129,134,138,148,186,262,316,327,335,337,339,341,342,343,345,346,347,382,405,406,407,408,409,410,411,412,413,421,422,426,427,428,429,430,431,432,433,434,435,617,728,730,731,732,733,734,735,736,737,738,739,740,741,742,743,744,745,746,747,821,1153,1154,
31;1;566;619;1;32,70,71,94,95,96,97,98,99,100,101,102,103,104,105,106,119,126,129,134,138,148,186,262,316,327,335,337,339,341,342,343,345,346,347,382,405,406,407,408,409,410,411,412,413,421,422,426,427,428,429,430,431,432,433,434,435,617,728,730,731,732,733,734,735,736,737,738,739,740,741,742,743,744,745,746,747,821,1153,1154,
741;0;619;683;1;32,70,71,94,95,96,97,98,99,100,101,102,103,104,105,106,119,126,129,134,138,148,186,262,316,327,335,337,339,341,342,343,345,346,347,382,405,406,407,408,409,410,411,412,413,421,422,426,427,428,429,430,431,432,433,434,435,617,728,730,731,732,733,734,735,736,737,738,739,740,741,742,743,744,745,746,747,821,1153,1154,
741;1;683;743;1;32,70,71,94,95,96,97,98,99,100,101,102,103,104,105,106,119,126,129,134,138,148,186,217,262,316,327,335,336,337,339,341,342,343,345,346,347,360,382,406,408,412,421,422,426,427,428,429,430,431,432,433,434,435,617,626,650,651,652,653,654,655,728,780,821,931,932,933,934,935,936,937,938,939,940,941,942,1153,1154,1430,
334;0;743;893;1;32,70,71,94,95,96,97,98,99,100,101,102,103,104,105,106,119,126,129,134,138,148,186,217,262,316,327,335,336,337,339,341,342,343,345,346,347,360,382,406,408,412,421,422,426,427,428,429,430,431,432,433,434,435,617,626,650,651,652,653,654,655,728,780,821,931,932,933,934,935,936,937,938,939,940,941,942,1153,1154,1430,
334;1;893;907;1;32,70,71,94,95,96,97,98,99,100,101,102,103,104,105,106,119,126,129,134,138,148,186,217,262,316,327,335,336,337,339,341,342,343,345,346,347,360,382,406,408,412,421,422,426,427,428,429,430,431,432,433,434,435,617,626,650,651,652,653,654,655,728,780,821,931,932,933,934,935,936,937,938,939,940,941,942,1153,1154,1430,
111;0;907;959;1;32,70,71,94,95,96,97,98,99,100,101,102,103,104,105,106,119,126,129,134,138,148,186,217,262,316,327,335,336,337,339,341,342,343,345,346,347,360,382,406,408,412,421,422,426,427,428,429,430,431,432,433,434,435,617,626,650,651,652,653,654,655,728,780,821,931,932,933,934,935,936,937,938,939,940,941,942,1153,1154,1430,
111;1;959;988;1;32,70,71,94,95,96,97,98,99,100,101,102,103,104,105,106,119,126,129,134,138,148,186,217,262,316,327,335,336,337,339,341,342,343,345,346,347,360,382,406,408,412,421,422,426,427,428,429,430,431,432,433,434,435,617,626,650,651,652,653,654,655,728,780,821,931,932,933,934,935,936,937,938,939,940,941,942,1153,1154,1430,
387;0;988;1000;0;32,70,71,94,95,96,97,98,99,100,101,102,103,104,105,106,119,126,129,134,138,148,186,217,262,316,327,335,336,337,339,341,342,343,345,346,347,360,382,406,408,412,421,422,426,427,428,429,430,431,432,433,434,435,617,626,650,651,652,653,654,655,728,780,821,931,932,933,934,935,936,937,938,939,940,941,942,1153,1154,1430,
249;0;1000;1163;1;32,70,71,94,95,96,97,98,99,100,101,102,103,104,105,106,119,126,129,134,138,148,186,217,262,316,327,335,336,337,339,341,342,343,345,346,347,360,382,406,408,412,421,422,426,427,428,429,430,431,432,433,434,435,617,626,650,651,652,653,654,655,728,780,821,931,932,933,934,935,936,937,938,939,940,941,942,1153,1154,1430,
249;1;1163;1249;1;32,70,71,94,95,96,97,98,99,100,101,102,103,104,105,106,119,126,129,134,138,148,186,217,262,316,327,335,336,337,339,341,342,343,345,346,347,360,382,406,408,412,421,422,426,427,428,429,430,431,432,433,434,435,617,626,650,651,652,653,654,655,728,780,821,931,932,933,934,935,936,937,938,939,940,941,942,1153,1154,1430,
432;0;1249;1340;0;32,70,71,94,95,96,97,98,99,100,101,102,103,104,105,106,119,126,129,134,138,148,186,217,262,316,327,335,336,337,339,341,342,343,345,346,347,360,382,406,408,412,421,422,426,427,428,429,430,431,432,433,434,435,617,626,650,651,652,653,654,655,728,780,821,931,932,933,934,935,936,937,938,939,940,941,942,1153,1154,1430,
223;0;1340;1405;0;32,70,71,94,95,96,97,98,99,100,101,102,103,104,105,106,119,126,129,134,138,148,186,217,262,316,327,335,336,337,339,341,342,343,345,346,347,360,382,406,408,412,421,422,426,427,428,429,430,431,432,433,434,435,617,626,650,651,652,653,654,655,728,780,821,931,932,933,934,935,936,937,938,939,940,941,942,1153,1154,1430,
223;1;1405;1458;0;32,70,71,94,95,96,97,98,99,100,101,102,103,104,105,106,119,126,129,134,138,148,186,217,262,316,327,335,336,337,339,341,342,343,345,346,347,360,382,406,408,412,421,422,426,427,428,429,430,431,432,433,434,435,617,626,650,651,652,653,654,655,728,780,821,931,932,933,934,935,936,937,938,939,940,941,942,1153,1154,1430,
546;0;1458;1610;1;32,70,71,94,95,96,97,98,99,100,101,102,103,104,105,106,119,126,129,134,138,148,186,217,262,316,327,335,336,337,339,341,342,343,345,346,347,360,382,406,408,412,421,422,426,427,428,429,430,431,432,433,434,435,617,626,650,651,652,653,654,655,728,780,821,931,932,933,934,935,936,937,938,939,940,941,942,1153,1154,1430,
546;1;1610;1685;1;32,70,71,94,95,96,97,98,99,100,101,102,103,104,105,106,119,126,129,134,138,148,186,217,262,316,327,335,336,337,339,341,342,343,345,346,347,360,382,406,408,412,421,422,426,427,428,429,430,431,432,433,434,435,617,626,650,651,652,653,654,655,728,780,821,931,932,933,934,935,936,937,938,939,940,941,942,1153,1154,1430,
106;0;1685;1958;1;32,70,71,94,95,96,97,98,99,100,101,102,103,104,105,106,119,126,129,134,138,148,186,217,262,316,327,335,336,337,339,341,342,343,345,346,347,360,382,406,408,412,421,422,426,427,428,429,430,431,432,433,434,435,617,626,650,651,652,653,654,655,698,699,700,701,702,703,728,780,821,931,932,933,934,935,936,937,938,939,
106;1;1958;2069;1;32,70,71,94,95,96,97,98,99,100,101,102,103,104,105,106,119,126,129,134,138,148,186,217,262,316,327,335,336,337,339,341,342,343,345,346,347,360,382,406,408,412,421,422,426,427,428,429,430,431,432,433,434,435,617,626,650,651,652,653,654,655,698,699,700,701,702,703,728,780,821,931,932,933,934,935,936,937,938,939,
410;0;2069;2249;0;32,70,71,94,95,96,97,98,99,100,129,138,252,263,266,311,315,320,335,341,343,345,346,347,358,360,366,408,420,428,456,486,496,501,617,620,722,723,724,725,726,727,728,729,763,880,881,882,883,884,885,886,887,888,889,890,891,892,893,894,895,896,897,966,967,968,969,970,971,972,973,974,975,976,977,978,979,980,981,982,
674;0;2249;2555;1;32,70,71,94,95,96,97,98,99,100,129,138,252,263,266,311,315,320,335,341,343,345,346,347,358,360,366,408,420,428,456,486,496,501,617,620,722,723,724,725,726,727,728,729,763,880,881,882,883,884,885,886,887,888,889,890,891,892,893,894,895,896,897,966,967,968,969,970,971,972,973,974,975,976,977,978,979,980,981,982,
674;1;2555;2708;1;32,70,71,94,95,96,97,98,99,100,129,138,252,263,266,311,315,320,335,341,343,345,346,347,358,360,366,408,420,428,456,486,496,501,617,620,722,723,724,725,726,727,728,729,763,880,881,882,883,884,885,886,887,888,889,890,891,892,893,894,895,896,897,966,967,968,969,970,971,972,973,974,975,976,977,978,979,980,981,982,
161;0;2708;2869;1;32,70,71,94,95,96,97,98,99,100,129,138,252,263,266,311,315,320,335,341,343,345,346,347,358,360,366,408,420,428,456,486,496,501,617,620,722,723,724,725,726,727,728,729,763,880,881,882,883,884,885,886,887,888,889,890,891,892,893,894,895,896,897,966,967,968,969,970,971,972,973,974,975,976,977,978,979,980,981,982,
161;1;2869;2946;1;32,70,71,94,95,96,97,98,99,100,129,138,252,263,266,311,315,320,335,341,343,345,346,347,358,360,366,408,420,428,456,486,496,501,617,620,722,723,724,725,726,727,728,729,763,880,881,882,883,884,885,886,887,888,889,890,891,892,893,894,895,896,897,966,967,968,969,970,971,972,973,974,975,976,977,978,979,980,981,982,
630;0;2946;3023;0;0,2,3,5,32,70,71,94,95,96,97,98,99,100,129,138,252,263,266,311,315,320,335,341,343,345,346,347,358,360,366,408,420,428,456,486,496,501,617,620,660,661,722,723,724,725,726,727,728,729,763,880,881,882,883,884,885,886,887,888,889,890,891,966,967,968,969,970,971,972,973,974,975,976,977,978,979,980,981,982,
599;0;3023;3255;1;0,2,3,5,32,70,71,94,95,96,97,98,99,100,129,138,252,263,266,311,315,320,335,341,343,345,346,347,358,360,366,408,420,428,456,486,496,501,617,620,660,661,722,723,724,725,726,727,728,729,763,880,881,882,883,884,885,886,887,888,889,890,891,966,967,968,969,970,971,972,973,974,975,976,977,978,979,980,981,982,
599;1;3255;3403;1;0,2,3,5,32,70,71,94,95,96,97,98,99,100,129,138,252,263,266,311,315,320,335,341,343,345,346,347,358,360,366,408,420,428,456,486,496,501,617,620,660,661,722,723,724,725,726,727,728,729,763,880,881,882,883,884,885,886,887,888,889,890,891,966,967,968,969,970,971,972,973,974,975,976,977,978,979,980,981,982,
184;0;3403;3641;1;32,56,70,71,91,92,94,95,96,97,98,99,100,101,102,103,104,105,106,110,129,138,142,143,144,145,146,147,148,252,263,266,311,320,332,340,341,343,345,346,358,408,420,428,449,450,451,452,453,454,455,456,457,458,459,482,486,496,501,505,617,722,723,724,725,726,727,728,729,874,875,876,877,878,879,961,1161,1162,1163,1164,
184;1;3641;3703;1;32,56,70,71,91,92,94,95,96,97,98,99,100,101,102,103,104,105,106,110,129,138,142,143,144,145,146,147,148,252,263,266,311,320,332,340,341,343,345,346,358,408,420,428,449,450,451,452,453,454,455,456,457,458,459,482,486,496,501,505,617,722,723,724,725,726,727,728,729,874,875,876,877,878,879,961,1161,1162,1163,1164,
38;0;3703;3899;0;32,56,70,71,91,92,94,95,96,97,98,99,100,101,102,103,104,105,106,110,129,138,142,143,144,145,146,147,148,252,263,266,311,320,332,340,341,343,345,346,358,408,420,428,449,450,451,452,453,454,455,456,457,458,459,482,486,496,501,505,617,722,723,724,725,726,727,728,729,874,875,876,877,878,879,961,1161,1162,1163,1164,
38;1;3899;4019;0;32,56,70,71,91,92,94,95,96,97,98,99,100,101,102,103,104,105,106,110,129,138,142,143,144,145,146,147,148,252,263,266,311,320,332,340,341,343,345,346,358,408,420,428,449,450,451,452,453,454,455,456,457,458,459,482,486,496,501,505,617,722,723,724,725,726,727,728,729,874,875,876,877,878,879,961,1161,1162,1163,1164,
10;0;4019;4115;0;32,56,70,71,91,92,94,95,96,97,98,99,100,101,102,103,104,105,106,110,129,138,142,143,144,145,146,147,148,252,263,266,311,320,332,340,341,343,345,346,358,408,420,428,449,450,451,452,453,454,455,456,457,458,459,482,486,496,501,505,617,722,723,724,725,726,727,728,729,874,875,876,877,878,879,961,1161,1162,1163,1164,
321;0;4115;4292;1;32,56,70,71,91,92,94,95,96,97,98,99,100,101,102,103,104,105,106,110,129,138,142,143,144,145,146,147,148,252,263,266,311,320,332,340,341,343,345,346,358,408,420,428,449,450,451,452,453,454,455,456,457,458,459,482,486,496,501,505,617,722,723,724,725,726,727,728,729,874,875,876,877,878,879,961,1161,1162,1163,1164,
321;1;4292;4344;1;32,56,70,71,91,92,94,95,96,97,98,99,100,101,102,103,104,105,106,110,129,138,142,143,144,145,146,147,148,252,263,266,311,320,332,340,341,343,345,346,358,408,420,428,449,450,451,452,453,454,455,456,457,458,459,482,486,496,501,505,617,722,723,724,725,726,727,728,729,874,875,876,877,878,879,961,1161,1162,1163,1164,
382;0;4344;4420;0;32,56,70,71,91,92,94,95,96,97,98,99,100,101,102,103,104,105,106,110,129,138,142,143,144,145,146,147,148,252,263,266,311,320,332,340,341,343,345,346,358,408,420,428,449,450,451,452,453,454,455,456,457,458,459,482,486,496,501,505,617,722,723,724,725,726,727,728,729,874,875,876,877,878,879,961,1161,1162,1163,1164,
406;0;4420;4502;1;32,56,70,71,91,92,94,95,96,97,98,99,100,101,102,103,104,105,106,110,129,138,142,143,144,145,146,147,148,252,263,266,311,320,332,340,341,343,345,346,358,408,420,428,449,450,451,452,453,454,455,456,457,458,459,482,486,496,501,505,617,722,723,724,725,726,727,728,729,874,875,876,877,878,879,961,1161,1162,1163,1164,
406;1;4502;4508;1;32,56,70,71,91,92,94,95,96,97,98,99,100,101,102,103,104,105,106,110,129,138,142,143,144,145,146,147,148,252,263,266,311,320,332,340,341,343,345,346,358,408,420,428,449,450,451,452,453,454,455,456,457,458,459,482,486,496,501,505,617,722,723,724,725,726,727,728,729,874,875,876,877,878,879,961,1161,1162,1163,1164,
592;0;4508;4544;0;32,70,71,92,94,95,96,97,98,99,100,101,102,103,104,105,106,110,129,138,143,147,148,252,263,264,266,311,320,332,341,343,345,346,358,382,408,412,420,428,449,450,451,452,453,454,455,456,457,458,459,482,486,496,498,501,505,617,627,677,722,723,724,725,726,727,728,729,823,824,825,826,874,875,879,961,1161,1162,1163,1164,
500;0;4544;4586;0;32,64,65,66,67,68,69,70,71,92,94,95,96,97,98,99,100,101,102,103,104,105,106,110,129,138,148,252,263,264,266,311,320,332,341,343,345,346,358,382,408,412,420,428,449,450,451,452,453,454,455,456,457,458,459,482,486,496,498,501,505,617,627,677,722,723,724,725,726,727,728,729,823,824,825,826,874,875,879,961,
214;0;4586;4761;1;32,45,63,70,74,129,138,148,196,235,252,263,264,266,311,320,332,341,343,345,346,358,379,382,385,388,390,392,396,408,412,420,428,449,450,451,452,453,454,455,456,457,458,459,482,486,496,498,501,505,617,627,677,686,687,688,689,690,691,692,693,694,695,696,697,722,723,724,725,726,727,728,729,823,824,825,826,874,875,879,
214;1;4761;4775;1;32,45,63,70,74,129,138,148,196,235,252,263,264,266,311,320,332,341,343,345,346,358,379,382,385,388,390,392,396,408,412,420,428,449,450,451,452,453,454,455,456,457,458,459,482,486,496,498,501,505,617,627,677,686,687,688,689,690,691,692,693,694,695,696,697,722,723,724,725,726,727,728,729,823,824,825,826,874,875,879,
73;0;4775;4863;0;32,45,63,70,74,129,138,148,196,235,252,263,264,266,311,320,332,341,343,345,346,358,379,382,385,388,390,392,396,408,412,420,428,449,450,451,452,453,454,455,456,457,458,459,482,486,496,498,501,505,617,627,677,686,687,688,689,690,691,692,693,694,695,696,697,722,723,724,725,726,727,728,729,823,824,825,826,874,875,879,
73;1;4863;4867;0;32,45,63,70,74,129,138,148,196,235,252,263,264,266,311,320,332,341,343,345,346,358,379,382,385,388,390,392,396,408,412,420,428,449,450,451,452,453,454,455,456,457,458,459,482,486,496,498,501,505,617,627,677,686,687,688,689,690,691,692,693,694,695,696,697,722,723,724,725,726,727,728,729,823,824,825,826,874,875,879,
685;0;4867;4943;0;32,45,63,70,74,129,138,148,196,235,252,263,264,266,311,320,332,341,343,345,346,358,379,382,385,388,390,392,396,408,412,420,428,449,450,451,452,453,454,455,456,457,458,459,482,486,496,498,501,505,617,627,677,686,687,688,689,690,691,692,693,694,695,696,697,722,723,724,725,726,727,728,729,823,824,825,826,874,875,879,
350;0;4943;4970;0;32,45,63,70,74,129,135,138,148,186,196,235,252,263,264,266,311,320,332,341,343,345,346,358,379,382,385,388,390,392,396,408,412,420,428,449,450,451,452,453,454,455,456,457,458,459,472,482,486,496,498,501,505,617,622,627,652,677,686,687,688,689,690,691,692,693,694,695,696,697,723,823,824,825,826,874,875,879,1097,1431,
619;0;4970;5129;1;32,34,135,138,185,304,336,341,343,345,346,382,413,422,448,460,461,462,463,464,465,466,467,468,469,470,471,472,473,474,475,476,477,478,479,480,481,482,483,484,485,486,487,488,489,490,491,492,493,494,495,496,497,498,499,500,501,502,503,504,505,506,507,650,651,652,653,654,655,677,899,922,923,924,925,926,927,928,929,930,
619;1;5129;5197;1;32,34,135,138,185,304,336,341,343,345,346,382,413,422,448,460,461,462,463,464,465,466,467,468,469,470,471,472,473,474,475,476,477,478,479,480,481,482,483,484,485,486,487,488,489,490,491,492,493,494,495,496,497,498,499,500,501,502,503,504,505,506,507,650,651,652,653,654,655,677,899,922,923,924,925,926,927,928,929,930,
664;0;5197;5372;1;32,34,135,138,185,304,336,341,343,345,346,382,413,422,448,460,461,462,463,464,465,466,467,468,469,470,471,472,473,474,475,476,477,478,479,480,481,482,483,484,485,486,487,488,489,490,491,492,493,494,495,496,497,498,499,500,501,502,503,504,505,506,507,650,651,652,653,654,655,677,899,922,923,924,925,926,927,928,929,930,
664;1;5372;5481;1;32,34,135,138,185,304,336,341,343,345,346,382,413,422,448,460,461,462,463,464,465,466,467,468,469,470,471,472,473,474,475,476,477,478,479,480,481,482,483,484,485,486,487,488,489,490,491,492,493,494,495,496,497,498,499,500,501,502,503,504,505,506,507,650,651,652,653,654,655,677,899,922,923,924,925,926,927,928,929,930,
367;0;5481;5645;0;32,34,135,138,185,304,336,341,343,345,346,382,413,422,448,460,461,462,463,464,465,466,467,468,469,470,471,472,473,474,475,476,477,478,479,480,481,482,483,484,485,486,487,488,489,490,491,492,493,494,495,496,497,498,499,500,501,502,503,504,505,506,507,650,651,652,653,654,655,677,899,922,923,924,925,926,927,928,929,930,
177;0;5645;5809;0;32,34,135,138,185,304,336,341,343,345,346,382,413,422,448,460,461,462,463,464,465,466,467,468,469,470,471,472,473,474,475,476,477,478,479,480,481,482,483,484,485,486,487,488,489,490,491,492,493,494,495,496,497,498,499,500,501,502,503,504,505,506,507,650,651,652,653,654,655,677,899,922,923,924,925,926,927,928,929,930,
562;0;5809;5973;0;32,34,135,138,185,304,336,341,343,345,346,382,413,422,448,460,461,462,463,464,465,466,467,468,469,470,471,472,473,474,475,476,477,478,479,480,481,482,483,484,485,486,487,488,489,490,491,492,493,494,495,496,497,498,499,500,501,502,503,504,505,506,507,650,651,652,653,654,655,677,899,922,923,924,925,926,927,928,929,930,
684;0;5973;6314;1;32,34,135,138,185,304,336,341,343,345,413,422,460,461,462,463,464,465,466,467,468,469,470,471,472,473,474,475,476,477,478,479,480,481,482,483,484,485,486,487,488,489,490,491,492,493,494,495,496,497,498,499,500,501,502,503,504,505,506,507,668,669,670,671,672,673,674,675,676,677,678,679,680,681,682,683,684,685,922,929,
684;1;6314;6490;1;32,34,138,148,185,197,198,304,341,343,345,371,397,413,422,443,445,460,461,462,463,464,465,466,467,468,469,470,471,472,473,474,475,476,477,478,479,480,481,482,483,484,502,505,668,669,670,671,672,673,674,675,676,677,678,679,680,681,682,683,684,685,802,857,1322,1432,1433,1434,1435,1436,1437,1438,1439,1440,1441,1453,1454,1455,1456,1457,
351;0;6490;6583;1;32,34,138,148,185,197,198,304,341,343,345,371,397,413,422,443,445,460,461,462,463,464,465,466,467,468,469,470,471,472,473,474,475,476,477,478,479,480,481,482,483,484,502,505,668,669,670,671,672,673,674,675,676,677,678,679,680,681,682,683,684,685,802,857,1322,1432,1433,1434,1435,1436,1437,1438,1439,1440,1441,1453,1454,1455,1456,1457,
351;1;6583;6614;1;32,34,138,148,185,197,198,304,341,343,345,371,397,413,422,443,445,460,461,462,463,464,465,466,467,468,469,470,471,472,473,474,475,476,477,478,479,480,481,482,483,484,502,505,668,669,670,671,672,673,674,675,676,677,678,679,680,681,682,683,684,685,802,857,1322,1432,1433,1434,1435,1436,1437,1438,1439,1440,1441,1453,1454,1455,1456,1457,
591;0;6614;6836;1;32,34,138,148,185,197,198,304,341,343,345,371,397,413,422,443,445,460,461,462,463,464,465,466,467,468,469,470,471,472,473,474,475,476,477,478,479,480,481,482,483,484,502,505,668,669,670,671,672,673,674,675,676,677,678,679,680,681,682,683,684,685,802,857,1322,1432,1433,1434,1435,1436,1437,1438,1439,1440,1441,1453,1454,1455,1456,1457,
591;1;6836;6892;1;32,34,138,148,185,197,198,304,341,343,345,371,397,413,422,443,445,460,461,462,463,464,465,466,467,468,469,470,471,472,473,474,475,476,477,478,479,480,481,482,483,484,502,505,668,669,670,671,672,673,674,675,676,677,678,679,680,681,682,683,684,685,802,857,1322,1432,1433,1434,1435,1436,1437,1438,1439,1440,1441,1453,1454,1455,1456,1457,
60;0;6892;7057;0;32,34,138,148,185,197,198,304,341,343,345,371,397,413,422,443,445,460,461,462,463,464,465,466,467,468,469,470,471,472,473,474,475,476,477,478,479,480,481,482,483,484,502,505,668,669,670,671,672,673,674,675,676,677,678,679,680,681,682,683,684,685,802,857,1322,1432,1433,1434,1435,1436,1437,1438,1439,1440,1441,1453,1454,1455,1456,1457,
40;0;7200;7364;0;32,34,138,148,185,197,198,304,341,343,345,371,397,413,422,443,445,460,461,462,463,464,465,466,467,468,469,470,471,472,473,474,475,476,477,478,479,480,481,482,483,484,485,486,487,488,489,490,491,492,493,494,495,496,497,498,499,500,501,502,503,505,668,669,670,671,672,673,674,675,676,677,678,679,857,1453,1454,1455,1456,1457,
290;0;7364;7396;0;32,34,130,133,135,138,185,186,264,304,316,336,341,343,345,408,413,422,460,461,462,463,464,465,466,467,468,469,470,471,472,473,474,475,476,477,478,479,480,481,482,483,484,485,486,487,488,489,490,491,492,493,494,519,622,625,626,627,639,717,721,781,798,931,1063,1203,1204,1205,1206,1207,1208,1209,1210,1211,1212,1213,1214,1215,1216,1217,
415;0;7396;7560;0;32,34,130,133,135,138,185,186,264,304,316,336,341,343,345,408,413,422,460,461,462,463,464,465,466,467,468,469,470,471,472,473,474,475,476,477,478,479,480,481,482,483,484,485,486,487,488,489,490,491,492,493,494,495,496,497,498,499,500,501,502,503,519,622,625,626,627,639,717,721,781,798,931,1063,1203,1204,1205,1206,1207,1208,
202;0;7560;7724;0;32,34,130,133,135,138,185,186,264,304,316,336,341,343,345,408,413,422,460,461,462,463,464,465,466,467,468,469,470,471,472,473,474,475,476,477,478,479,480,481,482,483,484,485,486,487,488,489,490,491,492,493,494,495,496,497,498,499,500,501,502,503,519,622,625,626,627,639,717,721,781,798,931,1063,1203,1204,1205,1206,1207,1208,
400;0;7724;7888;0;32,34,130,133,135,138,185,186,264,304,316,336,341,343,345,408,413,422,460,461,462,463,464,465,466,467,468,469,470,471,472,473,474,475,476,477,478,479,480,481,482,483,484,485,486,487,488,489,490,491,492,493,494,495,496,497,498,499,500,501,502,503,519,622,625,626,627,639,717,721,781,798,931,1063,1203,1204,1205,1206,1207,1208,
492;0;7888;7948;0;32,34,130,135,138,185,186,259,264,304,316,336,341,343,345,382,408,412,422,448,468,477,478,482,486,496,497,498,504,505,506,507,508,509,510,511,512,513,519,622,625,626,627,639,677,823,824,825,826,874,875,899,900,901,902,903,904,905,922,923,924,925,926,927,928,929,930,1031,1032,1033,1034,1035,1036,1037,1038,1453,1454,1455,1456,1457,
586;0;7948;8074;1;32,34,130,135,138,185,186,259,264,304,316,336,341,343,345,382,408,412,422,448,468,477,478,482,486,496,497,498,504,505,506,507,508,509,510,511,512,513,519,622,625,626,627,639,677,823,824,825,826,874,875,899,900,901,902,903,904,905,922,923,924,925,926,927,928,929,930,1031,1032,1033,1034,1035,1036,1037,1038,1453,1454,1455,1456,1457,
586;1;8074;8140;1;32,34,130,135,138,185,186,259,264,304,316,336,341,343,345,382,408,412,422,448,468,477,478,482,486,496,497,498,504,505,506,507,508,509,510,511,512,513,519,622,625,626,627,639,677,823,824,825,826,874,875,899,900,901,902,903,904,905,922,923,924,925,926,927,928,929,930,1031,1032,1033,1034,1035,1036,1037,1038,1453,1454,1455,1456,1457,
231;0;8140;8321;1;32,34,130,135,138,185,186,259,264,304,316,336,341,343,345,382,408,412,422,448,468,477,478,482,486,496,497,498,504,505,506,507,508,509,510,511,512,513,519,622,625,626,627,639,677,823,824,825,826,874,875,899,900,901,902,903,904,905,922,923,924,925,926,927,928,929,930,1031,1032,1033,1034,1035,1036,1037,1038,1453,1454,1455,1456,1457,
231;1;8321;8468;1;32,34,130,135,138,185,186,259,264,304,316,336,341,343,345,382,408,412,422,448,468,477,478,482,486,496,497,498,504,505,506,507,508,509,510,511,512,513,519,622,625,626,627,639,677,823,824,825,826,874,875,899,900,901,902,903,904,905,922,923,924,925,926,927,928,929,930,1031,1032,1033,1034,1035,1036,1037,1038,1453,1454,1455,1456,1457,
596;0;8468;8538;1;32,34,130,135,138,185,186,259,264,304,316,336,341,343,345,382,408,412,422,448,468,477,478,482,486,496,497,498,504,505,506,507,508,509,510,511,512,513,519,622,625,626,627,639,677,823,824,825,826,874,875,899,900,901,902,903,904,905,922,923,924,925,926,927,928,929,930,1031,1032,1033,1034,1035,1036,1037,1038,1453,1454,1455,1456,1457,
596;1;8538;8542;1;32,34,130,135,138,185,186,259,264,304,316,336,341,343,345,382,408,412,422,448,468,477,478,482,486,496,497,498,504,505,506,507,508,509,510,511,512,513,519,622,625,626,627,639,677,823,824,825,826,874,875,899,900,901,902,903,904,905,922,923,924,925,926,927,928,929,930,1031,1032,1033,1034,1035,1036,1037,1038,1453,1454,1455,1456,1457,
41;0;8542;8718;1;32,34,130,135,138,185,186,259,264,304,316,336,341,343,345,382,408,412,422,448,468,477,478,482,486,496,497,498,504,505,506,507,508,509,510,511,512,513,519,622,625,626,627,639,677,823,824,825,826,874,875,899,900,901,902,903,904,905,922,923,924,925,926,927,928,929,930,1031,1032,1033,1034,1035,1036,1037,1038,1453,1454,1455,1456,1457,
41;1;8718;8860;1;32,34,130,135,138,185,186,259,264,304,316,336,341,343,345,382,408,412,422,448,468,477,478,482,486,496,497,498,504,505,506,507,508,509,510,511,512,513,519,622,625,626,627,639,677,823,824,825,826,874,875,899,900,901,902,903,904,905,922,923,924,925,926,927,928,929,930,1031,1032,1033,1034,1035,1036,1037,1038,1453,1454,1455,1456,1457,
314;0;8860;8980;1;32,34,130,135,138,185,186,259,264,304,316,336,341,343,345,382,408,412,422,448,468,477,478,482,486,496,497,498,504,505,506,507,508,509,510,511,512,513,519,622,625,626,627,639,677,823,824,825,826,874,875,899,900,901,902,903,904,905,922,923,924,925,926,927,928,929,930,1031,1032,1033,1034,1035,1036,1037,1038,1453,1454,1455,1456,1457,
314;1;8980;9040;1;32,34,130,135,138,185,186,259,264,304,316,336,341,343,345,382,408,412,422,448,468,477,478,482,486,496,497,498,504,505,506,507,508,509,510,511,512,513,519,622,625,626,627,639,677,823,824,825,826,874,875,899,900,901,902,903,904,905,922,923,924,925,926,927,928,929,930,1031,1032,1033,1034,1035,1036,1037,1038,1453,1454,1455,1456,1457,
528;0;9040;9128;0;32,34,130,135,138,185,186,259,264,304,316,336,341,343,345,382,408,412,422,448,468,477,478,482,486,496,497,498,504,505,506,507,508,509,510,511,512,513,519,622,625,626,627,639,677,823,824,825,826,874,875,899,900,901,902,903,904,905,922,923,924,925,926,927,928,929,930,1031,1032,1033,1034,1035,1036,1037,1038,1453,1454,1455,1456,1457,
528;1;9128;9194;0;32,34,130,135,138,185,186,259,264,304,316,336,341,343,345,382,408,412,422,448,468,477,478,482,486,496,497,498,504,505,506,507,508,509,510,511,512,513,519,622,625,626,627,639,677,823,824,825,826,874,875,899,900,901,902,903,904,905,922,923,924,925,926,927,928,929,930,1031,1032,1033,1034,1035,1036,1037,1038,1453,1454,1455,1456,1457,
105;0;9194;9260;0;32,34,130,135,138,185,186,259,264,304,316,336,341,343,345,382,408,412,422,448,468,477,478,482,486,496,497,498,504,505,506,507,508,509,510,511,512,513,519,622,625,626,627,639,677,823,824,825,826,874,875,899,900,901,902,903,904,905,922,923,924,925,926,927,928,929,930,1031,1032,1033,1034,1035,1036,1037,1038,1453,1454,1455,1456,1457,
144;0;9260;9350;1;32,34,130,135,138,185,186,259,264,304,316,336,341,343,345,382,408,412,422,448,468,477,478,482,486,496,497,498,504,505,506,507,508,509,510,511,512,513,519,622,625,626,627,639,677,823,824,825,826,874,875,899,900,901,902,903,904,905,922,923,924,925,926,927,928,929,930,1031,1032,1033,1034,1035,1036,1037,1038,1453,1454,1455,1456,1457,
144;1;9350;9380;1;32,34,130,135,138,185,186,259,264,304,316,336,341,343,345,382,408,412,422,448,468,477,478,482,486,496,497,498,504,505,506,507,508,509,510,511,512,513,519,622,625,626,627,639,677,823,824,825,826,874,875,899,900,901,902,903,904,905,922,923,924,925,926,927,928,929,930,1031,1032,1033,1034,1035,1036,1037,1038,1453,1454,1455,1456,1457,
52;0;9380;9414;0;32,34,130,135,138,185,186,259,264,304,316,336,341,343,345,382,408,412,422,448,468,477,478,482,486,496,497,498,504,505,506,507,508,509,510,511,512,513,519,622,625,626,627,639,677,823,824,825,826,874,875,899,900,901,902,903,904,905,922,923,924,925,926,927,928,929,930,1031,1032,1033,1034,1035,1036,1037,1038,1453,1454,1455,1456,1457,
197;0;9414;9474;0;32,34,130,135,138,185,186,259,264,304,316,336,341,343,345,382,408,412,422,448,468,477,478,482,486,496,497,498,504,505,506,507,508,509,510,511,512,513,519,622,625,626,627,639,677,823,824,825,826,874,875,899,900,901,902,903,904,905,922,923,924,925,926,927,928,929,930,1031,1032,1033,1034,1035,1036,1037,1038,1453,1454,1455,1456,1457,
101;0;9474;9537;1;32,34,130,135,138,185,186,259,264,304,316,336,341,343,345,382,408,412,422,448,468,477,478,482,486,496,497,498,504,505,506,507,508,509,510,511,512,513,519,622,625,626,627,639,677,823,824,825,826,874,875,899,900,901,902,903,904,905,922,923,924,925,926,927,928,929,930,1031,1032,1033,1034,1035,1036,1037,1038,1453,1454,1455,1456,1457,
101;1;9537;9578;1;32,34,130,135,138,185,186,259,264,304,316,336,341,343,345,382,408,412,422,448,468,477,478,482,486,496,497,498,504,505,506,507,508,509,510,511,512,513,519,622,625,626,627,639,677,823,824,825,826,874,875,899,900,901,902,903,904,905,922,923,924,925,926,927,928,929,930,1031,1032,1033,1034,1035,1036,1037,1038,1453,1454,1455,1456,1457,
135;0;9578;9614;0;32,34,130,135,138,185,186,259,264,304,316,336,341,343,345,382,408,412,422,448,468,477,478,482,486,496,497,498,504,505,506,507,508,509,510,511,512,513,519,622,625,626,627,639,677,823,824,825,826,874,875,899,900,901,902,903,904,905,922,923,924,925,926,927,928,929,930,1031,1032,1033,1034,1035,1036,1037,1038,1453,1454,1455,1456,1457,
446;0;9614;9762;1;32,34,130,135,138,185,186,259,264,304,316,336,341,343,345,382,408,412,422,448,468,477,478,482,486,496,497,498,504,505,506,507,508,509,510,511,512,513,519,622,625,626,627,639,677,823,824,825,826,874,875,899,900,901,902,903,904,905,922,923,924,925,926,927,928,929,930,1031,1032,1033,1034,1035,1036,1037,1038,1453,1454,1455,1456,1457,
446;1;9762;9874;1;32,34,130,135,138,185,186,259,264,304,316,336,341,343,345,382,408,412,422,448,468,477,478,482,486,496,497,498,504,505,506,507,508,509,510,511,512,513,519,622,625,626,627,639,677,823,824,825,826,874,875,899,900,901,902,903,904,905,922,923,924,925,926,927,928,929,930,1031,1032,1033,1034,1035,1036,1037,1038,1453,1454,1455,1456,1457,
365;0;9874;10040;0;32,34,130,135,138,185,186,259,264,304,316,336,341,343,345,382,408,412,422,448,468,477,478,482,486,496,497,498,504,505,506,507,508,509,510,511,512,513,519,622,625,626,627,639,677,823,824,825,826,874,875,899,900,901,902,903,904,905,922,923,924,925,926,927,928,929,930,1031,1032,1033,1034,1035,1036,1037,1038,1453,1454,1455,1456,1457,
87;0;10040;10076;0;32,34,130,135,138,185,186,259,264,304,316,336,341,343,345,382,408,412,422,448,468,477,478,482,486,496,497,498,504,505,506,507,508,509,510,511,512,513,519,622,625,626,627,639,677,823,824,825,826,874,875,899,900,901,902,903,904,905,922,923,924,925,926,927,928,929,930,1031,1032,1033,1034,1035,1036,1037,1038,1453,1454,1455,1456,1457,
Machine: 5
738;0;0;216;0;32,38,48,50,58,132,140,143,147,186,225,252,299,305,316,320,327,337,338,345,346,347,382,383,384,388,496,497,527,555,567,568,569,570,571,572,573,574,575,576,577,578,579,580,581,582,583,584,585,586,587,588,589,590,591,592,593,594,595,596,597,598,599,600,601,602,603,604,605,698,699,700,701,702,703,748,749,750,751,752,
738;1;216;270;0;32,38,48,50,58,132,140,143,147,186,225,252,299,305,316,320,327,337,338,345,346,347,382,383,384,388,496,497,527,555,567,568,569,570,571,572,573,574,575,576,577,578,579,580,581,582,583,584,585,586,587,588,589,590,591,592,593,594,595,596,597,598,599,600,601,602,603,604,605,698,699,700,701,702,703,748,749,750,751,752,
405;0;270;432;0;32,38,48,50,58,132,140,143,147,186,225,252,299,305,316,320,327,337,338,345,346,347,382,383,384,388,496,497,527,555,567,568,569,570,571,572,573,574,575,576,577,578,579,580,581,582,583,584,585,586,587,588,589,590,591,592,593,594,595,596,597,598,599,600,601,602,603,604,605,698,699,700,701,702,703,748,749,750,751,752,
151;0;432;589;1;32,38,48,50,58,132,140,143,147,186,225,252,299,305,316,320,327,337,338,345,346,347,382,383,384,388,496,497,527,555,567,568,569,570,571,572,573,574,575,576,577,578,579,580,581,582,583,584,585,586,587,588,589,590,591,592,593,594,595,596,597,598,599,600,601,602,603,604,605,698,699,700,701,702,703,748,749,750,751,752,
151;1;589;694;1;32,38,48,50,58,132,140,143,147,186,225,252,299,305,316,320,327,337,338,345,346,347,382,383,384,388,496,497,527,555,567,568,569,570,571,572,573,574,575,576,577,578,579,580,581,582,583,584,585,586,587,588,589,590,591,592,593,594,595,596,597,598,599,600,601,602,603,604,605,698,699,700,701,702,703,748,749,750,751,752,
511;0;694;810;1;32,38,132,140,147,186,252,299,305,316,320,327,337,338,345,346,347,352,368,382,383,384,496,497,527,546,554,555,588,589,590,591,592,593,594,595,596,597,598,599,600,601,602,603,604,605,704,705,706,707,708,709,710,711,712,713,714,715,716,717,718,719,720,721,748,749,750,751,752,935,961,1098,1099,1100,1101,1102,1103,1104,1105,1106,
511;1;810;842;1;32,38,132,140,147,186,252,299,305,316,320,327,337,338,345,346,347,352,368,382,383,384,496,497,527,546,554,555,588,589,590,591,592,593,594,595,596,597,598,599,600,601,602,603,604,605,704,705,706,707,708,709,710,711,712,713,714,715,716,717,718,719,720,721,748,749,750,751,752,935,961,1098,1099,1100,1101,1102,1103,1104,1105,1106,
94;0;842;901;1;32,38,132,140,147,186,252,299,305,316,320,327,337,338,345,346,347,352,368,382,383,384,496,497,527,546,554,555,588,589,590,591,592,593,594,595,596,597,598,599,600,601,602,603,604,605,704,705,706,707,708,709,710,711,712,713,714,715,716,717,718,719,720,721,748,749,750,751,752,935,961,1098,1099,1100,1101,1102,1103,1104,1105,1106,
94;1;901;915;1;32,38,132,140,147,186,252,299,305,316,320,327,337,338,345,346,347,352,368,382,383,384,496,497,527,546,554,555,588,589,590,591,592,593,594,595,596,597,598,599,600,601,602,603,604,605,704,705,706,707,708,709,710,711,712,713,714,715,716,717,718,719,720,721,748,749,750,751,752,935,961,1098,1099,1100,1101,1102,1103,1104,1105,1106,
585;0;915;988;0;32,38,132,140,147,186,252,299,305,316,320,327,337,338,345,346,347,352,368,382,383,384,496,497,527,546,554,555,588,589,590,591,592,593,594,595,596,597,598,599,600,601,602,603,604,605,704,705,706,707,708,709,710,711,712,713,714,715,716,717,718,719,720,721,748,749,750,751,752,935,961,1098,1099,1100,1101,1102,1103,1104,1105,1106,
221;0;988;1085;1;32,38,132,140,147,186,252,299,305,316,320,327,337,338,345,346,347,352,368,382,383,384,496,497,527,546,554,555,588,589,590,591,592,593,594,595,596,597,598,599,600,601,602,603,604,605,704,705,706,707,708,709,710,711,712,713,714,715,716,717,718,719,720,721,748,749,750,751,752,935,961,1098,1099,1100,1101,1102,1103,1104,1105,1106,
221;1;1085;1149;1;32,38,132,140,147,186,252,299,305,316,320,327,337,338,345,346,347,352,368,382,383,384,496,497,527,546,554,555,588,589,590,591,592,593,594,595,596,597,598,599,600,601,602,603,604,605,704,705,706,707,708,709,710,711,712,713,714,715,716,717,718,719,720,721,748,749,750,751,752,935,961,1098,1099,1100,1101,1102,1103,1104,1105,1106,
371;0;1149;1298;1;32,38,132,140,147,186,252,299,305,316,320,327,337,338,345,346,347,352,368,382,383,384,496,497,527,546,554,555,588,589,590,591,592,593,594,595,596,597,598,599,600,601,602,603,604,605,704,705,706,707,708,709,710,711,712,713,714,715,716,717,718,719,720,721,748,749,750,751,752,935,961,1098,1099,1100,1101,1102,1103,1104,1105,1106,
371;1;1298;1316;1;32,38,132,140,147,186,252,299,305,316,320,327,337,338,345,346,347,352,368,382,383,384,496,497,527,546,554,555,588,589,590,591,592,593,594,595,596,597,598,599,600,601,602,603,604,605,704,705,706,707,708,709,710,711,712,713,714,715,716,717,718,719,720,721,748,749,750,751,752,935,961,1098,1099,1100,1101,1102,1103,1104,1105,1106,
69;0;1316;1364;1;32,38,132,140,147,186,252,299,305,316,320,327,337,338,345,346,347,352,368,382,383,384,496,497,527,546,554,555,588,589,590,591,592,593,594,595,596,597,598,599,600,601,602,603,604,605,704,705,706,707,708,709,710,711,712,713,714,715,716,717,718,719,720,721,748,749,750,751,752,935,961,1098,1099,1100,1101,1102,1103,1104,1105,1106,
69;1;1364;1379;1;32,38,132,140,147,186,252,299,305,316,320,327,337,338,345,346,347,352,368,382,383,384,496,497,527,546,554,555,588,589,590,591,592,593,594,595,596,597,598,599,600,601,602,603,604,605,704,705,706,707,708,709,710,711,712,713,714,715,716,717,718,719,720,721,748,749,750,751,752,935,961,1098,1099,1100,1101,1102,1103,1104,1105,1106,
336;0;1379;1506;1;32,38,132,140,147,186,252,299,305,316,320,327,337,338,345,346,347,352,368,382,383,384,496,497,527,546,554,555,588,589,590,591,592,593,594,595,596,597,598,599,600,601,602,603,604,605,704,705,706,707,708,709,710,711,712,713,714,715,716,717,718,719,720,721,748,749,750,751,752,935,961,1098,1099,1100,1101,1102,1103,1104,1105,1106,
336;1;1506;1600;1;32,38,132,140,147,186,252,299,305,316,320,327,337,338,345,346,347,352,368,382,383,384,496,497,527,546,554,555,588,589,590,591,592,593,594,595,596,597,598,599,600,601,602,603,604,605,704,705,706,707,708,709,710,711,712,713,714,715,716,717,718,719,720,721,748,749,750,751,752,935,961,1098,1099,1100,1101,1102,1103,1104,1105,1106,
237;0;1600;1633;0;32,38,132,140,147,186,252,299,305,316,320,327,337,338,345,346,347,352,368,382,383,384,496,497,527,546,554,555,588,589,590,591,592,593,594,595,596,597,598,599,600,601,602,603,604,605,704,705,706,707,708,709,710,711,712,713,714,715,716,717,718,719,720,721,748,749,750,751,752,935,961,1098,1099,1100,1101,1102,1103,1104,1105,1106,
155;0;1633;1764;0;32,38,132,140,147,186,252,299,305,316,320,327,337,338,345,346,347,352,368,382,383,384,496,497,527,546,554,555,588,589,590,591,592,593,594,595,596,597,598,599,600,601,602,603,604,605,704,705,706,707,708,709,710,711,712,713,714,715,716,717,718,719,720,721,748,749,750,751,752,935,961,1098,1099,1100,1101,1102,1103,1104,1105,1106,
28;0;1764;1991;0;32,38,70,71,94,95,96,97,98,99,100,101,102,103,104,105,106,147,148,299,305,316,337,338,352,368,382,403,497,527,546,554,555,588,589,590,591,592,593,594,595,596,597,598,599,600,601,602,603,604,605,704,705,706,707,708,709,710,711,712,713,714,715,716,717,718,719,720,721,935,961,1098,1099,1100,1101,1102,1103,1104,1105,1106,
28;1;1991;2074;0;32,38,70,71,94,95,96,97,98,99,100,101,102,103,104,105,106,147,148,299,305,316,337,338,352,368,382,403,497,527,546,554,555,588,589,590,591,592,593,594,595,596,597,598,599,600,601,602,603,604,605,704,705,706,707,708,709,710,711,712,713,714,715,716,717,718,719,720,721,935,961,1098,1099,1100,1101,1102,1103,1104,1105,1106,
512;0;2074;2107;0;32,38,70,71,94,95,96,97,98,99,100,101,102,103,104,105,106,147,148,299,305,316,337,338,352,368,382,403,497,527,546,554,555,588,589,590,591,592,593,594,595,596,597,598,599,600,601,602,603,604,605,704,705,706,707,708,709,710,711,712,713,714,715,716,717,718,719,720,721,935,961,1098,1099,1100,1101,1102,1103,1104,1105,1106,
49;0;2107;2354;1;27,32,38,70,71,94,95,96,97,98,99,100,101,102,299,305,307,316,338,352,368,485,527,546,554,555,588,589,590,591,592,593,594,595,596,597,598,599,600,601,602,603,604,605,613,704,705,706,707,708,709,710,711,712,713,714,715,716,717,718,719,720,721,935,943,944,945,946,947,948,961,1098,1099,1100,1101,1102,1103,1104,1105,1106,
49;1;2354;2528;1;27,32,38,70,71,94,95,96,97,98,99,100,101,102,299,305,307,316,338,352,368,485,527,546,554,555,588,589,590,591,592,593,594,595,596,597,598,599,600,601,602,603,604,605,613,704,705,706,707,708,709,710,711,712,713,714,715,716,717,718,719,720,721,935,943,944,945,946,947,948,961,1098,1099,1100,1101,1102,1103,1104,1105,1106,
401;0;2528;2776;1;27,32,38,70,71,94,95,96,97,98,99,100,101,102,299,305,307,316,338,352,368,485,527,546,554,555,588,589,590,591,592,593,594,595,596,597,598,599,600,601,602,603,604,605,613,704,705,706,707,708,709,710,711,712,713,714,715,716,717,718,719,720,721,935,943,944,945,946,947,948,961,1098,1099,1100,1101,1102,1103,1104,1105,1106,
401;1;2776;2935;1;27,32,38,70,71,94,95,96,97,98,99,100,101,102,299,305,307,316,338,352,368,485,527,546,554,555,588,589,590,591,592,593,594,595,596,597,598,599,600,601,602,603,604,605,613,704,705,706,707,708,709,710,711,712,713,714,715,716,717,718,719,720,721,935,943,944,945,946,947,948,961,1098,1099,1100,1101,1102,1103,1104,1105,1106,
745;0;2935;3008;0;27,32,38,70,71,94,95,96,97,98,99,100,101,102,299,305,307,316,338,352,368,485,527,546,554,555,588,589,590,591,592,593,594,595,596,597,598,599,600,601,602,603,604,605,613,704,705,706,707,708,709,710,711,712,713,714,715,716,717,718,719,720,721,935,943,944,945,946,947,948,961,1098,1099,1100,1101,1102,1103,1104,1105,1106,
331;0;3008;3257;1;27,32,38,70,71,94,95,96,97,98,99,100,101,102,299,305,307,316,338,352,368,485,527,546,554,555,588,589,590,591,592,593,594,595,596,597,598,599,600,601,602,603,604,605,613,704,705,706,707,708,709,710,711,712,713,714,715,716,717,718,719,720,721,935,943,944,945,946,947,948,961,1098,1099,1100,1101,1102,1103,1104,1105,1106,
331;1;3257;3375;1;27,32,38,70,71,94,95,96,97,98,99,100,101,102,299,305,307,316,338,352,368,485,527,546,554,555,588,589,590,591,592,593,594,595,596,597,598,599,600,601,602,603,604,605,613,704,705,706,707,708,709,710,711,712,713,714,715,716,717,718,719,720,721,935,943,944,945,946,947,948,961,1098,1099,1100,1101,1102,1103,1104,1105,1106,
420;0;3375;3506;0;27,32,38,70,71,94,95,96,97,98,99,100,101,102,299,305,307,316,338,352,368,485,527,546,554,555,588,589,590,591,592,593,594,595,596,597,598,599,600,601,602,603,604,605,613,704,705,706,707,708,709,710,711,712,713,714,715,716,717,718,719,720,721,935,943,944,945,946,947,948,961,1098,1099,1100,1101,1102,1103,1104,1105,1106,
149;0;3506;3692;1;27,32,38,70,71,94,95,96,97,98,99,100,101,102,259,299,307,316,336,343,352,368,468,477,482,485,504,505,506,507,508,509,510,511,512,513,527,546,554,555,596,599,601,605,613,704,705,706,707,708,709,710,711,712,713,714,715,716,717,718,719,720,721,935,943,944,945,946,947,948,961,1098,1099,1100,1101,1102,1103,1104,1105,1106,
149;1;3692;3844;1;27,32,38,70,71,94,95,96,97,98,99,100,101,102,259,299,307,316,336,343,352,368,468,477,482,485,504,505,506,507,508,509,510,511,512,513,527,546,554,555,596,599,601,605,613,704,705,706,707,708,709,710,711,712,713,714,715,716,717,718,719,720,721,935,943,944,945,946,947,948,961,1098,1099,1100,1101,1102,1103,1104,1105,1106,
413;0;3844;3916;0;27,32,38,70,71,94,95,96,97,98,99,100,101,102,259,299,307,316,336,343,352,368,468,477,482,485,504,505,506,507,508,509,510,511,512,513,527,546,554,555,596,599,601,605,613,704,705,706,707,708,709,710,711,712,713,714,715,716,717,718,719,720,721,935,943,944,945,946,947,948,961,1098,1099,1100,1101,1102,1103,1104,1105,1106,
413;1;3916;3955;0;27,32,38,70,71,94,95,96,97,98,99,100,101,102,259,299,307,316,336,343,352,368,468,477,482,485,504,505,506,507,508,509,510,511,512,513,527,546,554,555,596,599,601,605,613,704,705,706,707,708,709,710,711,712,713,714,715,716,717,718,719,720,721,935,943,944,945,946,947,948,961,1098,1099,1100,1101,1102,1103,1104,1105,1106,
614;0;3955;4064;1;27,32,38,70,71,94,95,96,97,98,99,100,101,102,259,299,307,316,336,343,352,368,468,477,482,485,504,505,506,507,508,509,510,511,512,513,527,546,554,555,596,599,601,605,613,704,705,706,707,708,709,710,711,712,713,714,715,716,717,718,719,720,721,935,943,944,945,946,947,948,961,1098,1099,1100,1101,1102,1103,1104,1105,1106,
614;1;4064;4084;1;27,32,38,70,71,94,95,96,97,98,99,100,101,102,259,299,307,316,336,343,352,368,468,477,482,485,504,505,506,507,508,509,510,511,512,513,527,546,554,555,596,599,601,605,613,704,705,706,707,708,709,710,711,712,713,714,715,716,717,718,719,720,721,935,943,944,945,946,947,948,961,1098,1099,1100,1101,1102,1103,1104,1105,1106,
494;0;4084;4256;1;27,32,38,70,71,94,95,96,97,98,99,100,101,102,259,299,307,316,336,343,352,368,468,477,482,485,504,505,506,507,508,509,510,511,512,513,527,546,554,555,596,599,601,605,613,704,705,706,707,708,709,710,711,712,713,714,715,716,717,718,719,720,721,935,943,944,945,946,947,948,961,1098,1099,1100,1101,1102,1103,1104,1105,1106,
494;1;4256;4395;1;27,32,38,70,71,94,95,96,97,98,99,100,101,102,259,299,307,316,336,343,352,368,468,477,482,485,504,505,506,507,508,509,510,511,512,513,527,546,554,555,596,599,601,605,613,704,705,706,707,708,709,710,711,712,713,714,715,716,717,718,719,720,721,935,943,944,945,946,947,948,961,1098,1099,1100,1101,1102,1103,1104,1105,1106,
399;0;4395;4454;1;27,32,38,70,71,94,95,96,97,98,99,100,101,102,259,299,307,316,336,343,352,368,468,477,482,485,504,505,506,507,508,509,510,511,512,513,527,546,554,555,596,599,601,605,613,704,705,706,707,708,709,710,711,712,713,714,715,716,717,718,719,720,721,935,943,944,945,946,947,948,961,1098,1099,1100,1101,1102,1103,1104,1105,1106,
399;1;4454;4480;1;27,32,38,70,71,94,95,96,97,98,99,100,101,102,259,299,307,316,336,343,352,368,468,477,482,485,504,505,506,507,508,509,510,511,512,513,527,546,554,555,596,599,601,605,613,704,705,706,707,708,709,710,711,712,713,714,715,716,717,718,719,720,721,935,943,944,945,946,947,948,961,1098,1099,1100,1101,1102,1103,1104,1105,1106,
183;0;4480;4708;0;27,32,38,70,71,94,95,96,97,98,99,100,101,102,259,299,307,316,336,343,352,368,468,477,482,485,504,505,506,507,508,509,510,511,512,513,527,546,554,555,596,599,601,605,613,704,705,706,707,708,709,710,711,712,713,714,715,716,717,718,719,720,721,935,943,944,945,946,947,948,961,1098,1099,1100,1101,1102,1103,1104,1105,1106,
183;1;4708;4805;0;27,32,38,70,71,94,95,96,97,98,99,100,101,102,259,299,307,316,336,343,352,368,468,477,482,485,504,505,506,507,508,509,510,511,512,513,527,546,554,555,596,599,601,605,613,704,705,706,707,708,709,710,711,712,713,714,715,716,717,718,719,720,721,935,943,944,945,946,947,948,961,1098,1099,1100,1101,1102,1103,1104,1105,1106,
437;0;4805;4941;0;27,32,38,70,71,94,95,96,97,98,99,100,101,102,103,104,105,106,119,148,259,299,307,316,336,343,352,368,468,477,482,485,504,505,506,507,508,509,510,511,512,513,527,546,554,555,599,601,605,613,704,705,706,707,708,709,710,711,712,713,714,715,716,717,718,719,720,721,935,961,1098,1099,1100,1101,1102,1103,1104,1105,1106,1430,
553;0;4941;5206;0;2,32,38,51,70,87,88,110,143,148,151,198,234,316,352,368,371,388,401,546,554,605,613,704,705,706,707,708,709,710,711,712,713,714,715,716,717,718,719,720,721,802,803,804,805,806,807,808,809,810,845,846,847,848,849,850,851,852,853,854,855,856,857,858,859,860,861,862,863,935,961,1098,1099,1100,1101,1102,1103,1104,1105,1106,
553;1;5206;5340;0;2,32,38,51,70,87,88,110,143,148,151,198,234,316,352,368,371,388,401,546,554,605,613,704,705,706,707,708,709,710,711,712,713,714,715,716,717,718,719,720,721,802,803,804,805,806,807,808,809,810,845,846,847,848,849,850,851,852,853,854,855,856,857,858,859,860,861,862,863,935,961,1098,1099,1100,1101,1102,1103,1104,1105,1106,
168;0;5340;5498;0;2,32,38,51,70,87,88,110,143,148,151,198,234,316,352,368,371,388,401,546,554,605,613,704,705,706,707,708,709,710,711,712,713,714,715,716,717,718,719,720,721,802,803,804,805,806,807,808,809,810,845,846,847,848,849,850,851,852,853,854,855,856,857,858,859,860,861,862,863,935,961,1098,1099,1100,1101,1102,1103,1104,1105,1106,
168;1;5498;5623;0;2,32,38,51,70,87,88,110,143,148,151,198,234,316,352,368,371,388,401,546,554,605,613,704,705,706,707,708,709,710,711,712,713,714,715,716,717,718,719,720,721,802,803,804,805,806,807,808,809,810,845,846,847,848,849,850,851,852,853,854,855,856,857,858,859,860,861,862,863,935,961,1098,1099,1100,1101,1102,1103,1104,1105,1106,
628;0;5623;5679;0;2,32,38,51,70,87,88,110,143,148,151,198,234,316,352,368,371,388,401,546,554,605,613,704,705,706,707,708,709,710,711,712,713,714,715,716,717,718,719,720,721,802,803,804,805,806,807,808,809,810,845,846,847,848,849,850,851,852,853,854,855,856,857,858,859,860,861,862,863,935,961,1098,1099,1100,1101,1102,1103,1104,1105,1106,
628;1;5679;5720;0;2,32,38,51,70,87,88,110,143,148,151,198,234,316,352,368,371,388,401,546,554,605,613,704,705,706,707,708,709,710,711,712,713,714,715,716,717,718,719,720,721,802,803,804,805,806,807,808,809,810,845,846,847,848,849,850,851,852,853,854,855,856,857,858,859,860,861,862,863,935,961,1098,1099,1100,1101,1102,1103,1104,1105,1106,
246;0;5720;5910;1;2,32,38,51,70,87,88,110,143,148,151,198,234,316,352,368,371,388,401,546,554,605,613,704,705,706,707,708,709,710,711,712,713,714,715,716,717,718,719,720,721,802,803,804,805,806,807,808,809,810,845,846,847,848,849,850,851,852,853,854,855,856,857,858,859,860,861,862,863,935,961,1098,1099,1100,1101,1102,1103,1104,1105,1106,
246;1;5910;5985;1;2,32,38,51,70,87,88,110,143,148,151,198,234,316,352,368,371,388,401,546,554,605,613,704,705,706,707,708,709,710,711,712,713,714,715,716,717,718,719,720,721,802,803,804,805,806,807,808,809,810,845,846,847,848,849,850,851,852,853,854,855,856,857,858,859,860,861,862,863,935,961,1098,1099,1100,1101,1102,1103,1104,1105,1106,
312;0;5985;6124;0;2,32,38,51,70,87,88,110,143,148,151,198,234,293,316,352,368,371,388,401,546,554,605,613,704,705,706,707,708,709,710,711,712,713,714,715,716,717,718,719,720,721,802,803,804,805,806,807,808,809,810,845,846,847,848,849,850,851,852,853,854,855,856,857,858,859,860,861,862,863,935,961,1098,1099,1100,1103,1119,1120,1121,1122,
169;0;6124;6273;1;2,32,38,51,70,87,88,110,143,148,151,198,234,293,316,352,368,371,388,401,546,554,605,613,704,705,706,707,708,709,710,711,712,713,714,715,716,717,718,719,720,721,802,803,804,805,806,807,808,809,810,845,846,847,848,849,850,851,852,853,854,855,856,857,858,859,860,861,862,863,935,961,1098,1099,1100,1103,1119,1120,1121,1122,
169;1;6273;6283;1;2,32,38,51,70,87,88,110,143,148,151,198,234,293,316,352,368,371,388,401,546,554,605,613,704,705,706,707,708,709,710,711,712,713,714,715,716,717,718,719,720,721,802,803,804,805,806,807,808,809,810,845,846,847,848,849,850,851,852,853,854,855,856,857,858,859,860,861,862,863,935,961,1098,1099,1100,1103,1119,1120,1121,1122,
727;0;6283;6422;0;2,32,38,51,70,87,88,110,143,148,151,198,234,293,316,352,368,371,388,401,428,497,546,554,605,606,607,608,609,610,611,612,613,614,615,616,704,705,706,707,708,709,710,711,712,717,721,802,803,804,805,806,807,808,809,810,845,846,847,848,849,850,851,852,853,854,855,856,857,858,859,860,861,862,863,1103,1119,1120,1121,1122,
740;0;6422;6484;0;2,51,70,87,88,105,110,143,148,151,197,198,234,272,293,371,385,388,397,401,414,415,416,417,418,419,428,443,445,497,606,607,608,609,610,611,612,613,614,615,616,802,803,804,805,806,807,808,809,810,845,846,847,848,849,850,851,852,853,854,855,856,857,858,859,860,861,862,863,1322,1432,1433,1434,1435,1436,1437,1438,1439,1440,1441,
259;0;6484;6698;1;2,51,70,87,88,105,110,143,148,151,197,198,234,272,293,371,385,388,397,401,414,415,416,417,418,419,428,443,445,497,606,607,608,609,610,611,612,613,614,615,616,802,803,804,805,806,807,808,809,810,845,846,847,848,849,850,851,852,853,854,855,856,857,858,859,860,861,862,863,1322,1432,1433,1434,1435,1436,1437,1438,1439,1440,1441,
259;1;6698;6836;1;2,51,70,87,88,105,110,143,148,151,197,198,234,272,293,371,385,388,397,401,414,415,416,417,418,419,428,443,445,497,606,607,608,609,610,611,612,613,614,615,616,802,803,804,805,806,807,808,809,810,845,846,847,848,849,850,851,852,853,854,855,856,857,858,859,860,861,862,863,1322,1432,1433,1434,1435,1436,1437,1438,1439,1440,1441,
706;0;6836;6856;1;2,51,70,87,88,105,110,143,148,151,197,198,234,272,293,371,385,388,397,401,414,415,416,417,418,419,428,443,445,497,606,607,608,609,610,611,612,613,614,615,616,802,803,804,805,806,807,808,809,810,845,846,847,848,849,850,851,852,853,854,855,856,857,858,859,860,861,862,863,1322,1432,1433,1434,1435,1436,1437,1438,1439,1440,1441,
706;1;6856;6861;1;2,51,70,87,88,105,110,143,148,151,197,198,234,272,293,371,385,388,397,401,414,415,416,417,418,419,428,443,445,497,606,607,608,609,610,611,612,613,614,615,616,802,803,804,805,806,807,808,809,810,845,846,847,848,849,850,851,852,853,854,855,856,857,858,859,860,861,862,863,1322,1432,1433,1434,1435,1436,1437,1438,1439,1440,1441,
737;0;6861;6965;0;2,51,70,87,88,105,110,143,148,151,197,198,234,272,293,371,385,388,397,401,414,415,416,417,418,419,428,443,445,497,606,607,608,609,610,611,612,613,614,615,616,802,803,804,805,806,807,808,809,810,845,846,847,848,849,850,851,852,853,854,855,856,857,858,859,860,861,862,863,1322,1432,1433,1434,1435,1436,1437,1438,1439,1440,1441,
589;0;6965;7134;1;2,51,70,87,88,105,110,143,148,151,197,198,234,272,293,371,385,388,397,401,414,415,416,417,418,419,428,443,445,497,606,607,608,609,610,611,612,613,614,615,616,802,803,804,805,806,807,808,809,810,845,846,847,848,849,850,851,852,853,854,855,856,857,858,859,860,861,862,863,1322,1432,1433,1434,1435,1436,1437,1438,1439,1440,1441,
589;1;7134;7164;1;2,51,70,87,88,105,110,143,148,151,197,198,234,272,293,371,385,388,397,401,414,415,416,417,418,419,428,443,445,497,606,607,608,609,610,611,612,613,614,615,616,802,803,804,805,806,807,808,809,810,845,846,847,848,849,850,851,852,853,854,855,856,857,858,859,860,861,862,863,1322,1432,1433,1434,1435,1436,1437,1438,1439,1440,1441,
538;0;7164;7313;0;2,51,70,87,88,105,110,143,148,151,197,198,234,272,293,371,385,388,397,401,414,415,416,417,418,419,428,443,445,497,606,607,608,609,610,611,612,613,614,615,616,802,803,804,805,806,807,808,809,810,845,846,847,848,849,850,851,852,853,854,855,856,857,858,859,860,861,862,863,1322,1432,1433,1434,1435,1436,1437,1438,1439,1440,1441,
538;1;7313;7347;0;2,51,70,87,88,105,110,143,148,151,197,198,234,272,293,371,385,388,397,401,414,415,416,417,418,419,428,443,445,497,606,607,608,609,610,611,612,613,614,615,616,802,803,804,805,806,807,808,809,810,845,846,847,848,849,850,851,852,853,854,855,856,857,858,859,860,861,862,863,1322,1432,1433,1434,1435,1436,1437,1438,1439,1440,1441,
433;0;7347;7543;0;2,51,70,87,88,105,110,143,148,151,197,198,234,272,293,371,385,388,397,401,414,415,416,417,418,419,428,443,445,497,606,607,608,609,610,611,612,613,614,615,616,802,803,804,805,806,807,808,809,810,845,846,847,848,849,850,851,852,853,854,855,856,857,858,859,860,861,862,863,1322,1432,1433,1434,1435,1436,1437,1438,1439,1440,1441,
433;1;7543;7663;0;2,51,70,87,88,105,110,143,148,151,197,198,234,272,293,371,385,388,397,401,414,415,416,417,418,419,428,443,445,497,606,607,608,609,610,611,612,613,614,615,616,802,803,804,805,806,807,808,809,810,845,846,847,848,849,850,851,852,853,854,855,856,857,858,859,860,861,862,863,1322,1432,1433,1434,1435,1436,1437,1438,1439,1440,1441,
423;0;7663;7767;0;2,51,88,105,148,151,176,197,198,234,272,293,371,385,388,397,414,415,416,417,418,419,443,445,802,803,845,846,847,848,849,850,851,852,853,854,855,856,857,858,859,860,861,862,863,914,991,1191,1200,1322,1410,1411,1412,1413,1414,1415,1416,1417,1418,1419,1420,1421,1422,1423,1424,1425,1426,1427,1428,1429,1432,1433,1434,1435,1436,1437,1438,1439,1440,1441,
423;1;7767;7809;0;2,51,88,105,148,151,176,197,198,234,272,293,371,385,388,397,414,415,416,417,418,419,443,445,802,803,845,846,847,848,849,850,851,852,853,854,855,856,857,858,859,860,861,862,863,914,991,1191,1200,1322,1410,1411,1412,1413,1414,1415,1416,1417,1418,1419,1420,1421,1422,1423,1424,1425,1426,1427,1428,1429,1432,1433,1434,1435,1436,1437,1438,1439,1440,1441,
540;0;7809;7913;0;2,51,88,105,148,151,176,197,198,234,272,293,371,385,388,397,414,415,416,417,418,419,443,445,802,803,845,846,847,848,849,850,851,852,853,854,855,856,857,858,859,860,861,862,863,914,991,1191,1200,1322,1410,1411,1412,1413,1414,1415,1416,1417,1418,1419,1420,1421,1422,1423,1424,1425,1426,1427,1428,1429,1432,1433,1434,1435,1436,1437,1438,1439,1440,1441,
429;0;7913;8148;1;2,51,88,105,148,151,176,197,198,234,272,293,371,385,388,397,415,443,445,802,803,845,846,847,848,849,850,851,852,853,854,855,856,857,858,859,860,861,862,863,914,965,991,1119,1120,1121,1122,1191,1200,1322,1410,1411,1412,1413,1414,1415,1416,1417,1418,1419,1420,1421,1422,1423,1424,1425,1426,1427,1428,1429,1432,1433,1434,1435,1436,1437,1438,1439,1440,1441,
429;1;8148;8244;1;2,51,88,105,148,151,176,197,198,234,272,293,371,385,388,397,415,443,445,802,803,845,846,847,848,849,850,851,852,853,854,855,856,857,858,859,860,861,862,863,914,965,991,1119,1120,1121,1122,1191,1200,1322,1410,1411,1412,1413,1414,1415,1416,1417,1418,1419,1420,1421,1422,1423,1424,1425,1426,1427,1428,1429,1432,1433,1434,1435,1436,1437,1438,1439,1440,1441,
575;0;8244;8359;0;2,51,88,105,148,151,176,197,198,234,272,293,371,385,388,397,415,443,445,802,803,845,846,847,848,849,850,851,852,853,854,855,856,857,858,859,860,861,862,863,914,965,991,1119,1120,1121,1122,1191,1200,1322,1410,1411,1412,1413,1414,1415,1416,1417,1418,1419,1420,1421,1422,1423,1424,1425,1426,1427,1428,1429,1432,1433,1434,1435,1436,1437,1438,1439,1440,1441,
116;0;8359;8558;1;2,51,88,105,148,151,176,197,198,234,272,293,371,385,388,397,415,443,445,802,803,845,846,847,848,849,850,851,852,853,854,855,856,857,858,859,860,861,862,863,914,965,991,1119,1120,1121,1122,1191,1200,1322,1410,1411,1412,1413,1414,1415,1416,1417,1418,1419,1420,1421,1422,1423,1424,1425,1426,1427,1428,1429,1432,1433,1434,1435,1436,1437,1438,1439,1440,1441,
116;1;8558;8605;1;2,51,88,105,148,151,176,197,198,234,272,293,371,385,388,397,415,443,445,802,803,845,846,847,848,849,850,851,852,853,854,855,856,857,858,859,860,861,862,863,914,965,991,1119,1120,1121,1122,1191,1200,1322,1410,1411,1412,1413,1414,1415,1416,1417,1418,1419,1420,1421,1422,1423,1424,1425,1426,1427,1428,1429,1432,1433,1434,1435,1436,1437,1438,1439,1440,1441,
730;0;8605;8667;0;2,51,88,105,148,151,176,197,198,234,272,293,371,385,388,397,415,443,445,802,803,845,846,847,848,849,850,851,852,853,854,855,856,857,858,859,860,861,862,863,914,965,991,1119,1120,1121,1122,1191,1200,1322,1410,1411,1412,1413,1414,1415,1416,1417,1418,1419,1420,1421,1422,1423,1424,1425,1426,1427,1428,1429,1432,1433,1434,1435,1436,1437,1438,1439,1440,1441,
84;0;8667;8778;1;2,51,70,87,88,105,110,143,148,151,176,197,198,234,272,293,371,385,388,397,401,415,443,445,802,803,804,805,806,807,808,809,810,845,846,847,848,849,850,857,858,914,991,1119,1120,1121,1122,1191,1200,1322,1410,1411,1412,1413,1414,1415,1416,1417,1418,1419,1420,1421,1422,1423,1424,1425,1426,1427,1428,1429,1432,1433,1434,1435,1436,1437,1438,1439,1440,1441,
84;1;8778;8874;1;2,51,70,87,88,105,110,143,148,151,176,197,198,234,272,293,371,385,388,397,401,415,443,445,802,803,804,805,806,807,808,809,810,845,846,847,848,849,850,857,858,914,991,1119,1120,1121,1122,1191,1200,1322,1410,1411,1412,1413,1414,1415,1416,1417,1418,1419,1420,1421,1422,1423,1424,1425,1426,1427,1428,1429,1432,1433,1434,1435,1436,1437,1438,1439,1440,1441,
100;0;8874;8974;0;2,32,51,70,87,88,105,110,138,143,148,151,176,185,197,198,234,272,293,371,385,388,397,401,415,443,445,802,803,804,805,806,807,808,809,810,845,847,857,858,898,914,991,1119,1120,1121,1122,1191,1200,1322,1410,1411,1412,1413,1414,1415,1416,1417,1418,1419,1420,1421,1422,1423,1424,1425,1426,1427,1428,1429,1432,1433,1434,1435,1436,1437,1438,1439,1440,1441,
289;0;8974;9119;1;2,32,51,70,87,105,110,138,143,148,176,197,198,234,293,371,397,401,443,445,537,538,539,542,543,636,802,803,804,805,806,807,808,809,810,829,830,831,832,833,834,835,836,837,838,839,840,841,842,843,844,847,857,858,914,991,1119,1120,1121,1122,1191,1200,1322,1410,1411,1412,1413,1414,1415,1416,1432,1433,1434,1435,1436,1437,1438,1439,1440,1441,
289;1;9119;9133;1;2,32,51,70,87,105,110,138,143,148,176,197,198,234,293,371,397,401,443,445,537,538,539,542,543,636,802,803,804,805,806,807,808,809,810,829,830,831,832,833,834,835,836,837,838,839,840,841,842,843,844,847,857,858,914,991,1119,1120,1121,1122,1191,1200,1322,1410,1411,1412,1413,1414,1415,1416,1432,1433,1434,1435,1436,1437,1438,1439,1440,1441,
427;0;9133;9272;0;2,32,51,70,87,105,110,138,143,148,176,197,198,234,293,371,397,401,443,445,537,538,539,542,543,636,802,803,804,805,806,807,808,809,810,829,830,831,832,833,834,835,836,837,838,839,840,841,842,843,844,847,857,858,914,991,1119,1120,1121,1122,1191,1200,1322,1410,1411,1412,1413,1414,1415,1416,1432,1433,1434,1435,1436,1437,1438,1439,1440,1441,
621;0;9272;9390;1;2,32,51,70,87,105,110,138,143,148,176,197,198,234,264,293,371,382,397,401,412,428,443,445,497,498,537,538,539,542,543,606,607,608,609,610,611,612,613,614,615,616,627,677,802,803,804,805,806,807,808,809,810,823,824,825,826,847,857,858,914,991,1119,1120,1121,1122,1191,1200,1322,1410,1432,1433,1434,1435,1436,1437,1438,1439,1440,1441,
621;1;9390;9432;1;2,32,51,70,87,105,110,138,143,148,176,197,198,234,264,293,371,382,397,401,412,428,443,445,497,498,537,538,539,542,543,606,607,608,609,610,611,612,613,614,615,616,627,677,802,803,804,805,806,807,808,809,810,823,824,825,826,847,857,858,914,991,1119,1120,1121,1122,1191,1200,1322,1410,1432,1433,1434,1435,1436,1437,1438,1439,1440,1441,
309;0;9432;9502;1;2,32,51,70,87,105,110,138,143,148,176,197,198,234,264,293,371,382,397,401,412,428,443,445,497,498,537,538,539,542,543,606,607,608,609,610,611,612,613,614,615,616,627,677,802,803,804,805,806,807,808,809,810,823,824,825,826,847,857,858,914,991,1119,1120,1121,1122,1191,1200,1322,1410,1432,1433,1434,1435,1436,1437,1438,1439,1440,1441,
309;1;9502;9557;1;2,32,51,70,87,105,110,138,143,148,176,197,198,234,264,293,371,382,397,401,412,428,443,445,497,498,537,538,539,542,543,606,607,608,609,610,611,612,613,614,615,616,627,677,802,803,804,805,806,807,808,809,810,823,824,825,826,847,857,858,914,991,1119,1120,1121,1122,1191,1200,1322,1410,1432,1433,1434,1435,1436,1437,1438,1439,1440,1441,
436;0;9557;9745;1;2,32,51,70,87,105,110,138,143,148,176,197,198,234,264,293,371,382,397,401,412,428,443,445,497,498,537,538,539,542,543,606,607,608,609,610,611,612,613,614,615,616,627,677,802,803,804,805,806,807,808,809,810,823,824,825,826,847,857,858,914,991,1119,1120,1121,1122,1191,1200,1322,1410,1432,1433,1434,1435,1436,1437,1438,1439,1440,1441,
436;1;9745;9897;1;2,32,51,70,87,105,110,138,143,148,176,197,198,234,264,293,371,382,397,401,412,428,443,445,497,498,537,538,539,542,543,606,607,608,609,610,611,612,613,614,615,616,627,677,802,803,804,805,806,807,808,809,810,823,824,825,826,847,857,858,914,991,1119,1120,1121,1122,1191,1200,1322,1410,1432,1433,1434,1435,1436,1437,1438,1439,1440,1441,
676;0;9897;9924;1;2,32,51,70,87,105,110,138,143,148,176,197,198,234,264,293,371,382,397,401,412,428,443,445,497,498,537,538,539,542,543,606,607,608,609,610,611,612,613,614,615,616,627,677,802,803,804,805,806,807,808,809,810,823,824,825,826,847,857,858,914,991,1119,1120,1121,1122,1191,1200,1322,1410,1432,1433,1434,1435,1436,1437,1438,1439,1440,1441,
676;1;9924;9936;1;2,32,51,70,87,105,110,138,143,148,176,197,198,234,264,293,371,382,397,401,412,428,443,445,497,498,537,538,539,542,543,606,607,608,609,610,611,612,613,614,615,616,627,677,802,803,804,805,806,807,808,809,810,823,824,825,826,847,857,858,914,991,1119,1120,1121,1122,1191,1200,1322,1410,1432,1433,1434,1435,1436,1437,1438,1439,1440,1441,
END
fineshedJobsCount: 525
switchs: 1561
switchsInstances: 86
unfineshedPriorityCount: 295
totalUnfineshed: 676
criticalMachineSwitchs: 398
criticalMachineTime: 10076
Final Solution: 4479
Time: 269749
