./input/BaseInstances/6M1/n=1201,r=0.6,t=1525,v0.txt;
7;720;1440
Machine: 0
316;1;0;4;1;2,44,51,52,54,59,63,70,72,79,81,83,84,85,86,87,88,89,90,91,92,105,110,129,143,150,156,157,196,198,223,224,225,226,227,228,229,230,234,252,320,332,337,343,345,346,347,371,401,403,428,449,450,451,452,453,454,455,456,457,458,459,496,497,748,749,750,751,752,802,803,804,805,806,807,808,809,810,1029,1030,
406;1;4;10;1;2,44,51,52,54,59,63,70,72,79,81,83,84,85,86,87,88,89,90,91,92,105,110,129,143,150,156,157,196,198,223,224,225,226,227,228,229,230,234,252,320,332,337,343,345,346,347,371,401,403,428,449,450,451,452,453,454,455,456,457,458,459,496,497,748,749,750,751,752,802,803,804,805,806,807,808,809,810,1029,1030,
382;0;10;86;0;2,44,51,52,54,59,63,70,72,79,81,83,84,85,86,87,88,89,90,91,92,105,110,129,143,150,156,157,196,198,223,224,225,226,227,228,229,230,234,252,320,332,337,343,345,346,347,371,401,403,428,449,450,451,452,453,454,455,456,457,458,459,496,497,748,749,750,751,752,802,803,804,805,806,807,808,809,810,1029,1030,
94;1;86;100;1;2,44,51,52,54,59,63,70,72,79,81,83,84,85,86,87,88,89,90,91,92,105,110,129,143,150,156,157,196,198,223,224,225,226,227,228,229,230,234,252,320,332,337,343,345,346,347,371,401,403,428,449,450,451,452,453,454,455,456,457,458,459,496,497,748,749,750,751,752,802,803,804,805,806,807,808,809,810,1029,1030,
644;1;100;118;1;2,44,51,52,54,59,63,70,72,79,81,83,84,85,86,87,88,89,90,91,92,105,110,129,143,150,156,157,196,198,223,224,225,226,227,228,229,230,234,252,320,332,337,343,345,346,347,371,401,403,428,449,450,451,452,453,454,455,456,457,458,459,496,497,748,749,750,751,752,802,803,804,805,806,807,808,809,810,1029,1030,
706;0;118;138;1;2,44,51,52,54,59,63,70,72,79,81,83,84,85,86,87,88,89,90,91,92,105,110,129,143,150,156,157,196,198,223,224,225,226,227,228,229,230,234,252,320,332,337,343,345,346,347,371,401,403,428,449,450,451,452,453,454,455,456,457,458,459,496,497,748,749,750,751,752,802,803,804,805,806,807,808,809,810,1029,1030,
71;1;138;160;1;2,44,51,52,54,59,63,70,72,79,81,83,84,85,86,87,88,89,90,91,92,105,110,129,143,150,156,157,196,198,223,224,225,226,227,228,229,230,231,232,233,234,235,236,237,238,239,240,241,242,243,244,252,320,332,337,343,345,346,347,371,401,428,449,458,496,497,748,749,750,751,802,803,804,805,806,807,808,809,810,
676;0;160;187;1;2,44,51,52,54,59,63,70,72,79,81,83,84,85,86,87,88,89,90,91,92,105,110,129,143,150,156,157,196,198,223,224,225,226,227,228,229,230,231,232,233,234,235,236,237,238,239,240,241,242,243,244,252,320,332,337,343,345,346,347,371,401,428,449,458,496,497,748,749,750,751,802,803,804,805,806,807,808,809,810,
299;1;187;216;1;2,32,44,51,52,54,70,72,79,81,83,84,85,86,87,88,92,105,110,128,129,135,143,150,156,157,196,198,223,224,225,226,227,228,229,230,231,234,237,252,253,254,255,256,257,258,259,260,261,262,263,264,265,266,267,268,269,320,332,337,343,345,346,347,371,401,428,449,458,496,497,802,803,804,805,806,807,808,809,810,
493;0;216;396;0;2,32,44,51,52,54,70,72,79,81,83,84,85,86,87,92,105,110,128,129,135,143,150,156,157,196,198,223,224,225,226,227,228,229,230,231,234,237,252,253,254,255,256,257,258,259,260,261,262,263,264,265,266,267,268,269,320,332,337,343,345,346,347,371,401,404,428,449,458,496,497,802,803,804,805,806,807,808,809,810,
623;1;396;422;0;2,32,44,51,52,54,70,72,79,81,83,84,85,86,87,92,105,110,128,129,135,143,150,156,157,196,198,223,224,225,226,227,228,229,230,231,234,237,252,253,254,255,256,257,258,259,260,261,262,263,264,265,266,267,268,269,320,332,337,343,345,346,347,371,401,404,428,449,458,496,497,802,803,804,805,806,807,808,809,810,
479;1;422;454;1;2,32,51,70,72,87,92,105,110,129,135,138,143,150,156,157,186,196,198,223,224,225,226,227,228,229,230,231,234,237,252,253,254,256,258,259,262,263,264,265,269,320,332,337,342,343,345,346,347,371,401,405,428,449,458,496,497,520,530,532,626,780,802,803,804,805,806,807,808,809,810,814,815,816,817,818,819,820,821,822,
206;1;454;487;1;0,2,3,32,51,70,72,87,92,105,110,129,135,138,143,150,156,186,196,198,223,224,225,226,229,230,231,234,254,256,258,259,262,272,282,286,332,343,345,346,347,371,401,428,497,520,530,532,626,696,780,802,803,804,805,806,807,808,809,810,1011,1126,1127,1128,1129,1130,1131,1132,1133,1134,1135,1136,1137,1138,1139,1140,1141,1142,1143,1144,
581;1;487;522;1;0,2,3,32,51,70,72,87,92,105,110,129,135,138,143,150,153,156,186,196,198,223,224,225,226,229,230,231,234,254,256,258,259,262,272,282,286,332,343,345,346,347,371,393,401,402,428,436,444,497,520,530,532,626,696,777,780,802,803,804,805,806,807,808,809,810,1011,1126,1127,1128,1129,1130,1131,1132,1133,1134,1135,1136,1137,1141,
298;0;522;816;0;32,38,70,72,105,129,153,156,186,198,224,225,299,305,316,338,343,345,352,368,393,402,428,436,444,497,527,546,554,555,588,589,590,591,592,593,594,595,596,597,598,599,600,601,602,603,604,605,606,607,608,609,610,611,612,613,614,615,616,626,704,705,706,707,708,709,710,711,712,713,714,715,716,717,718,719,720,721,777,780,
224;1;816;852;1;32,38,70,72,105,129,153,156,186,198,224,225,299,305,316,338,343,345,352,368,393,402,428,436,444,497,527,546,554,555,588,589,590,591,592,593,594,595,596,597,598,599,600,601,602,603,604,605,606,607,608,609,610,611,612,613,614,615,616,626,704,705,706,707,708,709,710,711,712,713,714,715,716,717,718,719,720,721,777,780,
745;0;852;925;0;32,38,70,72,105,129,153,156,186,198,224,225,299,305,316,338,343,345,352,368,393,402,428,436,444,497,527,546,554,555,588,589,590,591,592,593,594,595,596,597,598,599,600,601,602,603,604,605,606,607,608,609,610,611,612,613,614,615,616,626,704,705,706,707,708,709,710,711,712,713,714,715,716,717,718,719,720,721,777,780,
621;1;925;967;1;32,38,70,72,105,129,153,156,186,198,224,225,299,305,316,338,343,345,352,368,393,402,428,436,444,497,527,546,554,555,588,589,590,591,592,593,594,595,596,597,598,599,600,601,602,603,604,605,606,607,608,609,610,611,612,613,614,615,616,626,704,705,706,707,708,709,710,711,712,713,714,715,716,717,718,719,720,721,777,780,
322;0;967;1106;0;32,38,70,72,105,129,153,156,186,198,224,225,299,305,316,338,343,345,352,368,393,402,428,436,444,497,527,546,554,555,588,589,590,591,592,593,594,595,596,597,598,599,600,601,602,603,604,605,606,607,608,609,610,611,612,613,614,615,616,626,704,705,706,707,708,709,710,711,712,713,714,715,716,717,718,719,720,721,777,780,
613;0;1106;1243;0;32,38,70,72,105,129,153,156,186,198,224,225,299,305,316,338,343,345,352,368,393,402,428,436,444,497,527,546,554,555,588,589,590,591,592,593,594,595,596,597,598,599,600,601,602,603,604,605,606,607,608,609,610,611,612,613,614,615,616,626,704,705,706,707,708,709,710,711,712,713,714,715,716,717,718,719,720,721,777,780,
433;1;1243;1363;0;32,38,70,72,105,129,153,156,186,198,224,225,299,305,316,338,343,345,352,368,393,402,428,436,444,497,527,546,554,555,588,589,590,591,592,593,594,595,596,597,598,599,600,601,602,603,604,605,606,607,608,609,610,611,612,613,614,615,616,626,704,705,706,707,708,709,710,711,712,713,714,715,716,717,718,719,720,721,777,780,
69;0;1363;1411;1;32,38,70,72,105,129,153,156,186,198,224,225,299,305,316,338,343,345,352,368,393,402,428,436,444,497,527,546,554,555,588,589,590,591,592,593,594,595,596,597,598,599,600,601,602,603,604,605,606,607,608,609,610,611,612,613,614,615,616,626,704,705,706,707,708,709,710,711,712,713,714,715,716,717,718,719,720,721,777,780,
413;1;1411;1450;0;32,38,70,72,105,129,153,156,186,198,224,225,299,305,316,338,343,345,352,368,393,402,428,436,444,497,527,546,554,555,588,589,590,591,592,593,594,595,596,597,598,599,600,601,602,603,604,605,606,607,608,609,610,611,612,613,614,615,616,626,704,705,706,707,708,709,710,711,712,713,714,715,716,717,718,719,720,721,777,780,
699;1;1450;1499;1;32,38,70,72,105,123,125,129,153,156,186,198,224,225,316,317,327,335,336,341,343,344,345,352,368,393,428,444,465,497,519,527,546,554,601,621,626,639,704,705,706,707,708,709,710,711,712,713,714,715,716,717,718,719,720,721,778,779,780,781,782,783,784,785,786,787,788,789,790,791,792,793,794,795,796,797,798,799,800,801,
83;0;1499;1664;0;32,38,70,72,105,123,125,129,153,156,186,198,224,225,316,317,327,335,336,341,343,344,345,352,368,393,428,444,465,497,519,527,546,554,601,621,626,639,704,705,706,707,708,709,710,711,712,713,714,715,716,717,718,719,720,721,778,779,780,781,782,783,784,785,786,787,788,789,790,791,792,793,794,795,796,797,798,799,800,801,
306;1;1664;1716;1;32,38,57,70,72,105,123,125,129,153,156,186,197,198,224,225,229,316,317,327,335,336,341,343,344,345,352,368,371,372,373,374,375,376,377,393,428,444,465,497,519,527,546,554,601,621,626,639,704,705,706,707,708,709,710,711,712,713,714,715,716,717,718,719,720,721,778,779,780,781,782,783,784,785,786,787,788,789,790,796,
127;0;1716;1873;0;32,38,57,70,72,105,123,125,129,153,156,186,197,198,224,225,229,316,317,327,335,336,341,343,344,345,352,368,371,372,373,374,375,376,377,393,428,444,465,497,519,527,546,554,601,621,626,639,704,705,706,707,708,709,710,711,712,713,714,715,716,717,718,719,720,721,778,779,780,781,782,783,784,785,786,787,788,789,790,796,
26;1;1873;1928;1;32,38,57,70,72,92,105,125,129,153,156,165,186,197,198,224,225,229,316,317,327,335,336,341,343,344,345,352,368,371,374,385,386,387,388,389,390,391,392,393,394,395,396,397,398,399,400,401,428,444,465,497,519,527,546,554,601,621,626,639,704,705,706,707,708,709,710,711,712,713,714,715,716,717,718,719,720,721,780,796,
220;0;1928;1969;0;32,38,57,70,72,92,105,125,129,153,156,165,186,197,198,224,225,229,316,317,327,335,336,341,343,344,345,352,368,371,374,385,386,387,388,389,390,391,392,393,394,395,396,397,398,399,400,401,428,444,465,497,519,527,546,554,601,621,626,639,704,705,706,707,708,709,710,711,712,713,714,715,716,717,718,719,720,721,780,796,
191;1;1969;2025;1;32,38,57,70,72,92,105,106,125,129,150,153,155,156,176,186,194,196,197,198,224,225,229,316,327,335,336,341,343,344,345,352,368,371,393,400,401,428,438,442,444,445,447,465,497,517,519,527,546,554,601,621,626,639,646,649,704,705,706,707,708,709,710,711,712,713,714,715,716,717,718,719,720,721,780,796,1146,1147,1148,1149,
121;1;2025;2085;1;32,38,70,72,105,106,125,129,150,153,154,155,156,173,186,194,196,197,198,220,223,224,225,226,229,231,316,327,335,336,341,343,345,352,368,371,401,428,442,444,445,447,519,527,546,554,601,621,646,649,688,704,705,706,707,708,709,710,711,712,713,714,715,716,717,718,719,720,721,796,872,983,985,986,987,988,989,990,991,992,
211;1;2085;2147;1;32,38,70,71,72,94,95,96,97,98,99,100,101,102,103,104,105,106,110,125,129,147,150,153,155,156,173,186,194,196,197,198,220,224,226,229,316,327,335,336,341,345,352,368,371,401,428,442,444,445,447,519,527,546,554,601,646,649,704,705,706,707,708,709,710,711,712,713,714,715,716,717,718,719,720,721,984,991,1006,1007,
443;0;2147;2339;0;32,70,71,72,94,95,96,97,98,99,100,101,102,103,104,105,106,110,124,126,134,147,150,186,198,254,259,262,311,327,335,336,339,341,345,371,401,421,422,426,427,428,429,430,431,432,433,434,435,504,508,509,624,634,654,875,901,922,929,984,1006,1007,1031,1032,1033,1034,1035,1036,1037,1038,1088,1089,1090,1091,1092,1093,1094,1095,1096,1097,
360;0;2339;2416;0;32,70,71,72,94,95,96,97,98,99,100,101,102,103,104,105,106,110,124,126,134,147,150,186,198,254,259,262,311,327,335,336,339,341,345,371,401,421,422,426,427,428,429,430,431,432,433,434,435,504,508,509,624,634,654,875,901,922,929,984,1006,1007,1031,1032,1033,1034,1035,1036,1037,1038,1088,1089,1090,1091,1092,1093,1094,1095,1096,1097,
741;0;2416;2480;1;32,70,71,72,94,95,96,97,98,99,100,101,102,103,104,105,106,110,124,126,134,147,150,186,198,254,259,262,311,327,335,336,339,341,345,371,401,421,422,426,427,428,429,430,431,432,433,434,435,504,508,509,624,634,654,875,901,922,929,984,1006,1007,1031,1032,1033,1034,1035,1036,1037,1038,1088,1089,1090,1091,1092,1093,1094,1095,1096,1097,
332;0;2480;2484;0;32,70,71,72,94,95,96,97,98,99,100,101,102,103,104,105,106,110,124,126,134,147,150,186,198,254,259,262,311,327,335,336,339,341,345,371,401,421,422,426,427,428,429,430,431,432,433,434,435,504,508,509,624,634,654,875,901,922,929,984,1006,1007,1031,1032,1033,1034,1035,1036,1037,1038,1088,1089,1090,1091,1092,1093,1094,1095,1096,1097,
154;1;2484;2549;1;32,70,71,72,94,95,96,97,98,99,100,101,102,103,104,105,106,110,124,126,134,147,150,186,198,254,259,262,311,327,335,336,339,341,345,371,401,421,422,426,427,428,429,430,431,432,433,434,435,504,508,509,624,634,654,875,901,922,929,984,1006,1007,1031,1032,1033,1034,1035,1036,1037,1038,1088,1089,1090,1091,1092,1093,1094,1095,1096,1097,
586;1;2549;2615;1;32,70,71,72,94,95,96,97,98,99,100,101,102,103,104,105,106,110,124,126,134,147,150,186,198,254,259,262,311,327,335,336,339,341,345,371,401,421,422,426,427,428,429,430,431,432,433,434,435,504,508,509,624,634,654,875,901,922,929,984,1006,1007,1031,1032,1033,1034,1035,1036,1037,1038,1088,1089,1090,1091,1092,1093,1094,1095,1096,1097,
309;0;2880;2950;1;2,32,51,70,71,72,87,94,95,96,97,98,99,100,101,102,103,104,105,106,110,124,126,134,143,147,150,186,198,234,254,259,262,311,327,335,336,339,341,345,371,401,421,422,426,427,428,429,430,431,432,433,434,435,504,508,509,624,634,654,802,803,804,805,806,807,808,809,810,875,901,922,929,984,1006,1007,1031,1032,1035,1088,
709;1;2950;3023;1;2,32,51,70,71,72,87,94,95,96,97,98,99,100,101,102,103,104,105,106,110,124,126,134,143,147,150,185,186,187,188,189,190,191,192,193,198,234,254,259,262,311,327,335,336,339,341,345,371,401,421,422,426,427,428,429,430,431,432,433,434,435,504,508,509,624,634,654,802,803,804,805,806,875,901,929,984,1031,1035,1088,
504;1;3023;3097;1;2,32,42,51,61,70,71,72,87,94,95,96,97,98,99,100,101,102,103,104,105,106,110,134,143,147,149,150,151,153,155,173,182,183,185,186,187,194,195,196,197,198,199,200,201,202,203,204,205,206,207,208,209,210,211,212,213,214,215,216,217,218,219,220,221,222,254,259,262,327,335,336,339,341,345,371,421,422,428,654,
611;1;3097;3175;1;2,32,42,51,61,70,71,72,87,94,95,96,97,98,99,100,101,102,103,104,105,106,110,134,143,147,149,150,151,153,155,173,182,185,186,187,194,195,196,197,198,199,217,220,254,259,262,301,327,335,336,339,341,345,348,349,350,351,352,353,354,355,356,357,358,359,360,361,362,363,364,365,366,367,368,371,421,422,428,654,
233;0;3175;3462;0;2,32,42,51,61,70,71,72,87,94,95,96,97,98,99,100,101,102,103,104,105,106,110,134,143,147,149,150,151,153,155,173,182,185,186,187,194,195,196,197,198,199,217,220,254,259,262,301,327,335,336,339,341,345,348,349,350,351,352,353,354,355,356,357,358,359,360,361,362,363,364,365,366,367,368,371,421,422,428,654,
518;0;3462;3709;0;2,32,42,70,71,72,105,106,150,151,155,185,186,187,194,197,198,217,224,226,229,254,301,327,341,345,348,349,350,351,352,353,354,355,356,357,358,359,360,361,362,363,364,365,366,367,368,421,428,437,442,444,445,447,646,649,871,991,1141,1182,1183,1184,1185,1186,1187,1188,1189,1190,1191,1192,1193,1194,1195,1196,1197,1198,1199,1200,1201,1202,
339;1;3709;3789;1;2,32,42,70,71,72,105,106,150,151,155,185,186,187,194,197,198,217,224,226,229,254,301,327,341,345,348,349,350,351,352,353,354,355,356,357,358,359,360,361,362,363,364,365,366,367,368,421,428,437,442,444,445,447,646,649,871,991,1141,1182,1183,1184,1185,1186,1187,1188,1189,1190,1191,1192,1193,1194,1195,1196,1197,1198,1199,1200,1201,1202,
232;0;3789;3846;0;2,32,42,70,71,72,105,106,150,151,155,185,186,187,194,197,198,217,224,226,229,254,301,327,341,345,348,349,350,351,352,353,354,355,356,357,358,359,360,361,362,363,364,365,366,367,368,421,428,437,442,444,445,447,646,649,871,991,1141,1182,1183,1184,1185,1186,1187,1188,1189,1190,1191,1192,1193,1194,1195,1196,1197,1198,1199,1200,1201,1202,
256;0;3846;3933;1;2,32,42,70,71,72,105,106,150,151,155,185,186,187,194,197,198,217,224,226,229,254,301,327,341,345,348,349,350,351,352,353,354,355,356,357,358,359,360,361,362,363,364,365,366,367,368,421,428,437,442,444,445,447,646,649,871,991,1141,1182,1183,1184,1185,1186,1187,1188,1189,1190,1191,1192,1193,1194,1195,1196,1197,1198,1199,1200,1201,1202,
369;0;4320;4410;1;2,32,42,70,71,72,105,106,132,135,136,138,150,151,155,185,186,187,194,197,198,217,224,226,229,254,256,258,301,327,332,341,345,346,347,348,349,350,351,352,355,358,360,366,368,382,412,421,428,437,442,444,445,447,506,518,519,520,521,522,523,524,525,526,527,528,529,530,531,532,533,534,535,536,646,649,871,991,1191,1200,
336;1;4410;4504;1;2,32,38,42,70,71,72,105,106,132,135,138,150,151,155,185,186,187,194,197,198,217,224,226,229,254,256,258,316,327,332,341,345,346,347,348,352,355,358,360,366,368,382,412,421,428,437,442,444,445,447,506,518,519,520,546,554,646,704,705,706,707,708,709,710,711,712,713,714,715,716,717,718,719,720,721,871,991,1191,1200,
221;0;4504;4601;1;2,32,38,42,70,71,72,105,106,132,135,138,150,151,155,185,186,187,194,197,198,217,224,226,229,254,256,258,316,327,332,341,345,346,347,348,352,355,358,360,366,368,382,412,421,428,437,442,444,445,447,506,518,519,520,546,554,646,704,705,706,707,708,709,710,711,712,713,714,715,716,717,718,719,720,721,871,991,1191,1200,
414;1;4601;4699;1;2,32,38,42,70,71,72,105,106,132,135,138,150,151,155,185,186,187,194,197,198,217,224,226,229,254,256,258,316,327,332,341,345,346,347,348,352,355,358,360,366,368,382,412,421,428,437,442,444,445,447,506,518,519,520,546,554,646,704,705,706,707,708,709,710,711,712,713,714,715,716,717,718,871,991,1123,1124,1125,1191,1200,
185;0;4699;4847;0;2,32,38,42,70,71,72,105,106,132,135,138,150,151,155,185,186,187,194,197,198,217,224,226,229,254,256,258,316,327,332,341,345,346,347,348,352,355,358,360,366,368,382,412,421,428,437,442,444,445,447,506,518,519,520,546,554,646,704,705,706,707,708,709,710,711,712,713,714,715,716,717,718,871,991,1123,1124,1125,1191,1200,
713;1;4847;4931;0;2,32,38,42,70,71,72,105,106,132,135,138,150,151,155,185,186,187,194,197,198,217,224,226,229,254,256,258,316,327,332,341,345,346,347,348,352,355,358,360,366,368,382,412,421,428,437,442,444,445,447,506,518,519,520,546,554,646,704,705,706,707,708,709,710,711,712,713,714,715,716,717,718,871,991,1123,1124,1125,1191,1200,
451;1;4931;5029;1;0,1,2,3,7,9,32,67,70,71,72,77,105,106,132,135,138,150,151,155,156,185,186,187,194,197,198,217,224,226,229,254,256,270,271,272,273,274,275,276,277,278,279,280,281,282,283,284,285,286,287,288,289,290,291,292,293,294,295,296,316,327,332,341,345,346,347,358,360,366,382,421,428,437,442,444,445,447,518,991,
17;0;5029;5112;0;0,1,2,3,7,9,32,67,77,125,127,129,133,135,138,156,185,186,187,217,252,270,271,272,273,274,275,276,277,278,279,280,281,282,283,284,285,286,287,288,289,290,291,292,293,294,295,296,316,320,327,332,337,341,345,346,347,358,366,421,428,449,505,601,621,622,722,796,1203,1442,1443,1444,1445,1446,1447,1448,1449,1450,1451,1452,
356;1;5112;5210;1;0,1,2,3,7,9,32,67,77,125,127,129,133,135,138,156,185,186,187,217,252,270,271,272,273,274,275,276,277,278,279,280,281,282,283,284,285,286,287,288,289,290,291,292,293,294,295,296,316,320,327,332,337,341,345,346,347,358,366,421,428,449,505,601,621,622,722,796,1203,1442,1443,1444,1445,1446,1447,1448,1449,1450,1451,1452,
723;0;5210;5412;0;0,1,2,3,7,9,32,67,77,125,127,129,133,135,138,156,185,186,187,217,252,270,271,272,273,274,275,276,277,278,279,280,281,282,283,284,285,286,287,288,289,290,291,292,293,294,295,296,316,320,327,332,337,341,345,346,347,358,366,421,428,449,505,601,621,622,722,796,1203,1442,1443,1444,1445,1446,1447,1448,1449,1450,1451,1452,
712;0;5412;5500;0;0,1,2,3,7,9,32,67,77,125,127,129,133,135,138,156,185,186,187,217,252,270,271,272,273,274,275,276,277,278,279,280,281,282,283,284,285,286,287,288,289,290,291,292,293,294,295,296,316,320,327,332,337,341,345,346,347,358,366,421,428,449,505,601,621,622,722,796,1203,1442,1443,1444,1445,1446,1447,1448,1449,1450,1451,1452,
251;0;5500;5601;1;0,1,2,3,7,9,32,67,77,125,127,129,133,135,138,156,185,186,187,217,252,270,271,272,273,274,275,276,277,278,279,280,281,282,283,284,285,286,287,288,289,290,291,292,293,294,295,296,316,320,327,332,337,341,345,346,347,358,366,421,428,449,505,601,621,622,722,796,1203,1442,1443,1444,1445,1446,1447,1448,1449,1450,1451,1452,
305;0;5760;5936;0;0,1,2,3,7,9,32,67,77,125,127,129,133,135,138,156,185,186,187,217,252,270,271,272,273,274,275,276,277,278,279,280,281,282,283,284,285,286,287,288,316,320,327,332,337,341,345,346,347,358,366,406,421,428,449,505,601,621,622,722,796,936,937,938,939,940,941,942,1203,1442,1443,1444,1445,1446,1447,1448,1449,1450,1451,1452,
415;0;5936;6100;0;0,1,2,32,34,125,127,129,133,135,138,156,185,186,187,252,304,320,327,332,337,341,343,345,346,347,358,366,406,413,421,422,428,449,460,461,462,463,464,465,466,467,468,469,470,471,472,473,474,475,476,477,478,479,480,481,482,483,484,485,486,487,488,489,490,491,492,493,494,495,496,497,498,499,500,501,502,503,505,601,
202;0;6100;6264;0;0,1,2,32,34,125,127,129,133,135,138,156,185,186,187,252,304,320,327,332,337,341,343,345,346,347,358,366,406,413,421,422,428,449,460,461,462,463,464,465,466,467,468,469,470,471,472,473,474,475,476,477,478,479,480,481,482,483,484,485,486,487,488,489,490,491,492,493,494,495,496,497,498,499,500,501,502,503,505,601,
638;1;6264;6415;0;0,1,2,32,34,125,127,129,133,135,138,156,185,186,187,252,304,320,327,332,335,337,341,343,345,346,347,358,366,406,413,421,422,428,448,449,460,461,462,463,464,465,466,467,468,469,470,471,472,473,474,475,476,477,478,479,480,481,482,483,484,485,486,487,488,489,490,491,492,493,494,495,496,497,498,499,500,501,505,601,
178;0;6415;6540;0;0,1,2,32,125,127,129,132,133,134,135,138,140,156,185,186,187,252,253,263,264,265,269,320,327,332,334,335,336,337,338,339,340,341,342,343,344,345,346,347,358,360,366,382,406,421,428,449,458,484,496,497,505,518,548,601,607,608,610,626,651,654,662,663,664,665,666,667,780,821,906,931,932,933,934,935,1028,1150,1151,1152,
557;0;6540;6636;0;0,1,2,32,125,127,129,132,133,134,135,138,140,156,185,186,187,252,253,263,264,265,269,320,327,332,334,335,336,337,338,339,340,341,342,343,344,345,346,347,358,360,366,382,406,421,428,449,458,484,496,497,505,518,548,601,607,608,610,626,651,654,662,663,664,665,666,667,780,821,906,931,932,933,934,935,1028,1150,1151,1152,
372;0;6636;6732;0;0,1,2,32,125,127,129,132,133,134,135,138,140,156,185,186,187,252,253,263,264,265,269,320,327,332,334,335,336,337,338,339,340,341,342,343,344,345,346,347,358,360,366,382,406,421,428,449,458,484,496,497,505,518,548,601,607,608,610,626,651,654,662,663,664,665,666,667,780,821,906,931,932,933,934,935,1028,1150,1151,1152,
667;0;6732;6783;0;0,1,2,32,125,127,129,132,133,134,135,138,140,156,185,186,187,252,253,263,264,265,269,320,327,332,334,335,336,337,338,339,340,341,342,343,344,345,346,347,358,360,366,382,406,421,428,449,458,484,496,497,505,518,548,601,607,608,610,626,651,654,662,663,664,665,666,667,780,821,906,931,932,933,934,935,1028,1150,1151,1152,
537;0;6783;6827;0;0,1,2,32,125,127,129,132,133,134,135,138,140,156,185,186,187,252,253,263,264,265,269,320,327,332,334,335,336,337,338,339,340,341,342,343,344,345,346,347,358,360,366,382,406,421,428,449,458,484,496,497,505,518,548,601,607,608,610,626,651,654,662,663,664,665,666,667,780,821,906,931,932,933,934,935,1028,1150,1151,1152,
138;1;6827;6841;0;0,1,2,32,125,127,129,132,133,134,135,138,140,156,185,186,187,252,253,263,264,265,269,320,327,332,334,335,336,337,338,339,340,341,342,343,344,345,346,347,358,360,366,382,406,421,428,449,458,484,496,497,505,518,548,601,607,608,610,626,651,654,662,663,664,665,666,667,780,821,906,931,932,933,934,935,1028,1150,1151,1152,
380;0;6841;6853;0;0,1,2,32,125,127,129,132,133,134,135,138,140,156,185,186,187,252,253,263,264,265,269,320,327,332,334,335,336,337,338,339,340,341,342,343,344,345,346,347,358,360,366,382,406,421,428,449,458,484,496,497,505,518,548,601,607,608,610,626,651,654,662,663,664,665,666,667,780,821,906,931,932,933,934,935,1028,1150,1151,1152,
159;0;7200;7303;1;0,1,2,32,48,70,71,72,105,106,125,127,129,133,135,138,149,150,151,153,156,157,185,186,187,194,195,196,197,198,223,224,225,226,227,228,229,252,253,263,264,265,269,320,327,336,337,342,343,345,346,347,366,371,393,402,406,421,428,436,437,438,439,440,441,442,443,444,445,446,447,449,496,497,505,601,607,608,610,821,
637;0;7303;7402;0;0,1,2,32,48,70,71,72,105,106,125,127,129,133,135,138,149,150,151,153,156,157,185,186,187,194,195,196,197,198,223,224,225,226,227,228,229,252,253,263,264,265,269,320,327,336,337,342,343,345,346,347,366,371,393,402,406,421,428,436,437,438,439,440,441,442,443,444,445,446,447,449,496,497,505,601,607,608,610,821,
319;1;7402;7508;1;0,1,2,32,48,70,71,72,105,106,125,127,129,133,135,138,149,150,151,153,156,157,185,186,187,194,196,197,198,223,224,225,226,228,229,237,252,253,263,264,265,269,320,327,336,337,342,343,345,346,347,366,371,393,402,406,421,428,436,438,439,440,443,444,445,446,447,449,496,497,505,514,515,516,517,601,607,608,610,821,
407;0;7508;7579;0;0,1,2,32,48,70,71,72,105,106,125,127,129,133,135,138,149,150,151,153,156,157,185,186,187,194,196,197,198,223,224,225,226,228,229,237,252,253,263,264,265,269,320,327,336,337,342,343,345,346,347,366,371,393,402,406,421,428,436,438,439,440,443,444,445,446,447,449,496,497,505,514,515,516,517,601,607,608,610,821,
376;1;7579;7688;1;0,1,2,32,44,48,51,52,54,70,71,72,79,81,83,84,85,86,87,88,89,90,91,92,105,106,125,127,129,133,135,138,149,150,151,153,156,185,186,187,194,196,197,223,224,225,226,229,252,253,263,264,265,269,320,327,336,337,342,343,345,346,347,366,371,393,406,421,428,443,446,449,496,497,505,601,607,608,610,821,
661;1;7688;7797;1;0,1,2,32,44,48,51,52,54,56,70,71,72,79,81,90,91,92,94,95,96,97,98,99,100,101,102,103,104,105,106,110,125,127,129,133,135,138,142,143,144,145,146,147,148,150,185,186,187,223,224,225,226,229,252,253,263,264,265,269,320,327,336,337,343,345,346,347,366,371,421,428,449,496,497,505,601,607,608,610,
615;0;7797;7893;0;0,1,2,32,44,48,51,52,54,56,70,71,72,79,81,90,91,92,94,95,96,97,98,99,100,101,102,103,104,105,106,110,125,127,129,133,135,138,142,143,144,145,146,147,148,150,185,186,187,223,224,225,226,229,252,253,263,264,265,269,320,327,336,337,343,345,346,347,366,371,421,428,449,496,497,505,601,607,608,610,
491;0;7893;8002;1;0,1,2,32,70,71,72,79,90,105,125,127,129,133,135,150,154,155,173,187,220,223,224,225,226,229,231,252,253,263,264,265,269,320,327,366,371,421,428,449,497,505,601,606,607,608,609,610,611,612,613,614,615,616,688,698,699,700,701,702,703,753,754,755,756,757,758,759,760,872,983,985,986,987,988,989,990,991,992,1409,
106;1;8002;8113;1;0,1,2,32,70,71,72,79,90,105,125,127,129,133,135,150,154,155,173,187,220,223,224,225,226,229,231,252,253,263,264,265,269,320,327,366,371,421,428,449,497,505,601,606,607,608,609,610,611,612,613,614,615,616,688,698,699,700,701,702,703,753,754,755,756,757,758,759,760,872,983,985,986,987,988,989,990,991,992,1409,
738;0;8113;8329;0;0,1,2,32,70,71,72,79,90,105,125,127,129,133,135,150,154,155,173,187,220,223,224,225,226,229,231,252,253,263,264,265,269,320,327,366,371,421,428,449,497,505,601,606,607,608,609,610,611,612,613,614,615,616,688,698,699,700,701,702,703,753,754,755,756,757,758,759,760,872,983,985,986,987,988,989,990,991,992,1409,
738;1;8329;8383;0;0,1,2,32,70,71,72,79,90,105,125,127,129,133,135,150,154,155,173,187,220,223,224,225,226,229,231,252,253,263,264,265,269,320,327,366,371,421,428,449,497,505,601,606,607,608,609,610,611,612,613,614,615,616,688,698,699,700,701,702,703,753,754,755,756,757,758,759,760,872,983,985,986,987,988,989,990,991,992,1409,
121;0;8383;8496;1;0,1,2,32,70,71,72,79,90,105,125,127,129,133,135,150,154,155,173,187,220,223,224,225,226,229,231,252,253,263,264,265,269,320,327,366,371,421,428,449,497,505,601,606,607,608,609,610,611,612,613,614,615,616,688,698,699,700,701,702,703,753,754,755,756,757,758,759,760,872,983,985,986,987,988,989,990,991,992,1409,
326;1;8496;8611;1;0,1,2,32,70,71,72,79,90,105,125,127,129,133,135,150,154,155,173,187,220,223,224,225,226,229,231,252,253,263,264,265,269,320,327,366,371,421,428,449,497,505,601,606,607,608,609,610,611,612,613,614,615,616,688,698,699,700,701,702,703,753,754,755,756,757,758,759,760,872,983,985,986,987,988,989,990,991,992,1409,
189;0;8611;8729;1;0,1,2,32,70,71,72,79,90,105,125,127,129,133,135,150,154,155,173,187,220,223,224,225,226,229,231,252,253,263,264,265,269,320,327,366,371,421,428,449,497,505,601,606,607,608,609,610,611,612,613,614,615,616,688,698,699,700,701,702,703,753,754,755,756,757,758,759,760,872,983,985,986,987,988,989,990,991,992,1409,
344;1;8729;8848;1;0,1,2,5,32,70,71,72,79,90,105,125,127,129,133,135,150,154,155,173,187,220,223,224,225,226,229,231,252,253,263,264,265,269,320,327,366,369,370,371,421,428,449,497,505,601,606,607,608,609,610,611,612,613,614,615,616,688,698,699,700,701,702,703,753,754,755,756,757,758,759,760,872,983,985,986,987,988,991,1409,
521;0;8848;8969;1;0,2,5,32,70,71,72,79,90,105,125,127,129,133,135,150,154,155,187,220,223,224,225,226,229,231,252,253,263,264,265,269,320,327,366,371,421,428,449,497,505,601,606,607,608,609,610,611,612,613,614,615,616,621,622,688,698,699,700,701,702,703,722,796,872,983,991,1203,1409,1442,1443,1444,1445,1446,1447,1448,1449,1450,1451,1452,
299;0;8969;9095;1;0,2,5,32,70,71,72,79,90,105,125,127,128,129,133,135,150,154,155,187,220,223,224,225,226,229,231,252,253,254,255,256,257,258,259,260,261,262,263,264,265,266,267,268,269,320,327,366,371,421,428,449,497,505,606,607,608,609,610,611,612,613,614,615,616,621,622,688,698,699,700,701,702,703,722,872,983,991,1409,1443,
561;1;9095;9224;1;0,2,5,32,70,71,72,73,74,75,76,77,78,79,80,81,82,90,105,128,129,135,150,154,155,220,223,224,225,226,229,252,253,254,255,256,257,258,259,260,261,262,263,264,265,266,267,268,269,320,327,366,371,428,497,505,606,607,608,609,610,611,612,613,614,615,616,621,622,698,699,700,701,702,722,872,983,991,1409,1443,
24;1;9224;9354;1;0,2,5,32,70,71,72,73,74,75,76,77,78,79,80,81,82,90,105,128,129,135,150,154,155,220,223,224,225,226,229,252,253,254,255,256,257,258,259,260,261,262,263,264,265,266,267,268,269,320,327,366,371,378,379,380,381,428,497,505,606,607,608,609,610,611,612,613,614,615,616,621,622,698,722,872,983,991,1409,1443,
686;1;9354;9486;1;32,128,135,138,185,252,253,254,255,256,259,263,266,320,337,345,346,347,428,496,497,505,537,538,539,542,543,606,607,608,609,610,611,612,613,614,615,616,636,722,730,731,732,733,734,735,736,737,738,739,740,741,742,743,744,745,746,747,748,749,750,751,752,829,830,831,832,833,834,835,836,837,838,839,840,841,842,843,844,898,
571;0;9486;9622;1;32,128,135,138,185,252,253,254,255,256,259,263,266,320,337,345,346,347,428,496,497,505,537,538,539,542,543,606,607,608,609,610,611,612,613,614,615,616,636,722,730,731,732,733,734,735,736,737,738,739,740,741,742,743,744,745,746,747,748,749,750,751,752,829,830,831,832,833,834,835,836,837,838,839,840,841,842,843,844,898,
259;1;9622;9760;1;32,128,135,138,185,252,253,254,255,256,259,263,266,320,337,345,346,347,428,496,497,505,537,538,539,542,543,606,607,608,609,610,611,612,613,614,615,616,636,722,730,731,732,733,734,735,736,737,738,739,740,741,742,743,744,745,746,747,748,749,750,751,752,829,830,831,832,833,834,835,836,837,838,839,840,841,842,843,844,898,
164;1;9760;9901;1;32,128,135,138,185,252,253,254,255,256,259,263,266,320,337,345,346,347,428,496,497,505,537,538,539,542,543,606,607,608,609,610,611,612,613,614,615,616,636,722,730,731,732,733,734,735,736,737,738,739,740,741,742,743,744,745,746,747,748,749,750,751,752,829,830,831,832,833,834,835,836,837,838,839,840,841,842,843,844,898,
Machine: 1
159;1;0;4;1;48,59,61,63,70,71,72,105,106,142,149,150,151,152,153,154,155,156,157,158,159,160,161,162,163,164,165,166,167,168,169,170,171,172,173,174,175,176,194,195,196,197,198,223,224,225,226,227,228,229,230,231,232,233,234,235,236,237,238,239,240,241,242,243,244,371,393,402,436,437,438,439,440,441,442,443,444,445,446,447,
39;1;4;8;1;48,59,61,63,70,71,72,105,106,142,149,150,151,152,153,154,155,156,157,158,159,160,161,162,163,164,165,166,167,168,169,170,171,172,173,174,175,176,194,195,196,197,198,223,224,225,226,227,228,229,230,231,232,233,234,235,236,237,238,239,240,241,242,243,244,371,393,402,436,437,438,439,440,441,442,443,444,445,446,447,
373;0;8;168;0;48,59,61,63,70,71,72,105,106,142,149,150,151,152,153,154,155,156,157,158,159,160,161,162,163,164,165,166,167,168,169,170,171,172,173,174,175,176,194,195,196,197,198,223,224,225,226,227,228,229,230,231,232,233,234,235,236,237,238,239,240,241,242,243,244,371,393,402,436,437,438,439,440,441,442,443,444,445,446,447,
570;0;168;319;0;48,59,61,63,70,71,72,105,106,142,149,150,151,152,153,154,155,156,157,158,159,160,161,162,163,164,165,166,167,168,169,170,171,172,173,174,175,176,194,195,196,197,198,223,224,225,226,227,228,229,230,231,232,233,234,235,236,237,238,239,240,241,242,243,244,371,393,402,436,437,438,439,440,441,442,443,444,445,446,447,
124;1;319;330;1;48,59,61,63,70,71,72,105,106,142,149,150,151,152,153,154,155,156,157,158,159,160,161,162,163,164,165,166,167,168,169,170,171,172,173,174,175,176,177,178,179,180,181,182,183,184,194,195,196,197,198,223,224,225,226,227,228,229,230,231,232,233,234,235,237,371,393,402,436,437,438,439,440,441,442,443,444,445,446,447,
368;0;330;388;0;48,59,61,63,70,71,72,105,106,142,149,150,151,152,153,154,155,156,157,158,159,160,161,162,163,164,165,166,167,168,169,170,171,172,173,174,175,176,177,178,179,180,181,182,183,184,194,195,196,197,198,223,224,225,226,227,228,229,230,231,232,233,234,235,237,371,393,402,436,437,438,439,440,441,442,443,444,445,446,447,
676;1;388;400;1;2,48,51,61,70,71,72,87,105,106,110,142,143,149,150,151,152,153,154,155,156,157,158,159,160,161,162,163,164,165,166,167,168,169,170,171,172,173,174,175,176,177,178,179,180,181,182,183,184,194,195,196,197,198,223,224,225,226,227,228,229,234,371,393,401,402,436,437,438,439,440,802,803,804,805,806,807,808,809,810,
739;1;400;414;1;38,48,61,70,71,72,105,106,110,142,143,149,150,151,152,153,154,155,156,157,158,159,160,161,162,163,164,165,166,167,168,169,170,171,172,173,174,175,176,177,178,179,180,181,182,183,184,194,195,196,197,198,223,224,225,226,227,316,352,368,546,554,704,705,706,707,708,709,710,711,712,713,714,715,716,717,718,719,720,721,
168;0;414;572;0;38,48,61,70,71,72,105,106,110,142,143,149,150,151,152,153,154,155,156,157,158,159,160,161,162,163,164,165,166,167,168,169,170,171,172,173,174,175,176,177,178,179,180,181,182,183,184,194,195,196,197,198,223,224,225,226,227,316,352,368,546,554,704,705,706,707,708,709,710,711,712,713,714,715,716,717,718,719,720,721,
289;1;572;586;1;48,61,70,71,72,105,106,110,142,143,149,150,151,152,153,154,155,156,157,158,159,160,161,162,163,164,165,166,167,168,169,170,171,172,173,174,175,176,177,178,179,180,181,182,183,184,194,195,196,197,198,223,224,225,226,227,352,368,537,538,539,542,543,636,829,830,831,832,833,834,835,836,837,838,839,840,841,842,843,844,
130;0;586;717;0;48,61,70,71,72,105,106,110,142,143,149,150,151,152,153,154,155,156,157,158,159,160,161,162,163,164,165,166,167,168,169,170,171,172,173,174,175,176,177,178,179,180,181,182,183,184,194,195,196,197,198,223,224,225,226,227,352,368,537,538,539,542,543,636,829,830,831,832,833,834,835,836,837,838,839,840,841,842,843,844,
604;0;717;735;1;48,56,61,70,71,72,91,92,94,95,96,97,98,99,100,101,102,103,104,105,106,110,142,143,144,145,146,147,148,149,150,151,152,153,154,155,156,157,158,159,160,161,162,163,164,165,166,167,168,169,170,171,172,173,174,175,176,177,178,179,180,181,182,183,184,194,195,196,197,198,223,224,225,226,227,352,543,984,1006,1007,
519;1;735;757;1;48,56,61,70,71,72,91,92,94,95,96,97,98,99,100,101,102,103,104,105,106,110,142,143,144,145,146,147,148,149,150,151,152,153,154,155,156,157,158,159,160,161,162,163,164,165,166,167,168,169,170,171,172,173,174,175,176,177,178,179,180,181,182,183,184,194,195,196,197,198,223,224,225,226,227,352,543,984,1006,1007,
363;1;757;887;0;48,56,61,70,71,72,91,92,94,95,96,97,98,99,100,101,102,103,104,105,106,110,142,143,144,145,146,147,148,149,150,151,152,153,154,155,156,157,158,159,160,161,162,163,164,165,166,167,168,169,170,171,172,173,174,175,176,177,178,179,180,181,182,183,184,194,195,196,197,198,223,224,225,226,227,352,543,984,1006,1007,
10;0;887;983;0;48,56,61,70,71,72,91,92,94,95,96,97,98,99,100,101,102,103,104,105,106,110,142,143,144,145,146,147,148,149,150,151,152,153,154,155,156,157,158,159,160,161,162,163,164,165,166,167,168,169,170,171,172,173,174,175,176,177,178,179,180,181,182,183,184,194,195,196,197,198,223,224,225,226,227,352,543,984,1006,1007,
244;1;983;1008;1;48,56,61,70,71,72,91,92,94,95,96,97,98,99,100,101,102,103,104,105,106,110,142,143,144,145,146,147,148,149,150,151,152,153,154,155,156,157,158,159,160,161,162,163,164,165,166,167,168,169,170,171,172,173,174,175,176,177,178,179,180,181,182,183,184,194,195,196,197,198,223,224,225,226,227,352,543,984,1006,1007,
547;0;1008;1085;0;48,56,61,70,71,72,91,92,94,95,96,97,98,99,100,101,102,103,104,105,106,110,142,143,144,145,146,147,148,149,150,151,152,153,154,155,156,157,158,159,160,161,162,163,164,165,166,167,168,169,170,171,172,173,174,175,176,177,178,179,180,181,182,183,184,194,195,196,197,198,223,224,225,226,227,352,543,984,1006,1007,
274;1;1440;1469;1;48,56,61,70,71,72,91,92,94,95,96,97,98,99,100,101,102,103,104,105,106,110,142,143,144,145,146,147,148,149,150,151,152,153,154,155,156,157,158,159,160,161,162,163,164,165,173,176,182,183,194,195,196,197,198,223,224,225,226,227,228,229,352,371,393,402,436,437,438,439,440,441,442,443,444,445,446,447,543,984,
594;1;1469;1501;1;32,48,56,70,71,72,91,92,94,95,96,97,98,99,100,101,102,103,104,105,106,110,132,134,140,147,148,149,150,151,153,156,157,159,176,194,195,196,197,198,223,224,225,226,227,228,229,315,317,318,325,327,332,336,341,345,352,371,393,402,436,437,438,439,440,441,442,443,444,445,446,447,543,599,931,1458,1459,1460,1461,1462,
663;0;1501;1701;0;32,48,56,70,71,72,91,92,94,95,96,97,98,99,100,101,102,103,104,105,106,110,132,134,140,147,148,149,150,151,153,156,157,159,176,194,195,196,197,198,223,224,225,226,227,228,229,315,317,318,325,327,332,336,341,345,352,371,393,402,436,437,438,439,440,441,442,443,444,445,446,447,543,599,931,1458,1459,1460,1461,1462,
301;1;1701;1734;1;32,125,129,138,176,190,192,327,332,336,344,360,408,410,476,498,527,626,632,639,778,781,795,801,1037,1088,1103,1267,1284,1287,1290,1293,1318,1319,1320,1321,1322,1323,1324,1325,1326,1327,1328,1329,1330,1331,1332,1333,1334,1335,1336,1337,1338,1339,1340,1341,1342,1343,1344,1345,1346,1347,1348,1349,1350,1351,1352,1353,1354,1355,1356,1357,1358,1359,1360,1361,1362,1363,1364,1365,
606;1;1734;1770;1;32,125,129,138,176,190,192,327,332,336,344,360,408,410,476,498,527,626,632,639,778,781,795,801,847,914,991,1037,1088,1103,1191,1200,1267,1284,1287,1290,1293,1318,1319,1320,1321,1322,1323,1324,1325,1326,1327,1328,1329,1330,1331,1332,1333,1334,1335,1336,1337,1338,1339,1340,1410,1411,1412,1413,1414,1415,1416,1417,1418,1419,1420,1421,1422,1423,1424,1425,1426,1427,1428,1429,
391;1;1770;1806;1;32,93,125,129,138,176,190,192,327,332,336,344,360,408,410,476,498,527,626,632,639,778,781,795,801,847,914,991,1037,1088,1103,1191,1200,1267,1284,1287,1290,1293,1318,1319,1320,1321,1322,1323,1324,1325,1326,1327,1328,1329,1330,1331,1332,1333,1334,1335,1336,1337,1338,1339,1410,1411,1412,1413,1414,1415,1416,1417,1418,1419,1420,1421,1422,1423,1424,1425,1426,1427,1428,1429,
403;0;1806;2018;0;32,93,125,129,138,176,190,192,263,327,332,336,344,345,360,408,410,420,421,422,476,498,527,626,632,639,778,781,795,801,847,914,991,1037,1088,1103,1191,1200,1267,1284,1287,1290,1293,1318,1319,1320,1321,1322,1323,1324,1325,1326,1327,1328,1329,1330,1331,1332,1333,1334,1410,1411,1412,1413,1414,1415,1416,1417,1418,1419,1420,1421,1422,1423,1424,1425,1426,1427,1428,1429,
128;0;2018;2211;0;17,25,32,35,46,53,58,70,105,123,125,129,138,186,249,254,279,297,298,299,300,301,302,303,304,305,306,307,308,309,317,327,335,336,341,343,344,345,366,414,465,519,527,543,621,626,639,778,779,780,781,782,783,784,785,786,787,788,789,790,791,792,793,794,795,796,797,798,799,800,801,1002,1003,1004,1005,1166,1167,1168,1169,1267,
153;0;2211;2379;0;17,25,32,35,46,53,58,70,105,123,125,129,138,186,249,254,279,297,298,299,300,301,302,303,304,305,306,307,308,309,317,327,335,336,341,343,344,345,366,414,465,519,527,543,621,626,639,778,779,780,781,782,783,784,785,786,787,788,789,790,791,792,793,794,795,796,797,798,799,800,801,1002,1003,1004,1005,1166,1167,1168,1169,1267,
673;1;2379;2545;0;17,25,32,35,46,53,58,70,105,123,125,129,138,186,249,254,279,297,298,299,300,301,302,303,304,305,306,307,308,309,317,327,335,336,341,343,344,345,366,414,465,519,527,543,621,626,639,778,779,780,781,782,783,784,785,786,787,788,789,790,791,792,793,794,795,796,797,798,799,800,801,1002,1003,1004,1005,1166,1167,1168,1169,1267,
217;0;2545;2695;0;17,25,32,35,46,53,58,70,105,123,125,129,138,186,249,254,279,297,298,299,300,301,302,303,304,305,306,307,308,309,317,327,335,336,341,343,344,345,366,414,465,519,527,543,621,626,639,778,779,780,781,782,783,784,785,786,787,788,789,790,791,792,793,794,795,796,797,798,799,800,801,1002,1003,1004,1005,1166,1167,1168,1169,1267,
278;1;2880;3028;0;17,25,32,35,46,53,58,70,105,123,125,129,138,186,249,254,279,297,298,299,300,301,302,303,304,305,306,307,308,309,317,327,335,336,341,343,344,345,366,414,465,519,527,543,621,626,639,778,779,780,781,782,783,784,785,786,787,788,789,790,791,792,793,794,795,796,797,798,799,800,801,1002,1003,1004,1005,1166,1265,1266,1267,1268,
463;1;3028;3170;0;17,25,32,35,46,53,58,70,105,123,125,129,138,186,249,254,279,297,298,299,300,301,302,303,304,305,306,307,308,309,317,327,335,336,341,343,344,345,366,378,379,380,381,414,465,519,527,543,621,626,639,778,779,780,781,782,783,784,785,786,787,788,789,790,791,792,793,794,795,796,797,798,799,800,801,1002,1003,1004,1005,1166,
533;0;3170;3312;0;17,25,32,35,46,53,58,70,94,105,115,123,125,129,138,186,197,245,246,247,248,249,250,251,254,279,297,298,299,300,301,302,303,304,305,306,307,308,309,317,327,335,336,341,343,344,345,366,378,379,380,381,414,465,519,527,543,621,626,639,778,779,780,781,782,783,784,785,786,787,788,789,790,791,792,793,796,798,1002,1003,
312;0;3312;3451;0;17,25,32,35,46,53,58,70,94,105,115,123,125,129,138,186,197,245,246,247,248,249,250,251,254,279,293,297,298,299,300,301,302,303,304,305,306,307,308,309,317,327,335,336,341,343,344,345,366,371,378,379,380,381,414,465,519,527,543,621,626,639,778,779,780,781,782,783,784,785,786,796,798,858,1002,1003,1119,1120,1121,1122,
485;0;3451;3588;0;17,25,32,35,46,53,58,70,72,94,105,115,123,125,129,138,148,151,153,186,197,224,245,246,247,248,249,250,251,254,279,293,297,298,299,300,301,302,303,304,305,306,307,308,309,317,327,335,336,341,343,344,345,366,371,378,379,380,381,393,403,414,443,446,465,519,527,543,621,626,639,778,779,780,781,796,798,858,1002,1003,
477;0;3588;3711;0;17,25,32,35,70,72,94,105,129,134,138,148,151,153,186,197,224,254,279,293,299,301,304,327,335,336,341,343,344,345,348,349,350,351,352,353,354,355,356,357,358,359,360,361,362,363,364,365,366,367,368,371,393,414,428,443,446,465,519,527,543,626,639,654,780,781,798,821,931,932,933,934,935,943,960,961,962,963,964,1003,
498;0;3711;3824;0;17,25,32,35,70,72,94,105,129,134,138,148,151,153,186,197,224,254,279,293,299,301,304,327,335,336,341,343,344,345,348,349,350,351,352,353,354,355,356,357,358,359,360,361,362,363,364,365,366,367,368,371,393,414,428,443,446,465,519,527,543,626,639,654,780,781,798,821,931,932,933,934,935,943,960,961,962,963,964,1003,
567;0;3824;3933;0;17,25,32,35,70,72,94,105,129,134,138,148,151,153,186,197,224,254,279,293,299,301,304,327,335,336,341,343,344,345,348,349,350,351,352,353,354,355,356,357,358,359,360,361,362,363,364,365,366,367,368,371,393,414,428,443,446,465,519,527,543,626,639,654,780,781,798,821,931,932,933,934,935,943,960,961,962,963,964,1003,
558;0;3933;4183;0;17,25,32,35,70,72,94,105,129,134,138,148,151,153,186,197,224,254,279,293,299,301,304,327,335,336,341,343,344,345,348,349,350,351,352,353,354,355,356,357,358,359,360,361,362,363,364,365,366,367,368,371,393,414,428,443,446,465,519,527,543,626,639,654,780,781,798,821,931,932,933,934,935,943,960,961,962,963,964,1003,
90;0;4183;4292;0;17,25,32,35,70,72,94,105,129,134,138,148,151,153,186,197,224,254,279,293,299,301,304,327,335,336,341,343,344,345,348,349,350,351,352,353,354,355,356,357,358,359,360,361,362,363,364,365,366,367,368,371,393,414,428,443,446,465,519,527,543,626,639,654,780,781,798,821,931,932,933,934,935,943,960,961,962,963,964,1003,
100;0;4320;4420;0;17,25,32,35,70,72,94,105,129,134,138,148,151,153,185,186,197,224,254,279,293,299,301,304,327,335,336,341,343,344,345,348,349,350,351,352,353,354,355,356,357,358,359,360,361,362,363,364,365,366,367,368,371,393,414,428,443,446,465,519,527,543,626,639,654,780,781,798,821,898,931,932,933,934,935,943,960,961,964,1003,
362;0;4420;4518;0;17,25,32,35,70,71,72,78,91,94,95,96,97,98,99,100,101,102,103,104,105,106,110,129,134,138,148,151,153,185,186,197,224,254,279,293,299,301,304,327,335,336,341,343,344,345,352,355,358,360,366,368,371,393,414,428,443,446,465,519,527,543,626,639,654,656,657,658,659,780,781,798,821,931,932,935,960,961,964,1003,
43;1;4518;4616;0;17,25,32,34,35,70,91,105,134,138,148,185,186,197,279,293,304,327,335,336,341,343,345,360,371,413,414,422,428,443,460,461,462,463,464,465,466,467,468,469,470,471,472,473,474,475,476,477,478,479,480,481,482,483,484,485,486,487,488,489,490,491,492,493,494,495,496,497,498,499,500,501,502,503,527,543,780,932,960,961,
147;0;4616;4712;0;17,25,32,34,35,70,91,105,134,138,148,185,186,197,279,293,304,327,335,336,337,341,343,345,360,371,413,414,422,428,443,460,461,462,463,464,465,466,467,468,469,470,471,472,473,474,475,476,477,478,479,480,481,482,483,484,485,486,487,488,489,490,491,492,493,494,495,496,497,498,499,500,501,502,527,543,780,932,960,961,
133;1;4712;4801;0;17,25,32,34,35,70,91,105,134,138,148,185,186,197,279,293,304,327,335,336,337,341,343,345,360,371,413,414,422,428,443,460,461,462,463,464,465,466,467,468,469,470,471,472,473,474,475,476,477,478,479,480,481,482,483,484,485,486,487,488,489,490,491,492,493,494,495,496,497,498,499,500,501,527,543,566,780,932,960,961,
600;0;4801;4971;0;17,25,32,34,35,70,91,105,134,138,148,185,186,197,279,293,304,327,335,336,337,341,343,345,360,371,413,414,422,428,443,460,461,462,463,464,465,466,467,468,469,470,471,472,473,474,475,476,477,478,479,480,481,482,483,484,485,486,487,488,489,490,491,492,493,494,495,496,497,498,499,500,501,527,543,566,780,932,960,961,
742;0;4971;5055;0;0,1,2,3,7,9,17,32,67,70,77,105,127,132,134,138,140,156,186,252,263,266,270,271,272,273,274,275,276,277,278,279,280,281,282,283,284,285,286,287,288,289,290,291,292,293,294,295,296,320,327,335,345,360,382,383,384,408,420,428,456,496,501,617,627,722,723,724,725,726,727,728,729,780,932,1028,1259,1260,1261,1262,
25;0;5055;5139;0;0,1,2,3,7,9,17,32,67,70,77,105,127,132,134,138,140,156,186,252,263,266,270,271,272,273,274,275,276,277,278,279,280,281,282,283,284,285,286,287,288,289,290,291,292,293,294,295,296,320,327,335,345,360,382,383,384,408,420,428,456,496,501,617,627,722,723,724,725,726,727,728,729,780,932,1028,1259,1260,1261,1262,
318;0;5139;5276;0;0,1,2,3,7,9,17,32,67,70,77,105,127,132,134,138,140,156,186,252,263,266,270,271,272,273,274,275,276,277,278,279,280,281,282,283,284,285,286,287,288,289,290,291,292,293,294,295,296,320,327,335,345,360,382,383,384,408,420,428,456,496,501,617,627,722,723,724,725,726,727,728,729,780,932,1028,1259,1260,1261,1262,
590;0;5276;5359;0;0,1,2,3,7,9,17,32,67,70,77,105,127,132,134,138,140,156,186,252,263,266,270,271,272,273,274,275,276,277,278,279,280,281,282,283,284,285,286,287,288,289,290,291,292,293,294,295,296,320,327,335,345,360,382,383,384,408,420,428,456,496,501,617,627,722,723,724,725,726,727,728,729,780,932,1028,1259,1260,1261,1262,
495;0;5359;5442;0;0,1,2,3,7,9,17,32,67,70,77,105,127,132,134,138,140,156,186,252,263,266,270,271,272,273,274,275,276,277,278,279,280,281,282,283,284,285,286,287,288,289,290,291,292,293,294,295,296,320,327,335,345,360,382,383,384,408,420,428,456,496,501,617,627,722,723,724,725,726,727,728,729,780,932,1028,1259,1260,1261,1262,
343;1;5760;5838;0;0,1,2,3,7,9,17,32,56,67,70,77,92,105,127,132,134,138,140,156,186,252,263,266,270,271,272,273,274,275,276,277,278,279,280,281,282,283,284,285,286,287,288,289,290,291,292,293,294,295,296,320,327,335,345,360,382,383,384,400,408,420,428,442,456,496,501,617,627,692,722,723,724,725,728,780,1027,1179,1180,1181,
143;1;5838;5911;0;0,1,2,3,7,9,17,18,19,20,21,22,23,24,25,26,27,28,29,30,31,32,33,34,35,36,37,38,39,40,41,42,43,56,67,70,77,92,105,127,132,134,138,140,156,186,252,263,266,270,271,272,273,274,275,276,277,278,279,280,281,282,286,320,327,335,345,360,382,408,428,442,496,617,627,692,722,728,780,1027,
633;0;5911;5981;0;0,1,2,3,7,9,17,18,19,20,21,22,23,24,25,26,27,28,29,32,34,38,42,56,67,70,77,92,105,127,132,134,138,140,156,186,252,261,263,271,272,277,282,286,320,327,335,345,360,382,408,428,442,478,496,527,537,538,543,545,617,627,636,692,722,728,780,829,960,961,993,994,995,996,997,998,999,1000,1001,1027,
733;1;5981;6048;0;0,1,2,3,7,9,17,18,19,20,21,22,23,24,25,26,27,28,29,32,34,38,42,56,67,70,77,92,105,127,132,134,138,140,156,186,252,261,263,271,272,277,282,286,320,327,335,345,360,382,385,408,414,415,416,417,418,419,428,442,478,496,527,537,538,543,545,617,627,636,692,722,728,780,829,960,961,993,994,1027,
733;0;6048;6219;0;0,1,2,3,7,9,17,18,19,20,21,22,23,24,25,26,27,28,29,32,34,38,42,56,67,70,77,92,105,127,132,134,138,140,156,186,252,261,263,271,272,277,282,286,320,327,335,345,360,382,385,408,414,415,416,417,418,419,428,442,478,496,527,537,538,543,545,617,627,636,692,722,728,780,829,960,961,993,994,1027,
280;0;6219;6323;0;0,1,2,3,7,9,17,18,19,20,21,22,23,24,25,26,27,28,29,32,34,38,42,56,67,70,77,92,105,127,132,134,138,140,156,186,252,261,263,271,272,277,282,286,320,327,335,345,360,382,385,408,414,415,416,417,418,419,428,442,478,496,527,537,538,543,545,617,627,636,692,722,728,780,829,960,961,993,994,1027,
5;0;6323;6389;0;0,1,2,3,7,9,17,18,19,20,21,22,23,24,27,32,38,42,44,51,52,54,56,67,70,77,79,81,83,84,85,86,87,88,89,90,91,92,105,127,132,134,138,140,156,186,252,263,271,272,277,282,286,320,327,335,345,360,382,385,408,414,428,442,478,496,527,537,538,543,545,617,627,636,692,722,728,780,961,1027,
163;0;6389;6492;0;0,1,2,3,4,5,6,7,8,9,10,11,12,13,14,15,16,32,44,51,52,54,79,81,83,84,85,86,87,88,89,90,91,92,127,134,135,138,147,148,186,197,198,252,320,334,335,336,337,338,339,340,341,342,343,344,345,346,347,371,396,397,443,445,496,802,827,828,857,1322,1432,1433,1434,1435,1436,1437,1438,1439,1440,1441,
730;0;6492;6554;0;0,1,2,3,4,5,6,7,8,9,10,11,12,13,14,15,16,32,44,51,52,54,79,81,83,84,85,86,87,88,89,90,91,92,127,134,135,138,147,148,186,197,198,252,320,334,335,336,337,338,339,340,341,342,343,344,345,346,347,371,396,397,443,445,496,802,827,828,857,1322,1432,1433,1434,1435,1436,1437,1438,1439,1440,1441,
338;1;6554;6607;0;0,1,2,3,4,5,6,7,8,9,10,11,12,13,14,15,16,32,44,51,52,54,79,81,83,84,85,86,87,88,89,90,91,92,127,134,135,138,147,148,186,197,198,252,320,334,335,336,337,338,339,340,341,342,343,344,345,346,347,371,396,397,443,445,496,802,827,828,857,1322,1432,1433,1434,1435,1436,1437,1438,1439,1440,1441,
282;0;6607;6662;0;0,1,2,3,4,5,6,7,8,9,10,11,12,13,14,15,16,32,44,51,52,54,79,81,83,84,85,86,87,88,89,90,91,92,127,134,135,138,147,148,186,197,198,252,320,334,335,336,337,338,339,340,341,342,343,344,345,346,347,371,396,397,443,445,496,802,827,828,857,1322,1432,1433,1434,1435,1436,1437,1438,1439,1440,1441,
178;1;6662;6714;0;0,1,2,3,4,5,6,7,8,9,10,11,12,13,14,15,16,32,44,51,52,54,79,81,83,84,85,86,87,88,89,90,91,92,127,134,135,138,147,148,186,197,198,252,320,334,335,336,337,338,339,340,341,342,343,344,345,346,347,371,396,397,443,445,496,802,827,828,857,1322,1432,1433,1434,1435,1436,1437,1438,1439,1440,1441,
655;0;6714;6787;0;0,1,2,3,4,5,6,7,8,9,10,11,12,13,14,15,16,32,44,51,52,54,79,81,83,84,85,86,87,88,89,90,91,92,127,134,135,138,147,148,186,197,198,252,320,334,335,336,337,338,339,340,341,342,343,344,345,346,347,371,396,397,443,445,496,802,827,828,857,1322,1432,1433,1434,1435,1436,1437,1438,1439,1440,1441,
328;1;6787;6835;0;0,1,2,3,4,5,6,7,8,9,10,11,12,13,14,15,16,32,44,51,52,54,79,81,83,84,85,86,87,88,89,90,91,92,127,134,135,138,147,148,186,197,198,252,320,334,335,336,337,338,339,340,341,342,343,344,345,346,347,371,396,397,443,445,496,802,827,828,857,1322,1432,1433,1434,1435,1436,1437,1438,1439,1440,1441,
513;0;6835;7078;0;0,1,2,3,4,5,6,7,8,9,10,11,12,13,14,15,16,32,44,51,52,54,79,81,83,84,85,86,87,88,89,90,91,92,127,134,135,138,147,148,186,197,198,252,320,334,335,336,337,338,339,340,341,342,343,344,345,346,347,371,396,397,443,445,496,802,827,828,857,1322,1432,1433,1434,1435,1436,1437,1438,1439,1440,1441,
328;0;7078;7275;0;0,1,2,3,4,5,6,7,8,9,10,11,12,13,14,15,16,32,44,51,52,54,79,81,83,84,85,86,87,88,89,90,91,92,127,134,135,138,147,148,186,197,198,252,320,334,335,336,337,338,339,340,341,342,343,344,345,346,347,371,396,397,443,445,496,802,827,828,857,1322,1432,1433,1434,1435,1436,1437,1438,1439,1440,1441,
705;0;7275;7424;0;0,1,2,3,4,5,6,7,8,9,10,11,12,13,14,15,16,32,44,51,52,54,79,81,83,84,85,86,87,88,89,90,91,92,127,134,135,138,147,148,186,197,198,252,320,334,335,336,337,338,339,340,341,342,343,344,345,346,347,371,396,397,443,445,496,802,827,828,857,1322,1432,1433,1434,1435,1436,1437,1438,1439,1440,1441,
77;0;7424;7469;0;0,1,2,3,4,5,6,7,8,9,10,11,12,13,14,15,16,32,44,51,52,54,79,81,83,84,85,86,87,88,89,90,91,92,127,134,135,138,147,148,186,197,198,252,320,334,335,336,337,338,339,340,341,342,343,344,345,346,347,371,396,397,443,445,496,497,748,749,750,751,752,802,827,828,857,1322,1432,1433,1434,1435,
108;1;7469;7513;0;0,1,2,3,4,5,6,7,8,9,10,11,12,13,14,15,16,32,44,51,52,54,79,81,83,84,85,86,87,88,89,90,91,92,127,134,135,138,147,148,186,197,198,252,320,334,335,336,337,338,339,340,341,342,343,344,345,346,347,371,396,397,443,445,496,497,660,661,748,749,750,751,752,802,827,828,857,1322,1432,1433,
58;0;7513;7667;0;0,1,2,3,4,5,6,7,8,9,10,11,12,13,14,15,16,32,44,51,52,54,79,81,83,84,85,86,87,88,89,90,91,92,127,134,135,138,147,148,186,197,198,252,320,334,335,336,337,338,339,340,341,342,343,344,345,346,347,371,396,397,443,445,496,497,660,661,748,749,750,751,752,802,827,828,857,1322,1432,1433,
458;1;7667;7801;0;0,1,2,3,4,5,6,7,8,9,10,11,12,13,14,15,16,32,44,51,52,54,79,81,83,84,85,86,87,88,89,90,91,92,127,134,135,138,147,148,186,197,198,252,320,334,335,336,337,338,339,340,341,342,343,344,345,346,347,371,396,397,443,445,496,497,660,661,748,749,750,751,752,802,827,828,857,1322,1432,1433,
507;0;7801;7878;0;0,1,2,3,4,5,6,7,8,9,10,11,12,13,14,15,16,32,44,51,52,54,79,81,83,84,85,86,87,88,89,90,91,92,127,134,135,138,147,148,186,197,198,252,320,334,335,336,337,338,339,340,341,342,343,344,345,346,347,371,396,397,443,445,496,497,660,661,748,749,750,751,752,802,827,828,857,1322,1432,1433,
192;0;7878;7922;0;32,64,65,66,67,68,69,70,71,72,105,127,134,135,138,149,150,151,156,159,186,194,196,197,198,224,234,252,327,335,336,337,339,341,343,344,345,346,347,358,360,366,371,393,421,436,440,443,446,458,518,548,607,608,610,654,1150,1151,1152,1366,1367,1368,1369,1370,1371,1372,1373,1374,1375,1376,1377,1378,1379,1380,1381,1382,1383,1384,1385,1386,
323;1;7922;8069;0;32,64,65,66,67,68,69,70,71,72,105,127,134,135,138,149,150,151,156,159,186,194,196,197,198,224,234,252,327,335,336,337,339,341,343,344,345,346,347,358,360,366,371,393,421,436,440,443,446,458,518,548,607,608,610,654,1150,1151,1152,1366,1367,1368,1369,1370,1371,1372,1373,1374,1375,1376,1377,1378,1379,1380,1381,1382,1383,1384,1385,1386,
500;0;8069;8111;0;32,64,65,66,67,68,69,70,71,72,105,127,134,135,138,149,150,151,156,159,186,194,196,197,198,224,234,252,327,335,336,337,339,341,343,344,345,346,347,358,360,366,371,393,421,436,440,443,446,458,518,548,607,608,610,654,1150,1151,1152,1366,1367,1368,1369,1370,1371,1372,1373,1374,1375,1376,1377,1378,1379,1380,1381,1382,1383,1384,1385,1386,
3;1;8111;8177;0;32,64,65,66,67,68,69,70,71,72,105,127,134,135,138,149,150,151,156,159,186,194,196,197,198,224,234,252,327,335,336,337,339,341,343,344,345,346,347,358,360,366,371,393,421,436,440,443,446,458,518,548,607,608,610,654,1150,1151,1152,1366,1367,1368,1369,1370,1371,1372,1373,1374,1375,1376,1377,1378,1379,1380,1381,1382,1383,1384,1385,1386,
657;0;8177;8216;0;32,64,65,66,67,68,69,70,71,72,105,127,134,135,138,149,150,151,156,159,186,194,196,197,198,224,234,252,327,335,336,337,339,341,343,344,345,346,347,358,360,366,371,393,421,436,440,443,446,458,518,548,607,608,610,654,1150,1151,1152,1366,1367,1368,1369,1370,1371,1372,1373,1374,1375,1376,1377,1378,1379,1380,1381,1382,1383,1384,1385,1386,
668;1;8216;8331;0;32,64,65,66,67,68,69,70,71,72,105,127,134,135,138,149,150,151,156,159,186,194,196,197,198,224,234,252,327,335,336,337,339,341,343,344,345,346,347,358,360,366,371,393,421,436,440,443,446,458,518,548,607,608,610,654,1150,1151,1152,1366,1367,1368,1369,1370,1371,1372,1373,1374,1375,1376,1377,1378,1379,1380,1381,1382,1383,1384,1385,1386,
240;0;8640;8672;0;32,65,67,70,71,72,105,127,130,133,134,135,138,149,150,151,156,186,194,196,197,198,224,234,252,264,316,327,335,336,337,339,341,343,345,346,347,366,371,393,408,421,436,440,443,446,472,518,519,548,607,608,610,622,625,626,627,639,654,717,721,781,798,931,1063,1203,1204,1205,1206,1207,1208,1209,1210,1211,1212,1213,1214,1215,1216,1217,
218;1;8672;8702;0;32,65,67,70,71,72,105,127,130,133,134,135,138,149,150,151,156,186,194,196,197,198,224,234,252,264,316,327,335,336,337,339,341,343,345,346,347,366,371,393,408,421,436,440,443,446,448,472,477,504,506,507,518,519,548,607,608,610,622,625,626,627,639,654,717,721,781,798,899,922,923,924,925,926,927,928,929,930,931,1203,
218;0;8702;8798;0;32,65,67,70,71,72,105,127,130,133,134,135,138,149,150,151,156,186,194,196,197,198,224,234,252,264,316,327,335,336,337,339,341,343,345,346,347,366,371,393,408,421,436,440,443,446,448,472,477,504,506,507,518,519,548,607,608,610,622,625,626,627,639,654,717,721,781,798,899,922,923,924,925,926,927,928,929,930,931,1203,
140;0;8798;8825;0;32,65,67,70,71,72,105,127,130,133,134,135,136,138,149,150,151,156,186,194,196,197,198,224,234,252,254,264,316,327,332,335,336,337,339,341,343,345,346,347,366,371,393,408,421,436,440,443,446,448,472,477,504,506,507,518,519,522,527,548,607,608,610,622,625,626,627,629,639,654,717,721,763,811,812,813,922,929,931,1203,
675;0;8825;8852;0;32,65,67,70,71,72,105,127,130,133,134,135,136,138,149,150,151,156,186,194,196,197,198,224,234,252,254,264,316,327,332,335,336,337,339,341,343,345,346,347,366,371,393,408,421,436,440,443,446,448,472,477,504,506,507,518,519,522,527,548,607,608,610,622,625,626,627,629,639,654,717,721,763,811,812,813,922,929,931,1203,
97;0;8852;8859;0;32,65,67,70,71,72,94,95,96,97,98,99,100,101,102,103,104,105,106,127,134,135,136,138,149,150,151,156,186,194,196,197,198,224,234,237,252,254,264,316,327,332,335,336,337,339,341,343,345,346,347,371,393,408,421,436,440,443,446,448,477,504,506,507,518,519,522,527,548,607,608,610,626,654,717,721,763,922,929,931,
195;0;8859;8863;0;32,65,67,70,71,72,94,105,106,126,134,135,136,138,149,150,151,156,186,194,196,197,198,224,234,237,252,254,262,264,316,327,332,335,336,337,339,341,343,345,346,347,371,393,408,421,422,426,427,428,429,430,431,432,433,434,435,436,440,443,446,477,504,506,507,518,519,522,527,607,608,610,626,654,717,721,763,922,929,931,
36;1;8863;8902;1;32,48,65,67,70,71,72,94,105,106,134,135,136,138,149,150,151,153,156,157,186,194,195,196,197,198,223,224,225,226,227,228,229,252,254,264,316,327,332,336,337,341,343,345,346,347,371,393,402,408,428,436,437,438,439,440,441,442,443,444,445,446,447,477,504,506,507,518,519,522,527,607,608,654,717,721,763,922,929,931,
129;1;8902;8943;1;32,48,65,67,70,71,72,94,105,106,134,135,136,138,149,150,151,153,156,186,194,195,196,197,198,217,223,224,225,226,227,229,252,254,264,316,327,332,336,337,341,343,345,346,347,371,393,402,406,408,428,436,438,444,445,447,477,504,506,507,518,519,522,527,607,608,654,717,721,763,922,929,931,936,937,938,939,940,941,942,
509;1;8943;8984;1;32,48,65,67,70,71,72,94,105,106,134,135,136,138,149,150,151,153,156,194,195,196,197,198,217,223,224,225,226,229,252,254,264,277,316,327,332,336,337,341,343,345,346,347,371,393,396,402,406,408,436,444,445,447,477,504,506,507,518,519,522,527,654,717,721,763,922,929,931,1003,1137,1170,1171,1172,1173,1174,1175,1176,1177,1178,
269;1;8984;9033;1;32,48,65,67,70,71,72,94,105,106,115,134,135,136,138,149,150,151,153,156,194,195,196,197,198,217,223,224,225,226,229,245,246,247,249,252,254,264,277,316,327,332,336,337,341,343,345,346,347,371,393,396,402,406,408,436,444,445,447,477,504,506,507,518,519,522,527,654,717,721,763,922,929,931,1003,1137,1170,1171,1263,1264,
44;0;9033;9083;1;32,48,70,71,72,105,106,115,132,134,135,136,138,149,150,151,153,156,194,195,196,197,198,217,223,224,225,226,229,254,256,258,316,327,332,336,341,343,345,346,347,371,382,393,396,402,412,436,444,445,447,477,504,506,507,518,519,520,521,522,523,524,525,526,527,528,529,530,531,532,533,534,535,536,654,763,922,929,931,1137,
681;1;9083;9136;1;32,48,70,71,72,105,106,115,132,134,135,136,138,149,150,151,153,156,194,195,196,197,198,217,223,224,225,226,229,254,256,258,316,327,332,336,341,343,345,346,347,371,382,393,396,402,412,436,444,445,447,477,504,506,507,518,519,520,521,522,523,524,525,526,527,528,529,530,531,532,533,534,535,654,763,777,922,929,931,1137,
298;1;9136;9309;0;32,48,70,71,72,105,106,115,132,134,135,136,138,149,150,151,153,156,194,195,196,197,198,217,223,224,225,226,229,254,256,258,316,327,332,336,341,343,345,346,347,371,382,393,396,402,412,436,444,445,447,477,504,506,507,518,519,520,521,522,523,524,525,526,527,528,529,530,531,532,533,534,535,654,763,777,922,929,931,1137,
82;0;9309;9430;0;32,48,70,71,72,90,105,106,115,132,134,138,149,150,151,153,156,194,195,196,197,198,217,223,224,225,226,229,254,316,327,332,336,341,343,345,346,347,371,382,393,396,402,412,436,444,445,447,477,504,506,507,520,527,530,532,654,761,762,763,764,765,766,767,768,769,770,771,772,773,774,775,776,777,922,929,931,1137,1165,1409,
265;0;9430;9551;0;32,48,70,71,72,90,105,106,115,132,134,138,149,150,151,153,156,194,195,196,197,198,217,223,224,225,226,229,254,316,327,332,336,341,343,345,346,347,371,382,393,396,402,412,436,444,445,447,477,504,506,507,520,527,530,532,654,761,762,763,764,765,766,767,768,769,770,771,772,773,774,775,776,777,922,929,931,1137,1165,1409,
476;0;9551;9606;1;32,48,70,71,72,90,105,106,115,132,134,138,149,150,151,153,156,194,195,196,197,198,217,223,224,225,226,229,254,316,327,332,336,341,343,345,346,347,371,382,393,396,402,412,436,444,445,447,477,504,506,507,520,527,530,532,654,761,762,763,764,765,766,767,768,769,770,771,772,773,774,775,776,777,922,929,931,1137,1165,1409,
330;0;9606;9642;0;32,48,70,71,72,90,105,106,115,132,134,138,149,150,151,153,156,194,195,196,197,198,217,223,224,225,226,229,254,316,327,332,336,341,343,345,346,347,371,382,393,396,402,412,436,444,445,447,477,504,506,507,520,527,530,532,654,761,762,763,764,765,766,767,768,769,770,771,772,773,774,775,776,777,922,929,931,1137,1165,1409,
556;1;9642;9698;1;32,48,70,71,72,90,105,106,115,132,134,138,149,150,151,153,156,194,195,196,197,198,217,223,224,225,226,229,254,316,327,332,336,341,343,345,346,347,371,382,393,396,402,412,436,444,445,447,477,504,506,507,520,527,530,532,654,761,762,763,764,765,766,767,768,769,770,771,772,773,774,775,776,777,922,929,931,1137,1165,1409,
622;0;9698;9775;0;32,48,70,71,72,90,105,106,115,132,134,138,149,150,151,153,156,194,195,196,197,198,217,223,224,225,226,229,254,316,327,332,336,341,343,345,346,347,371,382,393,396,402,412,436,444,445,447,477,504,506,507,520,527,530,532,654,761,762,763,764,765,766,767,768,769,770,771,772,773,774,775,776,777,922,929,931,1137,1165,1409,
501;1;9775;9837;1;32,48,70,71,72,90,105,106,115,132,134,138,149,150,151,153,156,194,195,196,197,198,217,223,224,225,226,229,254,316,327,332,336,341,343,345,346,347,371,382,393,396,402,412,436,444,445,447,477,504,506,507,520,527,530,532,654,761,762,763,764,765,766,767,768,769,770,771,772,773,774,775,776,777,922,929,931,1137,1165,1409,
Machine: 2
596;1;0;4;1;32,42,61,70,71,72,94,95,96,97,98,99,100,101,102,103,104,105,106,119,132,135,136,138,140,148,149,150,151,153,155,186,254,256,258,327,332,336,343,346,347,382,383,384,412,448,477,504,506,507,518,519,520,521,522,523,524,525,526,527,528,529,530,531,532,533,534,535,536,899,922,923,924,925,926,927,928,929,930,1430,
44;1;4;15;1;32,42,61,70,71,72,94,95,96,97,98,99,100,101,102,103,104,105,106,119,132,135,136,138,140,148,149,150,151,153,155,186,254,256,258,327,332,336,343,346,347,382,383,384,412,448,477,504,506,507,518,519,520,521,522,523,524,525,526,527,528,529,530,531,532,533,534,535,536,899,922,923,924,925,926,927,928,929,930,1430,
125;0;15;54;0;32,42,61,70,71,72,94,95,96,97,98,99,100,101,102,103,104,105,106,119,132,135,136,138,140,148,149,150,151,153,155,186,254,256,258,327,332,336,343,346,347,382,383,384,412,448,477,504,506,507,518,519,520,521,522,523,524,525,526,527,528,529,530,531,532,533,534,535,536,899,922,923,924,925,926,927,928,929,930,1430,
334;1;54;68;1;32,42,61,70,71,72,94,95,96,97,98,99,100,101,102,103,104,105,106,119,132,135,136,138,140,148,149,150,151,153,155,186,254,256,258,327,332,336,343,346,347,382,383,384,412,448,477,504,506,507,518,519,520,521,522,523,524,525,526,527,528,529,530,531,532,533,534,535,536,899,922,923,924,925,926,927,928,929,930,1430,
89;1;68;87;1;32,42,61,70,71,72,94,95,96,97,98,99,100,101,102,103,104,105,106,119,132,135,136,138,140,148,149,150,151,153,155,186,254,256,258,327,332,336,343,346,347,382,383,384,412,448,477,504,506,507,518,519,520,521,522,523,524,525,526,527,528,529,530,531,532,533,534,535,536,899,922,923,924,925,926,927,928,929,930,1430,
284;1;87;112;1;32,42,61,70,71,72,94,95,96,97,98,99,100,101,102,103,104,105,106,132,135,138,140,148,149,150,151,153,155,173,182,183,186,194,195,196,197,198,199,200,201,202,203,204,205,206,207,208,209,210,211,212,213,214,215,216,217,218,219,220,221,222,327,332,336,343,382,383,384,448,477,504,506,507,899,922,923,924,925,929,
264;1;112;140;1;32,42,61,70,71,72,94,95,96,97,98,99,100,101,102,103,104,105,106,132,135,138,140,148,149,150,151,153,155,173,182,183,186,194,195,196,197,198,199,200,201,202,203,204,205,206,207,208,209,210,211,212,213,214,215,216,217,218,219,220,327,332,335,336,343,345,382,383,384,448,477,504,506,507,899,922,923,924,925,929,
37;0;140;190;0;32,42,61,70,71,72,94,95,96,97,98,99,100,101,102,103,104,105,106,132,135,138,140,148,149,150,151,153,155,173,182,183,186,194,195,196,197,198,199,200,201,202,203,204,205,206,207,208,209,210,211,212,213,214,215,216,217,218,219,220,327,332,335,336,343,345,382,383,384,448,477,504,506,507,899,922,923,924,925,929,
111;1;190;219;1;32,42,61,70,71,72,94,95,96,97,98,99,100,101,102,103,104,105,106,132,135,138,140,148,149,150,151,153,155,173,182,183,186,194,195,196,197,198,199,200,201,202,203,204,205,206,217,219,220,316,327,332,335,336,337,343,345,382,383,384,406,428,448,477,504,506,507,899,922,923,924,925,929,936,937,938,939,940,941,942,
587;0;219;395;0;32,42,61,70,71,72,94,95,96,97,98,99,100,101,102,103,104,105,106,132,135,138,140,148,149,150,151,153,155,173,182,183,186,194,195,196,197,198,199,200,201,202,203,204,205,206,217,219,220,316,327,332,335,336,337,343,345,382,383,384,406,428,448,477,504,506,507,899,922,923,924,925,929,936,937,938,939,940,941,942,
511;1;395;427;1;32,42,61,70,71,72,94,95,96,97,98,99,100,101,102,103,104,105,106,132,135,138,140,148,149,150,151,153,155,173,182,183,186,194,195,196,197,198,199,200,201,202,203,204,205,206,217,219,220,316,327,332,335,336,337,343,345,382,383,384,406,428,448,477,504,506,507,899,922,923,924,925,929,936,937,938,939,940,941,942,
744;1;427;461;1;32,42,61,65,70,71,72,94,95,96,97,98,99,100,101,102,103,104,105,106,132,135,138,140,148,149,150,151,153,155,173,182,183,186,194,195,196,197,198,199,200,201,202,203,204,205,206,217,219,220,316,327,332,335,336,337,343,345,382,406,428,448,477,504,506,507,899,922,923,924,925,929,936,937,938,939,940,1125,1147,1508,
571;1;461;497;1;32,42,61,65,70,71,72,94,95,96,97,98,99,100,101,102,103,104,105,106,132,135,138,140,148,149,150,151,153,155,173,182,183,185,186,194,195,196,197,198,199,200,201,202,203,204,205,206,217,219,220,316,327,332,335,336,337,343,345,382,406,428,448,477,504,506,507,898,899,922,923,924,925,929,936,937,938,939,940,1125,
562;0;497;661;0;32,34,70,71,72,94,95,96,97,98,99,100,101,102,103,104,105,106,135,138,148,150,185,304,316,336,341,343,345,413,422,448,460,461,462,463,464,465,466,467,468,469,470,471,472,473,474,475,476,477,478,479,480,481,482,483,484,485,486,487,488,489,490,491,492,493,494,495,496,497,498,499,500,501,502,503,504,899,922,929,
400;0;661;825;0;2,32,34,70,71,72,73,74,75,76,77,78,79,80,81,82,105,138,185,272,304,316,336,341,343,345,385,413,414,415,416,417,418,419,422,460,461,462,463,464,465,466,467,468,469,470,471,472,473,474,475,476,477,478,479,480,481,482,483,484,485,486,487,488,489,490,491,492,493,494,495,496,497,498,499,500,501,502,503,504,
4;1;825;861;1;2,32,34,70,71,72,73,74,75,76,77,78,79,80,81,82,105,138,185,272,304,316,336,341,343,345,385,413,414,415,416,417,418,419,422,460,461,462,463,464,465,466,467,468,469,470,471,472,473,474,475,476,477,478,479,480,481,482,483,484,485,486,487,488,489,490,491,492,493,494,495,496,497,498,499,500,501,502,503,504,
722;0;861;905;0;2,32,34,70,71,72,73,74,75,76,77,78,79,80,81,82,105,138,185,272,304,316,336,341,343,345,385,413,414,415,416,417,418,419,422,460,461,462,463,464,465,466,467,468,469,470,471,472,473,474,475,476,477,478,479,480,481,482,483,484,485,486,487,488,489,490,491,492,493,494,495,496,497,498,499,500,501,502,503,504,
136;1;905;949;1;2,32,34,70,71,72,73,74,75,76,77,78,79,80,81,82,105,138,185,272,304,316,336,341,343,345,385,413,414,415,416,417,418,419,422,460,461,462,463,464,465,466,467,468,469,470,471,472,473,474,475,476,477,478,479,480,481,482,483,484,485,486,487,488,489,490,491,492,493,494,495,496,497,498,499,500,501,502,503,504,
32;0;949;1053;0;2,32,34,70,71,72,73,74,75,76,77,78,79,80,81,82,105,138,185,272,304,316,336,341,343,345,385,413,414,415,416,417,418,419,422,460,461,462,463,464,465,466,467,468,469,470,471,472,473,474,475,476,477,478,479,480,481,482,483,484,485,486,487,488,489,490,491,492,493,494,495,496,497,498,499,500,501,502,503,504,
109;1;1440;1492;1;0,1,2,5,32,34,70,71,72,73,74,75,76,77,78,79,80,81,82,105,138,185,272,304,316,336,341,343,345,369,370,385,413,414,415,416,417,418,419,422,460,461,462,463,464,465,466,467,468,469,470,471,472,473,474,475,476,477,478,479,480,481,482,483,484,485,486,487,488,489,490,491,492,493,494,496,497,498,501,504,
34;1;1492;1545;1;0,1,2,5,32,34,70,71,72,73,74,75,76,77,78,79,80,81,82,105,138,185,272,304,316,336,341,343,345,369,370,385,413,414,415,416,417,418,419,422,423,424,425,460,461,462,463,464,465,466,467,468,469,470,471,472,473,474,475,476,477,478,479,480,481,482,483,484,485,486,487,488,489,490,491,496,497,498,501,504,
242;0;1545;1594;0;0,1,2,5,32,34,70,71,72,73,74,75,76,77,78,79,80,81,82,105,138,185,272,304,316,336,341,343,345,369,370,385,413,414,415,416,417,418,419,422,423,424,425,460,461,462,463,464,465,466,467,468,469,470,471,472,473,474,475,476,477,478,479,480,481,482,483,484,485,486,487,488,489,490,491,496,497,498,501,504,
465;0;1594;1643;0;0,1,2,5,32,34,70,71,72,73,74,75,76,77,78,79,80,81,82,105,138,185,272,304,316,336,341,343,345,369,370,385,413,414,415,416,417,418,419,422,423,424,425,460,461,462,463,464,465,466,467,468,469,470,471,472,473,474,475,476,477,478,479,480,481,482,483,484,485,486,487,488,489,490,491,496,497,498,501,504,
91;1;1643;1698;1;0,1,2,5,32,34,70,71,72,73,74,75,76,77,78,79,80,81,82,105,138,147,185,272,304,316,336,341,343,345,369,370,385,396,413,414,415,416,417,418,419,422,423,424,425,460,461,462,463,464,465,466,467,468,469,470,471,472,473,474,475,476,477,478,479,480,481,482,483,484,485,486,487,496,497,498,501,504,827,828,
639;1;1698;1753;1;0,1,2,5,32,34,70,71,72,73,74,75,76,77,78,79,80,81,82,105,138,147,185,272,304,316,336,341,343,345,369,370,385,396,413,414,415,416,417,418,419,422,423,424,425,460,461,462,463,464,465,466,467,468,469,470,471,472,473,474,475,476,477,478,479,480,481,482,483,484,485,486,487,496,497,498,501,504,827,828,
399;0;1753;1812;1;0,1,2,5,32,34,38,70,71,72,73,74,75,76,77,78,79,80,81,82,105,138,147,185,272,304,316,336,341,343,345,352,368,369,370,385,396,413,414,415,416,417,418,419,422,465,468,472,477,478,482,485,486,496,497,498,501,504,546,554,704,705,706,707,708,709,710,711,712,713,714,715,716,717,718,719,720,721,827,828,
512;0;1812;1845;0;0,1,2,5,32,34,38,70,71,72,73,74,75,76,77,78,79,80,81,82,105,138,147,185,272,304,316,336,341,343,345,352,368,369,370,385,396,413,414,415,416,417,418,419,422,465,468,472,477,478,482,485,486,496,497,498,501,504,546,554,704,705,706,707,708,709,710,711,712,713,714,715,716,717,718,719,720,721,827,828,
314;1;1845;1905;1;0,1,2,5,32,34,38,70,71,72,77,79,81,105,138,147,185,272,304,316,336,341,343,345,352,368,385,396,413,414,415,416,417,418,422,465,468,472,477,482,485,486,496,497,501,504,508,509,546,554,704,705,706,707,708,709,710,711,712,713,714,715,716,717,718,719,720,721,875,901,922,929,1031,1032,1033,1034,1035,1036,1037,1038,
197;0;1905;1965;0;0,1,2,5,32,34,38,70,71,72,77,79,81,105,138,147,185,272,304,316,336,341,343,345,352,368,385,396,413,414,415,416,417,418,422,465,468,472,477,482,485,486,496,497,501,504,508,509,546,554,704,705,706,707,708,709,710,711,712,713,714,715,716,717,718,719,720,721,875,901,922,929,1031,1032,1033,1034,1035,1036,1037,1038,
184;1;1965;2027;1;0,1,2,5,32,34,38,70,71,72,77,79,81,105,138,147,185,272,304,316,336,340,341,343,345,352,368,385,396,413,414,415,416,417,418,422,465,468,472,477,482,485,486,496,497,501,504,505,508,509,546,554,704,705,706,707,708,709,710,711,712,713,714,715,716,717,718,719,720,721,874,875,876,877,878,879,901,922,929,1031,
748;1;2027;2078;0;0,1,2,5,32,34,38,70,71,72,77,79,81,105,138,147,185,272,304,316,336,340,341,343,345,352,368,385,396,413,414,415,416,417,418,422,465,468,472,477,482,485,486,496,497,501,504,505,508,509,546,554,704,705,706,707,708,709,710,711,712,713,714,715,716,717,718,719,720,721,874,875,876,877,878,879,901,922,929,1031,
101;0;2078;2141;1;0,1,2,5,32,34,38,70,71,72,77,79,81,105,138,147,185,272,304,316,336,340,341,343,345,352,368,385,396,413,414,415,416,417,418,422,465,468,472,477,482,485,486,496,497,501,504,505,508,509,546,554,704,705,706,707,708,709,710,711,712,713,714,715,716,717,718,719,720,721,874,899,900,901,902,903,904,905,922,929,
528;0;2141;2229;0;0,1,2,3,4,5,32,38,67,70,71,72,79,81,94,95,96,97,98,99,100,101,102,103,104,105,106,147,148,156,185,270,276,277,316,336,343,345,352,368,403,415,422,477,504,546,554,704,705,706,707,708,709,710,711,712,713,714,715,716,717,718,719,720,721,874,899,900,901,902,903,904,905,922,929,1155,1156,1157,1158,1159,
221;1;2229;2293;1;0,1,2,3,4,5,32,38,67,70,71,72,79,81,94,95,96,97,98,99,100,101,102,103,104,105,106,147,148,156,185,270,276,277,316,336,343,345,352,368,403,415,422,477,504,546,554,704,705,706,707,708,709,710,711,712,713,714,715,716,717,718,719,720,721,874,899,900,901,902,903,904,905,922,929,1155,1156,1157,1158,1159,
229;1;2293;2359;1;0,1,2,3,4,5,32,38,67,70,71,72,79,81,94,95,96,97,98,99,100,101,102,103,104,105,106,147,148,156,185,270,276,277,316,336,343,345,352,368,403,415,422,477,504,546,554,704,705,706,707,708,709,710,711,712,713,714,715,716,717,718,719,720,721,874,899,900,901,902,903,904,905,922,929,1155,1156,1157,1158,1159,
186;1;2359;2425;1;0,1,2,3,4,5,32,38,67,70,71,72,79,81,94,95,96,97,98,99,100,101,102,103,104,105,106,147,148,156,185,270,276,277,316,336,343,345,352,368,403,415,422,477,504,546,554,704,705,706,707,708,709,710,711,712,713,714,715,716,717,718,719,720,721,874,899,900,901,902,903,904,905,922,929,1155,1156,1157,1158,1159,
379;1;2880;2947;1;0,1,2,3,4,5,32,38,48,67,70,71,72,79,81,94,95,96,97,98,99,100,101,102,103,104,105,106,147,148,150,156,185,225,229,233,235,270,276,277,316,336,343,345,368,403,415,422,436,438,439,477,504,546,554,710,713,716,717,721,864,865,866,867,868,869,870,871,872,873,874,899,900,922,929,1155,1156,1157,1158,1159,
678;1;2947;3052;0;0,1,2,3,4,5,32,38,48,67,70,71,72,79,81,94,95,96,97,98,99,100,101,102,103,104,105,106,147,148,150,156,185,225,229,233,235,270,276,277,316,336,343,345,368,403,415,422,436,438,439,477,504,546,554,710,713,716,717,721,864,865,866,867,868,869,870,871,872,873,874,899,900,922,929,1155,1156,1157,1158,1159,
596;0;3052;3122;1;0,1,2,3,4,5,32,38,48,67,70,71,72,79,81,94,95,96,97,98,99,100,101,102,103,104,105,106,135,147,148,150,156,185,225,229,233,235,270,276,316,336,343,345,368,403,422,436,438,439,448,477,504,506,507,546,554,710,713,716,864,865,866,867,868,869,870,871,872,873,899,922,923,924,925,926,927,928,929,930,
241;1;3122;3194;1;0,1,2,3,4,5,32,38,48,67,70,71,72,79,81,94,95,96,97,98,99,100,101,102,103,104,105,106,135,147,148,150,156,185,225,229,233,235,263,270,276,316,327,336,343,345,368,403,410,420,421,422,436,438,439,448,477,504,506,507,546,554,710,713,716,864,865,866,867,868,869,870,871,872,873,899,922,928,929,930,
33;0;3194;3476;0;0,1,2,3,4,5,32,38,48,67,70,71,72,79,81,94,95,96,97,98,99,100,101,102,103,104,105,106,135,147,148,150,156,185,225,229,233,235,263,270,276,316,327,336,343,345,368,403,410,420,421,422,436,438,439,448,477,504,506,507,546,554,710,713,716,864,865,866,867,868,869,870,871,872,873,899,922,928,929,930,
246;1;3476;3551;1;0,1,2,3,4,5,32,38,48,67,70,71,72,79,81,88,94,95,96,97,98,99,100,101,102,103,104,105,106,147,148,150,151,156,185,225,229,233,234,235,327,336,388,403,410,422,436,438,439,803,845,846,847,848,849,850,851,852,853,854,855,856,857,858,859,860,861,862,863,864,865,866,867,868,869,870,871,872,873,928,
146;1;3551;3627;1;0,1,2,3,4,5,6,7,8,9,10,11,12,13,14,15,16,44,48,51,52,54,64,65,66,67,68,69,70,72,79,81,83,84,85,86,87,88,89,90,91,92,105,148,150,151,153,224,225,229,233,235,299,393,403,436,438,439,443,446,543,864,865,866,867,943,960,961,962,963,964,1218,1219,1220,1221,1222,1223,1224,1225,1226,
74;0;3627;3705;1;0,1,2,3,4,5,6,7,8,9,10,11,12,13,14,15,16,44,48,51,52,54,64,65,66,67,68,69,70,72,79,81,83,84,85,86,87,88,89,90,91,92,105,148,150,151,153,224,225,229,233,235,299,393,403,436,438,439,443,446,543,864,865,866,867,943,960,961,962,963,964,1218,1219,1220,1221,1222,1223,1224,1225,1226,
51;1;3705;3785;1;0,1,2,3,4,5,6,7,8,9,10,11,12,13,14,15,16,44,48,51,52,54,64,65,66,67,68,69,70,72,79,81,83,84,85,86,87,88,89,90,91,92,105,148,150,151,153,224,225,229,233,235,299,393,403,436,438,439,443,446,543,864,865,866,867,943,960,961,962,963,964,1218,1219,1220,1221,1222,1223,1224,1225,1226,
418;1;3785;3826;0;0,1,2,3,4,5,6,7,8,9,10,11,12,13,14,15,16,44,48,51,52,54,64,65,66,67,68,69,70,72,79,81,83,84,85,86,87,88,89,90,91,92,105,148,150,151,153,224,225,229,233,235,299,393,403,436,438,439,443,446,543,864,865,866,867,943,960,961,962,963,964,1218,1219,1220,1221,1222,1223,1224,1225,1226,
359;1;3826;3909;1;0,1,2,3,4,5,6,7,8,9,10,11,12,13,14,15,16,44,48,51,52,54,64,65,66,67,68,69,70,72,79,81,83,84,85,86,87,88,89,90,91,92,105,148,150,151,153,224,225,229,233,235,299,393,403,436,438,439,443,446,543,864,865,866,867,943,960,961,962,963,964,1218,1219,1220,1221,1222,1223,1224,1225,1226,
644;0;3909;3993;1;0,1,2,3,4,5,6,7,8,9,10,11,12,13,14,15,16,44,48,51,52,54,64,65,66,67,68,69,70,72,79,81,83,84,85,86,87,88,89,90,91,92,105,148,150,151,153,224,225,229,233,235,299,393,403,436,438,439,443,446,543,864,865,866,867,943,960,961,962,963,964,1218,1219,1220,1221,1222,1223,1224,1225,1226,
374;0;3993;4079;1;0,1,2,3,4,5,6,7,8,9,10,11,12,13,14,15,16,44,48,51,52,54,64,65,66,67,68,69,70,72,79,81,83,84,85,86,87,88,89,90,91,92,105,148,150,151,153,224,225,229,233,235,299,393,403,436,438,439,443,446,543,864,865,866,867,943,960,961,962,963,964,1218,1219,1220,1221,1222,1223,1224,1225,1226,
719;1;4320;4408;1;0,1,2,3,4,5,6,7,8,9,10,11,12,13,14,15,16,44,48,51,52,54,64,65,66,67,68,69,70,72,79,81,83,84,85,86,87,88,89,90,91,92,105,148,150,151,153,224,225,229,233,235,299,393,403,436,438,439,443,446,543,864,865,866,867,868,869,870,871,872,873,943,960,961,962,963,964,1218,1219,1220,
84;1;4408;4504;1;0,1,2,3,4,5,6,7,8,9,10,11,12,13,14,15,16,44,48,51,52,54,64,65,66,67,68,69,70,72,79,81,83,84,85,86,87,88,90,91,92,105,110,143,148,150,151,153,198,224,225,229,234,235,299,371,393,401,403,436,438,439,443,446,543,802,803,804,805,806,807,808,809,810,871,872,943,960,961,964,
628;0;4504;4560;0;0,1,2,3,4,5,6,7,8,9,10,11,12,13,14,15,16,44,48,51,52,54,64,65,66,67,68,69,70,72,79,81,83,84,85,86,87,88,90,91,92,105,110,143,148,150,151,153,198,224,225,229,234,235,299,371,393,401,403,436,438,439,443,446,543,802,803,804,805,806,807,808,809,810,871,872,943,960,961,964,
228;1;4560;4612;0;0,1,2,3,4,5,6,7,8,9,10,11,12,13,14,15,16,44,48,51,52,54,64,65,66,67,68,69,70,72,79,81,83,84,85,86,87,88,90,91,92,105,110,143,148,150,151,153,198,224,225,229,234,235,299,371,393,401,403,436,438,439,443,446,543,802,803,804,805,806,807,808,809,810,871,872,943,960,961,964,
454;1;4612;4709;1;0,1,2,3,4,5,6,7,8,9,10,11,12,13,14,15,16,44,48,51,54,67,70,71,72,79,81,87,90,91,92,105,106,110,143,148,149,150,151,153,156,157,194,195,196,197,198,223,224,225,226,227,228,229,234,235,299,371,393,402,403,436,437,438,439,440,441,442,443,444,445,446,447,543,871,872,943,960,961,964,
541;1;4709;4810;1;32,44,54,70,71,72,87,91,92,105,106,149,150,151,156,185,186,194,196,197,198,224,234,269,327,336,346,347,360,382,393,408,410,412,422,436,440,443,446,520,626,639,723,763,928,967,1028,1088,1269,1270,1271,1272,1273,1274,1275,1276,1277,1278,1279,1280,1281,1282,1283,1284,1285,1286,1287,1288,1289,1290,1291,1292,1293,1294,1295,1296,1297,1298,1299,1300,
566;0;4810;4913;1;32,44,54,70,71,72,87,91,92,105,106,149,150,151,156,185,186,194,196,197,198,224,234,269,327,336,346,347,360,378,379,380,381,382,393,408,410,412,422,436,440,443,446,520,626,639,723,763,928,967,1028,1088,1269,1270,1271,1272,1273,1274,1275,1276,1277,1278,1279,1280,1281,1282,1283,1284,1285,1286,1287,1288,1289,1290,1291,1292,1293,1294,1295,1296,
489;0;4913;5020;1;32,44,54,70,71,72,87,91,92,105,106,149,150,151,156,185,186,194,196,197,198,224,234,269,327,336,346,347,360,378,379,380,381,382,393,408,410,412,422,436,440,443,446,520,626,639,723,763,928,967,1028,1088,1269,1270,1271,1272,1273,1274,1275,1276,1277,1278,1279,1280,1281,1282,1283,1284,1285,1286,1287,1288,1289,1290,1291,1292,1293,1294,1295,1296,
531;0;5020;5130;1;32,44,54,70,71,72,87,91,92,105,106,112,113,114,115,116,117,118,119,120,121,149,150,151,156,159,185,186,194,196,197,198,224,234,269,327,336,346,347,360,379,382,393,408,410,412,422,436,440,443,446,520,626,639,723,763,928,967,1028,1366,1367,1368,1369,1370,1371,1372,1373,1374,1375,1376,1377,1378,1379,1380,1381,1382,1383,1384,1385,1386,
682;0;5130;5169;0;32,44,54,70,71,72,87,91,92,105,106,112,113,114,115,116,117,118,119,120,121,149,150,151,156,159,185,186,194,196,197,198,224,234,269,327,336,346,347,360,379,382,393,408,410,412,422,436,440,443,446,520,626,639,723,763,928,967,1028,1366,1367,1368,1369,1370,1371,1372,1373,1374,1375,1376,1377,1378,1379,1380,1381,1382,1383,1384,1385,1386,
76;1;5169;5282;1;32,44,54,70,71,72,87,91,92,105,106,112,113,114,115,116,117,118,119,120,121,149,150,151,156,159,185,186,194,196,197,198,224,234,269,327,336,346,347,360,379,382,393,408,410,412,422,436,440,443,446,520,626,639,723,763,928,967,1028,1366,1367,1368,1369,1370,1371,1372,1373,1374,1375,1376,1377,1378,1379,1380,1381,1382,1383,1384,1385,1386,
213;1;5282;5402;0;32,44,54,70,71,72,87,91,92,105,106,112,113,114,115,116,117,118,119,120,121,149,150,151,156,159,185,186,194,196,197,198,224,234,269,327,336,346,347,360,379,382,393,408,410,412,422,436,440,443,446,520,626,639,723,763,928,967,1028,1366,1367,1368,1369,1370,1371,1372,1373,1374,1375,1376,1377,1378,1379,1380,1381,1382,1383,1384,1385,1386,
64;0;5760;5876;1;17,18,19,20,21,22,23,24,25,26,27,28,29,30,31,32,33,34,35,36,37,38,39,40,41,42,43,44,54,70,71,72,87,91,92,105,106,112,113,114,115,116,117,118,119,120,121,149,150,151,156,185,186,194,196,197,198,224,269,327,336,346,347,360,382,393,408,410,412,422,436,440,443,446,626,639,723,763,967,1028,
524;1;5876;5994;1;17,18,19,20,21,22,23,24,25,26,27,28,29,30,32,34,35,42,43,44,54,70,71,72,87,91,92,105,106,112,113,114,115,116,117,118,119,120,121,138,149,150,151,156,185,186,194,196,197,198,224,269,327,336,342,346,347,360,382,393,408,410,412,422,428,436,440,443,446,617,626,639,723,728,763,821,967,1028,1153,1154,
193;0;5994;6210;0;17,18,19,20,21,22,23,24,25,26,27,28,29,30,32,34,35,42,43,44,54,70,71,72,87,91,92,105,106,112,113,114,115,116,117,118,119,120,121,138,149,150,151,156,185,186,194,196,197,198,224,269,327,336,342,346,347,360,382,393,408,410,412,422,428,436,440,443,446,617,626,639,723,728,763,821,967,1028,1153,1154,
519;0;6210;6328;1;25,27,32,34,35,42,43,44,54,56,70,71,72,87,91,92,94,95,96,97,98,99,100,101,102,103,104,105,106,110,112,113,114,115,116,117,118,119,120,138,142,143,144,145,146,147,148,150,151,156,185,186,194,196,197,198,224,269,327,336,342,346,347,360,382,393,408,410,412,422,428,436,617,626,639,723,728,821,967,1028,
608;0;6328;6484;0;25,32,34,35,42,43,44,45,56,70,71,72,91,92,93,94,95,96,97,98,99,100,101,102,103,104,105,106,110,115,138,142,143,144,145,146,147,148,150,156,185,186,194,196,197,198,224,230,297,298,299,300,301,302,303,304,305,306,307,308,309,327,336,346,347,360,388,390,392,393,395,396,408,626,898,967,1190,1231,1232,1233,
181;0;6484;6605;1;25,32,34,35,42,43,44,45,56,70,71,72,91,92,93,94,95,96,97,98,99,100,101,102,103,104,105,106,110,115,138,142,143,144,145,146,147,148,150,156,185,186,194,196,197,198,224,230,297,298,299,300,301,302,303,304,305,306,307,308,309,327,336,346,347,360,388,390,392,393,395,396,408,626,898,967,1190,1231,1232,1233,
391;0;6605;6731;1;25,32,34,35,42,43,44,45,56,70,71,72,91,92,93,94,95,96,97,98,99,100,101,102,103,104,105,106,110,115,138,142,143,144,145,146,147,148,150,156,185,186,194,196,197,198,224,230,297,298,299,300,301,302,303,304,305,306,307,308,309,327,336,346,347,360,388,390,392,393,395,396,408,626,898,967,1190,1231,1232,1233,
18;0;6731;6996;0;25,32,34,35,42,43,44,45,56,70,71,72,91,92,93,94,95,96,97,98,99,100,101,102,103,104,105,106,110,115,138,142,143,144,145,146,147,148,150,156,185,186,194,196,197,198,224,230,297,298,299,300,301,302,303,304,305,306,307,308,309,327,336,346,347,360,388,390,392,393,395,396,408,626,898,967,1190,1231,1232,1233,
473;0;6996;7257;0;25,32,34,35,42,43,44,45,56,70,71,72,91,92,93,94,95,96,97,98,99,100,101,102,103,104,105,106,110,115,138,142,143,144,145,146,147,148,150,156,185,186,194,196,197,198,224,230,297,298,299,300,301,302,303,304,305,306,307,308,309,327,336,346,347,360,388,390,392,393,395,396,408,626,898,967,1190,1231,1232,1233,
713;0;7257;7489;0;25,32,34,35,42,43,44,45,56,70,71,72,91,92,93,94,95,96,97,98,99,100,101,102,103,104,105,106,110,115,138,142,143,144,145,146,147,148,150,156,185,186,194,196,197,198,224,230,297,298,299,300,301,302,303,304,305,306,307,308,309,327,336,346,347,360,388,390,392,393,395,396,408,626,898,967,1123,1124,1125,1190,
410;0;7489;7669;0;25,32,34,42,43,45,56,70,71,72,92,94,95,96,97,98,99,100,101,102,103,104,105,106,110,115,138,150,156,185,186,194,196,197,198,224,252,263,300,309,311,315,327,335,336,341,343,345,346,347,358,360,366,388,390,392,393,408,456,486,496,620,626,966,967,968,969,970,971,972,973,974,975,976,977,978,979,980,981,982,
342;0;7669;7843;0;25,32,34,42,43,45,56,70,71,72,92,94,95,96,97,98,99,100,101,102,103,104,105,106,110,115,150,185,186,197,300,309,316,348,355,390,546,716,930,947,960,964,1039,1040,1041,1042,1043,1044,1045,1046,1047,1048,1049,1050,1051,1052,1053,1054,1055,1056,1057,1058,1059,1060,1061,1062,1063,1064,1065,1066,1067,1068,1069,1070,1071,1072,1073,1074,1075,1076,
63;0;7843;8008;0;32,42,43,45,56,70,71,72,92,94,95,96,97,98,99,100,101,102,103,104,105,106,107,108,109,110,111,115,150,185,186,187,188,189,190,191,192,193,197,245,246,247,248,249,250,251,316,348,355,390,546,605,698,699,700,701,702,703,930,935,947,961,964,1041,1043,1063,1066,1098,1099,1100,1101,1102,1103,1104,1105,1106,1265,1266,1267,1268,
435;0;8008;8170;0;32,42,43,45,56,70,71,72,92,94,95,96,97,98,99,100,101,102,103,104,105,106,107,108,109,110,111,115,150,185,186,187,188,189,190,191,192,193,197,245,246,247,248,249,250,251,316,348,355,390,546,605,698,699,700,701,702,703,930,935,947,961,964,1041,1043,1063,1066,1098,1099,1100,1101,1102,1103,1104,1105,1106,1265,1266,1267,1268,
278;0;8170;8327;0;32,42,43,45,56,70,71,72,92,94,95,96,97,98,99,100,101,102,103,104,105,106,107,108,109,110,111,115,150,185,186,187,188,189,190,191,192,193,197,245,246,247,248,249,250,251,316,348,355,390,546,605,698,699,700,701,702,703,930,935,947,961,964,1041,1043,1063,1066,1098,1099,1100,1101,1102,1103,1104,1105,1106,1265,1266,1267,1268,
670;0;8327;8474;0;32,42,43,45,56,70,71,72,92,94,95,96,97,98,99,100,101,102,103,104,105,106,107,108,109,110,111,115,150,185,186,187,188,189,190,191,192,193,197,245,246,247,248,249,250,251,316,348,355,390,546,605,698,699,700,701,702,703,930,935,947,961,964,1041,1043,1063,1066,1098,1099,1100,1101,1102,1103,1104,1105,1106,1265,1266,1267,1268,
395;0;8474;8605;0;32,42,43,45,56,70,71,72,92,94,95,96,97,98,99,100,101,102,103,104,105,106,107,108,109,110,111,115,150,185,186,187,188,189,190,191,192,193,197,245,246,247,248,249,250,251,316,348,355,390,546,605,698,699,700,701,702,703,930,935,947,961,964,1041,1043,1063,1066,1098,1099,1100,1101,1102,1103,1104,1105,1106,1265,1266,1267,1268,
420;0;8605;8736;0;32,42,43,45,56,70,71,72,92,94,95,96,97,98,99,100,101,102,103,104,105,106,107,108,109,110,111,115,150,185,186,187,188,189,190,191,192,193,197,245,246,247,248,249,250,251,316,348,355,390,546,605,698,699,700,701,702,703,930,935,947,961,964,1041,1043,1063,1066,1098,1099,1100,1101,1102,1103,1104,1105,1106,1265,1266,1267,1268,
183;0;8736;8964;0;32,42,43,45,56,70,71,72,92,94,95,96,97,98,99,100,101,102,103,104,105,106,107,108,109,110,111,115,150,185,186,187,188,189,190,191,192,193,197,245,246,247,248,249,250,251,316,348,355,390,546,605,698,699,700,701,702,703,930,935,947,961,964,1041,1043,1063,1066,1098,1099,1100,1101,1102,1103,1104,1105,1106,1265,1266,1267,1268,
293;1;8964;9093;0;32,42,43,45,56,70,71,72,92,94,95,96,97,98,99,100,101,102,103,104,105,106,107,108,109,110,111,115,150,185,186,187,188,189,190,191,192,193,197,245,246,247,248,249,250,251,316,348,355,390,546,605,698,699,700,701,702,703,930,935,947,961,964,1041,1043,1063,1066,1098,1099,1100,1101,1102,1103,1104,1105,1106,1145,1265,1266,1267,
327;0;9093;9213;0;32,42,43,45,56,70,71,72,92,94,95,96,97,98,99,100,101,102,103,104,105,106,107,108,109,110,111,115,150,185,186,187,188,189,190,191,192,193,197,245,246,247,248,249,250,251,316,348,355,390,400,442,546,605,692,698,699,700,701,702,703,930,935,947,961,964,1027,1041,1043,1063,1066,1098,1099,1100,1101,1102,1103,1179,1180,1181,
268;0;9213;9385;0;32,42,43,48,56,70,71,72,92,94,95,96,97,98,99,100,101,102,103,104,105,106,110,115,150,152,154,155,156,182,183,186,187,194,195,196,197,198,199,219,220,224,225,235,249,251,316,348,374,390,400,442,445,447,646,692,872,907,908,909,910,911,912,913,914,915,916,917,918,919,920,921,935,947,1027,1063,1066,1179,1180,1181,
103;1;9385;9494;0;32,42,43,48,56,70,71,72,92,94,95,96,97,98,99,100,101,102,103,104,105,106,110,115,150,152,154,155,156,182,183,186,187,194,195,196,197,198,199,219,220,224,225,235,249,251,316,348,374,390,400,442,445,447,646,692,872,907,908,909,910,911,912,913,914,915,916,917,918,919,920,921,935,947,1027,1063,1066,1179,1180,1181,
103;0;9494;9665;0;32,42,43,48,56,70,71,72,92,94,95,96,97,98,99,100,101,102,103,104,105,106,110,115,150,152,154,155,156,182,183,186,187,194,195,196,197,198,199,219,220,224,225,235,249,251,316,348,374,390,400,442,445,447,646,692,872,907,908,909,910,911,912,913,914,915,916,917,918,919,920,921,935,947,1027,1063,1066,1179,1180,1181,
Machine: 3
66;1;0;4;1;32,38,45,63,74,132,138,140,186,196,235,263,310,311,312,313,314,315,316,317,318,319,320,321,327,336,342,345,346,347,352,368,379,385,388,390,392,396,410,420,421,422,428,546,554,617,686,687,688,689,690,691,692,693,694,695,696,697,704,705,706,707,708,709,710,711,712,713,714,715,716,717,718,719,720,721,728,821,1153,1154,
345;0;4;165;0;32,38,45,63,74,132,138,140,186,196,235,263,310,311,312,313,314,315,316,317,318,319,320,321,327,336,342,345,346,347,352,368,379,385,388,390,392,396,410,420,421,422,428,546,554,617,686,687,688,689,690,691,692,693,694,695,696,697,704,705,706,707,708,709,710,711,712,713,714,715,716,717,718,719,720,721,728,821,1153,1154,
471;1;165;170;1;32,38,45,63,74,132,138,140,186,196,235,263,310,311,312,313,314,315,316,317,318,319,320,321,327,336,342,345,346,347,352,368,379,385,388,390,392,396,410,420,421,422,428,546,554,617,686,687,688,689,690,691,692,693,694,695,696,697,704,705,706,707,708,709,710,711,712,713,714,715,716,717,718,719,720,721,728,821,1153,1154,
646;1;170;181;1;32,38,45,63,74,132,138,140,186,196,235,263,310,311,312,313,314,315,316,317,318,319,320,321,327,336,342,345,346,347,352,368,379,385,388,390,392,396,410,420,421,422,428,546,554,617,686,687,688,689,690,691,692,693,694,695,696,697,704,705,706,707,708,709,710,711,712,713,714,715,716,717,718,719,720,721,728,821,1153,1154,
677;0;181;324;0;32,38,45,63,74,132,138,140,186,196,235,263,310,311,312,313,314,315,316,317,318,319,320,321,327,336,342,345,346,347,352,368,379,385,388,390,392,396,410,420,421,422,428,546,554,617,686,687,688,689,690,691,692,693,694,695,696,697,704,705,706,707,708,709,710,711,712,713,714,715,716,717,718,719,720,721,728,821,1153,1154,
403;1;324;393;0;32,38,45,63,74,132,138,140,186,196,235,263,310,311,312,313,314,315,316,317,318,319,320,321,327,336,342,345,346,347,352,368,379,385,388,390,392,396,410,420,421,422,428,546,554,617,686,687,688,689,690,691,692,693,694,695,696,697,704,705,706,707,708,709,710,711,712,713,714,715,716,717,718,719,720,721,728,821,1153,1154,
214;1;393;407;1;32,38,45,63,74,132,138,140,186,196,235,263,310,311,312,313,314,315,316,317,318,319,320,321,327,336,342,345,346,347,352,368,379,385,388,390,392,396,410,420,421,422,428,546,554,617,686,687,688,689,690,691,692,693,694,695,696,697,704,705,706,707,708,709,710,711,712,713,714,715,716,717,718,719,720,721,728,821,1153,1154,
69;1;407;422;1;32,38,45,63,74,132,138,140,186,196,235,263,310,311,312,313,314,315,316,317,318,319,320,321,327,336,342,345,346,347,352,368,379,385,388,390,392,396,410,420,421,422,428,546,554,617,686,687,688,689,690,691,692,693,694,695,696,697,704,705,706,707,708,709,710,711,712,713,714,715,716,717,718,719,720,721,728,821,1153,1154,
413;0;422;494;0;32,38,45,63,74,132,138,140,186,196,235,263,310,311,312,313,314,315,316,317,318,319,320,321,327,336,342,345,346,347,352,368,379,385,388,390,392,396,410,420,421,422,428,546,554,617,686,687,688,689,690,691,692,693,694,695,696,697,704,705,706,707,708,709,710,711,712,713,714,715,716,717,718,719,720,721,728,821,1153,1154,
237;0;494;527;0;32,38,45,63,74,132,138,140,186,196,235,263,310,311,312,313,314,315,316,317,318,319,320,321,327,336,342,345,346,347,352,368,379,385,388,390,392,396,410,420,421,422,428,546,554,617,686,687,688,689,690,691,692,693,694,695,696,697,704,705,706,707,708,709,710,711,712,713,714,715,716,717,718,719,720,721,728,821,1153,1154,
19;1;527;546;1;32,38,45,74,132,138,140,186,196,235,263,310,311,312,313,314,315,316,317,318,319,320,321,322,323,324,325,326,327,328,329,330,331,332,333,336,342,345,346,347,352,368,385,388,390,392,396,410,420,421,422,428,546,554,617,688,692,696,704,705,706,707,708,709,710,711,712,713,714,715,716,717,718,719,720,721,728,821,1153,1154,
124;0;546;571;1;32,38,45,61,70,74,105,132,138,140,142,149,150,151,152,153,154,155,156,157,158,159,160,161,162,163,164,165,166,167,168,169,170,171,172,173,174,175,176,177,178,179,180,181,182,183,184,186,196,235,263,311,315,316,320,327,332,336,342,345,346,347,352,368,385,388,390,392,396,421,422,428,546,617,688,692,716,717,721,821,
468;1;571;695;0;32,38,45,61,70,74,105,132,138,140,142,149,150,151,152,153,154,155,156,157,158,159,160,161,162,163,164,165,166,167,168,169,170,171,172,173,174,175,176,177,178,179,180,181,182,183,184,186,196,235,263,311,315,316,320,327,332,336,342,345,346,347,352,368,385,388,390,392,396,421,422,428,546,617,688,692,716,717,721,821,
46;1;695;723;1;32,44,45,61,70,105,132,138,140,142,149,150,151,152,153,154,155,156,170,173,182,183,186,196,230,235,252,263,311,315,316,327,335,336,341,343,345,346,347,358,360,366,385,388,390,392,393,395,396,408,422,456,486,496,546,566,620,716,965,966,967,968,969,970,971,972,973,974,975,976,977,978,979,980,981,982,1190,1231,1232,1233,
598;0;723;1025;0;32,44,45,61,70,105,132,138,140,142,149,150,151,152,153,154,155,156,170,173,182,183,186,196,230,235,252,263,311,315,316,327,335,336,341,343,345,346,347,358,360,366,385,388,390,392,393,395,396,408,422,456,486,496,546,566,620,716,965,966,967,968,969,970,971,972,973,974,975,976,977,978,979,980,981,982,1190,1231,1232,1233,
643;0;1025;1241;0;32,44,45,61,70,105,132,138,140,142,149,150,151,152,153,154,155,156,170,173,182,183,186,196,230,235,252,263,311,315,316,327,335,336,341,343,345,346,347,358,360,366,385,388,390,392,393,395,396,408,422,456,486,496,546,566,620,716,965,966,967,968,969,970,971,972,973,974,975,976,977,978,979,980,981,982,1190,1231,1232,1233,
117;0;1241;1421;0;32,44,45,61,70,105,132,138,140,142,149,150,151,152,153,154,155,156,170,173,182,183,186,196,230,235,252,263,311,315,316,327,335,336,341,343,345,346,347,358,360,366,385,388,390,392,393,395,396,408,422,456,486,496,546,566,620,716,965,966,967,968,969,970,971,972,973,974,975,976,977,978,979,980,981,982,1190,1231,1232,1233,
565;0;1440;1614;0;25,32,34,43,61,70,105,132,138,140,149,150,151,153,155,170,173,182,186,230,300,309,311,316,327,335,341,343,345,348,355,358,366,422,486,496,546,716,930,947,960,964,1039,1040,1041,1042,1043,1044,1045,1046,1047,1048,1049,1050,1051,1052,1053,1054,1055,1056,1057,1058,1059,1060,1061,1062,1063,1064,1065,1066,1067,1068,1069,1070,1071,1072,1073,1074,1075,1076,
620;0;1614;1786;0;3,4,9,25,32,34,43,61,70,105,110,132,138,140,149,150,151,153,155,170,173,182,186,230,286,300,309,311,316,327,335,341,343,345,348,355,358,366,422,486,496,546,716,930,947,960,964,1039,1040,1041,1042,1043,1044,1045,1046,1047,1048,1049,1050,1051,1052,1053,1054,1055,1056,1057,1058,1059,1060,1061,1062,1063,1066,1126,1135,1137,1504,1505,1506,1507,
177;0;1786;1950;0;3,4,32,34,61,70,105,110,132,138,140,149,150,151,153,155,173,182,185,186,230,286,304,311,327,335,341,343,345,358,366,413,422,460,461,462,463,464,465,466,467,468,469,470,471,472,473,474,475,476,477,478,479,480,481,482,483,484,485,486,487,488,489,490,491,492,493,494,495,496,497,498,499,500,501,502,503,1126,1135,1137,
43;0;1950;2212;0;32,34,70,132,138,140,185,186,187,188,189,190,191,192,193,304,327,335,341,343,345,358,366,382,403,406,413,422,460,461,462,463,464,465,466,467,468,469,470,471,472,473,474,475,476,477,478,479,480,481,482,483,484,485,486,487,488,489,490,491,492,493,494,495,496,497,498,499,500,501,502,503,961,1028,1029,1030,1161,1162,1163,1164,
618;1;2212;2376;0;32,34,70,132,138,140,185,186,187,188,189,190,191,192,193,304,327,335,341,343,345,358,366,382,403,406,413,422,460,461,462,463,464,465,466,467,468,469,470,471,472,473,474,475,476,477,478,479,480,481,482,483,484,485,486,487,488,489,490,491,492,493,494,495,496,497,498,499,500,501,502,503,961,1028,1029,1030,1161,1162,1163,1164,
263;1;2376;2524;0;32,34,70,132,138,140,185,186,187,188,189,190,191,192,193,304,327,335,341,343,345,358,366,382,403,406,413,422,460,461,462,463,464,465,466,467,468,469,470,471,472,473,474,475,476,477,478,479,480,481,482,483,484,485,486,487,488,489,490,491,492,493,494,495,496,497,498,499,500,501,502,503,961,1028,1029,1030,1161,1162,1163,1164,
12;0;2524;2671;0;32,34,70,132,138,140,185,186,187,188,189,190,191,192,193,304,327,335,341,343,345,358,366,382,403,406,413,422,460,461,462,463,464,465,466,467,468,469,470,471,472,473,474,475,476,477,478,479,480,481,482,483,484,485,486,487,488,489,490,491,492,493,494,495,496,497,498,499,500,501,502,503,961,1028,1029,1030,1161,1162,1163,1164,
253;0;2671;2859;0;32,34,70,132,138,140,185,186,187,188,189,190,191,192,193,304,327,335,341,343,345,358,366,382,403,406,413,422,460,461,462,463,464,465,466,467,468,469,470,471,472,473,474,475,476,477,478,479,480,481,482,483,484,485,486,487,488,489,490,491,492,493,494,495,496,497,498,499,500,501,502,503,961,1028,1029,1030,1161,1162,1163,1164,
603;0;2859;3003;0;32,34,70,132,138,140,185,186,187,188,189,190,191,192,193,304,327,335,341,343,345,358,366,382,403,406,413,422,460,461,462,463,464,465,466,467,468,469,470,471,472,473,474,475,476,477,478,479,480,481,482,483,484,485,486,487,488,489,490,491,492,493,494,495,496,497,498,499,500,501,502,503,961,1028,1029,1030,1161,1162,1163,1164,
63;1;3003;3137;0;32,34,70,71,94,95,96,97,98,99,100,101,102,103,104,105,106,107,108,109,110,111,132,138,140,185,186,187,188,189,190,191,192,193,304,327,335,341,343,345,358,366,382,403,406,413,422,460,461,462,463,464,465,466,467,468,469,470,471,472,473,474,475,476,477,478,479,480,481,482,483,484,485,486,496,497,498,501,961,1028,
30;0;3137;3268;0;32,34,70,71,94,95,96,97,98,99,100,101,102,103,104,105,106,107,108,109,110,111,115,132,138,140,185,186,187,188,189,190,191,192,193,197,245,246,247,248,249,250,251,304,327,335,341,343,345,358,366,382,403,406,413,422,460,461,462,463,464,465,466,467,468,469,470,471,472,476,478,482,484,485,496,497,498,501,961,1028,
203;0;3268;3487;0;32,34,70,71,94,95,96,97,98,99,100,101,102,103,104,105,106,107,108,109,110,111,115,132,138,140,185,186,187,188,189,190,191,192,193,197,245,246,247,248,249,250,251,304,327,335,341,343,345,358,366,382,403,406,413,422,460,461,462,463,464,465,466,467,468,469,470,471,472,476,478,482,484,485,496,497,498,501,961,1028,
378;1;3487;3609;0;32,42,61,70,71,72,94,95,96,97,98,99,100,105,106,124,149,150,151,153,155,173,182,183,194,195,196,197,198,199,200,201,202,203,204,205,206,207,208,209,210,211,212,213,214,215,216,217,218,219,220,221,222,254,259,311,432,509,624,634,654,1088,1089,1090,1091,1092,1093,1094,1095,1096,1097,1218,1219,1220,1221,1222,1223,1224,1225,1226,
157;0;3609;3723;0;32,42,61,70,71,72,94,95,96,97,98,99,100,105,106,124,149,150,151,153,155,173,182,183,194,195,196,197,198,199,200,201,202,203,204,205,206,207,208,209,210,211,212,213,214,215,216,217,218,219,220,221,222,254,259,311,432,509,624,634,654,1088,1089,1090,1091,1092,1093,1094,1095,1096,1097,1218,1219,1220,1221,1222,1223,1224,1225,1226,
13;1;3723;3832;0;32,42,61,70,71,72,94,95,96,97,98,99,100,105,106,124,149,150,151,153,155,173,182,183,194,195,196,197,198,199,200,201,202,203,204,205,206,207,208,209,210,211,212,213,214,215,216,217,218,219,220,221,222,254,259,311,432,509,624,634,654,1088,1089,1090,1091,1092,1093,1094,1095,1096,1097,1218,1219,1220,1221,1222,1223,1224,1225,1226,
540;0;4320;4424;0;32,42,61,70,71,72,94,95,96,97,98,99,100,105,106,124,149,150,151,153,155,173,182,183,194,195,196,197,198,199,200,201,202,203,204,205,206,207,208,209,210,211,212,213,214,215,216,217,218,219,220,221,222,254,259,272,311,385,414,415,416,417,418,419,432,509,624,634,654,1088,1089,1090,1091,1092,1093,1094,1095,1096,1097,1218,
57;0;4424;4522;0;32,42,61,70,71,72,78,91,94,95,96,97,98,99,100,101,102,103,104,105,106,110,124,149,150,151,153,155,173,182,183,194,195,196,197,198,199,200,201,202,203,204,205,206,207,208,209,210,211,212,213,214,215,216,217,218,219,220,221,222,254,259,272,311,385,414,415,416,417,418,432,509,624,634,654,656,657,658,659,1088,
110;0;4522;4620;0;32,42,61,70,71,72,78,91,94,95,96,97,98,99,100,101,102,103,104,105,106,110,124,149,150,151,153,155,173,182,183,194,195,196,197,198,199,200,201,202,203,204,205,206,207,208,209,210,211,212,213,214,215,216,217,218,219,220,221,222,254,259,272,311,385,414,415,416,417,418,432,509,624,634,654,656,657,658,659,1088,
442;0;4620;4708;0;32,42,61,70,71,72,78,91,94,95,96,97,98,99,100,101,102,103,104,105,106,110,124,138,149,150,151,153,155,173,182,183,194,195,196,197,198,199,200,201,202,203,204,205,206,207,208,209,210,211,212,213,214,215,216,217,219,220,254,259,272,311,336,385,414,432,507,508,509,624,634,654,874,879,900,929,1031,1035,1088,1503,
743;0;4708;4847;0;32,42,61,70,71,72,78,91,94,95,96,97,98,99,100,101,102,103,104,105,106,110,124,138,149,150,151,153,155,173,182,183,194,195,196,197,198,199,200,201,202,203,204,205,206,207,208,209,210,211,212,213,214,215,216,217,219,220,254,259,272,311,336,385,414,432,507,508,509,624,634,654,874,879,900,929,1031,1035,1088,1503,
267;0;4847;4930;0;32,42,61,70,71,72,78,91,94,95,96,97,98,99,100,101,102,103,104,105,106,110,124,127,134,138,149,150,151,153,155,173,182,183,186,194,195,196,197,198,199,200,201,202,203,204,217,219,220,254,259,272,311,335,336,360,382,385,408,414,432,508,509,624,627,634,654,780,874,879,929,932,1028,1031,1035,1088,1259,1260,1261,1262,
170;0;4930;5008;0;32,42,46,53,58,61,70,71,72,78,91,94,95,96,97,98,99,100,101,102,103,104,105,106,110,124,127,134,138,149,150,151,153,155,173,182,183,186,194,195,196,197,198,199,200,217,219,220,249,254,259,272,279,311,335,336,360,382,385,408,414,432,508,509,624,627,634,654,780,874,879,929,932,1002,1003,1004,1005,1031,1035,1088,
128;1;5008;5123;0;0,2,3,4,5,42,46,53,58,67,70,71,72,105,106,122,123,124,125,126,127,128,129,130,131,132,133,134,135,136,137,138,139,140,141,150,155,182,183,194,195,196,197,198,230,249,271,272,279,286,414,660,661,761,762,763,764,765,766,767,768,769,770,771,772,773,774,775,776,1002,1003,1004,1005,1126,1135,1137,1227,1228,1229,1230,
58;1;5123;5200;0;0,2,3,4,5,42,46,53,58,67,70,71,72,105,106,122,123,124,125,126,127,128,129,130,131,132,133,134,135,136,137,138,139,140,141,150,155,182,183,194,195,196,197,198,230,249,271,272,279,286,414,660,661,761,762,763,764,765,766,767,768,769,770,771,772,773,774,775,776,1002,1003,1004,1005,1126,1135,1137,1227,1228,1229,1230,
702;0;5200;5277;0;0,2,3,4,5,42,46,53,58,67,70,71,72,105,106,122,123,124,125,126,127,128,129,130,131,132,133,134,135,136,137,138,139,140,141,150,155,182,183,194,195,196,197,198,230,249,271,272,279,286,414,660,661,761,762,763,764,765,766,767,768,769,770,771,772,773,774,775,776,1002,1003,1004,1005,1126,1135,1137,1227,1228,1229,1230,
248;1;5277;5352;0;0,2,3,4,5,42,46,53,58,67,70,71,72,105,106,122,123,124,125,126,127,128,129,130,131,132,133,134,135,136,137,138,139,140,141,150,155,182,183,194,195,196,197,198,230,249,271,272,279,286,414,660,661,761,762,763,764,765,766,767,768,769,770,771,772,773,774,775,776,1002,1003,1004,1005,1126,1135,1137,1227,1228,1229,1230,
647;0;5352;5415;0;0,2,3,4,5,42,46,53,58,67,70,71,72,105,106,122,123,124,125,126,127,128,129,130,131,132,133,134,135,136,137,138,139,140,141,150,155,182,183,194,195,196,197,198,230,249,271,272,279,286,414,660,661,761,762,763,764,765,766,767,768,769,770,771,772,773,774,775,776,1002,1003,1004,1005,1126,1135,1137,1227,1228,1229,1230,
417;0;5760;5822;0;0,2,3,4,5,42,48,67,70,71,72,105,106,122,123,125,126,127,128,129,130,131,132,133,134,135,136,138,139,140,150,152,154,155,156,182,183,194,195,196,197,198,199,219,220,224,225,230,235,251,271,272,279,286,374,414,445,447,646,763,772,872,907,908,909,910,911,912,913,914,915,916,917,918,919,920,921,1126,1135,1137,
608;1;5822;5882;0;0,2,3,5,42,48,56,67,70,71,72,91,92,94,95,96,97,98,99,100,101,102,103,104,105,106,110,122,123,125,126,127,129,130,131,132,133,134,135,136,138,139,140,142,143,144,145,146,147,148,150,152,154,155,156,182,183,194,195,196,197,198,220,224,225,230,235,271,272,279,286,414,445,447,646,763,872,1126,1135,1137,
595;0;5882;5978;0;0,2,3,5,42,48,56,67,70,71,72,91,92,94,95,96,97,98,99,100,101,102,103,104,105,106,110,122,123,125,126,127,129,130,131,132,133,134,135,136,138,139,140,142,143,144,145,146,147,148,150,152,154,155,156,182,183,194,195,196,197,198,220,224,225,230,235,271,272,279,286,414,445,447,646,763,872,1126,1135,1137,
568;1;5978;6033;0;0,2,3,5,42,48,56,67,70,71,72,91,92,94,95,96,97,98,99,100,101,102,103,104,105,106,110,122,123,125,126,127,129,130,131,132,133,134,135,136,138,139,140,142,143,144,145,147,148,150,152,154,155,156,182,183,194,195,196,197,198,220,224,225,230,235,271,272,279,286,337,414,445,447,646,763,872,1126,1135,1137,
568;0;6033;6184;0;0,2,3,5,42,48,56,67,70,71,72,91,92,94,95,96,97,98,99,100,101,102,103,104,105,106,110,122,123,125,126,127,129,130,131,132,133,134,135,136,138,139,140,142,143,144,145,147,148,150,152,154,155,156,182,183,194,195,196,197,198,220,224,225,230,235,271,272,279,286,337,414,445,447,646,763,872,1126,1135,1137,
283;1;6184;6281;0;0,2,3,32,42,56,67,70,71,72,91,92,94,95,96,97,98,99,100,101,102,103,104,105,106,110,122,126,127,129,130,131,132,133,134,135,136,138,139,140,143,147,148,150,154,155,156,186,194,196,197,198,220,224,225,230,272,286,334,335,336,337,338,339,340,341,342,343,344,345,346,347,445,447,646,763,872,1126,1135,1137,
148;0;6281;6334;0;0,2,3,32,42,56,67,70,71,72,92,105,106,122,127,129,130,131,132,133,134,135,136,138,139,147,150,154,155,156,186,194,196,197,198,220,224,225,230,254,256,258,272,286,332,335,336,337,344,345,346,347,382,412,445,447,506,518,519,520,521,522,523,524,525,526,527,528,529,530,531,532,533,534,535,536,646,763,872,1126,
268;1;6334;6386;0;0,2,3,32,42,56,67,70,71,72,92,105,106,122,127,129,130,131,132,133,134,135,136,138,139,147,150,154,155,156,186,194,196,197,198,220,224,225,230,254,256,258,272,286,332,335,336,337,344,345,346,347,382,400,412,442,445,447,506,518,519,520,521,522,523,524,525,526,527,528,533,646,692,763,872,1027,1126,1179,1180,1181,
343;0;6386;6584;0;2,32,42,56,70,71,72,73,74,75,76,77,78,79,80,81,82,92,105,106,122,127,129,130,131,133,134,135,136,138,139,150,155,156,186,194,196,197,198,224,252,254,327,332,335,336,337,344,346,347,358,360,366,382,400,412,421,442,445,447,458,518,519,522,527,548,607,608,610,646,654,692,763,1027,1150,1151,1152,1179,1180,1181,
725;0;6584;6628;0;2,32,42,56,70,71,72,73,74,75,76,77,78,79,80,81,82,92,105,106,122,127,129,130,131,133,134,135,136,138,139,150,155,156,186,194,196,197,198,224,252,254,327,332,335,336,337,344,346,347,358,360,366,382,400,412,421,442,445,447,458,518,519,522,527,548,607,608,610,646,654,692,763,1027,1150,1151,1152,1179,1180,1181,
323;0;6628;6819;0;2,32,42,56,70,71,72,73,74,75,76,77,78,79,80,81,82,92,105,106,122,127,129,130,131,133,134,135,136,138,139,150,155,156,186,194,196,197,198,224,252,254,327,332,335,336,337,344,346,347,358,360,366,382,400,412,421,442,445,447,458,518,519,522,527,548,607,608,610,646,654,692,763,1027,1150,1151,1152,1179,1180,1181,
467;0;6819;6863;0;2,32,42,56,70,71,72,73,74,75,76,77,78,79,80,81,82,92,105,106,122,127,129,130,131,133,134,135,136,138,139,150,155,156,186,194,196,197,198,224,252,254,327,332,335,336,337,344,346,347,358,360,366,382,400,412,421,442,445,447,458,518,519,522,527,548,607,608,610,646,654,692,763,1027,1150,1151,1152,1179,1180,1181,
307;0;7200;7239;0;2,32,42,70,71,72,78,105,106,122,129,130,131,133,134,135,136,138,139,149,150,151,155,156,159,186,194,196,197,198,224,234,252,254,327,332,335,336,337,358,360,366,382,393,412,436,440,442,443,445,446,447,518,519,522,527,646,654,763,1366,1367,1368,1369,1370,1371,1372,1373,1374,1375,1376,1377,1378,1379,1380,1381,1382,1383,1384,1385,1386,
592;0;7239;7275;0;2,32,42,70,71,72,78,105,106,122,129,130,131,133,134,135,136,138,139,149,150,151,155,156,159,186,194,196,197,198,224,234,252,254,264,327,332,335,336,337,358,360,366,382,393,412,436,440,442,443,445,446,447,498,518,519,522,527,627,646,654,677,763,823,824,825,826,1366,1367,1368,1369,1370,1371,1372,1373,1374,1375,1376,1377,1378,
383;0;7275;7434;0;2,32,42,70,71,72,78,105,106,122,129,130,131,133,134,135,136,138,139,149,150,151,155,156,159,186,194,196,197,198,224,234,252,254,264,327,332,335,336,337,358,360,366,382,393,412,436,440,442,443,445,446,447,498,518,519,522,527,627,646,654,677,763,823,824,825,826,1366,1367,1368,1369,1370,1371,1372,1373,1374,1375,1376,1377,1378,
715;0;7434;7466;0;2,32,42,70,71,72,78,105,106,122,129,130,131,133,134,135,136,138,139,149,150,151,155,186,194,197,198,224,234,252,254,264,316,327,332,335,336,337,358,360,366,408,412,442,445,447,472,518,519,522,527,622,625,626,627,639,646,654,717,721,763,781,798,931,1063,1203,1204,1205,1206,1207,1208,1209,1210,1211,1212,1213,1214,1215,1216,1217,
85;0;7466;7493;0;2,32,42,70,71,72,78,105,106,122,129,130,131,133,134,135,136,138,139,149,150,151,155,186,194,197,198,224,234,252,254,264,316,327,332,335,336,337,358,360,366,408,412,442,445,447,472,518,519,522,527,622,625,626,627,629,639,646,654,717,721,763,781,798,811,812,813,931,1063,1203,1204,1205,1206,1207,1208,1209,1210,1211,1212,1213,
488;1;7493;7670;0;2,32,42,70,71,72,78,105,106,122,129,130,131,133,134,135,136,138,139,149,150,151,155,186,194,197,198,224,234,252,254,264,316,327,332,335,336,337,358,360,366,408,412,442,445,447,472,518,519,522,527,622,625,626,627,629,639,646,654,717,721,763,781,798,811,812,813,931,1063,1203,1204,1205,1206,1207,1208,1209,1210,1211,1212,1213,
325;0;7670;7693;0;2,32,42,70,71,72,78,105,106,122,129,130,131,133,134,135,136,138,139,149,150,151,155,186,194,197,198,217,224,234,252,254,264,316,327,332,335,336,337,358,360,366,406,408,412,428,442,445,447,472,518,519,522,527,622,625,626,627,629,639,646,654,717,721,763,781,798,811,812,813,931,936,937,938,939,940,941,942,1063,1203,
272;0;7693;7705;0;2,32,42,70,71,72,78,105,106,122,129,130,131,133,134,135,136,138,139,149,150,151,155,186,194,197,198,217,224,234,252,254,264,316,327,332,335,336,337,358,360,366,406,408,412,428,442,445,447,472,518,519,522,527,622,625,626,627,629,639,646,654,717,721,763,780,781,798,811,812,813,821,931,932,933,934,935,936,937,938,
256;1;7705;7735;1;2,32,42,70,71,72,78,105,106,122,129,131,134,135,138,139,150,151,155,186,194,197,198,224,226,229,234,252,316,327,332,335,336,358,366,408,412,428,437,442,444,445,447,519,622,625,626,627,629,639,646,649,717,721,821,871,931,991,1141,1182,1183,1184,1185,1186,1187,1188,1189,1190,1191,1192,1193,1194,1195,1196,1197,1198,1199,1200,1201,1202,
144;1;7735;7765;1;2,32,42,70,71,72,78,105,106,122,129,131,134,135,138,139,150,151,155,186,194,197,198,224,226,229,234,252,316,327,332,335,336,358,366,408,412,428,437,442,444,445,447,504,508,509,519,622,625,626,627,629,639,646,649,717,721,821,871,875,901,922,929,931,991,1031,1032,1033,1034,1035,1036,1037,1038,1141,1182,1183,1184,1185,1186,1187,
704;1;7765;7799;1;2,32,42,70,71,72,78,105,106,122,129,131,134,135,138,139,150,151,155,186,194,197,198,224,226,229,234,252,316,327,332,335,336,358,366,408,412,423,424,425,428,437,442,444,445,447,504,508,509,519,622,625,626,627,629,639,646,649,717,721,821,871,875,901,922,929,931,991,1031,1032,1033,1034,1035,1036,1037,1038,1141,1182,1183,1184,
247;0;7799;7848;0;2,32,42,70,71,72,78,105,106,122,129,131,134,135,138,139,150,151,155,186,194,197,198,224,226,229,234,252,316,327,332,335,336,358,366,408,412,423,424,425,428,437,442,444,445,447,504,508,509,519,622,625,626,627,629,639,646,649,717,721,821,871,875,901,922,929,931,991,1031,1032,1033,1034,1035,1036,1037,1038,1141,1182,1183,1184,
669;1;7848;7884;1;2,32,43,70,71,72,78,105,106,122,129,131,134,135,138,139,150,155,186,198,224,226,229,234,252,304,316,320,327,332,335,345,358,366,408,412,423,424,425,428,434,456,519,617,618,619,620,621,622,623,624,625,626,627,628,629,630,631,632,633,634,635,636,637,638,639,640,641,642,643,644,645,646,647,648,649,717,721,991,1141,
53;1;7884;8020;0;2,32,43,64,65,66,67,68,69,70,71,72,105,122,129,131,134,135,139,150,155,186,198,224,226,229,234,252,304,316,320,327,332,335,345,358,366,408,412,428,434,456,519,617,618,619,620,621,622,623,624,625,626,627,628,629,630,631,632,633,634,635,636,637,638,639,640,641,642,643,644,645,646,647,648,649,717,721,991,1141,
74;1;8020;8056;1;2,32,43,64,65,66,67,68,69,70,71,72,105,122,129,131,134,135,139,150,155,186,198,224,226,229,234,252,304,316,320,327,332,335,345,358,366,408,412,428,434,456,519,617,618,619,620,621,622,623,624,625,626,627,628,629,630,631,632,633,634,635,636,637,638,639,640,641,642,643,644,645,646,647,648,649,717,721,991,1141,
658;0;8056;8240;0;2,32,43,64,65,66,67,68,69,70,71,72,105,122,129,131,134,135,139,150,155,186,198,224,226,229,234,252,304,316,320,327,332,335,345,358,366,408,412,428,434,456,519,617,618,619,620,621,622,623,624,625,626,627,628,629,630,631,632,633,634,635,636,637,638,639,640,641,642,643,644,645,646,647,648,649,717,721,991,1141,
3;0;8240;8348;0;2,32,43,64,65,66,67,68,69,70,71,72,105,122,129,131,134,135,139,150,155,186,198,224,226,229,234,252,304,316,320,327,332,335,345,358,366,408,412,428,434,456,519,617,618,619,620,621,622,623,624,625,626,627,628,629,630,631,632,633,634,635,636,637,638,639,640,641,642,643,644,645,646,647,648,649,717,721,991,1141,
690;0;8348;8390;0;2,32,43,64,65,66,67,68,69,70,71,72,105,122,129,131,134,135,139,150,155,186,198,224,226,229,234,252,304,316,320,327,332,335,345,358,366,408,412,428,434,456,519,617,618,619,620,621,622,623,624,625,626,627,628,629,630,631,632,633,634,635,636,637,638,639,640,641,642,643,644,645,646,647,648,649,717,721,991,1141,
711;1;8640;8679;1;2,32,43,65,67,70,71,72,105,122,129,131,134,135,139,150,154,155,173,186,198,220,223,224,225,226,229,231,234,252,304,316,320,327,332,335,345,358,366,408,412,428,434,456,519,617,618,619,620,621,622,623,624,625,626,627,628,629,630,631,632,633,634,635,636,639,688,717,721,872,983,985,986,987,988,989,990,991,992,1141,
311;1;8679;8720;1;2,32,43,65,67,70,71,72,105,122,129,131,134,135,139,147,150,154,155,173,186,198,220,223,224,225,226,229,231,234,252,304,316,320,327,332,335,345,358,366,396,408,412,428,434,456,519,617,618,619,620,621,622,623,624,625,626,627,628,629,630,631,632,633,634,635,636,639,688,717,721,827,828,872,983,985,986,987,988,1141,
513;1;8720;8814;0;2,32,43,65,67,70,71,72,105,122,129,131,134,135,139,147,150,154,155,173,186,198,220,223,224,225,226,229,231,234,252,304,316,320,327,332,335,345,358,366,396,408,412,428,434,456,519,617,618,619,620,621,622,623,624,625,626,627,628,629,630,631,632,633,634,635,636,639,688,717,721,827,828,872,983,985,986,987,988,1141,
739;0;8814;8861;1;2,32,38,43,65,67,70,71,72,105,122,129,131,134,135,139,147,150,154,155,173,186,198,223,224,225,226,229,231,234,252,304,316,320,327,332,335,345,352,358,366,368,396,408,412,428,434,456,519,546,554,617,618,619,620,621,622,623,626,632,639,704,705,706,707,708,709,710,711,712,713,714,715,716,717,718,719,720,721,1141,
574;1;8861;8911;1;0,2,3,32,43,65,67,70,71,72,92,105,122,129,131,134,135,139,147,150,154,155,173,186,198,223,224,225,226,229,230,231,234,252,272,282,286,304,316,320,327,332,335,345,358,366,396,408,412,428,434,456,519,617,618,619,626,632,639,696,1011,1126,1127,1128,1129,1130,1131,1132,1133,1134,1135,1136,1137,1138,1139,1140,1141,1142,1143,1144,
452;0;8911;9059;0;0,2,3,32,43,65,67,70,71,72,92,105,122,129,131,134,135,139,147,150,154,155,173,186,198,223,224,225,226,229,230,231,234,252,272,282,286,304,316,320,327,332,335,345,358,366,396,408,412,428,434,456,519,617,618,619,626,632,639,696,1011,1126,1127,1128,1129,1130,1131,1132,1133,1134,1135,1136,1137,1138,1139,1140,1141,1142,1143,1144,
309;1;9059;9114;1;0,2,3,32,43,51,65,67,70,71,72,87,92,105,110,122,129,131,134,135,139,143,147,150,154,155,173,186,198,223,224,225,226,229,230,231,234,252,272,282,286,304,316,320,327,332,335,345,358,366,371,396,401,408,412,428,434,456,519,617,618,619,626,632,639,696,802,803,804,805,806,807,808,809,810,1011,1126,1127,1128,1129,
228;0;9114;9181;0;0,2,3,32,43,51,65,67,70,71,72,87,92,105,110,122,129,131,134,135,139,143,147,150,154,155,173,186,198,223,224,225,226,229,230,231,234,252,272,282,286,304,316,320,327,332,335,345,358,366,371,396,401,408,412,428,434,456,519,617,618,619,626,632,639,696,802,803,804,805,806,807,808,809,810,1011,1126,1127,1128,1129,
591;1;9181;9237;1;0,2,3,32,43,51,65,67,70,71,72,87,92,105,110,122,129,131,134,135,139,143,147,150,154,155,173,186,198,223,224,225,226,229,230,231,234,252,272,282,286,304,316,320,327,332,335,345,358,366,371,396,401,408,412,428,434,456,519,617,618,619,626,632,639,696,802,803,804,805,1011,1126,1127,1128,1129,1453,1454,1455,1456,1457,
365;0;9237;9403;0;32,44,51,52,54,65,70,71,72,78,79,81,83,84,85,86,87,88,89,90,91,92,94,95,96,97,98,99,100,101,102,103,104,105,106,126,129,134,147,148,150,154,155,173,186,252,262,320,327,332,335,339,341,345,403,421,422,423,424,425,426,427,428,429,430,431,432,433,434,435,456,617,1125,1147,1453,1454,1455,1456,1457,1508,
486;1;9403;9462;1;32,44,51,52,54,65,70,71,72,78,79,81,83,84,85,86,87,88,89,90,91,92,94,95,96,97,98,99,100,101,102,103,104,105,106,126,129,134,147,148,150,154,155,173,186,252,262,320,327,332,335,339,341,345,403,421,422,423,424,425,426,427,428,429,430,431,432,433,434,435,456,617,1125,1147,1453,1454,1455,1456,1457,1508,
741;1;9462;9522;1;32,44,51,52,54,65,70,71,72,78,79,81,83,84,85,86,87,88,89,90,91,92,94,95,96,97,98,99,100,101,102,103,104,105,106,126,129,134,147,148,150,154,155,173,186,252,262,320,327,332,335,339,341,345,403,421,422,423,424,425,426,427,428,429,430,431,432,433,434,435,456,617,1125,1147,1453,1454,1455,1456,1457,1508,
35;0;9522;9526;0;32,44,51,52,54,65,70,71,72,78,79,81,83,84,85,86,87,88,89,90,91,92,94,95,96,97,98,99,100,101,102,103,104,105,106,126,129,134,147,148,150,154,155,173,186,252,262,320,327,332,335,339,341,345,403,421,422,423,424,425,426,427,428,429,430,431,432,433,434,435,456,617,1125,1147,1453,1454,1455,1456,1457,1508,
469;1;9526;9587;1;32,44,51,52,54,65,70,71,72,78,79,81,83,84,85,86,87,88,89,90,91,92,94,95,96,97,98,99,100,101,102,103,104,105,106,126,129,134,147,148,150,154,155,173,186,252,262,320,327,332,335,339,341,345,403,421,422,423,424,425,426,427,428,429,430,431,432,433,434,435,456,617,1125,1147,1453,1454,1455,1456,1457,1508,
296;1;9587;9653;1;32,44,51,52,54,65,70,71,72,78,79,81,83,84,85,86,87,88,89,90,91,92,94,95,96,97,98,99,100,101,102,103,104,105,106,126,129,134,147,148,150,154,155,173,186,252,262,320,327,332,335,339,341,345,403,421,422,423,424,425,426,427,428,429,430,431,432,433,434,435,456,617,1125,1147,1453,1454,1455,1456,1457,1508,
514;0;9653;9719;1;32,44,51,52,54,65,70,71,72,78,79,81,83,84,85,86,87,88,89,90,91,92,94,95,96,97,98,99,100,101,102,103,104,105,106,126,129,134,147,148,150,154,155,173,186,252,262,320,327,332,335,339,341,345,403,421,422,423,424,425,426,427,428,429,430,431,432,433,434,435,456,617,1125,1147,1453,1454,1455,1456,1457,1508,
Machine: 4
251;1;0;5;1;32,34,135,138,185,186,304,334,335,336,337,338,339,340,341,342,343,344,345,346,347,382,413,422,460,461,462,463,464,465,466,467,468,469,470,471,472,473,474,475,476,477,478,479,480,481,482,483,484,485,486,487,488,489,490,491,492,493,494,495,496,497,498,499,500,501,502,503,507,508,509,650,651,652,653,654,655,874,879,900,
367;0;5;169;0;32,34,135,138,185,186,304,334,335,336,337,338,339,340,341,342,343,344,345,346,347,382,413,422,460,461,462,463,464,465,466,467,468,469,470,471,472,473,474,475,476,477,478,479,480,481,482,483,484,485,486,487,488,489,490,491,492,493,494,495,496,497,498,499,500,501,502,503,507,508,509,650,651,652,653,654,655,874,879,900,
40;0;169;333;0;32,34,135,138,185,186,304,334,335,336,337,338,339,340,341,342,343,344,345,346,347,382,413,422,460,461,462,463,464,465,466,467,468,469,470,471,472,473,474,475,476,477,478,479,480,481,482,483,484,485,486,487,488,489,490,491,492,493,494,495,496,497,498,499,500,501,502,503,507,508,509,650,651,652,653,654,655,874,879,900,
438;0;333;455;0;32,34,135,138,185,186,304,334,335,336,337,338,339,340,341,342,343,344,345,346,347,382,413,422,460,461,462,463,464,465,466,467,468,469,470,471,472,473,474,475,476,477,478,479,480,481,482,483,484,485,486,487,488,489,490,491,492,493,494,495,496,497,498,499,500,501,502,503,507,508,509,650,651,652,653,654,655,874,879,900,
432;0;455;546;0;32,34,135,138,185,186,304,334,335,336,337,338,339,340,341,342,343,344,345,346,347,382,413,422,460,461,462,463,464,465,466,467,468,469,470,471,472,473,474,475,476,477,478,479,480,481,482,483,484,485,486,487,488,489,490,491,492,493,494,495,496,497,498,499,500,501,502,503,507,508,509,650,651,652,653,654,655,874,879,900,
440;0;546;634;0;32,34,135,138,185,186,304,334,335,336,337,338,339,340,341,342,343,344,345,346,347,382,413,422,460,461,462,463,464,465,466,467,468,469,470,471,472,473,474,475,476,477,478,479,480,481,482,483,484,485,486,487,488,489,490,491,492,493,494,495,496,497,498,499,500,501,502,507,508,509,651,652,654,874,879,900,929,1031,1035,1503,
223;0;634;699;0;32,34,129,134,135,138,185,186,304,327,334,335,336,337,338,339,340,341,342,343,344,345,346,347,360,382,413,422,428,460,461,462,463,464,465,466,467,468,469,470,471,472,473,474,475,476,477,478,479,480,481,482,483,484,485,486,487,488,489,490,496,497,498,501,502,507,508,509,626,651,652,654,780,821,929,931,932,933,934,935,
112;0;699;749;0;32,70,72,78,105,129,130,133,135,138,186,217,264,304,316,327,332,334,335,336,337,338,339,340,341,342,343,344,345,346,347,360,406,408,423,424,425,428,448,465,472,519,622,625,626,627,639,652,717,721,780,781,798,931,936,937,938,939,940,941,942,1063,1097,1165,1203,1204,1205,1206,1207,1208,1209,1210,1211,1212,1213,1214,1215,1216,1217,1431,
438;1;749;798;0;32,70,72,78,105,129,130,133,135,138,186,217,264,304,316,327,332,334,335,336,337,338,339,340,341,342,343,344,345,346,347,360,406,408,423,424,425,428,448,465,472,519,622,625,626,627,639,652,717,721,780,781,798,931,936,937,938,939,940,941,942,1063,1097,1165,1203,1204,1205,1206,1207,1208,1209,1210,1211,1212,1213,1214,1215,1216,1217,1431,
243;0;798;842;0;32,70,72,78,105,129,130,133,135,138,186,217,264,304,316,327,332,334,335,336,337,338,339,340,341,342,343,344,345,346,347,360,406,408,423,424,425,428,448,465,472,519,622,625,626,627,639,652,717,721,780,781,798,931,936,937,938,939,940,941,942,1063,1097,1165,1203,1204,1205,1206,1207,1208,1209,1210,1211,1212,1213,1214,1215,1216,1217,1431,
375;0;842;874;0;32,70,72,78,105,129,130,133,135,138,186,217,264,304,316,327,332,334,335,336,337,338,339,340,341,342,343,344,345,346,347,360,406,408,423,424,425,428,448,465,472,519,622,625,626,627,639,652,717,721,780,781,798,931,936,937,938,939,940,941,942,1063,1097,1165,1203,1204,1205,1206,1207,1208,1209,1210,1211,1212,1213,1214,1215,1216,1217,1431,
350;0;874;901;0;32,70,72,78,105,129,130,133,135,138,186,217,264,304,316,327,332,334,335,336,337,338,339,340,341,342,343,344,345,346,347,360,406,408,423,424,425,428,448,465,472,519,622,625,626,627,639,652,717,721,780,781,798,931,936,937,938,939,940,941,942,1063,1097,1165,1203,1204,1205,1206,1207,1208,1209,1210,1211,1212,1213,1214,1215,1216,1217,1431,
243;1;901;922;0;32,70,72,78,105,129,130,133,135,138,186,217,264,304,316,327,332,334,335,336,337,338,339,340,341,342,343,344,345,346,347,360,406,408,423,424,425,428,448,465,472,519,622,625,626,627,639,652,717,721,780,781,798,931,936,937,938,939,940,941,942,1063,1097,1165,1203,1204,1205,1206,1207,1208,1209,1210,1211,1212,1213,1214,1215,1216,1217,1431,
514;1;922;939;1;32,70,72,78,105,129,130,133,135,138,186,217,264,304,316,327,332,334,335,336,337,338,339,340,341,342,343,344,345,346,347,360,406,408,423,424,425,428,448,465,472,519,622,625,626,627,639,652,717,721,780,781,798,931,936,937,938,939,940,941,942,1063,1097,1165,1203,1204,1205,1206,1207,1208,1209,1210,1211,1212,1213,1214,1215,1216,1217,1431,
476;1;939;958;1;32,70,72,78,105,129,130,133,135,138,186,217,264,304,316,327,332,334,335,336,337,338,339,340,341,342,343,344,345,346,347,360,406,408,423,424,425,428,448,465,472,519,622,625,626,627,639,652,717,721,780,781,798,931,936,937,938,939,940,941,942,1063,1097,1165,1203,1204,1205,1206,1207,1208,1209,1210,1211,1212,1213,1214,1215,1216,1217,1431,
618;0;1440;1729;0;32,70,72,78,105,129,130,133,135,138,186,217,264,304,316,327,332,334,335,336,337,338,339,340,341,342,343,344,345,346,347,358,360,406,408,423,424,425,428,448,465,472,519,622,625,626,627,639,652,717,721,780,781,798,931,936,937,938,939,940,941,942,961,1063,1097,1161,1162,1163,1164,1165,1203,1204,1205,1206,1207,1208,1209,1210,1211,1212,
263;0;1729;1998;0;32,70,72,78,105,129,130,133,135,138,186,217,264,304,316,327,332,334,335,336,337,338,339,340,341,342,343,344,345,346,347,358,360,403,406,408,423,424,425,428,448,465,472,519,622,625,626,627,639,652,717,721,780,781,798,931,936,937,938,939,940,941,942,961,1029,1030,1063,1097,1161,1162,1163,1164,1165,1203,1204,1205,1206,1207,1208,1209,
503;0;1998;2253;0;2,32,56,70,71,72,73,74,75,76,77,78,79,80,81,82,91,92,94,95,96,97,98,99,100,101,102,103,104,105,106,110,129,135,142,143,144,145,146,147,148,186,277,304,316,327,335,336,341,343,344,345,346,347,358,360,396,408,448,465,519,626,639,717,721,780,781,798,961,1003,1137,1170,1171,1172,1173,1174,1175,1176,1177,1178,
363;0;2253;2479;0;2,32,56,70,71,72,73,74,75,76,77,78,79,80,81,82,91,92,94,95,96,97,98,99,100,101,102,103,104,105,106,110,129,135,142,143,144,145,146,147,148,186,277,304,316,327,335,336,341,343,344,345,346,347,358,360,396,408,448,465,519,626,639,717,721,780,781,798,961,1003,1137,1170,1171,1172,1173,1174,1175,1176,1177,1178,
573;0;2479;2698;0;2,32,56,70,71,72,73,74,75,76,77,78,79,80,81,82,91,92,94,95,96,97,98,99,100,101,102,103,104,105,106,110,129,135,142,143,144,145,146,147,148,186,277,304,316,327,335,336,341,343,344,345,346,347,358,360,396,408,448,465,519,626,639,717,721,780,781,798,961,1003,1137,1170,1171,1172,1173,1174,1175,1176,1177,1178,
523;0;2880;3086;0;2,32,42,48,56,70,71,72,92,105,106,129,135,150,152,154,155,156,182,183,186,194,195,196,197,198,199,219,220,224,225,235,251,277,304,316,327,335,336,341,343,344,345,346,347,358,360,374,396,408,445,447,448,465,519,626,639,646,717,721,780,781,798,872,907,908,909,910,911,912,913,914,915,916,917,918,919,920,921,961,
313;0;3086;3282;0;2,32,42,48,56,70,71,72,92,105,106,129,135,150,152,154,155,156,182,183,186,194,195,196,197,198,199,219,220,224,225,235,251,277,299,304,316,327,335,336,341,343,344,345,346,347,358,360,374,396,408,445,447,448,465,519,543,626,639,646,717,721,780,781,798,872,907,908,909,910,911,912,913,914,943,960,961,962,963,964,
88;0;3282;3466;0;2,32,35,42,48,56,70,71,72,92,105,106,129,135,150,152,154,155,156,182,183,186,194,195,196,197,198,220,224,225,235,251,277,297,298,299,300,301,302,303,304,305,306,307,308,309,316,327,335,336,341,343,344,345,346,347,358,360,374,396,408,445,447,448,465,519,543,626,639,646,717,721,780,781,798,872,914,943,961,964,
508;0;3466;3644;0;0,2,3,4,32,45,48,56,67,70,92,105,123,125,129,150,156,186,225,235,270,276,277,301,316,317,327,335,336,341,343,344,345,346,347,358,360,390,408,415,465,519,543,621,626,639,717,721,778,779,780,781,782,783,784,785,786,787,788,789,790,791,792,793,794,795,796,797,798,799,800,801,872,961,1145,1155,1156,1157,1158,1159,
650;0;3644;3799;0;0,2,3,4,32,45,48,56,67,70,92,105,123,125,129,150,156,186,225,235,270,276,277,301,316,317,327,335,336,341,343,344,345,346,347,358,360,390,408,415,465,519,543,621,626,639,717,721,778,779,780,781,782,783,784,785,786,787,788,789,790,791,792,793,794,795,796,797,798,799,800,801,872,961,1145,1155,1156,1157,1158,1159,
293;0;3799;3949;0;0,2,3,4,32,45,48,56,67,70,92,105,123,125,129,150,156,186,225,235,270,276,277,301,316,317,327,335,336,341,343,344,345,346,347,358,360,390,408,415,465,519,543,621,626,639,717,721,778,779,780,781,782,783,784,785,786,787,788,789,790,791,792,793,794,795,796,797,798,799,800,801,872,961,1145,1155,1156,1157,1158,1159,
558;1;4320;4461;0;0,2,3,4,32,45,48,56,67,70,92,105,123,125,129,150,156,186,225,235,270,276,277,301,316,317,327,335,336,341,343,344,345,346,347,348,349,350,351,352,353,354,355,356,357,358,359,360,361,362,363,364,365,366,367,368,390,408,415,465,519,543,621,626,639,717,721,778,779,780,781,782,783,784,785,786,787,796,872,961,
92;0;4461;4592;0;0,2,3,4,32,45,48,56,67,70,92,105,123,125,129,150,156,186,225,235,270,276,277,301,316,317,327,335,336,341,343,344,345,346,347,348,349,350,351,352,355,358,360,366,368,390,408,415,519,537,538,539,542,543,621,626,636,639,717,721,780,796,829,830,831,832,833,834,835,836,837,838,839,840,841,842,843,844,872,961,
235;0;4592;4723;0;0,2,3,4,32,45,48,56,67,70,92,105,123,125,129,150,156,186,225,235,270,276,277,301,316,317,327,335,336,341,343,344,345,346,347,348,349,350,351,352,355,358,360,366,368,390,408,415,519,537,538,539,542,543,621,626,636,639,717,721,780,796,829,830,831,832,833,834,835,836,837,838,839,840,841,842,843,844,872,961,
483;1;4723;4852;0;0,2,3,4,32,45,48,56,67,70,92,105,123,125,129,150,156,186,225,229,233,235,270,276,277,301,316,317,327,335,336,341,343,344,345,346,347,348,349,350,351,352,355,358,360,366,368,390,408,415,436,438,439,519,537,538,539,542,543,621,626,636,639,717,721,780,796,829,830,864,865,866,867,868,869,870,871,872,873,961,
168;1;4852;4977;0;0,2,3,4,32,38,45,48,56,67,70,92,105,123,125,129,150,156,186,225,229,235,270,316,317,327,335,336,343,345,346,347,352,355,358,360,366,368,390,408,415,436,438,439,519,537,538,539,542,543,546,554,621,626,636,639,704,705,706,707,708,709,710,711,712,713,714,715,716,717,718,719,720,721,780,796,864,867,871,961,
230;0;4977;5097;0;0,2,3,32,38,48,56,70,92,105,125,129,150,186,229,316,327,336,343,345,346,347,360,366,390,400,408,438,442,519,537,538,539,542,543,546,554,605,621,626,639,692,730,731,732,733,734,735,736,737,738,739,740,741,742,743,744,745,746,747,780,796,864,867,871,935,961,1027,1098,1099,1100,1101,1102,1103,1104,1105,1106,1179,1180,1181,
75;0;5097;5212;0;0,2,3,32,38,48,56,70,92,105,125,129,150,186,229,316,327,336,343,345,346,347,360,366,390,400,408,438,442,519,537,538,539,542,543,546,554,605,621,626,639,692,730,731,732,733,734,735,736,737,738,739,740,741,742,743,744,745,746,747,780,796,864,867,871,935,961,1027,1098,1099,1100,1101,1102,1103,1104,1105,1106,1179,1180,1181,
183;1;5212;5309;0;0,2,3,32,38,48,56,70,92,105,125,129,150,186,229,316,327,336,343,345,346,347,360,366,390,400,408,438,442,519,537,538,539,542,543,546,554,605,621,626,639,692,730,731,732,733,734,735,736,737,738,739,740,741,742,743,744,745,746,747,780,796,864,867,871,935,961,1027,1098,1099,1100,1101,1102,1103,1104,1105,1106,1179,1180,1181,
553;0;5309;5574;0;0,2,3,32,38,48,56,70,92,105,125,129,150,186,229,316,327,336,343,345,346,347,360,366,390,400,408,438,442,519,537,538,539,542,543,546,554,605,621,626,639,692,730,731,732,733,734,735,736,737,738,739,740,741,742,743,744,745,746,747,780,796,864,867,871,935,961,1027,1098,1099,1100,1101,1102,1103,1104,1105,1106,1179,1180,1181,
295;0;5760;5847;0;0,2,3,32,38,48,70,92,105,150,185,186,229,269,327,336,343,346,347,360,382,390,400,408,410,412,422,438,442,520,537,538,539,542,543,546,554,626,639,723,763,864,867,871,928,967,1028,1088,1269,1270,1271,1272,1273,1274,1275,1276,1277,1278,1279,1280,1281,1282,1283,1284,1285,1286,1287,1288,1289,1290,1291,1292,1293,1294,1295,1296,1297,1298,1299,1300,
652;0;5847;5931;0;0,2,3,32,38,48,70,92,105,132,140,150,185,186,229,269,327,336,343,346,347,360,382,383,384,390,400,408,410,412,422,438,442,520,537,538,539,542,543,546,554,626,639,723,763,864,867,871,928,967,1028,1088,1269,1270,1271,1272,1273,1274,1275,1276,1277,1278,1279,1280,1281,1282,1283,1284,1285,1286,1287,1288,1289,1290,1291,1292,1293,1294,1295,1296,
630;0;5931;6008;0;0,2,3,5,32,38,48,70,92,105,132,140,150,185,186,229,269,327,336,343,346,347,360,382,383,384,390,400,408,410,412,422,438,442,520,537,538,539,542,543,546,554,626,639,660,661,723,763,864,867,871,928,967,1028,1088,1269,1270,1271,1272,1273,1274,1275,1276,1277,1278,1279,1280,1281,1282,1283,1284,1285,1286,1287,1288,1289,1290,1291,1292,1293,
108;0;6008;6129;0;0,2,3,5,32,38,48,70,92,105,132,140,150,185,186,229,269,327,336,343,346,347,360,382,383,384,390,400,408,410,412,422,438,442,520,537,538,539,542,543,546,554,626,639,660,661,723,763,864,867,871,928,967,1028,1088,1269,1270,1271,1272,1273,1274,1275,1276,1277,1278,1279,1280,1281,1282,1283,1284,1285,1286,1287,1288,1289,1290,1291,1292,1293,
93;1;6129;6197;0;0,2,3,5,32,38,48,70,88,92,105,132,140,150,151,185,186,229,234,269,327,336,343,346,347,360,382,383,384,388,390,400,408,410,412,422,438,442,520,537,538,539,542,543,546,554,626,639,660,661,723,763,803,845,846,847,848,849,850,851,852,853,854,855,856,857,858,859,860,861,862,863,864,867,871,928,967,1028,1088,1269,
105;0;6197;6263;0;0,2,3,5,32,38,48,70,88,92,105,132,135,140,150,151,185,186,229,234,269,327,336,343,346,347,360,382,383,384,388,390,400,408,410,412,422,438,442,448,477,504,506,507,520,537,538,539,542,543,546,554,626,639,660,661,723,763,803,845,846,847,848,849,857,858,864,867,871,899,922,923,924,925,926,927,928,929,930,1028,
408;1;6263;6325;0;0,2,3,5,32,38,48,70,88,92,105,132,135,140,150,151,185,186,229,234,269,271,327,336,343,346,347,360,382,383,384,388,390,400,408,410,412,422,438,442,448,477,504,506,507,520,537,538,539,542,543,546,554,626,639,660,661,696,723,763,803,845,846,847,848,849,857,858,864,867,871,899,922,923,1028,1463,1464,1465,1466,1467,
695;0;6325;6387;0;0,2,3,5,32,38,48,70,92,105,132,135,140,150,151,176,185,186,229,234,327,336,343,346,347,382,388,390,400,408,410,412,438,442,448,477,504,506,507,520,537,538,539,542,543,546,554,626,639,847,857,858,864,867,871,914,991,1028,1191,1200,1410,1411,1412,1413,1414,1415,1416,1417,1418,1419,1420,1421,1422,1423,1424,1425,1426,1427,1428,1429,
423;0;6387;6491;0;32,38,42,70,71,72,92,105,106,150,151,155,176,185,186,194,197,198,224,226,229,388,390,400,437,442,444,445,447,448,537,538,646,649,847,871,914,991,1141,1182,1183,1184,1185,1186,1187,1188,1189,1190,1191,1192,1193,1194,1195,1196,1197,1198,1199,1200,1201,1202,1410,1411,1412,1413,1414,1415,1416,1417,1418,1419,1420,1421,1422,1423,1424,1425,1426,1427,1428,1429,
517;0;6491;6548;0;32,38,42,70,71,72,92,105,106,150,151,155,176,185,186,194,197,198,224,226,229,388,390,400,437,442,444,445,447,448,537,538,646,649,847,871,914,991,1141,1182,1183,1184,1185,1186,1187,1188,1189,1190,1191,1192,1193,1194,1195,1196,1197,1198,1199,1200,1201,1202,1410,1411,1412,1413,1414,1415,1416,1417,1418,1419,1420,1421,1422,1423,1424,1425,1426,1427,1428,1429,
1;1;7200;7253;0;17,18,19,20,21,22,23,24,25,26,27,28,29,30,31,32,33,34,35,36,37,38,39,40,41,42,43,70,71,72,92,105,106,150,151,155,176,185,186,194,197,198,224,226,229,388,390,400,437,442,444,445,447,448,537,538,646,649,847,871,914,991,1141,1182,1183,1184,1185,1186,1187,1188,1189,1190,1191,1192,1193,1194,1195,1196,1197,1198,
143;0;7253;7391;0;17,18,19,20,21,22,23,24,25,26,27,28,29,30,31,32,33,34,35,36,37,38,39,40,41,42,43,70,71,72,92,105,106,150,151,155,176,185,186,194,197,198,224,226,229,388,390,400,437,442,444,445,447,448,537,538,646,649,847,871,914,991,1141,1182,1183,1184,1185,1186,1187,1188,1189,1190,1191,1192,1193,1194,1195,1196,1197,1198,
1;0;7391;7509;0;17,18,19,20,21,22,23,24,25,26,27,28,29,30,31,32,33,34,35,36,37,38,39,40,41,42,43,70,71,72,92,105,106,150,151,155,176,185,186,194,197,198,224,226,229,388,390,400,437,442,444,445,447,448,537,538,646,649,847,871,914,991,1141,1182,1183,1184,1185,1186,1187,1188,1189,1190,1191,1192,1193,1194,1195,1196,1197,1198,
253;1;7509;7550;0;17,18,19,20,21,22,23,24,25,26,27,28,29,30,31,32,33,34,35,36,37,38,39,40,41,42,43,70,71,72,92,105,106,150,151,155,176,185,186,187,188,189,190,191,192,193,194,197,198,224,226,229,388,390,400,437,442,444,445,447,448,537,538,646,649,847,871,914,991,1141,1182,1183,1184,1185,1186,1187,1188,1189,1190,1191,
62;0;7550;7697;0;17,18,19,20,21,22,23,24,25,26,27,28,29,30,31,32,33,34,35,36,37,38,39,40,41,42,43,70,71,72,92,105,106,150,151,155,176,185,186,187,188,189,190,191,192,193,194,197,198,224,226,229,388,390,400,437,442,444,445,447,448,537,538,646,649,847,871,914,991,1141,1182,1183,1184,1185,1186,1187,1188,1189,1190,1191,
482;0;7697;7738;0;17,18,19,20,21,22,23,24,25,26,27,28,29,30,31,32,33,34,35,36,37,38,39,40,41,42,43,70,71,72,92,105,106,150,151,155,165,176,185,186,187,188,189,190,194,197,198,224,226,229,385,386,387,388,389,390,391,392,393,394,395,396,397,398,399,400,401,437,442,444,445,447,448,537,538,646,649,991,1141,1190,
445;0;7738;7777;0;17,18,19,20,25,27,32,43,70,71,72,92,105,106,150,151,155,165,176,185,186,187,194,197,198,224,226,229,303,385,388,390,392,393,395,396,397,400,437,442,444,445,447,448,478,533,537,538,539,540,541,542,543,544,545,546,547,548,549,550,551,552,553,554,555,556,557,558,559,560,561,562,563,564,565,646,649,991,1141,1190,
308;1;7777;7942;0;32,43,48,70,71,72,94,105,115,150,151,186,187,194,197,198,224,227,245,246,247,249,303,397,438,442,445,448,478,533,537,538,539,540,541,542,543,544,545,546,547,548,549,550,551,552,553,554,555,556,557,558,559,560,561,562,563,564,565,646,649,864,867,949,1007,1165,1263,1264,1306,1307,1308,1309,1310,1311,1312,1313,1314,1315,1316,1317,
250;0;7942;7978;0;32,43,48,70,71,72,94,105,115,150,151,186,187,194,197,198,224,227,245,246,247,249,303,397,438,442,445,448,478,533,537,538,539,540,541,542,543,544,545,546,547,548,549,550,551,552,553,554,555,556,557,558,559,560,561,562,563,564,565,646,649,864,867,949,1007,1165,1263,1264,1306,1307,1308,1309,1310,1311,1312,1313,1314,1315,1316,1317,
602;0;7978;8002;0;32,43,48,70,71,72,94,105,115,150,151,186,187,194,197,198,224,227,245,246,247,249,303,397,438,442,445,448,478,533,537,538,539,540,541,542,543,544,545,546,547,548,549,550,551,552,553,554,555,556,557,558,559,560,561,562,563,564,565,646,649,864,867,949,1007,1165,1263,1264,1306,1307,1308,1309,1310,1311,1312,1313,1314,1315,1316,1317,
448;1;8002;8011;0;32,43,48,70,71,72,94,105,115,150,151,186,187,194,197,198,224,227,245,246,247,249,303,397,438,442,445,448,478,533,537,538,539,540,541,542,543,544,545,546,547,548,549,550,551,552,553,554,555,556,557,558,559,560,561,562,563,564,565,646,649,864,867,949,1007,1165,1263,1264,1306,1307,1308,1309,1310,1311,1312,1313,1314,1315,1316,1317,
522;0;8011;8015;0;32,43,48,70,71,72,94,105,115,150,151,186,187,194,197,198,224,227,245,246,247,249,303,397,438,442,445,448,478,533,537,538,539,540,541,542,543,544,545,546,547,548,549,550,551,552,553,554,555,556,557,558,559,560,561,562,563,564,565,646,649,864,867,949,1007,1165,1263,1264,1306,1307,1308,1309,1310,1311,1312,1313,1314,1315,1316,1317,
578;1;8640;8644;0;32,43,48,70,71,72,94,105,115,150,151,186,187,194,197,198,224,227,245,246,247,249,259,303,336,343,397,438,442,445,448,468,477,478,482,504,505,506,507,508,509,510,511,512,513,533,537,538,539,540,541,542,543,544,545,546,547,548,549,550,551,552,553,554,555,556,557,558,559,560,561,562,563,564,565,646,649,864,949,1007,
374;1;8644;8670;1;32,43,48,70,71,72,94,105,115,150,151,186,187,194,197,198,224,227,245,246,247,249,259,303,336,343,397,438,442,445,448,468,477,478,482,504,505,506,507,508,509,510,511,512,513,533,537,538,539,540,541,542,543,544,545,546,547,548,549,550,551,552,553,554,555,556,557,646,649,949,1007,1218,1219,1220,1221,1222,1223,1224,1225,1226,
703;0;8670;8874;0;32,43,48,70,71,72,94,105,115,150,151,186,187,194,197,198,224,227,245,246,247,249,259,303,336,343,397,438,442,445,448,468,477,478,482,504,505,506,507,508,509,510,511,512,513,533,537,538,539,540,541,542,543,544,545,546,547,548,549,550,551,552,553,554,555,556,557,646,649,949,1007,1218,1219,1220,1221,1222,1223,1224,1225,1226,
174;1;8874;8902;1;32,43,48,70,71,72,94,105,115,150,151,186,187,194,197,198,224,227,245,246,247,249,259,303,336,343,397,438,442,445,448,468,477,478,482,504,505,506,507,508,509,510,511,512,513,533,537,538,539,540,541,542,543,544,545,546,547,548,549,550,551,552,553,554,555,556,557,646,649,949,1007,1123,1124,1125,1218,1219,1220,1221,1222,1223,
589;1;8902;8932;1;32,43,48,70,71,72,94,105,115,150,151,186,187,194,197,198,224,227,245,246,247,249,259,303,336,343,397,428,438,442,445,448,468,477,478,482,497,504,505,506,507,508,509,510,511,512,513,533,537,538,539,540,541,542,543,544,545,546,547,548,549,555,606,607,608,609,610,611,612,613,614,615,616,646,649,949,1007,1123,1124,1125,
727;0;8932;9071;0;32,43,48,70,71,72,94,105,115,150,151,186,187,194,197,198,224,227,245,246,247,249,259,303,336,343,397,428,438,442,445,448,468,477,478,482,497,504,505,506,507,508,509,510,511,512,513,533,537,538,539,540,541,542,543,544,545,546,547,548,549,555,606,607,608,609,610,611,612,613,614,615,616,646,649,949,1007,1123,1124,1125,
351;1;9071;9102;1;32,43,48,70,71,72,94,105,115,148,150,151,186,187,194,197,198,224,227,245,246,247,249,259,303,336,343,371,397,428,438,442,443,445,448,468,477,478,482,497,504,505,506,507,508,509,510,511,512,513,533,537,538,539,540,541,543,544,555,613,646,649,802,857,949,1007,1123,1124,1125,1322,1432,1433,1434,1435,1436,1437,1438,1439,1440,1441,
521;1;9102;9135;1;32,43,48,70,71,72,94,105,115,125,127,129,133,148,150,151,186,187,194,197,198,224,227,245,246,249,252,259,320,327,343,366,371,397,421,428,438,442,443,445,449,497,505,506,533,543,601,613,621,622,646,649,722,796,802,857,1007,1203,1322,1432,1433,1434,1435,1436,1437,1438,1439,1440,1441,1442,1443,1444,1445,1446,1447,1448,1449,1450,1451,1452,
723;1;9135;9249;0;32,43,48,70,71,72,94,105,115,125,127,129,133,148,150,151,186,187,194,197,198,224,227,245,246,249,252,259,320,327,343,366,371,397,421,428,438,442,443,445,449,497,505,506,533,543,601,613,621,622,646,649,722,796,802,857,1007,1203,1322,1432,1433,1434,1435,1436,1437,1438,1439,1440,1441,1442,1443,1444,1445,1446,1447,1448,1449,1450,1451,1452,
86;1;9249;9283;1;32,43,48,70,71,72,94,105,115,125,127,129,133,138,148,150,151,186,194,197,198,224,227,245,246,249,252,259,320,327,342,343,346,347,366,371,397,405,428,438,442,443,445,497,506,520,530,532,533,543,613,621,622,626,646,649,780,802,814,815,816,817,818,819,820,821,822,857,1007,1322,1432,1433,1434,1435,1436,1437,1438,1439,1440,1441,
210;0;9283;9458;0;32,43,44,54,70,71,72,87,105,112,113,114,115,116,117,118,119,120,121,129,132,135,136,138,150,151,186,194,252,254,256,258,320,332,342,343,346,347,366,382,405,412,428,497,506,518,519,520,521,522,523,524,525,526,527,528,529,530,531,532,533,534,535,536,621,622,626,646,649,780,814,815,816,817,818,819,820,821,822,965,
116;1;9458;9505;1;32,43,44,54,70,71,72,87,105,112,113,114,115,116,117,118,119,120,121,129,132,135,136,138,150,151,186,194,252,254,256,258,320,332,342,343,346,347,366,382,405,412,428,497,506,518,519,520,521,522,523,524,525,526,527,528,529,530,531,532,533,534,535,536,621,622,626,646,649,780,814,815,816,817,818,819,820,821,822,965,
277;0;9505;9657;0;32,43,44,54,70,71,72,87,105,112,113,114,115,116,117,118,119,120,121,129,132,135,136,138,150,151,186,194,252,254,256,258,320,332,342,343,346,347,366,382,405,412,428,497,506,518,519,520,521,522,523,524,525,526,527,528,529,530,531,532,533,534,535,536,621,622,626,646,649,780,814,815,816,817,818,819,820,821,822,965,
302;0;9657;9809;0;32,43,44,54,70,71,72,87,105,112,113,114,115,116,117,118,119,120,121,129,132,135,136,138,150,151,186,194,252,254,256,258,320,332,342,343,346,347,366,382,405,412,428,497,506,518,519,520,521,522,523,524,525,526,527,528,529,530,531,532,533,534,535,536,621,622,626,646,649,780,814,815,816,817,818,819,820,821,822,965,
369;1;9809;9860;1;32,43,44,54,70,71,72,87,105,112,113,114,115,116,117,118,119,120,121,129,132,135,136,138,150,151,186,194,252,254,256,258,320,332,342,343,346,347,366,382,405,412,428,497,506,518,519,520,521,522,523,524,525,526,527,528,529,530,531,532,533,534,535,536,621,622,626,646,649,780,814,815,816,817,818,819,820,821,822,965,
434;1;9860;9912;1;32,43,44,54,70,71,72,87,105,112,113,114,115,116,117,118,119,120,121,129,132,135,136,138,150,151,186,194,252,254,256,258,320,332,342,343,346,347,366,382,405,412,428,497,506,518,519,520,521,522,523,524,525,526,527,528,529,530,531,532,533,534,535,536,621,622,626,646,649,780,814,815,816,817,818,819,820,821,822,965,
8;1;9912;10031;0;32,43,44,54,70,71,72,87,105,112,113,114,115,116,117,118,119,120,121,129,132,135,136,138,150,151,186,194,252,254,256,258,320,332,342,343,346,347,366,382,405,412,428,497,506,518,519,520,521,522,523,524,525,526,527,528,529,530,531,532,533,534,535,536,621,622,626,646,649,780,814,815,816,817,818,819,820,821,822,965,
Machine: 5
604;1;0;4;1;0,1,2,3,7,9,51,61,67,70,77,87,105,110,142,143,149,150,151,152,153,154,155,156,157,158,159,160,161,162,163,164,165,166,167,168,169,170,171,172,173,174,175,176,177,178,179,180,181,182,183,184,198,234,270,271,272,273,274,275,276,277,278,293,371,401,802,803,804,805,806,807,808,809,810,858,1119,1120,1121,1122,
173;1;4;162;0;0,1,2,3,7,9,51,61,67,70,77,87,105,110,142,143,149,150,151,152,153,154,155,156,157,158,159,160,161,162,163,164,165,166,167,168,169,170,171,172,173,174,175,176,177,178,179,180,181,182,183,184,198,234,270,271,272,273,274,275,276,277,278,293,371,401,802,803,804,805,806,807,808,809,810,858,1119,1120,1121,1122,
368;1;162;206;0;0,1,2,3,7,9,51,61,67,70,77,87,105,110,142,143,149,150,151,152,153,154,155,156,157,158,159,160,161,162,163,164,165,166,167,168,169,170,171,172,173,174,175,176,177,178,179,180,181,182,183,184,198,234,270,271,272,273,274,275,276,277,278,293,371,401,802,803,804,805,806,807,808,809,810,858,1119,1120,1121,1122,
706;1;206;211;1;0,1,2,3,7,9,51,61,67,70,77,87,105,110,142,143,149,150,151,152,153,154,155,156,157,158,159,160,161,162,163,164,165,166,167,168,169,170,171,172,173,174,175,176,177,178,179,180,181,182,183,184,198,234,270,271,272,273,274,275,276,277,278,293,371,401,802,803,804,805,806,807,808,809,810,858,1119,1120,1121,1122,
628;1;211;252;0;0,1,2,3,7,9,51,61,67,70,77,87,105,110,142,143,149,150,151,152,153,154,155,156,157,158,159,160,161,162,163,164,165,166,167,168,169,170,171,172,173,174,175,176,177,178,179,180,181,182,183,184,198,234,270,271,272,273,274,275,276,277,278,293,371,401,802,803,804,805,806,807,808,809,810,858,1119,1120,1121,1122,
169;1;252;262;1;0,1,2,3,7,9,51,61,67,70,77,87,105,110,142,143,149,150,151,152,153,154,155,156,157,158,159,160,161,162,163,164,165,166,167,168,169,170,171,172,173,174,175,176,177,178,179,180,181,182,183,184,198,234,270,271,272,273,274,275,276,277,278,293,371,401,802,803,804,805,806,807,808,809,810,858,1119,1120,1121,1122,
543;0;262;435;0;0,1,2,3,7,9,51,61,67,70,77,87,105,110,142,143,149,150,151,152,153,154,155,156,157,158,159,160,161,162,163,164,165,166,167,168,169,170,171,172,173,174,175,176,177,178,179,180,181,182,183,184,198,234,270,271,272,273,274,275,276,277,278,293,371,401,802,803,804,805,806,807,808,809,810,858,1119,1120,1121,1122,
427;0;435;574;0;0,1,2,3,7,9,51,61,67,70,77,87,105,110,142,143,149,150,151,152,153,154,155,156,157,158,159,160,161,162,163,164,165,166,167,168,169,170,171,172,173,174,175,176,177,178,179,180,181,182,183,184,198,234,270,271,272,273,274,275,276,277,278,293,371,401,802,803,804,805,806,807,808,809,810,858,1119,1120,1121,1122,
666;1;574;588;1;0,1,2,3,7,9,51,61,67,70,77,87,105,110,142,143,149,150,151,152,153,154,155,156,157,158,159,160,161,162,163,170,173,182,183,198,234,270,271,272,273,274,275,276,277,278,279,280,281,282,283,284,285,286,287,288,289,290,291,292,293,294,295,296,371,401,802,803,804,805,806,807,808,809,810,858,1119,1120,1121,1122,
530;0;588;671;0;0,1,2,3,7,9,51,61,67,70,77,87,105,110,142,143,149,150,151,152,153,154,155,156,157,158,159,160,161,162,163,170,173,182,183,198,234,270,271,272,273,274,275,276,277,278,279,280,281,282,283,284,285,286,287,288,289,290,291,292,293,294,295,296,371,401,802,803,804,805,806,807,808,809,810,858,1119,1120,1121,1122,
371;1;671;689;1;0,1,2,3,7,9,32,51,61,67,70,77,87,105,110,143,149,150,151,153,155,156,157,159,173,182,183,198,234,270,271,272,273,274,275,276,277,278,279,280,281,282,283,284,285,286,287,288,289,290,291,292,293,294,295,296,371,401,605,802,803,804,805,806,858,935,961,1098,1099,1100,1101,1102,1103,1104,1105,1106,1119,1120,1121,1122,
553;1;689;823;0;0,1,2,3,27,32,70,105,130,133,135,138,149,150,151,153,156,157,185,186,198,264,307,316,336,368,371,408,472,485,519,596,605,613,622,625,626,627,639,710,713,717,721,781,798,898,931,935,943,944,945,946,947,948,961,1063,1098,1099,1100,1101,1102,1103,1104,1105,1106,1203,1204,1205,1206,1207,1208,1209,1210,1211,1212,1213,1214,1215,1216,1217,
198;1;823;901;0;0,1,2,3,27,32,70,105,130,133,135,138,149,150,151,153,156,157,185,186,198,264,307,316,336,368,371,408,472,485,519,596,605,613,622,625,626,627,639,710,713,717,721,781,798,898,931,935,943,944,945,946,947,948,961,1063,1098,1099,1100,1101,1102,1103,1104,1105,1106,1203,1204,1205,1206,1207,1208,1209,1210,1211,1212,1213,1214,1215,1216,1217,
614;1;901;921;1;0,1,2,3,27,32,70,105,130,133,135,138,149,150,151,153,156,157,185,186,198,264,307,316,336,368,371,408,472,485,519,596,605,613,622,625,626,627,639,710,713,717,721,781,798,898,931,935,943,944,945,946,947,948,961,1063,1098,1099,1100,1101,1102,1103,1104,1105,1106,1203,1204,1205,1206,1207,1208,1209,1210,1211,1212,1213,1214,1215,1216,1217,
181;1;921;942;1;0,1,2,3,27,32,70,105,130,133,135,138,149,150,151,153,156,157,185,186,198,264,307,316,336,368,371,408,472,485,519,596,605,613,622,625,626,627,639,710,713,717,721,781,798,898,931,935,943,944,945,946,947,948,961,1063,1098,1099,1100,1101,1102,1103,1104,1105,1106,1203,1204,1205,1206,1207,1208,1209,1210,1211,1212,1213,1214,1215,1216,1217,
609;1;942;966;1;0,1,2,3,27,32,70,105,130,133,135,138,149,150,151,153,156,157,185,186,198,264,307,316,336,368,371,408,472,485,519,596,605,613,622,625,626,627,639,710,713,717,721,781,798,898,931,935,943,944,945,946,947,948,961,1063,1098,1099,1100,1101,1102,1103,1104,1105,1106,1203,1204,1205,1206,1207,1208,1209,1210,1211,1212,1213,1214,1215,1216,1217,
660;0;966;998;0;0,1,2,3,27,32,70,105,130,133,135,138,149,150,151,153,156,157,185,186,198,264,307,316,336,368,371,408,472,485,519,596,605,613,622,625,626,627,639,710,713,717,721,781,798,898,931,935,943,944,945,946,947,948,961,1063,1098,1099,1100,1101,1102,1103,1104,1105,1106,1203,1204,1205,1206,1207,1208,1209,1210,1211,1212,1213,1214,1215,1216,1217,
399;1;1440;1466;1;0,1,2,3,27,32,38,70,105,130,133,135,138,149,150,151,153,156,157,186,198,264,307,316,336,352,368,371,408,472,519,546,554,613,622,625,626,627,639,704,705,706,707,708,709,710,711,712,713,714,715,716,717,718,719,720,721,781,798,931,935,943,947,961,1063,1203,1204,1205,1206,1207,1208,1209,1210,1211,1212,1213,1214,1215,1216,1217,
491;1;1466;1499;1;0,1,2,3,27,32,38,70,105,130,133,135,138,149,150,151,153,156,157,186,198,264,307,316,336,352,368,371,408,428,472,497,519,546,554,606,607,608,609,610,611,612,613,614,615,616,622,625,626,627,639,704,705,706,716,717,721,781,798,931,935,943,947,961,1063,1203,1204,1205,1206,1207,1208,1209,1210,1211,1212,1213,1214,1215,1216,1217,
394;1;1499;1538;1;0,1,2,3,27,32,38,48,70,71,72,105,106,130,133,135,138,149,150,151,153,156,157,186,194,195,196,197,198,223,224,225,226,227,228,229,264,307,316,336,352,368,371,393,402,408,428,436,437,438,439,440,441,442,443,444,445,446,447,472,497,519,546,622,625,626,627,639,716,717,721,781,798,931,935,943,947,961,1063,1203,
357;0;1538;1637;0;0,1,2,3,27,32,38,48,70,71,72,105,106,130,133,135,138,149,150,151,153,156,157,186,194,195,196,197,198,223,224,225,226,227,228,229,264,307,316,336,352,368,371,393,402,408,428,436,437,438,439,440,441,442,443,444,445,446,447,472,497,519,546,622,625,626,627,639,716,717,721,781,798,931,935,943,947,961,1063,1203,
101;1;1637;1678;1;0,1,2,3,27,32,38,48,70,71,72,105,106,130,133,135,138,149,150,151,153,156,157,186,194,195,196,197,198,223,224,225,229,264,307,316,336,352,368,371,393,402,408,428,436,438,439,440,444,445,447,472,497,519,546,622,625,626,627,639,716,717,721,781,798,874,899,900,901,902,903,904,905,931,935,943,947,961,1063,1203,
166;1;1678;1722;1;0,1,2,3,27,32,38,48,70,71,72,105,106,130,133,135,138,149,150,151,153,156,186,194,195,196,197,198,224,225,229,264,307,316,336,352,368,393,402,408,428,436,438,439,440,444,445,447,472,497,519,546,622,625,626,627,639,716,717,781,798,874,931,935,943,947,961,1063,1107,1108,1109,1110,1111,1112,1113,1114,1115,1116,1117,1118,
347;0;1722;1894;0;0,1,2,3,27,32,38,48,70,71,72,105,106,130,133,135,138,149,150,151,153,156,186,194,195,196,197,198,224,225,229,264,307,316,336,352,368,393,402,408,428,436,438,439,440,444,445,447,472,497,519,546,622,625,626,627,639,716,717,781,798,874,931,935,943,947,961,1063,1107,1108,1109,1110,1111,1112,1113,1114,1115,1116,1117,1118,
141;1;1894;1938;1;0,1,2,3,7,9,32,48,67,70,71,72,77,105,106,135,138,149,150,151,153,156,186,194,195,196,197,198,224,225,229,264,270,271,272,273,274,275,276,277,278,279,280,281,282,283,284,285,286,287,288,289,290,291,292,293,294,295,296,316,336,352,368,393,402,428,436,438,439,440,444,445,497,546,716,874,943,947,961,1063,
6;1;1938;1986;1;0,1,2,3,7,9,32,48,67,70,71,72,77,93,105,106,135,138,149,150,151,153,156,186,194,195,196,197,198,224,225,229,264,270,271,272,273,274,275,276,277,278,279,280,281,282,283,284,285,286,287,288,289,290,291,292,293,294,295,316,336,352,368,393,402,428,436,438,439,440,444,445,497,546,716,874,943,947,961,1063,
678;0;1986;2228;0;32,48,50,58,70,71,72,105,106,138,143,147,149,150,151,153,194,195,196,197,198,225,229,233,235,252,253,263,264,265,269,320,332,337,345,388,436,438,439,484,497,567,568,569,570,571,572,573,574,575,576,577,578,579,580,581,582,583,584,585,586,587,651,662,663,664,665,666,667,864,865,866,867,868,869,870,871,872,873,874,
483;0;2228;2494;0;32,48,50,58,70,71,72,105,106,138,143,147,149,150,151,153,194,195,196,197,198,225,229,233,235,252,253,263,264,265,269,320,332,337,345,388,436,438,439,484,497,567,568,569,570,571,572,573,574,575,576,577,578,579,580,581,582,583,584,585,586,587,651,662,663,664,665,666,667,864,865,866,867,868,869,870,871,872,873,874,
348;0;2494;2711;0;32,48,50,58,70,71,72,105,106,138,143,147,149,150,151,153,194,195,196,197,198,225,229,233,235,252,253,263,264,265,269,320,332,337,345,388,436,438,439,484,497,567,568,569,570,571,572,573,574,575,576,577,578,579,580,581,582,583,584,585,586,587,651,662,663,664,665,666,667,864,865,866,867,868,869,870,871,872,873,874,
48;0;2711;2925;0;32,48,50,58,70,71,72,105,106,138,143,147,149,150,151,153,194,195,196,197,198,225,229,233,235,252,253,263,264,265,269,320,332,337,345,388,436,438,439,484,497,567,568,569,570,571,572,573,574,575,576,577,578,579,580,581,582,583,584,585,586,587,651,662,663,664,665,666,667,864,865,866,867,868,869,870,871,872,873,874,
137;0;2925;3105;0;32,42,48,58,61,70,71,72,105,106,138,143,147,149,150,151,153,155,173,182,183,194,195,196,197,198,199,200,201,202,203,204,205,206,207,208,209,210,211,212,213,214,215,216,217,218,219,220,221,222,225,229,233,235,252,253,263,264,265,269,320,332,337,345,388,436,438,439,484,497,651,662,663,664,665,666,667,871,872,874,
13;0;3105;3394;0;32,42,48,58,61,70,71,72,105,106,138,143,147,149,150,151,153,155,173,182,183,194,195,196,197,198,199,200,201,202,203,204,205,206,207,208,209,210,211,212,213,214,215,216,217,218,219,220,221,222,225,229,233,235,252,253,263,264,265,269,320,332,337,345,388,436,438,439,484,497,651,662,663,664,665,666,667,871,872,874,
340;0;3394;3570;0;32,42,48,58,61,70,71,72,105,106,138,143,147,149,150,151,153,155,173,182,183,194,195,196,197,198,199,200,201,202,203,204,205,206,207,208,209,210,211,217,219,220,225,229,233,235,252,253,263,264,265,269,320,332,337,340,345,388,436,438,439,482,484,497,505,651,662,663,664,665,666,667,871,872,874,875,876,877,878,879,
748;0;3570;3797;0;25,32,34,43,70,93,138,151,277,300,309,316,340,348,355,388,396,482,505,546,716,874,875,876,877,878,879,930,947,960,964,1003,1039,1040,1041,1042,1043,1044,1045,1046,1047,1048,1049,1050,1051,1052,1053,1054,1055,1056,1057,1058,1059,1060,1061,1062,1063,1064,1065,1066,1067,1068,1069,1070,1071,1072,1073,1074,1075,1076,1137,1170,1171,1172,1173,1174,1175,1176,1177,1178,
720;0;3797;3971;0;25,32,34,43,70,93,138,151,277,300,309,316,340,348,355,388,396,482,505,546,716,874,875,876,877,878,879,930,947,960,964,1003,1039,1040,1041,1042,1043,1044,1045,1046,1047,1048,1049,1050,1051,1052,1053,1054,1055,1056,1057,1058,1059,1060,1061,1062,1063,1064,1065,1066,1067,1068,1069,1070,1071,1072,1073,1074,1075,1076,1137,1170,1171,1172,1173,1174,1175,1176,1177,1178,
238;0;3971;4138;0;25,32,34,43,70,93,138,151,277,300,309,316,340,348,355,388,396,482,505,546,716,874,875,876,877,878,879,930,947,960,964,1003,1039,1040,1041,1042,1043,1044,1045,1046,1047,1048,1049,1050,1051,1052,1053,1054,1055,1056,1057,1058,1059,1060,1061,1062,1063,1064,1065,1066,1067,1068,1069,1070,1071,1072,1073,1074,1075,1076,1137,1170,1171,1172,1173,1174,1175,1176,1177,1178,
503;1;4138;4295;0;25,32,34,43,70,93,138,151,277,300,309,316,340,348,355,388,396,482,505,546,716,874,875,876,877,878,879,930,947,960,964,1003,1039,1040,1041,1042,1043,1044,1045,1046,1047,1048,1049,1050,1051,1052,1053,1054,1055,1056,1057,1058,1059,1060,1061,1062,1063,1064,1065,1066,1067,1068,1069,1070,1071,1072,1073,1074,1075,1076,1137,1170,1171,1172,1173,1174,1175,1176,1177,1178,
138;0;4320;4470;0;25,32,34,43,70,93,132,138,140,151,186,277,300,309,316,327,335,340,348,355,366,382,388,396,406,482,505,546,716,874,875,876,877,878,879,930,947,960,964,1003,1028,1039,1040,1041,1042,1043,1044,1045,1046,1047,1048,1049,1050,1051,1052,1053,1054,1055,1056,1057,1058,1059,1060,1061,1062,1063,1064,1065,1066,1067,1068,1069,1070,1071,1072,1073,1074,1075,1076,1137,
538;0;4470;4619;0;25,32,34,43,70,88,93,132,138,140,151,186,234,277,300,309,316,327,335,340,348,355,366,382,388,396,406,482,505,546,716,803,845,846,847,848,849,850,851,852,853,854,855,856,857,858,859,860,861,862,863,874,875,876,877,878,879,930,947,960,964,1003,1028,1039,1040,1041,1042,1043,1044,1045,1046,1047,1048,1049,1050,1051,1052,1063,1066,1137,
453;0;4619;4761;0;25,32,34,43,70,88,93,132,138,140,151,153,186,234,277,300,309,316,327,335,340,348,355,366,382,388,393,396,402,406,436,444,482,505,546,716,777,803,845,846,847,848,849,850,851,852,853,854,855,856,857,858,859,860,861,862,863,874,875,876,877,878,879,930,947,960,964,1003,1028,1039,1040,1041,1042,1043,1044,1045,1046,1063,1066,1137,
33;1;4761;4900;0;25,32,34,43,70,88,93,132,138,140,151,153,186,234,263,277,300,309,316,327,335,336,340,345,348,355,366,382,388,393,396,402,406,410,420,421,422,436,444,482,505,546,716,777,803,845,846,847,848,849,850,851,852,853,854,855,856,857,858,859,860,861,862,863,874,875,876,877,878,879,930,947,960,964,1003,1028,1039,1063,1066,1137,
518;1;4900;5038;0;25,32,34,43,70,88,93,132,138,140,151,153,186,234,263,277,300,301,309,316,327,335,336,340,345,348,349,350,351,352,353,354,355,356,357,358,359,360,361,362,363,364,365,366,367,368,382,388,393,396,402,406,410,420,421,422,436,444,482,505,546,716,777,803,845,846,847,857,858,860,875,930,947,960,964,1003,1028,1063,1066,1137,
233;1;5038;5216;0;32,70,71,94,95,96,97,98,99,100,101,102,103,104,105,106,119,132,138,140,148,186,263,301,327,335,336,340,345,348,349,350,351,352,353,354,355,356,357,358,359,360,361,362,363,364,365,366,367,368,388,393,396,402,537,538,539,542,543,636,829,830,831,832,833,834,835,836,837,838,839,840,841,842,843,844,960,964,1003,1430,
437;0;5216;5352;0;32,70,71,94,95,96,97,98,99,100,101,102,103,104,105,106,119,132,138,140,148,186,263,301,327,335,336,340,345,348,349,350,351,352,353,354,355,356,357,358,359,360,361,362,363,364,365,366,367,368,388,393,396,402,537,538,539,542,543,636,829,830,831,832,833,834,835,836,837,838,839,840,841,842,843,844,960,964,1003,1430,
392;0;5352;5483;0;32,70,71,94,95,96,97,98,99,100,101,102,103,104,105,106,119,132,138,140,148,186,263,301,327,335,336,340,345,348,349,350,351,352,353,354,355,356,357,358,359,360,361,362,363,364,365,366,367,368,388,393,396,402,537,538,539,542,543,636,829,830,831,832,833,834,835,836,837,838,839,840,841,842,843,844,960,964,1003,1430,
692;0;5760;5881;0;32,48,70,71,72,94,95,96,97,98,99,100,101,102,103,104,105,106,119,132,138,140,148,150,156,159,186,196,199,224,263,301,327,335,336,340,345,348,349,350,351,352,353,358,360,364,366,368,388,393,396,402,438,440,537,538,539,542,543,636,829,960,964,1003,1310,1434,1509,1510,1511,1512,1513,1514,1515,1516,1517,1518,1519,1520,1521,1522,
473;1;5881;5990;0;32,44,45,48,70,71,72,94,95,96,97,98,99,100,101,102,103,104,105,106,119,132,138,140,148,150,156,159,186,196,199,224,230,263,301,327,335,336,340,345,348,349,350,351,352,353,358,360,364,366,368,388,390,392,393,395,396,402,438,440,537,538,539,542,543,636,829,960,964,1003,1190,1231,1232,1233,1310,1434,1509,1510,1511,1512,
450;0;5990;6142;0;32,44,45,48,70,71,72,94,95,96,97,98,99,100,101,102,103,104,105,106,119,132,138,140,148,150,156,159,186,196,199,224,230,263,301,327,335,336,340,345,348,349,350,351,352,353,358,360,364,366,368,388,390,392,393,395,396,402,438,440,537,538,539,542,543,636,829,960,964,1003,1190,1231,1232,1233,1310,1434,1509,1510,1511,1512,
388;1;6142;6239;0;32,44,45,48,70,71,72,94,95,96,97,98,99,100,101,102,103,104,105,106,119,132,138,140,148,150,156,159,186,196,199,224,230,263,301,327,335,336,340,345,348,349,350,351,352,353,358,360,364,366,368,388,390,392,393,395,396,402,438,440,537,538,539,542,543,636,698,699,700,701,702,703,829,960,964,1003,1190,1231,1310,1434,
388;0;6239;6498;0;32,46,53,58,70,71,72,94,95,96,97,98,99,100,101,102,103,104,105,106,115,128,135,138,186,197,245,246,247,248,249,250,251,252,253,254,255,256,257,258,259,260,261,262,263,264,265,266,267,268,269,279,334,335,336,337,338,339,340,341,342,343,344,345,346,347,414,543,698,699,700,701,702,703,960,964,1002,1003,1004,1005,
68;0;6498;6713;0;32,46,53,58,70,71,72,94,95,96,97,98,99,100,101,102,103,104,105,106,115,128,135,138,186,197,245,246,247,248,249,250,251,252,253,254,255,256,257,258,259,260,261,262,263,264,265,266,267,268,269,279,334,335,336,337,338,339,340,341,342,343,344,345,346,347,414,543,698,699,700,701,702,703,960,964,1002,1003,1004,1005,
405;0;6713;6875;0;32,46,53,58,70,71,72,94,95,96,97,98,99,100,101,102,103,104,105,106,115,128,135,138,186,197,245,246,247,248,249,250,251,252,253,254,255,256,257,258,259,260,261,262,263,264,265,266,267,268,269,279,334,335,336,337,338,339,340,341,342,343,344,345,346,347,414,543,698,699,700,701,702,703,960,964,1002,1003,1004,1005,
460;0;6875;6972;0;32,46,53,58,70,71,72,94,95,96,97,98,99,100,101,102,103,104,105,106,115,128,135,138,186,197,245,246,247,248,249,250,251,252,253,254,255,256,257,258,259,260,261,262,263,264,265,266,267,268,269,279,334,335,336,337,338,339,340,341,342,343,344,345,346,347,414,543,698,699,700,701,702,703,960,964,1002,1003,1004,1005,
402;0;6972;7068;0;32,46,53,58,70,71,72,94,95,96,97,98,99,100,101,102,103,104,105,106,115,128,135,138,186,197,245,246,247,248,249,250,251,252,253,254,255,256,257,258,259,260,261,262,263,264,265,266,267,268,269,279,334,335,336,337,338,339,340,341,342,343,344,345,346,347,414,543,698,699,700,701,702,703,960,964,1002,1003,1004,1005,
303;0;7068;7260;0;32,46,53,58,70,71,72,94,95,96,97,98,99,100,101,102,103,104,105,106,115,128,135,138,186,197,245,246,247,248,249,250,251,252,253,254,255,256,257,258,259,260,261,262,263,264,265,266,267,268,269,279,334,335,336,337,338,339,340,341,342,343,344,345,346,347,414,543,698,699,700,701,702,703,960,964,1002,1003,1004,1005,
303;1;7260;7379;0;32,46,53,58,70,71,72,94,95,96,97,98,99,100,101,102,103,104,105,106,115,128,135,138,186,197,245,246,247,248,249,250,251,252,253,254,255,256,257,258,259,260,261,262,263,264,265,266,267,268,269,279,334,335,336,337,338,339,340,341,342,343,344,345,346,347,414,543,698,699,700,701,702,703,960,964,1002,1003,1004,1005,
642;0;7379;7475;0;32,46,53,58,70,71,72,94,95,96,97,98,99,100,101,102,103,104,105,106,115,128,135,138,186,197,245,246,247,248,249,250,251,252,253,254,255,256,257,258,259,260,261,262,263,264,265,266,267,268,269,279,334,335,336,337,338,339,340,341,342,343,344,345,346,347,414,543,698,699,700,701,702,703,960,964,1002,1003,1004,1005,
203;1;7475;7563;0;32,46,53,58,70,71,72,94,95,96,97,98,99,100,101,102,103,104,105,106,115,128,135,138,186,197,245,246,247,248,249,250,251,252,253,254,255,256,257,258,259,260,261,262,263,264,265,266,267,268,269,279,334,335,336,337,338,339,340,341,342,343,344,345,346,347,414,543,698,699,700,701,702,703,960,964,1002,1003,1004,1005,
15;0;7563;7694;0;32,46,53,58,70,71,72,94,95,96,97,98,99,100,101,102,103,104,105,106,115,128,135,138,186,197,245,246,247,248,249,250,251,252,253,254,255,256,257,258,259,260,261,262,263,264,265,266,267,268,269,279,334,335,336,337,338,339,340,341,342,343,344,345,346,347,414,543,698,699,700,701,702,703,960,964,1002,1003,1004,1005,
732;0;7694;7825;0;32,46,53,58,70,71,72,94,95,96,97,98,99,100,101,102,103,104,105,106,115,128,135,138,186,197,245,246,247,248,249,250,251,252,253,254,255,256,257,258,259,260,261,262,263,264,265,266,267,268,269,279,334,335,336,337,338,339,340,341,342,343,344,345,346,347,414,543,698,699,700,701,702,703,960,964,1002,1003,1004,1005,
577;0;7825;7903;0;32,46,53,58,70,71,72,94,95,96,97,98,99,100,101,102,103,104,105,106,115,128,135,138,186,197,245,246,247,248,249,250,251,252,253,254,255,256,257,258,259,260,261,262,263,264,265,266,267,268,269,279,334,335,336,337,338,339,340,341,342,343,344,345,346,347,414,543,698,699,700,701,702,703,960,964,1002,1003,1004,1005,
132;0;7903;7980;0;0,2,3,5,32,70,71,72,94,95,96,97,98,99,100,101,102,103,104,105,106,110,128,129,135,147,150,156,197,198,224,229,237,252,253,254,255,256,257,258,259,260,261,262,263,299,320,332,343,428,438,445,447,449,450,451,452,453,454,455,456,457,458,459,514,515,516,517,543,660,661,943,960,961,962,963,964,984,1006,1007,
635;0;7980;8057;0;0,2,3,5,32,70,71,72,94,95,96,97,98,99,100,101,102,103,104,105,106,110,128,129,135,147,150,156,197,198,224,229,237,252,253,254,255,256,257,258,259,260,261,262,263,299,320,332,343,428,438,445,447,449,450,451,452,453,454,455,456,457,458,459,514,515,516,517,543,660,661,943,960,961,962,963,964,984,1006,1007,
685;0;8057;8133;0;0,2,3,5,32,70,71,72,94,95,96,97,98,99,100,101,102,103,104,105,106,110,128,129,135,147,150,156,197,198,224,229,237,252,253,254,255,256,257,258,259,260,261,262,263,299,320,332,343,428,438,445,447,449,450,451,452,453,454,455,456,457,458,459,514,515,516,517,543,660,661,943,960,961,962,963,964,984,1006,1007,
38;1;8133;8253;0;0,2,3,5,32,70,71,72,94,95,96,97,98,99,100,101,102,103,104,105,106,110,128,129,135,147,150,156,197,198,224,229,237,252,253,254,255,256,257,258,259,260,261,262,263,299,320,332,343,428,438,445,447,449,450,451,452,453,454,455,456,457,458,459,514,515,516,517,543,660,661,943,960,961,962,963,964,984,1006,1007,
313;1;8253;8326;0;0,2,3,5,32,70,71,72,94,95,96,97,98,99,100,101,102,103,104,105,106,110,128,129,135,147,150,156,197,198,224,229,237,252,253,254,255,256,257,258,259,260,261,262,263,299,320,332,343,428,438,445,447,449,450,451,452,453,454,455,456,457,458,459,514,515,516,517,543,660,661,943,960,961,962,963,964,984,1006,1007,
548;1;8326;8441;0;0,2,3,5,32,70,71,72,94,95,96,97,98,99,100,101,102,103,104,105,106,110,128,129,135,147,150,156,197,198,224,229,237,252,253,254,255,256,257,258,259,260,261,262,263,299,320,332,343,428,438,445,447,449,450,451,452,453,454,455,456,457,458,459,514,515,516,517,543,660,661,943,960,961,962,963,964,984,1006,1007,
42;0;8441;8512;0;0,2,3,5,32,70,71,72,94,95,96,97,98,99,100,101,102,103,104,105,106,110,128,129,135,147,150,156,197,198,224,229,237,252,253,254,255,256,257,258,259,260,261,262,263,299,320,332,343,428,438,445,447,449,450,451,452,453,454,455,456,457,458,459,514,515,516,517,543,660,661,943,960,961,962,963,964,984,1006,1007,
208;0;8640;8706;0;0,2,3,5,32,70,71,72,94,95,96,97,98,99,100,101,102,103,104,105,106,110,128,129,135,147,150,156,197,198,224,229,237,252,253,254,255,256,257,258,259,260,261,262,263,264,265,266,267,268,269,299,320,332,343,404,428,438,445,447,449,450,451,452,453,454,455,456,457,458,459,514,515,517,543,943,960,961,984,1007,
83;1;8706;8770;0;0,2,32,70,71,72,94,95,96,97,98,99,100,101,102,103,104,105,106,110,123,125,129,135,186,252,253,254,256,258,261,263,264,265,269,299,317,320,327,332,335,336,341,343,344,345,428,465,519,543,621,626,639,778,779,780,781,782,783,784,785,786,787,788,789,790,791,792,793,794,795,796,797,798,799,800,801,960,961,1007,
508;1;8770;8847;0;0,2,32,70,71,72,94,95,96,97,98,99,100,101,102,103,104,105,106,110,123,125,129,135,186,252,253,254,256,258,261,263,264,265,269,299,317,320,327,332,335,336,341,343,344,345,428,465,519,543,621,626,639,778,779,780,781,782,783,784,785,786,787,788,789,790,791,792,793,794,795,796,797,798,799,800,801,960,961,1007,
245;0;8847;8907;0;0,2,32,70,71,72,94,95,96,97,98,99,100,101,102,103,104,105,106,110,123,125,129,135,186,252,253,254,256,258,261,263,264,265,269,299,317,320,327,332,335,336,341,343,344,345,428,465,519,543,621,626,639,778,779,780,781,782,783,784,785,786,787,788,789,790,796,798,960,961,1007,1218,1219,1220,1221,1222,1223,1224,1225,1226,
378;0;8907;9089;0;0,2,32,70,71,72,94,95,96,97,98,99,100,101,102,103,104,105,106,110,123,125,129,135,186,252,253,254,256,258,261,263,264,265,269,299,317,320,327,332,335,336,341,343,344,345,428,465,519,543,621,626,639,778,779,780,781,782,783,784,785,786,787,788,789,790,796,798,960,961,1007,1218,1219,1220,1221,1222,1223,1224,1225,1226,
703;1;9089;9233;0;0,2,32,70,71,72,94,95,96,97,98,99,100,101,102,103,104,105,106,110,123,125,129,135,186,252,253,254,256,258,261,263,264,265,269,299,317,320,327,332,335,336,341,343,344,345,428,465,519,543,621,626,639,778,779,780,781,782,783,784,785,786,787,788,789,790,796,798,960,961,1007,1218,1219,1220,1221,1222,1223,1224,1225,1226,
318;1;9233;9286;0;0,2,32,70,71,72,94,95,96,97,98,99,100,101,102,103,104,105,106,110,123,125,129,132,135,140,186,252,253,254,256,258,261,263,264,265,269,299,317,320,327,332,335,336,341,343,344,345,382,383,384,428,465,519,543,621,626,639,778,779,780,781,782,783,784,785,786,787,788,789,790,796,798,960,961,1007,1218,1219,1220,1221,
160;0;9286;9337;0;0,2,32,70,71,72,94,95,96,97,98,99,100,101,102,103,104,105,106,110,123,125,129,132,135,140,186,252,253,254,256,258,261,263,264,265,269,299,317,320,327,332,335,336,337,341,343,344,345,382,383,384,428,465,484,497,519,543,621,626,639,651,662,663,664,665,666,667,778,779,780,781,782,783,796,798,906,960,961,1007,
215;0;9337;9387;0;0,2,25,32,34,35,70,71,72,94,95,96,97,98,99,100,101,102,103,104,105,106,107,108,109,110,111,129,132,135,138,186,254,256,258,261,297,298,299,300,301,302,303,304,305,306,307,308,309,327,332,335,336,345,382,428,448,478,519,527,537,538,543,545,626,636,780,829,960,961,993,994,995,996,997,998,999,1000,1001,1007,
633;1;9387;9423;0;0,2,25,32,34,35,70,71,72,94,95,96,97,98,99,100,101,102,103,104,105,106,107,108,109,110,111,129,132,135,138,186,254,256,258,261,297,298,299,300,301,302,303,304,305,306,307,308,309,327,332,335,336,345,382,428,448,478,519,527,537,538,543,545,626,636,780,829,960,961,993,994,995,996,997,998,999,1000,1001,1007,
153;1;9423;9457;0;0,2,25,32,34,35,70,71,72,94,95,96,97,98,99,100,101,102,103,104,105,106,107,108,109,110,111,129,132,135,138,186,254,256,258,261,297,298,299,300,301,302,303,304,305,306,307,308,309,327,332,335,336,345,382,428,448,478,519,527,537,538,543,545,626,636,780,829,960,961,993,994,995,996,997,998,999,1000,1001,1007,
7;0;9457;9488;0;0,2,25,32,34,35,70,71,72,94,95,96,97,98,99,100,101,102,103,104,105,106,107,108,109,110,111,129,132,135,138,186,254,256,258,261,297,298,299,300,301,302,303,304,305,306,307,308,309,327,332,335,336,345,382,428,448,478,519,527,537,538,543,545,626,636,780,829,960,961,993,994,995,996,997,998,999,1000,1001,1007,
END
fineshedJobsCount: 520
switchs: 4683
switchsInstances: 229
unfineshedPriorityCount: 174
finalSolution: 3407
totalUnfineshed: 681
Time: 85
