./input/BaseInstances/6M1/n=1201,r=0.6,t=1525,v0.txt;
7;720;1440
Machine: 0
244;0;0;102;1;32,44,54,70,71,87,93,94,95,96,97,98,99,100,101,102,103,104,105,106,110,112,113,114,115,116,117,118,119,120,121,132,135,138,140,147,148,153,185,186,264,327,334,335,336,342,346,347,378,379,380,381,382,383,384,393,402,403,412,428,436,444,498,617,627,677,728,777,821,823,824,825,826,898,984,1006,1007,1153,1154,1165,
244;1;102;127;1;32,44,54,70,71,87,93,94,95,96,97,98,99,100,101,102,103,104,105,106,110,112,113,114,115,116,117,118,119,120,121,132,135,138,140,147,148,153,185,186,264,327,334,335,336,342,346,347,378,379,380,381,382,383,384,393,402,403,412,428,436,444,498,617,627,677,728,777,821,823,824,825,826,898,984,1006,1007,1153,1154,1165,
250;0;127;163;0;32,44,54,70,71,87,93,94,95,96,97,98,99,100,101,102,103,104,105,106,110,112,113,114,115,116,117,118,119,120,121,132,135,138,140,147,148,153,185,186,264,327,334,335,336,342,346,347,378,379,380,381,382,383,384,393,402,403,412,428,436,444,498,617,627,677,728,777,821,823,824,825,826,898,984,1006,1007,1153,1154,1165,
222;0;163;193;0;32,44,54,70,71,87,93,94,95,96,97,98,99,100,101,102,103,104,105,106,110,112,113,114,115,116,117,118,119,120,121,132,135,138,140,147,148,153,185,186,264,327,334,335,336,342,346,347,378,379,380,381,382,383,384,393,402,403,412,428,436,444,498,617,627,677,728,777,821,823,824,825,826,898,984,1006,1007,1153,1154,1165,
47;0;193;337;0;32,44,54,70,71,87,93,94,95,96,97,98,99,100,101,102,103,104,105,106,110,112,113,114,115,116,117,118,119,120,121,132,135,138,140,147,148,153,185,186,264,327,334,335,336,342,346,347,378,379,380,381,382,383,384,393,402,403,412,428,436,444,498,617,627,677,728,777,821,823,824,825,826,898,984,1006,1007,1153,1154,1165,
581;0;337;493;1;32,44,54,70,71,87,93,94,95,96,97,98,99,100,101,102,103,104,105,106,110,112,113,114,115,116,117,118,119,120,121,132,135,138,140,147,148,153,185,186,264,327,334,335,336,342,346,347,378,379,380,381,382,383,384,393,402,403,412,428,436,444,498,617,627,677,728,777,821,823,824,825,826,898,984,1006,1007,1153,1154,1165,
581;1;493;528;1;32,44,54,70,71,87,93,94,95,96,97,98,99,100,101,102,103,104,105,106,110,112,113,114,115,116,117,118,119,120,121,132,135,138,140,147,148,153,185,186,264,327,334,335,336,342,346,347,378,379,380,381,382,383,384,393,402,403,412,428,436,444,498,617,627,677,728,777,821,823,824,825,826,898,984,1006,1007,1153,1154,1165,
571;0;528;664;1;32,44,54,70,71,87,93,94,95,96,97,98,99,100,101,102,103,104,105,106,110,112,113,114,115,116,117,118,119,120,121,132,135,138,140,147,148,153,185,186,264,327,334,335,336,342,346,347,378,379,380,381,382,383,384,393,402,403,412,428,436,444,498,617,627,677,728,777,821,823,824,825,826,898,984,1006,1007,1153,1154,1165,
571;1;664;700;1;32,44,54,70,71,87,93,94,95,96,97,98,99,100,101,102,103,104,105,106,110,112,113,114,115,116,117,118,119,120,121,132,135,138,140,147,148,153,185,186,264,327,334,335,336,342,346,347,378,379,380,381,382,383,384,393,402,403,412,428,436,444,498,617,627,677,728,777,821,823,824,825,826,898,984,1006,1007,1153,1154,1165,
393;0;700;769;0;32,44,54,70,71,87,93,94,95,96,97,98,99,100,101,102,103,104,105,106,110,112,113,114,115,116,117,118,119,120,121,132,135,138,140,147,148,153,185,186,264,327,334,335,336,342,346,347,378,379,380,381,382,383,384,393,402,403,412,428,436,444,498,617,627,677,728,777,821,823,824,825,826,898,984,1006,1007,1153,1154,1165,
393;1;769;808;0;32,44,54,70,71,87,93,94,95,96,97,98,99,100,101,102,103,104,105,106,110,112,113,114,115,116,117,118,119,120,121,132,135,138,140,147,148,153,185,186,264,327,334,335,336,342,346,347,378,379,380,381,382,383,384,393,402,403,412,428,436,444,498,617,627,677,728,777,821,823,824,825,826,898,984,1006,1007,1153,1154,1165,
236;0;808;983;1;32,44,54,70,71,87,93,94,95,96,97,98,99,100,101,102,103,104,105,106,110,112,113,114,115,116,117,118,119,120,121,132,135,138,140,147,148,153,185,186,264,327,334,335,336,342,346,347,378,379,380,381,382,383,384,393,402,403,412,428,436,444,498,617,627,677,728,777,821,823,824,825,826,898,984,1006,1007,1153,1154,1165,
236;1;983;1081;1;32,44,54,70,71,87,93,94,95,96,97,98,99,100,101,102,103,104,105,106,110,112,113,114,115,116,117,118,119,120,121,132,135,138,140,147,148,153,185,186,264,327,334,335,336,342,346,347,378,379,380,381,382,383,384,393,402,403,412,428,436,444,498,617,627,677,728,777,821,823,824,825,826,898,984,1006,1007,1153,1154,1165,
446;0;1081;1229;1;32,44,54,70,71,87,93,94,95,96,97,98,99,100,101,102,103,104,105,106,110,112,113,114,115,116,117,118,119,120,121,132,135,138,140,147,148,153,185,186,264,327,334,335,336,342,346,347,378,379,380,381,382,383,384,393,402,403,412,428,436,444,498,617,627,677,728,777,821,823,824,825,826,898,984,1006,1007,1153,1154,1165,
446;1;1229;1341;1;32,44,54,70,71,87,93,94,95,96,97,98,99,100,101,102,103,104,105,106,110,112,113,114,115,116,117,118,119,120,121,132,135,138,140,147,148,153,185,186,264,327,334,335,336,342,346,347,378,379,380,381,382,383,384,393,402,403,412,428,436,444,498,617,627,677,728,777,821,823,824,825,826,898,984,1006,1007,1153,1154,1165,
89;0;1341;1444;1;32,44,54,70,71,87,93,94,95,96,97,98,99,100,101,102,103,104,105,106,110,112,113,114,115,116,117,118,119,120,121,132,135,138,140,147,148,153,185,186,264,327,334,335,336,342,346,347,378,379,380,381,382,383,384,393,402,403,412,428,436,444,498,617,627,677,728,777,821,823,824,825,826,898,984,1006,1007,1153,1154,1165,
89;1;1444;1463;1;32,44,54,70,71,87,93,94,95,96,97,98,99,100,101,102,103,104,105,106,110,112,113,114,115,116,117,118,119,120,121,132,135,138,140,147,148,153,185,186,264,327,334,335,336,342,346,347,378,379,380,381,382,383,384,393,402,403,412,428,436,444,498,617,627,677,728,777,821,823,824,825,826,898,984,1006,1007,1153,1154,1165,
547;0;1463;1540;0;32,44,54,70,71,87,93,94,95,96,97,98,99,100,101,102,103,104,105,106,110,112,113,114,115,116,117,118,119,120,121,132,135,138,140,147,148,153,185,186,264,327,334,335,336,342,346,347,378,379,380,381,382,383,384,393,402,403,412,428,436,444,498,617,627,677,728,777,821,823,824,825,826,898,984,1006,1007,1153,1154,1165,
469;0;1540;1745;1;32,44,54,70,71,87,93,94,95,96,97,98,99,100,101,102,103,104,105,106,110,112,113,114,115,116,117,118,119,120,121,132,135,138,140,147,148,153,185,186,264,327,334,335,336,342,346,347,378,379,380,381,382,383,384,393,402,403,412,428,436,444,498,617,627,677,728,777,821,823,824,825,826,898,984,1006,1007,1153,1154,1165,
469;1;1745;1806;1;32,44,54,70,71,87,93,94,95,96,97,98,99,100,101,102,103,104,105,106,110,112,113,114,115,116,117,118,119,120,121,132,135,138,140,147,148,153,185,186,264,327,334,335,336,342,346,347,378,379,380,381,382,383,384,393,402,403,412,428,436,444,498,617,627,677,728,777,821,823,824,825,826,898,984,1006,1007,1153,1154,1165,
61;0;1806;1994;1;32,44,54,70,71,87,93,94,95,96,97,98,99,100,101,102,103,104,105,106,110,112,113,114,115,116,117,118,119,120,121,132,135,138,140,147,148,153,185,186,264,327,334,335,336,342,346,347,378,379,380,381,382,383,384,393,402,403,412,428,436,444,498,617,627,677,728,777,821,823,824,825,826,898,984,1006,1007,1153,1154,1165,
61;1;1994;2092;1;32,44,54,70,71,87,93,94,95,96,97,98,99,100,101,102,103,104,105,106,110,112,113,114,115,116,117,118,119,120,121,132,135,138,140,147,148,153,185,186,264,327,334,335,336,342,346,347,378,379,380,381,382,383,384,393,402,403,412,428,436,444,498,617,627,677,728,777,821,823,824,825,826,898,984,1006,1007,1153,1154,1165,
209;0;2092;2278;1;0,1,2,5,32,44,54,70,71,87,91,93,94,95,96,97,98,99,100,101,102,103,104,105,106,112,113,114,132,135,138,140,147,148,153,186,229,264,327,332,334,335,336,337,338,339,340,341,342,343,344,345,346,347,369,370,378,379,380,381,382,383,384,393,402,403,412,436,444,448,498,627,677,777,823,824,825,826,984,1165,
209;1;2278;2428;1;0,1,2,5,32,44,54,70,71,87,91,93,94,95,96,97,98,99,100,101,102,103,104,105,106,112,113,114,132,135,138,140,147,148,153,186,229,264,327,332,334,335,336,337,338,339,340,341,342,343,344,345,346,347,369,370,378,379,380,381,382,383,384,393,402,403,412,436,444,448,498,627,677,777,823,824,825,826,984,1165,
24;0;2428;2570;1;0,1,2,5,32,44,54,70,71,87,91,93,94,95,96,97,98,99,100,101,102,103,104,105,106,112,113,114,132,135,138,140,147,148,153,186,229,264,327,332,334,335,336,337,338,339,340,341,342,343,344,345,346,347,369,370,378,379,380,381,382,383,384,393,402,403,412,436,444,448,498,627,677,777,823,824,825,826,984,1165,
24;1;2570;2700;1;0,1,2,5,32,44,54,70,71,87,91,93,94,95,96,97,98,99,100,101,102,103,104,105,106,112,113,114,132,135,138,140,147,148,153,186,229,264,327,332,334,335,336,337,338,339,340,341,342,343,344,345,346,347,369,370,378,379,380,381,382,383,384,393,402,403,412,436,444,448,498,627,677,777,823,824,825,826,984,1165,
436;0;2700;2888;1;0,1,2,5,32,44,54,70,71,87,91,93,94,95,96,97,98,99,100,101,102,103,104,105,106,112,113,114,132,135,138,140,147,148,153,186,229,264,327,332,334,335,336,337,338,339,340,341,342,343,344,345,346,347,369,370,378,379,380,381,382,383,384,393,402,403,412,436,444,448,498,627,677,777,823,824,825,826,984,1165,
436;1;2888;3040;1;0,1,2,5,32,44,54,70,71,87,91,93,94,95,96,97,98,99,100,101,102,103,104,105,106,112,113,114,132,135,138,140,147,148,153,186,229,264,327,332,334,335,336,337,338,339,340,341,342,343,344,345,346,347,369,370,378,379,380,381,382,383,384,393,402,403,412,436,444,448,498,627,677,777,823,824,825,826,984,1165,
426;0;3040;3197;1;0,1,2,5,32,44,54,70,71,87,91,93,94,95,96,97,98,99,100,101,102,103,104,105,106,112,113,114,132,135,138,140,147,148,153,186,229,264,327,332,334,335,336,337,338,339,340,341,342,343,344,345,346,347,369,370,378,379,380,381,382,383,384,393,402,403,412,436,444,448,498,627,677,777,823,824,825,826,984,1165,
426;1;3197;3281;1;0,1,2,5,32,44,54,70,71,87,91,93,94,95,96,97,98,99,100,101,102,103,104,105,106,112,113,114,132,135,138,140,147,148,153,186,229,264,327,332,334,335,336,337,338,339,340,341,342,343,344,345,346,347,369,370,378,379,380,381,382,383,384,393,402,403,412,436,444,448,498,627,677,777,823,824,825,826,984,1165,
82;0;3281;3402;0;0,1,2,5,32,44,54,70,71,87,91,93,94,95,96,97,98,99,100,101,102,103,104,105,106,112,113,114,132,135,138,140,147,148,153,186,229,264,327,332,334,335,336,337,338,339,340,341,342,343,344,345,346,347,369,370,378,379,380,381,382,383,384,393,402,403,412,436,444,448,498,627,677,777,823,824,825,826,984,1165,
25;0;3402;3486;0;0,1,2,5,32,44,54,70,71,87,91,93,94,95,96,97,98,99,100,101,102,103,104,105,106,112,113,114,132,135,138,140,147,148,153,186,229,264,327,332,334,335,336,337,338,339,340,341,342,343,344,345,346,347,369,370,378,379,380,381,382,383,384,393,402,403,412,436,444,448,498,627,677,777,823,824,825,826,984,1165,
215;0;3486;3536;0;0,1,2,5,32,44,54,70,71,87,91,93,94,95,96,97,98,99,100,101,102,103,104,105,106,112,113,114,132,135,138,140,147,148,153,186,229,264,327,332,334,335,336,337,338,339,340,341,342,343,344,345,346,347,369,370,378,379,380,381,382,383,384,393,402,403,412,436,444,448,498,627,677,777,823,824,825,826,984,1165,
226;0;3536;3714;1;0,1,2,5,32,44,54,70,71,87,91,93,94,95,96,97,98,99,100,101,102,103,104,105,106,112,113,114,132,135,138,140,147,148,153,186,229,264,327,332,334,335,336,337,338,339,340,341,342,343,344,345,346,347,369,370,378,379,380,381,382,383,384,393,402,403,412,436,444,448,498,627,677,777,823,824,825,826,984,1165,
226;1;3714;3802;1;0,1,2,5,32,44,54,70,71,87,91,93,94,95,96,97,98,99,100,101,102,103,104,105,106,112,113,114,132,135,138,140,147,148,153,186,229,264,327,332,334,335,336,337,338,339,340,341,342,343,344,345,346,347,369,370,378,379,380,381,382,383,384,393,402,403,412,436,444,448,498,627,677,777,823,824,825,826,984,1165,
186;0;3802;4012;1;0,1,2,5,32,44,54,70,71,87,91,93,94,95,96,97,98,99,100,101,102,103,104,105,106,112,113,114,132,135,138,140,147,148,153,186,229,264,327,332,334,335,336,337,338,339,340,341,342,343,344,345,346,347,369,370,378,379,380,381,382,383,384,393,402,403,412,436,444,448,498,627,677,777,823,824,825,826,984,1165,
186;1;4012;4078;1;0,1,2,5,32,44,54,70,71,87,91,93,94,95,96,97,98,99,100,101,102,103,104,105,106,112,113,114,132,135,138,140,147,148,153,186,229,264,327,332,334,335,336,337,338,339,340,341,342,343,344,345,346,347,369,370,378,379,380,381,382,383,384,393,402,403,412,436,444,448,498,627,677,777,823,824,825,826,984,1165,
81;0;4078;4341;1;0,1,2,5,32,44,54,70,71,87,91,93,94,95,96,97,98,99,100,101,102,103,104,105,106,112,113,114,132,135,138,140,147,148,153,186,229,264,327,332,334,335,336,337,338,339,340,341,342,343,344,345,346,347,369,370,378,379,380,381,382,383,384,393,402,403,412,436,444,448,498,627,677,777,823,824,825,826,984,1165,
81;1;4341;4495;1;0,1,2,5,32,44,54,70,71,87,91,93,94,95,96,97,98,99,100,101,102,103,104,105,106,112,113,114,132,135,138,140,147,148,153,186,229,264,327,332,334,335,336,337,338,339,340,341,342,343,344,345,346,347,369,370,378,379,380,381,382,383,384,393,402,403,412,436,444,448,498,627,677,777,823,824,825,826,984,1165,
424;0;4495;4698;1;0,1,2,5,32,44,54,70,71,87,91,93,94,95,96,97,98,99,100,101,102,103,104,105,106,112,113,114,132,135,138,140,147,148,153,186,229,264,327,332,334,335,336,337,338,339,340,341,342,343,344,345,346,347,369,370,378,379,380,381,382,383,384,393,402,403,412,436,444,448,498,627,677,777,823,824,825,826,984,1165,
424;1;4698;4796;1;0,1,2,5,32,44,54,70,71,87,91,93,94,95,96,97,98,99,100,101,102,103,104,105,106,112,113,114,132,135,138,140,147,148,153,186,229,264,327,332,334,335,336,337,338,339,340,341,342,343,344,345,346,347,369,370,378,379,380,381,382,383,384,393,402,403,412,436,444,448,498,627,677,777,823,824,825,826,984,1165,
26;0;4796;4892;1;2,32,44,54,70,71,87,91,92,94,95,96,97,98,99,100,101,102,103,104,105,106,112,113,114,135,138,147,148,153,165,186,229,264,327,332,335,336,337,339,340,341,343,345,346,347,382,385,386,387,388,389,390,391,392,393,394,395,396,397,398,399,400,401,402,403,412,436,444,448,498,627,677,777,823,824,825,826,984,1165,
26;1;4892;4947;1;2,32,44,54,70,71,87,91,92,94,95,96,97,98,99,100,101,102,103,104,105,106,112,113,114,135,138,147,148,153,165,186,229,264,327,332,335,336,337,339,340,341,343,345,346,347,382,385,386,387,388,389,390,391,392,393,394,395,396,397,398,399,400,401,402,403,412,436,444,448,498,627,677,777,823,824,825,826,984,1165,
119;0;4947;5156;1;2,32,42,44,48,54,70,71,72,87,91,94,95,96,97,98,99,100,101,102,103,104,105,106,112,113,114,150,151,152,153,155,157,194,197,198,223,224,226,229,336,393,402,436,437,442,444,445,447,566,646,649,777,871,983,984,991,1141,1165,1182,1183,1184,1185,1186,1187,1188,1189,1190,1191,1192,1193,1194,1195,1196,1197,1198,1199,1200,1201,1202,
119;1;5156;5297;1;2,32,42,44,48,54,70,71,72,87,91,94,95,96,97,98,99,100,101,102,103,104,105,106,112,113,114,150,151,152,153,155,157,194,197,198,223,224,226,229,336,393,402,436,437,442,444,445,447,566,646,649,777,871,983,984,991,1141,1165,1182,1183,1184,1185,1186,1187,1188,1189,1190,1191,1192,1193,1194,1195,1196,1197,1198,1199,1200,1201,1202,
517;0;5297;5354;0;2,32,42,44,48,54,70,71,72,87,91,94,95,96,97,98,99,100,101,102,103,104,105,106,112,113,114,150,151,152,153,155,157,194,197,198,223,224,226,229,336,393,402,436,437,442,444,445,447,566,646,649,777,871,983,984,991,1141,1165,1182,1183,1184,1185,1186,1187,1188,1189,1190,1191,1192,1193,1194,1195,1196,1197,1198,1199,1200,1201,1202,
681;0;5354;5528;1;2,32,42,44,48,54,70,71,72,87,91,94,95,96,97,98,99,100,101,102,103,104,105,106,112,113,114,150,151,152,153,155,157,194,197,198,223,224,226,229,336,393,402,436,437,442,444,445,447,566,646,649,777,871,983,984,991,1141,1165,1182,1183,1184,1185,1186,1187,1188,1189,1190,1191,1192,1193,1194,1195,1196,1197,1198,1199,1200,1201,1202,
681;1;5528;5581;1;2,32,42,44,48,54,70,71,72,87,91,94,95,96,97,98,99,100,101,102,103,104,105,106,112,113,114,150,151,152,153,155,157,194,197,198,223,224,226,229,336,393,402,436,437,442,444,445,447,566,646,649,777,871,983,984,991,1141,1165,1182,1183,1184,1185,1186,1187,1188,1189,1190,1191,1192,1193,1194,1195,1196,1197,1198,1199,1200,1201,1202,
600;0;5581;5751;0;2,32,42,44,48,54,70,71,72,87,91,94,95,96,97,98,99,100,101,102,103,104,105,106,112,113,114,150,151,152,153,155,157,194,197,198,223,224,226,229,336,393,402,436,437,442,444,445,447,566,646,649,777,871,983,984,991,1141,1165,1182,1183,1184,1185,1186,1187,1188,1189,1190,1191,1192,1193,1194,1195,1196,1197,1198,1199,1200,1201,1202,
476;0;5751;5806;1;2,32,42,44,48,54,70,71,72,87,91,94,95,96,97,98,99,100,101,102,103,104,105,106,112,113,114,150,151,152,153,155,157,194,197,198,223,224,226,229,336,393,402,436,437,442,444,445,447,566,646,649,777,871,983,984,991,1141,1165,1182,1183,1184,1185,1186,1187,1188,1189,1190,1191,1192,1193,1194,1195,1196,1197,1198,1199,1200,1201,1202,
476;1;5806;5825;1;2,32,42,44,48,54,70,71,72,87,91,94,95,96,97,98,99,100,101,102,103,104,105,106,112,113,114,150,151,152,153,155,157,194,197,198,223,224,226,229,336,393,402,436,437,442,444,445,447,566,646,649,777,871,983,984,991,1141,1165,1182,1183,1184,1185,1186,1187,1188,1189,1190,1191,1192,1193,1194,1195,1196,1197,1198,1199,1200,1201,1202,
339;0;5825;5962;1;2,32,42,44,48,54,70,71,72,87,91,94,95,96,97,98,99,100,101,102,103,104,105,106,112,113,114,150,151,152,153,155,157,194,197,198,223,224,226,229,336,393,402,436,437,442,444,445,447,566,646,649,777,871,983,984,991,1141,1165,1182,1183,1184,1185,1186,1187,1188,1189,1190,1191,1192,1193,1194,1195,1196,1197,1198,1199,1200,1201,1202,
339;1;5962;6042;1;2,32,42,44,48,54,70,71,72,87,91,94,95,96,97,98,99,100,101,102,103,104,105,106,112,113,114,150,151,152,153,155,157,194,197,198,223,224,226,229,336,393,402,436,437,442,444,445,447,566,646,649,777,871,983,984,991,1141,1165,1182,1183,1184,1185,1186,1187,1188,1189,1190,1191,1192,1193,1194,1195,1196,1197,1198,1199,1200,1201,1202,
256;0;6042;6129;1;2,32,42,44,48,54,70,71,72,87,91,94,95,96,97,98,99,100,101,102,103,104,105,106,112,113,114,150,151,152,153,155,157,194,197,198,223,224,226,229,336,393,402,436,437,442,444,445,447,566,646,649,777,871,983,984,991,1141,1165,1182,1183,1184,1185,1186,1187,1188,1189,1190,1191,1192,1193,1194,1195,1196,1197,1198,1199,1200,1201,1202,
256;1;6129;6159;1;2,32,42,44,48,54,70,71,72,87,91,94,95,96,97,98,99,100,101,102,103,104,105,106,112,113,114,150,151,152,153,155,157,194,197,198,223,224,226,229,336,393,402,436,437,442,444,445,447,566,646,649,777,871,983,984,991,1141,1165,1182,1183,1184,1185,1186,1187,1188,1189,1190,1191,1192,1193,1194,1195,1196,1197,1198,1199,1200,1201,1202,
694;0;6159;6407;1;2,32,42,44,48,54,70,71,72,87,91,94,95,96,97,98,99,100,101,102,103,104,105,106,112,113,114,150,151,152,153,155,157,194,197,198,223,224,226,229,336,393,402,436,437,442,444,445,447,566,646,649,777,871,983,984,991,1141,1165,1182,1183,1184,1185,1186,1187,1188,1189,1190,1191,1192,1193,1194,1195,1196,1197,1198,1199,1200,1201,1202,
694;1;6407;6550;1;2,32,48,70,71,72,73,74,75,76,77,78,79,80,81,82,91,94,95,96,97,98,99,100,101,102,103,104,105,106,150,151,153,157,194,197,198,223,224,226,229,336,393,402,423,424,425,436,437,442,444,445,447,504,508,509,605,875,901,922,929,935,961,1031,1032,1033,1034,1035,1036,1037,1038,1098,1099,1100,1101,1102,1103,1104,1105,1106,
586;0;6550;6676;1;2,32,48,70,71,72,73,74,75,76,77,78,79,80,81,82,91,94,95,96,97,98,99,100,101,102,103,104,105,106,150,151,153,157,194,197,198,223,224,226,229,336,393,402,423,424,425,436,437,442,444,445,447,504,508,509,605,875,901,922,929,935,961,1031,1032,1033,1034,1035,1036,1037,1038,1098,1099,1100,1101,1102,1103,1104,1105,1106,
586;1;6676;6742;1;2,32,48,70,71,72,73,74,75,76,77,78,79,80,81,82,91,94,95,96,97,98,99,100,101,102,103,104,105,106,150,151,153,157,194,197,198,223,224,226,229,336,393,402,423,424,425,436,437,442,444,445,447,504,508,509,605,875,901,922,929,935,961,1031,1032,1033,1034,1035,1036,1037,1038,1098,1099,1100,1101,1102,1103,1104,1105,1106,
4;0;6742;6822;1;2,32,48,70,71,72,73,74,75,76,77,78,79,80,81,82,91,94,95,96,97,98,99,100,101,102,103,104,105,106,150,151,153,157,194,197,198,223,224,226,229,336,393,402,423,424,425,436,437,442,444,445,447,504,508,509,605,875,901,922,929,935,961,1031,1032,1033,1034,1035,1036,1037,1038,1098,1099,1100,1101,1102,1103,1104,1105,1106,
4;1;6822;6858;1;2,32,48,70,71,72,73,74,75,76,77,78,79,80,81,82,91,94,95,96,97,98,99,100,101,102,103,104,105,106,150,151,153,157,194,197,198,223,224,226,229,336,393,402,423,424,425,436,437,442,444,445,447,504,508,509,605,875,901,922,929,935,961,1031,1032,1033,1034,1035,1036,1037,1038,1098,1099,1100,1101,1102,1103,1104,1105,1106,
371;0;6858;7007;1;2,32,48,70,71,72,73,74,75,76,77,78,79,80,81,82,91,94,95,96,97,98,99,100,101,102,103,104,105,106,150,151,153,157,194,197,198,223,224,226,229,336,393,402,423,424,425,436,437,442,444,445,447,504,508,509,605,875,901,922,929,935,961,1031,1032,1033,1034,1035,1036,1037,1038,1098,1099,1100,1101,1102,1103,1104,1105,1106,
371;1;7007;7025;1;2,32,48,70,71,72,73,74,75,76,77,78,79,80,81,82,91,94,95,96,97,98,99,100,101,102,103,104,105,106,150,151,153,157,194,197,198,223,224,226,229,336,393,402,423,424,425,436,437,442,444,445,447,504,508,509,605,875,901,922,929,935,961,1031,1032,1033,1034,1035,1036,1037,1038,1098,1099,1100,1101,1102,1103,1104,1105,1106,
242;0;7025;7074;0;2,32,48,70,71,72,73,74,75,76,77,78,79,80,81,82,91,94,95,96,97,98,99,100,101,102,103,104,105,106,150,151,153,157,194,197,198,223,224,226,229,336,393,402,423,424,425,436,437,442,444,445,447,504,508,509,605,875,901,922,929,935,961,1031,1032,1033,1034,1035,1036,1037,1038,1098,1099,1100,1101,1102,1103,1104,1105,1106,
514;0;7074;7140;1;2,32,48,70,71,72,73,74,75,76,77,78,79,80,81,82,91,94,95,96,97,98,99,100,101,102,103,104,105,106,150,151,153,157,194,197,198,223,224,226,229,336,393,402,423,424,425,436,437,442,444,445,447,504,508,509,605,875,901,922,929,935,961,1031,1032,1033,1034,1035,1036,1037,1038,1098,1099,1100,1101,1102,1103,1104,1105,1106,
514;1;7140;7157;1;2,32,48,70,71,72,73,74,75,76,77,78,79,80,81,82,91,94,95,96,97,98,99,100,101,102,103,104,105,106,150,151,153,157,194,197,198,223,224,226,229,336,393,402,423,424,425,436,437,442,444,445,447,504,508,509,605,875,901,922,929,935,961,1031,1032,1033,1034,1035,1036,1037,1038,1098,1099,1100,1101,1102,1103,1104,1105,1106,
454;0;7200;7396;1;2,32,48,70,71,72,73,74,75,76,77,78,79,80,91,94,95,96,97,98,99,100,101,102,103,104,105,106,149,150,151,153,156,157,194,195,196,197,198,223,224,225,226,227,228,229,336,371,393,402,423,424,425,436,437,438,439,440,441,442,443,444,445,446,447,504,508,509,875,901,922,929,1031,1032,1033,1034,1035,1036,1037,1038,
454;1;7396;7493;1;2,32,48,70,71,72,73,74,75,76,77,78,79,80,91,94,95,96,97,98,99,100,101,102,103,104,105,106,149,150,151,153,156,157,194,195,196,197,198,223,224,225,226,227,228,229,336,371,393,402,423,424,425,436,437,438,439,440,441,442,443,444,445,446,447,504,508,509,875,901,922,929,1031,1032,1033,1034,1035,1036,1037,1038,
531;0;7493;7603;1;2,32,70,71,72,78,91,94,95,96,97,98,99,100,101,105,106,149,150,151,153,156,159,194,196,197,198,224,225,229,234,336,371,393,423,424,425,436,438,440,443,445,446,447,504,508,509,875,901,922,929,1031,1032,1033,1034,1035,1036,1037,1038,1366,1367,1368,1369,1370,1371,1372,1373,1374,1375,1376,1377,1378,1379,1380,1381,1382,1383,1384,1385,1386,
531;1;7603;7674;1;2,32,70,71,72,78,91,94,95,96,97,98,99,100,101,105,106,149,150,151,153,156,159,194,196,197,198,224,225,229,234,336,371,393,423,424,425,436,438,440,443,445,446,447,504,508,509,875,901,922,929,1031,1032,1033,1034,1035,1036,1037,1038,1366,1367,1368,1369,1370,1371,1372,1373,1374,1375,1376,1377,1378,1379,1380,1381,1382,1383,1384,1385,1386,
314;0;7674;7794;1;2,32,70,71,72,78,91,94,95,96,97,98,99,100,101,105,106,149,150,151,153,156,159,194,196,197,198,224,225,229,234,336,371,393,423,424,425,436,438,440,443,445,446,447,504,508,509,875,901,922,929,1031,1032,1033,1034,1035,1036,1037,1038,1366,1367,1368,1369,1370,1371,1372,1373,1374,1375,1376,1377,1378,1379,1380,1381,1382,1383,1384,1385,1386,
314;1;7794;7854;1;2,32,70,71,72,78,91,94,95,96,97,98,99,100,101,105,106,149,150,151,153,156,159,194,196,197,198,224,225,229,234,336,371,393,423,424,425,436,438,440,443,445,446,447,504,508,509,875,901,922,929,1031,1032,1033,1034,1035,1036,1037,1038,1366,1367,1368,1369,1370,1371,1372,1373,1374,1375,1376,1377,1378,1379,1380,1381,1382,1383,1384,1385,1386,
76;0;7854;8103;1;2,32,44,46,51,53,54,58,70,71,72,78,87,105,106,110,112,113,114,115,116,117,118,119,120,121,143,150,156,197,198,224,225,229,234,237,249,259,279,336,343,371,401,414,423,424,425,438,445,447,468,477,482,504,505,506,507,508,509,510,511,512,513,514,515,516,517,802,803,804,805,806,807,808,809,810,1002,1003,1004,1005,
76;1;8103;8216;1;2,32,44,46,51,53,54,58,70,71,72,78,87,105,106,110,112,113,114,115,116,117,118,119,120,121,143,150,156,197,198,224,225,229,234,237,249,259,279,336,343,371,401,414,423,424,425,438,445,447,468,477,482,504,505,506,507,508,509,510,511,512,513,514,515,516,517,802,803,804,805,806,807,808,809,810,1002,1003,1004,1005,
319;0;8216;8393;1;2,32,44,46,51,53,54,58,70,71,72,78,87,105,106,110,112,113,114,115,116,117,118,119,120,121,143,150,156,197,198,224,225,229,234,237,249,259,279,336,343,371,401,414,423,424,425,438,445,447,468,477,482,504,505,506,507,508,509,510,511,512,513,514,515,516,517,802,803,804,805,806,807,808,809,810,1002,1003,1004,1005,
319;1;8393;8499;1;2,32,44,46,51,53,54,58,70,71,72,78,87,105,106,110,112,113,114,115,116,117,118,119,120,121,143,150,156,197,198,224,225,229,234,237,249,259,279,336,343,371,401,414,423,424,425,438,445,447,468,477,482,504,505,506,507,508,509,510,511,512,513,514,515,516,517,802,803,804,805,806,807,808,809,810,1002,1003,1004,1005,
304;0;8499;8688;1;2,32,44,46,51,53,54,58,70,71,72,78,87,105,106,110,112,113,114,115,116,117,118,119,120,121,143,150,156,197,198,224,225,229,234,237,249,259,279,336,343,371,401,414,423,424,425,438,445,447,468,477,482,504,505,506,507,508,509,510,511,512,513,514,515,516,517,802,803,804,805,806,807,808,809,810,1002,1003,1004,1005,
304;1;8688;8799;1;2,32,44,46,51,53,54,58,70,71,72,78,87,105,106,110,112,113,114,115,116,117,118,119,120,121,143,150,156,197,198,224,225,229,234,237,249,259,279,336,343,371,401,414,423,424,425,438,445,447,468,477,482,504,505,506,507,508,509,510,511,512,513,514,515,516,517,802,803,804,805,806,807,808,809,810,1002,1003,1004,1005,
257;0;8799;8829;0;2,32,44,46,51,53,54,58,70,71,72,78,87,105,106,110,112,113,114,115,116,117,118,119,120,121,143,150,156,197,198,224,225,229,234,237,249,259,279,336,343,371,401,414,423,424,425,438,445,447,468,477,482,504,505,506,507,508,509,510,511,512,513,514,515,516,517,802,803,804,805,806,807,808,809,810,1002,1003,1004,1005,
84;0;8829;8940;1;2,32,44,46,51,53,54,58,70,71,72,78,87,105,106,110,112,113,114,115,116,117,118,119,120,121,143,150,156,197,198,224,225,229,234,237,249,259,279,336,343,371,401,414,423,424,425,438,445,447,468,477,482,504,505,506,507,508,509,510,511,512,513,514,515,516,517,802,803,804,805,806,807,808,809,810,1002,1003,1004,1005,
84;1;8940;9036;1;2,32,44,46,51,53,54,58,70,71,72,78,87,105,106,110,112,113,114,115,116,117,118,119,120,121,143,150,156,197,198,224,225,229,234,237,249,259,279,336,343,371,401,414,423,424,425,438,445,447,468,477,482,504,505,506,507,508,509,510,511,512,513,514,515,516,517,802,803,804,805,806,807,808,809,810,1002,1003,1004,1005,
41;0;9036;9212;1;2,32,44,46,51,53,54,58,70,71,72,78,87,105,106,110,112,113,114,115,116,117,118,119,120,121,143,150,156,197,198,224,225,229,234,237,249,259,279,336,343,371,401,414,423,424,425,438,445,447,468,477,482,504,505,506,507,508,509,510,511,512,513,514,515,516,517,802,803,804,805,806,807,808,809,810,1002,1003,1004,1005,
41;1;9212;9354;1;2,32,44,46,51,53,54,58,70,71,72,78,87,105,106,110,112,113,114,115,116,117,118,119,120,121,143,150,156,197,198,224,225,229,234,237,249,259,279,336,343,371,401,414,423,424,425,438,445,447,468,477,482,504,505,506,507,508,509,510,511,512,513,514,515,516,517,802,803,804,805,806,807,808,809,810,1002,1003,1004,1005,
94;0;9354;9413;1;2,32,44,51,57,70,71,72,78,87,105,106,110,143,150,156,197,198,224,225,229,234,237,252,259,320,336,337,343,345,346,347,371,372,373,374,375,376,377,401,423,424,425,438,445,447,468,477,482,496,497,504,505,506,507,508,509,510,511,512,513,514,515,516,517,748,749,750,751,752,802,803,804,805,806,807,808,809,810,1165,
94;1;9413;9427;1;2,32,44,51,57,70,71,72,78,87,105,106,110,143,150,156,197,198,224,225,229,234,237,252,259,320,336,337,343,345,346,347,371,372,373,374,375,376,377,401,423,424,425,438,445,447,468,477,482,496,497,504,505,506,507,508,509,510,511,512,513,514,515,516,517,748,749,750,751,752,802,803,804,805,806,807,808,809,810,1165,
52;0;9427;9461;0;2,32,44,51,57,70,71,72,78,87,105,106,110,143,150,156,197,198,224,225,229,234,237,252,259,320,336,337,343,345,346,347,371,372,373,374,375,376,377,401,423,424,425,438,445,447,468,477,482,496,497,504,505,506,507,508,509,510,511,512,513,514,515,516,517,748,749,750,751,752,802,803,804,805,806,807,808,809,810,1165,
309;0;9461;9531;1;2,32,44,51,57,70,71,72,78,87,105,106,110,143,150,156,197,198,224,225,229,234,237,252,259,320,336,337,343,345,346,347,371,372,373,374,375,376,377,401,423,424,425,438,445,447,468,477,482,496,497,504,505,506,507,508,509,510,511,512,513,514,515,516,517,748,749,750,751,752,802,803,804,805,806,807,808,809,810,1165,
309;1;9531;9586;1;2,32,44,51,57,70,71,72,78,87,105,106,110,143,150,156,197,198,224,225,229,234,237,252,259,320,336,337,343,345,346,347,371,372,373,374,375,376,377,401,423,424,425,438,445,447,468,477,482,496,497,504,505,506,507,508,509,510,511,512,513,514,515,516,517,748,749,750,751,752,802,803,804,805,806,807,808,809,810,1165,
330;0;9586;9622;0;2,32,44,51,57,70,71,72,78,87,105,106,110,143,150,156,197,198,224,225,229,234,237,252,259,320,336,337,343,345,346,347,371,372,373,374,375,376,377,401,423,424,425,438,445,447,468,477,482,496,497,504,505,506,507,508,509,510,511,512,513,514,515,516,517,748,749,750,751,752,802,803,804,805,806,807,808,809,810,1165,
306;0;9622;9831;1;2,32,44,51,57,70,71,72,78,87,105,106,110,143,150,156,197,198,224,225,229,234,237,252,259,320,336,337,343,345,346,347,371,372,373,374,375,376,377,401,423,424,425,438,445,447,468,477,482,496,497,504,505,506,507,508,509,510,511,512,513,514,515,516,517,748,749,750,751,752,802,803,804,805,806,807,808,809,810,1165,
306;1;9831;9883;1;2,32,44,51,57,70,71,72,78,87,105,106,110,143,150,156,197,198,224,225,229,234,237,252,259,320,336,337,343,345,346,347,371,372,373,374,375,376,377,401,423,424,425,438,445,447,468,477,482,496,497,504,505,506,507,508,509,510,511,512,513,514,515,516,517,748,749,750,751,752,802,803,804,805,806,807,808,809,810,1165,
706;0;9883;9903;1;2,32,44,51,57,70,71,72,78,87,105,106,110,143,150,156,197,198,224,225,229,234,237,252,259,320,336,337,343,345,346,347,371,372,373,374,375,376,377,401,423,424,425,438,445,447,468,477,482,496,497,504,505,506,507,508,509,510,511,512,513,514,515,516,517,748,749,750,751,752,802,803,804,805,806,807,808,809,810,1165,
706;1;9903;9908;1;2,32,44,51,57,70,71,72,78,87,105,106,110,143,150,156,197,198,224,225,229,234,237,252,259,320,336,337,343,345,346,347,371,372,373,374,375,376,377,401,423,424,425,438,445,447,468,477,482,496,497,504,505,506,507,508,509,510,511,512,513,514,515,516,517,748,749,750,751,752,802,803,804,805,806,807,808,809,810,1165,
407;0;9908;9979;0;2,32,44,51,57,70,71,72,78,87,105,106,110,143,150,156,197,198,224,225,229,234,237,252,259,320,336,337,343,345,346,347,371,372,373,374,375,376,377,401,423,424,425,438,445,447,468,477,482,496,497,504,505,506,507,508,509,510,511,512,513,514,515,516,517,748,749,750,751,752,802,803,804,805,806,807,808,809,810,1165,
77;0;9979;10024;0;2,32,44,51,57,70,71,72,78,87,105,106,110,143,150,156,197,198,224,225,229,234,237,252,259,320,336,337,343,345,346,347,371,372,373,374,375,376,377,401,423,424,425,438,445,447,468,477,482,496,497,504,505,506,507,508,509,510,511,512,513,514,515,516,517,748,749,750,751,752,802,803,804,805,806,807,808,809,810,1165,
247;0;10024;10073;0;2,32,44,51,57,70,71,72,78,87,105,106,110,143,150,156,197,198,224,225,229,234,237,252,259,320,336,337,343,345,346,347,371,372,373,374,375,376,377,401,423,424,425,438,445,447,468,477,482,496,497,504,505,506,507,508,509,510,511,512,513,514,515,516,517,748,749,750,751,752,802,803,804,805,806,807,808,809,810,1165,
Machine: 1
204;1;0;179;1;0,1,2,3,5,7,9,32,44,54,64,65,66,67,68,69,71,77,87,112,113,114,115,116,117,118,119,120,121,128,129,135,138,156,185,252,253,254,255,256,257,258,259,260,261,262,263,264,265,266,267,268,269,316,337,343,369,370,382,404,405,406,407,408,409,410,411,412,413,498,627,677,823,824,825,826,898,1123,1124,1125,
190;0;179;275;0;0,1,2,3,5,7,9,32,44,54,64,65,66,67,68,69,71,77,87,112,113,114,115,116,117,118,119,120,121,128,129,135,138,156,185,252,253,254,255,256,257,258,259,260,261,262,263,264,265,266,267,268,269,316,337,343,369,370,382,404,405,406,407,408,409,410,411,412,413,498,627,677,823,824,825,826,898,1123,1124,1125,
534;0;275;456;1;0,1,2,3,5,7,9,32,44,54,64,65,66,67,68,69,71,77,87,112,113,114,115,116,117,118,119,120,121,128,129,135,138,156,185,252,253,254,255,256,257,258,259,260,261,262,263,264,265,266,267,268,269,316,337,343,369,370,382,404,405,406,407,408,409,410,411,412,413,498,627,677,823,824,825,826,898,1123,1124,1125,
534;1;456;607;1;0,1,2,3,5,7,9,32,44,54,64,65,66,67,68,69,71,77,87,112,113,114,115,116,117,118,119,120,121,128,129,135,138,156,185,252,253,254,255,256,257,258,259,260,261,262,263,264,265,266,267,268,269,316,337,343,369,370,382,404,405,406,407,408,409,410,411,412,413,498,627,677,823,824,825,826,898,1123,1124,1125,
592;0;607;643;0;0,1,2,3,5,7,9,32,44,54,64,65,66,67,68,69,71,77,87,112,113,114,115,116,117,118,119,120,121,128,129,135,138,156,185,252,253,254,255,256,257,258,259,260,261,262,263,264,265,266,267,268,269,316,337,343,369,370,382,404,405,406,407,408,409,410,411,412,413,498,627,677,823,824,825,826,898,1123,1124,1125,
208;0;643;709;0;0,1,2,3,5,7,9,32,44,54,64,65,66,67,68,69,71,77,87,112,113,114,115,116,117,118,119,120,121,128,129,135,138,156,185,252,253,254,255,256,257,258,259,260,261,262,263,264,265,266,267,268,269,316,337,343,369,370,382,404,405,406,407,408,409,410,411,412,413,498,627,677,823,824,825,826,898,1123,1124,1125,
208;1;709;731;0;0,1,2,3,5,7,9,32,44,54,64,65,66,67,68,69,71,77,87,112,113,114,115,116,117,118,119,120,121,128,129,135,138,156,185,252,253,254,255,256,257,258,259,260,261,262,263,264,265,266,267,268,269,316,337,343,369,370,382,404,405,406,407,408,409,410,411,412,413,498,627,677,823,824,825,826,898,1123,1124,1125,
414;0;731;977;1;0,1,2,3,5,7,9,32,44,54,64,65,66,67,68,69,71,77,87,112,113,114,115,116,117,118,119,120,121,128,129,135,138,156,185,252,253,254,255,256,257,258,259,260,261,262,263,264,265,266,267,268,269,316,337,343,369,370,382,404,405,406,407,408,409,410,411,412,413,498,627,677,823,824,825,826,898,1123,1124,1125,
414;1;977;1075;1;0,1,2,3,5,7,9,32,44,54,64,65,66,67,68,69,71,77,87,112,113,114,115,116,117,118,119,120,121,128,129,135,138,156,185,252,253,254,255,256,257,258,259,260,261,262,263,264,265,266,267,268,269,316,337,343,369,370,382,404,405,406,407,408,409,410,411,412,413,498,627,677,823,824,825,826,898,1123,1124,1125,
728;0;1075;1177;0;0,1,2,3,5,7,9,32,44,54,64,65,66,67,68,69,71,77,87,112,113,114,115,116,117,118,119,120,121,128,129,135,138,156,185,252,253,254,255,256,257,258,259,260,261,262,263,264,265,266,267,268,269,316,337,343,369,370,382,404,405,406,407,408,409,410,411,412,413,498,627,677,823,824,825,826,898,1123,1124,1125,
728;1;1177;1207;0;0,1,2,3,5,7,9,32,44,54,64,65,66,67,68,69,71,77,87,112,113,114,115,116,117,118,119,120,121,128,129,135,138,156,185,252,253,254,255,256,257,258,259,260,261,262,263,264,265,266,267,268,269,316,337,343,369,370,382,404,405,406,407,408,409,410,411,412,413,498,627,677,823,824,825,826,898,1123,1124,1125,
74;0;1207;1285;1;0,1,2,3,5,7,9,32,44,54,64,65,66,67,68,69,71,77,87,112,113,114,115,116,117,118,119,120,121,128,129,135,138,156,185,252,253,254,255,256,257,258,259,260,261,262,263,264,265,266,267,268,269,316,337,343,369,370,382,404,405,406,407,408,409,410,411,412,413,498,627,677,823,824,825,826,898,1123,1124,1125,
74;1;1285;1321;1;0,1,2,3,5,7,9,32,44,54,64,65,66,67,68,69,71,77,87,112,113,114,115,116,117,118,119,120,121,128,129,135,138,156,185,252,253,254,255,256,257,258,259,260,261,262,263,264,265,266,267,268,269,316,337,343,369,370,382,404,405,406,407,408,409,410,411,412,413,498,627,677,823,824,825,826,898,1123,1124,1125,
181;0;1321;1442;1;0,1,2,3,5,7,9,32,44,54,64,65,66,67,68,69,71,77,87,112,113,114,115,116,117,118,119,120,121,128,129,135,138,156,185,252,253,254,255,256,257,258,259,260,261,262,263,264,265,266,267,268,269,316,337,343,369,370,382,404,405,406,407,408,409,410,411,412,413,498,627,677,823,824,825,826,898,1123,1124,1125,
181;1;1442;1463;1;0,1,2,3,5,7,9,32,44,54,64,65,66,67,68,69,71,77,87,112,113,114,115,116,117,118,119,120,121,128,129,135,138,156,185,252,253,254,255,256,257,258,259,260,261,262,263,264,265,266,267,268,269,316,337,343,369,370,382,404,405,406,407,408,409,410,411,412,413,498,627,677,823,824,825,826,898,1123,1124,1125,
701;0;1463;1599;1;0,1,2,3,5,7,9,32,44,54,64,65,66,67,68,69,71,77,87,112,113,114,115,116,117,118,119,120,121,128,129,135,138,156,185,252,253,254,255,256,257,258,259,260,261,262,263,264,265,266,267,268,269,316,337,343,369,370,382,404,405,406,407,408,409,410,411,412,413,498,627,677,823,824,825,826,898,1123,1124,1125,
701;1;1599;1705;1;0,1,2,3,5,7,9,32,44,54,64,65,66,67,68,69,71,77,87,112,113,114,115,116,117,118,119,120,121,128,129,135,138,156,185,252,253,254,255,256,257,258,259,260,261,262,263,264,265,266,267,268,269,316,337,343,369,370,382,404,405,406,407,408,409,410,411,412,413,498,627,677,823,824,825,826,898,1123,1124,1125,
666;0;1705;1802;1;0,1,2,3,5,7,9,32,44,54,67,71,77,87,115,119,128,129,135,138,156,185,252,253,254,255,256,257,258,259,260,261,262,263,264,265,266,267,268,269,270,271,272,273,274,275,276,277,278,279,280,281,282,283,284,285,286,287,288,289,290,291,292,293,294,295,296,316,337,343,369,370,382,405,408,410,412,413,627,898,
666;1;1802;1816;1;0,1,2,3,5,7,9,32,44,54,67,71,77,87,115,119,128,129,135,138,156,185,252,253,254,255,256,257,258,259,260,261,262,263,264,265,266,267,268,269,270,271,272,273,274,275,276,277,278,279,280,281,282,283,284,285,286,287,288,289,290,291,292,293,294,295,296,316,337,343,369,370,382,405,408,410,412,413,627,898,
511;0;1816;1932;1;0,1,2,3,5,7,9,32,44,54,67,71,77,87,115,128,129,132,135,138,140,156,185,186,252,253,254,255,256,257,258,259,260,261,262,263,264,265,266,267,268,269,270,271,272,273,274,275,276,277,278,279,280,281,282,283,284,285,286,287,288,289,290,291,292,293,294,295,296,316,327,337,343,369,370,382,383,384,405,898,
511;1;1932;1964;1;0,1,2,3,5,7,9,32,44,54,67,71,77,87,115,128,129,132,135,138,140,156,185,186,252,253,254,255,256,257,258,259,260,261,262,263,264,265,266,267,268,269,270,271,272,273,274,275,276,277,278,279,280,281,282,283,284,285,286,287,288,289,290,291,292,293,294,295,296,316,327,337,343,369,370,382,383,384,405,898,
141;0;1964;2091;1;0,1,2,3,5,7,9,32,44,54,67,71,77,87,115,128,129,132,135,138,140,156,185,186,252,253,254,255,256,257,258,259,260,261,262,263,264,265,266,267,268,269,270,271,272,273,274,275,276,277,278,279,280,281,282,283,284,285,286,287,288,289,290,291,292,293,294,295,296,316,327,337,343,369,370,382,383,384,405,898,
141;1;2091;2135;1;0,1,2,3,5,7,9,32,44,54,67,71,77,87,115,128,129,132,135,138,140,156,185,186,252,253,254,255,256,257,258,259,260,261,262,263,264,265,266,267,268,269,270,271,272,273,274,275,276,277,278,279,280,281,282,283,284,285,286,287,288,289,290,291,292,293,294,295,296,316,327,337,343,369,370,382,383,384,405,898,
296;0;2135;2250;1;0,1,2,3,4,5,6,7,8,9,10,11,12,13,14,15,16,32,70,71,72,78,91,94,95,96,97,98,99,100,101,102,103,104,105,106,110,128,132,135,140,156,186,252,253,254,255,256,257,258,259,260,261,262,263,264,265,266,267,268,269,272,327,382,383,384,385,414,415,416,417,418,419,423,424,425,656,657,658,659,
296;1;2250;2316;1;0,1,2,3,4,5,6,7,8,9,10,11,12,13,14,15,16,32,70,71,72,78,91,94,95,96,97,98,99,100,101,102,103,104,105,106,110,128,132,135,140,156,186,252,253,254,255,256,257,258,259,260,261,262,263,264,265,266,267,268,269,272,327,382,383,384,385,414,415,416,417,418,419,423,424,425,656,657,658,659,
617;0;2316;2413;0;0,1,2,3,4,5,6,7,8,9,10,11,12,13,14,15,16,32,70,71,72,78,91,94,95,96,97,98,99,100,101,102,103,104,105,106,110,128,132,135,140,156,186,252,253,254,255,256,257,258,259,260,261,262,263,264,265,266,267,268,269,272,327,382,383,384,385,414,415,416,417,418,419,423,424,425,656,657,658,659,
317;0;2413;2511;0;0,1,2,3,4,5,6,7,8,9,10,11,12,13,14,15,16,32,70,71,72,78,91,94,95,96,97,98,99,100,101,102,103,104,105,106,110,128,132,135,140,156,186,252,253,254,255,256,257,258,259,260,261,262,263,264,265,266,267,268,269,272,327,382,383,384,385,414,415,416,417,418,419,423,424,425,656,657,658,659,
146;0;2511;2642;1;0,1,2,3,4,5,6,7,8,9,10,11,12,13,14,15,16,32,70,71,72,78,91,94,95,96,97,98,99,100,101,102,103,104,105,106,110,128,132,135,140,156,186,252,253,254,255,256,257,258,259,260,261,262,263,264,265,266,267,268,269,272,327,382,383,384,385,414,415,416,417,418,419,423,424,425,656,657,658,659,
146;1;2642;2718;1;0,1,2,3,4,5,6,7,8,9,10,11,12,13,14,15,16,32,70,71,72,78,91,94,95,96,97,98,99,100,101,102,103,104,105,106,110,128,132,135,140,156,186,252,253,254,255,256,257,258,259,260,261,262,263,264,265,266,267,268,269,272,327,382,383,384,385,414,415,416,417,418,419,423,424,425,656,657,658,659,
136;0;2718;2866;1;0,1,2,3,4,5,6,7,8,9,10,11,12,13,14,15,16,32,70,71,72,78,91,94,95,96,97,98,99,100,101,102,103,104,105,106,110,128,132,135,140,156,186,252,253,254,255,256,257,258,259,260,261,262,263,264,265,266,267,268,269,272,327,382,383,384,385,414,415,416,417,418,419,423,424,425,656,657,658,659,
136;1;2866;2910;1;0,1,2,3,4,5,6,7,8,9,10,11,12,13,14,15,16,32,70,71,72,78,91,94,95,96,97,98,99,100,101,102,103,104,105,106,110,128,132,135,140,156,186,252,253,254,255,256,257,258,259,260,261,262,263,264,265,266,267,268,269,272,327,382,383,384,385,414,415,416,417,418,419,423,424,425,656,657,658,659,
654;0;2910;3125;1;0,1,2,3,4,5,6,7,8,9,10,11,12,13,14,15,16,32,48,70,71,72,78,91,94,95,96,97,98,99,100,101,102,103,104,105,106,110,132,140,150,151,156,186,197,224,227,252,253,254,259,263,264,269,272,327,382,383,384,385,438,442,656,657,658,659,864,867,1306,1307,1308,1309,1310,1311,1312,1313,1314,1315,1316,1317,
654;1;3125;3288;1;0,1,2,3,4,5,6,7,8,9,10,11,12,13,14,15,16,32,48,70,71,72,78,91,94,95,96,97,98,99,100,101,102,103,104,105,106,110,132,140,150,151,156,186,197,224,227,252,253,254,259,263,264,269,272,327,382,383,384,385,438,442,656,657,658,659,864,867,1306,1307,1308,1309,1310,1311,1312,1313,1314,1315,1316,1317,
36;0;3288;3426;1;0,1,2,3,4,5,6,7,8,9,10,11,12,13,14,15,16,32,48,70,71,72,91,104,105,106,132,140,149,150,151,153,156,157,186,194,195,196,197,198,223,224,225,226,227,228,229,259,272,327,371,382,383,384,385,393,402,436,437,438,439,440,441,442,443,444,445,446,447,864,867,1306,1307,1308,1309,1310,1311,1312,1313,1314,
36;1;3426;3465;1;0,1,2,3,4,5,6,7,8,9,10,11,12,13,14,15,16,32,48,70,71,72,91,104,105,106,132,140,149,150,151,153,156,157,186,194,195,196,197,198,223,224,225,226,227,228,229,259,272,327,371,382,383,384,385,393,402,436,437,438,439,440,441,442,443,444,445,446,447,864,867,1306,1307,1308,1309,1310,1311,1312,1313,1314,
457;0;3465;3549;0;0,1,2,3,4,5,6,7,8,9,10,11,12,13,14,15,16,32,48,70,71,72,91,104,105,106,132,140,149,150,151,153,156,157,186,194,195,196,197,198,223,224,225,226,227,228,229,259,272,327,371,382,383,384,385,393,402,436,437,438,439,440,441,442,443,444,445,446,447,864,867,1306,1307,1308,1309,1310,1311,1312,1313,1314,
394;0;3549;3687;1;0,1,2,3,4,5,6,7,8,9,45,48,63,70,71,72,74,105,106,149,150,151,153,156,157,185,186,187,188,189,190,191,192,193,194,195,196,197,198,223,224,225,226,227,228,229,235,371,379,385,388,390,392,393,396,402,436,437,438,439,440,441,442,443,444,445,446,447,686,687,688,689,690,691,692,693,694,695,696,697,
394;1;3687;3726;1;0,1,2,3,4,5,6,7,8,9,45,48,63,70,71,72,74,105,106,149,150,151,153,156,157,185,186,187,188,189,190,191,192,193,194,195,196,197,198,223,224,225,226,227,228,229,235,371,379,385,388,390,392,393,396,402,436,437,438,439,440,441,442,443,444,445,446,447,686,687,688,689,690,691,692,693,694,695,696,697,
716;0;3726;3976;1;0,1,2,3,4,5,6,7,8,9,45,48,63,70,71,72,74,105,106,149,150,151,153,156,157,185,186,187,188,189,190,191,192,193,194,195,196,197,198,223,224,225,226,227,228,229,235,371,379,385,388,390,392,393,396,402,436,437,438,439,440,441,442,443,444,445,446,447,686,687,688,689,690,691,692,693,694,695,696,697,
716;1;3976;4065;1;0,1,2,3,4,5,6,7,8,9,45,48,63,70,71,72,74,105,106,149,150,151,153,156,157,185,186,187,188,189,190,191,192,193,194,195,196,197,198,223,224,225,226,227,228,229,235,371,379,385,388,390,392,393,396,402,436,437,438,439,440,441,442,443,444,445,446,447,686,687,688,689,690,691,692,693,694,695,696,697,
709;0;4065;4285;1;0,1,2,3,4,5,6,7,8,9,45,48,63,70,71,72,74,105,106,149,150,151,153,156,157,185,186,187,188,189,190,191,192,193,194,195,196,197,198,223,224,225,226,227,228,229,235,371,379,385,388,390,392,393,396,402,436,437,438,439,440,441,442,443,444,445,446,447,686,687,688,689,690,691,692,693,694,695,696,697,
709;1;4285;4358;1;0,1,2,3,4,5,6,7,8,9,45,48,63,70,71,72,74,105,106,149,150,151,153,156,157,185,186,187,188,189,190,191,192,193,194,195,196,197,198,223,224,225,226,227,228,229,235,371,379,385,388,390,392,393,396,402,436,437,438,439,440,441,442,443,444,445,446,447,686,687,688,689,690,691,692,693,694,695,696,697,
112;0;4358;4408;0;0,1,2,3,4,5,6,7,8,9,45,48,63,70,71,72,74,105,106,138,149,150,151,153,156,157,185,186,187,188,194,195,196,197,198,223,224,225,226,227,228,229,235,332,335,345,371,379,385,388,390,392,393,396,402,436,437,438,439,440,441,442,443,444,445,446,447,448,686,687,688,689,690,691,692,693,694,695,696,697,
214;0;4408;4583;1;0,1,2,3,4,5,6,7,8,9,45,48,63,70,71,72,74,105,106,138,149,150,151,153,156,157,185,186,187,188,194,195,196,197,198,223,224,225,226,227,228,229,235,332,335,345,371,379,385,388,390,392,393,396,402,436,437,438,439,440,441,442,443,444,445,446,447,448,686,687,688,689,690,691,692,693,694,695,696,697,
214;1;4583;4597;1;0,1,2,3,4,5,6,7,8,9,45,48,63,70,71,72,74,105,106,138,149,150,151,153,156,157,185,186,187,188,194,195,196,197,198,223,224,225,226,227,228,229,235,332,335,345,371,379,385,388,390,392,393,396,402,436,437,438,439,440,441,442,443,444,445,446,447,448,686,687,688,689,690,691,692,693,694,695,696,697,
389;0;4597;4782;1;0,1,2,3,4,5,6,7,8,9,45,48,63,70,71,72,74,105,106,138,149,150,151,153,156,157,185,186,187,188,194,195,196,197,198,223,224,225,226,227,228,229,235,332,335,345,371,379,385,388,390,392,393,396,402,436,437,438,439,440,441,442,443,444,445,446,447,686,687,688,689,690,691,692,693,694,695,696,697,1145,
389;1;4782;4946;1;0,1,2,3,4,5,6,7,8,9,45,48,63,70,71,72,74,105,106,138,149,150,151,153,156,157,185,186,187,188,194,195,196,197,198,223,224,225,226,227,228,229,235,332,335,345,371,379,385,388,390,392,393,396,402,436,437,438,439,440,441,442,443,444,445,446,447,686,687,688,689,690,691,692,693,694,695,696,697,1145,
6;0;4946;5084;1;0,1,2,3,4,5,6,7,8,9,10,11,12,13,14,15,16,32,48,50,51,70,71,72,81,93,104,105,149,150,151,153,156,157,186,197,224,227,228,259,335,336,343,345,369,370,371,393,396,400,402,436,438,442,444,468,477,482,504,505,506,507,508,509,510,511,512,513,696,949,950,951,952,953,954,955,956,957,958,959,
6;1;5084;5132;1;0,1,2,3,4,5,6,7,8,9,10,11,12,13,14,15,16,32,48,50,51,70,71,72,81,93,104,105,149,150,151,153,156,157,186,197,224,227,228,259,335,336,343,345,369,370,371,393,396,400,402,436,438,442,444,468,477,482,504,505,506,507,508,509,510,511,512,513,696,949,950,951,952,953,954,955,956,957,958,959,
0;0;5132;5362;1;0,1,2,3,4,5,6,7,8,9,10,11,12,13,14,15,16,32,48,50,51,70,71,72,81,93,104,105,149,150,151,153,156,157,186,197,224,227,228,259,335,336,343,345,369,370,371,393,396,400,402,436,438,442,444,468,477,482,504,505,506,507,508,509,510,511,512,513,696,949,950,951,952,953,954,955,956,957,958,959,
0;1;5362;5537;1;0,1,2,3,4,5,6,7,8,9,10,11,12,13,14,15,16,32,48,50,51,70,71,72,81,93,104,105,149,150,151,153,156,157,186,197,224,227,228,259,335,336,343,345,369,370,371,393,396,400,402,436,438,442,444,468,477,482,504,505,506,507,508,509,510,511,512,513,696,949,950,951,952,953,954,955,956,957,958,959,
578;0;5537;5575;0;0,1,2,3,4,5,6,7,8,9,10,11,12,13,14,15,16,32,48,50,51,70,71,72,81,93,104,105,149,150,151,153,156,157,186,197,224,227,228,259,335,336,343,345,369,370,371,393,396,400,402,436,438,442,444,468,477,482,504,505,506,507,508,509,510,511,512,513,696,949,950,951,952,953,954,955,956,957,958,959,
578;1;5575;5579;0;0,1,2,3,4,5,6,7,8,9,10,11,12,13,14,15,16,32,48,50,51,70,71,72,81,93,104,105,149,150,151,153,156,157,186,197,224,227,228,259,335,336,343,345,369,370,371,393,396,400,402,436,438,442,444,468,477,482,504,505,506,507,508,509,510,511,512,513,696,949,950,951,952,953,954,955,956,957,958,959,
149;0;5579;5765;1;0,1,2,3,4,5,6,7,8,9,10,11,12,13,14,15,16,32,48,50,51,70,71,72,81,93,104,105,149,150,151,153,156,157,186,197,224,227,228,259,335,336,343,345,369,370,371,393,396,400,402,436,438,442,444,468,477,482,504,505,506,507,508,509,510,511,512,513,696,949,950,951,952,953,954,955,956,957,958,959,
149;1;5765;5917;1;0,1,2,3,4,5,6,7,8,9,10,11,12,13,14,15,16,32,48,50,51,70,71,72,81,93,104,105,149,150,151,153,156,157,186,197,224,227,228,259,335,336,343,345,369,370,371,393,396,400,402,436,438,442,444,468,477,482,504,505,506,507,508,509,510,511,512,513,696,949,950,951,952,953,954,955,956,957,958,959,
497;0;5917;5972;0;0,1,2,3,4,5,6,7,8,9,10,11,12,13,14,15,16,32,48,50,51,70,71,72,81,93,104,105,149,150,151,153,156,157,186,197,224,227,228,259,335,336,343,345,369,370,371,393,396,400,402,436,438,442,444,468,477,482,504,505,506,507,508,509,510,511,512,513,696,949,950,951,952,953,954,955,956,957,958,959,
109;0;5972;6133;1;0,1,2,3,4,5,6,7,8,9,10,11,12,13,14,15,16,32,48,50,51,70,71,72,81,93,104,105,149,150,151,153,156,157,186,197,224,227,228,259,335,336,343,345,369,370,371,393,396,400,402,436,438,442,444,468,477,482,504,505,506,507,508,509,510,511,512,513,696,949,950,951,952,953,954,955,956,957,958,959,
109;1;6133;6185;1;0,1,2,3,4,5,6,7,8,9,10,11,12,13,14,15,16,32,48,50,51,70,71,72,81,93,104,105,149,150,151,153,156,157,186,197,224,227,228,259,335,336,343,345,369,370,371,393,396,400,402,436,438,442,444,468,477,482,504,505,506,507,508,509,510,511,512,513,696,949,950,951,952,953,954,955,956,957,958,959,
114;0;6185;6349;1;0,1,2,3,4,5,6,7,8,9,10,11,12,13,14,15,16,32,48,50,51,70,71,72,81,93,104,105,149,150,151,153,156,157,186,197,224,227,228,259,335,336,343,345,369,370,371,393,396,400,402,436,438,442,444,468,477,482,504,505,506,507,508,509,510,511,512,513,696,949,950,951,952,953,954,955,956,957,958,959,
114;1;6349;6432;1;0,1,2,3,4,5,6,7,8,9,10,11,12,13,14,15,16,32,48,50,51,70,71,72,81,93,104,105,149,150,151,153,156,157,186,197,224,227,228,259,335,336,343,345,369,370,371,393,396,400,402,436,438,442,444,468,477,482,504,505,506,507,508,509,510,511,512,513,696,949,950,951,952,953,954,955,956,957,958,959,
179;0;6432;6691;1;0,2,3,48,51,61,70,72,81,92,105,142,147,149,150,151,152,153,154,155,156,157,158,159,160,161,162,163,164,165,166,167,168,169,170,171,172,173,174,175,176,177,178,179,180,181,182,183,184,197,230,272,282,286,396,696,827,828,949,1007,1011,1126,1127,1128,1129,1130,1131,1132,1133,1134,1135,1136,1137,1138,1139,1140,1141,1142,1143,1144,
179;1;6691;6802;1;0,2,3,48,51,61,70,72,81,92,105,142,147,149,150,151,152,153,154,155,156,157,158,159,160,161,162,163,164,165,166,167,168,169,170,171,172,173,174,175,176,177,178,179,180,181,182,183,184,197,230,272,282,286,396,696,827,828,949,1007,1011,1126,1127,1128,1129,1130,1131,1132,1133,1134,1135,1136,1137,1138,1139,1140,1141,1142,1143,1144,
574;0;6802;7000;1;0,2,3,48,51,61,70,72,81,92,105,142,147,149,150,151,152,153,154,155,156,157,158,159,160,161,162,163,164,165,166,167,168,169,170,171,172,173,174,175,176,177,178,179,180,181,182,183,184,197,230,272,282,286,396,696,827,828,949,1007,1011,1126,1127,1128,1129,1130,1131,1132,1133,1134,1135,1136,1137,1138,1139,1140,1141,1142,1143,1144,
574;1;7000;7050;1;0,2,3,48,51,61,70,72,81,92,105,142,147,149,150,151,152,153,154,155,156,157,158,159,160,161,162,163,164,165,166,167,168,169,170,171,172,173,174,175,176,177,178,179,180,181,182,183,184,197,230,272,282,286,396,696,827,828,949,1007,1011,1126,1127,1128,1129,1130,1131,1132,1133,1134,1135,1136,1137,1138,1139,1140,1141,1142,1143,1144,
311;0;7050;7240;1;0,2,3,48,51,61,70,72,81,92,105,142,147,149,150,151,152,153,154,155,156,157,158,159,160,161,162,163,164,165,166,167,168,169,170,171,172,173,174,175,176,177,178,179,180,181,182,183,184,197,230,272,282,286,396,696,827,828,949,1007,1011,1126,1127,1128,1129,1130,1131,1132,1133,1134,1135,1136,1137,1138,1139,1140,1141,1142,1143,1144,
311;1;7240;7281;1;0,2,3,48,51,61,70,72,81,92,105,142,147,149,150,151,152,153,154,155,156,157,158,159,160,161,162,163,164,165,166,167,168,169,170,171,172,173,174,175,176,177,178,179,180,181,182,183,184,197,230,272,282,286,396,696,827,828,949,1007,1011,1126,1127,1128,1129,1130,1131,1132,1133,1134,1135,1136,1137,1138,1139,1140,1141,1142,1143,1144,
542;0;7281;7285;0;0,2,3,48,51,61,70,72,81,92,105,142,147,149,150,151,152,153,154,155,156,157,158,159,160,161,162,163,164,165,166,167,168,169,170,171,172,173,174,175,176,177,178,179,180,181,182,183,184,197,230,272,282,286,396,696,827,828,949,1007,1011,1126,1127,1128,1129,1130,1131,1132,1133,1134,1135,1136,1137,1138,1139,1140,1141,1142,1143,1144,
286;0;7285;7376;1;0,2,3,48,51,61,70,72,81,92,105,142,147,149,150,151,152,153,154,155,156,157,158,159,160,161,162,163,164,165,166,167,168,169,170,171,172,173,174,175,176,177,178,179,180,181,182,183,184,197,230,272,282,286,396,696,827,828,949,1007,1011,1126,1127,1128,1129,1130,1131,1132,1133,1134,1135,1136,1137,1138,1139,1140,1141,1142,1143,1144,
286;1;7376;7453;1;0,2,3,48,51,61,70,72,81,92,105,142,147,149,150,151,152,153,154,155,156,157,158,159,160,161,162,163,164,165,166,167,168,169,170,171,172,173,174,175,176,177,178,179,180,181,182,183,184,197,230,272,282,286,396,696,827,828,949,1007,1011,1126,1127,1128,1129,1130,1131,1132,1133,1134,1135,1136,1137,1138,1139,1140,1141,1142,1143,1144,
604;0;7453;7471;1;0,2,3,48,51,61,70,72,81,92,105,142,147,149,150,151,152,153,154,155,156,157,158,159,160,161,162,163,164,165,166,167,168,169,170,171,172,173,174,175,176,177,178,179,180,181,182,183,184,197,230,272,282,286,396,696,827,828,949,1007,1011,1126,1127,1128,1129,1130,1131,1132,1133,1134,1135,1136,1137,1138,1139,1140,1141,1142,1143,1144,
604;1;7471;7475;1;0,2,3,48,51,61,70,72,81,92,105,142,147,149,150,151,152,153,154,155,156,157,158,159,160,161,162,163,164,165,166,167,168,169,170,171,172,173,174,175,176,177,178,179,180,181,182,183,184,197,230,272,282,286,396,696,827,828,949,1007,1011,1126,1127,1128,1129,1130,1131,1132,1133,1134,1135,1136,1137,1138,1139,1140,1141,1142,1143,1144,
206;0;7475;7656;1;0,2,3,48,51,61,70,72,81,92,105,142,147,149,150,151,152,153,154,155,156,157,158,159,160,161,162,163,164,165,166,167,168,169,170,171,172,173,174,175,176,177,178,179,180,181,182,183,184,197,230,272,282,286,396,696,827,828,949,1007,1011,1126,1127,1128,1129,1130,1131,1132,1133,1134,1135,1136,1137,1138,1139,1140,1141,1142,1143,1144,
206;1;7656;7689;1;0,2,3,48,51,61,70,72,81,92,105,142,147,149,150,151,152,153,154,155,156,157,158,159,160,161,162,163,164,165,166,167,168,169,170,171,172,173,174,175,176,177,178,179,180,181,182,183,184,197,230,272,282,286,396,696,827,828,949,1007,1011,1126,1127,1128,1129,1130,1131,1132,1133,1134,1135,1136,1137,1138,1139,1140,1141,1142,1143,1144,
376;0;7689;7864;1;0,2,3,44,48,51,52,54,61,70,72,79,81,83,84,85,86,87,88,89,90,91,92,105,142,147,149,150,151,152,153,154,155,156,157,158,159,160,161,162,163,164,165,166,167,168,169,170,171,172,173,174,175,176,177,178,179,180,181,182,183,184,197,230,272,282,286,396,696,827,828,949,1007,1011,1126,1127,1128,1129,1135,1137,
376;1;7864;7973;1;38,44,48,51,52,54,70,72,79,81,83,84,85,86,87,88,89,90,91,92,105,149,150,151,153,156,157,197,224,227,316,352,368,396,438,442,546,554,696,704,705,706,707,708,709,710,711,712,713,714,715,716,717,718,719,720,721,753,754,755,756,757,758,759,760,864,867,1137,1306,1307,1308,1309,1310,1311,1312,1313,1314,1315,1316,1317,
336;0;7973;8100;1;38,44,48,51,52,54,70,72,79,81,83,84,85,86,87,88,89,90,91,92,105,149,150,151,153,156,157,197,224,227,316,352,368,396,438,442,546,554,696,704,705,706,707,708,709,710,711,712,713,714,715,716,717,718,719,720,721,753,754,755,756,757,758,759,760,864,867,1137,1306,1307,1308,1309,1310,1311,1312,1313,1314,1315,1316,1317,
336;1;8100;8194;1;38,44,48,51,52,54,70,72,79,81,83,84,85,86,87,88,89,90,91,92,105,149,150,151,153,156,157,197,224,227,316,352,368,396,438,442,546,554,696,704,705,706,707,708,709,710,711,712,713,714,715,716,717,718,719,720,721,753,754,755,756,757,758,759,760,864,867,1137,1306,1307,1308,1309,1310,1311,1312,1313,1314,1315,1316,1317,
221;0;8194;8291;1;38,44,48,51,52,54,70,72,79,81,83,84,85,86,87,88,89,90,91,92,105,149,150,151,153,156,157,197,224,227,316,352,368,396,438,442,546,554,696,704,705,706,707,708,709,710,711,712,713,714,715,716,717,718,719,720,721,753,754,755,756,757,758,759,760,864,867,1137,1306,1307,1308,1309,1310,1311,1312,1313,1314,1315,1316,1317,
221;1;8291;8355;1;38,44,48,51,52,54,70,72,79,81,83,84,85,86,87,88,89,90,91,92,105,149,150,151,153,156,157,197,224,227,316,352,368,396,438,442,546,554,696,704,705,706,707,708,709,710,711,712,713,714,715,716,717,718,719,720,721,753,754,755,756,757,758,759,760,864,867,1137,1306,1307,1308,1309,1310,1311,1312,1313,1314,1315,1316,1317,
448;0;8355;8416;0;38,44,48,51,52,54,70,72,79,81,83,84,85,86,87,88,89,90,91,92,105,149,150,151,153,156,157,197,224,227,316,352,368,396,438,442,546,554,696,704,705,706,707,708,709,710,711,712,713,714,715,716,717,718,719,720,721,753,754,755,756,757,758,759,760,864,867,1137,1306,1307,1308,1309,1310,1311,1312,1313,1314,1315,1316,1317,
448;1;8416;8425;0;38,44,48,51,52,54,70,72,79,81,83,84,85,86,87,88,89,90,91,92,105,149,150,151,153,156,157,197,224,227,316,352,368,396,438,442,546,554,696,704,705,706,707,708,709,710,711,712,713,714,715,716,717,718,719,720,721,753,754,755,756,757,758,759,760,864,867,1137,1306,1307,1308,1309,1310,1311,1312,1313,1314,1315,1316,1317,
189;0;8425;8543;1;38,44,48,51,52,54,70,72,79,81,83,84,85,86,87,88,89,90,91,92,105,149,150,151,153,156,157,197,224,227,316,352,368,396,438,442,546,554,696,704,705,706,707,708,709,710,711,712,713,714,715,716,717,718,719,720,721,753,754,755,756,757,758,759,760,864,867,1137,1306,1307,1308,1309,1310,1311,1312,1313,1314,1315,1316,1317,
189;1;8543;8640;1;38,44,48,51,52,54,70,72,79,81,83,84,85,86,87,88,89,90,91,92,105,149,150,151,153,156,157,197,224,227,316,352,368,396,438,442,546,554,696,704,705,706,707,708,709,710,711,712,713,714,715,716,717,718,719,720,721,753,754,755,756,757,758,759,760,864,867,1137,1306,1307,1308,1309,1310,1311,1312,1313,1314,1315,1316,1317,
453;0;8640;8782;0;38,44,48,51,52,54,70,72,79,81,83,84,85,86,87,88,89,90,91,92,105,149,150,151,153,156,157,197,224,227,316,352,368,393,396,402,436,438,442,444,546,554,696,704,705,706,707,708,709,710,711,712,713,714,715,716,717,718,719,720,721,753,754,755,756,757,758,759,760,777,864,867,1137,1306,1307,1308,1309,1310,1311,1312,
453;1;8782;8803;0;38,44,48,51,52,54,70,72,79,81,83,84,85,86,87,88,89,90,91,92,105,149,150,151,153,156,157,197,224,227,316,352,368,393,396,402,436,438,442,444,546,554,696,704,705,706,707,708,709,710,711,712,713,714,715,716,717,718,719,720,721,753,754,755,756,757,758,759,760,777,864,867,1137,1306,1307,1308,1309,1310,1311,1312,
699;0;8803;8953;1;32,48,54,70,72,91,92,105,123,125,129,149,150,151,153,156,157,186,197,224,227,316,317,327,335,336,341,343,344,345,352,368,393,396,402,436,438,442,444,465,519,546,621,626,639,696,716,753,754,755,756,757,758,759,760,778,779,780,781,782,783,784,785,786,787,788,789,790,791,792,793,794,795,796,797,798,799,800,801,1137,
699;1;8953;9002;1;32,48,54,70,72,91,92,105,123,125,129,149,150,151,153,156,157,186,197,224,227,316,317,327,335,336,341,343,344,345,352,368,393,396,402,436,438,442,444,465,519,546,621,626,639,696,716,753,754,755,756,757,758,759,760,778,779,780,781,782,783,784,785,786,787,788,789,790,791,792,793,794,795,796,797,798,799,800,801,1137,
289;0;9002;9147;1;32,48,54,70,72,91,92,105,123,125,129,149,150,151,153,156,157,186,197,224,227,316,317,327,335,336,341,343,344,345,352,368,393,396,402,436,438,442,444,465,519,537,538,539,542,543,546,621,626,636,639,696,716,753,754,755,756,757,758,759,760,778,780,829,830,831,832,833,834,835,836,837,838,839,840,841,842,843,844,1137,
289;1;9147;9161;1;32,48,54,70,72,91,92,105,123,125,129,149,150,151,153,156,157,186,197,224,227,316,317,327,335,336,341,343,344,345,352,368,393,396,402,436,438,442,444,465,519,537,538,539,542,543,546,621,626,636,639,696,716,753,754,755,756,757,758,759,760,778,780,829,830,831,832,833,834,835,836,837,838,839,840,841,842,843,844,1137,
509;0;9161;9300;1;32,48,54,70,72,91,92,105,129,149,150,151,153,156,157,186,197,224,227,277,316,317,327,335,336,341,343,344,345,352,368,393,396,402,436,438,442,444,465,537,538,539,542,543,546,626,636,639,696,716,753,754,755,756,757,758,759,760,780,829,830,831,832,833,834,835,836,837,838,1003,1137,1170,1171,1172,1173,1174,1175,1176,1177,1178,
509;1;9300;9341;1;32,48,54,70,72,91,92,105,129,149,150,151,153,156,157,186,197,224,227,277,316,317,327,335,336,341,343,344,345,352,368,393,396,402,436,438,442,444,465,537,538,539,542,543,546,626,636,639,696,716,753,754,755,756,757,758,759,760,780,829,830,831,832,833,834,835,836,837,838,1003,1137,1170,1171,1172,1173,1174,1175,1176,1177,1178,
439;0;9341;9563;1;32,48,70,71,72,105,106,129,138,148,149,150,151,153,156,157,185,194,195,196,197,198,223,224,225,226,227,228,229,293,316,327,335,343,344,371,393,396,397,402,436,437,438,439,440,441,442,443,444,445,446,447,696,753,754,755,756,757,758,759,760,802,857,858,898,1119,1120,1121,1122,1322,1432,1433,1434,1435,1436,1437,1438,1439,1440,1441,
439;1;9563;9646;1;32,48,70,71,72,105,106,129,138,148,149,150,151,153,156,157,185,194,195,196,197,198,223,224,225,226,227,228,229,293,316,327,335,343,344,371,393,396,397,402,436,437,438,439,440,441,442,443,444,445,446,447,696,753,754,755,756,757,758,759,760,802,857,858,898,1119,1120,1121,1122,1322,1432,1433,1434,1435,1436,1437,1438,1439,1440,1441,
159;0;9646;9749;1;32,48,70,71,72,105,106,129,138,148,149,150,151,153,156,157,185,194,195,196,197,198,223,224,225,226,227,228,229,293,316,327,335,343,344,371,393,396,397,402,436,437,438,439,440,441,442,443,444,445,446,447,696,753,754,755,756,757,758,759,760,802,857,858,898,1119,1120,1121,1122,1322,1432,1433,1434,1435,1436,1437,1438,1439,1440,1441,
159;1;9749;9753;1;32,48,70,71,72,105,106,129,138,148,149,150,151,153,156,157,185,194,195,196,197,198,223,224,225,226,227,228,229,293,316,327,335,343,344,371,393,396,397,402,436,437,438,439,440,441,442,443,444,445,446,447,696,753,754,755,756,757,758,759,760,802,857,858,898,1119,1120,1121,1122,1322,1432,1433,1434,1435,1436,1437,1438,1439,1440,1441,
351;0;9753;9846;1;32,48,70,71,72,105,106,129,138,148,149,150,151,153,156,157,185,194,195,196,197,198,223,224,225,226,227,228,229,293,316,327,335,343,344,371,393,396,397,402,436,437,438,439,440,441,442,443,444,445,446,447,696,753,754,755,756,757,758,759,760,802,857,858,898,1119,1120,1121,1122,1322,1432,1433,1434,1435,1436,1437,1438,1439,1440,1441,
351;1;9846;9877;1;32,48,70,71,72,105,106,129,138,148,149,150,151,153,156,157,185,194,195,196,197,198,223,224,225,226,227,228,229,293,316,327,335,343,344,371,393,396,397,402,436,437,438,439,440,441,442,443,444,445,446,447,696,753,754,755,756,757,758,759,760,802,857,858,898,1119,1120,1121,1122,1322,1432,1433,1434,1435,1436,1437,1438,1439,1440,1441,
100;0;9877;9977;0;32,48,70,71,72,105,106,129,138,148,149,150,151,153,156,157,185,194,195,196,197,198,223,224,225,226,227,228,229,293,316,327,335,343,344,371,393,396,397,402,436,437,438,439,440,441,442,443,444,445,446,447,696,753,754,755,756,757,758,759,760,802,857,858,898,1119,1120,1121,1122,1322,1432,1433,1434,1435,1436,1437,1438,1439,1440,1441,
357;0;9977;10076;0;32,48,70,71,72,105,106,129,138,148,149,150,151,153,156,157,185,194,195,196,197,198,223,224,225,226,227,228,229,293,316,327,335,343,344,371,393,396,397,402,436,437,438,439,440,441,442,443,444,445,446,447,696,753,754,755,756,757,758,759,760,802,857,858,898,1119,1120,1121,1122,1322,1432,1433,1434,1435,1436,1437,1438,1439,1440,1441,
Machine: 2
16;0;0;248;1;17,25,27,32,44,54,64,65,66,67,68,69,71,87,112,113,114,115,116,117,118,119,120,121,128,130,135,138,252,253,254,255,256,257,258,259,260,261,262,263,264,265,266,267,268,269,304,307,336,366,368,485,507,508,509,527,543,566,596,613,710,713,874,879,900,929,943,944,945,946,947,948,965,1031,1035,1166,1167,1168,1169,1503,
16;1;248;399;1;17,25,27,32,44,54,64,65,66,67,68,69,71,87,112,113,114,115,116,117,118,119,120,121,128,130,135,138,252,253,254,255,256,257,258,259,260,261,262,263,264,265,266,267,268,269,304,307,336,366,368,485,507,508,509,527,543,566,596,613,710,713,874,879,900,929,943,944,945,946,947,948,965,1031,1035,1166,1167,1168,1169,1503,
302;0;399;551;0;17,25,27,32,44,54,64,65,66,67,68,69,71,87,112,113,114,115,116,117,118,119,120,121,128,130,135,138,252,253,254,255,256,257,258,259,260,261,262,263,264,265,266,267,268,269,304,307,336,366,368,485,507,508,509,527,543,566,596,613,710,713,874,879,900,929,943,944,945,946,947,948,965,1031,1035,1166,1167,1168,1169,1503,
696;0;551;790;1;17,25,27,32,44,54,64,65,66,67,68,69,71,87,112,113,114,115,116,117,118,119,120,121,128,130,135,138,252,253,254,255,256,257,258,259,260,261,262,263,264,265,266,267,268,269,304,307,336,366,368,485,507,508,509,527,543,566,596,613,710,713,874,879,900,929,943,944,945,946,947,948,965,1031,1035,1166,1167,1168,1169,1503,
696;1;790;941;1;17,25,27,32,44,54,64,65,66,67,68,69,71,87,112,113,114,115,116,117,118,119,120,121,128,130,135,138,252,253,254,255,256,257,258,259,260,261,262,263,264,265,266,267,268,269,304,307,336,366,368,485,507,508,509,527,543,566,596,613,710,713,874,879,900,929,943,944,945,946,947,948,965,1031,1035,1166,1167,1168,1169,1503,
614;0;941;1050;1;17,25,27,32,44,54,64,65,66,67,68,69,71,87,112,113,114,115,116,117,118,119,120,121,128,130,135,138,252,253,254,255,256,257,258,259,260,261,262,263,264,265,266,267,268,269,304,307,336,366,368,485,507,508,509,527,543,566,596,613,710,713,874,879,900,929,943,944,945,946,947,948,965,1031,1035,1166,1167,1168,1169,1503,
614;1;1050;1070;1;17,25,27,32,44,54,64,65,66,67,68,69,71,87,112,113,114,115,116,117,118,119,120,121,128,130,135,138,252,253,254,255,256,257,258,259,260,261,262,263,264,265,266,267,268,269,304,307,336,366,368,485,507,508,509,527,543,566,596,613,710,713,874,879,900,929,943,944,945,946,947,948,965,1031,1035,1166,1167,1168,1169,1503,
726;0;1070;1274;1;17,25,27,32,44,54,64,65,66,67,68,69,71,87,112,113,114,115,116,117,118,119,120,121,128,130,135,138,252,253,254,255,256,257,258,259,260,261,262,263,264,265,266,267,268,269,304,307,336,366,368,485,507,508,509,527,543,566,596,613,710,713,874,879,900,929,943,944,945,946,947,948,965,1031,1035,1166,1167,1168,1169,1503,
726;1;1274;1326;1;17,25,27,32,44,54,64,65,66,67,68,69,71,87,112,113,114,115,116,117,118,119,120,121,128,130,135,138,252,253,254,255,256,257,258,259,260,261,262,263,264,265,266,267,268,269,304,307,336,366,368,485,507,508,509,527,543,566,596,613,710,713,874,879,900,929,943,944,945,946,947,948,965,1031,1035,1166,1167,1168,1169,1503,
529;0;1326;1593;1;17,25,27,32,44,54,64,65,66,67,68,69,71,87,112,113,114,115,116,117,118,119,120,121,128,130,135,138,252,253,254,255,256,257,258,259,260,261,262,263,264,265,266,267,268,269,304,307,336,366,368,485,507,508,509,527,543,566,596,613,710,713,874,879,900,929,943,944,945,946,947,948,965,1031,1035,1166,1167,1168,1169,1503,
529;1;1593;1710;1;17,25,27,32,44,54,64,65,66,67,68,69,71,87,112,113,114,115,116,117,118,119,120,121,128,130,135,138,252,253,254,255,256,257,258,259,260,261,262,263,264,265,266,267,268,269,304,307,336,366,368,485,507,508,509,527,543,566,596,613,710,713,874,879,900,929,943,944,945,946,947,948,965,1031,1035,1166,1167,1168,1169,1503,
3;0;1710;1818;0;17,25,27,32,44,54,64,65,66,67,68,69,71,87,112,113,114,115,116,117,118,119,120,121,128,130,135,138,252,253,254,255,256,257,258,259,260,261,262,263,264,265,266,267,268,269,304,307,336,366,368,485,507,508,509,527,543,566,596,613,710,713,874,879,900,929,943,944,945,946,947,948,965,1031,1035,1166,1167,1168,1169,1503,
3;1;1818;1884;0;17,25,27,32,44,54,64,65,66,67,68,69,71,87,112,113,114,115,116,117,118,119,120,121,128,130,135,138,252,253,254,255,256,257,258,259,260,261,262,263,264,265,266,267,268,269,304,307,336,366,368,485,507,508,509,527,543,566,596,613,710,713,874,879,900,929,943,944,945,946,947,948,965,1031,1035,1166,1167,1168,1169,1503,
299;0;1884;2010;1;17,25,27,32,44,54,64,65,66,67,68,69,71,87,112,113,114,115,116,117,118,119,120,121,128,130,135,138,252,253,254,255,256,257,258,259,260,261,262,263,264,265,266,267,268,269,304,307,336,366,368,485,507,508,509,527,543,566,596,613,710,713,874,879,900,929,943,944,945,946,947,948,965,1031,1035,1166,1167,1168,1169,1503,
299;1;2010;2039;1;17,25,27,32,44,54,64,65,66,67,68,69,71,87,112,113,114,115,116,117,118,119,120,121,128,130,135,138,252,253,254,255,256,257,258,259,260,261,262,263,264,265,266,267,268,269,304,307,336,366,368,485,507,508,509,527,543,566,596,613,710,713,874,879,900,929,943,944,945,946,947,948,965,1031,1035,1166,1167,1168,1169,1503,
104;0;2039;2373;1;17,25,27,32,44,54,64,65,66,67,68,69,71,87,112,113,114,115,116,117,118,119,120,121,128,130,135,138,252,253,254,255,256,257,258,259,260,261,262,263,264,265,266,267,268,269,304,307,336,366,368,485,507,508,509,527,543,566,596,613,710,713,874,879,900,929,943,944,945,946,947,948,965,1031,1035,1166,1167,1168,1169,1503,
104;1;2373;2537;1;17,25,27,32,44,54,64,65,66,67,68,69,71,87,112,113,114,115,116,117,118,119,120,121,128,130,135,138,252,253,254,255,256,257,258,259,260,261,262,263,264,265,266,267,268,269,304,307,336,366,368,485,507,508,509,527,543,566,596,613,710,713,874,879,900,929,943,944,945,946,947,948,965,1031,1035,1166,1167,1168,1169,1503,
116;0;2537;2736;1;17,25,27,32,44,54,64,65,66,67,68,69,71,87,112,113,114,115,116,117,118,119,120,121,128,130,135,138,252,253,254,255,256,257,258,259,260,261,262,263,264,265,266,267,268,269,304,307,336,366,368,485,507,508,509,527,543,566,596,613,710,713,874,879,900,929,943,944,945,946,947,948,965,1031,1035,1166,1167,1168,1169,1503,
116;1;2736;2783;1;17,25,27,32,44,54,64,65,66,67,68,69,71,87,112,113,114,115,116,117,118,119,120,121,128,130,135,138,252,253,254,255,256,257,258,259,260,261,262,263,264,265,266,267,268,269,304,307,336,366,368,485,507,508,509,527,543,566,596,613,710,713,874,879,900,929,943,944,945,946,947,948,965,1031,1035,1166,1167,1168,1169,1503,
539;0;2783;2914;1;17,25,27,32,44,54,64,65,66,67,68,69,71,87,112,113,114,115,116,117,118,119,120,121,128,130,135,138,252,253,254,255,256,257,258,259,260,261,262,263,264,265,266,267,268,269,304,307,336,366,368,485,507,508,509,527,543,566,596,613,710,713,874,879,900,929,943,944,945,946,947,948,965,1031,1035,1166,1167,1168,1169,1503,
539;1;2914;3015;1;17,25,27,32,44,54,64,65,66,67,68,69,71,87,112,113,114,115,116,117,118,119,120,121,128,130,135,138,252,253,254,255,256,257,258,259,260,261,262,263,264,265,266,267,268,269,304,307,336,366,368,485,507,508,509,527,543,566,596,613,710,713,874,879,900,929,943,944,945,946,947,948,965,1031,1035,1166,1167,1168,1169,1503,
290;0;3015;3047;0;17,25,32,44,64,65,66,67,68,69,71,115,128,130,133,135,138,186,252,253,254,255,256,257,258,259,260,261,262,263,264,265,266,267,268,269,304,316,336,366,368,408,472,509,519,527,543,613,622,625,626,627,639,717,721,781,798,874,900,931,1063,1166,1167,1168,1169,1203,1204,1205,1206,1207,1208,1209,1210,1211,1212,1213,1214,1215,1216,1217,
396;0;3047;3216;1;17,25,32,44,64,65,66,67,68,69,71,115,128,130,133,135,138,186,252,253,254,255,256,257,258,259,260,261,262,263,264,265,266,267,268,269,304,316,336,366,368,408,472,509,519,527,543,613,622,625,626,627,639,717,721,781,798,874,900,931,1063,1166,1167,1168,1169,1203,1204,1205,1206,1207,1208,1209,1210,1211,1212,1213,1214,1215,1216,1217,
396;1;3216;3353;1;17,25,32,44,64,65,66,67,68,69,71,115,128,130,133,135,138,186,252,253,254,255,256,257,258,259,260,261,262,263,264,265,266,267,268,269,304,316,336,366,368,408,472,509,519,527,543,613,622,625,626,627,639,717,721,781,798,874,900,931,1063,1166,1167,1168,1169,1203,1204,1205,1206,1207,1208,1209,1210,1211,1212,1213,1214,1215,1216,1217,
386;0;3353;3615;1;17,25,32,64,71,128,132,134,135,138,140,186,252,253,254,255,256,257,258,259,260,261,262,263,264,265,266,267,268,269,299,304,315,316,317,318,325,327,332,336,341,345,348,360,364,366,368,404,408,509,527,543,554,599,626,627,639,874,900,931,1077,1078,1079,1080,1081,1082,1083,1084,1085,1086,1087,1166,1167,1168,1169,1458,1459,1460,1461,1462,
386;1;3615;3721;1;17,25,32,64,71,128,132,134,135,138,140,186,252,253,254,255,256,257,258,259,260,261,262,263,264,265,266,267,268,269,299,304,315,316,317,318,325,327,332,336,341,345,348,360,364,366,368,404,408,509,527,543,554,599,626,627,639,874,900,931,1077,1078,1079,1080,1081,1082,1083,1084,1085,1086,1087,1166,1167,1168,1169,1458,1459,1460,1461,1462,
29;0;3721;3945;1;17,25,32,64,71,128,132,134,135,138,140,186,252,253,254,255,256,257,258,259,260,261,262,263,264,265,266,267,268,269,299,304,315,316,317,318,325,327,332,336,341,345,348,360,364,366,368,404,408,509,527,543,554,599,626,627,639,874,900,931,1077,1078,1079,1080,1081,1082,1083,1084,1085,1086,1087,1166,1167,1168,1169,1458,1459,1460,1461,1462,
29;1;3945;4125;1;17,25,32,64,71,128,132,134,135,138,140,186,252,253,254,255,256,257,258,259,260,261,262,263,264,265,266,267,268,269,299,304,315,316,317,318,325,327,332,336,341,345,348,360,364,366,368,404,408,509,527,543,554,599,626,627,639,874,900,931,1077,1078,1079,1080,1081,1082,1083,1084,1085,1086,1087,1166,1167,1168,1169,1458,1459,1460,1461,1462,
629;0;4125;4392;1;17,25,32,64,71,128,132,134,135,138,140,186,252,253,254,255,256,257,258,259,260,261,262,263,264,265,266,267,268,269,299,304,315,316,317,318,325,327,332,336,341,345,348,360,364,366,368,404,408,509,527,543,554,599,626,627,639,874,900,931,1077,1078,1079,1080,1081,1082,1083,1084,1085,1086,1087,1166,1167,1168,1169,1458,1459,1460,1461,1462,
629;1;4392;4509;1;17,25,32,64,71,128,132,134,135,138,140,186,252,253,254,255,256,257,258,259,260,261,262,263,264,265,266,267,268,269,299,304,315,316,317,318,325,327,332,336,341,345,348,360,364,366,368,404,408,509,527,543,554,599,626,627,639,874,900,931,1077,1078,1079,1080,1081,1082,1083,1084,1085,1086,1087,1166,1167,1168,1169,1458,1459,1460,1461,1462,
616;0;4509;4650;1;17,25,32,64,71,128,132,134,135,138,140,186,252,253,254,255,256,257,258,259,260,261,262,263,264,265,266,267,268,269,299,304,315,316,317,318,325,327,332,336,341,345,348,360,364,366,368,404,408,509,527,543,554,599,626,627,639,874,900,931,1077,1078,1079,1080,1081,1082,1083,1084,1085,1086,1087,1166,1167,1168,1169,1458,1459,1460,1461,1462,
616;1;4650;4710;1;17,25,32,64,71,128,132,134,135,138,140,186,252,253,254,255,256,257,258,259,260,261,262,263,264,265,266,267,268,269,299,304,315,316,317,318,325,327,332,336,341,345,348,360,364,366,368,404,408,509,527,543,554,599,626,627,639,874,900,931,1077,1078,1079,1080,1081,1082,1083,1084,1085,1086,1087,1166,1167,1168,1169,1458,1459,1460,1461,1462,
731;0;4710;4820;1;1,2,17,25,32,64,71,110,128,132,134,135,138,140,186,252,253,254,255,259,262,263,264,265,269,299,304,316,317,327,332,336,341,345,348,360,364,366,368,396,408,414,509,527,543,554,626,627,639,860,874,900,931,1112,1166,1167,1168,1169,1387,1388,1389,1390,1391,1392,1393,1394,1395,1396,1397,1398,1399,1400,1401,1402,1403,1404,1405,1406,1407,1408,
731;1;4820;4901;1;1,2,17,25,32,64,71,110,128,132,134,135,138,140,186,252,253,254,255,259,262,263,264,265,269,299,304,316,317,327,332,336,341,345,348,360,364,366,368,396,408,414,509,527,543,554,626,627,639,860,874,900,931,1112,1166,1167,1168,1169,1387,1388,1389,1390,1391,1392,1393,1394,1395,1396,1397,1398,1399,1400,1401,1402,1403,1404,1405,1406,1407,1408,
559;0;4901;5065;1;1,2,32,71,110,126,134,135,138,186,252,254,259,262,293,316,327,332,334,335,336,337,338,339,340,341,342,343,344,345,346,347,371,396,408,414,421,422,426,427,428,429,430,431,432,433,434,435,509,858,860,874,900,1112,1119,1120,1121,1122,1387,1388,1389,1390,1391,1392,1393,1394,1395,1396,1397,1398,1399,1400,1401,1402,1403,1404,1405,1406,1407,1408,
559;1;5065;5200;1;1,2,32,71,110,126,134,135,138,186,252,254,259,262,293,316,327,332,334,335,336,337,338,339,340,341,342,343,344,345,346,347,371,396,408,414,421,422,426,427,428,429,430,431,432,433,434,435,509,858,860,874,900,1112,1119,1120,1121,1122,1387,1388,1389,1390,1391,1392,1393,1394,1395,1396,1397,1398,1399,1400,1401,1402,1403,1404,1405,1406,1407,1408,
169;0;5200;5349;1;1,2,32,71,110,126,134,135,138,186,252,254,259,262,293,316,327,332,334,335,336,337,338,339,340,341,342,343,344,345,346,347,371,396,408,414,421,422,426,427,428,429,430,431,432,433,434,435,509,858,860,874,900,1112,1119,1120,1121,1122,1387,1388,1389,1390,1391,1392,1393,1394,1395,1396,1397,1398,1399,1400,1401,1402,1403,1404,1405,1406,1407,1408,
169;1;5349;5359;1;1,2,32,71,110,126,134,135,138,186,252,254,259,262,293,316,327,332,334,335,336,337,338,339,340,341,342,343,344,345,346,347,371,396,408,414,421,422,426,427,428,429,430,431,432,433,434,435,509,858,860,874,900,1112,1119,1120,1121,1122,1387,1388,1389,1390,1391,1392,1393,1394,1395,1396,1397,1398,1399,1400,1401,1402,1403,1404,1405,1406,1407,1408,
655;0;5359;5432;0;1,2,32,71,110,126,134,135,138,186,252,254,259,262,293,316,327,332,334,335,336,337,338,339,340,341,342,343,344,345,346,347,371,396,408,414,421,422,426,427,428,429,430,431,432,433,434,435,509,858,860,874,900,1112,1119,1120,1121,1122,1387,1388,1389,1390,1391,1392,1393,1394,1395,1396,1397,1398,1399,1400,1401,1402,1403,1404,1405,1406,1407,1408,
352;0;5432;5436;0;1,2,32,71,110,126,134,135,138,186,252,254,259,262,293,316,327,332,334,335,336,337,338,339,340,341,342,343,344,345,346,347,371,396,408,414,421,422,426,427,428,429,430,431,432,433,434,435,509,858,860,874,900,1112,1119,1120,1121,1122,1387,1388,1389,1390,1391,1392,1393,1394,1395,1396,1397,1398,1399,1400,1401,1402,1403,1404,1405,1406,1407,1408,
543;0;5436;5609;0;1,2,32,71,110,126,134,135,138,186,252,254,259,262,293,316,327,332,334,335,336,337,338,339,340,341,342,343,344,345,346,347,371,396,408,414,421,422,426,427,428,429,430,431,432,433,434,435,509,858,860,874,900,1112,1119,1120,1121,1122,1387,1388,1389,1390,1391,1392,1393,1394,1395,1396,1397,1398,1399,1400,1401,1402,1403,1404,1405,1406,1407,1408,
543;1;5609;5643;0;1,2,32,71,110,126,134,135,138,186,252,254,259,262,293,316,327,332,334,335,336,337,338,339,340,341,342,343,344,345,346,347,371,396,408,414,421,422,426,427,428,429,430,431,432,433,434,435,509,858,860,874,900,1112,1119,1120,1121,1122,1387,1388,1389,1390,1391,1392,1393,1394,1395,1396,1397,1398,1399,1400,1401,1402,1403,1404,1405,1406,1407,1408,
379;0;5760;5964;1;1,2,32,48,70,71,105,110,126,134,135,138,150,186,225,229,233,235,252,254,259,262,293,316,327,332,334,335,336,337,338,339,340,341,342,343,344,345,346,347,371,396,408,414,421,422,426,427,428,429,430,431,432,433,434,435,436,438,439,509,858,860,864,865,866,867,868,869,870,871,872,873,874,900,1112,1119,1120,1121,1122,1387,
379;1;5964;6031;1;1,2,32,48,70,71,105,110,126,134,135,138,150,186,225,229,233,235,252,254,259,262,293,316,327,332,334,335,336,337,338,339,340,341,342,343,344,345,346,347,371,396,408,414,421,422,426,427,428,429,430,431,432,433,434,435,436,438,439,509,858,860,864,865,866,867,868,869,870,871,872,873,874,900,1112,1119,1120,1121,1122,1387,
246;0;6031;6221;1;2,32,48,70,71,88,105,110,126,134,135,138,150,151,186,225,229,233,234,235,252,254,259,262,316,327,332,334,335,336,337,338,339,340,341,342,343,344,345,346,347,388,408,421,422,426,427,428,429,430,431,432,433,434,435,438,509,803,845,846,847,848,849,850,851,852,853,854,855,856,857,858,859,860,861,862,863,872,874,900,
246;1;6221;6296;1;2,32,48,70,71,88,105,110,126,134,135,138,150,151,186,225,229,233,234,235,252,254,259,262,316,327,332,334,335,336,337,338,339,340,341,342,343,344,345,346,347,388,408,421,422,426,427,428,429,430,431,432,433,434,435,438,509,803,845,846,847,848,849,850,851,852,853,854,855,856,857,858,859,860,861,862,863,872,874,900,
154;0;6296;6475;1;2,32,48,70,71,88,105,110,124,126,134,135,138,150,151,186,225,229,233,234,235,252,254,259,262,311,316,327,332,334,335,336,337,338,339,340,341,342,343,344,345,346,347,388,408,421,422,426,427,428,429,430,431,432,433,434,435,438,509,624,634,654,803,847,857,858,860,872,874,900,1088,1089,1090,1091,1092,1093,1094,1095,1096,1097,
154;1;6475;6540;1;2,32,70,71,72,73,74,75,76,77,78,79,80,81,82,124,126,134,135,138,150,186,229,252,254,259,262,311,316,327,334,335,336,337,338,339,340,341,342,343,344,345,346,347,382,408,421,422,426,427,428,429,430,431,432,433,434,435,438,509,624,634,650,651,652,653,654,655,874,900,1088,1089,1090,1091,1092,1093,1094,1095,1096,1097,
561;0;6540;6713;1;2,32,70,71,72,73,74,75,76,77,78,79,80,81,82,124,126,134,135,138,150,186,229,252,254,259,262,311,316,327,334,335,336,337,338,339,340,341,342,343,344,345,346,347,382,408,421,422,426,427,428,429,430,431,432,433,434,435,438,509,624,634,650,651,652,653,654,655,874,900,1088,1089,1090,1091,1092,1093,1094,1095,1096,1097,
561;1;6713;6842;1;2,32,70,71,72,73,74,75,76,77,78,79,80,81,82,124,126,134,135,138,150,186,229,252,254,259,262,311,316,327,334,335,336,337,338,339,340,341,342,343,344,345,346,347,382,408,421,422,426,427,428,429,430,431,432,433,434,435,438,509,624,634,650,651,652,653,654,655,874,900,1088,1089,1090,1091,1092,1093,1094,1095,1096,1097,
671;0;6842;7084;1;2,32,70,71,72,73,74,75,76,77,78,79,80,81,82,124,126,134,135,138,150,186,229,252,254,259,262,311,316,327,334,335,336,337,338,339,340,341,342,343,344,345,346,347,382,408,421,422,426,427,428,429,430,431,432,433,434,435,438,509,624,634,650,651,652,653,654,655,874,900,1088,1089,1090,1091,1092,1093,1094,1095,1096,1097,
671;1;7084;7235;1;2,32,70,71,72,73,74,75,76,77,78,79,80,81,82,124,126,134,135,138,150,186,229,252,254,259,262,311,316,327,334,335,336,337,338,339,340,341,342,343,344,345,346,347,382,408,421,422,426,427,428,429,430,431,432,433,434,435,438,509,624,634,650,651,652,653,654,655,874,900,1088,1089,1090,1091,1092,1093,1094,1095,1096,1097,
191;0;7235;7434;1;2,32,70,71,72,73,74,75,76,77,78,79,80,81,82,106,126,134,135,138,150,155,176,186,194,196,229,252,254,262,316,327,334,335,336,337,338,339,340,341,342,343,344,345,346,347,382,408,421,422,426,427,428,429,430,431,432,433,434,435,438,442,445,447,517,646,649,650,651,652,653,654,655,874,900,1088,1146,1147,1148,1149,
191;1;7434;7490;1;2,32,70,71,72,73,74,75,76,77,78,79,80,81,82,106,126,134,135,138,150,155,176,186,194,196,229,252,254,262,316,327,334,335,336,337,338,339,340,341,342,343,344,345,346,347,382,408,421,422,426,427,428,429,430,431,432,433,434,435,438,442,445,447,517,646,649,650,651,652,653,654,655,874,900,1088,1146,1147,1148,1149,
481;0;7490;7723;1;2,32,70,71,72,73,74,75,76,77,78,79,80,81,82,106,126,134,135,138,150,155,176,186,194,196,229,252,254,262,316,327,334,335,336,337,338,339,340,341,342,343,344,345,346,347,382,408,421,422,426,427,428,429,430,431,432,433,434,435,438,442,445,447,517,646,649,650,651,652,653,654,655,874,900,1088,1146,1147,1148,1149,
481;1;7723;7883;1;2,32,70,71,72,73,74,75,76,77,78,79,80,81,82,106,126,134,135,138,150,155,176,186,194,196,229,252,254,262,316,327,334,335,336,337,338,339,340,341,342,343,344,345,346,347,382,408,421,422,426,427,428,429,430,431,432,433,434,435,438,442,445,447,517,646,649,650,651,652,653,654,655,874,900,1088,1146,1147,1148,1149,
101;0;7883;7946;1;2,32,70,71,72,73,74,75,76,77,78,79,80,81,82,106,126,129,134,138,150,186,217,229,252,262,316,327,335,337,339,341,343,345,346,382,405,406,407,408,409,410,411,412,413,421,422,426,427,428,429,430,431,432,433,434,435,438,445,650,651,652,653,654,655,874,899,900,901,902,903,904,905,936,937,938,939,940,941,942,
101;1;7946;7987;1;2,32,70,71,72,73,74,75,76,77,78,79,80,81,82,106,126,129,134,138,150,186,217,229,252,262,316,327,335,337,339,341,343,345,346,382,405,406,407,408,409,410,411,412,413,421,422,426,427,428,429,430,431,432,433,434,435,438,445,650,651,652,653,654,655,874,899,900,901,902,903,904,905,936,937,938,939,940,941,942,
31;0;7987;8112;1;2,32,70,71,72,73,74,75,76,77,78,79,80,81,82,106,126,129,134,138,150,186,217,229,252,262,316,327,335,337,339,341,343,345,346,382,405,406,407,408,409,410,411,412,413,421,422,426,427,428,429,430,431,432,433,434,435,438,445,650,651,652,653,654,655,874,899,900,901,902,903,904,905,936,937,938,939,940,941,942,
31;1;8112;8165;1;2,32,70,71,72,73,74,75,76,77,78,79,80,81,82,106,126,129,134,138,150,186,217,229,252,262,316,327,335,337,339,341,343,345,346,382,405,406,407,408,409,410,411,412,413,421,422,426,427,428,429,430,431,432,433,434,435,438,445,650,651,652,653,654,655,874,899,900,901,902,903,904,905,936,937,938,939,940,941,942,
741;0;8165;8229;1;2,32,70,71,72,73,74,75,76,77,78,79,80,81,82,106,126,129,134,138,150,186,217,229,252,262,316,327,335,337,339,341,343,345,346,382,405,406,407,408,409,410,411,412,413,421,422,426,427,428,429,430,431,432,433,434,435,438,445,650,651,652,653,654,655,874,899,900,901,902,903,904,905,936,937,938,939,940,941,942,
741;1;8229;8289;1;2,32,70,71,72,73,74,75,76,77,78,79,80,81,82,106,126,129,134,138,150,186,217,229,252,262,316,327,335,337,339,341,343,345,346,382,405,406,407,408,409,410,411,412,413,421,422,426,427,428,429,430,431,432,433,434,435,438,445,650,651,652,653,654,655,874,899,900,901,902,903,904,905,936,937,938,939,940,941,942,
35;0;8289;8293;0;2,32,70,71,72,73,74,75,76,77,78,79,80,81,82,106,126,129,134,138,150,186,217,229,252,262,316,327,335,337,339,341,343,345,346,382,405,406,407,408,409,410,411,412,413,421,422,426,427,428,429,430,431,432,433,434,435,438,445,650,651,652,653,654,655,874,899,900,901,902,903,904,905,936,937,938,939,940,941,942,
619;0;8293;8452;1;2,32,70,71,72,73,74,75,76,77,78,79,80,81,82,106,126,129,134,138,150,186,217,229,252,262,316,327,335,337,339,341,343,345,346,382,405,406,407,408,409,410,411,412,413,421,422,426,427,428,429,430,431,432,433,434,435,438,445,650,651,652,653,654,655,874,899,900,901,902,903,904,905,936,937,938,939,940,941,942,
619;1;8452;8520;1;2,32,70,71,72,73,74,75,76,77,78,79,80,81,82,106,126,129,134,138,150,186,217,229,252,262,316,327,335,337,339,341,343,345,346,382,405,406,407,408,409,410,411,412,413,421,422,426,427,428,429,430,431,432,433,434,435,438,445,650,651,652,653,654,655,874,899,900,901,902,903,904,905,936,937,938,939,940,941,942,
659;0;8520;8716;1;2,32,70,71,72,73,74,75,76,77,78,79,80,81,82,106,126,129,134,138,150,186,217,229,252,262,316,327,335,337,339,341,343,345,346,382,405,406,407,408,409,410,411,412,413,421,422,426,427,428,429,430,431,432,433,434,435,438,445,650,651,652,653,654,655,874,899,900,901,902,903,904,905,936,937,938,939,940,941,942,
659;1;8716;8868;1;2,32,70,71,72,73,74,75,76,77,78,79,80,81,82,106,126,129,134,138,150,186,217,229,252,262,316,327,335,337,339,341,343,345,346,382,405,406,407,408,409,410,411,412,413,421,422,426,427,428,429,430,431,432,433,434,435,438,445,650,651,652,653,654,655,874,899,900,901,902,903,904,905,936,937,938,939,940,941,942,
243;0;8868;8912;0;2,32,70,71,72,73,74,75,76,77,78,79,80,81,82,106,126,129,134,138,150,186,217,229,252,262,316,327,335,337,339,341,343,345,346,382,405,406,407,408,409,410,411,412,413,421,422,426,427,428,429,430,431,432,433,434,435,438,445,650,651,652,653,654,655,874,899,900,901,902,903,904,905,936,937,938,939,940,941,942,
243;1;8912;8933;0;2,32,70,71,72,73,74,75,76,77,78,79,80,81,82,106,126,129,134,138,150,186,217,229,252,262,316,327,335,337,339,341,343,345,346,382,405,406,407,408,409,410,411,412,413,421,422,426,427,428,429,430,431,432,433,434,435,438,445,650,651,652,653,654,655,874,899,900,901,902,903,904,905,936,937,938,939,940,941,942,
129;0;8933;9150;1;2,32,70,71,72,73,74,75,76,77,78,79,80,81,82,106,126,129,134,138,150,186,217,229,252,262,316,327,335,337,339,341,343,345,346,382,405,406,407,408,409,410,411,412,413,421,422,426,427,428,429,430,431,432,433,434,435,438,445,650,651,652,653,654,655,874,899,900,901,902,903,904,905,936,937,938,939,940,941,942,
129;1;9150;9191;1;2,32,70,71,72,73,74,75,76,77,78,79,80,81,82,106,126,129,134,138,150,186,217,229,252,262,316,327,335,337,339,341,343,345,346,382,405,406,407,408,409,410,411,412,413,421,422,426,427,428,429,430,431,432,433,434,435,438,445,650,651,652,653,654,655,874,899,900,901,902,903,904,905,936,937,938,939,940,941,942,
321;0;9191;9368;1;2,32,70,72,106,129,134,138,150,156,185,186,197,198,224,229,237,252,264,297,316,320,327,332,335,336,343,358,360,368,382,406,408,412,428,438,445,447,449,450,451,452,453,454,455,456,457,458,459,498,514,515,516,517,626,627,636,654,677,780,821,823,824,825,826,931,932,933,934,935,961,1161,1162,1163,1164,1301,1302,1303,1304,1305,
321;1;9368;9420;1;2,32,70,72,106,129,134,138,150,156,185,186,197,198,224,229,237,252,264,297,316,320,327,332,335,336,343,358,360,368,382,406,408,412,428,438,445,447,449,450,451,452,453,454,455,456,457,458,459,498,514,515,516,517,626,627,636,654,677,780,821,823,824,825,826,931,932,933,934,935,961,1161,1162,1163,1164,1301,1302,1303,1304,1305,
406;0;9420;9502;1;2,32,70,72,106,129,134,138,150,156,185,186,197,198,224,229,237,252,264,297,316,320,327,332,335,336,343,358,360,368,382,406,408,412,428,438,445,447,449,450,451,452,453,454,455,456,457,458,459,498,514,515,516,517,626,627,636,654,677,780,821,823,824,825,826,931,932,933,934,935,961,1161,1162,1163,1164,1301,1302,1303,1304,1305,
406;1;9502;9508;1;2,32,70,72,106,129,134,138,150,156,185,186,197,198,224,229,237,252,264,297,316,320,327,332,335,336,343,358,360,368,382,406,408,412,428,438,445,447,449,450,451,452,453,454,455,456,457,458,459,498,514,515,516,517,626,627,636,654,677,780,821,823,824,825,826,931,932,933,934,935,961,1161,1162,1163,1164,1301,1302,1303,1304,1305,
42;0;9508;9579;0;2,32,70,72,106,129,134,138,150,156,185,186,197,198,224,229,237,252,264,297,316,320,327,332,335,336,343,358,360,368,382,406,408,412,428,438,445,447,449,450,451,452,453,454,455,456,457,458,459,498,514,515,516,517,626,627,636,654,677,780,821,823,824,825,826,931,932,933,934,935,961,1161,1162,1163,1164,1301,1302,1303,1304,1305,
496;0;9579;9826;1;2,32,70,72,106,129,134,138,150,156,185,186,197,198,224,229,237,252,264,297,316,320,327,332,335,336,343,358,360,368,382,406,408,412,428,438,445,447,449,450,451,452,453,454,455,456,457,458,459,498,514,515,516,517,626,627,636,654,677,780,821,823,824,825,826,931,932,933,934,935,961,1161,1162,1163,1164,1301,1302,1303,1304,1305,
496;1;9826;9904;1;2,32,70,72,106,129,134,138,150,156,185,186,197,198,224,229,237,252,264,297,316,320,327,332,335,336,343,358,360,368,382,406,408,412,428,438,445,447,449,450,451,452,453,454,455,456,457,458,459,498,514,515,516,517,626,627,636,654,677,780,821,823,824,825,826,931,932,933,934,935,961,1161,1162,1163,1164,1301,1302,1303,1304,1305,
502;0;9904;9940;0;2,32,70,72,106,129,134,138,150,156,185,186,197,198,224,229,237,252,264,297,316,320,327,332,335,336,343,358,360,368,382,406,408,412,428,438,445,447,449,450,451,452,453,454,455,456,457,458,459,498,514,515,516,517,626,627,636,654,677,780,821,823,824,825,826,931,932,933,934,935,961,1161,1162,1163,1164,1301,1302,1303,1304,1305,
223;0;9940;10005;0;2,32,70,72,106,129,134,138,150,156,185,186,197,198,224,229,237,252,264,297,316,320,327,332,335,336,343,358,360,368,382,406,408,412,428,438,445,447,449,450,451,452,453,454,455,456,457,458,459,498,514,515,516,517,626,627,636,654,677,780,821,823,824,825,826,931,932,933,934,935,961,1161,1162,1163,1164,1301,1302,1303,1304,1305,
223;1;10005;10058;0;2,32,70,72,106,129,134,138,150,156,185,186,197,198,224,229,237,252,264,297,316,320,327,332,335,336,343,358,360,368,382,406,408,412,428,438,445,447,449,450,451,452,453,454,455,456,457,458,459,498,514,515,516,517,626,627,636,654,677,780,821,823,824,825,826,931,932,933,934,935,961,1161,1162,1163,1164,1301,1302,1303,1304,1305,
Machine: 3
91;0;0;204;1;0,1,2,5,44,51,52,54,70,71,72,79,81,83,84,85,86,87,88,89,90,91,92,94,95,96,97,98,99,100,101,102,103,104,105,106,147,150,154,155,173,176,220,223,224,225,226,229,231,237,369,370,371,378,379,380,381,396,688,827,828,847,872,914,983,985,986,987,988,989,990,991,992,1191,1200,1409,1410,1411,1412,1413,
91;1;204;259;1;0,1,2,5,44,51,52,54,70,71,72,79,81,83,84,85,86,87,88,89,90,91,92,94,95,96,97,98,99,100,101,102,103,104,105,106,147,150,154,155,173,176,220,223,224,225,226,229,231,237,369,370,371,378,379,380,381,396,688,827,828,847,872,914,983,985,986,987,988,989,990,991,992,1191,1200,1409,1410,1411,1412,1413,
566;0;259;362;1;0,1,2,5,44,51,52,54,70,71,72,79,81,83,84,85,86,87,88,89,90,91,92,94,95,96,97,98,99,100,101,102,103,104,105,106,147,150,154,155,173,176,220,223,224,225,226,229,231,237,369,370,371,378,379,380,381,396,688,827,828,847,872,914,983,985,986,987,988,989,990,991,992,1191,1200,1409,1410,1411,1412,1413,
566;1;362;453;1;0,1,2,5,44,51,52,54,70,71,72,79,81,83,84,85,86,87,88,89,90,91,92,94,95,96,97,98,99,100,101,102,103,104,105,106,147,150,154,155,173,176,220,223,224,225,226,229,231,237,369,370,371,378,379,380,381,396,688,827,828,847,872,914,983,985,986,987,988,989,990,991,992,1191,1200,1409,1410,1411,1412,1413,
354;0;453;677;1;0,1,2,5,44,51,52,54,70,71,72,79,81,83,84,85,86,87,88,89,90,91,92,94,95,96,97,98,99,100,101,102,103,104,105,106,147,150,154,155,173,176,220,223,224,225,226,229,231,237,369,370,371,378,379,380,381,396,688,827,828,847,872,914,983,985,986,987,988,989,990,991,992,1191,1200,1409,1410,1411,1412,1413,
354;1;677;751;1;0,1,2,5,44,51,52,54,70,71,72,79,81,83,84,85,86,87,88,89,90,91,92,94,95,96,97,98,99,100,101,102,103,104,105,106,147,150,154,155,173,176,220,223,224,225,226,229,231,237,369,370,371,378,379,380,381,396,688,827,828,847,872,914,983,985,986,987,988,989,990,991,992,1191,1200,1409,1410,1411,1412,1413,
121;0;751;864;1;0,1,2,5,44,51,52,54,70,71,72,79,81,83,84,85,86,87,88,89,90,91,92,94,95,96,97,98,99,100,101,102,103,104,105,106,147,150,154,155,173,176,220,223,224,225,226,229,231,237,369,370,371,378,379,380,381,396,688,827,828,847,872,914,983,985,986,987,988,989,990,991,992,1191,1200,1409,1410,1411,1412,1413,
121;1;864;924;1;0,1,2,5,44,51,52,54,70,71,72,79,81,83,84,85,86,87,88,89,90,91,92,94,95,96,97,98,99,100,101,102,103,104,105,106,147,150,154,155,173,176,220,223,224,225,226,229,231,237,369,370,371,378,379,380,381,396,688,827,828,847,872,914,983,985,986,987,988,989,990,991,992,1191,1200,1409,1410,1411,1412,1413,
499;0;924;1061;1;0,1,2,5,44,51,52,54,70,71,72,79,81,83,84,85,86,87,88,89,90,91,92,94,95,96,97,98,99,100,101,102,103,104,105,106,147,150,154,155,173,176,220,223,224,225,226,229,231,237,369,370,371,378,379,380,381,396,688,827,828,847,872,914,983,985,986,987,988,989,990,991,992,1191,1200,1409,1410,1411,1412,1413,
499;1;1061;1132;1;0,1,2,5,44,51,52,54,70,71,72,79,81,83,84,85,86,87,88,89,90,91,92,94,95,96,97,98,99,100,101,102,103,104,105,106,147,150,154,155,173,176,220,223,224,225,226,229,231,237,369,370,371,378,379,380,381,396,688,827,828,847,872,914,983,985,986,987,988,989,990,991,992,1191,1200,1409,1410,1411,1412,1413,
97;0;1132;1139;0;0,1,2,5,44,51,52,54,70,71,72,79,81,83,84,85,86,87,88,89,90,91,92,94,95,96,97,98,99,100,101,102,103,104,105,106,147,150,154,155,173,176,220,223,224,225,226,229,231,237,369,370,371,378,379,380,381,396,688,827,828,847,872,914,983,985,986,987,988,989,990,991,992,1191,1200,1409,1410,1411,1412,1413,
300;0;1139;1248;0;0,1,2,5,44,51,52,54,70,71,72,79,81,83,84,85,86,87,88,89,90,91,92,94,95,96,97,98,99,100,101,102,103,104,105,106,147,150,154,155,173,176,220,223,224,225,226,229,231,237,369,370,371,378,379,380,381,396,688,827,828,847,872,914,983,985,986,987,988,989,990,991,992,1191,1200,1409,1410,1411,1412,1413,
163;0;1248;1351;0;0,1,2,5,44,51,52,54,70,71,72,79,81,83,84,85,86,87,88,89,90,91,92,94,95,96,97,98,99,100,101,102,103,104,105,106,147,150,154,155,173,176,220,223,224,225,226,229,231,237,369,370,371,378,379,380,381,396,688,827,828,847,872,914,983,985,986,987,988,989,990,991,992,1191,1200,1409,1410,1411,1412,1413,
163;1;1351;1388;0;0,1,2,5,44,51,52,54,70,71,72,79,81,83,84,85,86,87,88,89,90,91,92,94,95,96,97,98,99,100,101,102,103,104,105,106,147,150,154,155,173,176,220,223,224,225,226,229,231,237,369,370,371,378,379,380,381,396,688,827,828,847,872,914,983,985,986,987,988,989,990,991,992,1191,1200,1409,1410,1411,1412,1413,
626;0;1388;1601;1;0,1,2,5,44,51,52,54,70,71,72,79,81,83,84,85,86,87,88,89,90,91,92,94,95,96,97,98,99,100,101,102,103,104,105,106,147,150,154,155,173,176,220,223,224,225,226,229,231,237,369,370,371,378,379,380,381,396,688,827,828,847,872,914,983,985,986,987,988,989,990,991,992,1191,1200,1409,1410,1411,1412,1413,
626;1;1601;1748;1;0,1,2,5,44,51,52,54,70,71,72,79,81,83,84,85,86,87,88,89,90,91,92,94,95,96,97,98,99,100,101,102,103,104,105,106,147,150,154,155,173,176,220,223,224,225,226,229,231,237,369,370,371,378,379,380,381,396,688,827,828,847,872,914,983,985,986,987,988,989,990,991,992,1191,1200,1409,1410,1411,1412,1413,
711;0;1748;1840;1;0,1,2,5,44,51,52,54,70,71,72,79,81,83,84,85,86,87,88,89,90,91,92,94,95,96,97,98,99,100,101,102,103,104,105,106,147,150,154,155,173,176,220,223,224,225,226,229,231,237,369,370,371,378,379,380,381,396,688,827,828,847,872,914,983,985,986,987,988,989,990,991,992,1191,1200,1409,1410,1411,1412,1413,
711;1;1840;1879;1;0,1,2,5,44,51,52,54,70,71,72,79,81,83,84,85,86,87,88,89,90,91,92,94,95,96,97,98,99,100,101,102,103,104,105,106,147,150,154,155,173,176,220,223,224,225,226,229,231,237,369,370,371,378,379,380,381,396,688,827,828,847,872,914,983,985,986,987,988,989,990,991,992,1191,1200,1409,1410,1411,1412,1413,
644;0;1879;1963;1;0,1,2,5,44,51,52,54,70,71,72,79,81,83,84,85,86,87,88,89,90,91,92,94,95,96,97,98,99,100,101,102,103,104,105,106,147,150,154,155,173,176,220,223,224,225,226,229,231,237,369,370,371,378,379,380,381,396,688,827,828,847,872,914,983,985,986,987,988,989,990,991,992,1191,1200,1409,1410,1411,1412,1413,
644;1;1963;1981;1;0,1,2,5,44,51,52,54,70,71,72,79,81,83,84,85,86,87,88,89,90,91,92,94,95,96,97,98,99,100,101,102,103,104,105,106,147,150,154,155,173,176,220,223,224,225,226,229,231,237,369,370,371,378,379,380,381,396,688,827,828,847,872,914,983,985,986,987,988,989,990,991,992,1191,1200,1409,1410,1411,1412,1413,
349;0;1981;2219;1;0,1,2,5,44,51,52,54,70,71,72,81,87,88,90,91,92,94,95,96,97,98,99,100,101,102,103,104,105,106,147,150,154,155,173,176,220,223,224,225,226,229,231,237,369,370,371,378,379,380,381,396,688,847,872,914,991,1191,1200,1409,1410,1411,1412,1413,1414,1415,1416,1417,1418,1419,1420,1421,1422,1423,1424,1425,1426,1427,1428,1429,
349;1;2219;2348;1;0,1,2,5,44,51,52,54,70,71,72,81,87,88,90,91,92,94,95,96,97,98,99,100,101,102,103,104,105,106,147,150,154,155,173,176,220,223,224,225,226,229,231,237,369,370,371,378,379,380,381,396,688,847,872,914,991,1191,1200,1409,1410,1411,1412,1413,1414,1415,1416,1417,1418,1419,1420,1421,1422,1423,1424,1425,1426,1427,1428,1429,
423;0;2348;2452;0;0,1,2,5,44,51,52,54,70,71,72,81,87,88,90,91,92,94,95,96,97,98,99,100,101,102,103,104,105,106,147,150,154,155,173,176,220,223,224,225,226,229,231,237,369,370,371,378,379,380,381,396,688,847,872,914,991,1191,1200,1409,1410,1411,1412,1413,1414,1415,1416,1417,1418,1419,1420,1421,1422,1423,1424,1425,1426,1427,1428,1429,
423;1;2452;2494;0;0,1,2,5,44,51,52,54,70,71,72,81,87,88,90,91,92,94,95,96,97,98,99,100,101,102,103,104,105,106,147,150,154,155,173,176,220,223,224,225,226,229,231,237,369,370,371,378,379,380,381,396,688,847,872,914,991,1191,1200,1409,1410,1411,1412,1413,1414,1415,1416,1417,1418,1419,1420,1421,1422,1423,1424,1425,1426,1427,1428,1429,
501;0;2494;2706;1;0,1,2,5,44,51,52,54,70,71,72,81,87,88,90,91,92,94,95,96,97,98,99,100,101,102,103,104,105,106,147,150,154,155,173,176,220,223,224,225,226,229,231,237,369,370,371,378,379,380,381,396,688,847,872,914,991,1191,1200,1409,1410,1411,1412,1413,1414,1415,1416,1417,1418,1419,1420,1421,1422,1423,1424,1425,1426,1427,1428,1429,
501;1;2706;2768;1;0,1,2,5,44,51,52,54,70,71,72,81,87,88,90,91,92,94,95,96,97,98,99,100,101,102,103,104,105,106,147,150,154,155,173,176,220,223,224,225,226,229,231,237,369,370,371,378,379,380,381,396,688,847,872,914,991,1191,1200,1409,1410,1411,1412,1413,1414,1415,1416,1417,1418,1419,1420,1421,1422,1423,1424,1425,1426,1427,1428,1429,
606;0;2768;2866;1;0,1,2,5,44,51,52,54,70,71,72,81,87,88,90,91,92,94,95,96,97,98,99,100,101,102,103,104,105,106,147,150,154,155,173,176,220,223,224,225,226,229,231,237,369,370,371,378,379,380,381,396,688,847,872,914,991,1191,1200,1409,1410,1411,1412,1413,1414,1415,1416,1417,1418,1419,1420,1421,1422,1423,1424,1425,1426,1427,1428,1429,
606;1;2866;2902;1;0,1,2,5,44,51,52,54,70,71,72,81,87,88,90,91,92,94,95,96,97,98,99,100,101,102,103,104,105,106,147,150,154,155,173,176,220,223,224,225,226,229,231,237,369,370,371,378,379,380,381,396,688,847,872,914,991,1191,1200,1409,1410,1411,1412,1413,1414,1415,1416,1417,1418,1419,1420,1421,1422,1423,1424,1425,1426,1427,1428,1429,
276;0;2902;3052;1;0,1,2,5,42,44,48,54,70,71,72,87,91,92,94,95,96,97,98,99,100,101,102,103,104,105,106,147,150,152,154,155,156,182,183,194,195,196,197,198,199,219,220,223,224,225,226,229,231,235,237,251,369,370,371,374,378,379,380,381,396,445,447,646,872,907,908,909,910,911,912,913,914,915,916,917,918,919,920,921,
276;1;3052;3140;1;0,1,2,5,42,44,48,54,70,71,72,87,91,92,94,95,96,97,98,99,100,101,102,103,104,105,106,147,150,152,154,155,156,182,183,194,195,196,197,198,199,219,220,223,224,225,226,229,231,235,237,251,369,370,371,374,378,379,380,381,396,445,447,646,872,907,908,909,910,911,912,913,914,915,916,917,918,919,920,921,
689;0;3140;3376;1;0,1,2,5,32,42,44,48,54,70,71,72,87,91,92,94,95,96,97,98,99,100,101,102,103,104,105,106,132,134,140,147,150,152,154,155,156,182,183,194,195,196,197,198,223,224,225,226,229,231,235,237,315,317,318,325,327,332,336,341,345,369,370,371,374,378,379,380,381,396,445,447,599,872,931,1458,1459,1460,1461,1462,
689;1;3376;3456;1;0,1,2,5,32,42,44,48,54,70,71,72,87,91,92,94,95,96,97,98,99,100,101,102,103,104,105,106,132,134,140,147,150,152,154,155,156,182,183,194,195,196,197,198,223,224,225,226,229,231,235,237,315,317,318,325,327,332,336,341,345,369,370,371,374,378,379,380,381,396,445,447,599,872,931,1458,1459,1460,1461,1462,
607;0;3456;3497;0;0,1,2,5,32,70,71,72,91,92,94,95,96,97,98,99,100,101,102,103,104,105,106,132,134,140,147,150,156,165,196,197,198,223,224,225,226,229,231,235,237,315,317,318,325,327,332,336,341,345,369,370,378,379,380,381,385,386,387,388,389,390,391,392,393,394,395,396,397,398,399,400,401,599,931,1458,1459,1460,1461,1462,
601;0;3497;3698;1;0,1,2,5,32,70,71,72,78,91,92,94,95,96,97,98,99,100,101,102,103,104,105,106,110,132,134,140,147,150,156,165,196,197,198,223,224,225,226,229,231,235,237,263,315,317,318,325,327,332,336,341,345,369,370,378,379,380,381,385,388,390,392,393,400,410,420,421,422,599,656,657,658,659,931,1458,1459,1460,1461,1462,
601;1;3698;3801;1;0,1,2,5,32,70,71,72,78,91,92,94,95,96,97,98,99,100,101,102,103,104,105,106,110,132,134,140,147,150,156,165,196,197,198,223,224,225,226,229,231,235,237,263,315,317,318,325,327,332,336,341,345,369,370,378,379,380,381,385,388,390,392,393,400,410,420,421,422,599,656,657,658,659,931,1458,1459,1460,1461,1462,
241;0;3801;4016;1;0,1,2,5,32,70,71,72,78,91,92,94,95,96,97,98,99,100,101,102,103,104,105,106,110,132,134,140,147,150,156,165,196,197,198,223,224,225,226,229,231,235,237,263,315,317,318,325,327,332,336,341,345,369,370,378,379,380,381,385,388,390,392,393,400,410,420,421,422,599,656,657,658,659,931,1458,1459,1460,1461,1462,
241;1;4016;4088;1;0,1,2,5,32,70,71,72,78,91,92,94,95,96,97,98,99,100,101,102,103,104,105,106,110,132,134,140,147,150,156,165,196,197,198,223,224,225,226,229,231,235,237,263,315,317,318,325,327,332,336,341,345,369,370,378,379,380,381,385,388,390,392,393,400,410,420,421,422,599,656,657,658,659,931,1458,1459,1460,1461,1462,
261;0;4088;4301;1;0,1,2,5,32,70,71,72,78,91,92,94,95,96,97,98,99,100,101,102,103,104,105,106,110,132,134,140,147,150,156,165,196,197,198,223,224,225,226,229,231,235,237,263,315,317,318,325,327,332,336,341,345,369,370,378,379,380,381,385,388,390,392,393,400,410,420,421,422,599,656,657,658,659,931,1458,1459,1460,1461,1462,
261;1;4301;4416;1;0,1,2,5,32,70,71,72,78,91,92,94,95,96,97,98,99,100,101,102,103,104,105,106,110,132,134,140,147,150,156,165,196,197,198,223,224,225,226,229,231,235,237,263,315,317,318,325,327,332,336,341,345,369,370,378,379,380,381,385,388,390,392,393,400,410,420,421,422,599,656,657,658,659,931,1458,1459,1460,1461,1462,
22;0;4416;4525;0;0,1,2,5,32,70,71,72,78,91,92,94,95,96,97,98,99,100,101,102,103,104,105,106,110,132,134,140,147,150,156,165,196,197,198,223,224,225,226,229,231,235,237,263,315,317,318,325,327,332,336,341,345,369,370,378,379,380,381,385,388,390,392,393,400,410,420,421,422,599,656,657,658,659,931,1458,1459,1460,1461,1462,
594;0;4525;4713;1;0,1,2,5,32,70,71,72,78,91,92,94,95,96,97,98,99,100,101,102,103,104,105,106,110,132,134,140,147,150,156,165,196,197,198,223,224,225,226,229,231,235,237,263,315,317,318,325,327,332,336,341,345,369,370,378,379,380,381,385,388,390,392,393,400,410,420,421,422,599,656,657,658,659,931,1458,1459,1460,1461,1462,
594;1;4713;4745;1;0,1,2,5,32,70,71,72,78,91,92,94,95,96,97,98,99,100,101,102,103,104,105,106,110,132,134,140,147,150,156,165,196,197,198,223,224,225,226,229,231,235,237,263,315,317,318,325,327,332,336,341,345,369,370,378,379,380,381,385,388,390,392,393,400,410,420,421,422,599,656,657,658,659,931,1458,1459,1460,1461,1462,
486;0;4745;4891;1;0,1,2,5,32,65,70,71,72,78,91,92,94,95,96,97,98,99,100,101,102,103,104,105,106,110,132,134,140,147,150,156,165,196,197,198,223,224,225,226,229,231,235,237,263,315,317,318,325,327,332,336,341,345,369,370,378,379,380,381,385,388,390,392,393,400,410,420,421,422,599,931,1125,1147,1458,1459,1460,1461,1462,1508,
486;1;4891;4950;1;0,1,2,5,32,65,70,71,72,78,91,92,94,95,96,97,98,99,100,101,102,103,104,105,106,110,132,134,140,147,150,156,165,196,197,198,223,224,225,226,229,231,235,237,263,315,317,318,325,327,332,336,341,345,369,370,378,379,380,381,385,388,390,392,393,400,410,420,421,422,599,931,1125,1147,1458,1459,1460,1461,1462,1508,
234;0;4950;5087;1;0,2,3,5,32,45,56,70,71,72,91,92,94,95,96,97,98,99,100,101,102,103,104,105,106,107,108,109,110,111,132,138,142,143,144,145,146,147,148,150,156,196,197,198,223,224,225,226,229,231,235,237,259,332,336,337,343,378,379,380,381,385,390,393,468,477,482,504,505,506,507,508,509,510,511,512,513,660,661,1145,
234;1;5087;5190;1;0,2,3,5,32,45,56,70,71,72,91,92,94,95,96,97,98,99,100,101,102,103,104,105,106,107,108,109,110,111,132,138,142,143,144,145,146,147,148,150,156,196,197,198,223,224,225,226,229,231,235,237,259,332,336,337,343,378,379,380,381,385,390,393,468,477,482,504,505,506,507,508,509,510,511,512,513,660,661,1145,
568;0;5190;5341;0;0,2,3,5,32,45,56,70,71,72,91,92,94,95,96,97,98,99,100,101,102,103,104,105,106,107,108,109,110,111,132,138,142,143,144,145,146,147,148,150,156,196,197,198,223,224,225,226,229,231,235,237,259,332,336,337,343,378,379,380,381,385,390,393,468,477,482,504,505,506,507,508,509,510,511,512,513,660,661,1145,
568;1;5341;5396;0;0,2,3,5,32,45,56,70,71,72,91,92,94,95,96,97,98,99,100,101,102,103,104,105,106,107,108,109,110,111,132,138,142,143,144,145,146,147,148,150,156,196,197,198,223,224,225,226,229,231,235,237,259,332,336,337,343,378,379,380,381,385,390,393,468,477,482,504,505,506,507,508,509,510,511,512,513,660,661,1145,
595;0;5396;5492;0;0,2,3,5,32,45,56,70,71,72,91,92,94,95,96,97,98,99,100,101,102,103,104,105,106,107,108,109,110,111,132,138,142,143,144,145,146,147,148,150,156,196,197,198,223,224,225,226,229,231,235,237,259,332,336,337,343,378,379,380,381,385,390,393,468,477,482,504,505,506,507,508,509,510,511,512,513,660,661,1145,
7;0;5492;5523;0;0,2,3,5,32,45,56,70,71,72,91,92,94,95,96,97,98,99,100,101,102,103,104,105,106,107,108,109,110,111,132,138,142,143,144,145,146,147,148,150,156,196,197,198,223,224,225,226,229,231,235,237,259,332,336,337,343,378,379,380,381,385,390,393,468,477,482,504,505,506,507,508,509,510,511,512,513,660,661,1145,
188;0;5523;5588;0;0,2,3,5,32,45,56,70,71,72,91,92,94,95,96,97,98,99,100,101,102,103,104,105,106,107,108,109,110,111,132,138,142,143,144,145,146,147,148,150,156,196,197,198,223,224,225,226,229,231,235,237,259,332,336,337,343,378,379,380,381,385,390,393,468,477,482,504,505,506,507,508,509,510,511,512,513,660,661,1145,
188;1;5588;5632;0;0,2,3,5,32,45,56,70,71,72,91,92,94,95,96,97,98,99,100,101,102,103,104,105,106,107,108,109,110,111,132,138,142,143,144,145,146,147,148,150,156,196,197,198,223,224,225,226,229,231,235,237,259,332,336,337,343,378,379,380,381,385,390,393,468,477,482,504,505,506,507,508,509,510,511,512,513,660,661,1145,
108;0;5632;5753;0;0,2,3,5,32,45,56,70,71,72,91,92,94,95,96,97,98,99,100,101,102,103,104,105,106,107,108,109,110,111,132,138,142,143,144,145,146,147,148,150,156,196,197,198,223,224,225,226,229,231,235,237,259,332,336,337,343,378,379,380,381,385,390,393,468,477,482,504,505,506,507,508,509,510,511,512,513,660,661,1145,
108;1;5753;5797;0;0,2,3,5,32,45,56,70,71,72,91,92,94,95,96,97,98,99,100,101,102,103,104,105,106,107,108,109,110,111,132,138,142,143,144,145,146,147,148,150,156,196,197,198,223,224,225,226,229,231,235,237,259,332,336,337,343,378,379,380,381,385,390,393,468,477,482,504,505,506,507,508,509,510,511,512,513,660,661,1145,
661;0;5797;6002;1;0,2,3,5,32,45,56,70,71,72,91,92,94,95,96,97,98,99,100,101,102,103,104,105,106,107,108,109,110,111,132,138,142,143,144,145,146,147,148,150,156,196,197,198,223,224,225,226,229,231,235,237,259,332,336,337,343,378,379,380,381,385,390,393,468,477,482,504,505,506,507,508,509,510,511,512,513,660,661,1145,
661;1;6002;6111;1;0,2,3,5,32,45,56,70,71,72,91,92,94,95,96,97,98,99,100,101,102,103,104,105,106,107,108,109,110,111,132,138,142,143,144,145,146,147,148,150,156,196,197,198,223,224,225,226,229,231,235,237,259,332,336,337,343,378,379,380,381,385,390,393,468,477,482,504,505,506,507,508,509,510,511,512,513,660,661,1145,
148;0;6111;6164;0;0,2,3,5,32,56,70,71,72,91,92,94,95,96,97,98,99,100,101,102,103,104,105,106,110,132,135,136,138,142,148,150,156,196,197,198,223,224,225,226,229,231,235,237,254,256,258,332,337,346,347,378,379,380,381,382,393,412,506,518,519,520,521,522,523,524,525,526,527,528,529,530,531,532,533,534,535,536,660,661,
148;1;6164;6178;0;0,2,3,5,32,56,70,71,72,91,92,94,95,96,97,98,99,100,101,102,103,104,105,106,110,132,135,136,138,142,148,150,156,196,197,198,223,224,225,226,229,231,235,237,254,256,258,332,337,346,347,378,379,380,381,382,393,412,506,518,519,520,521,522,523,524,525,526,527,528,529,530,531,532,533,534,535,536,660,661,
54;0;6178;6401;1;0,2,3,5,32,56,70,71,72,91,92,94,95,96,97,98,99,100,101,102,103,104,105,106,110,132,135,136,138,142,148,150,156,196,197,198,223,224,225,226,229,231,235,237,254,256,258,332,337,346,347,378,379,380,381,382,393,412,506,518,519,520,521,522,523,524,525,526,527,530,532,533,650,651,652,653,654,655,660,661,
54;1;6401;6533;1;0,2,3,5,32,56,59,63,70,71,72,91,94,95,96,97,98,99,100,101,102,103,104,105,106,138,148,150,153,156,157,196,197,198,223,224,225,226,227,228,229,230,231,232,233,234,235,236,237,238,239,240,241,242,243,244,337,346,347,378,379,380,381,382,393,402,436,444,520,530,532,650,651,652,653,654,655,660,661,777,
39;0;6533;6688;1;0,2,3,5,32,56,59,63,70,71,72,91,94,95,96,97,98,99,100,101,102,103,104,105,106,138,148,150,153,156,157,196,197,198,223,224,225,226,227,228,229,230,231,232,233,234,235,236,237,238,239,240,241,242,243,244,337,346,347,378,379,380,381,382,393,402,436,444,520,530,532,650,651,652,653,654,655,660,661,777,
39;1;6688;6692;1;0,2,3,5,32,56,59,63,70,71,72,91,94,95,96,97,98,99,100,101,102,103,104,105,106,138,148,150,153,156,157,196,197,198,223,224,225,226,227,228,229,230,231,232,233,234,235,236,237,238,239,240,241,242,243,244,337,346,347,378,379,380,381,382,393,402,436,444,520,530,532,650,651,652,653,654,655,660,661,777,
489;0;6692;6799;1;0,2,3,5,32,56,59,63,70,71,72,91,94,95,96,97,98,99,100,101,102,103,104,105,106,138,148,150,153,156,157,196,197,198,223,224,225,226,227,228,229,230,231,232,233,234,235,236,237,238,239,240,241,242,243,244,337,346,347,378,379,380,381,382,393,402,436,444,520,530,532,650,651,652,653,654,655,660,661,777,
489;1;6799;6894;1;0,2,3,5,32,56,59,63,70,71,72,91,94,95,96,97,98,99,100,101,102,103,104,105,106,138,148,150,153,156,157,196,197,198,223,224,225,226,227,228,229,230,231,232,233,234,235,236,237,238,239,240,241,242,243,244,337,346,347,378,379,380,381,382,393,402,436,444,520,530,532,650,651,652,653,654,655,660,661,777,
572;0;6894;6906;0;0,2,3,5,32,56,59,63,70,71,72,91,94,95,96,97,98,99,100,101,102,103,104,105,106,138,148,150,153,156,157,196,197,198,223,224,225,226,227,228,229,230,231,232,233,234,235,236,237,238,239,240,241,242,243,244,337,346,347,378,379,380,381,382,393,402,436,444,520,530,532,650,651,652,653,654,655,660,661,777,
734;0;6906;7163;1;0,2,3,5,32,56,59,63,70,71,72,91,94,95,96,97,98,99,100,101,102,103,104,105,106,138,148,150,153,156,157,196,197,198,223,224,225,226,227,228,229,230,231,232,233,234,235,236,237,238,239,240,241,242,243,244,337,346,347,378,379,380,381,382,393,402,436,444,520,530,532,650,651,652,653,654,655,660,661,777,
734;1;7163;7299;1;0,2,3,5,32,56,59,63,70,71,72,91,94,95,96,97,98,99,100,101,102,103,104,105,106,138,148,150,153,156,157,196,197,198,223,224,225,226,227,228,229,230,231,232,233,234,235,236,237,238,239,240,241,242,243,244,337,346,347,378,379,380,381,382,393,402,436,444,520,530,532,650,651,652,653,654,655,660,661,777,
721;0;7299;7529;1;0,2,3,5,32,56,57,59,63,70,71,72,91,94,95,96,97,98,99,100,101,102,103,104,105,106,138,148,150,153,156,157,196,197,198,223,224,225,226,227,228,229,230,231,232,233,234,235,236,237,238,239,240,241,242,243,244,337,346,347,371,372,373,374,375,376,377,379,382,393,402,436,444,520,530,532,654,660,661,777,
721;1;7529;7602;1;0,2,3,5,32,56,57,59,63,70,71,72,91,94,95,96,97,98,99,100,101,102,103,104,105,106,138,148,150,153,156,157,196,197,198,223,224,225,226,227,228,229,230,231,232,233,234,235,236,237,238,239,240,241,242,243,244,337,346,347,371,372,373,374,375,376,377,379,382,393,402,436,444,520,530,532,654,660,661,777,
507;0;7602;7679;0;0,2,3,5,32,56,57,59,63,70,71,72,91,94,95,96,97,98,99,100,101,102,103,104,105,106,138,148,150,153,156,157,196,197,198,223,224,225,226,227,228,229,230,231,232,233,234,235,236,237,238,239,240,241,242,243,244,337,346,347,371,372,373,374,375,376,377,379,382,393,402,436,444,520,530,532,654,660,661,777,
274;0;7679;7807;1;0,2,3,5,32,48,56,57,70,71,72,91,94,95,96,97,98,99,100,101,102,103,104,105,106,138,148,149,150,151,153,156,157,194,195,196,197,198,223,224,225,226,227,228,229,230,233,234,235,337,346,347,371,372,373,374,375,376,377,382,393,402,436,437,438,439,440,441,442,443,444,445,446,447,520,530,532,654,660,661,
274;1;7807;7836;1;0,2,3,5,32,48,56,57,70,71,72,91,94,95,96,97,98,99,100,101,102,103,104,105,106,138,148,149,150,151,153,156,157,194,195,196,197,198,223,224,225,226,227,228,229,230,233,234,235,337,346,347,371,372,373,374,375,376,377,382,393,402,436,437,438,439,440,441,442,443,444,445,446,447,520,530,532,654,660,661,
227;0;7836;7926;0;0,2,3,5,32,48,56,70,71,72,91,93,94,95,96,97,98,99,100,101,102,103,104,105,106,138,148,149,150,151,153,156,157,186,224,225,229,233,235,337,342,346,347,371,382,393,405,428,436,438,439,442,443,446,520,530,532,626,660,661,780,814,815,816,817,818,819,820,821,822,864,865,866,867,868,869,870,871,872,873,
630;0;7926;8003;0;0,2,3,5,32,48,56,70,71,72,91,93,94,95,96,97,98,99,100,101,102,103,104,105,106,138,148,149,150,151,153,156,157,186,224,225,229,233,235,337,342,346,347,371,382,393,405,428,436,438,439,442,443,446,520,530,532,626,660,661,780,814,815,816,817,818,819,820,821,822,864,865,866,867,868,869,870,871,872,873,
719;0;8003;8228;1;0,2,3,5,32,48,56,70,71,72,91,93,94,95,96,97,98,99,100,101,102,103,104,105,106,138,148,149,150,151,153,156,157,186,224,225,229,233,235,337,342,346,347,371,382,393,405,428,436,438,439,442,443,446,520,530,532,626,660,661,780,814,815,816,817,818,819,820,821,822,864,865,866,867,868,869,870,871,872,873,
719;1;8228;8316;1;0,2,3,5,32,48,56,70,71,72,91,93,94,95,96,97,98,99,100,101,102,103,104,105,106,138,148,149,150,151,153,156,157,186,224,225,229,233,235,337,342,346,347,371,382,393,405,428,436,438,439,442,443,446,520,530,532,626,660,661,780,814,815,816,817,818,819,820,821,822,864,865,866,867,868,869,870,871,872,873,
251;0;8316;8417;1;0,2,3,5,32,48,56,70,71,72,91,93,94,95,96,97,98,99,100,101,102,103,104,105,106,138,148,149,150,151,153,156,157,186,224,225,229,233,235,337,342,346,347,371,382,393,405,428,436,438,439,442,443,446,520,530,532,626,660,661,780,814,815,816,817,818,819,820,821,822,864,865,866,867,868,869,870,871,872,873,
251;1;8417;8422;1;0,2,3,5,32,48,56,70,71,72,91,93,94,95,96,97,98,99,100,101,102,103,104,105,106,138,148,149,150,151,153,156,157,186,224,225,229,233,235,337,342,346,347,371,382,393,405,428,436,438,439,442,443,446,520,530,532,626,660,661,780,814,815,816,817,818,819,820,821,822,864,865,866,867,868,869,870,871,872,873,
479;0;8422;8629;1;0,2,3,5,32,48,56,70,71,72,91,93,94,95,96,97,98,99,100,101,102,103,104,105,106,138,148,149,150,151,153,156,157,186,224,225,229,233,235,337,342,346,347,371,382,393,405,428,436,438,439,442,443,446,520,530,532,626,660,661,780,814,815,816,817,818,819,820,821,822,864,865,866,867,868,869,870,871,872,873,
479;1;8629;8661;1;0,2,3,5,32,48,56,70,71,72,91,93,94,95,96,97,98,99,100,101,102,103,104,105,106,138,148,149,150,151,153,156,157,186,224,225,229,233,235,337,342,346,347,371,382,393,405,428,436,438,439,442,443,446,520,530,532,626,660,661,780,814,815,816,817,818,819,820,821,822,864,865,866,867,868,869,870,871,872,873,
86;0;8661;8870;1;0,2,3,5,32,48,56,70,71,72,91,93,94,95,96,97,98,99,100,101,102,103,104,105,106,138,148,149,150,151,153,156,157,186,224,225,229,233,235,337,342,346,347,371,382,393,405,428,436,438,439,442,443,446,520,530,532,626,660,661,780,814,815,816,817,818,819,820,821,822,864,865,866,867,868,869,870,871,872,873,
86;1;8870;8904;1;0,2,3,5,32,48,56,70,71,72,91,93,94,95,96,97,98,99,100,101,102,103,104,105,106,138,148,149,150,151,153,156,157,186,224,225,229,233,235,337,342,346,347,371,382,393,405,428,436,438,439,442,443,446,520,530,532,626,660,661,780,814,815,816,817,818,819,820,821,822,864,865,866,867,868,869,870,871,872,873,
576;0;8904;9032;1;0,2,3,32,44,48,54,56,70,71,72,87,91,93,94,95,96,97,98,99,100,101,102,103,104,105,106,112,113,114,115,116,117,118,119,120,121,138,148,149,150,151,153,156,157,186,224,225,229,233,235,337,342,346,347,371,382,393,405,428,436,438,439,442,443,446,520,530,626,780,864,865,866,867,868,869,870,871,872,873,
576;1;9032;9130;1;0,2,3,32,44,48,54,56,70,71,72,87,91,93,94,95,96,97,98,99,100,101,102,103,104,105,106,112,113,114,115,116,117,118,119,120,121,138,148,149,150,151,153,156,157,186,224,225,229,233,235,337,342,346,347,371,382,393,405,428,436,438,439,442,443,446,520,530,626,780,864,865,866,867,868,869,870,871,872,873,
334;0;9130;9280;1;0,2,3,32,44,48,54,56,70,71,72,87,91,93,94,95,96,97,98,99,100,101,102,103,104,105,106,112,113,114,115,116,117,118,119,120,138,148,149,150,151,153,156,157,186,224,225,229,233,235,337,342,346,347,371,382,393,405,428,436,438,439,442,443,446,520,530,626,780,864,865,866,867,868,869,870,871,872,873,1430,
334;1;9280;9294;1;0,2,3,32,44,48,54,56,70,71,72,87,91,93,94,95,96,97,98,99,100,101,102,103,104,105,106,112,113,114,115,116,117,118,119,120,138,148,149,150,151,153,156,157,186,224,225,229,233,235,337,342,346,347,371,382,393,405,428,436,438,439,442,443,446,520,530,626,780,864,865,866,867,868,869,870,871,872,873,1430,
519;0;9294;9412;1;32,48,56,61,70,71,72,91,92,93,94,95,96,97,98,99,100,101,102,103,104,105,106,110,138,142,143,144,145,146,147,148,149,150,151,152,153,154,155,156,157,158,159,160,161,162,163,164,165,166,167,168,169,170,171,172,173,174,175,176,177,178,179,180,181,182,183,184,224,225,272,385,393,414,415,416,417,418,419,442,
519;1;9412;9434;1;32,48,56,61,70,71,72,91,92,93,94,95,96,97,98,99,100,101,102,103,104,105,106,110,138,142,143,144,145,146,147,148,149,150,151,152,153,154,155,156,157,158,159,160,161,162,163,164,165,166,167,168,169,170,171,172,173,174,175,176,177,178,179,180,181,182,183,184,224,225,272,385,393,414,415,416,417,418,419,442,
391;0;9434;9560;1;32,48,56,61,70,71,72,91,92,93,94,95,96,97,98,99,100,101,102,103,104,105,106,110,138,142,143,144,145,146,147,148,149,150,151,152,153,154,155,156,157,158,159,160,161,162,163,164,165,166,167,168,169,170,171,172,173,174,175,176,177,178,179,180,181,182,183,184,224,225,272,385,393,414,415,416,417,418,419,442,
391;1;9560;9596;1;32,48,56,61,70,71,72,91,92,93,94,95,96,97,98,99,100,101,102,103,104,105,106,110,138,142,143,144,145,146,147,148,149,150,151,152,153,154,155,156,157,158,159,160,161,162,163,164,165,166,167,168,169,170,171,172,173,174,175,176,177,178,179,180,181,182,183,184,224,225,272,385,393,414,415,416,417,418,419,442,
56;0;9596;9801;1;32,48,56,61,70,71,72,91,92,93,94,95,96,97,98,99,100,101,102,103,104,105,106,110,138,142,143,144,145,146,147,148,149,150,151,152,153,154,155,156,157,158,159,160,161,162,163,164,165,166,167,168,169,170,171,172,173,174,175,176,177,178,179,180,181,182,183,184,224,225,272,385,393,414,415,416,417,418,419,442,
56;1;9801;9902;1;32,48,56,61,70,71,72,91,92,93,94,95,96,97,98,99,100,101,102,103,104,105,106,110,138,142,143,144,145,146,147,148,149,150,151,152,153,154,155,156,157,158,159,160,161,162,163,164,165,166,167,168,169,170,171,172,173,174,175,176,177,178,179,180,181,182,183,184,224,225,272,385,393,414,415,416,417,418,419,442,
124;0;9902;9927;1;32,48,56,61,70,71,72,91,92,93,94,95,96,97,98,99,100,101,102,103,104,105,106,110,138,142,143,144,145,146,147,148,149,150,151,152,153,154,155,156,157,158,159,160,161,162,163,164,165,166,167,168,169,170,171,172,173,174,175,176,177,178,179,180,181,182,183,184,224,225,272,385,393,414,415,416,417,418,419,442,
124;1;9927;9938;1;32,48,56,61,70,71,72,91,92,93,94,95,96,97,98,99,100,101,102,103,104,105,106,110,138,142,143,144,145,146,147,148,149,150,151,152,153,154,155,156,157,158,159,160,161,162,163,164,165,166,167,168,169,170,171,172,173,174,175,176,177,178,179,180,181,182,183,184,224,225,272,385,393,414,415,416,417,418,419,442,
555;0;9938;9952;0;32,48,56,61,70,71,72,91,92,93,94,95,96,97,98,99,100,101,102,103,104,105,106,110,138,142,143,144,145,146,147,148,149,150,151,152,153,154,155,156,157,158,159,160,161,162,163,164,165,166,167,168,169,170,171,172,173,174,175,176,177,178,179,180,181,182,183,184,224,225,272,385,393,414,415,416,417,418,419,442,
368;0;9952;10010;0;32,48,56,61,70,71,72,91,92,93,94,95,96,97,98,99,100,101,102,103,104,105,106,110,138,142,143,144,145,146,147,148,149,150,151,152,153,154,155,156,157,158,159,160,161,162,163,164,165,166,167,168,169,170,171,172,173,174,175,176,177,178,179,180,181,182,183,184,224,225,272,385,393,414,415,416,417,418,419,442,
368;1;10010;10054;0;32,48,56,61,70,71,72,91,92,93,94,95,96,97,98,99,100,101,102,103,104,105,106,110,138,142,143,144,145,146,147,148,149,150,151,152,153,154,155,156,157,158,159,160,161,162,163,164,165,166,167,168,169,170,171,172,173,174,175,176,177,178,179,180,181,182,183,184,224,225,272,385,393,414,415,416,417,418,419,442,
Machine: 4
211;0;0;139;1;32,44,54,70,71,87,94,95,96,97,98,99,100,101,102,103,104,105,106,110,112,113,114,115,116,117,118,119,120,121,138,147,148,153,165,186,197,245,246,247,248,249,250,251,337,342,346,347,387,388,389,390,391,392,393,394,395,402,403,428,436,444,617,728,777,821,984,1006,1007,1153,1154,1218,1219,1220,1221,1222,1223,1224,1225,1226,
211;1;139;201;1;32,44,54,70,71,87,94,95,96,97,98,99,100,101,102,103,104,105,106,110,112,113,114,115,116,117,118,119,120,121,138,147,148,153,165,186,197,245,246,247,248,249,250,251,337,342,346,347,387,388,389,390,391,392,393,394,395,402,403,428,436,444,617,728,777,821,984,1006,1007,1153,1154,1218,1219,1220,1221,1222,1223,1224,1225,1226,
72;0;201;345;0;32,44,54,70,71,87,94,95,96,97,98,99,100,101,102,103,104,105,106,110,112,113,114,115,116,117,118,119,120,121,138,147,148,153,165,186,197,245,246,247,248,249,250,251,337,342,346,347,387,388,389,390,391,392,393,394,395,402,403,428,436,444,617,728,777,821,984,1006,1007,1153,1154,1218,1219,1220,1221,1222,1223,1224,1225,1226,
411;0;345;624;1;32,44,54,70,71,87,94,95,96,97,98,99,100,101,102,103,104,105,106,110,112,113,114,115,116,117,118,119,120,121,138,147,148,153,165,186,197,245,246,247,248,249,250,251,337,342,346,347,387,388,389,390,391,392,393,394,395,402,403,428,436,444,617,728,777,821,984,1006,1007,1153,1154,1218,1219,1220,1221,1222,1223,1224,1225,1226,
411;1;624;772;1;32,44,54,70,71,87,94,95,96,97,98,99,100,101,102,103,104,105,106,110,112,113,114,115,116,117,118,119,120,121,138,147,148,153,165,186,197,245,246,247,248,249,250,251,337,342,346,347,387,388,389,390,391,392,393,394,395,402,403,428,436,444,617,728,777,821,984,1006,1007,1153,1154,1218,1219,1220,1221,1222,1223,1224,1225,1226,
265;0;772;893;0;32,44,54,70,71,87,94,95,96,97,98,99,100,101,102,103,104,105,106,110,112,113,114,115,116,117,118,119,120,121,138,147,148,153,165,186,197,245,246,247,248,249,250,251,337,342,346,347,387,388,389,390,391,392,393,394,395,402,403,428,436,444,617,728,777,821,984,1006,1007,1153,1154,1218,1219,1220,1221,1222,1223,1224,1225,1226,
546;0;893;1045;1;32,44,54,70,71,87,94,95,96,97,98,99,100,101,102,103,104,105,106,110,112,113,114,115,116,117,118,119,120,121,138,147,148,153,165,186,197,245,246,247,248,249,250,251,337,342,346,347,387,388,389,390,391,392,393,394,395,402,403,428,436,444,617,728,777,821,984,1006,1007,1153,1154,1218,1219,1220,1221,1222,1223,1224,1225,1226,
546;1;1045;1120;1;32,44,54,70,71,87,94,95,96,97,98,99,100,101,102,103,104,105,106,110,112,113,114,115,116,117,118,119,120,121,138,147,148,153,165,186,197,245,246,247,248,249,250,251,337,342,346,347,387,388,389,390,391,392,393,394,395,402,403,428,436,444,617,728,777,821,984,1006,1007,1153,1154,1218,1219,1220,1221,1222,1223,1224,1225,1226,
374;0;1120;1206;1;32,44,54,70,71,87,94,95,96,97,98,99,100,101,102,103,104,105,106,110,112,113,114,115,116,117,118,119,120,121,138,147,148,153,165,186,197,245,246,247,248,249,250,251,337,342,346,347,387,388,389,390,391,392,393,394,395,402,403,428,436,444,617,728,777,821,984,1006,1007,1153,1154,1218,1219,1220,1221,1222,1223,1224,1225,1226,
374;1;1206;1232;1;32,44,54,70,71,87,94,95,96,97,98,99,100,101,102,103,104,105,106,110,112,113,114,115,116,117,118,119,120,121,138,147,148,153,165,186,197,245,246,247,248,249,250,251,337,342,346,347,387,388,389,390,391,392,393,394,395,402,403,428,436,444,617,728,777,821,984,1006,1007,1153,1154,1218,1219,1220,1221,1222,1223,1224,1225,1226,
434;0;1232;1314;1;32,44,54,70,71,87,94,95,96,97,98,99,100,101,102,103,104,105,106,110,112,113,114,115,116,117,118,119,120,121,138,147,148,153,165,186,197,245,246,247,248,249,250,251,337,342,346,347,387,388,389,390,391,392,393,394,395,402,403,428,436,444,617,728,777,821,984,1006,1007,1153,1154,1218,1219,1220,1221,1222,1223,1224,1225,1226,
434;1;1314;1366;1;32,44,54,70,71,87,94,95,96,97,98,99,100,101,102,103,104,105,106,110,112,113,114,115,116,117,118,119,120,121,138,147,148,153,165,186,197,245,246,247,248,249,250,251,337,342,346,347,387,388,389,390,391,392,393,394,395,402,403,428,436,444,617,728,777,821,984,1006,1007,1153,1154,1218,1219,1220,1221,1222,1223,1224,1225,1226,
642;0;1366;1462;0;32,44,54,70,71,87,94,95,96,97,98,99,100,101,102,103,104,105,106,110,112,113,114,115,116,117,118,119,120,121,138,147,148,153,165,186,197,245,246,247,248,249,250,251,337,342,346,347,387,388,389,390,391,392,393,394,395,402,403,428,436,444,617,728,777,821,984,1006,1007,1153,1154,1218,1219,1220,1221,1222,1223,1224,1225,1226,
366;0;1462;1616;1;32,44,54,70,71,87,94,95,96,97,98,99,100,101,102,103,104,105,106,110,112,113,114,115,116,117,118,119,120,121,138,147,148,153,165,186,197,245,246,247,248,249,250,251,337,342,346,347,387,388,389,390,391,392,393,394,395,402,403,428,436,444,617,728,777,821,984,1006,1007,1153,1154,1218,1219,1220,1221,1222,1223,1224,1225,1226,
366;1;1616;1693;1;32,44,54,70,71,87,94,95,96,97,98,99,100,101,102,103,104,105,106,110,112,113,114,115,116,117,118,119,120,121,138,147,148,153,165,186,197,245,246,247,248,249,250,251,337,342,346,347,387,388,389,390,391,392,393,394,395,402,403,428,436,444,617,728,777,821,984,1006,1007,1153,1154,1218,1219,1220,1221,1222,1223,1224,1225,1226,
746;0;1693;1957;1;32,44,54,70,71,87,94,95,96,97,98,99,100,101,102,103,104,105,106,110,112,113,114,115,116,117,118,119,120,121,138,147,148,153,165,186,197,245,246,247,248,249,250,251,337,342,346,347,387,388,389,390,391,392,393,394,395,396,397,398,399,402,403,428,436,444,617,728,777,821,984,1006,1007,1153,1154,1218,1219,1220,1523,1524,
746;1;1957;2128;1;32,44,54,70,71,87,94,95,96,97,98,99,100,101,102,103,104,105,106,110,112,113,114,115,116,117,118,119,120,121,138,147,148,153,165,186,197,245,246,247,248,249,250,251,337,342,346,347,387,388,389,390,391,392,393,394,395,396,397,398,399,402,403,428,436,444,617,728,777,821,984,1006,1007,1153,1154,1218,1219,1220,1523,1524,
588;0;2128;2237;0;32,44,48,54,70,71,87,94,95,96,97,98,99,100,101,102,103,104,105,106,110,112,113,114,115,116,117,138,147,148,150,151,152,153,157,185,186,194,197,223,226,245,246,247,249,251,337,342,346,347,388,393,402,403,428,436,444,605,617,728,777,821,898,935,961,983,984,1006,1007,1098,1099,1100,1101,1102,1103,1104,1105,1106,1153,1154,
588;1;2237;2278;0;32,44,48,54,70,71,87,94,95,96,97,98,99,100,101,102,103,104,105,106,110,112,113,114,115,116,117,138,147,148,150,151,152,153,157,185,186,194,197,223,226,245,246,247,249,251,337,342,346,347,388,393,402,403,428,436,444,605,617,728,777,821,898,935,961,983,984,1006,1007,1098,1099,1100,1101,1102,1103,1104,1105,1106,1153,1154,
172;0;2278;2355;0;32,44,48,54,70,71,87,94,95,96,97,98,99,100,101,102,103,104,105,106,110,112,113,114,115,116,117,138,147,148,150,151,152,153,157,185,186,194,197,223,226,245,246,247,249,251,337,342,346,347,388,393,402,403,428,436,444,605,617,728,777,821,898,935,961,983,984,1006,1007,1098,1099,1100,1101,1102,1103,1104,1105,1106,1153,1154,
341;0;2355;2602;1;32,44,48,54,70,71,87,94,95,96,97,98,99,100,101,102,103,104,105,106,110,112,113,114,115,116,117,138,147,148,150,151,152,153,157,185,186,194,197,223,226,245,246,247,249,251,337,342,346,347,388,393,402,403,428,436,444,605,617,728,777,821,898,935,961,983,984,1006,1007,1098,1099,1100,1101,1102,1103,1104,1105,1106,1153,1154,
341;1;2602;2749;1;32,44,48,54,70,71,87,94,95,96,97,98,99,100,101,102,103,104,105,106,110,112,113,114,115,116,117,138,147,148,150,151,152,153,157,185,186,194,197,223,226,245,246,247,249,251,337,342,346,347,388,393,402,403,428,436,444,605,617,728,777,821,898,935,961,983,984,1006,1007,1098,1099,1100,1101,1102,1103,1104,1105,1106,1153,1154,
331;0;2749;2998;1;32,44,48,54,70,71,87,94,95,96,97,98,99,100,101,102,103,104,105,106,110,112,113,114,115,116,117,138,147,148,150,151,152,153,157,185,186,194,197,223,226,245,246,247,249,251,337,342,346,347,388,393,402,403,428,436,444,605,617,728,777,821,898,935,961,983,984,1006,1007,1098,1099,1100,1101,1102,1103,1104,1105,1106,1153,1154,
331;1;2998;3116;1;32,44,48,54,70,71,87,94,95,96,97,98,99,100,101,102,103,104,105,106,110,112,113,114,115,116,117,138,147,148,150,151,152,153,157,185,186,194,197,223,226,245,246,247,249,251,337,342,346,347,388,393,402,403,428,436,444,605,617,728,777,821,898,935,961,983,984,1006,1007,1098,1099,1100,1101,1102,1103,1104,1105,1106,1153,1154,
724;0;3116;3318;1;32,44,48,54,70,71,87,94,95,96,97,98,99,100,101,102,103,104,105,106,110,112,113,114,115,116,117,138,147,148,150,151,152,153,157,185,186,194,197,223,226,245,246,247,249,251,337,342,346,347,388,393,402,403,428,436,444,605,617,728,777,821,898,935,961,983,984,1006,1007,1098,1099,1100,1101,1102,1103,1104,1105,1106,1153,1154,
724;1;3318;3399;1;32,44,48,54,70,71,87,94,95,96,97,98,99,100,101,102,103,104,105,106,110,112,113,114,115,116,117,138,147,148,150,151,152,153,157,185,186,194,197,223,226,245,246,247,249,251,337,342,346,347,388,393,402,403,428,436,444,605,617,728,777,821,898,935,961,983,984,1006,1007,1098,1099,1100,1101,1102,1103,1104,1105,1106,1153,1154,
466;0;3399;3603;1;0,1,2,3,4,5,6,7,8,9,10,11,12,13,14,15,16,32,67,90,94,105,115,138,156,197,245,246,247,249,252,270,271,276,277,320,337,345,346,347,371,403,415,496,497,696,748,749,750,751,752,761,762,763,764,765,766,767,768,769,770,771,772,773,774,775,776,1155,1156,1157,1158,1159,1263,1264,1409,1463,1464,1465,1466,1467,
466;1;3603;3652;1;0,1,2,3,4,5,6,7,8,9,10,11,12,13,14,15,16,32,67,90,94,105,115,138,156,197,245,246,247,249,252,270,271,276,277,320,337,345,346,347,371,403,415,496,497,696,748,749,750,751,752,761,762,763,764,765,766,767,768,769,770,771,772,773,774,775,776,1155,1156,1157,1158,1159,1263,1264,1409,1463,1464,1465,1466,1467,
326;0;3652;3917;1;0,1,2,3,4,5,6,7,8,9,10,11,12,13,14,15,16,32,67,90,94,105,115,138,156,197,245,246,247,249,252,270,271,276,277,320,337,345,346,347,371,403,415,496,497,696,748,749,750,751,752,761,762,763,764,765,766,767,768,769,770,771,772,773,774,775,776,1155,1156,1157,1158,1159,1263,1264,1409,1463,1464,1465,1466,1467,
326;1;3917;4032;1;0,1,2,3,4,5,6,7,8,9,10,11,12,13,14,15,16,32,67,90,94,105,115,138,156,197,245,246,247,249,252,270,271,276,277,320,337,345,346,347,371,403,415,496,497,696,748,749,750,751,752,761,762,763,764,765,766,767,768,769,770,771,772,773,774,775,776,1155,1156,1157,1158,1159,1263,1264,1409,1463,1464,1465,1466,1467,
408;0;4032;4172;0;0,1,2,3,4,5,6,7,8,9,10,11,12,13,14,15,16,32,67,90,94,105,115,138,156,197,245,246,247,249,252,270,271,276,277,320,337,345,346,347,371,403,415,496,497,696,748,749,750,751,752,761,762,763,764,765,766,767,768,769,770,771,772,773,774,775,776,1155,1156,1157,1158,1159,1263,1264,1409,1463,1464,1465,1466,1467,
408;1;4172;4234;0;0,1,2,3,4,5,6,7,8,9,10,11,12,13,14,15,16,32,67,90,94,105,115,138,156,197,245,246,247,249,252,270,271,276,277,320,337,345,346,347,371,403,415,496,497,696,748,749,750,751,752,761,762,763,764,765,766,767,768,769,770,771,772,773,774,775,776,1155,1156,1157,1158,1159,1263,1264,1409,1463,1464,1465,1466,1467,
164;0;4234;4420;1;0,1,2,3,4,5,6,7,8,9,10,11,12,13,14,15,16,32,67,90,94,105,115,138,156,197,245,246,247,249,252,270,271,276,277,320,337,345,346,347,371,403,415,496,497,696,748,749,750,751,752,761,762,763,764,765,766,767,768,769,770,771,772,773,774,775,776,1155,1156,1157,1158,1159,1263,1264,1409,1463,1464,1465,1466,1467,
164;1;4420;4561;1;0,1,2,3,4,5,6,7,8,9,10,11,12,13,14,15,16,32,67,90,94,105,115,138,156,197,245,246,247,249,252,270,271,276,277,320,337,345,346,347,371,403,415,496,497,696,748,749,750,751,752,761,762,763,764,765,766,767,768,769,770,771,772,773,774,775,776,1155,1156,1157,1158,1159,1263,1264,1409,1463,1464,1465,1466,1467,
556;0;4561;4694;1;0,1,2,3,4,5,6,7,8,9,10,11,12,13,14,15,16,32,67,90,94,105,115,138,156,197,245,246,247,249,252,270,271,276,277,320,337,345,346,347,371,403,415,496,497,696,748,749,750,751,752,761,762,763,764,765,766,767,768,769,770,771,772,773,774,775,776,1155,1156,1157,1158,1159,1263,1264,1409,1463,1464,1465,1466,1467,
556;1;4694;4750;1;0,1,2,3,4,5,6,7,8,9,10,11,12,13,14,15,16,32,67,90,94,105,115,138,156,197,245,246,247,249,252,270,271,276,277,320,337,345,346,347,371,403,415,496,497,696,748,749,750,751,752,761,762,763,764,765,766,767,768,769,770,771,772,773,774,775,776,1155,1156,1157,1158,1159,1263,1264,1409,1463,1464,1465,1466,1467,
269;0;4750;4823;1;0,1,2,3,4,5,6,7,8,9,10,11,12,13,14,15,16,32,67,90,94,105,115,138,156,197,245,246,247,249,252,270,271,276,277,320,337,345,346,347,371,403,415,496,497,696,748,749,750,751,752,761,762,763,764,765,766,767,768,769,770,771,772,773,774,775,776,1155,1156,1157,1158,1159,1263,1264,1409,1463,1464,1465,1466,1467,
269;1;4823;4872;1;0,1,2,3,4,5,6,7,8,9,10,11,12,13,14,15,16,32,67,90,94,105,115,138,156,197,245,246,247,249,252,270,271,276,277,320,337,345,346,347,371,403,415,496,497,696,748,749,750,751,752,761,762,763,764,765,766,767,768,769,770,771,772,773,774,775,776,1155,1156,1157,1158,1159,1263,1264,1409,1463,1464,1465,1466,1467,
717;0;4872;4927;0;0,1,2,3,4,5,6,7,8,9,10,11,12,13,14,15,16,32,67,90,94,105,115,138,156,197,245,246,247,249,252,270,271,276,277,320,337,345,346,347,371,403,415,496,497,696,748,749,750,751,752,761,762,763,764,765,766,767,768,769,770,771,772,773,774,775,776,1155,1156,1157,1158,1159,1263,1264,1409,1463,1464,1465,1466,1467,
316;0;4927;5052;1;0,1,2,3,4,5,6,7,8,9,10,11,12,13,14,15,16,32,67,94,105,128,132,135,138,140,156,186,252,253,254,255,256,257,258,259,260,261,262,263,264,265,266,267,268,269,270,271,276,277,320,327,337,342,345,346,347,371,382,383,384,403,404,415,428,496,617,696,728,763,821,1029,1030,1153,1154,1155,1156,1157,1158,1159,
316;1;5052;5056;1;0,1,2,3,4,5,6,7,8,9,10,11,12,13,14,15,16,32,67,94,105,128,132,135,138,140,156,186,252,253,254,255,256,257,258,259,260,261,262,263,264,265,266,267,268,269,270,271,276,277,320,327,337,342,345,346,347,371,382,383,384,403,404,415,428,496,617,696,728,763,821,1029,1030,1153,1154,1155,1156,1157,1158,1159,
67;0;5056;5111;0;0,1,2,3,4,5,6,7,8,9,10,11,12,13,14,15,16,32,67,94,105,128,132,135,138,140,156,186,252,253,254,255,256,257,258,259,260,261,262,263,264,265,266,267,268,269,270,271,276,277,320,327,337,342,345,346,347,371,382,383,384,403,404,415,428,496,617,696,728,763,821,1029,1030,1153,1154,1155,1156,1157,1158,1159,
249;0;5111;5274;1;0,1,2,3,4,5,6,7,8,9,10,11,12,13,14,15,16,32,67,94,105,128,132,135,138,140,156,186,252,253,254,255,256,257,258,259,260,261,262,263,264,265,266,267,268,269,270,271,276,277,320,327,337,342,345,346,347,371,382,383,384,403,404,415,428,496,617,696,728,763,821,1029,1030,1153,1154,1155,1156,1157,1158,1159,
249;1;5274;5360;1;0,1,2,3,4,5,6,7,8,9,10,11,12,13,14,15,16,32,67,94,105,128,132,135,138,140,156,186,252,253,254,255,256,257,258,259,260,261,262,263,264,265,266,267,268,269,270,271,276,277,320,327,337,342,345,346,347,371,382,383,384,403,404,415,428,496,617,696,728,763,821,1029,1030,1153,1154,1155,1156,1157,1158,1159,
474;0;5360;5530;1;0,1,2,3,4,5,6,7,8,9,10,11,12,13,14,15,16,32,67,94,105,128,132,135,138,140,156,186,252,253,254,255,256,257,258,259,260,261,262,263,264,265,266,267,268,269,270,271,276,277,320,327,337,342,345,346,347,371,382,383,384,403,404,415,428,496,617,696,728,763,821,1029,1030,1153,1154,1155,1156,1157,1158,1159,
474;1;5530;5656;1;0,1,2,3,4,5,6,7,8,9,10,11,12,13,14,15,16,32,67,94,105,128,132,135,138,140,156,186,252,253,254,255,256,257,258,259,260,261,262,263,264,265,266,267,268,269,270,271,276,277,320,327,337,342,345,346,347,371,382,383,384,403,404,415,428,496,617,696,728,763,821,1029,1030,1153,1154,1155,1156,1157,1158,1159,
736;0;5656;5897;1;0,1,2,3,4,5,6,7,8,9,10,11,12,13,14,15,16,32,67,94,105,128,132,135,138,140,156,186,252,253,254,255,256,257,258,259,260,261,262,263,264,265,266,267,268,269,270,271,276,277,320,327,337,342,345,346,347,371,382,383,384,403,404,415,428,496,617,696,728,763,821,1029,1030,1153,1154,1155,1156,1157,1158,1159,
736;1;5897;6054;1;0,1,2,3,4,5,6,7,8,9,10,11,12,13,14,15,16,32,67,94,105,128,132,135,138,140,156,186,252,253,254,255,256,257,258,259,260,261,262,263,264,265,266,267,268,269,270,271,276,277,320,327,337,342,345,346,347,371,382,383,384,403,404,415,428,496,617,696,728,763,821,1029,1030,1153,1154,1155,1156,1157,1158,1159,
402;0;6054;6150;0;0,1,2,3,4,5,6,7,8,9,10,11,12,13,14,15,16,32,67,94,105,128,132,135,138,140,156,186,252,253,254,255,256,257,258,259,260,261,262,263,264,265,266,267,268,269,270,271,276,277,320,327,337,342,345,346,347,371,382,383,384,403,404,415,428,496,617,696,728,763,821,1029,1030,1153,1154,1155,1156,1157,1158,1159,
524;0;6150;6345;1;0,1,2,3,4,5,6,7,8,9,10,11,12,13,14,15,16,32,67,94,105,128,132,135,138,140,156,186,252,253,254,255,256,257,258,259,260,261,262,263,264,265,266,267,268,269,270,271,276,277,320,327,337,342,345,346,347,371,382,383,384,403,404,415,428,496,617,696,728,763,821,1029,1030,1153,1154,1155,1156,1157,1158,1159,
524;1;6345;6463;1;0,1,2,3,4,5,6,7,8,9,10,11,12,13,14,15,16,32,67,94,105,128,132,135,138,140,156,186,252,253,254,255,256,257,258,259,260,261,262,263,264,265,266,267,268,269,270,271,276,277,320,327,337,342,345,346,347,371,382,383,384,403,404,415,428,496,617,696,728,763,821,1029,1030,1153,1154,1155,1156,1157,1158,1159,
384;0;6463;6804;1;0,1,2,3,4,5,6,7,8,9,10,11,12,13,14,15,16,32,64,65,66,67,68,69,94,105,128,132,135,138,140,156,186,252,254,263,270,271,276,277,320,327,336,337,340,345,371,403,415,428,482,505,507,508,509,617,696,698,699,700,701,702,703,763,874,875,876,877,878,879,900,929,1031,1035,1155,1156,1157,1158,1159,1503,
384;1;6804;6983;1;0,1,2,3,4,5,6,7,8,9,10,11,12,13,14,15,16,32,64,65,66,67,68,69,94,105,128,132,135,138,140,156,186,252,254,263,270,271,276,277,320,327,336,337,340,345,371,403,415,428,482,505,507,508,509,617,696,698,699,700,701,702,703,763,874,875,876,877,878,879,900,929,1031,1035,1155,1156,1157,1158,1159,1503,
282;0;6983;7038;0;0,1,2,3,4,5,6,7,8,9,10,11,12,13,14,15,16,32,64,65,66,67,68,69,94,105,128,132,135,138,140,156,186,252,254,263,270,271,276,277,320,327,336,337,340,345,371,403,415,428,482,505,507,508,509,617,696,698,699,700,701,702,703,763,874,875,876,877,878,879,900,929,1031,1035,1155,1156,1157,1158,1159,1503,
184;0;7038;7276;1;0,1,2,3,4,5,6,7,8,9,10,11,12,13,14,15,16,32,64,65,66,67,68,69,94,105,128,132,135,138,140,156,186,252,254,263,270,271,276,277,320,327,336,337,340,345,371,403,415,428,482,505,507,508,509,617,696,698,699,700,701,702,703,763,874,875,876,877,878,879,900,929,1031,1035,1155,1156,1157,1158,1159,1503,
184;1;7276;7338;1;0,1,2,3,4,5,6,7,8,9,10,11,12,13,14,15,16,32,64,65,66,67,68,69,94,105,128,132,135,138,140,156,186,252,254,263,270,271,276,277,320,327,336,337,340,345,371,403,415,428,482,505,507,508,509,617,696,698,699,700,701,702,703,763,874,875,876,877,878,879,900,929,1031,1035,1155,1156,1157,1158,1159,1503,
690;0;7338;7380;0;0,1,2,3,4,5,6,7,8,9,10,11,12,13,14,15,16,32,64,65,66,67,68,69,94,105,128,132,135,138,140,156,186,252,254,263,270,271,276,277,320,327,336,337,340,345,371,403,415,428,482,505,507,508,509,617,696,698,699,700,701,702,703,763,874,875,876,877,878,879,900,929,1031,1035,1155,1156,1157,1158,1159,1503,
442;0;7380;7468;0;0,1,2,3,4,5,6,7,8,9,10,11,12,13,14,15,16,32,64,65,66,67,68,69,94,105,128,132,135,138,140,156,186,252,254,263,270,271,276,277,320,327,336,337,340,345,371,403,415,428,482,505,507,508,509,617,696,698,699,700,701,702,703,763,874,875,876,877,878,879,900,929,1031,1035,1155,1156,1157,1158,1159,1503,
229;0;7468;7689;1;0,1,2,3,4,5,6,7,8,9,10,11,12,13,14,15,16,32,64,65,66,67,68,69,94,105,128,132,135,138,140,156,186,252,254,263,270,271,276,277,320,327,336,337,340,345,371,403,415,428,482,505,507,508,509,617,696,698,699,700,701,702,703,763,874,875,876,877,878,879,900,929,1031,1035,1155,1156,1157,1158,1159,1503,
229;1;7689;7755;1;0,1,2,3,4,5,6,7,8,9,10,11,12,13,14,15,16,32,64,65,66,67,68,69,94,105,128,132,135,138,140,156,186,252,254,263,270,271,276,277,320,327,336,337,340,345,371,403,415,428,482,505,507,508,509,617,696,698,699,700,701,702,703,763,874,875,876,877,878,879,900,929,1031,1035,1155,1156,1157,1158,1159,1503,
521;0;7755;7876;1;0,2,3,4,32,64,65,66,67,68,69,94,105,125,127,128,129,132,133,135,138,140,156,186,187,252,254,263,270,271,276,277,320,327,336,337,345,366,371,403,415,421,428,449,505,507,508,509,601,617,621,622,696,722,763,796,874,879,900,929,1031,1035,1155,1156,1157,1158,1159,1203,1442,1443,1444,1445,1446,1447,1448,1449,1450,1451,1452,1503,
521;1;7876;7909;1;0,2,3,4,32,64,65,66,67,68,69,94,105,125,127,128,129,132,133,135,138,140,156,186,187,252,254,263,270,271,276,277,320,327,336,337,345,366,371,403,415,421,428,449,505,507,508,509,601,617,621,622,696,722,763,796,874,879,900,929,1031,1035,1155,1156,1157,1158,1159,1203,1442,1443,1444,1445,1446,1447,1448,1449,1450,1451,1452,1503,
359;0;7909;8115;1;0,2,3,4,32,64,65,66,67,68,69,70,71,72,73,74,75,76,77,78,79,80,81,82,105,125,127,128,129,132,133,135,138,140,148,151,153,186,224,230,252,254,271,272,286,299,320,332,335,337,345,366,371,393,403,423,424,425,428,443,446,448,543,617,621,622,763,943,960,961,962,963,964,1126,1135,1137,1227,1228,1229,1230,
359;1;8115;8198;1;0,2,3,4,32,64,65,66,67,68,69,70,71,72,73,74,75,76,77,78,79,80,81,82,105,125,127,128,129,132,133,135,138,140,148,151,153,186,224,230,252,254,271,272,286,299,320,332,335,337,345,366,371,393,403,423,424,425,428,443,446,448,543,617,621,622,763,943,960,961,962,963,964,1126,1135,1137,1227,1228,1229,1230,
722;0;8198;8242;0;0,2,3,4,32,64,65,66,67,68,69,70,71,72,73,74,75,76,77,78,79,80,81,82,105,125,127,128,129,132,133,135,138,140,148,151,153,186,224,230,252,254,271,272,286,299,320,332,335,337,345,366,371,393,403,423,424,425,428,443,446,448,543,617,621,622,763,943,960,961,962,963,964,1126,1135,1137,1227,1228,1229,1230,
358;0;8242;8302;0;0,2,3,4,32,64,65,66,67,68,69,70,71,72,73,74,75,76,77,78,79,80,81,82,105,125,127,128,129,132,133,135,138,140,148,151,153,186,224,230,252,254,271,272,286,299,320,332,335,337,345,366,371,393,403,423,424,425,428,443,446,448,543,617,621,622,763,943,960,961,962,963,964,1126,1135,1137,1227,1228,1229,1230,
358;1;8302;8333;0;0,2,3,4,32,64,65,66,67,68,69,70,71,72,73,74,75,76,77,78,79,80,81,82,105,125,127,128,129,132,133,135,138,140,148,151,153,186,224,230,252,254,271,272,286,299,320,332,335,337,345,366,371,393,403,423,424,425,428,443,446,448,543,617,621,622,763,943,960,961,962,963,964,1126,1135,1137,1227,1228,1229,1230,
704;0;8333;8416;1;0,2,3,4,32,64,65,66,67,68,69,70,71,72,73,74,75,76,77,78,79,80,81,82,105,125,127,128,129,132,133,135,138,140,148,151,153,186,224,230,252,254,271,272,286,299,320,332,335,337,345,366,371,393,403,423,424,425,428,443,446,448,543,617,621,622,763,943,960,961,962,963,964,1126,1135,1137,1227,1228,1229,1230,
704;1;8416;8450;1;0,2,3,4,32,64,65,66,67,68,69,70,71,72,73,74,75,76,77,78,79,80,81,82,105,125,127,128,129,132,133,135,138,140,148,151,153,186,224,230,252,254,271,272,286,299,320,332,335,337,345,366,371,393,403,423,424,425,428,443,446,448,543,617,621,622,763,943,960,961,962,963,964,1126,1135,1137,1227,1228,1229,1230,
51;0;8450;8667;1;0,2,3,4,32,64,65,66,67,68,69,70,71,72,73,74,75,76,77,78,79,80,81,82,105,125,127,128,129,132,133,135,138,140,148,151,153,186,224,230,252,254,271,272,286,299,320,332,335,337,345,366,371,393,403,423,424,425,428,443,446,448,543,617,621,622,763,943,960,961,962,963,964,1126,1135,1137,1227,1228,1229,1230,
51;1;8667;8747;1;0,2,3,4,32,64,65,66,67,68,69,70,71,72,73,74,75,76,77,78,79,80,81,82,105,125,127,128,129,132,133,135,138,140,148,151,153,186,224,230,252,254,271,272,286,299,320,332,335,337,345,366,371,393,403,423,424,425,428,443,446,448,543,617,621,622,763,943,960,961,962,963,964,1126,1135,1137,1227,1228,1229,1230,
500;0;8747;8789;0;0,2,3,4,32,64,65,66,67,68,69,70,71,72,73,74,75,76,77,78,79,80,81,82,105,125,127,128,129,132,133,135,138,140,148,151,153,186,224,230,252,254,271,272,286,299,320,332,335,337,345,366,371,393,403,423,424,425,428,443,446,448,543,617,621,622,763,943,960,961,962,963,964,1126,1135,1137,1227,1228,1229,1230,
264;0;8789;8867;1;0,2,3,4,32,64,65,66,67,68,69,70,71,72,73,74,75,76,77,78,79,80,81,82,105,125,127,128,129,132,133,135,138,140,148,151,153,186,224,230,252,254,271,272,286,299,320,332,335,337,345,366,371,393,403,423,424,425,428,443,446,448,543,617,621,622,763,943,960,961,962,963,964,1126,1135,1137,1227,1228,1229,1230,
264;1;8867;8895;1;0,2,3,4,32,64,65,66,67,68,69,70,71,72,73,74,75,76,77,78,79,80,81,82,105,125,127,128,129,132,133,135,138,140,148,151,153,186,224,230,252,254,271,272,286,299,320,332,335,337,345,366,371,393,403,423,424,425,428,443,446,448,543,617,621,622,763,943,960,961,962,963,964,1126,1135,1137,1227,1228,1229,1230,
739;0;8895;8942;1;0,2,3,4,32,38,67,70,71,72,73,74,78,81,105,125,127,128,129,132,133,135,138,140,151,186,224,230,252,254,271,272,286,316,320,332,335,337,345,352,366,368,371,393,423,424,425,428,543,546,554,617,621,622,704,705,706,707,708,709,710,711,712,713,714,715,716,717,718,719,720,721,763,1126,1135,1137,1227,1228,1229,1230,
739;1;8942;8956;1;0,2,3,4,32,38,67,70,71,72,73,74,78,81,105,125,127,128,129,132,133,135,138,140,151,186,224,230,252,254,271,272,286,316,320,332,335,337,345,352,366,368,371,393,423,424,425,428,543,546,554,617,621,622,704,705,706,707,708,709,710,711,712,713,714,715,716,717,718,719,720,721,763,1126,1135,1137,1227,1228,1229,1230,
399;0;8956;9015;1;0,2,3,4,32,38,67,70,71,72,73,74,78,81,105,125,127,128,129,132,133,135,138,140,151,186,224,230,252,254,271,272,286,316,320,332,335,337,345,352,366,368,371,393,423,424,425,428,543,546,554,617,621,622,704,705,706,707,708,709,710,711,712,713,714,715,716,717,718,719,720,721,763,1126,1135,1137,1227,1228,1229,1230,
399;1;9015;9041;1;0,2,3,4,32,38,67,70,71,72,73,74,78,81,105,125,127,128,129,132,133,135,138,140,151,186,224,230,252,254,271,272,286,316,320,332,335,337,345,352,366,368,371,393,423,424,425,428,543,546,554,617,621,622,704,705,706,707,708,709,710,711,712,713,714,715,716,717,718,719,720,721,763,1126,1135,1137,1227,1228,1229,1230,
69;0;9041;9089;1;0,2,3,4,32,38,67,70,71,72,73,74,78,81,105,125,127,128,129,132,133,135,138,140,151,186,224,230,252,254,271,272,286,316,320,332,335,337,345,352,366,368,371,393,423,424,425,428,543,546,554,617,621,622,704,705,706,707,708,709,710,711,712,713,714,715,716,717,718,719,720,721,763,1126,1135,1137,1227,1228,1229,1230,
69;1;9089;9104;1;0,2,3,4,32,38,67,70,71,72,73,74,78,81,105,125,127,128,129,132,133,135,138,140,151,186,224,230,252,254,271,272,286,316,320,332,335,337,345,352,366,368,371,393,423,424,425,428,543,546,554,617,621,622,704,705,706,707,708,709,710,711,712,713,714,715,716,717,718,719,720,721,763,1126,1135,1137,1227,1228,1229,1230,
512;0;9104;9137;0;0,2,3,4,32,38,67,70,71,72,73,74,78,81,105,125,127,128,129,132,133,135,138,140,151,186,224,230,252,254,271,272,286,316,320,332,335,337,345,352,366,368,371,393,423,424,425,428,543,546,554,617,621,622,704,705,706,707,708,709,710,711,712,713,714,715,716,717,718,719,720,721,763,1126,1135,1137,1227,1228,1229,1230,
676;0;9137;9164;1;0,2,3,4,32,51,67,70,71,72,73,74,78,81,87,105,110,125,127,128,129,132,133,135,138,140,143,151,186,198,224,230,234,252,254,271,272,286,316,320,332,335,337,345,352,366,368,371,393,401,423,424,425,428,543,546,554,617,621,622,710,713,717,763,802,803,804,805,806,807,808,809,810,1126,1135,1137,1227,1228,1229,1230,
676;1;9164;9176;1;0,2,3,4,32,51,67,70,71,72,73,74,78,81,87,105,110,125,127,128,129,132,133,135,138,140,143,151,186,198,224,230,234,252,254,271,272,286,316,320,332,335,337,345,352,366,368,371,393,401,423,424,425,428,543,546,554,617,621,622,710,713,717,763,802,803,804,805,806,807,808,809,810,1126,1135,1137,1227,1228,1229,1230,
669;0;9176;9272;1;0,2,3,4,32,43,67,70,72,78,105,122,125,127,128,129,131,132,133,135,138,139,140,186,230,252,254,271,272,304,316,320,332,337,345,358,366,408,412,423,424,425,428,434,456,519,617,618,619,620,621,622,623,624,625,626,627,628,629,630,631,632,633,634,635,636,637,638,639,640,641,642,643,644,645,646,647,648,649,763,
669;1;9272;9308;1;0,2,3,4,32,43,67,70,72,78,105,122,125,127,128,129,131,132,133,135,138,139,140,186,230,252,254,271,272,304,316,320,332,337,345,358,366,408,412,423,424,425,428,434,456,519,617,618,619,620,621,622,623,624,625,626,627,628,629,630,631,632,633,634,635,636,637,638,639,640,641,642,643,644,645,646,647,648,649,763,
9;0;9308;9451;1;0,2,3,4,32,67,70,72,78,105,122,123,124,125,126,127,128,129,130,131,132,133,134,135,136,137,138,139,140,141,186,217,230,252,254,271,272,286,304,316,320,332,337,345,358,366,406,408,423,424,425,428,456,518,522,527,620,621,622,629,636,646,763,811,812,813,936,937,938,939,940,941,942,1126,1135,1137,1227,1228,1229,1230,
9;1;9451;9531;1;0,2,3,4,32,67,70,72,78,105,122,123,124,125,126,127,128,129,130,131,132,133,134,135,136,137,138,139,140,141,186,217,230,252,254,271,272,286,304,316,320,332,337,345,358,366,406,408,423,424,425,428,456,518,522,527,620,621,622,629,636,646,763,811,812,813,936,937,938,939,940,941,942,1126,1135,1137,1227,1228,1229,1230,
111;0;9531;9583;1;0,2,3,4,32,67,70,72,78,105,122,123,124,125,126,127,128,129,130,131,132,133,134,135,136,137,138,139,140,141,186,217,230,252,254,271,272,286,304,316,320,332,337,345,358,366,406,408,423,424,425,428,456,518,522,527,620,621,622,629,636,646,763,811,812,813,936,937,938,939,940,941,942,1126,1135,1137,1227,1228,1229,1230,
111;1;9583;9612;1;0,2,3,4,32,67,70,72,78,105,122,123,124,125,126,127,128,129,130,131,132,133,134,135,136,137,138,139,140,141,186,217,230,252,254,271,272,286,304,316,320,332,337,345,358,366,406,408,423,424,425,428,456,518,522,527,620,621,622,629,636,646,763,811,812,813,936,937,938,939,940,941,942,1126,1135,1137,1227,1228,1229,1230,
747;0;9612;9639;0;0,2,3,4,32,67,70,72,78,105,122,123,124,125,126,127,128,129,130,131,132,133,134,135,136,137,138,139,140,141,186,217,230,252,254,271,272,286,304,316,320,332,337,345,358,366,406,408,423,424,425,428,456,518,522,527,620,621,622,629,636,646,763,811,812,813,936,937,938,939,940,941,942,1126,1135,1137,1227,1228,1229,1230,
465;0;9639;9688;0;0,2,3,4,32,67,70,72,78,105,122,123,124,125,126,127,128,129,130,131,132,133,134,135,136,137,138,139,140,141,186,217,230,252,254,271,272,286,304,316,320,332,337,345,358,366,406,408,423,424,425,428,456,518,522,527,620,621,622,629,636,646,763,811,812,813,936,937,938,939,940,941,942,1126,1135,1137,1227,1228,1229,1230,
324;0;9688;9846;1;0,2,3,4,32,67,70,72,78,105,122,123,124,125,126,127,128,129,130,131,132,133,134,135,136,137,138,139,140,141,186,217,230,252,254,271,272,286,304,316,320,332,337,345,358,366,406,408,423,424,425,428,456,518,522,527,620,621,622,629,636,646,763,811,812,813,936,937,938,939,940,941,942,1126,1135,1137,1227,1228,1229,1230,
324;1;9846;9975;1;0,2,3,4,32,67,70,72,78,105,122,123,124,125,126,127,128,129,130,131,132,133,134,135,136,137,138,139,140,141,186,217,230,252,254,271,272,286,304,316,320,332,337,345,358,366,406,408,423,424,425,428,456,518,522,527,620,621,622,629,636,646,763,811,812,813,936,937,938,939,940,941,942,1126,1135,1137,1227,1228,1229,1230,
248;0;9975;10079;0;0,2,3,4,32,67,70,72,78,105,122,123,124,125,126,127,128,129,130,131,132,133,134,135,136,137,138,139,140,141,186,217,230,252,254,271,272,286,304,316,320,332,337,345,358,366,406,408,423,424,425,428,456,518,522,527,620,621,622,629,636,646,763,811,812,813,936,937,938,939,940,941,942,1126,1135,1137,1227,1228,1229,1230,
Machine: 5
87;0;0;36;0;17,25,32,132,135,136,138,140,186,254,256,258,264,304,310,311,312,313,314,315,316,317,318,319,320,321,322,323,324,325,326,327,328,329,330,331,332,333,346,347,366,382,412,498,506,518,519,520,521,522,523,524,525,526,527,528,529,530,531,532,533,534,535,536,543,627,629,677,763,811,812,813,823,824,825,826,1166,1167,1168,1169,
19;0;36;219;1;17,25,32,132,135,136,138,140,186,254,256,258,264,304,310,311,312,313,314,315,316,317,318,319,320,321,322,323,324,325,326,327,328,329,330,331,332,333,346,347,366,382,412,498,506,518,519,520,521,522,523,524,525,526,527,528,529,530,531,532,533,534,535,536,543,627,629,677,763,811,812,813,823,824,825,826,1166,1167,1168,1169,
19;1;219;238;1;17,25,32,132,135,136,138,140,186,254,256,258,264,304,310,311,312,313,314,315,316,317,318,319,320,321,322,323,324,325,326,327,328,329,330,331,332,333,346,347,366,382,412,498,506,518,519,520,521,522,523,524,525,526,527,528,529,530,531,532,533,534,535,536,543,627,629,677,763,811,812,813,823,824,825,826,1166,1167,1168,1169,
675;0;238;265;0;17,25,32,132,135,136,138,140,186,254,256,258,264,304,310,311,312,313,314,315,316,317,318,319,320,321,322,323,324,325,326,327,328,329,330,331,332,333,346,347,366,382,412,498,506,518,519,520,521,522,523,524,525,526,527,528,529,530,531,532,533,534,535,536,543,627,629,677,763,811,812,813,823,824,825,826,1166,1167,1168,1169,
554;0;265;468;1;17,25,32,132,135,136,138,140,186,254,256,258,264,304,310,311,312,313,314,315,316,317,318,319,320,321,322,323,324,325,326,327,328,329,330,331,332,333,346,347,366,382,412,498,506,518,519,520,521,522,523,524,525,526,527,528,529,530,531,532,533,534,535,536,543,627,629,677,763,811,812,813,823,824,825,826,1166,1167,1168,1169,
554;1;468;521;1;17,25,32,132,135,136,138,140,186,254,256,258,264,304,310,311,312,313,314,315,316,317,318,319,320,321,322,323,324,325,326,327,328,329,330,331,332,333,346,347,366,382,412,498,506,518,519,520,521,522,523,524,525,526,527,528,529,530,531,532,533,534,535,536,543,627,629,677,763,811,812,813,823,824,825,826,1166,1167,1168,1169,
369;0;521;611;1;17,25,32,132,135,136,138,140,186,254,256,258,264,304,310,311,312,313,314,315,316,317,318,319,320,321,322,323,324,325,326,327,328,329,330,331,332,333,346,347,366,382,412,498,506,518,519,520,521,522,523,524,525,526,527,528,529,530,531,532,533,534,535,536,543,627,629,677,763,811,812,813,823,824,825,826,1166,1167,1168,1169,
369;1;611;662;1;17,25,32,132,135,136,138,140,186,254,256,258,264,304,310,311,312,313,314,315,316,317,318,319,320,321,322,323,324,325,326,327,328,329,330,331,332,333,346,347,366,382,412,498,506,518,519,520,521,522,523,524,525,526,527,528,529,530,531,532,533,534,535,536,543,627,629,677,763,811,812,813,823,824,825,826,1166,1167,1168,1169,
126;0;662;848;1;0,1,2,5,25,32,34,132,135,136,138,140,186,254,256,258,261,264,310,311,312,313,314,315,316,317,318,319,320,321,322,327,332,346,347,369,370,382,383,384,412,478,506,518,519,520,521,522,523,524,525,526,527,528,529,530,531,532,533,534,535,536,537,538,543,545,627,636,829,960,961,993,994,995,996,997,998,999,1000,1001,
126;1;848;1000;1;0,1,2,5,25,32,34,132,135,136,138,140,186,254,256,258,261,264,310,311,312,313,314,315,316,317,318,319,320,321,322,327,332,346,347,369,370,382,383,384,412,478,506,518,519,520,521,522,523,524,525,526,527,528,529,530,531,532,533,534,535,536,537,538,543,545,627,636,829,960,961,993,994,995,996,997,998,999,1000,1001,
318;0;1000;1137;0;0,1,2,5,25,32,34,132,135,136,138,140,186,254,256,258,261,264,310,311,312,313,314,315,316,317,318,319,320,321,322,327,332,346,347,369,370,382,383,384,412,478,506,518,519,520,521,522,523,524,525,526,527,528,529,530,531,532,533,534,535,536,537,538,543,545,627,636,829,960,961,993,994,995,996,997,998,999,1000,1001,
318;1;1137;1190;0;0,1,2,5,25,32,34,132,135,136,138,140,186,254,256,258,261,264,310,311,312,313,314,315,316,317,318,319,320,321,322,327,332,346,347,369,370,382,383,384,412,478,506,518,519,520,521,522,523,524,525,526,527,528,529,530,531,532,533,534,535,536,537,538,543,545,627,636,829,960,961,993,994,995,996,997,998,999,1000,1001,
44;0;1190;1240;1;0,1,2,5,25,32,34,132,135,136,138,140,186,254,256,258,261,264,310,311,312,313,314,315,316,317,318,319,320,321,322,327,332,346,347,369,370,382,383,384,412,478,506,518,519,520,521,522,523,524,525,526,527,528,529,530,531,532,533,534,535,536,537,538,543,545,627,636,829,960,961,993,994,995,996,997,998,999,1000,1001,
44;1;1240;1251;1;0,1,2,5,25,32,34,132,135,136,138,140,186,254,256,258,261,264,310,311,312,313,314,315,316,317,318,319,320,321,322,327,332,346,347,369,370,382,383,384,412,478,506,518,519,520,521,522,523,524,525,526,527,528,529,530,531,532,533,534,535,536,537,538,543,545,627,636,829,960,961,993,994,995,996,997,998,999,1000,1001,
344;0;1251;1479;1;0,1,2,5,25,32,34,132,135,136,138,140,186,254,256,258,261,264,310,311,312,313,314,315,316,317,318,319,320,321,322,327,332,346,347,369,370,382,383,384,412,478,506,518,519,520,521,522,523,524,525,526,527,528,529,530,531,532,533,534,535,536,537,538,543,545,627,636,829,960,961,993,994,995,996,997,998,999,1000,1001,
344;1;1479;1598;1;0,1,2,5,25,32,34,132,135,136,138,140,186,254,256,258,261,264,310,311,312,313,314,315,316,317,318,319,320,321,322,327,332,346,347,369,370,382,383,384,412,478,506,518,519,520,521,522,523,524,525,526,527,528,529,530,531,532,533,534,535,536,537,538,543,545,627,636,829,960,961,993,994,995,996,997,998,999,1000,1001,
609;0;1598;1654;1;32,130,132,133,135,136,138,140,186,254,256,258,264,310,311,312,313,314,315,316,317,318,319,320,321,322,332,336,346,347,382,408,412,472,506,518,519,520,521,522,523,524,525,526,527,528,529,530,531,532,533,534,535,536,622,625,626,627,639,717,721,781,798,931,1063,1203,1204,1205,1206,1207,1208,1209,1210,1211,1212,1213,1214,1215,1216,1217,
609;1;1654;1678;1;32,130,132,133,135,136,138,140,186,254,256,258,264,310,311,312,313,314,315,316,317,318,319,320,321,322,332,336,346,347,382,408,412,472,506,518,519,520,521,522,523,524,525,526,527,528,529,530,531,532,533,534,535,536,622,625,626,627,639,717,721,781,798,931,1063,1203,1204,1205,1206,1207,1208,1209,1210,1211,1212,1213,1214,1215,1216,1217,
37;0;1678;1728;0;32,130,132,133,135,136,138,140,186,254,256,258,264,310,311,312,313,314,315,316,317,318,319,320,321,322,332,335,336,345,346,347,382,408,412,448,472,506,518,519,520,521,522,523,524,525,526,527,528,529,530,531,532,533,534,535,536,622,625,626,627,639,717,721,781,798,931,1063,1203,1204,1205,1206,1207,1208,1209,1210,1211,1212,1213,1214,
125;0;1728;1767;0;32,130,132,133,135,136,138,140,186,254,256,258,264,310,311,312,313,314,315,316,317,318,319,320,321,322,332,335,336,345,346,347,382,408,412,448,472,506,518,519,520,521,522,523,524,525,526,527,528,529,530,531,532,533,534,535,536,622,625,626,627,639,717,721,781,798,931,1063,1203,1204,1205,1206,1207,1208,1209,1210,1211,1212,1213,1214,
361;0;1767;2082;1;32,130,132,133,135,136,138,140,186,254,256,258,264,310,311,312,313,314,315,316,317,318,319,320,321,322,323,324,325,326,327,328,329,330,331,332,333,335,336,345,346,347,382,408,412,448,472,506,518,519,520,521,522,527,530,532,533,622,625,626,627,639,717,721,781,798,931,1063,1203,1204,1205,1206,1207,1208,1209,1210,1211,1212,1213,1214,
361;1;2082;2233;1;32,45,63,74,132,135,138,140,186,196,235,264,310,311,312,313,314,315,316,317,318,319,320,321,322,323,324,325,326,327,328,329,330,331,332,333,335,336,343,345,366,379,382,385,388,390,392,396,406,412,448,477,504,506,507,566,627,686,687,688,689,690,691,692,693,694,695,696,697,899,922,923,924,925,926,927,928,929,930,1028,
596;0;2233;2303;1;32,45,63,74,132,135,138,140,186,196,235,264,310,311,312,313,314,315,316,317,318,319,320,321,322,323,324,325,326,327,328,329,330,331,332,333,335,336,343,345,366,379,382,385,388,390,392,396,406,412,448,477,504,506,507,566,627,686,687,688,689,690,691,692,693,694,695,696,697,899,922,923,924,925,926,927,928,929,930,1028,
596;1;2303;2307;1;32,45,63,74,132,135,138,140,186,196,235,264,310,311,312,313,314,315,316,317,318,319,320,321,322,323,324,325,326,327,328,329,330,331,332,333,335,336,343,345,366,379,382,385,388,390,392,396,406,412,448,477,504,506,507,566,627,686,687,688,689,690,691,692,693,694,695,696,697,899,922,923,924,925,926,927,928,929,930,1028,
66;0;2307;2472;1;32,45,63,74,132,135,138,140,186,196,235,264,310,311,312,313,314,315,316,317,318,319,320,321,322,323,324,325,326,327,328,329,330,331,332,333,335,336,343,345,366,379,382,385,388,390,392,396,406,412,448,477,504,506,507,566,627,686,687,688,689,690,691,692,693,694,695,696,697,899,922,923,924,925,926,927,928,929,930,1028,
66;1;2472;2476;1;32,45,63,74,132,135,138,140,186,196,235,264,310,311,312,313,314,315,316,317,318,319,320,321,322,323,324,325,326,327,328,329,330,331,332,333,335,336,343,345,366,379,382,385,388,390,392,396,406,412,448,477,504,506,507,566,627,686,687,688,689,690,691,692,693,694,695,696,697,899,922,923,924,925,926,927,928,929,930,1028,
46;0;2476;2674;1;32,45,63,74,132,135,138,140,186,196,235,264,310,311,312,313,314,315,316,317,318,319,320,321,322,323,324,325,326,327,328,329,330,331,332,333,335,336,343,345,366,379,382,385,388,390,392,396,406,412,448,477,504,506,507,566,627,686,687,688,689,690,691,692,693,694,695,696,697,899,922,923,924,925,926,927,928,929,930,1028,
46;1;2674;2702;1;32,45,63,74,132,135,138,140,186,196,235,264,310,311,312,313,314,315,316,317,318,319,320,321,322,323,324,325,326,327,328,329,330,331,332,333,335,336,343,345,366,379,382,385,388,390,392,396,406,412,448,477,504,506,507,566,627,686,687,688,689,690,691,692,693,694,695,696,697,899,922,923,924,925,926,927,928,929,930,1028,
138;0;2702;2852;0;32,45,63,74,132,135,138,140,186,196,235,264,310,311,312,313,314,315,316,317,318,319,320,321,322,323,324,325,326,327,328,329,330,331,332,333,335,336,343,345,366,379,382,385,388,390,392,396,406,412,448,477,504,506,507,566,627,686,687,688,689,690,691,692,693,694,695,696,697,899,922,923,924,925,926,927,928,929,930,1028,
138;1;2852;2866;0;32,45,63,74,132,135,138,140,186,196,235,264,310,311,312,313,314,315,316,317,318,319,320,321,322,323,324,325,326,327,328,329,330,331,332,333,335,336,343,345,366,379,382,385,388,390,392,396,406,412,448,477,504,506,507,566,627,686,687,688,689,690,691,692,693,694,695,696,697,899,922,923,924,925,926,927,928,929,930,1028,
161;0;2880;3041;1;32,45,63,132,135,138,140,186,196,252,263,264,266,310,311,312,313,314,315,316,317,318,319,320,321,322,323,324,325,326,327,328,329,330,331,332,333,335,336,343,345,366,382,396,406,412,420,428,448,456,477,496,501,504,506,507,566,617,627,692,696,722,723,724,725,726,727,728,729,899,922,923,924,925,926,927,928,929,930,1028,
161;1;3041;3118;1;32,45,63,132,135,138,140,186,196,252,263,264,266,310,311,312,313,314,315,316,317,318,319,320,321,322,323,324,325,326,327,328,329,330,331,332,333,335,336,343,345,366,382,396,406,412,420,428,448,456,477,496,501,504,506,507,566,617,627,692,696,722,723,724,725,726,727,728,729,899,922,923,924,925,926,927,928,929,930,1028,
522;0;3118;3122;0;32,45,63,70,72,105,132,135,138,140,186,252,263,264,266,310,311,312,313,314,315,316,317,318,319,320,321,322,323,324,325,326,327,328,329,330,331,332,333,335,336,343,345,366,382,396,406,412,420,428,448,456,477,496,501,504,506,507,566,617,627,696,722,723,724,725,726,727,728,729,899,922,923,924,925,926,929,949,1007,1028,
645;0;3122;3158;0;32,45,63,70,72,105,132,135,138,140,186,252,263,264,266,310,311,312,313,314,315,316,317,318,319,320,321,322,323,324,325,326,327,328,329,330,331,332,333,335,336,343,345,366,382,396,406,412,420,428,448,456,477,496,498,501,504,506,507,566,617,627,677,696,722,723,724,725,726,727,728,729,823,824,825,826,899,922,929,1028,
579;0;3158;3427;1;32,45,63,70,72,105,132,135,138,140,186,252,263,264,266,310,311,312,313,314,315,316,317,318,319,320,321,322,323,324,325,326,327,328,329,330,331,332,333,335,336,343,345,366,382,396,406,412,420,428,448,456,477,496,498,501,504,506,507,566,617,627,677,696,722,723,724,725,726,727,728,729,823,824,825,826,899,922,929,1028,
579;1;3427;3526;1;32,45,63,70,72,105,132,135,138,140,186,252,263,264,266,310,311,312,313,314,315,316,317,318,319,320,321,322,323,324,325,326,327,328,329,330,331,332,333,335,336,343,345,366,382,396,406,412,420,428,448,456,477,496,498,501,504,506,507,566,617,627,677,696,722,723,724,725,726,727,728,729,823,824,825,826,899,922,929,1028,
135;0;3526;3562;0;32,45,63,70,72,105,132,135,138,140,186,252,263,264,266,310,311,312,313,314,315,316,317,318,319,320,321,322,323,324,325,326,327,328,329,330,331,332,333,335,336,343,345,366,382,396,406,412,420,428,448,456,477,496,498,501,504,506,507,566,617,627,677,696,722,723,724,725,726,727,728,729,823,824,825,826,899,922,929,1028,
381;0;3562;3737;1;0,1,2,3,4,5,6,7,8,9,10,11,12,13,14,15,16,32,45,63,132,138,140,186,310,311,312,313,314,315,316,317,318,319,320,321,322,323,336,342,346,347,369,370,428,497,504,508,509,606,607,608,609,610,611,612,613,614,615,616,617,728,821,875,901,922,929,1031,1032,1033,1034,1035,1036,1037,1038,1123,1124,1125,1153,1154,
381;1;3737;3857;1;0,1,2,3,4,5,6,7,8,9,10,11,12,13,14,15,16,32,45,63,132,138,140,186,310,311,312,313,314,315,316,317,318,319,320,321,322,323,336,342,346,347,369,370,428,497,504,508,509,606,607,608,609,610,611,612,613,614,615,616,617,728,821,875,901,922,929,1031,1032,1033,1034,1035,1036,1037,1038,1123,1124,1125,1153,1154,
639;0;3857;4021;1;0,1,2,3,4,5,6,7,8,9,10,11,12,13,14,15,16,32,45,63,132,138,140,186,310,311,312,313,314,315,316,317,318,319,320,321,322,323,336,342,346,347,369,370,428,497,504,508,509,606,607,608,609,610,611,612,613,614,615,616,617,728,821,875,901,922,929,1031,1032,1033,1034,1035,1036,1037,1038,1123,1124,1125,1153,1154,
639;1;4021;4076;1;0,1,2,3,4,5,6,7,8,9,10,11,12,13,14,15,16,32,45,63,132,138,140,186,310,311,312,313,314,315,316,317,318,319,320,321,322,323,336,342,346,347,369,370,428,497,504,508,509,606,607,608,609,610,611,612,613,614,615,616,617,728,821,875,901,922,929,1031,1032,1033,1034,1035,1036,1037,1038,1123,1124,1125,1153,1154,
471;0;4076;4158;1;0,1,2,3,4,5,6,7,8,9,10,11,12,13,14,15,16,32,45,63,132,138,140,186,310,311,312,313,314,315,316,317,318,319,320,321,322,323,336,342,346,347,369,370,428,497,504,508,509,606,607,608,609,610,611,612,613,614,615,616,617,728,821,875,901,922,929,1031,1032,1033,1034,1035,1036,1037,1038,1123,1124,1125,1153,1154,
471;1;4158;4163;1;0,1,2,3,4,5,6,7,8,9,10,11,12,13,14,15,16,32,45,63,132,138,140,186,310,311,312,313,314,315,316,317,318,319,320,321,322,323,336,342,346,347,369,370,428,497,504,508,509,606,607,608,609,610,611,612,613,614,615,616,617,728,821,875,901,922,929,1031,1032,1033,1034,1035,1036,1037,1038,1123,1124,1125,1153,1154,
174;0;4163;4339;1;0,1,2,3,4,5,6,7,8,9,10,11,12,13,14,15,16,32,45,63,132,138,140,186,310,311,312,313,314,315,316,317,318,319,320,321,322,323,336,342,346,347,369,370,428,497,504,508,509,606,607,608,609,610,611,612,613,614,615,616,617,728,821,875,901,922,929,1031,1032,1033,1034,1035,1036,1037,1038,1123,1124,1125,1153,1154,
174;1;4339;4367;1;0,1,2,3,4,5,6,7,8,9,10,11,12,13,14,15,16,32,45,63,132,138,140,186,310,311,312,313,314,315,316,317,318,319,320,321,322,323,336,342,346,347,369,370,428,497,504,508,509,606,607,608,609,610,611,612,613,614,615,616,617,728,821,875,901,922,929,1031,1032,1033,1034,1035,1036,1037,1038,1123,1124,1125,1153,1154,
589;0;4367;4536;1;0,1,2,3,4,5,6,7,8,9,10,11,12,13,14,15,16,32,45,63,132,138,140,186,310,311,312,313,314,315,316,317,318,319,320,321,322,323,336,342,346,347,369,370,428,497,504,508,509,606,607,608,609,610,611,612,613,614,615,616,617,728,821,875,901,922,929,1031,1032,1033,1034,1035,1036,1037,1038,1123,1124,1125,1153,1154,
589;1;4536;4566;1;0,1,2,3,4,5,6,7,8,9,10,11,12,13,14,15,16,32,45,63,132,138,140,186,310,311,312,313,314,315,316,317,318,319,320,321,322,323,336,342,346,347,369,370,428,497,504,508,509,606,607,608,609,610,611,612,613,614,615,616,617,728,821,875,901,922,929,1031,1032,1033,1034,1035,1036,1037,1038,1123,1124,1125,1153,1154,
144;0;4566;4656;1;0,1,2,3,4,5,6,7,8,9,10,11,12,13,14,15,16,32,45,63,132,138,140,186,310,311,312,313,314,315,316,317,318,319,320,321,322,323,336,342,346,347,369,370,428,497,504,508,509,606,607,608,609,610,611,612,613,614,615,616,617,728,821,875,901,922,929,1031,1032,1033,1034,1035,1036,1037,1038,1123,1124,1125,1153,1154,
144;1;4656;4686;1;0,1,2,3,4,5,6,7,8,9,10,11,12,13,14,15,16,32,45,63,132,138,140,186,310,311,312,313,314,315,316,317,318,319,320,321,322,323,336,342,346,347,369,370,428,497,504,508,509,606,607,608,609,610,611,612,613,614,615,616,617,728,821,875,901,922,929,1031,1032,1033,1034,1035,1036,1037,1038,1123,1124,1125,1153,1154,
156;0;4686;5022;1;0,1,2,3,5,7,9,32,44,45,46,47,48,49,50,51,52,53,54,55,56,57,58,59,60,61,62,63,132,138,140,186,310,311,312,313,314,315,316,317,318,319,320,321,322,323,336,342,346,347,428,497,504,508,509,606,607,608,609,610,611,612,613,614,615,616,617,728,821,875,922,929,1031,1035,1037,1123,1124,1125,1153,1154,
156;1;5022;5186;1;0,2,3,5,32,44,45,46,47,48,49,50,51,52,53,54,55,56,57,58,59,60,61,62,63,129,132,134,138,140,186,310,311,312,313,314,315,316,317,318,319,320,321,322,323,324,325,326,327,328,329,330,331,332,333,335,336,342,346,347,360,428,497,606,607,617,626,654,660,661,728,780,821,931,932,933,934,935,1153,1154,
201;0;5186;5418;1;0,2,3,5,32,44,45,46,47,48,49,50,51,52,53,54,55,56,57,58,59,60,61,62,63,129,132,134,138,140,186,310,311,312,313,314,315,316,317,318,319,320,321,322,323,324,325,326,327,328,329,330,331,332,333,335,336,342,346,347,360,428,497,606,607,617,626,654,660,661,728,780,821,931,932,933,934,935,1153,1154,
201;1;5418;5486;1;0,2,3,5,32,44,45,46,47,48,49,50,51,52,53,54,55,56,57,58,59,60,61,62,63,129,132,134,138,140,186,310,311,312,313,314,315,316,317,318,319,320,321,322,323,324,325,326,327,328,329,330,331,332,333,335,336,342,346,347,360,428,497,606,607,617,626,654,660,661,728,780,821,931,932,933,934,935,1153,1154,
380;0;5486;5498;0;0,2,3,5,32,44,45,46,47,48,49,50,51,52,53,54,55,56,57,58,59,60,61,62,63,129,132,134,138,140,186,310,311,312,313,314,315,316,317,318,319,320,321,322,323,324,325,326,327,328,329,330,331,332,333,335,336,342,346,347,360,428,497,606,607,617,626,654,660,661,728,780,821,931,932,933,934,935,1153,1154,
635;0;5498;5575;0;0,2,3,5,32,44,45,46,47,48,49,50,51,52,53,54,55,56,57,58,59,60,61,62,63,129,132,134,138,140,186,310,311,312,313,314,315,316,317,318,319,320,321,322,323,324,325,326,327,328,329,330,331,332,333,335,336,342,346,347,360,428,497,606,607,617,626,654,660,661,728,780,821,931,932,933,934,935,1153,1154,
653;0;5575;5602;0;0,2,3,5,32,44,45,46,47,48,49,50,51,52,53,54,55,56,57,58,59,60,61,62,63,129,132,134,138,140,186,310,311,312,313,314,315,316,317,318,319,320,321,322,323,324,325,326,327,328,329,330,331,332,333,335,336,342,346,347,360,428,497,606,607,617,626,654,660,661,728,780,821,931,932,933,934,935,1153,1154,
653;1;5602;5617;0;0,2,3,5,32,44,45,46,47,48,49,50,51,52,53,54,55,56,57,58,59,60,61,62,63,129,132,134,138,140,186,310,311,312,313,314,315,316,317,318,319,320,321,322,323,324,325,326,327,328,329,330,331,332,333,335,336,342,346,347,360,428,497,606,607,617,626,654,660,661,728,780,821,931,932,933,934,935,1153,1154,
2;0;5617;5789;1;0,2,3,5,32,44,45,46,47,48,49,50,51,52,53,54,55,56,57,58,59,60,61,62,63,129,132,134,138,140,186,310,311,312,313,314,315,316,317,318,319,320,321,322,323,324,325,326,327,328,329,330,331,332,333,335,336,342,346,347,360,428,497,606,607,617,626,654,660,661,728,780,821,931,932,933,934,935,1153,1154,
419;0;5789;5942;1;0,2,3,32,44,45,46,47,48,49,50,51,52,53,54,55,56,57,58,59,60,61,62,63,129,132,134,138,140,186,299,305,316,320,327,332,335,336,338,342,346,347,360,428,497,527,555,588,589,590,591,592,593,594,595,596,597,598,599,600,601,602,603,604,605,606,607,617,626,654,728,780,821,931,932,933,934,935,1153,1154,
419;1;5942;6022;1;0,2,3,32,44,45,46,47,48,49,50,51,52,53,54,55,56,57,58,59,60,61,62,63,129,132,134,138,140,186,299,305,316,320,327,332,335,336,338,342,346,347,360,428,497,527,555,588,589,590,591,592,593,594,595,596,597,598,599,600,601,602,603,604,605,606,607,617,626,654,728,780,821,931,932,933,934,935,1153,1154,
224;0;6022;6131;1;0,2,3,32,44,45,46,47,48,49,50,51,52,53,54,55,56,57,58,59,60,61,62,63,129,132,134,138,140,186,299,305,316,320,327,332,335,336,338,342,346,347,360,428,497,527,555,588,589,590,591,592,593,594,595,596,597,598,599,600,601,602,603,604,605,606,607,617,626,654,728,780,821,931,932,933,934,935,1153,1154,
224;1;6131;6167;1;0,2,3,32,44,45,46,47,48,49,50,51,52,53,54,55,56,57,58,59,60,61,62,63,129,132,134,138,140,186,299,305,316,320,327,332,335,336,338,342,346,347,360,428,497,527,555,588,589,590,591,592,593,594,595,596,597,598,599,600,601,602,603,604,605,606,607,617,626,654,728,780,821,931,932,933,934,935,1153,1154,
550;0;6167;6244;0;0,2,3,32,44,45,46,47,48,49,50,51,52,53,54,55,56,57,58,59,60,61,62,63,129,132,134,138,140,186,299,305,316,320,327,332,335,336,338,342,346,347,360,428,497,527,555,588,589,590,591,592,593,594,595,596,597,598,599,600,601,602,603,604,605,606,607,617,626,654,728,780,821,931,932,933,934,935,1153,1154,
461;0;6244;6566;1;0,2,3,32,44,45,46,47,48,49,50,51,52,53,54,55,56,57,58,59,60,61,62,63,129,132,134,138,140,147,186,299,305,316,320,327,332,335,336,338,342,346,347,360,366,382,396,406,428,497,527,555,588,599,601,605,606,607,617,626,654,728,753,754,755,756,757,758,759,760,780,821,827,828,931,932,933,934,935,1028,
461;1;6566;6716;1;0,2,3,32,44,45,46,47,48,49,50,51,52,53,54,55,56,57,58,59,60,61,62,63,129,132,134,138,140,147,186,299,305,316,320,327,332,335,336,338,342,346,347,360,366,382,396,406,428,497,527,555,588,599,601,605,606,607,617,626,654,728,753,754,755,756,757,758,759,760,780,821,827,828,931,932,933,934,935,1028,
79;0;6716;6855;1;0,2,3,32,44,45,46,47,48,49,50,51,52,53,54,55,56,57,58,59,60,61,62,63,129,132,134,138,140,147,186,299,305,316,320,327,332,335,336,338,342,346,347,360,366,382,396,406,428,497,527,555,588,599,601,605,606,607,617,626,654,728,753,754,755,756,757,758,759,760,780,821,827,828,931,932,933,934,935,1028,
79;1;6855;6973;1;0,2,3,32,44,45,46,47,48,49,50,51,52,53,54,55,56,57,58,59,60,61,62,63,129,132,134,138,140,147,186,299,305,316,320,327,332,335,336,338,342,346,347,360,366,382,396,406,428,497,527,555,588,599,601,605,606,607,617,626,654,728,753,754,755,756,757,758,759,760,780,821,827,828,931,932,933,934,935,1028,
705;0;6973;7122;0;0,2,3,32,44,45,46,47,48,49,50,51,52,53,54,55,56,57,58,59,60,61,62,63,129,132,134,138,140,147,186,299,305,316,320,327,332,335,336,338,342,346,347,360,366,382,396,406,428,497,527,555,588,599,601,605,606,607,617,626,654,728,753,754,755,756,757,758,759,760,780,821,827,828,931,932,933,934,935,1028,
329;0;7122;7336;1;0,2,3,32,44,45,46,47,48,49,50,51,52,53,54,55,56,57,58,59,60,61,62,63,129,132,134,138,140,147,186,299,305,316,320,327,332,335,336,338,342,346,347,360,366,382,396,406,428,497,527,555,588,599,601,605,606,607,617,626,654,728,753,754,755,756,757,758,759,760,780,821,827,828,931,932,933,934,935,1028,
329;1;7336;7414;1;0,2,3,32,44,45,46,47,48,49,50,51,52,53,54,55,56,57,58,59,60,61,62,63,129,132,134,138,140,147,186,299,305,316,320,327,332,335,336,338,342,346,347,360,366,382,396,406,428,497,527,555,588,599,601,605,606,607,617,626,654,728,753,754,755,756,757,758,759,760,780,821,827,828,931,932,933,934,935,1028,
166;0;7414;7630;1;0,2,3,32,44,46,48,50,51,53,56,58,61,129,132,134,138,140,147,156,186,299,316,320,327,332,335,336,338,342,346,347,360,366,382,396,406,428,497,527,555,599,601,605,606,607,617,626,654,728,753,754,755,756,757,758,759,760,780,821,827,828,931,932,933,934,935,1028,1107,1108,1109,1110,1111,1112,1113,1114,1115,1116,1117,1118,
166;1;7630;7674;1;0,2,3,32,44,46,48,50,51,53,56,58,61,129,132,134,138,140,147,156,186,299,316,320,327,332,335,336,338,342,346,347,360,366,382,396,406,428,497,527,555,599,601,605,606,607,617,626,654,728,753,754,755,756,757,758,759,760,780,821,827,828,931,932,933,934,935,1028,1107,1108,1109,1110,1111,1112,1113,1114,1115,1116,1117,1118,
649;0;7674;7918;1;0,2,3,32,44,46,48,50,51,53,56,58,61,129,132,134,138,140,147,156,186,299,316,320,327,332,335,336,338,342,346,347,360,366,382,396,406,428,497,527,555,599,601,605,606,607,617,626,654,728,753,754,755,756,757,758,759,760,780,821,827,828,931,932,933,934,935,1028,1107,1108,1109,1110,1111,1112,1113,1114,1115,1116,1117,1118,
649;1;7918;8013;1;0,32,65,70,72,78,105,129,134,138,147,186,252,263,266,316,320,327,335,336,345,360,396,406,420,423,424,425,428,456,496,497,501,606,607,608,609,610,611,612,613,614,615,616,617,626,654,722,723,724,725,726,727,728,729,753,754,755,756,757,758,759,760,780,821,827,828,931,932,933,934,935,1125,1147,1453,1454,1455,1456,1457,1508,
491;0;8013;8122;1;0,32,65,70,72,78,105,129,134,138,147,186,252,263,266,316,320,327,335,336,345,360,396,406,420,423,424,425,428,456,496,497,501,606,607,608,609,610,611,612,613,614,615,616,617,626,654,722,723,724,725,726,727,728,729,753,754,755,756,757,758,759,760,780,821,827,828,931,932,933,934,935,1125,1147,1453,1454,1455,1456,1457,1508,
491;1;8122;8155;1;0,32,65,70,72,78,105,129,134,138,147,186,252,263,266,316,320,327,335,336,345,360,396,406,420,423,424,425,428,456,496,497,501,606,607,608,609,610,611,612,613,614,615,616,617,626,654,722,723,724,725,726,727,728,729,753,754,755,756,757,758,759,760,780,821,827,828,931,932,933,934,935,1125,1147,1453,1454,1455,1456,1457,1508,
591;0;8155;8377;1;0,32,65,70,72,78,105,129,134,138,147,186,252,263,266,316,320,327,335,336,345,360,396,406,420,423,424,425,428,456,496,497,501,606,607,608,609,610,611,612,613,614,615,616,617,626,654,722,723,724,725,726,727,728,729,753,754,755,756,757,758,759,760,780,821,827,828,931,932,933,934,935,1125,1147,1453,1454,1455,1456,1457,1508,
591;1;8377;8433;1;0,32,65,70,72,78,105,129,134,138,147,186,252,263,266,316,320,327,335,336,345,360,396,406,420,423,424,425,428,456,496,497,501,606,607,608,609,610,611,612,613,614,615,616,617,626,654,722,723,724,725,726,727,728,729,753,754,755,756,757,758,759,760,780,821,827,828,931,932,933,934,935,1125,1147,1453,1454,1455,1456,1457,1508,
599;0;8433;8665;1;0,32,65,70,72,78,105,129,134,138,147,186,252,263,266,316,320,327,335,336,345,360,396,406,420,423,424,425,428,456,496,497,501,606,607,608,609,610,611,612,613,614,615,616,617,626,654,722,723,724,725,726,727,728,729,753,754,755,756,757,758,759,760,780,821,827,828,931,932,933,934,935,1125,1147,1453,1454,1455,1456,1457,1508,
599;1;8665;8813;1;0,32,65,70,72,78,105,129,134,138,147,186,252,263,266,316,320,327,335,336,345,360,396,406,420,423,424,425,428,456,496,497,501,606,607,608,609,610,611,612,613,614,615,616,617,626,654,722,723,724,725,726,727,728,729,753,754,755,756,757,758,759,760,780,821,827,828,931,932,933,934,935,1125,1147,1453,1454,1455,1456,1457,1508,
272;0;8813;8825;0;0,32,65,70,72,78,105,129,134,138,147,186,252,263,266,316,320,327,335,336,345,360,396,406,420,423,424,425,428,456,496,497,501,606,607,608,609,610,611,612,613,614,615,616,617,626,654,722,723,724,725,726,727,728,729,753,754,755,756,757,758,759,760,780,821,827,828,931,932,933,934,935,1125,1147,1453,1454,1455,1456,1457,1508,
744;0;8825;8946;1;0,32,65,70,72,78,105,129,134,138,147,186,252,263,266,316,320,327,335,336,345,360,396,406,420,423,424,425,428,456,496,497,501,606,607,608,609,610,611,612,613,614,615,616,617,626,654,722,723,724,725,726,727,728,729,753,754,755,756,757,758,759,760,780,821,827,828,931,932,933,934,935,1125,1147,1453,1454,1455,1456,1457,1508,
744;1;8946;8980;1;0,32,65,70,72,78,105,129,134,138,147,186,252,263,266,316,320,327,335,336,345,360,396,406,420,423,424,425,428,456,496,497,501,606,607,608,609,610,611,612,613,614,615,616,617,626,654,722,723,724,725,726,727,728,729,753,754,755,756,757,758,759,760,780,821,827,828,931,932,933,934,935,1125,1147,1453,1454,1455,1456,1457,1508,
621;0;8980;9098;1;0,32,65,70,72,78,105,129,134,138,147,186,252,263,266,316,320,327,335,336,345,360,396,406,420,423,424,425,428,456,496,497,501,606,607,608,609,610,611,612,613,614,615,616,617,626,654,722,723,724,725,726,727,728,729,753,754,755,756,757,758,759,760,780,821,827,828,931,932,933,934,935,1125,1147,1453,1454,1455,1456,1457,1508,
621;1;9098;9140;1;0,32,65,70,72,78,105,129,134,138,147,186,252,263,266,316,320,327,335,336,345,360,396,406,420,423,424,425,428,456,496,497,501,606,607,608,609,610,611,612,613,614,615,616,617,626,654,722,723,724,725,726,727,728,729,753,754,755,756,757,758,759,760,780,821,827,828,931,932,933,934,935,1125,1147,1453,1454,1455,1456,1457,1508,
532;0;9140;9161;0;0,32,65,70,72,78,105,129,134,138,147,186,252,263,266,316,320,327,335,336,345,360,396,406,420,423,424,425,428,456,496,497,501,606,607,608,609,610,611,612,613,614,615,616,617,626,654,722,723,724,725,726,727,728,729,753,754,755,756,757,758,759,760,780,821,827,828,931,932,933,934,935,1125,1147,1453,1454,1455,1456,1457,1508,
34;0;9161;9263;1;0,32,65,70,72,78,105,129,134,138,147,186,252,263,266,316,320,327,335,336,345,360,396,406,420,423,424,425,428,456,496,497,501,606,607,608,609,610,611,612,613,614,615,616,617,626,654,722,723,724,725,726,727,728,729,753,754,755,756,757,758,759,760,780,821,827,828,931,932,933,934,935,1125,1147,1453,1454,1455,1456,1457,1508,
34;1;9263;9316;1;0,32,65,70,72,78,105,129,134,138,147,186,252,263,266,316,320,327,335,336,345,360,396,406,420,423,424,425,428,456,496,497,501,606,607,608,609,610,611,612,613,614,615,616,617,626,654,722,723,724,725,726,727,728,729,753,754,755,756,757,758,759,760,780,821,827,828,931,932,933,934,935,1125,1147,1453,1454,1455,1456,1457,1508,
64;0;9316;9432;1;0,17,18,19,20,21,22,23,24,25,26,27,28,29,30,31,32,33,34,35,36,37,38,39,40,41,42,43,70,93,105,129,134,135,138,186,217,252,263,266,316,320,327,335,336,337,343,345,360,406,410,420,421,422,428,456,472,496,497,501,617,622,652,722,723,724,725,726,727,728,729,936,937,938,939,940,941,942,1097,1431,
64;1;9432;9483;1;0,17,18,19,20,21,22,23,24,25,26,27,28,29,30,31,32,33,34,35,36,37,38,39,40,41,42,43,70,93,105,129,134,135,138,186,217,252,263,266,316,320,327,335,336,337,343,345,360,406,410,420,421,422,428,456,472,496,497,501,617,622,652,722,723,724,725,726,727,728,729,936,937,938,939,940,941,942,1097,1431,
350;0;9483;9510;0;0,17,18,19,20,21,22,23,24,25,26,27,28,29,30,31,32,33,34,35,36,37,38,39,40,41,42,43,70,93,105,129,134,135,138,186,217,252,263,266,316,320,327,335,336,337,343,345,360,406,410,420,421,422,428,456,472,496,497,501,617,622,652,722,723,724,725,726,727,728,729,936,937,938,939,940,941,942,1097,1431,
325;0;9510;9533;0;0,17,18,19,20,21,22,23,24,25,26,27,28,29,30,31,32,33,34,35,36,37,38,39,40,41,42,43,70,93,105,129,134,135,138,186,217,252,263,266,316,320,327,335,336,337,343,345,360,406,410,420,421,422,428,456,472,496,497,501,617,622,652,722,723,724,725,726,727,728,729,936,937,938,939,940,941,942,1097,1431,
372;0;9533;9629;0;0,17,18,19,20,21,22,23,24,25,26,27,28,29,30,31,32,33,34,35,36,37,38,39,40,41,42,43,70,93,105,129,134,135,138,186,217,252,263,266,316,320,327,335,336,337,343,345,360,406,410,420,421,422,428,456,472,496,497,501,617,622,652,722,723,724,725,726,727,728,729,936,937,938,939,940,941,942,1097,1431,
646;0;9629;9783;1;0,17,18,19,20,21,22,23,24,25,26,27,28,29,30,31,32,33,34,35,36,37,38,39,40,41,42,43,70,93,105,129,134,135,138,186,217,252,263,266,316,320,327,335,336,337,343,345,360,406,410,420,421,422,428,456,472,496,497,501,617,622,652,722,723,724,725,726,727,728,729,936,937,938,939,940,941,942,1097,1431,
646;1;9783;9794;1;0,17,18,19,20,21,22,23,24,25,26,27,28,29,30,31,32,33,34,35,36,37,38,39,40,41,42,43,70,93,105,129,134,135,138,186,217,252,263,266,316,320,327,335,336,337,343,345,360,406,410,420,421,422,428,456,472,496,497,501,617,622,652,722,723,724,725,726,727,728,729,936,937,938,939,940,941,942,1097,1431,
535;0;9794;9884;0;0,17,18,19,20,21,22,23,24,25,26,27,28,29,30,31,32,33,34,35,36,37,38,39,40,41,42,43,70,93,105,129,134,135,138,186,217,252,263,266,316,320,327,335,336,337,343,345,360,406,410,420,421,422,428,456,472,496,497,501,617,622,652,722,723,724,725,726,727,728,729,936,937,938,939,940,941,942,1097,1431,
73;0;9884;9972;0;0,17,18,19,20,21,22,23,24,25,26,27,28,29,30,31,32,33,34,35,36,37,38,39,40,41,42,43,70,93,105,129,134,135,138,186,217,252,263,266,316,320,327,335,336,337,343,345,360,406,410,420,421,422,428,456,472,496,497,501,617,622,652,722,723,724,725,726,727,728,729,936,937,938,939,940,941,942,1097,1431,
73;1;9972;9976;0;0,17,18,19,20,21,22,23,24,25,26,27,28,29,30,31,32,33,34,35,36,37,38,39,40,41,42,43,70,93,105,129,134,135,138,186,217,252,263,266,316,320,327,335,336,337,343,345,360,406,410,420,421,422,428,456,472,496,497,501,617,622,652,722,723,724,725,726,727,728,729,936,937,938,939,940,941,942,1097,1431,
422;0;9976;10041;0;0,17,18,19,20,21,22,23,24,25,26,27,28,29,30,31,32,33,34,35,36,37,38,39,40,41,42,43,70,93,105,129,134,135,138,186,217,252,263,266,316,320,327,335,336,337,343,345,360,406,410,420,421,422,428,456,472,496,497,501,617,622,652,722,723,724,725,726,727,728,729,936,937,938,939,940,941,942,1097,1431,
END
fineshedJobsCount: 566
switchs: 1988
switchsInstances: 79
unfineshedPriorityCount: 161
totalUnfineshed: 635
criticalMachineSwitchs: 341
criticalMachineTime: 10079
Final Solution: 9372
Time: 246530
PTL: 98
MCMC: 481
Best Initial: -2932
Mean Initial: -3935.45
