./input/BaseInstances/6M2_n=1401,r=0.4,t=1401,v0.txt;./input/Processed/ToolSetInt.csv
7;720;1440
Machine: 0
597;0;0;73;1;0,2,6,8,29,33,35,46,48,49,52,55,59,64,65,78,87,106,125,187,196,200,345,384,428,452,591,603,604,605,606,607,608,609,611,613,619,621,623,625,632,637,638,639,711,750,802,820,859,864,994,995,996,997,998,999,1000,1001,1002,1003,1004,1076,1077,1078,1117,1118,1119,1120,1264,1265,1266,1267,1268,1269,1270,1271,1272,1273,1274,1275,
597;1;73;228;1;0,2,6,8,29,33,35,46,48,49,52,55,59,64,65,78,87,106,125,187,196,200,345,384,428,452,591,603,604,605,606,607,608,609,611,613,619,621,623,625,632,637,638,639,711,750,802,820,859,864,994,995,996,997,998,999,1000,1001,1002,1003,1004,1076,1077,1078,1117,1118,1119,1120,1264,1265,1266,1267,1268,1269,1270,1271,1272,1273,1274,1275,
810;0;228;258;1;0,2,6,8,29,33,35,46,48,49,52,55,59,64,65,78,87,106,125,187,196,200,345,384,428,452,591,603,604,605,606,607,608,609,611,613,619,621,623,625,632,637,638,639,711,750,802,820,859,864,994,995,996,997,998,999,1000,1001,1002,1003,1004,1076,1077,1078,1117,1118,1119,1120,1264,1265,1266,1267,1268,1269,1270,1271,1272,1273,1274,1275,
567;0;258;347;1;0,2,6,8,29,33,35,46,48,49,52,55,59,64,65,78,87,106,125,187,196,200,345,384,428,452,591,603,604,605,606,607,608,609,611,613,619,621,623,625,632,637,638,639,711,750,802,820,859,864,994,995,996,997,998,999,1000,1001,1002,1003,1004,1076,1077,1078,1117,1118,1119,1120,1264,1265,1266,1267,1268,1269,1270,1271,1272,1273,1274,1275,
567;1;347;378;1;0,2,6,8,29,33,35,46,48,49,52,55,59,64,65,78,87,106,125,187,196,200,345,384,428,452,591,603,604,605,606,607,608,609,611,613,619,621,623,625,632,637,638,639,711,750,802,820,859,864,994,995,996,997,998,999,1000,1001,1002,1003,1004,1076,1077,1078,1117,1118,1119,1120,1264,1265,1266,1267,1268,1269,1270,1271,1272,1273,1274,1275,
77;0;378;408;1;0,2,6,8,29,33,35,46,48,49,52,55,59,64,65,78,87,106,125,187,196,200,345,384,428,452,591,603,604,605,606,607,608,609,611,613,619,621,623,625,632,637,638,639,711,750,802,820,859,864,994,995,996,997,998,999,1000,1001,1002,1003,1004,1076,1077,1078,1117,1118,1119,1120,1264,1265,1266,1267,1268,1269,1270,1271,1272,1273,1274,1275,
77;1;408;495;1;0,2,6,8,29,33,35,46,48,49,52,55,59,64,65,78,87,106,125,187,196,200,345,384,428,452,591,603,604,605,606,607,608,609,611,613,619,621,623,625,632,637,638,639,711,750,802,820,859,864,994,995,996,997,998,999,1000,1001,1002,1003,1004,1076,1077,1078,1117,1118,1119,1120,1264,1265,1266,1267,1268,1269,1270,1271,1272,1273,1274,1275,
341;0;495;525;1;0,2,6,8,29,33,35,46,48,49,52,55,59,64,65,78,87,106,125,187,196,200,345,384,428,452,591,603,604,605,606,607,608,609,611,613,619,621,623,625,632,637,638,639,711,750,802,820,859,864,994,995,996,997,998,999,1000,1001,1002,1003,1004,1076,1077,1078,1117,1118,1119,1120,1264,1265,1266,1267,1268,1269,1270,1271,1272,1273,1274,1275,
610;0;525;578;1;0,2,6,8,29,33,35,46,48,49,52,55,59,64,65,78,87,106,125,187,196,200,345,384,428,452,591,603,604,605,606,607,608,609,611,613,619,621,623,625,632,637,638,639,711,750,802,820,859,864,994,995,996,997,998,999,1000,1001,1002,1003,1004,1076,1077,1078,1117,1118,1119,1120,1121,1122,1123,1124,1125,1264,1265,1266,1267,1268,1269,1270,
30;0;578;586;1;0,2,6,8,29,33,35,46,48,49,52,55,59,64,65,78,87,106,123,125,187,196,200,345,380,381,382,383,384,385,386,387,388,389,390,391,392,393,428,452,604,605,609,611,613,619,621,623,625,632,637,638,639,711,750,802,820,864,994,995,996,997,998,999,1000,1001,1002,1003,1004,1076,1078,1117,1118,1119,1120,1121,1122,1123,1124,1125,
657;0;586;627;1;0,2,6,8,29,33,35,46,48,49,52,55,59,64,65,125,187,345,380,384,452,470,609,611,612,613,614,615,616,617,618,619,620,621,622,623,624,625,626,627,628,629,630,631,632,633,634,635,636,637,638,639,640,711,802,820,864,895,896,994,995,996,997,998,999,1000,1001,1002,1003,1004,1076,1117,1118,1119,1120,1121,1122,1123,1124,1125,
657;1;627;707;1;0,2,6,8,29,33,35,46,48,49,52,55,59,64,65,125,187,345,380,384,452,470,609,611,612,613,614,615,616,617,618,619,620,621,622,623,624,625,626,627,628,629,630,631,632,633,634,635,636,637,638,639,640,711,802,820,864,895,896,994,995,996,997,998,999,1000,1001,1002,1003,1004,1076,1117,1118,1119,1120,1121,1122,1123,1124,1125,
769;0;707;712;0;0,1,2,3,4,5,6,7,8,9,29,30,31,32,33,43,44,45,46,47,48,49,50,51,52,53,54,55,56,57,58,59,60,61,62,63,64,65,125,178,187,403,500,501,502,503,504,505,609,611,613,619,621,623,625,632,637,638,639,711,802,803,804,805,811,812,813,814,864,994,995,996,997,998,999,1000,1001,1002,1003,1004,
769;1;712;742;0;0,1,2,3,4,5,6,7,8,9,29,30,31,32,33,43,44,45,46,47,48,49,50,51,52,53,54,55,56,57,58,59,60,61,62,63,64,65,125,178,187,403,500,501,502,503,504,505,609,611,613,619,621,623,625,632,637,638,639,711,802,803,804,805,811,812,813,814,864,994,995,996,997,998,999,1000,1001,1002,1003,1004,
197;0;742;746;1;0,1,2,3,4,5,6,7,8,9,29,30,31,32,33,43,44,45,46,47,48,49,50,51,52,53,54,55,56,57,58,59,60,61,62,63,64,65,125,178,187,403,500,501,502,503,504,505,609,611,613,619,621,623,625,632,637,638,639,711,802,803,804,805,811,812,813,814,864,994,995,996,997,998,999,1000,1001,1002,1003,1004,
197;1;746;764;1;0,1,2,3,4,5,6,7,8,9,29,30,31,32,33,43,44,45,46,47,48,49,50,51,52,53,54,55,56,57,58,59,60,61,62,63,64,65,125,178,187,403,500,501,502,503,504,505,609,611,613,619,621,623,625,632,637,638,639,711,802,803,804,805,811,812,813,814,864,994,995,996,997,998,999,1000,1001,1002,1003,1004,
44;0;764;803;1;0,1,2,3,4,5,6,7,8,9,29,30,31,32,33,43,44,45,46,47,48,49,50,51,52,53,54,55,56,57,58,59,60,61,62,63,64,65,125,178,187,403,500,501,502,503,504,505,609,611,613,619,621,623,625,632,637,638,639,711,802,803,804,805,811,812,813,814,864,994,995,996,997,998,999,1000,1001,1002,1003,1004,
44;1;803;959;1;0,1,2,3,4,5,6,7,8,9,29,30,31,32,33,43,44,45,46,47,48,49,50,51,52,53,54,55,56,57,58,59,60,61,62,63,64,65,125,178,187,403,500,501,502,503,504,505,609,611,613,619,621,623,625,632,637,638,639,711,802,803,804,805,811,812,813,814,864,994,995,996,997,998,999,1000,1001,1002,1003,1004,
164;0;959;1035;1;0,1,2,3,4,5,6,7,8,9,29,30,31,32,33,43,44,45,46,47,48,49,50,51,52,53,54,55,56,57,58,59,60,61,62,63,64,65,125,178,187,403,500,501,502,503,504,505,609,611,613,619,621,623,625,632,637,638,639,711,802,803,804,805,811,812,813,814,864,994,995,996,997,998,999,1000,1001,1002,1003,1004,
164;1;1035;1164;1;0,1,2,3,4,5,6,7,8,9,29,30,31,32,33,43,44,45,46,47,48,49,50,51,52,53,54,55,56,57,58,59,60,61,62,63,64,65,125,178,187,403,500,501,502,503,504,505,609,611,613,619,621,623,625,632,637,638,639,711,802,803,804,805,811,812,813,814,864,994,995,996,997,998,999,1000,1001,1002,1003,1004,
914;0;1164;1276;1;0,1,2,3,4,5,6,7,8,9,29,30,31,32,33,43,44,45,46,47,48,49,50,51,52,53,54,55,56,57,58,59,60,61,62,63,64,65,125,178,187,403,500,501,502,503,504,505,609,611,613,619,621,623,625,632,637,638,639,711,802,803,804,805,811,812,813,814,864,994,995,996,997,998,999,1000,1001,1002,1003,1004,
914;1;1276;1394;1;0,1,2,3,4,5,6,7,8,9,29,30,31,32,33,43,44,45,46,47,48,49,50,51,52,53,54,55,56,57,58,59,60,61,62,63,64,65,125,178,187,403,500,501,502,503,504,505,609,611,613,619,621,623,625,632,637,638,639,711,802,803,804,805,811,812,813,814,864,994,995,996,997,998,999,1000,1001,1002,1003,1004,
5;0;1394;1423;0;0,1,2,3,4,5,6,7,8,9,29,30,31,32,33,43,44,45,46,47,48,49,50,51,52,53,54,55,56,57,58,59,60,61,62,63,64,65,125,178,187,403,500,501,502,503,504,505,609,611,613,619,621,623,625,632,637,638,639,711,802,803,804,805,811,812,813,814,864,994,995,996,997,998,999,1000,1001,1002,1003,1004,
981;0;1423;1473;1;0,1,2,3,4,5,6,7,8,9,29,30,31,32,33,43,44,45,46,47,48,49,50,51,52,53,54,55,56,57,58,59,60,61,62,63,64,65,125,178,187,403,500,501,502,503,504,505,609,611,613,619,621,623,625,632,637,638,639,711,802,803,804,805,811,812,813,814,864,994,995,996,997,998,999,1000,1001,1002,1003,1004,
561;0;1473;1503;1;0,1,2,3,4,5,6,7,8,9,29,30,31,32,33,43,44,45,46,47,48,49,50,51,52,53,54,55,56,57,58,59,60,61,62,63,64,65,125,178,187,403,500,501,502,503,504,505,609,611,613,619,621,623,625,632,637,638,639,711,802,803,804,805,811,812,813,814,864,994,995,996,997,998,999,1000,1001,1002,1003,1004,
222;0;1503;1548;0;0,1,2,3,4,5,6,7,8,9,29,30,31,32,33,43,44,45,46,47,48,49,50,51,52,53,54,55,56,57,58,59,60,61,62,63,64,65,125,178,187,403,500,501,502,503,504,505,609,611,613,619,621,623,625,632,637,638,639,711,802,803,804,805,811,812,813,814,864,994,995,996,997,998,999,1000,1001,1002,1003,1004,
222;1;1548;1589;0;0,1,2,3,4,5,6,7,8,9,29,30,31,32,33,43,44,45,46,47,48,49,50,51,52,53,54,55,56,57,58,59,60,61,62,63,64,65,125,178,187,403,500,501,502,503,504,505,609,611,613,619,621,623,625,632,637,638,639,711,802,803,804,805,811,812,813,814,864,994,995,996,997,998,999,1000,1001,1002,1003,1004,
254;0;1589;1698;1;0,1,2,3,4,5,6,7,8,9,29,30,31,32,33,43,44,45,46,47,48,49,50,51,52,53,54,55,56,57,58,59,60,61,62,63,64,65,125,178,187,403,500,501,502,503,504,505,609,611,613,619,621,623,625,632,637,638,639,711,802,803,804,805,811,812,813,814,864,994,995,996,997,998,999,1000,1001,1002,1003,1004,
254;1;1698;1728;1;0,1,2,3,4,5,6,7,8,9,29,30,31,32,33,43,44,45,46,47,48,49,50,51,52,53,54,55,56,57,58,59,60,61,62,63,64,65,125,178,187,403,500,501,502,503,504,505,609,611,613,619,621,623,625,632,637,638,639,711,802,803,804,805,811,812,813,814,864,994,995,996,997,998,999,1000,1001,1002,1003,1004,
644;0;1728;1794;1;0,1,2,3,4,5,6,7,8,9,29,30,31,32,33,43,44,45,46,47,48,49,50,51,52,53,54,55,56,57,58,59,60,61,62,63,64,65,125,178,187,403,500,501,502,503,504,505,609,611,613,619,621,623,625,632,637,638,639,711,802,803,804,805,811,812,813,814,864,994,995,996,997,998,999,1000,1001,1002,1003,1004,
644;1;1794;1945;1;0,1,2,3,4,5,6,7,8,9,29,30,31,32,33,43,44,45,46,47,48,49,50,51,52,53,54,55,56,57,58,59,60,61,62,63,64,65,125,178,187,403,500,501,502,503,504,505,609,611,613,619,621,623,625,632,637,638,639,711,802,803,804,805,811,812,813,814,864,994,995,996,997,998,999,1000,1001,1002,1003,1004,
297;0;1945;1975;1;0,1,2,3,4,5,6,7,8,9,15,23,24,29,30,31,32,33,36,37,38,39,40,41,43,44,45,46,47,48,49,50,51,52,53,54,55,56,57,58,59,60,61,62,63,64,65,223,239,248,268,270,271,272,273,275,278,357,358,359,360,361,362,363,364,365,366,367,368,369,370,371,372,373,374,375,376,377,378,379,
297;1;1975;2150;1;0,1,2,3,4,5,6,7,8,9,15,23,24,29,30,31,32,33,36,37,38,39,40,41,43,44,45,46,47,48,49,50,51,52,53,54,55,56,57,58,59,60,61,62,63,64,65,223,239,248,268,270,271,272,273,275,278,357,358,359,360,361,362,363,364,365,366,367,368,369,370,371,372,373,374,375,376,377,378,379,
82;0;2150;2255;0;0,1,2,3,4,5,6,7,8,9,15,16,18,21,23,29,30,31,32,33,34,43,44,45,46,47,48,49,50,51,52,53,54,55,56,57,58,59,60,61,62,63,64,65,66,67,68,69,70,125,167,172,193,267,268,270,272,348,378,440,442,519,562,660,686,711,802,803,804,805,849,1143,1144,1145,1146,1147,1148,1149,1150,1151,
82;1;2255;2270;0;0,1,2,3,4,5,6,7,8,9,15,16,18,21,23,29,30,31,32,33,34,43,44,45,46,47,48,49,50,51,52,53,54,55,56,57,58,59,60,61,62,63,64,65,66,67,68,69,70,125,167,172,193,267,268,270,272,348,378,440,442,519,562,660,686,711,802,803,804,805,849,1143,1144,1145,1146,1147,1148,1149,1150,1151,
530;0;2270;2274;1;0,1,2,3,4,5,6,7,8,9,15,16,18,21,23,29,30,31,32,33,34,43,44,45,46,47,48,49,50,51,52,53,54,55,56,57,58,59,60,61,62,63,64,65,66,67,68,69,70,125,167,172,193,267,268,270,272,348,378,440,442,519,562,660,686,711,802,803,804,805,849,1143,1144,1145,1146,1147,1148,1149,1150,1151,
137;0;2274;2429;1;0,1,2,3,4,5,6,7,8,9,15,16,18,21,23,29,30,31,32,33,34,43,44,45,46,47,48,49,50,51,52,53,54,55,56,57,58,59,60,61,62,63,64,65,66,67,68,69,70,125,167,172,193,267,268,270,272,348,378,440,442,519,562,660,686,711,802,803,804,805,849,1143,1144,1145,1146,1147,1148,1149,1150,1151,
137;1;2429;2558;1;0,1,2,3,4,5,6,7,8,9,15,16,18,21,23,29,30,31,32,33,34,43,44,45,46,47,48,49,50,51,52,53,54,55,56,57,58,59,60,61,62,63,64,65,66,67,68,69,70,125,167,172,193,267,268,270,272,348,378,440,442,519,562,660,686,711,802,803,804,805,849,1143,1144,1145,1146,1147,1148,1149,1150,1151,
426;0;2558;2562;0;0,1,2,3,4,5,6,7,8,9,15,16,18,21,23,29,30,31,32,33,34,43,44,45,46,47,48,49,50,51,52,53,54,55,56,57,58,59,60,61,62,63,64,65,66,67,68,69,70,125,167,172,193,267,268,270,272,348,378,440,442,519,562,660,686,711,802,803,804,805,849,1143,1144,1145,1146,1147,1148,1149,1150,1151,
367;0;2562;2608;1;0,1,2,3,4,5,6,7,8,9,15,16,18,21,23,29,30,31,32,33,34,43,44,45,46,47,48,49,50,51,52,53,54,55,56,57,58,59,60,61,62,63,64,65,66,67,68,69,70,125,167,172,193,267,268,270,272,348,378,440,442,519,562,660,686,711,802,803,804,805,849,1143,1144,1145,1146,1147,1148,1149,1150,1151,
367;1;2608;2779;1;0,1,2,3,4,5,6,7,8,9,15,16,18,21,23,29,30,31,32,33,34,43,44,45,46,47,48,49,50,51,52,53,54,55,56,57,58,59,60,61,62,63,64,65,66,67,68,69,70,125,167,172,193,267,268,270,272,348,378,440,442,519,562,660,686,711,802,803,804,805,849,1143,1144,1145,1146,1147,1148,1149,1150,1151,
97;0;2779;2939;1;0,1,2,3,4,5,6,7,8,9,15,16,18,21,23,29,30,31,32,33,34,43,44,45,46,47,48,49,50,51,52,53,54,55,56,57,58,59,60,61,62,63,64,65,66,67,68,69,70,125,167,172,193,267,268,270,272,348,378,440,442,519,562,660,686,711,802,803,804,805,849,1143,1144,1145,1146,1147,1148,1149,1150,1151,
97;1;2939;3103;1;0,1,2,3,4,5,6,7,8,9,15,16,18,21,23,29,30,31,32,33,34,43,44,45,46,47,48,49,50,51,52,53,54,55,56,57,58,59,60,61,62,63,64,65,66,67,68,69,70,125,167,172,193,267,268,270,272,348,378,440,442,519,562,660,686,711,802,803,804,805,849,1143,1144,1145,1146,1147,1148,1149,1150,1151,
909;0;3103;3118;0;0,1,2,3,4,5,6,7,8,9,15,16,18,21,23,29,30,31,32,33,34,35,43,44,45,46,47,48,49,50,51,52,53,54,55,56,57,58,59,60,61,62,63,64,65,66,67,68,69,70,125,167,172,187,193,267,268,270,272,345,378,384,440,442,452,562,686,711,820,1076,1117,1118,1119,1120,1121,1122,1123,1124,1125,1148,
909;1;3118;3171;0;0,1,2,3,4,5,6,7,8,9,15,16,18,21,23,29,30,31,32,33,34,35,43,44,45,46,47,48,49,50,51,52,53,54,55,56,57,58,59,60,61,62,63,64,65,66,67,68,69,70,125,167,172,187,193,267,268,270,272,345,378,384,440,442,452,562,686,711,820,1076,1117,1118,1119,1120,1121,1122,1123,1124,1125,1148,
159;0;3171;3210;0;0,1,2,3,4,5,6,7,8,9,15,16,18,21,23,29,30,31,32,33,34,35,43,44,45,46,47,48,49,50,51,52,53,54,55,56,57,58,59,60,61,62,63,64,65,66,67,68,69,70,125,167,172,187,193,267,268,270,272,345,378,384,440,442,452,562,686,711,820,1076,1117,1118,1119,1120,1121,1122,1123,1124,1125,1148,
159;1;3210;3313;0;0,1,2,3,4,5,6,7,8,9,15,16,18,21,23,29,30,31,32,33,34,35,43,44,45,46,47,48,49,50,51,52,53,54,55,56,57,58,59,60,61,62,63,64,65,66,67,68,69,70,125,167,172,187,193,267,268,270,272,345,378,384,440,442,452,562,686,711,820,1076,1117,1118,1119,1120,1121,1122,1123,1124,1125,1148,
934;0;3313;3396;1;0,1,2,3,4,5,6,7,8,9,15,16,18,21,23,29,30,31,32,33,34,35,43,44,45,46,47,48,49,50,51,52,53,54,55,56,57,58,59,60,61,62,63,64,65,66,67,68,69,70,125,129,167,172,187,193,199,267,268,270,272,345,378,384,399,403,440,442,452,504,562,675,686,711,749,750,751,752,820,1148,
934;1;3396;3482;1;0,1,2,3,4,5,6,7,8,9,15,16,18,21,23,29,30,31,32,33,34,35,43,44,45,46,47,48,49,50,51,52,53,54,55,56,57,58,59,60,61,62,63,64,65,66,67,68,69,70,125,129,167,172,187,193,199,267,268,270,272,345,378,384,399,403,440,442,452,504,562,675,686,711,749,750,751,752,820,1148,
114;0;3482;3603;1;0,1,2,3,4,5,8,9,15,16,18,20,21,23,29,30,31,32,33,34,35,45,46,51,52,56,59,64,66,67,68,70,125,129,193,199,219,262,264,265,267,268,270,272,336,337,338,339,378,399,403,504,544,562,605,662,675,749,750,751,752,768,955,1126,1127,1128,1129,1130,1131,1132,1133,1134,1135,1136,1137,1138,1139,1140,1141,1142,
114;1;3603;3689;1;0,1,2,3,4,5,8,9,15,16,18,20,21,23,29,30,31,32,33,34,35,45,46,51,52,56,59,64,66,67,68,70,125,129,193,199,219,262,264,265,267,268,270,272,336,337,338,339,378,399,403,504,544,562,605,662,675,749,750,751,752,768,955,1126,1127,1128,1129,1130,1131,1132,1133,1134,1135,1136,1137,1138,1139,1140,1141,1142,
278;0;3689;3738;0;0,1,2,3,4,5,8,9,15,16,18,20,21,23,29,30,31,32,33,34,35,45,46,51,52,56,59,64,66,67,68,70,125,129,193,199,219,262,264,265,267,268,270,272,336,337,338,339,378,399,403,504,544,562,605,662,675,749,750,751,752,768,955,1126,1127,1128,1129,1130,1131,1132,1133,1134,1135,1136,1137,1138,1139,1140,1141,1142,
904;0;3738;3843;1;0,1,2,3,4,5,8,9,15,16,18,20,21,23,29,30,31,32,33,34,35,45,46,51,52,56,59,64,66,67,68,70,125,129,193,199,219,262,264,265,267,268,270,272,336,337,338,339,378,399,403,504,544,562,605,662,675,749,750,751,752,768,955,1126,1127,1128,1129,1130,1131,1132,1133,1134,1135,1136,1137,1138,1139,1140,1141,1142,
904;1;3843;3929;1;0,1,2,3,4,5,8,9,15,16,18,20,21,23,29,30,31,32,33,34,35,45,46,51,52,56,59,64,66,67,68,70,125,129,193,199,219,262,264,265,267,268,270,272,336,337,338,339,378,399,403,504,544,562,605,662,675,749,750,751,752,768,955,1126,1127,1128,1129,1130,1131,1132,1133,1134,1135,1136,1137,1138,1139,1140,1141,1142,
844;0;3929;3983;1;0,1,2,3,4,5,8,9,15,16,18,20,21,23,29,30,31,32,33,34,35,45,46,51,52,56,59,64,66,67,68,70,125,129,193,199,219,262,264,265,267,268,270,272,336,337,338,339,378,399,403,504,544,562,605,662,675,749,750,751,752,768,955,1126,1127,1128,1129,1130,1131,1132,1133,1134,1135,1136,1137,1138,1139,1140,1141,1142,
844;1;3983;4156;1;0,1,2,3,4,5,8,9,15,16,18,20,21,23,29,30,31,32,33,34,35,45,46,51,52,56,59,64,66,67,68,70,125,129,193,199,219,262,264,265,267,268,270,272,336,337,338,339,378,399,403,504,544,562,605,662,675,749,750,751,752,768,955,1126,1127,1128,1129,1130,1131,1132,1133,1134,1135,1136,1137,1138,1139,1140,1141,1142,
454;0;4156;4233;1;0,1,2,3,4,5,8,9,15,16,18,20,21,23,29,30,31,32,33,34,35,45,46,51,52,56,59,64,66,67,68,70,125,129,193,199,219,262,264,265,267,268,270,272,336,337,338,339,378,399,403,504,544,562,605,662,675,749,750,751,752,768,955,1126,1127,1128,1129,1130,1131,1132,1133,1134,1135,1136,1137,1138,1139,1140,1141,1142,
454;1;4233;4322;1;0,1,2,3,4,5,8,9,15,16,18,20,21,23,29,30,31,32,33,34,35,45,46,51,52,56,59,64,66,67,68,70,125,129,193,199,219,262,264,265,267,268,270,272,336,337,338,339,378,399,403,504,544,562,605,662,675,749,750,751,752,768,955,1126,1127,1128,1129,1130,1131,1132,1133,1134,1135,1136,1137,1138,1139,1140,1141,1142,
99;0;4322;4363;0;0,1,2,3,4,5,8,9,15,16,18,20,21,23,29,30,31,32,33,34,35,45,46,51,52,56,59,64,66,67,68,70,125,193,199,219,262,264,265,266,267,268,269,270,271,272,287,290,291,292,293,309,310,323,327,336,337,338,339,361,378,399,403,504,544,562,605,662,691,692,693,694,695,696,697,698,699,750,768,955,
99;1;4363;4408;0;0,1,2,3,4,5,8,9,15,16,18,20,21,23,29,30,31,32,33,34,35,45,46,51,52,56,59,64,66,67,68,70,125,193,199,219,262,264,265,266,267,268,269,270,271,272,287,290,291,292,293,309,310,323,327,336,337,338,339,361,378,399,403,504,544,562,605,662,691,692,693,694,695,696,697,698,699,750,768,955,
80;0;4408;4443;1;0,2,8,9,15,16,17,18,20,21,23,29,30,31,32,33,34,35,45,51,59,64,66,67,68,70,125,133,193,199,219,264,265,266,267,268,269,270,271,274,275,287,290,291,292,293,309,310,323,327,330,336,337,338,339,361,394,395,558,562,649,650,651,652,653,654,655,656,657,658,659,691,692,693,694,695,696,697,698,699,
221;0;4443;4488;1;0,2,8,9,15,16,17,18,20,21,23,29,30,31,32,33,34,35,45,51,59,64,66,67,68,70,125,133,193,199,219,264,265,266,267,268,269,270,271,274,275,287,290,291,292,293,309,310,323,327,330,336,337,338,339,361,394,395,558,562,649,650,651,652,653,654,655,656,657,658,659,691,692,693,694,695,696,697,698,699,
719;0;4488;4593;0;0,2,8,9,15,16,17,18,20,21,23,29,30,31,32,33,34,35,45,51,59,64,66,67,68,70,125,133,193,199,219,264,265,266,267,268,269,270,271,274,275,287,290,291,292,293,309,310,323,327,330,336,337,338,339,361,394,395,558,562,649,650,651,652,653,654,655,656,657,658,659,691,692,693,694,695,696,697,698,699,
719;1;4593;4638;0;0,2,8,9,15,16,17,18,20,21,23,29,30,31,32,33,34,35,45,51,59,64,66,67,68,70,125,133,193,199,219,264,265,266,267,268,269,270,271,274,275,287,290,291,292,293,309,310,323,327,330,336,337,338,339,361,394,395,558,562,649,650,651,652,653,654,655,656,657,658,659,691,692,693,694,695,696,697,698,699,
621;0;4638;4749;1;0,2,8,9,15,16,17,18,20,21,23,29,30,31,32,33,34,35,45,51,59,64,66,67,68,70,125,133,193,199,219,264,265,266,267,268,269,270,271,274,275,287,290,291,292,293,309,310,323,327,330,336,337,338,339,361,394,395,558,562,649,650,651,652,653,654,655,656,657,658,659,691,692,693,694,695,696,697,698,699,
464;0;4749;4901;1;0,2,8,15,16,17,18,19,20,21,22,23,26,29,30,31,32,33,34,35,45,51,59,66,67,70,133,142,206,219,223,264,265,266,269,271,274,330,333,336,337,338,339,365,366,394,395,474,479,484,485,530,533,558,559,560,561,562,568,650,651,657,806,807,808,809,889,890,1116,1201,1202,1203,1204,1205,1206,1207,1208,1209,1210,1211,
464;1;4901;5065;1;0,2,8,15,16,17,18,19,20,21,22,23,26,29,30,31,32,33,34,35,45,51,59,66,67,70,133,142,206,219,223,264,265,266,269,271,274,330,333,336,337,338,339,365,366,394,395,474,479,484,485,530,533,558,559,560,561,562,568,650,651,657,806,807,808,809,889,890,1116,1201,1202,1203,1204,1205,1206,1207,1208,1209,1210,1211,
307;0;5065;5070;1;0,2,8,15,16,17,18,19,20,21,22,23,26,29,30,31,32,33,34,35,45,51,59,66,67,70,133,142,206,219,223,264,265,266,269,271,274,330,333,336,337,338,339,365,366,394,395,474,479,484,485,530,533,558,559,560,561,562,568,650,651,657,806,807,808,809,889,890,1116,1201,1202,1203,1204,1205,1206,1207,1208,1209,1210,1211,
307;1;5070;5233;1;0,2,8,15,16,17,18,19,20,21,22,23,26,29,30,31,32,33,34,35,45,51,59,66,67,70,133,142,206,219,223,264,265,266,269,271,274,330,333,336,337,338,339,365,366,394,395,474,479,484,485,530,533,558,559,560,561,562,568,650,651,657,806,807,808,809,889,890,1116,1201,1202,1203,1204,1205,1206,1207,1208,1209,1210,1211,
927;0;5233;5288;1;0,2,8,15,16,17,18,19,20,21,22,23,26,29,30,31,32,33,34,35,45,51,59,66,67,70,133,142,206,219,223,264,265,266,269,271,274,330,333,336,337,338,339,365,366,394,395,474,479,484,485,530,533,558,559,560,561,562,568,650,651,657,806,807,808,809,889,890,1116,1201,1202,1203,1204,1205,1206,1207,1208,1209,1210,1211,
927;1;5288;5461;1;0,2,8,15,16,17,18,19,20,21,22,23,26,29,30,31,32,33,34,35,45,51,59,66,67,70,133,142,206,219,223,264,265,266,269,271,274,330,333,336,337,338,339,365,366,394,395,474,479,484,485,530,533,558,559,560,561,562,568,650,651,657,806,807,808,809,889,890,1116,1201,1202,1203,1204,1205,1206,1207,1208,1209,1210,1211,
783;0;5461;5593;1;0,2,8,15,16,17,18,19,20,21,22,23,26,29,30,31,32,33,34,35,45,51,59,66,67,70,133,142,206,219,223,264,265,266,269,271,274,330,333,336,337,338,339,365,366,394,395,474,479,484,485,530,533,558,559,560,561,562,568,650,651,657,806,807,808,809,889,890,1116,1201,1202,1203,1204,1205,1206,1207,1208,1209,1210,1211,
60;0;5593;5630;1;0,2,8,15,16,17,18,19,20,21,22,23,26,29,30,31,32,33,34,35,45,51,59,66,67,70,133,142,206,219,223,264,265,266,269,271,274,330,333,336,337,338,339,365,366,394,395,474,479,484,485,530,533,558,559,560,561,562,568,650,651,657,806,807,808,809,889,890,1116,1201,1202,1203,1204,1205,1206,1207,1208,1209,1210,1211,
133;0;5630;5716;1;0,2,8,15,16,17,18,19,20,21,22,23,26,29,30,31,32,33,34,35,45,51,59,66,67,70,133,142,206,219,223,264,265,266,269,271,274,330,333,336,337,338,339,365,366,394,395,474,479,484,485,530,533,558,559,560,561,562,568,650,651,657,806,807,808,809,889,890,1116,1201,1202,1203,1204,1205,1206,1207,1208,1209,1210,1211,
264;0;5716;5778;1;0,2,8,15,16,17,18,19,20,21,22,23,26,29,30,31,32,33,34,35,45,51,59,66,67,70,133,142,206,219,223,264,265,266,269,271,274,330,333,336,337,338,339,365,366,394,395,474,479,484,485,530,533,558,559,560,561,562,568,650,651,657,806,807,808,809,889,890,1116,1201,1202,1203,1204,1205,1206,1207,1208,1209,1210,1211,
264;1;5778;5903;1;0,2,8,15,16,17,18,19,20,21,22,23,26,29,30,31,32,33,34,35,45,51,59,66,67,70,133,142,206,219,223,264,265,266,269,271,274,330,333,336,337,338,339,365,366,394,395,474,479,484,485,530,533,558,559,560,561,562,568,650,651,657,806,807,808,809,889,890,1116,1201,1202,1203,1204,1205,1206,1207,1208,1209,1210,1211,
580;0;5903;6045;1;0,2,8,15,16,17,18,19,20,21,22,23,26,29,30,31,32,33,34,35,45,51,59,66,67,70,133,142,206,219,223,264,265,266,269,271,274,330,333,336,337,338,339,365,366,394,395,474,479,484,485,530,533,558,559,560,561,562,568,650,651,657,806,807,808,809,889,890,1116,1201,1202,1203,1204,1205,1206,1207,1208,1209,1210,1211,
457;0;6045;6143;1;0,2,8,15,16,17,18,19,20,21,22,23,26,29,30,31,32,33,34,35,45,51,59,66,67,70,133,142,206,219,223,264,265,266,269,271,274,330,333,336,337,338,339,365,366,394,395,474,479,484,485,530,533,558,559,560,561,562,568,650,651,657,806,807,808,809,889,890,1116,1201,1202,1203,1204,1205,1206,1207,1208,1209,1210,1211,
457;1;6143;6192;1;0,2,8,15,16,17,18,19,20,21,22,23,26,29,30,31,32,33,34,35,45,51,59,66,67,70,133,142,206,219,223,264,265,266,269,271,274,330,333,336,337,338,339,365,366,394,395,474,479,484,485,530,533,558,559,560,561,562,568,650,651,657,806,807,808,809,889,890,1116,1201,1202,1203,1204,1205,1206,1207,1208,1209,1210,1211,
483;0;6192;6278;1;0,2,8,15,16,17,18,19,20,21,22,23,26,29,30,31,32,33,34,35,45,51,59,66,67,70,133,142,206,219,223,264,265,266,269,271,274,330,333,336,337,338,339,365,366,394,395,474,479,484,485,530,533,558,559,560,561,562,568,650,651,657,806,807,808,809,889,890,1116,1201,1202,1203,1204,1205,1206,1207,1208,1209,1210,1211,
797;0;6278;6416;1;0,2,8,15,19,20,22,23,24,25,28,31,33,37,38,39,40,45,51,59,66,67,133,140,148,154,155,156,157,158,159,160,161,162,163,164,165,210,213,217,223,237,238,239,240,248,263,264,274,283,330,331,332,333,334,335,357,358,362,363,368,370,371,372,484,531,577,604,651,657,836,837,838,839,840,841,842,843,1080,1263,
797;1;6416;6553;1;0,2,8,15,19,20,22,23,24,25,28,31,33,37,38,39,40,45,51,59,66,67,133,140,148,154,155,156,157,158,159,160,161,162,163,164,165,210,213,217,223,237,238,239,240,248,263,264,274,283,330,331,332,333,334,335,357,358,362,363,368,370,371,372,484,531,577,604,651,657,836,837,838,839,840,841,842,843,1080,1263,
480;0;6553;6561;1;0,2,8,15,19,20,22,23,24,25,28,31,33,37,38,39,40,45,51,59,66,67,133,140,148,154,155,156,157,158,159,160,161,162,163,164,165,210,213,217,223,237,238,239,240,248,263,264,274,283,330,331,332,333,334,335,357,358,362,363,368,370,371,372,484,531,577,604,651,657,836,837,838,839,840,841,842,843,1080,1263,
620;0;6561;6612;1;0,2,8,15,19,20,22,23,24,25,28,31,33,37,38,39,40,45,51,59,66,67,133,140,148,154,155,156,157,158,159,160,161,162,163,164,165,210,213,217,223,237,238,239,240,248,263,264,274,283,330,331,332,333,334,335,357,358,362,363,368,370,371,372,484,531,577,604,651,657,836,837,838,839,840,841,842,843,1080,1263,
354;0;6612;6715;1;0,2,8,15,19,20,22,23,24,25,28,31,33,37,38,39,40,45,51,59,66,67,133,140,148,154,155,156,157,158,159,160,161,162,163,164,165,210,213,217,223,237,238,239,240,248,263,264,274,283,330,331,332,333,334,335,357,358,362,363,368,370,371,372,484,531,577,604,651,657,836,837,838,839,840,841,842,843,1080,1263,
354;1;6715;6824;1;0,2,8,15,19,20,22,23,24,25,28,31,33,37,38,39,40,45,51,59,66,67,133,140,148,154,155,156,157,158,159,160,161,162,163,164,165,210,213,217,223,237,238,239,240,248,263,264,274,283,330,331,332,333,334,335,357,358,362,363,368,370,371,372,484,531,577,604,651,657,836,837,838,839,840,841,842,843,1080,1263,
45;0;6824;6893;0;0,2,8,15,19,20,22,23,24,25,28,31,33,37,38,39,40,45,51,59,66,67,133,140,148,154,155,156,157,158,159,160,161,162,163,164,165,210,213,217,223,237,238,239,240,248,263,264,274,283,330,331,332,333,334,335,357,358,362,363,368,370,371,372,484,531,577,604,651,657,836,837,838,839,840,841,842,843,1080,1263,
405;0;6893;6904;0;0,2,8,15,19,20,22,23,24,25,28,31,33,37,38,39,40,45,51,59,66,67,133,140,148,154,155,156,157,158,159,160,161,162,163,164,165,210,213,217,223,237,238,239,240,248,263,264,274,283,330,331,332,333,334,335,357,358,362,363,368,370,371,372,484,531,577,604,651,657,836,837,838,839,840,841,842,843,1080,1263,
671;0;6904;7031;1;0,2,8,15,19,20,22,23,24,25,28,31,33,37,38,39,40,45,51,59,66,67,133,140,148,154,155,156,157,158,159,160,161,162,163,164,165,210,213,217,223,237,238,239,240,248,263,264,274,283,330,331,332,333,334,335,357,358,362,363,368,370,371,372,484,531,577,604,651,657,836,837,838,839,840,841,842,843,1080,1263,
417;0;7031;7199;1;0,2,8,15,19,20,22,23,24,25,28,31,33,37,38,39,40,45,51,59,66,67,133,140,148,154,155,156,157,158,159,160,161,162,163,164,165,210,213,217,223,237,238,239,240,248,263,264,274,283,330,331,332,333,334,335,357,358,362,363,368,370,371,372,484,531,577,604,651,657,836,837,838,839,840,841,842,843,1080,1263,
417;1;7199;7204;1;0,2,8,15,19,20,22,23,24,25,28,31,33,37,38,39,40,45,51,59,66,67,133,140,148,154,155,156,157,158,159,160,161,162,163,164,165,210,213,217,223,237,238,239,240,248,263,264,274,283,330,331,332,333,334,335,357,358,362,363,368,370,371,372,484,531,577,604,651,657,836,837,838,839,840,841,842,843,1080,1263,
859;0;7204;7282;0;0,2,8,15,19,20,22,23,24,25,28,31,33,37,38,39,40,45,51,59,66,67,133,140,148,154,155,156,157,158,159,160,161,162,163,164,165,210,213,217,223,237,238,239,240,248,263,264,274,283,330,331,332,333,334,335,357,358,362,363,368,370,371,372,484,531,577,604,651,657,836,837,838,839,840,841,842,843,1080,1263,
859;1;7282;7333;0;0,2,8,15,19,20,22,23,24,25,28,31,33,37,38,39,40,45,51,59,66,67,133,140,148,154,155,156,157,158,159,160,161,162,163,164,165,210,213,217,223,237,238,239,240,248,263,264,274,283,330,331,332,333,334,335,357,358,362,363,368,370,371,372,484,531,577,604,651,657,836,837,838,839,840,841,842,843,1080,1263,
261;0;7333;7384;1;0,2,8,15,19,20,22,23,24,25,28,31,33,37,38,39,40,45,51,59,66,67,133,140,148,154,155,156,157,158,159,160,161,162,163,164,165,210,213,217,223,237,238,239,240,248,263,264,274,283,330,331,332,333,334,335,357,358,362,363,368,370,371,372,484,531,577,604,651,657,836,837,838,839,840,841,842,843,1080,1263,
617;0;7384;7520;1;0,2,8,15,19,20,22,23,24,25,28,31,33,37,38,40,45,51,59,64,66,67,125,127,133,140,148,154,155,156,157,158,159,160,161,162,163,164,193,194,195,196,197,198,199,200,201,203,204,205,217,223,237,238,239,240,248,263,264,274,283,330,331,332,333,334,335,357,358,362,363,370,371,372,484,531,577,651,937,1080,
617;1;7520;7618;1;0,2,8,15,19,20,22,23,24,25,28,31,33,37,38,40,45,51,59,64,66,67,125,127,133,140,148,154,155,156,157,158,159,160,161,162,163,164,193,194,195,196,197,198,199,200,201,203,204,205,217,223,237,238,239,240,248,263,264,274,283,330,331,332,333,334,335,357,358,362,363,370,371,372,484,531,577,651,937,1080,
489;0;7618;7738;0;0,2,8,15,19,20,22,23,24,25,28,31,33,37,38,40,45,51,59,64,66,67,125,127,133,140,148,154,155,156,157,158,159,160,161,162,163,164,193,194,195,196,197,198,199,200,201,203,204,205,217,223,237,238,239,240,248,263,264,274,283,330,331,332,333,334,335,357,358,362,363,370,371,372,484,531,577,651,937,1080,
489;1;7738;7774;0;0,2,8,15,19,20,22,23,24,25,28,31,33,37,38,40,45,51,59,64,66,67,125,127,133,140,148,154,155,156,157,158,159,160,161,162,163,164,193,194,195,196,197,198,199,200,201,203,204,205,217,223,237,238,239,240,248,263,264,274,283,330,331,332,333,334,335,357,358,362,363,370,371,372,484,531,577,651,937,1080,
200;0;7774;7843;1;0,2,8,15,19,20,22,23,24,25,28,31,33,37,38,40,45,51,59,64,66,67,125,127,133,140,148,154,155,156,157,158,159,160,161,162,163,164,193,194,195,196,197,198,199,200,201,203,204,205,217,223,237,238,239,240,248,263,264,274,283,330,331,332,333,334,335,357,358,362,363,370,371,372,484,531,577,651,937,1080,
867;0;7843;7999;1;0,2,8,19,20,22,23,24,25,28,31,33,45,51,59,64,67,125,133,140,148,154,155,156,157,158,159,160,161,162,163,164,193,196,214,215,237,238,239,240,263,264,274,320,330,331,332,333,334,335,362,480,531,578,651,661,662,663,664,665,919,1080,1202,1208,1324,1325,1326,1327,1328,1329,1330,1331,1332,1333,1334,1335,1371,1372,1373,1374,
867;1;7999;8020;1;0,2,8,19,20,22,23,24,25,28,31,33,45,51,59,64,67,125,133,140,148,154,155,156,157,158,159,160,161,162,163,164,193,196,214,215,237,238,239,240,263,264,274,320,330,331,332,333,334,335,362,480,531,578,651,661,662,663,664,665,919,1080,1202,1208,1324,1325,1326,1327,1328,1329,1330,1331,1332,1333,1334,1335,1371,1372,1373,1374,
677;0;8020;8097;1;0,2,8,19,20,22,23,24,25,28,31,33,45,51,59,64,67,125,133,140,148,154,155,156,157,158,159,160,161,162,163,164,193,196,214,215,237,238,239,240,263,264,274,320,330,331,332,333,334,335,362,480,531,578,651,661,662,663,664,665,919,1080,1202,1208,1324,1325,1326,1327,1328,1329,1330,1331,1332,1333,1334,1335,1371,1372,1373,1374,
677;1;8097;8118;1;0,2,8,19,20,22,23,24,25,28,31,33,45,51,59,64,67,125,133,140,148,154,155,156,157,158,159,160,161,162,163,164,193,196,214,215,237,238,239,240,263,264,274,320,330,331,332,333,334,335,362,480,531,578,651,661,662,663,664,665,919,1080,1202,1208,1324,1325,1326,1327,1328,1329,1330,1331,1332,1333,1334,1335,1371,1372,1373,1374,
312;0;8118;8266;0;0,2,8,19,20,22,23,24,25,28,31,33,45,51,59,64,67,125,133,140,148,154,155,156,157,158,159,160,161,162,163,164,193,196,214,215,237,238,239,240,263,264,274,320,330,331,332,333,334,335,362,480,531,578,651,661,662,663,664,665,919,1080,1202,1208,1324,1325,1326,1327,1328,1329,1330,1331,1332,1333,1334,1335,1371,1372,1373,1374,
312;1;8266;8335;0;0,2,8,19,20,22,23,24,25,28,31,33,45,51,59,64,67,125,133,140,148,154,155,156,157,158,159,160,161,162,163,164,193,196,214,215,237,238,239,240,263,264,274,320,330,331,332,333,334,335,362,480,531,578,651,661,662,663,664,665,919,1080,1202,1208,1324,1325,1326,1327,1328,1329,1330,1331,1332,1333,1334,1335,1371,1372,1373,1374,
83;0;8335;8410;1;0,2,8,19,20,22,23,24,25,28,31,33,45,51,59,64,67,125,133,140,148,154,155,156,157,158,159,160,161,162,163,164,193,196,214,215,237,238,239,240,263,264,274,320,330,331,332,333,334,335,362,480,531,578,651,661,662,663,664,665,919,1080,1202,1208,1324,1325,1326,1327,1328,1329,1330,1331,1332,1333,1334,1335,1371,1372,1373,1374,
37;0;8410;8498;1;0,2,8,19,20,22,23,24,25,28,31,33,45,51,59,64,67,125,133,140,148,154,155,156,157,158,159,160,161,162,163,164,193,196,214,215,237,238,239,240,263,264,274,320,330,331,332,333,334,335,362,480,531,578,651,661,662,663,664,665,919,1080,1202,1208,1324,1325,1326,1327,1328,1329,1330,1331,1332,1333,1334,1335,1371,1372,1373,1374,
37;1;8498;8549;1;0,2,8,19,20,22,23,24,25,28,31,33,45,51,59,64,67,125,133,140,148,154,155,156,157,158,159,160,161,162,163,164,193,196,214,215,237,238,239,240,263,264,274,320,330,331,332,333,334,335,362,480,531,578,651,661,662,663,664,665,919,1080,1202,1208,1324,1325,1326,1327,1328,1329,1330,1331,1332,1333,1334,1335,1371,1372,1373,1374,
862;0;8549;8629;0;0,2,8,19,20,22,23,24,25,28,31,33,45,51,59,64,67,125,133,140,148,154,155,156,157,158,159,160,161,162,163,164,193,196,214,215,237,238,239,240,263,264,274,320,330,331,332,333,334,335,362,480,531,578,651,661,662,663,664,665,919,1080,1202,1208,1324,1325,1326,1327,1328,1329,1330,1331,1332,1333,1334,1335,1371,1372,1373,1374,
862;1;8629;8637;0;0,2,8,19,20,22,23,24,25,28,31,33,45,51,59,64,67,125,133,140,148,154,155,156,157,158,159,160,161,162,163,164,193,196,214,215,237,238,239,240,263,264,274,320,330,331,332,333,334,335,362,480,531,578,651,661,662,663,664,665,919,1080,1202,1208,1324,1325,1326,1327,1328,1329,1330,1331,1332,1333,1334,1335,1371,1372,1373,1374,
303;0;8637;8778;1;0,2,8,19,20,22,23,24,25,28,31,33,45,51,59,64,67,125,133,140,148,154,155,156,157,158,159,160,161,162,163,164,193,196,214,215,237,238,239,240,263,264,274,320,330,331,332,333,334,335,362,480,531,578,651,661,662,663,664,665,919,1080,1202,1208,1324,1325,1326,1327,1328,1329,1330,1331,1332,1333,1334,1335,1371,1372,1373,1374,
18;0;8778;8783;0;0,2,8,19,20,22,23,24,25,28,31,33,45,51,59,64,67,125,133,140,148,154,155,156,157,158,159,160,161,162,163,164,193,196,214,215,237,238,239,240,263,264,274,320,330,331,332,333,334,335,362,480,531,578,651,661,662,663,664,665,919,1080,1202,1208,1324,1325,1326,1327,1328,1329,1330,1331,1332,1333,1334,1335,1371,1372,1373,1374,
821;0;8783;8843;1;0,2,8,19,20,22,23,24,25,28,31,33,45,51,59,64,67,70,125,130,131,132,133,134,135,136,137,138,139,140,141,142,143,144,145,146,147,148,149,154,155,156,157,158,159,160,161,162,163,164,193,196,214,215,237,238,239,240,263,264,274,320,330,331,332,333,334,335,362,480,531,578,651,661,662,663,664,665,919,1080,
907;0;8843;8876;1;0,1,2,3,4,5,6,7,8,9,20,23,29,30,31,32,33,43,44,45,46,47,48,49,50,51,52,53,54,55,56,57,58,59,60,61,62,63,64,65,70,125,130,131,132,133,134,135,136,137,138,139,140,141,142,143,144,145,146,147,148,149,154,155,156,157,158,159,160,161,162,163,164,193,196,214,237,238,239,240,
907;1;8876;8920;1;0,1,2,3,4,5,6,7,8,9,20,23,29,30,31,32,33,43,44,45,46,47,48,49,50,51,52,53,54,55,56,57,58,59,60,61,62,63,64,65,70,125,130,131,132,133,134,135,136,137,138,139,140,141,142,143,144,145,146,147,148,149,154,155,156,157,158,159,160,161,162,163,164,193,196,214,237,238,239,240,
73;0;8920;8989;1;0,1,2,3,4,5,6,7,8,9,20,23,29,30,31,32,33,43,44,45,46,47,48,49,50,51,52,53,54,55,56,57,58,59,60,61,62,63,64,65,70,125,130,131,132,133,134,135,136,137,138,139,140,141,142,143,144,145,146,147,148,149,154,155,156,157,158,159,160,161,162,163,164,193,196,214,237,238,239,240,
9;0;8989;9019;0;0,1,2,3,4,5,6,7,8,9,20,23,29,30,31,32,33,43,44,45,46,47,48,49,50,51,52,53,54,55,56,57,58,59,60,61,62,63,64,65,70,125,130,131,132,133,134,135,136,137,138,139,140,141,142,143,144,145,146,147,148,149,154,155,156,157,158,159,160,161,162,163,164,193,196,214,237,238,239,240,
9;1;9019;9079;0;0,1,2,3,4,5,6,7,8,9,20,23,29,30,31,32,33,43,44,45,46,47,48,49,50,51,52,53,54,55,56,57,58,59,60,61,62,63,64,65,70,125,130,131,132,133,134,135,136,137,138,139,140,141,142,143,144,145,146,147,148,149,154,155,156,157,158,159,160,161,162,163,164,193,196,214,237,238,239,240,
968;0;9079;9084;0;0,1,2,3,4,5,6,7,8,9,20,23,29,30,31,32,33,43,44,45,46,47,48,49,50,51,52,53,54,55,56,57,58,59,60,61,62,63,64,65,70,125,130,131,132,133,134,135,136,137,138,139,140,141,142,143,144,145,146,147,148,149,154,155,156,157,158,159,160,161,162,163,164,193,196,214,237,238,239,240,
11;0;9084;9150;1;0,1,2,3,4,5,6,7,8,9,20,23,29,30,31,32,33,43,44,45,46,47,48,49,50,51,52,53,54,55,56,57,58,59,60,61,62,63,64,65,70,125,130,131,132,133,134,135,136,137,138,139,140,141,142,143,144,145,146,147,148,149,154,155,156,157,158,159,160,161,162,163,164,193,196,214,237,238,239,240,
573;0;9150;9158;1;0,1,2,3,4,5,6,7,8,9,29,30,31,32,33,43,44,45,46,47,48,49,50,51,52,53,54,55,56,57,58,59,60,61,62,63,64,65,125,140,154,155,156,157,158,159,160,161,162,163,164,193,196,451,488,489,502,594,1014,1303,1304,1305,1306,1307,1308,1309,1310,1311,1312,1313,1314,1315,1316,1317,1318,1319,1320,1321,1322,1323,
520;0;9158;9209;1;0,1,2,3,4,5,6,7,8,9,29,30,31,32,33,43,44,45,46,47,48,49,50,51,52,53,54,55,56,57,58,59,60,61,62,63,64,65,125,140,154,155,156,157,158,159,160,161,162,163,164,166,167,168,169,170,171,172,173,174,193,196,451,488,489,502,594,1014,1303,1304,1305,1306,1307,1308,1309,1310,1311,1312,1313,1314,
646;0;9209;9238;0;0,1,2,3,4,5,6,7,8,9,29,30,31,32,33,43,44,45,46,47,48,49,50,51,52,53,54,55,56,57,58,59,60,61,62,63,64,65,125,140,154,155,156,157,158,159,160,161,162,163,164,166,167,168,169,170,171,172,173,174,193,196,451,488,489,502,594,1014,1303,1304,1305,1306,1307,1308,1309,1310,1311,1312,1313,1314,
34;0;9238;9280;1;0,1,2,3,4,5,6,7,8,9,29,30,31,32,33,35,43,44,45,46,47,48,49,50,51,52,53,54,55,56,57,58,59,60,61,62,63,64,65,125,140,153,154,155,156,157,158,159,160,161,162,163,164,166,167,168,172,193,196,347,355,356,396,397,398,399,400,401,402,403,404,405,451,473,502,616,719,845,846,1109,
34;1;9280;9424;1;0,1,2,3,4,5,6,7,8,9,29,30,31,32,33,35,43,44,45,46,47,48,49,50,51,52,53,54,55,56,57,58,59,60,61,62,63,64,65,125,140,153,154,155,156,157,158,159,160,161,162,163,164,166,167,168,172,193,196,347,355,356,396,397,398,399,400,401,402,403,404,405,451,473,502,616,719,845,846,1109,
969;0;9424;9438;0;0,1,2,3,4,5,6,7,8,9,29,30,31,32,33,35,43,44,45,46,47,48,49,50,51,52,53,54,55,56,57,58,59,60,61,62,63,64,65,125,140,153,154,155,156,157,158,159,160,161,162,163,164,166,167,168,172,193,196,347,355,356,396,397,398,399,400,401,402,403,404,405,451,473,502,616,719,845,846,1109,
969;1;9438;9504;0;0,1,2,3,4,5,6,7,8,9,29,30,31,32,33,35,43,44,45,46,47,48,49,50,51,52,53,54,55,56,57,58,59,60,61,62,63,64,65,125,140,153,154,155,156,157,158,159,160,161,162,163,164,166,167,168,172,193,196,347,355,356,396,397,398,399,400,401,402,403,404,405,451,473,502,616,719,845,846,1109,
971;0;9504;9536;1;0,1,2,3,4,5,6,7,8,9,29,30,31,32,33,35,43,44,45,46,47,48,49,50,51,52,53,54,55,56,57,58,59,60,61,62,63,64,65,125,140,153,154,155,156,157,158,159,160,161,162,163,164,166,167,168,172,193,196,347,355,356,396,397,398,399,400,401,402,403,404,405,451,473,502,616,719,845,846,1109,
317;0;9536;9613;1;0,1,2,3,4,5,6,7,8,9,29,30,31,32,33,35,43,44,45,46,47,48,49,50,51,52,53,54,55,56,57,58,59,60,61,62,63,64,65,125,140,153,154,155,156,157,158,159,160,161,162,163,164,166,167,168,172,193,196,347,355,356,396,397,398,399,400,401,402,403,404,405,451,473,502,616,719,845,846,1109,
317;1;9613;9621;1;0,1,2,3,4,5,6,7,8,9,29,30,31,32,33,35,43,44,45,46,47,48,49,50,51,52,53,54,55,56,57,58,59,60,61,62,63,64,65,125,140,153,154,155,156,157,158,159,160,161,162,163,164,166,167,168,172,193,196,347,355,356,396,397,398,399,400,401,402,403,404,405,451,473,502,616,719,845,846,1109,
760;0;9621;9651;1;0,1,2,3,4,5,6,7,8,9,29,30,31,32,33,35,43,44,45,46,47,48,49,50,51,52,53,54,55,56,57,58,59,60,61,62,63,64,65,125,140,153,154,155,156,157,158,159,160,161,162,163,164,166,167,168,172,193,196,347,355,356,396,397,398,399,400,401,402,403,404,405,451,473,502,616,719,845,846,1109,
57;0;9651;9735;1;0,1,2,3,4,5,6,7,8,9,29,30,31,32,33,35,43,44,45,46,47,48,49,50,51,52,53,54,55,56,57,58,59,60,61,62,63,64,65,125,140,153,154,155,156,157,158,159,160,161,162,163,164,166,167,168,172,193,196,347,355,356,396,397,398,399,400,401,402,403,404,405,451,473,502,616,719,845,846,1109,
57;1;9735;9783;1;0,1,2,3,4,5,6,7,8,9,29,30,31,32,33,35,43,44,45,46,47,48,49,50,51,52,53,54,55,56,57,58,59,60,61,62,63,64,65,125,140,153,154,155,156,157,158,159,160,161,162,163,164,166,167,168,172,193,196,347,355,356,396,397,398,399,400,401,402,403,404,405,451,473,502,616,719,845,846,1109,
955;0;9783;9809;0;0,1,2,3,4,5,6,7,8,9,29,30,31,32,33,35,43,44,45,46,47,48,49,50,51,52,53,54,55,56,57,58,59,60,61,62,63,64,65,125,140,153,154,155,156,157,158,159,160,161,162,163,164,166,167,168,172,193,196,347,355,356,396,397,398,399,400,401,402,403,404,405,451,473,502,616,719,845,846,1109,
321;0;9809;9859;1;0,1,2,3,4,5,6,7,8,9,29,30,31,32,33,35,43,44,45,46,47,48,49,50,51,52,53,54,55,56,57,58,59,60,61,62,63,64,65,125,140,153,154,155,156,157,158,159,160,161,162,163,164,166,167,168,172,193,196,347,355,356,396,397,398,399,400,401,402,403,404,405,451,473,502,616,719,845,846,1109,
81;0;9859;9960;1;0,1,2,3,4,5,6,7,8,9,29,30,31,32,33,35,43,44,45,46,47,48,49,50,51,52,53,54,55,56,57,58,59,60,61,62,63,64,65,125,140,153,154,155,156,157,158,159,160,161,162,163,164,166,167,168,172,193,196,347,355,356,396,397,398,399,400,401,402,403,404,405,451,473,502,616,719,845,846,1109,
781;0;9960;9990;1;0,1,2,3,4,5,6,7,8,9,29,30,31,32,33,35,43,44,45,46,47,48,49,50,51,52,53,54,55,56,57,58,59,60,61,62,63,64,65,125,140,153,154,155,156,157,158,159,160,161,162,163,164,166,167,168,172,193,196,347,355,356,396,397,398,399,400,401,402,403,404,405,451,473,502,616,719,845,846,1109,
389;0;9990;10022;0;0,1,2,3,4,5,6,7,8,9,29,30,31,32,33,35,43,44,45,46,47,48,49,50,51,52,53,54,55,56,57,58,59,60,61,62,63,64,65,125,140,153,154,155,156,157,158,159,160,161,162,163,164,166,167,168,172,193,196,347,355,356,396,397,398,399,400,401,402,403,404,405,451,473,502,616,719,845,846,1109,
389;1;10022;10054;0;0,1,2,3,4,5,6,7,8,9,29,30,31,32,33,35,43,44,45,46,47,48,49,50,51,52,53,54,55,56,57,58,59,60,61,62,63,64,65,125,140,153,154,155,156,157,158,159,160,161,162,163,164,166,167,168,172,193,196,347,355,356,396,397,398,399,400,401,402,403,404,405,451,473,502,616,719,845,846,1109,
793;0;10054;10060;1;0,1,2,3,4,5,6,7,8,9,29,30,31,32,33,35,43,44,45,46,47,48,49,50,51,52,53,54,55,56,57,58,59,60,61,62,63,64,65,125,140,153,154,155,156,157,158,159,160,161,162,163,164,166,167,168,172,193,196,347,355,356,396,397,398,399,400,401,402,403,404,405,451,473,502,616,719,845,846,1109,
Machine: 1
647;0;0;35;1;0,1,2,5,6,7,8,9,12,29,31,43,45,46,47,48,49,52,55,56,57,58,59,60,61,62,63,65,73,82,87,99,125,127,167,172,176,184,345,432,449,450,451,452,453,454,455,456,457,458,459,460,461,462,463,464,465,466,467,468,469,470,471,472,473,489,506,700,701,702,703,704,705,706,707,724,725,726,727,753,
647;1;35;155;1;0,1,2,5,6,7,8,9,12,29,31,43,45,46,47,48,49,52,55,56,57,58,59,60,61,62,63,65,73,82,87,99,125,127,167,172,176,184,345,432,449,450,451,452,453,454,455,456,457,458,459,460,461,462,463,464,465,466,467,468,469,470,471,472,473,489,506,700,701,702,703,704,705,706,707,724,725,726,727,753,
210;0;155;269;1;0,1,2,5,6,7,8,9,12,29,31,43,45,46,47,48,49,52,55,56,57,58,59,60,61,62,63,65,73,82,87,99,125,127,167,172,176,184,345,432,449,450,451,452,453,454,455,456,457,458,459,460,461,462,463,464,465,466,467,468,469,470,471,472,473,489,506,700,701,702,703,704,705,706,707,724,725,726,727,753,
707;0;269;313;1;0,1,2,5,6,7,8,9,12,29,31,43,45,46,47,48,49,52,55,56,57,58,59,60,61,62,63,65,73,82,87,99,125,127,167,172,176,184,345,432,449,450,451,452,453,454,455,456,457,458,459,460,461,462,463,464,465,466,467,468,469,470,471,472,473,489,506,700,701,702,703,704,705,706,707,724,725,726,727,753,
707;1;313;432;1;0,1,2,5,6,7,8,9,12,29,31,43,45,46,47,48,49,52,55,56,57,58,59,60,61,62,63,65,73,82,87,99,125,127,167,172,176,184,345,432,449,450,451,452,453,454,455,456,457,458,459,460,461,462,463,464,465,466,467,468,469,470,471,472,473,489,506,700,701,702,703,704,705,706,707,724,725,726,727,753,
640;0;432;551;1;0,1,2,5,6,7,8,9,12,29,31,43,45,46,47,48,49,52,55,56,57,58,59,60,61,62,63,65,73,82,87,99,125,127,167,172,176,184,345,432,449,450,451,452,453,454,455,456,457,458,459,460,461,462,463,464,465,466,467,468,469,470,471,472,473,489,506,700,701,702,703,704,705,706,707,724,725,726,727,753,
824;0;551;587;1;0,1,2,3,4,5,6,7,8,9,12,15,16,17,18,19,29,30,31,32,33,43,44,45,46,47,48,49,50,51,52,53,54,55,56,57,58,59,60,61,62,63,64,65,73,82,87,99,125,127,176,184,246,345,432,453,488,489,506,753,849,861,873,874,875,876,878,881,943,944,945,946,947,948,949,950,951,952,953,954,
824;1;587;748;1;0,1,2,3,4,5,6,7,8,9,12,15,16,17,18,19,29,30,31,32,33,43,44,45,46,47,48,49,50,51,52,53,54,55,56,57,58,59,60,61,62,63,64,65,73,82,87,99,125,127,176,184,246,345,432,453,488,489,506,753,849,861,873,874,875,876,878,881,943,944,945,946,947,948,949,950,951,952,953,954,
774;0;748;844;1;0,1,2,3,4,5,6,7,8,9,12,15,16,17,18,19,29,30,31,32,33,43,44,45,46,47,48,49,50,51,52,53,54,55,56,57,58,59,60,61,62,63,64,65,73,82,87,99,125,127,176,184,246,345,432,453,488,489,506,753,849,861,873,874,875,876,878,881,943,944,945,946,947,948,949,950,951,952,953,954,
774;1;844;1004;1;0,1,2,3,4,5,6,7,8,9,12,15,16,17,18,19,29,30,31,32,33,43,44,45,46,47,48,49,50,51,52,53,54,55,56,57,58,59,60,61,62,63,64,65,73,82,87,99,125,127,176,184,246,345,432,453,488,489,506,753,849,861,873,874,875,876,878,881,943,944,945,946,947,948,949,950,951,952,953,954,
910;0;1004;1158;1;0,1,2,3,4,5,6,7,8,9,12,15,16,17,18,19,29,30,31,32,33,43,44,45,46,47,48,49,50,51,52,53,54,55,56,57,58,59,60,61,62,63,64,65,73,82,87,99,125,127,176,184,246,345,432,453,488,489,506,753,849,861,873,874,875,876,878,881,943,944,945,946,947,948,949,950,951,952,953,954,
890;0;1158;1234;1;0,1,2,3,4,5,6,7,8,9,12,15,16,17,18,19,29,30,31,32,33,43,44,45,46,47,48,49,50,51,52,53,54,55,56,57,58,59,60,61,62,63,64,65,73,82,87,99,125,127,176,184,246,345,432,453,488,489,506,753,849,861,873,874,875,876,878,881,943,944,945,946,947,948,949,950,951,952,953,954,
377;0;1234;1349;1;0,1,2,3,4,5,6,7,8,9,12,15,16,17,18,19,29,30,31,32,33,43,44,45,46,47,48,49,50,51,52,53,54,55,56,57,58,59,60,61,62,63,64,65,73,82,87,99,125,127,176,184,246,345,432,453,488,489,506,753,849,861,873,874,875,876,878,881,943,944,945,946,947,948,949,950,951,952,953,954,
377;1;1349;1510;1;0,1,2,3,4,5,6,7,8,9,12,15,16,17,18,19,29,30,31,32,33,43,44,45,46,47,48,49,50,51,52,53,54,55,56,57,58,59,60,61,62,63,64,65,73,82,87,99,125,127,176,184,246,345,432,453,488,489,506,753,849,861,873,874,875,876,878,881,943,944,945,946,947,948,949,950,951,952,953,954,
872;0;1510;1598;0;0,1,2,3,4,5,6,7,8,9,12,15,16,17,18,19,29,30,31,32,33,43,44,45,46,47,48,49,50,51,52,53,54,55,56,57,58,59,60,61,62,63,64,65,73,82,87,99,125,127,176,184,246,345,432,453,488,489,506,753,849,861,873,874,875,876,878,881,943,944,945,946,947,948,949,950,951,952,953,954,
872;1;1598;1648;0;0,1,2,3,4,5,6,7,8,9,12,15,16,17,18,19,29,30,31,32,33,43,44,45,46,47,48,49,50,51,52,53,54,55,56,57,58,59,60,61,62,63,64,65,73,82,87,99,125,127,176,184,246,345,432,453,488,489,506,753,849,861,873,874,875,876,878,881,943,944,945,946,947,948,949,950,951,952,953,954,
683;0;1648;1809;1;0,1,2,3,4,5,6,7,8,9,12,15,16,17,18,19,29,30,31,32,33,43,44,45,46,47,48,49,50,51,52,53,54,55,56,57,58,59,60,61,62,63,64,65,73,82,87,99,125,127,176,184,246,345,432,453,488,489,506,753,849,861,873,874,875,876,878,881,943,944,945,946,947,948,949,950,951,952,953,954,
487;0;1809;1904;1;0,1,2,3,4,5,6,7,8,9,12,15,16,17,18,19,29,30,31,32,33,43,44,45,46,47,48,49,50,51,52,53,54,55,56,57,58,59,60,61,62,63,64,65,73,82,87,99,125,127,176,184,246,345,355,428,432,437,453,488,489,506,512,513,514,515,516,517,518,519,520,753,849,861,873,874,875,876,878,881,
487;1;1904;2074;1;0,1,2,3,4,5,6,7,8,9,12,15,16,17,18,19,29,30,31,32,33,43,44,45,46,47,48,49,50,51,52,53,54,55,56,57,58,59,60,61,62,63,64,65,73,82,87,99,125,127,176,184,246,345,355,428,432,437,453,488,489,506,512,513,514,515,516,517,518,519,520,753,849,861,873,874,875,876,878,881,
523;0;2074;2179;1;0,1,2,3,4,5,6,7,8,9,15,16,17,18,19,20,23,24,25,28,29,30,31,32,33,43,44,45,46,47,48,49,50,51,52,53,54,55,56,57,58,59,60,61,62,63,64,65,67,125,140,154,155,156,157,158,159,160,161,162,163,164,246,263,264,274,330,333,334,488,531,532,533,534,535,536,651,722,723,892,
694;0;2179;2343;1;0,1,2,3,4,5,6,7,8,9,15,16,17,18,19,20,23,24,25,28,29,30,31,32,33,43,44,45,46,47,48,49,50,51,52,53,54,55,56,57,58,59,60,61,62,63,64,65,67,125,140,154,155,156,157,158,159,160,161,162,163,164,246,263,264,274,330,333,334,488,531,532,533,534,535,536,651,722,723,892,
694;1;2343;2391;1;0,1,2,3,4,5,6,7,8,9,15,16,17,18,19,20,23,24,25,28,29,30,31,32,33,43,44,45,46,47,48,49,50,51,52,53,54,55,56,57,58,59,60,61,62,63,64,65,67,125,140,154,155,156,157,158,159,160,161,162,163,164,246,263,264,274,330,333,334,488,531,532,533,534,535,536,651,722,723,892,
631;0;2391;2545;1;0,1,2,3,4,5,6,7,8,9,15,16,17,18,19,20,23,24,25,28,29,30,31,32,33,43,44,45,46,47,48,49,50,51,52,53,54,55,56,57,58,59,60,61,62,63,64,65,67,125,140,154,155,156,157,158,159,160,161,162,163,164,246,263,264,274,330,333,334,488,531,532,533,534,535,536,651,722,723,892,
990;0;2545;2632;1;0,1,2,3,4,5,6,7,8,9,15,16,17,18,19,20,23,24,25,28,29,30,31,32,33,43,44,45,46,47,48,49,50,51,52,53,54,55,56,57,58,59,60,61,62,63,64,65,67,125,140,154,155,156,157,158,159,160,161,162,163,164,246,263,264,274,330,333,334,488,531,532,533,534,535,536,651,722,723,892,
623;0;2632;2666;1;0,1,2,3,4,5,6,7,8,9,15,16,17,18,19,20,23,24,25,28,29,30,31,32,33,43,44,45,46,47,48,49,50,51,52,53,54,55,56,57,58,59,60,61,62,63,64,65,67,125,140,154,155,156,157,158,159,160,161,162,163,164,246,263,264,274,330,333,334,488,531,532,533,534,535,536,651,722,723,892,
257;0;2666;2726;1;0,1,2,3,4,5,6,7,8,9,15,16,17,18,19,20,23,24,25,28,29,30,31,32,33,43,44,45,46,47,48,49,50,51,52,53,54,55,56,57,58,59,60,61,62,63,64,65,67,125,140,154,155,156,157,158,159,160,161,162,163,164,246,263,264,274,330,333,334,488,531,532,533,534,535,536,651,722,723,892,
257;1;2726;2870;1;0,1,2,3,4,5,6,7,8,9,15,16,17,18,19,20,23,24,25,28,29,30,31,32,33,43,44,45,46,47,48,49,50,51,52,53,54,55,56,57,58,59,60,61,62,63,64,65,67,125,140,154,155,156,157,158,159,160,161,162,163,164,246,263,264,274,330,333,334,488,531,532,533,534,535,536,651,722,723,892,
314;0;2870;3032;1;0,1,2,3,4,5,6,7,8,9,15,16,17,18,19,20,23,24,25,28,29,30,31,32,33,43,44,45,46,47,48,49,50,51,52,53,54,55,56,57,58,59,60,61,62,63,64,65,67,125,140,154,155,156,157,158,159,160,161,162,163,164,246,263,264,274,330,333,334,488,531,532,533,534,535,536,651,722,723,892,
314;1;3032;3080;1;0,1,2,3,4,5,6,7,8,9,15,16,17,18,19,20,23,24,25,28,29,30,31,32,33,43,44,45,46,47,48,49,50,51,52,53,54,55,56,57,58,59,60,61,62,63,64,65,67,125,140,154,155,156,157,158,159,160,161,162,163,164,246,263,264,274,330,333,334,488,531,532,533,534,535,536,651,722,723,892,
942;0;3080;3140;0;0,1,2,3,4,5,6,7,8,9,15,16,17,18,19,20,23,24,25,28,29,30,31,32,33,43,44,45,46,47,48,49,50,51,52,53,54,55,56,57,58,59,60,61,62,63,64,65,67,125,140,154,155,156,157,158,159,160,161,162,163,164,246,263,264,274,330,333,334,488,531,532,533,534,535,536,651,722,723,892,
942;1;3140;3277;0;0,1,2,3,4,5,6,7,8,9,15,16,17,18,19,20,23,24,25,28,29,30,31,32,33,43,44,45,46,47,48,49,50,51,52,53,54,55,56,57,58,59,60,61,62,63,64,65,67,125,140,154,155,156,157,158,159,160,161,162,163,164,246,263,264,274,330,333,334,488,531,532,533,534,535,536,651,722,723,892,
328;0;3277;3311;0;0,1,2,3,4,5,6,7,8,9,15,16,17,18,19,20,23,24,25,28,29,30,31,32,33,43,44,45,46,47,48,49,50,51,52,53,54,55,56,57,58,59,60,61,62,63,64,65,67,125,140,154,155,156,157,158,159,160,161,162,163,164,246,263,264,274,330,333,334,488,531,532,533,534,535,536,651,722,723,892,
887;0;3311;3351;1;0,1,2,3,4,5,6,7,8,9,15,16,17,18,19,20,23,24,25,28,29,30,31,32,33,43,44,45,46,47,48,49,50,51,52,53,54,55,56,57,58,59,60,61,62,63,64,65,67,125,140,154,155,156,157,158,159,160,161,162,163,164,246,263,264,274,330,333,334,488,531,532,533,534,535,536,651,722,723,892,
887;1;3351;3502;1;0,1,2,3,4,5,6,7,8,9,15,16,17,18,19,20,23,24,25,28,29,30,31,32,33,43,44,45,46,47,48,49,50,51,52,53,54,55,56,57,58,59,60,61,62,63,64,65,67,125,140,154,155,156,157,158,159,160,161,162,163,164,246,263,264,274,330,333,334,488,531,532,533,534,535,536,651,722,723,892,
572;0;3502;3575;0;0,1,2,3,4,5,6,7,8,9,15,16,19,20,23,24,25,28,29,30,31,32,33,43,44,45,46,47,48,49,50,51,52,53,54,55,56,57,58,59,60,61,62,63,64,65,125,140,154,155,156,157,158,159,160,161,162,163,164,263,264,274,330,334,488,489,531,532,533,534,535,666,669,670,723,1212,1213,1214,1215,1216,
572;1;3575;3614;0;0,1,2,3,4,5,6,7,8,9,15,16,19,20,23,24,25,28,29,30,31,32,33,43,44,45,46,47,48,49,50,51,52,53,54,55,56,57,58,59,60,61,62,63,64,65,125,140,154,155,156,157,158,159,160,161,162,163,164,263,264,274,330,334,488,489,531,532,533,534,535,666,669,670,723,1212,1213,1214,1215,1216,
101;0;3614;3717;1;0,1,2,3,4,5,6,7,8,9,15,16,19,20,23,24,25,28,29,30,31,32,33,43,44,45,46,47,48,49,50,51,52,53,54,55,56,57,58,59,60,61,62,63,64,65,125,140,154,155,156,157,158,159,160,161,162,163,164,263,264,274,330,334,488,489,531,532,533,534,535,666,669,670,723,1212,1213,1214,1215,1216,
811;0;3717;3756;1;0,1,2,3,4,5,6,7,8,9,15,16,19,20,23,24,25,28,29,30,31,32,33,43,44,45,46,47,48,49,50,51,52,53,54,55,56,57,58,59,60,61,62,63,64,65,125,140,154,155,156,157,158,159,160,161,162,163,164,263,264,274,330,334,488,489,531,532,533,534,535,666,669,670,723,1212,1213,1214,1215,1216,
552;0;3756;3890;0;0,1,2,3,4,5,6,7,8,9,15,16,19,20,23,24,25,28,29,30,31,32,33,43,44,45,46,47,48,49,50,51,52,53,54,55,56,57,58,59,60,61,62,63,64,65,125,140,154,155,156,157,158,159,160,161,162,163,164,263,264,274,330,334,488,489,531,532,533,534,535,666,669,670,723,1212,1213,1214,1215,1216,
552;1;3890;4027;0;0,1,2,3,4,5,6,7,8,9,15,16,19,20,23,24,25,28,29,30,31,32,33,43,44,45,46,47,48,49,50,51,52,53,54,55,56,57,58,59,60,61,62,63,64,65,125,140,154,155,156,157,158,159,160,161,162,163,164,263,264,274,330,334,488,489,531,532,533,534,535,666,669,670,723,1212,1213,1214,1215,1216,
391;0;4027;4164;1;0,1,2,3,4,5,6,7,8,9,15,16,19,20,23,24,25,28,29,30,31,32,33,43,44,45,46,47,48,49,50,51,52,53,54,55,56,57,58,59,60,61,62,63,64,65,125,140,154,155,156,157,158,159,160,161,162,163,164,263,264,274,330,334,488,489,531,532,533,534,535,666,669,670,723,1212,1213,1214,1215,1216,
577;0;4164;4242;1;0,1,2,3,4,5,6,7,8,9,15,16,19,20,23,24,25,28,29,30,31,32,33,43,44,45,46,47,48,49,50,51,52,53,54,55,56,57,58,59,60,61,62,63,64,65,125,140,154,155,156,157,158,159,160,161,162,163,164,263,264,274,330,334,488,489,531,532,533,534,535,666,669,670,723,1212,1213,1214,1215,1216,
577;1;4242;4393;1;0,1,2,3,4,5,6,7,8,9,15,16,19,20,23,24,25,28,29,30,31,32,33,43,44,45,46,47,48,49,50,51,52,53,54,55,56,57,58,59,60,61,62,63,64,65,125,140,154,155,156,157,158,159,160,161,162,163,164,263,264,274,330,334,488,489,531,532,533,534,535,666,669,670,723,1212,1213,1214,1215,1216,
431;0;4393;4486;1;0,1,2,3,4,5,6,7,8,9,15,16,19,20,23,24,25,28,29,30,31,32,33,43,44,45,46,47,48,49,50,51,52,53,54,55,56,57,58,59,60,61,62,63,64,65,125,140,154,155,156,157,158,159,160,161,162,163,164,263,264,274,330,334,488,489,531,532,533,534,535,666,669,670,723,1212,1213,1214,1215,1216,
250;0;4486;4623;1;0,1,2,3,4,5,6,7,8,9,15,16,19,20,23,24,25,28,29,30,31,32,33,43,44,45,46,47,48,49,50,51,52,53,54,55,56,57,58,59,60,61,62,63,64,65,125,140,154,155,156,157,158,159,160,161,162,163,164,264,274,330,406,488,489,531,533,534,535,538,666,669,670,723,938,1212,1213,1214,1215,1216,
834;0;4623;4640;1;0,1,2,3,4,5,6,7,8,9,15,16,19,20,23,24,25,28,29,30,31,32,33,43,44,45,46,47,48,49,50,51,52,53,54,55,56,57,58,59,60,61,62,63,64,65,125,140,154,155,156,157,158,159,160,161,162,163,164,264,274,330,406,488,489,531,533,534,535,538,666,669,670,723,938,1212,1213,1214,1215,1216,
834;1;4640;4791;1;0,1,2,3,4,5,6,7,8,9,15,16,19,20,23,24,25,28,29,30,31,32,33,43,44,45,46,47,48,49,50,51,52,53,54,55,56,57,58,59,60,61,62,63,64,65,125,140,154,155,156,157,158,159,160,161,162,163,164,264,274,330,406,488,489,531,533,534,535,538,666,669,670,723,938,1212,1213,1214,1215,1216,
411;0;4791;4902;1;0,1,2,3,4,5,6,7,8,9,15,16,19,20,23,24,25,28,29,30,31,32,33,43,44,45,46,47,48,49,50,51,52,53,54,55,56,57,58,59,60,61,62,63,64,65,125,140,154,155,156,157,158,159,160,161,162,163,164,264,274,330,406,488,489,531,533,534,535,538,666,669,670,723,938,1212,1213,1214,1215,1216,
767;0;4902;5000;1;0,1,2,3,4,5,6,7,8,9,15,16,17,18,19,20,23,24,25,26,28,29,30,31,32,33,34,35,41,43,44,45,46,47,48,49,50,51,52,53,54,55,56,57,58,59,60,61,62,63,64,82,140,154,162,164,165,178,187,264,266,274,330,366,394,395,500,501,503,531,533,534,535,670,885,970,971,972,973,974,
767;1;5000;5105;1;0,1,2,3,4,5,6,7,8,9,15,16,17,18,19,20,23,24,25,26,28,29,30,31,32,33,34,35,41,43,44,45,46,47,48,49,50,51,52,53,54,55,56,57,58,59,60,61,62,63,64,82,140,154,162,164,165,178,187,264,266,274,330,366,394,395,500,501,503,531,533,534,535,670,885,970,971,972,973,974,
434;0;5105;5254;1;0,1,2,3,4,5,6,7,8,9,15,16,17,18,19,20,23,24,25,26,28,29,30,31,32,33,34,35,41,43,44,45,46,47,48,49,50,51,52,53,54,55,56,57,58,59,60,61,62,63,64,82,140,154,162,164,165,178,187,264,266,274,330,366,394,395,500,501,503,531,533,534,535,670,885,970,971,972,973,974,
434;1;5254;5417;1;0,1,2,3,4,5,6,7,8,9,15,16,17,18,19,20,23,24,25,26,28,29,30,31,32,33,34,35,41,43,44,45,46,47,48,49,50,51,52,53,54,55,56,57,58,59,60,61,62,63,64,82,140,154,162,164,165,178,187,264,266,274,330,366,394,395,500,501,503,531,533,534,535,670,885,970,971,972,973,974,
499;0;5417;5489;0;0,1,2,3,4,5,6,7,8,9,15,16,17,18,19,20,23,24,25,26,28,29,30,31,32,33,34,35,41,43,44,45,46,47,48,49,50,51,52,53,54,55,56,57,58,59,60,61,62,63,64,82,140,154,162,164,165,178,187,264,266,274,330,366,394,395,500,501,503,531,533,534,535,670,885,970,971,972,973,974,
499;1;5489;5526;0;0,1,2,3,4,5,6,7,8,9,15,16,17,18,19,20,23,24,25,26,28,29,30,31,32,33,34,35,41,43,44,45,46,47,48,49,50,51,52,53,54,55,56,57,58,59,60,61,62,63,64,82,140,154,162,164,165,178,187,264,266,274,330,366,394,395,500,501,503,531,533,534,535,670,885,970,971,972,973,974,
747;0;5526;5616;1;0,1,2,3,4,5,6,7,8,9,15,16,17,18,19,20,23,24,25,26,28,29,30,31,32,33,34,35,41,43,44,45,46,47,48,49,50,51,52,53,54,55,56,57,58,59,60,61,62,63,64,82,140,154,162,164,165,178,187,264,266,274,330,366,394,395,500,501,503,531,533,534,535,670,885,970,971,972,973,974,
747;1;5616;5665;1;0,1,2,3,4,5,6,7,8,9,15,16,17,18,19,20,23,24,25,26,28,29,30,31,32,33,34,35,41,43,44,45,46,47,48,49,50,51,52,53,54,55,56,57,58,59,60,61,62,63,64,82,140,154,162,164,165,178,187,264,266,274,330,366,394,395,500,501,503,531,533,534,535,670,885,970,971,972,973,974,
12;0;5665;5796;0;0,1,2,3,4,5,6,7,8,9,15,16,17,18,19,20,23,24,25,26,28,29,30,31,32,33,34,35,41,43,44,45,46,47,48,49,50,51,52,53,54,55,56,57,58,59,60,61,62,63,64,82,140,154,162,164,165,178,187,264,266,274,330,366,394,395,500,501,503,531,533,534,535,670,885,970,971,972,973,974,
12;1;5796;5849;0;0,1,2,3,4,5,6,7,8,9,15,16,17,18,19,20,23,24,25,26,28,29,30,31,32,33,34,35,41,43,44,45,46,47,48,49,50,51,52,53,54,55,56,57,58,59,60,61,62,63,64,82,140,154,162,164,165,178,187,264,266,274,330,366,394,395,500,501,503,531,533,534,535,670,885,970,971,972,973,974,
224;0;5849;5871;1;0,1,2,3,4,5,6,7,8,9,15,16,17,18,19,20,23,24,25,26,28,29,30,31,32,33,34,35,41,43,44,45,46,47,48,49,50,51,52,53,54,55,56,57,58,59,60,61,62,63,64,82,140,154,162,164,165,178,187,264,266,274,330,366,394,395,500,501,503,531,533,534,535,670,885,970,971,972,973,974,
224;1;5871;6018;1;0,1,2,3,4,5,6,7,8,9,15,16,17,18,19,20,23,24,25,26,28,29,30,31,32,33,34,35,41,43,44,45,46,47,48,49,50,51,52,53,54,55,56,57,58,59,60,61,62,63,64,82,140,154,162,164,165,178,187,264,266,274,330,366,394,395,500,501,503,531,533,534,535,670,885,970,971,972,973,974,
593;0;6018;6123;1;0,1,2,3,4,5,6,7,8,9,15,16,17,18,19,20,23,24,25,26,28,29,30,31,32,33,34,35,41,43,44,45,46,47,48,49,50,51,52,53,54,55,56,57,58,59,60,61,62,63,64,82,140,154,162,164,165,178,187,264,266,274,330,366,394,395,500,501,503,531,533,534,535,670,885,970,971,972,973,974,
691;0;6123;6228;1;0,1,2,3,4,5,6,7,8,9,15,16,17,18,19,20,23,24,25,26,28,29,30,31,32,33,34,35,41,43,44,45,46,47,48,49,50,51,52,53,54,55,56,57,58,59,60,61,62,63,64,82,140,154,162,164,165,178,187,264,266,274,330,366,394,395,500,501,503,531,533,534,535,670,885,970,971,972,973,974,
604;0;6228;6337;1;0,1,2,3,4,5,6,7,8,9,15,16,17,18,19,20,23,24,25,26,28,29,30,31,32,33,34,35,41,43,44,45,46,47,48,49,50,51,52,53,54,55,56,57,58,59,60,61,62,63,64,82,140,154,162,164,165,178,187,264,266,274,330,366,394,395,500,501,503,531,533,534,535,670,885,970,971,972,973,974,
604;1;6337;6378;1;0,1,2,3,4,5,6,7,8,9,15,16,17,18,19,20,23,24,25,26,28,29,30,31,32,33,34,35,41,43,44,45,46,47,48,49,50,51,52,53,54,55,56,57,58,59,60,61,62,63,64,82,140,154,162,164,165,178,187,264,266,274,330,366,394,395,500,501,503,531,533,534,535,670,885,970,971,972,973,974,
204;0;6378;6382;1;0,2,5,6,8,15,16,17,18,19,20,23,24,25,28,29,30,31,32,33,34,35,38,39,41,44,49,50,58,59,62,64,124,140,148,154,162,164,223,239,264,266,274,330,357,359,363,370,371,372,395,531,533,534,535,670,836,837,897,898,899,900,901,902,903,904,905,906,907,908,909,910,911,912,913,914,915,916,917,918,
204;1;6382;6461;1;0,2,5,6,8,15,16,17,18,19,20,23,24,25,28,29,30,31,32,33,34,35,38,39,41,44,49,50,58,59,62,64,124,140,148,154,162,164,223,239,264,266,274,330,357,359,363,370,371,372,395,531,533,534,535,670,836,837,897,898,899,900,901,902,903,904,905,906,907,908,909,910,911,912,913,914,915,916,917,918,
584;0;6461;6557;1;0,2,6,8,15,16,17,18,19,20,21,23,24,25,28,29,30,31,32,33,34,35,38,39,41,44,49,50,58,62,66,67,140,147,154,162,164,211,246,264,266,269,274,330,337,357,453,475,531,533,534,535,555,558,563,564,565,566,567,568,577,597,889,890,1008,1009,1010,1011,1012,1013,1014,1015,1105,1110,1111,1112,1113,1114,1115,1218,
584;1;6557;6574;1;0,2,6,8,15,16,17,18,19,20,21,23,24,25,28,29,30,31,32,33,34,35,38,39,41,44,49,50,58,62,66,67,140,147,154,162,164,211,246,264,266,269,274,330,337,357,453,475,531,533,534,535,555,558,563,564,565,566,567,568,577,597,889,890,1008,1009,1010,1011,1012,1013,1014,1015,1105,1110,1111,1112,1113,1114,1115,1218,
403;0;6574;6596;1;0,2,6,8,15,16,17,18,19,20,21,23,24,25,28,29,30,31,32,33,34,35,38,39,41,44,49,50,58,62,66,67,140,147,154,162,164,211,246,264,266,269,274,330,337,357,453,475,531,533,534,535,555,558,563,564,565,566,567,568,577,597,889,890,1008,1009,1010,1011,1012,1013,1014,1015,1105,1110,1111,1112,1113,1114,1115,1218,
603;0;6596;6662;1;0,2,6,8,15,16,17,18,19,20,21,23,24,25,28,29,30,31,32,33,34,35,38,39,41,44,49,50,58,62,66,67,140,147,154,162,164,211,246,264,266,269,274,330,337,357,453,475,531,533,534,535,555,558,563,564,565,566,567,568,577,597,889,890,1008,1009,1010,1011,1012,1013,1014,1015,1105,1110,1111,1112,1113,1114,1115,1218,
370;0;6662;6787;1;0,2,6,8,15,16,17,18,19,20,21,23,24,25,28,29,30,31,32,33,34,35,38,39,41,44,49,50,58,62,66,67,140,147,154,162,164,211,246,264,266,269,274,330,337,357,453,475,531,533,534,535,555,558,563,564,565,566,567,568,577,597,889,890,1008,1009,1010,1011,1012,1013,1014,1015,1105,1110,1111,1112,1113,1114,1115,1218,
921;0;6787;6804;1;0,2,6,8,15,16,17,18,19,20,21,23,24,25,28,29,30,31,32,33,34,35,38,39,41,44,49,50,58,62,66,67,140,147,154,162,164,211,246,264,266,269,274,330,337,357,453,475,531,533,534,535,555,558,563,564,565,566,567,568,577,597,889,890,1008,1009,1010,1011,1012,1013,1014,1015,1105,1110,1111,1112,1113,1114,1115,1218,
346;0;6804;6853;0;0,2,6,8,15,16,17,18,19,20,21,23,24,25,28,29,30,31,32,33,34,35,38,39,41,44,49,50,58,62,66,67,140,147,154,162,164,211,246,264,266,269,274,330,337,357,453,475,531,533,534,535,555,558,563,564,565,566,567,568,577,597,889,890,1008,1009,1010,1011,1012,1013,1014,1015,1105,1110,1111,1112,1113,1114,1115,1218,
52;0;6853;6972;0;0,2,6,8,15,16,17,18,19,20,21,23,24,25,28,29,30,31,32,33,34,35,38,39,41,44,49,50,58,62,66,67,140,147,154,162,164,211,246,264,266,269,274,330,337,357,453,475,531,533,534,535,555,558,563,564,565,566,567,568,577,597,889,890,1008,1009,1010,1011,1012,1013,1014,1015,1105,1110,1111,1112,1113,1114,1115,1218,
52;1;6972;7008;0;0,2,6,8,15,16,17,18,19,20,21,23,24,25,28,29,30,31,32,33,34,35,38,39,41,44,49,50,58,62,66,67,140,147,154,162,164,211,246,264,266,269,274,330,337,357,453,475,531,533,534,535,555,558,563,564,565,566,567,568,577,597,889,890,1008,1009,1010,1011,1012,1013,1014,1015,1105,1110,1111,1112,1113,1114,1115,1218,
960;0;7008;7063;1;0,2,6,8,15,16,17,18,19,20,21,23,24,25,28,29,30,31,32,33,34,35,38,39,41,44,49,50,58,62,66,67,140,147,154,162,164,211,246,264,266,269,274,330,337,357,453,475,531,533,534,535,555,558,563,564,565,566,567,568,577,597,889,890,1008,1009,1010,1011,1012,1013,1014,1015,1105,1110,1111,1112,1113,1114,1115,1218,
327;0;7063;7087;1;0,2,6,8,15,16,17,18,19,20,21,23,24,25,28,29,30,31,32,33,34,35,38,39,41,44,49,50,58,62,66,67,140,147,154,162,164,211,246,264,266,269,274,330,337,357,453,475,531,533,534,535,555,558,563,564,565,566,567,568,577,597,889,890,1008,1009,1010,1011,1012,1013,1014,1015,1105,1110,1111,1112,1113,1114,1115,1218,
327;1;7087;7235;1;0,2,6,8,15,16,17,18,19,20,21,23,24,25,28,29,30,31,32,33,34,35,38,39,41,44,49,50,58,62,66,67,140,147,154,162,164,211,246,264,266,269,274,330,337,357,453,475,531,533,534,535,555,558,563,564,565,566,567,568,577,597,889,890,1008,1009,1010,1011,1012,1013,1014,1015,1105,1110,1111,1112,1113,1114,1115,1218,
900;0;7235;7389;1;0,2,6,8,15,16,17,18,19,20,21,23,24,25,28,29,30,31,32,33,34,35,38,39,41,44,49,50,58,62,66,67,140,147,154,162,164,211,246,264,266,269,274,330,337,357,453,475,531,533,534,535,555,558,563,564,565,566,567,568,577,597,889,890,1008,1009,1010,1011,1012,1013,1014,1015,1105,1110,1111,1112,1113,1114,1115,1218,
977;0;7389;7453;1;0,2,6,8,15,16,17,18,19,20,21,23,24,25,28,29,30,31,32,33,34,38,39,41,44,49,50,58,62,66,67,140,206,211,216,219,264,266,269,274,277,325,330,337,357,453,474,475,531,534,535,558,563,564,565,566,567,568,577,760,762,763,764,890,923,1263,1325,1358,1359,1360,1361,1362,1363,1364,1365,1366,1367,1368,1369,1370,
977;1;7453;7483;1;0,2,6,8,15,16,17,18,19,20,21,23,24,25,28,29,30,31,32,33,34,38,39,41,44,49,50,58,62,66,67,140,206,211,216,219,264,266,269,274,277,325,330,337,357,453,474,475,531,534,535,558,563,564,565,566,567,568,577,760,762,763,764,890,923,1263,1325,1358,1359,1360,1361,1362,1363,1364,1365,1366,1367,1368,1369,1370,
131;0;7483;7491;1;0,2,6,8,15,16,17,18,19,20,21,23,24,29,33,38,39,41,49,66,67,131,132,133,134,135,136,137,138,140,143,160,206,211,216,218,219,264,266,269,274,277,325,337,357,474,475,476,479,531,534,535,563,564,565,566,567,568,577,760,762,763,764,890,923,1263,1325,1358,1359,1360,1361,1362,1363,1364,1365,1366,1367,1368,1369,1370,
452;0;7491;7610;0;0,2,6,8,15,16,17,18,19,20,21,23,24,29,33,38,39,41,49,66,67,131,132,133,134,135,136,137,138,140,143,160,206,211,216,218,219,264,266,269,274,277,325,337,357,474,475,476,479,531,534,535,563,564,565,566,567,568,577,760,762,763,764,890,923,1263,1325,1358,1359,1360,1361,1362,1363,1364,1365,1366,1367,1368,1369,1370,
452;1;7610;7618;0;0,2,6,8,15,16,17,18,19,20,21,23,24,29,33,38,39,41,49,66,67,131,132,133,134,135,136,137,138,140,143,160,206,211,216,218,219,264,266,269,274,277,325,337,357,474,475,476,479,531,534,535,563,564,565,566,567,568,577,760,762,763,764,890,923,1263,1325,1358,1359,1360,1361,1362,1363,1364,1365,1366,1367,1368,1369,1370,
843;0;7618;7648;1;0,2,6,8,15,16,17,18,19,20,21,23,24,29,33,38,39,41,49,66,67,131,132,133,134,135,136,137,138,140,143,160,206,211,216,218,219,264,266,269,274,277,325,337,357,474,475,476,479,531,534,535,563,564,565,566,567,568,577,760,762,763,764,890,923,1263,1325,1358,1359,1360,1361,1362,1363,1364,1365,1366,1367,1368,1369,1370,
953;0;7648;7690;1;0,2,6,8,15,16,17,18,19,20,21,23,24,29,33,38,39,41,49,66,67,131,132,133,134,135,136,137,138,140,143,158,160,206,211,214,216,218,219,264,266,269,274,277,325,337,357,474,475,476,479,531,534,535,563,564,565,566,567,568,577,760,761,762,763,764,765,766,767,890,923,1263,1325,1358,1359,1360,1361,1362,1363,1364,
994;0;7690;7752;1;0,2,6,8,15,16,17,18,19,20,21,23,24,29,33,38,39,41,49,66,67,131,132,133,134,135,136,137,138,140,143,158,160,206,211,214,216,218,219,264,266,269,274,277,325,337,357,474,475,476,479,531,534,535,563,564,565,566,567,568,577,760,761,762,763,764,765,766,767,890,923,1263,1325,1358,1359,1360,1361,1362,1363,1364,
994;1;7752;7804;1;0,2,6,8,15,16,17,18,19,20,21,23,24,29,33,38,39,41,49,66,67,131,132,133,134,135,136,137,138,140,143,158,160,206,211,214,216,218,219,264,266,269,274,277,325,337,357,474,475,476,479,531,534,535,563,564,565,566,567,568,577,760,761,762,763,764,765,766,767,890,923,1263,1325,1358,1359,1360,1361,1362,1363,1364,
424;0;7804;7876;1;0,15,16,17,18,19,20,21,22,23,24,27,66,67,68,69,70,130,133,135,136,137,157,158,206,207,208,211,214,218,219,249,264,265,266,269,270,274,277,336,337,338,340,341,342,343,344,345,346,347,348,349,350,351,352,353,354,357,474,524,525,526,527,528,529,530,577,649,728,729,760,761,762,763,764,765,766,767,1200,1219,
424;1;7876;7963;1;0,15,16,17,18,19,20,21,22,23,24,27,66,67,68,69,70,130,133,135,136,137,157,158,206,207,208,211,214,218,219,249,264,265,266,269,270,274,277,336,337,338,340,341,342,343,344,345,346,347,348,349,350,351,352,353,354,357,474,524,525,526,527,528,529,530,577,649,728,729,760,761,762,763,764,765,766,767,1200,1219,
347;0;7963;8094;1;0,15,16,17,18,19,20,21,22,23,24,27,66,67,68,69,70,130,133,135,136,137,157,158,206,207,208,211,214,218,219,249,264,265,266,269,270,274,277,336,337,338,340,341,342,343,344,345,346,347,348,349,350,351,352,353,354,357,474,524,525,526,527,528,529,530,577,649,728,729,760,761,762,763,764,765,766,767,1200,1219,
347;1;8094;8162;1;0,15,16,17,18,19,20,21,22,23,24,27,66,67,68,69,70,130,133,135,136,137,157,158,206,207,208,211,214,218,219,249,264,265,266,269,270,274,277,336,337,338,340,341,342,343,344,345,346,347,348,349,350,351,352,353,354,357,474,524,525,526,527,528,529,530,577,649,728,729,760,761,762,763,764,765,766,767,1200,1219,
830;0;8162;8204;1;0,15,16,17,18,19,20,21,22,23,24,27,66,67,68,69,70,130,133,135,136,137,157,158,206,207,208,211,214,218,219,249,264,265,266,269,270,274,277,336,337,338,340,341,342,343,344,345,346,347,348,349,350,351,352,353,354,357,474,524,525,526,527,528,529,530,577,649,728,729,760,761,762,763,764,765,766,767,1200,1219,
231;0;8204;8259;1;0,15,16,17,18,19,20,21,22,23,24,27,66,67,68,69,70,130,133,135,136,137,157,158,206,207,208,211,214,218,219,249,264,265,266,269,270,274,277,336,337,338,340,341,342,343,344,345,346,347,348,349,350,351,352,353,354,357,474,524,525,526,527,528,529,530,577,649,728,729,760,761,762,763,764,765,766,767,1200,1219,
323;0;8259;8327;1;0,15,16,17,18,19,20,21,22,23,24,27,66,67,68,69,70,130,133,135,136,137,157,158,206,207,208,211,214,218,219,249,264,265,266,269,270,274,277,336,337,338,340,341,342,343,344,345,346,347,348,349,350,351,352,353,354,357,474,524,525,526,527,528,529,530,577,649,728,729,760,761,762,763,764,765,766,767,1200,1219,
283;0;8327;8364;1;0,15,16,17,18,19,20,21,22,23,24,27,66,67,68,69,70,130,133,135,136,137,157,158,206,207,208,211,214,218,219,249,264,265,266,269,270,274,277,336,337,338,340,341,342,343,344,345,346,347,348,349,350,351,352,353,354,357,474,524,525,526,527,528,529,530,577,649,728,729,760,761,762,763,764,765,766,767,1200,1219,
384;0;8364;8397;1;0,15,16,17,18,19,20,21,22,23,24,27,66,67,68,69,70,130,133,135,136,137,157,158,206,207,208,211,214,218,219,249,264,265,266,269,270,274,277,336,337,338,340,341,342,343,344,345,346,347,348,349,350,351,352,353,354,357,474,524,525,526,527,528,529,530,577,649,728,729,760,761,762,763,764,765,766,767,1200,1219,
384;1;8397;8484;1;0,15,16,17,18,19,20,21,22,23,24,27,66,67,68,69,70,130,133,135,136,137,157,158,206,207,208,211,214,218,219,249,264,265,266,269,270,274,277,336,337,338,340,341,342,343,344,345,346,347,348,349,350,351,352,353,354,357,474,524,525,526,527,528,529,530,577,649,728,729,760,761,762,763,764,765,766,767,1200,1219,
53;0;8484;8502;1;0,15,16,17,18,19,20,21,22,23,24,27,66,67,68,69,70,130,133,135,136,137,157,158,206,207,208,211,214,218,219,249,264,265,266,269,270,274,277,336,337,338,340,341,342,343,344,345,346,347,348,349,350,351,352,353,354,357,474,524,525,526,527,528,529,530,577,649,728,729,760,761,762,763,764,765,766,767,1200,1219,
800;0;8502;8520;1;0,15,16,17,18,19,20,21,22,23,24,27,66,67,68,69,70,130,133,135,136,137,157,158,206,207,208,211,214,218,219,249,264,265,266,269,270,274,277,336,337,338,340,341,342,343,344,345,346,347,348,349,350,351,352,353,354,357,474,524,525,526,527,528,529,530,577,649,728,729,760,761,762,763,764,765,766,767,1200,1219,
660;0;8520;8534;1;0,15,16,17,18,19,20,21,22,23,24,27,66,67,68,69,70,130,133,135,136,137,157,158,206,207,208,211,214,218,219,249,264,265,266,269,270,274,277,336,337,338,340,341,342,343,344,345,346,347,348,349,350,351,352,353,354,357,474,524,525,526,527,528,529,530,577,649,728,729,760,761,762,763,764,765,766,767,1200,1219,
154;0;8534;8632;1;0,15,16,17,18,19,20,21,22,23,24,27,66,67,68,69,70,130,133,135,136,137,157,158,206,207,208,211,214,218,219,249,264,265,266,269,270,274,277,336,337,338,340,341,342,343,344,345,346,347,348,349,350,351,352,353,354,357,474,524,525,526,527,528,529,530,577,649,728,729,760,761,762,763,764,765,766,767,1200,1219,
154;1;8632;8692;1;0,15,16,17,18,19,20,21,22,23,24,27,66,67,68,69,70,130,133,135,136,137,157,158,206,207,208,211,214,218,219,249,264,265,266,269,270,274,277,336,337,338,340,341,342,343,344,345,346,347,348,349,350,351,352,353,354,357,474,524,525,526,527,528,529,530,577,649,728,729,760,761,762,763,764,765,766,767,1200,1219,
777;0;8692;8710;1;0,15,16,17,18,19,20,21,22,23,24,27,66,67,68,69,70,130,133,135,136,137,157,158,206,207,208,211,214,218,219,249,264,265,266,269,270,274,277,336,337,338,340,341,342,343,344,345,346,347,348,349,350,351,352,353,354,357,474,524,525,526,527,528,529,530,577,649,728,729,760,761,762,763,764,765,766,767,1200,1219,
777;1;8710;8875;1;0,15,16,17,18,19,20,21,22,23,24,27,66,67,68,69,70,130,133,135,136,137,157,158,206,207,208,211,214,218,219,249,264,265,266,269,270,274,277,336,337,338,340,341,342,343,344,345,346,347,348,349,350,351,352,353,354,357,474,524,525,526,527,528,529,530,577,649,728,729,760,761,762,763,764,765,766,767,1200,1219,
109;0;8875;8886;0;0,15,16,17,18,19,20,21,22,23,24,27,66,67,68,69,70,130,133,135,136,137,157,158,206,207,208,211,214,218,219,249,264,265,266,269,270,274,277,336,337,338,340,341,342,343,344,345,346,347,348,349,350,351,352,353,354,357,474,524,525,526,527,528,529,530,577,649,728,729,760,761,762,763,764,765,766,767,1200,1219,
109;1;8886;9051;0;0,15,16,17,18,19,20,21,22,23,24,27,66,67,68,69,70,130,133,135,136,137,157,158,206,207,208,211,214,218,219,249,264,265,266,269,270,274,277,336,337,338,340,341,342,343,344,345,346,347,348,349,350,351,352,353,354,357,474,524,525,526,527,528,529,530,577,649,728,729,760,761,762,763,764,765,766,767,1200,1219,
351;0;9051;9119;1;0,15,16,17,18,19,20,21,22,23,24,27,66,67,68,69,70,130,133,135,136,137,157,158,206,207,208,211,214,218,219,249,264,265,266,269,270,274,277,336,337,338,340,341,342,343,344,345,346,347,348,349,350,351,352,353,354,357,474,524,525,526,527,528,529,530,577,649,728,729,760,761,762,763,764,765,766,767,1200,1219,
780;0;9119;9161;1;0,15,16,17,18,19,20,21,22,23,24,27,66,67,68,69,70,130,133,135,136,137,157,158,206,207,208,211,214,218,219,249,264,265,266,269,270,274,277,336,337,338,340,341,342,343,344,345,346,347,348,349,350,351,352,353,354,357,474,524,525,526,527,528,529,530,577,649,728,729,760,761,762,763,764,765,766,767,1200,1219,
444;0;9161;9311;1;0,2,6,8,15,16,17,18,19,20,21,23,24,29,33,36,37,38,39,40,41,42,49,59,64,66,67,68,69,70,133,135,136,137,141,157,158,196,200,206,207,208,211,214,218,219,264,265,267,269,274,333,357,395,406,474,475,476,477,478,479,480,481,482,483,484,485,486,538,558,559,560,561,562,591,750,938,1076,1077,1078,
444;1;9311;9448;1;0,2,6,8,15,16,17,18,19,20,21,23,24,29,33,36,37,38,39,40,41,42,49,59,64,66,67,68,69,70,133,135,136,137,141,157,158,196,200,206,207,208,211,214,218,219,264,265,267,269,274,333,357,395,406,474,475,476,477,478,479,480,481,482,483,484,485,486,538,558,559,560,561,562,591,750,938,1076,1077,1078,
41;0;9448;9492;1;0,2,6,8,15,16,17,18,19,20,21,23,24,29,33,36,37,38,39,40,41,42,49,59,64,66,67,68,69,70,133,135,136,137,141,157,158,196,200,206,207,208,211,214,218,219,264,265,267,269,274,333,357,395,406,474,475,476,477,478,479,480,481,482,483,484,485,486,538,558,559,560,561,562,591,750,938,1076,1077,1078,
350;0;9492;9536;1;0,2,6,8,15,16,17,18,19,20,21,23,24,29,33,36,37,38,39,40,41,42,49,59,64,66,67,68,69,70,133,135,136,137,141,157,158,196,200,206,207,208,211,214,218,219,264,265,267,269,274,333,357,395,406,474,475,476,477,478,479,480,481,482,483,484,485,486,538,558,559,560,561,562,591,750,938,1076,1077,1078,
279;0;9536;9551;0;0,2,6,8,15,16,17,18,19,20,21,23,24,29,33,36,37,38,39,40,41,42,49,59,64,66,67,68,69,70,133,135,136,137,141,157,158,196,200,206,207,208,211,214,218,219,264,265,267,269,274,333,357,395,406,474,475,476,477,478,479,480,481,482,483,484,485,486,538,558,559,560,561,562,591,750,938,1076,1077,1078,
279;1;9551;9711;0;0,2,6,8,15,16,17,18,19,20,21,23,24,29,33,36,37,38,39,40,41,42,49,59,64,66,67,68,69,70,133,135,136,137,141,157,158,196,200,206,207,208,211,214,218,219,264,265,267,269,274,333,357,395,406,474,475,476,477,478,479,480,481,482,483,484,485,486,538,558,559,560,561,562,591,750,938,1076,1077,1078,
873;0;9711;9808;1;0,2,6,8,15,16,17,18,19,20,21,23,24,29,33,36,37,38,39,40,41,42,49,59,64,66,67,68,69,70,133,135,136,137,141,157,158,196,200,206,207,208,211,214,218,219,264,265,267,269,274,333,357,395,406,474,475,476,477,478,479,480,481,482,483,484,485,486,538,558,559,560,561,562,591,750,938,1076,1077,1078,
352;0;9808;9853;0;0,2,6,8,15,16,17,18,19,20,21,23,24,29,33,36,37,38,39,40,41,42,49,59,64,66,67,68,69,70,133,135,136,137,141,157,158,196,200,206,207,208,211,214,218,219,264,265,267,269,274,333,357,395,406,474,475,476,477,478,479,480,481,482,483,484,485,486,538,558,559,560,561,562,591,750,938,1076,1077,1078,
352;1;9853;9917;0;0,2,6,8,15,16,17,18,19,20,21,23,24,29,33,36,37,38,39,40,41,42,49,59,64,66,67,68,69,70,133,135,136,137,141,157,158,196,200,206,207,208,211,214,218,219,264,265,267,269,274,333,357,395,406,474,475,476,477,478,479,480,481,482,483,484,485,486,538,558,559,560,561,562,591,750,938,1076,1077,1078,
525;0;9917;9961;0;0,2,6,8,15,16,17,18,19,20,21,23,24,29,33,36,37,38,39,40,41,42,49,59,64,66,67,68,69,70,133,135,136,137,141,157,158,196,200,206,207,208,211,214,218,219,264,265,267,269,274,333,357,395,406,474,475,476,477,478,479,480,481,482,483,484,485,486,538,558,559,560,561,562,591,750,938,1076,1077,1078,
291;0;9961;9992;1;0,2,6,8,15,16,17,18,19,20,21,23,24,29,33,36,37,38,39,40,41,42,49,59,64,66,67,68,69,70,133,135,136,137,141,157,158,196,200,206,207,208,211,214,218,219,264,265,267,269,274,333,357,395,406,474,475,476,477,478,479,480,481,482,483,484,485,486,538,558,559,560,561,562,591,750,938,1076,1077,1078,
876;0;9992;10023;0;0,2,6,8,15,16,17,18,19,20,21,23,24,29,33,36,37,38,39,40,41,42,49,59,64,66,67,68,69,70,133,135,136,137,141,157,158,196,200,206,207,208,211,214,218,219,264,265,267,269,274,333,357,395,406,474,475,476,477,478,479,480,481,482,483,484,485,486,538,558,559,560,561,562,591,750,938,1076,1077,1078,
700;0;10023;10060;1;0,2,6,8,15,16,17,18,19,20,21,23,24,29,33,36,37,38,39,40,41,42,49,59,64,66,67,68,69,70,133,135,136,137,141,157,158,196,200,206,207,208,211,214,218,219,264,265,267,269,274,333,357,395,406,474,475,476,477,478,479,480,481,482,483,484,485,486,538,558,559,560,561,562,591,750,938,1076,1077,1078,
Machine: 2
371;0;0;11;1;0,2,4,5,8,12,15,16,23,29,30,31,48,61,82,87,106,125,157,165,176,215,217,248,249,257,259,262,341,407,408,409,410,411,412,413,414,417,418,423,488,489,493,494,495,496,497,498,499,538,539,540,541,542,571,572,573,574,576,578,753,849,873,874,875,876,877,878,879,880,881,1100,1101,1102,1103,1104,1105,1106,1107,1243,
301;0;11;33;1;0,2,4,5,8,12,15,16,23,29,30,31,48,61,82,87,106,125,157,165,176,215,217,248,249,257,259,262,341,407,408,409,410,411,412,413,414,417,418,423,488,489,493,494,495,496,497,498,499,538,539,540,541,542,571,572,573,574,576,578,753,849,873,874,875,876,877,878,879,880,881,1100,1101,1102,1103,1104,1105,1106,1107,1243,
459;0;33;62;0;0,2,4,5,8,12,15,16,23,29,30,31,48,61,82,87,106,125,157,165,176,215,217,248,249,257,259,262,341,407,408,409,410,411,412,413,414,417,418,423,488,489,493,494,495,496,497,498,499,538,539,540,541,542,571,572,573,574,576,578,753,849,873,874,875,876,877,878,879,880,881,1100,1101,1102,1103,1104,1105,1106,1107,1243,
459;1;62;82;0;0,2,4,5,8,12,15,16,23,29,30,31,48,61,82,87,106,125,157,165,176,215,217,248,249,257,259,262,341,407,408,409,410,411,412,413,414,417,418,423,488,489,493,494,495,496,497,498,499,538,539,540,541,542,571,572,573,574,576,578,753,849,873,874,875,876,877,878,879,880,881,1100,1101,1102,1103,1104,1105,1106,1107,1243,
84;0;82;224;1;0,2,4,5,8,12,15,16,23,29,30,31,48,61,82,87,106,125,157,165,176,215,217,248,249,257,259,262,341,407,408,409,410,411,412,413,414,417,418,423,488,489,493,494,495,496,497,498,499,538,539,540,541,542,571,572,573,574,576,578,753,849,873,874,875,876,877,878,879,880,881,1100,1101,1102,1103,1104,1105,1106,1107,1243,
84;1;224;300;1;0,2,4,5,8,12,15,16,23,29,30,31,48,61,82,87,106,125,157,165,176,215,217,248,249,257,259,262,341,407,408,409,410,411,412,413,414,417,418,423,488,489,493,494,495,496,497,498,499,538,539,540,541,542,571,572,573,574,576,578,753,849,873,874,875,876,877,878,879,880,881,1100,1101,1102,1103,1104,1105,1106,1107,1243,
724;0;300;437;1;0,2,4,5,8,12,15,16,23,29,30,31,48,61,82,87,106,125,157,165,176,215,217,248,249,257,259,262,341,407,408,409,410,411,412,413,414,417,418,423,488,489,493,494,495,496,497,498,499,538,539,540,541,542,571,572,573,574,576,578,753,849,873,874,875,876,877,878,879,880,881,1100,1101,1102,1103,1104,1105,1106,1107,1243,
724;1;437;542;1;0,2,4,5,8,12,15,16,23,29,30,31,48,61,82,87,106,125,157,165,176,215,217,248,249,257,259,262,341,407,408,409,410,411,412,413,414,417,418,423,488,489,493,494,495,496,497,498,499,538,539,540,541,542,571,572,573,574,576,578,753,849,873,874,875,876,877,878,879,880,881,1100,1101,1102,1103,1104,1105,1106,1107,1243,
507;0;542;714;1;0,1,2,3,4,5,6,7,8,9,12,15,16,17,18,19,23,29,30,31,32,33,43,44,45,46,47,48,49,50,51,52,53,54,55,56,57,58,59,60,61,62,63,64,65,82,87,106,125,157,176,215,248,257,262,341,408,410,411,488,489,493,494,495,496,497,498,499,531,753,849,873,874,875,876,877,878,879,880,881,
507;1;714;871;1;0,1,2,3,4,5,6,7,8,9,12,15,16,17,18,19,23,29,30,31,32,33,43,44,45,46,47,48,49,50,51,52,53,54,55,56,57,58,59,60,61,62,63,64,65,82,87,106,125,157,176,215,248,257,262,341,408,410,411,488,489,493,494,495,496,497,498,499,531,753,849,873,874,875,876,877,878,879,880,881,
762;0;871;896;0;0,1,2,3,4,5,6,7,8,9,12,15,16,17,18,19,23,29,30,31,32,33,43,44,45,46,47,48,49,50,51,52,53,54,55,56,57,58,59,60,61,62,63,64,65,82,87,106,125,157,176,215,248,257,262,341,408,410,411,488,489,493,494,495,496,497,498,499,531,753,849,873,874,875,876,877,878,879,880,881,
762;1;896;944;0;0,1,2,3,4,5,6,7,8,9,12,15,16,17,18,19,23,29,30,31,32,33,43,44,45,46,47,48,49,50,51,52,53,54,55,56,57,58,59,60,61,62,63,64,65,82,87,106,125,157,176,215,248,257,262,341,408,410,411,488,489,493,494,495,496,497,498,499,531,753,849,873,874,875,876,877,878,879,880,881,
122;0;944;1092;0;0,1,2,3,4,5,6,7,8,9,12,15,16,17,18,19,23,29,30,31,32,33,43,44,45,46,47,48,49,50,51,52,53,54,55,56,57,58,59,60,61,62,63,64,65,82,87,106,125,157,176,215,248,257,262,341,408,410,411,488,489,493,494,495,496,497,498,499,531,753,849,873,874,875,876,877,878,879,880,881,
122;1;1092;1170;0;0,1,2,3,4,5,6,7,8,9,12,15,16,17,18,19,23,29,30,31,32,33,43,44,45,46,47,48,49,50,51,52,53,54,55,56,57,58,59,60,61,62,63,64,65,82,87,106,125,157,176,215,248,257,262,341,408,410,411,488,489,493,494,495,496,497,498,499,531,753,849,873,874,875,876,877,878,879,880,881,
373;0;1170;1190;1;0,1,2,3,4,5,6,7,8,9,12,15,16,17,18,19,23,29,30,31,32,33,43,44,45,46,47,48,49,50,51,52,53,54,55,56,57,58,59,60,61,62,63,64,65,82,87,106,125,157,176,215,248,257,262,341,408,410,411,488,489,493,494,495,496,497,498,499,531,753,849,873,874,875,876,877,878,879,880,881,
272;0;1190;1259;0;0,1,2,3,4,5,6,7,8,9,12,15,16,17,18,19,23,29,30,31,32,33,43,44,45,46,47,48,49,50,51,52,53,54,55,56,57,58,59,60,61,62,63,64,65,82,87,106,125,157,176,215,248,257,262,341,408,410,411,488,489,493,494,495,496,497,498,499,531,753,849,873,874,875,876,877,878,879,880,881,
272;1;1259;1335;0;0,1,2,3,4,5,6,7,8,9,12,15,16,17,18,19,23,29,30,31,32,33,43,44,45,46,47,48,49,50,51,52,53,54,55,56,57,58,59,60,61,62,63,64,65,82,87,106,125,157,176,215,248,257,262,341,408,410,411,488,489,493,494,495,496,497,498,499,531,753,849,873,874,875,876,877,878,879,880,881,
54;0;1335;1432;1;0,1,2,3,4,5,6,7,8,9,12,15,16,17,18,19,23,29,30,31,32,33,43,44,45,46,47,48,49,50,51,52,53,54,55,56,57,58,59,60,61,62,63,64,65,82,87,106,125,157,176,215,248,257,262,341,408,410,411,488,489,493,494,495,496,497,498,499,531,753,849,873,874,875,876,877,878,879,880,881,
54;1;1432;1473;1;0,1,2,3,4,5,6,7,8,9,12,15,16,17,18,19,23,29,30,31,32,33,43,44,45,46,47,48,49,50,51,52,53,54,55,56,57,58,59,60,61,62,63,64,65,82,87,106,125,157,176,215,248,257,262,341,408,410,411,488,489,493,494,495,496,497,498,499,531,753,849,873,874,875,876,877,878,879,880,881,
974;0;1473;1610;1;0,1,2,3,4,5,6,7,8,9,12,15,16,18,29,30,31,32,33,43,44,45,46,47,48,49,50,51,52,53,54,55,56,57,58,59,60,61,62,63,64,65,73,82,87,99,106,125,157,176,184,341,432,488,489,506,753,849,861,873,874,875,876,877,878,879,880,881,943,944,945,946,947,948,949,950,951,952,953,954,
974;1;1610;1771;1;0,1,2,3,4,5,6,7,8,9,12,15,16,18,29,30,31,32,33,43,44,45,46,47,48,49,50,51,52,53,54,55,56,57,58,59,60,61,62,63,64,65,73,82,87,99,106,125,157,176,184,341,432,488,489,506,753,849,861,873,874,875,876,877,878,879,880,881,943,944,945,946,947,948,949,950,951,952,953,954,
139;0;1771;1915;0;0,1,2,3,4,5,6,7,8,9,12,15,16,18,29,30,31,32,33,43,44,45,46,47,48,49,50,51,52,53,54,55,56,57,58,59,60,61,62,63,64,65,73,82,87,99,106,125,157,176,184,341,432,488,489,506,753,849,861,873,874,875,876,877,878,879,880,881,943,944,945,946,947,948,949,950,951,952,953,954,
139;1;1915;1921;0;0,1,2,3,4,5,6,7,8,9,12,15,16,18,29,30,31,32,33,43,44,45,46,47,48,49,50,51,52,53,54,55,56,57,58,59,60,61,62,63,64,65,73,82,87,99,106,125,157,176,184,341,432,488,489,506,753,849,861,873,874,875,876,877,878,879,880,881,943,944,945,946,947,948,949,950,951,952,953,954,
180;0;1921;1941;1;0,1,2,3,4,5,6,7,8,9,12,15,16,18,29,30,31,32,33,43,44,45,46,47,48,49,50,51,52,53,54,55,56,57,58,59,60,61,62,63,64,65,73,82,87,99,106,125,157,176,184,341,432,488,489,506,753,849,861,873,874,875,876,877,878,879,880,881,943,944,945,946,947,948,949,950,951,952,953,954,
484;0;1941;1994;1;0,1,2,3,4,5,6,7,8,9,12,15,16,18,29,30,31,32,33,43,44,45,46,47,48,49,50,51,52,53,54,55,56,57,58,59,60,61,62,63,64,65,73,82,87,99,106,125,157,176,184,341,432,488,489,506,753,849,861,873,874,875,876,877,878,879,880,881,943,944,945,946,947,948,949,950,951,952,953,954,
484;1;1994;2042;1;0,1,2,3,4,5,6,7,8,9,12,15,16,18,29,30,31,32,33,43,44,45,46,47,48,49,50,51,52,53,54,55,56,57,58,59,60,61,62,63,64,65,73,82,87,99,106,125,157,176,184,341,432,488,489,506,753,849,861,873,874,875,876,877,878,879,880,881,943,944,945,946,947,948,949,950,951,952,953,954,
627;0;2042;2153;1;0,2,5,6,7,8,29,30,31,32,33,43,44,45,47,48,49,51,52,55,56,57,58,59,60,62,63,64,65,131,132,133,134,135,136,137,138,140,143,144,145,150,151,152,153,160,172,206,218,450,451,452,453,454,455,456,457,458,459,460,461,462,463,464,465,466,469,476,479,700,701,702,703,704,705,706,707,762,1005,1006,
627;1;2153;2272;1;0,2,5,6,7,8,29,30,31,32,33,43,44,45,47,48,49,51,52,55,56,57,58,59,60,62,63,64,65,131,132,133,134,135,136,137,138,140,143,144,145,150,151,152,153,160,172,206,218,450,451,452,453,454,455,456,457,458,459,460,461,462,463,464,465,466,469,476,479,700,701,702,703,704,705,706,707,762,1005,1006,
100;0;2272;2391;1;0,2,5,6,7,8,29,30,31,32,33,43,44,45,47,48,49,51,52,55,56,57,58,59,60,62,63,64,65,131,132,133,134,135,136,137,138,140,143,144,145,150,151,152,153,160,172,206,218,450,451,452,453,454,455,456,457,458,459,460,461,462,463,464,465,466,469,476,479,700,701,702,703,704,705,706,707,762,1005,1006,
754;0;2391;2411;1;0,2,5,6,7,8,29,30,31,32,33,43,44,45,47,48,49,51,52,55,56,57,58,59,60,62,63,64,65,131,132,133,134,135,136,137,138,140,143,144,145,150,151,152,153,160,172,206,218,450,451,452,453,454,455,456,457,458,459,460,461,462,463,464,465,466,469,476,479,700,701,702,703,704,705,706,707,762,1005,1006,
754;1;2411;2419;1;0,2,5,6,7,8,29,30,31,32,33,43,44,45,47,48,49,51,52,55,56,57,58,59,60,62,63,64,65,131,132,133,134,135,136,137,138,140,143,144,145,150,151,152,153,160,172,206,218,450,451,452,453,454,455,456,457,458,459,460,461,462,463,464,465,466,469,476,479,700,701,702,703,704,705,706,707,762,1005,1006,
770;0;2419;2538;1;0,2,5,6,7,8,29,30,31,32,33,43,44,45,47,48,49,51,52,55,56,57,58,59,60,62,63,64,65,131,132,133,134,135,136,137,138,140,143,144,145,150,151,152,153,160,172,206,218,450,451,452,453,454,455,456,457,458,459,460,461,462,463,464,465,466,469,476,479,700,701,702,703,704,705,706,707,762,1005,1006,
537;0;2538;2546;1;0,2,5,6,7,8,29,30,31,32,33,43,44,45,47,48,49,51,52,55,56,57,58,59,60,62,63,64,65,131,132,133,134,135,136,137,138,140,143,144,145,150,151,152,153,160,172,206,218,450,451,452,453,454,455,456,457,458,459,460,461,462,463,464,465,466,469,476,479,700,701,702,703,704,705,706,707,762,1005,1006,
537;1;2546;2665;1;0,2,5,6,7,8,29,30,31,32,33,43,44,45,47,48,49,51,52,55,56,57,58,59,60,62,63,64,65,131,132,133,134,135,136,137,138,140,143,144,145,150,151,152,153,160,172,206,218,450,451,452,453,454,455,456,457,458,459,460,461,462,463,464,465,466,469,476,479,700,701,702,703,704,705,706,707,762,1005,1006,
227;0;2665;2790;1;0,2,5,6,7,8,29,30,31,32,33,43,44,45,47,48,49,51,52,55,56,57,58,59,60,62,63,64,65,131,132,133,134,135,136,137,138,140,143,144,145,150,151,152,153,160,172,206,218,450,451,452,453,454,455,456,457,458,459,460,461,462,463,464,465,466,469,476,479,700,701,702,703,704,705,706,707,762,1005,1006,
227;1;2790;2941;1;0,2,5,6,7,8,29,30,31,32,33,43,44,45,47,48,49,51,52,55,56,57,58,59,60,62,63,64,65,131,132,133,134,135,136,137,138,140,143,144,145,150,151,152,153,160,172,206,218,450,451,452,453,454,455,456,457,458,459,460,461,462,463,464,465,466,469,476,479,700,701,702,703,704,705,706,707,762,1005,1006,
624;0;2941;3053;1;0,2,5,6,7,8,29,30,31,32,33,43,44,45,47,48,49,51,52,55,56,57,58,59,60,62,63,64,65,131,132,133,134,135,136,137,138,140,143,144,145,150,151,152,153,160,172,206,218,450,451,452,453,454,455,456,457,458,459,460,461,462,463,464,465,466,469,476,479,700,701,702,703,704,705,706,707,762,1005,1006,
624;1;3053;3156;1;0,2,5,6,7,8,29,30,31,32,33,43,44,45,47,48,49,51,52,55,56,57,58,59,60,62,63,64,65,131,132,133,134,135,136,137,138,140,143,144,145,150,151,152,153,160,172,206,218,450,451,452,453,454,455,456,457,458,459,460,461,462,463,464,465,466,469,476,479,700,701,702,703,704,705,706,707,762,1005,1006,
894;0;3156;3224;1;0,2,5,6,7,8,29,30,31,32,33,43,44,45,47,48,49,51,52,55,56,57,58,59,60,62,63,64,65,131,132,133,134,135,136,137,138,140,143,144,145,150,151,152,153,160,172,206,218,450,451,452,453,454,455,456,457,458,459,460,461,462,463,464,465,466,469,476,479,700,701,702,703,704,705,706,707,762,1005,1006,
894;1;3224;3302;1;0,2,5,6,7,8,29,30,31,32,33,43,44,45,47,48,49,51,52,55,56,57,58,59,60,62,63,64,65,131,132,133,134,135,136,137,138,140,143,144,145,150,151,152,153,160,172,206,218,450,451,452,453,454,455,456,457,458,459,460,461,462,463,464,465,466,469,476,479,700,701,702,703,704,705,706,707,762,1005,1006,
594;0;3302;3335;1;0,2,5,6,7,8,29,30,31,32,33,43,44,45,47,48,49,51,52,55,56,57,58,59,60,62,63,64,65,131,132,133,134,135,136,137,138,140,143,144,145,150,151,152,153,160,172,206,218,450,451,452,453,454,455,456,457,458,459,460,461,462,463,464,465,466,469,476,479,700,701,702,703,704,705,706,707,762,1005,1006,
594;1;3335;3488;1;0,2,5,6,7,8,29,30,31,32,33,43,44,45,47,48,49,51,52,55,56,57,58,59,60,62,63,64,65,131,132,133,134,135,136,137,138,140,143,144,145,150,151,152,153,160,172,206,218,450,451,452,453,454,455,456,457,458,459,460,461,462,463,464,465,466,469,476,479,700,701,702,703,704,705,706,707,762,1005,1006,
49;0;3488;3634;0;0,2,5,6,7,8,29,30,31,32,33,43,44,47,48,49,51,52,54,55,59,60,63,64,127,133,137,141,150,151,152,153,157,178,187,206,218,219,340,341,342,343,344,345,346,347,348,349,350,351,352,353,354,357,474,475,476,477,478,479,480,481,482,483,484,485,486,500,501,502,503,504,505,506,507,508,509,510,511,1217,
49;1;3634;3659;0;0,2,5,6,7,8,29,30,31,32,33,43,44,47,48,49,51,52,54,55,59,60,63,64,127,133,137,141,150,151,152,153,157,178,187,206,218,219,340,341,342,343,344,345,346,347,348,349,350,351,352,353,354,357,474,475,476,477,478,479,480,481,482,483,484,485,486,500,501,502,503,504,505,506,507,508,509,510,511,1217,
607;0;3659;3833;1;0,2,5,6,7,8,29,30,31,32,33,43,44,47,48,49,51,52,54,55,59,60,63,64,127,133,137,141,150,151,152,153,157,178,187,206,218,219,340,341,342,343,344,345,346,347,348,349,350,351,352,353,354,357,474,475,476,477,478,479,480,481,482,483,484,485,486,500,501,502,503,504,505,506,507,508,509,510,511,1217,
607;1;3833;3866;1;0,2,5,6,7,8,29,30,31,32,33,43,44,47,48,49,51,52,54,55,59,60,63,64,127,133,137,141,150,151,152,153,157,178,187,206,218,219,340,341,342,343,344,345,346,347,348,349,350,351,352,353,354,357,474,475,476,477,478,479,480,481,482,483,484,485,486,500,501,502,503,504,505,506,507,508,509,510,511,1217,
120;0;3866;3934;1;0,2,5,6,7,8,29,30,31,32,33,43,44,47,48,49,51,52,54,55,59,60,63,64,127,133,137,141,150,151,152,153,157,178,187,206,218,219,340,341,342,343,344,345,346,347,348,349,350,351,352,353,354,357,474,475,476,477,478,479,480,481,482,483,484,485,486,500,501,502,503,504,505,506,507,508,509,510,511,1217,
697;0;3934;4089;1;0,2,5,6,7,8,29,30,31,32,33,43,44,47,48,49,51,52,54,55,59,60,63,64,127,133,137,141,150,151,152,153,157,178,187,206,218,219,340,341,342,343,344,345,346,347,348,349,350,351,352,353,354,357,474,475,476,477,478,479,480,481,482,483,484,485,486,500,501,502,503,504,505,506,507,508,509,510,511,1217,
697;1;4089;4133;1;0,2,5,6,7,8,29,30,31,32,33,43,44,47,48,49,51,52,54,55,59,60,63,64,127,133,137,141,150,151,152,153,157,178,187,206,218,219,340,341,342,343,344,345,346,347,348,349,350,351,352,353,354,357,474,475,476,477,478,479,480,481,482,483,484,485,486,500,501,502,503,504,505,506,507,508,509,510,511,1217,
421;0;4133;4236;1;0,2,5,6,7,8,29,30,31,32,33,43,44,47,48,49,51,52,54,55,59,60,63,64,127,133,137,141,150,151,152,153,157,178,187,206,218,219,340,341,342,343,344,345,346,347,348,349,350,351,352,353,354,357,474,475,476,477,478,479,480,481,482,483,484,485,486,500,501,502,503,504,505,506,507,508,509,510,511,1217,
124;0;4236;4384;1;0,2,5,6,7,8,29,30,31,32,33,43,44,47,48,49,51,52,54,55,59,60,63,64,127,133,137,141,150,151,152,153,157,178,187,206,218,219,340,341,342,343,344,345,346,347,348,349,350,351,352,353,354,357,474,475,476,477,478,479,480,481,482,483,484,485,486,500,501,502,503,504,505,506,507,508,509,510,511,1217,
124;1;4384;4428;1;0,2,5,6,7,8,29,30,31,32,33,43,44,47,48,49,51,52,54,55,59,60,63,64,127,133,137,141,150,151,152,153,157,178,187,206,218,219,340,341,342,343,344,345,346,347,348,349,350,351,352,353,354,357,474,475,476,477,478,479,480,481,482,483,484,485,486,500,501,502,503,504,505,506,507,508,509,510,511,1217,
970;0;4428;4531;1;0,2,5,6,7,8,29,30,31,32,33,43,44,47,48,49,51,52,54,55,59,60,63,64,127,133,137,141,150,151,152,153,157,178,187,206,218,219,340,341,342,343,344,345,346,347,348,349,350,351,352,353,354,357,474,475,476,477,478,479,480,481,482,483,484,485,486,500,501,502,503,504,505,506,507,508,509,510,511,1217,
10;0;4531;4634;1;0,2,5,6,7,8,29,30,31,32,33,43,44,47,48,49,51,52,54,55,59,60,63,64,127,133,137,141,150,151,152,153,157,178,187,206,218,219,340,341,342,343,344,345,346,347,348,349,350,351,352,353,354,357,474,475,476,477,478,479,480,481,482,483,484,485,486,500,501,502,503,504,505,506,507,508,509,510,511,1217,
24;0;4634;4765;1;0,2,5,6,7,8,29,30,31,32,33,43,44,47,48,49,51,52,54,55,59,60,63,64,127,133,137,141,150,151,152,153,157,178,187,206,218,219,340,341,342,343,344,345,346,347,348,349,350,351,352,353,354,357,474,475,476,477,478,479,480,481,482,483,484,485,486,500,501,502,503,504,505,506,507,508,509,510,511,1217,
24;1;4765;4833;1;0,2,5,6,7,8,29,30,31,32,33,43,44,47,48,49,51,52,54,55,59,60,63,64,127,133,137,141,150,151,152,153,157,178,187,206,218,219,340,341,342,343,344,345,346,347,348,349,350,351,352,353,354,357,474,475,476,477,478,479,480,481,482,483,484,485,486,500,501,502,503,504,505,506,507,508,509,510,511,1217,
743;0;4833;4951;1;0,2,5,6,7,8,29,30,31,32,33,43,44,47,48,49,51,52,54,55,59,60,63,64,127,133,137,141,150,151,152,153,157,178,187,206,218,219,340,341,342,343,344,345,346,347,348,349,350,351,352,353,354,357,474,475,476,477,478,479,480,484,485,500,501,502,503,504,505,506,507,508,509,510,511,811,812,813,814,1217,
337;0;4951;5015;1;0,2,4,5,6,7,8,9,15,16,18,20,21,23,24,26,29,30,31,32,33,43,44,46,47,48,49,51,52,54,55,59,60,63,64,70,127,153,175,176,177,178,187,264,265,266,270,330,336,337,338,354,355,366,394,395,437,500,501,502,503,504,505,506,507,508,509,510,511,517,518,649,728,729,811,812,813,814,863,864,
337;1;5015;5082;1;0,2,4,5,6,7,8,9,15,16,18,20,21,23,24,26,29,30,31,32,33,43,44,46,47,48,49,51,52,54,55,59,60,63,64,70,127,153,175,176,177,178,187,264,265,266,270,330,336,337,338,354,355,366,394,395,437,500,501,502,503,504,505,506,507,508,509,510,511,517,518,649,728,729,811,812,813,814,863,864,
794;0;5082;5180;1;0,2,4,5,6,7,8,9,15,16,18,20,21,23,24,26,29,30,31,32,33,43,44,46,47,48,49,51,52,54,55,59,60,63,64,70,127,153,175,176,177,178,187,264,265,266,270,330,336,337,338,354,355,366,394,395,437,500,501,502,503,504,505,506,507,508,509,510,511,517,518,649,728,729,811,812,813,814,863,864,
794;1;5180;5248;1;0,2,4,5,6,7,8,9,15,16,18,20,21,23,24,26,29,30,31,32,33,43,44,46,47,48,49,51,52,54,55,59,60,63,64,70,127,153,175,176,177,178,187,264,265,266,270,330,336,337,338,354,355,366,394,395,437,500,501,502,503,504,505,506,507,508,509,510,511,517,518,649,728,729,811,812,813,814,863,864,
217;0;5248;5280;1;0,2,4,5,6,7,8,9,15,16,18,20,21,23,24,26,29,30,31,32,33,43,44,46,47,48,49,51,52,54,55,59,60,63,64,70,127,153,175,176,177,178,187,264,265,266,270,330,336,337,338,354,355,366,394,395,437,500,501,502,503,504,505,506,507,508,509,510,511,517,518,649,728,729,811,812,813,814,863,864,
217;1;5280;5436;1;0,2,4,5,6,7,8,9,15,16,18,20,21,23,24,26,29,30,31,32,33,43,44,46,47,48,49,51,52,54,55,59,60,63,64,70,127,153,175,176,177,178,187,264,265,266,270,330,336,337,338,354,355,366,394,395,437,500,501,502,503,504,505,506,507,508,509,510,511,517,518,649,728,729,811,812,813,814,863,864,
67;0;5436;5473;1;0,2,4,5,6,7,8,9,15,16,18,20,21,23,24,26,29,30,31,32,33,43,44,46,47,48,49,51,52,54,55,59,60,63,64,70,127,153,175,176,177,178,187,264,265,266,270,330,336,337,338,354,355,366,394,395,437,500,501,502,503,504,505,506,507,508,509,510,511,517,518,649,728,729,811,812,813,814,863,864,
67;1;5473;5498;1;0,2,4,5,6,7,8,9,15,16,18,20,21,23,24,26,29,30,31,32,33,43,44,46,47,48,49,51,52,54,55,59,60,63,64,70,127,153,175,176,177,178,187,264,265,266,270,330,336,337,338,354,355,366,394,395,437,500,501,502,503,504,505,506,507,508,509,510,511,517,518,649,728,729,811,812,813,814,863,864,
184;0;5498;5618;1;0,2,4,5,6,7,8,9,15,16,18,20,21,23,24,26,29,30,31,32,33,43,44,46,47,48,49,51,52,54,55,59,60,63,64,70,127,153,175,176,177,178,187,264,265,266,270,330,336,337,338,354,355,366,394,395,437,500,501,502,503,504,505,506,507,508,509,510,511,517,518,649,728,729,811,812,813,814,863,864,
184;1;5618;5783;1;0,2,4,5,6,7,8,9,15,16,18,20,21,23,24,26,29,30,31,32,33,43,44,46,47,48,49,51,52,54,55,59,60,63,64,70,127,153,175,176,177,178,187,264,265,266,270,330,336,337,338,354,355,366,394,395,437,500,501,502,503,504,505,506,507,508,509,510,511,517,518,649,728,729,811,812,813,814,863,864,
111;0;5783;5855;1;0,2,4,5,6,7,8,9,15,16,18,20,21,23,24,26,29,30,31,32,33,43,44,46,47,48,49,51,52,54,55,59,60,63,64,70,127,153,175,176,177,178,187,264,265,266,270,330,336,337,338,354,355,366,394,395,437,500,501,502,503,504,505,506,507,508,509,510,511,517,518,649,728,729,811,812,813,814,863,864,
247;0;5855;5976;1;0,2,4,5,6,7,8,9,15,16,18,20,21,23,24,26,29,30,31,32,33,43,44,46,47,48,49,51,52,54,55,59,60,63,64,70,127,153,175,176,177,178,187,264,265,266,270,330,336,337,338,354,355,366,394,395,437,500,501,502,503,504,505,506,507,508,509,510,511,517,518,649,728,729,811,812,813,814,863,864,
247;1;5976;6088;1;0,2,4,5,6,7,8,9,15,16,18,20,21,23,24,26,29,30,31,32,33,43,44,46,47,48,49,51,52,54,55,59,60,63,64,70,127,153,175,176,177,178,187,264,265,266,270,330,336,337,338,354,355,366,394,395,437,500,501,502,503,504,505,506,507,508,509,510,511,517,518,649,728,729,811,812,813,814,863,864,
582;0;6088;6092;0;0,2,4,5,6,7,8,9,15,16,18,20,21,23,24,26,29,30,31,32,33,43,44,45,46,47,48,49,51,52,54,55,57,59,60,63,64,127,153,175,176,177,178,187,203,264,265,266,270,330,336,354,355,366,394,395,437,500,501,502,503,505,506,514,517,518,592,596,811,812,813,814,863,864,1078,1336,1337,1338,1339,1340,
582;1;6092;6128;0;0,2,4,5,6,7,8,9,15,16,18,20,21,23,24,26,29,30,31,32,33,43,44,45,46,47,48,49,51,52,54,55,57,59,60,63,64,127,153,175,176,177,178,187,203,264,265,266,270,330,336,354,355,366,394,395,437,500,501,502,503,505,506,514,517,518,592,596,811,812,813,814,863,864,1078,1336,1337,1338,1339,1340,
947;0;6128;6258;1;0,2,4,5,6,7,8,9,15,16,18,20,21,23,24,26,29,30,31,32,33,43,44,45,46,47,48,49,51,52,54,55,57,59,60,63,64,127,153,175,176,177,178,187,203,264,265,266,270,330,336,354,355,366,394,395,437,500,501,502,503,505,506,514,517,518,592,596,811,812,813,814,863,864,1078,1336,1337,1338,1339,1340,
947;1;6258;6272;1;0,2,4,5,6,7,8,9,15,16,18,20,21,23,24,26,29,30,31,32,33,43,44,45,46,47,48,49,51,52,54,55,57,59,60,63,64,127,153,175,176,177,178,187,203,264,265,266,270,330,336,354,355,366,394,395,437,500,501,502,503,505,506,514,517,518,592,596,811,812,813,814,863,864,1078,1336,1337,1338,1339,1340,
214;0;6272;6395;1;0,1,2,3,4,5,6,7,8,9,10,11,12,13,14,15,16,18,23,26,29,30,31,32,33,43,44,45,46,47,48,49,50,51,52,53,54,55,56,57,58,59,60,61,62,63,64,65,66,67,127,153,175,176,177,178,187,203,223,265,336,355,437,500,501,502,503,505,506,517,518,721,811,812,813,814,863,864,1287,1288,
214;1;6395;6498;1;0,1,2,3,4,5,6,7,8,9,10,11,12,13,14,15,16,18,23,26,29,30,31,32,33,43,44,45,46,47,48,49,50,51,52,53,54,55,56,57,58,59,60,61,62,63,64,65,66,67,127,153,175,176,177,178,187,203,223,265,336,355,437,500,501,502,503,505,506,517,518,721,811,812,813,814,863,864,1287,1288,
544;0;6498;6652;1;0,1,2,3,4,5,6,7,8,9,10,11,12,13,14,15,16,18,23,26,29,30,31,32,33,43,44,45,46,47,48,49,50,51,52,53,54,55,56,57,58,59,60,61,62,63,64,65,66,67,127,153,175,176,177,178,187,203,223,265,336,355,437,500,501,502,503,505,506,517,518,721,811,812,813,814,863,864,1287,1288,
544;1;6652;6683;1;0,1,2,3,4,5,6,7,8,9,10,11,12,13,14,15,16,18,23,26,29,30,31,32,33,43,44,45,46,47,48,49,50,51,52,53,54,55,56,57,58,59,60,61,62,63,64,65,66,67,127,153,175,176,177,178,187,203,223,265,336,355,437,500,501,502,503,505,506,517,518,721,811,812,813,814,863,864,1287,1288,
524;0;6683;6781;1;0,1,2,3,4,5,6,7,8,9,10,11,12,13,14,15,16,18,23,26,29,30,31,32,33,43,44,45,46,47,48,49,50,51,52,53,54,55,56,57,58,59,60,61,62,63,64,65,66,67,127,153,175,176,177,178,187,203,223,265,336,355,437,500,501,502,503,505,506,517,518,721,811,812,813,814,863,864,1287,1288,
524;1;6781;6890;1;0,1,2,3,4,5,6,7,8,9,10,11,12,13,14,15,16,18,23,26,29,30,31,32,33,43,44,45,46,47,48,49,50,51,52,53,54,55,56,57,58,59,60,61,62,63,64,65,66,67,127,153,175,176,177,178,187,203,223,265,336,355,437,500,501,502,503,505,506,517,518,721,811,812,813,814,863,864,1287,1288,
931;0;6890;6936;1;0,1,2,3,4,5,6,7,8,9,10,11,12,13,14,15,16,18,23,26,29,30,31,32,33,43,44,45,46,47,48,49,50,51,52,53,54,55,56,57,58,59,60,61,62,63,64,65,66,67,127,153,175,176,177,178,187,203,223,265,336,355,437,500,501,502,503,505,506,517,518,721,811,812,813,814,863,864,1287,1288,
104;0;6936;7062;1;0,1,2,3,4,5,6,7,8,9,10,11,12,13,14,15,16,18,23,26,29,30,31,32,33,43,44,45,46,47,48,49,50,51,52,53,54,55,56,57,58,59,60,61,62,63,64,65,66,67,127,153,175,176,177,178,187,203,223,265,336,355,437,500,501,502,503,505,506,517,518,721,811,812,813,814,863,864,1287,1288,
104;1;7062;7203;1;0,1,2,3,4,5,6,7,8,9,10,11,12,13,14,15,16,18,23,26,29,30,31,32,33,43,44,45,46,47,48,49,50,51,52,53,54,55,56,57,58,59,60,61,62,63,64,65,66,67,127,153,175,176,177,178,187,203,223,265,336,355,437,500,501,502,503,505,506,517,518,721,811,812,813,814,863,864,1287,1288,
944;0;7203;7225;1;0,1,2,3,4,5,6,7,8,9,10,11,12,13,14,15,16,18,23,26,29,30,31,32,33,43,44,45,46,47,48,49,50,51,52,53,54,55,56,57,58,59,60,61,62,63,64,65,66,67,127,153,175,176,177,178,187,203,223,265,336,355,437,500,501,502,503,505,506,517,518,721,811,812,813,814,863,864,1287,1288,
944;1;7225;7297;1;0,1,2,3,4,5,6,7,8,9,10,11,12,13,14,15,16,18,23,26,29,30,31,32,33,43,44,45,46,47,48,49,50,51,52,53,54,55,56,57,58,59,60,61,62,63,64,65,66,67,127,153,175,176,177,178,187,203,223,265,336,355,437,500,501,502,503,505,506,517,518,721,811,812,813,814,863,864,1287,1288,
933;0;7297;7364;1;0,1,2,3,4,5,6,7,8,9,10,11,12,13,14,15,16,18,23,26,29,30,31,32,33,43,44,45,46,47,48,49,50,51,52,53,54,55,56,57,58,59,60,61,62,63,64,65,66,67,127,153,175,176,177,178,187,203,223,265,336,355,437,500,501,502,503,505,506,517,518,721,811,812,813,814,863,864,1287,1288,
864;0;7364;7439;1;0,1,2,3,4,5,6,7,8,9,10,11,12,13,14,15,16,18,23,26,29,30,31,32,33,43,44,45,46,47,48,49,50,51,52,53,54,55,56,57,58,59,60,61,62,63,64,65,66,67,127,153,175,176,177,178,187,203,223,265,336,355,437,500,501,502,503,505,506,517,518,721,811,812,813,814,863,864,1287,1288,
864;1;7439;7485;1;0,1,2,3,4,5,6,7,8,9,10,11,12,13,14,15,16,18,23,26,29,30,31,32,33,43,44,45,46,47,48,49,50,51,52,53,54,55,56,57,58,59,60,61,62,63,64,65,66,67,127,153,175,176,177,178,187,203,223,265,336,355,437,500,501,502,503,505,506,517,518,721,811,812,813,814,863,864,1287,1288,
387;0;7485;7642;1;0,1,2,3,4,5,6,7,8,9,10,11,12,13,14,15,16,18,23,26,29,30,31,32,33,43,44,45,46,47,48,49,50,51,52,53,54,55,56,57,58,59,60,61,62,63,64,65,67,127,178,187,203,206,271,474,479,484,485,500,501,502,503,505,530,811,812,813,814,1201,1202,1203,1204,1205,1206,1207,1208,1209,1210,1211,
387;1;7642;7774;1;0,1,2,3,4,5,6,7,8,9,10,11,12,13,14,15,16,18,23,26,29,30,31,32,33,43,44,45,46,47,48,49,50,51,52,53,54,55,56,57,58,59,60,61,62,63,64,65,67,127,178,187,203,206,271,474,479,484,485,500,501,502,503,505,530,811,812,813,814,1201,1202,1203,1204,1205,1206,1207,1208,1209,1210,1211,
397;0;7774;7905;1;0,1,2,3,4,5,6,7,8,9,10,11,12,13,14,15,16,17,18,19,23,29,30,31,32,33,34,35,43,44,45,46,47,48,49,50,51,52,53,54,55,56,57,58,59,60,61,62,63,64,65,125,127,178,187,193,194,195,196,197,198,199,200,201,202,203,204,205,206,403,500,501,502,503,505,811,812,813,814,937,
397;1;7905;8061;1;0,1,2,3,4,5,6,7,8,9,10,11,12,13,14,15,16,17,18,19,23,29,30,31,32,33,34,35,43,44,45,46,47,48,49,50,51,52,53,54,55,56,57,58,59,60,61,62,63,64,65,125,127,178,187,193,194,195,196,197,198,199,200,201,202,203,204,205,206,403,500,501,502,503,505,811,812,813,814,937,
588;0;8061;8065;0;0,1,2,3,4,5,6,7,8,9,10,11,12,13,14,15,16,17,18,19,23,29,30,31,32,33,34,35,43,44,45,46,47,48,49,50,51,52,53,54,55,56,57,58,59,60,61,62,63,64,65,125,127,178,187,193,194,195,196,197,198,199,200,201,202,203,204,205,206,403,500,501,502,503,505,811,812,813,814,937,
26;0;8065;8109;0;0,1,2,3,4,5,6,7,8,9,10,11,12,13,14,15,16,17,18,19,23,29,30,31,32,33,34,35,43,44,45,46,47,48,49,50,51,52,53,54,55,56,57,58,59,60,61,62,63,64,65,125,127,178,187,193,194,195,196,197,198,199,200,201,202,203,204,205,206,403,500,501,502,503,505,811,812,813,814,937,
228;0;8109;8127;0;0,1,2,3,4,5,6,7,8,9,10,11,12,13,14,15,16,17,18,19,23,29,30,31,32,33,34,35,43,44,45,46,47,48,49,50,51,52,53,54,55,56,57,58,59,60,61,62,63,64,65,125,127,178,187,193,194,195,196,197,198,199,200,201,202,203,204,205,206,403,500,501,502,503,505,811,812,813,814,937,
540;0;8127;8207;1;0,1,2,3,4,5,6,7,8,9,10,11,12,13,14,15,16,17,18,19,23,29,30,31,32,33,34,35,43,44,45,46,47,48,49,50,51,52,53,54,55,56,57,58,59,60,61,62,63,64,65,125,127,178,187,193,194,195,196,197,198,199,200,201,202,203,204,205,206,403,500,501,502,503,505,811,812,813,814,937,
674;0;8207;8346;1;0,1,2,3,4,5,6,7,8,9,10,11,12,13,14,15,16,17,18,19,23,29,30,31,32,33,34,35,43,44,45,46,47,48,49,50,51,52,53,54,55,56,57,58,59,60,61,62,63,64,65,125,127,178,187,193,194,195,196,197,198,199,200,201,202,203,204,205,206,403,500,501,502,503,505,811,812,813,814,937,
674;1;8346;8506;1;0,1,2,3,4,5,6,7,8,9,10,11,12,13,14,15,16,17,18,19,23,29,30,31,32,33,34,35,43,44,45,46,47,48,49,50,51,52,53,54,55,56,57,58,59,60,61,62,63,64,65,125,127,178,187,193,194,195,196,197,198,199,200,201,202,203,204,205,206,403,500,501,502,503,505,811,812,813,814,937,
541;0;8506;8604;1;0,1,2,3,4,5,6,7,8,9,10,11,12,13,14,15,16,17,18,19,23,29,30,31,32,33,34,35,43,44,45,46,47,48,49,50,51,52,53,54,55,56,57,58,59,60,61,62,63,64,65,125,127,178,187,193,194,195,196,197,198,199,200,201,202,203,204,205,206,403,500,501,502,503,505,811,812,813,814,937,
241;0;8604;8702;1;0,1,2,3,4,5,6,7,8,9,10,11,12,13,14,15,16,17,18,19,23,29,30,31,32,33,34,35,43,44,45,46,47,48,49,50,51,52,53,54,55,56,57,58,59,60,61,62,63,64,65,125,127,178,187,193,194,195,196,197,198,199,200,201,202,203,204,205,206,403,500,501,502,503,505,811,812,813,814,937,
289;0;8702;8862;0;0,1,2,3,4,5,6,7,8,9,10,11,12,13,14,15,16,17,18,19,23,29,30,31,32,33,34,35,43,44,45,46,47,48,49,50,51,52,53,54,55,56,57,58,59,60,61,62,63,64,65,125,127,178,187,193,194,195,196,197,198,199,200,201,202,203,204,205,206,403,500,501,502,503,505,811,812,813,814,937,
289;1;8862;8880;0;0,1,2,3,4,5,6,7,8,9,10,11,12,13,14,15,16,17,18,19,23,29,30,31,32,33,34,35,43,44,45,46,47,48,49,50,51,52,53,54,55,56,57,58,59,60,61,62,63,64,65,125,127,178,187,193,194,195,196,197,198,199,200,201,202,203,204,205,206,403,500,501,502,503,505,811,812,813,814,937,
340;0;8880;8924;1;0,1,2,3,4,5,6,7,8,9,10,11,12,13,14,15,16,17,18,19,23,29,30,31,32,33,34,35,43,44,45,46,47,48,49,50,51,52,53,54,55,56,57,58,59,60,61,62,63,64,65,125,127,178,187,193,194,195,196,197,198,199,200,201,202,203,204,205,206,403,500,501,502,503,505,811,812,813,814,937,
590;0;8924;9022;1;0,1,2,3,4,5,6,7,8,9,10,11,12,13,14,15,16,17,18,19,23,29,30,31,32,33,34,35,43,44,45,46,47,48,49,50,51,52,53,54,55,56,57,58,59,60,61,62,63,64,65,125,127,178,187,193,194,195,196,197,198,199,200,201,202,203,204,205,206,403,500,501,502,503,505,811,812,813,814,937,
841;0;9022;9040;1;0,1,2,3,4,5,6,7,8,9,10,11,12,13,14,15,16,17,18,19,23,29,30,31,32,33,34,35,43,44,45,46,47,48,49,50,51,52,53,54,55,56,57,58,59,60,61,62,63,64,65,125,127,178,187,193,194,195,196,197,198,199,200,201,202,203,204,205,206,403,500,501,502,503,505,811,812,813,814,937,
861;0;9040;9058;1;0,1,2,3,4,5,6,7,8,9,10,11,12,13,14,15,16,17,18,19,23,29,30,31,32,33,34,35,43,44,45,46,47,48,49,50,51,52,53,54,55,56,57,58,59,60,61,62,63,64,65,125,127,178,187,193,194,195,196,197,198,199,200,201,202,203,204,205,206,403,500,501,502,503,505,811,812,813,814,937,
956;0;9058;9078;0;0,1,2,3,4,5,6,7,8,9,10,11,12,13,14,15,16,18,19,23,29,30,31,32,33,34,35,43,44,45,46,47,48,49,50,51,52,53,54,55,56,57,58,59,60,61,62,63,64,65,125,127,172,193,194,195,196,197,198,199,200,201,202,203,204,205,206,591,753,754,755,756,757,758,759,811,812,813,814,937,
506;0;9078;9126;0;0,1,2,3,4,5,6,7,8,9,10,11,12,13,14,15,16,18,19,23,29,30,31,32,33,34,35,43,44,45,46,47,48,49,50,51,52,53,54,55,56,57,58,59,60,61,62,63,64,65,125,127,172,193,194,195,196,197,198,199,200,201,202,203,204,205,206,591,753,754,755,756,757,758,759,811,812,813,814,937,
455;0;9126;9140;0;0,1,2,3,4,5,6,7,8,9,10,11,12,13,14,15,16,18,19,23,29,30,31,32,33,34,35,43,44,45,46,47,48,49,50,51,52,53,54,55,56,57,58,59,60,61,62,63,64,65,125,127,172,193,194,195,196,197,198,199,200,201,202,203,204,205,206,591,753,754,755,756,757,758,759,811,812,813,814,937,
36;0;9140;9189;0;0,1,2,3,4,5,6,7,8,9,10,11,12,13,14,15,16,18,19,23,29,30,31,32,33,34,35,43,44,45,46,47,48,49,50,51,52,53,54,55,56,57,58,59,60,61,62,63,64,65,125,127,172,193,194,195,196,197,198,199,200,201,202,203,204,205,206,591,753,754,755,756,757,758,759,811,812,813,814,937,
579;0;9189;9233;0;0,1,2,3,4,5,6,7,8,9,10,11,12,13,14,15,16,18,19,23,29,30,31,32,33,34,35,43,44,45,46,47,48,49,50,51,52,53,54,55,56,57,58,59,60,61,62,63,64,65,125,127,172,193,194,195,196,197,198,199,200,201,202,203,204,205,206,591,753,754,755,756,757,758,759,811,812,813,814,937,
579;1;9233;9331;0;0,1,2,3,4,5,6,7,8,9,10,11,12,13,14,15,16,18,19,23,29,30,31,32,33,34,35,43,44,45,46,47,48,49,50,51,52,53,54,55,56,57,58,59,60,61,62,63,64,65,125,127,172,193,194,195,196,197,198,199,200,201,202,203,204,205,206,591,753,754,755,756,757,758,759,811,812,813,814,937,
277;0;9331;9349;1;0,1,2,3,4,5,6,7,8,9,10,11,12,13,14,15,16,18,19,23,29,30,31,32,33,34,35,43,44,45,46,47,48,49,50,51,52,53,54,55,56,57,58,59,60,61,62,63,64,65,125,127,172,193,194,195,196,197,198,199,200,201,202,203,204,205,206,591,753,754,755,756,757,758,759,811,812,813,814,937,
277;1;9349;9353;1;0,1,2,3,4,5,6,7,8,9,10,11,12,13,14,15,16,18,19,23,29,30,31,32,33,34,35,43,44,45,46,47,48,49,50,51,52,53,54,55,56,57,58,59,60,61,62,63,64,65,125,127,172,193,194,195,196,197,198,199,200,201,202,203,204,205,206,591,753,754,755,756,757,758,759,811,812,813,814,937,
511;0;9353;9430;1;0,1,2,3,4,5,6,7,8,9,10,11,12,13,14,23,29,30,31,32,33,34,43,44,45,46,47,48,49,50,51,52,53,54,55,56,57,58,59,60,61,62,63,64,65,125,126,127,128,129,172,193,194,195,196,197,198,199,200,201,202,203,204,205,591,687,689,753,754,755,756,757,758,759,811,812,813,814,937,1108,
720;0;9430;9476;1;0,1,2,3,4,5,6,7,8,9,10,11,12,13,14,23,29,30,31,32,33,34,43,44,45,46,47,48,49,50,51,52,53,54,55,56,57,58,59,60,61,62,63,64,65,125,126,127,128,129,172,193,194,195,196,197,198,199,200,201,202,203,204,205,591,687,689,753,754,755,756,757,758,759,811,812,813,814,937,1108,
991;0;9476;9522;1;0,1,2,3,4,5,6,7,8,9,10,11,12,13,14,23,29,30,31,32,33,34,43,44,45,46,47,48,49,50,51,52,53,54,55,56,57,58,59,60,61,62,63,64,65,125,126,127,128,129,172,193,194,195,196,197,198,199,200,201,202,203,204,205,591,687,689,753,754,755,756,757,758,759,811,812,813,814,937,1108,
143;0;9522;9536;1;0,1,2,3,4,5,6,7,8,9,10,11,12,13,14,23,29,30,31,32,33,34,43,44,45,46,47,48,49,50,51,52,53,54,55,56,57,58,59,60,61,62,63,64,65,125,126,127,128,129,172,193,194,195,196,197,198,199,200,201,202,203,204,205,591,687,689,753,754,755,756,757,758,759,811,812,813,814,937,1108,
689;0;9536;9541;0;0,1,2,3,4,5,6,7,8,9,10,11,12,13,14,23,29,30,31,32,33,34,43,44,45,46,47,48,49,50,51,52,53,54,55,56,57,58,59,60,61,62,63,64,65,125,126,127,128,129,172,193,194,195,196,197,198,199,200,201,202,203,204,205,591,687,689,753,754,755,756,757,758,759,811,812,813,814,937,1108,
689;1;9541;9635;0;0,1,2,3,4,5,6,7,8,9,10,11,12,13,14,23,29,30,31,32,33,34,43,44,45,46,47,48,49,50,51,52,53,54,55,56,57,58,59,60,61,62,63,64,65,125,126,127,128,129,172,193,194,195,196,197,198,199,200,201,202,203,204,205,591,687,689,753,754,755,756,757,758,759,811,812,813,814,937,1108,
440;0;9635;9655;1;0,1,2,3,4,5,6,7,8,9,10,11,12,13,14,23,29,30,31,32,33,34,43,44,45,46,47,48,49,50,51,52,53,54,55,56,57,58,59,60,61,62,63,64,65,125,126,127,128,129,172,193,194,195,196,197,198,199,200,201,202,203,204,205,591,687,689,753,754,755,756,757,758,759,811,812,813,814,937,1108,
721;0;9655;9675;1;0,1,2,3,4,5,6,7,8,9,10,11,12,13,14,23,29,30,31,32,33,34,43,44,45,46,47,48,49,50,51,52,53,54,55,56,57,58,59,60,61,62,63,64,65,125,126,127,128,129,172,193,194,195,196,197,198,199,200,201,202,203,204,205,591,687,689,753,754,755,756,757,758,759,811,812,813,814,937,1108,
681;0;9675;9719;1;0,1,2,3,4,5,6,7,8,9,10,11,12,13,14,23,29,30,31,32,33,34,43,44,45,46,47,48,49,50,51,52,53,54,55,56,57,58,59,60,61,62,63,64,65,125,126,127,128,129,172,193,194,195,196,197,198,199,200,201,202,203,204,205,591,687,689,753,754,755,756,757,758,759,811,812,813,814,937,1108,
708;0;9719;9725;0;0,1,2,3,4,5,6,7,8,9,10,11,12,13,14,23,29,30,31,32,33,34,43,44,45,46,47,48,49,50,51,52,53,54,55,56,57,58,59,60,61,62,63,64,65,125,126,127,128,129,172,193,194,195,196,197,198,199,200,201,202,203,204,205,591,687,689,753,754,755,756,757,758,759,811,812,813,814,937,1108,
827;0;9725;9751;1;0,1,2,3,4,5,6,7,8,9,10,11,12,13,14,23,29,30,31,32,33,34,43,44,45,46,47,48,49,50,51,52,53,54,55,56,57,58,59,60,61,62,63,64,65,125,126,127,128,129,172,193,194,195,196,197,198,199,200,201,202,203,204,205,591,687,689,753,754,755,756,757,758,759,811,812,813,814,937,1108,
827;1;9751;9863;1;0,1,2,3,4,5,6,7,8,9,10,11,12,13,14,23,29,30,31,32,33,34,43,44,45,46,47,48,49,50,51,52,53,54,55,56,57,58,59,60,61,62,63,64,65,125,126,127,128,129,172,193,194,195,196,197,198,199,200,201,202,203,204,205,591,687,689,753,754,755,756,757,758,759,811,812,813,814,937,1108,
427;0;9863;9912;1;0,1,2,3,4,5,6,7,8,9,10,11,12,13,14,23,29,30,31,32,33,34,43,44,45,46,47,48,49,50,51,52,53,54,55,56,57,58,59,60,61,62,63,64,65,125,126,127,128,129,172,193,194,195,196,197,198,199,200,201,202,203,204,205,591,687,689,753,754,755,756,757,758,759,811,812,813,814,937,1108,
427;1;9912;9953;1;0,1,2,3,4,5,6,7,8,9,10,11,12,13,14,23,29,30,31,32,33,34,43,44,45,46,47,48,49,50,51,52,53,54,55,56,57,58,59,60,61,62,63,64,65,125,126,127,128,129,172,193,194,195,196,197,198,199,200,201,202,203,204,205,591,687,689,753,754,755,756,757,758,759,811,812,813,814,937,1108,
791;0;9953;10051;1;0,1,2,3,4,5,6,7,8,9,10,11,12,13,14,23,29,30,31,32,33,34,43,44,45,46,47,48,49,50,51,52,53,54,55,56,57,58,59,60,61,62,63,64,65,125,126,127,128,129,172,193,194,195,196,197,198,199,200,201,202,203,204,205,591,687,689,753,754,755,756,757,758,759,811,812,813,814,937,1108,
Machine: 3
334;0;0;18;1;0,5,6,8,9,15,16,17,18,19,20,21,22,23,24,25,26,27,28,29,30,31,33,70,130,131,132,133,134,135,136,137,138,139,140,141,142,143,144,145,146,147,148,149,160,166,167,173,206,218,271,440,473,474,476,479,484,485,530,686,705,882,883,884,885,886,887,888,1116,1201,1202,1203,1204,1205,1206,1207,1208,1209,1210,1211,
334;1;18;187;1;0,5,6,8,9,15,16,17,18,19,20,21,22,23,24,25,26,27,28,29,30,31,33,70,130,131,132,133,134,135,136,137,138,139,140,141,142,143,144,145,146,147,148,149,160,166,167,173,206,218,271,440,473,474,476,479,484,485,530,686,705,882,883,884,885,886,887,888,1116,1201,1202,1203,1204,1205,1206,1207,1208,1209,1210,1211,
932;0;187;317;0;0,5,6,8,9,15,16,17,18,19,20,21,22,23,24,25,26,27,28,29,30,31,33,70,130,131,132,133,134,135,136,137,138,139,140,141,142,143,144,145,146,147,148,149,160,166,167,173,206,218,271,440,473,474,476,479,484,485,530,686,705,882,883,884,885,886,887,888,1116,1201,1202,1203,1204,1205,1206,1207,1208,1209,1210,1211,
932;1;317;364;0;0,5,6,8,9,15,16,17,18,19,20,21,22,23,24,25,26,27,28,29,30,31,33,70,130,131,132,133,134,135,136,137,138,139,140,141,142,143,144,145,146,147,148,149,160,166,167,173,206,218,271,440,473,474,476,479,484,485,530,686,705,882,883,884,885,886,887,888,1116,1201,1202,1203,1204,1205,1206,1207,1208,1209,1210,1211,
390;0;364;428;1;0,5,6,8,9,15,16,17,18,19,20,21,22,23,24,25,26,27,28,29,30,31,33,70,130,131,132,133,134,135,136,137,138,139,140,141,142,143,144,145,146,147,148,149,160,166,167,173,206,218,271,440,473,474,476,479,484,485,530,686,705,882,883,884,885,886,887,888,1116,1201,1202,1203,1204,1205,1206,1207,1208,1209,1210,1211,
407;0;428;432;1;0,5,6,8,9,15,16,17,18,19,20,21,22,23,24,25,26,27,28,29,30,31,33,70,130,131,132,133,134,135,136,137,138,139,140,141,142,143,144,145,146,147,148,149,160,166,167,173,206,218,271,440,473,474,476,479,484,485,530,686,705,882,883,884,885,886,887,888,1116,1201,1202,1203,1204,1205,1206,1207,1208,1209,1210,1211,
407;1;432;564;1;0,5,6,8,9,15,16,17,18,19,20,21,22,23,24,25,26,27,28,29,30,31,33,70,130,131,132,133,134,135,136,137,138,139,140,141,142,143,144,145,146,147,148,149,160,166,167,173,206,218,271,440,473,474,476,479,484,485,530,686,705,882,883,884,885,886,887,888,1116,1201,1202,1203,1204,1205,1206,1207,1208,1209,1210,1211,
571;0;564;675;1;0,5,6,8,9,15,16,17,18,19,20,21,22,23,24,25,26,27,28,29,30,31,33,70,130,131,132,133,134,135,136,137,138,139,140,141,142,143,144,145,146,147,148,149,160,166,167,173,206,218,271,440,473,474,476,479,484,485,530,686,705,882,883,884,885,886,887,888,1116,1201,1202,1203,1204,1205,1206,1207,1208,1209,1210,1211,
119;0;675;755;0;0,5,6,8,9,15,16,17,18,19,20,21,22,23,24,25,26,27,28,29,30,31,32,33,34,35,49,52,55,56,66,67,68,69,70,125,130,131,132,133,134,135,136,137,138,139,140,141,142,143,144,145,146,147,148,149,160,166,167,173,203,206,218,271,440,476,479,595,596,826,827,828,829,830,831,832,833,834,835,1116,
119;1;755;900;0;0,5,6,8,9,15,16,17,18,19,20,21,22,23,24,25,26,27,28,29,30,31,32,33,34,35,49,52,55,56,66,67,68,69,70,125,130,131,132,133,134,135,136,137,138,139,140,141,142,143,144,145,146,147,148,149,160,166,167,173,203,206,218,271,440,476,479,595,596,826,827,828,829,830,831,832,833,834,835,1116,
134;0;900;1039;1;0,5,6,8,9,15,16,17,18,19,20,21,22,23,24,25,26,27,28,29,30,31,32,33,34,35,49,52,55,56,66,67,68,69,70,125,130,131,132,133,134,135,136,137,138,139,140,141,142,143,144,145,146,147,148,149,160,166,167,173,203,206,218,271,440,476,479,595,596,826,827,828,829,830,831,832,833,834,835,1116,
134;1;1039;1150;1;0,5,6,8,9,15,16,17,18,19,20,21,22,23,24,25,26,27,28,29,30,31,32,33,34,35,49,52,55,56,66,67,68,69,70,125,130,131,132,133,134,135,136,137,138,139,140,141,142,143,144,145,146,147,148,149,160,166,167,173,203,206,218,271,440,476,479,595,596,826,827,828,829,830,831,832,833,834,835,1116,
764;0;1150;1282;1;0,5,6,8,9,15,16,17,18,19,20,21,22,23,24,25,26,27,28,29,30,31,32,33,34,35,49,52,55,56,66,67,68,69,70,125,130,131,132,133,134,135,136,137,138,139,140,141,142,143,144,145,146,147,148,149,160,166,167,173,203,206,218,271,440,476,479,595,596,826,827,828,829,830,831,832,833,834,835,1116,
764;1;1282;1290;1;0,5,6,8,9,15,16,17,18,19,20,21,22,23,24,25,26,27,28,29,30,31,32,33,34,35,49,52,55,56,66,67,68,69,70,125,130,131,132,133,134,135,136,137,138,139,140,141,142,143,144,145,146,147,148,149,160,166,167,173,203,206,218,271,440,476,479,595,596,826,827,828,829,830,831,832,833,834,835,1116,
213;0;1290;1326;1;0,5,6,8,9,15,16,17,18,19,20,21,22,23,24,25,26,27,28,29,30,31,32,33,34,35,49,52,55,56,66,67,68,69,70,125,130,131,132,133,134,135,136,137,138,139,140,141,142,143,144,145,146,147,148,149,160,166,167,173,203,206,218,271,440,476,479,595,596,826,827,828,829,830,831,832,833,834,835,1116,
851;0;1326;1373;1;0,5,6,8,9,15,16,17,18,19,20,21,22,23,24,25,26,27,28,29,30,31,32,33,34,35,49,52,55,56,66,67,68,69,70,125,130,131,132,133,134,135,136,137,138,139,140,141,142,143,144,145,146,147,148,149,160,166,167,173,203,206,218,271,440,476,479,595,596,826,827,828,829,830,831,832,833,834,835,1116,
613;0;1373;1471;1;0,5,6,8,9,15,16,17,18,19,20,21,22,23,24,25,26,27,28,29,30,31,32,33,34,35,49,52,55,56,66,67,68,69,70,125,130,131,132,133,134,135,136,137,138,139,140,141,142,143,144,145,146,147,148,149,160,166,167,173,203,206,218,271,440,476,479,595,596,826,827,828,829,830,831,832,833,834,835,1116,
173;0;1471;1531;1;0,5,6,8,9,15,16,17,18,19,20,21,22,23,24,25,26,27,28,29,30,31,32,33,34,35,49,52,55,56,66,67,68,69,70,125,130,131,132,133,134,135,136,137,138,139,140,141,142,143,144,145,146,147,148,149,160,166,167,173,203,206,218,271,440,476,479,595,596,826,827,828,829,830,831,832,833,834,835,1116,
383;0;1531;1642;1;0,5,6,8,9,15,16,17,18,19,20,21,22,23,24,25,26,27,28,29,30,31,32,33,34,35,49,52,55,56,66,67,68,69,70,125,130,131,132,133,134,135,136,137,138,139,140,141,142,143,144,145,146,147,148,149,160,166,167,173,203,206,218,271,440,476,479,595,596,826,827,828,829,830,831,832,833,834,835,1116,
271;0;1642;1691;1;0,5,6,8,9,15,16,17,18,19,20,21,22,23,24,25,26,27,28,29,30,31,32,33,34,35,49,52,55,56,66,67,68,69,70,125,130,131,132,133,134,135,136,137,138,139,140,141,142,143,144,145,146,147,148,149,160,166,167,173,203,206,218,271,440,476,479,595,596,826,827,828,829,830,831,832,833,834,835,1116,
423;0;1691;1860;1;0,5,6,8,9,15,16,17,18,19,20,21,22,23,24,25,26,27,28,29,30,31,32,33,34,35,49,52,55,56,66,67,68,69,70,125,130,131,132,133,134,135,136,137,138,139,140,141,142,143,144,145,146,147,148,149,160,166,167,173,203,206,218,271,440,476,479,595,596,826,827,828,829,830,831,832,833,834,835,1116,
127;0;1860;2030;1;0,5,6,8,9,15,16,17,18,19,20,21,22,23,24,25,26,27,28,29,30,31,32,33,34,35,49,52,55,56,66,67,68,69,70,125,130,131,132,133,134,135,136,137,138,139,140,141,142,143,144,145,146,147,148,149,160,166,167,173,203,206,218,271,440,476,479,595,596,826,827,828,829,830,831,832,833,834,835,1116,
127;1;2030;2110;1;0,5,6,8,9,15,16,17,18,19,20,21,22,23,24,25,26,27,28,29,30,31,32,33,34,35,49,52,55,56,66,67,68,69,70,125,130,131,132,133,134,135,136,137,138,139,140,141,142,143,144,145,146,147,148,149,160,166,167,173,203,206,218,271,440,476,479,595,596,826,827,828,829,830,831,832,833,834,835,1116,
14;0;2110;2250;1;0,1,2,3,4,5,6,7,8,9,29,30,31,32,33,34,35,43,44,45,46,47,48,49,50,51,52,53,54,55,56,57,58,59,60,61,62,63,64,65,125,127,132,133,135,136,167,172,175,176,177,189,193,196,348,440,519,521,522,523,570,815,817,849,1143,1144,1145,1146,1147,1148,1149,1150,1151,1244,1245,1282,1283,1284,1285,1286,
14;1;2250;2340;1;0,1,2,3,4,5,6,7,8,9,29,30,31,32,33,34,35,43,44,45,46,47,48,49,50,51,52,53,54,55,56,57,58,59,60,61,62,63,64,65,125,127,132,133,135,136,167,172,175,176,177,189,193,196,348,440,519,521,522,523,570,815,817,849,1143,1144,1145,1146,1147,1148,1149,1150,1151,1244,1245,1282,1283,1284,1285,1286,
369;0;2340;2500;0;0,1,2,3,4,5,6,7,8,9,29,30,31,32,33,34,35,43,44,45,46,47,48,49,50,51,52,53,54,55,56,57,58,59,60,61,62,63,64,65,125,127,132,133,135,136,167,172,175,176,177,189,193,196,348,440,519,521,522,523,570,815,817,849,1143,1144,1145,1146,1147,1148,1149,1150,1151,1244,1245,1282,1283,1284,1285,1286,
369;1;2500;2506;0;0,1,2,3,4,5,6,7,8,9,29,30,31,32,33,34,35,43,44,45,46,47,48,49,50,51,52,53,54,55,56,57,58,59,60,61,62,63,64,65,125,127,132,133,135,136,167,172,175,176,177,189,193,196,348,440,519,521,522,523,570,815,817,849,1143,1144,1145,1146,1147,1148,1149,1150,1151,1244,1245,1282,1283,1284,1285,1286,
950;0;2506;2520;1;0,1,2,3,4,5,6,7,8,9,29,30,31,32,33,34,35,43,44,45,46,47,48,49,50,51,52,53,54,55,56,57,58,59,60,61,62,63,64,65,125,127,132,133,135,136,167,172,175,176,177,189,193,196,348,440,519,521,522,523,570,815,817,849,1143,1144,1145,1146,1147,1148,1149,1150,1151,1244,1245,1282,1283,1284,1285,1286,
360;0;2520;2524;1;0,1,2,3,4,5,6,7,8,9,29,30,31,32,33,34,35,43,44,45,46,47,48,49,50,51,52,53,54,55,56,57,58,59,60,61,62,63,64,65,125,127,132,133,135,136,167,172,175,176,177,189,193,196,348,440,519,521,522,523,570,815,817,849,1143,1144,1145,1146,1147,1148,1149,1150,1151,1244,1245,1282,1283,1284,1285,1286,
759;0;2524;2538;0;0,1,2,3,4,5,6,7,8,9,29,30,31,32,33,34,35,43,44,45,46,47,48,49,50,51,52,53,54,55,56,57,58,59,60,61,62,63,64,65,125,127,132,133,135,136,167,172,175,176,177,189,193,196,348,440,519,521,522,523,570,815,817,849,1143,1144,1145,1146,1147,1148,1149,1150,1151,1244,1245,1282,1283,1284,1285,1286,
759;1;2538;2567;0;0,1,2,3,4,5,6,7,8,9,29,30,31,32,33,34,35,43,44,45,46,47,48,49,50,51,52,53,54,55,56,57,58,59,60,61,62,63,64,65,125,127,132,133,135,136,167,172,175,176,177,189,193,196,348,440,519,521,522,523,570,815,817,849,1143,1144,1145,1146,1147,1148,1149,1150,1151,1244,1245,1282,1283,1284,1285,1286,
453;0;2567;2717;1;0,1,2,3,4,5,6,7,8,9,29,30,31,32,33,34,35,43,44,45,46,47,48,49,50,51,52,53,54,55,56,57,58,59,60,61,62,63,64,65,125,127,132,133,135,136,167,172,175,176,177,189,193,196,348,440,519,521,522,523,570,815,817,849,1143,1144,1145,1146,1147,1148,1149,1150,1151,1244,1245,1282,1283,1284,1285,1286,
477;0;2717;2766;1;0,1,2,3,4,5,6,7,8,9,29,30,31,32,33,34,35,43,44,45,46,47,48,49,50,51,52,53,54,55,56,57,58,59,60,61,62,63,64,65,125,127,132,133,135,136,167,172,175,176,177,189,193,196,348,440,519,521,522,523,570,815,817,849,1143,1144,1145,1146,1147,1148,1149,1150,1151,1244,1245,1282,1283,1284,1285,1286,
477;1;2766;2923;1;0,1,2,3,4,5,6,7,8,9,29,30,31,32,33,34,35,43,44,45,46,47,48,49,50,51,52,53,54,55,56,57,58,59,60,61,62,63,64,65,125,127,132,133,135,136,167,172,175,176,177,189,193,196,348,440,519,521,522,523,570,815,817,849,1143,1144,1145,1146,1147,1148,1149,1150,1151,1244,1245,1282,1283,1284,1285,1286,
262;0;2923;3004;0;0,1,2,3,4,5,6,7,8,9,29,30,31,32,33,34,35,43,44,45,46,47,48,49,50,51,52,53,54,55,56,57,58,59,60,61,62,63,64,65,125,127,132,133,135,136,167,172,175,176,177,189,193,196,348,440,519,521,522,523,570,815,817,849,1143,1144,1145,1146,1147,1148,1149,1150,1151,1244,1245,1282,1283,1284,1285,1286,
262;1;3004;3155;0;0,1,2,3,4,5,6,7,8,9,29,30,31,32,33,34,35,43,44,45,46,47,48,49,50,51,52,53,54,55,56,57,58,59,60,61,62,63,64,65,125,127,132,133,135,136,167,172,175,176,177,189,193,196,348,440,519,521,522,523,570,815,817,849,1143,1144,1145,1146,1147,1148,1149,1150,1151,1244,1245,1282,1283,1284,1285,1286,
831;0;3155;3201;1;0,1,2,3,4,5,6,7,8,9,29,30,31,32,33,34,35,43,44,45,46,47,48,49,50,51,52,53,54,55,56,57,58,59,60,61,62,63,64,65,78,125,127,132,133,135,136,167,172,175,176,177,189,193,196,348,440,519,521,522,523,570,815,817,849,1097,1098,1099,1143,1144,1145,1146,1147,1148,1149,1150,1151,1244,1245,1282,
17;0;3201;3235;1;0,1,2,3,4,5,6,7,8,9,29,30,31,32,33,34,35,43,44,45,46,47,48,49,50,51,52,53,54,55,56,57,59,60,64,125,127,132,133,135,136,146,155,158,159,167,193,196,206,207,208,209,210,211,212,213,214,215,216,217,218,219,220,221,222,223,224,225,226,227,228,229,230,231,232,233,234,235,236,440,
17;1;3235;3269;1;0,1,2,3,4,5,6,7,8,9,29,30,31,32,33,34,35,43,44,45,46,47,48,49,50,51,52,53,54,55,56,57,59,60,64,125,127,132,133,135,136,146,155,158,159,167,193,196,206,207,208,209,210,211,212,213,214,215,216,217,218,219,220,221,222,223,224,225,226,227,228,229,230,231,232,233,234,235,236,440,
763;0;3269;3294;1;0,2,5,6,7,8,9,29,30,31,32,33,34,35,45,47,51,56,59,125,196,426,554,921,938,1016,1017,1018,1019,1020,1021,1022,1023,1024,1025,1026,1027,1028,1029,1030,1031,1032,1033,1034,1035,1036,1037,1038,1039,1040,1041,1042,1043,1044,1045,1046,1047,1048,1049,1050,1051,1052,1053,1054,1055,1056,1057,1058,1059,1060,1061,1062,1063,1064,1065,1066,1067,1068,1069,1070,
267;0;3294;3330;1;0,2,5,6,7,8,9,29,30,31,32,33,34,35,45,47,51,56,59,125,196,426,554,921,938,1016,1017,1018,1019,1020,1021,1022,1023,1024,1025,1026,1027,1028,1029,1030,1031,1032,1033,1034,1035,1036,1037,1038,1039,1040,1041,1042,1043,1044,1045,1046,1047,1048,1049,1050,1051,1052,1053,1054,1055,1056,1057,1058,1059,1060,1061,1062,1063,1064,1065,1066,1067,1068,1069,1070,
267;1;3330;3355;1;0,2,5,6,7,8,9,29,30,31,32,33,34,35,45,47,51,56,59,125,196,426,554,921,938,1016,1017,1018,1019,1020,1021,1022,1023,1024,1025,1026,1027,1028,1029,1030,1031,1032,1033,1034,1035,1036,1037,1038,1039,1040,1041,1042,1043,1044,1045,1046,1047,1048,1049,1050,1051,1052,1053,1054,1055,1056,1057,1058,1059,1060,1061,1062,1063,1064,1065,1066,1067,1068,1069,1070,
293;0;3355;3515;1;0,2,5,6,7,8,9,15,16,17,18,19,29,30,31,32,33,34,35,45,47,51,56,59,125,196,426,554,921,938,1016,1017,1018,1019,1020,1021,1022,1023,1024,1025,1026,1027,1028,1029,1030,1031,1032,1033,1034,1035,1036,1037,1038,1039,1040,1041,1042,1043,1044,1045,1046,1047,1048,1049,1050,1051,1052,1053,1054,1055,1056,1057,1058,1059,1060,1061,1062,1063,1064,1065,
449;0;3515;3604;0;0,2,5,6,7,8,9,15,16,17,18,19,20,21,22,23,24,25,26,27,28,29,30,31,32,33,34,35,41,45,47,51,56,59,66,67,68,69,70,125,165,196,249,264,267,274,330,332,333,334,409,411,412,426,531,534,535,536,537,539,554,562,575,651,722,723,822,892,921,938,1016,1017,1064,1078,1163,1164,1165,1241,1242,1243,
449;1;3604;3651;0;0,2,5,6,7,8,9,15,16,17,18,19,20,21,22,23,24,25,26,27,28,29,30,31,32,33,34,35,41,45,47,51,56,59,66,67,68,69,70,125,165,196,249,264,267,274,330,332,333,334,409,411,412,426,531,534,535,536,537,539,554,562,575,651,722,723,822,892,921,938,1016,1017,1064,1078,1163,1164,1165,1241,1242,1243,
284;0;3651;3752;1;0,2,5,6,7,8,9,15,16,17,18,19,20,21,22,23,24,25,26,27,28,29,30,31,32,33,34,35,41,45,47,51,56,59,66,67,68,69,70,125,165,196,249,264,267,274,330,332,333,334,409,411,412,426,531,534,535,536,537,539,554,562,575,651,722,723,822,892,921,938,1016,1017,1064,1078,1163,1164,1165,1241,1242,1243,
284;1;3752;3786;1;0,2,5,6,7,8,9,15,16,17,18,19,20,21,22,23,24,25,26,27,28,29,30,31,32,33,34,35,41,45,47,51,56,59,66,67,68,69,70,125,165,196,249,264,267,274,330,332,333,334,409,411,412,426,531,534,535,536,537,539,554,562,575,651,722,723,822,892,921,938,1016,1017,1064,1078,1163,1164,1165,1241,1242,1243,
840;0;3786;3861;1;0,2,5,6,7,8,9,15,16,17,18,19,20,21,22,23,24,25,26,27,28,29,30,31,32,33,34,35,41,45,47,51,56,59,66,67,68,69,70,125,165,196,249,264,267,274,330,332,333,334,409,411,412,426,531,534,535,536,537,539,554,562,575,651,722,723,822,892,921,938,1016,1017,1064,1078,1163,1164,1165,1241,1242,1243,
654;0;3861;3929;1;0,2,5,6,7,8,9,15,16,17,18,19,20,21,22,23,24,25,26,27,28,29,30,31,32,33,34,35,41,45,47,51,56,59,66,67,68,69,70,125,165,196,249,264,267,274,330,332,333,334,409,411,412,426,531,534,535,536,537,539,554,562,575,651,722,723,822,892,921,938,1016,1017,1064,1078,1163,1164,1165,1241,1242,1243,
654;1;3929;3982;1;0,2,5,6,7,8,9,15,16,17,18,19,20,21,22,23,24,25,26,27,28,29,30,31,32,33,34,35,41,45,47,51,56,59,66,67,68,69,70,125,165,196,249,264,267,274,330,332,333,334,409,411,412,426,531,534,535,536,537,539,554,562,575,651,722,723,822,892,921,938,1016,1017,1064,1078,1163,1164,1165,1241,1242,1243,
842;0;3982;4100;0;0,2,5,6,7,8,9,15,16,17,18,19,20,21,22,23,24,25,26,27,28,29,30,31,32,33,34,35,41,45,47,51,56,59,66,67,68,69,70,125,165,196,249,264,267,274,330,332,333,334,409,411,412,426,531,534,535,536,537,539,554,562,575,651,722,723,822,892,921,938,1016,1017,1064,1078,1163,1164,1165,1241,1242,1243,
842;1;4100;4140;0;0,2,5,6,7,8,9,15,16,17,18,19,20,21,22,23,24,25,26,27,28,29,30,31,32,33,34,35,41,45,47,51,56,59,66,67,68,69,70,125,165,196,249,264,267,274,330,332,333,334,409,411,412,426,531,534,535,536,537,539,554,562,575,651,722,723,822,892,921,938,1016,1017,1064,1078,1163,1164,1165,1241,1242,1243,
514;0;4140;4288;1;0,2,5,6,7,8,9,15,16,17,18,19,20,21,22,23,24,25,26,27,28,29,30,31,32,33,34,35,41,45,47,51,56,59,66,67,68,69,70,125,165,196,249,264,267,274,330,332,333,334,409,411,412,426,531,534,535,536,537,539,554,562,575,651,722,723,822,892,921,938,1016,1017,1064,1078,1163,1164,1165,1241,1242,1243,
514;1;4288;4363;1;0,2,5,6,7,8,9,15,16,17,18,19,20,21,22,23,24,25,26,27,28,29,30,31,32,33,34,35,41,45,47,51,56,59,66,67,68,69,70,125,165,196,249,264,267,274,330,332,333,334,409,411,412,426,531,534,535,536,537,539,554,562,575,651,722,723,822,892,921,938,1016,1017,1064,1078,1163,1164,1165,1241,1242,1243,
923;0;4363;4534;1;0,2,5,6,7,8,9,15,16,17,18,19,20,21,22,23,24,25,26,27,28,29,30,31,32,33,34,35,41,45,47,51,56,59,66,67,68,69,70,125,165,196,249,264,267,274,330,332,333,334,409,411,412,426,531,534,535,536,537,539,554,562,575,651,722,723,822,892,921,938,1016,1017,1064,1078,1163,1164,1165,1241,1242,1243,
515;0;4534;4539;0;0,2,5,6,7,8,9,15,16,17,18,19,20,21,22,23,24,25,26,27,28,29,30,31,32,33,34,35,41,45,47,51,56,59,66,67,68,69,70,125,165,196,249,264,267,274,330,332,333,334,409,411,412,426,531,534,535,536,537,539,554,562,575,651,722,723,822,892,921,938,1016,1017,1064,1078,1163,1164,1165,1241,1242,1243,
494;0;4539;4543;1;0,2,5,6,7,8,9,15,16,17,18,19,20,21,22,23,24,25,26,27,28,29,30,31,32,33,34,35,41,45,47,51,56,59,66,67,68,69,70,125,165,196,249,264,267,274,330,332,333,334,409,411,412,426,531,534,535,536,537,539,554,562,575,651,722,723,822,892,921,938,1016,1017,1064,1078,1163,1164,1165,1241,1242,1243,
494;1;4543;4669;1;0,2,5,6,7,8,9,15,16,17,18,19,20,21,22,23,24,25,26,27,28,29,30,31,32,33,34,35,41,45,47,51,56,59,66,67,68,69,70,125,165,196,249,264,267,274,330,332,333,334,409,411,412,426,531,534,535,536,537,539,554,562,575,651,722,723,822,892,921,938,1016,1017,1064,1078,1163,1164,1165,1241,1242,1243,
884;0;4669;4800;1;0,2,5,6,7,8,9,15,16,17,18,19,20,21,22,23,24,25,26,27,28,29,30,31,32,33,34,35,41,45,47,51,56,59,66,67,68,69,70,125,165,196,249,264,267,274,330,332,333,334,409,411,412,426,531,534,535,536,537,539,554,562,575,651,722,723,822,892,921,938,1016,1017,1064,1078,1163,1164,1165,1241,1242,1243,
884;1;4800;4847;1;0,2,5,6,7,8,9,15,16,17,18,19,20,21,22,23,24,25,26,27,28,29,30,31,32,33,34,35,41,45,47,51,56,59,66,67,68,69,70,125,165,196,249,264,267,274,330,332,333,334,409,411,412,426,531,534,535,536,537,539,554,562,575,651,722,723,822,892,921,938,1016,1017,1064,1078,1163,1164,1165,1241,1242,1243,
107;0;4847;4906;1;0,2,5,6,7,8,9,15,16,17,18,19,20,21,22,23,24,25,26,27,28,29,30,31,32,33,34,35,41,45,47,51,56,59,66,67,68,69,70,125,165,196,249,264,267,274,330,332,333,334,409,411,412,426,531,534,535,536,537,539,554,562,575,651,722,723,822,892,921,938,1016,1017,1064,1078,1163,1164,1165,1241,1242,1243,
107;1;4906;5016;1;0,2,5,6,7,8,9,15,16,17,18,19,20,21,22,23,24,25,26,27,28,29,30,31,32,33,34,35,41,45,47,51,56,59,66,67,68,69,70,125,165,196,249,264,267,274,330,332,333,334,409,411,412,426,531,534,535,536,537,539,554,562,575,651,722,723,822,892,921,938,1016,1017,1064,1078,1163,1164,1165,1241,1242,1243,
281;0;5016;5091;1;0,2,7,8,15,16,17,18,19,20,21,22,23,24,25,26,27,28,29,30,31,32,33,34,35,47,48,52,54,56,66,67,68,69,70,125,126,127,128,129,130,193,196,200,208,219,264,265,267,270,274,330,332,333,334,336,337,338,339,395,411,531,534,535,536,561,562,649,651,685,716,717,728,729,737,798,822,823,1071,1072,
94;0;5091;5192;1;0,2,7,8,15,16,17,18,19,20,21,22,23,24,25,26,27,28,29,30,31,32,33,34,35,47,48,52,54,56,66,67,68,69,70,125,126,127,128,129,130,193,196,200,208,219,264,265,267,270,274,330,332,333,334,336,337,338,339,395,411,531,534,535,536,561,562,649,651,685,716,717,728,729,737,798,822,823,1071,1072,
94;1;5192;5265;1;0,2,7,8,15,16,17,18,19,20,21,22,23,24,25,26,27,28,29,30,31,32,33,34,35,47,48,52,54,56,66,67,68,69,70,125,126,127,128,129,130,193,196,200,208,219,264,265,267,270,274,330,332,333,334,336,337,338,339,395,411,531,534,535,536,561,562,649,651,685,716,717,728,729,737,798,822,823,1071,1072,
209;0;5265;5316;0;0,2,7,8,15,16,17,18,19,20,21,22,23,24,25,26,27,28,29,30,31,32,33,34,35,47,48,52,54,56,66,67,68,69,70,125,126,127,128,129,130,193,196,200,208,219,264,265,267,270,274,330,332,333,334,336,337,338,339,395,411,531,534,535,536,561,562,649,651,685,716,717,728,729,737,798,822,823,1071,1072,
209;1;5316;5490;0;0,2,7,8,15,16,17,18,19,20,21,22,23,24,25,26,27,28,29,30,31,32,33,34,35,47,48,52,54,56,66,67,68,69,70,125,126,127,128,129,130,193,196,200,208,219,264,265,267,270,274,330,332,333,334,336,337,338,339,395,411,531,534,535,536,561,562,649,651,685,716,717,728,729,737,798,822,823,1071,1072,
374;0;5490;5626;1;0,2,7,8,15,16,17,18,19,20,21,22,23,24,25,26,27,28,29,30,31,32,33,34,35,47,48,52,54,56,66,67,68,69,70,125,126,127,128,129,130,193,196,200,208,219,264,265,267,270,274,330,332,333,334,336,337,338,339,395,411,531,534,535,536,561,562,649,651,685,716,717,728,729,737,798,822,823,1071,1072,
374;1;5626;5786;1;0,2,7,8,15,16,17,18,19,20,21,22,23,24,25,26,27,28,29,30,31,32,33,34,35,47,48,52,54,56,66,67,68,69,70,125,126,127,128,129,130,193,196,200,208,219,264,265,267,270,274,330,332,333,334,336,337,338,339,395,411,531,534,535,536,561,562,649,651,685,716,717,728,729,737,798,822,823,1071,1072,
260;0;5786;5859;1;0,2,7,8,15,16,17,18,19,20,21,22,23,24,25,26,27,28,29,30,31,32,33,34,35,47,48,52,54,56,66,67,68,69,70,125,126,127,128,129,130,193,196,200,208,219,264,265,267,270,274,330,332,333,334,336,337,338,339,395,411,531,534,535,536,561,562,649,651,685,716,717,728,729,737,798,822,823,1071,1072,
141;0;5859;5940;1;0,2,7,8,15,16,17,18,19,20,21,22,23,24,25,26,27,28,29,30,31,32,33,34,35,47,48,52,54,56,66,67,68,69,70,125,126,127,128,129,130,193,196,200,208,219,264,265,267,270,274,330,332,333,334,336,337,338,339,395,411,531,534,535,536,561,562,649,651,685,716,717,728,729,737,798,822,823,1071,1072,
149;0;5940;5986;0;0,2,7,8,15,16,17,18,19,20,21,22,23,24,25,26,27,28,29,30,31,32,33,34,35,47,48,52,54,56,66,67,68,69,70,125,126,127,128,129,130,193,196,200,208,219,264,265,267,270,274,330,332,333,334,336,337,338,339,395,411,531,534,535,536,561,562,649,651,685,716,717,728,729,737,798,822,823,1071,1072,
149;1;5986;6041;0;0,2,7,8,15,16,17,18,19,20,21,22,23,24,25,26,27,28,29,30,31,32,33,34,35,47,48,52,54,56,66,67,68,69,70,125,126,127,128,129,130,193,196,200,208,219,264,265,267,270,274,330,332,333,334,336,337,338,339,395,411,531,534,535,536,561,562,649,651,685,716,717,728,729,737,798,822,823,1071,1072,
324;0;6041;6068;1;0,2,7,8,15,16,17,18,19,20,21,22,23,24,25,26,27,28,29,30,31,32,33,34,35,47,48,52,54,56,66,67,68,69,70,125,126,127,128,129,130,193,196,200,208,219,264,265,267,270,274,330,332,333,334,336,337,338,339,395,411,531,534,535,536,561,562,649,651,685,716,717,728,729,737,798,822,823,1071,1072,
324;1;6068;6143;1;0,2,7,8,15,16,17,18,19,20,21,22,23,24,25,26,27,28,29,30,31,32,33,34,35,47,48,52,54,56,66,67,68,69,70,125,126,127,128,129,130,193,196,200,208,219,264,265,267,270,274,330,332,333,334,336,337,338,339,395,411,531,534,535,536,561,562,649,651,685,716,717,728,729,737,798,822,823,1071,1072,
680;0;6143;6209;1;0,2,7,8,15,16,17,18,19,20,21,22,23,24,25,26,27,28,29,30,31,32,33,34,35,47,48,52,54,56,66,67,68,69,70,125,126,127,128,129,130,193,196,200,208,219,264,265,267,270,274,330,332,333,334,336,337,338,339,395,411,531,534,535,536,561,562,649,651,685,716,717,728,729,737,798,822,823,1071,1072,
3;0;6209;6258;1;0,2,7,8,15,16,17,18,19,20,21,22,23,24,25,26,27,28,29,30,31,32,33,34,35,47,48,52,54,56,66,67,68,69,70,125,126,127,128,129,130,193,196,200,208,219,264,265,267,270,274,330,332,333,334,336,337,338,339,395,411,531,534,535,536,561,562,649,651,685,716,717,728,729,737,798,822,823,1071,1072,
177;0;6258;6262;1;0,2,7,8,15,16,17,18,19,20,21,22,23,24,25,27,28,29,30,31,32,33,34,35,47,48,52,54,56,66,67,68,69,70,125,126,127,128,129,130,133,208,264,265,266,267,270,271,274,275,330,332,333,334,336,337,338,394,395,411,531,534,535,536,558,562,649,650,651,652,653,654,655,656,657,658,659,728,729,737,
177;1;6262;6297;1;0,2,7,8,15,16,17,18,19,20,21,22,23,24,25,27,28,29,30,31,32,33,34,35,47,48,52,54,56,66,67,68,69,70,125,126,127,128,129,130,133,208,264,265,266,267,270,271,274,275,330,332,333,334,336,337,338,394,395,411,531,534,535,536,558,562,649,650,651,652,653,654,655,656,657,658,659,728,729,737,
787;0;6297;6301;1;0,2,7,8,15,16,17,18,19,20,21,22,23,24,25,27,28,29,30,31,32,33,34,35,47,48,52,54,56,66,67,68,69,70,125,126,127,128,129,130,133,208,264,265,266,267,270,271,274,275,330,332,333,334,336,337,338,394,395,411,531,534,535,536,558,562,649,650,651,652,653,654,655,656,657,658,659,728,729,737,
787;1;6301;6472;1;0,2,7,8,15,16,17,18,19,20,21,22,23,24,25,27,28,29,30,31,32,33,34,35,47,48,52,54,56,66,67,68,69,70,125,126,127,128,129,130,133,208,264,265,266,267,270,271,274,275,330,332,333,334,336,337,338,394,395,411,531,534,535,536,558,562,649,650,651,652,653,654,655,656,657,658,659,728,729,737,
517;0;6472;6603;1;0,8,15,16,17,18,19,20,21,22,23,24,25,28,29,30,31,32,33,34,35,66,67,68,69,70,130,133,140,154,155,156,157,158,159,160,161,162,163,164,208,263,264,265,266,267,270,271,274,275,330,331,332,333,334,336,337,338,394,395,411,531,534,535,536,558,562,649,650,651,652,653,654,655,656,657,658,659,728,729,
517;1;6603;6663;1;0,8,15,16,17,18,19,20,21,22,23,24,25,28,29,30,31,32,33,34,35,66,67,68,69,70,130,133,140,154,155,156,157,158,159,160,161,162,163,164,208,263,264,265,266,267,270,271,274,275,330,331,332,333,334,336,337,338,394,395,411,531,534,535,536,558,562,649,650,651,652,653,654,655,656,657,658,659,728,729,
474;0;6663;6707;1;0,8,15,16,17,18,19,20,21,22,23,24,25,28,29,30,31,32,33,34,35,66,67,68,69,70,130,133,140,154,155,156,157,158,159,160,161,162,163,164,208,263,264,265,266,267,270,271,274,275,330,331,332,333,334,336,337,338,394,395,411,531,534,535,536,558,562,649,650,651,652,653,654,655,656,657,658,659,728,729,
474;1;6707;6758;1;0,8,15,16,17,18,19,20,21,22,23,24,25,28,29,30,31,32,33,34,35,66,67,68,69,70,130,133,140,154,155,156,157,158,159,160,161,162,163,164,208,263,264,265,266,267,270,271,274,275,330,331,332,333,334,336,337,338,394,395,411,531,534,535,536,558,562,649,650,651,652,653,654,655,656,657,658,659,728,729,
564;0;6758;6902;1;0,8,15,16,17,18,19,20,21,22,23,24,25,28,29,30,31,32,33,34,35,66,67,68,69,70,130,133,140,154,155,156,157,158,159,160,161,162,163,164,208,263,264,265,266,267,270,271,274,275,330,331,332,333,334,336,337,338,394,395,411,531,534,535,536,558,562,649,650,651,652,653,654,655,656,657,658,659,728,729,
564;1;6902;6982;1;0,8,15,16,17,18,19,20,21,22,23,24,25,28,29,30,31,32,33,34,35,66,67,68,69,70,130,133,140,154,155,156,157,158,159,160,161,162,163,164,208,263,264,265,266,267,270,271,274,275,330,331,332,333,334,336,337,338,394,395,411,531,534,535,536,558,562,649,650,651,652,653,654,655,656,657,658,659,728,729,
504;0;6982;7129;1;0,8,15,16,17,18,19,20,21,22,23,24,25,28,29,30,31,32,33,34,35,66,67,68,69,70,130,133,140,154,155,156,157,158,159,160,161,162,163,164,208,263,264,265,266,267,270,271,274,275,330,331,332,333,334,336,337,338,394,395,411,531,534,535,536,558,562,649,650,651,652,653,654,655,656,657,658,659,728,729,
504;1;7129;7178;1;0,8,15,16,17,18,19,20,21,22,23,24,25,28,29,30,31,32,33,34,35,66,67,68,69,70,130,133,140,154,155,156,157,158,159,160,161,162,163,164,208,263,264,265,266,267,270,271,274,275,330,331,332,333,334,336,337,338,394,395,411,531,534,535,536,558,562,649,650,651,652,653,654,655,656,657,658,659,728,729,
773;0;7178;7233;1;0,8,15,16,17,18,19,20,21,22,23,24,25,28,29,30,31,32,33,34,35,66,67,68,69,70,130,133,140,154,155,156,157,158,159,160,161,162,163,164,208,263,264,265,266,267,270,271,274,275,330,331,332,333,334,336,337,338,394,395,411,531,534,535,536,558,562,649,650,651,652,653,654,655,656,657,658,659,728,729,
893;0;7233;7238;1;0,8,15,16,17,18,19,20,21,22,23,24,25,28,29,30,31,32,33,34,35,66,67,68,69,70,130,133,140,154,155,156,157,158,159,160,161,162,163,164,208,263,264,265,266,267,270,271,274,275,330,331,332,333,334,336,337,338,394,395,411,531,534,535,536,558,562,649,650,651,652,653,654,655,656,657,658,659,728,729,
364;0;7238;7335;1;0,8,15,16,17,18,19,20,21,22,23,24,25,28,29,30,31,32,33,34,35,66,67,68,69,70,130,133,140,154,155,156,157,158,159,160,161,162,163,164,208,263,264,265,266,267,270,271,274,275,330,331,332,333,334,336,337,338,394,395,411,531,534,535,536,558,562,649,650,651,652,653,654,655,656,657,658,659,728,729,
364;1;7335;7370;1;0,8,15,16,17,18,19,20,21,22,23,24,25,28,29,30,31,32,33,34,35,66,67,68,69,70,130,133,140,154,155,156,157,158,159,160,161,162,163,164,208,263,264,265,266,267,270,271,274,275,330,331,332,333,334,336,337,338,394,395,411,531,534,535,536,558,562,649,650,651,652,653,654,655,656,657,658,659,728,729,
954;0;7370;7448;1;0,8,15,16,17,18,19,20,21,22,23,24,25,28,29,30,31,32,33,34,35,66,67,68,69,70,130,133,140,154,155,156,157,158,159,160,161,162,163,164,208,263,264,265,266,267,270,271,274,275,330,331,332,333,334,336,337,338,394,395,411,531,534,535,536,558,562,649,650,651,652,653,654,655,656,657,658,659,728,729,
954;1;7448;7508;1;0,8,15,16,17,18,19,20,21,22,23,24,25,28,29,30,31,32,33,34,35,66,67,68,69,70,130,133,140,154,155,156,157,158,159,160,161,162,163,164,208,263,264,265,266,267,270,271,274,275,330,331,332,333,334,336,337,338,394,395,411,531,534,535,536,558,562,649,650,651,652,653,654,655,656,657,658,659,728,729,
273;0;7508;7563;1;0,8,15,16,17,18,19,20,21,22,23,24,25,28,29,30,31,32,33,34,35,66,67,68,69,70,130,133,140,154,155,156,157,158,159,160,161,162,163,164,208,263,264,265,266,267,270,271,274,275,330,331,332,333,334,336,337,338,394,395,411,531,534,535,536,558,562,649,650,651,652,653,654,655,656,657,658,659,728,729,
874;0;7563;7593;1;0,8,15,16,17,18,19,20,21,22,23,24,25,28,29,30,31,32,33,34,35,66,67,68,69,70,130,133,140,154,155,156,157,158,159,160,161,162,163,164,208,263,264,265,266,267,270,271,274,275,330,331,332,333,334,336,337,338,394,395,411,531,534,535,536,558,562,649,650,651,652,653,654,655,656,657,658,659,728,729,
874;1;7593;7657;1;0,8,15,16,17,18,19,20,21,22,23,24,25,28,29,30,31,32,33,34,35,66,67,68,69,70,130,133,140,154,155,156,157,158,159,160,161,162,163,164,208,263,264,265,266,267,270,271,274,275,330,331,332,333,334,336,337,338,394,395,411,531,534,535,536,558,562,649,650,651,652,653,654,655,656,657,658,659,728,729,
857;0;7657;7671;1;0,8,15,16,17,18,19,20,21,22,23,24,25,28,29,30,31,32,33,34,35,66,67,68,69,70,130,133,140,154,155,156,157,158,159,160,161,162,163,164,208,263,264,265,266,267,270,271,274,275,330,331,332,333,334,336,337,338,394,395,411,531,534,535,536,558,562,649,650,651,652,653,654,655,656,657,658,659,728,729,
857;1;7671;7831;1;0,8,15,16,17,18,19,20,21,22,23,24,25,28,29,30,31,32,33,34,35,66,67,68,69,70,130,133,140,154,155,156,157,158,159,160,161,162,163,164,208,263,264,265,266,267,270,271,274,275,330,331,332,333,334,336,337,338,394,395,411,531,534,535,536,558,562,649,650,651,652,653,654,655,656,657,658,659,728,729,
70;0;7831;7907;1;0,8,15,16,17,18,19,20,21,22,23,24,25,28,29,30,31,32,33,34,66,67,68,69,70,130,133,140,154,155,156,157,158,159,160,161,162,163,164,208,248,257,262,263,264,265,266,267,270,274,330,331,332,333,334,336,337,338,395,408,410,411,493,494,495,496,497,498,499,531,534,535,536,558,562,649,650,651,728,729,
930;0;7907;7971;1;0,15,16,18,19,20,21,23,24,25,28,66,67,70,130,133,140,154,155,156,157,158,159,160,161,162,163,166,167,173,208,237,238,239,240,263,264,265,269,270,274,330,333,334,336,337,338,440,473,531,532,533,534,535,536,558,563,564,565,566,567,568,649,651,686,705,722,723,728,729,882,883,884,885,886,887,888,890,892,1218,
482;0;7971;8065;0;0,15,16,18,19,20,21,23,24,25,28,66,67,70,130,133,140,154,155,156,157,158,159,160,161,162,163,166,167,173,208,237,238,239,240,263,264,265,269,270,274,330,333,334,336,337,338,440,473,531,532,533,534,535,536,558,563,564,565,566,567,568,649,651,686,705,722,723,728,729,882,883,884,885,886,887,888,890,892,1218,
482;1;8065;8120;0;0,15,16,18,19,20,21,23,24,25,28,66,67,70,130,133,140,154,155,156,157,158,159,160,161,162,163,166,167,173,208,237,238,239,240,263,264,265,269,270,274,330,333,334,336,337,338,440,473,531,532,533,534,535,536,558,563,564,565,566,567,568,649,651,686,705,722,723,728,729,882,883,884,885,886,887,888,890,892,1218,
853;0;8120;8154;1;0,15,16,18,19,20,21,23,24,25,28,66,67,70,130,133,140,154,155,156,157,158,159,160,161,162,163,166,167,173,208,237,238,239,240,263,264,265,269,270,274,330,333,334,336,337,338,440,473,531,532,533,534,535,536,558,563,564,565,566,567,568,649,651,686,705,722,723,728,729,882,883,884,885,886,887,888,890,892,1218,
61;0;8154;8206;1;0,15,16,18,19,20,21,23,24,25,28,66,67,70,130,133,140,154,155,156,157,158,159,160,161,162,163,166,167,173,208,237,238,239,240,263,264,265,269,270,274,330,333,334,336,337,338,440,473,531,532,533,534,535,536,558,563,564,565,566,567,568,649,651,686,705,722,723,728,729,882,883,884,885,886,887,888,890,892,1218,
447;0;8206;8245;1;0,15,16,18,19,20,21,23,24,25,28,66,67,70,130,133,140,154,155,156,157,158,159,160,161,162,163,166,167,173,208,237,238,239,240,263,264,265,269,270,274,330,333,334,336,337,338,440,473,531,532,533,534,535,536,558,563,564,565,566,567,568,649,651,686,705,722,723,728,729,882,883,884,885,886,887,888,890,892,1218,
447;1;8245;8389;1;0,15,16,18,19,20,21,23,24,25,28,66,67,70,130,133,140,154,155,156,157,158,159,160,161,162,163,166,167,173,208,237,238,239,240,263,264,265,269,270,274,330,333,334,336,337,338,440,473,531,532,533,534,535,536,558,563,564,565,566,567,568,649,651,686,705,722,723,728,729,882,883,884,885,886,887,888,890,892,1218,
181;0;8389;8453;1;0,15,16,18,19,20,21,23,24,25,28,66,67,70,130,133,140,154,155,156,157,158,159,160,161,162,163,166,167,173,208,237,238,239,240,263,264,265,269,270,274,330,333,334,336,337,338,440,473,531,532,533,534,535,536,558,563,564,565,566,567,568,649,651,686,705,722,723,728,729,882,883,884,885,886,887,888,890,892,1218,
656;0;8453;8458;0;0,15,16,18,19,20,21,23,24,25,28,66,67,70,130,133,140,154,155,156,157,158,159,160,161,162,163,166,167,173,208,237,238,239,240,263,264,265,269,270,274,330,333,334,336,337,338,440,473,531,532,533,534,535,536,558,563,564,565,566,567,568,649,651,686,705,722,723,728,729,882,883,884,885,886,887,888,890,892,1218,
276;0;8458;8494;0;0,15,16,18,19,20,21,23,24,25,28,66,67,70,130,133,140,154,155,156,157,158,159,160,161,162,163,166,167,173,208,237,238,239,240,263,264,265,269,270,274,330,333,334,336,337,338,440,473,531,532,533,534,535,536,558,563,564,565,566,567,568,649,651,686,705,722,723,728,729,882,883,884,885,886,887,888,890,892,1218,
809;0;8494;8505;0;0,15,16,18,19,20,21,23,24,25,28,66,67,70,130,133,140,154,155,156,157,158,159,160,161,162,163,166,167,173,208,237,238,239,240,263,264,265,269,270,274,330,333,334,336,337,338,440,473,531,532,533,534,535,536,558,563,564,565,566,567,568,649,651,686,705,722,723,728,729,882,883,884,885,886,887,888,890,892,1218,
809;1;8505;8527;0;0,15,16,18,19,20,21,23,24,25,28,66,67,70,130,133,140,154,155,156,157,158,159,160,161,162,163,166,167,173,208,237,238,239,240,263,264,265,269,270,274,330,333,334,336,337,338,440,473,531,532,533,534,535,536,558,563,564,565,566,567,568,649,651,686,705,722,723,728,729,882,883,884,885,886,887,888,890,892,1218,
87;0;8527;8541;1;0,15,16,18,19,20,21,23,24,25,28,66,67,70,130,133,140,154,155,156,157,158,159,160,161,162,163,166,167,173,208,237,238,239,240,263,264,265,269,270,274,330,333,334,336,337,338,440,473,531,532,533,534,535,536,558,563,564,565,566,567,568,649,651,686,705,722,723,728,729,882,883,884,885,886,887,888,890,892,1218,
87;1;8541;8646;1;0,15,16,18,19,20,21,23,24,25,28,66,67,70,130,133,140,154,155,156,157,158,159,160,161,162,163,166,167,173,208,237,238,239,240,263,264,265,269,270,274,330,333,334,336,337,338,440,473,531,532,533,534,535,536,558,563,564,565,566,567,568,649,651,686,705,722,723,728,729,882,883,884,885,886,887,888,890,892,1218,
943;0;8646;8701;1;0,15,16,18,19,20,21,23,24,25,28,66,67,70,130,133,140,154,155,156,157,158,159,160,161,162,163,166,167,173,208,237,238,239,240,263,264,265,269,270,274,330,333,334,336,337,338,440,473,531,532,533,534,535,536,558,563,564,565,566,567,568,649,651,686,705,722,723,728,729,882,883,884,885,886,887,888,890,892,1218,
714;0;8701;8851;1;0,15,16,18,19,20,21,23,24,25,28,66,67,70,130,133,140,154,155,156,157,158,159,160,161,162,163,166,167,173,208,237,238,239,240,263,264,265,269,270,274,330,333,334,336,337,338,440,473,531,532,533,534,535,536,558,563,564,565,566,567,568,649,651,686,705,722,723,728,729,882,883,884,885,886,887,888,890,892,1218,
714;1;8851;8903;1;0,15,16,18,19,20,21,23,24,25,28,66,67,70,130,133,140,154,155,156,157,158,159,160,161,162,163,166,167,173,208,237,238,239,240,263,264,265,269,270,274,330,333,334,336,337,338,440,473,531,532,533,534,535,536,558,563,564,565,566,567,568,649,651,686,705,722,723,728,729,882,883,884,885,886,887,888,890,892,1218,
739;0;8903;8948;0;0,15,16,18,19,20,21,23,24,25,28,66,67,70,130,133,140,154,155,156,157,158,159,160,161,162,163,166,167,173,208,237,238,239,240,263,264,265,269,270,274,330,333,334,336,337,338,440,473,531,532,533,534,535,536,558,563,564,565,566,567,568,649,651,686,705,722,723,728,729,882,883,884,885,886,887,888,890,892,1218,
739;1;8948;8953;0;0,15,16,18,19,20,21,23,24,25,28,66,67,70,130,133,140,154,155,156,157,158,159,160,161,162,163,166,167,173,208,237,238,239,240,263,264,265,269,270,274,330,333,334,336,337,338,440,473,531,532,533,534,535,536,558,563,564,565,566,567,568,649,651,686,705,722,723,728,729,882,883,884,885,886,887,888,890,892,1218,
690;0;8953;9079;1;0,15,16,18,19,20,21,23,24,25,28,66,67,70,130,133,140,154,155,156,157,158,159,160,161,162,163,166,167,173,208,237,238,239,240,263,264,265,269,270,274,330,333,334,336,337,338,440,473,531,532,533,534,535,536,537,558,563,564,565,566,567,568,649,651,686,705,722,723,728,729,882,883,884,885,886,887,890,892,1218,
883;0;9079;9205;1;0,15,16,18,19,20,21,23,24,25,28,66,67,70,130,133,140,154,155,156,157,158,159,160,161,162,163,166,167,173,208,237,238,239,240,263,264,265,269,270,274,330,333,334,336,337,338,440,473,531,532,533,534,535,536,537,558,563,564,565,566,567,568,649,651,686,705,722,723,728,729,882,883,884,885,886,887,890,892,1218,
290;0;9205;9257;1;0,15,16,18,19,20,21,23,24,25,28,66,67,70,130,133,140,154,155,156,157,158,159,160,161,162,163,166,167,173,208,237,238,239,240,263,264,265,269,270,274,330,333,334,336,337,338,440,473,531,532,533,534,535,536,537,558,563,564,565,566,567,568,649,651,686,705,722,723,728,729,882,883,884,885,886,887,890,892,1218,
687;0;9257;9337;1;0,15,16,18,19,20,21,23,24,25,28,66,67,70,130,133,140,154,155,156,157,158,159,160,161,162,163,166,167,173,208,237,238,239,240,263,264,265,269,270,274,330,333,334,336,337,338,440,473,531,532,533,534,535,536,537,558,563,564,565,566,567,568,649,651,686,705,722,723,728,729,882,883,884,885,886,887,890,892,1218,
687;1;9337;9359;1;0,15,16,18,19,20,21,23,24,25,28,66,67,70,130,133,140,154,155,156,157,158,159,160,161,162,163,166,167,173,208,237,238,239,240,263,264,265,269,270,274,330,333,334,336,337,338,440,473,531,532,533,534,535,536,537,558,563,564,565,566,567,568,649,651,686,705,722,723,728,729,882,883,884,885,886,887,890,892,1218,
854;0;9359;9389;1;15,16,18,19,20,21,22,23,24,25,27,28,66,67,133,155,214,215,237,238,239,240,260,262,263,264,269,274,320,330,331,332,333,334,337,362,480,531,533,534,535,536,537,563,564,565,566,567,568,578,651,661,722,723,768,769,770,771,772,773,774,775,776,777,892,1080,1202,1208,1324,1325,1326,1327,1328,1329,1330,1331,1332,1333,1334,1335,
854;1;9389;9410;1;15,16,18,19,20,21,22,23,24,25,27,28,66,67,133,155,214,215,237,238,239,240,260,262,263,264,269,274,320,330,331,332,333,334,337,362,480,531,533,534,535,536,537,563,564,565,566,567,568,578,651,661,722,723,768,769,770,771,772,773,774,775,776,777,892,1080,1202,1208,1324,1325,1326,1327,1328,1329,1330,1331,1332,1333,1334,1335,
56;0;9410;9427;0;15,16,18,19,20,21,22,23,24,25,27,28,66,67,133,155,214,215,237,238,239,240,260,262,263,264,269,274,320,330,331,332,333,334,337,362,480,531,533,534,535,536,537,563,564,565,566,567,568,578,651,661,722,723,768,769,770,771,772,773,774,775,776,777,892,1080,1202,1208,1324,1325,1326,1327,1328,1329,1330,1331,1332,1333,1334,1335,
560;0;9427;9432;1;15,16,18,19,20,21,22,23,24,25,27,28,66,67,133,155,214,215,237,238,239,240,260,262,263,264,269,274,320,330,331,332,333,334,337,362,480,531,533,534,535,536,537,563,564,565,566,567,568,578,651,661,722,723,768,769,770,771,772,773,774,775,776,777,892,1080,1202,1208,1324,1325,1326,1327,1328,1329,1330,1331,1332,1333,1334,1335,
975;0;9432;9466;0;15,16,18,19,20,21,22,23,24,25,27,28,66,67,133,155,214,215,237,238,239,240,260,262,263,264,269,274,320,330,331,332,333,334,337,362,480,531,533,534,535,536,537,563,564,565,566,567,568,578,651,661,722,723,768,769,770,771,772,773,774,775,776,777,892,1080,1202,1208,1324,1325,1326,1327,1328,1329,1330,1331,1332,1333,1334,1335,
521;0;9466;9517;1;15,16,18,19,20,21,22,23,24,25,27,28,66,67,133,155,214,215,237,238,239,240,260,262,263,264,269,274,320,330,331,332,333,334,337,362,480,531,533,534,535,536,537,563,564,565,566,567,568,578,651,661,722,723,768,769,770,771,772,773,774,775,776,777,892,1080,1202,1208,1324,1325,1326,1327,1328,1329,1330,1331,1332,1333,1334,1335,
832;0;9517;9546;0;15,16,18,19,20,21,22,23,24,25,27,28,66,67,133,155,214,215,237,238,239,240,260,262,263,264,269,274,320,330,331,332,333,334,337,362,480,531,533,534,535,536,537,563,564,565,566,567,568,578,651,661,722,723,768,769,770,771,772,773,774,775,776,777,892,1080,1202,1208,1324,1325,1326,1327,1328,1329,1330,1331,1332,1333,1334,1335,
832;1;9546;9598;0;15,16,18,19,20,21,22,23,24,25,27,28,66,67,133,155,214,215,237,238,239,240,260,262,263,264,269,274,320,330,331,332,333,334,337,362,480,531,533,534,535,536,537,563,564,565,566,567,568,578,651,661,722,723,768,769,770,771,772,773,774,775,776,777,892,1080,1202,1208,1324,1325,1326,1327,1328,1329,1330,1331,1332,1333,1334,1335,
891;0;9598;9612;1;15,16,18,19,20,21,22,23,24,25,27,28,66,67,133,155,214,215,237,238,239,240,260,262,263,264,269,274,320,330,331,332,333,334,337,362,480,531,533,534,535,536,537,563,564,565,566,567,568,578,651,661,722,723,768,769,770,771,772,773,774,775,776,777,892,1080,1202,1208,1324,1325,1326,1327,1328,1329,1330,1331,1332,1333,1334,1335,
473;0;9612;9626;1;15,16,18,19,20,21,22,23,24,25,27,28,66,67,133,155,214,215,237,238,239,240,260,262,263,264,269,274,320,330,331,332,333,334,337,362,480,531,533,534,535,536,537,563,564,565,566,567,568,578,651,661,722,723,768,769,770,771,772,773,774,775,776,777,892,1080,1202,1208,1324,1325,1326,1327,1328,1329,1330,1331,1332,1333,1334,1335,
501;0;9626;9761;1;15,16,18,19,20,21,22,23,24,25,27,28,66,67,133,155,214,215,237,238,239,240,260,262,263,264,269,274,320,330,331,332,333,334,337,362,480,531,533,534,535,536,537,563,564,565,566,567,568,578,651,661,722,723,768,769,770,771,772,773,774,775,776,777,892,1080,1202,1208,1324,1325,1326,1327,1328,1329,1330,1331,1332,1333,1334,1335,
737;0;9761;9834;1;15,16,18,19,20,21,22,23,24,25,27,28,66,67,133,155,214,215,237,238,239,240,260,262,263,264,269,274,320,330,331,332,333,334,337,362,480,531,533,534,535,536,537,563,564,565,566,567,568,578,651,661,722,723,768,769,770,771,772,773,774,775,776,777,892,1080,1202,1208,1324,1325,1326,1327,1328,1329,1330,1331,1332,1333,1334,1335,
737;1;9834;9960;1;15,16,18,19,20,21,22,23,24,25,27,28,66,67,133,155,214,215,237,238,239,240,260,262,263,264,269,274,320,330,331,332,333,334,337,362,480,531,533,534,535,536,537,563,564,565,566,567,568,578,651,661,722,723,768,769,770,771,772,773,774,775,776,777,892,1080,1202,1208,1324,1325,1326,1327,1328,1329,1330,1331,1332,1333,1334,1335,
578;0;9960;9981;0;15,16,18,19,20,21,22,23,24,25,27,28,66,67,133,155,214,215,237,238,239,240,260,262,263,264,269,274,320,330,331,332,333,334,337,362,480,531,533,534,535,536,537,563,564,565,566,567,568,578,651,661,722,723,768,769,770,771,772,773,774,775,776,777,892,1080,1202,1208,1324,1325,1326,1327,1328,1329,1330,1331,1332,1333,1334,1335,
995;0;9981;10002;0;15,16,18,19,20,21,22,23,24,25,27,28,66,67,133,155,214,215,237,238,239,240,260,262,263,264,269,274,320,330,331,332,333,334,337,362,480,531,533,534,535,536,537,563,564,565,566,567,568,578,651,661,722,723,768,769,770,771,772,773,774,775,776,777,892,1080,1202,1208,1324,1325,1326,1327,1328,1329,1330,1331,1332,1333,1334,1335,
157;0;10002;10020;1;15,16,18,19,20,21,22,23,24,25,27,28,66,67,133,155,214,215,237,238,239,240,260,262,263,264,269,274,320,330,331,332,333,334,337,362,480,531,533,534,535,536,537,563,564,565,566,567,568,578,651,661,722,723,768,769,770,771,772,773,774,775,776,777,892,1080,1202,1208,1324,1325,1326,1327,1328,1329,1330,1331,1332,1333,1334,1335,
157;1;10020;10056;1;15,16,18,19,20,21,22,23,24,25,27,28,66,67,133,155,214,215,237,238,239,240,260,262,263,264,269,274,320,330,331,332,333,334,337,362,480,531,533,534,535,536,537,563,564,565,566,567,568,578,651,661,722,723,768,769,770,771,772,773,774,775,776,777,892,1080,1202,1208,1324,1325,1326,1327,1328,1329,1330,1331,1332,1333,1334,1335,
Machine: 4
74;0;0;4;1;23,131,132,133,134,135,136,137,138,140,143,157,160,206,214,215,217,218,244,248,249,257,259,262,406,407,408,409,410,411,412,413,414,415,416,417,418,419,420,421,422,423,424,425,426,427,476,479,493,494,495,496,497,498,499,538,539,540,541,542,571,572,573,574,575,576,577,578,579,580,683,684,1100,1101,1102,1103,1104,1105,1106,1107,
74;1;4;182;1;23,131,132,133,134,135,136,137,138,140,143,157,160,206,214,215,217,218,244,248,249,257,259,262,406,407,408,409,410,411,412,413,414,415,416,417,418,419,420,421,422,423,424,425,426,427,476,479,493,494,495,496,497,498,499,538,539,540,541,542,571,572,573,574,575,576,577,578,579,580,683,684,1100,1101,1102,1103,1104,1105,1106,1107,
93;0;182;276;1;23,131,132,133,134,135,136,137,138,140,143,157,160,206,214,215,217,218,244,248,249,257,259,262,406,407,408,409,410,411,412,413,414,415,416,417,418,419,420,421,422,423,424,425,426,427,476,479,493,494,495,496,497,498,499,538,539,540,541,542,571,572,573,574,575,576,577,578,579,580,683,684,1100,1101,1102,1103,1104,1105,1106,1107,
937;0;276;404;1;23,131,132,133,134,135,136,137,138,140,143,157,160,206,214,215,217,218,244,248,249,257,259,262,406,407,408,409,410,411,412,413,414,415,416,417,418,419,420,421,422,423,424,425,426,427,476,479,493,494,495,496,497,498,499,538,539,540,541,542,571,572,573,574,575,576,577,578,579,580,683,684,1100,1101,1102,1103,1104,1105,1106,1107,
937;1;404;412;1;23,131,132,133,134,135,136,137,138,140,143,157,160,206,214,215,217,218,244,248,249,257,259,262,406,407,408,409,410,411,412,413,414,415,416,417,418,419,420,421,422,423,424,425,426,427,476,479,493,494,495,496,497,498,499,538,539,540,541,542,571,572,573,574,575,576,577,578,579,580,683,684,1100,1101,1102,1103,1104,1105,1106,1107,
711;0;412;434;1;23,131,132,133,134,135,136,137,138,140,143,157,160,206,214,215,217,218,244,248,249,257,259,262,406,407,408,409,410,411,412,413,414,415,416,417,418,419,420,421,422,423,424,425,426,427,476,479,493,494,495,496,497,498,499,538,539,540,541,542,571,572,573,574,575,576,577,578,579,580,683,684,1100,1101,1102,1103,1104,1105,1106,1107,
553;0;434;456;1;23,131,132,133,134,135,136,137,138,140,143,157,160,206,214,215,217,218,244,248,249,257,259,262,406,407,408,409,410,411,412,413,414,415,416,417,418,419,420,421,422,423,424,425,426,427,476,479,493,494,495,496,497,498,499,538,539,540,541,542,571,572,573,574,575,576,577,578,579,580,683,684,1100,1101,1102,1103,1104,1105,1106,1107,
43;0;456;532;1;23,131,132,133,134,135,136,137,138,140,143,157,160,206,214,215,217,218,244,248,249,257,259,262,406,407,408,409,410,411,412,413,414,415,416,417,418,419,420,421,422,423,424,425,426,427,476,479,493,494,495,496,497,498,499,538,539,540,541,542,571,572,573,574,575,576,577,578,579,580,683,684,1100,1101,1102,1103,1104,1105,1106,1107,
527;0;532;647;1;15,16,17,18,19,23,131,132,133,134,135,136,137,138,140,143,157,160,206,214,215,217,218,244,248,249,257,259,262,406,407,408,409,410,411,412,413,414,415,416,417,418,419,420,421,422,423,424,425,426,427,476,479,493,494,495,496,497,498,499,531,538,539,540,541,542,571,572,573,574,575,576,577,578,579,580,581,683,936,1105,
527;1;647;806;1;15,16,17,18,19,23,131,132,133,134,135,136,137,138,140,143,157,160,206,214,215,217,218,244,248,249,257,259,262,406,407,408,409,410,411,412,413,414,415,416,417,418,419,420,421,422,423,424,425,426,427,476,479,493,494,495,496,497,498,499,531,538,539,540,541,542,571,572,573,574,575,576,577,578,579,580,581,683,936,1105,
533;0;806;963;1;15,16,17,18,19,23,131,132,133,134,135,136,137,138,140,143,157,160,206,214,215,217,218,244,248,249,257,259,262,406,407,408,409,410,411,412,413,414,415,416,417,418,419,420,421,422,423,424,425,426,427,476,479,493,494,495,496,497,498,499,531,538,539,540,541,542,571,572,573,574,575,576,577,578,579,580,581,683,936,1105,
344;0;963;1035;1;15,16,17,18,19,23,131,132,133,134,135,136,137,138,140,143,157,160,206,214,215,217,218,244,248,249,257,259,262,406,407,408,409,410,411,412,413,414,415,416,417,418,419,420,421,422,423,424,425,426,427,476,479,493,494,495,496,497,498,499,531,538,539,540,541,542,571,572,573,574,575,576,577,578,579,580,581,683,936,1105,
344;1;1035;1213;1;15,16,17,18,19,23,131,132,133,134,135,136,137,138,140,143,157,160,206,214,215,217,218,244,248,249,257,259,262,406,407,408,409,410,411,412,413,414,415,416,417,418,419,420,421,422,423,424,425,426,427,476,479,493,494,495,496,497,498,499,531,538,539,540,541,542,571,572,573,574,575,576,577,578,579,580,581,683,936,1105,
211;0;1213;1257;1;15,16,17,18,19,23,131,132,133,134,135,136,137,138,140,143,157,160,206,214,215,217,218,244,248,249,257,259,262,406,407,408,409,410,411,412,413,414,415,416,417,418,419,420,421,422,423,424,425,426,427,476,479,493,494,495,496,497,498,499,531,538,539,540,541,542,571,572,573,574,575,576,577,578,579,580,581,683,936,1105,
534;0;1257;1414;1;15,16,17,18,19,23,131,132,133,134,135,136,137,138,140,143,157,160,206,214,215,217,218,244,248,249,257,259,262,406,407,408,409,410,411,412,413,414,415,416,417,418,419,420,421,422,423,424,425,426,427,476,479,493,494,495,496,497,498,499,531,538,539,540,541,542,571,572,573,574,575,576,577,578,579,580,581,683,936,1105,
534;1;1414;1494;1;15,16,17,18,19,23,131,132,133,134,135,136,137,138,140,143,157,160,206,214,215,217,218,244,248,249,257,259,262,406,407,408,409,410,411,412,413,414,415,416,417,418,419,420,421,422,423,424,425,426,427,476,479,493,494,495,496,497,498,499,531,538,539,540,541,542,571,572,573,574,575,576,577,578,579,580,581,683,936,1105,
522;0;1494;1523;0;0,2,4,7,8,9,15,16,17,18,19,23,32,46,48,53,55,57,59,65,131,132,133,134,135,136,137,138,140,143,157,160,166,167,168,169,170,171,172,173,174,206,214,215,217,218,248,249,257,259,262,406,407,408,409,410,411,413,417,418,419,425,476,479,493,494,495,496,497,498,499,531,538,539,540,541,542,571,572,936,
522;1;1523;1574;0;0,2,4,7,8,9,15,16,17,18,19,23,32,46,48,53,55,57,59,65,131,132,133,134,135,136,137,138,140,143,157,160,166,167,168,169,170,171,172,173,174,206,214,215,217,218,248,249,257,259,262,406,407,408,409,410,411,413,417,418,419,425,476,479,493,494,495,496,497,498,499,531,538,539,540,541,542,571,572,936,
259;0;1574;1648;0;0,2,4,7,8,9,15,16,17,18,19,23,32,46,48,53,55,57,59,65,131,132,133,134,135,136,137,138,140,143,157,160,166,167,168,169,170,171,172,173,174,206,214,215,217,218,248,249,257,259,262,406,407,408,409,410,411,413,417,418,419,425,476,479,493,494,495,496,497,498,499,531,538,539,540,541,542,571,572,936,
259;1;1648;1692;0;0,2,4,7,8,9,15,16,17,18,19,23,32,46,48,53,55,57,59,65,131,132,133,134,135,136,137,138,140,143,157,160,166,167,168,169,170,171,172,173,174,206,214,215,217,218,248,249,257,259,262,406,407,408,409,410,411,413,417,418,419,425,476,479,493,494,495,496,497,498,499,531,538,539,540,541,542,571,572,936,
13;0;1692;1743;1;0,2,4,7,8,9,15,16,17,18,19,23,32,46,48,53,55,57,59,65,131,132,133,134,135,136,137,138,140,143,157,160,166,167,168,169,170,171,172,173,174,206,214,215,217,218,248,249,257,259,262,406,407,408,409,410,411,413,417,418,419,425,476,479,493,494,495,496,497,498,499,531,538,539,540,541,542,571,572,936,
194;0;1743;1861;1;0,2,4,7,8,9,15,16,17,18,19,20,23,24,25,32,46,48,53,55,57,59,65,67,131,132,133,134,135,136,137,138,140,143,157,160,167,172,206,215,217,218,248,249,257,259,262,264,274,330,333,334,406,407,408,409,410,411,413,417,476,479,493,494,495,496,497,498,499,531,534,535,536,538,571,572,651,722,723,892,
194;1;1861;1895;1;0,2,4,7,8,9,15,16,17,18,19,20,23,24,25,32,46,48,53,55,57,59,65,67,131,132,133,134,135,136,137,138,140,143,157,160,167,172,206,215,217,218,248,249,257,259,262,264,274,330,333,334,406,407,408,409,410,411,413,417,476,479,493,494,495,496,497,498,499,531,534,535,536,538,571,572,651,722,723,892,
71;0;1895;2010;1;0,2,4,7,8,9,15,16,17,18,19,20,23,24,25,32,46,48,53,55,57,59,65,67,131,132,133,134,135,136,137,138,140,143,157,160,167,172,206,215,217,218,248,249,257,259,262,264,274,330,333,334,406,407,408,409,410,411,413,417,476,479,493,494,495,496,497,498,499,531,534,535,536,538,571,572,651,722,723,892,
399;0;2010;2032;0;0,2,4,7,8,9,15,16,17,18,19,20,21,22,23,24,25,26,27,28,32,46,48,53,55,57,59,65,67,73,131,132,133,134,140,154,155,156,157,158,159,160,161,162,163,164,167,172,178,179,180,181,182,183,184,185,186,187,188,189,190,191,192,248,262,263,264,274,330,331,332,333,334,406,538,810,889,938,1289,1348,
399;1;2032;2169;0;0,2,4,7,8,9,15,16,17,18,19,20,21,22,23,24,25,26,27,28,32,46,48,53,55,57,59,65,67,73,131,132,133,134,140,154,155,156,157,158,159,160,161,162,163,164,167,172,178,179,180,181,182,183,184,185,186,187,188,189,190,191,192,248,262,263,264,274,330,331,332,333,334,406,538,810,889,938,1289,1348,
734;0;2169;2320;1;0,2,4,7,8,9,15,16,17,18,19,20,21,22,23,24,25,26,27,28,32,46,48,53,55,57,59,65,67,73,131,132,133,134,140,154,155,156,157,158,159,160,161,162,163,164,167,172,178,179,180,181,182,183,184,185,186,187,188,189,190,191,192,248,262,263,264,274,330,331,332,333,334,406,538,810,889,938,1289,1348,
734;1;2320;2418;1;0,2,4,7,8,9,15,16,17,18,19,20,21,22,23,24,25,26,27,28,32,46,48,53,55,57,59,65,67,73,131,132,133,134,140,154,155,156,157,158,159,160,161,162,163,164,167,172,178,179,180,181,182,183,184,185,186,187,188,189,190,191,192,248,262,263,264,274,330,331,332,333,334,406,538,810,889,938,1289,1348,
270;0;2418;2469;1;0,2,4,7,8,9,15,16,17,18,19,20,21,22,23,24,25,26,27,28,32,46,48,53,55,57,59,65,67,73,131,132,133,134,140,154,155,156,157,158,159,160,161,162,163,164,167,172,178,179,180,181,182,183,184,185,186,187,188,189,190,191,192,248,262,263,264,274,330,331,332,333,334,406,538,810,889,938,1289,1348,
385;0;2469;2516;0;0,2,4,7,8,9,15,16,17,18,19,20,21,22,23,24,25,26,27,28,32,46,48,53,55,57,59,65,67,73,131,132,133,134,140,154,155,156,157,158,159,160,161,162,163,164,167,172,178,179,180,181,182,183,184,185,186,187,188,189,190,191,192,248,262,263,264,274,330,331,332,333,334,406,538,810,889,938,1289,1348,
820;0;2516;2663;1;0,2,4,7,8,9,15,16,17,18,19,20,21,22,23,24,25,26,27,28,32,46,48,53,55,57,59,65,67,73,131,132,133,134,140,154,155,156,157,158,159,160,161,162,163,164,167,172,178,179,180,181,182,183,184,185,186,187,188,189,190,191,192,248,262,263,264,274,330,331,332,333,334,406,538,810,889,938,1289,1348,
467;0;2663;2716;1;0,2,4,7,8,9,15,16,17,18,19,20,21,22,23,24,25,26,27,28,32,46,48,53,55,57,59,65,67,73,131,132,133,134,140,154,155,156,157,158,159,160,161,162,163,164,167,172,178,179,180,181,182,183,184,185,186,187,188,189,190,191,192,248,262,263,264,274,330,331,332,333,334,406,538,810,889,938,1289,1348,
467;1;2716;2868;1;0,2,4,7,8,9,15,16,17,18,19,20,21,22,23,24,25,26,27,28,32,46,48,53,55,57,59,65,67,73,131,132,133,134,140,154,155,156,157,158,159,160,161,162,163,164,167,172,178,179,180,181,182,183,184,185,186,187,188,189,190,191,192,248,262,263,264,274,330,331,332,333,334,406,538,810,889,938,1289,1348,
547;0;2868;2945;1;0,2,4,7,8,9,15,16,17,18,19,20,21,22,23,24,25,26,27,28,32,46,48,53,55,57,59,65,67,73,131,132,133,134,140,154,155,156,157,158,159,160,161,162,163,164,167,172,178,179,180,181,182,183,184,185,186,187,188,189,190,191,192,248,262,263,264,274,330,331,332,333,334,406,538,810,889,938,1289,1348,
547;1;2945;3083;1;0,2,4,7,8,9,15,16,17,18,19,20,21,22,23,24,25,26,27,28,32,46,48,53,55,57,59,65,67,73,131,132,133,134,140,154,155,156,157,158,159,160,161,162,163,164,167,172,178,179,180,181,182,183,184,185,186,187,188,189,190,191,192,248,262,263,264,274,330,331,332,333,334,406,538,810,889,938,1289,1348,
414;0;3083;3155;1;0,1,2,3,4,6,7,8,9,15,16,17,18,19,20,21,22,23,24,25,26,27,28,31,32,43,45,46,48,51,53,55,57,59,65,67,78,98,101,125,140,154,155,156,157,158,159,160,161,162,163,164,178,180,184,248,345,440,488,489,506,732,799,810,847,848,849,850,851,852,853,854,855,856,857,858,859,860,861,862,
414;1;3155;3311;1;0,1,2,3,4,6,7,8,9,15,16,17,18,19,20,21,22,23,24,25,26,27,28,31,32,43,45,46,48,51,53,55,57,59,65,67,78,98,101,125,140,154,155,156,157,158,159,160,161,162,163,164,178,180,184,248,345,440,488,489,506,732,799,810,847,848,849,850,851,852,853,854,855,856,857,858,859,860,861,862,
207;0;3311;3316;1;0,1,2,3,4,6,7,8,9,15,16,17,18,19,20,21,22,23,24,25,26,27,28,31,32,43,45,46,48,51,53,55,57,59,65,67,78,98,101,125,140,154,155,156,157,158,159,160,161,162,163,164,178,180,184,248,345,440,488,489,506,732,799,810,847,848,849,850,851,852,853,854,855,856,857,858,859,860,861,862,
207;1;3316;3461;1;0,1,2,3,4,6,7,8,9,15,16,17,18,19,20,21,22,23,24,25,26,27,28,31,32,43,45,46,48,51,53,55,57,59,65,67,78,98,101,125,140,154,155,156,157,158,159,160,161,162,163,164,178,180,184,248,345,440,488,489,506,732,799,810,847,848,849,850,851,852,853,854,855,856,857,858,859,860,861,862,
305;0;3461;3517;0;0,1,2,3,4,6,7,8,9,15,16,17,18,19,20,21,22,23,24,25,26,27,28,31,32,43,45,46,48,51,53,55,57,59,65,67,78,98,101,125,140,154,155,156,157,158,159,160,161,162,163,164,178,180,184,248,345,440,488,489,506,732,799,810,847,848,849,850,851,852,853,854,855,856,857,858,859,860,861,862,
554;0;3517;3604;1;0,1,2,3,4,5,6,7,8,9,15,16,17,18,19,21,29,30,31,32,33,43,44,45,46,47,48,49,50,51,52,53,54,55,56,57,58,59,60,61,62,63,64,65,125,140,153,154,155,156,157,158,159,160,161,162,163,164,180,355,428,437,488,489,506,512,513,514,515,516,517,518,519,520,810,849,863,864,1145,1146,
554;1;3604;3716;1;0,1,2,3,4,5,6,7,8,9,15,16,17,18,19,21,29,30,31,32,33,43,44,45,46,47,48,49,50,51,52,53,54,55,56,57,58,59,60,61,62,63,64,65,125,140,153,154,155,156,157,158,159,160,161,162,163,164,180,355,428,437,488,489,506,512,513,514,515,516,517,518,519,520,810,849,863,864,1145,1146,
40;0;3716;3745;1;0,1,2,3,4,5,6,7,8,9,15,16,17,18,19,21,29,30,31,32,33,43,44,45,46,47,48,49,50,51,52,53,54,55,56,57,58,59,60,61,62,63,64,65,125,140,153,154,155,156,157,158,159,160,161,162,163,164,180,355,428,437,488,489,506,512,513,514,515,516,517,518,519,520,810,849,863,864,1145,1146,
64;0;3745;3784;1;0,1,2,3,4,5,6,7,8,9,15,16,17,18,19,21,29,30,31,32,33,43,44,45,46,47,48,49,50,51,52,53,54,55,56,57,58,59,60,61,62,63,64,65,125,140,153,154,155,156,157,158,159,160,161,162,163,164,180,355,428,437,488,489,506,512,513,514,515,516,517,518,519,520,810,849,863,864,1145,1146,
64;1;3784;3954;1;0,1,2,3,4,5,6,7,8,9,15,16,17,18,19,21,29,30,31,32,33,43,44,45,46,47,48,49,50,51,52,53,54,55,56,57,58,59,60,61,62,63,64,65,125,140,153,154,155,156,157,158,159,160,161,162,163,164,180,355,428,437,488,489,506,512,513,514,515,516,517,518,519,520,810,849,863,864,1145,1146,
171;0;3954;4066;1;0,1,2,3,4,5,6,7,8,9,15,16,17,18,19,21,29,30,31,32,33,43,44,45,46,47,48,49,50,51,52,53,54,55,56,57,58,59,60,61,62,63,64,65,125,140,153,154,155,156,157,158,159,160,161,162,163,164,180,355,428,437,488,489,506,512,513,514,515,516,517,518,519,520,810,849,863,864,1145,1146,
587;0;4066;4162;1;0,1,2,3,4,5,6,7,8,9,15,16,17,18,19,21,29,30,31,32,33,43,44,45,46,47,48,49,50,51,52,53,54,55,56,57,58,59,60,61,62,63,64,65,125,140,153,154,155,156,157,158,159,160,161,162,163,164,180,355,428,437,488,489,506,512,513,514,515,516,517,518,519,520,810,849,863,864,1145,1146,
587;1;4162;4316;1;0,1,2,3,4,5,6,7,8,9,15,16,17,18,19,21,29,30,31,32,33,43,44,45,46,47,48,49,50,51,52,53,54,55,56,57,58,59,60,61,62,63,64,65,125,140,153,154,155,156,157,158,159,160,161,162,163,164,180,355,428,437,488,489,506,512,513,514,515,516,517,518,519,520,810,849,863,864,1145,1146,
549;0;4316;4366;0;0,1,2,3,4,5,6,7,8,9,15,16,17,18,19,21,29,30,31,32,33,43,44,45,46,47,48,49,50,51,52,53,54,55,56,57,58,59,60,61,62,63,64,65,125,140,153,154,155,156,157,158,159,160,161,162,163,164,180,355,428,437,488,489,506,512,513,514,515,516,517,518,519,520,810,849,863,864,1145,1146,
549;1;4366;4526;0;0,1,2,3,4,5,6,7,8,9,15,16,17,18,19,21,29,30,31,32,33,43,44,45,46,47,48,49,50,51,52,53,54,55,56,57,58,59,60,61,62,63,64,65,125,140,153,154,155,156,157,158,159,160,161,162,163,164,180,355,428,437,488,489,506,512,513,514,515,516,517,518,519,520,810,849,863,864,1145,1146,
717;0;4526;4592;1;0,1,2,3,4,5,6,7,8,9,15,16,17,18,19,21,29,30,31,32,33,43,44,45,46,47,48,49,50,51,52,53,54,55,56,57,58,59,60,61,62,63,64,65,125,140,153,154,155,156,157,158,159,160,161,162,163,164,180,355,428,437,488,489,506,512,513,514,515,516,517,518,519,520,810,849,863,864,1145,1146,
717;1;4592;4716;1;0,1,2,3,4,5,6,7,8,9,15,16,17,18,19,21,29,30,31,32,33,43,44,45,46,47,48,49,50,51,52,53,54,55,56,57,58,59,60,61,62,63,64,65,125,140,153,154,155,156,157,158,159,160,161,162,163,164,180,355,428,437,488,489,506,512,513,514,515,516,517,518,519,520,810,849,863,864,1145,1146,
997;0;4716;4811;1;0,1,2,3,4,5,6,7,8,9,15,16,17,18,19,21,29,30,31,32,33,43,44,45,46,47,48,49,50,51,52,53,54,55,56,57,58,59,60,61,62,63,64,65,125,140,153,154,155,156,157,158,159,160,161,162,163,164,180,355,428,437,488,489,506,512,513,514,515,516,517,518,519,520,810,849,863,864,1145,1146,
997;1;4811;4965;1;0,1,2,3,4,5,6,7,8,9,15,16,17,18,19,21,29,30,31,32,33,43,44,45,46,47,48,49,50,51,52,53,54,55,56,57,58,59,60,61,62,63,64,65,125,140,153,154,155,156,157,158,159,160,161,162,163,164,180,355,428,437,488,489,506,512,513,514,515,516,517,518,519,520,810,849,863,864,1145,1146,
643;0;4965;5059;1;0,1,2,3,4,5,6,7,8,9,15,16,17,18,19,21,29,30,31,32,33,35,43,44,45,46,47,48,49,50,51,52,53,54,55,56,57,58,59,60,61,62,63,64,65,106,125,127,153,180,193,194,195,196,197,198,199,200,201,202,203,204,205,355,437,442,487,488,489,490,491,492,506,517,518,519,660,849,863,864,
816;0;5059;5063;0;0,1,2,3,4,5,6,7,8,9,15,16,17,18,19,21,29,30,31,32,33,35,43,44,45,46,47,48,49,50,51,52,53,54,55,56,57,58,59,60,61,62,63,64,65,106,125,127,153,180,193,194,195,196,197,198,199,200,201,202,203,204,205,355,437,442,487,488,489,490,491,492,506,517,518,519,660,849,863,864,
710;0;5063;5164;1;0,1,2,3,4,5,6,7,8,9,15,16,17,18,19,21,29,30,31,32,33,35,43,44,45,46,47,48,49,50,51,52,53,54,55,56,57,58,59,60,61,62,63,64,65,106,125,127,153,180,193,194,195,196,197,198,199,200,201,202,203,204,205,355,437,442,487,488,489,490,491,492,506,517,518,519,660,849,863,864,
237;0;5164;5254;1;0,1,2,3,4,5,6,7,8,9,15,16,17,18,19,21,29,30,31,32,33,35,43,44,45,46,47,48,49,50,51,52,53,54,55,56,57,58,59,60,61,62,63,64,65,106,125,127,153,180,193,194,195,196,197,198,199,200,201,202,203,204,205,355,437,442,487,488,489,490,491,492,506,517,518,519,660,849,863,864,
237;1;5254;5348;1;0,1,2,3,4,5,6,7,8,9,15,16,17,18,19,21,29,30,31,32,33,35,43,44,45,46,47,48,49,50,51,52,53,54,55,56,57,58,59,60,61,62,63,64,65,106,125,127,153,180,193,194,195,196,197,198,199,200,201,202,203,204,205,355,437,442,487,488,489,490,491,492,506,517,518,519,660,849,863,864,
174;0;5348;5463;1;0,1,2,3,4,5,6,7,8,9,15,16,17,18,19,21,29,30,31,32,33,35,43,44,45,46,47,48,49,50,51,52,53,54,55,56,57,58,59,60,61,62,63,64,65,106,125,127,153,180,193,194,195,196,197,198,199,200,201,202,203,204,205,355,437,442,487,488,489,490,491,492,506,517,518,519,660,849,863,864,
174;1;5463;5539;1;0,1,2,3,4,5,6,7,8,9,15,16,17,18,19,21,29,30,31,32,33,35,43,44,45,46,47,48,49,50,51,52,53,54,55,56,57,58,59,60,61,62,63,64,65,106,125,127,153,180,193,194,195,196,197,198,199,200,201,202,203,204,205,355,437,442,487,488,489,490,491,492,506,517,518,519,660,849,863,864,
941;0;5539;5569;1;0,1,2,3,4,5,6,7,8,9,15,16,17,18,19,21,29,30,31,32,33,35,43,44,45,46,47,48,49,50,51,52,53,54,55,56,57,58,59,60,61,62,63,64,65,106,125,127,153,180,193,194,195,196,197,198,199,200,201,202,203,204,205,355,437,442,487,488,489,490,491,492,506,517,518,519,660,849,863,864,
746;0;5569;5584;0;0,1,2,3,4,5,6,7,8,9,15,16,17,18,19,21,29,30,31,32,33,35,43,44,45,46,47,48,49,50,51,52,53,54,55,56,57,58,59,60,61,62,63,64,65,106,125,127,153,180,193,194,195,196,197,198,199,200,201,202,203,204,205,355,437,442,487,488,489,490,491,492,506,517,518,519,660,849,863,864,
169;0;5584;5640;0;0,1,2,3,4,5,6,7,8,9,15,16,17,18,19,21,29,30,31,32,33,35,43,44,45,46,47,48,49,50,51,52,53,54,55,56,57,58,59,60,61,62,63,64,65,106,125,127,153,180,193,194,195,196,197,198,199,200,201,202,203,204,205,355,437,442,487,488,489,490,491,492,506,517,518,519,660,849,863,864,
169;1;5640;5734;0;0,1,2,3,4,5,6,7,8,9,15,16,17,18,19,21,29,30,31,32,33,35,43,44,45,46,47,48,49,50,51,52,53,54,55,56,57,58,59,60,61,62,63,64,65,106,125,127,153,180,193,194,195,196,197,198,199,200,201,202,203,204,205,355,437,442,487,488,489,490,491,492,506,517,518,519,660,849,863,864,
151;0;5734;5859;1;0,1,2,3,4,5,6,7,8,9,15,16,17,18,19,21,29,30,31,32,33,35,43,44,45,46,47,48,49,50,51,52,53,54,55,56,57,58,59,60,61,62,63,64,65,106,125,127,153,180,193,194,195,196,197,198,199,200,201,202,203,204,205,355,437,442,487,488,489,490,491,492,506,517,518,519,660,849,863,864,
847;0;5859;5943;1;0,1,2,3,4,5,6,7,8,9,15,16,17,18,19,21,29,30,31,32,33,35,43,44,45,46,47,48,49,50,51,52,53,54,55,56,57,58,59,60,61,62,63,64,65,106,125,127,153,180,193,194,195,196,197,198,199,200,201,202,203,204,205,355,437,442,487,488,489,490,491,492,506,517,518,519,660,849,863,864,
847;1;5943;6037;1;0,1,2,3,4,5,6,7,8,9,15,16,17,18,19,21,29,30,31,32,33,35,43,44,45,46,47,48,49,50,51,52,53,54,55,56,57,58,59,60,61,62,63,64,65,106,125,127,153,180,193,194,195,196,197,198,199,200,201,202,203,204,205,355,437,442,487,488,489,490,491,492,506,517,518,519,660,849,863,864,
167;0;6037;6168;1;0,1,2,3,4,5,6,7,8,9,15,16,17,18,19,21,29,30,31,32,33,35,43,44,45,46,47,48,49,50,51,52,53,54,55,56,57,58,59,60,61,62,63,64,65,106,125,127,153,180,193,194,195,196,197,198,199,200,201,202,203,204,205,355,437,442,487,488,489,490,491,492,506,517,518,519,660,849,863,864,
167;1;6168;6262;1;0,1,2,3,4,5,6,7,8,9,15,16,17,18,19,21,29,30,31,32,33,35,43,44,45,46,47,48,49,50,51,52,53,54,55,56,57,58,59,60,61,62,63,64,65,106,125,127,153,180,193,194,195,196,197,198,199,200,201,202,203,204,205,355,437,442,487,488,489,490,491,492,506,517,518,519,660,849,863,864,
896;0;6262;6299;0;0,1,2,3,4,5,6,7,8,9,15,16,17,18,19,21,29,30,31,32,33,35,43,44,45,46,47,48,49,50,51,52,53,54,55,56,57,58,59,60,61,62,63,64,65,106,125,127,153,180,193,194,195,196,197,198,199,200,201,202,203,204,205,355,437,442,487,488,489,490,491,492,506,517,518,519,660,849,863,864,
704;0;6299;6383;1;0,1,2,3,4,5,6,7,8,9,15,16,17,18,19,21,29,30,31,32,33,35,43,44,45,46,47,48,49,50,51,52,53,54,55,56,57,58,59,60,61,62,63,64,65,106,125,127,153,180,193,194,195,196,197,198,199,200,201,202,203,204,205,355,437,442,487,488,489,490,491,492,506,517,518,519,660,849,863,864,
704;1;6383;6450;1;0,1,2,3,4,5,6,7,8,9,15,16,17,18,19,21,29,30,31,32,33,35,43,44,45,46,47,48,49,50,51,52,53,54,55,56,57,58,59,60,61,62,63,64,65,106,125,127,153,180,193,194,195,196,197,198,199,200,201,202,203,204,205,355,437,442,487,488,489,490,491,492,506,517,518,519,660,849,863,864,
476;0;6450;6502;0;0,1,2,3,4,5,6,7,8,9,15,16,17,18,19,21,23,29,30,31,32,33,34,35,43,44,45,46,47,48,49,50,51,52,53,54,55,56,57,58,59,60,61,62,63,64,65,66,67,68,69,70,125,127,129,193,196,197,199,200,201,202,347,399,442,473,537,616,660,687,689,811,812,813,814,844,845,846,1108,1344,
543;0;6502;6662;1;0,1,2,3,4,5,6,7,8,9,15,16,17,18,19,21,23,29,30,31,32,33,34,35,43,44,45,46,47,48,49,50,51,52,53,54,55,56,57,58,59,60,61,62,63,64,65,66,67,68,69,70,125,127,129,193,196,197,199,200,201,202,347,399,442,473,537,616,660,687,689,811,812,813,814,844,845,846,1108,1344,
917;0;6662;6781;1;0,1,2,3,4,5,6,7,8,9,15,16,17,18,19,21,23,29,30,31,32,33,34,35,43,44,45,46,47,48,49,50,51,52,53,54,55,56,57,58,59,60,61,62,63,64,65,66,67,68,69,70,125,127,129,193,196,197,199,200,201,202,347,399,442,473,537,616,660,687,689,811,812,813,814,844,845,846,1108,1344,
917;1;6781;6907;1;0,1,2,3,4,5,6,7,8,9,15,16,17,18,19,21,23,29,30,31,32,33,34,35,43,44,45,46,47,48,49,50,51,52,53,54,55,56,57,58,59,60,61,62,63,64,65,66,67,68,69,70,125,127,129,193,196,197,199,200,201,202,347,399,442,473,537,616,660,687,689,811,812,813,814,844,845,846,1108,1344,
162;0;6907;6919;0;0,1,2,3,4,5,6,7,8,9,15,16,17,18,19,21,23,29,30,31,32,33,34,35,43,44,45,46,47,48,49,50,51,52,53,54,55,56,57,58,59,60,61,62,63,64,65,66,67,68,69,70,125,127,129,193,196,197,199,200,201,202,347,399,442,473,537,616,660,687,689,811,812,813,814,844,845,846,1108,1344,
162;1;6919;6951;0;0,1,2,3,4,5,6,7,8,9,15,16,17,18,19,21,23,29,30,31,32,33,34,35,43,44,45,46,47,48,49,50,51,52,53,54,55,56,57,58,59,60,61,62,63,64,65,66,67,68,69,70,125,127,129,193,196,197,199,200,201,202,347,399,442,473,537,616,660,687,689,811,812,813,814,844,845,846,1108,1344,
176;0;6951;6992;0;0,1,2,3,4,5,6,7,8,9,15,16,17,18,19,21,23,29,30,31,32,33,34,35,43,44,45,46,47,48,49,50,51,52,53,54,55,56,57,58,59,60,61,62,63,64,65,66,67,68,69,70,125,127,129,193,196,197,199,200,201,202,347,399,442,473,537,616,660,687,689,811,812,813,814,844,845,846,1108,1344,
807;0;6992;7142;1;0,1,2,3,4,5,6,7,8,9,15,16,17,18,19,21,23,29,30,31,32,33,34,35,43,44,45,46,47,48,49,50,51,52,53,54,55,56,57,58,59,60,61,62,63,64,65,66,67,68,69,70,125,127,129,193,196,197,199,200,201,202,347,399,442,473,537,616,660,687,689,811,812,813,814,844,845,846,1108,1344,
807;1;7142;7220;1;0,1,2,3,4,5,6,7,8,9,15,16,17,18,19,21,23,29,30,31,32,33,34,35,43,44,45,46,47,48,49,50,51,52,53,54,55,56,57,58,59,60,61,62,63,64,65,66,67,68,69,70,125,127,129,193,196,197,199,200,201,202,347,399,442,473,537,616,660,687,689,811,812,813,814,844,845,846,1108,1344,
870;0;7220;7224;1;0,1,2,3,4,5,6,7,8,9,15,16,17,18,19,21,23,29,30,31,32,33,34,35,43,44,45,46,47,48,49,50,51,52,53,54,55,56,57,58,59,60,61,62,63,64,65,66,67,68,69,70,125,127,129,193,196,197,199,200,201,202,347,399,442,473,537,616,660,687,689,811,812,813,814,844,845,846,1108,1344,
242;0;7224;7254;0;0,1,2,3,4,5,6,7,8,9,15,16,17,18,19,21,23,29,30,31,32,33,34,35,43,44,45,46,47,48,49,50,51,52,53,54,55,56,57,58,59,60,61,62,63,64,65,66,67,68,69,70,125,127,129,193,196,197,199,200,201,202,347,399,442,473,537,616,660,687,689,811,812,813,814,844,845,846,1108,1344,
242;1;7254;7365;0;0,1,2,3,4,5,6,7,8,9,15,16,17,18,19,21,23,29,30,31,32,33,34,35,43,44,45,46,47,48,49,50,51,52,53,54,55,56,57,58,59,60,61,62,63,64,65,66,67,68,69,70,125,127,129,193,196,197,199,200,201,202,347,399,442,473,537,616,660,687,689,811,812,813,814,844,845,846,1108,1344,
63;0;7365;7445;1;0,1,2,3,4,5,6,7,8,9,15,16,17,18,19,21,23,29,30,31,32,33,34,35,43,44,45,46,47,48,49,50,51,52,53,54,55,56,57,58,59,60,61,62,63,64,65,66,67,68,69,70,125,127,129,193,196,197,199,200,201,202,347,399,442,473,537,616,660,687,689,811,812,813,814,844,845,846,1108,1344,
664;0;7445;7484;1;0,1,2,3,4,5,6,7,8,9,15,16,17,18,19,21,23,29,30,31,32,33,34,35,43,44,45,46,47,48,49,50,51,52,53,54,55,56,57,58,59,60,61,62,63,64,65,66,67,68,69,70,125,127,129,193,196,197,199,200,201,202,347,399,442,473,537,616,660,687,689,811,812,813,814,844,845,846,1108,1344,
664;1;7484;7496;1;0,1,2,3,4,5,6,7,8,9,15,16,17,18,19,21,23,29,30,31,32,33,34,35,43,44,45,46,47,48,49,50,51,52,53,54,55,56,57,58,59,60,61,62,63,64,65,66,67,68,69,70,125,127,129,193,196,197,199,200,201,202,347,399,442,473,537,616,660,687,689,811,812,813,814,844,845,846,1108,1344,
27;0;7496;7617;1;0,1,2,3,4,5,6,7,8,9,15,16,17,18,19,21,23,29,30,31,32,33,34,35,43,44,45,46,47,48,49,50,51,52,53,54,55,56,57,58,59,60,61,62,63,64,65,66,67,68,69,70,125,127,129,193,196,197,199,200,201,202,347,399,442,473,537,616,660,687,689,811,812,813,814,844,845,846,1108,1344,
27;1;7617;7647;1;0,1,2,3,4,5,6,7,8,9,15,16,17,18,19,21,23,29,30,31,32,33,34,35,43,44,45,46,47,48,49,50,51,52,53,54,55,56,57,58,59,60,61,62,63,64,65,66,67,68,69,70,125,127,129,193,196,197,199,200,201,202,347,399,442,473,537,616,660,687,689,811,812,813,814,844,845,846,1108,1344,
251;0;7647;7651;1;0,1,2,3,4,5,6,7,8,9,15,16,17,18,19,21,23,29,30,31,32,33,34,35,43,44,45,46,47,48,49,50,51,52,53,54,55,56,57,58,59,60,61,62,63,64,65,66,67,68,69,70,125,127,129,193,196,197,199,200,201,202,347,399,442,473,537,616,660,687,689,811,812,813,814,844,845,846,1108,1344,
973;0;7651;7680;1;0,1,2,3,4,5,6,7,8,9,15,16,17,18,19,21,23,29,30,31,32,33,34,35,43,44,45,46,47,48,49,50,51,52,53,54,55,56,57,58,59,60,61,62,63,64,65,66,67,68,69,70,125,127,129,193,196,197,199,200,201,202,347,399,442,473,537,616,660,687,689,811,812,813,814,844,845,846,1108,1344,
304;0;7680;7849;1;0,1,2,3,4,5,6,7,8,9,15,16,17,18,19,21,23,29,30,31,32,33,34,35,43,44,45,46,47,48,49,50,51,52,53,54,55,56,57,58,59,60,61,62,63,64,65,66,67,68,69,70,125,127,129,193,196,197,199,200,201,202,347,399,442,473,537,616,660,687,689,811,812,813,814,844,845,846,1108,1344,
304;1;7849;7961;1;0,1,2,3,4,5,6,7,8,9,15,16,17,18,19,21,23,29,30,31,32,33,34,35,43,44,45,46,47,48,49,50,51,52,53,54,55,56,57,58,59,60,61,62,63,64,65,66,67,68,69,70,125,127,129,193,196,197,199,200,201,202,347,399,442,473,537,616,660,687,689,811,812,813,814,844,845,846,1108,1344,
311;0;7961;8121;1;0,1,2,3,4,5,6,7,8,9,15,16,17,18,19,21,23,29,30,31,32,33,34,35,43,44,45,46,47,48,49,50,51,52,53,54,55,56,57,58,59,60,61,62,63,64,65,66,67,68,69,70,125,127,129,193,196,197,199,200,201,202,347,399,442,473,537,616,660,687,689,811,812,813,814,844,845,846,1108,1344,
410;0;8121;8169;1;0,1,2,3,4,5,6,7,8,9,15,16,17,18,19,21,23,29,30,31,32,33,34,35,43,44,45,46,47,48,49,50,51,52,53,54,55,56,57,58,59,60,61,62,63,64,65,66,67,68,69,70,125,127,129,193,196,197,199,200,201,202,347,399,442,473,537,616,660,687,689,811,812,813,814,844,845,846,1108,1344,
651;0;8169;8184;1;0,1,2,3,4,5,6,7,8,9,15,16,17,18,19,21,23,29,30,31,32,33,34,35,43,44,45,46,47,48,49,50,51,52,53,54,55,56,57,58,59,60,61,62,63,64,65,66,67,68,69,70,125,127,129,193,196,197,199,200,201,202,347,399,442,473,537,616,660,687,689,811,812,813,814,844,845,846,1108,1344,
313;0;8184;8302;1;0,1,2,3,4,5,6,7,8,9,15,16,17,18,19,21,23,29,30,31,32,33,34,35,43,44,45,46,47,48,49,50,51,52,53,54,55,56,57,58,59,60,61,62,63,64,65,66,67,68,69,70,125,127,129,193,196,197,199,200,201,202,347,399,442,473,537,616,660,687,689,811,812,813,814,844,845,846,1108,1344,
268;0;8302;8351;0;0,1,2,3,4,5,6,7,8,9,15,16,17,18,19,21,23,29,30,31,32,33,34,35,43,44,45,46,47,48,49,50,51,52,53,54,55,56,57,58,59,60,61,62,63,64,65,66,67,68,69,70,125,127,129,193,196,197,199,200,201,202,347,399,442,473,537,616,660,687,689,811,812,813,814,844,845,846,1108,1344,
234;0;8351;8415;1;0,1,2,3,4,5,6,7,8,9,15,16,17,18,19,21,23,29,30,31,32,33,34,35,43,44,45,46,47,48,49,50,51,52,53,54,55,56,57,58,59,60,61,62,63,64,65,66,67,68,69,70,125,127,129,193,196,197,199,200,201,202,347,399,442,473,537,616,660,687,689,811,812,813,814,844,845,846,1108,1344,
234;1;8415;8447;1;0,1,2,3,4,5,6,7,8,9,15,16,17,18,19,21,23,29,30,31,32,33,34,35,43,44,45,46,47,48,49,50,51,52,53,54,55,56,57,58,59,60,61,62,63,64,65,66,67,68,69,70,125,127,129,193,196,197,199,200,201,202,347,399,442,473,537,616,660,687,689,811,812,813,814,844,845,846,1108,1344,
425;0;8447;8462;0;0,1,2,3,4,5,6,7,8,9,15,16,17,18,19,21,23,29,30,31,32,33,34,35,43,44,45,46,47,48,49,50,51,52,53,54,55,56,57,58,59,60,61,62,63,64,65,66,67,68,69,70,125,127,129,193,196,197,199,200,201,202,347,399,442,473,537,616,660,687,689,811,812,813,814,844,845,846,1108,1344,
727;0;8462;8492;1;0,1,2,3,4,5,6,7,8,9,15,16,17,18,19,21,23,29,30,31,32,33,34,35,43,44,45,46,47,48,49,50,51,52,53,54,55,56,57,58,59,60,61,62,63,64,65,66,67,68,69,70,125,127,129,193,196,197,199,200,201,202,347,399,442,473,537,616,660,687,689,811,812,813,814,844,845,846,1108,1344,
727;1;8492;8666;1;0,1,2,3,4,5,6,7,8,9,15,16,17,18,19,21,23,29,30,31,32,33,34,35,43,44,45,46,47,48,49,50,51,52,53,54,55,56,57,58,59,60,61,62,63,64,65,66,67,68,69,70,125,127,129,193,196,197,199,200,201,202,347,399,442,473,537,616,660,687,689,811,812,813,814,844,845,846,1108,1344,
76;0;8666;8676;0;0,1,2,3,4,5,6,7,8,9,15,16,17,18,19,21,23,29,30,31,32,33,34,35,36,37,38,39,40,43,44,45,46,47,48,49,50,51,52,53,54,55,56,57,58,59,60,61,62,63,64,65,66,67,70,125,193,196,200,202,248,268,269,270,359,361,362,363,369,442,597,598,599,600,601,602,660,687,689,1108,
722;0;8676;8796;0;0,1,2,3,4,5,6,7,8,9,15,16,23,29,30,31,32,33,34,35,36,37,38,39,40,43,44,45,46,47,48,49,50,51,52,53,54,55,56,57,58,59,60,61,62,63,64,65,167,172,193,196,248,268,269,270,348,359,361,362,363,369,440,519,597,598,599,600,601,602,849,1143,1144,1145,1146,1147,1148,1149,1150,1151,
722;1;8796;8800;0;0,1,2,3,4,5,6,7,8,9,15,16,23,29,30,31,32,33,34,35,36,37,38,39,40,43,44,45,46,47,48,49,50,51,52,53,54,55,56,57,58,59,60,61,62,63,64,65,167,172,193,196,248,268,269,270,348,359,361,362,363,369,440,519,597,598,599,600,601,602,849,1143,1144,1145,1146,1147,1148,1149,1150,1151,
901;0;8800;8804;1;0,1,2,3,4,5,6,7,8,9,15,16,23,29,30,31,32,33,34,35,36,37,38,39,40,43,44,45,46,47,48,49,50,51,52,53,54,55,56,57,58,59,60,61,62,63,64,65,167,172,193,196,248,268,269,270,348,359,361,362,363,369,440,519,597,598,599,600,601,602,849,1143,1144,1145,1146,1147,1148,1149,1150,1151,
404;0;8804;8825;1;0,1,2,3,4,5,6,7,8,9,15,16,23,29,30,31,32,33,34,35,36,37,38,39,40,43,44,45,46,47,48,49,50,51,52,53,54,55,56,57,58,59,60,61,62,63,64,65,167,172,193,196,248,268,269,270,348,359,361,362,363,369,440,519,597,598,599,600,601,602,849,1143,1144,1145,1146,1147,1148,1149,1150,1151,
404;1;8825;8866;1;0,1,2,3,4,5,6,7,8,9,15,16,23,29,30,31,32,33,34,35,36,37,38,39,40,43,44,45,46,47,48,49,50,51,52,53,54,55,56,57,58,59,60,61,62,63,64,65,167,172,193,196,248,268,269,270,348,359,361,362,363,369,440,519,597,598,599,600,601,602,849,1143,1144,1145,1146,1147,1148,1149,1150,1151,
703;0;8866;8870;1;0,1,2,3,4,5,6,7,8,9,15,16,23,29,30,31,32,33,34,35,36,37,38,39,40,43,44,45,46,47,48,49,50,51,52,53,54,55,56,57,58,59,60,61,62,63,64,65,167,172,193,196,248,268,269,270,348,359,361,362,363,369,440,519,597,598,599,600,601,602,849,1143,1144,1145,1146,1147,1148,1149,1150,1151,
637;0;8870;8934;1;0,1,2,3,4,5,6,7,8,9,15,16,23,29,30,31,32,33,34,35,36,37,38,39,40,43,44,45,46,47,48,49,50,51,52,53,54,55,56,57,58,59,60,61,62,63,64,65,167,172,193,196,248,268,269,270,348,359,361,362,363,369,440,519,597,598,599,600,601,602,849,1143,1144,1145,1146,1147,1148,1149,1150,1151,
637;1;8934;8938;1;0,1,2,3,4,5,6,7,8,9,15,16,23,29,30,31,32,33,34,35,36,37,38,39,40,43,44,45,46,47,48,49,50,51,52,53,54,55,56,57,58,59,60,61,62,63,64,65,167,172,193,196,248,268,269,270,348,359,361,362,363,369,440,519,597,598,599,600,601,602,849,1143,1144,1145,1146,1147,1148,1149,1150,1151,
592;0;8938;8983;0;0,1,2,3,4,5,6,7,8,9,15,16,23,29,30,31,32,33,34,35,36,37,38,39,40,43,44,45,46,47,48,49,50,51,52,53,54,55,56,57,58,59,60,61,62,63,64,65,167,172,193,196,248,268,269,270,348,359,361,362,363,369,440,519,597,598,599,600,601,602,849,1143,1144,1145,1146,1147,1148,1149,1150,1151,
592;1;8983;8993;0;0,1,2,3,4,5,6,7,8,9,15,16,23,29,30,31,32,33,34,35,36,37,38,39,40,43,44,45,46,47,48,49,50,51,52,53,54,55,56,57,58,59,60,61,62,63,64,65,167,172,193,196,248,268,269,270,348,359,361,362,363,369,440,519,597,598,599,600,601,602,849,1143,1144,1145,1146,1147,1148,1149,1150,1151,
563;0;8993;9003;1;0,1,2,3,4,5,6,7,8,9,15,16,23,29,30,31,32,33,34,35,36,37,38,39,40,43,44,45,46,47,48,49,50,51,52,53,54,55,56,57,58,59,60,61,62,63,64,65,167,172,193,196,248,268,269,270,348,359,361,362,363,369,440,519,597,598,599,600,601,602,849,1143,1144,1145,1146,1147,1148,1149,1150,1151,
757;0;9003;9168;1;0,1,2,3,4,5,6,7,8,9,15,16,23,29,30,31,32,33,34,35,36,37,38,39,40,43,44,45,46,47,48,49,50,51,52,53,54,55,56,57,58,59,60,61,62,63,64,65,167,172,193,196,248,268,269,270,348,359,361,362,363,369,440,519,597,598,599,600,601,602,849,1143,1144,1145,1146,1147,1148,1149,1150,1151,
757;1;9168;9269;1;0,1,2,3,4,5,6,7,8,9,15,16,23,29,30,31,32,33,34,35,36,37,38,39,40,43,44,45,46,47,48,49,50,51,52,53,54,55,56,57,58,59,60,61,62,63,64,65,167,172,193,196,248,268,269,270,348,359,361,362,363,369,440,519,597,598,599,600,601,602,849,1143,1144,1145,1146,1147,1148,1149,1150,1151,
741;0;9269;9367;1;0,2,5,6,8,16,17,21,23,31,32,33,44,50,52,58,62,66,70,73,113,151,178,179,180,181,182,183,184,185,186,187,188,189,190,191,192,194,203,264,269,333,352,385,395,452,453,558,559,560,561,562,730,731,732,733,734,735,736,737,738,739,740,741,742,743,744,745,746,747,748,1008,1009,1010,1011,1012,1013,1014,1015,1348,
814;0;9367;9440;1;0,2,5,6,8,16,17,21,23,31,32,33,44,50,52,58,62,66,70,73,113,151,178,179,180,181,182,183,184,185,186,187,188,189,190,191,192,194,203,264,269,333,352,385,395,452,453,558,559,560,561,562,730,731,732,733,734,735,736,737,738,739,740,741,742,743,744,745,746,747,748,1008,1009,1010,1011,1012,1013,1014,1015,1348,
814;1;9440;9619;1;0,2,5,6,8,16,17,21,23,31,32,33,44,50,52,58,62,66,70,73,113,151,178,179,180,181,182,183,184,185,186,187,188,189,190,191,192,194,203,264,269,333,352,385,395,452,453,558,559,560,561,562,730,731,732,733,734,735,736,737,738,739,740,741,742,743,744,745,746,747,748,1008,1009,1010,1011,1012,1013,1014,1015,1348,
150;0;9619;9798;1;0,2,5,6,8,16,17,21,23,31,32,33,44,50,52,58,62,66,70,73,113,151,178,179,180,181,182,183,184,185,186,187,188,189,190,191,192,194,203,264,269,333,352,385,395,452,453,558,559,560,561,562,730,731,732,733,734,735,736,737,738,739,740,741,742,743,744,745,746,747,748,1008,1009,1010,1011,1012,1013,1014,1015,1348,
357;0;9798;9851;1;0,2,5,6,8,16,17,21,23,31,32,33,44,50,52,58,62,66,70,73,113,151,178,179,180,181,182,183,184,185,186,187,188,189,190,191,192,194,203,264,269,333,352,385,395,452,453,558,559,560,561,562,730,731,732,733,734,735,736,737,738,739,740,741,742,743,744,745,746,747,748,1008,1009,1010,1011,1012,1013,1014,1015,1348,
357;1;9851;9875;1;0,2,5,6,8,16,17,21,23,31,32,33,44,50,52,58,62,66,70,73,113,151,178,179,180,181,182,183,184,185,186,187,188,189,190,191,192,194,203,264,269,333,352,385,395,452,453,558,559,560,561,562,730,731,732,733,734,735,736,737,738,739,740,741,742,743,744,745,746,747,748,1008,1009,1010,1011,1012,1013,1014,1015,1348,
983;0;9875;9973;1;0,2,5,6,8,16,17,21,23,31,32,33,44,50,52,58,62,66,70,73,113,151,178,179,180,181,182,183,184,185,186,187,188,189,190,191,192,194,203,264,269,333,352,385,395,452,453,558,559,560,561,562,730,731,732,733,734,735,736,737,738,739,740,741,742,743,744,745,746,747,748,1008,1009,1010,1011,1012,1013,1014,1015,1348,
393;0;9973;10028;1;0,2,5,6,8,16,17,21,23,31,32,33,44,50,52,58,62,66,70,73,113,151,178,179,180,181,182,183,184,185,186,187,188,189,190,191,192,194,203,264,269,333,352,385,395,452,453,558,559,560,561,562,730,731,732,733,734,735,736,737,738,739,740,741,742,743,744,745,746,747,748,1008,1009,1010,1011,1012,1013,1014,1015,1348,
916;0;10028;10065;0;0,2,5,6,8,16,17,21,23,31,32,33,44,50,52,58,62,66,70,73,113,151,178,179,180,181,182,183,184,185,186,187,188,189,190,191,192,194,203,264,269,333,352,385,395,452,453,558,559,560,561,562,730,731,732,733,734,735,736,737,738,739,740,741,742,743,744,745,746,747,748,1008,1009,1010,1011,1012,1013,1014,1015,1348,
Machine: 5
441;0;0;156;1;0,8,15,23,29,30,31,32,33,34,35,37,38,39,124,140,148,160,161,215,223,239,243,248,259,363,366,370,371,372,409,411,412,413,417,498,571,573,670,811,812,813,814,836,897,908,910,919,920,921,922,923,924,925,926,927,928,929,930,931,932,933,1079,1080,1081,1082,1083,1084,1085,1086,1087,1088,1089,1090,1091,1092,1093,1094,1095,1096,
611;0;156;274;1;0,8,15,23,29,30,31,32,33,34,35,37,38,39,124,140,148,160,161,215,223,239,243,248,259,363,366,370,371,372,409,411,412,413,417,498,571,573,670,811,812,813,814,836,897,908,910,919,920,921,922,923,924,925,926,927,928,929,930,931,932,933,1079,1080,1081,1082,1083,1084,1085,1086,1087,1088,1089,1090,1091,1092,1093,1094,1095,1096,
294;0;274;278;1;0,8,15,23,29,30,31,32,33,34,35,37,38,39,124,140,148,160,161,215,223,239,243,248,259,363,366,370,371,372,409,411,412,413,417,498,571,573,670,811,812,813,814,836,897,908,910,919,920,921,922,923,924,925,926,927,928,929,930,931,932,933,1079,1080,1081,1082,1083,1084,1085,1086,1087,1088,1089,1090,1091,1092,1093,1094,1095,1096,
294;1;278;442;1;0,8,15,23,29,30,31,32,33,34,35,37,38,39,124,140,148,160,161,215,223,239,243,248,259,363,366,370,371,372,409,411,412,413,417,498,571,573,670,811,812,813,814,836,897,908,910,919,920,921,922,923,924,925,926,927,928,929,930,931,932,933,1079,1080,1081,1082,1083,1084,1085,1086,1087,1088,1089,1090,1091,1092,1093,1094,1095,1096,
430;0;442;474;1;0,8,15,23,29,30,31,32,33,34,35,37,38,39,124,140,148,160,161,215,223,239,243,248,259,363,366,370,371,372,409,411,412,413,417,498,571,573,670,811,812,813,814,836,897,908,910,919,920,921,922,923,924,925,926,927,928,929,930,931,932,933,934,935,1079,1080,1081,1082,1083,1084,1085,1086,1087,1088,1089,1090,1091,1092,1093,1094,
144;0;474;522;1;0,8,15,23,29,30,31,32,33,34,35,37,38,39,124,140,148,160,161,215,223,239,243,248,259,363,366,370,371,372,409,411,412,413,417,498,571,573,670,811,812,813,814,836,897,908,910,919,920,921,922,923,924,925,926,927,928,929,930,931,932,933,934,935,1079,1080,1081,1082,1083,1084,1085,1086,1087,1088,1089,1090,1091,1092,1093,1094,
144;1;522;631;1;0,8,15,23,29,30,31,32,33,34,35,37,38,39,124,140,148,160,161,215,223,239,243,248,259,363,366,370,371,372,409,411,412,413,417,498,571,573,670,811,812,813,814,836,897,908,910,919,920,921,922,923,924,925,926,927,928,929,930,931,932,933,934,935,1079,1080,1081,1082,1083,1084,1085,1086,1087,1088,1089,1090,1091,1092,1093,1094,
877;0;631;636;1;0,2,8,15,16,18,23,24,26,29,30,32,33,34,36,37,38,39,40,41,42,47,48,52,53,58,62,125,127,196,215,243,248,249,256,257,259,266,330,366,394,395,409,411,412,413,415,425,440,538,541,542,569,570,571,573,576,578,919,920,921,922,926,928,929,930,931,933,934,935,955,1007,1132,1133,1135,1136,1137,1192,1241,1246,
877;1;636;799;1;0,2,8,15,16,18,23,24,26,29,30,32,33,34,36,37,38,39,40,41,42,47,48,52,53,58,62,125,127,196,215,243,248,249,256,257,259,266,330,366,394,395,409,411,412,413,415,425,440,538,541,542,569,570,571,573,576,578,919,920,921,922,926,928,929,930,931,933,934,935,955,1007,1132,1133,1135,1136,1137,1192,1241,1246,
4;0;799;882;1;0,2,8,15,16,18,23,24,26,29,30,32,33,34,36,37,38,39,40,41,42,47,48,52,53,58,62,125,127,196,215,243,248,249,256,257,259,266,330,366,394,395,409,411,412,413,415,425,440,538,541,542,569,570,571,573,576,578,919,920,921,922,926,928,929,930,931,933,934,935,955,1007,1132,1133,1135,1136,1137,1192,1241,1246,
4;1;882;979;1;0,2,8,15,16,18,23,24,26,29,30,32,33,34,36,37,38,39,40,41,42,47,48,52,53,58,62,125,127,196,215,243,248,249,256,257,259,266,330,366,394,395,409,411,412,413,415,425,440,538,541,542,569,570,571,573,576,578,919,920,921,922,926,928,929,930,931,933,934,935,955,1007,1132,1133,1135,1136,1137,1192,1241,1246,
263;0;979;1052;1;0,2,8,15,16,18,23,24,26,29,30,32,33,34,36,37,38,39,40,41,42,47,48,52,53,58,62,125,127,196,215,243,248,249,256,257,259,266,330,366,394,395,409,411,412,413,415,425,440,538,541,542,569,570,571,573,576,578,919,920,921,922,926,928,929,930,931,933,934,935,955,1007,1132,1133,1135,1136,1137,1192,1241,1246,
964;0;1052;1096;1;0,2,8,15,16,18,23,24,26,29,30,32,33,34,36,37,38,39,40,41,42,47,48,52,53,58,62,125,127,196,215,243,248,249,256,257,259,266,330,366,394,395,409,411,412,413,415,425,440,538,541,542,569,570,571,573,576,578,919,920,921,922,926,928,929,930,931,933,934,935,955,1007,1132,1133,1135,1136,1137,1192,1241,1246,
964;1;1096;1186;1;0,2,8,15,16,18,23,24,26,29,30,32,33,34,36,37,38,39,40,41,42,47,48,52,53,58,62,125,127,196,215,243,248,249,256,257,259,266,330,366,394,395,409,411,412,413,415,425,440,538,541,542,569,570,571,573,576,578,919,920,921,922,926,928,929,930,931,933,934,935,955,1007,1132,1133,1135,1136,1137,1192,1241,1246,
599;0;1186;1269;0;0,2,8,15,16,18,23,24,26,29,30,32,33,34,36,37,38,39,40,41,42,47,48,52,53,58,62,125,127,196,215,243,248,249,256,257,259,266,330,366,394,395,409,411,412,413,415,425,440,538,541,542,569,570,571,573,576,578,919,920,921,922,926,928,929,930,931,933,934,935,955,1007,1132,1133,1135,1136,1137,1192,1241,1246,
599;1;1269;1342;0;0,2,8,15,16,18,23,24,26,29,30,32,33,34,36,37,38,39,40,41,42,47,48,52,53,58,62,125,127,196,215,243,248,249,256,257,259,266,330,366,394,395,409,411,412,413,415,425,440,538,541,542,569,570,571,573,576,578,919,920,921,922,926,928,929,930,931,933,934,935,955,1007,1132,1133,1135,1136,1137,1192,1241,1246,
471;0;1342;1439;1;0,2,8,15,16,18,23,24,26,29,30,32,33,34,36,37,38,39,40,41,42,47,48,52,53,58,62,125,127,196,215,243,248,249,256,257,259,266,330,366,394,395,409,411,412,413,415,425,440,538,541,542,569,570,571,573,576,578,919,920,921,922,926,928,929,930,931,933,934,935,955,1007,1132,1133,1135,1136,1137,1192,1241,1246,
790;0;1439;1536;1;0,2,8,15,16,18,23,24,26,29,30,32,33,34,36,37,38,39,40,41,42,47,48,52,53,58,62,125,127,196,215,243,248,249,256,257,259,266,330,366,394,395,409,411,412,413,415,425,440,538,541,542,569,570,571,573,576,578,919,920,921,922,926,928,929,930,931,933,934,935,955,1007,1132,1133,1135,1136,1137,1192,1241,1246,
33;0;1536;1699;1;0,2,8,15,16,18,23,24,26,29,30,32,33,34,36,37,38,39,40,41,42,47,48,52,53,58,62,125,127,196,215,243,248,249,256,257,259,266,330,366,394,395,409,411,412,413,415,425,440,538,541,542,569,570,571,573,576,578,919,920,921,922,926,928,929,930,931,933,934,935,955,1007,1132,1133,1135,1136,1137,1192,1241,1246,
152;0;1699;1746;0;0,2,7,8,15,16,18,23,24,26,29,30,32,33,34,36,37,38,39,40,41,42,44,46,47,48,52,53,58,62,63,125,127,196,197,199,201,215,243,248,249,256,257,259,266,330,366,394,395,409,411,412,413,415,425,440,538,541,542,569,571,573,576,578,844,919,920,921,922,926,928,929,930,931,933,934,935,955,1132,1192,
152;1;1746;1798;0;0,2,7,8,15,16,18,23,24,26,29,30,32,33,34,36,37,38,39,40,41,42,44,46,47,48,52,53,58,62,63,125,127,196,197,199,201,215,243,248,249,256,257,259,266,330,366,394,395,409,411,412,413,415,425,440,538,541,542,569,571,573,576,578,844,919,920,921,922,926,928,929,930,931,933,934,935,955,1132,1192,
147;0;1798;1858;1;0,2,5,6,7,8,15,16,18,23,24,26,29,30,31,32,33,34,36,37,38,39,40,41,42,44,46,47,48,49,51,52,53,54,55,58,59,62,63,64,125,127,196,197,199,201,215,243,248,249,256,257,259,266,330,366,394,395,409,411,412,413,506,507,508,509,510,511,571,573,844,919,920,921,922,926,928,929,930,931,
147;1;1858;1883;1;0,2,5,6,7,8,15,16,18,23,24,26,29,30,31,32,33,34,36,37,38,39,40,41,42,44,46,47,48,49,51,52,53,54,55,58,59,62,63,64,125,127,196,197,199,201,215,243,248,249,256,257,259,266,330,366,394,395,409,411,412,413,506,507,508,509,510,511,571,573,844,919,920,921,922,926,928,929,930,931,
713;0;1883;1980;1;0,2,5,6,7,8,15,16,18,23,24,26,29,30,31,32,33,34,36,37,38,39,40,41,42,44,46,47,48,49,51,52,53,54,55,58,59,62,63,64,125,127,196,197,199,201,215,243,248,249,256,257,259,266,330,366,394,395,409,411,412,413,506,507,508,509,510,511,571,573,844,919,920,921,922,926,928,929,930,931,
999;0;1980;2044;0;0,2,5,6,7,8,15,16,18,23,24,26,29,30,31,32,33,34,36,37,38,39,40,41,42,44,46,47,48,49,51,52,53,54,55,58,59,62,63,64,125,127,196,197,199,201,215,243,248,249,256,257,259,266,330,366,394,395,409,411,412,413,506,507,508,509,510,511,571,573,844,919,920,921,922,926,928,929,930,931,
999;1;2044;2112;0;0,2,5,6,7,8,15,16,18,23,24,26,29,30,31,32,33,34,36,37,38,39,40,41,42,44,46,47,48,49,51,52,53,54,55,58,59,62,63,64,125,127,196,197,199,201,215,243,248,249,256,257,259,266,330,366,394,395,409,411,412,413,506,507,508,509,510,511,571,573,844,919,920,921,922,926,928,929,930,931,
987;0;2112;2202;1;0,1,2,3,4,5,6,7,8,9,10,11,12,13,14,15,16,17,19,20,21,22,23,24,25,26,27,28,29,30,31,32,33,34,35,43,44,45,46,47,48,49,50,51,52,53,54,55,56,57,58,59,60,61,62,63,64,65,125,126,127,128,129,165,196,197,199,200,201,202,248,330,332,352,399,687,689,702,844,1108,
987;1;2202;2342;1;0,1,2,3,4,5,6,7,8,9,10,11,12,13,14,15,16,17,19,20,21,22,23,24,25,26,27,28,29,30,31,32,33,34,35,43,44,45,46,47,48,49,50,51,52,53,54,55,56,57,58,59,60,61,62,63,64,65,125,126,127,128,129,165,196,197,199,200,201,202,248,330,332,352,399,687,689,702,844,1108,
266;0;2342;2346;0;0,1,2,3,4,5,6,7,8,9,10,11,12,13,14,15,16,17,19,20,21,22,23,24,25,26,27,28,29,30,31,32,33,34,35,43,44,45,46,47,48,49,50,51,52,53,54,55,56,57,58,59,60,61,62,63,64,65,125,126,127,128,129,165,196,197,199,200,201,202,248,330,332,352,399,687,689,702,844,1108,
897;0;2346;2466;1;0,1,2,3,4,5,6,7,8,9,10,11,12,13,14,15,16,17,19,20,21,22,23,24,25,26,27,28,29,30,31,32,33,34,35,43,44,45,46,47,48,49,50,51,52,53,54,55,56,57,58,59,60,61,62,63,64,65,125,126,127,128,129,165,196,197,199,200,201,202,248,330,332,352,399,687,689,702,844,1108,
897;1;2466;2578;1;0,1,2,3,4,5,6,7,8,9,10,11,12,13,14,15,16,17,19,20,21,22,23,24,25,26,27,28,29,30,31,32,33,34,35,43,44,45,46,47,48,49,50,51,52,53,54,55,56,57,58,59,60,61,62,63,64,65,125,126,127,128,129,165,196,197,199,200,201,202,248,330,332,352,399,687,689,702,844,1108,
439;0;2578;2659;0;0,1,2,3,4,5,6,7,8,9,10,11,12,13,14,15,16,17,19,20,21,22,23,24,25,26,27,28,29,30,31,32,33,34,35,43,44,45,46,47,48,49,50,51,52,53,54,55,56,57,58,59,60,61,62,63,64,65,125,126,127,128,129,165,196,197,199,200,201,202,248,330,332,352,399,687,689,702,844,1108,
439;1;2659;2725;0;0,1,2,3,4,5,6,7,8,9,10,11,12,13,14,15,16,17,19,20,21,22,23,24,25,26,27,28,29,30,31,32,33,34,35,43,44,45,46,47,48,49,50,51,52,53,54,55,56,57,58,59,60,61,62,63,64,65,125,126,127,128,129,165,196,197,199,200,201,202,248,330,332,352,399,687,689,702,844,1108,
0;0;2725;2876;1;0,1,2,3,4,5,6,7,8,9,10,11,12,13,14,15,16,17,19,20,21,22,23,24,25,26,27,28,29,30,31,32,33,34,35,43,44,45,46,47,48,49,50,51,52,53,54,55,56,57,58,59,60,61,62,63,64,65,125,126,127,128,129,165,196,197,199,200,201,202,248,330,332,352,399,687,689,702,844,1108,
0;1;2876;2922;1;0,1,2,3,4,5,6,7,8,9,10,11,12,13,14,15,16,17,19,20,21,22,23,24,25,26,27,28,29,30,31,32,33,34,35,43,44,45,46,47,48,49,50,51,52,53,54,55,56,57,58,59,60,61,62,63,64,65,125,126,127,128,129,165,196,197,199,200,201,202,248,330,332,352,399,687,689,702,844,1108,
322;0;2922;3071;0;0,1,2,3,4,5,6,7,8,9,10,11,12,13,14,15,16,17,19,20,21,22,23,24,25,26,27,28,29,30,31,32,33,34,35,43,44,45,46,47,48,49,50,51,52,53,54,55,56,57,58,59,60,61,62,63,64,65,125,126,127,128,129,165,196,197,199,200,201,202,248,330,332,352,399,687,689,702,844,1108,
322;1;3071;3123;0;0,1,2,3,4,5,6,7,8,9,10,11,12,13,14,15,16,17,19,20,21,22,23,24,25,26,27,28,29,30,31,32,33,34,35,43,44,45,46,47,48,49,50,51,52,53,54,55,56,57,58,59,60,61,62,63,64,65,125,126,127,128,129,165,196,197,199,200,201,202,248,330,332,352,399,687,689,702,844,1108,
179;0;3123;3254;0;0,1,2,3,4,5,6,7,8,9,10,11,12,13,14,15,16,17,19,20,21,22,23,24,25,26,27,28,29,30,31,32,33,34,35,43,44,45,46,47,48,49,50,51,52,53,54,55,56,57,58,59,60,61,62,63,64,65,125,126,127,128,129,165,196,197,199,200,201,202,248,330,332,352,399,687,689,702,844,1108,
179;1;3254;3265;0;0,1,2,3,4,5,6,7,8,9,10,11,12,13,14,15,16,17,19,20,21,22,23,24,25,26,27,28,29,30,31,32,33,34,35,43,44,45,46,47,48,49,50,51,52,53,54,55,56,57,58,59,60,61,62,63,64,65,125,126,127,128,129,165,196,197,199,200,201,202,248,330,332,352,399,687,689,702,844,1108,
673;0;3265;3405;1;0,1,2,3,4,5,6,7,8,9,10,11,12,13,14,15,16,17,19,20,21,22,23,24,25,26,27,28,29,30,31,32,33,34,35,43,44,45,46,47,48,49,50,51,52,53,54,55,56,57,58,59,60,61,62,63,64,65,125,126,127,128,129,165,196,197,199,200,201,202,248,330,332,352,399,687,689,702,844,1108,
113;0;3405;3482;1;0,1,2,3,4,5,6,7,8,9,10,11,12,13,14,15,16,17,19,20,21,22,23,24,25,26,27,28,29,30,31,32,33,34,35,43,44,45,46,47,48,49,50,51,52,53,54,55,56,57,58,59,60,61,62,63,64,65,125,126,127,128,129,165,196,197,199,200,201,202,248,330,332,352,399,687,689,702,844,1108,
679;0;3482;3600;0;0,1,2,3,4,5,6,7,8,9,15,16,17,19,20,21,22,23,24,25,26,27,28,29,30,31,32,33,35,43,44,45,46,47,48,49,50,51,52,53,54,55,56,57,58,59,60,61,62,63,64,65,125,126,127,128,129,165,193,248,330,332,488,489,666,669,670,709,716,717,718,719,720,1071,1072,1212,1213,1214,1215,1216,
679;1;3600;3675;0;0,1,2,3,4,5,6,7,8,9,15,16,17,19,20,21,22,23,24,25,26,27,28,29,30,31,32,33,35,43,44,45,46,47,48,49,50,51,52,53,54,55,56,57,58,59,60,61,62,63,64,65,125,126,127,128,129,165,193,248,330,332,488,489,666,669,670,709,716,717,718,719,720,1071,1072,1212,1213,1214,1215,1216,
320;0;3675;3780;1;0,1,2,3,4,5,6,7,8,9,15,16,17,19,20,21,22,23,24,25,26,27,28,29,30,31,32,33,35,43,44,45,46,47,48,49,50,51,52,53,54,55,56,57,58,59,60,61,62,63,64,65,125,126,127,128,129,165,193,248,330,332,488,489,666,669,670,709,716,717,718,719,720,1071,1072,1212,1213,1214,1215,1216,
90;0;3780;3821;1;0,1,2,3,4,5,6,7,8,9,15,16,17,19,20,21,22,23,24,25,26,27,28,29,30,31,32,33,35,43,44,45,46,47,48,49,50,51,52,53,54,55,56,57,58,59,60,61,62,63,64,65,125,126,127,128,129,165,193,248,330,332,488,489,666,669,670,709,716,717,718,719,720,1071,1072,1212,1213,1214,1215,1216,
310;0;3821;3972;1;0,1,2,3,4,5,6,7,8,9,15,16,17,19,20,21,22,23,24,25,26,27,28,29,30,31,32,33,35,43,44,45,46,47,48,49,50,51,52,53,54,55,56,57,58,59,60,61,62,63,64,65,125,126,127,128,129,165,193,248,330,332,488,489,666,669,670,709,716,717,718,719,720,1071,1072,1212,1213,1214,1215,1216,
740;0;3972;4125;1;0,1,2,3,4,5,6,7,8,9,15,16,17,19,20,21,22,23,24,25,26,27,28,29,30,31,32,33,35,43,44,45,46,47,48,49,50,51,52,53,54,55,56,57,58,59,60,61,62,63,64,65,125,126,127,128,129,165,193,248,330,332,488,489,666,669,670,709,716,717,718,719,720,1071,1072,1212,1213,1214,1215,1216,
103;0;4125;4230;1;0,1,2,3,4,5,6,7,8,9,15,16,17,19,20,21,22,23,24,25,26,27,28,29,30,31,32,33,35,43,44,45,46,47,48,49,50,51,52,53,54,55,56,57,58,59,60,61,62,63,64,65,125,126,127,128,129,165,193,248,330,332,488,489,666,669,670,709,716,717,718,719,720,1071,1072,1212,1213,1214,1215,1216,
837;0;4230;4285;1;0,1,2,3,4,5,6,7,8,9,15,16,17,19,20,21,22,23,24,25,26,27,28,29,30,31,32,33,35,43,44,45,46,47,48,49,50,51,52,53,54,55,56,57,58,59,60,61,62,63,64,65,125,126,127,128,129,165,193,248,330,332,488,489,666,669,670,709,716,717,718,719,720,1071,1072,1212,1213,1214,1215,1216,
837;1;4285;4324;1;0,1,2,3,4,5,6,7,8,9,15,16,17,19,20,21,22,23,24,25,26,27,28,29,30,31,32,33,35,43,44,45,46,47,48,49,50,51,52,53,54,55,56,57,58,59,60,61,62,63,64,65,125,126,127,128,129,165,193,248,330,332,488,489,666,669,670,709,716,717,718,719,720,1071,1072,1212,1213,1214,1215,1216,
361;0;4324;4335;1;0,1,2,3,4,5,6,7,8,9,15,16,17,19,20,21,22,23,24,25,26,27,28,29,30,31,32,33,35,43,44,45,46,47,48,49,50,51,52,53,54,55,56,57,58,59,60,61,62,63,64,65,125,126,127,128,129,165,193,248,330,332,488,489,666,669,670,709,716,717,718,719,720,1071,1072,1212,1213,1214,1215,1216,
490;0;4335;4480;1;0,1,2,3,4,5,6,7,8,9,15,16,17,19,20,21,22,23,24,25,26,27,28,29,30,31,32,33,35,43,44,45,46,47,48,49,50,51,52,53,54,55,56,57,58,59,60,61,62,63,64,65,125,126,127,128,129,165,193,248,330,332,488,489,666,669,670,709,716,717,718,719,720,1071,1072,1212,1213,1214,1215,1216,
957;0;4480;4544;1;0,1,2,4,5,6,7,8,9,15,16,17,19,20,21,22,23,24,25,26,27,28,29,30,31,32,33,35,45,46,48,49,50,51,52,54,55,58,59,61,62,63,64,65,71,106,115,125,165,179,330,332,428,488,489,857,1166,1167,1168,1169,1170,1171,1172,1173,1174,1175,1176,1177,1178,1179,1180,1181,1182,1183,1184,1185,1186,1187,1188,1189,
957;1;4544;4610;1;0,1,2,4,5,6,7,8,9,15,16,17,19,20,21,22,23,24,25,26,27,28,29,30,31,32,33,35,45,46,48,49,50,51,52,54,55,58,59,61,62,63,64,65,71,106,115,125,165,179,330,332,428,488,489,857,1166,1167,1168,1169,1170,1171,1172,1173,1174,1175,1176,1177,1178,1179,1180,1181,1182,1183,1184,1185,1186,1187,1188,1189,
670;0;4610;4679;1;0,1,2,4,5,6,7,8,9,15,16,17,19,20,21,22,23,24,25,26,27,28,29,30,31,32,33,35,45,46,48,49,50,51,52,54,55,58,59,61,62,63,64,65,67,71,106,115,125,165,179,264,274,330,332,428,488,489,531,534,535,723,857,892,1166,1167,1168,1169,1170,1171,1172,1173,1174,1175,1176,1177,1178,1179,1180,1181,
47;0;4679;4763;1;0,1,2,4,5,6,7,8,9,15,16,17,19,20,21,22,23,24,25,26,27,28,29,30,31,32,33,35,45,46,48,49,50,51,52,54,55,58,59,61,62,63,64,65,67,71,106,115,125,165,179,264,274,330,332,428,488,489,531,534,535,723,857,892,1166,1167,1168,1169,1170,1171,1172,1173,1174,1175,1176,1177,1178,1179,1180,1181,
47;1;4763;4859;1;0,1,2,4,5,6,7,8,9,15,16,17,19,20,21,22,23,24,25,26,27,28,29,30,31,32,33,35,45,46,48,49,50,51,52,54,55,58,59,61,62,63,64,65,67,71,106,115,125,165,179,264,274,330,332,428,488,489,531,534,535,723,857,892,1166,1167,1168,1169,1170,1171,1172,1173,1174,1175,1176,1177,1178,1179,1180,1181,
2;0;4859;4863;0;0,1,2,4,5,6,7,8,9,15,16,17,19,20,21,22,23,24,25,26,27,28,29,30,31,32,33,35,45,46,48,49,50,51,52,54,55,58,59,61,62,63,64,65,67,71,106,115,125,165,179,264,274,330,332,428,488,489,531,534,535,723,857,892,1166,1167,1168,1169,1170,1171,1172,1173,1174,1175,1176,1177,1178,1179,1180,1181,
2;1;4863;4910;0;0,1,2,4,5,6,7,8,9,15,16,17,19,20,21,22,23,24,25,26,27,28,29,30,31,32,33,35,45,46,48,49,50,51,52,54,55,58,59,61,62,63,64,65,67,71,106,115,125,165,179,264,274,330,332,428,488,489,531,534,535,723,857,892,1166,1167,1168,1169,1170,1171,1172,1173,1174,1175,1176,1177,1178,1179,1180,1181,
730;0;4910;5055;1;0,2,5,7,8,9,15,16,17,19,20,21,22,23,24,25,26,27,28,30,31,33,35,41,45,46,48,49,50,52,54,58,59,67,125,165,172,198,264,274,330,332,333,334,383,435,531,534,535,536,591,595,651,722,723,753,754,755,756,757,758,759,820,835,892,979,980,981,982,983,984,985,986,987,988,989,990,991,992,993,
497;0;5055;5206;1;0,2,5,7,8,9,15,16,17,19,20,21,22,23,24,25,26,27,28,30,31,33,35,41,45,46,48,49,50,52,54,58,59,67,125,165,172,198,264,274,330,332,333,334,383,435,531,534,535,536,591,595,651,722,723,753,754,755,756,757,758,759,820,835,892,979,980,981,982,983,984,985,986,987,988,989,990,991,992,993,
497;1;5206;5303;1;0,2,5,7,8,9,15,16,17,19,20,21,22,23,24,25,26,27,28,30,31,33,35,41,45,46,48,49,50,52,54,58,59,67,125,165,172,198,264,274,330,332,333,334,383,435,531,534,535,536,591,595,651,722,723,753,754,755,756,757,758,759,820,835,892,979,980,981,982,983,984,985,986,987,988,989,990,991,992,993,
201;0;5303;5337;1;0,2,5,7,8,9,15,16,17,19,20,21,22,23,24,25,26,27,28,30,31,33,35,41,45,46,48,49,50,52,54,58,59,67,125,165,172,198,264,274,330,332,333,334,383,435,531,534,535,536,591,595,651,722,723,753,754,755,756,757,758,759,820,835,892,979,980,981,982,983,984,985,986,987,988,989,990,991,992,993,
784;0;5337;5485;1;0,2,5,7,8,9,15,16,17,19,20,21,22,23,24,25,26,27,28,30,31,33,35,41,45,46,48,49,50,52,54,58,59,67,125,165,172,198,264,274,330,332,333,334,383,435,531,534,535,536,591,595,651,722,723,753,754,755,756,757,758,759,820,835,892,979,980,981,982,983,984,985,986,987,988,989,990,991,992,993,
784;1;5485;5538;1;0,2,5,7,8,9,15,16,17,19,20,21,22,23,24,25,26,27,28,30,31,33,35,41,45,46,48,49,50,52,54,58,59,67,125,165,172,198,264,274,330,332,333,334,383,435,531,534,535,536,591,595,651,722,723,753,754,755,756,757,758,759,820,835,892,979,980,981,982,983,984,985,986,987,988,989,990,991,992,993,
363;0;5538;5607;1;0,2,5,7,8,9,15,16,17,19,20,21,22,23,24,25,26,27,28,30,31,33,35,41,45,46,48,49,50,52,54,58,59,67,125,165,172,198,264,274,330,332,333,334,383,435,531,534,535,536,591,595,651,722,723,753,754,755,756,757,758,759,820,835,892,979,980,981,982,983,984,985,986,987,988,989,990,991,992,993,
591;0;5607;5627;1;0,2,5,7,8,9,15,16,17,19,20,21,22,23,24,25,26,27,28,30,31,33,35,41,45,46,48,49,50,52,54,58,59,67,125,165,172,198,264,274,330,332,333,334,383,435,531,534,535,536,591,595,651,722,723,753,754,755,756,757,758,759,820,835,892,979,980,981,982,983,984,985,986,987,988,989,990,991,992,993,
557;0;5627;5664;1;0,2,5,7,8,9,15,16,17,19,20,21,22,23,24,25,26,27,28,30,31,33,35,41,45,46,48,49,50,52,54,58,59,67,125,165,172,198,264,274,330,332,333,334,383,435,531,534,535,536,591,595,651,722,723,753,754,755,756,757,758,759,820,835,892,979,980,981,982,983,984,985,986,987,988,989,990,991,992,993,
557;1;5664;5698;1;0,2,5,7,8,9,15,16,17,19,20,21,22,23,24,25,26,27,28,30,31,33,35,41,45,46,48,49,50,52,54,58,59,67,125,165,172,198,264,274,330,332,333,334,383,435,531,534,535,536,591,595,651,722,723,753,754,755,756,757,758,759,820,835,892,979,980,981,982,983,984,985,986,987,988,989,990,991,992,993,
161;0;5698;5808;1;0,2,5,7,8,9,15,16,17,19,20,21,22,23,24,25,26,27,28,30,31,33,35,41,45,46,48,49,50,52,54,58,59,67,125,165,172,198,264,274,330,332,333,334,383,435,531,534,535,536,591,595,651,722,723,753,754,755,756,757,758,759,820,835,892,979,980,981,982,983,984,985,986,987,988,989,990,991,992,993,
274;0;5808;5852;1;0,2,5,7,8,9,15,16,17,19,20,21,22,23,24,25,26,27,28,30,31,33,35,41,45,46,48,49,50,52,54,58,59,67,125,165,172,198,264,274,330,332,333,334,383,435,531,534,535,536,591,595,651,722,723,753,754,755,756,757,758,759,820,835,892,979,980,981,982,983,984,985,986,987,988,989,990,991,992,993,
274;1;5852;5949;1;0,2,5,7,8,9,15,16,17,19,20,21,22,23,24,25,26,27,28,30,31,33,35,41,45,46,48,49,50,52,54,58,59,67,125,165,172,198,264,274,330,332,333,334,383,435,531,534,535,536,591,595,651,722,723,753,754,755,756,757,758,759,820,835,892,979,980,981,982,983,984,985,986,987,988,989,990,991,992,993,
437;0;5949;6029;1;0,2,5,7,8,9,15,16,17,19,20,21,22,23,24,25,26,27,28,30,31,33,35,41,45,46,48,49,50,52,54,58,59,67,125,131,132,133,136,137,138,140,143,144,145,160,172,198,206,264,274,330,332,333,334,383,435,476,479,531,534,535,536,591,595,651,722,723,753,754,755,756,757,758,759,762,820,892,1005,1006,
437;1;6029;6107;1;0,2,5,7,8,9,15,16,17,19,20,21,22,23,24,25,26,27,28,30,31,33,35,41,45,46,48,49,50,52,54,58,59,67,125,131,132,133,136,137,138,140,143,144,145,160,172,198,206,264,274,330,332,333,334,383,435,476,479,531,534,535,536,591,595,651,722,723,753,754,755,756,757,758,759,762,820,892,1005,1006,
381;0;6107;6141;1;0,2,5,7,8,9,15,16,17,19,20,21,22,23,24,25,26,27,28,30,31,33,35,41,45,46,48,49,50,52,54,58,59,67,125,131,132,133,136,137,138,140,143,144,145,160,172,198,206,264,274,330,332,333,334,383,435,476,479,531,534,535,536,591,595,651,722,723,753,754,755,756,757,758,759,762,820,892,1005,1006,
532;0;6141;6155;0;0,2,5,7,8,9,15,16,17,19,20,21,22,23,24,25,26,27,28,30,31,33,35,41,45,46,48,49,50,52,54,58,59,67,125,131,132,133,136,137,138,140,143,144,145,160,172,198,206,264,274,330,332,333,334,383,435,476,479,531,534,535,536,591,595,651,722,723,753,754,755,756,757,758,759,762,820,892,1005,1006,
532;1;6155;6233;0;0,2,5,7,8,9,15,16,17,19,20,21,22,23,24,25,26,27,28,30,31,33,35,41,45,46,48,49,50,52,54,58,59,67,125,131,132,133,136,137,138,140,143,144,145,160,172,198,206,264,274,330,332,333,334,383,435,476,479,531,534,535,536,591,595,651,722,723,753,754,755,756,757,758,759,762,820,892,1005,1006,
450;0;6233;6267;1;0,2,5,7,8,9,15,16,17,19,20,21,22,23,24,25,26,27,28,30,31,33,35,41,45,46,48,49,50,52,54,58,59,67,125,131,132,133,136,137,138,140,143,144,145,160,172,198,206,264,274,330,332,333,334,383,435,476,479,531,534,535,536,591,595,651,722,723,753,754,755,756,757,758,759,762,820,892,1005,1006,
510;0;6267;6377;1;0,2,5,7,8,9,15,16,17,19,20,21,22,23,24,25,26,27,28,30,31,33,35,41,45,46,48,49,50,52,54,58,59,67,125,131,132,133,136,137,138,140,143,144,145,160,172,198,206,264,274,330,332,333,334,383,435,476,479,531,534,535,536,591,595,651,722,723,753,754,755,756,757,758,759,762,820,892,1005,1006,
394;0;6377;6411;1;0,7,8,15,16,18,19,20,21,22,23,24,25,26,27,28,30,33,48,49,52,58,59,67,82,131,132,133,134,135,136,137,138,140,143,145,160,178,187,206,218,264,266,269,274,330,332,333,334,335,337,366,394,395,403,476,479,500,501,502,503,504,505,531,532,534,811,812,813,814,885,889,891,893,894,970,971,972,973,974,
394;1;6411;6516;1;0,7,8,15,16,18,19,20,21,22,23,24,25,26,27,28,30,33,48,49,52,58,59,67,82,131,132,133,134,135,136,137,138,140,143,145,160,178,187,206,218,264,266,269,274,330,332,333,334,335,337,366,394,395,403,476,479,500,501,502,503,504,505,531,532,534,811,812,813,814,885,889,891,893,894,970,971,972,973,974,
614;0;6516;6680;1;0,7,8,15,16,18,19,20,21,22,23,24,25,26,27,28,30,33,48,49,52,58,59,67,82,131,132,133,134,135,136,137,138,140,143,145,160,178,187,206,218,264,266,269,274,330,332,333,334,335,337,366,394,395,403,476,479,500,501,502,503,504,505,531,532,534,811,812,813,814,885,889,891,893,894,970,971,972,973,974,
614;1;6680;6828;1;0,7,8,15,16,18,19,20,21,22,23,24,25,26,27,28,30,33,48,49,52,58,59,67,82,131,132,133,134,135,136,137,138,140,143,145,160,178,187,206,218,264,266,269,274,330,332,333,334,335,337,366,394,395,403,476,479,500,501,502,503,504,505,531,532,534,811,812,813,814,885,889,891,893,894,970,971,972,973,974,
333;0;6828;6987;1;0,7,8,15,16,18,19,20,21,22,23,24,25,26,27,28,30,33,48,49,52,58,59,67,82,131,132,133,134,135,136,137,138,140,143,145,160,178,187,206,218,264,266,269,274,330,332,333,334,335,337,366,394,395,403,476,479,500,501,502,503,504,505,531,532,534,811,812,813,814,885,889,891,893,894,970,971,972,973,974,
986;0;6987;7005;0;0,7,8,15,16,18,19,20,21,22,23,24,25,26,27,28,30,33,48,49,52,58,59,67,82,131,132,133,134,135,136,137,138,140,143,145,160,178,187,206,218,264,266,269,274,330,332,333,334,335,337,366,394,395,403,476,479,500,501,502,503,504,505,531,532,534,811,812,813,814,885,889,891,893,894,970,971,972,973,974,
684;0;7005;7082;1;0,7,8,15,16,18,19,20,21,22,23,24,25,26,27,28,30,33,48,49,52,58,59,67,82,131,132,133,134,135,136,137,138,140,143,145,160,178,187,206,218,264,266,269,274,330,332,333,334,335,337,366,394,395,403,476,479,500,501,502,503,504,505,531,532,534,811,812,813,814,885,889,891,893,894,970,971,972,973,974,
684;1;7082;7241;1;0,7,8,15,16,18,19,20,21,22,23,24,25,26,27,28,30,33,48,49,52,58,59,67,82,131,132,133,134,135,136,137,138,140,143,145,160,178,187,206,218,264,266,269,274,330,332,333,334,335,337,366,394,395,403,476,479,500,501,502,503,504,505,531,532,534,811,812,813,814,885,889,891,893,894,970,971,972,973,974,
574;0;7241;7346;1;0,7,8,15,16,18,19,20,21,22,23,24,25,26,27,28,30,33,48,49,52,58,59,67,82,131,132,133,134,135,136,137,138,140,143,145,160,178,187,206,218,264,266,269,274,330,332,333,334,335,337,366,394,395,403,476,479,500,501,502,503,504,505,531,532,534,811,812,813,814,885,889,891,893,894,970,971,972,973,974,
574;1;7346;7523;1;0,7,8,15,16,18,19,20,21,22,23,24,25,26,27,28,30,33,48,49,52,58,59,67,82,131,132,133,134,135,136,137,138,140,143,145,160,178,187,206,218,264,266,269,274,330,332,333,334,335,337,366,394,395,403,476,479,500,501,502,503,504,505,531,532,534,811,812,813,814,885,889,891,893,894,970,971,972,973,974,
339;0;7523;7579;0;0,7,8,15,16,18,19,20,21,22,23,24,25,26,27,28,30,33,48,49,52,58,59,67,82,131,132,133,134,135,136,137,138,140,143,145,160,178,187,206,218,264,266,269,274,330,332,333,334,335,337,366,394,395,403,476,479,500,501,502,503,504,505,531,532,534,811,812,813,814,885,889,891,893,894,970,971,972,973,974,
339;1;7579;7659;0;0,7,8,15,16,18,19,20,21,22,23,24,25,26,27,28,30,33,48,49,52,58,59,67,82,131,132,133,134,135,136,137,138,140,143,145,160,178,187,206,218,264,266,269,274,330,332,333,334,335,337,366,394,395,403,476,479,500,501,502,503,504,505,531,532,534,811,812,813,814,885,889,891,893,894,970,971,972,973,974,
330;0;7659;7768;1;0,7,8,15,16,18,19,20,21,22,23,24,25,26,27,28,30,33,48,49,52,58,59,67,82,131,132,133,134,135,136,137,138,140,143,145,160,178,187,206,218,264,266,269,274,330,332,333,334,335,337,366,394,395,403,476,479,500,501,502,503,504,505,531,532,534,811,812,813,814,885,889,891,893,894,970,971,972,973,974,
503;0;7768;7877;1;0,7,8,15,16,18,19,20,21,22,23,24,25,26,27,28,30,33,48,49,52,58,59,67,82,131,132,133,134,135,136,137,138,140,143,145,160,178,187,206,218,264,266,269,274,330,332,333,334,335,337,366,394,395,403,476,479,500,501,502,503,504,505,531,532,534,811,812,813,814,885,889,891,893,894,970,971,972,973,974,
838;0;7877;7891;0;0,7,8,15,16,18,19,20,21,22,23,24,25,26,27,28,30,33,48,49,52,58,59,67,82,131,132,133,134,135,136,137,138,140,143,145,160,178,187,206,218,264,266,269,274,330,332,333,334,335,337,366,394,395,403,476,479,500,501,502,503,504,505,531,532,534,811,812,813,814,885,889,891,893,894,970,971,972,973,974,
761;0;7891;7905;1;0,7,8,15,16,18,19,20,21,22,23,24,25,26,27,28,30,33,48,49,52,58,59,67,82,131,132,133,134,135,136,137,138,140,143,145,160,178,187,206,218,264,266,269,274,330,332,333,334,335,337,366,394,395,403,476,479,500,501,502,503,504,505,531,532,534,811,812,813,814,885,889,891,893,894,970,971,972,973,974,
833;0;7905;8058;1;0,7,8,15,16,17,18,19,20,21,22,23,24,27,29,30,32,33,48,49,52,58,59,62,63,64,66,82,131,132,133,134,135,136,137,138,140,143,145,154,155,156,157,158,159,160,161,162,163,164,178,187,206,218,269,274,476,479,500,501,502,503,504,505,531,534,535,563,564,565,566,567,568,885,970,971,972,973,974,1217,
223;0;8058;8072;1;0,7,8,15,16,17,18,19,20,21,22,23,24,27,29,30,32,33,48,49,52,58,59,62,63,64,66,82,131,132,133,134,135,136,137,138,140,143,145,154,155,156,157,158,159,160,161,162,163,164,178,187,206,218,269,274,476,479,500,501,502,503,504,505,531,534,535,563,564,565,566,567,568,885,970,971,972,973,974,1217,
926;0;8072;8105;0;0,7,8,15,16,17,18,19,20,21,22,23,24,27,29,30,32,33,48,49,52,58,59,62,63,64,66,82,131,132,133,134,135,136,137,138,140,143,145,154,155,156,157,158,159,160,161,162,163,164,178,187,206,218,269,274,476,479,500,501,502,503,504,505,531,534,535,563,564,565,566,567,568,885,970,971,972,973,974,1217,
817;0;8105;8110;1;0,7,8,15,16,17,18,19,20,21,22,23,24,27,29,30,32,33,48,49,52,58,59,62,63,64,66,82,131,132,133,134,135,136,137,138,140,143,145,154,155,156,157,158,159,160,161,162,163,164,178,187,206,218,269,274,476,479,500,501,502,503,504,505,531,534,535,563,564,565,566,567,568,885,970,971,972,973,974,1217,
817;1;8110;8162;1;0,7,8,15,16,17,18,19,20,21,22,23,24,27,29,30,32,33,48,49,52,58,59,62,63,64,66,82,131,132,133,134,135,136,137,138,140,143,145,154,155,156,157,158,159,160,161,162,163,164,178,187,206,218,269,274,476,479,500,501,502,503,504,505,531,534,535,563,564,565,566,567,568,885,970,971,972,973,974,1217,
667;0;8162;8235;1;0,7,8,15,16,17,18,19,20,21,22,23,24,27,29,30,32,33,48,49,52,58,59,62,63,64,66,82,131,132,133,134,135,136,137,138,140,143,145,154,155,156,157,158,159,160,161,162,163,164,178,187,206,218,269,274,476,479,500,501,502,503,504,505,531,534,535,563,564,565,566,567,568,885,970,971,972,973,974,1217,
667;1;8235;8243;1;0,7,8,15,16,17,18,19,20,21,22,23,24,27,29,30,32,33,48,49,52,58,59,62,63,64,66,82,131,132,133,134,135,136,137,138,140,143,145,154,155,156,157,158,159,160,161,162,163,164,178,187,206,218,269,274,476,479,500,501,502,503,504,505,531,534,535,563,564,565,566,567,568,885,970,971,972,973,974,1217,
230;0;8243;8348;1;0,7,8,15,16,17,18,19,20,21,22,23,24,27,29,30,32,33,48,49,52,58,59,62,63,64,66,82,131,132,133,134,135,136,137,138,140,143,145,154,155,156,157,158,159,160,161,162,163,164,178,187,206,218,269,274,476,479,500,501,502,503,504,505,531,534,535,563,564,565,566,567,568,885,970,971,972,973,974,1217,
695;0;8348;8396;0;0,7,8,15,16,17,18,19,20,21,22,23,24,27,29,30,32,33,48,49,52,58,59,62,63,64,66,82,131,132,133,134,135,136,137,138,140,143,145,154,155,156,157,158,159,160,161,162,163,164,178,187,206,218,269,274,476,479,500,501,502,503,504,505,531,534,535,563,564,565,566,567,568,885,970,971,972,973,974,1217,
461;0;8396;8476;1;0,7,8,15,16,17,18,19,20,21,22,23,24,27,29,30,32,33,48,49,52,58,59,62,63,64,66,82,131,132,133,134,135,136,137,138,140,143,145,154,155,156,157,158,159,160,161,162,163,164,178,187,206,218,269,274,476,479,500,501,502,503,504,505,531,534,535,563,564,565,566,567,568,885,970,971,972,973,974,1217,
529;0;8476;8574;0;0,7,8,15,16,17,18,19,20,21,22,23,24,27,29,30,32,33,48,49,52,58,59,62,63,64,66,82,131,132,133,134,135,136,137,138,140,143,145,154,155,156,157,158,159,160,161,162,163,164,178,187,206,218,269,274,476,479,500,501,502,503,504,505,531,534,535,563,564,565,566,567,568,885,970,971,972,973,974,1217,
529;1;8574;8731;0;0,7,8,15,16,17,18,19,20,21,22,23,24,27,29,30,32,33,48,49,52,58,59,62,63,64,66,82,131,132,133,134,135,136,137,138,140,143,145,154,155,156,157,158,159,160,161,162,163,164,178,187,206,218,269,274,476,479,500,501,502,503,504,505,531,534,535,563,564,565,566,567,568,885,970,971,972,973,974,1217,
433;0;8731;8883;1;0,7,8,15,16,17,18,19,20,21,22,23,24,27,29,30,32,33,48,49,52,58,59,62,63,64,66,82,131,132,133,134,135,136,137,138,140,143,145,154,155,156,157,158,159,160,161,162,163,164,178,187,206,218,269,274,476,479,500,501,502,503,504,505,531,534,535,563,564,565,566,567,568,885,970,971,972,973,974,1217,
984;0;8883;8903;1;0,7,8,15,16,17,18,19,20,21,22,23,24,27,29,30,32,33,48,49,52,58,59,62,63,64,66,82,131,132,133,134,135,136,137,138,140,143,145,154,155,156,157,158,159,160,161,162,163,164,178,187,206,218,269,274,476,479,500,501,502,503,504,505,531,534,535,563,564,565,566,567,568,885,970,971,972,973,974,1217,
984;1;8903;9008;1;0,7,8,15,16,17,18,19,20,21,22,23,24,27,29,30,32,33,48,49,52,58,59,62,63,64,66,82,131,132,133,134,135,136,137,138,140,143,145,154,155,156,157,158,159,160,161,162,163,164,178,187,206,218,269,274,476,479,500,501,502,503,504,505,531,534,535,563,564,565,566,567,568,885,970,971,972,973,974,1217,
860;0;9008;9088;1;0,7,8,15,16,17,18,19,20,21,22,23,24,27,29,30,32,33,48,49,52,58,59,62,63,64,66,82,131,132,133,134,135,136,137,138,140,143,145,154,155,156,157,158,159,160,161,162,163,164,178,187,206,218,269,274,476,479,500,501,502,503,504,505,531,534,535,563,564,565,566,567,568,885,970,971,972,973,974,1217,
641;0;9088;9248;1;0,7,8,15,16,17,18,19,20,21,22,23,24,27,29,30,32,33,48,49,52,58,59,62,63,64,66,82,131,132,133,134,135,136,137,138,140,143,145,154,155,156,157,158,159,160,161,162,163,164,178,187,206,218,269,274,476,479,500,501,502,503,504,505,531,534,535,563,564,565,566,567,568,885,970,971,972,973,974,1217,
191;0;9248;9314;1;0,7,8,15,16,17,18,19,20,21,22,23,24,27,29,30,32,33,48,49,52,58,59,62,63,64,66,82,131,132,133,134,135,136,137,138,140,143,145,154,155,156,157,158,159,160,161,162,163,164,178,187,206,218,269,274,476,479,500,501,502,503,504,505,531,534,535,563,564,565,566,567,568,885,970,971,972,973,974,1217,
240;0;9314;9363;1;0,2,4,5,8,9,12,15,23,24,29,30,31,32,33,34,35,46,48,49,50,52,54,58,59,61,64,82,87,106,125,131,132,133,134,135,136,137,138,140,143,154,155,156,157,158,159,160,161,162,163,164,172,176,206,218,341,476,479,488,489,591,753,754,755,756,757,758,759,810,849,873,874,875,876,877,878,879,880,881,
183;0;9363;9383;1;0,2,4,5,8,9,12,15,23,24,29,30,31,32,33,34,35,46,48,49,50,52,54,58,59,61,64,82,87,106,125,131,132,133,134,135,136,137,138,140,143,154,155,156,157,158,159,160,161,162,163,164,172,176,206,218,341,476,479,488,489,591,753,754,755,756,757,758,759,810,849,873,874,875,876,877,878,879,880,881,
967;0;9383;9540;1;0,2,4,5,8,9,12,15,23,24,29,30,31,32,33,34,35,46,48,49,50,52,54,58,59,61,64,82,87,106,125,131,132,133,134,135,136,137,138,140,143,154,155,156,157,158,159,160,161,162,163,164,172,176,206,218,341,476,479,488,489,591,753,754,755,756,757,758,759,810,849,873,874,875,876,877,878,879,880,881,
967;1;9540;9560;1;0,2,4,5,8,9,12,15,23,24,29,30,31,32,33,34,35,46,48,49,50,52,54,58,59,61,64,82,87,106,125,131,132,133,134,135,136,137,138,140,143,154,155,156,157,158,159,160,161,162,163,164,172,176,206,218,341,476,479,488,489,591,753,754,755,756,757,758,759,810,849,873,874,875,876,877,878,879,880,881,
636;0;9560;9565;0;0,2,4,5,8,9,12,15,23,24,29,30,31,32,33,34,35,46,48,49,50,52,54,58,59,61,64,82,87,106,125,131,132,133,134,135,136,137,138,140,143,154,155,156,157,158,159,160,161,162,163,164,172,176,206,218,341,476,479,488,489,591,753,754,755,756,757,758,759,810,849,873,874,875,876,877,878,879,880,881,
380;0;9565;9631;1;0,2,4,5,8,9,12,15,23,24,29,30,31,32,33,34,35,46,48,49,50,52,54,58,59,61,64,82,87,106,125,131,132,133,134,135,136,137,138,140,143,154,155,156,157,158,159,160,161,162,163,164,172,176,206,218,341,476,479,488,489,591,753,754,755,756,757,758,759,810,849,873,874,875,876,877,878,879,880,881,
701;0;9631;9755;1;0,2,4,5,8,9,12,15,23,24,29,30,31,32,33,34,35,46,48,49,50,52,54,58,59,61,64,82,87,106,125,131,132,133,134,135,136,137,138,140,143,154,155,156,157,158,159,160,161,162,163,164,172,176,206,218,341,476,479,488,489,591,753,754,755,756,757,758,759,810,849,873,874,875,876,877,878,879,880,881,
115;0;9755;9775;0;0,2,4,5,8,9,12,15,23,24,29,30,31,32,33,34,35,46,48,49,50,52,54,58,59,61,64,82,87,106,125,131,132,133,134,135,136,137,138,140,143,154,155,156,157,158,159,160,161,162,163,164,172,176,206,218,341,476,479,488,489,591,753,754,755,756,757,758,759,810,849,873,874,875,876,877,878,879,880,881,
445;0;9775;9795;0;0,2,4,5,8,9,12,15,23,24,29,30,31,32,33,34,35,46,48,49,50,52,54,58,59,61,64,82,87,106,125,131,132,133,134,135,136,137,138,140,143,154,155,156,157,158,159,160,161,162,163,164,172,176,206,218,341,476,479,488,489,591,753,754,755,756,757,758,759,810,849,873,874,875,876,877,878,879,880,881,
633;0;9795;9815;1;0,2,4,5,8,9,12,15,23,24,29,30,31,32,33,34,35,46,48,49,50,52,54,58,59,61,64,82,87,106,125,131,132,133,134,135,136,137,138,140,143,154,155,156,157,158,159,160,161,162,163,164,172,176,206,218,341,476,479,488,489,591,753,754,755,756,757,758,759,810,849,873,874,875,876,877,878,879,880,881,
123;0;9815;9863;1;0,2,4,5,8,9,12,15,23,24,29,30,31,32,33,34,35,46,48,49,50,52,54,58,59,61,64,82,87,106,125,131,132,133,134,135,136,137,138,140,143,154,155,156,157,158,159,160,161,162,163,164,172,176,206,218,341,476,479,488,489,591,753,754,755,756,757,758,759,810,849,873,874,875,876,877,878,879,880,881,
130;0;9863;10000;1;0,2,4,5,8,9,12,15,23,24,29,30,31,32,33,34,35,46,48,49,50,52,54,58,59,61,64,82,87,106,125,131,132,133,134,135,136,137,138,140,143,154,155,156,157,158,159,160,161,162,163,164,172,176,206,218,341,476,479,488,489,591,753,754,755,756,757,758,759,810,849,873,874,875,876,877,878,879,880,881,
92;0;10000;10041;0;0,2,4,5,8,9,12,15,23,24,29,30,31,32,33,34,35,46,48,49,50,52,54,58,59,61,64,82,87,106,125,131,132,133,134,135,136,137,138,140,143,154,155,156,157,158,159,160,161,162,163,164,172,176,206,218,341,476,479,488,489,591,753,754,755,756,757,758,759,810,849,873,874,875,876,877,878,879,880,881,
92;1;10041;10049;0;0,2,4,5,8,9,12,15,23,24,29,30,31,32,33,34,35,46,48,49,50,52,54,58,59,61,64,82,87,106,125,131,132,133,134,135,136,137,138,140,143,154,155,156,157,158,159,160,161,162,163,164,172,176,206,218,341,476,479,488,489,591,753,754,755,756,757,758,759,810,849,873,874,875,876,877,878,879,880,881,
871;0;10049;10069;1;0,2,4,5,8,9,12,15,23,24,29,30,31,32,33,34,35,46,48,49,50,52,54,58,59,61,64,82,87,106,125,131,132,133,134,135,136,137,138,140,143,154,155,156,157,158,159,160,161,162,163,164,172,176,206,218,341,476,479,488,489,591,753,754,755,756,757,758,759,810,849,873,874,875,876,877,878,879,880,881,
END
fineshedJobsCount: 788
switchs: 2087
switchsInstances: 83
unfineshedPriorityCount: 97
totalUnfineshed: 613
criticalMachineSwitchs: 319
criticalMachineTime: 10069
Final Solution: 17813
Time: 2163237
PTL: 499
MCMC: 425
Best Initial: -1416
Mean Initial: -3010.64
