./input/BaseInstances/6M2_n=339,r=0.4,t=339,v0.txt;./input/Processed/ToolSetInt.csv
7;720;1440
Machine: 0
69;0;0;60;0;0,1,2,3,4,12,13,14,15,20,25,26,27,28,29,30,31,32,33,40,46,54,55,56,57,58,59,60,61,62,122,123,124,148,149,150,151,152,153,154,155,156,157,158,159,160,161,162,163,193,194,195,196,197,198,199,242,243,283,284,285,286,287,288,289,290,291,292,293,324,325,326,327,328,329,330,331,332,333,334,
69;1;60;229;0;0,1,2,3,4,12,13,14,15,20,25,26,27,28,29,30,31,32,33,40,46,54,55,56,57,58,59,60,61,62,122,123,124,148,149,150,151,152,153,154,155,156,157,158,159,160,161,162,163,193,194,195,196,197,198,199,242,243,283,284,285,286,287,288,289,290,291,292,293,324,325,326,327,328,329,330,331,332,333,334,
8;0;229;306;0;0,1,2,3,4,12,13,14,15,20,25,26,27,28,29,30,31,32,33,40,46,54,55,56,57,58,59,60,61,62,122,123,124,148,149,150,151,152,153,154,155,156,157,158,159,160,161,162,163,193,194,195,196,197,198,199,242,243,283,284,285,286,287,288,289,290,291,292,293,324,325,326,327,328,329,330,331,332,333,334,
237;0;306;445;1;0,1,2,3,4,12,13,14,15,20,25,26,27,28,29,30,31,32,33,40,46,54,55,56,57,58,59,60,61,62,122,123,124,148,149,150,151,152,153,154,155,156,157,158,159,160,161,162,163,193,194,195,196,197,198,199,242,243,283,284,285,286,287,288,289,290,291,292,293,324,325,326,327,328,329,330,331,332,333,334,
237;1;445;539;1;0,1,2,3,4,12,13,14,15,20,25,26,27,28,29,30,31,32,33,40,46,54,55,56,57,58,59,60,61,62,122,123,124,148,149,150,151,152,153,154,155,156,157,158,159,160,161,162,163,193,194,195,196,197,198,199,242,243,283,284,285,286,287,288,289,290,291,292,293,324,325,326,327,328,329,330,331,332,333,334,
168;0;539;658;0;0,1,2,3,4,12,13,14,15,20,25,26,27,28,29,30,31,32,33,40,46,54,55,56,57,58,59,60,61,62,122,123,124,148,149,150,151,152,153,154,155,156,157,158,159,160,161,162,163,193,194,195,196,197,198,199,242,243,283,284,285,286,287,288,289,290,291,292,293,324,325,326,327,328,329,330,331,332,333,334,
135;0;658;783;0;0,1,2,3,4,12,13,14,15,20,25,26,27,28,29,30,31,32,33,40,46,54,55,56,57,58,59,60,61,62,122,123,124,148,149,150,151,152,153,154,155,156,157,158,159,160,161,162,163,193,194,195,196,197,198,199,242,243,283,284,285,286,287,288,289,290,291,292,293,324,325,326,327,328,329,330,331,332,333,334,
122;0;783;856;0;0,1,2,3,4,12,13,14,15,20,25,26,27,28,29,30,31,32,33,40,46,54,55,56,57,58,59,60,61,62,122,123,124,148,149,150,151,152,153,154,155,156,157,158,159,160,161,162,163,193,194,195,196,197,198,199,242,243,283,284,285,286,287,288,289,290,291,292,293,324,325,326,327,328,329,330,331,332,333,334,
122;1;856;934;0;0,1,2,3,4,12,13,14,15,20,25,26,27,28,29,30,31,32,33,40,46,54,55,56,57,58,59,60,61,62,122,123,124,148,149,150,151,152,153,154,155,156,157,158,159,160,161,162,163,193,194,195,196,197,198,199,242,243,283,284,285,286,287,288,289,290,291,292,293,324,325,326,327,328,329,330,331,332,333,334,
90;0;934;975;1;0,1,2,3,4,12,13,14,15,20,25,26,27,28,29,30,31,32,33,40,46,54,55,56,57,58,59,60,61,62,122,123,124,148,149,150,151,152,153,154,155,156,157,158,159,160,161,162,163,193,194,195,196,197,198,199,242,243,283,284,285,286,287,288,289,290,291,292,293,324,325,326,327,328,329,330,331,332,333,334,
148;0;975;1076;0;0,1,2,3,4,12,13,14,15,20,25,26,27,28,29,30,31,32,33,40,46,54,55,56,57,58,59,60,61,62,122,123,124,148,149,150,151,152,153,154,155,156,157,158,159,160,161,162,163,193,194,195,196,197,198,199,242,243,283,284,285,286,287,288,289,290,291,292,293,324,325,326,327,328,329,330,331,332,333,334,
15;0;1076;1100;0;0,1,2,3,4,12,13,14,15,20,25,26,27,28,29,30,31,32,33,40,46,54,55,56,57,58,59,60,61,62,122,123,124,148,149,150,151,152,153,154,155,156,157,158,159,160,161,162,163,193,194,195,196,197,198,199,242,243,283,284,285,286,287,288,289,290,291,292,293,324,325,326,327,328,329,330,331,332,333,334,
39;0;1100;1247;0;0,1,2,3,4,12,13,14,15,20,25,26,27,28,29,30,31,32,33,40,46,54,55,56,57,58,59,60,61,62,122,123,124,148,149,150,151,152,153,154,155,156,157,158,159,160,161,162,163,193,194,195,196,197,198,199,242,243,283,284,285,286,287,288,289,290,291,292,293,324,325,326,327,328,329,330,331,332,333,334,
39;1;1247;1367;0;0,1,2,3,4,12,13,14,15,20,25,26,27,28,29,30,31,32,33,40,46,54,55,56,57,58,59,60,61,62,122,123,124,148,149,150,151,152,153,154,155,156,157,158,159,160,161,162,163,193,194,195,196,197,198,199,242,243,283,284,285,286,287,288,289,290,291,292,293,324,325,326,327,328,329,330,331,332,333,334,
163;0;1367;1523;1;0,1,2,3,4,12,13,14,15,20,25,26,27,28,29,30,31,32,33,40,46,54,55,56,57,58,59,60,61,62,122,123,124,148,149,150,151,152,153,154,155,156,157,158,159,160,161,162,163,193,194,195,196,197,198,199,242,243,283,284,285,286,287,288,289,290,291,292,293,324,325,326,327,328,329,330,331,332,333,334,
214;0;1523;1538;1;0,1,2,3,4,12,13,14,15,20,25,26,27,28,29,30,31,32,33,40,46,54,55,56,57,58,59,60,61,62,122,123,124,148,149,150,151,152,153,154,155,156,157,158,159,160,161,162,163,193,194,195,196,197,198,199,242,243,283,284,285,286,287,288,289,290,291,292,293,324,325,326,327,328,329,330,331,332,333,334,
214;1;1538;1641;1;0,1,2,3,4,12,13,14,15,20,25,26,27,28,29,30,31,32,33,40,46,54,55,56,57,58,59,60,61,62,122,123,124,148,149,150,151,152,153,154,155,156,157,158,159,160,161,162,163,193,194,195,196,197,198,199,242,243,283,284,285,286,287,288,289,290,291,292,293,324,325,326,327,328,329,330,331,332,333,334,
139;0;1641;1817;0;0,1,2,3,4,12,13,14,15,20,25,26,27,28,29,30,31,32,33,40,46,54,55,56,57,58,59,60,61,62,122,123,124,148,149,150,151,152,153,154,155,156,157,158,159,160,161,162,163,193,194,195,196,197,198,199,242,243,283,284,285,286,287,288,289,290,291,292,293,324,325,326,327,328,329,330,331,332,333,334,
139;1;1817;1823;0;0,1,2,3,4,12,13,14,15,20,25,26,27,28,29,30,31,32,33,40,46,54,55,56,57,58,59,60,61,62,122,123,124,148,149,150,151,152,153,154,155,156,157,158,159,160,161,162,163,193,194,195,196,197,198,199,242,243,283,284,285,286,287,288,289,290,291,292,293,324,325,326,327,328,329,330,331,332,333,334,
51;0;1823;1969;1;0,1,2,3,4,12,13,14,15,20,25,26,27,28,29,30,31,32,33,40,46,54,55,56,57,58,59,60,61,62,122,123,124,148,149,150,151,152,153,154,155,156,157,158,159,160,161,162,163,193,194,195,196,197,198,199,242,243,283,284,285,286,287,288,289,290,291,292,293,324,325,326,327,328,329,330,331,332,333,334,
185;0;1969;2021;0;0,1,2,3,4,12,13,14,15,20,25,26,27,28,29,30,31,32,33,40,46,54,55,56,57,58,59,60,61,62,122,123,124,148,149,150,151,152,153,154,155,156,157,158,159,160,161,162,163,193,194,195,196,197,198,199,242,243,283,284,285,286,287,288,289,290,291,292,293,324,325,326,327,328,329,330,331,332,333,334,
187;0;2021;2102;1;0,1,2,3,4,12,13,14,15,20,25,26,27,28,29,30,31,32,33,40,46,54,55,56,57,58,59,60,61,62,122,123,124,148,149,150,151,152,153,154,155,156,157,158,159,160,161,162,163,193,194,195,196,197,198,199,242,243,283,284,285,286,287,288,289,290,291,292,293,324,325,326,327,328,329,330,331,332,333,334,
187;1;2102;2253;1;0,1,2,3,4,12,13,14,15,20,25,26,27,28,29,30,31,32,33,40,46,54,55,56,57,58,59,60,61,62,122,123,124,148,149,150,151,152,153,154,155,156,157,158,159,160,161,162,163,193,194,195,196,197,198,199,242,243,283,284,285,286,287,288,289,290,291,292,293,324,325,326,327,328,329,330,331,332,333,334,
16;0;2253;2347;0;0,1,2,3,4,12,13,14,15,20,25,26,27,28,29,30,31,32,33,40,46,54,55,56,57,58,59,60,61,62,122,123,124,148,149,150,151,152,153,154,155,156,157,158,159,160,161,162,163,193,194,195,196,197,198,199,242,243,283,284,285,286,287,288,289,290,291,292,293,324,325,326,327,328,329,330,331,332,333,334,
50;0;2347;2517;1;0,1,2,3,4,12,13,14,15,20,25,26,27,28,29,30,31,32,33,40,46,54,55,56,57,58,59,60,61,62,122,123,124,148,149,150,151,152,153,154,155,156,157,158,159,160,161,162,163,193,194,195,196,197,198,199,242,243,283,284,285,286,287,288,289,290,291,292,293,324,325,326,327,328,329,330,331,332,333,334,
34;0;2517;2521;1;0,1,2,3,4,12,13,14,15,20,25,26,27,28,29,30,31,32,33,40,46,54,55,56,57,58,59,60,61,62,122,123,124,148,149,150,151,152,153,154,155,156,157,158,159,160,161,162,163,193,194,195,196,197,198,199,242,243,283,284,285,286,287,288,289,290,291,292,293,324,325,326,327,328,329,330,331,332,333,334,
34;1;2521;2665;1;0,1,2,3,4,12,13,14,15,20,25,26,27,28,29,30,31,32,33,40,46,54,55,56,57,58,59,60,61,62,122,123,124,148,149,150,151,152,153,154,155,156,157,158,159,160,161,162,163,193,194,195,196,197,198,199,242,243,283,284,285,286,287,288,289,290,291,292,293,324,325,326,327,328,329,330,331,332,333,334,
145;0;2665;2763;0;0,1,2,3,4,12,13,14,15,20,25,26,27,28,29,30,31,32,33,40,46,54,55,56,57,58,59,60,61,62,122,123,124,148,149,150,151,152,153,154,155,156,157,158,159,160,161,162,163,193,194,195,196,197,198,199,242,243,283,284,285,286,287,288,289,290,291,292,293,324,325,326,327,328,329,330,331,332,333,334,
81;0;2763;2864;1;0,1,2,3,4,12,13,14,15,20,25,26,27,28,29,30,31,32,33,40,46,54,55,56,57,58,59,60,61,62,122,123,124,148,149,150,151,152,153,154,155,156,157,158,159,160,161,162,163,193,194,195,196,197,198,199,242,243,283,284,285,286,287,288,289,290,291,292,293,324,325,326,327,328,329,330,331,332,333,334,
134;0;2864;3011;1;0,1,2,3,4,12,13,14,15,20,25,26,27,28,29,30,31,32,33,40,46,54,55,56,57,58,59,60,61,62,122,123,124,148,149,150,151,152,153,154,155,156,157,158,159,160,161,162,163,193,194,195,196,197,198,199,242,243,283,284,285,286,287,288,289,290,291,292,293,324,325,326,327,328,329,330,331,332,333,334,
134;1;3011;3122;1;0,1,2,3,4,12,13,14,15,20,25,26,27,28,29,30,31,32,33,40,46,54,55,56,57,58,59,60,61,62,122,123,124,148,149,150,151,152,153,154,155,156,157,158,159,160,161,162,163,193,194,195,196,197,198,199,242,243,283,284,285,286,287,288,289,290,291,292,293,324,325,326,327,328,329,330,331,332,333,334,
25;0;3122;3148;0;0,1,2,3,4,12,13,14,15,20,25,26,27,28,29,30,31,32,33,40,46,54,55,56,57,58,59,60,61,62,122,123,124,148,149,150,151,152,153,154,155,156,157,158,159,160,161,162,163,193,194,195,196,197,198,199,242,243,283,284,285,286,287,288,289,290,291,292,293,324,325,326,327,328,329,330,331,332,333,334,
26;0;3148;3192;0;0,1,2,3,4,12,13,14,15,20,25,26,27,28,29,30,31,32,33,40,46,54,55,56,57,58,59,60,61,62,122,123,124,148,149,150,151,152,153,154,155,156,157,158,159,160,161,162,163,193,194,195,196,197,198,199,242,243,283,284,285,286,287,288,289,290,291,292,293,324,325,326,327,328,329,330,331,332,333,334,
141;0;3192;3273;1;0,1,2,3,4,12,13,14,15,20,25,26,27,28,29,30,31,32,33,40,46,54,55,56,57,58,59,60,61,62,122,123,124,148,149,150,151,152,153,154,155,156,157,158,159,160,161,162,163,193,194,195,196,197,198,199,242,243,283,284,285,286,287,288,289,290,291,292,293,324,325,326,327,328,329,330,331,332,333,334,
46;0;3273;3424;0;0,1,2,3,4,12,13,14,15,20,25,26,27,28,29,30,31,32,33,40,46,54,55,56,57,58,59,60,61,62,122,123,124,148,149,150,151,152,153,154,155,156,157,158,159,160,161,162,163,193,194,195,196,197,198,199,242,243,283,284,285,286,287,288,289,290,291,292,293,324,325,326,327,328,329,330,331,332,333,334,
169;0;3424;3571;0;0,1,2,3,4,12,13,14,15,20,25,26,27,28,29,30,31,32,33,40,46,54,55,56,57,58,59,60,61,62,122,123,124,148,149,150,151,152,153,154,155,156,157,158,159,160,161,162,163,193,194,195,196,197,198,199,242,243,283,284,285,286,287,288,289,290,291,292,293,324,325,326,327,328,329,330,331,332,333,334,
169;1;3571;3665;0;0,1,2,3,4,12,13,14,15,20,25,26,27,28,29,30,31,32,33,40,46,54,55,56,57,58,59,60,61,62,122,123,124,148,149,150,151,152,153,154,155,156,157,158,159,160,161,162,163,193,194,195,196,197,198,199,242,243,283,284,285,286,287,288,289,290,291,292,293,324,325,326,327,328,329,330,331,332,333,334,
176;0;3665;3706;0;0,1,2,3,4,12,13,14,15,20,25,26,27,28,29,30,31,32,33,40,46,54,55,56,57,58,59,60,61,62,122,123,124,148,149,150,151,152,153,154,155,156,157,158,159,160,161,162,163,193,194,195,196,197,198,199,242,243,283,284,285,286,287,288,289,290,291,292,293,324,325,326,327,328,329,330,331,332,333,334,
222;0;3706;3775;0;0,1,2,3,4,12,13,14,15,20,25,26,27,28,29,30,31,32,33,40,46,54,55,56,57,58,59,60,61,62,122,123,124,148,149,150,151,152,153,154,155,156,157,158,159,160,161,162,163,193,194,195,196,197,198,199,242,243,283,284,285,286,287,288,289,290,291,292,293,324,325,326,327,328,329,330,331,332,333,334,
222;1;3775;3816;0;0,1,2,3,4,12,13,14,15,20,25,26,27,28,29,30,31,32,33,40,46,54,55,56,57,58,59,60,61,62,122,123,124,148,149,150,151,152,153,154,155,156,157,158,159,160,161,162,163,193,194,195,196,197,198,199,242,243,283,284,285,286,287,288,289,290,291,292,293,324,325,326,327,328,329,330,331,332,333,334,
100;0;3816;3935;1;0,1,2,3,4,12,13,14,15,20,25,26,27,28,29,30,31,32,33,40,46,54,55,56,57,58,59,60,61,62,122,123,124,148,149,150,151,152,153,154,155,156,157,158,159,160,161,162,163,193,194,195,196,197,198,199,242,243,283,284,285,286,287,288,289,290,291,292,293,324,325,326,327,328,329,330,331,332,333,334,
42;0;3935;3980;0;0,1,2,3,4,12,13,14,15,20,25,26,27,28,29,30,31,32,33,40,46,54,55,56,57,58,59,60,61,62,122,123,124,148,149,150,151,152,153,154,155,156,157,158,159,160,161,162,163,193,194,195,196,197,198,199,242,243,283,284,285,286,287,288,289,290,291,292,293,324,325,326,327,328,329,330,331,332,333,334,
42;1;3980;4105;0;0,1,2,3,4,12,13,14,15,20,25,26,27,28,29,30,31,32,33,40,46,54,55,56,57,58,59,60,61,62,122,123,124,148,149,150,151,152,153,154,155,156,157,158,159,160,161,162,163,193,194,195,196,197,198,199,242,243,283,284,285,286,287,288,289,290,291,292,293,324,325,326,327,328,329,330,331,332,333,334,
219;0;4105;4281;0;0,1,2,3,4,12,13,14,15,20,25,26,27,28,29,30,31,32,33,40,46,54,55,56,57,58,59,60,61,62,122,123,124,148,149,150,151,152,153,154,155,156,157,158,159,160,161,162,163,193,194,195,196,197,198,199,242,243,283,284,285,286,287,288,289,290,291,292,293,324,325,326,327,328,329,330,331,332,333,334,
219;1;4281;4442;0;0,1,2,3,4,12,13,14,15,20,25,26,27,28,29,30,31,32,33,40,46,54,55,56,57,58,59,60,61,62,122,123,124,148,149,150,151,152,153,154,155,156,157,158,159,160,161,162,163,193,194,195,196,197,198,199,242,243,283,284,285,286,287,288,289,290,291,292,293,324,325,326,327,328,329,330,331,332,333,334,
54;0;4442;4484;1;0,1,2,3,4,12,13,14,15,20,25,26,27,28,29,30,31,32,33,40,46,54,55,56,57,58,59,60,61,62,122,123,124,148,149,150,151,152,153,154,155,156,157,158,159,160,161,162,163,193,194,195,196,197,198,199,242,243,283,284,285,286,287,288,289,290,291,292,293,324,325,326,327,328,329,330,331,332,333,334,
54;1;4484;4525;1;0,1,2,3,4,12,13,14,15,20,25,26,27,28,29,30,31,32,33,40,46,54,55,56,57,58,59,60,61,62,122,123,124,148,149,150,151,152,153,154,155,156,157,158,159,160,161,162,163,193,194,195,196,197,198,199,242,243,283,284,285,286,287,288,289,290,291,292,293,324,325,326,327,328,329,330,331,332,333,334,
10;0;4525;4628;1;0,1,2,3,4,12,13,14,15,20,25,26,27,28,29,30,31,32,33,40,46,54,55,56,57,58,59,60,61,62,122,123,124,148,149,150,151,152,153,154,155,156,157,158,159,160,161,162,163,193,194,195,196,197,198,199,242,243,283,284,285,286,287,288,289,290,291,292,293,324,325,326,327,328,329,330,331,332,333,334,
98;0;4628;4708;0;0,1,2,3,4,12,13,14,15,20,25,26,27,28,29,30,31,32,33,40,46,54,55,56,57,58,59,60,61,62,122,123,124,148,149,150,151,152,153,154,155,156,157,158,159,160,161,162,163,193,194,195,196,197,198,199,242,243,283,284,285,286,287,288,289,290,291,292,293,324,325,326,327,328,329,330,331,332,333,334,
27;0;4708;4858;1;0,1,2,3,4,12,13,14,15,20,25,26,27,28,29,30,31,32,33,40,46,54,55,56,57,58,59,60,61,62,122,123,124,148,149,150,151,152,153,154,155,156,157,158,159,160,161,162,163,193,194,195,196,197,198,199,242,243,283,284,285,286,287,288,289,290,291,292,293,324,325,326,327,328,329,330,331,332,333,334,
27;1;4858;4888;1;0,1,2,3,4,12,13,14,15,20,25,26,27,28,29,30,31,32,33,40,46,54,55,56,57,58,59,60,61,62,122,123,124,148,149,150,151,152,153,154,155,156,157,158,159,160,161,162,163,193,194,195,196,197,198,199,242,243,283,284,285,286,287,288,289,290,291,292,293,324,325,326,327,328,329,330,331,332,333,334,
13;0;4888;4939;1;0,1,2,3,4,12,13,14,15,20,25,26,27,28,29,30,31,32,33,40,46,54,55,56,57,58,59,60,61,62,122,123,124,148,149,150,151,152,153,154,155,156,157,158,159,160,161,162,163,193,194,195,196,197,198,199,242,243,283,284,285,286,287,288,289,290,291,292,293,324,325,326,327,328,329,330,331,332,333,334,
164;0;4939;5104;1;0,1,2,3,4,12,13,14,15,20,25,26,27,28,29,30,31,32,33,40,46,54,55,56,57,58,59,60,61,62,122,123,124,148,149,150,151,152,153,154,155,156,157,158,159,160,161,162,163,193,194,195,196,197,198,199,242,243,283,284,285,286,287,288,289,290,291,292,293,324,325,326,327,328,329,330,331,332,333,334,
164;1;5104;5233;1;0,1,2,3,4,12,13,14,15,20,25,26,27,28,29,30,31,32,33,40,46,54,55,56,57,58,59,60,61,62,122,123,124,148,149,150,151,152,153,154,155,156,157,158,159,160,161,162,163,193,194,195,196,197,198,199,242,243,283,284,285,286,287,288,289,290,291,292,293,324,325,326,327,328,329,330,331,332,333,334,
62;0;5233;5328;0;0,1,2,3,4,12,13,14,15,20,25,26,27,28,29,30,31,32,33,40,46,54,55,56,57,58,59,60,61,62,122,123,124,148,149,150,151,152,153,154,155,156,157,158,159,160,161,162,163,193,194,195,196,197,198,199,242,243,283,284,285,286,287,288,289,290,291,292,293,324,325,326,327,328,329,330,331,332,333,334,
62;1;5328;5418;0;0,1,2,3,4,12,13,14,15,20,25,26,27,28,29,30,31,32,33,40,46,54,55,56,57,58,59,60,61,62,122,123,124,148,149,150,151,152,153,154,155,156,157,158,159,160,161,162,163,193,194,195,196,197,198,199,242,243,283,284,285,286,287,288,289,290,291,292,293,324,325,326,327,328,329,330,331,332,333,334,
3;0;5418;5467;1;0,1,2,3,4,12,13,14,15,20,25,26,27,28,29,30,31,32,33,40,46,54,55,56,57,58,59,60,61,62,122,123,124,148,149,150,151,152,153,154,155,156,157,158,159,160,161,162,163,193,194,195,196,197,198,199,242,243,283,284,285,286,287,288,289,290,291,292,293,324,325,326,327,328,329,330,331,332,333,334,
103;0;5467;5572;1;0,1,2,3,4,12,13,14,15,20,25,26,27,28,29,30,31,32,33,40,46,54,55,56,57,58,59,60,61,62,122,123,124,148,149,150,151,152,153,154,155,156,157,158,159,160,161,162,163,193,194,195,196,197,198,199,242,243,283,284,285,286,287,288,289,290,291,292,293,324,325,326,327,328,329,330,331,332,333,334,
Machine: 1
204;0;0;156;1;5,6,7,10,11,16,17,18,19,21,22,23,47,48,49,50,51,63,64,65,66,67,70,77,78,79,80,81,82,83,84,85,86,87,88,90,91,95,117,123,125,126,127,128,129,130,131,132,133,134,135,136,137,167,168,169,192,200,248,249,274,279,300,301,302,303,304,305,306,307,308,309,310,311,312,313,335,336,337,338,
204;1;156;235;1;5,6,7,10,11,16,17,18,19,21,22,23,47,48,49,50,51,63,64,65,66,67,70,77,78,79,80,81,82,83,84,85,86,87,88,90,91,95,117,123,125,126,127,128,129,130,131,132,133,134,135,136,137,167,168,169,192,200,248,249,274,279,300,301,302,303,304,305,306,307,308,309,310,311,312,313,335,336,337,338,
4;0;235;383;1;5,6,7,10,11,16,17,18,19,21,22,23,47,48,49,50,51,63,64,65,66,67,70,77,78,79,80,81,82,83,84,85,86,87,88,90,91,95,117,123,125,126,127,128,129,130,131,132,133,134,135,136,137,167,168,169,192,200,248,249,274,279,300,301,302,303,304,305,306,307,308,309,310,311,312,313,335,336,337,338,
4;1;383;480;1;5,6,7,10,11,16,17,18,19,21,22,23,47,48,49,50,51,63,64,65,66,67,70,77,78,79,80,81,82,83,84,85,86,87,88,90,91,95,117,123,125,126,127,128,129,130,131,132,133,134,135,136,137,167,168,169,192,200,248,249,274,279,300,301,302,303,304,305,306,307,308,309,310,311,312,313,335,336,337,338,
121;0;480;645;1;5,6,7,10,11,16,17,18,19,21,22,23,47,48,49,50,51,63,64,65,66,67,70,77,78,79,80,81,82,83,84,85,86,87,88,90,91,95,117,123,125,126,127,128,129,130,131,132,133,134,135,136,137,167,168,169,192,200,248,249,274,279,300,301,302,303,304,305,306,307,308,309,310,311,312,313,335,336,337,338,
189;0;645;713;0;5,6,7,10,11,16,17,18,19,21,22,23,47,48,49,50,51,63,64,65,66,67,70,77,78,79,80,81,82,83,84,85,86,87,88,90,91,95,117,123,125,126,127,128,129,130,131,132,133,134,135,136,137,167,168,169,192,200,248,249,274,279,300,301,302,303,304,305,306,307,308,309,310,311,312,313,335,336,337,338,
189;1;713;838;0;5,6,7,10,11,16,17,18,19,21,22,23,47,48,49,50,51,63,64,65,66,67,70,77,78,79,80,81,82,83,84,85,86,87,88,90,91,95,117,123,125,126,127,128,129,130,131,132,133,134,135,136,137,167,168,169,192,200,248,249,274,279,300,301,302,303,304,305,306,307,308,309,310,311,312,313,335,336,337,338,
99;0;838;870;0;5,6,7,10,11,16,17,18,19,21,22,23,47,48,49,50,51,63,64,65,66,67,70,77,78,79,80,81,82,83,84,85,86,87,88,90,91,95,117,123,125,126,127,128,129,130,131,132,133,134,135,136,137,167,168,169,192,200,248,249,274,279,300,301,302,303,304,305,306,307,308,309,310,311,312,313,335,336,337,338,
99;1;870;915;0;5,6,7,10,11,16,17,18,19,21,22,23,47,48,49,50,51,63,64,65,66,67,70,77,78,79,80,81,82,83,84,85,86,87,88,90,91,95,117,123,125,126,127,128,129,130,131,132,133,134,135,136,137,167,168,169,192,200,248,249,274,279,300,301,302,303,304,305,306,307,308,309,310,311,312,313,335,336,337,338,
21;0;915;949;1;5,6,7,10,11,16,17,18,19,21,22,23,47,48,49,50,51,63,64,65,66,67,70,77,78,79,80,81,82,83,84,85,86,87,88,90,91,95,117,123,125,126,127,128,129,130,131,132,133,134,135,136,137,167,168,169,192,200,248,249,274,279,300,301,302,303,304,305,306,307,308,309,310,311,312,313,335,336,337,338,
207;0;949;1114;1;5,6,7,10,11,16,17,18,19,21,22,23,47,48,49,50,51,63,64,65,66,67,70,77,78,79,80,81,82,83,84,85,86,87,88,90,91,95,117,123,125,126,127,128,129,130,131,132,133,134,135,136,137,167,168,169,192,200,248,249,274,279,300,301,302,303,304,305,306,307,308,309,310,311,312,313,335,336,337,338,
207;1;1114;1259;1;5,6,7,10,11,16,17,18,19,21,22,23,47,48,49,50,51,63,64,65,66,67,70,77,78,79,80,81,82,83,84,85,86,87,88,90,91,95,117,123,125,126,127,128,129,130,131,132,133,134,135,136,137,167,168,169,192,200,248,249,274,279,300,301,302,303,304,305,306,307,308,309,310,311,312,313,335,336,337,338,
45;0;1259;1328;0;5,6,7,10,11,16,17,18,19,21,22,23,47,48,49,50,51,63,64,65,66,67,70,77,78,79,80,81,82,83,84,85,86,87,88,90,91,95,117,123,125,126,127,128,129,130,131,132,133,134,135,136,137,167,168,169,192,200,248,249,274,279,300,301,302,303,304,305,306,307,308,309,310,311,312,313,335,336,337,338,
191;0;1328;1394;1;5,6,7,10,11,16,17,18,19,21,22,23,47,48,49,50,51,63,64,65,66,67,70,77,78,79,80,81,82,83,84,85,86,87,88,90,91,95,117,123,125,126,127,128,129,130,131,132,133,134,135,136,137,167,168,169,192,200,248,249,274,279,300,301,302,303,304,305,306,307,308,309,310,311,312,313,335,336,337,338,
104;0;1394;1471;1;5,6,7,10,11,16,17,18,19,21,22,23,47,48,49,50,51,63,64,65,66,67,70,77,78,79,80,81,82,83,84,85,86,87,88,90,91,95,117,123,125,126,127,128,129,130,131,132,133,134,135,136,137,167,168,169,192,200,248,249,274,279,300,301,302,303,304,305,306,307,308,309,310,311,312,313,335,336,337,338,
104;1;1471;1612;1;5,6,7,10,11,16,17,18,19,21,22,23,47,48,49,50,51,63,64,65,66,67,70,77,78,79,80,81,82,83,84,85,86,87,88,90,91,95,117,123,125,126,127,128,129,130,131,132,133,134,135,136,137,167,168,169,192,200,248,249,274,279,300,301,302,303,304,305,306,307,308,309,310,311,312,313,335,336,337,338,
202;0;1612;1749;0;5,6,7,10,11,16,17,18,19,21,22,23,47,48,49,50,51,63,64,65,66,67,70,77,78,79,80,81,82,83,84,85,86,87,88,90,91,95,117,123,125,126,127,128,129,130,131,132,133,134,135,136,137,167,168,169,192,200,248,249,274,279,300,301,302,303,304,305,306,307,308,309,310,311,312,313,335,336,337,338,
202;1;1749;1835;0;5,6,7,10,11,16,17,18,19,21,22,23,47,48,49,50,51,63,64,65,66,67,70,77,78,79,80,81,82,83,84,85,86,87,88,90,91,95,117,123,125,126,127,128,129,130,131,132,133,134,135,136,137,167,168,169,192,200,248,249,274,279,300,301,302,303,304,305,306,307,308,309,310,311,312,313,335,336,337,338,
128;0;1835;1921;0;5,6,7,10,11,16,17,18,19,21,22,23,47,48,49,50,51,63,64,65,66,67,70,77,78,79,80,81,82,83,84,85,86,87,88,90,91,95,117,123,125,126,127,128,129,130,131,132,133,134,135,136,137,167,168,169,192,200,248,249,274,279,300,301,302,303,304,305,306,307,308,309,310,311,312,313,335,336,337,338,
149;0;1921;1993;0;5,6,7,10,11,16,17,18,19,21,22,23,47,48,49,50,51,63,64,65,66,67,70,77,78,79,80,81,82,83,84,85,86,87,88,90,91,95,117,123,125,126,127,128,129,130,131,132,133,134,135,136,137,167,168,169,192,200,248,249,274,279,300,301,302,303,304,305,306,307,308,309,310,311,312,313,335,336,337,338,
149;1;1993;2048;0;5,6,7,10,11,16,17,18,19,21,22,23,47,48,49,50,51,63,64,65,66,67,70,77,78,79,80,81,82,83,84,85,86,87,88,90,91,95,117,123,125,126,127,128,129,130,131,132,133,134,135,136,137,167,168,169,192,200,248,249,274,279,300,301,302,303,304,305,306,307,308,309,310,311,312,313,335,336,337,338,
23;0;2048;2221;1;5,6,7,10,11,16,17,18,19,21,22,23,47,48,49,50,51,63,64,65,66,67,70,77,78,79,80,81,82,83,84,85,86,87,88,90,91,95,117,123,125,126,127,128,129,130,131,132,133,134,135,136,137,167,168,169,192,200,248,249,274,279,300,301,302,303,304,305,306,307,308,309,310,311,312,313,335,336,337,338,
193;0;2221;2394;1;5,6,7,10,11,16,17,18,19,21,22,23,47,48,49,50,51,63,64,65,66,67,70,77,78,79,80,81,82,83,84,85,86,87,88,90,91,95,117,123,125,126,127,128,129,130,131,132,133,134,135,136,137,167,168,169,192,200,248,249,274,279,300,301,302,303,304,305,306,307,308,309,310,311,312,313,335,336,337,338,
161;0;2394;2504;1;5,6,7,10,11,16,17,18,19,21,22,23,47,48,49,50,51,63,64,65,66,67,70,77,78,79,80,81,82,83,84,85,86,87,88,90,91,95,117,123,125,126,127,128,129,130,131,132,133,134,135,136,137,167,168,169,192,200,248,249,274,279,300,301,302,303,304,305,306,307,308,309,310,311,312,313,335,336,337,338,
123;0;2504;2552;1;5,6,7,10,11,16,17,18,19,21,22,23,47,48,49,50,51,63,64,65,66,67,70,77,78,79,80,81,82,83,84,85,86,87,88,90,91,95,117,123,125,126,127,128,129,130,131,132,133,134,135,136,137,167,168,169,192,200,248,249,274,279,300,301,302,303,304,305,306,307,308,309,310,311,312,313,335,336,337,338,
129;0;2552;2650;0;5,6,7,10,11,16,17,18,19,21,22,23,47,48,49,50,51,63,64,65,66,67,70,77,78,79,80,81,82,83,84,85,86,87,88,90,91,95,117,123,125,126,127,128,129,130,131,132,133,134,135,136,137,167,168,169,192,200,248,249,274,279,300,301,302,303,304,305,306,307,308,309,310,311,312,313,335,336,337,338,
129;1;2650;2706;0;5,6,7,10,11,16,17,18,19,21,22,23,47,48,49,50,51,63,64,65,66,67,70,77,78,79,80,81,82,83,84,85,86,87,88,90,91,95,117,123,125,126,127,128,129,130,131,132,133,134,135,136,137,167,168,169,192,200,248,249,274,279,300,301,302,303,304,305,306,307,308,309,310,311,312,313,335,336,337,338,
28;0;2706;2881;0;5,6,7,10,11,16,17,18,19,21,22,23,47,48,49,50,51,63,64,65,66,67,70,77,78,79,80,81,82,83,84,85,86,87,88,90,91,95,117,123,125,126,127,128,129,130,131,132,133,134,135,136,137,167,168,169,192,200,248,249,274,279,300,301,302,303,304,305,306,307,308,309,310,311,312,313,335,336,337,338,
22;0;2881;3012;0;5,6,7,10,11,16,17,18,19,21,22,23,47,48,49,50,51,63,64,65,66,67,70,77,78,79,80,81,82,83,84,85,86,87,88,90,91,95,117,123,125,126,127,128,129,130,131,132,133,134,135,136,137,167,168,169,192,200,248,249,274,279,300,301,302,303,304,305,306,307,308,309,310,311,312,313,335,336,337,338,
22;1;3012;3139;0;5,6,7,10,11,16,17,18,19,21,22,23,47,48,49,50,51,63,64,65,66,67,70,77,78,79,80,81,82,83,84,85,86,87,88,90,91,95,117,123,125,126,127,128,129,130,131,132,133,134,135,136,137,167,168,169,192,200,248,249,274,279,300,301,302,303,304,305,306,307,308,309,310,311,312,313,335,336,337,338,
94;0;3139;3191;1;5,6,7,10,11,16,17,18,19,21,22,23,47,48,49,50,51,63,64,65,66,67,70,77,78,79,80,81,82,83,84,85,86,87,88,90,91,95,117,123,125,126,127,128,129,130,131,132,133,134,135,136,137,167,168,169,192,200,248,249,274,279,300,301,302,303,304,305,306,307,308,309,310,311,312,313,335,336,337,338,
94;1;3191;3264;1;5,6,7,10,11,16,17,18,19,21,22,23,47,48,49,50,51,63,64,65,66,67,70,77,78,79,80,81,82,83,84,85,86,87,88,90,91,95,117,123,125,126,127,128,129,130,131,132,133,134,135,136,137,167,168,169,192,200,248,249,274,279,300,301,302,303,304,305,306,307,308,309,310,311,312,313,335,336,337,338,
60;0;3264;3301;1;5,6,7,10,11,16,17,18,19,21,22,23,47,48,49,50,51,63,64,65,66,67,70,77,78,79,80,81,82,83,84,85,86,87,88,90,91,95,117,123,125,126,127,128,129,130,131,132,133,134,135,136,137,167,168,169,192,200,248,249,274,279,300,301,302,303,304,305,306,307,308,309,310,311,312,313,335,336,337,338,
146;0;3301;3352;0;5,6,7,10,11,16,17,18,19,21,22,23,47,48,49,50,51,63,64,65,66,67,70,77,78,79,80,81,82,83,84,85,86,87,88,90,91,95,117,123,125,126,127,128,129,130,131,132,133,134,135,136,137,167,168,169,192,200,248,249,274,279,300,301,302,303,304,305,306,307,308,309,310,311,312,313,335,336,337,338,
182;0;3352;3360;0;5,6,7,10,11,16,17,18,19,21,22,23,47,48,49,50,51,63,64,65,66,67,70,77,78,79,80,81,82,83,84,85,86,87,88,90,91,95,117,123,125,126,127,128,129,130,131,132,133,134,135,136,137,167,168,169,192,200,248,249,274,279,300,301,302,303,304,305,306,307,308,309,310,311,312,313,335,336,337,338,
182;1;3360;3370;0;5,6,7,10,11,16,17,18,19,21,22,23,47,48,49,50,51,63,64,65,66,67,70,77,78,79,80,81,82,83,84,85,86,87,88,90,91,95,117,123,125,126,127,128,129,130,131,132,133,134,135,136,137,167,168,169,192,200,248,249,274,279,300,301,302,303,304,305,306,307,308,309,310,311,312,313,335,336,337,338,
133;0;3370;3456;1;5,6,7,10,11,16,17,18,19,21,22,23,47,48,49,50,51,63,64,65,66,67,70,77,78,79,80,81,82,83,84,85,86,87,88,90,91,95,117,123,125,126,127,128,129,130,131,132,133,134,135,136,137,167,168,169,192,200,248,249,274,279,300,301,302,303,304,305,306,307,308,309,310,311,312,313,335,336,337,338,
17;0;3456;3524;1;5,6,7,10,11,16,17,18,19,21,22,23,47,48,49,50,51,63,64,65,66,67,70,77,78,79,80,81,82,83,84,85,86,87,88,90,91,95,117,123,125,126,127,128,129,130,131,132,133,134,135,136,137,167,168,169,192,200,248,249,274,279,300,301,302,303,304,305,306,307,308,309,310,311,312,313,335,336,337,338,
17;1;3524;3558;1;5,6,7,10,11,16,17,18,19,21,22,23,47,48,49,50,51,63,64,65,66,67,70,77,78,79,80,81,82,83,84,85,86,87,88,90,91,95,117,123,125,126,127,128,129,130,131,132,133,134,135,136,137,167,168,169,192,200,248,249,274,279,300,301,302,303,304,305,306,307,308,309,310,311,312,313,335,336,337,338,
72;0;3558;3721;0;5,6,7,10,11,16,17,18,19,21,22,23,47,48,49,50,51,63,64,65,66,67,70,77,78,79,80,81,82,83,84,85,86,87,88,90,91,95,117,123,125,126,127,128,129,130,131,132,133,134,135,136,137,167,168,169,192,200,248,249,274,279,300,301,302,303,304,305,306,307,308,309,310,311,312,313,335,336,337,338,
72;1;3721;3826;0;5,6,7,10,11,16,17,18,19,21,22,23,47,48,49,50,51,63,64,65,66,67,70,77,78,79,80,81,82,83,84,85,86,87,88,90,91,95,117,123,125,126,127,128,129,130,131,132,133,134,135,136,137,167,168,169,192,200,248,249,274,279,300,301,302,303,304,305,306,307,308,309,310,311,312,313,335,336,337,338,
194;0;3826;3917;1;5,6,7,10,11,16,17,18,19,21,22,23,47,48,49,50,51,63,64,65,66,67,70,77,78,79,80,81,82,83,84,85,86,87,88,90,91,95,117,123,125,126,127,128,129,130,131,132,133,134,135,136,137,167,168,169,192,200,248,249,274,279,300,301,302,303,304,305,306,307,308,309,310,311,312,313,335,336,337,338,
194;1;3917;3951;1;5,6,7,10,11,16,17,18,19,21,22,23,47,48,49,50,51,63,64,65,66,67,70,77,78,79,80,81,82,83,84,85,86,87,88,90,91,95,117,123,125,126,127,128,129,130,131,132,133,134,135,136,137,167,168,169,192,200,248,249,274,279,300,301,302,303,304,305,306,307,308,309,310,311,312,313,335,336,337,338,
56;0;3951;3968;0;5,6,7,10,11,16,17,18,19,21,22,23,47,48,49,50,51,63,64,65,66,67,70,77,78,79,80,81,82,83,84,85,86,87,88,90,91,95,117,123,125,126,127,128,129,130,131,132,133,134,135,136,137,167,168,169,192,200,248,249,274,279,300,301,302,303,304,305,306,307,308,309,310,311,312,313,335,336,337,338,
211;0;3968;4012;1;5,6,7,10,11,16,17,18,19,21,22,23,47,48,49,50,51,63,64,65,66,67,70,77,78,79,80,81,82,83,84,85,86,87,88,90,91,95,117,123,125,126,127,128,129,130,131,132,133,134,135,136,137,167,168,169,192,200,248,249,274,279,300,301,302,303,304,305,306,307,308,309,310,311,312,313,335,336,337,338,
130;0;4012;4149;1;5,6,7,10,11,16,17,18,19,21,22,23,47,48,49,50,51,63,64,65,66,67,70,77,78,79,80,81,82,83,84,85,86,87,88,90,91,95,117,123,125,126,127,128,129,130,131,132,133,134,135,136,137,167,168,169,192,200,248,249,274,279,300,301,302,303,304,305,306,307,308,309,310,311,312,313,335,336,337,338,
70;0;4149;4225;1;5,6,7,10,11,16,17,18,19,21,22,23,47,48,49,50,51,63,64,65,66,67,70,77,78,79,80,81,82,83,84,85,86,87,88,90,91,95,117,123,125,126,127,128,129,130,131,132,133,134,135,136,137,167,168,169,192,200,248,249,274,279,300,301,302,303,304,305,306,307,308,309,310,311,312,313,335,336,337,338,
86;0;4225;4262;0;5,6,7,10,11,16,17,18,19,21,22,23,47,48,49,50,51,63,64,65,66,67,70,77,78,79,80,81,82,83,84,85,86,87,88,90,91,95,117,123,125,126,127,128,129,130,131,132,133,134,135,136,137,167,168,169,192,200,248,249,274,279,300,301,302,303,304,305,306,307,308,309,310,311,312,313,335,336,337,338,
32;0;4262;4268;0;5,6,7,10,11,16,17,18,19,21,22,23,47,48,49,50,51,63,64,65,66,67,70,77,78,79,80,81,82,83,84,85,86,87,88,90,91,95,117,123,125,126,127,128,129,130,131,132,133,134,135,136,137,167,168,169,192,200,248,249,274,279,300,301,302,303,304,305,306,307,308,309,310,311,312,313,335,336,337,338,
32;1;4268;4336;0;5,6,7,10,11,16,17,18,19,21,22,23,47,48,49,50,51,63,64,65,66,67,70,77,78,79,80,81,82,83,84,85,86,87,88,90,91,95,117,123,125,126,127,128,129,130,131,132,133,134,135,136,137,167,168,169,192,200,248,249,274,279,300,301,302,303,304,305,306,307,308,309,310,311,312,313,335,336,337,338,
220;0;4336;4358;1;5,6,7,10,11,16,17,18,19,21,22,23,47,48,49,50,51,63,64,65,66,67,70,77,78,79,80,81,82,83,84,85,86,87,88,90,91,95,117,123,125,126,127,128,129,130,131,132,133,134,135,136,137,167,168,169,192,200,248,249,274,279,300,301,302,303,304,305,306,307,308,309,310,311,312,313,335,336,337,338,
238;0;4358;4505;0;5,6,7,10,11,16,17,18,19,21,22,23,47,48,49,50,51,63,64,65,66,67,70,77,78,79,80,81,82,83,84,85,86,87,88,90,91,95,117,123,125,126,127,128,129,130,131,132,133,134,135,136,137,167,168,169,192,200,248,249,274,279,300,301,302,303,304,305,306,307,308,309,310,311,312,313,335,336,337,338,
76;0;4505;4515;0;5,6,7,10,11,16,17,18,19,21,22,23,47,48,49,50,51,63,64,65,66,67,70,77,78,79,80,81,82,83,84,85,86,87,88,90,91,95,117,123,125,126,127,128,129,130,131,132,133,134,135,136,137,167,168,169,192,200,248,249,274,279,300,301,302,303,304,305,306,307,308,309,310,311,312,313,335,336,337,338,
84;0;4515;4584;1;5,6,7,10,11,16,17,18,19,21,22,23,47,48,49,50,51,63,64,65,66,67,70,77,78,79,80,81,82,83,84,85,86,87,88,90,91,95,117,123,125,126,127,128,129,130,131,132,133,134,135,136,137,167,168,169,192,200,248,249,274,279,300,301,302,303,304,305,306,307,308,309,310,311,312,313,335,336,337,338,
84;1;4584;4660;1;5,6,7,10,11,16,17,18,19,21,22,23,47,48,49,50,51,63,64,65,66,67,70,77,78,79,80,81,82,83,84,85,86,87,88,90,91,95,117,123,125,126,127,128,129,130,131,132,133,134,135,136,137,167,168,169,192,200,248,249,274,279,300,301,302,303,304,305,306,307,308,309,310,311,312,313,335,336,337,338,
29;0;4660;4729;0;5,6,7,10,11,16,17,18,19,21,22,23,47,48,49,50,51,63,64,65,66,67,70,77,78,79,80,81,82,83,84,85,86,87,88,90,91,95,117,123,125,126,127,128,129,130,131,132,133,134,135,136,137,167,168,169,192,200,248,249,274,279,300,301,302,303,304,305,306,307,308,309,310,311,312,313,335,336,337,338,
29;1;4729;4889;0;5,6,7,10,11,16,17,18,19,21,22,23,47,48,49,50,51,63,64,65,66,67,70,77,78,79,80,81,82,83,84,85,86,87,88,90,91,95,117,123,125,126,127,128,129,130,131,132,133,134,135,136,137,167,168,169,192,200,248,249,274,279,300,301,302,303,304,305,306,307,308,309,310,311,312,313,335,336,337,338,
177;0;4889;4970;1;5,6,7,10,11,16,17,18,19,21,22,23,47,48,49,50,51,63,64,65,66,67,70,77,78,79,80,81,82,83,84,85,86,87,88,90,91,95,117,123,125,126,127,128,129,130,131,132,133,134,135,136,137,167,168,169,192,200,248,249,274,279,300,301,302,303,304,305,306,307,308,309,310,311,312,313,335,336,337,338,
177;1;4970;5005;1;5,6,7,10,11,16,17,18,19,21,22,23,47,48,49,50,51,63,64,65,66,67,70,77,78,79,80,81,82,83,84,85,86,87,88,90,91,95,117,123,125,126,127,128,129,130,131,132,133,134,135,136,137,167,168,169,192,200,248,249,274,279,300,301,302,303,304,305,306,307,308,309,310,311,312,313,335,336,337,338,
192;0;5005;5089;0;5,6,7,10,11,16,17,18,19,21,22,23,47,48,49,50,51,63,64,65,66,67,70,77,78,79,80,81,82,83,84,85,86,87,88,90,91,95,117,123,125,126,127,128,129,130,131,132,133,134,135,136,137,167,168,169,192,200,248,249,274,279,300,301,302,303,304,305,306,307,308,309,310,311,312,313,335,336,337,338,
192;1;5089;5123;0;5,6,7,10,11,16,17,18,19,21,22,23,47,48,49,50,51,63,64,65,66,67,70,77,78,79,80,81,82,83,84,85,86,87,88,90,91,95,117,123,125,126,127,128,129,130,131,132,133,134,135,136,137,167,168,169,192,200,248,249,274,279,300,301,302,303,304,305,306,307,308,309,310,311,312,313,335,336,337,338,
Machine: 2
160;0;0;9;1;0,1,2,5,12,13,14,15,20,23,25,26,27,36,40,46,47,48,49,50,51,52,53,55,61,122,123,124,137,143,144,145,146,147,167,178,179,180,181,182,183,184,185,186,187,188,189,190,191,196,201,202,203,204,205,250,260,261,262,263,264,265,266,267,268,269,270,271,272,273,314,315,316,317,318,319,320,321,322,323,
79;0;9;86;0;0,1,2,5,12,13,14,15,20,23,25,26,27,36,40,46,47,48,49,50,51,52,53,55,61,122,123,124,137,143,144,145,146,147,167,178,179,180,181,182,183,184,185,186,187,188,189,190,191,196,201,202,203,204,205,250,260,261,262,263,264,265,266,267,268,269,270,271,272,273,314,315,316,317,318,319,320,321,322,323,
79;1;86;223;0;0,1,2,5,12,13,14,15,20,23,25,26,27,36,40,46,47,48,49,50,51,52,53,55,61,122,123,124,137,143,144,145,146,147,167,178,179,180,181,182,183,184,185,186,187,188,189,190,191,196,201,202,203,204,205,250,260,261,262,263,264,265,266,267,268,269,270,271,272,273,314,315,316,317,318,319,320,321,322,323,
125;0;223;365;0;0,1,2,5,12,13,14,15,20,23,25,26,27,36,40,46,47,48,49,50,51,52,53,55,61,122,123,124,137,143,144,145,146,147,167,178,179,180,181,182,183,184,185,186,187,188,189,190,191,196,201,202,203,204,205,250,260,261,262,263,264,265,266,267,268,269,270,271,272,273,314,315,316,317,318,319,320,321,322,323,
206;0;365;459;0;0,1,2,5,12,13,14,15,20,23,25,26,27,36,40,46,47,48,49,50,51,52,53,55,61,122,123,124,137,143,144,145,146,147,167,178,179,180,181,182,183,184,185,186,187,188,189,190,191,196,201,202,203,204,205,250,260,261,262,263,264,265,266,267,268,269,270,271,272,273,314,315,316,317,318,319,320,321,322,323,
115;0;459;479;0;0,1,2,5,12,13,14,15,20,23,25,26,27,36,40,46,47,48,49,50,51,52,53,55,61,122,123,124,137,143,144,145,146,147,167,178,179,180,181,182,183,184,185,186,187,188,189,190,191,196,201,202,203,204,205,250,260,261,262,263,264,265,266,267,268,269,270,271,272,273,314,315,316,317,318,319,320,321,322,323,
179;0;479;655;0;0,1,2,5,12,13,14,15,20,23,25,26,27,36,40,46,47,48,49,50,51,52,53,55,61,122,123,124,137,143,144,145,146,147,167,178,179,180,181,182,183,184,185,186,187,188,189,190,191,196,201,202,203,204,205,250,260,261,262,263,264,265,266,267,268,269,270,271,272,273,314,315,316,317,318,319,320,321,322,323,
179;1;655;666;0;0,1,2,5,12,13,14,15,20,23,25,26,27,36,40,46,47,48,49,50,51,52,53,55,61,122,123,124,137,143,144,145,146,147,167,178,179,180,181,182,183,184,185,186,187,188,189,190,191,196,201,202,203,204,205,250,260,261,262,263,264,265,266,267,268,269,270,271,272,273,314,315,316,317,318,319,320,321,322,323,
73;0;666;735;1;0,1,2,5,12,13,14,15,20,23,25,26,27,36,40,46,47,48,49,50,51,52,53,55,61,122,123,124,137,143,144,145,146,147,167,178,179,180,181,182,183,184,185,186,187,188,189,190,191,196,201,202,203,204,205,250,260,261,262,263,264,265,266,267,268,269,270,271,272,273,314,315,316,317,318,319,320,321,322,323,
59;0;735;887;0;0,1,2,5,12,13,14,15,20,23,25,26,27,36,40,46,47,48,49,50,51,52,53,55,61,122,123,124,137,143,144,145,146,147,167,178,179,180,181,182,183,184,185,186,187,188,189,190,191,196,201,202,203,204,205,250,260,261,262,263,264,265,266,267,268,269,270,271,272,273,314,315,316,317,318,319,320,321,322,323,
59;1;887;1012;0;0,1,2,5,12,13,14,15,20,23,25,26,27,36,40,46,47,48,49,50,51,52,53,55,61,122,123,124,137,143,144,145,146,147,167,178,179,180,181,182,183,184,185,186,187,188,189,190,191,196,201,202,203,204,205,250,260,261,262,263,264,265,266,267,268,269,270,271,272,273,314,315,316,317,318,319,320,321,322,323,
241;0;1012;1110;1;0,1,2,5,12,13,14,15,20,23,25,26,27,36,40,46,47,48,49,50,51,52,53,55,61,122,123,124,137,143,144,145,146,147,167,178,179,180,181,182,183,184,185,186,187,188,189,190,191,196,201,202,203,204,205,250,260,261,262,263,264,265,266,267,268,269,270,271,272,273,314,315,316,317,318,319,320,321,322,323,
68;0;1110;1269;0;0,1,2,5,12,13,14,15,20,23,25,26,27,36,40,46,47,48,49,50,51,52,53,55,61,122,123,124,137,143,144,145,146,147,167,178,179,180,181,182,183,184,185,186,187,188,189,190,191,196,201,202,203,204,205,250,260,261,262,263,264,265,266,267,268,269,270,271,272,273,314,315,316,317,318,319,320,321,322,323,
147;0;1269;1277;1;0,1,2,5,12,13,14,15,20,23,25,26,27,36,40,46,47,48,49,50,51,52,53,55,61,122,123,124,137,143,144,145,146,147,167,178,179,180,181,182,183,184,185,186,187,188,189,190,191,196,201,202,203,204,205,250,260,261,262,263,264,265,266,267,268,269,270,271,272,273,314,315,316,317,318,319,320,321,322,323,
147;1;1277;1302;1;0,1,2,5,12,13,14,15,20,23,25,26,27,36,40,46,47,48,49,50,51,52,53,55,61,122,123,124,137,143,144,145,146,147,167,178,179,180,181,182,183,184,185,186,187,188,189,190,191,196,201,202,203,204,205,250,260,261,262,263,264,265,266,267,268,269,270,271,272,273,314,315,316,317,318,319,320,321,322,323,
190;0;1302;1459;1;0,1,2,5,12,13,14,15,20,23,25,26,27,36,40,46,47,48,49,50,51,52,53,55,61,122,123,124,137,143,144,145,146,147,167,178,179,180,181,182,183,184,185,186,187,188,189,190,191,196,201,202,203,204,205,250,260,261,262,263,264,265,266,267,268,269,270,271,272,273,314,315,316,317,318,319,320,321,322,323,
108;0;1459;1573;0;0,1,2,5,12,13,14,15,20,23,25,26,27,36,40,46,47,48,49,50,51,52,53,55,61,122,123,124,137,143,144,145,146,147,167,178,179,180,181,182,183,184,185,186,187,188,189,190,191,196,201,202,203,204,205,250,260,261,262,263,264,265,266,267,268,269,270,271,272,273,314,315,316,317,318,319,320,321,322,323,
106;0;1573;1653;0;0,1,2,5,12,13,14,15,20,23,25,26,27,36,40,46,47,48,49,50,51,52,53,55,61,122,123,124,137,143,144,145,146,147,167,178,179,180,181,182,183,184,185,186,187,188,189,190,191,196,201,202,203,204,205,250,260,261,262,263,264,265,266,267,268,269,270,271,272,273,314,315,316,317,318,319,320,321,322,323,
126;0;1653;1782;0;0,1,2,5,12,13,14,15,20,23,25,26,27,36,40,46,47,48,49,50,51,52,53,55,61,122,123,124,137,143,144,145,146,147,167,178,179,180,181,182,183,184,185,186,187,188,189,190,191,196,201,202,203,204,205,250,260,261,262,263,264,265,266,267,268,269,270,271,272,273,314,315,316,317,318,319,320,321,322,323,
216;0;1782;1919;0;0,1,2,5,12,13,14,15,20,23,25,26,27,36,40,46,47,48,49,50,51,52,53,55,61,122,123,124,137,143,144,145,146,147,167,178,179,180,181,182,183,184,185,186,187,188,189,190,191,196,201,202,203,204,205,250,260,261,262,263,264,265,266,267,268,269,270,271,272,273,314,315,316,317,318,319,320,321,322,323,
74;0;1919;1951;1;0,1,2,5,12,13,14,15,20,23,25,26,27,36,40,46,47,48,49,50,51,52,53,55,61,122,123,124,137,143,144,145,146,147,167,178,179,180,181,182,183,184,185,186,187,188,189,190,191,196,201,202,203,204,205,250,260,261,262,263,264,265,266,267,268,269,270,271,272,273,314,315,316,317,318,319,320,321,322,323,
74;1;1951;2129;1;0,1,2,5,12,13,14,15,20,23,25,26,27,36,40,46,47,48,49,50,51,52,53,55,61,122,123,124,137,143,144,145,146,147,167,178,179,180,181,182,183,184,185,186,187,188,189,190,191,196,201,202,203,204,205,250,260,261,262,263,264,265,266,267,268,269,270,271,272,273,314,315,316,317,318,319,320,321,322,323,
142;0;2129;2206;0;0,1,2,5,12,13,14,15,20,23,25,26,27,36,40,46,47,48,49,50,51,52,53,55,61,122,123,124,137,143,144,145,146,147,167,178,179,180,181,182,183,184,185,186,187,188,189,190,191,196,201,202,203,204,205,250,260,261,262,263,264,265,266,267,268,269,270,271,272,273,314,315,316,317,318,319,320,321,322,323,
142;1;2206;2215;0;0,1,2,5,12,13,14,15,20,23,25,26,27,36,40,46,47,48,49,50,51,52,53,55,61,122,123,124,137,143,144,145,146,147,167,178,179,180,181,182,183,184,185,186,187,188,189,190,191,196,201,202,203,204,205,250,260,261,262,263,264,265,266,267,268,269,270,271,272,273,314,315,316,317,318,319,320,321,322,323,
236;0;2215;2298;0;0,1,2,5,12,13,14,15,20,23,25,26,27,36,40,46,47,48,49,50,51,52,53,55,61,122,123,124,137,143,144,145,146,147,167,178,179,180,181,182,183,184,185,186,187,188,189,190,191,196,201,202,203,204,205,250,260,261,262,263,264,265,266,267,268,269,270,271,272,273,314,315,316,317,318,319,320,321,322,323,
138;0;2298;2455;0;0,1,2,5,12,13,14,15,20,23,25,26,27,36,40,46,47,48,49,50,51,52,53,55,61,122,123,124,137,143,144,145,146,147,167,178,179,180,181,182,183,184,185,186,187,188,189,190,191,196,201,202,203,204,205,250,260,261,262,263,264,265,266,267,268,269,270,271,272,273,314,315,316,317,318,319,320,321,322,323,
38;0;2455;2533;0;0,1,2,5,12,13,14,15,20,23,25,26,27,36,40,46,47,48,49,50,51,52,53,55,61,122,123,124,137,143,144,145,146,147,167,178,179,180,181,182,183,184,185,186,187,188,189,190,191,196,201,202,203,204,205,250,260,261,262,263,264,265,266,267,268,269,270,271,272,273,314,315,316,317,318,319,320,321,322,323,
233;0;2533;2692;1;0,1,2,5,12,13,14,15,20,23,25,26,27,36,40,46,47,48,49,50,51,52,53,55,61,122,123,124,137,143,144,145,146,147,167,178,179,180,181,182,183,184,185,186,187,188,189,190,191,196,201,202,203,204,205,250,260,261,262,263,264,265,266,267,268,269,270,271,272,273,314,315,316,317,318,319,320,321,322,323,
89;0;2692;2743;0;0,1,2,5,12,13,14,15,20,23,25,26,27,36,40,46,47,48,49,50,51,52,53,55,61,122,123,124,137,143,144,145,146,147,167,178,179,180,181,182,183,184,185,186,187,188,189,190,191,196,201,202,203,204,205,250,260,261,262,263,264,265,266,267,268,269,270,271,272,273,314,315,316,317,318,319,320,321,322,323,
89;1;2743;2921;0;0,1,2,5,12,13,14,15,20,23,25,26,27,36,40,46,47,48,49,50,51,52,53,55,61,122,123,124,137,143,144,145,146,147,167,178,179,180,181,182,183,184,185,186,187,188,189,190,191,196,201,202,203,204,205,250,260,261,262,263,264,265,266,267,268,269,270,271,272,273,314,315,316,317,318,319,320,321,322,323,
57;0;2921;3080;1;0,1,2,5,12,13,14,15,20,23,25,26,27,36,40,46,47,48,49,50,51,52,53,55,61,122,123,124,137,143,144,145,146,147,167,178,179,180,181,182,183,184,185,186,187,188,189,190,191,196,201,202,203,204,205,250,260,261,262,263,264,265,266,267,268,269,270,271,272,273,314,315,316,317,318,319,320,321,322,323,
57;1;3080;3128;1;0,1,2,5,12,13,14,15,20,23,25,26,27,36,40,46,47,48,49,50,51,52,53,55,61,122,123,124,137,143,144,145,146,147,167,178,179,180,181,182,183,184,185,186,187,188,189,190,191,196,201,202,203,204,205,250,260,261,262,263,264,265,266,267,268,269,270,271,272,273,314,315,316,317,318,319,320,321,322,323,
166;0;3128;3242;0;0,1,2,5,12,13,14,15,20,23,25,26,27,36,40,46,47,48,49,50,51,52,53,55,61,122,123,124,137,143,144,145,146,147,167,178,179,180,181,182,183,184,185,186,187,188,189,190,191,196,201,202,203,204,205,250,260,261,262,263,264,265,266,267,268,269,270,271,272,273,314,315,316,317,318,319,320,321,322,323,
64;0;3242;3320;1;0,1,2,5,12,13,14,15,20,23,25,26,27,36,40,46,47,48,49,50,51,52,53,55,61,122,123,124,137,143,144,145,146,147,167,178,179,180,181,182,183,184,185,186,187,188,189,190,191,196,201,202,203,204,205,250,260,261,262,263,264,265,266,267,268,269,270,271,272,273,314,315,316,317,318,319,320,321,322,323,
64;1;3320;3490;1;0,1,2,5,12,13,14,15,20,23,25,26,27,36,40,46,47,48,49,50,51,52,53,55,61,122,123,124,137,143,144,145,146,147,167,178,179,180,181,182,183,184,185,186,187,188,189,190,191,196,201,202,203,204,205,250,260,261,262,263,264,265,266,267,268,269,270,271,272,273,314,315,316,317,318,319,320,321,322,323,
11;0;3490;3556;1;0,1,2,5,12,13,14,15,20,23,25,26,27,36,40,46,47,48,49,50,51,52,53,55,61,122,123,124,137,143,144,145,146,147,167,178,179,180,181,182,183,184,185,186,187,188,189,190,191,196,201,202,203,204,205,250,260,261,262,263,264,265,266,267,268,269,270,271,272,273,314,315,316,317,318,319,320,321,322,323,
218;0;3556;3616;0;0,1,2,5,12,13,14,15,20,23,25,26,27,36,40,46,47,48,49,50,51,52,53,55,61,122,123,124,137,143,144,145,146,147,167,178,179,180,181,182,183,184,185,186,187,188,189,190,191,196,201,202,203,204,205,250,260,261,262,263,264,265,266,267,268,269,270,271,272,273,314,315,316,317,318,319,320,321,322,323,
12;0;3616;3766;0;0,1,2,5,12,13,14,15,20,23,25,26,27,36,40,46,47,48,49,50,51,52,53,55,61,122,123,124,137,143,144,145,146,147,167,178,179,180,181,182,183,184,185,186,187,188,189,190,191,196,201,202,203,204,205,250,260,261,262,263,264,265,266,267,268,269,270,271,272,273,314,315,316,317,318,319,320,321,322,323,
12;1;3766;3819;0;0,1,2,5,12,13,14,15,20,23,25,26,27,36,40,46,47,48,49,50,51,52,53,55,61,122,123,124,137,143,144,145,146,147,167,178,179,180,181,182,183,184,185,186,187,188,189,190,191,196,201,202,203,204,205,250,260,261,262,263,264,265,266,267,268,269,270,271,272,273,314,315,316,317,318,319,320,321,322,323,
117;0;3819;3868;1;0,1,2,5,12,13,14,15,20,23,25,26,27,36,40,46,47,48,49,50,51,52,53,55,61,122,123,124,137,143,144,145,146,147,167,178,179,180,181,182,183,184,185,186,187,188,189,190,191,196,201,202,203,204,205,250,260,261,262,263,264,265,266,267,268,269,270,271,272,273,314,315,316,317,318,319,320,321,322,323,
117;1;3868;4003;1;0,1,2,5,12,13,14,15,20,23,25,26,27,36,40,46,47,48,49,50,51,52,53,55,61,122,123,124,137,143,144,145,146,147,167,178,179,180,181,182,183,184,185,186,187,188,189,190,191,196,201,202,203,204,205,250,260,261,262,263,264,265,266,267,268,269,270,271,272,273,314,315,316,317,318,319,320,321,322,323,
87;0;4003;4178;1;0,1,2,5,12,13,14,15,20,23,25,26,27,36,40,46,47,48,49,50,51,52,53,55,61,122,123,124,137,143,144,145,146,147,167,178,179,180,181,182,183,184,185,186,187,188,189,190,191,196,201,202,203,204,205,250,260,261,262,263,264,265,266,267,268,269,270,271,272,273,314,315,316,317,318,319,320,321,322,323,
87;1;4178;4283;1;0,1,2,5,12,13,14,15,20,23,25,26,27,36,40,46,47,48,49,50,51,52,53,55,61,122,123,124,137,143,144,145,146,147,167,178,179,180,181,182,183,184,185,186,187,188,189,190,191,196,201,202,203,204,205,250,260,261,262,263,264,265,266,267,268,269,270,271,272,273,314,315,316,317,318,319,320,321,322,323,
205;0;4283;4315;0;0,1,2,5,12,13,14,15,20,23,25,26,27,36,40,46,47,48,49,50,51,52,53,55,61,122,123,124,137,143,144,145,146,147,167,178,179,180,181,182,183,184,185,186,187,188,189,190,191,196,201,202,203,204,205,250,260,261,262,263,264,265,266,267,268,269,270,271,272,273,314,315,316,317,318,319,320,321,322,323,
210;0;4315;4429;1;0,1,2,5,12,13,14,15,20,23,25,26,27,36,40,46,47,48,49,50,51,52,53,55,61,122,123,124,137,143,144,145,146,147,167,178,179,180,181,182,183,184,185,186,187,188,189,190,191,196,201,202,203,204,205,250,260,261,262,263,264,265,266,267,268,269,270,271,272,273,314,315,316,317,318,319,320,321,322,323,
180;0;4429;4449;1;0,1,2,5,12,13,14,15,20,23,25,26,27,36,40,46,47,48,49,50,51,52,53,55,61,122,123,124,137,143,144,145,146,147,167,178,179,180,181,182,183,184,185,186,187,188,189,190,191,196,201,202,203,204,205,250,260,261,262,263,264,265,266,267,268,269,270,271,272,273,314,315,316,317,318,319,320,321,322,323,
35;0;4449;4627;0;0,1,2,5,12,13,14,15,20,23,25,26,27,36,40,46,47,48,49,50,51,52,53,55,61,122,123,124,137,143,144,145,146,147,167,178,179,180,181,182,183,184,185,186,187,188,189,190,191,196,201,202,203,204,205,250,260,261,262,263,264,265,266,267,268,269,270,271,272,273,314,315,316,317,318,319,320,321,322,323,
188;0;4627;4705;0;0,1,2,5,12,13,14,15,20,23,25,26,27,36,40,46,47,48,49,50,51,52,53,55,61,122,123,124,137,143,144,145,146,147,167,178,179,180,181,182,183,184,185,186,187,188,189,190,191,196,201,202,203,204,205,250,260,261,262,263,264,265,266,267,268,269,270,271,272,273,314,315,316,317,318,319,320,321,322,323,
200;0;4705;4774;1;0,1,2,5,12,13,14,15,20,23,25,26,27,36,40,46,47,48,49,50,51,52,53,55,61,122,123,124,137,143,144,145,146,147,167,178,179,180,181,182,183,184,185,186,187,188,189,190,191,196,201,202,203,204,205,250,260,261,262,263,264,265,266,267,268,269,270,271,272,273,314,315,316,317,318,319,320,321,322,323,
77;0;4774;4811;1;0,1,2,5,12,13,14,15,20,23,25,26,27,36,40,46,47,48,49,50,51,52,53,55,61,122,123,124,137,143,144,145,146,147,167,178,179,180,181,182,183,184,185,186,187,188,189,190,191,196,201,202,203,204,205,250,260,261,262,263,264,265,266,267,268,269,270,271,272,273,314,315,316,317,318,319,320,321,322,323,
77;1;4811;4898;1;0,1,2,5,12,13,14,15,20,23,25,26,27,36,40,46,47,48,49,50,51,52,53,55,61,122,123,124,137,143,144,145,146,147,167,178,179,180,181,182,183,184,185,186,187,188,189,190,191,196,201,202,203,204,205,250,260,261,262,263,264,265,266,267,268,269,270,271,272,273,314,315,316,317,318,319,320,321,322,323,
49;0;4898;4929;0;0,1,2,5,12,13,14,15,20,23,25,26,27,36,40,46,47,48,49,50,51,52,53,55,61,122,123,124,137,143,144,145,146,147,167,178,179,180,181,182,183,184,185,186,187,188,189,190,191,196,201,202,203,204,205,250,260,261,262,263,264,265,266,267,268,269,270,271,272,273,314,315,316,317,318,319,320,321,322,323,
49;1;4929;4954;0;0,1,2,5,12,13,14,15,20,23,25,26,27,36,40,46,47,48,49,50,51,52,53,55,61,122,123,124,137,143,144,145,146,147,167,178,179,180,181,182,183,184,185,186,187,188,189,190,191,196,201,202,203,204,205,250,260,261,262,263,264,265,266,267,268,269,270,271,272,273,314,315,316,317,318,319,320,321,322,323,
93;0;4954;5048;1;0,1,2,5,12,13,14,15,20,23,25,26,27,36,40,46,47,48,49,50,51,52,53,55,61,122,123,124,137,143,144,145,146,147,167,178,179,180,181,182,183,184,185,186,187,188,189,190,191,196,201,202,203,204,205,250,260,261,262,263,264,265,266,267,268,269,270,271,272,273,314,315,316,317,318,319,320,321,322,323,
Machine: 3
221;0;0;45;1;0,1,2,3,4,5,6,7,8,9,10,11,12,13,14,15,20,21,22,23,24,25,26,27,28,29,30,31,32,33,34,35,36,37,38,39,40,77,78,79,80,81,82,83,84,85,86,87,88,89,90,91,92,93,94,95,96,97,98,99,100,101,102,103,104,105,106,107,108,109,110,111,112,113,114,115,116,117,129,177,
186;0;45;219;0;0,1,2,3,4,5,6,7,8,9,10,11,12,13,14,15,20,21,22,23,24,25,26,27,28,29,30,31,32,33,34,35,36,37,38,39,40,77,78,79,80,81,82,83,84,85,86,87,88,89,90,91,92,93,94,95,96,97,98,99,100,101,102,103,104,105,106,107,108,109,110,111,112,113,114,115,116,117,129,177,
235;0;219;264;0;0,1,2,3,4,5,6,7,8,9,10,11,12,13,14,15,20,21,22,23,24,25,26,27,28,29,30,31,32,33,34,35,36,37,38,39,40,77,78,79,80,81,82,83,84,85,86,87,88,89,90,91,92,93,94,95,96,97,98,99,100,101,102,103,104,105,106,107,108,109,110,111,112,113,114,115,116,117,129,177,
82;0;264;341;0;0,1,2,3,4,5,6,7,8,9,10,11,12,13,14,15,20,21,22,23,24,25,26,27,28,29,30,31,32,33,34,35,36,37,38,39,40,77,78,79,80,81,82,83,84,85,86,87,88,89,90,91,92,93,94,95,96,97,98,99,100,101,102,103,104,105,106,107,108,109,110,111,112,113,114,115,116,117,129,177,
82;1;341;356;0;0,1,2,3,4,5,6,7,8,9,10,11,12,13,14,15,20,21,22,23,24,25,26,27,28,29,30,31,32,33,34,35,36,37,38,39,40,77,78,79,80,81,82,83,84,85,86,87,88,89,90,91,92,93,94,95,96,97,98,99,100,101,102,103,104,105,106,107,108,109,110,111,112,113,114,115,116,117,129,177,
7;0;356;364;1;0,1,2,3,4,5,6,7,8,9,10,11,12,13,14,15,20,21,22,23,24,25,26,27,28,29,30,31,32,33,34,35,36,37,38,39,40,77,78,79,80,81,82,83,84,85,86,87,88,89,90,91,92,93,94,95,96,97,98,99,100,101,102,103,104,105,106,107,108,109,110,111,112,113,114,115,116,117,129,177,
7;1;364;538;1;0,1,2,3,4,5,6,7,8,9,10,11,12,13,14,15,20,21,22,23,24,25,26,27,28,29,30,31,32,33,34,35,36,37,38,39,40,77,78,79,80,81,82,83,84,85,86,87,88,89,90,91,92,93,94,95,96,97,98,99,100,101,102,103,104,105,106,107,108,109,110,111,112,113,114,115,116,117,129,177,
170;0;538;602;1;0,1,2,3,4,5,6,7,8,9,10,11,12,13,14,15,20,21,22,23,24,25,26,27,28,29,30,31,32,33,34,35,36,37,38,39,40,77,78,79,80,81,82,83,84,85,86,87,88,89,90,91,92,93,94,95,96,97,98,99,100,101,102,103,104,105,106,107,108,109,110,111,112,113,114,115,116,117,129,177,
195;0;602;666;0;0,1,2,3,4,5,6,7,8,9,10,11,12,13,14,15,20,21,22,23,24,25,26,27,28,29,30,31,32,33,34,35,36,37,38,39,40,77,78,79,80,81,82,83,84,85,86,87,88,89,90,91,92,93,94,95,96,97,98,99,100,101,102,103,104,105,106,107,108,109,110,111,112,113,114,115,116,117,129,177,
80;0;666;701;1;0,1,2,3,4,5,6,7,8,9,10,11,12,13,14,15,20,21,22,23,24,25,26,27,28,29,30,31,32,33,34,35,36,37,38,39,40,77,78,79,80,81,82,83,84,85,86,87,88,89,90,91,92,93,94,95,96,97,98,99,100,101,102,103,104,105,106,107,108,109,110,111,112,113,114,115,116,117,129,177,
156;0;701;767;0;0,1,2,3,4,5,6,7,8,9,10,11,12,13,14,15,20,21,22,23,24,25,26,27,28,29,30,31,32,33,34,35,36,37,38,39,40,77,78,79,80,81,82,83,84,85,86,87,88,89,90,91,92,93,94,95,96,97,98,99,100,101,102,103,104,105,106,107,108,109,110,111,112,113,114,115,116,117,129,177,
91;0;767;940;1;0,1,2,3,4,5,6,7,8,9,10,11,12,13,14,15,20,21,22,23,24,25,26,27,28,29,30,31,32,33,34,35,36,37,38,39,40,77,78,79,80,81,82,83,84,85,86,87,88,89,90,91,92,93,94,95,96,97,98,99,100,101,102,103,104,105,106,107,108,109,110,111,112,113,114,115,116,117,129,177,
215;0;940;1084;0;0,1,2,3,4,5,6,7,8,9,10,11,12,13,14,15,20,21,22,23,24,25,26,27,28,29,30,31,32,33,34,35,36,37,38,39,40,77,78,79,80,81,82,83,84,85,86,87,88,89,90,91,92,93,94,95,96,97,98,99,100,101,102,103,104,105,106,107,108,109,110,111,112,113,114,115,116,117,129,177,
55;0;1084;1228;0;0,1,2,3,4,5,6,7,8,9,10,11,12,13,14,15,20,21,22,23,24,25,26,27,28,29,30,31,32,33,34,35,36,37,38,39,40,77,78,79,80,81,82,83,84,85,86,87,88,89,90,91,92,93,94,95,96,97,98,99,100,101,102,103,104,105,106,107,108,109,110,111,112,113,114,115,116,117,129,177,
66;0;1228;1354;0;0,1,2,3,4,5,6,7,8,9,10,11,12,13,14,15,20,21,22,23,24,25,26,27,28,29,30,31,32,33,34,35,36,37,38,39,40,77,78,79,80,81,82,83,84,85,86,87,88,89,90,91,92,93,94,95,96,97,98,99,100,101,102,103,104,105,106,107,108,109,110,111,112,113,114,115,116,117,129,177,
20;0;1354;1418;1;0,1,2,3,4,5,6,7,8,9,10,11,12,13,14,15,20,21,22,23,24,25,26,27,28,29,30,31,32,33,34,35,36,37,38,39,40,77,78,79,80,81,82,83,84,85,86,87,88,89,90,91,92,93,94,95,96,97,98,99,100,101,102,103,104,105,106,107,108,109,110,111,112,113,114,115,116,117,129,177,
0;0;1418;1547;1;0,1,2,3,4,5,6,7,8,9,10,11,12,13,14,15,20,21,22,23,24,25,26,27,28,29,30,31,32,33,34,35,36,37,38,39,40,77,78,79,80,81,82,83,84,85,86,87,88,89,90,91,92,93,94,95,96,97,98,99,100,101,102,103,104,105,106,107,108,109,110,111,112,113,114,115,116,117,129,177,
0;1;1547;1593;1;0,1,2,3,4,5,6,7,8,9,10,11,12,13,14,15,20,21,22,23,24,25,26,27,28,29,30,31,32,33,34,35,36,37,38,39,40,77,78,79,80,81,82,83,84,85,86,87,88,89,90,91,92,93,94,95,96,97,98,99,100,101,102,103,104,105,106,107,108,109,110,111,112,113,114,115,116,117,129,177,
37;0;1593;1686;1;0,1,2,3,4,5,6,7,8,9,10,11,12,13,14,15,20,21,22,23,24,25,26,27,28,29,30,31,32,33,34,35,36,37,38,39,40,77,78,79,80,81,82,83,84,85,86,87,88,89,90,91,92,93,94,95,96,97,98,99,100,101,102,103,104,105,106,107,108,109,110,111,112,113,114,115,116,117,129,177,
37;1;1686;1737;1;0,1,2,3,4,5,6,7,8,9,10,11,12,13,14,15,20,21,22,23,24,25,26,27,28,29,30,31,32,33,34,35,36,37,38,39,40,77,78,79,80,81,82,83,84,85,86,87,88,89,90,91,92,93,94,95,96,97,98,99,100,101,102,103,104,105,106,107,108,109,110,111,112,113,114,115,116,117,129,177,
239;0;1737;1909;0;0,1,2,3,4,5,6,7,8,9,10,11,12,13,14,15,20,21,22,23,24,25,26,27,28,29,30,31,32,33,34,35,36,37,38,39,40,77,78,79,80,81,82,83,84,85,86,87,88,89,90,91,92,93,94,95,96,97,98,99,100,101,102,103,104,105,106,107,108,109,110,111,112,113,114,115,116,117,129,177,
239;1;1909;1987;0;0,1,2,3,4,5,6,7,8,9,10,11,12,13,14,15,20,21,22,23,24,25,26,27,28,29,30,31,32,33,34,35,36,37,38,39,40,77,78,79,80,81,82,83,84,85,86,87,88,89,90,91,92,93,94,95,96,97,98,99,100,101,102,103,104,105,106,107,108,109,110,111,112,113,114,115,116,117,129,177,
231;0;1987;2042;1;0,1,2,3,4,5,6,7,8,9,10,11,12,13,14,15,20,21,22,23,24,25,26,27,28,29,30,31,32,33,34,35,36,37,38,39,40,77,78,79,80,81,82,83,84,85,86,87,88,89,90,91,92,93,94,95,96,97,98,99,100,101,102,103,104,105,106,107,108,109,110,111,112,113,114,115,116,117,129,177,
31;0;2042;2198;1;0,1,2,3,4,5,6,7,8,9,10,11,12,13,14,15,20,21,22,23,24,25,26,27,28,29,30,31,32,33,34,35,36,37,38,39,40,77,78,79,80,81,82,83,84,85,86,87,88,89,90,91,92,93,94,95,96,97,98,99,100,101,102,103,104,105,106,107,108,109,110,111,112,113,114,115,116,117,129,177,
88;0;2198;2370;0;0,1,2,3,4,5,6,7,8,9,10,11,12,13,14,15,20,21,22,23,24,25,26,27,28,29,30,31,32,33,34,35,36,37,38,39,40,77,78,79,80,81,82,83,84,85,86,87,88,89,90,91,92,93,94,95,96,97,98,99,100,101,102,103,104,105,106,107,108,109,110,111,112,113,114,115,116,117,129,177,
52;0;2370;2447;0;0,1,2,3,4,5,6,7,8,9,10,11,12,13,14,15,20,21,22,23,24,25,26,27,28,29,30,31,32,33,34,35,36,37,38,39,40,77,78,79,80,81,82,83,84,85,86,87,88,89,90,91,92,93,94,95,96,97,98,99,100,101,102,103,104,105,106,107,108,109,110,111,112,113,114,115,116,117,129,177,
52;1;2447;2483;0;0,1,2,3,4,5,6,7,8,9,10,11,12,13,14,15,20,21,22,23,24,25,26,27,28,29,30,31,32,33,34,35,36,37,38,39,40,77,78,79,80,81,82,83,84,85,86,87,88,89,90,91,92,93,94,95,96,97,98,99,100,101,102,103,104,105,106,107,108,109,110,111,112,113,114,115,116,117,129,177,
183;0;2483;2503;1;0,1,2,3,4,5,6,7,8,9,10,11,12,13,14,15,20,21,22,23,24,25,26,27,28,29,30,31,32,33,34,35,36,37,38,39,40,77,78,79,80,81,82,83,84,85,86,87,88,89,90,91,92,93,94,95,96,97,98,99,100,101,102,103,104,105,106,107,108,109,110,111,112,113,114,115,116,117,129,177,
136;0;2503;2576;0;0,1,2,3,4,5,6,7,8,9,10,11,12,13,14,15,20,21,22,23,24,25,26,27,28,29,30,31,32,33,34,35,36,37,38,39,40,77,78,79,80,81,82,83,84,85,86,87,88,89,90,91,92,93,94,95,96,97,98,99,100,101,102,103,104,105,106,107,108,109,110,111,112,113,114,115,116,117,129,177,
223;0;2576;2590;1;0,1,2,3,4,5,6,7,8,9,10,11,12,13,14,15,20,21,22,23,24,25,26,27,28,29,30,31,32,33,34,35,36,37,38,39,40,77,78,79,80,81,82,83,84,85,86,87,88,89,90,91,92,93,94,95,96,97,98,99,100,101,102,103,104,105,106,107,108,109,110,111,112,113,114,115,116,117,129,177,
173;0;2590;2650;1;0,1,2,3,4,5,6,7,8,9,10,11,12,13,14,15,20,21,22,23,24,25,26,27,28,29,30,31,32,33,34,35,36,37,38,39,40,77,78,79,80,81,82,83,84,85,86,87,88,89,90,91,92,93,94,95,96,97,98,99,100,101,102,103,104,105,106,107,108,109,110,111,112,113,114,115,116,117,129,177,
1;0;2650;2797;0;0,1,2,3,4,5,6,7,8,9,10,11,12,13,14,15,20,21,22,23,24,25,26,27,28,29,30,31,32,33,34,35,36,37,38,39,40,77,78,79,80,81,82,83,84,85,86,87,88,89,90,91,92,93,94,95,96,97,98,99,100,101,102,103,104,105,106,107,108,109,110,111,112,113,114,115,116,117,129,177,
101;0;2797;2900;1;0,1,2,3,4,5,6,7,8,9,10,11,12,13,14,15,20,21,22,23,24,25,26,27,28,29,30,31,32,33,34,35,36,37,38,39,40,77,78,79,80,81,82,83,84,85,86,87,88,89,90,91,92,93,94,95,96,97,98,99,100,101,102,103,104,105,106,107,108,109,110,111,112,113,114,115,116,117,129,177,
155;0;2900;3071;0;0,1,2,3,4,5,6,7,8,9,10,11,12,13,14,15,20,21,22,23,24,25,26,27,28,29,30,31,32,33,34,35,36,37,38,39,40,77,78,79,80,81,82,83,84,85,86,87,88,89,90,91,92,93,94,95,96,97,98,99,100,101,102,103,104,105,106,107,108,109,110,111,112,113,114,115,116,117,129,177,
6;0;3071;3202;0;0,1,2,3,4,5,6,7,8,9,10,11,12,13,14,15,20,21,22,23,24,25,26,27,28,29,30,31,32,33,34,35,36,37,38,39,40,77,78,79,80,81,82,83,84,85,86,87,88,89,90,91,92,93,94,95,96,97,98,99,100,101,102,103,104,105,106,107,108,109,110,111,112,113,114,115,116,117,129,177,
224;0;3202;3300;1;0,1,2,3,4,5,6,7,8,9,10,11,12,13,14,15,20,21,22,23,24,25,26,27,28,29,30,31,32,33,34,35,36,37,38,39,40,77,78,79,80,81,82,83,84,85,86,87,88,89,90,91,92,93,94,95,96,97,98,99,100,101,102,103,104,105,106,107,108,109,110,111,112,113,114,115,116,117,129,177,
224;1;3300;3447;1;0,1,2,3,4,5,6,7,8,9,10,11,12,13,14,15,20,21,22,23,24,25,26,27,28,29,30,31,32,33,34,35,36,37,38,39,40,77,78,79,80,81,82,83,84,85,86,87,88,89,90,91,92,93,94,95,96,97,98,99,100,101,102,103,104,105,106,107,108,109,110,111,112,113,114,115,116,117,129,177,
5;0;3447;3476;0;0,1,2,3,4,5,6,7,8,9,10,11,12,13,14,15,20,21,22,23,24,25,26,27,28,29,30,31,32,33,34,35,36,37,38,39,40,77,78,79,80,81,82,83,84,85,86,87,88,89,90,91,92,93,94,95,96,97,98,99,100,101,102,103,104,105,106,107,108,109,110,111,112,113,114,115,116,117,129,177,
171;0;3476;3588;1;0,1,2,3,4,5,6,7,8,9,10,11,12,13,14,15,20,21,22,23,24,25,26,27,28,29,30,31,32,33,34,35,36,37,38,39,40,77,78,79,80,81,82,83,84,85,86,87,88,89,90,91,92,93,94,95,96,97,98,99,100,101,102,103,104,105,106,107,108,109,110,111,112,113,114,115,116,117,129,177,
96;0;3588;3664;0;0,1,2,3,4,5,6,7,8,9,10,11,12,13,14,15,20,21,22,23,24,25,26,27,28,29,30,31,32,33,34,35,36,37,38,39,40,77,78,79,80,81,82,83,84,85,86,87,88,89,90,91,92,93,94,95,96,97,98,99,100,101,102,103,104,105,106,107,108,109,110,111,112,113,114,115,116,117,129,177,
47;0;3664;3805;1;0,1,2,3,4,5,6,7,8,9,10,11,12,13,14,15,20,21,22,23,24,25,26,27,28,29,30,31,32,33,34,35,36,37,38,39,40,77,78,79,80,81,82,83,84,85,86,87,88,89,90,91,92,93,94,95,96,97,98,99,100,101,102,103,104,105,106,107,108,109,110,111,112,113,114,115,116,117,129,177,
47;1;3805;3901;1;0,1,2,3,4,5,6,7,8,9,10,11,12,13,14,15,20,21,22,23,24,25,26,27,28,29,30,31,32,33,34,35,36,37,38,39,40,77,78,79,80,81,82,83,84,85,86,87,88,89,90,91,92,93,94,95,96,97,98,99,100,101,102,103,104,105,106,107,108,109,110,111,112,113,114,115,116,117,129,177,
109;0;3901;4061;0;0,1,2,3,4,5,6,7,8,9,10,11,12,13,14,15,20,21,22,23,24,25,26,27,28,29,30,31,32,33,34,35,36,37,38,39,40,77,78,79,80,81,82,83,84,85,86,87,88,89,90,91,92,93,94,95,96,97,98,99,100,101,102,103,104,105,106,107,108,109,110,111,112,113,114,115,116,117,129,177,
109;1;4061;4226;0;0,1,2,3,4,5,6,7,8,9,10,11,12,13,14,15,20,21,22,23,24,25,26,27,28,29,30,31,32,33,34,35,36,37,38,39,40,77,78,79,80,81,82,83,84,85,86,87,88,89,90,91,92,93,94,95,96,97,98,99,100,101,102,103,104,105,106,107,108,109,110,111,112,113,114,115,116,117,129,177,
184;0;4226;4400;1;0,1,2,3,4,5,6,7,8,9,10,11,12,13,14,15,20,21,22,23,24,25,26,27,28,29,30,31,32,33,34,35,36,37,38,39,40,77,78,79,80,81,82,83,84,85,86,87,88,89,90,91,92,93,94,95,96,97,98,99,100,101,102,103,104,105,106,107,108,109,110,111,112,113,114,115,116,117,129,177,
184;1;4400;4565;1;0,1,2,3,4,5,6,7,8,9,10,11,12,13,14,15,20,21,22,23,24,25,26,27,28,29,30,31,32,33,34,35,36,37,38,39,40,77,78,79,80,81,82,83,84,85,86,87,88,89,90,91,92,93,94,95,96,97,98,99,100,101,102,103,104,105,106,107,108,109,110,111,112,113,114,115,116,117,129,177,
58;0;4565;4691;0;0,1,2,3,4,5,6,7,8,9,10,11,12,13,14,15,20,21,22,23,24,25,26,27,28,29,30,31,32,33,34,35,36,37,38,39,40,77,78,79,80,81,82,83,84,85,86,87,88,89,90,91,92,93,94,95,96,97,98,99,100,101,102,103,104,105,106,107,108,109,110,111,112,113,114,115,116,117,129,177,
65;0;4691;4865;0;0,1,2,3,4,5,6,7,8,9,10,11,12,13,14,15,20,21,22,23,24,25,26,27,28,29,30,31,32,33,34,35,36,37,38,39,40,77,78,79,80,81,82,83,84,85,86,87,88,89,90,91,92,93,94,95,96,97,98,99,100,101,102,103,104,105,106,107,108,109,110,111,112,113,114,115,116,117,129,177,
63;0;4865;4945;1;0,1,2,3,4,5,6,7,8,9,10,11,12,13,14,15,20,21,22,23,24,25,26,27,28,29,30,31,32,33,34,35,36,37,38,39,40,77,78,79,80,81,82,83,84,85,86,87,88,89,90,91,92,93,94,95,96,97,98,99,100,101,102,103,104,105,106,107,108,109,110,111,112,113,114,115,116,117,129,177,
213;0;4945;4981;1;0,1,2,3,4,5,6,7,8,9,10,11,12,13,14,15,20,21,22,23,24,25,26,27,28,29,30,31,32,33,34,35,36,37,38,39,40,77,78,79,80,81,82,83,84,85,86,87,88,89,90,91,92,93,94,95,96,97,98,99,100,101,102,103,104,105,106,107,108,109,110,111,112,113,114,115,116,117,129,177,
Machine: 4
154;0;0;109;1;0,1,2,5,6,7,8,9,10,11,12,13,14,15,20,21,22,23,26,32,41,42,43,44,45,50,55,56,63,64,68,69,70,71,72,73,74,75,76,78,80,88,117,118,119,120,121,135,137,144,164,165,166,167,168,169,170,171,173,174,175,176,233,234,235,236,237,244,245,246,247,249,256,257,258,259,295,296,297,298,
154;1;109;169;1;0,1,2,5,6,7,8,9,10,11,12,13,14,15,20,21,22,23,26,32,41,42,43,44,45,50,55,56,63,64,68,69,70,71,72,73,74,75,76,78,80,88,117,118,119,120,121,135,137,144,164,165,166,167,168,169,170,171,173,174,175,176,233,234,235,236,237,244,245,246,247,249,256,257,258,259,295,296,297,298,
232;0;169;177;0;0,1,2,5,6,7,8,9,10,11,12,13,14,15,20,21,22,23,26,32,41,42,43,44,45,50,55,56,63,64,68,69,70,71,72,73,74,75,76,78,80,88,117,118,119,120,121,135,137,144,164,165,166,167,168,169,170,171,173,174,175,176,233,234,235,236,237,244,245,246,247,249,256,257,258,259,295,296,297,298,
232;1;177;334;0;0,1,2,5,6,7,8,9,10,11,12,13,14,15,20,21,22,23,26,32,41,42,43,44,45,50,55,56,63,64,68,69,70,71,72,73,74,75,76,78,80,88,117,118,119,120,121,135,137,144,164,165,166,167,168,169,170,171,173,174,175,176,233,234,235,236,237,244,245,246,247,249,256,257,258,259,295,296,297,298,
153;0;334;408;1;0,1,2,5,6,7,8,9,10,11,12,13,14,15,20,21,22,23,26,32,41,42,43,44,45,50,55,56,63,64,68,69,70,71,72,73,74,75,76,78,80,88,117,118,119,120,121,135,137,144,164,165,166,167,168,169,170,171,173,174,175,176,233,234,235,236,237,244,245,246,247,249,256,257,258,259,295,296,297,298,
24;0;408;527;1;0,1,2,5,6,7,8,9,10,11,12,13,14,15,20,21,22,23,26,32,41,42,43,44,45,50,55,56,63,64,68,69,70,71,72,73,74,75,76,78,80,88,117,118,119,120,121,135,137,144,164,165,166,167,168,169,170,171,173,174,175,176,233,234,235,236,237,244,245,246,247,249,256,257,258,259,295,296,297,298,
24;1;527;595;1;0,1,2,5,6,7,8,9,10,11,12,13,14,15,20,21,22,23,26,32,41,42,43,44,45,50,55,56,63,64,68,69,70,71,72,73,74,75,76,78,80,88,117,118,119,120,121,135,137,144,164,165,166,167,168,169,170,171,173,174,175,176,233,234,235,236,237,244,245,246,247,249,256,257,258,259,295,296,297,298,
102;0;595;719;0;0,1,2,5,6,7,8,9,10,11,12,13,14,15,20,21,22,23,26,32,41,42,43,44,45,50,55,56,63,64,68,69,70,71,72,73,74,75,76,78,80,88,117,118,119,120,121,135,137,144,164,165,166,167,168,169,170,171,173,174,175,176,233,234,235,236,237,244,245,246,247,249,256,257,258,259,295,296,297,298,
102;1;719;870;0;0,1,2,5,6,7,8,9,10,11,12,13,14,15,20,21,22,23,26,32,41,42,43,44,45,50,55,56,63,64,68,69,70,71,72,73,74,75,76,78,80,88,117,118,119,120,121,135,137,144,164,165,166,167,168,169,170,171,173,174,175,176,233,234,235,236,237,244,245,246,247,249,256,257,258,259,295,296,297,298,
181;0;870;934;1;0,1,2,5,6,7,8,9,10,11,12,13,14,15,20,21,22,23,26,32,41,42,43,44,45,50,55,56,63,64,68,69,70,71,72,73,74,75,76,78,80,88,117,118,119,120,121,135,137,144,164,165,166,167,168,169,170,171,173,174,175,176,233,234,235,236,237,244,245,246,247,249,256,257,258,259,295,296,297,298,
120;0;934;1002;1;0,1,2,5,6,7,8,9,10,11,12,13,14,15,20,21,22,23,26,32,41,42,43,44,45,50,55,56,63,64,68,69,70,71,72,73,74,75,76,78,80,88,117,118,119,120,121,135,137,144,164,165,166,167,168,169,170,171,173,174,175,176,233,234,235,236,237,244,245,246,247,249,256,257,258,259,295,296,297,298,
75;0;1002;1062;0;0,1,2,5,6,7,8,9,10,11,12,13,14,15,20,21,22,23,26,32,41,42,43,44,45,50,55,56,63,64,68,69,70,71,72,73,74,75,76,78,80,88,117,118,119,120,121,135,137,144,164,165,166,167,168,169,170,171,173,174,175,176,233,234,235,236,237,244,245,246,247,249,256,257,258,259,295,296,297,298,
105;0;1062;1209;0;0,1,2,5,6,7,8,9,10,11,12,13,14,15,20,21,22,23,26,32,41,42,43,44,45,50,55,56,63,64,68,69,70,71,72,73,74,75,76,78,80,88,117,118,119,120,121,135,137,144,164,165,166,167,168,169,170,171,173,174,175,176,233,234,235,236,237,244,245,246,247,249,256,257,258,259,295,296,297,298,
41;0;1209;1253;1;0,1,2,5,6,7,8,9,10,11,12,13,14,15,20,21,22,23,26,32,41,42,43,44,45,50,55,56,63,64,68,69,70,71,72,73,74,75,76,78,80,88,117,118,119,120,121,135,137,144,164,165,166,167,168,169,170,171,173,174,175,176,233,234,235,236,237,244,245,246,247,249,256,257,258,259,295,296,297,298,
71;0;1253;1368;1;0,1,2,5,6,7,8,9,10,11,12,13,14,15,20,21,22,23,26,32,41,42,43,44,45,50,55,56,63,64,68,69,70,71,72,73,74,75,76,78,80,88,117,118,119,120,121,135,137,144,164,165,166,167,168,169,170,171,173,174,175,176,233,234,235,236,237,244,245,246,247,249,256,257,258,259,295,296,297,298,
53;0;1368;1386;1;0,1,2,5,6,7,8,9,10,11,12,13,14,15,20,21,22,23,26,32,41,42,43,44,45,50,55,56,63,64,68,69,70,71,72,73,74,75,76,78,80,88,117,118,119,120,121,135,137,144,164,165,166,167,168,169,170,171,173,174,175,176,233,234,235,236,237,244,245,246,247,249,256,257,258,259,295,296,297,298,
43;0;1386;1462;1;0,1,2,5,6,7,8,9,10,11,12,13,14,15,20,21,22,23,26,32,41,42,43,44,45,50,55,56,63,64,68,69,70,71,72,73,74,75,76,78,80,88,117,118,119,120,121,135,137,144,164,165,166,167,168,169,170,171,173,174,175,176,233,234,235,236,237,244,245,246,247,249,256,257,258,259,295,296,297,298,
40;0;1462;1491;1;0,1,2,5,6,7,8,9,10,11,12,13,14,15,20,21,22,23,26,32,41,42,43,44,45,50,55,56,63,64,68,69,70,71,72,73,74,75,76,78,80,88,117,118,119,120,121,135,137,144,164,165,166,167,168,169,170,171,173,174,175,176,233,234,235,236,237,244,245,246,247,249,256,257,258,259,295,296,297,298,
116;0;1491;1533;0;0,1,2,5,6,7,8,9,10,11,12,13,14,15,20,21,22,23,26,32,41,42,43,44,45,50,55,56,63,64,68,69,70,71,72,73,74,75,76,78,80,88,117,118,119,120,121,135,137,144,164,165,166,167,168,169,170,171,173,174,175,176,233,234,235,236,237,244,245,246,247,249,256,257,258,259,295,296,297,298,
61;0;1533;1585;1;0,1,2,5,6,7,8,9,10,11,12,13,14,15,20,21,22,23,26,32,41,42,43,44,45,50,55,56,63,64,68,69,70,71,72,73,74,75,76,78,80,88,117,118,119,120,121,135,137,144,164,165,166,167,168,169,170,171,173,174,175,176,233,234,235,236,237,244,245,246,247,249,256,257,258,259,295,296,297,298,
18;0;1585;1590;0;0,1,2,5,6,7,8,9,10,11,12,13,14,15,20,21,22,23,26,32,41,42,43,44,45,50,55,56,63,64,68,69,70,71,72,73,74,75,76,78,80,88,117,118,119,120,121,135,137,144,164,165,166,167,168,169,170,171,173,174,175,176,233,234,235,236,237,244,245,246,247,249,256,257,258,259,295,296,297,298,
9;0;1590;1674;0;0,1,2,5,6,7,8,9,10,11,12,13,14,15,20,21,22,23,26,32,41,42,43,44,45,50,55,56,63,64,68,69,70,71,72,73,74,75,76,78,80,88,117,118,119,120,121,135,137,144,164,165,166,167,168,169,170,171,173,174,175,176,233,234,235,236,237,244,245,246,247,249,256,257,258,259,295,296,297,298,
9;1;1674;1734;0;0,1,2,5,6,7,8,9,10,11,12,13,14,15,20,21,22,23,26,32,41,42,43,44,45,50,55,56,63,64,68,69,70,71,72,73,74,75,76,78,80,88,117,118,119,120,121,135,137,144,164,165,166,167,168,169,170,171,173,174,175,176,233,234,235,236,237,244,245,246,247,249,256,257,258,259,295,296,297,298,
158;0;1734;1894;0;0,1,2,5,6,7,8,9,10,11,12,13,14,15,20,21,22,23,26,32,41,42,43,44,45,50,55,56,63,64,68,69,70,71,72,73,74,75,76,78,80,88,117,118,119,120,121,135,137,144,164,165,166,167,168,169,170,171,173,174,175,176,233,234,235,236,237,244,245,246,247,249,256,257,258,259,295,296,297,298,
119;0;1894;1990;0;0,1,2,5,6,7,8,9,10,11,12,13,14,15,20,21,22,23,26,32,41,42,43,44,45,50,55,56,63,64,68,69,70,71,72,73,74,75,76,78,80,88,117,118,119,120,121,135,137,144,164,165,166,167,168,169,170,171,173,174,175,176,233,234,235,236,237,244,245,246,247,249,256,257,258,259,295,296,297,298,
119;1;1990;2135;0;0,1,2,5,6,7,8,9,10,11,12,13,14,15,20,21,22,23,26,32,41,42,43,44,45,50,55,56,63,64,68,69,70,71,72,73,74,75,76,78,80,88,117,118,119,120,121,135,137,144,164,165,166,167,168,169,170,171,173,174,175,176,233,234,235,236,237,244,245,246,247,249,256,257,258,259,295,296,297,298,
227;0;2135;2282;1;0,1,2,5,6,7,8,9,10,11,12,13,14,15,20,21,22,23,26,32,41,42,43,44,45,50,55,56,63,64,68,69,70,71,72,73,74,75,76,78,80,88,117,118,119,120,121,135,137,144,164,165,166,167,168,169,170,171,173,174,175,176,233,234,235,236,237,244,245,246,247,249,256,257,258,259,295,296,297,298,
227;1;2282;2433;1;0,1,2,5,6,7,8,9,10,11,12,13,14,15,20,21,22,23,26,32,41,42,43,44,45,50,55,56,63,64,68,69,70,71,72,73,74,75,76,78,80,88,117,118,119,120,121,135,137,144,164,165,166,167,168,169,170,171,173,174,175,176,233,234,235,236,237,244,245,246,247,249,256,257,258,259,295,296,297,298,
36;0;2433;2482;0;0,1,2,5,6,7,8,9,10,11,12,13,14,15,20,21,22,23,26,32,41,42,43,44,45,50,55,56,63,64,68,69,70,71,72,73,74,75,76,78,80,88,117,118,119,120,121,135,137,144,164,165,166,167,168,169,170,171,173,174,175,176,233,234,235,236,237,244,245,246,247,249,256,257,258,259,295,296,297,298,
19;0;2482;2650;0;0,1,2,5,6,7,8,9,10,11,12,13,14,15,20,21,22,23,26,32,41,42,43,44,45,50,55,56,63,64,68,69,70,71,72,73,74,75,76,78,80,88,117,118,119,120,121,135,137,144,164,165,166,167,168,169,170,171,173,174,175,176,233,234,235,236,237,244,245,246,247,249,256,257,258,259,295,296,297,298,
19;1;2650;2724;0;0,1,2,5,6,7,8,9,10,11,12,13,14,15,20,21,22,23,26,32,41,42,43,44,45,50,55,56,63,64,68,69,70,71,72,73,74,75,76,78,80,88,117,118,119,120,121,135,137,144,164,165,166,167,168,169,170,171,173,174,175,176,233,234,235,236,237,244,245,246,247,249,256,257,258,259,295,296,297,298,
175;0;2724;2766;0;0,1,2,5,6,7,8,9,10,11,12,13,14,15,20,21,22,23,26,32,41,42,43,44,45,50,55,56,63,64,68,69,70,71,72,73,74,75,76,78,80,88,117,118,119,120,121,135,137,144,164,165,166,167,168,169,170,171,173,174,175,176,233,234,235,236,237,244,245,246,247,249,256,257,258,259,295,296,297,298,
107;0;2766;2895;1;0,1,2,5,6,7,8,9,10,11,12,13,14,15,20,21,22,23,26,32,41,42,43,44,45,50,55,56,63,64,68,69,70,71,72,73,74,75,76,78,80,88,117,118,119,120,121,135,137,144,164,165,166,167,168,169,170,171,173,174,175,176,233,234,235,236,237,244,245,246,247,249,256,257,258,259,295,296,297,298,
107;1;2895;3005;1;0,1,2,5,6,7,8,9,10,11,12,13,14,15,20,21,22,23,26,32,41,42,43,44,45,50,55,56,63,64,68,69,70,71,72,73,74,75,76,78,80,88,117,118,119,120,121,135,137,144,164,165,166,167,168,169,170,171,173,174,175,176,233,234,235,236,237,244,245,246,247,249,256,257,258,259,295,296,297,298,
165;0;3005;3065;0;0,1,2,5,6,7,8,9,10,11,12,13,14,15,20,21,22,23,26,32,41,42,43,44,45,50,55,56,63,64,68,69,70,71,72,73,74,75,76,78,80,88,117,118,119,120,121,135,137,144,164,165,166,167,168,169,170,171,173,174,175,176,233,234,235,236,237,244,245,246,247,249,256,257,258,259,295,296,297,298,
2;0;3065;3179;0;0,1,2,5,6,7,8,9,10,11,12,13,14,15,20,21,22,23,26,32,41,42,43,44,45,50,55,56,63,64,68,69,70,71,72,73,74,75,76,78,80,88,117,118,119,120,121,135,137,144,164,165,166,167,168,169,170,171,173,174,175,176,233,234,235,236,237,244,245,246,247,249,256,257,258,259,295,296,297,298,
2;1;3179;3226;0;0,1,2,5,6,7,8,9,10,11,12,13,14,15,20,21,22,23,26,32,41,42,43,44,45,50,55,56,63,64,68,69,70,71,72,73,74,75,76,78,80,88,117,118,119,120,121,135,137,144,164,165,166,167,168,169,170,171,173,174,175,176,233,234,235,236,237,244,245,246,247,249,256,257,258,259,295,296,297,298,
157;0;3226;3335;1;0,1,2,5,6,7,8,9,10,11,12,13,14,15,20,21,22,23,26,32,41,42,43,44,45,50,55,56,63,64,68,69,70,71,72,73,74,75,76,78,80,88,117,118,119,120,121,135,137,144,164,165,166,167,168,169,170,171,173,174,175,176,233,234,235,236,237,244,245,246,247,249,256,257,258,259,295,296,297,298,
157;1;3335;3371;1;0,1,2,5,6,7,8,9,10,11,12,13,14,15,20,21,22,23,26,32,41,42,43,44,45,50,55,56,63,64,68,69,70,71,72,73,74,75,76,78,80,88,117,118,119,120,121,135,137,144,164,165,166,167,168,169,170,171,173,174,175,176,233,234,235,236,237,244,245,246,247,249,256,257,258,259,295,296,297,298,
131;0;3371;3379;1;0,1,2,5,6,7,8,9,10,11,12,13,14,15,20,21,22,23,26,32,41,42,43,44,45,50,55,56,63,64,68,69,70,71,72,73,74,75,76,78,80,88,117,118,119,120,121,135,137,144,164,165,166,167,168,169,170,171,173,174,175,176,233,234,235,236,237,244,245,246,247,249,256,257,258,259,295,296,297,298,
33;0;3379;3542;1;0,1,2,5,6,7,8,9,10,11,12,13,14,15,20,21,22,23,26,32,41,42,43,44,45,50,55,56,63,64,68,69,70,71,72,73,74,75,76,78,80,88,117,118,119,120,121,135,137,144,164,165,166,167,168,169,170,171,173,174,175,176,233,234,235,236,237,244,245,246,247,249,256,257,258,259,295,296,297,298,
178;0;3542;3653;0;0,1,2,5,6,7,8,9,10,11,12,13,14,15,20,21,22,23,26,32,41,42,43,44,45,50,55,56,63,64,68,69,70,71,72,73,74,75,76,78,80,88,117,118,119,120,121,135,137,144,164,165,166,167,168,169,170,171,173,174,175,176,233,234,235,236,237,244,245,246,247,249,256,257,258,259,295,296,297,298,
230;0;3653;3758;1;0,1,2,5,6,7,8,9,10,11,12,13,14,15,20,21,22,23,26,32,41,42,43,44,45,50,55,56,63,64,68,69,70,71,72,73,74,75,76,78,80,88,117,118,119,120,121,135,137,144,164,165,166,167,168,169,170,171,173,174,175,176,233,234,235,236,237,244,245,246,247,249,256,257,258,259,295,296,297,298,
225;0;3758;3891;0;0,1,2,5,6,7,8,9,10,11,12,13,14,15,20,21,22,23,26,32,41,42,43,44,45,50,55,56,63,64,68,69,70,71,72,73,74,75,76,78,80,88,117,118,119,120,121,135,137,144,164,165,166,167,168,169,170,171,173,174,175,176,233,234,235,236,237,244,245,246,247,249,256,257,258,259,295,296,297,298,
83;0;3891;3966;1;0,1,2,5,6,7,8,9,10,11,12,13,14,15,20,21,22,23,26,32,41,42,43,44,45,50,55,56,63,64,68,69,70,71,72,73,74,75,76,78,80,88,117,118,119,120,121,135,137,144,164,165,166,167,168,169,170,171,173,174,175,176,233,234,235,236,237,244,245,246,247,249,256,257,258,259,295,296,297,298,
92;0;3966;4087;0;0,1,2,5,6,7,8,9,10,11,12,13,14,15,20,21,22,23,26,32,41,42,43,44,45,50,55,56,63,64,68,69,70,71,72,73,74,75,76,78,80,88,117,118,119,120,121,135,137,144,164,165,166,167,168,169,170,171,173,174,175,176,233,234,235,236,237,244,245,246,247,249,256,257,258,259,295,296,297,298,
92;1;4087;4095;0;0,1,2,5,6,7,8,9,10,11,12,13,14,15,20,21,22,23,26,32,41,42,43,44,45,50,55,56,63,64,68,69,70,71,72,73,74,75,76,78,80,88,117,118,119,120,121,135,137,144,164,165,166,167,168,169,170,171,173,174,175,176,233,234,235,236,237,244,245,246,247,249,256,257,258,259,295,296,297,298,
201;0;4095;4129;1;0,1,2,5,6,7,8,9,10,11,12,13,14,15,20,21,22,23,26,32,41,42,43,44,45,50,55,56,63,64,68,69,70,71,72,73,74,75,76,78,80,88,117,118,119,120,121,135,137,144,164,165,166,167,168,169,170,171,173,174,175,176,233,234,235,236,237,244,245,246,247,249,256,257,258,259,295,296,297,298,
118;0;4129;4225;0;0,1,2,5,6,7,8,9,10,11,12,13,14,15,20,21,22,23,26,32,41,42,43,44,45,50,55,56,63,64,68,69,70,71,72,73,74,75,76,78,80,88,117,118,119,120,121,135,137,144,164,165,166,167,168,169,170,171,173,174,175,176,233,234,235,236,237,244,245,246,247,249,256,257,258,259,295,296,297,298,
124;0;4225;4385;1;0,1,2,5,6,7,8,9,10,11,12,13,14,15,20,21,22,23,26,32,41,42,43,44,45,50,55,56,63,64,68,69,70,71,72,73,74,75,76,78,80,88,117,118,119,120,121,135,137,144,164,165,166,167,168,169,170,171,173,174,175,176,233,234,235,236,237,244,245,246,247,249,256,257,258,259,295,296,297,298,
124;1;4385;4429;1;0,1,2,5,6,7,8,9,10,11,12,13,14,15,20,21,22,23,26,32,41,42,43,44,45,50,55,56,63,64,68,69,70,71,72,73,74,75,76,78,80,88,117,118,119,120,121,135,137,144,164,165,166,167,168,169,170,171,173,174,175,176,233,234,235,236,237,244,245,246,247,249,256,257,258,259,295,296,297,298,
127;0;4429;4461;1;0,1,2,5,6,7,8,9,10,11,12,13,14,15,20,21,22,23,26,32,41,42,43,44,45,50,55,56,63,64,68,69,70,71,72,73,74,75,76,78,80,88,117,118,119,120,121,135,137,144,164,165,166,167,168,169,170,171,173,174,175,176,233,234,235,236,237,244,245,246,247,249,256,257,258,259,295,296,297,298,
127;1;4461;4541;1;0,1,2,5,6,7,8,9,10,11,12,13,14,15,20,21,22,23,26,32,41,42,43,44,45,50,55,56,63,64,68,69,70,71,72,73,74,75,76,78,80,88,117,118,119,120,121,135,137,144,164,165,166,167,168,169,170,171,173,174,175,176,233,234,235,236,237,244,245,246,247,249,256,257,258,259,295,296,297,298,
209;0;4541;4573;0;0,1,2,5,6,7,8,9,10,11,12,13,14,15,20,21,22,23,26,32,41,42,43,44,45,50,55,56,63,64,68,69,70,71,72,73,74,75,76,78,80,88,117,118,119,120,121,135,137,144,164,165,166,167,168,169,170,171,173,174,175,176,233,234,235,236,237,244,245,246,247,249,256,257,258,259,295,296,297,298,
209;1;4573;4747;0;0,1,2,5,6,7,8,9,10,11,12,13,14,15,20,21,22,23,26,32,41,42,43,44,45,50,55,56,63,64,68,69,70,71,72,73,74,75,76,78,80,88,117,118,119,120,121,135,137,144,164,165,166,167,168,169,170,171,173,174,175,176,233,234,235,236,237,244,245,246,247,249,256,257,258,259,295,296,297,298,
Machine: 5
112;0;0;41;0;0,1,2,4,12,13,14,15,20,25,32,40,55,56,61,62,122,123,124,138,139,140,141,142,150,170,171,172,173,193,195,196,206,207,208,209,210,211,212,213,214,215,216,217,218,219,220,221,222,223,224,225,226,227,228,229,230,231,232,238,239,240,241,251,252,253,254,255,275,276,277,278,280,281,282,294,299,320,321,322,
112;1;41;197;0;0,1,2,4,12,13,14,15,20,25,32,40,55,56,61,62,122,123,124,138,139,140,141,142,150,170,171,172,173,193,195,196,206,207,208,209,210,211,212,213,214,215,216,217,218,219,220,221,222,223,224,225,226,227,228,229,230,231,232,238,239,240,241,251,252,253,254,255,275,276,277,278,280,281,282,294,299,320,321,322,
85;0;197;328;0;0,1,2,4,12,13,14,15,20,25,32,40,55,56,61,62,122,123,124,138,139,140,141,142,150,170,171,172,173,193,195,196,206,207,208,209,210,211,212,213,214,215,216,217,218,219,220,221,222,223,224,225,226,227,228,229,230,231,232,238,239,240,241,251,252,253,254,255,275,276,277,278,280,281,282,294,299,320,321,322,
172;0;328;454;0;0,1,2,4,12,13,14,15,20,25,32,40,55,56,61,62,122,123,124,138,139,140,141,142,150,170,171,172,173,193,195,196,206,207,208,209,210,211,212,213,214,215,216,217,218,219,220,221,222,223,224,225,226,227,228,229,230,231,232,238,239,240,241,251,252,253,254,255,275,276,277,278,280,281,282,294,299,320,321,322,
172;1;454;604;0;0,1,2,4,12,13,14,15,20,25,32,40,55,56,61,62,122,123,124,138,139,140,141,142,150,170,171,172,173,193,195,196,206,207,208,209,210,211,212,213,214,215,216,217,218,219,220,221,222,223,224,225,226,227,228,229,230,231,232,238,239,240,241,251,252,253,254,255,275,276,277,278,280,281,282,294,299,320,321,322,
196;0;604;681;0;0,1,2,4,12,13,14,15,20,25,32,40,55,56,61,62,122,123,124,138,139,140,141,142,150,170,171,172,173,193,195,196,206,207,208,209,210,211,212,213,214,215,216,217,218,219,220,221,222,223,224,225,226,227,228,229,230,231,232,238,239,240,241,251,252,253,254,255,275,276,277,278,280,281,282,294,299,320,321,322,
208;0;681;845;0;0,1,2,4,12,13,14,15,20,25,32,40,55,56,61,62,122,123,124,138,139,140,141,142,150,170,171,172,173,193,195,196,206,207,208,209,210,211,212,213,214,215,216,217,218,219,220,221,222,223,224,225,226,227,228,229,230,231,232,238,239,240,241,251,252,253,254,255,275,276,277,278,280,281,282,294,299,320,321,322,
111;0;845;917;1;0,1,2,4,12,13,14,15,20,25,32,40,55,56,61,62,122,123,124,138,139,140,141,142,150,170,171,172,173,193,195,196,206,207,208,209,210,211,212,213,214,215,216,217,218,219,220,221,222,223,224,225,226,227,228,229,230,231,232,238,239,240,241,251,252,253,254,255,275,276,277,278,280,281,282,294,299,320,321,322,
217;0;917;1027;1;0,1,2,4,12,13,14,15,20,25,32,40,55,56,61,62,122,123,124,138,139,140,141,142,150,170,171,172,173,193,195,196,206,207,208,209,210,211,212,213,214,215,216,217,218,219,220,221,222,223,224,225,226,227,228,229,230,231,232,238,239,240,241,251,252,253,254,255,275,276,277,278,280,281,282,294,299,320,321,322,
217;1;1027;1183;1;0,1,2,4,12,13,14,15,20,25,32,40,55,56,61,62,122,123,124,138,139,140,141,142,150,170,171,172,173,193,195,196,206,207,208,209,210,211,212,213,214,215,216,217,218,219,220,221,222,223,224,225,226,227,228,229,230,231,232,238,239,240,241,251,252,253,254,255,275,276,277,278,280,281,282,294,299,320,321,322,
198;0;1183;1259;0;0,1,2,4,12,13,14,15,20,25,32,40,55,56,61,62,122,123,124,138,139,140,141,142,150,170,171,172,173,193,195,196,206,207,208,209,210,211,212,213,214,215,216,217,218,219,220,221,222,223,224,225,226,227,228,229,230,231,232,238,239,240,241,251,252,253,254,255,275,276,277,278,280,281,282,294,299,320,321,322,
110;0;1259;1438;1;0,1,2,4,12,13,14,15,20,25,32,40,55,56,61,62,122,123,124,138,139,140,141,142,150,170,171,172,173,193,195,196,206,207,208,209,210,211,212,213,214,215,216,217,218,219,220,221,222,223,224,225,226,227,228,229,230,231,232,238,239,240,241,251,252,253,254,255,275,276,277,278,280,281,282,294,299,320,321,322,
197;0;1438;1608;1;0,1,2,4,12,13,14,15,20,25,32,40,55,56,61,62,122,123,124,138,139,140,141,142,150,170,171,172,173,193,195,196,206,207,208,209,210,211,212,213,214,215,216,217,218,219,220,221,222,223,224,225,226,227,228,229,230,231,232,238,239,240,241,251,252,253,254,255,275,276,277,278,280,281,282,294,299,320,321,322,
197;1;1608;1626;1;0,1,2,4,12,13,14,15,20,25,32,40,55,56,61,62,122,123,124,138,139,140,141,142,150,170,171,172,173,193,195,196,206,207,208,209,210,211,212,213,214,215,216,217,218,219,220,221,222,223,224,225,226,227,228,229,230,231,232,238,239,240,241,251,252,253,254,255,275,276,277,278,280,281,282,294,299,320,321,322,
234;0;1626;1655;1;0,1,2,4,12,13,14,15,20,25,32,40,55,56,61,62,122,123,124,138,139,140,141,142,150,170,171,172,173,193,195,196,206,207,208,209,210,211,212,213,214,215,216,217,218,219,220,221,222,223,224,225,226,227,228,229,230,231,232,238,239,240,241,251,252,253,254,255,275,276,277,278,280,281,282,294,299,320,321,322,
234;1;1655;1687;1;0,1,2,4,12,13,14,15,20,25,32,40,55,56,61,62,122,123,124,138,139,140,141,142,150,170,171,172,173,193,195,196,206,207,208,209,210,211,212,213,214,215,216,217,218,219,220,221,222,223,224,225,226,227,228,229,230,231,232,238,239,240,241,251,252,253,254,255,275,276,277,278,280,281,282,294,299,320,321,322,
140;0;1687;1802;1;0,1,2,4,12,13,14,15,20,25,32,40,55,56,61,62,122,123,124,138,139,140,141,142,150,170,171,172,173,193,195,196,206,207,208,209,210,211,212,213,214,215,216,217,218,219,220,221,222,223,224,225,226,227,228,229,230,231,232,238,239,240,241,251,252,253,254,255,275,276,277,278,280,281,282,294,299,320,321,322,
203;0;1802;1882;1;0,1,2,4,12,13,14,15,20,25,32,40,55,56,61,62,122,123,124,138,139,140,141,142,150,170,171,172,173,193,195,196,206,207,208,209,210,211,212,213,214,215,216,217,218,219,220,221,222,223,224,225,226,227,228,229,230,231,232,238,239,240,241,251,252,253,254,255,275,276,277,278,280,281,282,294,299,320,321,322,
95;0;1882;1972;0;0,1,2,4,12,13,14,15,20,25,32,40,55,56,61,62,122,123,124,138,139,140,141,142,150,170,171,172,173,193,195,196,206,207,208,209,210,211,212,213,214,215,216,217,218,219,220,221,222,223,224,225,226,227,228,229,230,231,232,238,239,240,241,251,252,253,254,255,275,276,277,278,280,281,282,294,299,320,321,322,
229;0;1972;2069;0;0,1,2,4,12,13,14,15,20,25,32,40,55,56,61,62,122,123,124,138,139,140,141,142,150,170,171,172,173,193,195,196,206,207,208,209,210,211,212,213,214,215,216,217,218,219,220,221,222,223,224,225,226,227,228,229,230,231,232,238,239,240,241,251,252,253,254,255,275,276,277,278,280,281,282,294,299,320,321,322,
229;1;2069;2163;0;0,1,2,4,12,13,14,15,20,25,32,40,55,56,61,62,122,123,124,138,139,140,141,142,150,170,171,172,173,193,195,196,206,207,208,209,210,211,212,213,214,215,216,217,218,219,220,221,222,223,224,225,226,227,228,229,230,231,232,238,239,240,241,251,252,253,254,255,275,276,277,278,280,281,282,294,299,320,321,322,
152;0;2163;2308;0;0,1,2,4,12,13,14,15,20,25,32,40,55,56,61,62,122,123,124,138,139,140,141,142,150,170,171,172,173,193,195,196,206,207,208,209,210,211,212,213,214,215,216,217,218,219,220,221,222,223,224,225,226,227,228,229,230,231,232,238,239,240,241,251,252,253,254,255,275,276,277,278,280,281,282,294,299,320,321,322,
152;1;2308;2360;0;0,1,2,4,12,13,14,15,20,25,32,40,55,56,61,62,122,123,124,138,139,140,141,142,150,170,171,172,173,193,195,196,206,207,208,209,210,211,212,213,214,215,216,217,218,219,220,221,222,223,224,225,226,227,228,229,230,231,232,238,239,240,241,251,252,253,254,255,275,276,277,278,280,281,282,294,299,320,321,322,
143;0;2360;2374;1;0,1,2,4,12,13,14,15,20,25,32,40,55,56,61,62,122,123,124,138,139,140,141,142,150,170,171,172,173,193,195,196,206,207,208,209,210,211,212,213,214,215,216,217,218,219,220,221,222,223,224,225,226,227,228,229,230,231,232,238,239,240,241,251,252,253,254,255,275,276,277,278,280,281,282,294,299,320,321,322,
167;0;2374;2384;1;0,1,2,4,12,13,14,15,20,25,32,40,55,56,61,62,122,123,124,138,139,140,141,142,150,170,171,172,173,193,195,196,206,207,208,209,210,211,212,213,214,215,216,217,218,219,220,221,222,223,224,225,226,227,228,229,230,231,232,238,239,240,241,251,252,253,254,255,275,276,277,278,280,281,282,294,299,320,321,322,
167;1;2384;2478;1;0,1,2,4,12,13,14,15,20,25,32,40,55,56,61,62,122,123,124,138,139,140,141,142,150,170,171,172,173,193,195,196,206,207,208,209,210,211,212,213,214,215,216,217,218,219,220,221,222,223,224,225,226,227,228,229,230,231,232,238,239,240,241,251,252,253,254,255,275,276,277,278,280,281,282,294,299,320,321,322,
67;0;2478;2607;1;0,1,2,4,12,13,14,15,20,25,32,40,55,56,61,62,122,123,124,138,139,140,141,142,150,170,171,172,173,193,195,196,206,207,208,209,210,211,212,213,214,215,216,217,218,219,220,221,222,223,224,225,226,227,228,229,230,231,232,238,239,240,241,251,252,253,254,255,275,276,277,278,280,281,282,294,299,320,321,322,
67;1;2607;2632;1;0,1,2,4,12,13,14,15,20,25,32,40,55,56,61,62,122,123,124,138,139,140,141,142,150,170,171,172,173,193,195,196,206,207,208,209,210,211,212,213,214,215,216,217,218,219,220,221,222,223,224,225,226,227,228,229,230,231,232,238,239,240,241,251,252,253,254,255,275,276,277,278,280,281,282,294,299,320,321,322,
240;0;2632;2681;1;0,1,2,4,12,13,14,15,20,25,32,40,55,56,61,62,122,123,124,138,139,140,141,142,150,170,171,172,173,193,195,196,206,207,208,209,210,211,212,213,214,215,216,217,218,219,220,221,222,223,224,225,226,227,228,229,230,231,232,238,239,240,241,251,252,253,254,255,275,276,277,278,280,281,282,294,299,320,321,322,
212;0;2681;2830;0;0,1,2,4,12,13,14,15,20,25,32,40,55,56,61,62,122,123,124,138,139,140,141,142,150,170,171,172,173,193,195,196,206,207,208,209,210,211,212,213,214,215,216,217,218,219,220,221,222,223,224,225,226,227,228,229,230,231,232,238,239,240,241,251,252,253,254,255,275,276,277,278,280,281,282,294,299,320,321,322,
212;1;2830;2980;0;0,1,2,4,12,13,14,15,20,25,32,40,55,56,61,62,122,123,124,138,139,140,141,142,150,170,171,172,173,193,195,196,206,207,208,209,210,211,212,213,214,215,216,217,218,219,220,221,222,223,224,225,226,227,228,229,230,231,232,238,239,240,241,251,252,253,254,255,275,276,277,278,280,281,282,294,299,320,321,322,
228;0;2980;2998;0;0,1,2,4,12,13,14,15,20,25,32,40,55,56,61,62,122,123,124,138,139,140,141,142,150,170,171,172,173,193,195,196,206,207,208,209,210,211,212,213,214,215,216,217,218,219,220,221,222,223,224,225,226,227,228,229,230,231,232,238,239,240,241,251,252,253,254,255,275,276,277,278,280,281,282,294,299,320,321,322,
174;0;2998;3158;1;0,1,2,4,12,13,14,15,20,25,32,40,55,56,61,62,122,123,124,138,139,140,141,142,150,170,171,172,173,193,195,196,206,207,208,209,210,211,212,213,214,215,216,217,218,219,220,221,222,223,224,225,226,227,228,229,230,231,232,238,239,240,241,251,252,253,254,255,275,276,277,278,280,281,282,294,299,320,321,322,
174;1;3158;3234;1;0,1,2,4,12,13,14,15,20,25,32,40,55,56,61,62,122,123,124,138,139,140,141,142,150,170,171,172,173,193,195,196,206,207,208,209,210,211,212,213,214,215,216,217,218,219,220,221,222,223,224,225,226,227,228,229,230,231,232,238,239,240,241,251,252,253,254,255,275,276,277,278,280,281,282,294,299,320,321,322,
199;0;3234;3286;0;0,1,2,4,12,13,14,15,20,25,32,40,55,56,61,62,122,123,124,138,139,140,141,142,150,170,171,172,173,193,195,196,206,207,208,209,210,211,212,213,214,215,216,217,218,219,220,221,222,223,224,225,226,227,228,229,230,231,232,238,239,240,241,251,252,253,254,255,275,276,277,278,280,281,282,294,299,320,321,322,
199;1;3286;3463;0;0,1,2,4,12,13,14,15,20,25,32,40,55,56,61,62,122,123,124,138,139,140,141,142,150,170,171,172,173,193,195,196,206,207,208,209,210,211,212,213,214,215,216,217,218,219,220,221,222,223,224,225,226,227,228,229,230,231,232,238,239,240,241,251,252,253,254,255,275,276,277,278,280,281,282,294,299,320,321,322,
151;0;3463;3588;1;0,1,2,4,12,13,14,15,20,25,32,40,55,56,61,62,122,123,124,138,139,140,141,142,150,170,171,172,173,193,195,196,206,207,208,209,210,211,212,213,214,215,216,217,218,219,220,221,222,223,224,225,226,227,228,229,230,231,232,238,239,240,241,251,252,253,254,255,275,276,277,278,280,281,282,294,299,320,321,322,
226;0;3588;3732;0;0,1,2,4,12,13,14,15,20,25,32,40,55,56,61,62,122,123,124,138,139,140,141,142,150,170,171,172,173,193,195,196,206,207,208,209,210,211,212,213,214,215,216,217,218,219,220,221,222,223,224,225,226,227,228,229,230,231,232,238,239,240,241,251,252,253,254,255,275,276,277,278,280,281,282,294,299,320,321,322,
97;0;3732;3901;1;0,1,2,4,12,13,14,15,20,25,32,40,55,56,61,62,122,123,124,138,139,140,141,142,150,170,171,172,173,193,195,196,206,207,208,209,210,211,212,213,214,215,216,217,218,219,220,221,222,223,224,225,226,227,228,229,230,231,232,238,239,240,241,251,252,253,254,255,275,276,277,278,280,281,282,294,299,320,321,322,
97;1;3901;4065;1;0,1,2,4,12,13,14,15,20,25,32,40,55,56,61,62,122,123,124,138,139,140,141,142,150,170,171,172,173,193,195,196,206,207,208,209,210,211,212,213,214,215,216,217,218,219,220,221,222,223,224,225,226,227,228,229,230,231,232,238,239,240,241,251,252,253,254,255,275,276,277,278,280,281,282,294,299,320,321,322,
144;0;4065;4109;1;0,1,2,4,12,13,14,15,20,25,32,40,55,56,61,62,122,123,124,138,139,140,141,142,150,170,171,172,173,193,195,196,206,207,208,209,210,211,212,213,214,215,216,217,218,219,220,221,222,223,224,225,226,227,228,229,230,231,232,238,239,240,241,251,252,253,254,255,275,276,277,278,280,281,282,294,299,320,321,322,
144;1;4109;4218;1;0,1,2,4,12,13,14,15,20,25,32,40,55,56,61,62,122,123,124,138,139,140,141,142,150,170,171,172,173,193,195,196,206,207,208,209,210,211,212,213,214,215,216,217,218,219,220,221,222,223,224,225,226,227,228,229,230,231,232,238,239,240,241,251,252,253,254,255,275,276,277,278,280,281,282,294,299,320,321,322,
150;0;4218;4397;1;0,1,2,4,12,13,14,15,20,25,32,40,55,56,61,62,122,123,124,138,139,140,141,142,150,170,171,172,173,193,195,196,206,207,208,209,210,211,212,213,214,215,216,217,218,219,220,221,222,223,224,225,226,227,228,229,230,231,232,238,239,240,241,251,252,253,254,255,275,276,277,278,280,281,282,294,299,320,321,322,
30;0;4397;4405;1;0,1,2,4,12,13,14,15,20,25,32,40,55,56,61,62,122,123,124,138,139,140,141,142,150,170,171,172,173,193,195,196,206,207,208,209,210,211,212,213,214,215,216,217,218,219,220,221,222,223,224,225,226,227,228,229,230,231,232,238,239,240,241,251,252,253,254,255,275,276,277,278,280,281,282,294,299,320,321,322,
48;0;4405;4431;0;0,1,2,4,12,13,14,15,20,25,32,40,55,56,61,62,122,123,124,138,139,140,141,142,150,170,171,172,173,193,195,196,206,207,208,209,210,211,212,213,214,215,216,217,218,219,220,221,222,223,224,225,226,227,228,229,230,231,232,238,239,240,241,251,252,253,254,255,275,276,277,278,280,281,282,294,299,320,321,322,
132;0;4431;4460;0;0,1,2,4,12,13,14,15,20,25,32,40,55,56,61,62,122,123,124,138,139,140,141,142,150,170,171,172,173,193,195,196,206,207,208,209,210,211,212,213,214,215,216,217,218,219,220,221,222,223,224,225,226,227,228,229,230,231,232,238,239,240,241,251,252,253,254,255,275,276,277,278,280,281,282,294,299,320,321,322,
132;1;4460;4578;0;0,1,2,4,12,13,14,15,20,25,32,40,55,56,61,62,122,123,124,138,139,140,141,142,150,170,171,172,173,193,195,196,206,207,208,209,210,211,212,213,214,215,216,217,218,219,220,221,222,223,224,225,226,227,228,229,230,231,232,238,239,240,241,251,252,253,254,255,275,276,277,278,280,281,282,294,299,320,321,322,
44;0;4578;4659;1;0,1,2,4,12,13,14,15,20,25,32,40,55,56,61,62,122,123,124,138,139,140,141,142,150,170,171,172,173,193,195,196,206,207,208,209,210,211,212,213,214,215,216,217,218,219,220,221,222,223,224,225,226,227,228,229,230,231,232,238,239,240,241,251,252,253,254,255,275,276,277,278,280,281,282,294,299,320,321,322,
44;1;4659;4815;1;0,1,2,4,12,13,14,15,20,25,32,40,55,56,61,62,122,123,124,138,139,140,141,142,150,170,171,172,173,193,195,196,206,207,208,209,210,211,212,213,214,215,216,217,218,219,220,221,222,223,224,225,226,227,228,229,230,231,232,238,239,240,241,251,252,253,254,255,275,276,277,278,280,281,282,294,299,320,321,322,
162;0;4815;4933;0;0,1,2,4,12,13,14,15,20,25,32,40,55,56,61,62,122,123,124,138,139,140,141,142,150,170,171,172,173,193,195,196,206,207,208,209,210,211,212,213,214,215,216,217,218,219,220,221,222,223,224,225,226,227,228,229,230,231,232,238,239,240,241,251,252,253,254,255,275,276,277,278,280,281,282,294,299,320,321,322,
162;1;4933;4965;0;0,1,2,4,12,13,14,15,20,25,32,40,55,56,61,62,122,123,124,138,139,140,141,142,150,170,171,172,173,193,195,196,206,207,208,209,210,211,212,213,214,215,216,217,218,219,220,221,222,223,224,225,226,227,228,229,230,231,232,238,239,240,241,251,252,253,254,255,275,276,277,278,280,281,282,294,299,320,321,322,
113;0;4965;5042;1;0,1,2,4,12,13,14,15,20,25,32,40,55,56,61,62,122,123,124,138,139,140,141,142,150,170,171,172,173,193,195,196,206,207,208,209,210,211,212,213,214,215,216,217,218,219,220,221,222,223,224,225,226,227,228,229,230,231,232,238,239,240,241,251,252,253,254,255,275,276,277,278,280,281,282,294,299,320,321,322,
14;0;5042;5116;1;0,1,2,4,12,13,14,15,20,25,32,40,55,56,61,62,122,123,124,138,139,140,141,142,150,170,171,172,173,193,195,196,206,207,208,209,210,211,212,213,214,215,216,217,218,219,220,221,222,223,224,225,226,227,228,229,230,231,232,238,239,240,241,251,252,253,254,255,275,276,277,278,280,281,282,294,299,320,321,322,
14;1;5116;5206;1;0,1,2,4,12,13,14,15,20,25,32,40,55,56,61,62,122,123,124,138,139,140,141,142,150,170,171,172,173,193,195,196,206,207,208,209,210,211,212,213,214,215,216,217,218,219,220,221,222,223,224,225,226,227,228,229,230,231,232,238,239,240,241,251,252,253,254,255,275,276,277,278,280,281,282,294,299,320,321,322,
78;0;5206;5293;0;0,1,2,4,12,13,14,15,20,25,32,40,55,56,61,62,122,123,124,138,139,140,141,142,150,170,171,172,173,193,195,196,206,207,208,209,210,211,212,213,214,215,216,217,218,219,220,221,222,223,224,225,226,227,228,229,230,231,232,238,239,240,241,251,252,253,254,255,275,276,277,278,280,281,282,294,299,320,321,322,
114;0;5293;5457;1;0,1,2,4,12,13,14,15,20,25,32,40,55,56,61,62,122,123,124,138,139,140,141,142,150,170,171,172,173,193,195,196,206,207,208,209,210,211,212,213,214,215,216,217,218,219,220,221,222,223,224,225,226,227,228,229,230,231,232,238,239,240,241,251,252,253,254,255,275,276,277,278,280,281,282,294,299,320,321,322,
114;1;5457;5543;1;0,1,2,4,12,13,14,15,20,25,32,40,55,56,61,62,122,123,124,138,139,140,141,142,150,170,171,172,173,193,195,196,206,207,208,209,210,211,212,213,214,215,216,217,218,219,220,221,222,223,224,225,226,227,228,229,230,231,232,238,239,240,241,251,252,253,254,255,275,276,277,278,280,281,282,294,299,320,321,322,
159;0;5543;5596;0;0,1,2,4,12,13,14,15,20,25,32,40,55,56,61,62,122,123,124,138,139,140,141,142,150,170,171,172,173,193,195,196,206,207,208,209,210,211,212,213,214,215,216,217,218,219,220,221,222,223,224,225,226,227,228,229,230,231,232,238,239,240,241,251,252,253,254,255,275,276,277,278,280,281,282,294,299,320,321,322,
159;1;5596;5699;0;0,1,2,4,12,13,14,15,20,25,32,40,55,56,61,62,122,123,124,138,139,140,141,142,150,170,171,172,173,193,195,196,206,207,208,209,210,211,212,213,214,215,216,217,218,219,220,221,222,223,224,225,226,227,228,229,230,231,232,238,239,240,241,251,252,253,254,255,275,276,277,278,280,281,282,294,299,320,321,322,
137;0;5699;5830;1;0,1,2,4,12,13,14,15,20,25,32,40,55,56,61,62,122,123,124,138,139,140,141,142,150,170,171,172,173,193,195,196,206,207,208,209,210,211,212,213,214,215,216,217,218,219,220,221,222,223,224,225,226,227,228,229,230,231,232,238,239,240,241,251,252,253,254,255,275,276,277,278,280,281,282,294,299,320,321,322,
137;1;5830;5959;1;0,1,2,4,12,13,14,15,20,25,32,40,55,56,61,62,122,123,124,138,139,140,141,142,150,170,171,172,173,193,195,196,206,207,208,209,210,211,212,213,214,215,216,217,218,219,220,221,222,223,224,225,226,227,228,229,230,231,232,238,239,240,241,251,252,253,254,255,275,276,277,278,280,281,282,294,299,320,321,322,
END
fineshedJobsCount: 339
switchs: 0
switchsInstances: 0
unfineshedPriorityCount: 0
totalUnfineshed: 0
criticalMachineSwitchs: 0
criticalMachineTime: 5959
Final Solution: 10170
Time: 471939
PTL: 407
MCMC: 499
Best Initial: 9632
Mean Initial: 9454
