./input/BaseInstances/6M2_n=339,r=0.4,t=339,v0.txt;./input/Processed/ToolSetInt.csv
7;720;1440
Machine: 0
49;0;0;31;0;0,1,2,3,4,12,13,14,15,20,25,26,27,28,29,30,31,32,33,40,46,54,55,56,61,62,63,122,123,124,148,149,150,151,152,153,154,155,156,157,158,159,160,161,162,163,193,196,242,243,250,256,257,258,259,283,284,285,286,287,288,289,290,291,292,293,320,321,322,324,325,326,327,328,329,330,331,332,333,334,
49;1;31;56;0;0,1,2,3,4,12,13,14,15,20,25,26,27,28,29,30,31,32,33,40,46,54,55,56,61,62,63,122,123,124,148,149,150,151,152,153,154,155,156,157,158,159,160,161,162,163,193,196,242,243,250,256,257,258,259,283,284,285,286,287,288,289,290,291,292,293,320,321,322,324,325,326,327,328,329,330,331,332,333,334,
145;0;56;154;0;0,1,2,3,4,12,13,14,15,20,25,26,27,28,29,30,31,32,33,40,46,54,55,56,61,62,63,122,123,124,148,149,150,151,152,153,154,155,156,157,158,159,160,161,162,163,193,196,242,243,250,256,257,258,259,283,284,285,286,287,288,289,290,291,292,293,320,321,322,324,325,326,327,328,329,330,331,332,333,334,
16;0;154;248;0;0,1,2,3,4,12,13,14,15,20,25,26,27,28,29,30,31,32,33,40,46,54,55,56,61,62,63,122,123,124,148,149,150,151,152,153,154,155,156,157,158,159,160,161,162,163,193,196,242,243,250,256,257,258,259,283,284,285,286,287,288,289,290,291,292,293,320,321,322,324,325,326,327,328,329,330,331,332,333,334,
167;0;248;258;1;0,1,2,3,4,12,13,14,15,20,25,26,27,28,29,30,31,32,33,40,46,54,55,56,61,62,63,122,123,124,148,149,150,151,152,153,154,155,156,157,158,159,160,161,162,163,193,196,242,243,250,256,257,258,259,283,284,285,286,287,288,289,290,291,292,293,320,321,322,324,325,326,327,328,329,330,331,332,333,334,
167;1;258;352;1;0,1,2,3,4,12,13,14,15,20,25,26,27,28,29,30,31,32,33,40,46,54,55,56,61,62,63,122,123,124,148,149,150,151,152,153,154,155,156,157,158,159,160,161,162,163,193,196,242,243,250,256,257,258,259,283,284,285,286,287,288,289,290,291,292,293,320,321,322,324,325,326,327,328,329,330,331,332,333,334,
175;0;352;394;0;0,1,2,3,4,12,13,14,15,20,25,26,27,28,29,30,31,32,33,40,46,54,55,56,61,62,63,122,123,124,148,149,150,151,152,153,154,155,156,157,158,159,160,161,162,163,193,196,242,243,250,256,257,258,259,283,284,285,286,287,288,289,290,291,292,293,320,321,322,324,325,326,327,328,329,330,331,332,333,334,
236;0;394;477;0;0,1,2,3,4,12,13,14,15,20,25,26,27,28,29,30,31,32,33,40,46,54,55,56,61,62,63,122,123,124,148,149,150,151,152,153,154,155,156,157,158,159,160,161,162,163,193,196,242,243,250,256,257,258,259,283,284,285,286,287,288,289,290,291,292,293,320,321,322,324,325,326,327,328,329,330,331,332,333,334,
26;0;477;521;0;0,1,2,3,4,12,13,14,15,20,25,26,27,28,29,30,31,32,33,40,46,54,55,56,61,62,63,122,123,124,148,149,150,151,152,153,154,155,156,157,158,159,160,161,162,163,193,196,242,243,250,256,257,258,259,283,284,285,286,287,288,289,290,291,292,293,320,321,322,324,325,326,327,328,329,330,331,332,333,334,
116;0;521;563;0;0,1,2,3,4,12,13,14,15,20,25,26,27,28,29,30,31,32,33,40,46,54,55,56,61,62,63,122,123,124,148,149,150,151,152,153,154,155,156,157,158,159,160,161,162,163,193,196,242,243,250,256,257,258,259,283,284,285,286,287,288,289,290,291,292,293,320,321,322,324,325,326,327,328,329,330,331,332,333,334,
100;0;563;682;1;0,1,2,3,4,12,13,14,15,20,25,26,27,28,29,30,31,32,33,40,46,54,55,56,61,62,63,122,123,124,148,149,150,151,152,153,154,155,156,157,158,159,160,161,162,163,193,196,242,243,250,256,257,258,259,283,284,285,286,287,288,289,290,291,292,293,320,321,322,324,325,326,327,328,329,330,331,332,333,334,
190;0;682;839;1;0,1,2,3,4,12,13,14,15,20,25,26,27,28,29,30,31,32,33,40,46,54,55,56,61,62,63,122,123,124,148,149,150,151,152,153,154,155,156,157,158,159,160,161,162,163,193,196,242,243,250,256,257,258,259,283,284,285,286,287,288,289,290,291,292,293,320,321,322,324,325,326,327,328,329,330,331,332,333,334,
38;0;839;917;0;0,1,2,3,4,12,13,14,15,20,25,26,27,28,29,30,31,32,33,40,46,54,55,56,61,62,63,122,123,124,148,149,150,151,152,153,154,155,156,157,158,159,160,161,162,163,193,196,242,243,250,256,257,258,259,283,284,285,286,287,288,289,290,291,292,293,320,321,322,324,325,326,327,328,329,330,331,332,333,334,
148;0;917;1018;0;0,1,2,3,4,12,13,14,15,20,25,26,27,28,29,30,31,32,33,40,46,54,55,56,61,62,63,122,123,124,148,149,150,151,152,153,154,155,156,157,158,159,160,161,162,163,193,196,242,243,250,256,257,258,259,283,284,285,286,287,288,289,290,291,292,293,320,321,322,324,325,326,327,328,329,330,331,332,333,334,
140;0;1018;1133;1;0,1,2,3,4,12,13,14,15,20,25,26,27,28,29,30,31,32,33,40,46,54,55,56,61,62,63,122,123,124,148,149,150,151,152,153,154,155,156,157,158,159,160,161,162,163,193,196,242,243,250,256,257,258,259,283,284,285,286,287,288,289,290,291,292,293,320,321,322,324,325,326,327,328,329,330,331,332,333,334,
98;0;1133;1213;0;0,1,2,3,4,12,13,14,15,20,25,26,27,28,29,30,31,32,33,40,46,54,55,56,61,62,63,122,123,124,148,149,150,151,152,153,154,155,156,157,158,159,160,161,162,163,193,196,242,243,250,256,257,258,259,283,284,285,286,287,288,289,290,291,292,293,320,321,322,324,325,326,327,328,329,330,331,332,333,334,
185;0;1213;1265;0;0,1,2,3,4,12,13,14,15,20,25,26,27,28,29,30,31,32,33,40,46,54,55,56,61,62,63,122,123,124,148,149,150,151,152,153,154,155,156,157,158,159,160,161,162,163,193,196,242,243,250,256,257,258,259,283,284,285,286,287,288,289,290,291,292,293,320,321,322,324,325,326,327,328,329,330,331,332,333,334,
168;0;1265;1384;0;0,1,2,3,4,12,13,14,15,20,25,26,27,28,29,30,31,32,33,40,46,54,55,56,61,62,63,122,123,124,148,149,150,151,152,153,154,155,156,157,158,159,160,161,162,163,193,196,242,243,250,256,257,258,259,283,284,285,286,287,288,289,290,291,292,293,320,321,322,324,325,326,327,328,329,330,331,332,333,334,
108;0;1384;1498;0;0,1,2,3,4,12,13,14,15,20,25,26,27,28,29,30,31,32,33,40,46,54,55,56,61,62,63,122,123,124,148,149,150,151,152,153,154,155,156,157,158,159,160,161,162,163,193,196,242,243,250,256,257,258,259,283,284,285,286,287,288,289,290,291,292,293,320,321,322,324,325,326,327,328,329,330,331,332,333,334,
163;0;1498;1654;1;0,1,2,3,4,12,13,14,15,20,25,26,27,28,29,30,31,32,33,40,46,54,55,56,61,62,63,122,123,124,148,149,150,151,152,153,154,155,156,157,158,159,160,161,162,163,193,196,242,243,250,256,257,258,259,283,284,285,286,287,288,289,290,291,292,293,320,321,322,324,325,326,327,328,329,330,331,332,333,334,
82;0;1654;1731;0;0,1,2,3,4,12,13,14,15,20,25,26,27,28,29,30,31,32,33,40,46,54,55,56,61,62,63,122,123,124,148,149,150,151,152,153,154,155,156,157,158,159,160,161,162,163,193,196,242,243,250,256,257,258,259,283,284,285,286,287,288,289,290,291,292,293,320,321,322,324,325,326,327,328,329,330,331,332,333,334,
82;1;1731;1746;0;0,1,2,3,4,12,13,14,15,20,25,26,27,28,29,30,31,32,33,40,46,54,55,56,61,62,63,122,123,124,148,149,150,151,152,153,154,155,156,157,158,159,160,161,162,163,193,196,242,243,250,256,257,258,259,283,284,285,286,287,288,289,290,291,292,293,320,321,322,324,325,326,327,328,329,330,331,332,333,334,
114;0;1746;1910;1;0,1,2,3,4,12,13,14,15,20,25,26,27,28,29,30,31,32,33,40,46,54,55,56,61,62,63,122,123,124,148,149,150,151,152,153,154,155,156,157,158,159,160,161,162,163,193,196,242,243,250,256,257,258,259,283,284,285,286,287,288,289,290,291,292,293,320,321,322,324,325,326,327,328,329,330,331,332,333,334,
114;1;1910;1996;1;0,1,2,3,4,12,13,14,15,20,25,26,27,28,29,30,31,32,33,40,46,54,55,56,61,62,63,122,123,124,148,149,150,151,152,153,154,155,156,157,158,159,160,161,162,163,193,196,242,243,250,256,257,258,259,283,284,285,286,287,288,289,290,291,292,293,320,321,322,324,325,326,327,328,329,330,331,332,333,334,
239;0;1996;2168;0;0,1,2,3,4,12,13,14,15,20,25,26,27,28,29,30,31,32,33,40,46,54,55,56,61,62,63,122,123,124,148,149,150,151,152,153,154,155,156,157,158,159,160,161,162,163,193,196,242,243,250,256,257,258,259,283,284,285,286,287,288,289,290,291,292,293,320,321,322,324,325,326,327,328,329,330,331,332,333,334,
239;1;2168;2246;0;0,1,2,3,4,12,13,14,15,20,25,26,27,28,29,30,31,32,33,40,46,54,55,56,61,62,63,122,123,124,148,149,150,151,152,153,154,155,156,157,158,159,160,161,162,163,193,196,242,243,250,256,257,258,259,283,284,285,286,287,288,289,290,291,292,293,320,321,322,324,325,326,327,328,329,330,331,332,333,334,
13;0;2246;2297;1;0,1,2,3,4,12,13,14,15,20,25,26,27,28,29,30,31,32,33,40,46,54,55,56,61,62,63,122,123,124,148,149,150,151,152,153,154,155,156,157,158,159,160,161,162,163,193,196,242,243,250,256,257,258,259,283,284,285,286,287,288,289,290,291,292,293,320,321,322,324,325,326,327,328,329,330,331,332,333,334,
62;0;2297;2392;0;0,1,2,3,4,12,13,14,15,20,25,26,27,28,29,30,31,32,33,40,46,54,55,56,61,62,63,122,123,124,148,149,150,151,152,153,154,155,156,157,158,159,160,161,162,163,193,196,242,243,250,256,257,258,259,283,284,285,286,287,288,289,290,291,292,293,320,321,322,324,325,326,327,328,329,330,331,332,333,334,
62;1;2392;2482;0;0,1,2,3,4,12,13,14,15,20,25,26,27,28,29,30,31,32,33,40,46,54,55,56,61,62,63,122,123,124,148,149,150,151,152,153,154,155,156,157,158,159,160,161,162,163,193,196,242,243,250,256,257,258,259,283,284,285,286,287,288,289,290,291,292,293,320,321,322,324,325,326,327,328,329,330,331,332,333,334,
113;0;2482;2559;1;0,1,2,3,4,12,13,14,15,20,25,26,27,28,29,30,31,32,33,40,46,54,55,56,61,62,63,122,123,124,148,149,150,151,152,153,154,155,156,157,158,159,160,161,162,163,193,196,242,243,250,256,257,258,259,283,284,285,286,287,288,289,290,291,292,293,320,321,322,324,325,326,327,328,329,330,331,332,333,334,
210;0;2559;2673;1;0,1,2,3,4,12,13,14,15,20,25,26,27,28,29,30,31,32,33,40,46,54,55,56,61,62,63,122,123,124,148,149,150,151,152,153,154,155,156,157,158,159,160,161,162,163,193,196,242,243,250,256,257,258,259,283,284,285,286,287,288,289,290,291,292,293,320,321,322,324,325,326,327,328,329,330,331,332,333,334,
103;0;2673;2778;1;0,1,2,3,4,12,13,14,15,20,25,26,27,28,29,30,31,32,33,40,46,54,55,56,61,62,63,122,123,124,148,149,150,151,152,153,154,155,156,157,158,159,160,161,162,163,193,196,242,243,250,256,257,258,259,283,284,285,286,287,288,289,290,291,292,293,320,321,322,324,325,326,327,328,329,330,331,332,333,334,
152;0;2778;2923;0;0,1,2,3,4,12,13,14,15,20,25,26,27,28,29,30,31,32,33,40,46,54,55,56,61,62,63,122,123,124,148,149,150,151,152,153,154,155,156,157,158,159,160,161,162,163,193,196,242,243,250,256,257,258,259,283,284,285,286,287,288,289,290,291,292,293,320,321,322,324,325,326,327,328,329,330,331,332,333,334,
152;1;2923;2975;0;0,1,2,3,4,12,13,14,15,20,25,26,27,28,29,30,31,32,33,40,46,54,55,56,61,62,63,122,123,124,148,149,150,151,152,153,154,155,156,157,158,159,160,161,162,163,193,196,242,243,250,256,257,258,259,283,284,285,286,287,288,289,290,291,292,293,320,321,322,324,325,326,327,328,329,330,331,332,333,334,
27;0;2975;3125;1;0,1,2,3,4,12,13,14,15,20,25,26,27,28,29,30,31,32,33,40,46,54,55,56,61,62,63,122,123,124,148,149,150,151,152,153,154,155,156,157,158,159,160,161,162,163,193,196,242,243,250,256,257,258,259,283,284,285,286,287,288,289,290,291,292,293,320,321,322,324,325,326,327,328,329,330,331,332,333,334,
27;1;3125;3155;1;0,1,2,3,4,12,13,14,15,20,25,26,27,28,29,30,31,32,33,40,46,54,55,56,61,62,63,122,123,124,148,149,150,151,152,153,154,155,156,157,158,159,160,161,162,163,193,196,242,243,250,256,257,258,259,283,284,285,286,287,288,289,290,291,292,293,320,321,322,324,325,326,327,328,329,330,331,332,333,334,
139;0;3155;3331;0;0,1,2,3,4,12,13,14,15,20,25,26,27,28,29,30,31,32,33,40,46,54,55,56,61,62,63,122,123,124,148,149,150,151,152,153,154,155,156,157,158,159,160,161,162,163,193,196,242,243,250,256,257,258,259,283,284,285,286,287,288,289,290,291,292,293,320,321,322,324,325,326,327,328,329,330,331,332,333,334,
139;1;3331;3337;0;0,1,2,3,4,12,13,14,15,20,25,26,27,28,29,30,31,32,33,40,46,54,55,56,61,62,63,122,123,124,148,149,150,151,152,153,154,155,156,157,158,159,160,161,162,163,193,196,242,243,250,256,257,258,259,283,284,285,286,287,288,289,290,291,292,293,320,321,322,324,325,326,327,328,329,330,331,332,333,334,
25;0;3337;3363;0;0,1,2,3,4,12,13,14,15,20,25,26,27,28,29,30,31,32,33,40,46,54,55,56,61,62,63,122,123,124,148,149,150,151,152,153,154,155,156,157,158,159,160,161,162,163,193,196,242,243,250,256,257,258,259,283,284,285,286,287,288,289,290,291,292,293,320,321,322,324,325,326,327,328,329,330,331,332,333,334,
14;0;3363;3437;1;0,1,2,3,4,12,13,14,15,20,25,26,27,28,29,30,31,32,33,40,46,54,55,56,61,62,63,122,123,124,148,149,150,151,152,153,154,155,156,157,158,159,160,161,162,163,193,196,242,243,250,256,257,258,259,283,284,285,286,287,288,289,290,291,292,293,320,321,322,324,325,326,327,328,329,330,331,332,333,334,
14;1;3437;3527;1;0,1,2,3,4,12,13,14,15,20,25,26,27,28,29,30,31,32,33,40,46,54,55,56,61,62,63,122,123,124,148,149,150,151,152,153,154,155,156,157,158,159,160,161,162,163,193,196,242,243,250,256,257,258,259,283,284,285,286,287,288,289,290,291,292,293,320,321,322,324,325,326,327,328,329,330,331,332,333,334,
237;0;3527;3666;1;0,1,2,3,4,12,13,14,15,20,25,26,27,28,29,30,31,32,33,40,46,54,55,56,61,62,63,122,123,124,148,149,150,151,152,153,154,155,156,157,158,159,160,161,162,163,193,196,242,243,250,256,257,258,259,283,284,285,286,287,288,289,290,291,292,293,320,321,322,324,325,326,327,328,329,330,331,332,333,334,
237;1;3666;3760;1;0,1,2,3,4,12,13,14,15,20,25,26,27,28,29,30,31,32,33,40,46,54,55,56,61,62,63,122,123,124,148,149,150,151,152,153,154,155,156,157,158,159,160,161,162,163,193,196,242,243,250,256,257,258,259,283,284,285,286,287,288,289,290,291,292,293,320,321,322,324,325,326,327,328,329,330,331,332,333,334,
241;0;3760;3858;1;0,1,2,3,4,12,13,14,15,20,25,26,27,28,29,30,31,32,33,40,46,54,55,56,61,62,63,122,123,124,148,149,150,151,152,153,154,155,156,157,158,159,160,161,162,163,193,196,242,243,250,256,257,258,259,283,284,285,286,287,288,289,290,291,292,293,320,321,322,324,325,326,327,328,329,330,331,332,333,334,
67;0;3858;3987;1;0,1,2,3,4,12,13,14,15,20,25,26,27,28,29,30,31,32,33,40,46,54,55,56,61,62,63,122,123,124,148,149,150,151,152,153,154,155,156,157,158,159,160,161,162,163,193,196,242,243,250,256,257,258,259,283,284,285,286,287,288,289,290,291,292,293,320,321,322,324,325,326,327,328,329,330,331,332,333,334,
67;1;3987;4012;1;0,1,2,3,4,12,13,14,15,20,25,26,27,28,29,30,31,32,33,40,46,54,55,56,61,62,63,122,123,124,148,149,150,151,152,153,154,155,156,157,158,159,160,161,162,163,193,196,242,243,250,256,257,258,259,283,284,285,286,287,288,289,290,291,292,293,320,321,322,324,325,326,327,328,329,330,331,332,333,334,
147;0;4012;4020;1;0,1,2,3,4,12,13,14,15,20,25,26,27,28,29,30,31,32,33,40,46,54,55,56,61,62,63,122,123,124,148,149,150,151,152,153,154,155,156,157,158,159,160,161,162,163,193,196,242,243,250,256,257,258,259,283,284,285,286,287,288,289,290,291,292,293,320,321,322,324,325,326,327,328,329,330,331,332,333,334,
147;1;4020;4045;1;0,1,2,3,4,12,13,14,15,20,25,26,27,28,29,30,31,32,33,40,46,54,55,56,61,62,63,122,123,124,148,149,150,151,152,153,154,155,156,157,158,159,160,161,162,163,193,196,242,243,250,256,257,258,259,283,284,285,286,287,288,289,290,291,292,293,320,321,322,324,325,326,327,328,329,330,331,332,333,334,
90;0;4045;4086;1;0,1,2,3,4,12,13,14,15,20,25,26,27,28,29,30,31,32,33,40,46,54,55,56,61,62,63,122,123,124,148,149,150,151,152,153,154,155,156,157,158,159,160,161,162,163,193,196,242,243,250,256,257,258,259,283,284,285,286,287,288,289,290,291,292,293,320,321,322,324,325,326,327,328,329,330,331,332,333,334,
232;0;4086;4094;0;0,1,2,3,4,12,13,14,15,20,25,26,27,28,29,30,31,32,33,40,46,54,55,56,61,62,63,122,123,124,148,149,150,151,152,153,154,155,156,157,158,159,160,161,162,163,193,196,242,243,250,256,257,258,259,283,284,285,286,287,288,289,290,291,292,293,320,321,322,324,325,326,327,328,329,330,331,332,333,334,
232;1;4094;4251;0;0,1,2,3,4,12,13,14,15,20,25,26,27,28,29,30,31,32,33,40,46,54,55,56,61,62,63,122,123,124,148,149,150,151,152,153,154,155,156,157,158,159,160,161,162,163,193,196,242,243,250,256,257,258,259,283,284,285,286,287,288,289,290,291,292,293,320,321,322,324,325,326,327,328,329,330,331,332,333,334,
219;0;4251;4427;0;0,1,2,3,4,12,13,14,15,20,25,26,27,28,29,30,31,32,33,40,46,54,55,56,61,62,63,122,123,124,148,149,150,151,152,153,154,155,156,157,158,159,160,161,162,163,193,196,242,243,250,256,257,258,259,283,284,285,286,287,288,289,290,291,292,293,320,321,322,324,325,326,327,328,329,330,331,332,333,334,
219;1;4427;4588;0;0,1,2,3,4,12,13,14,15,20,25,26,27,28,29,30,31,32,33,40,46,54,55,56,61,62,63,122,123,124,148,149,150,151,152,153,154,155,156,157,158,159,160,161,162,163,193,196,242,243,250,256,257,258,259,283,284,285,286,287,288,289,290,291,292,293,320,321,322,324,325,326,327,328,329,330,331,332,333,334,
54;0;4588;4630;1;0,1,2,3,4,12,13,14,15,20,25,26,27,28,29,30,31,32,33,40,46,54,55,56,61,62,63,122,123,124,148,149,150,151,152,153,154,155,156,157,158,159,160,161,162,163,193,196,242,243,250,256,257,258,259,283,284,285,286,287,288,289,290,291,292,293,320,321,322,324,325,326,327,328,329,330,331,332,333,334,
54;1;4630;4671;1;0,1,2,3,4,12,13,14,15,20,25,26,27,28,29,30,31,32,33,40,46,54,55,56,61,62,63,122,123,124,148,149,150,151,152,153,154,155,156,157,158,159,160,161,162,163,193,196,242,243,250,256,257,258,259,283,284,285,286,287,288,289,290,291,292,293,320,321,322,324,325,326,327,328,329,330,331,332,333,334,
39;0;4671;4818;0;0,1,2,3,4,12,13,14,15,20,25,26,27,28,29,30,31,32,33,40,46,54,55,56,61,62,63,122,123,124,148,149,150,151,152,153,154,155,156,157,158,159,160,161,162,163,193,196,242,243,250,256,257,258,259,283,284,285,286,287,288,289,290,291,292,293,320,321,322,324,325,326,327,328,329,330,331,332,333,334,
39;1;4818;4938;0;0,1,2,3,4,12,13,14,15,20,25,26,27,28,29,30,31,32,33,40,46,54,55,56,61,62,63,122,123,124,148,149,150,151,152,153,154,155,156,157,158,159,160,161,162,163,193,196,242,243,250,256,257,258,259,283,284,285,286,287,288,289,290,291,292,293,320,321,322,324,325,326,327,328,329,330,331,332,333,334,
183;0;4938;4958;1;0,1,2,3,4,12,13,14,15,20,25,26,27,28,29,30,31,32,33,40,46,54,55,56,61,62,63,122,123,124,148,149,150,151,152,153,154,155,156,157,158,159,160,161,162,163,193,196,242,243,250,256,257,258,259,283,284,285,286,287,288,289,290,291,292,293,320,321,322,324,325,326,327,328,329,330,331,332,333,334,
Machine: 1
101;0;0;103;1;0,1,2,5,6,10,12,20,21,23,47,48,49,50,51,77,78,79,80,81,82,83,84,85,86,87,88,89,90,91,92,93,94,95,96,97,98,99,100,101,102,103,104,105,106,107,108,109,110,111,112,113,114,115,116,138,143,144,145,146,147,206,208,209,210,211,212,213,214,215,216,217,218,219,220,221,222,223,224,299,
137;0;103;234;1;0,1,2,5,6,10,12,20,21,23,47,48,49,50,51,77,78,79,80,81,82,83,84,85,86,87,88,89,90,91,92,93,94,95,96,97,98,99,100,101,102,103,104,105,106,107,108,109,110,111,112,113,114,115,116,138,143,144,145,146,147,206,208,209,210,211,212,213,214,215,216,217,218,219,220,221,222,223,224,299,
137;1;234;363;1;0,1,2,5,6,10,12,20,21,23,47,48,49,50,51,77,78,79,80,81,82,83,84,85,86,87,88,89,90,91,92,93,94,95,96,97,98,99,100,101,102,103,104,105,106,107,108,109,110,111,112,113,114,115,116,138,143,144,145,146,147,206,208,209,210,211,212,213,214,215,216,217,218,219,220,221,222,223,224,299,
170;0;363;427;1;0,1,2,5,6,10,12,20,21,23,47,48,49,50,51,77,78,79,80,81,82,83,84,85,86,87,88,89,90,91,92,93,94,95,96,97,98,99,100,101,102,103,104,105,106,107,108,109,110,111,112,113,114,115,116,138,143,144,145,146,147,206,208,209,210,211,212,213,214,215,216,217,218,219,220,221,222,223,224,299,
203;0;427;507;1;0,1,2,5,6,10,12,20,21,23,47,48,49,50,51,77,78,79,80,81,82,83,84,85,86,87,88,89,90,91,92,93,94,95,96,97,98,99,100,101,102,103,104,105,106,107,108,109,110,111,112,113,114,115,116,138,143,144,145,146,147,206,208,209,210,211,212,213,214,215,216,217,218,219,220,221,222,223,224,299,
231;0;507;562;1;0,1,2,5,6,10,12,20,21,23,47,48,49,50,51,77,78,79,80,81,82,83,84,85,86,87,88,89,90,91,92,93,94,95,96,97,98,99,100,101,102,103,104,105,106,107,108,109,110,111,112,113,114,115,116,138,143,144,145,146,147,206,208,209,210,211,212,213,214,215,216,217,218,219,220,221,222,223,224,299,
96;0;562;638;0;0,1,2,5,6,10,12,20,21,23,47,48,49,50,51,77,78,79,80,81,82,83,84,85,86,87,88,89,90,91,92,93,94,95,96,97,98,99,100,101,102,103,104,105,106,107,108,109,110,111,112,113,114,115,116,138,143,144,145,146,147,206,208,209,210,211,212,213,214,215,216,217,218,219,220,221,222,223,224,299,
198;0;638;714;0;0,1,2,5,6,10,12,20,21,23,47,48,49,50,51,77,78,79,80,81,82,83,84,85,86,87,88,89,90,91,92,93,94,95,96,97,98,99,100,101,102,103,104,105,106,107,108,109,110,111,112,113,114,115,116,138,143,144,145,146,147,206,208,209,210,211,212,213,214,215,216,217,218,219,220,221,222,223,224,299,
11;0;714;780;1;0,1,2,5,6,10,12,20,21,23,47,48,49,50,51,77,78,79,80,81,82,83,84,85,86,87,88,89,90,91,92,93,94,95,96,97,98,99,100,101,102,103,104,105,106,107,108,109,110,111,112,113,114,115,116,138,143,144,145,146,147,206,208,209,210,211,212,213,214,215,216,217,218,219,220,221,222,223,224,299,
149;0;780;852;0;0,1,2,5,6,10,12,20,21,23,47,48,49,50,51,77,78,79,80,81,82,83,84,85,86,87,88,89,90,91,92,93,94,95,96,97,98,99,100,101,102,103,104,105,106,107,108,109,110,111,112,113,114,115,116,138,143,144,145,146,147,206,208,209,210,211,212,213,214,215,216,217,218,219,220,221,222,223,224,299,
149;1;852;907;0;0,1,2,5,6,10,12,20,21,23,47,48,49,50,51,77,78,79,80,81,82,83,84,85,86,87,88,89,90,91,92,93,94,95,96,97,98,99,100,101,102,103,104,105,106,107,108,109,110,111,112,113,114,115,116,138,143,144,145,146,147,206,208,209,210,211,212,213,214,215,216,217,218,219,220,221,222,223,224,299,
129;0;907;1005;0;0,1,2,5,6,10,12,20,21,23,47,48,49,50,51,77,78,79,80,81,82,83,84,85,86,87,88,89,90,91,92,93,94,95,96,97,98,99,100,101,102,103,104,105,106,107,108,109,110,111,112,113,114,115,116,138,143,144,145,146,147,206,208,209,210,211,212,213,214,215,216,217,218,219,220,221,222,223,224,299,
129;1;1005;1061;0;0,1,2,5,6,10,12,20,21,23,47,48,49,50,51,77,78,79,80,81,82,83,84,85,86,87,88,89,90,91,92,93,94,95,96,97,98,99,100,101,102,103,104,105,106,107,108,109,110,111,112,113,114,115,116,138,143,144,145,146,147,206,208,209,210,211,212,213,214,215,216,217,218,219,220,221,222,223,224,299,
5;0;1061;1090;0;0,1,2,5,6,10,12,20,21,23,47,48,49,50,51,77,78,79,80,81,82,83,84,85,86,87,88,89,90,91,92,93,94,95,96,97,98,99,100,101,102,103,104,105,106,107,108,109,110,111,112,113,114,115,116,138,143,144,145,146,147,206,208,209,210,211,212,213,214,215,216,217,218,219,220,221,222,223,224,299,
89;0;1090;1141;0;0,1,2,5,6,10,12,20,21,23,47,48,49,50,51,77,78,79,80,81,82,83,84,85,86,87,88,89,90,91,92,93,94,95,96,97,98,99,100,101,102,103,104,105,106,107,108,109,110,111,112,113,114,115,116,138,143,144,145,146,147,206,208,209,210,211,212,213,214,215,216,217,218,219,220,221,222,223,224,299,
89;1;1141;1319;0;0,1,2,5,6,10,12,20,21,23,47,48,49,50,51,77,78,79,80,81,82,83,84,85,86,87,88,89,90,91,92,93,94,95,96,97,98,99,100,101,102,103,104,105,106,107,108,109,110,111,112,113,114,115,116,138,143,144,145,146,147,206,208,209,210,211,212,213,214,215,216,217,218,219,220,221,222,223,224,299,
126;0;1319;1448;0;0,1,2,5,6,10,12,20,21,23,47,48,49,50,51,77,78,79,80,81,82,83,84,85,86,87,88,89,90,91,92,93,94,95,96,97,98,99,100,101,102,103,104,105,106,107,108,109,110,111,112,113,114,115,116,138,143,144,145,146,147,206,208,209,210,211,212,213,214,215,216,217,218,219,220,221,222,223,224,299,
57;0;1448;1607;1;0,1,2,5,6,10,12,20,21,23,47,48,49,50,51,77,78,79,80,81,82,83,84,85,86,87,88,89,90,91,92,93,94,95,96,97,98,99,100,101,102,103,104,105,106,107,108,109,110,111,112,113,114,115,116,138,143,144,145,146,147,206,208,209,210,211,212,213,214,215,216,217,218,219,220,221,222,223,224,299,
57;1;1607;1655;1;0,1,2,5,6,10,12,20,21,23,47,48,49,50,51,77,78,79,80,81,82,83,84,85,86,87,88,89,90,91,92,93,94,95,96,97,98,99,100,101,102,103,104,105,106,107,108,109,110,111,112,113,114,115,116,138,143,144,145,146,147,206,208,209,210,211,212,213,214,215,216,217,218,219,220,221,222,223,224,299,
238;0;1655;1802;0;0,1,2,5,6,10,12,20,21,23,47,48,49,50,51,77,78,79,80,81,82,83,84,85,86,87,88,89,90,91,92,93,94,95,96,97,98,99,100,101,102,103,104,105,106,107,108,109,110,111,112,113,114,115,116,138,143,144,145,146,147,206,208,209,210,211,212,213,214,215,216,217,218,219,220,221,222,223,224,299,
40;0;1802;1831;1;0,1,2,5,6,10,12,20,21,23,47,48,49,50,51,77,78,79,80,81,82,83,84,85,86,87,88,89,90,91,92,93,94,95,96,97,98,99,100,101,102,103,104,105,106,107,108,109,110,111,112,113,114,115,116,138,143,144,145,146,147,206,208,209,210,211,212,213,214,215,216,217,218,219,220,221,222,223,224,299,
45;0;1831;1900;0;0,1,2,5,6,10,12,20,21,23,47,48,49,50,51,77,78,79,80,81,82,83,84,85,86,87,88,89,90,91,92,93,94,95,96,97,98,99,100,101,102,103,104,105,106,107,108,109,110,111,112,113,114,115,116,138,143,144,145,146,147,206,208,209,210,211,212,213,214,215,216,217,218,219,220,221,222,223,224,299,
214;0;1900;1915;1;0,1,2,5,6,10,12,20,21,23,47,48,49,50,51,77,78,79,80,81,82,83,84,85,86,87,88,89,90,91,92,93,94,95,96,97,98,99,100,101,102,103,104,105,106,107,108,109,110,111,112,113,114,115,116,138,143,144,145,146,147,206,208,209,210,211,212,213,214,215,216,217,218,219,220,221,222,223,224,299,
214;1;1915;2018;1;0,1,2,5,6,10,12,20,21,23,47,48,49,50,51,77,78,79,80,81,82,83,84,85,86,87,88,89,90,91,92,93,94,95,96,97,98,99,100,101,102,103,104,105,106,107,108,109,110,111,112,113,114,115,116,138,143,144,145,146,147,206,208,209,210,211,212,213,214,215,216,217,218,219,220,221,222,223,224,299,
79;0;2018;2095;0;0,1,2,5,6,10,12,20,21,23,47,48,49,50,51,77,78,79,80,81,82,83,84,85,86,87,88,89,90,91,92,93,94,95,96,97,98,99,100,101,102,103,104,105,106,107,108,109,110,111,112,113,114,115,116,138,143,144,145,146,147,206,208,209,210,211,212,213,214,215,216,217,218,219,220,221,222,223,224,299,
79;1;2095;2232;0;0,1,2,5,6,10,12,20,21,23,47,48,49,50,51,77,78,79,80,81,82,83,84,85,86,87,88,89,90,91,92,93,94,95,96,97,98,99,100,101,102,103,104,105,106,107,108,109,110,111,112,113,114,115,116,138,143,144,145,146,147,206,208,209,210,211,212,213,214,215,216,217,218,219,220,221,222,223,224,299,
109;0;2232;2392;0;0,1,2,5,6,10,12,20,21,23,47,48,49,50,51,77,78,79,80,81,82,83,84,85,86,87,88,89,90,91,92,93,94,95,96,97,98,99,100,101,102,103,104,105,106,107,108,109,110,111,112,113,114,115,116,138,143,144,145,146,147,206,208,209,210,211,212,213,214,215,216,217,218,219,220,221,222,223,224,299,
109;1;2392;2557;0;0,1,2,5,6,10,12,20,21,23,47,48,49,50,51,77,78,79,80,81,82,83,84,85,86,87,88,89,90,91,92,93,94,95,96,97,98,99,100,101,102,103,104,105,106,107,108,109,110,111,112,113,114,115,116,138,143,144,145,146,147,206,208,209,210,211,212,213,214,215,216,217,218,219,220,221,222,223,224,299,
136;0;2557;2630;0;0,1,2,5,6,10,12,20,21,23,47,48,49,50,51,77,78,79,80,81,82,83,84,85,86,87,88,89,90,91,92,93,94,95,96,97,98,99,100,101,102,103,104,105,106,107,108,109,110,111,112,113,114,115,116,138,143,144,145,146,147,206,208,209,210,211,212,213,214,215,216,217,218,219,220,221,222,223,224,299,
106;0;2630;2710;0;0,1,2,5,6,10,12,20,21,23,47,48,49,50,51,77,78,79,80,81,82,83,84,85,86,87,88,89,90,91,92,93,94,95,96,97,98,99,100,101,102,103,104,105,106,107,108,109,110,111,112,113,114,115,116,138,143,144,145,146,147,206,208,209,210,211,212,213,214,215,216,217,218,219,220,221,222,223,224,299,
123;0;2710;2758;1;0,1,2,5,6,10,12,20,21,23,47,48,49,50,51,77,78,79,80,81,82,83,84,85,86,87,88,89,90,91,92,93,94,95,96,97,98,99,100,101,102,103,104,105,106,107,108,109,110,111,112,113,114,115,116,138,143,144,145,146,147,206,208,209,210,211,212,213,214,215,216,217,218,219,220,221,222,223,224,299,
94;0;2758;2810;1;0,1,2,5,6,10,12,20,21,23,47,48,49,50,51,77,78,79,80,81,82,83,84,85,86,87,88,89,90,91,92,93,94,95,96,97,98,99,100,101,102,103,104,105,106,107,108,109,110,111,112,113,114,115,116,138,143,144,145,146,147,206,208,209,210,211,212,213,214,215,216,217,218,219,220,221,222,223,224,299,
94;1;2810;2883;1;0,1,2,5,6,10,12,20,21,23,47,48,49,50,51,77,78,79,80,81,82,83,84,85,86,87,88,89,90,91,92,93,94,95,96,97,98,99,100,101,102,103,104,105,106,107,108,109,110,111,112,113,114,115,116,138,143,144,145,146,147,206,208,209,210,211,212,213,214,215,216,217,218,219,220,221,222,223,224,299,
177;0;2883;2964;1;0,1,2,5,6,10,12,20,21,23,47,48,49,50,51,77,78,79,80,81,82,83,84,85,86,87,88,89,90,91,92,93,94,95,96,97,98,99,100,101,102,103,104,105,106,107,108,109,110,111,112,113,114,115,116,138,143,144,145,146,147,206,208,209,210,211,212,213,214,215,216,217,218,219,220,221,222,223,224,299,
177;1;2964;2999;1;0,1,2,5,6,10,12,20,21,23,47,48,49,50,51,77,78,79,80,81,82,83,84,85,86,87,88,89,90,91,92,93,94,95,96,97,98,99,100,101,102,103,104,105,106,107,108,109,110,111,112,113,114,115,116,138,143,144,145,146,147,206,208,209,210,211,212,213,214,215,216,217,218,219,220,221,222,223,224,299,
191;0;2999;3065;1;0,1,2,5,6,10,12,20,21,23,47,48,49,50,51,77,78,79,80,81,82,83,84,85,86,87,88,89,90,91,92,93,94,95,96,97,98,99,100,101,102,103,104,105,106,107,108,109,110,111,112,113,114,115,116,138,143,144,145,146,147,206,208,209,210,211,212,213,214,215,216,217,218,219,220,221,222,223,224,299,
72;0;3065;3228;0;0,1,2,5,6,10,12,20,21,23,47,48,49,50,51,77,78,79,80,81,82,83,84,85,86,87,88,89,90,91,92,93,94,95,96,97,98,99,100,101,102,103,104,105,106,107,108,109,110,111,112,113,114,115,116,138,143,144,145,146,147,206,208,209,210,211,212,213,214,215,216,217,218,219,220,221,222,223,224,299,
72;1;3228;3333;0;0,1,2,5,6,10,12,20,21,23,47,48,49,50,51,77,78,79,80,81,82,83,84,85,86,87,88,89,90,91,92,93,94,95,96,97,98,99,100,101,102,103,104,105,106,107,108,109,110,111,112,113,114,115,116,138,143,144,145,146,147,206,208,209,210,211,212,213,214,215,216,217,218,219,220,221,222,223,224,299,
121;0;3333;3498;1;0,1,2,5,6,10,12,20,21,23,47,48,49,50,51,77,78,79,80,81,82,83,84,85,86,87,88,89,90,91,92,93,94,95,96,97,98,99,100,101,102,103,104,105,106,107,108,109,110,111,112,113,114,115,116,138,143,144,145,146,147,206,208,209,210,211,212,213,214,215,216,217,218,219,220,221,222,223,224,299,
184;0;3498;3672;1;0,1,2,5,6,10,12,20,21,23,47,48,49,50,51,77,78,79,80,81,82,83,84,85,86,87,88,89,90,91,92,93,94,95,96,97,98,99,100,101,102,103,104,105,106,107,108,109,110,111,112,113,114,115,116,138,143,144,145,146,147,206,208,209,210,211,212,213,214,215,216,217,218,219,220,221,222,223,224,299,
184;1;3672;3837;1;0,1,2,5,6,10,12,20,21,23,47,48,49,50,51,77,78,79,80,81,82,83,84,85,86,87,88,89,90,91,92,93,94,95,96,97,98,99,100,101,102,103,104,105,106,107,108,109,110,111,112,113,114,115,116,138,143,144,145,146,147,206,208,209,210,211,212,213,214,215,216,217,218,219,220,221,222,223,224,299,
74;0;3837;3869;1;0,1,2,5,6,10,12,20,21,23,47,48,49,50,51,77,78,79,80,81,82,83,84,85,86,87,88,89,90,91,92,93,94,95,96,97,98,99,100,101,102,103,104,105,106,107,108,109,110,111,112,113,114,115,116,138,143,144,145,146,147,206,208,209,210,211,212,213,214,215,216,217,218,219,220,221,222,223,224,299,
74;1;3869;4047;1;0,1,2,5,6,10,12,20,21,23,47,48,49,50,51,77,78,79,80,81,82,83,84,85,86,87,88,89,90,91,92,93,94,95,96,97,98,99,100,101,102,103,104,105,106,107,108,109,110,111,112,113,114,115,116,138,143,144,145,146,147,206,208,209,210,211,212,213,214,215,216,217,218,219,220,221,222,223,224,299,
29;0;4047;4116;0;0,1,2,5,6,10,12,20,21,23,47,48,49,50,51,77,78,79,80,81,82,83,84,85,86,87,88,89,90,91,92,93,94,95,96,97,98,99,100,101,102,103,104,105,106,107,108,109,110,111,112,113,114,115,116,138,143,144,145,146,147,206,208,209,210,211,212,213,214,215,216,217,218,219,220,221,222,223,224,299,
29;1;4116;4276;0;0,1,2,5,6,10,12,20,21,23,47,48,49,50,51,77,78,79,80,81,82,83,84,85,86,87,88,89,90,91,92,93,94,95,96,97,98,99,100,101,102,103,104,105,106,107,108,109,110,111,112,113,114,115,116,138,143,144,145,146,147,206,208,209,210,211,212,213,214,215,216,217,218,219,220,221,222,223,224,299,
73;0;4276;4345;1;0,1,2,5,6,10,12,20,21,23,47,48,49,50,51,77,78,79,80,81,82,83,84,85,86,87,88,89,90,91,92,93,94,95,96,97,98,99,100,101,102,103,104,105,106,107,108,109,110,111,112,113,114,115,116,138,143,144,145,146,147,206,208,209,210,211,212,213,214,215,216,217,218,219,220,221,222,223,224,299,
222;0;4345;4414;0;0,1,2,5,6,10,12,20,21,23,47,48,49,50,51,77,78,79,80,81,82,83,84,85,86,87,88,89,90,91,92,93,94,95,96,97,98,99,100,101,102,103,104,105,106,107,108,109,110,111,112,113,114,115,116,138,143,144,145,146,147,206,208,209,210,211,212,213,214,215,216,217,218,219,220,221,222,223,224,299,
222;1;4414;4455;0;0,1,2,5,6,10,12,20,21,23,47,48,49,50,51,77,78,79,80,81,82,83,84,85,86,87,88,89,90,91,92,93,94,95,96,97,98,99,100,101,102,103,104,105,106,107,108,109,110,111,112,113,114,115,116,138,143,144,145,146,147,206,208,209,210,211,212,213,214,215,216,217,218,219,220,221,222,223,224,299,
20;0;4455;4519;1;0,1,2,5,6,10,12,20,21,23,47,48,49,50,51,77,78,79,80,81,82,83,84,85,86,87,88,89,90,91,92,93,94,95,96,97,98,99,100,101,102,103,104,105,106,107,108,109,110,111,112,113,114,115,116,138,143,144,145,146,147,206,208,209,210,211,212,213,214,215,216,217,218,219,220,221,222,223,224,299,
200;0;4519;4588;1;0,1,2,5,6,10,12,20,21,23,47,48,49,50,51,77,78,79,80,81,82,83,84,85,86,87,88,89,90,91,92,93,94,95,96,97,98,99,100,101,102,103,104,105,106,107,108,109,110,111,112,113,114,115,116,138,143,144,145,146,147,206,208,209,210,211,212,213,214,215,216,217,218,219,220,221,222,223,224,299,
164;0;4588;4753;1;0,1,2,5,6,10,12,20,21,23,47,48,49,50,51,77,78,79,80,81,82,83,84,85,86,87,88,89,90,91,92,93,94,95,96,97,98,99,100,101,102,103,104,105,106,107,108,109,110,111,112,113,114,115,116,138,143,144,145,146,147,206,208,209,210,211,212,213,214,215,216,217,218,219,220,221,222,223,224,299,
164;1;4753;4882;1;0,1,2,5,6,10,12,20,21,23,47,48,49,50,51,77,78,79,80,81,82,83,84,85,86,87,88,89,90,91,92,93,94,95,96,97,98,99,100,101,102,103,104,105,106,107,108,109,110,111,112,113,114,115,116,138,143,144,145,146,147,206,208,209,210,211,212,213,214,215,216,217,218,219,220,221,222,223,224,299,
174;0;4882;5042;1;0,1,2,5,6,10,12,20,21,23,47,48,49,50,51,77,78,79,80,81,82,83,84,85,86,87,88,89,90,91,92,93,94,95,96,97,98,99,100,101,102,103,104,105,106,107,108,109,143,144,145,146,147,206,207,208,209,210,211,212,213,214,215,216,217,218,219,220,221,222,223,224,225,226,227,228,229,230,231,232,
174;1;5042;5118;1;0,1,2,5,6,10,12,20,21,23,47,48,49,50,51,77,78,79,80,81,82,83,84,85,86,87,88,89,90,91,92,93,94,95,96,97,98,99,100,101,102,103,104,105,106,107,108,109,143,144,145,146,147,206,207,208,209,210,211,212,213,214,215,216,217,218,219,220,221,222,223,224,225,226,227,228,229,230,231,232,
35;0;5118;5296;0;0,1,2,5,6,10,12,20,21,23,47,48,49,50,51,77,78,79,80,81,82,83,84,85,86,87,88,89,90,91,92,93,94,95,96,97,98,99,100,101,102,103,104,105,106,107,108,109,143,144,145,146,147,206,207,208,209,210,211,212,213,214,215,216,217,218,219,220,221,222,223,224,225,226,227,228,229,230,231,232,
159;0;5296;5349;0;0,1,2,5,6,10,12,20,21,23,47,48,49,50,51,77,78,79,80,81,82,83,84,85,86,87,88,89,90,91,92,93,94,95,96,97,98,99,100,101,102,103,104,105,106,107,108,109,143,144,145,146,147,206,207,208,209,210,211,212,213,214,215,216,217,218,219,220,221,222,223,224,225,226,227,228,229,230,231,232,
159;1;5349;5452;0;0,1,2,5,6,10,12,20,21,23,47,48,49,50,51,77,78,79,80,81,82,83,84,85,86,87,88,89,90,91,92,93,94,95,96,97,98,99,100,101,102,103,104,105,106,107,108,109,143,144,145,146,147,206,207,208,209,210,211,212,213,214,215,216,217,218,219,220,221,222,223,224,225,226,227,228,229,230,231,232,
87;0;5452;5627;1;0,1,2,5,6,10,12,20,21,23,47,48,49,50,51,77,78,79,80,81,82,83,84,85,86,87,88,89,90,91,92,93,94,95,96,97,98,99,100,101,102,103,104,105,106,107,108,109,143,144,145,146,147,206,207,208,209,210,211,212,213,214,215,216,217,218,219,220,221,222,223,224,225,226,227,228,229,230,231,232,
87;1;5627;5732;1;0,1,2,5,6,10,12,20,21,23,47,48,49,50,51,77,78,79,80,81,82,83,84,85,86,87,88,89,90,91,92,93,94,95,96,97,98,99,100,101,102,103,104,105,106,107,108,109,143,144,145,146,147,206,207,208,209,210,211,212,213,214,215,216,217,218,219,220,221,222,223,224,225,226,227,228,229,230,231,232,
78;0;5732;5819;0;0,1,2,5,6,10,12,20,21,23,47,48,49,50,51,77,78,79,80,81,82,83,84,85,86,87,88,89,90,91,92,93,94,95,96,97,98,99,100,101,102,103,104,105,106,107,108,109,143,144,145,146,147,206,207,208,209,210,211,212,213,214,215,216,217,218,219,220,221,222,223,224,225,226,227,228,229,230,231,232,
Machine: 2
207;0;0;165;1;0,5,6,7,8,9,10,11,16,17,18,19,21,22,23,45,52,53,68,69,70,71,77,78,79,80,81,82,83,84,85,86,87,88,90,91,95,117,123,125,126,127,128,129,130,131,132,133,134,135,136,137,192,200,233,234,235,236,237,249,274,279,300,301,302,303,304,305,306,307,308,309,310,311,312,313,335,336,337,338,
207;1;165;310;1;0,5,6,7,8,9,10,11,16,17,18,19,21,22,23,45,52,53,68,69,70,71,77,78,79,80,81,82,83,84,85,86,87,88,90,91,95,117,123,125,126,127,128,129,130,131,132,133,134,135,136,137,192,200,233,234,235,236,237,249,274,279,300,301,302,303,304,305,306,307,308,309,310,311,312,313,335,336,337,338,
32;0;310;316;0;0,5,6,7,8,9,10,11,16,17,18,19,21,22,23,45,52,53,68,69,70,71,77,78,79,80,81,82,83,84,85,86,87,88,90,91,95,117,123,125,126,127,128,129,130,131,132,133,134,135,136,137,192,200,233,234,235,236,237,249,274,279,300,301,302,303,304,305,306,307,308,309,310,311,312,313,335,336,337,338,
32;1;316;384;0;0,5,6,7,8,9,10,11,16,17,18,19,21,22,23,45,52,53,68,69,70,71,77,78,79,80,81,82,83,84,85,86,87,88,90,91,95,117,123,125,126,127,128,129,130,131,132,133,134,135,136,137,192,200,233,234,235,236,237,249,274,279,300,301,302,303,304,305,306,307,308,309,310,311,312,313,335,336,337,338,
155;0;384;555;0;0,5,6,7,8,9,10,11,16,17,18,19,21,22,23,45,52,53,68,69,70,71,77,78,79,80,81,82,83,84,85,86,87,88,90,91,95,117,123,125,126,127,128,129,130,131,132,133,134,135,136,137,192,200,233,234,235,236,237,249,274,279,300,301,302,303,304,305,306,307,308,309,310,311,312,313,335,336,337,338,
99;0;555;587;0;0,5,6,7,8,9,10,11,16,17,18,19,21,22,23,45,52,53,68,69,70,71,77,78,79,80,81,82,83,84,85,86,87,88,90,91,95,117,123,125,126,127,128,129,130,131,132,133,134,135,136,137,192,200,233,234,235,236,237,249,274,279,300,301,302,303,304,305,306,307,308,309,310,311,312,313,335,336,337,338,
99;1;587;632;0;0,5,6,7,8,9,10,11,16,17,18,19,21,22,23,45,52,53,68,69,70,71,77,78,79,80,81,82,83,84,85,86,87,88,90,91,95,117,123,125,126,127,128,129,130,131,132,133,134,135,136,137,192,200,233,234,235,236,237,249,274,279,300,301,302,303,304,305,306,307,308,309,310,311,312,313,335,336,337,338,
189;0;632;700;0;0,5,6,7,8,9,10,11,16,17,18,19,21,22,23,45,52,53,68,69,70,71,77,78,79,80,81,82,83,84,85,86,87,88,90,91,95,117,123,125,126,127,128,129,130,131,132,133,134,135,136,137,192,200,233,234,235,236,237,249,274,279,300,301,302,303,304,305,306,307,308,309,310,311,312,313,335,336,337,338,
189;1;700;825;0;0,5,6,7,8,9,10,11,16,17,18,19,21,22,23,45,52,53,68,69,70,71,77,78,79,80,81,82,83,84,85,86,87,88,90,91,95,117,123,125,126,127,128,129,130,131,132,133,134,135,136,137,192,200,233,234,235,236,237,249,274,279,300,301,302,303,304,305,306,307,308,309,310,311,312,313,335,336,337,338,
235;0;825;870;0;0,5,6,7,8,9,10,11,16,17,18,19,21,22,23,45,52,53,68,69,70,71,77,78,79,80,81,82,83,84,85,86,87,88,90,91,95,117,123,125,126,127,128,129,130,131,132,133,134,135,136,137,192,200,233,234,235,236,237,249,274,279,300,301,302,303,304,305,306,307,308,309,310,311,312,313,335,336,337,338,
157;0;870;979;1;0,5,6,7,8,9,10,11,16,17,18,19,21,22,23,45,52,53,68,69,70,71,77,78,79,80,81,82,83,84,85,86,87,88,90,91,95,117,123,125,126,127,128,129,130,131,132,133,134,135,136,137,192,200,233,234,235,236,237,249,274,279,300,301,302,303,304,305,306,307,308,309,310,311,312,313,335,336,337,338,
157;1;979;1015;1;0,5,6,7,8,9,10,11,16,17,18,19,21,22,23,45,52,53,68,69,70,71,77,78,79,80,81,82,83,84,85,86,87,88,90,91,95,117,123,125,126,127,128,129,130,131,132,133,134,135,136,137,192,200,233,234,235,236,237,249,274,279,300,301,302,303,304,305,306,307,308,309,310,311,312,313,335,336,337,338,
215;0;1015;1159;0;0,5,6,7,8,9,10,11,16,17,18,19,21,22,23,45,52,53,68,69,70,71,77,78,79,80,81,82,83,84,85,86,87,88,90,91,95,117,123,125,126,127,128,129,130,131,132,133,134,135,136,137,192,200,233,234,235,236,237,249,274,279,300,301,302,303,304,305,306,307,308,309,310,311,312,313,335,336,337,338,
105;0;1159;1306;0;0,5,6,7,8,9,10,11,16,17,18,19,21,22,23,45,52,53,68,69,70,71,77,78,79,80,81,82,83,84,85,86,87,88,90,91,95,117,123,125,126,127,128,129,130,131,132,133,134,135,136,137,192,200,233,234,235,236,237,249,274,279,300,301,302,303,304,305,306,307,308,309,310,311,312,313,335,336,337,338,
83;0;1306;1381;1;0,5,6,7,8,9,10,11,16,17,18,19,21,22,23,45,52,53,68,69,70,71,77,78,79,80,81,82,83,84,85,86,87,88,90,91,95,117,123,125,126,127,128,129,130,131,132,133,134,135,136,137,192,200,233,234,235,236,237,249,274,279,300,301,302,303,304,305,306,307,308,309,310,311,312,313,335,336,337,338,
75;0;1381;1441;0;0,5,6,7,8,9,10,11,16,17,18,19,21,22,23,45,52,53,68,69,70,71,77,78,79,80,81,82,83,84,85,86,87,88,90,91,95,117,123,125,126,127,128,129,130,131,132,133,134,135,136,137,192,200,233,234,235,236,237,249,274,279,300,301,302,303,304,305,306,307,308,309,310,311,312,313,335,336,337,338,
28;0;1441;1616;0;0,5,6,7,8,9,10,11,16,17,18,19,21,22,23,45,52,53,68,69,70,71,77,78,79,80,81,82,83,84,85,86,87,88,90,91,95,117,123,125,126,127,128,129,130,131,132,133,134,135,136,137,192,200,233,234,235,236,237,249,274,279,300,301,302,303,304,305,306,307,308,309,310,311,312,313,335,336,337,338,
209;0;1616;1648;0;0,5,6,7,8,9,10,11,16,17,18,19,21,22,23,45,52,53,68,69,70,71,77,78,79,80,81,82,83,84,85,86,87,88,90,91,95,117,123,125,126,127,128,129,130,131,132,133,134,135,136,137,192,200,233,234,235,236,237,249,274,279,300,301,302,303,304,305,306,307,308,309,310,311,312,313,335,336,337,338,
209;1;1648;1822;0;0,5,6,7,8,9,10,11,16,17,18,19,21,22,23,45,52,53,68,69,70,71,77,78,79,80,81,82,83,84,85,86,87,88,90,91,95,117,123,125,126,127,128,129,130,131,132,133,134,135,136,137,192,200,233,234,235,236,237,249,274,279,300,301,302,303,304,305,306,307,308,309,310,311,312,313,335,336,337,338,
61;0;1822;1874;1;0,5,6,7,8,9,10,11,16,17,18,19,21,22,23,45,52,53,68,69,70,71,77,78,79,80,81,82,83,84,85,86,87,88,90,91,95,117,123,125,126,127,128,129,130,131,132,133,134,135,136,137,192,200,233,234,235,236,237,249,274,279,300,301,302,303,304,305,306,307,308,309,310,311,312,313,335,336,337,338,
173;0;1874;1934;1;0,5,6,7,8,9,10,11,16,17,18,19,21,22,23,45,52,53,68,69,70,71,77,78,79,80,81,82,83,84,85,86,87,88,90,91,95,117,123,125,126,127,128,129,130,131,132,133,134,135,136,137,192,200,233,234,235,236,237,249,274,279,300,301,302,303,304,305,306,307,308,309,310,311,312,313,335,336,337,338,
221;0;1934;1979;1;0,5,6,7,8,9,10,11,16,17,18,19,21,22,23,45,52,53,68,69,70,71,77,78,79,80,81,82,83,84,85,86,87,88,90,91,95,117,123,125,126,127,128,129,130,131,132,133,134,135,136,137,192,200,233,234,235,236,237,249,274,279,300,301,302,303,304,305,306,307,308,309,310,311,312,313,335,336,337,338,
12;0;1979;2129;0;0,5,6,7,8,9,10,11,16,17,18,19,21,22,23,45,52,53,68,69,70,71,77,78,79,80,81,82,83,84,85,86,87,88,90,91,95,117,123,125,126,127,128,129,130,131,132,133,134,135,136,137,192,200,233,234,235,236,237,249,274,279,300,301,302,303,304,305,306,307,308,309,310,311,312,313,335,336,337,338,
12;1;2129;2182;0;0,5,6,7,8,9,10,11,16,17,18,19,21,22,23,45,52,53,68,69,70,71,77,78,79,80,81,82,83,84,85,86,87,88,90,91,95,117,123,125,126,127,128,129,130,131,132,133,134,135,136,137,192,200,233,234,235,236,237,249,274,279,300,301,302,303,304,305,306,307,308,309,310,311,312,313,335,336,337,338,
202;0;2182;2319;0;0,5,6,7,8,9,10,11,16,17,18,19,21,22,23,45,52,53,68,69,70,71,77,78,79,80,81,82,83,84,85,86,87,88,90,91,95,117,123,125,126,127,128,129,130,131,132,133,134,135,136,137,192,200,233,234,235,236,237,249,274,279,300,301,302,303,304,305,306,307,308,309,310,311,312,313,335,336,337,338,
202;1;2319;2405;0;0,5,6,7,8,9,10,11,16,17,18,19,21,22,23,45,52,53,68,69,70,71,77,78,79,80,81,82,83,84,85,86,87,88,90,91,95,117,123,125,126,127,128,129,130,131,132,133,134,135,136,137,192,200,233,234,235,236,237,249,274,279,300,301,302,303,304,305,306,307,308,309,310,311,312,313,335,336,337,338,
213;0;2405;2441;1;0,5,6,7,8,9,10,11,16,17,18,19,21,22,23,45,52,53,68,69,70,71,77,78,79,80,81,82,83,84,85,86,87,88,90,91,95,117,123,125,126,127,128,129,130,131,132,133,134,135,136,137,192,200,233,234,235,236,237,249,274,279,300,301,302,303,304,305,306,307,308,309,310,311,312,313,335,336,337,338,
18;0;2441;2446;0;0,5,6,7,8,9,10,11,16,17,18,19,21,22,23,45,52,53,68,69,70,71,77,78,79,80,81,82,83,84,85,86,87,88,90,91,95,117,123,125,126,127,128,129,130,131,132,133,134,135,136,137,192,200,233,234,235,236,237,249,274,279,300,301,302,303,304,305,306,307,308,309,310,311,312,313,335,336,337,338,
204;0;2446;2602;1;0,5,6,7,8,9,10,11,16,17,18,19,21,22,23,45,52,53,68,69,70,71,77,78,79,80,81,82,83,84,85,86,87,88,90,91,95,117,123,125,126,127,128,129,130,131,132,133,134,135,136,137,192,200,233,234,235,236,237,249,274,279,300,301,302,303,304,305,306,307,308,309,310,311,312,313,335,336,337,338,
204;1;2602;2681;1;0,5,6,7,8,9,10,11,16,17,18,19,21,22,23,45,52,53,68,69,70,71,77,78,79,80,81,82,83,84,85,86,87,88,90,91,95,117,123,125,126,127,128,129,130,131,132,133,134,135,136,137,192,200,233,234,235,236,237,249,274,279,300,301,302,303,304,305,306,307,308,309,310,311,312,313,335,336,337,338,
178;0;2681;2792;0;0,5,6,7,8,9,10,11,16,17,18,19,21,22,23,45,52,53,68,69,70,71,77,78,79,80,81,82,83,84,85,86,87,88,90,91,95,117,123,125,126,127,128,129,130,131,132,133,134,135,136,137,192,200,233,234,235,236,237,249,274,279,300,301,302,303,304,305,306,307,308,309,310,311,312,313,335,336,337,338,
86;0;2792;2829;0;0,5,6,7,8,9,10,11,16,17,18,19,21,22,23,45,52,53,68,69,70,71,77,78,79,80,81,82,83,84,85,86,87,88,90,91,95,117,123,125,126,127,128,129,130,131,132,133,134,135,136,137,192,200,233,234,235,236,237,249,274,279,300,301,302,303,304,305,306,307,308,309,310,311,312,313,335,336,337,338,
182;0;2829;2837;0;0,5,6,7,8,9,10,11,16,17,18,19,21,22,23,45,52,53,68,69,70,71,77,78,79,80,81,82,83,84,85,86,87,88,90,91,95,117,123,125,126,127,128,129,130,131,132,133,134,135,136,137,192,200,233,234,235,236,237,249,274,279,300,301,302,303,304,305,306,307,308,309,310,311,312,313,335,336,337,338,
182;1;2837;2847;0;0,5,6,7,8,9,10,11,16,17,18,19,21,22,23,45,52,53,68,69,70,71,77,78,79,80,81,82,83,84,85,86,87,88,90,91,95,117,123,125,126,127,128,129,130,131,132,133,134,135,136,137,192,200,233,234,235,236,237,249,274,279,300,301,302,303,304,305,306,307,308,309,310,311,312,313,335,336,337,338,
4;0;2847;2995;1;0,5,6,7,8,9,10,11,16,17,18,19,21,22,23,45,52,53,68,69,70,71,77,78,79,80,81,82,83,84,85,86,87,88,90,91,95,117,123,125,126,127,128,129,130,131,132,133,134,135,136,137,192,200,233,234,235,236,237,249,274,279,300,301,302,303,304,305,306,307,308,309,310,311,312,313,335,336,337,338,
4;1;2995;3092;1;0,5,6,7,8,9,10,11,16,17,18,19,21,22,23,45,52,53,68,69,70,71,77,78,79,80,81,82,83,84,85,86,87,88,90,91,95,117,123,125,126,127,128,129,130,131,132,133,134,135,136,137,192,200,233,234,235,236,237,249,274,279,300,301,302,303,304,305,306,307,308,309,310,311,312,313,335,336,337,338,
220;0;3092;3114;1;0,5,6,7,8,9,10,11,16,17,18,19,21,22,23,45,52,53,68,69,70,71,77,78,79,80,81,82,83,84,85,86,87,88,90,91,95,117,123,125,126,127,128,129,130,131,132,133,134,135,136,137,192,200,233,234,235,236,237,249,274,279,300,301,302,303,304,305,306,307,308,309,310,311,312,313,335,336,337,338,
76;0;3114;3124;0;0,5,6,7,8,9,10,11,16,17,18,19,21,22,23,45,52,53,68,69,70,71,77,78,79,80,81,82,83,84,85,86,87,88,90,91,95,117,123,125,126,127,128,129,130,131,132,133,134,135,136,137,192,200,233,234,235,236,237,249,274,279,300,301,302,303,304,305,306,307,308,309,310,311,312,313,335,336,337,338,
119;0;3124;3220;0;0,5,6,7,8,9,10,11,16,17,18,19,21,22,23,45,52,53,68,69,70,71,77,78,79,80,81,82,83,84,85,86,87,88,90,91,95,117,123,125,126,127,128,129,130,131,132,133,134,135,136,137,192,200,233,234,235,236,237,249,274,279,300,301,302,303,304,305,306,307,308,309,310,311,312,313,335,336,337,338,
119;1;3220;3365;0;0,5,6,7,8,9,10,11,16,17,18,19,21,22,23,45,52,53,68,69,70,71,77,78,79,80,81,82,83,84,85,86,87,88,90,91,95,117,123,125,126,127,128,129,130,131,132,133,134,135,136,137,192,200,233,234,235,236,237,249,274,279,300,301,302,303,304,305,306,307,308,309,310,311,312,313,335,336,337,338,
80;0;3365;3400;1;0,5,6,7,8,9,10,11,16,17,18,19,21,22,23,45,52,53,68,69,70,71,77,78,79,80,81,82,83,84,85,86,87,88,90,91,95,117,123,125,126,127,128,129,130,131,132,133,134,135,136,137,192,200,233,234,235,236,237,249,274,279,300,301,302,303,304,305,306,307,308,309,310,311,312,313,335,336,337,338,
194;0;3400;3491;1;0,5,6,7,8,9,10,11,16,17,18,19,21,22,23,45,52,53,68,69,70,71,77,78,79,80,81,82,83,84,85,86,87,88,90,91,95,117,123,125,126,127,128,129,130,131,132,133,134,135,136,137,192,200,233,234,235,236,237,249,274,279,300,301,302,303,304,305,306,307,308,309,310,311,312,313,335,336,337,338,
194;1;3491;3525;1;0,5,6,7,8,9,10,11,16,17,18,19,21,22,23,45,52,53,68,69,70,71,77,78,79,80,81,82,83,84,85,86,87,88,90,91,95,117,123,125,126,127,128,129,130,131,132,133,134,135,136,137,192,200,233,234,235,236,237,249,274,279,300,301,302,303,304,305,306,307,308,309,310,311,312,313,335,336,337,338,
63;0;3525;3605;1;0,5,6,7,8,9,10,11,16,17,18,19,21,22,23,45,52,53,68,69,70,71,77,78,79,80,81,82,83,84,85,86,87,88,90,91,95,117,123,125,126,127,128,129,130,131,132,133,134,135,136,137,192,200,233,234,235,236,237,249,274,279,300,301,302,303,304,305,306,307,308,309,310,311,312,313,335,336,337,338,
146;0;3605;3656;0;0,5,6,7,8,9,10,11,16,17,18,19,21,22,23,45,52,53,68,69,70,71,77,78,79,80,81,82,83,84,85,86,87,88,90,91,95,117,123,125,126,127,128,129,130,131,132,133,134,135,136,137,192,200,233,234,235,236,237,249,274,279,300,301,302,303,304,305,306,307,308,309,310,311,312,313,335,336,337,338,
223;0;3656;3670;1;0,5,6,7,8,9,10,11,16,17,18,19,21,22,23,45,52,53,68,69,70,71,77,78,79,80,81,82,83,84,85,86,87,88,90,91,95,117,123,125,126,127,128,129,130,131,132,133,134,135,136,137,192,200,233,234,235,236,237,249,274,279,300,301,302,303,304,305,306,307,308,309,310,311,312,313,335,336,337,338,
133;0;3670;3756;1;0,5,6,7,8,9,10,11,16,17,18,19,21,22,23,45,52,53,68,69,70,71,77,78,79,80,81,82,83,84,85,86,87,88,90,91,95,117,123,125,126,127,128,129,130,131,132,133,134,135,136,137,192,200,233,234,235,236,237,249,274,279,300,301,302,303,304,305,306,307,308,309,310,311,312,313,335,336,337,338,
128;0;3756;3842;0;0,5,6,7,8,9,10,11,16,17,18,19,21,22,23,45,52,53,68,69,70,71,77,78,79,80,81,82,83,84,85,86,87,88,90,91,95,117,123,125,126,127,128,129,130,131,132,133,134,135,136,137,192,200,233,234,235,236,237,249,274,279,300,301,302,303,304,305,306,307,308,309,310,311,312,313,335,336,337,338,
193;0;3842;4015;1;0,5,6,7,8,9,10,11,16,17,18,19,21,22,23,45,52,53,68,69,70,71,77,78,79,80,81,82,83,84,85,86,87,88,90,91,95,117,123,125,126,127,128,129,130,131,132,133,134,135,136,137,192,200,233,234,235,236,237,249,274,279,300,301,302,303,304,305,306,307,308,309,310,311,312,313,335,336,337,338,
60;0;4015;4052;1;0,5,6,7,8,9,10,11,16,17,18,19,21,22,23,45,52,53,68,69,70,71,77,78,79,80,81,82,83,84,85,86,87,88,90,91,95,117,123,125,126,127,128,129,130,131,132,133,134,135,136,137,192,200,233,234,235,236,237,249,274,279,300,301,302,303,304,305,306,307,308,309,310,311,312,313,335,336,337,338,
179;0;4052;4228;0;0,5,6,7,8,9,10,11,16,17,18,19,21,22,23,45,52,53,68,69,70,71,77,78,79,80,81,82,83,84,85,86,87,88,90,91,95,117,123,125,126,127,128,129,130,131,132,133,134,135,136,137,192,200,233,234,235,236,237,249,274,279,300,301,302,303,304,305,306,307,308,309,310,311,312,313,335,336,337,338,
179;1;4228;4239;0;0,5,6,7,8,9,10,11,16,17,18,19,21,22,23,45,52,53,68,69,70,71,77,78,79,80,81,82,83,84,85,86,87,88,90,91,95,117,123,125,126,127,128,129,130,131,132,133,134,135,136,137,192,200,233,234,235,236,237,249,274,279,300,301,302,303,304,305,306,307,308,309,310,311,312,313,335,336,337,338,
56;0;4239;4256;0;0,5,6,7,8,9,10,11,16,17,18,19,21,22,23,45,52,53,68,69,70,71,77,78,79,80,81,82,83,84,85,86,87,88,90,91,95,117,123,125,126,127,128,129,130,131,132,133,134,135,136,137,192,200,233,234,235,236,237,249,274,279,300,301,302,303,304,305,306,307,308,309,310,311,312,313,335,336,337,338,
55;0;4256;4400;0;0,5,6,7,8,9,10,11,16,17,18,19,21,22,23,45,52,53,68,69,70,71,77,78,79,80,81,82,83,84,85,86,87,88,90,91,95,117,123,125,126,127,128,129,130,131,132,133,134,135,136,137,192,200,233,234,235,236,237,249,274,279,300,301,302,303,304,305,306,307,308,309,310,311,312,313,335,336,337,338,
Machine: 3
21;0;0;34;1;0,1,2,3,4,5,6,10,11,12,13,14,15,20,21,22,23,24,25,26,27,28,29,30,31,32,33,34,35,36,37,38,39,40,55,56,57,58,59,60,61,62,63,64,65,66,67,77,78,79,81,88,91,117,122,123,124,170,171,172,173,177,195,241,248,249,250,265,266,267,268,269,270,271,272,273,295,296,297,298,
22;0;34;165;0;0,1,2,3,4,5,6,10,11,12,13,14,15,20,21,22,23,24,25,26,27,28,29,30,31,32,33,34,35,36,37,38,39,40,55,56,57,58,59,60,61,62,63,64,65,66,67,77,78,79,81,88,91,117,122,123,124,170,171,172,173,177,195,241,248,249,250,265,266,267,268,269,270,271,272,273,295,296,297,298,
22;1;165;292;0;0,1,2,3,4,5,6,10,11,12,13,14,15,20,21,22,23,24,25,26,27,28,29,30,31,32,33,34,35,36,37,38,39,40,55,56,57,58,59,60,61,62,63,64,65,66,67,77,78,79,81,88,91,117,122,123,124,170,171,172,173,177,195,241,248,249,250,265,266,267,268,269,270,271,272,273,295,296,297,298,
31;0;292;448;1;0,1,2,3,4,5,6,10,11,12,13,14,15,20,21,22,23,24,25,26,27,28,29,30,31,32,33,34,35,36,37,38,39,40,55,56,57,58,59,60,61,62,63,64,65,66,67,77,78,79,81,88,91,117,122,123,124,170,171,172,173,177,195,241,248,249,250,265,266,267,268,269,270,271,272,273,295,296,297,298,
181;0;448;512;1;0,1,2,3,4,5,6,10,11,12,13,14,15,20,21,22,23,24,25,26,27,28,29,30,31,32,33,34,35,36,37,38,39,40,55,56,57,58,59,60,61,62,63,64,65,66,67,77,78,79,81,88,91,117,122,123,124,170,171,172,173,177,195,241,248,249,250,265,266,267,268,269,270,271,272,273,295,296,297,298,
111;0;512;584;1;0,1,2,3,4,5,6,10,11,12,13,14,15,20,21,22,23,24,25,26,27,28,29,30,31,32,33,34,35,36,37,38,39,40,55,56,57,58,59,60,61,62,63,64,65,66,67,77,78,79,81,88,91,117,122,123,124,170,171,172,173,177,195,241,248,249,250,265,266,267,268,269,270,271,272,273,295,296,297,298,
37;0;584;677;1;0,1,2,3,4,5,6,10,11,12,13,14,15,20,21,22,23,24,25,26,27,28,29,30,31,32,33,34,35,36,37,38,39,40,55,56,57,58,59,60,61,62,63,64,65,66,67,77,78,79,81,88,91,117,122,123,124,170,171,172,173,177,195,241,248,249,250,265,266,267,268,269,270,271,272,273,295,296,297,298,
37;1;677;728;1;0,1,2,3,4,5,6,10,11,12,13,14,15,20,21,22,23,24,25,26,27,28,29,30,31,32,33,34,35,36,37,38,39,40,55,56,57,58,59,60,61,62,63,64,65,66,67,77,78,79,81,88,91,117,122,123,124,170,171,172,173,177,195,241,248,249,250,265,266,267,268,269,270,271,272,273,295,296,297,298,
8;0;728;805;0;0,1,2,3,4,5,6,10,11,12,13,14,15,20,21,22,23,24,25,26,27,28,29,30,31,32,33,34,35,36,37,38,39,40,55,56,57,58,59,60,61,62,63,64,65,66,67,77,78,79,81,88,91,117,122,123,124,170,171,172,173,177,195,241,248,249,250,265,266,267,268,269,270,271,272,273,295,296,297,298,
66;0;805;931;0;0,1,2,3,4,5,6,10,11,12,13,14,15,20,21,22,23,24,25,26,27,28,29,30,31,32,33,34,35,36,37,38,39,40,55,56,57,58,59,60,61,62,63,64,65,66,67,77,78,79,81,88,91,117,122,123,124,170,171,172,173,177,195,241,248,249,250,265,266,267,268,269,270,271,272,273,295,296,297,298,
187;0;931;1012;1;0,1,2,3,4,5,6,10,11,12,13,14,15,20,21,22,23,24,25,26,27,28,29,30,31,32,33,34,35,36,37,38,39,40,55,56,57,58,59,60,61,62,63,64,65,66,67,77,78,79,81,88,91,117,122,123,124,170,171,172,173,177,195,241,248,249,250,265,266,267,268,269,270,271,272,273,295,296,297,298,
187;1;1012;1163;1;0,1,2,3,4,5,6,10,11,12,13,14,15,20,21,22,23,24,25,26,27,28,29,30,31,32,33,34,35,36,37,38,39,40,55,56,57,58,59,60,61,62,63,64,65,66,67,77,78,79,81,88,91,117,122,123,124,170,171,172,173,177,195,241,248,249,250,265,266,267,268,269,270,271,272,273,295,296,297,298,
58;0;1163;1289;0;0,1,2,3,4,5,6,10,11,12,13,14,15,20,21,22,23,24,25,26,27,28,29,30,31,32,33,34,35,36,37,38,39,40,55,56,57,58,59,60,61,62,63,64,65,66,67,77,78,79,81,88,91,117,122,123,124,170,171,172,173,177,195,241,248,249,250,265,266,267,268,269,270,271,272,273,295,296,297,298,
201;0;1289;1323;1;0,1,2,3,4,5,6,10,11,12,13,14,15,20,21,22,23,24,25,26,27,28,29,30,31,32,33,34,35,36,37,38,39,40,55,56,57,58,59,60,61,62,63,64,65,66,67,77,78,79,81,88,91,117,122,123,124,170,171,172,173,177,195,241,248,249,250,265,266,267,268,269,270,271,272,273,295,296,297,298,
195;0;1323;1387;0;0,1,2,3,4,5,6,10,11,12,13,14,15,20,21,22,23,24,25,26,27,28,29,30,31,32,33,34,35,36,37,38,39,40,55,56,57,58,59,60,61,62,63,64,65,66,67,77,78,79,81,88,91,117,122,123,124,170,171,172,173,177,195,241,248,249,250,265,266,267,268,269,270,271,272,273,295,296,297,298,
64;0;1387;1465;1;0,1,2,3,4,5,6,10,11,12,13,14,15,20,21,22,23,24,25,26,27,28,29,30,31,32,33,34,35,36,37,38,39,40,55,56,57,58,59,60,61,62,63,64,65,66,67,77,78,79,81,88,91,117,122,123,124,170,171,172,173,177,195,241,248,249,250,265,266,267,268,269,270,271,272,273,295,296,297,298,
64;1;1465;1635;1;0,1,2,3,4,5,6,10,11,12,13,14,15,20,21,22,23,24,25,26,27,28,29,30,31,32,33,34,35,36,37,38,39,40,55,56,57,58,59,60,61,62,63,64,65,66,67,77,78,79,81,88,91,117,122,123,124,170,171,172,173,177,195,241,248,249,250,265,266,267,268,269,270,271,272,273,295,296,297,298,
188;0;1635;1713;0;0,1,2,3,4,5,6,10,11,12,13,14,15,20,21,22,23,24,25,26,27,28,29,30,31,32,33,34,35,36,37,38,39,40,55,56,57,58,59,60,61,62,63,64,65,66,67,77,78,79,81,88,91,117,122,123,124,170,171,172,173,177,195,241,248,249,250,265,266,267,268,269,270,271,272,273,295,296,297,298,
192;0;1713;1797;0;0,1,2,3,4,5,6,10,11,12,13,14,15,20,21,22,23,24,25,26,27,28,29,30,31,32,33,34,35,36,37,38,39,40,55,56,57,58,59,60,61,62,63,64,65,66,67,77,78,79,81,88,91,117,122,123,124,170,171,172,173,177,195,241,248,249,250,265,266,267,268,269,270,271,272,273,295,296,297,298,
192;1;1797;1831;0;0,1,2,3,4,5,6,10,11,12,13,14,15,20,21,22,23,24,25,26,27,28,29,30,31,32,33,34,35,36,37,38,39,40,55,56,57,58,59,60,61,62,63,64,65,66,67,77,78,79,81,88,91,117,122,123,124,170,171,172,173,177,195,241,248,249,250,265,266,267,268,269,270,271,272,273,295,296,297,298,
51;0;1831;1977;1;0,1,2,3,4,5,6,10,11,12,13,14,15,20,21,22,23,24,25,26,27,28,29,30,31,32,33,34,35,36,37,38,39,40,55,56,57,58,59,60,61,62,63,64,65,66,67,77,78,79,81,88,91,117,122,123,124,170,171,172,173,177,195,241,248,249,250,265,266,267,268,269,270,271,272,273,295,296,297,298,
208;0;1977;2141;0;0,1,2,3,4,5,6,10,11,12,13,14,15,20,21,22,23,24,25,26,27,28,29,30,31,32,33,34,35,36,37,38,39,40,55,56,57,58,59,60,61,62,63,64,65,66,67,77,78,79,81,88,91,117,122,123,124,170,171,172,173,177,195,241,248,249,250,265,266,267,268,269,270,271,272,273,295,296,297,298,
7;0;2141;2149;1;0,1,2,3,4,5,6,10,11,12,13,14,15,20,21,22,23,24,25,26,27,28,29,30,31,32,33,34,35,36,37,38,39,40,55,56,57,58,59,60,61,62,63,64,65,66,67,77,78,79,81,88,91,117,122,123,124,170,171,172,173,177,195,241,248,249,250,265,266,267,268,269,270,271,272,273,295,296,297,298,
7;1;2149;2323;1;0,1,2,3,4,5,6,10,11,12,13,14,15,20,21,22,23,24,25,26,27,28,29,30,31,32,33,34,35,36,37,38,39,40,55,56,57,58,59,60,61,62,63,64,65,66,67,77,78,79,81,88,91,117,122,123,124,170,171,172,173,177,195,241,248,249,250,265,266,267,268,269,270,271,272,273,295,296,297,298,
115;0;2323;2343;0;0,1,2,3,4,5,6,10,11,12,13,14,15,20,21,22,23,24,25,26,27,28,29,30,31,32,33,34,35,36,37,38,39,40,55,56,57,58,59,60,61,62,63,64,65,66,67,77,78,79,81,88,91,117,122,123,124,170,171,172,173,177,195,241,248,249,250,265,266,267,268,269,270,271,272,273,295,296,297,298,
186;0;2343;2517;0;0,1,2,3,4,5,6,10,11,12,13,14,15,20,21,22,23,24,25,26,27,28,29,30,31,32,33,34,35,36,37,38,39,40,55,56,57,58,59,60,61,62,63,64,65,66,67,77,78,79,81,88,91,117,122,123,124,170,171,172,173,177,195,241,248,249,250,265,266,267,268,269,270,271,272,273,295,296,297,298,
46;0;2517;2668;0;0,1,2,3,4,5,6,10,11,12,13,14,15,20,21,22,23,24,25,26,27,28,29,30,31,32,33,34,35,36,37,38,39,40,55,56,57,58,59,60,61,62,63,64,65,66,67,77,78,79,81,88,91,117,122,123,124,170,171,172,173,177,195,241,248,249,250,265,266,267,268,269,270,271,272,273,295,296,297,298,
112;0;2668;2709;0;0,1,2,3,4,5,6,10,11,12,13,14,15,20,21,22,23,24,25,26,27,28,29,30,31,32,33,34,35,36,37,38,39,40,55,56,57,58,59,60,61,62,63,64,65,66,67,77,78,79,81,88,91,117,122,123,124,170,171,172,173,177,195,241,248,249,250,265,266,267,268,269,270,271,272,273,295,296,297,298,
112;1;2709;2865;0;0,1,2,3,4,5,6,10,11,12,13,14,15,20,21,22,23,24,25,26,27,28,29,30,31,32,33,34,35,36,37,38,39,40,55,56,57,58,59,60,61,62,63,64,65,66,67,77,78,79,81,88,91,117,122,123,124,170,171,172,173,177,195,241,248,249,250,265,266,267,268,269,270,271,272,273,295,296,297,298,
169;0;2865;3012;0;0,1,2,3,4,5,6,10,11,12,13,14,15,20,21,22,23,24,25,26,27,28,29,30,31,32,33,34,35,36,37,38,39,40,55,56,57,58,59,60,61,62,63,64,65,66,67,77,78,79,81,88,91,117,122,123,124,170,171,172,173,177,195,241,248,249,250,265,266,267,268,269,270,271,272,273,295,296,297,298,
169;1;3012;3106;0;0,1,2,3,4,5,6,10,11,12,13,14,15,20,21,22,23,24,25,26,27,28,29,30,31,32,33,34,35,36,37,38,39,40,55,56,57,58,59,60,61,62,63,64,65,66,67,77,78,79,81,88,91,117,122,123,124,170,171,172,173,177,195,241,248,249,250,265,266,267,268,269,270,271,272,273,295,296,297,298,
171;0;3106;3218;1;0,1,2,3,4,5,6,10,11,12,13,14,15,20,21,22,23,24,25,26,27,28,29,30,31,32,33,34,35,36,37,38,39,40,55,56,57,58,59,60,61,62,63,64,65,66,67,77,78,79,81,88,91,117,122,123,124,170,171,172,173,177,195,241,248,249,250,265,266,267,268,269,270,271,272,273,295,296,297,298,
229;0;3218;3315;0;0,1,2,3,4,5,6,10,11,12,13,14,15,20,21,22,23,24,25,26,27,28,29,30,31,32,33,34,35,36,37,38,39,40,55,56,57,58,59,60,61,62,63,64,65,66,67,77,78,79,81,88,91,117,122,123,124,170,171,172,173,177,195,241,248,249,250,265,266,267,268,269,270,271,272,273,295,296,297,298,
229;1;3315;3409;0;0,1,2,3,4,5,6,10,11,12,13,14,15,20,21,22,23,24,25,26,27,28,29,30,31,32,33,34,35,36,37,38,39,40,55,56,57,58,59,60,61,62,63,64,65,66,67,77,78,79,81,88,91,117,122,123,124,170,171,172,173,177,195,241,248,249,250,265,266,267,268,269,270,271,272,273,295,296,297,298,
138;0;3409;3566;0;0,1,2,3,4,5,6,10,11,12,13,14,15,20,21,22,23,24,25,26,27,28,29,30,31,32,33,34,35,36,37,38,39,40,55,56,57,58,59,60,61,62,63,64,65,66,67,77,78,79,81,88,91,117,122,123,124,170,171,172,173,177,195,241,248,249,250,265,266,267,268,269,270,271,272,273,295,296,297,298,
135;0;3566;3691;0;0,1,2,3,4,5,6,10,11,12,13,14,15,20,21,22,23,24,25,26,27,28,29,30,31,32,33,34,35,36,37,38,39,40,55,56,57,58,59,60,61,62,63,64,65,66,67,77,78,79,81,88,91,117,122,123,124,170,171,172,173,177,195,241,248,249,250,265,266,267,268,269,270,271,272,273,295,296,297,298,
97;0;3691;3860;1;0,1,2,3,4,5,6,10,11,12,13,14,15,20,21,22,23,24,25,26,27,28,29,30,31,32,33,34,35,36,37,38,39,40,55,56,57,58,59,60,61,62,63,64,65,66,67,77,78,79,81,88,91,117,122,123,124,170,171,172,173,177,195,241,248,249,250,265,266,267,268,269,270,271,272,273,295,296,297,298,
97;1;3860;4024;1;0,1,2,3,4,5,6,10,11,12,13,14,15,20,21,22,23,24,25,26,27,28,29,30,31,32,33,34,35,36,37,38,39,40,55,56,57,58,59,60,61,62,63,64,65,66,67,77,78,79,81,88,91,117,122,123,124,170,171,172,173,177,195,241,248,249,250,265,266,267,268,269,270,271,272,273,295,296,297,298,
227;0;4024;4171;1;0,1,2,3,4,5,6,10,11,12,13,14,15,20,21,22,23,24,25,26,27,28,29,30,31,32,33,34,35,36,37,38,39,40,55,56,57,58,59,60,61,62,63,64,65,66,67,77,78,79,81,88,91,117,122,123,124,170,171,172,173,177,195,241,248,249,250,265,266,267,268,269,270,271,272,273,295,296,297,298,
227;1;4171;4322;1;0,1,2,3,4,5,6,10,11,12,13,14,15,20,21,22,23,24,25,26,27,28,29,30,31,32,33,34,35,36,37,38,39,40,55,56,57,58,59,60,61,62,63,64,65,66,67,77,78,79,81,88,91,117,122,123,124,170,171,172,173,177,195,241,248,249,250,265,266,267,268,269,270,271,272,273,295,296,297,298,
81;0;4322;4423;1;0,1,2,3,4,5,6,10,11,12,13,14,15,20,21,22,23,24,25,26,27,28,29,30,31,32,33,34,35,36,37,38,39,40,55,56,57,58,59,60,61,62,63,64,65,66,67,77,78,79,81,88,91,117,122,123,124,170,171,172,173,177,195,241,248,249,250,265,266,267,268,269,270,271,272,273,295,296,297,298,
15;0;4423;4447;0;0,1,2,3,4,5,6,10,11,12,13,14,15,20,21,22,23,24,25,26,27,28,29,30,31,32,33,34,35,36,37,38,39,40,55,56,57,58,59,60,61,62,63,64,65,66,67,77,78,79,81,88,91,117,122,123,124,170,171,172,173,177,195,241,248,249,250,265,266,267,268,269,270,271,272,273,295,296,297,298,
125;0;4447;4589;0;0,1,2,3,4,5,6,10,11,12,13,14,15,20,21,22,23,24,25,26,27,28,29,30,31,32,33,34,35,36,37,38,39,40,55,56,57,58,59,60,61,62,63,64,65,66,67,77,78,79,81,88,91,117,122,123,124,170,171,172,173,177,195,241,248,249,250,265,266,267,268,269,270,271,272,273,295,296,297,298,
166;0;4589;4703;0;0,1,2,3,4,5,6,10,11,12,13,14,15,20,21,22,23,24,25,26,27,28,29,30,31,32,33,34,35,36,37,38,39,40,55,56,57,58,59,60,61,62,63,64,65,66,67,77,78,79,81,88,91,117,122,123,124,170,171,172,173,177,195,241,248,249,250,265,266,267,268,269,270,271,272,273,295,296,297,298,
104;0;4703;4780;1;0,1,2,3,4,5,6,10,11,12,13,14,15,20,21,22,23,24,25,26,27,28,29,30,31,32,33,34,35,36,37,38,39,40,55,56,57,58,59,60,61,62,63,64,65,66,67,77,78,79,81,88,91,117,122,123,124,170,171,172,173,177,195,241,248,249,250,265,266,267,268,269,270,271,272,273,295,296,297,298,
104;1;4780;4921;1;0,1,2,3,4,5,6,10,11,12,13,14,15,20,21,22,23,24,25,26,27,28,29,30,31,32,33,34,35,36,37,38,39,40,55,56,57,58,59,60,61,62,63,64,65,66,67,77,78,79,81,88,91,117,122,123,124,170,171,172,173,177,195,241,248,249,250,265,266,267,268,269,270,271,272,273,295,296,297,298,
65;0;4921;5095;0;0,1,2,3,4,5,6,10,11,12,13,14,15,20,21,22,23,24,25,26,27,28,29,30,31,32,33,34,35,36,37,38,39,40,55,56,57,58,59,60,61,62,63,64,65,66,67,77,78,79,81,88,91,117,122,123,124,170,171,172,173,177,195,241,248,249,250,265,266,267,268,269,270,271,272,273,295,296,297,298,
161;0;5095;5205;1;0,1,2,3,4,5,6,10,11,12,13,14,15,20,21,22,23,24,25,26,27,28,29,30,31,32,33,34,35,36,37,38,39,40,55,56,57,58,59,60,61,62,63,64,65,66,67,77,78,79,81,88,91,117,122,123,124,170,171,172,173,177,195,241,248,249,250,265,266,267,268,269,270,271,272,273,295,296,297,298,
48;0;5205;5231;0;0,1,2,3,4,5,6,10,11,12,13,14,15,20,21,22,23,24,25,26,27,28,29,30,31,32,33,34,35,36,37,38,39,40,55,56,57,58,59,60,61,62,63,64,65,66,67,77,78,79,81,88,91,117,122,123,124,170,171,172,173,177,195,241,248,249,250,265,266,267,268,269,270,271,272,273,295,296,297,298,
17;0;5231;5299;1;0,1,2,3,4,5,6,10,11,12,13,14,15,20,21,22,23,24,25,26,27,28,29,30,31,32,33,34,35,36,37,38,39,40,55,56,57,58,59,60,61,62,63,64,65,66,67,77,78,79,81,88,91,117,122,123,124,170,171,172,173,177,195,241,248,249,250,265,266,267,268,269,270,271,272,273,295,296,297,298,
17;1;5299;5333;1;0,1,2,3,4,5,6,10,11,12,13,14,15,20,21,22,23,24,25,26,27,28,29,30,31,32,33,34,35,36,37,38,39,40,55,56,57,58,59,60,61,62,63,64,65,66,67,77,78,79,81,88,91,117,122,123,124,170,171,172,173,177,195,241,248,249,250,265,266,267,268,269,270,271,272,273,295,296,297,298,
122;0;5333;5406;0;0,1,2,3,4,5,6,10,11,12,13,14,15,20,21,22,23,24,25,26,27,28,29,30,31,32,33,34,35,36,37,38,39,40,55,56,57,58,59,60,61,62,63,64,65,66,67,77,78,79,81,88,91,117,122,123,124,170,171,172,173,177,195,241,248,249,250,265,266,267,268,269,270,271,272,273,295,296,297,298,
122;1;5406;5484;0;0,1,2,3,4,5,6,10,11,12,13,14,15,20,21,22,23,24,25,26,27,28,29,30,31,32,33,34,35,36,37,38,39,40,55,56,57,58,59,60,61,62,63,64,65,66,67,77,78,79,81,88,91,117,122,123,124,170,171,172,173,177,195,241,248,249,250,265,266,267,268,269,270,271,272,273,295,296,297,298,
6;0;5484;5615;0;0,1,2,3,4,5,6,10,11,12,13,14,15,20,21,22,23,24,25,26,27,28,29,30,31,32,33,34,35,36,37,38,39,40,55,56,57,58,59,60,61,62,63,64,65,66,67,77,78,79,81,88,91,117,122,123,124,170,171,172,173,177,195,241,248,249,250,265,266,267,268,269,270,271,272,273,295,296,297,298,
Machine: 4
234;0;0;29;1;0,1,2,3,4,5,6,7,8,9,10,11,12,13,14,15,20,26,32,40,46,55,56,72,73,74,75,76,123,124,150,152,170,171,172,173,193,194,195,196,197,198,199,201,202,203,204,205,213,215,221,228,238,239,240,244,245,246,247,251,252,253,254,255,260,261,262,263,264,275,276,277,278,280,281,282,294,320,321,322,
234;1;29;61;1;0,1,2,3,4,5,6,7,8,9,10,11,12,13,14,15,20,26,32,40,46,55,56,72,73,74,75,76,123,124,150,152,170,171,172,173,193,194,195,196,197,198,199,201,202,203,204,205,213,215,221,228,238,239,240,244,245,246,247,251,252,253,254,255,260,261,262,263,264,275,276,277,278,280,281,282,294,320,321,322,
50;0;61;231;1;0,1,2,3,4,5,6,7,8,9,10,11,12,13,14,15,20,26,32,40,46,55,56,72,73,74,75,76,123,124,150,152,170,171,172,173,193,194,195,196,197,198,199,201,202,203,204,205,213,215,221,228,238,239,240,244,245,246,247,251,252,253,254,255,260,261,262,263,264,275,276,277,278,280,281,282,294,320,321,322,
36;0;231;280;0;0,1,2,3,4,5,6,7,8,9,10,11,12,13,14,15,20,26,32,40,46,55,56,72,73,74,75,76,123,124,150,152,170,171,172,173,193,194,195,196,197,198,199,201,202,203,204,205,213,215,221,228,238,239,240,244,245,246,247,251,252,253,254,255,260,261,262,263,264,275,276,277,278,280,281,282,294,320,321,322,
19;0;280;448;0;0,1,2,3,4,5,6,7,8,9,10,11,12,13,14,15,20,26,32,40,46,55,56,72,73,74,75,76,123,124,150,152,170,171,172,173,193,194,195,196,197,198,199,201,202,203,204,205,213,215,221,228,238,239,240,244,245,246,247,251,252,253,254,255,260,261,262,263,264,275,276,277,278,280,281,282,294,320,321,322,
19;1;448;522;0;0,1,2,3,4,5,6,7,8,9,10,11,12,13,14,15,20,26,32,40,46,55,56,72,73,74,75,76,123,124,150,152,170,171,172,173,193,194,195,196,197,198,199,201,202,203,204,205,213,215,221,228,238,239,240,244,245,246,247,251,252,253,254,255,260,261,262,263,264,275,276,277,278,280,281,282,294,320,321,322,
143;0;522;536;1;0,1,2,3,4,5,6,7,8,9,10,11,12,13,14,15,20,26,32,40,46,55,56,72,73,74,75,76,123,124,150,152,170,171,172,173,193,194,195,196,197,198,199,201,202,203,204,205,213,215,221,228,238,239,240,244,245,246,247,251,252,253,254,255,260,261,262,263,264,275,276,277,278,280,281,282,294,320,321,322,
224;0;536;634;1;0,1,2,3,4,5,6,7,8,9,10,11,12,13,14,15,20,26,32,40,46,55,56,72,73,74,75,76,123,124,150,152,170,171,172,173,193,194,195,196,197,198,199,201,202,203,204,205,213,215,221,228,238,239,240,244,245,246,247,251,252,253,254,255,260,261,262,263,264,275,276,277,278,280,281,282,294,320,321,322,
224;1;634;781;1;0,1,2,3,4,5,6,7,8,9,10,11,12,13,14,15,20,26,32,40,46,55,56,72,73,74,75,76,123,124,150,152,170,171,172,173,193,194,195,196,197,198,199,201,202,203,204,205,213,215,221,228,238,239,240,244,245,246,247,251,252,253,254,255,260,261,262,263,264,275,276,277,278,280,281,282,294,320,321,322,
199;0;781;833;0;0,1,2,3,4,5,6,7,8,9,10,11,12,13,14,15,20,26,32,40,46,55,56,72,73,74,75,76,123,124,150,152,170,171,172,173,193,194,195,196,197,198,199,201,202,203,204,205,213,215,221,228,238,239,240,244,245,246,247,251,252,253,254,255,260,261,262,263,264,275,276,277,278,280,281,282,294,320,321,322,
199;1;833;1010;0;0,1,2,3,4,5,6,7,8,9,10,11,12,13,14,15,20,26,32,40,46,55,56,72,73,74,75,76,123,124,150,152,170,171,172,173,193,194,195,196,197,198,199,201,202,203,204,205,213,215,221,228,238,239,240,244,245,246,247,251,252,253,254,255,260,261,262,263,264,275,276,277,278,280,281,282,294,320,321,322,
172;0;1010;1136;0;0,1,2,3,4,5,6,7,8,9,10,11,12,13,14,15,20,26,32,40,46,55,56,72,73,74,75,76,123,124,150,152,170,171,172,173,193,194,195,196,197,198,199,201,202,203,204,205,213,215,221,228,238,239,240,244,245,246,247,251,252,253,254,255,260,261,262,263,264,275,276,277,278,280,281,282,294,320,321,322,
172;1;1136;1286;0;0,1,2,3,4,5,6,7,8,9,10,11,12,13,14,15,20,26,32,40,46,55,56,72,73,74,75,76,123,124,150,152,170,171,172,173,193,194,195,196,197,198,199,201,202,203,204,205,213,215,221,228,238,239,240,244,245,246,247,251,252,253,254,255,260,261,262,263,264,275,276,277,278,280,281,282,294,320,321,322,
44;0;1286;1367;1;0,1,2,3,4,5,6,7,8,9,10,11,12,13,14,15,20,26,32,40,46,55,56,72,73,74,75,76,123,124,150,152,170,171,172,173,193,194,195,196,197,198,199,201,202,203,204,205,213,215,221,228,238,239,240,244,245,246,247,251,252,253,254,255,260,261,262,263,264,275,276,277,278,280,281,282,294,320,321,322,
44;1;1367;1523;1;0,1,2,3,4,5,6,7,8,9,10,11,12,13,14,15,20,26,32,40,46,55,56,72,73,74,75,76,123,124,150,152,170,171,172,173,193,194,195,196,197,198,199,201,202,203,204,205,213,215,221,228,238,239,240,244,245,246,247,251,252,253,254,255,260,261,262,263,264,275,276,277,278,280,281,282,294,320,321,322,
228;0;1523;1541;0;0,1,2,3,4,5,6,7,8,9,10,11,12,13,14,15,20,26,32,40,46,55,56,72,73,74,75,76,123,124,150,152,170,171,172,173,193,194,195,196,197,198,199,201,202,203,204,205,213,215,221,228,238,239,240,244,245,246,247,251,252,253,254,255,260,261,262,263,264,275,276,277,278,280,281,282,294,320,321,322,
150;0;1541;1720;1;0,1,2,3,4,5,6,7,8,9,10,11,12,13,14,15,20,26,32,40,46,55,56,72,73,74,75,76,123,124,150,152,170,171,172,173,193,194,195,196,197,198,199,201,202,203,204,205,213,215,221,228,238,239,240,244,245,246,247,251,252,253,254,255,260,261,262,263,264,275,276,277,278,280,281,282,294,320,321,322,
141;0;1720;1801;1;0,1,2,3,4,5,6,7,8,9,10,11,12,13,14,15,20,26,32,40,46,55,56,72,73,74,75,76,123,124,150,152,170,171,172,173,193,194,195,196,197,198,199,201,202,203,204,205,213,215,221,228,238,239,240,244,245,246,247,251,252,253,254,255,260,261,262,263,264,275,276,277,278,280,281,282,294,320,321,322,
217;0;1801;1911;1;0,1,2,3,4,5,6,7,8,9,10,11,12,13,14,15,20,26,32,40,46,55,56,72,73,74,75,76,123,124,150,152,170,171,172,173,193,194,195,196,197,198,199,201,202,203,204,205,213,215,221,228,238,239,240,244,245,246,247,251,252,253,254,255,260,261,262,263,264,275,276,277,278,280,281,282,294,320,321,322,
217;1;1911;2067;1;0,1,2,3,4,5,6,7,8,9,10,11,12,13,14,15,20,26,32,40,46,55,56,72,73,74,75,76,123,124,150,152,170,171,172,173,193,194,195,196,197,198,199,201,202,203,204,205,213,215,221,228,238,239,240,244,245,246,247,251,252,253,254,255,260,261,262,263,264,275,276,277,278,280,281,282,294,320,321,322,
153;0;2067;2141;1;0,1,2,3,4,5,6,7,8,9,10,11,12,13,14,15,20,26,32,40,46,55,56,72,73,74,75,76,123,124,150,152,170,171,172,173,193,194,195,196,197,198,199,201,202,203,204,205,213,215,221,228,238,239,240,244,245,246,247,251,252,253,254,255,260,261,262,263,264,275,276,277,278,280,281,282,294,320,321,322,
77;0;2141;2178;1;0,1,2,3,4,5,6,7,8,9,10,11,12,13,14,15,20,26,32,40,46,55,56,72,73,74,75,76,123,124,150,152,170,171,172,173,193,194,195,196,197,198,199,201,202,203,204,205,213,215,221,228,238,239,240,244,245,246,247,251,252,253,254,255,260,261,262,263,264,275,276,277,278,280,281,282,294,320,321,322,
77;1;2178;2265;1;0,1,2,3,4,5,6,7,8,9,10,11,12,13,14,15,20,26,32,40,46,55,56,72,73,74,75,76,123,124,150,152,170,171,172,173,193,194,195,196,197,198,199,201,202,203,204,205,213,215,221,228,238,239,240,244,245,246,247,251,252,253,254,255,260,261,262,263,264,275,276,277,278,280,281,282,294,320,321,322,
110;0;2265;2444;1;0,1,2,3,4,5,6,7,8,9,10,11,12,13,14,15,20,26,32,40,46,55,56,72,73,74,75,76,123,124,150,152,170,171,172,173,193,194,195,196,197,198,199,201,202,203,204,205,213,215,221,228,238,239,240,244,245,246,247,251,252,253,254,255,260,261,262,263,264,275,276,277,278,280,281,282,294,320,321,322,
0;0;2444;2573;1;0,1,2,3,4,5,6,7,8,9,10,11,12,13,14,15,20,26,32,40,46,55,56,72,73,74,75,76,123,124,150,152,170,171,172,173,193,194,195,196,197,198,199,201,202,203,204,205,213,215,221,228,238,239,240,244,245,246,247,251,252,253,254,255,260,261,262,263,264,275,276,277,278,280,281,282,294,320,321,322,
0;1;2573;2619;1;0,1,2,3,4,5,6,7,8,9,10,11,12,13,14,15,20,26,32,40,46,55,56,72,73,74,75,76,123,124,150,152,170,171,172,173,193,194,195,196,197,198,199,201,202,203,204,205,213,215,221,228,238,239,240,244,245,246,247,251,252,253,254,255,260,261,262,263,264,275,276,277,278,280,281,282,294,320,321,322,
47;0;2619;2760;1;0,1,2,3,4,5,6,7,8,9,10,11,12,13,14,15,20,26,32,40,46,55,56,72,73,74,75,76,123,124,150,152,170,171,172,173,193,194,195,196,197,198,199,201,202,203,204,205,213,215,221,228,238,239,240,244,245,246,247,251,252,253,254,255,260,261,262,263,264,275,276,277,278,280,281,282,294,320,321,322,
47;1;2760;2856;1;0,1,2,3,4,5,6,7,8,9,10,11,12,13,14,15,20,26,32,40,46,55,56,72,73,74,75,76,123,124,150,152,170,171,172,173,193,194,195,196,197,198,199,201,202,203,204,205,213,215,221,228,238,239,240,244,245,246,247,251,252,253,254,255,260,261,262,263,264,275,276,277,278,280,281,282,294,320,321,322,
180;0;2856;2876;1;0,1,2,3,4,5,6,7,8,9,10,11,12,13,14,15,20,26,32,40,46,55,56,72,73,74,75,76,123,124,150,152,170,171,172,173,193,194,195,196,197,198,199,201,202,203,204,205,213,215,221,228,238,239,240,244,245,246,247,251,252,253,254,255,260,261,262,263,264,275,276,277,278,280,281,282,294,320,321,322,
85;0;2876;3007;0;0,1,2,3,4,5,6,7,8,9,10,11,12,13,14,15,20,26,32,40,46,55,56,72,73,74,75,76,123,124,150,152,170,171,172,173,193,194,195,196,197,198,199,201,202,203,204,205,213,215,221,228,238,239,240,244,245,246,247,251,252,253,254,255,260,261,262,263,264,275,276,277,278,280,281,282,294,320,321,322,
230;0;3007;3112;1;0,1,2,3,4,5,6,7,8,9,10,11,12,13,14,15,20,26,32,40,46,55,56,72,73,74,75,76,123,124,150,152,170,171,172,173,193,194,195,196,197,198,199,201,202,203,204,205,213,215,221,228,238,239,240,244,245,246,247,251,252,253,254,255,260,261,262,263,264,275,276,277,278,280,281,282,294,320,321,322,
151;0;3112;3237;1;0,1,2,3,4,5,6,7,8,9,10,11,12,13,14,15,20,26,32,40,46,55,56,72,73,74,75,76,123,124,150,152,170,171,172,173,193,194,195,196,197,198,199,201,202,203,204,205,213,215,221,228,238,239,240,244,245,246,247,251,252,253,254,255,260,261,262,263,264,275,276,277,278,280,281,282,294,320,321,322,
118;0;3237;3333;0;0,1,2,3,4,5,6,7,8,9,10,11,12,13,14,15,20,26,32,40,46,55,56,72,73,74,75,76,123,124,150,152,170,171,172,173,193,194,195,196,197,198,199,201,202,203,204,205,213,215,221,228,238,239,240,244,245,246,247,251,252,253,254,255,260,261,262,263,264,275,276,277,278,280,281,282,294,320,321,322,
42;0;3333;3378;0;0,1,2,3,4,5,6,7,8,9,10,11,12,13,14,15,20,26,32,40,46,55,56,72,73,74,75,76,123,124,150,152,170,171,172,173,193,194,195,196,197,198,199,201,202,203,204,205,213,215,221,228,238,239,240,244,245,246,247,251,252,253,254,255,260,261,262,263,264,275,276,277,278,280,281,282,294,320,321,322,
42;1;3378;3503;0;0,1,2,3,4,5,6,7,8,9,10,11,12,13,14,15,20,26,32,40,46,55,56,72,73,74,75,76,123,124,150,152,170,171,172,173,193,194,195,196,197,198,199,201,202,203,204,205,213,215,221,228,238,239,240,244,245,246,247,251,252,253,254,255,260,261,262,263,264,275,276,277,278,280,281,282,294,320,321,322,
240;0;3503;3552;1;0,1,2,3,4,5,6,7,8,9,10,11,12,13,14,15,20,26,32,40,46,55,56,72,73,74,75,76,123,124,150,152,170,171,172,173,193,194,195,196,197,198,199,201,202,203,204,205,213,215,221,228,238,239,240,244,245,246,247,251,252,253,254,255,260,261,262,263,264,275,276,277,278,280,281,282,294,320,321,322,
144;0;3552;3596;1;0,1,2,3,4,5,6,7,8,9,10,11,12,13,14,15,20,26,32,40,46,55,56,72,73,74,75,76,123,124,150,152,170,171,172,173,193,194,195,196,197,198,199,201,202,203,204,205,213,215,221,228,238,239,240,244,245,246,247,251,252,253,254,255,260,261,262,263,264,275,276,277,278,280,281,282,294,320,321,322,
144;1;3596;3705;1;0,1,2,3,4,5,6,7,8,9,10,11,12,13,14,15,20,26,32,40,46,55,56,72,73,74,75,76,123,124,150,152,170,171,172,173,193,194,195,196,197,198,199,201,202,203,204,205,213,215,221,228,238,239,240,244,245,246,247,251,252,253,254,255,260,261,262,263,264,275,276,277,278,280,281,282,294,320,321,322,
69;0;3705;3765;0;0,1,2,3,4,5,6,7,8,9,10,11,12,13,14,15,20,26,32,40,46,55,56,72,73,74,75,76,123,124,150,152,170,171,172,173,193,194,195,196,197,198,199,201,202,203,204,205,213,215,221,228,238,239,240,244,245,246,247,251,252,253,254,255,260,261,262,263,264,275,276,277,278,280,281,282,294,320,321,322,
69;1;3765;3934;0;0,1,2,3,4,5,6,7,8,9,10,11,12,13,14,15,20,26,32,40,46,55,56,72,73,74,75,76,123,124,150,152,170,171,172,173,193,194,195,196,197,198,199,201,202,203,204,205,213,215,221,228,238,239,240,244,245,246,247,251,252,253,254,255,260,261,262,263,264,275,276,277,278,280,281,282,294,320,321,322,
162;0;3934;4052;0;0,1,2,3,4,5,6,7,8,9,10,11,12,13,14,15,20,26,32,40,46,55,56,72,73,74,75,76,123,124,150,152,170,171,172,173,193,194,195,196,197,198,199,201,202,203,204,205,213,215,221,228,238,239,240,244,245,246,247,251,252,253,254,255,260,261,262,263,264,275,276,277,278,280,281,282,294,320,321,322,
162;1;4052;4084;0;0,1,2,3,4,5,6,7,8,9,10,11,12,13,14,15,20,26,32,40,46,55,56,72,73,74,75,76,123,124,150,152,170,171,172,173,193,194,195,196,197,198,199,201,202,203,204,205,213,215,221,228,238,239,240,244,245,246,247,251,252,253,254,255,260,261,262,263,264,275,276,277,278,280,281,282,294,320,321,322,
10;0;4084;4187;1;0,1,2,3,4,5,6,7,8,9,10,11,12,13,14,15,20,26,32,40,46,55,56,72,73,74,75,76,123,124,150,152,170,171,172,173,193,194,195,196,197,198,199,201,202,203,204,205,213,215,221,228,238,239,240,244,245,246,247,251,252,253,254,255,260,261,262,263,264,275,276,277,278,280,281,282,294,320,321,322,
132;0;4187;4216;0;0,1,2,3,4,5,6,7,8,9,10,11,12,13,14,15,20,26,32,40,46,55,56,72,73,74,75,76,123,124,150,152,170,171,172,173,193,194,195,196,197,198,199,201,202,203,204,205,213,215,221,228,238,239,240,244,245,246,247,251,252,253,254,255,260,261,262,263,264,275,276,277,278,280,281,282,294,320,321,322,
132;1;4216;4334;0;0,1,2,3,4,5,6,7,8,9,10,11,12,13,14,15,20,26,32,40,46,55,56,72,73,74,75,76,123,124,150,152,170,171,172,173,193,194,195,196,197,198,199,201,202,203,204,205,213,215,221,228,238,239,240,244,245,246,247,251,252,253,254,255,260,261,262,263,264,275,276,277,278,280,281,282,294,320,321,322,
212;0;4334;4483;0;0,1,2,3,4,5,6,7,8,9,10,11,12,13,14,15,20,26,32,40,46,55,56,72,73,74,75,76,123,124,150,152,170,171,172,173,193,194,195,196,197,198,199,201,202,203,204,205,213,215,221,228,238,239,240,244,245,246,247,251,252,253,254,255,260,261,262,263,264,275,276,277,278,280,281,282,294,320,321,322,
212;1;4483;4633;0;0,1,2,3,4,5,6,7,8,9,10,11,12,13,14,15,20,26,32,40,46,55,56,72,73,74,75,76,123,124,150,152,170,171,172,173,193,194,195,196,197,198,199,201,202,203,204,205,213,215,221,228,238,239,240,244,245,246,247,251,252,253,254,255,260,261,262,263,264,275,276,277,278,280,281,282,294,320,321,322,
197;0;4633;4803;1;0,1,2,3,4,5,6,7,8,9,10,11,12,13,14,15,20,26,32,40,46,55,56,72,73,74,75,76,123,124,150,152,170,171,172,173,193,194,195,196,197,198,199,201,202,203,204,205,213,215,221,228,238,239,240,244,245,246,247,251,252,253,254,255,260,261,262,263,264,275,276,277,278,280,281,282,294,320,321,322,
197;1;4803;4821;1;0,1,2,3,4,5,6,7,8,9,10,11,12,13,14,15,20,26,32,40,46,55,56,72,73,74,75,76,123,124,150,152,170,171,172,173,193,194,195,196,197,198,199,201,202,203,204,205,213,215,221,228,238,239,240,244,245,246,247,251,252,253,254,255,260,261,262,263,264,275,276,277,278,280,281,282,294,320,321,322,
2;0;4821;4935;0;0,1,2,3,4,5,6,7,8,9,10,11,12,13,14,15,20,26,32,40,46,55,56,72,73,74,75,76,123,124,150,152,170,171,172,173,193,194,195,196,197,198,199,201,202,203,204,205,213,215,221,228,238,239,240,244,245,246,247,251,252,253,254,255,260,261,262,263,264,275,276,277,278,280,281,282,294,320,321,322,
2;1;4935;4982;0;0,1,2,3,4,5,6,7,8,9,10,11,12,13,14,15,20,26,32,40,46,55,56,72,73,74,75,76,123,124,150,152,170,171,172,173,193,194,195,196,197,198,199,201,202,203,204,205,213,215,221,228,238,239,240,244,245,246,247,251,252,253,254,255,260,261,262,263,264,275,276,277,278,280,281,282,294,320,321,322,
1;0;4982;5129;0;0,1,2,3,4,5,6,7,8,9,10,11,12,13,14,15,20,26,32,40,46,55,56,72,73,74,75,76,123,124,150,152,170,171,172,173,193,194,195,196,197,198,199,201,202,203,204,205,213,215,221,228,238,239,240,244,245,246,247,251,252,253,254,255,260,261,262,263,264,275,276,277,278,280,281,282,294,320,321,322,
95;0;5129;5219;0;0,1,2,3,4,5,6,7,8,9,10,11,12,13,14,15,20,26,32,40,46,55,56,72,73,74,75,76,123,124,150,152,170,171,172,173,193,194,195,196,197,198,199,201,202,203,204,205,213,215,221,228,238,239,240,244,245,246,247,251,252,253,254,255,260,261,262,263,264,275,276,277,278,280,281,282,294,320,321,322,
134;0;5219;5366;1;0,1,2,3,4,5,6,7,8,9,10,11,12,13,14,15,20,26,32,40,46,55,56,72,73,74,75,76,123,124,150,152,170,171,172,173,193,194,195,196,197,198,199,201,202,203,204,205,213,215,221,228,238,239,240,244,245,246,247,251,252,253,254,255,260,261,262,263,264,275,276,277,278,280,281,282,294,320,321,322,
134;1;5366;5477;1;0,1,2,3,4,5,6,7,8,9,10,11,12,13,14,15,20,26,32,40,46,55,56,72,73,74,75,76,123,124,150,152,170,171,172,173,193,194,195,196,197,198,199,201,202,203,204,205,213,215,221,228,238,239,240,244,245,246,247,251,252,253,254,255,260,261,262,263,264,275,276,277,278,280,281,282,294,320,321,322,
117;0;5477;5526;1;0,1,2,3,4,5,6,7,8,9,10,11,12,13,14,15,20,26,32,40,46,55,56,72,73,74,75,76,123,124,150,152,170,171,172,173,193,194,195,196,197,198,199,201,202,203,204,205,213,215,221,228,238,239,240,244,245,246,247,251,252,253,254,255,260,261,262,263,264,275,276,277,278,280,281,282,294,320,321,322,
117;1;5526;5661;1;0,1,2,3,4,5,6,7,8,9,10,11,12,13,14,15,20,26,32,40,46,55,56,72,73,74,75,76,123,124,150,152,170,171,172,173,193,194,195,196,197,198,199,201,202,203,204,205,213,215,221,228,238,239,240,244,245,246,247,251,252,253,254,255,260,261,262,263,264,275,276,277,278,280,281,282,294,320,321,322,
176;0;5661;5702;0;0,1,2,3,4,5,6,7,8,9,10,11,12,13,14,15,20,26,32,40,46,55,56,72,73,74,75,76,123,124,150,152,170,171,172,173,193,194,195,196,197,198,199,201,202,203,204,205,213,215,221,228,238,239,240,244,245,246,247,251,252,253,254,255,260,261,262,263,264,275,276,277,278,280,281,282,294,320,321,322,
196;0;5702;5779;0;0,1,2,3,4,5,6,7,8,9,10,11,12,13,14,15,20,26,32,40,46,55,56,72,73,74,75,76,123,124,150,152,170,171,172,173,193,194,195,196,197,198,199,201,202,203,204,205,213,215,221,228,238,239,240,244,245,246,247,251,252,253,254,255,260,261,262,263,264,275,276,277,278,280,281,282,294,320,321,322,
102;0;5779;5903;0;0,1,2,3,4,5,6,7,8,9,10,11,12,13,14,15,20,26,32,40,46,55,56,72,73,74,75,76,123,124,150,152,170,171,172,173,193,194,195,196,197,198,199,201,202,203,204,205,213,215,221,228,238,239,240,244,245,246,247,251,252,253,254,255,260,261,262,263,264,275,276,277,278,280,281,282,294,320,321,322,
102;1;5903;6054;0;0,1,2,3,4,5,6,7,8,9,10,11,12,13,14,15,20,26,32,40,46,55,56,72,73,74,75,76,123,124,150,152,170,171,172,173,193,194,195,196,197,198,199,201,202,203,204,205,213,215,221,228,238,239,240,244,245,246,247,251,252,253,254,255,260,261,262,263,264,275,276,277,278,280,281,282,294,320,321,322,
Machine: 5
154;0;0;109;1;0,1,2,5,6,7,8,9,10,11,12,13,14,15,21,22,23,41,42,43,44,45,47,48,49,50,51,63,64,78,79,80,117,118,119,120,121,135,137,138,139,140,141,142,143,144,145,146,147,164,165,166,167,168,169,174,175,176,178,179,180,181,182,183,184,185,186,187,188,189,190,191,249,314,315,316,317,318,319,323,
154;1;109;169;1;0,1,2,5,6,7,8,9,10,11,12,13,14,15,21,22,23,41,42,43,44,45,47,48,49,50,51,63,64,78,79,80,117,118,119,120,121,135,137,138,139,140,141,142,143,144,145,146,147,164,165,166,167,168,169,174,175,176,178,179,180,181,182,183,184,185,186,187,188,189,190,191,249,314,315,316,317,318,319,323,
52;0;169;246;0;0,1,2,5,6,7,8,9,10,11,12,13,14,15,21,22,23,41,42,43,44,45,47,48,49,50,51,63,64,78,79,80,117,118,119,120,121,135,137,138,139,140,141,142,143,144,145,146,147,164,165,166,167,168,169,174,175,176,178,179,180,181,182,183,184,185,186,187,188,189,190,191,249,314,315,316,317,318,319,323,
52;1;246;282;0;0,1,2,5,6,7,8,9,10,11,12,13,14,15,21,22,23,41,42,43,44,45,47,48,49,50,51,63,64,78,79,80,117,118,119,120,121,135,137,138,139,140,141,142,143,144,145,146,147,164,165,166,167,168,169,174,175,176,178,179,180,181,182,183,184,185,186,187,188,189,190,191,249,314,315,316,317,318,319,323,
216;0;282;419;0;0,1,2,5,6,7,8,9,10,11,12,13,14,15,21,22,23,41,42,43,44,45,47,48,49,50,51,63,64,78,79,80,117,118,119,120,121,135,137,138,139,140,141,142,143,144,145,146,147,164,165,166,167,168,169,174,175,176,178,179,180,181,182,183,184,185,186,187,188,189,190,191,249,314,315,316,317,318,319,323,
92;0;419;540;0;0,1,2,5,6,7,8,9,10,11,12,13,14,15,21,22,23,41,42,43,44,45,47,48,49,50,51,63,64,78,79,80,117,118,119,120,121,135,137,138,139,140,141,142,143,144,145,146,147,164,165,166,167,168,169,174,175,176,178,179,180,181,182,183,184,185,186,187,188,189,190,191,249,314,315,316,317,318,319,323,
92;1;540;548;0;0,1,2,5,6,7,8,9,10,11,12,13,14,15,21,22,23,41,42,43,44,45,47,48,49,50,51,63,64,78,79,80,117,118,119,120,121,135,137,138,139,140,141,142,143,144,145,146,147,164,165,166,167,168,169,174,175,176,178,179,180,181,182,183,184,185,186,187,188,189,190,191,249,314,315,316,317,318,319,323,
158;0;548;708;0;0,1,2,5,6,7,8,9,10,11,12,13,14,15,21,22,23,41,42,43,44,45,47,48,49,50,51,63,64,78,79,80,117,118,119,120,121,135,137,138,139,140,141,142,143,144,145,146,147,164,165,166,167,168,169,174,175,176,178,179,180,181,182,183,184,185,186,187,188,189,190,191,249,314,315,316,317,318,319,323,
59;0;708;860;0;0,1,2,5,6,7,8,9,10,11,12,13,14,15,21,22,23,41,42,43,44,45,47,48,49,50,51,63,64,78,79,80,117,118,119,120,121,135,137,138,139,140,141,142,143,144,145,146,147,164,165,166,167,168,169,174,175,176,178,179,180,181,182,183,184,185,186,187,188,189,190,191,249,314,315,316,317,318,319,323,
59;1;860;985;0;0,1,2,5,6,7,8,9,10,11,12,13,14,15,21,22,23,41,42,43,44,45,47,48,49,50,51,63,64,78,79,80,117,118,119,120,121,135,137,138,139,140,141,142,143,144,145,146,147,164,165,166,167,168,169,174,175,176,178,179,180,181,182,183,184,185,186,187,188,189,190,191,249,314,315,316,317,318,319,323,
71;0;985;1100;1;0,1,2,5,6,7,8,9,10,11,12,13,14,15,21,22,23,41,42,43,44,45,47,48,49,50,51,63,64,78,79,80,117,118,119,120,121,135,137,138,139,140,141,142,143,144,145,146,147,164,165,166,167,168,169,174,175,176,178,179,180,181,182,183,184,185,186,187,188,189,190,191,249,314,315,316,317,318,319,323,
206;0;1100;1194;0;0,1,2,5,6,7,8,9,10,11,12,13,14,15,21,22,23,41,42,43,44,45,47,48,49,50,51,63,64,78,79,80,117,118,119,120,121,135,137,138,139,140,141,142,143,144,145,146,147,164,165,166,167,168,169,174,175,176,178,179,180,181,182,183,184,185,186,187,188,189,190,191,249,314,315,316,317,318,319,323,
23;0;1194;1367;1;0,1,2,5,6,7,8,9,10,11,12,13,14,15,21,22,23,41,42,43,44,45,47,48,49,50,51,63,64,78,79,80,117,118,119,120,121,135,137,138,139,140,141,142,143,144,145,146,147,164,165,166,167,168,169,174,175,176,178,179,180,181,182,183,184,185,186,187,188,189,190,191,249,314,315,316,317,318,319,323,
160;0;1367;1376;1;0,1,2,5,6,7,8,9,10,11,12,13,14,15,21,22,23,41,42,43,44,45,47,48,49,50,51,63,64,78,79,80,117,118,119,120,121,135,137,138,139,140,141,142,143,144,145,146,147,164,165,166,167,168,169,174,175,176,178,179,180,181,182,183,184,185,186,187,188,189,190,191,249,314,315,316,317,318,319,323,
91;0;1376;1549;1;0,1,2,5,6,7,8,9,10,11,12,13,14,15,21,22,23,41,42,43,44,45,47,48,49,50,51,63,64,78,79,80,117,118,119,120,121,135,137,138,139,140,141,142,143,144,145,146,147,164,165,166,167,168,169,174,175,176,178,179,180,181,182,183,184,185,186,187,188,189,190,191,249,314,315,316,317,318,319,323,
43;0;1549;1625;1;0,1,2,5,6,7,8,9,10,11,12,13,14,15,21,22,23,41,42,43,44,45,47,48,49,50,51,63,64,78,79,80,117,118,119,120,121,135,137,138,139,140,141,142,143,144,145,146,147,164,165,166,167,168,169,174,175,176,178,179,180,181,182,183,184,185,186,187,188,189,190,191,249,314,315,316,317,318,319,323,
88;0;1625;1797;0;0,1,2,5,6,7,8,9,10,11,12,13,14,15,21,22,23,41,42,43,44,45,47,48,49,50,51,63,64,78,79,80,117,118,119,120,121,135,137,138,139,140,141,142,143,144,145,146,147,164,165,166,167,168,169,174,175,176,178,179,180,181,182,183,184,185,186,187,188,189,190,191,249,314,315,316,317,318,319,323,
225;0;1797;1930;0;0,1,2,5,6,7,8,9,10,11,12,13,14,15,21,22,23,41,42,43,44,45,47,48,49,50,51,63,64,78,79,80,117,118,119,120,121,135,137,138,139,140,141,142,143,144,145,146,147,164,165,166,167,168,169,174,175,176,178,179,180,181,182,183,184,185,186,187,188,189,190,191,249,314,315,316,317,318,319,323,
68;0;1930;2089;0;0,1,2,5,6,7,8,9,10,11,12,13,14,15,21,22,23,41,42,43,44,45,47,48,49,50,51,63,64,78,79,80,117,118,119,120,121,135,137,138,139,140,141,142,143,144,145,146,147,164,165,166,167,168,169,174,175,176,178,179,180,181,182,183,184,185,186,187,188,189,190,191,249,314,315,316,317,318,319,323,
165;0;2089;2149;0;0,1,2,5,6,7,8,9,10,11,12,13,14,15,21,22,23,41,42,43,44,45,47,48,49,50,51,63,64,78,79,80,117,118,119,120,121,135,137,138,139,140,141,142,143,144,145,146,147,164,165,166,167,168,169,174,175,176,178,179,180,181,182,183,184,185,186,187,188,189,190,191,249,314,315,316,317,318,319,323,
142;0;2149;2226;0;0,1,2,5,6,7,8,9,10,11,12,13,14,15,21,22,23,41,42,43,44,45,47,48,49,50,51,63,64,78,79,80,117,118,119,120,121,135,137,138,139,140,141,142,143,144,145,146,147,164,165,166,167,168,169,174,175,176,178,179,180,181,182,183,184,185,186,187,188,189,190,191,249,314,315,316,317,318,319,323,
142;1;2226;2235;0;0,1,2,5,6,7,8,9,10,11,12,13,14,15,21,22,23,41,42,43,44,45,47,48,49,50,51,63,64,78,79,80,117,118,119,120,121,135,137,138,139,140,141,142,143,144,145,146,147,164,165,166,167,168,169,174,175,176,178,179,180,181,182,183,184,185,186,187,188,189,190,191,249,314,315,316,317,318,319,323,
84;0;2235;2304;1;0,1,2,5,6,7,8,9,10,11,12,13,14,15,21,22,23,41,42,43,44,45,47,48,49,50,51,63,64,78,79,80,117,118,119,120,121,135,137,138,139,140,141,142,143,144,145,146,147,164,165,166,167,168,169,174,175,176,178,179,180,181,182,183,184,185,186,187,188,189,190,191,249,314,315,316,317,318,319,323,
84;1;2304;2380;1;0,1,2,5,6,7,8,9,10,11,12,13,14,15,21,22,23,41,42,43,44,45,47,48,49,50,51,63,64,78,79,80,117,118,119,120,121,135,137,138,139,140,141,142,143,144,145,146,147,164,165,166,167,168,169,174,175,176,178,179,180,181,182,183,184,185,186,187,188,189,190,191,249,314,315,316,317,318,319,323,
34;0;2380;2384;1;0,1,2,5,6,7,8,9,10,11,12,13,14,15,21,22,23,41,42,43,44,45,47,48,49,50,51,63,64,78,79,80,117,118,119,120,121,135,137,138,139,140,141,142,143,144,145,146,147,164,165,166,167,168,169,174,175,176,178,179,180,181,182,183,184,185,186,187,188,189,190,191,249,314,315,316,317,318,319,323,
34;1;2384;2528;1;0,1,2,5,6,7,8,9,10,11,12,13,14,15,21,22,23,41,42,43,44,45,47,48,49,50,51,63,64,78,79,80,117,118,119,120,121,135,137,138,139,140,141,142,143,144,145,146,147,164,165,166,167,168,169,174,175,176,178,179,180,181,182,183,184,185,186,187,188,189,190,191,249,314,315,316,317,318,319,323,
211;0;2528;2572;1;0,1,2,5,6,7,8,9,10,11,12,13,14,15,21,22,23,41,42,43,44,45,47,48,49,50,51,63,64,78,79,80,117,118,119,120,121,135,137,138,139,140,141,142,143,144,145,146,147,164,165,166,167,168,169,174,175,176,178,179,180,181,182,183,184,185,186,187,188,189,190,191,249,314,315,316,317,318,319,323,
205;0;2572;2604;0;0,1,2,5,6,7,8,9,10,11,12,13,14,15,21,22,23,41,42,43,44,45,47,48,49,50,51,63,64,78,79,80,117,118,119,120,121,135,137,138,139,140,141,142,143,144,145,146,147,164,165,166,167,168,169,174,175,176,178,179,180,181,182,183,184,185,186,187,188,189,190,191,249,314,315,316,317,318,319,323,
218;0;2604;2664;0;0,1,2,5,6,7,8,9,10,11,12,13,14,15,21,22,23,41,42,43,44,45,47,48,49,50,51,63,64,78,79,80,117,118,119,120,121,135,137,138,139,140,141,142,143,144,145,146,147,164,165,166,167,168,169,174,175,176,178,179,180,181,182,183,184,185,186,187,188,189,190,191,249,314,315,316,317,318,319,323,
131;0;2664;2672;1;0,1,2,5,6,7,8,9,10,11,12,13,14,15,21,22,23,41,42,43,44,45,47,48,49,50,51,63,64,78,79,80,117,118,119,120,121,135,137,138,139,140,141,142,143,144,145,146,147,164,165,166,167,168,169,174,175,176,178,179,180,181,182,183,184,185,186,187,188,189,190,191,249,314,315,316,317,318,319,323,
233;0;2672;2831;1;0,1,2,5,6,7,8,9,10,11,12,13,14,15,21,22,23,41,42,43,44,45,47,48,49,50,51,63,64,78,79,80,117,118,119,120,121,135,137,138,139,140,141,142,143,144,145,146,147,164,165,166,167,168,169,174,175,176,178,179,180,181,182,183,184,185,186,187,188,189,190,191,249,314,315,316,317,318,319,323,
3;0;2831;2880;1;0,1,2,5,6,7,8,9,10,11,12,13,14,15,21,22,23,41,42,43,44,45,47,48,49,50,51,63,64,78,79,80,117,118,119,120,121,135,137,138,139,140,141,142,143,144,145,146,147,164,165,166,167,168,169,174,175,176,178,179,180,181,182,183,184,185,186,187,188,189,190,191,249,314,315,316,317,318,319,323,
107;0;2880;3009;1;0,1,2,5,6,7,8,9,10,11,12,13,14,15,21,22,23,41,42,43,44,45,47,48,49,50,51,63,64,78,79,80,117,118,119,120,121,135,137,138,139,140,141,142,143,144,145,146,147,164,165,166,167,168,169,174,175,176,178,179,180,181,182,183,184,185,186,187,188,189,190,191,249,314,315,316,317,318,319,323,
107;1;3009;3119;1;0,1,2,5,6,7,8,9,10,11,12,13,14,15,21,22,23,41,42,43,44,45,47,48,49,50,51,63,64,78,79,80,117,118,119,120,121,135,137,138,139,140,141,142,143,144,145,146,147,164,165,166,167,168,169,174,175,176,178,179,180,181,182,183,184,185,186,187,188,189,190,191,249,314,315,316,317,318,319,323,
156;0;3119;3185;0;0,1,2,5,6,7,8,9,10,11,12,13,14,15,21,22,23,41,42,43,44,45,47,48,49,50,51,63,64,78,79,80,117,118,119,120,121,135,137,138,139,140,141,142,143,144,145,146,147,164,165,166,167,168,169,174,175,176,178,179,180,181,182,183,184,185,186,187,188,189,190,191,249,314,315,316,317,318,319,323,
226;0;3185;3329;0;0,1,2,5,6,7,8,9,10,11,12,13,14,15,21,22,23,41,42,43,44,45,47,48,49,50,51,63,64,78,79,80,117,118,119,120,121,135,137,138,139,140,141,142,143,144,145,146,147,164,165,166,167,168,169,174,175,176,178,179,180,181,182,183,184,185,186,187,188,189,190,191,249,314,315,316,317,318,319,323,
93;0;3329;3423;1;0,1,2,5,6,7,8,9,10,11,12,13,14,15,21,22,23,41,42,43,44,45,47,48,49,50,51,63,64,78,79,80,117,118,119,120,121,135,137,138,139,140,141,142,143,144,145,146,147,164,165,166,167,168,169,174,175,176,178,179,180,181,182,183,184,185,186,187,188,189,190,191,249,314,315,316,317,318,319,323,
127;0;3423;3455;1;0,1,2,5,6,7,8,9,10,11,12,13,14,15,21,22,23,41,42,43,44,45,47,48,49,50,51,63,64,78,79,80,117,118,119,120,121,135,137,138,139,140,141,142,143,144,145,146,147,164,165,166,167,168,169,174,175,176,178,179,180,181,182,183,184,185,186,187,188,189,190,191,249,314,315,316,317,318,319,323,
127;1;3455;3535;1;0,1,2,5,6,7,8,9,10,11,12,13,14,15,21,22,23,41,42,43,44,45,47,48,49,50,51,63,64,78,79,80,117,118,119,120,121,135,137,138,139,140,141,142,143,144,145,146,147,164,165,166,167,168,169,174,175,176,178,179,180,181,182,183,184,185,186,187,188,189,190,191,249,314,315,316,317,318,319,323,
70;0;3535;3611;1;0,1,2,5,6,7,8,9,10,11,12,13,14,15,21,22,23,41,42,43,44,45,47,48,49,50,51,63,64,78,79,80,117,118,119,120,121,135,137,138,139,140,141,142,143,144,145,146,147,164,165,166,167,168,169,174,175,176,178,179,180,181,182,183,184,185,186,187,188,189,190,191,249,314,315,316,317,318,319,323,
120;0;3611;3679;1;0,1,2,5,6,7,8,9,10,11,12,13,14,15,21,22,23,41,42,43,44,45,47,48,49,50,51,63,64,78,79,80,117,118,119,120,121,135,137,138,139,140,141,142,143,144,145,146,147,164,165,166,167,168,169,174,175,176,178,179,180,181,182,183,184,185,186,187,188,189,190,191,249,314,315,316,317,318,319,323,
130;0;3679;3816;1;0,1,2,5,6,7,8,9,10,11,12,13,14,15,21,22,23,41,42,43,44,45,47,48,49,50,51,63,64,78,79,80,117,118,119,120,121,135,137,138,139,140,141,142,143,144,145,146,147,164,165,166,167,168,169,174,175,176,178,179,180,181,182,183,184,185,186,187,188,189,190,191,249,314,315,316,317,318,319,323,
30;0;3816;3824;1;0,1,2,5,6,7,8,9,10,11,12,13,14,15,21,22,23,41,42,43,44,45,47,48,49,50,51,63,64,78,79,80,117,118,119,120,121,135,137,138,139,140,141,142,143,144,145,146,147,164,165,166,167,168,169,174,175,176,178,179,180,181,182,183,184,185,186,187,188,189,190,191,249,314,315,316,317,318,319,323,
124;0;3824;3984;1;0,1,2,5,6,7,8,9,10,11,12,13,14,15,21,22,23,41,42,43,44,45,47,48,49,50,51,63,64,78,79,80,117,118,119,120,121,135,137,138,139,140,141,142,143,144,145,146,147,164,165,166,167,168,169,174,175,176,178,179,180,181,182,183,184,185,186,187,188,189,190,191,249,314,315,316,317,318,319,323,
124;1;3984;4028;1;0,1,2,5,6,7,8,9,10,11,12,13,14,15,21,22,23,41,42,43,44,45,47,48,49,50,51,63,64,78,79,80,117,118,119,120,121,135,137,138,139,140,141,142,143,144,145,146,147,164,165,166,167,168,169,174,175,176,178,179,180,181,182,183,184,185,186,187,188,189,190,191,249,314,315,316,317,318,319,323,
53;0;4028;4046;1;0,1,2,5,6,7,8,9,10,11,12,13,14,15,21,22,23,41,42,43,44,45,47,48,49,50,51,63,64,78,79,80,117,118,119,120,121,135,137,138,139,140,141,142,143,144,145,146,147,164,165,166,167,168,169,174,175,176,178,179,180,181,182,183,184,185,186,187,188,189,190,191,249,314,315,316,317,318,319,323,
24;0;4046;4165;1;0,1,2,5,6,7,8,9,10,11,12,13,14,15,21,22,23,41,42,43,44,45,47,48,49,50,51,63,64,78,79,80,117,118,119,120,121,135,137,138,139,140,141,142,143,144,145,146,147,164,165,166,167,168,169,174,175,176,178,179,180,181,182,183,184,185,186,187,188,189,190,191,249,314,315,316,317,318,319,323,
24;1;4165;4233;1;0,1,2,5,6,7,8,9,10,11,12,13,14,15,21,22,23,41,42,43,44,45,47,48,49,50,51,63,64,78,79,80,117,118,119,120,121,135,137,138,139,140,141,142,143,144,145,146,147,164,165,166,167,168,169,174,175,176,178,179,180,181,182,183,184,185,186,187,188,189,190,191,249,314,315,316,317,318,319,323,
41;0;4233;4277;1;0,1,2,5,6,7,8,9,10,11,12,13,14,15,21,22,23,41,42,43,44,45,47,48,49,50,51,63,64,78,79,80,117,118,119,120,121,135,137,138,139,140,141,142,143,144,145,146,147,164,165,166,167,168,169,174,175,176,178,179,180,181,182,183,184,185,186,187,188,189,190,191,249,314,315,316,317,318,319,323,
33;0;4277;4440;1;0,1,2,5,6,7,8,9,10,11,12,13,14,15,21,22,23,41,42,43,44,45,47,48,49,50,51,63,64,78,79,80,117,118,119,120,121,135,137,138,139,140,141,142,143,144,145,146,147,164,165,166,167,168,169,174,175,176,178,179,180,181,182,183,184,185,186,187,188,189,190,191,249,314,315,316,317,318,319,323,
9;0;4440;4524;0;0,1,2,5,6,7,8,9,10,11,12,13,14,15,21,22,23,41,42,43,44,45,47,48,49,50,51,63,64,78,79,80,117,118,119,120,121,135,137,138,139,140,141,142,143,144,145,146,147,164,165,166,167,168,169,174,175,176,178,179,180,181,182,183,184,185,186,187,188,189,190,191,249,314,315,316,317,318,319,323,
9;1;4524;4584;0;0,1,2,5,6,7,8,9,10,11,12,13,14,15,21,22,23,41,42,43,44,45,47,48,49,50,51,63,64,78,79,80,117,118,119,120,121,135,137,138,139,140,141,142,143,144,145,146,147,164,165,166,167,168,169,174,175,176,178,179,180,181,182,183,184,185,186,187,188,189,190,191,249,314,315,316,317,318,319,323,
END
fineshedJobsCount: 339
switchs: 9
switchsInstances: 1
unfineshedPriorityCount: 0
totalUnfineshed: 0
criticalMachineSwitchs: 0
criticalMachineTime: 6054
Final Solution: 10151
Time: 469461
PTL: 483
MCMC: 217
Best Initial: 9570
Mean Initial: 9433.36
