./input/BaseInstances/6M1_n=1201,r=0.6,t=1525,v0.txt;./input/Processed/ToolSetInt.csv
7;720;1440
Machine: 0
594;0;0;32;1;32,43,122,129,131,132,134,135,139,140,185,186,252,269,315,317,318,325,327,332,336,341,345,346,347,360,382,408,410,412,422,520,566,599,626,639,723,763,928,931,967,1028,1088,1269,1270,1271,1272,1273,1274,1275,1276,1277,1278,1279,1280,1281,1282,1283,1284,1285,1286,1287,1288,1289,1290,1291,1292,1293,1294,1295,1296,1297,1298,1299,1300,1458,1459,1460,1461,1462,
594;1;32;188;1;32,43,122,129,131,132,134,135,139,140,185,186,252,269,315,317,318,325,327,332,336,341,345,346,347,360,382,408,410,412,422,520,566,599,626,639,723,763,928,931,967,1028,1088,1269,1270,1271,1272,1273,1274,1275,1276,1277,1278,1279,1280,1281,1282,1283,1284,1285,1286,1287,1288,1289,1290,1291,1292,1293,1294,1295,1296,1297,1298,1299,1300,1458,1459,1460,1461,1462,
541;0;188;289;1;32,43,122,129,131,132,134,135,139,140,185,186,252,269,315,317,318,325,327,332,336,341,345,346,347,360,382,408,410,412,422,520,566,599,626,639,723,763,928,931,967,1028,1088,1269,1270,1271,1272,1273,1274,1275,1276,1277,1278,1279,1280,1281,1282,1283,1284,1285,1286,1287,1288,1289,1290,1291,1292,1293,1294,1295,1296,1297,1298,1299,1300,1458,1459,1460,1461,1462,
541;1;289;376;1;32,43,122,129,131,132,134,135,139,140,185,186,252,269,315,317,318,325,327,332,336,341,345,346,347,360,382,408,410,412,422,520,566,599,626,639,723,763,928,931,967,1028,1088,1269,1270,1271,1272,1273,1274,1275,1276,1277,1278,1279,1280,1281,1282,1283,1284,1285,1286,1287,1288,1289,1290,1291,1292,1293,1294,1295,1296,1297,1298,1299,1300,1458,1459,1460,1461,1462,
216;0;376;540;1;32,43,122,129,131,132,134,135,139,140,185,186,252,269,315,317,318,325,327,332,336,341,345,346,347,360,382,408,410,412,422,520,566,599,626,639,723,763,928,931,967,1028,1088,1269,1270,1271,1272,1273,1274,1275,1276,1277,1278,1279,1280,1281,1282,1283,1284,1285,1286,1287,1288,1289,1290,1291,1292,1293,1294,1295,1296,1297,1298,1299,1300,1458,1459,1460,1461,1462,
216;1;540;710;1;32,43,122,129,131,132,134,135,139,140,185,186,252,269,315,317,318,325,327,332,336,341,345,346,347,360,382,408,410,412,422,520,566,599,626,639,723,763,928,931,967,1028,1088,1269,1270,1271,1272,1273,1274,1275,1276,1277,1278,1279,1280,1281,1282,1283,1284,1285,1286,1287,1288,1289,1290,1291,1292,1293,1294,1295,1296,1297,1298,1299,1300,1458,1459,1460,1461,1462,
656;0;710;829;1;0,1,2,5,32,43,122,123,124,125,126,127,128,129,130,131,132,133,134,135,136,137,138,139,140,141,186,252,304,316,320,327,332,345,346,347,358,366,369,370,382,408,412,434,456,519,566,617,618,619,620,621,622,623,624,625,626,627,628,629,630,631,632,633,634,635,636,637,638,639,640,641,642,643,644,645,646,647,648,649,
656;1;829;889;1;0,1,2,5,32,43,122,123,124,125,126,127,128,129,130,131,132,133,134,135,136,137,138,139,140,141,186,252,304,316,320,327,332,345,346,347,358,366,369,370,382,408,412,434,456,519,566,617,618,619,620,621,622,623,624,625,626,627,628,629,630,631,632,633,634,635,636,637,638,639,640,641,642,643,644,645,646,647,648,649,
9;0;889;969;1;0,1,2,5,32,43,122,123,124,125,126,127,128,129,130,131,132,133,134,135,136,137,138,139,140,141,186,252,304,316,320,327,332,345,346,347,358,366,369,370,382,408,412,434,456,519,566,617,618,619,620,621,622,623,624,625,626,627,628,629,630,631,632,633,634,635,636,637,638,639,640,641,642,643,644,645,646,647,648,649,
9;1;969;1032;1;0,1,2,5,32,43,122,123,124,125,126,127,128,129,130,131,132,133,134,135,136,137,138,139,140,141,186,252,304,316,320,327,332,345,346,347,358,366,369,370,382,408,412,434,456,519,566,617,618,619,620,621,622,623,624,625,626,627,628,629,630,631,632,633,634,635,636,637,638,639,640,641,642,643,644,645,646,647,648,649,
639;0;1032;1087;1;0,1,2,5,32,43,122,123,124,125,126,127,128,129,130,131,132,133,134,135,136,137,138,139,140,141,186,252,304,316,320,327,332,345,346,347,358,366,369,370,382,408,412,434,456,519,566,617,618,619,620,621,622,623,624,625,626,627,628,629,630,631,632,633,634,635,636,637,638,639,640,641,642,643,644,645,646,647,648,649,
639;1;1087;1196;1;0,1,2,5,32,43,122,123,124,125,126,127,128,129,130,131,132,133,134,135,136,137,138,139,140,141,186,252,304,316,320,327,332,345,346,347,358,366,369,370,382,408,412,434,456,519,566,617,618,619,620,621,622,623,624,625,626,627,628,629,630,631,632,633,634,635,636,637,638,639,640,641,642,643,644,645,646,647,648,649,
579;0;1196;1295;1;0,1,2,5,32,43,122,123,124,125,126,127,128,129,130,131,132,133,134,135,136,137,138,139,140,141,186,252,304,316,320,327,332,345,346,347,358,366,369,370,382,408,412,434,456,519,566,617,618,619,620,621,622,623,624,625,626,627,628,629,630,631,632,633,634,635,636,637,638,639,640,641,642,643,644,645,646,647,648,649,
579;1;1295;1465;1;0,1,2,5,32,43,122,123,124,125,126,127,128,129,130,131,132,133,134,135,136,137,138,139,140,141,186,252,304,316,320,327,332,345,346,347,358,366,369,370,382,408,412,434,456,519,566,617,618,619,620,621,622,623,624,625,626,627,628,629,630,631,632,633,634,635,636,637,638,639,640,641,642,643,644,645,646,647,648,649,
631;0;1465;1545;1;0,1,2,5,32,43,122,123,124,125,126,127,128,129,130,131,132,133,134,135,136,137,138,139,140,141,186,252,304,316,320,327,332,345,346,347,358,366,369,370,382,408,412,434,456,519,566,617,618,619,620,621,622,623,624,625,626,627,628,629,630,631,632,633,634,635,636,637,638,639,640,641,642,643,644,645,646,647,648,649,
631;1;1545;1605;1;0,1,2,5,32,43,122,123,124,125,126,127,128,129,130,131,132,133,134,135,136,137,138,139,140,141,186,252,304,316,320,327,332,345,346,347,358,366,369,370,382,408,412,434,456,519,566,617,618,619,620,621,622,623,624,625,626,627,628,629,630,631,632,633,634,635,636,637,638,639,640,641,642,643,644,645,646,647,648,649,
179;0;1605;1716;1;0,1,2,3,5,32,43,92,122,123,124,125,126,127,128,129,130,132,133,134,135,136,138,140,186,230,252,272,282,286,304,316,320,327,332,345,346,347,358,366,369,370,382,408,412,434,456,519,566,617,621,622,625,626,627,636,639,646,649,696,1011,1126,1127,1128,1129,1130,1131,1132,1133,1134,1135,1136,1137,1138,1139,1140,1141,1142,1143,1144,
179;1;1716;1864;1;0,1,2,3,5,32,43,92,122,123,124,125,126,127,128,129,130,132,133,134,135,136,138,140,186,230,252,272,282,286,304,316,320,327,332,345,346,347,358,366,369,370,382,408,412,434,456,519,566,617,621,622,625,626,627,636,639,646,649,696,1011,1126,1127,1128,1129,1130,1131,1132,1133,1134,1135,1136,1137,1138,1139,1140,1141,1142,1143,1144,
344;0;1864;1983;1;0,1,2,3,5,32,43,92,122,123,124,125,126,127,128,129,130,132,133,134,135,136,138,140,186,230,252,272,282,286,304,316,320,327,332,345,346,347,358,366,369,370,382,408,412,434,456,519,566,617,621,622,625,626,627,636,639,646,649,696,1011,1126,1127,1128,1129,1130,1131,1132,1133,1134,1135,1136,1137,1138,1139,1140,1141,1142,1143,1144,
344;1;1983;2092;1;0,1,2,3,5,32,43,92,122,123,124,125,126,127,128,129,130,132,133,134,135,136,138,140,186,230,252,272,282,286,304,316,320,327,332,345,346,347,358,366,369,370,382,408,412,434,456,519,566,617,621,622,625,626,627,636,639,646,649,696,1011,1126,1127,1128,1129,1130,1131,1132,1133,1134,1135,1136,1137,1138,1139,1140,1141,1142,1143,1144,
413;0;2092;2131;0;0,1,2,3,5,32,38,45,92,132,135,136,138,140,186,230,272,282,286,304,316,327,332,346,347,352,366,368,369,370,382,383,384,390,412,519,546,554,617,636,696,704,705,706,707,708,709,710,711,712,713,714,715,716,717,718,719,720,721,1011,1126,1127,1128,1129,1130,1131,1132,1133,1134,1135,1136,1137,1138,1139,1140,1141,1142,1143,1144,1145,
413;1;2131;2164;0;0,1,2,3,5,32,38,45,92,132,135,136,138,140,186,230,272,282,286,304,316,327,332,346,347,352,366,368,369,370,382,383,384,390,412,519,546,554,617,636,696,704,705,706,707,708,709,710,711,712,713,714,715,716,717,718,719,720,721,1011,1126,1127,1128,1129,1130,1131,1132,1133,1134,1135,1136,1137,1138,1139,1140,1141,1142,1143,1144,1145,
293;0;2164;2293;0;0,1,2,3,5,32,38,45,92,132,135,136,138,140,186,230,272,282,286,304,316,327,332,346,347,352,366,368,369,370,382,383,384,390,412,519,546,554,617,636,696,704,705,706,707,708,709,710,711,712,713,714,715,716,717,718,719,720,721,1011,1126,1127,1128,1129,1130,1131,1132,1133,1134,1135,1136,1137,1138,1139,1140,1141,1142,1143,1144,1145,
293;1;2293;2314;0;0,1,2,3,5,32,38,45,92,132,135,136,138,140,186,230,272,282,286,304,316,327,332,346,347,352,366,368,369,370,382,383,384,390,412,519,546,554,617,636,696,704,705,706,707,708,709,710,711,712,713,714,715,716,717,718,719,720,721,1011,1126,1127,1128,1129,1130,1131,1132,1133,1134,1135,1136,1137,1138,1139,1140,1141,1142,1143,1144,1145,
574;0;2314;2364;1;0,1,2,3,5,32,38,45,92,132,135,136,138,140,186,230,272,282,286,304,316,327,332,346,347,352,366,368,369,370,382,383,384,390,412,519,546,554,617,636,696,704,705,706,707,708,709,710,711,712,713,714,715,716,717,718,719,720,721,1011,1126,1127,1128,1129,1130,1131,1132,1133,1134,1135,1136,1137,1138,1139,1140,1141,1142,1143,1144,1145,
574;1;2364;2512;1;0,1,2,3,5,32,38,45,92,132,135,136,138,140,186,230,272,282,286,304,316,327,332,346,347,352,366,368,369,370,382,383,384,390,412,519,546,554,617,636,696,704,705,706,707,708,709,710,711,712,713,714,715,716,717,718,719,720,721,1011,1126,1127,1128,1129,1130,1131,1132,1133,1134,1135,1136,1137,1138,1139,1140,1141,1142,1143,1144,1145,
206;0;2512;2545;1;0,1,2,3,5,32,38,45,92,132,135,136,138,140,186,230,272,282,286,304,316,327,332,346,347,352,366,368,369,370,382,383,384,390,412,519,546,554,617,636,696,704,705,706,707,708,709,710,711,712,713,714,715,716,717,718,719,720,721,1011,1126,1127,1128,1129,1130,1131,1132,1133,1134,1135,1136,1137,1138,1139,1140,1141,1142,1143,1144,1145,
206;1;2545;2693;1;0,1,2,3,5,32,38,45,92,132,135,136,138,140,186,230,272,282,286,304,316,327,332,346,347,352,366,368,369,370,382,383,384,390,412,519,546,554,617,636,696,704,705,706,707,708,709,710,711,712,713,714,715,716,717,718,719,720,721,1011,1126,1127,1128,1129,1130,1131,1132,1133,1134,1135,1136,1137,1138,1139,1140,1141,1142,1143,1144,1145,
641;0;2693;2759;1;0,1,2,3,5,32,38,45,92,132,135,136,138,140,186,230,272,282,286,304,316,327,332,346,347,352,366,368,369,370,382,383,384,390,412,519,546,554,617,636,696,704,705,706,707,708,709,710,711,712,713,714,715,716,717,718,719,720,721,1011,1126,1127,1128,1129,1130,1131,1132,1133,1134,1135,1136,1137,1138,1139,1140,1141,1142,1143,1144,1145,
641;1;2759;2907;1;0,1,2,3,5,32,38,45,92,132,135,136,138,140,186,230,272,282,286,304,316,327,332,346,347,352,366,368,369,370,382,383,384,390,412,519,546,554,617,636,696,704,705,706,707,708,709,710,711,712,713,714,715,716,717,718,719,720,721,1011,1126,1127,1128,1129,1130,1131,1132,1133,1134,1135,1136,1137,1138,1139,1140,1141,1142,1143,1144,1145,
168;0;2907;3032;0;0,1,2,3,5,32,38,45,92,132,135,136,138,140,186,230,272,282,286,304,316,327,332,346,347,352,366,368,369,370,382,383,384,390,412,519,546,554,617,636,696,704,705,706,707,708,709,710,711,712,713,714,715,716,717,718,719,720,721,1011,1126,1127,1128,1129,1130,1131,1132,1133,1134,1135,1136,1137,1138,1139,1140,1141,1142,1143,1144,1145,
168;1;3032;3065;0;0,1,2,3,5,32,38,45,92,132,135,136,138,140,186,230,272,282,286,304,316,327,332,346,347,352,366,368,369,370,382,383,384,390,412,519,546,554,617,636,696,704,705,706,707,708,709,710,711,712,713,714,715,716,717,718,719,720,721,1011,1126,1127,1128,1129,1130,1131,1132,1133,1134,1135,1136,1137,1138,1139,1140,1141,1142,1143,1144,1145,
281;0;3065;3155;1;0,1,2,3,5,32,38,45,92,132,135,136,138,140,186,230,272,282,286,304,316,327,332,346,347,352,366,368,369,370,382,383,384,390,412,519,546,554,617,636,696,704,705,706,707,708,709,710,711,712,713,714,715,716,717,718,719,720,721,1011,1126,1127,1128,1129,1130,1131,1132,1133,1134,1135,1136,1137,1138,1139,1140,1141,1142,1143,1144,1145,
281;1;3155;3303;1;0,1,2,3,5,32,38,45,92,132,135,136,138,140,186,230,272,282,286,304,316,327,332,346,347,352,366,368,369,370,382,383,384,390,412,519,546,554,617,636,696,704,705,706,707,708,709,710,711,712,713,714,715,716,717,718,719,720,721,1011,1126,1127,1128,1129,1130,1131,1132,1133,1134,1135,1136,1137,1138,1139,1140,1141,1142,1143,1144,1145,
736;0;3303;3460;1;0,1,2,3,5,32,38,45,92,132,135,136,138,140,186,230,272,282,286,304,316,327,332,346,347,352,366,368,369,370,382,383,384,390,412,519,546,554,617,636,696,704,705,706,707,708,709,710,711,712,713,714,715,716,717,718,719,720,721,1011,1126,1127,1128,1129,1130,1131,1132,1133,1134,1135,1136,1137,1138,1139,1140,1141,1142,1143,1144,1145,
736;1;3460;3544;1;0,1,2,3,5,32,38,45,92,132,135,136,138,140,186,230,272,282,286,304,316,327,332,346,347,352,366,368,369,370,382,383,384,390,412,519,546,554,617,636,696,704,705,706,707,708,709,710,711,712,713,714,715,716,717,718,719,720,721,1011,1126,1127,1128,1129,1130,1131,1132,1133,1134,1135,1136,1137,1138,1139,1140,1141,1142,1143,1144,1145,
126;0;3544;3696;1;0,1,2,3,5,25,32,34,38,45,65,132,135,136,138,186,254,256,258,261,332,346,347,369,370,382,390,412,478,506,518,519,520,521,522,523,524,525,526,527,528,529,530,531,532,533,534,535,536,537,538,543,545,617,636,829,960,961,993,994,995,996,997,998,999,1000,1001,1125,1145,1147,1218,1219,1220,1221,1222,1223,1224,1225,1226,1508,
126;1;3696;3730;1;0,1,2,3,5,25,32,34,38,45,65,132,135,136,138,186,254,256,258,261,332,346,347,369,370,382,390,412,478,506,518,519,520,521,522,523,524,525,526,527,528,529,530,531,532,533,534,535,536,537,538,543,545,617,636,829,960,961,993,994,995,996,997,998,999,1000,1001,1125,1145,1147,1218,1219,1220,1221,1222,1223,1224,1225,1226,1508,
389;0;3730;3894;1;0,1,2,3,5,25,32,34,38,45,65,132,135,136,138,186,254,256,258,261,332,346,347,369,370,382,390,412,478,506,518,519,520,521,522,523,524,525,526,527,528,529,530,531,532,533,534,535,536,537,538,543,545,617,636,829,960,961,993,994,995,996,997,998,999,1000,1001,1125,1145,1147,1218,1219,1220,1221,1222,1223,1224,1225,1226,1508,
389;1;3894;3915;1;0,1,2,3,5,25,32,34,38,45,65,132,135,136,138,186,254,256,258,261,332,346,347,369,370,382,390,412,478,506,518,519,520,521,522,523,524,525,526,527,528,529,530,531,532,533,534,535,536,537,538,543,545,617,636,829,960,961,993,994,995,996,997,998,999,1000,1001,1125,1145,1147,1218,1219,1220,1221,1222,1223,1224,1225,1226,1508,
148;0;3915;3929;0;0,1,2,3,5,25,32,34,38,45,65,132,135,136,138,186,254,256,258,261,332,346,347,369,370,382,390,412,478,506,518,519,520,521,522,523,524,525,526,527,528,529,530,531,532,533,534,535,536,537,538,543,545,617,636,829,960,961,993,994,995,996,997,998,999,1000,1001,1125,1145,1147,1218,1219,1220,1221,1222,1223,1224,1225,1226,1508,
148;1;3929;3968;0;0,1,2,3,5,25,32,34,38,45,65,132,135,136,138,186,254,256,258,261,332,346,347,369,370,382,390,412,478,506,518,519,520,521,522,523,524,525,526,527,528,529,530,531,532,533,534,535,536,537,538,543,545,617,636,829,960,961,993,994,995,996,997,998,999,1000,1001,1125,1145,1147,1218,1219,1220,1221,1222,1223,1224,1225,1226,1508,
486;0;3968;4027;1;0,1,2,3,5,25,32,34,38,45,65,132,135,136,138,186,254,256,258,261,332,346,347,369,370,382,390,412,478,506,518,519,520,521,522,523,524,525,526,527,528,529,530,531,532,533,534,535,536,537,538,543,545,617,636,829,960,961,993,994,995,996,997,998,999,1000,1001,1125,1145,1147,1218,1219,1220,1221,1222,1223,1224,1225,1226,1508,
486;1;4027;4114;1;0,1,2,3,5,25,32,34,38,45,65,132,135,136,138,186,254,256,258,261,332,346,347,369,370,382,390,412,478,506,518,519,520,521,522,523,524,525,526,527,528,529,530,531,532,533,534,535,536,537,538,543,545,617,636,829,960,961,993,994,995,996,997,998,999,1000,1001,1125,1145,1147,1218,1219,1220,1221,1222,1223,1224,1225,1226,1508,
703;0;4114;4258;0;0,1,2,3,5,25,32,34,38,45,65,132,135,136,138,186,254,256,258,261,332,346,347,369,370,382,390,412,478,506,518,519,520,521,522,523,524,525,526,527,528,529,530,531,532,533,534,535,536,537,538,543,545,617,636,829,960,961,993,994,995,996,997,998,999,1000,1001,1125,1145,1147,1218,1219,1220,1221,1222,1223,1224,1225,1226,1508,
703;1;4258;4318;0;0,1,2,3,5,25,32,34,38,45,65,132,135,136,138,186,254,256,258,261,332,346,347,369,370,382,390,412,478,506,518,519,520,521,522,523,524,525,526,527,528,529,530,531,532,533,534,535,536,537,538,543,545,617,636,829,960,961,993,994,995,996,997,998,999,1000,1001,1125,1145,1147,1218,1219,1220,1221,1222,1223,1224,1225,1226,1508,
744;0;4318;4352;1;0,1,2,3,5,25,32,34,38,45,65,132,135,136,138,186,254,256,258,261,332,346,347,369,370,382,390,412,478,506,518,519,520,521,522,523,524,525,526,527,528,529,530,531,532,533,534,535,536,537,538,543,545,617,636,829,960,961,993,994,995,996,997,998,999,1000,1001,1125,1145,1147,1218,1219,1220,1221,1222,1223,1224,1225,1226,1508,
744;1;4352;4439;1;0,1,2,3,5,25,32,34,38,45,65,132,135,136,138,186,254,256,258,261,332,346,347,369,370,382,390,412,478,506,518,519,520,521,522,523,524,525,526,527,528,529,530,531,532,533,534,535,536,537,538,543,545,617,636,829,960,961,993,994,995,996,997,998,999,1000,1001,1125,1145,1147,1218,1219,1220,1221,1222,1223,1224,1225,1226,1508,
369;0;4439;4490;1;0,1,2,3,5,25,32,34,38,45,65,132,135,136,138,186,254,256,258,261,332,346,347,369,370,382,390,412,478,506,518,519,520,521,522,523,524,525,526,527,528,529,530,531,532,533,534,535,536,537,538,543,545,617,636,829,960,961,993,994,995,996,997,998,999,1000,1001,1125,1145,1147,1218,1219,1220,1221,1222,1223,1224,1225,1226,1508,
369;1;4490;4529;1;0,1,2,3,5,25,32,34,38,45,65,132,135,136,138,186,254,256,258,261,332,346,347,369,370,382,390,412,478,506,518,519,520,521,522,523,524,525,526,527,528,529,530,531,532,533,534,535,536,537,538,543,545,617,636,829,960,961,993,994,995,996,997,998,999,1000,1001,1125,1145,1147,1218,1219,1220,1221,1222,1223,1224,1225,1226,1508,
349;0;4529;4658;1;0,1,2,3,5,25,32,34,38,45,65,132,135,136,138,186,254,256,258,261,332,346,347,369,370,382,390,412,478,506,518,519,520,521,522,523,524,525,526,527,528,529,530,531,532,533,534,535,536,537,538,543,545,617,636,829,960,961,993,994,995,996,997,998,999,1000,1001,1125,1145,1147,1218,1219,1220,1221,1222,1223,1224,1225,1226,1508,
349;1;4658;4767;1;0,1,2,3,5,25,32,34,38,45,65,132,135,136,138,186,254,256,258,261,332,346,347,369,370,382,390,412,478,506,518,519,520,521,522,523,524,525,526,527,528,529,530,531,532,533,534,535,536,537,538,543,545,617,636,829,960,961,993,994,995,996,997,998,999,1000,1001,1125,1145,1147,1218,1219,1220,1221,1222,1223,1224,1225,1226,1508,
591;0;4767;4823;1;0,1,2,3,5,25,32,34,38,45,65,132,135,136,138,186,254,256,258,261,332,346,347,369,370,382,390,412,478,506,518,519,520,521,522,523,524,525,526,527,528,529,530,531,532,533,534,535,536,537,538,543,545,617,636,829,960,961,993,994,995,996,997,998,999,1000,1218,1219,1220,1221,1222,1223,1224,1225,1226,1453,1454,1455,1456,1457,
591;1;4823;4989;1;0,1,2,3,5,25,32,34,38,45,65,132,135,136,138,186,254,256,258,261,332,346,347,369,370,382,390,412,478,506,518,519,520,521,522,523,524,525,526,527,528,529,530,531,532,533,534,535,536,537,538,543,545,617,636,829,960,961,993,994,995,996,997,998,999,1000,1218,1219,1220,1221,1222,1223,1224,1225,1226,1453,1454,1455,1456,1457,
44;0;4989;5000;1;0,1,2,3,5,25,32,34,38,45,65,132,135,136,138,186,254,256,258,261,332,346,347,369,370,382,390,412,478,506,518,519,520,521,522,523,524,525,526,527,528,529,530,531,532,533,534,535,536,537,538,543,545,617,636,829,960,961,993,994,995,996,997,998,999,1000,1218,1219,1220,1221,1222,1223,1224,1225,1226,1453,1454,1455,1456,1457,
44;1;5000;5039;1;0,1,2,3,5,25,32,34,38,45,65,132,135,136,138,186,254,256,258,261,332,346,347,369,370,382,390,412,478,506,518,519,520,521,522,523,524,525,526,527,528,529,530,531,532,533,534,535,536,537,538,543,545,617,636,829,960,961,993,994,995,996,997,998,999,1000,1218,1219,1220,1221,1222,1223,1224,1225,1226,1453,1454,1455,1456,1457,
694;0;5039;5182;1;0,1,2,3,4,5,6,7,8,9,10,11,12,13,14,15,16,25,32,38,65,70,71,91,94,95,96,97,98,99,100,101,102,103,104,105,106,138,147,148,186,229,254,299,342,346,347,402,403,428,527,543,617,728,753,754,755,756,757,758,759,760,821,943,960,961,962,963,964,1153,1154,1218,1219,1220,1221,1222,1223,1224,1225,1226,
694;1;5182;5287;1;0,1,2,3,4,5,6,7,8,9,10,11,12,13,14,15,16,25,32,38,65,70,71,91,94,95,96,97,98,99,100,101,102,103,104,105,106,138,147,148,186,229,254,299,342,346,347,402,403,428,527,543,617,728,753,754,755,756,757,758,759,760,821,943,960,961,962,963,964,1153,1154,1218,1219,1220,1221,1222,1223,1224,1225,1226,
123;0;5287;5360;0;0,1,2,3,4,5,6,7,8,9,10,11,12,13,14,15,16,25,32,38,65,70,71,91,94,95,96,97,98,99,100,101,102,103,104,105,106,138,147,148,186,229,254,299,342,346,347,402,403,428,527,543,617,728,753,754,755,756,757,758,759,760,821,943,960,961,962,963,964,1153,1154,1218,1219,1220,1221,1222,1223,1224,1225,1226,
123;1;5360;5415;0;0,1,2,3,4,5,6,7,8,9,10,11,12,13,14,15,16,25,32,38,65,70,71,91,94,95,96,97,98,99,100,101,102,103,104,105,106,138,147,148,186,229,254,299,342,346,347,402,403,428,527,543,617,728,753,754,755,756,757,758,759,760,821,943,960,961,962,963,964,1153,1154,1218,1219,1220,1221,1222,1223,1224,1225,1226,
374;0;5415;5441;1;0,1,2,3,4,5,6,7,8,9,10,11,12,13,14,15,16,25,32,38,65,70,71,91,94,95,96,97,98,99,100,101,102,103,104,105,106,138,147,148,186,229,254,299,342,346,347,402,403,428,527,543,617,728,753,754,755,756,757,758,759,760,821,943,960,961,962,963,964,1153,1154,1218,1219,1220,1221,1222,1223,1224,1225,1226,
374;1;5441;5501;1;0,1,2,3,4,5,6,7,8,9,10,11,12,13,14,15,16,25,32,38,65,70,71,91,94,95,96,97,98,99,100,101,102,103,104,105,106,138,147,148,186,229,254,299,342,346,347,402,403,428,527,543,617,728,753,754,755,756,757,758,759,760,821,943,960,961,962,963,964,1153,1154,1218,1219,1220,1221,1222,1223,1224,1225,1226,
471;0;5501;5506;1;0,1,2,3,4,5,6,7,8,9,10,11,12,13,14,15,16,25,32,38,65,70,71,91,94,95,96,97,98,99,100,101,102,103,104,105,106,138,147,148,186,229,254,299,342,346,347,402,403,428,527,543,617,728,753,754,755,756,757,758,759,760,821,943,960,961,962,963,964,1153,1154,1218,1219,1220,1221,1222,1223,1224,1225,1226,
471;1;5506;5583;1;0,1,2,3,4,5,6,7,8,9,10,11,12,13,14,15,16,25,32,38,65,70,71,91,94,95,96,97,98,99,100,101,102,103,104,105,106,138,147,148,186,229,254,299,342,346,347,402,403,428,527,543,617,728,753,754,755,756,757,758,759,760,821,943,960,961,962,963,964,1153,1154,1218,1219,1220,1221,1222,1223,1224,1225,1226,
532;0;5583;5604;0;0,1,2,3,4,5,6,7,8,9,10,11,12,13,14,15,16,25,32,38,65,70,71,91,94,95,96,97,98,99,100,101,102,103,104,105,106,138,147,148,186,229,254,299,342,346,347,402,403,428,527,543,617,728,753,754,755,756,757,758,759,760,821,943,960,961,962,963,964,1153,1154,1218,1219,1220,1221,1222,1223,1224,1225,1226,
0;0;5604;5779;1;0,1,2,3,4,5,6,7,8,9,10,11,12,13,14,15,16,25,32,38,65,70,71,91,94,95,96,97,98,99,100,101,102,103,104,105,106,138,147,148,186,229,254,299,342,346,347,402,403,428,527,543,617,728,753,754,755,756,757,758,759,760,821,943,960,961,962,963,964,1153,1154,1218,1219,1220,1221,1222,1223,1224,1225,1226,
0;1;5779;5834;1;0,1,2,3,4,5,6,7,8,9,10,11,12,13,14,15,16,25,32,38,65,70,71,91,94,95,96,97,98,99,100,101,102,103,104,105,106,138,147,148,186,229,254,299,342,346,347,402,403,428,527,543,617,728,753,754,755,756,757,758,759,760,821,943,960,961,962,963,964,1153,1154,1218,1219,1220,1221,1222,1223,1224,1225,1226,
469;0;5834;5895;1;0,1,2,3,4,5,6,7,8,9,10,11,12,13,14,15,16,25,32,38,65,70,71,91,94,95,96,97,98,99,100,101,102,103,104,105,106,138,147,148,186,229,254,299,342,346,347,402,403,428,527,543,617,728,753,754,755,756,757,758,759,760,821,943,960,961,962,963,964,1153,1154,1218,1219,1220,1221,1222,1223,1224,1225,1226,
469;1;5895;6039;1;0,1,2,3,4,5,6,7,8,9,10,11,12,13,14,15,16,25,32,38,65,70,71,91,94,95,96,97,98,99,100,101,102,103,104,105,106,138,147,148,186,229,254,299,342,346,347,402,403,428,527,543,617,728,753,754,755,756,757,758,759,760,821,943,960,961,962,963,964,1153,1154,1218,1219,1220,1221,1222,1223,1224,1225,1226,
359;0;6039;6122;1;0,1,2,3,4,5,6,7,8,9,10,11,12,13,14,15,16,25,32,38,65,70,71,91,94,95,96,97,98,99,100,101,102,103,104,105,106,138,147,148,186,229,254,299,342,346,347,402,403,428,527,543,617,728,753,754,755,756,757,758,759,760,821,943,960,961,962,963,964,1153,1154,1218,1219,1220,1221,1222,1223,1224,1225,1226,
359;1;6122;6245;1;0,1,2,3,4,5,6,7,8,9,10,11,12,13,14,15,16,25,32,38,65,70,71,91,94,95,96,97,98,99,100,101,102,103,104,105,106,138,147,148,186,229,254,299,342,346,347,402,403,428,527,543,617,728,753,754,755,756,757,758,759,760,821,943,960,961,962,963,964,1153,1154,1218,1219,1220,1221,1222,1223,1224,1225,1226,
534;0;6245;6396;1;0,1,2,3,4,5,6,7,8,9,10,11,12,13,14,15,16,25,32,38,44,54,65,70,71,87,91,94,95,96,97,98,99,100,101,102,103,104,105,106,112,113,114,115,116,117,118,119,120,121,138,147,148,186,229,254,299,342,346,347,402,403,428,527,543,617,728,753,754,755,756,757,758,759,760,821,943,961,1153,1154,
534;1;6396;6426;1;0,1,2,3,4,5,6,7,8,9,10,11,12,13,14,15,16,25,32,38,44,54,65,70,71,87,91,94,95,96,97,98,99,100,101,102,103,104,105,106,112,113,114,115,116,117,118,119,120,121,138,147,148,186,229,254,299,342,346,347,402,403,428,527,543,617,728,753,754,755,756,757,758,759,760,821,943,961,1153,1154,
336;0;6426;6520;1;17,25,32,38,56,70,71,72,78,91,92,94,95,96,97,98,99,100,101,102,103,104,105,106,110,119,142,143,144,145,146,147,148,254,304,316,352,366,368,423,424,425,527,543,546,554,656,657,658,659,704,705,706,707,708,709,710,711,712,713,714,715,716,717,718,719,720,721,753,754,755,756,757,758,759,760,1166,1167,1168,1169,
336;1;6520;6553;1;17,25,32,38,56,70,71,72,78,91,92,94,95,96,97,98,99,100,101,102,103,104,105,106,110,119,142,143,144,145,146,147,148,254,304,316,352,366,368,423,424,425,527,543,546,554,656,657,658,659,704,705,706,707,708,709,710,711,712,713,714,715,716,717,718,719,720,721,753,754,755,756,757,758,759,760,1166,1167,1168,1169,
554;0;6553;6606;1;17,25,32,38,56,70,71,72,78,91,92,94,95,96,97,98,99,100,101,102,103,104,105,106,110,119,142,143,144,145,146,147,148,254,304,316,352,366,368,423,424,425,527,543,546,554,656,657,658,659,704,705,706,707,708,709,710,711,712,713,714,715,716,717,718,719,720,721,753,754,755,756,757,758,759,760,1166,1167,1168,1169,
554;1;6606;6756;1;17,25,32,38,56,70,71,72,78,91,92,94,95,96,97,98,99,100,101,102,103,104,105,106,110,119,142,143,144,145,146,147,148,254,304,316,352,366,368,423,424,425,527,543,546,554,656,657,658,659,704,705,706,707,708,709,710,711,712,713,714,715,716,717,718,719,720,721,753,754,755,756,757,758,759,760,1166,1167,1168,1169,
261;0;6756;6871;1;17,25,32,38,56,70,71,72,78,91,92,94,95,96,97,98,99,100,101,102,103,104,105,106,110,119,142,143,144,145,146,147,148,254,304,316,352,366,368,423,424,425,527,543,546,554,656,657,658,659,704,705,706,707,708,709,710,711,712,713,714,715,716,717,718,719,720,721,753,754,755,756,757,758,759,760,1166,1167,1168,1169,
261;1;6871;6969;1;17,25,32,38,56,70,71,72,78,91,92,94,95,96,97,98,99,100,101,102,103,104,105,106,110,119,142,143,144,145,146,147,148,254,304,316,352,366,368,423,424,425,527,543,546,554,656,657,658,659,704,705,706,707,708,709,710,711,712,713,714,715,716,717,718,719,720,721,753,754,755,756,757,758,759,760,1166,1167,1168,1169,
416;0;6969;7118;1;17,25,32,38,56,70,71,72,78,91,92,94,95,96,97,98,99,100,101,102,103,104,105,106,110,119,142,143,144,145,146,147,148,254,304,316,352,366,368,423,424,425,527,543,546,554,656,657,658,659,704,705,706,707,708,709,710,711,712,713,714,715,716,717,718,719,720,721,753,754,755,756,757,758,759,760,1166,1167,1168,1169,
416;1;7118;7268;1;17,25,32,38,56,70,71,72,78,91,92,94,95,96,97,98,99,100,101,102,103,104,105,106,110,119,142,143,144,145,146,147,148,254,304,316,352,366,368,423,424,425,527,543,546,554,656,657,658,659,704,705,706,707,708,709,710,711,712,713,714,715,716,717,718,719,720,721,753,754,755,756,757,758,759,760,1166,1167,1168,1169,
512;0;7268;7301;0;17,25,32,38,56,70,71,72,78,91,92,94,95,96,97,98,99,100,101,102,103,104,105,106,110,119,142,143,144,145,146,147,148,254,304,316,352,366,368,423,424,425,527,543,546,554,656,657,658,659,704,705,706,707,708,709,710,711,712,713,714,715,716,717,718,719,720,721,753,754,755,756,757,758,759,760,1166,1167,1168,1169,
296;0;7301;7367;1;17,25,32,38,56,70,71,72,78,91,92,94,95,96,97,98,99,100,101,102,103,104,105,106,110,119,142,143,144,145,146,147,148,254,304,316,352,366,368,423,424,425,527,543,546,554,656,657,658,659,704,705,706,707,708,709,710,711,712,713,714,715,716,717,718,719,720,721,753,754,755,756,757,758,759,760,1166,1167,1168,1169,
296;1;7367;7416;1;17,25,32,38,56,70,71,72,78,91,92,94,95,96,97,98,99,100,101,102,103,104,105,106,110,119,142,143,144,145,146,147,148,254,304,316,352,366,368,423,424,425,527,543,546,554,656,657,658,659,704,705,706,707,708,709,710,711,712,713,714,715,716,717,718,719,720,721,753,754,755,756,757,758,759,760,1166,1167,1168,1169,
739;0;7416;7430;1;17,25,32,38,56,70,71,72,78,91,92,94,95,96,97,98,99,100,101,102,103,104,105,106,110,119,142,143,144,145,146,147,148,254,304,316,352,366,368,423,424,425,527,543,546,554,656,657,658,659,704,705,706,707,708,709,710,711,712,713,714,715,716,717,718,719,720,721,753,754,755,756,757,758,759,760,1166,1167,1168,1169,
739;1;7430;7463;1;17,25,32,38,56,70,71,72,78,91,92,94,95,96,97,98,99,100,101,102,103,104,105,106,110,119,142,143,144,145,146,147,148,254,304,316,352,366,368,423,424,425,527,543,546,554,656,657,658,659,704,705,706,707,708,709,710,711,712,713,714,715,716,717,718,719,720,721,753,754,755,756,757,758,759,760,1166,1167,1168,1169,
519;0;7463;7485;1;17,25,32,38,56,70,71,72,78,91,92,94,95,96,97,98,99,100,101,102,103,104,105,106,110,119,142,143,144,145,146,147,148,254,304,316,352,366,368,423,424,425,527,543,546,554,656,657,658,659,704,705,706,707,708,709,710,711,712,713,714,715,716,717,718,719,720,721,753,754,755,756,757,758,759,760,1166,1167,1168,1169,
519;1;7485;7581;1;17,25,32,38,56,70,71,72,78,91,92,94,95,96,97,98,99,100,101,102,103,104,105,106,110,119,142,143,144,145,146,147,148,254,304,316,352,366,368,423,424,425,527,543,546,554,656,657,658,659,704,705,706,707,708,709,710,711,712,713,714,715,716,717,718,719,720,721,753,754,755,756,757,758,759,760,1166,1167,1168,1169,
651;0;7581;7742;1;17,25,32,38,56,70,71,72,78,91,92,94,95,96,97,98,99,100,101,102,103,104,105,106,110,119,142,143,144,145,146,147,148,254,304,316,352,366,368,423,424,425,527,543,546,554,656,657,658,659,704,705,706,707,708,709,710,711,712,713,714,715,716,717,718,719,720,721,753,754,755,756,757,758,759,760,1166,1167,1168,1169,
651;1;7742;7892;1;17,25,32,38,56,70,71,72,78,91,92,94,95,96,97,98,99,100,101,102,103,104,105,106,110,119,142,143,144,145,146,147,148,254,304,316,352,366,368,423,424,425,527,543,546,554,656,657,658,659,704,705,706,707,708,709,710,711,712,713,714,715,716,717,718,719,720,721,753,754,755,756,757,758,759,760,1166,1167,1168,1169,
79;0;7892;8010;1;17,25,32,38,56,70,71,72,78,91,92,94,95,96,97,98,99,100,101,102,103,104,105,106,110,119,142,143,144,145,146,147,148,254,304,316,352,366,368,423,424,425,527,543,546,554,656,657,658,659,704,705,706,707,708,709,710,711,712,713,714,715,716,717,718,719,720,721,753,754,755,756,757,758,759,760,1166,1167,1168,1169,
79;1;8010;8031;1;17,25,32,38,56,70,71,72,78,91,92,94,95,96,97,98,99,100,101,102,103,104,105,106,110,119,142,143,144,145,146,147,148,254,304,316,352,366,368,423,424,425,527,543,546,554,656,657,658,659,704,705,706,707,708,709,710,711,712,713,714,715,716,717,718,719,720,721,753,754,755,756,757,758,759,760,1166,1167,1168,1169,
601;0;8031;8134;1;17,25,32,38,56,70,71,72,78,91,92,94,95,96,97,98,99,100,101,102,103,104,105,106,110,119,142,143,144,145,146,147,148,254,304,316,352,366,368,423,424,425,527,543,546,554,656,657,658,659,704,705,706,707,708,709,710,711,712,713,714,715,716,717,718,719,720,721,753,754,755,756,757,758,759,760,1166,1167,1168,1169,
601;1;8134;8232;1;17,25,32,38,56,70,71,72,78,91,92,94,95,96,97,98,99,100,101,102,103,104,105,106,110,119,142,143,144,145,146,147,148,254,304,316,352,366,368,423,424,425,527,543,546,554,656,657,658,659,704,705,706,707,708,709,710,711,712,713,714,715,716,717,718,719,720,721,753,754,755,756,757,758,759,760,1166,1167,1168,1169,
629;0;8232;8349;1;17,25,32,38,56,70,71,72,78,91,92,94,95,96,97,98,99,100,101,102,103,104,105,106,110,119,142,143,144,145,146,147,148,254,304,316,352,366,368,423,424,425,527,543,546,554,656,657,658,659,704,705,706,707,708,709,710,711,712,713,714,715,716,717,718,719,720,721,753,754,755,756,757,758,759,760,1166,1167,1168,1169,
629;1;8349;8499;1;17,25,32,38,56,70,71,72,78,91,92,94,95,96,97,98,99,100,101,102,103,104,105,106,110,119,142,143,144,145,146,147,148,254,304,316,352,366,368,423,424,425,527,543,546,554,656,657,658,659,704,705,706,707,708,709,710,711,712,713,714,715,716,717,718,719,720,721,753,754,755,756,757,758,759,760,1166,1167,1168,1169,
749;0;8499;8656;1;17,25,32,38,56,70,71,72,78,91,92,94,95,96,97,98,99,100,101,102,103,104,105,106,110,119,142,143,144,145,146,147,148,254,304,316,352,366,368,423,424,425,527,543,546,554,656,657,658,659,704,705,706,707,708,709,710,711,712,713,714,715,716,717,718,719,720,721,753,754,755,756,757,758,759,760,1166,1167,1168,1169,
749;1;8656;8754;1;17,25,32,38,56,70,71,72,78,91,92,94,95,96,97,98,99,100,101,102,103,104,105,106,110,119,142,143,144,145,146,147,148,254,304,316,352,366,368,423,424,425,527,543,546,554,656,657,658,659,704,705,706,707,708,709,710,711,712,713,714,715,716,717,718,719,720,721,753,754,755,756,757,758,759,760,1166,1167,1168,1169,
237;0;8754;8787;0;17,25,32,38,56,70,71,72,78,91,92,94,95,96,97,98,99,100,101,102,103,104,105,106,110,119,142,143,144,145,146,147,148,254,304,316,352,366,368,423,424,425,527,543,546,554,656,657,658,659,704,705,706,707,708,709,710,711,712,713,714,715,716,717,718,719,720,721,753,754,755,756,757,758,759,760,1166,1167,1168,1169,
399;0;8787;8813;1;17,25,32,38,56,70,71,72,78,91,92,94,95,96,97,98,99,100,101,102,103,104,105,106,110,119,142,143,144,145,146,147,148,254,304,316,352,366,368,423,424,425,527,543,546,554,656,657,658,659,704,705,706,707,708,709,710,711,712,713,714,715,716,717,718,719,720,721,753,754,755,756,757,758,759,760,1166,1167,1168,1169,
399;1;8813;8846;1;17,25,32,38,56,70,71,72,78,91,92,94,95,96,97,98,99,100,101,102,103,104,105,106,110,119,142,143,144,145,146,147,148,254,304,316,352,366,368,423,424,425,527,543,546,554,656,657,658,659,704,705,706,707,708,709,710,711,712,713,714,715,716,717,718,719,720,721,753,754,755,756,757,758,759,760,1166,1167,1168,1169,
334;0;8846;8860;1;17,25,32,38,56,70,71,72,78,91,92,94,95,96,97,98,99,100,101,102,103,104,105,106,110,119,142,143,144,145,146,147,148,254,304,316,352,366,368,423,424,425,527,543,546,554,656,657,658,659,704,705,706,707,708,709,710,711,712,713,714,715,716,717,718,719,721,753,754,755,756,757,758,759,760,1166,1167,1168,1169,1430,
334;1;8860;8996;1;17,25,32,38,56,70,71,72,78,91,92,94,95,96,97,98,99,100,101,102,103,104,105,106,110,119,142,143,144,145,146,147,148,254,304,316,352,366,368,423,424,425,527,543,546,554,656,657,658,659,704,705,706,707,708,709,710,711,712,713,714,715,716,717,718,719,721,753,754,755,756,757,758,759,760,1166,1167,1168,1169,1430,
35;0;8996;9000;0;17,25,32,38,56,70,71,72,78,91,92,94,95,96,97,98,99,100,101,102,103,104,105,106,110,126,134,142,143,144,145,146,147,148,186,254,262,304,316,327,335,339,341,345,352,366,368,421,422,423,424,425,426,427,428,429,430,431,432,433,434,435,527,543,546,554,717,721,753,754,755,756,757,758,759,760,1166,1167,1168,1169,
424;0;9000;9098;1;17,25,32,38,56,70,71,72,78,91,92,94,95,96,97,98,99,100,101,102,103,104,105,106,110,126,134,142,143,144,145,146,147,148,186,229,254,262,304,316,327,335,339,341,345,352,366,368,402,421,422,423,424,425,426,427,428,429,430,431,432,433,434,435,527,543,546,554,717,721,753,754,755,756,757,758,1166,1167,1168,1169,
424;1;9098;9203;1;17,25,32,38,56,70,71,72,78,91,92,94,95,96,97,98,99,100,101,102,103,104,105,106,110,126,134,142,143,144,145,146,147,148,186,229,254,262,304,316,327,335,339,341,345,352,366,368,402,421,422,423,424,425,426,427,428,429,430,431,432,433,434,435,527,543,546,554,717,721,753,754,755,756,757,758,1166,1167,1168,1169,
332;0;9203;9207;0;17,25,32,38,56,70,71,72,78,91,92,94,95,96,97,98,99,100,101,102,103,104,105,106,110,126,134,142,143,144,145,146,147,148,186,229,254,262,304,316,327,335,339,341,345,352,366,368,402,421,422,423,424,425,426,427,428,429,430,431,432,433,434,435,527,543,546,554,717,721,753,754,755,756,757,758,1166,1167,1168,1169,
195;0;9207;9211;0;17,25,32,38,56,70,71,72,78,91,92,94,95,96,97,98,99,100,101,102,103,104,105,106,110,126,134,142,143,144,145,146,147,148,186,229,254,262,304,316,327,335,339,341,345,352,366,368,402,421,422,423,424,425,426,427,428,429,430,431,432,433,434,435,527,543,546,554,717,721,753,754,755,756,757,758,1166,1167,1168,1169,
465;0;9211;9260;0;17,25,32,38,56,70,71,72,78,91,92,94,95,96,97,98,99,100,101,102,103,104,105,106,110,126,134,142,143,144,145,146,147,148,186,229,254,262,304,316,327,335,339,341,345,352,366,368,402,421,422,423,424,425,426,427,428,429,430,431,432,433,434,435,527,543,546,554,717,721,753,754,755,756,757,758,1166,1167,1168,1169,
599;0;9260;9408;1;32,64,65,66,67,68,69,70,71,93,94,95,96,97,98,99,105,110,126,128,134,135,186,252,253,254,255,256,257,258,259,260,261,262,263,264,265,266,267,268,269,320,327,335,339,341,345,352,366,368,404,420,421,422,426,427,428,429,430,431,432,433,434,435,456,496,501,527,543,546,554,617,722,723,724,725,726,727,728,729,
599;1;9408;9492;1;32,64,65,66,67,68,69,70,71,93,94,95,96,97,98,99,105,110,126,128,134,135,186,252,253,254,255,256,257,258,259,260,261,262,263,264,265,266,267,268,269,320,327,335,339,341,345,352,366,368,404,420,421,422,426,427,428,429,430,431,432,433,434,435,456,496,501,527,543,546,554,617,722,723,724,725,726,727,728,729,
3;0;9492;9558;0;32,64,65,66,67,68,69,70,71,93,94,95,96,97,98,99,105,110,126,128,134,135,186,252,253,254,255,256,257,258,259,260,261,262,263,264,265,266,267,268,269,320,327,335,339,341,345,352,366,368,404,420,421,422,426,427,428,429,430,431,432,433,434,435,456,496,501,527,543,546,554,617,722,723,724,725,726,727,728,729,
3;1;9558;9600;0;32,64,65,66,67,68,69,70,71,93,94,95,96,97,98,99,105,110,126,128,134,135,186,252,253,254,255,256,257,258,259,260,261,262,263,264,265,266,267,268,269,320,327,335,339,341,345,352,366,368,404,420,421,422,426,427,428,429,430,431,432,433,434,435,456,496,501,527,543,546,554,617,722,723,724,725,726,727,728,729,
208;0;9600;9622;0;32,64,65,66,67,68,69,70,71,93,94,95,96,97,98,99,105,110,126,128,134,135,186,252,253,254,255,256,257,258,259,260,261,262,263,264,265,266,267,268,269,320,327,335,339,341,345,352,366,368,404,420,421,422,426,427,428,429,430,431,432,433,434,435,456,496,501,527,543,546,554,617,722,723,724,725,726,727,728,729,
208;1;9622;9666;0;32,64,65,66,67,68,69,70,71,93,94,95,96,97,98,99,105,110,126,128,134,135,186,252,253,254,255,256,257,258,259,260,261,262,263,264,265,266,267,268,269,320,327,335,339,341,345,352,366,368,404,420,421,422,426,427,428,429,430,431,432,433,434,435,456,496,501,527,543,546,554,617,722,723,724,725,726,727,728,729,
226;0;9666;9754;1;32,64,65,66,67,68,69,70,71,93,94,95,96,97,98,99,105,110,126,128,134,135,186,252,253,254,255,256,257,258,259,260,261,262,263,264,265,266,267,268,269,320,327,335,339,341,345,352,366,368,404,420,421,422,426,427,428,429,430,431,432,433,434,435,456,496,501,527,543,546,554,617,722,723,724,725,726,727,728,729,
226;1;9754;9844;1;32,64,65,66,67,68,69,70,71,93,94,95,96,97,98,99,105,110,126,128,134,135,186,252,253,254,255,256,257,258,259,260,261,262,263,264,265,266,267,268,269,320,327,335,339,341,345,352,366,368,404,420,421,422,426,427,428,429,430,431,432,433,434,435,456,496,501,527,543,546,554,617,722,723,724,725,726,727,728,729,
474;0;9844;9970;1;32,64,65,66,67,68,69,70,71,93,94,95,96,97,98,99,105,110,126,128,134,135,186,252,253,254,255,256,257,258,259,260,261,262,263,264,265,266,267,268,269,320,327,335,339,341,345,352,366,368,404,420,421,422,426,427,428,429,430,431,432,433,434,435,456,496,501,527,543,546,554,617,722,723,724,725,726,727,728,729,
474;1;9970;10014;1;32,64,65,66,67,68,69,70,71,93,94,95,96,97,98,99,105,110,126,128,134,135,186,252,253,254,255,256,257,258,259,260,261,262,263,264,265,266,267,268,269,320,327,335,339,341,345,352,366,368,404,420,421,422,426,427,428,429,430,431,432,433,434,435,456,496,501,527,543,546,554,617,722,723,724,725,726,727,728,729,
741;0;10014;10074;1;32,64,65,66,67,68,69,70,71,93,94,95,96,97,98,99,105,110,126,128,134,135,186,252,253,254,255,256,257,258,259,260,261,262,263,264,265,266,267,268,269,320,327,335,339,341,345,352,366,368,404,420,421,422,426,427,428,429,430,431,432,433,434,435,456,496,501,527,543,546,554,617,722,723,724,725,726,727,728,729,
741;1;10074;10078;1;32,64,65,66,67,68,69,70,71,93,94,95,96,97,98,99,105,110,126,128,134,135,186,252,253,254,255,256,257,258,259,260,261,262,263,264,265,266,267,268,269,320,327,335,339,341,345,352,366,368,404,420,421,422,426,427,428,429,430,431,432,433,434,435,456,496,501,527,543,546,554,617,722,723,724,725,726,727,728,729,
Machine: 1
221;0;0;64;1;32,38,44,54,71,87,93,112,113,114,115,116,117,118,119,120,121,132,138,140,185,186,301,310,311,312,313,314,315,316,317,318,319,320,321,322,323,324,325,326,327,328,329,330,331,332,333,335,337,345,348,352,368,382,383,384,448,546,554,566,704,705,706,707,708,709,710,711,712,713,714,715,716,717,718,719,720,721,898,1165,
221;1;64;97;1;32,38,44,54,71,87,93,112,113,114,115,116,117,118,119,120,121,132,138,140,185,186,301,310,311,312,313,314,315,316,317,318,319,320,321,322,323,324,325,326,327,328,329,330,331,332,333,335,337,345,348,352,368,382,383,384,448,546,554,566,704,705,706,707,708,709,710,711,712,713,714,715,716,717,718,719,720,721,898,1165,
634;0;97;209;1;32,38,44,54,71,87,93,112,113,114,115,116,117,118,119,120,121,132,138,140,185,186,301,310,311,312,313,314,315,316,317,318,319,320,321,322,323,324,325,326,327,328,329,330,331,332,333,335,337,345,348,352,368,382,383,384,448,546,554,566,704,705,706,707,708,709,710,711,712,713,714,715,716,717,718,719,720,721,898,1165,
634;1;209;373;1;32,38,44,54,71,87,93,112,113,114,115,116,117,118,119,120,121,132,138,140,185,186,301,310,311,312,313,314,315,316,317,318,319,320,321,322,323,324,325,326,327,328,329,330,331,332,333,335,337,345,348,352,368,382,383,384,448,546,554,566,704,705,706,707,708,709,710,711,712,713,714,715,716,717,718,719,720,721,898,1165,
584;0;373;530;1;32,38,44,54,71,87,93,112,113,114,115,116,117,118,119,120,121,132,138,140,185,186,301,310,311,312,313,314,315,316,317,318,319,320,321,322,323,324,325,326,327,328,329,330,331,332,333,335,337,345,348,352,368,382,383,384,448,546,554,566,704,705,706,707,708,709,710,711,712,713,714,715,716,717,718,719,720,721,898,1165,
584;1;530;630;1;32,38,44,54,71,87,93,112,113,114,115,116,117,118,119,120,121,132,138,140,185,186,301,310,311,312,313,314,315,316,317,318,319,320,321,322,323,324,325,326,327,328,329,330,331,332,333,335,337,345,348,352,368,382,383,384,448,546,554,566,704,705,706,707,708,709,710,711,712,713,714,715,716,717,718,719,720,721,898,1165,
494;0;630;769;1;32,38,44,54,71,87,93,112,113,114,115,116,117,118,119,120,121,132,138,140,185,186,301,310,311,312,313,314,315,316,317,318,319,320,321,322,323,324,325,326,327,328,329,330,331,332,333,335,337,345,348,352,368,382,383,384,448,546,554,566,704,705,706,707,708,709,710,711,712,713,714,715,716,717,718,719,720,721,898,1165,
494;1;769;802;1;32,38,44,54,71,87,93,112,113,114,115,116,117,118,119,120,121,132,138,140,185,186,301,310,311,312,313,314,315,316,317,318,319,320,321,322,323,324,325,326,327,328,329,330,331,332,333,335,337,345,348,352,368,382,383,384,448,546,554,566,704,705,706,707,708,709,710,711,712,713,714,715,716,717,718,719,720,721,898,1165,
89;0;802;821;1;32,38,44,54,71,87,93,112,113,114,115,116,117,118,119,120,121,132,138,140,185,186,301,310,311,312,313,314,315,316,317,318,319,320,321,322,323,324,325,326,327,328,329,330,331,332,333,335,337,345,348,352,368,382,383,384,448,546,554,566,704,705,706,707,708,709,710,711,712,713,714,715,716,717,718,719,720,721,898,1165,
89;1;821;905;1;32,38,44,54,71,87,93,112,113,114,115,116,117,118,119,120,121,132,138,140,185,186,301,310,311,312,313,314,315,316,317,318,319,320,321,322,323,324,325,326,327,328,329,330,331,332,333,335,337,345,348,352,368,382,383,384,448,546,554,566,704,705,706,707,708,709,710,711,712,713,714,715,716,717,718,719,720,721,898,1165,
227;0;905;995;0;32,38,44,54,71,87,93,112,113,114,115,116,117,118,119,120,121,132,138,140,185,186,301,310,311,312,313,314,315,316,317,318,319,320,321,322,323,324,325,326,327,328,329,330,331,332,333,335,337,345,348,352,368,382,383,384,448,546,554,566,704,705,706,707,708,709,710,711,712,713,714,715,716,717,718,719,720,721,898,1165,
404;0;995;1164;1;32,38,44,54,71,87,93,112,113,114,115,116,117,118,119,120,121,132,138,140,185,186,301,310,311,312,313,314,315,316,317,318,319,320,321,322,323,324,325,326,327,328,329,330,331,332,333,335,337,345,348,352,368,382,383,384,448,546,554,566,704,705,706,707,708,709,710,711,712,713,714,715,716,717,718,719,720,721,898,1165,
404;1;1164;1328;1;32,38,44,54,71,87,93,112,113,114,115,116,117,118,119,120,121,132,138,140,185,186,301,310,311,312,313,314,315,316,317,318,319,320,321,322,323,324,325,326,327,328,329,330,331,332,333,335,337,345,348,352,368,382,383,384,448,546,554,566,704,705,706,707,708,709,710,711,712,713,714,715,716,717,718,719,720,721,898,1165,
539;0;1328;1429;1;32,38,44,54,71,87,93,112,113,114,115,116,117,118,119,120,121,132,138,140,185,186,301,310,311,312,313,314,315,316,317,318,319,320,321,322,323,324,325,326,327,328,329,330,331,332,333,335,337,345,348,352,368,382,383,384,448,546,554,566,704,705,706,707,708,709,710,711,712,713,714,715,716,717,718,719,720,721,898,1165,
539;1;1429;1459;1;32,38,44,54,71,87,93,112,113,114,115,116,117,118,119,120,121,132,138,140,185,186,301,310,311,312,313,314,315,316,317,318,319,320,321,322,323,324,325,326,327,328,329,330,331,332,333,335,337,345,348,352,368,382,383,384,448,546,554,566,704,705,706,707,708,709,710,711,712,713,714,715,716,717,718,719,720,721,898,1165,
701;0;1459;1565;1;32,38,44,54,71,87,93,112,113,114,115,116,117,118,119,120,121,132,138,140,185,186,301,310,311,312,313,314,315,316,317,318,319,320,321,322,323,324,325,326,327,328,329,330,331,332,333,335,337,345,348,352,368,382,383,384,448,546,554,566,704,705,706,707,708,709,710,711,712,713,714,715,716,717,718,719,720,721,898,1165,
701;1;1565;1595;1;32,38,44,54,71,87,93,112,113,114,115,116,117,118,119,120,121,132,138,140,185,186,301,310,311,312,313,314,315,316,317,318,319,320,321,322,323,324,325,326,327,328,329,330,331,332,333,335,337,345,348,352,368,382,383,384,448,546,554,566,704,705,706,707,708,709,710,711,712,713,714,715,716,717,718,719,720,721,898,1165,
571;0;1595;1631;1;32,38,44,54,71,87,93,112,113,114,115,116,117,118,119,120,121,132,138,140,185,186,301,310,311,312,313,314,315,316,317,318,319,320,321,322,323,324,325,326,327,328,329,330,331,332,333,335,337,345,348,352,368,382,383,384,448,546,554,566,704,705,706,707,708,709,710,711,712,713,714,715,716,717,718,719,720,721,898,1165,
571;1;1631;1731;1;32,38,44,54,71,87,93,112,113,114,115,116,117,118,119,120,121,132,138,140,185,186,301,310,311,312,313,314,315,316,317,318,319,320,321,322,323,324,325,326,327,328,329,330,331,332,333,335,337,345,348,352,368,382,383,384,448,546,554,566,704,705,706,707,708,709,710,711,712,713,714,715,716,717,718,719,720,721,898,1165,
209;0;1731;1881;1;32,38,44,54,71,87,93,112,113,114,115,116,117,118,119,120,121,132,138,140,185,186,301,310,311,312,313,314,315,316,317,318,319,320,321,322,323,324,325,326,327,328,329,330,331,332,333,335,337,345,348,352,368,382,383,384,448,546,554,566,704,705,706,707,708,709,710,711,712,713,714,715,716,717,718,719,720,721,898,1165,
209;1;1881;1917;1;32,38,44,54,71,87,93,112,113,114,115,116,117,118,119,120,121,132,138,140,185,186,301,310,311,312,313,314,315,316,317,318,319,320,321,322,323,324,325,326,327,328,329,330,331,332,333,335,337,345,348,352,368,382,383,384,448,546,554,566,704,705,706,707,708,709,710,711,712,713,714,715,716,717,718,719,720,721,898,1165,
264;0;1917;1945;1;32,38,44,54,71,87,93,112,113,114,115,116,117,118,119,120,121,132,138,140,185,186,301,310,311,312,313,314,315,316,317,318,319,320,321,322,323,324,325,326,327,328,329,330,331,332,333,335,337,345,348,352,368,382,383,384,448,546,554,566,704,705,706,707,708,709,710,711,712,713,714,715,716,717,718,719,720,721,898,1165,
264;1;1945;1995;1;32,38,44,54,71,87,93,112,113,114,115,116,117,118,119,120,121,132,138,140,185,186,301,310,311,312,313,314,315,316,317,318,319,320,321,322,323,324,325,326,327,328,329,330,331,332,333,335,337,345,348,352,368,382,383,384,448,546,554,566,704,705,706,707,708,709,710,711,712,713,714,715,716,717,718,719,720,721,898,1165,
61;0;1995;2093;1;32,38,44,54,71,87,93,112,113,114,115,116,117,118,119,120,121,132,138,140,185,186,301,310,311,312,313,314,315,316,317,318,319,320,321,322,323,324,325,326,327,328,329,330,331,332,333,335,337,345,348,352,368,382,383,384,448,546,554,566,704,705,706,707,708,709,710,711,712,713,714,715,716,717,718,719,720,721,898,1165,
61;1;2093;2183;1;32,38,44,54,71,87,93,112,113,114,115,116,117,118,119,120,121,132,138,140,185,186,301,310,311,312,313,314,315,316,317,318,319,320,321,322,323,324,325,326,327,328,329,330,331,332,333,335,337,345,348,352,368,382,383,384,448,546,554,566,704,705,706,707,708,709,710,711,712,713,714,715,716,717,718,719,720,721,898,1165,
251;0;2183;2188;1;32,38,44,54,71,87,93,112,113,114,115,116,117,118,119,120,121,132,138,140,185,186,301,310,311,312,313,314,315,316,317,318,319,320,321,322,323,324,325,326,327,328,329,330,331,332,333,335,337,345,348,352,368,382,383,384,448,546,554,566,704,705,706,707,708,709,710,711,712,713,714,715,716,717,718,719,720,721,898,1165,
251;1;2188;2284;1;32,38,44,54,71,87,93,112,113,114,115,116,117,118,119,120,121,132,138,140,185,186,301,310,311,312,313,314,315,316,317,318,319,320,321,322,323,324,325,326,327,328,329,330,331,332,333,335,337,345,348,352,368,382,383,384,448,546,554,566,704,705,706,707,708,709,710,711,712,713,714,715,716,717,718,719,720,721,898,1165,
104;0;2284;2448;1;32,38,44,54,71,87,93,112,113,114,115,116,117,118,119,120,121,132,138,140,185,186,301,310,311,312,313,314,315,316,317,318,319,320,321,322,323,324,325,326,327,328,329,330,331,332,333,335,337,345,348,352,368,382,383,384,448,546,554,566,704,705,706,707,708,709,710,711,712,713,714,715,716,717,718,719,720,721,898,1165,
104;1;2448;2618;1;32,38,44,54,71,87,93,112,113,114,115,116,117,118,119,120,121,132,138,140,185,186,301,310,311,312,313,314,315,316,317,318,319,320,321,322,323,324,325,326,327,328,329,330,331,332,333,335,337,345,348,352,368,382,383,384,448,546,554,566,704,705,706,707,708,709,710,711,712,713,714,715,716,717,718,719,720,721,898,1165,
19;0;2618;2637;1;32,38,44,54,71,87,93,112,113,114,115,116,117,118,119,120,121,132,138,140,185,186,301,310,311,312,313,314,315,316,317,318,319,320,321,322,323,324,325,326,327,328,329,330,331,332,333,335,337,345,348,352,368,382,383,384,448,546,554,566,704,705,706,707,708,709,710,711,712,713,714,715,716,717,718,719,720,721,898,1165,
19;1;2637;2801;1;32,38,44,54,71,87,93,112,113,114,115,116,117,118,119,120,121,132,138,140,185,186,301,310,311,312,313,314,315,316,317,318,319,320,321,322,323,324,325,326,327,328,329,330,331,332,333,335,337,345,348,352,368,382,383,384,448,546,554,566,704,705,706,707,708,709,710,711,712,713,714,715,716,717,718,719,720,721,898,1165,
69;0;2801;2816;1;32,38,44,54,71,87,93,112,113,114,115,116,117,118,119,120,121,132,138,140,185,186,301,310,311,312,313,314,315,316,317,318,319,320,321,322,323,324,325,326,327,328,329,330,331,332,333,335,337,345,348,352,368,382,383,384,448,546,554,566,704,705,706,707,708,709,710,711,712,713,714,715,716,717,718,719,720,721,898,1165,
69;1;2816;2849;1;32,38,44,54,71,87,93,112,113,114,115,116,117,118,119,120,121,132,138,140,185,186,301,310,311,312,313,314,315,316,317,318,319,320,321,322,323,324,325,326,327,328,329,330,331,332,333,335,337,345,348,352,368,382,383,384,448,546,554,566,704,705,706,707,708,709,710,711,712,713,714,715,716,717,718,719,720,721,898,1165,
46;0;2849;2877;1;32,38,44,54,71,87,93,112,113,114,115,116,117,118,119,120,121,132,138,140,185,186,301,310,311,312,313,314,315,316,317,318,319,320,321,322,323,324,325,326,327,328,329,330,331,332,333,335,337,345,348,352,368,382,383,384,448,546,554,566,704,705,706,707,708,709,710,711,712,713,714,715,716,717,718,719,720,721,898,1165,
46;1;2877;3047;1;32,38,44,54,71,87,93,112,113,114,115,116,117,118,119,120,121,132,138,140,185,186,301,310,311,312,313,314,315,316,317,318,319,320,321,322,323,324,325,326,327,328,329,330,331,332,333,335,337,345,348,352,368,382,383,384,448,546,554,566,704,705,706,707,708,709,710,711,712,713,714,715,716,717,718,719,720,721,898,1165,
361;0;3047;3198;1;32,38,44,54,71,87,93,112,113,114,115,116,117,118,119,120,121,132,138,140,185,186,301,310,311,312,313,314,315,316,317,318,319,320,321,322,323,324,325,326,327,328,329,330,331,332,333,335,337,345,348,352,368,382,383,384,448,546,554,566,704,705,706,707,708,709,710,711,712,713,714,715,716,717,718,719,720,721,898,1165,
361;1;3198;3362;1;32,38,44,54,71,87,93,112,113,114,115,116,117,118,119,120,121,132,138,140,185,186,301,310,311,312,313,314,315,316,317,318,319,320,321,322,323,324,325,326,327,328,329,330,331,332,333,335,337,345,348,352,368,382,383,384,448,546,554,566,704,705,706,707,708,709,710,711,712,713,714,715,716,717,718,719,720,721,898,1165,
434;0;3362;3414;1;32,38,44,54,71,87,93,112,113,114,115,116,117,118,119,120,121,132,138,140,185,186,301,310,311,312,313,314,315,316,317,318,319,320,321,322,323,324,325,326,327,328,329,330,331,332,333,335,337,345,348,352,368,382,383,384,448,546,554,566,704,705,706,707,708,709,710,711,712,713,714,715,716,717,718,719,720,721,898,1165,
434;1;3414;3444;1;32,38,44,54,71,87,93,112,113,114,115,116,117,118,119,120,121,132,138,140,185,186,301,310,311,312,313,314,315,316,317,318,319,320,321,322,323,324,325,326,327,328,329,330,331,332,333,335,337,345,348,352,368,382,383,384,448,546,554,566,704,705,706,707,708,709,710,711,712,713,714,715,716,717,718,719,720,721,898,1165,
100;0;3444;3544;0;32,38,44,54,71,87,93,112,113,114,115,116,117,118,119,120,121,132,138,140,185,186,301,310,311,312,313,314,315,316,317,318,319,320,321,322,323,324,325,326,327,328,329,330,331,332,333,335,337,345,348,352,368,382,383,384,448,546,554,566,704,705,706,707,708,709,710,711,712,713,714,715,716,717,718,719,720,721,898,1165,
611;0;3544;3622;1;1,2,32,54,87,90,110,132,138,140,186,217,301,316,317,327,335,337,345,348,349,350,351,352,353,354,355,356,357,358,359,360,361,362,363,364,365,366,367,368,371,382,396,406,414,428,860,936,937,938,939,940,941,942,1028,1112,1165,1387,1388,1389,1390,1391,1392,1393,1394,1395,1396,1397,1398,1399,1400,1401,1402,1403,1404,1405,1406,1407,1408,1409,
611;1;3622;3731;1;1,2,32,54,87,90,110,132,138,140,186,217,301,316,317,327,335,337,345,348,349,350,351,352,353,354,355,356,357,358,359,360,361,362,363,364,365,366,367,368,371,382,396,406,414,428,860,936,937,938,939,940,941,942,1028,1112,1165,1387,1388,1389,1390,1391,1392,1393,1394,1395,1396,1397,1398,1399,1400,1401,1402,1403,1404,1405,1406,1407,1408,1409,
21;0;3731;3895;1;1,2,32,54,87,90,110,132,138,140,186,217,301,316,317,327,335,337,345,348,349,350,351,352,353,354,355,356,357,358,359,360,361,362,363,364,365,366,367,368,371,382,396,406,414,428,860,936,937,938,939,940,941,942,1028,1112,1165,1387,1388,1389,1390,1391,1392,1393,1394,1395,1396,1397,1398,1399,1400,1401,1402,1403,1404,1405,1406,1407,1408,1409,
21;1;3895;4004;1;1,2,32,54,87,90,110,132,138,140,186,217,301,316,317,327,335,337,345,348,349,350,351,352,353,354,355,356,357,358,359,360,361,362,363,364,365,366,367,368,371,382,396,406,414,428,860,936,937,938,939,940,941,942,1028,1112,1165,1387,1388,1389,1390,1391,1392,1393,1394,1395,1396,1397,1398,1399,1400,1401,1402,1403,1404,1405,1406,1407,1408,1409,
731;0;4004;4085;1;1,2,32,54,87,90,110,132,138,140,186,217,301,316,317,327,335,337,345,348,349,350,351,352,353,354,355,356,357,358,359,360,361,362,363,364,365,366,367,368,371,382,396,406,414,428,860,936,937,938,939,940,941,942,1028,1112,1165,1387,1388,1389,1390,1391,1392,1393,1394,1395,1396,1397,1398,1399,1400,1401,1402,1403,1404,1405,1406,1407,1408,1409,
731;1;4085;4114;1;1,2,32,54,87,90,110,132,138,140,186,217,301,316,317,327,335,337,345,348,349,350,351,352,353,354,355,356,357,358,359,360,361,362,363,364,365,366,367,368,371,382,396,406,414,428,860,936,937,938,939,940,941,942,1028,1112,1165,1387,1388,1389,1390,1391,1392,1393,1394,1395,1396,1397,1398,1399,1400,1401,1402,1403,1404,1405,1406,1407,1408,1409,
501;0;4114;4176;1;1,2,32,54,87,90,110,132,138,140,186,217,301,316,317,327,335,337,345,348,349,350,351,352,353,354,355,356,357,358,359,360,361,362,363,364,365,366,367,368,371,382,396,406,414,428,860,936,937,938,939,940,941,942,1028,1112,1165,1387,1388,1389,1390,1391,1392,1393,1394,1395,1396,1397,1398,1399,1400,1401,1402,1403,1404,1405,1406,1407,1408,1409,
501;1;4176;4326;1;1,2,32,54,87,90,110,132,138,140,186,217,301,316,317,327,335,337,345,348,349,350,351,352,353,354,355,356,357,358,359,360,361,362,363,364,365,366,367,368,371,382,396,406,414,428,860,936,937,938,939,940,941,942,1028,1112,1165,1387,1388,1389,1390,1391,1392,1393,1394,1395,1396,1397,1398,1399,1400,1401,1402,1403,1404,1405,1406,1407,1408,1409,
138;0;4326;4340;0;1,2,32,54,87,90,110,132,138,140,186,217,301,316,317,327,335,337,345,348,349,350,351,352,353,354,355,356,357,358,359,360,361,362,363,364,365,366,367,368,371,382,396,406,414,428,860,936,937,938,939,940,941,942,1028,1112,1165,1387,1388,1389,1390,1391,1392,1393,1394,1395,1396,1397,1398,1399,1400,1401,1402,1403,1404,1405,1406,1407,1408,1409,
138;1;4340;4476;0;1,2,32,54,87,90,110,132,138,140,186,217,301,316,317,327,335,337,345,348,349,350,351,352,353,354,355,356,357,358,359,360,361,362,363,364,365,366,367,368,371,382,396,406,414,428,860,936,937,938,939,940,941,942,1028,1112,1165,1387,1388,1389,1390,1391,1392,1393,1394,1395,1396,1397,1398,1399,1400,1401,1402,1403,1404,1405,1406,1407,1408,1409,
310;0;4476;4505;0;1,2,32,54,87,90,110,132,138,140,186,217,301,316,317,327,335,337,345,348,349,350,351,352,353,354,355,356,357,358,359,360,361,362,363,364,365,366,367,368,371,382,396,406,414,428,860,936,937,938,939,940,941,942,1028,1112,1165,1387,1388,1389,1390,1391,1392,1393,1394,1395,1396,1397,1398,1399,1400,1401,1402,1403,1404,1405,1406,1407,1408,1409,
559;0;4505;4640;1;1,2,32,54,87,90,110,132,138,140,186,217,301,316,317,327,335,337,345,348,349,350,351,352,353,354,355,356,357,358,359,360,361,362,363,364,365,366,367,368,371,382,396,406,414,428,860,936,937,938,939,940,941,942,1028,1112,1165,1387,1388,1389,1390,1391,1392,1393,1394,1395,1396,1397,1398,1399,1400,1401,1402,1403,1404,1405,1406,1407,1408,1409,
559;1;4640;4669;1;1,2,32,54,87,90,110,132,138,140,186,217,301,316,317,327,335,337,345,348,349,350,351,352,353,354,355,356,357,358,359,360,361,362,363,364,365,366,367,368,371,382,396,406,414,428,860,936,937,938,939,940,941,942,1028,1112,1165,1387,1388,1389,1390,1391,1392,1393,1394,1395,1396,1397,1398,1399,1400,1401,1402,1403,1404,1405,1406,1407,1408,1409,
243;0;4669;4690;0;1,2,32,54,87,90,110,132,138,140,186,217,301,316,317,327,335,337,345,348,349,350,351,352,353,354,355,356,357,358,359,360,361,362,363,364,365,366,367,368,371,382,396,406,414,428,860,936,937,938,939,940,941,942,1028,1112,1165,1387,1388,1389,1390,1391,1392,1393,1394,1395,1396,1397,1398,1399,1400,1401,1402,1403,1404,1405,1406,1407,1408,1409,
243;1;4690;4713;0;1,2,32,54,87,90,110,132,138,140,186,217,301,316,317,327,335,337,345,348,349,350,351,352,353,354,355,356,357,358,359,360,361,362,363,364,365,366,367,368,371,382,396,406,414,428,860,936,937,938,939,940,941,942,1028,1112,1165,1387,1388,1389,1390,1391,1392,1393,1394,1395,1396,1397,1398,1399,1400,1401,1402,1403,1404,1405,1406,1407,1408,1409,
329;0;4713;4791;1;1,2,32,54,87,90,110,132,138,140,186,217,301,316,317,327,335,337,345,348,349,350,351,352,353,354,355,356,357,358,359,360,361,362,363,364,365,366,367,368,371,382,396,406,414,428,860,936,937,938,939,940,941,942,1028,1112,1165,1387,1388,1389,1390,1391,1392,1393,1394,1395,1396,1397,1398,1399,1400,1401,1402,1403,1404,1405,1406,1407,1408,1409,
329;1;4791;4927;1;1,2,32,54,87,90,110,132,138,140,186,217,301,316,317,327,335,337,345,348,349,350,351,352,353,354,355,356,357,358,359,360,361,362,363,364,365,366,367,368,371,382,396,406,414,428,860,936,937,938,939,940,941,942,1028,1112,1165,1387,1388,1389,1390,1391,1392,1393,1394,1395,1396,1397,1398,1399,1400,1401,1402,1403,1404,1405,1406,1407,1408,1409,
283;0;4927;5024;0;1,2,32,54,87,90,110,129,132,135,138,140,186,277,301,316,317,327,334,335,336,337,338,339,340,341,342,343,344,345,346,347,348,349,350,351,352,358,360,366,371,382,396,405,406,407,408,409,410,411,412,413,428,497,606,607,608,609,610,611,612,613,614,615,616,860,1003,1028,1137,1165,1170,1171,1172,1173,1174,1175,1176,1177,1178,1409,
283;1;5024;5097;0;1,2,32,54,87,90,110,129,132,135,138,140,186,277,301,316,317,327,334,335,336,337,338,339,340,341,342,343,344,345,346,347,348,349,350,351,352,358,360,366,371,382,396,405,406,407,408,409,410,411,412,413,428,497,606,607,608,609,610,611,612,613,614,615,616,860,1003,1028,1137,1165,1170,1171,1172,1173,1174,1175,1176,1177,1178,1409,
354;0;5097;5171;1;1,2,32,54,87,90,110,129,132,135,138,140,186,277,301,316,317,327,334,335,336,337,338,339,340,341,342,343,344,345,346,347,348,349,350,351,352,358,360,366,371,382,396,405,406,407,408,409,410,411,412,413,428,497,606,607,608,609,610,611,612,613,614,615,616,860,1003,1028,1137,1165,1170,1171,1172,1173,1174,1175,1176,1177,1178,1409,
354;1;5171;5321;1;1,2,32,54,87,90,110,129,132,135,138,140,186,277,301,316,317,327,334,335,336,337,338,339,340,341,342,343,344,345,346,347,348,349,350,351,352,358,360,366,371,382,396,405,406,407,408,409,410,411,412,413,428,497,606,607,608,609,610,611,612,613,614,615,616,860,1003,1028,1137,1165,1170,1171,1172,1173,1174,1175,1176,1177,1178,1409,
31;0;5321;5374;1;1,2,32,54,87,90,110,129,132,135,138,140,186,277,301,316,317,327,334,335,336,337,338,339,340,341,342,343,344,345,346,347,348,349,350,351,352,358,360,366,371,382,396,405,406,407,408,409,410,411,412,413,428,497,606,607,608,609,610,611,612,613,614,615,616,860,1003,1028,1137,1165,1170,1171,1172,1173,1174,1175,1176,1177,1178,1409,
31;1;5374;5446;1;1,2,32,54,87,90,110,129,132,135,138,140,186,277,301,316,317,327,334,335,336,337,338,339,340,341,342,343,344,345,346,347,348,349,350,351,352,358,360,366,371,382,396,405,406,407,408,409,410,411,412,413,428,497,606,607,608,609,610,611,612,613,614,615,616,860,1003,1028,1137,1165,1170,1171,1172,1173,1174,1175,1176,1177,1178,1409,
613;0;5446;5507;0;1,2,32,54,87,90,110,129,132,135,138,140,186,277,301,316,317,327,334,335,336,337,338,339,340,341,342,343,344,345,346,347,348,349,350,351,352,358,360,366,371,382,396,405,406,407,408,409,410,411,412,413,428,497,606,607,608,609,610,611,612,613,614,615,616,860,1003,1028,1137,1165,1170,1171,1172,1173,1174,1175,1176,1177,1178,1409,
613;1;5507;5583;0;1,2,32,54,87,90,110,129,132,135,138,140,186,277,301,316,317,327,334,335,336,337,338,339,340,341,342,343,344,345,346,347,348,349,350,351,352,358,360,366,371,382,396,405,406,407,408,409,410,411,412,413,428,497,606,607,608,609,610,611,612,613,614,615,616,860,1003,1028,1137,1165,1170,1171,1172,1173,1174,1175,1176,1177,1178,1409,
509;0;5583;5624;1;1,2,32,54,87,90,110,129,132,135,138,140,186,277,301,316,317,327,334,335,336,337,338,339,340,341,342,343,344,345,346,347,348,349,350,351,352,358,360,366,371,382,396,405,406,407,408,409,410,411,412,413,428,497,606,607,608,609,610,611,612,613,614,615,616,860,1003,1028,1137,1165,1170,1171,1172,1173,1174,1175,1176,1177,1178,1409,
509;1;5624;5722;1;1,2,32,54,87,90,110,129,132,135,138,140,186,277,301,316,317,327,334,335,336,337,338,339,340,341,342,343,344,345,346,347,348,349,350,351,352,358,360,366,371,382,396,405,406,407,408,409,410,411,412,413,428,497,606,607,608,609,610,611,612,613,614,615,616,860,1003,1028,1137,1165,1170,1171,1172,1173,1174,1175,1176,1177,1178,1409,
679;0;5722;5871;1;1,2,32,54,87,90,110,129,132,135,138,140,186,277,301,316,317,327,334,335,336,337,338,339,340,341,342,343,344,345,346,347,348,349,350,351,352,358,360,366,371,382,396,405,406,407,408,409,410,411,412,413,428,497,606,607,608,609,610,611,612,613,614,615,616,860,1003,1028,1137,1165,1170,1171,1172,1173,1174,1175,1176,1177,1178,1409,
679;1;5871;6010;1;1,2,32,54,87,90,110,129,132,135,138,140,186,277,301,316,317,327,334,335,336,337,338,339,340,341,342,343,344,345,346,347,348,349,350,351,352,358,360,366,371,382,396,405,406,407,408,409,410,411,412,413,428,497,606,607,608,609,610,611,612,613,614,615,616,860,1003,1028,1137,1165,1170,1171,1172,1173,1174,1175,1176,1177,1178,1409,
589;0;6010;6040;1;1,2,32,54,87,90,110,129,132,135,138,140,186,277,301,316,317,327,334,335,336,337,338,339,340,341,342,343,344,345,346,347,348,349,350,351,352,358,360,366,371,382,396,405,406,407,408,409,410,411,412,413,428,497,606,607,608,609,610,611,612,613,614,615,616,860,1003,1028,1137,1165,1170,1171,1172,1173,1174,1175,1176,1177,1178,1409,
589;1;6040;6179;1;1,2,32,54,87,90,110,129,132,135,138,140,186,277,301,316,317,327,334,335,336,337,338,339,340,341,342,343,344,345,346,347,348,349,350,351,352,358,360,366,371,382,396,405,406,407,408,409,410,411,412,413,428,497,606,607,608,609,610,611,612,613,614,615,616,860,1003,1028,1137,1165,1170,1171,1172,1173,1174,1175,1176,1177,1178,1409,
476;0;6179;6198;1;1,2,32,54,87,90,110,129,132,135,138,140,186,277,301,316,317,327,334,335,336,337,338,339,340,341,342,343,344,345,346,347,348,349,350,351,352,358,360,366,371,382,396,405,406,407,408,409,410,411,412,413,428,497,606,607,608,609,610,611,612,613,614,615,616,860,1003,1028,1137,1165,1170,1171,1172,1173,1174,1175,1176,1177,1178,1409,
476;1;6198;6234;1;1,2,32,54,87,90,110,129,132,135,138,140,186,277,301,316,317,327,334,335,336,337,338,339,340,341,342,343,344,345,346,347,348,349,350,351,352,358,360,366,371,382,396,405,406,407,408,409,410,411,412,413,428,497,606,607,608,609,610,611,612,613,614,615,616,860,1003,1028,1137,1165,1170,1171,1172,1173,1174,1175,1176,1177,1178,1409,
259;0;6234;6372;1;1,2,32,54,87,90,110,129,132,135,138,140,186,277,301,316,317,327,334,335,336,337,338,339,340,341,342,343,344,345,346,347,348,349,350,351,352,358,360,366,371,382,396,405,406,407,408,409,410,411,412,413,428,497,606,607,608,609,610,611,612,613,614,615,616,860,1003,1028,1137,1165,1170,1171,1172,1173,1174,1175,1176,1177,1178,1409,
259;1;6372;6448;1;1,2,32,54,87,90,110,129,132,135,138,140,186,277,301,316,317,327,334,335,336,337,338,339,340,341,342,343,344,345,346,347,348,349,350,351,352,358,360,366,371,382,396,405,406,407,408,409,410,411,412,413,428,497,606,607,608,609,610,611,612,613,614,615,616,860,1003,1028,1137,1165,1170,1171,1172,1173,1174,1175,1176,1177,1178,1409,
134;0;6448;6551;1;1,2,8,32,54,87,110,129,132,135,138,140,186,249,259,277,316,317,327,334,335,336,337,338,339,340,341,342,343,344,345,346,347,360,371,382,405,408,410,412,413,428,468,477,482,497,504,505,506,507,508,509,510,511,512,513,860,1002,1008,1009,1010,1011,1012,1013,1014,1015,1016,1017,1018,1019,1020,1021,1022,1023,1024,1025,1026,1027,1028,1137,
134;1;6551;6645;1;1,2,8,32,54,87,110,129,132,135,138,140,186,249,259,277,316,317,327,334,335,336,337,338,339,340,341,342,343,344,345,346,347,360,371,382,405,408,410,412,413,428,468,477,482,497,504,505,506,507,508,509,510,511,512,513,860,1002,1008,1009,1010,1011,1012,1013,1014,1015,1016,1017,1018,1019,1020,1021,1022,1023,1024,1025,1026,1027,1028,1137,
234;0;6645;6748;1;1,2,8,32,54,87,110,129,132,135,138,140,186,249,259,277,316,317,327,334,335,336,337,338,339,340,341,342,343,344,345,346,347,360,371,382,405,408,410,412,413,428,468,477,482,497,504,505,506,507,508,509,510,511,512,513,860,1002,1008,1009,1010,1011,1012,1013,1014,1015,1016,1017,1018,1019,1020,1021,1022,1023,1024,1025,1026,1027,1028,1137,
234;1;6748;6782;1;1,2,8,32,54,87,110,129,132,135,138,140,186,249,259,277,316,317,327,334,335,336,337,338,339,340,341,342,343,344,345,346,347,360,371,382,405,408,410,412,413,428,468,477,482,497,504,505,506,507,508,509,510,511,512,513,860,1002,1008,1009,1010,1011,1012,1013,1014,1015,1016,1017,1018,1019,1020,1021,1022,1023,1024,1025,1026,1027,1028,1137,
178;0;6782;6834;0;1,2,8,32,54,87,110,129,132,135,138,140,186,249,259,277,316,317,327,334,335,336,337,338,339,340,341,342,343,344,345,346,347,360,371,382,405,408,410,412,413,428,468,477,482,497,504,505,506,507,508,509,510,511,512,513,860,1002,1008,1009,1010,1011,1012,1013,1014,1015,1016,1017,1018,1019,1020,1021,1022,1023,1024,1025,1026,1027,1028,1137,
178;1;6834;6907;0;1,2,8,32,54,87,110,129,132,135,138,140,186,249,259,277,316,317,327,334,335,336,337,338,339,340,341,342,343,344,345,346,347,360,371,382,405,408,410,412,413,428,468,477,482,497,504,505,506,507,508,509,510,511,512,513,860,1002,1008,1009,1010,1011,1012,1013,1014,1015,1016,1017,1018,1019,1020,1021,1022,1023,1024,1025,1026,1027,1028,1137,
279;0;6907;7083;1;1,2,8,32,54,87,110,129,132,135,138,140,186,249,259,277,316,317,327,334,335,336,337,338,339,340,341,342,343,344,345,346,347,360,371,382,405,408,410,412,413,428,468,477,482,497,504,505,506,507,508,509,510,511,512,513,860,1002,1008,1009,1010,1011,1012,1013,1014,1015,1016,1017,1018,1019,1020,1021,1022,1023,1024,1025,1026,1027,1028,1137,
279;1;7083;7177;1;1,2,8,32,54,87,110,129,132,135,138,140,186,249,259,277,316,317,327,334,335,336,337,338,339,340,341,342,343,344,345,346,347,360,371,382,405,408,410,412,413,428,468,477,482,497,504,505,506,507,508,509,510,511,512,513,860,1002,1008,1009,1010,1011,1012,1013,1014,1015,1016,1017,1018,1019,1020,1021,1022,1023,1024,1025,1026,1027,1028,1137,
270;0;7177;7211;0;1,2,8,32,54,87,110,129,132,135,138,140,186,249,259,277,316,317,327,334,335,336,337,338,339,340,341,342,343,344,345,346,347,360,371,382,405,408,410,412,413,428,468,477,482,497,504,505,506,507,508,509,510,511,512,513,860,1002,1008,1009,1010,1011,1012,1013,1014,1015,1016,1017,1018,1019,1020,1021,1022,1023,1024,1025,1026,1027,1028,1137,
258;0;7211;7294;0;1,2,8,32,54,87,110,129,132,135,138,140,186,249,259,277,316,317,327,334,335,336,337,338,339,340,341,342,343,344,345,346,347,360,371,382,405,408,410,412,413,428,468,477,482,497,504,505,506,507,508,509,510,511,512,513,860,1002,1008,1009,1010,1011,1012,1013,1014,1015,1016,1017,1018,1019,1020,1021,1022,1023,1024,1025,1026,1027,1028,1137,
258;1;7294;7388;0;1,2,8,32,54,87,110,129,132,135,138,140,186,249,259,277,316,317,327,334,335,336,337,338,339,340,341,342,343,344,345,346,347,360,371,382,405,408,410,412,413,428,468,477,482,497,504,505,506,507,508,509,510,511,512,513,860,1002,1008,1009,1010,1011,1012,1013,1014,1015,1016,1017,1018,1019,1020,1021,1022,1023,1024,1025,1026,1027,1028,1137,
149;0;7388;7540;1;1,2,8,32,54,87,110,129,132,135,138,140,186,249,259,277,316,317,327,334,335,336,337,338,339,340,341,342,343,344,345,346,347,360,371,382,405,408,410,412,413,428,468,477,482,497,504,505,506,507,508,509,510,511,512,513,860,1002,1008,1009,1010,1011,1012,1013,1014,1015,1016,1017,1018,1019,1020,1021,1022,1023,1024,1025,1026,1027,1028,1137,
149;1;7540;7574;1;1,2,8,32,54,87,110,129,132,135,138,140,186,249,259,277,316,317,327,334,335,336,337,338,339,340,341,342,343,344,345,346,347,360,371,382,405,408,410,412,413,428,468,477,482,497,504,505,506,507,508,509,510,511,512,513,860,1002,1008,1009,1010,1011,1012,1013,1014,1015,1016,1017,1018,1019,1020,1021,1022,1023,1024,1025,1026,1027,1028,1137,
699;0;7574;7623;1;2,32,87,110,123,125,129,132,135,138,140,186,249,259,277,317,327,334,335,336,337,338,339,340,341,342,343,344,345,346,347,371,382,405,410,412,428,465,468,477,482,504,505,506,507,508,509,510,511,512,513,519,621,626,639,778,779,780,781,782,783,784,785,786,787,788,789,790,791,792,793,794,795,796,797,798,799,800,801,860,
699;1;7623;7724;1;2,32,87,110,123,125,129,132,135,138,140,186,249,259,277,317,327,334,335,336,337,338,339,340,341,342,343,344,345,346,347,371,382,405,410,412,428,465,468,477,482,504,505,506,507,508,509,510,511,512,513,519,621,626,639,778,779,780,781,782,783,784,785,786,787,788,789,790,791,792,793,794,795,796,797,798,799,800,801,860,
426;0;7724;7808;1;2,32,87,110,123,125,129,132,135,138,140,186,249,259,277,317,327,334,335,336,337,338,339,340,341,342,343,344,345,346,347,371,382,405,410,412,428,465,468,477,482,504,505,506,507,508,509,510,511,512,513,519,621,626,639,778,779,780,781,782,783,784,785,786,787,788,789,790,791,792,793,794,795,796,797,798,799,800,801,860,
426;1;7808;7881;1;2,32,87,110,123,125,129,132,135,138,140,186,249,259,277,317,327,334,335,336,337,338,339,340,341,342,343,344,345,346,347,371,382,405,410,412,428,465,468,477,482,504,505,506,507,508,509,510,511,512,513,519,621,626,639,778,779,780,781,782,783,784,785,786,787,788,789,790,791,792,793,794,795,796,797,798,799,800,801,860,
20;0;7881;7954;0;2,32,87,110,129,135,138,155,186,249,259,277,327,334,335,336,337,338,339,340,341,342,343,344,345,346,347,371,377,382,405,410,412,428,468,477,482,504,505,506,507,508,509,510,511,512,513,517,529,626,780,860,919,1066,1108,1234,1235,1236,1237,1238,1239,1240,1241,1242,1243,1244,1245,1246,1247,1248,1249,1250,1251,1252,1253,1254,1255,1256,1257,1258,
481;0;7954;8114;1;2,32,87,110,129,135,138,155,186,249,259,277,327,334,335,336,337,338,339,340,341,342,343,344,345,346,347,371,377,382,405,410,412,428,468,477,482,504,505,506,507,508,509,510,511,512,513,517,529,626,780,860,919,1066,1108,1234,1235,1236,1237,1238,1239,1240,1241,1242,1243,1244,1245,1246,1247,1248,1249,1250,1251,1252,1253,1254,1255,1256,1257,1258,
481;1;8114;8187;1;2,32,87,110,129,135,138,155,186,249,259,277,327,334,335,336,337,338,339,340,341,342,343,344,345,346,347,371,377,382,405,410,412,428,468,477,482,504,505,506,507,508,509,510,511,512,513,517,529,626,780,860,919,1066,1108,1234,1235,1236,1237,1238,1239,1240,1241,1242,1243,1244,1245,1246,1247,1248,1249,1250,1251,1252,1253,1254,1255,1256,1257,1258,
578;0;8187;8191;0;2,32,87,110,129,135,138,155,186,249,259,277,327,334,335,336,337,338,339,340,341,342,343,344,345,346,347,371,377,382,405,410,412,428,468,477,482,504,505,506,507,508,509,510,511,512,513,517,529,626,780,860,919,1066,1108,1234,1235,1236,1237,1238,1239,1240,1241,1242,1243,1244,1245,1246,1247,1248,1249,1250,1251,1252,1253,1254,1255,1256,1257,1258,
578;1;8191;8225;0;2,32,87,110,129,135,138,155,186,249,259,277,327,334,335,336,337,338,339,340,341,342,343,344,345,346,347,371,377,382,405,410,412,428,468,477,482,504,505,506,507,508,509,510,511,512,513,517,529,626,780,860,919,1066,1108,1234,1235,1236,1237,1238,1239,1240,1241,1242,1243,1244,1245,1246,1247,1248,1249,1250,1251,1252,1253,1254,1255,1256,1257,1258,
438;0;8225;8274;0;2,32,87,110,129,135,138,155,186,249,259,277,327,334,335,336,337,338,339,340,341,342,343,344,345,346,347,371,377,382,405,410,412,428,468,477,482,504,505,506,507,508,509,510,511,512,513,517,529,626,780,860,919,1066,1108,1234,1235,1236,1237,1238,1239,1240,1241,1242,1243,1244,1245,1246,1247,1248,1249,1250,1251,1252,1253,1254,1255,1256,1257,1258,
438;1;8274;8347;0;2,32,87,110,129,135,138,155,186,249,259,277,327,334,335,336,337,338,339,340,341,342,343,344,345,346,347,371,377,382,405,410,412,428,468,477,482,504,505,506,507,508,509,510,511,512,513,517,529,626,780,860,919,1066,1108,1234,1235,1236,1237,1238,1239,1240,1241,1242,1243,1244,1245,1246,1247,1248,1249,1250,1251,1252,1253,1254,1255,1256,1257,1258,
456;0;8347;8522;1;2,32,87,110,129,135,138,155,186,249,259,277,327,334,335,336,337,338,339,340,341,342,343,344,345,346,347,371,377,382,405,410,412,428,468,477,482,504,505,506,507,508,509,510,511,512,513,517,529,626,780,860,919,1066,1108,1234,1235,1236,1237,1238,1239,1240,1241,1242,1243,1244,1245,1246,1247,1248,1249,1250,1251,1252,1253,1254,1255,1256,1257,1258,
456;1;8522;8583;1;2,32,87,110,129,135,138,155,186,249,259,277,327,334,335,336,337,338,339,340,341,342,343,344,345,346,347,371,377,382,405,410,412,428,468,477,482,504,505,506,507,508,509,510,511,512,513,517,529,626,780,860,919,1066,1108,1234,1235,1236,1237,1238,1239,1240,1241,1242,1243,1244,1245,1246,1247,1248,1249,1250,1251,1252,1253,1254,1255,1256,1257,1258,
254;0;8583;8752;1;2,32,87,110,129,135,138,155,186,249,259,277,327,334,335,336,337,338,339,340,341,342,343,344,345,346,347,371,377,382,405,410,412,428,468,477,482,504,505,506,507,508,509,510,511,512,513,517,529,626,780,860,919,1066,1108,1234,1235,1236,1237,1238,1239,1240,1241,1242,1243,1244,1245,1246,1247,1248,1249,1250,1251,1252,1253,1254,1255,1256,1257,1258,
254;1;8752;8813;1;2,32,87,110,129,135,138,155,186,249,259,277,327,334,335,336,337,338,339,340,341,342,343,344,345,346,347,371,377,382,405,410,412,428,468,477,482,504,505,506,507,508,509,510,511,512,513,517,529,626,780,860,919,1066,1108,1234,1235,1236,1237,1238,1239,1240,1241,1242,1243,1244,1245,1246,1247,1248,1249,1250,1251,1252,1253,1254,1255,1256,1257,1258,
41;0;8813;8955;1;2,32,87,110,129,135,138,155,186,249,259,277,327,334,335,336,337,338,339,340,341,342,343,344,345,346,347,371,377,382,405,410,412,428,468,477,482,504,505,506,507,508,509,510,511,512,513,517,529,626,780,860,919,1066,1108,1234,1235,1236,1237,1238,1239,1240,1241,1242,1243,1244,1245,1246,1247,1248,1249,1250,1251,1252,1253,1254,1255,1256,1257,1258,
41;1;8955;8989;1;2,32,87,110,129,135,138,155,186,249,259,277,327,334,335,336,337,338,339,340,341,342,343,344,345,346,347,371,377,382,405,410,412,428,468,477,482,504,505,506,507,508,509,510,511,512,513,517,529,626,780,860,919,1066,1108,1234,1235,1236,1237,1238,1239,1240,1241,1242,1243,1244,1245,1246,1247,1248,1249,1250,1251,1252,1253,1254,1255,1256,1257,1258,
246;0;8989;9064;1;2,32,87,88,110,129,135,138,151,155,186,234,249,259,277,327,334,335,336,337,338,339,340,341,342,343,344,345,346,347,371,377,382,388,405,410,412,428,468,477,482,504,505,506,507,508,509,510,511,512,513,517,529,626,780,803,845,846,847,848,849,850,851,852,853,854,855,856,857,858,859,860,861,862,863,919,1066,1108,1234,1235,
246;1;9064;9179;1;2,32,87,88,110,129,135,138,151,155,186,234,249,259,277,327,334,335,336,337,338,339,340,341,342,343,344,345,346,347,371,377,382,388,405,410,412,428,468,477,482,504,505,506,507,508,509,510,511,512,513,517,529,626,780,803,845,846,847,848,849,850,851,852,853,854,855,856,857,858,859,860,861,862,863,919,1066,1108,1234,1235,
536;0;9179;9336;1;2,32,50,51,70,81,87,104,110,129,143,151,198,228,234,249,259,264,277,336,343,371,382,400,401,402,412,428,468,477,482,498,504,505,506,507,508,509,510,511,512,513,627,677,802,803,804,805,806,807,808,809,810,823,824,825,826,875,901,922,929,949,950,951,952,953,954,955,956,957,958,959,1031,1032,1033,1034,1035,1036,1037,1038,
536;1;9336;9417;1;2,32,50,51,70,81,87,104,110,129,143,151,198,228,234,249,259,264,277,336,343,371,382,400,401,402,412,428,468,477,482,498,504,505,506,507,508,509,510,511,512,513,627,677,802,803,804,805,806,807,808,809,810,823,824,825,826,875,901,922,929,949,950,951,952,953,954,955,956,957,958,959,1031,1032,1033,1034,1035,1036,1037,1038,
628;0;9417;9458;0;2,32,50,51,70,81,87,104,110,129,143,151,198,228,234,249,259,264,277,336,343,371,382,400,401,402,412,428,468,477,482,498,504,505,506,507,508,509,510,511,512,513,627,677,802,803,804,805,806,807,808,809,810,823,824,825,826,875,901,922,929,949,950,951,952,953,954,955,956,957,958,959,1031,1032,1033,1034,1035,1036,1037,1038,
628;1;9458;9473;0;2,32,50,51,70,81,87,104,110,129,143,151,198,228,234,249,259,264,277,336,343,371,382,400,401,402,412,428,468,477,482,498,504,505,506,507,508,509,510,511,512,513,627,677,802,803,804,805,806,807,808,809,810,823,824,825,826,875,901,922,929,949,950,951,952,953,954,955,956,957,958,959,1031,1032,1033,1034,1035,1036,1037,1038,
231;0;9473;9620;1;2,32,50,51,70,81,87,104,110,129,143,151,198,228,234,249,259,264,277,336,343,371,382,400,401,402,412,428,468,477,482,498,504,505,506,507,508,509,510,511,512,513,627,677,802,803,804,805,806,807,808,809,810,823,824,825,826,875,901,922,929,949,950,951,952,953,954,955,956,957,958,959,1031,1032,1033,1034,1035,1036,1037,1038,
231;1;9620;9654;1;2,32,50,51,70,81,87,104,110,129,143,151,198,228,234,249,259,264,277,336,343,371,382,400,401,402,412,428,468,477,482,498,504,505,506,507,508,509,510,511,512,513,627,677,802,803,804,805,806,807,808,809,810,823,824,825,826,875,901,922,929,949,950,951,952,953,954,955,956,957,958,959,1031,1032,1033,1034,1035,1036,1037,1038,
446;0;9654;9766;1;2,32,50,51,70,81,87,104,110,129,143,151,198,228,234,249,259,264,277,336,343,371,382,400,401,402,412,428,468,477,482,498,504,505,506,507,508,509,510,511,512,513,627,677,802,803,804,805,806,807,808,809,810,823,824,825,826,875,901,922,929,949,950,951,952,953,954,955,956,957,958,959,1031,1032,1033,1034,1035,1036,1037,1038,
446;1;9766;9802;1;2,32,50,51,70,81,87,104,110,129,143,151,198,228,234,249,259,264,277,336,343,371,382,400,401,402,412,428,468,477,482,498,504,505,506,507,508,509,510,511,512,513,627,677,802,803,804,805,806,807,808,809,810,823,824,825,826,875,901,922,929,949,950,951,952,953,954,955,956,957,958,959,1031,1032,1033,1034,1035,1036,1037,1038,
144;0;9802;9832;1;2,32,50,51,70,81,87,104,110,129,143,151,198,228,234,249,259,264,277,336,343,371,382,400,401,402,412,428,468,477,482,498,504,505,506,507,508,509,510,511,512,513,627,677,802,803,804,805,806,807,808,809,810,823,824,825,826,875,901,922,929,949,950,951,952,953,954,955,956,957,958,959,1031,1032,1033,1034,1035,1036,1037,1038,
144;1;9832;9892;1;2,32,50,51,70,81,87,104,110,129,143,151,198,228,234,249,259,264,277,336,343,371,382,400,401,402,412,428,468,477,482,498,504,505,506,507,508,509,510,511,512,513,627,677,802,803,804,805,806,807,808,809,810,823,824,825,826,875,901,922,929,949,950,951,952,953,954,955,956,957,958,959,1031,1032,1033,1034,1035,1036,1037,1038,
114;0;9892;9975;1;2,32,50,51,70,81,87,104,110,129,143,151,198,228,234,249,259,264,277,336,343,371,382,400,401,402,412,428,468,477,482,498,504,505,506,507,508,509,510,511,512,513,627,677,802,803,804,805,806,807,808,809,810,823,824,825,826,875,901,922,929,949,950,951,952,953,954,955,956,957,958,959,1031,1032,1033,1034,1035,1036,1037,1038,
114;1;9975;10056;1;2,32,50,51,70,81,87,104,110,129,143,151,198,228,234,249,259,264,277,336,343,371,382,400,401,402,412,428,468,477,482,498,504,505,506,507,508,509,510,511,512,513,627,677,802,803,804,805,806,807,808,809,810,823,824,825,826,875,901,922,929,949,950,951,952,953,954,955,956,957,958,959,1031,1032,1033,1034,1035,1036,1037,1038,
Machine: 2
106;0;0;111;1;0,2,3,4,32,42,44,51,52,54,61,67,70,71,72,79,81,83,84,85,86,87,88,89,90,91,92,93,138,185,230,252,271,272,286,320,337,345,346,347,382,428,496,497,606,607,608,609,610,611,612,613,614,615,616,650,651,652,653,654,655,698,699,700,701,702,703,748,749,750,751,752,898,1126,1135,1137,1227,1228,1229,1230,
106;1;111;273;1;0,2,3,4,32,42,44,51,52,54,61,67,70,71,72,79,81,83,84,85,86,87,88,89,90,91,92,93,138,185,230,252,271,272,286,320,337,345,346,347,382,428,496,497,606,607,608,609,610,611,612,613,614,615,616,650,651,652,653,654,655,698,699,700,701,702,703,748,749,750,751,752,898,1126,1135,1137,1227,1228,1229,1230,
324;0;273;402;1;0,2,3,4,32,42,44,51,52,54,61,67,70,71,72,79,81,83,84,85,86,87,88,89,90,91,92,93,138,185,230,252,271,272,286,320,337,345,346,347,382,428,496,497,606,607,608,609,610,611,612,613,614,615,616,650,651,652,653,654,655,698,699,700,701,702,703,748,749,750,751,752,898,1126,1135,1137,1227,1228,1229,1230,
324;1;402;431;1;0,2,3,4,32,42,44,51,52,54,61,67,70,71,72,79,81,83,84,85,86,87,88,89,90,91,92,93,138,185,230,252,271,272,286,320,337,345,346,347,382,428,496,497,606,607,608,609,610,611,612,613,614,615,616,650,651,652,653,654,655,698,699,700,701,702,703,748,749,750,751,752,898,1126,1135,1137,1227,1228,1229,1230,
181;0;431;452;1;0,2,3,4,32,42,44,51,52,54,61,67,70,71,72,79,81,83,84,85,86,87,88,89,90,91,92,93,138,185,230,252,271,272,286,320,337,345,346,347,382,428,496,497,606,607,608,609,610,611,612,613,614,615,616,650,651,652,653,654,655,698,699,700,701,702,703,748,749,750,751,752,898,1126,1135,1137,1227,1228,1229,1230,
181;1;452;552;1;0,2,3,4,32,42,44,51,52,54,61,67,70,71,72,79,81,83,84,85,86,87,88,89,90,91,92,93,138,185,230,252,271,272,286,320,337,345,346,347,382,428,496,497,606,607,608,609,610,611,612,613,614,615,616,650,651,652,653,654,655,698,699,700,701,702,703,748,749,750,751,752,898,1126,1135,1137,1227,1228,1229,1230,
626;0;552;699;1;0,2,3,4,32,42,44,51,52,54,61,67,70,71,72,79,81,83,84,85,86,87,88,89,90,91,92,93,138,185,230,252,271,272,286,320,337,345,346,347,382,428,496,497,606,607,608,609,610,611,612,613,614,615,616,650,651,652,653,654,655,698,699,700,701,702,703,748,749,750,751,752,898,1126,1135,1137,1227,1228,1229,1230,
626;1;699;765;1;0,2,3,4,32,42,44,51,52,54,61,67,70,71,72,79,81,83,84,85,86,87,88,89,90,91,92,93,138,185,230,252,271,272,286,320,337,345,346,347,382,428,496,497,606,607,608,609,610,611,612,613,614,615,616,650,651,652,653,654,655,698,699,700,701,702,703,748,749,750,751,752,898,1126,1135,1137,1227,1228,1229,1230,
5;0;765;831;0;0,2,3,4,32,42,44,51,52,54,61,67,70,71,72,79,81,83,84,85,86,87,88,89,90,91,92,93,138,185,230,252,271,272,286,320,337,345,346,347,382,428,496,497,606,607,608,609,610,611,612,613,614,615,616,650,651,652,653,654,655,698,699,700,701,702,703,748,749,750,751,752,898,1126,1135,1137,1227,1228,1229,1230,
164;0;831;972;1;0,2,3,4,32,42,44,51,52,54,61,67,70,71,72,79,81,83,84,85,86,87,88,89,90,91,92,93,138,185,230,252,271,272,286,320,337,345,346,347,382,428,496,497,606,607,608,609,610,611,612,613,614,615,616,650,651,652,653,654,655,698,699,700,701,702,703,748,749,750,751,752,898,1126,1135,1137,1227,1228,1229,1230,
164;1;972;1017;1;0,2,3,4,32,42,44,51,52,54,61,67,70,71,72,79,81,83,84,85,86,87,88,89,90,91,92,93,138,185,230,252,271,272,286,320,337,345,346,347,382,428,496,497,606,607,608,609,610,611,612,613,614,615,616,650,651,652,653,654,655,698,699,700,701,702,703,748,749,750,751,752,898,1126,1135,1137,1227,1228,1229,1230,
248;0;1017;1092;0;0,2,3,4,32,42,44,51,52,54,61,67,70,71,72,79,81,83,84,85,86,87,88,89,90,91,92,93,138,185,230,252,271,272,286,320,337,345,346,347,382,428,496,497,606,607,608,609,610,611,612,613,614,615,616,650,651,652,653,654,655,698,699,700,701,702,703,748,749,750,751,752,898,1126,1135,1137,1227,1228,1229,1230,
248;1;1092;1121;0;0,2,3,4,32,42,44,51,52,54,61,67,70,71,72,79,81,83,84,85,86,87,88,89,90,91,92,93,138,185,230,252,271,272,286,320,337,345,346,347,382,428,496,497,606,607,608,609,610,611,612,613,614,615,616,650,651,652,653,654,655,698,699,700,701,702,703,748,749,750,751,752,898,1126,1135,1137,1227,1228,1229,1230,
491;0;1121;1154;1;0,2,3,4,32,42,44,51,52,54,61,67,70,71,72,79,81,83,84,85,86,87,88,89,90,91,92,93,138,185,230,252,271,272,286,320,337,345,346,347,382,428,496,497,606,607,608,609,610,611,612,613,614,615,616,650,651,652,653,654,655,698,699,700,701,702,703,748,749,750,751,752,898,1126,1135,1137,1227,1228,1229,1230,
491;1;1154;1230;1;0,2,3,4,32,42,44,51,52,54,61,67,70,71,72,79,81,83,84,85,86,87,88,89,90,91,92,93,138,185,230,252,271,272,286,320,337,345,346,347,382,428,496,497,606,607,608,609,610,611,612,613,614,615,616,650,651,652,653,654,655,698,699,700,701,702,703,748,749,750,751,752,898,1126,1135,1137,1227,1228,1229,1230,
358;0;1230;1261;0;0,2,3,4,32,42,44,51,52,54,61,67,70,71,72,79,81,83,84,85,86,87,88,89,90,91,92,93,138,185,230,252,271,272,286,320,337,345,346,347,382,428,496,497,606,607,608,609,610,611,612,613,614,615,616,650,651,652,653,654,655,698,699,700,701,702,703,748,749,750,751,752,898,1126,1135,1137,1227,1228,1229,1230,
358;1;1261;1290;0;0,2,3,4,32,42,44,51,52,54,61,67,70,71,72,79,81,83,84,85,86,87,88,89,90,91,92,93,138,185,230,252,271,272,286,320,337,345,346,347,382,428,496,497,606,607,608,609,610,611,612,613,614,615,616,650,651,652,653,654,655,698,699,700,701,702,703,748,749,750,751,752,898,1126,1135,1137,1227,1228,1229,1230,
77;0;1290;1335;0;0,2,3,4,32,42,44,51,52,54,61,67,70,71,72,79,81,83,84,85,86,87,88,89,90,91,92,93,138,185,230,252,271,272,286,320,337,345,346,347,382,428,496,497,606,607,608,609,610,611,612,613,614,615,616,650,651,652,653,654,655,698,699,700,701,702,703,748,749,750,751,752,898,1126,1135,1137,1227,1228,1229,1230,
163;0;1335;1372;0;0,2,3,4,32,42,44,51,52,54,61,67,70,71,72,79,81,83,84,85,86,87,88,89,90,91,92,93,138,185,230,252,271,272,286,320,337,345,346,347,382,428,496,497,606,607,608,609,610,611,612,613,614,615,616,650,651,652,653,654,655,698,699,700,701,702,703,748,749,750,751,752,898,1126,1135,1137,1227,1228,1229,1230,
163;1;1372;1438;0;0,2,3,4,32,42,44,51,52,54,61,67,70,71,72,79,81,83,84,85,86,87,88,89,90,91,92,93,138,185,230,252,271,272,286,320,337,345,346,347,382,428,496,497,606,607,608,609,610,611,612,613,614,615,616,650,651,652,653,654,655,698,699,700,701,702,703,748,749,750,751,752,898,1126,1135,1137,1227,1228,1229,1230,
619;0;1438;1506;1;0,2,3,4,32,42,44,51,52,54,61,67,70,71,72,79,81,83,84,85,86,87,88,89,90,91,92,93,138,185,230,252,271,272,286,320,337,345,346,347,382,428,496,497,606,607,608,609,610,611,612,613,614,615,616,650,651,652,653,654,655,698,699,700,701,702,703,748,749,750,751,752,898,1126,1135,1137,1227,1228,1229,1230,
619;1;1506;1597;1;0,2,3,4,32,42,44,51,52,54,61,67,70,71,72,79,81,83,84,85,86,87,88,89,90,91,92,93,138,185,230,252,271,272,286,320,337,345,346,347,382,428,496,497,606,607,608,609,610,611,612,613,614,615,616,650,651,652,653,654,655,698,699,700,701,702,703,748,749,750,751,752,898,1126,1135,1137,1227,1228,1229,1230,
499;0;1597;1668;1;0,2,3,4,32,42,44,51,52,54,61,67,70,71,72,79,81,83,84,85,86,87,88,89,90,91,92,93,138,185,230,252,271,272,286,320,337,345,346,347,382,428,496,497,606,607,608,609,610,611,612,613,614,615,616,650,651,652,653,654,655,698,699,700,701,702,703,748,749,750,751,752,898,1126,1135,1137,1227,1228,1229,1230,
499;1;1668;1734;1;0,2,3,4,32,42,44,51,52,54,61,67,70,71,72,79,81,83,84,85,86,87,88,89,90,91,92,93,138,185,230,252,271,272,286,320,337,345,346,347,382,428,496,497,606,607,608,609,610,611,612,613,614,615,616,650,651,652,653,654,655,698,699,700,701,702,703,748,749,750,751,752,898,1126,1135,1137,1227,1228,1229,1230,
621;0;1734;1776;1;0,2,3,4,32,42,44,51,52,54,61,67,70,71,72,79,81,83,84,85,86,87,88,89,90,91,92,93,138,185,230,252,271,272,286,320,337,345,346,347,382,428,496,497,606,607,608,609,610,611,612,613,614,615,616,650,651,652,653,654,655,698,699,700,701,702,703,748,749,750,751,752,898,1126,1135,1137,1227,1228,1229,1230,
621;1;1776;1852;1;0,2,3,4,32,42,44,51,52,54,61,67,70,71,72,79,81,83,84,85,86,87,88,89,90,91,92,93,138,185,230,252,271,272,286,320,337,345,346,347,382,428,496,497,606,607,608,609,610,611,612,613,614,615,616,650,651,652,653,654,655,698,699,700,701,702,703,748,749,750,751,752,898,1126,1135,1137,1227,1228,1229,1230,
238;0;1852;1929;0;0,2,3,4,32,42,44,51,52,54,61,67,70,71,72,79,81,83,84,85,86,87,88,89,90,91,92,93,138,185,230,252,271,272,286,320,337,345,346,347,382,428,496,497,606,607,608,609,610,611,612,613,614,615,616,650,651,652,653,654,655,698,699,700,701,702,703,748,749,750,751,752,898,1126,1135,1137,1227,1228,1229,1230,
238;1;1929;2019;0;0,2,3,4,32,42,44,51,52,54,61,67,70,71,72,79,81,83,84,85,86,87,88,89,90,91,92,93,138,185,230,252,271,272,286,320,337,345,346,347,382,428,496,497,606,607,608,609,610,611,612,613,614,615,616,650,651,652,653,654,655,698,699,700,701,702,703,748,749,750,751,752,898,1126,1135,1137,1227,1228,1229,1230,
284;0;2019;2044;1;0,2,42,44,51,52,54,61,70,71,72,79,81,83,84,85,86,87,88,89,90,91,92,105,106,147,149,150,151,153,155,173,182,183,194,195,196,197,198,199,200,201,202,203,204,205,206,207,208,209,210,211,212,213,214,215,216,217,218,219,220,221,222,272,293,371,396,698,699,700,701,702,703,827,828,858,1119,1120,1121,1122,
284;1;2044;2224;1;0,2,42,44,51,52,54,61,70,71,72,79,81,83,84,85,86,87,88,89,90,91,92,105,106,147,149,150,151,153,155,173,182,183,194,195,196,197,198,199,200,201,202,203,204,205,206,207,208,209,210,211,212,213,214,215,216,217,218,219,220,221,222,272,293,371,396,698,699,700,701,702,703,827,828,858,1119,1120,1121,1122,
169;0;2224;2234;1;0,2,42,44,51,52,54,61,70,71,72,79,81,83,84,85,86,87,88,89,90,91,92,105,106,147,149,150,151,153,155,173,182,183,194,195,196,197,198,199,200,201,202,203,204,205,206,207,208,209,210,211,212,213,214,215,216,217,218,219,220,221,222,272,293,371,396,698,699,700,701,702,703,827,828,858,1119,1120,1121,1122,
169;1;2234;2373;1;0,2,42,44,51,52,54,61,70,71,72,79,81,83,84,85,86,87,88,89,90,91,92,105,106,147,149,150,151,153,155,173,182,183,194,195,196,197,198,199,200,201,202,203,204,205,206,207,208,209,210,211,212,213,214,215,216,217,218,219,220,221,222,272,293,371,396,698,699,700,701,702,703,827,828,858,1119,1120,1121,1122,
376;0;2373;2482;1;0,2,42,44,51,52,54,61,70,71,72,79,81,83,84,85,86,87,88,89,90,91,92,105,106,147,149,150,151,153,155,173,182,183,194,195,196,197,198,199,200,201,202,203,204,205,206,207,208,209,210,211,212,213,214,215,216,217,218,219,220,221,222,272,293,371,396,698,699,700,701,702,703,827,828,858,1119,1120,1121,1122,
376;1;2482;2548;1;0,2,42,44,51,52,54,61,70,71,72,79,81,83,84,85,86,87,88,89,90,91,92,105,106,147,149,150,151,153,155,173,182,183,194,195,196,197,198,199,200,201,202,203,204,205,206,207,208,209,210,211,212,213,214,215,216,217,218,219,220,221,222,272,293,371,396,698,699,700,701,702,703,827,828,858,1119,1120,1121,1122,
328;0;2548;2596;0;0,2,42,44,51,52,54,61,70,71,72,79,81,83,84,85,86,87,88,89,90,91,92,105,106,147,149,150,151,153,155,173,182,183,194,195,196,197,198,199,200,201,202,203,204,205,206,207,208,209,210,211,212,213,214,215,216,217,218,219,220,221,222,272,293,371,396,698,699,700,701,702,703,827,828,858,1119,1120,1121,1122,
328;1;2596;2745;0;0,2,42,44,51,52,54,61,70,71,72,79,81,83,84,85,86,87,88,89,90,91,92,105,106,147,149,150,151,153,155,173,182,183,194,195,196,197,198,199,200,201,202,203,204,205,206,207,208,209,210,211,212,213,214,215,216,217,218,219,220,221,222,272,293,371,396,698,699,700,701,702,703,827,828,858,1119,1120,1121,1122,
543;0;2745;2779;0;0,2,42,44,51,52,54,61,70,71,72,79,81,83,84,85,86,87,88,89,90,91,92,105,106,147,149,150,151,153,155,173,182,183,194,195,196,197,198,199,200,201,202,203,204,205,206,207,208,209,210,211,212,213,214,215,216,217,218,219,220,221,222,272,293,371,396,698,699,700,701,702,703,827,828,858,1119,1120,1121,1122,
543;1;2779;2918;0;0,2,42,44,51,52,54,61,70,71,72,79,81,83,84,85,86,87,88,89,90,91,92,105,106,147,149,150,151,153,155,173,182,183,194,195,196,197,198,199,200,201,202,203,204,205,206,207,208,209,210,211,212,213,214,215,216,217,218,219,220,221,222,272,293,371,396,698,699,700,701,702,703,827,828,858,1119,1120,1121,1122,
139;0;2918;3005;1;0,2,42,44,51,52,54,61,70,71,72,79,81,83,84,85,86,87,88,89,90,91,92,105,106,147,149,150,151,153,155,173,182,183,194,195,196,197,198,199,200,201,202,203,204,205,206,207,208,209,210,211,212,213,214,215,216,217,218,219,220,221,222,272,293,371,396,698,699,700,701,702,703,827,828,858,1119,1120,1121,1122,
139;1;3005;3185;1;0,2,42,44,51,52,54,61,70,71,72,79,81,83,84,85,86,87,88,89,90,91,92,105,106,147,149,150,151,153,155,173,182,183,194,195,196,197,198,199,200,201,202,203,204,205,206,207,208,209,210,211,212,213,214,215,216,217,218,219,220,221,222,272,293,371,396,698,699,700,701,702,703,827,828,858,1119,1120,1121,1122,
191;0;3185;3241;1;0,2,42,44,51,52,54,61,70,71,72,79,81,83,84,85,86,87,88,89,90,91,92,105,106,147,149,150,151,153,155,173,176,182,183,194,195,196,197,198,199,200,201,202,203,204,205,206,207,208,209,229,272,293,371,396,438,442,445,447,517,646,649,698,699,700,701,702,703,827,828,858,1119,1120,1121,1122,1146,1147,1148,1149,
191;1;3241;3384;1;0,2,42,44,51,52,54,61,70,71,72,79,81,83,84,85,86,87,88,89,90,91,92,105,106,147,149,150,151,153,155,173,176,182,183,194,195,196,197,198,199,200,201,202,203,204,205,206,207,208,209,229,272,293,371,396,438,442,445,447,517,646,649,698,699,700,701,702,703,827,828,858,1119,1120,1121,1122,1146,1147,1148,1149,
464;0;3384;3510;1;0,2,44,46,51,52,53,54,58,70,79,81,83,84,85,86,87,88,89,90,91,92,105,147,153,196,197,198,249,272,279,293,371,385,393,396,402,414,415,416,417,418,419,436,444,537,538,539,542,543,636,698,699,700,701,702,703,777,827,828,829,830,831,832,833,834,835,836,837,838,839,840,841,842,843,844,1002,1003,1004,1005,
464;1;3510;3641;1;0,2,44,46,51,52,53,54,58,70,79,81,83,84,85,86,87,88,89,90,91,92,105,147,153,196,197,198,249,272,279,293,371,385,393,396,402,414,415,416,417,418,419,436,444,537,538,539,542,543,636,698,699,700,701,702,703,777,827,828,829,830,831,832,833,834,835,836,837,838,839,840,841,842,843,844,1002,1003,1004,1005,
683;0;3641;3739;0;0,2,44,46,51,52,53,54,58,70,79,81,83,84,85,86,87,88,89,90,91,92,105,147,153,196,197,198,249,272,279,293,371,385,393,396,402,414,415,416,417,418,419,436,444,537,538,539,542,543,636,698,699,700,701,702,703,777,827,828,829,830,831,832,833,834,835,836,837,838,839,840,841,842,843,844,1002,1003,1004,1005,
683;1;3739;3860;0;0,2,44,46,51,52,53,54,58,70,79,81,83,84,85,86,87,88,89,90,91,92,105,147,153,196,197,198,249,272,279,293,371,385,393,396,402,414,415,416,417,418,419,436,444,537,538,539,542,543,636,698,699,700,701,702,703,777,827,828,829,830,831,832,833,834,835,836,837,838,839,840,841,842,843,844,1002,1003,1004,1005,
311;0;3860;3901;1;0,2,44,46,51,52,53,54,58,70,79,81,83,84,85,86,87,88,89,90,91,92,105,147,153,196,197,198,249,272,279,293,371,385,393,396,402,414,415,416,417,418,419,436,444,537,538,539,542,543,636,698,699,700,701,702,703,777,827,828,829,830,831,832,833,834,835,836,837,838,839,840,841,842,843,844,1002,1003,1004,1005,
311;1;3901;4050;1;0,2,44,46,51,52,53,54,58,70,79,81,83,84,85,86,87,88,89,90,91,92,105,147,153,196,197,198,249,272,279,293,371,385,393,396,402,414,415,416,417,418,419,436,444,537,538,539,542,543,636,698,699,700,701,702,703,777,827,828,829,830,831,832,833,834,835,836,837,838,839,840,841,842,843,844,1002,1003,1004,1005,
580;0;4050;4116;0;0,2,44,46,51,52,53,54,58,70,79,81,83,84,85,86,87,88,89,90,91,92,105,147,153,196,197,198,249,272,279,293,371,385,393,396,402,414,415,416,417,418,419,436,444,537,538,539,542,543,636,698,699,700,701,702,703,777,827,828,829,830,831,832,833,834,835,836,837,838,839,840,841,842,843,844,1002,1003,1004,1005,
384;0;4116;4295;1;0,2,44,46,51,52,53,54,58,70,79,81,83,84,85,86,87,88,89,90,91,92,105,147,153,196,197,198,249,272,279,293,371,385,393,396,402,414,415,416,417,418,419,436,444,537,538,539,542,543,636,698,699,700,701,702,703,777,827,828,829,830,831,832,833,834,835,836,837,838,839,840,841,842,843,844,1002,1003,1004,1005,
384;1;4295;4457;1;0,2,44,46,51,52,53,54,58,70,79,81,83,84,85,86,87,88,89,90,91,92,105,147,153,196,197,198,249,272,279,293,371,385,393,396,402,414,415,416,417,418,419,436,444,537,538,539,542,543,636,698,699,700,701,702,703,777,827,828,829,830,831,832,833,834,835,836,837,838,839,840,841,842,843,844,1002,1003,1004,1005,
733;0;4457;4524;0;0,2,44,46,51,52,53,54,58,70,79,81,83,84,85,86,87,88,89,90,91,92,105,147,153,196,197,198,249,272,279,293,371,385,393,396,402,414,415,416,417,418,419,436,444,537,538,539,542,543,636,698,699,700,701,702,703,777,827,828,829,830,831,832,833,834,835,836,837,838,839,840,841,842,843,844,1002,1003,1004,1005,
733;1;4524;4628;0;0,2,44,46,51,52,53,54,58,70,79,81,83,84,85,86,87,88,89,90,91,92,105,147,153,196,197,198,249,272,279,293,371,385,393,396,402,414,415,416,417,418,419,436,444,537,538,539,542,543,636,698,699,700,701,702,703,777,827,828,829,830,831,832,833,834,835,836,837,838,839,840,841,842,843,844,1002,1003,1004,1005,
266;0;4628;4790;1;0,2,44,46,51,52,53,54,58,70,79,81,83,84,85,86,87,88,89,90,91,92,105,147,153,196,197,198,249,272,279,293,371,385,393,396,402,414,415,416,417,418,419,436,444,537,538,539,542,543,636,698,699,700,701,702,703,777,827,828,829,830,831,832,833,834,835,836,837,838,839,840,841,842,843,844,1002,1003,1004,1005,
266;1;4790;4868;1;0,2,44,46,51,52,53,54,58,70,79,81,83,84,85,86,87,88,89,90,91,92,105,147,153,196,197,198,249,272,279,293,371,385,393,396,402,414,415,416,417,418,419,436,444,537,538,539,542,543,636,698,699,700,701,702,703,777,827,828,829,830,831,832,833,834,835,836,837,838,839,840,841,842,843,844,1002,1003,1004,1005,
451;0;4868;4966;1;0,1,2,3,7,9,51,67,70,77,81,87,92,105,110,143,153,156,196,197,198,234,249,270,271,272,273,274,275,276,277,278,279,280,281,282,283,284,285,286,287,288,289,290,291,292,293,294,295,296,371,385,393,396,401,402,414,415,416,417,418,419,436,444,698,699,700,701,702,703,777,802,803,804,805,806,807,808,809,810,
451;1;4966;5049;1;0,1,2,3,7,9,51,67,70,77,81,87,92,105,110,143,153,156,196,197,198,234,249,270,271,272,273,274,275,276,277,278,279,280,281,282,283,284,285,286,287,288,289,290,291,292,293,294,295,296,371,385,393,396,401,402,414,415,416,417,418,419,436,444,698,699,700,701,702,703,777,802,803,804,805,806,807,808,809,810,
136;0;5049;5093;1;0,1,2,3,7,9,51,67,70,77,81,87,92,105,110,143,153,156,196,197,198,234,249,270,271,272,273,274,275,276,277,278,279,280,281,282,283,284,285,286,287,288,289,290,291,292,293,294,295,296,371,385,393,396,401,402,414,415,416,417,418,419,436,444,698,699,700,701,702,703,777,802,803,804,805,806,807,808,809,810,
136;1;5093;5197;1;0,1,2,3,7,9,51,67,70,77,81,87,92,105,110,143,153,156,196,197,198,234,249,270,271,272,273,274,275,276,277,278,279,280,281,282,283,284,285,286,287,288,289,290,291,292,293,294,295,296,371,385,393,396,401,402,414,415,416,417,418,419,436,444,698,699,700,701,702,703,777,802,803,804,805,806,807,808,809,810,
666;0;5197;5211;1;0,1,2,3,7,9,51,67,70,77,81,87,92,105,110,143,153,156,196,197,198,234,249,270,271,272,273,274,275,276,277,278,279,280,281,282,283,284,285,286,287,288,289,290,291,292,293,294,295,296,371,385,393,396,401,402,414,415,416,417,418,419,436,444,698,699,700,701,702,703,777,802,803,804,805,806,807,808,809,810,
666;1;5211;5294;1;0,1,2,3,7,9,51,67,70,77,81,87,92,105,110,143,153,156,196,197,198,234,249,270,271,272,273,274,275,276,277,278,279,280,281,282,283,284,285,286,287,288,289,290,291,292,293,294,295,296,371,385,393,396,401,402,414,415,416,417,418,419,436,444,698,699,700,701,702,703,777,802,803,804,805,806,807,808,809,810,
309;0;5294;5349;1;0,1,2,3,7,9,51,67,70,77,81,87,92,105,110,143,153,156,196,197,198,234,249,270,271,272,273,274,275,276,277,278,279,280,281,282,283,284,285,286,287,288,289,290,291,292,293,294,295,296,371,385,393,396,401,402,414,415,416,417,418,419,436,444,698,699,700,701,702,703,777,802,803,804,805,806,807,808,809,810,
309;1;5349;5364;1;0,1,2,3,7,9,51,67,70,77,81,87,92,105,110,143,153,156,196,197,198,234,249,270,271,272,273,274,275,276,277,278,279,280,281,282,283,284,285,286,287,288,289,290,291,292,293,294,295,296,371,385,393,396,401,402,414,415,416,417,418,419,436,444,698,699,700,701,702,703,777,802,803,804,805,806,807,808,809,810,
141;0;5364;5408;1;0,1,2,3,7,9,51,67,70,77,81,87,92,105,110,143,153,156,196,197,198,234,249,270,271,272,273,274,275,276,277,278,279,280,281,282,283,284,285,286,287,288,289,290,291,292,293,294,295,296,371,385,393,396,401,402,414,415,416,417,418,419,436,444,698,699,700,701,702,703,777,802,803,804,805,806,807,808,809,810,
141;1;5408;5491;1;0,1,2,3,7,9,51,67,70,77,81,87,92,105,110,143,153,156,196,197,198,234,249,270,271,272,273,274,275,276,277,278,279,280,281,282,283,284,285,286,287,288,289,290,291,292,293,294,295,296,371,385,393,396,401,402,414,415,416,417,418,419,436,444,698,699,700,701,702,703,777,802,803,804,805,806,807,808,809,810,
738;0;5491;5545;0;0,1,2,3,7,9,51,67,70,77,81,87,92,105,110,143,153,156,196,197,198,234,249,270,271,272,273,274,275,276,277,278,279,280,281,282,283,284,285,286,287,288,289,290,291,292,293,294,295,296,371,385,393,396,401,402,414,415,416,417,418,419,436,444,698,699,700,701,702,703,777,802,803,804,805,806,807,808,809,810,
738;1;5545;5707;0;0,1,2,3,7,9,51,67,70,77,81,87,92,105,110,143,153,156,196,197,198,234,249,270,271,272,273,274,275,276,277,278,279,280,281,282,283,284,285,286,287,288,289,290,291,292,293,294,295,296,371,385,393,396,401,402,414,415,416,417,418,419,436,444,698,699,700,701,702,703,777,802,803,804,805,806,807,808,809,810,
56;0;5707;5808;1;0,1,2,3,7,9,51,67,70,77,81,87,92,105,110,143,153,156,196,197,198,234,249,270,271,272,273,274,275,276,277,278,279,280,281,282,283,284,285,286,287,288,289,290,291,292,293,294,295,296,371,385,393,396,401,402,414,415,416,417,418,419,436,444,698,699,700,701,702,703,777,802,803,804,805,806,807,808,809,810,
56;1;5808;5912;1;0,1,2,3,7,9,51,67,70,77,81,87,92,105,110,143,153,156,196,197,198,234,249,270,271,272,273,274,275,276,277,278,279,280,281,282,283,284,285,286,287,288,289,290,291,292,293,294,295,296,371,385,393,396,401,402,414,415,416,417,418,419,436,444,698,699,700,701,702,703,777,802,803,804,805,806,807,808,809,810,
291;0;5912;6083;1;0,1,2,3,7,9,51,67,70,77,81,87,92,105,110,143,153,156,196,197,198,234,249,270,271,272,273,274,275,276,277,278,279,280,281,282,283,284,285,286,287,288,289,290,291,292,293,294,295,296,371,385,393,396,401,402,414,415,416,417,418,419,436,444,698,699,700,701,702,703,777,802,803,804,805,806,807,808,809,810,
291;1;6083;6166;1;0,1,2,3,7,9,51,67,70,77,81,87,92,105,110,143,153,156,196,197,198,234,249,270,271,272,273,274,275,276,277,278,279,280,281,282,283,284,285,286,287,288,289,290,291,292,293,294,295,296,371,385,393,396,401,402,414,415,416,417,418,419,436,444,698,699,700,701,702,703,777,802,803,804,805,806,807,808,809,810,
228;0;6166;6218;0;0,1,2,3,7,9,51,67,70,77,81,87,92,105,110,143,153,156,196,197,198,234,249,270,271,272,273,274,275,276,277,278,279,280,281,282,283,284,285,286,287,288,289,290,291,292,293,294,295,296,371,385,393,396,401,402,414,415,416,417,418,419,436,444,698,699,700,701,702,703,777,802,803,804,805,806,807,808,809,810,
228;1;6218;6233;0;0,1,2,3,7,9,51,67,70,77,81,87,92,105,110,143,153,156,196,197,198,234,249,270,271,272,273,274,275,276,277,278,279,280,281,282,283,284,285,286,287,288,289,290,291,292,293,294,295,296,371,385,393,396,401,402,414,415,416,417,418,419,436,444,698,699,700,701,702,703,777,802,803,804,805,806,807,808,809,810,
204;0;6233;6412;1;0,1,2,3,5,7,9,32,45,63,70,74,92,94,105,115,153,165,196,197,235,245,246,247,248,249,250,251,336,369,370,379,385,386,387,388,389,390,391,392,393,394,395,396,397,398,399,400,401,402,436,444,504,508,509,686,687,688,689,690,691,692,693,694,695,696,697,777,875,901,922,929,1031,1032,1033,1034,1035,1036,1037,1038,
204;1;6412;6521;1;0,1,2,3,5,7,9,32,45,63,70,74,92,94,105,115,153,165,196,197,235,245,246,247,248,249,250,251,336,369,370,379,385,386,387,388,389,390,391,392,393,394,395,396,397,398,399,400,401,402,436,444,504,508,509,686,687,688,689,690,691,692,693,694,695,696,697,777,875,901,922,929,1031,1032,1033,1034,1035,1036,1037,1038,
66;0;6521;6525;1;0,1,2,3,5,7,9,32,45,63,70,74,92,94,105,115,153,165,196,197,235,245,246,247,248,249,250,251,336,369,370,379,385,386,387,388,389,390,391,392,393,394,395,396,397,398,399,400,401,402,436,444,504,508,509,686,687,688,689,690,691,692,693,694,695,696,697,777,875,901,922,929,1031,1032,1033,1034,1035,1036,1037,1038,
66;1;6525;6686;1;0,1,2,3,5,7,9,32,45,63,70,74,92,94,105,115,153,165,196,197,235,245,246,247,248,249,250,251,336,369,370,379,385,386,387,388,389,390,391,392,393,394,395,396,397,398,399,400,401,402,436,444,504,508,509,686,687,688,689,690,691,692,693,694,695,696,697,777,875,901,922,929,1031,1032,1033,1034,1035,1036,1037,1038,
716;0;6686;6775;1;0,1,2,3,5,7,9,32,45,63,70,74,92,94,105,115,153,165,196,197,235,245,246,247,248,249,250,251,336,369,370,379,385,386,387,388,389,390,391,392,393,394,395,396,397,398,399,400,401,402,436,444,504,508,509,686,687,688,689,690,691,692,693,694,695,696,697,777,875,901,922,929,1031,1032,1033,1034,1035,1036,1037,1038,
716;1;6775;6936;1;0,1,2,3,5,7,9,32,45,63,70,74,92,94,105,115,153,165,196,197,235,245,246,247,248,249,250,251,336,369,370,379,385,386,387,388,389,390,391,392,393,394,395,396,397,398,399,400,401,402,436,444,504,508,509,686,687,688,689,690,691,692,693,694,695,696,697,777,875,901,922,929,1031,1032,1033,1034,1035,1036,1037,1038,
411;0;6936;7084;1;0,1,2,3,5,7,9,32,45,63,70,74,92,94,105,115,153,165,196,197,235,245,246,247,248,249,250,251,336,369,370,379,385,386,387,388,389,390,391,392,393,394,395,396,397,398,399,400,401,402,436,444,504,508,509,686,687,688,689,690,691,692,693,694,695,696,697,777,875,901,922,929,1031,1032,1033,1034,1035,1036,1037,1038,
411;1;7084;7215;1;0,1,2,3,5,7,9,32,45,63,70,74,92,94,105,115,153,165,196,197,235,245,246,247,248,249,250,251,336,369,370,379,385,386,387,388,389,390,391,392,393,394,395,396,397,398,399,400,401,402,436,444,504,508,509,686,687,688,689,690,691,692,693,694,695,696,697,777,875,901,922,929,1031,1032,1033,1034,1035,1036,1037,1038,
26;0;7215;7270;1;0,1,2,3,5,7,9,32,45,63,70,74,92,94,105,115,153,165,196,197,235,245,246,247,248,249,250,251,336,369,370,379,385,386,387,388,389,390,391,392,393,394,395,396,397,398,399,400,401,402,436,444,504,508,509,686,687,688,689,690,691,692,693,694,695,696,697,777,875,901,922,929,1031,1032,1033,1034,1035,1036,1037,1038,
26;1;7270;7311;1;0,1,2,3,5,7,9,32,45,63,70,74,92,94,105,115,153,165,196,197,235,245,246,247,248,249,250,251,336,369,370,379,385,386,387,388,389,390,391,392,393,394,395,396,397,398,399,400,401,402,436,444,504,508,509,686,687,688,689,690,691,692,693,694,695,696,697,777,875,901,922,929,1031,1032,1033,1034,1035,1036,1037,1038,
214;0;7311;7325;1;0,1,2,3,5,7,9,32,45,63,70,74,92,94,105,115,153,165,196,197,235,245,246,247,248,249,250,251,336,369,370,379,385,386,387,388,389,390,391,392,393,394,395,396,397,398,399,400,401,402,436,444,504,508,509,686,687,688,689,690,691,692,693,694,695,696,697,777,875,901,922,929,1031,1032,1033,1034,1035,1036,1037,1038,
214;1;7325;7486;1;0,1,2,3,5,7,9,32,45,63,70,74,92,94,105,115,153,165,196,197,235,245,246,247,248,249,250,251,336,369,370,379,385,386,387,388,389,390,391,392,393,394,395,396,397,398,399,400,401,402,436,444,504,508,509,686,687,688,689,690,691,692,693,694,695,696,697,777,875,901,922,929,1031,1032,1033,1034,1035,1036,1037,1038,
197;0;7486;7546;0;0,1,2,3,5,7,9,32,45,63,70,74,92,94,105,115,153,165,196,197,235,245,246,247,248,249,250,251,336,369,370,379,385,386,387,388,389,390,391,392,393,394,395,396,397,398,399,400,401,402,436,444,504,508,509,686,687,688,689,690,691,692,693,694,695,696,697,777,875,901,922,929,1031,1032,1033,1034,1035,1036,1037,1038,
586;0;7546;7612;1;0,1,2,3,5,7,9,32,45,63,70,74,92,94,105,115,153,165,196,197,235,245,246,247,248,249,250,251,336,369,370,379,385,386,387,388,389,390,391,392,393,394,395,396,397,398,399,400,401,402,436,444,504,508,509,686,687,688,689,690,691,692,693,694,695,696,697,777,875,901,922,929,1031,1032,1033,1034,1035,1036,1037,1038,
586;1;7612;7672;1;0,1,2,3,5,7,9,32,45,63,70,74,92,94,105,115,153,165,196,197,235,245,246,247,248,249,250,251,336,369,370,379,385,386,387,388,389,390,391,392,393,394,395,396,397,398,399,400,401,402,436,444,504,508,509,686,687,688,689,690,691,692,693,694,695,696,697,777,875,901,922,929,1031,1032,1033,1034,1035,1036,1037,1038,
672;0;7672;7732;0;0,1,2,3,5,7,9,32,45,63,70,74,92,94,105,115,153,165,196,197,235,245,246,247,248,249,250,251,336,369,370,379,385,386,387,388,389,390,391,392,393,394,395,396,397,398,399,400,401,402,436,444,504,508,509,686,687,688,689,690,691,692,693,694,695,696,697,777,875,901,922,929,1031,1032,1033,1034,1035,1036,1037,1038,
479;0;7732;7764;1;0,1,2,3,4,5,6,7,8,9,10,11,12,13,14,15,16,32,70,94,105,138,153,186,197,336,342,346,347,369,370,393,400,402,405,428,436,444,504,508,509,520,530,532,605,626,777,780,814,815,816,817,818,819,820,821,822,875,901,922,929,935,961,1031,1032,1033,1034,1035,1036,1037,1038,1098,1099,1100,1101,1102,1103,1104,1105,1106,
479;1;7764;7939;1;0,1,2,3,4,5,6,7,8,9,10,11,12,13,14,15,16,32,70,94,105,138,153,186,197,336,342,346,347,369,370,393,400,402,405,428,436,444,504,508,509,520,530,532,605,626,777,780,814,815,816,817,818,819,820,821,822,875,901,922,929,935,961,1031,1032,1033,1034,1035,1036,1037,1038,1098,1099,1100,1101,1102,1103,1104,1105,1106,
449;0;7939;8089;1;0,1,2,3,4,5,6,7,8,9,10,11,12,13,14,15,16,32,70,94,105,138,153,186,197,336,342,346,347,369,370,393,400,402,405,428,436,444,504,508,509,520,530,532,605,626,777,780,814,815,816,817,818,819,820,821,822,875,901,922,929,935,961,1031,1032,1033,1034,1035,1036,1037,1038,1098,1099,1100,1101,1102,1103,1104,1105,1106,
449;1;8089;8264;1;0,1,2,3,4,5,6,7,8,9,10,11,12,13,14,15,16,32,70,94,105,138,153,186,197,336,342,346,347,369,370,393,400,402,405,428,436,444,504,508,509,520,530,532,605,626,777,780,814,815,816,817,818,819,820,821,822,875,901,922,929,935,961,1031,1032,1033,1034,1035,1036,1037,1038,1098,1099,1100,1101,1102,1103,1104,1105,1106,
331;0;8264;8382;1;0,1,2,3,4,5,6,7,8,9,10,11,12,13,14,15,16,32,70,94,105,138,153,186,197,336,342,346,347,369,370,393,400,402,405,428,436,444,504,508,509,520,530,532,605,626,777,780,814,815,816,817,818,819,820,821,822,875,901,922,929,935,961,1031,1032,1033,1034,1035,1036,1037,1038,1098,1099,1100,1101,1102,1103,1104,1105,1106,
331;1;8382;8513;1;0,1,2,3,4,5,6,7,8,9,10,11,12,13,14,15,16,32,70,94,105,138,153,186,197,336,342,346,347,369,370,393,400,402,405,428,436,444,504,508,509,520,530,532,605,626,777,780,814,815,816,817,818,819,820,821,822,875,901,922,929,935,961,1031,1032,1033,1034,1035,1036,1037,1038,1098,1099,1100,1101,1102,1103,1104,1105,1106,
717;0;8513;8568;0;0,1,2,3,4,5,6,7,8,9,10,11,12,13,14,15,16,32,70,94,105,138,153,186,197,336,342,346,347,369,370,393,400,402,405,428,436,444,504,508,509,520,530,532,605,626,777,780,814,815,816,817,818,819,820,821,822,875,901,922,929,935,961,1031,1032,1033,1034,1035,1036,1037,1038,1098,1099,1100,1101,1102,1103,1104,1105,1106,
109;0;8568;8620;1;0,1,2,3,4,5,6,7,8,9,10,11,12,13,14,15,16,32,70,94,105,138,153,186,197,336,342,346,347,369,370,393,400,402,405,428,436,444,504,508,509,520,530,532,605,626,777,780,814,815,816,817,818,819,820,821,822,875,901,922,929,935,961,1031,1032,1033,1034,1035,1036,1037,1038,1098,1099,1100,1101,1102,1103,1104,1105,1106,
109;1;8620;8729;1;0,1,2,3,4,5,6,7,8,9,10,11,12,13,14,15,16,32,70,94,105,138,153,186,197,336,342,346,347,369,370,393,400,402,405,428,436,444,504,508,509,520,530,532,605,626,777,780,814,815,816,817,818,819,820,821,822,875,901,922,929,935,961,1031,1032,1033,1034,1035,1036,1037,1038,1098,1099,1100,1101,1102,1103,1104,1105,1106,
314;0;8729;8789;1;0,1,2,3,4,5,6,7,8,9,10,11,12,13,14,15,16,32,70,94,105,138,153,186,197,336,342,346,347,369,370,393,400,402,405,428,436,444,504,508,509,520,530,532,605,626,777,780,814,815,816,817,818,819,820,821,822,875,901,922,929,935,961,1031,1032,1033,1034,1035,1036,1037,1038,1098,1099,1100,1101,1102,1103,1104,1105,1106,
314;1;8789;8849;1;0,1,2,3,4,5,6,7,8,9,10,11,12,13,14,15,16,32,70,94,105,138,153,186,197,336,342,346,347,369,370,393,400,402,405,428,436,444,504,508,509,520,530,532,605,626,777,780,814,815,816,817,818,819,820,821,822,875,901,922,929,935,961,1031,1032,1033,1034,1035,1036,1037,1038,1098,1099,1100,1101,1102,1103,1104,1105,1106,
453;0;8849;8870;0;0,1,2,3,4,5,6,7,8,9,10,11,12,13,14,15,16,32,70,94,105,138,153,186,197,336,342,346,347,369,370,393,400,402,405,428,436,444,504,508,509,520,530,532,605,626,777,780,814,815,816,817,818,819,820,821,822,875,901,922,929,935,961,1031,1032,1033,1034,1035,1036,1037,1038,1098,1099,1100,1101,1102,1103,1104,1105,1106,
453;1;8870;8991;0;0,1,2,3,4,5,6,7,8,9,10,11,12,13,14,15,16,32,70,94,105,138,153,186,197,336,342,346,347,369,370,393,400,402,405,428,436,444,504,508,509,520,530,532,605,626,777,780,814,815,816,817,818,819,820,821,822,875,901,922,929,935,961,1031,1032,1033,1034,1035,1036,1037,1038,1098,1099,1100,1101,1102,1103,1104,1105,1106,
86;0;8991;9025;1;0,1,2,3,4,5,6,7,8,9,10,11,12,13,14,15,16,32,70,94,105,138,153,186,197,336,342,346,347,369,370,393,400,402,405,428,436,444,504,508,509,520,530,532,605,626,777,780,814,815,816,817,818,819,820,821,822,875,901,922,929,935,961,1031,1032,1033,1034,1035,1036,1037,1038,1098,1099,1100,1101,1102,1103,1104,1105,1106,
86;1;9025;9200;1;0,1,2,3,4,5,6,7,8,9,10,11,12,13,14,15,16,32,70,94,105,138,153,186,197,336,342,346,347,369,370,393,400,402,405,428,436,444,504,508,509,520,530,532,605,626,777,780,814,815,816,817,818,819,820,821,822,875,901,922,929,935,961,1031,1032,1033,1034,1035,1036,1037,1038,1098,1099,1100,1101,1102,1103,1104,1105,1106,
146;0;9200;9276;1;0,1,2,3,4,5,6,7,8,9,10,11,12,13,14,15,16,32,70,94,105,138,153,186,197,336,342,346,347,369,370,393,400,402,405,428,436,444,504,508,509,520,530,532,605,626,777,780,814,815,816,817,818,819,820,821,822,875,901,922,929,935,961,1031,1032,1033,1034,1035,1036,1037,1038,1098,1099,1100,1101,1102,1103,1104,1105,1106,
146;1;9276;9331;1;0,1,2,3,4,5,6,7,8,9,10,11,12,13,14,15,16,32,70,94,105,138,153,186,197,336,342,346,347,369,370,393,400,402,405,428,436,444,504,508,509,520,530,532,605,626,777,780,814,815,816,817,818,819,820,821,822,875,901,922,929,935,961,1031,1032,1033,1034,1035,1036,1037,1038,1098,1099,1100,1101,1102,1103,1104,1105,1106,
581;0;9331;9366;1;0,1,2,3,4,5,6,7,8,9,10,11,12,13,14,15,16,32,70,94,105,129,132,134,135,136,138,140,153,186,254,327,332,335,336,346,347,360,366,382,393,400,402,406,428,436,444,518,520,522,527,530,532,605,626,629,654,763,777,780,811,812,813,821,931,932,933,934,935,961,1028,1098,1099,1100,1101,1102,1103,1104,1105,1106,
581;1;9366;9487;1;0,1,2,3,4,5,6,7,8,9,10,11,12,13,14,15,16,32,70,94,105,129,132,134,135,136,138,140,153,186,254,327,332,335,336,346,347,360,366,382,393,400,402,406,428,436,444,518,520,522,527,530,532,605,626,629,654,763,777,780,811,812,813,821,931,932,933,934,935,961,1028,1098,1099,1100,1101,1102,1103,1104,1105,1106,
140;0;9487;9514;0;0,1,2,3,4,5,6,7,8,9,10,11,12,13,14,15,16,32,70,94,105,129,132,134,135,136,138,140,153,186,254,327,332,335,336,346,347,360,366,382,393,400,402,406,428,436,444,518,520,522,527,530,532,605,626,629,654,763,777,780,811,812,813,821,931,932,933,934,935,961,1028,1098,1099,1100,1101,1102,1103,1104,1105,1106,
85;0;9514;9541;0;0,1,2,3,4,5,6,7,8,9,10,11,12,13,14,15,16,32,70,94,105,129,132,134,135,136,138,140,153,186,254,327,332,335,336,346,347,360,366,382,393,400,402,406,428,436,444,518,520,522,527,530,532,605,626,629,654,763,777,780,811,812,813,821,931,932,933,934,935,961,1028,1098,1099,1100,1101,1102,1103,1104,1105,1106,
675;0;9541;9568;0;0,1,2,3,4,5,6,7,8,9,10,11,12,13,14,15,16,32,70,94,105,129,132,134,135,136,138,140,153,186,254,327,332,335,336,346,347,360,366,382,393,400,402,406,428,436,444,518,520,522,527,530,532,605,626,629,654,763,777,780,811,812,813,821,931,932,933,934,935,961,1028,1098,1099,1100,1101,1102,1103,1104,1105,1106,
380;0;9568;9580;0;0,1,2,3,4,5,6,7,8,9,10,11,12,13,14,15,16,32,70,94,105,129,132,134,135,136,138,140,153,186,254,327,332,335,336,346,347,360,366,382,393,400,402,406,428,436,444,518,520,522,527,530,532,605,626,629,654,763,777,780,811,812,813,821,931,932,933,934,935,961,1028,1098,1099,1100,1101,1102,1103,1104,1105,1106,
603;0;9580;9588;0;0,1,2,3,4,5,6,7,8,9,10,11,12,13,14,15,16,32,70,94,105,129,132,134,135,136,138,140,153,186,254,327,332,335,336,346,347,360,366,382,393,400,402,406,428,436,444,518,520,522,527,530,532,605,626,629,654,763,777,780,811,812,813,821,931,932,933,934,935,961,1028,1098,1099,1100,1101,1102,1103,1104,1105,1106,
603;1;9588;9724;0;0,1,2,3,4,5,6,7,8,9,10,11,12,13,14,15,16,32,70,94,105,129,132,134,135,136,138,140,153,186,254,327,332,335,336,346,347,360,366,382,393,400,402,406,428,436,444,518,520,522,527,530,532,605,626,629,654,763,777,780,811,812,813,821,931,932,933,934,935,961,1028,1098,1099,1100,1101,1102,1103,1104,1105,1106,
381;0;9724;9844;1;0,1,2,3,4,5,6,7,8,9,10,11,12,13,14,15,16,32,70,94,105,129,132,134,135,136,138,140,153,186,254,327,332,335,336,346,347,360,366,382,393,400,402,406,428,436,444,518,520,522,527,530,532,605,626,629,654,763,777,780,811,812,813,821,931,932,933,934,935,961,1028,1098,1099,1100,1101,1102,1103,1104,1105,1106,
381;1;9844;9899;1;0,1,2,3,4,5,6,7,8,9,10,11,12,13,14,15,16,32,70,94,105,129,132,134,135,136,138,140,153,186,254,327,332,335,336,346,347,360,366,382,393,400,402,406,428,436,444,518,520,522,527,530,532,605,626,629,654,763,777,780,811,812,813,821,931,932,933,934,935,961,1028,1098,1099,1100,1101,1102,1103,1104,1105,1106,
371;0;9899;9917;1;0,1,2,3,4,5,6,7,8,9,10,11,12,13,14,15,16,32,70,94,105,129,132,134,135,136,138,140,153,186,254,327,332,335,336,346,347,360,366,382,393,400,402,406,428,436,444,518,520,522,527,530,532,605,626,629,654,763,777,780,811,812,813,821,931,932,933,934,935,961,1028,1098,1099,1100,1101,1102,1103,1104,1105,1106,
371;1;9917;10048;1;0,1,2,3,4,5,6,7,8,9,10,11,12,13,14,15,16,32,70,94,105,129,132,134,135,136,138,140,153,186,254,327,332,335,336,346,347,360,366,382,393,400,402,406,428,436,444,518,520,522,527,530,532,605,626,629,654,763,777,780,811,812,813,821,931,932,933,934,935,961,1028,1098,1099,1100,1101,1102,1103,1104,1105,1106,
747;0;10048;10075;0;0,1,2,3,4,5,6,7,8,9,10,11,12,13,14,15,16,32,70,94,105,129,132,134,135,136,138,140,153,186,254,327,332,335,336,346,347,360,366,382,393,400,402,406,428,436,444,518,520,522,527,530,532,605,626,629,654,763,777,780,811,812,813,821,931,932,933,934,935,961,1028,1098,1099,1100,1101,1102,1103,1104,1105,1106,
Machine: 3
351;0;0;31;1;32,64,65,66,67,68,69,70,71,94,95,96,97,98,99,130,133,135,138,148,186,197,198,264,316,336,346,371,382,397,408,443,445,472,519,622,625,626,627,639,650,651,652,653,654,655,717,721,781,798,802,857,931,1063,1203,1204,1205,1206,1207,1208,1209,1210,1211,1212,1213,1214,1215,1216,1217,1322,1432,1433,1434,1435,1436,1437,1438,1439,1440,1441,
351;1;31;93;1;32,64,65,66,67,68,69,70,71,94,95,96,97,98,99,130,133,135,138,148,186,197,198,264,316,336,346,371,382,397,408,443,445,472,519,622,625,626,627,639,650,651,652,653,654,655,717,721,781,798,802,857,931,1063,1203,1204,1205,1206,1207,1208,1209,1210,1211,1212,1213,1214,1215,1216,1217,1322,1432,1433,1434,1435,1436,1437,1438,1439,1440,1441,
74;0;93;129;1;32,64,65,66,67,68,69,70,71,94,95,96,97,98,99,130,133,135,138,148,186,197,198,264,316,336,346,371,382,397,408,443,445,472,519,622,625,626,627,639,650,651,652,653,654,655,717,721,781,798,802,857,931,1063,1203,1204,1205,1206,1207,1208,1209,1210,1211,1212,1213,1214,1215,1216,1217,1322,1432,1433,1434,1435,1436,1437,1438,1439,1440,1441,
74;1;129;171;1;32,64,65,66,67,68,69,70,71,94,95,96,97,98,99,130,133,135,138,148,186,197,198,264,316,336,346,371,382,397,408,443,445,472,519,622,625,626,627,639,650,651,652,653,654,655,717,721,781,798,802,857,931,1063,1203,1204,1205,1206,1207,1208,1209,1210,1211,1212,1213,1214,1215,1216,1217,1322,1432,1433,1434,1435,1436,1437,1438,1439,1440,1441,
375;0;171;203;0;32,64,65,66,67,68,69,70,71,94,95,96,97,98,99,130,133,135,138,148,186,197,198,264,316,336,346,371,382,397,408,443,445,472,519,622,625,626,627,639,650,651,652,653,654,655,717,721,781,798,802,857,931,1063,1203,1204,1205,1206,1207,1208,1209,1210,1211,1212,1213,1214,1215,1216,1217,1322,1432,1433,1434,1435,1436,1437,1438,1439,1440,1441,
609;0;203;227;1;32,64,65,66,67,68,69,70,71,94,95,96,97,98,99,130,133,135,138,148,186,197,198,264,316,336,346,371,382,397,408,443,445,472,519,622,625,626,627,639,650,651,652,653,654,655,717,721,781,798,802,857,931,1063,1203,1204,1205,1206,1207,1208,1209,1210,1211,1212,1213,1214,1215,1216,1217,1322,1432,1433,1434,1435,1436,1437,1438,1439,1440,1441,
609;1;227;259;1;32,64,65,66,67,68,69,70,71,94,95,96,97,98,99,130,133,135,138,148,186,197,198,264,316,336,346,371,382,397,408,443,445,472,519,622,625,626,627,639,650,651,652,653,654,655,717,721,781,798,802,857,931,1063,1203,1204,1205,1206,1207,1208,1209,1210,1211,1212,1213,1214,1215,1216,1217,1322,1432,1433,1434,1435,1436,1437,1438,1439,1440,1441,
240;0;259;291;0;32,64,65,66,67,68,69,70,71,94,95,96,97,98,99,130,133,135,138,148,186,197,198,264,316,336,346,371,382,397,408,443,445,472,519,622,625,626,627,639,650,651,652,653,654,655,717,721,781,798,802,857,931,1063,1203,1204,1205,1206,1207,1208,1209,1210,1211,1212,1213,1214,1215,1216,1217,1322,1432,1433,1434,1435,1436,1437,1438,1439,1440,1441,
740;0;291;353;0;32,64,65,66,67,68,69,70,71,94,95,96,97,98,99,130,133,135,138,148,186,197,198,264,316,336,346,371,382,397,408,443,445,472,519,622,625,626,627,639,650,651,652,653,654,655,717,721,781,798,802,857,931,1063,1203,1204,1205,1206,1207,1208,1209,1210,1211,1212,1213,1214,1215,1216,1217,1322,1432,1433,1434,1435,1436,1437,1438,1439,1440,1441,
396;0;353;490;1;32,64,65,66,67,68,69,70,71,94,95,96,97,98,99,130,133,135,138,148,186,197,198,264,316,336,346,371,382,397,408,443,445,472,519,622,625,626,627,639,650,651,652,653,654,655,717,721,781,798,802,857,931,1063,1203,1204,1205,1206,1207,1208,1209,1210,1211,1212,1213,1214,1215,1216,1217,1322,1432,1433,1434,1435,1436,1437,1438,1439,1440,1441,
396;1;490;522;1;32,64,65,66,67,68,69,70,71,94,95,96,97,98,99,130,133,135,138,148,186,197,198,264,316,336,346,371,382,397,408,443,445,472,519,622,625,626,627,639,650,651,652,653,654,655,717,721,781,798,802,857,931,1063,1203,1204,1205,1206,1207,1208,1209,1210,1211,1212,1213,1214,1215,1216,1217,1322,1432,1433,1434,1435,1436,1437,1438,1439,1440,1441,
54;0;522;654;1;32,64,65,66,67,68,69,70,71,94,95,96,97,98,99,100,101,102,103,104,105,106,133,138,147,148,186,197,264,303,316,336,346,371,382,396,403,448,478,533,537,538,539,540,541,542,543,544,545,546,547,548,549,550,551,552,553,554,555,556,557,558,559,560,561,562,563,564,565,622,650,651,652,653,654,655,827,828,931,1203,
54;1;654;745;1;32,64,65,66,67,68,69,70,71,94,95,96,97,98,99,100,101,102,103,104,105,106,133,138,147,148,186,197,264,303,316,336,346,371,382,396,403,448,478,533,537,538,539,540,541,542,543,544,545,546,547,548,549,550,551,552,553,554,555,556,557,558,559,560,561,562,563,564,565,622,650,651,652,653,654,655,827,828,931,1203,
658;0;745;887;0;32,64,65,66,67,68,69,70,71,94,95,96,97,98,99,100,101,102,103,104,105,106,133,138,147,148,186,197,264,303,316,336,346,371,382,396,403,448,478,533,537,538,539,540,541,542,543,544,545,546,547,548,549,550,551,552,553,554,555,556,557,558,559,560,561,562,563,564,565,622,650,651,652,653,654,655,827,828,931,1203,
658;1;887;929;0;32,64,65,66,67,68,69,70,71,94,95,96,97,98,99,100,101,102,103,104,105,106,133,138,147,148,186,197,264,303,316,336,346,371,382,396,403,448,478,533,537,538,539,540,541,542,543,544,545,546,547,548,549,550,551,552,553,554,555,556,557,558,559,560,561,562,563,564,565,622,650,651,652,653,654,655,827,828,931,1203,
186;0;929;995;1;32,64,65,66,67,68,69,70,71,94,95,96,97,98,99,100,101,102,103,104,105,106,133,138,147,148,186,197,264,303,316,336,346,371,382,396,403,448,478,533,537,538,539,540,541,542,543,544,545,546,547,548,549,550,551,552,553,554,555,556,557,558,559,560,561,562,563,564,565,622,650,651,652,653,654,655,827,828,931,1203,
186;1;995;1139;1;32,64,65,66,67,68,69,70,71,94,95,96,97,98,99,100,101,102,103,104,105,106,133,138,147,148,186,197,264,303,316,336,346,371,382,396,403,448,478,533,537,538,539,540,541,542,543,544,545,546,547,548,549,550,551,552,553,554,555,556,557,558,559,560,561,562,563,564,565,622,650,651,652,653,654,655,827,828,931,1203,
649;0;1139;1234;1;32,64,65,66,67,68,69,70,71,94,95,96,97,98,99,100,101,102,103,104,105,106,133,138,147,148,186,197,264,303,316,336,346,371,382,396,403,448,478,533,537,538,539,540,541,542,543,544,545,546,547,548,549,550,551,552,553,554,555,556,557,558,559,560,561,562,563,564,565,622,650,651,652,653,654,655,827,828,931,1203,
649;1;1234;1383;1;32,64,65,66,67,68,69,70,71,94,95,96,97,98,99,100,101,102,103,104,105,106,133,138,147,148,186,197,264,303,316,336,346,371,382,396,403,448,478,533,537,538,539,540,541,542,543,544,545,546,547,548,549,550,551,552,553,554,555,556,557,558,559,560,561,562,563,564,565,622,650,651,652,653,654,655,827,828,931,1203,
199;0;1383;1549;1;32,64,65,66,67,68,69,70,71,94,95,96,97,98,99,100,101,102,103,104,105,106,133,138,147,148,186,197,264,303,316,336,346,371,382,396,403,448,478,533,537,538,539,540,541,542,543,544,545,546,547,548,549,550,551,552,553,554,555,556,557,558,559,560,561,562,563,564,565,622,650,651,652,653,654,655,827,828,931,1203,
199;1;1549;1588;1;32,64,65,66,67,68,69,70,71,94,95,96,97,98,99,100,101,102,103,104,105,106,133,138,147,148,186,197,264,303,316,336,346,371,382,396,403,448,478,533,537,538,539,540,541,542,543,544,545,546,547,548,549,550,551,552,553,554,555,556,557,558,559,560,561,562,563,564,565,622,650,651,652,653,654,655,827,828,931,1203,
459;0;1588;1758;1;32,64,65,66,67,68,69,70,71,94,95,96,97,98,99,100,101,102,103,104,105,106,133,138,147,148,186,197,264,303,316,336,346,371,382,396,403,448,478,533,537,538,539,540,541,542,543,544,545,546,547,548,549,550,551,552,553,554,555,556,557,558,559,560,561,562,563,564,565,622,650,651,652,653,654,655,827,828,931,1203,
459;1;1758;1907;1;32,64,65,66,67,68,69,70,71,94,95,96,97,98,99,100,101,102,103,104,105,106,133,138,147,148,186,197,264,303,316,336,346,371,382,396,403,448,478,533,537,538,539,540,541,542,543,544,545,546,547,548,549,550,551,552,553,554,555,556,557,558,559,560,561,562,563,564,565,622,650,651,652,653,654,655,827,828,931,1203,
671;0;1907;2058;1;32,64,65,66,67,68,69,70,71,94,95,96,97,98,99,100,101,102,103,104,105,106,133,138,147,148,186,197,264,303,316,336,346,371,382,396,403,448,478,533,537,538,539,540,541,542,543,544,545,546,547,548,549,550,551,552,553,554,555,556,557,558,559,560,561,562,563,564,565,622,650,651,652,653,654,655,827,828,931,1203,
671;1;2058;2149;1;32,64,65,66,67,68,69,70,71,94,95,96,97,98,99,100,101,102,103,104,105,106,133,138,147,148,186,197,264,303,316,336,346,371,382,396,403,448,478,533,537,538,539,540,541,542,543,544,545,546,547,548,549,550,551,552,553,554,555,556,557,558,559,560,561,562,563,564,565,622,650,651,652,653,654,655,827,828,931,1203,
566;0;2149;2240;1;0,1,2,5,32,56,64,65,66,67,68,69,70,71,91,92,94,95,96,97,98,99,100,101,102,103,104,105,106,110,124,133,138,142,143,144,145,146,147,148,186,197,254,259,264,311,316,336,346,369,370,371,378,379,380,381,382,432,448,509,622,624,634,651,654,931,984,1006,1007,1088,1089,1090,1091,1092,1093,1094,1095,1096,1097,1203,
566;1;2240;2252;1;0,1,2,5,32,56,64,65,66,67,68,69,70,71,91,92,94,95,96,97,98,99,100,101,102,103,104,105,106,110,124,133,138,142,143,144,145,146,147,148,186,197,254,259,264,311,316,336,346,369,370,371,378,379,380,381,382,432,448,509,622,624,634,651,654,931,984,1006,1007,1088,1089,1090,1091,1092,1093,1094,1095,1096,1097,1203,
211;0;2252;2314;1;0,1,2,5,32,56,64,65,66,67,68,69,70,71,91,92,94,95,96,97,98,99,100,101,102,103,104,105,106,110,124,133,138,142,143,144,145,146,147,148,186,197,254,259,264,311,316,336,346,369,370,371,378,379,380,381,382,432,448,509,622,624,634,651,654,931,984,1006,1007,1088,1089,1090,1091,1092,1093,1094,1095,1096,1097,1203,
211;1;2314;2391;1;0,1,2,5,32,56,64,65,66,67,68,69,70,71,91,92,94,95,96,97,98,99,100,101,102,103,104,105,106,110,124,133,138,142,143,144,145,146,147,148,186,197,254,259,264,311,316,336,346,369,370,371,378,379,380,381,382,432,448,509,622,624,634,651,654,931,984,1006,1007,1088,1089,1090,1091,1092,1093,1094,1095,1096,1097,1203,
690;0;2391;2433;0;0,1,2,5,32,56,64,65,66,67,68,69,70,71,91,92,94,95,96,97,98,99,100,101,102,103,104,105,106,110,124,133,138,142,143,144,145,146,147,148,186,197,254,259,264,311,316,336,346,369,370,371,378,379,380,381,382,432,448,509,622,624,634,651,654,931,984,1006,1007,1088,1089,1090,1091,1092,1093,1094,1095,1096,1097,1203,
244;0;2433;2458;1;0,1,2,5,32,56,64,65,66,67,68,69,70,71,91,92,94,95,96,97,98,99,100,101,102,103,104,105,106,110,124,133,138,142,143,144,145,146,147,148,186,197,254,259,264,311,316,336,346,369,370,371,378,379,380,381,382,432,448,509,622,624,634,651,654,931,984,1006,1007,1088,1089,1090,1091,1092,1093,1094,1095,1096,1097,1203,
244;1;2458;2535;1;0,1,2,5,32,56,64,65,66,67,68,69,70,71,91,92,94,95,96,97,98,99,100,101,102,103,104,105,106,110,124,133,138,142,143,144,145,146,147,148,186,197,254,259,264,311,316,336,346,369,370,371,378,379,380,381,382,432,448,509,622,624,634,651,654,931,984,1006,1007,1088,1089,1090,1091,1092,1093,1094,1095,1096,1097,1203,
366;0;2535;2612;1;0,1,2,5,32,56,64,65,66,67,68,69,70,71,91,92,94,95,96,97,98,99,100,101,102,103,104,105,106,110,124,133,138,142,143,144,145,146,147,148,186,197,254,259,264,311,316,336,346,369,370,371,378,379,380,381,382,432,448,509,622,624,634,651,654,931,984,1006,1007,1088,1089,1090,1091,1092,1093,1094,1095,1096,1097,1203,
366;1;2612;2689;1;0,1,2,5,32,56,64,65,66,67,68,69,70,71,91,92,94,95,96,97,98,99,100,101,102,103,104,105,106,110,124,133,138,142,143,144,145,146,147,148,186,197,254,259,264,311,316,336,346,369,370,371,378,379,380,381,382,432,448,509,622,624,634,651,654,931,984,1006,1007,1088,1089,1090,1091,1092,1093,1094,1095,1096,1097,1203,
661;0;2689;2798;1;0,1,2,5,32,56,64,65,66,67,68,69,70,71,91,92,94,95,96,97,98,99,100,101,102,103,104,105,106,110,124,133,138,142,143,144,145,146,147,148,186,197,254,259,264,311,316,336,346,369,370,371,378,379,380,381,382,432,448,509,622,624,634,651,654,931,984,1006,1007,1088,1089,1090,1091,1092,1093,1094,1095,1096,1097,1203,
661;1;2798;2894;1;0,1,2,5,32,56,64,65,66,67,68,69,70,71,91,92,94,95,96,97,98,99,100,101,102,103,104,105,106,110,124,133,138,142,143,144,145,146,147,148,186,197,254,259,264,311,316,336,346,369,370,371,378,379,380,381,382,432,448,509,622,624,634,651,654,931,984,1006,1007,1088,1089,1090,1091,1092,1093,1094,1095,1096,1097,1203,
81;0;2894;3048;1;0,1,2,5,32,56,64,65,66,67,68,69,70,71,91,92,94,95,96,97,98,99,100,101,102,103,104,105,106,110,124,133,138,142,143,144,145,146,147,148,186,197,254,259,264,311,316,336,346,369,370,371,378,379,380,381,382,432,448,509,622,624,634,651,654,931,984,1006,1007,1088,1089,1090,1091,1092,1093,1094,1095,1096,1097,1203,
81;1;3048;3157;1;0,1,2,5,32,56,64,65,66,67,68,69,70,71,91,92,94,95,96,97,98,99,100,101,102,103,104,105,106,110,124,133,138,142,143,144,145,146,147,148,186,197,254,259,264,311,316,336,346,369,370,371,378,379,380,381,382,432,448,509,622,624,634,651,654,931,984,1006,1007,1088,1089,1090,1091,1092,1093,1094,1095,1096,1097,1203,
24;0;3157;3287;1;0,1,2,5,32,56,64,65,66,67,68,69,70,71,91,92,94,95,96,97,98,99,100,101,102,103,104,105,106,110,124,133,138,142,143,144,145,146,147,148,186,197,254,259,264,311,316,336,346,369,370,371,378,379,380,381,382,432,448,509,622,624,634,651,654,931,984,1006,1007,1088,1089,1090,1091,1092,1093,1094,1095,1096,1097,1203,
24;1;3287;3299;1;0,1,2,5,32,56,64,65,66,67,68,69,70,71,91,92,94,95,96,97,98,99,100,101,102,103,104,105,106,110,124,133,138,142,143,144,145,146,147,148,186,197,254,259,264,311,316,336,346,369,370,371,378,379,380,381,382,432,448,509,622,624,634,651,654,931,984,1006,1007,1088,1089,1090,1091,1092,1093,1094,1095,1096,1097,1203,
154;0;3299;3364;1;0,1,2,5,32,56,64,65,66,67,68,69,70,71,91,92,94,95,96,97,98,99,100,101,102,103,104,105,106,110,124,133,138,142,143,144,145,146,147,148,186,197,254,259,264,311,316,336,346,369,370,371,378,379,380,381,382,432,448,509,622,624,634,651,654,931,984,1006,1007,1088,1089,1090,1091,1092,1093,1094,1095,1096,1097,1203,
154;1;3364;3478;1;0,1,2,5,32,56,64,65,66,67,68,69,70,71,91,92,94,95,96,97,98,99,100,101,102,103,104,105,106,110,124,133,138,142,143,144,145,146,147,148,186,197,254,259,264,311,316,336,346,369,370,371,378,379,380,381,382,432,448,509,622,624,634,651,654,931,984,1006,1007,1088,1089,1090,1091,1092,1093,1094,1095,1096,1097,1203,
654;0;3478;3641;1;32,44,48,54,70,71,72,87,105,112,113,114,115,116,117,118,119,120,121,132,133,134,138,140,150,151,186,197,217,224,227,264,315,316,317,318,325,327,332,336,337,341,345,346,371,406,428,438,442,599,622,864,867,931,936,937,938,939,940,941,942,965,1203,1306,1307,1308,1309,1310,1311,1312,1313,1314,1315,1316,1317,1458,1459,1460,1461,1462,
654;1;3641;3693;1;32,44,48,54,70,71,72,87,105,112,113,114,115,116,117,118,119,120,121,132,133,134,138,140,150,151,186,197,217,224,227,264,315,316,317,318,325,327,332,336,337,341,345,346,371,406,428,438,442,599,622,864,867,931,936,937,938,939,940,941,942,965,1203,1306,1307,1308,1309,1310,1311,1312,1313,1314,1315,1316,1317,1458,1459,1460,1461,1462,
294;0;3693;3843;1;32,44,48,54,70,71,72,87,105,112,113,114,115,116,117,118,119,120,121,132,133,134,138,140,150,151,186,197,217,224,227,264,315,316,317,318,325,327,332,336,337,341,345,346,371,406,428,438,442,599,622,864,867,931,936,937,938,939,940,941,942,965,1203,1306,1307,1308,1309,1310,1311,1312,1313,1314,1315,1316,1317,1458,1459,1460,1461,1462,
294;1;3843;3895;1;32,44,48,54,70,71,72,87,105,112,113,114,115,116,117,118,119,120,121,132,133,134,138,140,150,151,186,197,217,224,227,264,315,316,317,318,325,327,332,336,337,341,345,346,371,406,428,438,442,599,622,864,867,931,936,937,938,939,940,941,942,965,1203,1306,1307,1308,1309,1310,1311,1312,1313,1314,1315,1316,1317,1458,1459,1460,1461,1462,
116;0;3895;3942;1;32,44,48,54,70,71,72,87,105,112,113,114,115,116,117,118,119,120,121,132,133,134,138,140,150,151,186,197,217,224,227,264,315,316,317,318,325,327,332,336,337,341,345,346,371,406,428,438,442,599,622,864,867,931,936,937,938,939,940,941,942,965,1203,1306,1307,1308,1309,1310,1311,1312,1313,1314,1315,1316,1317,1458,1459,1460,1461,1462,
116;1;3942;4094;1;32,44,48,54,70,71,72,87,105,112,113,114,115,116,117,118,119,120,121,132,133,134,138,140,150,151,186,197,217,224,227,264,315,316,317,318,325,327,332,336,337,341,345,346,371,406,428,438,442,599,622,864,867,931,936,937,938,939,940,941,942,965,1203,1306,1307,1308,1309,1310,1311,1312,1313,1314,1315,1316,1317,1458,1459,1460,1461,1462,
448;0;4094;4103;0;32,44,48,54,70,71,72,87,105,112,113,114,115,116,117,118,119,120,121,132,133,134,138,140,150,151,186,197,217,224,227,264,315,316,317,318,325,327,332,336,337,341,345,346,371,406,428,438,442,599,622,864,867,931,936,937,938,939,940,941,942,965,1203,1306,1307,1308,1309,1310,1311,1312,1313,1314,1315,1316,1317,1458,1459,1460,1461,1462,
448;1;4103;4155;0;32,44,48,54,70,71,72,87,105,112,113,114,115,116,117,118,119,120,121,132,133,134,138,140,150,151,186,197,217,224,227,264,315,316,317,318,325,327,332,336,337,341,345,346,371,406,428,438,442,599,622,864,867,931,936,937,938,939,940,941,942,965,1203,1306,1307,1308,1309,1310,1311,1312,1313,1314,1315,1316,1317,1458,1459,1460,1461,1462,
257;0;4155;4185;0;32,44,48,54,70,71,72,87,105,112,113,114,115,116,117,118,119,120,121,132,133,134,138,140,150,151,186,197,217,224,227,264,315,316,317,318,325,327,332,336,337,341,345,346,371,406,428,438,442,599,622,864,867,931,936,937,938,939,940,941,942,965,1203,1306,1307,1308,1309,1310,1311,1312,1313,1314,1315,1316,1317,1458,1459,1460,1461,1462,
129;0;4185;4226;1;32,44,48,54,70,71,72,87,105,112,113,114,115,116,117,118,119,120,121,132,133,134,138,140,150,151,186,197,217,224,227,264,315,316,317,318,325,327,332,336,337,341,345,346,371,406,428,438,442,599,622,864,867,931,936,937,938,939,940,941,942,965,1203,1306,1307,1308,1309,1310,1311,1312,1313,1314,1315,1316,1317,1458,1459,1460,1461,1462,
129;1;4226;4402;1;32,44,48,54,70,71,72,87,105,112,113,114,115,116,117,118,119,120,121,132,133,134,138,140,150,151,186,197,217,224,227,264,315,316,317,318,325,327,332,336,337,341,345,346,371,406,428,438,442,599,622,864,867,931,936,937,938,939,940,941,942,965,1203,1306,1307,1308,1309,1310,1311,1312,1313,1314,1315,1316,1317,1458,1459,1460,1461,1462,
729;0;4402;4559;1;32,44,48,54,70,71,72,87,105,112,113,114,115,116,117,118,119,120,121,132,133,134,138,140,150,151,186,197,217,224,227,264,315,316,317,318,325,327,332,336,337,341,345,346,371,406,428,438,442,599,622,864,867,931,936,937,938,939,940,941,942,965,1203,1306,1307,1308,1309,1310,1311,1312,1313,1314,1315,1316,1317,1458,1459,1460,1461,1462,
729;1;4559;4735;1;32,44,48,54,70,71,72,87,105,112,113,114,115,116,117,118,119,120,121,132,133,134,138,140,150,151,186,197,217,224,227,264,315,316,317,318,325,327,332,336,337,341,345,346,371,406,428,438,442,599,622,864,867,931,936,937,938,939,940,941,942,965,1203,1306,1307,1308,1309,1310,1311,1312,1313,1314,1315,1316,1317,1458,1459,1460,1461,1462,
478;0;4735;4749;0;32,44,48,54,70,71,72,87,105,112,113,114,115,116,117,118,119,120,121,132,133,134,138,140,150,151,186,197,217,224,227,264,315,316,317,318,325,327,332,336,337,341,345,346,371,406,428,438,442,599,622,864,867,931,936,937,938,939,940,941,942,965,1203,1306,1307,1308,1309,1310,1311,1312,1313,1314,1315,1316,1317,1458,1459,1460,1461,1462,
478;1;4749;4905;0;32,44,48,54,70,71,72,87,105,112,113,114,115,116,117,118,119,120,121,132,133,134,138,140,150,151,186,197,217,224,227,264,315,316,317,318,325,327,332,336,337,341,345,346,371,406,428,438,442,599,622,864,867,931,936,937,938,939,940,941,942,965,1203,1306,1307,1308,1309,1310,1311,1312,1313,1314,1315,1316,1317,1458,1459,1460,1461,1462,
429;0;4905;5001;1;32,44,48,54,70,71,72,87,105,115,132,133,134,138,140,150,151,186,197,217,224,227,264,293,315,316,317,318,325,327,332,336,337,341,342,345,346,347,371,406,428,438,442,599,617,622,728,753,754,755,756,757,758,759,760,821,858,864,867,931,936,937,938,939,940,941,942,965,1119,1120,1121,1122,1153,1154,1203,1458,1459,1460,1461,1462,
429;1;5001;5140;1;32,44,48,54,70,71,72,87,105,115,132,133,134,138,140,150,151,186,197,217,224,227,264,293,315,316,317,318,325,327,332,336,337,341,342,345,346,347,371,406,428,438,442,599,617,622,728,753,754,755,756,757,758,759,760,821,858,864,867,931,936,937,938,939,940,941,942,965,1119,1120,1121,1122,1153,1154,1203,1458,1459,1460,1461,1462,
189;0;5140;5237;1;32,44,48,54,70,71,72,87,105,115,132,133,134,138,140,150,151,186,197,217,224,227,264,293,315,316,317,318,325,327,332,336,337,341,342,345,346,347,371,406,428,438,442,599,617,622,728,753,754,755,756,757,758,759,760,821,858,864,867,931,936,937,938,939,940,941,942,965,1119,1120,1121,1122,1153,1154,1203,1458,1459,1460,1461,1462,
189;1;5237;5258;1;32,44,48,54,70,71,72,87,105,115,132,133,134,138,140,150,151,186,197,217,224,227,264,293,315,316,317,318,325,327,332,336,337,341,342,345,346,347,371,406,428,438,442,599,617,622,728,753,754,755,756,757,758,759,760,821,858,864,867,931,936,937,938,939,940,941,942,965,1119,1120,1121,1122,1153,1154,1203,1458,1459,1460,1461,1462,
439;0;5258;5341;1;32,44,48,54,70,71,72,87,105,115,132,133,134,138,140,150,151,186,197,217,224,227,264,293,315,316,317,318,325,327,332,336,337,341,342,345,346,347,371,406,428,438,442,599,617,622,728,753,754,755,756,757,758,759,760,821,858,864,867,931,936,937,938,939,940,941,942,965,1119,1120,1121,1122,1153,1154,1203,1458,1459,1460,1461,1462,
439;1;5341;5480;1;32,44,48,54,70,71,72,87,105,115,132,133,134,138,140,150,151,186,197,217,224,227,264,293,315,316,317,318,325,327,332,336,337,341,342,345,346,347,371,406,428,438,442,599,617,622,728,753,754,755,756,757,758,759,760,821,858,864,867,931,936,937,938,939,940,941,942,965,1119,1120,1121,1122,1153,1154,1203,1458,1459,1460,1461,1462,
111;0;5480;5509;1;32,44,48,54,70,71,72,87,105,115,132,133,134,138,140,150,151,186,197,217,224,227,264,293,315,316,317,318,325,327,332,336,337,341,342,345,346,347,371,406,428,438,442,599,617,622,728,753,754,755,756,757,758,759,760,821,858,864,867,931,936,937,938,939,940,941,942,965,1119,1120,1121,1122,1153,1154,1203,1458,1459,1460,1461,1462,
111;1;5509;5532;1;32,44,48,54,70,71,72,87,105,115,132,133,134,138,140,150,151,186,197,217,224,227,264,293,315,316,317,318,325,327,332,336,337,341,342,345,346,347,371,406,428,438,442,599,617,622,728,753,754,755,756,757,758,759,760,821,858,864,867,931,936,937,938,939,940,941,942,965,1119,1120,1121,1122,1153,1154,1203,1458,1459,1460,1461,1462,
544;0;5532;5703;1;32,44,48,54,70,71,72,87,105,115,132,133,134,138,140,150,151,186,197,217,224,227,264,293,315,316,317,318,325,327,332,336,337,341,342,345,346,347,371,406,428,438,442,599,617,622,728,753,754,755,756,757,758,759,760,821,858,864,867,931,936,937,938,939,940,941,942,965,1119,1120,1121,1122,1153,1154,1203,1458,1459,1460,1461,1462,
544;1;5703;5780;1;32,44,48,54,70,71,72,87,105,115,132,133,134,138,140,150,151,186,197,217,224,227,264,293,315,316,317,318,325,327,332,336,337,341,342,345,346,347,371,406,428,438,442,599,617,622,728,753,754,755,756,757,758,759,760,821,858,864,867,931,936,937,938,939,940,941,942,965,1119,1120,1121,1122,1153,1154,1203,1458,1459,1460,1461,1462,
386;0;5780;5886;1;32,44,48,54,70,71,72,87,105,115,132,133,134,138,140,150,151,186,197,217,224,227,264,293,315,316,317,318,325,327,332,336,337,341,342,345,346,347,371,406,428,438,442,599,617,622,728,753,754,755,756,757,758,759,760,821,858,864,867,931,936,937,938,939,940,941,942,965,1119,1120,1121,1122,1153,1154,1203,1458,1459,1460,1461,1462,
386;1;5886;6042;1;32,44,48,54,70,71,72,87,105,115,132,133,134,138,140,150,151,186,197,217,224,227,264,293,315,316,317,318,325,327,332,336,337,341,342,345,346,347,371,406,428,438,442,599,617,622,728,753,754,755,756,757,758,759,760,821,858,864,867,931,936,937,938,939,940,941,942,965,1119,1120,1121,1122,1153,1154,1203,1458,1459,1460,1461,1462,
249;0;6042;6128;1;32,44,48,54,70,71,72,87,105,115,132,133,134,138,140,150,151,186,197,217,224,227,264,293,315,316,317,318,325,327,332,336,337,341,342,345,346,347,371,406,428,438,442,599,617,622,728,753,754,755,756,757,758,759,760,821,858,864,867,931,936,937,938,939,940,941,942,965,1119,1120,1121,1122,1153,1154,1203,1458,1459,1460,1461,1462,
249;1;6128;6205;1;32,44,48,54,70,71,72,87,105,115,132,133,134,138,140,150,151,186,197,217,224,227,264,293,315,316,317,318,325,327,332,336,337,341,342,345,346,347,371,406,428,438,442,599,617,622,728,753,754,755,756,757,758,759,760,821,858,864,867,931,936,937,938,939,940,941,942,965,1119,1120,1121,1122,1153,1154,1203,1458,1459,1460,1461,1462,
325;0;6205;6228;0;32,44,48,54,70,71,72,87,105,115,132,133,134,138,140,150,151,186,197,217,224,227,264,293,315,316,317,318,325,327,332,336,337,341,342,345,346,347,371,406,428,438,442,599,617,622,728,753,754,755,756,757,758,759,760,821,858,864,867,931,936,937,938,939,940,941,942,965,1119,1120,1121,1122,1153,1154,1203,1458,1459,1460,1461,1462,
689;0;6228;6308;1;32,44,48,54,70,71,72,87,105,115,132,133,134,138,140,150,151,186,197,217,224,227,264,293,315,316,317,318,325,327,332,336,337,341,342,345,346,347,371,406,428,438,442,599,617,622,728,753,754,755,756,757,758,759,760,821,858,864,867,931,936,937,938,939,940,941,942,965,1119,1120,1121,1122,1153,1154,1203,1458,1459,1460,1461,1462,
689;1;6308;6464;1;32,44,48,54,70,71,72,87,105,115,132,133,134,138,140,150,151,186,197,217,224,227,264,293,315,316,317,318,325,327,332,336,337,341,342,345,346,347,371,406,428,438,442,599,617,622,728,753,754,755,756,757,758,759,760,821,858,864,867,931,936,937,938,939,940,941,942,965,1119,1120,1121,1122,1153,1154,1203,1458,1459,1460,1461,1462,
356;0;6464;6562;1;32,72,105,125,127,129,132,133,134,138,140,150,154,155,173,185,186,187,220,223,224,225,226,229,231,252,264,315,316,317,320,327,332,336,337,342,345,346,347,366,421,428,449,505,601,617,621,622,688,722,728,796,821,872,898,931,965,983,985,986,987,988,989,990,991,992,1153,1154,1203,1442,1443,1444,1445,1446,1447,1448,1449,1450,1451,1452,
356;1;6562;6650;1;32,72,105,125,127,129,132,133,134,138,140,150,154,155,173,185,186,187,220,223,224,225,226,229,231,252,264,315,316,317,320,327,332,336,337,342,345,346,347,366,421,428,449,505,601,617,621,622,688,722,728,796,821,872,898,931,965,983,985,986,987,988,989,990,991,992,1153,1154,1203,1442,1443,1444,1445,1446,1447,1448,1449,1450,1451,1452,
121;0;6650;6710;1;32,72,105,125,127,129,132,133,134,138,140,150,154,155,173,185,186,187,220,223,224,225,226,229,231,252,264,315,316,317,320,327,332,336,337,342,345,346,347,366,421,428,449,505,601,617,621,622,688,722,728,796,821,872,898,931,965,983,985,986,987,988,989,990,991,992,1153,1154,1203,1442,1443,1444,1445,1446,1447,1448,1449,1450,1451,1452,
121;1;6710;6763;1;32,72,105,125,127,129,132,133,134,138,140,150,154,155,173,185,186,187,220,223,224,225,226,229,231,252,264,315,316,317,320,327,332,336,337,342,345,346,347,366,421,428,449,505,601,617,621,622,688,722,728,796,821,872,898,931,965,983,985,986,987,988,989,990,991,992,1153,1154,1203,1442,1443,1444,1445,1446,1447,1448,1449,1450,1451,1452,
524;0;6763;6881;1;32,72,105,125,127,129,132,133,134,138,140,150,154,155,173,185,186,187,220,223,224,225,226,229,231,252,264,315,316,317,320,327,332,336,337,342,345,346,347,366,421,428,449,505,601,617,621,622,688,722,728,796,821,872,898,931,965,983,985,986,987,988,989,990,991,992,1153,1154,1203,1442,1443,1444,1445,1446,1447,1448,1449,1450,1451,1452,
524;1;6881;6958;1;32,72,105,125,127,129,132,133,134,138,140,150,154,155,173,185,186,187,220,223,224,225,226,229,231,252,264,315,316,317,320,327,332,336,337,342,345,346,347,366,421,428,449,505,601,617,621,622,688,722,728,796,821,872,898,931,965,983,985,986,987,988,989,990,991,992,1153,1154,1203,1442,1443,1444,1445,1446,1447,1448,1449,1450,1451,1452,
714;0;6958;7097;1;32,72,105,125,127,129,132,133,134,138,140,150,154,155,173,185,186,187,220,223,224,225,226,229,231,252,264,315,316,317,320,327,332,336,337,342,345,346,347,366,421,428,449,505,601,617,621,622,688,722,728,796,821,872,898,931,965,983,985,986,987,988,989,990,991,992,1153,1154,1203,1442,1443,1444,1445,1446,1447,1448,1449,1450,1451,1452,
714;1;7097;7185;1;32,72,105,125,127,129,132,133,134,138,140,150,154,155,173,185,186,187,220,223,224,225,226,229,231,252,264,315,316,317,320,327,332,336,337,342,345,346,347,366,421,428,449,505,601,617,621,622,688,722,728,796,821,872,898,931,965,983,985,986,987,988,989,990,991,992,1153,1154,1203,1442,1443,1444,1445,1446,1447,1448,1449,1450,1451,1452,
341;0;7185;7332;1;32,72,105,125,127,129,132,133,134,138,140,150,154,155,173,185,186,187,220,223,224,225,226,229,231,252,264,315,316,317,320,327,332,336,337,342,345,346,347,366,421,428,449,505,601,617,621,622,688,722,728,796,821,872,898,931,965,983,985,986,987,988,989,990,991,992,1153,1154,1203,1442,1443,1444,1445,1446,1447,1448,1449,1450,1451,1452,
341;1;7332;7432;1;32,72,105,125,127,129,132,133,134,138,140,150,154,155,173,185,186,187,220,223,224,225,226,229,231,252,264,315,316,317,320,327,332,336,337,342,345,346,347,366,421,428,449,505,601,617,621,622,688,722,728,796,821,872,898,931,965,983,985,986,987,988,989,990,991,992,1153,1154,1203,1442,1443,1444,1445,1446,1447,1448,1449,1450,1451,1452,
546;0;7432;7507;1;32,72,105,125,127,129,132,133,134,138,140,150,154,155,173,185,186,187,220,223,224,225,226,229,231,252,264,315,316,317,320,327,332,336,337,342,345,346,347,366,421,428,449,505,601,617,621,622,688,722,728,796,821,872,898,931,965,983,985,986,987,988,989,990,991,992,1153,1154,1203,1442,1443,1444,1445,1446,1447,1448,1449,1450,1451,1452,
546;1;7507;7584;1;32,72,105,125,127,129,132,133,134,138,140,150,154,155,173,185,186,187,220,223,224,225,226,229,231,252,264,315,316,317,320,327,332,336,337,342,345,346,347,366,421,428,449,505,601,617,621,622,688,722,728,796,821,872,898,931,965,983,985,986,987,988,989,990,991,992,1153,1154,1203,1442,1443,1444,1445,1446,1447,1448,1449,1450,1451,1452,
521;0;7584;7617;1;32,72,105,125,127,129,132,133,134,138,140,150,154,155,173,185,186,187,220,223,224,225,226,229,231,252,264,315,316,317,320,327,332,336,337,342,345,346,347,366,421,428,449,505,601,617,621,622,688,722,728,796,821,872,898,931,965,983,985,986,987,988,989,990,991,992,1153,1154,1203,1442,1443,1444,1445,1446,1447,1448,1449,1450,1451,1452,
521;1;7617;7705;1;32,72,105,125,127,129,132,133,134,138,140,150,154,155,173,185,186,187,220,223,224,225,226,229,231,252,264,315,316,317,320,327,332,336,337,342,345,346,347,366,421,428,449,505,601,617,621,622,688,722,728,796,821,872,898,931,965,983,985,986,987,988,989,990,991,992,1153,1154,1203,1442,1443,1444,1445,1446,1447,1448,1449,1450,1451,1452,
59;0;7705;7866;1;32,72,93,105,129,134,138,150,154,155,173,186,220,223,224,225,226,229,231,252,253,263,264,265,266,269,320,327,332,335,336,337,345,360,420,421,428,456,484,496,497,501,617,626,651,654,662,663,664,665,666,667,688,722,723,724,725,726,727,728,729,780,821,872,906,931,932,933,934,935,965,983,985,986,987,988,989,990,991,992,
59;1;7866;7990;1;32,72,93,105,129,134,138,150,154,155,173,186,220,223,224,225,226,229,231,252,253,263,264,265,266,269,320,327,332,335,336,337,345,360,420,421,428,456,484,496,497,501,617,626,651,654,662,663,664,665,666,667,688,722,723,724,725,726,727,728,729,780,821,872,906,931,932,933,934,935,965,983,985,986,987,988,989,990,991,992,
187;0;7990;8041;0;32,72,93,105,129,134,138,150,154,155,173,186,220,223,224,225,226,229,231,252,253,263,264,265,266,269,320,327,332,335,336,337,345,360,420,421,428,456,484,496,497,501,617,626,651,654,662,663,664,665,666,667,688,722,723,724,725,726,727,728,729,780,821,872,906,931,932,933,934,935,965,983,985,986,987,988,989,990,991,992,
391;0;8041;8077;1;32,72,93,105,129,134,138,150,154,155,173,186,220,223,224,225,226,229,231,252,253,263,264,265,266,269,320,327,332,335,336,337,345,360,420,421,428,456,484,496,497,501,617,626,651,654,662,663,664,665,666,667,688,722,723,724,725,726,727,728,729,780,821,872,906,931,932,933,934,935,965,983,985,986,987,988,989,990,991,992,
391;1;8077;8167;1;32,72,93,105,129,134,138,150,154,155,173,186,220,223,224,225,226,229,231,252,253,263,264,265,266,269,320,327,332,335,336,337,345,360,420,421,428,456,484,496,497,501,617,626,651,654,662,663,664,665,666,667,688,722,723,724,725,726,727,728,729,780,821,872,906,931,932,933,934,935,965,983,985,986,987,988,989,990,991,992,
653;0;8167;8182;0;32,72,93,105,129,134,138,150,154,155,173,186,220,223,224,225,226,229,231,252,253,263,264,265,266,269,320,327,332,335,336,337,345,360,420,421,428,456,484,496,497,501,617,626,651,654,662,663,664,665,666,667,688,722,723,724,725,726,727,728,729,780,821,872,906,931,932,933,934,935,965,983,985,986,987,988,989,990,991,992,
653;1;8182;8194;0;32,72,93,105,129,134,138,150,154,155,173,186,220,223,224,225,226,229,231,252,253,263,264,265,266,269,320,327,332,335,336,337,345,360,420,421,428,456,484,496,497,501,617,626,651,654,662,663,664,665,666,667,688,722,723,724,725,726,727,728,729,780,821,872,906,931,932,933,934,935,965,983,985,986,987,988,989,990,991,992,
667;0;8194;8245;0;32,72,93,105,129,134,138,150,154,155,173,186,220,223,224,225,226,229,231,252,253,263,264,265,266,269,320,327,332,335,336,337,345,360,420,421,428,456,484,496,497,501,617,626,651,654,662,663,664,665,666,667,688,722,723,724,725,726,727,728,729,780,821,872,906,931,932,933,934,935,965,983,985,986,987,988,989,990,991,992,
73;0;8245;8249;0;32,72,93,105,129,134,138,150,154,155,173,186,220,223,224,225,226,229,231,252,253,263,264,265,266,269,320,327,332,335,336,337,345,360,420,421,428,456,484,496,497,501,617,626,651,654,662,663,664,665,666,667,688,722,723,724,725,726,727,728,729,780,821,872,906,931,932,933,934,935,965,983,985,986,987,988,989,990,991,992,
73;1;8249;8333;0;32,72,93,105,129,134,138,150,154,155,173,186,220,223,224,225,226,229,231,252,253,263,264,265,266,269,320,327,332,335,336,337,345,360,420,421,428,456,484,496,497,501,617,626,651,654,662,663,664,665,666,667,688,722,723,724,725,726,727,728,729,780,821,872,906,931,932,933,934,935,965,983,985,986,987,988,989,990,991,992,
161;0;8333;8410;1;32,72,93,105,129,134,138,150,154,155,173,186,220,223,224,225,226,229,231,252,253,263,264,265,266,269,320,327,332,335,336,337,345,360,420,421,428,456,484,496,497,501,617,626,651,654,662,663,664,665,666,667,688,722,723,724,725,726,727,728,729,780,821,872,906,931,932,933,934,935,965,983,985,986,987,988,989,990,991,992,
161;1;8410;8494;1;32,72,93,105,129,134,138,150,154,155,173,186,220,223,224,225,226,229,231,252,253,263,264,265,266,269,320,327,332,335,336,337,345,360,420,421,428,456,484,496,497,501,617,626,651,654,662,663,664,665,666,667,688,722,723,724,725,726,727,728,729,780,821,872,906,931,932,933,934,935,965,983,985,986,987,988,989,990,991,992,
272;0;8494;8506;0;32,72,93,105,129,134,138,150,154,155,173,186,220,223,224,225,226,229,231,252,253,263,264,265,266,269,320,327,332,335,336,337,345,360,420,421,428,456,484,496,497,501,617,626,651,654,662,663,664,665,666,667,688,722,723,724,725,726,727,728,729,780,821,872,906,931,932,933,934,935,965,983,985,986,987,988,989,990,991,992,
387;0;8506;8518;0;32,72,93,105,129,134,138,150,154,155,173,186,220,223,224,225,226,229,231,252,253,263,264,265,266,269,320,327,332,335,336,337,345,360,420,421,428,456,484,496,497,501,617,626,651,654,662,663,664,665,666,667,688,722,723,724,725,726,727,728,729,780,821,872,906,931,932,933,934,935,965,983,985,986,987,988,989,990,991,992,
636;0;8518;8675;1;32,72,93,105,129,134,138,150,154,155,173,186,220,223,224,225,226,229,231,252,253,263,264,265,266,269,320,327,332,335,336,337,345,360,420,421,428,456,484,496,497,501,617,626,651,654,662,663,664,665,666,667,688,722,723,724,725,726,727,728,729,780,821,872,906,931,932,933,934,935,965,983,985,986,987,988,989,990,991,992,
636;1;8675;8728;1;32,72,93,105,129,134,138,150,154,155,173,186,220,223,224,225,226,229,231,252,253,263,264,265,266,269,320,327,332,335,336,337,345,360,420,421,428,456,484,496,497,501,617,626,651,654,662,663,664,665,666,667,688,722,723,724,725,726,727,728,729,780,821,872,906,931,932,933,934,935,965,983,985,986,987,988,989,990,991,992,
726;0;8728;8780;1;32,72,93,105,129,134,138,150,154,155,173,186,220,223,224,225,226,229,231,252,253,263,264,265,266,269,320,327,332,335,336,337,345,360,420,421,428,456,484,496,497,501,617,626,651,654,662,663,664,665,666,667,688,722,723,724,725,726,727,728,729,780,821,872,906,931,932,933,934,935,965,983,985,986,987,988,989,990,991,992,
726;1;8780;8932;1;32,72,93,105,129,134,138,150,154,155,173,186,220,223,224,225,226,229,231,252,253,263,264,265,266,269,320,327,332,335,336,337,345,360,420,421,428,456,484,496,497,501,617,626,651,654,662,663,664,665,666,667,688,722,723,724,725,726,727,728,729,780,821,872,906,931,932,933,934,935,965,983,985,986,987,988,989,990,991,992,
568;0;8932;8987;0;32,72,93,105,129,134,138,150,154,155,173,186,220,223,224,225,226,229,231,252,253,263,264,265,266,269,320,327,332,335,336,337,345,360,420,421,428,456,484,496,497,501,617,626,651,654,662,663,664,665,666,667,688,722,723,724,725,726,727,728,729,780,821,872,906,931,932,933,934,935,965,983,985,986,987,988,989,990,991,992,
568;1;8987;9083;0;32,72,93,105,129,134,138,150,154,155,173,186,220,223,224,225,226,229,231,252,253,263,264,265,266,269,320,327,332,335,336,337,345,360,420,421,428,456,484,496,497,501,617,626,651,654,662,663,664,665,666,667,688,722,723,724,725,726,727,728,729,780,821,872,906,931,932,933,934,935,965,983,985,986,987,988,989,990,991,992,
711;0;9083;9122;1;32,72,93,105,129,134,138,150,154,155,173,186,220,223,224,225,226,229,231,252,253,263,264,265,266,269,320,327,332,335,336,337,345,360,420,421,428,456,484,496,497,501,617,626,651,654,662,663,664,665,666,667,688,722,723,724,725,726,727,728,729,780,821,872,906,931,932,933,934,935,965,983,985,986,987,988,989,990,991,992,
711;1;9122;9175;1;32,72,93,105,129,134,138,150,154,155,173,186,220,223,224,225,226,229,231,252,253,263,264,265,266,269,320,327,332,335,336,337,345,360,420,421,428,456,484,496,497,501,617,626,651,654,662,663,664,665,666,667,688,722,723,724,725,726,727,728,729,780,821,872,906,931,932,933,934,935,965,983,985,986,987,988,989,990,991,992,
241;0;9175;9247;1;32,45,72,105,129,134,138,150,186,224,252,253,263,264,265,269,320,327,332,335,336,337,345,360,382,390,410,412,420,421,422,428,448,484,497,498,617,626,627,651,654,662,663,664,665,666,667,677,688,728,761,762,763,764,765,766,767,768,769,770,771,772,773,774,775,776,780,821,823,824,825,826,906,931,932,933,934,935,965,1145,
241;1;9247;9390;1;32,45,72,105,129,134,138,150,186,224,252,253,263,264,265,269,320,327,332,335,336,337,345,360,382,390,410,412,420,421,422,428,448,484,497,498,617,626,627,651,654,662,663,664,665,666,667,677,688,728,761,762,763,764,765,766,767,768,769,770,771,772,773,774,775,776,780,821,823,824,825,826,906,931,932,933,934,935,965,1145,
107;0;9390;9402;0;32,45,72,105,129,134,138,150,186,224,252,253,263,264,265,269,320,327,332,335,336,337,345,360,382,390,410,412,420,421,422,428,448,484,497,498,617,626,627,651,654,662,663,664,665,666,667,677,688,728,761,762,763,764,765,766,767,768,769,770,771,772,773,774,775,776,780,821,823,824,825,826,906,931,932,933,934,935,965,1145,
556;0;9402;9458;1;32,45,72,105,129,134,138,150,186,224,252,253,263,264,265,269,320,327,332,335,336,337,345,360,382,390,410,412,420,421,422,428,448,484,497,498,617,626,627,651,654,662,663,664,665,666,667,677,688,728,761,762,763,764,765,766,767,768,769,770,771,772,773,774,775,776,780,821,823,824,825,826,906,931,932,933,934,935,965,1145,
556;1;9458;9535;1;32,45,72,105,129,134,138,150,186,224,252,253,263,264,265,269,320,327,332,335,336,337,345,360,382,390,410,412,420,421,422,428,448,484,497,498,617,626,627,651,654,662,663,664,665,666,667,677,688,728,761,762,763,764,765,766,767,768,769,770,771,772,773,774,775,776,780,821,823,824,825,826,906,931,932,933,934,935,965,1145,
262;0;9535;9586;0;32,45,72,105,129,134,138,150,186,224,252,253,263,264,265,269,320,327,332,335,336,337,345,360,382,390,410,412,420,421,422,428,448,484,497,498,617,626,627,651,654,662,663,664,665,666,667,677,688,728,761,762,763,764,765,766,767,768,769,770,771,772,773,774,775,776,780,821,823,824,825,826,906,931,932,933,934,935,965,1145,
188;0;9586;9630;0;32,45,72,105,129,134,138,150,186,224,252,253,263,264,265,269,320,327,332,335,336,337,345,360,382,390,410,412,420,421,422,428,448,484,497,498,617,626,627,651,654,662,663,664,665,666,667,677,688,728,761,762,763,764,765,766,767,768,769,770,771,772,773,774,775,776,780,821,823,824,825,826,906,931,932,933,934,935,965,1145,
188;1;9630;9651;0;32,45,72,105,129,134,138,150,186,224,252,253,263,264,265,269,320,327,332,335,336,337,345,360,382,390,410,412,420,421,422,428,448,484,497,498,617,626,627,651,654,662,663,664,665,666,667,677,688,728,761,762,763,764,765,766,767,768,769,770,771,772,773,774,775,776,780,821,823,824,825,826,906,931,932,933,934,935,965,1145,
37;0;9651;9701;0;32,45,72,105,129,134,138,150,186,224,252,253,263,264,265,269,320,327,332,335,336,337,345,360,382,390,410,412,420,421,422,428,448,484,497,498,617,626,627,651,654,662,663,664,665,666,667,677,688,728,761,762,763,764,765,766,767,768,769,770,771,772,773,774,775,776,780,821,823,824,825,826,906,931,932,933,934,935,965,1145,
436;0;9701;9853;1;32,45,72,105,129,134,138,150,186,224,252,253,263,264,265,269,320,327,332,335,336,337,345,360,382,390,410,412,420,421,422,428,448,484,497,498,617,626,627,651,654,662,663,664,665,666,667,677,688,728,761,762,763,764,765,766,767,768,769,770,771,772,773,774,775,776,780,821,823,824,825,826,906,931,932,933,934,935,965,1145,
436;1;9853;9889;1;32,45,72,105,129,134,138,150,186,224,252,253,263,264,265,269,320,327,332,335,336,337,345,360,382,390,410,412,420,421,422,428,448,484,497,498,617,626,627,651,654,662,663,664,665,666,667,677,688,728,761,762,763,764,765,766,767,768,769,770,771,772,773,774,775,776,780,821,823,824,825,826,906,931,932,933,934,935,965,1145,
87;0;9889;9925;0;32,45,72,105,129,134,138,150,186,224,252,253,263,264,265,269,320,327,332,335,336,337,345,360,382,390,410,412,420,421,422,428,448,484,497,498,617,626,627,651,654,662,663,664,665,666,667,677,688,728,761,762,763,764,765,766,767,768,769,770,771,772,773,774,775,776,780,821,823,824,825,826,906,931,932,933,934,935,965,1145,
223;0;9925;9978;0;32,45,72,105,129,134,138,150,186,224,252,253,263,264,265,269,320,327,332,335,336,337,345,360,382,390,410,412,420,421,422,428,448,484,497,498,617,626,627,651,654,662,663,664,665,666,667,677,688,728,761,762,763,764,765,766,767,768,769,770,771,772,773,774,775,776,780,821,823,824,825,826,906,931,932,933,934,935,965,1145,
223;1;9978;9990;0;32,45,72,105,129,134,138,150,186,224,252,253,263,264,265,269,320,327,332,335,336,337,345,360,382,390,410,412,420,421,422,428,448,484,497,498,617,626,627,651,654,662,663,664,665,666,667,677,688,728,761,762,763,764,765,766,767,768,769,770,771,772,773,774,775,776,780,821,823,824,825,826,906,931,932,933,934,935,965,1145,
167;0;9990;10041;0;32,45,72,105,129,134,138,150,186,224,252,253,263,264,265,269,320,327,332,335,336,337,345,360,382,390,410,412,420,421,422,428,448,484,497,498,617,626,627,651,654,662,663,664,665,666,667,677,688,728,761,762,763,764,765,766,767,768,769,770,771,772,773,774,775,776,780,821,823,824,825,826,906,931,932,933,934,935,965,1145,
582;0;10041;10077;0;32,45,72,105,129,134,138,150,186,224,252,253,263,264,265,269,320,327,332,335,336,337,345,360,382,390,410,412,420,421,422,428,448,484,497,498,617,626,627,651,654,662,663,664,665,666,667,677,688,728,761,762,763,764,765,766,767,768,769,770,771,772,773,774,775,776,780,821,823,824,825,826,906,931,932,933,934,935,965,1145,
Machine: 4
224;0;0;36;1;0,2,3,5,48,59,63,70,71,72,73,74,75,76,77,78,79,80,81,82,105,106,148,150,151,153,156,157,196,223,224,225,226,227,228,229,230,231,232,233,234,235,236,237,238,239,240,241,242,243,244,299,305,338,393,403,443,446,527,555,588,589,590,591,592,593,594,595,596,597,598,599,600,601,602,603,604,605,660,661,
224;1;36;109;1;0,2,3,5,48,59,63,70,71,72,73,74,75,76,77,78,79,80,81,82,105,106,148,150,151,153,156,157,196,223,224,225,226,227,228,229,230,231,232,233,234,235,236,237,238,239,240,241,242,243,244,299,305,338,393,403,443,446,527,555,588,589,590,591,592,593,594,595,596,597,598,599,600,601,602,603,604,605,660,661,
39;0;109;113;1;0,2,3,5,48,59,63,70,71,72,73,74,75,76,77,78,79,80,81,82,105,106,148,150,151,153,156,157,196,223,224,225,226,227,228,229,230,231,232,233,234,235,236,237,238,239,240,241,242,243,244,299,305,338,393,403,443,446,527,555,588,589,590,591,592,593,594,595,596,597,598,599,600,601,602,603,604,605,660,661,
39;1;113;264;1;0,2,3,5,48,59,63,70,71,72,73,74,75,76,77,78,79,80,81,82,105,106,148,150,151,153,156,157,196,223,224,225,226,227,228,229,230,231,232,233,234,235,236,237,238,239,240,241,242,243,244,299,305,338,393,403,443,446,527,555,588,589,590,591,592,593,594,595,596,597,598,599,600,601,602,603,604,605,660,661,
659;0;264;416;1;0,2,3,5,48,59,63,70,71,72,73,74,75,76,77,78,79,80,81,82,105,106,148,150,151,153,156,157,196,223,224,225,226,227,228,229,230,231,232,233,234,235,236,237,238,239,240,241,242,243,244,299,305,338,393,403,443,446,527,555,588,589,590,591,592,593,594,595,596,597,598,599,600,601,602,603,604,605,660,661,
659;1;416;460;1;0,2,3,5,48,59,63,70,71,72,73,74,75,76,77,78,79,80,81,82,105,106,148,150,151,153,156,157,196,223,224,225,226,227,228,229,230,231,232,233,234,235,236,237,238,239,240,241,242,243,244,299,305,338,393,403,443,446,527,555,588,589,590,591,592,593,594,595,596,597,598,599,600,601,602,603,604,605,660,661,
507;0;460;537;0;0,2,3,5,48,59,63,70,71,72,73,74,75,76,77,78,79,80,81,82,105,106,148,150,151,153,156,157,196,223,224,225,226,227,228,229,230,231,232,233,234,235,236,237,238,239,240,241,242,243,244,299,305,338,393,403,443,446,527,555,588,589,590,591,592,593,594,595,596,597,598,599,600,601,602,603,604,605,660,661,
49;0;537;711;1;0,2,3,5,48,59,63,70,71,72,73,74,75,76,77,78,79,80,81,82,105,106,148,150,151,153,156,157,196,223,224,225,226,227,228,229,230,231,232,233,234,235,236,237,238,239,240,241,242,243,244,299,305,338,393,403,443,446,527,555,588,589,590,591,592,593,594,595,596,597,598,599,600,601,602,603,604,605,660,661,
49;1;711;784;1;0,2,3,5,48,59,63,70,71,72,73,74,75,76,77,78,79,80,81,82,105,106,148,150,151,153,156,157,196,223,224,225,226,227,228,229,230,231,232,233,234,235,236,237,238,239,240,241,242,243,244,299,305,338,393,403,443,446,527,555,588,589,590,591,592,593,594,595,596,597,598,599,600,601,602,603,604,605,660,661,
51;0;784;864;1;0,2,3,5,48,59,63,70,71,72,73,74,75,76,77,78,79,80,81,82,105,106,148,150,151,153,156,157,196,223,224,225,226,227,228,229,230,231,232,233,234,235,236,237,238,239,240,241,242,243,244,299,305,338,393,403,443,446,527,555,588,589,590,591,592,593,594,595,596,597,598,599,600,601,602,603,604,605,660,661,
51;1;864;1001;1;0,2,3,5,48,59,63,70,71,72,73,74,75,76,77,78,79,80,81,82,105,106,148,150,151,153,156,157,196,223,224,225,226,227,228,229,230,231,232,233,234,235,236,237,238,239,240,241,242,243,244,299,305,338,393,403,443,446,527,555,588,589,590,591,592,593,594,595,596,597,598,599,600,601,602,603,604,605,660,661,
467;0;1001;1045;0;0,2,3,5,48,59,63,70,71,72,73,74,75,76,77,78,79,80,81,82,105,106,148,150,151,153,156,157,196,223,224,225,226,227,228,229,230,231,232,233,234,235,236,237,238,239,240,241,242,243,244,299,305,338,393,403,443,446,527,555,588,589,590,591,592,593,594,595,596,597,598,599,600,601,602,603,604,605,660,661,
58;0;1045;1122;0;0,2,3,5,48,59,63,70,71,72,73,74,75,76,77,78,79,80,81,82,105,106,148,150,151,153,156,157,196,223,224,225,226,227,228,229,230,231,232,233,234,235,236,237,238,239,240,241,242,243,244,299,305,338,393,403,443,446,527,555,588,589,590,591,592,593,594,595,596,597,598,599,600,601,602,603,604,605,660,661,
58;1;1122;1199;0;0,2,3,5,48,59,63,70,71,72,73,74,75,76,77,78,79,80,81,82,105,106,148,150,151,153,156,157,196,223,224,225,226,227,228,229,230,231,232,233,234,235,236,237,238,239,240,241,242,243,244,299,305,338,393,403,443,446,527,555,588,589,590,591,592,593,594,595,596,597,598,599,600,601,602,603,604,605,660,661,
71;0;1199;1221;1;0,2,3,5,48,59,63,70,71,72,73,74,75,76,77,78,79,80,81,82,105,106,148,150,151,153,156,157,196,223,224,225,226,227,228,229,230,231,232,233,234,235,236,237,238,239,240,241,242,243,244,299,305,338,393,403,443,446,527,555,588,589,590,591,592,593,594,595,596,597,598,599,600,601,602,603,604,605,660,661,
71;1;1221;1372;1;0,2,3,5,48,59,63,70,71,72,73,74,75,76,77,78,79,80,81,82,105,106,148,150,151,153,156,157,196,223,224,225,226,227,228,229,230,231,232,233,234,235,236,237,238,239,240,241,242,243,244,299,305,338,393,403,443,446,527,555,588,589,590,591,592,593,594,595,596,597,598,599,600,601,602,603,604,605,660,661,
4;0;1372;1408;1;0,2,3,5,48,59,63,70,71,72,73,74,75,76,77,78,79,80,81,82,105,106,148,150,151,153,156,157,196,223,224,225,226,227,228,229,230,231,232,233,234,235,236,237,238,239,240,241,242,243,244,299,305,338,393,403,443,446,527,555,588,589,590,591,592,593,594,595,596,597,598,599,600,601,602,603,604,605,660,661,
4;1;1408;1452;1;0,2,3,5,48,59,63,70,71,72,73,74,75,76,77,78,79,80,81,82,105,106,148,150,151,153,156,157,196,223,224,225,226,227,228,229,230,231,232,233,234,235,236,237,238,239,240,241,242,243,244,299,305,338,393,403,443,446,527,555,588,589,590,591,592,593,594,595,596,597,598,599,600,601,602,603,604,605,660,661,
419;0;1452;1532;1;0,2,3,5,48,59,63,70,71,72,73,74,75,76,77,78,79,80,81,82,105,106,148,150,151,153,156,157,196,223,224,225,226,227,228,229,230,231,232,233,234,235,236,237,238,239,240,241,242,243,244,299,305,338,393,403,443,446,527,555,588,589,590,591,592,593,594,595,596,597,598,599,600,601,602,603,604,605,660,661,
419;1;1532;1605;1;0,2,3,5,48,59,63,70,71,72,73,74,75,76,77,78,79,80,81,82,105,106,148,150,151,153,156,157,196,223,224,225,226,227,228,229,230,231,232,233,234,235,236,237,238,239,240,241,242,243,244,299,305,338,393,403,443,446,527,555,588,589,590,591,592,593,594,595,596,597,598,599,600,601,602,603,604,605,660,661,
108;0;1605;1649;0;0,2,3,5,48,59,63,70,71,72,73,74,75,76,77,78,79,80,81,82,105,106,148,150,151,153,156,157,196,223,224,225,226,227,228,229,230,231,232,233,234,235,236,237,238,239,240,241,242,243,244,299,305,338,393,403,443,446,527,555,588,589,590,591,592,593,594,595,596,597,598,599,600,601,602,603,604,605,660,661,
108;1;1649;1726;0;0,2,3,5,48,59,63,70,71,72,73,74,75,76,77,78,79,80,81,82,105,106,148,150,151,153,156,157,196,223,224,225,226,227,228,229,230,231,232,233,234,235,236,237,238,239,240,241,242,243,244,299,305,338,393,403,443,446,527,555,588,589,590,591,592,593,594,595,596,597,598,599,600,601,602,603,604,605,660,661,
159;0;1726;1730;1;0,2,3,5,48,59,63,70,71,72,73,74,75,76,77,78,79,80,81,82,105,106,148,149,150,151,153,156,157,194,195,196,197,198,223,224,225,226,227,228,229,230,231,232,233,234,235,236,237,238,239,240,241,242,243,244,299,305,338,371,393,402,403,436,437,438,439,440,441,442,443,444,445,446,447,527,555,588,589,605,
159;1;1730;1829;1;0,2,3,5,48,59,63,70,71,72,73,74,75,76,77,78,79,80,81,82,105,106,148,149,150,151,153,156,157,194,195,196,197,198,223,224,225,226,227,228,229,230,231,232,233,234,235,236,237,238,239,240,241,242,243,244,299,305,338,371,393,402,403,436,437,438,439,440,441,442,443,444,445,446,447,527,555,588,589,605,
274;0;1829;1858;1;0,2,3,5,48,59,63,70,71,72,73,74,75,76,77,78,79,80,81,82,105,106,148,149,150,151,153,156,157,194,195,196,197,198,223,224,225,226,227,228,229,230,231,232,233,234,235,236,237,238,239,240,241,242,243,244,299,305,338,371,393,402,403,436,437,438,439,440,441,442,443,444,445,446,447,527,555,588,589,605,
274;1;1858;1957;1;0,2,3,5,48,59,63,70,71,72,73,74,75,76,77,78,79,80,81,82,105,106,148,149,150,151,153,156,157,194,195,196,197,198,223,224,225,226,227,228,229,230,231,232,233,234,235,236,237,238,239,240,241,242,243,244,299,305,338,371,393,402,403,436,437,438,439,440,441,442,443,444,445,446,447,527,555,588,589,605,
734;0;1957;2093;1;32,48,59,63,70,71,72,74,78,81,105,106,138,148,149,150,151,153,156,157,186,194,195,196,197,198,223,224,225,226,227,228,229,230,233,235,237,299,342,346,347,371,393,402,403,428,436,437,438,439,440,441,442,443,444,445,446,447,514,515,516,517,527,605,617,728,777,821,864,865,866,867,868,869,870,871,872,873,1153,1154,
734;1;2093;2214;1;32,48,59,63,70,71,72,74,78,81,105,106,138,148,149,150,151,153,156,157,186,194,195,196,197,198,223,224,225,226,227,228,229,230,233,235,237,299,342,346,347,371,393,402,403,428,436,437,438,439,440,441,442,443,444,445,446,447,514,515,516,517,527,605,617,728,777,821,864,865,866,867,868,869,870,871,872,873,1153,1154,
454;0;2214;2311;1;32,48,59,63,70,71,72,74,78,81,105,106,138,148,149,150,151,153,156,157,186,194,195,196,197,198,223,224,225,226,227,228,229,230,233,235,237,299,342,346,347,371,393,402,403,428,436,437,438,439,440,441,442,443,444,445,446,447,514,515,516,517,527,605,617,728,777,821,864,865,866,867,868,869,870,871,872,873,1153,1154,
454;1;2311;2410;1;32,48,59,63,70,71,72,74,78,81,105,106,138,148,149,150,151,153,156,157,186,194,195,196,197,198,223,224,225,226,227,228,229,230,233,235,237,299,342,346,347,371,393,402,403,428,436,437,438,439,440,441,442,443,444,445,446,447,514,515,516,517,527,605,617,728,777,821,864,865,866,867,868,869,870,871,872,873,1153,1154,
236;0;2410;2508;1;32,48,59,63,70,71,72,74,78,81,105,106,138,148,149,150,151,153,156,157,186,194,195,196,197,198,223,224,225,226,227,228,229,230,233,235,237,299,342,346,347,371,393,402,403,428,436,437,438,439,440,441,442,443,444,445,446,447,514,515,516,517,527,605,617,728,777,821,864,865,866,867,868,869,870,871,872,873,1153,1154,
236;1;2508;2585;1;32,48,59,63,70,71,72,74,78,81,105,106,138,148,149,150,151,153,156,157,186,194,195,196,197,198,223,224,225,226,227,228,229,230,233,235,237,299,342,346,347,371,393,402,403,428,436,437,438,439,440,441,442,443,444,445,446,447,514,515,516,517,527,605,617,728,777,821,864,865,866,867,868,869,870,871,872,873,1153,1154,
196;0;2585;2761;1;32,48,59,63,70,71,72,74,78,81,105,106,138,148,149,150,151,153,156,157,186,194,195,196,197,198,223,224,225,226,227,228,229,230,233,235,237,299,342,346,347,371,393,402,403,428,436,437,438,439,440,441,442,443,444,445,446,447,514,515,516,517,527,605,617,728,777,821,864,865,866,867,868,869,870,871,872,873,1153,1154,
196;1;2761;2898;1;32,48,59,63,70,71,72,74,78,81,105,106,138,148,149,150,151,153,156,157,186,194,195,196,197,198,223,224,225,226,227,228,229,230,233,235,237,299,342,346,347,371,393,402,403,428,436,437,438,439,440,441,442,443,444,445,446,447,514,515,516,517,527,605,617,728,777,821,864,865,866,867,868,869,870,871,872,873,1153,1154,
407;0;2898;2969;0;32,48,59,63,70,71,72,74,78,81,105,106,138,148,149,150,151,153,156,157,186,194,195,196,197,198,223,224,225,226,227,228,229,230,233,235,237,299,342,346,347,371,393,402,403,428,436,437,438,439,440,441,442,443,444,445,446,447,514,515,516,517,527,605,617,728,777,821,864,865,866,867,868,869,870,871,872,873,1153,1154,
719;0;2969;3057;1;32,48,59,63,70,71,72,74,78,81,105,106,138,148,149,150,151,153,156,157,186,194,195,196,197,198,223,224,225,226,227,228,229,230,233,235,237,299,342,346,347,371,393,402,403,428,436,437,438,439,440,441,442,443,444,445,446,447,514,515,516,517,527,605,617,728,777,821,864,865,866,867,868,869,870,871,872,873,1153,1154,
719;1;3057;3194;1;32,48,59,63,70,71,72,74,78,81,105,106,138,148,149,150,151,153,156,157,186,194,195,196,197,198,223,224,225,226,227,228,229,230,233,235,237,299,342,346,347,371,393,402,403,428,436,437,438,439,440,441,442,443,444,445,446,447,514,515,516,517,527,605,617,728,777,821,864,865,866,867,868,869,870,871,872,873,1153,1154,
423;0;3194;3236;0;32,48,59,63,70,71,72,74,78,81,105,106,138,148,149,150,151,153,156,157,176,186,194,195,196,197,198,223,224,225,226,227,228,229,230,233,235,237,299,346,347,371,393,402,428,438,440,445,447,514,515,516,517,527,605,847,914,991,1191,1200,1410,1411,1412,1413,1414,1415,1416,1417,1418,1419,1420,1421,1422,1423,1424,1425,1426,1427,1428,1429,
423;1;3236;3298;0;32,48,59,63,70,71,72,74,78,81,105,106,138,148,149,150,151,153,156,157,176,186,194,195,196,197,198,223,224,225,226,227,228,229,230,233,235,237,299,346,347,371,393,402,428,438,440,445,447,514,515,516,517,527,605,847,914,991,1191,1200,1410,1411,1412,1413,1414,1415,1416,1417,1418,1419,1420,1421,1422,1423,1424,1425,1426,1427,1428,1429,
319;0;3298;3404;1;32,48,59,63,70,71,72,74,78,81,105,106,138,148,149,150,151,153,156,157,176,186,194,195,196,197,198,223,224,225,226,227,228,229,230,233,235,237,299,346,347,371,393,402,428,438,440,445,447,514,515,516,517,527,605,847,914,991,1191,1200,1410,1411,1412,1413,1414,1415,1416,1417,1418,1419,1420,1421,1422,1423,1424,1425,1426,1427,1428,1429,
319;1;3404;3475;1;32,48,59,63,70,71,72,74,78,81,105,106,138,148,149,150,151,153,156,157,176,186,194,195,196,197,198,223,224,225,226,227,228,229,230,233,235,237,299,346,347,371,393,402,428,438,440,445,447,514,515,516,517,527,605,847,914,991,1191,1200,1410,1411,1412,1413,1414,1415,1416,1417,1418,1419,1420,1421,1422,1423,1424,1425,1426,1427,1428,1429,
606;0;3475;3511;1;32,48,59,63,70,71,72,74,78,81,105,106,138,148,149,150,151,153,156,157,176,186,194,195,196,197,198,223,224,225,226,227,228,229,230,233,235,237,299,346,347,371,393,402,428,438,440,445,447,514,515,516,517,527,605,847,914,991,1191,1200,1410,1411,1412,1413,1414,1415,1416,1417,1418,1419,1420,1421,1422,1423,1424,1425,1426,1427,1428,1429,
606;1;3511;3573;1;32,48,59,63,70,71,72,74,78,81,105,106,138,148,149,150,151,153,156,157,176,186,194,195,196,197,198,223,224,225,226,227,228,229,230,233,235,237,299,346,347,371,393,402,428,438,440,445,447,514,515,516,517,527,605,847,914,991,1191,1200,1410,1411,1412,1413,1414,1415,1416,1417,1418,1419,1420,1421,1422,1423,1424,1425,1426,1427,1428,1429,
522;0;3573;3577;0;32,48,59,63,70,71,72,74,78,81,105,106,138,148,149,150,151,153,156,157,176,186,194,195,196,197,198,223,224,225,226,227,228,229,230,233,235,237,299,346,347,371,393,402,428,438,440,445,447,514,515,516,517,527,605,847,914,949,991,1007,1191,1200,1410,1411,1412,1413,1414,1415,1416,1417,1418,1419,1420,1421,1422,1423,1424,1425,1426,1427,
596;0;3577;3581;1;32,70,71,72,78,93,105,106,135,138,149,150,151,153,156,194,195,196,197,198,224,229,237,260,299,304,336,340,343,348,360,364,371,423,424,425,438,445,447,448,477,482,504,505,506,507,514,515,516,517,554,639,874,875,876,877,878,879,899,922,923,924,925,926,927,928,929,930,949,1077,1078,1079,1080,1081,1082,1083,1084,1085,1086,1087,
596;1;3581;3647;1;32,70,71,72,78,93,105,106,135,138,149,150,151,153,156,194,195,196,197,198,224,229,237,260,299,304,336,340,343,348,360,364,371,423,424,425,438,445,447,448,477,482,504,505,506,507,514,515,516,517,554,639,874,875,876,877,878,879,899,922,923,924,925,926,927,928,929,930,949,1077,1078,1079,1080,1081,1082,1083,1084,1085,1086,1087,
704;0;3647;3681;1;32,70,71,72,78,93,105,106,135,138,149,150,151,153,156,194,195,196,197,198,224,229,237,260,299,304,336,340,343,348,360,364,371,423,424,425,438,445,447,448,477,482,504,505,506,507,514,515,516,517,554,639,874,875,876,877,878,879,899,922,923,924,925,926,927,928,929,930,949,1077,1078,1079,1080,1081,1082,1083,1084,1085,1086,1087,
704;1;3681;3730;1;32,70,71,72,78,93,105,106,135,138,149,150,151,153,156,194,195,196,197,198,224,229,237,260,299,304,336,340,343,348,360,364,371,423,424,425,438,445,447,448,477,482,504,505,506,507,514,515,516,517,554,639,874,875,876,877,878,879,899,922,923,924,925,926,927,928,929,930,949,1077,1078,1079,1080,1081,1082,1083,1084,1085,1086,1087,
664;0;3730;3839;1;32,70,71,72,78,93,105,106,135,138,149,150,151,153,156,194,195,196,197,198,224,229,237,260,299,304,336,340,343,348,360,364,371,423,424,425,438,445,447,448,477,482,504,505,506,507,514,515,516,517,554,639,874,875,876,877,878,879,899,922,923,924,925,926,927,928,929,930,949,1077,1078,1079,1080,1081,1082,1083,1084,1085,1086,1087,
664;1;3839;3905;1;32,70,71,72,78,93,105,106,135,138,149,150,151,153,156,194,195,196,197,198,224,229,237,260,299,304,336,340,343,348,360,364,371,423,424,425,438,445,447,448,477,482,504,505,506,507,514,515,516,517,554,639,874,875,876,877,878,879,899,922,923,924,925,926,927,928,929,930,949,1077,1078,1079,1080,1081,1082,1083,1084,1085,1086,1087,
514;0;3905;3922;1;32,70,71,72,78,93,105,106,135,138,149,150,151,153,156,194,195,196,197,198,224,229,237,260,299,304,336,340,343,348,360,364,371,423,424,425,438,445,447,448,477,482,504,505,506,507,514,515,516,517,554,639,874,875,876,877,878,879,899,922,923,924,925,926,927,928,929,930,949,1077,1078,1079,1080,1081,1082,1083,1084,1085,1086,1087,
514;1;3922;3971;1;32,70,71,72,78,93,105,106,135,138,149,150,151,153,156,194,195,196,197,198,224,229,237,260,299,304,336,340,343,348,360,364,371,423,424,425,438,445,447,448,477,482,504,505,506,507,514,515,516,517,554,639,874,875,876,877,878,879,899,922,923,924,925,926,927,928,929,930,949,1077,1078,1079,1080,1081,1082,1083,1084,1085,1086,1087,
6;0;3971;4019;1;32,70,71,72,78,93,105,106,135,138,149,150,151,153,156,194,195,196,197,198,224,229,237,260,299,304,336,340,343,348,360,364,371,423,424,425,438,445,447,448,477,482,504,505,506,507,514,515,516,517,554,639,874,875,876,877,878,879,899,922,923,924,925,926,927,928,929,930,949,1077,1078,1079,1080,1081,1082,1083,1084,1085,1086,1087,
6;1;4019;4109;1;32,70,71,72,78,93,105,106,135,138,149,150,151,153,156,194,195,196,197,198,224,229,237,260,299,304,336,340,343,348,360,364,371,423,424,425,438,445,447,448,477,482,504,505,506,507,514,515,516,517,554,639,874,875,876,877,878,879,899,922,923,924,925,926,927,928,929,930,949,1077,1078,1079,1080,1081,1082,1083,1084,1085,1086,1087,
616;0;4109;4169;1;32,70,71,72,78,93,105,106,135,138,149,150,151,153,156,194,195,196,197,198,224,229,237,260,299,304,336,340,343,348,360,364,371,423,424,425,438,445,447,448,477,482,504,505,506,507,514,515,516,517,554,639,874,875,876,877,878,879,899,922,923,924,925,926,927,928,929,930,949,1077,1078,1079,1080,1081,1082,1083,1084,1085,1086,1087,
616;1;4169;4250;1;32,70,71,72,78,93,105,106,135,138,149,150,151,153,156,194,195,196,197,198,224,229,237,260,299,304,336,340,343,348,360,364,371,423,424,425,438,445,447,448,477,482,504,505,506,507,514,515,516,517,554,639,874,875,876,877,878,879,899,922,923,924,925,926,927,928,929,930,949,1077,1078,1079,1080,1081,1082,1083,1084,1085,1086,1087,
184;0;4250;4312;1;32,70,71,72,78,93,105,106,135,138,149,150,151,153,156,194,195,196,197,198,224,229,237,260,299,304,336,340,343,348,360,364,371,423,424,425,438,445,447,448,477,482,504,505,506,507,514,515,516,517,554,639,874,875,876,877,878,879,899,922,923,924,925,926,927,928,929,930,949,1077,1078,1079,1080,1081,1082,1083,1084,1085,1086,1087,
184;1;4312;4488;1;32,70,71,72,78,93,105,106,135,138,149,150,151,153,156,194,195,196,197,198,224,229,237,260,299,304,336,340,343,348,360,364,371,423,424,425,438,445,447,448,477,482,504,505,506,507,514,515,516,517,554,639,874,875,876,877,878,879,899,922,923,924,925,926,927,928,929,930,949,1077,1078,1079,1080,1081,1082,1083,1084,1085,1086,1087,
34;0;4488;4541;1;32,70,71,72,78,93,105,106,135,138,149,150,151,153,156,194,195,196,197,198,224,229,237,260,299,304,336,340,343,348,360,364,371,423,424,425,438,445,447,448,477,482,504,505,506,507,514,515,516,517,554,639,874,875,876,877,878,879,899,922,923,924,925,926,927,928,929,930,949,1077,1078,1079,1080,1081,1082,1083,1084,1085,1086,1087,
34;1;4541;4590;1;32,70,71,72,78,93,105,106,135,138,149,150,151,153,156,194,195,196,197,198,224,229,237,260,299,304,336,340,343,348,360,364,371,423,424,425,438,445,447,448,477,482,504,505,506,507,514,515,516,517,554,639,874,875,876,877,878,879,899,922,923,924,925,926,927,928,929,930,949,1077,1078,1079,1080,1081,1082,1083,1084,1085,1086,1087,
504;0;4590;4664;1;32,42,61,70,71,72,105,106,135,138,149,150,151,153,155,156,173,182,183,194,195,196,197,198,199,200,201,202,203,204,205,206,207,208,209,210,211,212,213,214,215,216,217,218,219,220,221,222,224,229,237,260,336,343,371,438,445,447,448,477,504,506,507,514,515,516,517,874,879,899,922,923,924,925,926,927,928,929,930,949,
504;1;4664;4844;1;32,42,61,70,71,72,105,106,135,138,149,150,151,153,155,156,173,182,183,194,195,196,197,198,199,200,201,202,203,204,205,206,207,208,209,210,211,212,213,214,215,216,217,218,219,220,221,222,224,229,237,260,336,343,371,438,445,447,448,477,504,506,507,514,515,516,517,874,879,899,922,923,924,925,926,927,928,929,930,949,
218;0;4844;4874;0;32,42,61,70,71,72,105,106,135,138,149,150,151,153,155,156,173,182,183,194,195,196,197,198,199,200,201,202,203,204,205,206,207,208,209,210,211,212,213,214,215,216,217,218,219,220,221,222,224,229,237,260,336,343,371,438,445,447,448,477,504,506,507,514,515,516,517,874,879,899,922,923,924,925,926,927,928,929,930,949,
218;1;4874;4940;0;32,42,61,70,71,72,105,106,135,138,149,150,151,153,155,156,173,182,183,194,195,196,197,198,199,200,201,202,203,204,205,206,207,208,209,210,211,212,213,214,215,216,217,218,219,220,221,222,224,229,237,260,336,343,371,438,445,447,448,477,504,506,507,514,515,516,517,874,879,899,922,923,924,925,926,927,928,929,930,949,
176;0;4940;5092;1;32,42,61,70,71,72,90,105,106,128,135,138,149,150,151,153,155,156,173,182,183,196,197,198,199,224,229,237,252,253,254,255,256,257,258,259,260,261,262,263,264,265,266,267,268,269,327,336,343,345,371,404,410,420,421,422,438,445,447,448,477,507,508,509,514,515,516,517,874,879,900,928,929,930,949,1007,1031,1035,1409,1503,
176;1;5092;5189;1;32,42,61,70,71,72,90,105,106,128,135,138,149,150,151,153,155,156,173,182,183,196,197,198,199,224,229,237,252,253,254,255,256,257,258,259,260,261,262,263,264,265,266,267,268,269,327,336,343,345,371,404,410,420,421,422,438,445,447,448,477,507,508,509,514,515,516,517,874,879,900,928,929,930,949,1007,1031,1035,1409,1503,
442;0;5189;5277;0;32,42,61,70,71,72,90,105,106,128,135,138,149,150,151,153,155,156,173,182,183,196,197,198,199,224,229,237,252,253,254,255,256,257,258,259,260,261,262,263,264,265,266,267,268,269,327,336,343,345,371,404,410,420,421,422,438,445,447,448,477,507,508,509,514,515,516,517,874,879,900,928,929,930,949,1007,1031,1035,1409,1503,
29;0;5277;5457;1;32,42,61,70,71,72,90,105,106,128,135,138,149,150,151,153,155,156,173,182,183,196,197,198,199,224,229,237,252,253,254,255,256,257,258,259,260,261,262,263,264,265,266,267,268,269,327,336,343,345,371,404,410,420,421,422,438,445,447,448,477,507,508,509,514,515,516,517,874,879,900,928,929,930,949,1007,1031,1035,1409,1503,
29;1;5457;5501;1;32,42,61,70,71,72,90,105,106,128,135,138,149,150,151,153,155,156,173,182,183,196,197,198,199,224,229,237,252,253,254,255,256,257,258,259,260,261,262,263,264,265,266,267,268,269,327,336,343,345,371,404,410,420,421,422,438,445,447,448,477,507,508,509,514,515,516,517,874,879,900,928,929,930,949,1007,1031,1035,1409,1503,
441;0;5501;5661;1;32,42,61,70,71,72,90,105,106,128,135,138,149,150,151,153,155,156,173,182,183,196,197,198,199,224,229,237,252,253,254,255,256,257,258,259,260,261,262,263,264,265,266,267,268,269,327,336,343,345,371,404,410,420,421,422,438,445,447,448,477,507,508,509,514,515,516,517,874,879,900,928,929,930,949,1007,1031,1035,1409,1503,
441;1;5661;5811;1;32,42,61,70,71,72,90,105,106,128,135,138,149,150,151,153,155,156,173,182,183,196,197,198,199,224,229,237,252,253,254,255,256,257,258,259,260,261,262,263,264,265,266,267,268,269,327,336,343,345,371,404,410,420,421,422,438,445,447,448,477,507,508,509,514,515,516,517,874,879,900,928,929,930,949,1007,1031,1035,1409,1503,
42;0;5811;5882;0;32,42,61,70,71,72,90,105,106,128,135,138,149,150,151,153,155,156,173,182,183,196,197,198,199,224,229,237,252,253,254,255,256,257,258,259,260,261,262,263,264,265,266,267,268,269,327,336,343,345,371,404,410,420,421,422,438,445,447,448,477,507,508,509,514,515,516,517,874,879,900,928,929,930,949,1007,1031,1035,1409,1503,
646;0;5882;5893;1;32,42,61,70,71,72,90,105,106,128,135,138,149,150,151,153,155,156,173,182,183,196,197,198,199,224,229,237,252,253,254,255,256,257,258,259,260,261,262,263,264,265,266,267,268,269,327,336,343,345,371,404,410,420,421,422,438,445,447,448,477,507,508,509,514,515,516,517,874,879,900,928,929,930,949,1007,1031,1035,1409,1503,
646;1;5893;6036;1;32,42,61,70,71,72,90,105,106,128,135,138,149,150,151,153,155,156,173,182,183,196,197,198,199,224,229,237,252,253,254,255,256,257,258,259,260,261,262,263,264,265,266,267,268,269,327,336,343,345,371,404,410,420,421,422,438,445,447,448,477,507,508,509,514,515,516,517,874,879,900,928,929,930,949,1007,1031,1035,1409,1503,
623;0;6036;6062;0;32,42,61,70,71,72,90,105,106,128,135,138,149,150,151,153,155,156,173,182,183,196,197,198,199,224,229,237,252,253,254,255,256,257,258,259,260,261,262,263,264,265,266,267,268,269,327,336,343,345,371,404,410,420,421,422,438,445,447,448,477,507,508,509,514,515,516,517,874,879,900,928,929,930,949,1007,1031,1035,1409,1503,
623;1;6062;6159;0;32,42,61,70,71,72,90,105,106,128,135,138,149,150,151,153,155,156,173,182,183,196,197,198,199,224,229,237,252,253,254,255,256,257,258,259,260,261,262,263,264,265,266,267,268,269,327,336,343,345,371,404,410,420,421,422,438,445,447,448,477,507,508,509,514,515,516,517,874,879,900,928,929,930,949,1007,1031,1035,1409,1503,
542;0;6159;6163;0;32,42,61,70,71,72,90,105,106,128,135,138,149,150,151,153,155,156,173,182,183,196,197,198,199,224,229,237,252,253,254,255,256,257,258,259,260,261,262,263,264,265,266,267,268,269,327,336,343,345,371,404,410,420,421,422,438,445,447,448,477,507,508,509,514,515,516,517,874,879,900,928,929,930,949,1007,1031,1035,1409,1503,
696;0;6163;6314;1;32,42,61,70,71,72,90,105,106,128,135,138,149,150,151,153,155,156,173,182,183,196,197,198,199,224,229,237,252,253,254,255,256,257,258,259,260,261,262,263,264,265,266,267,268,269,327,336,343,345,371,404,410,420,421,422,438,445,447,448,477,507,508,509,514,515,516,517,874,879,900,928,929,930,949,1007,1031,1035,1409,1503,
696;1;6314;6402;1;32,42,61,70,71,72,90,105,106,128,135,138,149,150,151,153,155,156,173,182,183,196,197,198,199,224,229,237,252,253,254,255,256,257,258,259,260,261,262,263,264,265,266,267,268,269,327,336,343,345,371,404,410,420,421,422,438,445,447,448,477,507,508,509,514,515,516,517,874,879,900,928,929,930,949,1007,1031,1035,1409,1503,
674;0;6402;6555;1;32,42,61,70,71,72,90,105,106,132,138,140,149,150,151,153,155,156,173,182,183,186,196,197,198,224,229,261,269,327,336,343,345,371,382,383,384,422,477,730,731,732,733,734,735,736,737,738,739,740,741,742,743,744,745,746,747,763,874,879,880,881,882,883,884,885,886,887,888,889,890,891,892,893,894,895,896,897,949,1409,
674;1;6555;6708;1;32,42,61,70,71,72,90,105,106,132,138,140,149,150,151,153,155,156,173,182,183,186,196,197,198,224,229,261,269,327,336,343,345,371,382,383,384,422,477,730,731,732,733,734,735,736,737,738,739,740,741,742,743,744,745,746,747,763,874,879,880,881,882,883,884,885,886,887,888,889,890,891,892,893,894,895,896,897,949,1409,
318;0;6708;6761;0;32,42,61,70,71,72,90,105,106,132,138,140,149,150,151,153,155,156,173,182,183,186,196,197,198,224,229,261,269,327,336,343,345,371,382,383,384,422,477,730,731,732,733,734,735,736,737,738,739,740,741,742,743,744,745,746,747,763,874,879,880,881,882,883,884,885,886,887,888,889,890,891,892,893,894,895,896,897,949,1409,
318;1;6761;6845;0;32,42,61,70,71,72,90,105,106,132,138,140,149,150,151,153,155,156,173,182,183,186,196,197,198,224,229,261,269,327,336,343,345,371,382,383,384,422,477,730,731,732,733,734,735,736,737,738,739,740,741,742,743,744,745,746,747,763,874,879,880,881,882,883,884,885,886,887,888,889,890,891,892,893,894,895,896,897,949,1409,
447;0;6845;6929;0;32,42,61,70,71,72,90,105,106,132,138,140,149,150,151,153,155,156,173,182,183,186,196,197,198,224,229,261,269,327,336,343,345,371,382,383,384,422,477,730,731,732,733,734,735,736,737,738,739,740,741,742,743,744,745,746,747,763,874,879,880,881,882,883,884,885,886,887,888,889,890,891,892,893,894,895,896,897,949,1409,
326;0;6929;7044;1;32,42,61,70,71,72,90,105,106,132,138,140,149,150,151,153,155,156,173,182,183,186,196,197,198,224,229,261,269,327,336,343,345,371,382,383,384,422,477,730,731,732,733,734,735,736,737,738,739,740,741,742,743,744,745,746,747,763,874,879,880,881,882,883,884,885,886,887,888,889,890,891,892,893,894,895,896,897,949,1409,
326;1;7044;7194;1;32,42,61,70,71,72,90,105,106,132,138,140,149,150,151,153,155,156,173,182,183,186,196,197,198,224,229,261,269,327,336,343,345,371,382,383,384,422,477,730,731,732,733,734,735,736,737,738,739,740,741,742,743,744,745,746,747,763,874,879,880,881,882,883,884,885,886,887,888,889,890,891,892,893,894,895,896,897,949,1409,
686;0;7194;7326;1;32,42,61,70,71,72,90,105,106,132,138,140,149,150,151,153,155,156,173,182,183,186,196,197,198,224,229,261,269,327,336,343,345,371,382,383,384,422,477,730,731,732,733,734,735,736,737,738,739,740,741,742,743,744,745,746,747,763,874,879,880,881,882,883,884,885,886,887,888,889,890,891,892,893,894,895,896,897,949,1409,
686;1;7326;7441;1;32,42,61,70,71,72,90,105,106,132,138,140,149,150,151,153,155,156,173,182,183,186,196,197,198,224,229,261,269,327,336,343,345,371,382,383,384,422,477,730,731,732,733,734,735,736,737,738,739,740,741,742,743,744,745,746,747,763,874,879,880,881,882,883,884,885,886,887,888,889,890,891,892,893,894,895,896,897,949,1409,
99;0;7441;7605;1;32,42,61,70,71,72,90,105,106,132,138,140,149,150,151,153,155,156,173,182,183,186,196,197,198,224,229,261,269,327,336,343,345,371,382,383,384,422,477,730,731,732,733,734,735,736,737,738,739,740,741,742,743,744,745,746,747,763,874,879,880,881,882,883,884,885,886,887,888,889,890,891,892,893,894,895,896,897,949,1409,
99;1;7605;7758;1;32,42,61,70,71,72,90,105,106,132,138,140,149,150,151,153,155,156,173,182,183,186,196,197,198,224,229,261,269,327,336,343,345,371,382,383,384,422,477,730,731,732,733,734,735,736,737,738,739,740,741,742,743,744,745,746,747,763,874,879,880,881,882,883,884,885,886,887,888,889,890,891,892,893,894,895,896,897,949,1409,
511;0;7758;7790;1;32,42,61,70,71,72,90,105,106,132,138,140,149,150,151,153,155,156,173,182,183,186,196,197,198,224,229,261,269,327,336,343,345,371,382,383,384,422,477,730,731,732,733,734,735,736,737,738,739,740,741,742,743,744,745,746,747,763,874,879,880,881,882,883,884,885,886,887,888,889,890,891,892,893,894,895,896,897,949,1409,
511;1;7790;7874;1;32,42,61,70,71,72,90,105,106,132,138,140,149,150,151,153,155,156,173,182,183,186,196,197,198,224,229,261,269,327,336,343,345,371,382,383,384,422,477,730,731,732,733,734,735,736,737,738,739,740,741,742,743,744,745,746,747,763,874,879,880,881,882,883,884,885,886,887,888,889,890,891,892,893,894,895,896,897,949,1409,
286;0;7874;7951;1;32,42,57,61,70,71,72,105,106,138,142,149,150,151,152,153,154,155,156,157,158,159,160,161,162,163,164,165,166,167,168,169,170,171,172,173,174,175,176,177,178,179,180,181,182,183,184,196,197,198,224,225,229,261,327,340,343,358,371,372,373,374,375,376,377,382,482,505,874,875,876,877,878,879,949,961,1161,1162,1163,1164,
286;1;7951;7965;1;32,42,57,61,70,71,72,105,106,138,142,149,150,151,152,153,154,155,156,157,158,159,160,161,162,163,164,165,166,167,168,169,170,171,172,173,174,175,176,177,178,179,180,181,182,183,184,196,197,198,224,225,229,261,327,340,343,358,371,372,373,374,375,376,377,382,482,505,874,875,876,877,878,879,949,961,1161,1162,1163,1164,
306;0;7965;8017;1;32,42,57,61,70,71,72,105,106,138,142,149,150,151,152,153,154,155,156,157,158,159,160,161,162,163,164,165,166,167,168,169,170,171,172,173,174,175,176,177,178,179,180,181,182,183,184,196,197,198,224,225,229,261,327,340,343,358,371,372,373,374,375,376,377,382,482,505,874,875,876,877,878,879,949,961,1161,1162,1163,1164,
306;1;8017;8174;1;32,42,57,61,70,71,72,105,106,138,142,149,150,151,152,153,154,155,156,157,158,159,160,161,162,163,164,165,166,167,168,169,170,171,172,173,174,175,176,177,178,179,180,181,182,183,184,196,197,198,224,225,229,261,327,340,343,358,371,372,373,374,375,376,377,382,482,505,874,875,876,877,878,879,949,961,1161,1162,1163,1164,
96;0;8174;8353;1;32,42,57,61,70,71,72,105,106,138,142,149,150,151,152,153,154,155,156,157,158,159,160,161,162,163,164,165,166,167,168,169,170,171,172,173,174,175,176,177,178,179,180,181,182,183,184,196,197,198,224,225,229,261,327,340,343,358,371,372,373,374,375,376,377,382,482,505,874,875,876,877,878,879,949,961,1161,1162,1163,1164,
96;1;8353;8529;1;32,42,57,61,70,71,72,105,106,138,142,149,150,151,152,153,154,155,156,157,158,159,160,161,162,163,164,165,166,167,168,169,170,171,172,173,174,175,176,177,178,179,180,181,182,183,184,196,197,198,224,225,229,261,327,340,343,358,371,372,373,374,375,376,377,382,482,505,874,875,876,877,878,879,949,961,1161,1162,1163,1164,
321;0;8529;8581;1;32,42,57,61,70,71,72,105,106,138,142,149,150,151,152,153,154,155,156,157,158,159,160,161,162,163,164,165,166,167,168,169,170,171,172,173,174,175,176,177,178,179,180,181,182,183,184,196,197,198,224,225,229,261,327,340,343,358,371,372,373,374,375,376,377,382,482,505,874,875,876,877,878,879,949,961,1161,1162,1163,1164,
321;1;8581;8706;1;32,42,57,61,70,71,72,105,106,138,142,149,150,151,152,153,154,155,156,157,158,159,160,161,162,163,164,165,166,167,168,169,170,171,172,173,174,175,176,177,178,179,180,181,182,183,184,196,197,198,224,225,229,261,327,340,343,358,371,372,373,374,375,376,377,382,482,505,874,875,876,877,878,879,949,961,1161,1162,1163,1164,
11;0;8706;8826;1;32,42,57,61,70,71,72,105,106,138,142,149,150,151,152,153,154,155,156,157,158,159,160,161,162,163,164,165,166,167,168,169,170,171,172,173,174,175,176,177,178,179,180,181,182,183,184,196,197,198,224,225,229,261,327,340,343,358,371,372,373,374,375,376,377,382,482,505,874,875,876,877,878,879,949,961,1161,1162,1163,1164,
11;1;8826;8840;1;32,42,57,61,70,71,72,105,106,138,142,149,150,151,152,153,154,155,156,157,158,159,160,161,162,163,164,165,166,167,168,169,170,171,172,173,174,175,176,177,178,179,180,181,182,183,184,196,197,198,224,225,229,261,327,340,343,358,371,372,373,374,375,376,377,382,482,505,874,875,876,877,878,879,949,961,1161,1162,1163,1164,
408;0;8840;8902;0;32,42,57,61,70,71,72,105,106,138,142,149,150,151,152,153,154,155,156,157,158,159,160,161,162,163,164,165,166,167,168,169,170,171,172,173,174,175,176,177,178,179,180,181,182,183,184,196,197,198,224,225,229,261,271,327,340,343,358,371,372,373,374,375,376,377,382,482,505,696,874,875,876,949,961,1463,1464,1465,1466,1467,
408;1;8902;8980;0;32,42,57,61,70,71,72,105,106,138,142,149,150,151,152,153,154,155,156,157,158,159,160,161,162,163,164,165,166,167,168,169,170,171,172,173,174,175,176,177,178,179,180,181,182,183,184,196,197,198,224,225,229,261,271,327,340,343,358,371,372,373,374,375,376,377,382,482,505,696,874,875,876,949,961,1463,1464,1465,1466,1467,
368;0;8980;9024;0;32,42,57,61,70,71,72,105,106,138,142,149,150,151,152,153,154,155,156,157,158,159,160,161,162,163,164,165,166,167,168,169,170,171,172,173,174,175,176,177,178,179,180,181,182,183,184,196,197,198,224,225,229,261,271,327,340,343,358,371,372,373,374,375,376,377,382,482,505,696,874,875,876,949,961,1463,1464,1465,1466,1467,
368;1;9024;9038;0;32,42,57,61,70,71,72,105,106,138,142,149,150,151,152,153,154,155,156,157,158,159,160,161,162,163,164,165,166,167,168,169,170,171,172,173,174,175,176,177,178,179,180,181,182,183,184,196,197,198,224,225,229,261,271,327,340,343,358,371,372,373,374,375,376,377,382,482,505,696,874,875,876,949,961,1463,1464,1465,1466,1467,
721;0;9038;9111;1;32,42,57,61,70,71,72,105,106,138,142,149,150,151,152,153,154,155,156,157,158,159,160,161,162,163,164,165,166,167,168,169,170,171,172,173,174,175,176,177,178,179,180,181,182,183,184,196,197,198,224,225,229,261,271,327,340,343,358,371,372,373,374,375,376,377,382,482,505,696,874,875,876,949,961,1463,1464,1465,1466,1467,
721;1;9111;9268;1;32,42,57,61,70,71,72,105,106,138,142,149,150,151,152,153,154,155,156,157,158,159,160,161,162,163,164,165,166,167,168,169,170,171,172,173,174,175,176,177,178,179,180,181,182,183,184,196,197,198,224,225,229,261,271,327,340,343,358,371,372,373,374,375,376,377,382,482,505,696,874,875,876,949,961,1463,1464,1465,1466,1467,
604;0;9268;9272;1;32,42,57,61,70,71,72,105,106,138,142,149,150,151,152,153,154,155,156,157,158,159,160,161,162,163,164,165,166,167,168,169,170,171,172,173,174,175,176,177,178,179,180,181,182,183,184,196,197,198,224,225,229,261,271,327,340,343,358,371,372,373,374,375,376,377,382,482,505,696,874,875,876,949,961,1463,1464,1465,1466,1467,
604;1;9272;9286;1;32,42,57,61,70,71,72,105,106,138,142,149,150,151,152,153,154,155,156,157,158,159,160,161,162,163,164,165,166,167,168,169,170,171,172,173,174,175,176,177,178,179,180,181,182,183,184,196,197,198,224,225,229,261,271,327,340,343,358,371,372,373,374,375,376,377,382,482,505,696,874,875,876,949,961,1463,1464,1465,1466,1467,
64;0;9286;9337;1;17,18,19,20,21,22,23,24,25,26,27,28,29,30,31,32,33,34,35,36,37,38,39,40,41,42,43,70,138,185,196,261,297,327,337,358,368,382,478,527,537,538,539,542,543,545,636,829,830,831,832,833,834,835,836,837,838,839,840,841,842,843,844,949,960,961,993,994,995,996,997,998,999,1000,1001,1301,1302,1303,1304,1305,
64;1;9337;9402;1;17,18,19,20,21,22,23,24,25,26,27,28,29,30,31,32,33,34,35,36,37,38,39,40,41,42,43,70,138,185,196,261,297,327,337,358,368,382,478,527,537,538,539,542,543,545,636,829,830,831,832,833,834,835,836,837,838,839,840,841,842,843,844,949,960,961,993,994,995,996,997,998,999,1000,1001,1301,1302,1303,1304,1305,
633;0;9402;9438;0;17,18,19,20,21,22,23,24,25,26,27,28,29,30,31,32,33,34,35,36,37,38,39,40,41,42,43,70,138,185,196,261,297,327,337,358,368,382,478,527,537,538,539,542,543,545,636,829,830,831,832,833,834,835,836,837,838,839,840,841,842,843,844,949,960,961,993,994,995,996,997,998,999,1000,1001,1301,1302,1303,1304,1305,
633;1;9438;9472;0;17,18,19,20,21,22,23,24,25,26,27,28,29,30,31,32,33,34,35,36,37,38,39,40,41,42,43,70,138,185,196,261,297,327,337,358,368,382,478,527,537,538,539,542,543,545,636,829,830,831,832,833,834,835,836,837,838,839,840,841,842,843,844,949,960,961,993,994,995,996,997,998,999,1000,1001,1301,1302,1303,1304,1305,
402;0;9472;9568;0;17,18,19,20,21,22,23,24,25,26,27,28,29,30,31,32,33,34,35,36,37,38,39,40,41,42,43,70,138,185,196,261,297,327,337,358,368,382,478,527,537,538,539,542,543,545,636,829,830,831,832,833,834,835,836,837,838,839,840,841,842,843,844,949,960,961,993,994,995,996,997,998,999,1000,1001,1301,1302,1303,1304,1305,
289;0;9568;9582;1;17,18,19,20,21,22,23,24,25,26,27,28,29,30,31,32,33,34,35,36,37,38,39,40,41,42,43,70,138,185,196,261,297,327,337,358,368,382,478,527,537,538,539,542,543,545,636,829,830,831,832,833,834,835,836,837,838,839,840,841,842,843,844,949,960,961,993,994,995,996,997,998,999,1000,1001,1301,1302,1303,1304,1305,
289;1;9582;9713;1;17,18,19,20,21,22,23,24,25,26,27,28,29,30,31,32,33,34,35,36,37,38,39,40,41,42,43,70,138,185,196,261,297,327,337,358,368,382,478,527,537,538,539,542,543,545,636,829,830,831,832,833,834,835,836,837,838,839,840,841,842,843,844,949,960,961,993,994,995,996,997,998,999,1000,1001,1301,1302,1303,1304,1305,
496;0;9713;9791;1;17,18,19,20,21,22,23,24,25,26,27,28,29,30,31,32,33,34,35,36,37,38,39,40,41,42,43,70,138,185,196,261,297,327,337,358,368,382,478,527,537,538,539,542,543,545,636,829,830,831,832,833,834,835,836,837,838,839,840,841,842,843,844,949,960,961,993,994,995,996,997,998,999,1000,1001,1301,1302,1303,1304,1305,
496;1;9791;9960;1;17,18,19,20,21,22,23,24,25,26,27,28,29,30,31,32,33,34,35,36,37,38,39,40,41,42,43,70,138,185,196,261,297,327,337,358,368,382,478,527,537,538,539,542,543,545,636,829,830,831,832,833,834,835,836,837,838,839,840,841,842,843,844,949,960,961,993,994,995,996,997,998,999,1000,1001,1301,1302,1303,1304,1305,
1;0;9960;10013;0;17,18,19,20,21,22,23,24,25,26,27,28,29,30,31,32,33,34,35,36,37,38,39,40,41,42,43,70,138,185,196,261,297,327,337,358,368,382,478,527,537,538,539,542,543,545,636,829,830,831,832,833,834,835,836,837,838,839,840,841,842,843,844,949,960,961,993,994,995,996,997,998,999,1000,1001,1301,1302,1303,1304,1305,
1;1;10013;10078;0;17,18,19,20,21,22,23,24,25,26,27,28,29,30,31,32,33,34,35,36,37,38,39,40,41,42,43,70,138,185,196,261,297,327,337,358,368,382,478,527,537,538,539,542,543,545,636,829,830,831,832,833,834,835,836,837,838,839,840,841,842,843,844,949,960,961,993,994,995,996,997,998,999,1000,1001,1301,1302,1303,1304,1305,
Machine: 5
706;0;0;5;1;2,44,48,50,51,54,70,71,72,81,87,94,105,106,110,112,113,114,115,116,117,118,119,120,121,143,149,150,151,153,156,157,194,195,196,197,198,223,224,225,226,227,228,229,234,245,246,247,249,371,378,379,380,381,393,401,402,436,437,438,439,440,441,442,443,444,445,446,447,802,803,804,805,806,807,808,809,810,1263,1264,
706;1;5;20;1;2,44,48,50,51,54,70,71,72,81,87,94,105,106,110,112,113,114,115,116,117,118,119,120,121,143,149,150,151,153,156,157,194,195,196,197,198,223,224,225,226,227,228,229,234,245,246,247,249,371,378,379,380,381,393,401,402,436,437,438,439,440,441,442,443,444,445,446,447,802,803,804,805,806,807,808,809,810,1263,1264,
691;0;20;117;1;2,44,48,50,51,54,70,71,72,81,87,94,105,106,110,112,113,114,115,116,117,118,119,120,121,143,149,150,151,153,156,157,194,195,196,197,198,223,224,225,226,227,228,229,234,245,246,247,249,371,378,379,380,381,393,401,402,436,437,438,439,440,441,442,443,444,445,446,447,802,803,804,805,806,807,808,809,810,1263,1264,
691;1;117;216;1;2,44,48,50,51,54,70,71,72,81,87,94,105,106,110,112,113,114,115,116,117,118,119,120,121,143,149,150,151,153,156,157,194,195,196,197,198,223,224,225,226,227,228,229,234,245,246,247,249,371,378,379,380,381,393,401,402,436,437,438,439,440,441,442,443,444,445,446,447,802,803,804,805,806,807,808,809,810,1263,1264,
36;0;216;255;1;2,44,48,50,51,54,70,71,72,81,87,94,105,106,110,112,113,114,115,116,117,118,119,120,121,143,149,150,151,153,156,157,194,195,196,197,198,223,224,225,226,227,228,229,234,245,246,247,249,371,378,379,380,381,393,401,402,436,437,438,439,440,441,442,443,444,445,446,447,802,803,804,805,806,807,808,809,810,1263,1264,
36;1;255;354;1;2,44,48,50,51,54,70,71,72,81,87,94,105,106,110,112,113,114,115,116,117,118,119,120,121,143,149,150,151,153,156,157,194,195,196,197,198,223,224,225,226,227,228,229,234,245,246,247,249,371,378,379,380,381,393,401,402,436,437,438,439,440,441,442,443,444,445,446,447,802,803,804,805,806,807,808,809,810,1263,1264,
394;0;354;393;1;2,44,48,50,51,54,70,71,72,81,87,94,105,106,110,112,113,114,115,116,117,118,119,120,121,143,149,150,151,153,156,157,194,195,196,197,198,223,224,225,226,227,228,229,234,245,246,247,249,371,378,379,380,381,393,401,402,436,437,438,439,440,441,442,443,444,445,446,447,802,803,804,805,806,807,808,809,810,1263,1264,
394;1;393;492;1;2,44,48,50,51,54,70,71,72,81,87,94,105,106,110,112,113,114,115,116,117,118,119,120,121,143,149,150,151,153,156,157,194,195,196,197,198,223,224,225,226,227,228,229,234,245,246,247,249,371,378,379,380,381,393,401,402,436,437,438,439,440,441,442,443,444,445,446,447,802,803,804,805,806,807,808,809,810,1263,1264,
84;0;492;588;1;2,44,48,50,51,54,70,71,72,81,87,94,105,106,110,112,113,114,115,116,117,118,119,120,121,143,149,150,151,153,156,157,194,195,196,197,198,223,224,225,226,227,228,229,234,245,246,247,249,371,378,379,380,381,393,401,402,436,437,438,439,440,441,442,443,444,445,446,447,802,803,804,805,806,807,808,809,810,1263,1264,
84;1;588;603;1;2,44,48,50,51,54,70,71,72,81,87,94,105,106,110,112,113,114,115,116,117,118,119,120,121,143,149,150,151,153,156,157,194,195,196,197,198,223,224,225,226,227,228,229,234,245,246,247,249,371,378,379,380,381,393,401,402,436,437,438,439,440,441,442,443,444,445,446,447,802,803,804,805,806,807,808,809,810,1263,1264,
576;0;603;701;1;2,44,48,50,51,54,70,71,72,81,87,94,104,105,106,110,112,113,114,115,116,117,118,119,120,121,143,150,151,194,197,198,224,225,226,228,229,234,245,246,247,249,371,378,379,380,381,400,401,402,437,442,444,445,447,802,803,804,805,806,807,808,809,810,949,950,951,952,953,954,955,956,957,958,959,1123,1124,1125,1263,1264,
576;1;701;731;1;2,44,48,50,51,54,70,71,72,81,87,94,104,105,106,110,112,113,114,115,116,117,118,119,120,121,143,150,151,194,197,198,224,225,226,228,229,234,245,246,247,249,371,378,379,380,381,400,401,402,437,442,444,445,447,802,803,804,805,806,807,808,809,810,949,950,951,952,953,954,955,956,957,958,959,1123,1124,1125,1263,1264,
76;0;731;844;1;2,44,48,50,51,54,70,71,72,81,87,94,104,105,106,110,112,113,114,115,116,117,118,119,120,121,143,150,151,194,197,198,224,225,226,228,229,234,245,246,247,249,371,378,379,380,381,400,401,402,437,442,444,445,447,802,803,804,805,806,807,808,809,810,949,950,951,952,953,954,955,956,957,958,959,1123,1124,1125,1263,1264,
76;1;844;980;1;2,44,48,50,51,54,70,71,72,81,87,94,104,105,106,110,112,113,114,115,116,117,118,119,120,121,143,150,151,194,197,198,224,225,226,228,229,234,245,246,247,249,371,378,379,380,381,400,401,402,437,442,444,445,447,802,803,804,805,806,807,808,809,810,949,950,951,952,953,954,955,956,957,958,959,1123,1124,1125,1263,1264,
572;0;980;992;0;2,44,48,50,51,54,70,71,72,81,87,94,104,105,106,110,112,113,114,115,116,117,118,119,120,121,143,150,151,194,197,198,224,225,226,228,229,234,245,246,247,249,371,378,379,380,381,400,401,402,437,442,444,445,447,802,803,804,805,806,807,808,809,810,949,950,951,952,953,954,955,956,957,958,959,1123,1124,1125,1263,1264,
602;0;992;1016;0;2,44,48,50,51,54,70,71,72,81,87,94,104,105,106,110,112,113,114,115,116,117,118,119,120,121,143,150,151,194,197,198,224,225,226,228,229,234,245,246,247,249,371,378,379,380,381,400,401,402,437,442,444,445,447,802,803,804,805,806,807,808,809,810,949,950,951,952,953,954,955,956,957,958,959,1123,1124,1125,1263,1264,
397;0;1016;1097;0;2,44,48,50,51,54,70,71,72,81,87,94,104,105,106,110,112,113,114,115,116,117,118,119,120,121,143,150,151,194,197,198,224,225,226,228,229,234,245,246,247,249,371,378,379,380,381,400,401,402,437,442,444,445,447,802,803,804,805,806,807,808,809,810,949,950,951,952,953,954,955,956,957,958,959,1123,1124,1125,1263,1264,
676;0;1097;1109;1;2,44,48,50,51,54,70,71,72,81,87,94,104,105,106,110,112,113,114,115,116,117,118,119,120,121,143,150,151,194,197,198,224,225,226,228,229,234,245,246,247,249,371,378,379,380,381,400,401,402,437,442,444,445,447,802,803,804,805,806,807,808,809,810,949,950,951,952,953,954,955,956,957,958,959,1123,1124,1125,1263,1264,
676;1;1109;1124;1;2,44,48,50,51,54,70,71,72,81,87,94,104,105,106,110,112,113,114,115,116,117,118,119,120,121,143,150,151,194,197,198,224,225,226,228,229,234,245,246,247,249,371,378,379,380,381,400,401,402,437,442,444,445,447,802,803,804,805,806,807,808,809,810,949,950,951,952,953,954,955,956,957,958,959,1123,1124,1125,1263,1264,
174;0;1124;1152;1;2,44,48,50,51,54,70,71,72,81,87,94,104,105,106,110,112,113,114,115,116,117,118,119,120,121,143,150,151,194,197,198,224,225,226,228,229,234,245,246,247,249,371,378,379,380,381,400,401,402,437,442,444,445,447,802,803,804,805,806,807,808,809,810,949,950,951,952,953,954,955,956,957,958,959,1123,1124,1125,1263,1264,
174;1;1152;1300;1;2,44,48,50,51,54,70,71,72,81,87,94,104,105,106,110,112,113,114,115,116,117,118,119,120,121,143,150,151,194,197,198,224,225,226,228,229,234,245,246,247,249,371,378,379,380,381,400,401,402,437,442,444,445,447,802,803,804,805,806,807,808,809,810,949,950,951,952,953,954,955,956,957,958,959,1123,1124,1125,1263,1264,
393;0;1300;1339;0;2,44,48,50,51,54,70,71,72,81,87,94,104,105,106,110,112,113,114,115,116,117,118,119,120,121,143,150,151,194,197,198,224,225,226,228,229,234,245,246,247,249,371,378,379,380,381,400,401,402,437,442,444,445,447,802,803,804,805,806,807,808,809,810,949,950,951,952,953,954,955,956,957,958,959,1123,1124,1125,1263,1264,
393;1;1339;1369;0;2,44,48,50,51,54,70,71,72,81,87,94,104,105,106,110,112,113,114,115,116,117,118,119,120,121,143,150,151,194,197,198,224,225,226,228,229,234,245,246,247,249,371,378,379,380,381,400,401,402,437,442,444,445,447,802,803,804,805,806,807,808,809,810,949,950,951,952,953,954,955,956,957,958,959,1123,1124,1125,1263,1264,
489;0;1369;1464;1;2,44,48,50,51,54,70,71,72,81,87,94,104,105,106,110,112,113,114,115,116,117,118,119,120,121,143,150,151,194,197,198,224,225,226,228,229,234,245,246,247,249,371,378,379,380,381,400,401,402,437,442,444,445,447,802,803,804,805,806,807,808,809,810,949,950,951,952,953,954,955,956,957,958,959,1123,1124,1125,1263,1264,
489;1;1464;1476;1;2,44,48,50,51,54,70,71,72,81,87,94,104,105,106,110,112,113,114,115,116,117,118,119,120,121,143,150,151,194,197,198,224,225,226,228,229,234,245,246,247,249,371,378,379,380,381,400,401,402,437,442,444,445,447,802,803,804,805,806,807,808,809,810,949,950,951,952,953,954,955,956,957,958,959,1123,1124,1125,1263,1264,
346;0;1476;1644;1;2,44,48,50,51,54,70,71,72,81,87,94,104,105,106,110,112,113,114,115,116,117,118,119,120,121,143,150,151,194,197,198,224,225,226,228,229,234,245,246,247,249,371,378,379,380,381,400,401,402,437,442,444,445,447,802,803,804,805,806,807,808,809,810,949,950,951,952,953,954,955,956,957,958,959,1123,1124,1125,1263,1264,
346;1;1644;1725;1;2,44,48,50,51,54,70,71,72,81,87,94,104,105,106,110,112,113,114,115,116,117,118,119,120,121,143,150,151,194,197,198,224,225,226,228,229,234,245,246,247,249,371,378,379,380,381,400,401,402,437,442,444,445,447,802,803,804,805,806,807,808,809,810,949,950,951,952,953,954,955,956,957,958,959,1123,1124,1125,1263,1264,
269;0;1725;1774;1;2,44,48,50,51,54,70,71,72,81,87,94,104,105,106,110,112,113,114,115,116,117,118,119,120,121,143,150,151,194,197,198,224,225,226,228,229,234,245,246,247,249,371,378,379,380,381,400,401,402,437,442,444,445,447,802,803,804,805,806,807,808,809,810,949,950,951,952,953,954,955,956,957,958,959,1123,1124,1125,1263,1264,
269;1;1774;1798;1;2,44,48,50,51,54,70,71,72,81,87,94,104,105,106,110,112,113,114,115,116,117,118,119,120,121,143,150,151,194,197,198,224,225,226,228,229,234,245,246,247,249,371,378,379,380,381,400,401,402,437,442,444,445,447,802,803,804,805,806,807,808,809,810,949,950,951,952,953,954,955,956,957,958,959,1123,1124,1125,1263,1264,
728;0;1798;1828;0;2,32,44,48,50,51,54,70,71,72,81,87,94,104,105,106,110,112,113,114,115,116,117,118,119,120,121,129,143,150,151,194,197,198,224,225,226,228,229,234,245,246,247,249,316,337,343,371,378,379,380,381,382,400,401,402,405,406,407,408,409,410,411,412,413,437,442,444,445,447,802,803,804,805,806,807,808,1123,1124,1125,
728;1;1828;1900;0;2,32,44,48,50,51,54,70,71,72,81,87,94,104,105,106,110,112,113,114,115,116,117,118,119,120,121,129,143,150,151,194,197,198,224,225,226,228,229,234,245,246,247,249,316,337,343,371,378,379,380,381,382,400,401,402,405,406,407,408,409,410,411,412,413,437,442,444,445,447,802,803,804,805,806,807,808,1123,1124,1125,
151;0;1900;2005;1;2,32,44,48,50,51,54,58,70,71,72,81,87,94,105,106,129,143,147,150,151,194,197,198,224,225,226,229,234,249,316,337,343,371,378,379,380,381,382,388,402,405,406,407,408,409,410,411,412,413,437,442,444,445,447,567,568,569,570,571,572,573,574,575,576,577,578,579,580,581,582,583,584,585,586,587,802,1123,1124,1125,
151;1;2005;2057;1;2,32,44,48,50,51,54,58,70,71,72,81,87,94,105,106,129,143,147,150,151,194,197,198,224,225,226,229,234,249,316,337,343,371,378,379,380,381,382,388,402,405,406,407,408,409,410,411,412,413,437,442,444,445,447,567,568,569,570,571,572,573,574,575,576,577,578,579,580,581,582,583,584,585,586,587,802,1123,1124,1125,
564;0;2057;2208;1;32,42,44,48,51,54,70,71,72,81,87,105,106,138,147,150,151,155,194,197,198,224,225,226,229,234,336,371,378,379,380,381,396,437,442,444,445,447,507,508,509,646,649,802,827,828,871,874,879,900,929,991,1031,1035,1123,1124,1125,1141,1182,1183,1184,1185,1186,1187,1188,1189,1190,1191,1192,1193,1194,1195,1196,1197,1198,1199,1200,1201,1202,1503,
564;1;2208;2296;1;32,42,44,48,51,54,70,71,72,81,87,105,106,138,147,150,151,155,194,197,198,224,225,226,229,234,336,371,378,379,380,381,396,437,442,444,445,447,507,508,509,646,649,802,827,828,871,874,879,900,929,991,1031,1035,1123,1124,1125,1141,1182,1183,1184,1185,1186,1187,1188,1189,1190,1191,1192,1193,1194,1195,1196,1197,1198,1199,1200,1201,1202,1503,
91;0;2296;2351;1;32,42,44,48,51,54,70,71,72,81,87,105,106,138,147,150,151,155,194,197,198,224,225,226,229,234,336,371,378,379,380,381,396,437,442,444,445,447,507,508,509,646,649,802,827,828,871,874,879,900,929,991,1031,1035,1123,1124,1125,1141,1182,1183,1184,1185,1186,1187,1188,1189,1190,1191,1192,1193,1194,1195,1196,1197,1198,1199,1200,1201,1202,1503,
91;1;2351;2500;1;32,42,44,48,51,54,70,71,72,81,87,105,106,138,147,150,151,155,194,197,198,224,225,226,229,234,336,371,378,379,380,381,396,437,442,444,445,447,507,508,509,646,649,802,827,828,871,874,879,900,929,991,1031,1035,1123,1124,1125,1141,1182,1183,1184,1185,1186,1187,1188,1189,1190,1191,1192,1193,1194,1195,1196,1197,1198,1199,1200,1201,1202,1503,
271;0;2500;2673;1;32,42,44,48,51,54,70,71,72,81,87,105,106,138,147,150,151,155,194,197,198,224,225,226,229,234,336,371,378,379,380,381,396,437,442,444,445,447,507,508,509,646,649,802,827,828,871,874,879,900,929,991,1031,1035,1123,1124,1125,1141,1182,1183,1184,1185,1186,1187,1188,1189,1190,1191,1192,1193,1194,1195,1196,1197,1198,1199,1200,1201,1202,1503,
271;1;2673;2821;1;32,42,44,48,51,54,70,71,72,81,87,105,106,138,147,150,151,155,194,197,198,224,225,226,229,234,336,371,378,379,380,381,396,437,442,444,445,447,507,508,509,646,649,802,827,828,871,874,879,900,929,991,1031,1035,1123,1124,1125,1141,1182,1183,1184,1185,1186,1187,1188,1189,1190,1191,1192,1193,1194,1195,1196,1197,1198,1199,1200,1201,1202,1503,
339;0;2821;2901;1;32,42,44,48,51,54,70,71,72,81,87,105,106,138,147,150,151,155,194,197,198,224,225,226,229,234,336,371,378,379,380,381,396,437,442,444,445,447,507,508,509,646,649,802,827,828,871,874,879,900,929,991,1031,1035,1123,1124,1125,1141,1182,1183,1184,1185,1186,1187,1188,1189,1190,1191,1192,1193,1194,1195,1196,1197,1198,1199,1200,1201,1202,1503,
339;1;2901;2958;1;32,42,44,48,51,54,70,71,72,81,87,105,106,138,147,150,151,155,194,197,198,224,225,226,229,234,336,371,378,379,380,381,396,437,442,444,445,447,507,508,509,646,649,802,827,828,871,874,879,900,929,991,1031,1035,1123,1124,1125,1141,1182,1183,1184,1185,1186,1187,1188,1189,1190,1191,1192,1193,1194,1195,1196,1197,1198,1199,1200,1201,1202,1503,
551;0;2958;3095;1;32,42,44,48,51,54,70,71,72,81,87,105,106,138,147,150,151,155,194,197,198,224,225,226,229,234,336,371,378,379,380,381,396,437,442,444,445,447,507,508,509,646,649,802,827,828,871,874,879,900,929,991,1031,1035,1123,1124,1125,1141,1182,1183,1184,1185,1186,1187,1188,1189,1190,1191,1192,1193,1194,1195,1196,1197,1198,1199,1200,1201,1202,1503,
551;1;3095;3152;1;32,42,44,48,51,54,70,71,72,81,87,105,106,138,147,150,151,155,194,197,198,224,225,226,229,234,336,371,378,379,380,381,396,437,442,444,445,447,507,508,509,646,649,802,827,828,871,874,879,900,929,991,1031,1035,1123,1124,1125,1141,1182,1183,1184,1185,1186,1187,1188,1189,1190,1191,1192,1193,1194,1195,1196,1197,1198,1199,1200,1201,1202,1503,
743;0;3152;3203;0;32,42,44,48,51,54,70,71,72,81,87,105,106,138,147,150,151,155,194,197,198,224,225,226,229,234,336,371,378,379,380,381,396,437,442,444,445,447,507,508,509,646,649,802,827,828,871,874,879,900,929,991,1031,1035,1123,1124,1125,1141,1182,1183,1184,1185,1186,1187,1188,1189,1190,1191,1192,1193,1194,1195,1196,1197,1198,1199,1200,1201,1202,1503,
743;1;3203;3291;0;32,42,44,48,51,54,70,71,72,81,87,105,106,138,147,150,151,155,194,197,198,224,225,226,229,234,336,371,378,379,380,381,396,437,442,444,445,447,507,508,509,646,649,802,827,828,871,874,879,900,929,991,1031,1035,1123,1124,1125,1141,1182,1183,1184,1185,1186,1187,1188,1189,1190,1191,1192,1193,1194,1195,1196,1197,1198,1199,1200,1201,1202,1503,
463;0;3291;3433;0;32,42,44,48,51,54,70,71,72,81,87,105,106,138,147,150,151,155,194,197,198,224,225,226,229,234,336,371,378,379,380,381,396,437,442,444,445,447,507,508,509,646,649,802,827,828,871,874,879,900,929,991,1031,1035,1123,1124,1125,1141,1182,1183,1184,1185,1186,1187,1188,1189,1190,1191,1192,1193,1194,1195,1196,1197,1198,1199,1200,1201,1202,1503,
463;1;3433;3445;0;32,42,44,48,51,54,70,71,72,81,87,105,106,138,147,150,151,155,194,197,198,224,225,226,229,234,336,371,378,379,380,381,396,437,442,444,445,447,507,508,509,646,649,802,827,828,871,874,879,900,929,991,1031,1035,1123,1124,1125,1141,1182,1183,1184,1185,1186,1187,1188,1189,1190,1191,1192,1193,1194,1195,1196,1197,1198,1199,1200,1201,1202,1503,
256;0;3445;3475;1;32,42,44,48,51,54,70,71,72,81,87,105,106,138,147,150,151,155,194,197,198,224,225,226,229,234,336,371,378,379,380,381,396,437,442,444,445,447,507,508,509,646,649,802,827,828,871,874,879,900,929,991,1031,1035,1123,1124,1125,1141,1182,1183,1184,1185,1186,1187,1188,1189,1190,1191,1192,1193,1194,1195,1196,1197,1198,1199,1200,1201,1202,1503,
256;1;3475;3532;1;32,42,44,48,51,54,70,71,72,81,87,105,106,138,147,150,151,155,194,197,198,224,225,226,229,234,336,371,378,379,380,381,396,437,442,444,445,447,507,508,509,646,649,802,827,828,871,874,879,900,929,991,1031,1035,1123,1124,1125,1141,1182,1183,1184,1185,1186,1187,1188,1189,1190,1191,1192,1193,1194,1195,1196,1197,1198,1199,1200,1201,1202,1503,
418;0;3532;3573;0;32,44,48,51,52,54,70,71,72,79,81,83,84,85,86,87,88,89,90,91,92,105,148,150,151,153,194,197,198,224,225,229,233,234,235,371,393,397,403,436,438,439,443,445,446,802,857,864,865,866,867,868,869,870,871,872,873,874,899,900,901,902,903,904,905,1123,1124,1125,1165,1322,1432,1433,1434,1435,1436,1437,1438,1439,1440,1441,
418;1;3573;3710;0;32,44,48,51,52,54,70,71,72,79,81,83,84,85,86,87,88,89,90,91,92,105,148,150,151,153,194,197,198,224,225,229,233,234,235,371,393,397,403,436,438,439,443,445,446,802,857,864,865,866,867,868,869,870,871,872,873,874,899,900,901,902,903,904,905,1123,1124,1125,1165,1322,1432,1433,1434,1435,1436,1437,1438,1439,1440,1441,
644;0;3710;3728;1;32,44,48,51,52,54,70,71,72,79,81,83,84,85,86,87,88,89,90,91,92,105,148,150,151,153,194,197,198,224,225,229,233,234,235,371,393,397,403,436,438,439,443,445,446,802,857,864,865,866,867,868,869,870,871,872,873,874,899,900,901,902,903,904,905,1123,1124,1125,1165,1322,1432,1433,1434,1435,1436,1437,1438,1439,1440,1441,
644;1;3728;3794;1;32,44,48,51,52,54,70,71,72,79,81,83,84,85,86,87,88,89,90,91,92,105,148,150,151,153,194,197,198,224,225,229,233,234,235,371,393,397,403,436,438,439,443,445,446,802,857,864,865,866,867,868,869,870,871,872,873,874,899,900,901,902,903,904,905,1123,1124,1125,1165,1322,1432,1433,1434,1435,1436,1437,1438,1439,1440,1441,
379;0;3794;3861;1;32,44,48,51,52,54,70,71,72,79,81,83,84,85,86,87,88,89,90,91,92,105,148,150,151,153,194,197,198,224,225,229,233,234,235,371,393,397,403,436,438,439,443,445,446,802,857,864,865,866,867,868,869,870,871,872,873,874,899,900,901,902,903,904,905,1123,1124,1125,1165,1322,1432,1433,1434,1435,1436,1437,1438,1439,1440,1441,
379;1;3861;3998;1;32,44,48,51,52,54,70,71,72,79,81,83,84,85,86,87,88,89,90,91,92,105,148,150,151,153,194,197,198,224,225,229,233,234,235,371,393,397,403,436,438,439,443,445,446,802,857,864,865,866,867,868,869,870,871,872,873,874,899,900,901,902,903,904,905,1123,1124,1125,1165,1322,1432,1433,1434,1435,1436,1437,1438,1439,1440,1441,
730;0;3998;4060;0;32,44,48,51,52,54,70,71,72,79,81,83,84,85,86,87,88,89,90,91,92,105,148,150,151,153,194,197,198,224,225,229,233,234,235,371,393,397,403,436,438,439,443,445,446,802,857,864,865,866,867,868,869,870,871,872,873,874,899,900,901,902,903,904,905,1123,1124,1125,1165,1322,1432,1433,1434,1435,1436,1437,1438,1439,1440,1441,
528;0;4060;4126;0;32,44,48,51,52,54,70,71,72,79,81,83,84,85,86,87,88,89,90,91,92,105,148,150,151,153,194,197,198,224,225,229,233,234,235,371,393,397,403,436,438,439,443,445,446,802,857,864,865,866,867,868,869,870,871,872,873,874,899,900,901,902,903,904,905,1123,1124,1125,1165,1322,1432,1433,1434,1435,1436,1437,1438,1439,1440,1441,
528;1;4126;4148;0;32,44,48,51,52,54,70,71,72,79,81,83,84,85,86,87,88,89,90,91,92,105,148,150,151,153,194,197,198,224,225,229,233,234,235,371,393,397,403,436,438,439,443,445,446,802,857,864,865,866,867,868,869,870,871,872,873,874,899,900,901,902,903,904,905,1123,1124,1125,1165,1322,1432,1433,1434,1435,1436,1437,1438,1439,1440,1441,
678;0;4148;4253;0;32,44,48,51,52,54,70,71,72,79,81,83,84,85,86,87,88,89,90,91,92,105,148,150,151,153,194,197,198,224,225,229,233,234,235,371,393,397,403,436,438,439,443,445,446,802,857,864,865,866,867,868,869,870,871,872,873,874,899,900,901,902,903,904,905,1123,1124,1125,1165,1322,1432,1433,1434,1435,1436,1437,1438,1439,1440,1441,
678;1;4253;4390;0;32,44,48,51,52,54,70,71,72,79,81,83,84,85,86,87,88,89,90,91,92,105,148,150,151,153,194,197,198,224,225,229,233,234,235,371,393,397,403,436,438,439,443,445,446,802,857,864,865,866,867,868,869,870,871,872,873,874,899,900,901,902,903,904,905,1123,1124,1125,1165,1322,1432,1433,1434,1435,1436,1437,1438,1439,1440,1441,
330;0;4390;4426;0;32,44,48,51,52,54,70,71,72,79,81,83,84,85,86,87,88,89,90,91,92,105,148,150,151,153,194,197,198,224,225,229,233,234,235,371,393,397,403,436,438,439,443,445,446,802,857,864,865,866,867,868,869,870,871,872,873,874,899,900,901,902,903,904,905,1123,1124,1125,1165,1322,1432,1433,1434,1435,1436,1437,1438,1439,1440,1441,
101;0;4426;4467;1;32,44,48,51,52,54,70,71,72,79,81,83,84,85,86,87,88,89,90,91,92,105,148,150,151,153,194,197,198,224,225,229,233,234,235,371,393,397,403,436,438,439,443,445,446,802,857,864,865,866,867,868,869,870,871,872,873,874,899,900,901,902,903,904,905,1123,1124,1125,1165,1322,1432,1433,1434,1435,1436,1437,1438,1439,1440,1441,
101;1;4467;4489;1;32,44,48,51,52,54,70,71,72,79,81,83,84,85,86,87,88,89,90,91,92,105,148,150,151,153,194,197,198,224,225,229,233,234,235,371,393,397,403,436,438,439,443,445,446,802,857,864,865,866,867,868,869,870,871,872,873,874,899,900,901,902,903,904,905,1123,1124,1125,1165,1322,1432,1433,1434,1435,1436,1437,1438,1439,1440,1441,
531;0;4489;4560;1;32,44,48,70,71,72,79,81,90,91,92,105,148,149,150,151,153,156,159,194,196,197,198,224,225,229,233,234,235,371,393,397,403,436,438,439,440,443,445,446,802,857,872,899,1123,1124,1125,1165,1322,1366,1367,1368,1369,1370,1371,1372,1373,1374,1375,1376,1377,1378,1379,1380,1381,1382,1383,1384,1385,1386,1432,1433,1434,1435,1436,1437,1438,1439,1440,1441,
531;1;4560;4599;1;32,44,48,70,71,72,79,81,90,91,92,105,148,149,150,151,153,156,159,194,196,197,198,224,225,229,233,234,235,371,393,397,403,436,438,439,440,443,445,446,802,857,872,899,1123,1124,1125,1165,1322,1366,1367,1368,1369,1370,1371,1372,1373,1374,1375,1376,1377,1378,1379,1380,1381,1382,1383,1384,1385,1386,1432,1433,1434,1435,1436,1437,1438,1439,1440,1441,
409;0;4599;4729;1;32,44,48,70,71,72,79,81,90,91,92,105,148,149,150,151,153,156,159,194,196,197,198,224,225,229,233,234,235,371,393,397,403,436,438,439,440,443,445,446,802,857,872,899,1123,1124,1125,1165,1322,1366,1367,1368,1369,1370,1371,1372,1373,1374,1375,1376,1377,1378,1379,1380,1381,1382,1383,1384,1385,1386,1432,1433,1434,1435,1436,1437,1438,1439,1440,1441,
409;1;4729;4791;1;32,44,48,70,71,72,79,81,90,91,92,105,148,149,150,151,153,156,159,194,196,197,198,224,225,229,233,234,235,371,393,397,403,436,438,439,440,443,445,446,802,857,872,899,1123,1124,1125,1165,1322,1366,1367,1368,1369,1370,1371,1372,1373,1374,1375,1376,1377,1378,1379,1380,1381,1382,1383,1384,1385,1386,1432,1433,1434,1435,1436,1437,1438,1439,1440,1441,
414;0;4791;4889;1;32,44,48,70,71,72,79,81,90,91,92,105,148,149,150,151,153,156,159,194,196,197,198,224,225,229,233,234,235,371,393,397,403,436,438,439,440,443,445,446,802,857,872,899,1123,1124,1125,1165,1322,1366,1367,1368,1369,1370,1371,1372,1373,1374,1375,1376,1377,1378,1379,1380,1381,1382,1383,1384,1385,1386,1432,1433,1434,1435,1436,1437,1438,1439,1440,1441,
414;1;4889;5037;1;32,44,48,70,71,72,79,81,90,91,92,105,148,149,150,151,153,156,159,194,196,197,198,224,225,229,233,234,235,371,393,397,403,436,438,439,440,443,445,446,802,857,872,899,1123,1124,1125,1165,1322,1366,1367,1368,1369,1370,1371,1372,1373,1374,1375,1376,1377,1378,1379,1380,1381,1382,1383,1384,1385,1386,1432,1433,1434,1435,1436,1437,1438,1439,1440,1441,
709;0;5037;5110;1;0,2,3,4,32,48,61,67,70,71,72,79,81,105,142,149,150,151,152,153,154,155,156,157,158,159,160,161,162,163,164,165,166,167,168,169,170,171,172,173,174,175,176,177,178,179,180,181,182,183,184,185,186,187,188,189,190,191,192,193,194,196,197,198,270,276,277,393,397,403,415,436,1029,1030,1155,1156,1157,1158,1159,1165,
709;1;5110;5257;1;0,2,3,4,32,48,61,67,70,71,72,79,81,105,142,149,150,151,152,153,154,155,156,157,158,159,160,161,162,163,164,165,166,167,168,169,170,171,172,173,174,175,176,177,178,179,180,181,182,183,184,185,186,187,188,189,190,191,192,193,194,196,197,198,270,276,277,393,397,403,415,436,1029,1030,1155,1156,1157,1158,1159,1165,
468;0;5257;5381;0;0,2,3,4,32,48,61,67,70,71,72,79,81,105,142,149,150,151,152,153,154,155,156,157,158,159,160,161,162,163,164,165,166,167,168,169,170,171,172,173,174,175,176,177,178,179,180,181,182,183,184,185,186,187,188,189,190,191,192,193,194,196,197,198,270,276,277,393,397,403,415,436,1029,1030,1155,1156,1157,1158,1159,1165,
468;1;5381;5395;0;0,2,3,4,32,48,61,67,70,71,72,79,81,105,142,149,150,151,152,153,154,155,156,157,158,159,160,161,162,163,164,165,166,167,168,169,170,171,172,173,174,175,176,177,178,179,180,181,182,183,184,185,186,187,188,189,190,191,192,193,194,196,197,198,270,276,277,393,397,403,415,436,1029,1030,1155,1156,1157,1158,1159,1165,
124;0;5395;5406;1;0,2,3,4,32,48,61,67,70,71,72,79,81,105,142,149,150,151,152,153,154,155,156,157,158,159,160,161,162,163,164,165,166,167,168,169,170,171,172,173,174,175,176,177,178,179,180,181,182,183,184,185,186,187,188,189,190,191,192,193,194,196,197,198,270,276,277,393,397,403,415,436,1029,1030,1155,1156,1157,1158,1159,1165,
124;1;5406;5420;1;0,2,3,4,32,48,61,67,70,71,72,79,81,105,142,149,150,151,152,153,154,155,156,157,158,159,160,161,162,163,164,165,166,167,168,169,170,171,172,173,174,175,176,177,178,179,180,181,182,183,184,185,186,187,188,189,190,191,192,193,194,196,197,198,270,276,277,393,397,403,415,436,1029,1030,1155,1156,1157,1158,1159,1165,
229;0;5420;5486;1;0,2,3,4,32,48,61,67,70,71,72,79,81,105,142,149,150,151,152,153,154,155,156,157,158,159,160,161,162,163,164,165,166,167,168,169,170,171,172,173,174,175,176,177,178,179,180,181,182,183,184,185,186,187,188,189,190,191,192,193,194,196,197,198,270,276,277,393,397,403,415,436,1029,1030,1155,1156,1157,1158,1159,1165,
229;1;5486;5641;1;0,2,3,4,32,48,61,67,70,71,72,79,81,105,142,149,150,151,152,153,154,155,156,157,158,159,160,161,162,163,164,165,166,167,168,169,170,171,172,173,174,175,176,177,178,179,180,181,182,183,184,185,186,187,188,189,190,191,192,193,194,196,197,198,270,276,277,393,397,403,415,436,1029,1030,1155,1156,1157,1158,1159,1165,
316;0;5641;5645;1;0,2,3,4,32,48,61,67,70,71,72,79,81,105,142,149,150,151,152,153,154,155,156,157,158,159,160,161,162,163,164,165,166,167,168,169,170,171,172,173,174,175,176,177,178,179,180,181,182,183,184,185,186,187,188,189,190,191,192,193,194,196,197,198,270,276,277,393,397,403,415,436,1029,1030,1155,1156,1157,1158,1159,1165,
316;1;5645;5766;1;0,2,3,4,32,48,61,67,70,71,72,79,81,105,142,149,150,151,152,153,154,155,156,157,158,159,160,161,162,163,164,165,166,167,168,169,170,171,172,173,174,175,176,177,178,179,180,181,182,183,184,185,186,187,188,189,190,191,192,193,194,196,197,198,270,276,277,393,397,403,415,436,1029,1030,1155,1156,1157,1158,1159,1165,
304;0;5766;5877;1;0,2,3,4,32,46,48,53,58,61,67,70,71,72,79,81,105,142,149,150,151,152,153,154,155,156,157,158,159,160,161,162,163,164,165,166,167,168,169,170,171,172,173,176,182,183,185,186,187,188,189,190,191,192,193,194,196,197,198,249,270,276,277,279,393,397,403,414,415,436,1002,1003,1004,1005,1155,1156,1157,1158,1159,1165,
304;1;5877;5955;1;0,2,3,4,32,46,48,53,58,61,67,70,71,72,79,81,105,142,149,150,151,152,153,154,155,156,157,158,159,160,161,162,163,164,165,166,167,168,169,170,171,172,173,176,182,183,185,186,187,188,189,190,191,192,193,194,196,197,198,249,270,276,277,279,393,397,403,414,415,436,1002,1003,1004,1005,1155,1156,1157,1158,1159,1165,
466;0;5955;6004;1;0,2,3,4,32,46,48,53,58,61,67,70,71,72,79,81,105,142,149,150,151,152,153,154,155,156,157,158,159,160,161,162,163,164,165,166,167,168,169,170,171,172,173,176,182,183,185,186,187,188,189,190,191,192,193,194,196,197,198,249,270,276,277,279,393,397,403,414,415,436,1002,1003,1004,1005,1155,1156,1157,1158,1159,1165,
466;1;6004;6159;1;0,2,3,4,32,46,48,53,58,61,67,70,71,72,79,81,105,142,149,150,151,152,153,154,155,156,157,158,159,160,161,162,163,164,165,166,167,168,169,170,171,172,173,176,182,183,185,186,187,188,189,190,191,192,193,194,196,197,198,249,270,276,277,279,393,397,403,414,415,436,1002,1003,1004,1005,1155,1156,1157,1158,1159,1165,
669;0;6159;6195;1;2,32,43,48,70,71,72,79,81,105,122,129,131,135,139,150,151,152,153,154,155,156,157,165,182,183,194,196,197,198,252,304,316,320,332,345,358,366,393,397,408,412,434,436,456,519,617,618,619,620,621,622,623,624,625,626,627,628,629,630,631,632,633,634,635,636,637,638,639,640,641,642,643,644,645,646,647,648,649,1165,
669;1;6195;6255;1;2,32,43,48,70,71,72,79,81,105,122,129,131,135,139,150,151,152,153,154,155,156,157,165,182,183,194,196,197,198,252,304,316,320,332,345,358,366,393,397,408,412,434,436,456,519,617,618,619,620,621,622,623,624,625,626,627,628,629,630,631,632,633,634,635,636,637,638,639,640,641,642,643,644,645,646,647,648,649,1165,
250;0;6255;6291;0;2,32,43,48,70,71,72,79,81,105,122,129,131,135,139,150,151,152,153,154,155,156,157,165,182,183,194,196,197,198,252,304,316,320,332,345,358,366,393,397,408,412,434,436,456,519,617,618,619,620,621,622,623,624,625,626,627,628,629,630,631,632,633,634,635,636,637,638,639,640,641,642,643,644,645,646,647,648,649,1165,
707;0;6291;6351;0;2,32,43,48,70,71,72,79,81,105,122,129,131,135,139,150,151,152,153,154,155,156,157,165,182,183,194,196,197,198,252,304,316,320,332,345,358,366,393,397,408,412,434,436,456,519,617,618,619,620,621,622,623,624,625,626,627,628,629,630,631,632,633,634,635,636,637,638,639,640,641,642,643,644,645,646,647,648,649,1165,
194;0;6351;6411;1;2,32,43,48,70,71,72,79,81,105,122,129,131,135,139,150,151,152,153,154,155,156,157,165,182,183,194,196,197,198,252,304,316,320,332,345,358,366,393,397,408,412,434,436,456,519,617,618,619,620,621,622,623,624,625,626,627,628,629,630,631,632,633,634,635,636,637,638,639,640,641,642,643,644,645,646,647,648,649,1165,
194;1;6411;6471;1;2,32,43,48,70,71,72,79,81,105,122,129,131,135,139,150,151,152,153,154,155,156,157,165,182,183,194,196,197,198,252,304,316,320,332,345,358,366,393,397,408,412,434,436,456,519,617,618,619,620,621,622,623,624,625,626,627,628,629,630,631,632,633,634,635,636,637,638,639,640,641,642,643,644,645,646,647,648,649,1165,
401;0;6471;6630;1;2,27,32,48,70,71,72,73,74,75,76,77,78,79,80,81,82,105,129,135,150,151,152,153,154,155,156,157,165,182,194,223,226,252,264,307,320,332,343,345,368,382,393,397,402,412,428,436,444,449,450,451,452,453,454,455,456,457,458,459,485,498,596,613,627,677,710,713,823,824,825,826,943,944,945,946,947,948,983,984,
401;1;6630;6719;1;2,27,32,48,70,71,72,73,74,75,76,77,78,79,80,81,82,105,129,135,150,151,152,153,154,155,156,157,165,182,194,223,226,252,264,307,320,332,343,345,368,382,393,397,402,412,428,436,444,449,450,451,452,453,454,455,456,457,458,459,485,498,596,613,627,677,710,713,823,824,825,826,943,944,945,946,947,948,983,984,
722;0;6719;6763;0;2,27,32,48,70,71,72,73,74,75,76,77,78,79,80,81,82,105,129,135,150,151,152,153,154,155,156,157,165,182,194,223,226,252,264,307,320,332,343,345,368,382,393,397,402,412,428,436,444,449,450,451,452,453,454,455,456,457,458,459,485,498,596,613,627,677,710,713,823,824,825,826,943,944,945,946,947,948,983,984,
561;0;6763;6892;1;2,27,32,48,70,71,72,73,74,75,76,77,78,79,80,81,82,105,129,135,150,151,152,153,154,155,156,157,165,182,194,223,226,252,264,307,320,332,343,345,368,382,393,397,402,412,428,436,444,449,450,451,452,453,454,455,456,457,458,459,485,498,596,613,627,677,710,713,823,824,825,826,943,944,945,946,947,948,983,984,
561;1;6892;6936;1;2,27,32,48,70,71,72,73,74,75,76,77,78,79,80,81,82,105,129,135,150,151,152,153,154,155,156,157,165,182,194,223,226,252,264,307,320,332,343,345,368,382,393,397,402,412,428,436,444,449,450,451,452,453,454,455,456,457,458,459,485,498,596,613,627,677,710,713,823,824,825,826,943,944,945,946,947,948,983,984,
502;0;6936;6972;0;2,27,32,48,70,71,72,73,74,75,76,77,78,79,80,81,82,105,129,135,150,151,152,153,154,155,156,157,165,182,194,223,226,252,264,307,320,332,343,345,368,382,393,397,402,412,428,436,444,449,450,451,452,453,454,455,456,457,458,459,485,498,596,613,627,677,710,713,823,824,825,826,943,944,945,946,947,948,983,984,
588;0;6972;7013;0;2,27,32,48,70,71,72,73,74,75,76,77,78,79,80,81,82,105,129,135,150,151,152,153,154,155,156,157,165,182,194,223,226,252,264,307,320,332,343,345,368,382,393,397,402,412,428,436,444,449,450,451,452,453,454,455,456,457,458,459,485,498,596,613,627,677,710,713,823,824,825,826,943,944,945,946,947,948,983,984,
588;1;7013;7081;0;2,27,32,48,70,71,72,73,74,75,76,77,78,79,80,81,82,105,129,135,150,151,152,153,154,155,156,157,165,182,194,223,226,252,264,307,320,332,343,345,368,382,393,397,402,412,428,436,444,449,450,451,452,453,454,455,456,457,458,459,485,498,596,613,627,677,710,713,823,824,825,826,943,944,945,946,947,948,983,984,
406;0;7081;7087;1;2,27,32,48,70,71,72,73,74,75,76,77,78,79,80,81,82,105,129,135,150,151,152,153,154,155,156,157,165,182,194,223,226,252,264,307,320,332,343,345,368,382,393,397,402,412,428,436,444,449,450,451,452,453,454,455,456,457,458,459,485,498,596,613,627,677,710,713,823,824,825,826,943,944,945,946,947,948,983,984,
406;1;7087;7163;1;2,27,32,48,70,71,72,73,74,75,76,77,78,79,80,81,82,105,129,135,150,151,152,153,154,155,156,157,165,182,194,223,226,252,264,307,320,332,343,345,368,382,393,397,402,412,428,436,444,449,450,451,452,453,454,455,456,457,458,459,485,498,596,613,627,677,710,713,823,824,825,826,943,944,945,946,947,948,983,984,
383;0;7163;7286;0;2,27,32,48,70,71,72,73,74,75,76,77,78,79,80,81,82,105,129,135,150,151,152,153,154,155,156,157,165,182,194,223,226,252,264,307,320,332,343,345,368,382,393,397,402,412,428,436,444,449,450,451,452,453,454,455,456,457,458,459,485,498,596,613,627,677,710,713,823,824,825,826,943,944,945,946,947,948,983,984,
383;1;7286;7322;0;2,27,32,48,70,71,72,73,74,75,76,77,78,79,80,81,82,105,129,135,150,151,152,153,154,155,156,157,165,182,194,223,226,252,264,307,320,332,343,345,368,382,393,397,402,412,428,436,444,449,450,451,452,453,454,455,456,457,458,459,485,498,596,613,627,677,710,713,823,824,825,826,943,944,945,946,947,948,983,984,
614;0;7322;7342;1;2,27,32,48,70,71,72,73,74,75,76,77,78,79,80,81,82,105,129,135,150,151,152,153,154,155,156,157,165,182,194,223,226,252,264,307,320,332,343,345,368,382,393,397,402,412,428,436,444,449,450,451,452,453,454,455,456,457,458,459,485,498,596,613,627,677,710,713,823,824,825,826,943,944,945,946,947,948,983,984,
614;1;7342;7431;1;2,27,32,48,70,71,72,73,74,75,76,77,78,79,80,81,82,105,129,135,150,151,152,153,154,155,156,157,165,182,194,223,226,252,264,307,320,332,343,345,368,382,393,397,402,412,428,436,444,449,450,451,452,453,454,455,456,457,458,459,485,498,596,613,627,677,710,713,823,824,825,826,943,944,945,946,947,948,983,984,
119;0;7431;7572;1;2,27,32,48,70,71,72,73,74,75,76,77,78,79,80,81,82,105,129,135,150,151,152,153,154,155,156,157,165,182,194,223,226,252,264,307,320,332,343,345,368,382,393,397,402,412,428,436,444,449,450,451,452,453,454,455,456,457,458,459,485,498,596,613,627,677,710,713,823,824,825,826,943,944,945,946,947,948,983,984,
119;1;7572;7640;1;2,27,32,48,70,71,72,73,74,75,76,77,78,79,80,81,82,105,129,135,150,151,152,153,154,155,156,157,165,182,194,223,226,252,264,307,320,332,343,345,368,382,393,397,402,412,428,436,444,449,450,451,452,453,454,455,456,457,458,459,485,498,596,613,627,677,710,713,823,824,825,826,943,944,945,946,947,948,983,984,
592;0;7640;7676;0;2,27,32,48,70,71,72,73,74,75,76,77,78,79,80,81,82,105,129,135,150,151,152,153,154,155,156,157,165,182,194,223,226,252,264,307,320,332,343,345,368,382,393,397,402,412,428,436,444,449,450,451,452,453,454,455,456,457,458,459,485,498,596,613,627,677,710,713,823,824,825,826,943,944,945,946,947,948,983,984,
645;0;7676;7712;0;2,27,32,48,70,71,72,73,74,75,76,77,78,79,80,81,82,105,129,135,150,151,152,153,154,155,156,157,165,182,194,223,226,252,264,307,320,332,343,345,368,382,393,397,402,412,428,436,444,449,450,451,452,453,454,455,456,457,458,459,485,498,596,613,627,677,710,713,823,824,825,826,943,944,945,946,947,948,983,984,
385;0;7712;7780;0;2,27,32,48,70,71,72,73,74,75,76,77,78,79,80,81,82,105,129,135,150,151,152,153,154,155,156,157,165,182,194,223,226,252,264,307,320,332,343,345,368,382,393,397,402,412,428,436,444,449,450,451,452,453,454,455,456,457,458,459,485,498,596,613,627,677,710,713,823,824,825,826,943,944,945,946,947,948,983,984,
746;0;7780;7951;1;2,32,48,70,71,72,77,105,128,129,135,138,150,152,153,154,155,156,165,182,194,252,253,254,255,256,257,258,259,260,261,262,263,264,265,266,267,268,269,320,332,337,345,382,387,388,389,390,391,392,393,394,395,396,397,398,399,402,412,436,444,484,497,498,627,651,662,663,664,665,666,667,677,777,823,824,825,826,1523,1524,
746;1;7951;8044;1;2,32,48,70,71,72,77,105,128,129,135,138,150,152,153,154,155,156,165,182,194,252,253,254,255,256,257,258,259,260,261,262,263,264,265,266,267,268,269,320,332,337,345,382,387,388,389,390,391,392,393,394,395,396,397,398,399,402,412,436,444,484,497,498,627,651,662,663,664,665,666,667,677,777,823,824,825,826,1523,1524,
131;0;8044;8184;1;2,32,48,70,71,72,77,105,128,129,135,138,150,152,153,154,155,156,165,182,194,252,253,254,255,256,257,258,259,260,261,262,263,264,265,266,267,268,269,320,332,337,345,382,387,388,389,390,391,392,393,394,395,396,397,398,399,402,412,436,444,484,497,498,627,651,662,663,664,665,666,667,677,777,823,824,825,826,1523,1524,
131;1;8184;8308;1;2,32,48,70,71,72,77,105,128,129,135,138,150,152,153,154,155,156,165,182,194,252,253,254,255,256,257,258,259,260,261,262,263,264,265,266,267,268,269,320,332,337,345,382,387,388,389,390,391,392,393,394,395,396,397,398,399,402,412,436,444,484,497,498,627,651,662,663,664,665,666,667,677,777,823,824,825,826,1523,1524,
299;0;8308;8337;1;2,32,48,70,71,72,77,105,128,129,135,138,150,152,153,154,155,156,165,182,194,252,253,254,255,256,257,258,259,260,261,262,263,264,265,266,267,268,269,320,332,337,345,382,387,388,389,390,391,392,393,394,395,396,397,398,399,402,412,436,444,484,497,498,627,651,662,663,664,665,666,667,677,777,823,824,825,826,1523,1524,
299;1;8337;8434;1;2,32,48,70,71,72,77,105,128,129,135,138,150,152,153,154,155,156,165,182,194,252,253,254,255,256,257,258,259,260,261,262,263,264,265,266,267,268,269,320,332,337,345,382,387,388,389,390,391,392,393,394,395,396,397,398,399,402,412,436,444,484,497,498,627,651,662,663,664,665,666,667,677,777,823,824,825,826,1523,1524,
190;0;8434;8530;0;2,32,48,70,71,72,77,105,128,129,135,138,150,152,153,154,155,156,165,182,194,252,253,254,255,256,257,258,259,260,261,262,263,264,265,266,267,268,269,320,332,337,345,382,387,388,389,390,391,392,393,394,395,396,397,398,399,402,412,436,444,484,497,498,627,651,662,663,664,665,666,667,677,777,823,824,825,826,1523,1524,
135;0;8530;8566;0;2,32,48,70,71,72,77,105,128,129,135,138,150,152,153,154,155,156,165,182,194,252,253,254,255,256,257,258,259,260,261,262,263,264,265,266,267,268,269,320,332,337,345,382,387,388,389,390,391,392,393,394,395,396,397,398,399,402,412,436,444,484,497,498,627,651,662,663,664,665,666,667,677,777,823,824,825,826,1523,1524,
16;0;8566;8717;1;2,32,48,70,71,72,77,105,128,129,135,138,150,152,153,154,155,156,165,182,194,252,253,254,255,256,257,258,259,260,261,262,263,264,265,266,267,268,269,320,332,337,345,382,387,388,389,390,391,392,393,394,395,396,397,398,399,402,412,436,444,484,497,498,627,651,662,663,664,665,666,667,677,777,823,824,825,826,1523,1524,
16;1;8717;8814;1;2,32,48,70,71,72,77,105,128,129,135,138,150,152,153,154,155,156,165,182,194,252,253,254,255,256,257,258,259,260,261,262,263,264,265,266,267,268,269,320,332,337,345,382,387,388,389,390,391,392,393,394,395,396,397,398,399,402,412,436,444,484,497,498,627,651,662,663,664,665,666,667,677,777,823,824,825,826,1523,1524,
681;0;8814;8867;1;2,32,48,70,71,72,77,105,128,129,135,138,150,152,153,154,155,156,165,182,194,252,253,254,255,256,257,258,259,260,261,262,263,264,265,266,267,268,269,320,332,337,345,382,387,388,389,390,391,392,393,394,395,396,397,398,399,402,412,436,444,484,497,498,627,651,662,663,664,665,666,667,677,777,823,824,825,826,1523,1524,
681;1;8867;8988;1;2,32,48,70,71,72,77,105,128,129,135,138,150,152,153,154,155,156,165,182,194,252,253,254,255,256,257,258,259,260,261,262,263,264,265,266,267,268,269,320,332,337,345,382,387,388,389,390,391,392,393,394,395,396,397,398,399,402,412,436,444,484,497,498,627,651,662,663,664,665,666,667,677,777,823,824,825,826,1523,1524,
431;0;8988;9086;1;2,32,48,70,71,72,77,105,129,135,138,150,152,153,154,155,156,165,182,194,252,303,320,332,337,345,382,387,388,389,390,391,392,393,394,395,396,397,398,399,402,412,436,444,448,478,484,497,498,533,537,538,539,540,541,542,543,544,545,546,547,548,549,550,551,552,553,554,555,556,557,558,559,560,561,562,563,564,565,777,
431;1;9086;9125;1;2,32,48,70,71,72,77,105,129,135,138,150,152,153,154,155,156,165,182,194,252,303,320,332,337,345,382,387,388,389,390,391,392,393,394,395,396,397,398,399,402,412,436,444,448,478,484,497,498,533,537,538,539,540,541,542,543,544,545,546,547,548,549,550,551,552,553,554,555,556,557,558,559,560,561,562,563,564,565,777,
688;0;9125;9176;0;2,32,48,70,71,72,77,105,129,135,138,150,152,153,154,155,156,165,182,194,252,303,320,332,337,345,382,387,388,389,390,391,392,393,394,395,396,397,398,399,402,412,436,444,448,478,484,497,498,533,537,538,539,540,541,542,543,544,545,546,547,548,549,550,551,552,553,554,555,556,557,558,559,560,561,562,563,564,565,777,
688;1;9176;9215;0;2,32,48,70,71,72,77,105,129,135,138,150,152,153,154,155,156,165,182,194,252,303,320,332,337,345,382,387,388,389,390,391,392,393,394,395,396,397,398,399,402,412,436,444,448,478,484,497,498,533,537,538,539,540,541,542,543,544,545,546,547,548,549,550,551,552,553,554,555,556,557,558,559,560,561,562,563,564,565,777,
724;0;9215;9296;1;2,32,42,48,70,71,72,77,105,106,150,152,153,154,155,156,182,183,194,195,196,197,198,199,219,220,224,225,235,251,252,320,337,345,346,347,374,393,402,436,444,445,447,496,497,646,748,749,750,751,752,777,872,907,908,909,910,911,912,913,914,915,916,917,918,919,920,921,1107,1108,1109,1110,1111,1112,1113,1114,1115,1116,1117,1118,
724;1;9296;9417;1;2,32,42,48,70,71,72,77,105,106,150,152,153,154,155,156,182,183,194,195,196,197,198,199,219,220,224,225,235,251,252,320,337,345,346,347,374,393,402,436,444,445,447,496,497,646,748,749,750,751,752,777,872,907,908,909,910,911,912,913,914,915,916,917,918,919,920,921,1107,1108,1109,1110,1111,1112,1113,1114,1115,1116,1117,1118,
94;0;9417;9431;1;2,32,42,48,70,71,72,77,105,106,150,152,153,154,155,156,182,183,194,195,196,197,198,199,219,220,224,225,235,251,252,320,337,345,346,347,374,393,402,436,444,445,447,496,497,646,748,749,750,751,752,777,872,907,908,909,910,911,912,913,914,915,916,917,918,919,920,921,1107,1108,1109,1110,1111,1112,1113,1114,1115,1116,1117,1118,
94;1;9431;9476;1;2,32,42,48,70,71,72,77,105,106,150,152,153,154,155,156,182,183,194,195,196,197,198,199,219,220,224,225,235,251,252,320,337,345,346,347,374,393,402,436,444,445,447,496,497,646,748,749,750,751,752,777,872,907,908,909,910,911,912,913,914,915,916,917,918,919,920,921,1107,1108,1109,1110,1111,1112,1113,1114,1115,1116,1117,1118,
490;0;9476;9538;0;2,32,42,48,70,71,72,77,105,106,150,152,153,154,155,156,182,183,194,195,196,197,198,199,219,220,224,225,235,251,252,320,337,345,346,347,374,393,402,436,444,445,447,496,497,646,748,749,750,751,752,777,872,907,908,909,910,911,912,913,914,915,916,917,918,919,920,921,1107,1108,1109,1110,1111,1112,1113,1114,1115,1116,1117,1118,
276;0;9538;9626;1;2,32,42,48,70,71,72,77,105,106,150,152,153,154,155,156,182,183,194,195,196,197,198,199,219,220,224,225,235,251,252,320,337,345,346,347,374,393,402,436,444,445,447,496,497,646,748,749,750,751,752,777,872,907,908,909,910,911,912,913,914,915,916,917,918,919,920,921,1107,1108,1109,1110,1111,1112,1113,1114,1115,1116,1117,1118,
276;1;9626;9688;1;2,32,42,48,70,71,72,77,105,106,150,152,153,154,155,156,182,183,194,195,196,197,198,199,219,220,224,225,235,251,252,320,337,345,346,347,374,393,402,436,444,445,447,496,497,646,748,749,750,751,752,777,872,907,908,909,910,911,912,913,914,915,916,917,918,919,920,921,1107,1108,1109,1110,1111,1112,1113,1114,1115,1116,1117,1118,
166;0;9688;9732;1;2,32,42,48,70,71,72,77,105,106,150,152,153,154,155,156,182,183,194,195,196,197,198,199,219,220,224,225,235,251,252,320,337,345,346,347,374,393,402,436,444,445,447,496,497,646,748,749,750,751,752,777,872,907,908,909,910,911,912,913,914,915,916,917,918,919,920,921,1107,1108,1109,1110,1111,1112,1113,1114,1115,1116,1117,1118,
166;1;9732;9904;1;2,32,42,48,70,71,72,77,105,106,150,152,153,154,155,156,182,183,194,195,196,197,198,199,219,220,224,225,235,251,252,320,337,345,346,347,374,393,402,436,444,445,447,496,497,646,748,749,750,751,752,777,872,907,908,909,910,911,912,913,914,915,916,917,918,919,920,921,1107,1108,1109,1110,1111,1112,1113,1114,1115,1116,1117,1118,
103;0;9904;10013;0;2,32,42,48,70,71,72,77,105,106,150,152,153,154,155,156,182,183,194,195,196,197,198,199,219,220,224,225,235,251,252,320,337,345,346,347,374,393,402,436,444,445,447,496,497,646,748,749,750,751,752,777,872,907,908,909,910,911,912,913,914,915,916,917,918,919,920,921,1107,1108,1109,1110,1111,1112,1113,1114,1115,1116,1117,1118,
103;1;10013;10075;0;2,32,42,48,70,71,72,77,105,106,150,152,153,154,155,156,182,183,194,195,196,197,198,199,219,220,224,225,235,251,252,320,337,345,346,347,374,393,402,436,444,445,447,496,497,646,748,749,750,751,752,777,872,907,908,909,910,911,912,913,914,915,916,917,918,919,920,921,1107,1108,1109,1110,1111,1112,1113,1114,1115,1116,1117,1118,
END
fineshedJobsCount: 741
switchs: 2014
switchsInstances: 57
unfineshedPriorityCount: 41
totalUnfineshed: 460
criticalMachineSwitchs: 348
criticalMachineTime: 10078
Final Solution: 18416
Time: 1734000
PTL: 499
MCMC: 124
Best Initial: 1653
Mean Initial: 795.909
