./input/BaseInstances/6M1_n=629,r=0.6,t=798,v0.txt;./input/Processed/ToolSetInt.csv
7;720;1440
Machine: 0
143;0;0;113;0;0,1,2,5,10,11,12,13,14,15,16,17,18,19,36,38,53,54,55,56,57,58,59,60,61,62,80,81,82,83,84,85,86,87,88,98,99,100,101,102,103,104,105,106,107,120,167,168,177,179,218,219,220,240,246,248,249,250,251,252,337,570,571,572,573,574,575,576,577,578,579,624,649,650,651,652,653,654,655,656,
143;1;113;178;0;0,1,2,5,10,11,12,13,14,15,16,17,18,19,36,38,53,54,55,56,57,58,59,60,61,62,80,81,82,83,84,85,86,87,88,98,99,100,101,102,103,104,105,106,107,120,167,168,177,179,218,219,220,240,246,248,249,250,251,252,337,570,571,572,573,574,575,576,577,578,579,624,649,650,651,652,653,654,655,656,
13;0;178;356;0;0,1,2,5,10,11,12,13,14,15,16,17,18,19,36,38,53,54,55,56,57,58,59,60,61,62,80,81,82,83,84,85,86,87,88,98,99,100,101,102,103,104,105,106,107,120,167,168,177,179,218,219,220,240,246,248,249,250,251,252,337,570,571,572,573,574,575,576,577,578,579,624,649,650,651,652,653,654,655,656,
13;1;356;536;0;0,1,2,5,10,11,12,13,14,15,16,17,18,19,36,38,53,54,55,56,57,58,59,60,61,62,80,81,82,83,84,85,86,87,88,98,99,100,101,102,103,104,105,106,107,120,167,168,177,179,218,219,220,240,246,248,249,250,251,252,337,570,571,572,573,574,575,576,577,578,579,624,649,650,651,652,653,654,655,656,
369;0;536;566;1;0,1,2,5,10,11,12,13,14,15,16,17,18,19,36,38,53,54,55,56,57,58,59,60,61,62,80,81,82,83,84,85,86,87,88,98,99,100,101,102,103,104,105,106,107,120,167,168,177,179,218,219,220,240,246,248,249,250,251,252,337,570,571,572,573,574,575,576,577,578,579,624,649,650,651,652,653,654,655,656,
369;1;566;605;1;0,1,2,5,10,11,12,13,14,15,16,17,18,19,36,38,53,54,55,56,57,58,59,60,61,62,80,81,82,83,84,85,86,87,88,98,99,100,101,102,103,104,105,106,107,120,167,168,177,179,218,219,220,240,246,248,249,250,251,252,337,570,571,572,573,574,575,576,577,578,579,624,649,650,651,652,653,654,655,656,
204;0;605;672;1;0,1,2,5,10,11,12,13,14,15,16,17,18,19,36,38,53,54,55,56,57,58,59,60,61,62,80,81,82,83,84,85,86,87,88,98,99,100,101,102,103,104,105,106,107,120,167,168,177,179,218,219,220,240,246,248,249,250,251,252,337,570,571,572,573,574,575,576,577,578,579,624,649,650,651,652,653,654,655,656,
204;1;672;781;1;0,1,2,5,10,11,12,13,14,15,16,17,18,19,36,38,53,54,55,56,57,58,59,60,61,62,80,81,82,83,84,85,86,87,88,98,99,100,101,102,103,104,105,106,107,120,167,168,177,179,218,219,220,240,246,248,249,250,251,252,337,570,571,572,573,574,575,576,577,578,579,624,649,650,651,652,653,654,655,656,
339;0;781;870;1;0,1,2,5,10,11,12,13,14,15,16,17,18,19,36,38,53,54,55,56,57,58,59,60,61,62,80,81,82,83,84,85,86,87,88,98,99,100,101,102,103,104,105,106,107,120,167,168,177,179,218,219,220,240,246,248,249,250,251,252,337,570,571,572,573,574,575,576,577,578,579,624,649,650,651,652,653,654,655,656,
339;1;870;927;1;0,1,2,5,10,11,12,13,14,15,16,17,18,19,36,38,53,54,55,56,57,58,59,60,61,62,80,81,82,83,84,85,86,87,88,98,99,100,101,102,103,104,105,106,107,120,167,168,177,179,218,219,220,240,246,248,249,250,251,252,337,570,571,572,573,574,575,576,577,578,579,624,649,650,651,652,653,654,655,656,
370;0;927;988;0;0,1,2,5,10,11,12,13,14,15,16,17,18,19,36,38,53,54,55,56,57,58,59,60,61,62,80,81,82,83,84,85,86,87,88,98,99,100,101,102,103,104,105,106,107,120,167,168,177,179,218,219,220,240,246,248,249,250,251,252,337,570,571,572,573,574,575,576,577,578,579,624,649,650,651,652,653,654,655,656,
109;0;988;1024;1;0,1,2,5,10,11,12,13,14,15,16,17,18,19,36,38,53,54,55,56,57,58,59,60,61,62,80,81,82,83,84,85,86,87,88,98,99,100,101,102,103,104,105,106,107,120,167,168,177,179,218,219,220,240,246,248,249,250,251,252,337,570,571,572,573,574,575,576,577,578,579,624,649,650,651,652,653,654,655,656,
109;1;1024;1133;1;0,1,2,5,10,11,12,13,14,15,16,17,18,19,36,38,53,54,55,56,57,58,59,60,61,62,80,81,82,83,84,85,86,87,88,98,99,100,101,102,103,104,105,106,107,120,167,168,177,179,218,219,220,240,246,248,249,250,251,252,337,570,571,572,573,574,575,576,577,578,579,624,649,650,651,652,653,654,655,656,
44;0;1133;1297;1;0,1,2,5,10,11,12,13,14,15,16,17,18,19,36,38,53,54,55,56,57,58,59,60,61,62,80,81,82,83,84,85,86,87,88,98,99,100,101,102,103,104,105,106,107,120,167,168,177,179,218,219,220,240,246,248,249,250,251,252,337,570,571,572,573,574,575,576,577,578,579,624,649,650,651,652,653,654,655,656,
44;1;1297;1336;1;0,1,2,5,10,11,12,13,14,15,16,17,18,19,36,38,53,54,55,56,57,58,59,60,61,62,80,81,82,83,84,85,86,87,88,98,99,100,101,102,103,104,105,106,107,120,167,168,177,179,218,219,220,240,246,248,249,250,251,252,337,570,571,572,573,574,575,576,577,578,579,624,649,650,651,652,653,654,655,656,
344;0;1336;1484;1;0,1,2,5,10,11,12,13,14,15,16,17,18,19,36,38,53,54,55,56,57,58,59,60,61,62,80,81,82,83,84,85,86,87,88,98,99,100,101,102,103,104,105,106,107,120,167,168,177,179,218,219,220,240,246,248,249,250,251,252,337,570,571,572,573,574,575,576,577,578,579,624,649,650,651,652,653,654,655,656,
344;1;1484;1593;1;0,1,2,5,10,11,12,13,14,15,16,17,18,19,36,38,53,54,55,56,57,58,59,60,61,62,80,81,82,83,84,85,86,87,88,98,99,100,101,102,103,104,105,106,107,120,167,168,177,179,218,219,220,240,246,248,249,250,251,252,337,570,571,572,573,574,575,576,577,578,579,624,649,650,651,652,653,654,655,656,
6;0;1593;1665;1;0,1,2,5,10,11,12,13,14,15,16,17,18,19,36,38,53,54,55,56,57,58,59,60,61,62,80,81,82,83,84,85,86,87,88,98,99,100,101,102,103,104,105,106,107,120,167,168,177,179,218,219,220,240,246,248,249,250,251,252,337,570,571,572,573,574,575,576,577,578,579,624,649,650,651,652,653,654,655,656,
6;1;1665;1755;1;0,1,2,5,10,11,12,13,14,15,16,17,18,19,36,38,53,54,55,56,57,58,59,60,61,62,80,81,82,83,84,85,86,87,88,98,99,100,101,102,103,104,105,106,107,120,167,168,177,179,218,219,220,240,246,248,249,250,251,252,337,570,571,572,573,574,575,576,577,578,579,624,649,650,651,652,653,654,655,656,
64;0;1755;1924;1;0,1,2,5,10,11,12,13,14,15,16,17,18,19,36,38,53,54,55,56,57,58,59,60,61,62,80,81,82,83,84,85,86,87,88,98,99,100,101,102,103,104,105,106,107,120,167,168,177,179,218,219,220,240,246,248,249,250,251,252,337,570,571,572,573,574,575,576,577,578,579,624,649,650,651,652,653,654,655,656,
64;1;1924;1989;1;0,1,2,5,10,11,12,13,14,15,16,17,18,19,36,38,53,54,55,56,57,58,59,60,61,62,80,81,82,83,84,85,86,87,88,98,99,100,101,102,103,104,105,106,107,120,167,168,177,179,218,219,220,240,246,248,249,250,251,252,337,570,571,572,573,574,575,576,577,578,579,624,649,650,651,652,653,654,655,656,
1;0;1989;1993;0;0,1,2,5,10,11,12,13,14,15,16,17,18,19,36,38,53,54,55,56,57,58,59,60,61,62,80,81,82,83,84,85,86,87,88,98,99,100,101,102,103,104,105,106,107,120,167,168,177,179,218,219,220,240,246,248,249,250,251,252,337,570,571,572,573,574,575,576,577,578,579,624,649,650,651,652,653,654,655,656,
1;1;1993;2058;0;0,1,2,5,10,11,12,13,14,15,16,17,18,19,36,38,53,54,55,56,57,58,59,60,61,62,80,81,82,83,84,85,86,87,88,98,99,100,101,102,103,104,105,106,107,120,167,168,177,179,218,219,220,240,246,248,249,250,251,252,337,570,571,572,573,574,575,576,577,578,579,624,649,650,651,652,653,654,655,656,
103;0;2058;2111;0;0,1,2,5,10,11,12,13,14,15,16,17,18,19,36,38,53,54,55,56,57,58,59,60,61,62,80,81,82,83,84,85,86,87,88,98,99,100,101,102,103,104,105,106,107,120,167,168,177,179,218,219,220,240,246,248,249,250,251,252,337,570,571,572,573,574,575,576,577,578,579,624,649,650,651,652,653,654,655,656,
103;1;2111;2173;0;0,1,2,5,10,11,12,13,14,15,16,17,18,19,36,38,53,54,55,56,57,58,59,60,61,62,80,81,82,83,84,85,86,87,88,98,99,100,101,102,103,104,105,106,107,120,167,168,177,179,218,219,220,240,246,248,249,250,251,252,337,570,571,572,573,574,575,576,577,578,579,624,649,650,651,652,653,654,655,656,
137;0;2173;2353;0;0,1,2,5,10,11,12,13,14,15,16,17,18,19,36,38,53,54,55,56,57,58,59,60,61,62,80,81,82,83,84,85,86,87,88,98,99,100,101,102,103,104,105,106,107,120,167,168,177,179,218,219,220,240,246,248,249,250,251,252,337,570,571,572,573,574,575,576,577,578,579,624,649,650,651,652,653,654,655,656,
166;0;2353;2421;1;0,1,2,5,10,11,12,13,14,15,16,17,18,19,36,38,53,54,55,56,57,58,59,60,61,62,80,81,82,83,84,85,86,87,88,98,99,100,101,102,103,104,105,106,107,120,167,168,177,179,218,219,220,240,246,248,249,250,251,252,337,570,571,572,573,574,575,576,577,578,579,624,649,650,651,652,653,654,655,656,
166;1;2421;2593;1;0,1,2,5,10,11,12,13,14,15,16,17,18,19,36,38,53,54,55,56,57,58,59,60,61,62,80,81,82,83,84,85,86,87,88,98,99,100,101,102,103,104,105,106,107,120,167,168,177,179,218,219,220,240,246,248,249,250,251,252,337,570,571,572,573,574,575,576,577,578,579,624,649,650,651,652,653,654,655,656,
274;0;2593;2666;1;0,1,2,5,10,11,12,13,14,15,16,17,18,19,36,38,53,54,55,56,57,58,59,60,61,62,80,81,82,83,84,85,86,87,88,98,99,100,101,102,103,104,105,106,107,120,167,168,177,179,218,219,220,240,246,248,249,250,251,252,337,570,571,572,573,574,575,576,577,578,579,624,649,650,651,652,653,654,655,656,
274;1;2666;2765;1;0,1,2,5,10,11,12,13,14,15,16,17,18,19,36,38,53,54,55,56,57,58,59,60,61,62,80,81,82,83,84,85,86,87,88,98,99,100,101,102,103,104,105,106,107,120,167,168,177,179,218,219,220,240,246,248,249,250,251,252,337,570,571,572,573,574,575,576,577,578,579,624,649,650,651,652,653,654,655,656,
22;0;2765;2874;0;0,1,2,5,10,11,12,13,14,15,16,17,18,19,36,38,53,54,55,56,57,58,59,60,61,62,80,81,82,83,84,85,86,87,88,98,99,100,101,102,103,104,105,106,107,120,167,168,177,179,218,219,220,240,246,248,249,250,251,252,337,570,571,572,573,574,575,576,577,578,579,624,649,650,651,652,653,654,655,656,
226;0;2874;2885;1;0,1,2,5,10,11,12,13,14,15,16,17,18,19,36,38,53,54,55,56,57,58,59,60,61,62,80,81,82,83,84,85,86,87,88,98,99,100,101,102,103,104,105,106,107,120,167,168,177,179,218,219,220,240,246,248,249,250,251,252,337,570,571,572,573,574,575,576,577,578,579,624,649,650,651,652,653,654,655,656,
226;1;2885;2975;1;0,1,2,5,10,11,12,13,14,15,16,17,18,19,36,38,53,54,55,56,57,58,59,60,61,62,80,81,82,83,84,85,86,87,88,98,99,100,101,102,103,104,105,106,107,120,167,168,177,179,218,219,220,240,246,248,249,250,251,252,337,570,571,572,573,574,575,576,577,578,579,624,649,650,651,652,653,654,655,656,
261;0;2975;3086;1;0,1,2,5,10,11,12,13,14,15,16,17,18,19,36,38,53,54,55,56,57,58,59,60,61,62,80,81,82,83,84,85,86,87,88,98,99,100,101,102,103,104,105,106,107,120,167,168,177,179,218,219,220,240,246,248,249,250,251,252,337,570,571,572,573,574,575,576,577,578,579,624,649,650,651,652,653,654,655,656,
261;1;3086;3184;1;0,1,2,5,10,11,12,13,14,15,16,17,18,19,36,38,53,54,55,56,57,58,59,60,61,62,80,81,82,83,84,85,86,87,88,98,99,100,101,102,103,104,105,106,107,120,167,168,177,179,218,219,220,240,246,248,249,250,251,252,337,570,571,572,573,574,575,576,577,578,579,624,649,650,651,652,653,654,655,656,
347;0;3184;3356;0;0,1,2,5,10,11,12,13,14,15,16,17,18,19,36,38,53,54,55,56,57,58,59,60,61,62,80,81,82,83,84,85,86,87,88,98,99,100,101,102,103,104,105,106,107,120,167,168,177,179,218,219,220,240,246,248,249,250,251,252,337,570,571,572,573,574,575,576,577,578,579,624,649,650,651,652,653,654,655,656,
377;0;3356;3528;0;0,1,2,5,10,11,12,13,14,15,16,17,18,19,36,38,53,54,55,56,57,58,59,60,61,62,80,81,82,83,84,85,86,87,88,98,99,100,101,102,103,104,105,106,107,120,167,168,177,179,218,219,220,240,246,248,249,250,251,252,337,570,571,572,573,574,575,576,577,578,579,624,649,650,651,652,653,654,655,656,
373;0;3528;3679;0;0,27,36,38,53,77,80,81,82,83,84,85,86,87,88,90,98,100,101,102,103,104,105,106,107,135,151,153,154,177,179,216,218,219,250,289,301,312,337,338,339,340,341,342,343,344,345,346,384,388,405,461,462,463,477,478,479,480,481,482,483,571,602,603,604,624,625,626,627,628,629,630,649,650,651,652,653,654,655,656,
373;1;3679;3830;0;0,27,36,38,53,77,80,81,82,83,84,85,86,87,88,90,98,100,101,102,103,104,105,106,107,135,151,153,154,177,179,216,218,219,250,289,301,312,337,338,339,340,341,342,343,344,345,346,384,388,405,461,462,463,477,478,479,480,481,482,483,571,602,603,604,624,625,626,627,628,629,630,649,650,651,652,653,654,655,656,
368;0;3830;4002;0;0,27,36,38,53,77,80,81,82,83,84,85,86,87,88,90,98,100,101,102,103,104,105,106,107,135,151,153,154,177,179,216,218,219,250,289,301,312,337,338,339,340,341,342,343,344,345,346,384,388,405,461,462,463,477,478,479,480,481,482,483,571,602,603,604,624,625,626,627,628,629,630,649,650,651,652,653,654,655,656,
368;1;4002;4016;0;0,27,36,38,53,77,80,81,82,83,84,85,86,87,88,90,98,100,101,102,103,104,105,106,107,135,151,153,154,177,179,216,218,219,250,289,301,312,337,338,339,340,341,342,343,344,345,346,384,388,405,461,462,463,477,478,479,480,481,482,483,571,602,603,604,624,625,626,627,628,629,630,649,650,651,652,653,654,655,656,
168;0;4016;4062;0;0,27,36,38,53,77,80,81,82,83,84,85,86,87,88,90,98,100,101,102,103,104,105,106,107,135,151,153,154,177,179,216,218,219,250,289,301,312,337,338,339,340,341,342,343,344,345,346,384,388,405,461,462,463,477,478,479,480,481,482,483,571,602,603,604,624,625,626,627,628,629,630,649,650,651,652,653,654,655,656,
168;1;4062;4095;0;0,27,36,38,53,77,80,81,82,83,84,85,86,87,88,90,98,100,101,102,103,104,105,106,107,135,151,153,154,177,179,216,218,219,250,289,301,312,337,338,339,340,341,342,343,344,345,346,384,388,405,461,462,463,477,478,479,480,481,482,483,571,602,603,604,624,625,626,627,628,629,630,649,650,651,652,653,654,655,656,
232;0;4095;4152;0;0,27,36,38,53,77,80,81,82,83,84,85,86,87,88,90,98,100,101,102,103,104,105,106,107,135,151,153,154,177,179,216,218,219,250,289,301,312,337,338,339,340,341,342,343,344,345,346,384,388,405,461,462,463,477,478,479,480,481,482,483,571,602,603,604,624,625,626,627,628,629,630,649,650,651,652,653,654,655,656,
387;0;4152;4164;0;0,27,36,38,53,77,80,81,82,83,84,85,86,87,88,90,98,100,101,102,103,104,105,106,107,135,151,153,154,177,179,216,218,219,250,289,301,312,337,338,339,340,341,342,343,344,345,346,384,388,405,461,462,463,477,478,479,480,481,482,483,571,602,603,604,624,625,626,627,628,629,630,649,650,651,652,653,654,655,656,
238;0;4164;4276;0;0,27,36,38,53,77,80,81,82,83,84,85,86,87,88,90,98,100,101,102,103,104,105,106,107,135,151,153,154,177,179,216,218,219,250,289,301,312,337,338,339,340,341,342,343,344,345,346,384,388,405,461,462,463,477,478,479,480,481,482,483,571,602,603,604,624,625,626,627,628,629,630,649,650,651,652,653,654,655,656,
238;1;4276;4366;0;0,27,36,38,53,77,80,81,82,83,84,85,86,87,88,90,98,100,101,102,103,104,105,106,107,135,151,153,154,177,179,216,218,219,250,289,301,312,337,338,339,340,341,342,343,344,345,346,384,388,405,461,462,463,477,478,479,480,481,482,483,571,602,603,604,624,625,626,627,628,629,630,649,650,651,652,653,654,655,656,
230;0;4366;4486;0;0,27,36,38,53,77,80,81,82,83,84,85,86,87,88,90,98,100,101,102,103,104,105,106,107,135,151,153,154,177,179,216,218,219,250,289,301,312,337,338,339,340,341,342,343,344,345,346,384,388,405,461,462,463,477,478,479,480,481,482,483,571,602,603,604,624,625,626,627,628,629,630,649,650,651,652,653,654,655,656,
236;0;4486;4610;1;0,27,36,38,53,77,80,81,82,83,84,85,86,87,88,90,98,100,101,102,103,104,105,106,107,135,151,153,154,177,179,216,218,219,250,289,301,312,337,338,339,340,341,342,343,344,345,346,384,388,405,461,462,463,477,478,479,480,481,482,483,571,602,603,604,624,625,626,627,628,629,630,649,650,651,652,653,654,655,656,
236;1;4610;4687;1;0,27,36,38,53,77,80,81,82,83,84,85,86,87,88,90,98,100,101,102,103,104,105,106,107,135,151,153,154,177,179,216,218,219,250,289,301,312,337,338,339,340,341,342,343,344,345,346,384,388,405,461,462,463,477,478,479,480,481,482,483,571,602,603,604,624,625,626,627,628,629,630,649,650,651,652,653,654,655,656,
343;0;4687;4759;0;0,27,36,38,53,77,80,81,82,83,84,85,86,87,88,90,98,100,101,102,103,104,105,106,107,135,151,153,154,177,179,216,218,219,250,289,301,312,337,338,339,340,341,342,343,344,345,346,384,388,405,461,462,463,477,478,479,480,481,482,483,571,602,603,604,624,625,626,627,628,629,630,649,650,651,652,653,654,655,656,
343;1;4759;4879;0;0,27,36,38,53,77,80,81,82,83,84,85,86,87,88,90,98,100,101,102,103,104,105,106,107,135,151,153,154,177,179,216,218,219,250,289,301,312,337,338,339,340,341,342,343,344,345,346,384,388,405,461,462,463,477,478,479,480,481,482,483,571,602,603,604,624,625,626,627,628,629,630,649,650,651,652,653,654,655,656,
286;0;4879;5018;1;0,27,36,38,53,77,80,81,82,83,84,85,86,87,88,90,98,100,101,102,103,104,105,106,107,135,151,153,154,177,179,216,218,219,250,289,301,312,337,338,339,340,341,342,343,344,345,346,384,388,405,461,462,463,477,478,479,480,481,482,483,571,602,603,604,624,625,626,627,628,629,630,649,650,651,652,653,654,655,656,
286;1;5018;5032;1;0,27,36,38,53,77,80,81,82,83,84,85,86,87,88,90,98,100,101,102,103,104,105,106,107,135,151,153,154,177,179,216,218,219,250,289,301,312,337,338,339,340,341,342,343,344,345,346,384,388,405,461,462,463,477,478,479,480,481,482,483,571,602,603,604,624,625,626,627,628,629,630,649,650,651,652,653,654,655,656,
223;0;5032;5204;0;0,27,36,38,53,77,80,81,82,83,84,85,86,87,88,90,98,100,101,102,103,104,105,106,107,135,151,153,154,177,179,216,218,219,250,289,301,312,337,338,339,340,341,342,343,344,345,346,384,388,405,461,462,463,477,478,479,480,481,482,483,571,602,603,604,624,625,626,627,628,629,630,649,650,651,652,653,654,655,656,
223;1;5204;5216;0;0,27,36,38,53,77,80,81,82,83,84,85,86,87,88,90,98,100,101,102,103,104,105,106,107,135,151,153,154,177,179,216,218,219,250,289,301,312,337,338,339,340,341,342,343,344,345,346,384,388,405,461,462,463,477,478,479,480,481,482,483,571,602,603,604,624,625,626,627,628,629,630,649,650,651,652,653,654,655,656,
237;0;5216;5249;0;0,27,36,38,53,77,80,81,82,83,84,85,86,87,88,90,98,100,101,102,103,104,105,106,107,135,151,153,154,177,179,216,218,219,250,289,301,312,337,338,339,340,341,342,343,344,345,346,384,388,405,461,462,463,477,478,479,480,481,482,483,571,602,603,604,624,625,626,627,628,629,630,649,650,651,652,653,654,655,656,
61;0;5249;5300;1;0,27,36,38,53,77,80,81,82,83,84,85,86,87,88,90,98,100,101,102,103,104,105,106,107,135,151,153,154,177,179,216,218,219,250,289,301,312,337,338,339,340,341,342,343,344,345,346,384,388,405,461,462,463,477,478,479,480,481,482,483,571,602,603,604,624,625,626,627,628,629,630,649,650,651,652,653,654,655,656,
61;1;5300;5390;1;0,27,36,38,53,77,80,81,82,83,84,85,86,87,88,90,98,100,101,102,103,104,105,106,107,135,151,153,154,177,179,216,218,219,250,289,301,312,337,338,339,340,341,342,343,344,345,346,384,388,405,461,462,463,477,478,479,480,481,482,483,571,602,603,604,624,625,626,627,628,629,630,649,650,651,652,653,654,655,656,
297;0;5390;5471;0;0,27,36,38,53,77,80,81,82,83,84,85,86,87,88,90,98,100,101,102,103,104,105,106,107,135,151,153,154,177,179,216,218,219,250,289,301,312,337,338,339,340,341,342,343,344,345,346,384,388,405,461,462,463,477,478,479,480,481,482,483,571,602,603,604,624,625,626,627,628,629,630,649,650,651,652,653,654,655,656,
227;0;5471;5561;0;0,27,36,38,53,77,80,81,82,83,84,85,86,87,88,90,98,100,101,102,103,104,105,106,107,135,151,153,154,177,179,216,218,219,250,289,301,312,337,338,339,340,341,342,343,344,345,346,384,388,405,461,462,463,477,478,479,480,481,482,483,571,602,603,604,624,625,626,627,628,629,630,649,650,651,652,653,654,655,656,
254;0;5561;5735;1;0,27,36,38,53,77,80,81,82,83,84,85,86,87,88,90,98,100,101,102,103,104,105,106,107,135,151,153,154,177,179,216,218,219,250,289,301,312,337,338,339,340,341,342,343,344,345,346,384,388,405,461,462,463,477,478,479,480,481,482,483,571,602,603,604,624,625,626,627,628,629,630,649,650,651,652,653,654,655,656,
254;1;5735;5796;1;0,27,36,38,53,77,80,81,82,83,84,85,86,87,88,90,98,100,101,102,103,104,105,106,107,135,151,153,154,177,179,216,218,219,250,289,301,312,337,338,339,340,341,342,343,344,345,346,384,388,405,461,462,463,477,478,479,480,481,482,483,571,602,603,604,624,625,626,627,628,629,630,649,650,651,652,653,654,655,656,
268;0;5796;5869;0;0,27,36,38,53,77,80,81,82,83,84,85,86,87,88,90,98,100,101,102,103,104,105,106,107,135,151,153,154,177,179,216,218,219,250,289,301,312,337,338,339,340,341,342,343,344,345,346,384,388,405,461,462,463,477,478,479,480,481,482,483,571,602,603,604,624,625,626,627,628,629,630,649,650,651,652,653,654,655,656,
268;1;5869;5989;0;0,27,36,38,53,77,80,81,82,83,84,85,86,87,88,90,98,100,101,102,103,104,105,106,107,135,151,153,154,177,179,216,218,219,250,289,301,312,337,338,339,340,341,342,343,344,345,346,384,388,405,461,462,463,477,478,479,480,481,482,483,571,602,603,604,624,625,626,627,628,629,630,649,650,651,652,653,654,655,656,
249;0;5989;6004;1;0,27,36,38,53,77,80,81,82,83,84,85,86,87,88,90,98,100,101,102,103,104,105,106,107,135,151,153,154,177,179,216,218,219,250,289,301,312,337,338,339,340,341,342,343,344,345,346,384,388,405,461,462,463,477,478,479,480,481,482,483,571,602,603,604,624,625,626,627,628,629,630,649,650,651,652,653,654,655,656,
249;1;6004;6081;1;0,27,36,38,53,77,80,81,82,83,84,85,86,87,88,90,98,100,101,102,103,104,105,106,107,135,151,153,154,177,179,216,218,219,250,289,301,312,337,338,339,340,341,342,343,344,345,346,384,388,405,461,462,463,477,478,479,480,481,482,483,571,602,603,604,624,625,626,627,628,629,630,649,650,651,652,653,654,655,656,
11;0;6081;6224;1;0,27,36,38,53,77,80,81,82,83,84,85,86,87,88,90,98,100,101,102,103,104,105,106,107,135,151,153,154,177,179,216,218,219,250,289,301,312,337,338,339,340,341,342,343,344,345,346,384,388,405,461,462,463,477,478,479,480,481,482,483,571,602,603,604,624,625,626,627,628,629,630,649,650,651,652,653,654,655,656,
11;1;6224;6238;1;0,27,36,38,53,77,80,81,82,83,84,85,86,87,88,90,98,100,101,102,103,104,105,106,107,135,151,153,154,177,179,216,218,219,250,289,301,312,337,338,339,340,341,342,343,344,345,346,384,388,405,461,462,463,477,478,479,480,481,482,483,571,602,603,604,624,625,626,627,628,629,630,649,650,651,652,653,654,655,656,
93;0;6238;6368;0;0,27,36,38,53,77,80,81,82,83,84,85,86,87,88,90,98,100,102,103,104,105,106,107,135,151,153,154,155,171,177,178,179,180,181,182,216,218,301,312,337,338,339,340,341,342,343,344,345,346,384,388,395,424,425,426,427,428,429,430,431,461,462,463,477,478,479,480,481,482,483,505,506,624,625,626,627,628,629,630,
93;1;6368;6483;0;0,27,36,38,53,77,80,81,82,83,84,85,86,87,88,90,98,100,102,103,104,105,106,107,135,151,153,154,155,171,177,178,179,180,181,182,216,218,301,312,337,338,339,340,341,342,343,344,345,346,384,388,395,424,425,426,427,428,429,430,431,461,462,463,477,478,479,480,481,482,483,505,506,624,625,626,627,628,629,630,
315;0;6483;6564;0;0,27,36,38,53,77,80,81,82,83,84,85,86,87,88,90,98,100,102,103,104,105,106,107,135,151,153,154,155,171,177,178,179,180,181,182,216,218,301,312,337,338,339,340,341,342,343,344,345,346,384,388,395,424,425,426,427,428,429,430,431,461,462,463,477,478,479,480,481,482,483,505,506,624,625,626,627,628,629,630,
89;0;6564;6605;1;0,27,36,38,53,77,80,81,82,83,84,85,86,87,88,90,98,100,102,103,104,105,106,107,135,151,153,154,155,171,177,178,179,180,181,182,216,218,301,312,337,338,339,340,341,342,343,344,345,346,384,388,395,424,425,426,427,428,429,430,431,461,462,463,477,478,479,480,481,482,483,505,506,624,625,626,627,628,629,630,
89;1;6605;6689;1;0,27,36,38,53,77,80,81,82,83,84,85,86,87,88,90,98,100,102,103,104,105,106,107,135,151,153,154,155,171,177,178,179,180,181,182,216,218,301,312,337,338,339,340,341,342,343,344,345,346,384,388,395,424,425,426,427,428,429,430,431,461,462,463,477,478,479,480,481,482,483,505,506,624,625,626,627,628,629,630,
121;0;6689;6733;1;0,27,36,38,53,77,80,81,82,83,84,85,86,87,88,90,98,100,102,103,104,105,106,107,135,151,153,154,155,171,177,178,179,180,181,182,216,218,301,312,337,338,339,340,341,342,343,344,345,346,384,388,395,424,425,426,427,428,429,430,431,461,462,463,477,478,479,480,481,482,483,505,506,624,625,626,627,628,629,630,
121;1;6733;6786;1;0,27,36,38,53,77,80,81,82,83,84,85,86,87,88,90,98,100,102,103,104,105,106,107,135,151,153,154,155,171,177,178,179,180,181,182,216,218,301,312,337,338,339,340,341,342,343,344,345,346,384,388,395,424,425,426,427,428,429,430,431,461,462,463,477,478,479,480,481,482,483,505,506,624,625,626,627,628,629,630,
380;0;6786;6798;0;0,27,36,38,53,77,80,81,82,83,84,85,86,87,88,90,98,100,102,103,104,105,106,107,135,151,153,154,155,171,177,178,179,180,181,182,216,218,301,312,337,338,339,340,341,342,343,344,345,346,384,388,395,424,425,426,427,428,429,430,431,461,462,463,477,478,479,480,481,482,483,505,506,624,625,626,627,628,629,630,
251;0;6798;6837;1;0,27,36,38,53,77,80,81,82,83,84,85,86,87,88,90,98,100,102,103,104,105,106,107,135,151,153,154,155,171,177,178,179,180,181,182,216,218,301,312,337,338,339,340,341,342,343,344,345,346,384,388,395,424,425,426,427,428,429,430,431,461,462,463,477,478,479,480,481,482,483,505,506,624,625,626,627,628,629,630,
251;1;6837;6933;1;0,27,36,38,53,77,80,81,82,83,84,85,86,87,88,90,98,100,102,103,104,105,106,107,135,151,153,154,155,171,177,178,179,180,181,182,216,218,301,312,337,338,339,340,341,342,343,344,345,346,384,388,395,424,425,426,427,428,429,430,431,461,462,463,477,478,479,480,481,482,483,505,506,624,625,626,627,628,629,630,
124;0;6933;7054;1;0,27,36,38,53,77,80,81,82,83,84,85,86,87,88,90,98,100,102,103,104,105,106,107,135,151,153,154,155,171,177,178,179,180,181,182,216,218,301,312,337,338,339,340,341,342,343,344,345,346,384,388,395,424,425,426,427,428,429,430,431,461,462,463,477,478,479,480,481,482,483,505,506,624,625,626,627,628,629,630,
124;1;7054;7068;1;0,27,36,38,53,77,80,81,82,83,84,85,86,87,88,90,98,100,102,103,104,105,106,107,135,151,153,154,155,171,177,178,179,180,181,182,216,218,301,312,337,338,339,340,341,342,343,344,345,346,384,388,395,424,425,426,427,428,429,430,431,461,462,463,477,478,479,480,481,482,483,505,506,624,625,626,627,628,629,630,
107;0;7068;7080;0;0,27,36,38,53,77,80,81,82,83,84,85,86,87,88,90,98,100,102,103,104,105,106,107,135,151,153,154,155,171,177,178,179,180,181,182,216,218,301,312,337,338,339,340,341,342,343,344,345,346,384,388,395,424,425,426,427,428,429,430,431,461,462,463,477,478,479,480,481,482,483,505,506,624,625,626,627,628,629,630,
39;0;7080;7253;1;0,27,36,38,53,77,80,81,82,83,84,85,86,87,88,90,98,100,102,103,104,105,106,107,135,151,153,154,155,171,177,178,179,180,181,182,216,218,301,312,337,338,339,340,341,342,343,344,345,346,384,388,395,424,425,426,427,428,429,430,431,461,462,463,477,478,479,480,481,482,483,505,506,624,625,626,627,628,629,630,
39;1;7253;7404;1;0,27,36,38,53,77,80,81,82,83,84,85,86,87,88,90,98,100,102,103,104,105,106,107,135,151,153,154,155,171,177,178,179,180,181,182,216,218,301,312,337,338,339,340,341,342,343,344,345,346,384,388,395,424,425,426,427,428,429,430,431,461,462,463,477,478,479,480,481,482,483,505,506,624,625,626,627,628,629,630,
391;0;7404;7465;1;0,27,36,38,53,77,80,81,82,83,84,85,86,87,88,90,98,100,102,103,104,105,106,107,135,151,153,154,155,171,177,178,179,180,181,182,216,218,301,312,337,338,339,340,341,342,343,344,345,346,384,388,395,424,425,426,427,428,429,430,431,461,462,463,477,478,479,480,481,482,483,505,506,624,625,626,627,628,629,630,
391;1;7465;7555;1;0,27,36,38,53,77,80,81,82,83,84,85,86,87,88,90,98,100,102,103,104,105,106,107,135,151,153,154,155,171,177,178,179,180,181,182,216,218,301,312,337,338,339,340,341,342,343,344,345,346,384,388,395,424,425,426,427,428,429,430,431,461,462,463,477,478,479,480,481,482,483,505,506,624,625,626,627,628,629,630,
272;0;7555;7567;0;0,27,36,38,53,77,80,81,82,83,84,85,86,87,88,90,98,100,102,103,104,105,106,107,135,151,153,154,155,171,177,178,179,180,181,182,216,218,301,312,337,338,339,340,341,342,343,344,345,346,384,388,395,424,425,426,427,428,429,430,431,461,462,463,477,478,479,480,481,482,483,505,506,624,625,626,627,628,629,630,
318;0;7567;7608;0;0,27,36,38,53,77,80,81,82,83,84,85,86,87,88,90,98,100,102,103,104,105,106,107,135,151,153,154,155,171,177,178,179,180,181,182,216,218,301,312,337,338,339,340,341,342,343,344,345,346,384,388,395,424,425,426,427,428,429,430,431,461,462,463,477,478,479,480,481,482,483,505,506,624,625,626,627,628,629,630,
318;1;7608;7692;0;0,27,36,38,53,77,80,81,82,83,84,85,86,87,88,90,98,100,102,103,104,105,106,107,135,151,153,154,155,171,177,178,179,180,181,182,216,218,301,312,337,338,339,340,341,342,343,344,345,346,384,388,395,424,425,426,427,428,429,430,431,461,462,463,477,478,479,480,481,482,483,505,506,624,625,626,627,628,629,630,
336;0;7692;7761;1;0,27,36,38,53,77,80,81,82,83,84,85,86,87,88,90,98,100,102,103,104,105,106,107,135,151,153,154,155,171,177,178,179,180,181,182,216,218,301,312,337,338,339,340,341,342,343,344,345,346,384,388,395,424,425,426,427,428,429,430,431,461,462,463,477,478,479,480,481,482,483,505,506,624,625,626,627,628,629,630,
336;1;7761;7794;1;0,27,36,38,53,77,80,81,82,83,84,85,86,87,88,90,98,100,102,103,104,105,106,107,135,151,153,154,155,171,177,178,179,180,181,182,216,218,301,312,337,338,339,340,341,342,343,344,345,346,384,388,395,424,425,426,427,428,429,430,431,461,462,463,477,478,479,480,481,482,483,505,506,624,625,626,627,628,629,630,
327;0;7794;7914;0;0,27,36,38,53,77,80,81,82,83,84,85,86,87,88,90,98,100,102,103,104,105,106,107,135,151,153,154,155,171,177,178,179,180,181,182,216,218,301,312,337,338,339,340,341,342,343,344,345,346,384,388,395,424,425,426,427,428,429,430,431,461,462,463,477,478,479,480,481,482,483,505,506,624,625,626,627,628,629,630,
173;0;7914;8059;0;0,24,27,36,38,53,77,80,81,82,83,84,85,86,87,88,90,100,102,103,104,105,106,107,134,156,158,171,218,245,269,270,271,272,273,274,275,276,337,338,339,340,341,342,343,344,345,346,395,424,425,426,427,428,429,430,431,432,433,549,550,551,552,553,554,555,611,762,763,764,765,766,767,768,769,770,771,772,773,774,
173;1;8059;8073;0;0,24,27,36,38,53,77,80,81,82,83,84,85,86,87,88,90,100,102,103,104,105,106,107,134,156,158,171,218,245,269,270,271,272,273,274,275,276,337,338,339,340,341,342,343,344,345,346,395,424,425,426,427,428,429,430,431,432,433,549,550,551,552,553,554,555,611,762,763,764,765,766,767,768,769,770,771,772,773,774,
209;0;8073;8212;1;0,24,27,36,38,53,77,80,81,82,83,84,85,86,87,88,90,100,102,103,104,105,106,107,134,156,158,171,218,245,269,270,271,272,273,274,275,276,337,338,339,340,341,342,343,344,345,346,395,424,425,426,427,428,429,430,431,432,433,549,550,551,552,553,554,555,611,762,763,764,765,766,767,768,769,770,771,772,773,774,
209;1;8212;8248;1;0,24,27,36,38,53,77,80,81,82,83,84,85,86,87,88,90,100,102,103,104,105,106,107,134,156,158,171,218,245,269,270,271,272,273,274,275,276,337,338,339,340,341,342,343,344,345,346,395,424,425,426,427,428,429,430,431,432,433,549,550,551,552,553,554,555,611,762,763,764,765,766,767,768,769,770,771,772,773,774,
246;0;8248;8289;1;0,24,27,36,38,53,77,80,81,82,83,84,85,86,87,88,90,100,102,103,104,105,106,107,134,156,158,171,218,245,269,270,271,272,273,274,275,276,337,338,339,340,341,342,343,344,345,346,395,424,425,426,427,428,429,430,431,432,433,549,550,551,552,553,554,555,611,762,763,764,765,766,767,768,769,770,771,772,773,774,
246;1;8289;8404;1;0,24,27,36,38,53,77,80,81,82,83,84,85,86,87,88,90,100,102,103,104,105,106,107,134,156,158,171,218,245,269,270,271,272,273,274,275,276,337,338,339,340,341,342,343,344,345,346,395,424,425,426,427,428,429,430,431,432,433,549,550,551,552,553,554,555,611,762,763,764,765,766,767,768,769,770,771,772,773,774,
49;0;8404;8568;1;0,24,27,36,38,53,77,80,81,82,83,84,85,86,87,88,90,100,102,103,104,105,106,107,134,156,158,171,218,245,269,270,271,272,273,274,275,276,337,338,339,340,341,342,343,344,345,346,395,424,425,426,427,428,429,430,431,432,433,549,550,551,552,553,554,555,611,762,763,764,765,766,767,768,769,770,771,772,773,774,
49;1;8568;8641;1;0,24,27,36,38,53,77,80,81,82,83,84,85,86,87,88,90,100,102,103,104,105,106,107,134,156,158,171,218,245,269,270,271,272,273,274,275,276,337,338,339,340,341,342,343,344,345,346,395,424,425,426,427,428,429,430,431,432,433,549,550,551,552,553,554,555,611,762,763,764,765,766,767,768,769,770,771,772,773,774,
71;0;8641;8760;1;0,24,27,36,38,53,77,80,81,82,83,84,85,86,87,88,90,100,102,103,104,105,106,107,134,156,158,171,218,245,269,270,271,272,273,274,275,276,337,338,339,340,341,342,343,344,345,346,395,424,425,426,427,428,429,430,431,432,433,549,550,551,552,553,554,555,611,762,763,764,765,766,767,768,769,770,771,772,773,774,
71;1;8760;8911;1;0,24,27,36,38,53,77,80,81,82,83,84,85,86,87,88,90,100,102,103,104,105,106,107,134,156,158,171,218,245,269,270,271,272,273,274,275,276,337,338,339,340,341,342,343,344,345,346,395,424,425,426,427,428,429,430,431,432,433,549,550,551,552,553,554,555,611,762,763,764,765,766,767,768,769,770,771,772,773,774,
95;0;8911;9048;0;0,24,27,36,38,53,77,80,81,82,83,84,85,86,87,88,90,100,102,103,104,105,106,107,134,156,158,171,218,245,269,270,271,272,273,274,275,276,337,338,339,340,341,342,343,344,345,346,395,424,425,426,427,428,429,430,431,432,433,549,550,551,552,553,554,555,611,762,763,764,765,766,767,768,769,770,771,772,773,774,
69;0;9048;9227;1;0,24,27,36,38,53,77,80,81,82,83,84,85,86,87,88,90,100,102,103,104,105,106,107,134,156,158,171,218,245,269,270,271,272,273,274,275,276,337,338,339,340,341,342,343,344,345,346,395,424,425,426,427,428,429,430,431,432,433,549,550,551,552,553,554,555,611,762,763,764,765,766,767,768,769,770,771,772,773,774,
69;1;9227;9260;1;0,24,27,36,38,53,77,80,81,82,83,84,85,86,87,88,90,100,102,103,104,105,106,107,134,156,158,171,218,245,269,270,271,272,273,274,275,276,337,338,339,340,341,342,343,344,345,346,395,424,425,426,427,428,429,430,431,432,433,549,550,551,552,553,554,555,611,762,763,764,765,766,767,768,769,770,771,772,773,774,
333;0;9260;9346;0;0,24,27,36,38,53,77,80,81,82,83,84,85,86,87,88,90,100,102,103,104,105,106,107,134,156,158,171,218,245,269,270,271,272,273,274,275,276,337,338,339,340,341,342,343,344,345,346,395,424,425,426,427,428,429,430,431,432,433,549,550,551,552,553,554,555,611,762,763,764,765,766,767,768,769,770,771,772,773,774,
333;1;9346;9408;0;0,24,27,36,38,53,77,80,81,82,83,84,85,86,87,88,90,100,102,103,104,105,106,107,134,156,158,171,218,245,269,270,271,272,273,274,275,276,337,338,339,340,341,342,343,344,345,346,395,424,425,426,427,428,429,430,431,432,433,549,550,551,552,553,554,555,611,762,763,764,765,766,767,768,769,770,771,772,773,774,
221;0;9408;9485;1;0,24,27,36,38,53,77,80,81,82,83,84,85,86,87,88,90,100,102,103,104,105,106,107,134,156,158,171,218,245,269,270,271,272,273,274,275,276,337,338,339,340,341,342,343,344,345,346,395,424,425,426,427,428,429,430,431,432,433,549,550,551,552,553,554,555,611,762,763,764,765,766,767,768,769,770,771,772,773,774,
221;1;9485;9518;1;0,24,27,36,38,53,77,80,81,82,83,84,85,86,87,88,90,100,102,103,104,105,106,107,134,156,158,171,218,245,269,270,271,272,273,274,275,276,337,338,339,340,341,342,343,344,345,346,395,424,425,426,427,428,429,430,431,432,433,549,550,551,552,553,554,555,611,762,763,764,765,766,767,768,769,770,771,772,773,774,
224;0;9518;9595;1;0,24,27,36,38,53,77,80,81,82,83,84,85,86,87,88,90,100,102,103,104,105,106,107,134,156,158,171,218,245,269,270,271,272,273,274,275,276,337,338,339,340,341,342,343,344,345,346,395,424,425,426,427,428,429,430,431,432,433,549,550,551,552,553,554,555,611,762,763,764,765,766,767,768,769,770,771,772,773,774,
224;1;9595;9668;1;0,24,27,36,38,53,77,80,81,82,83,84,85,86,87,88,90,100,102,103,104,105,106,107,134,156,158,171,218,245,269,270,271,272,273,274,275,276,337,338,339,340,341,342,343,344,345,346,395,424,425,426,427,428,429,430,431,432,433,549,550,551,552,553,554,555,611,762,763,764,765,766,767,768,769,770,771,772,773,774,
379;0;9668;9717;1;0,24,27,36,38,53,77,80,81,82,83,84,85,86,87,88,90,100,102,103,104,105,106,107,134,156,158,171,218,245,269,270,271,272,273,274,275,276,337,338,339,340,341,342,343,344,345,346,395,424,425,426,427,428,429,430,431,432,433,549,550,551,552,553,554,555,611,762,763,764,765,766,767,768,769,770,771,772,773,774,
379;1;9717;9854;1;0,24,27,36,38,53,77,80,81,82,83,84,85,86,87,88,90,100,102,103,104,105,106,107,134,156,158,171,218,245,269,270,271,272,273,274,275,276,337,338,339,340,341,342,343,344,345,346,395,424,425,426,427,428,429,430,431,432,433,549,550,551,552,553,554,555,611,762,763,764,765,766,767,768,769,770,771,772,773,774,
152;0;9854;9935;0;0,24,27,36,38,53,77,80,81,82,83,84,85,86,87,88,90,100,102,103,104,105,106,107,134,156,158,171,218,245,269,270,271,272,273,274,275,276,337,338,339,340,341,342,343,344,345,346,395,424,425,426,427,428,429,430,431,432,433,549,550,551,552,553,554,555,611,762,763,764,765,766,767,768,769,770,771,772,773,774,
Machine: 1
114;0;0;29;1;27,36,48,73,77,89,94,96,135,151,154,196,199,220,301,319,384,386,389,410,450,477,478,479,480,481,482,483,496,509,511,556,567,664,682,689,690,691,692,693,694,695,696,697,698,699,700,701,702,703,704,705,706,707,708,709,710,711,712,713,714,715,716,717,718,719,720,721,722,723,724,725,726,727,728,729,730,731,732,733,
114;1;29;110;1;27,36,48,73,77,89,94,96,135,151,154,196,199,220,301,319,384,386,389,410,450,477,478,479,480,481,482,483,496,509,511,556,567,664,682,689,690,691,692,693,694,695,696,697,698,699,700,701,702,703,704,705,706,707,708,709,710,711,712,713,714,715,716,717,718,719,720,721,722,723,724,725,726,727,728,729,730,731,732,733,
301;0;110;285;1;27,36,48,73,77,89,94,96,135,151,154,196,199,220,301,319,384,386,389,410,450,477,478,479,480,481,482,483,496,509,511,556,567,664,682,689,690,691,692,693,694,695,696,697,698,699,700,701,702,703,704,705,706,707,708,709,710,711,712,713,714,715,716,717,718,719,720,721,722,723,724,725,726,727,728,729,730,731,732,733,
301;1;285;364;1;27,36,48,73,77,89,94,96,135,151,154,196,199,220,301,319,384,386,389,410,450,477,478,479,480,481,482,483,496,509,511,556,567,664,682,689,690,691,692,693,694,695,696,697,698,699,700,701,702,703,704,705,706,707,708,709,710,711,712,713,714,715,716,717,718,719,720,721,722,723,724,725,726,727,728,729,730,731,732,733,
346;0;364;523;1;27,36,48,73,77,89,94,96,135,151,154,196,199,220,301,319,384,386,389,410,450,477,478,479,480,481,482,483,496,509,511,556,567,664,682,689,690,691,692,693,694,695,696,697,698,699,700,701,702,703,704,705,706,707,708,709,710,711,712,713,714,715,716,717,718,719,720,721,722,723,724,725,726,727,728,729,730,731,732,733,
346;1;523;604;1;27,36,48,73,77,89,94,96,135,151,154,196,199,220,301,319,384,386,389,410,450,477,478,479,480,481,482,483,496,509,511,556,567,664,682,689,690,691,692,693,694,695,696,697,698,699,700,701,702,703,704,705,706,707,708,709,710,711,712,713,714,715,716,717,718,719,720,721,722,723,724,725,726,727,728,729,730,731,732,733,
181;0;604;691;1;22,27,29,36,38,48,54,55,56,57,58,59,60,61,62,73,77,85,88,89,90,94,96,103,105,112,113,115,116,135,151,154,155,169,170,171,172,194,196,199,207,208,216,220,250,267,283,301,305,316,317,319,331,332,333,334,335,336,361,362,363,364,450,464,465,466,467,510,511,512,513,514,515,516,517,518,519,520,521,682,
181;1;691;791;1;22,27,29,36,38,48,54,55,56,57,58,59,60,61,62,73,77,85,88,89,90,94,96,103,105,112,113,115,116,135,151,154,155,169,170,171,172,194,196,199,207,208,216,220,250,267,283,301,305,316,317,319,331,332,333,334,335,336,361,362,363,364,450,464,465,466,467,510,511,512,513,514,515,516,517,518,519,520,521,682,
158;0;791;842;0;22,27,29,36,38,48,54,55,56,57,58,59,60,61,62,73,77,85,88,89,90,94,96,103,105,112,113,115,116,135,151,154,155,169,170,171,172,194,196,199,207,208,216,220,250,267,283,301,305,316,317,319,331,332,333,334,335,336,361,362,363,364,450,464,465,466,467,510,511,512,513,514,515,516,517,518,519,520,521,682,
158;1;842;936;0;22,27,29,36,38,48,54,55,56,57,58,59,60,61,62,73,77,85,88,89,90,94,96,103,105,112,113,115,116,135,151,154,155,169,170,171,172,194,196,199,207,208,216,220,250,267,283,301,305,316,317,319,331,332,333,334,335,336,361,362,363,364,450,464,465,466,467,510,511,512,513,514,515,516,517,518,519,520,521,682,
305;0;936;1112;0;22,27,29,36,38,48,54,55,56,57,58,59,60,61,62,73,77,85,88,89,90,94,96,103,105,112,113,115,116,135,151,154,155,169,170,171,172,194,196,199,207,208,216,220,250,267,283,301,305,316,317,319,331,332,333,334,335,336,361,362,363,364,450,464,465,466,467,510,511,512,513,514,515,516,517,518,519,520,521,682,
211;0;1112;1195;1;22,27,29,36,38,48,54,55,56,57,58,59,60,61,62,73,77,85,88,89,90,94,96,103,105,112,113,115,116,135,151,154,155,169,170,171,172,194,196,199,207,208,216,220,250,267,283,301,305,316,317,319,331,332,333,334,335,336,361,362,363,364,450,464,465,466,467,510,511,512,513,514,515,516,517,518,519,520,521,682,
211;1;1195;1272;1;22,27,29,36,38,48,54,55,56,57,58,59,60,61,62,73,77,85,88,89,90,94,96,103,105,112,113,115,116,135,151,154,155,169,170,171,172,194,196,199,207,208,216,220,250,267,283,301,305,316,317,319,331,332,333,334,335,336,361,362,363,364,450,464,465,466,467,510,511,512,513,514,515,516,517,518,519,520,521,682,
128;0;1272;1373;0;22,27,29,36,38,48,54,55,56,57,58,59,60,61,62,73,77,85,88,89,90,94,96,103,105,112,113,115,116,135,151,154,155,169,170,171,172,194,196,199,207,208,216,220,250,267,283,301,305,316,317,319,331,332,333,334,335,336,361,362,363,364,450,464,465,466,467,510,511,512,513,514,515,516,517,518,519,520,521,682,
128;1;1373;1451;0;22,27,29,36,38,48,54,55,56,57,58,59,60,61,62,73,77,85,88,89,90,94,96,103,105,112,113,115,116,135,151,154,155,169,170,171,172,194,196,199,207,208,216,220,250,267,283,301,305,316,317,319,331,332,333,334,335,336,361,362,363,364,450,464,465,466,467,510,511,512,513,514,515,516,517,518,519,520,521,682,
388;0;1451;1531;0;22,27,29,36,38,48,54,55,56,57,58,59,60,61,62,73,77,85,88,89,90,94,96,103,105,112,113,115,116,135,151,154,155,169,170,171,172,194,196,199,207,208,216,220,250,267,283,301,305,316,317,319,331,332,333,334,335,336,361,362,363,364,450,464,465,466,467,510,511,512,513,514,515,516,517,518,519,520,521,682,
388;1;1531;1693;0;22,27,29,36,38,48,54,55,56,57,58,59,60,61,62,73,77,85,88,89,90,94,96,103,105,112,113,115,116,135,151,154,155,169,170,171,172,194,196,199,207,208,216,220,250,267,283,301,305,316,317,319,331,332,333,334,335,336,361,362,363,364,450,464,465,466,467,510,511,512,513,514,515,516,517,518,519,520,521,682,
320;0;1693;1738;0;22,27,29,36,38,48,54,55,56,57,58,59,60,61,62,73,77,85,88,89,90,94,96,103,105,112,113,115,116,135,151,154,155,169,170,171,172,194,196,199,207,208,216,220,250,267,283,301,305,316,317,319,331,332,333,334,335,336,361,362,363,364,450,464,465,466,467,510,511,512,513,514,515,516,517,518,519,520,521,682,
335;0;1738;1832;0;22,27,29,36,38,48,54,55,56,57,58,59,60,61,62,73,77,85,88,89,90,94,96,103,105,112,113,115,116,135,151,154,155,169,170,171,172,194,196,199,207,208,216,220,250,267,283,301,305,316,317,319,331,332,333,334,335,336,361,362,363,364,450,464,465,466,467,510,511,512,513,514,515,516,517,518,519,520,521,682,
341;0;1832;1930;1;22,27,29,36,38,48,54,55,56,57,58,59,60,61,62,73,77,85,88,89,90,94,96,103,105,112,113,115,116,135,151,154,155,169,170,171,172,194,196,199,207,208,216,220,250,267,283,301,305,316,317,319,331,332,333,334,335,336,361,362,363,364,450,464,465,466,467,510,511,512,513,514,515,516,517,518,519,520,521,682,
341;1;1930;2030;1;22,27,29,36,38,48,54,55,56,57,58,59,60,61,62,73,77,85,88,89,90,94,96,103,105,112,113,115,116,135,151,154,155,169,170,171,172,194,196,199,207,208,216,220,250,267,283,301,305,316,317,319,331,332,333,334,335,336,361,362,363,364,450,464,465,466,467,510,511,512,513,514,515,516,517,518,519,520,521,682,
167;0;2030;2081;0;22,27,29,36,38,48,54,55,56,57,58,59,60,61,62,73,77,85,88,89,90,94,96,103,105,112,113,115,116,135,151,154,155,169,170,171,172,194,196,199,207,208,216,220,250,267,283,301,305,316,317,319,331,332,333,334,335,336,361,362,363,364,450,464,465,466,467,510,511,512,513,514,515,516,517,518,519,520,521,682,
334;0;2081;2141;1;22,27,29,36,38,48,54,55,56,57,58,59,60,61,62,73,77,85,88,89,90,94,96,103,105,112,113,115,116,135,151,154,155,169,170,171,172,194,196,199,207,208,216,220,250,267,283,301,305,316,317,319,331,332,333,334,335,336,361,362,363,364,450,464,465,466,467,510,511,512,513,514,515,516,517,518,519,520,521,682,
334;1;2141;2277;1;22,27,29,36,38,48,54,55,56,57,58,59,60,61,62,73,77,85,88,89,90,94,96,103,105,112,113,115,116,135,151,154,155,169,170,171,172,194,196,199,207,208,216,220,250,267,283,301,305,316,317,319,331,332,333,334,335,336,361,362,363,364,450,464,465,466,467,510,511,512,513,514,515,516,517,518,519,520,521,682,
304;0;2277;2413;1;22,27,29,36,38,48,54,55,56,57,58,59,60,61,62,73,77,85,88,89,90,94,96,103,105,112,113,115,116,135,151,154,155,169,170,171,172,194,196,199,207,208,216,220,250,267,283,301,305,316,317,319,331,332,333,334,335,336,361,362,363,364,450,464,465,466,467,510,511,512,513,514,515,516,517,518,519,520,521,682,
304;1;2413;2491;1;22,27,29,36,38,48,54,55,56,57,58,59,60,61,62,73,77,85,88,89,90,94,96,103,105,112,113,115,116,135,151,154,155,169,170,171,172,194,196,199,207,208,216,220,250,267,283,301,305,316,317,319,331,332,333,334,335,336,361,362,363,364,450,464,465,466,467,510,511,512,513,514,515,516,517,518,519,520,521,682,
98;0;2491;2512;0;22,27,29,36,38,48,54,55,56,57,58,59,60,61,62,73,77,85,88,89,90,94,96,103,105,112,113,115,116,135,151,154,155,169,170,171,172,194,196,199,207,208,216,220,250,267,283,301,305,316,317,319,331,332,333,334,335,336,361,362,363,364,450,464,465,466,467,510,511,512,513,514,515,516,517,518,519,520,521,682,
98;1;2512;2669;0;22,27,29,36,38,48,54,55,56,57,58,59,60,61,62,73,77,85,88,89,90,94,96,103,105,112,113,115,116,135,151,154,155,169,170,171,172,194,196,199,207,208,216,220,250,267,283,301,305,316,317,319,331,332,333,334,335,336,361,362,363,364,450,464,465,466,467,510,511,512,513,514,515,516,517,518,519,520,521,682,
28;0;2669;2696;0;22,27,29,36,38,48,54,55,56,57,58,59,60,61,62,73,77,85,88,89,90,94,96,103,105,112,113,115,116,135,151,154,155,169,170,171,172,194,196,199,207,208,216,220,250,267,283,301,305,316,317,319,331,332,333,334,335,336,361,362,363,364,450,464,465,466,467,510,511,512,513,514,515,516,517,518,519,520,521,682,
28;1;2696;2840;0;22,27,29,36,38,48,54,55,56,57,58,59,60,61,62,73,77,85,88,89,90,94,96,103,105,112,113,115,116,135,151,154,155,169,170,171,172,194,196,199,207,208,216,220,250,267,283,301,305,316,317,319,331,332,333,334,335,336,361,362,363,364,450,464,465,466,467,510,511,512,513,514,515,516,517,518,519,520,521,682,
106;0;2840;3010;1;22,27,29,36,38,48,54,55,56,57,58,59,60,61,62,73,77,85,88,89,90,94,96,103,105,112,113,115,116,135,151,154,155,169,170,171,172,194,196,199,207,208,216,220,250,267,283,301,305,316,317,319,331,332,333,334,335,336,361,362,363,364,450,464,465,466,467,510,511,512,513,514,515,516,517,518,519,520,521,682,
106;1;3010;3172;1;22,27,29,36,38,48,54,55,56,57,58,59,60,61,62,73,77,85,88,89,90,94,96,103,105,112,113,115,116,135,151,154,155,169,170,171,172,194,196,199,207,208,216,220,250,267,283,301,305,316,317,319,331,332,333,334,335,336,361,362,363,364,450,464,465,466,467,510,511,512,513,514,515,516,517,518,519,520,521,682,
164;0;3172;3238;1;22,27,29,36,38,48,54,55,56,57,58,59,60,61,62,73,77,85,88,89,90,94,96,103,105,112,113,115,116,135,151,154,155,169,170,171,172,194,196,199,207,208,216,220,250,267,283,301,305,316,317,319,331,332,333,334,335,336,361,362,363,364,450,464,465,466,467,510,511,512,513,514,515,516,517,518,519,520,521,682,
164;1;3238;3283;1;22,27,29,36,38,48,54,55,56,57,58,59,60,61,62,73,77,85,88,89,90,94,96,103,105,112,113,115,116,135,151,154,155,169,170,171,172,194,196,199,207,208,216,220,250,267,283,301,305,316,317,319,331,332,333,334,335,336,361,362,363,364,450,464,465,466,467,510,511,512,513,514,515,516,517,518,519,520,521,682,
127;0;3283;3440;0;22,27,29,36,38,48,54,55,56,57,58,59,60,61,62,73,77,85,88,89,90,94,96,103,105,112,113,115,116,135,151,154,155,169,170,171,172,194,196,199,207,208,216,220,250,267,283,301,305,316,317,319,331,332,333,334,335,336,361,362,363,364,450,464,465,466,467,510,511,512,513,514,515,516,517,518,519,520,521,682,
288;0;3440;3564;0;20,21,22,23,24,25,26,27,28,29,36,38,48,85,89,90,94,96,105,112,115,116,135,151,154,155,177,194,196,199,207,208,216,220,250,251,267,283,301,305,316,331,332,333,334,335,336,349,361,362,363,364,375,464,465,466,467,491,510,511,512,513,522,666,667,668,669,670,671,672,673,674,675,676,677,678,679,680,681,682,
288;1;3564;3651;0;20,21,22,23,24,25,26,27,28,29,36,38,48,85,89,90,94,96,105,112,115,116,135,151,154,155,177,194,196,199,207,208,216,220,250,251,267,283,301,305,316,331,332,333,334,335,336,349,361,362,363,364,375,464,465,466,467,491,510,511,512,513,522,666,667,668,669,670,671,672,673,674,675,676,677,678,679,680,681,682,
68;0;3651;3779;0;20,21,22,23,24,25,26,27,28,29,36,38,48,85,89,90,94,96,105,112,115,116,135,151,154,155,177,194,196,199,207,208,216,220,250,251,267,283,301,305,316,331,332,333,334,335,336,349,361,362,363,364,375,464,465,466,467,491,510,511,512,513,522,666,667,668,669,670,671,672,673,674,675,676,677,678,679,680,681,682,
68;1;3779;3941;0;20,21,22,23,24,25,26,27,28,29,36,38,48,85,89,90,94,96,105,112,115,116,135,151,154,155,177,194,196,199,207,208,216,220,250,251,267,283,301,305,316,331,332,333,334,335,336,349,361,362,363,364,375,464,465,466,467,491,510,511,512,513,522,666,667,668,669,670,671,672,673,674,675,676,677,678,679,680,681,682,
2;0;3941;4113;1;20,21,22,23,24,25,26,27,28,29,36,38,48,85,89,90,94,96,105,112,115,116,135,151,154,155,177,194,196,199,207,208,216,220,250,251,267,283,301,305,316,331,332,333,334,335,336,349,361,362,363,364,375,464,465,466,467,491,510,511,512,513,522,666,667,668,669,670,671,672,673,674,675,676,677,678,679,680,681,682,
295;0;4113;4200;0;20,21,22,23,24,25,26,27,28,29,36,38,48,85,89,90,94,96,105,112,115,116,135,151,154,155,177,194,196,199,207,208,216,220,250,251,267,283,301,305,316,331,332,333,334,335,336,349,361,362,363,364,375,464,465,466,467,491,510,511,512,513,522,666,667,668,669,670,671,672,673,674,675,676,677,678,679,680,681,682,
372;0;4200;4296;0;20,21,22,23,24,25,26,27,28,29,36,38,48,85,89,90,94,96,105,112,115,116,135,151,154,155,177,194,196,199,207,208,216,220,250,251,267,283,301,305,316,331,332,333,334,335,336,349,361,362,363,364,375,464,465,466,467,491,510,511,512,513,522,666,667,668,669,670,671,672,673,674,675,676,677,678,679,680,681,682,
171;0;4296;4332;1;20,21,22,23,24,25,26,27,28,29,36,38,48,85,89,90,94,96,105,112,115,116,135,151,154,155,177,194,196,199,207,208,216,220,250,251,267,283,301,305,316,331,332,333,334,335,336,349,361,362,363,364,375,464,465,466,467,491,510,511,512,513,522,666,667,668,669,670,671,672,673,674,675,676,677,678,679,680,681,682,
171;1;4332;4508;1;20,21,22,23,24,25,26,27,28,29,36,38,48,85,89,90,94,96,105,112,115,116,135,151,154,155,177,194,196,199,207,208,216,220,250,251,267,283,301,305,316,331,332,333,334,335,336,349,361,362,363,364,375,464,465,466,467,491,510,511,512,513,522,666,667,668,669,670,671,672,673,674,675,676,677,678,679,680,681,682,
77;0;4508;4553;0;20,21,22,23,24,25,26,27,28,29,36,38,48,85,89,90,94,96,105,112,115,116,135,151,154,155,177,194,196,199,207,208,216,220,250,251,267,283,301,305,316,331,332,333,334,335,336,349,361,362,363,364,375,464,465,466,467,491,510,511,512,513,522,666,667,668,669,670,671,672,673,674,675,676,677,678,679,680,681,682,
266;0;4553;4630;1;20,21,22,23,24,25,26,27,28,29,36,38,48,85,89,90,94,96,105,112,115,116,135,151,154,155,177,194,196,199,207,208,216,220,250,251,267,283,301,305,316,331,332,333,334,335,336,349,361,362,363,364,375,464,465,466,467,491,510,511,512,513,522,666,667,668,669,670,671,672,673,674,675,676,677,678,679,680,681,682,
266;1;4630;4708;1;20,21,22,23,24,25,26,27,28,29,36,38,48,85,89,90,94,96,105,112,115,116,135,151,154,155,177,194,196,199,207,208,216,220,250,251,267,283,301,305,316,331,332,333,334,335,336,349,361,362,363,364,375,464,465,466,467,491,510,511,512,513,522,666,667,668,669,670,671,672,673,674,675,676,677,678,679,680,681,682,
94;0;4708;4712;1;20,21,22,23,24,25,26,27,28,29,36,38,48,85,89,90,94,96,105,112,115,116,135,151,154,155,177,194,196,199,207,208,216,220,250,251,267,283,301,305,316,331,332,333,334,335,336,349,361,362,363,364,375,464,465,466,467,491,510,511,512,513,522,666,667,668,669,670,671,672,673,674,675,676,677,678,679,680,681,682,
94;1;4712;4757;1;20,21,22,23,24,25,26,27,28,29,36,38,48,85,89,90,94,96,105,112,115,116,135,151,154,155,177,194,196,199,207,208,216,220,250,251,267,283,301,305,316,331,332,333,334,335,336,349,361,362,363,364,375,464,465,466,467,491,510,511,512,513,522,666,667,668,669,670,671,672,673,674,675,676,677,678,679,680,681,682,
384;0;4757;4837;1;20,21,22,23,24,25,26,27,28,29,36,38,48,85,89,90,94,96,105,112,115,116,135,151,154,155,177,194,196,199,207,208,216,220,250,251,267,283,301,305,316,331,332,333,334,335,336,349,361,362,363,364,375,464,465,466,467,491,510,511,512,513,522,666,667,668,669,670,671,672,673,674,675,676,677,678,679,680,681,682,
384;1;4837;4999;1;20,21,22,23,24,25,26,27,28,29,36,38,48,85,89,90,94,96,105,112,115,116,135,151,154,155,177,194,196,199,207,208,216,220,250,251,267,283,301,305,316,331,332,333,334,335,336,349,361,362,363,364,375,464,465,466,467,491,510,511,512,513,522,666,667,668,669,670,671,672,673,674,675,676,677,678,679,680,681,682,
151;0;4999;5129;1;20,21,22,23,24,25,26,27,28,29,36,37,38,39,40,41,42,43,44,45,46,47,48,49,50,51,52,85,89,90,91,92,93,94,95,96,97,105,112,115,116,135,151,154,155,177,186,194,196,199,207,208,216,220,250,251,263,264,265,266,267,268,283,305,316,349,373,374,375,376,377,378,379,380,381,382,464,465,466,467,
151;1;5129;5181;1;20,21,22,23,24,25,26,27,28,29,36,37,38,39,40,41,42,43,44,45,46,47,48,49,50,51,52,85,89,90,91,92,93,94,95,96,97,105,112,115,116,135,151,154,155,177,186,194,196,199,207,208,216,220,250,251,263,264,265,266,267,268,283,305,316,349,373,374,375,376,377,378,379,380,381,382,464,465,466,467,
4;0;5181;5233;1;20,21,22,23,24,25,26,27,28,29,36,37,38,39,40,41,42,43,44,45,46,47,48,49,50,51,52,85,89,90,91,92,93,94,95,96,97,105,112,115,116,135,151,154,155,177,186,194,196,199,207,208,216,220,250,251,263,264,265,266,267,268,283,305,316,349,373,374,375,376,377,378,379,380,381,382,464,465,466,467,
4;1;5233;5277;1;20,21,22,23,24,25,26,27,28,29,36,37,38,39,40,41,42,43,44,45,46,47,48,49,50,51,52,85,89,90,91,92,93,94,95,96,97,105,112,115,116,135,151,154,155,177,186,194,196,199,207,208,216,220,250,251,263,264,265,266,267,268,283,305,316,349,373,374,375,376,377,378,379,380,381,382,464,465,466,467,
12;0;5277;5424;0;20,21,22,23,24,25,26,27,28,29,36,37,38,39,40,41,42,43,44,45,46,47,48,49,50,51,52,85,89,90,91,92,93,94,95,96,97,105,112,115,116,135,151,154,155,177,186,194,196,199,207,208,216,220,250,251,263,264,265,266,267,268,283,305,316,349,373,374,375,376,377,378,379,380,381,382,464,465,466,467,
285;0;5424;5476;0;20,21,22,23,24,25,26,27,28,29,36,37,38,39,40,41,42,43,44,45,46,47,48,49,50,51,52,85,89,90,91,92,93,94,95,96,97,105,112,115,116,135,151,154,155,177,186,194,196,199,207,208,216,220,250,251,263,264,265,266,267,268,283,305,316,349,373,374,375,376,377,378,379,380,381,382,464,465,466,467,
163;0;5476;5512;0;20,21,22,23,24,25,26,27,28,29,36,37,38,39,40,41,42,43,44,45,46,47,48,49,50,51,52,85,89,90,91,92,93,94,95,96,97,105,112,115,116,135,151,154,155,177,186,194,196,199,207,208,216,220,250,251,263,264,265,266,267,268,283,305,316,349,373,374,375,376,377,378,379,380,381,382,464,465,466,467,
163;1;5512;5578;0;20,21,22,23,24,25,26,27,28,29,36,37,38,39,40,41,42,43,44,45,46,47,48,49,50,51,52,85,89,90,91,92,93,94,95,96,97,105,112,115,116,135,151,154,155,177,186,194,196,199,207,208,216,220,250,251,263,264,265,266,267,268,283,305,316,349,373,374,375,376,377,378,379,380,381,382,464,465,466,467,
48;0;5578;5700;0;20,21,22,23,24,25,26,27,28,29,36,37,38,39,40,41,42,43,44,45,46,47,48,49,50,51,52,85,89,90,91,92,93,94,95,96,97,105,112,115,116,135,151,154,155,177,186,194,196,199,207,208,216,220,250,251,263,264,265,266,267,268,283,305,316,349,373,374,375,376,377,378,379,380,381,382,464,465,466,467,
48;1;5700;5752;0;20,21,22,23,24,25,26,27,28,29,36,37,38,39,40,41,42,43,44,45,46,47,48,49,50,51,52,85,89,90,91,92,93,94,95,96,97,105,112,115,116,135,151,154,155,177,186,194,196,199,207,208,216,220,250,251,263,264,265,266,267,268,283,305,316,349,373,374,375,376,377,378,379,380,381,382,464,465,466,467,
80;0;5752;5829;0;20,21,22,23,24,25,26,27,28,29,36,37,38,39,40,41,42,43,44,45,46,47,48,49,50,51,52,85,89,90,91,92,93,94,95,96,97,105,112,115,116,135,151,154,155,177,186,194,196,199,207,208,216,220,250,251,263,264,265,266,267,268,283,305,316,349,373,374,375,376,377,378,379,380,381,382,464,465,466,467,
376;0;5829;5861;1;20,21,22,23,24,25,26,27,28,29,36,37,38,39,40,41,42,43,44,45,46,47,48,49,50,51,52,85,89,90,91,92,93,94,95,96,97,105,112,115,116,135,151,154,155,177,186,194,196,199,207,208,216,220,250,251,263,264,265,266,267,268,283,305,316,349,373,374,375,376,377,378,379,380,381,382,464,465,466,467,
376;1;5861;5927;1;20,21,22,23,24,25,26,27,28,29,36,37,38,39,40,41,42,43,44,45,46,47,48,49,50,51,52,85,89,90,91,92,93,94,95,96,97,105,112,115,116,135,151,154,155,177,186,194,196,199,207,208,216,220,250,251,263,264,265,266,267,268,283,305,316,349,373,374,375,376,377,378,379,380,381,382,464,465,466,467,
62;0;5927;6074;0;20,21,22,23,24,25,26,27,28,29,36,37,38,39,40,41,42,43,44,45,46,47,48,49,50,51,52,85,89,90,91,92,93,94,95,96,97,105,112,115,116,135,151,154,155,177,186,194,196,199,207,208,216,220,250,251,263,264,265,266,267,268,283,305,316,349,373,374,375,376,377,378,379,380,381,382,464,465,466,467,
5;0;6074;6140;0;20,21,22,23,24,25,26,27,28,29,36,37,38,39,40,41,42,43,44,45,46,47,48,49,50,51,52,85,89,90,91,92,93,94,95,96,97,105,112,115,116,135,151,154,155,177,186,194,196,199,207,208,216,220,250,251,263,264,265,266,267,268,283,305,316,349,373,374,375,376,377,378,379,380,381,382,464,465,466,467,
156;0;6140;6234;1;20,21,22,23,24,25,26,27,28,29,36,37,38,39,40,41,42,43,44,45,46,47,48,49,50,51,52,85,89,90,91,92,93,94,95,96,97,105,112,115,116,135,151,154,155,177,186,194,196,199,207,208,216,220,250,251,263,264,265,266,267,268,283,305,316,349,373,374,375,376,377,378,379,380,381,382,464,465,466,467,
156;1;6234;6406;1;20,21,22,23,24,25,26,27,28,29,36,37,38,39,40,41,42,43,44,45,46,47,48,49,50,51,52,85,89,90,91,92,93,94,95,96,97,105,112,115,116,135,151,154,155,177,186,194,196,199,207,208,216,220,250,251,263,264,265,266,267,268,283,305,316,349,373,374,375,376,377,378,379,380,381,382,464,465,466,467,
34;0;6406;6553;1;18,20,21,22,23,24,25,36,38,44,85,89,90,91,92,93,94,95,96,97,115,116,135,136,148,151,155,158,165,194,206,207,208,211,212,213,216,220,250,283,289,298,305,316,317,342,347,348,349,350,405,464,465,466,467,476,484,488,530,531,532,533,534,535,536,537,538,539,540,541,542,543,544,545,546,547,548,602,603,604,
34;1;6553;6602;1;18,20,21,22,23,24,25,36,38,44,85,89,90,91,92,93,94,95,96,97,115,116,135,136,148,151,155,158,165,194,206,207,208,211,212,213,216,220,250,283,289,298,305,316,317,342,347,348,349,350,405,464,465,466,467,476,484,488,530,531,532,533,534,535,536,537,538,539,540,541,542,543,544,545,546,547,548,602,603,604,
243;0;6602;6657;0;18,20,21,22,23,24,25,36,38,44,85,89,90,91,92,93,94,95,96,97,115,116,135,136,148,151,155,158,165,194,206,207,208,211,212,213,216,220,250,283,289,298,305,316,317,342,347,348,349,350,405,464,465,466,467,476,484,488,530,531,532,533,534,535,536,537,538,539,540,541,542,543,544,545,546,547,548,602,603,604,
243;1;6657;6680;0;18,20,21,22,23,24,25,36,38,44,85,89,90,91,92,93,94,95,96,97,115,116,135,136,148,151,155,158,165,194,206,207,208,211,212,213,216,220,250,283,289,298,305,316,317,342,347,348,349,350,405,464,465,466,467,476,484,488,530,531,532,533,534,535,536,537,538,539,540,541,542,543,544,545,546,547,548,602,603,604,
262;0;6680;6731;0;18,20,21,22,23,24,25,36,38,44,85,89,90,91,92,93,94,95,96,97,115,116,135,136,148,151,155,158,165,194,206,207,208,211,212,213,216,220,250,283,289,298,305,316,317,342,347,348,349,350,405,464,465,466,467,476,484,488,530,531,532,533,534,535,536,537,538,539,540,541,542,543,544,545,546,547,548,602,603,604,
161;0;6731;6786;1;18,20,21,22,23,24,25,36,38,44,85,89,90,91,92,93,94,95,96,97,115,116,135,136,148,151,155,158,165,194,206,207,208,211,212,213,216,220,250,283,289,298,305,316,317,342,347,348,349,350,405,464,465,466,467,476,484,488,530,531,532,533,534,535,536,537,538,539,540,541,542,543,544,545,546,547,548,602,603,604,
161;1;6786;6870;1;18,20,21,22,23,24,25,36,38,44,85,89,90,91,92,93,94,95,96,97,115,116,135,136,148,151,155,158,165,194,206,207,208,211,212,213,216,220,250,283,289,298,305,316,317,342,347,348,349,350,405,464,465,466,467,476,484,488,530,531,532,533,534,535,536,537,538,539,540,541,542,543,544,545,546,547,548,602,603,604,
193;0;6870;6971;0;18,20,21,22,23,24,25,36,38,44,85,89,90,91,92,93,94,95,96,97,115,116,135,136,148,151,155,158,165,194,206,207,208,211,212,213,216,220,250,283,289,298,305,316,317,342,347,348,349,350,405,464,465,466,467,476,484,488,530,531,532,533,534,535,536,537,538,539,540,541,542,543,544,545,546,547,548,602,603,604,
193;1;6971;7048;0;18,20,21,22,23,24,25,36,38,44,85,89,90,91,92,93,94,95,96,97,115,116,135,136,148,151,155,158,165,194,206,207,208,211,212,213,216,220,250,283,289,298,305,316,317,342,347,348,349,350,405,464,465,466,467,476,484,488,530,531,532,533,534,535,536,537,538,539,540,541,542,543,544,545,546,547,548,602,603,604,
342;0;7048;7222;0;18,20,21,22,23,24,25,36,38,44,85,89,90,91,92,93,94,95,96,97,115,116,135,136,148,151,155,158,165,194,206,207,208,211,212,213,216,220,250,283,289,298,305,316,317,342,347,348,349,350,405,464,465,466,467,476,484,488,530,531,532,533,534,535,536,537,538,539,540,541,542,543,544,545,546,547,548,602,603,604,
111;0;7222;7360;1;18,20,21,22,23,24,25,36,38,44,85,89,90,91,92,93,94,95,96,97,115,116,135,136,148,151,155,158,165,194,206,207,208,211,212,213,216,220,250,283,289,298,305,316,317,342,347,348,349,350,405,464,465,466,467,476,484,488,530,531,532,533,534,535,536,537,538,539,540,541,542,543,544,545,546,547,548,602,603,604,
111;1;7360;7383;1;18,20,21,22,23,24,25,36,38,44,85,89,90,91,92,93,94,95,96,97,115,116,135,136,148,151,155,158,165,194,206,207,208,211,212,213,216,220,250,283,289,298,305,316,317,342,347,348,349,350,405,464,465,466,467,476,484,488,530,531,532,533,534,535,536,537,538,539,540,541,542,543,544,545,546,547,548,602,603,604,
253;0;7383;7502;0;18,20,21,22,23,24,25,36,38,44,85,89,90,91,92,93,94,95,96,97,115,116,135,136,148,151,155,158,165,194,206,207,208,211,212,213,216,220,250,283,289,298,305,316,317,342,347,348,349,350,405,464,465,466,467,476,484,488,530,531,532,533,534,535,536,537,538,539,540,541,542,543,544,545,546,547,548,602,603,604,
253;1;7502;7649;0;18,20,21,22,23,24,25,36,38,44,85,89,90,91,92,93,94,95,96,97,115,116,135,136,148,151,155,158,165,194,206,207,208,211,212,213,216,220,250,283,289,298,305,316,317,342,347,348,349,350,405,464,465,466,467,476,484,488,530,531,532,533,534,535,536,537,538,539,540,541,542,543,544,545,546,547,548,602,603,604,
289;0;7649;7808;1;18,20,21,22,90,115,116,117,118,119,120,121,122,123,124,135,136,148,151,155,158,165,194,206,207,208,216,220,221,253,254,255,256,257,258,259,260,261,283,289,298,305,316,317,342,347,348,349,350,419,420,421,422,423,464,465,466,467,476,484,488,530,531,532,533,534,535,536,537,538,539,540,541,542,543,544,545,546,547,548,
289;1;7808;7939;1;18,20,21,22,90,115,116,117,118,119,120,121,122,123,124,135,136,148,151,155,158,165,194,206,207,208,216,220,221,253,254,255,256,257,258,259,260,261,283,289,298,305,316,317,342,347,348,349,350,419,420,421,422,423,464,465,466,467,476,484,488,530,531,532,533,534,535,536,537,538,539,540,541,542,543,544,545,546,547,548,
45;0;7939;7978;0;18,20,21,22,90,115,116,117,118,119,120,121,122,123,124,135,136,148,151,155,158,165,194,206,207,208,216,220,221,253,254,255,256,257,258,259,260,261,283,289,298,305,316,317,342,347,348,349,350,419,420,421,422,423,464,465,466,467,476,484,488,530,531,532,533,534,535,536,537,538,539,540,541,542,543,544,545,546,547,548,
392;0;7978;8109;0;18,20,21,22,90,115,116,117,118,119,120,121,122,123,124,135,136,148,151,155,158,165,194,206,207,208,216,220,221,253,254,255,256,257,258,259,260,261,283,289,298,305,316,317,342,347,348,349,350,419,420,421,422,423,464,465,466,467,476,484,488,530,531,532,533,534,535,536,537,538,539,540,541,542,543,544,545,546,547,548,
92;0;8109;8240;0;18,20,21,22,90,115,116,117,118,119,120,121,122,123,124,135,136,148,151,155,158,165,194,206,207,208,216,220,221,253,254,255,256,257,258,259,260,261,283,289,298,305,316,317,342,347,348,349,350,419,420,421,422,423,464,465,466,467,476,484,488,530,531,532,533,534,535,536,537,538,539,540,541,542,543,544,545,546,547,548,
176;0;8240;8352;1;18,20,21,22,90,115,116,117,118,119,120,121,122,123,124,135,136,148,151,155,158,165,194,206,207,208,216,220,221,253,254,255,256,257,258,259,260,261,283,289,298,305,316,317,342,347,348,349,350,419,420,421,422,423,464,465,466,467,476,484,488,530,531,532,533,534,535,536,537,538,539,540,541,542,543,544,545,546,547,548,
176;1;8352;8449;1;18,20,21,22,90,115,116,117,118,119,120,121,122,123,124,135,136,148,151,155,158,165,194,206,207,208,216,220,221,253,254,255,256,257,258,259,260,261,283,289,298,305,316,317,342,347,348,349,350,419,420,421,422,423,464,465,466,467,476,484,488,530,531,532,533,534,535,536,537,538,539,540,541,542,543,544,545,546,547,548,
325;0;8449;8472;0;18,20,21,22,90,115,116,117,118,119,120,121,122,123,124,135,136,148,151,155,158,165,194,206,207,208,216,220,221,253,254,255,256,257,258,259,260,261,283,289,298,305,316,317,342,347,348,349,350,419,420,421,422,423,464,465,466,467,476,484,488,530,531,532,533,534,535,536,537,538,539,540,541,542,543,544,545,546,547,548,
162;0;8472;8511;0;18,20,21,22,90,115,116,117,118,119,120,121,122,123,124,135,136,148,151,155,158,165,194,206,207,208,216,220,221,253,254,255,256,257,258,259,260,261,283,289,298,305,316,317,342,347,348,349,350,419,420,421,422,423,464,465,466,467,476,484,488,530,531,532,533,534,535,536,537,538,539,540,541,542,543,544,545,546,547,548,
130;0;8511;8642;0;18,20,21,22,90,115,116,117,118,119,120,121,122,123,124,135,136,148,151,155,158,165,194,206,207,208,216,220,221,253,254,255,256,257,258,259,260,261,283,289,298,305,316,317,342,347,348,349,350,419,420,421,422,423,464,465,466,467,476,484,488,530,531,532,533,534,535,536,537,538,539,540,541,542,543,544,545,546,547,548,
235;0;8642;8773;0;18,20,21,22,90,115,116,117,118,119,120,121,122,123,124,135,136,148,151,155,158,165,194,206,207,208,216,220,221,253,254,255,256,257,258,259,260,261,283,289,298,305,316,317,342,347,348,349,350,419,420,421,422,423,464,465,466,467,476,484,488,530,531,532,533,534,535,536,537,538,539,540,541,542,543,544,545,546,547,548,
147;0;8773;8869;0;18,20,21,22,90,115,116,117,118,119,120,121,122,123,124,135,136,148,151,155,158,165,194,206,207,208,216,220,221,253,254,255,256,257,258,259,260,261,283,289,298,305,316,317,342,347,348,349,350,419,420,421,422,423,464,465,466,467,476,484,488,530,531,532,533,534,535,536,537,538,539,540,541,542,543,544,545,546,547,548,
73;0;8869;9023;0;18,20,21,22,90,115,116,117,118,119,120,121,122,123,124,135,136,148,151,155,158,165,194,206,207,208,216,220,221,253,254,255,256,257,258,259,260,261,283,289,298,305,316,317,342,347,348,349,350,419,420,421,422,423,464,465,466,467,476,484,488,530,531,532,533,534,535,536,537,538,539,540,541,542,543,544,545,546,547,548,
73;1;9023;9107;0;18,20,21,22,90,115,116,117,118,119,120,121,122,123,124,135,136,148,151,155,158,165,194,206,207,208,216,220,221,253,254,255,256,257,258,259,260,261,283,289,298,305,316,317,342,347,348,349,350,419,420,421,422,423,464,465,466,467,476,484,488,530,531,532,533,534,535,536,537,538,539,540,541,542,543,544,545,546,547,548,
187;0;9107;9158;0;18,20,21,22,90,115,116,117,118,119,120,121,122,123,124,135,136,148,151,155,158,165,194,206,207,208,216,220,221,253,254,255,256,257,258,259,260,261,283,289,298,305,316,317,342,347,348,349,350,419,420,421,422,423,464,465,466,467,476,484,488,530,531,532,533,534,535,536,537,538,539,540,541,542,543,544,545,546,547,548,
199;0;9158;9258;1;18,20,21,22,90,115,116,117,118,119,120,121,122,123,124,135,136,148,151,155,158,165,194,206,207,208,216,220,221,253,254,255,256,257,258,259,260,261,283,289,298,305,316,317,342,347,348,349,350,419,420,421,422,423,464,465,466,467,476,484,488,530,531,532,533,534,535,536,537,538,539,540,541,542,543,544,545,546,547,548,
199;1;9258;9297;1;18,20,21,22,90,115,116,117,118,119,120,121,122,123,124,135,136,148,151,155,158,165,194,206,207,208,216,220,221,253,254,255,256,257,258,259,260,261,283,289,298,305,316,317,342,347,348,349,350,419,420,421,422,423,464,465,466,467,476,484,488,530,531,532,533,534,535,536,537,538,539,540,541,542,543,544,545,546,547,548,
219;0;9297;9366;1;18,20,21,22,90,115,116,117,118,119,120,121,122,123,124,135,136,148,151,155,158,165,194,206,207,208,216,220,221,253,254,255,256,257,258,259,260,261,283,289,298,305,316,317,342,347,348,349,350,419,420,421,422,423,464,465,466,467,476,484,488,530,531,532,533,534,535,536,537,538,539,540,541,542,543,544,545,546,547,548,
219;1;9366;9497;1;18,20,21,22,90,115,116,117,118,119,120,121,122,123,124,135,136,148,151,155,158,165,194,206,207,208,216,220,221,253,254,255,256,257,258,259,260,261,283,289,298,305,316,317,342,347,348,349,350,419,420,421,422,423,464,465,466,467,476,484,488,530,531,532,533,534,535,536,537,538,539,540,541,542,543,544,545,546,547,548,
129;0;9497;9524;1;18,20,21,22,90,115,116,117,118,119,120,121,122,123,124,135,136,148,151,155,158,165,194,206,207,208,216,220,221,253,254,255,256,257,258,259,260,261,283,289,298,305,316,317,342,347,348,349,350,419,420,421,422,423,464,465,466,467,476,484,488,530,531,532,533,534,535,536,537,538,539,540,541,542,543,544,545,546,547,548,
129;1;9524;9700;1;18,20,21,22,90,115,116,117,118,119,120,121,122,123,124,135,136,148,151,155,158,165,194,206,207,208,216,220,221,253,254,255,256,257,258,259,260,261,283,289,298,305,316,317,342,347,348,349,350,419,420,421,422,423,464,465,466,467,476,484,488,530,531,532,533,534,535,536,537,538,539,540,541,542,543,544,545,546,547,548,
208;0;9700;9815;0;18,20,21,22,90,115,116,117,118,119,120,121,122,123,124,135,136,148,151,155,158,165,194,206,207,208,216,220,221,253,254,255,256,257,258,259,260,261,283,289,298,305,316,317,342,347,348,349,350,419,420,421,422,423,464,465,466,467,476,484,488,530,531,532,533,534,535,536,537,538,539,540,541,542,543,544,545,546,547,548,
208;1;9815;9859;0;18,20,21,22,90,115,116,117,118,119,120,121,122,123,124,135,136,148,151,155,158,165,194,206,207,208,216,220,221,253,254,255,256,257,258,259,260,261,283,289,298,305,316,317,342,347,348,349,350,419,420,421,422,423,464,465,466,467,476,484,488,530,531,532,533,534,535,536,537,538,539,540,541,542,543,544,545,546,547,548,
145;0;9859;10033;0;18,20,21,22,90,115,116,117,118,119,120,121,122,123,124,135,136,148,151,155,158,165,194,206,207,208,216,220,221,253,254,255,256,257,258,259,260,261,283,289,298,305,316,317,342,347,348,349,350,419,420,421,422,423,464,465,466,467,476,484,488,530,531,532,533,534,535,536,537,538,539,540,541,542,543,544,545,546,547,548,
Machine: 2
186;0;0;98;1;0,1,2,3,4,5,6,7,8,9,36,48,54,55,56,57,58,59,60,61,62,90,115,116,135,151,153,155,177,179,181,194,207,208,220,237,238,243,244,250,283,294,305,308,309,310,311,312,313,316,317,344,434,435,436,437,438,439,453,458,468,469,470,471,472,473,474,475,476,511,514,515,516,517,518,519,520,521,522,526,
186;1;98;242;1;0,1,2,3,4,5,6,7,8,9,36,48,54,55,56,57,58,59,60,61,62,90,115,116,135,151,153,155,177,179,181,194,207,208,220,237,238,243,244,250,283,294,305,308,309,310,311,312,313,316,317,344,434,435,436,437,438,439,453,458,468,469,470,471,472,473,474,475,476,511,514,515,516,517,518,519,520,521,522,526,
258;0;242;274;0;0,1,2,3,4,5,6,7,8,9,36,48,54,55,56,57,58,59,60,61,62,90,115,116,135,151,153,155,177,179,181,194,207,208,220,237,238,243,244,250,283,294,305,308,309,310,311,312,313,316,317,344,434,435,436,437,438,439,453,458,468,469,470,471,472,473,474,475,476,511,514,515,516,517,518,519,520,521,522,526,
258;1;274;368;0;0,1,2,3,4,5,6,7,8,9,36,48,54,55,56,57,58,59,60,61,62,90,115,116,135,151,153,155,177,179,181,194,207,208,220,237,238,243,244,250,283,294,305,308,309,310,311,312,313,316,317,344,434,435,436,437,438,439,453,458,468,469,470,471,472,473,474,475,476,511,514,515,516,517,518,519,520,521,522,526,
381;0;368;404;1;0,1,2,3,4,5,6,7,8,9,36,48,54,55,56,57,58,59,60,61,62,90,115,116,135,151,153,155,177,179,181,194,207,208,220,237,238,243,244,250,283,294,305,308,309,310,311,312,313,316,317,344,434,435,436,437,438,439,453,458,468,469,470,471,472,473,474,475,476,511,514,515,516,517,518,519,520,521,522,526,
381;1;404;459;1;0,1,2,3,4,5,6,7,8,9,36,48,54,55,56,57,58,59,60,61,62,90,115,116,135,151,153,155,177,179,181,194,207,208,220,237,238,243,244,250,283,294,305,308,309,310,311,312,313,316,317,344,434,435,436,437,438,439,453,458,468,469,470,471,472,473,474,475,476,511,514,515,516,517,518,519,520,521,522,526,
0;0;459;509;1;0,1,2,3,4,5,6,7,8,9,36,48,54,55,56,57,58,59,60,61,62,90,115,116,135,151,153,155,177,179,181,194,207,208,220,237,238,243,244,250,283,294,305,308,309,310,311,312,313,316,317,344,434,435,436,437,438,439,453,458,468,469,470,471,472,473,474,475,476,511,514,515,516,517,518,519,520,521,522,526,
0;1;509;564;1;0,1,2,3,4,5,6,7,8,9,36,48,54,55,56,57,58,59,60,61,62,90,115,116,135,151,153,155,177,179,181,194,207,208,220,237,238,243,244,250,283,294,305,308,309,310,311,312,313,316,317,344,434,435,436,437,438,439,453,458,468,469,470,471,472,473,474,475,476,511,514,515,516,517,518,519,520,521,522,526,
113;0;564;724;0;0,1,2,3,4,5,6,7,8,9,36,48,54,55,56,57,58,59,60,61,62,90,115,116,135,151,153,155,177,179,181,194,207,208,220,237,238,243,244,250,283,294,305,308,309,310,311,312,313,316,317,344,434,435,436,437,438,439,453,458,468,469,470,471,472,473,474,475,476,511,514,515,516,517,518,519,520,521,522,526,
113;1;724;813;0;0,1,2,3,4,5,6,7,8,9,36,48,54,55,56,57,58,59,60,61,62,90,115,116,135,151,153,155,177,179,181,194,207,208,220,237,238,243,244,250,283,294,305,308,309,310,311,312,313,316,317,344,434,435,436,437,438,439,453,458,468,469,470,471,472,473,474,475,476,511,514,515,516,517,518,519,520,521,522,526,
329;0;813;894;1;0,1,2,3,4,5,6,7,8,9,36,48,54,55,56,57,58,59,60,61,62,90,115,116,135,151,153,155,177,179,181,194,207,208,220,237,238,243,244,250,283,294,305,308,309,310,311,312,313,316,317,344,434,435,436,437,438,439,453,458,468,469,470,471,472,473,474,475,476,511,514,515,516,517,518,519,520,521,522,526,
329;1;894;1030;1;0,1,2,3,4,5,6,7,8,9,36,48,54,55,56,57,58,59,60,61,62,90,115,116,135,151,153,155,177,179,181,194,207,208,220,237,238,243,244,250,283,294,305,308,309,310,311,312,313,316,317,344,434,435,436,437,438,439,453,458,468,469,470,471,472,473,474,475,476,511,514,515,516,517,518,519,520,521,522,526,
279;0;1030;1191;1;0,1,2,3,4,5,6,7,8,9,36,48,54,55,56,57,58,59,60,61,62,90,115,116,135,151,153,155,177,179,181,194,207,208,220,237,238,243,244,250,283,294,305,308,309,310,311,312,313,316,317,344,434,435,436,437,438,439,453,458,468,469,470,471,472,473,474,475,476,511,514,515,516,517,518,519,520,521,522,526,
279;1;1191;1285;1;0,1,2,3,4,5,6,7,8,9,36,48,54,55,56,57,58,59,60,61,62,90,115,116,135,151,153,155,177,179,181,194,207,208,220,237,238,243,244,250,283,294,305,308,309,310,311,312,313,316,317,344,434,435,436,437,438,439,453,458,468,469,470,471,472,473,474,475,476,511,514,515,516,517,518,519,520,521,522,526,
54;0;1285;1297;1;0,1,2,3,4,5,6,7,8,9,36,48,54,55,56,57,58,59,60,61,62,90,115,116,135,151,153,155,177,179,181,194,207,208,220,237,238,243,244,250,283,294,305,308,309,310,311,312,313,316,317,344,434,435,436,437,438,439,453,458,468,469,470,471,472,473,474,475,476,511,514,515,516,517,518,519,520,521,522,526,
54;1;1297;1388;1;0,1,2,3,4,5,6,7,8,9,36,48,54,55,56,57,58,59,60,61,62,90,115,116,135,151,153,155,177,179,181,194,207,208,220,237,238,243,244,250,283,294,305,308,309,310,311,312,313,316,317,344,434,435,436,437,438,439,453,458,468,469,470,471,472,473,474,475,476,511,514,515,516,517,518,519,520,521,522,526,
134;0;1388;1567;1;0,1,2,3,4,5,6,7,8,9,36,48,54,55,56,57,58,59,60,61,62,90,115,116,135,151,153,155,177,179,181,194,207,208,220,237,238,243,244,250,283,294,305,308,309,310,311,312,313,316,317,344,434,435,436,437,438,439,453,458,468,469,470,471,472,473,474,475,476,511,514,515,516,517,518,519,520,521,522,526,
134;1;1567;1661;1;0,1,2,3,4,5,6,7,8,9,36,48,54,55,56,57,58,59,60,61,62,90,115,116,135,151,153,155,177,179,181,194,207,208,220,237,238,243,244,250,283,294,305,308,309,310,311,312,313,316,317,344,434,435,436,437,438,439,453,458,468,469,470,471,472,473,474,475,476,511,514,515,516,517,518,519,520,521,522,526,
131;0;1661;1823;1;0,1,2,3,4,5,6,7,8,9,36,48,54,55,56,57,58,59,60,61,62,90,115,116,135,151,153,155,177,179,181,194,207,208,220,237,238,243,244,250,283,294,305,308,309,310,311,312,313,316,317,344,434,435,436,437,438,439,453,458,468,469,470,471,472,473,474,475,476,511,514,515,516,517,518,519,520,521,522,526,
131;1;1823;1947;1;0,1,2,3,4,5,6,7,8,9,36,48,54,55,56,57,58,59,60,61,62,90,115,116,135,151,153,155,177,179,181,194,207,208,220,237,238,243,244,250,283,294,305,308,309,310,311,312,313,316,317,344,434,435,436,437,438,439,453,458,468,469,470,471,472,473,474,475,476,511,514,515,516,517,518,519,520,521,522,526,
182;0;1947;2041;0;0,1,2,3,4,5,6,7,8,9,36,48,54,55,56,57,58,59,60,61,62,90,115,116,135,151,153,155,177,179,181,194,207,208,220,237,238,243,244,250,283,294,305,308,309,310,311,312,313,316,317,344,434,435,436,437,438,439,453,458,468,469,470,471,472,473,474,475,476,511,514,515,516,517,518,519,520,521,522,526,
340;0;2041;2217;0;0,1,2,3,4,5,6,7,8,9,36,48,54,55,56,57,58,59,60,61,62,90,115,116,120,135,151,152,153,154,155,156,157,169,177,179,181,193,194,197,207,208,216,220,237,238,239,240,241,242,243,244,250,251,294,301,305,310,312,388,405,406,407,408,434,435,436,437,438,439,453,458,468,522,526,527,528,529,760,761,
63;0;2217;2298;0;0,1,2,3,4,5,6,7,8,9,36,48,54,55,56,57,58,59,60,61,62,90,115,116,120,135,151,152,153,154,155,156,157,169,177,179,181,193,194,197,207,208,216,220,237,238,239,240,241,242,243,244,250,251,294,301,305,310,312,388,405,406,407,408,434,435,436,437,438,439,453,458,468,522,526,527,528,529,760,761,
63;1;2298;2329;0;0,1,2,3,4,5,6,7,8,9,36,48,54,55,56,57,58,59,60,61,62,90,115,116,120,135,151,152,153,154,155,156,157,169,177,179,181,193,194,197,207,208,216,220,237,238,239,240,241,242,243,244,250,251,294,301,305,310,312,388,405,406,407,408,434,435,436,437,438,439,453,458,468,522,526,527,528,529,760,761,
244;0;2329;2493;1;0,1,2,3,4,5,6,7,8,9,36,48,54,55,56,57,58,59,60,61,62,90,115,116,120,135,151,152,153,154,155,156,157,169,177,179,181,193,194,197,207,208,216,220,237,238,239,240,241,242,243,244,250,251,294,301,305,310,312,388,405,406,407,408,434,435,436,437,438,439,453,458,468,522,526,527,528,529,760,761,
244;1;2493;2570;1;0,1,2,3,4,5,6,7,8,9,36,48,54,55,56,57,58,59,60,61,62,90,115,116,120,135,151,152,153,154,155,156,157,169,177,179,181,193,194,197,207,208,216,220,237,238,239,240,241,242,243,244,250,251,294,301,305,310,312,388,405,406,407,408,434,435,436,437,438,439,453,458,468,522,526,527,528,529,760,761,
97;0;2570;2577;0;0,1,2,3,4,5,6,7,8,9,36,48,54,55,56,57,58,59,60,61,62,90,115,116,120,135,151,152,153,154,155,156,157,169,177,179,181,193,194,197,207,208,216,220,237,238,239,240,241,242,243,244,250,251,294,301,305,310,312,388,405,406,407,408,434,435,436,437,438,439,453,458,468,522,526,527,528,529,760,761,
146;0;2577;2592;1;0,1,2,3,4,5,6,7,8,9,36,48,54,55,56,57,58,59,60,61,62,90,115,116,120,135,151,152,153,154,155,156,157,169,177,179,181,193,194,197,207,208,216,220,237,238,239,240,241,242,243,244,250,251,294,301,305,310,312,388,405,406,407,408,434,435,436,437,438,439,453,458,468,522,526,527,528,529,760,761,
146;1;2592;2647;1;0,1,2,3,4,5,6,7,8,9,36,48,54,55,56,57,58,59,60,61,62,90,115,116,120,135,151,152,153,154,155,156,157,169,177,179,181,193,194,197,207,208,216,220,237,238,239,240,241,242,243,244,250,251,294,301,305,310,312,388,405,406,407,408,434,435,436,437,438,439,453,458,468,522,526,527,528,529,760,761,
338;0;2647;2669;0;0,1,2,3,4,5,6,7,8,9,36,48,54,55,56,57,58,59,60,61,62,90,115,116,120,135,151,152,153,154,155,156,157,169,177,179,181,193,194,197,207,208,216,220,237,238,239,240,241,242,243,244,250,251,294,301,305,310,312,388,405,406,407,408,434,435,436,437,438,439,453,458,468,522,526,527,528,529,760,761,
338;1;2669;2724;0;0,1,2,3,4,5,6,7,8,9,36,48,54,55,56,57,58,59,60,61,62,90,115,116,120,135,151,152,153,154,155,156,157,169,177,179,181,193,194,197,207,208,216,220,237,238,239,240,241,242,243,244,250,251,294,301,305,310,312,388,405,406,407,408,434,435,436,437,438,439,453,458,468,522,526,527,528,529,760,761,
360;0;2724;2801;0;0,1,2,3,4,5,6,7,8,9,36,48,54,55,56,57,58,59,60,61,62,90,115,116,120,135,151,152,153,154,155,156,157,169,177,179,181,193,194,197,207,208,216,220,237,238,239,240,241,242,243,244,250,251,294,301,305,310,312,388,405,406,407,408,434,435,436,437,438,439,453,458,468,522,526,527,528,529,760,761,
314;0;2801;2884;1;0,1,2,3,4,5,6,7,8,9,36,48,54,55,56,57,58,59,60,61,62,90,115,116,120,135,151,152,153,154,155,156,157,169,177,179,181,193,194,197,207,208,216,220,237,238,239,240,241,242,243,244,250,251,294,301,305,310,312,388,405,406,407,408,434,435,436,437,438,439,453,458,468,522,526,527,528,529,760,761,
314;1;2884;2944;1;0,1,2,3,4,5,6,7,8,9,36,48,54,55,56,57,58,59,60,61,62,90,115,116,120,135,151,152,153,154,155,156,157,169,177,179,181,193,194,197,207,208,216,220,237,238,239,240,241,242,243,244,250,251,294,301,305,310,312,388,405,406,407,408,434,435,436,437,438,439,453,458,468,522,526,527,528,529,760,761,
96;0;2944;3098;1;0,1,2,3,4,5,6,7,8,9,36,48,54,55,56,57,58,59,60,61,62,90,115,116,120,135,151,152,153,154,155,156,157,169,177,179,181,193,194,197,207,208,216,220,237,238,239,240,241,242,243,244,250,251,294,301,305,310,312,388,405,406,407,408,434,435,436,437,438,439,453,458,468,522,526,527,528,529,760,761,
96;1;3098;3274;1;0,1,2,3,4,5,6,7,8,9,36,48,54,55,56,57,58,59,60,61,62,90,115,116,120,135,151,152,153,154,155,156,157,169,177,179,181,193,194,197,207,208,216,220,237,238,239,240,241,242,243,244,250,251,294,301,305,310,312,388,405,406,407,408,434,435,436,437,438,439,453,458,468,522,526,527,528,529,760,761,
149;0;3274;3379;1;0,1,2,3,4,5,6,7,8,9,36,48,54,55,56,57,58,59,60,61,62,90,115,116,120,135,151,152,153,154,155,156,157,169,177,179,181,193,194,197,207,208,216,220,237,238,239,240,241,242,243,244,250,251,294,301,305,310,312,388,405,406,407,408,434,435,436,437,438,439,453,458,468,522,526,527,528,529,760,761,
149;1;3379;3413;1;0,1,2,3,4,5,6,7,8,9,36,48,54,55,56,57,58,59,60,61,62,90,115,116,120,135,151,152,153,154,155,156,157,169,177,179,181,193,194,197,207,208,216,220,237,238,239,240,241,242,243,244,250,251,294,301,305,310,312,388,405,406,407,408,434,435,436,437,438,439,453,458,468,522,526,527,528,529,760,761,
86;0;3413;3431;1;0,1,2,3,4,5,6,7,8,9,36,48,54,55,56,57,58,59,60,61,62,90,115,116,120,135,151,152,153,154,155,156,157,169,177,179,181,193,194,197,207,208,216,220,237,238,239,240,241,242,243,244,250,251,294,301,305,310,312,388,405,406,407,408,434,435,436,437,438,439,453,458,468,522,526,527,528,529,760,761,
86;1;3431;3606;1;0,1,2,3,4,5,6,7,8,9,36,48,54,55,56,57,58,59,60,61,62,90,115,116,120,135,151,152,153,154,155,156,157,169,177,179,181,193,194,197,207,208,216,220,237,238,239,240,241,242,243,244,250,251,294,301,305,310,312,388,405,406,407,408,434,435,436,437,438,439,453,458,468,522,526,527,528,529,760,761,
326;0;3606;3631;1;0,1,2,3,4,5,6,7,8,9,36,48,54,55,56,57,58,59,60,61,62,90,115,116,120,135,151,152,153,154,155,156,157,169,177,179,181,193,194,197,207,208,216,220,237,238,239,240,241,242,243,244,250,251,294,301,305,310,312,388,405,406,407,408,434,435,436,437,438,439,453,458,468,522,526,527,528,529,760,761,
326;1;3631;3781;1;0,1,2,3,4,5,6,7,8,9,36,48,54,55,56,57,58,59,60,61,62,90,115,116,120,135,151,152,153,154,155,156,157,169,177,179,181,193,194,197,207,208,216,220,237,238,239,240,241,242,243,244,250,251,294,301,305,310,312,388,405,406,407,408,434,435,436,437,438,439,453,458,468,522,526,527,528,529,760,761,
366;0;3781;3785;1;0,1,2,3,4,5,6,7,8,9,36,48,54,55,56,57,58,59,60,61,62,90,115,116,120,135,151,152,153,154,155,156,157,169,177,179,181,193,194,197,207,208,216,220,237,238,239,240,241,242,243,244,250,251,294,301,305,310,312,388,405,406,407,408,434,435,436,437,438,439,453,458,468,522,526,527,528,529,760,761,
366;1;3785;3862;1;0,1,2,3,4,5,6,7,8,9,36,48,54,55,56,57,58,59,60,61,62,90,115,116,120,135,151,152,153,154,155,156,157,169,177,179,181,193,194,197,207,208,216,220,237,238,239,240,241,242,243,244,250,251,294,301,305,310,312,388,405,406,407,408,434,435,436,437,438,439,453,458,468,522,526,527,528,529,760,761,
138;0;3862;3991;0;0,1,2,3,4,5,6,7,8,9,36,48,54,55,56,57,58,59,60,61,62,90,115,116,120,135,151,152,153,154,155,156,157,169,177,179,181,193,194,197,207,208,216,220,237,238,239,240,241,242,243,244,250,251,294,301,305,310,312,388,405,406,407,408,434,435,436,437,438,439,453,458,468,522,526,527,528,529,760,761,
138;1;3991;4127;0;0,1,2,3,4,5,6,7,8,9,36,48,54,55,56,57,58,59,60,61,62,90,115,116,120,135,151,152,153,154,155,156,157,169,177,179,181,193,194,197,207,208,216,220,237,238,239,240,241,242,243,244,250,251,294,301,305,310,312,388,405,406,407,408,434,435,436,437,438,439,453,458,468,522,526,527,528,529,760,761,
283;0;4127;4271;0;0,1,2,3,4,5,6,7,8,9,36,48,54,55,56,57,58,59,60,61,62,90,115,116,120,135,151,152,153,154,155,156,157,169,177,179,181,193,194,197,207,208,216,220,237,238,239,240,241,242,243,244,250,251,294,301,305,310,312,388,405,406,407,408,434,435,436,437,438,439,453,458,468,522,526,527,528,529,760,761,
283;1;4271;4344;0;0,1,2,3,4,5,6,7,8,9,36,48,54,55,56,57,58,59,60,61,62,90,115,116,120,135,151,152,153,154,155,156,157,169,177,179,181,193,194,197,207,208,216,220,237,238,239,240,241,242,243,244,250,251,294,301,305,310,312,388,405,406,407,408,434,435,436,437,438,439,453,458,468,522,526,527,528,529,760,761,
184;0;4344;4481;1;0,1,2,3,4,5,6,7,8,9,36,48,54,55,56,57,58,59,60,61,62,90,115,116,120,135,151,152,153,154,155,156,157,169,177,179,181,193,194,197,207,208,216,220,237,238,239,240,241,242,243,244,250,251,294,301,305,310,312,388,405,406,407,408,434,435,436,437,438,439,453,458,468,522,526,527,528,529,760,761,
184;1;4481;4657;1;0,1,2,3,4,5,6,7,8,9,36,48,54,55,56,57,58,59,60,61,62,90,115,116,120,135,151,152,153,154,155,156,157,169,177,179,181,193,194,197,207,208,216,220,237,238,239,240,241,242,243,244,250,251,294,301,305,310,312,388,405,406,407,408,434,435,436,437,438,439,453,458,468,522,526,527,528,529,760,761,
165;0;4657;4832;0;0,1,2,3,4,5,6,7,8,9,36,48,54,55,56,57,58,59,60,61,62,90,115,116,120,135,151,152,153,154,155,156,157,169,177,179,181,193,194,197,207,208,216,220,237,238,239,240,241,242,243,244,250,251,294,301,305,310,312,388,405,406,407,408,434,435,436,437,438,439,453,458,468,522,526,527,528,529,760,761,
197;0;4832;4892;0;0,1,2,3,4,5,6,7,8,9,36,48,54,55,56,57,58,59,60,61,62,90,115,116,120,135,151,152,153,154,155,156,157,169,177,179,181,193,194,197,207,208,216,220,237,238,239,240,241,242,243,244,250,251,294,301,305,310,312,388,405,406,407,408,434,435,436,437,438,439,453,458,468,522,526,527,528,529,760,761,
104;0;4892;5040;1;0,1,2,3,4,36,54,55,56,57,58,59,60,61,62,90,115,120,135,151,152,153,154,155,156,157,169,177,179,197,208,209,220,235,237,238,239,240,241,242,243,244,250,251,262,278,279,294,295,301,305,310,312,318,319,320,321,322,323,324,325,326,388,435,453,458,468,502,526,527,528,529,599,600,601,760,761,775,776,777,
104;1;5040;5210;1;0,1,2,3,4,36,54,55,56,57,58,59,60,61,62,90,115,120,135,151,152,153,154,155,156,157,169,177,179,197,208,209,220,235,237,238,239,240,241,242,243,244,250,251,262,278,279,294,295,301,305,310,312,318,319,320,321,322,323,324,325,326,388,435,453,458,468,502,526,527,528,529,599,600,601,760,761,775,776,777,
20;0;5210;5283;0;0,1,2,3,4,36,54,55,56,57,58,59,60,61,62,90,115,120,135,151,152,153,154,155,156,157,169,177,179,197,208,209,220,235,237,238,239,240,241,242,243,244,250,251,262,278,279,294,295,301,305,310,312,318,319,320,321,322,323,324,325,326,388,435,453,458,468,502,526,527,528,529,599,600,601,760,761,775,776,777,
10;0;5283;5379;0;0,1,2,3,4,36,54,55,56,57,58,59,60,61,62,90,115,120,135,151,152,153,154,155,156,157,169,177,179,197,208,209,220,235,237,238,239,240,241,242,243,244,250,251,262,278,279,294,295,301,305,310,312,318,319,320,321,322,323,324,325,326,388,435,453,458,468,502,526,527,528,529,599,600,601,760,761,775,776,777,
350;0;5379;5406;0;0,1,2,3,4,36,54,55,56,57,58,59,60,61,62,90,115,120,135,151,152,153,154,155,156,157,169,177,179,197,208,209,220,235,237,238,239,240,241,242,243,244,250,251,262,278,279,294,295,301,305,310,312,318,319,320,321,322,323,324,325,326,388,435,453,458,468,502,526,527,528,529,599,600,601,760,761,775,776,777,
7;0;5406;5437;0;0,1,2,3,4,36,54,55,56,57,58,59,60,61,62,90,115,120,135,151,152,153,154,155,156,157,169,177,179,197,208,209,220,235,237,238,239,240,241,242,243,244,250,251,262,278,279,294,295,301,305,310,312,318,319,320,321,322,323,324,325,326,388,435,453,458,468,502,526,527,528,529,599,600,601,760,761,775,776,777,
144;0;5437;5503;1;0,1,2,3,4,36,54,55,56,57,58,59,60,61,62,90,115,120,135,151,152,153,154,155,156,157,169,177,179,197,208,209,220,235,237,238,239,240,241,242,243,244,250,251,262,278,279,294,295,301,305,310,312,318,319,320,321,322,323,324,325,326,388,435,453,458,468,502,526,527,528,529,599,600,601,760,761,775,776,777,
144;1;5503;5563;1;0,1,2,3,4,36,54,55,56,57,58,59,60,61,62,90,115,120,135,151,152,153,154,155,156,157,169,177,179,197,208,209,220,235,237,238,239,240,241,242,243,244,250,251,262,278,279,294,295,301,305,310,312,318,319,320,321,322,323,324,325,326,388,435,453,458,468,502,526,527,528,529,599,600,601,760,761,775,776,777,
353;0;5563;5663;0;0,1,2,3,4,36,54,55,56,57,58,59,60,61,62,90,115,120,135,151,152,153,154,155,156,157,169,177,179,197,208,209,220,235,237,238,239,240,241,242,243,244,250,251,262,278,279,294,295,301,305,310,312,318,319,320,321,322,323,324,325,326,388,435,453,458,468,502,526,527,528,529,599,600,601,760,761,775,776,777,
353;1;5663;5807;0;0,1,2,3,4,36,54,55,56,57,58,59,60,61,62,90,115,120,135,151,152,153,154,155,156,157,169,177,179,197,208,209,220,235,237,238,239,240,241,242,243,244,250,251,262,278,279,294,295,301,305,310,312,318,319,320,321,322,323,324,325,326,388,435,453,458,468,502,526,527,528,529,599,600,601,760,761,775,776,777,
303;0;5807;5970;0;0,1,2,3,4,36,54,55,56,57,58,59,60,61,62,90,115,120,135,151,152,153,154,155,156,157,169,177,179,197,208,209,220,235,237,238,239,240,241,242,243,244,250,251,262,278,279,294,295,301,305,310,312,318,319,320,321,322,323,324,325,326,388,435,453,458,468,502,526,527,528,529,599,600,601,760,761,775,776,777,
303;1;5970;6043;0;0,1,2,3,4,36,54,55,56,57,58,59,60,61,62,90,115,120,135,151,152,153,154,155,156,157,169,177,179,197,208,209,220,235,237,238,239,240,241,242,243,244,250,251,262,278,279,294,295,301,305,310,312,318,319,320,321,322,323,324,325,326,388,435,453,458,468,502,526,527,528,529,599,600,601,760,761,775,776,777,
323;0;6043;6185;0;0,1,2,3,4,36,54,55,56,57,58,59,60,61,62,90,115,120,135,151,152,153,154,155,156,157,169,177,179,197,208,209,220,235,237,238,239,240,241,242,243,244,250,251,262,278,279,294,295,301,305,310,312,318,319,320,321,322,323,324,325,326,388,435,453,458,468,502,526,527,528,529,599,600,601,760,761,775,776,777,
323;1;6185;6229;0;0,1,2,3,4,36,54,55,56,57,58,59,60,61,62,90,115,120,135,151,152,153,154,155,156,157,169,177,179,197,208,209,220,235,237,238,239,240,241,242,243,244,250,251,262,278,279,294,295,301,305,310,312,318,319,320,321,322,323,324,325,326,388,435,453,458,468,502,526,527,528,529,599,600,601,760,761,775,776,777,
60;0;6229;6394;0;0,1,2,3,4,36,54,55,56,57,58,59,60,61,62,90,115,120,135,151,152,153,154,155,156,157,169,177,179,197,208,209,220,235,237,238,239,240,241,242,243,244,250,251,262,278,279,294,295,301,305,310,312,318,319,320,321,322,323,324,325,326,388,435,453,458,468,502,526,527,528,529,599,600,601,760,761,775,776,777,
41;0;6394;6427;1;0,1,2,3,4,36,54,55,56,57,58,59,60,61,62,90,115,120,135,151,152,153,154,155,156,157,169,177,179,197,208,209,220,235,237,238,239,240,241,242,243,244,250,251,262,278,279,294,295,301,305,310,312,318,319,320,321,322,323,324,325,326,388,435,453,458,468,502,526,527,528,529,599,600,601,760,761,775,776,777,
41;1;6427;6461;1;0,1,2,3,4,36,54,55,56,57,58,59,60,61,62,90,115,120,135,151,152,153,154,155,156,157,169,177,179,197,208,209,220,235,237,238,239,240,241,242,243,244,250,251,262,278,279,294,295,301,305,310,312,318,319,320,321,322,323,324,325,326,388,435,453,458,468,502,526,527,528,529,599,600,601,760,761,775,776,777,
117;0;6461;6641;0;0,1,75,115,120,134,135,143,153,155,169,177,179,196,197,208,209,220,237,238,239,240,241,242,243,244,250,251,259,262,278,279,294,295,298,301,302,305,312,363,388,458,462,468,484,485,486,487,488,490,491,492,493,494,495,496,497,498,499,500,501,502,503,504,562,563,564,565,566,567,568,569,599,600,601,657,658,659,760,761,
115;0;6641;6764;0;0,1,75,115,120,134,135,143,153,155,169,177,179,196,197,208,209,220,237,238,239,240,241,242,243,244,250,251,259,262,278,279,294,295,298,301,302,305,312,363,388,458,462,468,484,485,486,487,488,490,491,492,493,494,495,496,497,498,499,500,501,502,503,504,562,563,564,565,566,567,568,569,599,600,601,657,658,659,760,761,
354;0;6764;6817;1;0,1,75,115,120,134,135,143,153,155,169,177,179,196,197,208,209,220,237,238,239,240,241,242,243,244,250,251,259,262,278,279,294,295,298,301,302,305,312,363,388,458,462,468,484,485,486,487,488,490,491,492,493,494,495,496,497,498,499,500,501,502,503,504,562,563,564,565,566,567,568,569,599,600,601,657,658,659,760,761,
354;1;6817;6967;1;0,1,75,115,120,134,135,143,153,155,169,177,179,196,197,208,209,220,237,238,239,240,241,242,243,244,250,251,259,262,278,279,294,295,298,301,302,305,312,363,388,458,462,468,484,485,486,487,488,490,491,492,493,494,495,496,497,498,499,500,501,502,503,504,562,563,564,565,566,567,568,569,599,600,601,657,658,659,760,761,
192;0;6967;7011;0;0,1,75,115,120,134,135,143,153,155,169,177,179,196,197,208,209,220,237,238,239,240,241,242,243,244,250,251,259,262,278,279,294,295,298,301,302,305,312,363,388,458,462,468,484,485,486,487,488,490,491,492,493,494,495,496,497,498,499,500,501,502,503,504,562,563,564,565,566,567,568,569,599,600,601,657,658,659,760,761,
359;0;7011;7166;1;0,1,75,115,120,134,135,143,153,155,169,177,179,196,197,208,209,220,237,238,239,240,241,242,243,244,250,251,259,262,278,279,294,295,298,301,302,305,312,363,388,458,462,468,484,485,486,487,488,490,491,492,493,494,495,496,497,498,499,500,501,502,503,504,562,563,564,565,566,567,568,569,599,600,601,657,658,659,760,761,
359;1;7166;7289;1;0,1,75,115,120,134,135,143,153,155,169,177,179,196,197,208,209,220,237,238,239,240,241,242,243,244,250,251,259,262,278,279,294,295,298,301,302,305,312,363,388,458,462,468,484,485,486,487,488,490,491,492,493,494,495,496,497,498,499,500,501,502,503,504,562,563,564,565,566,567,568,569,599,600,601,657,658,659,760,761,
267;0;7289;7372;0;0,1,75,115,120,134,135,143,153,155,169,177,179,196,197,208,209,220,237,238,239,240,241,242,243,244,250,251,259,262,278,279,294,295,298,301,302,305,312,363,388,458,462,468,484,485,486,487,488,490,491,492,493,494,495,496,497,498,499,500,501,502,503,504,562,563,564,565,566,567,568,569,599,600,601,657,658,659,760,761,
198;0;7372;7540;0;0,1,75,115,120,134,135,143,153,155,169,177,179,196,197,208,209,220,237,238,239,240,241,242,243,244,250,251,259,262,278,279,294,295,298,301,302,305,312,363,388,458,462,468,484,485,486,487,488,490,491,492,493,494,495,496,497,498,499,500,501,502,503,504,562,563,564,565,566,567,568,569,599,600,601,657,658,659,760,761,
198;1;7540;7671;0;0,1,75,115,120,134,135,143,153,155,169,177,179,196,197,208,209,220,237,238,239,240,241,242,243,244,250,251,259,262,278,279,294,295,298,301,302,305,312,363,388,458,462,468,484,485,486,487,488,490,491,492,493,494,495,496,497,498,499,500,501,502,503,504,562,563,564,565,566,567,568,569,599,600,601,657,658,659,760,761,
313;0;7671;7688;0;0,1,75,115,120,134,135,143,153,155,169,177,179,196,197,208,209,220,237,238,239,240,241,242,243,244,250,251,259,262,278,279,294,295,298,301,302,305,312,363,388,458,462,468,484,485,486,487,488,490,491,492,493,494,495,496,497,498,499,500,501,502,503,504,562,563,564,565,566,567,568,569,599,600,601,657,658,659,760,761,
313;1;7688;7811;0;0,1,75,115,120,134,135,143,153,155,169,177,179,196,197,208,209,220,237,238,239,240,241,242,243,244,250,251,259,262,278,279,294,295,298,301,302,305,312,363,388,458,462,468,484,485,486,487,488,490,491,492,493,494,495,496,497,498,499,500,501,502,503,504,562,563,564,565,566,567,568,569,599,600,601,657,658,659,760,761,
53;0;7811;7960;0;0,30,31,32,33,34,35,70,71,72,73,74,75,76,77,78,79,120,135,177,179,182,196,197,208,209,220,221,237,238,239,240,241,242,243,244,248,249,250,251,252,262,289,290,291,292,293,294,295,296,297,298,299,300,301,302,303,304,305,306,307,451,458,459,460,611,631,781,782,783,784,785,786,787,788,789,790,791,792,793,
53;1;7960;8020;0;0,30,31,32,33,34,35,70,71,72,73,74,75,76,77,78,79,120,135,177,179,182,196,197,208,209,220,221,237,238,239,240,241,242,243,244,248,249,250,251,252,262,289,290,291,292,293,294,295,296,297,298,299,300,301,302,303,304,305,306,307,451,458,459,460,611,631,781,782,783,784,785,786,787,788,789,790,791,792,793,
148;0;8020;8032;0;0,30,31,32,33,34,35,70,71,72,73,74,75,76,77,78,79,120,135,177,179,182,196,197,208,209,220,221,237,238,239,240,241,242,243,244,248,249,250,251,252,262,289,290,291,292,293,294,295,296,297,298,299,300,301,302,303,304,305,306,307,451,458,459,460,611,631,781,782,783,784,785,786,787,788,789,790,791,792,793,
148;1;8032;8071;0;0,30,31,32,33,34,35,70,71,72,73,74,75,76,77,78,79,120,135,177,179,182,196,197,208,209,220,221,237,238,239,240,241,242,243,244,248,249,250,251,252,262,289,290,291,292,293,294,295,296,297,298,299,300,301,302,303,304,305,306,307,451,458,459,460,611,631,781,782,783,784,785,786,787,788,789,790,791,792,793,
74;0;8071;8131;1;0,30,31,32,33,34,35,70,71,72,73,74,75,76,77,78,79,120,135,177,179,182,196,197,208,209,220,221,237,238,239,240,241,242,243,244,248,249,250,251,252,262,289,290,291,292,293,294,295,296,297,298,299,300,301,302,303,304,305,306,307,451,458,459,460,611,631,781,782,783,784,785,786,787,788,789,790,791,792,793,
74;1;8131;8173;1;0,30,31,32,33,34,35,70,71,72,73,74,75,76,77,78,79,120,135,177,179,182,196,197,208,209,220,221,237,238,239,240,241,242,243,244,248,249,250,251,252,262,289,290,291,292,293,294,295,296,297,298,299,300,301,302,303,304,305,306,307,451,458,459,460,611,631,781,782,783,784,785,786,787,788,789,790,791,792,793,
194;0;8173;8193;1;0,30,31,32,33,34,35,70,71,72,73,74,75,76,77,78,79,120,135,177,179,182,196,197,208,209,220,221,237,238,239,240,241,242,243,244,248,249,250,251,252,262,289,290,291,292,293,294,295,296,297,298,299,300,301,302,303,304,305,306,307,451,458,459,460,611,631,781,782,783,784,785,786,787,788,789,790,791,792,793,
194;1;8193;8253;1;0,30,31,32,33,34,35,70,71,72,73,74,75,76,77,78,79,120,135,177,179,182,196,197,208,209,220,221,237,238,239,240,241,242,243,244,248,249,250,251,252,262,289,290,291,292,293,294,295,296,297,298,299,300,301,302,303,304,305,306,307,451,458,459,460,611,631,781,782,783,784,785,786,787,788,789,790,791,792,793,
3;0;8253;8337;0;0,30,31,32,33,34,35,70,71,72,73,74,75,76,77,78,79,120,135,177,179,182,196,197,208,209,220,221,237,238,239,240,241,242,243,244,248,249,250,251,252,262,289,290,291,292,293,294,295,296,297,298,299,300,301,302,303,304,305,306,307,451,458,459,460,611,631,781,782,783,784,785,786,787,788,789,790,791,792,793,
3;1;8337;8379;0;0,30,31,32,33,34,35,70,71,72,73,74,75,76,77,78,79,120,135,177,179,182,196,197,208,209,220,221,237,238,239,240,241,242,243,244,248,249,250,251,252,262,289,290,291,292,293,294,295,296,297,298,299,300,301,302,303,304,305,306,307,451,458,459,460,611,631,781,782,783,784,785,786,787,788,789,790,791,792,793,
52;0;8379;8413;0;0,30,31,32,33,34,35,70,71,72,73,74,75,76,77,78,79,120,135,177,179,182,196,197,208,209,220,221,237,238,239,240,241,242,243,244,248,249,250,251,252,262,289,290,291,292,293,294,295,296,297,298,299,300,301,302,303,304,305,306,307,451,458,459,460,611,631,781,782,783,784,785,786,787,788,789,790,791,792,793,
46;0;8413;8473;1;0,30,31,32,33,34,35,70,71,72,73,74,75,76,77,78,79,120,135,177,179,182,196,197,208,209,220,221,237,238,239,240,241,242,243,244,248,249,250,251,252,262,289,290,291,292,293,294,295,296,297,298,299,300,301,302,303,304,305,306,307,451,458,459,460,611,631,781,782,783,784,785,786,787,788,789,790,791,792,793,
46;1;8473;8643;1;0,30,31,32,33,34,35,70,71,72,73,74,75,76,77,78,79,120,135,177,179,182,196,197,208,209,220,221,237,238,239,240,241,242,243,244,248,249,250,251,252,262,289,290,291,292,293,294,295,296,297,298,299,300,301,302,303,304,305,306,307,451,458,459,460,611,631,781,782,783,784,785,786,787,788,789,790,791,792,793,
133;0;8643;8777;0;0,30,31,32,33,34,35,70,71,72,73,74,75,76,77,78,79,120,135,177,179,182,196,197,208,209,220,221,237,238,239,240,241,242,243,244,248,249,250,251,252,262,289,290,291,292,293,294,295,296,297,298,299,300,301,302,303,304,305,306,307,451,458,459,460,611,631,781,782,783,784,785,786,787,788,789,790,791,792,793,
133;1;8777;8947;0;0,30,31,32,33,34,35,70,71,72,73,74,75,76,77,78,79,120,135,177,179,182,196,197,208,209,220,221,237,238,239,240,241,242,243,244,248,249,250,251,252,262,289,290,291,292,293,294,295,296,297,298,299,300,301,302,303,304,305,306,307,451,458,459,460,611,631,781,782,783,784,785,786,787,788,789,790,791,792,793,
250;0;8947;8983;0;0,30,31,32,33,34,35,70,71,72,73,74,75,76,77,78,79,120,135,177,179,182,196,197,208,209,220,221,237,238,239,240,241,242,243,244,248,249,250,251,252,262,289,290,291,292,293,294,295,296,297,298,299,300,301,302,303,304,305,306,307,451,458,459,460,611,631,781,782,783,784,785,786,787,788,789,790,791,792,793,
365;0;8983;9149;0;0,30,31,32,33,34,35,70,71,72,73,74,75,76,77,78,79,120,135,177,179,182,196,197,208,209,220,221,237,238,239,240,241,242,243,244,248,249,250,251,252,262,289,290,291,292,293,294,295,296,297,298,299,300,301,302,303,304,305,306,307,451,458,459,460,611,631,781,782,783,784,785,786,787,788,789,790,791,792,793,
231;0;9149;9286;1;0,30,31,32,33,34,35,70,71,72,73,74,75,76,77,78,79,120,135,177,179,182,196,197,208,209,220,221,237,238,239,240,241,242,243,244,248,249,250,251,252,262,289,290,291,292,293,294,295,296,297,298,299,300,301,302,303,304,305,306,307,451,458,459,460,611,631,781,782,783,784,785,786,787,788,789,790,791,792,793,
231;1;9286;9320;1;0,30,31,32,33,34,35,70,71,72,73,74,75,76,77,78,79,120,135,177,179,182,196,197,208,209,220,221,237,238,239,240,241,242,243,244,248,249,250,251,252,262,289,290,291,292,293,294,295,296,297,298,299,300,301,302,303,304,305,306,307,451,458,459,460,611,631,781,782,783,784,785,786,787,788,789,790,791,792,793,
105;0;9320;9386;0;0,30,31,32,33,34,35,70,71,72,73,74,75,76,77,78,79,120,135,177,179,182,196,197,208,209,220,221,237,238,239,240,241,242,243,244,248,249,250,251,252,262,289,290,291,292,293,294,295,296,297,298,299,300,301,302,303,304,305,306,307,451,458,459,460,611,631,781,782,783,784,785,786,787,788,789,790,791,792,793,
218;0;9386;9561;0;0,30,31,32,33,34,35,70,71,72,73,74,75,76,77,78,79,120,135,177,179,182,196,197,208,209,220,221,237,238,239,240,241,242,243,244,248,249,250,251,252,262,289,290,291,292,293,294,295,296,297,298,299,300,301,302,303,304,305,306,307,451,458,459,460,611,631,781,782,783,784,785,786,787,788,789,790,791,792,793,
218;1;9561;9627;0;0,30,31,32,33,34,35,70,71,72,73,74,75,76,77,78,79,120,135,177,179,182,196,197,208,209,220,221,237,238,239,240,241,242,243,244,248,249,250,251,252,262,289,290,291,292,293,294,295,296,297,298,299,300,301,302,303,304,305,306,307,451,458,459,460,611,631,781,782,783,784,785,786,787,788,789,790,791,792,793,
270;0;9627;9661;0;0,30,31,32,33,34,35,70,71,72,73,74,75,76,77,78,79,120,135,177,179,182,196,197,208,209,220,221,237,238,239,240,241,242,243,244,248,249,250,251,252,262,289,290,291,292,293,294,295,296,297,298,299,300,301,302,303,304,305,306,307,451,458,459,460,611,631,781,782,783,784,785,786,787,788,789,790,791,792,793,
234;0;9661;9710;1;0,30,31,32,33,34,35,70,71,72,73,74,75,76,77,78,79,120,135,177,179,182,196,197,208,209,220,221,237,238,239,240,241,242,243,244,248,249,250,251,252,262,289,290,291,292,293,294,295,296,297,298,299,300,301,302,303,304,305,306,307,451,458,459,460,611,631,781,782,783,784,785,786,787,788,789,790,791,792,793,
234;1;9710;9744;1;0,30,31,32,33,34,35,70,71,72,73,74,75,76,77,78,79,120,135,177,179,182,196,197,208,209,220,221,237,238,239,240,241,242,243,244,248,249,250,251,252,262,289,290,291,292,293,294,295,296,297,298,299,300,301,302,303,304,305,306,307,451,458,459,460,611,631,781,782,783,784,785,786,787,788,789,790,791,792,793,
356;0;9744;9754;1;0,30,31,32,33,34,35,70,71,72,73,74,75,76,77,78,79,120,135,177,179,182,196,197,208,209,220,221,237,238,239,240,241,242,243,244,248,249,250,251,252,262,289,290,291,292,293,294,295,296,297,298,299,300,301,302,303,304,305,306,307,451,458,459,460,611,631,781,782,783,784,785,786,787,788,789,790,791,792,793,
356;1;9754;9842;1;0,30,31,32,33,34,35,70,71,72,73,74,75,76,77,78,79,120,135,177,179,182,196,197,208,209,220,221,237,238,239,240,241,242,243,244,248,249,250,251,252,262,289,290,291,292,293,294,295,296,297,298,299,300,301,302,303,304,305,306,307,451,458,459,460,611,631,781,782,783,784,785,786,787,788,789,790,791,792,793,
125;0;9842;9881;0;0,30,31,32,33,34,35,70,71,72,73,74,75,76,77,78,79,120,135,177,179,182,196,197,208,209,220,221,237,238,239,240,241,242,243,244,248,249,250,251,252,262,289,290,291,292,293,294,295,296,297,298,299,300,301,302,303,304,305,306,307,451,458,459,460,611,631,781,782,783,784,785,786,787,788,789,790,791,792,793,
9;0;9881;10007;1;0,30,31,32,33,34,35,70,71,72,73,74,75,76,77,78,79,120,135,177,179,182,196,197,208,209,220,221,237,238,239,240,241,242,243,244,248,249,250,251,252,262,289,290,291,292,293,294,295,296,297,298,299,300,301,302,303,304,305,306,307,451,458,459,460,611,631,781,782,783,784,785,786,787,788,789,790,791,792,793,
9;1;10007;10070;1;0,30,31,32,33,34,35,70,71,72,73,74,75,76,77,78,79,120,135,177,179,182,196,197,208,209,220,221,237,238,239,240,241,242,243,244,248,249,250,251,252,262,289,290,291,292,293,294,295,296,297,298,299,300,301,302,303,304,305,306,307,451,458,459,460,611,631,781,782,783,784,785,786,787,788,789,790,791,792,793,
Machine: 3
37;0;0;50;0;2,27,36,52,90,120,135,151,152,153,154,155,156,157,169,177,178,179,180,181,182,200,208,220,221,253,254,255,256,257,258,259,260,261,351,352,353,354,355,356,357,358,359,360,365,366,367,368,369,370,371,372,395,396,397,398,399,434,451,452,453,454,455,456,457,461,746,747,748,749,750,751,752,753,754,755,756,757,758,759,
101;0;50;123;1;2,27,36,52,90,120,135,151,152,153,154,155,156,157,169,177,178,179,180,181,182,200,208,220,221,253,254,255,256,257,258,259,260,261,351,352,353,354,355,356,357,358,359,360,365,366,367,368,369,370,371,372,395,396,397,398,399,434,451,452,453,454,455,456,457,461,746,747,748,749,750,751,752,753,754,755,756,757,758,759,
101;1;123;145;1;2,27,36,52,90,120,135,151,152,153,154,155,156,157,169,177,178,179,180,181,182,200,208,220,221,253,254,255,256,257,258,259,260,261,351,352,353,354,355,356,357,358,359,360,365,366,367,368,369,370,371,372,395,396,397,398,399,434,451,452,453,454,455,456,457,461,746,747,748,749,750,751,752,753,754,755,756,757,758,759,
310;0;145;174;0;2,27,36,52,90,120,135,151,152,153,154,155,156,157,169,177,178,179,180,181,182,200,208,220,221,253,254,255,256,257,258,259,260,261,351,352,353,354,355,356,357,358,359,360,365,366,367,368,369,370,371,372,395,396,397,398,399,434,451,452,453,454,455,456,457,461,746,747,748,749,750,751,752,753,754,755,756,757,758,759,
75;0;174;289;0;2,27,36,52,90,120,135,151,152,153,154,155,156,157,169,177,178,179,180,181,182,200,208,220,221,253,254,255,256,257,258,259,260,261,351,352,353,354,355,356,357,358,359,360,365,366,367,368,369,370,371,372,395,396,397,398,399,434,451,452,453,454,455,456,457,461,746,747,748,749,750,751,752,753,754,755,756,757,758,759,
79;0;289;369;1;2,27,36,52,90,120,135,151,152,153,154,155,156,157,169,177,178,179,180,181,182,200,208,220,221,253,254,255,256,257,258,259,260,261,351,352,353,354,355,356,357,358,359,360,365,366,367,368,369,370,371,372,395,396,397,398,399,434,451,452,453,454,455,456,457,461,746,747,748,749,750,751,752,753,754,755,756,757,758,759,
79;1;369;390;1;2,27,36,52,90,120,135,151,152,153,154,155,156,157,169,177,178,179,180,181,182,200,208,220,221,253,254,255,256,257,258,259,260,261,351,352,353,354,355,356,357,358,359,360,365,366,367,368,369,370,371,372,395,396,397,398,399,434,451,452,453,454,455,456,457,461,746,747,748,749,750,751,752,753,754,755,756,757,758,759,
178;0;390;435;0;2,27,36,52,90,120,135,151,152,153,154,155,156,157,169,177,178,179,180,181,182,200,208,220,221,253,254,255,256,257,258,259,260,261,351,352,353,354,355,356,357,358,359,360,365,366,367,368,369,370,371,372,395,396,397,398,399,434,451,452,453,454,455,456,457,461,746,747,748,749,750,751,752,753,754,755,756,757,758,759,
178;1;435;508;0;2,27,36,52,90,120,135,151,152,153,154,155,156,157,169,177,178,179,180,181,182,200,208,220,221,253,254,255,256,257,258,259,260,261,351,352,353,354,355,356,357,358,359,360,365,366,367,368,369,370,371,372,395,396,397,398,399,434,451,452,453,454,455,456,457,461,746,747,748,749,750,751,752,753,754,755,756,757,758,759,
25;0;508;592;0;2,27,36,52,90,120,135,151,152,153,154,155,156,157,169,177,178,179,180,181,182,200,208,220,221,253,254,255,256,257,258,259,260,261,351,352,353,354,355,356,357,358,359,360,365,366,367,368,369,370,371,372,395,396,397,398,399,434,451,452,453,454,455,456,457,461,746,747,748,749,750,751,752,753,754,755,756,757,758,759,
228;0;592;745;0;2,18,27,36,38,44,52,80,81,82,84,85,90,98,99,100,101,120,135,142,143,144,145,146,147,148,149,150,151,152,153,154,155,156,157,169,177,178,179,180,182,208,211,212,213,220,221,253,254,255,256,257,258,259,260,261,365,366,367,368,369,370,371,372,395,396,397,398,399,419,421,461,507,508,509,599,794,795,796,797,
228;1;745;760;0;2,18,27,36,38,44,52,80,81,82,84,85,90,98,99,100,101,120,135,142,143,144,145,146,147,148,149,150,151,152,153,154,155,156,157,169,177,178,179,180,182,208,211,212,213,220,221,253,254,255,256,257,258,259,260,261,365,366,367,368,369,370,371,372,395,396,397,398,399,419,421,461,507,508,509,599,794,795,796,797,
189;0;760;878;1;2,18,27,36,38,44,52,80,81,82,84,85,90,98,99,100,101,120,135,142,143,144,145,146,147,148,149,150,151,152,153,154,155,156,157,169,177,178,179,180,182,208,211,212,213,220,221,253,254,255,256,257,258,259,260,261,365,366,367,368,369,370,371,372,395,396,397,398,399,419,421,461,507,508,509,599,794,795,796,797,
189;1;878;899;1;2,18,27,36,38,44,52,80,81,82,84,85,90,98,99,100,101,120,135,142,143,144,145,146,147,148,149,150,151,152,153,154,155,156,157,169,177,178,179,180,182,208,211,212,213,220,221,253,254,255,256,257,258,259,260,261,365,366,367,368,369,370,371,372,395,396,397,398,399,419,421,461,507,508,509,599,794,795,796,797,
308;0;899;965;0;2,18,27,36,38,44,52,80,81,82,84,85,90,98,99,100,101,120,135,142,143,144,145,146,147,148,149,150,151,152,153,154,155,156,157,169,177,178,179,180,182,208,211,212,213,220,221,253,254,255,256,257,258,259,260,261,365,366,367,368,369,370,371,372,395,396,397,398,399,419,421,461,507,508,509,599,794,795,796,797,
308;1;965;1004;0;2,18,27,36,38,44,52,80,81,82,84,85,90,98,99,100,101,120,135,142,143,144,145,146,147,148,149,150,151,152,153,154,155,156,157,169,177,178,179,180,182,208,211,212,213,220,221,253,254,255,256,257,258,259,260,261,365,366,367,368,369,370,371,372,395,396,397,398,399,419,421,461,507,508,509,599,794,795,796,797,
386;0;1004;1050;1;2,18,27,36,38,44,52,80,81,82,84,85,90,98,99,100,101,120,135,142,143,144,145,146,147,148,149,150,151,152,153,154,155,156,157,169,177,178,179,180,182,208,211,212,213,220,221,253,254,255,256,257,258,259,260,261,365,366,367,368,369,370,371,372,395,396,397,398,399,419,421,461,507,508,509,599,794,795,796,797,
386;1;1050;1206;1;2,18,27,36,38,44,52,80,81,82,84,85,90,98,99,100,101,120,135,142,143,144,145,146,147,148,149,150,151,152,153,154,155,156,157,169,177,178,179,180,182,208,211,212,213,220,221,253,254,255,256,257,258,259,260,261,365,366,367,368,369,370,371,372,395,396,397,398,399,419,421,461,507,508,509,599,794,795,796,797,
284;0;1206;1364;1;2,18,27,36,38,44,52,80,81,82,84,85,90,98,99,100,101,120,135,142,143,144,145,146,147,148,149,150,151,152,153,154,155,156,157,169,177,178,179,180,182,208,211,212,213,220,221,253,254,255,256,257,258,259,260,261,365,366,367,368,369,370,371,372,395,396,397,398,399,419,421,461,507,508,509,599,794,795,796,797,
284;1;1364;1544;1;2,18,27,36,38,44,52,80,81,82,84,85,90,98,99,100,101,120,135,142,143,144,145,146,147,148,149,150,151,152,153,154,155,156,157,169,177,178,179,180,182,208,211,212,213,220,221,253,254,255,256,257,258,259,260,261,365,366,367,368,369,370,371,372,395,396,397,398,399,419,421,461,507,508,509,599,794,795,796,797,
247;0;1544;1593;0;2,18,27,36,38,44,52,80,81,82,84,85,90,98,99,100,101,120,135,142,143,144,145,146,147,148,149,150,151,152,153,154,155,156,157,169,177,178,179,180,182,208,211,212,213,220,221,253,254,255,256,257,258,259,260,261,365,366,367,368,369,370,371,372,395,396,397,398,399,419,421,461,507,508,509,599,794,795,796,797,
84;0;1593;1637;1;2,18,27,36,38,44,52,80,81,82,84,85,90,98,99,100,101,120,135,142,143,144,145,146,147,148,149,150,151,152,153,154,155,156,157,169,177,178,179,180,182,208,211,212,213,220,221,253,254,255,256,257,258,259,260,261,365,366,367,368,369,370,371,372,395,396,397,398,399,419,421,461,507,508,509,599,794,795,796,797,
84;1;1637;1652;1;2,18,27,36,38,44,52,80,81,82,84,85,90,98,99,100,101,120,135,142,143,144,145,146,147,148,149,150,151,152,153,154,155,156,157,169,177,178,179,180,182,208,211,212,213,220,221,253,254,255,256,257,258,259,260,261,365,366,367,368,369,370,371,372,395,396,397,398,399,419,421,461,507,508,509,599,794,795,796,797,
65;0;1652;1816;0;2,18,27,36,38,44,52,80,81,82,84,85,90,98,99,100,101,120,135,142,143,144,145,146,147,148,149,150,151,152,153,154,155,156,157,169,177,178,179,180,182,208,211,212,213,220,221,253,254,255,256,257,258,259,260,261,365,366,367,368,369,370,371,372,395,396,397,398,399,419,421,461,507,508,509,599,794,795,796,797,
180;0;1816;1850;0;2,18,27,36,38,44,52,80,81,82,84,85,90,98,99,100,101,120,135,142,143,144,145,146,147,148,149,150,151,152,153,154,155,156,157,169,177,178,179,180,182,208,211,212,213,220,221,253,254,255,256,257,258,259,260,261,365,366,367,368,369,370,371,372,395,396,397,398,399,419,421,461,507,508,509,599,794,795,796,797,
264;0;1850;1964;1;2,18,27,36,38,44,52,80,81,82,84,85,90,98,99,100,101,120,135,142,143,144,145,146,147,148,149,150,151,152,153,154,155,156,157,169,177,178,179,180,182,208,211,212,213,220,221,253,254,255,256,257,258,259,260,261,365,366,367,368,369,370,371,372,395,396,397,398,399,419,421,461,507,508,509,599,794,795,796,797,
264;1;1964;2014;1;2,18,27,36,38,44,52,80,81,82,84,85,90,98,99,100,101,120,135,142,143,144,145,146,147,148,149,150,151,152,153,154,155,156,157,169,177,178,179,180,182,208,211,212,213,220,221,253,254,255,256,257,258,259,260,261,365,366,367,368,369,370,371,372,395,396,397,398,399,419,421,461,507,508,509,599,794,795,796,797,
38;0;2014;2088;0;2,18,27,36,38,44,52,54,66,77,85,90,108,109,110,111,112,113,114,115,120,135,142,143,144,145,146,147,148,149,150,151,153,154,155,157,169,173,174,175,176,177,182,197,208,211,212,213,220,221,222,223,224,225,226,227,228,253,254,259,260,262,395,396,397,398,399,419,421,485,489,502,507,508,509,606,607,608,609,610,
38;1;2088;2164;0;2,18,27,36,38,44,52,54,66,77,85,90,108,109,110,111,112,113,114,115,120,135,142,143,144,145,146,147,148,149,150,151,153,154,155,157,169,173,174,175,176,177,182,197,208,211,212,213,220,221,222,223,224,225,226,227,228,253,254,259,260,262,395,396,397,398,399,419,421,485,489,502,507,508,509,606,607,608,609,610,
19;0;2164;2312;1;2,18,27,36,38,44,52,54,66,77,85,90,108,109,110,111,112,113,114,115,120,135,142,143,144,145,146,147,148,149,150,151,153,154,155,157,169,173,174,175,176,177,182,197,208,211,212,213,220,221,222,223,224,225,226,227,228,253,254,259,260,262,395,396,397,398,399,419,421,485,489,502,507,508,509,606,607,608,609,610,
19;1;2312;2476;1;2,18,27,36,38,44,52,54,66,77,85,90,108,109,110,111,112,113,114,115,120,135,142,143,144,145,146,147,148,149,150,151,153,154,155,157,169,173,174,175,176,177,182,197,208,211,212,213,220,221,222,223,224,225,226,227,228,253,254,259,260,262,395,396,397,398,399,419,421,485,489,502,507,508,509,606,607,608,609,610,
309;0;2476;2634;1;2,18,27,36,38,44,52,54,66,77,85,90,108,109,110,111,112,113,114,115,120,135,142,143,144,145,146,147,148,149,150,151,153,154,155,157,169,173,174,175,176,177,182,197,208,211,212,213,220,221,222,223,224,225,226,227,228,253,254,259,260,262,395,396,397,398,399,419,421,485,489,502,507,508,509,606,607,608,609,610,
309;1;2634;2649;1;2,18,27,36,38,44,52,54,66,77,85,90,108,109,110,111,112,113,114,115,120,135,142,143,144,145,146,147,148,149,150,151,153,154,155,157,169,173,174,175,176,177,182,197,208,211,212,213,220,221,222,223,224,225,226,227,228,253,254,259,260,262,395,396,397,398,399,419,421,485,489,502,507,508,509,606,607,608,609,610,
24;0;2649;2752;1;2,18,27,36,38,44,52,54,66,77,85,90,108,109,110,111,112,113,114,115,120,135,142,143,144,145,146,147,148,149,150,151,153,154,155,157,169,173,174,175,176,177,182,197,208,211,212,213,220,221,222,223,224,225,226,227,228,253,254,259,260,262,395,396,397,398,399,419,421,485,489,502,507,508,509,606,607,608,609,610,
24;1;2752;2764;1;2,18,27,36,38,44,52,54,66,77,85,90,108,109,110,111,112,113,114,115,120,135,142,143,144,145,146,147,148,149,150,151,153,154,155,157,169,173,174,175,176,177,182,197,208,211,212,213,220,221,222,223,224,225,226,227,228,253,254,259,260,262,395,396,397,398,399,419,421,485,489,502,507,508,509,606,607,608,609,610,
216;0;2764;2921;1;2,18,27,36,38,44,52,54,66,77,85,90,108,109,110,111,112,113,114,115,120,135,142,143,144,145,146,147,148,149,150,151,153,154,155,157,169,173,174,175,176,177,182,197,208,211,212,213,220,221,222,223,224,225,226,227,228,253,254,259,260,262,395,396,397,398,399,419,421,485,489,502,507,508,509,606,607,608,609,610,
216;1;2921;3091;1;2,18,27,36,38,44,52,54,66,77,85,90,108,109,110,111,112,113,114,115,120,135,142,143,144,145,146,147,148,149,150,151,153,154,155,157,169,173,174,175,176,177,182,197,208,211,212,213,220,221,222,223,224,225,226,227,228,253,254,259,260,262,395,396,397,398,399,419,421,485,489,502,507,508,509,606,607,608,609,610,
203;0;3091;3255;0;2,18,27,36,38,44,52,54,66,77,85,90,108,109,110,111,112,113,114,115,120,135,142,143,144,145,146,147,148,149,150,151,153,154,155,157,169,173,174,175,176,177,182,197,208,211,212,213,220,221,222,223,224,225,226,227,228,253,254,259,260,262,395,396,397,398,399,419,421,485,489,502,507,508,509,606,607,608,609,610,
203;1;3255;3386;0;2,18,27,36,38,44,52,54,66,77,85,90,108,109,110,111,112,113,114,115,120,135,142,143,144,145,146,147,148,149,150,151,153,154,155,157,169,173,174,175,176,177,182,197,208,211,212,213,220,221,222,223,224,225,226,227,228,253,254,259,260,262,395,396,397,398,399,419,421,485,489,502,507,508,509,606,607,608,609,610,
205;0;3386;3554;0;2,18,27,36,38,44,52,54,66,77,85,90,108,109,110,111,112,113,114,115,120,135,142,143,144,145,146,147,148,149,150,151,153,154,155,157,169,173,174,175,176,177,182,197,208,211,212,213,220,221,222,223,224,225,226,227,228,253,254,259,260,262,395,396,397,398,399,419,421,485,489,502,507,508,509,606,607,608,609,610,
126;0;3554;3668;1;2,18,27,36,38,44,52,54,66,77,85,90,108,109,110,111,112,113,114,115,120,135,142,143,144,145,146,147,148,149,150,151,153,154,155,157,169,173,174,175,176,177,182,197,208,211,212,213,220,221,222,223,224,225,226,227,228,253,254,259,260,262,395,396,397,398,399,419,421,485,489,502,507,508,509,606,607,608,609,610,
126;1;3668;3702;1;2,18,27,36,38,44,52,54,66,77,85,90,108,109,110,111,112,113,114,115,120,135,142,143,144,145,146,147,148,149,150,151,153,154,155,157,169,173,174,175,176,177,182,197,208,211,212,213,220,221,222,223,224,225,226,227,228,253,254,259,260,262,395,396,397,398,399,419,421,485,489,502,507,508,509,606,607,608,609,610,
215;0;3702;3752;0;2,18,27,36,38,44,52,54,66,77,85,90,108,109,110,111,112,113,114,115,120,135,142,143,144,145,146,147,148,149,150,151,153,154,155,157,169,173,174,175,176,177,182,197,208,211,212,213,220,221,222,223,224,225,226,227,228,253,254,259,260,262,395,396,397,398,399,419,421,485,489,502,507,508,509,606,607,608,609,610,
361;0;3752;3893;1;2,18,27,36,38,44,52,54,66,77,85,90,108,109,110,111,112,113,114,115,120,135,142,143,144,145,146,147,148,149,150,151,153,154,155,157,169,173,174,175,176,177,182,197,208,211,212,213,220,221,222,223,224,225,226,227,228,253,254,259,260,262,395,396,397,398,399,419,421,485,489,502,507,508,509,606,607,608,609,610,
361;1;3893;4057;1;2,18,27,36,38,44,52,54,66,77,85,90,108,109,110,111,112,113,114,115,120,135,142,143,144,145,146,147,148,149,150,151,153,154,155,157,169,173,174,175,176,177,182,197,208,211,212,213,220,221,222,223,224,225,226,227,228,253,254,259,260,262,395,396,397,398,399,419,421,485,489,502,507,508,509,606,607,608,609,610,
116;0;4057;4158;1;2,18,27,36,38,44,52,54,66,77,85,90,108,109,110,111,112,113,114,115,120,135,142,143,144,145,146,147,148,149,150,151,153,154,155,157,169,173,174,175,176,177,182,197,208,211,212,213,220,221,222,223,224,225,226,227,228,253,254,259,260,262,395,396,397,398,399,419,421,485,489,502,507,508,509,606,607,608,609,610,
116;1;4158;4310;1;2,18,27,36,38,44,52,54,66,77,85,90,108,109,110,111,112,113,114,115,120,135,142,143,144,145,146,147,148,149,150,151,153,154,155,157,169,173,174,175,176,177,182,197,208,211,212,213,220,221,222,223,224,225,226,227,228,253,254,259,260,262,395,396,397,398,399,419,421,485,489,502,507,508,509,606,607,608,609,610,
201;0;4310;4349;1;2,18,27,36,38,44,52,54,66,77,85,90,108,109,110,111,112,113,114,115,120,135,142,143,144,145,146,147,148,149,150,151,153,154,155,157,169,173,174,175,176,177,182,197,208,211,212,213,220,221,222,223,224,225,226,227,228,253,254,259,260,262,395,396,397,398,399,419,421,485,489,502,507,508,509,606,607,608,609,610,
201;1;4349;4513;1;2,18,27,36,38,44,52,54,66,77,85,90,108,109,110,111,112,113,114,115,120,135,142,143,144,145,146,147,148,149,150,151,153,154,155,157,169,173,174,175,176,177,182,197,208,211,212,213,220,221,222,223,224,225,226,227,228,253,254,259,260,262,395,396,397,398,399,419,421,485,489,502,507,508,509,606,607,608,609,610,
30;0;4513;4644;0;2,18,27,36,38,44,52,54,66,77,85,90,108,109,110,111,112,113,114,115,120,135,142,143,144,145,146,147,148,149,150,151,153,154,155,157,169,173,174,175,176,177,182,197,208,211,212,213,220,221,222,223,224,225,226,227,228,253,254,259,260,262,395,396,397,398,399,419,421,485,489,502,507,508,509,606,607,608,609,610,
296;0;4644;4809;1;2,18,27,36,38,44,52,54,66,77,85,90,108,109,110,111,112,113,114,115,120,135,142,143,144,145,146,147,148,149,150,151,153,154,155,157,169,173,174,175,176,177,182,197,208,211,212,213,220,221,222,223,224,225,226,227,228,253,254,259,260,262,395,396,397,398,399,419,421,485,489,502,507,508,509,606,607,608,609,610,
296;1;4809;4858;1;2,18,27,36,38,44,52,54,66,77,85,90,108,109,110,111,112,113,114,115,120,135,142,143,144,145,146,147,148,149,150,151,153,154,155,157,169,173,174,175,176,177,182,197,208,211,212,213,220,221,222,223,224,225,226,227,228,253,254,259,260,262,395,396,397,398,399,419,421,485,489,502,507,508,509,606,607,608,609,610,
382;0;4858;4934;0;2,18,27,36,38,44,52,54,66,77,85,90,108,109,110,111,112,113,114,115,120,135,142,143,144,145,146,147,148,149,150,151,153,154,155,157,169,173,174,175,176,177,182,197,208,211,212,213,220,221,222,223,224,225,226,227,228,253,254,259,260,262,395,396,397,398,399,419,421,485,489,502,507,508,509,606,607,608,609,610,
99;0;4934;5084;1;18,36,38,44,54,66,77,85,90,108,109,110,111,112,113,114,115,116,117,118,119,120,121,122,123,124,135,151,153,154,155,157,177,182,193,194,195,196,197,198,199,206,207,208,209,210,211,212,213,220,221,248,259,304,400,401,402,403,404,421,440,441,442,443,444,445,446,447,448,449,485,502,509,606,607,608,609,610,660,661,
99;1;5084;5237;1;18,36,38,44,54,66,77,85,90,108,109,110,111,112,113,114,115,116,117,118,119,120,121,122,123,124,135,151,153,154,155,157,177,182,193,194,195,196,197,198,199,206,207,208,209,210,211,212,213,220,221,248,259,304,400,401,402,403,404,421,440,441,442,443,444,445,446,447,448,449,485,502,509,606,607,608,609,610,660,661,
207;0;5237;5405;0;18,36,38,44,54,66,77,85,90,108,109,110,111,112,113,114,115,116,117,118,119,120,121,122,123,124,135,151,153,154,155,157,177,182,193,194,195,196,197,198,199,206,207,208,209,210,211,212,213,220,221,248,259,304,400,401,402,403,404,421,440,441,442,443,444,445,446,447,448,449,485,502,509,606,607,608,609,610,660,661,
85;0;5405;5432;0;18,36,38,44,54,66,77,85,90,108,109,110,111,112,113,114,115,116,117,118,119,120,121,122,123,124,135,151,153,154,155,157,177,182,193,194,195,196,197,198,199,206,207,208,209,210,211,212,213,220,221,248,259,304,400,401,402,403,404,421,440,441,442,443,444,445,446,447,448,449,485,502,509,606,607,608,609,610,660,661,
15;0;5432;5563;0;18,36,38,44,54,66,77,85,90,108,109,110,111,112,113,114,115,116,117,118,119,120,121,122,123,124,135,151,153,154,155,157,177,182,193,194,195,196,197,198,199,206,207,208,209,210,211,212,213,220,221,248,259,304,400,401,402,403,404,421,440,441,442,443,444,445,446,447,448,449,485,502,509,606,607,608,609,610,660,661,
242;0;5563;5612;0;18,36,38,44,54,66,77,85,90,108,109,110,111,112,113,114,115,116,117,118,119,120,121,122,123,124,135,151,153,154,155,157,177,182,193,194,195,196,197,198,199,206,207,208,209,210,211,212,213,220,221,248,259,304,400,401,402,403,404,421,440,441,442,443,444,445,446,447,448,449,485,502,509,606,607,608,609,610,660,661,
31;0;5612;5780;1;18,36,38,44,54,66,77,85,90,108,109,110,111,112,113,114,115,116,117,118,119,120,121,122,123,124,135,151,153,154,155,157,177,182,193,194,195,196,197,198,199,206,207,208,209,210,211,212,213,220,221,248,259,304,400,401,402,403,404,421,440,441,442,443,444,445,446,447,448,449,485,502,509,606,607,608,609,610,660,661,
31;1;5780;5852;1;18,36,38,44,54,66,77,85,90,108,109,110,111,112,113,114,115,116,117,118,119,120,121,122,123,124,135,151,153,154,155,157,177,182,193,194,195,196,197,198,199,206,207,208,209,210,211,212,213,220,221,248,259,304,400,401,402,403,404,421,440,441,442,443,444,445,446,447,448,449,485,502,509,606,607,608,609,610,660,661,
33;0;5852;6026;0;18,36,38,44,54,66,77,85,90,108,109,110,111,112,113,114,115,116,117,118,119,120,121,122,123,124,135,151,153,154,155,157,177,182,193,194,195,196,197,198,199,206,207,208,209,210,211,212,213,220,221,248,259,304,400,401,402,403,404,421,440,441,442,443,444,445,446,447,448,449,485,502,509,606,607,608,609,610,660,661,
33;1;6026;6169;0;18,36,38,44,54,66,77,85,90,108,109,110,111,112,113,114,115,116,117,118,119,120,121,122,123,124,135,151,153,154,155,157,177,182,193,194,195,196,197,198,199,206,207,208,209,210,211,212,213,220,221,248,259,304,400,401,402,403,404,421,440,441,442,443,444,445,446,447,448,449,485,502,509,606,607,608,609,610,660,661,
269;0;6169;6184;1;18,36,38,44,54,66,77,85,90,108,109,110,111,112,113,114,115,116,117,118,119,120,121,122,123,124,135,151,153,154,155,157,177,182,193,194,195,196,197,198,199,206,207,208,209,210,211,212,213,220,221,248,259,304,400,401,402,403,404,421,440,441,442,443,444,445,446,447,448,449,485,502,509,606,607,608,609,610,660,661,
269;1;6184;6208;1;18,36,38,44,54,66,77,85,90,108,109,110,111,112,113,114,115,116,117,118,119,120,121,122,123,124,135,151,153,154,155,157,177,182,193,194,195,196,197,198,199,206,207,208,209,210,211,212,213,220,221,248,259,304,400,401,402,403,404,421,440,441,442,443,444,445,446,447,448,449,485,502,509,606,607,608,609,610,660,661,
299;0;6208;6268;1;18,36,38,44,54,66,77,85,90,108,109,110,111,112,113,114,115,116,117,118,119,120,121,122,123,124,135,151,153,154,155,157,177,182,193,194,195,196,197,198,199,206,207,208,209,210,211,212,213,220,221,248,259,304,400,401,402,403,404,421,440,441,442,443,444,445,446,447,448,449,485,502,509,606,607,608,609,610,660,661,
299;1;6268;6365;1;18,36,38,44,54,66,77,85,90,108,109,110,111,112,113,114,115,116,117,118,119,120,121,122,123,124,135,151,153,154,155,157,177,182,193,194,195,196,197,198,199,206,207,208,209,210,211,212,213,220,221,248,259,304,400,401,402,403,404,421,440,441,442,443,444,445,446,447,448,449,485,502,509,606,607,608,609,610,660,661,
292;0;6365;6534;0;18,36,38,77,89,90,115,116,117,118,119,120,121,122,123,124,132,135,151,153,154,155,157,177,182,193,194,195,196,197,198,199,206,207,208,209,210,214,215,216,217,220,221,229,230,231,232,233,234,235,236,248,250,251,259,283,301,304,305,316,317,388,400,401,402,403,404,405,406,407,408,421,470,502,509,683,684,685,686,687,
118;0;6534;6610;0;18,36,38,77,89,90,115,116,117,118,119,120,121,122,123,124,132,135,151,153,154,155,157,177,182,193,194,195,196,197,198,199,206,207,208,209,210,214,215,216,217,220,221,229,230,231,232,233,234,235,236,248,250,251,259,283,301,304,305,316,317,388,400,401,402,403,404,405,406,407,408,421,470,502,509,683,684,685,686,687,
118;1;6610;6785;0;18,36,38,77,89,90,115,116,117,118,119,120,121,122,123,124,132,135,151,153,154,155,157,177,182,193,194,195,196,197,198,199,206,207,208,209,210,214,215,216,217,220,221,229,230,231,232,233,234,235,236,248,250,251,259,283,301,304,305,316,317,388,400,401,402,403,404,405,406,407,408,421,470,502,509,683,684,685,686,687,
140;0;6785;6812;0;18,36,38,77,89,90,115,116,117,118,119,120,121,122,123,124,132,135,151,153,154,155,157,177,182,193,194,195,196,197,198,199,206,207,208,209,210,214,215,216,217,220,221,229,230,231,232,233,234,235,236,248,250,251,259,283,301,304,305,316,317,388,400,401,402,403,404,405,406,407,408,421,470,502,509,683,684,685,686,687,
260;0;6812;6955;0;18,36,38,77,89,90,115,116,117,118,119,120,121,122,123,124,132,135,151,153,154,155,157,177,182,193,194,195,196,197,198,199,206,207,208,209,210,214,215,216,217,220,221,229,230,231,232,233,234,235,236,248,250,251,259,283,301,304,305,316,317,388,400,401,402,403,404,405,406,407,408,421,470,502,509,683,684,685,686,687,
102;0;6955;7006;0;18,36,38,77,89,90,115,116,117,118,119,120,121,122,123,124,132,135,151,153,154,155,157,177,182,193,194,195,196,197,198,199,206,207,208,209,210,214,215,216,217,220,221,229,230,231,232,233,234,235,236,248,250,251,259,283,301,304,305,316,317,388,400,401,402,403,404,405,406,407,408,421,470,502,509,683,684,685,686,687,
332;0;7006;7010;0;18,36,38,77,89,90,115,116,117,118,119,120,121,122,123,124,132,135,151,153,154,155,157,177,182,193,194,195,196,197,198,199,206,207,208,209,210,214,215,216,217,220,221,229,230,231,232,233,234,235,236,248,250,251,259,283,301,304,305,316,317,388,400,401,402,403,404,405,406,407,408,421,470,502,509,683,684,685,686,687,
190;0;7010;7106;0;18,36,38,77,89,90,115,116,117,118,119,120,121,122,123,124,132,135,151,153,154,155,157,177,182,193,194,195,196,197,198,199,206,207,208,209,210,214,215,216,217,220,221,229,230,231,232,233,234,235,236,248,250,251,259,283,301,304,305,316,317,388,400,401,402,403,404,405,406,407,408,421,470,502,509,683,684,685,686,687,
367;0;7106;7270;0;18,36,38,77,89,90,115,116,117,118,119,120,121,122,123,124,132,135,151,153,154,155,157,177,182,193,194,195,196,197,198,199,206,207,208,209,210,214,215,216,217,220,221,229,230,231,232,233,234,235,236,248,250,251,259,283,301,304,305,316,317,388,400,401,402,403,404,405,406,407,408,421,470,502,509,683,684,685,686,687,
177;0;7270;7434;0;18,36,38,77,89,90,115,116,117,118,119,120,121,122,123,124,132,135,151,153,154,155,157,177,182,193,194,195,196,197,198,199,206,207,208,209,210,214,215,216,217,220,221,229,230,231,232,233,234,235,236,248,250,251,259,283,301,304,305,316,317,388,400,401,402,403,404,405,406,407,408,421,470,502,509,683,684,685,686,687,
112;0;7434;7484;0;18,36,38,77,89,90,115,116,117,118,119,120,121,122,123,124,132,135,151,153,154,155,157,177,182,193,194,195,196,197,198,199,206,207,208,209,210,214,215,216,217,220,221,229,230,231,232,233,234,235,236,248,250,251,259,283,301,304,305,316,317,388,400,401,402,403,404,405,406,407,408,421,470,502,509,683,684,685,686,687,
241;0;7484;7546;1;18,36,38,77,89,90,115,116,117,118,119,120,121,122,123,124,132,135,151,153,154,155,157,177,182,193,194,195,196,197,198,199,206,207,208,209,210,214,215,216,217,220,221,229,230,231,232,233,234,235,236,248,250,251,259,283,301,304,305,316,317,388,400,401,402,403,404,405,406,407,408,421,470,502,509,683,684,685,686,687,
241;1;7546;7689;1;18,36,38,77,89,90,115,116,117,118,119,120,121,122,123,124,132,135,151,153,154,155,157,177,182,193,194,195,196,197,198,199,206,207,208,209,210,214,215,216,217,220,221,229,230,231,232,233,234,235,236,248,250,251,259,283,301,304,305,316,317,388,400,401,402,403,404,405,406,407,408,421,470,502,509,683,684,685,686,687,
55;0;7689;7761;0;18,36,38,77,89,90,115,116,117,118,119,120,121,122,123,124,132,135,151,153,154,155,157,177,182,193,194,195,196,197,198,199,206,207,208,209,210,214,215,216,217,220,221,229,230,231,232,233,234,235,236,248,250,251,259,283,301,304,305,316,317,388,400,401,402,403,404,405,406,407,408,421,470,502,509,683,684,685,686,687,
83;0;7761;7881;0;10,18,36,38,71,73,77,89,90,115,116,117,118,119,120,121,122,123,124,132,135,140,151,153,154,155,157,177,182,193,194,195,196,197,198,199,206,207,208,209,210,214,215,216,220,249,250,251,259,283,293,301,305,316,317,331,332,333,334,335,336,386,387,388,389,390,391,392,393,394,405,406,407,408,509,611,612,613,614,615,
83;1;7881;7982;0;10,18,36,38,71,73,77,89,90,115,116,117,118,119,120,121,122,123,124,132,135,140,151,153,154,155,157,177,182,193,194,195,196,197,198,199,206,207,208,209,210,214,215,216,220,249,250,251,259,283,293,301,305,316,317,331,332,333,334,335,336,386,387,388,389,390,391,392,393,394,405,406,407,408,509,611,612,613,614,615,
210;0;7982;8157;0;10,18,36,38,71,73,77,89,90,115,116,117,118,119,120,121,122,123,124,132,135,140,151,153,154,155,157,177,182,193,194,195,196,197,198,199,206,207,208,209,210,214,215,216,220,249,250,251,259,283,293,301,305,316,317,331,332,333,334,335,336,386,387,388,389,390,391,392,393,394,405,406,407,408,509,611,612,613,614,615,
29;0;8157;8178;1;10,18,36,38,71,73,77,89,90,115,116,117,118,119,120,121,122,123,124,132,135,140,151,153,154,155,157,177,182,193,194,195,196,197,198,199,206,207,208,209,210,214,215,216,220,249,250,251,259,283,293,301,305,316,317,331,332,333,334,335,336,386,387,388,389,390,391,392,393,394,405,406,407,408,509,611,612,613,614,615,
29;1;8178;8222;1;10,18,36,38,71,73,77,89,90,115,116,117,118,119,120,121,122,123,124,132,135,140,151,153,154,155,157,177,182,193,194,195,196,197,198,199,206,207,208,209,210,214,215,216,220,249,250,251,259,283,293,301,305,316,317,331,332,333,334,335,336,386,387,388,389,390,391,392,393,394,405,406,407,408,509,611,612,613,614,615,
337;0;8222;8323;0;10,18,36,38,71,73,77,89,90,115,116,117,118,119,120,121,122,123,124,132,135,140,151,153,154,155,157,177,182,193,194,195,196,197,198,199,206,207,208,209,210,214,215,216,220,249,250,251,259,283,293,301,305,316,317,331,332,333,334,335,336,386,387,388,389,390,391,392,393,394,405,406,407,408,509,611,612,613,614,615,
239;0;8323;8484;1;10,18,36,38,71,73,77,89,90,115,116,117,118,119,120,121,122,123,124,132,135,140,151,153,154,155,157,177,182,193,194,195,196,197,198,199,206,207,208,209,210,214,215,216,220,249,250,251,259,283,293,301,305,316,317,331,332,333,334,335,336,386,387,388,389,390,391,392,393,394,405,406,407,408,509,611,612,613,614,615,
239;1;8484;8646;1;10,18,36,38,71,73,77,89,90,115,116,117,118,119,120,121,122,123,124,132,135,140,151,153,154,155,157,177,182,193,194,195,196,197,198,199,206,207,208,209,210,214,215,216,220,249,250,251,259,283,293,301,305,316,317,331,332,333,334,335,336,386,387,388,389,390,391,392,393,394,405,406,407,408,509,611,612,613,614,615,
273;0;8646;8742;0;10,18,36,38,71,73,77,89,90,115,116,117,118,119,120,121,122,123,124,132,135,140,151,153,154,155,157,177,182,193,194,195,196,197,198,199,206,207,208,209,210,214,215,216,220,249,250,251,259,283,293,301,305,316,317,331,332,333,334,335,336,386,387,388,389,390,391,392,393,394,405,406,407,408,509,611,612,613,614,615,
273;1;8742;8892;0;10,18,36,38,71,73,77,89,90,115,116,117,118,119,120,121,122,123,124,132,135,140,151,153,154,155,157,177,182,193,194,195,196,197,198,199,206,207,208,209,210,214,215,216,220,249,250,251,259,283,293,301,305,316,317,331,332,333,334,335,336,386,387,388,389,390,391,392,393,394,405,406,407,408,509,611,612,613,614,615,
16;0;8892;8987;1;10,18,36,38,71,73,77,89,90,115,116,117,118,119,120,121,122,123,124,132,135,140,151,153,154,155,157,177,182,193,194,195,196,197,198,199,206,207,208,209,210,214,215,216,220,249,250,251,259,283,293,301,305,316,317,331,332,333,334,335,336,386,387,388,389,390,391,392,393,394,405,406,407,408,509,611,612,613,614,615,
16;1;8987;9084;1;10,18,36,38,71,73,77,89,90,115,116,117,118,119,120,121,122,123,124,132,135,140,151,153,154,155,157,177,182,193,194,195,196,197,198,199,206,207,208,209,210,214,215,216,220,249,250,251,259,283,293,301,305,316,317,331,332,333,334,335,336,386,387,388,389,390,391,392,393,394,405,406,407,408,509,611,612,613,614,615,
217;0;9084;9234;0;10,18,36,38,71,73,77,89,90,115,116,117,118,119,120,121,122,123,124,132,135,140,151,153,154,155,157,177,182,193,194,195,196,197,198,199,206,207,208,209,210,214,215,216,220,249,250,251,259,283,293,301,305,316,317,331,332,333,334,335,336,386,387,388,389,390,391,392,393,394,405,406,407,408,509,611,612,613,614,615,
59;0;9234;9406;1;10,18,36,38,71,73,77,89,90,115,116,117,118,119,120,121,122,123,124,132,135,140,151,153,154,155,157,177,182,193,194,195,196,197,198,199,206,207,208,209,210,214,215,216,220,249,250,251,259,283,293,301,305,316,317,331,332,333,334,335,336,386,387,388,389,390,391,392,393,394,405,406,407,408,509,611,612,613,614,615,
59;1;9406;9530;1;10,18,36,38,71,73,77,89,90,115,116,117,118,119,120,121,122,123,124,132,135,140,151,153,154,155,157,177,182,193,194,195,196,197,198,199,206,207,208,209,210,214,215,216,220,249,250,251,259,283,293,301,305,316,317,331,332,333,334,335,336,386,387,388,389,390,391,392,393,394,405,406,407,408,509,611,612,613,614,615,
348;0;9530;9610;0;10,18,36,38,71,73,77,89,90,115,116,117,118,119,120,121,122,123,124,132,135,140,151,153,154,155,157,177,182,193,194,195,196,197,198,199,206,207,208,209,210,214,215,216,220,249,250,251,259,283,293,301,305,316,317,331,332,333,334,335,336,386,387,388,389,390,391,392,393,394,405,406,407,408,509,611,612,613,614,615,
348;1;9610;9734;0;10,18,36,38,71,73,77,89,90,115,116,117,118,119,120,121,122,123,124,132,135,140,151,153,154,155,157,177,182,193,194,195,196,197,198,199,206,207,208,209,210,214,215,216,220,249,250,251,259,283,293,301,305,316,317,331,332,333,334,335,336,386,387,388,389,390,391,392,393,394,405,406,407,408,509,611,612,613,614,615,
330;0;9734;9770;0;10,18,36,38,71,73,77,89,90,115,116,117,118,119,120,121,122,123,124,132,135,140,151,153,154,155,157,177,182,193,194,195,196,197,198,199,206,207,208,209,210,214,215,216,220,249,250,251,259,283,293,301,305,316,317,331,332,333,334,335,336,386,387,388,389,390,391,392,393,394,405,406,407,408,509,611,612,613,614,615,
160;0;9770;9821;0;10,18,36,38,71,73,77,89,90,115,116,117,118,119,120,121,122,123,124,132,135,140,151,153,154,155,157,177,182,193,194,195,196,197,198,199,206,207,208,209,210,214,215,216,220,249,250,251,259,283,293,301,305,316,317,331,332,333,334,335,336,386,387,388,389,390,391,392,393,394,405,406,407,408,509,611,612,613,614,615,
Machine: 4
43;0;0;46;0;0,36,38,72,78,80,81,82,87,89,98,99,100,101,102,103,104,105,106,107,113,117,135,151,169,170,171,196,208,218,219,229,230,231,232,233,234,235,236,245,246,247,249,286,288,295,300,301,302,397,450,461,580,581,582,583,584,585,586,587,588,589,590,591,592,593,594,595,596,597,624,631,632,662,663,664,665,778,779,780,
43;1;46;210;0;0,36,38,72,78,80,81,82,87,89,98,99,100,101,102,103,104,105,106,107,113,117,135,151,169,170,171,196,208,218,219,229,230,231,232,233,234,235,236,245,246,247,249,286,288,295,300,301,302,397,450,461,580,581,582,583,584,585,586,587,588,589,590,591,592,593,594,595,596,597,624,631,632,662,663,664,665,778,779,780,
278;0;210;246;0;0,36,38,72,78,80,81,82,87,89,98,99,100,101,102,103,104,105,106,107,113,117,135,151,169,170,171,196,208,218,219,229,230,231,232,233,234,235,236,245,246,247,249,286,288,295,300,301,302,397,450,461,580,581,582,583,584,585,586,587,588,589,590,591,592,593,594,595,596,597,624,631,632,662,663,664,665,778,779,780,
278;1;246;255;0;0,36,38,72,78,80,81,82,87,89,98,99,100,101,102,103,104,105,106,107,113,117,135,151,169,170,171,196,208,218,219,229,230,231,232,233,234,235,236,245,246,247,249,286,288,295,300,301,302,397,450,461,580,581,582,583,584,585,586,587,588,589,590,591,592,593,594,595,596,597,624,631,632,662,663,664,665,778,779,780,
375;0;255;287;0;0,36,38,72,78,80,81,82,87,89,98,99,100,101,102,103,104,105,106,107,113,117,135,151,169,170,171,196,208,218,219,229,230,231,232,233,234,235,236,245,246,247,249,286,288,295,300,301,302,397,450,461,580,581,582,583,584,585,586,587,588,589,590,591,592,593,594,595,596,597,624,631,632,662,663,664,665,778,779,780,
40;0;287;451;0;0,36,38,72,78,80,81,82,87,89,98,99,100,101,102,103,104,105,106,107,113,117,135,151,169,170,171,196,208,218,219,229,230,231,232,233,234,235,236,245,246,247,249,286,288,295,300,301,302,397,450,461,580,581,582,583,584,585,586,587,588,589,590,591,592,593,594,595,596,597,624,631,632,662,663,664,665,778,779,780,
281;0;451;598;1;0,36,38,72,78,80,81,82,87,89,98,99,100,101,102,103,104,105,106,107,113,117,135,151,169,170,171,196,208,218,219,229,230,231,232,233,234,235,236,245,246,247,249,286,288,295,300,301,302,397,450,461,580,581,582,583,584,585,586,587,588,589,590,591,592,593,594,595,596,597,624,631,632,662,663,664,665,778,779,780,
281;1;598;746;1;0,36,38,72,78,80,81,82,87,89,98,99,100,101,102,103,104,105,106,107,113,117,135,151,169,170,171,196,208,218,219,229,230,231,232,233,234,235,236,245,246,247,249,286,288,295,300,301,302,397,450,461,580,581,582,583,584,585,586,587,588,589,590,591,592,593,594,595,596,597,624,631,632,662,663,664,665,778,779,780,
202;0;746;910;0;0,36,38,72,78,80,81,82,87,89,98,99,100,101,102,103,104,105,106,107,113,117,135,151,169,170,171,196,208,218,219,229,230,231,232,233,234,235,236,245,246,247,249,286,288,295,300,301,302,397,450,461,580,581,582,583,584,585,586,587,588,589,590,591,592,593,594,595,596,597,624,631,632,662,663,664,665,778,779,780,
240;0;910;942;0;0,36,38,72,78,80,81,82,87,89,98,99,100,101,102,103,104,105,106,107,113,117,135,151,169,170,171,196,208,218,219,229,230,231,232,233,234,235,236,245,246,247,249,286,288,295,300,301,302,397,450,461,580,581,582,583,584,585,586,587,588,589,590,591,592,593,594,595,596,597,624,631,632,662,663,664,665,778,779,780,
120;0;942;1093;0;0,36,38,72,78,80,81,82,87,89,98,99,100,101,102,103,104,105,106,107,113,117,135,151,169,170,171,196,208,218,219,229,230,231,232,233,234,235,236,245,246,247,249,286,288,295,300,301,302,397,450,461,580,581,582,583,584,585,586,587,588,589,590,591,592,593,594,595,596,597,624,631,632,662,663,664,665,778,779,780,
185;0;1093;1241;0;0,36,38,72,78,80,81,82,87,89,98,99,100,101,102,103,104,105,106,107,113,117,135,151,169,170,171,196,208,218,219,229,230,231,232,233,234,235,236,245,246,247,249,286,288,295,300,301,302,397,450,461,580,581,582,583,584,585,586,587,588,589,590,591,592,593,594,595,596,597,624,631,632,662,663,664,665,778,779,780,
319;0;1241;1282;1;0,36,38,72,78,80,81,82,87,89,98,99,100,101,102,103,104,105,106,107,113,117,135,151,169,170,171,196,208,218,219,229,230,231,232,233,234,235,236,245,246,247,249,286,288,295,300,301,302,397,450,461,580,581,582,583,584,585,586,587,588,589,590,591,592,593,594,595,596,597,624,631,632,662,663,664,665,778,779,780,
319;1;1282;1353;1;0,36,38,72,78,80,81,82,87,89,98,99,100,101,102,103,104,105,106,107,113,117,135,151,169,170,171,196,208,218,219,229,230,231,232,233,234,235,236,245,246,247,249,286,288,295,300,301,302,397,450,461,580,581,582,583,584,585,586,587,588,589,590,591,592,593,594,595,596,597,624,631,632,662,663,664,665,778,779,780,
191;0;1353;1464;1;0,36,38,72,78,80,81,82,87,89,98,99,100,101,102,103,104,105,106,107,113,117,135,151,169,170,171,196,208,218,219,229,230,231,232,233,234,235,236,245,246,247,249,286,288,295,300,301,302,397,450,461,580,581,582,583,584,585,586,587,588,589,590,591,592,593,594,595,596,597,624,631,632,662,663,664,665,778,779,780,
191;1;1464;1607;1;0,36,38,72,78,80,81,82,87,89,98,99,100,101,102,103,104,105,106,107,113,117,135,151,169,170,171,196,208,218,219,229,230,231,232,233,234,235,236,245,246,247,249,286,288,295,300,301,302,397,450,461,580,581,582,583,584,585,586,587,588,589,590,591,592,593,594,595,596,597,624,631,632,662,663,664,665,778,779,780,
357;0;1607;1706;0;0,36,38,72,78,80,81,82,87,89,98,99,100,101,102,103,104,105,106,107,113,117,135,151,169,170,171,196,208,218,219,229,230,231,232,233,234,235,236,245,246,247,249,286,288,295,300,301,302,397,450,461,580,581,582,583,584,585,586,587,588,589,590,591,592,593,594,595,596,597,624,631,632,662,663,664,665,778,779,780,
42;0;1706;1777;0;0,36,38,72,78,80,81,82,87,89,98,99,100,101,102,103,104,105,106,107,113,117,135,151,169,170,171,196,208,218,219,229,230,231,232,233,234,235,236,245,246,247,249,286,288,295,300,301,302,397,450,461,580,581,582,583,584,585,586,587,588,589,590,591,592,593,594,595,596,597,624,631,632,662,663,664,665,778,779,780,
355;0;1777;1839;0;0,36,38,72,78,80,81,82,87,89,98,99,100,101,102,103,104,105,106,107,113,117,135,151,169,170,171,196,208,218,219,229,230,231,232,233,234,235,236,245,246,247,249,286,288,295,300,301,302,397,450,461,580,581,582,583,584,585,586,587,588,589,590,591,592,593,594,595,596,597,624,631,632,662,663,664,665,778,779,780,
290;0;1839;1871;0;0,36,38,72,78,80,81,82,87,89,98,99,100,101,102,103,104,105,106,107,113,117,135,151,169,170,171,196,208,218,219,229,230,231,232,233,234,235,236,245,246,247,249,286,288,295,300,301,302,397,450,461,580,581,582,583,584,585,586,587,588,589,590,591,592,593,594,595,596,597,624,631,632,662,663,664,665,778,779,780,
256;0;1871;1910;1;0,36,38,72,78,80,81,82,87,89,98,99,100,101,102,103,104,105,106,107,113,117,135,151,169,170,171,196,208,218,219,229,230,231,232,233,234,235,236,245,246,247,249,286,288,295,300,301,302,397,450,461,580,581,582,583,584,585,586,587,588,589,590,591,592,593,594,595,596,597,624,631,632,662,663,664,665,778,779,780,
256;1;1910;1967;1;0,36,38,72,78,80,81,82,87,89,98,99,100,101,102,103,104,105,106,107,113,117,135,151,169,170,171,196,208,218,219,229,230,231,232,233,234,235,236,245,246,247,249,286,288,295,300,301,302,397,450,461,580,581,582,583,584,585,586,587,588,589,590,591,592,593,594,595,596,597,624,631,632,662,663,664,665,778,779,780,
351;0;1967;1996;1;0,36,38,72,78,80,81,82,87,89,98,99,100,101,102,103,104,105,106,107,113,117,135,151,169,170,171,196,208,218,219,229,230,231,232,233,234,235,236,245,246,247,249,286,288,295,300,301,302,397,450,461,580,581,582,583,584,585,586,587,588,589,590,591,592,593,594,595,596,597,624,631,632,662,663,664,665,778,779,780,
351;1;1996;2058;1;0,36,38,72,78,80,81,82,87,89,98,99,100,101,102,103,104,105,106,107,113,117,135,151,169,170,171,196,208,218,219,229,230,231,232,233,234,235,236,245,246,247,249,286,288,295,300,301,302,397,450,461,580,581,582,583,584,585,586,587,588,589,590,591,592,593,594,595,596,597,624,631,632,662,663,664,665,778,779,780,
100;0;2058;2158;0;0,36,38,72,78,80,81,82,87,89,98,99,100,101,102,103,104,105,106,107,113,117,135,151,169,170,171,196,208,218,219,229,230,231,232,233,234,235,236,245,246,247,249,286,288,295,300,301,302,397,450,461,580,581,582,583,584,585,586,587,588,589,590,591,592,593,594,595,596,597,624,631,632,662,663,664,665,778,779,780,
312;0;2158;2297;0;0,22,29,36,38,72,78,80,81,82,84,85,98,99,100,101,102,103,104,105,106,107,112,113,117,123,132,133,134,135,136,137,138,139,140,141,169,170,191,218,219,245,246,267,286,287,288,299,383,384,385,510,511,512,513,556,557,558,559,560,561,580,581,582,583,584,585,586,587,588,589,590,591,592,593,594,595,596,597,624,
154;0;2297;2432;1;0,22,29,36,38,72,78,80,81,82,84,85,98,99,100,101,102,103,104,105,106,107,112,113,117,123,132,133,134,135,136,137,138,139,140,141,169,170,191,218,219,245,246,267,286,287,288,299,383,384,385,510,511,512,513,556,557,558,559,560,561,580,581,582,583,584,585,586,587,588,589,590,591,592,593,594,595,596,597,624,
154;1;2432;2546;1;0,22,29,36,38,72,78,80,81,82,84,85,98,99,100,101,102,103,104,105,106,107,112,113,117,123,132,133,134,135,136,137,138,139,140,141,169,170,191,218,219,245,246,267,286,287,288,299,383,384,385,510,511,512,513,556,557,558,559,560,561,580,581,582,583,584,585,586,587,588,589,590,591,592,593,594,595,596,597,624,
390;0;2546;2683;0;0,22,29,36,38,72,78,80,81,82,84,85,98,99,100,101,102,103,104,105,106,107,112,113,117,123,132,133,134,135,136,137,138,139,140,141,169,170,191,218,219,245,246,267,286,287,288,299,383,384,385,510,511,512,513,556,557,558,559,560,561,580,581,582,583,584,585,586,587,588,589,590,591,592,593,594,595,596,597,624,
170;0;2683;2761;0;0,22,29,36,38,72,78,80,81,82,84,85,98,99,100,101,102,103,104,105,106,107,112,113,117,123,132,133,134,135,136,137,138,139,140,141,169,170,191,218,219,245,246,267,286,287,288,299,383,384,385,510,511,512,513,556,557,558,559,560,561,580,581,582,583,584,585,586,587,588,589,590,591,592,593,594,595,596,597,624,
276;0;2761;2852;1;0,22,29,36,38,72,78,80,81,82,84,85,98,99,100,101,102,103,104,105,106,107,112,113,117,123,132,133,134,135,136,137,138,139,140,141,169,170,191,218,219,245,246,267,286,287,288,299,383,384,385,510,511,512,513,556,557,558,559,560,561,580,581,582,583,584,585,586,587,588,589,590,591,592,593,594,595,596,597,624,
276;1;2852;2914;1;0,22,29,36,38,72,78,80,81,82,84,85,98,99,100,101,102,103,104,105,106,107,112,113,117,123,132,133,134,135,136,137,138,139,140,141,169,170,191,218,219,245,246,267,286,287,288,299,383,384,385,510,511,512,513,556,557,558,559,560,561,580,581,582,583,584,585,586,587,588,589,590,591,592,593,594,595,596,597,624,
153;0;2914;2925;0;0,22,29,36,38,72,78,80,81,82,84,85,98,99,100,101,102,103,104,105,106,107,112,113,117,123,132,133,134,135,136,137,138,139,140,141,169,170,191,218,219,245,246,267,286,287,288,299,383,384,385,510,511,512,513,556,557,558,559,560,561,580,581,582,583,584,585,586,587,588,589,590,591,592,593,594,595,596,597,624,
153;1;2925;3059;0;0,22,29,36,38,72,78,80,81,82,84,85,98,99,100,101,102,103,104,105,106,107,112,113,117,123,132,133,134,135,136,137,138,139,140,141,169,170,191,218,219,245,246,267,286,287,288,299,383,384,385,510,511,512,513,556,557,558,559,560,561,580,581,582,583,584,585,586,587,588,589,590,591,592,593,594,595,596,597,624,
169;0;3059;3098;1;0,22,29,36,38,72,78,80,81,82,84,85,98,99,100,101,102,103,104,105,106,107,112,113,117,123,132,133,134,135,136,137,138,139,140,141,169,170,191,218,219,245,246,267,286,287,288,299,383,384,385,510,511,512,513,556,557,558,559,560,561,580,581,582,583,584,585,586,587,588,589,590,591,592,593,594,595,596,597,624,
169;1;3098;3237;1;0,22,29,36,38,72,78,80,81,82,84,85,98,99,100,101,102,103,104,105,106,107,112,113,117,123,132,133,134,135,136,137,138,139,140,141,169,170,191,218,219,245,246,267,286,287,288,299,383,384,385,510,511,512,513,556,557,558,559,560,561,580,581,582,583,584,585,586,587,588,589,590,591,592,593,594,595,596,597,624,
179;0;3237;3288;1;0,22,29,36,38,72,78,80,81,82,84,85,98,99,100,101,102,103,104,105,106,107,112,113,117,123,132,133,134,135,136,137,138,139,140,141,169,170,191,218,219,245,246,267,286,287,288,299,383,384,385,510,511,512,513,556,557,558,559,560,561,580,581,582,583,584,585,586,587,588,589,590,591,592,593,594,595,596,597,624,
179;1;3288;3436;1;0,22,29,36,38,72,78,80,81,82,84,85,98,99,100,101,102,103,104,105,106,107,112,113,117,123,132,133,134,135,136,137,138,139,140,141,169,170,191,218,219,245,246,267,286,287,288,299,383,384,385,510,511,512,513,556,557,558,559,560,561,580,581,582,583,584,585,586,587,588,589,590,591,592,593,594,595,596,597,624,
265;0;3436;3557;0;0,22,29,36,38,72,78,80,81,82,84,85,98,99,100,101,102,103,104,105,106,107,112,113,117,123,132,133,134,135,136,137,138,139,140,141,169,170,191,218,219,245,246,267,286,287,288,299,383,384,385,510,511,512,513,556,557,558,559,560,561,580,581,582,583,584,585,586,587,588,589,590,591,592,593,594,595,596,597,624,
88;0;3557;3661;0;0,22,29,36,38,72,78,80,81,82,84,85,98,99,100,101,102,103,104,105,106,107,112,113,117,123,132,133,134,135,136,137,138,139,140,141,169,170,191,218,219,245,246,267,286,287,288,299,383,384,385,510,511,512,513,556,557,558,559,560,561,580,581,582,583,584,585,586,587,588,589,590,591,592,593,594,595,596,597,624,
88;1;3661;3795;0;0,22,29,36,38,72,78,80,81,82,84,85,98,99,100,101,102,103,104,105,106,107,112,113,117,123,132,133,134,135,136,137,138,139,140,141,169,170,191,218,219,245,246,267,286,287,288,299,383,384,385,510,511,512,513,556,557,558,559,560,561,580,581,582,583,584,585,586,587,588,589,590,591,592,593,594,595,596,597,624,
18;0;3795;3939;0;0,22,29,36,38,72,78,80,81,82,84,85,98,99,100,101,102,103,104,105,106,107,112,113,117,123,132,133,134,135,136,137,138,139,140,141,169,170,191,218,219,245,246,267,286,287,288,299,383,384,385,510,511,512,513,556,557,558,559,560,561,580,581,582,583,584,585,586,587,588,589,590,591,592,593,594,595,596,597,624,
18;1;3939;4073;0;0,22,29,36,38,72,78,80,81,82,84,85,98,99,100,101,102,103,104,105,106,107,112,113,117,123,132,133,134,135,136,137,138,139,140,141,169,170,191,218,219,245,246,267,286,287,288,299,383,384,385,510,511,512,513,556,557,558,559,560,561,580,581,582,583,584,585,586,587,588,589,590,591,592,593,594,595,596,597,624,
174;0;4073;4194;1;0,22,29,36,38,72,78,80,81,82,84,85,98,99,100,101,102,103,104,105,106,107,112,113,117,123,132,133,134,135,136,137,138,139,140,141,169,170,191,218,219,245,246,267,286,287,288,299,383,384,385,510,511,512,513,556,557,558,559,560,561,580,581,582,583,584,585,586,587,588,589,590,591,592,593,594,595,596,597,624,
174;1;4194;4342;1;0,22,29,36,38,72,78,80,81,82,84,85,98,99,100,101,102,103,104,105,106,107,112,113,117,123,132,133,134,135,136,137,138,139,140,141,169,170,191,218,219,245,246,267,286,287,288,299,383,384,385,510,511,512,513,556,557,558,559,560,561,580,581,582,583,584,585,586,587,588,589,590,591,592,593,594,595,596,597,624,
206;0;4342;4487;1;0,22,29,36,38,72,78,80,81,82,84,85,98,99,100,101,102,103,104,105,106,107,112,113,117,123,132,133,134,135,136,137,138,139,140,141,169,170,191,218,219,245,246,267,286,287,288,299,383,384,385,510,511,512,513,556,557,558,559,560,561,580,581,582,583,584,585,586,587,588,589,590,591,592,593,594,595,596,597,624,
206;1;4487;4635;1;0,22,29,36,38,72,78,80,81,82,84,85,98,99,100,101,102,103,104,105,106,107,112,113,117,123,132,133,134,135,136,137,138,139,140,141,169,170,191,218,219,245,246,267,286,287,288,299,383,384,385,510,511,512,513,556,557,558,559,560,561,580,581,582,583,584,585,586,587,588,589,590,591,592,593,594,595,596,597,624,
275;0;4635;4756;0;0,22,29,36,38,72,78,80,81,82,84,85,98,99,100,101,102,103,104,105,106,107,112,113,117,123,132,133,134,135,136,137,138,139,140,141,169,170,191,218,219,245,246,267,286,287,288,299,383,384,385,510,511,512,513,556,557,558,559,560,561,580,581,582,583,584,585,586,587,588,589,590,591,592,593,594,595,596,597,624,
51;0;4756;4760;1;0,22,29,36,38,72,78,80,81,82,84,85,98,99,100,101,102,103,104,105,106,107,112,113,117,123,132,133,134,135,136,137,138,139,140,141,169,170,191,218,219,245,246,267,286,287,288,299,383,384,385,510,511,512,513,556,557,558,559,560,561,580,581,582,583,584,585,586,587,588,589,590,591,592,593,594,595,596,597,624,
51;1;4760;4897;1;0,22,29,36,38,72,78,80,81,82,84,85,98,99,100,101,102,103,104,105,106,107,112,113,117,123,132,133,134,135,136,137,138,139,140,141,169,170,191,218,219,245,246,267,286,287,288,299,383,384,385,510,511,512,513,556,557,558,559,560,561,580,581,582,583,584,585,586,587,588,589,590,591,592,593,594,595,596,597,624,
157;0;4897;5011;0;0,22,29,36,38,72,78,80,81,82,84,85,98,99,100,101,102,103,104,105,106,107,112,113,117,123,132,133,134,135,136,137,138,139,140,141,169,170,191,218,219,245,246,267,286,287,288,299,383,384,385,510,511,512,513,556,557,558,559,560,561,580,581,582,583,584,585,586,587,588,589,590,591,592,593,594,595,596,597,624,
245;0;5011;5071;0;0,22,24,29,36,38,72,78,80,81,82,83,84,85,98,99,100,101,102,103,104,105,106,107,112,113,117,123,137,158,159,160,161,162,163,164,165,166,170,191,218,219,245,267,268,286,287,288,383,384,385,416,417,418,489,510,511,512,513,523,524,525,616,617,618,619,620,621,622,623,624,633,634,635,636,637,638,639,640,641,
385;0;5071;5139;0;0,22,24,29,36,38,72,78,80,81,82,83,84,85,98,99,100,101,102,103,104,105,106,107,112,113,117,123,137,158,159,160,161,162,163,164,165,166,170,191,218,219,245,267,268,286,287,288,383,384,385,416,417,418,489,510,511,512,513,523,524,525,616,617,618,619,620,621,622,623,624,633,634,635,636,637,638,639,640,641,
287;0;5139;5217;0;0,22,24,29,36,38,72,78,80,81,82,83,84,85,98,99,100,101,102,103,104,105,106,107,112,113,117,123,137,158,159,160,161,162,163,164,165,166,170,191,218,219,245,267,268,286,287,288,383,384,385,416,417,418,489,510,511,512,513,523,524,525,616,617,618,619,620,621,622,623,624,633,634,635,636,637,638,639,640,641,
119;0;5217;5326;1;0,22,24,29,36,38,72,78,80,81,82,83,84,85,98,99,100,101,102,103,104,105,106,107,112,113,117,123,137,158,159,160,161,162,163,164,165,166,170,191,218,219,245,267,268,286,287,288,383,384,385,416,417,418,489,510,511,512,513,523,524,525,616,617,618,619,620,621,622,623,624,633,634,635,636,637,638,639,640,641,
119;1;5326;5394;1;0,22,24,29,36,38,72,78,80,81,82,83,84,85,98,99,100,101,102,103,104,105,106,107,112,113,117,123,137,158,159,160,161,162,163,164,165,166,170,191,218,219,245,267,268,286,287,288,383,384,385,416,417,418,489,510,511,512,513,523,524,525,616,617,618,619,620,621,622,623,624,633,634,635,636,637,638,639,640,641,
225;0;5394;5492;0;0,22,24,29,36,38,72,78,80,81,82,83,84,85,98,99,100,101,102,103,104,105,106,107,112,113,117,123,137,158,159,160,161,162,163,164,165,166,170,191,218,219,245,267,268,286,287,288,383,384,385,416,417,418,489,510,511,512,513,523,524,525,616,617,618,619,620,621,622,623,624,633,634,635,636,637,638,639,640,641,
14;0;5492;5629;1;0,22,24,29,36,38,72,78,80,81,82,83,84,85,98,99,100,101,102,103,104,105,106,107,112,113,117,123,137,158,159,160,161,162,163,164,165,166,170,191,218,219,245,267,268,286,287,288,383,384,385,416,417,418,489,510,511,512,513,523,524,525,616,617,618,619,620,621,622,623,624,633,634,635,636,637,638,639,640,641,
14;1;5629;5780;1;0,22,24,29,36,38,72,78,80,81,82,83,84,85,98,99,100,101,102,103,104,105,106,107,112,113,117,123,137,158,159,160,161,162,163,164,165,166,170,191,218,219,245,267,268,286,287,288,383,384,385,416,417,418,489,510,511,512,513,523,524,525,616,617,618,619,620,621,622,623,624,633,634,635,636,637,638,639,640,641,
233;0;5780;5854;0;0,22,24,29,36,38,72,78,80,81,82,83,84,85,98,99,100,101,102,103,104,105,106,107,112,113,117,123,137,158,159,160,161,162,163,164,165,166,170,191,218,219,245,267,268,286,287,288,383,384,385,416,417,418,489,510,511,512,513,523,524,525,616,617,618,619,620,621,622,623,624,633,634,635,636,637,638,639,640,641,
233;1;5854;5963;0;0,22,24,29,36,38,72,78,80,81,82,83,84,85,98,99,100,101,102,103,104,105,106,107,112,113,117,123,137,158,159,160,161,162,163,164,165,166,170,191,218,219,245,267,268,286,287,288,383,384,385,416,417,418,489,510,511,512,513,523,524,525,616,617,618,619,620,621,622,623,624,633,634,635,636,637,638,639,640,641,
82;0;5963;6084;0;0,22,24,29,36,38,72,78,80,81,82,83,84,85,98,99,100,101,102,103,104,105,106,107,112,113,117,123,137,158,159,160,161,162,163,164,165,166,170,191,218,219,245,267,268,286,287,288,383,384,385,416,417,418,489,510,511,512,513,523,524,525,616,617,618,619,620,621,622,623,624,633,634,635,636,637,638,639,640,641,
277;0;6084;6236;0;0,22,24,29,36,38,72,78,80,81,82,83,84,85,98,99,100,101,102,103,104,105,106,107,112,113,117,123,137,158,159,160,161,162,163,164,165,166,170,191,218,219,245,267,268,286,287,288,383,384,385,416,417,418,489,510,511,512,513,523,524,525,616,617,618,619,620,621,622,623,624,633,634,635,636,637,638,639,640,641,
36;0;6236;6240;1;0,22,24,29,36,38,72,78,80,81,82,83,84,85,98,99,100,101,102,103,104,105,106,107,112,113,117,123,137,158,159,160,161,162,163,164,165,166,170,191,218,219,245,267,268,286,287,288,383,384,385,416,417,418,489,510,511,512,513,523,524,525,616,617,618,619,620,621,622,623,624,633,634,635,636,637,638,639,640,641,
36;1;6240;6339;1;0,22,24,29,36,38,72,78,80,81,82,83,84,85,98,99,100,101,102,103,104,105,106,107,112,113,117,123,137,158,159,160,161,162,163,164,165,166,170,191,218,219,245,267,268,286,287,288,383,384,385,416,417,418,489,510,511,512,513,523,524,525,616,617,618,619,620,621,622,623,624,633,634,635,636,637,638,639,640,641,
263;0;6339;6357;0;0,22,24,29,36,38,72,78,80,81,82,83,84,85,98,99,100,101,102,103,104,105,106,107,112,113,117,123,137,158,159,160,161,162,163,164,165,166,170,191,218,219,245,267,268,286,287,288,383,384,385,416,417,418,489,510,511,512,513,523,524,525,616,617,618,619,620,621,622,623,624,633,634,635,636,637,638,639,640,641,
263;1;6357;6478;0;0,22,24,29,36,38,72,78,80,81,82,83,84,85,98,99,100,101,102,103,104,105,106,107,112,113,117,123,137,158,159,160,161,162,163,164,165,166,170,191,218,219,245,267,268,286,287,288,383,384,385,416,417,418,489,510,511,512,513,523,524,525,616,617,618,619,620,621,622,623,624,633,634,635,636,637,638,639,640,641,
159;0;6478;6490;1;0,22,24,29,36,38,72,78,80,81,82,83,84,85,98,99,100,101,102,103,104,105,106,107,112,113,117,123,137,158,159,160,161,162,163,164,165,166,170,191,218,219,245,267,268,286,287,288,383,384,385,416,417,418,489,510,511,512,513,523,524,525,616,617,618,619,620,621,622,623,624,633,634,635,636,637,638,639,640,641,
159;1;6490;6589;1;0,22,24,29,36,38,72,78,80,81,82,83,84,85,98,99,100,101,102,103,104,105,106,107,112,113,117,123,137,158,159,160,161,162,163,164,165,166,170,191,218,219,245,267,268,286,287,288,383,384,385,416,417,418,489,510,511,512,513,523,524,525,616,617,618,619,620,621,622,623,624,633,634,635,636,637,638,639,640,641,
311;0;6589;6635;1;0,22,24,29,36,38,72,78,80,81,82,83,84,85,98,99,100,101,102,103,104,105,106,107,112,113,117,123,137,158,159,160,161,162,163,164,165,166,170,191,218,219,245,267,268,286,287,288,383,384,385,416,417,418,489,510,511,512,513,523,524,525,616,617,618,619,620,621,622,623,624,633,634,635,636,637,638,639,640,641,
311;1;6635;6784;1;0,22,24,29,36,38,72,78,80,81,82,83,84,85,98,99,100,101,102,103,104,105,106,107,112,113,117,123,137,158,159,160,161,162,163,164,165,166,170,191,218,219,245,267,268,286,287,288,383,384,385,416,417,418,489,510,511,512,513,523,524,525,616,617,618,619,620,621,622,623,624,633,634,635,636,637,638,639,640,641,
328;0;6784;6915;0;0,22,24,29,36,38,72,78,80,81,82,83,84,85,98,99,100,101,102,103,104,105,106,107,112,113,117,123,137,158,159,160,161,162,163,164,165,166,170,191,218,219,245,267,268,286,287,288,383,384,385,416,417,418,489,510,511,512,513,523,524,525,616,617,618,619,620,621,622,623,624,633,634,635,636,637,638,639,640,641,
328;1;6915;7064;0;0,22,24,29,36,38,72,78,80,81,82,83,84,85,98,99,100,101,102,103,104,105,106,107,112,113,117,123,137,158,159,160,161,162,163,164,165,166,170,191,218,219,245,267,268,286,287,288,383,384,385,416,417,418,489,510,511,512,513,523,524,525,616,617,618,619,620,621,622,623,624,633,634,635,636,637,638,639,640,641,
374;0;7064;7175;1;0,22,24,29,36,38,72,78,80,81,82,83,84,85,98,99,100,101,102,103,104,105,106,107,112,113,117,123,137,158,159,160,161,162,163,164,165,166,170,191,218,219,245,267,268,286,287,288,383,384,385,416,417,418,489,510,511,512,513,523,524,525,616,617,618,619,620,621,622,623,624,633,634,635,636,637,638,639,640,641,
374;1;7175;7235;1;0,22,24,29,36,38,72,78,80,81,82,83,84,85,98,99,100,101,102,103,104,105,106,107,112,113,117,123,137,158,159,160,161,162,163,164,165,166,170,191,218,219,245,267,268,286,287,288,383,384,385,416,417,418,489,510,511,512,513,523,524,525,616,617,618,619,620,621,622,623,624,633,634,635,636,637,638,639,640,641,
70;0;7235;7372;0;0,22,24,29,36,38,72,78,80,81,82,83,84,85,98,99,100,101,102,103,104,105,106,107,112,113,117,123,137,158,159,160,161,162,163,164,165,166,170,191,218,219,245,267,268,286,287,288,383,384,385,416,417,418,489,510,511,512,513,523,524,525,616,617,618,619,620,621,622,623,624,633,634,635,636,637,638,639,640,641,
91;0;7372;7536;1;0,22,24,29,36,38,72,78,80,81,82,83,84,85,98,99,100,101,102,103,104,105,106,107,112,113,117,123,137,158,159,160,161,162,163,164,165,166,170,191,218,219,245,267,268,286,287,288,383,384,385,416,417,418,489,510,511,512,513,523,524,525,616,617,618,619,620,621,622,623,624,633,634,635,636,637,638,639,640,641,
91;1;7536;7685;1;0,22,24,29,36,38,72,78,80,81,82,83,84,85,98,99,100,101,102,103,104,105,106,107,112,113,117,123,137,158,159,160,161,162,163,164,165,166,170,191,218,219,245,267,268,286,287,288,383,384,385,416,417,418,489,510,511,512,513,523,524,525,616,617,618,619,620,621,622,623,624,633,634,635,636,637,638,639,640,641,
316;0;7685;7739;1;0,22,24,29,36,38,72,78,80,81,82,83,84,85,98,99,100,101,102,103,104,105,106,107,112,113,117,123,137,158,159,160,161,162,163,164,165,166,170,191,218,219,245,267,268,286,287,288,383,384,385,416,417,418,489,510,511,512,513,523,524,525,616,617,618,619,620,621,622,623,624,633,634,635,636,637,638,639,640,641,
316;1;7739;7860;1;0,22,24,29,36,38,72,78,80,81,82,83,84,85,98,99,100,101,102,103,104,105,106,107,112,113,117,123,137,158,159,160,161,162,163,164,165,166,170,191,218,219,245,267,268,286,287,288,383,384,385,416,417,418,489,510,511,512,513,523,524,525,616,617,618,619,620,621,622,623,624,633,634,635,636,637,638,639,640,641,
298;0;7860;8005;0;0,20,21,24,36,37,38,80,81,82,84,85,88,98,99,100,101,103,107,113,137,158,159,160,161,162,163,164,165,166,170,183,184,185,186,187,188,189,190,191,192,218,245,286,287,288,383,384,385,418,433,523,524,525,624,633,634,635,636,637,638,639,640,641,646,647,648,688,734,735,736,737,738,739,740,741,742,743,744,745,
298;1;8005;8126;0;0,20,21,24,36,37,38,80,81,82,84,85,88,98,99,100,101,103,107,113,137,158,159,160,161,162,163,164,165,166,170,183,184,185,186,187,188,189,190,191,192,218,245,286,287,288,383,384,385,418,433,523,524,525,624,633,634,635,636,637,638,639,640,641,646,647,648,688,734,735,736,737,738,739,740,741,742,743,744,745,
378;0;8126;8255;0;0,20,21,24,36,37,38,80,81,82,84,85,88,98,99,100,101,103,107,113,137,158,159,160,161,162,163,164,165,166,170,183,184,185,186,187,188,189,190,191,192,218,245,286,287,288,383,384,385,418,433,523,524,525,624,633,634,635,636,637,638,639,640,641,646,647,648,688,734,735,736,737,738,739,740,741,742,743,744,745,
378;1;8255;8315;0;0,20,21,24,36,37,38,80,81,82,84,85,88,98,99,100,101,103,107,113,137,158,159,160,161,162,163,164,165,166,170,183,184,185,186,187,188,189,190,191,192,218,245,286,287,288,383,384,385,418,433,523,524,525,624,633,634,635,636,637,638,639,640,641,646,647,648,688,734,735,736,737,738,739,740,741,742,743,744,745,
307;0;8315;8354;0;0,20,21,24,36,37,38,80,81,82,84,85,88,98,99,100,101,103,107,113,137,158,159,160,161,162,163,164,165,166,170,183,184,185,186,187,188,189,190,191,192,218,245,286,287,288,383,384,385,418,433,523,524,525,624,633,634,635,636,637,638,639,640,641,646,647,648,688,734,735,736,737,738,739,740,741,742,743,744,745,
26;0;8354;8442;1;0,20,21,24,36,37,38,80,81,82,84,85,88,98,99,100,101,103,107,113,137,158,159,160,161,162,163,164,165,166,170,183,184,185,186,187,188,189,190,191,192,218,245,286,287,288,383,384,385,418,433,523,524,525,624,633,634,635,636,637,638,639,640,641,646,647,648,688,734,735,736,737,738,739,740,741,742,743,744,745,
26;1;8442;8483;1;0,20,21,24,36,37,38,80,81,82,84,85,88,98,99,100,101,103,107,113,137,158,159,160,161,162,163,164,165,166,170,183,184,185,186,187,188,189,190,191,192,218,245,286,287,288,383,384,385,418,433,523,524,525,624,633,634,635,636,637,638,639,640,641,646,647,648,688,734,735,736,737,738,739,740,741,742,743,744,745,
220;0;8483;8524;0;0,20,21,24,36,37,38,80,81,82,84,85,88,98,99,100,101,103,107,113,137,158,159,160,161,162,163,164,165,166,170,183,184,185,186,187,188,189,190,191,192,218,245,286,287,288,383,384,385,418,433,523,524,525,624,633,634,635,636,637,638,639,640,641,646,647,648,688,734,735,736,737,738,739,740,741,742,743,744,745,
196;0;8524;8645;1;0,20,21,24,36,37,38,80,81,82,84,85,88,98,99,100,101,103,107,113,137,158,159,160,161,162,163,164,165,166,170,183,184,185,186,187,188,189,190,191,192,218,245,286,287,288,383,384,385,418,433,523,524,525,624,633,634,635,636,637,638,639,640,641,646,647,648,688,734,735,736,737,738,739,740,741,742,743,744,745,
196;1;8645;8782;1;0,20,21,24,36,37,38,80,81,82,84,85,88,98,99,100,101,103,107,113,137,158,159,160,161,162,163,164,165,166,170,183,184,185,186,187,188,189,190,191,192,218,245,286,287,288,383,384,385,418,433,523,524,525,624,633,634,635,636,637,638,639,640,641,646,647,648,688,734,735,736,737,738,739,740,741,742,743,744,745,
252;0;8782;8934;0;0,20,21,24,36,37,38,80,81,82,84,85,88,98,99,100,101,103,107,113,137,158,159,160,161,162,163,164,165,166,170,183,184,185,186,187,188,189,190,191,192,218,245,286,287,288,383,384,385,418,433,523,524,525,624,633,634,635,636,637,638,639,640,641,646,647,648,688,734,735,736,737,738,739,740,741,742,743,744,745,
139;0;8934;9035;1;0,20,21,24,36,37,38,80,81,82,84,85,88,98,99,100,101,103,107,113,137,158,159,160,161,162,163,164,165,166,170,183,184,185,186,187,188,189,190,191,192,218,245,286,287,288,383,384,385,418,433,523,524,525,624,633,634,635,636,637,638,639,640,641,646,647,648,688,734,735,736,737,738,739,740,741,742,743,744,745,
139;1;9035;9215;1;0,20,21,24,36,37,38,80,81,82,84,85,88,98,99,100,101,103,107,113,137,158,159,160,161,162,163,164,165,166,170,183,184,185,186,187,188,189,190,191,192,218,245,286,287,288,383,384,385,418,433,523,524,525,624,633,634,635,636,637,638,639,640,641,646,647,648,688,734,735,736,737,738,739,740,741,742,743,744,745,
294;0;9215;9391;1;0,20,21,24,36,37,38,80,81,82,84,85,88,98,99,100,101,103,107,113,137,158,159,160,161,162,163,164,165,166,170,183,184,185,186,187,188,189,190,191,192,218,245,286,287,288,383,384,385,418,433,523,524,525,624,633,634,635,636,637,638,639,640,641,646,647,648,688,734,735,736,737,738,739,740,741,742,743,744,745,
294;1;9391;9443;1;0,20,21,24,36,37,38,80,81,82,84,85,88,98,99,100,101,103,107,113,137,158,159,160,161,162,163,164,165,166,170,183,184,185,186,187,188,189,190,191,192,218,245,286,287,288,383,384,385,418,433,523,524,525,624,633,634,635,636,637,638,639,640,641,646,647,648,688,734,735,736,737,738,739,740,741,742,743,744,745,
175;0;9443;9580;0;0,20,21,24,36,37,38,80,81,82,84,85,88,98,99,100,101,103,107,113,137,158,159,160,161,162,163,164,165,166,170,183,184,185,186,187,188,189,190,191,192,218,245,286,287,288,383,384,385,418,433,523,524,525,624,633,634,635,636,637,638,639,640,641,646,647,648,688,734,735,736,737,738,739,740,741,742,743,744,745,
90;0;9580;9689;0;0,20,21,24,36,37,38,80,81,82,84,85,88,98,99,100,101,103,107,113,137,158,159,160,161,162,163,164,165,166,170,183,184,185,186,187,188,189,190,191,192,218,245,286,287,288,383,384,385,418,433,523,524,525,624,633,634,635,636,637,638,639,640,641,646,647,648,688,734,735,736,737,738,739,740,741,742,743,744,745,
142;0;9689;9810;0;0,20,21,24,36,37,38,80,81,82,84,85,88,98,99,100,101,103,107,113,137,158,159,160,161,162,163,164,165,166,170,183,184,185,186,187,188,189,190,191,192,218,245,286,287,288,383,384,385,418,433,523,524,525,624,633,634,635,636,637,638,639,640,641,646,647,648,688,734,735,736,737,738,739,740,741,742,743,744,745,
21;0;9810;9936;1;0,20,21,24,36,37,38,80,81,82,84,85,88,98,99,100,101,103,107,113,137,158,159,160,161,162,163,164,165,166,170,183,184,185,186,187,188,189,190,191,192,218,245,286,287,288,383,384,385,418,433,523,524,525,624,633,634,635,636,637,638,639,640,641,646,647,648,688,734,735,736,737,738,739,740,741,742,743,744,745,
21;1;9936;10045;1;0,20,21,24,36,37,38,80,81,82,84,85,88,98,99,100,101,103,107,113,137,158,159,160,161,162,163,164,165,166,170,183,184,185,186,187,188,189,190,191,192,218,245,286,287,288,383,384,385,418,433,523,524,525,624,633,634,635,636,637,638,639,640,641,646,647,648,688,734,735,736,737,738,739,740,741,742,743,744,745,
Machine: 5
352;0;0;4;0;0,2,3,4,5,21,33,36,38,54,55,56,57,58,59,60,61,62,85,88,90,103,105,113,125,126,127,131,135,157,169,170,171,172,177,183,188,200,201,202,203,204,205,208,209,210,214,215,216,217,277,278,279,280,281,282,283,284,285,302,314,315,409,410,411,412,413,414,415,586,587,588,589,598,605,616,642,643,644,645,
383;0;4;61;0;0,2,3,4,5,21,33,36,38,54,55,56,57,58,59,60,61,62,85,88,90,103,105,113,125,126,127,131,135,157,169,170,171,172,177,183,188,200,201,202,203,204,205,208,209,210,214,215,216,217,277,278,279,280,281,282,283,284,285,302,314,315,409,410,411,412,413,414,415,586,587,588,589,598,605,616,642,643,644,645,
383;1;61;97;0;0,2,3,4,5,21,33,36,38,54,55,56,57,58,59,60,61,62,85,88,90,103,105,113,125,126,127,131,135,157,169,170,171,172,177,183,188,200,201,202,203,204,205,208,209,210,214,215,216,217,277,278,279,280,281,282,283,284,285,302,314,315,409,410,411,412,413,414,415,586,587,588,589,598,605,616,642,643,644,645,
363;0;97;257;0;0,2,3,4,5,21,33,36,38,54,55,56,57,58,59,60,61,62,85,88,90,103,105,113,125,126,127,131,135,157,169,170,171,172,177,183,188,200,201,202,203,204,205,208,209,210,214,215,216,217,277,278,279,280,281,282,283,284,285,302,314,315,409,410,411,412,413,414,415,586,587,588,589,598,605,616,642,643,644,645,
363;1;257;353;0;0,2,3,4,5,21,33,36,38,54,55,56,57,58,59,60,61,62,85,88,90,103,105,113,125,126,127,131,135,157,169,170,171,172,177,183,188,200,201,202,203,204,205,208,209,210,214,215,216,217,277,278,279,280,281,282,283,284,285,302,314,315,409,410,411,412,413,414,415,586,587,588,589,598,605,616,642,643,644,645,
23;0;353;447;0;0,2,3,4,5,21,33,36,38,54,55,56,57,58,59,60,61,62,85,88,90,103,105,113,125,126,127,131,135,157,169,170,171,172,177,183,188,200,201,202,203,204,205,208,209,210,214,215,216,217,277,278,279,280,281,282,283,284,285,302,314,315,409,410,411,412,413,414,415,586,587,588,589,598,605,616,642,643,644,645,
23;1;447;604;0;0,2,3,4,5,21,33,36,38,54,55,56,57,58,59,60,61,62,85,88,90,103,105,113,125,126,127,131,135,157,169,170,171,172,177,183,188,200,201,202,203,204,205,208,209,210,214,215,216,217,277,278,279,280,281,282,283,284,285,302,314,315,409,410,411,412,413,414,415,586,587,588,589,598,605,616,642,643,644,645,
259;0;604;705;1;0,2,3,4,5,21,33,36,38,54,55,56,57,58,59,60,61,62,85,88,90,103,105,113,125,126,127,131,135,157,169,170,171,172,177,183,188,200,201,202,203,204,205,208,209,210,214,215,216,217,277,278,279,280,281,282,283,284,285,302,314,315,409,410,411,412,413,414,415,586,587,588,589,598,605,616,642,643,644,645,
259;1;705;781;1;0,2,3,4,5,21,33,36,38,54,55,56,57,58,59,60,61,62,85,88,90,103,105,113,125,126,127,131,135,157,169,170,171,172,177,183,188,200,201,202,203,204,205,208,209,210,214,215,216,217,277,278,279,280,281,282,283,284,285,302,314,315,409,410,411,412,413,414,415,586,587,588,589,598,605,616,642,643,644,645,
317;0;781;879;0;0,2,3,4,5,21,33,36,38,54,55,56,57,58,59,60,61,62,85,88,90,103,105,113,125,126,127,131,135,157,169,170,171,172,177,183,188,200,201,202,203,204,205,208,209,210,214,215,216,217,277,278,279,280,281,282,283,284,285,302,314,315,409,410,411,412,413,414,415,586,587,588,589,598,605,616,642,643,644,645,
58;0;879;1034;0;0,2,3,4,5,21,33,36,38,54,55,56,57,58,59,60,61,62,85,88,90,103,105,113,125,126,127,131,135,157,169,170,171,172,177,183,188,200,201,202,203,204,205,208,209,210,214,215,216,217,277,278,279,280,281,282,283,284,285,302,314,315,409,410,411,412,413,414,415,586,587,588,589,598,605,616,642,643,644,645,
58;1;1034;1111;0;0,2,3,4,5,21,33,36,38,54,55,56,57,58,59,60,61,62,85,88,90,103,105,113,125,126,127,131,135,157,169,170,171,172,177,183,188,200,201,202,203,204,205,208,209,210,214,215,216,217,277,278,279,280,281,282,283,284,285,302,314,315,409,410,411,412,413,414,415,586,587,588,589,598,605,616,642,643,644,645,
280;0;1111;1215;0;0,2,3,4,5,21,33,36,38,54,55,56,57,58,59,60,61,62,85,88,90,103,105,113,125,126,127,131,135,157,169,170,171,172,177,183,188,200,201,202,203,204,205,208,209,210,214,215,216,217,277,278,279,280,281,282,283,284,285,302,314,315,409,410,411,412,413,414,415,586,587,588,589,598,605,616,642,643,644,645,
35;0;1215;1219;0;0,2,3,4,5,21,33,36,38,54,55,56,57,58,59,60,61,62,85,88,90,103,105,113,125,126,127,131,135,157,169,170,171,172,177,183,188,200,201,202,203,204,205,208,209,210,214,215,216,217,277,278,279,280,281,282,283,284,285,302,314,315,409,410,411,412,413,414,415,586,587,588,589,598,605,616,642,643,644,645,
72;0;1219;1363;0;0,2,3,4,5,21,33,36,38,54,55,56,57,58,59,60,61,62,85,88,90,103,105,113,125,126,127,131,135,157,169,170,171,172,177,183,188,200,201,202,203,204,205,208,209,210,214,215,216,217,277,278,279,280,281,282,283,284,285,302,314,315,409,410,411,412,413,414,415,586,587,588,589,598,605,616,642,643,644,645,
306;0;1363;1397;1;0,2,3,4,5,21,33,36,38,54,55,56,57,58,59,60,61,62,85,88,90,103,105,113,125,126,127,131,135,157,169,170,171,172,177,183,188,200,201,202,203,204,205,208,209,210,214,215,216,217,277,278,279,280,281,282,283,284,285,302,314,315,409,410,411,412,413,414,415,586,587,588,589,598,605,616,642,643,644,645,
306;1;1397;1554;1;0,2,3,4,5,21,33,36,38,54,55,56,57,58,59,60,61,62,85,88,90,103,105,113,125,126,127,131,135,157,169,170,171,172,177,183,188,200,201,202,203,204,205,208,209,210,214,215,216,217,277,278,279,280,281,282,283,284,285,302,314,315,409,410,411,412,413,414,415,586,587,588,589,598,605,616,642,643,644,645,
32;0;1554;1658;0;0,2,3,4,5,21,33,36,38,54,55,56,57,58,59,60,61,62,85,88,90,103,105,113,125,126,127,131,135,157,169,170,171,172,177,183,188,200,201,202,203,204,205,208,209,210,214,215,216,217,277,278,279,280,281,282,283,284,285,302,314,315,409,410,411,412,413,414,415,586,587,588,589,598,605,616,642,643,644,645,
358;0;1658;1823;0;0,2,3,4,5,21,33,36,38,54,55,56,57,58,59,60,61,62,85,88,90,103,105,113,125,126,127,131,135,157,169,170,171,172,177,183,188,200,201,202,203,204,205,208,209,210,214,215,216,217,277,278,279,280,281,282,283,284,285,302,314,315,409,410,411,412,413,414,415,586,587,588,589,598,605,616,642,643,644,645,
358;1;1823;1852;0;0,2,3,4,5,21,33,36,38,54,55,56,57,58,59,60,61,62,85,88,90,103,105,113,125,126,127,131,135,157,169,170,171,172,177,183,188,200,201,202,203,204,205,208,209,210,214,215,216,217,277,278,279,280,281,282,283,284,285,302,314,315,409,410,411,412,413,414,415,586,587,588,589,598,605,616,642,643,644,645,
110;0;1852;1950;0;0,2,3,4,5,21,33,36,38,54,55,56,57,58,59,60,61,62,85,88,90,103,105,113,125,126,127,131,135,157,169,170,171,172,177,183,188,200,201,202,203,204,205,208,209,210,214,215,216,217,277,278,279,280,281,282,283,284,285,302,314,315,409,410,411,412,413,414,415,586,587,588,589,598,605,616,642,643,644,645,
271;0;1950;2110;1;0,2,3,4,5,21,33,36,38,54,55,56,57,58,59,60,61,62,85,88,90,103,105,113,125,126,127,131,135,157,169,170,171,172,177,183,188,200,201,202,203,204,205,208,209,210,214,215,216,217,277,278,279,280,281,282,283,284,285,302,314,315,409,410,411,412,413,414,415,586,587,588,589,598,605,616,642,643,644,645,
271;1;2110;2258;1;0,2,3,4,5,21,33,36,38,54,55,56,57,58,59,60,61,62,85,88,90,103,105,113,125,126,127,131,135,157,169,170,171,172,177,183,188,200,201,202,203,204,205,208,209,210,214,215,216,217,277,278,279,280,281,282,283,284,285,302,314,315,409,410,411,412,413,414,415,586,587,588,589,598,605,616,642,643,644,645,
56;0;2258;2287;1;0,2,3,4,5,21,33,36,38,54,55,56,57,58,59,60,61,62,85,88,90,103,105,113,125,126,127,131,135,157,169,170,171,172,177,183,188,200,201,202,203,204,205,208,209,210,214,215,216,217,277,278,279,280,281,282,283,284,285,302,314,315,409,410,411,412,413,414,415,586,587,588,589,598,605,616,642,643,644,645,
56;1;2287;2391;1;0,2,3,4,5,21,33,36,38,54,55,56,57,58,59,60,61,62,85,88,90,103,105,113,125,126,127,131,135,157,169,170,171,172,177,183,188,200,201,202,203,204,205,208,209,210,214,215,216,217,277,278,279,280,281,282,283,284,285,302,314,315,409,410,411,412,413,414,415,586,587,588,589,598,605,616,642,643,644,645,
293;0;2391;2547;0;0,2,3,4,5,21,33,36,38,54,55,56,57,58,59,60,61,62,85,88,90,103,105,113,125,126,127,131,135,157,169,170,171,172,177,183,188,200,201,202,203,204,205,208,209,210,214,215,216,217,277,278,279,280,281,282,283,284,285,302,314,315,409,410,411,412,413,414,415,586,587,588,589,598,605,616,642,643,644,645,
293;1;2547;2568;0;0,2,3,4,5,21,33,36,38,54,55,56,57,58,59,60,61,62,85,88,90,103,105,113,125,126,127,131,135,157,169,170,171,172,177,183,188,200,201,202,203,204,205,208,209,210,214,215,216,217,277,278,279,280,281,282,283,284,285,302,314,315,409,410,411,412,413,414,415,586,587,588,589,598,605,616,642,643,644,645,
50;0;2568;2707;0;0,2,3,4,5,21,33,36,38,54,55,56,57,58,59,60,61,62,85,88,90,103,105,113,125,126,127,131,135,157,169,170,171,172,177,183,188,200,201,202,203,204,205,208,209,210,214,215,216,217,277,278,279,280,281,282,283,284,285,302,314,315,409,410,411,412,413,414,415,586,587,588,589,598,605,616,642,643,644,645,
135;0;2707;2743;0;0,2,3,4,5,21,33,36,38,54,55,56,57,58,59,60,61,62,85,88,90,103,105,113,125,126,127,131,135,157,169,170,171,172,177,183,188,200,201,202,203,204,205,208,209,210,214,215,216,217,277,278,279,280,281,282,283,284,285,302,314,315,409,410,411,412,413,414,415,586,587,588,589,598,605,616,642,643,644,645,
57;0;2743;2841;0;0,2,3,4,5,21,33,36,38,54,55,56,57,58,59,60,61,62,85,88,90,103,105,113,125,126,127,131,135,157,169,170,171,172,177,183,188,200,201,202,203,204,205,208,209,210,214,215,216,217,277,278,279,280,281,282,283,284,285,302,314,315,409,410,411,412,413,414,415,586,587,588,589,598,605,616,642,643,644,645,
322;0;2841;2980;0;0,2,3,4,5,21,33,36,38,54,55,56,57,58,59,60,61,62,85,88,90,103,105,113,125,126,127,131,135,157,169,170,171,172,177,183,188,200,201,202,203,204,205,208,209,210,214,215,216,217,277,278,279,280,281,282,283,284,285,302,314,315,409,410,411,412,413,414,415,586,587,588,589,598,605,616,642,643,644,645,
324;0;2980;3057;1;0,2,3,4,5,21,33,36,38,54,55,56,57,58,59,60,61,62,85,88,90,103,105,113,125,126,127,131,135,157,169,170,171,172,177,183,188,200,201,202,203,204,205,208,209,210,214,215,216,217,277,278,279,280,281,282,283,284,285,302,314,315,409,410,411,412,413,414,415,586,587,588,589,598,605,616,642,643,644,645,
324;1;3057;3086;1;0,2,3,4,5,21,33,36,38,54,55,56,57,58,59,60,61,62,85,88,90,103,105,113,125,126,127,131,135,157,169,170,171,172,177,183,188,200,201,202,203,204,205,208,209,210,214,215,216,217,277,278,279,280,281,282,283,284,285,302,314,315,409,410,411,412,413,414,415,586,587,588,589,598,605,616,642,643,644,645,
248;0;3086;3255;0;0,2,3,4,5,21,33,36,38,54,55,56,57,58,59,60,61,62,85,88,90,103,105,113,125,126,127,131,135,157,169,170,171,172,177,183,188,200,201,202,203,204,205,208,209,210,214,215,216,217,277,278,279,280,281,282,283,284,285,302,314,315,409,410,411,412,413,414,415,586,587,588,589,598,605,616,642,643,644,645,
248;1;3255;3284;0;0,2,3,4,5,21,33,36,38,54,55,56,57,58,59,60,61,62,85,88,90,103,105,113,125,126,127,131,135,157,169,170,171,172,177,183,188,200,201,202,203,204,205,208,209,210,214,215,216,217,277,278,279,280,281,282,283,284,285,302,314,315,409,410,411,412,413,414,415,586,587,588,589,598,605,616,642,643,644,645,
87;0;3284;3320;0;0,2,3,4,5,21,33,36,38,54,55,56,57,58,59,60,61,62,85,88,90,103,105,113,125,126,127,131,135,157,169,170,171,172,177,183,188,200,201,202,203,204,205,208,209,210,214,215,216,217,277,278,279,280,281,282,283,284,285,302,314,315,409,410,411,412,413,414,415,586,587,588,589,598,605,616,642,643,644,645,
195;0;3320;3324;0;0,2,3,4,5,21,33,36,38,54,55,56,57,58,59,60,61,62,85,88,90,103,105,113,125,126,127,131,135,157,169,170,171,172,177,183,188,200,201,202,203,204,205,208,209,210,214,215,216,217,277,278,279,280,281,282,283,284,285,302,314,315,409,410,411,412,413,414,415,586,587,588,589,598,605,616,642,643,644,645,
200;0;3324;3479;0;0,2,3,4,5,21,33,36,38,54,55,56,57,58,59,60,61,62,85,88,90,103,105,113,125,126,127,131,135,157,169,170,171,172,177,183,188,200,201,202,203,204,205,208,209,210,214,215,216,217,277,278,279,280,281,282,283,284,285,302,314,315,409,410,411,412,413,414,415,586,587,588,589,598,605,616,642,643,644,645,
302;0;3479;3631;0;0,1,2,3,4,5,6,7,8,9,20,21,33,36,37,38,40,48,54,55,56,57,58,59,60,61,62,63,64,65,66,67,68,69,85,88,90,125,126,127,128,129,130,131,135,167,168,183,186,188,190,200,201,202,203,204,205,314,315,327,328,329,330,485,489,502,562,563,564,565,566,567,568,569,598,605,607,608,609,610,
212;0;3631;3792;0;0,1,2,3,4,5,6,7,8,9,20,21,33,36,37,38,40,48,54,55,56,57,58,59,60,61,62,63,64,65,66,67,68,69,85,88,90,125,126,127,128,129,130,131,135,167,168,183,186,188,190,200,201,202,203,204,205,314,315,327,328,329,330,485,489,502,562,563,564,565,566,567,568,569,598,605,607,608,609,610,
78;0;3792;3816;0;0,1,2,3,4,5,6,7,8,9,20,21,33,36,37,38,40,48,54,55,56,57,58,59,60,61,62,63,64,65,66,67,68,69,85,88,90,125,126,127,128,129,130,131,135,167,168,183,186,188,190,200,201,202,203,204,205,314,315,327,328,329,330,485,489,502,562,563,564,565,566,567,568,569,598,605,607,608,609,610,
78;1;3816;3977;0;0,1,2,3,4,5,6,7,8,9,20,21,33,36,37,38,40,48,54,55,56,57,58,59,60,61,62,63,64,65,66,67,68,69,85,88,90,125,126,127,128,129,130,131,135,167,168,183,186,188,190,200,201,202,203,204,205,314,315,327,328,329,330,485,489,502,562,563,564,565,566,567,568,569,598,605,607,608,609,610,
371;0;3977;3981;1;0,1,2,3,4,5,6,7,8,9,20,21,33,36,37,38,40,48,54,55,56,57,58,59,60,61,62,63,64,65,66,67,68,69,85,88,90,125,126,127,128,129,130,131,135,167,168,183,186,188,190,200,201,202,203,204,205,314,315,327,328,329,330,485,489,502,562,563,564,565,566,567,568,569,598,605,607,608,609,610,
371;1;3981;4112;1;0,1,2,3,4,5,6,7,8,9,20,21,33,36,37,38,40,48,54,55,56,57,58,59,60,61,62,63,64,65,66,67,68,69,85,88,90,125,126,127,128,129,130,131,135,167,168,183,186,188,190,200,201,202,203,204,205,314,315,327,328,329,330,485,489,502,562,563,564,565,566,567,568,569,598,605,607,608,609,610,
8;0;4112;4284;0;0,1,2,3,4,5,6,7,8,9,20,21,33,36,37,38,40,48,54,55,56,57,58,59,60,61,62,63,64,65,66,67,68,69,85,88,90,125,126,127,128,129,130,131,135,167,168,183,186,188,190,200,201,202,203,204,205,314,315,327,328,329,330,485,489,502,562,563,564,565,566,567,568,569,598,605,607,608,609,610,
8;1;4284;4420;0;0,1,2,3,4,5,6,7,8,9,20,21,33,36,37,38,40,48,54,55,56,57,58,59,60,61,62,63,64,65,66,67,68,69,85,88,90,125,126,127,128,129,130,131,135,167,168,183,186,188,190,200,201,202,203,204,205,314,315,327,328,329,330,485,489,502,562,563,564,565,566,567,568,569,598,605,607,608,609,610,
222;0;4420;4450;0;0,1,2,3,4,5,6,7,8,9,20,21,33,36,37,38,40,48,54,55,56,57,58,59,60,61,62,63,64,65,66,67,68,69,85,88,90,125,126,127,128,129,130,131,135,167,168,183,186,188,190,200,201,202,203,204,205,314,315,327,328,329,330,485,489,502,562,563,564,565,566,567,568,569,598,605,607,608,609,610,
66;0;4450;4516;1;0,1,2,3,4,5,6,7,8,9,20,21,33,36,37,38,40,48,54,55,56,57,58,59,60,61,62,63,64,65,66,67,68,69,85,88,90,125,126,127,128,129,130,131,135,167,168,183,186,188,190,200,201,202,203,204,205,314,315,327,328,329,330,485,489,502,562,563,564,565,566,567,568,569,598,605,607,608,609,610,
66;1;4516;4677;1;0,1,2,3,4,5,6,7,8,9,20,21,33,36,37,38,40,48,54,55,56,57,58,59,60,61,62,63,64,65,66,67,68,69,85,88,90,125,126,127,128,129,130,131,135,167,168,183,186,188,190,200,201,202,203,204,205,314,315,327,328,329,330,485,489,502,562,563,564,565,566,567,568,569,598,605,607,608,609,610,
172;0;4677;4754;0;0,1,2,3,4,5,6,7,8,9,20,21,33,36,37,38,40,48,54,55,56,57,58,59,60,61,62,63,64,65,66,67,68,69,85,88,90,125,126,127,128,129,130,131,135,167,168,183,186,188,190,200,201,202,203,204,205,314,315,327,328,329,330,485,489,502,562,563,564,565,566,567,568,569,598,605,607,608,609,610,
123;0;4754;4831;0;0,1,2,3,4,5,6,7,8,9,20,21,33,36,37,38,40,48,54,55,56,57,58,59,60,61,62,63,64,65,66,67,68,69,85,88,90,125,126,127,128,129,130,131,135,167,168,183,186,188,190,200,201,202,203,204,205,314,315,327,328,329,330,485,489,502,562,563,564,565,566,567,568,569,598,605,607,608,609,610,
123;1;4831;4886;0;0,1,2,3,4,5,6,7,8,9,20,21,33,36,37,38,40,48,54,55,56,57,58,59,60,61,62,63,64,65,66,67,68,69,85,88,90,125,126,127,128,129,130,131,135,167,168,183,186,188,190,200,201,202,203,204,205,314,315,327,328,329,330,485,489,502,562,563,564,565,566,567,568,569,598,605,607,608,609,610,
27;0;4886;4991;0;0,1,2,3,4,5,6,7,8,9,20,21,33,36,37,38,40,48,54,55,56,57,58,59,60,61,62,63,64,65,66,67,68,69,85,88,90,125,126,127,128,129,130,131,135,167,168,183,186,188,190,200,201,202,203,204,205,314,315,327,328,329,330,485,489,502,562,563,564,565,566,567,568,569,598,605,607,608,609,610,
122;0;4991;5152;0;0,1,2,3,4,5,6,7,8,9,20,21,33,36,37,38,40,48,54,55,56,57,58,59,60,61,62,63,64,65,66,67,68,69,85,88,90,125,126,127,128,129,130,131,135,167,168,183,186,188,190,200,201,202,203,204,205,314,315,327,328,329,330,485,489,502,562,563,564,565,566,567,568,569,598,605,607,608,609,610,
132;0;5152;5229;0;0,1,2,3,4,5,6,7,8,9,20,21,33,36,37,38,40,48,54,55,56,57,58,59,60,61,62,63,64,65,66,67,68,69,85,88,90,125,126,127,128,129,130,131,135,167,168,183,186,188,190,200,201,202,203,204,205,314,315,327,328,329,330,485,489,502,562,563,564,565,566,567,568,569,598,605,607,608,609,610,
331;0;5229;5295;1;0,1,2,3,4,5,6,7,8,9,20,21,33,36,37,38,40,48,54,55,56,57,58,59,60,61,62,63,64,65,66,67,68,69,85,88,90,125,126,127,128,129,130,131,135,167,168,183,186,188,190,200,201,202,203,204,205,314,315,327,328,329,330,485,489,502,562,563,564,565,566,567,568,569,598,605,607,608,609,610,
331;1;5295;5426;1;0,1,2,3,4,5,6,7,8,9,20,21,33,36,37,38,40,48,54,55,56,57,58,59,60,61,62,63,64,65,66,67,68,69,85,88,90,125,126,127,128,129,130,131,135,167,168,183,186,188,190,200,201,202,203,204,205,314,315,327,328,329,330,485,489,502,562,563,564,565,566,567,568,569,598,605,607,608,609,610,
141;0;5426;5505;1;0,1,2,3,4,5,6,7,8,9,20,21,33,36,37,38,40,48,54,55,56,57,58,59,60,61,62,63,64,65,66,67,68,69,85,88,90,125,126,127,128,129,130,131,135,167,168,183,186,188,190,200,201,202,203,204,205,314,315,327,328,329,330,485,489,502,562,563,564,565,566,567,568,569,598,605,607,608,609,610,
141;1;5505;5588;1;0,1,2,3,4,5,6,7,8,9,20,21,33,36,37,38,40,48,54,55,56,57,58,59,60,61,62,63,64,65,66,67,68,69,85,88,90,125,126,127,128,129,130,131,135,167,168,183,186,188,190,200,201,202,203,204,205,314,315,327,328,329,330,485,489,502,562,563,564,565,566,567,568,569,598,605,607,608,609,610,
282;0;5588;5643;0;0,1,2,3,4,5,6,7,8,9,20,21,33,36,37,38,40,48,54,55,56,57,58,59,60,61,62,63,64,65,66,67,68,69,85,88,90,125,126,127,128,129,130,131,135,167,168,183,186,188,190,200,201,202,203,204,205,314,315,327,328,329,330,485,489,502,562,563,564,565,566,567,568,569,598,605,607,608,609,610,
213;0;5643;5731;0;0,1,2,3,4,5,6,7,8,9,20,21,33,36,37,38,40,48,54,55,56,57,58,59,60,61,62,63,64,65,66,67,68,69,85,88,90,125,126,127,128,129,130,131,135,167,168,183,186,188,190,200,201,202,203,204,205,314,315,327,328,329,330,485,489,502,562,563,564,565,566,567,568,569,598,605,607,608,609,610,
213;1;5731;5867;0;0,1,2,3,4,5,6,7,8,9,20,21,33,36,37,38,40,48,54,55,56,57,58,59,60,61,62,63,64,65,66,67,68,69,85,88,90,125,126,127,128,129,130,131,135,167,168,183,186,188,190,200,201,202,203,204,205,314,315,327,328,329,330,485,489,502,562,563,564,565,566,567,568,569,598,605,607,608,609,610,
321;0;5867;5889;1;0,1,2,3,4,5,6,7,8,9,20,21,33,36,37,38,40,48,54,55,56,57,58,59,60,61,62,63,64,65,66,67,68,69,85,88,90,125,126,127,128,129,130,131,135,167,168,183,186,188,190,200,201,202,203,204,205,314,315,327,328,329,330,485,489,502,562,563,564,565,566,567,568,569,598,605,607,608,609,610,
321;1;5889;6014;1;0,1,2,3,4,5,6,7,8,9,20,21,33,36,37,38,40,48,54,55,56,57,58,59,60,61,62,63,64,65,66,67,68,69,85,88,90,125,126,127,128,129,130,131,135,167,168,183,186,188,190,200,201,202,203,204,205,314,315,327,328,329,330,485,489,502,562,563,564,565,566,567,568,569,598,605,607,608,609,610,
389;0;6014;6115;1;0,1,2,3,4,5,6,7,8,9,20,21,33,36,37,38,40,48,54,55,56,57,58,59,60,61,62,63,64,65,66,67,68,69,85,88,90,125,126,127,128,129,130,131,135,167,168,183,186,188,190,200,201,202,203,204,205,314,315,327,328,329,330,485,489,502,562,563,564,565,566,567,568,569,598,605,607,608,609,610,
389;1;6115;6136;1;0,1,2,3,4,5,6,7,8,9,20,21,33,36,37,38,40,48,54,55,56,57,58,59,60,61,62,63,64,65,66,67,68,69,85,88,90,125,126,127,128,129,130,131,135,167,168,183,186,188,190,200,201,202,203,204,205,314,315,327,328,329,330,485,489,502,562,563,564,565,566,567,568,569,598,605,607,608,609,610,
362;0;6136;6234;0;0,1,2,3,4,5,6,7,8,9,20,21,33,36,37,38,40,48,54,55,56,57,58,59,60,61,62,63,64,65,66,67,68,69,85,88,90,125,126,127,128,129,130,131,135,167,168,183,186,188,190,200,201,202,203,204,205,314,315,327,328,329,330,485,489,502,562,563,564,565,566,567,568,569,598,605,607,608,609,610,
67;0;6234;6289;0;0,1,2,3,4,5,6,7,8,9,20,21,33,36,37,38,40,48,54,55,56,57,58,59,60,61,62,63,64,65,66,67,68,69,85,88,90,125,126,127,128,129,130,131,135,167,168,183,186,188,190,200,201,202,203,204,205,314,315,327,328,329,330,485,489,502,562,563,564,565,566,567,568,569,598,605,607,608,609,610,
188;0;6289;6314;0;0,1,2,3,4,5,6,7,8,9,20,21,33,36,37,38,40,48,54,55,56,57,58,59,60,61,62,63,64,65,66,67,68,69,85,88,90,125,126,127,128,129,130,131,135,167,168,183,186,188,190,200,201,202,203,204,205,314,315,327,328,329,330,485,489,502,562,563,564,565,566,567,568,569,598,605,607,608,609,610,
188;1;6314;6335;0;0,1,2,3,4,5,6,7,8,9,20,21,33,36,37,38,40,48,54,55,56,57,58,59,60,61,62,63,64,65,66,67,68,69,85,88,90,125,126,127,128,129,130,131,135,167,168,183,186,188,190,200,201,202,203,204,205,314,315,327,328,329,330,485,489,502,562,563,564,565,566,567,568,569,598,605,607,608,609,610,
229;0;6335;6408;1;0,1,2,3,4,5,6,7,8,9,20,21,33,36,37,38,40,48,54,55,56,57,58,59,60,61,62,63,64,65,66,67,68,69,85,88,90,125,126,127,128,129,130,131,135,167,168,183,186,188,190,200,201,202,203,204,205,314,315,327,328,329,330,485,489,502,562,563,564,565,566,567,568,569,598,605,607,608,609,610,
229;1;6408;6563;1;0,1,2,3,4,5,6,7,8,9,20,21,33,36,37,38,40,48,54,55,56,57,58,59,60,61,62,63,64,65,66,67,68,69,85,88,90,125,126,127,128,129,130,131,135,167,168,183,186,188,190,200,201,202,203,204,205,314,315,327,328,329,330,485,489,502,562,563,564,565,566,567,568,569,598,605,607,608,609,610,
349;0;6563;6641;1;0,1,2,3,4,5,6,7,8,9,20,21,33,36,37,38,40,48,54,55,56,57,58,59,60,61,62,63,64,65,66,67,68,69,85,88,90,125,126,127,128,129,130,131,135,167,168,183,186,188,190,200,201,202,203,204,205,314,315,327,328,329,330,485,489,502,562,563,564,565,566,567,568,569,598,605,607,608,609,610,
349;1;6641;6750;1;0,1,2,3,4,5,6,7,8,9,20,21,33,36,37,38,40,48,54,55,56,57,58,59,60,61,62,63,64,65,66,67,68,69,85,88,90,125,126,127,128,129,130,131,135,167,168,183,186,188,190,200,201,202,203,204,205,314,315,327,328,329,330,485,489,502,562,563,564,565,566,567,568,569,598,605,607,608,609,610,
155;0;6750;6881;0;0,1,2,3,4,5,6,7,8,9,20,21,33,36,37,38,40,48,54,55,56,57,58,59,60,61,62,63,64,65,66,67,68,69,85,88,90,125,126,127,128,129,130,131,135,167,168,183,186,188,190,200,201,202,203,204,205,314,315,327,328,329,330,485,489,502,562,563,564,565,566,567,568,569,598,605,607,608,609,610,
183;0;6881;6930;0;0,1,2,3,4,5,6,7,8,9,20,21,33,36,37,38,40,48,54,55,56,57,58,59,60,61,62,63,64,65,66,67,68,69,85,88,90,125,126,127,128,129,130,131,135,167,168,183,186,188,190,200,201,202,203,204,205,314,315,327,328,329,330,485,489,502,562,563,564,565,566,567,568,569,598,605,607,608,609,610,
183;1;6930;7061;0;0,1,2,3,4,5,6,7,8,9,20,21,33,36,37,38,40,48,54,55,56,57,58,59,60,61,62,63,64,65,66,67,68,69,85,88,90,125,126,127,128,129,130,131,135,167,168,183,186,188,190,200,201,202,203,204,205,314,315,327,328,329,330,485,489,502,562,563,564,565,566,567,568,569,598,605,607,608,609,610,
108;0;7061;7134;0;0,1,2,3,4,5,6,7,8,9,20,21,33,36,37,38,40,48,54,55,56,57,58,59,60,61,62,63,64,65,66,67,68,69,85,88,90,125,126,127,128,129,130,131,135,167,168,183,186,188,190,200,201,202,203,204,205,314,315,327,328,329,330,485,489,502,562,563,564,565,566,567,568,569,598,605,607,608,609,610,
108;1;7134;7211;0;0,1,2,3,4,5,6,7,8,9,20,21,33,36,37,38,40,48,54,55,56,57,58,59,60,61,62,63,64,65,66,67,68,69,85,88,90,125,126,127,128,129,130,131,135,167,168,183,186,188,190,200,201,202,203,204,205,314,315,327,328,329,330,485,489,502,562,563,564,565,566,567,568,569,598,605,607,608,609,610,
150;0;7211;7363;0;0,1,2,3,4,5,6,7,8,9,20,21,33,36,37,38,40,48,54,55,56,57,58,59,60,61,62,63,64,65,66,67,68,69,85,88,90,125,126,127,128,129,130,131,135,167,168,183,186,188,190,200,201,202,203,204,205,314,315,327,328,329,330,485,489,502,562,563,564,565,566,567,568,569,598,605,607,608,609,610,
364;0;7363;7483;1;0,1,2,3,4,5,6,7,8,9,20,21,33,36,37,38,40,48,54,55,56,57,58,59,60,61,62,63,64,65,66,67,68,69,85,88,90,125,126,127,128,129,130,131,135,167,168,183,186,188,190,200,201,202,203,204,205,314,315,327,328,329,330,485,489,502,562,563,564,565,566,567,568,569,598,605,607,608,609,610,
364;1;7483;7644;1;0,1,2,3,4,5,6,7,8,9,20,21,33,36,37,38,40,48,54,55,56,57,58,59,60,61,62,63,64,65,66,67,68,69,85,88,90,125,126,127,128,129,130,131,135,167,168,183,186,188,190,200,201,202,203,204,205,314,315,327,328,329,330,485,489,502,562,563,564,565,566,567,568,569,598,605,607,608,609,610,
47;0;7644;7788;0;0,1,2,3,4,5,6,7,8,9,20,21,33,36,37,38,40,48,54,55,56,57,58,59,60,61,62,63,64,65,66,67,68,69,85,88,90,125,126,127,128,129,130,131,135,167,168,183,186,188,190,200,201,202,203,204,205,314,315,327,328,329,330,485,489,502,562,563,564,565,566,567,568,569,598,605,607,608,609,610,
214;0;7788;7961;1;0,1,2,3,4,5,6,7,8,9,20,21,33,36,37,38,40,48,54,55,56,57,58,59,60,61,62,63,64,65,66,67,68,69,85,88,90,125,126,127,128,129,130,131,135,167,168,183,186,188,190,200,201,202,203,204,205,314,315,327,328,329,330,485,489,502,562,563,564,565,566,567,568,569,598,605,607,608,609,610,
214;1;7961;8122;1;0,1,2,3,4,5,6,7,8,9,20,21,33,36,37,38,40,48,54,55,56,57,58,59,60,61,62,63,64,65,66,67,68,69,85,88,90,125,126,127,128,129,130,131,135,167,168,183,186,188,190,200,201,202,203,204,205,314,315,327,328,329,330,485,489,502,562,563,564,565,566,567,568,569,598,605,607,608,609,610,
257;0;8122;8152;0;0,1,2,3,4,5,6,7,8,9,20,21,33,36,37,38,40,48,54,55,56,57,58,59,60,61,62,63,64,65,66,67,68,69,85,88,90,125,126,127,128,129,130,131,135,167,168,183,186,188,190,200,201,202,203,204,205,314,315,327,328,329,330,485,489,502,562,563,564,565,566,567,568,569,598,605,607,608,609,610,
291;0;8152;8238;1;0,1,2,3,4,5,6,7,8,9,20,21,33,36,37,38,40,48,54,55,56,57,58,59,60,61,62,63,64,65,66,67,68,69,85,88,90,125,126,127,128,129,130,131,135,167,168,183,186,188,190,200,201,202,203,204,205,314,315,327,328,329,330,485,489,502,562,563,564,565,566,567,568,569,598,605,607,608,609,610,
291;1;8238;8321;1;0,1,2,3,4,5,6,7,8,9,20,21,33,36,37,38,40,48,54,55,56,57,58,59,60,61,62,63,64,65,66,67,68,69,85,88,90,125,126,127,128,129,130,131,135,167,168,183,186,188,190,200,201,202,203,204,205,314,315,327,328,329,330,485,489,502,562,563,564,565,566,567,568,569,598,605,607,608,609,610,
345;0;8321;8482;0;0,1,2,3,4,5,6,7,8,9,20,21,33,36,37,38,40,48,54,55,56,57,58,59,60,61,62,63,64,65,66,67,68,69,85,88,90,125,126,127,128,129,130,131,135,167,168,183,186,188,190,200,201,202,203,204,205,314,315,327,328,329,330,485,489,502,562,563,564,565,566,567,568,569,598,605,607,608,609,610,
76;0;8482;8565;1;0,1,2,3,4,5,6,7,8,9,20,21,33,36,37,38,40,48,54,55,56,57,58,59,60,61,62,63,64,65,66,67,68,69,85,88,90,125,126,127,128,129,130,131,135,167,168,183,186,188,190,200,201,202,203,204,205,314,315,327,328,329,330,485,489,502,562,563,564,565,566,567,568,569,598,605,607,608,609,610,
76;1;8565;8701;1;0,1,2,3,4,5,6,7,8,9,20,21,33,36,37,38,40,48,54,55,56,57,58,59,60,61,62,63,64,65,66,67,68,69,85,88,90,125,126,127,128,129,130,131,135,167,168,183,186,188,190,200,201,202,203,204,205,314,315,327,328,329,330,485,489,502,562,563,564,565,566,567,568,569,598,605,607,608,609,610,
81;0;8701;8869;1;0,1,2,3,4,5,6,7,8,9,20,21,33,36,37,38,40,48,54,55,56,57,58,59,60,61,62,63,64,65,66,67,68,69,85,88,90,125,126,127,128,129,130,131,135,167,168,183,186,188,190,200,201,202,203,204,205,314,315,327,328,329,330,485,489,502,562,563,564,565,566,567,568,569,598,605,607,608,609,610,
81;1;8869;8978;1;0,1,2,3,4,5,6,7,8,9,20,21,33,36,37,38,40,48,54,55,56,57,58,59,60,61,62,63,64,65,66,67,68,69,85,88,90,125,126,127,128,129,130,131,135,167,168,183,186,188,190,200,201,202,203,204,205,314,315,327,328,329,330,485,489,502,562,563,564,565,566,567,568,569,598,605,607,608,609,610,
255;0;8978;9139;0;0,1,2,3,4,5,6,7,8,9,20,21,33,36,37,38,40,48,54,55,56,57,58,59,60,61,62,63,64,65,66,67,68,69,85,88,90,125,126,127,128,129,130,131,135,167,168,183,186,188,190,200,201,202,203,204,205,314,315,327,328,329,330,485,489,502,562,563,564,565,566,567,568,569,598,605,607,608,609,610,
17;0;9139;9222;0;0,1,2,3,4,5,6,7,8,9,20,21,33,36,37,38,40,48,54,55,56,57,58,59,60,61,62,63,64,65,66,67,68,69,85,88,90,125,126,127,128,129,130,131,135,167,168,183,186,188,190,200,201,202,203,204,205,314,315,327,328,329,330,485,489,502,562,563,564,565,566,567,568,569,598,605,607,608,609,610,
136;0;9222;9337;1;0,1,2,3,4,5,6,7,8,9,20,21,33,36,37,38,40,48,54,55,56,57,58,59,60,61,62,63,64,65,66,67,68,69,85,88,90,125,126,127,128,129,130,131,135,167,168,183,186,188,190,200,201,202,203,204,205,314,315,327,328,329,330,485,489,502,562,563,564,565,566,567,568,569,598,605,607,608,609,610,
136;1;9337;9441;1;0,1,2,3,4,5,6,7,8,9,20,21,33,36,37,38,40,48,54,55,56,57,58,59,60,61,62,63,64,65,66,67,68,69,85,88,90,125,126,127,128,129,130,131,135,167,168,183,186,188,190,200,201,202,203,204,205,314,315,327,328,329,330,485,489,502,562,563,564,565,566,567,568,569,598,605,607,608,609,610,
300;0;9441;9550;0;0,1,2,3,4,5,6,7,8,9,20,21,33,36,37,38,40,48,54,55,56,57,58,59,60,61,62,63,64,65,66,67,68,69,85,88,90,125,126,127,128,129,130,131,135,167,168,183,186,188,190,200,201,202,203,204,205,314,315,327,328,329,330,485,489,502,562,563,564,565,566,567,568,569,598,605,607,608,609,610,
END
fineshedJobsCount: 629
switchs: 721
switchsInstances: 21
unfineshedPriorityCount: 0
totalUnfineshed: 0
criticalMachineSwitchs: 137
criticalMachineTime: 10070
Final Solution: 17939
Time: 1007311
PTL: 495
MCMC: 492
Best Initial: 12831
Mean Initial: 12058
