./input/BaseInstances/6M2_n=1401,r=0.4,t=1401,v0.txt;./input/Processed/ToolSetInt.csv
7;720;1440
Machine: 0
364;0;0;97;1;15,16,17,18,19,20,21,22,23,24,25,26,27,28,66,67,68,70,130,133,137,141,157,206,218,219,246,263,264,265,266,267,271,274,275,330,331,332,333,334,336,337,338,339,357,394,395,474,475,476,477,478,479,480,481,482,483,484,485,486,558,561,562,649,650,651,652,653,654,655,656,657,658,659,661,662,663,664,665,685,
364;1;97;132;1;15,16,17,18,19,20,21,22,23,24,25,26,27,28,66,67,68,70,130,133,137,141,157,206,218,219,246,263,264,265,266,267,271,274,275,330,331,332,333,334,336,337,338,339,357,394,395,474,475,476,477,478,479,480,481,482,483,484,485,486,558,561,562,649,650,651,652,653,654,655,656,657,658,659,661,662,663,664,665,685,
41;0;132;176;1;15,16,17,18,19,20,21,22,23,24,25,26,27,28,66,67,68,70,130,133,137,141,157,206,218,219,246,263,264,265,266,267,271,274,275,330,331,332,333,334,336,337,338,339,357,394,395,474,475,476,477,478,479,480,481,482,483,484,485,486,558,561,562,649,650,651,652,653,654,655,656,657,658,659,661,662,663,664,665,685,
631;0;176;330;1;15,16,17,18,19,20,21,22,23,24,25,26,27,28,66,67,68,70,130,133,137,141,157,206,218,219,246,263,264,265,266,267,271,274,275,330,331,332,333,334,336,337,338,339,357,394,395,474,475,476,477,478,479,480,481,482,483,484,485,486,558,561,562,649,650,651,652,653,654,655,656,657,658,659,661,662,663,664,665,685,
474;0;330;374;1;15,16,17,18,19,20,21,22,23,24,25,26,27,28,66,67,68,70,130,133,137,141,157,206,218,219,246,263,264,265,266,267,271,274,275,330,331,332,333,334,336,337,338,339,357,394,395,474,475,476,477,478,479,480,481,482,483,484,485,486,558,561,562,649,650,651,652,653,654,655,656,657,658,659,661,662,663,664,665,685,
474;1;374;425;1;15,16,17,18,19,20,21,22,23,24,25,26,27,28,66,67,68,70,130,133,137,141,157,206,218,219,246,263,264,265,266,267,271,274,275,330,331,332,333,334,336,337,338,339,357,394,395,474,475,476,477,478,479,480,481,482,483,484,485,486,558,561,562,649,650,651,652,653,654,655,656,657,658,659,661,662,663,664,665,685,
83;0;425;500;1;15,16,17,18,19,20,21,22,23,24,25,26,27,28,66,67,68,70,130,133,137,141,157,206,218,219,246,263,264,265,266,267,271,274,275,330,331,332,333,334,336,337,338,339,357,394,395,474,475,476,477,478,479,480,481,482,483,484,485,486,558,561,562,649,650,651,652,653,654,655,656,657,658,659,661,662,663,664,665,685,
94;0;500;601;1;15,16,17,18,19,20,21,22,23,24,25,26,27,28,66,67,68,70,130,133,137,141,157,206,218,219,246,263,264,265,266,267,271,274,275,330,331,332,333,334,336,337,338,339,357,394,395,474,475,476,477,478,479,480,481,482,483,484,485,486,558,561,562,649,650,651,652,653,654,655,656,657,658,659,661,662,663,664,665,685,
94;1;601;674;1;15,16,17,18,19,20,21,22,23,24,25,26,27,28,66,67,68,70,130,133,137,141,157,206,218,219,246,263,264,265,266,267,271,274,275,330,331,332,333,334,336,337,338,339,357,394,395,474,475,476,477,478,479,480,481,482,483,484,485,486,558,561,562,649,650,651,652,653,654,655,656,657,658,659,661,662,663,664,665,685,
2;0;674;678;0;15,16,17,18,19,20,21,22,23,24,25,26,27,28,65,66,67,68,69,70,125,130,131,132,133,136,137,138,140,143,144,145,160,206,208,219,264,265,267,270,271,332,336,337,338,339,476,479,537,562,609,611,613,619,621,623,625,632,637,638,639,649,728,729,762,802,864,994,995,996,997,998,999,1000,1001,1002,1003,1004,1005,1006,
2;1;678;725;0;15,16,17,18,19,20,21,22,23,24,25,26,27,28,65,66,67,68,69,70,125,130,131,132,133,136,137,138,140,143,144,145,160,206,208,219,264,265,267,270,271,332,336,337,338,339,476,479,537,562,609,611,613,619,621,623,625,632,637,638,639,649,728,729,762,802,864,994,995,996,997,998,999,1000,1001,1002,1003,1004,1005,1006,
273;0;725;780;1;15,16,17,18,19,20,21,22,23,24,25,26,27,28,65,66,67,68,69,70,125,130,131,132,133,136,137,138,140,143,144,145,160,206,208,219,264,265,267,270,271,332,336,337,338,339,476,479,537,562,609,611,613,619,621,623,625,632,637,638,639,649,728,729,762,802,864,994,995,996,997,998,999,1000,1001,1002,1003,1004,1005,1006,
561;0;780;810;1;15,16,17,18,19,20,21,22,23,24,25,26,27,28,65,66,67,68,69,70,125,130,131,132,133,136,137,138,140,143,144,145,160,206,208,219,264,265,267,270,271,332,336,337,338,339,476,479,537,562,609,611,613,619,621,623,625,632,637,638,639,649,728,729,762,802,864,994,995,996,997,998,999,1000,1001,1002,1003,1004,1005,1006,
917;0;810;929;1;15,16,17,18,19,20,21,22,23,24,25,26,27,28,65,66,67,68,69,70,125,130,131,132,133,136,137,138,140,143,144,145,160,206,208,219,264,265,267,270,271,332,336,337,338,339,476,479,537,562,609,611,613,619,621,623,625,632,637,638,639,649,728,729,762,802,864,994,995,996,997,998,999,1000,1001,1002,1003,1004,1005,1006,
917;1;929;1055;1;15,16,17,18,19,20,21,22,23,24,25,26,27,28,65,66,67,68,69,70,125,130,131,132,133,136,137,138,140,143,144,145,160,206,208,219,264,265,267,270,271,332,336,337,338,339,476,479,537,562,609,611,613,619,621,623,625,632,637,638,639,649,728,729,762,802,864,994,995,996,997,998,999,1000,1001,1002,1003,1004,1005,1006,
787;0;1055;1059;1;15,16,17,18,19,20,21,22,23,24,25,26,27,28,65,66,67,68,69,70,125,130,131,132,133,136,137,138,140,143,144,145,160,206,208,219,264,265,267,270,271,332,336,337,338,339,476,479,537,562,609,611,613,619,621,623,625,632,637,638,639,649,728,729,762,802,864,994,995,996,997,998,999,1000,1001,1002,1003,1004,1005,1006,
787;1;1059;1230;1;15,16,17,18,19,20,21,22,23,24,25,26,27,28,65,66,67,68,69,70,125,130,131,132,133,136,137,138,140,143,144,145,160,206,208,219,264,265,267,270,271,332,336,337,338,339,476,479,537,562,609,611,613,619,621,623,625,632,637,638,639,649,728,729,762,802,864,994,995,996,997,998,999,1000,1001,1002,1003,1004,1005,1006,
810;0;1230;1260;1;15,16,17,18,19,20,21,22,23,24,25,26,27,28,65,66,67,68,69,70,125,130,131,132,133,136,137,138,140,143,144,145,160,206,208,219,264,265,267,270,271,332,336,337,338,339,476,479,537,562,609,611,613,619,621,623,625,632,637,638,639,649,728,729,762,802,864,994,995,996,997,998,999,1000,1001,1002,1003,1004,1005,1006,
329;0;1260;1320;0;15,16,17,18,19,20,21,22,23,24,25,26,27,28,65,66,67,68,69,70,125,130,131,132,133,136,137,138,140,143,144,145,160,206,208,219,264,265,267,270,271,332,336,337,338,339,476,479,537,562,609,611,613,619,621,623,625,632,637,638,639,649,728,729,762,802,864,994,995,996,997,998,999,1000,1001,1002,1003,1004,1005,1006,
329;1;1320;1398;0;15,16,17,18,19,20,21,22,23,24,25,26,27,28,65,66,67,68,69,70,125,130,131,132,133,136,137,138,140,143,144,145,160,206,208,219,264,265,267,270,271,332,336,337,338,339,476,479,537,562,609,611,613,619,621,623,625,632,637,638,639,649,728,729,762,802,864,994,995,996,997,998,999,1000,1001,1002,1003,1004,1005,1006,
927;0;1398;1453;1;15,16,17,18,19,20,21,22,23,24,25,26,27,28,65,66,67,68,69,70,125,130,131,132,133,136,137,138,140,143,144,145,160,206,208,219,264,265,267,270,271,332,336,337,338,339,476,479,537,562,609,611,613,619,621,623,625,632,637,638,639,649,728,729,762,802,864,994,995,996,997,998,999,1000,1001,1002,1003,1004,1005,1006,
927;1;1453;1626;1;15,16,17,18,19,20,21,22,23,24,25,26,27,28,65,66,67,68,69,70,125,130,131,132,133,136,137,138,140,143,144,145,160,206,208,219,264,265,267,270,271,332,336,337,338,339,476,479,537,562,609,611,613,619,621,623,625,632,637,638,639,649,728,729,762,802,864,994,995,996,997,998,999,1000,1001,1002,1003,1004,1005,1006,
109;0;1626;1637;0;15,16,17,18,19,20,21,22,23,24,25,26,27,28,65,66,67,68,69,70,125,130,131,132,133,136,137,138,140,143,144,145,160,206,208,219,264,265,267,270,271,332,336,337,338,339,476,479,537,562,609,611,613,619,621,623,625,632,637,638,639,649,728,729,762,802,864,994,995,996,997,998,999,1000,1001,1002,1003,1004,1005,1006,
109;1;1637;1802;0;15,16,17,18,19,20,21,22,23,24,25,26,27,28,65,66,67,68,69,70,125,130,131,132,133,136,137,138,140,143,144,145,160,206,208,219,264,265,267,270,271,332,336,337,338,339,476,479,537,562,609,611,613,619,621,623,625,632,637,638,639,649,728,729,762,802,864,994,995,996,997,998,999,1000,1001,1002,1003,1004,1005,1006,
254;0;1802;1911;1;15,16,17,18,19,20,21,22,23,24,25,26,27,28,65,66,67,68,69,70,125,130,131,132,133,136,137,138,140,143,144,145,160,206,208,219,264,265,267,270,271,332,336,337,338,339,476,479,537,562,609,611,613,619,621,623,625,632,637,638,639,649,728,729,762,802,864,994,995,996,997,998,999,1000,1001,1002,1003,1004,1005,1006,
254;1;1911;1941;1;15,16,17,18,19,20,21,22,23,24,25,26,27,28,65,66,67,68,69,70,125,130,131,132,133,136,137,138,140,143,144,145,160,206,208,219,264,265,267,270,271,332,336,337,338,339,476,479,537,562,609,611,613,619,621,623,625,632,637,638,639,649,728,729,762,802,864,994,995,996,997,998,999,1000,1001,1002,1003,1004,1005,1006,
341;0;1941;1971;1;15,16,17,18,19,20,21,22,23,24,25,26,27,28,65,66,67,68,69,70,125,130,131,132,133,136,137,138,140,143,144,145,160,206,208,219,264,265,267,270,271,332,336,337,338,339,476,479,537,562,609,611,613,619,621,623,625,632,637,638,639,649,728,729,762,802,864,994,995,996,997,998,999,1000,1001,1002,1003,1004,1005,1006,
437;0;1971;2051;1;15,16,17,18,19,20,21,22,23,24,25,26,27,28,65,66,67,68,69,70,125,130,131,132,133,136,137,138,140,143,144,145,160,206,208,219,264,265,267,270,271,332,336,337,338,339,476,479,537,562,609,611,613,619,621,623,625,632,637,638,639,649,728,729,762,802,864,994,995,996,997,998,999,1000,1001,1002,1003,1004,1005,1006,
437;1;2051;2129;1;15,16,17,18,19,20,21,22,23,24,25,26,27,28,65,66,67,68,69,70,125,130,131,132,133,136,137,138,140,143,144,145,160,206,208,219,264,265,267,270,271,332,336,337,338,339,476,479,537,562,609,611,613,619,621,623,625,632,637,638,639,649,728,729,762,802,864,994,995,996,997,998,999,1000,1001,1002,1003,1004,1005,1006,
543;0;2129;2289;1;0,1,2,3,4,5,6,7,8,9,15,16,17,18,19,20,21,22,23,24,25,26,27,28,29,30,31,32,33,34,35,43,44,45,46,47,48,49,50,51,52,53,54,55,56,57,58,59,60,61,62,63,64,65,70,125,130,131,132,133,136,137,138,140,143,144,145,160,196,200,202,206,271,332,476,479,537,687,689,1108,
504;0;2289;2436;1;0,1,2,3,4,5,6,7,8,9,15,16,17,18,19,20,21,22,23,24,25,26,27,28,29,30,31,32,33,34,35,43,44,45,46,47,48,49,50,51,52,53,54,55,56,57,58,59,60,61,62,63,64,65,70,125,130,131,132,133,136,137,138,140,143,144,145,160,196,200,202,206,271,332,476,479,537,687,689,1108,
504;1;2436;2485;1;0,1,2,3,4,5,6,7,8,9,15,16,17,18,19,20,21,22,23,24,25,26,27,28,29,30,31,32,33,34,35,43,44,45,46,47,48,49,50,51,52,53,54,55,56,57,58,59,60,61,62,63,64,65,70,125,130,131,132,133,136,137,138,140,143,144,145,160,196,200,202,206,271,332,476,479,537,687,689,1108,
439;0;2485;2566;0;0,1,2,3,4,5,6,7,8,9,15,16,17,18,19,20,21,22,23,24,25,26,27,28,29,30,31,32,33,34,35,43,44,45,46,47,48,49,50,51,52,53,54,55,56,57,58,59,60,61,62,63,64,65,70,125,130,131,132,133,136,137,138,140,143,144,145,160,196,200,202,206,271,332,476,479,537,687,689,1108,
439;1;2566;2632;0;0,1,2,3,4,5,6,7,8,9,15,16,17,18,19,20,21,22,23,24,25,26,27,28,29,30,31,32,33,34,35,43,44,45,46,47,48,49,50,51,52,53,54,55,56,57,58,59,60,61,62,63,64,65,70,125,130,131,132,133,136,137,138,140,143,144,145,160,196,200,202,206,271,332,476,479,537,687,689,1108,
827;0;2632;2658;1;0,1,2,3,4,5,6,7,8,9,15,16,17,18,19,20,21,22,23,24,25,26,27,28,29,30,31,32,33,34,35,43,44,45,46,47,48,49,50,51,52,53,54,55,56,57,58,59,60,61,62,63,64,65,70,125,130,131,132,133,136,137,138,140,143,144,145,160,196,200,202,206,271,332,476,479,537,687,689,1108,
827;1;2658;2770;1;0,1,2,3,4,5,6,7,8,9,15,16,17,18,19,20,21,22,23,24,25,26,27,28,29,30,31,32,33,34,35,43,44,45,46,47,48,49,50,51,52,53,54,55,56,57,58,59,60,61,62,63,64,65,70,125,130,131,132,133,136,137,138,140,143,144,145,160,196,200,202,206,271,332,476,479,537,687,689,1108,
134;0;2770;2909;1;0,1,2,3,4,5,6,7,8,9,15,16,17,18,19,20,21,22,23,24,25,26,27,28,29,30,31,32,33,34,35,43,44,45,46,47,48,49,50,51,52,53,54,55,56,57,58,59,60,61,62,63,64,65,70,125,130,131,132,133,136,137,138,140,143,144,145,160,196,200,202,206,271,332,476,479,537,687,689,1108,
134;1;2909;3020;1;0,1,2,3,4,5,6,7,8,9,15,16,17,18,19,20,21,22,23,24,25,26,27,28,29,30,31,32,33,34,35,43,44,45,46,47,48,49,50,51,52,53,54,55,56,57,58,59,60,61,62,63,64,65,70,125,130,131,132,133,136,137,138,140,143,144,145,160,196,200,202,206,271,332,476,479,537,687,689,1108,
897;0;3020;3140;1;0,1,2,3,4,5,6,7,8,9,15,16,17,18,19,20,21,22,23,24,25,26,27,28,29,30,31,32,33,34,35,43,44,45,46,47,48,49,50,51,52,53,54,55,56,57,58,59,60,61,62,63,64,65,70,125,130,131,132,133,136,137,138,140,143,144,145,160,196,200,202,206,271,332,476,479,537,687,689,1108,
897;1;3140;3252;1;0,1,2,3,4,5,6,7,8,9,15,16,17,18,19,20,21,22,23,24,25,26,27,28,29,30,31,32,33,34,35,43,44,45,46,47,48,49,50,51,52,53,54,55,56,57,58,59,60,61,62,63,64,65,70,125,130,131,132,133,136,137,138,140,143,144,145,160,196,200,202,206,271,332,476,479,537,687,689,1108,
268;0;3252;3301;0;0,1,2,3,4,5,6,7,8,9,15,16,17,18,19,20,21,22,23,24,25,26,27,28,29,30,31,32,33,34,35,43,44,45,46,47,48,49,50,51,52,53,54,55,56,57,58,59,60,61,62,63,64,65,70,125,130,131,132,133,136,137,138,140,143,144,145,160,196,200,202,206,271,332,476,479,537,687,689,1108,
857;0;3301;3315;1;0,1,2,3,4,5,6,7,8,9,15,16,17,18,19,20,21,22,23,24,25,26,27,28,29,30,31,32,33,34,35,43,44,45,46,47,48,49,50,51,52,53,54,55,56,57,58,59,60,61,62,63,64,65,70,125,130,131,132,133,136,137,138,140,143,144,145,160,196,200,202,206,271,332,476,479,537,687,689,1108,
857;1;3315;3475;1;0,1,2,3,4,5,6,7,8,9,15,16,17,18,19,20,21,22,23,24,25,26,27,28,29,30,31,32,33,34,35,43,44,45,46,47,48,49,50,51,52,53,54,55,56,57,58,59,60,61,62,63,64,65,70,125,130,131,132,133,136,137,138,140,143,144,145,160,196,200,202,206,271,332,476,479,537,687,689,1108,
387;0;3475;3632;1;0,1,2,3,4,5,6,7,8,9,23,29,30,31,32,33,34,35,43,44,45,46,47,48,49,50,51,52,53,54,55,56,57,58,59,62,63,64,70,130,131,132,133,134,135,136,137,138,139,140,141,142,143,144,145,146,147,148,149,160,206,218,271,474,476,479,484,485,530,1201,1202,1203,1204,1205,1206,1207,1208,1209,1210,1211,
387;1;3632;3764;1;0,1,2,3,4,5,6,7,8,9,23,29,30,31,32,33,34,35,43,44,45,46,47,48,49,50,51,52,53,54,55,56,57,58,59,62,63,64,70,130,131,132,133,134,135,136,137,138,139,140,141,142,143,144,145,146,147,148,149,160,206,218,271,474,476,479,484,485,530,1201,1202,1203,1204,1205,1206,1207,1208,1209,1210,1211,
860;0;3764;3844;1;0,1,2,3,4,5,6,7,8,9,23,29,30,31,32,33,34,35,43,44,45,46,47,48,49,50,51,52,53,54,55,56,57,58,59,62,63,64,70,130,131,132,133,134,135,136,137,138,139,140,141,142,143,144,145,146,147,148,149,160,206,218,271,474,476,479,484,485,530,1201,1202,1203,1204,1205,1206,1207,1208,1209,1210,1211,
821;0;3844;3904;1;0,1,2,3,4,5,6,7,8,9,23,29,30,31,32,33,34,35,43,44,45,46,47,48,49,50,51,52,53,54,55,56,57,58,59,62,63,64,70,130,131,132,133,134,135,136,137,138,139,140,141,142,143,144,145,146,147,148,149,160,206,218,271,474,476,479,484,485,530,1201,1202,1203,1204,1205,1206,1207,1208,1209,1210,1211,
783;0;3904;4036;1;0,1,2,3,4,5,6,7,8,9,23,29,30,31,32,33,34,35,43,44,45,46,47,48,49,50,51,52,53,54,55,56,57,58,59,62,63,64,70,130,131,132,133,134,135,136,137,138,139,140,141,142,143,144,145,146,147,148,149,160,206,218,271,474,476,479,484,485,530,1201,1202,1203,1204,1205,1206,1207,1208,1209,1210,1211,
397;0;4036;4167;1;0,1,2,3,4,5,6,7,8,9,23,29,30,31,32,33,34,35,43,44,45,46,47,48,49,50,51,52,53,54,55,56,57,58,59,62,63,64,70,130,131,132,133,134,135,136,137,138,139,140,141,142,143,144,145,146,147,148,149,160,206,218,271,474,476,479,484,485,530,1201,1202,1203,1204,1205,1206,1207,1208,1209,1210,1211,
397;1;4167;4323;1;0,1,2,3,4,5,6,7,8,9,23,29,30,31,32,33,34,35,43,44,45,46,47,48,49,50,51,52,53,54,55,56,57,58,59,62,63,64,70,130,131,132,133,134,135,136,137,138,139,140,141,142,143,144,145,146,147,148,149,160,206,218,271,474,476,479,484,485,530,1201,1202,1203,1204,1205,1206,1207,1208,1209,1210,1211,
589;0;4323;4461;0;0,1,2,3,4,5,6,7,8,9,23,29,30,31,32,33,34,35,43,44,45,46,47,48,49,50,51,52,53,54,55,56,57,58,59,62,63,64,70,130,131,132,133,134,135,136,137,138,139,140,141,142,143,144,145,146,147,148,149,160,206,218,271,474,476,479,484,485,530,1201,1202,1203,1204,1205,1206,1207,1208,1209,1210,1211,
589;1;4461;4612;0;0,1,2,3,4,5,6,7,8,9,23,29,30,31,32,33,34,35,43,44,45,46,47,48,49,50,51,52,53,54,55,56,57,58,59,62,63,64,70,130,131,132,133,134,135,136,137,138,139,140,141,142,143,144,145,146,147,148,149,160,206,218,271,474,476,479,484,485,530,1201,1202,1203,1204,1205,1206,1207,1208,1209,1210,1211,
407;0;4612;4616;1;0,1,2,3,4,5,6,7,8,9,23,29,30,31,32,33,34,35,43,44,45,46,47,48,49,50,51,52,53,54,55,56,57,58,59,62,63,64,70,130,131,132,133,134,135,136,137,138,139,140,141,142,143,144,145,146,147,148,149,160,206,218,271,474,476,479,484,485,530,1201,1202,1203,1204,1205,1206,1207,1208,1209,1210,1211,
407;1;4616;4748;1;0,1,2,3,4,5,6,7,8,9,23,29,30,31,32,33,34,35,43,44,45,46,47,48,49,50,51,52,53,54,55,56,57,58,59,62,63,64,70,130,131,132,133,134,135,136,137,138,139,140,141,142,143,144,145,146,147,148,149,160,206,218,271,474,476,479,484,485,530,1201,1202,1203,1204,1205,1206,1207,1208,1209,1210,1211,
457;0;4748;4846;1;0,1,2,3,4,5,6,7,8,9,23,29,30,31,32,33,34,35,43,44,45,46,47,48,49,50,51,52,53,54,55,56,57,58,59,62,63,64,70,130,131,132,133,134,135,136,137,138,139,140,141,142,143,144,145,146,147,148,149,160,206,218,271,474,476,479,484,485,530,1201,1202,1203,1204,1205,1206,1207,1208,1209,1210,1211,
457;1;4846;4895;1;0,1,2,3,4,5,6,7,8,9,23,29,30,31,32,33,34,35,43,44,45,46,47,48,49,50,51,52,53,54,55,56,57,58,59,62,63,64,70,130,131,132,133,134,135,136,137,138,139,140,141,142,143,144,145,146,147,148,149,160,206,218,271,474,476,479,484,485,530,1201,1202,1203,1204,1205,1206,1207,1208,1209,1210,1211,
987;0;4895;4985;1;0,1,2,3,4,5,6,7,8,9,23,29,30,31,32,33,34,35,43,44,45,46,47,48,49,50,51,52,53,54,55,56,57,58,59,60,61,62,63,64,65,125,126,127,128,129,131,132,133,134,135,136,137,138,140,143,145,146,153,160,199,206,218,237,238,239,240,352,355,399,437,476,479,506,517,518,702,844,863,864,
987;1;4985;5125;1;0,1,2,3,4,5,6,7,8,9,23,29,30,31,32,33,34,35,43,44,45,46,47,48,49,50,51,52,53,54,55,56,57,58,59,60,61,62,63,64,65,125,126,127,128,129,131,132,133,134,135,136,137,138,140,143,145,146,153,160,199,206,218,237,238,239,240,352,355,399,437,476,479,506,517,518,702,844,863,864,
18;0;5125;5130;0;0,1,2,3,4,5,6,7,8,9,23,29,30,31,32,33,34,35,43,44,45,46,47,48,49,50,51,52,53,54,55,56,57,58,59,60,61,62,63,64,65,125,126,127,128,129,131,132,133,134,135,136,137,138,140,143,145,146,153,160,199,206,218,237,238,239,240,352,355,399,437,476,479,506,517,518,702,844,863,864,
754;0;5130;5150;1;0,1,2,3,4,5,6,7,8,9,23,29,30,31,32,33,34,35,43,44,45,46,47,48,49,50,51,52,53,54,55,56,57,58,59,60,61,62,63,64,65,125,126,127,128,129,131,132,133,134,135,136,137,138,140,143,145,146,153,160,199,206,218,237,238,239,240,352,355,399,437,476,479,506,517,518,702,844,863,864,
754;1;5150;5158;1;0,1,2,3,4,5,6,7,8,9,23,29,30,31,32,33,34,35,43,44,45,46,47,48,49,50,51,52,53,54,55,56,57,58,59,60,61,62,63,64,65,125,126,127,128,129,131,132,133,134,135,136,137,138,140,143,145,146,153,160,199,206,218,237,238,239,240,352,355,399,437,476,479,506,517,518,702,844,863,864,
127;0;5158;5328;1;0,1,2,3,4,5,6,7,8,9,23,29,30,31,32,33,34,35,43,44,45,46,47,48,49,50,51,52,53,54,55,56,57,58,59,60,61,62,63,64,65,125,126,127,128,129,131,132,133,134,135,136,137,138,140,143,145,146,153,160,199,206,218,237,238,239,240,352,355,399,437,476,479,506,517,518,702,844,863,864,
127;1;5328;5408;1;0,1,2,3,4,5,6,7,8,9,23,29,30,31,32,33,34,35,43,44,45,46,47,48,49,50,51,52,53,54,55,56,57,58,59,60,61,62,63,64,65,125,126,127,128,129,131,132,133,134,135,136,137,138,140,143,145,146,153,160,199,206,218,237,238,239,240,352,355,399,437,476,479,506,517,518,702,844,863,864,
500;0;5408;5520;1;0,1,2,3,4,5,6,7,8,9,23,29,30,31,32,33,34,35,43,44,45,46,47,48,49,50,51,52,53,54,55,56,57,58,59,60,61,62,63,64,65,125,126,127,128,129,131,132,133,134,135,136,137,138,140,143,145,146,153,160,199,206,218,237,238,239,240,352,355,399,437,476,479,506,517,518,702,844,863,864,
339;0;5520;5576;0;0,1,2,3,4,5,6,7,8,9,23,29,30,31,32,33,34,35,43,44,45,46,47,48,49,50,51,52,53,54,55,56,57,58,59,60,61,62,63,64,65,125,126,127,128,129,131,132,133,134,135,136,137,138,140,143,145,146,153,160,199,206,218,237,238,239,240,352,355,399,437,476,479,506,517,518,702,844,863,864,
339;1;5576;5656;0;0,1,2,3,4,5,6,7,8,9,23,29,30,31,32,33,34,35,43,44,45,46,47,48,49,50,51,52,53,54,55,56,57,58,59,60,61,62,63,64,65,125,126,127,128,129,131,132,133,134,135,136,137,138,140,143,145,146,153,160,199,206,218,237,238,239,240,352,355,399,437,476,479,506,517,518,702,844,863,864,
511;0;5656;5733;1;0,1,2,3,4,5,6,7,8,9,23,29,30,31,32,33,34,35,43,44,45,46,47,48,49,50,51,52,53,54,55,56,57,58,59,60,61,62,63,64,65,125,126,127,128,129,131,132,133,134,135,136,137,138,140,143,145,146,153,160,199,206,218,237,238,239,240,352,355,399,437,476,479,506,517,518,702,844,863,864,
680;0;5760;5826;1;0,1,2,3,4,5,6,7,8,9,15,16,17,19,20,21,22,23,24,25,26,27,28,29,30,31,32,33,34,35,43,44,45,46,47,48,49,50,51,52,53,54,55,56,57,58,59,60,61,62,63,64,65,125,126,127,128,132,133,135,136,137,140,146,153,160,199,206,218,239,332,352,355,399,437,506,517,518,863,864,
933;0;5826;5893;1;0,1,2,3,4,5,6,7,8,9,15,16,17,19,20,21,22,23,24,25,26,27,28,29,30,31,32,33,34,35,43,44,45,46,47,48,49,50,51,52,53,54,55,56,57,58,59,60,61,62,63,64,65,125,126,127,128,132,133,135,136,137,140,146,153,160,199,206,218,239,332,352,355,399,437,506,517,518,863,864,
554;0;5893;5980;1;0,1,2,3,4,5,6,7,8,9,15,16,17,19,20,21,22,23,24,25,26,27,28,29,30,31,32,33,34,35,43,44,45,46,47,48,49,50,51,52,53,54,55,56,57,58,59,60,61,62,63,64,65,125,126,127,128,132,133,135,136,137,140,146,153,160,199,206,218,239,332,352,355,399,437,506,517,518,863,864,
554;1;5980;6092;1;0,1,2,3,4,5,6,7,8,9,15,16,17,19,20,21,22,23,24,25,26,27,28,29,30,31,32,33,34,35,43,44,45,46,47,48,49,50,51,52,53,54,55,56,57,58,59,60,61,62,63,64,65,125,126,127,128,132,133,135,136,137,140,146,153,160,199,206,218,239,332,352,355,399,437,506,517,518,863,864,
5;0;6092;6121;0;0,1,2,3,4,5,6,7,8,9,15,16,17,19,20,21,22,23,24,25,26,27,28,29,30,31,32,33,34,35,43,44,45,46,47,48,49,50,51,52,53,54,55,56,57,58,59,60,61,62,63,64,65,125,126,127,128,132,133,135,136,137,140,146,153,160,199,206,218,239,332,352,355,399,437,506,517,518,863,864,
788;0;6121;6169;0;0,1,2,3,4,5,6,7,8,9,15,16,17,19,20,21,22,23,24,25,26,27,28,29,30,31,32,33,34,35,43,44,45,46,47,48,49,50,51,52,53,54,55,56,57,58,59,60,61,62,63,64,65,125,126,127,128,132,133,135,136,137,140,146,153,160,199,206,218,239,332,352,355,399,437,506,517,518,863,864,
47;0;6169;6253;1;0,1,2,3,4,5,6,7,8,9,15,16,17,19,20,21,22,23,24,25,26,27,28,29,30,31,32,33,34,35,43,44,45,46,47,48,49,50,51,52,53,54,55,56,57,58,59,60,61,62,63,64,65,125,126,127,128,132,133,135,136,137,140,146,153,160,199,206,218,239,332,352,355,399,437,506,517,518,863,864,
47;1;6253;6349;1;0,1,2,3,4,5,6,7,8,9,15,16,17,19,20,21,22,23,24,25,26,27,28,29,30,31,32,33,34,35,43,44,45,46,47,48,49,50,51,52,53,54,55,56,57,58,59,60,61,62,63,64,65,125,126,127,128,132,133,135,136,137,140,146,153,160,199,206,218,239,332,352,355,399,437,506,517,518,863,864,
468;0;6349;6379;0;0,1,2,3,4,5,6,7,8,9,15,16,17,19,20,21,22,23,24,25,26,27,28,29,30,31,32,33,34,35,43,44,45,46,47,48,49,50,51,52,53,54,55,56,57,58,59,60,61,62,63,64,65,125,126,127,128,132,133,135,136,137,140,146,153,160,199,206,218,239,332,352,355,399,437,506,517,518,863,864,
441;0;6379;6535;1;0,1,2,3,4,5,6,7,8,9,15,16,17,18,19,20,21,22,23,24,25,26,27,28,29,30,31,32,33,34,35,43,44,45,46,47,48,49,50,51,52,53,54,55,56,57,58,59,60,61,62,63,64,65,125,127,132,133,135,136,137,140,146,160,189,196,206,218,440,521,522,523,570,817,1148,1282,1283,1284,1285,1286,
52;0;6535;6654;0;0,1,2,3,4,5,6,7,8,9,15,16,17,18,19,20,21,22,23,24,25,26,27,28,29,30,31,32,33,34,35,43,44,45,46,47,48,49,50,51,52,53,54,55,56,57,58,59,60,61,62,63,64,65,125,127,132,133,135,136,137,140,146,160,189,196,206,218,440,521,522,523,570,817,1148,1282,1283,1284,1285,1286,
52;1;6654;6690;0;0,1,2,3,4,5,6,7,8,9,15,16,17,18,19,20,21,22,23,24,25,26,27,28,29,30,31,32,33,34,35,43,44,45,46,47,48,49,50,51,52,53,54,55,56,57,58,59,60,61,62,63,64,65,125,127,132,133,135,136,137,140,146,160,189,196,206,218,440,521,522,523,570,817,1148,1282,1283,1284,1285,1286,
207;0;6690;6695;1;0,1,2,3,4,5,6,7,8,9,15,16,17,18,19,20,21,22,23,24,25,26,27,28,29,30,31,32,33,34,35,43,44,45,46,47,48,49,50,51,52,53,54,55,56,57,58,59,60,61,62,63,64,65,125,127,132,133,135,136,137,140,146,160,189,196,206,218,440,521,522,523,570,817,1148,1282,1283,1284,1285,1286,
207;1;6695;6840;1;0,1,2,3,4,5,6,7,8,9,15,16,17,18,19,20,21,22,23,24,25,26,27,28,29,30,31,32,33,34,35,43,44,45,46,47,48,49,50,51,52,53,54,55,56,57,58,59,60,61,62,63,64,65,125,127,132,133,135,136,137,140,146,160,189,196,206,218,440,521,522,523,570,817,1148,1282,1283,1284,1285,1286,
907;0;6840;6873;1;0,1,2,3,4,5,6,7,8,9,15,16,17,18,19,20,21,22,23,24,25,26,27,28,29,30,31,32,33,34,35,43,44,45,46,47,48,49,50,51,52,53,54,55,56,57,58,59,60,61,62,63,64,65,125,127,132,133,135,136,137,140,146,160,189,196,206,218,440,521,522,523,570,817,1148,1282,1283,1284,1285,1286,
907;1;6873;6917;1;0,1,2,3,4,5,6,7,8,9,15,16,17,18,19,20,21,22,23,24,25,26,27,28,29,30,31,32,33,34,35,43,44,45,46,47,48,49,50,51,52,53,54,55,56,57,58,59,60,61,62,63,64,65,125,127,132,133,135,136,137,140,146,160,189,196,206,218,440,521,522,523,570,817,1148,1282,1283,1284,1285,1286,
950;0;6917;6931;1;0,1,2,3,4,5,6,7,8,9,15,16,17,18,19,20,21,22,23,24,25,26,27,28,29,30,31,32,33,34,35,43,44,45,46,47,48,49,50,51,52,53,54,55,56,57,58,59,60,61,62,63,64,65,125,127,132,133,135,136,137,140,146,160,189,196,206,218,440,521,522,523,570,817,1148,1282,1283,1284,1285,1286,
310;0;6931;7082;1;0,1,2,3,4,5,6,7,8,9,15,16,17,18,19,20,21,22,23,24,25,26,27,28,29,30,31,32,33,34,35,43,44,45,46,47,48,49,50,51,52,53,54,55,56,57,58,59,60,61,62,63,64,65,125,127,132,133,135,136,137,140,146,160,189,196,206,218,440,521,522,523,570,817,1148,1282,1283,1284,1285,1286,
834;0;7082;7099;1;0,1,2,3,4,5,6,7,8,9,15,16,17,18,19,20,21,22,23,24,25,26,27,28,29,30,31,32,33,34,35,43,44,45,46,47,48,49,50,51,52,53,54,55,56,57,58,59,60,61,62,63,64,65,125,127,132,133,135,136,137,140,146,160,189,196,206,218,440,521,522,523,570,817,1148,1282,1283,1284,1285,1286,
834;1;7099;7250;1;0,1,2,3,4,5,6,7,8,9,15,16,17,18,19,20,21,22,23,24,25,26,27,28,29,30,31,32,33,34,35,43,44,45,46,47,48,49,50,51,52,53,54,55,56,57,58,59,60,61,62,63,64,65,125,127,132,133,135,136,137,140,146,160,189,196,206,218,440,521,522,523,570,817,1148,1282,1283,1284,1285,1286,
400;0;7250;7362;1;0,1,2,3,4,5,6,7,8,9,15,16,17,18,19,20,21,22,23,24,25,26,27,28,29,30,31,32,33,34,35,43,44,45,46,47,48,49,50,51,52,53,54,55,56,57,58,59,60,61,62,63,64,65,125,127,132,133,135,136,137,140,146,160,189,196,200,202,206,218,440,521,522,523,570,687,689,817,1108,1148,
304;0;7362;7531;1;0,1,2,3,4,5,6,7,8,9,15,16,17,18,19,20,21,22,23,24,25,26,27,28,29,30,31,32,33,34,35,43,44,45,46,47,48,49,50,51,52,53,54,55,56,57,58,59,60,61,62,63,64,65,125,127,132,133,135,136,137,140,146,160,189,196,200,202,206,218,440,521,522,523,570,687,689,817,1108,1148,
304;1;7531;7643;1;0,1,2,3,4,5,6,7,8,9,15,16,17,18,19,20,21,22,23,24,25,26,27,28,29,30,31,32,33,34,35,43,44,45,46,47,48,49,50,51,52,53,54,55,56,57,58,59,60,61,62,63,64,65,125,127,132,133,135,136,137,140,146,160,189,196,200,202,206,218,440,521,522,523,570,687,689,817,1108,1148,
674;0;7643;7782;1;0,1,2,3,4,5,6,7,8,9,15,16,17,18,19,23,29,30,31,32,33,34,35,43,44,45,46,47,48,49,50,51,52,53,54,55,56,57,58,59,60,61,62,63,64,65,136,137,140,154,155,156,157,158,159,160,161,162,163,164,165,178,187,196,200,202,206,248,500,501,502,503,504,717,737,798,822,823,893,894,
674;1;7782;7942;1;0,1,2,3,4,5,6,7,8,9,15,16,17,18,19,23,29,30,31,32,33,34,35,43,44,45,46,47,48,49,50,51,52,53,54,55,56,57,58,59,60,61,62,63,64,65,136,137,140,154,155,156,157,158,159,160,161,162,163,164,165,178,187,196,200,202,206,248,500,501,502,503,504,717,737,798,822,823,893,894,
694;0;7942;8106;1;0,1,2,3,4,5,6,7,8,9,15,16,17,18,19,23,29,30,31,32,33,34,35,43,44,45,46,47,48,49,50,51,52,53,54,55,56,57,58,59,60,61,62,63,64,65,136,137,140,154,155,156,157,158,159,160,161,162,163,164,165,178,187,196,200,202,206,248,500,501,502,503,504,717,737,798,822,823,893,894,
694;1;8106;8154;1;0,1,2,3,4,5,6,7,8,9,15,16,17,18,19,23,29,30,31,32,33,34,35,43,44,45,46,47,48,49,50,51,52,53,54,55,56,57,58,59,60,61,62,63,64,65,136,137,140,154,155,156,157,158,159,160,161,162,163,164,165,178,187,196,200,202,206,248,500,501,502,503,504,717,737,798,822,823,893,894,
405;0;8154;8165;0;0,1,2,3,4,5,6,7,8,9,15,16,17,18,19,23,29,30,31,32,33,34,35,43,44,45,46,47,48,49,50,51,52,53,54,55,56,57,58,59,60,61,62,63,64,65,136,137,140,154,155,156,157,158,159,160,161,162,163,164,165,178,187,196,200,202,206,248,500,501,502,503,504,717,737,798,822,823,893,894,
598;0;8165;8209;0;0,1,2,3,4,5,6,7,8,9,15,16,17,18,19,23,29,30,31,32,33,34,35,43,44,45,46,47,48,49,50,51,52,53,54,55,56,57,58,59,60,61,62,63,64,65,136,137,140,154,155,156,157,158,159,160,161,162,163,164,165,178,187,196,200,202,206,248,500,501,502,503,504,717,737,798,822,823,893,894,
604;0;8209;8318;1;0,1,2,3,4,5,6,7,8,9,15,16,17,18,19,23,29,30,31,32,33,34,35,43,44,45,46,47,48,49,50,51,52,53,54,55,56,57,58,59,60,61,62,63,64,65,136,137,140,154,155,156,157,158,159,160,161,162,163,164,165,178,187,196,200,202,206,248,500,501,502,503,504,717,737,798,822,823,893,894,
604;1;8318;8359;1;0,1,2,3,4,5,6,7,8,9,15,16,17,18,19,23,29,30,31,32,33,34,35,43,44,45,46,47,48,49,50,51,52,53,54,55,56,57,58,59,60,61,62,63,64,65,136,137,140,154,155,156,157,158,159,160,161,162,163,164,165,178,187,196,200,202,206,248,500,501,502,503,504,717,737,798,822,823,893,894,
141;0;8359;8440;1;0,1,2,3,4,5,6,7,8,9,15,16,17,18,19,23,29,30,31,32,33,34,35,43,44,45,46,47,48,49,50,51,52,53,54,55,56,57,58,59,60,61,62,63,64,65,136,137,140,154,155,156,157,158,159,160,161,162,163,164,165,178,187,196,200,202,206,248,500,501,502,503,504,717,737,798,822,823,893,894,
73;0;8440;8509;1;0,1,2,3,4,5,6,7,8,9,15,16,17,18,19,23,29,30,31,32,33,34,35,43,44,45,46,47,48,49,50,51,52,53,54,55,56,57,58,59,60,61,62,63,64,65,136,137,140,154,155,156,157,158,159,160,161,162,163,164,165,178,187,196,200,202,206,248,500,501,502,503,504,717,737,798,822,823,893,894,
277;0;8509;8527;1;0,1,2,3,4,5,6,7,8,9,15,16,17,18,19,23,29,30,31,32,33,34,35,43,44,45,46,47,48,49,50,51,52,53,54,55,56,57,58,59,60,61,62,63,64,65,136,137,140,154,155,156,157,158,159,160,161,162,163,164,165,178,187,196,200,202,206,248,500,501,502,503,504,717,737,798,822,823,893,894,
277;1;8527;8531;1;0,1,2,3,4,5,6,7,8,9,15,16,17,18,19,23,29,30,31,32,33,34,35,43,44,45,46,47,48,49,50,51,52,53,54,55,56,57,58,59,60,61,62,63,64,65,136,137,140,154,155,156,157,158,159,160,161,162,163,164,165,178,187,196,200,202,206,248,500,501,502,503,504,717,737,798,822,823,893,894,
574;0;8531;8636;1;0,1,2,3,4,5,6,7,8,9,15,16,17,18,19,23,29,30,31,32,33,34,35,43,44,45,46,47,48,49,50,51,52,53,54,55,56,57,58,59,60,61,62,63,64,65,136,137,140,154,155,156,157,158,159,160,161,162,163,164,165,178,187,196,200,202,206,248,500,501,502,503,504,717,737,798,822,823,893,894,
574;1;8636;8813;1;0,1,2,3,4,5,6,7,8,9,15,16,17,18,19,23,29,30,31,32,33,34,35,43,44,45,46,47,48,49,50,51,52,53,54,55,56,57,58,59,60,61,62,63,64,65,136,137,140,154,155,156,157,158,159,160,161,162,163,164,165,178,187,196,200,202,206,248,500,501,502,503,504,717,737,798,822,823,893,894,
953;0;8813;8855;1;0,1,2,3,4,5,6,7,8,9,15,16,17,18,19,23,29,30,31,32,33,34,35,43,44,45,46,47,48,49,50,51,52,53,54,55,56,57,58,59,60,61,62,63,64,65,136,137,140,155,157,158,159,160,161,165,196,200,202,206,214,219,248,266,277,502,577,717,737,760,761,762,763,764,765,766,767,798,822,823,
830;0;8855;8897;1;0,1,2,3,4,5,6,7,8,9,15,16,17,18,19,23,29,30,31,32,33,34,35,43,44,45,46,47,48,49,50,51,52,53,54,55,56,57,58,59,60,61,62,63,64,65,136,137,140,155,157,158,159,160,161,165,196,200,202,206,214,219,248,266,277,502,577,717,737,760,761,762,763,764,765,766,767,798,822,823,
266;0;8897;8901;0;0,1,2,3,4,5,6,7,8,9,15,16,17,18,19,23,29,30,31,32,33,34,35,43,44,45,46,47,48,49,50,51,52,53,54,55,56,57,58,59,60,61,62,63,64,65,136,137,140,155,157,158,159,160,161,165,196,200,202,206,214,219,248,266,277,502,577,717,737,760,761,762,763,764,765,766,767,798,822,823,
3;0;8901;8950;1;0,1,2,3,4,5,6,7,8,9,15,16,17,18,19,23,29,30,31,32,33,34,35,43,44,45,46,47,48,49,50,51,52,53,54,55,56,57,58,59,60,61,62,63,64,65,136,137,140,155,157,158,159,160,161,165,196,200,202,206,214,219,248,266,277,502,577,717,737,760,761,762,763,764,765,766,767,798,822,823,
573;0;8950;8958;1;0,1,2,3,4,5,6,7,8,9,15,16,17,18,23,29,30,32,33,43,45,46,47,48,49,50,51,52,54,55,58,62,63,65,125,136,137,155,157,158,159,165,196,200,206,214,219,248,451,488,489,502,594,717,737,798,822,823,1014,1303,1304,1305,1306,1307,1308,1309,1310,1311,1312,1313,1314,1315,1316,1317,1318,1319,1320,1321,1322,1323,
17;0;8958;8992;1;0,1,2,3,4,5,6,7,8,9,15,16,17,18,23,29,30,32,33,43,46,48,49,50,52,54,55,63,125,132,133,135,136,137,146,155,157,158,159,165,196,200,206,207,208,209,210,211,212,213,214,215,216,217,218,219,220,221,222,223,224,225,226,227,228,229,230,231,232,233,234,235,236,248,488,717,737,798,822,823,
17;1;8992;9026;1;0,1,2,3,4,5,6,7,8,9,15,16,17,18,23,29,30,32,33,43,46,48,49,50,52,54,55,63,125,132,133,135,136,137,146,155,157,158,159,165,196,200,206,207,208,209,210,211,212,213,214,215,216,217,218,219,220,221,222,223,224,225,226,227,228,229,230,231,232,233,234,235,236,248,488,717,737,798,822,823,
585;0;9026;9037;0;0,1,2,3,4,5,6,7,8,9,15,16,17,18,23,29,30,32,33,43,46,48,49,50,52,54,55,63,125,132,133,135,136,137,146,155,157,158,159,165,196,200,206,207,208,209,210,211,212,213,214,215,216,217,218,219,220,221,222,223,224,225,226,227,228,229,230,231,232,233,234,235,236,248,488,717,737,798,822,823,
344;0;9037;9109;1;0,1,2,3,4,5,6,7,8,9,15,16,17,18,23,29,30,32,33,43,46,48,49,50,52,54,55,63,125,132,133,135,136,137,157,158,196,200,206,207,208,211,214,215,217,219,223,244,248,249,259,262,406,407,408,409,410,411,412,413,414,415,416,417,418,419,420,421,422,423,424,425,426,427,488,717,737,798,822,823,
344;1;9109;9287;1;0,1,2,3,4,5,6,7,8,9,15,16,17,18,23,29,30,32,33,43,46,48,49,50,52,54,55,63,125,132,133,135,136,137,157,158,196,200,206,207,208,211,214,215,217,219,223,244,248,249,259,262,406,407,408,409,410,411,412,413,414,415,416,417,418,419,420,421,422,423,424,425,426,427,488,717,737,798,822,823,
723;0;9287;9368;1;0,1,2,3,4,5,6,7,8,9,15,16,17,18,20,21,23,24,29,30,32,33,43,46,48,49,50,52,54,66,67,68,69,70,130,133,135,136,137,157,175,176,177,196,200,206,207,208,211,249,264,265,267,269,270,333,336,337,338,395,524,525,526,527,528,529,530,558,559,560,561,562,649,717,728,729,737,798,822,823,
944;0;9368;9390;1;0,1,2,3,4,5,6,7,8,9,15,16,17,18,20,21,23,24,29,30,32,33,43,46,48,49,50,52,54,66,67,68,69,70,130,133,135,136,137,157,175,176,177,196,200,206,207,208,211,249,264,265,267,269,270,333,336,337,338,395,524,525,526,527,528,529,530,558,559,560,561,562,649,717,728,729,737,798,822,823,
944;1;9390;9462;1;0,1,2,3,4,5,6,7,8,9,15,16,17,18,20,21,23,24,29,30,32,33,43,46,48,49,50,52,54,66,67,68,69,70,130,133,135,136,137,157,175,176,177,196,200,206,207,208,211,249,264,265,267,269,270,333,336,337,338,395,524,525,526,527,528,529,530,558,559,560,561,562,649,717,728,729,737,798,822,823,
60;0;9462;9499;1;0,1,2,3,4,5,6,7,8,9,15,16,17,18,20,21,23,24,29,30,32,33,43,46,48,49,50,52,54,66,67,68,69,70,130,133,135,136,137,157,175,176,177,196,200,206,207,208,211,249,264,265,267,269,270,333,336,337,338,395,524,525,526,527,528,529,530,558,559,560,561,562,649,717,728,729,737,798,822,823,
231;0;9499;9554;1;0,1,2,3,4,5,6,7,8,9,15,16,17,18,20,21,23,24,29,30,32,33,43,46,48,49,50,52,54,66,67,68,69,70,130,133,135,136,137,157,175,176,177,196,200,206,207,208,211,249,264,265,267,269,270,333,336,337,338,395,524,525,526,527,528,529,530,558,559,560,561,562,649,717,728,729,737,798,822,823,
923;0;9554;9725;1;0,1,2,3,4,5,6,7,8,9,15,16,17,18,20,21,23,24,29,30,32,33,43,46,48,49,50,52,54,66,67,68,69,70,130,133,135,136,137,157,175,176,177,196,200,206,207,208,211,249,264,265,267,269,270,333,336,337,338,395,524,525,526,527,528,529,530,558,559,560,561,562,649,717,728,729,737,798,822,823,
571;0;9725;9836;1;0,1,2,3,4,5,6,7,8,9,15,16,17,18,20,21,23,24,29,30,32,33,43,46,48,49,50,52,54,66,67,68,69,70,130,133,135,136,137,157,175,176,177,196,200,206,207,208,211,249,264,265,267,269,270,333,336,337,338,395,524,525,526,527,528,529,530,558,559,560,561,562,649,717,728,729,737,798,822,823,
53;0;9836;9854;1;0,1,2,3,4,5,6,7,8,9,15,16,17,18,20,21,23,24,29,30,32,33,43,46,48,49,50,52,54,66,67,68,69,70,130,133,135,136,137,157,175,176,177,196,200,206,207,208,211,249,264,265,267,269,270,333,336,337,338,395,524,525,526,527,528,529,530,558,559,560,561,562,649,717,728,729,737,798,822,823,
773;0;9854;9909;1;0,1,2,3,4,5,6,7,8,9,15,16,17,18,20,21,23,24,29,30,32,33,43,46,48,49,50,52,54,66,67,68,69,70,130,133,135,136,137,157,175,176,177,196,200,206,207,208,211,249,264,265,267,269,270,333,336,337,338,395,524,525,526,527,528,529,530,558,559,560,561,562,649,717,728,729,737,798,822,823,
111;0;9909;9981;1;0,1,2,3,4,5,6,7,8,9,15,16,17,18,20,21,23,24,29,30,32,33,43,46,48,49,50,52,54,66,67,68,69,70,130,133,135,136,137,157,175,176,177,196,200,206,207,208,211,249,264,265,267,269,270,333,336,337,338,395,524,525,526,527,528,529,530,558,559,560,561,562,649,717,728,729,737,798,822,823,
874;0;9981;10011;1;0,1,2,3,4,5,6,7,8,9,15,16,17,18,20,21,23,24,29,30,32,33,43,46,48,49,50,52,54,66,67,68,69,70,130,133,135,136,137,157,175,176,177,196,200,206,207,208,211,249,264,265,267,269,270,333,336,337,338,395,524,525,526,527,528,529,530,558,559,560,561,562,649,717,728,729,737,798,822,823,
874;1;10011;10075;1;0,1,2,3,4,5,6,7,8,9,15,16,17,18,20,21,23,24,29,30,32,33,43,46,48,49,50,52,54,66,67,68,69,70,130,133,135,136,137,157,175,176,177,196,200,206,207,208,211,249,264,265,267,269,270,333,336,337,338,395,524,525,526,527,528,529,530,558,559,560,561,562,649,717,728,729,737,798,822,823,
Machine: 1
343;0;0;105;1;0,1,2,3,4,5,6,7,8,9,15,16,17,18,19,21,23,29,30,31,32,33,34,35,43,44,45,46,47,48,49,50,51,52,53,54,55,56,57,58,59,60,61,62,63,64,65,66,67,68,69,70,125,166,167,168,169,170,171,172,173,174,246,440,473,686,705,709,716,717,718,719,720,882,883,884,885,886,887,888,
181;0;105;169;1;0,1,2,3,4,5,6,7,8,9,15,16,17,18,19,21,23,29,30,31,32,33,34,35,43,44,45,46,47,48,49,50,51,52,53,54,55,56,57,58,59,60,61,62,63,64,65,66,67,68,69,70,125,166,167,168,169,170,171,172,173,174,246,440,473,686,705,709,716,717,718,719,720,882,883,884,885,886,887,888,
900;0;169;323;1;0,1,2,3,4,5,6,7,8,9,15,16,17,18,19,21,23,29,30,31,32,33,34,35,43,44,45,46,47,48,49,50,51,52,53,54,55,56,57,58,59,60,61,62,63,64,65,66,67,68,69,70,125,166,167,168,169,170,171,172,173,174,246,440,473,686,705,709,716,717,718,719,720,882,883,884,885,886,887,888,
13;0;323;374;1;0,1,2,3,4,5,6,7,8,9,15,16,17,18,19,21,23,29,30,31,32,33,34,35,43,44,45,46,47,48,49,50,51,52,53,54,55,56,57,58,59,60,61,62,63,64,65,66,67,68,69,70,125,166,167,168,169,170,171,172,173,174,246,440,473,686,705,709,716,717,718,719,720,882,883,884,885,886,887,888,
893;0;374;379;1;0,1,2,3,4,5,6,7,8,9,15,16,17,18,19,21,23,29,30,31,32,33,34,35,43,44,45,46,47,48,49,50,51,52,53,54,55,56,57,58,59,60,61,62,63,64,65,66,67,68,69,70,125,166,167,168,169,170,171,172,173,174,246,440,473,686,705,709,716,717,718,719,720,882,883,884,885,886,887,888,
240;0;379;428;1;0,1,2,3,4,5,6,7,8,9,15,16,17,18,19,21,23,29,30,31,32,33,34,35,43,44,45,46,47,48,49,50,51,52,53,54,55,56,57,58,59,60,61,62,63,64,65,66,67,68,69,70,125,166,167,168,169,170,171,172,173,174,246,440,473,686,705,709,716,717,718,719,720,882,883,884,885,886,887,888,
517;0;428;559;1;0,1,2,3,4,5,6,7,8,9,15,16,17,18,19,21,23,29,30,31,32,33,34,35,43,44,45,46,47,48,49,50,51,52,53,54,55,56,57,58,59,60,61,62,63,64,65,66,67,68,69,70,125,166,167,168,169,170,171,172,173,174,246,440,473,686,705,709,716,717,718,719,720,882,883,884,885,886,887,888,
517;1;559;619;1;0,1,2,3,4,5,6,7,8,9,15,16,17,18,19,21,23,29,30,31,32,33,34,35,43,44,45,46,47,48,49,50,51,52,53,54,55,56,57,58,59,60,61,62,63,64,65,66,67,68,69,70,125,166,167,168,169,170,171,172,173,174,246,440,473,686,705,709,716,717,718,719,720,882,883,884,885,886,887,888,
154;0;619;717;1;0,1,2,3,4,5,6,7,8,9,15,16,17,18,19,21,23,26,29,30,31,32,33,34,35,43,44,45,46,47,48,49,50,51,52,53,54,55,56,57,58,59,60,61,62,63,64,65,66,67,68,69,70,125,166,167,168,172,246,266,267,330,366,394,395,440,562,709,711,716,717,718,719,720,802,803,804,805,885,1109,
154;1;717;777;1;0,1,2,3,4,5,6,7,8,9,15,16,17,18,19,21,23,26,29,30,31,32,33,34,35,43,44,45,46,47,48,49,50,51,52,53,54,55,56,57,58,59,60,61,62,63,64,65,66,67,68,69,70,125,166,167,168,172,246,266,267,330,366,394,395,440,562,709,711,716,717,718,719,720,802,803,804,805,885,1109,
515;0;777;782;0;0,1,2,3,4,5,6,7,8,9,15,16,17,18,19,21,23,26,29,30,31,32,33,34,35,43,44,45,46,47,48,49,50,51,52,53,54,55,56,57,58,59,60,61,62,63,64,65,66,67,68,69,70,125,166,167,168,172,246,266,267,330,366,394,395,440,562,709,711,716,717,718,719,720,802,803,804,805,885,1109,
271;0;782;831;1;0,1,2,3,4,5,6,7,8,9,15,16,17,18,19,21,23,26,29,30,31,32,33,34,35,43,44,45,46,47,48,49,50,51,52,53,54,55,56,57,58,59,60,61,62,63,64,65,66,67,68,69,70,125,166,167,168,172,246,266,267,330,366,394,395,440,562,709,711,716,717,718,719,720,802,803,804,805,885,1109,
317;0;831;908;1;0,1,2,3,4,5,6,7,8,9,15,16,17,18,19,21,23,26,29,30,31,32,33,34,35,43,44,45,46,47,48,49,50,51,52,53,54,55,56,57,58,59,60,61,62,63,64,65,66,67,68,69,70,125,166,167,168,172,246,266,267,330,366,394,395,440,562,709,711,716,717,718,719,720,802,803,804,805,885,1109,
317;1;908;916;1;0,1,2,3,4,5,6,7,8,9,15,16,17,18,19,21,23,26,29,30,31,32,33,34,35,43,44,45,46,47,48,49,50,51,52,53,54,55,56,57,58,59,60,61,62,63,64,65,66,67,68,69,70,125,166,167,168,172,246,266,267,330,366,394,395,440,562,709,711,716,717,718,719,720,802,803,804,805,885,1109,
581;0;916;1021;1;0,1,2,3,4,5,6,7,8,9,15,16,17,18,19,21,23,26,29,30,31,32,33,34,35,43,44,45,46,47,48,49,50,51,52,53,54,55,56,57,58,59,60,61,62,63,64,65,66,67,68,69,70,125,166,167,168,172,246,266,267,330,366,394,395,440,562,709,711,716,717,718,719,720,802,803,804,805,885,1109,
913;0;1021;1192;1;0,1,2,3,4,5,6,7,8,9,15,16,17,18,19,21,23,26,29,30,31,32,33,34,35,43,44,45,46,47,48,49,50,51,52,53,54,55,56,57,58,59,60,61,62,63,64,65,66,67,68,69,70,125,166,167,168,172,246,266,267,330,366,394,395,440,562,709,711,716,717,718,719,720,802,803,804,805,885,1109,
774;0;1192;1288;1;0,1,2,3,4,5,6,7,8,9,15,16,17,18,19,21,23,26,29,30,31,32,33,34,35,43,44,45,46,47,48,49,50,51,52,53,54,55,56,57,58,59,60,61,62,63,64,65,66,67,68,69,70,125,166,167,168,172,246,266,267,330,366,394,395,440,562,709,711,716,717,718,719,720,802,803,804,805,885,1109,
774;1;1288;1448;1;0,1,2,3,4,5,6,7,8,9,15,16,17,18,19,21,23,26,29,30,31,32,33,34,35,43,44,45,46,47,48,49,50,51,52,53,54,55,56,57,58,59,60,61,62,63,64,65,66,67,68,69,70,125,166,167,168,172,246,266,267,330,366,394,395,440,562,709,711,716,717,718,719,720,802,803,804,805,885,1109,
137;0;1448;1603;1;0,1,2,3,4,5,6,7,8,9,15,16,17,18,19,21,23,26,29,30,31,32,33,34,35,43,44,45,46,47,48,49,50,51,52,53,54,55,56,57,58,59,60,61,62,63,64,65,66,67,68,69,70,125,166,167,168,172,246,266,267,330,366,394,395,440,562,709,711,716,717,718,719,720,802,803,804,805,885,1109,
137;1;1603;1732;1;0,1,2,3,4,5,6,7,8,9,15,16,17,18,19,21,23,26,29,30,31,32,33,34,35,43,44,45,46,47,48,49,50,51,52,53,54,55,56,57,58,59,60,61,62,63,64,65,66,67,68,69,70,125,166,167,168,172,246,266,267,330,366,394,395,440,562,709,711,716,717,718,719,720,802,803,804,805,885,1109,
293;0;1732;1892;1;0,1,2,3,4,5,6,7,8,9,15,16,17,18,19,21,23,26,29,30,31,32,33,34,35,43,44,45,46,47,48,49,50,51,52,53,54,55,56,57,58,59,60,61,62,63,64,65,66,67,68,69,70,125,166,167,168,172,246,266,267,330,366,394,395,440,562,709,711,716,717,718,719,720,802,803,804,805,885,1109,
33;0;1892;2055;1;0,1,2,3,4,5,6,7,8,9,15,16,17,18,19,21,23,26,29,30,31,32,33,34,35,43,44,45,46,47,48,49,50,51,52,53,54,55,56,57,58,59,60,61,62,63,64,65,66,67,68,69,70,125,166,167,168,172,246,266,267,330,366,394,395,440,562,709,711,716,717,718,719,720,802,803,804,805,885,1109,
637;0;2055;2119;1;0,1,2,3,4,5,6,7,8,9,15,16,17,18,19,21,23,26,29,30,31,32,33,34,35,43,44,45,46,47,48,49,50,51,52,53,54,55,56,57,58,59,60,61,62,63,64,65,66,67,68,69,70,125,167,172,193,246,266,267,330,348,366,394,395,440,519,562,709,849,885,1143,1144,1145,1146,1147,1148,1149,1150,1151,
637;1;2119;2123;1;0,1,2,3,4,5,6,7,8,9,15,16,17,18,19,21,23,26,29,30,31,32,33,34,35,43,44,45,46,47,48,49,50,51,52,53,54,55,56,57,58,59,60,61,62,63,64,65,66,67,68,69,70,125,167,172,193,246,266,267,330,348,366,394,395,440,519,562,709,849,885,1143,1144,1145,1146,1147,1148,1149,1150,1151,
90;0;2123;2164;1;0,1,2,3,4,5,6,7,8,9,15,16,17,18,19,21,23,26,29,30,31,32,33,34,35,43,44,45,46,47,48,49,50,51,52,53,54,55,56,57,58,59,60,61,62,63,64,65,66,67,68,69,70,125,167,172,193,246,266,267,330,348,366,394,395,440,519,562,709,849,885,1143,1144,1145,1146,1147,1148,1149,1150,1151,
703;0;2164;2168;1;0,1,2,3,4,5,6,7,8,9,15,16,17,18,19,21,23,26,29,30,31,32,33,34,35,43,44,45,46,47,48,49,50,51,52,53,54,55,56,57,58,59,60,61,62,63,64,65,66,67,68,69,70,125,167,172,193,246,266,267,330,348,366,394,395,440,519,562,709,849,885,1143,1144,1145,1146,1147,1148,1149,1150,1151,
901;0;2168;2172;1;0,1,2,3,4,5,6,7,8,9,15,16,17,18,19,21,23,26,29,30,31,32,33,34,35,43,44,45,46,47,48,49,50,51,52,53,54,55,56,57,58,59,60,61,62,63,64,65,66,67,68,69,70,125,167,172,193,246,266,267,330,348,366,394,395,440,519,562,709,849,885,1143,1144,1145,1146,1147,1148,1149,1150,1151,
360;0;2172;2176;1;0,1,2,3,4,5,6,7,8,9,15,16,17,18,19,21,23,26,29,30,31,32,33,34,35,43,44,45,46,47,48,49,50,51,52,53,54,55,56,57,58,59,60,61,62,63,64,65,66,67,68,69,70,125,167,172,193,246,266,267,330,348,366,394,395,440,519,562,709,849,885,1143,1144,1145,1146,1147,1148,1149,1150,1151,
732;0;2176;2272;0;0,1,2,3,4,5,6,7,8,9,15,16,17,18,19,21,23,26,29,30,31,32,33,34,35,43,44,45,46,47,48,49,50,51,52,53,54,55,56,57,58,59,60,61,62,63,64,65,66,67,68,69,70,125,167,172,193,246,266,267,330,348,366,394,395,440,519,562,709,849,885,1143,1144,1145,1146,1147,1148,1149,1150,1151,
732;1;2272;2320;0;0,1,2,3,4,5,6,7,8,9,15,16,17,18,19,21,23,26,29,30,31,32,33,34,35,43,44,45,46,47,48,49,50,51,52,53,54,55,56,57,58,59,60,61,62,63,64,65,66,67,68,69,70,125,167,172,193,246,266,267,330,348,366,394,395,440,519,562,709,849,885,1143,1144,1145,1146,1147,1148,1149,1150,1151,
54;0;2320;2417;1;0,1,2,3,4,5,6,7,8,9,15,16,17,18,19,21,23,26,29,30,31,32,33,34,35,43,44,45,46,47,48,49,50,51,52,53,54,55,56,57,58,59,60,61,62,63,64,65,66,67,68,69,70,125,167,172,193,246,266,267,330,348,366,394,395,440,519,562,709,849,885,1143,1144,1145,1146,1147,1148,1149,1150,1151,
54;1;2417;2458;1;0,1,2,3,4,5,6,7,8,9,15,16,17,18,19,21,23,26,29,30,31,32,33,34,35,43,44,45,46,47,48,49,50,51,52,53,54,55,56,57,58,59,60,61,62,63,64,65,66,67,68,69,70,125,167,172,193,246,266,267,330,348,366,394,395,440,519,562,709,849,885,1143,1144,1145,1146,1147,1148,1149,1150,1151,
367;0;2458;2504;1;0,1,2,3,4,5,6,7,8,9,15,16,17,18,19,21,23,26,29,30,31,32,33,34,35,43,44,45,46,47,48,49,50,51,52,53,54,55,56,57,58,59,60,61,62,63,64,65,66,67,68,69,70,125,167,172,193,246,266,267,330,348,366,394,395,440,519,562,709,849,885,1143,1144,1145,1146,1147,1148,1149,1150,1151,
367;1;2504;2675;1;0,1,2,3,4,5,6,7,8,9,15,16,17,18,19,21,23,26,29,30,31,32,33,34,35,43,44,45,46,47,48,49,50,51,52,53,54,55,56,57,58,59,60,61,62,63,64,65,66,67,68,69,70,125,167,172,193,246,266,267,330,348,366,394,395,440,519,562,709,849,885,1143,1144,1145,1146,1147,1148,1149,1150,1151,
981;0;2675;2725;1;0,1,2,3,4,5,6,7,8,9,15,16,17,18,19,21,23,26,29,30,31,32,33,34,35,43,44,45,46,47,48,49,50,51,52,53,54,55,56,57,58,59,60,61,62,63,64,65,66,67,68,69,70,125,167,172,193,246,266,267,330,348,366,394,395,440,519,562,709,849,885,1143,1144,1145,1146,1147,1148,1149,1150,1151,
227;0;2725;2850;1;0,1,2,3,4,5,6,7,8,9,15,16,17,18,19,21,23,26,29,30,31,32,33,34,35,43,44,45,46,47,48,49,50,51,52,53,54,55,56,57,58,59,60,61,62,63,64,65,66,67,68,69,70,125,167,172,193,246,266,267,330,348,366,394,395,440,519,562,709,849,885,1143,1144,1145,1146,1147,1148,1149,1150,1151,
227;1;2850;3001;1;0,1,2,3,4,5,6,7,8,9,15,16,17,18,19,21,23,26,29,30,31,32,33,34,35,43,44,45,46,47,48,49,50,51,52,53,54,55,56,57,58,59,60,61,62,63,64,65,66,67,68,69,70,125,167,172,193,246,266,267,330,348,366,394,395,440,519,562,709,849,885,1143,1144,1145,1146,1147,1148,1149,1150,1151,
374;0;3001;3137;1;0,1,2,3,4,5,6,7,8,9,15,16,17,18,19,21,23,26,29,30,31,32,33,34,35,43,44,45,46,47,48,49,50,51,52,53,54,55,56,57,58,59,60,61,62,63,64,65,66,67,68,69,70,125,167,172,193,246,266,267,330,348,366,394,395,440,519,562,709,849,885,1143,1144,1145,1146,1147,1148,1149,1150,1151,
374;1;3137;3297;1;0,1,2,3,4,5,6,7,8,9,15,16,17,18,19,21,23,26,29,30,31,32,33,34,35,43,44,45,46,47,48,49,50,51,52,53,54,55,56,57,58,59,60,61,62,63,64,65,66,67,68,69,70,125,167,172,193,246,266,267,330,348,366,394,395,440,519,562,709,849,885,1143,1144,1145,1146,1147,1148,1149,1150,1151,
31;0;3297;3453;1;0,1,2,3,4,5,6,7,8,9,15,16,17,18,19,21,23,26,29,30,31,32,33,34,35,43,44,45,46,47,48,49,50,51,52,53,54,55,56,57,58,59,60,61,62,63,64,65,66,67,68,69,70,125,167,172,193,246,266,267,330,348,366,394,395,440,519,562,709,849,885,1143,1144,1145,1146,1147,1148,1149,1150,1151,
722;0;3453;3573;0;0,1,2,3,4,5,6,7,8,9,15,16,17,18,19,21,23,26,29,30,31,32,33,34,35,43,44,45,46,47,48,49,50,51,52,53,54,55,56,57,58,59,60,61,62,63,64,65,66,67,68,69,70,125,167,172,193,246,266,267,330,348,366,394,395,440,519,562,709,849,885,1143,1144,1145,1146,1147,1148,1149,1150,1151,
722;1;3573;3577;0;0,1,2,3,4,5,6,7,8,9,15,16,17,18,19,21,23,26,29,30,31,32,33,34,35,43,44,45,46,47,48,49,50,51,52,53,54,55,56,57,58,59,60,61,62,63,64,65,66,67,68,69,70,125,167,172,193,246,266,267,330,348,366,394,395,440,519,562,709,849,885,1143,1144,1145,1146,1147,1148,1149,1150,1151,
93;0;3577;3671;1;0,2,7,8,9,15,16,17,18,19,21,23,31,32,33,45,51,59,64,66,67,68,69,70,125,157,178,187,193,214,244,248,249,259,262,330,406,407,408,409,410,411,412,413,414,415,416,417,418,419,420,421,422,423,424,425,426,427,493,500,501,502,503,504,505,538,539,571,651,683,684,811,812,813,814,919,1371,1372,1373,1374,
74;0;3671;3675;1;0,2,7,8,9,15,16,17,18,19,21,23,31,32,33,45,51,59,64,66,67,68,69,70,125,157,178,187,193,214,244,248,249,259,262,330,406,407,408,409,410,411,412,413,414,415,416,417,418,419,420,421,422,423,424,425,426,427,493,500,501,502,503,504,505,538,539,571,651,683,684,811,812,813,814,919,1371,1372,1373,1374,
74;1;3675;3853;1;0,2,7,8,9,15,16,17,18,19,21,23,31,32,33,45,51,59,64,66,67,68,69,70,125,157,178,187,193,214,244,248,249,259,262,330,406,407,408,409,410,411,412,413,414,415,416,417,418,419,420,421,422,423,424,425,426,427,493,500,501,502,503,504,505,538,539,571,651,683,684,811,812,813,814,919,1371,1372,1373,1374,
44;0;3853;3892;1;0,2,7,8,9,15,16,17,18,19,21,23,31,32,33,45,51,59,64,66,67,68,69,70,125,157,178,187,193,214,244,248,249,259,262,330,406,407,408,409,410,411,412,413,414,415,416,417,418,419,420,421,422,423,424,425,426,427,493,500,501,502,503,504,505,538,539,571,651,683,684,811,812,813,814,919,1371,1372,1373,1374,
44;1;3892;4048;1;0,2,7,8,9,15,16,17,18,19,21,23,31,32,33,45,51,59,64,66,67,68,69,70,125,157,178,187,193,214,244,248,249,259,262,330,406,407,408,409,410,411,412,413,414,415,416,417,418,419,420,421,422,423,424,425,426,427,493,500,501,502,503,504,505,538,539,571,651,683,684,811,812,813,814,919,1371,1372,1373,1374,
862;0;4048;4128;0;0,2,7,8,9,15,16,17,18,19,21,23,31,32,33,45,51,59,64,66,67,68,69,70,125,157,178,187,193,214,244,248,249,259,262,330,406,407,408,409,410,411,412,413,414,415,416,417,418,419,420,421,422,423,424,425,426,427,493,500,501,502,503,504,505,538,539,571,651,683,684,811,812,813,814,919,1371,1372,1373,1374,
862;1;4128;4136;0;0,2,7,8,9,15,16,17,18,19,21,23,31,32,33,45,51,59,64,66,67,68,69,70,125,157,178,187,193,214,244,248,249,259,262,330,406,407,408,409,410,411,412,413,414,415,416,417,418,419,420,421,422,423,424,425,426,427,493,500,501,502,503,504,505,538,539,571,651,683,684,811,812,813,814,919,1371,1372,1373,1374,
409;0;4136;4160;0;0,2,7,8,9,15,16,17,18,19,21,23,31,32,33,45,51,59,64,66,67,68,69,70,125,157,178,187,193,214,244,248,249,259,262,330,406,407,408,409,410,411,412,413,414,415,416,417,418,419,420,421,422,423,424,425,426,427,493,500,501,502,503,504,505,538,539,571,651,683,684,811,812,813,814,919,1371,1372,1373,1374,
409;1;4160;4317;0;0,2,7,8,9,15,16,17,18,19,21,23,31,32,33,45,51,59,64,66,67,68,69,70,125,157,178,187,193,214,244,248,249,259,262,330,406,407,408,409,410,411,412,413,414,415,416,417,418,419,420,421,422,423,424,425,426,427,493,500,501,502,503,504,505,538,539,571,651,683,684,811,812,813,814,919,1371,1372,1373,1374,
611;0;4317;4435;1;0,2,7,8,9,15,16,17,18,19,21,23,31,32,33,45,51,59,64,66,67,68,69,70,125,157,178,187,193,214,244,248,249,259,262,330,406,407,408,409,410,411,412,413,414,415,416,417,418,419,420,421,422,423,424,425,426,427,493,500,501,502,503,504,505,538,539,571,651,683,684,811,812,813,814,919,1371,1372,1373,1374,
711;0;4435;4457;1;0,2,7,8,9,15,16,17,18,19,21,23,31,32,33,45,51,59,64,66,67,68,69,70,125,157,178,187,193,214,244,248,249,257,259,262,330,406,408,409,410,411,412,413,417,423,424,426,493,500,501,502,503,504,505,538,539,540,541,542,571,572,573,574,576,578,651,811,812,813,814,919,1100,1101,1102,1103,1104,1105,1106,1107,
744;0;4457;4618;1;0,2,7,8,9,15,16,17,18,19,21,23,31,32,33,45,51,59,64,66,67,125,157,178,187,193,215,216,248,249,251,255,256,257,259,262,330,408,409,410,411,412,413,417,423,424,426,493,500,501,503,539,541,542,571,573,574,576,578,651,811,812,813,814,919,1041,1102,1106,1141,1152,1153,1154,1155,1156,1157,1158,1159,1160,1161,1162,
744;1;4618;4646;1;0,2,7,8,9,15,16,17,18,19,21,23,31,32,33,45,51,59,64,66,67,125,157,178,187,193,215,216,248,249,251,255,256,257,259,262,330,408,409,410,411,412,413,417,423,424,426,493,500,501,503,539,541,542,571,573,574,576,578,651,811,812,813,814,919,1041,1102,1106,1141,1152,1153,1154,1155,1156,1157,1158,1159,1160,1161,1162,
263;0;4646;4719;1;0,2,7,8,9,15,16,17,18,19,21,23,31,32,33,45,51,59,64,66,67,125,157,178,187,193,215,216,243,248,249,251,255,256,257,259,262,330,408,409,410,411,412,413,417,423,424,426,493,500,501,503,539,541,542,571,573,574,576,578,651,811,812,813,814,919,920,921,922,926,928,929,930,931,933,934,935,1007,1041,1141,
242;0;4719;4749;0;0,2,7,8,9,15,16,17,18,19,21,23,31,32,33,45,51,59,64,66,67,125,157,178,187,193,215,216,243,248,249,251,255,256,257,259,262,330,408,409,410,411,412,413,417,423,424,426,493,500,501,503,539,541,542,571,573,574,576,578,651,811,812,813,814,919,920,921,922,926,928,929,930,931,933,934,935,1007,1041,1141,
242;1;4749;4860;0;0,2,7,8,9,15,16,17,18,19,21,23,31,32,33,45,51,59,64,66,67,125,157,178,187,193,215,216,243,248,249,251,255,256,257,259,262,330,408,409,410,411,412,413,417,423,424,426,493,500,501,503,539,541,542,571,573,574,576,578,651,811,812,813,814,919,920,921,922,926,928,929,930,931,933,934,935,1007,1041,1141,
212;0;4860;4894;0;0,2,8,15,16,17,18,19,23,31,33,45,51,59,64,67,125,127,193,194,195,196,197,198,199,200,201,203,204,205,215,243,248,249,259,330,409,411,412,413,417,426,498,539,571,573,575,603,604,605,606,607,608,811,812,813,814,919,920,921,922,923,924,925,926,927,928,929,930,931,932,933,934,935,937,1041,1064,1241,1242,1243,
212;1;4894;5044;0;0,2,8,15,16,17,18,19,23,31,33,45,51,59,64,67,125,127,193,194,195,196,197,198,199,200,201,203,204,205,215,243,248,249,259,330,409,411,412,413,417,426,498,539,571,573,575,603,604,605,606,607,608,811,812,813,814,919,920,921,922,923,924,925,926,927,928,929,930,931,932,933,934,935,937,1041,1064,1241,1242,1243,
430;0;5044;5076;1;0,2,8,15,16,17,18,19,23,31,33,45,51,59,64,67,125,127,193,194,195,196,197,198,199,200,201,203,204,205,215,243,248,249,259,330,409,411,412,413,417,426,498,539,571,573,575,603,604,605,606,607,608,811,812,813,814,919,920,921,922,923,924,925,926,927,928,929,930,931,932,933,934,935,937,1041,1064,1241,1242,1243,
499;0;5076;5148;0;0,2,8,15,16,17,18,19,23,31,33,45,51,59,64,67,125,127,193,194,195,196,197,198,199,200,201,203,204,205,215,243,248,249,259,330,409,411,412,413,417,426,498,539,571,573,575,603,604,605,606,607,608,811,812,813,814,919,920,921,922,923,924,925,926,927,928,929,930,931,932,933,934,935,937,1041,1064,1241,1242,1243,
499;1;5148;5185;0;0,2,8,15,16,17,18,19,23,31,33,45,51,59,64,67,125,127,193,194,195,196,197,198,199,200,201,203,204,205,215,243,248,249,259,330,409,411,412,413,417,426,498,539,571,573,575,603,604,605,606,607,608,811,812,813,814,919,920,921,922,923,924,925,926,927,928,929,930,931,932,933,934,935,937,1041,1064,1241,1242,1243,
503;0;5185;5294;1;0,2,8,15,16,17,18,19,23,31,33,45,51,59,64,67,125,127,193,194,195,196,197,198,199,200,201,203,204,205,215,243,248,249,259,330,409,411,412,413,417,426,498,539,571,573,575,603,604,605,606,607,608,811,812,813,814,919,920,921,922,923,924,925,926,927,928,929,930,931,932,933,934,935,937,1041,1064,1241,1242,1243,
306;0;5294;5308;0;0,2,8,15,16,17,18,19,23,31,33,45,51,59,64,67,125,127,193,194,195,196,197,198,199,200,201,203,204,205,215,243,248,249,259,330,409,411,412,413,417,426,498,539,571,573,575,603,604,605,606,607,608,811,812,813,814,919,920,921,922,923,924,925,926,927,928,929,930,931,932,933,934,935,937,1041,1064,1241,1242,1243,
77;0;5308;5338;1;0,2,8,15,16,17,18,19,23,31,33,45,51,59,64,67,125,127,193,194,195,196,197,198,199,200,201,203,204,205,215,243,248,249,259,330,409,411,412,413,417,426,498,539,571,573,575,603,604,605,606,607,608,811,812,813,814,919,920,921,922,923,924,925,926,927,928,929,930,931,932,933,934,935,937,1041,1064,1241,1242,1243,
77;1;5338;5425;1;0,2,8,15,16,17,18,19,23,31,33,45,51,59,64,67,125,127,193,194,195,196,197,198,199,200,201,203,204,205,215,243,248,249,259,330,409,411,412,413,417,426,498,539,571,573,575,603,604,605,606,607,608,811,812,813,814,919,920,921,922,923,924,925,926,927,928,929,930,931,932,933,934,935,937,1041,1064,1241,1242,1243,
840;0;5425;5500;1;0,2,8,15,16,17,18,19,23,31,33,45,51,59,64,67,125,127,193,194,195,196,197,198,199,200,201,203,204,205,215,243,248,249,259,330,409,411,412,413,417,426,498,539,571,573,575,603,604,605,606,607,608,811,812,813,814,919,920,921,922,923,924,925,926,927,928,929,930,931,932,933,934,935,937,1041,1064,1241,1242,1243,
590;0;5500;5598;1;0,2,8,15,16,17,18,19,23,31,33,45,51,59,64,67,125,127,193,194,195,196,197,198,199,200,201,203,204,205,215,243,248,249,259,330,409,411,412,413,417,426,498,539,571,573,575,603,604,605,606,607,608,811,812,813,814,919,920,921,922,923,924,925,926,927,928,929,930,931,932,933,934,935,937,1041,1064,1241,1242,1243,
326;0;5598;5630;0;0,2,8,15,16,17,18,19,23,31,33,45,51,59,64,67,125,127,193,194,195,196,197,198,199,200,201,203,204,205,215,243,248,249,259,330,409,411,412,413,417,426,498,539,571,573,575,603,604,605,606,607,608,811,812,813,814,919,920,921,922,923,924,925,926,927,928,929,930,931,932,933,934,935,937,1041,1064,1241,1242,1243,
617;0;5630;5766;1;0,2,8,15,16,17,18,19,23,31,33,45,51,59,64,67,125,127,193,194,195,196,197,198,199,200,201,203,204,205,215,243,248,249,259,330,409,411,412,413,417,426,498,539,571,573,575,603,604,605,606,607,608,811,812,813,814,919,920,921,922,923,924,925,926,927,928,929,930,931,932,933,934,935,937,1041,1064,1241,1242,1243,
617;1;5766;5864;1;0,2,8,15,16,17,18,19,23,31,33,45,51,59,64,67,125,127,193,194,195,196,197,198,199,200,201,203,204,205,215,243,248,249,259,330,409,411,412,413,417,426,498,539,571,573,575,603,604,605,606,607,608,811,812,813,814,919,920,921,922,923,924,925,926,927,928,929,930,931,932,933,934,935,937,1041,1064,1241,1242,1243,
514;0;5864;6012;1;0,2,8,15,16,17,18,19,23,31,33,45,51,59,64,67,125,127,193,194,195,196,197,198,199,200,201,203,204,205,215,243,248,249,259,330,409,411,412,413,417,426,498,539,571,573,575,603,604,605,606,607,608,811,812,813,814,919,920,921,922,923,924,925,926,927,928,929,930,931,932,933,934,935,937,1041,1064,1241,1242,1243,
514;1;6012;6087;1;0,2,8,15,16,17,18,19,23,31,33,45,51,59,64,67,125,127,193,194,195,196,197,198,199,200,201,203,204,205,215,243,248,249,259,330,409,411,412,413,417,426,498,539,571,573,575,603,604,605,606,607,608,811,812,813,814,919,920,921,922,923,924,925,926,927,928,929,930,931,932,933,934,935,937,1041,1064,1241,1242,1243,
541;0;6087;6185;1;0,2,8,15,16,17,18,19,23,31,33,45,51,59,64,67,125,127,193,194,195,196,197,198,199,200,201,203,204,205,215,243,248,249,259,330,409,411,412,413,417,426,498,539,571,573,575,603,604,605,606,607,608,811,812,813,814,919,920,921,922,923,924,925,926,927,928,929,930,931,932,933,934,935,937,1041,1064,1241,1242,1243,
267;0;6185;6221;1;0,2,8,15,16,17,18,19,31,33,45,51,59,64,125,127,193,194,195,196,197,426,554,921,938,1016,1017,1018,1019,1020,1021,1022,1023,1024,1025,1026,1027,1028,1029,1030,1031,1032,1033,1034,1035,1036,1037,1038,1039,1040,1041,1042,1043,1044,1045,1046,1047,1048,1049,1050,1051,1052,1053,1054,1055,1056,1057,1058,1059,1060,1061,1062,1063,1064,1065,1066,1067,1068,1069,1070,
267;1;6221;6246;1;0,2,8,15,16,17,18,19,31,33,45,51,59,64,125,127,193,194,195,196,197,426,554,921,938,1016,1017,1018,1019,1020,1021,1022,1023,1024,1025,1026,1027,1028,1029,1030,1031,1032,1033,1034,1035,1036,1037,1038,1039,1040,1041,1042,1043,1044,1045,1046,1047,1048,1049,1050,1051,1052,1053,1054,1055,1056,1057,1058,1059,1060,1061,1062,1063,1064,1065,1066,1067,1068,1069,1070,
641;0;6246;6406;1;0,2,8,15,16,17,18,19,31,33,45,51,59,64,125,127,193,194,195,196,197,426,554,921,938,1016,1017,1018,1019,1020,1021,1022,1023,1024,1025,1026,1027,1028,1029,1030,1031,1032,1033,1034,1035,1036,1037,1038,1039,1040,1041,1042,1043,1044,1045,1046,1047,1048,1049,1050,1051,1052,1053,1054,1055,1056,1057,1058,1059,1060,1061,1062,1063,1064,1065,1066,1067,1068,1069,1070,
791;0;6406;6504;1;0,2,7,8,15,16,17,18,19,20,21,23,24,25,28,31,32,33,34,44,45,46,51,59,63,64,66,67,82,125,127,178,187,193,194,195,196,197,198,199,200,201,203,204,205,246,264,269,274,330,332,333,334,426,500,501,503,531,534,535,536,563,564,565,566,567,568,651,722,723,844,885,892,921,937,970,971,972,973,974,
510;0;6504;6614;1;0,2,7,8,15,16,17,18,19,20,21,23,24,25,28,31,32,33,34,44,45,46,51,59,63,64,66,67,82,125,127,178,187,193,194,195,196,197,198,199,200,201,203,204,205,246,264,269,274,330,332,333,334,426,500,501,503,531,534,535,536,563,564,565,566,567,568,651,722,723,844,885,892,921,937,970,971,972,973,974,
152;0;6614;6661;0;0,2,7,8,15,16,17,18,19,20,21,23,24,25,28,31,32,33,34,44,45,46,51,59,63,64,66,67,82,125,127,178,187,193,194,195,196,197,198,199,200,201,203,204,205,246,264,269,274,330,332,333,334,426,500,501,503,531,534,535,536,563,564,565,566,567,568,651,722,723,844,885,892,921,937,970,971,972,973,974,
152;1;6661;6713;0;0,2,7,8,15,16,17,18,19,20,21,23,24,25,28,31,32,33,34,44,45,46,51,59,63,64,66,67,82,125,127,178,187,193,194,195,196,197,198,199,200,201,203,204,205,246,264,269,274,330,332,333,334,426,500,501,503,531,534,535,536,563,564,565,566,567,568,651,722,723,844,885,892,921,937,970,971,972,973,974,
767;0;6713;6811;1;0,2,7,8,15,16,17,18,19,20,21,23,24,25,28,31,32,33,34,44,45,46,51,59,63,64,66,67,82,125,127,178,187,193,194,195,196,197,198,199,200,201,203,204,205,246,264,269,274,330,332,333,334,426,500,501,503,531,534,535,536,563,564,565,566,567,568,651,722,723,844,885,892,921,937,970,971,972,973,974,
767;1;6811;6916;1;0,2,7,8,15,16,17,18,19,20,21,23,24,25,28,31,32,33,34,44,45,46,51,59,63,64,66,67,82,125,127,178,187,193,194,195,196,197,198,199,200,201,203,204,205,246,264,269,274,330,332,333,334,426,500,501,503,531,534,535,536,563,564,565,566,567,568,651,722,723,844,885,892,921,937,970,971,972,973,974,
990;0;6916;7003;1;0,2,7,8,15,16,17,18,19,20,21,23,24,25,28,31,32,33,34,44,45,46,51,59,63,64,66,67,82,125,127,178,187,193,194,195,196,197,198,199,200,201,203,204,205,246,264,269,274,330,332,333,334,426,500,501,503,531,534,535,536,563,564,565,566,567,568,651,722,723,844,885,892,921,937,970,971,972,973,974,
817;0;7003;7008;1;0,2,7,8,15,16,17,18,19,20,21,23,24,25,28,31,32,33,34,44,45,46,51,59,63,64,66,67,82,125,127,178,187,193,194,195,196,197,198,199,200,201,203,204,205,246,264,269,274,330,332,333,334,426,500,501,503,531,534,535,536,563,564,565,566,567,568,651,722,723,844,885,892,921,937,970,971,972,973,974,
817;1;7008;7060;1;0,2,7,8,15,16,17,18,19,20,21,23,24,25,28,31,32,33,34,44,45,46,51,59,63,64,66,67,82,125,127,178,187,193,194,195,196,197,198,199,200,201,203,204,205,246,264,269,274,330,332,333,334,426,500,501,503,531,534,535,536,563,564,565,566,567,568,651,722,723,844,885,892,921,937,970,971,972,973,974,
975;0;7060;7094;0;0,2,7,8,15,16,17,18,19,20,21,23,24,25,28,31,32,33,34,44,45,46,51,59,63,64,66,67,82,125,127,178,187,193,194,195,196,197,198,199,200,201,203,204,205,246,264,269,274,330,332,333,334,426,500,501,503,531,534,535,536,563,564,565,566,567,568,651,722,723,844,885,892,921,937,970,971,972,973,974,
161;0;7094;7204;1;0,2,7,8,15,16,17,18,19,20,21,23,24,25,28,31,32,33,34,44,45,46,51,59,63,64,66,67,82,125,127,178,187,193,194,195,196,197,198,199,200,201,203,204,205,246,264,269,274,330,332,333,334,426,500,501,503,531,534,535,536,563,564,565,566,567,568,651,722,723,844,885,892,921,937,970,971,972,973,974,
284;0;7204;7305;1;0,2,7,8,15,16,17,18,19,20,21,23,24,25,28,31,32,33,34,44,45,46,51,59,63,64,66,67,82,125,127,178,187,193,194,195,196,197,198,199,200,201,203,204,205,246,264,269,274,330,332,333,334,426,500,501,503,531,534,535,536,563,564,565,566,567,568,651,722,723,844,885,892,921,937,970,971,972,973,974,
284;1;7305;7339;1;0,2,7,8,15,16,17,18,19,20,21,23,24,25,28,31,32,33,34,44,45,46,51,59,63,64,66,67,82,125,127,178,187,193,194,195,196,197,198,199,200,201,203,204,205,246,264,269,274,330,332,333,334,426,500,501,503,531,534,535,536,563,564,565,566,567,568,651,722,723,844,885,892,921,937,970,971,972,973,974,
107;0;7339;7398;1;0,2,7,8,15,16,17,18,19,20,21,23,24,25,28,31,32,33,34,44,45,46,51,59,63,64,66,67,82,125,127,178,187,193,194,195,196,197,198,199,200,201,203,204,205,246,264,269,274,330,332,333,334,426,500,501,503,531,534,535,536,563,564,565,566,567,568,651,722,723,844,885,892,921,937,970,971,972,973,974,
107;1;7398;7508;1;0,2,7,8,15,16,17,18,19,20,21,23,24,25,28,31,32,33,34,44,45,46,51,59,63,64,66,67,82,125,127,178,187,193,194,195,196,197,198,199,200,201,203,204,205,246,264,269,274,330,332,333,334,426,500,501,503,531,534,535,536,563,564,565,566,567,568,651,722,723,844,885,892,921,937,970,971,972,973,974,
865;0;7508;7577;0;0,2,7,8,15,16,17,18,19,20,21,23,24,25,28,31,32,33,34,44,45,46,51,59,63,64,66,67,82,125,127,178,187,193,194,195,196,197,198,199,200,201,203,204,205,246,264,269,274,330,332,333,334,426,500,501,503,531,534,535,536,563,564,565,566,567,568,651,722,723,844,885,892,921,937,970,971,972,973,974,
623;0;7577;7611;1;0,2,7,8,15,16,17,18,19,20,21,23,24,25,28,31,32,33,34,44,45,46,51,59,63,64,66,67,82,125,127,178,187,193,194,195,196,197,198,199,200,201,203,204,205,246,264,269,274,330,332,333,334,426,500,501,503,531,534,535,536,563,564,565,566,567,568,651,722,723,844,885,892,921,937,970,971,972,973,974,
43;0;7611;7687;1;0,2,7,8,15,16,17,18,19,20,21,23,24,25,28,31,32,33,34,44,45,51,59,63,64,66,67,82,125,127,157,178,187,193,194,195,196,197,198,199,246,248,257,262,264,269,274,330,332,333,334,408,410,411,493,494,495,496,497,498,499,500,501,503,531,534,535,536,568,651,722,723,885,892,921,970,971,972,973,974,
394;0;7687;7721;1;0,2,7,8,15,16,17,18,19,20,21,23,24,25,28,31,32,33,34,44,45,51,59,63,64,66,67,82,125,127,157,178,187,193,194,195,196,197,198,199,246,248,257,262,264,269,274,330,332,333,334,408,410,411,493,494,495,496,497,498,499,500,501,503,531,534,535,536,568,651,722,723,885,892,921,970,971,972,973,974,
394;1;7721;7826;1;0,2,7,8,15,16,17,18,19,20,21,23,24,25,28,31,32,33,34,44,45,51,59,63,64,66,67,82,125,127,157,178,187,193,194,195,196,197,198,199,246,248,257,262,264,269,274,330,332,333,334,408,410,411,493,494,495,496,497,498,499,500,501,503,531,534,535,536,568,651,722,723,885,892,921,970,971,972,973,974,
201;0;7826;7860;1;0,2,7,8,15,16,17,18,19,20,21,23,24,25,28,31,32,33,34,44,45,51,59,63,64,66,67,82,125,127,157,178,187,193,194,195,196,197,198,199,246,248,257,262,264,269,274,330,332,333,334,408,410,411,493,494,495,496,497,498,499,500,501,503,531,534,535,536,568,651,722,723,885,892,921,970,971,972,973,974,
431;0;7860;7953;1;0,1,2,3,4,5,6,7,8,9,10,11,12,13,14,15,16,17,18,19,20,21,23,24,25,28,31,32,33,41,45,51,59,67,70,130,157,165,178,187,208,246,248,263,264,265,270,274,330,332,333,334,335,336,337,338,403,500,501,502,503,505,531,532,533,534,535,536,568,649,651,722,723,728,729,811,812,813,814,892,
861;0;7953;7971;1;0,1,2,3,4,5,6,7,8,9,10,11,12,13,14,15,16,17,18,19,20,21,23,24,25,28,31,32,33,41,45,51,59,67,70,130,157,165,178,187,208,246,248,263,264,265,270,274,330,332,333,334,335,336,337,338,403,500,501,502,503,505,531,532,533,534,535,536,568,649,651,722,723,728,729,811,812,813,814,892,
149;0;7971;8017;0;0,1,2,3,4,5,6,7,8,9,10,11,12,13,14,15,16,17,18,19,20,21,23,24,25,28,31,32,33,41,45,51,59,67,70,130,157,165,178,187,208,246,248,263,264,265,270,274,330,332,333,334,335,336,337,338,403,500,501,502,503,505,531,532,533,534,535,536,568,649,651,722,723,728,729,811,812,813,814,892,
149;1;8017;8072;0;0,1,2,3,4,5,6,7,8,9,10,11,12,13,14,15,16,17,18,19,20,21,23,24,25,28,31,32,33,41,45,51,59,67,70,130,157,165,178,187,208,246,248,263,264,265,270,274,330,332,333,334,335,336,337,338,403,500,501,502,503,505,531,532,533,534,535,536,568,649,651,722,723,728,729,811,812,813,814,892,
313;0;8072;8190;1;0,1,2,3,4,5,6,7,8,9,10,11,12,13,14,15,16,17,18,19,20,21,23,24,25,28,31,32,33,41,45,51,59,67,70,130,157,165,178,187,208,246,248,263,264,265,270,274,330,332,333,334,335,336,337,338,403,500,501,502,503,505,531,532,533,534,535,536,568,649,651,722,723,728,729,811,812,813,814,892,
943;0;8190;8245;1;0,1,2,3,4,5,6,7,8,9,10,11,12,13,14,15,16,17,18,19,20,21,23,24,25,28,31,32,33,41,45,51,59,67,70,130,157,165,178,187,208,246,248,263,264,265,270,274,330,332,333,334,335,336,337,338,403,500,501,502,503,505,531,532,533,534,535,536,568,649,651,722,723,728,729,811,812,813,814,892,
330;0;8245;8354;1;0,1,2,3,4,5,6,7,8,9,10,11,12,13,14,15,16,17,18,19,20,21,23,24,25,28,31,32,33,41,45,51,59,67,70,130,157,165,178,187,208,246,248,263,264,265,270,274,330,332,333,334,335,336,337,338,403,500,501,502,503,505,531,532,533,534,535,536,568,649,651,722,723,728,729,811,812,813,814,892,
931;0;8354;8400;1;0,1,2,3,4,5,6,7,8,9,10,11,12,13,14,15,16,17,18,19,20,21,23,24,25,28,31,32,33,41,45,51,59,67,70,130,157,165,178,187,208,246,248,263,264,265,270,274,330,332,333,334,335,336,337,338,403,500,501,502,503,505,531,532,533,534,535,536,568,649,651,722,723,728,729,811,812,813,814,892,
921;0;8400;8417;1;0,1,2,3,4,5,6,7,8,9,10,11,12,13,14,15,16,17,18,19,20,21,23,24,25,28,31,32,33,41,45,51,59,67,70,130,157,165,178,187,208,246,248,263,264,265,270,274,330,332,333,334,335,336,337,338,403,500,501,502,503,505,531,532,533,534,535,536,568,649,651,722,723,728,729,811,812,813,814,892,
910;0;8417;8571;1;0,1,2,3,4,5,6,7,8,9,10,11,12,13,14,15,16,17,18,19,20,21,23,24,25,28,31,32,33,41,45,51,59,67,70,130,157,165,178,187,208,246,248,263,264,265,270,274,330,332,333,334,335,336,337,338,403,500,501,502,503,505,531,532,533,534,535,536,568,649,651,722,723,728,729,811,812,813,814,892,
654;0;8571;8639;1;0,1,2,3,4,5,6,7,8,9,10,11,12,13,14,15,16,17,18,19,20,21,23,24,25,28,31,32,33,41,45,51,59,67,70,130,157,165,178,187,208,246,248,263,264,265,270,274,330,332,333,334,335,336,337,338,403,500,501,502,503,505,531,532,533,534,535,536,568,649,651,722,723,728,729,811,812,813,814,892,
654;1;8639;8692;1;0,1,2,3,4,5,6,7,8,9,10,11,12,13,14,15,16,17,18,19,20,21,23,24,25,28,31,32,33,41,45,51,59,67,70,130,157,165,178,187,208,246,248,263,264,265,270,274,330,332,333,334,335,336,337,338,403,500,501,502,503,505,531,532,533,534,535,536,568,649,651,722,723,728,729,811,812,813,814,892,
914;0;8692;8804;1;0,1,2,3,4,5,6,7,8,9,10,11,12,13,14,15,16,17,18,19,20,21,23,24,25,28,31,32,33,41,45,51,59,67,70,130,157,165,178,187,208,246,248,263,264,265,270,274,330,332,333,334,335,336,337,338,403,500,501,502,503,505,531,532,533,534,535,536,568,649,651,722,723,728,729,811,812,813,814,892,
914;1;8804;8922;1;0,1,2,3,4,5,6,7,8,9,10,11,12,13,14,15,16,17,18,19,20,21,23,24,25,28,31,32,33,41,45,51,59,67,70,130,157,165,178,187,208,246,248,263,264,265,270,274,330,332,333,334,335,336,337,338,403,500,501,502,503,505,531,532,533,534,535,536,568,649,651,722,723,728,729,811,812,813,814,892,
303;0;8922;9063;1;0,1,2,3,4,5,6,7,8,9,10,11,12,13,14,15,16,17,18,19,20,21,23,24,25,28,31,32,33,41,45,51,59,67,70,130,157,165,178,187,208,246,248,263,264,265,270,274,330,332,333,334,335,336,337,338,403,500,501,502,503,505,531,532,533,534,535,536,568,649,651,722,723,728,729,811,812,813,814,892,
557;0;9063;9100;1;0,1,2,3,4,5,6,7,8,9,10,11,12,13,14,15,16,17,18,19,20,21,23,24,25,28,31,32,33,41,45,51,59,67,70,130,157,165,178,187,208,246,248,263,264,265,270,274,330,332,333,334,335,336,337,338,403,500,501,502,503,505,531,532,533,534,535,536,568,649,651,722,723,728,729,811,812,813,814,892,
557;1;9100;9134;1;0,1,2,3,4,5,6,7,8,9,10,11,12,13,14,15,16,17,18,19,20,21,23,24,25,28,31,32,33,41,45,51,59,67,70,130,157,165,178,187,208,246,248,263,264,265,270,274,330,332,333,334,335,336,337,338,403,500,501,502,503,505,531,532,533,534,535,536,568,649,651,722,723,728,729,811,812,813,814,892,
257;0;9134;9194;1;0,1,2,3,4,5,6,7,8,9,10,11,12,13,14,15,16,17,18,19,20,21,23,24,25,28,31,32,33,41,45,51,59,67,70,130,157,165,178,187,208,246,248,263,264,265,270,274,330,332,333,334,335,336,337,338,403,500,501,502,503,505,531,532,533,534,535,536,568,649,651,722,723,728,729,811,812,813,814,892,
257;1;9194;9338;1;0,1,2,3,4,5,6,7,8,9,10,11,12,13,14,15,16,17,18,19,20,21,23,24,25,28,31,32,33,41,45,51,59,67,70,130,157,165,178,187,208,246,248,263,264,265,270,274,330,332,333,334,335,336,337,338,403,500,501,502,503,505,531,532,533,534,535,536,568,649,651,722,723,728,729,811,812,813,814,892,
363;0;9338;9407;1;0,2,5,15,16,17,18,19,20,21,22,23,24,25,26,67,123,133,135,136,137,157,165,206,207,208,211,223,248,249,264,265,266,274,330,333,334,365,366,380,381,382,383,384,385,386,387,388,389,390,391,392,393,394,395,524,525,526,527,528,529,530,531,534,535,536,568,650,651,722,723,806,807,808,809,811,812,813,814,892,
999;0;9407;9471;0;0,2,5,15,16,17,18,19,20,21,22,23,24,25,26,67,123,133,135,136,137,157,165,206,207,208,211,223,248,249,264,265,266,274,330,333,334,365,366,380,381,382,383,384,385,386,387,388,389,390,391,392,393,394,395,524,525,526,527,528,529,530,531,534,535,536,568,650,651,722,723,806,807,808,809,811,812,813,814,892,
999;1;9471;9539;0;0,2,5,15,16,17,18,19,20,21,22,23,24,25,26,67,123,133,135,136,137,157,165,206,207,208,211,223,248,249,264,265,266,274,330,333,334,365,366,380,381,382,383,384,385,386,387,388,389,390,391,392,393,394,395,524,525,526,527,528,529,530,531,534,535,536,568,650,651,722,723,806,807,808,809,811,812,813,814,892,
670;0;9539;9608;1;0,2,5,15,16,17,18,19,20,21,22,23,24,25,26,67,123,133,135,136,137,157,165,206,207,208,211,223,248,249,264,265,266,274,330,333,334,365,366,380,381,382,383,384,385,386,387,388,389,390,391,392,393,394,395,524,525,526,527,528,529,530,531,534,535,536,568,650,651,722,723,806,807,808,809,811,812,813,814,892,
194;0;9608;9726;1;0,2,5,15,16,17,18,19,20,21,22,23,24,25,26,67,123,133,135,136,137,157,165,206,207,208,211,223,248,249,264,265,266,274,330,333,334,365,366,380,381,382,383,384,385,386,387,388,389,390,391,392,393,394,395,524,525,526,527,528,529,530,531,534,535,536,568,650,651,722,723,806,807,808,809,811,812,813,814,892,
194;1;9726;9760;1;0,2,5,15,16,17,18,19,20,21,22,23,24,25,26,67,123,133,135,136,137,157,165,206,207,208,211,223,248,249,264,265,266,274,330,333,334,365,366,380,381,382,383,384,385,386,387,388,389,390,391,392,393,394,395,524,525,526,527,528,529,530,531,534,535,536,568,650,651,722,723,806,807,808,809,811,812,813,814,892,
483;0;9760;9846;1;0,2,5,15,16,17,18,19,20,21,22,23,24,25,26,67,123,133,135,136,137,157,165,206,207,208,211,223,248,249,264,265,266,274,330,333,334,365,366,380,381,382,383,384,385,386,387,388,389,390,391,392,393,394,395,524,525,526,527,528,529,530,531,534,535,536,568,650,651,722,723,806,807,808,809,811,812,813,814,892,
800;0;9846;9864;1;0,2,5,15,16,17,18,19,20,21,22,23,24,25,26,67,123,133,135,136,137,157,165,206,207,208,211,223,248,249,264,265,266,274,330,333,334,365,366,380,381,382,383,384,385,386,387,388,389,390,391,392,393,394,395,524,525,526,527,528,529,530,531,534,535,536,568,650,651,722,723,806,807,808,809,811,812,813,814,892,
371;0;9864;9875;1;0,2,5,15,16,17,18,19,20,21,22,23,24,25,26,67,123,133,135,136,137,157,165,206,207,208,211,223,248,249,264,265,266,274,330,333,334,365,366,380,381,382,383,384,385,386,387,388,389,390,391,392,393,394,395,524,525,526,527,528,529,530,531,534,535,536,568,650,651,722,723,806,807,808,809,811,812,813,814,892,
580;0;9875;10017;1;0,2,5,15,16,17,18,19,20,21,22,23,24,25,26,67,123,133,135,136,137,157,165,206,207,208,211,223,248,249,264,265,266,274,330,333,334,365,366,380,381,382,383,384,385,386,387,388,389,390,391,392,393,394,395,524,525,526,527,528,529,530,531,534,535,536,568,650,651,722,723,806,807,808,809,811,812,813,814,892,
30;0;10017;10025;1;0,2,5,15,16,17,18,19,20,21,22,23,24,25,26,67,123,133,135,136,137,157,165,206,207,208,211,223,248,249,264,265,266,274,330,333,334,365,366,380,381,382,383,384,385,386,387,388,389,390,391,392,393,394,395,524,525,526,527,528,529,530,531,534,535,536,568,650,651,722,723,806,807,808,809,811,812,813,814,892,
896;0;10025;10062;0;0,2,5,15,16,17,18,19,20,21,22,23,24,25,26,67,123,133,135,136,137,157,165,206,207,208,211,223,248,249,264,265,266,274,330,333,334,365,366,380,381,382,383,384,385,386,387,388,389,390,391,392,393,394,395,524,525,526,527,528,529,530,531,534,535,536,568,650,651,722,723,806,807,808,809,811,812,813,814,892,
143;0;10062;10076;1;0,2,5,15,16,17,18,19,20,21,22,23,24,25,26,67,123,133,135,136,137,157,165,206,207,208,211,223,248,249,264,265,266,274,330,333,334,365,366,380,381,382,383,384,385,386,387,388,389,390,391,392,393,394,395,524,525,526,527,528,529,530,531,534,535,536,568,650,651,722,723,806,807,808,809,811,812,813,814,892,
Machine: 2
577;0;0;78;1;0,1,2,3,4,5,6,7,8,9,15,16,18,19,20,21,23,24,26,29,30,31,32,33,36,37,38,41,43,44,45,46,47,48,49,50,51,52,53,54,55,56,57,58,59,60,61,62,63,64,65,66,125,150,151,152,153,165,264,266,269,330,355,356,366,394,395,531,534,535,558,563,564,565,566,567,568,815,890,1218,
577;1;78;229;1;0,1,2,3,4,5,6,7,8,9,15,16,18,19,20,21,23,24,26,29,30,31,32,33,36,37,38,41,43,44,45,46,47,48,49,50,51,52,53,54,55,56,57,58,59,60,61,62,63,64,65,66,125,150,151,152,153,165,264,266,269,330,355,356,366,394,395,531,534,535,558,563,564,565,566,567,568,815,890,1218,
887;0;229;269;1;0,1,2,3,4,5,6,7,8,9,15,16,18,19,20,21,23,24,26,29,30,31,32,33,36,37,38,41,43,44,45,46,47,48,49,50,51,52,53,54,55,56,57,58,59,60,61,62,63,64,65,66,125,150,151,152,153,165,264,266,269,330,355,356,366,394,395,531,534,535,558,563,564,565,566,567,568,815,890,1218,
887;1;269;420;1;0,1,2,3,4,5,6,7,8,9,15,16,18,19,20,21,23,24,26,29,30,31,32,33,36,37,38,41,43,44,45,46,47,48,49,50,51,52,53,54,55,56,57,58,59,60,61,62,63,64,65,66,125,150,151,152,153,165,264,266,269,330,355,356,366,394,395,531,534,535,558,563,564,565,566,567,568,815,890,1218,
970;0;420;523;1;0,1,2,3,4,5,6,7,8,9,15,16,18,19,20,21,23,24,26,29,30,31,32,33,36,37,38,41,43,44,45,46,47,48,49,50,51,52,53,54,55,56,57,58,59,60,61,62,63,64,65,66,125,150,151,152,153,165,264,266,269,330,355,356,366,394,395,531,534,535,558,563,564,565,566,567,568,815,890,1218,
307;0;523;528;1;0,1,2,3,4,5,6,7,8,9,15,16,18,19,20,21,23,24,26,29,30,31,32,33,36,37,38,41,43,44,45,46,47,48,49,50,51,52,53,54,55,56,57,58,59,60,61,62,63,64,65,66,125,150,151,152,153,165,264,266,269,330,355,356,366,394,395,531,534,535,558,563,564,565,566,567,568,815,890,1218,
307;1;528;691;1;0,1,2,3,4,5,6,7,8,9,15,16,18,19,20,21,23,24,26,29,30,31,32,33,36,37,38,41,43,44,45,46,47,48,49,50,51,52,53,54,55,56,57,58,59,60,61,62,63,64,65,66,125,150,151,152,153,165,264,266,269,330,355,356,366,394,395,531,534,535,558,563,564,565,566,567,568,815,890,1218,
832;0;691;720;0;0,1,2,3,4,5,6,7,8,9,15,16,18,19,20,21,23,24,26,29,30,31,32,33,36,37,38,41,43,44,45,46,47,48,49,50,51,52,53,54,55,56,57,58,59,60,61,62,63,64,65,66,125,150,151,152,153,165,264,266,269,330,355,356,366,394,395,531,534,535,558,563,564,565,566,567,568,815,890,1218,
832;1;720;772;0;0,1,2,3,4,5,6,7,8,9,15,16,18,19,20,21,23,24,26,29,30,31,32,33,36,37,38,41,43,44,45,46,47,48,49,50,51,52,53,54,55,56,57,58,59,60,61,62,63,64,65,66,125,150,151,152,153,165,264,266,269,330,355,356,366,394,395,531,534,535,558,563,564,565,566,567,568,815,890,1218,
624;0;772;884;1;0,1,2,3,4,5,6,7,8,9,15,16,18,19,20,21,23,24,26,29,30,31,32,33,36,37,38,41,43,44,45,46,47,48,49,50,51,52,53,54,55,56,57,58,59,60,61,62,63,64,65,66,125,150,151,152,153,165,264,266,269,330,355,356,366,394,395,531,534,535,558,563,564,565,566,567,568,815,890,1218,
624;1;884;987;1;0,1,2,3,4,5,6,7,8,9,15,16,18,19,20,21,23,24,26,29,30,31,32,33,36,37,38,41,43,44,45,46,47,48,49,50,51,52,53,54,55,56,57,58,59,60,61,62,63,64,65,66,125,150,151,152,153,165,264,266,269,330,355,356,366,394,395,531,534,535,558,563,564,565,566,567,568,815,890,1218,
644;0;987;1053;1;0,1,2,3,4,5,6,7,8,9,15,16,18,19,20,21,23,24,26,29,30,31,32,33,36,37,38,41,43,44,45,46,47,48,49,50,51,52,53,54,55,56,57,58,59,60,61,62,63,64,65,66,125,150,151,152,153,165,264,266,269,330,355,356,366,394,395,531,534,535,558,563,564,565,566,567,568,815,890,1218,
644;1;1053;1204;1;0,1,2,3,4,5,6,7,8,9,15,16,18,19,20,21,23,24,26,29,30,31,32,33,36,37,38,41,43,44,45,46,47,48,49,50,51,52,53,54,55,56,57,58,59,60,61,62,63,64,65,66,125,150,151,152,153,165,264,266,269,330,355,356,366,394,395,531,534,535,558,563,564,565,566,567,568,815,890,1218,
687;0;1204;1284;1;0,1,2,3,4,5,6,7,8,9,15,16,18,19,20,21,23,24,26,29,30,31,32,33,36,37,38,41,43,44,45,46,47,48,49,50,51,52,53,54,55,56,57,58,59,60,61,62,63,64,65,66,125,150,151,152,153,165,264,266,269,330,355,356,366,394,395,531,534,535,558,563,564,565,566,567,568,815,890,1218,
687;1;1284;1306;1;0,1,2,3,4,5,6,7,8,9,15,16,18,19,20,21,23,24,26,29,30,31,32,33,36,37,38,41,43,44,45,46,47,48,49,50,51,52,53,54,55,56,57,58,59,60,61,62,63,64,65,66,125,150,151,152,153,165,264,266,269,330,355,356,366,394,395,531,534,535,558,563,564,565,566,567,568,815,890,1218,
48;0;1306;1332;0;0,1,2,3,4,5,6,7,8,9,15,16,18,19,20,21,23,24,26,29,30,31,32,33,36,37,38,41,43,44,45,46,47,48,49,50,51,52,53,54,55,56,57,58,59,60,61,62,63,64,65,66,125,150,151,152,153,165,264,266,269,330,355,356,366,394,395,531,534,535,558,563,564,565,566,567,568,815,890,1218,
784;0;1332;1480;1;0,1,2,3,4,5,6,7,8,9,15,16,18,19,20,21,23,24,26,29,30,31,32,33,36,37,38,41,43,44,45,46,47,48,49,50,51,52,53,54,55,56,57,58,59,60,61,62,63,64,65,66,125,150,151,152,153,165,264,266,269,330,355,356,366,394,395,531,534,535,558,563,564,565,566,567,568,815,890,1218,
784;1;1480;1533;1;0,1,2,3,4,5,6,7,8,9,15,16,18,19,20,21,23,24,26,29,30,31,32,33,36,37,38,41,43,44,45,46,47,48,49,50,51,52,53,54,55,56,57,58,59,60,61,62,63,64,65,66,125,150,151,152,153,165,264,266,269,330,355,356,366,394,395,531,534,535,558,563,564,565,566,567,568,815,890,1218,
809;0;1533;1544;0;0,1,2,3,4,5,6,7,8,9,15,16,18,19,20,21,23,24,26,29,30,31,32,33,36,37,38,41,43,44,45,46,47,48,49,50,51,52,53,54,55,56,57,58,59,60,61,62,63,64,65,66,125,150,151,152,153,165,264,266,269,330,355,356,366,394,395,531,534,535,558,563,564,565,566,567,568,815,890,1218,
809;1;1544;1566;0;0,1,2,3,4,5,6,7,8,9,15,16,18,19,20,21,23,24,26,29,30,31,32,33,36,37,38,41,43,44,45,46,47,48,49,50,51,52,53,54,55,56,57,58,59,60,61,62,63,64,65,66,125,150,151,152,153,165,264,266,269,330,355,356,366,394,395,531,534,535,558,563,564,565,566,567,568,815,890,1218,
477;0;1566;1615;1;0,1,2,3,4,5,6,7,8,9,15,16,18,19,20,21,23,24,26,29,30,31,32,33,36,37,38,41,43,44,45,46,47,48,49,50,51,52,53,54,55,56,57,58,59,60,61,62,63,64,65,66,125,150,151,152,153,165,264,266,269,330,355,356,366,394,395,531,534,535,558,563,564,565,566,567,568,815,890,1218,
477;1;1615;1772;1;0,1,2,3,4,5,6,7,8,9,15,16,18,19,20,21,23,24,26,29,30,31,32,33,36,37,38,41,43,44,45,46,47,48,49,50,51,52,53,54,55,56,57,58,59,60,61,62,63,64,65,66,125,150,151,152,153,165,264,266,269,330,355,356,366,394,395,531,534,535,558,563,564,565,566,567,568,815,890,1218,
634;0;1772;1868;1;0,1,2,3,4,5,6,7,8,9,15,16,18,19,21,23,24,29,30,31,32,33,36,37,38,39,40,41,43,44,45,46,47,48,49,50,51,52,53,54,55,56,59,64,66,125,223,239,248,268,269,270,271,272,273,275,278,357,358,359,360,361,362,363,364,365,366,367,368,369,370,371,372,373,374,375,376,377,378,379,
634;1;1868;2043;1;0,1,2,3,4,5,6,7,8,9,15,16,18,19,21,23,24,29,30,31,32,33,36,37,38,39,40,41,43,44,45,46,47,48,49,50,51,52,53,54,55,56,59,64,66,125,223,239,248,268,269,270,271,272,273,275,278,357,358,359,360,361,362,363,364,365,366,367,368,369,370,371,372,373,374,375,376,377,378,379,
771;0;2043;2065;1;0,1,2,3,4,5,6,7,8,9,15,16,18,19,21,23,24,29,30,31,32,33,37,38,39,43,44,45,46,47,48,49,50,51,52,53,54,55,56,59,64,66,125,148,223,239,248,263,268,269,270,271,272,273,275,287,359,361,363,365,366,367,378,601,602,955,956,957,958,959,960,961,962,963,964,965,966,967,968,969,
220;0;2065;2087;1;0,1,2,3,4,5,6,7,8,9,15,16,18,19,21,23,24,29,30,31,32,33,37,38,39,43,44,45,46,47,48,49,50,51,52,53,54,55,56,59,64,66,125,148,223,239,248,263,268,269,270,271,272,273,275,287,359,361,363,365,366,367,378,601,602,955,956,957,958,959,960,961,962,963,964,965,966,967,968,969,
224;0;2087;2109;1;0,1,2,3,4,5,6,7,8,9,15,16,17,18,19,21,23,24,29,30,31,32,33,34,35,43,44,45,46,47,48,49,50,51,52,53,54,55,56,57,58,59,60,61,62,63,64,65,66,67,68,69,70,125,126,127,128,129,196,203,267,270,272,354,366,378,406,514,538,562,592,596,938,955,1078,1336,1337,1338,1339,1340,
224;1;2109;2256;1;0,1,2,3,4,5,6,7,8,9,15,16,17,18,19,21,23,24,29,30,31,32,33,34,35,43,44,45,46,47,48,49,50,51,52,53,54,55,56,57,58,59,60,61,62,63,64,65,66,67,68,69,70,125,126,127,128,129,196,203,267,270,272,354,366,378,406,514,538,562,592,596,938,955,1078,1336,1337,1338,1339,1340,
352;0;2256;2301;0;0,1,2,3,4,5,6,7,8,9,15,16,17,18,19,21,23,24,29,30,31,32,33,34,35,43,44,45,46,47,48,49,50,51,52,53,54,55,56,57,58,59,60,61,62,63,64,65,66,67,68,69,70,125,126,127,128,129,196,203,267,270,272,354,366,378,406,514,538,562,592,596,938,955,1078,1336,1337,1338,1339,1340,
352;1;2301;2365;0;0,1,2,3,4,5,6,7,8,9,15,16,17,18,19,21,23,24,29,30,31,32,33,34,35,43,44,45,46,47,48,49,50,51,52,53,54,55,56,57,58,59,60,61,62,63,64,65,66,67,68,69,70,125,126,127,128,129,196,203,267,270,272,354,366,378,406,514,538,562,592,596,938,955,1078,1336,1337,1338,1339,1340,
113;0;2365;2442;1;0,1,2,3,4,5,6,7,8,9,15,16,17,18,19,21,23,24,29,30,31,32,33,34,35,43,44,45,46,47,48,49,50,51,52,53,54,55,56,57,58,59,60,61,62,63,64,65,66,67,68,69,70,125,126,127,128,129,196,203,267,270,272,354,366,378,406,514,538,562,592,596,938,955,1078,1336,1337,1338,1339,1340,
710;0;2442;2543;1;0,1,2,3,4,5,6,7,8,9,15,16,17,18,19,21,23,24,29,30,31,32,33,34,35,43,44,45,46,47,48,49,50,51,52,53,54,55,56,57,58,59,60,61,62,63,64,65,66,67,68,69,70,125,126,127,128,129,196,203,267,270,272,354,366,378,406,514,538,562,592,596,938,955,1078,1336,1337,1338,1339,1340,
582;0;2543;2547;0;0,1,2,3,4,5,6,7,8,9,15,16,17,18,19,21,23,24,29,30,31,32,33,34,35,43,44,45,46,47,48,49,50,51,52,53,54,55,56,57,58,59,60,61,62,63,64,65,66,67,68,69,70,125,126,127,128,129,196,203,267,270,272,354,366,378,406,514,538,562,592,596,938,955,1078,1336,1337,1338,1339,1340,
582;1;2547;2583;0;0,1,2,3,4,5,6,7,8,9,15,16,17,18,19,21,23,24,29,30,31,32,33,34,35,43,44,45,46,47,48,49,50,51,52,53,54,55,56,57,58,59,60,61,62,63,64,65,66,67,68,69,70,125,126,127,128,129,196,203,267,270,272,354,366,378,406,514,538,562,592,596,938,955,1078,1336,1337,1338,1339,1340,
444;0;2583;2733;1;0,1,2,3,4,5,6,7,8,9,15,16,17,18,19,21,23,24,29,30,31,32,33,34,35,43,44,45,46,47,48,49,50,51,52,53,54,55,56,57,58,59,60,61,62,63,64,65,66,67,68,69,70,125,126,127,128,129,196,203,267,270,272,354,366,378,406,514,538,562,592,596,938,955,1078,1336,1337,1338,1339,1340,
444;1;2733;2870;1;0,1,2,3,4,5,6,7,8,9,15,16,17,18,19,21,23,24,29,30,31,32,33,34,35,43,44,45,46,47,48,49,50,51,52,53,54,55,56,57,58,59,60,61,62,63,64,65,66,67,68,69,70,125,126,127,128,129,196,203,267,270,272,354,366,378,406,514,538,562,592,596,938,955,1078,1336,1337,1338,1339,1340,
506;0;2870;2918;0;0,1,2,3,4,5,6,7,8,9,15,16,17,18,19,21,23,24,29,30,31,32,33,34,35,43,44,45,46,47,48,49,50,51,52,53,54,55,56,57,58,59,60,61,62,63,64,65,66,67,68,69,70,125,126,127,128,129,196,203,267,270,272,354,366,378,406,514,538,562,592,596,938,955,1078,1336,1337,1338,1339,1340,
274;0;2918;2962;1;0,1,2,3,4,5,6,7,8,9,15,16,17,18,19,21,23,24,29,30,31,32,33,35,43,44,45,46,47,48,49,50,51,52,53,54,55,56,57,58,59,60,61,62,63,64,66,67,68,69,70,125,198,270,272,366,378,383,435,514,595,753,820,835,955,979,980,981,982,983,984,985,986,987,988,989,990,991,992,993,
274;1;2962;3059;1;0,1,2,3,4,5,6,7,8,9,15,16,17,18,19,21,23,24,29,30,31,32,33,35,43,44,45,46,47,48,49,50,51,52,53,54,55,56,57,58,59,60,61,62,63,64,66,67,68,69,70,125,198,270,272,366,378,383,435,514,595,753,820,835,955,979,980,981,982,983,984,985,986,987,988,989,990,991,992,993,
404;0;3059;3080;1;0,1,2,3,4,5,6,7,8,9,15,16,17,18,19,21,23,24,29,30,31,32,33,35,43,44,45,46,47,48,49,50,51,52,53,54,55,56,57,58,59,60,61,62,63,64,66,67,68,69,70,125,198,270,272,366,378,383,435,514,595,753,820,835,955,979,980,981,982,983,984,985,986,987,988,989,990,991,992,993,
404;1;3080;3121;1;0,1,2,3,4,5,6,7,8,9,15,16,17,18,19,21,23,24,29,30,31,32,33,35,43,44,45,46,47,48,49,50,51,52,53,54,55,56,57,58,59,60,61,62,63,64,66,67,68,69,70,125,198,270,272,366,378,383,435,514,595,753,820,835,955,979,980,981,982,983,984,985,986,987,988,989,990,991,992,993,
427;0;3121;3170;1;0,1,2,3,4,5,6,7,8,9,15,16,17,18,19,21,23,24,29,30,31,32,33,35,43,44,45,46,47,48,49,50,51,52,53,54,55,56,57,58,59,60,61,62,63,64,66,67,68,69,70,125,198,270,272,366,378,383,435,514,595,753,820,835,955,979,980,981,982,983,984,985,986,987,988,989,990,991,992,993,
427;1;3170;3211;1;0,1,2,3,4,5,6,7,8,9,15,16,17,18,19,21,23,24,29,30,31,32,33,35,43,44,45,46,47,48,49,50,51,52,53,54,55,56,57,58,59,60,61,62,63,64,66,67,68,69,70,125,198,270,272,366,378,383,435,514,595,753,820,835,955,979,980,981,982,983,984,985,986,987,988,989,990,991,992,993,
279;0;3211;3226;0;0,1,2,3,4,5,6,7,8,9,15,16,17,18,19,21,23,24,29,30,31,32,33,35,43,44,45,46,47,48,49,50,51,52,53,54,55,56,57,58,59,60,61,62,63,64,66,67,68,69,70,125,198,270,272,366,378,383,435,514,595,753,820,835,955,979,980,981,982,983,984,985,986,987,988,989,990,991,992,993,
279;1;3226;3386;0;0,1,2,3,4,5,6,7,8,9,15,16,17,18,19,21,23,24,29,30,31,32,33,35,43,44,45,46,47,48,49,50,51,52,53,54,55,56,57,58,59,60,61,62,63,64,66,67,68,69,70,125,198,270,272,366,378,383,435,514,595,753,820,835,955,979,980,981,982,983,984,985,986,987,988,989,990,991,992,993,
844;0;3386;3440;1;0,1,2,3,4,5,6,8,9,15,16,17,18,19,20,21,23,24,29,30,31,32,33,43,45,46,48,49,50,55,63,66,67,68,69,70,125,140,153,154,155,156,157,158,159,160,161,162,163,164,219,264,265,270,272,336,337,338,339,355,366,378,428,437,506,512,513,514,515,516,517,518,519,520,649,728,729,863,864,955,
844;1;3440;3613;1;0,1,2,3,4,5,6,8,9,15,16,17,18,19,20,21,23,24,29,30,31,32,33,43,45,46,48,49,50,55,63,66,67,68,69,70,125,140,153,154,155,156,157,158,159,160,161,162,163,164,219,264,265,270,272,336,337,338,339,355,366,378,428,437,506,512,513,514,515,516,517,518,519,520,649,728,729,863,864,955,
184;0;3613;3733;1;0,1,2,3,4,5,6,8,9,15,16,17,18,19,20,21,23,24,29,30,31,32,33,43,45,46,48,49,50,55,63,66,67,68,69,70,125,140,153,154,155,156,157,158,159,160,161,162,163,164,219,264,265,270,272,336,337,338,339,355,366,378,428,437,506,512,513,514,515,516,517,518,519,520,649,728,729,863,864,955,
184;1;3733;3898;1;0,1,2,3,4,5,6,8,9,15,16,17,18,19,20,21,23,24,29,30,31,32,33,43,45,46,48,49,50,55,63,66,67,68,69,70,125,140,153,154,155,156,157,158,159,160,161,162,163,164,219,264,265,270,272,336,337,338,339,355,366,378,428,437,506,512,513,514,515,516,517,518,519,520,649,728,729,863,864,955,
380;0;3898;3964;1;0,1,2,3,4,5,6,8,9,15,16,17,18,19,20,21,23,24,29,30,31,32,33,43,45,46,48,49,50,55,63,66,67,68,69,70,125,140,153,154,155,156,157,158,159,160,161,162,163,164,219,264,265,270,272,336,337,338,339,355,366,378,428,437,506,512,513,514,515,516,517,518,519,520,649,728,729,863,864,955,
64;0;3964;4003;1;0,1,2,3,4,5,6,8,9,15,16,17,18,19,20,21,23,24,29,30,31,32,33,43,45,46,48,49,50,55,63,66,67,68,69,70,125,140,153,154,155,156,157,158,159,160,161,162,163,164,219,264,265,270,272,336,337,338,339,355,366,378,428,437,506,512,513,514,515,516,517,518,519,520,649,728,729,863,864,955,
64;1;4003;4173;1;0,1,2,3,4,5,6,8,9,15,16,17,18,19,20,21,23,24,29,30,31,32,33,43,45,46,48,49,50,55,63,66,67,68,69,70,125,140,153,154,155,156,157,158,159,160,161,162,163,164,219,264,265,270,272,336,337,338,339,355,366,378,428,437,506,512,513,514,515,516,517,518,519,520,649,728,729,863,864,955,
247;0;4173;4294;1;0,1,2,3,4,5,6,8,9,15,16,17,18,19,20,21,23,24,29,30,31,32,33,43,45,46,48,49,50,55,63,66,67,68,69,70,125,140,153,154,155,156,157,158,159,160,161,162,163,164,219,264,265,270,272,336,337,338,339,355,366,378,428,437,506,512,513,514,515,516,517,518,519,520,649,728,729,863,864,955,
247;1;4294;4406;1;0,1,2,3,4,5,6,8,9,15,16,17,18,19,20,21,23,24,29,30,31,32,33,43,45,46,48,49,50,55,63,66,67,68,69,70,125,140,153,154,155,156,157,158,159,160,161,162,163,164,219,264,265,270,272,336,337,338,339,355,366,378,428,437,506,512,513,514,515,516,517,518,519,520,649,728,729,863,864,955,
954;0;4406;4484;1;0,1,2,3,4,5,6,8,9,15,16,17,18,19,20,21,23,24,29,30,31,32,33,43,45,46,48,49,50,55,63,66,67,68,69,70,125,140,153,154,155,156,157,158,159,160,161,162,163,164,219,264,265,270,272,336,337,338,339,355,366,378,428,437,506,512,513,514,515,516,517,518,519,520,649,728,729,863,864,955,
954;1;4484;4544;1;0,1,2,3,4,5,6,8,9,15,16,17,18,19,20,21,23,24,29,30,31,32,33,43,45,46,48,49,50,55,63,66,67,68,69,70,125,140,153,154,155,156,157,158,159,160,161,162,163,164,219,264,265,270,272,336,337,338,339,355,366,378,428,437,506,512,513,514,515,516,517,518,519,520,649,728,729,863,864,955,
487;0;4544;4639;1;0,1,2,3,4,5,6,8,9,15,16,17,18,19,20,21,23,24,29,30,31,32,33,43,45,46,48,49,50,55,63,66,67,68,69,70,125,140,153,154,155,156,157,158,159,160,161,162,163,164,219,264,265,270,272,336,337,338,339,355,366,378,428,437,506,512,513,514,515,516,517,518,519,520,649,728,729,863,864,955,
487;1;4639;4809;1;0,1,2,3,4,5,6,8,9,15,16,17,18,19,20,21,23,24,29,30,31,32,33,43,45,46,48,49,50,55,63,66,67,68,69,70,125,140,153,154,155,156,157,158,159,160,161,162,163,164,219,264,265,270,272,336,337,338,339,355,366,378,428,437,506,512,513,514,515,516,517,518,519,520,649,728,729,863,864,955,
213;0;4809;4845;1;0,1,2,3,4,5,6,8,9,15,16,17,18,19,20,21,23,24,29,30,31,32,33,43,45,46,48,49,50,55,63,66,67,68,69,70,125,140,153,154,155,156,157,158,159,160,161,162,163,164,219,264,265,270,272,336,337,338,339,355,366,378,428,437,506,512,513,514,515,516,517,518,519,520,649,728,729,863,864,955,
777;0;4845;4863;1;0,1,2,3,4,5,6,8,9,15,16,17,18,19,20,21,23,24,29,30,31,32,33,43,45,46,48,49,50,55,63,66,67,68,69,70,125,140,153,154,155,156,157,158,159,160,161,162,163,164,219,264,265,270,272,336,337,338,339,355,366,378,428,437,506,512,513,514,515,516,517,518,519,520,649,728,729,863,864,955,
777;1;4863;5028;1;0,1,2,3,4,5,6,8,9,15,16,17,18,19,20,21,23,24,29,30,31,32,33,43,45,46,48,49,50,55,63,66,67,68,69,70,125,140,153,154,155,156,157,158,159,160,161,162,163,164,219,264,265,270,272,336,337,338,339,355,366,378,428,437,506,512,513,514,515,516,517,518,519,520,649,728,729,863,864,955,
434;0;5028;5177;1;0,2,4,5,6,8,9,15,16,17,18,19,20,21,23,24,26,29,30,31,32,33,45,46,49,66,67,68,69,70,125,140,154,155,156,157,158,159,160,161,162,163,164,175,176,177,219,262,264,266,272,330,337,366,378,394,395,544,605,662,768,891,955,1126,1127,1128,1129,1130,1131,1132,1133,1134,1135,1136,1137,1138,1139,1140,1141,1142,
434;1;5177;5340;1;0,2,4,5,6,8,9,15,16,17,18,19,20,21,23,24,26,29,30,31,32,33,45,46,49,66,67,68,69,70,125,140,154,155,156,157,158,159,160,161,162,163,164,175,176,177,219,262,264,266,272,330,337,366,378,394,395,544,605,662,768,891,955,1126,1127,1128,1129,1130,1131,1132,1133,1134,1135,1136,1137,1138,1139,1140,1141,1142,
454;0;5340;5417;1;0,2,4,5,6,8,9,15,16,17,18,19,20,21,23,24,26,29,30,31,32,33,45,46,49,66,67,68,69,70,125,140,154,155,156,157,158,159,160,161,162,163,164,175,176,177,219,262,264,266,272,330,337,366,378,394,395,544,605,662,768,891,955,1126,1127,1128,1129,1130,1131,1132,1133,1134,1135,1136,1137,1138,1139,1140,1141,1142,
454;1;5417;5506;1;0,2,4,5,6,8,9,15,16,17,18,19,20,21,23,24,26,29,30,31,32,33,45,46,49,66,67,68,69,70,125,140,154,155,156,157,158,159,160,161,162,163,164,175,176,177,219,262,264,266,272,330,337,366,378,394,395,544,605,662,768,891,955,1126,1127,1128,1129,1130,1131,1132,1133,1134,1135,1136,1137,1138,1139,1140,1141,1142,
14;0;5506;5646;1;0,2,4,5,6,8,9,15,16,17,18,19,20,21,23,24,26,29,30,31,32,33,45,46,49,66,67,68,69,70,125,140,154,155,156,157,158,159,160,161,162,163,164,175,176,177,219,262,264,266,272,330,337,366,378,394,395,544,605,662,768,891,955,1126,1127,1128,1129,1130,1131,1132,1133,1134,1135,1136,1137,1138,1139,1140,1141,1142,
14;1;5646;5736;1;0,2,4,5,6,8,9,15,16,17,18,19,20,21,23,24,26,29,30,31,32,33,45,46,49,66,67,68,69,70,125,140,154,155,156,157,158,159,160,161,162,163,164,175,176,177,219,262,264,266,272,330,337,366,378,394,395,544,605,662,768,891,955,1126,1127,1128,1129,1130,1131,1132,1133,1134,1135,1136,1137,1138,1139,1140,1141,1142,
244;0;5736;5861;1;0,2,4,5,6,8,9,15,16,17,18,19,20,21,23,24,26,29,30,31,32,33,45,46,49,66,67,68,69,70,125,140,154,155,156,157,158,159,160,161,162,163,164,175,176,177,219,262,264,266,272,330,337,366,378,394,395,544,605,662,768,891,955,1126,1127,1128,1129,1130,1131,1132,1133,1134,1135,1136,1137,1138,1139,1140,1141,1142,
244;1;5861;6034;1;0,2,4,5,6,8,9,15,16,17,18,19,20,21,23,24,26,29,30,31,32,33,45,46,49,66,67,68,69,70,125,140,154,155,156,157,158,159,160,161,162,163,164,175,176,177,219,262,264,266,272,330,337,366,378,394,395,544,605,662,768,891,955,1126,1127,1128,1129,1130,1131,1132,1133,1134,1135,1136,1137,1138,1139,1140,1141,1142,
564;0;6034;6178;1;0,2,4,5,6,8,9,15,16,17,18,19,20,21,23,24,26,29,30,31,32,33,45,46,49,66,67,68,69,70,125,140,154,155,156,157,158,159,160,161,162,163,164,175,176,177,219,262,264,266,272,330,337,366,378,394,395,544,605,662,768,891,955,1126,1127,1128,1129,1130,1131,1132,1133,1134,1135,1136,1137,1138,1139,1140,1141,1142,
564;1;6178;6258;1;0,2,4,5,6,8,9,15,16,17,18,19,20,21,23,24,26,29,30,31,32,33,45,46,49,66,67,68,69,70,125,140,154,155,156,157,158,159,160,161,162,163,164,175,176,177,219,262,264,266,272,330,337,366,378,394,395,544,605,662,768,891,955,1126,1127,1128,1129,1130,1131,1132,1133,1134,1135,1136,1137,1138,1139,1140,1141,1142,
850;0;6258;6415;1;0,2,4,5,6,8,9,15,16,17,18,19,20,21,23,24,26,29,30,31,32,33,45,46,49,66,67,68,69,70,125,140,154,155,156,157,158,159,160,161,162,163,164,175,176,177,219,262,264,266,272,330,337,366,378,394,395,544,605,662,768,891,955,1126,1127,1128,1129,1130,1131,1132,1133,1134,1135,1136,1137,1138,1139,1140,1141,1142,
994;0;6415;6477;1;0,2,8,15,16,17,18,19,20,21,22,23,24,25,26,27,28,31,33,45,66,67,68,69,70,125,140,154,155,156,157,158,159,160,161,162,163,164,166,167,173,219,264,266,269,274,330,333,334,337,440,473,531,533,534,535,536,558,563,564,565,566,567,568,651,686,705,722,723,882,883,884,885,886,887,888,889,890,892,1218,
994;1;6477;6529;1;0,2,8,15,16,17,18,19,20,21,22,23,24,25,26,27,28,31,33,45,66,67,68,69,70,125,140,154,155,156,157,158,159,160,161,162,163,164,166,167,173,219,264,266,269,274,330,333,334,337,440,473,531,533,534,535,536,558,563,564,565,566,567,568,651,686,705,722,723,882,883,884,885,886,887,888,889,890,892,1218,
853;0;6529;6563;1;0,2,8,15,16,17,18,19,20,21,22,23,24,25,26,27,28,31,33,45,66,67,68,69,70,125,140,154,155,156,157,158,159,160,161,162,163,164,166,167,173,219,264,266,269,274,330,333,334,337,440,473,531,533,534,535,536,558,563,564,565,566,567,568,651,686,705,722,723,882,883,884,885,886,887,888,889,890,892,1218,
930;0;6563;6627;1;0,2,8,15,16,17,18,19,20,21,22,23,24,25,26,27,28,31,33,45,66,67,68,69,70,125,140,154,155,156,157,158,159,160,161,162,163,164,166,167,173,219,264,266,269,274,330,333,334,337,440,473,531,533,534,535,536,558,563,564,565,566,567,568,651,686,705,722,723,882,883,884,885,886,887,888,889,890,892,1218,
727;0;6627;6657;1;0,2,8,15,16,17,18,19,20,21,22,23,24,25,26,27,28,31,33,45,66,67,68,69,70,125,140,154,155,156,157,158,159,160,161,162,163,164,166,167,173,219,264,266,269,274,330,333,334,337,440,473,531,533,534,535,536,558,563,564,565,566,567,568,651,686,705,722,723,882,883,884,885,886,887,888,889,890,892,1218,
727;1;6657;6831;1;0,2,8,15,16,17,18,19,20,21,22,23,24,25,26,27,28,31,33,45,66,67,68,69,70,125,140,154,155,156,157,158,159,160,161,162,163,164,166,167,173,219,264,266,269,274,330,333,334,337,440,473,531,533,534,535,536,558,563,564,565,566,567,568,651,686,705,722,723,882,883,884,885,886,887,888,889,890,892,1218,
449;0;6831;6920;0;0,2,8,15,16,17,18,19,20,21,22,23,24,25,26,27,28,31,33,45,66,67,68,69,70,125,140,154,155,156,157,158,159,160,161,162,163,164,166,167,173,219,264,266,269,274,330,333,334,337,440,473,531,533,534,535,536,558,563,564,565,566,567,568,651,686,705,722,723,882,883,884,885,886,887,888,889,890,892,1218,
449;1;6920;6967;0;0,2,8,15,16,17,18,19,20,21,22,23,24,25,26,27,28,31,33,45,66,67,68,69,70,125,140,154,155,156,157,158,159,160,161,162,163,164,166,167,173,219,264,266,269,274,330,333,334,337,440,473,531,533,534,535,536,558,563,564,565,566,567,568,651,686,705,722,723,882,883,884,885,886,887,888,889,890,892,1218,
11;0;6967;7033;1;0,2,8,15,16,17,18,19,20,21,22,23,24,25,26,27,28,31,33,45,66,67,68,69,70,125,140,154,155,156,157,158,159,160,161,162,163,164,166,167,173,219,264,266,269,274,330,333,334,337,440,473,531,533,534,535,536,558,563,564,565,566,567,568,651,686,705,722,723,882,883,884,885,886,887,888,889,890,892,1218,
796;0;7033;7070;0;0,2,8,15,16,17,18,19,20,21,22,23,24,25,26,27,28,31,33,45,66,67,68,69,70,125,140,154,155,156,157,158,159,160,161,162,163,164,166,167,173,219,264,266,269,274,330,333,334,337,440,473,531,533,534,535,536,558,563,564,565,566,567,568,651,686,705,722,723,882,883,884,885,886,887,888,889,890,892,1218,
290;0;7070;7122;1;0,2,8,15,16,17,18,19,20,21,22,23,24,25,26,27,28,31,33,45,66,67,68,69,70,125,140,154,155,156,157,158,159,160,161,162,163,164,166,167,173,219,264,266,269,274,330,333,334,337,440,473,531,533,534,535,536,558,563,564,565,566,567,568,651,686,705,722,723,882,883,884,885,886,887,888,889,890,892,1218,
912;0;7122;7174;0;0,2,8,15,16,17,18,19,20,21,22,23,24,25,26,27,28,31,33,45,66,67,68,69,70,125,140,154,155,156,157,158,159,160,161,162,163,164,166,167,173,219,264,266,269,274,330,333,334,337,440,473,531,533,534,535,536,558,563,564,565,566,567,568,651,686,705,722,723,882,883,884,885,886,887,888,889,890,892,1218,
912;1;7174;7334;0;0,2,8,15,16,17,18,19,20,21,22,23,24,25,26,27,28,31,33,45,66,67,68,69,70,125,140,154,155,156,157,158,159,160,161,162,163,164,166,167,173,219,264,266,269,274,330,333,334,337,440,473,531,533,534,535,536,558,563,564,565,566,567,568,651,686,705,722,723,882,883,884,885,886,887,888,889,890,892,1218,
381;0;7334;7368;1;0,2,8,15,16,17,18,19,20,21,22,23,24,25,26,27,28,31,33,45,66,67,68,69,70,125,140,154,155,156,157,158,159,160,161,162,163,164,166,167,173,219,264,266,269,274,330,333,334,337,440,473,531,533,534,535,536,558,563,564,565,566,567,568,651,686,705,722,723,882,883,884,885,886,887,888,889,890,892,1218,
173;0;7368;7428;1;0,2,8,15,16,17,18,19,20,21,22,23,24,25,26,27,28,31,33,45,66,67,68,69,70,125,140,154,155,156,157,158,159,160,161,162,163,164,166,167,173,219,264,266,269,274,330,333,334,337,440,473,531,533,534,535,536,558,563,564,565,566,567,568,651,686,705,722,723,882,883,884,885,886,887,888,889,890,892,1218,
403;0;7428;7450;1;0,2,8,15,16,17,18,19,20,21,22,23,24,25,26,27,28,31,33,45,66,67,68,69,70,125,140,154,155,156,157,158,159,160,161,162,163,164,166,167,173,219,264,266,269,274,330,333,334,337,440,473,531,533,534,535,536,558,563,564,565,566,567,568,651,686,705,722,723,882,883,884,885,886,887,888,889,890,892,1218,
390;0;7450;7514;1;0,2,8,15,16,17,18,19,20,21,22,23,24,25,26,27,28,31,33,45,66,67,68,69,70,125,140,154,155,156,157,158,159,160,161,162,163,164,166,167,173,219,264,266,269,274,330,333,334,337,440,473,531,533,534,535,536,558,563,564,565,566,567,568,651,686,705,722,723,882,883,884,885,886,887,888,889,890,892,1218,
264;0;7514;7576;1;0,2,8,15,16,17,18,19,20,21,22,23,24,25,26,27,28,31,33,45,66,67,68,69,70,125,140,154,155,156,157,158,159,160,161,162,163,164,166,167,173,219,264,266,269,274,330,333,334,337,440,473,531,533,534,535,536,558,563,564,565,566,567,568,651,686,705,722,723,882,883,884,885,886,887,888,889,890,892,1218,
264;1;7576;7701;1;0,2,8,15,16,17,18,19,20,21,22,23,24,25,26,27,28,31,33,45,66,67,68,69,70,125,140,154,155,156,157,158,159,160,161,162,163,164,166,167,173,219,264,266,269,274,330,333,334,337,440,473,531,533,534,535,536,558,563,564,565,566,567,568,651,686,705,722,723,882,883,884,885,886,887,888,889,890,892,1218,
977;0;7701;7765;1;0,2,8,15,16,17,18,19,20,21,22,23,24,25,26,27,28,31,33,45,66,67,70,125,154,162,164,206,216,219,264,266,269,274,277,325,330,333,334,473,474,531,534,535,536,558,563,564,565,566,567,568,577,651,705,722,723,760,762,763,764,890,892,923,1218,1263,1325,1358,1359,1360,1361,1362,1363,1364,1365,1366,1367,1368,1369,1370,
977;1;7765;7795;1;0,2,8,15,16,17,18,19,20,21,22,23,24,25,26,27,28,31,33,45,66,67,70,125,154,162,164,206,216,219,264,266,269,274,277,325,330,333,334,473,474,531,534,535,536,558,563,564,565,566,567,568,577,651,705,722,723,760,762,763,764,890,892,923,1218,1263,1325,1358,1359,1360,1361,1362,1363,1364,1365,1366,1367,1368,1369,1370,
657;0;7795;7836;1;0,2,8,15,16,17,18,19,20,21,22,23,24,25,26,27,28,31,33,45,66,67,70,125,154,162,164,264,269,274,330,333,334,380,470,473,531,534,535,536,558,577,611,612,613,614,615,616,617,618,619,620,621,622,623,624,625,626,627,628,629,630,631,632,633,634,635,636,637,638,639,640,651,705,722,723,890,892,895,896,
657;1;7836;7916;1;0,2,8,15,16,17,18,19,20,21,22,23,24,25,26,27,28,31,33,45,66,67,70,125,154,162,164,264,269,274,330,333,334,380,470,473,531,534,535,536,558,577,611,612,613,614,615,616,617,618,619,620,621,622,623,624,625,626,627,628,629,630,631,632,633,634,635,636,637,638,639,640,651,705,722,723,890,892,895,896,
473;0;7916;7930;1;0,2,8,9,15,16,17,18,19,20,21,22,23,24,25,26,27,28,31,33,39,45,51,59,64,65,67,125,127,147,154,162,164,193,194,195,196,197,198,199,200,201,202,203,204,205,211,246,264,269,274,330,333,334,347,473,475,531,534,535,536,555,577,597,616,651,722,723,845,846,890,892,937,1105,1110,1111,1112,1113,1114,1115,
660;0;7930;7944;1;0,2,8,9,15,16,17,18,19,20,21,22,23,24,25,26,27,28,31,33,39,45,51,59,64,65,67,125,127,147,154,162,164,193,194,195,196,197,198,199,200,201,202,203,204,205,211,246,264,269,274,330,333,334,347,473,475,531,534,535,536,555,577,597,616,651,722,723,845,846,890,892,937,1105,1110,1111,1112,1113,1114,1115,
601;0;7944;8092;1;0,2,8,9,15,16,17,18,19,20,21,22,23,24,25,26,27,28,31,33,39,45,51,59,64,65,67,125,127,147,154,162,164,193,194,195,196,197,198,199,200,201,202,203,204,205,211,246,264,269,274,330,333,334,347,473,475,531,534,535,536,555,577,597,616,651,722,723,845,846,890,892,937,1105,1110,1111,1112,1113,1114,1115,
603;0;8092;8158;1;0,2,8,9,15,16,17,18,19,20,21,22,23,24,25,26,27,28,31,33,39,45,51,59,64,65,67,125,127,147,154,162,164,193,194,195,196,197,198,199,200,201,202,203,204,205,211,246,264,269,274,330,333,334,347,473,475,531,534,535,536,555,577,597,616,651,722,723,845,846,890,892,937,1105,1110,1111,1112,1113,1114,1115,
167;0;8158;8289;1;0,2,8,9,15,16,17,18,19,20,21,22,23,24,25,26,27,28,31,33,39,45,51,59,64,65,67,125,127,147,154,162,164,193,194,195,196,197,198,199,200,201,202,203,204,205,211,246,264,269,274,330,333,334,347,473,475,531,534,535,536,555,577,597,616,651,722,723,845,846,890,892,937,1105,1110,1111,1112,1113,1114,1115,
167;1;8289;8383;1;0,2,8,9,15,16,17,18,19,20,21,22,23,24,25,26,27,28,31,33,39,45,51,59,64,65,67,125,127,147,154,162,164,193,194,195,196,197,198,199,200,201,202,203,204,205,211,246,264,269,274,330,333,334,347,473,475,531,534,535,536,555,577,597,616,651,722,723,845,846,890,892,937,1105,1110,1111,1112,1113,1114,1115,
689;0;8383;8388;0;0,2,8,9,15,16,17,18,19,20,21,22,23,24,25,26,27,28,31,33,39,45,51,59,64,65,67,125,127,147,154,162,164,193,194,195,196,197,198,199,200,201,202,203,204,205,211,246,264,269,274,330,333,334,347,473,475,531,534,535,536,555,577,597,616,651,722,723,845,846,890,892,937,1105,1110,1111,1112,1113,1114,1115,
689;1;8388;8482;0;0,2,8,9,15,16,17,18,19,20,21,22,23,24,25,26,27,28,31,33,39,45,51,59,64,65,67,125,127,147,154,162,164,193,194,195,196,197,198,199,200,201,202,203,204,205,211,246,264,269,274,330,333,334,347,473,475,531,534,535,536,555,577,597,616,651,722,723,845,846,890,892,937,1105,1110,1111,1112,1113,1114,1115,
327;0;8482;8506;1;0,2,8,9,15,16,17,18,19,20,21,22,23,24,25,26,27,28,31,33,39,45,51,59,64,65,67,125,127,147,154,162,164,193,194,195,196,197,198,199,200,201,202,203,204,205,211,246,264,269,274,330,333,334,347,473,475,531,534,535,536,555,577,597,616,651,722,723,845,846,890,892,937,1105,1110,1111,1112,1113,1114,1115,
327;1;8506;8654;1;0,2,8,9,15,16,17,18,19,20,21,22,23,24,25,26,27,28,31,33,39,45,51,59,64,65,67,125,127,147,154,162,164,193,194,195,196,197,198,199,200,201,202,203,204,205,211,246,264,269,274,330,333,334,347,473,475,531,534,535,536,555,577,597,616,651,722,723,845,846,890,892,937,1105,1110,1111,1112,1113,1114,1115,
490;0;8654;8799;1;0,2,8,9,15,16,17,18,19,20,21,22,23,24,25,26,27,28,31,33,39,45,51,59,64,65,67,125,127,147,154,162,164,193,194,195,196,197,198,199,200,201,202,203,204,205,211,246,264,269,274,330,333,334,347,473,475,531,534,535,536,555,577,597,616,651,722,723,845,846,890,892,937,1105,1110,1111,1112,1113,1114,1115,
755;0;8799;8831;0;0,2,8,9,15,16,17,18,19,20,21,22,23,24,25,26,27,28,31,33,39,45,51,59,64,65,67,125,127,147,154,162,164,193,194,195,196,197,198,199,200,201,202,203,204,205,211,246,264,269,274,330,333,334,347,473,475,531,534,535,536,555,577,597,616,651,722,723,845,846,890,892,937,1105,1110,1111,1112,1113,1114,1115,
162;0;8831;8843;0;0,2,8,9,15,16,17,18,19,20,21,22,23,24,25,26,27,28,31,33,39,45,51,59,64,65,67,125,127,147,154,162,164,193,194,195,196,197,198,199,200,201,202,203,204,205,211,246,264,269,274,330,333,334,347,473,475,531,534,535,536,555,577,597,616,651,722,723,845,846,890,892,937,1105,1110,1111,1112,1113,1114,1115,
162;1;8843;8875;0;0,2,8,9,15,16,17,18,19,20,21,22,23,24,25,26,27,28,31,33,39,45,51,59,64,65,67,125,127,147,154,162,164,193,194,195,196,197,198,199,200,201,202,203,204,205,211,246,264,269,274,330,333,334,347,473,475,531,534,535,536,555,577,597,616,651,722,723,845,846,890,892,937,1105,1110,1111,1112,1113,1114,1115,
241;0;8875;8973;1;0,2,8,9,15,16,17,18,19,20,21,22,23,24,25,26,27,28,31,33,39,45,51,59,64,65,67,125,127,147,154,162,164,193,194,195,196,197,198,199,200,201,202,203,204,205,211,246,264,269,274,330,333,334,347,473,475,531,534,535,536,555,577,597,616,651,722,723,845,846,890,892,937,1105,1110,1111,1112,1113,1114,1115,
459;0;8973;9002;0;0,2,4,5,8,9,12,15,16,17,18,19,20,21,22,23,24,25,26,27,28,29,30,31,33,39,45,48,51,59,61,64,65,67,82,87,106,125,154,162,164,176,193,198,246,264,269,274,330,333,334,341,347,473,488,489,531,534,535,536,577,616,651,722,723,753,845,846,849,873,874,875,876,877,878,879,880,881,890,892,
459;1;9002;9022;0;0,2,4,5,8,9,12,15,16,17,18,19,20,21,22,23,24,25,26,27,28,29,30,31,33,39,45,48,51,59,61,64,65,67,82,87,106,125,154,162,164,176,193,198,246,264,269,274,330,333,334,341,347,473,488,489,531,534,535,536,577,616,651,722,723,753,845,846,849,873,874,875,876,877,878,879,880,881,890,892,
180;0;9022;9042;1;0,2,4,5,8,9,12,15,16,17,18,19,20,21,22,23,24,25,26,27,28,29,30,31,33,39,45,48,51,59,61,64,65,67,82,87,106,125,154,162,164,176,193,198,246,264,269,274,330,333,334,341,347,473,488,489,531,534,535,536,577,616,651,722,723,753,845,846,849,873,874,875,876,877,878,879,880,881,890,892,
183;0;9042;9062;1;0,2,4,5,8,9,12,15,16,17,18,19,20,21,22,23,24,25,26,27,28,29,30,31,33,39,45,48,51,59,61,64,65,67,82,87,106,125,154,162,164,176,193,198,246,264,269,274,330,333,334,341,347,473,488,489,531,534,535,536,577,616,651,722,723,753,845,846,849,873,874,875,876,877,878,879,880,881,890,892,
373;0;9062;9082;1;0,2,4,5,8,9,12,15,16,17,18,19,20,21,22,23,24,25,26,27,28,29,30,31,33,39,45,48,51,59,61,64,65,67,82,87,106,125,154,162,164,176,193,198,246,264,269,274,330,333,334,341,347,473,488,489,531,534,535,536,577,616,651,722,723,753,845,846,849,873,874,875,876,877,878,879,880,881,890,892,
234;0;9082;9146;1;0,2,4,5,8,9,12,15,16,17,18,19,20,21,22,23,24,25,26,27,28,29,30,31,33,39,45,48,51,59,61,64,65,67,82,87,106,125,154,162,164,176,193,198,246,264,269,274,330,333,334,341,347,473,488,489,531,534,535,536,577,616,651,722,723,753,845,846,849,873,874,875,876,877,878,879,880,881,890,892,
234;1;9146;9178;1;0,2,4,5,8,9,12,15,16,17,18,19,20,21,22,23,24,25,26,27,28,29,30,31,33,39,45,48,51,59,61,64,65,67,82,87,106,125,154,162,164,176,193,198,246,264,269,274,330,333,334,341,347,473,488,489,531,534,535,536,577,616,651,722,723,753,845,846,849,873,874,875,876,877,878,879,880,881,890,892,
450;0;9178;9212;1;0,2,4,5,8,9,12,15,16,17,18,19,20,21,22,23,24,25,26,27,28,29,30,31,33,39,45,48,51,59,61,64,65,67,82,87,106,125,154,162,164,176,193,198,246,264,269,274,330,333,334,341,347,473,488,489,531,534,535,536,577,616,651,722,723,753,845,846,849,873,874,875,876,877,878,879,880,881,890,892,
584;0;9212;9308;1;0,2,4,5,8,9,12,15,16,17,18,19,20,21,22,23,24,25,26,27,28,29,30,31,33,39,45,48,51,59,61,64,65,67,82,87,106,125,154,162,164,176,193,198,246,264,269,274,330,333,334,341,347,473,488,489,531,534,535,536,577,616,651,722,723,753,845,846,849,873,874,875,876,877,878,879,880,881,890,892,
584;1;9308;9325;1;0,2,4,5,8,9,12,15,16,17,18,19,20,21,22,23,24,25,26,27,28,29,30,31,33,39,45,48,51,59,61,64,65,67,82,87,106,125,154,162,164,176,193,198,246,264,269,274,330,333,334,341,347,473,488,489,531,534,535,536,577,616,651,722,723,753,845,846,849,873,874,875,876,877,878,879,880,881,890,892,
86;0;9325;9362;0;0,2,5,6,8,9,15,16,17,18,19,20,21,22,23,24,25,26,27,28,29,30,31,32,33,45,48,55,59,65,66,67,70,125,165,198,248,263,264,269,274,330,331,332,333,334,340,341,342,343,344,345,346,347,348,349,350,351,352,353,354,395,442,473,531,534,535,558,559,560,561,562,616,660,811,812,813,814,845,846,
971;0;9362;9394;1;0,2,5,6,8,9,15,16,17,18,19,20,21,22,23,24,25,26,27,28,29,30,31,32,33,45,48,55,59,65,66,67,70,125,165,198,248,263,264,269,274,330,331,332,333,334,340,341,342,343,344,345,346,347,348,349,350,351,352,353,354,395,442,473,531,534,535,558,559,560,561,562,616,660,811,812,813,814,845,846,
620;0;9394;9445;1;0,2,5,6,8,9,15,16,17,18,19,20,21,22,23,24,25,26,27,28,29,30,31,32,33,45,48,55,59,65,66,67,70,125,165,198,248,263,264,269,274,330,331,332,333,334,340,341,342,343,344,345,346,347,348,349,350,351,352,353,354,395,442,473,531,534,535,558,559,560,561,562,616,660,811,812,813,814,845,846,
686;0;9445;9482;0;0,2,5,6,8,9,15,16,17,18,19,20,21,22,23,24,25,26,27,28,29,30,31,32,33,45,48,55,59,65,66,67,70,125,165,198,248,263,264,269,274,330,331,332,333,334,340,341,342,343,344,345,346,347,348,349,350,351,352,353,354,395,442,473,531,534,535,558,559,560,561,562,616,660,811,812,813,814,845,846,
891;0;9482;9496;1;0,2,5,6,8,9,15,16,17,18,19,20,21,22,23,24,25,26,27,28,29,30,31,32,33,45,48,55,59,65,66,67,70,125,165,198,248,263,264,269,274,330,331,332,333,334,340,341,342,343,344,345,346,347,348,349,350,351,352,353,354,395,442,473,531,534,535,558,559,560,561,562,616,660,811,812,813,814,845,846,
56;0;9496;9513;0;0,2,5,6,8,9,15,16,17,18,19,20,21,22,23,24,25,26,27,28,29,30,31,32,33,45,48,55,59,65,66,67,70,125,165,198,248,263,264,269,274,330,331,332,333,334,340,341,342,343,344,345,346,347,348,349,350,351,352,353,354,395,442,473,531,534,535,558,559,560,561,562,616,660,811,812,813,814,845,846,
361;0;9513;9524;1;0,2,5,6,8,9,15,16,17,18,19,20,21,22,23,24,25,26,27,28,29,30,31,32,33,45,48,55,59,65,66,67,70,125,165,198,248,263,264,269,274,330,331,332,333,334,340,341,342,343,344,345,346,347,348,349,350,351,352,353,354,395,442,473,531,534,535,558,559,560,561,562,616,660,811,812,813,814,845,846,
700;0;9524;9561;1;0,2,5,6,8,9,15,16,17,18,19,20,21,22,23,24,25,26,27,28,29,30,31,32,33,45,48,55,59,65,66,67,70,125,165,198,248,263,264,269,274,330,331,332,333,334,340,341,342,343,344,345,346,347,348,349,350,351,352,353,354,395,442,473,531,534,535,558,559,560,561,562,616,660,811,812,813,814,845,846,
120;0;9561;9629;1;0,2,5,6,8,9,15,16,17,18,19,20,21,22,23,24,25,26,27,28,29,30,31,32,33,45,48,55,59,65,66,67,70,125,165,198,248,263,264,269,274,330,331,332,333,334,340,341,342,343,344,345,346,347,348,349,350,351,352,353,354,395,442,473,531,534,535,558,559,560,561,562,616,660,811,812,813,814,845,846,
469;0;9629;9759;0;0,2,5,6,8,9,15,16,17,18,19,20,21,22,23,24,25,26,27,28,29,30,31,32,33,45,48,55,59,65,66,67,70,125,165,198,248,263,264,269,274,330,331,332,333,334,340,341,342,343,344,345,346,347,348,349,350,351,352,353,354,395,442,473,531,534,535,558,559,560,561,562,616,660,811,812,813,814,845,846,
469;1;9759;9774;0;0,2,5,6,8,9,15,16,17,18,19,20,21,22,23,24,25,26,27,28,29,30,31,32,33,45,48,55,59,65,66,67,70,125,165,198,248,263,264,269,274,330,331,332,333,334,340,341,342,343,344,345,346,347,348,349,350,351,352,353,354,395,442,473,531,534,535,558,559,560,561,562,616,660,811,812,813,814,845,846,
976;0;9774;9840;0;0,2,5,6,8,9,15,16,17,18,19,20,21,22,23,24,25,26,27,28,29,30,31,32,33,45,48,55,59,65,66,67,70,125,165,198,248,263,264,269,274,330,331,332,333,334,340,341,342,343,344,345,346,347,348,349,350,351,352,353,354,395,442,473,531,534,535,558,559,560,561,562,616,660,811,812,813,814,845,846,
351;0;9840;9908;1;0,2,5,6,8,9,15,16,17,18,19,20,21,22,23,24,25,26,27,28,29,30,31,32,33,45,48,55,59,65,66,67,70,125,165,198,248,263,264,269,274,330,331,332,333,334,340,341,342,343,344,345,346,347,348,349,350,351,352,353,354,395,442,473,531,534,535,558,559,560,561,562,616,660,811,812,813,814,845,846,
761;0;9908;9922;1;0,2,5,6,8,9,15,16,17,18,19,20,21,22,23,24,25,26,27,28,29,30,31,32,33,45,48,55,59,65,66,67,70,125,165,198,248,263,264,269,274,330,331,332,333,334,340,341,342,343,344,345,346,347,348,349,350,351,352,353,354,395,442,473,531,534,535,558,559,560,561,562,616,660,811,812,813,814,845,846,
746;0;9922;9937;0;0,2,5,6,8,9,15,16,17,18,19,20,21,22,23,24,25,26,27,28,29,30,31,32,33,45,48,55,59,65,66,67,70,125,165,198,248,263,264,269,274,330,331,332,333,334,340,341,342,343,344,345,346,347,348,349,350,351,352,353,354,395,442,473,531,534,535,558,559,560,561,562,616,660,811,812,813,814,845,846,
455;0;9937;9951;0;0,2,5,6,8,9,15,16,17,18,19,20,21,22,23,24,25,26,27,28,29,30,31,32,33,45,48,55,59,65,66,67,70,125,165,198,248,263,264,269,274,330,331,332,333,334,340,341,342,343,344,345,346,347,348,349,350,351,352,353,354,395,442,473,531,534,535,558,559,560,561,562,616,660,811,812,813,814,845,846,
270;0;9951;10002;1;0,2,5,6,8,9,15,16,17,18,19,20,21,22,23,24,25,26,27,28,29,30,31,32,33,45,48,55,59,65,66,67,70,125,165,198,248,263,264,269,274,330,331,332,333,334,340,341,342,343,344,345,346,347,348,349,350,351,352,353,354,395,442,473,531,534,535,558,559,560,561,562,616,660,811,812,813,814,845,846,
916;0;10002;10039;0;0,2,5,6,8,9,15,16,17,18,19,20,21,22,23,24,25,26,27,28,29,30,31,32,33,45,48,55,59,65,66,67,70,125,165,198,248,263,264,269,274,330,331,332,333,334,340,341,342,343,344,345,346,347,348,349,350,351,352,353,354,395,442,473,531,534,535,558,559,560,561,562,616,660,811,812,813,814,845,846,
425;0;10039;10054;0;0,2,5,6,8,9,15,16,17,18,19,20,21,22,23,24,25,26,27,28,29,30,31,32,33,45,48,55,59,65,66,67,70,125,165,198,248,263,264,269,274,330,331,332,333,334,340,341,342,343,344,345,346,347,348,349,350,351,352,353,354,395,442,473,531,534,535,558,559,560,561,562,616,660,811,812,813,814,845,846,
Machine: 3
867;0;0;156;1;0,7,8,23,24,29,30,32,33,39,48,148,155,210,213,214,215,217,223,248,249,259,283,320,362,368,406,407,408,409,410,411,412,413,414,415,416,417,418,425,480,484,493,538,539,540,541,542,571,572,573,574,575,576,577,578,579,580,581,604,651,657,661,938,1080,1202,1208,1263,1324,1325,1326,1327,1328,1329,1330,1331,1332,1333,1334,1335,
867;1;156;177;1;0,7,8,23,24,29,30,32,33,39,48,148,155,210,213,214,215,217,223,248,249,259,283,320,362,368,406,407,408,409,410,411,412,413,414,415,416,417,418,425,480,484,493,538,539,540,541,542,571,572,573,574,575,576,577,578,579,580,581,604,651,657,661,938,1080,1202,1208,1263,1324,1325,1326,1327,1328,1329,1330,1331,1332,1333,1334,1335,
399;0;177;199;0;0,7,8,23,24,29,30,32,33,39,48,148,155,210,213,214,215,217,223,248,249,259,283,320,362,368,406,407,408,409,410,411,412,413,414,415,416,417,418,425,480,484,493,538,539,540,541,542,571,572,573,574,575,576,577,578,579,580,581,604,651,657,661,938,1080,1202,1208,1263,1324,1325,1326,1327,1328,1329,1330,1331,1332,1333,1334,1335,
399;1;199;336;0;0,7,8,23,24,29,30,32,33,39,48,148,155,210,213,214,215,217,223,248,249,259,283,320,362,368,406,407,408,409,410,411,412,413,414,415,416,417,418,425,480,484,493,538,539,540,541,542,571,572,573,574,575,576,577,578,579,580,581,604,651,657,661,938,1080,1202,1208,1263,1324,1325,1326,1327,1328,1329,1330,1331,1332,1333,1334,1335,
527;0;336;451;1;0,7,8,23,24,29,30,32,33,39,48,148,155,210,213,214,215,217,223,248,249,259,283,320,362,368,406,407,408,409,410,411,412,413,414,415,416,417,418,425,480,484,493,538,539,540,541,542,571,572,573,574,575,576,577,578,579,580,581,604,651,657,661,938,1080,1202,1208,1263,1324,1325,1326,1327,1328,1329,1330,1331,1332,1333,1334,1335,
527;1;451;610;1;0,7,8,23,24,29,30,32,33,39,48,148,155,210,213,214,215,217,223,248,249,259,283,320,362,368,406,407,408,409,410,411,412,413,414,415,416,417,418,425,480,484,493,538,539,540,541,542,571,572,573,574,575,576,577,578,579,580,581,604,651,657,661,938,1080,1202,1208,1263,1324,1325,1326,1327,1328,1329,1330,1331,1332,1333,1334,1335,
480;0;610;618;1;0,7,8,23,24,29,30,32,33,39,48,148,155,210,213,214,215,217,223,248,249,259,283,320,362,368,406,407,408,409,410,411,412,413,414,415,416,417,418,425,480,484,493,538,539,540,541,542,571,572,573,574,575,576,577,578,579,580,581,604,651,657,661,938,1080,1202,1208,1263,1324,1325,1326,1327,1328,1329,1330,1331,1332,1333,1334,1335,
677;0;618;695;1;0,7,8,23,24,29,30,32,33,39,48,148,155,210,213,214,215,217,223,248,249,259,283,320,362,368,406,407,408,409,410,411,412,413,414,415,416,417,418,425,480,484,493,538,539,540,541,542,571,572,573,574,575,576,577,578,579,580,581,604,651,657,661,938,1080,1202,1208,1263,1324,1325,1326,1327,1328,1329,1330,1331,1332,1333,1334,1335,
677;1;695;716;1;0,7,8,23,24,29,30,32,33,39,48,148,155,210,213,214,215,217,223,248,249,259,283,320,362,368,406,407,408,409,410,411,412,413,414,415,416,417,418,425,480,484,493,538,539,540,541,542,571,572,573,574,575,576,577,578,579,580,581,604,651,657,661,938,1080,1202,1208,1263,1324,1325,1326,1327,1328,1329,1330,1331,1332,1333,1334,1335,
187;0;716;880;1;0,7,8,23,24,29,30,32,33,39,48,49,52,58,59,62,63,64,148,155,157,215,217,223,248,249,257,259,262,362,368,406,407,408,409,410,411,412,413,414,417,418,419,425,493,494,495,496,497,499,538,539,540,541,542,543,544,545,546,547,548,549,550,551,552,553,554,555,556,557,571,572,573,574,576,578,824,825,936,1243,
187;1;880;1031;1;0,7,8,23,24,29,30,32,33,39,48,49,52,58,59,62,63,64,148,155,157,215,217,223,248,249,257,259,262,362,368,406,407,408,409,410,411,412,413,414,417,418,419,425,493,494,495,496,497,499,538,539,540,541,542,543,544,545,546,547,548,549,550,551,552,553,554,555,556,557,571,572,573,574,576,578,824,825,936,1243,
211;0;1031;1075;1;0,7,8,23,24,29,30,32,33,39,48,49,52,58,59,62,63,64,148,155,157,215,217,223,248,249,257,259,262,362,368,406,407,408,409,410,411,412,413,414,417,418,419,425,493,494,495,496,497,499,538,539,540,541,542,543,544,545,546,547,548,549,550,551,552,553,554,555,556,557,571,572,573,574,576,578,824,825,936,1243,
712;0;1075;1119;0;0,7,8,23,24,29,30,32,33,39,48,49,52,58,59,62,63,64,148,155,157,215,217,223,248,249,257,259,262,362,368,406,407,408,409,410,411,412,413,414,417,418,419,425,493,494,495,496,497,499,538,539,540,541,542,543,544,545,546,547,548,549,550,551,552,553,554,555,556,557,571,572,573,574,576,578,824,825,936,1243,
712;1;1119;1163;0;0,7,8,23,24,29,30,32,33,39,48,49,52,58,59,62,63,64,148,155,157,215,217,223,248,249,257,259,262,362,368,406,407,408,409,410,411,412,413,414,417,418,419,425,493,494,495,496,497,499,538,539,540,541,542,543,544,545,546,547,548,549,550,551,552,553,554,555,556,557,571,572,573,574,576,578,824,825,936,1243,
259;0;1163;1237;0;0,7,8,23,24,29,30,32,33,39,48,49,52,58,59,62,63,64,148,155,157,215,217,223,248,249,257,259,262,362,368,406,407,408,409,410,411,412,413,414,417,418,419,425,493,494,495,496,497,499,538,539,540,541,542,543,544,545,546,547,548,549,550,551,552,553,554,555,556,557,571,572,573,574,576,578,824,825,936,1243,
259;1;1237;1281;0;0,7,8,23,24,29,30,32,33,39,48,49,52,58,59,62,63,64,148,155,157,215,217,223,248,249,257,259,262,362,368,406,407,408,409,410,411,412,413,414,417,418,419,425,493,494,495,496,497,499,538,539,540,541,542,543,544,545,546,547,548,549,550,551,552,553,554,555,556,557,571,572,573,574,576,578,824,825,936,1243,
142;0;1281;1315;0;0,7,8,23,24,29,30,32,33,39,48,49,52,58,59,62,63,64,148,155,157,215,217,223,248,249,257,259,262,362,368,406,407,408,409,410,411,412,413,414,417,418,419,425,493,494,495,496,497,499,538,539,540,541,542,543,544,545,546,547,548,549,550,551,552,553,554,555,556,557,571,572,573,574,576,578,824,825,936,1243,
142;1;1315;1324;0;0,7,8,23,24,29,30,32,33,39,48,49,52,58,59,62,63,64,148,155,157,215,217,223,248,249,257,259,262,362,368,406,407,408,409,410,411,412,413,414,417,418,419,425,493,494,495,496,497,499,538,539,540,541,542,543,544,545,546,547,548,549,550,551,552,553,554,555,556,557,571,572,573,574,576,578,824,825,936,1243,
724;0;1324;1461;1;0,7,8,23,24,29,30,32,33,39,48,49,52,58,59,62,63,64,148,155,157,215,217,223,248,249,257,259,262,362,368,406,407,408,409,410,411,412,413,414,417,418,419,425,493,494,495,496,497,499,538,539,540,541,542,543,544,545,546,547,548,549,550,551,552,553,554,555,556,557,571,572,573,574,576,578,824,825,936,1243,
724;1;1461;1566;1;0,7,8,23,24,29,30,32,33,39,48,49,52,58,59,62,63,64,148,155,157,215,217,223,248,249,257,259,262,362,368,406,407,408,409,410,411,412,413,414,417,418,419,425,493,494,495,496,497,499,538,539,540,541,542,543,544,545,546,547,548,549,550,551,552,553,554,555,556,557,571,572,573,574,576,578,824,825,936,1243,
616;0;1566;1610;0;0,7,8,23,24,29,30,32,33,39,48,49,52,58,59,62,63,64,148,155,157,215,217,223,248,249,257,259,262,362,368,406,407,408,409,410,411,412,413,414,417,418,419,425,493,494,495,496,497,499,538,539,540,541,542,543,544,545,546,547,548,549,550,551,552,553,554,555,556,557,571,572,573,574,576,578,824,825,936,1243,
297;0;1610;1640;1;0,7,8,15,23,24,29,30,32,33,36,37,38,39,40,41,48,49,52,58,59,62,63,64,148,155,157,215,223,239,248,249,257,259,262,268,270,271,272,273,275,278,357,358,359,360,361,362,363,364,365,366,367,368,369,370,371,372,373,374,375,376,377,378,379,409,412,413,425,493,538,540,541,542,571,572,573,574,576,578,
297;1;1640;1815;1;0,7,8,15,23,24,29,30,32,33,36,37,38,39,40,41,48,49,52,58,59,62,63,64,148,155,157,215,223,239,248,249,257,259,262,268,270,271,272,273,275,278,357,358,359,360,361,362,363,364,365,366,367,368,369,370,371,372,373,374,375,376,377,378,379,409,412,413,425,493,538,540,541,542,571,572,573,574,576,578,
164;0;1815;1891;1;0,1,2,3,4,5,6,7,8,9,15,23,24,29,30,31,32,33,36,37,38,39,40,41,43,44,45,46,47,48,49,50,51,52,53,54,55,56,57,58,59,60,61,62,63,64,65,125,155,157,248,249,257,259,268,270,359,361,362,363,366,369,409,412,413,493,540,541,542,571,572,573,574,576,578,711,802,803,804,805,
164;1;1891;2020;1;0,1,2,3,4,5,6,7,8,9,15,23,24,29,30,31,32,33,36,37,38,39,40,41,43,44,45,46,47,48,49,50,51,52,53,54,55,56,57,58,59,60,61,62,63,64,65,125,155,157,248,249,257,259,268,270,359,361,362,363,366,369,409,412,413,493,540,541,542,571,572,573,574,576,578,711,802,803,804,805,
528;0;2020;2030;0;0,1,2,3,4,5,6,7,8,9,15,23,24,29,30,31,32,33,36,37,38,39,40,41,43,44,45,46,47,48,49,50,51,52,53,54,55,56,57,58,59,60,61,62,63,64,65,155,157,248,249,257,259,268,269,270,359,361,362,363,369,409,412,413,493,540,541,542,571,572,573,574,576,578,597,598,599,600,601,602,
301;0;2030;2052;1;0,1,2,3,4,5,6,7,8,9,15,23,24,29,30,31,32,33,36,37,38,39,40,41,43,44,45,46,47,48,49,50,51,52,53,54,55,56,57,58,59,60,61,62,63,64,65,155,157,248,249,257,259,268,269,270,359,363,409,412,413,423,493,540,541,542,571,572,573,574,576,578,1100,1101,1102,1103,1104,1105,1106,1107,
114;0;2052;2173;1;0,1,2,3,4,5,6,7,8,9,15,16,17,18,19,23,24,29,30,31,32,33,34,36,37,38,39,40,41,43,44,45,46,47,48,49,50,51,52,53,54,55,56,57,58,59,60,61,62,63,64,65,129,140,154,155,156,157,158,159,160,161,162,163,164,199,363,399,403,504,675,677,749,750,751,752,1148,1341,1342,1343,
114;1;2173;2259;1;0,1,2,3,4,5,6,7,8,9,15,16,17,18,19,23,24,29,30,31,32,33,34,36,37,38,39,40,41,43,44,45,46,47,48,49,50,51,52,53,54,55,56,57,58,59,60,61,62,63,64,65,129,140,154,155,156,157,158,159,160,161,162,163,164,199,363,399,403,504,675,677,749,750,751,752,1148,1341,1342,1343,
969;0;2259;2273;0;0,1,2,3,4,5,6,7,8,9,15,16,17,18,19,23,24,29,30,31,32,33,34,36,37,38,39,40,41,43,44,45,46,47,48,49,50,51,52,53,54,55,56,57,58,59,60,61,62,63,64,65,129,140,154,155,156,157,158,159,160,161,162,163,164,199,363,399,403,504,675,677,749,750,751,752,1148,1341,1342,1343,
969;1;2273;2339;0;0,1,2,3,4,5,6,7,8,9,15,16,17,18,19,23,24,29,30,31,32,33,34,36,37,38,39,40,41,43,44,45,46,47,48,49,50,51,52,53,54,55,56,57,58,59,60,61,62,63,64,65,129,140,154,155,156,157,158,159,160,161,162,163,164,199,363,399,403,504,675,677,749,750,751,752,1148,1341,1342,1343,
402;0;2339;2491;0;0,1,2,3,4,5,6,7,8,9,15,16,17,18,19,23,24,29,30,31,32,33,34,36,37,38,39,40,41,43,44,45,46,47,48,49,50,51,52,53,54,55,56,57,58,59,60,61,62,63,64,65,129,140,154,155,156,157,158,159,160,161,162,163,164,199,363,399,403,504,675,677,749,750,751,752,1148,1341,1342,1343,
402;1;2491;2577;0;0,1,2,3,4,5,6,7,8,9,15,16,17,18,19,23,24,29,30,31,32,33,34,36,37,38,39,40,41,43,44,45,46,47,48,49,50,51,52,53,54,55,56,57,58,59,60,61,62,63,64,65,129,140,154,155,156,157,158,159,160,161,162,163,164,199,363,399,403,504,675,677,749,750,751,752,1148,1341,1342,1343,
540;0;2577;2657;1;0,1,2,3,4,5,6,7,8,9,15,16,17,18,19,23,24,29,30,31,32,33,34,36,37,38,39,40,41,43,44,45,46,47,48,49,50,51,52,53,54,55,56,57,58,59,60,61,62,63,64,65,129,140,154,155,156,157,158,159,160,161,162,163,164,199,363,399,403,504,675,677,749,750,751,752,1148,1341,1342,1343,
769;0;2657;2662;0;0,1,2,3,4,5,6,7,8,9,15,16,17,18,19,23,24,29,30,31,32,33,34,36,37,38,39,40,41,43,44,45,46,47,48,49,50,51,52,53,54,55,56,57,58,59,60,61,62,63,64,65,129,140,154,155,156,157,158,159,160,161,162,163,164,199,363,399,403,504,675,677,749,750,751,752,1148,1341,1342,1343,
769;1;2662;2692;0;0,1,2,3,4,5,6,7,8,9,15,16,17,18,19,23,24,29,30,31,32,33,34,36,37,38,39,40,41,43,44,45,46,47,48,49,50,51,52,53,54,55,56,57,58,59,60,61,62,63,64,65,129,140,154,155,156,157,158,159,160,161,162,163,164,199,363,399,403,504,675,677,749,750,751,752,1148,1341,1342,1343,
920;0;2692;2820;1;0,1,2,3,4,5,6,7,8,9,15,16,17,18,19,23,24,29,30,31,32,33,34,36,37,38,39,40,41,43,44,45,46,47,48,49,50,51,52,53,54,55,56,57,58,59,60,61,62,63,64,65,129,140,154,155,156,157,158,159,160,161,162,163,164,199,363,399,403,504,675,677,749,750,751,752,1148,1341,1342,1343,
797;0;2820;2958;1;0,1,2,3,4,5,6,7,8,9,15,16,17,18,19,23,24,29,30,31,32,33,34,36,37,38,39,40,41,43,44,45,46,47,48,49,50,51,52,53,54,55,56,57,58,59,60,61,62,63,64,65,129,140,154,155,156,157,158,159,160,161,162,163,164,199,363,399,403,504,675,677,749,750,751,752,1148,1341,1342,1343,
797;1;2958;3095;1;0,1,2,3,4,5,6,7,8,9,15,16,17,18,19,23,24,29,30,31,32,33,34,36,37,38,39,40,41,43,44,45,46,47,48,49,50,51,52,53,54,55,56,57,58,59,60,61,62,63,64,65,129,140,154,155,156,157,158,159,160,161,162,163,164,199,363,399,403,504,675,677,749,750,751,752,1148,1341,1342,1343,
600;0;3095;3223;1;0,1,2,3,4,5,6,7,8,9,15,16,17,18,19,23,24,29,30,31,32,33,34,36,37,38,39,40,41,43,44,45,46,47,48,49,50,51,52,53,54,55,56,57,58,59,60,61,62,63,64,65,129,140,154,155,156,157,158,159,160,161,162,163,164,199,363,399,403,504,675,677,749,750,751,752,1148,1341,1342,1343,
534;0;3223;3380;1;0,1,2,3,4,5,6,7,8,9,15,16,17,18,19,23,24,29,30,31,32,33,34,36,37,38,39,40,41,43,44,45,46,47,48,49,50,51,52,53,54,55,56,57,58,59,60,61,62,63,64,65,129,140,154,155,156,157,158,159,160,161,162,163,164,199,363,399,403,504,675,677,749,750,751,752,1148,1341,1342,1343,
534;1;3380;3460;1;0,1,2,3,4,5,6,7,8,9,15,16,17,18,19,23,24,29,30,31,32,33,34,36,37,38,39,40,41,43,44,45,46,47,48,49,50,51,52,53,54,55,56,57,58,59,60,61,62,63,64,65,129,140,154,155,156,157,158,159,160,161,162,163,164,199,363,399,403,504,675,677,749,750,751,752,1148,1341,1342,1343,
420;0;3460;3601;1;0,1,2,3,4,5,6,7,8,9,15,16,17,18,19,20,23,24,25,26,28,29,30,31,32,33,36,37,38,39,40,41,42,43,44,45,46,47,48,49,50,51,52,53,54,55,56,57,58,59,60,61,62,63,64,65,67,125,140,154,155,156,157,160,161,199,264,266,330,332,333,334,335,363,366,394,395,504,531,891,
550;0;3601;3742;1;0,1,2,3,4,5,6,7,8,9,15,16,17,18,19,20,23,24,25,26,28,29,30,31,32,33,36,37,38,39,40,41,42,43,44,45,46,47,48,49,50,51,52,53,54,55,56,57,58,59,60,61,62,63,64,65,67,125,140,154,155,156,157,160,161,199,264,266,330,332,333,334,335,363,366,394,395,504,531,891,
4;0;3742;3825;1;0,1,2,3,4,5,6,7,8,9,15,16,17,18,19,20,23,24,25,26,28,29,30,31,32,33,36,37,38,39,40,41,42,43,44,45,46,47,48,49,50,51,52,53,54,55,56,57,58,59,60,61,62,63,64,65,67,125,140,154,155,156,157,160,161,199,264,266,330,332,333,334,335,363,366,394,395,504,531,891,
4;1;3825;3922;1;0,1,2,3,4,5,6,7,8,9,15,16,17,18,19,20,23,24,25,26,28,29,30,31,32,33,36,37,38,39,40,41,42,43,44,45,46,47,48,49,50,51,52,53,54,55,56,57,58,59,60,61,62,63,64,65,67,125,140,154,155,156,157,160,161,199,264,266,330,332,333,334,335,363,366,394,395,504,531,891,
484;0;3922;3975;1;0,1,2,3,4,5,6,7,8,9,15,16,17,18,19,20,23,24,25,26,28,29,30,31,32,33,36,37,38,39,40,41,42,43,44,45,46,47,48,49,50,51,52,53,54,55,56,57,58,59,60,61,62,63,64,65,67,125,140,154,155,156,157,160,161,199,264,266,330,332,333,334,335,363,366,394,395,504,531,891,
484;1;3975;4023;1;0,1,2,3,4,5,6,7,8,9,15,16,17,18,19,20,23,24,25,26,28,29,30,31,32,33,36,37,38,39,40,41,42,43,44,45,46,47,48,49,50,51,52,53,54,55,56,57,58,59,60,61,62,63,64,65,67,125,140,154,155,156,157,160,161,199,264,266,330,332,333,334,335,363,366,394,395,504,531,891,
178;0;4023;4134;0;0,1,2,3,4,5,6,7,8,9,15,16,17,18,19,20,23,24,25,26,28,29,30,31,32,33,36,37,38,39,40,41,42,43,44,45,46,47,48,49,50,51,52,53,54,55,56,57,58,59,60,61,62,63,64,65,67,125,140,154,155,156,157,160,161,199,264,266,330,332,333,334,335,363,366,394,395,504,531,891,
507;0;4134;4306;1;0,1,2,3,4,5,6,7,8,9,15,16,17,18,19,20,23,24,25,26,28,29,30,31,32,33,36,37,38,39,40,41,42,43,44,45,46,47,48,49,50,51,52,53,54,55,56,57,58,59,60,61,62,63,64,65,67,125,140,154,155,156,157,160,161,199,264,266,330,332,333,334,335,363,366,394,395,504,531,891,
507;1;4306;4463;1;0,1,2,3,4,5,6,7,8,9,15,16,17,18,19,20,23,24,25,26,28,29,30,31,32,33,36,37,38,39,40,41,42,43,44,45,46,47,48,49,50,51,52,53,54,55,56,57,58,59,60,61,62,63,64,65,67,125,140,154,155,156,157,160,161,199,264,266,330,332,333,334,335,363,366,394,395,504,531,891,
614;0;4463;4627;1;0,1,2,3,4,5,6,7,8,9,15,16,17,18,19,20,23,24,25,26,28,29,30,31,32,33,36,37,38,39,40,41,42,43,44,45,46,47,48,49,50,51,52,53,54,55,56,57,58,59,60,61,62,63,64,65,67,125,140,154,155,156,157,160,161,199,264,266,330,332,333,334,335,363,366,394,395,504,531,891,
614;1;4627;4775;1;0,1,2,3,4,5,6,7,8,9,15,16,17,18,19,20,23,24,25,26,28,29,30,31,32,33,36,37,38,39,40,41,42,43,44,45,46,47,48,49,50,51,52,53,54,55,56,57,58,59,60,61,62,63,64,65,67,125,140,154,155,156,157,160,161,199,264,266,330,332,333,334,335,363,366,394,395,504,531,891,
294;0;4775;4779;1;0,1,2,3,4,5,6,7,8,9,15,16,18,20,23,28,29,30,31,32,33,37,38,39,43,44,45,46,47,48,49,50,51,52,53,54,55,58,59,62,63,64,65,67,124,140,148,160,161,223,239,332,363,366,370,371,372,670,836,897,908,910,1079,1080,1081,1082,1083,1084,1085,1086,1087,1088,1089,1090,1091,1092,1093,1094,1095,1096,
294;1;4779;4943;1;0,1,2,3,4,5,6,7,8,9,15,16,18,20,23,28,29,30,31,32,33,37,38,39,43,44,45,46,47,48,49,50,51,52,53,54,55,58,59,62,63,64,65,67,124,140,148,160,161,223,239,332,363,366,370,371,372,670,836,897,908,910,1079,1080,1081,1082,1083,1084,1085,1086,1087,1088,1089,1090,1091,1092,1093,1094,1095,1096,
597;0;4943;5016;1;0,1,2,3,4,5,6,7,8,9,15,16,18,20,21,23,28,29,30,31,32,33,38,39,43,44,45,46,47,48,49,52,55,58,59,62,63,64,65,67,78,87,106,124,133,148,223,237,238,239,240,332,337,363,370,371,372,428,532,670,711,836,859,889,897,908,910,1264,1265,1266,1267,1268,1269,1270,1271,1272,1273,1274,1275,1289,
597;1;5016;5171;1;0,1,2,3,4,5,6,7,8,9,15,16,18,20,21,23,28,29,30,31,32,33,38,39,43,44,45,46,47,48,49,52,55,58,59,62,63,64,65,67,78,87,106,124,133,148,223,237,238,239,240,332,337,363,370,371,372,428,532,670,711,836,859,889,897,908,910,1264,1265,1266,1267,1268,1269,1270,1271,1272,1273,1274,1275,1289,
417;0;5171;5339;1;0,1,2,3,4,5,6,7,8,9,15,16,18,20,21,23,28,29,30,31,32,33,38,39,43,44,45,46,47,48,49,52,55,58,59,62,63,64,65,67,78,87,106,124,133,148,223,237,238,239,240,332,337,363,370,371,372,428,532,670,711,836,859,889,897,908,910,1264,1265,1266,1267,1268,1269,1270,1271,1272,1273,1274,1275,1289,
417;1;5339;5344;1;0,1,2,3,4,5,6,7,8,9,15,16,18,20,21,23,28,29,30,31,32,33,38,39,43,44,45,46,47,48,49,52,55,58,59,62,63,64,65,67,78,87,106,124,133,148,223,237,238,239,240,332,337,363,370,371,372,428,532,670,711,836,859,889,897,908,910,1264,1265,1266,1267,1268,1269,1270,1271,1272,1273,1274,1275,1289,
594;0;5344;5377;1;0,1,2,3,4,5,6,7,8,9,15,16,18,20,21,23,28,29,30,31,32,33,38,39,43,44,45,46,47,48,49,52,55,58,59,62,63,64,65,67,78,87,106,124,133,148,223,237,238,239,240,332,337,363,370,371,372,428,532,670,711,836,859,889,897,908,910,1264,1265,1266,1267,1268,1269,1270,1271,1272,1273,1274,1275,1289,
594;1;5377;5530;1;0,1,2,3,4,5,6,7,8,9,15,16,18,20,21,23,28,29,30,31,32,33,38,39,43,44,45,46,47,48,49,52,55,58,59,62,63,64,65,67,78,87,106,124,133,148,223,237,238,239,240,332,337,363,370,371,372,428,532,670,711,836,859,889,897,908,910,1264,1265,1266,1267,1268,1269,1270,1271,1272,1273,1274,1275,1289,
547;0;5530;5607;1;0,1,2,3,4,5,6,7,8,9,15,16,18,20,21,23,28,29,30,31,32,33,38,39,43,44,45,46,47,48,49,52,55,58,59,62,63,64,65,67,78,87,106,124,133,148,223,237,238,239,240,332,337,363,370,371,372,428,532,670,711,836,859,889,897,908,910,1264,1265,1266,1267,1268,1269,1270,1271,1272,1273,1274,1275,1289,
547;1;5607;5745;1;0,1,2,3,4,5,6,7,8,9,15,16,18,20,21,23,28,29,30,31,32,33,38,39,43,44,45,46,47,48,49,52,55,58,59,62,63,64,65,67,78,87,106,124,133,148,223,237,238,239,240,332,337,363,370,371,372,428,532,670,711,836,859,889,897,908,910,1264,1265,1266,1267,1268,1269,1270,1271,1272,1273,1274,1275,1289,
333;0;5745;5904;1;0,1,2,3,4,5,6,7,8,9,15,16,18,20,21,23,28,29,30,31,32,33,38,39,43,44,45,46,47,48,49,52,55,58,59,62,63,64,65,67,78,87,106,124,133,148,223,237,238,239,240,332,337,363,370,371,372,428,532,670,711,836,859,889,897,908,910,1264,1265,1266,1267,1268,1269,1270,1271,1272,1273,1274,1275,1289,
204;0;5904;5908;1;0,1,2,3,4,5,6,7,8,9,15,16,18,20,21,23,29,30,31,32,33,38,39,43,44,45,46,47,48,49,52,55,58,59,62,63,64,65,106,124,133,148,223,239,332,337,357,359,363,370,371,372,532,534,670,836,837,889,897,898,899,900,901,902,903,904,905,906,907,908,909,910,911,912,913,914,915,916,917,918,
204;1;5908;5987;1;0,1,2,3,4,5,6,7,8,9,15,16,18,20,21,23,29,30,31,32,33,38,39,43,44,45,46,47,48,49,52,55,58,59,62,63,64,65,106,124,133,148,223,239,332,337,357,359,363,370,371,372,532,534,670,836,837,889,897,898,899,900,901,902,903,904,905,906,907,908,909,910,911,912,913,914,915,916,917,918,
684;0;5987;6064;1;0,1,2,3,4,5,6,7,8,9,15,16,18,20,21,23,29,30,31,32,33,38,39,43,44,45,46,47,48,49,52,55,58,59,62,63,64,65,106,124,133,148,223,239,332,337,357,359,363,370,371,372,532,534,670,836,837,889,897,898,899,900,901,902,903,904,905,906,907,908,909,910,911,912,913,914,915,916,917,918,
684;1;6064;6223;1;0,1,2,3,4,5,6,7,8,9,15,16,18,20,21,23,29,30,31,32,33,38,39,43,44,45,46,47,48,49,52,55,58,59,62,63,64,65,106,124,133,148,223,239,332,337,357,359,363,370,371,372,532,534,670,836,837,889,897,898,899,900,901,902,903,904,905,906,907,908,909,910,911,912,913,914,915,916,917,918,
551;0;6223;6302;1;0,1,2,3,4,5,6,7,8,9,15,16,18,20,21,23,29,30,31,32,33,38,39,43,44,45,46,47,48,49,52,55,58,59,62,63,64,65,106,124,133,148,223,239,332,337,357,359,363,370,371,372,532,534,670,836,837,889,897,898,899,900,901,902,903,904,905,906,907,908,909,910,911,912,913,914,915,916,917,918,
174;0;6302;6417;1;0,1,2,3,4,5,6,7,8,9,16,20,29,30,31,32,33,35,43,44,45,46,47,48,49,50,51,52,53,54,55,56,57,58,59,60,61,62,63,64,65,106,125,133,180,196,215,249,256,257,259,415,425,487,488,489,490,491,492,538,571,578,666,669,670,815,955,1132,1133,1135,1136,1137,1192,1212,1213,1214,1215,1216,1241,1246,
174;1;6417;6493;1;0,1,2,3,4,5,6,7,8,9,16,20,29,30,31,32,33,35,43,44,45,46,47,48,49,50,51,52,53,54,55,56,57,58,59,60,61,62,63,64,65,106,125,133,180,196,215,249,256,257,259,415,425,487,488,489,490,491,492,538,571,578,666,669,670,815,955,1132,1133,1135,1136,1137,1192,1212,1213,1214,1215,1216,1241,1246,
837;0;6493;6548;1;0,1,2,3,4,5,6,7,8,9,16,20,29,30,31,32,33,35,43,44,45,46,47,48,49,50,51,52,53,54,55,56,57,58,59,60,61,62,63,64,65,106,125,133,180,196,215,249,256,257,259,415,425,487,488,489,490,491,492,538,571,578,666,669,670,815,955,1132,1133,1135,1136,1137,1192,1212,1213,1214,1215,1216,1241,1246,
837;1;6548;6587;1;0,1,2,3,4,5,6,7,8,9,16,20,29,30,31,32,33,35,43,44,45,46,47,48,49,50,51,52,53,54,55,56,57,58,59,60,61,62,63,64,65,106,125,133,180,196,215,249,256,257,259,415,425,487,488,489,490,491,492,538,571,578,666,669,670,815,955,1132,1133,1135,1136,1137,1192,1212,1213,1214,1215,1216,1241,1246,
762;0;6587;6612;0;0,1,2,3,4,5,6,7,8,9,16,20,29,30,31,32,33,35,43,44,45,46,47,48,49,50,51,52,53,54,55,56,57,58,59,60,61,62,63,64,65,106,125,133,180,196,215,249,256,257,259,415,425,487,488,489,490,491,492,538,571,578,666,669,670,815,955,1132,1133,1135,1136,1137,1192,1212,1213,1214,1215,1216,1241,1246,
762;1;6612;6660;0;0,1,2,3,4,5,6,7,8,9,16,20,29,30,31,32,33,35,43,44,45,46,47,48,49,50,51,52,53,54,55,56,57,58,59,60,61,62,63,64,65,106,125,133,180,196,215,249,256,257,259,415,425,487,488,489,490,491,492,538,571,578,666,669,670,815,955,1132,1133,1135,1136,1137,1192,1212,1213,1214,1215,1216,1241,1246,
383;0;6660;6771;1;0,1,2,3,4,5,6,7,8,9,16,20,29,30,31,32,33,35,43,44,45,46,47,48,49,50,51,52,53,54,55,56,57,58,59,60,61,62,63,64,65,106,125,133,180,196,215,249,256,257,259,415,425,487,488,489,490,491,492,538,571,578,666,669,670,815,955,1132,1133,1135,1136,1137,1192,1212,1213,1214,1215,1216,1241,1246,
471;0;6771;6868;1;0,1,2,3,4,5,6,7,8,9,16,20,29,30,31,32,33,35,43,44,45,46,47,48,49,50,51,52,53,54,55,56,57,58,59,60,61,62,63,64,65,106,125,133,180,196,215,249,256,257,259,415,425,487,488,489,490,491,492,538,571,578,666,669,670,815,955,1132,1133,1135,1136,1137,1192,1212,1213,1214,1215,1216,1241,1246,
392;0;6868;6977;0;0,1,2,3,4,5,6,7,8,9,16,20,29,30,31,32,33,35,43,44,45,46,47,48,49,50,51,52,53,54,55,56,57,58,59,60,61,62,63,64,65,106,125,133,180,196,215,249,256,257,259,415,425,487,488,489,490,491,492,538,571,578,666,669,670,815,955,1132,1133,1135,1136,1137,1192,1212,1213,1214,1215,1216,1241,1246,
392;1;6977;7016;0;0,1,2,3,4,5,6,7,8,9,16,20,29,30,31,32,33,35,43,44,45,46,47,48,49,50,51,52,53,54,55,56,57,58,59,60,61,62,63,64,65,106,125,133,180,196,215,249,256,257,259,415,425,487,488,489,490,491,492,538,571,578,666,669,670,815,955,1132,1133,1135,1136,1137,1192,1212,1213,1214,1215,1216,1241,1246,
222;0;7016;7061;0;0,1,2,3,4,5,6,7,8,9,16,20,29,30,31,32,33,35,43,44,45,46,47,48,49,50,51,52,53,54,55,56,57,58,59,60,61,62,63,64,65,106,125,133,180,196,215,249,256,257,259,415,425,487,488,489,490,491,492,538,571,578,666,669,670,815,955,1132,1133,1135,1136,1137,1192,1212,1213,1214,1215,1216,1241,1246,
222;1;7061;7102;0;0,1,2,3,4,5,6,7,8,9,16,20,29,30,31,32,33,35,43,44,45,46,47,48,49,50,51,52,53,54,55,56,57,58,59,60,61,62,63,64,65,106,125,133,180,196,215,249,256,257,259,415,425,487,488,489,490,491,492,538,571,578,666,669,670,815,955,1132,1133,1135,1136,1137,1192,1212,1213,1214,1215,1216,1241,1246,
757;0;7102;7267;1;0,1,2,3,4,5,6,7,8,9,16,20,29,30,31,32,33,35,43,44,45,46,47,48,49,50,51,52,53,54,55,56,57,58,59,60,61,62,63,64,65,106,125,133,180,196,215,249,256,257,259,415,425,487,488,489,490,491,492,538,571,578,666,669,670,815,955,1132,1133,1135,1136,1137,1192,1212,1213,1214,1215,1216,1241,1246,
757;1;7267;7368;1;0,1,2,3,4,5,6,7,8,9,16,20,29,30,31,32,33,35,43,44,45,46,47,48,49,50,51,52,53,54,55,56,57,58,59,60,61,62,63,64,65,106,125,133,180,196,215,249,256,257,259,415,425,487,488,489,490,491,492,538,571,578,666,669,670,815,955,1132,1133,1135,1136,1137,1192,1212,1213,1214,1215,1216,1241,1246,
790;0;7368;7465;1;0,1,2,3,4,5,6,7,8,9,16,20,29,30,31,32,33,35,43,44,45,46,47,48,49,50,51,52,53,54,55,56,57,58,59,60,61,62,63,64,65,106,125,133,180,196,215,249,256,257,259,415,425,487,488,489,490,491,492,538,571,578,666,669,670,815,955,1132,1133,1135,1136,1137,1192,1212,1213,1214,1215,1216,1241,1246,
190;0;7465;7622;1;0,1,2,3,4,5,6,7,8,9,16,20,29,30,31,32,33,35,43,44,45,46,47,48,49,50,51,52,53,54,55,56,57,58,59,60,61,62,63,64,65,106,125,133,180,196,215,249,256,257,259,415,425,487,488,489,490,491,492,538,571,578,666,669,670,815,955,1132,1133,1135,1136,1137,1192,1212,1213,1214,1215,1216,1241,1246,
151;0;7622;7747;1;0,1,2,3,4,5,6,7,8,9,16,20,29,30,31,32,33,35,43,44,45,46,47,48,49,50,51,52,53,54,55,56,57,58,59,60,61,62,63,64,65,106,125,133,180,196,215,249,256,257,259,415,425,487,488,489,490,491,492,538,571,578,666,669,670,815,955,1132,1133,1135,1136,1137,1192,1212,1213,1214,1215,1216,1241,1246,
177;0;7747;7751;1;0,1,2,3,4,5,6,7,8,9,16,17,20,29,30,31,32,33,43,44,45,46,47,48,49,50,51,52,53,54,55,56,57,58,59,60,61,62,63,64,65,68,106,125,133,180,196,215,249,256,257,259,264,265,266,267,271,274,275,330,394,395,487,488,489,538,558,562,571,649,650,651,652,653,654,655,656,657,658,659,
177;1;7751;7786;1;0,1,2,3,4,5,6,7,8,9,16,17,20,29,30,31,32,33,43,44,45,46,47,48,49,50,51,52,53,54,55,56,57,58,59,60,61,62,63,64,65,68,106,125,133,180,196,215,249,256,257,259,264,265,266,267,271,274,275,330,394,395,487,488,489,538,558,562,571,649,650,651,652,653,654,655,656,657,658,659,
80;0;7786;7821;1;0,1,2,3,4,5,6,7,8,9,16,17,20,29,30,31,32,33,43,44,45,46,47,48,49,50,51,52,53,54,55,56,57,58,59,60,61,62,63,64,65,68,106,125,133,180,196,215,249,256,257,259,264,265,266,267,271,274,275,330,394,395,487,488,489,538,558,562,571,649,650,651,652,653,654,655,656,657,658,659,
708;0;7821;7827;0;0,1,2,3,4,5,6,7,8,9,16,17,20,29,30,31,32,33,43,44,45,46,47,48,49,50,51,52,53,54,55,56,57,58,59,60,61,62,63,64,65,68,106,125,133,180,196,215,249,256,257,259,264,265,266,267,271,274,275,330,394,395,487,488,489,538,558,562,571,649,650,651,652,653,654,655,656,657,658,659,
321;0;7827;7877;1;0,1,2,3,4,5,6,7,8,9,16,17,20,29,30,31,32,33,43,44,45,46,47,48,49,50,51,52,53,54,55,56,57,58,59,60,61,62,63,64,65,68,106,125,133,180,196,215,249,256,257,259,264,265,266,267,271,274,275,330,394,395,487,488,489,538,558,562,571,649,650,651,652,653,654,655,656,657,658,659,
973;0;7877;7906;1;0,1,2,3,4,5,6,7,8,9,16,17,20,29,30,31,32,33,43,44,45,46,47,48,49,50,51,52,53,54,55,56,57,58,59,60,61,62,63,64,65,68,106,125,133,180,196,215,249,256,257,259,264,265,266,267,271,274,275,330,394,395,487,488,489,538,558,562,571,649,650,651,652,653,654,655,656,657,658,659,
983;0;7906;8004;1;0,1,2,3,4,5,6,7,8,9,10,11,12,13,14,29,30,31,32,33,43,44,45,46,47,48,49,50,51,52,53,54,55,56,57,58,59,60,61,62,63,64,65,73,125,133,172,178,179,180,181,182,183,184,185,186,187,188,189,190,191,192,196,257,488,489,538,591,753,754,755,756,757,758,759,811,812,813,814,1348,
122;0;8004;8152;0;0,1,2,3,4,5,6,7,8,9,10,11,12,13,14,29,30,31,32,33,43,44,45,46,47,48,49,50,51,52,53,54,55,56,57,58,59,60,61,62,63,64,65,73,125,133,172,178,179,180,181,182,183,184,185,186,187,188,189,190,191,192,196,257,488,489,538,591,753,754,755,756,757,758,759,811,812,813,814,1348,
122;1;8152;8230;0;0,1,2,3,4,5,6,7,8,9,10,11,12,13,14,29,30,31,32,33,43,44,45,46,47,48,49,50,51,52,53,54,55,56,57,58,59,60,61,62,63,64,65,73,125,133,172,178,179,180,181,182,183,184,185,186,187,188,189,190,191,192,196,257,488,489,538,591,753,754,755,756,757,758,759,811,812,813,814,1348,
864;0;8230;8305;1;0,1,2,3,4,5,6,7,8,9,10,11,12,13,14,29,30,31,32,33,43,44,45,46,47,48,49,50,51,52,53,54,55,56,57,58,59,60,61,62,63,64,65,73,125,133,172,178,179,180,181,182,183,184,185,186,187,188,189,190,191,192,196,257,488,489,538,591,753,754,755,756,757,758,759,811,812,813,814,1348,
864;1;8305;8351;1;0,1,2,3,4,5,6,7,8,9,10,11,12,13,14,29,30,31,32,33,43,44,45,46,47,48,49,50,51,52,53,54,55,56,57,58,59,60,61,62,63,64,65,73,125,133,172,178,179,180,181,182,183,184,185,186,187,188,189,190,191,192,196,257,488,489,538,591,753,754,755,756,757,758,759,811,812,813,814,1348,
591;0;8351;8371;1;0,1,2,3,4,5,6,7,8,9,10,11,12,13,14,29,30,31,32,33,43,44,45,46,47,48,49,50,51,52,53,54,55,56,57,58,59,60,61,62,63,64,65,73,125,133,172,178,179,180,181,182,183,184,185,186,187,188,189,190,191,192,196,257,488,489,538,591,753,754,755,756,757,758,759,811,812,813,814,1348,
940;0;8371;8489;1;0,1,2,3,4,5,6,7,8,9,10,11,12,13,14,29,30,31,32,33,43,44,45,46,47,48,49,50,51,52,53,54,55,56,57,58,59,60,61,62,63,64,65,73,125,133,172,178,179,180,181,182,183,184,185,186,187,188,189,190,191,192,196,257,488,489,538,591,753,754,755,756,757,758,759,811,812,813,814,1348,
720;0;8489;8535;1;0,1,2,3,4,5,6,7,8,9,10,11,12,13,14,29,30,31,32,33,43,44,45,46,47,48,49,50,51,52,53,54,55,56,57,58,59,60,61,62,63,64,65,73,125,133,172,178,179,180,181,182,183,184,185,186,187,188,189,190,191,192,196,257,488,489,538,591,753,754,755,756,757,758,759,811,812,813,814,1348,
198;0;8535;8611;0;0,1,2,3,4,5,6,7,8,9,10,11,12,13,14,29,30,31,32,33,43,44,45,46,47,48,49,50,51,52,53,54,55,56,57,58,59,60,61,62,63,64,65,73,125,133,172,178,179,180,181,182,183,184,185,186,187,188,189,190,191,192,196,257,488,489,538,591,753,754,755,756,757,758,759,811,812,813,814,1348,
734;0;8611;8762;1;0,1,2,3,4,5,6,7,8,9,10,11,12,13,14,29,30,31,32,33,43,44,45,46,47,48,49,50,51,52,53,54,55,56,57,58,59,60,61,62,63,64,65,73,125,133,172,178,179,180,181,182,183,184,185,186,187,188,189,190,191,192,196,257,488,489,538,591,753,754,755,756,757,758,759,811,812,813,814,1348,
734;1;8762;8860;1;0,1,2,3,4,5,6,7,8,9,10,11,12,13,14,29,30,31,32,33,43,44,45,46,47,48,49,50,51,52,53,54,55,56,57,58,59,60,61,62,63,64,65,73,125,133,172,178,179,180,181,182,183,184,185,186,187,188,189,190,191,192,196,257,488,489,538,591,753,754,755,756,757,758,759,811,812,813,814,1348,
357;0;8860;8913;1;0,1,2,3,4,5,6,7,8,9,10,11,12,13,14,29,30,31,32,33,43,44,45,46,47,48,49,50,51,52,53,54,55,56,57,58,59,60,61,62,63,64,65,73,125,133,172,178,179,180,181,182,183,184,185,186,187,188,189,190,191,192,196,257,488,489,538,591,753,754,755,756,757,758,759,811,812,813,814,1348,
357;1;8913;8937;1;0,1,2,3,4,5,6,7,8,9,10,11,12,13,14,29,30,31,32,33,43,44,45,46,47,48,49,50,51,52,53,54,55,56,57,58,59,60,61,62,63,64,65,73,125,133,172,178,179,180,181,182,183,184,185,186,187,188,189,190,191,192,196,257,488,489,538,591,753,754,755,756,757,758,759,811,812,813,814,1348,
440;0;8937;8957;1;0,1,2,3,4,5,6,7,8,9,10,11,12,13,14,29,30,31,32,33,43,44,45,46,47,48,49,50,51,52,53,54,55,56,57,58,59,60,61,62,63,64,65,73,125,133,172,178,179,180,181,182,183,184,185,186,187,188,189,190,191,192,196,257,488,489,538,591,753,754,755,756,757,758,759,811,812,813,814,1348,
890;0;8957;9033;1;0,1,2,3,4,5,6,7,8,9,10,11,12,13,14,29,30,31,32,33,43,44,45,46,47,48,49,50,51,52,53,54,55,56,57,58,59,60,61,62,63,64,65,73,125,133,172,178,179,180,181,182,183,184,185,186,187,188,189,190,191,192,196,257,488,489,538,591,753,754,755,756,757,758,759,811,812,813,814,1348,
991;0;9033;9079;1;0,1,2,3,4,5,6,7,8,9,10,11,12,13,14,29,30,31,32,33,43,44,45,46,47,48,49,50,51,52,53,54,55,56,57,58,59,60,61,62,63,64,65,73,125,133,172,178,179,180,181,182,183,184,185,186,187,188,189,190,191,192,196,257,488,489,538,591,753,754,755,756,757,758,759,811,812,813,814,1348,
0;0;9079;9230;1;0,1,2,3,4,5,6,7,8,9,10,11,12,13,14,29,30,31,32,33,43,44,45,46,47,48,49,50,51,52,53,54,55,56,57,58,59,60,61,62,63,64,65,73,125,133,172,178,179,180,181,182,183,184,185,186,187,188,189,190,191,192,196,257,488,489,538,591,753,754,755,756,757,758,759,811,812,813,814,1348,
0;1;9230;9276;1;0,1,2,3,4,5,6,7,8,9,10,11,12,13,14,29,30,31,32,33,43,44,45,46,47,48,49,50,51,52,53,54,55,56,57,58,59,60,61,62,63,64,65,73,125,133,172,178,179,180,181,182,183,184,185,186,187,188,189,190,191,192,196,257,488,489,538,591,753,754,755,756,757,758,759,811,812,813,814,1348,
147;0;9276;9336;1;0,1,2,3,4,5,6,7,8,9,12,29,30,31,32,33,43,44,45,46,47,48,49,50,51,52,53,54,55,56,57,58,59,60,61,62,63,64,65,73,78,125,127,133,172,178,179,180,181,182,183,184,185,186,187,188,189,190,191,192,442,506,507,508,509,510,511,591,660,753,754,755,756,757,758,759,1097,1098,1099,1219,
147;1;9336;9361;1;0,1,2,3,4,5,6,7,8,9,12,29,30,31,32,33,43,44,45,46,47,48,49,50,51,52,53,54,55,56,57,58,59,60,61,62,63,64,65,73,78,125,127,133,172,178,179,180,181,182,183,184,185,186,187,188,189,190,191,192,442,506,507,508,509,510,511,591,660,753,754,755,756,757,758,759,1097,1098,1099,1219,
424;0;9361;9433;1;0,1,2,3,4,5,6,7,8,9,12,29,30,31,32,33,43,44,45,46,47,48,49,50,51,52,53,54,55,56,57,58,59,60,61,62,63,64,65,73,78,125,127,133,172,178,179,180,181,182,183,184,185,186,187,188,189,190,191,192,442,506,507,508,509,510,511,591,660,753,754,755,756,757,758,759,1097,1098,1099,1219,
424;1;9433;9520;1;0,1,2,3,4,5,6,7,8,9,12,29,30,31,32,33,43,44,45,46,47,48,49,50,51,52,53,54,55,56,57,58,59,60,61,62,63,64,65,73,78,125,127,133,172,178,179,180,181,182,183,184,185,186,187,188,189,190,191,192,442,506,507,508,509,510,511,591,660,753,754,755,756,757,758,759,1097,1098,1099,1219,
941;0;9520;9550;1;0,1,2,3,4,5,6,7,8,9,12,29,30,31,32,33,43,44,45,46,47,48,49,50,51,52,53,54,55,56,57,58,59,60,61,62,63,64,65,73,78,125,127,133,172,178,179,180,181,182,183,184,185,186,187,188,189,190,191,192,442,506,507,508,509,510,511,591,660,753,754,755,756,757,758,759,1097,1098,1099,1219,
621;0;9550;9661;1;0,1,2,3,4,5,6,7,8,9,12,29,30,31,32,33,43,44,45,46,47,48,49,50,51,52,53,54,55,56,57,58,59,60,61,62,63,64,65,73,78,125,127,133,172,178,179,180,181,182,183,184,185,186,187,188,189,190,191,192,442,506,507,508,509,510,511,591,660,753,754,755,756,757,758,759,1097,1098,1099,1219,
633;0;9661;9681;1;0,1,2,3,4,5,6,7,8,9,12,29,30,31,32,33,43,44,45,46,47,48,49,50,51,52,53,54,55,56,57,58,59,60,61,62,63,64,65,73,78,125,127,133,172,178,179,180,181,182,183,184,185,186,187,188,189,190,191,192,442,506,507,508,509,510,511,591,660,753,754,755,756,757,758,759,1097,1098,1099,1219,
26;0;9681;9725;0;0,1,2,3,4,5,6,7,8,9,12,29,30,31,32,33,43,44,45,46,47,48,49,50,51,52,53,54,55,56,57,58,59,60,61,62,63,64,65,73,78,125,127,133,172,178,179,180,181,182,183,184,185,186,187,188,189,190,191,192,442,506,507,508,509,510,511,591,660,753,754,755,756,757,758,759,1097,1098,1099,1219,
831;0;9725;9771;1;0,1,2,3,4,5,6,7,8,9,12,29,30,31,32,33,43,44,45,46,47,48,49,50,51,52,53,54,55,56,57,58,59,60,61,62,63,64,65,73,78,125,127,133,172,178,179,180,181,182,183,184,185,186,187,188,189,190,191,192,442,506,507,508,509,510,511,591,660,753,754,755,756,757,758,759,1097,1098,1099,1219,
651;0;9771;9786;1;0,1,2,3,4,5,6,7,8,9,12,29,30,31,32,33,43,44,45,46,47,48,49,50,51,52,53,54,55,56,57,58,59,60,61,62,63,64,65,73,78,125,127,133,172,178,179,180,181,182,183,184,185,186,187,188,189,190,191,192,442,506,507,508,509,510,511,591,660,753,754,755,756,757,758,759,1097,1098,1099,1219,
721;0;9786;9806;1;0,1,2,3,4,5,6,7,8,9,12,29,30,31,32,33,43,44,45,46,47,48,49,50,51,52,53,54,55,56,57,58,59,60,61,62,63,64,65,73,78,125,127,133,172,178,179,180,181,182,183,184,185,186,187,188,189,190,191,192,442,506,507,508,509,510,511,591,660,753,754,755,756,757,758,759,1097,1098,1099,1219,
314;0;9806;9968;1;0,1,2,3,4,5,6,7,8,9,12,29,30,31,32,33,43,44,45,46,47,48,49,50,51,52,53,54,55,56,57,58,59,60,61,62,63,64,65,73,78,125,127,133,172,178,179,180,181,182,183,184,185,186,187,188,189,190,191,192,442,506,507,508,509,510,511,591,660,753,754,755,756,757,758,759,1097,1098,1099,1219,
314;1;9968;10016;1;0,1,2,3,4,5,6,7,8,9,12,29,30,31,32,33,43,44,45,46,47,48,49,50,51,52,53,54,55,56,57,58,59,60,61,62,63,64,65,73,78,125,127,133,172,178,179,180,181,182,183,184,185,186,187,188,189,190,191,192,442,506,507,508,509,510,511,591,660,753,754,755,756,757,758,759,1097,1098,1099,1219,
781;0;10016;10046;1;0,1,2,3,4,5,6,7,8,9,12,29,30,31,32,33,43,44,45,46,47,48,49,50,51,52,53,54,55,56,57,58,59,60,61,62,63,64,65,73,78,125,127,133,172,178,179,180,181,182,183,184,185,186,187,188,189,190,191,192,442,506,507,508,509,510,511,591,660,753,754,755,756,757,758,759,1097,1098,1099,1219,
15;0;10046;10070;0;0,1,2,3,4,5,6,7,8,9,12,29,30,31,32,33,43,44,45,46,47,48,49,50,51,52,53,54,55,56,57,58,59,60,61,62,63,64,65,73,78,125,127,133,172,178,179,180,181,182,183,184,185,186,187,188,189,190,191,192,442,506,507,508,509,510,511,591,660,753,754,755,756,757,758,759,1097,1098,1099,1219,
Machine: 4
117;0;0;164;1;0,1,2,3,4,5,6,7,8,9,29,30,31,32,33,43,44,45,46,47,49,51,52,55,56,58,59,63,64,125,127,133,153,193,194,195,196,197,198,199,200,201,202,203,204,205,260,262,355,396,397,398,399,400,401,402,403,404,405,437,506,517,518,591,750,768,769,770,771,772,773,774,775,776,777,863,864,1076,1077,1078,
117;1;164;299;1;0,1,2,3,4,5,6,7,8,9,29,30,31,32,33,43,44,45,46,47,49,51,52,55,56,58,59,63,64,125,127,133,153,193,194,195,196,197,198,199,200,201,202,203,204,205,260,262,355,396,397,398,399,400,401,402,403,404,405,437,506,517,518,591,750,768,769,770,771,772,773,774,775,776,777,863,864,1076,1077,1078,
704;0;299;383;1;0,1,2,3,4,5,6,7,8,9,29,30,31,32,33,43,44,45,46,47,49,51,52,55,56,58,59,63,64,125,127,133,153,193,194,195,196,197,198,199,200,201,202,203,204,205,260,262,355,396,397,398,399,400,401,402,403,404,405,437,506,517,518,591,750,768,769,770,771,772,773,774,775,776,777,863,864,1076,1077,1078,
704;1;383;450;1;0,1,2,3,4,5,6,7,8,9,29,30,31,32,33,43,44,45,46,47,49,51,52,55,56,58,59,63,64,125,127,133,153,193,194,195,196,197,198,199,200,201,202,203,204,205,260,262,355,396,397,398,399,400,401,402,403,404,405,437,506,517,518,591,750,768,769,770,771,772,773,774,775,776,777,863,864,1076,1077,1078,
291;0;450;481;1;0,1,2,3,4,5,6,7,8,9,29,30,31,32,33,43,44,45,46,47,49,51,52,55,56,58,59,63,64,125,127,133,153,193,194,195,196,197,198,199,200,201,202,203,204,205,260,262,355,396,397,398,399,400,401,402,403,404,405,437,506,517,518,591,750,768,769,770,771,772,773,774,775,776,777,863,864,1076,1077,1078,
34;0;481;523;1;0,1,2,3,4,5,6,7,8,9,29,30,31,32,33,43,44,45,46,47,49,51,52,55,56,58,59,63,64,125,127,133,153,193,194,195,196,197,198,199,200,201,202,203,204,205,260,262,355,396,397,398,399,400,401,402,403,404,405,437,506,517,518,591,750,768,769,770,771,772,773,774,775,776,777,863,864,1076,1077,1078,
34;1;523;667;1;0,1,2,3,4,5,6,7,8,9,29,30,31,32,33,43,44,45,46,47,49,51,52,55,56,58,59,63,64,125,127,133,153,193,194,195,196,197,198,199,200,201,202,203,204,205,260,262,355,396,397,398,399,400,401,402,403,404,405,437,506,517,518,591,750,768,769,770,771,772,773,774,775,776,777,863,864,1076,1077,1078,
237;0;667;757;1;0,1,2,3,4,5,6,7,8,9,29,30,31,32,33,43,44,45,46,47,48,49,50,51,52,53,54,55,56,57,58,59,60,61,62,63,64,65,125,127,133,153,193,194,195,196,197,198,199,200,201,202,203,204,205,262,355,437,488,489,506,517,518,537,591,666,669,670,849,863,864,1076,1078,1145,1146,1212,1213,1214,1215,1216,
237;1;757;851;1;0,1,2,3,4,5,6,7,8,9,29,30,31,32,33,43,44,45,46,47,48,49,50,51,52,53,54,55,56,57,58,59,60,61,62,63,64,65,125,127,133,153,193,194,195,196,197,198,199,200,201,202,203,204,205,262,355,437,488,489,506,517,518,537,591,666,669,670,849,863,864,1076,1078,1145,1146,1212,1213,1214,1215,1216,
572;0;851;924;0;0,1,2,3,4,5,6,7,8,9,29,30,31,32,33,43,44,45,46,47,48,49,50,51,52,53,54,55,56,57,58,59,60,61,62,63,64,65,125,127,133,153,193,194,195,196,197,198,199,200,201,202,203,204,205,262,355,437,488,489,506,517,518,537,591,666,669,670,849,863,864,1076,1078,1145,1146,1212,1213,1214,1215,1216,
572;1;924;963;0;0,1,2,3,4,5,6,7,8,9,29,30,31,32,33,43,44,45,46,47,48,49,50,51,52,53,54,55,56,57,58,59,60,61,62,63,64,65,125,127,133,153,193,194,195,196,197,198,199,200,201,202,203,204,205,262,355,437,488,489,506,517,518,537,591,666,669,670,849,863,864,1076,1078,1145,1146,1212,1213,1214,1215,1216,
811;0;963;1002;1;0,1,2,3,4,5,6,7,8,9,29,30,31,32,33,43,44,45,46,47,48,49,50,51,52,53,54,55,56,57,58,59,60,61,62,63,64,65,125,127,133,153,193,194,195,196,197,198,199,200,201,202,203,204,205,262,355,437,488,489,506,517,518,537,591,666,669,670,849,863,864,1076,1078,1145,1146,1212,1213,1214,1215,1216,
833;0;1002;1155;1;0,1,2,3,4,5,6,7,8,9,29,30,31,32,33,43,44,45,46,47,48,49,50,51,52,53,54,55,56,57,58,59,60,61,62,63,64,65,125,127,133,153,193,194,195,196,197,198,199,200,201,202,203,204,205,262,355,437,488,489,506,517,518,537,591,666,669,670,849,863,864,1076,1078,1145,1146,1212,1213,1214,1215,1216,
337;0;1155;1219;1;0,1,2,3,4,5,6,7,8,9,29,30,31,32,33,43,44,45,46,47,48,49,50,51,52,53,54,55,56,57,58,59,60,61,62,63,64,65,125,127,133,153,193,194,195,196,197,198,199,200,201,202,203,204,205,262,355,437,488,489,506,517,518,537,591,666,669,670,849,863,864,1076,1078,1145,1146,1212,1213,1214,1215,1216,
337;1;1219;1286;1;0,1,2,3,4,5,6,7,8,9,29,30,31,32,33,43,44,45,46,47,48,49,50,51,52,53,54,55,56,57,58,59,60,61,62,63,64,65,125,127,133,153,193,194,195,196,197,198,199,200,201,202,203,204,205,262,355,437,488,489,506,517,518,537,591,666,669,670,849,863,864,1076,1078,1145,1146,1212,1213,1214,1215,1216,
847;0;1286;1370;1;0,1,2,3,4,5,6,7,8,9,29,30,31,32,33,43,44,45,46,47,48,49,50,51,52,53,54,55,56,57,58,59,60,61,62,63,64,65,125,127,133,153,193,194,195,196,197,198,199,200,201,202,203,204,205,262,355,437,488,489,506,517,518,537,591,666,669,670,849,863,864,1076,1078,1145,1146,1212,1213,1214,1215,1216,
847;1;1370;1464;1;0,1,2,3,4,5,6,7,8,9,29,30,31,32,33,43,44,45,46,47,48,49,50,51,52,53,54,55,56,57,58,59,60,61,62,63,64,65,125,127,133,153,193,194,195,196,197,198,199,200,201,202,203,204,205,262,355,437,488,489,506,517,518,537,591,666,669,670,849,863,864,1076,1078,1145,1146,1212,1213,1214,1215,1216,
997;0;1464;1559;1;0,1,2,3,4,5,6,7,8,9,29,30,31,32,33,43,44,45,46,47,48,49,50,51,52,53,54,55,56,57,58,59,60,61,62,63,64,65,125,127,133,153,193,194,195,196,197,198,199,200,201,202,203,204,205,262,355,437,488,489,506,517,518,537,591,666,669,670,849,863,864,1076,1078,1145,1146,1212,1213,1214,1215,1216,
997;1;1559;1713;1;0,1,2,3,4,5,6,7,8,9,29,30,31,32,33,43,44,45,46,47,48,49,50,51,52,53,54,55,56,57,58,59,60,61,62,63,64,65,125,127,133,153,193,194,195,196,197,198,199,200,201,202,203,204,205,262,355,437,488,489,506,517,518,537,591,666,669,670,849,863,864,1076,1078,1145,1146,1212,1213,1214,1215,1216,
643;0;1713;1807;1;0,1,2,3,4,5,6,7,8,9,29,30,31,32,33,43,44,45,46,47,48,49,50,51,52,53,54,55,56,57,58,59,60,61,62,63,64,65,125,127,133,153,193,194,195,196,197,198,199,200,201,202,203,204,205,262,355,437,488,489,506,517,518,537,591,666,669,670,849,863,864,1076,1078,1145,1146,1212,1213,1214,1215,1216,
139;0;1807;1951;0;0,1,2,3,4,5,6,7,8,9,29,30,31,32,33,43,44,45,46,47,48,49,50,51,52,53,54,55,56,57,58,59,60,61,62,63,64,65,125,127,133,153,193,194,195,196,197,198,199,200,201,202,203,204,205,262,355,437,488,489,506,517,518,537,591,666,669,670,849,863,864,1076,1078,1145,1146,1212,1213,1214,1215,1216,
139;1;1951;1957;0;0,1,2,3,4,5,6,7,8,9,29,30,31,32,33,43,44,45,46,47,48,49,50,51,52,53,54,55,56,57,58,59,60,61,62,63,64,65,125,127,133,153,193,194,195,196,197,198,199,200,201,202,203,204,205,262,355,437,488,489,506,517,518,537,591,666,669,670,849,863,864,1076,1078,1145,1146,1212,1213,1214,1215,1216,
494;0;1957;1961;1;0,1,2,3,4,5,6,7,8,9,29,30,31,32,33,43,44,45,46,47,48,49,50,51,52,53,54,55,56,57,58,59,60,61,62,63,64,65,125,127,133,153,193,194,195,196,197,198,199,200,201,202,203,204,205,262,355,437,488,489,506,517,518,537,591,666,669,670,849,863,864,1076,1078,1145,1146,1212,1213,1214,1215,1216,
494;1;1961;2087;1;0,1,2,3,4,5,6,7,8,9,29,30,31,32,33,43,44,45,46,47,48,49,50,51,52,53,54,55,56,57,58,59,60,61,62,63,64,65,125,127,133,153,193,194,195,196,197,198,199,200,201,202,203,204,205,262,355,437,488,489,506,517,518,537,591,666,669,670,849,863,864,1076,1078,1145,1146,1212,1213,1214,1215,1216,
842;0;2087;2205;0;0,1,2,3,4,5,6,7,8,9,29,30,31,32,33,34,43,44,45,46,47,48,49,50,51,52,53,54,55,56,57,58,59,60,61,62,63,64,65,82,125,127,133,153,178,187,196,199,202,203,262,355,356,440,489,500,501,503,506,537,569,570,591,811,812,813,814,822,849,885,970,971,972,973,974,1076,1078,1163,1164,1165,
842;1;2205;2245;0;0,1,2,3,4,5,6,7,8,9,29,30,31,32,33,34,43,44,45,46,47,48,49,50,51,52,53,54,55,56,57,58,59,60,61,62,63,64,65,82,125,127,133,153,178,187,196,199,202,203,262,355,356,440,489,500,501,503,506,537,569,570,591,811,812,813,814,822,849,885,970,971,972,973,974,1076,1078,1163,1164,1165,
984;0;2245;2265;1;0,1,2,3,4,5,6,7,8,9,29,30,31,32,33,34,43,44,45,46,47,48,49,50,51,52,53,54,55,56,57,58,59,60,61,62,63,64,65,82,125,127,133,153,178,187,196,199,202,203,262,355,356,440,489,500,501,503,506,537,569,570,591,811,812,813,814,822,849,885,970,971,972,973,974,1076,1078,1163,1164,1165,
984;1;2265;2370;1;0,1,2,3,4,5,6,7,8,9,29,30,31,32,33,34,43,44,45,46,47,48,49,50,51,52,53,54,55,56,57,58,59,60,61,62,63,64,65,82,125,127,133,153,178,187,196,199,202,203,262,355,356,440,489,500,501,503,506,537,569,570,591,811,812,813,814,822,849,885,970,971,972,973,974,1076,1078,1163,1164,1165,
964;0;2370;2414;1;0,1,2,3,4,5,6,7,8,9,29,30,31,32,33,34,43,44,45,46,47,48,49,50,51,52,53,54,55,56,57,58,59,60,61,62,63,64,65,82,125,127,133,153,178,187,196,199,202,203,262,355,356,440,489,500,501,503,506,537,569,570,591,811,812,813,814,822,849,885,970,971,972,973,974,1076,1078,1163,1164,1165,
964;1;2414;2504;1;0,1,2,3,4,5,6,7,8,9,29,30,31,32,33,34,43,44,45,46,47,48,49,50,51,52,53,54,55,56,57,58,59,60,61,62,63,64,65,82,125,127,133,153,178,187,196,199,202,203,262,355,356,440,489,500,501,503,506,537,569,570,591,811,812,813,814,822,849,885,970,971,972,973,974,1076,1078,1163,1164,1165,
955;0;2504;2530;0;0,1,2,3,4,5,6,7,8,9,29,30,31,32,33,34,43,44,45,46,47,48,49,50,51,52,53,54,55,56,57,58,59,60,61,62,63,64,65,82,125,127,133,153,178,187,196,199,202,203,262,355,356,440,489,500,501,503,506,537,569,570,591,811,812,813,814,822,849,885,970,971,972,973,974,1076,1078,1163,1164,1165,
410;0;2530;2578;1;0,1,2,3,4,5,6,7,8,9,29,30,31,32,33,34,43,44,45,46,47,48,49,50,51,52,53,54,55,56,57,58,59,60,61,62,63,64,65,82,125,127,133,153,178,187,196,199,202,203,262,355,356,440,489,500,501,503,506,537,569,570,591,811,812,813,814,822,849,885,970,971,972,973,974,1076,1078,1163,1164,1165,
740;0;2578;2731;1;0,1,2,3,4,5,6,7,8,9,29,30,31,32,33,34,43,44,45,46,47,48,49,50,51,52,53,54,55,56,57,58,59,60,61,62,63,64,65,82,125,127,133,153,178,187,196,199,202,203,262,355,356,440,489,500,501,503,506,537,569,570,591,811,812,813,814,822,849,885,970,971,972,973,974,1076,1078,1163,1164,1165,
144;0;2731;2779;1;0,1,2,3,4,5,6,7,8,9,29,30,31,32,33,34,43,44,45,46,47,48,49,50,51,52,53,54,55,56,57,58,59,60,61,62,63,64,65,82,125,127,133,153,178,187,196,199,202,203,262,355,356,440,489,500,501,503,506,537,569,570,591,811,812,813,814,822,849,885,970,971,972,973,974,1076,1078,1163,1164,1165,
144;1;2779;2888;1;0,1,2,3,4,5,6,7,8,9,29,30,31,32,33,34,43,44,45,46,47,48,49,50,51,52,53,54,55,56,57,58,59,60,61,62,63,64,65,82,125,127,133,153,178,187,196,199,202,203,262,355,356,440,489,500,501,503,506,537,569,570,591,811,812,813,814,822,849,885,970,971,972,973,974,1076,1078,1163,1164,1165,
707;0;2888;2932;1;0,1,2,3,4,5,6,7,8,9,29,30,31,32,33,43,44,45,46,47,48,49,50,51,52,53,54,55,56,57,58,59,60,61,62,63,64,65,82,127,133,153,172,178,187,450,451,452,453,454,455,456,457,458,459,460,461,462,463,464,465,466,469,500,501,503,700,701,702,703,704,705,706,707,885,970,971,972,973,974,
707;1;2932;3051;1;0,1,2,3,4,5,6,7,8,9,29,30,31,32,33,43,44,45,46,47,48,49,50,51,52,53,54,55,56,57,58,59,60,61,62,63,64,65,82,127,133,153,172,178,187,450,451,452,453,454,455,456,457,458,459,460,461,462,463,464,465,466,469,500,501,503,700,701,702,703,704,705,706,707,885,970,971,972,973,974,
640;0;3051;3170;1;0,1,2,3,4,5,6,7,8,9,29,30,31,32,33,43,44,45,46,47,48,49,50,51,52,53,54,55,56,57,58,59,60,61,62,63,64,65,82,127,133,153,172,178,187,450,451,452,453,454,455,456,457,458,459,460,461,462,463,464,465,466,469,500,501,503,700,701,702,703,704,705,706,707,885,970,971,972,973,974,
647;0;3170;3205;1;0,1,2,3,4,5,6,7,8,9,29,30,31,32,33,43,44,45,46,47,48,49,50,51,52,53,54,55,56,57,58,59,60,61,62,63,64,65,82,127,133,153,172,178,187,345,449,450,451,452,453,454,455,456,457,458,459,460,461,462,463,464,465,466,467,468,469,470,471,472,473,500,501,503,885,970,971,972,973,974,
647;1;3205;3325;1;0,1,2,3,4,5,6,7,8,9,29,30,31,32,33,43,44,45,46,47,48,49,50,51,52,53,54,55,56,57,58,59,60,61,62,63,64,65,82,127,133,153,172,178,187,345,449,450,451,452,453,454,455,456,457,458,459,460,461,462,463,464,465,466,467,468,469,470,471,472,473,500,501,503,885,970,971,972,973,974,
593;0;3325;3430;1;0,1,2,3,4,5,6,7,8,9,29,30,31,32,33,43,44,45,46,47,48,49,50,51,52,53,54,55,56,57,58,59,60,61,62,63,64,65,82,127,133,153,172,178,187,345,449,450,451,452,453,454,455,456,457,458,459,460,461,462,463,464,465,466,467,468,469,470,471,472,473,500,501,503,885,970,971,972,973,974,
101;0;3430;3533;1;0,1,2,3,4,5,6,7,8,9,29,30,31,32,33,43,44,45,46,47,48,49,50,51,52,53,54,55,56,57,58,59,60,61,62,63,64,65,82,127,133,153,172,178,187,345,449,450,451,452,453,454,455,456,457,458,459,460,461,462,463,464,465,466,467,468,469,470,471,472,473,500,501,503,885,970,971,972,973,974,
691;0;3533;3638;1;0,1,2,3,4,5,6,7,8,9,29,30,31,32,33,43,44,45,46,47,48,49,50,51,52,53,54,55,56,57,58,59,60,61,62,63,64,65,82,127,131,132,133,134,135,136,137,138,140,143,144,145,150,151,152,153,160,172,178,187,206,218,345,449,452,476,479,500,501,503,686,762,885,970,971,972,973,974,1005,1006,
97;0;3638;3798;1;0,1,2,3,4,5,6,7,8,9,29,30,31,32,33,43,44,45,46,47,48,49,50,51,52,53,54,55,56,57,58,59,60,61,62,63,64,65,82,127,131,132,133,134,135,136,137,138,140,143,144,145,150,151,152,153,160,172,178,187,206,218,345,449,452,476,479,500,501,503,686,762,885,970,971,972,973,974,1005,1006,
97;1;3798;3962;1;0,1,2,3,4,5,6,7,8,9,29,30,31,32,33,43,44,45,46,47,48,49,50,51,52,53,54,55,56,57,58,59,60,61,62,63,64,65,82,127,131,132,133,134,135,136,137,138,140,143,144,145,150,151,152,153,160,172,178,187,206,218,345,449,452,476,479,500,501,503,686,762,885,970,971,972,973,974,1005,1006,
412;0;3962;4006;0;0,1,2,3,4,5,6,7,8,9,29,30,31,32,33,43,44,45,46,47,48,49,50,51,52,53,54,55,56,57,58,59,60,61,62,63,64,65,82,127,131,132,133,134,135,136,137,138,140,143,144,145,150,151,152,153,160,172,178,187,206,218,345,449,452,476,479,500,501,503,686,762,885,970,971,972,973,974,1005,1006,
412;1;4006;4086;0;0,1,2,3,4,5,6,7,8,9,29,30,31,32,33,43,44,45,46,47,48,49,50,51,52,53,54,55,56,57,58,59,60,61,62,63,64,65,82,127,131,132,133,134,135,136,137,138,140,143,144,145,150,151,152,153,160,172,178,187,206,218,345,449,452,476,479,500,501,503,686,762,885,970,971,972,973,974,1005,1006,
10;0;4086;4189;1;0,1,2,3,4,5,6,7,8,9,29,30,31,32,33,43,44,45,46,47,48,49,50,51,52,53,54,55,56,57,58,59,60,61,62,63,64,65,82,127,131,132,133,134,135,136,137,138,140,143,144,145,150,151,152,153,160,172,178,187,206,218,345,449,452,476,479,500,501,503,686,762,885,970,971,972,973,974,1005,1006,
894;0;4189;4257;1;0,1,2,3,4,5,6,7,8,9,29,30,31,32,33,43,44,45,46,47,48,49,50,51,52,53,54,55,56,57,58,59,60,61,62,63,64,65,82,127,131,132,133,134,135,136,137,138,140,143,144,145,150,151,152,153,160,172,178,187,206,218,345,449,452,476,479,500,501,503,686,762,885,970,971,972,973,974,1005,1006,
894;1;4257;4335;1;0,1,2,3,4,5,6,7,8,9,29,30,31,32,33,43,44,45,46,47,48,49,50,51,52,53,54,55,56,57,58,59,60,61,62,63,64,65,82,127,131,132,133,134,135,136,137,138,140,143,144,145,150,151,152,153,160,172,178,187,206,218,345,449,452,476,479,500,501,503,686,762,885,970,971,972,973,974,1005,1006,
230;0;4335;4440;1;0,1,2,3,4,5,6,7,8,9,29,30,31,32,33,43,44,45,46,47,48,49,50,51,52,53,54,55,56,57,58,59,60,61,62,63,64,65,82,127,131,132,133,134,135,136,137,138,140,143,144,145,150,151,152,153,160,172,178,187,206,218,345,449,452,476,479,500,501,503,686,762,885,970,971,972,973,974,1005,1006,
793;0;4440;4446;1;0,1,2,3,4,5,6,7,8,9,29,30,31,32,33,43,44,45,46,47,48,49,50,51,52,53,54,55,56,57,58,59,60,61,62,63,64,65,82,127,131,132,133,134,135,136,137,138,140,143,144,145,150,151,152,153,160,172,178,187,206,218,345,449,452,476,479,500,501,503,686,762,885,970,971,972,973,974,1005,1006,
646;0;4446;4475;0;0,1,2,3,4,5,6,7,8,9,29,30,31,32,33,43,44,45,46,47,48,49,50,51,52,53,54,55,56,57,58,59,60,61,62,63,64,65,82,127,131,132,133,134,135,136,137,138,140,143,144,145,150,151,152,153,160,172,178,187,206,218,345,449,452,476,479,500,501,503,686,762,885,970,971,972,973,974,1005,1006,
27;0;4475;4596;1;0,1,2,3,4,5,6,7,8,9,29,30,31,32,33,43,44,45,46,47,48,49,50,51,52,53,54,55,56,57,58,59,60,61,62,63,64,65,82,127,131,132,133,134,135,136,137,138,140,143,144,145,150,151,152,153,160,172,178,187,206,218,345,449,452,476,479,500,501,503,686,762,885,970,971,972,973,974,1005,1006,
27;1;4596;4626;1;0,1,2,3,4,5,6,7,8,9,29,30,31,32,33,43,44,45,46,47,48,49,50,51,52,53,54,55,56,57,58,59,60,61,62,63,64,65,82,127,131,132,133,134,135,136,137,138,140,143,144,145,150,151,152,153,160,172,178,187,206,218,345,449,452,476,479,500,501,503,686,762,885,970,971,972,973,974,1005,1006,
214;0;4626;4749;1;0,1,2,3,4,5,6,7,8,9,29,30,31,32,33,43,44,45,46,47,48,49,50,51,52,53,54,55,56,57,58,59,60,61,62,63,64,65,82,127,131,132,133,134,135,136,137,138,140,143,144,145,150,151,152,153,160,172,178,187,206,218,345,449,452,476,479,500,501,503,686,762,885,970,971,972,973,974,1005,1006,
214;1;4749;4852;1;0,1,2,3,4,5,6,7,8,9,29,30,31,32,33,43,44,45,46,47,48,49,50,51,52,53,54,55,56,57,58,59,60,61,62,63,64,65,82,127,131,132,133,134,135,136,137,138,140,143,144,145,150,151,152,153,160,172,178,187,206,218,345,449,452,476,479,500,501,503,686,762,885,970,971,972,973,974,1005,1006,
67;0;4852;4889;1;0,1,2,3,4,5,6,7,8,9,29,30,31,32,33,43,44,45,46,47,48,49,50,51,52,53,54,55,56,57,58,59,60,61,62,63,64,65,82,127,131,132,133,134,135,136,137,138,140,143,144,145,150,151,152,153,160,172,178,187,206,218,345,449,452,476,479,500,501,503,506,507,508,509,510,511,686,762,1005,1006,
67;1;4889;4914;1;0,1,2,3,4,5,6,7,8,9,29,30,31,32,33,43,44,45,46,47,48,49,50,51,52,53,54,55,56,57,58,59,60,61,62,63,64,65,82,127,131,132,133,134,135,136,137,138,140,143,144,145,150,151,152,153,160,172,178,187,206,218,345,449,452,476,479,500,501,503,506,507,508,509,510,511,686,762,1005,1006,
262;0;4914;4995;0;0,1,2,3,4,5,6,7,8,9,29,30,31,32,33,35,43,44,45,46,47,48,49,50,51,52,53,54,55,56,57,58,59,60,61,62,63,64,65,131,132,133,134,135,136,137,138,140,141,143,157,160,187,196,202,206,218,219,345,357,442,452,474,475,476,477,478,479,480,481,482,483,484,485,486,660,811,812,813,814,
262;1;4995;5146;0;0,1,2,3,4,5,6,7,8,9,29,30,31,32,33,35,43,44,45,46,47,48,49,50,51,52,53,54,55,56,57,58,59,60,61,62,63,64,65,131,132,133,134,135,136,137,138,140,141,143,157,160,187,196,202,206,218,219,345,357,442,452,474,475,476,477,478,479,480,481,482,483,484,485,486,660,811,812,813,814,
350;0;5146;5190;1;0,1,2,3,4,5,6,7,8,9,29,30,31,32,33,35,43,44,45,46,47,48,49,50,51,52,53,54,55,56,57,58,59,60,61,62,63,64,65,131,132,133,134,135,136,137,138,140,141,143,157,160,187,196,202,206,218,219,345,357,442,452,474,475,476,477,478,479,480,481,482,483,484,485,486,660,811,812,813,814,
131;0;5190;5198;1;0,1,2,3,4,5,6,7,8,9,29,30,31,32,33,35,43,44,45,46,47,48,49,50,51,52,53,54,55,56,57,58,59,60,61,62,63,64,65,131,132,133,134,135,136,137,138,140,141,143,157,160,187,196,202,206,218,219,345,357,442,452,474,475,476,477,478,479,480,481,482,483,484,485,486,660,811,812,813,814,
838;0;5198;5212;0;0,1,2,3,4,5,6,7,8,9,29,30,31,32,33,35,43,44,45,46,47,48,49,50,51,52,53,54,55,56,57,58,59,60,61,62,63,64,65,131,132,133,134,135,136,137,138,140,141,143,157,160,187,196,202,206,218,219,345,357,442,452,474,475,476,477,478,479,480,481,482,483,484,485,486,660,811,812,813,814,
870;0;5212;5216;1;0,1,2,3,4,5,6,7,8,9,29,30,31,32,33,35,43,44,45,46,47,48,49,50,51,52,53,54,55,56,57,58,59,60,61,62,63,64,65,131,132,133,134,135,136,137,138,140,141,143,157,160,187,196,202,206,218,219,345,357,442,452,474,475,476,477,478,479,480,481,482,483,484,485,486,660,811,812,813,814,
697;0;5216;5371;1;0,1,2,3,4,5,6,7,8,9,29,30,31,32,33,35,43,44,45,46,47,48,49,50,51,52,53,54,55,56,57,58,59,60,61,62,63,64,65,131,132,133,134,135,136,137,138,140,141,143,157,160,187,196,202,206,218,219,345,357,442,452,474,475,476,477,478,479,480,481,482,483,484,485,486,660,811,812,813,814,
697;1;5371;5415;1;0,1,2,3,4,5,6,7,8,9,29,30,31,32,33,35,43,44,45,46,47,48,49,50,51,52,53,54,55,56,57,58,59,60,61,62,63,64,65,131,132,133,134,135,136,137,138,140,141,143,157,160,187,196,202,206,218,219,345,357,442,452,474,475,476,477,478,479,480,481,482,483,484,485,486,660,811,812,813,814,
82;0;5415;5520;0;0,1,2,3,4,5,6,7,8,9,29,30,31,32,33,35,43,44,45,46,47,48,49,50,51,52,53,54,55,56,57,58,59,60,61,62,63,64,65,131,132,133,134,135,136,137,138,140,141,143,157,160,187,196,202,206,218,219,345,357,442,452,474,475,476,477,478,479,480,481,482,483,484,485,486,660,811,812,813,814,
82;1;5520;5535;0;0,1,2,3,4,5,6,7,8,9,29,30,31,32,33,35,43,44,45,46,47,48,49,50,51,52,53,54,55,56,57,58,59,60,61,62,63,64,65,131,132,133,134,135,136,137,138,140,141,143,157,160,187,196,202,206,218,219,345,357,442,452,474,475,476,477,478,479,480,481,482,483,484,485,486,660,811,812,813,814,
124;0;5535;5683;1;0,1,2,3,4,5,6,7,8,9,29,30,31,32,33,35,43,44,45,46,47,48,49,50,51,52,53,54,55,56,57,58,59,60,61,62,63,64,65,131,132,133,134,135,136,137,138,140,141,143,157,160,187,196,202,206,218,219,345,357,442,452,474,475,476,477,478,479,480,481,482,483,484,485,486,660,811,812,813,814,
124;1;5683;5727;1;0,1,2,3,4,5,6,7,8,9,29,30,31,32,33,35,43,44,45,46,47,48,49,50,51,52,53,54,55,56,57,58,59,60,61,62,63,64,65,131,132,133,134,135,136,137,138,140,141,143,157,160,187,196,202,206,218,219,345,357,442,452,474,475,476,477,478,479,480,481,482,483,484,485,486,660,811,812,813,814,
92;0;5727;5768;0;0,1,2,3,4,5,6,7,8,9,29,30,31,32,33,35,43,44,45,46,47,48,49,50,51,52,53,54,55,56,57,58,59,60,61,62,63,64,65,131,132,133,134,135,136,137,138,140,141,143,157,160,187,196,202,206,218,219,345,357,442,452,474,475,476,477,478,479,480,481,482,483,484,485,486,660,811,812,813,814,
92;1;5768;5776;0;0,1,2,3,4,5,6,7,8,9,29,30,31,32,33,35,43,44,45,46,47,48,49,50,51,52,53,54,55,56,57,58,59,60,61,62,63,64,65,131,132,133,134,135,136,137,138,140,141,143,157,160,187,196,202,206,218,219,345,357,442,452,474,475,476,477,478,479,480,481,482,483,484,485,486,660,811,812,813,814,
252;0;5776;5907;0;0,1,2,3,4,5,6,7,8,9,29,30,31,32,33,35,43,44,45,46,47,48,49,50,51,52,53,54,55,56,57,58,59,60,61,62,63,64,65,131,132,133,134,135,136,137,138,140,141,143,157,160,187,196,202,206,218,219,345,357,442,452,474,475,476,477,478,479,480,481,482,483,484,485,486,660,811,812,813,814,
252;1;5907;5951;0;0,1,2,3,4,5,6,7,8,9,29,30,31,32,33,35,43,44,45,46,47,48,49,50,51,52,53,54,55,56,57,58,59,60,61,62,63,64,65,131,132,133,134,135,136,137,138,140,141,143,157,160,187,196,202,206,218,219,345,357,442,452,474,475,476,477,478,479,480,481,482,483,484,485,486,660,811,812,813,814,
159;0;5951;5990;0;0,1,2,3,4,5,6,7,8,9,29,30,31,32,33,35,43,44,45,46,47,48,49,50,51,52,53,54,55,56,57,58,59,60,61,62,63,64,65,131,132,133,134,135,136,137,138,140,141,143,157,160,187,196,202,206,218,219,345,357,442,452,474,475,476,477,478,479,480,481,482,483,484,485,486,660,811,812,813,814,
159;1;5990;6093;0;0,1,2,3,4,5,6,7,8,9,29,30,31,32,33,35,43,44,45,46,47,48,49,50,51,52,53,54,55,56,57,58,59,60,61,62,63,64,65,131,132,133,134,135,136,137,138,140,141,143,157,160,187,196,202,206,218,219,345,357,442,452,474,475,476,477,478,479,480,481,482,483,484,485,486,660,811,812,813,814,
40;0;6093;6122;1;0,1,2,3,4,5,6,7,8,9,29,30,31,32,33,35,43,44,45,46,47,48,49,50,51,52,53,54,55,56,57,58,59,60,61,62,63,64,65,131,132,133,134,135,136,137,138,140,141,143,157,160,187,196,202,206,218,219,345,357,442,452,474,475,476,477,478,479,480,481,482,483,484,485,486,660,811,812,813,814,
452;0;6122;6241;0;0,1,2,3,4,5,6,7,8,9,29,30,31,32,33,35,43,44,45,46,47,48,49,50,51,52,53,54,55,56,57,58,59,60,61,62,63,64,65,131,132,133,134,135,136,137,138,140,141,143,157,160,187,196,202,206,218,219,345,357,442,452,474,475,476,477,478,479,480,481,482,483,484,485,486,660,811,812,813,814,
452;1;6241;6249;0;0,1,2,3,4,5,6,7,8,9,29,30,31,32,33,35,43,44,45,46,47,48,49,50,51,52,53,54,55,56,57,58,59,60,61,62,63,64,65,131,132,133,134,135,136,137,138,140,141,143,157,160,187,196,202,206,218,219,345,357,442,452,474,475,476,477,478,479,480,481,482,483,484,485,486,660,811,812,813,814,
947;0;6249;6379;1;0,1,2,3,4,5,6,7,8,9,29,30,31,32,33,35,43,44,45,46,47,48,49,50,51,52,53,54,55,56,57,58,59,60,61,62,63,64,65,131,132,133,134,135,136,137,138,140,141,143,157,160,187,196,202,206,218,219,345,357,442,452,474,475,476,477,478,479,480,481,482,483,484,485,486,660,811,812,813,814,
947;1;6379;6393;1;0,1,2,3,4,5,6,7,8,9,29,30,31,32,33,35,43,44,45,46,47,48,49,50,51,52,53,54,55,56,57,58,59,60,61,62,63,64,65,131,132,133,134,135,136,137,138,140,141,143,157,160,187,196,202,206,218,219,345,357,442,452,474,475,476,477,478,479,480,481,482,483,484,485,486,660,811,812,813,814,
681;0;6393;6437;1;0,1,2,3,4,5,6,7,8,9,29,30,31,32,33,35,43,44,45,46,47,48,49,50,51,52,53,54,55,56,57,58,59,60,61,62,63,64,65,131,132,133,134,135,136,137,138,140,141,143,157,160,187,196,202,206,218,219,345,357,442,452,474,475,476,477,478,479,480,481,482,483,484,485,486,660,811,812,813,814,
521;0;6437;6488;1;0,2,5,6,8,9,19,20,22,23,24,25,28,33,35,46,48,49,50,52,67,131,132,133,134,135,136,137,138,140,143,157,160,187,206,218,248,257,262,263,264,274,330,331,332,333,334,335,345,384,408,410,411,452,476,479,493,494,495,496,497,498,499,531,537,811,812,813,814,820,1076,1117,1118,1119,1120,1121,1122,1123,1124,1125,
524;0;6488;6586;1;0,2,5,6,8,9,19,20,22,23,24,25,28,33,35,46,48,49,50,52,67,131,132,133,134,135,136,137,138,140,143,157,160,187,206,218,248,257,262,263,264,274,330,331,332,333,334,335,345,384,408,410,411,452,476,479,493,494,495,496,497,498,499,531,537,811,812,813,814,820,1076,1117,1118,1119,1120,1121,1122,1123,1124,1125,
524;1;6586;6695;1;0,2,5,6,8,9,19,20,22,23,24,25,28,33,35,46,48,49,50,52,67,131,132,133,134,135,136,137,138,140,143,157,160,187,206,218,248,257,262,263,264,274,330,331,332,333,334,335,345,384,408,410,411,452,476,479,493,494,495,496,497,498,499,531,537,811,812,813,814,820,1076,1117,1118,1119,1120,1121,1122,1123,1124,1125,
84;0;6695;6837;1;0,2,5,6,8,9,19,20,22,23,24,25,28,33,35,46,48,49,50,52,67,131,132,133,134,135,136,137,138,140,143,157,160,187,206,218,248,257,262,263,264,274,330,331,332,333,334,335,345,384,408,410,411,452,476,479,493,494,495,496,497,498,499,531,537,811,812,813,814,820,1076,1117,1118,1119,1120,1121,1122,1123,1124,1125,
84;1;6837;6913;1;0,2,5,6,8,9,19,20,22,23,24,25,28,33,35,46,48,49,50,52,67,131,132,133,134,135,136,137,138,140,143,157,160,187,206,218,248,257,262,263,264,274,330,331,332,333,334,335,345,384,408,410,411,452,476,479,493,494,495,496,497,498,499,531,537,811,812,813,814,820,1076,1117,1118,1119,1120,1121,1122,1123,1124,1125,
909;0;6913;6928;0;0,2,5,6,8,9,19,20,22,23,24,25,28,33,35,46,48,49,50,52,67,131,132,133,134,135,136,137,138,140,143,157,160,187,206,218,248,257,262,263,264,274,330,331,332,333,334,335,345,384,408,410,411,452,476,479,493,494,495,496,497,498,499,531,537,811,812,813,814,820,1076,1117,1118,1119,1120,1121,1122,1123,1124,1125,
909;1;6928;6981;0;0,2,5,6,8,9,19,20,22,23,24,25,28,33,35,46,48,49,50,52,67,131,132,133,134,135,136,137,138,140,143,157,160,187,206,218,248,257,262,263,264,274,330,331,332,333,334,335,345,384,408,410,411,452,476,479,493,494,495,496,497,498,499,531,537,811,812,813,814,820,1076,1117,1118,1119,1120,1121,1122,1123,1124,1125,
354;0;6981;7084;1;0,2,5,6,8,9,19,20,22,23,24,25,28,33,35,46,48,49,50,52,67,131,132,133,134,135,136,137,138,140,143,157,160,187,206,218,248,257,262,263,264,274,330,331,332,333,334,335,345,384,408,410,411,452,476,479,493,494,495,496,497,498,499,531,537,811,812,813,814,820,1076,1117,1118,1119,1120,1121,1122,1123,1124,1125,
354;1;7084;7193;1;0,2,5,6,8,9,19,20,22,23,24,25,28,33,35,46,48,49,50,52,67,131,132,133,134,135,136,137,138,140,143,157,160,187,206,218,248,257,262,263,264,274,330,331,332,333,334,335,345,384,408,410,411,452,476,479,493,494,495,496,497,498,499,531,537,811,812,813,814,820,1076,1117,1118,1119,1120,1121,1122,1123,1124,1125,
737;0;7193;7266;1;0,2,5,6,8,9,19,20,22,23,24,25,28,33,35,46,48,49,50,52,67,131,132,133,134,135,136,137,138,140,143,157,160,187,206,218,248,257,262,263,264,274,330,331,332,333,334,335,345,384,408,410,411,452,476,479,493,494,495,496,497,498,499,531,537,811,812,813,814,820,1076,1117,1118,1119,1120,1121,1122,1123,1124,1125,
737;1;7266;7392;1;0,2,5,6,8,9,19,20,22,23,24,25,28,33,35,46,48,49,50,52,67,131,132,133,134,135,136,137,138,140,143,157,160,187,206,218,248,257,262,263,264,274,330,331,332,333,334,335,345,384,408,410,411,452,476,479,493,494,495,496,497,498,499,531,537,811,812,813,814,820,1076,1117,1118,1119,1120,1121,1122,1123,1124,1125,
319;0;7392;7481;0;0,2,5,6,8,9,19,20,22,23,24,25,28,33,35,46,48,49,50,52,67,131,132,133,134,135,136,137,138,140,143,157,160,187,206,218,248,257,262,263,264,274,330,331,332,333,334,335,345,384,408,410,411,452,476,479,493,494,495,496,497,498,499,531,537,811,812,813,814,820,1076,1117,1118,1119,1120,1121,1122,1123,1124,1125,
319;1;7481;7590;0;0,2,5,6,8,9,19,20,22,23,24,25,28,33,35,46,48,49,50,52,67,131,132,133,134,135,136,137,138,140,143,157,160,187,206,218,248,257,262,263,264,274,330,331,332,333,334,335,345,384,408,410,411,452,476,479,493,494,495,496,497,498,499,531,537,811,812,813,814,820,1076,1117,1118,1119,1120,1121,1122,1123,1124,1125,
667;0;7590;7663;1;0,2,5,6,8,9,19,20,22,23,24,25,28,33,35,46,48,49,50,52,67,131,132,133,134,135,136,137,138,140,143,157,160,187,206,218,248,257,262,263,264,274,330,331,332,333,334,335,345,384,408,410,411,452,476,479,493,494,495,496,497,498,499,531,537,811,812,813,814,820,1076,1117,1118,1119,1120,1121,1122,1123,1124,1125,
667;1;7663;7671;1;0,2,5,6,8,9,19,20,22,23,24,25,28,33,35,46,48,49,50,52,67,131,132,133,134,135,136,137,138,140,143,157,160,187,206,218,248,257,262,263,264,274,330,331,332,333,334,335,345,384,408,410,411,452,476,479,493,494,495,496,497,498,499,531,537,811,812,813,814,820,1076,1117,1118,1119,1120,1121,1122,1123,1124,1125,
70;0;7671;7747;1;0,2,5,6,8,9,19,20,22,23,24,25,28,33,35,46,48,49,50,52,67,131,132,133,134,135,136,137,138,140,143,157,160,187,206,218,248,257,262,263,264,274,330,331,332,333,334,335,345,384,408,410,411,452,476,479,493,494,495,496,497,498,499,531,537,811,812,813,814,820,1076,1117,1118,1119,1120,1121,1122,1123,1124,1125,
467;0;7747;7800;1;0,2,5,6,8,9,20,23,33,35,46,48,49,50,52,54,58,67,140,154,155,156,157,158,159,160,161,162,163,164,172,187,248,262,340,341,342,343,344,345,346,347,348,349,350,351,352,353,354,384,408,410,411,452,493,537,591,753,754,755,756,757,758,759,810,811,812,813,814,820,1076,1117,1118,1119,1120,1121,1122,1123,1124,1125,
467;1;7800;7952;1;0,2,5,6,8,9,20,23,33,35,46,48,49,50,52,54,58,67,140,154,155,156,157,158,159,160,161,162,163,164,172,187,248,262,340,341,342,343,344,345,346,347,348,349,350,351,352,353,354,384,408,410,411,452,493,537,591,753,754,755,756,757,758,759,810,811,812,813,814,820,1076,1117,1118,1119,1120,1121,1122,1123,1124,1125,
717;0;7952;8018;1;0,2,5,6,8,9,20,23,33,35,46,48,49,50,52,54,58,67,140,154,155,156,157,158,159,160,161,162,163,164,172,187,248,262,340,341,342,343,344,345,346,347,348,349,350,351,352,353,354,384,408,410,411,452,493,537,591,753,754,755,756,757,758,759,810,811,812,813,814,820,1076,1117,1118,1119,1120,1121,1122,1123,1124,1125,
717;1;8018;8142;1;0,2,5,6,8,9,20,23,33,35,46,48,49,50,52,54,58,67,140,154,155,156,157,158,159,160,161,162,163,164,172,187,248,262,340,341,342,343,344,345,346,347,348,349,350,351,352,353,354,384,408,410,411,452,493,537,591,753,754,755,756,757,758,759,810,811,812,813,814,820,1076,1117,1118,1119,1120,1121,1122,1123,1124,1125,
342;0;8142;8186;0;0,2,5,6,8,9,20,23,33,35,46,48,49,50,52,54,58,67,140,154,155,156,157,158,159,160,161,162,163,164,172,187,248,262,340,341,342,343,344,345,346,347,348,349,350,351,352,353,354,384,408,410,411,452,493,537,591,753,754,755,756,757,758,759,810,811,812,813,814,820,1076,1117,1118,1119,1120,1121,1122,1123,1124,1125,
342;1;8186;8239;0;0,2,5,6,8,9,20,23,33,35,46,48,49,50,52,54,58,67,140,154,155,156,157,158,159,160,161,162,163,164,172,187,248,262,340,341,342,343,344,345,346,347,348,349,350,351,352,353,354,384,408,410,411,452,493,537,591,753,754,755,756,757,758,759,810,811,812,813,814,820,1076,1117,1118,1119,1120,1121,1122,1123,1124,1125,
115;0;8239;8259;0;0,2,5,6,8,9,20,23,33,35,46,48,49,50,52,54,58,67,140,154,155,156,157,158,159,160,161,162,163,164,172,187,248,262,340,341,342,343,344,345,346,347,348,349,350,351,352,353,354,384,408,410,411,452,493,537,591,753,754,755,756,757,758,759,810,811,812,813,814,820,1076,1117,1118,1119,1120,1121,1122,1123,1124,1125,
610;0;8259;8312;1;0,2,5,6,8,9,20,23,33,35,46,48,49,50,52,54,58,67,140,154,155,156,157,158,159,160,161,162,163,164,172,187,248,262,340,341,342,343,344,345,346,347,348,349,350,351,352,353,354,384,408,410,411,452,493,537,591,753,754,755,756,757,758,759,810,811,812,813,814,820,1076,1117,1118,1119,1120,1121,1122,1123,1124,1125,
24;0;8312;8443;1;0,2,5,6,8,9,20,23,33,35,46,48,49,50,52,54,58,67,140,154,155,156,157,158,159,160,161,162,163,164,172,187,248,262,340,341,342,343,344,345,346,347,348,349,350,351,352,353,354,384,408,410,411,452,493,537,591,753,754,755,756,757,758,759,810,811,812,813,814,820,1076,1117,1118,1119,1120,1121,1122,1123,1124,1125,
24;1;8443;8511;1;0,2,5,6,8,9,20,23,33,35,46,48,49,50,52,54,58,67,140,154,155,156,157,158,159,160,161,162,163,164,172,187,248,262,340,341,342,343,344,345,346,347,348,349,350,351,352,353,354,384,408,410,411,452,493,537,591,753,754,755,756,757,758,759,810,811,812,813,814,820,1076,1117,1118,1119,1120,1121,1122,1123,1124,1125,
323;0;8511;8579;1;0,2,5,6,8,9,20,23,33,35,46,48,49,50,52,54,58,67,140,154,155,156,157,158,159,160,161,162,163,164,172,187,248,262,340,341,342,343,344,345,346,347,348,349,350,351,352,353,354,384,408,410,411,452,493,537,591,753,754,755,756,757,758,759,810,811,812,813,814,820,1076,1117,1118,1119,1120,1121,1122,1123,1124,1125,
798;0;8579;8635;0;0,2,5,6,8,9,20,23,33,35,46,48,49,50,52,54,58,67,140,154,155,156,157,158,159,160,161,162,163,164,172,187,248,262,340,341,342,343,344,345,346,347,348,349,350,351,352,353,354,384,408,410,411,452,493,537,591,753,754,755,756,757,758,759,810,811,812,813,814,820,1076,1117,1118,1119,1120,1121,1122,1123,1124,1125,
261;0;8640;8691;1;0,2,5,6,8,9,15,20,23,33,35,37,38,40,46,48,49,50,52,54,58,66,67,140,154,155,156,157,158,159,160,161,162,163,164,172,187,239,248,262,345,348,352,354,357,358,362,363,370,371,372,408,410,411,452,484,493,537,591,753,754,755,756,757,758,759,810,811,812,813,814,820,836,837,838,839,840,841,842,843,
904;0;8691;8796;1;0,2,5,6,8,9,15,20,23,31,33,34,35,37,38,40,46,48,49,50,52,54,56,58,59,64,66,67,129,140,154,155,156,157,158,159,160,161,162,163,164,172,187,199,239,248,262,345,352,354,357,362,363,399,403,408,410,411,452,493,504,537,591,675,749,750,751,752,753,754,755,756,757,758,759,810,811,812,813,814,
904;1;8796;8882;1;0,2,5,6,8,9,15,20,23,31,33,34,35,37,38,40,46,48,49,50,52,54,56,58,59,64,66,67,129,140,154,155,156,157,158,159,160,161,162,163,164,172,187,199,239,248,262,345,352,354,357,362,363,399,403,408,410,411,452,493,504,537,591,675,749,750,751,752,753,754,755,756,757,758,759,810,811,812,813,814,
642;0;8882;8935;0;0,2,5,6,8,9,15,20,23,31,33,34,35,37,38,40,46,48,49,50,52,54,56,58,59,64,66,67,129,140,154,155,156,157,158,159,160,161,162,163,164,172,187,199,239,248,262,345,352,354,357,362,363,399,403,408,410,411,452,493,504,537,591,675,749,750,751,752,753,754,755,756,757,758,759,810,811,812,813,814,
642;1;8935;8991;0;0,2,5,6,8,9,15,20,23,31,33,34,35,37,38,40,46,48,49,50,52,54,56,58,59,64,66,67,129,140,154,155,156,157,158,159,160,161,162,163,164,172,187,199,239,248,262,345,352,354,357,362,363,399,403,408,410,411,452,493,504,537,591,675,749,750,751,752,753,754,755,756,757,758,759,810,811,812,813,814,
934;0;8991;9074;1;0,2,5,6,8,9,15,20,23,31,33,34,35,37,38,40,46,48,49,50,52,54,56,58,59,64,66,67,129,140,154,155,156,157,158,159,160,161,162,163,164,172,187,199,239,248,262,345,352,354,357,362,363,399,403,408,410,411,452,493,504,537,591,675,749,750,751,752,753,754,755,756,757,758,759,810,811,812,813,814,
934;1;9074;9160;1;0,2,5,6,8,9,15,20,23,31,33,34,35,37,38,40,46,48,49,50,52,54,56,58,59,64,66,67,129,140,154,155,156,157,158,159,160,161,162,163,164,172,187,199,239,248,262,345,352,354,357,362,363,399,403,408,410,411,452,493,504,537,591,675,749,750,751,752,753,754,755,756,757,758,759,810,811,812,813,814,
191;0;9160;9226;1;0,2,5,6,8,9,15,20,23,31,33,34,35,37,38,40,46,48,49,50,52,54,56,58,59,64,66,67,129,140,154,155,156,157,158,159,160,161,162,163,164,172,187,199,239,248,262,345,352,354,357,362,363,399,403,408,410,411,452,493,504,537,591,675,749,750,751,752,753,754,755,756,757,758,759,810,811,812,813,814,
607;0;9226;9400;1;0,2,5,8,9,15,23,29,30,31,32,33,34,35,36,37,38,39,40,46,48,49,50,52,54,58,59,140,154,155,156,157,158,159,160,161,162,163,164,172,178,187,248,262,268,269,270,359,361,362,363,369,403,500,501,502,503,504,505,537,591,597,598,599,600,601,602,753,754,755,756,757,758,759,810,811,812,813,814,1217,
607;1;9400;9433;1;0,2,5,8,9,15,23,29,30,31,32,33,34,35,36,37,38,39,40,46,48,49,50,52,54,58,59,140,154,155,156,157,158,159,160,161,162,163,164,172,178,187,248,262,268,269,270,359,361,362,363,369,403,500,501,502,503,504,505,537,591,597,598,599,600,601,602,753,754,755,756,757,758,759,810,811,812,813,814,1217,
461;0;9433;9513;1;0,2,5,8,9,15,23,29,30,31,32,33,34,35,36,37,38,39,40,46,48,49,50,52,54,58,59,140,154,155,156,157,158,159,160,161,162,163,164,172,178,187,248,262,268,269,270,359,361,362,363,369,403,500,501,502,503,504,505,537,591,597,598,599,600,601,602,753,754,755,756,757,758,759,810,811,812,813,814,1217,
592;0;9513;9558;0;0,2,5,8,9,15,23,29,30,31,32,33,34,35,36,37,38,39,40,46,48,49,50,52,54,58,59,140,154,155,156,157,158,159,160,161,162,163,164,172,178,187,248,262,268,269,270,359,361,362,363,369,403,500,501,502,503,504,505,537,591,597,598,599,600,601,602,753,754,755,756,757,758,759,810,811,812,813,814,1217,
592;1;9558;9568;0;0,2,5,8,9,15,23,29,30,31,32,33,34,35,36,37,38,39,40,46,48,49,50,52,54,58,59,140,154,155,156,157,158,159,160,161,162,163,164,172,178,187,248,262,268,269,270,359,361,362,363,369,403,500,501,502,503,504,505,537,591,597,598,599,600,601,602,753,754,755,756,757,758,759,810,811,812,813,814,1217,
428;0;9568;9578;0;0,2,5,8,9,15,23,29,30,31,32,33,34,35,36,37,38,39,40,46,48,49,50,52,54,58,59,140,154,155,156,157,158,159,160,161,162,163,164,172,178,187,248,262,268,269,270,359,361,362,363,369,403,500,501,502,503,504,505,537,591,597,598,599,600,601,602,753,754,755,756,757,758,759,810,811,812,813,814,1217,
871;0;9578;9598;1;0,2,5,8,9,15,23,29,30,31,32,33,34,35,36,37,38,39,40,46,48,49,50,52,54,58,59,140,154,155,156,157,158,159,160,161,162,163,164,172,178,187,248,262,268,269,270,359,361,362,363,369,403,500,501,502,503,504,505,537,591,597,598,599,600,601,602,753,754,755,756,757,758,759,810,811,812,813,814,1217,
563;0;9598;9608;1;0,2,5,8,9,15,23,29,30,31,32,33,34,35,36,37,38,39,40,46,48,49,50,52,54,58,59,140,154,155,156,157,158,159,160,161,162,163,164,172,178,187,248,262,268,269,270,359,361,362,363,369,403,500,501,502,503,504,505,537,591,597,598,599,600,601,602,753,754,755,756,757,758,759,810,811,812,813,814,1217,
750;0;9608;9717;1;0,2,5,8,9,15,23,29,30,31,32,33,34,35,36,37,38,39,40,46,48,49,50,52,54,58,59,140,154,155,156,157,158,159,160,161,162,163,164,172,178,187,248,262,268,269,270,359,361,362,363,369,403,500,501,502,503,504,505,537,591,597,598,599,600,601,602,753,754,755,756,757,758,759,810,811,812,813,814,1217,
197;0;9717;9721;1;0,2,5,8,9,15,23,29,30,31,32,33,34,35,36,37,38,39,40,46,48,49,50,52,54,58,59,140,154,155,156,157,158,159,160,161,162,163,164,172,178,187,248,262,268,269,270,359,361,362,363,369,403,500,501,502,503,504,505,537,591,597,598,599,600,601,602,753,754,755,756,757,758,759,810,811,812,813,814,1217,
197;1;9721;9739;1;0,2,5,8,9,15,23,29,30,31,32,33,34,35,36,37,38,39,40,46,48,49,50,52,54,58,59,140,154,155,156,157,158,159,160,161,162,163,164,172,178,187,248,262,268,269,270,359,361,362,363,369,403,500,501,502,503,504,505,537,591,597,598,599,600,601,602,753,754,755,756,757,758,759,810,811,812,813,814,1217,
311;0;9739;9899;1;0,2,5,8,9,15,23,29,30,31,32,33,34,35,36,37,38,39,40,46,48,49,50,52,54,58,59,140,154,155,156,157,158,159,160,161,162,163,164,172,178,187,248,262,268,269,270,359,361,362,363,369,403,500,501,502,503,504,505,537,591,597,598,599,600,601,602,753,754,755,756,757,758,759,810,811,812,813,814,1217,
826;0;9899;9932;0;0,2,5,8,9,15,23,29,30,31,32,33,34,35,36,37,38,39,40,46,48,49,50,52,54,58,59,140,154,155,156,157,158,159,160,161,162,163,164,172,178,187,248,262,268,269,270,359,361,362,363,369,403,500,501,502,503,504,505,537,591,597,598,599,600,601,602,753,754,755,756,757,758,759,810,811,812,813,814,1217,
346;0;9932;9981;0;0,2,5,8,9,15,23,29,30,31,32,33,34,35,36,37,38,39,40,46,48,49,50,52,54,58,59,140,154,155,156,157,158,159,160,161,162,163,164,172,178,187,248,262,268,269,270,359,361,362,363,369,403,500,501,502,503,504,505,537,591,597,598,599,600,601,602,753,754,755,756,757,758,759,810,811,812,813,814,1217,
748;0;9981;10037;0;0,2,5,8,9,15,23,29,30,31,32,33,34,35,36,37,38,39,40,46,48,49,50,52,54,58,59,140,154,155,156,157,158,159,160,161,162,163,164,172,178,187,248,262,268,269,270,359,361,362,363,369,403,500,501,502,503,504,505,537,591,597,598,599,600,601,602,753,754,755,756,757,758,759,810,811,812,813,814,1217,
Machine: 5
334;0;0;18;1;0,15,23,70,130,131,132,133,134,135,136,137,138,139,140,141,142,143,144,145,146,147,148,149,154,155,156,157,158,159,160,161,162,163,164,165,206,214,215,248,271,320,340,341,342,343,344,345,346,347,348,349,350,351,352,353,354,362,474,479,480,484,485,530,578,651,661,1080,1116,1201,1202,1203,1204,1205,1206,1207,1208,1209,1210,1211,
334;1;18;187;1;0,15,23,70,130,131,132,133,134,135,136,137,138,139,140,141,142,143,144,145,146,147,148,149,154,155,156,157,158,159,160,161,162,163,164,165,206,214,215,248,271,320,340,341,342,343,344,345,346,347,348,349,350,351,352,353,354,362,474,479,480,484,485,530,578,651,661,1080,1116,1201,1202,1203,1204,1205,1206,1207,1208,1209,1210,1211,
347;0;187;318;1;0,15,23,70,130,131,132,133,134,135,136,137,138,139,140,141,142,143,144,145,146,147,148,149,154,155,156,157,158,159,160,161,162,163,164,165,206,214,215,248,271,320,340,341,342,343,344,345,346,347,348,349,350,351,352,353,354,362,474,479,480,484,485,530,578,651,661,1080,1116,1201,1202,1203,1204,1205,1206,1207,1208,1209,1210,1211,
347;1;318;386;1;0,15,23,70,130,131,132,133,134,135,136,137,138,139,140,141,142,143,144,145,146,147,148,149,154,155,156,157,158,159,160,161,162,163,164,165,206,214,215,248,271,320,340,341,342,343,344,345,346,347,348,349,350,351,352,353,354,362,474,479,480,484,485,530,578,651,661,1080,1116,1201,1202,1203,1204,1205,1206,1207,1208,1209,1210,1211,
464;0;386;538;1;0,15,23,70,130,131,132,133,134,135,136,137,138,139,140,141,142,143,144,145,146,147,148,149,154,155,156,157,158,159,160,161,162,163,164,165,206,214,215,248,271,320,340,341,342,343,344,345,346,347,348,349,350,351,352,353,354,362,474,479,480,484,485,530,578,651,661,1080,1116,1201,1202,1203,1204,1205,1206,1207,1208,1209,1210,1211,
464;1;538;702;1;0,15,23,70,130,131,132,133,134,135,136,137,138,139,140,141,142,143,144,145,146,147,148,149,154,155,156,157,158,159,160,161,162,163,164,165,206,214,215,248,271,320,340,341,342,343,344,345,346,347,348,349,350,351,352,353,354,362,474,479,480,484,485,530,578,651,661,1080,1116,1201,1202,1203,1204,1205,1206,1207,1208,1209,1210,1211,
9;0;702;732;0;0,15,16,18,23,26,66,67,70,130,131,132,133,134,135,136,137,138,139,140,141,142,143,144,145,146,147,148,149,154,155,156,157,158,159,160,161,162,163,164,165,206,214,215,218,223,248,265,266,271,320,330,336,362,366,394,395,476,479,480,484,578,651,661,721,1080,1202,1208,1324,1325,1326,1327,1328,1329,1330,1331,1332,1333,1334,1335,
9;1;732;792;0;0,15,16,18,23,26,66,67,70,130,131,132,133,134,135,136,137,138,139,140,141,142,143,144,145,146,147,148,149,154,155,156,157,158,159,160,161,162,163,164,165,206,214,215,218,223,248,265,266,271,320,330,336,362,366,394,395,476,479,480,484,578,651,661,721,1080,1202,1208,1324,1325,1326,1327,1328,1329,1330,1331,1332,1333,1334,1335,
433;0;792;944;1;0,15,16,18,23,26,66,67,70,130,131,132,133,134,135,136,137,138,139,140,141,142,143,144,145,146,147,148,149,154,155,156,157,158,159,160,161,162,163,164,165,206,214,215,218,223,248,265,266,271,320,330,336,362,366,394,395,476,479,480,484,578,651,661,721,1080,1202,1208,1324,1325,1326,1327,1328,1329,1330,1331,1332,1333,1334,1335,
179;0;944;1075;0;0,15,16,18,23,26,66,67,70,130,131,132,133,134,135,136,137,138,139,140,141,142,143,144,145,146,147,148,149,154,155,156,157,158,159,160,161,162,163,164,165,206,214,215,218,223,248,265,266,271,320,330,336,362,366,394,395,476,479,480,484,578,651,661,721,1080,1202,1208,1324,1325,1326,1327,1328,1329,1330,1331,1332,1333,1334,1335,
179;1;1075;1086;0;0,15,16,18,23,26,66,67,70,130,131,132,133,134,135,136,137,138,139,140,141,142,143,144,145,146,147,148,149,154,155,156,157,158,159,160,161,162,163,164,165,206,214,215,218,223,248,265,266,271,320,330,336,362,366,394,395,476,479,480,484,578,651,661,721,1080,1202,1208,1324,1325,1326,1327,1328,1329,1330,1331,1332,1333,1334,1335,
854;0;1086;1116;1;0,15,16,18,23,26,66,67,70,130,131,132,133,134,135,136,137,138,139,140,141,142,143,144,145,146,147,148,149,154,155,156,157,158,159,160,161,162,163,164,165,206,214,215,218,223,248,265,266,271,320,330,336,362,366,394,395,476,479,480,484,578,651,661,721,1080,1202,1208,1324,1325,1326,1327,1328,1329,1330,1331,1332,1333,1334,1335,
854;1;1116;1137;1;0,15,16,18,23,26,66,67,70,130,131,132,133,134,135,136,137,138,139,140,141,142,143,144,145,146,147,148,149,154,155,156,157,158,159,160,161,162,163,164,165,206,214,215,218,223,248,265,266,271,320,330,336,362,366,394,395,476,479,480,484,578,651,661,721,1080,1202,1208,1324,1325,1326,1327,1328,1329,1330,1331,1332,1333,1334,1335,
130;0;1137;1274;1;0,15,16,18,23,26,66,67,70,130,131,132,133,134,135,136,137,138,139,140,141,142,143,144,145,146,147,148,149,154,155,156,157,158,159,160,161,162,163,164,165,206,214,215,218,223,248,265,266,271,320,330,336,362,366,394,395,476,479,480,484,578,651,661,721,1080,1202,1208,1324,1325,1326,1327,1328,1329,1330,1331,1332,1333,1334,1335,
794;0;1274;1372;1;0,15,16,18,23,26,66,67,70,130,131,132,133,134,135,136,137,138,139,140,141,142,143,144,145,146,147,148,149,154,155,156,157,158,159,160,161,162,163,164,165,206,214,215,218,223,248,265,266,271,320,330,336,362,366,394,395,476,479,480,484,578,651,661,721,1080,1202,1208,1324,1325,1326,1327,1328,1329,1330,1331,1332,1333,1334,1335,
794;1;1372;1440;1;0,15,16,18,23,26,66,67,70,130,131,132,133,134,135,136,137,138,139,140,141,142,143,144,145,146,147,148,149,154,155,156,157,158,159,160,161,162,163,164,165,206,214,215,218,223,248,265,266,271,320,330,336,362,366,394,395,476,479,480,484,578,651,661,721,1080,1202,1208,1324,1325,1326,1327,1328,1329,1330,1331,1332,1333,1334,1335,
937;0;1440;1568;1;0,15,16,18,23,26,66,67,70,130,131,132,133,134,135,136,137,138,139,140,141,142,143,144,145,146,147,148,149,154,155,156,157,158,159,160,161,162,163,164,165,206,214,215,218,223,248,265,266,271,320,330,336,362,366,394,395,476,479,480,484,578,651,661,721,1080,1202,1208,1324,1325,1326,1327,1328,1329,1330,1331,1332,1333,1334,1335,
937;1;1568;1576;1;0,15,16,18,23,26,66,67,70,130,131,132,133,134,135,136,137,138,139,140,141,142,143,144,145,146,147,148,149,154,155,156,157,158,159,160,161,162,163,164,165,206,214,215,218,223,248,265,266,271,320,330,336,362,366,394,395,476,479,480,484,578,651,661,721,1080,1202,1208,1324,1325,1326,1327,1328,1329,1330,1331,1332,1333,1334,1335,
104;0;1576;1702;1;0,15,16,18,23,26,66,67,70,130,131,132,133,134,135,136,137,138,139,140,141,142,143,144,145,146,147,148,149,154,155,156,157,158,159,160,161,162,163,164,165,206,214,215,218,223,248,265,266,271,320,330,336,362,366,394,395,476,479,480,484,578,651,661,721,1080,1202,1208,1324,1325,1326,1327,1328,1329,1330,1331,1332,1333,1334,1335,
104;1;1702;1843;1;0,15,16,18,23,26,66,67,70,130,131,132,133,134,135,136,137,138,139,140,141,142,143,144,145,146,147,148,149,154,155,156,157,158,159,160,161,162,163,164,165,206,214,215,218,223,248,265,266,271,320,330,336,362,366,394,395,476,479,480,484,578,651,661,721,1080,1202,1208,1324,1325,1326,1327,1328,1329,1330,1331,1332,1333,1334,1335,
523;0;1843;1948;1;0,15,16,18,23,26,66,67,70,130,131,132,133,134,135,136,137,138,139,140,141,142,143,144,145,146,147,148,149,154,155,156,157,158,159,160,161,162,163,164,165,206,214,215,218,223,248,265,266,271,320,330,336,362,366,394,395,476,479,480,484,578,651,661,721,1080,1202,1208,1324,1325,1326,1327,1328,1329,1330,1331,1332,1333,1334,1335,
764;0;1948;2080;1;0,15,16,18,23,26,66,67,70,130,131,132,133,134,135,136,137,138,139,140,141,142,143,144,145,146,147,148,149,154,155,156,157,158,159,160,161,162,163,164,165,206,214,215,218,223,248,265,266,271,320,330,336,362,366,394,395,476,479,480,484,578,651,661,721,1080,1202,1208,1324,1325,1326,1327,1328,1329,1330,1331,1332,1333,1334,1335,
764;1;2080;2088;1;0,15,16,18,23,26,66,67,70,130,131,132,133,134,135,136,137,138,139,140,141,142,143,144,145,146,147,148,149,154,155,156,157,158,159,160,161,162,163,164,165,206,214,215,218,223,248,265,266,271,320,330,336,362,366,394,395,476,479,480,484,578,651,661,721,1080,1202,1208,1324,1325,1326,1327,1328,1329,1330,1331,1332,1333,1334,1335,
260;0;2088;2161;1;0,15,16,17,18,19,20,21,22,23,24,25,26,27,28,66,67,68,70,133,136,137,140,148,154,155,156,157,158,159,160,161,162,163,164,206,214,219,223,248,264,265,266,267,268,269,271,274,275,330,336,337,338,339,362,365,366,394,395,484,558,561,562,568,649,650,651,652,653,654,655,656,685,806,807,808,809,1073,1074,1075,
877;0;2161;2166;1;0,15,16,17,18,19,20,21,22,23,24,25,26,27,28,66,67,68,70,133,136,137,140,148,154,155,156,157,158,159,160,161,162,163,164,206,214,219,223,248,264,265,266,267,268,269,271,274,275,330,336,337,338,339,362,365,366,394,395,484,558,561,562,568,649,650,651,652,653,654,655,656,685,806,807,808,809,1073,1074,1075,
877;1;2166;2329;1;0,15,16,17,18,19,20,21,22,23,24,25,26,27,28,66,67,68,70,133,136,137,140,148,154,155,156,157,158,159,160,161,162,163,164,206,214,219,223,248,264,265,266,267,268,269,271,274,275,330,336,337,338,339,362,365,366,394,395,484,558,561,562,568,649,650,651,652,653,654,655,656,685,806,807,808,809,1073,1074,1075,
391;0;2329;2466;1;0,15,16,17,18,19,20,21,22,23,24,25,26,27,28,66,67,68,70,133,136,137,140,148,154,155,156,157,158,159,160,161,162,163,164,206,214,219,223,248,264,265,266,267,268,269,271,274,275,330,336,337,338,339,362,365,366,394,395,484,558,561,562,568,649,650,651,652,653,654,655,656,685,806,807,808,809,1073,1074,1075,
730;0;2466;2611;1;0,15,16,17,18,19,20,21,22,23,24,25,26,27,28,66,67,68,70,133,136,137,140,148,154,155,156,157,158,159,160,161,162,163,164,206,214,219,223,248,264,265,266,267,268,269,271,274,275,330,336,337,338,339,362,365,366,394,395,484,558,561,562,568,649,650,651,652,653,654,655,656,685,806,807,808,809,1073,1074,1075,
287;0;2611;2771;1;0,15,16,17,18,19,20,21,22,23,24,25,26,27,28,66,67,68,70,133,136,137,140,148,154,155,156,157,158,159,160,161,162,163,164,206,214,219,223,248,264,265,266,267,268,269,271,274,275,330,336,337,338,339,362,365,366,394,395,484,558,561,562,568,649,650,651,652,653,654,655,656,685,806,807,808,809,1073,1074,1075,
287;1;2771;2920;1;0,15,16,17,18,19,20,21,22,23,24,25,26,27,28,66,67,68,70,133,136,137,140,148,154,155,156,157,158,159,160,161,162,163,164,206,214,219,223,248,264,265,266,267,268,269,271,274,275,330,336,337,338,339,362,365,366,394,395,484,558,561,562,568,649,650,651,652,653,654,655,656,685,806,807,808,809,1073,1074,1075,
223;0;2920;2934;1;0,15,16,17,18,19,20,21,22,23,24,25,26,27,28,66,67,68,70,133,136,137,140,148,154,155,156,157,158,159,160,161,162,163,164,206,214,219,223,248,264,265,266,267,268,269,271,274,275,330,336,337,338,339,362,365,366,394,395,484,558,561,562,568,649,650,651,652,653,654,655,656,685,806,807,808,809,1073,1074,1075,
133;0;2934;3020;1;0,15,16,17,18,19,20,21,22,23,24,25,26,27,28,66,67,68,70,133,136,137,140,148,154,155,156,157,158,159,160,161,162,163,164,206,214,219,223,248,264,265,266,267,268,269,271,274,275,330,336,337,338,339,362,365,366,394,395,484,558,561,562,568,649,650,651,652,653,654,655,656,685,806,807,808,809,1073,1074,1075,
957;0;3020;3084;1;0,2,5,6,7,8,9,15,16,17,19,20,21,22,23,24,25,26,27,28,29,30,31,32,45,49,50,51,55,65,67,71,106,115,133,140,154,155,156,157,158,159,160,161,162,163,164,179,264,274,330,337,428,488,558,857,1166,1167,1168,1169,1170,1171,1172,1173,1174,1175,1176,1177,1178,1179,1180,1181,1182,1183,1184,1185,1186,1187,1188,1189,
957;1;3084;3150;1;0,2,5,6,7,8,9,15,16,17,19,20,21,22,23,24,25,26,27,28,29,30,31,32,45,49,50,51,55,65,67,71,106,115,133,140,154,155,156,157,158,159,160,161,162,163,164,179,264,274,330,337,428,488,558,857,1166,1167,1168,1169,1170,1171,1172,1173,1174,1175,1176,1177,1178,1179,1180,1181,1182,1183,1184,1185,1186,1187,1188,1189,
851;0;3150;3197;1;0,2,5,6,7,8,9,15,16,17,19,20,21,22,23,24,25,26,27,28,29,30,31,32,45,49,50,51,55,65,67,71,106,115,133,140,154,155,156,157,158,159,160,161,162,163,164,179,264,274,330,337,428,488,558,857,1166,1167,1168,1169,1170,1171,1172,1173,1174,1175,1176,1177,1178,1179,1180,1181,1182,1183,1184,1185,1186,1187,1188,1189,
884;0;3197;3328;1;0,2,5,6,7,8,9,15,16,17,19,20,21,22,23,24,25,26,27,28,29,30,31,32,45,49,50,51,55,65,67,71,106,115,133,140,154,155,156,157,158,159,160,161,162,163,164,179,264,274,330,337,428,488,558,857,1166,1167,1168,1169,1170,1171,1172,1173,1174,1175,1176,1177,1178,1179,1180,1181,1182,1183,1184,1185,1186,1187,1188,1189,
884;1;3328;3375;1;0,2,5,6,7,8,9,15,16,17,19,20,21,22,23,24,25,26,27,28,29,30,31,32,45,49,50,51,55,65,67,71,106,115,133,140,154,155,156,157,158,159,160,161,162,163,164,179,264,274,330,337,428,488,558,857,1166,1167,1168,1169,1170,1171,1172,1173,1174,1175,1176,1177,1178,1179,1180,1181,1182,1183,1184,1185,1186,1187,1188,1189,
57;0;3375;3459;1;0,2,5,6,7,8,9,15,16,17,19,20,21,22,23,24,25,26,27,28,29,30,31,32,45,49,50,51,55,65,67,71,106,115,133,140,154,155,156,157,158,159,160,161,162,163,164,179,264,274,330,337,428,488,558,857,1166,1167,1168,1169,1170,1171,1172,1173,1174,1175,1176,1177,1178,1179,1180,1181,1182,1183,1184,1185,1186,1187,1188,1189,
57;1;3459;3507;1;0,2,5,6,7,8,9,15,16,17,19,20,21,22,23,24,25,26,27,28,29,30,31,32,45,49,50,51,55,65,67,71,106,115,133,140,154,155,156,157,158,159,160,161,162,163,164,179,264,274,330,337,428,488,558,857,1166,1167,1168,1169,1170,1171,1172,1173,1174,1175,1176,1177,1178,1179,1180,1181,1182,1183,1184,1185,1186,1187,1188,1189,
701;0;3507;3631;1;0,2,5,6,7,8,9,15,16,17,19,20,21,22,23,24,25,28,29,30,31,32,33,35,45,49,52,55,65,67,125,133,140,154,155,156,157,158,159,160,161,162,163,164,198,237,238,239,240,264,274,330,337,383,435,533,537,558,595,753,810,820,835,889,890,979,980,981,982,983,984,985,986,987,988,989,990,991,992,993,
200;0;3631;3700;1;0,2,5,6,7,8,9,15,16,17,19,20,21,22,23,24,25,28,29,30,31,32,33,35,45,49,52,55,65,67,125,133,140,154,155,156,157,158,159,160,161,162,163,164,198,237,238,239,240,264,274,330,337,383,435,533,537,558,595,753,810,820,835,889,890,979,980,981,982,983,984,985,986,987,988,989,990,991,992,993,
739;0;3700;3745;0;0,2,5,6,7,8,9,15,16,17,19,20,21,22,23,24,25,28,29,30,31,32,33,35,45,49,52,55,65,67,125,133,140,154,155,156,157,158,159,160,161,162,163,164,198,237,238,239,240,264,274,330,337,383,435,533,537,558,595,753,810,820,835,889,890,979,980,981,982,983,984,985,986,987,988,989,990,991,992,993,
739;1;3745;3750;0;0,2,5,6,7,8,9,15,16,17,19,20,21,22,23,24,25,28,29,30,31,32,33,35,45,49,52,55,65,67,125,133,140,154,155,156,157,158,159,160,161,162,163,164,198,237,238,239,240,264,274,330,337,383,435,533,537,558,595,753,810,820,835,889,890,979,980,981,982,983,984,985,986,987,988,989,990,991,992,993,
497;0;3750;3901;1;0,2,5,6,7,8,9,15,16,17,19,20,21,22,23,24,25,28,29,30,31,32,33,35,45,49,52,55,65,67,125,133,140,154,155,156,157,158,159,160,161,162,163,164,198,237,238,239,240,264,274,330,337,383,435,533,537,558,595,753,810,820,835,889,890,979,980,981,982,983,984,985,986,987,988,989,990,991,992,993,
497;1;3901;3998;1;0,2,5,6,7,8,9,15,16,17,19,20,21,22,23,24,25,28,29,30,31,32,33,35,45,49,52,55,65,67,125,133,140,154,155,156,157,158,159,160,161,162,163,164,198,237,238,239,240,264,274,330,337,383,435,533,537,558,595,753,810,820,835,889,890,979,980,981,982,983,984,985,986,987,988,989,990,991,992,993,
370;0;3998;4123;1;0,2,5,6,7,8,9,15,16,17,19,20,21,22,23,24,25,28,29,30,31,32,33,35,45,49,52,55,65,67,125,133,140,154,155,156,157,158,159,160,161,162,163,164,198,237,238,239,240,264,274,330,337,383,435,533,537,558,595,753,810,820,835,889,890,979,980,981,982,983,984,985,986,987,988,989,990,991,992,993,
489;0;4123;4243;0;0,2,5,6,7,8,9,15,16,17,19,20,21,22,23,24,25,28,29,30,31,32,33,35,45,49,52,55,65,67,125,133,140,154,155,156,157,158,159,160,161,162,163,164,198,237,238,239,240,264,274,330,337,383,435,533,537,558,595,753,810,820,835,889,890,979,980,981,982,983,984,985,986,987,988,989,990,991,992,993,
489;1;4243;4279;0;0,2,5,6,7,8,9,15,16,17,19,20,21,22,23,24,25,28,29,30,31,32,33,35,45,49,52,55,65,67,125,133,140,154,155,156,157,158,159,160,161,162,163,164,198,237,238,239,240,264,274,330,337,383,435,533,537,558,595,753,810,820,835,889,890,979,980,981,982,983,984,985,986,987,988,989,990,991,992,993,
753;0;4279;4439;1;0,2,5,6,7,8,9,15,16,17,19,20,21,22,23,24,25,28,29,30,31,32,33,35,45,49,52,55,65,67,125,133,140,154,155,156,157,158,159,160,161,162,163,164,198,237,238,239,240,264,274,330,337,383,435,533,537,558,595,753,810,820,835,889,890,979,980,981,982,983,984,985,986,987,988,989,990,991,992,993,
87;0;4439;4453;1;0,2,5,6,7,8,9,15,16,17,19,20,21,22,23,24,25,28,29,30,31,32,33,35,45,49,52,55,65,67,125,133,140,154,155,156,157,158,159,160,161,162,163,164,198,237,238,239,240,264,274,330,337,383,435,533,537,558,595,753,810,820,835,889,890,979,980,981,982,983,984,985,986,987,988,989,990,991,992,993,
87;1;4453;4558;1;0,2,5,6,7,8,9,15,16,17,19,20,21,22,23,24,25,28,29,30,31,32,33,35,45,49,52,55,65,67,125,133,140,154,155,156,157,158,159,160,161,162,163,164,198,237,238,239,240,264,274,330,337,383,435,533,537,558,595,753,810,820,835,889,890,979,980,981,982,983,984,985,986,987,988,989,990,991,992,993,
792;0;4558;4710;0;0,2,5,6,7,8,9,15,16,17,19,20,21,22,23,24,25,28,29,30,31,32,33,35,45,49,52,55,65,67,125,133,140,154,155,156,157,158,159,160,161,162,163,164,198,237,238,239,240,264,274,330,337,383,435,533,537,558,595,753,810,820,835,889,890,979,980,981,982,983,984,985,986,987,988,989,990,991,992,993,
792;1;4710;4766;0;0,2,5,6,7,8,9,15,16,17,19,20,21,22,23,24,25,28,29,30,31,32,33,35,45,49,52,55,65,67,125,133,140,154,155,156,157,158,159,160,161,162,163,164,198,237,238,239,240,264,274,330,337,383,435,533,537,558,595,753,810,820,835,889,890,979,980,981,982,983,984,985,986,987,988,989,990,991,992,993,
29;0;4766;4780;0;0,2,5,6,7,8,9,15,16,17,19,20,21,22,23,24,25,28,29,30,31,32,33,35,45,49,52,55,65,67,125,133,140,154,155,156,157,158,159,160,161,162,163,164,198,237,238,239,240,264,274,330,337,383,435,533,537,558,595,753,810,820,835,889,890,979,980,981,982,983,984,985,986,987,988,989,990,991,992,993,
29;1;4780;4940;0;0,2,5,6,7,8,9,15,16,17,19,20,21,22,23,24,25,28,29,30,31,32,33,35,45,49,52,55,65,67,125,133,140,154,155,156,157,158,159,160,161,162,163,164,198,237,238,239,240,264,274,330,337,383,435,533,537,558,595,753,810,820,835,889,890,979,980,981,982,983,984,985,986,987,988,989,990,991,992,993,
324;0;4940;4967;1;0,2,5,6,7,8,9,15,16,17,18,19,20,21,22,23,24,25,28,29,30,32,33,45,47,49,55,56,65,66,67,125,126,127,128,129,133,140,154,155,156,157,158,159,160,161,162,163,164,193,237,238,239,240,263,264,269,274,330,331,332,333,334,531,532,533,534,535,536,537,563,564,565,566,567,568,716,810,1071,1072,
324;1;4967;5042;1;0,2,5,6,7,8,9,15,16,17,18,19,20,21,22,23,24,25,28,29,30,32,33,45,47,49,55,56,65,66,67,125,126,127,128,129,133,140,154,155,156,157,158,159,160,161,162,163,164,193,237,238,239,240,263,264,269,274,330,331,332,333,334,531,532,533,534,535,536,537,563,564,565,566,567,568,716,810,1071,1072,
37;0;5042;5130;1;0,2,5,6,7,8,9,15,16,17,18,19,20,21,22,23,24,25,28,29,30,32,33,45,47,49,55,56,65,66,67,125,126,127,128,129,133,140,154,155,156,157,158,159,160,161,162,163,164,193,237,238,239,240,263,264,269,274,330,331,332,333,334,531,532,533,534,535,536,537,563,564,565,566,567,568,716,810,1071,1072,
37;1;5130;5181;1;0,2,5,6,7,8,9,15,16,17,18,19,20,21,22,23,24,25,28,29,30,32,33,45,47,49,55,56,65,66,67,125,126,127,128,129,133,140,154,155,156,157,158,159,160,161,162,163,164,193,237,238,239,240,263,264,269,274,330,331,332,333,334,531,532,533,534,535,536,537,563,564,565,566,567,568,716,810,1071,1072,
714;0;5181;5331;1;0,2,5,6,7,8,9,15,16,17,18,19,20,21,22,23,24,25,28,29,30,32,33,45,47,49,55,56,65,66,67,125,126,127,128,129,133,140,154,155,156,157,158,159,160,161,162,163,164,193,237,238,239,240,263,264,269,274,330,331,332,333,334,531,532,533,534,535,536,537,563,564,565,566,567,568,716,810,1071,1072,
714;1;5331;5383;1;0,2,5,6,7,8,9,15,16,17,18,19,20,21,22,23,24,25,28,29,30,32,33,45,47,49,55,56,65,66,67,125,126,127,128,129,133,140,154,155,156,157,158,159,160,161,162,163,164,193,237,238,239,240,263,264,269,274,330,331,332,333,334,531,532,533,534,535,536,537,563,564,565,566,567,568,716,810,1071,1072,
447;0;5383;5422;1;0,2,5,6,7,8,9,15,16,17,18,19,20,21,22,23,24,25,28,29,30,32,33,45,47,49,55,56,65,66,67,125,126,127,128,129,133,140,154,155,156,157,158,159,160,161,162,163,164,193,237,238,239,240,263,264,269,274,330,331,332,333,334,531,532,533,534,535,536,537,563,564,565,566,567,568,716,810,1071,1072,
447;1;5422;5566;1;0,2,5,6,7,8,9,15,16,17,18,19,20,21,22,23,24,25,28,29,30,32,33,45,47,49,55,56,65,66,67,125,126,127,128,129,133,140,154,155,156,157,158,159,160,161,162,163,164,193,237,238,239,240,263,264,269,274,330,331,332,333,334,531,532,533,534,535,536,537,563,564,565,566,567,568,716,810,1071,1072,
283;0;5566;5603;1;0,2,5,6,7,8,9,15,16,17,18,19,20,21,22,23,24,25,28,29,30,32,33,45,47,49,55,56,65,66,67,125,126,127,128,129,133,140,154,155,156,157,158,159,160,161,162,163,164,193,237,238,239,240,263,264,269,274,330,331,332,333,334,531,532,533,534,535,536,537,563,564,565,566,567,568,716,810,1071,1072,
656;0;5603;5608;0;0,2,5,6,7,8,9,15,16,17,18,19,20,21,22,23,24,25,28,29,30,32,33,45,47,49,55,56,65,66,67,125,126,127,128,129,133,140,154,155,156,157,158,159,160,161,162,163,164,193,237,238,239,240,263,264,269,274,330,331,332,333,334,531,532,533,534,535,536,537,563,564,565,566,567,568,716,810,1071,1072,
61;0;5608;5660;1;0,2,5,6,7,8,9,15,16,17,18,19,20,21,22,23,24,25,28,29,30,32,33,45,47,49,55,56,65,66,67,125,126,127,128,129,133,140,154,155,156,157,158,159,160,161,162,163,164,193,237,238,239,240,263,264,269,274,330,331,332,333,334,531,532,533,534,535,536,537,563,564,565,566,567,568,716,810,1071,1072,
123;0;5660;5708;1;0,2,5,6,7,8,9,15,16,17,18,19,20,21,22,23,24,25,28,29,30,32,33,45,47,49,55,56,65,66,67,125,126,127,128,129,133,140,154,155,156,157,158,159,160,161,162,163,164,193,237,238,239,240,263,264,269,274,330,331,332,333,334,531,532,533,534,535,536,537,563,564,565,566,567,568,716,810,1071,1072,
157;0;5708;5726;1;0,2,5,6,7,8,9,15,16,17,18,19,20,21,22,23,24,25,28,29,30,32,33,45,47,49,55,56,65,66,67,125,126,127,128,129,133,140,154,155,156,157,158,159,160,161,162,163,164,193,237,238,239,240,263,264,269,274,330,331,332,333,334,531,532,533,534,535,536,537,563,564,565,566,567,568,716,810,1071,1072,
157;1;5726;5762;1;0,2,5,6,7,8,9,15,16,17,18,19,20,21,22,23,24,25,28,29,30,32,33,45,47,49,55,56,65,66,67,125,126,127,128,129,133,140,154,155,156,157,158,159,160,161,162,163,164,193,237,238,239,240,263,264,269,274,330,331,332,333,334,531,532,533,534,535,536,537,563,564,565,566,567,568,716,810,1071,1072,
780;0;5762;5804;1;0,2,5,6,7,8,9,15,16,17,18,19,20,21,23,24,25,28,29,30,32,33,45,47,49,55,56,65,66,67,125,126,127,129,133,136,137,140,154,155,156,157,158,159,160,161,162,163,164,193,206,214,219,237,238,239,240,264,266,269,274,277,330,332,531,532,534,535,537,577,716,760,761,762,763,764,765,766,767,810,
863;0;5804;5855;1;0,2,5,6,7,8,9,15,16,17,18,19,23,29,30,32,33,37,38,40,45,47,49,55,56,65,66,125,129,133,136,137,140,154,155,156,157,158,159,160,161,162,163,164,193,206,214,219,237,238,239,240,266,269,277,330,357,358,362,363,370,371,372,484,537,577,716,760,761,762,763,810,836,837,838,839,840,841,842,843,
537;0;5855;5863;1;0,2,5,6,7,8,9,15,16,17,18,19,23,29,30,32,33,43,45,47,48,49,55,56,57,58,59,62,63,65,125,129,133,140,154,155,156,157,158,159,160,161,162,163,164,172,193,237,238,239,240,450,451,452,453,454,455,456,457,458,459,460,461,462,463,464,465,466,469,537,700,701,702,703,704,705,706,707,716,810,
537;1;5863;5982;1;0,2,5,6,7,8,9,15,16,17,18,19,23,29,30,32,33,43,45,47,48,49,55,56,57,58,59,62,63,65,125,129,133,140,154,155,156,157,158,159,160,161,162,163,164,172,193,237,238,239,240,450,451,452,453,454,455,456,457,458,459,460,461,462,463,464,465,466,469,537,700,701,702,703,704,705,706,707,716,810,
883;0;5982;6108;1;0,2,5,6,7,8,9,15,16,17,18,19,23,29,30,32,33,43,45,47,48,49,55,56,57,58,59,62,63,65,125,129,133,140,154,155,156,157,158,159,160,161,162,163,164,172,193,237,238,239,240,450,451,452,453,454,455,456,457,458,459,460,461,462,463,464,465,466,469,537,700,701,702,703,704,705,706,707,716,810,
560;0;6108;6113;1;0,2,5,6,7,8,9,15,16,17,18,19,23,29,30,32,33,43,45,47,48,49,55,56,57,58,59,62,63,65,125,129,133,140,154,155,156,157,158,159,160,161,162,163,164,172,193,237,238,239,240,450,451,452,453,454,455,456,457,458,459,460,461,462,463,464,465,466,469,537,700,701,702,703,704,705,706,707,716,810,
63;0;6113;6193;1;0,2,5,6,7,8,9,15,16,17,18,19,23,29,30,32,33,43,45,47,48,49,55,56,57,58,59,62,63,65,125,129,133,140,154,155,156,157,158,159,160,161,162,163,164,172,193,237,238,239,240,450,451,452,453,454,455,456,457,458,459,460,461,462,463,464,465,466,469,537,700,701,702,703,704,705,706,707,716,810,
881;0;6193;6340;1;0,2,5,6,7,8,9,15,16,17,18,19,23,29,30,32,33,43,45,47,48,49,55,56,57,58,59,62,63,65,125,129,133,140,154,155,156,157,158,159,160,161,162,163,164,172,193,237,238,239,240,450,451,452,453,454,455,456,457,458,459,460,461,462,463,464,465,466,469,537,700,701,702,703,704,705,706,707,716,810,
411;0;6340;6451;1;0,2,5,6,7,8,9,15,16,17,18,19,23,29,30,32,33,43,45,47,48,49,55,56,57,58,59,62,63,65,125,129,133,140,154,155,156,157,158,159,160,161,162,163,164,172,193,237,238,239,240,450,451,452,453,454,455,456,457,458,459,460,461,462,463,464,465,466,469,537,700,701,702,703,704,705,706,707,716,810,
340;0;6451;6495;1;0,1,2,3,4,5,6,7,8,9,15,16,18,23,29,30,31,32,33,34,35,43,44,45,46,47,48,49,50,51,52,53,54,55,56,57,58,59,60,61,62,63,64,65,125,129,133,140,154,155,156,157,158,159,160,161,162,163,164,172,193,196,199,200,239,355,399,453,537,591,716,750,810,844,1076,1077,1078,1287,1288,1344,
544;0;6495;6649;1;0,1,2,3,4,5,6,7,8,9,15,16,18,23,29,30,31,32,33,34,35,43,44,45,46,47,48,49,50,51,52,53,54,55,56,57,58,59,60,61,62,63,64,65,125,129,133,140,154,155,156,157,158,159,160,161,162,163,164,172,193,196,199,200,239,355,399,453,537,591,716,750,810,844,1076,1077,1078,1287,1288,1344,
544;1;6649;6680;1;0,1,2,3,4,5,6,7,8,9,15,16,18,23,29,30,31,32,33,34,35,43,44,45,46,47,48,49,50,51,52,53,54,55,56,57,58,59,60,61,62,63,64,65,125,129,133,140,154,155,156,157,158,159,160,161,162,163,164,172,193,196,199,200,239,355,399,453,537,591,716,750,810,844,1076,1077,1078,1287,1288,1344,
807;0;6680;6830;1;0,1,2,3,4,5,6,7,8,9,15,16,18,23,29,30,31,32,33,34,35,43,44,45,46,47,48,49,50,51,52,53,54,55,56,57,58,59,60,61,62,63,64,65,125,129,133,140,154,155,156,157,158,159,160,161,162,163,164,172,193,196,199,200,239,355,399,453,537,591,716,750,810,844,1076,1077,1078,1287,1288,1344,
807;1;6830;6908;1;0,1,2,3,4,5,6,7,8,9,15,16,18,23,29,30,31,32,33,34,35,43,44,45,46,47,48,49,50,51,52,53,54,55,56,57,58,59,60,61,62,63,64,65,125,129,133,140,154,155,156,157,158,159,160,161,162,163,164,172,193,196,199,200,239,355,399,453,537,591,716,750,810,844,1076,1077,1078,1287,1288,1344,
747;0;6908;6998;1;0,1,2,3,4,5,6,7,8,9,15,16,18,23,29,30,31,32,33,34,35,43,44,45,46,47,48,49,50,51,52,53,54,55,56,57,58,59,60,61,62,63,64,65,125,129,133,140,154,155,156,157,158,159,160,161,162,163,164,172,193,196,199,200,239,355,399,453,537,591,716,750,810,844,1076,1077,1078,1287,1288,1344,
747;1;6998;7047;1;0,1,2,3,4,5,6,7,8,9,15,16,18,23,29,30,31,32,33,34,35,43,44,45,46,47,48,49,50,51,52,53,54,55,56,57,58,59,60,61,62,63,64,65,125,129,133,140,154,155,156,157,158,159,160,161,162,163,164,172,193,196,199,200,239,355,399,453,537,591,716,750,810,844,1076,1077,1078,1287,1288,1344,
567;0;7047;7136;1;0,1,2,3,4,5,6,7,8,9,15,16,18,23,29,30,31,32,33,34,35,43,44,45,46,47,48,49,50,51,52,53,54,55,56,57,58,59,60,61,62,63,64,65,125,129,133,140,154,155,156,157,158,159,160,161,162,163,164,172,193,196,199,200,239,355,399,453,537,591,716,750,810,844,1076,1077,1078,1287,1288,1344,
567;1;7136;7167;1;0,1,2,3,4,5,6,7,8,9,15,16,18,23,29,30,31,32,33,34,35,43,44,45,46,47,48,49,50,51,52,53,54,55,56,57,58,59,60,61,62,63,64,65,125,129,133,140,154,155,156,157,158,159,160,161,162,163,164,172,193,196,199,200,239,355,399,453,537,591,716,750,810,844,1076,1077,1078,1287,1288,1344,
664;0;7167;7206;1;0,1,2,3,4,5,6,7,8,9,15,16,18,23,29,30,31,32,33,34,35,43,44,45,46,47,48,49,50,51,52,53,54,55,56,57,58,59,60,61,62,63,64,65,125,129,133,140,154,155,156,157,158,159,160,161,162,163,164,172,193,196,199,200,239,355,399,453,537,591,716,750,810,844,1076,1077,1078,1287,1288,1344,
664;1;7206;7218;1;0,1,2,3,4,5,6,7,8,9,15,16,18,23,29,30,31,32,33,34,35,43,44,45,46,47,48,49,50,51,52,53,54,55,56,57,58,59,60,61,62,63,64,65,125,129,133,140,154,155,156,157,158,159,160,161,162,163,164,172,193,196,199,200,239,355,399,453,537,591,716,750,810,844,1076,1077,1078,1287,1288,1344,
967;0;7218;7375;1;0,1,2,3,4,5,6,7,8,9,12,29,30,31,32,33,34,35,43,44,45,46,47,48,49,50,51,52,53,54,55,56,57,58,59,60,61,62,63,64,65,82,87,106,125,140,154,155,156,157,158,159,160,161,162,163,164,172,176,193,196,200,341,453,488,489,537,716,753,810,849,873,874,875,876,877,878,879,880,881,
967;1;7375;7395;1;0,1,2,3,4,5,6,7,8,9,12,29,30,31,32,33,34,35,43,44,45,46,47,48,49,50,51,52,53,54,55,56,57,58,59,60,61,62,63,64,65,82,87,106,125,140,154,155,156,157,158,159,160,161,162,163,164,172,176,193,196,200,341,453,488,489,537,716,753,810,849,873,874,875,876,877,878,879,880,881,
820;0;7395;7542;1;0,1,2,3,4,5,6,7,8,9,12,29,30,31,32,33,34,35,43,44,45,46,47,48,49,50,51,52,53,54,55,56,57,58,59,60,61,62,63,64,65,82,87,106,125,140,154,155,156,157,158,159,160,161,162,163,164,172,176,193,196,200,341,453,488,489,537,716,753,810,849,873,874,875,876,877,878,879,880,881,
690;0;7542;7668;1;0,1,2,3,4,5,6,7,8,9,12,29,30,31,32,33,34,35,43,44,45,46,47,48,49,50,51,52,53,54,55,56,57,58,59,60,61,62,63,64,65,82,87,106,125,140,154,155,156,157,158,159,160,161,162,163,164,172,176,193,196,200,341,453,488,489,537,716,753,810,849,873,874,875,876,877,878,879,880,881,
414;0;7668;7740;1;0,1,2,3,4,5,6,7,8,9,29,30,31,32,33,34,35,43,44,45,46,47,48,49,50,51,52,53,54,55,56,57,58,59,60,61,62,63,64,65,78,98,101,125,155,157,158,172,176,178,184,193,196,200,345,440,453,488,489,506,716,732,753,799,847,848,849,850,851,852,853,854,855,856,857,858,859,860,861,862,
414;1;7740;7896;1;0,1,2,3,4,5,6,7,8,9,29,30,31,32,33,34,35,43,44,45,46,47,48,49,50,51,52,53,54,55,56,57,58,59,60,61,62,63,64,65,78,98,101,125,155,157,158,172,176,178,184,193,196,200,345,440,453,488,489,506,716,732,753,799,847,848,849,850,851,852,853,854,855,856,857,858,859,860,861,862,
176;0;7896;7937;0;0,1,2,3,4,5,6,7,8,9,29,30,31,32,33,34,35,43,44,45,46,47,48,49,50,51,52,53,54,55,56,57,58,59,60,61,62,63,64,65,125,166,167,168,169,170,171,172,173,174,178,187,193,196,200,347,348,403,440,473,500,501,502,503,504,505,519,616,845,846,849,1143,1144,1145,1146,1147,1148,1149,1150,1151,
986;0;7937;7955;0;0,1,2,3,4,5,6,7,8,9,29,30,31,32,33,34,35,43,44,45,46,47,48,49,50,51,52,53,54,55,56,57,58,59,60,61,62,63,64,65,125,166,167,168,169,170,171,172,173,174,178,187,193,196,200,347,348,403,440,473,500,501,502,503,504,505,519,616,845,846,849,1143,1144,1145,1146,1147,1148,1149,1150,1151,
81;0;7955;8056;1;0,1,2,3,4,5,6,7,8,9,29,30,31,32,33,34,35,43,44,45,46,47,48,49,50,51,52,53,54,55,56,57,58,59,60,61,62,63,64,65,125,166,167,168,169,170,171,172,173,174,178,187,193,196,200,347,348,403,440,473,500,501,502,503,504,505,519,616,845,846,849,1143,1144,1145,1146,1147,1148,1149,1150,1151,
522;0;8056;8085;0;0,1,2,3,4,5,6,7,8,9,29,30,31,32,33,34,35,43,44,45,46,47,48,49,50,51,52,53,54,55,56,57,58,59,60,61,62,63,64,65,125,166,167,168,169,170,171,172,173,174,178,187,193,196,200,347,348,403,440,473,500,501,502,503,504,505,519,616,845,846,849,1143,1144,1145,1146,1147,1148,1149,1150,1151,
522;1;8085;8136;0;0,1,2,3,4,5,6,7,8,9,29,30,31,32,33,34,35,43,44,45,46,47,48,49,50,51,52,53,54,55,56,57,58,59,60,61,62,63,64,65,125,166,167,168,169,170,171,172,173,174,178,187,193,196,200,347,348,403,440,473,500,501,502,503,504,505,519,616,845,846,849,1143,1144,1145,1146,1147,1148,1149,1150,1151,
289;0;8136;8296;0;0,1,2,3,4,5,6,7,8,9,29,30,31,32,33,34,35,43,44,45,46,47,48,49,50,51,52,53,54,55,56,57,58,59,60,61,62,63,64,65,125,166,167,168,169,170,171,172,173,174,178,187,193,196,200,347,348,403,440,473,500,501,502,503,504,505,519,616,845,846,849,1143,1144,1145,1146,1147,1148,1149,1150,1151,
289;1;8296;8314;0;0,1,2,3,4,5,6,7,8,9,29,30,31,32,33,34,35,43,44,45,46,47,48,49,50,51,52,53,54,55,56,57,58,59,60,61,62,63,64,65,125,166,167,168,169,170,171,172,173,174,178,187,193,196,200,347,348,403,440,473,500,501,502,503,504,505,519,616,845,846,849,1143,1144,1145,1146,1147,1148,1149,1150,1151,
336;0;8314;8346;0;0,1,2,3,4,5,6,7,8,9,29,30,31,32,33,34,35,43,44,45,46,47,48,49,50,51,52,53,54,55,56,57,58,59,60,61,62,63,64,65,125,166,167,168,169,170,171,172,173,174,178,187,193,196,200,347,348,403,440,473,500,501,502,503,504,505,519,616,845,846,849,1143,1144,1145,1146,1147,1148,1149,1150,1151,
872;0;8346;8434;0;0,1,2,3,4,5,6,7,8,9,29,30,31,32,33,34,35,43,44,45,46,47,48,49,50,51,52,53,54,55,56,57,58,59,60,61,62,63,64,65,125,166,167,168,169,170,171,172,173,174,178,187,193,196,200,347,348,403,440,473,500,501,502,503,504,505,519,616,845,846,849,1143,1144,1145,1146,1147,1148,1149,1150,1151,
872;1;8434;8484;0;0,1,2,3,4,5,6,7,8,9,29,30,31,32,33,34,35,43,44,45,46,47,48,49,50,51,52,53,54,55,56,57,58,59,60,61,62,63,64,65,125,166,167,168,169,170,171,172,173,174,178,187,193,196,200,347,348,403,440,473,500,501,502,503,504,505,519,616,845,846,849,1143,1144,1145,1146,1147,1148,1149,1150,1151,
389;0;8484;8516;0;0,1,2,3,4,5,6,7,8,9,29,30,31,32,33,34,35,43,44,45,46,47,48,49,50,51,52,53,54,55,56,57,58,59,60,61,62,63,64,65,125,166,167,168,169,170,171,172,173,174,178,187,193,196,200,347,348,403,440,473,500,501,502,503,504,505,519,616,845,846,849,1143,1144,1145,1146,1147,1148,1149,1150,1151,
389;1;8516;8548;0;0,1,2,3,4,5,6,7,8,9,29,30,31,32,33,34,35,43,44,45,46,47,48,49,50,51,52,53,54,55,56,57,58,59,60,61,62,63,64,65,125,166,167,168,169,170,171,172,173,174,178,187,193,196,200,347,348,403,440,473,500,501,502,503,504,505,519,616,845,846,849,1143,1144,1145,1146,1147,1148,1149,1150,1151,
369;0;8548;8708;0;0,1,2,3,4,5,6,7,8,9,29,30,31,32,33,34,35,43,44,45,46,47,48,49,50,51,52,53,54,55,56,57,58,59,60,61,62,63,64,65,125,166,167,168,169,170,171,172,173,174,178,187,193,196,200,347,348,403,440,473,500,501,502,503,504,505,519,616,845,846,849,1143,1144,1145,1146,1147,1148,1149,1150,1151,
369;1;8708;8714;0;0,1,2,3,4,5,6,7,8,9,29,30,31,32,33,34,35,43,44,45,46,47,48,49,50,51,52,53,54,55,56,57,58,59,60,61,62,63,64,65,125,166,167,168,169,170,171,172,173,174,178,187,193,196,200,347,348,403,440,473,500,501,502,503,504,505,519,616,845,846,849,1143,1144,1145,1146,1147,1148,1149,1150,1151,
760;0;8714;8744;1;0,1,2,3,4,5,6,7,8,9,29,30,31,32,33,34,35,43,44,45,46,47,48,49,50,51,52,53,54,55,56,57,58,59,60,61,62,63,64,65,125,166,167,168,169,170,171,172,173,174,178,187,193,196,200,347,348,403,440,473,500,501,502,503,504,505,519,616,845,846,849,1143,1144,1145,1146,1147,1148,1149,1150,1151,
520;0;8744;8795;1;0,1,2,3,4,5,6,7,8,9,29,30,31,32,33,34,35,43,44,45,46,47,48,49,50,51,52,53,54,55,56,57,58,59,60,61,62,63,64,65,125,166,167,168,169,170,171,172,173,174,178,187,193,196,200,347,348,403,440,473,500,501,502,503,504,505,519,616,845,846,849,1143,1144,1145,1146,1147,1148,1149,1150,1151,
217;0;8795;8827;1;0,1,2,3,4,5,6,7,8,9,29,30,31,32,33,34,35,43,44,45,46,47,48,49,50,51,52,53,54,55,56,57,58,59,60,61,62,63,64,65,125,166,167,168,169,170,171,172,173,174,178,187,193,196,200,347,348,403,440,473,500,501,502,503,504,505,519,616,845,846,849,1143,1144,1145,1146,1147,1148,1149,1150,1151,
217;1;8827;8983;1;0,1,2,3,4,5,6,7,8,9,29,30,31,32,33,34,35,43,44,45,46,47,48,49,50,51,52,53,54,55,56,57,58,59,60,61,62,63,64,65,125,166,167,168,169,170,171,172,173,174,178,187,193,196,200,347,348,403,440,473,500,501,502,503,504,505,519,616,845,846,849,1143,1144,1145,1146,1147,1148,1149,1150,1151,
636;0;8983;8988;0;0,1,2,3,4,5,6,7,8,9,29,30,31,32,33,34,35,43,44,45,46,47,48,49,50,51,52,53,54,55,56,57,58,59,60,61,62,63,64,65,125,166,167,168,169,170,171,172,173,174,178,187,193,196,200,347,348,403,440,473,500,501,502,503,504,505,519,616,845,846,849,1143,1144,1145,1146,1147,1148,1149,1150,1151,
36;0;8988;9037;0;0,1,2,3,4,5,6,7,8,9,29,30,31,32,33,34,35,43,44,45,46,47,48,49,50,51,52,53,54,55,56,57,58,59,60,61,62,63,64,65,125,166,167,168,169,170,171,172,173,174,178,187,193,196,200,347,348,403,440,473,500,501,502,503,504,505,519,616,845,846,849,1143,1144,1145,1146,1147,1148,1149,1150,1151,
587;0;9037;9133;1;0,1,2,3,4,5,6,7,8,9,29,30,31,32,33,34,35,43,44,45,46,47,48,49,50,51,52,53,54,55,56,57,58,59,60,61,62,63,64,65,125,166,167,168,169,170,171,172,173,174,178,187,193,196,200,347,348,403,440,473,500,501,502,503,504,505,519,616,845,846,849,1143,1144,1145,1146,1147,1148,1149,1150,1151,
587;1;9133;9287;1;0,1,2,3,4,5,6,7,8,9,29,30,31,32,33,34,35,43,44,45,46,47,48,49,50,51,52,53,54,55,56,57,58,59,60,61,62,63,64,65,125,166,167,168,169,170,171,172,173,174,178,187,193,196,200,347,348,403,440,473,500,501,502,503,504,505,519,616,845,846,849,1143,1144,1145,1146,1147,1148,1149,1150,1151,
530;0;9287;9291;1;0,1,2,3,4,5,6,7,8,9,29,30,31,32,33,34,35,43,44,45,46,47,48,49,50,51,52,53,54,55,56,57,58,59,60,61,62,63,64,65,125,166,167,168,169,170,171,172,173,174,178,187,193,196,200,347,348,403,440,473,500,501,502,503,504,505,519,616,845,846,849,1143,1144,1145,1146,1147,1148,1149,1150,1151,
531;0;9291;9403;1;0,1,2,3,4,5,6,7,8,9,29,30,31,32,33,34,35,43,44,45,46,47,48,49,50,51,52,53,54,55,56,57,58,59,60,61,62,63,64,65,125,166,167,168,172,178,187,193,196,200,202,403,440,453,500,501,502,503,504,505,687,689,709,716,717,718,719,720,849,1008,1009,1010,1011,1012,1013,1014,1015,1108,1200,1217,
588;0;9403;9407;0;0,1,2,3,4,5,6,7,8,9,29,30,31,32,33,34,35,43,44,45,46,47,48,49,50,51,52,53,54,55,56,57,58,59,60,61,62,63,64,65,125,166,167,168,172,178,187,193,196,200,202,403,440,453,500,501,502,503,504,505,687,689,709,716,717,718,719,720,849,1008,1009,1010,1011,1012,1013,1014,1015,1108,1200,1217,
878;0;9407;9425;0;0,1,2,3,4,5,6,7,8,9,29,30,31,32,33,34,35,43,44,45,46,47,48,49,50,51,52,53,54,55,56,57,58,59,60,61,62,63,64,65,125,166,167,168,172,178,187,193,196,200,202,403,440,453,500,501,502,503,504,505,687,689,709,716,717,718,719,720,849,1008,1009,1010,1011,1012,1013,1014,1015,1108,1200,1217,
960;0;9425;9480;1;0,1,2,3,4,5,6,7,8,9,29,30,31,32,33,34,35,43,44,45,46,47,48,49,50,51,52,53,54,55,56,57,58,59,60,61,62,63,64,65,125,166,167,168,172,178,187,193,196,200,202,403,440,453,500,501,502,503,504,505,687,689,709,716,717,718,719,720,849,1008,1009,1010,1011,1012,1013,1014,1015,1108,1200,1217,
393;0;9480;9535;1;0,1,2,3,4,5,6,7,8,9,29,30,31,32,33,34,35,43,44,45,46,47,48,49,50,51,52,53,54,55,56,57,58,59,60,61,62,63,64,65,125,166,167,168,172,178,187,193,196,200,202,403,440,453,500,501,502,503,504,505,687,689,709,716,717,718,719,720,849,1008,1009,1010,1011,1012,1013,1014,1015,1108,1200,1217,
320;0;9535;9640;1;0,1,2,3,4,5,6,7,8,9,29,30,31,32,33,34,35,43,44,45,46,47,48,49,50,51,52,53,54,55,56,57,58,59,60,61,62,63,64,65,125,166,167,168,172,178,187,193,196,200,202,403,440,453,500,501,502,503,504,505,687,689,709,716,717,718,719,720,849,1008,1009,1010,1011,1012,1013,1014,1015,1108,1200,1217,
384;0;9640;9673;1;0,1,2,3,4,5,6,7,8,9,29,30,31,32,33,34,35,43,44,45,46,47,48,49,50,51,52,53,54,55,56,57,58,59,60,61,62,63,64,65,125,166,167,168,172,178,187,193,196,200,202,403,440,453,500,501,502,503,504,505,687,689,709,716,717,718,719,720,849,1008,1009,1010,1011,1012,1013,1014,1015,1108,1200,1217,
384;1;9673;9760;1;0,1,2,3,4,5,6,7,8,9,29,30,31,32,33,34,35,43,44,45,46,47,48,49,50,51,52,53,54,55,56,57,58,59,60,61,62,63,64,65,125,166,167,168,172,178,187,193,196,200,202,403,440,453,500,501,502,503,504,505,687,689,709,716,717,718,719,720,849,1008,1009,1010,1011,1012,1013,1014,1015,1108,1200,1217,
103;0;9760;9865;1;0,1,2,3,4,5,6,7,8,9,29,30,31,32,33,34,35,43,44,45,46,47,48,49,50,51,52,53,54,55,56,57,58,59,60,61,62,63,64,65,125,166,167,168,172,178,187,193,196,200,202,403,440,453,500,501,502,503,504,505,687,689,709,716,717,718,719,720,849,1008,1009,1010,1011,1012,1013,1014,1015,1108,1200,1217,
789;0;9865;9961;0;0,1,2,3,4,5,6,7,8,9,29,30,31,32,33,34,35,43,44,45,46,47,48,49,50,51,52,53,54,55,56,57,58,59,60,61,62,63,64,65,125,166,167,168,172,178,187,193,196,200,202,403,440,453,500,501,502,503,504,505,687,689,709,716,717,718,719,720,849,1008,1009,1010,1011,1012,1013,1014,1015,1108,1200,1217,
789;1;9961;9994;0;0,1,2,3,4,5,6,7,8,9,29,30,31,32,33,34,35,43,44,45,46,47,48,49,50,51,52,53,54,55,56,57,58,59,60,61,62,63,64,65,125,166,167,168,172,178,187,193,196,200,202,403,440,453,500,501,502,503,504,505,687,689,709,716,717,718,719,720,849,1008,1009,1010,1011,1012,1013,1014,1015,1108,1200,1217,
759;0;9994;10008;0;0,1,2,3,4,5,6,7,8,9,29,30,31,32,33,34,35,43,44,45,46,47,48,49,50,51,52,53,54,55,56,57,58,59,60,61,62,63,64,65,125,166,167,168,172,178,187,193,196,200,202,403,440,453,500,501,502,503,504,505,687,689,709,716,717,718,719,720,849,1008,1009,1010,1011,1012,1013,1014,1015,1108,1200,1217,
759;1;10008;10037;0;0,1,2,3,4,5,6,7,8,9,29,30,31,32,33,34,35,43,44,45,46,47,48,49,50,51,52,53,54,55,56,57,58,59,60,61,62,63,64,65,125,166,167,168,172,178,187,193,196,200,202,403,440,453,500,501,502,503,504,505,687,689,709,716,717,718,719,720,849,1008,1009,1010,1011,1012,1013,1014,1015,1108,1200,1217,
251;0;10037;10041;1;0,1,2,3,4,5,6,7,8,9,29,30,31,32,33,34,35,43,44,45,46,47,48,49,50,51,52,53,54,55,56,57,58,59,60,61,62,63,64,65,125,166,167,168,172,178,187,193,196,200,202,403,440,453,500,501,502,503,504,505,687,689,709,716,717,718,719,720,849,1008,1009,1010,1011,1012,1013,1014,1015,1108,1200,1217,
841;0;10041;10059;1;0,1,2,3,4,5,6,7,8,9,29,30,31,32,33,34,35,43,44,45,46,47,48,49,50,51,52,53,54,55,56,57,58,59,60,61,62,63,64,65,125,166,167,168,172,178,187,193,196,200,202,403,440,453,500,501,502,503,504,505,687,689,709,716,717,718,719,720,849,1008,1009,1010,1011,1012,1013,1014,1015,1108,1200,1217,
END
fineshedJobsCount: 788
switchs: 2086
switchsInstances: 76
unfineshedPriorityCount: 97
totalUnfineshed: 613
criticalMachineSwitchs: 362
criticalMachineTime: 10076
Final Solution: 17884
Time: 2163542
PTL: 499
MCMC: 405
Best Initial: -2463
Mean Initial: -3000
