./input/BaseInstances/6M1_n=340,r=0.6,t=431,v0.txt;./input/Processed/ToolSetInt.csv
7;720;1440
Machine: 0
189;0;0;117;1;0,18,36,53,54,55,56,57,58,59,60,61,62,70,72,115,116,117,118,119,120,121,122,123,124,134,155,193,207,208,216,220,221,250,251,253,254,255,256,257,258,259,260,261,277,278,279,280,281,283,289,290,291,292,293,294,295,296,305,306,307,352,353,354,355,356,357,358,359,375,376,389,390,391,392,404,405,406,407,408,
189;1;117;138;1;0,18,36,53,54,55,56,57,58,59,60,61,62,70,72,115,116,117,118,119,120,121,122,123,124,134,155,193,207,208,216,220,221,250,251,253,254,255,256,257,258,259,260,261,277,278,279,280,281,283,289,290,291,292,293,294,295,296,305,306,307,352,353,354,355,356,357,358,359,375,376,389,390,391,392,404,405,406,407,408,
16;0;138;218;1;0,18,36,53,54,55,56,57,58,59,60,61,62,70,72,115,116,117,118,119,120,121,122,123,124,134,155,193,207,208,216,220,221,250,251,253,254,255,256,257,258,259,260,261,277,278,279,280,281,283,289,290,291,292,293,294,295,296,305,306,307,352,353,354,355,356,357,358,359,375,376,389,390,391,392,404,405,406,407,408,
16;1;218;315;1;0,18,36,53,54,55,56,57,58,59,60,61,62,70,72,115,116,117,118,119,120,121,122,123,124,134,155,193,207,208,216,220,221,250,251,253,254,255,256,257,258,259,260,261,277,278,279,280,281,283,289,290,291,292,293,294,295,296,305,306,307,352,353,354,355,356,357,358,359,375,376,389,390,391,392,404,405,406,407,408,
53;0;315;413;0;0,18,36,53,54,55,56,57,58,59,60,61,62,70,72,115,116,117,118,119,120,121,122,123,124,134,155,193,207,208,216,220,221,250,251,253,254,255,256,257,258,259,260,261,277,278,279,280,281,283,289,290,291,292,293,294,295,296,305,306,307,352,353,354,355,356,357,358,359,375,376,389,390,391,392,404,405,406,407,408,
53;1;413;473;0;0,18,36,53,54,55,56,57,58,59,60,61,62,70,72,115,116,117,118,119,120,121,122,123,124,134,155,193,207,208,216,220,221,250,251,253,254,255,256,257,258,259,260,261,277,278,279,280,281,283,289,290,291,292,293,294,295,296,305,306,307,352,353,354,355,356,357,358,359,375,376,389,390,391,392,404,405,406,407,408,
27;0;473;578;0;0,18,36,53,54,55,56,57,58,59,60,61,62,70,72,115,116,117,118,119,120,121,122,123,124,134,155,193,207,208,216,220,221,250,251,253,254,255,256,257,258,259,260,261,277,278,279,280,281,283,289,290,291,292,293,294,295,296,305,306,307,352,353,354,355,356,357,358,359,375,376,389,390,391,392,404,405,406,407,408,
199;0;578;681;1;0,18,36,53,54,55,56,57,58,59,60,61,62,70,72,115,116,117,118,119,120,121,122,123,124,134,155,193,207,208,216,220,221,250,251,253,254,255,256,257,258,259,260,261,277,278,279,280,281,283,289,290,291,292,293,294,295,296,305,306,307,352,353,354,355,356,357,358,359,375,376,389,390,391,392,404,405,406,407,408,
199;1;681;720;1;0,18,36,53,54,55,56,57,58,59,60,61,62,70,72,115,116,117,118,119,120,121,122,123,124,134,155,193,207,208,216,220,221,250,251,253,254,255,256,257,258,259,260,261,277,278,279,280,281,283,289,290,291,292,293,294,295,296,305,306,307,352,353,354,355,356,357,358,359,375,376,389,390,391,392,404,405,406,407,408,
207;0;720;888;0;0,18,36,53,54,55,56,57,58,59,60,61,62,70,72,115,116,117,118,119,120,121,122,123,124,134,155,193,207,208,216,220,221,250,251,253,254,255,256,257,258,259,260,261,277,278,279,280,281,283,289,290,291,292,293,294,295,296,305,306,307,352,353,354,355,356,357,358,359,375,376,389,390,391,392,404,405,406,407,408,
59;0;888;981;1;0,18,36,53,54,55,56,57,58,59,60,61,62,70,72,115,116,117,118,119,120,121,122,123,124,134,155,193,207,208,216,220,221,250,251,253,254,255,256,257,258,259,260,261,277,278,279,280,281,283,289,290,291,292,293,294,295,296,305,306,307,352,353,354,355,356,357,358,359,375,376,389,390,391,392,404,405,406,407,408,
59;1;981;1105;1;0,18,36,53,54,55,56,57,58,59,60,61,62,70,72,115,116,117,118,119,120,121,122,123,124,134,155,193,207,208,216,220,221,250,251,253,254,255,256,257,258,259,260,261,277,278,279,280,281,283,289,290,291,292,293,294,295,296,305,306,307,352,353,354,355,356,357,358,359,375,376,389,390,391,392,404,405,406,407,408,
210;0;1105;1280;0;0,18,36,53,54,55,56,57,58,59,60,61,62,70,72,115,116,117,118,119,120,121,122,123,124,134,155,193,207,208,216,220,221,250,251,253,254,255,256,257,258,259,260,261,277,278,279,280,281,283,289,290,291,292,293,294,295,296,305,306,307,352,353,354,355,356,357,358,359,375,376,389,390,391,392,404,405,406,407,408,
160;0;1280;1331;0;0,18,36,53,54,55,56,57,58,59,60,61,62,70,72,115,116,117,118,119,120,121,122,123,124,134,155,193,207,208,216,220,221,250,251,253,254,255,256,257,258,259,260,261,277,278,279,280,281,283,289,290,291,292,293,294,295,296,305,306,307,352,353,354,355,356,357,358,359,375,376,389,390,391,392,404,405,406,407,408,
86;0;1331;1440;1;0,18,36,53,54,55,56,57,58,59,60,61,62,70,72,115,116,117,118,119,120,121,122,123,124,134,155,193,207,208,216,220,221,250,251,253,254,255,256,257,258,259,260,261,277,278,279,280,281,283,289,290,291,292,293,294,295,296,305,306,307,352,353,354,355,356,357,358,359,375,376,389,390,391,392,404,405,406,407,408,
86;1;1440;1615;1;0,18,36,53,54,55,56,57,58,59,60,61,62,70,72,115,116,117,118,119,120,121,122,123,124,134,155,193,207,208,216,220,221,250,251,253,254,255,256,257,258,259,260,261,277,278,279,280,281,283,289,290,291,292,293,294,295,296,305,306,307,352,353,354,355,356,357,358,359,375,376,389,390,391,392,404,405,406,407,408,
72;0;1615;1759;0;0,18,36,53,54,55,56,57,58,59,60,61,62,70,72,115,116,117,118,119,120,121,122,123,124,134,155,193,207,208,216,220,221,250,251,253,254,255,256,257,258,259,260,261,277,278,279,280,281,283,289,290,291,292,293,294,295,296,305,306,307,352,353,354,355,356,357,358,359,375,376,389,390,391,392,404,405,406,407,408,
154;0;1759;1903;1;0,18,36,53,54,55,56,57,58,59,60,61,62,70,72,115,116,117,118,119,120,121,122,123,124,134,155,193,207,208,216,220,221,250,251,253,254,255,256,257,258,259,260,261,277,278,279,280,281,283,289,290,291,292,293,294,295,296,305,306,307,352,353,354,355,356,357,358,359,375,376,389,390,391,392,404,405,406,407,408,
154;1;1903;2017;1;0,18,36,53,54,55,56,57,58,59,60,61,62,70,72,115,116,117,118,119,120,121,122,123,124,134,155,193,207,208,216,220,221,250,251,253,254,255,256,257,258,259,260,261,277,278,279,280,281,283,289,290,291,292,293,294,295,296,305,306,307,352,353,354,355,356,357,358,359,375,376,389,390,391,392,404,405,406,407,408,
29;0;2017;2155;1;0,18,36,53,54,55,56,57,58,59,60,61,62,70,72,115,116,117,118,119,120,121,122,123,124,134,155,193,207,208,216,220,221,250,251,253,254,255,256,257,258,259,260,261,277,278,279,280,281,283,289,290,291,292,293,294,295,296,305,306,307,352,353,354,355,356,357,358,359,375,376,389,390,391,392,404,405,406,407,408,
29;1;2155;2199;1;0,18,36,53,54,55,56,57,58,59,60,61,62,70,72,115,116,117,118,119,120,121,122,123,124,134,155,193,207,208,216,220,221,250,251,253,254,255,256,257,258,259,260,261,277,278,279,280,281,283,289,290,291,292,293,294,295,296,305,306,307,352,353,354,355,356,357,358,359,375,376,389,390,391,392,404,405,406,407,408,
172;0;2199;2276;0;0,18,36,53,54,55,56,57,58,59,60,61,62,70,72,115,116,117,118,119,120,121,122,123,124,134,155,193,207,208,216,220,221,250,251,253,254,255,256,257,258,259,260,261,277,278,279,280,281,283,289,290,291,292,293,294,295,296,305,306,307,352,353,354,355,356,357,358,359,375,376,389,390,391,392,404,405,406,407,408,
208;0;2276;2315;0;0,18,36,53,54,55,56,57,58,59,60,61,62,70,72,115,116,117,118,119,120,121,122,123,124,134,155,193,207,208,216,220,221,250,251,253,254,255,256,257,258,259,260,261,277,278,279,280,281,283,289,290,291,292,293,294,295,296,305,306,307,352,353,354,355,356,357,358,359,375,376,389,390,391,392,404,405,406,407,408,
208;1;2315;2359;0;0,18,36,53,54,55,56,57,58,59,60,61,62,70,72,115,116,117,118,119,120,121,122,123,124,134,155,193,207,208,216,220,221,250,251,253,254,255,256,257,258,259,260,261,277,278,279,280,281,283,289,290,291,292,293,294,295,296,305,306,307,352,353,354,355,356,357,358,359,375,376,389,390,391,392,404,405,406,407,408,
45;0;2359;2398;0;0,18,36,53,54,55,56,57,58,59,60,61,62,70,72,115,116,117,118,119,120,121,122,123,124,134,155,193,207,208,216,220,221,250,251,253,254,255,256,257,258,259,260,261,277,278,279,280,281,283,289,290,291,292,293,294,295,296,305,306,307,352,353,354,355,356,357,358,359,375,376,389,390,391,392,404,405,406,407,408,
79;0;2398;2495;1;0,18,36,53,54,55,56,57,58,59,60,61,62,70,72,115,116,117,118,119,120,121,122,123,124,134,155,193,207,208,216,220,221,250,251,253,254,255,256,257,258,259,260,261,277,278,279,280,281,283,289,290,291,292,293,294,295,296,305,306,307,352,353,354,355,356,357,358,359,375,376,389,390,391,392,404,405,406,407,408,
79;1;2495;2516;1;0,18,36,53,54,55,56,57,58,59,60,61,62,70,72,115,116,117,118,119,120,121,122,123,124,134,155,193,207,208,216,220,221,250,251,253,254,255,256,257,258,259,260,261,277,278,279,280,281,283,289,290,291,292,293,294,295,296,305,306,307,352,353,354,355,356,357,358,359,375,376,389,390,391,392,404,405,406,407,408,
130;0;2516;2647;0;0,18,36,53,54,55,56,57,58,59,60,61,62,70,72,115,116,117,118,119,120,121,122,123,124,134,155,193,207,208,216,220,221,250,251,253,254,255,256,257,258,259,260,261,277,278,279,280,281,283,289,290,291,292,293,294,295,296,305,306,307,352,353,354,355,356,357,358,359,375,376,389,390,391,392,404,405,406,407,408,
126;0;2647;2784;1;0,18,36,53,54,55,56,57,58,59,60,61,62,70,72,115,116,117,118,119,120,121,122,123,124,134,155,193,207,208,216,220,221,250,251,253,254,255,256,257,258,259,260,261,277,278,279,280,281,283,289,290,291,292,293,294,295,296,305,306,307,352,353,354,355,356,357,358,359,375,376,389,390,391,392,404,405,406,407,408,
126;1;2784;2818;1;0,18,36,53,54,55,56,57,58,59,60,61,62,70,72,115,116,117,118,119,120,121,122,123,124,134,155,193,207,208,216,220,221,250,251,253,254,255,256,257,258,259,260,261,277,278,279,280,281,283,289,290,291,292,293,294,295,296,305,306,307,352,353,354,355,356,357,358,359,375,376,389,390,391,392,404,405,406,407,408,
57;0;2818;2916;0;0,18,36,53,54,55,56,57,58,59,60,61,62,70,72,115,116,117,118,119,120,121,122,123,124,134,155,193,207,208,216,220,221,250,251,253,254,255,256,257,258,259,260,261,277,278,279,280,281,283,289,290,291,292,293,294,295,296,305,306,307,352,353,354,355,356,357,358,359,375,376,389,390,391,392,404,405,406,407,408,
131;0;2916;2928;1;0,18,36,53,54,55,56,57,58,59,60,61,62,70,72,115,116,117,118,119,120,121,122,123,124,134,155,193,207,208,216,220,221,250,251,253,254,255,256,257,258,259,260,261,277,278,279,280,281,283,289,290,291,292,293,294,295,296,305,306,307,352,353,354,355,356,357,358,359,375,376,389,390,391,392,404,405,406,407,408,
131;1;2928;3052;1;0,18,36,53,54,55,56,57,58,59,60,61,62,70,72,115,116,117,118,119,120,121,122,123,124,134,155,193,207,208,216,220,221,250,251,253,254,255,256,257,258,259,260,261,277,278,279,280,281,283,289,290,291,292,293,294,295,296,305,306,307,352,353,354,355,356,357,358,359,375,376,389,390,391,392,404,405,406,407,408,
162;0;3052;3091;0;0,18,36,53,54,55,56,57,58,59,60,61,62,70,72,115,116,117,118,119,120,121,122,123,124,134,155,193,207,208,216,220,221,250,251,253,254,255,256,257,258,259,260,261,277,278,279,280,281,283,289,290,291,292,293,294,295,296,305,306,307,352,353,354,355,356,357,358,359,375,376,389,390,391,392,404,405,406,407,408,
176;0;3091;3132;1;0,18,36,53,54,55,56,57,58,59,60,61,62,70,72,115,116,117,118,119,120,121,122,123,124,134,155,193,207,208,216,220,221,250,251,253,254,255,256,257,258,259,260,261,277,278,279,280,281,283,289,290,291,292,293,294,295,296,305,306,307,352,353,354,355,356,357,358,359,375,376,389,390,391,392,404,405,406,407,408,
176;1;3132;3229;1;0,18,36,53,54,55,56,57,58,59,60,61,62,70,72,115,116,117,118,119,120,121,122,123,124,134,155,193,207,208,216,220,221,250,251,253,254,255,256,257,258,259,260,261,277,278,279,280,281,283,289,290,291,292,293,294,295,296,305,306,307,352,353,354,355,356,357,358,359,375,376,389,390,391,392,404,405,406,407,408,
167;0;3229;3280;0;0,18,36,53,54,55,56,57,58,59,60,61,62,70,72,115,116,117,118,119,120,121,122,123,124,134,155,193,207,208,216,220,221,250,251,253,254,255,256,257,258,259,260,261,277,278,279,280,281,283,289,290,291,292,293,294,295,296,305,306,307,352,353,354,355,356,357,358,359,375,376,389,390,391,392,404,405,406,407,408,
157;0;3280;3394;0;0,18,36,53,54,55,56,57,58,59,60,61,62,70,72,115,116,117,118,119,120,121,122,123,124,134,155,193,207,208,216,220,221,250,251,253,254,255,256,257,258,259,260,261,277,278,279,280,281,283,289,290,291,292,293,294,295,296,305,306,307,352,353,354,355,356,357,358,359,375,376,389,390,391,392,404,405,406,407,408,
63;0;3394;3463;0;0,18,36,53,54,55,56,57,58,59,60,61,62,70,72,115,116,117,118,119,120,121,122,123,124,134,155,193,207,208,216,220,221,250,251,253,254,255,256,257,258,259,260,261,277,278,279,280,281,283,289,290,291,292,293,294,295,296,305,306,307,352,353,354,355,356,357,358,359,375,376,389,390,391,392,404,405,406,407,408,
63;1;3463;3494;0;0,18,36,53,54,55,56,57,58,59,60,61,62,70,72,115,116,117,118,119,120,121,122,123,124,134,155,193,207,208,216,220,221,250,251,253,254,255,256,257,258,259,260,261,277,278,279,280,281,283,289,290,291,292,293,294,295,296,305,306,307,352,353,354,355,356,357,358,359,375,376,389,390,391,392,404,405,406,407,408,
165;0;3494;3669;0;0,18,36,53,54,55,56,57,58,59,60,61,62,70,72,115,116,117,118,119,120,121,122,123,124,134,155,193,207,208,216,220,221,250,251,253,254,255,256,257,258,259,260,261,277,278,279,280,281,283,289,290,291,292,293,294,295,296,305,306,307,352,353,354,355,356,357,358,359,375,376,389,390,391,392,404,405,406,407,408,
110;0;3669;3767;0;0,18,36,53,54,55,56,57,58,59,60,61,62,70,72,115,116,117,118,119,120,121,122,123,124,134,155,193,207,208,216,220,221,250,251,253,254,255,256,257,258,259,260,261,277,278,279,280,281,283,289,290,291,292,293,294,295,296,305,306,307,352,353,354,355,356,357,358,359,375,376,389,390,391,392,404,405,406,407,408,
118;0;3767;3877;0;0,18,36,53,54,55,56,57,58,59,60,61,62,70,72,115,116,117,118,119,120,121,122,123,124,134,155,193,207,208,216,220,221,250,251,253,254,255,256,257,258,259,260,261,277,278,279,280,281,283,289,290,291,292,293,294,295,296,305,306,307,352,353,354,355,356,357,358,359,375,376,389,390,391,392,404,405,406,407,408,
118;1;3877;4052;0;0,18,36,53,54,55,56,57,58,59,60,61,62,70,72,115,116,117,118,119,120,121,122,123,124,134,155,193,207,208,216,220,221,250,251,253,254,255,256,257,258,259,260,261,277,278,279,280,281,283,289,290,291,292,293,294,295,296,305,306,307,352,353,354,355,356,357,358,359,375,376,389,390,391,392,404,405,406,407,408,
180;0;4052;4086;0;0,18,36,53,54,55,56,57,58,59,60,61,62,70,72,115,116,117,118,119,120,121,122,123,124,134,155,193,207,208,216,220,221,250,251,253,254,255,256,257,258,259,260,261,277,278,279,280,281,283,289,290,291,292,293,294,295,296,305,306,307,352,353,354,355,356,357,358,359,375,376,389,390,391,392,404,405,406,407,408,
115;0;4086;4209;0;0,18,36,53,54,55,56,57,58,59,60,61,62,70,72,115,116,117,118,119,120,121,122,123,124,134,155,193,207,208,216,220,221,250,251,253,254,255,256,257,258,259,260,261,277,278,279,280,281,283,289,290,291,292,293,294,295,296,305,306,307,352,353,354,355,356,357,358,359,375,376,389,390,391,392,404,405,406,407,408,
187;0;4209;4260;0;0,18,36,53,54,55,56,57,58,59,60,61,62,70,72,115,116,117,118,119,120,121,122,123,124,134,155,193,207,208,216,220,221,250,251,253,254,255,256,257,258,259,260,261,277,278,279,280,281,283,289,290,291,292,293,294,295,296,305,306,307,352,353,354,355,356,357,358,359,375,376,389,390,391,392,404,405,406,407,408,
10;0;4260;4356;0;0,18,36,53,54,55,56,57,58,59,60,61,62,70,72,115,116,117,118,119,120,121,122,123,124,134,155,193,207,208,216,220,221,250,251,253,254,255,256,257,258,259,260,261,277,278,279,280,281,283,289,290,291,292,293,294,295,296,305,306,307,352,353,354,355,356,357,358,359,375,376,389,390,391,392,404,405,406,407,408,
102;0;4356;4407;0;0,18,36,53,54,55,56,57,58,59,60,61,62,70,72,115,116,117,118,119,120,121,122,123,124,134,155,193,207,208,216,220,221,250,251,253,254,255,256,257,258,259,260,261,277,278,279,280,281,283,289,290,291,292,293,294,295,296,305,306,307,352,353,354,355,356,357,358,359,375,376,389,390,391,392,404,405,406,407,408,
92;0;4407;4538;0;0,18,36,53,54,55,56,57,58,59,60,61,62,70,72,115,116,117,118,119,120,121,122,123,124,134,155,193,207,208,216,220,221,250,251,253,254,255,256,257,258,259,260,261,277,278,279,280,281,283,289,290,291,292,293,294,295,296,305,306,307,352,353,354,355,356,357,358,359,375,376,389,390,391,392,404,405,406,407,408,
194;0;4538;4558;1;0,18,36,53,54,55,56,57,58,59,60,61,62,70,72,115,116,117,118,119,120,121,122,123,124,134,155,193,207,208,216,220,221,250,251,253,254,255,256,257,258,259,260,261,277,278,279,280,281,283,289,290,291,292,293,294,295,296,305,306,307,352,353,354,355,356,357,358,359,375,376,389,390,391,392,404,405,406,407,408,
194;1;4558;4618;1;0,18,36,53,54,55,56,57,58,59,60,61,62,70,72,115,116,117,118,119,120,121,122,123,124,134,155,193,207,208,216,220,221,250,251,253,254,255,256,257,258,259,260,261,277,278,279,280,281,283,289,290,291,292,293,294,295,296,305,306,307,352,353,354,355,356,357,358,359,375,376,389,390,391,392,404,405,406,407,408,
Machine: 1
31;0;0;172;1;24,36,37,38,39,40,41,42,43,44,45,70,71,72,73,74,75,76,77,78,79,82,83,84,85,90,98,102,103,104,106,115,120,135,151,155,157,177,191,193,194,195,196,197,198,199,208,209,210,211,212,213,214,215,216,217,218,222,223,224,225,226,227,228,277,278,286,287,288,370,371,372,393,394,395,396,397,398,399,400,
31;1;172;244;1;24,36,37,38,39,40,41,42,43,44,45,70,71,72,73,74,75,76,77,78,79,82,83,84,85,90,98,102,103,104,106,115,120,135,151,155,157,177,191,193,194,195,196,197,198,199,208,209,210,211,212,213,214,215,216,217,218,222,223,224,225,226,227,228,277,278,286,287,288,370,371,372,393,394,395,396,397,398,399,400,
82;0;244;365;0;24,36,37,38,39,40,41,42,43,44,45,70,71,72,73,74,75,76,77,78,79,82,83,84,85,90,98,102,103,104,106,115,120,135,151,155,157,177,191,193,194,195,196,197,198,199,208,209,210,211,212,213,214,215,216,217,218,222,223,224,225,226,227,228,277,278,286,287,288,370,371,372,393,394,395,396,397,398,399,400,
195;0;365;369;0;24,36,37,38,39,40,41,42,43,44,45,70,71,72,73,74,75,76,77,78,79,82,83,84,85,90,98,102,103,104,106,115,120,135,151,155,157,177,191,193,194,195,196,197,198,199,208,209,210,211,212,213,214,215,216,217,218,222,223,224,225,226,227,228,277,278,286,287,288,370,371,372,393,394,395,396,397,398,399,400,
175;0;369;506;0;24,36,37,38,39,40,41,42,43,44,45,70,71,72,73,74,75,76,77,78,79,82,83,84,85,90,98,102,103,104,106,115,120,135,151,155,157,177,191,193,194,195,196,197,198,199,208,209,210,211,212,213,214,215,216,217,218,222,223,224,225,226,227,228,277,278,286,287,288,370,371,372,393,394,395,396,397,398,399,400,
4;0;506;635;1;24,36,37,38,39,40,41,42,43,44,45,70,71,72,73,74,75,76,77,78,79,82,83,84,85,90,98,102,103,104,106,115,120,135,151,155,157,177,191,193,194,195,196,197,198,199,208,209,210,211,212,213,214,215,216,217,218,222,223,224,225,226,227,228,277,278,286,287,288,370,371,372,393,394,395,396,397,398,399,400,
4;1;635;679;1;24,36,37,38,39,40,41,42,43,44,45,70,71,72,73,74,75,76,77,78,79,82,83,84,85,90,98,102,103,104,106,115,120,135,151,155,157,177,191,193,194,195,196,197,198,199,208,209,210,211,212,213,214,215,216,217,218,222,223,224,225,226,227,228,277,278,286,287,288,370,371,372,393,394,395,396,397,398,399,400,
119;0;679;745;1;24,36,37,38,39,40,41,42,43,44,45,70,71,72,73,74,75,76,77,78,79,82,83,84,85,90,98,102,103,104,106,115,120,135,151,155,157,177,191,193,194,195,196,197,198,199,208,209,210,211,212,213,214,215,216,217,218,222,223,224,225,226,227,228,277,278,286,287,288,370,371,372,393,394,395,396,397,398,399,400,
119;1;745;813;1;24,36,37,38,39,40,41,42,43,44,45,70,71,72,73,74,75,76,77,78,79,82,83,84,85,90,98,102,103,104,106,115,120,135,151,155,157,177,191,193,194,195,196,197,198,199,208,209,210,211,212,213,214,215,216,217,218,222,223,224,225,226,227,228,277,278,286,287,288,370,371,372,393,394,395,396,397,398,399,400,
70;0;813;950;0;24,36,37,38,39,40,41,42,43,44,45,70,71,72,73,74,75,76,77,78,79,82,83,84,85,90,98,102,103,104,106,115,120,135,151,155,157,177,191,193,194,195,196,197,198,199,208,209,210,211,212,213,214,215,216,217,218,222,223,224,225,226,227,228,277,278,286,287,288,370,371,372,393,394,395,396,397,398,399,400,
55;0;950;1022;0;24,36,37,38,39,40,41,42,43,44,45,70,71,72,73,74,75,76,77,78,79,82,83,84,85,90,98,102,103,104,106,115,120,135,151,155,157,177,191,193,194,195,196,197,198,199,208,209,210,211,212,213,214,215,216,217,218,222,223,224,225,226,227,228,277,278,286,287,288,370,371,372,393,394,395,396,397,398,399,400,
87;0;1022;1058;0;24,36,37,38,39,40,41,42,43,44,45,70,71,72,73,74,75,76,77,78,79,82,83,84,85,90,98,102,103,104,106,115,120,135,151,155,157,177,191,193,194,195,196,197,198,199,208,209,210,211,212,213,214,215,216,217,218,222,223,224,225,226,227,228,277,278,286,287,288,370,371,372,393,394,395,396,397,398,399,400,
174;0;1058;1186;1;24,36,37,38,39,40,41,42,43,44,45,70,71,72,73,74,75,76,77,78,79,82,83,84,85,90,98,102,103,104,106,115,120,135,151,155,157,177,191,193,194,195,196,197,198,199,208,209,210,211,212,213,214,215,216,217,218,222,223,224,225,226,227,228,277,278,286,287,288,370,371,372,393,394,395,396,397,398,399,400,
174;1;1186;1334;1;24,36,37,38,39,40,41,42,43,44,45,70,71,72,73,74,75,76,77,78,79,82,83,84,85,90,98,102,103,104,106,115,120,135,151,155,157,177,191,193,194,195,196,197,198,199,208,209,210,211,212,213,214,215,216,217,218,222,223,224,225,226,227,228,277,278,286,287,288,370,371,372,393,394,395,396,397,398,399,400,
9;0;1334;1453;1;24,36,37,38,39,40,41,42,43,44,45,70,71,72,73,74,75,76,77,78,79,82,83,84,85,90,98,102,103,104,106,115,120,135,151,155,157,177,191,193,194,195,196,197,198,199,208,209,210,211,212,213,214,215,216,217,218,222,223,224,225,226,227,228,277,278,286,287,288,370,371,372,393,394,395,396,397,398,399,400,
9;1;1453;1516;1;24,36,37,38,39,40,41,42,43,44,45,70,71,72,73,74,75,76,77,78,79,82,83,84,85,90,98,102,103,104,106,115,120,135,151,155,157,177,191,193,194,195,196,197,198,199,208,209,210,211,212,213,214,215,216,217,218,222,223,224,225,226,227,228,277,278,286,287,288,370,371,372,393,394,395,396,397,398,399,400,
147;0;1516;1612;0;24,36,37,38,39,40,41,42,43,44,45,70,71,72,73,74,75,76,77,78,79,82,83,84,85,90,98,102,103,104,106,115,120,135,151,155,157,177,191,193,194,195,196,197,198,199,208,209,210,211,212,213,214,215,216,217,218,222,223,224,225,226,227,228,277,278,286,287,288,370,371,372,393,394,395,396,397,398,399,400,
35;0;1612;1616;0;24,36,37,38,39,40,41,42,43,44,45,70,71,72,73,74,75,76,77,78,79,82,83,84,85,90,98,102,103,104,106,115,120,135,151,155,157,177,191,193,194,195,196,197,198,199,208,209,210,211,212,213,214,215,216,217,218,222,223,224,225,226,227,228,277,278,286,287,288,370,371,372,393,394,395,396,397,398,399,400,
34;0;1616;1789;1;24,36,37,38,39,40,41,42,43,44,45,70,71,72,73,74,75,76,77,78,79,82,83,84,85,90,98,102,103,104,106,115,120,135,151,155,157,177,191,193,194,195,196,197,198,199,208,209,210,211,212,213,214,215,216,217,218,222,223,224,225,226,227,228,277,278,286,287,288,370,371,372,393,394,395,396,397,398,399,400,
34;1;1789;1838;1;24,36,37,38,39,40,41,42,43,44,45,70,71,72,73,74,75,76,77,78,79,82,83,84,85,90,98,102,103,104,106,115,120,135,151,155,157,177,191,193,194,195,196,197,198,199,208,209,210,211,212,213,214,215,216,217,218,222,223,224,225,226,227,228,277,278,286,287,288,370,371,372,393,394,395,396,397,398,399,400,
38;0;1838;1949;0;24,36,37,38,39,40,41,42,43,44,45,70,71,72,73,74,75,76,77,78,79,82,83,84,85,90,98,102,103,104,106,115,120,135,151,155,157,177,191,193,194,195,196,197,198,199,208,209,210,211,212,213,214,215,216,217,218,222,223,224,225,226,227,228,277,278,286,287,288,370,371,372,393,394,395,396,397,398,399,400,
38;1;1949;2025;0;24,36,37,38,39,40,41,42,43,44,45,70,71,72,73,74,75,76,77,78,79,82,83,84,85,90,98,102,103,104,106,115,120,135,151,155,157,177,191,193,194,195,196,197,198,199,208,209,210,211,212,213,214,215,216,217,218,222,223,224,225,226,227,228,277,278,286,287,288,370,371,372,393,394,395,396,397,398,399,400,
135;0;2025;2061;0;24,36,37,38,39,40,41,42,43,44,45,70,71,72,73,74,75,76,77,78,79,82,83,84,85,90,98,102,103,104,106,115,120,135,151,155,157,177,191,193,194,195,196,197,198,199,208,209,210,211,212,213,214,215,216,217,218,222,223,224,225,226,227,228,277,278,286,287,288,370,371,372,393,394,395,396,397,398,399,400,
178;0;2061;2134;0;21,24,36,37,38,39,40,41,42,43,44,45,53,70,71,72,73,74,77,82,84,85,90,103,115,120,127,135,151,152,153,154,155,156,157,177,179,181,183,184,185,186,187,188,189,190,191,192,194,196,197,200,201,202,203,204,205,216,249,250,277,278,279,280,286,287,288,293,294,301,313,314,315,316,334,373,374,375,376,377,
178;1;2134;2207;0;21,24,36,37,38,39,40,41,42,43,44,45,53,70,71,72,73,74,77,82,84,85,90,103,115,120,127,135,151,152,153,154,155,156,157,177,179,181,183,184,185,186,187,188,189,190,191,192,194,196,197,200,201,202,203,204,205,216,249,250,277,278,279,280,286,287,288,293,294,301,313,314,315,316,334,373,374,375,376,377,
32;0;2207;2311;0;21,24,36,37,38,39,40,41,42,43,44,45,53,70,71,72,73,74,77,82,84,85,90,103,115,120,127,135,151,152,153,154,155,156,157,177,179,181,183,184,185,186,187,188,189,190,191,192,194,196,197,200,201,202,203,204,205,216,249,250,277,278,279,280,286,287,288,293,294,301,313,314,315,316,334,373,374,375,376,377,
111;0;2311;2387;1;21,24,36,37,38,39,40,41,42,43,44,45,53,70,71,72,73,74,77,82,84,85,90,103,115,120,127,135,151,152,153,154,155,156,157,177,179,181,183,184,185,186,187,188,189,190,191,192,194,196,197,200,201,202,203,204,205,216,249,250,277,278,279,280,286,287,288,293,294,301,313,314,315,316,334,373,374,375,376,377,
111;1;2387;2410;1;21,24,36,37,38,39,40,41,42,43,44,45,53,70,71,72,73,74,77,82,84,85,90,103,115,120,127,135,151,152,153,154,155,156,157,177,179,181,183,184,185,186,187,188,189,190,191,192,194,196,197,200,201,202,203,204,205,216,249,250,277,278,279,280,286,287,288,293,294,301,313,314,315,316,334,373,374,375,376,377,
51;0;2410;2498;1;21,24,36,37,38,39,40,41,42,43,44,45,53,70,71,72,73,74,77,82,84,85,90,103,115,120,127,135,151,152,153,154,155,156,157,177,179,181,183,184,185,186,187,188,189,190,191,192,194,196,197,200,201,202,203,204,205,216,249,250,277,278,279,280,286,287,288,293,294,301,313,314,315,316,334,373,374,375,376,377,
51;1;2498;2635;1;21,24,36,37,38,39,40,41,42,43,44,45,53,70,71,72,73,74,77,82,84,85,90,103,115,120,127,135,151,152,153,154,155,156,157,177,179,181,183,184,185,186,187,188,189,190,191,192,194,196,197,200,201,202,203,204,205,216,249,250,277,278,279,280,286,287,288,293,294,301,313,314,315,316,334,373,374,375,376,377,
196;0;2635;2798;1;21,24,36,37,38,39,40,41,42,43,44,45,53,70,71,72,73,74,77,82,84,85,90,103,115,120,127,135,151,152,153,154,155,156,157,177,179,181,183,184,185,186,187,188,189,190,191,192,194,196,197,200,201,202,203,204,205,216,249,250,277,278,279,280,286,287,288,293,294,301,313,314,315,316,334,373,374,375,376,377,
196;1;2798;2935;1;21,24,36,37,38,39,40,41,42,43,44,45,53,70,71,72,73,74,77,82,84,85,90,103,115,120,127,135,151,152,153,154,155,156,157,177,179,181,183,184,185,186,187,188,189,190,191,192,194,196,197,200,201,202,203,204,205,216,249,250,277,278,279,280,286,287,288,293,294,301,313,314,315,316,334,373,374,375,376,377,
117;0;2935;3115;0;21,24,36,37,38,39,40,41,42,43,44,45,53,70,71,72,73,74,77,82,84,85,90,103,115,120,127,135,151,152,153,154,155,156,157,177,179,181,183,184,185,186,187,188,189,190,191,192,194,196,197,200,201,202,203,204,205,216,249,250,277,278,279,280,286,287,288,293,294,301,313,314,315,316,334,373,374,375,376,377,
188;0;3115;3251;0;21,24,36,37,38,39,40,41,42,43,44,45,53,70,71,72,73,74,77,82,84,85,90,103,115,120,127,135,151,152,153,154,155,156,157,177,179,181,183,184,185,186,187,188,189,190,191,192,194,196,197,200,201,202,203,204,205,216,249,250,277,278,279,280,286,287,288,293,294,301,313,314,315,316,334,373,374,375,376,377,
188;1;3251;3272;0;21,24,36,37,38,39,40,41,42,43,44,45,53,70,71,72,73,74,77,82,84,85,90,103,115,120,127,135,151,152,153,154,155,156,157,177,179,181,183,184,185,186,187,188,189,190,191,192,194,196,197,200,201,202,203,204,205,216,249,250,277,278,279,280,286,287,288,293,294,301,313,314,315,316,334,373,374,375,376,377,
136;0;3272;3393;1;21,24,36,37,38,39,40,41,42,43,44,45,53,70,71,72,73,74,77,82,84,85,90,103,115,120,127,135,151,152,153,154,155,156,157,177,179,181,183,184,185,186,187,188,189,190,191,192,194,196,197,200,201,202,203,204,205,216,249,250,277,278,279,280,286,287,288,293,294,301,313,314,315,316,334,373,374,375,376,377,
136;1;3393;3497;1;21,24,36,37,38,39,40,41,42,43,44,45,53,70,71,72,73,74,77,82,84,85,90,103,115,120,127,135,151,152,153,154,155,156,157,177,179,181,183,184,185,186,187,188,189,190,191,192,194,196,197,200,201,202,203,204,205,216,249,250,277,278,279,280,286,287,288,293,294,301,313,314,315,316,334,373,374,375,376,377,
83;0;3497;3585;0;21,24,36,37,38,39,40,41,42,43,44,45,53,70,71,72,73,74,77,82,84,85,90,103,115,120,127,135,151,152,153,154,155,156,157,177,179,181,183,184,185,186,187,188,189,190,191,192,194,196,197,200,201,202,203,204,205,216,249,250,277,278,279,280,286,287,288,293,294,301,313,314,315,316,334,373,374,375,376,377,
83;1;3585;3686;0;21,24,36,37,38,39,40,41,42,43,44,45,53,70,71,72,73,74,77,82,84,85,90,103,115,120,127,135,151,152,153,154,155,156,157,177,179,181,183,184,185,186,187,188,189,190,191,192,194,196,197,200,201,202,203,204,205,216,249,250,277,278,279,280,286,287,288,293,294,301,313,314,315,316,334,373,374,375,376,377,
78;0;3686;3836;0;21,24,36,37,38,39,40,41,42,43,44,45,53,70,71,72,73,74,77,82,84,85,90,103,115,120,127,135,151,152,153,154,155,156,157,177,179,181,183,184,185,186,187,188,189,190,191,192,194,196,197,200,201,202,203,204,205,216,249,250,277,278,279,280,286,287,288,293,294,301,313,314,315,316,334,373,374,375,376,377,
78;1;3836;3997;0;21,24,36,37,38,39,40,41,42,43,44,45,53,70,71,72,73,74,77,82,84,85,90,103,115,120,127,135,151,152,153,154,155,156,157,177,179,181,183,184,185,186,187,188,189,190,191,192,194,196,197,200,201,202,203,204,205,216,249,250,277,278,279,280,286,287,288,293,294,301,313,314,315,316,334,373,374,375,376,377,
61;0;3997;4044;1;21,24,36,37,38,39,40,41,42,43,44,45,53,70,71,72,73,74,77,82,84,85,90,103,115,120,127,135,151,152,153,154,155,156,157,177,179,181,183,184,185,186,187,188,189,190,191,192,194,196,197,200,201,202,203,204,205,216,249,250,277,278,279,280,286,287,288,293,294,301,313,314,315,316,334,373,374,375,376,377,
61;1;4044;4134;1;21,24,36,37,38,39,40,41,42,43,44,45,53,70,71,72,73,74,77,82,84,85,90,103,115,120,127,135,151,152,153,154,155,156,157,177,179,181,183,184,185,186,187,188,189,190,191,192,194,196,197,200,201,202,203,204,205,216,249,250,277,278,279,280,286,287,288,293,294,301,313,314,315,316,334,373,374,375,376,377,
20;0;4134;4207;0;21,24,36,37,38,39,40,41,42,43,44,45,53,70,71,72,73,74,77,82,84,85,90,103,115,120,127,135,151,152,153,154,155,156,157,177,179,181,183,184,185,186,187,188,189,190,191,192,194,196,197,200,201,202,203,204,205,216,249,250,277,278,279,280,286,287,288,293,294,301,313,314,315,316,334,373,374,375,376,377,
138;0;4207;4301;0;21,24,36,37,38,39,40,41,42,43,44,45,53,70,71,72,73,74,77,82,84,85,90,103,115,120,127,135,151,152,153,154,155,156,157,177,179,181,183,184,185,186,187,188,189,190,191,192,194,196,197,200,201,202,203,204,205,216,249,250,277,278,279,280,286,287,288,293,294,301,313,314,315,316,334,373,374,375,376,377,
138;1;4301;4437;0;21,24,36,37,38,39,40,41,42,43,44,45,53,70,71,72,73,74,77,82,84,85,90,103,115,120,127,135,151,152,153,154,155,156,157,177,179,181,183,184,185,186,187,188,189,190,191,192,194,196,197,200,201,202,203,204,205,216,249,250,277,278,279,280,286,287,288,293,294,301,313,314,315,316,334,373,374,375,376,377,
66;0;4437;4546;1;21,24,36,37,38,39,40,41,42,43,44,45,53,70,71,72,73,74,77,82,84,85,90,103,115,120,127,135,151,152,153,154,155,156,157,177,179,181,183,184,185,186,187,188,189,190,191,192,194,196,197,200,201,202,203,204,205,216,249,250,277,278,279,280,286,287,288,293,294,301,313,314,315,316,334,373,374,375,376,377,
66;1;4546;4707;1;21,24,36,37,38,39,40,41,42,43,44,45,53,70,71,72,73,74,77,82,84,85,90,103,115,120,127,135,151,152,153,154,155,156,157,177,179,181,183,184,185,186,187,188,189,190,191,192,194,196,197,200,201,202,203,204,205,216,249,250,277,278,279,280,286,287,288,293,294,301,313,314,315,316,334,373,374,375,376,377,
122;0;4707;4868;0;21,24,36,37,38,39,40,41,42,43,44,45,53,70,71,72,73,74,77,82,84,85,90,103,115,120,127,135,151,152,153,154,155,156,157,177,179,181,183,184,185,186,187,188,189,190,191,192,194,196,197,200,201,202,203,204,205,216,249,250,277,278,279,280,286,287,288,293,294,301,313,314,315,316,334,373,374,375,376,377,
129;0;4868;4879;1;21,24,36,37,38,39,40,41,42,43,44,45,53,70,71,72,73,74,77,82,84,85,90,103,115,120,127,135,151,152,153,154,155,156,157,177,179,181,183,184,185,186,187,188,189,190,191,192,194,196,197,200,201,202,203,204,205,216,249,250,277,278,279,280,286,287,288,293,294,301,313,314,315,316,334,373,374,375,376,377,
129;1;4879;5055;1;21,24,36,37,38,39,40,41,42,43,44,45,53,70,71,72,73,74,77,82,84,85,90,103,115,120,127,135,151,152,153,154,155,156,157,177,179,181,183,184,185,186,187,188,189,190,191,192,194,196,197,200,201,202,203,204,205,216,249,250,277,278,279,280,286,287,288,293,294,301,313,314,315,316,334,373,374,375,376,377,
107;0;5055;5067;0;21,24,36,37,38,39,40,41,42,43,44,45,53,70,71,72,73,74,77,82,84,85,90,103,115,120,127,135,151,152,153,154,155,156,157,177,179,181,183,184,185,186,187,188,189,190,191,192,194,196,197,200,201,202,203,204,205,216,249,250,277,278,279,280,286,287,288,293,294,301,313,314,315,316,334,373,374,375,376,377,
26;0;5067;5239;1;21,24,36,37,38,39,40,41,42,43,44,45,53,70,71,72,73,74,77,82,84,85,90,103,115,120,127,135,151,152,153,154,155,156,157,177,179,181,183,184,185,186,187,188,189,190,191,192,194,196,197,200,201,202,203,204,205,216,249,250,277,278,279,280,286,287,288,293,294,301,313,314,315,316,334,373,374,375,376,377,
26;1;5239;5280;1;21,24,36,37,38,39,40,41,42,43,44,45,53,70,71,72,73,74,77,82,84,85,90,103,115,120,127,135,151,152,153,154,155,156,157,177,179,181,183,184,185,186,187,188,189,190,191,192,194,196,197,200,201,202,203,204,205,216,249,250,277,278,279,280,286,287,288,293,294,301,313,314,315,316,334,373,374,375,376,377,
6;0;5280;5374;1;21,24,36,37,38,39,40,41,42,43,44,45,53,70,71,72,73,74,77,82,84,85,90,103,115,120,127,135,151,152,153,154,155,156,157,177,179,181,183,184,185,186,187,188,189,190,191,192,194,196,197,200,201,202,203,204,205,216,249,250,277,278,279,280,286,287,288,293,294,301,313,314,315,316,334,373,374,375,376,377,
6;1;5374;5464;1;21,24,36,37,38,39,40,41,42,43,44,45,53,70,71,72,73,74,77,82,84,85,90,103,115,120,127,135,151,152,153,154,155,156,157,177,179,181,183,184,185,186,187,188,189,190,191,192,194,196,197,200,201,202,203,204,205,216,249,250,277,278,279,280,286,287,288,293,294,301,313,314,315,316,334,373,374,375,376,377,
56;0;5464;5629;1;21,24,36,37,38,39,40,41,42,43,44,45,53,70,71,72,73,74,77,82,84,85,90,103,115,120,127,135,151,152,153,154,155,156,157,177,179,181,183,184,185,186,187,188,189,190,191,192,194,196,197,200,201,202,203,204,205,216,249,250,277,278,279,280,286,287,288,293,294,301,313,314,315,316,334,373,374,375,376,377,
56;1;5629;5733;1;21,24,36,37,38,39,40,41,42,43,44,45,53,70,71,72,73,74,77,82,84,85,90,103,115,120,127,135,151,152,153,154,155,156,157,177,179,181,183,184,185,186,187,188,189,190,191,192,194,196,197,200,201,202,203,204,205,216,249,250,277,278,279,280,286,287,288,293,294,301,313,314,315,316,334,373,374,375,376,377,
Machine: 2
202;0;0;164;0;0,1,2,3,4,5,6,7,8,9,30,31,32,33,34,35,88,117,120,125,126,127,128,129,130,131,132,133,134,135,136,137,138,139,140,141,151,156,158,159,167,168,201,208,220,229,230,231,232,233,234,235,236,238,239,242,248,262,269,270,271,272,273,274,275,276,277,303,304,308,309,310,311,312,383,384,385,386,387,388,
104;0;164;175;1;0,1,2,3,4,5,6,7,8,9,30,31,32,33,34,35,88,117,120,125,126,127,128,129,130,131,132,133,134,135,136,137,138,139,140,141,151,156,158,159,167,168,201,208,220,229,230,231,232,233,234,235,236,238,239,242,248,262,269,270,271,272,273,274,275,276,277,303,304,308,309,310,311,312,383,384,385,386,387,388,
104;1;175;345;1;0,1,2,3,4,5,6,7,8,9,30,31,32,33,34,35,88,117,120,125,126,127,128,129,130,131,132,133,134,135,136,137,138,139,140,141,151,156,158,159,167,168,201,208,220,229,230,231,232,233,234,235,236,238,239,242,248,262,269,270,271,272,273,274,275,276,277,303,304,308,309,310,311,312,383,384,385,386,387,388,
140;0;345;372;0;0,1,2,3,4,5,6,7,8,9,30,31,32,33,34,35,88,117,120,125,126,127,128,129,130,131,132,133,134,135,136,137,138,139,140,141,151,156,158,159,167,168,201,208,220,229,230,231,232,233,234,235,236,238,239,242,248,262,269,270,271,272,273,274,275,276,277,303,304,308,309,310,311,312,383,384,385,386,387,388,
58;0;372;420;0;0,1,2,3,4,5,6,7,8,9,30,31,32,33,34,35,88,117,120,125,126,127,128,129,130,131,132,133,134,135,136,137,138,139,140,141,151,156,158,159,167,168,201,208,220,229,230,231,232,233,234,235,236,238,239,242,248,262,269,270,271,272,273,274,275,276,277,303,304,308,309,310,311,312,383,384,385,386,387,388,
58;1;420;497;0;0,1,2,3,4,5,6,7,8,9,30,31,32,33,34,35,88,117,120,125,126,127,128,129,130,131,132,133,134,135,136,137,138,139,140,141,151,156,158,159,167,168,201,208,220,229,230,231,232,233,234,235,236,238,239,242,248,262,269,270,271,272,273,274,275,276,277,303,304,308,309,310,311,312,383,384,385,386,387,388,
200;0;497;652;0;0,1,2,3,4,5,6,7,8,9,30,31,32,33,34,35,88,117,120,125,126,127,128,129,130,131,132,133,134,135,136,137,138,139,140,141,151,156,158,159,167,168,201,208,220,229,230,231,232,233,234,235,236,238,239,242,248,262,269,270,271,272,273,274,275,276,277,303,304,308,309,310,311,312,383,384,385,386,387,388,
74;0;652;775;1;0,1,2,3,4,5,6,7,8,9,30,31,32,33,34,35,88,117,120,125,126,127,128,129,130,131,132,133,134,135,136,137,138,139,140,141,151,156,158,159,167,168,201,208,220,229,230,231,232,233,234,235,236,238,239,242,248,262,269,270,271,272,273,274,275,276,277,303,304,308,309,310,311,312,383,384,385,386,387,388,
74;1;775;817;1;0,1,2,3,4,5,6,7,8,9,30,31,32,33,34,35,88,117,120,125,126,127,128,129,130,131,132,133,134,135,136,137,138,139,140,141,151,156,158,159,167,168,201,208,220,229,230,231,232,233,234,235,236,238,239,242,248,262,269,270,271,272,273,274,275,276,277,303,304,308,309,310,311,312,383,384,385,386,387,388,
108;0;817;997;0;0,1,2,3,4,5,6,7,8,9,30,31,32,33,34,35,88,117,120,125,126,127,128,129,130,131,132,133,134,135,136,137,138,139,140,141,151,156,158,159,167,168,201,208,220,229,230,231,232,233,234,235,236,238,239,242,248,262,269,270,271,272,273,274,275,276,277,303,304,308,309,310,311,312,383,384,385,386,387,388,
108;1;997;1074;0;0,1,2,3,4,5,6,7,8,9,30,31,32,33,34,35,88,117,120,125,126,127,128,129,130,131,132,133,134,135,136,137,138,139,140,141,151,156,158,159,167,168,201,208,220,229,230,231,232,233,234,235,236,238,239,242,248,262,269,270,271,272,273,274,275,276,277,303,304,308,309,310,311,312,383,384,385,386,387,388,
40;0;1074;1238;0;0,1,2,3,4,5,6,7,8,9,30,31,32,33,34,35,88,117,120,125,126,127,128,129,130,131,132,133,134,135,136,137,138,139,140,141,151,156,158,159,167,168,201,208,220,229,230,231,232,233,234,235,236,238,239,242,248,262,269,270,271,272,273,274,275,276,277,303,304,308,309,310,311,312,383,384,385,386,387,388,
81;0;1238;1294;1;0,1,2,3,4,5,6,7,8,9,30,31,32,33,34,35,88,117,120,125,126,127,128,129,130,131,132,133,134,135,136,137,138,139,140,141,151,156,158,159,167,168,201,208,220,229,230,231,232,233,234,235,236,238,239,242,248,262,269,270,271,272,273,274,275,276,277,303,304,308,309,310,311,312,383,384,385,386,387,388,
81;1;1294;1403;1;0,1,2,3,4,5,6,7,8,9,30,31,32,33,34,35,88,117,120,125,126,127,128,129,130,131,132,133,134,135,136,137,138,139,140,141,151,156,158,159,167,168,201,208,220,229,230,231,232,233,234,235,236,238,239,242,248,262,269,270,271,272,273,274,275,276,277,303,304,308,309,310,311,312,383,384,385,386,387,388,
177;0;1403;1567;0;0,1,2,3,4,5,6,7,8,9,30,31,32,33,34,35,88,117,120,125,126,127,128,129,130,131,132,133,134,135,136,137,138,139,140,141,151,156,158,159,167,168,201,208,220,229,230,231,232,233,234,235,236,238,239,242,248,262,269,270,271,272,273,274,275,276,277,303,304,308,309,310,311,312,383,384,385,386,387,388,
116;0;1567;1656;1;0,1,2,3,4,5,6,7,8,9,30,31,32,33,34,35,88,117,120,125,126,127,128,129,130,131,132,133,134,135,136,137,138,139,140,141,151,156,158,159,167,168,201,208,220,229,230,231,232,233,234,235,236,238,239,242,248,262,269,270,271,272,273,274,275,276,277,303,304,308,309,310,311,312,383,384,385,386,387,388,
116;1;1656;1808;1;0,1,2,3,4,5,6,7,8,9,30,31,32,33,34,35,88,117,120,125,126,127,128,129,130,131,132,133,134,135,136,137,138,139,140,141,151,156,158,159,167,168,201,208,220,229,230,231,232,233,234,235,236,238,239,242,248,262,269,270,271,272,273,274,275,276,277,303,304,308,309,310,311,312,383,384,385,386,387,388,
3;0;1808;1965;0;0,1,2,3,4,5,6,7,8,9,30,31,32,33,34,35,88,117,120,125,126,127,128,129,130,131,132,133,134,135,136,137,138,139,140,141,151,156,158,159,167,168,201,208,220,229,230,231,232,233,234,235,236,238,239,242,248,262,269,270,271,272,273,274,275,276,277,303,304,308,309,310,311,312,383,384,385,386,387,388,
3;1;1965;2007;0;0,1,2,3,4,5,6,7,8,9,30,31,32,33,34,35,88,117,120,125,126,127,128,129,130,131,132,133,134,135,136,137,138,139,140,141,151,156,158,159,167,168,201,208,220,229,230,231,232,233,234,235,236,238,239,242,248,262,269,270,271,272,273,274,275,276,277,303,304,308,309,310,311,312,383,384,385,386,387,388,
133;0;2007;2116;0;0,1,2,3,4,5,6,7,8,9,30,31,32,33,34,35,88,117,120,125,126,127,128,129,130,131,132,133,134,135,136,137,138,139,140,141,151,156,158,159,167,168,201,208,220,229,230,231,232,233,234,235,236,238,239,242,248,262,269,270,271,272,273,274,275,276,277,303,304,308,309,310,311,312,383,384,385,386,387,388,
133;1;2116;2286;0;0,1,2,3,4,5,6,7,8,9,30,31,32,33,34,35,88,117,120,125,126,127,128,129,130,131,132,133,134,135,136,137,138,139,140,141,151,156,158,159,167,168,201,208,220,229,230,231,232,233,234,235,236,238,239,242,248,262,269,270,271,272,273,274,275,276,277,303,304,308,309,310,311,312,383,384,385,386,387,388,
141;0;2286;2322;1;0,1,2,3,4,5,6,7,8,9,30,31,32,33,34,35,88,117,120,125,126,127,128,129,130,131,132,133,134,135,136,137,138,139,140,141,151,156,158,159,167,168,201,208,220,229,230,231,232,233,234,235,236,238,239,242,248,262,269,270,271,272,273,274,275,276,277,303,304,308,309,310,311,312,383,384,385,386,387,388,
141;1;2322;2405;1;0,1,2,3,4,5,6,7,8,9,30,31,32,33,34,35,88,117,120,125,126,127,128,129,130,131,132,133,134,135,136,137,138,139,140,141,151,156,158,159,167,168,201,208,220,229,230,231,232,233,234,235,236,238,239,242,248,262,269,270,271,272,273,274,275,276,277,303,304,308,309,310,311,312,383,384,385,386,387,388,
146;0;2405;2534;1;0,1,2,3,4,5,6,7,8,9,30,31,32,33,34,35,88,117,120,125,126,127,128,129,130,131,132,133,134,135,136,137,138,139,140,141,151,156,158,159,167,168,201,208,220,229,230,231,232,233,234,235,236,238,239,242,248,262,269,270,271,272,273,274,275,276,277,303,304,308,309,310,311,312,383,384,385,386,387,388,
146;1;2534;2589;1;0,1,2,3,4,5,6,7,8,9,30,31,32,33,34,35,88,117,120,125,126,127,128,129,130,131,132,133,134,135,136,137,138,139,140,141,151,156,158,159,167,168,201,208,220,229,230,231,232,233,234,235,236,238,239,242,248,262,269,270,271,272,273,274,275,276,277,303,304,308,309,310,311,312,383,384,385,386,387,388,
49;0;2589;2740;1;0,1,2,3,4,5,6,7,8,9,30,31,32,33,34,35,88,117,120,125,126,127,128,129,130,131,132,133,134,135,136,137,138,139,140,141,151,156,158,159,167,168,201,208,220,229,230,231,232,233,234,235,236,238,239,242,248,262,269,270,271,272,273,274,275,276,277,303,304,308,309,310,311,312,383,384,385,386,387,388,
49;1;2740;2813;1;0,1,2,3,4,5,6,7,8,9,30,31,32,33,34,35,88,117,120,125,126,127,128,129,130,131,132,133,134,135,136,137,138,139,140,141,151,156,158,159,167,168,201,208,220,229,230,231,232,233,234,235,236,238,239,242,248,262,269,270,271,272,273,274,275,276,277,303,304,308,309,310,311,312,383,384,385,386,387,388,
0;0;2813;2897;1;0,1,2,3,4,5,6,7,8,9,30,31,32,33,34,35,88,117,120,125,126,127,128,129,130,131,132,133,134,135,136,137,138,139,140,141,151,156,158,159,167,168,201,208,220,229,230,231,232,233,234,235,236,238,239,242,248,262,269,270,271,272,273,274,275,276,277,303,304,308,309,310,311,312,383,384,385,386,387,388,
0;1;2897;2952;1;0,1,2,3,4,5,6,7,8,9,30,31,32,33,34,35,88,117,120,125,126,127,128,129,130,131,132,133,134,135,136,137,138,139,140,141,151,156,158,159,167,168,201,208,220,229,230,231,232,233,234,235,236,238,239,242,248,262,269,270,271,272,273,274,275,276,277,303,304,308,309,310,311,312,383,384,385,386,387,388,
46;0;2952;2970;1;0,1,2,3,4,5,6,7,8,9,30,31,32,33,34,35,88,117,120,125,126,127,128,129,130,131,132,133,134,135,136,137,138,139,140,141,151,156,158,159,167,168,201,208,220,229,230,231,232,233,234,235,236,238,239,242,248,262,269,270,271,272,273,274,275,276,277,303,304,308,309,310,311,312,383,384,385,386,387,388,
46;1;2970;3140;1;0,1,2,3,4,5,6,7,8,9,30,31,32,33,34,35,88,117,120,125,126,127,128,129,130,131,132,133,134,135,136,137,138,139,140,141,151,156,158,159,167,168,201,208,220,229,230,231,232,233,234,235,236,238,239,242,248,262,269,270,271,272,273,274,275,276,277,303,304,308,309,310,311,312,383,384,385,386,387,388,
204;0;3140;3299;1;0,1,2,3,4,5,6,7,8,9,30,31,32,33,34,35,88,117,120,125,126,127,128,129,130,131,132,133,134,135,136,137,138,139,140,141,151,156,158,159,167,168,201,208,220,229,230,231,232,233,234,235,236,238,239,242,248,262,269,270,271,272,273,274,275,276,277,303,304,308,309,310,311,312,383,384,385,386,387,388,
204;1;3299;3408;1;0,1,2,3,4,5,6,7,8,9,30,31,32,33,34,35,88,117,120,125,126,127,128,129,130,131,132,133,134,135,136,137,138,139,140,141,151,156,158,159,167,168,201,208,220,229,230,231,232,233,234,235,236,238,239,242,248,262,269,270,271,272,273,274,275,276,277,303,304,308,309,310,311,312,383,384,385,386,387,388,
43;0;3408;3468;0;0,1,2,3,4,5,6,7,8,9,30,31,33,117,120,125,126,127,128,129,130,131,132,133,134,135,136,137,138,139,140,141,151,158,159,160,161,162,163,164,165,166,167,168,208,220,229,230,231,232,233,234,235,236,238,239,242,248,277,308,309,310,311,312,338,339,340,341,342,343,344,345,346,347,383,384,385,386,387,388,
43;1;3468;3632;0;0,1,2,3,4,5,6,7,8,9,30,31,33,117,120,125,126,127,128,129,130,131,132,133,134,135,136,137,138,139,140,141,151,158,159,160,161,162,163,164,165,166,167,168,208,220,229,230,231,232,233,234,235,236,238,239,242,248,277,308,309,310,311,312,338,339,340,341,342,343,344,345,346,347,383,384,385,386,387,388,
85;0;3632;3659;0;0,1,2,3,4,5,6,7,8,9,30,31,33,117,120,125,126,127,128,129,130,131,132,133,134,135,136,137,138,139,140,141,151,158,159,160,161,162,163,164,165,166,167,168,208,220,229,230,231,232,233,234,235,236,238,239,242,248,277,308,309,310,311,312,338,339,340,341,342,343,344,345,346,347,383,384,385,386,387,388,
67;0;3659;3714;0;0,1,2,3,4,5,6,7,8,9,30,31,33,117,120,125,126,127,128,129,130,131,132,133,134,135,136,137,138,139,140,141,151,158,159,160,161,162,163,164,165,166,167,168,208,220,229,230,231,232,233,234,235,236,238,239,242,248,277,308,309,310,311,312,338,339,340,341,342,343,344,345,346,347,383,384,385,386,387,388,
123;0;3714;3851;0;0,1,2,3,4,5,6,7,8,9,30,31,33,117,120,125,126,127,128,129,130,131,132,133,134,135,136,137,138,139,140,141,151,158,159,160,161,162,163,164,165,166,167,168,208,220,229,230,231,232,233,234,235,236,238,239,242,248,277,308,309,310,311,312,338,339,340,341,342,343,344,345,346,347,383,384,385,386,387,388,
123;1;3851;3906;0;0,1,2,3,4,5,6,7,8,9,30,31,33,117,120,125,126,127,128,129,130,131,132,133,134,135,136,137,138,139,140,141,151,158,159,160,161,162,163,164,165,166,167,168,208,220,229,230,231,232,233,234,235,236,238,239,242,248,277,308,309,310,311,312,338,339,340,341,342,343,344,345,346,347,383,384,385,386,387,388,
60;0;3906;4071;0;0,1,2,3,4,5,6,7,8,9,30,31,33,117,120,125,126,127,128,129,130,131,132,133,134,135,136,137,138,139,140,141,151,158,159,160,161,162,163,164,165,166,167,168,208,220,229,230,231,232,233,234,235,236,238,239,242,248,277,308,309,310,311,312,338,339,340,341,342,343,344,345,346,347,383,384,385,386,387,388,
88;0;4071;4240;0;0,1,2,3,4,5,6,7,8,9,30,31,33,117,120,125,126,127,128,129,130,131,132,133,134,135,136,137,138,139,140,141,151,158,159,160,161,162,163,164,165,166,167,168,208,220,229,230,231,232,233,234,235,236,238,239,242,248,277,308,309,310,311,312,338,339,340,341,342,343,344,345,346,347,383,384,385,386,387,388,
88;1;4240;4374;0;0,1,2,3,4,5,6,7,8,9,30,31,33,117,120,125,126,127,128,129,130,131,132,133,134,135,136,137,138,139,140,141,151,158,159,160,161,162,163,164,165,166,167,168,208,220,229,230,231,232,233,234,235,236,238,239,242,248,277,308,309,310,311,312,338,339,340,341,342,343,344,345,346,347,383,384,385,386,387,388,
21;0;4374;4398;1;0,1,2,3,4,5,6,7,8,9,30,31,33,117,120,125,126,127,128,129,130,131,132,133,134,135,136,137,138,139,140,141,151,158,159,160,161,162,163,164,165,166,167,168,208,220,229,230,231,232,233,234,235,236,238,239,242,248,277,308,309,310,311,312,338,339,340,341,342,343,344,345,346,347,383,384,385,386,387,388,
21;1;4398;4507;1;0,1,2,3,4,5,6,7,8,9,30,31,33,117,120,125,126,127,128,129,130,131,132,133,134,135,136,137,138,139,140,141,151,158,159,160,161,162,163,164,165,166,167,168,208,220,229,230,231,232,233,234,235,236,238,239,242,248,277,308,309,310,311,312,338,339,340,341,342,343,344,345,346,347,383,384,385,386,387,388,
18;0;4507;4521;0;0,1,2,3,4,5,6,7,8,9,30,31,33,117,120,125,126,127,128,129,130,131,132,133,134,135,136,137,138,139,140,141,151,158,159,160,161,162,163,164,165,166,167,168,208,220,229,230,231,232,233,234,235,236,238,239,242,248,277,308,309,310,311,312,338,339,340,341,342,343,344,345,346,347,383,384,385,386,387,388,
18;1;4521;4655;0;0,1,2,3,4,5,6,7,8,9,30,31,33,117,120,125,126,127,128,129,130,131,132,133,134,135,136,137,138,139,140,141,151,158,159,160,161,162,163,164,165,166,167,168,208,220,229,230,231,232,233,234,235,236,238,239,242,248,277,308,309,310,311,312,338,339,340,341,342,343,344,345,346,347,383,384,385,386,387,388,
209;0;4655;4730;1;0,1,2,3,4,5,6,7,8,9,30,31,33,117,120,125,126,127,128,129,130,131,132,133,134,135,136,137,138,139,140,141,151,158,159,160,161,162,163,164,165,166,167,168,208,220,229,230,231,232,233,234,235,236,238,239,242,248,277,308,309,310,311,312,338,339,340,341,342,343,344,345,346,347,383,384,385,386,387,388,
209;1;4730;4766;1;0,1,2,3,4,5,6,7,8,9,30,31,33,117,120,125,126,127,128,129,130,131,132,133,134,135,136,137,138,139,140,141,151,158,159,160,161,162,163,164,165,166,167,168,208,220,229,230,231,232,233,234,235,236,238,239,242,248,277,308,309,310,311,312,338,339,340,341,342,343,344,345,346,347,383,384,385,386,387,388,
17;0;4766;4849;0;0,1,2,3,4,5,6,7,8,9,30,31,33,117,120,125,126,127,128,129,130,131,132,133,134,135,136,137,138,139,140,141,151,158,159,160,161,162,163,164,165,166,167,168,208,220,229,230,231,232,233,234,235,236,238,239,242,248,277,308,309,310,311,312,338,339,340,341,342,343,344,345,346,347,383,384,385,386,387,388,
153;0;4849;4888;0;0,1,2,3,4,5,6,7,8,9,30,31,33,117,120,125,126,127,128,129,130,131,132,133,134,135,136,137,138,139,140,141,151,158,159,160,161,162,163,164,165,166,167,168,208,220,229,230,231,232,233,234,235,236,238,239,242,248,277,308,309,310,311,312,338,339,340,341,342,343,344,345,346,347,383,384,385,386,387,388,
153;1;4888;5022;0;0,1,2,3,4,5,6,7,8,9,30,31,33,117,120,125,126,127,128,129,130,131,132,133,134,135,136,137,138,139,140,141,151,158,159,160,161,162,163,164,165,166,167,168,208,220,229,230,231,232,233,234,235,236,238,239,242,248,277,308,309,310,311,312,338,339,340,341,342,343,344,345,346,347,383,384,385,386,387,388,
90;0;5022;5131;0;0,1,2,3,4,5,6,7,8,9,30,31,33,117,120,125,126,127,128,129,130,131,132,133,134,135,136,137,138,139,140,141,151,158,159,160,161,162,163,164,165,166,167,168,208,220,229,230,231,232,233,234,235,236,238,239,242,248,277,308,309,310,311,312,338,339,340,341,342,343,344,345,346,347,383,384,385,386,387,388,
109;0;5131;5181;1;0,1,2,3,4,5,6,7,8,9,30,31,33,117,120,125,126,127,128,129,130,131,132,133,134,135,136,137,138,139,140,141,151,158,159,160,161,162,163,164,165,166,167,168,208,220,229,230,231,232,233,234,235,236,238,239,242,248,277,308,309,310,311,312,338,339,340,341,342,343,344,345,346,347,383,384,385,386,387,388,
109;1;5181;5290;1;0,1,2,3,4,5,6,7,8,9,30,31,33,117,120,125,126,127,128,129,130,131,132,133,134,135,136,137,138,139,140,141,151,158,159,160,161,162,163,164,165,166,167,168,208,220,229,230,231,232,233,234,235,236,238,239,242,248,277,308,309,310,311,312,338,339,340,341,342,343,344,345,346,347,383,384,385,386,387,388,
22;0;5290;5399;0;0,1,2,3,4,5,6,7,8,9,30,31,33,117,120,125,126,127,128,129,130,131,132,133,134,135,136,137,138,139,140,141,151,158,159,160,161,162,163,164,165,166,167,168,208,220,229,230,231,232,233,234,235,236,238,239,242,248,277,308,309,310,311,312,338,339,340,341,342,343,344,345,346,347,383,384,385,386,387,388,
150;0;5399;5551;0;0,1,2,3,4,5,6,7,8,9,30,31,33,117,120,125,126,127,128,129,130,131,132,133,134,135,136,137,138,139,140,141,151,158,159,160,161,162,163,164,165,166,167,168,208,220,229,230,231,232,233,234,235,236,238,239,242,248,277,308,309,310,311,312,338,339,340,341,342,343,344,345,346,347,383,384,385,386,387,388,
75;0;5551;5666;0;0,1,2,3,4,5,6,7,8,9,30,31,33,117,120,125,126,127,128,129,130,131,132,133,134,135,136,137,138,139,140,141,151,158,159,160,161,162,163,164,165,166,167,168,208,220,229,230,231,232,233,234,235,236,238,239,242,248,277,308,309,310,311,312,338,339,340,341,342,343,344,345,346,347,383,384,385,386,387,388,
Machine: 3
62;0;0;147;0;10,11,12,13,14,15,16,17,18,19,20,28,45,46,47,48,49,50,51,52,53,89,90,91,92,93,94,95,96,97,120,135,142,143,144,145,146,147,148,149,150,151,153,155,177,179,194,197,208,216,220,221,237,238,239,240,241,242,243,244,248,249,250,251,252,277,278,279,280,281,282,283,284,330,419,420,421,422,423,424,
37;0;147;197;0;10,11,12,13,14,15,16,17,18,19,20,28,45,46,47,48,49,50,51,52,53,89,90,91,92,93,94,95,96,97,120,135,142,143,144,145,146,147,148,149,150,151,153,155,177,179,194,197,208,216,220,221,237,238,239,240,241,242,243,244,248,249,250,251,252,277,278,279,280,281,282,283,284,330,419,420,421,422,423,424,
166;0;197;283;1;10,11,12,13,14,15,16,17,18,19,20,28,45,46,47,48,49,50,51,52,53,89,90,91,92,93,94,95,96,97,120,135,142,143,144,145,146,147,148,149,150,151,153,155,177,179,194,197,208,216,220,221,237,238,239,240,241,242,243,244,248,249,250,251,252,277,278,279,280,281,282,283,284,330,419,420,421,422,423,424,
166;1;283;455;1;10,11,12,13,14,15,16,17,18,19,20,28,45,46,47,48,49,50,51,52,53,89,90,91,92,93,94,95,96,97,120,135,142,143,144,145,146,147,148,149,150,151,153,155,177,179,194,197,208,216,220,221,237,238,239,240,241,242,243,244,248,249,250,251,252,277,278,279,280,281,282,283,284,330,419,420,421,422,423,424,
171;0;455;543;1;10,11,12,13,14,15,16,17,18,19,20,28,45,46,47,48,49,50,51,52,53,89,90,91,92,93,94,95,96,97,120,135,142,143,144,145,146,147,148,149,150,151,153,155,177,179,194,197,208,216,220,221,237,238,239,240,241,242,243,244,248,249,250,251,252,277,278,279,280,281,282,283,284,330,419,420,421,422,423,424,
171;1;543;719;1;10,11,12,13,14,15,16,17,18,19,20,28,45,46,47,48,49,50,51,52,53,89,90,91,92,93,94,95,96,97,120,135,142,143,144,145,146,147,148,149,150,151,153,155,177,179,194,197,208,216,220,221,237,238,239,240,241,242,243,244,248,249,250,251,252,277,278,279,280,281,282,283,284,330,419,420,421,422,423,424,
52;0;719;753;0;10,11,12,13,14,15,16,17,18,19,20,28,45,46,47,48,49,50,51,52,53,89,90,91,92,93,94,95,96,97,120,135,142,143,144,145,146,147,148,149,150,151,153,155,177,179,194,197,208,216,220,221,237,238,239,240,241,242,243,244,248,249,250,251,252,277,278,279,280,281,282,283,284,330,419,420,421,422,423,424,
19;0;753;878;1;10,11,12,13,14,15,16,17,18,19,20,28,45,46,47,48,49,50,51,52,53,89,90,91,92,93,94,95,96,97,120,135,142,143,144,145,146,147,148,149,150,151,153,155,177,179,194,197,208,216,220,221,237,238,239,240,241,242,243,244,248,249,250,251,252,277,278,279,280,281,282,283,284,330,419,420,421,422,423,424,
19;1;878;1042;1;10,11,12,13,14,15,16,17,18,19,20,28,45,46,47,48,49,50,51,52,53,89,90,91,92,93,94,95,96,97,120,135,142,143,144,145,146,147,148,149,150,151,153,155,177,179,194,197,208,216,220,221,237,238,239,240,241,242,243,244,248,249,250,251,252,277,278,279,280,281,282,283,284,330,419,420,421,422,423,424,
65;0;1042;1206;0;10,11,12,13,14,15,16,17,18,19,20,28,45,46,47,48,49,50,51,52,53,89,90,91,92,93,94,95,96,97,120,135,142,143,144,145,146,147,148,149,150,151,153,155,177,179,194,197,208,216,220,221,237,238,239,240,241,242,243,244,248,249,250,251,252,277,278,279,280,281,282,283,284,330,419,420,421,422,423,424,
197;0;1206;1266;0;10,11,12,13,14,15,16,17,18,19,20,28,45,46,47,48,49,50,51,52,53,89,90,91,92,93,94,95,96,97,120,135,142,143,144,145,146,147,148,149,150,151,153,155,177,179,194,197,208,216,220,221,237,238,239,240,241,242,243,244,248,249,250,251,252,277,278,279,280,281,282,283,284,330,419,420,421,422,423,424,
12;0;1266;1413;0;10,11,12,13,14,15,16,17,18,19,20,28,45,46,47,48,49,50,51,52,53,89,90,91,92,93,94,95,96,97,120,135,142,143,144,145,146,147,148,149,150,151,153,155,177,179,194,197,208,216,220,221,237,238,239,240,241,242,243,244,248,249,250,251,252,277,278,279,280,281,282,283,284,330,419,420,421,422,423,424,
149;0;1413;1573;1;10,11,12,13,14,15,16,17,18,19,20,28,45,46,47,48,49,50,51,52,53,89,90,91,92,93,94,95,96,97,120,135,142,143,144,145,146,147,148,149,150,151,153,155,177,179,194,197,208,216,220,221,237,238,239,240,241,242,243,244,248,249,250,251,252,277,278,279,280,281,282,283,284,330,419,420,421,422,423,424,
149;1;1573;1607;1;10,11,12,13,14,15,16,17,18,19,20,28,45,46,47,48,49,50,51,52,53,89,90,91,92,93,94,95,96,97,120,135,142,143,144,145,146,147,148,149,150,151,153,155,177,179,194,197,208,216,220,221,237,238,239,240,241,242,243,244,248,249,250,251,252,277,278,279,280,281,282,283,284,330,419,420,421,422,423,424,
201;0;1607;1722;1;10,11,12,13,14,15,16,17,18,19,20,28,45,46,47,48,49,50,51,52,53,89,90,91,92,93,94,95,96,97,120,135,142,143,144,145,146,147,148,149,150,151,153,155,177,179,194,197,208,216,220,221,237,238,239,240,241,242,243,244,248,249,250,251,252,277,278,279,280,281,282,283,284,330,419,420,421,422,423,424,
201;1;1722;1886;1;10,11,12,13,14,15,16,17,18,19,20,28,45,46,47,48,49,50,51,52,53,89,90,91,92,93,94,95,96,97,120,135,142,143,144,145,146,147,148,149,150,151,153,155,177,179,194,197,208,216,220,221,237,238,239,240,241,242,243,244,248,249,250,251,252,277,278,279,280,281,282,283,284,330,419,420,421,422,423,424,
198;0;1886;1908;0;10,11,12,13,14,15,16,17,18,19,20,28,45,46,47,48,49,50,51,52,53,89,90,91,92,93,94,95,96,97,120,135,142,143,144,145,146,147,148,149,150,151,153,155,177,179,194,197,208,216,220,221,237,238,239,240,241,242,243,244,248,249,250,251,252,277,278,279,280,281,282,283,284,330,419,420,421,422,423,424,
198;1;1908;2039;0;10,11,12,13,14,15,16,17,18,19,20,28,45,46,47,48,49,50,51,52,53,89,90,91,92,93,94,95,96,97,120,135,142,143,144,145,146,147,148,149,150,151,153,155,177,179,194,197,208,216,220,221,237,238,239,240,241,242,243,244,248,249,250,251,252,277,278,279,280,281,282,283,284,330,419,420,421,422,423,424,
182;0;2039;2133;0;10,11,12,13,14,15,16,17,18,19,20,28,45,46,47,48,49,50,51,52,53,89,90,91,92,93,94,95,96,97,120,135,142,143,144,145,146,147,148,149,150,151,153,155,177,179,194,197,208,216,220,221,237,238,239,240,241,242,243,244,248,249,250,251,252,277,278,279,280,281,282,283,284,330,419,420,421,422,423,424,
101;0;2133;2181;1;10,11,12,13,14,15,16,17,18,19,20,28,45,46,47,48,49,50,51,52,53,89,90,91,92,93,94,95,96,97,120,135,142,143,144,145,146,147,148,149,150,151,153,155,177,179,194,197,208,216,220,221,237,238,239,240,241,242,243,244,248,249,250,251,252,277,278,279,280,281,282,283,284,330,419,420,421,422,423,424,
101;1;2181;2203;1;10,11,12,13,14,15,16,17,18,19,20,28,45,46,47,48,49,50,51,52,53,89,90,91,92,93,94,95,96,97,120,135,142,143,144,145,146,147,148,149,150,151,153,155,177,179,194,197,208,216,220,221,237,238,239,240,241,242,243,244,248,249,250,251,252,277,278,279,280,281,282,283,284,330,419,420,421,422,423,424,
112;0;2203;2253;0;10,11,12,13,14,15,16,17,18,19,20,28,45,46,47,48,49,50,51,52,53,89,90,91,92,93,94,95,96,97,120,135,142,143,144,145,146,147,148,149,150,151,153,155,177,179,194,197,208,216,220,221,237,238,239,240,241,242,243,244,248,249,250,251,252,277,278,279,280,281,282,283,284,330,419,420,421,422,423,424,
144;0;2253;2287;1;10,11,12,13,14,15,16,17,18,19,20,28,45,46,47,48,49,50,51,52,53,89,90,91,92,93,94,95,96,97,120,135,142,143,144,145,146,147,148,149,150,151,153,155,177,179,194,197,208,216,220,221,237,238,239,240,241,242,243,244,248,249,250,251,252,277,278,279,280,281,282,283,284,330,419,420,421,422,423,424,
144;1;2287;2347;1;10,11,12,13,14,15,16,17,18,19,20,28,45,46,47,48,49,50,51,52,53,89,90,91,92,93,94,95,96,97,120,135,142,143,144,145,146,147,148,149,150,151,153,155,177,179,194,197,208,216,220,221,237,238,239,240,241,242,243,244,248,249,250,251,252,277,278,279,280,281,282,283,284,330,419,420,421,422,423,424,
113;0;2347;2460;0;10,11,12,13,14,15,16,17,18,19,20,28,45,46,47,48,49,50,51,52,53,89,90,91,92,93,94,95,96,97,120,135,142,143,144,145,146,147,148,149,150,151,153,155,177,179,194,197,208,216,220,221,237,238,239,240,241,242,243,244,248,249,250,251,252,277,278,279,280,281,282,283,284,330,419,420,421,422,423,424,
113;1;2460;2549;0;10,11,12,13,14,15,16,17,18,19,20,28,45,46,47,48,49,50,51,52,53,89,90,91,92,93,94,95,96,97,120,135,142,143,144,145,146,147,148,149,150,151,153,155,177,179,194,197,208,216,220,221,237,238,239,240,241,242,243,244,248,249,250,251,252,277,278,279,280,281,282,283,284,330,419,420,421,422,423,424,
100;0;2549;2649;0;10,11,12,13,14,15,16,17,18,19,20,28,45,46,47,48,49,50,51,52,53,89,90,91,92,93,94,95,96,97,120,135,142,143,144,145,146,147,148,149,150,151,153,155,177,179,194,197,208,216,220,221,237,238,239,240,241,242,243,244,248,249,250,251,252,277,278,279,280,281,282,283,284,330,419,420,421,422,423,424,
205;0;2649;2817;0;10,11,12,13,14,15,16,17,18,19,20,28,45,46,47,48,49,50,51,52,53,89,90,91,92,93,94,95,96,97,120,135,142,143,144,145,146,147,148,149,150,151,153,155,177,179,194,197,208,216,220,221,237,238,239,240,241,242,243,244,248,249,250,251,252,277,278,279,280,281,282,283,284,330,419,420,421,422,423,424,
105;0;2817;2883;0;10,11,12,13,14,15,16,17,18,19,20,28,45,46,47,48,49,50,51,52,53,89,90,91,92,93,94,95,96,97,120,135,142,143,144,145,146,147,148,149,150,151,153,155,177,179,194,197,208,216,220,221,237,238,239,240,241,242,243,244,248,249,250,251,252,277,278,279,280,281,282,283,284,330,419,420,421,422,423,424,
96;0;2883;3030;1;10,11,12,13,14,15,16,17,18,19,20,28,45,46,47,48,49,50,51,52,53,89,90,91,92,93,94,95,96,97,120,135,142,143,144,145,146,147,148,149,150,151,153,155,177,179,194,197,208,216,220,221,237,238,239,240,241,242,243,244,248,249,250,251,252,277,278,279,280,281,282,283,284,330,419,420,421,422,423,424,
96;1;3030;3206;1;10,11,12,13,14,15,16,17,18,19,20,28,45,46,47,48,49,50,51,52,53,89,90,91,92,93,94,95,96,97,120,135,142,143,144,145,146,147,148,149,150,151,153,155,177,179,194,197,208,216,220,221,237,238,239,240,241,242,243,244,248,249,250,251,252,277,278,279,280,281,282,283,284,330,419,420,421,422,423,424,
5;0;3206;3272;0;10,11,12,13,14,15,16,17,18,19,20,28,45,46,47,48,49,50,51,52,53,89,90,91,92,93,94,95,96,97,120,135,142,143,144,145,146,147,148,149,150,151,153,155,177,179,194,197,208,216,220,221,237,238,239,240,241,242,243,244,248,249,250,251,252,277,278,279,280,281,282,283,284,330,419,420,421,422,423,424,
143;0;3272;3280;0;10,11,12,13,14,15,16,17,18,19,20,28,45,46,47,48,49,50,51,52,53,89,90,91,92,93,94,95,96,97,120,135,142,143,144,145,146,147,148,149,150,151,153,155,177,179,194,197,208,216,220,221,237,238,239,240,241,242,243,244,248,249,250,251,252,277,278,279,280,281,282,283,284,330,419,420,421,422,423,424,
143;1;3280;3345;0;10,11,12,13,14,15,16,17,18,19,20,28,45,46,47,48,49,50,51,52,53,89,90,91,92,93,94,95,96,97,120,135,142,143,144,145,146,147,148,149,150,151,153,155,177,179,194,197,208,216,220,221,237,238,239,240,241,242,243,244,248,249,250,251,252,277,278,279,280,281,282,283,284,330,419,420,421,422,423,424,
158;0;3345;3363;0;10,11,12,13,14,15,16,17,18,19,20,28,45,46,47,48,49,50,51,52,53,89,90,91,92,93,94,95,96,97,120,135,142,143,144,145,146,147,148,149,150,151,153,155,177,179,194,197,208,216,220,221,237,238,239,240,241,242,243,244,248,249,250,251,252,277,278,279,280,281,282,283,284,330,419,420,421,422,423,424,
158;1;3363;3457;0;10,11,12,13,14,15,16,17,18,19,20,28,45,46,47,48,49,50,51,52,53,89,90,91,92,93,94,95,96,97,120,135,142,143,144,145,146,147,148,149,150,151,153,155,177,179,194,197,208,216,220,221,237,238,239,240,241,242,243,244,248,249,250,251,252,277,278,279,280,281,282,283,284,330,419,420,421,422,423,424,
134;0;3457;3469;1;10,11,12,13,14,15,16,17,18,19,20,28,45,46,47,48,49,50,51,52,53,89,90,91,92,93,94,95,96,97,120,135,142,143,144,145,146,147,148,149,150,151,153,155,177,179,194,197,208,216,220,221,237,238,239,240,241,242,243,244,248,249,250,251,252,277,278,279,280,281,282,283,284,330,419,420,421,422,423,424,
134;1;3469;3563;1;10,11,12,13,14,15,16,17,18,19,20,28,45,46,47,48,49,50,51,52,53,89,90,91,92,93,94,95,96,97,120,135,142,143,144,145,146,147,148,149,150,151,153,155,177,179,194,197,208,216,220,221,237,238,239,240,241,242,243,244,248,249,250,251,252,277,278,279,280,281,282,283,284,330,419,420,421,422,423,424,
64;0;3563;3597;1;10,11,12,13,14,15,16,17,18,19,20,28,45,46,47,48,49,50,51,52,53,89,90,91,92,93,94,95,96,97,120,135,142,143,144,145,146,147,148,149,150,151,153,155,177,179,194,197,208,216,220,221,237,238,239,240,241,242,243,244,248,249,250,251,252,277,278,279,280,281,282,283,284,330,419,420,421,422,423,424,
64;1;3597;3662;1;10,11,12,13,14,15,16,17,18,19,20,28,45,46,47,48,49,50,51,52,53,89,90,91,92,93,94,95,96,97,120,135,142,143,144,145,146,147,148,149,150,151,153,155,177,179,194,197,208,216,220,221,237,238,239,240,241,242,243,244,248,249,250,251,252,277,278,279,280,281,282,283,284,330,419,420,421,422,423,424,
125;0;3662;3701;0;10,11,12,13,14,15,16,17,18,19,20,28,45,46,47,48,49,50,51,52,53,89,90,91,92,93,94,95,96,97,120,135,142,143,144,145,146,147,148,149,150,151,153,155,177,179,194,197,208,216,220,221,237,238,239,240,241,242,243,244,248,249,250,251,252,277,278,279,280,281,282,283,284,330,419,420,421,422,423,424,
183;0;3701;3865;0;10,11,12,13,14,15,16,17,18,19,20,28,45,46,47,48,49,50,51,52,53,89,90,91,92,93,94,95,96,97,120,135,142,143,144,145,146,147,148,149,150,151,153,155,177,179,194,197,208,216,220,221,237,238,239,240,241,242,243,244,248,249,250,251,252,277,278,279,280,281,282,283,284,330,419,420,421,422,423,424,
183;1;3865;3996;0;10,11,12,13,14,15,16,17,18,19,20,28,45,46,47,48,49,50,51,52,53,89,90,91,92,93,94,95,96,97,120,135,142,143,144,145,146,147,148,149,150,151,153,155,177,179,194,197,208,216,220,221,237,238,239,240,241,242,243,244,248,249,250,251,252,277,278,279,280,281,282,283,284,330,419,420,421,422,423,424,
41;0;3996;4127;1;10,11,12,13,14,15,16,17,18,19,20,28,45,46,47,48,49,50,51,52,53,89,90,91,92,93,94,95,96,97,120,135,142,143,144,145,146,147,148,149,150,151,153,155,177,179,194,197,208,216,220,221,237,238,239,240,241,242,243,244,248,249,250,251,252,277,278,279,280,281,282,283,284,330,419,420,421,422,423,424,
41;1;4127;4161;1;10,11,12,13,14,15,16,17,18,19,20,28,45,46,47,48,49,50,51,52,53,89,90,91,92,93,94,95,96,97,120,135,142,143,144,145,146,147,148,149,150,151,153,155,177,179,194,197,208,216,220,221,237,238,239,240,241,242,243,244,248,249,250,251,252,277,278,279,280,281,282,283,284,330,419,420,421,422,423,424,
181;0;4161;4194;1;10,11,12,13,14,15,16,17,18,19,20,28,45,46,47,48,49,50,51,52,53,89,90,91,92,93,94,95,96,97,120,135,142,143,144,145,146,147,148,149,150,151,153,155,177,179,194,197,208,216,220,221,237,238,239,240,241,242,243,244,248,249,250,251,252,277,278,279,280,281,282,283,284,330,419,420,421,422,423,424,
181;1;4194;4294;1;10,11,12,13,14,15,16,17,18,19,20,28,45,46,47,48,49,50,51,52,53,89,90,91,92,93,94,95,96,97,120,135,142,143,144,145,146,147,148,149,150,151,153,155,177,179,194,197,208,216,220,221,237,238,239,240,241,242,243,244,248,249,250,251,252,277,278,279,280,281,282,283,284,330,419,420,421,422,423,424,
148;0;4294;4315;0;10,11,12,13,14,15,16,17,18,19,20,28,45,46,47,48,49,50,51,52,53,89,90,91,92,93,94,95,96,97,120,135,142,143,144,145,146,147,148,149,150,151,153,155,177,179,194,197,208,216,220,221,237,238,239,240,241,242,243,244,248,249,250,251,252,277,278,279,280,281,282,283,284,330,419,420,421,422,423,424,
148;1;4315;4354;0;10,11,12,13,14,15,16,17,18,19,20,28,45,46,47,48,49,50,51,52,53,89,90,91,92,93,94,95,96,97,120,135,142,143,144,145,146,147,148,149,150,151,153,155,177,179,194,197,208,216,220,221,237,238,239,240,241,242,243,244,248,249,250,251,252,277,278,279,280,281,282,283,284,330,419,420,421,422,423,424,
163;0;4354;4438;0;10,11,12,13,14,15,16,17,18,19,20,28,45,46,47,48,49,50,51,52,53,89,90,91,92,93,94,95,96,97,120,135,142,143,144,145,146,147,148,149,150,151,153,155,177,179,194,197,208,216,220,221,237,238,239,240,241,242,243,244,248,249,250,251,252,277,278,279,280,281,282,283,284,330,419,420,421,422,423,424,
163;1;4438;4504;0;10,11,12,13,14,15,16,17,18,19,20,28,45,46,47,48,49,50,51,52,53,89,90,91,92,93,94,95,96,97,120,135,142,143,144,145,146,147,148,149,150,151,153,155,177,179,194,197,208,216,220,221,237,238,239,240,241,242,243,244,248,249,250,251,252,277,278,279,280,281,282,283,284,330,419,420,421,422,423,424,
184;0;4504;4651;1;10,11,12,13,14,15,16,17,18,19,20,28,45,46,47,48,49,50,51,52,53,89,90,91,92,93,94,95,96,97,120,135,142,143,144,145,146,147,148,149,150,151,153,155,177,179,194,197,208,216,220,221,237,238,239,240,241,242,243,244,248,249,250,251,252,277,278,279,280,281,282,283,284,330,419,420,421,422,423,424,
184;1;4651;4827;1;10,11,12,13,14,15,16,17,18,19,20,28,45,46,47,48,49,50,51,52,53,89,90,91,92,93,94,95,96,97,120,135,142,143,144,145,146,147,148,149,150,151,153,155,177,179,194,197,208,216,220,221,237,238,239,240,241,242,243,244,248,249,250,251,252,277,278,279,280,281,282,283,284,330,419,420,421,422,423,424,
1;0;4827;4951;0;10,11,12,13,14,15,16,17,18,19,20,28,45,46,47,48,49,50,51,52,53,89,90,91,92,93,94,95,96,97,120,135,142,143,144,145,146,147,148,149,150,151,153,155,177,179,194,197,208,216,220,221,237,238,239,240,241,242,243,244,248,249,250,251,252,277,278,279,280,281,282,283,284,330,419,420,421,422,423,424,
1;1;4951;5016;0;10,11,12,13,14,15,16,17,18,19,20,28,45,46,47,48,49,50,51,52,53,89,90,91,92,93,94,95,96,97,120,135,142,143,144,145,146,147,148,149,150,151,153,155,177,179,194,197,208,216,220,221,237,238,239,240,241,242,243,244,248,249,250,251,252,277,278,279,280,281,282,283,284,330,419,420,421,422,423,424,
44;0;5016;5055;1;10,11,12,13,14,15,16,17,18,19,20,28,45,46,47,48,49,50,51,52,53,89,90,91,92,93,94,95,96,97,120,135,142,143,144,145,146,147,148,149,150,151,153,155,177,179,194,197,208,216,220,221,237,238,239,240,241,242,243,244,248,249,250,251,252,277,278,279,280,281,282,283,284,330,419,420,421,422,423,424,
44;1;5055;5094;1;10,11,12,13,14,15,16,17,18,19,20,28,45,46,47,48,49,50,51,52,53,89,90,91,92,93,94,95,96,97,120,135,142,143,144,145,146,147,148,149,150,151,153,155,177,179,194,197,208,216,220,221,237,238,239,240,241,242,243,244,248,249,250,251,252,277,278,279,280,281,282,283,284,330,419,420,421,422,423,424,
Machine: 4
47;0;0;144;0;0,20,24,36,37,38,48,54,55,56,57,58,59,60,61,62,63,64,65,66,67,68,69,80,81,82,83,84,85,86,87,88,98,99,100,101,102,103,104,105,106,107,108,109,110,111,112,113,114,169,170,171,172,218,219,245,246,247,323,324,325,326,327,328,329,330,331,332,360,361,362,363,364,365,366,367,368,369,417,418,
14;0;144;166;1;0,20,24,36,37,38,48,54,55,56,57,58,59,60,61,62,63,64,65,66,67,68,69,80,81,82,83,84,85,86,87,88,98,99,100,101,102,103,104,105,106,107,108,109,110,111,112,113,114,169,170,171,172,218,219,245,246,247,323,324,325,326,327,328,329,330,331,332,360,361,362,363,364,365,366,367,368,369,417,418,
14;1;166;317;1;0,20,24,36,37,38,48,54,55,56,57,58,59,60,61,62,63,64,65,66,67,68,69,80,81,82,83,84,85,86,87,88,98,99,100,101,102,103,104,105,106,107,108,109,110,111,112,113,114,169,170,171,172,218,219,245,246,247,323,324,325,326,327,328,329,330,331,332,360,361,362,363,364,365,366,367,368,369,417,418,
191;0;317;356;1;0,20,24,36,37,38,48,54,55,56,57,58,59,60,61,62,63,64,65,66,67,68,69,80,81,82,83,84,85,86,87,88,98,99,100,101,102,103,104,105,106,107,108,109,110,111,112,113,114,169,170,171,172,218,219,245,246,247,323,324,325,326,327,328,329,330,331,332,360,361,362,363,364,365,366,367,368,369,417,418,
191;1;356;499;1;0,20,24,36,37,38,48,54,55,56,57,58,59,60,61,62,63,64,65,66,67,68,69,80,81,82,83,84,85,86,87,88,98,99,100,101,102,103,104,105,106,107,108,109,110,111,112,113,114,169,170,171,172,218,219,245,246,247,323,324,325,326,327,328,329,330,331,332,360,361,362,363,364,365,366,367,368,369,417,418,
120;0;499;650;0;0,20,24,36,37,38,48,54,55,56,57,58,59,60,61,62,63,64,65,66,67,68,69,80,81,82,83,84,85,86,87,88,98,99,100,101,102,103,104,105,106,107,108,109,110,111,112,113,114,169,170,171,172,218,219,245,246,247,323,324,325,326,327,328,329,330,331,332,360,361,362,363,364,365,366,367,368,369,417,418,
203;0;650;814;0;0,20,24,36,37,38,48,54,55,56,57,58,59,60,61,62,63,64,65,66,67,68,69,80,81,82,83,84,85,86,87,88,98,99,100,101,102,103,104,105,106,107,108,109,110,111,112,113,114,169,170,171,172,218,219,245,246,247,323,324,325,326,327,328,329,330,331,332,360,361,362,363,364,365,366,367,368,369,417,418,
203;1;814;945;0;0,20,24,36,37,38,48,54,55,56,57,58,59,60,61,62,63,64,65,66,67,68,69,80,81,82,83,84,85,86,87,88,98,99,100,101,102,103,104,105,106,107,108,109,110,111,112,113,114,169,170,171,172,218,219,245,246,247,323,324,325,326,327,328,329,330,331,332,360,361,362,363,364,365,366,367,368,369,417,418,
211;0;945;1014;1;0,20,24,36,37,38,48,54,55,56,57,58,59,60,61,62,63,64,65,66,67,68,69,80,81,82,83,84,85,86,87,88,98,99,100,101,102,103,104,105,106,107,108,109,110,111,112,113,114,169,170,171,172,218,219,245,246,247,323,324,325,326,327,328,329,330,331,332,360,361,362,363,364,365,366,367,368,369,417,418,
211;1;1014;1091;1;0,20,24,36,37,38,48,54,55,56,57,58,59,60,61,62,63,64,65,66,67,68,69,80,81,82,83,84,85,86,87,88,98,99,100,101,102,103,104,105,106,107,108,109,110,111,112,113,114,169,170,171,172,218,219,245,246,247,323,324,325,326,327,328,329,330,331,332,360,361,362,363,364,365,366,367,368,369,417,418,
28;0;1091;1250;0;0,20,24,36,37,38,48,54,55,56,57,58,59,60,61,62,63,64,65,66,67,68,69,80,81,82,83,84,85,86,87,88,98,99,100,101,102,103,104,105,106,107,108,109,110,111,112,113,114,169,170,171,172,218,219,245,246,247,323,324,325,326,327,328,329,330,331,332,360,361,362,363,364,365,366,367,368,369,417,418,
28;1;1250;1394;0;0,20,24,36,37,38,48,54,55,56,57,58,59,60,61,62,63,64,65,66,67,68,69,80,81,82,83,84,85,86,87,88,98,99,100,101,102,103,104,105,106,107,108,109,110,111,112,113,114,169,170,171,172,218,219,245,246,247,323,324,325,326,327,328,329,330,331,332,360,361,362,363,364,365,366,367,368,369,417,418,
173;0;1394;1398;0;0,20,24,36,37,38,48,54,55,56,57,58,59,60,61,62,63,64,65,66,67,68,69,80,81,82,83,84,85,86,87,88,98,99,100,101,102,103,104,105,106,107,108,109,110,111,112,113,114,169,170,171,172,218,219,245,246,247,323,324,325,326,327,328,329,330,331,332,360,361,362,363,364,365,366,367,368,369,417,418,
173;1;1398;1412;0;0,20,24,36,37,38,48,54,55,56,57,58,59,60,61,62,63,64,65,66,67,68,69,80,81,82,83,84,85,86,87,88,98,99,100,101,102,103,104,105,106,107,108,109,110,111,112,113,114,169,170,171,172,218,219,245,246,247,323,324,325,326,327,328,329,330,331,332,360,361,362,363,364,365,366,367,368,369,417,418,
36;0;1412;1432;1;0,20,24,36,37,38,48,54,55,56,57,58,59,60,61,62,63,64,65,66,67,68,69,80,81,82,83,84,85,86,87,88,98,99,100,101,102,103,104,105,106,107,108,109,110,111,112,113,114,169,170,171,172,218,219,245,246,247,323,324,325,326,327,328,329,330,331,332,360,361,362,363,364,365,366,367,368,369,417,418,
36;1;1432;1531;1;0,20,24,36,37,38,48,54,55,56,57,58,59,60,61,62,63,64,65,66,67,68,69,80,81,82,83,84,85,86,87,88,98,99,100,101,102,103,104,105,106,107,108,109,110,111,112,113,114,169,170,171,172,218,219,245,246,247,323,324,325,326,327,328,329,330,331,332,360,361,362,363,364,365,366,367,368,369,417,418,
30;0;1531;1662;0;0,20,24,36,37,38,48,54,55,56,57,58,59,60,61,62,63,64,65,66,67,68,69,80,81,82,83,84,85,86,87,88,98,99,100,101,102,103,104,105,106,107,108,109,110,111,112,113,114,169,170,171,172,218,219,245,246,247,323,324,325,326,327,328,329,330,331,332,360,361,362,363,364,365,366,367,368,369,417,418,
137;0;1662;1842;0;0,20,24,36,37,38,48,54,55,56,57,58,59,60,61,62,63,64,65,66,67,68,69,80,81,82,83,84,85,86,87,88,98,99,100,101,102,103,104,105,106,107,108,109,110,111,112,113,114,169,170,171,172,218,219,245,246,247,323,324,325,326,327,328,329,330,331,332,360,361,362,363,364,365,366,367,368,369,417,418,
42;0;1842;1913;0;0,20,24,36,37,38,48,54,55,56,57,58,59,60,61,62,63,64,65,66,67,68,69,80,81,82,83,84,85,86,87,88,98,99,100,101,102,103,104,105,106,107,108,109,110,111,112,113,114,169,170,171,172,218,219,245,246,247,323,324,325,326,327,328,329,330,331,332,360,361,362,363,364,365,366,367,368,369,417,418,
23;0;1913;2047;0;0,20,24,36,37,38,48,54,55,56,57,58,59,60,61,62,63,64,65,66,67,68,69,80,81,82,83,84,85,86,87,88,98,99,100,101,102,103,104,105,106,107,108,109,110,111,112,113,114,169,170,171,172,218,219,245,246,247,323,324,325,326,327,328,329,330,331,332,360,361,362,363,364,365,366,367,368,369,417,418,
23;1;2047;2204;0;0,20,24,36,37,38,48,54,55,56,57,58,59,60,61,62,63,64,65,66,67,68,69,80,81,82,83,84,85,86,87,88,98,99,100,101,102,103,104,105,106,107,108,109,110,111,112,113,114,169,170,171,172,218,219,245,246,247,323,324,325,326,327,328,329,330,331,332,360,361,362,363,364,365,366,367,368,369,417,418,
103;0;2204;2303;0;0,20,24,36,37,38,48,54,55,56,57,58,59,60,61,62,63,64,65,66,67,68,69,80,81,82,83,84,85,86,87,88,98,99,100,101,102,103,104,105,106,107,108,109,110,111,112,113,114,169,170,171,172,218,219,245,246,247,323,324,325,326,327,328,329,330,331,332,360,361,362,363,364,365,366,367,368,369,417,418,
103;1;2303;2365;0;0,20,24,36,37,38,48,54,55,56,57,58,59,60,61,62,63,64,65,66,67,68,69,80,81,82,83,84,85,86,87,88,98,99,100,101,102,103,104,105,106,107,108,109,110,111,112,113,114,169,170,171,172,218,219,245,246,247,323,324,325,326,327,328,329,330,331,332,360,361,362,363,364,365,366,367,368,369,417,418,
15;0;2365;2496;0;0,20,24,36,37,38,48,54,55,56,57,58,59,60,61,62,63,64,65,66,67,68,69,80,81,82,83,84,85,86,87,88,98,99,100,101,102,103,104,105,106,107,108,109,110,111,112,113,114,169,170,171,172,218,219,245,246,247,323,324,325,326,327,328,329,330,331,332,360,361,362,363,364,365,366,367,368,369,417,418,
132;0;2496;2573;0;0,20,24,36,37,38,48,54,55,56,57,58,59,60,61,62,63,64,65,66,67,68,69,80,81,82,83,84,85,86,87,88,98,99,100,101,102,103,104,105,106,107,108,109,110,111,112,113,114,169,170,171,172,218,219,245,246,247,323,324,325,326,327,328,329,330,331,332,360,361,362,363,364,365,366,367,368,369,417,418,
11;0;2573;2731;1;0,20,24,36,37,38,48,54,55,56,57,58,59,60,61,62,63,64,65,66,67,68,69,80,81,82,83,84,85,86,87,88,98,99,100,101,102,103,104,105,106,107,108,109,110,111,112,113,114,169,170,171,172,218,219,245,246,247,323,324,325,326,327,328,329,330,331,332,360,361,362,363,364,365,366,367,368,369,417,418,
11;1;2731;2745;1;0,20,24,36,37,38,48,54,55,56,57,58,59,60,61,62,63,64,65,66,67,68,69,80,81,82,83,84,85,86,87,88,98,99,100,101,102,103,104,105,106,107,108,109,110,111,112,113,114,169,170,171,172,218,219,245,246,247,323,324,325,326,327,328,329,330,331,332,360,361,362,363,364,365,366,367,368,369,417,418,
121;0;2745;2879;1;0,20,24,36,37,38,48,54,55,56,57,58,59,60,61,62,63,64,65,66,67,68,69,80,81,82,83,84,85,86,87,88,98,99,100,101,102,103,104,105,106,107,108,109,110,111,112,113,114,169,170,171,172,218,219,245,246,247,323,324,325,326,327,328,329,330,331,332,360,361,362,363,364,365,366,367,368,369,417,418,
121;1;2879;2932;1;0,20,24,36,37,38,48,54,55,56,57,58,59,60,61,62,63,64,65,66,67,68,69,80,81,82,83,84,85,86,87,88,98,99,100,101,102,103,104,105,106,107,108,109,110,111,112,113,114,169,170,171,172,218,219,245,246,247,323,324,325,326,327,328,329,330,331,332,360,361,362,363,364,365,366,367,368,369,417,418,
186;0;2932;3035;1;0,20,24,36,37,38,48,54,55,56,57,58,59,60,61,62,63,64,65,66,67,68,69,80,81,82,83,84,85,86,87,88,98,99,100,101,102,103,104,105,106,107,108,109,110,111,112,113,114,169,170,171,172,218,219,245,246,247,323,324,325,326,327,328,329,330,331,332,360,361,362,363,364,365,366,367,368,369,417,418,
186;1;3035;3179;1;0,20,24,36,37,38,48,54,55,56,57,58,59,60,61,62,63,64,65,66,67,68,69,80,81,82,83,84,85,86,87,88,98,99,100,101,102,103,104,105,106,107,108,109,110,111,112,113,114,169,170,171,172,218,219,245,246,247,323,324,325,326,327,328,329,330,331,332,360,361,362,363,364,365,366,367,368,369,417,418,
159;0;3179;3276;1;0,20,24,36,37,38,48,54,55,56,57,58,59,60,61,62,63,64,65,66,67,68,69,80,81,82,83,84,85,86,87,88,98,99,100,101,102,103,104,105,106,107,108,109,110,111,112,113,114,169,170,171,172,218,219,245,246,247,323,324,325,326,327,328,329,330,331,332,360,361,362,363,364,365,366,367,368,369,417,418,
159;1;3276;3375;1;0,20,24,36,37,38,48,54,55,56,57,58,59,60,61,62,63,64,65,66,67,68,69,80,81,82,83,84,85,86,87,88,98,99,100,101,102,103,104,105,106,107,108,109,110,111,112,113,114,169,170,171,172,218,219,245,246,247,323,324,325,326,327,328,329,330,331,332,360,361,362,363,364,365,366,367,368,369,417,418,
98;0;3375;3427;0;0,20,24,36,37,38,48,54,55,56,57,58,59,60,61,62,63,64,65,66,67,68,69,80,81,82,83,84,85,86,87,88,98,99,100,101,102,103,104,105,106,107,108,109,110,111,112,113,114,169,170,171,172,218,219,245,246,247,323,324,325,326,327,328,329,330,331,332,360,361,362,363,364,365,366,367,368,369,417,418,
98;1;3427;3584;0;0,20,24,36,37,38,48,54,55,56,57,58,59,60,61,62,63,64,65,66,67,68,69,80,81,82,83,84,85,86,87,88,98,99,100,101,102,103,104,105,106,107,108,109,110,111,112,113,114,169,170,171,172,218,219,245,246,247,323,324,325,326,327,328,329,330,331,332,360,361,362,363,364,365,366,367,368,369,417,418,
124;0;3584;3650;1;0,20,24,36,37,38,48,54,55,56,57,58,59,60,61,62,63,64,65,66,67,68,69,80,81,82,83,84,85,86,87,88,98,99,100,101,102,103,104,105,106,107,108,109,110,111,112,113,114,169,170,171,172,218,219,245,246,247,323,324,325,326,327,328,329,330,331,332,360,361,362,363,364,365,366,367,368,369,417,418,
124;1;3650;3664;1;0,20,24,36,37,38,48,54,55,56,57,58,59,60,61,62,63,64,65,66,67,68,69,80,81,82,83,84,85,86,87,88,98,99,100,101,102,103,104,105,106,107,108,109,110,111,112,113,114,169,170,171,172,218,219,245,246,247,323,324,325,326,327,328,329,330,331,332,360,361,362,363,364,365,366,367,368,369,417,418,
95;0;3664;3801;0;0,20,24,36,37,38,48,54,55,56,57,58,59,60,61,62,63,64,65,66,67,68,69,80,81,82,83,84,85,86,87,88,98,99,100,101,102,103,104,105,106,107,108,109,110,111,112,113,114,169,170,171,172,218,219,245,246,247,323,324,325,326,327,328,329,330,331,332,360,361,362,363,364,365,366,367,368,369,417,418,
76;0;3801;3914;1;0,20,24,36,37,38,48,54,55,56,57,58,59,60,61,62,63,64,65,66,67,68,69,80,81,82,83,84,85,86,87,88,98,99,100,101,102,103,104,105,106,107,108,109,110,111,112,113,114,169,170,171,172,218,219,245,246,247,323,324,325,326,327,328,329,330,331,332,360,361,362,363,364,365,366,367,368,369,417,418,
76;1;3914;4050;1;0,20,24,36,37,38,48,54,55,56,57,58,59,60,61,62,63,64,65,66,67,68,69,80,81,82,83,84,85,86,87,88,98,99,100,101,102,103,104,105,106,107,108,109,110,111,112,113,114,169,170,171,172,218,219,245,246,247,323,324,325,326,327,328,329,330,331,332,360,361,362,363,364,365,366,367,368,369,417,418,
80;0;4050;4127;0;0,20,24,36,37,38,48,54,55,56,57,58,59,60,61,62,63,64,65,66,67,68,69,80,81,82,83,84,85,86,87,88,98,99,100,101,102,103,104,105,106,107,108,109,110,111,112,113,114,169,170,171,172,218,219,245,246,247,323,324,325,326,327,328,329,330,331,332,360,361,362,363,364,365,366,367,368,369,417,418,
69;0;4127;4168;1;0,20,24,36,37,38,48,54,55,56,57,58,59,60,61,62,63,64,65,66,67,68,69,80,81,82,83,84,85,86,87,88,98,99,100,101,102,103,104,105,106,107,108,109,110,111,112,113,114,169,170,171,172,218,219,245,246,247,323,324,325,326,327,328,329,330,331,332,360,361,362,363,364,365,366,367,368,369,417,418,
69;1;4168;4201;1;0,20,24,36,37,38,48,54,55,56,57,58,59,60,61,62,63,64,65,66,67,68,69,80,81,82,83,84,85,86,87,88,98,99,100,101,102,103,104,105,106,107,108,109,110,111,112,113,114,169,170,171,172,218,219,245,246,247,323,324,325,326,327,328,329,330,331,332,360,361,362,363,364,365,366,367,368,369,417,418,
13;0;4201;4278;0;0,20,24,36,37,38,48,54,55,56,57,58,59,60,61,62,63,64,65,66,67,68,69,80,81,82,83,84,85,86,87,88,98,99,100,101,102,103,104,105,106,107,108,109,110,111,112,113,114,169,170,171,172,218,219,245,246,247,323,324,325,326,327,328,329,330,331,332,360,361,362,363,364,365,366,367,368,369,417,418,
13;1;4278;4458;0;0,20,24,36,37,38,48,54,55,56,57,58,59,60,61,62,63,64,65,66,67,68,69,80,81,82,83,84,85,86,87,88,98,99,100,101,102,103,104,105,106,107,108,109,110,111,112,113,114,169,170,171,172,218,219,245,246,247,323,324,325,326,327,328,329,330,331,332,360,361,362,363,364,365,366,367,368,369,417,418,
139;0;4458;4470;1;0,20,24,36,37,38,48,54,55,56,57,58,59,60,61,62,63,64,65,66,67,68,69,80,81,82,83,84,85,86,87,88,98,99,100,101,102,103,104,105,106,107,108,109,110,111,112,113,114,169,170,171,172,218,219,245,246,247,323,324,325,326,327,328,329,330,331,332,360,361,362,363,364,365,366,367,368,369,417,418,
139;1;4470;4650;1;0,20,24,36,37,38,48,54,55,56,57,58,59,60,61,62,63,64,65,66,67,68,69,80,81,82,83,84,85,86,87,88,98,99,100,101,102,103,104,105,106,107,108,109,110,111,112,113,114,169,170,171,172,218,219,245,246,247,323,324,325,326,327,328,329,330,331,332,360,361,362,363,364,365,366,367,368,369,417,418,
127;0;4650;4807;0;0,20,24,36,37,38,48,54,55,56,57,58,59,60,61,62,63,64,65,66,67,68,69,80,81,82,83,84,85,86,87,88,98,99,100,101,102,103,104,105,106,107,108,109,110,111,112,113,114,169,170,171,172,218,219,245,246,247,323,324,325,326,327,328,329,330,331,332,360,361,362,363,364,365,366,367,368,369,417,418,
97;0;4807;4814;0;0,20,24,36,37,38,48,54,55,56,57,58,59,60,61,62,63,64,65,66,67,68,69,80,81,82,83,84,85,86,87,88,98,99,100,101,102,103,104,105,106,107,108,109,110,111,112,113,114,169,170,171,172,218,219,245,246,247,323,324,325,326,327,328,329,330,331,332,360,361,362,363,364,365,366,367,368,369,417,418,
168;0;4814;4844;0;0,20,24,36,37,38,48,54,55,56,57,58,59,60,61,62,63,64,65,66,67,68,69,80,81,82,83,84,85,86,87,88,98,99,100,101,102,103,104,105,106,107,108,109,110,111,112,113,114,169,170,171,172,218,219,245,246,247,323,324,325,326,327,328,329,330,331,332,360,361,362,363,364,365,366,367,368,369,417,418,
168;1;4844;4877;0;0,20,24,36,37,38,48,54,55,56,57,58,59,60,61,62,63,64,65,66,67,68,69,80,81,82,83,84,85,86,87,88,98,99,100,101,102,103,104,105,106,107,108,109,110,111,112,113,114,169,170,171,172,218,219,245,246,247,323,324,325,326,327,328,329,330,331,332,360,361,362,363,364,365,366,367,368,369,417,418,
7;0;4877;4908;0;0,20,24,36,37,38,48,54,55,56,57,58,59,60,61,62,63,64,65,66,67,68,69,80,81,82,83,84,85,86,87,88,98,99,100,101,102,103,104,105,106,107,108,109,110,111,112,113,114,169,170,171,172,218,219,245,246,247,323,324,325,326,327,328,329,330,331,332,360,361,362,363,364,365,366,367,368,369,417,418,
71;0;4908;5065;1;0,20,24,36,37,38,48,54,55,56,57,58,59,60,61,62,63,64,65,66,67,68,69,80,81,82,83,84,85,86,87,88,98,99,100,101,102,103,104,105,106,107,108,109,110,111,112,113,114,169,170,171,172,218,219,245,246,247,323,324,325,326,327,328,329,330,331,332,360,361,362,363,364,365,366,367,368,369,417,418,
71;1;5065;5216;1;0,20,24,36,37,38,48,54,55,56,57,58,59,60,61,62,63,64,65,66,67,68,69,80,81,82,83,84,85,86,87,88,98,99,100,101,102,103,104,105,106,107,108,109,110,111,112,113,114,169,170,171,172,218,219,245,246,247,323,324,325,326,327,328,329,330,331,332,360,361,362,363,364,365,366,367,368,369,417,418,
39;0;5216;5245;1;0,20,24,36,37,38,48,54,55,56,57,58,59,60,61,62,63,64,65,66,67,68,69,80,81,82,83,84,85,86,87,88,98,99,100,101,102,103,104,105,106,107,108,109,110,111,112,113,114,169,170,171,172,218,219,245,246,247,323,324,325,326,327,328,329,330,331,332,360,361,362,363,364,365,366,367,368,369,417,418,
39;1;5245;5396;1;0,20,24,36,37,38,48,54,55,56,57,58,59,60,61,62,63,64,65,66,67,68,69,80,81,82,83,84,85,86,87,88,98,99,100,101,102,103,104,105,106,107,108,109,110,111,112,113,114,169,170,171,172,218,219,245,246,247,323,324,325,326,327,328,329,330,331,332,360,361,362,363,364,365,366,367,368,369,417,418,
8;0;5396;5556;0;0,20,24,36,37,38,48,54,55,56,57,58,59,60,61,62,63,64,65,66,67,68,69,80,81,82,83,84,85,86,87,88,98,99,100,101,102,103,104,105,106,107,108,109,110,111,112,113,114,169,170,171,172,218,219,245,246,247,323,324,325,326,327,328,329,330,331,332,360,361,362,363,364,365,366,367,368,369,417,418,
8;1;5556;5692;0;0,20,24,36,37,38,48,54,55,56,57,58,59,60,61,62,63,64,65,66,67,68,69,80,81,82,83,84,85,86,87,88,98,99,100,101,102,103,104,105,106,107,108,109,110,111,112,113,114,169,170,171,172,218,219,245,246,247,323,324,325,326,327,328,329,330,331,332,360,361,362,363,364,365,366,367,368,369,417,418,
Machine: 5
152;0;0;81;0;0,22,24,26,27,29,36,53,82,85,90,105,112,115,134,135,151,155,158,173,174,175,176,177,178,179,180,181,182,186,206,207,208,216,250,263,264,265,266,267,268,277,278,279,280,281,282,283,284,289,307,317,318,319,320,321,322,332,333,334,335,336,337,348,349,350,351,371,378,401,402,403,409,410,411,412,413,414,415,416,
48;0;81;122;0;0,22,24,26,27,29,36,53,82,85,90,105,112,115,134,135,151,155,158,173,174,175,176,177,178,179,180,181,182,186,206,207,208,216,250,263,264,265,266,267,268,277,278,279,280,281,282,283,284,289,307,317,318,319,320,321,322,332,333,334,335,336,337,348,349,350,351,371,378,401,402,403,409,410,411,412,413,414,415,416,
48;1;122;174;0;0,22,24,26,27,29,36,53,82,85,90,105,112,115,134,135,151,155,158,173,174,175,176,177,178,179,180,181,182,186,206,207,208,216,250,263,264,265,266,267,268,277,278,279,280,281,282,283,284,289,307,317,318,319,320,321,322,332,333,334,335,336,337,348,349,350,351,371,378,401,402,403,409,410,411,412,413,414,415,416,
164;0;174;350;1;0,22,24,26,27,29,36,53,82,85,90,105,112,115,134,135,151,155,158,173,174,175,176,177,178,179,180,181,182,186,206,207,208,216,250,263,264,265,266,267,268,277,278,279,280,281,282,283,284,289,307,317,318,319,320,321,322,332,333,334,335,336,337,348,349,350,351,371,378,401,402,403,409,410,411,412,413,414,415,416,
164;1;350;395;1;0,22,24,26,27,29,36,53,82,85,90,105,112,115,134,135,151,155,158,173,174,175,176,177,178,179,180,181,182,186,206,207,208,216,250,263,264,265,266,267,268,277,278,279,280,281,282,283,284,289,307,317,318,319,320,321,322,332,333,334,335,336,337,348,349,350,351,371,378,401,402,403,409,410,411,412,413,414,415,416,
73;0;395;478;0;0,22,24,26,27,29,36,53,82,85,90,105,112,115,134,135,151,155,158,173,174,175,176,177,178,179,180,181,182,186,206,207,208,216,250,263,264,265,266,267,268,277,278,279,280,281,282,283,284,289,307,317,318,319,320,321,322,332,333,334,335,336,337,348,349,350,351,371,378,401,402,403,409,410,411,412,413,414,415,416,
73;1;478;562;0;0,22,24,26,27,29,36,53,82,85,90,105,112,115,134,135,151,155,158,173,174,175,176,177,178,179,180,181,182,186,206,207,208,216,250,263,264,265,266,267,268,277,278,279,280,281,282,283,284,289,307,317,318,319,320,321,322,332,333,334,335,336,337,348,349,350,351,371,378,401,402,403,409,410,411,412,413,414,415,416,
89;0;562;715;1;0,22,24,26,27,29,36,53,82,85,90,105,112,115,134,135,151,155,158,173,174,175,176,177,178,179,180,181,182,186,206,207,208,216,250,263,264,265,266,267,268,277,278,279,280,281,282,283,284,289,307,317,318,319,320,321,322,332,333,334,335,336,337,348,349,350,351,371,378,401,402,403,409,410,411,412,413,414,415,416,
89;1;715;799;1;0,22,24,26,27,29,36,53,82,85,90,105,112,115,134,135,151,155,158,173,174,175,176,177,178,179,180,181,182,186,206,207,208,216,250,263,264,265,266,267,268,277,278,279,280,281,282,283,284,289,307,317,318,319,320,321,322,332,333,334,335,336,337,348,349,350,351,371,378,401,402,403,409,410,411,412,413,414,415,416,
106;0;799;950;1;0,22,24,26,27,29,36,53,82,85,90,105,112,115,134,135,151,155,158,173,174,175,176,177,178,179,180,181,182,186,206,207,208,216,250,263,264,265,266,267,268,277,278,279,280,281,282,283,284,289,307,317,318,319,320,321,322,332,333,334,335,336,337,348,349,350,351,371,378,401,402,403,409,410,411,412,413,414,415,416,
106;1;950;1112;1;0,22,24,26,27,29,36,53,82,85,90,105,112,115,134,135,151,155,158,173,174,175,176,177,178,179,180,181,182,186,206,207,208,216,250,263,264,265,266,267,268,277,278,279,280,281,282,283,284,289,307,317,318,319,320,321,322,332,333,334,335,336,337,348,349,350,351,371,378,401,402,403,409,410,411,412,413,414,415,416,
91;0;1112;1233;1;0,22,24,26,27,29,36,53,82,85,90,105,112,115,134,135,151,155,158,173,174,175,176,177,178,179,180,181,182,186,206,207,208,216,250,263,264,265,266,267,268,277,278,279,280,281,282,283,284,289,307,317,318,319,320,321,322,332,333,334,335,336,337,348,349,350,351,371,378,401,402,403,409,410,411,412,413,414,415,416,
91;1;1233;1382;1;0,22,24,26,27,29,36,53,82,85,90,105,112,115,134,135,151,155,158,173,174,175,176,177,178,179,180,181,182,186,206,207,208,216,250,263,264,265,266,267,268,277,278,279,280,281,282,283,284,289,307,317,318,319,320,321,322,332,333,334,335,336,337,348,349,350,351,371,378,401,402,403,409,410,411,412,413,414,415,416,
185;0;1382;1530;0;0,22,24,26,27,29,36,53,82,85,90,105,112,115,134,135,151,155,158,173,174,175,176,177,178,179,180,181,182,186,206,207,208,216,250,263,264,265,266,267,268,277,278,279,280,281,282,283,284,289,307,317,318,319,320,321,322,332,333,334,335,336,337,348,349,350,351,371,378,401,402,403,409,410,411,412,413,414,415,416,
155;0;1530;1661;0;0,22,24,26,27,29,36,53,82,85,90,105,112,115,134,135,151,155,158,173,174,175,176,177,178,179,180,181,182,186,206,207,208,216,250,263,264,265,266,267,268,277,278,279,280,281,282,283,284,289,307,317,318,319,320,321,322,332,333,334,335,336,337,348,349,350,351,371,378,401,402,403,409,410,411,412,413,414,415,416,
25;0;1661;1745;0;0,22,24,26,27,29,36,53,82,85,90,105,112,115,134,135,151,155,158,173,174,175,176,177,178,179,180,181,182,186,206,207,208,216,250,263,264,265,266,267,268,277,278,279,280,281,282,283,284,289,307,317,318,319,320,321,322,332,333,334,335,336,337,348,349,350,351,371,378,401,402,403,409,410,411,412,413,414,415,416,
179;0;1745;1818;1;0,22,24,26,27,29,36,53,82,85,90,105,112,115,134,135,151,155,158,173,174,175,176,177,178,179,180,181,182,186,206,207,208,216,250,263,264,265,266,267,268,277,278,279,280,281,282,283,284,289,307,317,318,319,320,321,322,332,333,334,335,336,337,348,349,350,351,371,378,401,402,403,409,410,411,412,413,414,415,416,
179;1;1818;1966;1;0,22,24,26,27,29,36,53,82,85,90,105,112,115,134,135,151,155,158,173,174,175,176,177,178,179,180,181,182,186,206,207,208,216,250,263,264,265,266,267,268,277,278,279,280,281,282,283,284,289,307,317,318,319,320,321,322,332,333,334,335,336,337,348,349,350,351,371,378,401,402,403,409,410,411,412,413,414,415,416,
170;0;1966;2044;0;0,22,24,26,27,29,36,53,82,85,90,105,112,115,134,135,151,155,158,173,174,175,176,177,178,179,180,181,182,186,206,207,208,216,250,263,264,265,266,267,268,277,278,279,280,281,282,283,284,289,307,317,318,319,320,321,322,332,333,334,335,336,337,348,349,350,351,371,378,401,402,403,409,410,411,412,413,414,415,416,
161;0;2044;2142;1;0,22,24,26,27,29,36,53,82,85,90,105,112,115,134,135,151,155,158,173,174,175,176,177,178,179,180,181,182,186,206,207,208,216,250,263,264,265,266,267,268,277,278,279,280,281,282,283,284,289,307,317,318,319,320,321,322,332,333,334,335,336,337,348,349,350,351,371,378,401,402,403,409,410,411,412,413,414,415,416,
161;1;2142;2226;1;0,22,24,26,27,29,36,53,82,85,90,105,112,115,134,135,151,155,158,173,174,175,176,177,178,179,180,181,182,186,206,207,208,216,250,263,264,265,266,267,268,277,278,279,280,281,282,283,284,289,307,317,318,319,320,321,322,332,333,334,335,336,337,348,349,350,351,371,378,401,402,403,409,410,411,412,413,414,415,416,
93;0;2226;2230;0;0,22,24,26,27,29,36,53,82,85,90,105,112,115,134,135,151,155,158,173,174,175,176,177,178,179,180,181,182,186,206,207,208,216,250,263,264,265,266,267,268,277,278,279,280,281,282,283,284,289,307,317,318,319,320,321,322,332,333,334,335,336,337,348,349,350,351,371,378,401,402,403,409,410,411,412,413,414,415,416,
93;1;2230;2345;0;0,22,24,26,27,29,36,53,82,85,90,105,112,115,134,135,151,155,158,173,174,175,176,177,178,179,180,181,182,186,206,207,208,216,250,263,264,265,266,267,268,277,278,279,280,281,282,283,284,289,307,317,318,319,320,321,322,332,333,334,335,336,337,348,349,350,351,371,378,401,402,403,409,410,411,412,413,414,415,416,
151;0;2345;2442;1;0,22,24,26,27,29,36,53,82,85,90,105,112,115,134,135,151,155,158,173,174,175,176,177,178,179,180,181,182,186,206,207,208,216,250,263,264,265,266,267,268,277,278,279,280,281,282,283,284,289,307,317,318,319,320,321,322,332,333,334,335,336,337,348,349,350,351,371,378,401,402,403,409,410,411,412,413,414,415,416,
151;1;2442;2494;1;0,22,24,26,27,29,36,53,82,85,90,105,112,115,134,135,151,155,158,173,174,175,176,177,178,179,180,181,182,186,206,207,208,216,250,263,264,265,266,267,268,277,278,279,280,281,282,283,284,289,307,317,318,319,320,321,322,332,333,334,335,336,337,348,349,350,351,371,378,401,402,403,409,410,411,412,413,414,415,416,
114;0;2494;2626;1;0,22,24,26,27,29,36,53,82,85,90,105,112,115,134,135,151,155,158,173,174,175,176,177,178,179,180,181,182,186,206,207,208,216,250,263,264,265,266,267,268,277,278,279,280,281,282,283,284,289,307,317,318,319,320,321,322,332,333,334,335,336,337,348,349,350,351,371,378,401,402,403,409,410,411,412,413,414,415,416,
114;1;2626;2707;1;0,22,24,26,27,29,36,53,82,85,90,105,112,115,134,135,151,155,158,173,174,175,176,177,178,179,180,181,182,186,206,207,208,216,250,263,264,265,266,267,268,277,278,279,280,281,282,283,284,289,307,317,318,319,320,321,322,332,333,334,335,336,337,348,349,350,351,371,378,401,402,403,409,410,411,412,413,414,415,416,
68;0;2707;2886;0;0,22,24,26,27,29,36,53,82,85,90,105,112,115,134,135,151,155,158,173,174,175,176,177,178,179,180,181,182,186,206,207,208,216,250,263,264,265,266,267,268,277,278,279,280,281,282,283,284,289,307,317,318,319,320,321,322,332,333,334,335,336,337,348,349,350,351,371,378,401,402,403,409,410,411,412,413,414,415,416,
68;1;2886;3048;0;0,22,24,26,27,29,36,53,82,85,90,105,112,115,134,135,151,155,158,173,174,175,176,177,178,179,180,181,182,186,206,207,208,216,250,263,264,265,266,267,268,277,278,279,280,281,282,283,284,289,307,317,318,319,320,321,322,332,333,334,335,336,337,348,349,350,351,371,378,401,402,403,409,410,411,412,413,414,415,416,
24;0;3048;3223;1;0,22,24,26,27,29,36,53,82,85,90,105,112,115,134,135,151,155,158,173,174,175,176,177,178,179,180,181,182,186,206,207,208,216,250,263,264,265,266,267,268,277,278,279,280,281,282,283,284,289,307,317,318,319,320,321,322,332,333,334,335,336,337,348,349,350,351,371,378,401,402,403,409,410,411,412,413,414,415,416,
24;1;3223;3235;1;0,22,24,26,27,29,36,53,82,85,90,105,112,115,134,135,151,155,158,173,174,175,176,177,178,179,180,181,182,186,206,207,208,216,250,263,264,265,266,267,268,277,278,279,280,281,282,283,284,289,307,317,318,319,320,321,322,332,333,334,335,336,337,348,349,350,351,371,378,401,402,403,409,410,411,412,413,414,415,416,
128;0;3235;3269;0;0,22,24,26,27,29,36,53,82,85,90,105,112,115,134,135,151,155,158,173,174,175,176,177,178,179,180,181,182,186,206,207,208,216,250,263,264,265,266,267,268,277,278,279,280,281,282,283,284,289,307,317,318,319,320,321,322,332,333,334,335,336,337,348,349,350,351,371,378,401,402,403,409,410,411,412,413,414,415,416,
128;1;3269;3347;0;0,22,24,26,27,29,36,53,82,85,90,105,112,115,134,135,151,155,158,173,174,175,176,177,178,179,180,181,182,186,206,207,208,216,250,263,264,265,266,267,268,277,278,279,280,281,282,283,284,289,307,317,318,319,320,321,322,332,333,334,335,336,337,348,349,350,351,371,378,401,402,403,409,410,411,412,413,414,415,416,
206;0;3347;3383;1;0,22,24,26,27,29,36,53,82,85,90,105,112,115,134,135,151,155,158,173,174,175,176,177,178,179,180,181,182,186,206,207,208,216,250,263,264,265,266,267,268,277,278,279,280,281,282,283,284,289,307,317,318,319,320,321,322,332,333,334,335,336,337,348,349,350,351,371,378,401,402,403,409,410,411,412,413,414,415,416,
206;1;3383;3531;1;0,22,24,26,27,29,36,53,82,85,90,105,112,115,134,135,151,155,158,173,174,175,176,177,178,179,180,181,182,186,206,207,208,216,250,263,264,265,266,267,268,277,278,279,280,281,282,283,284,289,307,317,318,319,320,321,322,332,333,334,335,336,337,348,349,350,351,371,378,401,402,403,409,410,411,412,413,414,415,416,
54;0;3531;3697;1;0,2,18,20,21,22,23,24,25,26,27,28,29,36,52,53,82,85,90,105,112,115,134,135,148,151,154,155,158,165,169,173,174,175,176,177,178,182,199,206,207,208,209,210,216,250,277,278,279,280,281,282,283,284,285,289,297,298,299,300,301,302,307,328,348,349,350,351,378,379,380,381,382,389,425,426,427,428,429,430,
54;1;3697;3788;1;0,2,18,20,21,22,23,24,25,26,27,28,29,36,52,53,82,85,90,105,112,115,134,135,148,151,154,155,158,165,169,173,174,175,176,177,178,182,199,206,207,208,209,210,216,250,277,278,279,280,281,282,283,284,285,289,297,298,299,300,301,302,307,328,348,349,350,351,378,379,380,381,382,389,425,426,427,428,429,430,
193;0;3788;3820;0;0,2,18,20,21,22,23,24,25,26,27,28,29,36,52,53,82,85,90,105,112,115,134,135,148,151,154,155,158,165,169,173,174,175,176,177,178,182,199,206,207,208,209,210,216,250,277,278,279,280,281,282,283,284,285,289,297,298,299,300,301,302,307,328,348,349,350,351,378,379,380,381,382,389,425,426,427,428,429,430,
193;1;3820;3897;0;0,2,18,20,21,22,23,24,25,26,27,28,29,36,52,53,82,85,90,105,112,115,134,135,148,151,154,155,158,165,169,173,174,175,176,177,178,182,199,206,207,208,209,210,216,250,277,278,279,280,281,282,283,284,285,289,297,298,299,300,301,302,307,328,348,349,350,351,378,379,380,381,382,389,425,426,427,428,429,430,
169;0;3897;3925;1;0,2,18,20,21,22,23,24,25,26,27,28,29,36,52,53,82,85,90,105,112,115,134,135,148,151,154,155,158,165,169,173,174,175,176,177,178,182,199,206,207,208,209,210,216,250,277,278,279,280,281,282,283,284,285,289,297,298,299,300,301,302,307,328,348,349,350,351,378,379,380,381,382,389,425,426,427,428,429,430,
169;1;3925;4064;1;0,2,18,20,21,22,23,24,25,26,27,28,29,36,52,53,82,85,90,105,112,115,134,135,148,151,154,155,158,165,169,173,174,175,176,177,178,182,199,206,207,208,209,210,216,250,277,278,279,280,281,282,283,284,285,289,297,298,299,300,301,302,307,328,348,349,350,351,378,379,380,381,382,389,425,426,427,428,429,430,
84;0;4064;4111;1;0,2,18,20,21,22,23,24,25,26,27,28,29,36,52,53,82,85,90,105,112,115,134,135,148,151,154,155,158,165,169,173,174,175,176,177,178,182,199,206,207,208,209,210,216,250,277,278,279,280,281,282,283,284,285,289,297,298,299,300,301,302,307,328,348,349,350,351,378,379,380,381,382,389,425,426,427,428,429,430,
84;1;4111;4126;1;0,2,18,20,21,22,23,24,25,26,27,28,29,36,52,53,82,85,90,105,112,115,134,135,148,151,154,155,158,165,169,173,174,175,176,177,178,182,199,206,207,208,209,210,216,250,277,278,279,280,281,282,283,284,285,289,297,298,299,300,301,302,307,328,348,349,350,351,378,379,380,381,382,389,425,426,427,428,429,430,
77;0;4126;4171;0;0,2,18,20,21,22,23,24,25,26,27,28,29,36,52,53,82,85,90,105,112,115,134,135,148,151,154,155,158,165,169,173,174,175,176,177,178,182,199,206,207,208,209,210,216,250,277,278,279,280,281,282,283,284,285,289,297,298,299,300,301,302,307,328,348,349,350,351,378,379,380,381,382,389,425,426,427,428,429,430,
145;0;4171;4345;0;0,2,18,20,21,22,23,24,25,26,27,28,29,36,52,53,82,85,90,105,112,115,134,135,148,151,154,155,158,165,169,173,174,175,176,177,178,182,199,206,207,208,209,210,216,250,277,278,279,280,281,282,283,284,285,289,297,298,299,300,301,302,307,328,348,349,350,351,378,379,380,381,382,389,425,426,427,428,429,430,
50;0;4345;4484;0;0,2,18,20,21,22,23,24,25,26,27,28,29,36,52,53,82,85,90,105,112,115,134,135,148,151,154,155,158,165,169,173,174,175,176,177,178,182,199,206,207,208,209,210,216,250,277,278,279,280,281,282,283,284,285,289,297,298,299,300,301,302,307,328,348,349,350,351,378,379,380,381,382,389,425,426,427,428,429,430,
190;0;4484;4580;0;0,2,18,20,21,22,23,24,25,26,27,28,29,36,52,53,82,85,90,105,112,115,134,135,148,151,154,155,158,165,169,173,174,175,176,177,178,182,199,206,207,208,209,210,216,250,277,278,279,280,281,282,283,284,285,289,297,298,299,300,301,302,307,328,348,349,350,351,378,379,380,381,382,389,425,426,427,428,429,430,
192;0;4580;4624;0;0,2,18,20,21,22,23,24,25,26,27,28,29,36,52,53,82,85,90,105,112,115,134,135,148,151,154,155,158,165,169,173,174,175,176,177,178,182,199,206,207,208,209,210,216,250,277,278,279,280,281,282,283,284,285,289,297,298,299,300,301,302,307,328,348,349,350,351,378,379,380,381,382,389,425,426,427,428,429,430,
99;0;4624;4774;1;0,2,18,20,21,22,23,24,25,26,27,28,29,36,52,53,82,85,90,105,112,115,134,135,148,151,154,155,158,165,169,173,174,175,176,177,178,182,199,206,207,208,209,210,216,250,277,278,279,280,281,282,283,284,285,289,297,298,299,300,301,302,307,328,348,349,350,351,378,379,380,381,382,389,425,426,427,428,429,430,
99;1;4774;4927;1;0,2,18,20,21,22,23,24,25,26,27,28,29,36,52,53,82,85,90,105,112,115,134,135,148,151,154,155,158,165,169,173,174,175,176,177,178,182,199,206,207,208,209,210,216,250,277,278,279,280,281,282,283,284,285,289,297,298,299,300,301,302,307,328,348,349,350,351,378,379,380,381,382,389,425,426,427,428,429,430,
142;0;4927;5048;0;0,2,18,20,21,22,23,24,25,26,27,28,29,36,52,53,82,85,90,105,112,115,134,135,148,151,154,155,158,165,169,173,174,175,176,177,178,182,199,206,207,208,209,210,216,250,277,278,279,280,281,282,283,284,285,289,297,298,299,300,301,302,307,328,348,349,350,351,378,379,380,381,382,389,425,426,427,428,429,430,
156;0;5048;5058;1;0,2,18,20,21,22,23,24,25,26,27,28,29,36,52,53,82,85,90,105,112,115,134,135,148,151,154,155,158,165,169,173,174,175,176,177,178,182,199,206,207,208,209,210,216,250,277,278,279,280,281,282,283,284,285,289,297,298,299,300,301,302,307,328,348,349,350,351,378,379,380,381,382,389,425,426,427,428,429,430,
156;1;5058;5230;1;0,2,18,20,21,22,23,24,25,26,27,28,29,36,52,53,82,85,90,105,112,115,134,135,148,151,154,155,158,165,169,173,174,175,176,177,178,182,199,206,207,208,209,210,216,250,277,278,279,280,281,282,283,284,285,289,297,298,299,300,301,302,307,328,348,349,350,351,378,379,380,381,382,389,425,426,427,428,429,430,
33;0;5230;5279;0;0,2,18,20,21,22,23,24,25,26,27,28,29,36,52,53,82,85,90,105,112,115,134,135,148,151,154,155,158,165,169,173,174,175,176,177,178,182,199,206,207,208,209,210,216,250,277,278,279,280,281,282,283,284,285,289,297,298,299,300,301,302,307,328,348,349,350,351,378,379,380,381,382,389,425,426,427,428,429,430,
33;1;5279;5422;0;0,2,18,20,21,22,23,24,25,26,27,28,29,36,52,53,82,85,90,105,112,115,134,135,148,151,154,155,158,165,169,173,174,175,176,177,178,182,199,206,207,208,209,210,216,250,277,278,279,280,281,282,283,284,285,289,297,298,299,300,301,302,307,328,348,349,350,351,378,379,380,381,382,389,425,426,427,428,429,430,
94;0;5422;5481;1;0,2,18,20,21,22,23,24,25,26,27,28,29,36,52,53,82,85,90,105,112,115,134,135,148,151,154,155,158,165,169,173,174,175,176,177,178,182,199,206,207,208,209,210,216,250,277,278,279,280,281,282,283,284,285,289,297,298,299,300,301,302,307,328,348,349,350,351,378,379,380,381,382,389,425,426,427,428,429,430,
94;1;5481;5526;1;0,2,18,20,21,22,23,24,25,26,27,28,29,36,52,53,82,85,90,105,112,115,134,135,148,151,154,155,158,165,169,173,174,175,176,177,178,182,199,206,207,208,209,210,216,250,277,278,279,280,281,282,283,284,285,289,297,298,299,300,301,302,307,328,348,349,350,351,378,379,380,381,382,389,425,426,427,428,429,430,
2;0;5526;5698;1;0,2,18,20,21,22,23,24,25,26,27,28,29,36,52,53,82,85,90,105,112,115,134,135,148,151,154,155,158,165,169,173,174,175,176,177,178,182,199,206,207,208,209,210,216,250,277,278,279,280,281,282,283,284,285,289,297,298,299,300,301,302,307,328,348,349,350,351,378,379,380,381,382,389,425,426,427,428,429,430,
END
fineshedJobsCount: 340
switchs: 92
switchsInstances: 3
unfineshedPriorityCount: 0
totalUnfineshed: 0
criticalMachineSwitchs: 41
criticalMachineTime: 5733
Final Solution: 10078
Time: 508031
PTL: 476
MCMC: 491
Best Initial: 9032
Mean Initial: 8920.36
