./input/BaseInstances/6M1_n=1201,r=0.6,t=1525,v0.txt;./input/Processed/ToolSetInt.csv
7;720;1440
Machine: 0
69;0;0;15;1;32,38,130,133,135,138,186,252,264,316,320,336,337,345,346,347,352,368,408,472,496,497,519,546,554,622,625,626,627,639,704,705,706,707,708,709,710,711,712,713,714,715,716,717,718,719,720,721,748,749,750,751,752,781,798,874,899,900,901,902,903,904,905,931,1063,1203,1204,1205,1206,1207,1208,1209,1210,1211,1212,1213,1214,1215,1216,1217,
69;1;15;48;1;32,38,130,133,135,138,186,252,264,316,320,336,337,345,346,347,352,368,408,472,496,497,519,546,554,622,625,626,627,639,704,705,706,707,708,709,710,711,712,713,714,715,716,717,718,719,720,721,748,749,750,751,752,781,798,874,899,900,901,902,903,904,905,931,1063,1203,1204,1205,1206,1207,1208,1209,1210,1211,1212,1213,1214,1215,1216,1217,
512;0;48;81;0;32,38,130,133,135,138,186,252,264,316,320,336,337,345,346,347,352,368,408,472,496,497,519,546,554,622,625,626,627,639,704,705,706,707,708,709,710,711,712,713,714,715,716,717,718,719,720,721,748,749,750,751,752,781,798,874,899,900,901,902,903,904,905,931,1063,1203,1204,1205,1206,1207,1208,1209,1210,1211,1212,1213,1214,1215,1216,1217,
609;0;81;105;1;32,38,130,133,135,138,186,252,264,316,320,336,337,345,346,347,352,368,408,472,496,497,519,546,554,622,625,626,627,639,704,705,706,707,708,709,710,711,712,713,714,715,716,717,718,719,720,721,748,749,750,751,752,781,798,874,899,900,901,902,903,904,905,931,1063,1203,1204,1205,1206,1207,1208,1209,1210,1211,1212,1213,1214,1215,1216,1217,
609;1;105;137;1;32,38,130,133,135,138,186,252,264,316,320,336,337,345,346,347,352,368,408,472,496,497,519,546,554,622,625,626,627,639,704,705,706,707,708,709,710,711,712,713,714,715,716,717,718,719,720,721,748,749,750,751,752,781,798,874,899,900,901,902,903,904,905,931,1063,1203,1204,1205,1206,1207,1208,1209,1210,1211,1212,1213,1214,1215,1216,1217,
94;0;137;151;1;32,38,130,133,135,138,186,252,264,316,320,336,337,345,346,347,352,368,408,472,496,497,519,546,554,622,625,626,627,639,704,705,706,707,708,709,710,711,712,713,714,715,716,717,718,719,720,721,748,749,750,751,752,781,798,874,899,900,901,902,903,904,905,931,1063,1203,1204,1205,1206,1207,1208,1209,1210,1211,1212,1213,1214,1215,1216,1217,
94;1;151;196;1;32,38,130,133,135,138,186,252,264,316,320,336,337,345,346,347,352,368,408,472,496,497,519,546,554,622,625,626,627,639,704,705,706,707,708,709,710,711,712,713,714,715,716,717,718,719,720,721,748,749,750,751,752,781,798,874,899,900,901,902,903,904,905,931,1063,1203,1204,1205,1206,1207,1208,1209,1210,1211,1212,1213,1214,1215,1216,1217,
101;0;196;237;1;32,38,130,133,135,138,186,252,264,316,320,336,337,345,346,347,352,368,408,472,496,497,519,546,554,622,625,626,627,639,704,705,706,707,708,709,710,711,712,713,714,715,716,717,718,719,720,721,748,749,750,751,752,781,798,874,899,900,901,902,903,904,905,931,1063,1203,1204,1205,1206,1207,1208,1209,1210,1211,1212,1213,1214,1215,1216,1217,
101;1;237;259;1;32,38,130,133,135,138,186,252,264,316,320,336,337,345,346,347,352,368,408,472,496,497,519,546,554,622,625,626,627,639,704,705,706,707,708,709,710,711,712,713,714,715,716,717,718,719,720,721,748,749,750,751,752,781,798,874,899,900,901,902,903,904,905,931,1063,1203,1204,1205,1206,1207,1208,1209,1210,1211,1212,1213,1214,1215,1216,1217,
471;0;259;264;1;32,38,130,133,135,138,186,252,264,316,320,336,337,342,345,346,347,352,368,408,428,472,496,497,519,546,554,617,622,625,626,627,639,704,705,706,707,708,709,710,711,712,713,714,715,716,717,718,719,720,721,728,748,749,750,751,752,781,798,821,874,899,900,901,902,903,904,905,931,1063,1153,1154,1203,1204,1205,1206,1207,1208,1209,1210,
471;1;264;341;1;32,38,130,133,135,138,186,252,264,316,320,336,337,342,345,346,347,352,368,408,428,472,496,497,519,546,554,617,622,625,626,627,639,704,705,706,707,708,709,710,711,712,713,714,715,716,717,718,719,720,721,728,748,749,750,751,752,781,798,821,874,899,900,901,902,903,904,905,931,1063,1153,1154,1203,1204,1205,1206,1207,1208,1209,1210,
144;0;341;371;1;32,38,130,133,135,138,186,252,264,316,320,336,337,342,345,346,347,352,368,408,428,472,496,497,504,508,509,519,546,554,617,622,625,626,627,639,704,705,706,707,708,709,710,711,712,713,714,715,716,717,718,719,720,721,728,748,749,750,751,781,798,821,874,875,899,900,901,922,929,931,1031,1032,1033,1034,1035,1036,1037,1038,1063,1203,
144;1;371;431;1;32,38,130,133,135,138,186,252,264,316,320,336,337,342,345,346,347,352,368,408,428,472,496,497,504,508,509,519,546,554,617,622,625,626,627,639,704,705,706,707,708,709,710,711,712,713,714,715,716,717,718,719,720,721,728,748,749,750,751,781,798,821,874,875,899,900,901,922,929,931,1031,1032,1033,1034,1035,1036,1037,1038,1063,1203,
26;0;431;486;1;32,38,92,130,133,135,138,165,186,252,264,316,320,336,337,342,345,346,347,352,368,385,386,387,388,389,390,391,392,393,394,395,396,397,398,399,400,401,408,428,472,496,497,504,508,509,519,546,554,617,622,625,626,627,639,704,705,706,707,708,709,710,711,712,713,716,728,781,798,821,874,899,900,922,929,931,1031,1035,1063,1203,
26;1;486;527;1;32,38,92,130,133,135,138,165,186,252,264,316,320,336,337,342,345,346,347,352,368,385,386,387,388,389,390,391,392,393,394,395,396,397,398,399,400,401,408,428,472,496,497,504,508,509,519,546,554,617,622,625,626,627,639,704,705,706,707,708,709,710,711,712,713,716,728,781,798,821,874,899,900,922,929,931,1031,1035,1063,1203,
34;0;527;580;1;32,38,70,72,78,92,105,130,133,135,138,165,186,252,264,316,320,336,337,342,345,346,347,352,368,385,386,387,388,389,390,391,392,393,394,395,396,397,398,399,400,401,408,423,424,425,428,472,496,497,504,508,509,519,546,554,617,622,625,626,627,639,704,710,713,716,728,781,798,821,874,899,900,922,929,931,1031,1035,1063,1203,
34;1;580;629;1;32,38,70,72,78,92,105,130,133,135,138,165,186,252,264,316,320,336,337,342,345,346,347,352,368,385,386,387,388,389,390,391,392,393,394,395,396,397,398,399,400,401,408,423,424,425,428,472,496,497,504,508,509,519,546,554,617,622,625,626,627,639,704,710,713,716,728,781,798,821,874,899,900,922,929,931,1031,1035,1063,1203,
614;0;629;649;1;27,32,70,71,72,105,129,130,133,135,138,149,150,151,156,159,194,196,197,198,224,234,252,264,307,316,320,337,343,345,368,382,393,405,406,407,408,409,410,411,412,413,428,436,440,443,446,485,596,613,627,710,713,943,944,945,946,947,948,1366,1367,1368,1369,1370,1371,1372,1373,1374,1375,1376,1377,1378,1379,1380,1381,1382,1383,1384,1385,1386,
614;1;649;738;1;27,32,70,71,72,105,129,130,133,135,138,149,150,151,156,159,194,196,197,198,224,234,252,264,307,316,320,337,343,345,368,382,393,405,406,407,408,409,410,411,412,413,428,436,440,443,446,485,596,613,627,710,713,943,944,945,946,947,948,1366,1367,1368,1369,1370,1371,1372,1373,1374,1375,1376,1377,1378,1379,1380,1381,1382,1383,1384,1385,1386,
531;0;738;809;1;27,32,70,71,72,105,129,130,133,135,138,149,150,151,156,159,194,196,197,198,224,234,252,264,307,316,320,337,343,345,368,382,393,405,406,407,408,409,410,411,412,413,428,436,440,443,446,485,596,613,627,710,713,943,944,945,946,947,948,1366,1367,1368,1369,1370,1371,1372,1373,1374,1375,1376,1377,1378,1379,1380,1381,1382,1383,1384,1385,1386,
531;1;809;848;1;27,32,70,71,72,105,129,130,133,135,138,149,150,151,156,159,194,196,197,198,224,234,252,264,307,316,320,337,343,345,368,382,393,405,406,407,408,409,410,411,412,413,428,436,440,443,446,485,596,613,627,710,713,943,944,945,946,947,948,1366,1367,1368,1369,1370,1371,1372,1373,1374,1375,1376,1377,1378,1379,1380,1381,1382,1383,1384,1385,1386,
668;0;848;963;0;27,32,70,71,72,105,129,130,133,135,138,149,150,151,156,159,194,196,197,198,224,234,252,264,307,316,320,337,343,345,368,382,393,405,406,407,408,409,410,411,412,413,428,436,440,443,446,485,596,613,627,710,713,943,944,945,946,947,948,1366,1367,1368,1369,1370,1371,1372,1373,1374,1375,1376,1377,1378,1379,1380,1381,1382,1383,1384,1385,1386,
668;1;963;1002;0;27,32,70,71,72,105,129,130,133,135,138,149,150,151,156,159,194,196,197,198,224,234,252,264,307,316,320,337,343,345,368,382,393,405,406,407,408,409,410,411,412,413,428,436,440,443,446,485,596,613,627,710,713,943,944,945,946,947,948,1366,1367,1368,1369,1370,1371,1372,1373,1374,1375,1376,1377,1378,1379,1380,1381,1382,1383,1384,1385,1386,
307;0;1002;1041;0;27,32,70,71,72,105,129,130,133,135,138,149,150,151,156,159,194,196,197,198,224,234,252,264,307,316,320,337,343,345,368,382,393,405,406,407,408,409,410,411,412,413,428,436,440,443,446,485,596,613,627,710,713,943,944,945,946,947,948,1366,1367,1368,1369,1370,1371,1372,1373,1374,1375,1376,1377,1378,1379,1380,1381,1382,1383,1384,1385,1386,
31;0;1041;1094;1;27,32,70,71,72,105,129,130,133,135,138,149,150,151,156,159,194,196,197,198,224,234,252,264,307,316,320,337,343,345,368,382,393,405,406,407,408,409,410,411,412,413,428,436,440,443,446,485,596,613,627,710,713,943,944,945,946,947,948,1366,1367,1368,1369,1370,1371,1372,1373,1374,1375,1376,1377,1378,1379,1380,1381,1382,1383,1384,1385,1386,
31;1;1094;1166;1;27,32,70,71,72,105,129,130,133,135,138,149,150,151,156,159,194,196,197,198,224,234,252,264,307,316,320,337,343,345,368,382,393,405,406,407,408,409,410,411,412,413,428,436,440,443,446,485,596,613,627,710,713,943,944,945,946,947,948,1366,1367,1368,1369,1370,1371,1372,1373,1374,1375,1376,1377,1378,1379,1380,1381,1382,1383,1384,1385,1386,
36;0;1440;1479;1;27,32,48,70,71,72,105,106,129,130,133,135,138,149,150,151,153,156,157,159,194,195,196,197,198,223,224,225,226,227,228,229,234,252,264,307,316,320,337,343,345,368,371,382,393,402,405,406,407,408,409,410,411,412,413,428,436,437,438,439,440,441,442,443,444,445,446,447,485,596,613,627,710,713,943,944,945,946,947,948,
36;1;1479;1578;1;27,32,48,70,71,72,105,106,129,130,133,135,138,149,150,151,153,156,157,159,194,195,196,197,198,223,224,225,226,227,228,229,234,252,264,307,316,320,337,343,345,368,371,382,393,402,405,406,407,408,409,410,411,412,413,428,436,437,438,439,440,441,442,443,444,445,446,447,485,596,613,627,710,713,943,944,945,946,947,948,
357;0;1578;1677;0;27,32,48,70,71,72,105,106,129,130,133,135,138,149,150,151,153,156,157,159,194,195,196,197,198,223,224,225,226,227,228,229,234,252,264,307,316,320,337,343,345,368,371,382,393,402,405,406,407,408,409,410,411,412,413,428,436,437,438,439,440,441,442,443,444,445,446,447,485,596,613,627,710,713,943,944,945,946,947,948,
9;0;1677;1757;1;27,32,48,70,71,72,105,106,122,123,124,125,126,127,128,129,130,131,132,133,134,135,136,137,138,139,140,141,149,150,151,153,156,157,159,194,195,196,197,198,223,224,225,226,227,228,229,234,252,264,307,316,320,337,343,345,368,371,382,393,402,405,406,408,410,412,413,428,436,437,438,442,443,444,445,447,485,613,627,947,
9;1;1757;1820;1;27,32,48,70,71,72,105,106,122,123,124,125,126,127,128,129,130,131,132,133,134,135,136,137,138,139,140,141,149,150,151,153,156,157,159,194,195,196,197,198,223,224,225,226,227,228,229,234,252,264,307,316,320,337,343,345,368,371,382,393,402,405,406,408,410,412,413,428,436,437,438,442,443,444,445,447,485,613,627,947,
289;0;1820;1834;1;32,48,70,71,72,105,106,123,125,129,132,134,138,140,150,151,153,156,157,196,197,198,223,224,225,226,227,228,229,234,252,264,307,316,320,337,343,345,368,371,382,393,402,405,406,410,412,413,428,436,438,444,445,447,485,537,538,539,542,543,613,627,636,829,830,831,832,833,834,835,836,837,838,839,840,841,842,843,844,947,
289;1;1834;1965;1;32,48,70,71,72,105,106,123,125,129,132,134,138,140,150,151,153,156,157,196,197,198,223,224,225,226,227,228,229,234,252,264,307,316,320,337,343,345,368,371,382,393,402,405,406,410,412,413,428,436,438,444,445,447,485,537,538,539,542,543,613,627,636,829,830,831,832,833,834,835,836,837,838,839,840,841,842,843,844,947,
92;0;1965;2096;0;32,48,70,71,72,105,106,123,125,129,132,134,138,140,150,151,153,156,157,196,197,198,223,224,225,226,227,228,229,234,252,264,307,316,320,337,343,345,368,371,382,393,402,405,406,410,412,413,428,436,438,444,445,447,485,537,538,539,542,543,613,627,636,829,830,831,832,833,834,835,836,837,838,839,840,841,842,843,844,947,
130;0;2096;2227;0;32,70,71,72,94,95,96,97,98,99,100,101,102,103,104,105,106,119,132,148,150,153,156,197,198,224,229,252,264,293,320,343,345,371,382,393,402,412,428,436,438,444,445,447,498,537,538,539,542,543,627,636,677,777,823,824,825,826,829,830,831,832,833,834,835,836,837,838,839,840,841,842,843,844,858,1119,1120,1121,1122,1430,
446;0;2227;2339;1;32,70,71,72,94,95,96,97,98,99,100,101,102,103,104,105,106,119,132,148,150,153,156,197,198,224,229,252,264,293,320,343,345,371,382,393,402,412,428,436,438,444,445,447,498,537,538,539,542,543,627,636,677,777,823,824,825,826,829,830,831,832,833,834,835,836,837,838,839,840,841,842,843,844,858,1119,1120,1121,1122,1430,
446;1;2339;2375;1;32,70,71,72,94,95,96,97,98,99,100,101,102,103,104,105,106,119,132,148,150,153,156,197,198,224,229,252,264,293,320,343,345,371,382,393,402,412,428,436,438,444,445,447,498,537,538,539,542,543,627,636,677,777,823,824,825,826,829,830,831,832,833,834,835,836,837,838,839,840,841,842,843,844,858,1119,1120,1121,1122,1430,
87;0;2375;2411;0;32,70,71,72,94,95,96,97,98,99,100,101,102,103,104,105,106,119,132,148,150,153,156,197,198,224,229,252,264,293,320,343,345,371,382,393,402,412,428,436,438,444,445,447,498,537,538,539,542,543,627,636,677,777,823,824,825,826,829,830,831,832,833,834,835,836,837,838,839,840,841,842,843,844,858,1119,1120,1121,1122,1430,
135;0;2411;2447;0;32,70,71,72,94,95,96,97,98,99,100,101,102,103,104,105,106,119,132,148,150,153,156,197,198,224,229,252,264,293,320,343,345,371,382,393,402,412,428,436,438,444,445,447,498,537,538,539,542,543,627,636,677,777,823,824,825,826,829,830,831,832,833,834,835,836,837,838,839,840,841,842,843,844,858,1119,1120,1121,1122,1430,
169;0;2447;2457;1;32,70,71,72,94,95,96,97,98,99,100,101,102,103,104,105,106,119,132,148,150,153,156,197,198,224,229,252,264,293,320,343,345,371,382,393,402,412,428,436,438,444,445,447,498,537,538,539,542,543,627,636,677,777,823,824,825,826,829,830,831,832,833,834,835,836,837,838,839,840,841,842,843,844,858,1119,1120,1121,1122,1430,
169;1;2457;2596;1;32,70,71,72,94,95,96,97,98,99,100,101,102,103,104,105,106,119,132,148,150,153,156,197,198,224,229,252,264,293,320,343,345,371,382,393,402,412,428,436,438,444,445,447,498,537,538,539,542,543,627,636,677,777,823,824,825,826,829,830,831,832,833,834,835,836,837,838,839,840,841,842,843,844,858,1119,1120,1121,1122,1430,
334;0;2596;2610;1;32,70,71,72,94,95,96,97,98,99,100,101,102,103,104,105,106,119,132,148,150,153,156,197,198,224,229,252,264,293,320,343,345,371,382,393,402,412,428,436,438,444,445,447,498,537,538,539,542,543,627,636,677,777,823,824,825,826,829,830,831,832,833,834,835,836,837,838,839,840,841,842,843,844,858,1119,1120,1121,1122,1430,
334;1;2610;2746;1;32,70,71,72,94,95,96,97,98,99,100,101,102,103,104,105,106,119,132,148,150,153,156,197,198,224,229,252,264,293,320,343,345,371,382,393,402,412,428,436,438,444,445,447,498,537,538,539,542,543,627,636,677,777,823,824,825,826,829,830,831,832,833,834,835,836,837,838,839,840,841,842,843,844,858,1119,1120,1121,1122,1430,
581;0;2746;2781;1;32,70,71,72,94,95,96,97,98,99,100,101,102,103,104,105,106,119,132,148,150,153,156,197,198,224,229,252,264,293,320,343,345,371,382,393,402,412,428,436,438,444,445,447,498,537,538,539,542,543,627,636,677,777,823,824,825,826,829,830,831,832,833,834,835,836,837,838,839,840,841,842,843,844,858,1119,1120,1121,1122,1430,
581;1;2781;2902;1;32,70,71,72,94,95,96,97,98,99,100,101,102,103,104,105,106,119,132,148,150,153,156,197,198,224,229,252,264,293,320,343,345,371,382,393,402,412,428,436,438,444,445,447,498,537,538,539,542,543,627,636,677,777,823,824,825,826,829,830,831,832,833,834,835,836,837,838,839,840,841,842,843,844,858,1119,1120,1121,1122,1430,
324;0;2902;3031;1;0,2,3,4,32,67,70,71,72,94,95,96,97,98,99,100,101,102,103,104,105,106,119,132,148,150,153,156,197,198,224,229,230,252,264,271,272,286,293,320,343,345,371,382,393,402,412,428,436,438,444,445,447,498,537,538,539,542,543,627,636,677,777,823,824,825,826,829,830,831,832,833,858,1126,1135,1137,1227,1228,1229,1230,
324;1;3031;3060;1;0,2,3,4,32,67,70,71,72,94,95,96,97,98,99,100,101,102,103,104,105,106,119,132,148,150,153,156,197,198,224,229,230,252,264,271,272,286,293,320,343,345,371,382,393,402,412,428,436,438,444,445,447,498,537,538,539,542,543,627,636,677,777,823,824,825,826,829,830,831,832,833,858,1126,1135,1137,1227,1228,1229,1230,
161;0;3060;3137;1;0,2,3,4,32,67,70,71,72,94,95,96,97,98,99,100,101,102,103,104,105,106,119,132,148,150,153,156,197,198,224,229,230,252,263,264,266,271,272,286,293,320,343,345,371,382,393,402,412,420,428,436,438,444,445,447,456,496,498,501,537,538,539,542,543,617,627,636,722,723,724,725,726,727,728,729,858,1126,1135,1137,
161;1;3137;3221;1;0,2,3,4,32,67,70,71,72,94,95,96,97,98,99,100,101,102,103,104,105,106,119,132,148,150,153,156,197,198,224,229,230,252,263,264,266,271,272,286,293,320,343,345,371,382,393,402,412,420,428,436,438,444,445,447,456,496,498,501,537,538,539,542,543,617,627,636,722,723,724,725,726,727,728,729,858,1126,1135,1137,
73;0;3221;3225;0;0,2,3,4,32,67,70,71,72,94,95,96,97,98,99,100,101,102,103,104,105,106,119,132,148,150,153,156,197,198,224,229,230,252,263,264,266,271,272,286,293,320,343,345,371,382,393,402,412,420,428,436,438,444,445,447,456,496,498,501,537,538,539,542,543,617,627,636,722,723,724,725,726,727,728,729,858,1126,1135,1137,
73;1;3225;3309;0;0,2,3,4,32,67,70,71,72,94,95,96,97,98,99,100,101,102,103,104,105,106,119,132,148,150,153,156,197,198,224,229,230,252,263,264,266,271,272,286,293,320,343,345,371,382,393,402,412,420,428,436,438,444,445,447,456,496,498,501,537,538,539,542,543,617,627,636,722,723,724,725,726,727,728,729,858,1126,1135,1137,
742;0;3309;3393;0;0,2,3,4,32,67,70,71,72,94,95,96,97,98,99,100,101,102,103,104,105,106,119,132,148,150,153,156,197,198,224,229,230,252,263,264,266,271,272,286,293,320,343,345,371,382,393,402,412,420,428,436,438,444,445,447,456,496,498,501,537,538,539,542,543,617,627,636,722,723,724,725,726,727,728,729,858,1126,1135,1137,
559;0;3393;3528;1;0,1,2,3,32,70,71,72,94,95,96,97,98,99,100,101,102,103,104,105,106,110,119,132,148,150,156,197,198,224,229,230,252,263,271,272,320,343,345,371,382,396,402,412,414,420,428,438,445,447,496,498,501,627,858,860,1112,1137,1387,1388,1389,1390,1391,1392,1393,1394,1395,1396,1397,1398,1399,1400,1401,1402,1403,1404,1405,1406,1407,1408,
559;1;3528;3557;1;0,1,2,3,32,70,71,72,94,95,96,97,98,99,100,101,102,103,104,105,106,110,119,132,148,150,156,197,198,224,229,230,252,263,271,272,320,343,345,371,382,396,402,412,414,420,428,438,445,447,496,498,501,627,858,860,1112,1137,1387,1388,1389,1390,1391,1392,1393,1394,1395,1396,1397,1398,1399,1400,1401,1402,1403,1404,1405,1406,1407,1408,
319;0;3557;3663;1;32,70,71,72,94,95,96,97,98,105,106,119,132,140,150,156,197,198,224,229,230,237,259,263,271,310,311,312,313,314,315,316,317,318,319,320,321,322,323,324,325,326,327,328,329,330,331,332,333,336,343,345,420,428,438,445,447,468,477,482,496,498,501,504,505,506,507,508,509,510,511,512,513,514,515,516,517,858,860,1165,
319;1;3663;3734;1;32,70,71,72,94,95,96,97,98,105,106,119,132,140,150,156,197,198,224,229,230,237,259,263,271,310,311,312,313,314,315,316,317,318,319,320,321,322,323,324,325,326,327,328,329,330,331,332,333,336,343,345,420,428,438,445,447,468,477,482,496,498,501,504,505,506,507,508,509,510,511,512,513,514,515,516,517,858,860,1165,
42;0;3734;3805;0;32,70,71,72,94,95,96,97,98,105,106,119,132,140,150,156,197,198,224,229,230,237,259,263,271,310,311,312,313,314,315,316,317,318,319,320,321,322,323,324,325,326,327,328,329,330,331,332,333,336,343,345,420,428,438,445,447,468,477,482,496,498,501,504,505,506,507,508,509,510,511,512,513,514,515,516,517,858,860,1165,
231;0;3805;3952;1;32,70,71,72,94,95,96,97,98,105,106,119,132,140,150,156,197,198,224,229,230,237,259,263,271,310,311,312,313,314,315,316,317,318,319,320,321,322,323,324,325,326,327,328,329,330,331,332,333,336,343,345,420,428,438,445,447,468,477,482,496,498,501,504,505,506,507,508,509,510,511,512,513,514,515,516,517,858,860,1165,
231;1;3952;3986;1;32,70,71,72,94,95,96,97,98,105,106,119,132,140,150,156,197,198,224,229,230,237,259,263,271,310,311,312,313,314,315,316,317,318,319,320,321,322,323,324,325,326,327,328,329,330,331,332,333,336,343,345,420,428,438,445,447,468,477,482,496,498,501,504,505,506,507,508,509,510,511,512,513,514,515,516,517,858,860,1165,
209;0;3986;4136;1;32,70,71,72,94,95,96,97,98,105,106,119,132,140,150,156,197,198,224,229,230,237,259,263,271,310,311,312,313,314,315,316,317,318,319,320,321,322,323,324,325,326,327,328,329,330,331,332,333,336,343,345,420,428,438,445,447,468,477,482,496,498,501,504,505,506,507,508,509,510,511,512,513,514,515,516,517,858,860,1165,
209;1;4136;4172;1;32,70,71,72,94,95,96,97,98,105,106,119,132,140,150,156,197,198,224,229,230,237,259,263,271,310,311,312,313,314,315,316,317,318,319,320,321,322,323,324,325,326,327,328,329,330,331,332,333,336,343,345,420,428,438,445,447,468,477,482,496,498,501,504,505,506,507,508,509,510,511,512,513,514,515,516,517,858,860,1165,
583;0;4172;4303;0;32,70,71,72,94,95,96,97,98,105,106,119,132,140,150,156,197,198,224,229,230,237,259,263,271,310,311,312,313,314,315,316,317,318,319,320,321,322,323,324,325,326,327,328,329,330,331,332,333,336,343,345,420,428,438,445,447,468,477,482,496,498,501,504,505,506,507,508,509,510,511,512,513,514,515,516,517,858,860,1165,
583;1;4303;4467;0;32,70,71,72,94,95,96,97,98,105,106,119,132,140,150,156,197,198,224,229,230,237,259,263,271,310,311,312,313,314,315,316,317,318,319,320,321,322,323,324,325,326,327,328,329,330,331,332,333,336,343,345,420,428,438,445,447,468,477,482,496,498,501,504,505,506,507,508,509,510,511,512,513,514,515,516,517,858,860,1165,
673;0;4467;4633;0;32,70,71,72,94,95,96,97,98,105,119,123,125,129,132,140,150,156,186,224,229,230,237,259,263,271,311,315,316,317,318,325,327,332,335,336,341,343,344,345,420,428,465,468,477,482,496,498,501,509,519,621,626,639,778,779,780,781,782,783,784,785,786,787,788,789,790,791,792,793,794,795,796,797,798,799,800,801,858,860,
673;1;4633;4734;0;32,70,71,72,94,95,96,97,98,105,119,123,125,129,132,140,150,156,186,224,229,230,237,259,263,271,311,315,316,317,318,325,327,332,335,336,341,343,344,345,420,428,465,468,477,482,496,498,501,509,519,621,626,639,778,779,780,781,782,783,784,785,786,787,788,789,790,791,792,793,794,795,796,797,798,799,800,801,858,860,
213;0;4734;4854;0;32,44,54,70,71,72,87,94,95,96,97,98,105,112,113,114,115,116,117,118,119,120,121,123,125,129,132,140,150,156,186,224,229,230,237,259,263,271,311,315,316,317,318,325,327,332,335,336,341,343,344,345,420,428,465,468,477,482,496,498,501,509,519,621,626,639,778,779,780,781,782,783,784,785,786,787,788,796,858,860,
213;1;4854;4990;0;32,44,54,70,71,72,87,94,95,96,97,98,105,112,113,114,115,116,117,118,119,120,121,123,125,129,132,140,150,156,186,224,229,230,237,259,263,271,311,315,316,317,318,325,327,332,335,336,341,343,344,345,420,428,465,468,477,482,496,498,501,509,519,621,626,639,778,779,780,781,782,783,784,785,786,787,788,796,858,860,
558;0;4990;5131;0;32,44,45,46,47,48,49,50,51,52,53,54,55,56,57,58,59,60,61,62,63,88,132,140,151,234,263,301,315,317,318,327,336,345,348,349,350,351,352,353,354,355,356,357,358,359,360,361,362,363,364,365,366,367,368,388,410,420,421,422,803,845,846,847,848,849,850,851,852,853,854,855,856,857,858,859,860,861,862,863,
558;1;5131;5240;0;32,44,45,46,47,48,49,50,51,52,53,54,55,56,57,58,59,60,61,62,63,88,132,140,151,234,263,301,315,317,318,327,336,345,348,349,350,351,352,353,354,355,356,357,358,359,360,361,362,363,364,365,366,367,368,388,410,420,421,422,803,845,846,847,848,849,850,851,852,853,854,855,856,857,858,859,860,861,862,863,
708;0;5240;5316;0;32,44,45,46,47,48,49,50,51,52,53,54,55,56,57,58,59,60,61,62,63,88,132,140,151,234,263,301,315,317,318,327,336,345,348,349,350,351,352,353,354,355,356,357,358,359,360,361,362,363,364,365,366,367,368,388,410,420,421,422,803,845,846,847,848,849,850,851,852,853,854,855,856,857,858,859,860,861,862,863,
708;1;5316;5488;0;32,44,45,46,47,48,49,50,51,52,53,54,55,56,57,58,59,60,61,62,63,88,132,140,151,234,263,301,315,317,318,327,336,345,348,349,350,351,352,353,354,355,356,357,358,359,360,361,362,363,364,365,366,367,368,388,410,420,421,422,803,845,846,847,848,849,850,851,852,853,854,855,856,857,858,859,860,861,862,863,
398;0;5488;5591;0;32,44,45,46,47,48,49,50,51,52,53,54,55,56,57,58,59,60,61,62,63,88,132,140,151,234,263,301,315,317,318,327,336,345,348,349,350,351,352,353,354,355,356,357,358,359,360,361,362,363,364,365,366,367,368,388,410,420,421,422,803,845,846,847,848,849,850,851,852,853,854,855,856,857,858,859,860,861,862,863,
398;1;5591;5706;0;32,44,45,46,47,48,49,50,51,52,53,54,55,56,57,58,59,60,61,62,63,88,132,140,151,234,263,301,315,317,318,327,336,345,348,349,350,351,352,353,354,355,356,357,358,359,360,361,362,363,364,365,366,367,368,388,410,420,421,422,803,845,846,847,848,849,850,851,852,853,854,855,856,857,858,859,860,861,862,863,
403;0;5706;5775;0;32,44,45,46,47,48,49,50,51,52,53,54,55,56,57,58,59,60,61,62,63,88,132,140,151,234,263,301,315,317,318,327,336,345,348,349,350,351,352,353,354,355,356,357,358,359,360,361,362,363,364,365,366,367,368,388,410,420,421,422,803,845,846,847,848,849,850,851,852,853,854,855,856,857,858,859,860,861,862,863,
403;1;5775;5918;0;32,44,45,46,47,48,49,50,51,52,53,54,55,56,57,58,59,60,61,62,63,88,132,140,151,234,263,301,315,317,318,327,336,345,348,349,350,351,352,353,354,355,356,357,358,359,360,361,362,363,364,365,366,367,368,388,410,420,421,422,803,845,846,847,848,849,850,851,852,853,854,855,856,857,858,859,860,861,862,863,
663;0;5918;5962;0;32,44,45,46,47,48,49,50,51,52,53,54,55,56,57,58,59,60,61,62,63,88,132,134,140,151,234,263,301,315,317,318,325,327,332,336,341,345,348,349,350,351,352,353,354,355,356,357,358,359,360,361,362,363,364,365,366,367,368,388,410,420,421,422,599,803,845,846,847,848,849,850,851,857,931,1458,1459,1460,1461,1462,
663;1;5962;6118;0;32,44,45,46,47,48,49,50,51,52,53,54,55,56,57,58,59,60,61,62,63,88,132,134,140,151,234,263,301,315,317,318,325,327,332,336,341,345,348,349,350,351,352,353,354,355,356,357,358,359,360,361,362,363,364,365,366,367,368,388,410,420,421,422,599,803,845,846,847,848,849,850,851,857,931,1458,1459,1460,1461,1462,
333;0;6118;6235;0;32,44,45,46,47,48,49,50,51,52,53,54,55,56,57,58,59,60,61,62,63,88,132,134,140,151,176,234,263,301,315,317,318,325,327,332,336,341,345,348,349,350,351,352,355,358,360,366,368,388,410,421,422,847,857,914,931,991,1191,1200,1410,1411,1412,1413,1414,1415,1416,1417,1418,1419,1420,1421,1422,1423,1424,1425,1426,1427,1428,1429,
333;1;6235;6297;0;32,44,45,46,47,48,49,50,51,52,53,54,55,56,57,58,59,60,61,62,63,88,132,134,140,151,176,234,263,301,315,317,318,325,327,332,336,341,345,348,349,350,351,352,355,358,360,366,368,388,410,421,422,847,857,914,931,991,1191,1200,1410,1411,1412,1413,1414,1415,1416,1417,1418,1419,1420,1421,1422,1423,1424,1425,1426,1427,1428,1429,
587;0;6297;6473;0;32,44,45,46,47,48,49,50,51,52,53,54,55,56,57,58,59,60,61,62,63,88,132,134,138,140,151,176,186,217,234,263,301,315,316,317,318,325,327,332,336,337,341,345,348,349,350,351,352,355,358,360,366,368,388,406,410,421,422,428,847,857,914,931,936,937,938,939,940,941,942,991,1191,1200,1410,1411,1412,1413,1414,1415,
165;0;6473;6648;0;25,32,34,43,59,93,138,186,300,309,316,341,342,345,346,347,348,355,405,422,428,520,530,532,546,566,626,716,780,814,815,816,817,818,819,820,821,822,930,947,960,964,1039,1040,1041,1042,1043,1044,1045,1046,1047,1048,1049,1050,1051,1052,1053,1054,1055,1056,1057,1058,1059,1060,1061,1062,1063,1064,1065,1066,1067,1068,1069,1070,1071,1072,1073,1074,1075,1076,
565;0;6648;6822;0;25,32,34,43,59,93,138,186,300,309,316,341,342,345,346,347,348,355,405,422,428,520,530,532,546,566,626,716,780,814,815,816,817,818,819,820,821,822,930,947,960,964,1039,1040,1041,1042,1043,1044,1045,1046,1047,1048,1049,1050,1051,1052,1053,1054,1055,1056,1057,1058,1059,1060,1061,1062,1063,1064,1065,1066,1067,1068,1069,1070,1071,1072,1073,1074,1075,1076,
600;0;6822;6992;0;25,32,34,43,59,93,138,186,300,309,316,341,342,345,346,347,348,355,405,422,428,520,530,532,546,566,626,716,780,814,815,816,817,818,819,820,821,822,930,947,960,964,1039,1040,1041,1042,1043,1044,1045,1046,1047,1048,1049,1050,1051,1052,1053,1054,1055,1056,1057,1058,1059,1060,1061,1062,1063,1064,1065,1066,1067,1068,1069,1070,1071,1072,1073,1074,1075,1076,
133;0;6992;7081;0;25,32,34,43,59,93,138,186,300,309,316,341,342,345,346,347,348,355,405,422,428,520,530,532,546,566,626,716,780,814,815,816,817,818,819,820,821,822,930,947,960,964,1039,1040,1041,1042,1043,1044,1045,1046,1047,1048,1049,1050,1051,1052,1053,1054,1055,1056,1057,1058,1059,1060,1061,1062,1063,1064,1065,1066,1067,1068,1069,1070,1071,1072,1073,1074,1075,1076,
133;1;7081;7251;0;25,32,34,43,59,93,138,186,300,309,316,341,342,345,346,347,348,355,405,422,428,520,530,532,546,566,626,716,780,814,815,816,817,818,819,820,821,822,930,947,960,964,1039,1040,1041,1042,1043,1044,1045,1046,1047,1048,1049,1050,1051,1052,1053,1054,1055,1056,1057,1058,1059,1060,1061,1062,1063,1064,1065,1066,1067,1068,1069,1070,1071,1072,1073,1074,1075,1076,
238;0;7251;7328;0;25,32,34,43,59,93,138,186,300,309,316,341,342,345,346,347,348,355,405,422,428,520,530,532,546,566,626,716,780,814,815,816,817,818,819,820,821,822,930,947,960,964,1039,1040,1041,1042,1043,1044,1045,1046,1047,1048,1049,1050,1051,1052,1053,1054,1055,1056,1057,1058,1059,1060,1061,1062,1063,1064,1065,1066,1067,1068,1069,1070,1071,1072,1073,1074,1075,1076,
238;1;7328;7418;0;25,32,34,43,59,93,138,186,300,309,316,341,342,345,346,347,348,355,405,422,428,520,530,532,546,566,626,716,780,814,815,816,817,818,819,820,821,822,930,947,960,964,1039,1040,1041,1042,1043,1044,1045,1046,1047,1048,1049,1050,1051,1052,1053,1054,1055,1056,1057,1058,1059,1060,1061,1062,1063,1064,1065,1066,1067,1068,1069,1070,1071,1072,1073,1074,1075,1076,
367;0;7418;7582;0;25,32,34,43,59,93,138,185,186,300,304,309,316,341,342,343,345,346,347,348,355,405,413,422,428,460,461,462,463,464,465,466,467,468,469,470,471,472,473,474,475,476,477,478,479,480,481,482,483,484,485,486,487,488,489,490,491,492,493,494,495,496,497,498,499,500,501,502,503,520,530,532,546,566,626,716,780,814,821,930,
510;0;7582;7744;0;25,32,34,43,59,93,138,185,186,300,304,309,316,341,342,343,345,346,347,348,355,405,413,422,428,460,461,462,463,464,465,466,467,468,469,470,471,472,473,474,475,476,477,478,479,480,481,482,483,484,485,486,487,488,489,490,491,492,493,494,495,496,497,498,499,500,501,502,503,520,626,698,699,700,701,702,703,780,821,930,
150;0;7744;7896;0;25,32,34,43,59,93,138,185,186,300,304,309,316,341,342,343,345,346,347,348,355,405,413,422,428,460,461,462,463,464,465,466,467,468,469,470,471,472,473,474,475,476,477,478,479,480,481,482,483,484,485,486,487,488,489,490,491,492,493,494,495,496,497,498,499,500,501,502,503,520,626,698,699,700,701,702,780,821,930,965,
120;0;7896;8047;0;25,32,34,35,43,56,59,63,70,72,92,105,150,156,157,196,223,224,225,226,227,228,229,230,231,232,233,234,235,236,237,238,239,240,241,242,243,244,271,297,298,299,300,301,302,303,304,305,306,307,308,309,343,400,428,442,477,497,606,607,608,609,610,611,612,613,614,615,616,692,696,1027,1179,1180,1181,1463,1464,1465,1466,1467,
408;0;8047;8109;0;25,32,34,35,43,56,59,63,70,72,92,105,150,156,157,196,223,224,225,226,227,228,229,230,231,232,233,234,235,236,237,238,239,240,241,242,243,244,271,297,298,299,300,301,302,303,304,305,306,307,308,309,343,400,428,442,477,497,606,607,608,609,610,611,612,613,614,615,616,692,696,1027,1179,1180,1181,1463,1464,1465,1466,1467,
408;1;8109;8187;0;25,32,34,35,43,56,59,63,70,72,92,105,150,156,157,196,223,224,225,226,227,228,229,230,231,232,233,234,235,236,237,238,239,240,241,242,243,244,271,297,298,299,300,301,302,303,304,305,306,307,308,309,343,400,428,442,477,497,606,607,608,609,610,611,612,613,614,615,616,692,696,1027,1179,1180,1181,1463,1464,1465,1466,1467,
322;0;8187;8326;0;25,32,34,35,43,56,59,63,70,72,92,105,150,156,157,196,223,224,225,226,227,228,229,230,231,232,233,234,235,236,237,238,239,240,241,242,243,244,271,297,298,299,300,301,302,303,304,305,306,307,308,309,343,400,428,442,477,497,606,607,608,609,610,611,612,613,614,615,616,692,696,1027,1179,1180,1181,1463,1464,1465,1466,1467,
527;0;8326;8460;0;25,32,34,35,43,56,59,63,70,72,92,105,150,156,157,196,223,224,225,226,227,228,229,230,231,232,233,234,235,236,237,238,239,240,241,242,243,244,271,297,298,299,300,301,302,303,304,305,306,307,308,309,343,400,428,442,477,497,606,607,608,609,610,611,612,613,614,615,616,692,696,1027,1179,1180,1181,1463,1464,1465,1466,1467,
327;0;8460;8580;0;25,32,34,35,43,56,59,63,70,72,92,105,150,156,157,196,223,224,225,226,227,228,229,230,231,232,233,234,235,236,237,238,239,240,241,242,243,244,271,297,298,299,300,301,302,303,304,305,306,307,308,309,343,400,428,442,477,497,606,607,608,609,610,611,612,613,614,615,616,692,696,1027,1179,1180,1181,1463,1464,1465,1466,1467,
1;0;8640;8693;0;17,18,19,20,21,22,23,24,25,26,27,28,29,30,31,32,33,34,35,36,37,38,39,40,41,42,43,56,59,63,70,72,92,105,150,156,157,196,223,224,225,226,227,228,229,230,231,232,233,234,235,236,237,238,239,240,241,242,243,244,271,297,298,299,300,301,302,303,304,305,306,343,400,428,442,477,497,692,696,1027,
1;1;8693;8758;0;17,18,19,20,21,22,23,24,25,26,27,28,29,30,31,32,33,34,35,36,37,38,39,40,41,42,43,56,59,63,70,72,92,105,150,156,157,196,223,224,225,226,227,228,229,230,231,232,233,234,235,236,237,238,239,240,241,242,243,244,271,297,298,299,300,301,302,303,304,305,306,343,400,428,442,477,497,692,696,1027,
157;0;8758;8872;0;17,18,19,20,21,22,23,24,25,26,27,28,29,30,31,32,33,34,35,36,37,38,39,40,41,42,43,56,59,63,70,72,92,105,124,150,156,157,196,223,224,225,226,227,228,229,230,231,232,235,237,254,259,297,304,311,343,400,428,432,442,477,497,509,624,634,654,692,696,1027,1088,1089,1090,1091,1092,1093,1094,1095,1096,1097,
27;0;8872;8977;0;17,18,19,20,21,22,23,24,25,26,27,28,29,30,31,32,33,34,35,36,37,38,39,40,41,42,43,56,63,70,71,72,91,92,94,95,96,97,98,99,100,101,102,103,104,105,106,150,156,157,196,223,224,225,226,227,228,229,230,235,237,254,297,304,343,400,402,428,432,442,477,497,509,624,634,654,692,696,1027,1088,
280;0;8977;9081;0;17,18,19,20,21,22,23,24,25,26,27,28,29,30,31,32,33,34,42,43,63,70,71,72,91,92,94,95,96,97,98,99,100,101,102,103,104,105,106,150,156,157,196,223,224,225,226,227,228,229,230,235,237,254,272,297,304,343,385,400,402,414,415,416,417,418,419,428,432,442,477,497,509,624,634,654,692,696,1027,1088,
225;0;9081;9179;0;17,18,19,20,21,22,23,24,25,32,42,43,63,70,71,72,91,92,94,95,96,97,98,99,100,101,102,103,104,105,106,150,156,157,196,223,224,225,226,227,228,229,230,235,237,254,272,277,297,304,343,385,396,400,402,414,428,432,442,477,497,509,624,634,654,692,696,1003,1027,1088,1137,1170,1171,1172,1173,1174,1175,1176,1177,1178,
218;0;9179;9209;0;17,18,25,32,42,43,63,70,71,72,91,92,94,95,96,97,98,99,100,101,102,103,104,105,106,135,150,156,157,196,223,224,225,226,227,228,229,230,235,237,254,272,297,304,336,343,385,396,400,402,414,428,432,442,448,477,497,504,506,507,509,624,634,654,692,696,899,922,923,924,925,926,927,928,929,930,1003,1027,1088,1137,
218;1;9209;9275;0;17,18,25,32,42,43,63,70,71,72,91,92,94,95,96,97,98,99,100,101,102,103,104,105,106,135,150,156,157,196,223,224,225,226,227,228,229,230,235,237,254,272,297,304,336,343,385,396,400,402,414,428,432,442,448,477,497,504,506,507,509,624,634,654,692,696,899,922,923,924,925,926,927,928,929,930,1003,1027,1088,1137,
505;0;9275;9366;0;0,2,3,5,32,43,46,50,51,53,58,70,81,91,92,104,105,127,134,135,138,186,228,249,279,335,346,360,382,400,402,408,414,627,650,651,652,653,654,655,660,661,761,762,763,764,765,766,767,768,769,770,771,772,773,774,775,776,780,932,949,950,951,952,953,954,955,956,957,958,959,1002,1003,1004,1005,1028,1259,1260,1261,1262,
680;0;9366;9449;0;0,2,3,5,32,43,46,50,51,53,58,70,81,91,92,104,105,127,134,135,138,186,228,249,279,335,346,360,382,400,402,408,414,627,650,651,652,653,654,655,660,661,761,762,763,764,765,766,767,768,769,770,771,772,773,774,775,776,780,932,949,950,951,952,953,954,955,956,957,958,959,1002,1003,1004,1005,1028,1259,1260,1261,1262,
627;0;9449;9530;0;0,2,3,5,32,43,46,50,51,53,58,70,81,91,92,104,105,127,134,135,138,186,228,249,279,335,346,360,382,400,402,408,414,627,650,651,652,653,654,655,660,661,761,762,763,764,765,766,767,768,769,770,771,772,773,774,775,776,780,932,949,950,951,952,953,954,955,956,957,958,959,1002,1003,1004,1005,1028,1259,1260,1261,1262,
287;0;9530;9608;0;0,2,3,5,32,43,46,50,51,53,58,70,81,91,92,104,105,127,134,135,138,186,228,249,279,335,346,360,382,400,402,408,414,627,650,651,652,653,654,655,660,661,761,762,763,764,765,766,767,768,769,770,771,772,773,774,775,776,780,932,949,950,951,952,953,954,955,956,957,958,959,1002,1003,1004,1005,1028,1259,1260,1261,1262,
128;0;9608;9723;0;0,2,3,5,32,43,46,50,51,53,58,70,81,91,92,104,105,127,134,135,138,186,228,249,279,335,346,360,382,400,402,408,414,627,650,651,652,653,654,655,660,661,761,762,763,764,765,766,767,768,769,770,771,772,773,774,775,776,780,932,949,950,951,952,953,954,955,956,957,958,959,1002,1003,1004,1005,1028,1259,1260,1261,1262,
128;1;9723;9801;0;0,2,3,5,32,43,46,50,51,53,58,70,81,91,92,104,105,127,134,135,138,186,228,249,279,335,346,360,382,400,402,408,414,627,650,651,652,653,654,655,660,661,761,762,763,764,765,766,767,768,769,770,771,772,773,774,775,776,780,932,949,950,951,952,953,954,955,956,957,958,959,1002,1003,1004,1005,1028,1259,1260,1261,1262,
630;0;9801;9878;0;0,2,3,5,32,43,46,50,51,53,58,70,81,91,92,104,105,127,134,135,138,186,228,249,279,335,346,360,382,400,402,408,414,627,650,651,652,653,654,655,660,661,761,762,763,764,765,766,767,768,769,770,771,772,773,774,775,776,780,932,949,950,951,952,953,954,955,956,957,958,959,1002,1003,1004,1005,1028,1259,1260,1261,1262,
108;0;9878;9922;0;0,2,3,5,32,43,46,50,51,53,58,70,81,91,92,104,105,127,134,135,138,186,228,249,279,335,346,360,382,400,402,408,414,627,650,651,652,653,654,655,660,661,761,762,763,764,765,766,767,768,769,770,771,772,773,774,775,776,780,932,949,950,951,952,953,954,955,956,957,958,959,1002,1003,1004,1005,1028,1259,1260,1261,1262,
108;1;9922;9999;0;0,2,3,5,32,43,46,50,51,53,58,70,81,91,92,104,105,127,134,135,138,186,228,249,279,335,346,360,382,400,402,408,414,627,650,651,652,653,654,655,660,661,761,762,763,764,765,766,767,768,769,770,771,772,773,774,775,776,780,932,949,950,951,952,953,954,955,956,957,958,959,1002,1003,1004,1005,1028,1259,1260,1261,1262,
702;0;9999;10076;0;0,2,3,5,32,43,46,50,51,53,58,70,81,91,92,104,105,127,134,135,138,186,228,249,279,335,346,360,382,400,402,408,414,627,650,651,652,653,654,655,660,661,761,762,763,764,765,766,767,768,769,770,771,772,773,774,775,776,780,932,949,950,951,952,953,954,955,956,957,958,959,1002,1003,1004,1005,1028,1259,1260,1261,1262,
Machine: 1
604;0;0;4;1;32,44,51,52,54,61,70,79,81,83,84,85,86,87,88,89,90,91,92,105,126,134,142,149,150,151,152,153,154,155,156,157,158,159,160,161,162,163,164,165,166,167,168,169,170,171,172,173,174,175,176,177,178,179,180,181,182,183,184,186,262,327,335,339,341,345,378,379,421,422,426,427,428,429,430,431,432,433,434,435,
604;1;4;18;1;32,44,51,52,54,61,70,79,81,83,84,85,86,87,88,89,90,91,92,105,126,134,142,149,150,151,152,153,154,155,156,157,158,159,160,161,162,163,164,165,166,167,168,169,170,171,172,173,174,175,176,177,178,179,180,181,182,183,184,186,262,327,335,339,341,345,378,379,421,422,426,427,428,429,430,431,432,433,434,435,
124;0;18;29;1;32,44,51,52,54,61,70,79,81,83,84,85,86,87,88,89,90,91,92,105,126,134,142,149,150,151,152,153,154,155,156,157,158,159,160,161,162,163,164,165,166,167,168,169,170,171,172,173,174,175,176,177,178,179,180,181,182,183,184,186,262,327,335,339,341,345,378,379,421,422,426,427,428,429,430,431,432,433,434,435,
124;1;29;43;1;32,44,51,52,54,61,70,79,81,83,84,85,86,87,88,89,90,91,92,105,126,134,142,149,150,151,152,153,154,155,156,157,158,159,160,161,162,163,164,165,166,167,168,169,170,171,172,173,174,175,176,177,178,179,180,181,182,183,184,186,262,327,335,339,341,345,378,379,421,422,426,427,428,429,430,431,432,433,434,435,
741;0;43;103;1;32,44,51,52,54,61,70,79,81,83,84,85,86,87,88,89,90,91,92,105,126,134,142,149,150,151,152,153,154,155,156,157,158,159,160,161,162,163,164,165,166,167,168,169,170,171,172,173,174,175,176,177,178,179,180,181,182,183,184,186,262,327,335,339,341,345,378,379,421,422,426,427,428,429,430,431,432,433,434,435,
741;1;103;107;1;32,44,51,52,54,61,70,79,81,83,84,85,86,87,88,89,90,91,92,105,126,134,142,149,150,151,152,153,154,155,156,157,158,159,160,161,162,163,164,165,166,167,168,169,170,171,172,173,174,175,176,177,178,179,180,181,182,183,184,186,262,327,335,339,341,345,378,379,421,422,426,427,428,429,430,431,432,433,434,435,
644;0;107;125;1;32,44,51,52,54,61,70,79,81,83,84,85,86,87,88,89,90,91,92,105,126,134,142,149,150,151,152,153,154,155,156,157,158,159,160,161,162,163,164,165,166,167,168,169,170,171,172,173,174,175,176,177,178,179,180,181,182,183,184,186,262,327,335,339,341,345,378,379,421,422,426,427,428,429,430,431,432,433,434,435,
644;1;125;191;1;32,44,51,52,54,61,70,79,81,83,84,85,86,87,88,89,90,91,92,105,126,134,142,149,150,151,152,153,154,155,156,157,158,159,160,161,162,163,164,165,166,167,168,169,170,171,172,173,174,175,176,177,178,179,180,181,182,183,184,186,262,327,335,339,341,345,378,379,421,422,426,427,428,429,430,431,432,433,434,435,
489;0;191;286;1;32,44,51,52,54,61,70,79,81,83,84,85,86,87,88,89,90,91,92,105,126,134,142,149,150,151,152,153,154,155,156,157,158,159,160,161,162,163,164,165,166,167,168,169,170,171,172,173,174,175,176,177,178,179,180,181,182,183,184,186,262,327,335,339,341,345,378,379,380,381,421,422,426,427,428,429,430,431,432,433,
489;1;286;298;1;32,44,51,52,54,61,70,79,81,83,84,85,86,87,88,89,90,91,92,105,126,134,142,149,150,151,152,153,154,155,156,157,158,159,160,161,162,163,164,165,166,167,168,169,170,171,172,173,174,175,176,177,178,179,180,181,182,183,184,186,262,327,335,339,341,345,378,379,380,381,421,422,426,427,428,429,430,431,432,433,
731;0;298;379;1;1,2,32,44,51,52,54,61,70,79,81,83,84,85,86,87,88,89,90,91,92,105,110,126,134,142,149,150,151,152,153,154,155,156,157,158,159,160,170,173,182,183,186,262,327,335,339,341,345,379,396,414,421,422,428,432,860,1112,1387,1388,1389,1390,1391,1392,1393,1394,1395,1396,1397,1398,1399,1400,1401,1402,1403,1404,1405,1406,1407,1408,
731;1;379;408;1;1,2,32,44,51,52,54,61,70,79,81,83,84,85,86,87,88,89,90,91,92,105,110,126,134,142,149,150,151,152,153,154,155,156,157,158,159,160,170,173,182,183,186,262,327,335,339,341,345,379,396,414,421,422,428,432,860,1112,1387,1388,1389,1390,1391,1392,1393,1394,1395,1396,1397,1398,1399,1400,1401,1402,1403,1404,1405,1406,1407,1408,
519;0;408;430;1;1,2,32,44,51,52,54,56,61,70,71,79,81,83,84,85,86,87,88,89,90,91,92,94,95,96,97,98,99,100,101,102,103,104,105,106,110,126,134,142,143,144,145,146,147,148,149,150,151,152,153,154,155,156,157,158,159,160,170,173,182,183,186,262,327,335,339,341,345,379,396,414,421,422,428,432,860,1112,1387,1388,
519;1;430;526;1;1,2,32,44,51,52,54,56,61,70,71,79,81,83,84,85,86,87,88,89,90,91,92,94,95,96,97,98,99,100,101,102,103,104,105,106,110,126,134,142,143,144,145,146,147,148,149,150,151,152,153,154,155,156,157,158,159,160,170,173,182,183,186,262,327,335,339,341,345,379,396,414,421,422,428,432,860,1112,1387,1388,
595;0;526;622;0;1,2,32,44,51,52,54,56,61,70,71,79,81,83,84,85,86,87,88,89,90,91,92,94,95,96,97,98,99,100,101,102,103,104,105,106,110,126,134,142,143,144,145,146,147,148,149,150,151,152,153,154,155,156,157,158,159,160,170,173,182,183,186,262,327,335,339,341,345,379,396,414,421,422,428,432,860,1112,1387,1388,
299;0;622;651;1;0,1,2,3,4,5,6,7,8,9,10,11,12,13,14,15,16,32,44,54,56,70,71,79,81,87,92,105,106,110,112,113,114,115,116,117,118,119,120,121,128,135,138,150,151,152,155,156,157,170,185,186,252,253,254,255,256,257,258,259,260,261,262,263,264,265,266,267,268,269,327,335,339,341,345,396,404,421,422,898,
299;1;651;748;1;0,1,2,3,4,5,6,7,8,9,10,11,12,13,14,15,16,32,44,54,56,70,71,79,81,87,92,105,106,110,112,113,114,115,116,117,118,119,120,121,128,135,138,150,151,152,155,156,157,170,185,186,252,253,254,255,256,257,258,259,260,261,262,263,264,265,266,267,268,269,327,335,339,341,345,396,404,421,422,898,
208;0;748;770;0;0,1,2,3,4,5,6,7,8,9,10,11,12,13,14,15,16,32,44,54,56,70,71,79,81,87,92,105,106,110,112,113,114,115,116,117,118,119,120,121,128,135,138,150,151,152,155,156,157,170,185,186,252,253,254,255,256,257,258,259,260,261,262,263,264,265,266,267,268,269,327,335,339,341,345,396,404,421,422,898,
208;1;770;814;0;0,1,2,3,4,5,6,7,8,9,10,11,12,13,14,15,16,32,44,54,56,70,71,79,81,87,92,105,106,110,112,113,114,115,116,117,118,119,120,121,128,135,138,150,151,152,155,156,157,170,185,186,252,253,254,255,256,257,258,259,260,261,262,263,264,265,266,267,268,269,327,335,339,341,345,396,404,421,422,898,
576;0;814;912;1;0,1,2,3,4,5,6,7,8,9,10,11,12,13,14,15,16,32,44,54,56,70,71,79,81,87,92,105,106,110,112,113,114,115,116,117,118,119,120,121,128,135,138,150,151,152,155,156,157,170,185,186,252,253,254,255,256,257,258,259,260,261,262,263,264,265,266,267,268,269,327,335,339,341,345,396,404,421,422,898,
576;1;912;942;1;0,1,2,3,4,5,6,7,8,9,10,11,12,13,14,15,16,32,44,54,56,70,71,79,81,87,92,105,106,110,112,113,114,115,116,117,118,119,120,121,128,135,138,150,151,152,155,156,157,170,185,186,252,253,254,255,256,257,258,259,260,261,262,263,264,265,266,267,268,269,327,335,339,341,345,396,404,421,422,898,
393;0;942;981;0;0,1,2,3,4,5,6,7,8,9,10,11,12,13,14,15,16,32,44,54,56,70,71,79,81,87,92,105,106,110,112,113,114,115,116,117,118,119,120,121,128,135,138,150,151,152,155,156,157,170,185,186,252,253,254,255,256,257,258,259,260,261,262,263,264,265,266,267,268,269,327,335,339,341,345,396,404,421,422,898,
393;1;981;1011;0;0,1,2,3,4,5,6,7,8,9,10,11,12,13,14,15,16,32,44,54,56,70,71,79,81,87,92,105,106,110,112,113,114,115,116,117,118,119,120,121,128,135,138,150,151,152,155,156,157,170,185,186,252,253,254,255,256,257,258,259,260,261,262,263,264,265,266,267,268,269,327,335,339,341,345,396,404,421,422,898,
146;0;1011;1087;1;0,1,2,3,4,5,6,7,8,9,10,11,12,13,14,15,16,32,44,54,56,70,71,79,81,87,92,105,106,110,112,113,114,115,116,117,118,119,120,121,128,135,138,150,151,152,155,156,157,170,185,186,252,253,254,255,256,257,258,259,260,261,262,263,264,265,266,267,268,269,327,335,339,341,345,396,404,421,422,898,
146;1;1087;1142;1;0,1,2,3,4,5,6,7,8,9,10,11,12,13,14,15,16,32,44,54,56,70,71,79,81,87,92,105,106,110,112,113,114,115,116,117,118,119,120,121,128,135,138,150,151,152,155,156,157,170,185,186,252,253,254,255,256,257,258,259,260,261,262,263,264,265,266,267,268,269,327,335,339,341,345,396,404,421,422,898,
282;0;1142;1197;0;0,1,2,3,4,5,6,7,8,9,10,11,12,13,14,15,16,32,44,54,56,70,71,79,81,87,92,105,106,110,112,113,114,115,116,117,118,119,120,121,128,135,138,150,151,152,155,156,157,170,185,186,252,253,254,255,256,257,258,259,260,261,262,263,264,265,266,267,268,269,327,335,339,341,345,396,404,421,422,898,
571;0;1197;1233;1;0,1,2,3,4,5,6,7,8,9,10,11,12,13,14,15,16,32,44,54,56,70,71,79,81,87,92,105,106,110,112,113,114,115,116,117,118,119,120,121,128,135,138,150,151,152,155,156,157,170,185,186,252,253,254,255,256,257,258,259,260,261,262,263,264,265,266,267,268,269,327,335,339,341,345,396,404,421,422,898,
571;1;1233;1333;1;0,1,2,3,4,5,6,7,8,9,10,11,12,13,14,15,16,32,44,54,56,70,71,79,81,87,92,105,106,110,112,113,114,115,116,117,118,119,120,121,128,135,138,150,151,152,155,156,157,170,185,186,252,253,254,255,256,257,258,259,260,261,262,263,264,265,266,267,268,269,327,335,339,341,345,396,404,421,422,898,
40;0;1440;1604;0;2,3,4,9,32,34,44,56,70,71,79,81,92,105,106,110,138,150,151,155,156,170,185,186,259,263,304,327,335,341,343,345,396,413,421,422,460,461,462,463,464,465,466,467,468,469,470,471,472,473,474,475,476,477,478,479,480,481,482,483,484,485,486,487,488,489,490,491,492,493,494,495,496,497,498,499,500,501,502,503,
339;0;1604;1684;1;2,3,4,9,32,42,44,56,70,71,72,79,81,92,105,106,110,138,150,151,155,156,170,186,194,197,198,224,226,229,259,263,327,335,341,343,345,396,413,421,422,437,442,444,445,447,465,468,472,477,478,482,484,497,646,649,871,991,1141,1182,1183,1184,1185,1186,1187,1188,1189,1190,1191,1192,1193,1194,1195,1196,1197,1198,1199,1200,1201,1202,
339;1;1684;1741;1;2,3,4,9,32,42,44,56,70,71,72,79,81,92,105,106,110,138,150,151,155,156,170,186,194,197,198,224,226,229,259,263,327,335,341,343,345,396,413,421,422,437,442,444,445,447,465,468,472,477,478,482,484,497,646,649,871,991,1141,1182,1183,1184,1185,1186,1187,1188,1189,1190,1191,1192,1193,1194,1195,1196,1197,1198,1199,1200,1201,1202,
517;0;1741;1798;0;2,3,4,9,32,42,44,56,70,71,72,79,81,92,105,106,110,138,150,151,155,156,170,186,194,197,198,224,226,229,259,263,327,335,341,343,345,396,413,421,422,437,442,444,445,447,465,468,472,477,478,482,484,497,646,649,871,991,1141,1182,1183,1184,1185,1186,1187,1188,1189,1190,1191,1192,1193,1194,1195,1196,1197,1198,1199,1200,1201,1202,
234;0;1798;1901;1;2,3,4,9,32,42,44,56,70,71,72,79,81,92,105,106,110,138,150,151,155,156,170,186,194,197,198,224,226,229,259,263,327,335,336,341,343,345,396,413,421,422,437,442,444,445,447,465,468,472,477,478,482,484,497,504,505,506,507,508,509,510,511,512,513,646,649,871,991,1141,1182,1183,1184,1185,1186,1187,1188,1189,1190,1191,
234;1;1901;1935;1;2,3,4,9,32,42,44,56,70,71,72,79,81,92,105,106,110,138,150,151,155,156,170,186,194,197,198,224,226,229,259,263,327,335,336,341,343,345,396,413,421,422,437,442,444,445,447,465,468,472,477,478,482,484,497,504,505,506,507,508,509,510,511,512,513,646,649,871,991,1141,1182,1183,1184,1185,1186,1187,1188,1189,1190,1191,
578;0;1935;1939;0;2,3,4,9,32,42,44,56,70,71,72,79,81,92,105,106,110,138,150,151,155,156,170,186,194,197,198,224,226,229,259,263,327,335,336,341,343,345,396,413,421,422,437,442,444,445,447,465,468,472,477,478,482,484,497,504,505,506,507,508,509,510,511,512,513,646,649,871,991,1141,1182,1183,1184,1185,1186,1187,1188,1189,1190,1191,
578;1;1939;1973;0;2,3,4,9,32,42,44,56,70,71,72,79,81,92,105,106,110,138,150,151,155,156,170,186,194,197,198,224,226,229,259,263,327,335,336,341,343,345,396,413,421,422,437,442,444,445,447,465,468,472,477,478,482,484,497,504,505,506,507,508,509,510,511,512,513,646,649,871,991,1141,1182,1183,1184,1185,1186,1187,1188,1189,1190,1191,
6;0;1973;2021;1;2,3,4,9,32,42,44,56,70,71,72,79,81,92,93,105,106,110,138,150,151,155,156,170,186,194,197,198,224,226,229,259,263,327,335,336,341,343,345,396,413,421,422,437,442,444,445,447,465,468,472,477,478,482,484,497,504,505,506,507,508,509,510,511,512,513,646,649,871,991,1141,1182,1183,1184,1185,1186,1187,1188,1189,1190,
6;1;2021;2111;1;2,3,4,9,32,42,44,56,70,71,72,79,81,92,93,105,106,110,138,150,151,155,156,170,186,194,197,198,224,226,229,259,263,327,335,336,341,343,345,396,413,421,422,437,442,444,445,447,465,468,472,477,478,482,484,497,504,505,506,507,508,509,510,511,512,513,646,649,871,991,1141,1182,1183,1184,1185,1186,1187,1188,1189,1190,
98;0;2111;2188;0;2,3,4,9,32,42,44,56,57,70,71,72,79,81,92,105,106,110,138,150,151,155,156,170,186,194,197,198,224,225,226,229,259,263,327,335,336,341,343,345,371,372,373,374,375,376,377,396,413,421,422,437,442,444,445,447,465,468,472,477,478,482,484,497,504,505,506,507,508,509,510,511,512,513,646,649,871,991,1141,1190,
98;1;2188;2345;0;2,3,4,9,32,42,44,56,57,70,71,72,79,81,92,105,106,110,138,150,151,155,156,170,186,194,197,198,224,225,226,229,259,263,327,335,336,341,343,345,371,372,373,374,375,376,377,396,413,421,422,437,442,444,445,447,465,468,472,477,478,482,484,497,504,505,506,507,508,509,510,511,512,513,646,649,871,991,1141,1190,
23;0;2345;2501;0;2,3,4,9,32,42,44,56,57,70,71,72,79,81,92,105,106,110,138,150,151,155,156,170,186,194,197,198,224,225,226,229,259,263,327,335,336,341,343,345,371,372,373,374,375,376,377,396,413,421,422,437,442,444,445,447,465,468,472,477,478,482,484,497,504,505,506,507,508,509,510,511,512,513,646,649,871,991,1141,1190,
23;1;2501;2658;0;2,3,4,9,32,42,44,56,57,70,71,72,79,81,92,105,106,110,138,150,151,155,156,170,186,194,197,198,224,225,226,229,259,263,327,335,336,341,343,345,371,372,373,374,375,376,377,396,413,421,422,437,442,444,445,447,465,468,472,477,478,482,484,497,504,505,506,507,508,509,510,511,512,513,646,649,871,991,1141,1190,
698;0;2658;2789;0;2,3,4,9,32,42,44,56,57,70,71,72,79,81,92,105,106,110,138,150,151,155,156,170,186,194,197,198,224,225,226,229,259,263,327,335,336,341,343,345,371,372,373,374,375,376,377,396,413,421,422,437,442,444,445,447,465,468,472,477,478,482,484,497,504,505,506,507,508,509,510,511,512,513,646,649,871,991,1141,1190,
698;1;2789;2946;0;2,3,4,9,32,42,44,56,57,70,71,72,79,81,92,105,106,110,138,150,151,155,156,170,186,194,197,198,224,225,226,229,259,263,327,335,336,341,343,345,371,372,373,374,375,376,377,396,413,421,422,437,442,444,445,447,465,468,472,477,478,482,484,497,504,505,506,507,508,509,510,511,512,513,646,649,871,991,1141,1190,
573;0;2946;3121;0;2,3,4,9,32,42,44,56,70,71,72,73,74,75,76,77,78,79,80,81,82,92,105,106,110,138,150,151,155,156,170,186,194,197,198,224,225,226,229,259,263,327,335,336,341,343,345,374,396,413,421,422,437,442,444,445,447,465,468,472,477,478,482,484,497,504,505,506,507,508,509,510,511,512,513,646,649,871,991,1190,
573;1;3121;3165;0;2,3,4,9,32,42,44,56,70,71,72,73,74,75,76,77,78,79,80,81,82,92,105,106,110,138,150,151,155,156,170,186,194,197,198,224,225,226,229,259,263,327,335,336,341,343,345,374,396,413,421,422,437,442,444,445,447,465,468,472,477,478,482,484,497,504,505,506,507,508,509,510,511,512,513,646,649,871,991,1190,
515;0;3165;3337;0;2,3,4,9,32,42,44,56,70,71,72,77,78,79,81,92,105,106,110,138,150,151,155,156,170,186,194,197,198,224,225,226,229,230,259,263,286,327,335,336,341,343,345,374,396,413,421,422,437,442,444,445,447,465,468,472,477,478,482,484,497,504,505,506,507,508,509,510,511,512,513,646,1126,1135,1137,1190,1504,1505,1506,1507,
687;0;3337;3509;0;2,3,4,9,32,42,44,56,70,71,72,77,78,79,81,92,105,106,110,138,150,151,155,156,170,186,194,197,198,224,225,226,229,230,259,263,286,327,335,336,341,343,345,374,396,413,421,422,437,442,444,445,447,465,468,472,477,478,482,484,497,504,505,506,507,508,509,510,511,512,513,646,1126,1135,1137,1190,1504,1505,1506,1507,
205;0;3509;3677;0;32,44,123,125,129,132,140,186,310,311,312,313,314,315,316,317,318,319,320,321,322,323,324,325,326,327,328,329,330,331,332,333,335,336,341,343,344,345,358,465,519,621,626,639,698,699,700,701,702,703,778,779,780,781,782,783,784,785,786,787,788,789,790,791,792,793,794,795,796,797,798,799,800,801,961,1160,1161,1162,1163,1164,
83;0;3677;3741;0;32,44,123,125,129,132,140,186,310,311,312,313,314,315,316,317,318,319,320,321,322,323,324,325,326,327,328,329,330,331,332,333,335,336,341,343,344,345,358,465,519,621,626,639,698,699,700,701,702,703,778,779,780,781,782,783,784,785,786,787,788,789,790,791,792,793,794,795,796,797,798,799,800,801,961,1160,1161,1162,1163,1164,
83;1;3741;3842;0;32,44,123,125,129,132,140,186,310,311,312,313,314,315,316,317,318,319,320,321,322,323,324,325,326,327,328,329,330,331,332,333,335,336,341,343,344,345,358,465,519,621,626,639,698,699,700,701,702,703,778,779,780,781,782,783,784,785,786,787,788,789,790,791,792,793,794,795,796,797,798,799,800,801,961,1160,1161,1162,1163,1164,
520;0;3842;4006;0;32,44,123,125,129,132,140,186,310,311,312,313,314,315,316,317,318,319,320,321,322,323,324,325,326,327,328,329,330,331,332,333,335,336,341,343,344,345,358,465,519,621,626,639,698,699,700,701,702,703,778,779,780,781,782,783,784,785,786,787,788,789,790,791,792,793,794,795,796,797,798,799,800,801,961,1160,1161,1162,1163,1164,
405;0;4006;4168;0;32,44,123,125,129,132,140,186,310,311,312,313,314,315,316,317,318,319,320,321,322,323,324,325,326,327,328,329,330,331,332,333,335,336,341,343,344,345,358,465,519,621,626,639,698,699,700,701,702,703,778,779,780,781,782,783,784,785,786,787,788,789,790,791,792,793,794,795,796,797,798,799,800,801,961,1160,1161,1162,1163,1164,
738;0;4168;4222;0;32,44,123,125,129,132,140,186,310,311,312,313,314,315,316,317,318,319,320,321,322,323,324,325,326,327,328,329,330,331,332,333,335,336,341,343,344,345,358,465,519,621,626,639,698,699,700,701,702,703,778,779,780,781,782,783,784,785,786,787,788,789,790,791,792,793,794,795,796,797,798,799,800,801,961,1160,1161,1162,1163,1164,
738;1;4222;4384;0;32,44,123,125,129,132,140,186,310,311,312,313,314,315,316,317,318,319,320,321,322,323,324,325,326,327,328,329,330,331,332,333,335,336,341,343,344,345,358,465,519,621,626,639,698,699,700,701,702,703,778,779,780,781,782,783,784,785,786,787,788,789,790,791,792,793,794,795,796,797,798,799,800,801,961,1160,1161,1162,1163,1164,
252;0;4384;4536;0;32,44,45,123,125,129,132,140,186,196,230,310,311,312,313,314,315,316,317,318,319,320,321,322,323,324,325,326,327,328,329,330,331,332,333,335,336,341,343,344,345,358,388,390,392,393,395,396,465,519,621,626,639,698,699,700,701,702,703,778,779,780,781,782,783,784,785,786,787,788,789,790,791,792,798,961,1190,1231,1232,1233,
473;0;4536;4645;0;32,44,45,123,125,129,132,140,186,196,230,310,311,312,313,314,315,316,317,318,319,320,321,322,323,324,325,326,327,328,329,330,331,332,333,335,336,341,343,344,345,358,388,390,392,393,395,396,465,519,621,626,639,698,699,700,701,702,703,778,779,780,781,782,783,784,785,786,787,788,789,790,791,792,798,961,1190,1231,1232,1233,
473;1;4645;4797;0;32,44,45,123,125,129,132,140,186,196,230,310,311,312,313,314,315,316,317,318,319,320,321,322,323,324,325,326,327,328,329,330,331,332,333,335,336,341,343,344,345,358,388,390,392,393,395,396,465,519,621,626,639,698,699,700,701,702,703,778,779,780,781,782,783,784,785,786,787,788,789,790,791,792,798,961,1190,1231,1232,1233,
260;0;4797;4940;0;32,44,45,123,125,129,132,140,186,196,230,263,310,311,312,313,314,315,316,317,318,319,320,321,322,323,324,325,326,327,328,329,330,331,332,333,335,336,341,343,344,345,358,388,390,392,393,395,396,410,420,421,422,465,519,621,626,639,698,699,700,701,702,703,778,779,780,781,782,783,784,785,786,787,788,789,790,798,961,1190,
33;0;4940;5079;0;32,56,70,92,105,129,186,263,299,316,320,327,335,336,341,343,344,345,393,400,403,410,420,421,422,442,537,538,539,542,543,636,692,730,731,732,733,734,735,736,737,738,739,740,741,742,743,744,745,746,747,780,829,830,831,832,833,834,835,836,837,838,839,840,841,842,843,844,943,960,961,962,963,964,1027,1029,1030,1179,1180,1181,
33;1;5079;5222;0;32,56,70,92,105,129,186,263,299,316,320,327,335,336,341,343,344,345,393,400,403,410,420,421,422,442,537,538,539,542,543,636,692,730,731,732,733,734,735,736,737,738,739,740,741,742,743,744,745,746,747,780,829,830,831,832,833,834,835,836,837,838,839,840,841,842,843,844,943,960,961,962,963,964,1027,1029,1030,1179,1180,1181,
392;0;5222;5353;0;32,56,70,92,105,129,186,263,299,316,320,327,335,336,341,343,344,345,393,400,403,410,420,421,422,442,537,538,539,542,543,636,692,730,731,732,733,734,735,736,737,738,739,740,741,742,743,744,745,746,747,780,829,830,831,832,833,834,835,836,837,838,839,840,841,842,843,844,943,960,961,962,963,964,1027,1029,1030,1179,1180,1181,
477;0;5353;5476;0;32,56,70,92,105,129,186,263,299,316,320,327,335,336,341,343,344,345,393,400,403,410,420,421,422,442,537,538,539,542,543,636,692,730,731,732,733,734,735,736,737,738,739,740,741,742,743,744,745,746,747,780,829,830,831,832,833,834,835,836,837,838,839,840,841,842,843,844,943,960,961,962,963,964,1027,1029,1030,1179,1180,1181,
142;0;5476;5597;0;32,56,70,92,105,129,186,263,299,316,320,327,335,336,341,343,344,345,393,400,403,410,420,421,422,442,537,538,539,542,543,636,692,730,731,732,733,734,735,736,737,738,739,740,741,742,743,744,745,746,747,780,829,830,831,832,833,834,835,836,837,838,839,840,841,842,843,844,943,960,961,962,963,964,1027,1029,1030,1179,1180,1181,
230;0;5597;5717;0;32,56,70,92,105,129,186,263,299,316,320,327,335,336,341,343,344,345,393,400,403,410,420,421,422,442,537,538,539,542,543,636,692,730,731,732,733,734,735,736,737,738,739,740,741,742,743,744,745,746,747,780,829,830,831,832,833,834,835,836,837,838,839,840,841,842,843,844,943,960,961,962,963,964,1027,1029,1030,1179,1180,1181,
75;0;5717;5832;0;32,56,70,92,105,129,186,263,299,316,320,327,335,336,341,343,344,345,393,400,403,410,420,421,422,442,537,538,539,542,543,636,692,730,731,732,733,734,735,736,737,738,739,740,741,742,743,744,745,746,747,780,829,830,831,832,833,834,835,836,837,838,839,840,841,842,843,844,943,960,961,962,963,964,1027,1029,1030,1179,1180,1181,
588;0;5832;5873;0;32,48,56,70,92,105,129,150,151,152,157,186,194,223,226,263,299,316,320,327,335,336,341,343,344,345,393,400,402,403,410,420,421,422,442,444,537,538,539,542,543,636,692,730,731,732,733,734,735,736,737,738,739,740,741,742,743,744,745,746,747,780,829,830,831,832,833,834,835,836,837,838,839,840,841,842,961,983,984,1027,
588;1;5873;5941;0;32,48,56,70,92,105,129,150,151,152,157,186,194,223,226,263,299,316,320,327,335,336,341,343,344,345,393,400,402,403,410,420,421,422,442,444,537,538,539,542,543,636,692,730,731,732,733,734,735,736,737,738,739,740,741,742,743,744,745,746,747,780,829,830,831,832,833,834,835,836,837,838,839,840,841,842,961,983,984,1027,
557;0;5941;6037;0;32,48,56,70,92,105,129,138,150,151,152,157,186,194,223,226,263,299,316,320,327,335,336,337,341,343,344,345,393,400,402,403,410,420,421,422,442,444,537,538,539,542,543,636,692,730,731,732,733,734,735,736,737,738,739,740,741,742,743,744,745,746,747,780,829,830,831,832,833,834,835,836,837,838,839,840,841,961,984,1027,
283;0;6037;6134;0;32,48,56,70,92,105,129,135,138,150,151,152,157,186,194,223,226,263,299,316,320,327,334,335,336,337,338,339,340,341,342,343,344,345,346,347,393,400,402,403,410,420,421,422,442,444,537,538,539,542,543,636,692,730,731,732,733,734,735,736,737,738,739,740,741,742,743,744,745,746,747,780,829,830,831,832,833,961,984,1027,
283;1;6134;6207;0;32,48,56,70,92,105,129,135,138,150,151,152,157,186,194,223,226,263,299,316,320,327,334,335,336,337,338,339,340,341,342,343,344,345,346,347,393,400,402,403,410,420,421,422,442,444,537,538,539,542,543,636,692,730,731,732,733,734,735,736,737,738,739,740,741,742,743,744,745,746,747,780,829,830,831,832,833,961,984,1027,
182;0;6207;6301;0;8,32,48,54,56,70,92,105,129,135,138,150,151,152,157,186,194,223,226,249,263,299,316,320,327,334,335,336,337,338,339,340,341,342,343,344,345,346,347,393,400,402,403,410,420,421,422,442,444,537,538,539,542,543,636,692,780,961,984,1002,1008,1009,1010,1011,1012,1013,1014,1015,1016,1017,1018,1019,1020,1021,1022,1023,1024,1025,1026,1027,
258;0;6301;6384;0;8,32,48,54,56,70,92,105,129,135,138,150,151,152,157,186,194,223,226,249,263,299,316,320,327,334,335,336,337,338,339,340,341,342,343,344,345,346,347,393,400,402,403,410,420,421,422,442,444,537,538,539,542,543,636,692,780,961,984,1002,1008,1009,1010,1011,1012,1013,1014,1015,1016,1017,1018,1019,1020,1021,1022,1023,1024,1025,1026,1027,
258;1;6384;6478;0;8,32,48,54,56,70,92,105,129,135,138,150,151,152,157,186,194,223,226,249,263,299,316,320,327,334,335,336,337,338,339,340,341,342,343,344,345,346,347,393,400,402,403,410,420,421,422,442,444,537,538,539,542,543,636,692,780,961,984,1002,1008,1009,1010,1011,1012,1013,1014,1015,1016,1017,1018,1019,1020,1021,1022,1023,1024,1025,1026,1027,
688;0;6478;6529;0;32,70,105,127,129,134,138,150,186,263,303,316,320,327,335,336,337,343,344,345,346,347,360,382,400,402,408,410,421,448,478,507,508,509,533,537,538,539,540,541,542,543,544,545,546,547,548,549,550,551,552,553,554,555,556,557,558,559,560,561,562,563,564,565,627,780,874,879,900,929,932,984,1028,1031,1035,1259,1260,1261,1262,1503,
688;1;6529;6568;0;32,70,105,127,129,134,138,150,186,263,303,316,320,327,335,336,337,343,344,345,346,347,360,382,400,402,408,410,421,448,478,507,508,509,533,537,538,539,540,541,542,543,544,545,546,547,548,549,550,551,552,553,554,555,556,557,558,559,560,561,562,563,564,565,627,780,874,879,900,929,932,984,1028,1031,1035,1259,1260,1261,1262,1503,
308;0;6568;6733;0;32,70,105,127,129,134,138,150,186,263,303,316,320,327,335,336,337,343,344,345,346,347,360,382,400,402,408,410,421,448,478,507,508,509,533,537,538,539,540,541,542,543,544,545,546,547,548,549,550,551,552,553,554,555,556,557,558,559,560,561,562,563,564,565,627,780,874,879,900,929,932,984,1028,1031,1035,1259,1260,1261,1262,1503,
308;1;6733;6772;0;32,70,105,127,129,134,138,150,186,263,303,316,320,327,335,336,337,343,344,345,346,347,360,382,400,402,408,410,421,448,478,507,508,509,533,537,538,539,540,541,542,543,544,545,546,547,548,549,550,551,552,553,554,555,556,557,558,559,560,561,562,563,564,565,627,780,874,879,900,929,932,984,1028,1031,1035,1259,1260,1261,1262,1503,
442;0;6772;6860;0;32,70,105,127,129,134,138,150,186,263,303,316,320,327,335,336,337,343,344,345,346,347,360,382,400,402,408,410,421,448,478,507,508,509,533,537,538,539,540,541,542,543,544,545,546,547,548,549,550,551,552,553,554,555,556,557,558,559,560,561,562,563,564,565,627,780,874,879,900,929,932,984,1028,1031,1035,1259,1260,1261,1262,1503,
267;0;6860;6943;0;32,70,105,127,129,134,138,150,186,263,303,316,320,327,335,336,337,343,344,345,346,347,360,382,400,402,408,410,421,448,478,507,508,509,533,537,538,539,540,541,542,543,544,545,546,547,548,549,550,551,552,553,554,555,556,557,558,559,560,561,562,563,564,565,627,780,874,879,900,929,932,984,1028,1031,1035,1259,1260,1261,1262,1503,
495;0;6943;7026;0;32,70,105,127,129,134,138,150,186,263,303,316,320,327,335,336,337,343,344,345,346,347,360,382,400,402,408,410,421,448,478,507,508,509,533,537,538,539,540,541,542,543,544,545,546,547,548,549,550,551,552,553,554,555,556,557,558,559,560,561,562,563,564,565,627,780,874,879,900,929,932,984,1028,1031,1035,1259,1260,1261,1262,1503,
315;0;7200;7281;0;32,50,51,70,81,104,105,127,129,134,138,150,186,228,263,303,316,320,327,335,336,337,343,344,345,346,347,360,382,400,402,408,410,421,448,478,507,508,509,533,537,538,539,540,541,542,543,544,545,546,547,548,549,550,551,552,553,554,555,627,780,874,879,929,932,949,950,951,952,953,954,955,956,957,958,959,984,1028,1031,1035,
360;0;7281;7358;0;32,50,51,70,71,81,94,95,96,97,98,99,100,101,102,103,104,105,106,110,127,129,134,138,147,150,186,228,263,303,316,320,327,335,336,337,343,344,345,346,347,360,382,400,402,408,410,421,448,478,507,508,509,533,537,538,539,540,541,542,543,544,545,546,548,554,555,627,780,874,879,929,932,949,984,1006,1007,1028,1031,1035,
648;0;7358;7467;0;32,50,51,70,71,81,94,95,96,97,98,99,100,101,102,103,104,105,106,110,127,129,134,138,147,150,186,228,263,303,316,320,327,335,336,337,343,344,345,346,347,360,382,400,402,408,410,421,448,478,507,508,509,533,537,538,539,540,541,542,543,544,545,546,548,554,555,627,780,874,879,929,932,949,984,1006,1007,1028,1031,1035,
648;1;7467;7544;0;32,50,51,70,71,81,94,95,96,97,98,99,100,101,102,103,104,105,106,110,127,129,134,138,147,150,186,228,263,303,316,320,327,335,336,337,343,344,345,346,347,360,382,400,402,408,410,421,448,478,507,508,509,533,537,538,539,540,541,542,543,544,545,546,548,554,555,627,780,874,879,929,932,949,984,1006,1007,1028,1031,1035,
172;0;7544;7621;0;32,50,51,70,71,81,94,95,96,97,98,99,100,101,102,103,104,105,106,110,127,129,134,138,147,150,186,228,263,303,316,320,327,335,336,337,343,344,345,346,347,360,382,400,402,408,410,421,448,478,507,508,509,533,537,538,539,540,541,542,543,544,545,546,548,554,555,627,780,874,879,929,932,949,984,1006,1007,1028,1031,1035,
480;0;7621;7693;0;32,50,51,70,71,81,94,95,96,97,98,99,100,101,102,103,104,105,106,110,127,129,134,138,147,150,186,228,263,303,316,320,327,335,336,337,343,344,345,346,347,360,382,400,402,405,406,407,408,409,410,411,412,413,421,448,478,507,508,509,533,537,538,539,543,546,548,554,555,627,780,874,879,929,932,949,1007,1028,1031,1035,
728;0;7693;7723;0;32,50,51,70,71,81,94,95,96,97,98,99,100,101,102,103,104,105,106,110,127,129,134,138,147,150,186,228,263,303,316,320,327,335,336,337,343,344,345,346,347,360,382,400,402,405,406,407,408,409,410,411,412,413,421,448,478,507,508,509,533,537,538,539,543,546,548,554,555,627,780,874,879,929,932,949,1007,1028,1031,1035,
728;1;7723;7795;0;32,50,51,70,71,81,94,95,96,97,98,99,100,101,102,103,104,105,106,110,127,129,134,138,147,150,186,228,263,303,316,320,327,335,336,337,343,344,345,346,347,360,382,400,402,405,406,407,408,409,410,411,412,413,421,448,478,507,508,509,533,537,538,539,543,546,548,554,555,627,780,874,879,929,932,949,1007,1028,1031,1035,
492;0;7795;7855;0;32,50,51,70,71,81,94,95,96,97,98,99,100,101,102,103,104,105,106,110,127,129,134,138,147,150,186,228,263,303,316,320,327,335,336,337,343,344,345,346,347,360,382,400,402,405,406,408,412,421,448,504,507,508,509,543,546,548,554,555,627,780,874,875,879,901,922,929,932,949,1007,1028,1031,1032,1033,1034,1035,1036,1037,1038,
197;0;7855;7915;0;32,50,51,70,71,81,94,95,96,97,98,99,100,101,102,103,104,105,106,110,127,129,134,138,147,150,186,228,263,303,316,320,327,335,336,337,343,344,345,346,347,360,382,400,402,405,406,408,412,421,448,504,507,508,509,543,546,548,554,555,627,780,874,875,879,901,922,929,932,949,1007,1028,1031,1032,1033,1034,1035,1036,1037,1038,
167;0;7915;7966;0;32,51,64,65,66,67,68,69,70,71,72,78,81,105,106,127,129,134,138,150,186,228,252,253,263,264,265,269,316,320,327,332,335,336,337,343,344,345,346,347,358,360,366,382,402,408,421,423,424,425,448,458,484,497,504,518,546,548,554,555,607,608,610,627,651,654,662,663,664,665,666,667,780,906,932,949,1007,1150,1151,1152,
215;0;7966;8016;0;32,51,64,65,66,67,68,69,70,71,72,78,81,105,106,127,129,134,138,150,186,228,252,253,263,264,265,269,316,320,327,332,335,336,337,343,344,345,346,347,358,360,366,382,402,408,421,423,424,425,448,458,484,497,504,518,546,548,554,555,607,608,610,627,651,654,662,663,664,665,666,667,780,906,932,949,1007,1150,1151,1152,
247;0;8016;8065;0;32,51,64,65,66,67,68,69,70,71,72,78,81,105,106,127,129,134,138,150,186,228,252,253,263,264,265,269,316,320,327,332,335,336,337,343,344,345,346,347,358,360,366,382,402,408,421,423,424,425,448,458,484,497,504,518,546,548,554,555,607,608,610,627,651,654,662,663,664,665,666,667,780,906,932,949,1007,1150,1151,1152,
725;0;8065;8109;0;32,51,64,65,66,67,68,69,70,71,72,78,81,105,106,127,129,134,138,150,186,228,252,253,263,264,265,269,316,320,327,332,335,336,337,343,344,345,346,347,358,360,366,382,402,408,421,423,424,425,448,458,484,497,504,518,546,548,554,555,607,608,610,627,651,654,662,663,664,665,666,667,780,906,932,949,1007,1150,1151,1152,
690;0;8109;8151;0;32,51,64,65,66,67,68,69,70,71,72,78,81,105,106,127,129,134,138,150,186,228,252,253,263,264,265,269,316,320,327,332,335,336,337,343,344,345,346,347,358,360,366,382,402,408,421,423,424,425,448,458,484,497,504,518,546,548,554,555,607,608,610,627,651,654,662,663,664,665,666,667,780,906,932,949,1007,1150,1151,1152,
682;0;8640;8679;0;32,51,65,70,71,72,81,105,106,129,134,138,149,150,151,156,159,186,194,196,197,198,224,228,234,264,316,327,335,336,337,343,344,345,346,347,360,382,393,402,408,436,440,443,446,497,546,554,555,607,608,610,627,651,654,780,932,949,1007,1366,1367,1368,1369,1370,1371,1372,1373,1374,1375,1376,1377,1378,1379,1380,1381,1382,1383,1384,1385,1386,
330;0;8679;8715;0;32,51,65,70,71,72,81,105,106,129,134,138,149,150,151,156,159,186,194,196,197,198,224,228,234,264,316,327,335,336,337,343,344,345,346,347,360,382,393,402,408,436,440,443,446,497,546,554,555,607,608,610,627,651,654,780,932,949,1007,1165,1366,1367,1368,1369,1370,1371,1372,1373,1374,1375,1376,1377,1378,1379,1380,1381,1382,1383,1384,1385,
237;0;8715;8748;0;32,38,51,65,70,71,72,81,105,106,129,134,138,149,150,151,156,159,186,194,196,197,198,224,228,234,264,316,327,335,336,337,343,344,345,346,347,352,360,368,382,393,402,408,436,440,443,446,497,546,554,555,607,608,610,627,651,654,704,705,706,707,708,709,710,711,712,713,714,715,716,717,718,719,720,721,780,932,949,1007,
240;0;8748;8780;0;32,65,70,71,72,105,106,129,130,133,134,135,138,150,156,186,194,196,197,198,224,228,234,264,316,327,335,336,337,343,344,345,346,347,360,382,393,402,408,436,472,497,519,554,555,607,608,610,622,625,626,627,639,651,654,717,721,780,781,798,931,932,949,1007,1063,1203,1204,1205,1206,1207,1208,1209,1210,1211,1212,1213,1214,1215,1216,1217,
350;0;8780;8807;0;32,65,70,71,72,105,106,129,130,133,134,135,138,150,156,186,194,196,197,198,224,228,234,264,316,327,335,336,337,343,344,345,346,347,360,382,393,402,408,436,472,497,519,554,555,607,608,610,622,625,626,627,639,651,652,654,717,721,780,781,798,931,932,949,1007,1063,1097,1203,1204,1205,1206,1207,1208,1209,1210,1211,1212,1213,1214,1431,
272;0;8807;8819;0;32,65,70,71,72,105,106,129,130,133,134,135,138,150,156,186,194,196,197,198,224,228,234,264,316,327,335,336,337,343,344,345,346,347,360,382,393,402,408,428,436,472,497,519,554,555,607,608,610,622,625,626,627,639,651,652,654,717,721,780,781,798,821,931,932,933,934,935,949,1007,1063,1097,1203,1204,1205,1206,1207,1208,1209,1210,
542;0;8819;8823;0;32,65,70,71,72,105,106,129,130,133,134,135,138,150,156,186,194,196,197,198,224,228,234,264,316,327,335,336,337,343,344,345,346,347,360,382,393,402,408,428,436,472,497,519,554,555,607,608,610,622,625,626,627,639,651,652,654,717,721,780,781,798,821,931,932,933,934,935,949,1007,1063,1097,1203,1204,1205,1206,1207,1208,1209,1210,
616;0;8823;8883;1;32,65,70,71,72,105,106,129,130,133,134,135,138,150,156,186,194,196,197,198,224,228,234,260,264,299,304,316,327,335,336,337,343,344,345,346,347,348,360,364,382,393,402,408,428,436,472,497,519,554,555,607,608,610,622,625,626,627,639,651,652,654,717,721,780,781,798,935,1077,1078,1079,1080,1081,1082,1083,1084,1085,1086,1087,1097,
616;1;8883;8964;1;32,65,70,71,72,105,106,129,130,133,134,135,138,150,156,186,194,196,197,198,224,228,234,260,264,299,304,316,327,335,336,337,343,344,345,346,347,348,360,364,382,393,402,408,428,436,472,497,519,554,555,607,608,610,622,625,626,627,639,651,652,654,717,721,780,781,798,935,1077,1078,1079,1080,1081,1082,1083,1084,1085,1086,1087,1097,
486;0;8964;9023;1;32,65,70,71,72,105,106,129,130,133,134,135,138,150,156,186,194,196,197,198,224,228,234,260,264,299,304,316,327,335,336,337,343,344,345,346,347,348,360,364,382,393,402,408,428,436,472,497,519,554,555,607,608,610,622,625,626,627,639,651,652,654,717,721,780,781,798,935,1077,1078,1079,1080,1081,1082,1083,1084,1097,1125,1147,1508,
486;1;9023;9110;1;32,65,70,71,72,105,106,129,130,133,134,135,138,150,156,186,194,196,197,198,224,228,234,260,264,299,304,316,327,335,336,337,343,344,345,346,347,348,360,364,382,393,402,408,428,436,472,497,519,554,555,607,608,610,622,625,626,627,639,651,652,654,717,721,780,781,798,935,1077,1078,1079,1080,1081,1082,1083,1084,1097,1125,1147,1508,
276;0;9110;9198;1;32,42,48,70,71,72,105,106,135,138,150,152,154,155,156,182,183,186,194,195,196,197,198,199,219,220,224,225,228,234,235,251,264,299,327,335,336,337,343,344,345,346,347,348,374,382,393,402,428,436,445,447,497,555,607,608,610,627,646,651,652,654,872,907,908,909,910,911,912,913,914,915,916,917,918,919,920,921,935,1097,
276;1;9198;9260;1;32,42,48,70,71,72,105,106,135,138,150,152,154,155,156,182,183,186,194,195,196,197,198,199,219,220,224,225,228,234,235,251,264,299,327,335,336,337,343,344,345,346,347,348,374,382,393,402,428,436,445,447,497,555,607,608,610,627,646,651,652,654,872,907,908,909,910,911,912,913,914,915,916,917,918,919,920,921,935,1097,
355;0;9260;9322;0;32,42,48,70,71,72,105,106,135,138,150,152,154,155,156,182,183,186,194,195,196,197,198,199,219,220,224,225,228,234,235,251,264,299,327,335,336,337,343,344,345,346,347,348,374,382,393,402,428,436,445,447,497,555,607,608,610,627,646,651,652,654,872,907,908,909,910,911,912,913,914,915,916,917,918,919,920,921,935,1097,
419;0;9322;9402;1;32,59,63,70,72,105,135,138,150,156,157,186,196,223,224,225,226,227,228,229,230,231,232,233,234,235,236,237,238,239,240,241,242,243,244,299,305,334,335,336,337,338,339,340,341,342,343,344,345,346,347,382,428,497,527,555,588,589,590,591,592,593,594,595,596,597,598,599,600,601,602,603,604,605,650,651,652,653,654,655,
419;1;9402;9475;1;32,59,63,70,72,105,135,138,150,156,157,186,196,223,224,225,226,227,228,229,230,231,232,233,234,235,236,237,238,239,240,241,242,243,244,299,305,334,335,336,337,338,339,340,341,342,343,344,345,346,347,382,428,497,527,555,588,589,590,591,592,593,594,595,596,597,598,599,600,601,602,603,604,605,650,651,652,653,654,655,
585;0;9475;9548;0;32,59,63,70,72,105,135,138,150,156,157,186,196,223,224,225,226,227,228,229,230,231,232,233,234,235,236,237,238,239,240,241,242,243,244,299,305,334,335,336,337,338,339,340,341,342,343,344,345,346,347,382,428,497,527,555,588,589,590,591,592,593,594,595,596,597,598,599,600,601,602,603,604,605,650,651,652,653,654,655,
39;0;9548;9552;1;32,59,63,70,72,105,135,138,150,156,157,186,196,223,224,225,226,227,228,229,230,231,232,233,234,235,236,237,238,239,240,241,242,243,244,299,305,334,335,336,337,338,339,340,341,342,343,344,345,346,347,382,428,497,527,555,588,589,590,591,592,593,594,595,596,597,598,599,600,601,602,603,604,605,650,651,652,653,654,655,
39;1;9552;9703;1;32,59,63,70,72,105,135,138,150,156,157,186,196,223,224,225,226,227,228,229,230,231,232,233,234,235,236,237,238,239,240,241,242,243,244,299,305,334,335,336,337,338,339,340,341,342,343,344,345,346,347,382,428,497,527,555,588,589,590,591,592,593,594,595,596,597,598,599,600,601,602,603,604,605,650,651,652,653,654,655,
426;0;9703;9787;1;32,59,63,70,72,105,135,138,150,156,157,186,196,223,224,225,226,227,228,229,230,231,232,233,234,235,236,237,238,239,240,241,242,243,244,299,305,334,335,336,337,338,339,340,341,342,343,344,345,346,347,382,428,497,527,555,588,589,590,591,592,593,594,595,596,597,598,599,600,601,602,603,604,605,650,651,652,653,654,655,
426;1;9787;9860;1;32,59,63,70,72,105,135,138,150,156,157,186,196,223,224,225,226,227,228,229,230,231,232,233,234,235,236,237,238,239,240,241,242,243,244,299,305,334,335,336,337,338,339,340,341,342,343,344,345,346,347,382,428,497,527,555,588,589,590,591,592,593,594,595,596,597,598,599,600,601,602,603,604,605,650,651,652,653,654,655,
619;0;9860;9928;1;32,59,63,70,72,105,135,138,150,156,157,186,196,223,224,225,226,227,228,229,230,231,232,233,234,235,236,237,238,239,240,241,242,243,244,299,305,334,335,336,337,338,339,340,341,342,343,344,345,346,347,382,428,497,527,555,588,589,590,591,592,593,594,595,596,597,598,599,600,601,602,603,604,605,650,651,652,653,654,655,
619;1;9928;10019;1;32,59,63,70,72,105,135,138,150,156,157,186,196,223,224,225,226,227,228,229,230,231,232,233,234,235,236,237,238,239,240,241,242,243,244,299,305,334,335,336,337,338,339,340,341,342,343,344,345,346,347,382,428,497,527,555,588,589,590,591,592,593,594,595,596,597,598,599,600,601,602,603,604,605,650,651,652,653,654,655,
Machine: 2
706;0;0;5;1;2,32,51,70,72,87,105,110,135,138,143,150,154,155,173,186,198,217,220,223,224,225,226,229,231,234,316,336,337,343,371,401,406,428,448,477,504,506,507,688,802,803,804,805,806,807,808,809,810,872,899,922,923,924,925,926,927,928,929,930,936,937,938,939,940,941,942,983,985,986,987,1218,1219,1220,1221,1222,1223,1224,1225,1226,
706;1;5;20;1;2,32,51,70,72,87,105,110,135,138,143,150,154,155,173,186,198,217,220,223,224,225,226,229,231,234,316,336,337,343,371,401,406,428,448,477,504,506,507,688,802,803,804,805,806,807,808,809,810,872,899,922,923,924,925,926,927,928,929,930,936,937,938,939,940,941,942,983,985,986,987,1218,1219,1220,1221,1222,1223,1224,1225,1226,
111;0;20;49;1;2,32,51,70,72,87,105,110,135,138,143,150,154,155,173,186,198,217,220,223,224,225,226,229,231,234,316,336,337,343,371,401,406,428,448,477,504,506,507,688,802,803,804,805,806,807,808,809,810,872,899,922,923,924,925,926,927,928,929,930,936,937,938,939,940,941,942,983,985,986,987,1218,1219,1220,1221,1222,1223,1224,1225,1226,
111;1;49;72;1;2,32,51,70,72,87,105,110,135,138,143,150,154,155,173,186,198,217,220,223,224,225,226,229,231,234,316,336,337,343,371,401,406,428,448,477,504,506,507,688,802,803,804,805,806,807,808,809,810,872,899,922,923,924,925,926,927,928,929,930,936,937,938,939,940,941,942,983,985,986,987,1218,1219,1220,1221,1222,1223,1224,1225,1226,
596;0;72;76;1;2,32,51,70,72,87,105,110,135,138,143,150,154,155,173,186,198,217,220,223,224,225,226,229,231,234,316,336,337,343,371,401,406,428,448,477,504,506,507,688,802,803,804,805,806,807,808,809,810,872,899,922,923,924,925,926,927,928,929,930,936,937,938,939,940,941,942,983,985,986,987,1218,1219,1220,1221,1222,1223,1224,1225,1226,
596;1;76;142;1;2,32,51,70,72,87,105,110,135,138,143,150,154,155,173,186,198,217,220,223,224,225,226,229,231,234,316,336,337,343,371,401,406,428,448,477,504,506,507,688,802,803,804,805,806,807,808,809,810,872,899,922,923,924,925,926,927,928,929,930,936,937,938,939,940,941,942,983,985,986,987,1218,1219,1220,1221,1222,1223,1224,1225,1226,
105;0;142;208;0;2,32,51,70,72,87,105,110,135,138,143,150,154,155,173,186,198,217,220,223,224,225,226,229,231,234,316,336,337,343,371,401,406,428,448,477,504,506,507,688,802,803,804,805,806,807,808,809,810,872,899,922,923,924,925,926,927,928,929,930,936,937,938,939,940,941,942,983,985,986,987,1218,1219,1220,1221,1222,1223,1224,1225,1226,
374;0;208;234;1;2,32,51,70,72,87,105,110,135,138,143,150,154,155,173,186,198,217,220,223,224,225,226,229,231,234,316,336,337,343,371,401,406,428,448,477,504,506,507,688,802,803,804,805,806,807,808,809,810,872,899,922,923,924,925,926,927,928,929,930,936,937,938,939,940,941,942,983,985,986,987,1218,1219,1220,1221,1222,1223,1224,1225,1226,
374;1;234;294;1;2,32,51,70,72,87,105,110,135,138,143,150,154,155,173,186,198,217,220,223,224,225,226,229,231,234,316,336,337,343,371,401,406,428,448,477,504,506,507,688,802,803,804,805,806,807,808,809,810,872,899,922,923,924,925,926,927,928,929,930,936,937,938,939,940,941,942,983,985,986,987,1218,1219,1220,1221,1222,1223,1224,1225,1226,
711;0;294;333;1;2,32,51,70,72,87,105,110,135,138,143,150,154,155,173,186,198,217,220,223,224,225,226,229,231,234,316,336,337,343,371,401,406,428,448,477,504,506,507,688,802,803,804,805,806,807,808,809,810,872,899,922,923,924,925,926,927,928,929,930,936,937,938,939,940,941,942,983,985,986,987,988,989,990,991,992,1218,1219,1220,1221,
711;1;333;386;1;2,32,51,70,72,87,105,110,135,138,143,150,154,155,173,186,198,217,220,223,224,225,226,229,231,234,316,336,337,343,371,401,406,428,448,477,504,506,507,688,802,803,804,805,806,807,808,809,810,872,899,922,923,924,925,926,927,928,929,930,936,937,938,939,940,941,942,983,985,986,987,988,989,990,991,992,1218,1219,1220,1221,
566;0;386;477;1;2,32,51,70,72,87,105,110,135,138,143,150,154,155,173,186,198,217,220,223,224,225,226,229,231,234,316,336,337,343,371,378,379,380,381,401,406,428,448,477,504,506,507,688,802,803,804,805,806,807,808,809,810,872,899,922,923,924,925,926,927,928,929,930,936,937,938,939,940,941,942,983,985,986,987,988,989,990,991,992,
566;1;477;489;1;2,32,51,70,72,87,105,110,135,138,143,150,154,155,173,186,198,217,220,223,224,225,226,229,231,234,316,336,337,343,371,378,379,380,381,401,406,428,448,477,504,506,507,688,802,803,804,805,806,807,808,809,810,872,899,922,923,924,925,926,927,928,929,930,936,937,938,939,940,941,942,983,985,986,987,988,989,990,991,992,
491;0;489;522;1;2,32,51,70,72,87,105,110,135,138,143,150,154,155,173,186,198,217,220,223,224,225,226,229,231,234,316,336,337,343,371,378,379,380,381,401,406,428,448,477,497,504,506,507,606,607,608,609,610,611,612,613,614,615,616,688,802,803,804,805,806,807,808,809,810,872,899,922,923,924,925,926,927,928,929,930,936,937,938,991,
491;1;522;598;1;2,32,51,70,72,87,105,110,135,138,143,150,154,155,173,186,198,217,220,223,224,225,226,229,231,234,316,336,337,343,371,378,379,380,381,401,406,428,448,477,497,504,506,507,606,607,608,609,610,611,612,613,614,615,616,688,802,803,804,805,806,807,808,809,810,872,899,922,923,924,925,926,927,928,929,930,936,937,938,991,
433;0;598;718;0;2,32,51,65,70,72,78,87,93,105,110,135,138,143,150,153,154,155,173,186,198,217,220,223,224,225,226,229,234,316,336,337,343,371,379,393,401,402,423,424,425,428,436,444,448,477,497,504,506,507,606,607,608,609,610,611,612,613,614,615,616,688,777,802,803,804,805,806,807,808,809,810,872,922,929,930,991,1125,1147,1508,
433;1;718;794;0;2,32,51,65,70,72,78,87,93,105,110,135,138,143,150,153,154,155,173,186,198,217,220,223,224,225,226,229,234,316,336,337,343,371,379,393,401,402,423,424,425,428,436,444,448,477,497,504,506,507,606,607,608,609,610,611,612,613,614,615,616,688,777,802,803,804,805,806,807,808,809,810,872,922,929,930,991,1125,1147,1508,
84;0;794;890;1;2,32,51,65,70,72,78,87,93,105,110,135,138,143,150,153,154,155,173,186,198,217,220,223,224,225,226,229,234,316,336,337,343,371,379,393,401,402,423,424,425,428,436,444,448,477,497,504,506,507,606,607,608,609,610,611,612,613,614,615,616,688,777,802,803,804,805,806,807,808,809,810,872,922,929,930,991,1125,1147,1508,
84;1;890;905;1;2,32,51,65,70,72,78,87,93,105,110,135,138,143,150,153,154,155,173,186,198,217,220,223,224,225,226,229,234,316,336,337,343,371,379,393,401,402,423,424,425,428,436,444,448,477,497,504,506,507,606,607,608,609,610,611,612,613,614,615,616,688,777,802,803,804,805,806,807,808,809,810,872,922,929,930,991,1125,1147,1508,
296;0;905;971;1;2,32,51,65,70,72,78,87,93,105,110,135,138,143,150,153,154,155,173,186,198,217,220,223,224,225,226,229,234,316,336,337,343,371,379,393,401,402,423,424,425,428,436,444,448,477,497,504,506,507,606,607,608,609,610,611,612,613,614,615,616,688,777,802,803,804,805,806,807,808,809,810,872,922,929,930,991,1125,1147,1508,
296;1;971;1020;1;2,32,51,65,70,72,78,87,93,105,110,135,138,143,150,153,154,155,173,186,198,217,220,223,224,225,226,229,234,316,336,337,343,371,379,393,401,402,423,424,425,428,436,444,448,477,497,504,506,507,606,607,608,609,610,611,612,613,614,615,616,688,777,802,803,804,805,806,807,808,809,810,872,922,929,930,991,1125,1147,1508,
465;0;1020;1069;0;2,32,51,65,70,72,78,87,93,105,110,135,138,143,150,153,154,155,173,186,198,217,220,223,224,225,226,229,234,316,336,337,343,371,379,393,401,402,423,424,425,428,436,444,448,477,497,504,506,507,606,607,608,609,610,611,612,613,614,615,616,688,777,802,803,804,805,806,807,808,809,810,872,922,929,930,991,1125,1147,1508,
621;0;1069;1111;1;2,32,51,65,70,72,78,87,93,105,110,135,138,143,150,153,154,155,173,186,198,217,220,223,224,225,226,229,234,316,336,337,343,371,379,393,401,402,423,424,425,428,436,444,448,477,497,504,506,507,606,607,608,609,610,611,612,613,614,615,616,688,777,802,803,804,805,806,807,808,809,810,872,922,929,930,991,1125,1147,1508,
621;1;1111;1187;1;2,32,51,65,70,72,78,87,93,105,110,135,138,143,150,153,154,155,173,186,198,217,220,223,224,225,226,229,234,316,336,337,343,371,379,393,401,402,423,424,425,428,436,444,448,477,497,504,506,507,606,607,608,609,610,611,612,613,614,615,616,688,777,802,803,804,805,806,807,808,809,810,872,922,929,930,991,1125,1147,1508,
744;0;1187;1221;1;2,32,51,65,70,72,78,87,93,105,110,135,138,143,150,153,154,155,173,186,198,217,220,223,224,225,226,229,234,316,336,337,343,371,379,393,401,402,423,424,425,428,436,444,448,477,497,504,506,507,606,607,608,609,610,611,612,613,614,615,616,688,777,802,803,804,805,806,807,808,809,810,872,922,929,930,991,1125,1147,1508,
744;1;1221;1308;1;2,32,51,65,70,72,78,87,93,105,110,135,138,143,150,153,154,155,173,186,198,217,220,223,224,225,226,229,234,316,336,337,343,371,379,393,401,402,423,424,425,428,436,444,448,477,497,504,506,507,606,607,608,609,610,611,612,613,614,615,616,688,777,802,803,804,805,806,807,808,809,810,872,922,929,930,991,1125,1147,1508,
391;0;1308;1344;1;2,32,51,65,70,72,78,87,93,105,110,135,138,143,150,153,154,155,173,186,198,217,220,223,224,225,226,229,234,316,336,337,343,371,379,393,401,402,423,424,425,428,436,444,448,477,497,504,506,507,606,607,608,609,610,611,612,613,614,615,616,688,777,802,803,804,805,806,807,808,809,810,872,922,929,930,991,1125,1147,1508,
391;1;1344;1434;1;2,32,51,65,70,72,78,87,93,105,110,135,138,143,150,153,154,155,173,186,198,217,220,223,224,225,226,229,234,316,336,337,343,371,379,393,401,402,423,424,425,428,436,444,448,477,497,504,506,507,606,607,608,609,610,611,612,613,614,615,616,688,777,802,803,804,805,806,807,808,809,810,872,922,929,930,991,1125,1147,1508,
683;0;1434;1532;0;2,32,51,65,70,72,78,87,93,105,110,135,138,143,150,153,154,155,173,186,198,217,220,223,224,225,226,229,234,316,336,337,343,371,379,393,401,402,423,424,425,428,436,444,448,477,497,504,506,507,606,607,608,609,610,611,612,613,614,615,616,688,777,802,803,804,805,806,807,808,809,810,872,922,929,930,991,1125,1147,1508,
683;1;1532;1653;0;2,32,51,65,70,72,78,87,93,105,110,135,138,143,150,153,154,155,173,186,198,217,220,223,224,225,226,229,234,316,336,337,343,371,379,393,401,402,423,424,425,428,436,444,448,477,497,504,506,507,606,607,608,609,610,611,612,613,614,615,616,688,777,802,803,804,805,806,807,808,809,810,872,922,929,930,991,1125,1147,1508,
643;0;1653;1717;0;2,32,44,45,51,65,70,72,78,87,93,105,110,135,138,143,150,153,154,155,173,186,196,198,217,220,223,224,225,226,229,230,234,316,336,337,343,371,379,388,390,392,393,395,396,401,402,423,424,428,436,444,448,477,497,504,506,507,606,607,608,609,610,611,612,613,614,615,616,688,872,922,929,930,991,1125,1190,1231,1232,1233,
643;1;1717;1869;0;2,32,44,45,51,65,70,72,78,87,93,105,110,135,138,143,150,153,154,155,173,186,196,198,217,220,223,224,225,226,229,230,234,316,336,337,343,371,379,388,390,392,393,395,396,401,402,423,424,428,436,444,448,477,497,504,506,507,606,607,608,609,610,611,612,613,614,615,616,688,872,922,929,930,991,1125,1190,1231,1232,1233,
638;0;1869;2020;0;2,32,44,45,51,65,70,72,78,87,93,105,110,135,138,143,150,153,154,155,173,186,196,198,217,220,223,224,225,226,229,230,234,316,332,335,336,337,343,345,371,379,388,390,392,393,395,396,401,402,423,424,428,436,444,448,477,497,504,506,507,606,607,608,609,610,611,612,613,614,615,616,688,872,922,929,930,991,1125,1190,
638;1;2020;2070;0;2,32,44,45,51,65,70,72,78,87,93,105,110,135,138,143,150,153,154,155,173,186,196,198,217,220,223,224,225,226,229,230,234,316,332,335,336,337,343,345,371,379,388,390,392,393,395,396,401,402,423,424,428,436,444,448,477,497,504,506,507,606,607,608,609,610,611,612,613,614,615,616,688,872,922,929,930,991,1125,1190,
343;0;2070;2148;0;2,32,45,56,70,72,92,105,110,138,150,153,186,196,224,230,252,263,311,315,316,335,340,341,343,345,346,347,358,360,366,379,388,390,392,393,396,400,402,408,442,456,477,482,486,496,497,505,613,620,688,692,874,875,876,877,878,879,930,966,967,968,969,970,971,972,973,974,975,976,977,978,979,980,981,982,1027,1179,1180,1181,
343;1;2148;2268;0;2,32,45,56,70,72,92,105,110,138,150,153,186,196,224,230,252,263,311,315,316,335,340,341,343,345,346,347,358,360,366,379,388,390,392,393,396,400,402,408,442,456,477,482,486,496,497,505,613,620,688,692,874,875,876,877,878,879,930,966,967,968,969,970,971,972,973,974,975,976,977,978,979,980,981,982,1027,1179,1180,1181,
117;0;2268;2448;0;2,32,45,56,70,72,92,105,110,138,150,153,186,196,224,230,252,263,311,315,316,335,340,341,343,345,346,347,358,360,366,379,388,390,392,393,396,400,402,408,442,456,477,482,486,496,497,505,613,620,688,692,874,875,876,877,878,879,930,966,967,968,969,970,971,972,973,974,975,976,977,978,979,980,981,982,1027,1179,1180,1181,
340;0;2448;2624;0;2,32,45,56,70,72,92,105,110,138,150,153,186,196,224,230,252,263,311,315,316,335,340,341,343,345,346,347,358,360,366,379,388,390,392,393,396,400,402,408,442,456,477,482,486,496,497,505,613,620,688,692,874,875,876,877,878,879,930,966,967,968,969,970,971,972,973,974,975,976,977,978,979,980,981,982,1027,1179,1180,1181,
342;0;2880;3054;0;2,25,32,34,43,45,70,105,110,138,186,196,230,300,309,316,341,343,345,348,355,358,379,388,390,392,396,477,482,486,496,497,505,546,613,688,692,716,930,947,960,964,1039,1040,1041,1042,1043,1044,1045,1046,1047,1048,1049,1050,1051,1052,1053,1054,1055,1056,1057,1058,1059,1060,1061,1062,1063,1064,1065,1066,1067,1068,1069,1070,1071,1072,1073,1074,1075,1076,
620;0;3054;3226;0;2,3,4,9,25,32,34,43,45,70,105,110,138,170,186,196,230,286,300,309,316,341,343,345,348,355,358,379,388,390,392,396,477,482,486,496,497,505,546,613,688,692,716,930,947,960,964,1039,1040,1041,1042,1043,1044,1045,1046,1047,1048,1049,1050,1051,1052,1053,1054,1055,1056,1057,1058,1059,1060,1061,1062,1063,1066,1126,1135,1137,1504,1505,1506,1507,
292;0;3226;3395;0;2,3,4,9,25,32,34,43,45,70,105,110,138,170,185,186,196,230,286,297,300,309,316,341,343,345,348,355,358,368,379,388,390,392,396,477,482,486,496,497,505,546,613,636,688,692,716,930,947,960,964,1039,1040,1041,1042,1043,1044,1045,1046,1047,1048,1049,1050,1051,1052,1053,1054,1055,1056,1057,1058,1059,1060,1063,1066,1301,1302,1303,1304,1305,
153;0;3395;3429;0;2,3,4,9,25,32,34,35,43,45,70,105,110,138,170,185,186,196,230,286,297,298,299,300,301,302,303,304,305,306,307,308,309,316,341,343,345,348,355,358,368,379,388,390,392,396,477,482,486,496,497,505,546,613,636,688,692,716,930,947,960,964,1039,1040,1041,1042,1043,1044,1045,1046,1047,1048,1049,1050,1051,1052,1053,1054,1063,1066,
153;1;3429;3563;0;2,3,4,9,25,32,34,35,43,45,70,105,110,138,170,185,186,196,230,286,297,298,299,300,301,302,303,304,305,306,307,308,309,316,341,343,345,348,355,358,368,379,388,390,392,396,477,482,486,496,497,505,546,613,636,688,692,716,930,947,960,964,1039,1040,1041,1042,1043,1044,1045,1046,1047,1048,1049,1050,1051,1052,1053,1054,1063,1066,
18;0;3563;3694;0;2,3,4,9,25,32,34,35,43,45,70,105,110,138,185,186,196,297,298,299,300,301,302,303,304,305,306,307,308,309,316,341,343,345,358,368,379,388,390,392,396,466,468,476,477,482,483,484,486,496,497,502,505,546,613,668,669,670,671,672,673,674,675,676,677,678,679,680,681,682,683,684,685,688,692,716,947,960,1063,1066,
18;1;3694;3828;0;2,3,4,9,25,32,34,35,43,45,70,105,110,138,185,186,196,297,298,299,300,301,302,303,304,305,306,307,308,309,316,341,343,345,358,368,379,388,390,392,396,466,468,476,477,482,483,484,486,496,497,502,505,546,613,668,669,670,671,672,673,674,675,676,677,678,679,680,681,682,683,684,685,688,692,716,947,960,1063,1066,
88;0;3828;3878;0;2,3,4,9,25,32,34,35,43,45,70,105,110,138,185,186,196,297,298,299,300,301,302,303,304,305,306,307,308,309,316,341,343,345,358,368,379,388,390,392,396,466,468,476,477,482,483,484,486,496,497,502,505,546,613,668,669,670,671,672,673,674,675,676,677,678,679,680,681,682,683,684,685,688,692,716,947,960,1063,1066,
88;1;3878;4012;0;2,3,4,9,25,32,34,35,43,45,70,105,110,138,185,186,196,297,298,299,300,301,302,303,304,305,306,307,308,309,316,341,343,345,358,368,379,388,390,392,396,466,468,476,477,482,483,484,486,496,497,502,505,546,613,668,669,670,671,672,673,674,675,676,677,678,679,680,681,682,683,684,685,688,692,716,947,960,1063,1066,
60;0;4012;4177;0;2,3,4,9,25,32,34,35,43,45,70,105,110,138,185,186,196,297,298,299,300,301,302,303,304,305,306,307,308,309,316,341,343,345,358,368,379,388,390,392,396,466,468,476,477,482,483,484,486,496,497,502,505,546,613,668,669,670,671,672,673,674,675,676,677,678,679,680,681,682,683,684,685,688,692,716,947,960,1063,1066,
177;0;4320;4484;0;2,3,4,25,32,34,35,43,45,70,105,110,138,185,186,196,304,307,316,341,343,345,368,379,388,390,392,396,413,422,460,461,462,463,464,465,466,467,468,469,470,471,472,473,474,475,476,477,478,479,480,481,482,483,484,485,486,487,488,489,490,491,492,493,494,495,496,497,498,499,500,501,502,503,546,613,688,692,716,947,
415;0;4484;4648;0;2,3,4,25,32,34,35,43,45,70,105,110,138,185,186,196,304,307,316,341,343,345,368,379,388,390,392,396,413,422,460,461,462,463,464,465,466,467,468,469,470,471,472,473,474,475,476,477,478,479,480,481,482,483,484,485,486,487,488,489,490,491,492,493,494,495,496,497,498,499,500,501,502,503,546,613,688,692,716,947,
122;0;4648;4809;0;2,3,4,25,32,34,35,43,45,63,70,74,105,110,138,185,186,196,235,304,307,316,341,343,345,368,379,385,388,390,392,396,413,422,460,461,462,463,464,465,466,467,468,469,470,471,472,473,474,475,476,477,478,479,480,481,482,483,484,485,486,487,497,498,546,613,686,687,688,689,690,691,692,693,694,695,696,697,716,947,
278;0;4809;4957;0;2,3,4,25,32,34,35,43,45,63,70,74,105,110,138,185,186,196,235,304,307,316,341,343,345,368,379,385,388,390,392,396,413,422,460,461,462,463,464,465,466,467,468,469,470,471,472,473,474,475,476,477,478,479,480,481,482,483,484,485,486,487,497,498,546,613,686,687,688,689,690,691,692,693,716,947,1265,1266,1267,1268,
278;1;4957;4966;0;2,3,4,25,32,34,35,43,45,63,70,74,105,110,138,185,186,196,235,304,307,316,341,343,345,368,379,385,388,390,392,396,413,422,460,461,462,463,464,465,466,467,468,469,470,471,472,473,474,475,476,477,478,479,480,481,482,483,484,485,486,487,497,498,546,613,686,687,688,689,690,691,692,693,716,947,1265,1266,1267,1268,
200;0;4966;5121;0;0,2,3,4,25,27,32,34,35,43,67,70,72,94,105,110,115,138,148,151,153,156,185,186,187,188,189,190,191,192,193,196,197,224,245,246,247,248,249,250,251,270,276,277,307,316,341,343,345,368,393,403,415,443,446,468,472,477,482,484,485,497,498,546,596,613,710,713,716,943,944,945,946,947,948,1155,1156,1157,1158,1159,
12;0;5121;5268;0;0,2,3,4,25,27,32,34,35,43,67,70,72,94,105,110,115,138,148,151,153,156,185,186,187,188,189,190,191,192,193,196,197,224,245,246,247,248,249,250,251,270,276,277,307,316,341,343,345,368,393,403,415,443,446,468,472,477,482,484,485,497,498,546,596,613,710,713,716,943,944,945,946,947,948,1155,1156,1157,1158,1159,
253;0;5268;5309;0;0,2,3,4,25,27,32,34,35,43,67,70,72,94,105,110,115,138,148,151,153,156,185,186,187,188,189,190,191,192,193,196,197,224,245,246,247,248,249,250,251,270,276,277,307,316,341,343,345,368,393,403,415,443,446,468,472,477,482,484,485,497,498,546,596,613,710,713,716,943,944,945,946,947,948,1155,1156,1157,1158,1159,
253;1;5309;5456;0;0,2,3,4,25,27,32,34,35,43,67,70,72,94,105,110,115,138,148,151,153,156,185,186,187,188,189,190,191,192,193,196,197,224,245,246,247,248,249,250,251,270,276,277,307,316,341,343,345,368,393,403,415,443,446,468,472,477,482,484,485,497,498,546,596,613,710,713,716,943,944,945,946,947,948,1155,1156,1157,1158,1159,
113;0;5456;5509;0;0,2,3,4,25,27,32,34,35,43,67,70,72,94,105,110,115,138,148,151,153,156,185,186,187,188,189,190,191,192,193,196,197,224,245,246,247,248,249,250,251,270,276,277,307,316,341,343,345,368,393,403,415,443,446,468,472,477,482,484,485,497,498,546,596,613,710,713,716,943,944,945,946,947,948,1155,1156,1157,1158,1159,
113;1;5509;5598;0;0,2,3,4,25,27,32,34,35,43,67,70,72,94,105,110,115,138,148,151,153,156,185,186,187,188,189,190,191,192,193,196,197,224,245,246,247,248,249,250,251,270,276,277,307,316,341,343,345,368,393,403,415,443,446,468,472,477,482,484,485,497,498,546,596,613,710,713,716,943,944,945,946,947,948,1155,1156,1157,1158,1159,
70;0;5598;5735;0;0,2,3,4,25,27,32,34,35,43,67,70,72,94,105,110,115,138,148,151,153,156,185,186,187,188,189,190,191,192,193,196,197,224,245,246,247,248,249,250,251,270,276,277,307,316,341,343,345,368,393,403,415,443,446,468,472,477,482,484,485,497,498,546,596,613,710,713,716,943,944,945,946,947,948,1155,1156,1157,1158,1159,
395;0;5735;5866;0;0,2,3,4,25,27,32,34,35,43,67,70,72,94,105,110,115,138,148,151,153,156,185,186,187,188,189,190,191,192,193,196,197,224,245,246,247,248,249,250,251,270,276,277,307,316,341,343,345,368,393,403,415,443,446,468,472,477,482,484,485,497,498,546,596,613,710,713,716,943,944,945,946,947,948,1155,1156,1157,1158,1159,
552;0;5866;5987;0;0,2,3,4,25,27,32,34,35,43,48,67,70,72,94,105,110,115,138,148,150,151,153,156,159,185,186,187,188,189,190,196,197,199,224,249,270,276,277,316,341,343,345,368,393,402,415,438,440,443,446,468,472,477,482,484,497,498,546,613,710,713,716,943,1310,1434,1509,1510,1511,1512,1513,1514,1515,1516,1517,1518,1519,1520,1521,1522,
3;0;5987;6053;0;0,2,3,4,25,27,32,34,35,43,48,64,65,66,67,68,69,70,72,94,105,110,115,138,148,150,151,153,156,159,185,186,187,188,189,190,196,197,199,224,249,270,276,277,316,341,343,345,368,393,402,415,438,440,443,446,468,472,477,482,484,497,498,546,613,710,713,716,943,1310,1434,1509,1510,1511,1512,1513,1514,1515,1516,1517,
3;1;6053;6095;0;0,2,3,4,25,27,32,34,35,43,48,64,65,66,67,68,69,70,72,94,105,110,115,138,148,150,151,153,156,159,185,186,187,188,189,190,196,197,199,224,249,270,276,277,316,341,343,345,368,393,402,415,438,440,443,446,468,472,477,482,484,497,498,546,613,710,713,716,943,1310,1434,1509,1510,1511,1512,1513,1514,1515,1516,1517,
362;0;6095;6193;0;0,2,3,4,25,27,32,34,35,43,48,64,65,66,67,70,71,72,78,91,94,95,96,97,98,99,100,101,102,103,104,105,106,110,115,138,150,151,153,156,159,185,186,187,196,197,224,249,270,276,277,316,341,343,345,368,393,402,415,438,440,443,446,468,472,477,482,484,497,498,546,613,656,657,658,659,710,713,716,943,
372;0;6193;6289;0;0,2,3,4,25,27,32,34,35,43,48,64,65,66,67,70,71,72,78,91,94,95,96,97,98,99,100,101,102,103,104,105,106,110,115,138,150,151,153,156,159,185,186,187,196,197,224,249,270,276,277,316,337,341,343,345,368,393,402,415,438,440,443,446,468,472,477,482,484,497,498,546,613,656,657,658,710,713,716,943,
190;0;6289;6385;0;0,2,3,4,25,27,32,34,35,43,48,64,65,66,67,70,71,72,78,91,94,95,96,97,98,99,100,101,102,103,104,105,106,110,115,138,150,151,153,156,159,185,186,187,196,197,224,249,270,276,277,316,337,341,343,345,368,393,402,415,438,440,443,446,468,472,477,482,484,497,498,546,613,656,657,658,710,713,716,943,
227;0;6385;6475;0;0,2,3,4,25,27,32,34,35,43,48,64,65,66,67,70,71,72,78,91,93,94,95,96,97,98,99,100,101,102,103,104,105,106,110,115,138,150,151,153,156,159,185,186,187,196,197,224,249,270,276,277,316,337,341,343,345,368,393,402,415,438,440,443,446,468,472,477,482,484,497,498,546,613,656,657,710,713,716,943,
440;0;6475;6563;0;25,27,32,34,35,38,43,46,53,58,70,71,72,105,106,135,138,150,151,156,159,186,197,224,249,279,316,334,335,336,337,338,339,340,341,342,343,344,345,346,347,352,368,414,484,497,507,508,509,546,554,704,705,706,707,708,709,710,711,712,713,714,715,716,717,718,719,720,721,874,879,900,929,1002,1003,1004,1005,1031,1035,1503,
577;0;6563;6641;0;25,27,32,34,35,38,43,46,53,58,70,71,72,105,106,135,138,150,151,156,159,186,197,224,249,279,316,334,335,336,337,338,339,340,341,342,343,344,345,346,347,352,368,414,484,497,507,508,509,546,554,704,705,706,707,708,709,710,711,712,713,714,715,716,717,718,719,720,721,874,879,900,929,1002,1003,1004,1005,1031,1035,1503,
20;0;6641;6714;0;25,27,32,34,35,38,43,46,53,58,70,71,72,105,106,135,138,150,151,156,159,186,197,224,249,279,316,334,335,336,337,338,339,340,341,342,343,344,345,346,347,352,368,414,484,497,507,508,509,546,554,704,705,706,707,708,709,710,711,712,713,714,715,716,717,718,719,720,721,874,879,900,929,1002,1003,1004,1005,1031,1035,1503,
413;0;6714;6753;0;25,27,32,34,35,38,43,46,53,58,70,71,72,105,106,135,138,150,151,156,159,186,197,224,249,279,316,334,335,336,337,338,339,340,341,342,343,344,345,346,347,352,368,414,484,497,507,508,509,546,554,704,705,706,707,708,709,710,711,712,713,714,715,716,717,718,719,720,721,874,879,900,929,1002,1003,1004,1005,1031,1035,1503,
413;1;6753;6786;0;25,27,32,34,35,38,43,46,53,58,70,71,72,105,106,135,138,150,151,156,159,186,197,224,249,279,316,334,335,336,337,338,339,340,341,342,343,344,345,346,347,352,368,414,484,497,507,508,509,546,554,704,705,706,707,708,709,710,711,712,713,714,715,716,717,718,719,720,721,874,879,900,929,1002,1003,1004,1005,1031,1035,1503,
422;0;7200;7265;0;17,18,19,20,21,22,23,24,25,26,27,28,29,30,31,32,33,34,35,36,37,38,39,40,41,42,43,46,53,58,70,71,72,105,106,135,138,150,151,156,159,186,197,224,249,279,316,334,335,336,337,338,339,340,341,342,343,344,345,346,347,352,368,414,484,497,507,508,509,546,554,704,705,706,707,717,721,929,1031,1035,
695;0;7265;7327;0;17,18,19,20,21,22,23,24,25,26,27,28,29,30,32,42,70,71,72,105,106,135,138,150,151,156,159,176,186,197,224,279,316,335,336,337,339,341,342,343,344,345,346,347,414,484,497,507,508,509,717,721,847,914,929,991,1031,1035,1191,1200,1410,1411,1412,1413,1414,1415,1416,1417,1418,1419,1420,1421,1422,1423,1424,1425,1426,1427,1428,1429,
370;0;7327;7388;0;17,18,19,20,25,32,42,70,71,72,105,106,135,138,150,151,155,156,159,186,197,224,279,316,335,336,337,339,341,342,343,344,345,346,347,377,414,484,497,507,508,509,517,529,717,721,919,929,991,1031,1035,1066,1108,1191,1200,1234,1235,1236,1237,1238,1239,1240,1241,1242,1243,1244,1245,1246,1247,1248,1249,1250,1251,1252,1253,1254,1255,1256,1257,1258,
672;0;7388;7448;0;17,18,19,20,25,32,42,70,71,72,105,106,135,138,150,151,155,156,159,186,197,224,279,316,335,336,337,339,341,342,343,344,345,346,347,377,414,484,497,504,507,508,509,517,529,717,721,875,901,919,922,929,991,1031,1032,1033,1034,1035,1036,1037,1038,1066,1108,1191,1200,1234,1235,1236,1237,1238,1239,1240,1241,1242,1243,1244,1245,1246,1247,1248,
632;0;7448;7505;0;17,18,19,20,25,32,42,70,71,72,105,106,135,138,150,151,155,156,159,186,194,197,198,224,226,229,279,316,335,336,337,339,341,342,343,344,345,346,347,414,437,442,444,445,447,484,497,504,507,508,509,529,646,649,717,721,871,991,1141,1182,1183,1184,1185,1186,1187,1188,1189,1190,1191,1192,1193,1194,1195,1196,1197,1198,1199,1200,1201,1202,
667;0;7505;7556;0;17,18,19,20,25,32,42,70,71,72,105,106,135,138,150,151,155,156,159,186,194,197,198,224,226,229,252,253,263,264,265,269,279,316,320,332,335,336,337,339,341,342,343,344,345,346,347,414,437,442,444,445,447,484,497,504,507,508,509,529,646,649,651,662,663,664,665,666,667,717,721,871,906,991,1141,1182,1183,1184,1185,1186,
192;0;7556;7600;0;17,18,19,20,25,32,42,70,71,72,105,106,127,134,135,138,150,151,155,156,159,186,194,197,198,224,226,229,252,253,263,264,265,269,279,316,320,327,332,335,336,337,339,341,342,343,344,345,346,347,358,360,366,414,421,437,442,444,445,447,458,484,497,504,507,508,509,518,529,548,607,608,610,654,717,721,871,1150,1151,1152,
323;0;7600;7747;0;17,18,19,20,25,32,42,70,71,72,105,106,127,134,135,138,150,151,155,156,159,186,194,197,198,224,226,229,252,253,263,264,265,269,279,316,320,327,332,335,336,337,339,341,342,343,344,345,346,347,358,360,366,414,421,437,442,444,445,447,458,484,497,504,507,508,509,518,529,548,607,608,610,654,717,721,871,1150,1151,1152,
323;1;7747;7791;0;17,18,19,20,25,32,42,70,71,72,105,106,127,134,135,138,150,151,155,156,159,186,194,197,198,224,226,229,252,253,263,264,265,269,279,316,320,327,332,335,336,337,339,341,342,343,344,345,346,347,358,360,366,414,421,437,442,444,445,447,458,484,497,504,507,508,509,518,529,548,607,608,610,654,717,721,871,1150,1151,1152,
125;0;7791;7830;0;32,70,71,72,105,106,127,132,134,135,136,138,150,151,156,159,186,194,197,198,224,226,229,252,254,256,258,263,264,316,320,327,332,335,336,339,341,342,343,344,345,346,347,360,382,412,414,421,437,442,444,445,447,504,506,507,508,509,518,519,520,521,522,523,524,525,526,527,528,529,530,531,532,533,534,535,536,654,717,721,
657;0;7830;7869;0;32,70,71,72,105,106,134,135,136,138,149,150,151,156,159,186,194,196,197,198,224,226,229,234,254,264,316,327,332,335,336,339,341,343,345,360,382,393,412,421,436,437,440,442,443,444,446,504,506,507,508,509,518,519,522,527,654,717,721,1366,1367,1368,1369,1370,1371,1372,1373,1374,1375,1376,1377,1378,1379,1380,1381,1382,1383,1384,1385,1386,
502;0;7869;7905;0;32,70,71,72,105,106,134,135,136,138,149,150,151,156,159,186,194,196,197,198,224,226,229,234,254,264,316,327,332,335,336,339,341,343,345,360,382,393,412,421,436,437,440,442,443,444,446,498,504,506,507,508,509,518,519,522,527,627,654,677,717,721,823,824,825,826,1366,1367,1368,1369,1370,1371,1372,1373,1374,1375,1376,1377,1378,1379,
383;0;7905;8028;0;32,130,133,134,135,136,138,186,254,259,264,316,327,332,335,336,339,341,343,345,360,382,408,412,468,472,477,482,498,504,505,506,507,508,509,510,511,512,513,518,519,522,527,622,625,626,627,629,639,654,677,717,721,763,781,798,811,812,813,823,824,825,826,931,1063,1203,1204,1205,1206,1207,1208,1209,1210,1211,1212,1213,1214,1215,1216,1217,
383;1;8028;8064;0;32,130,133,134,135,136,138,186,254,259,264,316,327,332,335,336,339,341,343,345,360,382,408,412,468,472,477,482,498,504,505,506,507,508,509,510,511,512,513,518,519,522,527,622,625,626,627,629,639,654,677,717,721,763,781,798,811,812,813,823,824,825,826,931,1063,1203,1204,1205,1206,1207,1208,1209,1210,1211,1212,1213,1214,1215,1216,1217,
52;0;8064;8098;0;32,130,133,134,135,136,138,186,254,259,264,316,327,332,335,336,339,341,343,345,360,382,408,412,468,472,477,482,498,504,505,506,507,508,509,510,511,512,513,518,519,522,527,622,625,626,627,629,639,654,677,717,721,763,781,798,811,812,813,823,824,825,826,931,1063,1203,1204,1205,1206,1207,1208,1209,1210,1211,1212,1213,1214,1215,1216,1217,
715;0;8098;8130;0;32,130,133,134,135,136,138,186,254,259,264,316,327,332,335,336,339,341,343,345,360,382,408,412,468,472,477,482,498,504,505,506,507,508,509,510,511,512,513,518,519,522,527,622,625,626,627,629,639,654,677,717,721,763,781,798,811,812,813,823,824,825,826,931,1063,1203,1204,1205,1206,1207,1208,1209,1210,1211,1212,1213,1214,1215,1216,1217,
747;0;8130;8157;0;32,130,133,134,135,136,138,186,254,259,264,316,327,332,335,336,339,341,343,345,360,382,408,412,468,472,477,482,498,504,505,506,507,508,509,510,511,512,513,518,519,522,527,622,625,626,627,629,639,654,677,717,721,763,781,798,811,812,813,823,824,825,826,931,1063,1203,1204,1205,1206,1207,1208,1209,1210,1211,1212,1213,1214,1215,1216,1217,
488;0;8157;8334;0;32,130,133,134,135,136,138,186,254,259,264,316,327,332,335,336,339,341,343,345,360,382,408,412,468,472,477,482,498,504,505,506,507,508,509,510,511,512,513,518,519,522,527,622,625,626,627,629,639,654,677,717,721,763,781,798,811,812,813,823,824,825,826,931,1063,1203,1204,1205,1206,1207,1208,1209,1210,1211,1212,1213,1214,1215,1216,1217,
488;1;8334;8361;0;32,130,133,134,135,136,138,186,254,259,264,316,327,332,335,336,339,341,343,345,360,382,408,412,468,472,477,482,498,504,505,506,507,508,509,510,511,512,513,518,519,522,527,622,625,626,627,629,639,654,677,717,721,763,781,798,811,812,813,823,824,825,826,931,1063,1203,1204,1205,1206,1207,1208,1209,1210,1211,1212,1213,1214,1215,1216,1217,
140;0;8361;8388;0;32,130,133,134,135,136,138,186,254,259,264,316,327,332,335,336,339,341,343,345,360,382,408,412,468,472,477,482,498,504,505,506,507,508,509,510,511,512,513,518,519,522,527,622,625,626,627,629,639,654,677,717,721,763,781,798,811,812,813,823,824,825,826,931,1063,1203,1204,1205,1206,1207,1208,1209,1210,1211,1212,1213,1214,1215,1216,1217,
387;0;8640;8652;0;32,129,130,133,134,135,136,138,186,254,259,264,316,327,332,335,336,339,341,343,345,360,382,408,412,428,468,472,477,482,498,504,505,506,507,508,509,510,511,512,513,518,519,522,527,622,625,626,627,629,639,654,677,717,721,763,780,781,798,811,812,813,821,823,824,825,826,931,932,933,934,935,1063,1203,1204,1205,1206,1207,1208,1209,
332;0;8652;8656;0;32,126,129,130,133,134,135,136,138,186,254,259,262,264,316,327,332,335,336,339,341,343,345,360,382,408,412,421,422,426,427,428,429,430,431,432,433,434,435,468,472,477,482,498,504,505,506,507,508,509,510,511,512,513,518,519,522,527,622,625,626,627,629,639,654,677,717,721,763,780,781,798,811,812,813,821,823,931,935,1203,
274;0;8656;8685;1;32,48,70,71,72,105,106,126,129,130,133,134,135,136,138,149,150,151,153,156,157,186,194,195,196,197,198,223,224,225,226,227,228,229,254,259,262,264,316,327,332,335,336,339,341,343,345,360,371,382,393,402,421,422,428,436,437,438,439,440,441,442,443,444,445,446,447,505,519,527,622,626,639,780,781,798,821,931,935,1203,
274;1;8685;8784;1;32,48,70,71,72,105,106,126,129,130,133,134,135,136,138,149,150,151,153,156,157,186,194,195,196,197,198,223,224,225,226,227,228,229,254,259,262,264,316,327,332,335,336,339,341,343,345,360,371,382,393,402,421,422,428,436,437,438,439,440,441,442,443,444,445,446,447,505,519,527,622,626,639,780,781,798,821,931,935,1203,
701;0;8784;8890;1;32,44,48,54,70,71,72,87,105,106,112,113,114,115,116,117,118,119,120,121,126,129,130,133,134,135,136,138,149,150,151,153,156,157,186,194,195,196,197,198,223,224,225,226,228,229,254,259,262,264,316,327,332,335,336,341,343,345,371,382,402,421,422,428,436,438,439,505,519,527,622,626,639,780,781,798,821,931,935,1203,
701;1;8890;8920;1;32,44,48,54,70,71,72,87,105,106,112,113,114,115,116,117,118,119,120,121,126,129,130,133,134,135,136,138,149,150,151,153,156,157,186,194,195,196,197,198,223,224,225,226,228,229,254,259,262,264,316,327,332,335,336,341,343,345,371,382,402,421,422,428,436,438,439,505,519,527,622,626,639,780,781,798,821,931,935,1203,
211;0;8920;8982;1;32,44,48,54,70,71,72,87,94,95,96,97,98,99,100,101,102,103,104,105,106,110,112,113,114,115,116,117,118,119,120,121,129,133,134,135,138,147,150,156,186,225,228,229,254,259,262,264,327,332,335,336,341,343,345,371,382,402,421,422,428,436,438,439,505,519,527,622,626,639,780,781,798,821,931,935,984,1006,1007,1203,
211;1;8982;9059;1;32,44,48,54,70,71,72,87,94,95,96,97,98,99,100,101,102,103,104,105,106,110,112,113,114,115,116,117,118,119,120,121,129,133,134,135,138,147,150,156,186,225,228,229,254,259,262,264,327,332,335,336,341,343,345,371,382,402,421,422,428,436,438,439,505,519,527,622,626,639,780,781,798,821,931,935,984,1006,1007,1203,
132;0;9059;9136;0;32,44,48,54,70,71,72,87,94,95,96,97,98,99,100,101,102,103,104,105,106,110,112,113,114,115,116,117,118,119,120,121,129,133,134,135,138,147,150,156,186,225,228,229,254,259,262,264,327,332,335,336,341,343,345,371,382,402,421,422,428,436,438,439,505,519,527,622,626,639,780,781,798,821,931,935,984,1006,1007,1203,
136;0;9136;9180;1;32,44,48,54,70,71,72,87,94,95,96,97,98,99,100,101,104,105,112,113,114,115,116,117,118,119,120,121,129,133,134,135,138,150,156,186,225,228,229,254,259,262,264,272,327,332,335,336,341,343,345,371,382,385,402,414,415,416,417,418,419,421,422,428,436,438,439,505,519,527,622,626,639,780,781,798,821,931,935,1203,
136;1;9180;9284;1;32,44,48,54,70,71,72,87,94,95,96,97,98,99,100,101,104,105,112,113,114,115,116,117,118,119,120,121,129,133,134,135,138,150,156,186,225,228,229,254,259,262,264,272,327,332,335,336,341,343,345,371,382,385,402,414,415,416,417,418,419,421,422,428,436,438,439,505,519,527,622,626,639,780,781,798,821,931,935,1203,
733;0;9284;9351;0;32,44,54,70,71,72,87,105,112,113,114,123,125,129,138,186,263,272,317,327,335,336,341,343,344,345,385,410,414,415,416,417,418,419,420,421,422,428,465,519,605,621,626,639,778,779,780,781,782,783,784,785,786,787,788,789,790,791,792,793,794,795,796,797,798,799,800,801,821,935,961,1098,1099,1100,1101,1102,1103,1104,1105,1106,
733;1;9351;9455;0;32,44,54,70,71,72,87,105,112,113,114,123,125,129,138,186,263,272,317,327,335,336,341,343,344,345,385,410,414,415,416,417,418,419,420,421,422,428,465,519,605,621,626,639,778,779,780,781,782,783,784,785,786,787,788,789,790,791,792,793,794,795,796,797,798,799,800,801,821,935,961,1098,1099,1100,1101,1102,1103,1104,1105,1106,
32;0;9455;9559;0;32,44,54,70,71,72,87,105,112,113,114,123,125,129,138,186,263,272,317,327,335,336,341,343,344,345,385,410,414,415,416,417,418,419,420,421,422,428,465,519,605,621,626,639,778,779,780,781,782,783,784,785,786,787,788,789,790,791,792,793,794,795,796,797,798,799,800,801,821,935,961,1098,1099,1100,1101,1102,1103,1104,1105,1106,
371;0;9559;9577;1;32,44,54,70,71,72,87,105,112,113,114,123,125,129,138,186,263,272,317,327,335,336,341,343,344,345,385,410,414,415,416,417,418,419,420,421,422,428,465,519,605,621,626,639,778,779,780,781,782,783,784,785,786,787,788,789,790,791,792,793,794,795,796,797,798,799,800,801,821,935,961,1098,1099,1100,1101,1102,1103,1104,1105,1106,
371;1;9577;9708;1;32,44,54,70,71,72,87,105,112,113,114,123,125,129,138,186,263,272,317,327,335,336,341,343,344,345,385,410,414,415,416,417,418,419,420,421,422,428,465,519,605,621,626,639,778,779,780,781,782,783,784,785,786,787,788,789,790,791,792,793,794,795,796,797,798,799,800,801,821,935,961,1098,1099,1100,1101,1102,1103,1104,1105,1106,
699;0;9708;9757;1;32,44,54,70,71,72,87,105,112,113,114,123,125,129,138,186,263,272,317,327,335,336,341,343,344,345,385,410,414,415,416,417,418,419,420,421,422,428,465,519,605,621,626,639,778,779,780,781,782,783,784,785,786,787,788,789,790,791,792,793,794,795,796,797,798,799,800,801,821,935,961,1098,1099,1100,1101,1102,1103,1104,1105,1106,
699;1;9757;9858;1;32,44,54,70,71,72,87,105,112,113,114,123,125,129,138,186,263,272,317,327,335,336,341,343,344,345,385,410,414,415,416,417,418,419,420,421,422,428,465,519,605,621,626,639,778,779,780,781,782,783,784,785,786,787,788,789,790,791,792,793,794,795,796,797,798,799,800,801,821,935,961,1098,1099,1100,1101,1102,1103,1104,1105,1106,
646;0;9858;9869;1;32,44,54,70,71,72,87,105,112,113,114,123,125,129,138,186,263,272,317,327,335,336,341,343,344,345,385,410,414,415,416,417,418,419,420,421,422,428,465,519,605,621,626,639,778,779,780,781,782,783,784,785,786,787,788,789,790,791,792,793,794,795,796,797,798,799,800,801,821,935,961,1098,1099,1100,1101,1102,1103,1104,1105,1106,
646;1;9869;10012;1;32,44,54,70,71,72,87,105,112,113,114,123,125,129,138,186,263,272,317,327,335,336,341,343,344,345,385,410,414,415,416,417,418,419,420,421,422,428,465,519,605,621,626,639,778,779,780,781,782,783,784,785,786,787,788,789,790,791,792,793,794,795,796,797,798,799,800,801,821,935,961,1098,1099,1100,1101,1102,1103,1104,1105,1106,
Machine: 3
676;0;0;12;1;2,32,51,70,87,94,105,110,115,125,129,138,143,186,190,192,197,198,234,245,246,247,249,332,335,336,344,345,360,371,401,408,410,448,476,498,527,626,632,639,778,781,795,801,802,803,804,805,806,807,808,809,810,1037,1088,1103,1263,1264,1267,1284,1287,1290,1293,1318,1319,1320,1321,1322,1323,1324,1325,1326,1327,1328,1329,1330,1331,1332,1333,1334,
676;1;12;27;1;2,32,51,70,87,94,105,110,115,125,129,138,143,186,190,192,197,198,234,245,246,247,249,332,335,336,344,345,360,371,401,408,410,448,476,498,527,626,632,639,778,781,795,801,802,803,804,805,806,807,808,809,810,1037,1088,1103,1263,1264,1267,1284,1287,1290,1293,1318,1319,1320,1321,1322,1323,1324,1325,1326,1327,1328,1329,1330,1331,1332,1333,1334,
309;0;27;82;1;2,32,51,70,87,94,105,110,115,125,129,138,143,186,190,192,197,198,234,245,246,247,249,332,335,336,344,345,360,371,401,408,410,448,476,498,527,626,632,639,778,781,795,801,802,803,804,805,806,807,808,809,810,1037,1088,1103,1263,1264,1267,1284,1287,1290,1293,1318,1319,1320,1321,1322,1323,1324,1325,1326,1327,1328,1329,1330,1331,1332,1333,1334,
309;1;82;97;1;2,32,51,70,87,94,105,110,115,125,129,138,143,186,190,192,197,198,234,245,246,247,249,332,335,336,344,345,360,371,401,408,410,448,476,498,527,626,632,639,778,781,795,801,802,803,804,805,806,807,808,809,810,1037,1088,1103,1263,1264,1267,1284,1287,1290,1293,1318,1319,1320,1321,1322,1323,1324,1325,1326,1327,1328,1329,1330,1331,1332,1333,1334,
269;0;97;146;1;2,32,51,70,87,94,105,110,115,125,129,138,143,186,190,192,197,198,234,245,246,247,249,332,335,336,344,345,360,371,401,408,410,448,476,498,527,626,632,639,778,781,795,801,802,803,804,805,806,807,808,809,810,1037,1088,1103,1263,1264,1267,1284,1287,1290,1293,1318,1319,1320,1321,1322,1323,1324,1325,1326,1327,1328,1329,1330,1331,1332,1333,1334,
269;1;146;170;1;2,32,51,70,87,94,105,110,115,125,129,138,143,186,190,192,197,198,234,245,246,247,249,332,335,336,344,345,360,371,401,408,410,448,476,498,527,626,632,639,778,781,795,801,802,803,804,805,806,807,808,809,810,1037,1088,1103,1263,1264,1267,1284,1287,1290,1293,1318,1319,1320,1321,1322,1323,1324,1325,1326,1327,1328,1329,1330,1331,1332,1333,1334,
264;0;170;198;1;2,32,51,70,87,94,105,110,115,125,129,138,143,186,190,192,197,198,234,245,246,247,249,332,335,336,344,345,360,371,401,408,410,448,476,498,527,626,632,639,778,781,795,801,802,803,804,805,806,807,808,809,810,1037,1088,1103,1263,1264,1267,1284,1287,1290,1293,1318,1319,1320,1321,1322,1323,1324,1325,1326,1327,1328,1329,1330,1331,1332,1333,1334,
264;1;198;248;1;2,32,51,70,87,94,105,110,115,125,129,138,143,186,190,192,197,198,234,245,246,247,249,332,335,336,344,345,360,371,401,408,410,448,476,498,527,626,632,639,778,781,795,801,802,803,804,805,806,807,808,809,810,1037,1088,1103,1263,1264,1267,1284,1287,1290,1293,1318,1319,1320,1321,1322,1323,1324,1325,1326,1327,1328,1329,1330,1331,1332,1333,1334,
301;0;248;281;1;32,125,129,138,190,192,332,336,344,345,360,408,410,448,476,498,527,626,632,639,778,781,795,801,1037,1088,1103,1267,1284,1287,1290,1293,1318,1319,1320,1321,1322,1323,1324,1325,1326,1327,1328,1329,1330,1331,1332,1333,1334,1335,1336,1337,1338,1339,1340,1341,1342,1343,1344,1345,1346,1347,1348,1349,1350,1351,1352,1353,1354,1355,1356,1357,1358,1359,1360,1361,1362,1363,1364,1365,
301;1;281;360;1;32,125,129,138,190,192,332,336,344,345,360,408,410,448,476,498,527,626,632,639,778,781,795,801,1037,1088,1103,1267,1284,1287,1290,1293,1318,1319,1320,1321,1322,1323,1324,1325,1326,1327,1328,1329,1330,1331,1332,1333,1334,1335,1336,1337,1338,1339,1340,1341,1342,1343,1344,1345,1346,1347,1348,1349,1350,1351,1352,1353,1354,1355,1356,1357,1358,1359,1360,1361,1362,1363,1364,1365,
189;0;360;457;1;32,125,129,138,190,192,332,336,344,345,360,408,410,448,476,498,527,626,632,639,753,754,755,756,757,758,759,760,778,781,795,801,1037,1088,1103,1267,1284,1287,1290,1293,1318,1319,1320,1321,1322,1323,1324,1325,1326,1327,1328,1329,1330,1331,1332,1333,1334,1335,1336,1337,1338,1339,1340,1341,1342,1343,1344,1345,1346,1347,1348,1349,1350,1351,1352,1353,1354,1355,1356,1357,
189;1;457;478;1;32,125,129,138,190,192,332,336,344,345,360,408,410,448,476,498,527,626,632,639,753,754,755,756,757,758,759,760,778,781,795,801,1037,1088,1103,1267,1284,1287,1290,1293,1318,1319,1320,1321,1322,1323,1324,1325,1326,1327,1328,1329,1330,1331,1332,1333,1334,1335,1336,1337,1338,1339,1340,1341,1342,1343,1344,1345,1346,1347,1348,1349,1350,1351,1352,1353,1354,1355,1356,1357,
532;0;478;499;0;32,125,129,138,190,192,332,336,344,345,360,408,410,448,476,498,527,626,632,639,753,754,755,756,757,758,759,760,778,781,795,801,1037,1088,1103,1267,1284,1287,1290,1293,1318,1319,1320,1321,1322,1323,1324,1325,1326,1327,1328,1329,1330,1331,1332,1333,1334,1335,1336,1337,1338,1339,1340,1341,1342,1343,1344,1345,1346,1347,1348,1349,1350,1351,1352,1353,1354,1355,1356,1357,
181;0;499;520;1;32,125,129,138,185,190,192,332,336,344,345,360,408,410,448,476,498,527,626,632,639,753,754,755,756,757,758,759,760,778,781,795,801,898,1037,1088,1103,1267,1284,1287,1290,1293,1318,1319,1320,1321,1322,1323,1324,1325,1326,1327,1328,1329,1330,1331,1332,1333,1334,1335,1336,1337,1338,1339,1340,1341,1342,1343,1344,1345,1346,1347,1348,1349,1350,1351,1352,1353,1354,1355,
181;1;520;620;1;32,125,129,138,185,190,192,332,336,344,345,360,408,410,448,476,498,527,626,632,639,753,754,755,756,757,758,759,760,778,781,795,801,898,1037,1088,1103,1267,1284,1287,1290,1293,1318,1319,1320,1321,1322,1323,1324,1325,1326,1327,1328,1329,1330,1331,1332,1333,1334,1335,1336,1337,1338,1339,1340,1341,1342,1343,1344,1345,1346,1347,1348,1349,1350,1351,1352,1353,1354,1355,
400;0;620;784;0;32,34,125,138,185,190,192,304,332,336,341,343,345,360,413,422,448,460,461,462,463,464,465,466,467,468,469,470,471,472,473,474,475,476,477,478,479,480,481,482,483,484,485,486,487,488,489,490,491,492,493,494,495,496,497,498,499,500,501,502,503,504,508,509,527,626,875,901,922,929,1031,1032,1033,1034,1035,1036,1037,1038,1103,1322,
43;0;784;882;0;32,34,125,138,185,190,192,304,332,336,341,343,345,360,413,422,448,460,461,462,463,464,465,466,467,468,469,470,471,472,473,474,475,476,477,478,479,480,481,482,483,484,485,486,487,488,489,490,491,492,493,494,495,496,497,498,499,500,501,502,503,504,508,509,527,626,875,901,922,929,1031,1032,1033,1034,1035,1036,1037,1038,1103,1322,
43;1;882;1046;0;32,34,125,138,185,190,192,304,332,336,341,343,345,360,413,422,448,460,461,462,463,464,465,466,467,468,469,470,471,472,473,474,475,476,477,478,479,480,481,482,483,484,485,486,487,488,489,490,491,492,493,494,495,496,497,498,499,500,501,502,503,504,508,509,527,626,875,901,922,929,1031,1032,1033,1034,1035,1036,1037,1038,1103,1322,
586;0;1046;1112;1;32,34,125,138,185,190,192,304,332,336,341,343,345,360,413,422,448,460,461,462,463,464,465,466,467,468,469,470,471,472,473,474,475,476,477,478,479,480,481,482,483,484,485,486,487,488,489,490,491,492,493,494,495,496,497,498,499,500,501,502,503,504,508,509,527,626,875,901,922,929,1031,1032,1033,1034,1035,1036,1037,1038,1103,1322,
586;1;1112;1172;1;32,34,125,138,185,190,192,304,332,336,341,343,345,360,413,422,448,460,461,462,463,464,465,466,467,468,469,470,471,472,473,474,475,476,477,478,479,480,481,482,483,484,485,486,487,488,489,490,491,492,493,494,495,496,497,498,499,500,501,502,503,504,508,509,527,626,875,901,922,929,1031,1032,1033,1034,1035,1036,1037,1038,1103,1322,
431;0;1440;1538;1;32,34,125,138,185,190,192,303,304,332,336,341,343,345,360,413,422,448,460,461,462,463,464,465,466,467,468,469,470,471,472,473,476,477,478,483,484,496,497,498,502,508,509,527,533,537,538,539,540,541,542,543,544,545,546,547,548,549,550,551,552,553,554,555,556,557,558,559,560,561,562,563,564,565,626,929,1031,1035,1103,1322,
431;1;1538;1577;1;32,34,125,138,185,190,192,303,304,332,336,341,343,345,360,413,422,448,460,461,462,463,464,465,466,467,468,469,470,471,472,473,476,477,478,483,484,496,497,498,502,508,509,527,533,537,538,539,540,541,542,543,544,545,546,547,548,549,550,551,552,553,554,555,556,557,558,559,560,561,562,563,564,565,626,929,1031,1035,1103,1322,
162;0;1577;1616;0;32,34,125,138,185,190,192,303,304,332,336,341,343,345,360,413,422,448,460,461,462,463,464,465,466,467,468,469,470,471,472,473,476,477,478,483,484,496,497,498,502,508,509,527,533,537,538,539,540,541,542,543,544,545,546,547,548,549,550,551,552,553,554,555,556,557,558,559,560,561,562,563,564,565,626,929,1031,1035,1103,1322,
24;0;1616;1746;1;32,34,125,138,185,190,192,303,304,332,336,341,343,345,360,378,379,380,381,413,422,448,460,461,462,463,464,465,466,467,468,469,470,471,472,473,476,477,478,483,484,496,497,498,502,508,509,527,533,537,538,539,540,541,542,543,544,545,546,547,548,549,550,551,552,553,554,555,556,557,558,559,560,561,626,929,1031,1035,1103,1322,
24;1;1746;1758;1;32,34,125,138,185,190,192,303,304,332,336,341,343,345,360,378,379,380,381,413,422,448,460,461,462,463,464,465,466,467,468,469,470,471,472,473,476,477,478,483,484,496,497,498,502,508,509,527,533,537,538,539,540,541,542,543,544,545,546,547,548,549,550,551,552,553,554,555,556,557,558,559,560,561,626,929,1031,1035,1103,1322,
572;0;1758;1770;0;32,34,125,138,185,190,192,303,304,332,336,341,343,345,360,378,379,380,381,413,422,448,460,461,462,463,464,465,466,467,468,469,470,471,472,473,476,477,478,483,484,496,497,498,502,508,509,527,533,537,538,539,540,541,542,543,544,545,546,547,548,549,550,551,552,553,554,555,556,557,558,559,560,561,626,929,1031,1035,1103,1322,
366;0;1770;1847;1;32,34,70,71,94,95,96,97,98,99,100,101,102,103,104,105,106,110,125,138,147,185,190,192,303,304,332,336,341,343,345,360,378,379,380,381,413,422,448,460,461,462,463,464,465,466,467,468,469,472,476,477,478,483,484,496,497,498,502,508,509,527,537,538,539,542,543,544,545,546,554,626,929,984,1006,1007,1031,1035,1103,1322,
366;1;1847;1924;1;32,34,70,71,94,95,96,97,98,99,100,101,102,103,104,105,106,110,125,138,147,185,190,192,303,304,332,336,341,343,345,360,378,379,380,381,413,422,448,460,461,462,463,464,465,466,467,468,469,472,476,477,478,483,484,496,497,498,502,508,509,527,537,538,539,542,543,544,545,546,554,626,929,984,1006,1007,1031,1035,1103,1322,
151;0;1924;2029;1;32,34,48,50,58,70,71,94,95,96,97,98,99,100,101,102,103,104,105,106,125,138,143,147,185,190,192,225,304,332,336,341,343,345,360,379,388,413,422,465,478,496,497,498,508,509,527,537,538,543,545,546,554,567,568,569,570,571,572,573,574,575,576,577,578,579,580,581,582,583,584,585,586,587,626,929,1031,1035,1103,1322,
151;1;2029;2081;1;32,34,48,50,58,70,71,94,95,96,97,98,99,100,101,102,103,104,105,106,125,138,143,147,185,190,192,225,304,332,336,341,343,345,360,379,388,413,422,465,478,496,497,498,508,509,527,537,538,543,545,546,554,567,568,569,570,571,572,573,574,575,576,577,578,579,580,581,582,583,584,585,586,587,626,929,1031,1035,1103,1322,
285;0;2081;2133;0;32,34,48,50,58,70,71,94,95,96,97,98,99,100,101,102,103,104,105,106,125,138,143,147,185,190,192,225,304,332,336,341,343,345,360,379,388,413,422,465,478,496,497,498,508,509,527,537,538,543,545,546,554,567,568,569,570,571,572,573,574,575,576,577,578,579,580,581,582,583,584,585,586,587,626,929,1031,1035,1103,1322,
109;0;2133;2185;1;0,1,2,5,32,34,38,45,48,63,70,71,74,105,106,138,147,185,190,192,196,225,235,304,316,332,336,341,345,352,368,369,370,379,385,388,390,392,396,496,497,527,543,546,554,626,686,687,688,689,690,691,692,693,694,695,696,697,704,705,706,707,708,709,710,711,712,713,714,715,716,717,718,719,720,721,1123,1124,1125,1322,
109;1;2185;2294;1;0,1,2,5,32,34,38,45,48,63,70,71,74,105,106,138,147,185,190,192,196,225,235,304,316,332,336,341,345,352,368,369,370,379,385,388,390,392,396,496,497,527,543,546,554,626,686,687,688,689,690,691,692,693,694,695,696,697,704,705,706,707,708,709,710,711,712,713,714,715,716,717,718,719,720,721,1123,1124,1125,1322,
66;0;2294;2298;1;0,1,2,5,32,34,38,45,48,63,70,71,74,105,106,138,147,185,190,192,196,225,235,304,316,332,336,341,345,352,368,369,370,379,385,388,390,392,396,496,497,527,543,546,554,626,686,687,688,689,690,691,692,693,694,695,696,697,704,705,706,707,708,709,710,711,712,713,714,715,716,717,718,719,720,721,1123,1124,1125,1322,
66;1;2298;2459;1;0,1,2,5,32,34,38,45,48,63,70,71,74,105,106,138,147,185,190,192,196,225,235,304,316,332,336,341,345,352,368,369,370,379,385,388,390,392,396,496,497,527,543,546,554,626,686,687,688,689,690,691,692,693,694,695,696,697,704,705,706,707,708,709,710,711,712,713,714,715,716,717,718,719,720,721,1123,1124,1125,1322,
494;0;2459;2598;1;0,1,2,5,32,34,38,45,48,63,70,71,74,105,106,138,147,185,190,192,196,225,235,304,316,332,336,341,345,352,368,369,370,379,385,388,390,392,396,496,497,527,543,546,554,626,686,687,688,689,690,691,692,693,694,695,696,697,704,705,706,707,708,709,710,711,712,713,714,715,716,717,718,719,720,721,1123,1124,1125,1322,
494;1;2598;2631;1;0,1,2,5,32,34,38,45,48,63,70,71,74,105,106,138,147,185,190,192,196,225,235,304,316,332,336,341,345,352,368,369,370,379,385,388,390,392,396,496,497,527,543,546,554,626,686,687,688,689,690,691,692,693,694,695,696,697,704,705,706,707,708,709,710,711,712,713,714,715,716,717,718,719,720,721,1123,1124,1125,1322,
174;0;2631;2659;1;0,1,2,5,32,34,38,45,48,63,70,71,74,105,106,138,147,185,190,192,196,225,235,304,316,332,336,341,345,352,368,369,370,379,385,388,390,392,396,496,497,527,543,546,554,626,686,687,688,689,690,691,692,693,694,695,696,697,704,705,706,707,708,709,710,711,712,713,714,715,716,717,718,719,720,721,1123,1124,1125,1322,
174;1;2659;2807;1;0,1,2,5,32,34,38,45,48,63,70,71,74,105,106,138,147,185,190,192,196,225,235,304,316,332,336,341,345,352,368,369,370,379,385,388,390,392,396,496,497,527,543,546,554,626,686,687,688,689,690,691,692,693,694,695,696,697,704,705,706,707,708,709,710,711,712,713,714,715,716,717,718,719,720,721,1123,1124,1125,1322,
185;0;2807;2955;0;0,1,2,5,32,34,38,45,48,63,70,71,74,105,106,138,147,185,190,192,196,225,235,304,316,332,336,341,345,352,368,369,370,379,385,388,390,392,396,496,497,527,543,546,554,626,686,687,688,689,690,691,692,693,694,695,696,697,704,705,706,707,708,709,710,711,712,713,714,715,716,717,718,719,720,721,1123,1124,1125,1322,
206;0;2955;2988;1;0,1,2,3,5,32,34,38,45,48,63,70,71,74,92,105,106,138,147,185,190,192,196,225,230,235,272,282,286,304,316,332,336,341,345,352,368,369,370,379,385,388,390,392,396,496,497,527,543,546,554,626,686,687,688,696,716,717,721,1011,1126,1127,1128,1129,1130,1131,1132,1133,1134,1135,1136,1137,1138,1139,1140,1141,1142,1143,1144,1322,
206;1;2988;3136;1;0,1,2,3,5,32,34,38,45,48,63,70,71,74,92,105,106,138,147,185,190,192,196,225,230,235,272,282,286,304,316,332,336,341,345,352,368,369,370,379,385,388,390,392,396,496,497,527,543,546,554,626,686,687,688,696,716,717,721,1011,1126,1127,1128,1129,1130,1131,1132,1133,1134,1135,1136,1137,1138,1139,1140,1141,1142,1143,1144,1322,
164;0;3136;3277;1;0,1,2,3,5,32,34,45,48,63,70,71,74,92,105,106,138,147,185,190,192,196,225,230,235,252,272,282,286,304,316,320,332,336,337,341,345,346,347,352,368,385,388,390,392,396,496,497,527,543,546,626,688,696,716,717,721,748,749,750,751,752,1011,1126,1127,1128,1129,1130,1131,1132,1133,1134,1135,1136,1137,1138,1139,1140,1141,1322,
164;1;3277;3322;1;0,1,2,3,5,32,34,45,48,63,70,71,74,92,105,106,138,147,185,190,192,196,225,230,235,252,272,282,286,304,316,320,332,336,337,341,345,346,347,352,368,385,388,390,392,396,496,497,527,543,546,626,688,696,716,717,721,748,749,750,751,752,1011,1126,1127,1128,1129,1130,1131,1132,1133,1134,1135,1136,1137,1138,1139,1140,1141,1322,
320;0;3322;3367;0;0,1,2,3,5,32,34,45,48,63,70,71,74,92,105,106,138,147,185,190,192,196,225,230,235,252,272,282,286,304,316,320,332,336,337,341,345,346,347,352,368,385,388,390,392,396,496,497,527,543,546,626,688,696,716,717,721,748,749,750,751,752,1011,1126,1127,1128,1129,1130,1131,1132,1133,1134,1135,1136,1137,1138,1139,1140,1141,1322,
594;0;3367;3399;1;0,1,2,3,5,32,34,45,48,63,70,71,74,92,105,106,132,134,138,140,147,185,190,192,196,225,230,235,252,272,282,286,304,315,316,317,318,320,325,327,332,336,337,341,345,346,347,352,368,385,388,390,392,396,497,527,543,546,599,626,688,696,716,717,721,931,1011,1126,1127,1128,1129,1135,1137,1141,1322,1458,1459,1460,1461,1462,
594;1;3399;3555;1;0,1,2,3,5,32,34,45,48,63,70,71,74,92,105,106,132,134,138,140,147,185,190,192,196,225,230,235,252,272,282,286,304,315,316,317,318,320,325,327,332,336,337,341,345,346,347,352,368,385,388,390,392,396,497,527,543,546,599,626,688,696,716,717,721,931,1011,1126,1127,1128,1129,1135,1137,1141,1322,1458,1459,1460,1461,1462,
409;0;3555;3685;1;0,2,3,32,34,45,48,63,70,71,72,73,74,75,76,77,78,79,80,81,82,105,106,132,138,140,147,148,185,186,190,192,196,197,198,225,230,235,304,316,327,336,342,346,347,352,368,371,388,390,392,396,397,428,443,445,497,527,543,546,617,626,716,728,802,821,857,1153,1154,1322,1432,1433,1434,1435,1436,1437,1438,1439,1440,1441,
409;1;3685;3747;1;0,2,3,32,34,45,48,63,70,71,72,73,74,75,76,77,78,79,80,81,82,105,106,132,138,140,147,148,185,186,190,192,196,197,198,225,230,235,304,316,327,336,342,346,347,352,368,371,388,390,392,396,397,428,443,445,497,527,543,546,617,626,716,728,802,821,857,1153,1154,1322,1432,1433,1434,1435,1436,1437,1438,1439,1440,1441,
740;0;3747;3809;0;0,2,3,32,34,45,48,63,70,71,72,73,74,75,76,77,78,79,80,81,82,105,106,132,138,140,147,148,185,186,190,192,196,197,198,225,230,235,304,316,327,336,342,346,347,352,368,371,388,390,392,396,397,428,443,445,497,527,543,546,617,626,716,728,802,821,857,1153,1154,1322,1432,1433,1434,1435,1436,1437,1438,1439,1440,1441,
524;0;3809;3927;1;0,2,3,32,34,45,48,63,70,71,72,73,74,75,76,77,78,79,80,81,82,105,106,132,138,140,147,148,185,186,190,192,196,197,198,225,230,235,304,316,327,336,342,346,347,352,368,371,388,390,392,396,397,428,443,445,497,527,543,546,617,626,716,728,802,821,857,1153,1154,1322,1432,1433,1434,1435,1436,1437,1438,1439,1440,1441,
524;1;3927;4004;1;0,2,3,32,34,45,48,63,70,71,72,73,74,75,76,77,78,79,80,81,82,105,106,132,138,140,147,148,185,186,190,192,196,197,198,225,230,235,304,316,327,336,342,346,347,352,368,371,388,390,392,396,397,428,443,445,497,527,543,546,617,626,716,728,802,821,857,1153,1154,1322,1432,1433,1434,1435,1436,1437,1438,1439,1440,1441,
659;0;4004;4156;1;0,2,3,32,34,45,48,63,70,71,72,73,74,75,76,77,78,79,80,81,82,105,106,132,138,140,147,148,185,186,190,192,196,197,198,225,230,235,304,316,327,336,342,346,347,352,368,371,388,390,392,396,397,428,443,445,497,527,543,546,617,626,716,728,802,821,857,1153,1154,1322,1432,1433,1434,1435,1436,1437,1438,1439,1440,1441,
659;1;4156;4200;1;0,2,3,32,34,45,48,63,70,71,72,73,74,75,76,77,78,79,80,81,82,105,106,132,138,140,147,148,185,186,190,192,196,197,198,225,230,235,304,316,327,336,342,346,347,352,368,371,388,390,392,396,397,428,443,445,497,527,543,546,617,626,716,728,802,821,857,1153,1154,1322,1432,1433,1434,1435,1436,1437,1438,1439,1440,1441,
467;0;4200;4244;0;0,2,3,32,34,45,48,63,70,71,72,73,74,75,76,77,78,79,80,81,82,105,106,132,138,140,147,148,185,186,190,192,196,197,198,225,230,235,304,316,327,336,342,346,347,352,368,371,388,390,392,396,397,428,443,445,497,527,543,546,617,626,716,728,802,821,857,1153,1154,1322,1432,1433,1434,1435,1436,1437,1438,1439,1440,1441,
46;0;4320;4348;1;0,2,3,32,34,45,48,63,70,71,72,73,74,75,76,77,78,79,80,81,82,105,106,132,138,140,147,148,185,186,190,192,196,197,198,225,230,235,304,316,327,336,342,346,347,352,368,371,388,390,392,396,397,428,443,445,497,527,543,546,566,617,626,716,728,802,821,857,1153,1154,1322,1432,1433,1434,1435,1436,1437,1438,1439,1440,
46;1;4348;4518;1;0,2,3,32,34,45,48,63,70,71,72,73,74,75,76,77,78,79,80,81,82,105,106,132,138,140,147,148,185,186,190,192,196,197,198,225,230,235,304,316,327,336,342,346,347,352,368,371,388,390,392,396,397,428,443,445,497,527,543,546,566,617,626,716,728,802,821,857,1153,1154,1322,1432,1433,1434,1435,1436,1437,1438,1439,1440,
618;0;4518;4682;0;0,2,3,32,34,45,48,63,70,71,72,73,74,75,76,77,78,79,80,81,82,105,106,132,138,140,147,148,185,186,190,192,196,197,198,225,230,235,304,316,327,336,342,346,347,352,358,368,371,388,390,392,396,397,428,443,445,497,527,543,546,566,617,626,716,728,802,821,857,961,1153,1154,1161,1162,1163,1164,1322,1432,1433,1434,
618;1;4682;4807;0;0,2,3,32,34,45,48,63,70,71,72,73,74,75,76,77,78,79,80,81,82,105,106,132,138,140,147,148,185,186,190,192,196,197,198,225,230,235,304,316,327,336,342,346,347,352,358,368,371,388,390,392,396,397,428,443,445,497,527,543,546,566,617,626,716,728,802,821,857,961,1153,1154,1161,1162,1163,1164,1322,1432,1433,1434,
263;0;4807;4955;0;32,34,42,48,61,64,65,66,67,68,69,70,71,72,105,106,138,149,150,151,153,155,173,182,183,186,194,195,196,197,198,199,200,201,202,203,204,205,206,207,208,209,210,211,212,213,214,215,216,217,218,219,220,221,222,316,342,346,347,403,405,428,520,530,532,546,626,716,780,814,815,816,817,818,819,820,821,822,1029,1030,
263;1;4955;5076;0;32,34,42,48,61,64,65,66,67,68,69,70,71,72,105,106,138,149,150,151,153,155,173,182,183,186,194,195,196,197,198,199,200,201,202,203,204,205,206,207,208,209,210,211,212,213,214,215,216,217,218,219,220,221,222,316,342,346,347,403,405,428,520,530,532,546,626,716,780,814,815,816,817,818,819,820,821,822,1029,1030,
658;0;5076;5218;0;32,34,42,48,61,64,65,66,67,68,69,70,71,72,105,106,138,149,150,151,153,155,173,182,183,186,194,195,196,197,198,199,200,201,202,203,204,205,206,207,208,209,210,211,212,213,214,215,216,217,218,219,220,221,222,316,342,346,347,403,405,428,520,530,532,546,626,716,780,814,815,816,817,818,819,820,821,822,1029,1030,
658;1;5218;5260;0;32,34,42,48,61,64,65,66,67,68,69,70,71,72,105,106,138,149,150,151,153,155,173,182,183,186,194,195,196,197,198,199,200,201,202,203,204,205,206,207,208,209,210,211,212,213,214,215,216,217,218,219,220,221,222,316,342,346,347,403,405,428,520,530,532,546,626,716,780,814,815,816,817,818,819,820,821,822,1029,1030,
137;0;5260;5440;0;32,34,42,48,61,64,65,66,67,68,69,70,71,72,105,106,138,149,150,151,153,155,173,182,183,186,194,195,196,197,198,199,200,201,202,203,204,205,206,207,208,209,210,211,212,213,214,215,216,217,218,219,220,221,222,316,342,346,347,403,405,428,520,530,532,546,626,716,780,814,815,816,817,818,819,820,821,822,1029,1030,
210;0;5440;5615;0;32,34,42,48,61,64,65,66,67,68,69,70,71,72,105,106,138,149,150,151,153,155,173,182,183,186,194,195,196,197,198,199,200,201,202,203,204,205,206,207,208,209,210,211,212,213,214,215,216,217,218,219,220,221,222,316,342,346,347,403,405,428,520,530,532,546,626,716,780,814,815,816,817,818,819,820,821,822,1029,1030,
145;0;5760;5934;0;25,32,34,42,43,48,61,67,70,71,72,105,106,138,149,150,151,153,155,182,183,186,194,195,196,197,198,199,219,220,300,309,316,348,355,428,546,716,930,947,960,964,1039,1040,1041,1042,1043,1044,1045,1046,1047,1048,1049,1050,1051,1052,1053,1054,1055,1056,1057,1058,1059,1060,1061,1062,1063,1064,1065,1066,1067,1068,1069,1070,1071,1072,1073,1074,1075,1076,
103;0;5934;6043;0;25,32,34,42,43,48,61,67,70,71,72,105,106,138,149,150,151,152,153,154,155,156,182,183,186,194,195,196,197,198,199,219,220,224,225,235,251,300,309,316,348,355,374,428,445,447,546,646,716,872,907,908,909,910,911,912,913,914,915,916,917,918,919,920,921,930,947,960,964,1039,1040,1041,1042,1043,1044,1045,1046,1047,1063,1066,
103;1;6043;6105;0;25,32,34,42,43,48,61,67,70,71,72,105,106,138,149,150,151,152,153,154,155,156,182,183,186,194,195,196,197,198,199,219,220,224,225,235,251,300,309,316,348,355,374,428,445,447,546,646,716,872,907,908,909,910,911,912,913,914,915,916,917,918,919,920,921,930,947,960,964,1039,1040,1041,1042,1043,1044,1045,1046,1047,1063,1066,
523;0;6105;6249;0;25,32,34,42,43,48,61,67,70,71,72,105,106,138,149,150,151,152,153,154,155,156,182,183,186,194,195,196,197,198,199,219,220,224,225,235,251,300,309,316,348,355,374,428,445,447,546,646,716,872,907,908,909,910,911,912,913,914,915,916,917,918,919,920,921,930,947,960,964,1039,1040,1041,1042,1043,1044,1045,1046,1047,1063,1066,
523;1;6249;6311;0;25,32,34,42,43,48,61,67,70,71,72,105,106,138,149,150,151,152,153,154,155,156,182,183,186,194,195,196,197,198,199,219,220,224,225,235,251,300,309,316,348,355,374,428,445,447,546,646,716,872,907,908,909,910,911,912,913,914,915,916,917,918,919,920,921,930,947,960,964,1039,1040,1041,1042,1043,1044,1045,1046,1047,1063,1066,
605;0;6311;6481;0;0,2,3,4,17,25,32,44,45,59,63,67,70,72,105,138,150,156,157,186,196,223,224,225,226,227,228,229,230,231,232,233,234,235,236,237,238,239,240,241,242,243,244,254,270,276,277,304,358,366,388,390,392,393,395,396,415,428,527,543,566,961,1155,1156,1157,1158,1159,1160,1161,1162,1163,1164,1166,1167,1168,1169,1190,1231,1232,1233,
207;0;6481;6649;0;0,2,3,4,17,25,32,44,45,59,63,67,70,72,105,138,150,156,157,186,196,223,224,225,226,227,228,229,230,231,232,233,234,235,236,237,238,239,240,241,242,243,244,254,270,276,277,304,358,366,388,390,392,393,395,396,415,428,527,543,566,961,1155,1156,1157,1158,1159,1160,1161,1162,1163,1164,1166,1167,1168,1169,1190,1231,1232,1233,
373;0;6649;6658;0;0,2,3,4,17,25,32,44,45,59,63,67,70,72,105,138,150,156,157,186,196,223,224,225,226,227,228,229,230,231,232,233,234,235,236,237,238,239,240,241,242,243,244,254,270,276,277,304,358,366,388,390,392,393,395,396,415,428,527,543,566,961,1155,1156,1157,1158,1159,1160,1161,1162,1163,1164,1166,1167,1168,1169,1190,1231,1232,1233,
373;1;6658;6809;0;0,2,3,4,17,25,32,44,45,59,63,67,70,72,105,138,150,156,157,186,196,223,224,225,226,227,228,229,230,231,232,233,234,235,236,237,238,239,240,241,242,243,244,254,270,276,277,304,358,366,388,390,392,393,395,396,415,428,527,543,566,961,1155,1156,1157,1158,1159,1160,1161,1162,1163,1164,1166,1167,1168,1169,1190,1231,1232,1233,
650;0;6809;6964;0;0,2,3,4,17,25,32,44,45,59,63,67,70,72,105,138,150,156,157,186,196,223,224,225,226,227,228,229,230,231,232,233,234,235,236,237,238,239,240,241,242,243,244,254,270,276,277,304,358,366,388,390,392,393,395,396,415,428,527,543,566,961,1155,1156,1157,1158,1159,1160,1161,1162,1163,1164,1166,1167,1168,1169,1190,1231,1232,1233,
450;0;6964;7116;0;0,2,3,4,17,25,32,44,45,59,63,67,70,72,105,138,150,156,157,186,196,223,224,225,226,227,228,229,230,231,232,233,234,235,236,237,238,239,240,241,242,243,244,254,270,276,277,304,358,366,388,390,392,393,395,396,415,428,527,543,566,961,1155,1156,1157,1158,1159,1160,1161,1162,1163,1164,1166,1167,1168,1169,1190,1231,1232,1233,
217;0;7116;7266;0;0,2,3,4,17,25,32,44,45,59,63,67,70,72,105,138,150,156,157,186,196,223,224,225,226,227,228,229,230,231,232,233,234,235,236,237,238,239,240,241,242,243,244,254,270,276,277,304,358,366,388,390,392,393,395,396,415,428,527,543,566,961,1155,1156,1157,1158,1159,1160,1161,1162,1163,1164,1166,1167,1168,1169,1190,1231,1232,1233,
735;0;7266;7415;0;0,2,3,4,17,25,32,44,45,59,63,67,70,72,105,138,147,150,156,157,186,196,223,224,225,226,227,228,229,230,231,232,233,234,235,236,237,238,239,240,241,242,243,244,254,270,276,277,304,358,366,388,390,392,393,395,396,415,428,527,543,566,827,828,961,1155,1156,1157,1158,1159,1160,1161,1162,1163,1164,1166,1167,1168,1169,1190,
62;0;7415;7562;0;0,2,3,4,17,25,32,44,45,59,63,67,70,72,105,138,147,150,156,157,185,186,187,188,189,190,191,192,193,196,223,224,225,226,227,228,229,230,231,232,233,234,235,236,237,238,239,240,241,242,243,244,254,270,276,277,304,358,366,388,390,392,393,395,396,415,428,527,543,566,827,828,961,1155,1156,1157,1158,1159,1160,1190,
603;0;7562;7570;0;0,2,3,4,17,25,32,44,45,59,63,67,70,72,105,132,138,140,147,150,156,157,185,186,187,188,189,190,191,192,193,196,223,224,225,226,227,228,229,230,231,232,233,234,235,236,237,238,239,240,241,242,243,244,254,270,276,277,304,327,335,358,366,382,388,390,392,393,395,396,406,415,428,527,543,566,827,961,1028,1190,
603;1;7570;7706;0;0,2,3,4,17,25,32,44,45,59,63,67,70,72,105,132,138,140,147,150,156,157,185,186,187,188,189,190,191,192,193,196,223,224,225,226,227,228,229,230,231,232,233,234,235,236,237,238,239,240,241,242,243,244,254,270,276,277,304,327,335,358,366,382,388,390,392,393,395,396,406,415,428,527,543,566,827,961,1028,1190,
50;0;7706;7845;0;0,2,3,4,17,25,32,44,45,59,63,67,70,72,105,132,138,140,147,150,156,157,185,186,187,188,189,190,191,192,193,196,223,224,225,226,227,228,229,230,231,232,233,234,235,254,270,276,277,327,335,358,366,382,388,390,392,393,395,396,406,428,497,527,543,566,606,607,608,609,610,611,612,613,614,615,616,961,1028,1190,
743;0;7845;7896;0;32,61,70,71,72,94,95,96,97,98,99,100,101,102,103,104,105,106,115,119,138,142,148,149,150,151,152,153,154,155,156,157,158,159,160,161,162,163,164,165,166,167,168,169,170,171,172,173,174,175,176,177,178,179,180,181,182,183,184,197,245,246,247,248,249,250,251,336,507,508,509,874,879,900,929,961,1031,1035,1430,1503,
743;1;7896;7984;0;32,61,70,71,72,94,95,96,97,98,99,100,101,102,103,104,105,106,115,119,138,142,148,149,150,151,152,153,154,155,156,157,158,159,160,161,162,163,164,165,166,167,168,169,170,171,172,173,174,175,176,177,178,179,180,181,182,183,184,197,245,246,247,248,249,250,251,336,507,508,509,874,879,900,929,961,1031,1035,1430,1503,
468;0;7984;8108;0;32,61,70,71,72,94,95,96,97,98,99,100,101,102,103,104,105,106,115,119,138,142,148,149,150,151,152,153,154,155,156,157,158,159,160,161,162,163,164,165,166,167,168,169,170,171,172,173,174,175,176,177,178,179,180,181,182,183,184,197,245,246,247,248,249,250,251,336,507,508,509,874,879,900,929,961,1031,1035,1430,1503,
468;1;8108;8122;0;32,61,70,71,72,94,95,96,97,98,99,100,101,102,103,104,105,106,115,119,138,142,148,149,150,151,152,153,154,155,156,157,158,159,160,161,162,163,164,165,166,167,168,169,170,171,172,173,174,175,176,177,178,179,180,181,182,183,184,197,245,246,247,248,249,250,251,336,507,508,509,874,879,900,929,961,1031,1035,1430,1503,
437;0;8122;8258;0;32,61,70,71,72,94,95,96,97,98,99,100,101,102,103,104,105,106,115,119,138,142,148,149,150,151,152,153,154,155,156,157,158,159,160,161,162,163,164,165,166,167,168,169,170,171,172,173,174,175,176,177,178,179,180,181,182,183,184,197,245,246,247,248,249,250,251,336,507,508,509,874,879,900,929,961,1031,1035,1430,1503,
15;0;8258;8389;0;32,61,70,71,72,94,95,96,97,98,99,100,101,102,103,104,105,106,115,119,138,142,148,149,150,151,152,153,154,155,156,157,158,159,160,161,162,163,164,165,166,167,168,169,170,171,172,173,174,175,176,177,178,179,180,181,182,183,184,197,245,246,247,248,249,250,251,336,507,508,509,874,879,900,929,961,1031,1035,1430,1503,
203;0;8389;8477;0;32,61,70,71,72,94,95,96,97,98,99,100,101,102,103,104,105,106,115,119,138,142,148,149,150,151,152,153,154,155,156,157,158,159,160,161,162,163,164,165,166,167,168,169,170,171,172,173,174,175,176,177,178,179,180,181,182,183,184,197,245,246,247,248,249,250,251,336,507,508,509,874,879,900,929,961,1031,1035,1430,1503,
203;1;8477;8608;0;32,61,70,71,72,94,95,96,97,98,99,100,101,102,103,104,105,106,115,119,138,142,148,149,150,151,152,153,154,155,156,157,158,159,160,161,162,163,164,165,166,167,168,169,170,171,172,173,174,175,176,177,178,179,180,181,182,183,184,197,245,246,247,248,249,250,251,336,507,508,509,874,879,900,929,961,1031,1035,1430,1503,
420;0;8640;8771;0;32,61,70,71,72,94,95,96,97,98,99,100,101,102,103,104,105,106,115,119,138,142,148,149,150,151,152,153,154,155,156,157,158,159,160,161,162,163,164,165,166,167,168,169,170,171,172,173,174,175,176,177,178,179,180,181,182,183,184,197,245,246,247,248,249,250,251,336,605,935,961,1098,1099,1100,1101,1102,1103,1104,1105,1106,
553;0;8771;8905;0;32,61,70,71,72,94,95,96,97,98,99,100,101,102,103,104,105,106,115,119,138,142,148,149,150,151,152,153,154,155,156,157,158,159,160,161,162,163,164,165,166,167,168,169,170,171,172,173,174,175,176,177,178,179,180,181,182,183,184,197,245,246,247,248,249,250,251,336,605,935,961,1098,1099,1100,1101,1102,1103,1104,1105,1106,
553;1;8905;9036;0;32,61,70,71,72,94,95,96,97,98,99,100,101,102,103,104,105,106,115,119,138,142,148,149,150,151,152,153,154,155,156,157,158,159,160,161,162,163,164,165,166,167,168,169,170,171,172,173,174,175,176,177,178,179,180,181,182,183,184,197,245,246,247,248,249,250,251,336,605,935,961,1098,1099,1100,1101,1102,1103,1104,1105,1106,
430;0;9036;9167;0;32,61,70,71,72,94,95,96,97,98,99,100,101,102,103,104,105,106,115,119,138,142,148,149,150,151,152,153,154,155,156,157,158,159,160,161,162,163,164,165,166,167,168,169,170,171,172,173,174,175,176,177,178,179,180,181,182,183,184,197,245,246,247,248,249,250,251,336,605,935,961,1098,1099,1100,1101,1102,1103,1104,1105,1106,
692;0;9167;9288;0;32,48,61,70,71,72,94,95,96,97,98,99,100,101,102,103,104,105,106,115,119,138,142,148,149,150,151,152,153,154,155,156,157,158,159,160,161,162,163,164,165,166,167,168,169,170,171,172,173,174,175,176,177,178,196,197,199,224,336,402,438,440,935,961,1310,1434,1509,1510,1511,1512,1513,1514,1515,1516,1517,1518,1519,1520,1521,1522,
575;0;9288;9403;0;0,2,3,4,32,67,70,71,72,88,104,105,106,138,150,151,155,156,165,197,224,230,234,271,272,286,301,327,336,348,349,350,351,352,353,354,355,356,357,358,359,360,361,362,363,364,365,366,367,368,388,402,803,845,846,847,848,849,850,851,852,853,854,855,856,857,858,859,860,861,862,863,935,1126,1135,1137,1227,1228,1229,1230,
567;0;9403;9512;0;0,2,3,4,32,67,70,71,72,88,104,105,106,138,150,151,155,156,165,197,224,230,234,271,272,286,301,327,336,348,349,350,351,352,353,354,355,356,357,358,359,360,361,362,363,364,365,366,367,368,388,402,803,845,846,847,848,849,850,851,852,853,854,855,856,857,858,859,860,861,862,863,935,1126,1135,1137,1227,1228,1229,1230,
248;0;9512;9587;0;0,2,3,4,32,67,70,71,72,88,104,105,106,138,150,151,155,156,165,197,224,230,234,271,272,286,301,327,336,348,349,350,351,352,353,354,355,356,357,358,359,360,361,362,363,364,365,366,367,368,388,402,803,845,846,847,848,849,850,851,852,853,854,855,856,857,858,859,860,861,862,863,935,1126,1135,1137,1227,1228,1229,1230,
248;1;9587;9616;0;0,2,3,4,32,67,70,71,72,88,104,105,106,138,150,151,155,156,165,197,224,230,234,271,272,286,301,327,336,348,349,350,351,352,353,354,355,356,357,358,359,360,361,362,363,364,365,366,367,368,388,402,803,845,846,847,848,849,850,851,852,853,854,855,856,857,858,859,860,861,862,863,935,1126,1135,1137,1227,1228,1229,1230,
Machine: 4
476;0;0;19;1;42,48,61,70,71,72,105,106,149,150,151,153,155,173,182,183,194,195,196,197,198,199,200,201,202,203,204,205,206,207,208,209,210,211,212,213,214,215,216,217,218,219,220,221,222,225,229,233,235,301,327,348,349,350,351,352,353,354,355,356,357,358,359,360,361,362,363,364,365,366,367,368,436,438,439,864,865,866,867,1165,
476;1;19;55;1;42,48,61,70,71,72,105,106,149,150,151,153,155,173,182,183,194,195,196,197,198,199,200,201,202,203,204,205,206,207,208,209,210,211,212,213,214,215,216,217,218,219,220,221,222,225,229,233,235,301,327,348,349,350,351,352,353,354,355,356,357,358,359,360,361,362,363,364,365,366,367,368,436,438,439,864,865,866,867,1165,
13;0;55;164;0;42,48,61,70,71,72,105,106,149,150,151,153,155,173,182,183,194,195,196,197,198,199,200,201,202,203,204,205,206,207,208,209,210,211,212,213,214,215,216,217,218,219,220,221,222,225,229,233,235,301,327,348,349,350,351,352,353,354,355,356,357,358,359,360,361,362,363,364,365,366,367,368,436,438,439,864,865,866,867,1165,
13;1;164;344;0;42,48,61,70,71,72,105,106,149,150,151,153,155,173,182,183,194,195,196,197,198,199,200,201,202,203,204,205,206,207,208,209,210,211,212,213,214,215,216,217,218,219,220,221,222,225,229,233,235,301,327,348,349,350,351,352,353,354,355,356,357,358,359,360,361,362,363,364,365,366,367,368,436,438,439,864,865,866,867,1165,
233;0;344;522;0;42,48,61,70,71,72,105,106,149,150,151,153,155,173,182,183,194,195,196,197,198,199,200,201,202,203,204,205,206,207,208,209,210,211,212,213,214,215,216,217,218,219,220,221,222,225,229,233,235,301,327,348,349,350,351,352,353,354,355,356,357,358,359,360,361,362,363,364,365,366,367,368,436,438,439,864,865,866,867,1165,
233;1;522;631;0;42,48,61,70,71,72,105,106,149,150,151,153,155,173,182,183,194,195,196,197,198,199,200,201,202,203,204,205,206,207,208,209,210,211,212,213,214,215,216,217,218,219,220,221,222,225,229,233,235,301,327,348,349,350,351,352,353,354,355,356,357,358,359,360,361,362,363,364,365,366,367,368,436,438,439,864,865,866,867,1165,
678;0;631;736;0;32,42,48,61,70,71,72,105,106,138,149,150,151,153,155,173,182,183,194,195,196,197,198,199,219,220,225,229,233,235,327,340,352,358,360,366,368,436,438,439,482,505,537,538,539,542,543,636,829,830,831,832,833,834,835,836,837,838,839,840,841,842,843,844,864,865,866,867,868,869,870,871,872,873,874,875,876,877,878,879,
678;1;736;873;0;32,42,48,61,70,71,72,105,106,138,149,150,151,153,155,173,182,183,194,195,196,197,198,199,219,220,225,229,233,235,327,340,352,358,360,366,368,436,438,439,482,505,537,538,539,542,543,636,829,830,831,832,833,834,835,836,837,838,839,840,841,842,843,844,864,865,866,867,868,869,870,871,872,873,874,875,876,877,878,879,
483;0;873;1002;0;32,42,48,61,70,71,72,105,106,138,149,150,151,153,155,173,182,183,194,195,196,197,198,199,219,220,225,229,233,235,327,340,352,358,360,366,368,436,438,439,482,505,537,538,539,542,543,636,829,830,831,832,833,834,835,836,837,838,839,840,841,842,843,844,864,865,866,867,868,869,870,871,872,873,874,875,876,877,878,879,
483;1;1002;1139;0;32,42,48,61,70,71,72,105,106,138,149,150,151,153,155,173,182,183,194,195,196,197,198,199,219,220,225,229,233,235,327,340,352,358,360,366,368,436,438,439,482,505,537,538,539,542,543,636,829,830,831,832,833,834,835,836,837,838,839,840,841,842,843,844,864,865,866,867,868,869,870,871,872,873,874,875,876,877,878,879,
693;0;1139;1240;0;32,42,48,61,70,71,72,105,106,138,149,150,151,153,155,173,182,183,194,195,196,197,198,199,219,220,225,229,233,235,327,340,352,358,360,366,368,436,438,439,482,505,537,538,539,542,543,636,829,830,831,832,833,834,835,836,837,838,839,840,841,842,843,844,864,865,866,867,868,869,870,871,872,873,874,875,876,877,878,879,
693;1;1240;1371;0;32,42,48,61,70,71,72,105,106,138,149,150,151,153,155,173,182,183,194,195,196,197,198,199,219,220,225,229,233,235,327,340,352,358,360,366,368,436,438,439,482,505,537,538,539,542,543,636,829,830,831,832,833,834,835,836,837,838,839,840,841,842,843,844,864,865,866,867,868,869,870,871,872,873,874,875,876,877,878,879,
748;0;1371;1422;0;32,42,48,61,70,71,72,105,106,138,149,150,151,153,155,173,182,183,194,195,196,197,198,199,219,220,225,229,233,235,327,340,352,358,360,366,368,436,438,439,482,505,537,538,539,542,543,636,829,830,831,832,833,834,835,836,837,838,839,840,841,842,843,844,864,865,866,867,868,869,870,871,872,873,874,875,876,877,878,879,
748;1;1422;1598;0;32,42,48,61,70,71,72,105,106,138,149,150,151,153,155,173,182,183,194,195,196,197,198,199,219,220,225,229,233,235,327,340,352,358,360,366,368,436,438,439,482,505,537,538,539,542,543,636,829,830,831,832,833,834,835,836,837,838,839,840,841,842,843,844,864,865,866,867,868,869,870,871,872,873,874,875,876,877,878,879,
348;0;1598;1691;0;32,42,48,61,70,71,72,105,106,138,149,150,151,153,155,173,182,183,194,195,196,197,198,199,219,220,225,229,233,235,252,253,263,264,265,269,320,327,332,337,340,345,352,358,360,366,368,436,438,439,482,484,497,505,537,538,539,542,543,636,651,662,663,664,665,666,667,829,830,831,832,833,834,835,864,867,871,872,874,879,
348;1;1691;1815;0;32,42,48,61,70,71,72,105,106,138,149,150,151,153,155,173,182,183,194,195,196,197,198,199,219,220,225,229,233,235,252,253,263,264,265,269,320,327,332,337,340,345,352,358,360,366,368,436,438,439,482,484,497,505,537,538,539,542,543,636,651,662,663,664,665,666,667,829,830,831,832,833,834,835,864,867,871,872,874,879,
68;0;1815;1868;0;32,42,48,61,70,71,72,105,106,138,149,150,151,153,155,173,182,183,194,195,196,197,198,199,219,220,225,229,233,235,252,253,263,264,265,269,320,327,332,337,340,345,352,358,360,366,368,436,438,439,482,484,497,505,537,538,539,542,543,636,651,662,663,664,665,666,667,698,699,700,701,702,703,829,864,867,871,872,874,879,
68;1;1868;2030;0;32,42,48,61,70,71,72,105,106,138,149,150,151,153,155,173,182,183,194,195,196,197,198,199,219,220,225,229,233,235,252,253,263,264,265,269,320,327,332,337,340,345,352,358,360,366,368,436,438,439,482,484,497,505,537,538,539,542,543,636,651,662,663,664,665,666,667,698,699,700,701,702,703,829,864,867,871,872,874,879,
388;0;2030;2127;0;32,70,72,105,138,148,151,153,197,198,224,225,252,263,299,311,315,320,327,332,335,341,343,345,346,347,358,360,366,393,403,408,443,446,456,482,484,486,496,497,543,620,698,699,700,701,702,703,943,960,961,962,963,964,966,967,968,969,970,971,972,973,974,975,976,977,978,979,980,981,982,1218,1219,1220,1221,1222,1223,1224,1225,1226,
388;1;2127;2289;0;32,70,72,105,138,148,151,153,197,198,224,225,252,263,299,311,315,320,327,332,335,341,343,345,346,347,358,360,366,393,403,408,443,446,456,482,484,486,496,497,543,620,698,699,700,701,702,703,943,960,961,962,963,964,966,967,968,969,970,971,972,973,974,975,976,977,978,979,980,981,982,1218,1219,1220,1221,1222,1223,1224,1225,1226,
313;0;2289;2362;0;32,70,72,105,138,148,151,153,197,198,224,225,252,263,299,311,315,320,327,332,335,341,343,345,346,347,358,360,366,393,403,408,443,446,456,482,484,486,496,497,543,620,698,699,700,701,702,703,943,960,961,962,963,964,966,967,968,969,970,971,972,973,974,975,976,977,978,979,980,981,982,1218,1219,1220,1221,1222,1223,1224,1225,1226,
313;1;2362;2485;0;32,70,72,105,138,148,151,153,197,198,224,225,252,263,299,311,315,320,327,332,335,341,343,345,346,347,358,360,366,393,403,408,443,446,456,482,484,486,496,497,543,620,698,699,700,701,702,703,943,960,961,962,963,964,966,967,968,969,970,971,972,973,974,975,976,977,978,979,980,981,982,1218,1219,1220,1221,1222,1223,1224,1225,1226,
378;0;2485;2607;0;32,70,72,105,138,148,151,153,197,198,224,225,252,263,299,311,315,320,327,332,335,341,343,345,346,347,358,360,366,393,403,408,443,446,456,482,484,486,496,497,543,620,698,699,700,701,702,703,943,960,961,962,963,964,966,967,968,969,970,971,972,973,974,975,976,977,978,979,980,981,982,1218,1219,1220,1221,1222,1223,1224,1225,1226,
378;1;2607;2667;0;32,70,72,105,138,148,151,153,197,198,224,225,252,263,299,311,315,320,327,332,335,341,343,345,346,347,358,360,366,393,403,408,443,446,456,482,484,486,496,497,543,620,698,699,700,701,702,703,943,960,961,962,963,964,966,967,968,969,970,971,972,973,974,975,976,977,978,979,980,981,982,1218,1219,1220,1221,1222,1223,1224,1225,1226,
410;0;2667;2847;0;32,70,72,105,138,148,151,153,197,198,224,225,252,263,299,311,315,320,327,332,335,341,343,345,346,347,358,360,366,393,403,408,443,446,456,482,484,486,496,497,543,620,698,699,700,701,702,703,943,960,961,962,963,964,966,967,968,969,970,971,972,973,974,975,976,977,978,979,980,981,982,1218,1219,1220,1221,1222,1223,1224,1225,1226,
418;0;2847;2888;0;32,70,72,105,138,148,151,153,197,198,224,225,252,263,299,311,315,320,327,332,335,341,343,345,346,347,358,360,366,393,403,408,443,446,456,482,484,486,496,497,543,620,698,699,700,701,702,703,943,960,961,962,963,964,966,967,968,969,970,971,972,973,974,975,976,977,978,979,980,981,982,1218,1219,1220,1221,1222,1223,1224,1225,1226,
418;1;2888;3025;0;32,70,72,105,138,148,151,153,197,198,224,225,252,263,299,311,315,320,327,332,335,341,343,345,346,347,358,360,366,393,403,408,443,446,456,482,484,486,496,497,543,620,698,699,700,701,702,703,943,960,961,962,963,964,966,967,968,969,970,971,972,973,974,975,976,977,978,979,980,981,982,1218,1219,1220,1221,1222,1223,1224,1225,1226,
365;0;3025;3191;0;32,70,72,105,138,148,151,153,197,198,224,225,252,263,299,311,315,320,327,332,335,341,343,345,346,347,358,360,366,393,403,408,443,446,456,482,484,486,496,497,543,620,698,699,700,701,702,703,943,960,961,962,963,964,966,967,968,969,970,971,972,973,974,975,976,977,978,979,980,981,982,1218,1219,1220,1221,1453,1454,1455,1456,1457,
202;0;3191;3355;0;32,34,70,72,105,138,151,153,185,197,198,224,225,252,263,304,311,315,320,327,332,335,341,343,345,346,347,358,366,393,413,422,456,460,461,462,463,464,465,466,467,468,469,470,471,472,473,474,475,476,477,478,479,480,481,482,483,484,485,486,487,488,489,490,491,492,493,494,495,496,497,498,499,500,501,502,503,543,960,961,
65;0;3355;3519;0;32,34,70,72,105,132,138,140,151,153,185,197,198,224,225,252,263,304,310,311,312,313,314,315,316,317,318,319,320,321,322,323,324,325,326,327,328,329,330,331,332,333,335,341,343,345,346,347,358,366,393,413,422,456,460,461,462,463,464,465,466,467,468,469,470,471,472,473,474,477,478,482,484,485,496,497,498,543,960,961,
127;0;3519;3676;0;0,2,3,32,34,57,70,72,92,105,132,138,140,153,156,185,186,187,188,189,190,191,192,193,197,198,224,225,229,230,252,272,282,286,320,327,332,335,343,366,371,372,373,374,375,376,377,378,379,380,381,382,393,406,456,478,543,696,961,1011,1028,1126,1127,1128,1129,1130,1131,1132,1133,1134,1135,1136,1137,1138,1139,1140,1141,1142,1143,1144,
463;0;3676;3818;0;0,2,3,32,34,57,70,72,92,105,132,138,140,153,156,185,186,187,188,189,190,191,192,193,197,198,224,225,229,230,252,272,282,286,320,327,332,335,343,366,371,372,373,374,375,376,377,378,379,380,381,382,393,406,456,478,543,696,961,1011,1028,1126,1127,1128,1129,1130,1131,1132,1133,1134,1135,1136,1137,1138,1139,1140,1141,1142,1143,1144,
463;1;3818;3830;0;0,2,3,32,34,57,70,72,92,105,132,138,140,153,156,185,186,187,188,189,190,191,192,193,197,198,224,225,229,230,252,272,282,286,320,327,332,335,343,366,371,372,373,374,375,376,377,378,379,380,381,382,393,406,456,478,543,696,961,1011,1028,1126,1127,1128,1129,1130,1131,1132,1133,1134,1135,1136,1137,1138,1139,1140,1141,1142,1143,1144,
138;0;3830;3844;0;0,2,3,32,34,57,70,72,92,105,132,138,140,153,156,185,186,187,188,189,190,191,192,193,197,198,224,225,229,230,252,272,282,286,320,327,332,335,343,366,371,372,373,374,375,376,377,378,379,380,381,382,393,406,456,478,543,696,961,1011,1028,1126,1127,1128,1129,1130,1131,1132,1133,1134,1135,1136,1137,1138,1139,1140,1141,1142,1143,1144,
138;1;3844;3980;0;0,2,3,32,34,57,70,72,92,105,132,138,140,153,156,185,186,187,188,189,190,191,192,193,197,198,224,225,229,230,252,272,282,286,320,327,332,335,343,366,371,372,373,374,375,376,377,378,379,380,381,382,393,406,456,478,543,696,961,1011,1028,1126,1127,1128,1129,1130,1131,1132,1133,1134,1135,1136,1137,1138,1139,1140,1141,1142,1143,1144,
472;0;3980;4128;0;0,2,3,32,34,57,70,72,92,105,132,138,140,153,156,185,186,187,188,189,190,191,192,193,197,198,224,225,229,230,252,272,282,286,320,327,332,335,343,366,371,372,373,374,375,376,377,378,379,380,381,382,393,406,456,478,543,696,961,1011,1028,1126,1127,1128,1129,1130,1131,1132,1133,1134,1135,1136,1137,1138,1139,1140,1141,1142,1143,1144,
670;0;4128;4275;0;0,2,3,32,34,57,70,72,92,105,132,138,140,153,156,185,186,187,188,189,190,191,192,193,197,198,224,225,229,230,252,272,282,286,320,327,332,335,343,366,371,372,373,374,375,376,377,378,379,380,381,382,393,406,456,478,543,696,961,1011,1028,1126,1127,1128,1129,1130,1131,1132,1133,1134,1135,1136,1137,1138,1139,1140,1141,1142,1143,1144,
143;0;4320;4393;0;0,2,3,17,18,19,20,21,22,23,24,25,26,27,28,29,30,31,32,33,34,35,36,37,38,39,40,41,42,43,57,70,72,92,105,132,138,140,153,156,185,186,187,188,189,190,191,192,193,197,198,224,225,229,230,252,272,282,286,320,327,332,335,343,366,371,374,379,382,393,406,456,478,543,696,961,1126,1135,1137,1141,
143;1;4393;4458;0;0,2,3,17,18,19,20,21,22,23,24,25,26,27,28,29,30,31,32,33,34,35,36,37,38,39,40,41,42,43,57,70,72,92,105,132,138,140,153,156,185,186,187,188,189,190,191,192,193,197,198,224,225,229,230,252,272,282,286,320,327,332,335,343,366,371,374,379,382,393,406,456,478,543,696,961,1126,1135,1137,1141,
155;0;4458;4589;0;0,2,3,17,18,19,20,21,22,23,24,25,26,27,28,29,30,31,32,33,34,35,36,37,38,39,42,43,57,70,72,92,105,132,138,140,153,156,186,187,197,198,224,225,229,230,252,286,320,327,332,335,343,366,371,374,379,382,393,406,456,478,543,605,696,935,961,1098,1099,1100,1101,1102,1103,1104,1105,1106,1126,1135,1137,1141,
732;0;4589;4720;0;0,2,3,17,18,19,20,21,22,23,24,25,26,27,28,29,30,31,32,33,34,35,36,37,38,39,42,43,57,70,72,92,94,105,115,132,138,140,153,156,186,187,197,198,224,225,229,230,245,246,247,248,249,250,251,252,286,320,327,332,335,343,366,371,374,379,382,393,406,456,478,543,605,696,935,961,1126,1135,1137,1141,
82;0;4720;4841;0;0,2,3,17,18,19,20,21,22,23,24,25,26,27,28,29,30,31,32,33,34,35,36,37,38,39,42,43,57,70,72,92,94,105,115,132,138,140,153,156,186,187,197,198,224,225,229,230,245,246,251,252,286,320,327,332,335,343,366,371,374,379,382,393,402,406,436,444,456,478,543,605,696,777,935,961,1126,1135,1137,1141,
453;0;4841;4862;0;0,2,3,17,18,19,20,21,22,23,24,25,26,27,28,29,30,31,32,33,34,35,36,37,38,39,42,43,57,70,72,92,94,105,115,132,138,140,153,156,186,187,197,198,224,225,229,230,245,246,251,252,286,320,327,332,335,343,366,371,374,379,382,393,402,406,436,444,456,478,543,605,696,777,935,961,1126,1135,1137,1141,
453;1;4862;4983;0;0,2,3,17,18,19,20,21,22,23,24,25,26,27,28,29,30,31,32,33,34,35,36,37,38,39,42,43,57,70,72,92,94,105,115,132,138,140,153,156,186,187,197,198,224,225,229,230,245,246,251,252,286,320,327,332,335,343,366,371,374,379,382,393,402,406,436,444,456,478,543,605,696,777,935,961,1126,1135,1137,1141,
423;0;4983;5025;0;25,32,34,70,71,78,91,94,95,96,97,98,99,100,101,102,103,104,105,106,110,129,147,176,252,320,332,343,428,449,450,451,452,453,454,455,456,457,458,459,656,657,658,659,847,874,899,900,901,902,903,904,905,914,984,991,1006,1007,1191,1200,1410,1411,1412,1413,1414,1415,1416,1417,1418,1419,1420,1421,1422,1423,1424,1425,1426,1427,1428,1429,
423;1;5025;5087;0;25,32,34,70,71,78,91,94,95,96,97,98,99,100,101,102,103,104,105,106,110,129,147,176,252,320,332,343,428,449,450,451,452,453,454,455,456,457,458,459,656,657,658,659,847,874,899,900,901,902,903,904,905,914,984,991,1006,1007,1191,1200,1410,1411,1412,1413,1414,1415,1416,1417,1418,1419,1420,1421,1422,1423,1424,1425,1426,1427,1428,1429,
57;0;5087;5185;0;25,32,34,70,71,78,91,94,95,96,97,98,99,100,101,102,103,104,105,106,110,129,147,176,252,320,332,343,428,449,450,451,452,453,454,455,456,457,458,459,656,657,658,659,847,874,899,900,901,902,903,904,905,914,984,991,1006,1007,1191,1200,1410,1411,1412,1413,1414,1415,1416,1417,1418,1419,1420,1421,1422,1423,1424,1425,1426,1427,1428,1429,
528;0;5185;5251;0;25,32,34,70,71,78,91,94,95,96,97,98,99,100,101,102,103,104,105,106,110,129,147,176,252,320,332,343,428,449,450,451,452,453,454,455,456,457,458,459,656,657,658,659,847,874,899,900,901,902,903,904,905,914,984,991,1006,1007,1191,1200,1410,1411,1412,1413,1414,1415,1416,1417,1418,1419,1420,1421,1422,1423,1424,1425,1426,1427,1428,1429,
528;1;5251;5273;0;25,32,34,70,71,78,91,94,95,96,97,98,99,100,101,102,103,104,105,106,110,129,147,176,252,320,332,343,428,449,450,451,452,453,454,455,456,457,458,459,656,657,658,659,847,874,899,900,901,902,903,904,905,914,984,991,1006,1007,1191,1200,1410,1411,1412,1413,1414,1415,1416,1417,1418,1419,1420,1421,1422,1423,1424,1425,1426,1427,1428,1429,
547;0;5273;5350;0;25,32,34,70,71,78,91,94,95,96,97,98,99,100,101,102,103,104,105,106,110,129,147,176,252,320,332,343,428,449,450,451,452,453,454,455,456,457,458,459,656,657,658,659,847,874,899,900,901,902,903,904,905,914,984,991,1006,1007,1191,1200,1410,1411,1412,1413,1414,1415,1416,1417,1418,1419,1420,1421,1422,1423,1424,1425,1426,1427,1428,1429,
685;0;5350;5426;0;25,32,34,70,71,78,91,94,95,96,97,98,99,100,101,102,103,104,105,106,110,129,147,176,252,320,332,343,428,449,450,451,452,453,454,455,456,457,458,459,656,657,658,659,847,874,899,900,901,902,903,904,905,914,984,991,1006,1007,1191,1200,1410,1411,1412,1413,1414,1415,1416,1417,1418,1419,1420,1421,1422,1423,1424,1425,1426,1427,1428,1429,
38;0;5426;5546;0;25,32,34,70,71,78,91,94,95,96,97,98,99,100,101,102,103,104,105,106,110,129,147,176,252,320,332,343,428,449,450,451,452,453,454,455,456,457,458,459,656,657,658,659,847,874,899,900,901,902,903,904,905,914,984,991,1006,1007,1191,1200,1410,1411,1412,1413,1414,1415,1416,1417,1418,1419,1420,1421,1422,1423,1424,1425,1426,1427,1428,1429,
38;1;5546;5622;0;25,32,34,70,71,78,91,94,95,96,97,98,99,100,101,102,103,104,105,106,110,129,147,176,252,320,332,343,428,449,450,451,452,453,454,455,456,457,458,459,656,657,658,659,847,874,899,900,901,902,903,904,905,914,984,991,1006,1007,1191,1200,1410,1411,1412,1413,1414,1415,1416,1417,1418,1419,1420,1421,1422,1423,1424,1425,1426,1427,1428,1429,
633;0;5760;5796;0;25,32,34,70,71,78,91,94,95,96,97,98,99,100,101,102,103,104,105,106,110,129,147,176,252,261,320,332,343,428,449,450,451,452,453,454,455,456,457,458,459,478,527,537,538,543,545,636,656,657,658,659,829,847,874,899,900,901,902,903,904,905,914,960,961,984,991,993,994,995,996,997,998,999,1000,1001,1006,1007,1191,1200,
633;1;5796;5830;0;25,32,34,70,71,78,91,94,95,96,97,98,99,100,101,102,103,104,105,106,110,129,147,176,252,261,320,332,343,428,449,450,451,452,453,454,455,456,457,458,459,478,527,537,538,543,545,636,656,657,658,659,829,847,874,899,900,901,902,903,904,905,914,960,961,984,991,993,994,995,996,997,998,999,1000,1001,1006,1007,1191,1200,
228;0;5830;5882;0;2,25,32,34,51,70,71,78,87,91,94,95,96,97,98,99,100,101,102,103,104,105,106,110,129,143,147,176,198,234,252,261,320,332,343,371,401,428,449,450,451,452,453,454,455,456,457,458,459,478,527,537,538,543,545,636,656,657,658,659,802,803,804,805,806,807,808,809,810,829,847,874,899,900,914,961,991,1007,1191,1200,
228;1;5882;5897;0;2,25,32,34,51,70,71,78,87,91,94,95,96,97,98,99,100,101,102,103,104,105,106,110,129,143,147,176,198,234,252,261,320,332,343,371,401,428,449,450,451,452,453,454,455,456,457,458,459,478,527,537,538,543,545,636,656,657,658,659,802,803,804,805,806,807,808,809,810,829,847,874,899,900,914,961,991,1007,1191,1200,
462;0;5897;5960;0;2,25,32,34,51,70,71,78,87,91,94,95,96,97,98,99,100,101,102,103,104,105,106,110,122,123,124,125,126,127,128,129,130,131,132,133,134,135,136,137,138,139,140,141,143,147,176,198,234,252,261,320,332,343,371,401,428,449,450,451,452,453,456,458,478,527,537,538,543,545,636,802,874,900,914,961,991,1007,1191,1200,
490;0;5960;6022;0;2,32,42,48,70,71,72,78,87,105,106,127,129,130,132,133,134,135,136,138,140,150,152,154,155,156,176,182,183,194,195,196,197,198,199,219,220,224,225,235,251,252,320,332,343,371,374,401,428,445,447,458,478,527,537,538,543,545,646,802,872,907,908,909,910,911,912,913,914,915,916,917,918,919,920,921,991,1007,1191,1200,
368;0;6022;6066;0;2,32,42,61,70,71,72,78,87,105,106,127,129,130,132,133,134,135,136,138,142,149,150,151,152,153,154,155,156,157,158,159,160,161,162,163,164,165,166,167,168,169,170,171,172,173,174,175,176,177,178,179,180,181,182,183,184,194,197,198,224,252,320,332,401,428,445,447,458,478,527,537,538,543,545,646,991,1007,1191,1200,
368;1;6066;6080;0;2,32,42,61,70,71,72,78,87,105,106,127,129,130,132,133,134,135,136,138,142,149,150,151,152,153,154,155,156,157,158,159,160,161,162,163,164,165,166,167,168,169,170,171,172,173,174,175,176,177,178,179,180,181,182,183,184,194,197,198,224,252,320,332,401,428,445,447,458,478,527,537,538,543,545,646,991,1007,1191,1200,
173;0;6080;6238;0;2,32,42,61,70,71,72,78,87,105,106,127,129,130,132,133,134,135,136,138,142,149,150,151,152,153,154,155,156,157,158,159,160,161,162,163,164,165,166,167,168,169,170,171,172,173,174,175,176,177,178,179,180,181,182,183,184,194,197,198,224,252,320,332,401,428,445,447,458,478,527,537,538,543,545,646,991,1007,1191,1200,
173;1;6238;6252;0;2,32,42,61,70,71,72,78,87,105,106,127,129,130,132,133,134,135,136,138,142,149,150,151,152,153,154,155,156,157,158,159,160,161,162,163,164,165,166,167,168,169,170,171,172,173,174,175,176,177,178,179,180,181,182,183,184,194,197,198,224,252,320,332,401,428,445,447,458,478,527,537,538,543,545,646,991,1007,1191,1200,
160;0;6252;6303;0;2,32,42,61,70,71,72,78,87,105,106,127,129,130,132,133,134,135,136,138,142,149,150,151,152,153,154,155,156,157,158,159,160,161,162,163,164,165,170,173,194,197,198,224,252,253,263,264,265,269,320,332,337,345,401,428,445,447,458,478,484,497,527,537,538,543,545,646,651,662,663,664,665,666,667,906,991,1007,1191,1200,
112;0;6303;6353;0;2,32,42,61,70,71,72,78,87,105,106,127,129,130,132,133,134,135,136,138,142,149,150,151,152,153,154,155,156,157,158,159,160,161,162,163,164,165,170,173,186,194,197,198,224,252,253,263,264,265,269,320,332,335,337,345,401,428,445,447,448,458,478,484,497,527,537,538,543,545,646,651,662,663,664,665,991,1007,1191,1200,
77;0;6353;6398;0;2,32,42,61,70,71,72,78,87,105,106,127,129,130,132,133,134,135,136,138,142,149,150,151,152,153,154,155,156,157,158,159,160,161,165,170,173,186,194,197,198,224,252,253,263,264,265,269,320,332,335,337,345,346,347,401,428,445,447,448,458,478,496,497,527,537,538,543,545,646,651,748,749,750,751,752,991,1007,1191,1200,
537;0;6398;6442;0;2,32,42,61,70,71,72,78,87,105,106,127,129,130,132,133,134,135,136,138,149,150,151,153,154,155,156,157,165,173,186,194,197,198,224,252,253,263,264,265,269,320,327,332,335,337,344,345,346,347,358,360,366,401,421,428,445,447,448,458,478,518,527,537,538,543,545,548,607,608,610,646,654,991,1007,1150,1151,1152,1191,1200,
220;0;6442;6483;0;32,70,92,129,130,133,134,135,136,138,165,186,264,303,327,332,335,360,382,385,386,387,388,389,390,391,392,393,394,395,396,397,398,399,400,401,412,428,448,478,498,518,527,533,537,538,539,540,541,542,543,544,545,546,547,548,549,550,551,552,553,554,555,556,557,558,559,560,561,562,563,564,565,627,654,677,823,824,825,826,
45;0;6483;6522;0;32,70,92,129,130,133,134,135,136,138,165,186,264,303,327,332,335,360,382,385,386,387,388,389,390,391,392,393,394,395,396,397,398,399,400,401,412,428,448,478,498,518,527,533,537,538,539,540,541,542,543,544,545,546,547,548,549,550,551,552,553,554,555,556,557,558,559,560,561,562,563,564,565,627,654,677,823,824,825,826,
582;0;6522;6558;0;32,70,92,129,130,133,134,135,136,138,165,186,264,303,327,332,335,360,382,385,386,387,388,389,390,391,392,393,394,395,396,397,398,399,400,401,412,428,448,478,498,518,527,533,537,538,539,540,541,542,543,544,545,546,547,548,549,550,551,552,553,554,555,556,557,558,559,560,561,562,563,564,565,627,654,677,823,824,825,826,
375;0;7200;7232;0;32,70,92,129,130,133,134,135,136,138,165,186,264,303,316,327,332,335,336,360,382,385,386,387,388,389,390,391,392,393,394,395,396,397,398,399,400,401,408,412,428,448,472,478,498,518,519,527,533,537,546,554,555,622,625,626,627,639,654,717,721,781,798,931,1063,1203,1204,1205,1206,1207,1208,1209,1210,1211,1212,1213,1214,1215,1216,1217,
675;0;7232;7259;0;32,70,92,129,130,133,134,135,136,138,165,186,254,264,303,316,327,332,335,336,360,382,385,386,387,388,389,390,391,392,393,394,395,396,397,398,399,400,401,408,412,428,448,472,478,498,518,519,522,527,533,537,546,554,555,622,625,626,627,629,639,654,717,721,763,781,798,811,812,813,931,1063,1203,1204,1205,1206,1207,1208,1209,1210,
380;0;7259;7271;0;32,70,92,129,130,133,134,135,136,138,165,186,254,264,303,316,327,332,335,336,360,382,385,386,387,388,389,390,391,392,393,394,395,396,397,398,399,400,401,408,412,428,448,472,478,498,518,519,522,527,533,537,546,554,555,622,625,626,627,629,639,654,717,721,763,780,781,798,811,812,813,821,931,932,933,934,935,1063,1203,1204,
522;0;7271;7275;0;32,70,72,92,105,129,130,133,134,135,136,138,165,186,254,264,303,316,327,332,335,336,360,382,385,386,387,388,389,390,391,392,393,394,395,396,397,398,399,400,401,408,412,428,448,472,478,498,518,519,522,527,533,537,546,554,555,622,625,626,627,629,639,654,717,721,763,780,781,798,811,812,813,821,931,932,933,949,1007,1203,
4;0;7275;7311;1;2,32,70,71,72,73,74,75,76,77,78,79,80,81,82,92,105,129,130,133,134,135,136,138,165,186,254,264,303,316,327,332,335,336,360,382,385,386,387,388,389,390,391,392,393,394,395,396,397,398,399,400,401,408,412,428,448,518,519,522,527,533,546,554,555,622,625,626,627,629,639,654,717,721,763,780,821,931,949,1203,
4;1;7311;7355;1;2,32,70,71,72,73,74,75,76,77,78,79,80,81,82,92,105,129,130,133,134,135,136,138,165,186,254,264,303,316,327,332,335,336,360,382,385,386,387,388,389,390,391,392,393,394,395,396,397,398,399,400,401,408,412,428,448,518,519,522,527,533,546,554,555,622,625,626,627,629,639,654,717,721,763,780,821,931,949,1203,
434;0;7355;7407;1;2,32,44,54,70,71,72,73,74,75,76,77,78,79,80,81,82,87,92,105,112,113,114,115,116,117,118,119,120,121,129,130,133,134,135,136,138,186,254,264,316,327,332,335,336,382,385,388,390,392,393,396,397,400,408,412,428,518,519,522,527,533,546,554,555,622,625,626,627,629,639,654,717,721,763,780,821,931,949,1203,
434;1;7407;7437;1;2,32,44,54,70,71,72,73,74,75,76,77,78,79,80,81,82,87,92,105,112,113,114,115,116,117,118,119,120,121,129,130,133,134,135,136,138,186,254,264,316,327,332,335,336,382,385,388,390,392,393,396,397,400,408,412,428,518,519,522,527,533,546,554,555,622,625,626,627,629,639,654,717,721,763,780,821,931,949,1203,
222;0;7437;7467;0;2,32,44,54,70,71,72,73,74,75,76,77,78,79,80,81,82,87,92,105,112,113,114,115,116,117,118,119,120,121,129,130,133,134,135,136,138,186,254,264,316,327,332,335,336,382,385,388,390,392,393,396,397,400,408,412,428,518,519,522,527,533,546,554,555,622,625,626,627,629,639,654,717,721,763,780,821,931,949,1203,
704;0;7467;7501;1;2,32,44,54,70,71,72,73,74,75,76,77,78,79,80,81,82,87,92,105,112,113,114,115,116,117,118,119,129,133,134,135,136,138,186,254,264,316,327,332,335,336,382,385,388,390,392,393,396,397,400,408,412,423,424,425,428,518,519,522,527,533,546,554,555,622,625,626,627,629,639,654,717,721,763,780,821,931,949,1203,
704;1;7501;7550;1;2,32,44,54,70,71,72,73,74,75,76,77,78,79,80,81,82,87,92,105,112,113,114,115,116,117,118,119,129,133,134,135,136,138,186,254,264,316,327,332,335,336,382,385,388,390,392,393,396,397,400,408,412,423,424,425,428,518,519,522,527,533,546,554,555,622,625,626,627,629,639,654,717,721,763,780,821,931,949,1203,
256;0;7550;7580;1;32,42,70,71,72,105,106,129,135,136,138,150,151,155,186,194,197,198,224,226,229,254,316,327,332,335,336,382,393,397,408,412,428,437,442,444,445,447,518,519,522,527,533,546,554,555,622,625,626,627,629,639,646,649,717,721,871,991,1141,1182,1183,1184,1185,1186,1187,1188,1189,1190,1191,1192,1193,1194,1195,1196,1197,1198,1199,1200,1201,1202,
256;1;7580;7637;1;32,42,70,71,72,105,106,129,135,136,138,150,151,155,186,194,197,198,224,226,229,254,316,327,332,335,336,382,393,397,408,412,428,437,442,444,445,447,518,519,522,527,533,546,554,555,622,625,626,627,629,639,646,649,717,721,871,991,1141,1182,1183,1184,1185,1186,1187,1188,1189,1190,1191,1192,1193,1194,1195,1196,1197,1198,1199,1200,1201,1202,
369;0;7637;7688;1;32,42,70,71,72,105,106,129,132,135,136,138,150,151,155,186,194,197,198,224,226,229,254,256,258,316,327,332,335,336,346,347,382,393,397,408,412,428,437,442,444,445,447,506,518,519,520,521,522,523,524,525,526,527,528,529,530,531,532,533,534,535,536,546,554,555,622,625,626,627,629,639,646,649,717,721,871,991,1141,1182,
369;1;7688;7727;1;32,42,70,71,72,105,106,129,132,135,136,138,150,151,155,186,194,197,198,224,226,229,254,256,258,316,327,332,335,336,346,347,382,393,397,408,412,428,437,442,444,445,447,506,518,519,520,521,522,523,524,525,526,527,528,529,530,531,532,533,534,535,536,546,554,555,622,625,626,627,629,639,646,649,717,721,871,991,1141,1182,
351;0;7727;7758;1;32,42,70,71,72,105,106,129,132,135,136,138,148,150,151,155,186,194,197,198,224,226,229,254,256,258,316,327,332,335,336,346,347,371,382,393,397,408,412,428,437,442,443,444,445,447,506,518,519,520,527,530,532,546,554,555,622,625,626,627,629,639,646,649,717,721,802,857,991,1322,1432,1433,1434,1435,1436,1437,1438,1439,1440,1441,
351;1;7758;7820;1;32,42,70,71,72,105,106,129,132,135,136,138,148,150,151,155,186,194,197,198,224,226,229,254,256,258,316,327,332,335,336,346,347,371,382,393,397,408,412,428,437,442,443,444,445,447,506,518,519,520,527,530,532,546,554,555,622,625,626,627,629,639,646,649,717,721,802,857,991,1322,1432,1433,1434,1435,1436,1437,1438,1439,1440,1441,
221;0;7820;7884;1;32,38,70,71,72,105,106,129,132,135,138,148,150,151,155,186,194,197,198,224,226,229,254,256,258,316,327,332,335,336,346,347,352,368,371,382,393,408,412,428,437,442,443,444,445,447,506,519,520,527,546,554,555,622,625,626,627,629,639,646,649,704,705,706,707,708,709,710,711,712,713,714,715,716,717,718,719,720,721,991,
221;1;7884;7917;1;32,38,70,71,72,105,106,129,132,135,138,148,150,151,155,186,194,197,198,224,226,229,254,256,258,316,327,332,335,336,346,347,352,368,371,382,393,408,412,428,437,442,443,444,445,447,506,519,520,527,546,554,555,622,625,626,627,629,639,646,649,704,705,706,707,708,709,710,711,712,713,714,715,716,717,718,719,720,721,991,
251;0;7917;7922;1;32,48,70,71,72,105,106,129,132,135,138,149,150,151,153,155,156,157,186,194,195,196,197,198,217,223,224,225,226,227,228,229,316,327,332,334,335,336,337,338,339,340,341,342,343,344,345,346,347,371,382,393,402,406,408,412,428,436,437,438,439,440,441,442,443,444,445,446,447,519,527,555,936,937,938,939,940,941,942,991,
251;1;7922;8018;1;32,48,70,71,72,105,106,129,132,135,138,149,150,151,153,155,156,157,186,194,195,196,197,198,217,223,224,225,226,227,228,229,316,327,332,334,335,336,337,338,339,340,341,342,343,344,345,346,347,371,382,393,402,406,408,412,428,436,437,438,439,440,441,442,443,444,445,446,447,519,527,555,936,937,938,939,940,941,942,991,
303;0;8018;8137;0;32,48,70,71,72,105,106,129,132,135,138,149,150,151,153,155,156,157,186,194,195,196,197,198,217,223,224,225,226,227,228,229,316,327,332,334,335,336,337,338,339,340,341,342,343,344,345,346,347,371,382,393,402,406,408,412,428,436,437,438,439,440,441,442,443,444,445,446,447,519,527,555,936,937,938,939,940,941,942,991,
303;1;8137;8210;0;32,48,70,71,72,105,106,129,132,135,138,149,150,151,153,155,156,157,186,194,195,196,197,198,217,223,224,225,226,227,228,229,316,327,332,334,335,336,337,338,339,340,341,342,343,344,345,346,347,371,382,393,402,406,408,412,428,436,437,438,439,440,441,442,443,444,445,446,447,519,527,555,936,937,938,939,940,941,942,991,
305;0;8210;8386;0;32,48,70,71,72,105,106,129,132,135,138,149,150,151,153,155,156,157,186,194,195,196,197,198,217,223,224,225,226,227,228,229,316,327,332,334,335,336,337,338,339,340,341,342,343,344,345,346,347,371,382,393,402,406,408,412,428,436,437,438,439,440,441,442,443,444,445,446,447,519,527,555,936,937,938,939,940,941,942,991,
642;0;8386;8482;0;32,48,70,71,72,105,106,129,132,135,138,149,150,151,153,155,156,157,186,194,195,196,197,198,217,223,224,225,226,227,228,229,316,327,332,334,335,336,337,338,339,340,341,342,343,344,345,346,347,371,382,393,402,406,408,412,428,436,437,438,439,440,441,442,443,444,445,446,447,519,527,555,936,937,938,939,940,941,942,991,
147;0;8482;8578;0;32,48,70,71,72,105,106,129,132,135,138,149,150,151,153,155,156,157,186,194,195,196,197,198,217,223,224,225,226,227,228,229,316,327,332,334,335,336,337,338,339,340,341,342,343,344,345,346,347,371,382,393,402,406,408,412,428,436,437,438,439,440,441,442,443,444,445,446,447,519,527,555,936,937,938,939,940,941,942,991,
159;0;8578;8582;1;32,48,70,71,72,105,106,129,132,135,138,149,150,151,153,155,156,157,186,194,195,196,197,198,217,223,224,225,226,227,228,229,316,327,332,334,335,336,337,338,339,340,341,342,343,344,345,346,347,371,382,393,402,406,408,412,428,436,437,438,439,440,441,442,443,444,445,446,447,519,527,555,936,937,938,939,940,941,942,991,
159;1;8582;8681;1;32,48,70,71,72,105,106,129,132,135,138,149,150,151,153,155,156,157,186,194,195,196,197,198,217,223,224,225,226,227,228,229,316,327,332,334,335,336,337,338,339,340,341,342,343,344,345,346,347,371,382,393,402,406,408,412,428,436,437,438,439,440,441,442,443,444,445,446,447,519,527,555,936,937,938,939,940,941,942,991,
224;0;8681;8717;1;32,48,70,71,72,105,106,129,132,135,138,149,150,151,153,155,156,157,186,194,195,196,197,198,217,223,224,225,226,227,228,229,299,305,316,327,332,334,335,336,337,338,339,340,341,342,343,345,346,347,371,382,402,408,412,428,438,442,519,527,555,588,589,590,591,592,593,594,595,596,597,598,599,600,601,602,603,604,605,991,
224;1;8717;8790;1;32,48,70,71,72,105,106,129,132,135,138,149,150,151,153,155,156,157,186,194,195,196,197,198,217,223,224,225,226,227,228,229,299,305,316,327,332,334,335,336,337,338,339,340,341,342,343,345,346,347,371,382,402,408,412,428,438,442,519,527,555,588,589,590,591,592,593,594,595,596,597,598,599,600,601,602,603,604,605,991,
745;0;8790;8863;0;32,48,70,71,72,105,106,129,132,135,138,149,150,151,153,155,156,157,186,194,195,196,197,198,217,223,224,225,226,227,228,229,299,305,316,327,332,334,335,336,337,338,339,340,341,342,343,345,346,347,371,382,402,408,412,428,438,442,519,527,555,588,589,590,591,592,593,594,595,596,597,598,599,600,601,602,603,604,605,991,
121;0;8863;8923;1;32,48,70,71,72,105,106,129,132,135,138,149,150,151,153,154,155,156,157,173,186,194,195,196,197,198,217,220,223,224,225,226,227,228,229,231,299,305,316,327,332,334,335,336,337,338,339,340,341,342,343,345,346,347,371,382,402,408,412,428,438,442,519,527,555,588,596,599,601,688,872,983,985,986,987,988,989,990,991,992,
121;1;8923;8976;1;32,48,70,71,72,105,106,129,132,135,138,149,150,151,153,154,155,156,157,173,186,194,195,196,197,198,217,220,223,224,225,226,227,228,229,231,299,305,316,327,332,334,335,336,337,338,339,340,341,342,343,345,346,347,371,382,402,408,412,428,438,442,519,527,555,588,596,599,601,688,872,983,985,986,987,988,989,990,991,992,
511;0;8976;9008;1;32,48,70,71,72,105,106,129,132,135,138,140,149,150,151,153,154,155,156,157,173,186,194,195,196,197,198,217,220,223,224,225,226,227,228,229,231,299,305,316,327,332,334,335,336,337,338,339,340,341,342,343,345,346,347,371,382,383,384,402,408,412,428,438,442,519,527,555,588,596,599,601,688,872,983,985,986,987,988,989,
511;1;9008;9092;1;32,48,70,71,72,105,106,129,132,135,138,140,149,150,151,153,154,155,156,157,173,186,194,195,196,197,198,217,220,223,224,225,226,227,228,229,231,299,305,316,327,332,334,335,336,337,338,339,340,341,342,343,345,346,347,371,382,383,384,402,408,412,428,438,442,519,527,555,588,596,599,601,688,872,983,985,986,987,988,989,
318;0;9092;9145;0;32,48,70,71,72,105,106,129,132,135,138,140,149,150,151,153,154,155,156,157,173,186,194,195,196,197,198,217,220,223,224,225,226,227,228,229,231,299,305,316,327,332,334,335,336,337,338,339,340,341,342,343,345,346,347,371,382,383,384,402,408,412,428,438,442,519,527,555,588,596,599,601,688,872,983,985,986,987,988,989,
318;1;9145;9229;0;32,48,70,71,72,105,106,129,132,135,138,140,149,150,151,153,154,155,156,157,173,186,194,195,196,197,198,217,220,223,224,225,226,227,228,229,231,299,305,316,327,332,334,335,336,337,338,339,340,341,342,343,345,346,347,371,382,383,384,402,408,412,428,438,442,519,527,555,588,596,599,601,688,872,983,985,986,987,988,989,
447;0;9229;9313;0;32,48,70,71,72,105,106,129,132,135,138,140,149,150,151,153,154,155,156,157,173,186,194,195,196,197,198,217,220,223,224,225,226,227,228,229,231,299,305,316,327,332,334,335,336,337,338,339,340,341,342,343,345,346,347,371,382,383,384,402,408,412,428,438,442,519,527,555,588,596,599,601,688,872,983,985,986,987,988,989,
194;0;9313;9373;1;32,43,122,125,127,129,131,133,135,138,139,187,252,304,316,320,327,332,345,358,366,403,408,412,421,434,449,456,505,519,601,617,618,619,620,621,622,623,624,625,626,627,628,629,630,631,632,633,634,635,636,637,638,639,640,641,642,643,644,645,646,647,648,649,722,796,1029,1030,1203,1442,1443,1444,1445,1446,1447,1448,1449,1450,1451,1452,
194;1;9373;9433;1;32,43,122,125,127,129,131,133,135,138,139,187,252,304,316,320,327,332,345,358,366,403,408,412,421,434,449,456,505,519,601,617,618,619,620,621,622,623,624,625,626,627,628,629,630,631,632,633,634,635,636,637,638,639,640,641,642,643,644,645,646,647,648,649,722,796,1029,1030,1203,1442,1443,1444,1445,1446,1447,1448,1449,1450,1451,1452,
707;0;9433;9493;0;32,43,122,125,127,129,131,133,135,138,139,187,252,304,316,320,327,332,345,358,366,403,408,412,421,434,449,456,505,519,601,617,618,619,620,621,622,623,624,625,626,627,628,629,630,631,632,633,634,635,636,637,638,639,640,641,642,643,644,645,646,647,648,649,722,796,1029,1030,1203,1442,1443,1444,1445,1446,1447,1448,1449,1450,1451,1452,
521;0;9493;9526;1;32,43,122,125,127,129,131,133,135,138,139,187,252,304,316,320,327,332,345,358,366,403,408,412,421,434,449,456,505,519,601,617,618,619,620,621,622,623,624,625,626,627,628,629,630,631,632,633,634,635,636,637,638,639,640,641,642,643,644,645,646,647,648,649,722,796,1029,1030,1203,1442,1443,1444,1445,1446,1447,1448,1449,1450,1451,1452,
521;1;9526;9614;1;32,43,122,125,127,129,131,133,135,138,139,187,252,304,316,320,327,332,345,358,366,403,408,412,421,434,449,456,505,519,601,617,618,619,620,621,622,623,624,625,626,627,628,629,630,631,632,633,634,635,636,637,638,639,640,641,642,643,644,645,646,647,648,649,722,796,1029,1030,1203,1442,1443,1444,1445,1446,1447,1448,1449,1450,1451,1452,
316;0;9614;9618;1;32,43,122,125,127,129,131,133,135,138,139,187,252,304,316,320,327,332,345,358,366,403,408,412,421,434,449,456,505,519,601,617,618,619,620,621,622,623,624,625,626,627,628,629,630,631,632,633,634,635,636,637,638,639,640,641,642,643,644,645,646,647,648,649,722,796,1029,1030,1203,1442,1443,1444,1445,1446,1447,1448,1449,1450,1451,1452,
316;1;9618;9739;1;32,43,122,125,127,129,131,133,135,138,139,187,252,304,316,320,327,332,345,358,366,403,408,412,421,434,449,456,505,519,601,617,618,619,620,621,622,623,624,625,626,627,628,629,630,631,632,633,634,635,636,637,638,639,640,641,642,643,644,645,646,647,648,649,722,796,1029,1030,1203,1442,1443,1444,1445,1446,1447,1448,1449,1450,1451,1452,
Machine: 5
739;0;0;14;1;38,64,65,66,67,68,69,70,72,78,105,129,132,135,136,138,252,254,256,258,316,320,332,343,346,347,352,368,382,412,423,424,425,428,449,450,451,452,453,454,506,518,519,520,521,522,523,524,525,526,527,528,529,530,531,532,533,534,535,536,546,554,704,705,706,707,708,709,710,711,712,713,714,715,716,717,718,719,720,721,
739;1;14;47;1;38,64,65,66,67,68,69,70,72,78,105,129,132,135,136,138,252,254,256,258,316,320,332,343,346,347,352,368,382,412,423,424,425,428,449,450,451,452,453,454,506,518,519,520,521,522,523,524,525,526,527,528,529,530,531,532,533,534,535,536,546,554,704,705,706,707,708,709,710,711,712,713,714,715,716,717,718,719,720,721,
168;0;47;172;0;38,64,65,66,67,68,69,70,72,78,105,129,132,135,136,138,252,254,256,258,316,320,332,343,346,347,352,368,382,412,423,424,425,428,449,450,451,452,453,454,506,518,519,520,521,522,523,524,525,526,527,528,529,530,531,532,533,534,535,536,546,554,704,705,706,707,708,709,710,711,712,713,714,715,716,717,718,719,720,721,
168;1;172;205;0;38,64,65,66,67,68,69,70,72,78,105,129,132,135,136,138,252,254,256,258,316,320,332,343,346,347,352,368,382,412,423,424,425,428,449,450,451,452,453,454,506,518,519,520,521,522,523,524,525,526,527,528,529,530,531,532,533,534,535,536,546,554,704,705,706,707,708,709,710,711,712,713,714,715,716,717,718,719,720,721,
44;0;205;216;1;38,64,65,66,67,68,69,70,72,78,105,129,132,135,136,138,252,254,256,258,316,320,332,343,346,347,352,368,382,412,423,424,425,428,449,450,451,452,453,454,506,518,519,520,521,522,523,524,525,526,527,528,529,530,531,532,533,534,535,536,546,554,704,705,706,707,708,709,710,711,712,713,714,715,716,717,718,719,720,721,
44;1;216;255;1;38,64,65,66,67,68,69,70,72,78,105,129,132,135,136,138,252,254,256,258,316,320,332,343,346,347,352,368,382,412,423,424,425,428,449,450,451,452,453,454,506,518,519,520,521,522,523,524,525,526,527,528,529,530,531,532,533,534,535,536,546,554,704,705,706,707,708,709,710,711,712,713,714,715,716,717,718,719,720,721,
148;0;255;269;0;38,64,65,66,67,68,69,70,72,78,105,129,132,135,136,138,252,254,256,258,316,320,332,343,346,347,352,368,382,412,423,424,425,428,449,450,451,452,453,454,506,518,519,520,521,522,523,524,525,526,527,528,529,530,531,532,533,534,535,536,546,554,704,705,706,707,708,709,710,711,712,713,714,715,716,717,718,719,720,721,
148;1;269;308;0;38,64,65,66,67,68,69,70,72,78,105,129,132,135,136,138,252,254,256,258,316,320,332,343,346,347,352,368,382,412,423,424,425,428,449,450,451,452,453,454,506,518,519,520,521,522,523,524,525,526,527,528,529,530,531,532,533,534,535,536,546,554,704,705,706,707,708,709,710,711,712,713,714,715,716,717,718,719,720,721,
399;0;308;334;1;38,64,65,66,67,68,69,70,72,78,105,129,132,135,136,138,252,254,256,258,316,320,332,343,346,347,352,368,382,412,423,424,425,428,449,450,451,452,453,454,506,518,519,520,521,522,523,524,525,526,527,528,529,530,531,532,533,534,535,536,546,554,704,705,706,707,708,709,710,711,712,713,714,715,716,717,718,719,720,721,
399;1;334;367;1;38,64,65,66,67,68,69,70,72,78,105,129,132,135,136,138,252,254,256,258,316,320,332,343,346,347,352,368,382,412,423,424,425,428,449,450,451,452,453,454,506,518,519,520,521,522,523,524,525,526,527,528,529,530,531,532,533,534,535,536,546,554,704,705,706,707,708,709,710,711,712,713,714,715,716,717,718,719,720,721,
514;0;367;384;1;38,64,65,66,67,68,69,70,72,78,105,129,132,135,136,138,252,254,256,258,316,320,332,343,346,347,352,368,382,412,423,424,425,428,449,450,451,452,453,454,506,518,519,520,521,522,523,524,525,526,527,528,529,530,531,532,533,534,535,536,546,554,704,705,706,707,708,709,710,711,712,713,714,715,716,717,718,719,720,721,
514;1;384;433;1;38,64,65,66,67,68,69,70,72,78,105,129,132,135,136,138,252,254,256,258,316,320,332,343,346,347,352,368,382,412,423,424,425,428,449,450,451,452,453,454,506,518,519,520,521,522,523,524,525,526,527,528,529,530,531,532,533,534,535,536,546,554,704,705,706,707,708,709,710,711,712,713,714,715,716,717,718,719,720,721,
74;0;433;469;1;38,64,65,66,67,68,69,70,72,78,105,129,132,135,136,138,252,254,256,258,316,320,332,343,346,347,352,368,382,412,423,424,425,428,449,450,451,452,453,454,506,518,519,520,521,522,523,524,525,526,527,528,529,530,531,532,533,534,535,536,546,554,704,705,706,707,708,709,710,711,712,713,714,715,716,717,718,719,720,721,
74;1;469;511;1;38,64,65,66,67,68,69,70,72,78,105,129,132,135,136,138,252,254,256,258,316,320,332,343,346,347,352,368,382,412,423,424,425,428,449,450,451,452,453,454,506,518,519,520,521,522,523,524,525,526,527,528,529,530,531,532,533,534,535,536,546,554,704,705,706,707,708,709,710,711,712,713,714,715,716,717,718,719,720,721,
406;0;511;517;1;38,64,65,66,67,68,69,70,72,78,105,129,132,135,136,138,252,254,256,258,316,320,332,343,346,347,352,368,382,412,423,424,425,428,449,450,451,452,453,454,455,456,457,458,459,506,518,519,520,521,522,523,524,525,526,527,528,529,530,531,532,533,534,535,536,546,554,704,705,706,707,708,709,710,711,712,713,716,717,721,
406;1;517;593;1;38,64,65,66,67,68,69,70,72,78,105,129,132,135,136,138,252,254,256,258,316,320,332,343,346,347,352,368,382,412,423,424,425,428,449,450,451,452,453,454,455,456,457,458,459,506,518,519,520,521,522,523,524,525,526,527,528,529,530,531,532,533,534,535,536,546,554,704,705,706,707,708,709,710,711,712,713,716,717,721,
382;0;593;669;0;38,64,65,66,67,68,69,70,72,78,105,129,132,135,136,138,252,254,256,258,316,320,332,343,346,347,352,368,382,412,423,424,425,428,449,450,451,452,453,454,455,456,457,458,459,506,518,519,520,521,522,523,524,525,526,527,528,529,530,531,532,533,534,535,536,546,554,704,705,706,707,708,709,710,711,712,713,716,717,721,
286;0;669;746;1;38,61,67,70,72,105,129,132,135,136,138,142,149,150,151,152,153,154,155,156,157,158,159,160,161,162,163,164,165,166,167,168,169,170,171,172,173,174,175,176,177,178,179,180,181,182,183,184,252,254,256,258,316,320,332,343,346,347,352,368,382,412,428,449,456,506,518,519,520,522,527,529,533,546,554,710,713,716,717,721,
286;1;746;760;1;38,61,67,70,72,105,129,132,135,136,138,142,149,150,151,152,153,154,155,156,157,158,159,160,161,162,163,164,165,166,167,168,169,170,171,172,173,174,175,176,177,178,179,180,181,182,183,184,252,254,256,258,316,320,332,343,346,347,352,368,382,412,428,449,456,506,518,519,520,522,527,529,533,546,554,710,713,716,717,721,
669;0;1440;1476;1;38,43,61,67,70,105,122,129,131,132,135,139,142,149,150,151,152,153,154,155,156,157,158,159,160,161,162,163,164,165,166,167,176,252,304,316,320,332,345,358,366,382,408,412,434,456,519,617,618,619,620,621,622,623,624,625,626,627,628,629,630,631,632,633,634,635,636,637,638,639,640,641,642,643,644,645,646,647,648,649,
669;1;1476;1536;1;38,43,61,67,70,105,122,129,131,132,135,139,142,149,150,151,152,153,154,155,156,157,158,159,160,161,162,163,164,165,166,167,176,252,304,316,320,332,345,358,366,382,408,412,434,456,519,617,618,619,620,621,622,623,624,625,626,627,628,629,630,631,632,633,634,635,636,637,638,639,640,641,642,643,644,645,646,647,648,649,
53;0;1536;1672;0;38,43,61,67,70,105,122,129,131,132,135,139,142,149,150,151,152,153,154,155,156,157,158,159,160,161,162,163,164,165,166,167,176,252,304,316,320,332,345,358,366,382,408,412,434,456,519,617,618,619,620,621,622,623,624,625,626,627,628,629,630,631,632,633,634,635,636,637,638,639,640,641,642,643,644,645,646,647,648,649,
53;1;1672;1732;0;38,43,61,67,70,105,122,129,131,132,135,139,142,149,150,151,152,153,154,155,156,157,158,159,160,161,162,163,164,165,166,167,176,252,304,316,320,332,345,358,366,382,408,412,434,456,519,617,618,619,620,621,622,623,624,625,626,627,628,629,630,631,632,633,634,635,636,637,638,639,640,641,642,643,644,645,646,647,648,649,
666;0;1732;1746;1;0,1,2,3,7,9,38,43,61,67,70,77,105,122,129,131,132,135,139,142,149,150,151,152,153,154,155,156,157,158,159,160,161,162,163,164,165,166,167,176,252,270,271,272,273,274,275,276,277,278,279,280,281,282,283,284,285,286,287,288,289,290,291,292,293,294,295,296,304,316,320,332,345,358,366,382,408,412,434,456,
666;1;1746;1829;1;0,1,2,3,7,9,38,43,61,67,70,77,105,122,129,131,132,135,139,142,149,150,151,152,153,154,155,156,157,158,159,160,161,162,163,164,165,166,167,176,252,270,271,272,273,274,275,276,277,278,279,280,281,282,283,284,285,286,287,288,289,290,291,292,293,294,295,296,304,316,320,332,345,358,366,382,408,412,434,456,
590;0;1829;1912;0;0,1,2,3,7,9,38,43,61,67,70,77,105,122,129,131,132,135,139,142,149,150,151,152,153,154,155,156,157,158,159,160,161,162,163,164,165,166,167,176,252,270,271,272,273,274,275,276,277,278,279,280,281,282,283,284,285,286,287,288,289,290,291,292,293,294,295,296,304,316,320,332,345,358,366,382,408,412,434,456,
606;0;1912;1948;1;0,1,2,3,7,9,38,43,61,67,70,77,105,132,142,149,150,151,152,153,154,155,156,157,158,159,176,270,271,272,273,274,275,276,277,278,279,280,281,282,283,284,285,286,287,288,289,290,291,292,293,294,295,296,382,847,914,991,1191,1200,1410,1411,1412,1413,1414,1415,1416,1417,1418,1419,1420,1421,1422,1423,1424,1425,1426,1427,1428,1429,
606;1;1948;2010;1;0,1,2,3,7,9,38,43,61,67,70,77,105,132,142,149,150,151,152,153,154,155,156,157,158,159,176,270,271,272,273,274,275,276,277,278,279,280,281,282,283,284,285,286,287,288,289,290,291,292,293,294,295,296,382,847,914,991,1191,1200,1410,1411,1412,1413,1414,1415,1416,1417,1418,1419,1420,1421,1422,1423,1424,1425,1426,1427,1428,1429,
244;0;2010;2035;1;0,1,2,3,7,9,38,43,61,67,70,71,77,94,95,96,97,98,99,100,101,102,103,104,105,106,110,132,142,147,149,150,151,152,153,154,155,156,157,158,159,176,270,271,272,273,274,275,276,277,278,279,280,281,282,283,284,285,286,287,288,289,290,291,292,293,294,295,296,382,847,914,984,991,1006,1007,1191,1200,1410,1411,
244;1;2035;2112;1;0,1,2,3,7,9,38,43,61,67,70,71,77,94,95,96,97,98,99,100,101,102,103,104,105,106,110,132,142,147,149,150,151,152,153,154,155,156,157,158,159,176,270,271,272,273,274,275,276,277,278,279,280,281,282,283,284,285,286,287,288,289,290,291,292,293,294,295,296,382,847,914,984,991,1006,1007,1191,1200,1410,1411,
443;0;2112;2227;0;0,1,2,3,7,9,17,18,19,20,21,22,23,24,25,26,27,28,29,30,31,32,33,34,35,36,37,38,39,40,41,42,43,67,70,71,77,94,95,96,97,98,99,100,101,102,103,104,105,106,110,132,140,147,156,186,270,327,336,382,383,384,504,508,509,875,901,922,929,984,1006,1007,1031,1032,1033,1034,1035,1036,1037,1038,
443;1;2227;2304;0;0,1,2,3,7,9,17,18,19,20,21,22,23,24,25,26,27,28,29,30,31,32,33,34,35,36,37,38,39,40,41,42,43,67,70,71,77,94,95,96,97,98,99,100,101,102,103,104,105,106,110,132,140,147,156,186,270,327,336,382,383,384,504,508,509,875,901,922,929,984,1006,1007,1031,1032,1033,1034,1035,1036,1037,1038,
89;0;2304;2323;1;0,1,2,3,7,9,17,18,19,20,21,22,23,24,25,26,27,28,29,30,31,32,33,34,35,36,37,38,39,40,41,42,43,67,70,71,77,94,95,96,97,98,99,100,101,102,103,104,105,106,110,132,140,147,156,186,270,327,336,382,383,384,504,508,509,875,901,922,929,984,1006,1007,1031,1032,1033,1034,1035,1036,1037,1038,
89;1;2323;2407;1;0,1,2,3,7,9,17,18,19,20,21,22,23,24,25,26,27,28,29,30,31,32,33,34,35,36,37,38,39,40,41,42,43,67,70,71,77,94,95,96,97,98,99,100,101,102,103,104,105,106,110,132,140,147,156,186,270,327,336,382,383,384,504,508,509,875,901,922,929,984,1006,1007,1031,1032,1033,1034,1035,1036,1037,1038,
457;0;2407;2491;0;0,1,2,3,7,9,17,18,19,20,21,22,23,24,25,26,27,28,29,30,31,32,33,34,35,36,37,38,39,40,41,42,43,67,70,71,77,94,95,96,97,98,99,100,101,102,103,104,105,106,110,132,140,147,156,186,270,327,336,382,383,384,504,508,509,875,901,922,929,984,1006,1007,1031,1032,1033,1034,1035,1036,1037,1038,
64;0;2491;2542;1;0,1,2,3,7,9,17,18,19,20,21,22,23,24,25,26,27,28,29,30,31,32,33,34,35,36,37,38,39,40,41,42,43,67,70,71,77,94,95,96,97,98,99,100,101,102,103,104,105,106,110,132,140,147,156,186,270,327,336,382,383,384,504,508,509,875,901,922,929,984,1006,1007,1031,1032,1033,1034,1035,1036,1037,1038,
64;1;2542;2607;1;0,1,2,3,7,9,17,18,19,20,21,22,23,24,25,26,27,28,29,30,31,32,33,34,35,36,37,38,39,40,41,42,43,67,70,71,77,94,95,96,97,98,99,100,101,102,103,104,105,106,110,132,140,147,156,186,270,327,336,382,383,384,504,508,509,875,901,922,929,984,1006,1007,1031,1032,1033,1034,1035,1036,1037,1038,
314;0;2607;2667;1;0,1,2,3,7,9,17,18,19,20,21,22,23,24,25,26,27,28,29,30,31,32,33,34,35,36,37,38,39,40,41,42,43,67,70,71,77,94,95,96,97,98,99,100,101,102,103,104,105,106,110,132,140,147,156,186,270,327,336,382,383,384,504,508,509,875,901,922,929,984,1006,1007,1031,1032,1033,1034,1035,1036,1037,1038,
314;1;2667;2727;1;0,1,2,3,7,9,17,18,19,20,21,22,23,24,25,26,27,28,29,30,31,32,33,34,35,36,37,38,39,40,41,42,43,67,70,71,77,94,95,96,97,98,99,100,101,102,103,104,105,106,110,132,140,147,156,186,270,327,336,382,383,384,504,508,509,875,901,922,929,984,1006,1007,1031,1032,1033,1034,1035,1036,1037,1038,
141;0;2880;2924;1;0,1,2,3,7,9,17,18,19,20,21,22,23,24,25,26,27,28,32,34,42,43,67,70,71,77,94,95,96,97,98,99,100,101,102,103,104,105,106,110,132,140,147,156,186,270,271,272,273,274,275,276,277,278,279,280,281,282,283,284,285,286,287,288,289,290,291,292,293,294,295,296,327,336,382,504,875,922,929,984,
141;1;2924;3007;1;0,1,2,3,7,9,17,18,19,20,21,22,23,24,25,26,27,28,32,34,42,43,67,70,71,77,94,95,96,97,98,99,100,101,102,103,104,105,106,110,132,140,147,156,186,270,271,272,273,274,275,276,277,278,279,280,281,282,283,284,285,286,287,288,289,290,291,292,293,294,295,296,327,336,382,504,875,922,929,984,
539;0;3007;3108;1;0,1,2,3,7,9,17,18,19,20,21,22,23,24,25,26,27,28,32,34,42,43,44,54,67,70,71,77,87,94,95,96,97,98,99,100,101,102,103,104,105,106,110,112,113,114,115,116,117,118,119,120,121,132,140,147,156,186,270,271,272,273,274,275,276,277,278,279,280,282,286,293,327,336,382,504,875,922,929,984,
539;1;3108;3138;1;0,1,2,3,7,9,17,18,19,20,21,22,23,24,25,26,27,28,32,34,42,43,44,54,67,70,71,77,87,94,95,96,97,98,99,100,101,102,103,104,105,106,110,112,113,114,115,116,117,118,119,120,121,132,140,147,156,186,270,271,272,273,274,275,276,277,278,279,280,282,286,293,327,336,382,504,875,922,929,984,
8;0;3138;3257;0;0,1,2,3,7,9,17,18,19,20,21,22,23,24,25,26,27,28,32,34,42,43,44,54,67,70,71,77,87,94,95,96,97,98,99,100,101,102,103,104,105,106,110,112,113,114,115,116,117,118,119,120,121,132,140,147,156,186,270,271,272,273,274,275,276,277,278,279,280,282,286,293,327,336,382,504,875,922,929,984,
8;1;3257;3393;0;0,1,2,3,7,9,17,18,19,20,21,22,23,24,25,26,27,28,32,34,42,43,44,54,67,70,71,77,87,94,95,96,97,98,99,100,101,102,103,104,105,106,110,112,113,114,115,116,117,118,119,120,121,132,140,147,156,186,270,271,272,273,274,275,276,277,278,279,280,282,286,293,327,336,382,504,875,922,929,984,
257;0;3393;3423;0;0,1,2,3,7,9,17,18,19,20,21,22,23,24,25,26,27,28,32,34,42,43,44,54,67,70,71,77,87,94,95,96,97,98,99,100,101,102,103,104,105,106,110,112,113,114,115,116,117,118,119,120,121,132,140,147,156,186,270,271,272,273,274,275,276,277,278,279,280,282,286,293,327,336,382,504,875,922,929,984,
11;0;3423;3543;1;0,1,2,3,17,25,27,32,34,43,54,61,70,71,94,95,96,97,98,99,100,101,102,103,104,105,106,110,132,140,142,147,149,150,151,152,153,154,155,156,157,158,159,160,161,162,163,164,165,166,167,168,169,170,171,172,173,174,175,176,177,178,179,180,181,182,183,184,186,272,279,282,286,293,327,336,382,504,922,929,
11;1;3543;3557;1;0,1,2,3,17,25,27,32,34,43,54,61,70,71,94,95,96,97,98,99,100,101,102,103,104,105,106,110,132,140,142,147,149,150,151,152,153,154,155,156,157,158,159,160,161,162,163,164,165,166,167,168,169,170,171,172,173,174,175,176,177,178,179,180,181,182,183,184,186,272,279,282,286,293,327,336,382,504,922,929,
394;0;3557;3596;1;0,1,2,3,17,25,27,32,34,43,48,70,71,72,94,95,96,97,98,99,100,101,102,103,104,105,106,110,132,140,142,147,149,150,151,153,155,156,157,165,176,186,194,195,196,197,198,223,224,225,226,227,228,229,272,279,282,286,293,327,336,371,382,393,402,436,437,438,439,440,441,442,443,444,445,446,447,504,922,929,
394;1;3596;3695;1;0,1,2,3,17,25,27,32,34,43,48,70,71,72,94,95,96,97,98,99,100,101,102,103,104,105,106,110,132,140,142,147,149,150,151,153,155,156,157,165,176,186,194,195,196,197,198,223,224,225,226,227,228,229,272,279,282,286,293,327,336,371,382,393,402,436,437,438,439,440,441,442,443,444,445,446,447,504,922,929,
631;0;4320;4400;1;25,32,34,43,70,104,105,106,122,129,131,132,135,139,140,150,155,176,186,194,196,228,229,252,279,304,316,320,327,332,336,345,358,366,402,408,412,434,438,442,445,447,456,504,519,617,618,619,620,621,622,623,624,625,626,627,628,629,630,631,632,633,634,635,636,637,638,639,640,641,642,643,644,645,646,647,648,649,922,929,
631;1;4400;4460;1;25,32,34,43,70,104,105,106,122,129,131,132,135,139,140,150,155,176,186,194,196,228,229,252,279,304,316,320,327,332,336,345,358,366,402,408,412,434,438,442,445,447,456,504,519,617,618,619,620,621,622,623,624,625,626,627,628,629,630,631,632,633,634,635,636,637,638,639,640,641,642,643,644,645,646,647,648,649,922,929,
114;0;4460;4543;1;32,43,50,51,70,81,104,122,129,131,132,135,139,140,186,228,252,304,316,320,327,332,336,345,358,366,400,402,408,412,434,456,504,519,617,618,619,620,621,622,623,624,625,626,627,628,629,630,631,632,633,634,635,636,637,638,639,640,641,642,643,644,645,646,647,648,649,922,929,949,950,951,952,953,954,955,956,957,958,959,
114;1;4543;4624;1;32,43,50,51,70,81,104,122,129,131,132,135,139,140,186,228,252,304,316,320,327,332,336,345,358,366,400,402,408,412,434,456,504,519,617,618,619,620,621,622,623,624,625,626,627,628,629,630,631,632,633,634,635,636,637,638,639,640,641,642,643,644,645,646,647,648,649,922,929,949,950,951,952,953,954,955,956,957,958,959,
396;0;4624;4761;1;32,43,122,129,130,131,133,135,138,139,186,252,264,304,316,320,332,336,345,358,366,408,412,434,456,472,504,519,617,618,619,620,621,622,623,624,625,626,627,628,629,630,631,632,633,634,635,636,637,638,639,640,641,642,643,644,645,717,721,781,798,922,929,931,1063,1203,1204,1205,1206,1207,1208,1209,1210,1211,1212,1213,1214,1215,1216,1217,
396;1;4761;4793;1;32,43,122,129,130,131,133,135,138,139,186,252,264,304,316,320,332,336,345,358,366,408,412,434,456,472,504,519,617,618,619,620,621,622,623,624,625,626,627,628,629,630,631,632,633,634,635,636,637,638,639,640,641,642,643,644,645,717,721,781,798,922,929,931,1063,1203,1204,1205,1206,1207,1208,1209,1210,1211,1212,1213,1214,1215,1216,1217,
290;0;4793;4825;0;32,43,122,129,130,131,133,135,138,139,186,252,264,304,316,320,332,336,345,358,366,408,412,434,456,472,504,519,617,618,619,620,621,622,623,624,625,626,627,628,629,630,631,632,633,634,635,636,637,638,639,640,641,642,643,644,645,717,721,781,798,922,929,931,1063,1203,1204,1205,1206,1207,1208,1209,1210,1211,1212,1213,1214,1215,1216,1217,
236;0;4825;4923;1;32,43,122,129,130,131,133,135,138,139,186,252,264,304,316,320,332,336,342,345,346,347,358,366,408,412,428,434,456,472,504,519,617,618,619,620,621,622,623,624,625,626,627,628,629,630,631,632,633,634,635,636,637,638,639,640,641,642,643,644,645,717,721,728,781,798,821,922,929,931,1063,1153,1154,1203,1204,1205,1206,1207,1208,1209,
236;1;4923;5000;1;32,43,122,129,130,131,133,135,138,139,186,252,264,304,316,320,332,336,342,345,346,347,358,366,408,412,428,434,456,472,504,519,617,618,619,620,621,622,623,624,625,626,627,628,629,630,631,632,633,634,635,636,637,638,639,640,641,642,643,644,645,717,721,728,781,798,821,922,929,931,1063,1153,1154,1203,1204,1205,1206,1207,1208,1209,
193;0;5000;5139;0;32,43,122,129,131,135,138,139,186,252,304,316,320,332,336,342,343,345,346,347,358,366,408,412,428,434,448,456,477,504,506,507,519,617,618,619,620,621,622,623,624,625,626,627,628,629,630,631,632,633,634,635,636,637,638,639,640,641,642,643,644,728,821,899,922,923,924,925,926,927,928,929,930,961,1153,1154,1161,1162,1163,1164,
193;1;5139;5216;0;32,43,122,129,131,135,138,139,186,252,304,316,320,332,336,342,343,345,346,347,358,366,408,412,428,434,448,456,477,504,506,507,519,617,618,619,620,621,622,623,624,625,626,627,628,629,630,631,632,633,634,635,636,637,638,639,640,641,642,643,644,728,821,899,922,923,924,925,926,927,928,929,930,961,1153,1154,1161,1162,1163,1164,
664;0;5216;5325;1;32,43,122,129,131,135,138,139,186,252,304,316,320,332,336,342,343,345,346,347,358,366,408,412,428,434,448,456,477,504,506,507,519,617,618,619,620,621,622,623,624,625,626,627,628,629,630,631,632,633,634,635,636,637,638,639,640,641,642,643,644,728,821,899,922,923,924,925,926,927,928,929,930,961,1153,1154,1161,1162,1163,1164,
664;1;5325;5391;1;32,43,122,129,131,135,138,139,186,252,304,316,320,332,336,342,343,345,346,347,358,366,408,412,428,434,448,456,477,504,506,507,519,617,618,619,620,621,622,623,624,625,626,627,628,629,630,631,632,633,634,635,636,637,638,639,640,641,642,643,644,728,821,899,922,923,924,925,926,927,928,929,930,961,1153,1154,1161,1162,1163,1164,
321;0;5391;5443;1;32,43,122,129,131,135,138,139,186,252,304,316,320,332,336,342,343,345,346,347,358,366,408,412,428,434,448,456,477,504,506,507,519,617,618,619,620,621,622,623,624,625,626,627,628,629,630,631,632,633,634,635,636,637,638,639,640,641,642,643,644,728,821,899,922,923,924,925,926,927,928,929,930,961,1153,1154,1161,1162,1163,1164,
321;1;5443;5568;1;32,43,122,129,131,135,138,139,186,252,304,316,320,332,336,342,343,345,346,347,358,366,408,412,428,434,448,456,477,504,506,507,519,617,618,619,620,621,622,623,624,625,626,627,628,629,630,631,632,633,634,635,636,637,638,639,640,641,642,643,644,728,821,899,922,923,924,925,926,927,928,929,930,961,1153,1154,1161,1162,1163,1164,
656;0;5760;5879;1;32,43,122,129,131,135,138,139,186,252,304,316,320,332,336,342,343,345,346,347,358,366,408,412,428,434,448,456,477,504,506,507,519,617,618,619,620,621,622,623,624,625,626,627,628,629,630,631,632,633,634,635,636,637,638,639,640,641,642,643,644,645,646,647,648,649,728,821,899,922,923,924,925,926,927,928,929,930,961,1153,
656;1;5879;5939;1;32,43,122,129,131,135,138,139,186,252,304,316,320,332,336,342,343,345,346,347,358,366,408,412,428,434,448,456,477,504,506,507,519,617,618,619,620,621,622,623,624,625,626,627,628,629,630,631,632,633,634,635,636,637,638,639,640,641,642,643,644,645,646,647,648,649,728,821,899,922,923,924,925,926,927,928,929,930,961,1153,
19;0;5939;5958;1;32,43,122,129,131,132,135,138,139,140,186,252,304,310,311,312,313,314,315,316,317,318,319,320,321,322,323,324,325,326,327,328,329,330,331,332,333,336,342,343,345,346,347,358,366,408,412,428,434,448,456,477,504,506,507,519,617,618,619,620,621,622,623,624,625,626,627,628,629,630,631,632,636,639,646,649,821,928,930,961,
19;1;5958;6122;1;32,43,122,129,131,132,135,138,139,140,186,252,304,310,311,312,313,314,315,316,317,318,319,320,321,322,323,324,325,326,327,328,329,330,331,332,333,336,342,343,345,346,347,358,366,408,412,428,434,448,456,477,504,506,507,519,617,618,619,620,621,622,623,624,625,626,627,628,629,630,631,632,636,639,646,649,821,928,930,961,
525;0;6122;6286;0;32,43,122,129,131,132,135,138,139,140,186,252,304,310,311,312,313,314,315,316,317,318,319,320,321,322,323,324,325,326,327,328,329,330,331,332,333,336,342,343,345,346,347,358,366,408,412,428,434,448,456,477,504,506,507,519,617,618,619,620,621,622,623,624,625,626,627,628,629,630,631,632,636,639,646,649,821,928,930,961,
126;0;6286;6438;1;25,32,34,43,122,129,131,132,135,138,139,140,186,252,261,304,310,311,312,313,314,315,316,317,318,319,320,321,322,323,324,325,326,327,328,332,336,342,343,345,346,347,358,366,408,412,428,434,448,477,478,527,537,538,543,545,621,622,626,627,629,636,639,646,649,821,829,928,930,960,961,993,994,995,996,997,998,999,1000,1001,
126;1;6438;6472;1;25,32,34,43,122,129,131,132,135,138,139,140,186,252,261,304,310,311,312,313,314,315,316,317,318,319,320,321,322,323,324,325,326,327,328,332,336,342,343,345,346,347,358,366,408,412,428,434,448,477,478,527,537,538,543,545,621,622,626,627,629,636,639,646,649,821,829,928,930,960,961,993,994,995,996,997,998,999,1000,1001,
611;0;6472;6550;1;32,46,48,53,58,70,105,106,138,150,155,176,186,194,196,225,229,233,235,249,279,301,316,327,348,349,350,351,352,353,354,355,356,357,358,359,360,361,362,363,364,365,366,367,368,414,428,436,438,439,442,445,447,448,478,517,537,538,543,545,646,649,864,865,866,867,868,869,870,871,872,873,1002,1003,1004,1005,1146,1147,1148,1149,
611;1;6550;6659;1;32,46,48,53,58,70,105,106,138,150,155,176,186,194,196,225,229,233,235,249,279,301,316,327,348,349,350,351,352,353,354,355,356,357,358,359,360,361,362,363,364,365,366,367,368,414,428,436,438,439,442,445,447,448,478,517,537,538,543,545,646,649,864,865,866,867,868,869,870,871,872,873,1002,1003,1004,1005,1146,1147,1148,1149,
518;0;6659;6797;0;32,46,48,53,58,70,105,106,138,150,155,176,186,194,196,225,229,233,235,249,279,301,316,327,348,349,350,351,352,353,354,355,356,357,358,359,360,361,362,363,364,365,366,367,368,414,428,436,438,439,442,445,447,448,478,517,537,538,543,545,646,649,864,865,866,867,868,869,870,871,872,873,1002,1003,1004,1005,1146,1147,1148,1149,
518;1;6797;6906;0;32,46,48,53,58,70,105,106,138,150,155,176,186,194,196,225,229,233,235,249,279,301,316,327,348,349,350,351,352,353,354,355,356,357,358,359,360,361,362,363,364,365,366,367,368,414,428,436,438,439,442,445,447,448,478,517,537,538,543,545,646,649,864,865,866,867,868,869,870,871,872,873,1002,1003,1004,1005,1146,1147,1148,1149,
90;0;6906;7015;0;32,46,48,53,58,70,105,106,138,150,155,176,186,194,196,225,229,233,235,249,279,301,316,327,348,349,350,351,352,353,354,355,356,357,358,359,360,361,362,363,364,365,366,367,368,414,428,436,438,439,442,445,447,448,478,517,537,538,543,545,646,649,864,865,866,867,868,869,870,871,872,873,1002,1003,1004,1005,1146,1147,1148,1149,
304;0;7015;7126;1;32,46,48,53,58,70,105,106,138,150,155,176,186,194,196,225,229,233,235,249,279,301,316,327,348,349,350,351,352,353,354,355,356,357,358,359,360,361,362,363,364,365,366,367,368,414,428,436,438,439,442,445,447,448,478,517,537,538,543,545,646,649,864,865,866,867,868,869,870,871,872,873,1002,1003,1004,1005,1146,1147,1148,1149,
304;1;7126;7204;1;32,46,48,53,58,70,105,106,138,150,155,176,186,194,196,225,229,233,235,249,279,301,316,327,348,349,350,351,352,353,354,355,356,357,358,359,360,361,362,363,364,365,366,367,368,414,428,436,438,439,442,445,447,448,478,517,537,538,543,545,646,649,864,865,866,867,868,869,870,871,872,873,1002,1003,1004,1005,1146,1147,1148,1149,
191;0;7204;7260;1;32,46,48,53,58,70,105,106,138,150,155,176,186,194,196,225,229,233,235,249,279,301,316,327,348,349,350,351,352,353,354,355,356,357,358,359,360,361,362,363,364,365,366,367,368,414,428,436,438,439,442,445,447,448,478,517,537,538,543,545,646,649,864,865,866,867,868,869,870,871,872,873,1002,1003,1004,1005,1146,1147,1148,1149,
191;1;7260;7403;1;32,46,48,53,58,70,105,106,138,150,155,176,186,194,196,225,229,233,235,249,279,301,316,327,348,349,350,351,352,353,354,355,356,357,358,359,360,361,362,363,364,365,366,367,368,414,428,436,438,439,442,445,447,448,478,517,537,538,543,545,646,649,864,865,866,867,868,869,870,871,872,873,1002,1003,1004,1005,1146,1147,1148,1149,
379;0;7403;7470;1;32,46,48,53,58,70,105,106,138,150,155,176,186,194,196,225,229,233,235,249,279,301,316,327,348,349,350,351,352,353,354,355,356,357,358,359,360,361,362,363,364,365,366,367,368,414,428,436,438,439,442,445,447,448,478,517,537,538,543,545,646,649,864,865,866,867,868,869,870,871,872,873,1002,1003,1004,1005,1146,1147,1148,1149,
379;1;7470;7607;1;32,46,48,53,58,70,105,106,138,150,155,176,186,194,196,225,229,233,235,249,279,301,316,327,348,349,350,351,352,353,354,355,356,357,358,359,360,361,362,363,364,365,366,367,368,414,428,436,438,439,442,445,447,448,478,517,537,538,543,545,646,649,864,865,866,867,868,869,870,871,872,873,1002,1003,1004,1005,1146,1147,1148,1149,
199;0;7607;7773;1;32,46,48,53,58,70,105,106,138,150,155,176,186,194,196,225,229,233,235,249,279,301,303,316,327,348,349,350,351,352,353,354,355,360,364,366,368,414,428,436,438,442,445,447,448,478,517,533,537,538,539,540,541,542,543,544,545,546,547,548,549,550,551,552,553,554,555,556,557,558,559,560,561,562,563,564,565,646,872,1002,
199;1;7773;7812;1;32,46,48,53,58,70,105,106,138,150,155,176,186,194,196,225,229,233,235,249,279,301,303,316,327,348,349,350,351,352,353,354,355,360,364,366,368,414,428,436,438,442,445,447,448,478,517,533,537,538,539,540,541,542,543,544,545,546,547,548,549,550,551,552,553,554,555,556,557,558,559,560,561,562,563,564,565,646,872,1002,
445;0;7812;7851;0;32,46,48,53,58,70,105,106,138,150,155,176,186,194,196,225,229,233,235,249,279,301,303,316,327,348,349,350,351,352,353,354,355,360,364,366,368,414,428,436,438,442,445,447,448,478,517,533,537,538,539,540,541,542,543,544,545,546,547,548,549,550,551,552,553,554,555,556,557,558,559,560,561,562,563,564,565,646,872,1002,
306;0;7851;7903;1;27,32,57,70,72,105,138,155,156,176,186,197,198,217,224,225,229,316,337,355,371,372,373,374,375,376,377,406,428,517,544,763,772,936,937,938,939,940,941,942,964,1041,1043,1066,1443,1468,1469,1470,1471,1472,1473,1474,1475,1476,1477,1478,1479,1480,1481,1482,1483,1484,1485,1486,1487,1488,1489,1490,1491,1492,1493,1494,1495,1496,1497,1498,1499,1500,1501,1502,
306;1;7903;8060;1;27,32,57,70,72,105,138,155,156,176,186,197,198,217,224,225,229,316,337,355,371,372,373,374,375,376,377,406,428,517,544,763,772,936,937,938,939,940,941,942,964,1041,1043,1066,1443,1468,1469,1470,1471,1472,1473,1474,1475,1476,1477,1478,1479,1480,1481,1482,1483,1484,1485,1486,1487,1488,1489,1490,1491,1492,1493,1494,1495,1496,1497,1498,1499,1500,1501,1502,
129;0;8060;8101;1;27,32,57,70,72,105,138,155,156,176,186,197,198,217,224,225,229,316,337,355,371,372,373,374,375,376,377,406,428,517,544,763,772,936,937,938,939,940,941,942,964,1041,1043,1066,1443,1468,1469,1470,1471,1472,1473,1474,1475,1476,1477,1478,1479,1480,1481,1482,1483,1484,1485,1486,1487,1488,1489,1490,1491,1492,1493,1494,1495,1496,1497,1498,1499,1500,1501,1502,
129;1;8101;8277;1;27,32,57,70,72,105,138,155,156,176,186,197,198,217,224,225,229,316,337,355,371,372,373,374,375,376,377,406,428,517,544,763,772,936,937,938,939,940,941,942,964,1041,1043,1066,1443,1468,1469,1470,1471,1472,1473,1474,1475,1476,1477,1478,1479,1480,1481,1482,1483,1484,1485,1486,1487,1488,1489,1490,1491,1492,1493,1494,1495,1496,1497,1498,1499,1500,1501,1502,
243;0;8277;8298;0;27,32,57,70,72,105,138,155,156,176,186,197,198,217,224,225,229,316,337,355,371,372,373,374,375,376,377,406,428,517,544,763,772,936,937,938,939,940,941,942,964,1041,1043,1066,1443,1468,1469,1470,1471,1472,1473,1474,1475,1476,1477,1478,1479,1480,1481,1482,1483,1484,1485,1486,1487,1488,1489,1490,1491,1492,1493,1494,1495,1496,1497,1498,1499,1500,1501,1502,
243;1;8298;8321;0;27,32,57,70,72,105,138,155,156,176,186,197,198,217,224,225,229,316,337,355,371,372,373,374,375,376,377,406,428,517,544,763,772,936,937,938,939,940,941,942,964,1041,1043,1066,1443,1468,1469,1470,1471,1472,1473,1474,1475,1476,1477,1478,1479,1480,1481,1482,1483,1484,1485,1486,1487,1488,1489,1490,1491,1492,1493,1494,1495,1496,1497,1498,1499,1500,1501,1502,
325;0;8321;8344;0;27,32,57,70,72,105,138,155,156,176,186,197,198,217,224,225,229,316,337,355,371,372,373,374,375,376,377,406,428,517,544,763,772,936,937,938,939,940,941,942,964,1041,1043,1066,1443,1468,1469,1470,1471,1472,1473,1474,1475,1476,1477,1478,1479,1480,1481,1482,1483,1484,1485,1486,1487,1488,1489,1490,1491,1492,1493,1494,1495,1496,1497,1498,1499,1500,1501,1502,
506;0;8344;8495;1;27,32,57,70,72,105,138,155,156,176,186,197,198,217,224,225,229,316,337,355,371,372,373,374,375,376,377,406,428,517,544,763,772,936,937,938,939,940,941,942,964,1041,1043,1066,1443,1468,1469,1470,1471,1472,1473,1474,1475,1476,1477,1478,1479,1480,1481,1482,1483,1484,1485,1486,1487,1488,1489,1490,1491,1492,1493,1494,1495,1496,1497,1498,1499,1500,1501,1502,
506;1;8495;8564;1;27,32,57,70,72,105,138,155,156,176,186,197,198,217,224,225,229,316,337,355,371,372,373,374,375,376,377,406,428,517,544,763,772,936,937,938,939,940,941,942,964,1041,1043,1066,1443,1468,1469,1470,1471,1472,1473,1474,1475,1476,1477,1478,1479,1480,1481,1482,1483,1484,1485,1486,1487,1488,1489,1490,1491,1492,1493,1494,1495,1496,1497,1498,1499,1500,1501,1502,
428;0;8564;8568;0;27,32,57,70,72,105,138,155,156,176,186,197,198,217,224,225,229,316,337,355,371,372,373,374,375,376,377,406,428,517,544,763,772,936,937,938,939,940,941,942,964,1041,1043,1066,1443,1468,1469,1470,1471,1472,1473,1474,1475,1476,1477,1478,1479,1480,1481,1482,1483,1484,1485,1486,1487,1488,1489,1490,1491,1492,1493,1494,1495,1496,1497,1498,1499,1500,1501,1502,
428;1;8568;8637;0;27,32,57,70,72,105,138,155,156,176,186,197,198,217,224,225,229,316,337,355,371,372,373,374,375,376,377,406,428,517,544,763,772,936,937,938,939,940,941,942,964,1041,1043,1066,1443,1468,1469,1470,1471,1472,1473,1474,1475,1476,1477,1478,1479,1480,1481,1482,1483,1484,1485,1486,1487,1488,1489,1490,1491,1492,1493,1494,1495,1496,1497,1498,1499,1500,1501,1502,
29;0;8640;8820;1;27,32,70,105,128,135,138,155,156,176,225,229,252,253,254,255,256,257,258,259,260,261,262,263,264,265,266,267,268,269,316,355,371,377,404,428,517,544,763,772,964,1041,1043,1066,1443,1468,1469,1470,1471,1472,1473,1474,1475,1476,1477,1478,1479,1480,1481,1482,1483,1484,1485,1486,1487,1488,1489,1490,1491,1492,1493,1494,1495,1496,1497,1498,1499,1500,1501,1502,
29;1;8820;8864;1;27,32,70,105,128,135,138,155,156,176,225,229,252,253,254,255,256,257,258,259,260,261,262,263,264,265,266,267,268,269,316,355,371,377,404,428,517,544,763,772,964,1041,1043,1066,1443,1468,1469,1470,1471,1472,1473,1474,1475,1476,1477,1478,1479,1480,1481,1482,1483,1484,1485,1486,1487,1488,1489,1490,1491,1492,1493,1494,1495,1496,1497,1498,1499,1500,1501,1502,
493;0;8864;9000;0;27,32,70,105,128,135,138,155,156,176,225,229,252,253,254,255,256,257,258,259,260,261,262,263,264,265,266,267,268,269,316,355,371,377,404,428,517,544,763,772,964,1041,1043,1066,1443,1468,1469,1470,1471,1472,1473,1474,1475,1476,1477,1478,1479,1480,1481,1482,1483,1484,1485,1486,1487,1488,1489,1490,1491,1492,1493,1494,1495,1496,1497,1498,1499,1500,1501,1502,
493;1;9000;9044;0;27,32,70,105,128,135,138,155,156,176,225,229,252,253,254,255,256,257,258,259,260,261,262,263,264,265,266,267,268,269,316,355,371,377,404,428,517,544,763,772,964,1041,1043,1066,1443,1468,1469,1470,1471,1472,1473,1474,1475,1476,1477,1478,1479,1480,1481,1482,1483,1484,1485,1486,1487,1488,1489,1490,1491,1492,1493,1494,1495,1496,1497,1498,1499,1500,1501,1502,
254;0;9044;9213;1;27,70,138,155,176,316,355,377,517,529,544,763,772,919,964,1041,1043,1066,1108,1234,1235,1236,1237,1238,1239,1240,1241,1242,1243,1244,1245,1246,1247,1248,1249,1250,1251,1252,1253,1254,1255,1256,1257,1258,1443,1468,1469,1470,1471,1472,1473,1474,1475,1476,1477,1478,1479,1480,1481,1482,1483,1484,1485,1486,1487,1488,1489,1490,1491,1492,1493,1494,1495,1496,1497,1498,1499,1500,1501,1502,
254;1;9213;9274;1;27,70,138,155,176,316,355,377,517,529,544,763,772,919,964,1041,1043,1066,1108,1234,1235,1236,1237,1238,1239,1240,1241,1242,1243,1244,1245,1246,1247,1248,1249,1250,1251,1252,1253,1254,1255,1256,1257,1258,1443,1468,1469,1470,1471,1472,1473,1474,1475,1476,1477,1478,1479,1480,1481,1482,1483,1484,1485,1486,1487,1488,1489,1490,1491,1492,1493,1494,1495,1496,1497,1498,1499,1500,1501,1502,
624;0;9274;9438;1;27,70,71,91,94,95,96,97,98,99,100,101,102,103,104,105,106,138,155,176,229,316,346,355,377,382,402,517,529,544,650,651,652,653,654,655,763,772,919,964,1041,1043,1066,1108,1443,1468,1469,1470,1471,1472,1473,1474,1475,1476,1477,1478,1479,1480,1481,1482,1483,1484,1485,1486,1487,1488,1489,1490,1491,1492,1493,1494,1495,1496,1497,1498,1499,1500,1501,1502,
624;1;9438;9507;1;27,70,71,91,94,95,96,97,98,99,100,101,102,103,104,105,106,138,155,176,229,316,346,355,377,382,402,517,529,544,650,651,652,653,654,655,763,772,919,964,1041,1043,1066,1108,1443,1468,1469,1470,1471,1472,1473,1474,1475,1476,1477,1478,1479,1480,1481,1482,1483,1484,1485,1486,1487,1488,1489,1490,1491,1492,1493,1494,1495,1496,1497,1498,1499,1500,1501,1502,
671;0;9507;9658;1;27,70,71,91,94,95,96,97,98,99,100,101,102,103,104,105,106,138,155,176,229,316,346,355,377,382,402,517,529,544,650,651,652,653,654,655,763,772,919,964,1041,1043,1066,1108,1443,1468,1469,1470,1471,1472,1473,1474,1475,1476,1477,1478,1479,1480,1481,1482,1483,1484,1485,1486,1487,1488,1489,1490,1491,1492,1493,1494,1495,1496,1497,1498,1499,1500,1501,1502,
671;1;9658;9749;1;27,70,71,91,94,95,96,97,98,99,100,101,102,103,104,105,106,138,155,176,229,316,346,355,377,382,402,517,529,544,650,651,652,653,654,655,763,772,919,964,1041,1043,1066,1108,1443,1468,1469,1470,1471,1472,1473,1474,1475,1476,1477,1478,1479,1480,1481,1482,1483,1484,1485,1486,1487,1488,1489,1490,1491,1492,1493,1494,1495,1496,1497,1498,1499,1500,1501,1502,
694;0;9749;9892;1;27,70,71,91,94,95,96,97,98,99,100,101,102,103,104,105,106,138,155,176,229,316,346,355,377,382,402,517,529,544,650,651,652,653,654,655,763,772,919,964,1041,1043,1066,1108,1443,1468,1469,1470,1471,1472,1473,1474,1475,1476,1477,1478,1479,1480,1481,1482,1483,1484,1485,1486,1487,1488,1489,1490,1491,1492,1493,1494,1495,1496,1497,1498,1499,1500,1501,1502,
694;1;9892;9997;1;27,70,71,91,94,95,96,97,98,99,100,101,102,103,104,105,106,138,155,176,229,316,346,355,377,382,402,517,529,544,650,651,652,653,654,655,763,772,919,964,1041,1043,1066,1108,1443,1468,1469,1470,1471,1472,1473,1474,1475,1476,1477,1478,1479,1480,1481,1482,1483,1484,1485,1486,1487,1488,1489,1490,1491,1492,1493,1494,1495,1496,1497,1498,1499,1500,1501,1502,
END
fineshedJobsCount: 669
switchs: 4686
switchsInstances: 197
unfineshedPriorityCount: 286
finalSolution: 4834
totalUnfineshed: 532
Time: 34
