./input/BaseInstances/6M2_n=629,r=0.4,t=629,v0.txt;./input/Processed/ToolSetInt.csv
7;720;1440
Machine: 0
448;0;0;75;0;0,8,9,10,12,13,14,19,20,35,36,37,38,93,104,127,128,129,130,131,132,133,134,135,138,139,140,141,145,178,179,180,181,182,183,188,195,207,208,209,210,211,242,243,244,263,266,279,321,322,342,353,354,355,356,357,399,400,401,414,421,450,512,513,514,515,535,536,537,538,602,603,604,605,606,607,608,610,611,628,
37;0;75;165;1;0,8,9,10,12,13,14,19,20,35,36,37,38,93,104,127,128,129,130,131,132,133,134,135,138,139,140,141,145,178,179,180,181,182,183,188,195,207,208,209,210,211,242,243,244,263,266,279,321,322,342,353,354,355,356,357,399,400,401,414,421,450,512,513,514,515,535,536,537,538,602,603,604,605,606,607,608,610,611,628,
37;1;165;216;1;0,8,9,10,12,13,14,19,20,35,36,37,38,93,104,127,128,129,130,131,132,133,134,135,138,139,140,141,145,178,179,180,181,182,183,188,195,207,208,209,210,211,242,243,244,263,266,279,321,322,342,353,354,355,356,357,399,400,401,414,421,450,512,513,514,515,535,536,537,538,602,603,604,605,606,607,608,610,611,628,
181;0;216;280;1;0,8,9,10,12,13,14,19,20,35,36,37,38,93,104,127,128,129,130,131,132,133,134,135,138,139,140,141,145,178,179,180,181,182,183,188,195,207,208,209,210,211,242,243,244,263,266,279,321,322,342,353,354,355,356,357,399,400,401,414,421,450,512,513,514,515,535,536,537,538,602,603,604,605,606,607,608,610,611,628,
409;0;280;411;0;0,8,9,10,12,13,14,19,20,35,36,37,38,93,104,127,128,129,130,131,132,133,134,135,138,139,140,141,145,178,179,180,181,182,183,188,195,207,208,209,210,211,242,243,244,263,266,279,321,322,342,353,354,355,356,357,399,400,401,414,421,450,512,513,514,515,535,536,537,538,602,603,604,605,606,607,608,610,611,628,
409;1;411;568;0;0,8,9,10,12,13,14,19,20,35,36,37,38,93,104,127,128,129,130,131,132,133,134,135,138,139,140,141,145,178,179,180,181,182,183,188,195,207,208,209,210,211,242,243,244,263,266,279,321,322,342,353,354,355,356,357,399,400,401,414,421,450,512,513,514,515,535,536,537,538,602,603,604,605,606,607,608,610,611,628,
107;0;568;687;1;0,8,9,10,12,13,14,19,20,35,36,37,38,93,104,127,128,129,130,131,132,133,134,135,138,139,140,141,145,178,179,180,181,182,183,188,195,207,208,209,210,211,242,243,244,263,266,279,321,322,342,353,354,355,356,357,399,400,401,414,421,450,512,513,514,515,535,536,537,538,602,603,604,605,606,607,608,610,611,628,
107;1;687;797;1;0,8,9,10,12,13,14,19,20,35,36,37,38,93,104,127,128,129,130,131,132,133,134,135,138,139,140,141,145,178,179,180,181,182,183,188,195,207,208,209,210,211,242,243,244,263,266,279,321,322,342,353,354,355,356,357,399,400,401,414,421,450,512,513,514,515,535,536,537,538,602,603,604,605,606,607,608,610,611,628,
323;0;797;865;1;0,8,9,10,12,13,14,19,20,35,36,37,38,93,104,127,128,129,130,131,132,133,134,135,138,139,140,141,145,178,179,180,181,182,183,188,195,207,208,209,210,211,242,243,244,263,266,279,321,322,342,353,354,355,356,357,399,400,401,414,421,450,512,513,514,515,535,536,537,538,602,603,604,605,606,607,608,610,611,628,
60;0;865;902;1;0,8,9,10,12,13,14,19,20,35,36,37,38,93,104,127,128,129,130,131,132,133,134,135,138,139,140,141,145,178,179,180,181,182,183,188,195,207,208,209,210,211,242,243,244,263,266,279,321,322,342,353,354,355,356,357,399,400,401,414,421,450,512,513,514,515,535,536,537,538,602,603,604,605,606,607,608,610,611,628,
390;0;902;966;1;0,8,9,10,12,13,14,19,20,35,36,37,38,93,104,127,128,129,130,131,132,133,134,135,138,139,140,141,145,178,179,180,181,182,183,188,195,207,208,209,210,211,242,243,244,263,266,279,321,322,342,353,354,355,356,357,399,400,401,414,421,450,512,513,514,515,535,536,537,538,602,603,604,605,606,607,608,610,611,628,
381;0;966;1000;1;0,8,9,10,12,13,14,19,20,35,36,37,38,93,104,127,128,129,130,131,132,133,134,135,138,139,140,141,145,178,179,180,181,182,183,188,195,207,208,209,210,211,242,243,244,263,266,279,321,322,342,353,354,355,356,357,399,400,401,414,421,450,512,513,514,515,535,536,537,538,602,603,604,605,606,607,608,610,611,628,
58;0;1000;1126;0;0,8,9,10,12,13,14,19,20,35,36,37,38,93,104,127,128,129,130,131,132,133,134,135,138,139,140,141,145,178,179,180,181,182,183,188,195,207,208,209,210,211,242,243,244,263,266,279,321,322,342,353,354,355,356,357,399,400,401,414,421,450,512,513,514,515,535,536,537,538,602,603,604,605,606,607,608,610,611,628,
117;0;1126;1177;1;0,8,9,10,12,13,14,19,20,35,36,37,38,93,104,127,128,129,130,131,132,133,134,135,138,139,140,141,145,178,179,180,181,182,183,188,195,207,208,209,210,211,242,243,244,263,266,279,321,322,342,353,354,355,356,357,399,400,401,414,421,450,512,513,514,515,535,536,537,538,602,603,604,605,606,607,608,610,611,628,
117;1;1177;1312;1;0,8,9,10,12,13,14,19,20,35,36,37,38,93,104,127,128,129,130,131,132,133,134,135,138,139,140,141,145,178,179,180,181,182,183,188,195,207,208,209,210,211,242,243,244,263,266,279,321,322,342,353,354,355,356,357,399,400,401,414,421,450,512,513,514,515,535,536,537,538,602,603,604,605,606,607,608,610,611,628,
161;0;1312;1422;1;0,8,9,10,12,13,14,19,20,35,36,37,38,93,104,127,128,129,130,131,132,133,134,135,138,139,140,141,145,178,179,180,181,182,183,188,195,207,208,209,210,211,242,243,244,263,266,279,321,322,342,353,354,355,356,357,399,400,401,414,421,450,512,513,514,515,535,536,537,538,602,603,604,605,606,607,608,610,611,628,
89;0;1422;1478;0;0,8,9,10,12,13,14,19,20,35,36,37,38,93,104,127,128,129,130,131,132,133,134,135,138,139,140,141,145,178,179,180,181,182,183,188,195,207,208,209,210,211,242,243,244,263,266,279,321,322,342,353,354,355,356,357,399,400,401,414,421,450,512,513,514,515,535,536,537,538,602,603,604,605,606,607,608,610,611,628,
89;1;1478;1656;0;0,8,9,10,12,13,14,19,20,35,36,37,38,93,104,127,128,129,130,131,132,133,134,135,138,139,140,141,145,178,179,180,181,182,183,188,195,207,208,209,210,211,242,243,244,263,266,279,321,322,342,353,354,355,356,357,399,400,401,414,421,450,512,513,514,515,535,536,537,538,602,603,604,605,606,607,608,610,611,628,
22;0;1656;1675;0;0,8,9,10,12,13,14,19,20,35,36,37,38,93,104,127,128,129,130,131,132,133,134,135,138,139,140,141,145,178,179,180,181,182,183,188,195,207,208,209,210,211,242,243,244,263,266,279,321,322,342,353,354,355,356,357,399,400,401,414,421,450,512,513,514,515,535,536,537,538,602,603,604,605,606,607,608,610,611,628,
22;1;1675;1802;0;0,8,9,10,12,13,14,19,20,35,36,37,38,93,104,127,128,129,130,131,132,133,134,135,138,139,140,141,145,178,179,180,181,182,183,188,195,207,208,209,210,211,242,243,244,263,266,279,321,322,342,353,354,355,356,357,399,400,401,414,421,450,512,513,514,515,535,536,537,538,602,603,604,605,606,607,608,610,611,628,
439;0;1802;1932;0;0,8,9,10,12,13,14,19,20,35,36,37,38,93,104,127,128,129,130,131,132,133,134,135,138,139,140,141,145,178,179,180,181,182,183,188,195,207,208,209,210,211,242,243,244,263,266,279,321,322,342,353,354,355,356,357,399,400,401,414,421,450,512,513,514,515,535,536,537,538,602,603,604,605,606,607,608,610,611,628,
439;1;1932;1998;0;0,8,9,10,12,13,14,19,20,35,36,37,38,93,104,127,128,129,130,131,132,133,134,135,138,139,140,141,145,178,179,180,181,182,183,188,195,207,208,209,210,211,242,243,244,263,266,279,321,322,342,353,354,355,356,357,399,400,401,414,421,450,512,513,514,515,535,536,537,538,602,603,604,605,606,607,608,610,611,628,
354;0;1998;2123;1;0,8,9,10,12,13,14,19,20,35,36,37,38,93,104,127,128,129,130,131,132,133,134,135,138,139,140,141,145,178,179,180,181,182,183,188,195,207,208,209,210,211,242,243,244,263,266,279,321,322,342,353,354,355,356,357,399,400,401,414,421,450,512,513,514,515,535,536,537,538,602,603,604,605,606,607,608,610,611,628,
354;1;2123;2232;1;0,8,9,10,12,13,14,19,20,35,36,37,38,93,104,127,128,129,130,131,132,133,134,135,138,139,140,141,145,178,179,180,181,182,183,188,195,207,208,209,210,211,242,243,244,263,266,279,321,322,342,353,354,355,356,357,399,400,401,414,421,450,512,513,514,515,535,536,537,538,602,603,604,605,606,607,608,610,611,628,
86;0;2232;2269;0;0,8,9,10,12,13,14,19,20,35,36,37,38,93,104,127,128,129,130,131,132,133,134,135,138,139,140,141,145,178,179,180,181,182,183,188,195,207,208,209,210,211,242,243,244,263,266,279,321,322,342,353,354,355,356,357,399,400,401,414,421,450,512,513,514,515,535,536,537,538,602,603,604,605,606,607,608,610,611,628,
327;0;2269;2303;1;0,8,9,10,12,13,14,19,20,35,36,37,38,93,104,127,128,129,130,131,132,133,134,135,138,139,140,141,145,178,179,180,181,182,183,188,195,207,208,209,210,211,242,243,244,263,266,279,321,322,342,353,354,355,356,357,399,400,401,414,421,450,512,513,514,515,535,536,537,538,602,603,604,605,606,607,608,610,611,628,
327;1;2303;2451;1;0,8,9,10,12,13,14,19,20,35,36,37,38,93,104,127,128,129,130,131,132,133,134,135,138,139,140,141,145,178,179,180,181,182,183,188,195,207,208,209,210,211,242,243,244,263,266,279,321,322,342,353,354,355,356,357,399,400,401,414,421,450,512,513,514,515,535,536,537,538,602,603,604,605,606,607,608,610,611,628,
333;0;2451;2610;1;0,8,9,10,12,13,14,19,20,35,36,37,38,93,104,127,128,129,130,131,132,133,134,135,138,139,140,141,145,178,179,180,181,182,183,188,195,207,208,209,210,211,242,243,244,263,266,279,321,322,342,353,354,355,356,357,399,400,401,414,421,450,512,513,514,515,535,536,537,538,602,603,604,605,606,607,608,610,611,628,
182;0;2610;2651;0;0,8,9,10,12,13,14,19,20,35,36,37,38,93,104,127,128,129,130,131,132,133,134,135,138,139,140,141,145,178,179,180,181,182,183,188,195,207,208,209,210,211,242,243,244,263,266,279,321,322,342,353,354,355,356,357,399,400,401,414,421,450,512,513,514,515,535,536,537,538,602,603,604,605,606,607,608,610,611,628,
182;1;2651;2661;0;0,8,9,10,12,13,14,19,20,35,36,37,38,93,104,127,128,129,130,131,132,133,134,135,138,139,140,141,145,178,179,180,181,182,183,188,195,207,208,209,210,211,242,243,244,263,266,279,321,322,342,353,354,355,356,357,399,400,401,414,421,450,512,513,514,515,535,536,537,538,602,603,604,605,606,607,608,610,611,628,
76;0;2661;2671;0;0,8,9,10,12,13,14,19,20,35,36,37,38,93,104,127,128,129,130,131,132,133,134,135,138,139,140,141,145,178,179,180,181,182,183,188,195,207,208,209,210,211,242,243,244,263,266,279,321,322,342,353,354,355,356,357,399,400,401,414,421,450,512,513,514,515,535,536,537,538,602,603,604,605,606,607,608,610,611,628,
120;0;2671;2739;1;0,8,9,10,12,13,14,19,20,35,36,37,38,93,104,127,128,129,130,131,132,133,134,135,138,139,140,141,145,178,179,180,181,182,183,188,195,207,208,209,210,211,242,243,244,263,266,279,321,322,342,353,354,355,356,357,399,400,401,414,421,450,512,513,514,515,535,536,537,538,602,603,604,605,606,607,608,610,611,628,
428;0;2739;2749;0;0,8,9,10,12,13,14,19,20,35,36,37,38,93,104,127,128,129,130,131,132,133,134,135,138,139,140,141,145,178,179,180,181,182,183,188,195,207,208,209,210,211,242,243,244,263,266,279,321,322,342,353,354,355,356,357,399,400,401,414,421,450,512,513,514,515,535,536,537,538,602,603,604,605,606,607,608,610,611,628,
447;0;2749;2822;1;0,8,9,10,12,13,14,19,20,35,36,37,38,93,104,127,128,129,130,131,132,133,134,135,138,139,140,141,145,178,179,180,181,182,183,188,195,207,208,209,210,211,242,243,244,263,266,279,321,322,342,353,354,355,356,357,399,400,401,414,421,450,512,513,514,515,535,536,537,538,602,603,604,605,606,607,608,610,611,628,
447;1;2822;2966;1;0,8,9,10,12,13,14,19,20,35,36,37,38,93,104,127,128,129,130,131,132,133,134,135,138,139,140,141,145,178,179,180,181,182,183,188,195,207,208,209,210,211,242,243,244,263,266,279,321,322,342,353,354,355,356,357,399,400,401,414,421,450,512,513,514,515,535,536,537,538,602,603,604,605,606,607,608,610,611,628,
401;0;2966;3101;1;0,8,9,10,12,13,14,19,20,35,36,37,38,93,104,127,128,129,130,131,132,133,134,135,138,139,140,141,145,178,179,180,181,182,183,188,195,207,208,209,210,211,242,243,244,263,266,279,321,322,342,353,354,355,356,357,399,400,401,414,421,450,512,513,514,515,535,536,537,538,602,603,604,605,606,607,608,610,611,628,
206;0;3101;3195;0;0,8,9,10,12,13,14,19,20,35,36,37,38,93,104,127,128,129,130,131,132,133,134,135,138,139,140,141,145,178,179,180,181,182,183,188,195,207,208,209,210,211,242,243,244,263,266,279,321,322,342,353,354,355,356,357,399,400,401,414,421,450,512,513,514,515,535,536,537,538,602,603,604,605,606,607,608,610,611,628,
444;0;3195;3278;1;0,8,9,10,12,13,14,19,20,35,36,37,38,93,104,127,128,129,130,131,132,133,134,135,138,139,140,141,145,178,179,180,181,182,183,188,195,207,208,209,210,211,242,243,244,263,266,279,321,322,342,353,354,355,356,357,399,400,401,414,421,450,512,513,514,515,535,536,537,538,602,603,604,605,606,607,608,610,611,628,
444;1;3278;3415;1;0,8,9,10,12,13,14,19,20,35,36,37,38,93,104,127,128,129,130,131,132,133,134,135,138,139,140,141,145,178,179,180,181,182,183,188,195,207,208,209,210,211,242,243,244,263,266,279,321,322,342,353,354,355,356,357,399,400,401,414,421,450,512,513,514,515,535,536,537,538,602,603,604,605,606,607,608,610,611,628,
257;0;3415;3474;1;0,8,9,10,12,13,14,19,20,35,36,37,38,93,104,127,128,129,130,131,132,133,134,135,138,139,140,141,145,178,179,180,181,182,183,188,195,207,208,209,210,211,242,243,244,263,266,279,321,322,342,353,354,355,356,357,399,400,401,414,421,450,512,513,514,515,535,536,537,538,602,603,604,605,606,607,608,610,611,628,
257;1;3474;3618;1;0,8,9,10,12,13,14,19,20,35,36,37,38,93,104,127,128,129,130,131,132,133,134,135,138,139,140,141,145,178,179,180,181,182,183,188,195,207,208,209,210,211,242,243,244,263,266,279,321,322,342,353,354,355,356,357,399,400,401,414,421,450,512,513,514,515,535,536,537,538,602,603,604,605,606,607,608,610,611,628,
264;0;3618;3774;1;0,8,9,10,12,13,14,19,20,35,36,37,38,93,104,127,128,129,130,131,132,133,134,135,138,139,140,141,145,178,179,180,181,182,183,188,195,207,208,209,210,211,242,243,244,263,266,279,321,322,342,353,354,355,356,357,399,400,401,414,421,450,512,513,514,515,535,536,537,538,602,603,604,605,606,607,608,610,611,628,
264;1;3774;3899;1;0,8,9,10,12,13,14,19,20,35,36,37,38,93,104,127,128,129,130,131,132,133,134,135,138,139,140,141,145,178,179,180,181,182,183,188,195,207,208,209,210,211,242,243,244,263,266,279,321,322,342,353,354,355,356,357,399,400,401,414,421,450,512,513,514,515,535,536,537,538,602,603,604,605,606,607,608,610,611,628,
128;0;3899;3985;0;0,8,9,10,12,13,14,19,20,35,36,37,38,93,104,127,128,129,130,131,132,133,134,135,138,139,140,141,145,178,179,180,181,182,183,188,195,207,208,209,210,211,242,243,244,263,266,279,321,322,342,353,354,355,356,357,399,400,401,414,421,450,512,513,514,515,535,536,537,538,602,603,604,605,606,607,608,610,611,628,
270;0;3985;4036;1;0,8,9,10,12,13,14,19,20,35,36,37,38,93,104,127,128,129,130,131,132,133,134,135,138,139,140,141,145,178,179,180,181,182,183,188,195,207,208,209,210,211,242,243,244,263,266,279,321,322,342,353,354,355,356,357,399,400,401,414,421,450,512,513,514,515,535,536,537,538,602,603,604,605,606,607,608,610,611,628,
347;0;4036;4055;1;0,8,9,10,12,13,14,19,20,35,36,37,38,93,104,127,128,129,130,131,132,133,134,135,138,139,140,141,145,178,179,180,181,182,183,188,195,207,208,209,210,211,242,243,244,263,266,279,321,322,342,353,354,355,356,357,399,400,401,414,421,450,512,513,514,515,535,536,537,538,602,603,604,605,606,607,608,610,611,628,
347;1;4055;4123;1;0,8,9,10,12,13,14,19,20,35,36,37,38,93,104,127,128,129,130,131,132,133,134,135,138,139,140,141,145,178,179,180,181,182,183,188,195,207,208,209,210,211,242,243,244,263,266,279,321,322,342,353,354,355,356,357,399,400,401,414,421,450,512,513,514,515,535,536,537,538,602,603,604,605,606,607,608,610,611,628,
6;0;4123;4254;0;0,8,9,10,12,13,14,19,20,35,36,37,38,93,104,127,128,129,130,131,132,133,134,135,138,139,140,141,145,178,179,180,181,182,183,188,195,207,208,209,210,211,242,243,244,263,266,279,321,322,342,353,354,355,356,357,399,400,401,414,421,450,512,513,514,515,535,536,537,538,602,603,604,605,606,607,608,610,611,628,
418;0;4254;4402;0;0,8,9,10,12,13,14,19,20,35,36,37,38,93,104,127,128,129,130,131,132,133,134,135,138,139,140,141,145,178,179,180,181,182,183,188,195,207,208,209,210,211,242,243,244,263,266,279,321,322,342,353,354,355,356,357,399,400,401,414,421,450,512,513,514,515,535,536,537,538,602,603,604,605,606,607,608,610,611,628,
364;0;4402;4479;1;0,8,9,10,12,13,14,19,20,35,36,37,38,93,104,127,128,129,130,131,132,133,134,135,138,139,140,141,145,178,179,180,181,182,183,188,195,207,208,209,210,211,242,243,244,263,266,279,321,322,342,353,354,355,356,357,399,400,401,414,421,450,512,513,514,515,535,536,537,538,602,603,604,605,606,607,608,610,611,628,
364;1;4479;4514;1;0,8,9,10,12,13,14,19,20,35,36,37,38,93,104,127,128,129,130,131,132,133,134,135,138,139,140,141,145,178,179,180,181,182,183,188,195,207,208,209,210,211,242,243,244,263,266,279,321,322,342,353,354,355,356,357,399,400,401,414,421,450,512,513,514,515,535,536,537,538,602,603,604,605,606,607,608,610,611,628,
24;0;4514;4578;1;0,8,9,10,12,13,14,19,20,35,36,37,38,93,104,127,128,129,130,131,132,133,134,135,138,139,140,141,145,178,179,180,181,182,183,188,195,207,208,209,210,211,242,243,244,263,266,279,321,322,342,353,354,355,356,357,399,400,401,414,421,450,512,513,514,515,535,536,537,538,602,603,604,605,606,607,608,610,611,628,
24;1;4578;4646;1;0,8,9,10,12,13,14,19,20,35,36,37,38,93,104,127,128,129,130,131,132,133,134,135,138,139,140,141,145,178,179,180,181,182,183,188,195,207,208,209,210,211,242,243,244,263,266,279,321,322,342,353,354,355,356,357,399,400,401,414,421,450,512,513,514,515,535,536,537,538,602,603,604,605,606,607,608,610,611,628,
431;0;4646;4739;1;0,8,9,10,12,13,14,19,20,35,36,37,38,93,104,127,128,129,130,131,132,133,134,135,138,139,140,141,145,178,179,180,181,182,183,188,195,207,208,209,210,211,242,243,244,263,266,279,321,322,342,353,354,355,356,357,399,400,401,414,421,450,512,513,514,515,535,536,537,538,602,603,604,605,606,607,608,610,611,628,
189;0;4739;4863;0;0,8,9,10,12,13,14,19,20,35,36,37,38,93,104,127,128,129,130,131,132,133,134,135,138,139,140,141,145,178,179,180,181,182,183,188,195,207,208,209,210,211,242,243,244,263,266,279,321,322,342,353,354,355,356,357,399,400,401,414,421,450,512,513,514,515,535,536,537,538,602,603,604,605,606,607,608,610,611,628,
189;1;4863;4988;0;0,8,9,10,12,13,14,19,20,35,36,37,38,93,104,127,128,129,130,131,132,133,134,135,138,139,140,141,145,178,179,180,181,182,183,188,195,207,208,209,210,211,242,243,244,263,266,279,321,322,342,353,354,355,356,357,399,400,401,414,421,450,512,513,514,515,535,536,537,538,602,603,604,605,606,607,608,610,611,628,
56;0;4988;5005;0;0,8,9,10,12,13,14,19,20,35,36,37,38,93,104,127,128,129,130,131,132,133,134,135,138,139,140,141,145,178,179,180,181,182,183,188,195,207,208,209,210,211,242,243,244,263,266,279,321,322,342,353,354,355,356,357,399,400,401,414,421,450,512,513,514,515,535,536,537,538,602,603,604,605,606,607,608,610,611,628,
282;0;5005;5054;0;0,8,9,10,12,13,14,19,20,35,36,37,38,93,104,127,128,129,130,131,132,133,134,135,138,139,140,141,145,178,179,180,181,182,183,188,195,207,208,209,210,211,242,243,244,263,266,279,321,322,342,353,354,355,356,357,399,400,401,414,421,450,512,513,514,515,535,536,537,538,602,603,604,605,606,607,608,610,611,628,
282;1;5054;5088;0;0,8,9,10,12,13,14,19,20,35,36,37,38,93,104,127,128,129,130,131,132,133,134,135,138,139,140,141,145,178,179,180,181,182,183,188,195,207,208,209,210,211,242,243,244,263,266,279,321,322,342,353,354,355,356,357,399,400,401,414,421,450,512,513,514,515,535,536,537,538,602,603,604,605,606,607,608,610,611,628,
136;0;5088;5161;0;0,8,9,10,12,13,14,19,20,35,36,37,38,93,104,127,128,129,130,131,132,133,134,135,138,139,140,141,145,178,179,180,181,182,183,188,195,207,208,209,210,211,242,243,244,263,266,279,321,322,342,353,354,355,356,357,399,400,401,414,421,450,512,513,514,515,535,536,537,538,602,603,604,605,606,607,608,610,611,628,
133;0;5161;5247;1;0,8,9,10,12,13,14,19,20,35,36,37,38,93,104,127,128,129,130,131,132,133,134,135,138,139,140,141,145,178,179,180,181,182,183,188,195,207,208,209,210,211,242,243,244,263,266,279,321,322,342,353,354,355,356,357,399,400,401,414,421,450,512,513,514,515,535,536,537,538,602,603,604,605,606,607,608,610,611,628,
202;0;5247;5313;0;0,8,9,10,12,13,14,19,20,35,36,37,38,93,104,127,128,129,130,131,132,133,134,135,138,139,140,141,145,178,179,180,181,182,183,188,195,207,208,209,210,211,242,243,244,263,266,279,321,322,342,353,354,355,356,357,399,400,401,414,421,450,512,513,514,515,535,536,537,538,602,603,604,605,606,607,608,610,611,628,
202;1;5313;5399;0;0,8,9,10,12,13,14,19,20,35,36,37,38,93,104,127,128,129,130,131,132,133,134,135,138,139,140,141,145,178,179,180,181,182,183,188,195,207,208,209,210,211,242,243,244,263,266,279,321,322,342,353,354,355,356,357,399,400,401,414,421,450,512,513,514,515,535,536,537,538,602,603,604,605,606,607,608,610,611,628,
403;0;5399;5421;1;0,8,9,10,12,13,14,19,20,35,36,37,38,93,104,127,128,129,130,131,132,133,134,135,138,139,140,141,145,178,179,180,181,182,183,188,195,207,208,209,210,211,242,243,244,263,266,279,321,322,342,353,354,355,356,357,399,400,401,414,421,450,512,513,514,515,535,536,537,538,602,603,604,605,606,607,608,610,611,628,
287;0;5421;5451;1;0,8,9,10,12,13,14,19,20,35,36,37,38,93,104,127,128,129,130,131,132,133,134,135,138,139,140,141,145,178,179,180,181,182,183,188,195,207,208,209,210,211,242,243,244,263,266,279,321,322,342,353,354,355,356,357,399,400,401,414,421,450,512,513,514,515,535,536,537,538,602,603,604,605,606,607,608,610,611,628,
287;1;5451;5600;1;0,8,9,10,12,13,14,19,20,35,36,37,38,93,104,127,128,129,130,131,132,133,134,135,138,139,140,141,145,178,179,180,181,182,183,188,195,207,208,209,210,211,242,243,244,263,266,279,321,322,342,353,354,355,356,357,399,400,401,414,421,450,512,513,514,515,535,536,537,538,602,603,604,605,606,607,608,610,611,628,
399;0;5600;5634;0;0,8,9,10,12,13,14,19,20,35,36,37,38,93,104,127,128,129,130,131,132,133,134,135,138,139,140,141,145,178,179,180,181,182,183,188,195,207,208,209,210,211,242,243,244,263,266,279,321,322,342,353,354,355,356,357,399,400,401,414,421,450,512,513,514,515,535,536,537,538,602,603,604,605,606,607,608,610,611,628,
399;1;5634;5771;0;0,8,9,10,12,13,14,19,20,35,36,37,38,93,104,127,128,129,130,131,132,133,134,135,138,139,140,141,145,178,179,180,181,182,183,188,195,207,208,209,210,211,242,243,244,263,266,279,321,322,342,353,354,355,356,357,399,400,401,414,421,450,512,513,514,515,535,536,537,538,602,603,604,605,606,607,608,610,611,628,
284;0;5771;5913;1;0,8,9,10,12,13,14,19,20,35,36,37,38,93,104,127,128,129,130,131,132,133,134,135,138,139,140,141,145,178,179,180,181,182,183,188,195,207,208,209,210,211,242,243,244,263,266,279,321,322,342,353,354,355,356,357,399,400,401,414,421,450,512,513,514,515,535,536,537,538,602,603,604,605,606,607,608,610,611,628,
284;1;5913;5947;1;0,8,9,10,12,13,14,19,20,35,36,37,38,93,104,127,128,129,130,131,132,133,134,135,138,139,140,141,145,178,179,180,181,182,183,188,195,207,208,209,210,211,242,243,244,263,266,279,321,322,342,353,354,355,356,357,399,400,401,414,421,450,512,513,514,515,535,536,537,538,602,603,604,605,606,607,608,610,611,628,
250;0;5947;6084;1;0,8,9,10,12,13,14,19,20,35,36,37,38,93,104,127,128,129,130,131,132,133,134,135,138,139,140,141,145,178,179,180,181,182,183,188,195,207,208,209,210,211,242,243,244,263,266,279,321,322,342,353,354,355,356,357,399,400,401,414,421,450,512,513,514,515,535,536,537,538,602,603,604,605,606,607,608,610,611,628,
351;0;6084;6152;1;0,8,9,10,12,13,14,19,20,35,36,37,38,93,104,127,128,129,130,131,132,133,134,135,138,139,140,141,145,178,179,180,181,182,183,188,195,207,208,209,210,211,242,243,244,263,266,279,321,322,342,353,354,355,356,357,399,400,401,414,421,450,512,513,514,515,535,536,537,538,602,603,604,605,606,607,608,610,611,628,
170;0;6152;6216;1;0,8,9,10,12,13,14,19,20,35,36,37,38,93,104,127,128,129,130,131,132,133,134,135,136,137,138,139,140,141,142,143,144,145,146,147,148,149,150,151,152,153,154,155,156,157,158,159,160,161,162,163,164,165,166,167,168,169,170,171,172,173,174,175,176,177,178,207,210,211,242,243,244,263,266,342,354,421,450,512,
302;0;6216;6350;0;0,8,9,10,12,13,14,19,20,35,36,37,38,93,104,127,128,129,130,131,132,133,134,135,136,137,138,139,140,141,142,143,144,145,146,147,148,149,150,151,152,153,154,155,156,157,158,159,160,161,162,163,164,165,166,167,168,169,170,171,172,173,174,175,176,177,178,207,210,211,242,243,244,263,266,342,354,421,450,512,
302;1;6350;6414;0;0,8,9,10,12,13,14,19,20,35,36,37,38,93,104,127,128,129,130,131,132,133,134,135,136,137,138,139,140,141,142,143,144,145,146,147,148,149,150,151,152,153,154,155,156,157,158,159,160,161,162,163,164,165,166,167,168,169,170,171,172,173,174,175,176,177,178,207,210,211,242,243,244,263,266,342,354,421,450,512,
20;0;6414;6478;1;0,8,9,10,12,13,14,19,20,35,36,37,38,93,104,127,128,129,130,131,132,133,134,135,136,137,138,139,140,141,142,143,144,145,146,147,148,149,150,151,152,153,154,155,156,157,158,159,160,161,162,163,164,165,166,167,168,169,170,171,172,173,174,175,176,177,178,207,210,211,242,243,244,263,266,342,354,421,450,512,
23;0;6478;6651;1;0,8,9,13,14,20,35,37,99,100,104,108,109,110,124,125,128,129,133,138,141,178,207,210,211,233,240,241,242,243,244,245,246,247,248,249,250,251,252,253,254,255,256,257,258,259,260,261,262,263,265,266,269,270,342,354,421,444,450,461,488,512,527,528,529,530,531,532,533,534,561,562,563,564,565,566,567,568,569,570,
256;0;6651;6669;0;0,8,9,13,14,20,35,37,99,100,104,108,109,110,124,125,128,129,133,138,141,178,207,210,211,233,240,241,242,243,244,245,246,247,248,249,250,251,252,253,254,255,256,257,258,259,260,261,262,263,265,266,269,270,342,354,421,444,450,461,488,512,527,528,529,530,531,532,533,534,561,562,563,564,565,566,567,568,569,570,
375;0;6669;6697;0;0,8,9,13,14,20,35,37,99,100,104,108,109,110,124,125,128,129,133,138,141,178,207,210,211,233,240,241,242,243,244,245,246,247,248,249,250,251,252,253,254,255,256,257,258,259,260,261,262,263,265,266,269,270,342,354,421,444,450,461,488,512,527,528,529,530,531,532,533,534,561,562,563,564,565,566,567,568,569,570,
362;0;6697;6765;0;0,8,9,13,14,20,35,37,99,100,104,108,109,110,124,125,128,129,133,138,141,178,207,210,211,233,240,241,242,243,244,245,246,247,248,249,250,251,252,253,254,255,256,257,258,259,260,261,262,263,265,266,269,270,342,354,421,444,450,461,488,512,527,528,529,530,531,532,533,534,561,562,563,564,565,566,567,568,569,570,
362;1;6765;6793;0;0,8,9,13,14,20,35,37,99,100,104,108,109,110,124,125,128,129,133,138,141,178,207,210,211,233,240,241,242,243,244,245,246,247,248,249,250,251,252,253,254,255,256,257,258,259,260,261,262,263,265,266,269,270,342,354,421,444,450,461,488,512,527,528,529,530,531,532,533,534,561,562,563,564,565,566,567,568,569,570,
223;0;6793;6807;1;0,8,9,13,14,20,35,37,99,100,104,108,109,110,124,125,128,129,133,138,141,178,207,210,211,233,240,241,242,243,244,245,246,247,248,249,250,251,252,253,254,255,256,257,258,259,260,261,262,263,265,266,269,270,342,354,421,444,450,461,488,512,527,528,529,530,531,532,533,534,561,562,563,564,565,566,567,568,569,570,
301;0;6807;6829;1;0,8,9,13,14,20,35,37,99,100,104,108,109,110,124,125,128,129,133,138,141,178,207,210,211,233,240,241,242,243,244,245,246,247,248,249,250,251,252,253,254,255,256,257,258,259,260,261,262,263,265,266,269,270,342,354,421,444,450,461,488,512,527,528,529,530,531,532,533,534,561,562,563,564,565,566,567,568,569,570,
295;0;6829;6902;0;0,8,9,13,14,20,35,37,99,100,104,108,109,110,124,125,128,129,133,138,141,178,207,210,211,233,240,241,242,243,244,245,246,247,248,249,250,251,252,253,254,255,256,257,258,259,260,261,262,263,265,266,269,270,342,354,421,444,450,461,488,512,527,528,529,530,531,532,533,534,561,562,563,564,565,566,567,568,569,570,
216;0;6902;7039;0;0,8,9,13,14,20,35,37,99,100,104,108,109,110,124,125,128,129,133,138,141,178,207,210,211,233,240,241,242,243,244,245,246,247,248,249,250,251,252,253,254,255,256,257,258,259,260,261,262,263,265,266,269,270,342,354,421,444,450,461,488,512,527,528,529,530,531,532,533,534,561,562,563,564,565,566,567,568,569,570,
269;0;7039;7137;0;0,8,9,13,14,20,35,37,99,100,104,108,109,110,124,125,128,129,133,138,141,178,207,210,211,233,240,241,242,243,244,245,246,247,248,249,250,251,252,253,254,255,256,257,258,259,260,261,262,263,265,266,269,270,342,354,421,444,450,461,488,512,527,528,529,530,531,532,533,534,561,562,563,564,565,566,567,568,569,570,
269;1;7137;7297;0;0,8,9,13,14,20,35,37,99,100,104,108,109,110,124,125,128,129,133,138,141,178,207,210,211,233,240,241,242,243,244,245,246,247,248,249,250,251,252,253,254,255,256,257,258,259,260,261,262,263,265,266,269,270,342,354,421,444,450,461,488,512,527,528,529,530,531,532,533,534,561,562,563,564,565,566,567,568,569,570,
370;0;7297;7422;1;0,8,9,13,14,20,35,37,99,100,104,108,109,110,124,125,128,129,133,138,141,178,207,210,211,233,240,241,242,243,244,245,246,247,248,249,250,251,252,253,254,255,256,257,258,259,260,261,262,263,265,266,269,270,342,354,421,444,450,461,488,512,527,528,529,530,531,532,533,534,561,562,563,564,565,566,567,568,569,570,
263;0;7422;7495;1;0,8,9,13,14,20,35,37,99,100,104,108,109,110,124,125,128,129,133,138,141,178,207,210,211,233,240,241,242,243,244,245,246,247,248,249,250,251,252,253,254,255,256,257,258,259,260,261,262,263,265,266,269,270,342,354,421,444,450,461,488,512,527,528,529,530,531,532,533,534,561,562,563,564,565,566,567,568,569,570,
260;0;7495;7568;1;0,8,9,13,14,20,35,37,99,100,104,108,109,110,124,125,128,129,133,138,141,178,207,210,211,233,240,241,242,243,244,245,246,247,248,249,250,251,252,253,254,255,256,257,258,259,260,261,262,263,265,266,269,270,342,354,421,444,450,461,488,512,527,528,529,530,531,532,533,534,561,562,563,564,565,566,567,568,569,570,
205;0;7568;7600;0;0,8,9,13,14,20,35,37,99,100,104,108,109,110,124,125,128,129,133,138,141,178,207,210,211,233,240,241,242,243,244,245,246,247,248,249,250,251,252,253,254,255,256,257,258,259,260,261,262,263,265,266,269,270,342,354,421,444,450,461,488,512,527,528,529,530,531,532,533,534,561,562,563,564,565,566,567,568,569,570,
273;0;7600;7655;1;0,8,9,13,14,20,35,37,99,100,104,108,109,110,124,125,128,129,133,138,141,178,207,210,211,233,240,241,242,243,244,245,246,247,248,249,250,251,252,253,254,255,256,257,258,259,260,261,262,263,265,266,269,270,342,354,421,444,450,461,488,512,527,528,529,530,531,532,533,534,561,562,563,564,565,566,567,568,569,570,
59;0;7655;7733;0;0,8,9,13,14,20,35,37,99,100,104,108,109,110,124,125,128,129,133,138,141,178,207,210,211,233,240,241,242,243,244,245,246,247,248,249,250,251,252,253,254,255,256,257,258,259,260,261,262,263,265,266,269,270,342,354,421,444,450,461,488,512,527,528,529,530,531,532,533,534,561,562,563,564,565,566,567,568,569,570,
59;1;7733;7858;0;0,8,9,13,14,20,35,37,99,100,104,108,109,110,124,125,128,129,133,138,141,178,207,210,211,233,240,241,242,243,244,245,246,247,248,249,250,251,252,253,254,255,256,257,258,259,260,261,262,263,265,266,269,270,342,354,421,444,450,461,488,512,527,528,529,530,531,532,533,534,561,562,563,564,565,566,567,568,569,570,
382;0;7858;7944;0;0,8,9,13,14,20,21,22,35,37,81,99,100,104,108,110,115,124,125,128,138,141,178,193,196,207,210,211,233,240,241,243,244,245,246,247,248,249,250,251,252,253,254,255,256,257,258,265,342,354,380,403,404,405,406,407,421,450,488,512,516,517,518,519,520,521,522,523,524,525,526,532,550,568,591,592,593,594,595,596,
382;1;7944;8076;0;0,8,9,13,14,20,21,22,35,37,81,99,100,104,108,110,115,124,125,128,138,141,178,193,196,207,210,211,233,240,241,243,244,245,246,247,248,249,250,251,252,253,254,255,256,257,258,265,342,354,380,403,404,405,406,407,421,450,488,512,516,517,518,519,520,521,522,523,524,525,526,532,550,568,591,592,593,594,595,596,
142;0;8076;8099;0;0,8,9,13,14,20,21,22,35,37,81,99,100,104,108,110,115,124,125,128,138,141,178,193,196,207,210,211,233,240,241,243,244,245,246,247,248,249,250,251,252,253,254,255,256,257,258,265,342,354,380,403,404,405,406,407,421,450,488,512,516,517,518,519,520,521,522,523,524,525,526,532,550,568,591,592,593,594,595,596,
142;1;8099;8108;0;0,8,9,13,14,20,21,22,35,37,81,99,100,104,108,110,115,124,125,128,138,141,178,193,196,207,210,211,233,240,241,243,244,245,246,247,248,249,250,251,252,253,254,255,256,257,258,265,342,354,380,403,404,405,406,407,421,450,488,512,516,517,518,519,520,521,522,523,524,525,526,532,550,568,591,592,593,594,595,596,
331;0;8108;8272;1;0,8,9,13,14,20,21,22,35,37,81,99,100,104,108,110,115,124,125,128,138,141,178,193,196,207,210,211,233,240,241,243,244,245,246,247,248,249,250,251,252,253,254,255,256,257,258,265,342,354,380,403,404,405,406,407,421,450,488,512,516,517,518,519,520,521,522,523,524,525,526,532,550,568,591,592,593,594,595,596,
194;0;8272;8325;1;0,8,9,13,14,20,21,22,35,37,81,99,100,104,108,110,115,124,125,128,138,141,178,193,196,207,210,211,233,240,241,243,244,245,246,247,248,249,250,251,252,253,254,255,256,257,258,265,342,354,380,403,404,405,406,407,421,450,488,512,516,517,518,519,520,521,522,523,524,525,526,532,550,568,591,592,593,594,595,596,
194;1;8325;8359;1;0,8,9,13,14,20,21,22,35,37,81,99,100,104,108,110,115,124,125,128,138,141,178,193,196,207,210,211,233,240,241,243,244,245,246,247,248,249,250,251,252,253,254,255,256,257,258,265,342,354,380,403,404,405,406,407,421,450,488,512,516,517,518,519,520,521,522,523,524,525,526,532,550,568,591,592,593,594,595,596,
294;0;8359;8510;1;0,8,9,13,14,20,21,22,35,37,81,99,100,104,108,110,115,124,125,128,138,141,178,193,196,207,210,211,233,240,241,243,244,245,246,247,248,249,250,251,252,253,254,255,256,257,258,265,342,354,380,403,404,405,406,407,421,450,488,512,516,517,518,519,520,521,522,523,524,525,526,532,550,568,591,592,593,594,595,596,
294;1;8510;8674;1;0,8,9,13,14,20,21,22,35,37,81,99,100,104,108,110,115,124,125,128,138,141,178,193,196,207,210,211,233,240,241,243,244,245,246,247,248,249,250,251,252,253,254,255,256,257,258,265,342,354,380,403,404,405,406,407,421,450,488,512,516,517,518,519,520,521,522,523,524,525,526,532,550,568,591,592,593,594,595,596,
53;0;8674;8692;1;0,8,9,13,14,20,21,22,35,37,81,99,100,104,108,110,115,124,125,128,138,141,178,193,196,207,210,211,233,240,241,243,244,245,246,247,248,249,250,251,252,253,254,255,256,257,258,265,342,354,380,403,404,405,406,407,421,450,488,512,516,517,518,519,520,521,522,523,524,525,526,532,550,568,591,592,593,594,595,596,
160;0;8692;8701;1;0,8,9,13,14,20,21,22,35,37,81,99,100,104,108,110,115,124,125,128,138,141,178,193,196,207,210,211,233,240,241,243,244,245,246,247,248,249,250,251,252,253,254,255,256,257,258,265,342,354,380,403,404,405,406,407,421,450,488,512,516,517,518,519,520,521,522,523,524,525,526,532,550,568,591,592,593,594,595,596,
267;0;8701;8839;1;0,8,9,13,14,20,21,22,35,37,81,99,100,104,108,110,115,124,125,128,138,141,178,193,196,207,210,211,421,462,463,464,465,466,467,468,469,470,471,472,473,474,475,476,477,478,479,480,481,482,483,484,485,486,487,488,489,490,491,492,493,494,495,496,497,498,499,500,501,502,503,504,505,506,507,508,509,510,511,512,
267;1;8839;8864;1;0,8,9,13,14,20,21,22,35,37,81,99,100,104,108,110,115,124,125,128,138,141,178,193,196,207,210,211,421,462,463,464,465,466,467,468,469,470,471,472,473,474,475,476,477,478,479,480,481,482,483,484,485,486,487,488,489,490,491,492,493,494,495,496,497,498,499,500,501,502,503,504,505,506,507,508,509,510,511,512,
Machine: 1
249;0;0;142;0;0,1,2,8,9,10,11,12,13,14,15,16,17,18,23,24,28,42,81,90,91,94,95,96,97,98,113,114,115,116,127,128,130,138,178,196,212,264,280,281,282,283,284,292,294,300,307,317,324,328,329,330,331,332,353,376,377,378,379,382,383,384,418,419,420,543,544,545,546,547,548,549,550,551,552,553,554,555,556,557,
249;1;142;211;0;0,1,2,8,9,10,11,12,13,14,15,16,17,18,23,24,28,42,81,90,91,94,95,96,97,98,113,114,115,116,127,128,130,138,178,196,212,264,280,281,282,283,284,292,294,300,307,317,324,328,329,330,331,332,353,376,377,378,379,382,383,384,418,419,420,543,544,545,546,547,548,549,550,551,552,553,554,555,556,557,
187;0;211;284;1;0,1,2,8,9,10,11,12,13,14,15,16,17,18,23,24,28,42,81,90,91,94,95,96,97,98,113,114,115,116,127,128,130,138,178,196,212,264,280,281,282,283,284,292,294,300,307,317,324,328,329,330,331,332,353,376,377,378,379,382,383,384,418,419,420,543,544,545,546,547,548,549,550,551,552,553,554,555,556,557,
187;1;284;435;1;0,1,2,8,9,10,11,12,13,14,15,16,17,18,23,24,28,42,81,90,91,94,95,96,97,98,113,114,115,116,127,128,130,138,178,196,212,264,280,281,282,283,284,292,294,300,307,317,324,328,329,330,331,332,353,376,377,378,379,382,383,384,418,419,420,543,544,545,546,547,548,549,550,551,552,553,554,555,556,557,
271;0;435;484;1;0,1,2,8,9,10,11,12,13,14,15,16,17,18,23,24,28,42,81,90,91,94,95,96,97,98,113,114,115,116,127,128,130,138,178,196,212,264,280,281,282,283,284,292,294,300,307,317,324,328,329,330,331,332,353,376,377,378,379,382,383,384,418,419,420,543,544,545,546,547,548,549,550,551,552,553,554,555,556,557,
358;0;484;573;0;0,1,2,8,9,10,11,12,13,14,15,16,17,18,23,24,28,42,81,90,91,94,95,96,97,98,113,114,115,116,127,128,130,138,178,196,212,264,280,281,282,283,284,292,294,300,307,317,324,328,329,330,331,332,353,376,377,378,379,382,383,384,418,419,420,543,544,545,546,547,548,549,550,551,552,553,554,555,556,557,
337;0;573;730;1;0,1,2,8,9,10,11,12,13,14,15,16,17,18,23,24,28,42,81,90,91,94,95,96,97,98,113,114,115,116,127,128,130,138,178,196,212,264,280,281,282,283,284,292,294,300,307,317,324,328,329,330,331,332,353,376,377,378,379,382,383,384,418,419,420,543,544,545,546,547,548,549,550,551,552,553,554,555,556,557,
337;1;730;797;1;0,1,2,8,9,10,11,12,13,14,15,16,17,18,23,24,28,42,81,90,91,94,95,96,97,98,113,114,115,116,127,128,130,138,178,196,212,264,280,281,282,283,284,292,294,300,307,317,324,328,329,330,331,332,353,376,377,378,379,382,383,384,418,419,420,543,544,545,546,547,548,549,550,551,552,553,554,555,556,557,
316;0;797;895;0;0,1,2,8,9,10,11,12,13,14,15,16,17,18,23,24,28,42,81,90,91,94,95,96,97,98,113,114,115,116,127,128,130,138,178,196,212,264,280,281,282,283,284,292,294,300,307,317,324,328,329,330,331,332,353,376,377,378,379,382,383,384,418,419,420,543,544,545,546,547,548,549,550,551,552,553,554,555,556,557,
275;0;895;1043;0;0,1,2,8,9,10,11,12,13,14,15,16,17,18,23,24,28,42,81,90,91,94,95,96,97,98,113,114,115,116,127,128,130,138,178,196,212,264,280,281,282,283,284,292,294,300,307,317,324,328,329,330,331,332,353,376,377,378,379,382,383,384,418,419,420,543,544,545,546,547,548,549,550,551,552,553,554,555,556,557,
208;0;1043;1207;0;0,1,2,8,9,10,11,12,13,14,15,16,17,18,23,24,28,42,81,90,91,94,95,96,97,98,113,114,115,116,127,128,130,138,178,196,212,264,280,281,282,283,284,292,294,300,307,317,324,328,329,330,331,332,353,376,377,378,379,382,383,384,418,419,420,543,544,545,546,547,548,549,550,551,552,553,554,555,556,557,
215;0;1207;1351;0;0,1,2,8,9,10,11,12,13,14,15,16,17,18,23,24,28,42,81,90,91,94,95,96,97,98,113,114,115,116,127,128,130,138,178,196,212,264,280,281,282,283,284,292,294,300,307,317,324,328,329,330,331,332,353,376,377,378,379,382,383,384,418,419,420,543,544,545,546,547,548,549,550,551,552,553,554,555,556,557,
241;0;1351;1449;1;0,1,2,8,9,10,11,12,13,14,15,16,17,18,23,24,28,42,81,90,91,94,95,96,97,98,113,114,115,116,127,128,130,138,178,196,212,264,280,281,282,283,284,292,294,300,307,317,324,328,329,330,331,332,353,376,377,378,379,382,383,384,418,419,420,543,544,545,546,547,548,549,550,551,552,553,554,555,556,557,
118;0;1449;1545;0;0,1,2,8,9,10,11,12,13,14,15,16,17,18,23,24,28,42,81,90,91,94,95,96,97,98,113,114,115,116,127,128,130,138,178,196,212,264,280,281,282,283,284,292,294,300,307,317,324,328,329,330,331,332,353,376,377,378,379,382,383,384,418,419,420,543,544,545,546,547,548,549,550,551,552,553,554,555,556,557,
417;0;1545;1609;1;0,1,2,8,9,10,11,12,13,14,15,16,17,18,23,24,28,42,81,90,91,94,95,96,97,98,113,114,115,116,127,128,130,138,178,196,212,264,280,281,282,283,284,292,294,300,307,317,324,328,329,330,331,332,353,376,377,378,379,382,383,384,418,419,420,543,544,545,546,547,548,549,550,551,552,553,554,555,556,557,
417;1;1609;1614;1;0,1,2,8,9,10,11,12,13,14,15,16,17,18,23,24,28,42,81,90,91,94,95,96,97,98,113,114,115,116,127,128,130,138,178,196,212,264,280,281,282,283,284,292,294,300,307,317,324,328,329,330,331,332,353,376,377,378,379,382,383,384,418,419,420,543,544,545,546,547,548,549,550,551,552,553,554,555,556,557,
336;0;1614;1646;0;0,1,2,8,9,10,11,12,13,14,15,16,17,18,23,24,28,42,81,90,91,94,95,96,97,98,113,114,115,116,127,128,130,138,178,196,212,264,280,281,282,283,284,292,294,300,307,317,324,328,329,330,331,332,353,376,377,378,379,382,383,384,418,419,420,543,544,545,546,547,548,549,550,551,552,553,554,555,556,557,
300;0;1646;1790;1;0,1,2,8,9,10,11,12,13,14,15,16,17,18,23,24,28,42,81,90,91,94,95,96,97,98,113,114,115,116,127,128,130,138,178,196,212,264,280,281,282,283,284,292,294,300,307,317,324,328,329,330,331,332,353,376,377,378,379,382,383,384,418,419,420,543,544,545,546,547,548,549,550,551,552,553,554,555,556,557,
441;0;1790;1946;1;0,1,2,8,9,10,11,12,13,14,15,16,17,18,23,24,28,42,81,90,91,94,95,96,97,98,113,114,115,116,127,128,130,138,178,196,212,264,280,281,282,283,284,292,294,300,307,317,324,328,329,330,331,332,353,376,377,378,379,382,383,384,418,419,420,543,544,545,546,547,548,549,550,551,552,553,554,555,556,557,
374;0;1946;2033;1;0,1,2,8,9,10,11,12,13,14,15,16,17,18,23,24,28,42,81,90,91,94,95,96,97,98,113,114,115,116,127,128,130,138,178,196,212,264,280,281,282,283,284,292,294,300,307,317,324,328,329,330,331,332,353,376,377,378,379,382,383,384,418,419,420,543,544,545,546,547,548,549,550,551,552,553,554,555,556,557,
374;1;2033;2193;1;0,1,2,8,9,10,11,12,13,14,15,16,17,18,23,24,28,42,81,90,91,94,95,96,97,98,113,114,115,116,127,128,130,138,178,196,212,264,280,281,282,283,284,292,294,300,307,317,324,328,329,330,331,332,353,376,377,378,379,382,383,384,418,419,420,543,544,545,546,547,548,549,550,551,552,553,554,555,556,557,
55;0;2193;2337;0;0,1,2,8,9,10,11,12,13,14,15,16,17,18,23,24,28,42,81,90,91,94,95,96,97,98,113,114,115,116,127,128,130,138,178,196,212,264,280,281,282,283,284,292,294,300,307,317,324,328,329,330,331,332,353,376,377,378,379,382,383,384,418,419,420,543,544,545,546,547,548,549,550,551,552,553,554,555,556,557,
242;0;2337;2513;0;0,1,2,8,9,10,11,12,13,14,15,16,17,18,23,24,28,42,81,90,91,94,95,96,97,98,113,114,115,116,127,128,130,138,178,196,212,264,280,281,282,283,284,292,294,300,307,317,324,328,329,330,331,332,353,376,377,378,379,382,383,384,418,419,420,543,544,545,546,547,548,549,550,551,552,553,554,555,556,557,
242;1;2513;2624;0;0,1,2,8,9,10,11,12,13,14,15,16,17,18,23,24,28,42,81,90,91,94,95,96,97,98,113,114,115,116,127,128,130,138,178,196,212,264,280,281,282,283,284,292,294,300,307,317,324,328,329,330,331,332,353,376,377,378,379,382,383,384,418,419,420,543,544,545,546,547,548,549,550,551,552,553,554,555,556,557,
276;0;2624;2660;0;0,1,2,8,9,10,11,12,13,14,15,16,17,18,23,24,28,42,81,90,91,94,95,96,97,98,113,114,115,116,127,128,130,138,178,196,212,264,280,281,282,283,284,292,294,300,307,317,324,328,329,330,331,332,353,376,377,378,379,382,383,384,418,419,420,543,544,545,546,547,548,549,550,551,552,553,554,555,556,557,
119;0;2660;2697;0;0,1,2,8,9,10,11,12,13,14,15,16,17,18,23,24,28,42,81,90,91,94,95,96,97,98,113,114,115,116,127,128,130,138,178,196,212,264,280,281,282,283,284,292,294,300,307,317,324,328,329,330,331,332,353,376,377,378,379,382,383,384,418,419,420,543,544,545,546,547,548,549,550,551,552,553,554,555,556,557,
119;1;2697;2842;0;0,1,2,8,9,10,11,12,13,14,15,16,17,18,23,24,28,42,81,90,91,94,95,96,97,98,113,114,115,116,127,128,130,138,178,196,212,264,280,281,282,283,284,292,294,300,307,317,324,328,329,330,331,332,353,376,377,378,379,382,383,384,418,419,420,543,544,545,546,547,548,549,550,551,552,553,554,555,556,557,
376;0;2842;2908;0;0,1,2,8,9,10,11,12,13,14,15,16,17,18,23,24,28,42,81,90,91,94,95,96,97,98,113,114,115,116,127,128,130,138,178,196,212,264,280,281,282,283,284,292,294,300,307,317,324,328,329,330,331,332,353,376,377,378,379,382,383,384,418,419,420,543,544,545,546,547,548,549,550,551,552,553,554,555,556,557,
357;0;2908;3060;1;0,1,2,8,9,10,11,12,13,14,15,16,17,18,23,24,28,42,81,90,91,94,95,96,97,98,113,114,115,116,127,128,130,138,178,196,212,264,280,281,282,283,284,292,294,300,307,317,324,328,329,330,331,332,353,376,377,378,379,382,383,384,418,419,420,543,544,545,546,547,548,549,550,551,552,553,554,555,556,557,
357;1;3060;3084;1;0,1,2,8,9,10,11,12,13,14,15,16,17,18,23,24,28,42,81,90,91,94,95,96,97,98,113,114,115,116,127,128,130,138,178,196,212,264,280,281,282,283,284,292,294,300,307,317,324,328,329,330,331,332,353,376,377,378,379,382,383,384,418,419,420,543,544,545,546,547,548,549,550,551,552,553,554,555,556,557,
319;0;3084;3178;0;0,1,2,8,9,10,11,12,13,14,15,16,17,18,23,24,28,42,81,90,91,94,95,96,97,98,113,114,115,116,127,128,130,138,178,196,212,264,280,281,282,283,284,292,294,300,307,317,324,328,329,330,331,332,353,376,377,378,379,382,383,384,418,419,420,543,544,545,546,547,548,549,550,551,552,553,554,555,556,557,
319;1;3178;3287;0;0,1,2,8,9,10,11,12,13,14,15,16,17,18,23,24,28,42,81,90,91,94,95,96,97,98,113,114,115,116,127,128,130,138,178,196,212,264,280,281,282,283,284,292,294,300,307,317,324,328,329,330,331,332,353,376,377,378,379,382,383,384,418,419,420,543,544,545,546,547,548,549,550,551,552,553,554,555,556,557,
176;0;3287;3328;0;0,1,2,8,9,10,11,12,13,14,15,16,17,18,23,24,28,42,81,90,91,94,95,96,97,98,113,114,115,116,127,128,130,138,178,196,212,264,280,281,282,283,284,292,294,300,307,317,324,328,329,330,331,332,353,376,377,378,379,382,383,384,418,419,420,543,544,545,546,547,548,549,550,551,552,553,554,555,556,557,
234;0;3328;3388;1;0,1,2,8,9,10,11,12,13,14,15,16,17,18,23,24,28,42,81,90,91,94,95,96,97,98,113,114,115,116,127,128,130,138,178,196,212,264,280,281,282,283,284,292,294,300,307,317,324,328,329,330,331,332,353,376,377,378,379,382,383,384,418,419,420,543,544,545,546,547,548,549,550,551,552,553,554,555,556,557,
234;1;3388;3420;1;0,1,2,8,9,10,11,12,13,14,15,16,17,18,23,24,28,42,81,90,91,94,95,96,97,98,113,114,115,116,127,128,130,138,178,196,212,264,280,281,282,283,284,292,294,300,307,317,324,328,329,330,331,332,353,376,377,378,379,382,383,384,418,419,420,543,544,545,546,547,548,549,550,551,552,553,554,555,556,557,
388;0;3420;3584;0;0,1,2,8,9,10,11,12,13,14,15,16,17,18,23,24,28,42,81,90,91,94,95,96,97,98,113,114,115,116,127,128,130,138,178,196,212,264,280,281,282,283,284,292,294,300,307,317,324,328,329,330,331,332,353,376,377,378,379,382,383,384,418,419,420,543,544,545,546,547,548,549,550,551,552,553,554,555,556,557,
46;0;3584;3735;0;0,1,2,8,9,10,11,12,13,14,15,16,17,18,23,24,28,42,81,90,91,94,95,96,97,98,113,114,115,116,127,128,130,138,178,196,212,264,280,281,282,283,284,292,294,300,307,317,324,328,329,330,331,332,353,376,377,378,379,382,383,384,418,419,420,543,544,545,546,547,548,549,550,551,552,553,554,555,556,557,
63;0;3735;3815;1;0,1,2,8,9,10,11,12,13,14,15,16,17,18,23,24,28,42,81,90,91,94,95,96,97,98,113,114,115,116,127,128,130,138,178,196,212,264,280,281,282,283,284,292,294,300,307,317,324,328,329,330,331,332,353,376,377,378,379,382,383,384,418,419,420,543,544,545,546,547,548,549,550,551,552,553,554,555,556,557,
132;0;3815;3849;0;0,1,2,8,9,10,11,12,13,14,15,16,17,18,23,24,28,42,81,90,91,94,95,96,97,98,113,114,115,116,127,128,130,138,178,196,212,264,280,281,282,283,284,292,294,300,307,317,324,328,329,330,331,332,353,376,377,378,379,382,383,384,418,419,420,543,544,545,546,547,548,549,550,551,552,553,554,555,556,557,
132;1;3849;3967;0;0,1,2,8,9,10,11,12,13,14,15,16,17,18,23,24,28,42,81,90,91,94,95,96,97,98,113,114,115,116,127,128,130,138,178,196,212,264,280,281,282,283,284,292,294,300,307,317,324,328,329,330,331,332,353,376,377,378,379,382,383,384,418,419,420,543,544,545,546,547,548,549,550,551,552,553,554,555,556,557,
389;0;3967;4145;0;0,1,2,8,9,10,11,12,13,14,15,16,17,18,23,24,28,42,81,90,91,94,95,96,97,98,113,114,115,116,127,128,130,138,178,196,212,264,280,281,282,283,284,292,294,300,307,317,324,328,329,330,331,332,353,376,377,378,379,382,383,384,418,419,420,543,544,545,546,547,548,549,550,551,552,553,554,555,556,557,
389;1;4145;4177;0;0,1,2,8,9,10,11,12,13,14,15,16,17,18,23,24,28,42,81,90,91,94,95,96,97,98,113,114,115,116,127,128,130,138,178,196,212,264,280,281,282,283,284,292,294,300,307,317,324,328,329,330,331,332,353,376,377,378,379,382,383,384,418,419,420,543,544,545,546,547,548,549,550,551,552,553,554,555,556,557,
97;0;4177;4301;1;0,1,2,8,9,10,11,12,13,14,15,16,17,18,23,24,28,42,81,90,91,94,95,96,97,98,113,114,115,116,127,128,130,138,178,196,212,264,280,281,282,283,284,292,294,300,307,317,324,328,329,330,331,332,353,376,377,378,379,382,383,384,418,419,420,543,544,545,546,547,548,549,550,551,552,553,554,555,556,557,
97;1;4301;4465;1;0,1,2,8,9,10,11,12,13,14,15,16,17,18,23,24,28,42,81,90,91,94,95,96,97,98,113,114,115,116,127,128,130,138,178,196,212,264,280,281,282,283,284,292,294,300,307,317,324,328,329,330,331,332,353,376,377,378,379,382,383,384,418,419,420,543,544,545,546,547,548,549,550,551,552,553,554,555,556,557,
158;0;4465;4625;0;0,1,2,8,9,10,11,12,13,14,15,16,17,18,23,24,28,42,81,90,91,94,95,96,97,98,113,114,115,116,127,128,130,138,178,196,212,264,280,281,282,283,284,292,294,300,307,317,324,328,329,330,331,332,353,376,377,378,379,382,383,384,418,419,420,543,544,545,546,547,548,549,550,551,552,553,554,555,556,557,
34;0;4625;4694;1;0,1,2,8,9,10,11,12,13,14,15,16,17,18,23,24,28,42,81,90,91,94,95,96,97,98,113,114,115,116,127,128,130,138,178,196,212,264,280,281,282,283,284,292,294,300,307,317,324,328,329,330,331,332,353,376,377,378,379,382,383,384,418,419,420,543,544,545,546,547,548,549,550,551,552,553,554,555,556,557,
34;1;4694;4838;1;0,1,2,8,9,10,11,12,13,14,15,16,17,18,23,24,28,42,81,90,91,94,95,96,97,98,113,114,115,116,127,128,130,138,178,196,212,264,280,281,282,283,284,292,294,300,307,317,324,328,329,330,331,332,353,376,377,378,379,382,383,384,418,419,420,543,544,545,546,547,548,549,550,551,552,553,554,555,556,557,
144;0;4838;4916;1;0,1,2,8,9,10,11,12,13,14,15,16,17,18,23,24,28,42,81,90,91,94,95,96,97,98,113,114,115,116,127,128,130,138,178,196,212,264,280,281,282,283,284,292,294,300,307,317,324,328,329,330,331,332,353,376,377,378,379,382,383,384,418,419,420,543,544,545,546,547,548,549,550,551,552,553,554,555,556,557,
144;1;4916;5025;1;0,1,2,8,9,10,11,12,13,14,15,16,17,18,23,24,28,42,81,90,91,94,95,96,97,98,113,114,115,116,127,128,130,138,178,196,212,264,280,281,282,283,284,292,294,300,307,317,324,328,329,330,331,332,353,376,377,378,379,382,383,384,418,419,420,543,544,545,546,547,548,549,550,551,552,553,554,555,556,557,
90;0;5025;5066;1;0,1,2,8,9,10,11,12,13,14,15,16,17,18,23,24,28,42,81,90,91,94,95,96,97,98,113,114,115,116,127,128,130,138,178,196,212,264,280,281,282,283,284,292,294,300,307,317,324,328,329,330,331,332,353,376,377,378,379,382,383,384,418,419,420,543,544,545,546,547,548,549,550,551,552,553,554,555,556,557,
248;0;5066;5223;0;0,1,2,8,9,10,11,12,13,14,15,16,17,18,23,24,28,42,81,90,91,94,95,96,97,98,113,114,115,116,127,128,130,138,178,196,212,264,280,281,282,283,284,292,294,300,307,317,324,328,329,330,331,332,353,376,377,378,379,382,383,384,418,419,420,543,544,545,546,547,548,549,550,551,552,553,554,555,556,557,
313;0;5223;5341;1;0,1,2,8,9,10,11,12,13,14,15,16,17,18,23,24,28,42,81,90,91,94,95,96,97,98,113,114,115,116,127,128,130,138,178,196,212,264,280,281,282,283,284,292,294,300,307,317,324,328,329,330,331,332,353,376,377,378,379,382,383,384,418,419,420,543,544,545,546,547,548,549,550,551,552,553,554,555,556,557,
427;0;5341;5465;1;0,1,2,8,9,10,11,12,13,14,15,16,17,18,23,24,28,42,81,90,91,94,95,96,97,98,113,114,115,116,127,128,130,138,178,196,212,264,280,281,282,283,284,292,294,300,307,317,324,328,329,330,331,332,353,376,377,378,379,382,383,384,418,419,420,543,544,545,546,547,548,549,550,551,552,553,554,555,556,557,
427;1;5465;5506;1;0,1,2,8,9,10,11,12,13,14,15,16,17,18,23,24,28,42,81,90,91,94,95,96,97,98,113,114,115,116,127,128,130,138,178,196,212,264,280,281,282,283,284,292,294,300,307,317,324,328,329,330,331,332,353,376,377,378,379,382,383,384,418,419,420,543,544,545,546,547,548,549,550,551,552,553,554,555,556,557,
309;0;5506;5604;0;0,1,2,8,9,10,11,12,13,14,15,16,17,18,23,24,28,42,81,90,91,94,95,96,97,98,113,114,115,116,127,128,130,138,178,196,212,264,280,281,282,283,284,292,294,300,307,317,324,328,329,330,331,332,353,376,377,378,379,382,383,384,418,419,420,543,544,545,546,547,548,549,550,551,552,553,554,555,556,557,
309;1;5604;5735;0;0,1,2,8,9,10,11,12,13,14,15,16,17,18,23,24,28,42,81,90,91,94,95,96,97,98,113,114,115,116,127,128,130,138,178,196,212,264,280,281,282,283,284,292,294,300,307,317,324,328,329,330,331,332,353,376,377,378,379,382,383,384,418,419,420,543,544,545,546,547,548,549,550,551,552,553,554,555,556,557,
408;0;5735;5831;0;0,1,2,8,9,10,11,12,13,14,15,16,17,18,23,24,28,42,81,90,91,94,95,96,97,98,113,114,115,116,127,128,130,138,178,196,212,264,280,281,282,283,284,292,294,300,307,317,324,328,329,330,331,332,353,376,377,378,379,382,383,384,418,419,420,543,544,545,546,547,548,549,550,551,552,553,554,555,556,557,
33;0;5831;5994;1;0,1,2,8,9,10,11,12,13,14,15,16,17,18,23,24,28,42,81,90,91,94,95,96,97,98,113,114,115,116,127,128,130,138,178,196,212,264,280,281,282,283,284,292,294,300,307,317,324,328,329,330,331,332,353,376,377,378,379,382,383,384,418,419,420,543,544,545,546,547,548,549,550,551,552,553,554,555,556,557,
171;0;5994;6106;1;0,1,2,8,9,10,11,12,13,14,15,16,17,18,23,24,28,42,81,90,91,94,95,96,97,98,113,114,115,116,127,128,130,138,178,196,212,264,280,281,282,283,284,292,294,300,307,317,324,328,329,330,331,332,353,376,377,378,379,382,383,384,418,419,420,543,544,545,546,547,548,549,550,551,552,553,554,555,556,557,
306;0;6106;6120;0;0,1,2,8,9,10,11,12,13,14,15,16,17,18,23,24,28,42,81,90,91,94,95,96,97,98,113,114,115,116,127,128,130,138,178,196,212,264,280,281,282,283,284,292,294,300,307,317,324,328,329,330,331,332,353,376,377,378,379,382,383,384,418,419,420,543,544,545,546,547,548,549,550,551,552,553,554,555,556,557,
429;0;6120;6282;0;0,1,2,8,9,10,11,12,13,14,15,16,17,18,23,24,28,42,81,90,91,94,95,96,97,98,113,114,115,116,127,128,130,138,178,196,212,264,280,281,282,283,284,292,294,300,307,317,324,328,329,330,331,332,353,376,377,378,379,382,383,384,418,419,420,543,544,545,546,547,548,549,550,551,552,553,554,555,556,557,
429;1;6282;6380;0;0,1,2,8,9,10,11,12,13,14,15,16,17,18,23,24,28,42,81,90,91,94,95,96,97,98,113,114,115,116,127,128,130,138,178,196,212,264,280,281,282,283,284,292,294,300,307,317,324,328,329,330,331,332,353,376,377,378,379,382,383,384,418,419,420,543,544,545,546,547,548,549,550,551,552,553,554,555,556,557,
2;0;6380;6460;0;0,1,2,8,9,10,11,12,13,14,15,16,17,18,23,24,28,42,81,90,91,94,95,96,97,98,113,114,115,116,127,128,130,138,178,196,212,264,280,281,282,283,284,292,294,300,307,317,324,328,329,330,331,332,353,376,377,378,379,382,383,384,418,419,420,543,544,545,546,547,548,549,550,551,552,553,554,555,556,557,
2;1;6460;6507;0;0,1,2,8,9,10,11,12,13,14,15,16,17,18,23,24,28,42,81,90,91,94,95,96,97,98,113,114,115,116,127,128,130,138,178,196,212,264,280,281,282,283,284,292,294,300,307,317,324,328,329,330,331,332,353,376,377,378,379,382,383,384,418,419,420,543,544,545,546,547,548,549,550,551,552,553,554,555,556,557,
157;0;6507;6665;1;0,1,2,8,9,10,11,12,13,14,15,16,17,18,23,24,28,42,81,90,91,94,95,96,97,98,113,114,115,116,127,128,130,138,178,196,212,264,280,281,282,283,284,292,294,300,307,317,324,328,329,330,331,332,353,376,377,378,379,382,383,384,418,419,420,543,544,545,546,547,548,549,550,551,552,553,554,555,556,557,
157;1;6665;6701;1;0,1,2,8,9,10,11,12,13,14,15,16,17,18,23,24,28,42,81,90,91,94,95,96,97,98,113,114,115,116,127,128,130,138,178,196,212,264,280,281,282,283,284,292,294,300,307,317,324,328,329,330,331,332,353,376,377,378,379,382,383,384,418,419,420,543,544,545,546,547,548,549,550,551,552,553,554,555,556,557,
363;0;6701;6770;1;0,1,2,8,9,10,11,12,13,14,15,16,17,18,23,24,28,42,81,90,91,94,95,96,97,98,113,114,115,116,127,128,130,138,178,196,212,264,280,281,282,283,284,292,294,300,307,317,324,328,329,330,331,332,353,376,377,378,379,382,383,384,418,419,420,543,544,545,546,547,548,549,550,551,552,553,554,555,556,557,
47;0;6770;6907;1;0,1,2,8,9,10,11,12,13,14,15,16,17,18,23,24,28,42,81,90,91,94,95,96,97,98,113,114,115,116,127,128,130,138,178,196,212,264,280,281,282,283,284,292,294,300,307,317,324,328,329,330,331,332,353,376,377,378,379,382,383,384,418,419,420,543,544,545,546,547,548,549,550,551,552,553,554,555,556,557,
47;1;6907;7003;1;0,1,2,8,9,10,11,12,13,14,15,16,17,18,23,24,28,42,81,90,91,94,95,96,97,98,113,114,115,116,127,128,130,138,178,196,212,264,280,281,282,283,284,292,294,300,307,317,324,328,329,330,331,332,353,376,377,378,379,382,383,384,418,419,420,543,544,545,546,547,548,549,550,551,552,553,554,555,556,557,
262;0;7003;7011;0;0,1,2,8,9,10,11,12,13,14,15,16,17,18,23,24,28,42,81,90,91,94,95,96,97,98,113,114,115,116,127,128,130,138,178,196,212,264,280,281,282,283,284,292,294,300,307,317,324,328,329,330,331,332,353,376,377,378,379,382,383,384,418,419,420,543,544,545,546,547,548,549,550,551,552,553,554,555,556,557,
262;1;7011;7162;0;0,1,2,8,9,10,11,12,13,14,15,16,17,18,23,24,28,42,81,90,91,94,95,96,97,98,113,114,115,116,127,128,130,138,178,196,212,264,280,281,282,283,284,292,294,300,307,317,324,328,329,330,331,332,353,376,377,378,379,382,383,384,418,419,420,543,544,545,546,547,548,549,550,551,552,553,554,555,556,557,
283;0;7162;7199;1;0,1,2,8,9,10,11,12,13,14,15,16,17,18,23,24,28,42,81,90,91,94,95,96,97,98,113,114,115,116,127,128,130,138,178,196,212,264,280,281,282,283,284,292,294,300,307,317,324,328,329,330,331,332,353,376,377,378,379,382,383,384,418,419,420,543,544,545,546,547,548,549,550,551,552,553,554,555,556,557,
18;0;7199;7204;0;0,1,2,8,9,10,11,12,13,14,15,16,17,18,23,24,28,42,81,90,91,94,95,96,97,98,113,114,115,116,127,128,130,138,178,196,212,264,280,281,282,283,284,292,294,300,307,317,324,328,329,330,331,332,353,376,377,378,379,382,383,384,418,419,420,543,544,545,546,547,548,549,550,551,552,553,554,555,556,557,
162;0;7204;7283;0;0,1,2,8,9,10,11,12,13,14,15,16,17,18,23,24,28,42,81,90,91,94,95,96,97,98,113,114,115,116,127,128,130,138,178,196,212,264,280,281,282,283,284,292,294,300,307,317,324,328,329,330,331,332,353,376,377,378,379,382,383,384,418,419,420,543,544,545,546,547,548,549,550,551,552,553,554,555,556,557,
162;1;7283;7315;0;0,1,2,8,9,10,11,12,13,14,15,16,17,18,23,24,28,42,81,90,91,94,95,96,97,98,113,114,115,116,127,128,130,138,178,196,212,264,280,281,282,283,284,292,294,300,307,317,324,328,329,330,331,332,353,376,377,378,379,382,383,384,418,419,420,543,544,545,546,547,548,549,550,551,552,553,554,555,556,557,
445;0;7315;7335;0;0,1,2,8,9,10,11,12,13,14,15,16,17,18,23,24,28,42,81,90,91,94,95,96,97,98,113,114,115,116,127,128,130,138,178,196,212,264,280,281,282,283,284,292,294,300,307,317,324,328,329,330,331,332,353,376,377,378,379,382,383,384,418,419,420,543,544,545,546,547,548,549,550,551,552,553,554,555,556,557,
296;0;7335;7436;0;0,1,2,8,9,10,11,12,13,14,15,16,17,18,23,24,28,42,81,90,91,94,95,96,97,98,113,114,115,116,127,128,130,138,178,196,212,264,280,281,282,283,284,292,294,300,307,317,324,328,329,330,331,332,353,376,377,378,379,382,383,384,418,419,420,543,544,545,546,547,548,549,550,551,552,553,554,555,556,557,
15;0;7436;7460;0;0,1,2,8,9,10,11,12,13,14,15,16,17,18,23,24,28,42,81,90,91,94,95,96,97,98,113,114,115,116,127,128,130,138,178,196,212,264,280,281,282,283,284,292,294,300,307,317,324,328,329,330,331,332,353,376,377,378,379,382,383,384,418,419,420,543,544,545,546,547,548,549,550,551,552,553,554,555,556,557,
143;0;7460;7474;1;0,1,2,8,9,10,11,12,13,14,15,16,17,18,23,24,28,42,81,90,91,94,95,96,97,98,113,114,115,116,127,128,130,138,178,196,212,264,280,281,282,283,284,292,294,300,307,317,324,328,329,330,331,332,353,376,377,378,379,382,383,384,418,419,420,543,544,545,546,547,548,549,550,551,552,553,554,555,556,557,
82;0;7474;7643;0;0,1,2,8,9,10,11,12,13,14,15,16,17,18,23,24,28,42,81,90,91,94,95,96,97,98,113,114,115,116,127,128,130,138,178,196,212,264,280,281,282,283,284,292,294,300,307,317,324,328,329,330,331,332,353,376,377,378,379,382,383,384,418,419,420,543,544,545,546,547,548,549,550,551,552,553,554,555,556,557,
82;1;7643;7658;0;0,1,2,8,9,10,11,12,13,14,15,16,17,18,23,24,28,42,81,90,91,94,95,96,97,98,113,114,115,116,127,128,130,138,178,196,212,264,280,281,282,283,284,292,294,300,307,317,324,328,329,330,331,332,353,376,377,378,379,382,383,384,418,419,420,543,544,545,546,547,548,549,550,551,552,553,554,555,556,557,
77;0;7658;7713;1;0,1,2,8,9,10,11,12,13,14,15,16,17,18,23,24,28,42,81,90,91,94,95,96,97,98,113,114,115,116,127,128,130,138,178,196,212,264,280,281,282,283,284,292,294,300,307,317,324,328,329,330,331,332,353,376,377,378,379,382,383,384,418,419,420,543,544,545,546,547,548,549,550,551,552,553,554,555,556,557,
77;1;7713;7800;1;0,1,2,8,9,10,11,12,13,14,15,16,17,18,23,24,28,42,81,90,91,94,95,96,97,98,113,114,115,116,127,128,130,138,178,196,212,264,280,281,282,283,284,292,294,300,307,317,324,328,329,330,331,332,353,376,377,378,379,382,383,384,418,419,420,543,544,545,546,547,548,549,550,551,552,553,554,555,556,557,
172;0;7800;7810;0;0,1,2,8,9,10,11,15,16,17,18,23,42,90,91,130,178,196,199,200,201,202,203,204,205,206,212,264,285,286,287,288,289,290,291,292,293,294,295,296,297,298,299,300,301,302,303,304,305,306,307,308,309,310,311,312,313,314,315,316,317,318,319,320,323,324,325,326,327,328,329,330,331,397,398,402,418,419,420,460,
172;1;7810;7960;0;0,1,2,8,9,10,11,15,16,17,18,23,42,90,91,130,178,196,199,200,201,202,203,204,205,206,212,264,285,286,287,288,289,290,291,292,293,294,295,296,297,298,299,300,301,302,303,304,305,306,307,308,309,310,311,312,313,314,315,316,317,318,319,320,323,324,325,326,327,328,329,330,331,397,398,402,418,419,420,460,
254;0;7960;7964;1;0,1,2,8,9,10,11,15,16,17,18,23,42,90,91,130,178,196,199,200,201,202,203,204,205,206,212,264,285,286,287,288,289,290,291,292,293,294,295,296,297,298,299,300,301,302,303,304,305,306,307,308,309,310,311,312,313,314,315,316,317,318,319,320,323,324,325,326,327,328,329,330,331,397,398,402,418,419,420,460,
254;1;7964;7994;1;0,1,2,8,9,10,11,15,16,17,18,23,42,90,91,130,178,196,199,200,201,202,203,204,205,206,212,264,285,286,287,288,289,290,291,292,293,294,295,296,297,298,299,300,301,302,303,304,305,306,307,308,309,310,311,312,313,314,315,316,317,318,319,320,323,324,325,326,327,328,329,330,331,397,398,402,418,419,420,460,
32;0;7994;8041;0;0,1,2,8,9,10,11,15,16,17,18,23,42,90,91,130,178,196,199,200,201,202,203,204,205,206,212,264,285,286,287,288,289,290,291,292,293,294,295,296,297,298,299,300,301,302,303,304,305,306,307,308,309,310,311,312,313,314,315,316,317,318,319,320,323,324,325,326,327,328,329,330,331,397,398,402,418,419,420,460,
32;1;8041;8109;0;0,1,2,8,9,10,11,15,16,17,18,23,42,90,91,130,178,196,199,200,201,202,203,204,205,206,212,264,285,286,287,288,289,290,291,292,293,294,295,296,297,298,299,300,301,302,303,304,305,306,307,308,309,310,311,312,313,314,315,316,317,318,319,320,323,324,325,326,327,328,329,330,331,397,398,402,418,419,420,460,
383;0;8109;8220;1;0,1,2,8,9,10,11,15,16,17,18,23,42,90,91,130,178,196,199,200,201,202,203,204,205,206,212,264,285,286,287,288,289,290,291,292,293,294,295,296,297,298,299,300,301,302,303,304,305,306,307,308,309,310,311,312,313,314,315,316,317,318,319,320,323,324,325,326,327,328,329,330,331,397,398,402,418,419,420,460,
419;0;8220;8245;0;0,1,2,8,9,10,11,15,16,17,18,23,42,90,91,130,178,196,199,200,201,202,203,204,205,206,212,264,285,286,287,288,289,290,291,292,293,294,295,296,297,298,299,300,301,302,303,304,305,306,307,308,309,310,311,312,313,314,315,316,317,318,319,320,323,324,325,326,327,328,329,330,331,397,398,402,418,419,420,460,
419;1;8245;8325;0;0,1,2,8,9,10,11,15,16,17,18,23,42,90,91,130,178,196,199,200,201,202,203,204,205,206,212,264,285,286,287,288,289,290,291,292,293,294,295,296,297,298,299,300,301,302,303,304,305,306,307,308,309,310,311,312,313,314,315,316,317,318,319,320,323,324,325,326,327,328,329,330,331,397,398,402,418,419,420,460,
240;0;8325;8374;1;0,1,2,8,9,10,11,15,16,17,18,23,42,90,91,130,178,196,199,200,201,202,203,204,205,206,212,264,285,286,287,288,289,290,291,292,293,294,295,296,297,298,299,300,301,302,303,304,305,306,307,308,309,310,311,312,313,314,315,316,317,318,319,320,323,324,325,326,327,328,329,330,331,397,398,402,418,419,420,460,
83;0;8374;8449;1;0,1,2,8,9,10,11,15,16,17,18,23,42,90,91,130,178,196,199,200,201,202,203,204,205,206,212,264,285,286,287,288,289,290,291,292,293,294,295,296,297,298,299,300,301,302,303,304,305,306,307,308,309,310,311,312,313,314,315,316,317,318,319,320,323,324,325,326,327,328,329,330,331,397,398,402,418,419,420,460,
247;0;8449;8614;1;0,1,2,8,9,10,11,15,16,17,18,23,42,90,91,130,178,196,199,200,201,202,203,204,205,206,212,264,285,286,287,288,289,290,291,292,293,294,295,296,297,298,299,300,301,302,303,304,305,306,307,308,309,310,311,312,313,314,315,316,317,318,319,320,323,324,325,326,327,328,329,330,331,397,398,402,418,419,420,460,
247;1;8614;8726;1;0,1,2,8,9,10,11,15,16,17,18,23,42,90,91,130,178,196,199,200,201,202,203,204,205,206,212,264,285,286,287,288,289,290,291,292,293,294,295,296,297,298,299,300,301,302,303,304,305,306,307,308,309,310,311,312,313,314,315,316,317,318,319,320,323,324,325,326,327,328,329,330,331,397,398,402,418,419,420,460,
203;0;8726;8806;1;0,1,2,8,9,10,11,15,16,17,18,23,42,90,91,130,178,196,199,200,201,202,203,204,205,206,212,264,285,286,287,288,289,290,291,292,293,294,295,296,297,298,299,300,301,302,303,304,305,306,307,308,309,310,311,312,313,314,315,316,317,318,319,320,323,324,325,326,327,328,329,330,331,397,398,402,418,419,420,460,
30;0;8806;8814;1;0,1,2,8,9,10,11,15,16,17,18,23,42,90,91,130,178,196,199,200,201,202,203,204,205,206,212,264,285,286,287,288,289,290,291,292,293,294,295,296,297,298,299,300,301,302,303,304,305,306,307,308,309,310,311,312,313,314,315,316,317,318,319,320,323,324,325,326,327,328,329,330,331,397,398,402,418,419,420,460,
341;0;8814;8844;1;0,1,2,8,9,10,11,15,16,17,18,23,42,90,91,130,178,196,199,200,201,202,203,204,205,206,212,264,285,286,287,288,289,290,291,292,293,294,295,296,297,298,299,300,301,302,303,304,305,306,307,308,309,310,311,312,313,314,315,316,317,318,319,320,323,324,325,326,327,328,329,330,331,397,398,402,418,419,420,460,
85;0;8844;8975;0;0,1,2,8,9,10,11,15,16,17,18,23,42,90,91,130,178,196,199,200,201,202,203,204,205,206,212,264,285,286,287,288,289,290,291,292,293,294,295,296,297,298,299,300,301,302,303,304,305,306,307,308,309,310,311,312,313,314,315,316,317,318,319,320,323,324,325,326,327,328,329,330,331,397,398,402,418,419,420,460,
212;0;8975;9030;0;0,1,2,8,9,10,11,15,16,17,18,23,42,90,91,130,178,196,199,200,201,202,203,204,205,206,212,264,285,286,287,288,289,290,291,292,293,294,295,296,297,298,299,300,301,302,303,304,305,306,307,308,309,310,311,312,313,314,315,316,317,318,319,320,323,324,325,326,327,328,329,330,331,397,398,402,418,419,420,460,
212;1;9030;9180;0;0,1,2,8,9,10,11,15,16,17,18,23,42,90,91,130,178,196,199,200,201,202,203,204,205,206,212,264,285,286,287,288,289,290,291,292,293,294,295,296,297,298,299,300,301,302,303,304,305,306,307,308,309,310,311,312,313,314,315,316,317,318,319,320,323,324,325,326,327,328,329,330,331,397,398,402,418,419,420,460,
353;0;9180;9260;1;0,1,2,8,9,10,11,15,16,17,18,23,42,90,91,130,178,196,199,200,201,202,203,204,205,206,212,264,285,286,287,288,289,290,291,292,293,294,295,296,297,298,299,300,301,302,303,304,305,306,307,308,309,310,311,312,313,314,315,316,317,318,319,320,323,324,325,326,327,328,329,330,331,397,398,402,418,419,420,460,
278;0;9260;9309;0;0,1,2,8,9,10,11,15,16,17,18,23,42,90,91,130,178,196,199,200,201,202,203,204,205,206,212,264,285,286,287,288,289,290,291,292,293,294,295,296,297,298,299,300,301,302,303,304,305,306,307,308,309,310,311,312,313,314,315,316,317,318,319,320,323,324,325,326,327,328,329,330,331,397,398,402,418,419,420,460,
268;0;9309;9358;0;0,1,2,8,9,10,11,15,16,17,18,23,42,90,91,130,178,196,199,200,201,202,203,204,205,206,212,264,285,286,287,288,289,290,291,292,293,294,295,296,297,298,299,300,301,302,303,304,305,306,307,308,309,310,311,312,313,314,315,316,317,318,319,320,323,324,325,326,327,328,329,330,331,397,398,402,418,419,420,460,
78;0;9358;9445;0;0,1,2,8,9,10,11,15,16,17,18,23,42,90,91,130,178,196,199,200,201,202,203,204,205,206,212,264,285,286,287,288,289,290,291,292,293,294,295,296,297,298,299,300,301,302,303,304,305,306,307,308,309,310,311,312,313,314,315,316,317,318,319,320,323,324,325,326,327,328,329,330,331,397,398,402,418,419,420,460,
Machine: 2
207;0;0;31;1;8,9,10,11,12,13,14,19,20,21,22,32,35,36,37,79,80,81,82,83,84,85,86,87,88,99,100,101,102,103,104,105,106,107,108,109,110,111,112,124,128,129,130,131,132,133,134,135,136,137,140,141,178,186,187,188,189,190,191,192,193,196,230,231,232,233,234,235,321,322,341,349,350,351,352,380,381,598,599,600,
207;1;31;176;1;8,9,10,11,12,13,14,19,20,21,22,32,35,36,37,79,80,81,82,83,84,85,86,87,88,99,100,101,102,103,104,105,106,107,108,109,110,111,112,124,128,129,130,131,132,133,134,135,136,137,140,141,178,186,187,188,189,190,191,192,193,196,230,231,232,233,234,235,321,322,341,349,350,351,352,380,381,598,599,600,
350;0;176;220;1;8,9,10,11,12,13,14,19,20,21,22,32,35,36,37,79,80,81,82,83,84,85,86,87,88,99,100,101,102,103,104,105,106,107,108,109,110,111,112,124,128,129,130,131,132,133,134,135,136,137,140,141,178,186,187,188,189,190,191,192,193,196,230,231,232,233,234,235,321,322,341,349,350,351,352,380,381,598,599,600,
21;0;220;254;1;8,9,10,11,12,13,14,19,20,21,22,32,35,36,37,79,80,81,82,83,84,85,86,87,88,99,100,101,102,103,104,105,106,107,108,109,110,111,112,124,128,129,130,131,132,133,134,135,136,137,140,141,178,186,187,188,189,190,191,192,193,196,230,231,232,233,234,235,321,322,341,349,350,351,352,380,381,598,599,600,
4;0;254;320;1;8,9,10,11,12,13,14,19,20,21,22,32,35,36,37,79,80,81,82,83,84,85,86,87,88,99,100,101,102,103,104,105,106,107,108,109,110,111,112,124,128,129,130,131,132,133,134,135,136,137,140,141,178,186,187,188,189,190,191,192,193,196,230,231,232,233,234,235,321,322,341,349,350,351,352,380,381,598,599,600,
4;1;320;417;1;8,9,10,11,12,13,14,19,20,21,22,32,35,36,37,79,80,81,82,83,84,85,86,87,88,99,100,101,102,103,104,105,106,107,108,109,110,111,112,124,128,129,130,131,132,133,134,135,136,137,140,141,178,186,187,188,189,190,191,192,193,196,230,231,232,233,234,235,321,322,341,349,350,351,352,380,381,598,599,600,
41;0;417;461;1;8,9,10,11,12,13,14,19,20,21,22,32,35,36,37,79,80,81,82,83,84,85,86,87,88,99,100,101,102,103,104,105,106,107,108,109,110,111,112,124,128,129,130,131,132,133,134,135,136,137,140,141,178,186,187,188,189,190,191,192,193,196,230,231,232,233,234,235,321,322,341,349,350,351,352,380,381,598,599,600,
146;0;461;512;0;8,9,10,11,12,13,14,19,20,21,22,32,35,36,37,79,80,81,82,83,84,85,86,87,88,99,100,101,102,103,104,105,106,107,108,109,110,111,112,124,128,129,130,131,132,133,134,135,136,137,140,141,178,186,187,188,189,190,191,192,193,196,230,231,232,233,234,235,321,322,341,349,350,351,352,380,381,598,599,600,
177;0;512;564;1;8,9,10,11,12,13,14,19,20,21,22,32,35,36,37,79,80,81,82,83,84,85,86,87,88,99,100,101,102,103,104,105,106,107,108,109,110,111,112,124,128,129,130,131,132,133,134,135,136,137,140,141,178,186,187,188,189,190,191,192,193,196,230,231,232,233,234,235,321,322,341,349,350,351,352,380,381,598,599,600,
177;1;564;599;1;8,9,10,11,12,13,14,19,20,21,22,32,35,36,37,79,80,81,82,83,84,85,86,87,88,99,100,101,102,103,104,105,106,107,108,109,110,111,112,124,128,129,130,131,132,133,134,135,136,137,140,141,178,186,187,188,189,190,191,192,193,196,230,231,232,233,234,235,321,322,341,349,350,351,352,380,381,598,599,600,
211;0;599;643;1;8,9,10,11,12,13,14,19,20,21,22,32,35,36,37,79,80,81,82,83,84,85,86,87,88,99,100,101,102,103,104,105,106,107,108,109,110,111,112,124,128,129,130,131,132,133,134,135,136,137,140,141,178,186,187,188,189,190,191,192,193,196,230,231,232,233,234,235,321,322,341,349,350,351,352,380,381,598,599,600,
380;0;643;709;1;8,9,10,11,12,13,14,19,20,21,22,32,35,36,37,79,80,81,82,83,84,85,86,87,88,99,100,101,102,103,104,105,106,107,108,109,110,111,112,124,128,129,130,131,132,133,134,135,136,137,140,141,178,186,187,188,189,190,191,192,193,196,230,231,232,233,234,235,321,322,341,349,350,351,352,380,381,598,599,600,
279;0;709;869;0;8,9,10,11,12,13,14,19,20,21,22,32,35,36,37,79,80,81,82,83,84,85,86,87,88,99,100,101,102,103,104,105,106,107,108,109,110,111,112,124,128,129,130,131,132,133,134,135,136,137,140,141,178,186,187,188,189,190,191,192,193,196,230,231,232,233,234,235,321,322,341,349,350,351,352,380,381,598,599,600,
279;1;869;1029;0;8,9,10,11,12,13,14,19,20,21,22,32,35,36,37,79,80,81,82,83,84,85,86,87,88,99,100,101,102,103,104,105,106,107,108,109,110,111,112,124,128,129,130,131,132,133,134,135,136,137,140,141,178,186,187,188,189,190,191,192,193,196,230,231,232,233,234,235,321,322,341,349,350,351,352,380,381,598,599,600,
434;0;1029;1204;1;8,9,10,11,12,13,14,19,20,21,22,32,35,36,37,79,80,81,82,83,84,85,86,87,88,99,100,101,102,103,104,105,106,107,108,109,110,111,112,124,128,129,130,131,132,133,134,135,136,137,140,141,178,186,187,188,189,190,191,192,193,196,230,231,232,233,234,235,321,322,341,349,350,351,352,380,381,598,599,600,
434;1;1204;1367;1;8,9,10,11,12,13,14,19,20,21,22,32,35,36,37,79,80,81,82,83,84,85,86,87,88,99,100,101,102,103,104,105,106,107,108,109,110,111,112,124,128,129,130,131,132,133,134,135,136,137,140,141,178,186,187,188,189,190,191,192,193,196,230,231,232,233,234,235,321,322,341,349,350,351,352,380,381,598,599,600,
446;0;1367;1433;0;8,9,10,11,12,13,14,19,20,21,22,32,35,36,37,79,80,81,82,83,84,85,86,87,88,99,100,101,102,103,104,105,106,107,108,109,110,111,112,124,128,129,130,131,132,133,134,135,136,137,140,141,178,186,187,188,189,190,191,192,193,196,230,231,232,233,234,235,321,322,341,349,350,351,352,380,381,598,599,600,
193;0;1433;1606;1;8,9,10,11,12,13,14,19,20,21,22,32,35,36,37,79,80,81,82,83,84,85,86,87,88,99,100,101,102,103,104,105,106,107,108,109,110,111,112,124,128,129,130,131,132,133,134,135,136,137,140,141,178,186,187,188,189,190,191,192,193,196,230,231,232,233,234,235,321,322,341,349,350,351,352,380,381,598,599,600,
94;0;1606;1745;1;8,9,10,11,12,13,14,19,20,21,22,32,35,36,37,79,80,81,82,83,84,85,86,87,88,99,100,101,102,103,104,105,106,107,108,109,110,111,112,124,128,129,130,131,132,133,134,135,136,137,140,141,178,186,187,188,189,190,191,192,193,196,230,231,232,233,234,235,321,322,341,349,350,351,352,380,381,598,599,600,
94;1;1745;1818;1;8,9,10,11,12,13,14,19,20,21,22,32,35,36,37,79,80,81,82,83,84,85,86,87,88,99,100,101,102,103,104,105,106,107,108,109,110,111,112,124,128,129,130,131,132,133,134,135,136,137,140,141,178,186,187,188,189,190,191,192,193,196,230,231,232,233,234,235,321,322,341,349,350,351,352,380,381,598,599,600,
12;0;1818;1894;0;8,9,10,11,12,13,14,19,20,21,22,32,35,36,37,79,80,81,82,83,84,85,86,87,88,99,100,101,102,103,104,105,106,107,108,109,110,111,112,124,128,129,130,131,132,133,134,135,136,137,140,141,178,186,187,188,189,190,191,192,193,196,230,231,232,233,234,235,321,322,341,349,350,351,352,380,381,598,599,600,
12;1;1894;1947;0;8,9,10,11,12,13,14,19,20,21,22,32,35,36,37,79,80,81,82,83,84,85,86,87,88,99,100,101,102,103,104,105,106,107,108,109,110,111,112,124,128,129,130,131,132,133,134,135,136,137,140,141,178,186,187,188,189,190,191,192,193,196,230,231,232,233,234,235,321,322,341,349,350,351,352,380,381,598,599,600,
365;0;1947;2112;0;8,9,10,11,12,13,14,19,20,21,22,32,35,36,37,79,80,81,82,83,84,85,86,87,88,99,100,101,102,103,104,105,106,107,108,109,110,111,112,124,128,129,130,131,132,133,134,135,136,137,140,141,178,186,187,188,189,190,191,192,193,196,230,231,232,233,234,235,321,322,341,349,350,351,352,380,381,598,599,600,
116;0;2112;2154;0;8,9,10,11,12,13,14,19,20,21,22,32,35,36,37,79,80,81,82,83,84,85,86,87,88,99,100,101,102,103,104,105,106,107,108,109,110,111,112,124,128,129,130,131,132,133,134,135,136,137,140,141,178,186,187,188,189,190,191,192,193,196,230,231,232,233,234,235,321,322,341,349,350,351,352,380,381,598,599,600,
285;0;2154;2327;0;8,9,10,11,12,13,14,19,20,21,22,32,35,36,37,79,80,81,82,83,84,85,86,87,88,99,100,101,102,103,104,105,106,107,108,109,110,111,112,124,128,129,130,131,132,133,134,135,136,137,140,141,178,186,187,188,189,190,191,192,193,196,230,231,232,233,234,235,321,322,341,349,350,351,352,380,381,598,599,600,
72;0;2327;2497;0;8,9,10,11,12,13,14,19,20,21,22,32,35,36,37,79,80,81,82,83,84,85,86,87,88,99,100,101,102,103,104,105,106,107,108,109,110,111,112,124,128,129,130,131,132,133,134,135,136,137,140,141,178,186,187,188,189,190,191,192,193,196,230,231,232,233,234,235,321,322,341,349,350,351,352,380,381,598,599,600,
72;1;2497;2602;0;8,9,10,11,12,13,14,19,20,21,22,32,35,36,37,79,80,81,82,83,84,85,86,87,88,99,100,101,102,103,104,105,106,107,108,109,110,111,112,124,128,129,130,131,132,133,134,135,136,137,140,141,178,186,187,188,189,190,191,192,193,196,230,231,232,233,234,235,321,322,341,349,350,351,352,380,381,598,599,600,
407;0;2602;2761;1;8,9,10,11,12,13,14,19,20,21,22,32,35,36,37,79,80,81,82,83,84,85,86,87,88,99,100,101,102,103,104,105,106,107,108,109,110,111,112,124,128,129,130,131,132,133,134,135,136,137,140,141,178,186,187,188,189,190,191,192,193,196,230,231,232,233,234,235,321,322,341,349,350,351,352,380,381,598,599,600,
407;1;2761;2893;1;8,9,10,11,12,13,14,19,20,21,22,32,35,36,37,79,80,81,82,83,84,85,86,87,88,99,100,101,102,103,104,105,106,107,108,109,110,111,112,124,128,129,130,131,132,133,134,135,136,137,140,141,178,186,187,188,189,190,191,192,193,196,230,231,232,233,234,235,321,322,341,349,350,351,352,380,381,598,599,600,
124;0;2893;3045;1;8,9,10,11,12,13,14,19,20,21,22,32,35,36,37,79,80,81,82,83,84,85,86,87,88,99,100,101,102,103,104,105,106,107,108,109,110,111,112,124,128,129,130,131,132,133,134,135,136,137,140,141,178,186,187,188,189,190,191,192,193,196,230,231,232,233,234,235,321,322,341,349,350,351,352,380,381,598,599,600,
124;1;3045;3089;1;8,9,10,11,12,13,14,19,20,21,22,32,35,36,37,79,80,81,82,83,84,85,86,87,88,99,100,101,102,103,104,105,106,107,108,109,110,111,112,124,128,129,130,131,132,133,134,135,136,137,140,141,178,186,187,188,189,190,191,192,193,196,230,231,232,233,234,235,321,322,341,349,350,351,352,380,381,598,599,600,
235;0;3089;3134;0;8,9,10,11,12,13,14,19,20,21,22,32,35,36,37,79,80,81,82,83,84,85,86,87,88,99,100,101,102,103,104,105,106,107,108,109,110,111,112,124,128,129,130,131,132,133,134,135,136,137,140,141,178,186,187,188,189,190,191,192,193,196,230,231,232,233,234,235,321,322,341,349,350,351,352,380,381,598,599,600,
312;0;3134;3207;0;8,9,10,11,12,13,14,19,20,21,22,32,35,36,37,79,80,81,82,83,84,85,86,87,88,99,100,101,102,103,104,105,106,107,108,109,110,111,112,124,128,129,130,131,132,133,134,135,136,137,140,141,178,186,187,188,189,190,191,192,193,196,230,231,232,233,234,235,321,322,341,349,350,351,352,380,381,598,599,600,
312;1;3207;3276;0;8,9,10,11,12,13,14,19,20,21,22,32,35,36,37,79,80,81,82,83,84,85,86,87,88,99,100,101,102,103,104,105,106,107,108,109,110,111,112,124,128,129,130,131,132,133,134,135,136,137,140,141,178,186,187,188,189,190,191,192,193,196,230,231,232,233,234,235,321,322,341,349,350,351,352,380,381,598,599,600,
73;0;3276;3345;1;8,9,10,11,12,13,14,19,20,21,22,32,35,36,37,79,80,81,82,83,84,85,86,87,88,99,100,101,102,103,104,105,106,107,108,109,110,111,112,124,128,129,130,131,132,133,134,135,136,137,140,141,178,186,187,188,189,190,191,192,193,196,230,231,232,233,234,235,321,322,341,349,350,351,352,380,381,598,599,600,
298;0;3345;3397;0;8,9,10,11,12,13,14,19,20,21,22,32,35,36,37,79,80,81,82,83,84,85,86,87,88,99,100,101,102,103,104,105,106,107,108,109,110,111,112,124,128,129,130,131,132,133,134,135,136,137,140,141,178,186,187,188,189,190,191,192,193,196,230,231,232,233,234,235,321,322,341,349,350,351,352,380,381,598,599,600,
104;0;3397;3430;1;8,9,10,11,12,13,14,19,20,21,22,32,35,36,37,79,80,81,82,83,84,85,86,87,88,99,100,101,102,103,104,105,106,107,108,109,110,111,112,124,128,129,130,131,132,133,134,135,136,137,140,141,178,186,187,188,189,190,191,192,193,196,230,231,232,233,234,235,321,322,341,349,350,351,352,380,381,598,599,600,
104;1;3430;3571;1;8,9,10,11,12,13,14,19,20,21,22,32,35,36,37,79,80,81,82,83,84,85,86,87,88,99,100,101,102,103,104,105,106,107,108,109,110,111,112,124,128,129,130,131,132,133,134,135,136,137,140,141,178,186,187,188,189,190,191,192,193,196,230,231,232,233,234,235,321,322,341,349,350,351,352,380,381,598,599,600,
293;0;3571;3731;1;8,9,10,11,12,13,14,19,20,21,22,32,35,36,37,79,80,81,82,83,84,85,86,87,88,99,100,101,102,103,104,105,106,107,108,109,110,111,112,124,128,129,130,131,132,133,134,135,136,137,140,141,178,186,187,188,189,190,191,192,193,196,230,231,232,233,234,235,321,322,341,349,350,351,352,380,381,598,599,600,
385;0;3731;3778;0;8,9,10,11,12,13,14,19,20,21,22,32,35,36,37,79,80,81,82,83,84,85,86,87,88,99,100,101,102,103,104,105,106,107,108,109,110,111,112,124,128,129,130,131,132,133,134,135,136,137,140,141,178,186,187,188,189,190,191,192,193,196,230,231,232,233,234,235,321,322,341,349,350,351,352,380,381,598,599,600,
329;0;3778;3822;0;8,9,10,11,12,13,14,19,20,21,22,32,35,36,37,79,80,81,82,83,84,85,86,87,88,99,100,101,102,103,104,105,106,107,108,109,110,111,112,124,128,129,130,131,132,133,134,135,136,137,140,141,178,186,187,188,189,190,191,192,193,196,230,231,232,233,234,235,321,322,341,349,350,351,352,380,381,598,599,600,
329;1;3822;3900;0;8,9,10,11,12,13,14,19,20,21,22,32,35,36,37,79,80,81,82,83,84,85,86,87,88,99,100,101,102,103,104,105,106,107,108,109,110,111,112,124,128,129,130,131,132,133,134,135,136,137,140,141,178,186,187,188,189,190,191,192,193,196,230,231,232,233,234,235,321,322,341,349,350,351,352,380,381,598,599,600,
413;0;3900;4072;1;8,9,10,11,12,13,14,19,20,21,22,32,35,36,37,79,80,81,82,83,84,85,86,87,88,99,100,101,102,103,104,105,106,107,108,109,110,111,112,124,128,129,130,131,132,133,134,135,136,137,140,141,178,186,187,188,189,190,191,192,193,196,230,231,232,233,234,235,321,322,341,349,350,351,352,380,381,598,599,600,
252;0;4072;4172;0;8,9,10,11,12,13,14,19,20,21,22,32,35,36,37,79,80,81,82,83,84,85,86,87,88,99,100,101,102,103,104,105,106,107,108,109,110,111,112,124,128,129,130,131,132,133,134,135,136,137,140,141,178,186,187,188,189,190,191,192,193,196,230,231,232,233,234,235,321,322,341,349,350,351,352,380,381,598,599,600,
252;1;4172;4216;0;8,9,10,11,12,13,14,19,20,21,22,32,35,36,37,79,80,81,82,83,84,85,86,87,88,99,100,101,102,103,104,105,106,107,108,109,110,111,112,124,128,129,130,131,132,133,134,135,136,137,140,141,178,186,187,188,189,190,191,192,193,196,230,231,232,233,234,235,321,322,341,349,350,351,352,380,381,598,599,600,
290;0;4216;4268;1;8,9,10,11,12,13,14,19,20,21,22,32,35,36,37,79,80,81,82,83,84,85,86,87,88,99,100,101,102,103,104,105,106,107,108,109,110,111,112,124,128,129,130,131,132,133,134,135,136,137,140,141,178,186,187,188,189,190,191,192,193,196,230,231,232,233,234,235,321,322,341,349,350,351,352,380,381,598,599,600,
361;0;4268;4279;1;8,9,10,11,12,13,14,19,20,21,22,32,35,36,37,79,80,81,82,83,84,85,86,87,88,99,100,101,102,103,104,105,106,107,108,109,110,111,112,124,128,129,130,131,132,133,134,135,136,137,140,141,178,186,187,188,189,190,191,192,193,196,230,231,232,233,234,235,321,322,341,349,350,351,352,380,381,598,599,600,
99;0;4279;4293;0;8,9,10,11,12,13,14,19,20,21,22,32,35,36,37,79,80,81,82,83,84,85,86,87,88,99,100,101,102,103,104,105,106,107,108,109,110,111,112,124,128,129,130,131,132,133,134,135,136,137,140,141,178,186,187,188,189,190,191,192,193,196,230,231,232,233,234,235,321,322,341,349,350,351,352,380,381,598,599,600,
99;1;4293;4338;0;8,9,10,11,12,13,14,19,20,21,22,32,35,36,37,79,80,81,82,83,84,85,86,87,88,99,100,101,102,103,104,105,106,107,108,109,110,111,112,124,128,129,130,131,132,133,134,135,136,137,140,141,178,186,187,188,189,190,191,192,193,196,230,231,232,233,234,235,321,322,341,349,350,351,352,380,381,598,599,600,
61;0;4338;4390;1;8,9,10,11,12,13,14,19,20,21,22,32,35,36,37,79,80,81,82,83,84,85,86,87,88,99,100,101,102,103,104,105,106,107,108,109,110,111,112,124,128,129,130,131,132,133,134,135,136,137,140,141,178,186,187,188,189,190,191,192,193,196,230,231,232,233,234,235,321,322,341,349,350,351,352,380,381,598,599,600,
80;0;4390;4425;1;8,9,10,11,12,13,14,19,20,21,22,32,35,36,37,79,80,81,82,83,84,85,86,87,88,99,100,101,102,103,104,105,106,107,108,109,110,111,112,124,128,129,130,131,132,133,134,135,136,137,140,141,178,186,187,188,189,190,191,192,193,196,230,231,232,233,234,235,321,322,341,349,350,351,352,380,381,598,599,600,
387;0;4425;4473;1;8,9,10,11,12,13,14,19,20,21,22,32,35,36,37,79,80,81,82,83,84,85,86,87,88,99,100,101,102,103,104,105,106,107,108,109,110,111,112,124,128,129,130,131,132,133,134,135,136,137,140,141,178,186,187,188,189,190,191,192,193,196,230,231,232,233,234,235,321,322,341,349,350,351,352,380,381,598,599,600,
387;1;4473;4605;1;8,9,10,11,12,13,14,19,20,21,22,32,35,36,37,79,80,81,82,83,84,85,86,87,88,99,100,101,102,103,104,105,106,107,108,109,110,111,112,124,128,129,130,131,132,133,134,135,136,137,140,141,178,186,187,188,189,190,191,192,193,196,230,231,232,233,234,235,321,322,341,349,350,351,352,380,381,598,599,600,
130;0;4605;4742;1;8,9,10,11,12,13,14,19,20,21,22,32,35,36,37,79,80,81,82,83,84,85,86,87,88,99,100,101,102,103,104,105,106,107,108,109,110,111,112,124,128,129,130,131,132,133,134,135,136,137,140,141,178,186,187,188,189,190,191,192,193,196,230,231,232,233,234,235,321,322,341,349,350,351,352,380,381,598,599,600,
221;0;4742;4787;1;8,9,10,11,12,13,14,19,20,21,22,32,35,36,37,79,80,81,82,83,84,85,86,87,88,99,100,101,102,103,104,105,106,107,108,109,110,111,112,124,128,129,130,131,132,133,134,135,136,137,140,141,178,186,187,188,189,190,191,192,193,196,230,231,232,233,234,235,321,322,341,349,350,351,352,380,381,598,599,600,
105;0;4787;4934;0;8,9,10,11,12,13,14,19,20,21,22,32,35,36,37,79,80,81,82,83,84,85,86,87,88,99,100,101,102,103,104,105,106,107,108,109,110,111,112,124,128,129,130,131,132,133,134,135,136,137,140,141,178,186,187,188,189,190,191,192,193,196,230,231,232,233,234,235,321,322,341,349,350,351,352,380,381,598,599,600,
303;0;4934;5075;1;8,9,10,11,12,13,14,19,20,21,22,32,35,36,37,79,80,81,82,83,84,85,86,87,88,99,100,101,102,103,104,105,106,107,108,109,110,111,112,124,128,129,130,131,132,133,134,135,136,137,140,141,178,186,187,188,189,190,191,192,193,196,230,231,232,233,234,235,321,322,341,349,350,351,352,380,381,598,599,600,
175;0;5075;5117;0;8,9,10,11,12,13,14,19,20,21,22,32,35,36,37,79,80,81,82,83,84,85,86,87,88,99,100,101,102,103,104,105,106,107,108,109,110,111,112,124,128,129,130,131,132,133,134,135,136,137,140,141,178,186,187,188,189,190,191,192,193,196,230,231,232,233,234,235,321,322,341,349,350,351,352,380,381,598,599,600,
123;0;5117;5165;1;8,9,10,11,12,13,14,19,20,21,22,32,35,36,37,79,80,81,82,83,84,85,86,87,88,99,100,101,102,103,104,105,106,107,108,109,110,111,112,124,128,129,130,131,132,133,134,135,136,137,140,141,178,186,187,188,189,190,191,192,193,196,230,231,232,233,234,235,321,322,341,349,350,351,352,380,381,598,599,600,
209;0;5165;5173;0;8,9,10,11,12,13,14,19,20,21,22,32,35,36,37,79,80,81,82,83,84,85,86,87,88,99,100,101,102,103,104,105,106,107,108,109,110,111,112,124,128,129,130,131,132,133,134,135,136,137,140,141,178,186,187,188,189,190,191,192,193,196,230,231,232,233,234,235,321,322,341,349,350,351,352,380,381,598,599,600,
209;1;5173;5347;0;8,9,10,11,12,13,14,19,20,21,22,32,35,36,37,79,80,81,82,83,84,85,86,87,88,99,100,101,102,103,104,105,106,107,108,109,110,111,112,124,128,129,130,131,132,133,134,135,136,137,140,141,178,186,187,188,189,190,191,192,193,196,230,231,232,233,234,235,321,322,341,349,350,351,352,380,381,598,599,600,
29;0;5347;5522;0;8,9,10,11,12,13,14,19,20,21,22,32,35,36,37,79,80,81,82,83,84,85,86,87,88,99,100,101,102,103,104,105,106,107,108,109,110,111,112,124,128,129,130,131,132,133,134,135,136,137,140,141,178,186,187,188,189,190,191,192,193,196,230,231,232,233,234,235,321,322,341,349,350,351,352,380,381,598,599,600,
29;1;5522;5682;0;8,9,10,11,12,13,14,19,20,21,22,32,35,36,37,79,80,81,82,83,84,85,86,87,88,99,100,101,102,103,104,105,106,107,108,109,110,111,112,124,128,129,130,131,132,133,134,135,136,137,140,141,178,186,187,188,189,190,191,192,193,196,230,231,232,233,234,235,321,322,341,349,350,351,352,380,381,598,599,600,
261;0;5682;5733;1;8,9,10,11,12,13,14,19,20,21,22,32,35,36,37,79,80,81,82,83,84,85,86,87,88,99,100,101,102,103,104,105,106,107,108,109,110,111,112,124,128,129,130,131,132,133,134,135,136,137,140,141,178,186,187,188,189,190,191,192,193,196,230,231,232,233,234,235,321,322,341,349,350,351,352,380,381,598,599,600,
398;0;5733;5830;0;8,9,10,11,12,13,14,19,20,21,22,32,35,36,37,79,80,81,82,83,84,85,86,87,88,99,100,101,102,103,104,105,106,107,108,109,110,111,112,124,128,129,130,131,132,133,134,135,136,137,140,141,178,186,187,188,189,190,191,192,193,196,230,231,232,233,234,235,321,322,341,349,350,351,352,380,381,598,599,600,
433;0;5830;5982;1;8,9,10,11,12,13,14,19,20,21,22,32,35,36,37,79,80,81,82,83,84,85,86,87,88,99,100,101,102,103,104,105,106,107,108,109,110,111,112,124,128,129,130,131,132,133,134,135,136,137,140,141,178,186,187,188,189,190,191,192,193,196,230,231,232,233,234,235,321,322,341,349,350,351,352,380,381,598,599,600,
405;0;5982;5993;0;8,9,10,11,12,13,14,19,20,21,22,32,35,36,37,79,80,81,82,83,84,85,86,87,88,99,100,101,102,103,104,105,106,107,108,109,110,111,112,124,128,129,130,131,132,133,134,135,136,137,140,141,178,186,187,188,189,190,191,192,193,196,230,231,232,233,234,235,321,322,341,349,350,351,352,380,381,598,599,600,
412;0;5993;6042;0;8,9,10,11,12,13,14,19,20,21,22,32,35,36,37,79,80,81,82,83,84,85,86,87,88,99,100,101,102,103,104,105,106,107,108,109,110,111,112,124,128,129,130,131,132,133,134,135,136,137,140,141,178,186,187,188,189,190,191,192,193,196,230,231,232,233,234,235,321,322,341,349,350,351,352,380,381,598,599,600,
412;1;6042;6122;0;8,9,10,11,12,13,14,19,20,21,22,32,35,36,37,79,80,81,82,83,84,85,86,87,88,99,100,101,102,103,104,105,106,107,108,109,110,111,112,124,128,129,130,131,132,133,134,135,136,137,140,141,178,186,187,188,189,190,191,192,193,196,230,231,232,233,234,235,321,322,341,349,350,351,352,380,381,598,599,600,
178;0;6122;6233;0;8,9,10,11,12,13,14,19,20,21,22,32,35,36,37,79,80,81,82,83,84,85,86,87,88,99,100,101,102,103,104,105,106,107,108,109,110,111,112,124,128,129,130,131,132,133,134,135,136,137,140,141,178,186,187,188,189,190,191,192,193,196,230,231,232,233,234,235,321,322,341,349,350,351,352,380,381,598,599,600,
224;0;6233;6381;1;8,9,10,11,12,13,14,19,20,21,22,32,35,36,37,79,80,81,82,83,84,85,86,87,88,99,100,101,102,103,104,105,106,107,108,109,110,111,112,124,128,129,130,131,132,133,134,135,136,137,140,141,178,186,187,188,189,190,191,192,193,196,230,231,232,233,234,235,321,322,341,349,350,351,352,380,381,598,599,600,
224;1;6381;6528;1;8,9,10,11,12,13,14,19,20,21,22,32,35,36,37,79,80,81,82,83,84,85,86,87,88,99,100,101,102,103,104,105,106,107,108,109,110,111,112,124,128,129,130,131,132,133,134,135,136,137,140,141,178,186,187,188,189,190,191,192,193,196,230,231,232,233,234,235,321,322,341,349,350,351,352,380,381,598,599,600,
192;0;6528;6539;0;8,9,10,11,12,13,14,19,20,21,22,32,35,36,37,79,80,81,82,83,84,85,86,87,88,99,100,101,102,103,104,105,106,107,108,109,110,111,112,124,128,129,130,131,132,133,134,135,136,137,140,141,178,186,187,188,189,190,191,192,193,196,230,231,232,233,234,235,321,322,341,349,350,351,352,380,381,598,599,600,
192;1;6539;6573;0;8,9,10,11,12,13,14,19,20,21,22,32,35,36,37,79,80,81,82,83,84,85,86,87,88,99,100,101,102,103,104,105,106,107,108,109,110,111,112,124,128,129,130,131,132,133,134,135,136,137,140,141,178,186,187,188,189,190,191,192,193,196,230,231,232,233,234,235,321,322,341,349,350,351,352,380,381,598,599,600,
436;0;6573;6653;0;8,9,10,11,12,13,14,19,20,21,22,32,35,36,37,79,80,81,82,83,84,85,86,87,88,99,100,101,102,103,104,105,106,107,108,109,110,111,112,124,128,129,130,131,132,133,134,135,136,137,140,141,178,186,187,188,189,190,191,192,193,196,230,231,232,233,234,235,321,322,341,349,350,351,352,380,381,598,599,600,
156;0;6653;6719;0;8,9,10,11,12,13,14,19,20,21,22,32,35,36,37,79,80,81,82,83,84,85,86,87,88,99,100,101,102,103,104,105,106,107,108,109,110,111,112,124,128,129,130,131,132,133,134,135,136,137,140,141,178,186,187,188,189,190,191,192,193,196,230,231,232,233,234,235,321,322,341,349,350,351,352,380,381,598,599,600,
45;0;6719;6788;0;8,9,10,11,12,13,14,19,20,21,22,32,35,36,37,79,80,81,82,83,84,85,86,87,88,99,100,101,102,103,104,105,106,107,108,109,110,111,112,124,128,129,130,131,132,133,134,135,136,137,140,141,178,186,187,188,189,190,191,192,193,196,230,231,232,233,234,235,321,322,341,349,350,351,352,380,381,598,599,600,
92;0;6788;6843;0;8,9,10,11,12,13,14,19,20,21,22,32,35,36,37,79,80,81,82,83,84,85,86,87,88,99,100,101,102,103,104,105,106,107,108,109,110,111,112,124,128,129,130,131,132,133,134,135,136,137,140,141,178,186,187,188,189,190,191,192,193,196,230,231,232,233,234,235,321,322,341,349,350,351,352,380,381,598,599,600,
92;1;6843;6851;0;8,9,10,11,12,13,14,19,20,21,22,32,35,36,37,79,80,81,82,83,84,85,86,87,88,99,100,101,102,103,104,105,106,107,108,109,110,111,112,124,128,129,130,131,132,133,134,135,136,137,140,141,178,186,187,188,189,190,191,192,193,196,230,231,232,233,234,235,321,322,341,349,350,351,352,380,381,598,599,600,
155;0;6851;7022;0;8,9,10,11,12,13,14,19,20,21,22,32,35,36,37,79,80,81,82,83,84,85,86,87,88,99,100,101,102,103,104,105,106,107,108,109,110,111,112,124,128,129,130,131,132,133,134,135,136,137,140,141,178,186,187,188,189,190,191,192,193,196,230,231,232,233,234,235,321,322,341,349,350,351,352,380,381,598,599,600,
17;0;7022;7096;1;8,9,10,11,12,13,14,19,20,21,22,32,35,36,37,79,80,81,82,83,84,85,86,87,88,99,100,101,102,103,104,105,106,107,108,109,110,111,112,124,128,129,130,131,132,133,134,135,136,137,140,141,178,186,187,188,189,190,191,192,193,196,230,231,232,233,234,235,321,322,341,349,350,351,352,380,381,598,599,600,
17;1;7096;7130;1;8,9,10,11,12,13,14,19,20,21,22,32,35,36,37,79,80,81,82,83,84,85,86,87,88,99,100,101,102,103,104,105,106,107,108,109,110,111,112,124,128,129,130,131,132,133,134,135,136,137,140,141,178,186,187,188,189,190,191,192,193,196,230,231,232,233,234,235,321,322,341,349,350,351,352,380,381,598,599,600,
213;0;7130;7166;1;8,9,10,11,12,13,14,19,20,21,22,32,35,36,37,79,80,81,82,83,84,85,86,87,88,99,100,101,102,103,104,105,106,107,108,109,110,111,112,124,128,129,130,131,132,133,134,135,136,137,140,141,178,186,187,188,189,190,191,192,193,196,230,231,232,233,234,235,321,322,341,349,350,351,352,380,381,598,599,600,
109;0;7166;7247;0;8,9,10,11,12,13,14,19,20,21,22,32,35,36,37,79,80,81,82,83,84,85,86,87,88,99,100,101,102,103,104,105,106,107,108,109,110,111,112,124,128,129,130,131,132,133,134,135,136,137,140,141,178,186,187,188,189,190,191,192,193,196,230,231,232,233,234,235,321,322,341,349,350,351,352,380,381,598,599,600,
109;1;7247;7412;0;8,9,10,11,12,13,14,19,20,21,22,32,35,36,37,79,80,81,82,83,84,85,86,87,88,99,100,101,102,103,104,105,106,107,108,109,110,111,112,124,128,129,130,131,132,133,134,135,136,137,140,141,178,186,187,188,189,190,191,192,193,196,230,231,232,233,234,235,321,322,341,349,350,351,352,380,381,598,599,600,
244;0;7412;7591;1;8,9,10,11,12,13,14,19,20,21,22,32,35,36,37,79,80,81,82,83,84,85,86,87,88,99,100,101,102,103,104,105,106,107,108,109,110,111,112,124,128,129,130,131,132,133,134,135,136,137,140,141,178,186,187,188,189,190,191,192,193,196,230,231,232,233,234,235,321,322,341,349,350,351,352,380,381,598,599,600,
244;1;7591;7764;1;8,9,10,11,12,13,14,19,20,21,22,32,35,36,37,79,80,81,82,83,84,85,86,87,88,99,100,101,102,103,104,105,106,107,108,109,110,111,112,124,128,129,130,131,132,133,134,135,136,137,140,141,178,186,187,188,189,190,191,192,193,196,230,231,232,233,234,235,321,322,341,349,350,351,352,380,381,598,599,600,
1;0;7764;7911;0;8,9,10,11,12,13,14,19,20,21,22,32,35,36,37,79,80,81,82,83,84,85,86,87,88,99,100,101,102,103,104,105,106,107,108,109,110,111,112,124,128,129,130,131,132,133,134,135,136,137,140,141,178,186,187,188,189,190,191,192,193,196,230,231,232,233,234,235,321,322,341,349,350,351,352,380,381,598,599,600,
28;0;7911;8086;0;8,9,10,11,12,13,14,19,20,21,22,32,35,36,37,79,80,81,82,85,87,115,124,130,131,132,133,134,135,136,137,140,141,145,155,178,186,187,188,189,190,191,192,193,194,195,196,197,198,233,234,235,380,381,403,404,405,406,407,408,409,410,411,412,413,414,415,416,417,433,434,435,436,437,438,439,440,441,442,443,
43;0;8086;8162;1;8,9,10,11,12,13,14,19,20,21,22,32,35,36,37,79,80,81,82,85,87,115,124,130,131,132,133,134,135,136,137,140,141,145,155,178,186,187,188,189,190,191,192,193,194,195,196,197,198,233,234,235,380,381,403,404,405,406,407,408,409,410,411,412,413,414,415,416,417,433,434,435,436,437,438,439,440,441,442,443,
70;0;8162;8238;1;8,9,10,11,12,13,14,19,20,21,22,32,35,36,37,79,80,81,82,85,87,115,124,130,131,132,133,134,135,136,137,140,141,145,155,178,186,187,188,189,190,191,192,193,194,195,196,197,198,233,234,235,380,381,403,404,405,406,407,408,409,410,411,412,413,414,415,416,417,433,434,435,436,437,438,439,440,441,442,443,
297;0;8238;8247;1;8,9,10,11,12,13,14,19,20,21,22,32,35,36,37,79,80,81,82,85,87,115,124,130,131,132,133,134,135,136,137,140,141,145,155,178,186,187,188,189,190,191,192,193,194,195,196,197,198,233,234,235,380,381,403,404,405,406,407,408,409,410,411,412,413,414,415,416,417,433,434,435,436,437,438,439,440,441,442,443,
297;1;8247;8422;1;8,9,10,11,12,13,14,19,20,21,22,32,35,36,37,79,80,81,82,85,87,115,124,130,131,132,133,134,135,136,137,140,141,145,155,178,186,187,188,189,190,191,192,193,194,195,196,197,198,233,234,235,380,381,403,404,405,406,407,408,409,410,411,412,413,414,415,416,417,433,434,435,436,437,438,439,440,441,442,443,
195;0;8422;8486;0;8,9,10,11,12,13,14,19,20,21,22,32,35,36,37,79,80,81,82,85,87,115,124,130,131,132,133,134,135,136,137,140,141,145,155,178,186,187,188,189,190,191,192,193,194,195,196,197,198,233,234,235,380,381,403,404,405,406,407,408,409,410,411,412,413,414,415,416,417,433,434,435,436,437,438,439,440,441,442,443,
307;0;8486;8664;1;8,9,10,11,12,13,14,19,20,21,22,32,35,36,37,79,80,81,82,85,87,115,124,130,131,132,133,134,135,136,137,140,141,145,155,178,186,187,188,189,190,191,192,193,194,195,196,197,198,233,234,235,380,381,403,404,405,406,407,408,409,410,411,412,413,414,415,416,417,433,434,435,436,437,438,439,440,441,442,443,
307;1;8664;8827;1;8,9,10,11,12,13,14,19,20,21,22,32,35,36,37,79,80,81,82,85,87,115,124,130,131,132,133,134,135,136,137,140,141,145,155,178,186,187,188,189,190,191,192,193,194,195,196,197,198,233,234,235,380,381,403,404,405,406,407,408,409,410,411,412,413,414,415,416,417,433,434,435,436,437,438,439,440,441,442,443,
366;0;8827;8906;0;8,9,10,11,12,13,14,19,20,21,22,32,35,36,37,79,80,81,82,85,87,115,124,130,131,132,133,134,135,136,137,140,141,145,155,178,186,187,188,189,190,191,192,193,194,195,196,197,198,233,234,235,380,381,403,404,405,406,407,408,409,410,411,412,413,414,415,416,417,433,434,435,436,437,438,439,440,441,442,443,
367;0;8906;8951;1;8,9,10,11,12,13,14,19,20,21,22,32,35,36,37,79,80,81,82,85,87,115,124,130,131,132,133,134,135,136,137,140,141,145,155,178,186,187,188,189,190,191,192,193,194,195,196,197,198,233,234,235,380,381,403,404,405,406,407,408,409,410,411,412,413,414,415,416,417,433,434,435,436,437,438,439,440,441,442,443,
367;1;8951;9122;1;8,9,10,11,12,13,14,19,20,21,22,32,35,36,37,79,80,81,82,85,87,115,124,130,131,132,133,134,135,136,137,140,141,145,155,178,186,187,188,189,190,191,192,193,194,195,196,197,198,233,234,235,380,381,403,404,405,406,407,408,409,410,411,412,413,414,415,416,417,433,434,435,436,437,438,439,440,441,442,443,
435;0;9122;9218;0;8,9,10,11,12,13,14,19,20,21,22,32,35,36,37,79,80,81,82,85,87,115,124,130,131,132,133,134,135,136,137,140,141,145,155,178,186,187,188,189,190,191,192,193,194,195,196,197,198,233,234,235,380,381,403,404,405,406,407,408,409,410,411,412,413,414,415,416,417,433,434,435,436,437,438,439,440,441,442,443,
52;0;9218;9246;0;8,9,10,11,12,13,14,19,20,21,22,32,35,36,37,79,80,81,82,85,87,115,124,130,131,132,133,134,135,136,137,140,141,145,155,178,186,187,188,189,190,191,192,193,194,195,196,197,198,233,234,235,380,381,403,404,405,406,407,408,409,410,411,412,413,414,415,416,417,433,434,435,436,437,438,439,440,441,442,443,
52;1;9246;9282;0;8,9,10,11,12,13,14,19,20,21,22,32,35,36,37,79,80,81,82,85,87,115,124,130,131,132,133,134,135,136,137,140,141,145,155,178,186,187,188,189,190,191,192,193,194,195,196,197,198,233,234,235,380,381,403,404,405,406,407,408,409,410,411,412,413,414,415,416,417,433,434,435,436,437,438,439,440,441,442,443,
204;0;9282;9332;1;8,9,10,11,12,13,14,19,20,21,22,32,35,36,37,79,80,81,82,85,87,115,124,130,131,132,133,134,135,136,137,140,141,145,155,178,186,187,188,189,190,191,192,193,194,195,196,197,198,233,234,235,380,381,403,404,405,406,407,408,409,410,411,412,413,414,415,416,417,433,434,435,436,437,438,439,440,441,442,443,
204;1;9332;9411;1;8,9,10,11,12,13,14,19,20,21,22,32,35,36,37,79,80,81,82,85,87,115,124,130,131,132,133,134,135,136,137,140,141,145,155,178,186,187,188,189,190,191,192,193,194,195,196,197,198,233,234,235,380,381,403,404,405,406,407,408,409,410,411,412,413,414,415,416,417,433,434,435,436,437,438,439,440,441,442,443,
220;0;9411;9433;1;8,9,10,11,12,13,14,19,20,21,22,32,35,36,37,79,80,81,82,85,87,115,124,130,131,132,133,134,135,136,137,140,141,145,155,178,186,187,188,189,190,191,192,193,194,195,196,197,198,233,234,235,380,381,403,404,405,406,407,408,409,410,411,412,413,414,415,416,417,433,434,435,436,437,438,439,440,441,442,443,
Machine: 3
87;0;0;166;1;0,1,2,3,4,5,6,7,15,16,17,18,23,24,25,26,27,28,29,30,31,32,33,34,39,40,41,42,43,51,82,83,84,85,86,89,90,91,94,184,185,212,213,214,215,216,217,218,219,220,221,222,223,236,237,238,239,242,264,273,274,275,276,277,278,337,338,343,344,345,346,347,348,385,387,447,448,449,601,609,
87;1;166;271;1;0,1,2,3,4,5,6,7,15,16,17,18,23,24,25,26,27,28,29,30,31,32,33,34,39,40,41,42,43,51,82,83,84,85,86,89,90,91,94,184,185,212,213,214,215,216,217,218,219,220,221,222,223,236,237,238,239,242,264,273,274,275,276,277,278,337,338,343,344,345,346,347,348,385,387,447,448,449,601,609,
188;0;271;349;0;0,1,2,3,4,5,6,7,15,16,17,18,23,24,25,26,27,28,29,30,31,32,33,34,39,40,41,42,43,51,82,83,84,85,86,89,90,91,94,184,185,212,213,214,215,216,217,218,219,220,221,222,223,236,237,238,239,242,264,273,274,275,276,277,278,337,338,343,344,345,346,347,348,385,387,447,448,449,601,609,
236;0;349;432;0;0,1,2,3,4,5,6,7,15,16,17,18,23,24,25,26,27,28,29,30,31,32,33,34,39,40,41,42,43,51,82,83,84,85,86,89,90,91,94,184,185,212,213,214,215,216,217,218,219,220,221,222,223,236,237,238,239,242,264,273,274,275,276,277,278,337,338,343,344,345,346,347,348,385,387,447,448,449,601,609,
239;0;432;530;0;0,1,2,3,4,5,6,7,15,16,17,18,23,24,25,26,27,28,29,30,31,32,33,34,39,40,41,42,43,51,82,83,84,85,86,89,90,91,94,184,185,212,213,214,215,216,217,218,219,220,221,222,223,236,237,238,239,242,264,273,274,275,276,277,278,337,338,343,344,345,346,347,348,385,387,447,448,449,601,609,
239;1;530;608;0;0,1,2,3,4,5,6,7,15,16,17,18,23,24,25,26,27,28,29,30,31,32,33,34,39,40,41,42,43,51,82,83,84,85,86,89,90,91,94,184,185,212,213,214,215,216,217,218,219,220,221,222,223,236,237,238,239,242,264,273,274,275,276,277,278,337,338,343,344,345,346,347,348,385,387,447,448,449,601,609,
147;0;608;765;1;0,1,2,3,4,5,6,7,15,16,17,18,23,24,25,26,27,28,29,30,31,32,33,34,39,40,41,42,43,51,82,83,84,85,86,89,90,91,94,184,185,212,213,214,215,216,217,218,219,220,221,222,223,236,237,238,239,242,264,273,274,275,276,277,278,337,338,343,344,345,346,347,348,385,387,447,448,449,601,609,
147;1;765;790;1;0,1,2,3,4,5,6,7,15,16,17,18,23,24,25,26,27,28,29,30,31,32,33,34,39,40,41,42,43,51,82,83,84,85,86,89,90,91,94,184,185,212,213,214,215,216,217,218,219,220,221,222,223,236,237,238,239,242,264,273,274,275,276,277,278,337,338,343,344,345,346,347,348,385,387,447,448,449,601,609,
42;0;790;822;0;0,1,2,3,4,5,6,7,15,16,17,18,23,24,25,26,27,28,29,30,31,32,33,34,39,40,41,42,43,51,82,83,84,85,86,89,90,91,94,184,185,212,213,214,215,216,217,218,219,220,221,222,223,236,237,238,239,242,264,273,274,275,276,277,278,337,338,343,344,345,346,347,348,385,387,447,448,449,601,609,
42;1;822;947;0;0,1,2,3,4,5,6,7,15,16,17,18,23,24,25,26,27,28,29,30,31,32,33,34,39,40,41,42,43,51,82,83,84,85,86,89,90,91,94,184,185,212,213,214,215,216,217,218,219,220,221,222,223,236,237,238,239,242,264,273,274,275,276,277,278,337,338,343,344,345,346,347,348,385,387,447,448,449,601,609,
81;0;947;1048;1;0,1,2,3,4,5,6,7,15,16,17,18,23,24,25,26,27,28,29,30,31,32,33,34,39,40,41,42,43,51,82,83,84,85,86,89,90,91,94,184,185,212,213,214,215,216,217,218,219,220,221,222,223,236,237,238,239,242,264,273,274,275,276,277,278,337,338,343,344,345,346,347,348,385,387,447,448,449,601,609,
150;0;1048;1227;1;0,1,2,3,4,5,6,7,15,16,17,18,23,24,25,26,27,28,29,30,31,32,33,34,39,40,41,42,43,51,82,83,84,85,86,89,90,91,94,184,185,212,213,214,215,216,217,218,219,220,221,222,223,236,237,238,239,242,264,273,274,275,276,277,278,337,338,343,344,345,346,347,348,385,387,447,448,449,601,609,
110;0;1227;1406;1;0,1,2,3,4,5,6,7,15,16,17,18,23,24,25,26,27,28,29,30,31,32,33,34,39,40,41,42,43,51,82,83,84,85,86,89,90,91,94,184,185,212,213,214,215,216,217,218,219,220,221,222,223,236,237,238,239,242,264,273,274,275,276,277,278,337,338,343,344,345,346,347,348,385,387,447,448,449,601,609,
51;0;1406;1552;1;0,1,2,3,4,5,6,7,15,16,17,18,23,24,25,26,27,28,29,30,31,32,33,34,39,40,41,42,43,51,82,83,84,85,86,89,90,91,94,184,185,212,213,214,215,216,217,218,219,220,221,222,223,236,237,238,239,242,264,273,274,275,276,277,278,337,338,343,344,345,346,347,348,385,387,447,448,449,601,609,
402;0;1552;1731;0;0,1,2,3,4,5,6,7,15,16,17,18,23,24,25,26,27,28,29,30,31,32,33,34,39,40,41,42,43,51,82,83,84,85,86,89,90,91,94,184,185,212,213,214,215,216,217,218,219,220,221,222,223,236,237,238,239,242,264,273,274,275,276,277,278,337,338,343,344,345,346,347,348,385,387,447,448,449,601,609,
402;1;1731;1817;0;0,1,2,3,4,5,6,7,15,16,17,18,23,24,25,26,27,28,29,30,31,32,33,34,39,40,41,42,43,51,82,83,84,85,86,89,90,91,94,184,185,212,213,214,215,216,217,218,219,220,221,222,223,236,237,238,239,242,264,273,274,275,276,277,278,337,338,343,344,345,346,347,348,385,387,447,448,449,601,609,
395;0;1817;1943;0;0,1,2,3,4,5,6,7,15,16,17,18,23,24,25,26,27,28,29,30,31,32,33,34,39,40,41,42,43,51,82,83,84,85,86,89,90,91,94,184,185,212,213,214,215,216,217,218,219,220,221,222,223,236,237,238,239,242,264,273,274,275,276,277,278,337,338,343,344,345,346,347,348,385,387,447,448,449,601,609,
265;0;1943;1998;0;0,1,2,3,4,5,6,7,15,16,17,18,23,24,25,26,27,28,29,30,31,32,33,34,39,40,41,42,43,51,82,83,84,85,86,89,90,91,94,184,185,212,213,214,215,216,217,218,219,220,221,222,223,236,237,238,239,242,264,273,274,275,276,277,278,337,338,343,344,345,346,347,348,385,387,447,448,449,601,609,
106;0;1998;2078;0;0,1,2,3,4,5,6,7,15,16,17,18,23,24,25,26,27,28,29,30,31,32,33,34,39,40,41,42,43,51,82,83,84,85,86,89,90,91,94,184,185,212,213,214,215,216,217,218,219,220,221,222,223,236,237,238,239,242,264,273,274,275,276,277,278,337,338,343,344,345,346,347,348,385,387,447,448,449,601,609,
115;0;2078;2098;0;0,1,2,3,4,5,6,7,15,16,17,18,23,24,25,26,27,28,29,30,31,32,33,34,39,40,41,42,43,51,82,83,84,85,86,89,90,91,94,184,185,212,213,214,215,216,217,218,219,220,221,222,223,236,237,238,239,242,264,273,274,275,276,277,278,337,338,343,344,345,346,347,348,385,387,447,448,449,601,609,
378;0;2098;2267;0;0,1,2,3,4,5,6,7,15,16,17,18,23,24,25,26,27,28,29,30,31,32,33,34,39,40,41,42,43,51,82,83,84,85,86,89,90,91,94,184,185,212,213,214,215,216,217,218,219,220,221,222,223,236,237,238,239,242,264,273,274,275,276,277,278,337,338,343,344,345,346,347,348,385,387,447,448,449,601,609,
38;0;2267;2345;0;0,1,2,3,4,5,6,7,15,16,17,18,23,24,25,26,27,28,29,30,31,32,33,34,39,40,41,42,43,51,82,83,84,85,86,89,90,91,94,184,185,212,213,214,215,216,217,218,219,220,221,222,223,236,237,238,239,242,264,273,274,275,276,277,278,337,338,343,344,345,346,347,348,385,387,447,448,449,601,609,
69;0;2345;2396;0;0,1,2,3,4,5,6,7,15,16,17,18,23,24,25,26,27,28,29,30,31,32,33,34,39,40,41,42,43,51,82,83,84,85,86,89,90,91,94,184,185,212,213,214,215,216,217,218,219,220,221,222,223,236,237,238,239,242,264,273,274,275,276,277,278,337,338,343,344,345,346,347,348,385,387,447,448,449,601,609,
69;1;2396;2565;0;0,1,2,3,4,5,6,7,15,16,17,18,23,24,25,26,27,28,29,30,31,32,33,34,39,40,41,42,43,51,82,83,84,85,86,89,90,91,94,184,185,212,213,214,215,216,217,218,219,220,221,222,223,236,237,238,239,242,264,273,274,275,276,277,278,337,338,343,344,345,346,347,348,385,387,447,448,449,601,609,
44;0;2565;2569;1;0,1,2,3,4,5,6,7,15,16,17,18,23,24,25,26,27,28,29,30,31,32,33,34,39,40,41,42,43,51,82,83,84,85,86,89,90,91,94,184,185,212,213,214,215,216,217,218,219,220,221,222,223,236,237,238,239,242,264,273,274,275,276,277,278,337,338,343,344,345,346,347,348,385,387,447,448,449,601,609,
44;1;2569;2725;1;0,1,2,3,4,5,6,7,15,16,17,18,23,24,25,26,27,28,29,30,31,32,33,34,39,40,41,42,43,51,82,83,84,85,86,89,90,91,94,184,185,212,213,214,215,216,217,218,219,220,221,222,223,236,237,238,239,242,264,273,274,275,276,277,278,337,338,343,344,345,346,347,348,385,387,447,448,449,601,609,
251;0;2725;2729;1;0,1,2,3,4,5,6,7,15,16,17,18,23,24,25,26,27,28,29,30,31,32,33,34,39,40,41,42,43,51,82,83,84,85,86,89,90,91,94,184,185,212,213,214,215,216,217,218,219,220,221,222,223,236,237,238,239,242,264,273,274,275,276,277,278,337,338,343,344,345,346,347,348,385,387,447,448,449,601,609,
200;0;2729;2798;1;0,1,2,3,4,5,6,7,15,16,17,18,23,24,25,26,27,28,29,30,31,32,33,34,39,40,41,42,43,51,82,83,84,85,86,89,90,91,94,184,185,212,213,214,215,216,217,218,219,220,221,222,223,236,237,238,239,242,264,273,274,275,276,277,278,337,338,343,344,345,346,347,348,385,387,447,448,449,601,609,
368;0;2798;2838;0;0,1,2,3,4,5,6,7,15,16,17,18,23,24,25,26,27,28,29,30,31,32,33,34,39,40,41,42,43,51,82,83,84,85,86,89,90,91,94,184,185,212,213,214,215,216,217,218,219,220,221,222,223,236,237,238,239,242,264,273,274,275,276,277,278,337,338,343,344,345,346,347,348,385,387,447,448,449,601,609,
392;0;2838;3009;0;0,1,2,3,4,5,6,7,15,16,17,18,23,24,25,26,27,28,29,30,31,32,33,34,39,40,41,42,43,51,82,83,84,85,86,89,90,91,94,184,185,212,213,214,215,216,217,218,219,220,221,222,223,236,237,238,239,242,264,273,274,275,276,277,278,337,338,343,344,345,346,347,348,385,387,447,448,449,601,609,
392;1;3009;3048;0;0,1,2,3,4,5,6,7,15,16,17,18,23,24,25,26,27,28,29,30,31,32,33,34,39,40,41,42,43,51,82,83,84,85,86,89,90,91,94,184,185,212,213,214,215,216,217,218,219,220,221,222,223,236,237,238,239,242,264,273,274,275,276,277,278,337,338,343,344,345,346,347,348,385,387,447,448,449,601,609,
286;0;3048;3142;0;0,1,2,3,4,5,6,7,15,16,17,18,23,24,25,26,27,28,29,30,31,32,33,34,39,40,41,42,43,51,82,83,84,85,86,89,90,91,94,184,185,212,213,214,215,216,217,218,219,220,221,222,223,236,237,238,239,242,264,273,274,275,276,277,278,337,338,343,344,345,346,347,348,385,387,447,448,449,601,609,
79;0;3142;3204;0;0,1,2,3,4,5,6,7,15,16,17,18,23,24,25,26,27,28,29,30,31,32,33,34,39,40,41,42,43,51,82,83,84,85,86,89,90,91,94,184,185,212,213,214,215,216,217,218,219,220,221,222,223,236,237,238,239,242,264,273,274,275,276,277,278,337,338,343,344,345,346,347,348,385,387,447,448,449,601,609,
79;1;3204;3341;0;0,1,2,3,4,5,6,7,15,16,17,18,23,24,25,26,27,28,29,30,31,32,33,34,39,40,41,42,43,51,82,83,84,85,86,89,90,91,94,184,185,212,213,214,215,216,217,218,219,220,221,222,223,236,237,238,239,242,264,273,274,275,276,277,278,337,338,343,344,345,346,347,348,385,387,447,448,449,601,609,
393;0;3341;3396;1;0,1,2,3,4,5,6,7,15,16,17,18,23,24,25,26,27,28,29,30,31,32,33,34,39,40,41,42,43,51,82,83,84,85,86,89,90,91,94,184,185,212,213,214,215,216,217,218,219,220,221,222,223,236,237,238,239,242,264,273,274,275,276,277,278,337,338,343,344,345,346,347,348,385,387,447,448,449,601,609,
311;0;3396;3556;1;0,1,2,3,4,5,6,7,15,16,17,18,23,24,25,26,27,28,29,30,31,32,33,34,39,40,41,42,43,51,82,83,84,85,86,89,90,91,94,184,185,212,213,214,215,216,217,218,219,220,221,222,223,236,237,238,239,242,264,273,274,275,276,277,278,337,338,343,344,345,346,347,348,385,387,447,448,449,601,609,
167;0;3556;3593;1;0,1,2,3,4,5,6,7,15,16,17,18,23,24,25,26,27,28,29,30,31,32,33,34,39,40,41,42,43,51,82,83,84,85,86,89,90,91,94,184,185,212,213,214,215,216,217,218,219,220,221,222,223,236,237,238,239,242,264,273,274,275,276,277,278,337,338,343,344,345,346,347,348,385,387,447,448,449,601,609,
167;1;3593;3687;1;0,1,2,3,4,5,6,7,15,16,17,18,23,24,25,26,27,28,29,30,31,32,33,34,39,40,41,42,43,51,82,83,84,85,86,89,90,91,94,184,185,212,213,214,215,216,217,218,219,220,221,222,223,236,237,238,239,242,264,273,274,275,276,277,278,337,338,343,344,345,346,347,348,385,387,447,448,449,601,609,
95;0;3687;3777;0;0,1,2,3,4,5,6,7,15,16,17,18,23,24,25,26,27,28,29,30,31,32,33,34,39,40,41,42,43,51,82,83,84,85,86,89,90,91,94,184,185,212,213,214,215,216,217,218,219,220,221,222,223,236,237,238,239,242,264,273,274,275,276,277,278,337,338,343,344,345,346,347,348,385,387,447,448,449,601,609,
305;0;3777;3833;0;0,1,2,3,4,5,6,7,15,16,17,18,23,24,25,26,27,28,29,30,31,32,33,34,39,40,41,42,43,51,82,83,84,85,86,89,90,91,94,184,185,212,213,214,215,216,217,218,219,220,221,222,223,236,237,238,239,242,264,273,274,275,276,277,278,337,338,343,344,345,346,347,348,385,387,447,448,449,601,609,
277;0;3833;3880;1;0,1,2,3,4,5,6,7,15,16,17,18,23,24,25,26,27,28,29,30,31,32,33,34,39,40,41,42,43,51,82,83,84,85,86,89,90,91,94,184,185,212,213,214,215,216,217,218,219,220,221,222,223,236,237,238,239,242,264,273,274,275,276,277,278,337,338,343,344,345,346,347,348,385,387,447,448,449,601,609,
277;1;3880;3884;1;0,1,2,3,4,5,6,7,15,16,17,18,23,24,25,26,27,28,29,30,31,32,33,34,39,40,41,42,43,51,82,83,84,85,86,89,90,91,94,184,185,212,213,214,215,216,217,218,219,220,221,222,223,236,237,238,239,242,264,273,274,275,276,277,278,337,338,343,344,345,346,347,348,385,387,447,448,449,601,609,
8;0;3884;3961;0;0,1,2,3,4,5,6,7,15,16,17,18,23,24,25,26,27,28,29,30,31,32,33,34,39,40,41,42,43,51,82,83,84,85,86,89,90,91,94,184,185,212,213,214,215,216,217,218,219,220,221,222,223,236,237,238,239,242,264,273,274,275,276,277,278,337,338,343,344,345,346,347,348,385,387,447,448,449,601,609,
237;0;3961;3997;1;0,1,2,3,4,5,6,7,15,16,17,18,23,24,25,26,27,28,29,30,31,32,33,34,39,40,41,42,43,51,82,83,84,85,86,89,90,91,94,184,185,212,213,214,215,216,217,218,219,220,221,222,223,236,237,238,239,242,264,273,274,275,276,277,278,337,338,343,344,345,346,347,348,385,387,447,448,449,601,609,
237;1;3997;4091;1;0,1,2,3,4,5,6,7,15,16,17,18,23,24,25,26,27,28,29,30,31,32,33,34,39,40,41,42,43,51,82,83,84,85,86,89,90,91,94,184,185,212,213,214,215,216,217,218,219,220,221,222,223,236,237,238,239,242,264,273,274,275,276,277,278,337,338,343,344,345,346,347,348,385,387,447,448,449,601,609,
222;0;4091;4133;0;0,1,2,3,4,5,6,7,15,16,17,18,23,24,25,26,27,28,29,30,31,32,33,34,39,40,41,42,43,51,82,83,84,85,86,89,90,91,94,184,185,212,213,214,215,216,217,218,219,220,221,222,223,236,237,238,239,242,264,273,274,275,276,277,278,337,338,343,344,345,346,347,348,385,387,447,448,449,601,609,
222;1;4133;4174;0;0,1,2,3,4,5,6,7,15,16,17,18,23,24,25,26,27,28,29,30,31,32,33,34,39,40,41,42,43,51,82,83,84,85,86,89,90,91,94,184,185,212,213,214,215,216,217,218,219,220,221,222,223,236,237,238,239,242,264,273,274,275,276,277,278,337,338,343,344,345,346,347,348,385,387,447,448,449,601,609,
230;0;4174;4279;1;0,1,2,3,4,5,6,7,15,16,17,18,23,24,25,26,27,28,29,30,31,32,33,34,39,40,41,42,43,51,82,83,84,85,86,89,90,91,94,184,185,212,213,214,215,216,217,218,219,220,221,222,223,236,237,238,239,242,264,273,274,275,276,277,278,337,338,343,344,345,346,347,348,385,387,447,448,449,601,609,
196;0;4279;4356;0;0,1,2,3,4,5,6,7,15,16,17,18,23,24,25,26,27,28,29,30,31,32,33,34,39,40,41,42,43,51,82,83,84,85,86,89,90,91,94,184,185,212,213,214,215,216,217,218,219,220,221,222,223,236,237,238,239,242,264,273,274,275,276,277,278,337,338,343,344,345,346,347,348,385,387,447,448,449,601,609,
210;0;4356;4470;1;0,1,2,3,4,5,6,7,15,16,17,18,23,24,25,26,27,28,29,30,31,32,33,34,39,40,41,42,43,51,82,83,84,85,86,89,90,91,94,184,185,212,213,214,215,216,217,218,219,220,221,222,223,236,237,238,239,242,264,273,274,275,276,277,278,337,338,343,344,345,346,347,348,385,387,447,448,449,601,609,
191;0;4470;4536;1;0,1,2,3,4,5,6,7,15,16,17,18,23,24,25,26,27,28,29,30,31,32,33,34,39,40,41,42,43,51,82,83,84,85,86,89,90,91,94,184,185,212,213,214,215,216,217,218,219,220,221,222,223,236,237,238,239,242,264,273,274,275,276,277,278,337,338,343,344,345,346,347,348,385,387,447,448,449,601,609,
217;0;4536;4586;1;0,1,2,3,4,5,6,7,15,16,17,18,23,24,25,26,27,28,29,30,31,32,33,34,39,40,41,42,43,51,82,83,84,85,86,89,90,91,94,184,185,212,213,214,215,216,217,218,219,220,221,222,223,236,237,238,239,242,264,273,274,275,276,277,278,337,338,343,344,345,346,347,348,385,387,447,448,449,601,609,
217;1;4586;4742;1;0,1,2,3,4,5,6,7,15,16,17,18,23,24,25,26,27,28,29,30,31,32,33,34,39,40,41,42,43,51,82,83,84,85,86,89,90,91,94,184,185,212,213,214,215,216,217,218,219,220,221,222,223,236,237,238,239,242,264,273,274,275,276,277,278,337,338,343,344,345,346,347,348,385,387,447,448,449,601,609,
199;0;4742;4759;0;0,1,2,3,4,5,6,7,15,16,17,18,23,24,25,26,27,28,29,30,31,32,33,34,39,40,41,42,43,51,82,83,84,85,86,89,90,91,94,184,185,212,213,214,215,216,217,218,219,220,221,222,223,236,237,238,239,242,264,273,274,275,276,277,278,337,338,343,344,345,346,347,348,385,387,447,448,449,601,609,
199;1;4759;4936;0;0,1,2,3,4,5,6,7,15,16,17,18,23,24,25,26,27,28,29,30,31,32,33,34,39,40,41,42,43,51,82,83,84,85,86,89,90,91,94,184,185,212,213,214,215,216,217,218,219,220,221,222,223,236,237,238,239,242,264,273,274,275,276,277,278,337,338,343,344,345,346,347,348,385,387,447,448,449,601,609,
396;0;4936;4969;0;0,1,2,3,4,5,6,7,15,16,17,18,23,24,25,26,27,28,29,30,31,32,33,34,39,40,41,42,43,51,82,83,84,85,86,89,90,91,94,184,185,212,213,214,215,216,217,218,219,220,221,222,223,236,237,238,239,242,264,273,274,275,276,277,278,337,338,343,344,345,346,347,348,385,387,447,448,449,601,609,
11;0;4969;5035;1;0,1,2,3,4,5,6,7,15,16,17,18,23,24,25,26,27,28,29,30,31,32,33,34,39,40,41,42,43,51,82,83,84,85,86,89,90,91,94,184,185,212,213,214,215,216,217,218,219,220,221,222,223,236,237,238,239,242,264,273,274,275,276,277,278,337,338,343,344,345,346,347,348,385,387,447,448,449,601,609,
98;0;5035;5115;0;0,1,2,3,4,5,6,7,15,16,17,18,23,24,25,26,27,28,29,30,31,32,33,34,39,40,41,42,43,51,82,83,84,85,86,89,90,91,94,184,185,212,213,214,215,216,217,218,219,220,221,222,223,236,237,238,239,242,264,273,274,275,276,277,278,337,338,343,344,345,346,347,348,385,387,447,448,449,601,609,
40;0;5115;5144;1;0,1,2,3,4,5,6,7,15,16,17,18,23,24,25,26,27,28,29,30,31,32,33,34,39,40,41,42,43,51,82,83,84,85,86,89,90,91,94,184,185,212,213,214,215,216,217,218,219,220,221,222,223,236,237,238,239,242,264,273,274,275,276,277,278,337,338,343,344,345,346,347,348,385,387,447,448,449,601,609,
114;0;5144;5213;1;0,1,2,3,4,5,6,7,15,16,17,18,23,24,25,26,27,28,29,30,31,32,33,34,39,40,41,42,43,51,82,83,84,85,86,89,90,91,94,184,185,212,213,214,215,216,217,218,219,220,221,222,223,236,237,238,239,242,264,273,274,275,276,277,278,337,338,343,344,345,346,347,348,385,387,447,448,449,601,609,
114;1;5213;5299;1;0,1,2,3,4,5,6,7,15,16,17,18,23,24,25,26,27,28,29,30,31,32,33,34,39,40,41,42,43,51,82,83,84,85,86,89,90,91,94,184,185,212,213,214,215,216,217,218,219,220,221,222,223,236,237,238,239,242,264,273,274,275,276,277,278,337,338,343,344,345,346,347,348,385,387,447,448,449,601,609,
289;0;5299;5324;0;0,1,2,3,4,5,6,7,15,16,17,18,23,24,25,26,27,28,29,30,31,32,33,34,39,40,41,42,43,51,82,83,84,85,86,89,90,91,94,184,185,212,213,214,215,216,217,218,219,220,221,222,223,236,237,238,239,242,264,273,274,275,276,277,278,337,338,343,344,345,346,347,348,385,387,447,448,449,601,609,
289;1;5324;5342;0;0,1,2,3,4,5,6,7,15,16,17,18,23,24,25,26,27,28,29,30,31,32,33,34,39,40,41,42,43,51,82,83,84,85,86,89,90,91,94,184,185,212,213,214,215,216,217,218,219,220,221,222,223,236,237,238,239,242,264,273,274,275,276,277,278,337,338,343,344,345,346,347,348,385,387,447,448,449,601,609,
134;0;5342;5443;1;0,1,2,3,4,5,6,7,15,16,17,18,23,24,25,26,27,28,29,30,31,32,33,34,39,40,41,42,43,51,82,83,84,85,86,89,90,91,94,184,185,212,213,214,215,216,217,218,219,220,221,222,223,236,237,238,239,242,264,273,274,275,276,277,278,337,338,343,344,345,346,347,348,385,387,447,448,449,601,609,
134;1;5443;5554;1;0,1,2,3,4,5,6,7,15,16,17,18,23,24,25,26,27,28,29,30,31,32,33,34,39,40,41,42,43,51,82,83,84,85,86,89,90,91,94,184,185,212,213,214,215,216,217,218,219,220,221,222,223,236,237,238,239,242,264,273,274,275,276,277,278,337,338,343,344,345,346,347,348,385,387,447,448,449,601,609,
292;0;5554;5584;0;0,1,2,3,4,5,6,7,15,16,17,18,23,24,25,26,27,28,29,30,31,32,33,34,39,40,41,42,43,51,82,83,84,85,86,89,90,91,94,184,185,212,213,214,215,216,217,218,219,220,221,222,223,236,237,238,239,242,264,273,274,275,276,277,278,337,338,343,344,345,346,347,348,385,387,447,448,449,601,609,
292;1;5584;5763;0;0,1,2,3,4,5,6,7,15,16,17,18,23,24,25,26,27,28,29,30,31,32,33,34,39,40,41,42,43,51,82,83,84,85,86,89,90,91,94,184,185,212,213,214,215,216,217,218,219,220,221,222,223,236,237,238,239,242,264,273,274,275,276,277,278,337,338,343,344,345,346,347,348,385,387,447,448,449,601,609,
425;0;5763;5778;0;0,1,2,3,4,5,6,7,15,16,17,18,23,24,25,26,27,28,29,30,31,32,33,34,39,40,41,42,43,51,82,83,84,85,86,89,90,91,94,184,185,212,213,214,215,216,217,218,219,220,221,222,223,236,237,238,239,242,264,273,274,275,276,277,278,337,338,343,344,345,346,347,348,385,387,447,448,449,601,609,
164;0;5778;5903;1;0,1,2,3,4,5,6,7,15,16,17,18,23,24,25,26,27,28,29,30,31,32,33,34,39,40,41,42,43,51,82,83,84,85,86,89,90,91,94,184,185,212,213,214,215,216,217,218,219,220,221,222,223,236,237,238,239,242,264,273,274,275,276,277,278,337,338,343,344,345,346,347,348,385,387,447,448,449,601,609,
164;1;5903;6032;1;0,1,2,3,4,5,6,7,15,16,17,18,23,24,25,26,27,28,29,30,31,32,33,34,39,40,41,42,43,51,82,83,84,85,86,89,90,91,94,184,185,212,213,214,215,216,217,218,219,220,221,222,223,236,237,238,239,242,264,273,274,275,276,277,278,337,338,343,344,345,346,347,348,385,387,447,448,449,601,609,
183;0;6032;6052;1;0,1,2,3,4,5,6,7,15,16,17,18,23,24,25,26,27,28,29,30,31,32,33,34,39,40,41,42,43,51,82,83,84,85,86,89,90,91,94,184,185,212,213,214,215,216,217,218,219,220,221,222,223,236,237,238,239,242,264,273,274,275,276,277,278,337,338,343,344,345,346,347,348,385,387,447,448,449,601,609,
228;0;6052;6070;0;0,1,2,3,4,5,6,7,15,16,17,18,23,24,25,26,27,28,29,30,31,32,33,34,39,40,41,42,43,51,82,83,84,85,86,89,90,91,94,184,185,212,213,214,215,216,217,218,219,220,221,222,223,236,237,238,239,242,264,273,274,275,276,277,278,337,338,343,344,345,346,347,348,385,387,447,448,449,601,609,
49;0;6070;6243;0;0,1,2,3,4,5,6,7,15,16,17,18,23,24,25,26,27,28,29,30,31,32,33,34,39,40,41,42,43,51,82,83,84,85,86,89,90,91,94,184,185,212,213,214,215,216,217,218,219,220,221,222,223,236,237,238,239,242,264,273,274,275,276,277,278,337,338,343,344,345,346,347,348,385,387,447,448,449,601,609,
49;1;6243;6268;0;0,1,2,3,4,5,6,7,15,16,17,18,23,24,25,26,27,28,29,30,31,32,33,34,39,40,41,42,43,51,82,83,84,85,86,89,90,91,94,184,185,212,213,214,215,216,217,218,219,220,221,222,223,236,237,238,239,242,264,273,274,275,276,277,278,337,338,343,344,345,346,347,348,385,387,447,448,449,601,609,
304;0;6268;6290;1;0,1,2,3,4,5,6,7,15,16,17,18,23,24,25,26,27,28,29,30,31,32,33,34,39,40,41,42,43,51,82,83,84,85,86,89,90,91,94,184,185,212,213,214,215,216,217,218,219,220,221,222,223,236,237,238,239,242,264,273,274,275,276,277,278,337,338,343,344,345,346,347,348,385,387,447,448,449,601,609,
304;1;6290;6402;1;0,1,2,3,4,5,6,7,15,16,17,18,23,24,25,26,27,28,29,30,31,32,33,34,39,40,41,42,43,51,82,83,84,85,86,89,90,91,94,184,185,212,213,214,215,216,217,218,219,220,221,222,223,236,237,238,239,242,264,273,274,275,276,277,278,337,338,343,344,345,346,347,348,385,387,447,448,449,601,609,
238;0;6402;6549;0;0,1,2,3,4,5,6,7,15,16,17,18,23,24,25,26,27,28,29,30,31,32,33,34,39,40,41,42,43,51,82,83,84,85,86,89,90,91,94,184,185,212,213,214,215,216,217,218,219,220,221,222,223,236,237,238,239,242,264,273,274,275,276,277,278,337,338,343,344,345,346,347,348,385,387,447,448,449,601,609,
424;0;6549;6654;1;0,1,2,3,4,5,6,7,15,16,17,18,23,24,25,26,27,28,29,30,31,32,33,34,39,40,41,42,43,51,82,83,84,85,86,89,90,91,94,184,185,212,213,214,215,216,217,218,219,220,221,222,223,236,237,238,239,242,264,273,274,275,276,277,278,337,338,343,344,345,346,347,348,385,387,447,448,449,601,609,
424;1;6654;6741;1;0,1,2,3,4,5,6,7,15,16,17,18,23,24,25,26,27,28,29,30,31,32,33,34,39,40,41,42,43,51,82,83,84,85,86,89,90,91,94,184,185,212,213,214,215,216,217,218,219,220,221,222,223,236,237,238,239,242,264,273,274,275,276,277,278,337,338,343,344,345,346,347,348,385,387,447,448,449,601,609,
103;0;6741;6846;1;0,1,2,3,4,5,6,7,15,16,17,18,23,24,25,26,27,28,29,30,31,32,33,34,39,40,41,42,43,51,82,83,84,85,86,89,90,91,94,184,185,212,213,214,215,216,217,218,219,220,221,222,223,236,237,238,239,242,264,273,274,275,276,277,278,337,338,343,344,345,346,347,348,385,387,447,448,449,601,609,
197;0;6846;6984;1;0,1,2,3,4,5,6,7,15,16,17,18,23,24,25,26,27,28,29,30,31,32,33,34,39,40,41,42,43,51,82,83,84,85,86,89,90,91,94,184,185,212,213,214,215,216,217,218,219,220,221,222,223,236,237,238,239,242,264,273,274,275,276,277,278,337,338,343,344,345,346,347,348,385,387,447,448,449,601,609,
197;1;6984;7002;1;0,1,2,3,4,5,6,7,15,16,17,18,23,24,25,26,27,28,29,30,31,32,33,34,39,40,41,42,43,51,82,83,84,85,86,89,90,91,94,184,185,212,213,214,215,216,217,218,219,220,221,222,223,236,237,238,239,242,264,273,274,275,276,277,278,337,338,343,344,345,346,347,348,385,387,447,448,449,601,609,
66;0;7002;7128;0;0,1,2,3,4,5,6,7,15,16,17,18,23,24,25,26,27,28,29,30,31,32,33,34,39,40,41,42,43,51,82,83,84,85,86,89,90,91,94,184,185,212,213,214,215,216,217,218,219,220,221,222,223,236,237,238,239,242,264,273,274,275,276,277,278,337,338,343,344,345,346,347,348,385,387,447,448,449,601,609,
14;0;7128;7139;1;0,1,2,3,4,5,6,7,15,16,17,18,23,24,25,26,27,28,29,30,31,32,33,34,39,40,41,42,43,51,82,83,84,85,86,89,90,91,94,184,185,212,213,214,215,216,217,218,219,220,221,222,223,236,237,238,239,242,264,273,274,275,276,277,278,337,338,343,344,345,346,347,348,385,387,447,448,449,601,609,
14;1;7139;7229;1;0,1,2,3,4,5,6,7,15,16,17,18,23,24,25,26,27,28,29,30,31,32,33,34,39,40,41,42,43,51,82,83,84,85,86,89,90,91,94,184,185,212,213,214,215,216,217,218,219,220,221,222,223,236,237,238,239,242,264,273,274,275,276,277,278,337,338,343,344,345,346,347,348,385,387,447,448,449,601,609,
394;0;7229;7354;1;0,1,2,3,4,5,6,7,15,16,17,18,23,24,25,26,27,28,29,30,31,32,33,34,39,40,41,42,43,51,82,83,84,85,86,89,90,91,94,184,185,212,213,214,215,216,217,218,219,220,221,222,223,236,237,238,239,242,264,273,274,275,276,277,278,337,338,343,344,345,346,347,348,385,387,447,448,449,601,609,
394;1;7354;7459;1;0,1,2,3,4,5,6,7,15,16,17,18,23,24,25,26,27,28,29,30,31,32,33,34,39,40,41,42,43,51,82,83,84,85,86,89,90,91,94,184,185,212,213,214,215,216,217,218,219,220,221,222,223,236,237,238,239,242,264,273,274,275,276,277,278,337,338,343,344,345,346,347,348,385,387,447,448,449,601,609,
315;0;7459;7505;0;0,1,2,3,4,5,6,7,15,16,17,18,23,24,25,26,27,28,29,30,31,32,33,34,39,40,41,42,43,51,82,83,84,85,86,89,90,91,94,184,185,212,213,214,215,216,217,218,219,220,221,222,223,236,237,238,239,242,264,273,274,275,276,277,278,337,338,343,344,345,346,347,348,385,387,447,448,449,601,609,
140;0;7505;7620;1;0,1,2,3,4,5,6,7,15,16,17,18,23,24,25,26,27,28,29,30,31,32,33,34,39,40,41,42,43,51,82,83,84,85,86,89,90,91,94,184,185,212,213,214,215,216,217,218,219,220,221,222,223,236,237,238,239,242,264,273,274,275,276,277,278,337,338,343,344,345,346,347,348,385,387,447,448,449,601,609,
112;0;7620;7683;0;0,1,2,3,4,5,6,7,15,16,17,18,23,24,25,26,27,28,29,30,31,32,33,34,39,40,41,42,43,51,82,83,84,85,86,89,90,91,94,184,185,212,213,214,215,216,217,218,219,220,221,222,223,236,237,238,239,242,264,273,274,275,276,277,278,337,338,343,344,345,346,347,348,385,387,447,448,449,601,609,
112;1;7683;7839;0;0,1,2,3,4,5,6,7,15,16,17,18,23,24,25,26,27,28,29,30,31,32,33,34,39,40,41,42,43,51,82,83,84,85,86,89,90,91,94,184,185,212,213,214,215,216,217,218,219,220,221,222,223,236,237,238,239,242,264,273,274,275,276,277,278,337,338,343,344,345,346,347,348,385,387,447,448,449,601,609,
102;0;7839;7843;0;0,1,2,3,4,5,6,7,15,16,17,18,23,24,25,26,27,28,29,30,31,32,33,34,39,40,41,42,43,44,51,71,89,90,91,94,95,184,185,212,213,222,264,337,338,339,340,343,385,386,387,388,389,390,391,392,393,394,395,396,571,572,573,574,575,576,577,578,579,580,581,582,583,584,585,586,587,588,589,590,
102;1;7843;7994;0;0,1,2,3,4,5,6,7,15,16,17,18,23,24,25,26,27,28,29,30,31,32,33,34,39,40,41,42,43,44,51,71,89,90,91,94,95,184,185,212,213,222,264,337,338,339,340,343,385,386,387,388,389,390,391,392,393,394,395,396,571,572,573,574,575,576,577,578,579,580,581,582,583,584,585,586,587,588,589,590,
340;0;7994;8038;1;0,1,2,3,4,5,6,7,15,16,17,18,23,24,25,26,27,28,29,30,31,32,33,34,39,40,41,42,43,44,51,71,89,90,91,94,95,184,185,212,213,222,264,337,338,339,340,343,385,386,387,388,389,390,391,392,393,394,395,396,571,572,573,574,575,576,577,578,579,580,581,582,583,584,585,586,587,588,589,590,
227;0;8038;8172;1;0,1,2,3,4,5,6,7,15,16,17,18,23,24,25,26,27,28,29,30,31,32,33,34,39,40,41,42,43,44,51,71,89,90,91,94,95,184,185,212,213,222,264,337,338,339,340,343,385,386,387,388,389,390,391,392,393,394,395,396,571,572,573,574,575,576,577,578,579,580,581,582,583,584,585,586,587,588,589,590,
227;1;8172;8323;1;0,1,2,3,4,5,6,7,15,16,17,18,23,24,25,26,27,28,29,30,31,32,33,34,39,40,41,42,43,44,51,71,89,90,91,94,95,184,185,212,213,222,264,337,338,339,340,343,385,386,387,388,389,390,391,392,393,394,395,396,571,572,573,574,575,576,577,578,579,580,581,582,583,584,585,586,587,588,589,590,
148;0;8323;8424;0;0,1,2,3,4,5,6,7,15,16,17,18,23,24,25,26,27,28,29,30,31,32,33,34,39,40,41,42,43,44,51,71,89,90,91,94,95,184,185,212,213,222,264,337,338,339,340,343,385,386,387,388,389,390,391,392,393,394,395,396,571,572,573,574,575,576,577,578,579,580,581,582,583,584,585,586,587,588,589,590,
414;0;8424;8486;1;0,1,2,3,4,5,6,7,15,16,17,18,23,24,25,26,27,28,29,30,31,32,33,34,39,40,41,42,43,44,51,71,89,90,91,94,95,184,185,212,213,222,264,337,338,339,340,343,385,386,387,388,389,390,391,392,393,394,395,396,571,572,573,574,575,576,577,578,579,580,581,582,583,584,585,586,587,588,589,590,
414;1;8486;8642;1;0,1,2,3,4,5,6,7,15,16,17,18,23,24,25,26,27,28,29,30,31,32,33,34,39,40,41,42,43,44,51,71,89,90,91,94,95,184,185,212,213,222,264,337,338,339,340,343,385,386,387,388,389,390,391,392,393,394,395,396,571,572,573,574,575,576,577,578,579,580,581,582,583,584,585,586,587,588,589,590,
372;0;8642;8790;0;0,1,2,3,4,5,6,7,15,16,17,18,23,24,25,26,27,28,29,30,31,32,33,34,39,40,41,42,43,44,51,71,89,90,91,94,95,184,185,212,213,222,264,337,338,339,340,343,385,386,387,388,389,390,391,392,393,394,395,396,571,572,573,574,575,576,577,578,579,580,581,582,583,584,585,586,587,588,589,590,
372;1;8790;8856;0;0,1,2,3,4,5,6,7,15,16,17,18,23,24,25,26,27,28,29,30,31,32,33,34,39,40,41,42,43,44,51,71,89,90,91,94,95,184,185,212,213,222,264,337,338,339,340,343,385,386,387,388,389,390,391,392,393,394,395,396,571,572,573,574,575,576,577,578,579,580,581,582,583,584,585,586,587,588,589,590,
321;0;8856;8906;1;0,1,2,3,4,5,6,7,15,16,17,18,23,24,25,26,27,28,29,30,31,32,33,34,39,40,41,42,43,44,51,71,89,90,91,94,95,184,185,212,213,222,264,337,338,339,340,343,385,386,387,388,389,390,391,392,393,394,395,396,571,572,573,574,575,576,577,578,579,580,581,582,583,584,585,586,587,588,589,590,
166;0;8906;9020;0;0,1,2,3,4,5,6,7,15,16,17,18,23,24,25,26,27,28,29,30,31,32,33,34,39,40,41,42,43,44,51,71,89,90,91,94,95,184,185,212,213,222,264,337,338,339,340,343,385,386,387,388,389,390,391,392,393,394,395,396,571,572,573,574,575,576,577,578,579,580,581,582,583,584,585,586,587,588,589,590,
108;0;9020;9134;0;0,1,2,3,4,5,6,7,15,16,17,18,23,24,25,26,27,28,29,30,31,32,33,34,39,40,41,42,43,44,51,71,89,90,91,94,95,184,185,212,213,222,264,337,338,339,340,343,385,386,387,388,389,390,391,392,393,394,395,396,571,572,573,574,575,576,577,578,579,580,581,582,583,584,585,586,587,588,589,590,
163;0;9134;9290;1;0,1,2,3,4,5,6,7,15,16,17,18,23,24,25,26,27,28,29,30,31,32,33,34,39,40,41,42,43,44,51,71,89,90,91,94,95,184,185,212,213,222,264,337,338,339,340,343,385,386,387,388,389,390,391,392,393,394,395,396,571,572,573,574,575,576,577,578,579,580,581,582,583,584,585,586,587,588,589,590,
62;0;9290;9356;0;0,1,2,3,4,5,6,7,15,16,17,18,23,24,25,26,27,28,29,30,31,32,33,34,39,40,41,42,43,44,51,71,89,90,91,94,95,184,185,212,213,222,264,337,338,339,340,343,385,386,387,388,389,390,391,392,393,394,395,396,571,572,573,574,575,576,577,578,579,580,581,582,583,584,585,586,587,588,589,590,
62;1;9356;9446;0;0,1,2,3,4,5,6,7,15,16,17,18,23,24,25,26,27,28,29,30,31,32,33,34,39,40,41,42,43,44,51,71,89,90,91,94,95,184,185,212,213,222,264,337,338,339,340,343,385,386,387,388,389,390,391,392,393,394,395,396,571,572,573,574,575,576,577,578,579,580,581,582,583,584,585,586,587,588,589,590,
Machine: 4
310;0;0;151;1;0,1,2,3,4,5,6,7,8,9,13,14,15,16,17,18,23,24,25,26,27,28,29,30,31,32,33,34,35,36,37,39,40,42,79,80,81,85,88,89,91,99,124,125,128,129,131,178,184,207,208,209,210,211,223,232,233,234,235,243,244,245,246,247,248,249,264,265,266,267,268,269,270,271,272,444,445,446,450,597,
84;0;151;170;1;0,1,2,3,4,5,6,7,8,9,13,14,15,16,17,18,23,24,25,26,27,28,29,30,31,32,33,34,35,36,37,39,40,42,79,80,81,85,88,89,91,99,124,125,128,129,131,178,184,207,208,209,210,211,223,232,233,234,235,243,244,245,246,247,248,249,264,265,266,267,268,269,270,271,272,444,445,446,450,597,
84;1;170;246;1;0,1,2,3,4,5,6,7,8,9,13,14,15,16,17,18,23,24,25,26,27,28,29,30,31,32,33,34,35,36,37,39,40,42,79,80,81,85,88,89,91,99,124,125,128,129,131,178,184,207,208,209,210,211,223,232,233,234,235,243,244,245,246,247,248,249,264,265,266,267,268,269,270,271,272,444,445,446,450,597,
326;0;246;278;0;0,1,2,3,4,5,6,7,8,9,13,14,15,16,17,18,23,24,25,26,27,28,29,30,31,32,33,34,35,36,37,39,40,42,79,80,81,85,88,89,91,99,124,125,128,129,131,178,184,207,208,209,210,211,223,232,233,234,235,243,244,245,246,247,248,249,264,265,266,267,268,269,270,271,272,444,445,446,450,597,
332;0;278;368;0;0,1,2,3,4,5,6,7,8,9,13,14,15,16,17,18,23,24,25,26,27,28,29,30,31,32,33,34,35,36,37,39,40,42,79,80,81,85,88,89,91,99,124,125,128,129,131,178,184,207,208,209,210,211,223,232,233,234,235,243,244,245,246,247,248,249,264,265,266,267,268,269,270,271,272,444,445,446,450,597,
332;1;368;446;0;0,1,2,3,4,5,6,7,8,9,13,14,15,16,17,18,23,24,25,26,27,28,29,30,31,32,33,34,35,36,37,39,40,42,79,80,81,85,88,89,91,99,124,125,128,129,131,178,184,207,208,209,210,211,223,232,233,234,235,243,244,245,246,247,248,249,264,265,266,267,268,269,270,271,272,444,445,446,450,597,
420;0;446;587;1;0,1,2,3,4,5,6,7,8,9,13,14,15,16,17,18,23,24,25,26,27,28,29,30,31,32,33,34,35,36,37,39,40,42,79,80,81,85,88,89,91,99,124,125,128,129,131,178,184,207,208,209,210,211,223,232,233,234,235,243,244,245,246,247,248,249,264,265,266,267,268,269,270,271,272,444,445,446,450,597,
25;0;587;613;0;0,1,2,3,4,5,6,7,8,9,13,14,15,16,17,18,23,24,25,26,27,28,29,30,31,32,33,34,35,36,37,39,40,42,79,80,81,85,88,89,91,99,124,125,128,129,131,178,184,207,208,209,210,211,223,232,233,234,235,243,244,245,246,247,248,249,264,265,266,267,268,269,270,271,272,444,445,446,450,597,
281;0;613;688;1;0,1,2,3,4,5,6,7,8,9,13,14,15,16,17,18,23,24,25,26,27,28,29,30,31,32,33,34,35,36,37,39,40,42,79,80,81,85,88,89,91,99,124,125,128,129,131,178,184,207,208,209,210,211,223,232,233,234,235,243,244,245,246,247,248,249,264,265,266,267,268,269,270,271,272,444,445,446,450,597,
258;0;688;766;0;0,1,2,3,4,5,6,7,8,9,13,14,15,16,17,18,23,24,25,26,27,28,29,30,31,32,33,34,35,36,37,39,40,42,79,80,81,85,88,89,91,99,124,125,128,129,131,178,184,207,208,209,210,211,223,232,233,234,235,243,244,245,246,247,248,249,264,265,266,267,268,269,270,271,272,444,445,446,450,597,
96;0;766;842;0;0,1,2,3,4,5,6,7,8,9,13,14,15,16,17,18,23,24,25,26,27,28,29,30,31,32,33,34,35,36,37,39,40,42,79,80,81,85,88,89,91,99,124,125,128,129,131,178,184,207,208,209,210,211,223,232,233,234,235,243,244,245,246,247,248,249,264,265,266,267,268,269,270,271,272,444,445,446,450,597,
330;0;842;951;1;0,1,2,3,4,5,6,7,8,9,13,14,15,16,17,18,23,24,25,26,27,28,29,30,31,32,33,34,35,36,37,39,40,42,79,80,81,85,88,89,91,99,124,125,128,129,131,178,184,207,208,209,210,211,223,232,233,234,235,243,244,245,246,247,248,249,264,265,266,267,268,269,270,271,272,444,445,446,450,597,
246;0;951;1080;0;0,1,2,3,4,5,6,7,8,9,13,14,15,16,17,18,23,24,25,26,27,28,29,30,31,32,33,34,35,36,37,39,40,42,79,80,81,85,88,89,91,99,124,125,128,129,131,178,184,207,208,209,210,211,223,232,233,234,235,243,244,245,246,247,248,249,264,265,266,267,268,269,270,271,272,444,445,446,450,597,
430;0;1080;1112;1;0,1,2,3,4,5,6,7,8,9,13,14,15,16,17,18,23,24,25,26,27,28,29,30,31,32,33,34,35,36,37,39,40,42,79,80,81,85,88,89,91,99,124,125,128,129,131,178,184,207,208,209,210,211,223,232,233,234,235,243,244,245,246,247,248,249,264,265,266,267,268,269,270,271,272,444,445,446,450,597,
74;0;1112;1144;1;0,1,2,3,4,5,6,7,8,9,13,14,15,16,17,18,23,24,25,26,27,28,29,30,31,32,33,34,35,36,37,39,40,42,79,80,81,85,88,89,91,99,124,125,128,129,131,178,184,207,208,209,210,211,223,232,233,234,235,243,244,245,246,247,248,249,264,265,266,267,268,269,270,271,272,444,445,446,450,597,
74;1;1144;1322;1;0,1,2,3,4,5,6,7,8,9,13,14,15,16,17,18,23,24,25,26,27,28,29,30,31,32,33,34,35,36,37,39,40,42,79,80,81,85,88,89,91,99,124,125,128,129,131,178,184,207,208,209,210,211,223,232,233,234,235,243,244,245,246,247,248,249,264,265,266,267,268,269,270,271,272,444,445,446,450,597,
314;0;1322;1342;1;0,1,2,3,4,5,6,7,8,9,13,14,15,16,17,18,23,24,25,26,27,28,29,30,31,32,33,34,35,36,37,39,40,42,79,80,81,85,88,89,91,99,124,125,128,129,131,178,184,207,208,209,210,211,223,232,233,234,235,243,244,245,246,247,248,249,264,265,266,267,268,269,270,271,272,444,445,446,450,597,
314;1;1342;1390;1;0,1,2,3,4,5,6,7,8,9,13,14,15,16,17,18,23,24,25,26,27,28,29,30,31,32,33,34,35,36,37,39,40,42,79,80,81,85,88,89,91,99,124,125,128,129,131,178,184,207,208,209,210,211,223,232,233,234,235,243,244,245,246,247,248,249,264,265,266,267,268,269,270,271,272,444,445,446,450,597,
272;0;1390;1466;0;0,1,2,3,4,5,6,7,8,9,13,14,15,16,17,18,23,24,25,26,27,28,29,30,31,32,33,34,35,36,37,39,40,42,79,80,81,85,88,89,91,99,124,125,128,129,131,178,184,207,208,209,210,211,223,232,233,234,235,243,244,245,246,247,248,249,264,265,266,267,268,269,270,271,272,444,445,446,450,597,
272;1;1466;1542;0;0,1,2,3,4,5,6,7,8,9,13,14,15,16,17,18,23,24,25,26,27,28,29,30,31,32,33,34,35,36,37,39,40,42,79,80,81,85,88,89,91,99,124,125,128,129,131,178,184,207,208,209,210,211,223,232,233,234,235,243,244,245,246,247,248,249,264,265,266,267,268,269,270,271,272,444,445,446,450,597,
243;0;1542;1701;1;0,1,2,3,4,5,6,7,8,9,13,14,15,16,17,18,23,24,25,26,27,28,29,30,31,32,33,34,35,36,37,39,40,42,79,80,81,85,88,89,91,99,124,125,128,129,131,178,184,207,208,209,210,211,223,232,233,234,235,243,244,245,246,247,248,249,264,265,266,267,268,269,270,271,272,444,445,446,450,597,
339;0;1701;1790;0;0,1,2,3,4,5,6,7,8,9,13,14,15,16,17,18,23,24,25,26,27,28,29,30,31,32,33,34,35,36,37,39,40,42,79,80,81,85,88,89,91,99,124,125,128,129,131,178,184,207,208,209,210,211,223,232,233,234,235,243,244,245,246,247,248,249,264,265,266,267,268,269,270,271,272,444,445,446,450,597,
339;1;1790;1870;0;0,1,2,3,4,5,6,7,8,9,13,14,15,16,17,18,23,24,25,26,27,28,29,30,31,32,33,34,35,36,37,39,40,42,79,80,81,85,88,89,91,99,124,125,128,129,131,178,184,207,208,209,210,211,223,232,233,234,235,243,244,245,246,247,248,249,264,265,266,267,268,269,270,271,272,444,445,446,450,597,
410;0;1870;1918;1;0,1,2,3,4,5,6,7,8,9,13,14,15,16,17,18,23,24,25,26,27,28,29,30,31,32,33,34,35,36,37,39,40,42,79,80,81,85,88,89,91,99,124,125,128,129,131,178,184,207,208,209,210,211,223,232,233,234,235,243,244,245,246,247,248,249,264,265,266,267,268,269,270,271,272,444,445,446,450,597,
126;0;1918;2047;0;0,1,2,3,4,5,6,7,8,9,13,14,15,16,17,18,23,24,25,26,27,28,29,30,31,32,33,34,35,36,37,39,40,42,79,80,81,85,88,89,91,99,124,125,128,129,131,178,184,207,208,209,210,211,223,232,233,234,235,243,244,245,246,247,248,249,264,265,266,267,268,269,270,271,272,444,445,446,450,597,
371;0;2047;2058;1;0,1,2,3,4,5,6,7,8,9,13,14,15,16,17,18,23,24,25,26,27,28,29,30,31,32,33,34,35,36,37,39,40,42,79,80,81,85,88,89,91,99,124,125,128,129,131,178,184,207,208,209,210,211,223,232,233,234,235,243,244,245,246,247,248,249,264,265,266,267,268,269,270,271,272,444,445,446,450,597,
343;0;2058;2163;1;0,1,2,3,4,5,6,7,8,9,13,14,15,16,17,18,23,24,25,26,27,28,29,30,31,32,33,34,35,36,37,39,40,42,79,80,81,85,88,89,91,99,124,125,128,129,131,178,184,207,208,209,210,211,223,232,233,234,235,243,244,245,246,247,248,249,264,265,266,267,268,269,270,271,272,444,445,446,450,597,
91;0;2163;2336;1;0,1,2,3,4,5,6,7,8,9,13,14,15,16,17,18,23,24,25,26,27,28,29,30,31,32,33,34,35,36,37,39,40,42,79,80,81,85,88,89,91,99,124,125,128,129,131,178,184,207,208,209,210,211,223,232,233,234,235,243,244,245,246,247,248,249,264,265,266,267,268,269,270,271,272,444,445,446,450,597,
131;0;2336;2344;1;0,1,2,3,4,5,6,7,8,9,13,14,15,16,17,18,23,24,25,26,27,28,29,30,31,32,33,34,35,36,37,39,40,42,79,80,81,85,88,89,91,99,124,125,128,129,131,178,184,207,208,209,210,211,223,232,233,234,235,243,244,245,246,247,248,249,264,265,266,267,268,269,270,271,272,444,445,446,450,597,
344;0;2344;2471;1;0,1,2,3,4,5,6,7,8,9,13,14,15,16,17,18,23,24,25,26,27,28,29,30,31,32,33,34,35,36,37,39,40,42,79,80,81,85,88,89,91,99,124,125,128,129,131,178,184,207,208,209,210,211,223,232,233,234,235,243,244,245,246,247,248,249,264,265,266,267,268,269,270,271,272,444,445,446,450,597,
344;1;2471;2649;1;0,1,2,3,4,5,6,7,8,9,13,14,15,16,17,18,23,24,25,26,27,28,29,30,31,32,33,34,35,36,37,39,40,42,79,80,81,85,88,89,91,99,124,125,128,129,131,178,184,207,208,209,210,211,223,232,233,234,235,243,244,245,246,247,248,249,264,265,266,267,268,269,270,271,272,444,445,446,450,597,
173;0;2649;2709;1;0,1,2,3,4,5,6,7,8,9,13,14,15,16,17,18,23,24,25,26,27,28,29,30,31,32,33,34,35,36,37,39,40,42,79,80,81,85,88,89,91,99,124,125,128,129,131,178,184,207,208,209,210,211,223,232,233,234,235,243,244,245,246,247,248,249,264,265,266,267,268,269,270,271,272,444,445,446,450,597,
232;0;2709;2778;0;0,1,2,3,4,5,6,7,8,9,13,14,15,16,17,18,23,24,25,26,27,28,29,30,31,32,33,34,35,36,37,39,40,42,79,80,81,85,88,89,91,99,124,125,128,129,131,178,184,207,208,209,210,211,223,232,233,234,235,243,244,245,246,247,248,249,264,265,266,267,268,269,270,271,272,444,445,446,450,597,
232;1;2778;2935;0;0,1,2,3,4,5,6,7,8,9,13,14,15,16,17,18,23,24,25,26,27,28,29,30,31,32,33,34,35,36,37,39,40,42,79,80,81,85,88,89,91,99,124,125,128,129,131,178,184,207,208,209,210,211,223,232,233,234,235,243,244,245,246,247,248,249,264,265,266,267,268,269,270,271,272,444,445,446,450,597,
233;0;2935;3094;1;0,1,2,3,4,5,6,7,8,9,13,14,15,16,17,18,23,24,25,26,27,28,29,30,31,32,33,34,35,36,37,39,40,42,79,80,81,85,88,89,91,99,124,125,128,129,131,178,184,207,208,209,210,211,223,232,233,234,235,243,244,245,246,247,248,249,264,265,266,267,268,269,270,271,272,444,445,446,450,597,
266;0;3094;3098;0;0,1,2,3,4,5,6,7,8,9,13,14,15,16,17,18,23,24,25,26,27,28,29,30,31,32,33,34,35,36,37,39,40,42,79,80,81,85,88,89,91,99,124,125,128,129,131,178,184,207,208,209,210,211,223,232,233,234,235,243,244,245,246,247,248,249,264,265,266,267,268,269,270,271,272,444,445,446,450,597,
71;0;3098;3213;1;0,1,2,3,4,5,6,7,8,9,13,14,15,16,17,18,23,24,25,26,27,28,29,30,31,32,33,34,35,36,37,39,40,42,79,80,81,85,88,89,91,99,124,125,128,129,131,178,184,207,208,209,210,211,223,232,233,234,235,243,244,245,246,247,248,249,264,265,266,267,268,269,270,271,272,444,445,446,450,597,
218;0;3213;3273;0;0,1,2,3,4,5,6,7,8,9,13,14,15,16,17,18,23,24,25,26,27,28,29,30,31,32,33,34,35,36,37,39,40,42,79,80,81,85,88,89,91,99,124,125,128,129,131,178,184,207,208,209,210,211,223,232,233,234,235,243,244,245,246,247,248,249,264,265,266,267,268,269,270,271,272,444,445,446,450,597,
231;0;3273;3328;1;0,1,2,3,4,5,6,7,8,9,13,14,15,16,17,18,23,24,25,26,27,28,29,30,31,32,33,34,35,36,37,39,40,42,79,80,81,85,88,89,91,99,124,125,128,129,131,178,184,207,208,209,210,211,223,232,233,234,235,243,244,245,246,247,248,249,264,265,266,267,268,269,270,271,272,444,445,446,450,597,
384;0;3328;3336;1;0,1,2,3,4,5,6,7,8,9,13,14,15,16,17,18,23,24,25,26,27,28,29,30,31,32,33,34,35,36,37,39,40,42,79,80,81,85,88,89,91,99,124,125,128,129,131,178,184,207,208,209,210,211,223,232,233,234,235,243,244,245,246,247,248,249,264,265,266,267,268,269,270,271,272,444,445,446,450,597,
384;1;3336;3423;1;0,1,2,3,4,5,6,7,8,9,13,14,15,16,17,18,23,24,25,26,27,28,29,30,31,32,33,34,35,36,37,39,40,42,79,80,81,85,88,89,91,99,124,125,128,129,131,178,184,207,208,209,210,211,223,232,233,234,235,243,244,245,246,247,248,249,264,265,266,267,268,269,270,271,272,444,445,446,450,597,
93;0;3423;3517;1;0,1,2,3,4,5,6,7,8,9,13,14,15,16,17,18,23,24,25,26,27,28,29,30,31,32,33,34,35,36,37,39,40,42,79,80,81,85,88,89,91,99,124,125,128,129,131,178,184,207,208,209,210,211,223,232,233,234,235,243,244,245,246,247,248,249,264,265,266,267,268,269,270,271,272,444,445,446,450,597,
68;0;3517;3676;0;0,1,2,3,4,5,6,7,8,9,13,14,15,16,17,18,23,24,25,26,27,28,29,30,31,32,33,34,35,36,37,39,40,42,79,80,81,85,88,89,91,99,124,125,128,129,131,178,184,207,208,209,210,211,223,232,233,234,235,243,244,245,246,247,248,249,264,265,266,267,268,269,270,271,272,444,445,446,450,597,
3;0;3676;3725;1;0,1,2,3,4,5,6,7,8,9,13,14,15,16,17,18,23,24,25,26,27,28,29,30,31,32,33,34,35,36,37,39,40,42,79,80,81,85,88,89,91,99,124,125,128,129,131,178,184,207,208,209,210,211,223,232,233,234,235,243,244,245,246,247,248,249,264,265,266,267,268,269,270,271,272,444,445,446,450,597,
75;0;3725;3785;0;0,1,2,3,4,5,6,7,8,9,13,14,15,16,17,18,23,24,25,26,27,28,29,30,31,32,33,34,35,36,37,39,40,42,79,80,81,85,88,89,91,99,124,125,128,129,131,178,184,207,208,209,210,211,223,232,233,234,235,243,244,245,246,247,248,249,264,265,266,267,268,269,270,271,272,444,445,446,450,597,
437;0;3785;3922;1;0,1,2,3,4,5,6,7,8,9,13,14,15,16,17,18,23,24,25,26,27,28,29,30,31,32,33,34,35,36,37,39,40,42,79,80,81,85,88,89,91,99,124,125,128,129,131,178,184,207,208,209,210,211,223,232,233,234,235,243,244,245,246,247,248,249,264,265,266,267,268,269,270,271,272,444,445,446,450,597,
437;1;3922;4000;1;0,1,2,3,4,5,6,7,8,9,13,14,15,16,17,18,23,24,25,26,27,28,29,30,31,32,33,34,35,36,37,39,40,42,79,80,81,85,88,89,91,99,124,125,128,129,131,178,184,207,208,209,210,211,223,232,233,234,235,243,244,245,246,247,248,249,264,265,266,267,268,269,270,271,272,444,445,446,450,597,
135;0;4000;4125;0;0,1,2,3,4,5,6,7,8,9,13,14,15,16,17,18,23,24,25,26,27,28,29,30,31,32,33,34,35,36,37,39,40,42,79,80,81,85,88,89,91,99,124,125,128,129,131,178,184,207,208,209,210,211,223,232,233,234,235,243,244,245,246,247,248,249,264,265,266,267,268,269,270,271,272,444,445,446,450,597,
138;0;4125;4282;0;0,1,2,3,4,5,6,7,8,9,13,14,15,16,17,18,23,24,25,26,27,28,29,30,31,32,33,34,35,36,37,39,40,42,79,80,81,85,88,89,91,99,124,125,128,129,131,178,184,207,208,209,210,211,223,232,233,234,235,243,244,245,246,247,248,249,264,265,266,267,268,269,270,271,272,444,445,446,450,597,
31;0;4282;4438;1;0,1,2,3,4,5,6,7,8,9,13,14,15,16,17,18,23,24,25,26,27,28,29,30,31,32,33,34,35,36,37,39,40,42,79,80,81,85,88,89,91,99,124,125,128,129,131,178,184,207,208,209,210,211,223,232,233,234,235,243,244,245,246,247,248,249,264,265,266,267,268,269,270,271,272,444,445,446,450,597,
179;0;4438;4608;0;0,1,2,3,4,5,6,7,8,9,13,14,15,16,17,18,23,24,25,26,27,28,29,30,31,32,33,34,35,36,37,39,40,42,79,80,81,85,88,89,91,99,124,125,128,129,131,178,184,207,208,209,210,211,223,232,233,234,235,243,244,245,246,247,248,249,264,265,266,267,268,269,270,271,272,444,445,446,450,597,
179;1;4608;4619;0;0,1,2,3,4,5,6,7,8,9,13,14,15,16,17,18,23,24,25,26,27,28,29,30,31,32,33,34,35,36,37,39,40,42,79,80,81,85,88,89,91,99,124,125,128,129,131,178,184,207,208,209,210,211,223,232,233,234,235,243,244,245,246,247,248,249,264,265,266,267,268,269,270,271,272,444,445,446,450,597,
50;0;4619;4789;1;0,1,2,3,4,5,6,7,8,9,13,14,15,16,17,18,23,24,25,26,27,28,29,30,31,32,33,34,35,36,37,39,40,42,79,80,81,85,88,89,91,99,124,125,128,129,131,178,184,207,208,209,210,211,223,232,233,234,235,243,244,245,246,247,248,249,264,265,266,267,268,269,270,271,272,444,445,446,450,597,
154;0;4789;4890;1;0,1,2,3,4,5,6,7,8,9,13,14,15,16,17,18,23,24,25,26,27,28,29,30,31,32,33,34,35,36,37,39,40,42,79,80,81,85,88,89,91,99,124,125,128,129,131,178,184,207,208,209,210,211,223,232,233,234,235,243,244,245,246,247,248,249,264,265,266,267,268,269,270,271,272,444,445,446,450,597,
154;1;4890;4950;1;0,1,2,3,4,5,6,7,8,9,13,14,15,16,17,18,23,24,25,26,27,28,29,30,31,32,33,34,35,36,37,39,40,42,79,80,81,85,88,89,91,99,124,125,128,129,131,178,184,207,208,209,210,211,223,232,233,234,235,243,244,245,246,247,248,249,264,265,266,267,268,269,270,271,272,444,445,446,450,597,
149;0;4950;5019;0;0,1,2,3,4,5,6,7,8,9,13,14,15,16,17,18,23,24,25,26,27,28,29,30,31,32,33,34,35,36,37,39,40,42,79,80,81,85,88,89,91,99,124,125,128,129,131,178,184,207,208,209,210,211,223,232,233,234,235,243,244,245,246,247,248,249,264,265,266,267,268,269,270,271,272,444,445,446,450,597,
149;1;5019;5074;0;0,1,2,3,4,5,6,7,8,9,13,14,15,16,17,18,23,24,25,26,27,28,29,30,31,32,33,34,35,36,37,39,40,42,79,80,81,85,88,89,91,99,124,125,128,129,131,178,184,207,208,209,210,211,223,232,233,234,235,243,244,245,246,247,248,249,264,265,266,267,268,269,270,271,272,444,445,446,450,597,
325;0;5074;5233;0;0,1,2,3,4,5,6,7,8,9,13,14,15,16,17,18,23,24,25,26,27,28,29,30,31,32,33,34,35,36,37,39,40,42,79,80,81,85,88,89,91,99,124,125,128,129,131,178,184,207,208,209,210,211,223,232,233,234,235,243,244,245,246,247,248,249,264,265,266,267,268,269,270,271,272,444,445,446,450,597,
141;0;5233;5314;1;0,1,2,3,4,5,6,7,8,9,13,14,15,16,17,18,23,24,25,26,27,28,29,30,31,32,33,34,35,36,37,39,40,42,79,80,81,85,88,89,91,99,124,125,128,129,131,178,184,207,208,209,210,211,223,232,233,234,235,243,244,245,246,247,248,249,264,265,266,267,268,269,270,271,272,444,445,446,450,597,
225;0;5314;5447;0;0,1,2,3,4,5,6,7,8,9,13,14,15,16,17,18,23,24,25,26,27,28,29,30,31,32,33,34,35,36,37,39,40,42,79,80,81,85,88,89,91,99,124,125,128,129,131,178,184,207,208,209,210,211,223,232,233,234,235,243,244,245,246,247,248,249,264,265,266,267,268,269,270,271,272,444,445,446,450,597,
245;0;5447;5618;0;0,1,2,3,4,5,6,7,8,9,13,14,15,16,17,18,23,24,25,26,27,28,29,30,31,32,33,34,35,36,37,39,40,42,79,80,81,85,88,89,91,99,124,125,128,129,131,178,184,207,208,209,210,211,223,232,233,234,235,243,244,245,246,247,248,249,264,265,266,267,268,269,270,271,272,444,445,446,450,597,
422;0;5618;5766;0;0,1,2,3,4,5,6,7,8,9,13,14,15,16,17,18,23,24,25,26,27,28,29,30,31,32,33,34,35,36,37,39,40,42,79,80,81,85,88,89,91,99,124,125,128,129,131,178,184,207,208,209,210,211,223,232,233,234,235,243,244,245,246,247,248,249,264,265,266,267,268,269,270,271,272,444,445,446,450,597,
422;1;5766;5875;0;0,1,2,3,4,5,6,7,8,9,13,14,15,16,17,18,23,24,25,26,27,28,29,30,31,32,33,34,35,36,37,39,40,42,79,80,81,85,88,89,91,99,124,125,128,129,131,178,184,207,208,209,210,211,223,232,233,234,235,243,244,245,246,247,248,249,264,265,266,267,268,269,270,271,272,444,445,446,450,597,
26;0;5875;5919;0;0,1,2,3,4,5,6,7,8,9,13,14,15,16,17,18,23,24,25,26,27,28,29,30,31,32,33,34,35,36,37,39,40,42,79,80,81,85,88,89,91,99,124,125,128,129,131,178,184,207,208,209,210,211,223,232,233,234,235,243,244,245,246,247,248,249,264,265,266,267,268,269,270,271,272,444,445,446,450,597,
352;0;5919;6070;0;0,1,2,3,4,5,6,7,8,9,13,14,15,16,17,18,23,24,25,26,27,28,29,30,31,32,33,34,35,36,37,39,40,42,79,80,81,85,88,89,91,99,124,125,128,129,131,178,184,207,208,209,210,211,223,232,233,234,235,243,244,245,246,247,248,249,264,265,266,267,268,269,270,271,272,444,445,446,450,597,
352;1;6070;6134;0;0,1,2,3,4,5,6,7,8,9,13,14,15,16,17,18,23,24,25,26,27,28,29,30,31,32,33,34,35,36,37,39,40,42,79,80,81,85,88,89,91,99,124,125,128,129,131,178,184,207,208,209,210,211,223,232,233,234,235,243,244,245,246,247,248,249,264,265,266,267,268,269,270,271,272,444,445,446,450,597,
35;0;6134;6312;0;0,1,2,3,4,5,6,7,8,9,13,14,15,16,17,18,23,24,25,26,27,28,29,30,31,32,33,34,35,36,37,39,40,42,79,80,81,85,88,89,91,99,124,125,128,129,131,178,184,207,208,209,210,211,223,232,233,234,235,243,244,245,246,247,248,249,264,265,266,267,268,269,270,271,272,444,445,446,450,597,
346;0;6312;6361;0;0,1,2,3,4,5,6,7,8,9,13,14,15,16,17,18,23,24,25,26,27,28,29,30,31,32,33,34,35,36,37,39,40,42,79,80,81,85,88,89,91,99,124,125,128,129,131,178,184,207,208,209,210,211,223,232,233,234,235,243,244,245,246,247,248,249,264,265,266,267,268,269,270,271,272,444,445,446,450,597,
5;0;6361;6390;0;0,1,2,3,4,5,6,7,8,9,13,14,15,16,17,18,23,24,25,26,27,28,29,30,31,32,33,34,35,36,37,39,40,42,79,80,81,85,88,89,91,99,124,125,128,129,131,178,184,207,208,209,210,211,223,232,233,234,235,243,244,245,246,247,248,249,264,265,266,267,268,269,270,271,272,444,445,446,450,597,
274;0;6390;6450;1;0,1,2,3,4,5,6,7,8,9,13,14,15,16,17,18,23,24,25,26,27,28,29,30,31,32,33,34,35,36,37,39,40,42,43,79,80,81,85,88,89,90,91,99,124,125,128,129,131,178,184,207,208,209,210,212,222,223,225,226,227,232,233,234,235,264,333,334,335,336,450,451,452,453,454,455,456,457,458,459,
274;1;6450;6547;1;0,1,2,3,4,5,6,7,8,9,13,14,15,16,17,18,23,24,25,26,27,28,29,30,31,32,33,34,35,36,37,39,40,42,43,79,80,81,85,88,89,90,91,99,124,125,128,129,131,178,184,207,208,209,210,212,222,223,225,226,227,232,233,234,235,264,333,334,335,336,450,451,452,453,454,455,456,457,458,459,
356;0;6547;6718;0;0,1,2,3,4,5,6,7,8,9,13,14,15,16,17,18,23,24,25,26,27,28,29,30,31,32,33,34,35,36,37,39,40,42,43,79,80,81,85,88,89,90,91,99,124,125,128,129,131,178,184,207,208,209,210,212,222,223,225,226,227,232,233,234,235,264,333,334,335,336,450,451,452,453,454,455,456,457,458,459,
443;0;6718;6837;1;0,1,2,3,4,5,6,7,8,9,13,14,15,16,17,18,23,24,25,26,27,28,29,30,31,32,33,34,35,36,37,39,40,42,43,79,80,81,85,88,89,90,91,99,124,125,128,129,131,178,184,207,208,209,210,212,222,223,225,226,227,232,233,234,235,264,333,334,335,336,450,451,452,453,454,455,456,457,458,459,
100;0;6837;6956;1;0,1,2,3,4,5,6,7,8,9,13,14,15,16,17,18,23,24,25,26,27,28,29,30,31,32,33,34,35,36,37,39,40,42,43,79,80,81,85,88,89,90,91,99,124,125,128,129,131,178,184,207,208,209,210,212,222,223,225,226,227,232,233,234,235,264,333,334,335,336,450,451,452,453,454,455,456,457,458,459,
259;0;6956;7059;0;0,1,2,3,4,5,6,7,8,9,13,14,15,16,17,18,23,24,25,26,27,28,29,30,31,32,33,34,35,36,37,39,40,42,43,79,80,81,85,88,89,90,91,99,124,125,128,129,131,178,184,207,208,209,210,212,222,223,225,226,227,232,233,234,235,264,333,334,335,336,450,451,452,453,454,455,456,457,458,459,
259;1;7059;7103;0;0,1,2,3,4,5,6,7,8,9,13,14,15,16,17,18,23,24,25,26,27,28,29,30,31,32,33,34,35,36,37,39,40,42,43,79,80,81,85,88,89,90,91,99,124,125,128,129,131,178,184,207,208,209,210,212,222,223,225,226,227,232,233,234,235,264,333,334,335,336,450,451,452,453,454,455,456,457,458,459,
168;0;7103;7222;0;0,1,2,3,4,5,6,7,8,9,13,14,15,16,17,18,23,24,25,26,27,28,29,30,31,32,33,34,35,36,37,39,40,42,43,79,80,81,85,88,89,90,91,99,124,125,128,129,131,178,184,207,208,209,210,212,222,223,225,226,227,232,233,234,235,264,333,334,335,336,450,451,452,453,454,455,456,457,458,459,
415;0;7222;7295;0;0,1,2,3,4,5,6,7,8,9,13,14,15,16,17,18,23,24,25,26,27,28,29,30,31,32,33,34,35,36,37,39,40,42,43,79,80,81,85,88,89,90,91,99,124,125,128,129,131,178,184,207,208,209,210,212,222,223,225,226,227,232,233,234,235,264,333,334,335,336,450,451,452,453,454,455,456,457,458,459,
421;0;7295;7398;1;0,1,2,3,4,5,6,7,8,9,13,14,15,16,17,18,23,24,25,26,27,28,29,30,31,32,33,34,35,36,37,39,40,42,43,79,80,81,85,88,89,90,91,99,124,125,128,129,131,178,184,207,208,209,210,212,222,223,225,226,227,232,233,234,235,264,333,334,335,336,450,451,452,453,454,455,456,457,458,459,
67;0;7398;7442;1;0,1,2,3,4,5,6,7,8,9,13,14,15,16,17,18,23,24,25,26,27,28,29,30,31,32,33,34,35,36,37,39,40,42,43,79,80,81,85,88,89,90,91,99,124,125,128,129,131,178,184,207,208,209,210,212,222,223,225,226,227,232,233,234,235,264,333,334,335,336,450,451,452,453,454,455,456,457,458,459,
67;1;7442;7467;1;0,1,2,3,4,5,6,7,8,9,13,14,15,16,17,18,23,24,25,26,27,28,29,30,31,32,33,34,35,36,37,39,40,42,43,79,80,81,85,88,89,90,91,99,124,125,128,129,131,178,184,207,208,209,210,212,222,223,225,226,227,232,233,234,235,264,333,334,335,336,450,451,452,453,454,455,456,457,458,459,
369;0;7467;7591;0;0,1,2,3,4,5,6,7,8,9,13,14,15,16,17,18,23,24,25,26,27,28,29,30,31,32,33,34,35,36,37,39,40,42,43,79,80,81,85,88,89,90,91,99,124,125,128,129,131,178,184,207,208,209,210,212,222,223,225,226,227,232,233,234,235,264,333,334,335,336,450,451,452,453,454,455,456,457,458,459,
369;1;7591;7597;0;0,1,2,3,4,5,6,7,8,9,13,14,15,16,17,18,23,24,25,26,27,28,29,30,31,32,33,34,35,36,37,39,40,42,43,79,80,81,85,88,89,90,91,99,124,125,128,129,131,178,184,207,208,209,210,212,222,223,225,226,227,232,233,234,235,264,333,334,335,336,450,451,452,453,454,455,456,457,458,459,
127;0;7597;7670;1;0,1,2,3,4,5,6,7,8,9,13,14,15,16,17,18,23,24,25,26,27,28,29,30,31,32,33,34,35,36,37,39,40,42,43,79,80,81,85,88,89,90,91,99,124,125,128,129,131,178,184,207,208,209,210,212,222,223,225,226,227,232,233,234,235,264,333,334,335,336,450,451,452,453,454,455,456,457,458,459,
127;1;7670;7750;1;0,1,2,3,4,5,6,7,8,9,13,14,15,16,17,18,23,24,25,26,27,28,29,30,31,32,33,34,35,36,37,39,40,42,43,79,80,81,85,88,89,90,91,99,124,125,128,129,131,178,184,207,208,209,210,212,222,223,225,226,227,232,233,234,235,264,333,334,335,336,450,451,452,453,454,455,456,457,458,459,
324;0;7750;7853;1;0,1,2,3,4,5,6,7,8,9,13,14,15,16,17,18,23,24,25,26,27,28,29,30,31,32,33,34,35,36,37,39,40,42,43,79,80,81,85,88,89,90,91,99,124,125,128,129,131,178,184,207,208,209,210,212,222,223,225,226,227,232,233,234,235,264,333,334,335,336,450,451,452,453,454,455,456,457,458,459,
324;1;7853;7928;1;0,1,2,3,4,5,6,7,8,9,13,14,15,16,17,18,23,24,25,26,27,28,29,30,31,32,33,34,35,36,37,39,40,42,43,79,80,81,85,88,89,90,91,99,124,125,128,129,131,178,184,207,208,209,210,212,222,223,225,226,227,232,233,234,235,264,333,334,335,336,450,451,452,453,454,455,456,457,458,459,
253;0;7928;8025;1;0,1,2,3,4,5,6,7,8,9,13,14,15,16,17,18,23,24,25,26,27,28,29,30,31,32,33,34,35,36,37,39,40,42,43,79,80,81,85,88,89,90,91,99,124,125,128,129,131,178,184,207,208,209,210,212,222,223,225,226,227,232,233,234,235,264,333,334,335,336,450,451,452,453,454,455,456,457,458,459,
180;0;8025;8045;1;0,1,2,3,4,5,6,7,8,9,13,14,15,16,17,18,23,24,25,26,27,28,29,30,31,32,33,34,35,36,37,39,40,42,43,79,80,81,85,88,89,90,91,99,124,125,128,129,131,178,184,207,208,209,210,212,222,223,225,226,227,232,233,234,235,264,333,334,335,336,450,451,452,453,454,455,456,457,458,459,
184;0;8045;8210;1;0,1,2,3,4,5,6,7,8,9,13,14,15,16,17,18,23,24,25,26,27,28,29,30,31,32,33,34,35,36,37,39,40,42,43,79,80,81,85,88,89,90,91,99,124,125,128,129,131,178,184,207,208,209,210,212,222,223,225,226,227,232,233,234,235,264,333,334,335,336,450,451,452,453,454,455,456,457,458,459,
184;1;8210;8375;1;0,1,2,3,4,5,6,7,8,9,13,14,15,16,17,18,23,24,25,26,27,28,29,30,31,32,33,34,35,36,37,39,40,42,43,79,80,81,85,88,89,90,91,99,124,125,128,129,131,178,184,207,208,209,210,212,222,223,225,226,227,232,233,234,235,264,333,334,335,336,450,451,452,453,454,455,456,457,458,459,
121;0;8375;8540;1;0,1,2,3,4,5,6,7,8,9,13,14,15,16,17,18,23,24,25,26,27,28,29,30,31,32,33,34,35,36,37,39,40,42,43,79,80,81,85,88,89,90,91,99,124,125,128,129,131,178,184,207,208,209,210,212,222,223,225,226,227,232,233,234,235,264,333,334,335,336,450,451,452,453,454,455,456,457,458,459,
88;0;8540;8712;0;0,1,2,3,4,5,6,7,8,9,13,14,15,16,17,18,23,24,25,26,27,28,29,30,31,32,33,34,35,36,37,39,40,42,43,79,80,81,85,88,89,90,91,99,124,125,128,129,131,178,184,207,208,209,210,212,222,223,225,226,227,232,233,234,235,264,333,334,335,336,450,451,452,453,454,455,456,457,458,459,
288;0;8712;8871;0;0,1,2,3,4,5,6,7,8,9,13,14,15,16,17,18,23,24,25,26,27,28,29,30,31,32,33,34,35,36,37,39,40,42,43,79,80,81,85,88,89,90,91,99,124,125,128,129,131,178,184,207,208,209,210,212,222,223,225,226,227,232,233,234,235,264,333,334,335,336,450,451,452,453,454,455,456,457,458,459,
10;0;8871;8974;1;0,1,2,3,4,5,6,7,8,9,13,14,15,16,17,18,23,24,25,26,27,28,29,30,31,32,33,34,35,36,37,39,40,42,43,79,80,81,85,88,89,90,91,99,124,125,128,129,131,178,184,207,208,209,210,212,222,223,225,226,227,232,233,234,235,264,333,334,335,336,450,451,452,453,454,455,456,457,458,459,
198;0;8974;9050;0;0,1,2,3,4,5,6,7,8,9,13,14,15,16,17,18,23,24,25,26,27,28,29,30,31,32,33,34,35,36,37,39,40,42,43,79,80,81,85,88,89,90,91,99,124,125,128,129,131,178,184,207,208,209,210,212,222,223,225,226,227,232,233,234,235,264,333,334,335,336,450,451,452,453,454,455,456,457,458,459,
379;0;9050;9139;0;0,1,2,3,4,5,6,7,8,9,13,14,15,16,17,18,23,24,25,26,27,28,29,30,31,32,33,34,35,36,37,39,40,42,43,79,80,81,85,88,89,90,91,99,124,125,128,129,131,178,184,207,208,209,210,212,222,223,225,226,227,232,233,234,235,264,333,334,335,336,450,451,452,453,454,455,456,457,458,459,
379;1;9139;9254;0;0,1,2,3,4,5,6,7,8,9,13,14,15,16,17,18,23,24,25,26,27,28,29,30,31,32,33,34,35,36,37,39,40,42,43,79,80,81,85,88,89,90,91,99,124,125,128,129,131,178,184,207,208,209,210,212,222,223,225,226,227,232,233,234,235,264,333,334,335,336,450,451,452,453,454,455,456,457,458,459,
Machine: 5
400;0;0;112;1;0,1,2,3,4,5,6,7,13,15,16,17,18,23,24,25,26,27,28,29,30,31,32,33,34,39,40,41,42,43,55,60,77,78,79,80,81,82,83,84,85,86,89,90,91,93,117,118,119,120,121,122,123,124,125,126,128,138,178,184,185,212,222,223,224,225,226,227,228,229,264,273,342,539,540,541,542,558,559,560,
19;0;112;243;0;0,1,2,3,4,5,6,7,13,15,16,17,18,23,24,25,26,27,28,29,30,31,32,33,34,39,40,41,42,43,55,60,77,78,79,80,81,82,83,84,85,86,89,90,91,93,117,118,119,120,121,122,123,124,125,126,128,138,178,184,185,212,222,223,224,225,226,227,228,229,264,273,342,539,540,541,542,558,559,560,
19;1;243;317;0;0,1,2,3,4,5,6,7,13,15,16,17,18,23,24,25,26,27,28,29,30,31,32,33,34,39,40,41,42,43,55,60,77,78,79,80,81,82,83,84,85,86,89,90,91,93,117,118,119,120,121,122,123,124,125,126,128,138,178,184,185,212,222,223,224,225,226,227,228,229,264,273,342,539,540,541,542,558,559,560,
39;0;317;447;0;0,1,2,3,4,5,6,7,13,15,16,17,18,23,24,25,26,27,28,29,30,31,32,33,34,39,40,41,42,43,55,60,77,78,79,80,81,82,83,84,85,86,89,90,91,93,117,118,119,120,121,122,123,124,125,126,128,138,178,184,185,212,222,223,224,225,226,227,228,229,264,273,342,539,540,541,542,558,559,560,
39;1;447;567;0;0,1,2,3,4,5,6,7,13,15,16,17,18,23,24,25,26,27,28,29,30,31,32,33,34,39,40,41,42,43,55,60,77,78,79,80,81,82,83,84,85,86,89,90,91,93,117,118,119,120,121,122,123,124,125,126,128,138,178,184,185,212,222,223,224,225,226,227,228,229,264,273,342,539,540,541,542,558,559,560,
137;0;567;718;1;0,1,2,3,4,5,6,7,13,15,16,17,18,23,24,25,26,27,28,29,30,31,32,33,34,39,40,41,42,43,55,60,77,78,79,80,81,82,83,84,85,86,89,90,91,93,117,118,119,120,121,122,123,124,125,126,128,138,178,184,185,212,222,223,224,225,226,227,228,229,264,273,342,539,540,541,542,558,559,560,
137;1;718;847;1;0,1,2,3,4,5,6,7,13,15,16,17,18,23,24,25,26,27,28,29,30,31,32,33,34,39,40,41,42,43,55,60,77,78,79,80,81,82,83,84,85,86,89,90,91,93,117,118,119,120,121,122,123,124,125,126,128,138,178,184,185,212,222,223,224,225,226,227,228,229,264,273,342,539,540,541,542,558,559,560,
201;0;847;881;1;0,1,2,3,4,5,6,7,13,15,16,17,18,23,24,25,26,27,28,29,30,31,32,33,34,39,40,41,42,43,55,60,77,78,79,80,81,82,83,84,85,86,89,90,91,93,117,118,119,120,121,122,123,124,125,126,128,138,178,184,185,212,222,223,224,225,226,227,228,229,264,273,342,539,540,541,542,558,559,560,
360;0;881;885;1;0,1,2,3,4,5,6,7,13,15,16,17,18,23,24,25,26,27,28,29,30,31,32,33,34,39,40,41,42,43,55,60,77,78,79,80,81,82,83,84,85,86,89,90,91,93,117,118,119,120,121,122,123,124,125,126,128,138,178,184,185,212,222,223,224,225,226,227,228,229,264,273,342,539,540,541,542,558,559,560,
406;0;885;988;0;0,1,2,3,4,5,6,7,13,15,16,17,18,23,24,25,26,27,28,29,30,31,32,33,34,39,40,41,42,43,55,60,77,78,79,80,81,82,83,84,85,86,89,90,91,93,117,118,119,120,121,122,123,124,125,126,128,138,178,184,185,212,222,223,224,225,226,227,228,229,264,273,342,539,540,541,542,558,559,560,
349;0;988;1093;0;0,1,2,3,4,5,6,7,13,15,16,17,18,23,24,25,26,27,28,29,30,31,32,33,34,39,40,41,42,43,55,60,77,78,79,80,81,82,83,84,85,86,89,90,91,93,117,118,119,120,121,122,123,124,125,126,128,138,178,184,185,212,222,223,224,225,226,227,228,229,264,273,342,539,540,541,542,558,559,560,
349;1;1093;1262;0;0,1,2,3,4,5,6,7,13,15,16,17,18,23,24,25,26,27,28,29,30,31,32,33,34,39,40,41,42,43,55,60,77,78,79,80,81,82,83,84,85,86,89,90,91,93,117,118,119,120,121,122,123,124,125,126,128,138,178,184,185,212,222,223,224,225,226,227,228,229,264,273,342,539,540,541,542,558,559,560,
101;0;1262;1365;1;0,1,2,3,4,5,6,7,13,15,16,17,18,23,24,25,26,27,28,29,30,31,32,33,34,39,40,41,42,43,55,60,77,78,79,80,81,82,83,84,85,86,89,90,91,93,117,118,119,120,121,122,123,124,125,126,128,138,178,184,185,212,222,223,224,225,226,227,228,229,264,273,342,539,540,541,542,558,559,560,
129;0;1365;1413;0;0,1,2,3,4,5,6,7,13,15,16,17,18,23,24,25,26,27,28,29,30,31,32,33,34,39,40,41,42,43,55,60,77,78,79,80,81,82,83,84,85,86,89,90,91,93,117,118,119,120,121,122,123,124,125,126,128,138,178,184,185,212,222,223,224,225,226,227,228,229,264,273,342,539,540,541,542,558,559,560,
129;1;1413;1469;0;0,1,2,3,4,5,6,7,13,15,16,17,18,23,24,25,26,27,28,29,30,31,32,33,34,39,40,41,42,43,55,60,77,78,79,80,81,82,83,84,85,86,89,90,91,93,117,118,119,120,121,122,123,124,125,126,128,138,178,184,185,212,222,223,224,225,226,227,228,229,264,273,342,539,540,541,542,558,559,560,
226;0;1469;1613;0;0,1,2,3,4,5,6,7,13,15,16,17,18,23,24,25,26,27,28,29,30,31,32,33,34,39,40,41,42,43,55,60,77,78,79,80,81,82,83,84,85,86,89,90,91,93,117,118,119,120,121,122,123,124,125,126,128,138,178,184,185,212,222,223,224,225,226,227,228,229,264,273,342,539,540,541,542,558,559,560,
159;0;1613;1760;0;0,1,2,3,4,5,6,7,13,15,16,17,18,23,24,25,26,27,28,29,30,31,32,33,34,39,40,41,42,43,55,60,77,78,79,80,81,82,83,84,85,86,89,90,91,93,117,118,119,120,121,122,123,124,125,126,128,138,178,184,185,212,222,223,224,225,226,227,228,229,264,273,342,539,540,541,542,558,559,560,
159;1;1760;1863;0;0,1,2,3,4,5,6,7,13,15,16,17,18,23,24,25,26,27,28,29,30,31,32,33,34,39,40,41,42,43,55,60,77,78,79,80,81,82,83,84,85,86,89,90,91,93,117,118,119,120,121,122,123,124,125,126,128,138,178,184,185,212,222,223,224,225,226,227,228,229,264,273,342,539,540,541,542,558,559,560,
373;0;1863;1883;1;0,1,2,3,4,5,6,7,13,15,16,17,18,23,24,25,26,27,28,29,30,31,32,33,34,39,40,41,42,43,55,60,77,78,79,80,81,82,83,84,85,86,89,90,91,93,117,118,119,120,121,122,123,124,125,126,128,138,178,184,185,212,222,223,224,225,226,227,228,229,264,273,342,539,540,541,542,558,559,560,
348;0;1883;1981;0;0,1,2,3,4,5,6,7,13,15,16,17,18,23,24,25,26,27,28,29,30,31,32,33,34,39,40,41,42,43,55,60,77,78,79,80,81,82,83,84,85,86,89,90,91,93,117,118,119,120,121,122,123,124,125,126,128,138,178,184,185,212,222,223,224,225,226,227,228,229,264,273,342,539,540,541,542,558,559,560,
165;0;1981;2041;0;0,1,2,3,4,5,6,7,13,15,16,17,18,23,24,25,26,27,28,29,30,31,32,33,34,39,40,41,42,43,55,60,77,78,79,80,81,82,83,84,85,86,89,90,91,93,117,118,119,120,121,122,123,124,125,126,128,138,178,184,185,212,222,223,224,225,226,227,228,229,264,273,342,539,540,541,542,558,559,560,
122;0;2041;2109;0;0,1,2,3,4,5,6,7,13,15,16,17,18,23,24,25,26,27,28,29,30,31,32,33,34,39,40,41,42,43,55,60,77,78,79,80,81,82,83,84,85,86,89,90,91,93,117,118,119,120,121,122,123,124,125,126,128,138,178,184,185,212,222,223,224,225,226,227,228,229,264,273,342,539,540,541,542,558,559,560,
122;1;2109;2187;0;0,1,2,3,4,5,6,7,13,15,16,17,18,23,24,25,26,27,28,29,30,31,32,33,34,39,40,41,42,43,55,60,77,78,79,80,81,82,83,84,85,86,89,90,91,93,117,118,119,120,121,122,123,124,125,126,128,138,178,184,185,212,222,223,224,225,226,227,228,229,264,273,342,539,540,541,542,558,559,560,
334;0;2187;2267;1;0,1,2,3,4,5,6,7,13,15,16,17,18,23,24,25,26,27,28,29,30,31,32,33,34,39,40,41,42,43,55,60,77,78,79,80,81,82,83,84,85,86,89,90,91,93,117,118,119,120,121,122,123,124,125,126,128,138,178,184,185,212,222,223,224,225,226,227,228,229,264,273,342,539,540,541,542,558,559,560,
334;1;2267;2436;1;0,1,2,3,4,5,6,7,13,15,16,17,18,23,24,25,26,27,28,29,30,31,32,33,34,39,40,41,42,43,55,60,77,78,79,80,81,82,83,84,85,86,89,90,91,93,117,118,119,120,121,122,123,124,125,126,128,138,178,184,185,212,222,223,224,225,226,227,228,229,264,273,342,539,540,541,542,558,559,560,
145;0;2436;2534;0;0,1,2,3,4,5,6,7,13,15,16,17,18,23,24,25,26,27,28,29,30,31,32,33,34,39,40,41,42,43,55,60,77,78,79,80,81,82,83,84,85,86,89,90,91,93,117,118,119,120,121,122,123,124,125,126,128,138,178,184,185,212,222,223,224,225,226,227,228,229,264,273,342,539,540,541,542,558,559,560,
359;0;2534;2688;0;0,1,2,3,4,5,6,7,13,15,16,17,18,23,24,25,26,27,28,29,30,31,32,33,34,39,40,41,42,43,55,60,77,78,79,80,81,82,83,84,85,86,89,90,91,93,117,118,119,120,121,122,123,124,125,126,128,138,178,184,185,212,222,223,224,225,226,227,228,229,264,273,342,539,540,541,542,558,559,560,
359;1;2688;2768;0;0,1,2,3,4,5,6,7,13,15,16,17,18,23,24,25,26,27,28,29,30,31,32,33,34,39,40,41,42,43,55,60,77,78,79,80,81,82,83,84,85,86,89,90,91,93,117,118,119,120,121,122,123,124,125,126,128,138,178,184,185,212,222,223,224,225,226,227,228,229,264,273,342,539,540,541,542,558,559,560,
57;0;2768;2844;1;0,1,2,3,4,5,6,7,13,15,16,17,18,23,24,25,26,27,28,29,30,31,32,33,34,39,40,41,42,43,55,60,77,78,79,80,81,82,83,84,85,86,89,90,91,93,117,118,119,120,121,122,123,124,125,126,128,138,178,184,185,212,222,223,224,225,226,227,228,229,264,273,342,539,540,541,542,558,559,560,
57;1;2844;2892;1;0,1,2,3,4,5,6,7,13,15,16,17,18,23,24,25,26,27,28,29,30,31,32,33,34,39,40,41,42,43,55,60,77,78,79,80,81,82,83,84,85,86,89,90,91,93,117,118,119,120,121,122,123,124,125,126,128,138,178,184,185,212,222,223,224,225,226,227,228,229,264,273,342,539,540,541,542,558,559,560,
54;0;2892;2975;1;0,1,2,3,4,5,6,7,13,15,16,17,18,23,24,25,26,27,28,29,30,31,32,33,34,39,40,41,42,43,55,60,77,78,79,80,81,82,83,84,85,86,89,90,91,93,117,118,119,120,121,122,123,124,125,126,128,138,178,184,185,212,222,223,224,225,226,227,228,229,264,273,342,539,540,541,542,558,559,560,
54;1;2975;3016;1;0,1,2,3,4,5,6,7,13,15,16,17,18,23,24,25,26,27,28,29,30,31,32,33,34,39,40,41,42,43,55,60,77,78,79,80,81,82,83,84,85,86,89,90,91,93,117,118,119,120,121,122,123,124,125,126,128,138,178,184,185,212,222,223,224,225,226,227,228,229,264,273,342,539,540,541,542,558,559,560,
153;0;3016;3090;1;0,1,2,3,4,5,6,7,13,15,16,17,18,23,24,25,26,27,28,29,30,31,32,33,34,39,40,41,42,43,55,60,77,78,79,80,81,82,83,84,85,86,89,90,91,93,117,118,119,120,121,122,123,124,125,126,128,138,178,184,185,212,222,223,224,225,226,227,228,229,264,273,342,539,540,541,542,558,559,560,
416;0;3090;3227;0;0,1,2,3,4,5,6,7,13,15,16,17,18,23,24,25,26,27,28,29,30,31,32,33,34,39,40,41,42,43,55,60,77,78,79,80,81,82,83,84,85,86,89,90,91,93,117,118,119,120,121,122,123,124,125,126,128,138,178,184,185,212,222,223,224,225,226,227,228,229,264,273,342,539,540,541,542,558,559,560,
190;0;3227;3384;1;0,1,2,3,4,5,6,7,13,15,16,17,18,23,24,25,26,27,28,29,30,31,32,33,34,39,40,41,42,43,55,60,77,78,79,80,81,82,83,84,85,86,89,90,91,93,117,118,119,120,121,122,123,124,125,126,128,138,178,184,185,212,222,223,224,225,226,227,228,229,264,273,342,539,540,541,542,558,559,560,
328;0;3384;3418;0;0,1,2,3,4,5,6,7,13,15,16,17,18,23,24,25,26,27,28,29,30,31,32,33,34,39,40,41,42,43,55,60,77,78,79,80,81,82,83,84,85,86,89,90,91,93,117,118,119,120,121,122,123,124,125,126,128,138,178,184,185,212,222,223,224,225,226,227,228,229,264,273,342,539,540,541,542,558,559,560,
338;0;3418;3519;0;0,1,2,3,4,5,6,7,13,15,16,17,18,23,24,25,26,27,28,29,30,31,32,33,34,39,40,41,42,43,55,60,77,78,79,80,81,82,83,84,85,86,89,90,91,93,117,118,119,120,121,122,123,124,125,126,128,138,178,184,185,212,222,223,224,225,226,227,228,229,264,273,342,539,540,541,542,558,559,560,
317;0;3519;3605;1;0,1,2,3,4,5,6,7,15,16,17,18,23,24,25,26,27,28,29,30,31,32,33,34,39,40,41,42,43,55,60,77,78,79,80,81,82,83,84,85,86,89,90,91,93,184,185,212,222,223,224,225,226,227,228,229,264,273,387,389,390,393,422,423,424,425,426,427,428,429,430,431,432,539,540,541,542,558,559,560,
317;1;3605;3613;1;0,1,2,3,4,5,6,7,15,16,17,18,23,24,25,26,27,28,29,30,31,32,33,34,39,40,41,42,43,55,60,77,78,79,80,81,82,83,84,85,86,89,90,91,93,184,185,212,222,223,224,225,226,227,228,229,264,273,387,389,390,393,422,423,424,425,426,427,428,429,430,431,432,539,540,541,542,558,559,560,
0;0;3613;3730;1;0,1,2,3,4,5,6,7,15,16,17,18,23,24,25,26,27,28,29,30,31,32,33,34,39,40,41,42,43,55,60,77,78,79,80,81,82,83,84,85,86,89,90,91,93,184,185,212,222,223,224,225,226,227,228,229,264,273,387,389,390,393,422,423,424,425,426,427,428,429,430,431,432,539,540,541,542,558,559,560,
0;1;3730;3776;1;0,1,2,3,4,5,6,7,15,16,17,18,23,24,25,26,27,28,29,30,31,32,33,34,39,40,41,42,43,55,60,77,78,79,80,81,82,83,84,85,86,89,90,91,93,184,185,212,222,223,224,225,226,227,228,229,264,273,387,389,390,393,422,423,424,425,426,427,428,429,430,431,432,539,540,541,542,558,559,560,
355;0;3776;3829;0;0,1,2,3,4,5,6,7,15,16,17,18,23,24,25,26,27,28,29,30,31,32,33,34,39,40,41,42,43,55,60,77,78,79,80,81,82,83,84,85,86,89,90,91,93,184,185,212,222,223,224,225,226,227,228,229,264,273,387,389,390,393,422,423,424,425,426,427,428,429,430,431,432,539,540,541,542,558,559,560,
185;0;3829;3881;0;0,1,2,3,4,5,6,7,15,16,17,18,23,24,25,26,27,28,29,30,31,32,33,34,39,40,41,42,43,55,60,77,78,79,80,81,82,83,84,85,86,89,90,91,93,184,185,212,222,223,224,225,226,227,228,229,264,273,387,389,390,393,422,423,424,425,426,427,428,429,430,431,432,539,540,541,542,558,559,560,
386;0;3881;3941;0;0,1,2,3,4,5,6,7,15,16,17,18,23,24,25,26,27,28,29,30,31,32,33,34,39,40,41,42,43,55,60,77,78,79,80,81,82,83,84,85,86,89,90,91,93,184,185,212,222,223,224,225,226,227,228,229,264,273,387,389,390,393,422,423,424,425,426,427,428,429,430,431,432,539,540,541,542,558,559,560,
111;0;3941;4013;1;0,1,2,3,4,5,6,7,15,16,17,18,23,24,25,26,27,28,29,30,31,32,33,34,39,40,41,42,43,55,60,77,78,79,80,81,82,83,84,85,86,89,90,91,93,184,185,212,222,223,224,225,226,227,228,229,264,273,387,389,390,393,422,423,424,425,426,427,428,429,430,431,432,539,540,541,542,558,559,560,
214;0;4013;4027;1;0,1,2,3,4,5,6,7,15,16,17,18,23,24,25,26,27,28,29,30,31,32,33,34,39,40,41,42,43,55,60,77,78,79,80,81,82,83,84,85,86,89,90,91,93,184,185,212,222,223,224,225,226,227,228,229,264,273,387,389,390,393,422,423,424,425,426,427,428,429,430,431,432,539,540,541,542,558,559,560,
214;1;4027;4130;1;0,1,2,3,4,5,6,7,15,16,17,18,23,24,25,26,27,28,29,30,31,32,33,34,39,40,41,42,43,55,60,77,78,79,80,81,82,83,84,85,86,89,90,91,93,184,185,212,222,223,224,225,226,227,228,229,264,273,387,389,390,393,422,423,424,425,426,427,428,429,430,431,432,539,540,541,542,558,559,560,
113;0;4130;4207;1;0,1,2,3,4,5,6,7,15,16,17,18,23,24,25,26,27,28,29,30,31,32,33,34,39,40,41,42,43,55,60,77,78,79,80,81,82,83,84,85,86,89,90,91,93,184,185,212,222,223,224,225,226,227,228,229,264,273,387,389,390,393,422,423,424,425,426,427,428,429,430,431,432,539,540,541,542,558,559,560,
255;0;4207;4327;0;0,1,2,3,4,5,6,7,15,16,17,18,23,24,25,26,27,28,29,30,31,32,33,34,39,40,41,42,43,55,60,77,78,79,80,81,82,83,84,85,86,89,90,91,93,184,185,212,222,223,224,225,226,227,228,229,264,273,387,389,390,393,422,423,424,425,426,427,428,429,430,431,432,539,540,541,542,558,559,560,
139;0;4327;4368;0;0,1,2,3,4,5,6,7,15,16,17,18,23,24,25,26,27,28,29,30,31,32,33,34,39,40,41,42,43,55,60,77,78,79,80,81,82,83,84,85,86,89,90,91,93,184,185,212,222,223,224,225,226,227,228,229,264,273,387,389,390,393,422,423,424,425,426,427,428,429,430,431,432,539,540,541,542,558,559,560,
139;1;4368;4374;0;0,1,2,3,4,5,6,7,15,16,17,18,23,24,25,26,27,28,29,30,31,32,33,34,39,40,41,42,43,55,60,77,78,79,80,81,82,83,84,85,86,89,90,91,93,184,185,212,222,223,224,225,226,227,228,229,264,273,387,389,390,393,422,423,424,425,426,427,428,429,430,431,432,539,540,541,542,558,559,560,
318;0;4374;4422;0;0,1,2,3,4,5,6,7,15,16,17,18,23,24,25,26,27,28,29,30,31,32,33,34,39,40,41,42,43,55,60,77,78,79,80,81,82,83,84,85,86,89,90,91,93,184,185,212,222,223,224,225,226,227,228,229,264,273,387,389,390,393,422,423,424,425,426,427,428,429,430,431,432,539,540,541,542,558,559,560,
16;0;4422;4516;0;0,1,2,3,4,5,6,7,15,16,17,18,23,24,25,26,27,28,29,30,31,32,33,34,39,40,41,42,43,55,60,77,78,79,80,81,82,83,84,85,86,89,90,91,93,184,185,212,222,223,224,225,226,227,228,229,264,273,387,389,390,393,422,423,424,425,426,427,428,429,430,431,432,539,540,541,542,558,559,560,
391;0;4516;4653;1;0,1,2,3,4,5,6,7,15,16,17,18,23,24,25,26,27,28,29,30,31,32,33,34,39,40,41,42,43,55,60,77,78,79,80,81,82,83,84,85,86,89,90,91,93,184,185,212,222,223,224,225,226,227,228,229,264,273,387,389,390,393,422,423,424,425,426,427,428,429,430,431,432,539,540,541,542,558,559,560,
320;0;4653;4758;1;0,1,2,3,4,5,6,7,15,16,17,18,23,24,25,26,27,28,29,30,31,32,33,34,39,40,41,42,43,55,60,77,78,79,80,81,82,83,84,85,86,89,90,91,93,184,185,212,222,223,224,225,226,227,228,229,264,273,387,389,390,393,422,423,424,425,426,427,428,429,430,431,432,539,540,541,542,558,559,560,
438;0;4758;4873;0;0,1,2,3,4,5,6,7,15,16,17,18,23,24,25,26,27,28,29,30,31,32,33,34,39,40,41,42,43,55,60,77,78,79,80,81,82,83,84,85,86,89,90,91,93,184,185,212,222,223,224,225,226,227,228,229,264,273,387,389,390,393,422,423,424,425,426,427,428,429,430,431,432,539,540,541,542,558,559,560,
322;0;4873;5012;0;0,1,2,3,4,5,6,7,15,16,17,18,23,24,25,26,27,28,29,30,31,32,33,34,39,40,41,42,43,55,60,77,78,79,80,81,82,83,84,85,86,89,90,91,93,184,185,212,222,223,224,225,226,227,228,229,264,273,387,389,390,393,422,423,424,425,426,427,428,429,430,431,432,539,540,541,542,558,559,560,
322;1;5012;5064;0;0,1,2,3,4,5,6,7,15,16,17,18,23,24,25,26,27,28,29,30,31,32,33,34,39,40,41,42,43,55,60,77,78,79,80,81,82,83,84,85,86,89,90,91,93,184,185,212,222,223,224,225,226,227,228,229,264,273,387,389,390,393,422,423,424,425,426,427,428,429,430,431,432,539,540,541,542,558,559,560,
9;0;5064;5221;0;0,1,2,3,4,5,6,7,15,16,17,18,23,24,25,26,27,28,29,30,31,32,33,34,39,40,41,42,43,55,60,77,78,79,80,81,82,83,84,85,86,89,90,91,93,184,185,212,222,223,224,225,226,227,228,229,264,273,387,389,390,393,422,423,424,425,426,427,428,429,430,431,432,539,540,541,542,558,559,560,
9;1;5221;5281;0;0,1,2,3,4,5,6,7,15,16,17,18,23,24,25,26,27,28,29,30,31,32,33,34,39,40,41,42,43,55,60,77,78,79,80,81,82,83,84,85,86,89,90,91,93,184,185,212,222,223,224,225,226,227,228,229,264,273,387,389,390,393,422,423,424,425,426,427,428,429,430,431,432,539,540,541,542,558,559,560,
377;0;5281;5312;1;0,1,2,3,4,5,6,7,15,16,17,18,23,24,25,26,27,28,29,30,31,32,33,34,39,40,41,42,43,55,60,77,78,79,80,81,82,83,84,85,86,89,90,91,93,184,185,212,222,223,224,225,226,227,228,229,264,273,387,389,390,393,422,423,424,425,426,427,428,429,430,431,432,539,540,541,542,558,559,560,
377;1;5312;5473;1;0,1,2,3,4,5,6,7,15,16,17,18,23,24,25,26,27,28,29,30,31,32,33,34,39,40,41,42,43,55,60,77,78,79,80,81,82,83,84,85,86,89,90,91,93,184,185,212,222,223,224,225,226,227,228,229,264,273,387,389,390,393,422,423,424,425,426,427,428,429,430,431,432,539,540,541,542,558,559,560,
335;0;5473;5619;0;0,1,2,3,4,5,6,7,15,16,17,18,23,24,25,26,27,28,29,30,31,32,33,34,39,40,41,42,43,55,60,77,78,79,80,81,82,83,84,85,86,89,90,91,93,184,185,212,222,223,224,225,226,227,228,229,264,273,387,389,390,393,422,423,424,425,426,427,428,429,430,431,432,539,540,541,542,558,559,560,
423;0;5619;5788;1;0,1,2,3,4,5,6,7,15,16,17,18,23,24,25,26,27,28,29,30,31,32,33,34,39,40,41,42,43,55,60,77,78,79,80,81,82,83,84,85,86,89,90,91,93,184,185,212,222,223,224,225,226,227,228,229,264,273,387,389,390,393,422,423,424,425,426,427,428,429,430,431,432,539,540,541,542,558,559,560,
426;0;5788;5792;0;0,1,2,3,4,5,6,7,15,16,17,18,23,24,25,26,27,28,29,30,31,32,33,34,39,40,41,42,43,55,60,77,78,79,80,81,82,83,84,85,86,89,90,91,93,184,185,212,222,223,224,225,226,227,228,229,264,273,387,389,390,393,422,423,424,425,426,427,428,429,430,431,432,539,540,541,542,558,559,560,
219;0;5792;5869;0;0,1,2,3,4,5,6,7,15,16,17,18,23,24,25,26,27,28,29,30,31,32,33,34,39,40,41,42,43,55,60,77,78,79,80,81,82,83,84,85,86,89,90,91,93,184,185,212,222,223,224,225,226,227,228,229,264,273,387,389,390,393,422,423,424,425,426,427,428,429,430,431,432,539,540,541,542,558,559,560,
219;1;5869;6030;0;0,1,2,3,4,5,6,7,15,16,17,18,23,24,25,26,27,28,29,30,31,32,33,34,39,40,41,42,43,55,60,77,78,79,80,81,82,83,84,85,86,89,90,91,93,184,185,212,222,223,224,225,226,227,228,229,264,273,387,389,390,393,422,423,424,425,426,427,428,429,430,431,432,539,540,541,542,558,559,560,
404;0;6030;6126;1;0,1,2,3,4,5,6,7,15,16,17,18,23,24,25,26,27,28,29,30,31,32,33,34,39,40,41,42,43,55,60,77,78,79,80,81,82,83,84,85,86,89,90,91,93,184,185,212,222,223,224,225,226,227,228,229,264,273,387,389,390,393,422,423,424,425,426,427,428,429,430,431,432,539,540,541,542,558,559,560,
404;1;6126;6167;1;0,1,2,3,4,5,6,7,15,16,17,18,23,24,25,26,27,28,29,30,31,32,33,34,39,40,41,42,43,55,60,77,78,79,80,81,82,83,84,85,86,89,90,91,93,184,185,212,222,223,224,225,226,227,228,229,264,273,387,389,390,393,422,423,424,425,426,427,428,429,430,431,432,539,540,541,542,558,559,560,
440;0;6167;6187;1;0,1,2,3,4,5,6,7,15,16,17,18,23,24,25,26,27,28,29,30,31,32,33,34,39,40,41,42,43,55,60,77,78,79,80,81,82,83,84,85,86,89,90,91,93,184,185,212,222,223,224,225,226,227,228,229,264,273,387,389,390,393,422,423,424,425,426,427,428,429,430,431,432,539,540,541,542,558,559,560,
174;0;6187;6198;1;0,1,2,3,4,5,6,7,15,16,17,18,23,24,25,26,27,28,29,30,31,32,33,34,39,40,41,42,43,55,60,77,78,79,80,81,82,83,84,85,86,89,90,91,93,184,185,212,222,223,224,225,226,227,228,229,264,273,387,389,390,393,422,423,424,425,426,427,428,429,430,431,432,539,540,541,542,558,559,560,
174;1;6198;6274;1;0,1,2,3,4,5,6,7,15,16,17,18,23,24,25,26,27,28,29,30,31,32,33,34,39,40,41,42,43,55,60,77,78,79,80,81,82,83,84,85,86,89,90,91,93,184,185,212,222,223,224,225,226,227,228,229,264,273,387,389,390,393,422,423,424,425,426,427,428,429,430,431,432,539,540,541,542,558,559,560,
280;0;6274;6394;1;0,1,2,3,4,5,6,7,15,16,17,18,23,24,25,26,27,28,29,30,31,32,33,34,39,40,41,42,43,55,60,77,78,79,80,81,82,83,84,85,86,89,90,91,93,184,185,212,222,223,224,225,226,227,228,229,264,273,387,389,390,393,422,423,424,425,426,427,428,429,430,431,432,539,540,541,542,558,559,560,
291;0;6394;6425;1;0,1,2,3,4,5,6,7,15,16,17,18,23,24,25,26,27,28,29,30,31,32,33,34,39,40,41,42,43,55,60,77,78,79,80,81,82,83,84,85,86,89,90,91,93,184,185,212,222,223,224,225,226,227,228,229,264,273,387,389,390,393,422,423,424,425,426,427,428,429,430,431,432,539,540,541,542,558,559,560,
152;0;6425;6494;0;0,1,2,3,4,5,6,7,15,16,17,18,23,24,25,26,27,28,29,30,31,32,33,34,39,40,41,42,43,46,55,60,89,90,91,92,93,184,185,222,223,358,359,360,361,362,363,364,365,366,367,368,369,370,371,372,373,374,375,425,539,540,541,542,612,613,614,615,616,617,618,619,620,621,622,623,624,625,626,627,
152;1;6494;6546;0;0,1,2,3,4,5,6,7,15,16,17,18,23,24,25,26,27,28,29,30,31,32,33,34,39,40,41,42,43,46,55,60,89,90,91,92,93,184,185,222,223,358,359,360,361,362,363,364,365,366,367,368,369,370,371,372,373,374,375,425,539,540,541,542,612,613,614,615,616,617,618,619,620,621,622,623,624,625,626,627,
308;0;6546;6626;0;0,1,2,3,4,5,6,7,15,16,17,18,23,24,25,26,27,28,29,30,31,32,33,34,39,40,41,42,43,46,55,60,89,90,91,92,93,184,185,222,223,358,359,360,361,362,363,364,365,366,367,368,369,370,371,372,373,374,375,425,539,540,541,542,612,613,614,615,616,617,618,619,620,621,622,623,624,625,626,627,
13;0;6626;6677;1;0,1,2,3,4,5,6,7,15,16,17,18,23,24,25,26,27,28,29,30,31,32,33,34,39,40,41,42,43,46,55,60,89,90,91,92,93,184,185,222,223,358,359,360,361,362,363,364,365,366,367,368,369,370,371,372,373,374,375,425,539,540,541,542,612,613,614,615,616,617,618,619,620,621,622,623,624,625,626,627,
229;0;6677;6782;0;0,1,2,3,4,5,6,7,15,16,17,18,23,24,25,26,27,28,29,30,31,32,33,34,39,40,41,42,43,46,55,60,89,90,91,92,93,184,185,222,223,358,359,360,361,362,363,364,365,366,367,368,369,370,371,372,373,374,375,425,539,540,541,542,612,613,614,615,616,617,618,619,620,621,622,623,624,625,626,627,
229;1;6782;6876;0;0,1,2,3,4,5,6,7,15,16,17,18,23,24,25,26,27,28,29,30,31,32,33,34,39,40,41,42,43,46,55,60,89,90,91,92,93,184,185,222,223,358,359,360,361,362,363,364,365,366,367,368,369,370,371,372,373,374,375,425,539,540,541,542,612,613,614,615,616,617,618,619,620,621,622,623,624,625,626,627,
411;0;6876;6987;1;0,1,2,3,4,5,6,7,15,16,17,18,23,24,25,26,27,28,29,30,31,32,33,34,39,40,41,42,43,46,55,60,89,90,91,92,93,184,185,222,223,358,359,360,361,362,363,364,365,366,367,368,369,370,371,372,373,374,375,425,539,540,541,542,612,613,614,615,616,617,618,619,620,621,622,623,624,625,626,627,
432;0;6987;7124;0;0,1,2,3,4,5,6,7,15,16,17,18,23,24,25,26,27,28,29,30,31,32,33,34,39,40,41,42,43,46,55,60,89,90,91,92,93,184,185,222,223,358,359,360,361,362,363,364,365,366,367,368,369,370,371,372,373,374,375,425,539,540,541,542,612,613,614,615,616,617,618,619,620,621,622,623,624,625,626,627,
432;1;7124;7253;0;0,1,2,3,4,5,6,7,15,16,17,18,23,24,25,26,27,28,29,30,31,32,33,34,39,40,41,42,43,46,55,60,89,90,91,92,93,184,185,222,223,358,359,360,361,362,363,364,365,366,367,368,369,370,371,372,373,374,375,425,539,540,541,542,612,613,614,615,616,617,618,619,620,621,622,623,624,625,626,627,
151;0;7253;7378;1;0,1,2,3,4,5,6,7,15,16,17,18,23,24,25,26,27,28,29,30,31,32,33,34,39,40,41,42,43,46,55,60,89,90,91,92,93,184,185,222,223,358,359,360,361,362,363,364,365,366,367,368,369,370,371,372,373,374,375,425,539,540,541,542,612,613,614,615,616,617,618,619,620,621,622,623,624,625,626,627,
345;0;7378;7479;0;0,1,2,3,4,5,6,7,15,16,17,18,23,24,25,26,27,28,29,30,31,32,33,34,39,40,41,42,43,46,55,60,89,90,91,92,93,184,185,222,223,358,359,360,361,362,363,364,365,366,367,368,369,370,371,372,373,374,375,425,539,540,541,542,612,613,614,615,616,617,618,619,620,621,622,623,624,625,626,627,
48;0;7479;7505;0;0,1,2,3,4,5,6,7,15,16,17,18,23,24,25,26,27,28,29,30,31,32,33,34,39,40,41,42,43,46,55,60,89,90,91,92,93,184,185,222,223,358,359,360,361,362,363,364,365,366,367,368,369,370,371,372,373,374,375,425,539,540,541,542,612,613,614,615,616,617,618,619,620,621,622,623,624,625,626,627,
125;0;7505;7647;0;0,1,2,3,4,5,6,7,15,16,17,18,23,24,25,26,27,28,29,30,31,32,33,34,39,40,41,42,43,46,55,60,89,90,91,92,93,184,185,222,223,358,359,360,361,362,363,364,365,366,367,368,369,370,371,372,373,374,375,425,539,540,541,542,612,613,614,615,616,617,618,619,620,621,622,623,624,625,626,627,
7;0;7647;7819;1;0,1,2,3,4,5,6,7,15,16,17,18,23,24,25,26,27,28,29,30,31,32,33,34,39,40,41,42,43,44,45,46,47,48,49,50,51,52,53,54,55,56,57,58,59,60,61,62,63,64,65,66,67,68,69,70,71,72,73,74,75,76,89,90,91,92,93,184,185,222,223,358,359,360,361,362,539,540,541,542,
7;1;7819;7993;1;0,1,2,3,4,5,6,7,15,16,17,18,23,24,25,26,27,28,29,30,31,32,33,34,39,40,41,42,43,44,45,46,47,48,49,50,51,52,53,54,55,56,57,58,59,60,61,62,63,64,65,66,67,68,69,70,71,72,73,74,75,76,89,90,91,92,93,184,185,222,223,358,359,360,361,362,539,540,541,542,
64;0;7993;8087;1;0,1,2,3,4,5,6,7,15,16,17,18,23,24,25,26,27,28,29,30,31,32,33,34,39,40,41,42,43,44,45,46,47,48,49,50,51,52,53,54,55,56,57,58,59,60,61,62,63,64,65,66,67,68,69,70,71,72,73,74,75,76,89,90,91,92,93,184,185,222,223,358,359,360,361,362,539,540,541,542,
64;1;8087;8257;1;0,1,2,3,4,5,6,7,15,16,17,18,23,24,25,26,27,28,29,30,31,32,33,34,39,40,41,42,43,44,45,46,47,48,49,50,51,52,53,54,55,56,57,58,59,60,61,62,63,64,65,66,67,68,69,70,71,72,73,74,75,76,89,90,91,92,93,184,185,222,223,358,359,360,361,362,539,540,541,542,
169;0;8257;8334;0;0,1,2,3,4,5,6,7,15,16,17,18,23,24,25,26,27,28,29,30,31,32,33,34,39,40,41,42,43,44,45,46,47,48,49,50,51,52,53,54,55,56,57,58,59,60,61,62,63,64,65,66,67,68,69,70,71,72,73,74,75,76,89,90,91,92,93,184,185,222,223,358,359,360,361,362,539,540,541,542,
169;1;8334;8428;0;0,1,2,3,4,5,6,7,15,16,17,18,23,24,25,26,27,28,29,30,31,32,33,34,39,40,41,42,43,44,45,46,47,48,49,50,51,52,53,54,55,56,57,58,59,60,61,62,63,64,65,66,67,68,69,70,71,72,73,74,75,76,89,90,91,92,93,184,185,222,223,358,359,360,361,362,539,540,541,542,
27;0;8428;8531;1;0,1,2,3,4,5,6,7,15,16,17,18,23,24,25,26,27,28,29,30,31,32,33,34,39,40,41,42,43,44,45,46,47,48,49,50,51,52,53,54,55,56,57,58,59,60,61,62,63,64,65,66,67,68,69,70,71,72,73,74,75,76,89,90,91,92,93,184,185,222,223,358,359,360,361,362,539,540,541,542,
27;1;8531;8561;1;0,1,2,3,4,5,6,7,15,16,17,18,23,24,25,26,27,28,29,30,31,32,33,34,39,40,41,42,43,44,45,46,47,48,49,50,51,52,53,54,55,56,57,58,59,60,61,62,63,64,65,66,67,68,69,70,71,72,73,74,75,76,89,90,91,92,93,184,185,222,223,358,359,360,361,362,539,540,541,542,
186;0;8561;8735;0;0,1,2,3,4,5,6,7,15,16,17,18,23,24,25,26,27,28,29,30,31,32,33,34,39,40,41,42,43,44,45,46,47,48,49,50,51,52,53,54,55,56,57,58,59,60,61,62,63,64,65,66,67,68,69,70,71,72,73,74,75,76,89,90,91,92,93,184,185,222,223,358,359,360,361,362,539,540,541,542,
342;0;8735;8816;0;0,1,2,3,4,5,6,7,15,16,17,18,23,24,25,26,27,28,29,30,31,32,33,34,39,40,41,42,43,44,45,46,47,48,49,50,51,52,53,54,55,56,57,58,59,60,61,62,63,64,65,66,67,68,69,70,71,72,73,74,75,76,89,90,91,92,93,184,185,222,223,358,359,360,361,362,539,540,541,542,
342;1;8816;8869;0;0,1,2,3,4,5,6,7,15,16,17,18,23,24,25,26,27,28,29,30,31,32,33,34,39,40,41,42,43,44,45,46,47,48,49,50,51,52,53,54,55,56,57,58,59,60,61,62,63,64,65,66,67,68,69,70,71,72,73,74,75,76,89,90,91,92,93,184,185,222,223,358,359,360,361,362,539,540,541,542,
442;0;8869;9006;0;0,1,2,3,4,5,6,7,15,16,17,18,23,24,25,26,27,28,29,30,31,32,33,34,39,40,41,42,43,44,45,46,47,48,49,50,51,52,53,54,55,56,57,58,59,60,61,62,63,64,65,66,67,68,69,70,71,72,73,74,75,76,89,90,91,92,93,184,185,222,223,358,359,360,361,362,539,540,541,542,
442;1;9006;9059;0;0,1,2,3,4,5,6,7,15,16,17,18,23,24,25,26,27,28,29,30,31,32,33,34,39,40,41,42,43,44,45,46,47,48,49,50,51,52,53,54,55,56,57,58,59,60,61,62,63,64,65,66,67,68,69,70,71,72,73,74,75,76,89,90,91,92,93,184,185,222,223,358,359,360,361,362,539,540,541,542,
65;0;9059;9233;0;0,1,2,3,4,5,6,7,15,16,17,18,23,24,25,26,27,28,29,30,31,32,33,34,39,40,41,42,43,44,45,46,47,48,49,50,51,52,53,54,55,56,57,58,59,60,61,62,63,64,65,66,67,68,69,70,71,72,73,74,75,76,89,90,91,92,93,184,185,222,223,358,359,360,361,362,539,540,541,542,
36;0;9233;9282;0;0,1,2,3,4,5,6,7,15,16,17,18,23,24,25,26,27,28,29,30,31,32,33,34,39,40,41,42,43,44,45,46,47,48,49,50,51,52,53,54,55,56,57,58,59,60,61,62,63,64,65,66,67,68,69,70,71,72,73,74,75,76,89,90,91,92,93,184,185,222,223,358,359,360,361,362,539,540,541,542,
397;0;9282;9371;1;0,1,2,3,4,5,6,7,15,16,17,18,23,24,25,26,27,28,29,30,31,32,33,34,39,40,41,42,43,44,45,46,47,48,49,50,51,52,53,54,55,56,57,58,59,60,61,62,63,64,65,66,67,68,69,70,71,72,73,74,75,76,89,90,91,92,93,184,185,222,223,358,359,360,361,362,539,540,541,542,
397;1;9371;9527;1;0,1,2,3,4,5,6,7,15,16,17,18,23,24,25,26,27,28,29,30,31,32,33,34,39,40,41,42,43,44,45,46,47,48,49,50,51,52,53,54,55,56,57,58,59,60,61,62,63,64,65,66,67,68,69,70,71,72,73,74,75,76,89,90,91,92,93,184,185,222,223,358,359,360,361,362,539,540,541,542,
299;0;9527;9632;0;0,1,2,3,4,5,6,7,15,16,17,18,23,24,25,26,27,28,29,30,31,32,33,34,39,40,41,42,43,44,45,46,47,48,49,50,51,52,53,54,55,56,57,58,59,60,61,62,63,64,65,66,67,68,69,70,71,72,73,74,75,76,89,90,91,92,93,184,185,222,223,358,359,360,361,362,539,540,541,542,
299;1;9632;9678;0;0,1,2,3,4,5,6,7,15,16,17,18,23,24,25,26,27,28,29,30,31,32,33,34,39,40,41,42,43,44,45,46,47,48,49,50,51,52,53,54,55,56,57,58,59,60,61,62,63,64,65,66,67,68,69,70,71,72,73,74,75,76,89,90,91,92,93,184,185,222,223,358,359,360,361,362,539,540,541,542,
END
fineshedJobsCount: 629
switchs: 384
switchsInstances: 11
unfineshedPriorityCount: 0
totalUnfineshed: 0
criticalMachineSwitchs: 81
criticalMachineTime: 9678
Final Solution: 18376
Time: 1085826
PTL: 460
MCMC: 165
Best Initial: 16283
Mean Initial: 15856.1
