./input/BaseInstances/6M1_n=1201,r=0.6,t=1525,v0.txt;./input/Processed/ToolSetInt.csv
7;720;1440
Machine: 0
441;0;0;160;1;0,1,2,5,56,61,70,71,90,91,92,94,95,96,97,98,99,100,101,102,103,104,105,106,110,119,142,143,144,145,146,147,148,149,150,151,152,153,154,155,156,157,197,198,369,370,371,397,443,445,802,857,984,1006,1007,1107,1108,1109,1110,1111,1112,1113,1114,1115,1116,1117,1118,1322,1409,1430,1432,1433,1434,1435,1436,1437,1438,1439,1440,1441,
441;1;160;310;1;0,1,2,5,56,61,70,71,90,91,92,94,95,96,97,98,99,100,101,102,103,104,105,106,110,119,142,143,144,145,146,147,148,149,150,151,152,153,154,155,156,157,197,198,369,370,371,397,443,445,802,857,984,1006,1007,1107,1108,1109,1110,1111,1112,1113,1114,1115,1116,1117,1118,1322,1409,1430,1432,1433,1434,1435,1436,1437,1438,1439,1440,1441,
204;0;310;489;1;0,1,2,5,56,61,70,71,90,91,92,94,95,96,97,98,99,100,101,102,103,104,105,106,110,119,142,143,144,145,146,147,148,149,150,151,152,153,154,155,156,157,197,198,369,370,371,397,443,445,802,857,984,1006,1007,1107,1108,1109,1110,1111,1112,1113,1114,1115,1116,1117,1118,1322,1409,1430,1432,1433,1434,1435,1436,1437,1438,1439,1440,1441,
204;1;489;598;1;0,1,2,5,56,61,70,71,90,91,92,94,95,96,97,98,99,100,101,102,103,104,105,106,110,119,142,143,144,145,146,147,148,149,150,151,152,153,154,155,156,157,197,198,369,370,371,397,443,445,802,857,984,1006,1007,1107,1108,1109,1110,1111,1112,1113,1114,1115,1116,1117,1118,1322,1409,1430,1432,1433,1434,1435,1436,1437,1438,1439,1440,1441,
351;0;598;629;1;0,1,2,5,56,61,70,71,90,91,92,94,95,96,97,98,99,100,101,102,103,104,105,106,110,119,142,143,144,145,146,147,148,149,150,151,152,153,154,155,156,157,197,198,369,370,371,397,443,445,802,857,984,1006,1007,1107,1108,1109,1110,1111,1112,1113,1114,1115,1116,1117,1118,1322,1409,1430,1432,1433,1434,1435,1436,1437,1438,1439,1440,1441,
351;1;629;691;1;0,1,2,5,56,61,70,71,90,91,92,94,95,96,97,98,99,100,101,102,103,104,105,106,110,119,142,143,144,145,146,147,148,149,150,151,152,153,154,155,156,157,197,198,369,370,371,397,443,445,802,857,984,1006,1007,1107,1108,1109,1110,1111,1112,1113,1114,1115,1116,1117,1118,1322,1409,1430,1432,1433,1434,1435,1436,1437,1438,1439,1440,1441,
366;0;691;768;1;0,1,2,5,56,61,70,71,90,91,92,94,95,96,97,98,99,100,101,102,103,104,105,106,110,119,142,143,144,145,146,147,148,149,150,151,152,153,154,155,156,157,197,198,369,370,371,397,443,445,802,857,984,1006,1007,1107,1108,1109,1110,1111,1112,1113,1114,1115,1116,1117,1118,1322,1409,1430,1432,1433,1434,1435,1436,1437,1438,1439,1440,1441,
366;1;768;845;1;0,1,2,5,56,61,70,71,90,91,92,94,95,96,97,98,99,100,101,102,103,104,105,106,110,119,142,143,144,145,146,147,148,149,150,151,152,153,154,155,156,157,197,198,369,370,371,397,443,445,802,857,984,1006,1007,1107,1108,1109,1110,1111,1112,1113,1114,1115,1116,1117,1118,1322,1409,1430,1432,1433,1434,1435,1436,1437,1438,1439,1440,1441,
166;0;845;889;1;0,1,2,5,56,61,70,71,90,91,92,94,95,96,97,98,99,100,101,102,103,104,105,106,110,119,142,143,144,145,146,147,148,149,150,151,152,153,154,155,156,157,197,198,369,370,371,397,443,445,802,857,984,1006,1007,1107,1108,1109,1110,1111,1112,1113,1114,1115,1116,1117,1118,1322,1409,1430,1432,1433,1434,1435,1436,1437,1438,1439,1440,1441,
166;1;889;1061;1;0,1,2,5,56,61,70,71,90,91,92,94,95,96,97,98,99,100,101,102,103,104,105,106,110,119,142,143,144,145,146,147,148,149,150,151,152,153,154,155,156,157,197,198,369,370,371,397,443,445,802,857,984,1006,1007,1107,1108,1109,1110,1111,1112,1113,1114,1115,1116,1117,1118,1322,1409,1430,1432,1433,1434,1435,1436,1437,1438,1439,1440,1441,
519;0;1061;1083;1;0,1,2,5,56,61,70,71,90,91,92,94,95,96,97,98,99,100,101,102,103,104,105,106,110,119,142,143,144,145,146,147,148,149,150,151,152,153,154,155,156,157,197,198,369,370,371,397,443,445,802,857,984,1006,1007,1107,1108,1109,1110,1111,1112,1113,1114,1115,1116,1117,1118,1322,1409,1430,1432,1433,1434,1435,1436,1437,1438,1439,1440,1441,
519;1;1083;1179;1;0,1,2,5,56,61,70,71,90,91,92,94,95,96,97,98,99,100,101,102,103,104,105,106,110,119,142,143,144,145,146,147,148,149,150,151,152,153,154,155,156,157,197,198,369,370,371,397,443,445,802,857,984,1006,1007,1107,1108,1109,1110,1111,1112,1113,1114,1115,1116,1117,1118,1322,1409,1430,1432,1433,1434,1435,1436,1437,1438,1439,1440,1441,
718;0;1179;1253;0;0,1,2,5,56,61,70,71,90,91,92,94,95,96,97,98,99,100,101,102,103,104,105,106,110,119,142,143,144,145,146,147,148,149,150,151,152,153,154,155,156,157,197,198,369,370,371,397,443,445,802,857,984,1006,1007,1107,1108,1109,1110,1111,1112,1113,1114,1115,1116,1117,1118,1322,1409,1430,1432,1433,1434,1435,1436,1437,1438,1439,1440,1441,
718;1;1253;1403;0;0,1,2,5,56,61,70,71,90,91,92,94,95,96,97,98,99,100,101,102,103,104,105,106,110,119,142,143,144,145,146,147,148,149,150,151,152,153,154,155,156,157,197,198,369,370,371,397,443,445,802,857,984,1006,1007,1107,1108,1109,1110,1111,1112,1113,1114,1115,1116,1117,1118,1322,1409,1430,1432,1433,1434,1435,1436,1437,1438,1439,1440,1441,
344;0;1403;1522;1;0,1,2,5,56,61,70,71,90,91,92,94,95,96,97,98,99,100,101,102,103,104,105,106,110,119,142,143,144,145,146,147,148,149,150,151,152,153,154,155,156,157,197,198,369,370,371,397,443,445,802,857,984,1006,1007,1107,1108,1109,1110,1111,1112,1113,1114,1115,1116,1117,1118,1322,1409,1430,1432,1433,1434,1435,1436,1437,1438,1439,1440,1441,
344;1;1522;1631;1;0,1,2,5,56,61,70,71,90,91,92,94,95,96,97,98,99,100,101,102,103,104,105,106,110,119,142,143,144,145,146,147,148,149,150,151,152,153,154,155,156,157,197,198,369,370,371,397,443,445,802,857,984,1006,1007,1107,1108,1109,1110,1111,1112,1113,1114,1115,1116,1117,1118,1322,1409,1430,1432,1433,1434,1435,1436,1437,1438,1439,1440,1441,
334;0;1631;1645;1;0,1,2,5,56,61,70,71,90,91,92,94,95,96,97,98,99,100,101,102,103,104,105,106,110,119,142,143,144,145,146,147,148,149,150,151,152,153,154,155,156,157,197,198,369,370,371,397,443,445,802,857,984,1006,1007,1107,1108,1109,1110,1111,1112,1113,1114,1115,1116,1117,1118,1322,1409,1430,1432,1433,1434,1435,1436,1437,1438,1439,1440,1441,
334;1;1645;1781;1;0,1,2,5,56,61,70,71,90,91,92,94,95,96,97,98,99,100,101,102,103,104,105,106,110,119,142,143,144,145,146,147,148,149,150,151,152,153,154,155,156,157,197,198,369,370,371,397,443,445,802,857,984,1006,1007,1107,1108,1109,1110,1111,1112,1113,1114,1115,1116,1117,1118,1322,1409,1430,1432,1433,1434,1435,1436,1437,1438,1439,1440,1441,
409;0;1781;1911;1;0,1,2,5,56,61,70,71,90,91,92,94,95,96,97,98,99,100,101,102,103,104,105,106,110,119,142,143,144,145,146,147,148,149,150,151,152,153,154,155,156,157,197,198,369,370,371,397,443,445,802,857,984,1006,1007,1107,1108,1109,1110,1111,1112,1113,1114,1115,1116,1117,1118,1322,1409,1430,1432,1433,1434,1435,1436,1437,1438,1439,1440,1441,
409;1;1911;1973;1;0,1,2,5,56,61,70,71,90,91,92,94,95,96,97,98,99,100,101,102,103,104,105,106,110,119,142,143,144,145,146,147,148,149,150,151,152,153,154,155,156,157,197,198,369,370,371,397,443,445,802,857,984,1006,1007,1107,1108,1109,1110,1111,1112,1113,1114,1115,1116,1117,1118,1322,1409,1430,1432,1433,1434,1435,1436,1437,1438,1439,1440,1441,
286;0;1973;2050;1;0,1,2,56,61,70,71,90,91,92,94,95,96,97,98,99,100,101,102,103,104,105,106,110,119,142,143,147,148,149,150,151,152,153,154,155,156,157,158,159,160,161,162,163,164,165,166,167,168,169,170,171,172,173,174,175,176,177,178,179,180,181,182,183,184,197,198,371,397,443,445,802,857,984,1006,1007,1322,1409,1432,1433,
286;1;2050;2064;1;0,1,2,56,61,70,71,90,91,92,94,95,96,97,98,99,100,101,102,103,104,105,106,110,119,142,143,147,148,149,150,151,152,153,154,155,156,157,158,159,160,161,162,163,164,165,166,167,168,169,170,171,172,173,174,175,176,177,178,179,180,181,182,183,184,197,198,371,397,443,445,802,857,984,1006,1007,1322,1409,1432,1433,
114;0;2064;2147;1;2,50,51,70,71,81,90,91,92,94,95,96,97,98,99,100,101,102,103,104,105,106,110,143,147,148,149,150,151,153,154,155,156,157,173,176,197,198,228,252,263,266,320,345,371,400,402,420,428,443,445,456,496,501,566,617,722,723,724,725,726,727,728,729,802,949,950,951,952,953,954,955,956,957,958,959,984,1006,1007,1409,
114;1;2147;2228;1;2,50,51,70,71,81,90,91,92,94,95,96,97,98,99,100,101,102,103,104,105,106,110,143,147,148,149,150,151,153,154,155,156,157,173,176,197,198,228,252,263,266,320,345,371,400,402,420,428,443,445,456,496,501,566,617,722,723,724,725,726,727,728,729,802,949,950,951,952,953,954,955,956,957,958,959,984,1006,1007,1409,
297;0;2228;2309;0;2,50,51,70,71,81,90,91,92,94,95,96,97,98,99,100,101,102,103,104,105,106,110,143,147,148,149,150,151,153,154,155,156,157,173,176,197,198,228,252,263,266,320,345,371,400,402,420,428,443,445,456,496,501,566,617,722,723,724,725,726,727,728,729,802,949,950,951,952,953,954,955,956,957,958,959,984,1006,1007,1409,
104;0;2309;2473;1;2,50,51,70,71,81,90,91,92,94,95,96,97,98,99,100,101,102,103,104,105,106,110,143,147,148,149,150,151,153,154,155,156,157,173,176,197,198,228,252,263,266,320,345,371,400,402,420,428,443,445,456,496,501,566,617,722,723,724,725,726,727,728,729,802,949,950,951,952,953,954,955,956,957,958,959,984,1006,1007,1409,
104;1;2473;2643;1;2,50,51,70,71,81,90,91,92,94,95,96,97,98,99,100,101,102,103,104,105,106,110,143,147,148,149,150,151,153,154,155,156,157,173,176,197,198,228,252,263,266,320,345,371,400,402,420,428,443,445,456,496,501,566,617,722,723,724,725,726,727,728,729,802,949,950,951,952,953,954,955,956,957,958,959,984,1006,1007,1409,
161;0;2643;2720;1;2,50,51,70,71,81,90,91,92,94,95,96,97,98,99,100,101,102,103,104,105,106,110,143,147,148,149,150,151,153,154,155,156,157,173,176,197,198,228,252,263,266,320,345,371,400,402,420,428,443,445,456,496,501,566,617,722,723,724,725,726,727,728,729,802,949,950,951,952,953,954,955,956,957,958,959,984,1006,1007,1409,
161;1;2720;2804;1;2,50,51,70,71,81,90,91,92,94,95,96,97,98,99,100,101,102,103,104,105,106,110,143,147,148,149,150,151,153,154,155,156,157,173,176,197,198,228,252,263,266,320,345,371,400,402,420,428,443,445,456,496,501,566,617,722,723,724,725,726,727,728,729,802,949,950,951,952,953,954,955,956,957,958,959,984,1006,1007,1409,
315;0;2804;2885;0;2,50,51,70,71,81,90,91,92,94,95,96,97,98,99,100,101,102,103,104,105,106,110,143,147,148,149,150,151,153,154,155,156,157,173,176,197,198,228,252,263,266,320,345,371,400,402,420,428,443,445,456,496,501,566,617,722,723,724,725,726,727,728,729,802,949,950,951,952,953,954,955,956,957,958,959,984,1006,1007,1409,
73;0;2885;2889;0;2,50,51,70,71,81,90,91,92,94,95,96,97,98,99,100,101,102,103,104,105,106,110,143,147,148,149,150,151,153,154,155,156,157,173,176,197,198,228,252,263,266,320,345,371,400,402,420,428,443,445,456,496,501,566,617,722,723,724,725,726,727,728,729,802,949,950,951,952,953,954,955,956,957,958,959,984,1006,1007,1409,
73;1;2889;2973;0;2,50,51,70,71,81,90,91,92,94,95,96,97,98,99,100,101,102,103,104,105,106,110,143,147,148,149,150,151,153,154,155,156,157,173,176,197,198,228,252,263,266,320,345,371,400,402,420,428,443,445,456,496,501,566,617,722,723,724,725,726,727,728,729,802,949,950,951,952,953,954,955,956,957,958,959,984,1006,1007,1409,
244;0;2973;2998;1;2,50,51,70,71,81,90,91,92,94,95,96,97,98,99,100,101,102,103,104,105,106,110,143,147,148,149,150,151,153,154,155,156,157,173,176,197,198,228,252,263,266,320,345,371,400,402,420,428,443,445,456,496,501,566,617,722,723,724,725,726,727,728,729,802,949,950,951,952,953,954,955,956,957,958,959,984,1006,1007,1409,
244;1;2998;3075;1;2,50,51,70,71,81,90,91,92,94,95,96,97,98,99,100,101,102,103,104,105,106,110,143,147,148,149,150,151,153,154,155,156,157,173,176,197,198,228,252,263,266,320,345,371,400,402,420,428,443,445,456,496,501,566,617,722,723,724,725,726,727,728,729,802,949,950,951,952,953,954,955,956,957,958,959,984,1006,1007,1409,
346;0;3075;3243;1;2,50,51,70,71,81,90,91,92,94,95,96,97,98,99,100,101,102,103,104,105,106,110,143,147,148,149,150,151,153,154,155,156,157,173,176,197,198,228,252,263,266,320,345,371,400,402,420,428,443,445,456,496,501,566,617,722,723,724,725,726,727,728,729,802,949,950,951,952,953,954,955,956,957,958,959,984,1006,1007,1409,
346;1;3243;3324;1;2,50,51,70,71,81,90,91,92,94,95,96,97,98,99,100,101,102,103,104,105,106,110,143,147,148,149,150,151,153,154,155,156,157,173,176,197,198,228,252,263,266,320,345,371,400,402,420,428,443,445,456,496,501,566,617,722,723,724,725,726,727,728,729,802,949,950,951,952,953,954,955,956,957,958,959,984,1006,1007,1409,
536;0;3324;3481;1;2,50,51,70,71,81,90,91,92,94,95,96,97,98,99,100,101,102,103,104,105,106,110,143,147,148,149,150,151,153,154,155,156,157,173,176,197,198,228,252,263,266,320,345,371,400,402,420,428,443,445,456,496,501,566,617,722,723,724,725,726,727,728,729,802,949,950,951,952,953,954,955,956,957,958,959,984,1006,1007,1409,
536;1;3481;3562;1;2,50,51,70,71,81,90,91,92,94,95,96,97,98,99,100,101,102,103,104,105,106,110,143,147,148,149,150,151,153,154,155,156,157,173,176,197,198,228,252,263,266,320,345,371,400,402,420,428,443,445,456,496,501,566,617,722,723,724,725,726,727,728,729,802,949,950,951,952,953,954,955,956,957,958,959,984,1006,1007,1409,
59;0;3562;3723;1;2,32,44,51,52,54,70,79,81,83,84,85,86,87,88,89,90,91,92,105,106,110,143,148,150,151,153,154,155,173,176,198,234,252,253,263,264,265,266,269,320,332,337,345,371,401,420,428,443,456,484,496,497,501,617,651,662,663,664,665,666,667,722,723,724,725,726,727,728,729,802,803,804,805,806,807,808,809,810,1409,
59;1;3723;3847;1;2,32,44,51,52,54,70,79,81,83,84,85,86,87,88,89,90,91,92,105,106,110,143,148,150,151,153,154,155,173,176,198,234,252,253,263,264,265,266,269,320,332,337,345,371,401,420,428,443,456,484,496,497,501,617,651,662,663,664,665,666,667,722,723,724,725,726,727,728,729,802,803,804,805,806,807,808,809,810,1409,
676;0;3847;3859;1;2,32,44,51,52,54,70,79,81,83,84,85,86,87,88,89,90,91,92,105,106,110,143,148,150,151,153,154,155,173,176,198,234,252,253,263,264,265,266,269,320,332,337,345,371,401,420,428,443,456,484,496,497,501,617,651,662,663,664,665,666,667,722,723,724,725,726,727,728,729,802,803,804,805,806,807,808,809,810,1409,
676;1;3859;3874;1;2,32,44,51,52,54,70,79,81,83,84,85,86,87,88,89,90,91,92,105,106,110,143,148,150,151,153,154,155,173,176,198,234,252,253,263,264,265,266,269,320,332,337,345,371,401,420,428,443,456,484,496,497,501,617,651,662,663,664,665,666,667,722,723,724,725,726,727,728,729,802,803,804,805,806,807,808,809,810,1409,
626;0;3874;4021;1;2,32,44,51,52,54,70,79,81,83,84,85,86,87,88,89,90,91,92,105,106,110,143,148,150,151,153,154,155,173,176,198,234,252,253,263,264,265,266,269,320,332,337,345,371,401,420,428,443,456,484,496,497,501,617,651,662,663,664,665,666,667,722,723,724,725,726,727,728,729,802,803,804,805,806,807,808,809,810,1409,
626;1;4021;4087;1;2,32,44,51,52,54,70,79,81,83,84,85,86,87,88,89,90,91,92,105,106,110,143,148,150,151,153,154,155,173,176,198,234,252,253,263,264,265,266,269,320,332,337,345,371,401,420,428,443,456,484,496,497,501,617,651,662,663,664,665,666,667,722,723,724,725,726,727,728,729,802,803,804,805,806,807,808,809,810,1409,
599;0;4087;4235;1;2,32,44,51,52,54,70,79,81,83,84,85,86,87,88,89,90,91,92,105,106,110,143,148,150,151,153,154,155,173,176,198,234,252,253,263,264,265,266,269,320,332,337,345,371,401,420,428,443,456,484,496,497,501,617,651,662,663,664,665,666,667,722,723,724,725,726,727,728,729,802,803,804,805,806,807,808,809,810,1409,
599;1;4235;4319;1;2,32,44,51,52,54,70,79,81,83,84,85,86,87,88,89,90,91,92,105,106,110,143,148,150,151,153,154,155,173,176,198,234,252,253,263,264,265,266,269,320,332,337,345,371,401,420,428,443,456,484,496,497,501,617,651,662,663,664,665,666,667,722,723,724,725,726,727,728,729,802,803,804,805,806,807,808,809,810,1409,
5;0;4319;4385;0;2,32,44,51,52,54,70,79,81,83,84,85,86,87,88,89,90,91,92,105,106,110,143,148,150,151,153,154,155,173,176,198,234,252,253,263,264,265,266,269,320,332,337,345,371,401,420,428,443,456,484,496,497,501,617,651,662,663,664,665,666,667,722,723,724,725,726,727,728,729,802,803,804,805,806,807,808,809,810,1409,
421;0;4385;4549;1;2,32,44,51,52,54,70,79,81,83,84,85,86,87,88,90,92,105,106,110,124,148,150,151,153,154,155,173,176,198,234,252,253,254,259,263,264,265,269,311,320,332,337,345,371,420,428,432,443,456,484,496,497,501,509,617,624,634,651,654,662,663,664,665,666,667,723,802,803,1088,1089,1090,1091,1092,1093,1094,1095,1096,1097,1409,
421;1;4549;4663;1;2,32,44,51,52,54,70,79,81,83,84,85,86,87,88,90,92,105,106,110,124,148,150,151,153,154,155,173,176,198,234,252,253,254,259,263,264,265,269,311,320,332,337,345,371,420,428,432,443,456,484,496,497,501,509,617,624,634,651,654,662,663,664,665,666,667,723,802,803,1088,1089,1090,1091,1092,1093,1094,1095,1096,1097,1409,
154;0;4663;4728;1;2,32,44,51,52,54,70,79,81,83,84,85,86,87,88,90,92,105,106,110,124,148,150,151,153,154,155,173,176,198,234,252,253,254,259,263,264,265,269,311,320,332,337,345,371,420,428,432,443,456,484,496,497,501,509,617,624,634,651,654,662,663,664,665,666,667,723,802,803,1088,1089,1090,1091,1092,1093,1094,1095,1096,1097,1409,
154;1;4728;4842;1;2,32,44,51,52,54,70,79,81,83,84,85,86,87,88,90,92,105,106,110,124,148,150,151,153,154,155,173,176,198,234,252,253,254,259,263,264,265,269,311,320,332,337,345,371,420,428,432,443,456,484,496,497,501,509,617,624,634,651,654,662,663,664,665,666,667,723,802,803,1088,1089,1090,1091,1092,1093,1094,1095,1096,1097,1409,
636;0;4842;4999;1;32,48,70,71,72,78,90,93,105,106,148,149,150,151,153,154,155,156,157,173,176,194,195,196,197,198,220,223,224,225,226,227,228,229,231,234,254,345,371,393,402,403,423,424,425,428,436,437,438,439,440,441,442,443,444,445,446,447,484,509,517,646,649,654,688,872,983,985,986,987,988,989,990,991,992,1146,1147,1148,1149,1409,
636;1;4999;5052;1;32,48,70,71,72,78,90,93,105,106,148,149,150,151,153,154,155,156,157,173,176,194,195,196,197,198,220,223,224,225,226,227,228,229,231,234,254,345,371,393,402,403,423,424,425,428,436,437,438,439,440,441,442,443,444,445,446,447,484,509,517,646,649,654,688,872,983,985,986,987,988,989,990,991,992,1146,1147,1148,1149,1409,
514;0;5052;5069;1;32,48,70,71,72,78,90,93,105,106,148,149,150,151,153,154,155,156,157,173,176,194,195,196,197,198,220,223,224,225,226,227,228,229,231,234,254,345,371,393,402,403,423,424,425,428,436,437,438,439,440,441,442,443,444,445,446,447,484,509,517,646,649,654,688,872,983,985,986,987,988,989,990,991,992,1146,1147,1148,1149,1409,
514;1;5069;5118;1;32,48,70,71,72,78,90,93,105,106,148,149,150,151,153,154,155,156,157,173,176,194,195,196,197,198,220,223,224,225,226,227,228,229,231,234,254,345,371,393,402,403,423,424,425,428,436,437,438,439,440,441,442,443,444,445,446,447,484,509,517,646,649,654,688,872,983,985,986,987,988,989,990,991,992,1146,1147,1148,1149,1409,
326;0;5118;5233;1;32,48,70,71,72,78,90,93,105,106,148,149,150,151,153,154,155,156,157,173,176,194,195,196,197,198,220,223,224,225,226,227,228,229,231,234,254,345,371,393,402,403,423,424,425,428,436,437,438,439,440,441,442,443,444,445,446,447,484,509,517,646,649,654,688,872,983,985,986,987,988,989,990,991,992,1146,1147,1148,1149,1409,
326;1;5233;5383;1;32,48,70,71,72,78,90,93,105,106,148,149,150,151,153,154,155,156,157,173,176,194,195,196,197,198,220,223,224,225,226,227,228,229,231,234,254,345,371,393,402,403,423,424,425,428,436,437,438,439,440,441,442,443,444,445,446,447,484,509,517,646,649,654,688,872,983,985,986,987,988,989,990,991,992,1146,1147,1148,1149,1409,
711;0;5383;5422;1;32,48,70,71,72,78,90,93,105,106,148,149,150,151,153,154,155,156,157,173,176,194,195,196,197,198,220,223,224,225,226,227,228,229,231,234,254,345,371,393,402,403,423,424,425,428,436,437,438,439,440,441,442,443,444,445,446,447,484,509,517,646,649,654,688,872,983,985,986,987,988,989,990,991,992,1146,1147,1148,1149,1409,
711;1;5422;5475;1;32,48,70,71,72,78,90,93,105,106,148,149,150,151,153,154,155,156,157,173,176,194,195,196,197,198,220,223,224,225,226,227,228,229,231,234,254,345,371,393,402,403,423,424,425,428,436,437,438,439,440,441,442,443,444,445,446,447,484,509,517,646,649,654,688,872,983,985,986,987,988,989,990,991,992,1146,1147,1148,1149,1409,
121;0;5475;5535;1;32,48,70,71,72,78,90,93,105,106,148,149,150,151,153,154,155,156,157,173,176,194,195,196,197,198,220,223,224,225,226,227,228,229,231,234,254,345,371,393,402,403,423,424,425,428,436,437,438,439,440,441,442,443,444,445,446,447,484,509,517,646,649,654,688,872,983,985,986,987,988,989,990,991,992,1146,1147,1148,1149,1409,
121;1;5535;5588;1;32,48,70,71,72,78,90,93,105,106,148,149,150,151,153,154,155,156,157,173,176,194,195,196,197,198,220,223,224,225,226,227,228,229,231,234,254,345,371,393,402,403,423,424,425,428,436,437,438,439,440,441,442,443,444,445,446,447,484,509,517,646,649,654,688,872,983,985,986,987,988,989,990,991,992,1146,1147,1148,1149,1409,
51;0;5588;5668;1;32,48,70,71,72,78,90,93,105,106,148,149,150,151,153,154,155,156,157,173,176,194,195,196,197,198,220,223,224,225,226,227,228,229,231,234,254,345,371,393,402,403,423,424,425,428,436,437,438,439,440,441,442,443,444,445,446,447,484,509,517,646,649,654,688,872,983,985,986,987,988,989,990,991,992,1146,1147,1148,1149,1409,
51;1;5668;5805;1;32,48,70,71,72,78,90,93,105,106,148,149,150,151,153,154,155,156,157,173,176,194,195,196,197,198,220,223,224,225,226,227,228,229,231,234,254,345,371,393,402,403,423,424,425,428,436,437,438,439,440,441,442,443,444,445,446,447,484,509,517,646,649,654,688,872,983,985,986,987,988,989,990,991,992,1146,1147,1148,1149,1409,
191;0;5805;5861;1;32,48,70,71,72,78,90,93,105,106,148,149,150,151,153,154,155,156,157,173,176,194,195,196,197,198,220,223,224,225,226,227,228,229,231,234,254,345,371,393,402,403,423,424,425,428,436,437,438,439,440,441,442,443,444,445,446,447,484,509,517,646,649,654,688,872,983,985,986,987,988,989,990,991,992,1146,1147,1148,1149,1409,
191;1;5861;6004;1;32,48,70,71,72,78,90,93,105,106,148,149,150,151,153,154,155,156,157,173,176,194,195,196,197,198,220,223,224,225,226,227,228,229,231,234,254,345,371,393,402,403,423,424,425,428,436,437,438,439,440,441,442,443,444,445,446,447,484,509,517,646,649,654,688,872,983,985,986,987,988,989,990,991,992,1146,1147,1148,1149,1409,
691;0;6004;6101;1;32,48,70,71,72,78,90,93,105,106,148,149,150,151,153,154,155,156,157,173,176,194,195,196,197,198,220,223,224,225,226,227,228,229,231,234,254,345,371,393,402,403,423,424,425,428,436,437,438,439,440,441,442,443,444,445,446,447,484,509,517,646,649,654,688,872,983,985,986,987,988,989,990,991,992,1146,1147,1148,1149,1409,
691;1;6101;6200;1;32,48,70,71,72,78,90,93,105,106,148,149,150,151,153,154,155,156,157,173,176,194,195,196,197,198,220,223,224,225,226,227,228,229,231,234,254,345,371,393,402,403,423,424,425,428,436,437,438,439,440,441,442,443,444,445,446,447,484,509,517,646,649,654,688,872,983,985,986,987,988,989,990,991,992,1146,1147,1148,1149,1409,
238;0;6200;6277;0;32,48,70,71,72,78,90,93,105,106,148,149,150,151,153,154,155,156,157,173,176,194,195,196,197,198,220,223,224,225,226,227,228,229,231,234,254,345,371,393,402,403,423,424,425,428,436,437,438,439,440,441,442,443,444,445,446,447,484,509,517,646,649,654,688,872,983,985,986,987,988,989,990,991,992,1146,1147,1148,1149,1409,
238;1;6277;6367;0;32,48,70,71,72,78,90,93,105,106,148,149,150,151,153,154,155,156,157,173,176,194,195,196,197,198,220,223,224,225,226,227,228,229,231,234,254,345,371,393,402,403,423,424,425,428,436,437,438,439,440,441,442,443,444,445,446,447,484,509,517,646,649,654,688,872,983,985,986,987,988,989,990,991,992,1146,1147,1148,1149,1409,
71;0;6367;6389;1;17,25,32,48,59,63,70,71,72,105,106,149,150,151,153,156,157,185,186,187,188,189,190,191,192,193,194,195,196,197,198,223,224,225,226,227,228,229,230,231,232,233,234,235,236,237,238,239,240,241,242,243,244,254,304,345,366,371,393,402,428,436,437,438,439,440,441,442,443,444,445,446,447,527,543,654,1166,1167,1168,1169,
71;1;6389;6540;1;17,25,32,48,59,63,70,71,72,105,106,149,150,151,153,156,157,185,186,187,188,189,190,191,192,193,194,195,196,197,198,223,224,225,226,227,228,229,230,231,232,233,234,235,236,237,238,239,240,241,242,243,244,254,304,345,366,371,393,402,428,436,437,438,439,440,441,442,443,444,445,446,447,527,543,654,1166,1167,1168,1169,
274;0;6540;6569;1;17,25,32,48,59,63,70,71,72,105,106,149,150,151,153,156,157,185,186,187,188,189,190,191,192,193,194,195,196,197,198,223,224,225,226,227,228,229,230,231,232,233,234,235,236,237,238,239,240,241,242,243,244,254,304,345,366,371,393,402,428,436,437,438,439,440,441,442,443,444,445,446,447,527,543,654,1166,1167,1168,1169,
274;1;6569;6668;1;17,25,32,48,59,63,70,71,72,105,106,149,150,151,153,156,157,185,186,187,188,189,190,191,192,193,194,195,196,197,198,223,224,225,226,227,228,229,230,231,232,233,234,235,236,237,238,239,240,241,242,243,244,254,304,345,366,371,393,402,428,436,437,438,439,440,441,442,443,444,445,446,447,527,543,654,1166,1167,1168,1169,
629;0;6668;6785;1;17,25,32,48,59,63,70,71,72,105,106,149,150,151,153,156,157,185,186,187,188,189,190,191,192,193,194,195,196,197,198,223,224,225,226,227,228,229,230,231,232,233,234,235,236,237,238,239,240,241,242,243,244,254,304,345,366,371,393,402,428,436,437,438,439,440,441,442,443,444,445,446,447,527,543,654,1166,1167,1168,1169,
629;1;6785;6935;1;17,25,32,48,59,63,70,71,72,105,106,149,150,151,153,156,157,185,186,187,188,189,190,191,192,193,194,195,196,197,198,223,224,225,226,227,228,229,230,231,232,233,234,235,236,237,238,239,240,241,242,243,244,254,304,345,366,371,393,402,428,436,437,438,439,440,441,442,443,444,445,446,447,527,543,654,1166,1167,1168,1169,
709;0;6935;7008;1;17,25,32,48,59,63,70,71,72,105,106,149,150,151,153,156,157,185,186,187,188,189,190,191,192,193,194,195,196,197,198,223,224,225,226,227,228,229,230,231,232,233,234,235,236,237,238,239,240,241,242,243,244,254,304,345,366,371,393,402,428,436,437,438,439,440,441,442,443,444,445,446,447,527,543,654,1166,1167,1168,1169,
709;1;7008;7155;1;17,25,32,48,59,63,70,71,72,105,106,149,150,151,153,156,157,185,186,187,188,189,190,191,192,193,194,195,196,197,198,223,224,225,226,227,228,229,230,231,232,233,234,235,236,237,238,239,240,241,242,243,244,254,304,345,366,371,393,402,428,436,437,438,439,440,441,442,443,444,445,446,447,527,543,654,1166,1167,1168,1169,
39;0;7155;7159;1;17,25,32,48,59,63,70,71,72,105,106,149,150,151,153,156,157,185,186,187,188,189,190,191,192,193,194,195,196,197,198,223,224,225,226,227,228,229,230,231,232,233,234,235,236,237,238,239,240,241,242,243,244,254,304,345,366,371,393,402,428,436,437,438,439,440,441,442,443,444,445,446,447,527,543,654,1166,1167,1168,1169,
39;1;7159;7310;1;17,25,32,48,59,63,70,71,72,105,106,149,150,151,153,156,157,185,186,187,188,189,190,191,192,193,194,195,196,197,198,223,224,225,226,227,228,229,230,231,232,233,234,235,236,237,238,239,240,241,242,243,244,254,304,345,366,371,393,402,428,436,437,438,439,440,441,442,443,444,445,446,447,527,543,654,1166,1167,1168,1169,
454;0;7310;7407;1;17,25,32,48,59,63,70,71,72,105,106,149,150,151,153,156,157,185,186,187,188,189,190,191,192,193,194,195,196,197,198,223,224,225,226,227,228,229,230,231,232,233,234,235,236,237,238,239,240,241,242,243,244,254,304,345,366,371,393,402,428,436,437,438,439,440,441,442,443,444,445,446,447,527,543,654,1166,1167,1168,1169,
454;1;7407;7506;1;17,25,32,48,59,63,70,71,72,105,106,149,150,151,153,156,157,185,186,187,188,189,190,191,192,193,194,195,196,197,198,223,224,225,226,227,228,229,230,231,232,233,234,235,236,237,238,239,240,241,242,243,244,254,304,345,366,371,393,402,428,436,437,438,439,440,441,442,443,444,445,446,447,527,543,654,1166,1167,1168,1169,
14;0;7506;7624;1;17,25,32,48,59,63,70,71,72,105,106,149,150,151,153,156,157,185,186,187,188,189,190,191,192,193,194,195,196,197,198,223,224,225,226,227,228,229,230,231,232,233,234,235,236,237,238,239,240,241,242,243,244,254,304,345,366,371,393,402,428,436,437,438,439,440,441,442,443,444,445,446,447,527,543,654,1166,1167,1168,1169,
14;1;7624;7775;1;17,25,32,48,59,63,70,71,72,105,106,149,150,151,153,156,157,185,186,187,188,189,190,191,192,193,194,195,196,197,198,223,224,225,226,227,228,229,230,231,232,233,234,235,236,237,238,239,240,241,242,243,244,254,304,345,366,371,393,402,428,436,437,438,439,440,441,442,443,444,445,446,447,527,543,654,1166,1167,1168,1169,
529;0;7775;7892;1;17,25,27,32,70,71,105,129,132,134,138,140,185,186,187,188,189,190,191,192,193,254,301,304,307,327,335,336,345,348,349,350,351,352,353,354,355,356,357,358,359,360,361,362,363,364,365,366,367,368,382,406,428,485,527,543,596,613,626,654,710,713,780,821,931,932,933,934,935,943,944,945,946,947,948,1028,1166,1167,1168,1169,
529;1;7892;8042;1;17,25,27,32,70,71,105,129,132,134,138,140,185,186,187,188,189,190,191,192,193,254,301,304,307,327,335,336,345,348,349,350,351,352,353,354,355,356,357,358,359,360,361,362,363,364,365,366,367,368,382,406,428,485,527,543,596,613,626,654,710,713,780,821,931,932,933,934,935,943,944,945,946,947,948,1028,1166,1167,1168,1169,
401;0;8042;8201;1;17,25,27,32,70,71,105,129,132,134,138,140,185,186,187,188,189,190,191,192,193,254,301,304,307,327,335,336,345,348,349,350,351,352,353,354,355,356,357,358,359,360,361,362,363,364,365,366,367,368,382,406,428,485,527,543,596,613,626,654,710,713,780,821,931,932,933,934,935,943,944,945,946,947,948,1028,1166,1167,1168,1169,
401;1;8201;8290;1;17,25,27,32,70,71,105,129,132,134,138,140,185,186,187,188,189,190,191,192,193,254,301,304,307,327,335,336,345,348,349,350,351,352,353,354,355,356,357,358,359,360,361,362,363,364,365,366,367,368,382,406,428,485,527,543,596,613,626,654,710,713,780,821,931,932,933,934,935,943,944,945,946,947,948,1028,1166,1167,1168,1169,
603;0;8290;8298;0;17,25,27,32,70,71,105,129,132,134,138,140,185,186,187,188,189,190,191,192,193,254,301,304,307,327,335,336,345,348,349,350,351,352,353,354,355,356,357,358,359,360,361,362,363,364,365,366,367,368,382,406,428,485,527,543,596,613,626,654,710,713,780,821,931,932,933,934,935,943,944,945,946,947,948,1028,1166,1167,1168,1169,
603;1;8298;8434;0;17,25,27,32,70,71,105,129,132,134,138,140,185,186,187,188,189,190,191,192,193,254,301,304,307,327,335,336,345,348,349,350,351,352,353,354,355,356,357,358,359,360,361,362,363,364,365,366,367,368,382,406,428,485,527,543,596,613,626,654,710,713,780,821,931,932,933,934,935,943,944,945,946,947,948,1028,1166,1167,1168,1169,
611;0;8434;8512;1;17,25,27,32,70,71,105,129,132,134,138,140,185,186,187,188,189,190,191,192,193,254,301,304,307,327,335,336,345,348,349,350,351,352,353,354,355,356,357,358,359,360,361,362,363,364,365,366,367,368,382,406,428,485,527,543,596,613,626,654,710,713,780,821,931,932,933,934,935,943,944,945,946,947,948,1028,1166,1167,1168,1169,
611;1;8512;8621;1;17,25,27,32,70,71,105,129,132,134,138,140,185,186,187,188,189,190,191,192,193,254,301,304,307,327,335,336,345,348,349,350,351,352,353,354,355,356,357,358,359,360,361,362,363,364,365,366,367,368,382,406,428,485,527,543,596,613,626,654,710,713,780,821,931,932,933,934,935,943,944,945,946,947,948,1028,1166,1167,1168,1169,
387;0;8621;8633;0;17,25,27,32,70,71,105,129,132,134,138,140,185,186,187,188,189,190,191,192,193,254,301,304,307,327,335,336,345,348,349,350,351,352,353,354,355,356,357,358,359,360,361,362,363,364,365,366,367,368,382,406,428,485,527,543,596,613,626,654,710,713,780,821,931,932,933,934,935,943,944,945,946,947,948,1028,1166,1167,1168,1169,
90;0;8633;8742;0;17,25,27,32,70,71,105,129,132,134,138,140,185,186,187,188,189,190,191,192,193,254,301,304,307,327,335,336,345,348,349,350,351,352,353,354,355,356,357,358,359,360,361,362,363,364,365,366,367,368,382,406,428,485,527,543,596,613,626,654,710,713,780,821,931,932,933,934,935,943,944,945,946,947,948,1028,1166,1167,1168,1169,
21;0;8742;8906;1;17,25,27,32,70,71,105,129,132,134,138,140,185,186,187,188,189,190,191,192,193,254,301,304,307,327,335,336,345,348,349,350,351,352,353,354,355,356,357,358,359,360,361,362,363,364,365,366,367,368,382,406,428,485,527,543,596,613,626,654,710,713,780,821,931,932,933,934,935,943,944,945,946,947,948,1028,1166,1167,1168,1169,
21;1;8906;9015;1;17,25,27,32,70,71,105,129,132,134,138,140,185,186,187,188,189,190,191,192,193,254,301,304,307,327,335,336,345,348,349,350,351,352,353,354,355,356,357,358,359,360,361,362,363,364,365,366,367,368,382,406,428,485,527,543,596,613,626,654,710,713,780,821,931,932,933,934,935,943,944,945,946,947,948,1028,1166,1167,1168,1169,
329;0;9015;9093;1;17,25,27,32,70,71,105,129,132,134,138,140,185,186,187,188,189,190,191,192,193,254,301,304,307,327,335,336,345,348,349,350,351,352,353,354,355,356,357,358,359,360,361,362,363,364,365,366,367,368,382,406,428,485,527,543,596,613,626,654,710,713,780,821,931,932,933,934,935,943,944,945,946,947,948,1028,1166,1167,1168,1169,
329;1;9093;9229;1;17,25,27,32,70,71,105,129,132,134,138,140,185,186,187,188,189,190,191,192,193,254,301,304,307,327,335,336,345,348,349,350,351,352,353,354,355,356,357,358,359,360,361,362,363,364,365,366,367,368,382,406,428,485,527,543,596,613,626,654,710,713,780,821,931,932,933,934,935,943,944,945,946,947,948,1028,1166,1167,1168,1169,
380;0;9229;9241;0;17,25,27,32,70,71,105,129,132,134,138,140,185,186,187,188,189,190,191,192,193,254,301,304,307,327,335,336,345,348,349,350,351,352,353,354,355,356,357,358,359,360,361,362,363,364,365,366,367,368,382,406,428,485,527,543,596,613,626,654,710,713,780,821,931,932,933,934,935,943,944,945,946,947,948,1028,1166,1167,1168,1169,
253;0;9241;9282;0;27,32,70,71,105,123,125,129,132,134,138,185,186,187,188,189,190,191,192,193,304,307,317,327,335,336,341,343,344,345,360,368,428,465,485,519,596,613,621,626,639,654,710,713,778,779,780,781,782,783,784,785,786,787,788,789,790,791,792,793,794,795,796,797,798,799,800,801,821,931,932,933,934,935,943,944,945,946,947,948,
253;1;9282;9429;0;27,32,70,71,105,123,125,129,132,134,138,185,186,187,188,189,190,191,192,193,304,307,317,327,335,336,341,343,344,345,360,368,428,465,485,519,596,613,621,626,639,654,710,713,778,779,780,781,782,783,784,785,786,787,788,789,790,791,792,793,794,795,796,797,798,799,800,801,821,931,932,933,934,935,943,944,945,946,947,948,
653;0;9429;9444;0;27,32,70,71,105,123,125,129,132,134,138,185,186,187,188,189,190,191,192,193,304,307,317,327,335,336,341,343,344,345,360,368,428,465,485,519,596,613,621,626,639,654,710,713,778,779,780,781,782,783,784,785,786,787,788,789,790,791,792,793,794,795,796,797,798,799,800,801,821,931,932,933,934,935,943,944,945,946,947,948,
653;1;9444;9456;0;27,32,70,71,105,123,125,129,132,134,138,185,186,187,188,189,190,191,192,193,304,307,317,327,335,336,341,343,344,345,360,368,428,465,485,519,596,613,621,626,639,654,710,713,778,779,780,781,782,783,784,785,786,787,788,789,790,791,792,793,794,795,796,797,798,799,800,801,821,931,932,933,934,935,943,944,945,946,947,948,
508;0;9456;9533;0;27,32,70,71,105,123,125,129,132,134,138,185,186,187,188,189,190,191,192,193,304,307,317,327,335,336,341,343,344,345,360,368,428,465,485,519,596,613,621,626,639,654,710,713,778,779,780,781,782,783,784,785,786,787,788,789,790,791,792,793,794,795,796,797,798,799,800,801,821,931,932,933,934,935,943,944,945,946,947,948,
508;1;9533;9634;0;27,32,70,71,105,123,125,129,132,134,138,185,186,187,188,189,190,191,192,193,304,307,317,327,335,336,341,343,344,345,360,368,428,465,485,519,596,613,621,626,639,654,710,713,778,779,780,781,782,783,784,785,786,787,788,789,790,791,792,793,794,795,796,797,798,799,800,801,821,931,932,933,934,935,943,944,945,946,947,948,
113;0;9634;9687;0;27,32,70,71,105,123,125,129,132,134,138,185,186,187,188,189,190,191,192,193,304,307,317,327,335,336,341,343,344,345,360,368,428,465,485,519,596,613,621,626,639,654,710,713,778,779,780,781,782,783,784,785,786,787,788,789,790,791,792,793,794,795,796,797,798,799,800,801,821,931,932,933,934,935,943,944,945,946,947,948,
113;1;9687;9776;0;27,32,70,71,105,123,125,129,132,134,138,185,186,187,188,189,190,191,192,193,304,307,317,327,335,336,341,343,344,345,360,368,428,465,485,519,596,613,621,626,639,654,710,713,778,779,780,781,782,783,784,785,786,787,788,789,790,791,792,793,794,795,796,797,798,799,800,801,821,931,932,933,934,935,943,944,945,946,947,948,
107;0;9776;9788;0;27,32,70,71,105,123,125,129,132,134,138,185,186,187,188,189,190,191,192,193,304,307,317,327,335,336,341,343,344,345,360,368,428,465,485,519,596,613,621,626,639,654,710,713,778,779,780,781,782,783,784,785,786,787,788,789,790,791,792,793,794,795,796,797,798,799,800,801,821,931,932,933,934,935,943,944,945,946,947,948,
699;0;9788;9837;1;27,32,70,71,105,123,125,129,132,134,138,185,186,187,188,189,190,191,192,193,304,307,317,327,335,336,341,343,344,345,360,368,428,465,485,519,596,613,621,626,639,654,710,713,778,779,780,781,782,783,784,785,786,787,788,789,790,791,792,793,794,795,796,797,798,799,800,801,821,931,932,933,934,935,943,944,945,946,947,948,
699;1;9837;9938;1;27,32,70,71,105,123,125,129,132,134,138,185,186,187,188,189,190,191,192,193,304,307,317,327,335,336,341,343,344,345,360,368,428,465,485,519,596,613,621,626,639,654,710,713,778,779,780,781,782,783,784,785,786,787,788,789,790,791,792,793,794,795,796,797,798,799,800,801,821,931,932,933,934,935,943,944,945,946,947,948,
614;0;9938;9958;1;27,32,70,71,105,123,125,129,132,134,138,185,186,187,188,189,190,191,192,193,304,307,317,327,335,336,341,343,344,345,360,368,428,465,485,519,596,613,621,626,639,654,710,713,778,779,780,781,782,783,784,785,786,787,788,789,790,791,792,793,794,795,796,797,798,799,800,801,821,931,932,933,934,935,943,944,945,946,947,948,
614;1;9958;10047;1;27,32,70,71,105,123,125,129,132,134,138,185,186,187,188,189,190,191,192,193,304,307,317,327,335,336,341,343,344,345,360,368,428,465,485,519,596,613,621,626,639,654,710,713,778,779,780,781,782,783,784,785,786,787,788,789,790,791,792,793,794,795,796,797,798,799,800,801,821,931,932,933,934,935,943,944,945,946,947,948,
Machine: 1
66;0;0;4;1;42,45,48,63,70,71,72,74,105,106,149,150,151,152,153,155,156,157,194,195,196,197,198,223,224,225,226,227,228,229,235,237,371,379,385,388,390,392,393,396,402,436,437,438,439,440,441,442,443,444,445,446,447,514,515,516,517,646,649,686,687,688,689,690,691,692,693,694,695,696,697,871,983,984,991,1141,1182,1183,1184,1185,
66;1;4;165;1;42,45,48,63,70,71,72,74,105,106,149,150,151,152,153,155,156,157,194,195,196,197,198,223,224,225,226,227,228,229,235,237,371,379,385,388,390,392,393,396,402,436,437,438,439,440,441,442,443,444,445,446,447,514,515,516,517,646,649,686,687,688,689,690,691,692,693,694,695,696,697,871,983,984,991,1141,1182,1183,1184,1185,
159;0;165;169;1;42,45,48,63,70,71,72,74,105,106,149,150,151,152,153,155,156,157,194,195,196,197,198,223,224,225,226,227,228,229,235,237,371,379,385,388,390,392,393,396,402,436,437,438,439,440,441,442,443,444,445,446,447,514,515,516,517,646,649,686,687,688,689,690,691,692,693,694,695,696,697,871,983,984,991,1141,1182,1183,1184,1185,
159;1;169;268;1;42,45,48,63,70,71,72,74,105,106,149,150,151,152,153,155,156,157,194,195,196,197,198,223,224,225,226,227,228,229,235,237,371,379,385,388,390,392,393,396,402,436,437,438,439,440,441,442,443,444,445,446,447,514,515,516,517,646,649,686,687,688,689,690,691,692,693,694,695,696,697,871,983,984,991,1141,1182,1183,1184,1185,
319;0;268;374;1;42,45,48,63,70,71,72,74,105,106,149,150,151,152,153,155,156,157,194,195,196,197,198,223,224,225,226,227,228,229,235,237,371,379,385,388,390,392,393,396,402,436,437,438,439,440,441,442,443,444,445,446,447,514,515,516,517,646,649,686,687,688,689,690,691,692,693,694,695,696,697,871,983,984,991,1141,1182,1183,1184,1185,
319;1;374;445;1;42,45,48,63,70,71,72,74,105,106,149,150,151,152,153,155,156,157,194,195,196,197,198,223,224,225,226,227,228,229,235,237,371,379,385,388,390,392,393,396,402,436,437,438,439,440,441,442,443,444,445,446,447,514,515,516,517,646,649,686,687,688,689,690,691,692,693,694,695,696,697,871,983,984,991,1141,1182,1183,1184,1185,
716;0;445;534;1;42,45,48,63,70,71,72,74,105,106,149,150,151,152,153,155,156,157,194,195,196,197,198,223,224,225,226,227,228,229,235,237,371,379,385,388,390,392,393,396,402,436,437,438,439,440,441,442,443,444,445,446,447,514,515,516,517,646,649,686,687,688,689,690,691,692,693,694,695,696,697,871,983,984,991,1141,1182,1183,1184,1185,
716;1;534;695;1;42,45,48,63,70,71,72,74,105,106,149,150,151,152,153,155,156,157,194,195,196,197,198,223,224,225,226,227,228,229,235,237,371,379,385,388,390,392,393,396,402,436,437,438,439,440,441,442,443,444,445,446,447,514,515,516,517,646,649,686,687,688,689,690,691,692,693,694,695,696,697,871,983,984,991,1141,1182,1183,1184,1185,
119;0;695;836;1;2,42,48,51,70,71,72,74,78,87,105,106,110,143,150,151,152,155,157,194,197,198,223,224,226,229,234,371,385,388,393,396,401,402,423,424,425,437,442,444,445,447,646,649,696,802,803,804,805,806,807,808,809,810,871,983,984,991,1141,1182,1183,1184,1185,1186,1187,1188,1189,1190,1191,1192,1193,1194,1195,1196,1197,1198,1199,1200,1201,1202,
119;1;836;904;1;2,42,48,51,70,71,72,74,78,87,105,106,110,143,150,151,152,155,157,194,197,198,223,224,226,229,234,371,385,388,393,396,401,402,423,424,425,437,442,444,445,447,646,649,696,802,803,804,805,806,807,808,809,810,871,983,984,991,1141,1182,1183,1184,1185,1186,1187,1188,1189,1190,1191,1192,1193,1194,1195,1196,1197,1198,1199,1200,1201,1202,
339;0;904;984;1;2,42,48,51,70,71,72,74,78,87,105,106,110,143,150,151,152,155,157,194,197,198,223,224,226,229,234,371,385,388,393,396,401,402,423,424,425,437,442,444,445,447,646,649,696,802,803,804,805,806,807,808,809,810,871,983,984,991,1141,1182,1183,1184,1185,1186,1187,1188,1189,1190,1191,1192,1193,1194,1195,1196,1197,1198,1199,1200,1201,1202,
339;1;984;1041;1;2,42,48,51,70,71,72,74,78,87,105,106,110,143,150,151,152,155,157,194,197,198,223,224,226,229,234,371,385,388,393,396,401,402,423,424,425,437,442,444,445,447,646,649,696,802,803,804,805,806,807,808,809,810,871,983,984,991,1141,1182,1183,1184,1185,1186,1187,1188,1189,1190,1191,1192,1193,1194,1195,1196,1197,1198,1199,1200,1201,1202,
256;0;1041;1071;1;2,42,48,51,70,71,72,74,78,87,105,106,110,143,150,151,152,155,157,194,197,198,223,224,226,229,234,371,385,388,393,396,401,402,423,424,425,437,442,444,445,447,646,649,696,802,803,804,805,806,807,808,809,810,871,983,984,991,1141,1182,1183,1184,1185,1186,1187,1188,1189,1190,1191,1192,1193,1194,1195,1196,1197,1198,1199,1200,1201,1202,
256;1;1071;1128;1;2,42,48,51,70,71,72,74,78,87,105,106,110,143,150,151,152,155,157,194,197,198,223,224,226,229,234,371,385,388,393,396,401,402,423,424,425,437,442,444,445,447,646,649,696,802,803,804,805,806,807,808,809,810,871,983,984,991,1141,1182,1183,1184,1185,1186,1187,1188,1189,1190,1191,1192,1193,1194,1195,1196,1197,1198,1199,1200,1201,1202,
34;0;1128;1181;1;2,42,48,51,70,71,72,74,78,87,105,106,110,143,150,151,152,155,157,194,197,198,223,224,226,229,234,371,385,388,393,396,401,402,423,424,425,437,442,444,445,447,646,649,696,802,803,804,805,806,807,808,809,810,871,983,984,991,1141,1182,1183,1184,1185,1186,1187,1188,1189,1190,1191,1192,1193,1194,1195,1196,1197,1198,1199,1200,1201,1202,
34;1;1181;1230;1;2,42,48,51,70,71,72,74,78,87,105,106,110,143,150,151,152,155,157,194,197,198,223,224,226,229,234,371,385,388,393,396,401,402,423,424,425,437,442,444,445,447,646,649,696,802,803,804,805,806,807,808,809,810,871,983,984,991,1141,1182,1183,1184,1185,1186,1187,1188,1189,1190,1191,1192,1193,1194,1195,1196,1197,1198,1199,1200,1201,1202,
588;0;1230;1271;0;2,42,48,51,70,71,72,74,78,87,105,106,110,143,150,151,152,155,157,194,197,198,223,224,226,229,234,371,385,388,393,396,401,402,423,424,425,437,442,444,445,447,646,649,696,802,803,804,805,806,807,808,809,810,871,983,984,991,1141,1182,1183,1184,1185,1186,1187,1188,1189,1190,1191,1192,1193,1194,1195,1196,1197,1198,1199,1200,1201,1202,
588;1;1271;1339;0;2,42,48,51,70,71,72,74,78,87,105,106,110,143,150,151,152,155,157,194,197,198,223,224,226,229,234,371,385,388,393,396,401,402,423,424,425,437,442,444,445,447,646,649,696,802,803,804,805,806,807,808,809,810,871,983,984,991,1141,1182,1183,1184,1185,1186,1187,1188,1189,1190,1191,1192,1193,1194,1195,1196,1197,1198,1199,1200,1201,1202,
628;0;1339;1380;0;2,42,48,51,70,71,72,74,78,87,105,106,110,143,150,151,152,155,157,194,197,198,223,224,226,229,234,371,385,388,393,396,401,402,423,424,425,437,442,444,445,447,646,649,696,802,803,804,805,806,807,808,809,810,871,983,984,991,1141,1182,1183,1184,1185,1186,1187,1188,1189,1190,1191,1192,1193,1194,1195,1196,1197,1198,1199,1200,1201,1202,
628;1;1380;1395;0;2,42,48,51,70,71,72,74,78,87,105,106,110,143,150,151,152,155,157,194,197,198,223,224,226,229,234,371,385,388,393,396,401,402,423,424,425,437,442,444,445,447,646,649,696,802,803,804,805,806,807,808,809,810,871,983,984,991,1141,1182,1183,1184,1185,1186,1187,1188,1189,1190,1191,1192,1193,1194,1195,1196,1197,1198,1199,1200,1201,1202,
84;0;1395;1491;1;2,42,48,51,70,71,72,74,78,87,105,106,110,143,150,151,152,155,157,194,197,198,223,224,226,229,234,371,385,388,393,396,401,402,423,424,425,437,442,444,445,447,646,649,696,802,803,804,805,806,807,808,809,810,871,983,984,991,1141,1182,1183,1184,1185,1186,1187,1188,1189,1190,1191,1192,1193,1194,1195,1196,1197,1198,1199,1200,1201,1202,
84;1;1491;1506;1;2,42,48,51,70,71,72,74,78,87,105,106,110,143,150,151,152,155,157,194,197,198,223,224,226,229,234,371,385,388,393,396,401,402,423,424,425,437,442,444,445,447,646,649,696,802,803,804,805,806,807,808,809,810,871,983,984,991,1141,1182,1183,1184,1185,1186,1187,1188,1189,1190,1191,1192,1193,1194,1195,1196,1197,1198,1199,1200,1201,1202,
656;0;1506;1625;1;2,43,51,70,71,72,74,78,87,110,122,129,131,135,139,143,198,234,252,304,316,320,332,345,358,366,371,385,388,396,401,408,412,434,456,519,617,618,619,620,621,622,623,624,625,626,627,628,629,630,631,632,633,634,635,636,637,638,639,640,641,642,643,644,645,646,647,648,649,696,802,803,804,805,806,807,808,809,810,1141,
656;1;1625;1685;1;2,43,51,70,71,72,74,78,87,110,122,129,131,135,139,143,198,234,252,304,316,320,332,345,358,366,371,385,388,396,401,408,412,434,456,519,617,618,619,620,621,622,623,624,625,626,627,628,629,630,631,632,633,634,635,636,637,638,639,640,641,642,643,644,645,646,647,648,649,696,802,803,804,805,806,807,808,809,810,1141,
571;0;1685;1721;1;2,32,43,51,70,71,72,74,78,87,110,122,129,131,135,138,139,143,185,198,234,252,304,316,320,332,345,358,366,371,396,401,408,412,434,456,519,617,618,619,620,621,622,623,624,625,626,627,628,629,630,631,632,633,634,635,636,637,638,639,640,641,642,643,644,645,646,647,648,649,802,803,804,805,806,807,808,809,810,898,
571;1;1721;1821;1;2,32,43,51,70,71,72,74,78,87,110,122,129,131,135,138,139,143,185,198,234,252,304,316,320,332,345,358,366,371,396,401,408,412,434,456,519,617,618,619,620,621,622,623,624,625,626,627,628,629,630,631,632,633,634,635,636,637,638,639,640,641,642,643,644,645,646,647,648,649,802,803,804,805,806,807,808,809,810,898,
706;0;1821;1826;1;2,32,43,51,70,71,72,74,78,87,110,122,129,131,135,138,139,143,185,198,234,252,304,316,320,332,345,358,366,371,396,401,408,412,434,456,519,617,618,619,620,621,622,623,624,625,626,627,628,629,630,631,632,633,634,635,636,637,638,639,640,641,642,643,644,645,646,647,648,649,802,803,804,805,806,807,808,809,810,898,
706;1;1826;1841;1;2,32,43,51,70,71,72,74,78,87,110,122,129,131,135,138,139,143,185,198,234,252,304,316,320,332,345,358,366,371,396,401,408,412,434,456,519,617,618,619,620,621,622,623,624,625,626,627,628,629,630,631,632,633,634,635,636,637,638,639,640,641,642,643,644,645,646,647,648,649,802,803,804,805,806,807,808,809,810,898,
194;0;1841;1901;1;2,32,43,51,70,71,72,74,78,87,110,122,129,131,135,138,139,143,185,198,234,252,304,316,320,332,345,358,366,371,396,401,408,412,434,456,519,617,618,619,620,621,622,623,624,625,626,627,628,629,630,631,632,633,634,635,636,637,638,639,640,641,642,643,644,645,646,647,648,649,802,803,804,805,806,807,808,809,810,898,
194;1;1901;1961;1;2,32,43,51,70,71,72,74,78,87,110,122,129,131,135,138,139,143,185,198,234,252,304,316,320,332,345,358,366,371,396,401,408,412,434,456,519,617,618,619,620,621,622,623,624,625,626,627,628,629,630,631,632,633,634,635,636,637,638,639,640,641,642,643,644,645,646,647,648,649,802,803,804,805,806,807,808,809,810,898,
91;0;1961;2016;1;2,32,51,70,71,72,73,74,75,76,77,78,79,80,81,82,87,110,129,132,134,135,138,140,147,186,252,315,316,317,318,320,325,327,332,336,341,342,345,346,347,396,401,405,428,434,519,520,530,532,599,617,626,698,699,700,701,702,703,728,780,814,815,816,817,818,819,820,821,822,827,828,931,1153,1154,1458,1459,1460,1461,1462,
91;1;2016;2165;1;2,32,51,70,71,72,73,74,75,76,77,78,79,80,81,82,87,110,129,132,134,135,138,140,147,186,252,315,316,317,318,320,325,327,332,336,341,342,345,346,347,396,401,405,428,434,519,520,530,532,599,617,626,698,699,700,701,702,703,728,780,814,815,816,817,818,819,820,821,822,827,828,931,1153,1154,1458,1459,1460,1461,1462,
649;0;2165;2260;1;2,32,51,70,71,72,73,74,75,76,77,78,79,80,81,82,87,110,129,132,134,135,138,140,147,186,252,315,316,317,318,320,325,327,332,336,341,342,345,346,347,396,401,405,428,434,519,520,530,532,599,617,626,698,699,700,701,702,703,728,780,814,815,816,817,818,819,820,821,822,827,828,931,1153,1154,1458,1459,1460,1461,1462,
649;1;2260;2409;1;2,32,51,70,71,72,73,74,75,76,77,78,79,80,81,82,87,110,129,132,134,135,138,140,147,186,252,315,316,317,318,320,325,327,332,336,341,342,345,346,347,396,401,405,428,434,519,520,530,532,599,617,626,698,699,700,701,702,703,728,780,814,815,816,817,818,819,820,821,822,827,828,931,1153,1154,1458,1459,1460,1461,1462,
561;0;2409;2538;1;2,32,51,70,71,72,73,74,75,76,77,78,79,80,81,82,87,110,129,132,134,135,138,140,147,186,252,315,316,317,318,320,325,327,332,336,341,342,345,346,347,396,401,405,428,434,519,520,530,532,599,617,626,698,699,700,701,702,703,728,780,814,815,816,817,818,819,820,821,822,827,828,931,1153,1154,1458,1459,1460,1461,1462,
561;1;2538;2582;1;2,32,51,70,71,72,73,74,75,76,77,78,79,80,81,82,87,110,129,132,134,135,138,140,147,186,252,315,316,317,318,320,325,327,332,336,341,342,345,346,347,396,401,405,428,434,519,520,530,532,599,617,626,698,699,700,701,702,703,728,780,814,815,816,817,818,819,820,821,822,827,828,931,1153,1154,1458,1459,1460,1461,1462,
471;0;2582;2587;1;2,32,51,70,71,72,73,74,75,76,77,78,79,80,81,82,87,110,129,132,134,135,138,140,147,186,252,315,316,317,318,320,325,327,332,336,341,342,345,346,347,396,401,405,428,434,519,520,530,532,599,617,626,698,699,700,701,702,703,728,780,814,815,816,817,818,819,820,821,822,827,828,931,1153,1154,1458,1459,1460,1461,1462,
471;1;2587;2664;1;2,32,51,70,71,72,73,74,75,76,77,78,79,80,81,82,87,110,129,132,134,135,138,140,147,186,252,315,316,317,318,320,325,327,332,336,341,342,345,346,347,396,401,405,428,434,519,520,530,532,599,617,626,698,699,700,701,702,703,728,780,814,815,816,817,818,819,820,821,822,827,828,931,1153,1154,1458,1459,1460,1461,1462,
106;0;2664;2775;1;2,32,51,70,71,72,73,74,75,76,77,78,79,80,81,82,87,110,129,132,134,135,138,140,147,186,252,315,316,317,318,320,325,327,332,336,341,342,345,346,347,396,401,405,428,434,519,520,530,532,599,617,626,698,699,700,701,702,703,728,780,814,815,816,817,818,819,820,821,822,827,828,931,1153,1154,1458,1459,1460,1461,1462,
106;1;2775;2937;1;2,32,51,70,71,72,73,74,75,76,77,78,79,80,81,82,87,110,129,132,134,135,138,140,147,186,252,315,316,317,318,320,325,327,332,336,341,342,345,346,347,396,401,405,428,434,519,520,530,532,599,617,626,698,699,700,701,702,703,728,780,814,815,816,817,818,819,820,821,822,827,828,931,1153,1154,1458,1459,1460,1461,1462,
4;0;2937;2973;1;2,32,51,70,71,72,73,74,75,76,77,78,79,80,81,82,87,110,129,132,134,135,138,140,147,186,252,315,316,317,318,320,325,327,332,336,341,342,345,346,347,396,401,405,428,434,519,520,530,532,599,617,626,698,699,700,701,702,703,728,780,814,815,816,817,818,819,820,821,822,827,828,931,1153,1154,1458,1459,1460,1461,1462,
4;1;2973;3017;1;2,32,51,70,71,72,73,74,75,76,77,78,79,80,81,82,87,110,129,132,134,135,138,140,147,186,252,315,316,317,318,320,325,327,332,336,341,342,345,346,347,396,401,405,428,434,519,520,530,532,599,617,626,698,699,700,701,702,703,728,780,814,815,816,817,818,819,820,821,822,827,828,931,1153,1154,1458,1459,1460,1461,1462,
386;0;3017;3123;1;2,32,51,70,71,72,73,74,75,76,77,78,79,80,81,82,87,110,129,132,134,135,138,140,147,186,252,315,316,317,318,320,325,327,332,336,341,342,345,346,347,396,401,405,428,434,519,520,530,532,599,617,626,698,699,700,701,702,703,728,780,814,815,816,817,818,819,820,821,822,827,828,931,1153,1154,1458,1459,1460,1461,1462,
386;1;3123;3279;1;2,32,51,70,71,72,73,74,75,76,77,78,79,80,81,82,87,110,129,132,134,135,138,140,147,186,252,315,316,317,318,320,325,327,332,336,341,342,345,346,347,396,401,405,428,434,519,520,530,532,599,617,626,698,699,700,701,702,703,728,780,814,815,816,817,818,819,820,821,822,827,828,931,1153,1154,1458,1459,1460,1461,1462,
722;0;3279;3323;0;2,32,51,70,71,72,73,74,75,76,77,78,79,80,81,82,87,110,129,132,134,135,138,140,147,186,252,315,316,317,318,320,325,327,332,336,341,342,345,346,347,396,401,405,428,434,519,520,530,532,599,617,626,698,699,700,701,702,703,728,780,814,815,816,817,818,819,820,821,822,827,828,931,1153,1154,1458,1459,1460,1461,1462,
86;0;3323;3357;1;2,32,51,70,71,72,73,74,75,76,77,78,79,80,81,82,87,110,129,132,134,135,138,140,147,186,252,315,316,317,318,320,325,327,332,336,341,342,345,346,347,396,401,405,428,434,519,520,530,532,599,617,626,698,699,700,701,702,703,728,780,814,815,816,817,818,819,820,821,822,827,828,931,1153,1154,1458,1459,1460,1461,1462,
86;1;3357;3532;1;2,32,51,70,71,72,73,74,75,76,77,78,79,80,81,82,87,110,129,132,134,135,138,140,147,186,252,315,316,317,318,320,325,327,332,336,341,342,345,346,347,396,401,405,428,434,519,520,530,532,599,617,626,698,699,700,701,702,703,728,780,814,815,816,817,818,819,820,821,822,827,828,931,1153,1154,1458,1459,1460,1461,1462,
201;0;3532;3600;1;2,32,51,70,71,72,74,79,81,87,110,129,132,134,135,138,140,147,186,252,310,311,312,313,314,315,316,317,318,319,320,321,322,323,324,325,326,327,328,329,330,331,332,333,336,341,342,345,346,347,396,401,405,428,434,519,520,530,532,617,626,698,699,700,701,702,703,728,780,814,815,816,817,818,819,820,821,822,1153,1154,
201;1;3600;3764;1;2,32,51,70,71,72,74,79,81,87,110,129,132,134,135,138,140,147,186,252,310,311,312,313,314,315,316,317,318,319,320,321,322,323,324,325,326,327,328,329,330,331,332,333,336,341,342,345,346,347,396,401,405,428,434,519,520,530,532,617,626,698,699,700,701,702,703,728,780,814,815,816,817,818,819,820,821,822,1153,1154,
449;0;3764;3914;1;2,32,51,70,71,72,74,79,81,87,110,129,132,134,135,138,140,147,186,252,310,311,312,313,314,315,316,317,318,319,320,321,322,323,324,325,326,327,328,329,330,331,332,333,336,341,342,345,346,347,396,401,405,428,434,519,520,530,532,617,626,698,699,700,701,702,703,728,780,814,815,816,817,818,819,820,821,822,1153,1154,
449;1;3914;4089;1;2,32,51,70,71,72,74,79,81,87,110,129,132,134,135,138,140,147,186,252,310,311,312,313,314,315,316,317,318,319,320,321,322,323,324,325,326,327,328,329,330,331,332,333,336,341,342,345,346,347,396,401,405,428,434,519,520,530,532,617,626,698,699,700,701,702,703,728,780,814,815,816,817,818,819,820,821,822,1153,1154,
479;0;4089;4121;1;2,32,51,70,71,72,74,79,81,87,110,129,132,134,135,138,140,147,186,252,310,311,312,313,314,315,316,317,318,319,320,321,322,323,324,325,326,327,328,329,330,331,332,333,336,341,342,345,346,347,396,401,405,428,434,519,520,530,532,617,626,698,699,700,701,702,703,728,780,814,815,816,817,818,819,820,821,822,1153,1154,
479;1;4121;4296;1;2,32,51,70,71,72,74,79,81,87,110,129,132,134,135,138,140,147,186,252,310,311,312,313,314,315,316,317,318,319,320,321,322,323,324,325,326,327,328,329,330,331,332,333,336,341,342,345,346,347,396,401,405,428,434,519,520,530,532,617,626,698,699,700,701,702,703,728,780,814,815,816,817,818,819,820,821,822,1153,1154,
384;0;4296;4475;1;2,32,51,70,71,72,74,79,81,87,110,129,132,134,135,138,140,147,186,252,310,311,312,313,314,315,316,317,318,319,320,321,322,323,324,325,326,327,328,329,330,331,332,333,336,341,342,345,346,347,396,401,405,428,434,519,520,530,532,617,626,698,699,700,701,702,703,728,780,814,815,816,817,818,819,820,821,822,1153,1154,
384;1;4475;4637;1;2,32,51,70,71,72,74,79,81,87,110,129,132,134,135,138,140,147,186,252,310,311,312,313,314,315,316,317,318,319,320,321,322,323,324,325,326,327,328,329,330,331,332,333,336,341,342,345,346,347,396,401,405,428,434,519,520,530,532,617,626,698,699,700,701,702,703,728,780,814,815,816,817,818,819,820,821,822,1153,1154,
361;0;4637;4788;1;2,32,51,70,71,72,74,79,81,87,110,129,132,134,135,138,140,147,186,252,310,311,312,313,314,315,316,317,318,319,320,321,322,323,324,325,326,327,328,329,330,331,332,333,336,341,342,345,346,347,396,401,405,428,434,519,520,530,532,617,626,698,699,700,701,702,703,728,780,814,815,816,817,818,819,820,821,822,1153,1154,
361;1;4788;4952;1;2,32,51,70,71,72,74,79,81,87,110,129,132,134,135,138,140,147,186,252,310,311,312,313,314,315,316,317,318,319,320,321,322,323,324,325,326,327,328,329,330,331,332,333,336,341,342,345,346,347,396,401,405,428,434,519,520,530,532,617,626,698,699,700,701,702,703,728,780,814,815,816,817,818,819,820,821,822,1153,1154,
279;0;4952;5128;1;2,8,32,51,54,79,81,87,132,135,138,140,186,249,252,310,311,312,313,314,315,316,317,318,319,320,321,322,323,324,325,326,327,328,329,330,331,332,333,336,341,342,345,346,347,396,401,428,617,698,699,700,701,702,703,728,821,1002,1008,1009,1010,1011,1012,1013,1014,1015,1016,1017,1018,1019,1020,1021,1022,1023,1024,1025,1026,1027,1153,1154,
279;1;5128;5222;1;2,8,32,51,54,79,81,87,132,135,138,140,186,249,252,310,311,312,313,314,315,316,317,318,319,320,321,322,323,324,325,326,327,328,329,330,331,332,333,336,341,342,345,346,347,396,401,428,617,698,699,700,701,702,703,728,821,1002,1008,1009,1010,1011,1012,1013,1014,1015,1016,1017,1018,1019,1020,1021,1022,1023,1024,1025,1026,1027,1153,1154,
524;0;5222;5340;1;2,8,32,51,54,79,81,87,132,135,138,140,186,249,252,310,311,312,313,314,315,316,317,318,319,320,321,322,323,324,325,326,327,328,329,330,331,332,333,336,341,342,345,346,347,396,401,428,617,698,699,700,701,702,703,728,821,1002,1008,1009,1010,1011,1012,1013,1014,1015,1016,1017,1018,1019,1020,1021,1022,1023,1024,1025,1026,1027,1153,1154,
524;1;5340;5417;1;2,8,32,51,54,79,81,87,132,135,138,140,186,249,252,310,311,312,313,314,315,316,317,318,319,320,321,322,323,324,325,326,327,328,329,330,331,332,333,336,341,342,345,346,347,396,401,428,617,698,699,700,701,702,703,728,821,1002,1008,1009,1010,1011,1012,1013,1014,1015,1016,1017,1018,1019,1020,1021,1022,1023,1024,1025,1026,1027,1153,1154,
19;0;5417;5436;1;2,8,32,51,54,79,81,87,132,135,138,140,186,249,252,310,311,312,313,314,315,316,317,318,319,320,321,322,323,324,325,326,327,328,329,330,331,332,333,336,341,342,345,346,347,396,401,428,617,698,699,700,701,702,703,728,821,1002,1008,1009,1010,1011,1012,1013,1014,1015,1016,1017,1018,1019,1020,1021,1022,1023,1024,1025,1026,1027,1153,1154,
19;1;5436;5600;1;2,8,32,51,54,79,81,87,132,135,138,140,186,249,252,310,311,312,313,314,315,316,317,318,319,320,321,322,323,324,325,326,327,328,329,330,331,332,333,336,341,342,345,346,347,396,401,428,617,698,699,700,701,702,703,728,821,1002,1008,1009,1010,1011,1012,1013,1014,1015,1016,1017,1018,1019,1020,1021,1022,1023,1024,1025,1026,1027,1153,1154,
634;0;5600;5712;1;2,8,32,51,54,79,81,87,132,135,138,140,186,249,252,310,311,312,313,314,315,316,317,318,319,320,321,322,323,324,325,326,327,328,329,330,331,332,333,336,341,342,345,346,347,396,401,428,617,698,699,700,701,702,703,728,821,1002,1008,1009,1010,1011,1012,1013,1014,1015,1016,1017,1018,1019,1020,1021,1022,1023,1024,1025,1026,1027,1153,1154,
634;1;5712;5876;1;2,8,32,51,54,79,81,87,132,135,138,140,186,249,252,310,311,312,313,314,315,316,317,318,319,320,321,322,323,324,325,326,327,328,329,330,331,332,333,336,341,342,345,346,347,396,401,428,617,698,699,700,701,702,703,728,821,1002,1008,1009,1010,1011,1012,1013,1014,1015,1016,1017,1018,1019,1020,1021,1022,1023,1024,1025,1026,1027,1153,1154,
158;0;5876;5965;0;2,8,32,51,54,79,81,87,132,135,138,140,186,249,252,310,311,312,313,314,315,316,317,318,319,320,321,322,323,324,325,326,327,328,329,330,331,332,333,336,341,342,345,346,347,396,401,428,617,698,699,700,701,702,703,728,821,1002,1008,1009,1010,1011,1012,1013,1014,1015,1016,1017,1018,1019,1020,1021,1022,1023,1024,1025,1026,1027,1153,1154,
158;1;5965;6059;0;2,8,32,51,54,79,81,87,132,135,138,140,186,249,252,310,311,312,313,314,315,316,317,318,319,320,321,322,323,324,325,326,327,328,329,330,331,332,333,336,341,342,345,346,347,396,401,428,617,698,699,700,701,702,703,728,821,1002,1008,1009,1010,1011,1012,1013,1014,1015,1016,1017,1018,1019,1020,1021,1022,1023,1024,1025,1026,1027,1153,1154,
206;0;6059;6092;1;0,2,3,8,32,51,54,79,81,87,92,132,135,138,140,186,230,249,252,272,282,286,316,317,320,327,332,336,341,342,345,346,347,396,401,428,617,696,698,699,700,701,702,703,728,821,1002,1008,1009,1010,1011,1012,1013,1014,1015,1016,1017,1018,1019,1126,1127,1128,1129,1130,1131,1132,1133,1134,1135,1136,1137,1138,1139,1140,1141,1142,1143,1144,1153,1154,
206;1;6092;6240;1;0,2,3,8,32,51,54,79,81,87,92,132,135,138,140,186,230,249,252,272,282,286,316,317,320,327,332,336,341,342,345,346,347,396,401,428,617,696,698,699,700,701,702,703,728,821,1002,1008,1009,1010,1011,1012,1013,1014,1015,1016,1017,1018,1019,1126,1127,1128,1129,1130,1131,1132,1133,1134,1135,1136,1137,1138,1139,1140,1141,1142,1143,1144,1153,1154,
281;0;6240;6330;1;0,2,3,8,32,51,54,79,81,87,92,132,135,138,140,186,230,249,252,272,282,286,316,317,320,327,332,336,341,342,345,346,347,396,401,428,617,696,698,699,700,701,702,703,728,821,1002,1008,1009,1010,1011,1012,1013,1014,1015,1016,1017,1018,1019,1126,1127,1128,1129,1130,1131,1132,1133,1134,1135,1136,1137,1138,1139,1140,1141,1142,1143,1144,1153,1154,
281;1;6330;6478;1;0,2,3,8,32,51,54,79,81,87,92,132,135,138,140,186,230,249,252,272,282,286,316,317,320,327,332,336,341,342,345,346,347,396,401,428,617,696,698,699,700,701,702,703,728,821,1002,1008,1009,1010,1011,1012,1013,1014,1015,1016,1017,1018,1019,1126,1127,1128,1129,1130,1131,1132,1133,1134,1135,1136,1137,1138,1139,1140,1141,1142,1143,1144,1153,1154,
41;0;6478;6620;1;0,2,3,8,32,51,54,79,81,87,92,132,135,138,140,186,252,259,317,320,327,332,336,341,342,343,345,346,347,396,401,428,468,477,482,504,505,506,507,508,509,510,511,512,513,617,696,698,699,700,701,702,703,728,761,762,763,764,765,766,767,768,769,770,771,772,773,774,775,776,821,874,879,900,929,1031,1035,1153,1154,1503,
41;1;6620;6654;1;0,2,3,8,32,51,54,79,81,87,92,132,135,138,140,186,252,259,317,320,327,332,336,341,342,343,345,346,347,396,401,428,468,477,482,504,505,506,507,508,509,510,511,512,513,617,696,698,699,700,701,702,703,728,761,762,763,764,765,766,767,768,769,770,771,772,773,774,775,776,821,874,879,900,929,1031,1035,1153,1154,1503,
696;0;6654;6805;1;0,2,3,8,32,51,54,79,81,87,92,132,135,138,140,186,252,259,317,320,327,332,336,341,342,343,345,346,347,396,401,428,468,477,482,504,505,506,507,508,509,510,511,512,513,617,696,698,699,700,701,702,703,728,761,762,763,764,765,766,767,768,769,770,771,772,773,774,775,776,821,874,879,900,929,1031,1035,1153,1154,1503,
696;1;6805;6893;1;0,2,3,8,32,51,54,79,81,87,92,132,135,138,140,186,252,259,317,320,327,332,336,341,342,343,345,346,347,396,401,428,468,477,482,504,505,506,507,508,509,510,511,512,513,617,696,698,699,700,701,702,703,728,761,762,763,764,765,766,767,768,769,770,771,772,773,774,775,776,821,874,879,900,929,1031,1035,1153,1154,1503,
546;0;6893;6968;1;0,2,3,8,32,51,54,79,81,87,92,132,135,138,140,186,252,259,317,320,327,332,336,341,342,343,345,346,347,396,401,428,468,477,482,504,505,506,507,508,509,510,511,512,513,617,696,698,699,700,701,702,703,728,761,762,763,764,765,766,767,768,769,770,771,772,773,774,775,776,821,874,879,900,929,1031,1035,1153,1154,1503,
546;1;6968;7045;1;0,2,3,8,32,51,54,79,81,87,92,132,135,138,140,186,252,259,317,320,327,332,336,341,342,343,345,346,347,396,401,428,468,477,482,504,505,506,507,508,509,510,511,512,513,617,696,698,699,700,701,702,703,728,761,762,763,764,765,766,767,768,769,770,771,772,773,774,775,776,821,874,879,900,929,1031,1035,1153,1154,1503,
556;0;7045;7101;1;0,2,3,8,32,51,54,79,81,87,92,132,135,138,140,186,252,259,317,320,327,332,336,341,342,343,345,346,347,396,401,428,468,477,482,504,505,506,507,508,509,510,511,512,513,617,696,698,699,700,701,702,703,728,761,762,763,764,765,766,767,768,769,770,771,772,773,774,775,776,821,874,879,900,929,1031,1035,1153,1154,1503,
556;1;7101;7178;1;0,2,3,8,32,51,54,79,81,87,92,132,135,138,140,186,252,259,317,320,327,332,336,341,342,343,345,346,347,396,401,428,468,477,482,504,505,506,507,508,509,510,511,512,513,617,696,698,699,700,701,702,703,728,761,762,763,764,765,766,767,768,769,770,771,772,773,774,775,776,821,874,879,900,929,1031,1035,1153,1154,1503,
564;0;7178;7329;1;0,2,3,8,32,51,54,79,81,87,92,132,135,138,140,186,252,259,317,320,327,332,336,341,342,343,345,346,347,396,401,428,468,477,482,504,505,506,507,508,509,510,511,512,513,617,696,698,699,700,701,702,703,728,761,762,763,764,765,766,767,768,769,770,771,772,773,774,775,776,821,874,879,900,929,1031,1035,1153,1154,1503,
564;1;7329;7417;1;0,2,3,8,32,51,54,79,81,87,92,132,135,138,140,186,252,259,317,320,327,332,336,341,342,343,345,346,347,396,401,428,468,477,482,504,505,506,507,508,509,510,511,512,513,617,696,698,699,700,701,702,703,728,761,762,763,764,765,766,767,768,769,770,771,772,773,774,775,776,821,874,879,900,929,1031,1035,1153,1154,1503,
234;0;7417;7520;1;0,2,3,8,32,51,54,79,81,87,92,132,135,138,140,186,252,259,317,320,327,332,336,341,342,343,345,346,347,396,401,428,468,477,482,504,505,506,507,508,509,510,511,512,513,617,696,698,699,700,701,702,703,728,761,762,763,764,765,766,767,768,769,770,771,772,773,774,775,776,821,874,879,900,929,1031,1035,1153,1154,1503,
234;1;7520;7554;1;0,2,3,8,32,51,54,79,81,87,92,132,135,138,140,186,252,259,317,320,327,332,336,341,342,343,345,346,347,396,401,428,468,477,482,504,505,506,507,508,509,510,511,512,513,617,696,698,699,700,701,702,703,728,761,762,763,764,765,766,767,768,769,770,771,772,773,774,775,776,821,874,879,900,929,1031,1035,1153,1154,1503,
249;0;7554;7640;1;0,2,3,8,32,51,54,79,81,87,92,132,135,138,140,186,252,259,317,320,327,332,336,341,342,343,345,346,347,396,401,428,468,477,482,504,505,506,507,508,509,510,511,512,513,617,696,698,699,700,701,702,703,728,761,762,763,764,765,766,767,768,769,770,771,772,773,774,775,776,821,874,879,900,929,1031,1035,1153,1154,1503,
249;1;7640;7717;1;0,2,3,8,32,51,54,79,81,87,92,132,135,138,140,186,252,259,317,320,327,332,336,341,342,343,345,346,347,396,401,428,468,477,482,504,505,506,507,508,509,510,511,512,513,617,696,698,699,700,701,702,703,728,761,762,763,764,765,766,767,768,769,770,771,772,773,774,775,776,821,874,879,900,929,1031,1035,1153,1154,1503,
544;0;7717;7888;1;32,51,54,79,81,87,92,128,132,135,138,140,165,186,252,253,254,255,256,257,258,259,260,261,262,263,264,265,266,267,268,269,317,327,334,335,336,337,338,339,340,341,342,343,344,345,346,347,382,383,384,385,386,387,388,389,390,391,392,393,394,395,396,397,398,399,400,401,428,617,698,699,700,701,702,703,728,821,1153,1154,
544;1;7888;7965;1;32,51,54,79,81,87,92,128,132,135,138,140,165,186,252,253,254,255,256,257,258,259,260,261,262,263,264,265,266,267,268,269,317,327,334,335,336,337,338,339,340,341,342,343,344,345,346,347,382,383,384,385,386,387,388,389,390,391,392,393,394,395,396,397,398,399,400,401,428,617,698,699,700,701,702,703,728,821,1153,1154,
176;0;7965;8117;1;32,51,54,79,81,87,92,128,132,135,138,140,165,186,252,253,254,255,256,257,258,259,260,261,262,263,264,265,266,267,268,269,317,327,334,335,336,337,338,339,340,341,342,343,344,345,346,347,382,383,384,385,386,387,388,389,390,391,392,393,394,395,396,397,398,399,400,401,428,617,698,699,700,701,702,703,728,821,1153,1154,
176;1;8117;8214;1;32,51,54,79,81,87,92,128,132,135,138,140,165,186,252,253,254,255,256,257,258,259,260,261,262,263,264,265,266,267,268,269,317,327,334,335,336,337,338,339,340,341,342,343,344,345,346,347,382,383,384,385,386,387,388,389,390,391,392,393,394,395,396,397,398,399,400,401,428,617,698,699,700,701,702,703,728,821,1153,1154,
623;0;8214;8240;0;32,51,54,79,81,87,92,128,132,135,138,140,165,186,252,253,254,255,256,257,258,259,260,261,262,263,264,265,266,267,268,269,317,327,334,335,336,337,338,339,340,341,342,343,344,345,346,347,382,383,384,385,386,387,388,389,390,391,392,393,394,395,396,397,398,399,400,401,428,617,698,699,700,701,702,703,728,821,1153,1154,
623;1;8240;8337;0;32,51,54,79,81,87,92,128,132,135,138,140,165,186,252,253,254,255,256,257,258,259,260,261,262,263,264,265,266,267,268,269,317,327,334,335,336,337,338,339,340,341,342,343,344,345,346,347,382,383,384,385,386,387,388,389,390,391,392,393,394,395,396,397,398,399,400,401,428,617,698,699,700,701,702,703,728,821,1153,1154,
239;0;8337;8496;1;32,51,54,79,81,87,92,128,132,135,138,140,165,186,252,253,254,255,256,257,258,259,260,261,262,263,264,265,266,267,268,269,317,327,334,335,336,337,338,339,340,341,342,343,344,345,346,347,382,383,384,385,386,387,388,389,390,391,392,393,394,395,396,397,398,399,400,401,428,617,698,699,700,701,702,703,728,821,1153,1154,
239;1;8496;8658;1;32,51,54,79,81,87,92,128,132,135,138,140,165,186,252,253,254,255,256,257,258,259,260,261,262,263,264,265,266,267,268,269,317,327,334,335,336,337,338,339,340,341,342,343,344,345,346,347,382,383,384,385,386,387,388,389,390,391,392,393,394,395,396,397,398,399,400,401,428,617,698,699,700,701,702,703,728,821,1153,1154,
481;0;8658;8818;1;32,51,54,79,81,87,92,128,132,135,138,140,165,186,252,253,254,255,256,257,258,259,260,261,262,263,264,265,266,267,268,269,317,327,334,335,336,337,338,339,340,341,342,343,344,345,346,347,382,383,384,385,386,387,388,389,390,391,392,393,394,395,396,397,398,399,400,401,428,617,698,699,700,701,702,703,728,821,1153,1154,
481;1;8818;8891;1;32,51,54,79,81,87,92,128,132,135,138,140,165,186,252,253,254,255,256,257,258,259,260,261,262,263,264,265,266,267,268,269,317,327,334,335,336,337,338,339,340,341,342,343,344,345,346,347,382,383,384,385,386,387,388,389,390,391,392,393,394,395,396,397,398,399,400,401,428,617,698,699,700,701,702,703,728,821,1153,1154,
318;0;8891;8944;0;32,51,54,79,81,87,92,128,132,135,138,140,165,186,252,253,254,255,256,257,258,259,260,261,262,263,264,265,266,267,268,269,317,327,334,335,336,337,338,339,340,341,342,343,344,345,346,347,382,383,384,385,386,387,388,389,390,391,392,393,394,395,396,397,398,399,400,401,428,617,698,699,700,701,702,703,728,821,1153,1154,
318;1;8944;9028;0;32,51,54,79,81,87,92,128,132,135,138,140,165,186,252,253,254,255,256,257,258,259,260,261,262,263,264,265,266,267,268,269,317,327,334,335,336,337,338,339,340,341,342,343,344,345,346,347,382,383,384,385,386,387,388,389,390,391,392,393,394,395,396,397,398,399,400,401,428,617,698,699,700,701,702,703,728,821,1153,1154,
26;0;9028;9083;1;32,51,54,79,81,87,92,128,132,135,138,140,165,186,252,253,254,255,256,257,258,259,260,261,262,263,264,265,266,267,268,269,317,327,334,335,336,337,338,339,340,341,342,343,344,345,346,347,382,383,384,385,386,387,388,389,390,391,392,393,394,395,396,397,398,399,400,401,428,617,698,699,700,701,702,703,728,821,1153,1154,
26;1;9083;9124;1;32,51,54,79,81,87,92,128,132,135,138,140,165,186,252,253,254,255,256,257,258,259,260,261,262,263,264,265,266,267,268,269,317,327,334,335,336,337,338,339,340,341,342,343,344,345,346,347,382,383,384,385,386,387,388,389,390,391,392,393,394,395,396,397,398,399,400,401,428,617,698,699,700,701,702,703,728,821,1153,1154,
438;0;9124;9173;0;32,51,54,79,81,87,92,128,132,135,138,140,165,186,252,253,254,255,256,257,258,259,260,261,262,263,264,265,266,267,268,269,317,327,334,335,336,337,338,339,340,341,342,343,344,345,346,347,382,383,384,385,386,387,388,389,390,391,392,393,394,395,396,397,398,399,400,401,428,617,698,699,700,701,702,703,728,821,1153,1154,
438;1;9173;9246;0;32,51,54,79,81,87,92,128,132,135,138,140,165,186,252,253,254,255,256,257,258,259,260,261,262,263,264,265,266,267,268,269,317,327,334,335,336,337,338,339,340,341,342,343,344,345,346,347,382,383,384,385,386,387,388,389,390,391,392,393,394,395,396,397,398,399,400,401,428,617,698,699,700,701,702,703,728,821,1153,1154,
499;0;9246;9317;1;32,44,51,52,54,79,81,83,84,85,86,87,88,89,90,91,92,126,134,135,138,165,186,254,262,317,327,335,336,337,339,341,342,343,344,345,346,347,385,386,387,388,389,390,391,392,393,394,395,396,397,398,399,400,401,421,422,426,427,428,429,430,431,432,433,434,435,617,698,699,700,701,702,703,728,821,1153,1154,1523,1524,
499;1;9317;9383;1;32,44,51,52,54,79,81,83,84,85,86,87,88,89,90,91,92,126,134,135,138,165,186,254,262,317,327,335,336,337,339,341,342,343,344,345,346,347,385,386,387,388,389,390,391,392,393,394,395,396,397,398,399,400,401,421,422,426,427,428,429,430,431,432,433,434,435,617,698,699,700,701,702,703,728,821,1153,1154,1523,1524,
741;0;9383;9443;1;32,44,51,52,54,79,81,83,84,85,86,87,88,89,90,91,92,126,134,135,138,165,186,254,262,317,327,335,336,337,339,341,342,343,344,345,346,347,385,386,387,388,389,390,391,392,393,394,395,396,397,398,399,400,401,421,422,426,427,428,429,430,431,432,433,434,435,617,698,699,700,701,702,703,728,821,1153,1154,1523,1524,
741;1;9443;9447;1;32,44,51,52,54,79,81,83,84,85,86,87,88,89,90,91,92,126,134,135,138,165,186,254,262,317,327,335,336,337,339,341,342,343,344,345,346,347,385,386,387,388,389,390,391,392,393,394,395,396,397,398,399,400,401,421,422,426,427,428,429,430,431,432,433,434,435,617,698,699,700,701,702,703,728,821,1153,1154,1523,1524,
482;0;9447;9488;0;32,44,51,52,54,79,81,83,84,85,86,87,88,89,90,91,92,126,134,135,138,165,186,254,262,317,327,335,336,337,339,341,342,343,344,345,346,347,385,386,387,388,389,390,391,392,393,394,395,396,397,398,399,400,401,421,422,426,427,428,429,430,431,432,433,434,435,617,698,699,700,701,702,703,728,821,1153,1154,1523,1524,
607;0;9488;9529;0;32,44,51,52,54,79,81,83,84,85,86,87,88,89,90,91,92,126,134,135,138,165,186,254,262,317,327,335,336,337,339,341,342,343,344,345,346,347,385,386,387,388,389,390,391,392,393,394,395,396,397,398,399,400,401,421,422,426,427,428,429,430,431,432,433,434,435,617,698,699,700,701,702,703,728,821,1153,1154,1523,1524,
376;0;9529;9638;1;32,44,51,52,54,79,81,83,84,85,86,87,88,89,90,91,92,126,134,135,138,165,186,254,262,317,327,335,336,337,339,341,342,343,344,345,346,347,385,386,387,388,389,390,391,392,393,394,395,396,397,398,399,400,401,421,422,426,427,428,429,430,431,432,433,434,435,617,698,699,700,701,702,703,728,821,1153,1154,1523,1524,
376;1;9638;9704;1;32,44,51,52,54,79,81,83,84,85,86,87,88,89,90,91,92,126,134,135,138,165,186,254,262,317,327,335,336,337,339,341,342,343,344,345,346,347,385,386,387,388,389,390,391,392,393,394,395,396,397,398,399,400,401,421,422,426,427,428,429,430,431,432,433,434,435,617,698,699,700,701,702,703,728,821,1153,1154,1523,1524,
746;0;9704;9875;1;32,44,51,52,54,79,81,83,84,85,86,87,88,89,90,91,92,126,134,135,138,165,186,254,262,317,327,335,336,337,339,341,342,343,344,345,346,347,385,386,387,388,389,390,391,392,393,394,395,396,397,398,399,400,401,421,422,426,427,428,429,430,431,432,433,434,435,617,698,699,700,701,702,703,728,821,1153,1154,1523,1524,
746;1;9875;9968;1;32,44,51,52,54,79,81,83,84,85,86,87,88,89,90,91,92,126,134,135,138,165,186,254,262,317,327,335,336,337,339,341,342,343,344,345,346,347,385,386,387,388,389,390,391,392,393,394,395,396,397,398,399,400,401,421,422,426,427,428,429,430,431,432,433,434,435,617,698,699,700,701,702,703,728,821,1153,1154,1523,1524,
35;0;9968;9972;0;32,44,51,52,54,79,81,83,84,85,86,87,88,89,90,91,92,126,134,135,138,165,186,254,262,317,327,335,336,337,339,341,342,343,344,345,346,347,385,386,387,388,389,390,391,392,393,394,395,396,397,398,399,400,401,421,422,426,427,428,429,430,431,432,433,434,435,617,698,699,700,701,702,703,728,821,1153,1154,1523,1524,
251;0;9972;9977;1;32,44,51,52,54,79,81,83,84,85,86,87,88,89,90,91,92,126,134,135,138,165,186,254,262,317,327,335,336,337,339,341,342,343,344,345,346,347,385,386,387,388,389,390,391,392,393,394,395,396,397,398,399,400,401,421,422,426,427,428,429,430,431,432,433,434,435,617,698,699,700,701,702,703,728,821,1153,1154,1523,1524,
251;1;9977;10073;1;32,44,51,52,54,79,81,83,84,85,86,87,88,89,90,91,92,126,134,135,138,165,186,254,262,317,327,335,336,337,339,341,342,343,344,345,346,347,385,386,387,388,389,390,391,392,393,394,395,396,397,398,399,400,401,421,422,426,427,428,429,430,431,432,433,434,435,617,698,699,700,701,702,703,728,821,1153,1154,1523,1524,
Machine: 2
134;0;0;103;1;0,2,8,32,48,50,54,58,65,143,147,225,249,277,388,396,567,568,569,570,571,572,573,574,575,576,577,578,579,580,581,582,583,584,585,586,587,874,899,900,901,902,903,904,905,1002,1003,1008,1009,1010,1011,1012,1013,1014,1015,1016,1017,1018,1019,1020,1021,1022,1023,1024,1025,1026,1027,1125,1137,1147,1170,1171,1172,1173,1174,1175,1176,1177,1178,1508,
134;1;103;197;1;0,2,8,32,48,50,54,58,65,143,147,225,249,277,388,396,567,568,569,570,571,572,573,574,575,576,577,578,579,580,581,582,583,584,585,586,587,874,899,900,901,902,903,904,905,1002,1003,1008,1009,1010,1011,1012,1013,1014,1015,1016,1017,1018,1019,1020,1021,1022,1023,1024,1025,1026,1027,1125,1137,1147,1170,1171,1172,1173,1174,1175,1176,1177,1178,1508,
509;0;197;238;1;0,2,8,32,48,50,54,58,65,143,147,225,249,277,388,396,567,568,569,570,571,572,573,574,575,576,577,578,579,580,581,582,583,584,585,586,587,874,899,900,901,902,903,904,905,1002,1003,1008,1009,1010,1011,1012,1013,1014,1015,1016,1017,1018,1019,1020,1021,1022,1023,1024,1025,1026,1027,1125,1137,1147,1170,1171,1172,1173,1174,1175,1176,1177,1178,1508,
509;1;238;336;1;0,2,8,32,48,50,54,58,65,143,147,225,249,277,388,396,567,568,569,570,571,572,573,574,575,576,577,578,579,580,581,582,583,584,585,586,587,874,899,900,901,902,903,904,905,1002,1003,1008,1009,1010,1011,1012,1013,1014,1015,1016,1017,1018,1019,1020,1021,1022,1023,1024,1025,1026,1027,1125,1137,1147,1170,1171,1172,1173,1174,1175,1176,1177,1178,1508,
528;0;336;402;0;0,2,8,32,48,50,54,58,65,143,147,225,249,277,388,396,567,568,569,570,571,572,573,574,575,576,577,578,579,580,581,582,583,584,585,586,587,874,899,900,901,902,903,904,905,1002,1003,1008,1009,1010,1011,1012,1013,1014,1015,1016,1017,1018,1019,1020,1021,1022,1023,1024,1025,1026,1027,1125,1137,1147,1170,1171,1172,1173,1174,1175,1176,1177,1178,1508,
528;1;402;424;0;0,2,8,32,48,50,54,58,65,143,147,225,249,277,388,396,567,568,569,570,571,572,573,574,575,576,577,578,579,580,581,582,583,584,585,586,587,874,899,900,901,902,903,904,905,1002,1003,1008,1009,1010,1011,1012,1013,1014,1015,1016,1017,1018,1019,1020,1021,1022,1023,1024,1025,1026,1027,1125,1137,1147,1170,1171,1172,1173,1174,1175,1176,1177,1178,1508,
744;0;424;458;1;0,2,8,32,48,50,54,58,65,143,147,225,249,277,388,396,567,568,569,570,571,572,573,574,575,576,577,578,579,580,581,582,583,584,585,586,587,874,899,900,901,902,903,904,905,1002,1003,1008,1009,1010,1011,1012,1013,1014,1015,1016,1017,1018,1019,1020,1021,1022,1023,1024,1025,1026,1027,1125,1137,1147,1170,1171,1172,1173,1174,1175,1176,1177,1178,1508,
744;1;458;545;1;0,2,8,32,48,50,54,58,65,143,147,225,249,277,388,396,567,568,569,570,571,572,573,574,575,576,577,578,579,580,581,582,583,584,585,586,587,874,899,900,901,902,903,904,905,1002,1003,1008,1009,1010,1011,1012,1013,1014,1015,1016,1017,1018,1019,1020,1021,1022,1023,1024,1025,1026,1027,1125,1137,1147,1170,1171,1172,1173,1174,1175,1176,1177,1178,1508,
151;0;545;650;1;0,2,8,32,48,50,54,58,65,143,147,225,249,277,388,396,567,568,569,570,571,572,573,574,575,576,577,578,579,580,581,582,583,584,585,586,587,874,899,900,901,902,903,904,905,1002,1003,1008,1009,1010,1011,1012,1013,1014,1015,1016,1017,1018,1019,1020,1021,1022,1023,1024,1025,1026,1027,1125,1137,1147,1170,1171,1172,1173,1174,1175,1176,1177,1178,1508,
151;1;650;702;1;0,2,8,32,48,50,54,58,65,143,147,225,249,277,388,396,567,568,569,570,571,572,573,574,575,576,577,578,579,580,581,582,583,584,585,586,587,874,899,900,901,902,903,904,905,1002,1003,1008,1009,1010,1011,1012,1013,1014,1015,1016,1017,1018,1019,1020,1021,1022,1023,1024,1025,1026,1027,1125,1137,1147,1170,1171,1172,1173,1174,1175,1176,1177,1178,1508,
101;0;702;743;1;0,2,3,4,32,48,50,54,64,65,66,67,68,69,105,125,127,129,133,143,147,156,187,225,249,252,270,272,276,277,320,327,366,385,388,396,414,415,416,417,418,419,421,449,505,601,621,622,722,796,827,828,874,899,900,901,902,903,904,905,1027,1125,1137,1155,1156,1157,1158,1159,1203,1442,1443,1444,1445,1446,1447,1448,1449,1450,1451,1452,
101;1;743;765;1;0,2,3,4,32,48,50,54,64,65,66,67,68,69,105,125,127,129,133,143,147,156,187,225,249,252,270,272,276,277,320,327,366,385,388,396,414,415,416,417,418,419,421,449,505,601,621,622,722,796,827,828,874,899,900,901,902,903,904,905,1027,1125,1137,1155,1156,1157,1158,1159,1203,1442,1443,1444,1445,1446,1447,1448,1449,1450,1451,1452,
229;0;765;831;1;0,2,3,4,32,48,50,54,64,65,66,67,68,69,105,125,127,129,133,143,147,156,187,225,249,252,270,272,276,277,320,327,366,385,388,396,414,415,416,417,418,419,421,449,505,601,621,622,722,796,827,828,874,899,900,901,902,903,904,905,1027,1125,1137,1155,1156,1157,1158,1159,1203,1442,1443,1444,1445,1446,1447,1448,1449,1450,1451,1452,
229;1;831;986;1;0,2,3,4,32,48,50,54,64,65,66,67,68,69,105,125,127,129,133,143,147,156,187,225,249,252,270,272,276,277,320,327,366,385,388,396,414,415,416,417,418,419,421,449,505,601,621,622,722,796,827,828,874,899,900,901,902,903,904,905,1027,1125,1137,1155,1156,1157,1158,1159,1203,1442,1443,1444,1445,1446,1447,1448,1449,1450,1451,1452,
500;0;986;1028;0;0,2,3,4,32,48,50,54,64,65,66,67,68,69,105,125,127,129,133,143,147,156,187,225,249,252,270,272,276,277,320,327,366,385,388,396,414,415,416,417,418,419,421,449,505,601,621,622,722,796,827,828,874,899,900,901,902,903,904,905,1027,1125,1137,1155,1156,1157,1158,1159,1203,1442,1443,1444,1445,1446,1447,1448,1449,1450,1451,1452,
733;0;1028;1095;0;0,2,3,4,32,48,50,54,64,65,66,67,68,69,105,125,127,129,133,143,147,156,187,225,249,252,270,272,276,277,320,327,366,385,388,396,414,415,416,417,418,419,421,449,505,601,621,622,722,796,827,828,874,899,900,901,902,903,904,905,1027,1125,1137,1155,1156,1157,1158,1159,1203,1442,1443,1444,1445,1446,1447,1448,1449,1450,1451,1452,
733;1;1095;1199;0;0,2,3,4,32,48,50,54,64,65,66,67,68,69,105,125,127,129,133,143,147,156,187,225,249,252,270,272,276,277,320,327,366,385,388,396,414,415,416,417,418,419,421,449,505,601,621,622,722,796,827,828,874,899,900,901,902,903,904,905,1027,1125,1137,1155,1156,1157,1158,1159,1203,1442,1443,1444,1445,1446,1447,1448,1449,1450,1451,1452,
714;0;1199;1338;1;0,2,3,4,32,48,50,54,64,65,66,67,68,69,105,125,127,129,133,143,147,156,187,225,249,252,270,272,276,277,320,327,366,385,388,396,414,415,416,417,418,419,421,449,505,601,621,622,722,796,827,828,874,899,900,901,902,903,904,905,1027,1125,1137,1155,1156,1157,1158,1159,1203,1442,1443,1444,1445,1446,1447,1448,1449,1450,1451,1452,
714;1;1338;1426;1;0,2,3,4,32,48,50,54,64,65,66,67,68,69,105,125,127,129,133,143,147,156,187,225,249,252,270,272,276,277,320,327,366,385,388,396,414,415,416,417,418,419,421,449,505,601,621,622,722,796,827,828,874,899,900,901,902,903,904,905,1027,1125,1137,1155,1156,1157,1158,1159,1203,1442,1443,1444,1445,1446,1447,1448,1449,1450,1451,1452,
459;0;1426;1596;1;0,2,3,4,32,48,50,54,64,65,66,67,68,69,105,125,127,129,133,143,147,156,187,225,249,252,270,272,276,277,320,327,366,385,388,396,414,415,416,417,418,419,421,449,505,601,621,622,722,796,827,828,874,899,900,901,902,903,904,905,1027,1125,1137,1155,1156,1157,1158,1159,1203,1442,1443,1444,1445,1446,1447,1448,1449,1450,1451,1452,
459;1;1596;1745;1;0,2,3,4,32,48,50,54,64,65,66,67,68,69,105,125,127,129,133,143,147,156,187,225,249,252,270,272,276,277,320,327,366,385,388,396,414,415,416,417,418,419,421,449,505,601,621,622,722,796,827,828,874,899,900,901,902,903,904,905,1027,1125,1137,1155,1156,1157,1158,1159,1203,1442,1443,1444,1445,1446,1447,1448,1449,1450,1451,1452,
356;0;1745;1843;1;0,2,3,4,32,48,50,54,64,65,66,67,68,69,105,125,127,129,133,143,147,156,187,225,249,252,270,272,276,277,320,327,366,385,388,396,414,415,416,417,418,419,421,449,505,601,621,622,722,796,827,828,874,899,900,901,902,903,904,905,1027,1125,1137,1155,1156,1157,1158,1159,1203,1442,1443,1444,1445,1446,1447,1448,1449,1450,1451,1452,
356;1;1843;1931;1;0,2,3,4,32,48,50,54,64,65,66,67,68,69,105,125,127,129,133,143,147,156,187,225,249,252,270,272,276,277,320,327,366,385,388,396,414,415,416,417,418,419,421,449,505,601,621,622,722,796,827,828,874,899,900,901,902,903,904,905,1027,1125,1137,1155,1156,1157,1158,1159,1203,1442,1443,1444,1445,1446,1447,1448,1449,1450,1451,1452,
466;0;1931;1980;1;0,2,3,4,32,48,50,54,64,65,66,67,68,69,105,125,127,129,133,143,147,156,187,225,249,252,270,272,276,277,320,327,366,385,388,396,414,415,416,417,418,419,421,449,505,601,621,622,722,796,827,828,874,899,900,901,902,903,904,905,1027,1125,1137,1155,1156,1157,1158,1159,1203,1442,1443,1444,1445,1446,1447,1448,1449,1450,1451,1452,
466;1;1980;2135;1;0,2,3,4,32,48,50,54,64,65,66,67,68,69,105,125,127,129,133,143,147,156,187,225,249,252,270,272,276,277,320,327,366,385,388,396,414,415,416,417,418,419,421,449,505,601,621,622,722,796,827,828,874,899,900,901,902,903,904,905,1027,1125,1137,1155,1156,1157,1158,1159,1203,1442,1443,1444,1445,1446,1447,1448,1449,1450,1451,1452,
174;0;2135;2163;1;25,32,34,48,64,65,66,67,68,69,70,72,105,147,150,151,197,224,225,227,229,233,235,261,436,438,439,442,478,527,537,538,543,545,636,753,754,755,756,757,758,759,760,829,864,865,866,867,868,869,870,871,872,873,960,961,993,994,995,996,997,998,999,1000,1001,1123,1124,1125,1306,1307,1308,1309,1310,1311,1312,1313,1314,1315,1316,1317,
174;1;2163;2311;1;25,32,34,48,64,65,66,67,68,69,70,72,105,147,150,151,197,224,225,227,229,233,235,261,436,438,439,442,478,527,537,538,543,545,636,753,754,755,756,757,758,759,760,829,864,865,866,867,868,869,870,871,872,873,960,961,993,994,995,996,997,998,999,1000,1001,1123,1124,1125,1306,1307,1308,1309,1310,1311,1312,1313,1314,1315,1316,1317,
79;0;2311;2429;1;25,32,34,48,64,65,66,67,68,69,70,72,105,147,150,151,197,224,225,227,229,233,235,261,436,438,439,442,478,527,537,538,543,545,636,753,754,755,756,757,758,759,760,829,864,865,866,867,868,869,870,871,872,873,960,961,993,994,995,996,997,998,999,1000,1001,1123,1124,1125,1306,1307,1308,1309,1310,1311,1312,1313,1314,1315,1316,1317,
79;1;2429;2450;1;25,32,34,48,64,65,66,67,68,69,70,72,105,147,150,151,197,224,225,227,229,233,235,261,436,438,439,442,478,527,537,538,543,545,636,753,754,755,756,757,758,759,760,829,864,865,866,867,868,869,870,871,872,873,960,961,993,994,995,996,997,998,999,1000,1001,1123,1124,1125,1306,1307,1308,1309,1310,1311,1312,1313,1314,1315,1316,1317,
379;0;2450;2517;1;25,32,34,48,64,65,66,67,68,69,70,72,105,147,150,151,197,224,225,227,229,233,235,261,436,438,439,442,478,527,537,538,543,545,636,753,754,755,756,757,758,759,760,829,864,865,866,867,868,869,870,871,872,873,960,961,993,994,995,996,997,998,999,1000,1001,1123,1124,1125,1306,1307,1308,1309,1310,1311,1312,1313,1314,1315,1316,1317,
379;1;2517;2654;1;25,32,34,48,64,65,66,67,68,69,70,72,105,147,150,151,197,224,225,227,229,233,235,261,436,438,439,442,478,527,537,538,543,545,636,753,754,755,756,757,758,759,760,829,864,865,866,867,868,869,870,871,872,873,960,961,993,994,995,996,997,998,999,1000,1001,1123,1124,1125,1306,1307,1308,1309,1310,1311,1312,1313,1314,1315,1316,1317,
654;0;2654;2817;1;25,32,34,48,64,65,66,67,68,69,70,72,105,147,150,151,197,224,225,227,229,233,235,261,436,438,439,442,478,527,537,538,543,545,636,753,754,755,756,757,758,759,760,829,864,865,866,867,868,869,870,871,872,873,960,961,993,994,995,996,997,998,999,1000,1001,1123,1124,1125,1306,1307,1308,1309,1310,1311,1312,1313,1314,1315,1316,1317,
654;1;2817;2869;1;25,32,34,48,64,65,66,67,68,69,70,72,105,147,150,151,197,224,225,227,229,233,235,261,436,438,439,442,478,527,537,538,543,545,636,753,754,755,756,757,758,759,760,829,864,865,866,867,868,869,870,871,872,873,960,961,993,994,995,996,997,998,999,1000,1001,1123,1124,1125,1306,1307,1308,1309,1310,1311,1312,1313,1314,1315,1316,1317,
126;0;2869;3021;1;25,32,34,48,64,65,66,67,68,69,70,72,105,147,150,151,197,224,225,227,229,233,235,261,436,438,439,442,478,527,537,538,543,545,636,753,754,755,756,757,758,759,760,829,864,865,866,867,868,869,870,871,872,873,960,961,993,994,995,996,997,998,999,1000,1001,1123,1124,1125,1306,1307,1308,1309,1310,1311,1312,1313,1314,1315,1316,1317,
126;1;3021;3055;1;25,32,34,48,64,65,66,67,68,69,70,72,105,147,150,151,197,224,225,227,229,233,235,261,436,438,439,442,478,527,537,538,543,545,636,753,754,755,756,757,758,759,760,829,864,865,866,867,868,869,870,871,872,873,960,961,993,994,995,996,997,998,999,1000,1001,1123,1124,1125,1306,1307,1308,1309,1310,1311,1312,1313,1314,1315,1316,1317,
189;0;3055;3152;1;25,32,34,48,64,65,66,67,68,69,70,72,105,147,150,151,197,224,225,227,229,233,235,261,436,438,439,442,478,527,537,538,543,545,636,753,754,755,756,757,758,759,760,829,864,865,866,867,868,869,870,871,872,873,960,961,993,994,995,996,997,998,999,1000,1001,1123,1124,1125,1306,1307,1308,1309,1310,1311,1312,1313,1314,1315,1316,1317,
189;1;3152;3173;1;25,32,34,48,64,65,66,67,68,69,70,72,105,147,150,151,197,224,225,227,229,233,235,261,436,438,439,442,478,527,537,538,543,545,636,753,754,755,756,757,758,759,760,829,864,865,866,867,868,869,870,871,872,873,960,961,993,994,995,996,997,998,999,1000,1001,1123,1124,1125,1306,1307,1308,1309,1310,1311,1312,1313,1314,1315,1316,1317,
271;0;3173;3346;1;25,32,34,48,64,65,66,67,68,69,70,72,105,147,150,151,197,224,225,227,229,233,235,261,436,438,439,442,478,527,537,538,543,545,636,753,754,755,756,757,758,759,760,829,864,865,866,867,868,869,870,871,872,873,960,961,993,994,995,996,997,998,999,1000,1001,1123,1124,1125,1306,1307,1308,1309,1310,1311,1312,1313,1314,1315,1316,1317,
271;1;3346;3494;1;25,32,34,48,64,65,66,67,68,69,70,72,105,147,150,151,197,224,225,227,229,233,235,261,436,438,439,442,478,527,537,538,543,545,636,753,754,755,756,757,758,759,760,829,864,865,866,867,868,869,870,871,872,873,960,961,993,994,995,996,997,998,999,1000,1001,1123,1124,1125,1306,1307,1308,1309,1310,1311,1312,1313,1314,1315,1316,1317,
186;0;3494;3560;1;25,32,34,48,64,65,66,67,68,69,70,71,72,78,91,94,95,96,97,98,99,100,101,102,103,104,105,106,110,147,148,150,151,197,224,227,261,403,438,442,478,527,537,538,543,545,636,656,657,658,659,829,864,867,960,961,993,994,995,996,997,998,999,1000,1001,1123,1124,1125,1306,1307,1308,1309,1310,1311,1312,1313,1314,1315,1316,1317,
186;1;3560;3704;1;25,32,34,48,64,65,66,67,68,69,70,71,72,78,91,94,95,96,97,98,99,100,101,102,103,104,105,106,110,147,148,150,151,197,224,227,261,403,438,442,478,527,537,538,543,545,636,656,657,658,659,829,864,867,960,961,993,994,995,996,997,998,999,1000,1001,1123,1124,1125,1306,1307,1308,1309,1310,1311,1312,1313,1314,1315,1316,1317,
601;0;3704;3807;1;25,32,34,48,64,65,66,67,68,69,70,71,72,78,91,94,95,96,97,98,99,100,101,102,103,104,105,106,110,147,148,150,151,197,224,227,261,403,438,442,478,527,537,538,543,545,636,656,657,658,659,829,864,867,960,961,993,994,995,996,997,998,999,1000,1001,1123,1124,1125,1306,1307,1308,1309,1310,1311,1312,1313,1314,1315,1316,1317,
601;1;3807;3905;1;25,32,34,48,64,65,66,67,68,69,70,71,72,78,91,94,95,96,97,98,99,100,101,102,103,104,105,106,110,147,148,150,151,197,224,227,261,403,438,442,478,527,537,538,543,545,636,656,657,658,659,829,864,867,960,961,993,994,995,996,997,998,999,1000,1001,1123,1124,1125,1306,1307,1308,1309,1310,1311,1312,1313,1314,1315,1316,1317,
261;0;3905;4020;1;25,32,34,48,64,65,66,67,68,69,70,71,72,78,91,94,95,96,97,98,99,100,101,102,103,104,105,106,110,147,148,150,151,197,224,227,261,403,438,442,478,527,537,538,543,545,636,656,657,658,659,829,864,867,960,961,993,994,995,996,997,998,999,1000,1001,1123,1124,1125,1306,1307,1308,1309,1310,1311,1312,1313,1314,1315,1316,1317,
261;1;4020;4118;1;25,32,34,48,64,65,66,67,68,69,70,71,72,78,91,94,95,96,97,98,99,100,101,102,103,104,105,106,110,147,148,150,151,197,224,227,261,403,438,442,478,527,537,538,543,545,636,656,657,658,659,829,864,867,960,961,993,994,995,996,997,998,999,1000,1001,1123,1124,1125,1306,1307,1308,1309,1310,1311,1312,1313,1314,1315,1316,1317,
3;0;4118;4184;0;25,32,34,48,64,65,66,67,68,69,70,71,72,78,91,94,95,96,97,98,99,100,101,102,103,104,105,106,110,147,148,150,151,197,224,227,261,403,438,442,478,527,537,538,543,545,636,656,657,658,659,829,864,867,960,961,993,994,995,996,997,998,999,1000,1001,1123,1124,1125,1306,1307,1308,1309,1310,1311,1312,1313,1314,1315,1316,1317,
3;1;4184;4226;0;25,32,34,48,64,65,66,67,68,69,70,71,72,78,91,94,95,96,97,98,99,100,101,102,103,104,105,106,110,147,148,150,151,197,224,227,261,403,438,442,478,527,537,538,543,545,636,656,657,658,659,829,864,867,960,961,993,994,995,996,997,998,999,1000,1001,1123,1124,1125,1306,1307,1308,1309,1310,1311,1312,1313,1314,1315,1316,1317,
448;0;4226;4235;0;25,32,34,48,64,65,66,67,68,69,70,71,72,78,91,94,95,96,97,98,99,100,101,102,103,104,105,106,110,147,148,150,151,197,224,227,261,403,438,442,478,527,537,538,543,545,636,656,657,658,659,829,864,867,960,961,993,994,995,996,997,998,999,1000,1001,1123,1124,1125,1306,1307,1308,1309,1310,1311,1312,1313,1314,1315,1316,1317,
448;1;4235;4287;0;25,32,34,48,64,65,66,67,68,69,70,71,72,78,91,94,95,96,97,98,99,100,101,102,103,104,105,106,110,147,148,150,151,197,224,227,261,403,438,442,478,527,537,538,543,545,636,656,657,658,659,829,864,867,960,961,993,994,995,996,997,998,999,1000,1001,1123,1124,1125,1306,1307,1308,1309,1310,1311,1312,1313,1314,1315,1316,1317,
180;0;4287;4321;0;25,32,34,48,64,65,66,67,68,69,70,71,72,78,91,94,95,96,97,98,99,100,101,102,103,104,105,106,110,147,148,150,151,197,224,227,261,403,438,442,478,527,537,538,543,545,636,656,657,658,659,829,864,867,960,961,993,994,995,996,997,998,999,1000,1001,1123,1124,1125,1306,1307,1308,1309,1310,1311,1312,1313,1314,1315,1316,1317,
414;0;4321;4419;1;25,32,34,48,64,65,66,67,68,69,70,71,72,78,91,94,95,96,97,98,99,100,101,102,103,104,105,106,110,147,148,150,151,197,224,227,261,403,438,442,478,527,537,538,543,545,636,656,657,658,659,829,864,867,960,961,993,994,995,996,997,998,999,1000,1001,1123,1124,1125,1306,1307,1308,1309,1310,1311,1312,1313,1314,1315,1316,1317,
414;1;4419;4567;1;25,32,34,48,64,65,66,67,68,69,70,71,72,78,91,94,95,96,97,98,99,100,101,102,103,104,105,106,110,147,148,150,151,197,224,227,261,403,438,442,478,527,537,538,543,545,636,656,657,658,659,829,864,867,960,961,993,994,995,996,997,998,999,1000,1001,1123,1124,1125,1306,1307,1308,1309,1310,1311,1312,1313,1314,1315,1316,1317,
633;0;4567;4603;0;25,32,34,48,64,65,66,67,68,69,70,71,72,78,91,94,95,96,97,98,99,100,101,102,103,104,105,106,110,147,148,150,151,197,224,227,261,403,438,442,478,527,537,538,543,545,636,656,657,658,659,829,864,867,960,961,993,994,995,996,997,998,999,1000,1001,1123,1124,1125,1306,1307,1308,1309,1310,1311,1312,1313,1314,1315,1316,1317,
633;1;4603;4637;0;25,32,34,48,64,65,66,67,68,69,70,71,72,78,91,94,95,96,97,98,99,100,101,102,103,104,105,106,110,147,148,150,151,197,224,227,261,403,438,442,478,527,537,538,543,545,636,656,657,658,659,829,864,867,960,961,993,994,995,996,997,998,999,1000,1001,1123,1124,1125,1306,1307,1308,1309,1310,1311,1312,1313,1314,1315,1316,1317,
749;0;4637;4794;1;25,32,34,48,64,65,66,67,68,69,70,71,72,78,91,94,95,96,97,98,99,100,101,102,103,104,105,106,110,147,148,150,151,197,224,227,261,403,438,442,478,527,537,538,543,545,636,656,657,658,659,829,864,867,960,961,993,994,995,996,997,998,999,1000,1001,1123,1124,1125,1306,1307,1308,1309,1310,1311,1312,1313,1314,1315,1316,1317,
749;1;4794;4892;1;25,32,34,48,64,65,66,67,68,69,70,71,72,78,91,94,95,96,97,98,99,100,101,102,103,104,105,106,110,147,148,150,151,197,224,227,261,403,438,442,478,527,537,538,543,545,636,656,657,658,659,829,864,867,960,961,993,994,995,996,997,998,999,1000,1001,1123,1124,1125,1306,1307,1308,1309,1310,1311,1312,1313,1314,1315,1316,1317,
294;0;4892;5042;1;25,32,48,70,71,72,94,95,96,97,98,99,100,101,102,103,104,105,106,107,108,109,110,111,138,147,148,150,151,186,197,217,224,227,261,293,316,337,371,403,406,428,438,442,478,537,538,543,545,636,829,858,864,867,936,937,938,939,940,941,942,984,1006,1007,1119,1120,1121,1122,1306,1307,1308,1309,1310,1311,1312,1313,1314,1315,1316,1317,
294;1;5042;5094;1;25,32,48,70,71,72,94,95,96,97,98,99,100,101,102,103,104,105,106,107,108,109,110,111,138,147,148,150,151,186,197,217,224,227,261,293,316,337,371,403,406,428,438,442,478,537,538,543,545,636,829,858,864,867,936,937,938,939,940,941,942,984,1006,1007,1119,1120,1121,1122,1306,1307,1308,1309,1310,1311,1312,1313,1314,1315,1316,1317,
7;0;5094;5125;0;25,32,48,70,71,72,94,95,96,97,98,99,100,101,102,103,104,105,106,107,108,109,110,111,138,147,148,150,151,186,197,217,224,227,261,293,316,337,371,403,406,428,438,442,478,537,538,543,545,636,829,858,864,867,936,937,938,939,940,941,942,984,1006,1007,1119,1120,1121,1122,1306,1307,1308,1309,1310,1311,1312,1313,1314,1315,1316,1317,
211;0;5125;5187;1;25,32,48,70,71,72,94,95,96,97,98,99,100,101,102,103,104,105,106,107,108,109,110,111,138,147,148,150,151,186,197,217,224,227,261,293,316,337,371,403,406,428,438,442,478,537,538,543,545,636,829,858,864,867,936,937,938,939,940,941,942,984,1006,1007,1119,1120,1121,1122,1306,1307,1308,1309,1310,1311,1312,1313,1314,1315,1316,1317,
211;1;5187;5264;1;25,32,48,70,71,72,94,95,96,97,98,99,100,101,102,103,104,105,106,107,108,109,110,111,138,147,148,150,151,186,197,217,224,227,261,293,316,337,371,403,406,428,438,442,478,537,538,543,545,636,829,858,864,867,936,937,938,939,940,941,942,984,1006,1007,1119,1120,1121,1122,1306,1307,1308,1309,1310,1311,1312,1313,1314,1315,1316,1317,
169;0;5264;5274;1;25,32,48,70,71,72,94,95,96,97,98,99,100,101,102,103,104,105,106,107,108,109,110,111,138,147,148,150,151,186,197,217,224,227,261,293,316,337,371,403,406,428,438,442,478,537,538,543,545,636,829,858,864,867,936,937,938,939,940,941,942,984,1006,1007,1119,1120,1121,1122,1306,1307,1308,1309,1310,1311,1312,1313,1314,1315,1316,1317,
169;1;5274;5413;1;25,32,48,70,71,72,94,95,96,97,98,99,100,101,102,103,104,105,106,107,108,109,110,111,138,147,148,150,151,186,197,217,224,227,261,293,316,337,371,403,406,428,438,442,478,537,538,543,545,636,829,858,864,867,936,937,938,939,940,941,942,984,1006,1007,1119,1120,1121,1122,1306,1307,1308,1309,1310,1311,1312,1313,1314,1315,1316,1317,
129;0;5413;5454;1;25,32,48,70,71,72,94,95,96,97,98,99,100,101,102,103,104,105,106,107,108,109,110,111,138,147,148,150,151,186,197,217,224,227,261,293,316,337,371,403,406,428,438,442,478,537,538,543,545,636,829,858,864,867,936,937,938,939,940,941,942,984,1006,1007,1119,1120,1121,1122,1306,1307,1308,1309,1310,1311,1312,1313,1314,1315,1316,1317,
129;1;5454;5630;1;25,32,48,70,71,72,94,95,96,97,98,99,100,101,102,103,104,105,106,107,108,109,110,111,138,147,148,150,151,186,197,217,224,227,261,293,316,337,371,403,406,428,438,442,478,537,538,543,545,636,829,858,864,867,936,937,938,939,940,941,942,984,1006,1007,1119,1120,1121,1122,1306,1307,1308,1309,1310,1311,1312,1313,1314,1315,1316,1317,
171;0;5630;5792;1;25,32,48,70,71,72,94,95,96,97,98,99,100,101,102,103,104,105,106,107,108,109,110,111,138,147,148,150,151,186,197,217,224,227,261,293,316,337,371,403,406,428,438,442,478,537,538,543,545,636,829,858,864,867,936,937,938,939,940,941,942,984,1006,1007,1119,1120,1121,1122,1306,1307,1308,1309,1310,1311,1312,1313,1314,1315,1316,1317,
171;1;5792;5968;1;25,32,48,70,71,72,94,95,96,97,98,99,100,101,102,103,104,105,106,107,108,109,110,111,138,147,148,150,151,186,197,217,224,227,261,293,316,337,371,403,406,428,438,442,478,537,538,543,545,636,829,858,864,867,936,937,938,939,940,941,942,984,1006,1007,1119,1120,1121,1122,1306,1307,1308,1309,1310,1311,1312,1313,1314,1315,1316,1317,
543;0;5968;6002;0;25,32,48,70,71,72,94,95,96,97,98,99,100,101,102,103,104,105,106,107,108,109,110,111,138,147,148,150,151,186,197,217,224,227,261,293,316,337,371,403,406,428,438,442,478,537,538,543,545,636,829,858,864,867,936,937,938,939,940,941,942,984,1006,1007,1119,1120,1121,1122,1306,1307,1308,1309,1310,1311,1312,1313,1314,1315,1316,1317,
543;1;6002;6141;0;25,32,48,70,71,72,94,95,96,97,98,99,100,101,102,103,104,105,106,107,108,109,110,111,138,147,148,150,151,186,197,217,224,227,261,293,316,337,371,403,406,428,438,442,478,537,538,543,545,636,829,858,864,867,936,937,938,939,940,941,942,984,1006,1007,1119,1120,1121,1122,1306,1307,1308,1309,1310,1311,1312,1313,1314,1315,1316,1317,
729;0;6141;6298;1;25,32,48,70,71,72,94,95,96,97,98,99,100,101,102,103,104,105,106,107,108,109,110,111,138,147,148,150,151,186,197,217,224,227,261,293,316,337,371,403,406,428,438,442,478,537,538,543,545,636,829,858,864,867,936,937,938,939,940,941,942,984,1006,1007,1119,1120,1121,1122,1306,1307,1308,1309,1310,1311,1312,1313,1314,1315,1316,1317,
729;1;6298;6474;1;25,32,48,70,71,72,94,95,96,97,98,99,100,101,102,103,104,105,106,107,108,109,110,111,138,147,148,150,151,186,197,217,224,227,261,293,316,337,371,403,406,428,438,442,478,537,538,543,545,636,829,858,864,867,936,937,938,939,940,941,942,984,1006,1007,1119,1120,1121,1122,1306,1307,1308,1309,1310,1311,1312,1313,1314,1315,1316,1317,
496;0;6474;6552;1;25,32,70,71,72,94,95,96,97,98,99,100,101,102,103,104,105,106,110,138,147,148,150,151,153,185,186,197,217,224,261,293,297,316,337,358,368,371,393,403,406,428,443,446,478,497,537,538,543,545,606,607,608,609,610,611,612,613,614,615,616,636,829,858,936,937,938,939,940,941,942,1119,1120,1121,1122,1301,1302,1303,1304,1305,
496;1;6552;6721;1;25,32,70,71,72,94,95,96,97,98,99,100,101,102,103,104,105,106,110,138,147,148,150,151,153,185,186,197,217,224,261,293,297,316,337,358,368,371,393,403,406,428,443,446,478,497,537,538,543,545,606,607,608,609,610,611,612,613,614,615,616,636,829,858,936,937,938,939,940,941,942,1119,1120,1121,1122,1301,1302,1303,1304,1305,
469;0;6721;6782;1;25,32,70,71,72,94,95,96,97,98,99,100,101,102,103,104,105,106,110,138,147,148,150,151,153,185,186,197,217,224,261,293,297,316,337,358,368,371,393,403,406,428,443,446,478,497,537,538,543,545,606,607,608,609,610,611,612,613,614,615,616,636,829,858,936,937,938,939,940,941,942,1119,1120,1121,1122,1301,1302,1303,1304,1305,
469;1;6782;6926;1;25,32,70,71,72,94,95,96,97,98,99,100,101,102,103,104,105,106,110,138,147,148,150,151,153,185,186,197,217,224,261,293,297,316,337,358,368,371,393,403,406,428,443,446,478,497,537,538,543,545,606,607,608,609,610,611,612,613,614,615,616,636,829,858,936,937,938,939,940,941,942,1119,1120,1121,1122,1301,1302,1303,1304,1305,
621;0;6926;6968;1;25,32,70,71,72,94,95,96,97,98,99,100,101,102,103,104,105,106,110,138,147,148,150,151,153,185,186,197,217,224,261,293,297,316,337,358,368,371,393,403,406,428,443,446,478,497,537,538,543,545,606,607,608,609,610,611,612,613,614,615,616,636,829,858,936,937,938,939,940,941,942,1119,1120,1121,1122,1301,1302,1303,1304,1305,
621;1;6968;7044;1;25,32,70,71,72,94,95,96,97,98,99,100,101,102,103,104,105,106,110,138,147,148,150,151,153,185,186,197,217,224,261,293,297,316,337,358,368,371,393,403,406,428,443,446,478,497,537,538,543,545,606,607,608,609,610,611,612,613,614,615,616,636,829,858,936,937,938,939,940,941,942,1119,1120,1121,1122,1301,1302,1303,1304,1305,
613;0;7044;7105;0;25,32,70,71,72,94,95,96,97,98,99,100,101,102,103,104,105,106,110,138,147,148,150,151,153,185,186,197,217,224,261,293,297,316,337,358,368,371,393,403,406,428,443,446,478,497,537,538,543,545,606,607,608,609,610,611,612,613,614,615,616,636,829,858,936,937,938,939,940,941,942,1119,1120,1121,1122,1301,1302,1303,1304,1305,
613;1;7105;7181;0;25,32,70,71,72,94,95,96,97,98,99,100,101,102,103,104,105,106,110,138,147,148,150,151,153,185,186,197,217,224,261,293,297,316,337,358,368,371,393,403,406,428,443,446,478,497,537,538,543,545,606,607,608,609,610,611,612,613,614,615,616,636,829,858,936,937,938,939,940,941,942,1119,1120,1121,1122,1301,1302,1303,1304,1305,
196;0;7181;7357;1;25,32,70,71,72,94,95,96,97,98,99,100,101,102,103,104,105,106,110,138,147,148,150,151,153,185,186,197,217,224,261,293,297,316,337,358,368,371,393,403,406,428,443,446,478,497,537,538,543,545,606,607,608,609,610,611,612,613,614,615,616,636,829,858,936,937,938,939,940,941,942,1119,1120,1121,1122,1301,1302,1303,1304,1305,
196;1;7357;7494;1;25,32,70,71,72,94,95,96,97,98,99,100,101,102,103,104,105,106,110,138,147,148,150,151,153,185,186,197,217,224,261,293,297,316,337,358,368,371,393,403,406,428,443,446,478,497,537,538,543,545,606,607,608,609,610,611,612,613,614,615,616,636,829,858,936,937,938,939,940,941,942,1119,1120,1121,1122,1301,1302,1303,1304,1305,
456;0;7494;7669;1;25,32,70,71,72,94,95,96,97,98,99,100,101,105,138,155,186,197,224,261,293,316,337,371,377,428,478,497,517,529,537,538,543,545,606,607,608,609,610,611,612,613,614,615,616,636,829,858,919,1066,1108,1119,1120,1121,1122,1234,1235,1236,1237,1238,1239,1240,1241,1242,1243,1244,1245,1246,1247,1248,1249,1250,1251,1252,1253,1254,1255,1256,1257,1258,
456;1;7669;7730;1;25,32,70,71,72,94,95,96,97,98,99,100,101,105,138,155,186,197,224,261,293,316,337,371,377,428,478,497,517,529,537,538,543,545,606,607,608,609,610,611,612,613,614,615,616,636,829,858,919,1066,1108,1119,1120,1121,1122,1234,1235,1236,1237,1238,1239,1240,1241,1242,1243,1244,1245,1246,1247,1248,1249,1250,1251,1252,1253,1254,1255,1256,1257,1258,
589;0;7730;7760;1;25,32,70,71,72,94,95,96,97,98,99,100,101,105,138,155,186,197,224,261,293,316,337,371,377,428,478,497,517,529,537,538,543,545,606,607,608,609,610,611,612,613,614,615,616,636,829,858,919,1066,1108,1119,1120,1121,1122,1234,1235,1236,1237,1238,1239,1240,1241,1242,1243,1244,1245,1246,1247,1248,1249,1250,1251,1252,1253,1254,1255,1256,1257,1258,
589;1;7760;7899;1;25,32,70,71,72,94,95,96,97,98,99,100,101,105,138,155,186,197,224,261,293,316,337,371,377,428,478,497,517,529,537,538,543,545,606,607,608,609,610,611,612,613,614,615,616,636,829,858,919,1066,1108,1119,1120,1121,1122,1234,1235,1236,1237,1238,1239,1240,1241,1242,1243,1244,1245,1246,1247,1248,1249,1250,1251,1252,1253,1254,1255,1256,1257,1258,
464;0;7899;8025;1;25,32,70,71,72,94,95,105,128,135,138,186,197,224,252,253,254,255,256,257,258,259,260,261,262,263,264,265,266,267,268,269,293,316,320,337,345,346,347,371,377,404,428,478,496,497,537,538,539,542,543,545,636,748,749,750,751,752,829,830,831,832,833,834,835,836,837,838,839,840,841,842,843,844,858,1066,1119,1120,1121,1122,
464;1;8025;8156;1;25,32,70,71,72,94,95,105,128,135,138,186,197,224,252,253,254,255,256,257,258,259,260,261,262,263,264,265,266,267,268,269,293,316,320,337,345,346,347,371,377,404,428,478,496,497,537,538,539,542,543,545,636,748,749,750,751,752,829,830,831,832,833,834,835,836,837,838,839,840,841,842,843,844,858,1066,1119,1120,1121,1122,
439;0;8156;8239;1;25,32,70,71,72,94,95,105,128,135,138,186,197,224,252,253,254,255,256,257,258,259,260,261,262,263,264,265,266,267,268,269,293,316,320,337,345,346,347,371,377,404,428,478,496,497,537,538,539,542,543,545,636,748,749,750,751,752,829,830,831,832,833,834,835,836,837,838,839,840,841,842,843,844,858,1066,1119,1120,1121,1122,
439;1;8239;8378;1;25,32,70,71,72,94,95,105,128,135,138,186,197,224,252,253,254,255,256,257,258,259,260,261,262,263,264,265,266,267,268,269,293,316,320,337,345,346,347,371,377,404,428,478,496,497,537,538,539,542,543,545,636,748,749,750,751,752,829,830,831,832,833,834,835,836,837,838,839,840,841,842,843,844,858,1066,1119,1120,1121,1122,
219;0;8378;8530;1;25,32,70,71,72,94,95,105,128,135,138,186,197,224,252,253,254,255,256,257,258,259,260,261,262,263,264,265,266,267,268,269,293,316,320,337,345,346,347,371,377,404,428,478,496,497,537,538,539,542,543,545,636,748,749,750,751,752,829,830,831,832,833,834,835,836,837,838,839,840,841,842,843,844,858,1066,1119,1120,1121,1122,
219;1;8530;8661;1;25,32,70,71,72,94,95,105,128,135,138,186,197,224,252,253,254,255,256,257,258,259,260,261,262,263,264,265,266,267,268,269,293,316,320,337,345,346,347,371,377,404,428,478,496,497,537,538,539,542,543,545,636,748,749,750,751,752,829,830,831,832,833,834,835,836,837,838,839,840,841,842,843,844,858,1066,1119,1120,1121,1122,
29;0;8661;8841;1;25,32,70,71,72,94,95,105,128,135,138,186,197,224,252,253,254,255,256,257,258,259,260,261,262,263,264,265,266,267,268,269,293,316,320,337,345,346,347,371,377,404,428,478,496,497,537,538,539,542,543,545,636,748,749,750,751,752,829,830,831,832,833,834,835,836,837,838,839,840,841,842,843,844,858,1066,1119,1120,1121,1122,
29;1;8841;8885;1;25,32,70,71,72,94,95,105,128,135,138,186,197,224,252,253,254,255,256,257,258,259,260,261,262,263,264,265,266,267,268,269,293,316,320,337,345,346,347,371,377,404,428,478,496,497,537,538,539,542,543,545,636,748,749,750,751,752,829,830,831,832,833,834,835,836,837,838,839,840,841,842,843,844,858,1066,1119,1120,1121,1122,
77;0;8885;8930;0;25,32,70,71,72,94,95,105,128,135,138,186,197,224,252,253,254,255,256,257,258,259,260,261,262,263,264,265,266,267,268,269,293,316,320,337,345,346,347,371,377,404,428,478,496,497,537,538,539,542,543,545,636,748,749,750,751,752,829,830,831,832,833,834,835,836,837,838,839,840,841,842,843,844,858,1066,1119,1120,1121,1122,
16;0;8930;9081;1;25,32,70,71,72,94,95,105,128,135,138,186,197,224,252,253,254,255,256,257,258,259,260,261,262,263,264,265,266,267,268,269,293,316,320,337,345,346,347,371,377,404,428,478,496,497,537,538,539,542,543,545,636,748,749,750,751,752,829,830,831,832,833,834,835,836,837,838,839,840,841,842,843,844,858,1066,1119,1120,1121,1122,
16;1;9081;9178;1;25,32,70,71,72,94,95,105,128,135,138,186,197,224,252,253,254,255,256,257,258,259,260,261,262,263,264,265,266,267,268,269,293,316,320,337,345,346,347,371,377,404,428,478,496,497,537,538,539,542,543,545,636,748,749,750,751,752,829,830,831,832,833,834,835,836,837,838,839,840,841,842,843,844,858,1066,1119,1120,1121,1122,
199;0;9178;9344;1;32,57,72,105,156,197,198,224,225,229,252,303,320,337,345,346,347,371,372,373,374,375,376,377,448,478,496,497,533,537,538,539,540,541,542,543,544,545,546,547,548,549,550,551,552,553,554,555,556,557,558,559,560,561,562,563,564,565,636,748,749,750,751,752,829,830,831,832,833,834,835,836,837,838,839,840,841,842,843,844,
199;1;9344;9383;1;32,57,72,105,156,197,198,224,225,229,252,303,320,337,345,346,347,371,372,373,374,375,376,377,448,478,496,497,533,537,538,539,540,541,542,543,544,545,546,547,548,549,550,551,552,553,554,555,556,557,558,559,560,561,562,563,564,565,636,748,749,750,751,752,829,830,831,832,833,834,835,836,837,838,839,840,841,842,843,844,
721;0;9383;9456;1;32,57,72,105,156,197,198,224,225,229,252,303,320,337,345,346,347,371,372,373,374,375,376,377,448,478,496,497,533,537,538,539,540,541,542,543,544,545,546,547,548,549,550,551,552,553,554,555,556,557,558,559,560,561,562,563,564,565,636,748,749,750,751,752,829,830,831,832,833,834,835,836,837,838,839,840,841,842,843,844,
721;1;9456;9613;1;32,57,72,105,156,197,198,224,225,229,252,303,320,337,345,346,347,371,372,373,374,375,376,377,448,478,496,497,533,537,538,539,540,541,542,543,544,545,546,547,548,549,550,551,552,553,554,555,556,557,558,559,560,561,562,563,564,565,636,748,749,750,751,752,829,830,831,832,833,834,835,836,837,838,839,840,841,842,843,844,
289;0;9613;9627;1;32,57,72,105,156,197,198,224,225,229,252,303,320,337,345,346,347,371,372,373,374,375,376,377,448,478,496,497,533,537,538,539,540,541,542,543,544,545,546,547,548,549,550,551,552,553,554,555,556,557,558,559,560,561,562,563,564,565,636,748,749,750,751,752,829,830,831,832,833,834,835,836,837,838,839,840,841,842,843,844,
289;1;9627;9758;1;32,57,72,105,156,197,198,224,225,229,252,303,320,337,345,346,347,371,372,373,374,375,376,377,448,478,496,497,533,537,538,539,540,541,542,543,544,545,546,547,548,549,550,551,552,553,554,555,556,557,558,559,560,561,562,563,564,565,636,748,749,750,751,752,829,830,831,832,833,834,835,836,837,838,839,840,841,842,843,844,
431;0;9758;9856;1;32,57,72,105,156,197,198,224,225,229,252,303,320,337,345,346,347,371,372,373,374,375,376,377,448,478,496,497,533,537,538,539,540,541,542,543,544,545,546,547,548,549,550,551,552,553,554,555,556,557,558,559,560,561,562,563,564,565,636,748,749,750,751,752,829,830,831,832,833,834,835,836,837,838,839,840,841,842,843,844,
431;1;9856;9895;1;32,57,72,105,156,197,198,224,225,229,252,303,320,337,345,346,347,371,372,373,374,375,376,377,448,478,496,497,533,537,538,539,540,541,542,543,544,545,546,547,548,549,550,551,552,553,554,555,556,557,558,559,560,561,562,563,564,565,636,748,749,750,751,752,829,830,831,832,833,834,835,836,837,838,839,840,841,842,843,844,
445;0;9895;9934;0;32,57,72,105,156,197,198,224,225,229,252,303,320,337,345,346,347,371,372,373,374,375,376,377,448,478,496,497,533,537,538,539,540,541,542,543,544,545,546,547,548,549,550,551,552,553,554,555,556,557,558,559,560,561,562,563,564,565,636,748,749,750,751,752,829,830,831,832,833,834,835,836,837,838,839,840,841,842,843,844,
45;0;9934;9973;0;32,57,72,105,156,197,198,224,225,229,252,303,320,337,345,346,347,371,372,373,374,375,376,377,448,478,496,497,533,537,538,539,540,541,542,543,544,545,546,547,548,549,550,551,552,553,554,555,556,557,558,559,560,561,562,563,564,565,636,748,749,750,751,752,829,830,831,832,833,834,835,836,837,838,839,840,841,842,843,844,
162;0;9973;10012;0;32,57,72,105,156,197,198,224,225,229,252,303,320,337,345,346,347,371,372,373,374,375,376,377,448,478,496,497,533,537,538,539,540,541,542,543,544,545,546,547,548,549,550,551,552,553,554,555,556,557,558,559,560,561,562,563,564,565,636,748,749,750,751,752,829,830,831,832,833,834,835,836,837,838,839,840,841,842,843,844,
94;0;10012;10026;1;32,57,72,105,156,197,198,224,225,229,252,303,320,337,345,346,347,371,372,373,374,375,376,377,448,478,496,497,533,537,538,539,540,541,542,543,544,545,546,547,548,549,550,551,552,553,554,555,556,557,558,559,560,561,562,563,564,565,636,748,749,750,751,752,829,830,831,832,833,834,835,836,837,838,839,840,841,842,843,844,
94;1;10026;10071;1;32,57,72,105,156,197,198,224,225,229,252,303,320,337,345,346,347,371,372,373,374,375,376,377,448,478,496,497,533,537,538,539,540,541,542,543,544,545,546,547,548,549,550,551,552,553,554,555,556,557,558,559,560,561,562,563,564,565,636,748,749,750,751,752,829,830,831,832,833,834,835,836,837,838,839,840,841,842,843,844,
Machine: 3
89;0;0;19;1;32,43,90,122,129,131,132,135,139,140,186,252,260,299,304,316,320,327,332,345,348,358,360,364,366,371,382,383,384,408,412,434,456,519,554,617,618,619,620,621,622,623,624,625,626,627,628,629,630,631,632,633,634,635,636,637,638,639,640,641,642,643,644,645,646,647,648,649,1077,1078,1079,1080,1081,1082,1083,1084,1085,1086,1087,1409,
89;1;19;103;1;32,43,90,122,129,131,132,135,139,140,186,252,260,299,304,316,320,327,332,345,348,358,360,364,366,371,382,383,384,408,412,434,456,519,554,617,618,619,620,621,622,623,624,625,626,627,628,629,630,631,632,633,634,635,636,637,638,639,640,641,642,643,644,645,646,647,648,649,1077,1078,1079,1080,1081,1082,1083,1084,1085,1086,1087,1409,
354;0;103;177;1;32,43,90,122,129,131,132,135,139,140,186,252,260,299,304,316,320,327,332,345,348,358,360,364,366,371,382,383,384,408,412,434,456,519,554,617,618,619,620,621,622,623,624,625,626,627,628,629,630,631,632,633,634,635,636,637,638,639,640,641,642,643,644,645,646,647,648,649,1077,1078,1079,1080,1081,1082,1083,1084,1085,1086,1087,1409,
354;1;177;327;1;32,43,90,122,129,131,132,135,139,140,186,252,260,299,304,316,320,327,332,345,348,358,360,364,366,371,382,383,384,408,412,434,456,519,554,617,618,619,620,621,622,623,624,625,626,627,628,629,630,631,632,633,634,635,636,637,638,639,640,641,642,643,644,645,646,647,648,649,1077,1078,1079,1080,1081,1082,1083,1084,1085,1086,1087,1409,
669;0;327;363;1;32,43,90,122,129,131,132,135,139,140,186,252,260,299,304,316,320,327,332,345,348,358,360,364,366,371,382,383,384,408,412,434,456,519,554,617,618,619,620,621,622,623,624,625,626,627,628,629,630,631,632,633,634,635,636,637,638,639,640,641,642,643,644,645,646,647,648,649,1077,1078,1079,1080,1081,1082,1083,1084,1085,1086,1087,1409,
669;1;363;423;1;32,43,90,122,129,131,132,135,139,140,186,252,260,299,304,316,320,327,332,345,348,358,360,364,366,371,382,383,384,408,412,434,456,519,554,617,618,619,620,621,622,623,624,625,626,627,628,629,630,631,632,633,634,635,636,637,638,639,640,641,642,643,644,645,646,647,648,649,1077,1078,1079,1080,1081,1082,1083,1084,1085,1086,1087,1409,
616;0;423;483;1;32,43,90,122,129,131,132,135,139,140,186,252,260,299,304,316,320,327,332,345,348,358,360,364,366,371,382,383,384,408,412,434,456,519,554,617,618,619,620,621,622,623,624,625,626,627,628,629,630,631,632,633,634,635,636,637,638,639,640,641,642,643,644,645,646,647,648,649,1077,1078,1079,1080,1081,1082,1083,1084,1085,1086,1087,1409,
616;1;483;564;1;32,43,90,122,129,131,132,135,139,140,186,252,260,299,304,316,320,327,332,345,348,358,360,364,366,371,382,383,384,408,412,434,456,519,554,617,618,619,620,621,622,623,624,625,626,627,628,629,630,631,632,633,634,635,636,637,638,639,640,641,642,643,644,645,646,647,648,649,1077,1078,1079,1080,1081,1082,1083,1084,1085,1086,1087,1409,
631;0;564;644;1;32,43,90,122,129,131,132,135,139,140,186,252,260,299,304,316,320,327,332,345,348,358,360,364,366,371,382,383,384,408,412,434,456,519,554,617,618,619,620,621,622,623,624,625,626,627,628,629,630,631,632,633,634,635,636,637,638,639,640,641,642,643,644,645,646,647,648,649,1077,1078,1079,1080,1081,1082,1083,1084,1085,1086,1087,1409,
631;1;644;704;1;32,43,90,122,129,131,132,135,139,140,186,252,260,299,304,316,320,327,332,345,348,358,360,364,366,371,382,383,384,408,412,434,456,519,554,617,618,619,620,621,622,623,624,625,626,627,628,629,630,631,632,633,634,635,636,637,638,639,640,641,642,643,644,645,646,647,648,649,1077,1078,1079,1080,1081,1082,1083,1084,1085,1086,1087,1409,
116;0;704;751;1;0,1,2,3,4,5,6,7,8,9,10,11,12,13,14,15,16,32,38,90,129,132,140,186,252,263,299,304,316,320,327,332,336,345,352,360,366,368,371,378,379,380,381,382,383,384,410,412,420,421,422,434,456,546,554,617,621,622,626,627,704,705,706,707,708,709,710,711,712,713,714,715,716,717,718,719,720,721,965,1409,
116;1;751;903;1;0,1,2,3,4,5,6,7,8,9,10,11,12,13,14,15,16,32,38,90,129,132,140,186,252,263,299,304,316,320,327,332,336,345,352,360,366,368,371,378,379,380,381,382,383,384,410,412,420,421,422,434,456,546,554,617,621,622,626,627,704,705,706,707,708,709,710,711,712,713,714,715,716,717,718,719,720,721,965,1409,
123;0;903;976;0;0,1,2,3,4,5,6,7,8,9,10,11,12,13,14,15,16,32,38,90,129,132,140,186,252,263,299,304,316,320,327,332,336,345,352,360,366,368,371,378,379,380,381,382,383,384,410,412,420,421,422,434,456,546,554,617,621,622,626,627,704,705,706,707,708,709,710,711,712,713,714,715,716,717,718,719,720,721,965,1409,
123;1;976;1031;0;0,1,2,3,4,5,6,7,8,9,10,11,12,13,14,15,16,32,38,90,129,132,140,186,252,263,299,304,316,320,327,332,336,345,352,360,366,368,371,378,379,380,381,382,383,384,410,412,420,421,422,434,456,546,554,617,621,622,626,627,704,705,706,707,708,709,710,711,712,713,714,715,716,717,718,719,720,721,965,1409,
24;0;1031;1161;1;0,1,2,3,4,5,6,7,8,9,10,11,12,13,14,15,16,32,38,90,129,132,140,186,252,263,299,304,316,320,327,332,336,345,352,360,366,368,371,378,379,380,381,382,383,384,410,412,420,421,422,434,456,546,554,617,621,622,626,627,704,705,706,707,708,709,710,711,712,713,714,715,716,717,718,719,720,721,965,1409,
24;1;1161;1173;1;0,1,2,3,4,5,6,7,8,9,10,11,12,13,14,15,16,32,38,90,129,132,140,186,252,263,299,304,316,320,327,332,336,345,352,360,366,368,371,378,379,380,381,382,383,384,410,412,420,421,422,434,456,546,554,617,621,622,626,627,704,705,706,707,708,709,710,711,712,713,714,715,716,717,718,719,720,721,965,1409,
511;0;1173;1205;1;0,1,2,3,4,5,6,7,8,9,10,11,12,13,14,15,16,32,38,90,129,132,140,186,252,263,299,304,316,320,327,332,336,345,352,360,366,368,371,378,379,380,381,382,383,384,410,412,420,421,422,434,456,546,554,617,621,622,626,627,704,705,706,707,708,709,710,711,712,713,714,715,716,717,718,719,720,721,965,1409,
511;1;1205;1289;1;0,1,2,3,4,5,6,7,8,9,10,11,12,13,14,15,16,32,38,90,129,132,140,186,252,263,299,304,316,320,327,332,336,345,352,360,366,368,371,378,379,380,381,382,383,384,410,412,420,421,422,434,456,546,554,617,621,622,626,627,704,705,706,707,708,709,710,711,712,713,714,715,716,717,718,719,720,721,965,1409,
221;0;1289;1353;1;0,1,2,3,4,5,6,7,8,9,10,11,12,13,14,15,16,32,38,90,129,132,140,186,252,263,299,304,316,320,327,332,336,345,352,360,366,368,371,378,379,380,381,382,383,384,410,412,420,421,422,434,456,546,554,617,621,622,626,627,704,705,706,707,708,709,710,711,712,713,714,715,716,717,718,719,720,721,965,1409,
221;1;1353;1386;1;0,1,2,3,4,5,6,7,8,9,10,11,12,13,14,15,16,32,38,90,129,132,140,186,252,263,299,304,316,320,327,332,336,345,352,360,366,368,371,378,379,380,381,382,383,384,410,412,420,421,422,434,456,546,554,617,621,622,626,627,704,705,706,707,708,709,710,711,712,713,714,715,716,717,718,719,720,721,965,1409,
241;0;1386;1458;1;0,1,2,3,4,5,6,7,8,9,10,11,12,13,14,15,16,32,38,90,129,132,140,186,252,263,299,304,316,320,327,332,336,345,352,360,366,368,371,378,379,380,381,382,383,384,410,412,420,421,422,434,456,546,554,617,621,622,626,627,704,705,706,707,708,709,710,711,712,713,714,715,716,717,718,719,720,721,965,1409,
241;1;1458;1601;1;0,1,2,3,4,5,6,7,8,9,10,11,12,13,14,15,16,32,38,90,129,132,140,186,252,263,299,304,316,320,327,332,336,345,352,360,366,368,371,378,379,380,381,382,383,384,410,412,420,421,422,434,456,546,554,617,621,622,626,627,704,705,706,707,708,709,710,711,712,713,714,715,716,717,718,719,720,721,965,1409,
646;0;1601;1612;1;0,1,2,3,4,5,6,7,8,9,10,11,12,13,14,15,16,32,38,90,129,132,140,186,252,263,299,304,316,320,327,332,336,345,352,360,366,368,371,378,379,380,381,382,383,384,410,412,420,421,422,434,456,546,554,617,621,622,626,627,704,705,706,707,708,709,710,711,712,713,714,715,716,717,718,719,720,721,965,1409,
646;1;1612;1755;1;0,1,2,3,4,5,6,7,8,9,10,11,12,13,14,15,16,32,38,90,129,132,140,186,252,263,299,304,316,320,327,332,336,345,352,360,366,368,371,378,379,380,381,382,383,384,410,412,420,421,422,434,456,546,554,617,621,622,626,627,704,705,706,707,708,709,710,711,712,713,714,715,716,717,718,719,720,721,965,1409,
69;0;1755;1770;1;0,1,2,3,4,5,6,7,8,9,10,11,12,13,14,15,16,32,38,90,129,132,140,186,252,263,299,304,316,320,327,332,336,345,352,360,366,368,371,378,379,380,381,382,383,384,410,412,420,421,422,434,456,546,554,617,621,622,626,627,704,705,706,707,708,709,710,711,712,713,714,715,716,717,718,719,720,721,965,1409,
69;1;1770;1803;1;0,1,2,3,4,5,6,7,8,9,10,11,12,13,14,15,16,32,38,90,129,132,140,186,252,263,299,304,316,320,327,332,336,345,352,360,366,368,371,378,379,380,381,382,383,384,410,412,420,421,422,434,456,546,554,617,621,622,626,627,704,705,706,707,708,709,710,711,712,713,714,715,716,717,718,719,720,721,965,1409,
0;0;1803;1978;1;0,1,2,3,4,5,6,7,8,9,10,11,12,13,14,15,16,32,38,90,129,132,140,186,252,263,299,304,316,320,327,332,336,345,352,360,366,368,371,378,379,380,381,382,383,384,410,412,420,421,422,434,456,546,554,617,621,622,626,627,704,705,706,707,708,709,710,711,712,713,714,715,716,717,718,719,720,721,965,1409,
0;1;1978;2033;1;0,1,2,3,4,5,6,7,8,9,10,11,12,13,14,15,16,32,38,90,129,132,140,186,252,263,299,304,316,320,327,332,336,345,352,360,366,368,371,378,379,380,381,382,383,384,410,412,420,421,422,434,456,546,554,617,621,622,626,627,704,705,706,707,708,709,710,711,712,713,714,715,716,717,718,719,720,721,965,1409,
237;0;2033;2066;0;0,1,2,3,4,5,6,7,8,9,10,11,12,13,14,15,16,32,38,90,129,132,140,186,252,263,299,304,316,320,327,332,336,345,352,360,366,368,371,378,379,380,381,382,383,384,410,412,420,421,422,434,456,546,554,617,621,622,626,627,704,705,706,707,708,709,710,711,712,713,714,715,716,717,718,719,720,721,965,1409,
381;0;2066;2186;1;0,1,2,3,4,5,6,7,8,9,10,11,12,13,14,15,16,32,90,126,129,134,138,186,252,262,293,304,320,327,332,335,336,339,341,342,345,346,347,360,366,371,378,379,380,381,421,422,426,427,428,429,430,431,432,433,434,435,456,617,621,622,626,654,728,780,821,858,931,932,933,934,935,1119,1120,1121,1122,1153,1154,1409,
381;1;2186;2241;1;0,1,2,3,4,5,6,7,8,9,10,11,12,13,14,15,16,32,90,126,129,134,138,186,252,262,293,304,320,327,332,335,336,339,341,342,345,346,347,360,366,371,378,379,380,381,421,422,426,427,428,429,430,431,432,433,434,435,456,617,621,622,626,654,728,780,821,858,931,932,933,934,935,1119,1120,1121,1122,1153,1154,1409,
236;0;2241;2339;1;0,1,2,3,4,5,6,7,8,9,10,11,12,13,14,15,16,32,90,126,129,134,138,186,252,262,293,304,320,327,332,335,336,339,341,342,345,346,347,360,366,371,378,379,380,381,421,422,426,427,428,429,430,431,432,433,434,435,456,617,621,622,626,654,728,780,821,858,931,932,933,934,935,1119,1120,1121,1122,1153,1154,1409,
236;1;2339;2416;1;0,1,2,3,4,5,6,7,8,9,10,11,12,13,14,15,16,32,90,126,129,134,138,186,252,262,293,304,320,327,332,335,336,339,341,342,345,346,347,360,366,371,378,379,380,381,421,422,426,427,428,429,430,431,432,433,434,435,456,617,621,622,626,654,728,780,821,858,931,932,933,934,935,1119,1120,1121,1122,1153,1154,1409,
272;0;2416;2428;0;0,1,2,3,4,5,6,7,8,9,10,11,12,13,14,15,16,32,90,126,129,134,138,186,252,262,293,304,320,327,332,335,336,339,341,342,345,346,347,360,366,371,378,379,380,381,421,422,426,427,428,429,430,431,432,433,434,435,456,617,621,622,626,654,728,780,821,858,931,932,933,934,935,1119,1120,1121,1122,1153,1154,1409,
223;0;2428;2481;0;0,1,2,3,4,5,6,7,8,9,10,11,12,13,14,15,16,32,90,126,129,134,138,186,252,262,293,304,320,327,332,335,336,339,341,342,345,346,347,360,366,371,378,379,380,381,421,422,426,427,428,429,430,431,432,433,434,435,456,617,621,622,626,654,728,780,821,858,931,932,933,934,935,1119,1120,1121,1122,1153,1154,1409,
223;1;2481;2493;0;0,1,2,3,4,5,6,7,8,9,10,11,12,13,14,15,16,32,90,126,129,134,138,186,252,262,293,304,320,327,332,335,336,339,341,342,345,346,347,360,366,371,378,379,380,381,421,422,426,427,428,429,430,431,432,433,434,435,456,617,621,622,626,654,728,780,821,858,931,932,933,934,935,1119,1120,1121,1122,1153,1154,1409,
498;0;2493;2594;0;0,1,2,3,4,5,6,7,8,9,10,11,12,13,14,15,16,32,90,126,129,134,138,186,252,262,293,304,320,327,332,335,336,339,341,342,345,346,347,360,366,371,378,379,380,381,421,422,426,427,428,429,430,431,432,433,434,435,456,617,621,622,626,654,728,780,821,858,931,932,933,934,935,1119,1120,1121,1122,1153,1154,1409,
498;1;2594;2606;0;0,1,2,3,4,5,6,7,8,9,10,11,12,13,14,15,16,32,90,126,129,134,138,186,252,262,293,304,320,327,332,335,336,339,341,342,345,346,347,360,366,371,378,379,380,381,421,422,426,427,428,429,430,431,432,433,434,435,456,617,621,622,626,654,728,780,821,858,931,932,933,934,935,1119,1120,1121,1122,1153,1154,1409,
332;0;2606;2610;0;0,1,2,3,4,5,6,7,8,9,10,11,12,13,14,15,16,32,90,126,129,134,138,186,252,262,293,304,320,327,332,335,336,339,341,342,345,346,347,360,366,371,378,379,380,381,421,422,426,427,428,429,430,431,432,433,434,435,456,617,621,622,626,654,728,780,821,858,931,932,933,934,935,1119,1120,1121,1122,1153,1154,1409,
352;0;2610;2614;0;0,1,2,3,4,5,6,7,8,9,10,11,12,13,14,15,16,32,90,126,129,134,138,186,252,262,293,304,320,327,332,335,336,339,341,342,345,346,347,360,366,371,378,379,380,381,421,422,426,427,428,429,430,431,432,433,434,435,456,617,621,622,626,654,728,780,821,858,931,932,933,934,935,1119,1120,1121,1122,1153,1154,1409,
146;0;2614;2690;1;0,1,2,3,4,5,6,7,8,9,10,11,12,13,14,15,16,32,90,126,129,134,138,186,252,262,293,304,320,327,332,335,336,339,341,342,345,346,347,360,366,371,378,379,380,381,421,422,426,427,428,429,430,431,432,433,434,435,456,617,621,622,626,654,728,780,821,858,931,932,933,934,935,1119,1120,1121,1122,1153,1154,1409,
146;1;2690;2745;1;0,1,2,3,4,5,6,7,8,9,10,11,12,13,14,15,16,32,90,126,129,134,138,186,252,262,293,304,320,327,332,335,336,339,341,342,345,346,347,360,366,371,378,379,380,381,421,422,426,427,428,429,430,431,432,433,434,435,456,617,621,622,626,654,728,780,821,858,931,932,933,934,935,1119,1120,1121,1122,1153,1154,1409,
429;0;2745;2841;1;0,1,2,3,4,5,6,7,8,9,10,11,12,13,14,15,16,32,90,126,129,134,138,186,252,262,293,304,320,327,332,335,336,339,341,342,345,346,347,360,366,371,378,379,380,381,421,422,426,427,428,429,430,431,432,433,434,435,456,617,621,622,626,654,728,780,821,858,931,932,933,934,935,1119,1120,1121,1122,1153,1154,1409,
429;1;2841;2980;1;0,1,2,3,4,5,6,7,8,9,10,11,12,13,14,15,16,32,90,126,129,134,138,186,252,262,293,304,320,327,332,335,336,339,341,342,345,346,347,360,366,371,378,379,380,381,421,422,426,427,428,429,430,431,432,433,434,435,456,617,621,622,626,654,728,780,821,858,931,932,933,934,935,1119,1120,1121,1122,1153,1154,1409,
501;0;2980;3042;1;0,1,2,3,4,5,6,7,8,9,10,11,12,13,14,15,16,32,90,126,129,134,138,186,252,262,293,304,320,327,332,335,336,339,341,342,345,346,347,360,366,371,378,379,380,381,421,422,426,427,428,429,430,431,432,433,434,435,456,617,621,622,626,654,728,780,821,858,931,932,933,934,935,1119,1120,1121,1122,1153,1154,1409,
501;1;3042;3192;1;0,1,2,3,4,5,6,7,8,9,10,11,12,13,14,15,16,32,90,126,129,134,138,186,252,262,293,304,320,327,332,335,336,339,341,342,345,346,347,360,366,371,378,379,380,381,421,422,426,427,428,429,430,431,432,433,434,435,456,617,621,622,626,654,728,780,821,858,931,932,933,934,935,1119,1120,1121,1122,1153,1154,1409,
572;0;3192;3204;0;0,1,2,3,4,5,6,7,8,9,10,11,12,13,14,15,16,32,90,126,129,134,138,186,252,262,293,304,320,327,332,335,336,339,341,342,345,346,347,360,366,371,378,379,380,381,421,422,426,427,428,429,430,431,432,433,434,435,456,617,621,622,626,654,728,780,821,858,931,932,933,934,935,1119,1120,1121,1122,1153,1154,1409,
338;0;3204;3257;0;0,1,2,3,4,5,6,7,8,9,10,11,12,13,14,15,16,32,90,126,129,134,138,186,252,262,293,304,320,327,332,335,336,339,341,342,345,346,347,360,366,371,378,379,380,381,421,422,426,427,428,429,430,431,432,433,434,435,456,617,621,622,626,654,728,780,821,858,931,932,933,934,935,1119,1120,1121,1122,1153,1154,1409,
338;1;3257;3312;0;0,1,2,3,4,5,6,7,8,9,10,11,12,13,14,15,16,32,90,126,129,134,138,186,252,262,293,304,320,327,332,335,336,339,341,342,345,346,347,360,366,371,378,379,380,381,421,422,426,427,428,429,430,431,432,433,434,435,456,617,621,622,626,654,728,780,821,858,931,932,933,934,935,1119,1120,1121,1122,1153,1154,1409,
521;0;3312;3345;1;0,1,2,3,4,5,6,7,8,9,10,11,12,13,14,15,16,32,90,125,126,127,129,133,134,138,186,187,252,262,293,304,320,327,332,335,336,339,341,342,345,346,347,360,366,371,378,379,380,381,421,422,426,428,449,456,505,601,617,621,622,626,654,722,728,780,796,935,1203,1442,1443,1444,1445,1446,1447,1448,1449,1450,1451,1452,
521;1;3345;3433;1;0,1,2,3,4,5,6,7,8,9,10,11,12,13,14,15,16,32,90,125,126,127,129,133,134,138,186,187,252,262,293,304,320,327,332,335,336,339,341,342,345,346,347,360,366,371,378,379,380,381,421,422,426,428,449,456,505,601,617,621,622,626,654,722,728,780,796,935,1203,1442,1443,1444,1445,1446,1447,1448,1449,1450,1451,1452,
406;0;3433;3439;1;0,1,2,3,4,5,6,7,8,9,10,11,12,13,14,15,16,32,90,125,126,127,129,133,134,138,186,187,252,262,293,304,320,327,332,335,336,339,341,342,343,345,346,347,360,366,371,378,379,380,381,421,422,426,428,449,450,451,452,453,454,455,456,457,458,459,505,601,617,621,622,626,654,722,728,780,796,935,1203,1443,
406;1;3439;3515;1;0,1,2,3,4,5,6,7,8,9,10,11,12,13,14,15,16,32,90,125,126,127,129,133,134,138,186,187,252,262,293,304,320,327,332,335,336,339,341,342,343,345,346,347,360,366,371,378,379,380,381,421,422,426,428,449,450,451,452,453,454,455,456,457,458,459,505,601,617,621,622,626,654,722,728,780,796,935,1203,1443,
666;0;3515;3529;1;0,1,2,3,5,7,9,17,25,32,67,77,138,156,185,186,254,259,270,271,272,273,274,275,276,277,278,279,280,281,282,283,284,285,286,287,288,289,290,291,292,293,294,295,296,304,332,335,336,343,345,366,378,379,380,381,428,468,477,482,504,505,506,507,508,509,510,511,512,513,527,543,601,898,965,1165,1166,1167,1168,1169,
666;1;3529;3612;1;0,1,2,3,5,7,9,17,25,32,67,77,138,156,185,186,254,259,270,271,272,273,274,275,276,277,278,279,280,281,282,283,284,285,286,287,288,289,290,291,292,293,294,295,296,304,332,335,336,343,345,366,378,379,380,381,428,468,477,482,504,505,506,507,508,509,510,511,512,513,527,543,601,898,965,1165,1166,1167,1168,1169,
341;0;3612;3759;1;0,1,2,3,5,7,9,17,25,32,67,77,138,156,185,186,254,259,270,271,272,273,274,275,276,277,278,279,280,281,282,283,284,285,286,287,288,289,290,291,292,293,294,295,296,304,332,335,336,343,345,366,378,379,380,381,428,468,477,482,504,505,506,507,508,509,510,511,512,513,527,543,601,898,965,1165,1166,1167,1168,1169,
341;1;3759;3859;1;0,1,2,3,5,7,9,17,25,32,67,77,138,156,185,186,254,259,270,271,272,273,274,275,276,277,278,279,280,281,282,283,284,285,286,287,288,289,290,291,292,293,294,295,296,304,332,335,336,343,345,366,378,379,380,381,428,468,477,482,504,505,506,507,508,509,510,511,512,513,527,543,601,898,965,1165,1166,1167,1168,1169,
554;0;3859;3912;1;0,1,2,3,5,7,9,17,25,32,67,77,138,156,185,186,254,259,270,271,272,273,274,275,276,277,278,279,280,281,282,283,284,285,286,287,288,289,290,291,292,293,294,295,296,304,332,335,336,343,345,366,378,379,380,381,428,468,477,482,504,505,506,507,508,509,510,511,512,513,527,543,601,898,965,1165,1166,1167,1168,1169,
554;1;3912;4062;1;0,1,2,3,5,7,9,17,25,32,67,77,138,156,185,186,254,259,270,271,272,273,274,275,276,277,278,279,280,281,282,283,284,285,286,287,288,289,290,291,292,293,294,295,296,304,332,335,336,343,345,366,378,379,380,381,428,468,477,482,504,505,506,507,508,509,510,511,512,513,527,543,601,898,965,1165,1166,1167,1168,1169,
416;0;4062;4211;1;0,1,2,3,5,7,9,17,25,32,67,77,138,156,185,186,254,259,270,271,272,273,274,275,276,277,278,279,280,281,282,283,284,285,286,287,288,289,290,291,292,293,294,295,296,304,332,335,336,343,345,366,378,379,380,381,428,468,477,482,504,505,506,507,508,509,510,511,512,513,527,543,601,898,965,1165,1166,1167,1168,1169,
416;1;4211;4361;1;0,1,2,3,5,7,9,17,25,32,67,77,138,156,185,186,254,259,270,271,272,273,274,275,276,277,278,279,280,281,282,283,284,285,286,287,288,289,290,291,292,293,294,295,296,304,332,335,336,343,345,366,378,379,380,381,428,468,477,482,504,505,506,507,508,509,510,511,512,513,527,543,601,898,965,1165,1166,1167,1168,1169,
651;0;4361;4522;1;0,1,2,3,5,7,9,17,25,32,67,77,138,156,185,186,254,259,270,271,272,273,274,275,276,277,278,279,280,281,282,283,284,285,286,287,288,289,290,291,292,293,294,295,296,304,332,335,336,343,345,366,378,379,380,381,428,468,477,482,504,505,506,507,508,509,510,511,512,513,527,543,601,898,965,1165,1166,1167,1168,1169,
651;1;4522;4672;1;0,1,2,3,5,7,9,17,25,32,67,77,138,156,185,186,254,259,270,271,272,273,274,275,276,277,278,279,280,281,282,283,284,285,286,287,288,289,290,291,292,293,294,295,296,304,332,335,336,343,345,366,378,379,380,381,428,468,477,482,504,505,506,507,508,509,510,511,512,513,527,543,601,898,965,1165,1166,1167,1168,1169,
181;0;4672;4693;1;0,1,2,3,5,7,9,17,25,32,67,77,138,156,185,186,254,259,270,271,272,273,274,275,276,277,278,279,280,281,282,283,284,285,286,287,288,289,290,291,292,293,294,295,296,304,332,335,336,343,345,366,378,379,380,381,428,468,477,482,504,505,506,507,508,509,510,511,512,513,527,543,601,898,965,1165,1166,1167,1168,1169,
181;1;4693;4793;1;0,1,2,3,5,7,9,17,25,32,67,77,138,156,185,186,254,259,270,271,272,273,274,275,276,277,278,279,280,281,282,283,284,285,286,287,288,289,290,291,292,293,294,295,296,304,332,335,336,343,345,366,378,379,380,381,428,468,477,482,504,505,506,507,508,509,510,511,512,513,527,543,601,898,965,1165,1166,1167,1168,1169,
291;0;4793;4964;1;0,1,2,3,5,7,9,17,25,32,67,77,138,156,185,186,254,259,270,271,272,273,274,275,276,277,278,279,280,281,282,283,284,285,286,287,288,289,290,291,292,293,294,295,296,304,332,335,336,343,345,366,378,379,380,381,428,468,477,482,504,505,506,507,508,509,510,511,512,513,527,543,601,898,965,1165,1166,1167,1168,1169,
291;1;4964;5047;1;0,1,2,3,5,7,9,17,25,32,67,77,138,156,185,186,254,259,270,271,272,273,274,275,276,277,278,279,280,281,282,283,284,285,286,287,288,289,290,291,292,293,294,295,296,304,332,335,336,343,345,366,378,379,380,381,428,468,477,482,504,505,506,507,508,509,510,511,512,513,527,543,601,898,965,1165,1166,1167,1168,1169,
584;0;5047;5204;1;0,1,2,3,5,7,9,17,25,32,67,77,138,156,185,186,254,259,270,271,272,273,274,275,276,277,278,279,280,281,282,283,284,285,286,287,288,289,290,291,292,293,294,295,296,304,332,335,336,343,345,366,378,379,380,381,428,468,477,482,504,505,506,507,508,509,510,511,512,513,527,543,601,898,965,1165,1166,1167,1168,1169,
584;1;5204;5304;1;0,1,2,3,5,7,9,17,25,32,67,77,138,156,185,186,254,259,270,271,272,273,274,275,276,277,278,279,280,281,282,283,284,285,286,287,288,289,290,291,292,293,294,295,296,304,332,335,336,343,345,366,378,379,380,381,428,468,477,482,504,505,506,507,508,509,510,511,512,513,527,543,601,898,965,1165,1166,1167,1168,1169,
726;0;5304;5356;1;0,1,2,3,5,7,9,17,25,32,67,77,138,156,185,186,254,259,270,271,272,273,274,275,276,277,278,279,280,281,282,283,284,285,286,287,288,289,290,291,292,293,294,295,296,304,332,335,336,343,345,366,378,379,380,381,428,468,477,482,504,505,506,507,508,509,510,511,512,513,527,543,601,898,965,1165,1166,1167,1168,1169,
726;1;5356;5508;1;0,1,2,3,5,7,9,17,25,32,67,77,138,156,185,186,254,259,270,271,272,273,274,275,276,277,278,279,280,281,282,283,284,285,286,287,288,289,290,291,292,293,294,295,296,304,332,335,336,343,345,366,378,379,380,381,428,468,477,482,504,505,506,507,508,509,510,511,512,513,527,543,601,898,965,1165,1166,1167,1168,1169,
578;0;5508;5512;0;0,1,2,3,5,7,9,17,25,32,67,77,138,156,185,186,254,259,270,271,272,273,274,275,276,277,278,279,280,281,282,283,284,285,286,287,288,289,290,291,292,293,294,295,296,304,332,335,336,343,345,366,378,379,380,381,428,468,477,482,504,505,506,507,508,509,510,511,512,513,527,543,601,898,965,1165,1166,1167,1168,1169,
578;1;5512;5546;0;0,1,2,3,5,7,9,17,25,32,67,77,138,156,185,186,254,259,270,271,272,273,274,275,276,277,278,279,280,281,282,283,284,285,286,287,288,289,290,291,292,293,294,295,296,304,332,335,336,343,345,366,378,379,380,381,428,468,477,482,504,505,506,507,508,509,510,511,512,513,527,543,601,898,965,1165,1166,1167,1168,1169,
141;0;5546;5590;1;0,1,2,3,5,7,9,17,25,32,67,77,138,156,185,186,254,259,270,271,272,273,274,275,276,277,278,279,280,281,282,283,284,285,286,287,288,289,290,291,292,293,294,295,296,304,332,335,336,343,345,366,378,379,380,381,428,468,477,482,504,505,506,507,508,509,510,511,512,513,527,543,601,898,965,1165,1166,1167,1168,1169,
141;1;5590;5673;1;0,1,2,3,5,7,9,17,25,32,67,77,138,156,185,186,254,259,270,271,272,273,274,275,276,277,278,279,280,281,282,283,284,285,286,287,288,289,290,291,292,293,294,295,296,304,332,335,336,343,345,366,378,379,380,381,428,468,477,482,504,505,506,507,508,509,510,511,512,513,527,543,601,898,965,1165,1166,1167,1168,1169,
209;0;5673;5823;1;0,1,2,3,5,7,9,17,25,32,67,77,138,156,185,186,254,259,270,271,272,273,274,275,276,277,278,279,280,281,282,283,284,285,286,287,288,289,290,291,292,293,294,295,296,304,332,335,336,343,345,366,378,379,380,381,428,468,477,482,504,505,506,507,508,509,510,511,512,513,527,543,601,898,965,1165,1166,1167,1168,1169,
209;1;5823;5859;1;0,1,2,3,5,7,9,17,25,32,67,77,138,156,185,186,254,259,270,271,272,273,274,275,276,277,278,279,280,281,282,283,284,285,286,287,288,289,290,291,292,293,294,295,296,304,332,335,336,343,345,366,378,379,380,381,428,468,477,482,504,505,506,507,508,509,510,511,512,513,527,543,601,898,965,1165,1166,1167,1168,1169,
451;0;5859;5957;1;0,1,2,3,5,7,9,17,25,32,67,77,138,156,185,186,254,259,270,271,272,273,274,275,276,277,278,279,280,281,282,283,284,285,286,287,288,289,290,291,292,293,294,295,296,304,332,335,336,343,345,366,378,379,380,381,428,468,477,482,504,505,506,507,508,509,510,511,512,513,527,543,601,898,965,1165,1166,1167,1168,1169,
451;1;5957;6040;1;0,1,2,3,5,7,9,17,25,32,67,77,138,156,185,186,254,259,270,271,272,273,274,275,276,277,278,279,280,281,282,283,284,285,286,287,288,289,290,291,292,293,294,295,296,304,332,335,336,343,345,366,378,379,380,381,428,468,477,482,504,505,506,507,508,509,510,511,512,513,527,543,601,898,965,1165,1166,1167,1168,1169,
231;0;6040;6187;1;0,1,2,3,5,7,9,17,25,32,67,77,138,156,185,186,254,259,270,271,272,273,274,275,276,277,278,279,280,281,282,283,284,285,286,287,288,289,290,291,292,293,294,295,296,304,332,335,336,343,345,366,378,379,380,381,428,468,477,482,504,505,506,507,508,509,510,511,512,513,527,543,601,898,965,1165,1166,1167,1168,1169,
231;1;6187;6221;1;0,1,2,3,5,7,9,17,25,32,67,77,138,156,185,186,254,259,270,271,272,273,274,275,276,277,278,279,280,281,282,283,284,285,286,287,288,289,290,291,292,293,294,295,296,304,332,335,336,343,345,366,378,379,380,381,428,468,477,482,504,505,506,507,508,509,510,511,512,513,527,543,601,898,965,1165,1166,1167,1168,1169,
489;0;6221;6316;1;0,1,2,3,5,7,9,17,25,32,67,77,138,156,185,186,254,259,270,271,272,273,274,275,276,277,278,279,280,281,282,283,284,285,286,287,288,289,290,291,292,293,294,295,296,304,332,335,336,343,345,366,378,379,380,381,428,468,477,482,504,505,506,507,508,509,510,511,512,513,527,543,601,898,965,1165,1166,1167,1168,1169,
489;1;6316;6328;1;0,1,2,3,5,7,9,17,25,32,67,77,138,156,185,186,254,259,270,271,272,273,274,275,276,277,278,279,280,281,282,283,284,285,286,287,288,289,290,291,292,293,294,295,296,304,332,335,336,343,345,366,378,379,380,381,428,468,477,482,504,505,506,507,508,509,510,511,512,513,527,543,601,898,965,1165,1166,1167,1168,1169,
424;0;6328;6426;1;0,1,2,5,32,56,70,71,91,92,94,95,96,97,98,99,100,101,102,103,104,105,106,110,115,138,142,143,144,145,146,147,148,186,197,229,245,246,247,248,249,250,251,264,332,335,336,345,369,370,382,402,412,428,448,498,504,508,509,527,601,627,677,823,824,825,826,875,901,922,929,1031,1032,1033,1034,1035,1036,1037,1038,1165,
424;1;6426;6531;1;0,1,2,5,32,56,70,71,91,92,94,95,96,97,98,99,100,101,102,103,104,105,106,110,115,138,142,143,144,145,146,147,148,186,197,229,245,246,247,248,249,250,251,264,332,335,336,345,369,370,382,402,412,428,448,498,504,508,509,527,601,627,677,823,824,825,826,875,901,922,929,1031,1032,1033,1034,1035,1036,1037,1038,1165,
608;0;6531;6591;0;0,1,2,5,32,56,70,71,91,92,94,95,96,97,98,99,100,101,102,103,104,105,106,110,115,138,142,143,144,145,146,147,148,186,197,229,245,246,247,248,249,250,251,264,332,335,336,345,369,370,382,402,412,428,448,498,504,508,509,527,601,627,677,823,824,825,826,875,901,922,929,1031,1032,1033,1034,1035,1036,1037,1038,1165,
608;1;6591;6687;0;0,1,2,5,32,56,70,71,91,92,94,95,96,97,98,99,100,101,102,103,104,105,106,110,115,138,142,143,144,145,146,147,148,186,197,229,245,246,247,248,249,250,251,264,332,335,336,345,369,370,382,402,412,428,448,498,504,508,509,527,601,627,677,823,824,825,826,875,901,922,929,1031,1032,1033,1034,1035,1036,1037,1038,1165,
112;0;6687;6737;0;0,1,2,5,32,56,70,71,91,92,94,95,96,97,98,99,100,101,102,103,104,105,106,110,115,138,142,143,144,145,146,147,148,186,197,229,245,246,247,248,249,250,251,264,332,335,336,345,369,370,382,402,412,428,448,498,504,508,509,527,601,627,677,823,824,825,826,875,901,922,929,1031,1032,1033,1034,1035,1036,1037,1038,1165,
661;0;6737;6846;1;0,1,2,5,32,56,70,71,91,92,94,95,96,97,98,99,100,101,102,103,104,105,106,110,115,138,142,143,144,145,146,147,148,186,197,229,245,246,247,248,249,250,251,264,332,335,336,345,369,370,382,402,412,428,448,498,504,508,509,527,601,627,677,823,824,825,826,875,901,922,929,1031,1032,1033,1034,1035,1036,1037,1038,1165,
661;1;6846;6942;1;0,1,2,5,32,56,70,71,91,92,94,95,96,97,98,99,100,101,102,103,104,105,106,110,115,138,142,143,144,145,146,147,148,186,197,229,245,246,247,248,249,250,251,264,332,335,336,345,369,370,382,402,412,428,448,498,504,508,509,527,601,627,677,823,824,825,826,875,901,922,929,1031,1032,1033,1034,1035,1036,1037,1038,1165,
81;0;6942;7096;1;0,1,2,5,32,56,70,71,91,92,94,95,96,97,98,99,100,101,102,103,104,105,106,110,115,138,142,143,144,145,146,147,148,186,197,229,245,246,247,248,249,250,251,264,332,335,336,345,369,370,382,402,412,428,448,498,504,508,509,527,601,627,677,823,824,825,826,875,901,922,929,1031,1032,1033,1034,1035,1036,1037,1038,1165,
81;1;7096;7205;1;0,1,2,5,32,56,70,71,91,92,94,95,96,97,98,99,100,101,102,103,104,105,106,110,115,138,142,143,144,145,146,147,148,186,197,229,245,246,247,248,249,250,251,264,332,335,336,345,369,370,382,402,412,428,448,498,504,508,509,527,601,627,677,823,824,825,826,875,901,922,929,1031,1032,1033,1034,1035,1036,1037,1038,1165,
144;0;7205;7235;1;0,1,2,5,32,56,70,71,91,92,94,95,96,97,98,99,100,101,102,103,104,105,106,110,115,138,142,143,144,145,146,147,148,186,197,229,245,246,247,248,249,250,251,264,332,335,336,345,369,370,382,402,412,428,448,498,504,508,509,527,601,627,677,823,824,825,826,875,901,922,929,1031,1032,1033,1034,1035,1036,1037,1038,1165,
144;1;7235;7295;1;0,1,2,5,32,56,70,71,91,92,94,95,96,97,98,99,100,101,102,103,104,105,106,110,115,138,142,143,144,145,146,147,148,186,197,229,245,246,247,248,249,250,251,264,332,335,336,345,369,370,382,402,412,428,448,498,504,508,509,527,601,627,677,823,824,825,826,875,901,922,929,1031,1032,1033,1034,1035,1036,1037,1038,1165,
411;0;7295;7443;1;0,1,2,5,32,56,70,71,91,92,94,95,96,97,98,99,100,101,102,103,104,105,106,110,115,138,142,143,144,145,146,147,148,186,197,229,245,246,247,248,249,250,251,264,332,335,336,345,369,370,382,402,412,428,448,498,504,508,509,527,601,627,677,823,824,825,826,875,901,922,929,1031,1032,1033,1034,1035,1036,1037,1038,1165,
411;1;7443;7574;1;0,1,2,5,32,56,70,71,91,92,94,95,96,97,98,99,100,101,102,103,104,105,106,110,115,138,142,143,144,145,146,147,148,186,197,229,245,246,247,248,249,250,251,264,332,335,336,345,369,370,382,402,412,428,448,498,504,508,509,527,601,627,677,823,824,825,826,875,901,922,929,1031,1032,1033,1034,1035,1036,1037,1038,1165,
37;0;7574;7624;0;0,1,2,5,32,56,70,71,91,92,94,95,96,97,98,99,100,101,102,103,104,105,106,110,115,138,142,143,144,145,146,147,148,186,197,229,245,246,247,248,249,250,251,264,332,335,336,345,369,370,382,402,412,428,448,498,504,508,509,527,601,627,677,823,824,825,826,875,901,922,929,1031,1032,1033,1034,1035,1036,1037,1038,1165,
87;0;7624;7660;0;0,1,2,5,32,56,70,71,91,92,94,95,96,97,98,99,100,101,102,103,104,105,106,110,115,138,142,143,144,145,146,147,148,186,197,229,245,246,247,248,249,250,251,264,332,335,336,345,369,370,382,402,412,428,448,498,504,508,509,527,601,627,677,823,824,825,826,875,901,922,929,1031,1032,1033,1034,1035,1036,1037,1038,1165,
533;0;7660;7671;0;0,1,2,5,32,56,70,71,91,92,94,95,96,97,98,99,100,101,102,103,104,105,106,110,115,138,142,143,144,145,146,147,148,186,197,229,245,246,247,248,249,250,251,264,332,335,336,345,369,370,382,402,412,428,448,498,504,508,509,527,601,627,677,823,824,825,826,875,901,922,929,1031,1032,1033,1034,1035,1036,1037,1038,1165,
533;1;7671;7802;0;0,1,2,5,32,56,70,71,91,92,94,95,96,97,98,99,100,101,102,103,104,105,106,110,115,138,142,143,144,145,146,147,148,186,197,229,245,246,247,248,249,250,251,264,332,335,336,345,369,370,382,402,412,428,448,498,504,508,509,527,601,627,677,823,824,825,826,875,901,922,929,1031,1032,1033,1034,1035,1036,1037,1038,1165,
502;0;7802;7838;0;0,1,2,5,32,56,70,71,91,92,94,95,96,97,98,99,100,101,102,103,104,105,106,110,115,138,142,143,144,145,146,147,148,186,197,229,245,246,247,248,249,250,251,264,332,335,336,345,369,370,382,402,412,428,448,498,504,508,509,527,601,627,677,823,824,825,826,875,901,922,929,1031,1032,1033,1034,1035,1036,1037,1038,1165,
724;0;7838;7919;1;32,45,56,70,71,72,78,91,92,94,95,96,97,98,99,100,101,102,103,104,105,106,110,138,142,153,186,217,229,237,264,316,336,337,382,390,393,402,406,412,423,424,425,428,436,444,498,504,508,509,527,601,627,677,777,823,824,825,826,875,901,922,929,936,937,938,939,940,941,942,1031,1032,1033,1034,1035,1036,1037,1038,1145,1165,
724;1;7919;8040;1;32,45,56,70,71,72,78,91,92,94,95,96,97,98,99,100,101,102,103,104,105,106,110,138,142,153,186,217,229,237,264,316,336,337,382,390,393,402,406,412,423,424,425,428,436,444,498,504,508,509,527,601,627,677,777,823,824,825,826,875,901,922,929,936,937,938,939,940,941,942,1031,1032,1033,1034,1035,1036,1037,1038,1145,1165,
242;0;8040;8089;0;32,45,56,70,71,72,78,91,92,94,95,96,97,98,99,100,101,102,103,104,105,106,110,138,142,153,186,217,229,237,264,316,336,337,382,390,393,402,406,412,423,424,425,428,436,444,498,504,508,509,527,601,627,677,777,823,824,825,826,875,901,922,929,936,937,938,939,940,941,942,1031,1032,1033,1034,1035,1036,1037,1038,1145,1165,
436;0;8089;8241;1;32,45,56,70,71,72,78,91,92,94,95,96,97,98,99,100,101,102,103,104,105,106,110,138,142,153,186,217,229,237,264,316,336,337,382,390,393,402,406,412,423,424,425,428,436,444,498,504,508,509,527,601,627,677,777,823,824,825,826,875,901,922,929,936,937,938,939,940,941,942,1031,1032,1033,1034,1035,1036,1037,1038,1145,1165,
436;1;8241;8277;1;32,45,56,70,71,72,78,91,92,94,95,96,97,98,99,100,101,102,103,104,105,106,110,138,142,153,186,217,229,237,264,316,336,337,382,390,393,402,406,412,423,424,425,428,436,444,498,504,508,509,527,601,627,677,777,823,824,825,826,875,901,922,929,936,937,938,939,940,941,942,1031,1032,1033,1034,1035,1036,1037,1038,1145,1165,
446;0;8277;8389;1;32,45,56,70,71,72,78,91,92,94,95,96,97,98,99,100,101,102,103,104,105,106,110,138,142,153,186,217,229,237,264,316,336,337,382,390,393,402,406,412,423,424,425,428,436,444,498,504,508,509,527,601,627,677,777,823,824,825,826,875,901,922,929,936,937,938,939,940,941,942,1031,1032,1033,1034,1035,1036,1037,1038,1145,1165,
446;1;8389;8425;1;32,45,56,70,71,72,78,91,92,94,95,96,97,98,99,100,101,102,103,104,105,106,110,138,142,153,186,217,229,237,264,316,336,337,382,390,393,402,406,412,423,424,425,428,436,444,498,504,508,509,527,601,627,677,777,823,824,825,826,875,901,922,929,936,937,938,939,940,941,942,1031,1032,1033,1034,1035,1036,1037,1038,1145,1165,
476;0;8425;8444;1;32,45,56,70,71,72,78,91,92,94,95,96,97,98,99,100,101,102,103,104,105,106,110,138,142,153,186,217,229,237,264,316,336,337,382,390,393,402,406,412,423,424,425,428,436,444,498,504,508,509,527,601,627,677,777,823,824,825,826,875,901,922,929,936,937,938,939,940,941,942,1031,1032,1033,1034,1035,1036,1037,1038,1145,1165,
476;1;8444;8480;1;32,45,56,70,71,72,78,91,92,94,95,96,97,98,99,100,101,102,103,104,105,106,110,138,142,153,186,217,229,237,264,316,336,337,382,390,393,402,406,412,423,424,425,428,436,444,498,504,508,509,527,601,627,677,777,823,824,825,826,875,901,922,929,936,937,938,939,940,941,942,1031,1032,1033,1034,1035,1036,1037,1038,1145,1165,
465;0;8480;8529;0;32,45,56,70,71,72,78,91,92,94,95,96,97,98,99,100,101,102,103,104,105,106,110,138,142,153,186,217,229,237,264,316,336,337,382,390,393,402,406,412,423,424,425,428,436,444,498,504,508,509,527,601,627,677,777,823,824,825,826,875,901,922,929,936,937,938,939,940,941,942,1031,1032,1033,1034,1035,1036,1037,1038,1145,1165,
592;0;8529;8565;0;32,45,56,70,71,72,78,91,92,94,95,96,97,98,99,100,101,102,103,104,105,106,110,138,142,153,186,217,229,237,264,316,336,337,382,390,393,402,406,412,423,424,425,428,436,444,498,504,508,509,527,601,627,677,777,823,824,825,826,875,901,922,929,936,937,938,939,940,941,942,1031,1032,1033,1034,1035,1036,1037,1038,1145,1165,
586;0;8565;8631;1;32,45,56,70,71,72,78,91,92,94,95,96,97,98,99,100,101,102,103,104,105,106,110,138,142,153,186,217,229,237,264,316,336,337,382,390,393,402,406,412,423,424,425,428,436,444,498,504,508,509,527,601,627,677,777,823,824,825,826,875,901,922,929,936,937,938,939,940,941,942,1031,1032,1033,1034,1035,1036,1037,1038,1145,1165,
586;1;8631;8691;1;32,45,56,70,71,72,78,91,92,94,95,96,97,98,99,100,101,102,103,104,105,106,110,138,142,153,186,217,229,237,264,316,336,337,382,390,393,402,406,412,423,424,425,428,436,444,498,504,508,509,527,601,627,677,777,823,824,825,826,875,901,922,929,936,937,938,939,940,941,942,1031,1032,1033,1034,1035,1036,1037,1038,1145,1165,
243;0;8691;8712;0;32,45,56,70,71,72,78,91,92,94,95,96,97,98,99,100,101,102,103,104,105,106,110,138,142,153,186,217,229,237,264,316,336,337,382,390,393,402,406,412,423,424,425,428,436,444,498,504,508,509,527,601,627,677,777,823,824,825,826,875,901,922,929,936,937,938,939,940,941,942,1031,1032,1033,1034,1035,1036,1037,1038,1145,1165,
243;1;8712;8735;0;32,45,56,70,71,72,78,91,92,94,95,96,97,98,99,100,101,102,103,104,105,106,110,138,142,153,186,217,229,237,264,316,336,337,382,390,393,402,406,412,423,424,425,428,436,444,498,504,508,509,527,601,627,677,777,823,824,825,826,875,901,922,929,936,937,938,939,940,941,942,1031,1032,1033,1034,1035,1036,1037,1038,1145,1165,
293;0;8735;8864;0;32,45,56,70,71,72,78,91,92,94,95,96,97,98,99,100,101,102,103,104,105,106,110,138,142,153,186,217,229,237,264,316,336,337,382,390,393,402,406,412,423,424,425,428,436,444,498,504,508,509,527,601,627,677,777,823,824,825,826,875,901,922,929,936,937,938,939,940,941,942,1031,1032,1033,1034,1035,1036,1037,1038,1145,1165,
293;1;8864;8885;0;32,45,56,70,71,72,78,91,92,94,95,96,97,98,99,100,101,102,103,104,105,106,110,138,142,153,186,217,229,237,264,316,336,337,382,390,393,402,406,412,423,424,425,428,436,444,498,504,508,509,527,601,627,677,777,823,824,825,826,875,901,922,929,936,937,938,939,940,941,942,1031,1032,1033,1034,1035,1036,1037,1038,1145,1165,
314;0;8885;8945;1;32,45,56,70,71,72,78,91,92,94,95,96,97,98,99,100,101,102,103,104,105,106,110,138,142,153,186,217,229,237,264,316,336,337,382,390,393,402,406,412,423,424,425,428,436,444,498,504,508,509,527,601,627,677,777,823,824,825,826,875,901,922,929,936,937,938,939,940,941,942,1031,1032,1033,1034,1035,1036,1037,1038,1145,1165,
314;1;8945;9005;1;32,45,56,70,71,72,78,91,92,94,95,96,97,98,99,100,101,102,103,104,105,106,110,138,142,153,186,217,229,237,264,316,336,337,382,390,393,402,406,412,423,424,425,428,436,444,498,504,508,509,527,601,627,677,777,823,824,825,826,875,901,922,929,936,937,938,939,940,941,942,1031,1032,1033,1034,1035,1036,1037,1038,1145,1165,
97;0;9005;9012;0;32,45,56,70,71,72,78,91,92,94,95,96,97,98,99,100,101,102,103,104,105,106,110,138,142,153,186,217,229,237,264,316,336,337,382,390,393,402,406,412,423,424,425,428,436,444,498,504,508,509,527,601,627,677,777,823,824,825,826,875,901,922,929,936,937,938,939,940,941,942,1031,1032,1033,1034,1035,1036,1037,1038,1145,1165,
383;0;9012;9135;0;32,45,56,70,71,72,78,91,92,94,95,96,97,98,99,100,101,102,103,104,105,106,110,138,142,153,186,217,229,237,264,316,336,337,382,390,393,402,406,412,423,424,425,428,436,444,498,504,508,509,527,601,627,677,777,823,824,825,826,875,901,922,929,936,937,938,939,940,941,942,1031,1032,1033,1034,1035,1036,1037,1038,1145,1165,
383;1;9135;9171;0;32,45,56,70,71,72,78,91,92,94,95,96,97,98,99,100,101,102,103,104,105,106,110,138,142,153,186,217,229,237,264,316,336,337,382,390,393,402,406,412,423,424,425,428,436,444,498,504,508,509,527,601,627,677,777,823,824,825,826,875,901,922,929,936,937,938,939,940,941,942,1031,1032,1033,1034,1035,1036,1037,1038,1145,1165,
49;0;9171;9345;1;32,45,56,70,71,72,91,92,93,94,95,96,97,98,99,100,101,102,103,104,105,106,110,138,142,153,186,217,229,264,299,305,316,336,337,338,382,390,393,402,406,412,428,436,444,498,527,555,588,589,590,591,592,593,594,595,596,597,598,599,600,601,602,603,604,605,627,677,777,823,824,825,826,936,937,938,939,940,941,942,
49;1;9345;9418;1;32,45,56,70,71,72,91,92,93,94,95,96,97,98,99,100,101,102,103,104,105,106,110,138,142,153,186,217,229,264,299,305,316,336,337,338,382,390,393,402,406,412,428,436,444,498,527,555,588,589,590,591,592,593,594,595,596,597,598,599,600,601,602,603,604,605,627,677,777,823,824,825,826,936,937,938,939,940,941,942,
325;0;9418;9441;0;32,45,56,70,71,72,91,92,93,94,95,96,97,98,99,100,101,102,103,104,105,106,110,138,142,153,186,217,229,264,299,305,316,336,337,338,382,390,393,402,406,412,428,436,444,498,527,555,588,589,590,591,592,593,594,595,596,597,598,599,600,601,602,603,604,605,627,677,777,823,824,825,826,936,937,938,939,940,941,942,
694;0;9441;9584;1;32,45,56,70,71,72,91,92,93,94,95,96,97,98,99,100,101,102,103,104,105,106,110,138,142,153,186,217,229,264,299,305,316,336,337,338,382,390,393,402,406,412,428,436,444,498,527,555,588,589,590,591,592,593,594,595,596,597,598,599,600,601,602,603,604,605,627,677,777,823,824,825,826,936,937,938,939,940,941,942,
694;1;9584;9689;1;32,45,56,70,71,72,91,92,93,94,95,96,97,98,99,100,101,102,103,104,105,106,110,138,142,153,186,217,229,264,299,305,316,336,337,338,382,390,393,402,406,412,428,436,444,498,527,555,588,589,590,591,592,593,594,595,596,597,598,599,600,601,602,603,604,605,627,677,777,823,824,825,826,936,937,938,939,940,941,942,
681;0;9689;9742;1;32,45,56,70,71,72,91,92,93,94,95,96,97,98,99,100,101,102,103,104,105,106,110,138,142,153,186,217,229,264,299,305,316,336,337,338,382,390,393,402,406,412,428,436,444,498,527,555,588,589,590,591,592,593,594,595,596,597,598,599,600,601,602,603,604,605,627,677,777,823,824,825,826,936,937,938,939,940,941,942,
681;1;9742;9863;1;32,45,56,70,71,72,91,92,93,94,95,96,97,98,99,100,101,102,103,104,105,106,110,138,142,153,186,217,229,264,299,305,316,336,337,338,382,390,393,402,406,412,428,436,444,498,527,555,588,589,590,591,592,593,594,595,596,597,598,599,600,601,602,603,604,605,627,677,777,823,824,825,826,936,937,938,939,940,941,942,
226;0;9863;9951;1;32,45,56,70,71,72,91,92,93,94,95,96,97,98,99,100,101,102,103,104,105,106,110,138,142,153,186,217,229,264,299,305,316,336,337,338,382,390,393,402,406,412,428,436,444,498,527,555,588,589,590,591,592,593,594,595,596,597,598,599,600,601,602,603,604,605,627,677,777,823,824,825,826,936,937,938,939,940,941,942,
226;1;9951;10041;1;32,45,56,70,71,72,91,92,93,94,95,96,97,98,99,100,101,102,103,104,105,106,110,138,142,153,186,217,229,264,299,305,316,336,337,338,382,390,393,402,406,412,428,436,444,498,527,555,588,589,590,591,592,593,594,595,596,597,598,599,600,601,602,603,604,605,627,677,777,823,824,825,826,936,937,938,939,940,941,942,
135;0;10041;10077;0;32,45,56,70,71,72,91,92,93,94,95,96,97,98,99,100,101,102,103,104,105,106,110,138,142,153,186,217,229,264,299,305,316,336,337,338,382,390,393,402,406,412,428,436,444,498,527,555,588,589,590,591,592,593,594,595,596,597,598,599,600,601,602,603,604,605,627,677,777,823,824,825,826,936,937,938,939,940,941,942,
Machine: 4
579;0;0;99;1;32,61,70,71,72,93,105,138,142,149,150,151,152,153,154,155,156,157,158,159,160,161,162,163,164,165,166,167,168,169,170,171,172,173,174,175,176,177,178,179,180,181,182,183,184,194,196,197,198,224,234,340,393,436,440,443,446,482,566,1366,1367,1368,1369,1370,1371,1372,1373,1374,1375,1376,1377,1378,1379,1380,1381,1382,1383,1384,1385,1386,
579;1;99;269;1;32,61,70,71,72,93,105,138,142,149,150,151,152,153,154,155,156,157,158,159,160,161,162,163,164,165,166,167,168,169,170,171,172,173,174,175,176,177,178,179,180,181,182,183,184,194,196,197,198,224,234,340,393,436,440,443,446,482,566,1366,1367,1368,1369,1370,1371,1372,1373,1374,1375,1376,1377,1378,1379,1380,1381,1382,1383,1384,1385,1386,
368;0;269;313;0;32,61,70,71,72,93,105,138,142,149,150,151,152,153,154,155,156,157,158,159,160,161,162,163,164,165,166,167,168,169,170,171,172,173,174,175,176,177,178,179,180,181,182,183,184,194,196,197,198,224,234,340,393,436,440,443,446,482,566,1366,1367,1368,1369,1370,1371,1372,1373,1374,1375,1376,1377,1378,1379,1380,1381,1382,1383,1384,1385,1386,
368;1;313;327;0;32,61,70,71,72,93,105,138,142,149,150,151,152,153,154,155,156,157,158,159,160,161,162,163,164,165,166,167,168,169,170,171,172,173,174,175,176,177,178,179,180,181,182,183,184,194,196,197,198,224,234,340,393,436,440,443,446,482,566,1366,1367,1368,1369,1370,1371,1372,1373,1374,1375,1376,1377,1378,1379,1380,1381,1382,1383,1384,1385,1386,
604;0;327;331;1;32,61,70,71,72,93,105,138,142,149,150,151,152,153,154,155,156,157,158,159,160,161,162,163,164,165,166,167,168,169,170,171,172,173,174,175,176,177,178,179,180,181,182,183,184,194,196,197,198,224,234,340,393,436,440,443,446,482,566,1366,1367,1368,1369,1370,1371,1372,1373,1374,1375,1376,1377,1378,1379,1380,1381,1382,1383,1384,1385,1386,
604;1;331;345;1;32,61,70,71,72,93,105,138,142,149,150,151,152,153,154,155,156,157,158,159,160,161,162,163,164,165,166,167,168,169,170,171,172,173,174,175,176,177,178,179,180,181,182,183,184,194,196,197,198,224,234,340,393,436,440,443,446,482,566,1366,1367,1368,1369,1370,1371,1372,1373,1374,1375,1376,1377,1378,1379,1380,1381,1382,1383,1384,1385,1386,
11;0;345;465;1;32,61,70,71,72,93,105,138,142,149,150,151,152,153,154,155,156,157,158,159,160,161,162,163,164,165,166,167,168,169,170,171,172,173,174,175,176,177,178,179,180,181,182,183,184,194,196,197,198,224,234,340,393,436,440,443,446,482,566,1366,1367,1368,1369,1370,1371,1372,1373,1374,1375,1376,1377,1378,1379,1380,1381,1382,1383,1384,1385,1386,
11;1;465;479;1;32,61,70,71,72,93,105,138,142,149,150,151,152,153,154,155,156,157,158,159,160,161,162,163,164,165,166,167,168,169,170,171,172,173,174,175,176,177,178,179,180,181,182,183,184,194,196,197,198,224,234,340,393,436,440,443,446,482,566,1366,1367,1368,1369,1370,1371,1372,1373,1374,1375,1376,1377,1378,1379,1380,1381,1382,1383,1384,1385,1386,
531;0;479;550;1;32,61,70,71,72,93,105,138,142,149,150,151,152,153,154,155,156,157,158,159,160,161,162,163,164,165,166,167,168,169,170,171,172,173,174,175,176,177,178,179,180,181,182,183,184,194,196,197,198,224,234,340,393,436,440,443,446,482,566,1366,1367,1368,1369,1370,1371,1372,1373,1374,1375,1376,1377,1378,1379,1380,1381,1382,1383,1384,1385,1386,
531;1;550;589;1;32,61,70,71,72,93,105,138,142,149,150,151,152,153,154,155,156,157,158,159,160,161,162,163,164,165,166,167,168,169,170,171,172,173,174,175,176,177,178,179,180,181,182,183,184,194,196,197,198,224,234,340,393,436,440,443,446,482,566,1366,1367,1368,1369,1370,1371,1372,1373,1374,1375,1376,1377,1378,1379,1380,1381,1382,1383,1384,1385,1386,
555;0;589;603;0;32,61,70,71,72,93,105,138,142,149,150,151,152,153,154,155,156,157,158,159,160,161,162,163,164,165,166,167,168,169,170,171,172,173,174,175,176,177,178,179,180,181,182,183,184,194,196,197,198,224,234,340,393,436,440,443,446,482,566,1366,1367,1368,1369,1370,1371,1372,1373,1374,1375,1376,1377,1378,1379,1380,1381,1382,1383,1384,1385,1386,
391;0;603;639;1;2,32,48,51,70,71,72,87,93,105,106,110,138,143,149,150,151,152,153,155,156,157,159,194,195,196,197,198,223,224,225,226,227,228,229,234,340,371,393,401,402,436,437,438,439,440,441,442,443,444,445,446,447,482,505,566,802,803,804,805,806,807,808,809,810,874,875,876,877,878,879,983,984,1366,1367,1368,1369,1370,1371,1372,
391;1;639;729;1;2,32,48,51,70,71,72,87,93,105,106,110,138,143,149,150,151,152,153,155,156,157,159,194,195,196,197,198,223,224,225,226,227,228,229,234,340,371,393,401,402,436,437,438,439,440,441,442,443,444,445,446,447,482,505,566,802,803,804,805,806,807,808,809,810,874,875,876,877,878,879,983,984,1366,1367,1368,1369,1370,1371,1372,
96;0;729;908;1;2,32,48,51,70,71,72,87,93,105,106,110,138,143,149,150,151,152,153,155,156,157,159,194,195,196,197,198,223,224,225,226,227,228,229,234,340,371,393,401,402,436,437,438,439,440,441,442,443,444,445,446,447,482,505,566,802,803,804,805,806,807,808,809,810,874,875,876,877,878,879,983,984,1366,1367,1368,1369,1370,1371,1372,
96;1;908;1084;1;2,32,48,51,70,71,72,87,93,105,106,110,138,143,149,150,151,152,153,155,156,157,159,194,195,196,197,198,223,224,225,226,227,228,229,234,340,371,393,401,402,436,437,438,439,440,441,442,443,444,445,446,447,482,505,566,802,803,804,805,806,807,808,809,810,874,875,876,877,878,879,983,984,1366,1367,1368,1369,1370,1371,1372,
228;0;1084;1136;0;2,32,48,51,70,71,72,87,93,105,106,110,138,143,149,150,151,152,153,155,156,157,159,194,195,196,197,198,223,224,225,226,227,228,229,234,340,371,393,401,402,436,437,438,439,440,441,442,443,444,445,446,447,482,505,566,802,803,804,805,806,807,808,809,810,874,875,876,877,878,879,983,984,1366,1367,1368,1369,1370,1371,1372,
228;1;1136;1151;0;2,32,48,51,70,71,72,87,93,105,106,110,138,143,149,150,151,152,153,155,156,157,159,194,195,196,197,198,223,224,225,226,227,228,229,234,340,371,393,401,402,436,437,438,439,440,441,442,443,444,445,446,447,482,505,566,802,803,804,805,806,807,808,809,810,874,875,876,877,878,879,983,984,1366,1367,1368,1369,1370,1371,1372,
394;0;1151;1190;1;2,32,48,51,70,71,72,87,93,105,106,110,138,143,149,150,151,152,153,155,156,157,159,194,195,196,197,198,223,224,225,226,227,228,229,234,340,371,393,401,402,436,437,438,439,440,441,442,443,444,445,446,447,482,505,566,802,803,804,805,806,807,808,809,810,874,875,876,877,878,879,983,984,1366,1367,1368,1369,1370,1371,1372,
394;1;1190;1289;1;2,32,48,51,70,71,72,87,93,105,106,110,138,143,149,150,151,152,153,155,156,157,159,194,195,196,197,198,223,224,225,226,227,228,229,234,340,371,393,401,402,436,437,438,439,440,441,442,443,444,445,446,447,482,505,566,802,803,804,805,806,807,808,809,810,874,875,876,877,878,879,983,984,1366,1367,1368,1369,1370,1371,1372,
309;0;1289;1344;1;2,32,48,51,70,71,72,87,93,105,106,110,138,143,149,150,151,152,153,155,156,157,159,194,195,196,197,198,223,224,225,226,227,228,229,234,340,371,393,401,402,436,437,438,439,440,441,442,443,444,445,446,447,482,505,566,802,803,804,805,806,807,808,809,810,874,875,876,877,878,879,983,984,1366,1367,1368,1369,1370,1371,1372,
309;1;1344;1359;1;2,32,48,51,70,71,72,87,93,105,106,110,138,143,149,150,151,152,153,155,156,157,159,194,195,196,197,198,223,224,225,226,227,228,229,234,340,371,393,401,402,436,437,438,439,440,441,442,443,444,445,446,447,482,505,566,802,803,804,805,806,807,808,809,810,874,875,876,877,878,879,983,984,1366,1367,1368,1369,1370,1371,1372,
36;0;1359;1398;1;2,32,48,51,70,71,72,87,93,105,106,110,138,143,149,150,151,152,153,155,156,157,159,194,195,196,197,198,223,224,225,226,227,228,229,234,340,371,393,401,402,436,437,438,439,440,441,442,443,444,445,446,447,482,505,566,802,803,804,805,806,807,808,809,810,874,875,876,877,878,879,983,984,1366,1367,1368,1369,1370,1371,1372,
36;1;1398;1497;1;2,32,48,51,70,71,72,87,93,105,106,110,138,143,149,150,151,152,153,155,156,157,159,194,195,196,197,198,223,224,225,226,227,228,229,234,340,371,393,401,402,436,437,438,439,440,441,442,443,444,445,446,447,482,505,566,802,803,804,805,806,807,808,809,810,874,875,876,877,878,879,983,984,1366,1367,1368,1369,1370,1371,1372,
612;0;1497;1565;0;2,32,48,51,70,71,72,87,93,105,106,110,138,143,149,150,151,152,153,155,156,157,159,194,195,196,197,198,223,224,225,226,227,228,229,234,340,371,393,401,402,436,437,438,439,440,441,442,443,444,445,446,447,482,505,566,802,803,804,805,806,807,808,809,810,874,875,876,877,878,879,983,984,1366,1367,1368,1369,1370,1371,1372,
413;0;1565;1604;0;2,32,38,48,51,70,71,72,87,93,105,106,110,138,149,150,151,153,155,156,159,194,196,197,198,224,225,226,229,234,316,340,352,368,371,393,402,436,437,438,439,440,442,443,444,445,446,447,482,505,546,554,566,704,705,706,707,708,709,710,711,712,713,714,715,716,717,718,719,720,721,874,875,876,877,878,879,1366,1367,1368,
413;1;1604;1637;0;2,32,38,48,51,70,71,72,87,93,105,106,110,138,149,150,151,153,155,156,159,194,196,197,198,224,225,226,229,234,316,340,352,368,371,393,402,436,437,438,439,440,442,443,444,445,446,447,482,505,546,554,566,704,705,706,707,708,709,710,711,712,713,714,715,716,717,718,719,720,721,874,875,876,877,878,879,1366,1367,1368,
184;0;1637;1699;1;2,32,38,48,51,70,71,72,87,93,105,106,110,138,149,150,151,153,155,156,159,194,196,197,198,224,225,226,229,234,316,340,352,368,371,393,402,436,437,438,439,440,442,443,444,445,446,447,482,505,546,554,566,704,705,706,707,708,709,710,711,712,713,714,715,716,717,718,719,720,721,874,875,876,877,878,879,1366,1367,1368,
184;1;1699;1875;1;2,32,38,48,51,70,71,72,87,93,105,106,110,138,149,150,151,153,155,156,159,194,196,197,198,224,225,226,229,234,316,340,352,368,371,393,402,436,437,438,439,440,442,443,444,445,446,447,482,505,546,554,566,704,705,706,707,708,709,710,711,712,713,714,715,716,717,718,719,720,721,874,875,876,877,878,879,1366,1367,1368,
336;0;1875;1969;1;2,32,38,48,51,70,71,72,87,93,105,106,110,138,149,150,151,153,155,156,159,194,196,197,198,224,225,226,229,234,316,340,352,368,371,393,402,436,437,438,439,440,442,443,444,445,446,447,482,505,546,554,566,704,705,706,707,708,709,710,711,712,713,714,715,716,717,718,719,720,721,874,875,876,877,878,879,1366,1367,1368,
336;1;1969;2002;1;2,32,38,48,51,70,71,72,87,93,105,106,110,138,149,150,151,153,155,156,159,194,196,197,198,224,225,226,229,234,316,340,352,368,371,393,402,436,437,438,439,440,442,443,444,445,446,447,482,505,546,554,566,704,705,706,707,708,709,710,711,712,713,714,715,716,717,718,719,720,721,874,875,876,877,878,879,1366,1367,1368,
619;0;2002;2070;1;2,32,38,44,51,54,57,70,71,72,87,93,105,106,112,113,114,115,116,117,118,119,120,121,138,150,151,155,156,194,197,198,224,225,226,229,252,316,320,337,340,345,346,347,352,368,371,372,373,374,375,376,377,382,437,442,444,445,447,496,497,546,554,650,651,652,653,654,655,704,705,706,707,708,709,748,749,750,751,752,
619;1;2070;2161;1;2,32,38,44,51,54,57,70,71,72,87,93,105,106,112,113,114,115,116,117,118,119,120,121,138,150,151,155,156,194,197,198,224,225,226,229,252,316,320,337,340,345,346,347,352,368,371,372,373,374,375,376,377,382,437,442,444,445,447,496,497,546,554,650,651,652,653,654,655,704,705,706,707,708,709,748,749,750,751,752,
306;0;2161;2213;1;2,32,38,44,51,54,57,70,71,72,87,93,105,106,112,113,114,115,116,117,118,119,120,121,138,150,151,155,156,194,197,198,224,225,226,229,252,316,320,337,340,345,346,347,352,368,371,372,373,374,375,376,377,382,437,442,444,445,447,496,497,546,554,650,651,652,653,654,655,704,705,706,707,708,709,748,749,750,751,752,
306;1;2213;2370;1;2,32,38,44,51,54,57,70,71,72,87,93,105,106,112,113,114,115,116,117,118,119,120,121,138,150,151,155,156,194,197,198,224,225,226,229,252,316,320,337,340,345,346,347,352,368,371,372,373,374,375,376,377,382,437,442,444,445,447,496,497,546,554,650,651,652,653,654,655,704,705,706,707,708,709,748,749,750,751,752,
54;0;2370;2502;1;2,32,38,44,51,54,57,70,71,72,87,93,105,106,112,113,114,115,116,117,118,119,120,121,138,150,151,155,156,194,197,198,224,225,226,229,252,316,320,337,340,345,346,347,352,368,371,372,373,374,375,376,377,382,437,442,444,445,447,496,497,546,554,650,651,652,653,654,655,704,705,706,707,708,709,748,749,750,751,752,
54;1;2502;2593;1;2,32,38,44,51,54,57,70,71,72,87,93,105,106,112,113,114,115,116,117,118,119,120,121,138,150,151,155,156,194,197,198,224,225,226,229,252,316,320,337,340,345,346,347,352,368,371,372,373,374,375,376,377,382,437,442,444,445,447,496,497,546,554,650,651,652,653,654,655,704,705,706,707,708,709,748,749,750,751,752,
434;0;2593;2645;1;2,32,38,44,51,54,57,70,71,72,87,93,105,106,112,113,114,115,116,117,118,119,120,121,138,150,151,155,156,194,197,198,224,225,226,229,252,316,320,337,340,345,346,347,352,368,371,372,373,374,375,376,377,382,437,442,444,445,447,496,497,546,554,650,651,652,653,654,655,704,705,706,707,708,709,748,749,750,751,752,
434;1;2645;2675;1;2,32,38,44,51,54,57,70,71,72,87,93,105,106,112,113,114,115,116,117,118,119,120,121,138,150,151,155,156,194,197,198,224,225,226,229,252,316,320,337,340,345,346,347,352,368,371,372,373,374,375,376,377,382,437,442,444,445,447,496,497,546,554,650,651,652,653,654,655,704,705,706,707,708,709,748,749,750,751,752,
61;0;2675;2773;1;2,32,38,44,51,54,57,70,71,72,87,93,105,106,112,113,114,115,116,117,118,119,120,121,138,150,151,155,156,194,197,198,224,225,226,229,252,316,320,337,340,345,346,347,352,368,371,372,373,374,375,376,377,382,437,442,444,445,447,496,497,546,554,650,651,652,653,654,655,704,705,706,707,708,709,748,749,750,751,752,
61;1;2773;2863;1;2,32,38,44,51,54,57,70,71,72,87,93,105,106,112,113,114,115,116,117,118,119,120,121,138,150,151,155,156,194,197,198,224,225,226,229,252,316,320,337,340,345,346,347,352,368,371,372,373,374,375,376,377,382,437,442,444,445,447,496,497,546,554,650,651,652,653,654,655,704,705,706,707,708,709,748,749,750,751,752,
164;0;2863;3004;1;2,32,38,44,51,54,57,70,71,72,87,93,105,106,112,113,114,115,116,117,118,119,120,121,138,150,151,155,156,194,197,198,224,225,226,229,252,316,320,337,340,345,346,347,352,368,371,372,373,374,375,376,377,382,437,442,444,445,447,496,497,546,554,650,651,652,653,654,655,704,705,706,707,708,709,748,749,750,751,752,
164;1;3004;3049;1;2,32,38,44,51,54,57,70,71,72,87,93,105,106,112,113,114,115,116,117,118,119,120,121,138,150,151,155,156,194,197,198,224,225,226,229,252,316,320,337,340,345,346,347,352,368,371,372,373,374,375,376,377,382,437,442,444,445,447,496,497,546,554,650,651,652,653,654,655,704,705,706,707,708,709,748,749,750,751,752,
6;0;3049;3097;1;2,32,38,44,51,54,57,70,71,72,87,93,105,106,112,113,114,115,116,117,118,119,120,121,138,150,151,155,156,194,197,198,224,225,226,229,252,316,320,337,340,345,346,347,352,368,371,372,373,374,375,376,377,382,437,442,444,445,447,496,497,546,554,650,651,652,653,654,655,704,705,706,707,708,709,748,749,750,751,752,
6;1;3097;3187;1;2,32,38,44,51,54,57,70,71,72,87,93,105,106,112,113,114,115,116,117,118,119,120,121,138,150,151,155,156,194,197,198,224,225,226,229,252,316,320,337,340,345,346,347,352,368,371,372,373,374,375,376,377,382,437,442,444,445,447,496,497,546,554,650,651,652,653,654,655,704,705,706,707,708,709,748,749,750,751,752,
551;0;3187;3324;1;2,32,38,42,44,51,54,70,71,72,87,93,105,106,112,113,114,115,116,117,118,119,120,121,138,150,151,155,194,197,198,224,226,229,252,316,337,340,345,346,347,352,368,382,437,442,444,445,447,546,554,646,649,704,705,706,871,991,1141,1182,1183,1184,1185,1186,1187,1188,1189,1190,1191,1192,1193,1194,1195,1196,1197,1198,1199,1200,1201,1202,
551;1;3324;3381;1;2,32,38,42,44,51,54,70,71,72,87,93,105,106,112,113,114,115,116,117,118,119,120,121,138,150,151,155,194,197,198,224,226,229,252,316,337,340,345,346,347,352,368,382,437,442,444,445,447,546,554,646,649,704,705,706,871,991,1141,1182,1183,1184,1185,1186,1187,1188,1189,1190,1191,1192,1193,1194,1195,1196,1197,1198,1199,1200,1201,1202,
76;0;3381;3494;1;2,32,44,46,51,52,53,54,58,64,65,66,67,68,69,70,71,72,79,81,83,84,85,86,87,88,89,90,91,92,94,105,112,113,114,115,116,117,118,119,120,121,128,135,197,245,246,247,249,252,253,254,255,256,257,258,259,260,261,262,263,264,265,266,267,268,269,279,404,414,949,1002,1003,1004,1005,1007,1141,1165,1263,1264,
76;1;3494;3630;1;2,32,44,46,51,52,53,54,58,64,65,66,67,68,69,70,71,72,79,81,83,84,85,86,87,88,89,90,91,92,94,105,112,113,114,115,116,117,118,119,120,121,128,135,197,245,246,247,249,252,253,254,255,256,257,258,259,260,261,262,263,264,265,266,267,268,269,279,404,414,949,1002,1003,1004,1005,1007,1141,1165,1263,1264,
250;0;3630;3666;0;2,32,44,46,51,52,53,54,58,64,65,66,67,68,69,70,71,72,79,81,83,84,85,86,87,88,89,90,91,92,94,105,112,113,114,115,116,117,118,119,120,121,128,135,197,245,246,247,249,252,253,254,255,256,257,258,259,260,261,262,263,264,265,266,267,268,269,279,404,414,949,1002,1003,1004,1005,1007,1141,1165,1263,1264,
163;0;3666;3703;0;2,32,44,46,51,52,53,54,58,64,65,66,67,68,69,70,71,72,79,81,83,84,85,86,87,88,89,90,91,92,94,105,112,113,114,115,116,117,118,119,120,121,128,135,197,245,246,247,249,252,253,254,255,256,257,258,259,260,261,262,263,264,265,266,267,268,269,279,404,414,949,1002,1003,1004,1005,1007,1141,1165,1263,1264,
163;1;3703;3769;0;2,32,44,46,51,52,53,54,58,64,65,66,67,68,69,70,71,72,79,81,83,84,85,86,87,88,89,90,91,92,94,105,112,113,114,115,116,117,118,119,120,121,128,135,197,245,246,247,249,252,253,254,255,256,257,258,259,260,261,262,263,264,265,266,267,268,269,279,404,414,949,1002,1003,1004,1005,1007,1141,1165,1263,1264,
522;0;3769;3773;0;2,32,44,46,51,52,53,54,58,64,65,66,67,68,69,70,71,72,79,81,83,84,85,86,87,88,89,90,91,92,94,105,112,113,114,115,116,117,118,119,120,121,128,135,197,245,246,247,249,252,253,254,255,256,257,258,259,260,261,262,263,264,265,266,267,268,269,279,404,414,949,1002,1003,1004,1005,1007,1141,1165,1263,1264,
304;0;3773;3884;1;2,32,44,46,51,52,53,54,58,64,65,66,67,68,69,70,71,72,79,81,83,84,85,86,87,88,89,90,91,92,94,105,112,113,114,115,116,117,118,119,120,121,128,135,197,245,246,247,249,252,253,254,255,256,257,258,259,260,261,262,263,264,265,266,267,268,269,279,404,414,949,1002,1003,1004,1005,1007,1141,1165,1263,1264,
304;1;3884;3962;1;2,32,44,46,51,52,53,54,58,64,65,66,67,68,69,70,71,72,79,81,83,84,85,86,87,88,89,90,91,92,94,105,112,113,114,115,116,117,118,119,120,121,128,135,197,245,246,247,249,252,253,254,255,256,257,258,259,260,261,262,263,264,265,266,267,268,269,279,404,414,949,1002,1003,1004,1005,1007,1141,1165,1263,1264,
602;0;3962;3986;0;2,32,44,46,51,52,53,54,58,64,65,66,67,68,69,70,71,72,79,81,83,84,85,86,87,88,89,90,91,92,94,105,112,113,114,115,116,117,118,119,120,121,128,135,197,245,246,247,249,252,253,254,255,256,257,258,259,260,261,262,263,264,265,266,267,268,269,279,404,414,949,1002,1003,1004,1005,1007,1141,1165,1263,1264,
257;0;3986;4016;0;2,32,44,46,51,52,53,54,58,64,65,66,67,68,69,70,71,72,79,81,83,84,85,86,87,88,89,90,91,92,94,105,112,113,114,115,116,117,118,119,120,121,128,135,197,245,246,247,249,252,253,254,255,256,257,258,259,260,261,262,263,264,265,266,267,268,269,279,404,414,949,1002,1003,1004,1005,1007,1141,1165,1263,1264,
576;0;4016;4114;1;2,32,44,46,51,52,53,54,58,64,65,66,67,68,69,70,71,72,79,81,83,84,85,86,87,88,89,90,91,92,94,105,112,113,114,115,116,117,118,119,120,121,128,135,197,245,246,247,249,252,253,254,255,256,257,258,259,260,261,262,263,264,265,266,267,268,269,279,404,414,949,1002,1003,1004,1005,1007,1141,1165,1263,1264,
576;1;4114;4144;1;2,32,44,46,51,52,53,54,58,64,65,66,67,68,69,70,71,72,79,81,83,84,85,86,87,88,89,90,91,92,94,105,112,113,114,115,116,117,118,119,120,121,128,135,197,245,246,247,249,252,253,254,255,256,257,258,259,260,261,262,263,264,265,266,267,268,269,279,404,414,949,1002,1003,1004,1005,1007,1141,1165,1263,1264,
644;0;4144;4162;1;2,32,44,46,51,52,53,54,58,64,65,66,67,68,69,70,71,72,79,81,83,84,85,86,87,88,89,90,91,92,94,105,112,113,114,115,116,117,118,119,120,121,128,135,197,245,246,247,249,252,253,254,255,256,257,258,259,260,261,262,263,264,265,266,267,268,269,279,404,414,949,1002,1003,1004,1005,1007,1141,1165,1263,1264,
644;1;4162;4228;1;2,32,44,46,51,52,53,54,58,64,65,66,67,68,69,70,71,72,79,81,83,84,85,86,87,88,89,90,91,92,94,105,112,113,114,115,116,117,118,119,120,121,128,135,197,245,246,247,249,252,253,254,255,256,257,258,259,260,261,262,263,264,265,266,267,268,269,279,404,414,949,1002,1003,1004,1005,1007,1141,1165,1263,1264,
534;0;4228;4379;1;2,32,44,46,51,52,53,54,58,64,65,66,67,68,69,70,71,72,79,81,83,84,85,86,87,88,89,90,91,92,94,105,112,113,114,115,116,117,118,119,120,121,128,135,197,245,246,247,249,252,253,254,255,256,257,258,259,260,261,262,263,264,265,266,267,268,269,279,404,414,949,1002,1003,1004,1005,1007,1141,1165,1263,1264,
534;1;4379;4409;1;2,32,44,46,51,52,53,54,58,64,65,66,67,68,69,70,71,72,79,81,83,84,85,86,87,88,89,90,91,92,94,105,112,113,114,115,116,117,118,119,120,121,128,135,197,245,246,247,249,252,253,254,255,256,257,258,259,260,261,262,263,264,265,266,267,268,269,279,404,414,949,1002,1003,1004,1005,1007,1141,1165,1263,1264,
74;0;4409;4445;1;2,32,44,46,51,52,53,54,58,64,65,66,67,68,69,70,71,72,79,81,83,84,85,86,87,88,89,90,91,92,94,105,112,113,114,115,116,117,118,119,120,121,128,135,197,245,246,247,249,252,253,254,255,256,257,258,259,260,261,262,263,264,265,266,267,268,269,279,404,414,949,1002,1003,1004,1005,1007,1141,1165,1263,1264,
74;1;4445;4487;1;2,32,44,46,51,52,53,54,58,64,65,66,67,68,69,70,71,72,79,81,83,84,85,86,87,88,89,90,91,92,94,105,112,113,114,115,116,117,118,119,120,121,128,135,197,245,246,247,249,252,253,254,255,256,257,258,259,260,261,262,263,264,265,266,267,268,269,279,404,414,949,1002,1003,1004,1005,1007,1141,1165,1263,1264,
299;0;4487;4516;1;2,32,44,46,51,52,53,54,58,64,65,66,67,68,69,70,71,72,79,81,83,84,85,86,87,88,89,90,91,92,94,105,112,113,114,115,116,117,118,119,120,121,128,135,197,245,246,247,249,252,253,254,255,256,257,258,259,260,261,262,263,264,265,266,267,268,269,279,404,414,949,1002,1003,1004,1005,1007,1141,1165,1263,1264,
299;1;4516;4613;1;2,32,44,46,51,52,53,54,58,64,65,66,67,68,69,70,71,72,79,81,83,84,85,86,87,88,89,90,91,92,94,105,112,113,114,115,116,117,118,119,120,121,128,135,197,245,246,247,249,252,253,254,255,256,257,258,259,260,261,262,263,264,265,266,267,268,269,279,404,414,949,1002,1003,1004,1005,1007,1141,1165,1263,1264,
266;0;4613;4775;1;2,32,44,46,51,52,53,54,58,64,65,66,67,68,69,70,71,72,79,81,83,84,85,86,87,88,89,90,91,92,94,105,112,113,114,115,116,117,118,119,120,121,128,135,197,245,246,247,249,252,253,254,255,256,257,258,259,260,261,262,263,264,265,266,267,268,269,279,404,414,949,1002,1003,1004,1005,1007,1141,1165,1263,1264,
266;1;4775;4853;1;2,32,44,46,51,52,53,54,58,64,65,66,67,68,69,70,71,72,79,81,83,84,85,86,87,88,89,90,91,92,94,105,112,113,114,115,116,117,118,119,120,121,128,135,197,245,246,247,249,252,253,254,255,256,257,258,259,260,261,262,263,264,265,266,267,268,269,279,404,414,949,1002,1003,1004,1005,1007,1141,1165,1263,1264,
474;0;4853;4979;1;2,32,44,46,51,52,53,54,58,64,65,66,67,68,69,70,71,72,79,81,83,84,85,86,87,88,89,90,91,92,94,105,112,113,114,115,116,117,118,119,120,121,128,135,197,245,246,247,249,252,253,254,255,256,257,258,259,260,261,262,263,264,265,266,267,268,269,279,404,414,949,1002,1003,1004,1005,1007,1141,1165,1263,1264,
474;1;4979;5023;1;2,32,44,46,51,52,53,54,58,64,65,66,67,68,69,70,71,72,79,81,83,84,85,86,87,88,89,90,91,92,94,105,112,113,114,115,116,117,118,119,120,121,128,135,197,245,246,247,249,252,253,254,255,256,257,258,259,260,261,262,263,264,265,266,267,268,269,279,404,414,949,1002,1003,1004,1005,1007,1141,1165,1263,1264,
349;0;5023;5152;1;0,1,2,3,5,32,65,92,128,135,138,230,252,253,254,255,256,257,258,263,264,265,269,271,272,282,286,299,305,337,338,369,370,527,555,588,589,590,591,592,593,594,595,596,597,598,599,600,601,602,603,604,605,696,1011,1126,1127,1128,1129,1130,1131,1132,1133,1134,1135,1136,1137,1138,1139,1140,1141,1142,1143,1144,1165,1463,1464,1465,1466,1467,
349;1;5152;5261;1;0,1,2,3,5,32,65,92,128,135,138,230,252,253,254,255,256,257,258,263,264,265,269,271,272,282,286,299,305,337,338,369,370,527,555,588,589,590,591,592,593,594,595,596,597,598,599,600,601,602,603,604,605,696,1011,1126,1127,1128,1129,1130,1131,1132,1133,1134,1135,1136,1137,1138,1139,1140,1141,1142,1143,1144,1165,1463,1464,1465,1466,1467,
574;0;5261;5311;1;0,1,2,3,5,32,65,92,128,135,138,230,252,253,254,255,256,257,258,263,264,265,269,271,272,282,286,299,305,337,338,369,370,527,555,588,589,590,591,592,593,594,595,596,597,598,599,600,601,602,603,604,605,696,1011,1126,1127,1128,1129,1130,1131,1132,1133,1134,1135,1136,1137,1138,1139,1140,1141,1142,1143,1144,1165,1463,1464,1465,1466,1467,
574;1;5311;5459;1;0,1,2,3,5,32,65,92,128,135,138,230,252,253,254,255,256,257,258,263,264,265,269,271,272,282,286,299,305,337,338,369,370,527,555,588,589,590,591,592,593,594,595,596,597,598,599,600,601,602,603,604,605,696,1011,1126,1127,1128,1129,1130,1131,1132,1133,1134,1135,1136,1137,1138,1139,1140,1141,1142,1143,1144,1165,1463,1464,1465,1466,1467,
408;0;5459;5521;0;0,1,2,3,5,32,65,92,128,135,138,230,252,253,254,255,256,257,258,263,264,265,269,271,272,282,286,299,305,337,338,369,370,527,555,588,589,590,591,592,593,594,595,596,597,598,599,600,601,602,603,604,605,696,1011,1126,1127,1128,1129,1130,1131,1132,1133,1134,1135,1136,1137,1138,1139,1140,1141,1142,1143,1144,1165,1463,1464,1465,1466,1467,
408;1;5521;5599;0;0,1,2,3,5,32,65,92,128,135,138,230,252,253,254,255,256,257,258,263,264,265,269,271,272,282,286,299,305,337,338,369,370,527,555,588,589,590,591,592,593,594,595,596,597,598,599,600,601,602,603,604,605,696,1011,1126,1127,1128,1129,1130,1131,1132,1133,1134,1135,1136,1137,1138,1139,1140,1141,1142,1143,1144,1165,1463,1464,1465,1466,1467,
179;0;5599;5710;1;0,1,2,3,5,32,65,92,128,135,138,230,252,253,254,255,256,257,258,263,264,265,269,271,272,282,286,299,305,337,338,369,370,527,555,588,589,590,591,592,593,594,595,596,597,598,599,600,601,602,603,604,605,696,1011,1126,1127,1128,1129,1130,1131,1132,1133,1134,1135,1136,1137,1138,1139,1140,1141,1142,1143,1144,1165,1463,1464,1465,1466,1467,
179;1;5710;5858;1;0,1,2,3,5,32,65,92,128,135,138,230,252,253,254,255,256,257,258,263,264,265,269,271,272,282,286,299,305,337,338,369,370,527,555,588,589,590,591,592,593,594,595,596,597,598,599,600,601,602,603,604,605,696,1011,1126,1127,1128,1129,1130,1131,1132,1133,1134,1135,1136,1137,1138,1139,1140,1141,1142,1143,1144,1165,1463,1464,1465,1466,1467,
419;0;5858;5938;1;0,1,2,3,5,32,65,92,128,135,138,230,252,253,254,255,256,257,258,263,264,265,269,271,272,282,286,299,305,337,338,369,370,527,555,588,589,590,591,592,593,594,595,596,597,598,599,600,601,602,603,604,605,696,1011,1126,1127,1128,1129,1130,1131,1132,1133,1134,1135,1136,1137,1138,1139,1140,1141,1142,1143,1144,1165,1463,1464,1465,1466,1467,
419;1;5938;6011;1;0,1,2,3,5,32,65,92,128,135,138,230,252,253,254,255,256,257,258,263,264,265,269,271,272,282,286,299,305,337,338,369,370,527,555,588,589,590,591,592,593,594,595,596,597,598,599,600,601,602,603,604,605,696,1011,1126,1127,1128,1129,1130,1131,1132,1133,1134,1135,1136,1137,1138,1139,1140,1141,1142,1143,1144,1165,1463,1464,1465,1466,1467,
147;0;6011;6107;0;0,1,2,3,5,32,65,92,128,135,138,230,252,253,254,255,256,257,258,263,264,265,269,271,272,282,286,299,305,337,338,369,370,527,555,588,589,590,591,592,593,594,595,596,597,598,599,600,601,602,603,604,605,696,1011,1126,1127,1128,1129,1130,1131,1132,1133,1134,1135,1136,1137,1138,1139,1140,1141,1142,1143,1144,1165,1463,1464,1465,1466,1467,
224;0;6107;6143;1;0,1,2,3,5,32,65,92,128,135,138,230,252,253,254,255,256,257,258,263,264,265,269,271,272,282,286,299,305,337,338,369,370,527,555,588,589,590,591,592,593,594,595,596,597,598,599,600,601,602,603,604,605,696,1011,1126,1127,1128,1129,1130,1131,1132,1133,1134,1135,1136,1137,1138,1139,1140,1141,1142,1143,1144,1165,1463,1464,1465,1466,1467,
224;1;6143;6216;1;0,1,2,3,5,32,65,92,128,135,138,230,252,253,254,255,256,257,258,263,264,265,269,271,272,282,286,299,305,337,338,369,370,527,555,588,589,590,591,592,593,594,595,596,597,598,599,600,601,602,603,604,605,696,1011,1126,1127,1128,1129,1130,1131,1132,1133,1134,1135,1136,1137,1138,1139,1140,1141,1142,1143,1144,1165,1463,1464,1465,1466,1467,
641;0;6216;6282;1;0,1,2,3,5,32,65,92,128,135,138,230,252,253,254,255,256,257,258,263,264,265,269,271,272,282,286,299,305,337,338,369,370,527,555,588,589,590,591,592,593,594,595,596,597,598,599,600,601,602,603,604,605,696,1011,1126,1127,1128,1129,1130,1131,1132,1133,1134,1135,1136,1137,1138,1139,1140,1141,1142,1143,1144,1165,1463,1464,1465,1466,1467,
641;1;6282;6430;1;0,1,2,3,5,32,65,92,128,135,138,230,252,253,254,255,256,257,258,263,264,265,269,271,272,282,286,299,305,337,338,369,370,527,555,588,589,590,591,592,593,594,595,596,597,598,599,600,601,602,603,604,605,696,1011,1126,1127,1128,1129,1130,1131,1132,1133,1134,1135,1136,1137,1138,1139,1140,1141,1142,1143,1144,1165,1463,1464,1465,1466,1467,
148;0;6430;6444;0;32,65,92,93,128,132,135,136,138,186,230,252,253,254,255,256,257,258,263,264,265,269,299,305,332,334,335,336,337,338,339,340,341,342,343,344,345,346,347,382,412,506,518,519,520,521,522,523,524,525,526,527,528,529,530,531,532,533,534,535,536,555,588,589,590,605,1011,1125,1147,1165,1218,1219,1220,1221,1222,1223,1224,1225,1226,1508,
148;1;6444;6483;0;32,65,92,93,128,132,135,136,138,186,230,252,253,254,255,256,257,258,263,264,265,269,299,305,332,334,335,336,337,338,339,340,341,342,343,344,345,346,347,382,412,506,518,519,520,521,522,523,524,525,526,527,528,529,530,531,532,533,534,535,536,555,588,589,590,605,1011,1125,1147,1165,1218,1219,1220,1221,1222,1223,1224,1225,1226,1508,
486;0;6483;6542;1;32,65,92,93,128,132,135,136,138,186,230,252,253,254,255,256,257,258,263,264,265,269,299,305,332,334,335,336,337,338,339,340,341,342,343,344,345,346,347,382,412,506,518,519,520,521,522,523,524,525,526,527,528,529,530,531,532,533,534,535,536,555,588,589,590,605,1011,1125,1147,1165,1218,1219,1220,1221,1222,1223,1224,1225,1226,1508,
486;1;6542;6629;1;32,65,92,93,128,132,135,136,138,186,230,252,253,254,255,256,257,258,263,264,265,269,299,305,332,334,335,336,337,338,339,340,341,342,343,344,345,346,347,382,412,506,518,519,520,521,522,523,524,525,526,527,528,529,530,531,532,533,534,535,536,555,588,589,590,605,1011,1125,1147,1165,1218,1219,1220,1221,1222,1223,1224,1225,1226,1508,
245;0;6629;6689;0;32,65,92,93,128,132,135,136,138,186,230,252,253,254,255,256,257,258,263,264,265,269,299,305,332,334,335,336,337,338,339,340,341,342,343,344,345,346,347,382,412,506,518,519,520,521,522,523,524,525,526,527,528,529,530,531,532,533,534,535,536,555,588,589,590,605,1011,1125,1147,1165,1218,1219,1220,1221,1222,1223,1224,1225,1226,1508,
330;0;6689;6725;0;32,65,92,93,128,132,135,136,138,186,230,252,253,254,255,256,257,258,263,264,265,269,299,305,332,334,335,336,337,338,339,340,341,342,343,344,345,346,347,382,412,506,518,519,520,521,522,523,524,525,526,527,528,529,530,531,532,533,534,535,536,555,588,589,590,605,1011,1125,1147,1165,1218,1219,1220,1221,1222,1223,1224,1225,1226,1508,
125;0;6725;6764;0;32,65,92,93,128,132,135,136,138,186,230,252,253,254,255,256,257,258,263,264,265,269,299,305,332,334,335,336,337,338,339,340,341,342,343,344,345,346,347,382,412,506,518,519,520,521,522,523,524,525,526,527,528,529,530,531,532,533,534,535,536,555,588,589,590,605,1011,1125,1147,1165,1218,1219,1220,1221,1222,1223,1224,1225,1226,1508,
178;0;6764;6816;0;32,65,92,93,128,132,135,136,138,186,230,252,253,254,255,256,257,258,263,264,265,269,299,305,332,334,335,336,337,338,339,340,341,342,343,344,345,346,347,382,412,506,518,519,520,521,522,523,524,525,526,527,528,529,530,531,532,533,534,535,536,555,588,589,590,605,1011,1125,1147,1165,1218,1219,1220,1221,1222,1223,1224,1225,1226,1508,
178;1;6816;6889;0;32,65,92,93,128,132,135,136,138,186,230,252,253,254,255,256,257,258,263,264,265,269,299,305,332,334,335,336,337,338,339,340,341,342,343,344,345,346,347,382,412,506,518,519,520,521,522,523,524,525,526,527,528,529,530,531,532,533,534,535,536,555,588,589,590,605,1011,1125,1147,1165,1218,1219,1220,1221,1222,1223,1224,1225,1226,1508,
535;0;6889;6979;0;32,65,92,93,128,132,135,136,138,186,230,252,253,254,255,256,257,258,263,264,265,269,299,305,332,334,335,336,337,338,339,340,341,342,343,344,345,346,347,382,412,506,518,519,520,521,522,523,524,525,526,527,528,529,530,531,532,533,534,535,536,555,588,589,590,605,1011,1125,1147,1165,1218,1219,1220,1221,1222,1223,1224,1225,1226,1508,
374;0;6979;7005;1;32,65,92,93,128,132,135,136,138,186,230,252,253,254,255,256,257,258,263,264,265,269,299,305,332,334,335,336,337,338,339,340,341,342,343,344,345,346,347,382,412,506,518,519,520,521,522,523,524,525,526,527,528,529,530,531,532,533,534,535,536,555,588,589,590,605,1011,1125,1147,1165,1218,1219,1220,1221,1222,1223,1224,1225,1226,1508,
374;1;7005;7065;1;32,65,92,93,128,132,135,136,138,186,230,252,253,254,255,256,257,258,263,264,265,269,299,305,332,334,335,336,337,338,339,340,341,342,343,344,345,346,347,382,412,506,518,519,520,521,522,523,524,525,526,527,528,529,530,531,532,533,534,535,536,555,588,589,590,605,1011,1125,1147,1165,1218,1219,1220,1221,1222,1223,1224,1225,1226,1508,
568;0;7065;7120;0;32,65,92,93,128,132,135,136,138,186,230,252,253,254,255,256,257,258,263,264,265,269,299,305,332,334,335,336,337,338,339,340,341,342,343,344,345,346,347,382,412,506,518,519,520,521,522,523,524,525,526,527,528,529,530,531,532,533,534,535,536,555,588,589,590,605,1011,1125,1147,1165,1218,1219,1220,1221,1222,1223,1224,1225,1226,1508,
568;1;7120;7216;0;32,65,92,93,128,132,135,136,138,186,230,252,253,254,255,256,257,258,263,264,265,269,299,305,332,334,335,336,337,338,339,340,341,342,343,344,345,346,347,382,412,506,518,519,520,521,522,523,524,525,526,527,528,529,530,531,532,533,534,535,536,555,588,589,590,605,1011,1125,1147,1165,1218,1219,1220,1221,1222,1223,1224,1225,1226,1508,
494;0;7216;7355;1;32,38,128,132,135,136,138,186,252,253,254,255,256,257,258,263,264,265,269,299,316,332,334,335,336,337,338,339,340,341,342,343,344,345,346,347,352,368,382,412,506,518,519,520,521,522,523,524,525,526,527,528,529,530,531,532,533,534,535,536,546,554,704,705,706,707,708,709,710,711,712,713,714,715,716,717,718,719,720,721,
494;1;7355;7388;1;32,38,128,132,135,136,138,186,252,253,254,255,256,257,258,263,264,265,269,299,316,332,334,335,336,337,338,339,340,341,342,343,344,345,346,347,352,368,382,412,506,518,519,520,521,522,523,524,525,526,527,528,529,530,531,532,533,534,535,536,546,554,704,705,706,707,708,709,710,711,712,713,714,715,716,717,718,719,720,721,
739;0;7388;7402;1;32,38,128,132,135,136,138,186,252,253,254,255,256,257,258,263,264,265,269,299,316,332,334,335,336,337,338,339,340,341,342,343,344,345,346,347,352,368,382,412,506,518,519,520,521,522,523,524,525,526,527,528,529,530,531,532,533,534,535,536,546,554,704,705,706,707,708,709,710,711,712,713,714,715,716,717,718,719,720,721,
739;1;7402;7435;1;32,38,128,132,135,136,138,186,252,253,254,255,256,257,258,263,264,265,269,299,316,332,334,335,336,337,338,339,340,341,342,343,344,345,346,347,352,368,382,412,506,518,519,520,521,522,523,524,525,526,527,528,529,530,531,532,533,534,535,536,546,554,704,705,706,707,708,709,710,711,712,713,714,715,716,717,718,719,720,721,
44;0;7435;7446;1;32,38,128,132,135,136,138,186,252,253,254,255,256,257,258,263,264,265,269,299,316,332,334,335,336,337,338,339,340,341,342,343,344,345,346,347,352,368,382,412,506,518,519,520,521,522,523,524,525,526,527,528,529,530,531,532,533,534,535,536,546,554,704,705,706,707,708,709,710,711,712,713,714,715,716,717,718,719,720,721,
44;1;7446;7485;1;32,38,128,132,135,136,138,186,252,253,254,255,256,257,258,263,264,265,269,299,316,332,334,335,336,337,338,339,340,341,342,343,344,345,346,347,352,368,382,412,506,518,519,520,521,522,523,524,525,526,527,528,529,530,531,532,533,534,535,536,546,554,704,705,706,707,708,709,710,711,712,713,714,715,716,717,718,719,720,721,
399;0;7485;7511;1;32,38,128,132,135,136,138,186,252,253,254,255,256,257,258,263,264,265,269,299,316,332,334,335,336,337,338,339,340,341,342,343,344,345,346,347,352,368,382,412,506,518,519,520,521,522,523,524,525,526,527,528,529,530,531,532,533,534,535,536,546,554,704,705,706,707,708,709,710,711,712,713,714,715,716,717,718,719,720,721,
399;1;7511;7544;1;32,38,128,132,135,136,138,186,252,253,254,255,256,257,258,263,264,265,269,299,316,332,334,335,336,337,338,339,340,341,342,343,344,345,346,347,352,368,382,412,506,518,519,520,521,522,523,524,525,526,527,528,529,530,531,532,533,534,535,536,546,554,704,705,706,707,708,709,710,711,712,713,714,715,716,717,718,719,720,721,
426;0;7544;7628;1;32,38,128,132,135,136,138,186,252,253,254,255,256,257,258,263,264,265,269,299,316,332,334,335,336,337,338,339,340,341,342,343,344,345,346,347,352,368,382,412,506,518,519,520,521,522,523,524,525,526,527,528,529,530,531,532,533,534,535,536,546,554,704,705,706,707,708,709,710,711,712,713,714,715,716,717,718,719,720,721,
426;1;7628;7701;1;32,38,128,132,135,136,138,186,252,253,254,255,256,257,258,263,264,265,269,299,316,332,334,335,336,337,338,339,340,341,342,343,344,345,346,347,352,368,382,412,506,518,519,520,521,522,523,524,525,526,527,528,529,530,531,532,533,534,535,536,546,554,704,705,706,707,708,709,710,711,712,713,714,715,716,717,718,719,720,721,
283;0;7701;7798;0;32,38,128,132,135,136,138,186,252,253,254,255,256,257,258,263,264,265,269,299,316,332,334,335,336,337,338,339,340,341,342,343,344,345,346,347,352,368,382,412,506,518,519,520,521,522,523,524,525,526,527,528,529,530,531,532,533,534,535,536,546,554,704,705,706,707,708,709,710,711,712,713,714,715,716,717,718,719,720,721,
283;1;7798;7871;0;32,38,128,132,135,136,138,186,252,253,254,255,256,257,258,263,264,265,269,299,316,332,334,335,336,337,338,339,340,341,342,343,344,345,346,347,352,368,382,412,506,518,519,520,521,522,523,524,525,526,527,528,529,530,531,532,533,534,535,536,546,554,704,705,706,707,708,709,710,711,712,713,714,715,716,717,718,719,720,721,
389;0;7871;8035;1;32,45,128,132,135,136,138,186,252,253,254,255,256,257,258,259,260,261,262,263,264,265,266,267,268,269,299,316,320,332,335,336,337,345,346,347,382,390,404,412,448,484,497,506,518,519,520,521,522,523,524,525,526,527,528,529,530,531,532,533,534,535,536,566,650,651,652,653,654,655,662,663,664,665,666,667,717,721,906,1145,
389;1;8035;8056;1;32,45,128,132,135,136,138,186,252,253,254,255,256,257,258,259,260,261,262,263,264,265,266,267,268,269,299,316,320,332,335,336,337,345,346,347,382,390,404,412,448,484,497,506,518,519,520,521,522,523,524,525,526,527,528,529,530,531,532,533,534,535,536,566,650,651,652,653,654,655,662,663,664,665,666,667,717,721,906,1145,
369;0;8056;8107;1;32,45,128,132,135,136,138,186,252,253,254,255,256,257,258,259,260,261,262,263,264,265,266,267,268,269,299,316,320,332,335,336,337,345,346,347,382,390,404,412,448,484,497,506,518,519,520,521,522,523,524,525,526,527,528,529,530,531,532,533,534,535,536,566,650,651,652,653,654,655,662,663,664,665,666,667,717,721,906,1145,
369;1;8107;8146;1;32,45,128,132,135,136,138,186,252,253,254,255,256,257,258,259,260,261,262,263,264,265,266,267,268,269,299,316,320,332,335,336,337,345,346,347,382,390,404,412,448,484,497,506,518,519,520,521,522,523,524,525,526,527,528,529,530,531,532,533,534,535,536,566,650,651,652,653,654,655,662,663,664,665,666,667,717,721,906,1145,
671;0;8146;8297;1;32,45,128,132,135,136,138,186,252,253,254,255,256,257,258,259,260,261,262,263,264,265,266,267,268,269,299,316,320,332,335,336,337,345,346,347,382,390,404,412,448,484,497,506,518,519,520,521,522,523,524,525,526,527,528,529,530,531,532,533,534,535,536,566,650,651,652,653,654,655,662,663,664,665,666,667,717,721,906,1145,
671;1;8297;8388;1;32,45,128,132,135,136,138,186,252,253,254,255,256,257,258,259,260,261,262,263,264,265,266,267,268,269,299,316,320,332,335,336,337,345,346,347,382,390,404,412,448,484,497,506,518,519,520,521,522,523,524,525,526,527,528,529,530,531,532,533,534,535,536,566,650,651,652,653,654,655,662,663,664,665,666,667,717,721,906,1145,
264;0;8388;8416;1;32,45,128,132,135,136,138,186,252,253,254,255,256,257,258,259,260,261,262,263,264,265,266,267,268,269,299,316,320,332,335,336,337,345,346,347,382,390,404,412,448,484,497,506,518,519,520,521,522,523,524,525,526,527,528,529,530,531,532,533,534,535,536,566,650,651,652,653,654,655,662,663,664,665,666,667,717,721,906,1145,
264;1;8416;8466;1;32,45,128,132,135,136,138,186,252,253,254,255,256,257,258,259,260,261,262,263,264,265,266,267,268,269,299,316,320,332,335,336,337,345,346,347,382,390,404,412,448,484,497,506,518,519,520,521,522,523,524,525,526,527,528,529,530,531,532,533,534,535,536,566,650,651,652,653,654,655,662,663,664,665,666,667,717,721,906,1145,
46;0;8466;8494;1;32,45,128,132,135,136,138,186,252,253,254,255,256,257,258,259,260,261,262,263,264,265,266,267,268,269,299,316,320,332,335,336,337,345,346,347,382,390,404,412,448,484,497,506,518,519,520,521,522,523,524,525,526,527,528,529,530,531,532,533,534,535,536,566,650,651,652,653,654,655,662,663,664,665,666,667,717,721,906,1145,
46;1;8494;8664;1;32,45,128,132,135,136,138,186,252,253,254,255,256,257,258,259,260,261,262,263,264,265,266,267,268,269,299,316,320,332,335,336,337,345,346,347,382,390,404,412,448,484,497,506,518,519,520,521,522,523,524,525,526,527,528,529,530,531,532,533,534,535,536,566,650,651,652,653,654,655,662,663,664,665,666,667,717,721,906,1145,
131;0;8664;8804;1;32,45,128,132,135,136,138,186,252,253,254,255,256,257,258,259,260,261,262,263,264,265,266,267,268,269,299,316,320,332,335,336,337,345,346,347,382,390,404,412,448,484,497,506,518,519,520,521,522,523,524,525,526,527,528,529,530,531,532,533,534,535,536,566,650,651,652,653,654,655,662,663,664,665,666,667,717,721,906,1145,
131;1;8804;8928;1;32,45,128,132,135,136,138,186,252,253,254,255,256,257,258,259,260,261,262,263,264,265,266,267,268,269,299,316,320,332,335,336,337,345,346,347,382,390,404,412,448,484,497,506,518,519,520,521,522,523,524,525,526,527,528,529,530,531,532,533,534,535,536,566,650,651,652,653,654,655,662,663,664,665,666,667,717,721,906,1145,
187;0;8928;8979;0;32,45,128,132,135,136,138,186,252,253,254,255,256,257,258,259,260,261,262,263,264,265,266,267,268,269,299,316,320,332,335,336,337,345,346,347,382,390,404,412,448,484,497,506,518,519,520,521,522,523,524,525,526,527,528,529,530,531,532,533,534,535,536,566,650,651,652,653,654,655,662,663,664,665,666,667,717,721,906,1145,
208;0;8979;9001;0;32,45,128,132,135,136,138,186,252,253,254,255,256,257,258,259,260,261,262,263,264,265,266,267,268,269,299,316,320,332,335,336,337,345,346,347,382,390,404,412,448,484,497,506,518,519,520,521,522,523,524,525,526,527,528,529,530,531,532,533,534,535,536,566,650,651,652,653,654,655,662,663,664,665,666,667,717,721,906,1145,
208;1;9001;9045;0;32,45,128,132,135,136,138,186,252,253,254,255,256,257,258,259,260,261,262,263,264,265,266,267,268,269,299,316,320,332,335,336,337,345,346,347,382,390,404,412,448,484,497,506,518,519,520,521,522,523,524,525,526,527,528,529,530,531,532,533,534,535,536,566,650,651,652,653,654,655,662,663,664,665,666,667,717,721,906,1145,
188;0;9045;9089;0;32,45,128,132,135,136,138,186,252,253,254,255,256,257,258,259,260,261,262,263,264,265,266,267,268,269,299,316,320,332,335,336,337,345,346,347,382,390,404,412,448,484,497,506,518,519,520,521,522,523,524,525,526,527,528,529,530,531,532,533,534,535,536,566,650,651,652,653,654,655,662,663,664,665,666,667,717,721,906,1145,
188;1;9089;9110;0;32,45,128,132,135,136,138,186,252,253,254,255,256,257,258,259,260,261,262,263,264,265,266,267,268,269,299,316,320,332,335,336,337,345,346,347,382,390,404,412,448,484,497,506,518,519,520,521,522,523,524,525,526,527,528,529,530,531,532,533,534,535,536,566,650,651,652,653,654,655,662,663,664,665,666,667,717,721,906,1145,
262;0;9110;9161;0;32,45,128,132,135,136,138,186,252,253,254,255,256,257,258,259,260,261,262,263,264,265,266,267,268,269,299,316,320,332,335,336,337,345,346,347,382,390,404,412,448,484,497,506,518,519,520,521,522,523,524,525,526,527,528,529,530,531,532,533,534,535,536,566,650,651,652,653,654,655,662,663,664,665,666,667,717,721,906,1145,
359;0;9161;9244;1;32,45,128,130,132,133,135,136,138,186,252,253,263,264,265,269,299,316,320,332,336,337,345,358,382,390,408,412,472,484,497,519,527,529,543,622,625,626,627,639,651,662,663,664,665,666,667,717,721,781,798,906,931,943,960,961,962,963,964,1063,1160,1161,1162,1163,1164,1203,1204,1205,1206,1207,1208,1209,1210,1211,1212,1213,1214,1215,1216,1217,
359;1;9244;9367;1;32,45,128,130,132,133,135,136,138,186,252,253,263,264,265,269,299,316,320,332,336,337,345,358,382,390,408,412,472,484,497,519,527,529,543,622,625,626,627,639,651,662,663,664,665,666,667,717,721,781,798,906,931,943,960,961,962,963,964,1063,1160,1161,1162,1163,1164,1203,1204,1205,1206,1207,1208,1209,1210,1211,1212,1213,1214,1215,1216,1217,
526;0;9367;9517;1;32,45,128,130,132,133,135,136,138,186,252,253,263,264,265,269,299,316,320,332,336,337,345,358,382,390,408,412,472,484,497,519,527,529,543,622,625,626,627,639,651,662,663,664,665,666,667,717,721,781,798,906,931,943,960,961,962,963,964,1063,1160,1161,1162,1163,1164,1203,1204,1205,1206,1207,1208,1209,1210,1211,1212,1213,1214,1215,1216,1217,
526;1;9517;9685;1;32,45,128,130,132,133,135,136,138,186,252,253,263,264,265,269,299,316,320,332,336,337,345,358,382,390,408,412,472,484,497,519,527,529,543,622,625,626,627,639,651,662,663,664,665,666,667,717,721,781,798,906,931,943,960,961,962,963,964,1063,1160,1161,1162,1163,1164,1203,1204,1205,1206,1207,1208,1209,1210,1211,1212,1213,1214,1215,1216,1217,
167;0;9685;9736;0;32,45,128,130,132,133,135,136,138,186,252,253,263,264,265,269,299,316,320,332,336,337,345,358,382,390,408,412,472,484,497,519,527,529,543,622,625,626,627,639,651,662,663,664,665,666,667,717,721,781,798,906,931,943,960,961,962,963,964,1063,1160,1161,1162,1163,1164,1203,1204,1205,1206,1207,1208,1209,1210,1211,1212,1213,1214,1215,1216,1217,
667;0;9736;9787;0;32,45,128,130,132,133,135,136,138,186,252,253,263,264,265,269,299,316,320,332,336,337,345,358,382,390,408,412,472,484,497,519,527,529,543,622,625,626,627,639,651,662,663,664,665,666,667,717,721,781,798,906,931,943,960,961,962,963,964,1063,1160,1161,1162,1163,1164,1203,1204,1205,1206,1207,1208,1209,1210,1211,1212,1213,1214,1215,1216,1217,
715;0;9787;9819;0;32,45,128,130,132,133,135,136,138,186,252,253,263,264,265,269,299,316,320,332,336,337,345,358,382,390,408,412,472,484,497,519,527,529,543,622,625,626,627,639,651,662,663,664,665,666,667,717,721,781,798,906,931,943,960,961,962,963,964,1063,1160,1161,1162,1163,1164,1203,1204,1205,1206,1207,1208,1209,1210,1211,1212,1213,1214,1215,1216,1217,
609;0;9819;9843;1;32,45,128,130,132,133,135,136,138,186,252,253,263,264,265,269,299,316,320,332,336,337,345,358,382,390,408,412,472,484,497,519,527,529,543,622,625,626,627,639,651,662,663,664,665,666,667,717,721,781,798,906,931,943,960,961,962,963,964,1063,1160,1161,1162,1163,1164,1203,1204,1205,1206,1207,1208,1209,1210,1211,1212,1213,1214,1215,1216,1217,
609;1;9843;9875;1;32,45,128,130,132,133,135,136,138,186,252,253,263,264,265,269,299,316,320,332,336,337,345,358,382,390,408,412,472,484,497,519,527,529,543,622,625,626,627,639,651,662,663,664,665,666,667,717,721,781,798,906,931,943,960,961,962,963,964,1063,1160,1161,1162,1163,1164,1203,1204,1205,1206,1207,1208,1209,1210,1211,1212,1213,1214,1215,1216,1217,
396;0;9875;10012;1;32,45,128,130,132,133,135,136,138,186,252,253,263,264,265,269,299,316,320,332,336,337,345,358,382,390,408,412,472,484,497,519,527,529,543,622,625,626,627,639,651,662,663,664,665,666,667,717,721,781,798,906,931,943,960,961,962,963,964,1063,1160,1161,1162,1163,1164,1203,1204,1205,1206,1207,1208,1209,1210,1211,1212,1213,1214,1215,1216,1217,
396;1;10012;10044;1;32,45,128,130,132,133,135,136,138,186,252,253,263,264,265,269,299,316,320,332,336,337,345,358,382,390,408,412,472,484,497,519,527,529,543,622,625,626,627,639,651,662,663,664,665,666,667,717,721,781,798,906,931,943,960,961,962,963,964,1063,1160,1161,1162,1163,1164,1203,1204,1205,1206,1207,1208,1209,1210,1211,1212,1213,1214,1215,1216,1217,
240;0;10044;10076;0;32,45,128,130,132,133,135,136,138,186,252,253,263,264,265,269,299,316,320,332,336,337,345,358,382,390,408,412,472,484,497,519,527,529,543,622,625,626,627,639,651,662,663,664,665,666,667,717,721,781,798,906,931,943,960,961,962,963,964,1063,1160,1161,1162,1163,1164,1203,1204,1205,1206,1207,1208,1209,1210,1211,1212,1213,1214,1215,1216,1217,
Machine: 5
542;0;0;4;0;0,1,2,3,5,70,72,105,110,155,176,272,377,385,396,414,415,416,417,418,419,517,529,660,661,847,914,919,949,991,1007,1066,1108,1191,1200,1234,1235,1236,1237,1238,1239,1240,1241,1242,1243,1244,1245,1246,1247,1248,1249,1250,1251,1252,1253,1254,1255,1256,1257,1258,1410,1411,1412,1413,1414,1415,1416,1417,1418,1419,1420,1421,1422,1423,1424,1425,1426,1427,1428,1429,
606;0;4;40;1;0,1,2,3,5,70,72,105,110,155,176,272,377,385,396,414,415,416,417,418,419,517,529,660,661,847,914,919,949,991,1007,1066,1108,1191,1200,1234,1235,1236,1237,1238,1239,1240,1241,1242,1243,1244,1245,1246,1247,1248,1249,1250,1251,1252,1253,1254,1255,1256,1257,1258,1410,1411,1412,1413,1414,1415,1416,1417,1418,1419,1420,1421,1422,1423,1424,1425,1426,1427,1428,1429,
606;1;40;102;1;0,1,2,3,5,70,72,105,110,155,176,272,377,385,396,414,415,416,417,418,419,517,529,660,661,847,914,919,949,991,1007,1066,1108,1191,1200,1234,1235,1236,1237,1238,1239,1240,1241,1242,1243,1244,1245,1246,1247,1248,1249,1250,1251,1252,1253,1254,1255,1256,1257,1258,1410,1411,1412,1413,1414,1415,1416,1417,1418,1419,1420,1421,1422,1423,1424,1425,1426,1427,1428,1429,
254;0;102;271;1;0,1,2,3,5,70,72,105,110,155,176,272,377,385,396,414,415,416,417,418,419,517,529,660,661,847,914,919,949,991,1007,1066,1108,1191,1200,1234,1235,1236,1237,1238,1239,1240,1241,1242,1243,1244,1245,1246,1247,1248,1249,1250,1251,1252,1253,1254,1255,1256,1257,1258,1410,1411,1412,1413,1414,1415,1416,1417,1418,1419,1420,1421,1422,1423,1424,1425,1426,1427,1428,1429,
254;1;271;332;1;0,1,2,3,5,70,72,105,110,155,176,272,377,385,396,414,415,416,417,418,419,517,529,660,661,847,914,919,949,991,1007,1066,1108,1191,1200,1234,1235,1236,1237,1238,1239,1240,1241,1242,1243,1244,1245,1246,1247,1248,1249,1250,1251,1252,1253,1254,1255,1256,1257,1258,1410,1411,1412,1413,1414,1415,1416,1417,1418,1419,1420,1421,1422,1423,1424,1425,1426,1427,1428,1429,
56;0;332;433;1;0,1,2,3,5,70,72,105,110,155,176,272,377,385,396,414,415,416,417,418,419,517,529,660,661,847,914,919,949,991,1007,1066,1108,1191,1200,1234,1235,1236,1237,1238,1239,1240,1241,1242,1243,1244,1245,1246,1247,1248,1249,1250,1251,1252,1253,1254,1255,1256,1257,1258,1410,1411,1412,1413,1414,1415,1416,1417,1418,1419,1420,1421,1422,1423,1424,1425,1426,1427,1428,1429,
56;1;433;537;1;0,1,2,3,5,70,72,105,110,155,176,272,377,385,396,414,415,416,417,418,419,517,529,660,661,847,914,919,949,991,1007,1066,1108,1191,1200,1234,1235,1236,1237,1238,1239,1240,1241,1242,1243,1244,1245,1246,1247,1248,1249,1250,1251,1252,1253,1254,1255,1256,1257,1258,1410,1411,1412,1413,1414,1415,1416,1417,1418,1419,1420,1421,1422,1423,1424,1425,1426,1427,1428,1429,
136;0;537;581;1;0,1,2,3,5,70,72,105,110,155,176,272,377,385,396,414,415,416,417,418,419,517,529,660,661,847,914,919,949,991,1007,1066,1108,1191,1200,1234,1235,1236,1237,1238,1239,1240,1241,1242,1243,1244,1245,1246,1247,1248,1249,1250,1251,1252,1253,1254,1255,1256,1257,1258,1410,1411,1412,1413,1414,1415,1416,1417,1418,1419,1420,1421,1422,1423,1424,1425,1426,1427,1428,1429,
136;1;581;685;1;0,1,2,3,5,70,72,105,110,155,176,272,377,385,396,414,415,416,417,418,419,517,529,660,661,847,914,919,949,991,1007,1066,1108,1191,1200,1234,1235,1236,1237,1238,1239,1240,1241,1242,1243,1244,1245,1246,1247,1248,1249,1250,1251,1252,1253,1254,1255,1256,1257,1258,1410,1411,1412,1413,1414,1415,1416,1417,1418,1419,1420,1421,1422,1423,1424,1425,1426,1427,1428,1429,
458;0;685;819;0;0,1,2,3,5,17,18,19,20,21,22,23,24,25,26,27,28,29,30,31,32,33,34,35,36,37,38,39,40,41,42,43,70,72,105,110,147,153,155,176,272,385,393,396,402,414,436,444,660,661,777,827,828,847,860,914,919,1112,1387,1388,1389,1390,1391,1392,1393,1394,1395,1396,1397,1398,1399,1400,1401,1402,1403,1404,1405,1406,1407,1408,
458;1;819;896;0;0,1,2,3,5,17,18,19,20,21,22,23,24,25,26,27,28,29,30,31,32,33,34,35,36,37,38,39,40,41,42,43,70,72,105,110,147,153,155,176,272,385,393,396,402,414,436,444,660,661,777,827,828,847,860,914,919,1112,1387,1388,1389,1390,1391,1392,1393,1394,1395,1396,1397,1398,1399,1400,1401,1402,1403,1404,1405,1406,1407,1408,
559;0;896;1031;1;0,1,2,3,5,17,18,19,20,21,22,23,24,25,26,27,28,29,30,31,32,33,34,35,36,37,38,39,40,41,42,43,70,72,105,110,147,153,155,176,272,385,393,396,402,414,436,444,660,661,777,827,828,847,860,914,919,1112,1387,1388,1389,1390,1391,1392,1393,1394,1395,1396,1397,1398,1399,1400,1401,1402,1403,1404,1405,1406,1407,1408,
559;1;1031;1060;1;0,1,2,3,5,17,18,19,20,21,22,23,24,25,26,27,28,29,30,31,32,33,34,35,36,37,38,39,40,41,42,43,70,72,105,110,147,153,155,176,272,385,393,396,402,414,436,444,660,661,777,827,828,847,860,914,919,1112,1387,1388,1389,1390,1391,1392,1393,1394,1395,1396,1397,1398,1399,1400,1401,1402,1403,1404,1405,1406,1407,1408,
64;0;1060;1111;1;0,1,2,3,5,17,18,19,20,21,22,23,24,25,26,27,28,29,30,31,32,33,34,35,36,37,38,39,40,41,42,43,70,72,105,110,147,153,155,176,272,385,393,396,402,414,436,444,660,661,777,827,828,847,860,914,919,1112,1387,1388,1389,1390,1391,1392,1393,1394,1395,1396,1397,1398,1399,1400,1401,1402,1403,1404,1405,1406,1407,1408,
64;1;1111;1176;1;0,1,2,3,5,17,18,19,20,21,22,23,24,25,26,27,28,29,30,31,32,33,34,35,36,37,38,39,40,41,42,43,70,72,105,110,147,153,155,176,272,385,393,396,402,414,436,444,660,661,777,827,828,847,860,914,919,1112,1387,1388,1389,1390,1391,1392,1393,1394,1395,1396,1397,1398,1399,1400,1401,1402,1403,1404,1405,1406,1407,1408,
731;0;1176;1257;1;0,1,2,3,5,17,18,19,20,21,22,23,24,25,26,27,28,29,30,31,32,33,34,35,36,37,38,39,40,41,42,43,70,72,105,110,147,153,155,176,272,385,393,396,402,414,436,444,660,661,777,827,828,847,860,914,919,1112,1387,1388,1389,1390,1391,1392,1393,1394,1395,1396,1397,1398,1399,1400,1401,1402,1403,1404,1405,1406,1407,1408,
731;1;1257;1286;1;0,1,2,3,5,17,18,19,20,21,22,23,24,25,26,27,28,29,30,31,32,33,34,35,36,37,38,39,40,41,42,43,70,72,105,110,147,153,155,176,272,385,393,396,402,414,436,444,660,661,777,827,828,847,860,914,919,1112,1387,1388,1389,1390,1391,1392,1393,1394,1395,1396,1397,1398,1399,1400,1401,1402,1403,1404,1405,1406,1407,1408,
311;0;1286;1327;1;0,1,2,3,5,17,18,19,20,21,22,23,24,25,26,27,28,29,30,31,32,33,34,35,36,37,38,39,40,41,42,43,70,72,105,110,147,153,155,176,272,385,393,396,402,414,436,444,660,661,777,827,828,847,860,914,919,1112,1387,1388,1389,1390,1391,1392,1393,1394,1395,1396,1397,1398,1399,1400,1401,1402,1403,1404,1405,1406,1407,1408,
311;1;1327;1476;1;0,1,2,3,5,17,18,19,20,21,22,23,24,25,26,27,28,29,30,31,32,33,34,35,36,37,38,39,40,41,42,43,70,72,105,110,147,153,155,176,272,385,393,396,402,414,436,444,660,661,777,827,828,847,860,914,919,1112,1387,1388,1389,1390,1391,1392,1393,1394,1395,1396,1397,1398,1399,1400,1401,1402,1403,1404,1405,1406,1407,1408,
453;0;1476;1497;0;0,1,2,3,5,17,18,19,20,21,22,23,24,25,26,27,28,29,30,31,32,33,34,35,36,37,38,39,40,41,42,43,70,72,105,110,147,153,155,176,272,385,393,396,402,414,436,444,660,661,777,827,828,847,860,914,919,1112,1387,1388,1389,1390,1391,1392,1393,1394,1395,1396,1397,1398,1399,1400,1401,1402,1403,1404,1405,1406,1407,1408,
453;1;1497;1618;0;0,1,2,3,5,17,18,19,20,21,22,23,24,25,26,27,28,29,30,31,32,33,34,35,36,37,38,39,40,41,42,43,70,72,105,110,147,153,155,176,272,385,393,396,402,414,436,444,660,661,777,827,828,847,860,914,919,1112,1387,1388,1389,1390,1391,1392,1393,1394,1395,1396,1397,1398,1399,1400,1401,1402,1403,1404,1405,1406,1407,1408,
734;0;1618;1754;1;0,1,2,3,5,17,18,19,20,21,22,23,24,25,26,27,28,29,30,31,32,33,34,35,36,37,38,39,40,41,42,43,70,72,105,110,147,153,155,176,272,385,393,396,402,414,436,444,660,661,777,827,828,847,860,914,919,1112,1387,1388,1389,1390,1391,1392,1393,1394,1395,1396,1397,1398,1399,1400,1401,1402,1403,1404,1405,1406,1407,1408,
734;1;1754;1875;1;0,1,2,3,5,17,18,19,20,21,22,23,24,25,26,27,28,29,30,31,32,33,34,35,36,37,38,39,40,41,42,43,70,72,105,110,147,153,155,176,272,385,393,396,402,414,436,444,660,661,777,827,828,847,860,914,919,1112,1387,1388,1389,1390,1391,1392,1393,1394,1395,1396,1397,1398,1399,1400,1401,1402,1403,1404,1405,1406,1407,1408,
58;0;1875;1952;0;0,1,2,3,5,17,18,19,20,21,22,23,24,25,26,27,28,29,30,31,32,33,34,35,36,37,38,39,40,41,42,43,70,72,105,110,147,153,155,176,272,385,393,396,402,414,436,444,660,661,777,827,828,847,860,914,919,1112,1387,1388,1389,1390,1391,1392,1393,1394,1395,1396,1397,1398,1399,1400,1401,1402,1403,1404,1405,1406,1407,1408,
58;1;1952;2029;0;0,1,2,3,5,17,18,19,20,21,22,23,24,25,26,27,28,29,30,31,32,33,34,35,36,37,38,39,40,41,42,43,70,72,105,110,147,153,155,176,272,385,393,396,402,414,436,444,660,661,777,827,828,847,860,914,919,1112,1387,1388,1389,1390,1391,1392,1393,1394,1395,1396,1397,1398,1399,1400,1401,1402,1403,1404,1405,1406,1407,1408,
484;0;2029;2204;1;0,2,3,4,5,32,42,44,45,54,67,70,71,72,73,74,75,76,77,78,79,80,81,82,87,105,112,113,114,115,116,117,118,119,120,121,132,140,153,155,186,196,230,271,272,286,327,378,379,380,381,382,383,384,385,388,390,392,393,395,396,402,436,444,660,661,777,914,919,1126,1135,1137,1190,1227,1228,1229,1230,1231,1232,1233,
484;1;2204;2356;1;0,2,3,4,5,32,42,44,45,54,67,70,71,72,73,74,75,76,77,78,79,80,81,82,87,105,112,113,114,115,116,117,118,119,120,121,132,140,153,155,186,196,230,271,272,286,327,378,379,380,381,382,383,384,385,388,390,392,393,395,396,402,436,444,660,661,777,914,919,1126,1135,1137,1190,1227,1228,1229,1230,1231,1232,1233,
736;0;2356;2513;1;0,2,3,4,5,32,42,44,45,54,67,70,71,72,73,74,75,76,77,78,79,80,81,82,87,105,112,113,114,115,116,117,118,119,120,121,132,140,153,155,186,196,230,271,272,286,327,378,379,380,381,382,383,384,385,388,390,392,393,395,396,402,436,444,660,661,777,914,919,1126,1135,1137,1190,1227,1228,1229,1230,1231,1232,1233,
736;1;2513;2597;1;0,2,3,4,5,32,42,44,45,54,67,70,71,72,73,74,75,76,77,78,79,80,81,82,87,105,112,113,114,115,116,117,118,119,120,121,132,140,153,155,186,196,230,271,272,286,327,378,379,380,381,382,383,384,385,388,390,392,393,395,396,402,436,444,660,661,777,914,919,1126,1135,1137,1190,1227,1228,1229,1230,1231,1232,1233,
701;0;2597;2703;1;0,2,3,4,5,32,42,44,45,54,67,70,71,72,73,74,75,76,77,78,79,80,81,82,87,105,112,113,114,115,116,117,118,119,120,121,132,140,153,155,186,196,230,271,272,286,327,378,379,380,381,382,383,384,385,388,390,392,393,395,396,402,436,444,660,661,777,914,919,1126,1135,1137,1190,1227,1228,1229,1230,1231,1232,1233,
701;1;2703;2733;1;0,2,3,4,5,32,42,44,45,54,67,70,71,72,73,74,75,76,77,78,79,80,81,82,87,105,112,113,114,115,116,117,118,119,120,121,132,140,153,155,186,196,230,271,272,286,327,378,379,380,381,382,383,384,385,388,390,392,393,395,396,402,436,444,660,661,777,914,919,1126,1135,1137,1190,1227,1228,1229,1230,1231,1232,1233,
463;0;2733;2875;0;0,2,3,4,5,32,42,44,45,54,67,70,71,72,73,74,75,76,77,78,79,80,81,82,87,105,112,113,114,115,116,117,118,119,120,121,132,140,153,155,186,196,230,271,272,286,327,378,379,380,381,382,383,384,385,388,390,392,393,395,396,402,436,444,660,661,777,914,919,1126,1135,1137,1190,1227,1228,1229,1230,1231,1232,1233,
463;1;2875;2887;0;0,2,3,4,5,32,42,44,45,54,67,70,71,72,73,74,75,76,77,78,79,80,81,82,87,105,112,113,114,115,116,117,118,119,120,121,132,140,153,155,186,196,230,271,272,286,327,378,379,380,381,382,383,384,385,388,390,392,393,395,396,402,436,444,660,661,777,914,919,1126,1135,1137,1190,1227,1228,1229,1230,1231,1232,1233,
358;0;2887;2918;0;0,2,3,4,5,32,42,44,45,54,67,70,71,72,73,74,75,76,77,78,79,80,81,82,87,105,112,113,114,115,116,117,118,119,120,121,132,140,153,155,186,196,230,271,272,286,327,378,379,380,381,382,383,384,385,388,390,392,393,395,396,402,436,444,660,661,777,914,919,1126,1135,1137,1190,1227,1228,1229,1230,1231,1232,1233,
358;1;2918;2947;0;0,2,3,4,5,32,42,44,45,54,67,70,71,72,73,74,75,76,77,78,79,80,81,82,87,105,112,113,114,115,116,117,118,119,120,121,132,140,153,155,186,196,230,271,272,286,327,378,379,380,381,382,383,384,385,388,390,392,393,395,396,402,436,444,660,661,777,914,919,1126,1135,1137,1190,1227,1228,1229,1230,1231,1232,1233,
539;0;2947;3048;1;0,2,3,4,5,32,42,44,45,54,67,70,71,72,73,74,75,76,77,78,79,80,81,82,87,105,112,113,114,115,116,117,118,119,120,121,132,140,153,155,186,196,230,271,272,286,327,378,379,380,381,382,383,384,385,388,390,392,393,395,396,402,436,444,660,661,777,914,919,1126,1135,1137,1190,1227,1228,1229,1230,1231,1232,1233,
539;1;3048;3078;1;0,2,3,4,5,32,42,44,45,54,67,70,71,72,73,74,75,76,77,78,79,80,81,82,87,105,112,113,114,115,116,117,118,119,120,121,132,140,153,155,186,196,230,271,272,286,327,378,379,380,381,382,383,384,385,388,390,392,393,395,396,402,436,444,660,661,777,914,919,1126,1135,1137,1190,1227,1228,1229,1230,1231,1232,1233,
659;0;3078;3230;1;0,2,3,4,5,32,42,44,45,54,67,70,71,72,73,74,75,76,77,78,79,80,81,82,87,105,112,113,114,115,116,117,118,119,120,121,132,140,153,155,186,196,230,271,272,286,327,378,379,380,381,382,383,384,385,388,390,392,393,395,396,402,436,444,660,661,777,914,919,1126,1135,1137,1190,1227,1228,1229,1230,1231,1232,1233,
659;1;3230;3274;1;0,2,3,4,5,32,42,44,45,54,67,70,71,72,73,74,75,76,77,78,79,80,81,82,87,105,112,113,114,115,116,117,118,119,120,121,132,140,153,155,186,196,230,271,272,286,327,378,379,380,381,382,383,384,385,388,390,392,393,395,396,402,436,444,660,661,777,914,919,1126,1135,1137,1190,1227,1228,1229,1230,1231,1232,1233,
108;0;3274;3318;0;0,2,3,4,5,32,42,44,45,54,67,70,71,72,73,74,75,76,77,78,79,80,81,82,87,105,112,113,114,115,116,117,118,119,120,121,132,140,153,155,186,196,230,271,272,286,327,378,379,380,381,382,383,384,385,388,390,392,393,395,396,402,436,444,660,661,777,914,919,1126,1135,1137,1190,1227,1228,1229,1230,1231,1232,1233,
108;1;3318;3395;0;0,2,3,4,5,32,42,44,45,54,67,70,71,72,73,74,75,76,77,78,79,80,81,82,87,105,112,113,114,115,116,117,118,119,120,121,132,140,153,155,186,196,230,271,272,286,327,378,379,380,381,382,383,384,385,388,390,392,393,395,396,402,436,444,660,661,777,914,919,1126,1135,1137,1190,1227,1228,1229,1230,1231,1232,1233,
393;0;3395;3434;0;0,2,3,4,5,32,42,44,45,54,67,70,71,72,73,74,75,76,77,78,79,80,81,82,87,105,112,113,114,115,116,117,118,119,120,121,132,140,153,155,186,196,230,271,272,286,327,378,379,380,381,382,383,384,385,388,390,392,393,395,396,402,436,444,660,661,777,914,919,1126,1135,1137,1190,1227,1228,1229,1230,1231,1232,1233,
393;1;3434;3464;0;0,2,3,4,5,32,42,44,45,54,67,70,71,72,73,74,75,76,77,78,79,80,81,82,87,105,112,113,114,115,116,117,118,119,120,121,132,140,153,155,186,196,230,271,272,286,327,378,379,380,381,382,383,384,385,388,390,392,393,395,396,402,436,444,660,661,777,914,919,1126,1135,1137,1190,1227,1228,1229,1230,1231,1232,1233,
214;0;3464;3478;1;0,2,3,4,32,42,45,63,67,70,71,72,74,78,105,115,132,140,153,155,186,196,230,235,271,272,286,327,378,379,380,381,382,383,384,385,388,390,392,393,396,402,403,436,444,605,686,687,688,689,690,691,692,693,694,695,696,697,777,914,935,961,1029,1030,1098,1099,1100,1101,1102,1103,1104,1105,1106,1126,1135,1137,1227,1228,1229,1230,
214;1;3478;3639;1;0,2,3,4,32,42,45,63,67,70,71,72,74,78,105,115,132,140,153,155,186,196,230,235,271,272,286,327,378,379,380,381,382,383,384,385,388,390,392,393,396,402,403,436,444,605,686,687,688,689,690,691,692,693,694,695,696,697,777,914,935,961,1029,1030,1098,1099,1100,1101,1102,1103,1104,1105,1106,1126,1135,1137,1227,1228,1229,1230,
316;0;3639;3643;1;0,2,3,4,32,42,45,63,67,70,71,72,74,78,105,115,132,140,153,155,186,196,230,235,271,272,286,327,378,379,380,381,382,383,384,385,388,390,392,393,396,402,403,436,444,605,686,687,688,689,690,691,692,693,694,695,696,697,777,914,935,961,1029,1030,1098,1099,1100,1101,1102,1103,1104,1105,1106,1126,1135,1137,1227,1228,1229,1230,
316;1;3643;3764;1;0,2,3,4,32,42,45,63,67,70,71,72,74,78,105,115,132,140,153,155,186,196,230,235,271,272,286,327,378,379,380,381,382,383,384,385,388,390,392,393,396,402,403,436,444,605,686,687,688,689,690,691,692,693,694,695,696,697,777,914,935,961,1029,1030,1098,1099,1100,1101,1102,1103,1104,1105,1106,1126,1135,1137,1227,1228,1229,1230,
324;0;3764;3893;1;0,2,3,4,32,42,45,63,67,70,71,72,74,78,105,115,132,140,153,155,186,196,230,235,271,272,286,327,378,379,380,381,382,383,384,385,388,390,392,393,396,402,403,436,444,605,686,687,688,689,690,691,692,693,694,695,696,697,777,914,935,961,1029,1030,1098,1099,1100,1101,1102,1103,1104,1105,1106,1126,1135,1137,1227,1228,1229,1230,
324;1;3893;3922;1;0,2,3,4,32,42,45,63,67,70,71,72,74,78,105,115,132,140,153,155,186,196,230,235,271,272,286,327,378,379,380,381,382,383,384,385,388,390,392,393,396,402,403,436,444,605,686,687,688,689,690,691,692,693,694,695,696,697,777,914,935,961,1029,1030,1098,1099,1100,1101,1102,1103,1104,1105,1106,1126,1135,1137,1227,1228,1229,1230,
371;0;3922;3940;1;0,2,3,4,32,42,45,63,67,70,71,72,74,78,105,115,132,140,153,155,186,196,230,235,271,272,286,327,378,379,380,381,382,383,384,385,388,390,392,393,396,402,403,436,444,605,686,687,688,689,690,691,692,693,694,695,696,697,777,914,935,961,1029,1030,1098,1099,1100,1101,1102,1103,1104,1105,1106,1126,1135,1137,1227,1228,1229,1230,
371;1;3940;4071;1;0,2,3,4,32,42,45,63,67,70,71,72,74,78,105,115,132,140,153,155,186,196,230,235,271,272,286,327,378,379,380,381,382,383,384,385,388,390,392,393,396,402,403,436,444,605,686,687,688,689,690,691,692,693,694,695,696,697,777,914,935,961,1029,1030,1098,1099,1100,1101,1102,1103,1104,1105,1106,1126,1135,1137,1227,1228,1229,1230,
331;0;4071;4189;1;0,2,3,4,32,42,45,63,67,70,71,72,74,78,105,115,132,140,153,155,186,196,230,235,271,272,286,327,378,379,380,381,382,383,384,385,388,390,392,393,396,402,403,436,444,605,686,687,688,689,690,691,692,693,694,695,696,697,777,914,935,961,1029,1030,1098,1099,1100,1101,1102,1103,1104,1105,1106,1126,1135,1137,1227,1228,1229,1230,
331;1;4189;4320;1;0,2,3,4,32,42,45,63,67,70,71,72,74,78,105,115,132,140,153,155,186,196,230,235,271,272,286,327,378,379,380,381,382,383,384,385,388,390,392,393,396,402,403,436,444,605,686,687,688,689,690,691,692,693,694,695,696,697,777,914,935,961,1029,1030,1098,1099,1100,1101,1102,1103,1104,1105,1106,1126,1135,1137,1227,1228,1229,1230,
248;0;4320;4395;0;0,2,3,4,32,42,45,63,67,70,71,72,74,78,105,115,132,140,153,155,186,196,230,235,271,272,286,327,378,379,380,381,382,383,384,385,388,390,392,393,396,402,403,436,444,605,686,687,688,689,690,691,692,693,694,695,696,697,777,914,935,961,1029,1030,1098,1099,1100,1101,1102,1103,1104,1105,1106,1126,1135,1137,1227,1228,1229,1230,
248;1;4395;4424;0;0,2,3,4,32,42,45,63,67,70,71,72,74,78,105,115,132,140,153,155,186,196,230,235,271,272,286,327,378,379,380,381,382,383,384,385,388,390,392,393,396,402,403,436,444,605,686,687,688,689,690,691,692,693,694,695,696,697,777,914,935,961,1029,1030,1098,1099,1100,1101,1102,1103,1104,1105,1106,1126,1135,1137,1227,1228,1229,1230,
581;0;4424;4459;1;0,2,3,4,32,42,45,63,67,70,71,72,74,78,105,115,132,140,153,155,186,196,230,235,271,272,286,327,378,379,380,381,382,383,384,385,388,390,392,393,396,402,403,436,444,605,686,687,688,689,690,691,692,693,694,695,696,697,777,914,935,961,1029,1030,1098,1099,1100,1101,1102,1103,1104,1105,1106,1126,1135,1137,1227,1228,1229,1230,
581;1;4459;4580;1;0,2,3,4,32,42,45,63,67,70,71,72,74,78,105,115,132,140,153,155,186,196,230,235,271,272,286,327,378,379,380,381,382,383,384,385,388,390,392,393,396,402,403,436,444,605,686,687,688,689,690,691,692,693,694,695,696,697,777,914,935,961,1029,1030,1098,1099,1100,1101,1102,1103,1104,1105,1106,1126,1135,1137,1227,1228,1229,1230,
549;0;4580;4756;1;0,2,3,4,32,42,45,63,67,70,71,72,74,78,105,115,132,140,153,155,186,196,230,235,271,272,286,327,378,379,380,381,382,383,384,385,388,390,392,393,396,402,403,436,444,605,686,687,688,689,690,691,692,693,694,695,696,697,777,914,935,961,1029,1030,1098,1099,1100,1101,1102,1103,1104,1105,1106,1126,1135,1137,1227,1228,1229,1230,
549;1;4756;4917;1;0,2,3,4,32,42,45,63,67,70,71,72,74,78,105,115,132,140,153,155,186,196,230,235,271,272,286,327,378,379,380,381,382,383,384,385,388,390,392,393,396,402,403,436,444,605,686,687,688,689,690,691,692,693,694,695,696,697,777,914,935,961,1029,1030,1098,1099,1100,1101,1102,1103,1104,1105,1106,1126,1135,1137,1227,1228,1229,1230,
566;0;4917;5008;1;0,2,3,4,32,42,45,63,67,70,71,72,74,78,105,115,132,140,153,155,186,196,230,235,271,272,286,327,378,379,380,381,382,383,384,385,388,390,392,393,396,402,403,436,444,605,686,687,688,689,690,691,692,693,694,695,696,697,777,914,935,961,1029,1030,1098,1099,1100,1101,1102,1103,1104,1105,1106,1126,1135,1137,1227,1228,1229,1230,
566;1;5008;5020;1;0,2,3,4,32,42,45,63,67,70,71,72,74,78,105,115,132,140,153,155,186,196,230,235,271,272,286,327,378,379,380,381,382,383,384,385,388,390,392,393,396,402,403,436,444,605,686,687,688,689,690,691,692,693,694,695,696,697,777,914,935,961,1029,1030,1098,1099,1100,1101,1102,1103,1104,1105,1106,1126,1135,1137,1227,1228,1229,1230,
686;0;5020;5152;1;0,2,32,42,48,70,71,72,78,94,105,115,132,140,150,153,155,186,196,197,225,229,233,235,245,246,247,249,327,358,382,383,384,388,393,402,423,424,425,436,438,439,444,730,731,732,733,734,735,736,737,738,739,740,741,742,743,744,745,746,747,777,864,865,866,867,868,869,870,871,872,873,914,961,1161,1162,1163,1164,1263,1264,
686;1;5152;5267;1;0,2,32,42,48,70,71,72,78,94,105,115,132,140,150,153,155,186,196,197,225,229,233,235,245,246,247,249,327,358,382,383,384,388,393,402,423,424,425,436,438,439,444,730,731,732,733,734,735,736,737,738,739,740,741,742,743,744,745,746,747,777,864,865,866,867,868,869,870,871,872,873,914,961,1161,1162,1163,1164,1263,1264,
296;0;5267;5333;1;0,2,32,42,48,70,71,72,78,94,105,115,132,140,150,153,155,186,196,197,225,229,233,235,245,246,247,249,327,358,382,383,384,388,393,402,423,424,425,436,438,439,444,730,731,732,733,734,735,736,737,738,739,740,741,742,743,744,745,746,747,777,864,865,866,867,868,869,870,871,872,873,914,961,1161,1162,1163,1164,1263,1264,
296;1;5333;5382;1;0,2,32,42,48,70,71,72,78,94,105,115,132,140,150,153,155,186,196,197,225,229,233,235,245,246,247,249,327,358,382,383,384,388,393,402,423,424,425,436,438,439,444,730,731,732,733,734,735,736,737,738,739,740,741,742,743,744,745,746,747,777,864,865,866,867,868,869,870,871,872,873,914,961,1161,1162,1163,1164,1263,1264,
25;0;5382;5466;0;0,2,32,42,48,70,71,72,78,94,105,115,132,140,150,153,155,186,196,197,225,229,233,235,245,246,247,249,327,358,382,383,384,388,393,402,423,424,425,436,438,439,444,730,731,732,733,734,735,736,737,738,739,740,741,742,743,744,745,746,747,777,864,865,866,867,868,869,870,871,872,873,914,961,1161,1162,1163,1164,1263,1264,
269;0;5466;5515;1;0,2,32,42,48,70,71,72,78,94,105,115,132,140,150,153,155,186,196,197,225,229,233,235,245,246,247,249,327,358,382,383,384,388,393,402,423,424,425,436,438,439,444,730,731,732,733,734,735,736,737,738,739,740,741,742,743,744,745,746,747,777,864,865,866,867,868,869,870,871,872,873,914,961,1161,1162,1163,1164,1263,1264,
269;1;5515;5539;1;0,2,32,42,48,70,71,72,78,94,105,115,132,140,150,153,155,186,196,197,225,229,233,235,245,246,247,249,327,358,382,383,384,388,393,402,423,424,425,436,438,439,444,730,731,732,733,734,735,736,737,738,739,740,741,742,743,744,745,746,747,777,864,865,866,867,868,869,870,871,872,873,914,961,1161,1162,1163,1164,1263,1264,
321;0;5539;5591;1;0,2,32,42,48,70,71,72,78,94,105,115,132,140,150,153,155,186,196,197,225,229,233,235,245,246,247,249,327,358,382,383,384,388,393,402,423,424,425,436,438,439,444,730,731,732,733,734,735,736,737,738,739,740,741,742,743,744,745,746,747,777,864,865,866,867,868,869,870,871,872,873,914,961,1161,1162,1163,1164,1263,1264,
321;1;5591;5716;1;0,2,32,42,48,70,71,72,78,94,105,115,132,140,150,153,155,186,196,197,225,229,233,235,245,246,247,249,327,358,382,383,384,388,393,402,423,424,425,436,438,439,444,730,731,732,733,734,735,736,737,738,739,740,741,742,743,744,745,746,747,777,864,865,866,867,868,869,870,871,872,873,914,961,1161,1162,1163,1164,1263,1264,
719;0;5716;5804;1;0,2,32,42,48,70,71,72,78,94,105,115,132,140,150,153,155,186,196,197,225,229,233,235,245,246,247,249,327,358,382,383,384,388,393,402,423,424,425,436,438,439,444,730,731,732,733,734,735,736,737,738,739,740,741,742,743,744,745,746,747,777,864,865,866,867,868,869,870,871,872,873,914,961,1161,1162,1163,1164,1263,1264,
719;1;5804;5941;1;0,2,32,42,48,70,71,72,78,94,105,115,132,140,150,153,155,186,196,197,225,229,233,235,245,246,247,249,327,358,382,383,384,388,393,402,423,424,425,436,438,439,444,730,731,732,733,734,735,736,737,738,739,740,741,742,743,744,745,746,747,777,864,865,866,867,868,869,870,871,872,873,914,961,1161,1162,1163,1164,1263,1264,
284;0;5941;5966;1;0,2,32,42,48,61,70,71,72,78,94,105,106,115,132,140,149,150,151,153,155,173,182,183,186,194,195,196,197,198,199,200,201,202,203,204,205,206,207,208,209,210,211,212,213,214,215,216,217,218,219,220,221,222,225,229,233,235,249,327,358,382,388,393,402,423,424,425,436,438,439,444,777,872,914,961,1161,1162,1163,1164,
284;1;5966;6146;1;0,2,32,42,48,61,70,71,72,78,94,105,106,115,132,140,149,150,151,153,155,173,182,183,186,194,195,196,197,198,199,200,201,202,203,204,205,206,207,208,209,210,211,212,213,214,215,216,217,218,219,220,221,222,225,229,233,235,249,327,358,382,388,393,402,423,424,425,436,438,439,444,777,872,914,961,1161,1162,1163,1164,
276;0;6146;6234;1;0,2,32,42,48,61,70,71,72,78,94,105,106,132,140,149,150,151,152,153,154,155,156,173,182,183,186,194,195,196,197,198,199,217,219,220,224,225,229,235,249,251,327,358,374,382,388,393,402,423,424,425,436,438,439,444,445,447,646,777,872,907,908,909,910,911,912,913,914,915,916,917,918,919,920,921,961,1161,1162,1163,
276;1;6234;6296;1;0,2,32,42,48,61,70,71,72,78,94,105,106,132,140,149,150,151,152,153,154,155,156,173,182,183,186,194,195,196,197,198,199,217,219,220,224,225,229,235,249,251,327,358,374,382,388,393,402,423,424,425,436,438,439,444,445,447,646,777,872,907,908,909,910,911,912,913,914,915,916,917,918,919,920,921,961,1161,1162,1163,
124;0;6296;6307;1;0,2,32,42,48,61,70,71,72,78,94,105,106,132,140,142,149,150,151,152,153,154,155,156,157,158,159,160,161,162,163,164,165,166,167,168,169,170,171,172,173,174,175,176,177,178,179,180,181,182,183,184,186,194,195,196,197,198,217,224,225,229,235,249,327,358,382,388,393,402,423,424,425,436,438,439,444,445,777,961,
124;1;6307;6321;1;0,2,32,42,48,61,70,71,72,78,94,105,106,132,140,142,149,150,151,152,153,154,155,156,157,158,159,160,161,162,163,164,165,166,167,168,169,170,171,172,173,174,175,176,177,178,179,180,181,182,183,184,186,194,195,196,197,198,217,224,225,229,235,249,327,358,382,388,393,402,423,424,425,436,438,439,444,445,777,961,
689;0;6321;6401;1;0,2,32,70,72,78,105,132,134,135,136,138,140,151,153,186,217,254,315,316,317,318,325,327,332,336,337,341,345,382,393,402,406,423,424,425,428,436,444,497,518,522,527,566,599,606,607,608,609,610,611,612,613,614,615,616,629,763,777,811,812,813,931,936,937,938,939,940,941,942,1453,1454,1455,1456,1457,1458,1459,1460,1461,1462,
689;1;6401;6557;1;0,2,32,70,72,78,105,132,134,135,136,138,140,151,153,186,217,254,315,316,317,318,325,327,332,336,337,341,345,382,393,402,406,423,424,425,428,436,444,497,518,522,527,566,599,606,607,608,609,610,611,612,613,614,615,616,629,763,777,811,812,813,931,936,937,938,939,940,941,942,1453,1454,1455,1456,1457,1458,1459,1460,1461,1462,
591;0;6557;6613;1;0,2,32,70,72,78,105,132,134,135,136,138,140,151,153,186,217,254,315,316,317,318,325,327,332,336,337,341,345,382,393,402,406,423,424,425,428,436,444,497,518,522,527,566,599,606,607,608,609,610,611,612,613,614,615,616,629,763,777,811,812,813,931,936,937,938,939,940,941,942,1453,1454,1455,1456,1457,1458,1459,1460,1461,1462,
591;1;6613;6779;1;0,2,32,70,72,78,105,132,134,135,136,138,140,151,153,186,217,254,315,316,317,318,325,327,332,336,337,341,345,382,393,402,406,423,424,425,428,436,444,497,518,522,527,566,599,606,607,608,609,610,611,612,613,614,615,616,629,763,777,811,812,813,931,936,937,938,939,940,941,942,1453,1454,1455,1456,1457,1458,1459,1460,1461,1462,
747;0;6779;6806;0;0,2,32,70,72,78,105,132,134,135,136,138,140,151,153,186,217,254,315,316,317,318,325,327,332,336,337,341,345,382,393,402,406,423,424,425,428,436,444,497,518,522,527,566,599,606,607,608,609,610,611,612,613,614,615,616,629,763,777,811,812,813,931,936,937,938,939,940,941,942,1453,1454,1455,1456,1457,1458,1459,1460,1461,1462,
247;0;6806;6855;0;0,2,32,70,72,78,105,132,134,135,136,138,140,151,153,186,217,254,315,316,317,318,325,327,332,336,337,341,345,382,393,402,406,423,424,425,428,436,444,497,518,522,527,566,599,606,607,608,609,610,611,612,613,614,615,616,629,763,777,811,812,813,931,936,937,938,939,940,941,942,1453,1454,1455,1456,1457,1458,1459,1460,1461,1462,
491;0;6855;6888;1;0,2,32,70,72,78,105,132,134,135,136,138,140,151,153,186,217,254,315,316,317,318,325,327,332,336,337,341,345,382,393,402,406,423,424,425,428,436,444,497,518,522,527,566,599,606,607,608,609,610,611,612,613,614,615,616,629,763,777,811,812,813,931,936,937,938,939,940,941,942,1453,1454,1455,1456,1457,1458,1459,1460,1461,1462,
491;1;6888;6964;1;0,2,32,70,72,78,105,132,134,135,136,138,140,151,153,186,217,254,315,316,317,318,325,327,332,336,337,341,345,382,393,402,406,423,424,425,428,436,444,497,518,522,527,566,599,606,607,608,609,610,611,612,613,614,615,616,629,763,777,811,812,813,931,936,937,938,939,940,941,942,1453,1454,1455,1456,1457,1458,1459,1460,1461,1462,
140;0;6964;6991;0;0,2,32,70,72,78,105,132,134,135,136,138,140,151,153,186,217,254,315,316,317,318,325,327,332,336,337,341,345,382,393,402,406,423,424,425,428,436,444,497,518,522,527,566,599,606,607,608,609,610,611,612,613,614,615,616,629,763,777,811,812,813,931,936,937,938,939,940,941,942,1453,1454,1455,1456,1457,1458,1459,1460,1461,1462,
704;0;6991;7025;1;0,2,32,70,72,78,105,132,134,135,136,138,140,151,153,186,217,254,315,316,317,318,325,327,332,336,337,341,345,382,393,402,406,423,424,425,428,436,444,497,518,522,527,566,599,606,607,608,609,610,611,612,613,614,615,616,629,763,777,811,812,813,931,936,937,938,939,940,941,942,1453,1454,1455,1456,1457,1458,1459,1460,1461,1462,
704;1;7025;7074;1;0,2,32,70,72,78,105,132,134,135,136,138,140,151,153,186,217,254,315,316,317,318,325,327,332,336,337,341,345,382,393,402,406,423,424,425,428,436,444,497,518,522,527,566,599,606,607,608,609,610,611,612,613,614,615,616,629,763,777,811,812,813,931,936,937,938,939,940,941,942,1453,1454,1455,1456,1457,1458,1459,1460,1461,1462,
216;0;7074;7238;1;0,2,32,70,72,78,105,132,134,135,136,138,140,151,153,186,217,254,315,316,317,318,325,327,332,336,337,341,345,382,393,402,406,423,424,425,428,436,444,497,518,522,527,566,599,606,607,608,609,610,611,612,613,614,615,616,629,763,777,811,812,813,931,936,937,938,939,940,941,942,1453,1454,1455,1456,1457,1458,1459,1460,1461,1462,
216;1;7238;7408;1;0,2,32,70,72,78,105,132,134,135,136,138,140,151,153,186,217,254,315,316,317,318,325,327,332,336,337,341,345,382,393,402,406,423,424,425,428,436,444,497,518,522,527,566,599,606,607,608,609,610,611,612,613,614,615,616,629,763,777,811,812,813,931,936,937,938,939,940,941,942,1453,1454,1455,1456,1457,1458,1459,1460,1461,1462,
594;0;7408;7440;1;0,2,32,70,72,78,105,132,134,135,136,138,140,151,153,186,217,254,315,316,317,318,325,327,332,336,337,341,345,382,393,402,406,423,424,425,428,436,444,497,518,522,527,566,599,606,607,608,609,610,611,612,613,614,615,616,629,763,777,811,812,813,931,936,937,938,939,940,941,942,1453,1454,1455,1456,1457,1458,1459,1460,1461,1462,
594;1;7440;7596;1;0,2,32,70,72,78,105,132,134,135,136,138,140,151,153,186,217,254,315,316,317,318,325,327,332,336,337,341,345,382,393,402,406,423,424,425,428,436,444,497,518,522,527,566,599,606,607,608,609,610,611,612,613,614,615,616,629,763,777,811,812,813,931,936,937,938,939,940,941,942,1453,1454,1455,1456,1457,1458,1459,1460,1461,1462,
259;0;7596;7734;1;0,2,32,70,72,78,105,132,134,135,136,138,140,151,153,186,217,254,315,316,317,318,325,327,332,336,337,341,345,382,393,402,406,423,424,425,428,436,444,497,518,522,527,566,599,606,607,608,609,610,611,612,613,614,615,616,629,763,777,811,812,813,931,936,937,938,939,940,941,942,1453,1454,1455,1456,1457,1458,1459,1460,1461,1462,
259;1;7734;7810;1;0,2,32,70,72,78,105,132,134,135,136,138,140,151,153,186,217,254,315,316,317,318,325,327,332,336,337,341,345,382,393,402,406,423,424,425,428,436,444,497,518,522,527,566,599,606,607,608,609,610,611,612,613,614,615,616,629,763,777,811,812,813,931,936,937,938,939,940,941,942,1453,1454,1455,1456,1457,1458,1459,1460,1461,1462,
111;0;7810;7839;1;0,2,32,70,72,78,105,132,134,135,136,138,140,151,153,186,217,254,315,316,317,318,325,327,332,336,337,341,345,382,393,402,406,423,424,425,428,436,444,497,518,522,527,566,599,606,607,608,609,610,611,612,613,614,615,616,629,763,777,811,812,813,931,936,937,938,939,940,941,942,1453,1454,1455,1456,1457,1458,1459,1460,1461,1462,
111;1;7839;7862;1;0,2,32,70,72,78,105,132,134,135,136,138,140,151,153,186,217,254,315,316,317,318,325,327,332,336,337,341,345,382,393,402,406,423,424,425,428,436,444,497,518,522,527,566,599,606,607,608,609,610,611,612,613,614,615,616,629,763,777,811,812,813,931,936,937,938,939,940,941,942,1453,1454,1455,1456,1457,1458,1459,1460,1461,1462,
218;0;7862;7892;0;0,1,2,5,32,70,129,132,134,135,136,138,140,151,153,254,259,315,316,317,318,327,336,337,343,369,370,382,393,402,405,406,407,408,409,410,411,412,413,428,436,444,448,468,477,482,497,504,505,506,507,508,509,510,511,512,513,518,606,607,608,609,610,611,612,613,614,615,616,777,899,922,923,924,925,926,927,928,929,930,
218;1;7892;7958;0;0,1,2,5,32,70,129,132,134,135,136,138,140,151,153,254,259,315,316,317,318,327,336,337,343,369,370,382,393,402,405,406,407,408,409,410,411,412,413,428,436,444,448,468,477,482,497,504,505,506,507,508,509,510,511,512,513,518,606,607,608,609,610,611,612,613,614,615,616,777,899,922,923,924,925,926,927,928,929,930,
679;0;7958;8107;1;0,1,2,5,32,70,129,132,134,135,136,138,140,151,153,254,259,315,316,317,318,327,336,337,343,369,370,382,393,402,405,406,407,408,409,410,411,412,413,428,436,444,448,468,477,482,497,504,505,506,507,508,509,510,511,512,513,518,606,607,608,609,610,611,612,613,614,615,616,777,899,922,923,924,925,926,927,928,929,930,
679;1;8107;8246;1;0,1,2,5,32,70,129,132,134,135,136,138,140,151,153,254,259,315,316,317,318,327,336,337,343,369,370,382,393,402,405,406,407,408,409,410,411,412,413,428,436,444,448,468,477,482,497,504,505,506,507,508,509,510,511,512,513,518,606,607,608,609,610,611,612,613,614,615,616,777,899,922,923,924,925,926,927,928,929,930,
149;0;8246;8398;1;0,1,2,5,32,70,129,132,134,135,136,138,140,151,153,254,259,315,316,317,318,327,336,337,343,369,370,382,393,402,405,406,407,408,409,410,411,412,413,428,436,444,448,468,477,482,497,504,505,506,507,508,509,510,511,512,513,518,606,607,608,609,610,611,612,613,614,615,616,777,899,922,923,924,925,926,927,928,929,930,
149;1;8398;8432;1;0,1,2,5,32,70,129,132,134,135,136,138,140,151,153,254,259,315,316,317,318,327,336,337,343,369,370,382,393,402,405,406,407,408,409,410,411,412,413,428,436,444,448,468,477,482,497,504,505,506,507,508,509,510,511,512,513,518,606,607,608,609,610,611,612,613,614,615,616,777,899,922,923,924,925,926,927,928,929,930,
270;0;8432;8466;0;0,1,2,5,32,70,129,132,134,135,136,138,140,151,153,254,259,315,316,317,318,327,336,337,343,369,370,382,393,402,405,406,407,408,409,410,411,412,413,428,436,444,448,468,477,482,497,504,505,506,507,508,509,510,511,512,513,518,606,607,608,609,610,611,612,613,614,615,616,777,899,922,923,924,925,926,927,928,929,930,
596;0;8466;8470;1;0,1,2,5,32,70,129,132,134,135,136,138,140,151,153,254,259,315,316,317,318,327,336,337,343,369,370,382,393,402,405,406,407,408,409,410,411,412,413,428,436,444,448,468,477,482,497,504,505,506,507,508,509,510,511,512,513,518,606,607,608,609,610,611,612,613,614,615,616,777,899,922,923,924,925,926,927,928,929,930,
596;1;8470;8536;1;0,1,2,5,32,70,129,132,134,135,136,138,140,151,153,254,259,315,316,317,318,327,336,337,343,369,370,382,393,402,405,406,407,408,409,410,411,412,413,428,436,444,448,468,477,482,497,504,505,506,507,508,509,510,511,512,513,518,606,607,608,609,610,611,612,613,614,615,616,777,899,922,923,924,925,926,927,928,929,930,
639;0;8536;8591;1;0,1,2,5,32,70,129,132,134,135,136,138,140,151,153,254,259,315,316,317,318,327,336,337,343,369,370,382,393,402,405,406,407,408,409,410,411,412,413,428,436,444,448,468,477,482,497,504,505,506,507,508,509,510,511,512,513,518,606,607,608,609,610,611,612,613,614,615,616,777,899,922,923,924,925,926,927,928,929,930,
639;1;8591;8700;1;0,1,2,5,32,70,129,132,134,135,136,138,140,151,153,254,259,315,316,317,318,327,336,337,343,369,370,382,393,402,405,406,407,408,409,410,411,412,413,428,436,444,448,468,477,482,497,504,505,506,507,508,509,510,511,512,513,518,606,607,608,609,610,611,612,613,614,615,616,777,899,922,923,924,925,926,927,928,929,930,
31;0;8700;8753;1;0,1,2,5,32,70,129,132,134,135,136,138,140,151,153,254,259,315,316,317,318,327,336,337,343,369,370,382,393,402,405,406,407,408,409,410,411,412,413,428,436,444,448,468,477,482,497,504,505,506,507,508,509,510,511,512,513,518,606,607,608,609,610,611,612,613,614,615,616,777,899,922,923,924,925,926,927,928,929,930,
31;1;8753;8825;1;0,1,2,5,32,70,129,132,134,135,136,138,140,151,153,254,259,315,316,317,318,327,336,337,343,369,370,382,393,402,405,406,407,408,409,410,411,412,413,428,436,444,448,468,477,482,497,504,505,506,507,508,509,510,511,512,513,518,606,607,608,609,610,611,612,613,614,615,616,777,899,922,923,924,925,926,927,928,929,930,
664;0;8825;8934;1;0,1,2,5,32,70,129,132,134,135,136,138,140,151,153,254,259,315,316,317,318,327,336,337,343,369,370,382,393,402,405,406,407,408,409,410,411,412,413,428,436,444,448,468,477,482,497,504,505,506,507,508,509,510,511,512,513,518,606,607,608,609,610,611,612,613,614,615,616,777,899,922,923,924,925,926,927,928,929,930,
664;1;8934;9000;1;0,1,2,5,32,70,129,132,134,135,136,138,140,151,153,254,259,315,316,317,318,327,336,337,343,369,370,382,393,402,405,406,407,408,409,410,411,412,413,428,436,444,448,468,477,482,497,504,505,506,507,508,509,510,511,512,513,518,606,607,608,609,610,611,612,613,614,615,616,777,899,922,923,924,925,926,927,928,929,930,
683;0;9000;9098;0;0,1,2,5,32,70,129,132,134,135,136,138,140,151,153,254,259,315,316,317,318,327,336,337,343,369,370,382,393,402,405,406,407,408,409,410,411,412,413,428,436,444,448,468,477,482,497,504,505,506,507,508,509,510,511,512,513,518,606,607,608,609,610,611,612,613,614,615,616,777,899,922,923,924,925,926,927,928,929,930,
683;1;9098;9219;0;0,1,2,5,32,70,129,132,134,135,136,138,140,151,153,254,259,315,316,317,318,327,336,337,343,369,370,382,393,402,405,406,407,408,409,410,411,412,413,428,436,444,448,468,477,482,497,504,505,506,507,508,509,510,511,512,513,518,606,607,608,609,610,611,612,613,614,615,616,777,899,922,923,924,925,926,927,928,929,930,
246;0;9219;9294;1;0,1,2,5,32,88,122,123,124,125,126,127,128,129,130,131,132,133,134,135,136,137,138,139,140,141,151,234,316,327,336,337,343,369,370,382,388,405,406,407,408,409,410,411,412,413,507,508,509,518,607,608,610,803,845,846,847,848,849,850,851,852,853,854,855,856,857,858,859,860,861,862,863,874,879,900,929,1031,1035,1503,
246;1;9294;9409;1;0,1,2,5,32,88,122,123,124,125,126,127,128,129,130,131,132,133,134,135,136,137,138,139,140,141,151,234,316,327,336,337,343,369,370,382,388,405,406,407,408,409,410,411,412,413,507,508,509,518,607,608,610,803,845,846,847,848,849,850,851,852,853,854,855,856,857,858,859,860,861,862,863,874,879,900,929,1031,1035,1503,
728;0;9409;9439;0;0,1,2,5,32,88,122,123,124,125,126,127,128,129,130,131,132,133,134,135,136,137,138,139,140,141,151,234,316,327,336,337,343,369,370,382,388,405,406,407,408,409,410,411,412,413,507,508,509,518,607,608,610,803,845,846,847,848,849,850,851,852,853,854,855,856,857,858,859,860,861,862,863,874,879,900,929,1031,1035,1503,
728;1;9439;9511;0;0,1,2,5,32,88,122,123,124,125,126,127,128,129,130,131,132,133,134,135,136,137,138,139,140,141,151,234,316,327,336,337,343,369,370,382,388,405,406,407,408,409,410,411,412,413,507,508,509,518,607,608,610,803,845,846,847,848,849,850,851,852,853,854,855,856,857,858,859,860,861,862,863,874,879,900,929,1031,1035,1503,
743;0;9511;9562;0;0,1,2,5,32,88,122,123,124,125,126,127,128,129,130,131,132,133,134,135,136,137,138,139,140,141,151,234,316,327,336,337,343,369,370,382,388,405,406,407,408,409,410,411,412,413,507,508,509,518,607,608,610,803,845,846,847,848,849,850,851,852,853,854,855,856,857,858,859,860,861,862,863,874,879,900,929,1031,1035,1503,
743;1;9562;9650;0;0,1,2,5,32,88,122,123,124,125,126,127,128,129,130,131,132,133,134,135,136,137,138,139,140,141,151,234,316,327,336,337,343,369,370,382,388,405,406,407,408,409,410,411,412,413,507,508,509,518,607,608,610,803,845,846,847,848,849,850,851,852,853,854,855,856,857,858,859,860,861,862,863,874,879,900,929,1031,1035,1503,
372;0;9650;9746;0;0,1,2,5,32,88,122,123,124,125,126,127,128,129,130,131,132,133,134,135,136,137,138,139,140,141,151,234,316,327,336,337,343,369,370,382,388,405,406,407,408,409,410,411,412,413,507,508,509,518,607,608,610,803,845,846,847,848,849,850,851,852,853,854,855,856,857,858,859,860,861,862,863,874,879,900,929,1031,1035,1503,
9;0;9746;9826;1;0,1,2,5,32,88,122,123,124,125,126,127,128,129,130,131,132,133,134,135,136,137,138,139,140,141,151,234,316,327,336,337,343,369,370,382,388,405,406,407,408,409,410,411,412,413,507,508,509,518,607,608,610,803,845,846,847,848,849,850,851,852,853,854,855,856,857,858,859,860,861,862,863,874,879,900,929,1031,1035,1503,
9;1;9826;9889;1;0,1,2,5,32,88,122,123,124,125,126,127,128,129,130,131,132,133,134,135,136,137,138,139,140,141,151,234,316,327,336,337,343,369,370,382,388,405,406,407,408,409,410,411,412,413,507,508,509,518,607,608,610,803,845,846,847,848,849,850,851,852,853,854,855,856,857,858,859,860,861,862,863,874,879,900,929,1031,1035,1503,
109;0;9889;9941;1;0,1,2,5,32,88,122,123,124,125,126,127,128,129,130,131,132,133,134,135,136,137,138,139,140,141,151,234,316,327,336,337,343,369,370,382,388,405,406,407,408,409,410,411,412,413,507,508,509,518,607,608,610,803,845,846,847,848,849,850,851,852,853,854,855,856,857,858,859,860,861,862,863,874,879,900,929,1031,1035,1503,
109;1;9941;10050;1;0,1,2,5,32,88,122,123,124,125,126,127,128,129,130,131,132,133,134,135,136,137,138,139,140,141,151,234,316,327,336,337,343,369,370,382,388,405,406,407,408,409,410,411,412,413,507,508,509,518,607,608,610,803,845,846,847,848,849,850,851,852,853,854,855,856,857,858,859,860,861,862,863,874,879,900,929,1031,1035,1503,
END
fineshedJobsCount: 733
switchs: 2023
switchsInstances: 54
unfineshedPriorityCount: 33
totalUnfineshed: 468
criticalMachineSwitchs: 281
criticalMachineTime: 10077
Final Solution: 18437
Time: 1735628
PTL: 497
MCMC: 496
Best Initial: 1770
Mean Initial: 1066.18
